2026-07-21 12:12:21 [INFO] [96m→ A pedir dados ao BaZe (276 CPEs)...[0m
2026-07-21 12:12:59 [INFO] 
2026-07-21 12:12:59 [INFO] [1m══════════════════════════════════════════════════════════════════════[0m
2026-07-21 12:12:59 [INFO] [1m  DETEÇÃO DE ANOMALIAS — 2026-07-18[0m
2026-07-21 12:12:59 [INFO] [1m══════════════════════════════════════════════════════════════════════[0m
2026-07-21 12:12:59 [INFO]   [2mTipo de dia:[0m  fim semana
2026-07-21 12:12:59 [INFO]   [2mFonte:[0m        BAZE
2026-07-21 12:12:59 [INFO]   [2mCPEs c/ dados:[0m 69
2026-07-21 12:12:59 [INFO]   [2mThreshold:[0m    |z| > 3.5 [2m(adaptativo a este tipo de dia)[0m
2026-07-21 12:12:59 [INFO] 
2026-07-21 12:13:24 [INFO]   [2mClusters estimados:[0m 21 [2m(cluster 0: 12, cluster 1: 9)[0m
2026-07-21 12:13:24 [INFO]   [2mSem cluster estimado:[0m 1 [2m(historico insuficiente)[0m
2026-07-21 12:13:24 [INFO] [96m→ A analisar 69 CPEs / 1656 pontos horários (retrospetiva)...[0m
2026-07-21 12:13:35 [INFO] [1m─── Resumo ─────────────────────────────────────[0m
2026-07-21 12:13:35 [INFO]   [92m● Normal[0m                1588 [2m( 95.9%)[0m
2026-07-21 12:13:35 [INFO]   [91m● Desvio (alta confiança)[0m    0 [2m(  0.0%)[0m
2026-07-21 12:13:35 [INFO]   [93m● Desvio (baixa confiança)[0m  68 [2m(  4.1%)[0m
2026-07-21 12:13:35 [INFO]   [2mTempo: 74.6s[0m
2026-07-21 12:13:35 [INFO] 
2026-07-21 12:13:35 [INFO] [1m[93m─── Desvios de BAIXA confiança (68) ──────────────[0m
2026-07-21 12:13:35 [INFO]   [2m(poucos dados históricos — verificar manualmente)[0m
2026-07-21 12:13:35 [INFO] 
2026-07-21 12:13:35 [INFO]   🔴 [91m[1mPT0002000068856872QG[0m  [2m[Cluster 1][0m
2026-07-21 12:13:35 [INFO]      consumiu MAIS que o habitual às 16h
2026-07-21 12:13:35 [INFO]      [2mReal:[0m 3.0 kWh   [2mHabitual:[0m 0.0 ± 0.3 kWh   [2mz:[0m +10.00   [2mdesvio:[0m +300000%   [2m(2 obs. fim_semana)[0m
2026-07-21 12:13:35 [INFO] 
2026-07-21 12:13:35 [INFO]   🔴 [91m[1mPT0002000077348081AG[0m  [2m[Cluster 0 (estimado)][0m
2026-07-21 12:13:35 [INFO]      consumiu MAIS que o habitual às 23h
2026-07-21 12:13:35 [INFO]      [2mReal:[0m 77.0 kWh   [2mHabitual:[0m 27.0 ± 2.7 kWh   [2mz:[0m +10.00⁺   [2mdesvio:[0m +185%   [2m(3 obs. fim_semana)[0m
2026-07-21 12:13:35 [INFO] 
2026-07-21 12:13:35 [INFO]   🔴 [91m[1mPT0002000078233981HJ[0m  [2m[Cluster 1][0m
2026-07-21 12:13:35 [INFO]      consumiu MAIS que o habitual às 08h
2026-07-21 12:13:35 [INFO]      [2mReal:[0m 11.0 kWh   [2mHabitual:[0m 1.5 ± 0.7 kWh   [2mz:[0m +10.00⁺   [2mdesvio:[0m +633%   [2m(2 obs. fim_semana)[0m
2026-07-21 12:13:35 [INFO] 
2026-07-21 12:13:35 [INFO]   🔴 [91m[1mPT0002000078233981HJ[0m  [2m[Cluster 1][0m
2026-07-21 12:13:35 [INFO]      consumiu MAIS que o habitual às 09h
2026-07-21 12:13:35 [INFO]      [2mReal:[0m 15.0 kWh   [2mHabitual:[0m 2.0 ± 0.3 kWh   [2mz:[0m +10.00⁺   [2mdesvio:[0m +650%   [2m(2 obs. fim_semana)[0m
2026-07-21 12:13:35 [INFO] 
2026-07-21 12:13:35 [INFO]   🔴 [91m[1mPT0002000078233981HJ[0m  [2m[Cluster 1][0m
2026-07-21 12:13:35 [INFO]      consumiu MAIS que o habitual às 10h
2026-07-21 12:13:35 [INFO]      [2mReal:[0m 14.0 kWh   [2mHabitual:[0m 2.0 ± 0.3 kWh   [2mz:[0m +10.00⁺   [2mdesvio:[0m +600%   [2m(2 obs. fim_semana)[0m
2026-07-21 12:13:35 [INFO] 
2026-07-21 12:13:35 [INFO]   🔴 [91m[1mPT0002000078233981HJ[0m  [2m[Cluster 1][0m
2026-07-21 12:13:35 [INFO]      consumiu MAIS que o habitual às 11h
2026-07-21 12:13:35 [INFO]      [2mReal:[0m 12.0 kWh   [2mHabitual:[0m 1.5 ± 0.7 kWh   [2mz:[0m +10.00⁺   [2mdesvio:[0m +700%   [2m(2 obs. fim_semana)[0m
2026-07-21 12:13:35 [INFO] 
2026-07-21 12:13:35 [INFO]   🔴 [91m[1mPT0002000078233981HJ[0m  [2m[Cluster 1][0m
2026-07-21 12:13:35 [INFO]      consumiu MAIS que o habitual às 13h
2026-07-21 12:13:35 [INFO]      [2mReal:[0m 7.0 kWh   [2mHabitual:[0m 2.0 ± 0.3 kWh   [2mz:[0m +10.00⁺   [2mdesvio:[0m +250%   [2m(2 obs. fim_semana)[0m
2026-07-21 12:13:35 [INFO] 
2026-07-21 12:13:35 [INFO]   🔴 [91m[1mPT0002000081344542CP[0m  [2m[Cluster 1][0m
2026-07-21 12:13:35 [INFO]      consumiu MAIS que o habitual às 14h
2026-07-21 12:13:35 [INFO]      [2mReal:[0m 6.0 kWh   [2mHabitual:[0m 3.0 ± 0.3 kWh   [2mz:[0m +10.00   [2mdesvio:[0m +100%   [2m(2 obs. fim_semana)[0m
2026-07-21 12:13:35 [INFO] 
2026-07-21 12:13:35 [INFO]   🔴 [91m[1mPT0002000109837807PE[0m  [2m[Cluster 1][0m
2026-07-21 12:13:35 [INFO]      consumiu MAIS que o habitual às 10h
2026-07-21 12:13:35 [INFO]      [2mReal:[0m 14.0 kWh   [2mHabitual:[0m 3.5 ± 0.7 kWh   [2mz:[0m +10.00⁺   [2mdesvio:[0m +300%   [2m(2 obs. fim_semana)[0m
2026-07-21 12:13:35 [INFO] 
2026-07-21 12:13:35 [INFO]   🔴 [91m[1mPT0002000203419117SJ[0m  [2m[sem cluster][0m
2026-07-21 12:13:35 [INFO]      consumiu MAIS que o habitual às 06h
2026-07-21 12:13:35 [INFO]      [2mReal:[0m 4.0 kWh   [2mHabitual:[0m 0.0 ± 0.3 kWh   [2mz:[0m +10.00⁺   [2mdesvio:[0m +400000%   [2m(2 obs. fim_semana)[0m
2026-07-21 12:13:35 [INFO] 
2026-07-21 12:13:35 [INFO]   🔴 [91m[1mPT0002000203886452WB[0m  [2m[Cluster 1 (estimado)][0m
2026-07-21 12:13:35 [INFO]      consumiu MAIS que o habitual às 01h
2026-07-21 12:13:35 [INFO]      [2mReal:[0m 20.0 kWh   [2mHabitual:[0m 0.0 ± 0.3 kWh   [2mz:[0m +10.00⁺   [2mdesvio:[0m +2000000%   [2m(2 obs. fim_semana)[0m
2026-07-21 12:13:35 [INFO] 
2026-07-21 12:13:35 [INFO]   🔴 [91m[1mPT0002000203886452WB[0m  [2m[Cluster 1 (estimado)][0m
2026-07-21 12:13:35 [INFO]      consumiu MAIS que o habitual às 03h
2026-07-21 12:13:35 [INFO]      [2mReal:[0m 20.0 kWh   [2mHabitual:[0m 0.0 ± 0.3 kWh   [2mz:[0m +10.00⁺   [2mdesvio:[0m +2000000%   [2m(2 obs. fim_semana)[0m
2026-07-21 12:13:35 [INFO] 
2026-07-21 12:13:35 [INFO]   🔴 [91m[1mPT0002000203886452WB[0m  [2m[Cluster 1 (estimado)][0m
2026-07-21 12:13:35 [INFO]      consumiu MAIS que o habitual às 05h
2026-07-21 12:13:35 [INFO]      [2mReal:[0m 20.0 kWh   [2mHabitual:[0m 0.0 ± 0.3 kWh   [2mz:[0m +10.00⁺   [2mdesvio:[0m +2000000%   [2m(2 obs. fim_semana)[0m
2026-07-21 12:13:35 [INFO] 
2026-07-21 12:13:35 [INFO]   🔴 [91m[1mPT0002000203886452WB[0m  [2m[Cluster 1 (estimado)][0m
2026-07-21 12:13:35 [INFO]      consumiu MAIS que o habitual às 07h
2026-07-21 12:13:35 [INFO]      [2mReal:[0m 20.0 kWh   [2mHabitual:[0m 0.0 ± 0.3 kWh   [2mz:[0m +10.00⁺   [2mdesvio:[0m +2000000%   [2m(2 obs. fim_semana)[0m
2026-07-21 12:13:35 [INFO] 
2026-07-21 12:13:35 [INFO]   🔴 [91m[1mPT0002000203886452WB[0m  [2m[Cluster 1 (estimado)][0m
2026-07-21 12:13:35 [INFO]      consumiu MAIS que o habitual às 08h
2026-07-21 12:13:35 [INFO]      [2mReal:[0m 20.0 kWh   [2mHabitual:[0m 0.0 ± 0.3 kWh   [2mz:[0m +10.00⁺   [2mdesvio:[0m +2000000%   [2m(2 obs. fim_semana)[0m
2026-07-21 12:13:35 [INFO] 
2026-07-21 12:13:35 [INFO]   🔵 [94m[1mPT0002000078140706BA[0m  [2m[Cluster 1 (estimado)][0m
2026-07-21 12:13:35 [INFO]      consumiu MENOS que o habitual às 07h
2026-07-21 12:13:35 [INFO]      [2mReal:[0m 5.0 kWh   [2mHabitual:[0m 56.0 ± 5.6 kWh   [2mz:[0m -9.11   [2mdesvio:[0m -91%   [2m(2 obs. fim_semana)[0m
2026-07-21 12:13:35 [INFO] 
2026-07-21 12:13:35 [INFO]   🔴 [91m[1mPT0002000077348081AG[0m  [2m[Cluster 0 (estimado)][0m
2026-07-21 12:13:35 [INFO]      consumiu MAIS que o habitual às 10h
2026-07-21 12:13:35 [INFO]      [2mReal:[0m 299.0 kWh   [2mHabitual:[0m 159.5 ± 15.9 kWh   [2mz:[0m +8.75   [2mdesvio:[0m +87%   [2m(2 obs. fim_semana)[0m
2026-07-21 12:13:35 [INFO] 
2026-07-21 12:13:35 [INFO]   🔴 [91m[1mPT0002000077348081AG[0m  [2m[Cluster 0 (estimado)][0m
2026-07-21 12:13:35 [INFO]      consumiu MAIS que o habitual às 22h
2026-07-21 12:13:35 [INFO]      [2mReal:[0m 214.0 kWh   [2mHabitual:[0m 42.7 ± 23.9 kWh   [2mz:[0m +7.18   [2mdesvio:[0m +402%   [2m(3 obs. fim_semana)[0m
2026-07-21 12:13:35 [INFO] 
2026-07-21 12:13:35 [INFO]   🔴 [91m[1mPT0002000078294957RQ[0m  [2m[Cluster 0][0m
2026-07-21 12:13:35 [INFO]      consumiu MAIS que o habitual às 23h
2026-07-21 12:13:35 [INFO]      [2mReal:[0m 12.0 kWh   [2mHabitual:[0m 7.0 ± 0.7 kWh   [2mz:[0m +7.14   [2mdesvio:[0m +71%   [2m(3 obs. fim_semana)[0m
2026-07-21 12:13:35 [INFO] 
2026-07-21 12:13:35 [INFO]   🔴 [91m[1mPT0002000079469719HF[0m  [2m[Cluster 1 (estimado)][0m
2026-07-21 12:13:35 [INFO]      consumiu MAIS que o habitual às 12h
2026-07-21 12:13:35 [INFO]      [2mReal:[0m 130.0 kWh   [2mHabitual:[0m 76.5 ± 7.7 kWh   [2mz:[0m +6.99   [2mdesvio:[0m +70%   [2m(2 obs. fim_semana)[0m
2026-07-21 12:13:35 [INFO] 
2026-07-21 12:13:35 [INFO]   🔴 [91m[1mPT0002000068856872QG[0m  [2m[Cluster 1][0m
2026-07-21 12:13:35 [INFO]      consumiu MAIS que o habitual às 03h
2026-07-21 12:13:35 [INFO]      [2mReal:[0m 2.0 kWh   [2mHabitual:[0m 0.0 ± 0.3 kWh   [2mz:[0m +6.67   [2mdesvio:[0m +200000%   [2m(2 obs. fim_semana)[0m
2026-07-21 12:13:35 [INFO] 
2026-07-21 12:13:35 [INFO]   🔴 [91m[1mPT0002000123648159KR[0m  [2m[Cluster 0][0m
2026-07-21 12:13:35 [INFO]      consumiu MAIS que o habitual às 05h
2026-07-21 12:13:35 [INFO]      [2mReal:[0m 4.0 kWh   [2mHabitual:[0m 2.0 ± 0.3 kWh   [2mz:[0m +6.67   [2mdesvio:[0m +100%   [2m(2 obs. fim_semana)[0m
2026-07-21 12:13:35 [INFO] 
2026-07-21 12:13:35 [INFO]   🔴 [91m[1mPT0002000078294957RQ[0m  [2m[Cluster 0][0m
2026-07-21 12:13:35 [INFO]      consumiu MAIS que o habitual às 20h
2026-07-21 12:13:35 [INFO]      [2mReal:[0m 10.0 kWh   [2mHabitual:[0m 5.5 ± 0.7 kWh   [2mz:[0m +6.36   [2mdesvio:[0m +82%   [2m(2 obs. fim_semana)[0m
2026-07-21 12:13:35 [INFO] 
2026-07-21 12:13:35 [INFO]   🔴 [91m[1mPT0002000109837807PE[0m  [2m[Cluster 1][0m
2026-07-21 12:13:35 [INFO]      consumiu MAIS que o habitual às 11h
2026-07-21 12:13:35 [INFO]      [2mReal:[0m 8.0 kWh   [2mHabitual:[0m 3.5 ± 0.7 kWh   [2mz:[0m +6.36   [2mdesvio:[0m +129%   [2m(2 obs. fim_semana)[0m
2026-07-21 12:13:35 [INFO] 
2026-07-21 12:13:35 [INFO]   🔴 [91m[1mPT0002000203886452WB[0m  [2m[Cluster 1 (estimado)][0m
2026-07-21 12:13:35 [INFO]      consumiu MAIS que o habitual às 02h
2026-07-21 12:13:35 [INFO]      [2mReal:[0m 20.0 kWh   [2mHabitual:[0m 2.0 ± 2.8 kWh   [2mz:[0m +6.36   [2mdesvio:[0m +900%   [2m(2 obs. fim_semana)[0m
2026-07-21 12:13:35 [INFO] 
2026-07-21 12:13:35 [INFO]   🔴 [91m[1mPT0002000203886452WB[0m  [2m[Cluster 1 (estimado)][0m
2026-07-21 12:13:35 [INFO]      consumiu MAIS que o habitual às 04h
2026-07-21 12:13:35 [INFO]      [2mReal:[0m 20.0 kWh   [2mHabitual:[0m 2.0 ± 2.8 kWh   [2mz:[0m +6.36   [2mdesvio:[0m +900%   [2m(2 obs. fim_semana)[0m
2026-07-21 12:13:35 [INFO] 
2026-07-21 12:13:35 [INFO]   🔴 [91m[1mPT0002000203886452WB[0m  [2m[Cluster 1 (estimado)][0m
2026-07-21 12:13:35 [INFO]      consumiu MAIS que o habitual às 06h
2026-07-21 12:13:35 [INFO]      [2mReal:[0m 20.0 kWh   [2mHabitual:[0m 2.0 ± 2.8 kWh   [2mz:[0m +6.36   [2mdesvio:[0m +900%   [2m(2 obs. fim_semana)[0m
2026-07-21 12:13:35 [INFO] 
2026-07-21 12:13:35 [INFO]   🔴 [91m[1mPT0002000203886452WB[0m  [2m[Cluster 1 (estimado)][0m
2026-07-21 12:13:35 [INFO]      consumiu MAIS que o habitual às 09h
2026-07-21 12:13:35 [INFO]      [2mReal:[0m 20.0 kWh   [2mHabitual:[0m 2.0 ± 2.8 kWh   [2mz:[0m +6.36   [2mdesvio:[0m +900%   [2m(2 obs. fim_semana)[0m
2026-07-21 12:13:35 [INFO] 
2026-07-21 12:13:35 [INFO]   🔴 [91m[1mPT0002000077348081AG[0m  [2m[Cluster 0 (estimado)][0m
2026-07-21 12:13:35 [INFO]      consumiu MAIS que o habitual às 21h
2026-07-21 12:13:35 [INFO]      [2mReal:[0m 242.0 kWh   [2mHabitual:[0m 62.3 ± 31.0 kWh   [2mz:[0m +5.80   [2mdesvio:[0m +288%   [2m(3 obs. fim_semana)[0m
2026-07-21 12:13:35 [INFO] 
2026-07-21 12:13:35 [INFO]   🔵 [94m[1mPT0002000116530964LH[0m  [2m[Cluster 0 (estimado)][0m
2026-07-21 12:13:35 [INFO]      consumiu MENOS que o habitual às 11h
2026-07-21 12:13:35 [INFO]      [2mReal:[0m 88.0 kWh   [2mHabitual:[0m 202.0 ± 20.2 kWh   [2mz:[0m -5.64   [2mdesvio:[0m -56%   [2m(2 obs. fim_semana)[0m
2026-07-21 12:13:35 [INFO] 
2026-07-21 12:13:35 [INFO]   🔴 [91m[1mPT0002000068859393XH[0m  [2m[Cluster 1][0m
2026-07-21 12:13:35 [INFO]      consumiu MAIS que o habitual às 12h
2026-07-21 12:13:35 [INFO]      [2mReal:[0m 179.0 kWh   [2mHabitual:[0m 116.5 ± 11.7 kWh   [2mz:[0m +5.36   [2mdesvio:[0m +54%   [2m(2 obs. fim_semana)[0m
2026-07-21 12:13:35 [INFO] 
2026-07-21 12:13:35 [INFO]   🔵 [94m[1mPT0002000073720434JD[0m  [2m[Cluster 1 (estimado)][0m
2026-07-21 12:13:35 [INFO]      consumiu MENOS que o habitual às 14h
2026-07-21 12:13:35 [INFO]      [2mReal:[0m 25.0 kWh   [2mHabitual:[0m 78.0 ± 9.9 kWh   [2mz:[0m -5.35   [2mdesvio:[0m -68%   [2m(2 obs. fim_semana)[0m
2026-07-21 12:13:35 [INFO] 
2026-07-21 12:13:35 [INFO]   🔵 [94m[1mPT0002000116530964LH[0m  [2m[Cluster 0 (estimado)][0m
2026-07-21 12:13:35 [INFO]      consumiu MENOS que o habitual às 10h
2026-07-21 12:13:35 [INFO]      [2mReal:[0m 90.0 kWh   [2mHabitual:[0m 191.5 ± 19.1 kWh   [2mz:[0m -5.30   [2mdesvio:[0m -53%   [2m(2 obs. fim_semana)[0m
2026-07-21 12:13:35 [INFO] 
2026-07-21 12:13:35 [INFO]   🔵 [94m[1mPT0002000116530964LH[0m  [2m[Cluster 0 (estimado)][0m
2026-07-21 12:13:35 [INFO]      consumiu MENOS que o habitual às 12h
2026-07-21 12:13:35 [INFO]      [2mReal:[0m 89.0 kWh   [2mHabitual:[0m 188.5 ± 18.9 kWh   [2mz:[0m -5.28   [2mdesvio:[0m -53%   [2m(2 obs. fim_semana)[0m
2026-07-21 12:13:35 [INFO] 
2026-07-21 12:13:35 [INFO]   🔵 [94m[1mPT0002000116530964LH[0m  [2m[Cluster 0 (estimado)][0m
2026-07-21 12:13:35 [INFO]      consumiu MENOS que o habitual às 16h
2026-07-21 12:13:35 [INFO]      [2mReal:[0m 84.0 kWh   [2mHabitual:[0m 177.5 ± 17.8 kWh   [2mz:[0m -5.27   [2mdesvio:[0m -53%   [2m(2 obs. fim_semana)[0m
2026-07-21 12:13:35 [INFO] 
2026-07-21 12:13:35 [INFO]   🔴 [91m[1mPT0002000068859325FL[0m  [2m[Cluster 1][0m
2026-07-21 12:13:35 [INFO]      consumiu MAIS que o habitual às 07h
2026-07-21 12:13:35 [INFO]      [2mReal:[0m 160.0 kWh   [2mHabitual:[0m 106.0 ± 10.6 kWh   [2mz:[0m +5.09   [2mdesvio:[0m +51%   [2m(2 obs. fim_semana)[0m
2026-07-21 12:13:35 [INFO] 
2026-07-21 12:13:35 [INFO]   🔵 [94m[1mPT0002000116530964LH[0m  [2m[Cluster 0 (estimado)][0m
2026-07-21 12:13:35 [INFO]      consumiu MENOS que o habitual às 14h
2026-07-21 12:13:35 [INFO]      [2mReal:[0m 85.0 kWh   [2mHabitual:[0m 171.0 ± 17.1 kWh   [2mz:[0m -5.03   [2mdesvio:[0m -50%   [2m(2 obs. fim_semana)[0m
2026-07-21 12:13:35 [INFO] 
2026-07-21 12:13:35 [INFO]   🔵 [94m[1mPT0002000116530964LH[0m  [2m[Cluster 0 (estimado)][0m
2026-07-21 12:13:35 [INFO]      consumiu MENOS que o habitual às 09h
2026-07-21 12:13:35 [INFO]      [2mReal:[0m 89.0 kWh   [2mHabitual:[0m 174.0 ± 17.4 kWh   [2mz:[0m -4.89   [2mdesvio:[0m -49%   [2m(2 obs. fim_semana)[0m
2026-07-21 12:13:35 [INFO] 
2026-07-21 12:13:35 [INFO]   🔵 [94m[1mPT0002000116530964LH[0m  [2m[Cluster 0 (estimado)][0m
2026-07-21 12:13:35 [INFO]      consumiu MENOS que o habitual às 15h
2026-07-21 12:13:35 [INFO]      [2mReal:[0m 87.0 kWh   [2mHabitual:[0m 170.0 ± 17.0 kWh   [2mz:[0m -4.88   [2mdesvio:[0m -49%   [2m(2 obs. fim_semana)[0m
2026-07-21 12:13:35 [INFO] 
2026-07-21 12:13:35 [INFO]   🔵 [94m[1mPT0002000068856826ZG[0m  [2m[Cluster 0 (estimado)][0m
2026-07-21 12:13:35 [INFO]      consumiu MENOS que o habitual às 11h
2026-07-21 12:13:35 [INFO]      [2mReal:[0m 184.0 kWh   [2mHabitual:[0m 354.0 ± 35.4 kWh   [2mz:[0m -4.80   [2mdesvio:[0m -48%   [2m(2 obs. fim_semana)[0m
2026-07-21 12:13:35 [INFO] 
2026-07-21 12:13:35 [INFO]   🔵 [94m[1mPT0002000068856826ZG[0m  [2m[Cluster 0 (estimado)][0m
2026-07-21 12:13:35 [INFO]      consumiu MENOS que o habitual às 12h
2026-07-21 12:13:35 [INFO]      [2mReal:[0m 215.0 kWh   [2mHabitual:[0m 399.5 ± 40.0 kWh   [2mz:[0m -4.62   [2mdesvio:[0m -46%   [2m(2 obs. fim_semana)[0m
2026-07-21 12:13:35 [INFO] 
2026-07-21 12:13:35 [INFO]   🔵 [94m[1mPT0002000116530964LH[0m  [2m[Cluster 0 (estimado)][0m
2026-07-21 12:13:35 [INFO]      consumiu MENOS que o habitual às 13h
2026-07-21 12:13:35 [INFO]      [2mReal:[0m 89.0 kWh   [2mHabitual:[0m 164.0 ± 16.4 kWh   [2mz:[0m -4.57   [2mdesvio:[0m -46%   [2m(2 obs. fim_semana)[0m
2026-07-21 12:13:35 [INFO] 
2026-07-21 12:13:35 [INFO]   🔵 [94m[1mPT0002000203886452WB[0m  [2m[Cluster 1 (estimado)][0m
2026-07-21 12:13:35 [INFO]      consumiu MENOS que o habitual às 14h
2026-07-21 12:13:35 [INFO]      [2mReal:[0m 36.0 kWh   [2mHabitual:[0m 64.0 ± 6.4 kWh   [2mz:[0m -4.38   [2mdesvio:[0m -44%   [2m(2 obs. fim_semana)[0m
2026-07-21 12:13:35 [INFO] 
2026-07-21 12:13:35 [INFO]   🔵 [94m[1mPT0002000068855003AK[0m  [2m[Cluster 0 (estimado)][0m
2026-07-21 12:13:35 [INFO]      consumiu MENOS que o habitual às 10h
2026-07-21 12:13:35 [INFO]      [2mReal:[0m 13.0 kWh   [2mHabitual:[0m 23.0 ± 2.3 kWh   [2mz:[0m -4.35   [2mdesvio:[0m -43%   [2m(2 obs. fim_semana)[0m
2026-07-21 12:13:35 [INFO] 
2026-07-21 12:13:35 [INFO]   🔵 [94m[1mPT0002000116530964LH[0m  [2m[Cluster 0 (estimado)][0m
2026-07-21 12:13:35 [INFO]      consumiu MENOS que o habitual às 17h
2026-07-21 12:13:35 [INFO]      [2mReal:[0m 82.0 kWh   [2mHabitual:[0m 168.0 ± 19.8 kWh   [2mz:[0m -4.34   [2mdesvio:[0m -51%   [2m(2 obs. fim_semana)[0m
2026-07-21 12:13:35 [INFO] 
2026-07-21 12:13:35 [INFO]   🔵 [94m[1mPT0002000068855003AK[0m  [2m[Cluster 0 (estimado)][0m
2026-07-21 12:13:35 [INFO]      consumiu MENOS que o habitual às 09h
2026-07-21 12:13:35 [INFO]      [2mReal:[0m 10.0 kWh   [2mHabitual:[0m 17.5 ± 1.8 kWh   [2mz:[0m -4.29   [2mdesvio:[0m -43%   [2m(2 obs. fim_semana)[0m
2026-07-21 12:13:35 [INFO] 
2026-07-21 12:13:35 [INFO]   🔵 [94m[1mPT0002000068856826ZG[0m  [2m[Cluster 0 (estimado)][0m
2026-07-21 12:13:35 [INFO]      consumiu MENOS que o habitual às 10h
2026-07-21 12:13:35 [INFO]      [2mReal:[0m 258.0 kWh   [2mHabitual:[0m 451.5 ± 45.1 kWh   [2mz:[0m -4.29   [2mdesvio:[0m -43%   [2m(2 obs. fim_semana)[0m
2026-07-21 12:13:35 [INFO] 
2026-07-21 12:13:35 [INFO]   🔵 [94m[1mPT0002000068855003AK[0m  [2m[Cluster 0 (estimado)][0m
2026-07-21 12:13:35 [INFO]      consumiu MENOS que o habitual às 11h
2026-07-21 12:13:35 [INFO]      [2mReal:[0m 17.0 kWh   [2mHabitual:[0m 29.5 ± 3.0 kWh   [2mz:[0m -4.24   [2mdesvio:[0m -42%   [2m(2 obs. fim_semana)[0m
2026-07-21 12:13:35 [INFO] 
2026-07-21 12:13:35 [INFO]   🔴 [91m[1mPT0002000116530964LH[0m  [2m[Cluster 0 (estimado)][0m
2026-07-21 12:13:35 [INFO]      consumiu MAIS que o habitual às 00h
2026-07-21 12:13:35 [INFO]      [2mReal:[0m 125.0 kWh   [2mHabitual:[0m 88.0 ± 8.8 kWh   [2mz:[0m +4.20   [2mdesvio:[0m +42%   [2m(2 obs. fim_semana)[0m
2026-07-21 12:13:35 [INFO] 
2026-07-21 12:13:35 [INFO]   🔵 [94m[1mPT0002000068855003AK[0m  [2m[Cluster 0 (estimado)][0m
2026-07-21 12:13:35 [INFO]      consumiu MENOS que o habitual às 08h
2026-07-21 12:13:35 [INFO]      [2mReal:[0m 9.0 kWh   [2mHabitual:[0m 15.5 ± 1.6 kWh   [2mz:[0m -4.19   [2mdesvio:[0m -42%   [2m(2 obs. fim_semana)[0m
2026-07-21 12:13:35 [INFO] 
2026-07-21 12:13:35 [INFO]   🔵 [94m[1mPT0002000115031201VQ[0m  [2m[Cluster 0][0m
2026-07-21 12:13:35 [INFO]      consumiu MENOS que o habitual às 01h
2026-07-21 12:13:35 [INFO]      [2mReal:[0m 3.0 kWh   [2mHabitual:[0m 5.0 ± 0.5 kWh   [2mz:[0m -4.00   [2mdesvio:[0m -40%   [2m(2 obs. fim_semana)[0m
2026-07-21 12:13:35 [INFO] 
2026-07-21 12:13:35 [INFO]   🔴 [91m[1mPT0002000077348081AG[0m  [2m[Cluster 0 (estimado)][0m
2026-07-21 12:13:35 [INFO]      consumiu MAIS que o habitual às 08h
2026-07-21 12:13:35 [INFO]      [2mReal:[0m 135.0 kWh   [2mHabitual:[0m 81.5 ± 13.4 kWh   [2mz:[0m +3.98   [2mdesvio:[0m +66%   [2m(2 obs. fim_semana)[0m
2026-07-21 12:13:35 [INFO] 
2026-07-21 12:13:35 [INFO]   🔵 [94m[1mPT0002000203886452WB[0m  [2m[Cluster 1 (estimado)][0m
2026-07-21 12:13:35 [INFO]      consumiu MENOS que o habitual às 17h
2026-07-21 12:13:35 [INFO]      [2mReal:[0m 40.0 kWh   [2mHabitual:[0m 66.0 ± 6.6 kWh   [2mz:[0m -3.94   [2mdesvio:[0m -39%   [2m(2 obs. fim_semana)[0m
2026-07-21 12:13:35 [INFO] 
2026-07-21 12:13:35 [INFO]   🔵 [94m[1mPT0002000114613364CC[0m  [2m[Cluster 0 (estimado)][0m
2026-07-21 12:13:35 [INFO]      consumiu MENOS que o habitual às 15h
2026-07-21 12:13:35 [INFO]      [2mReal:[0m 119.0 kWh   [2mHabitual:[0m 192.5 ± 19.2 kWh   [2mz:[0m -3.82   [2mdesvio:[0m -38%   [2m(2 obs. fim_semana)[0m
2026-07-21 12:13:35 [INFO] 
2026-07-21 12:13:35 [INFO]   🔵 [94m[1mPT0002000116530964LH[0m  [2m[Cluster 0 (estimado)][0m
2026-07-21 12:13:35 [INFO]      consumiu MENOS que o habitual às 08h
2026-07-21 12:13:35 [INFO]      [2mReal:[0m 91.0 kWh   [2mHabitual:[0m 147.0 ± 14.7 kWh   [2mz:[0m -3.81   [2mdesvio:[0m -38%   [2m(2 obs. fim_semana)[0m
2026-07-21 12:13:35 [INFO] 
2026-07-21 12:13:35 [INFO]   🔵 [94m[1mPT0002000116530964LH[0m  [2m[Cluster 0 (estimado)][0m
2026-07-21 12:13:35 [INFO]      consumiu MENOS que o habitual às 18h
2026-07-21 12:13:35 [INFO]      [2mReal:[0m 81.0 kWh   [2mHabitual:[0m 166.0 ± 22.6 kWh   [2mz:[0m -3.76   [2mdesvio:[0m -51%   [2m(2 obs. fim_semana)[0m
2026-07-21 12:13:35 [INFO] 
2026-07-21 12:13:35 [INFO]   🔴 [91m[1mPT0002000068856974CZ[0m  [2m[Cluster 0 (estimado)][0m
2026-07-21 12:13:35 [INFO]      consumiu MAIS que o habitual às 23h
2026-07-21 12:13:35 [INFO]      [2mReal:[0m 14.0 kWh   [2mHabitual:[0m 9.7 ± 1.1 kWh   [2mz:[0m +3.75   [2mdesvio:[0m +45%   [2m(3 obs. fim_semana)[0m
2026-07-21 12:13:35 [INFO] 
2026-07-21 12:13:35 [INFO]   🔵 [94m[1mPT0002000068855003AK[0m  [2m[Cluster 0 (estimado)][0m
2026-07-21 12:13:35 [INFO]      consumiu MENOS que o habitual às 15h
2026-07-21 12:13:35 [INFO]      [2mReal:[0m 26.0 kWh   [2mHabitual:[0m 44.5 ± 5.0 kWh   [2mz:[0m -3.74   [2mdesvio:[0m -42%   [2m(2 obs. fim_semana)[0m
2026-07-21 12:13:35 [INFO] 
2026-07-21 12:13:35 [INFO]   🔵 [94m[1mPT0002000114613364CC[0m  [2m[Cluster 0 (estimado)][0m
2026-07-21 12:13:35 [INFO]      consumiu MENOS que o habitual às 14h
2026-07-21 12:13:35 [INFO]      [2mReal:[0m 118.0 kWh   [2mHabitual:[0m 188.5 ± 18.9 kWh   [2mz:[0m -3.74   [2mdesvio:[0m -37%   [2m(2 obs. fim_semana)[0m
2026-07-21 12:13:35 [INFO] 
2026-07-21 12:13:35 [INFO]   🔵 [94m[1mPT0002000114685657JR[0m  [2m[Cluster 0][0m
2026-07-21 12:13:35 [INFO]      consumiu MENOS que o habitual às 16h
2026-07-21 12:13:35 [INFO]      [2mReal:[0m 160.0 kWh   [2mHabitual:[0m 257.5 ± 26.2 kWh   [2mz:[0m -3.73   [2mdesvio:[0m -38%   [2m(2 obs. fim_semana)[0m
2026-07-21 12:13:35 [INFO] 
2026-07-21 12:13:35 [INFO]   🔴 [91m[1mPT0002000077348081AG[0m  [2m[Cluster 0 (estimado)][0m
2026-07-21 12:13:35 [INFO]      consumiu MAIS que o habitual às 07h
2026-07-21 12:13:35 [INFO]      [2mReal:[0m 48.0 kWh   [2mHabitual:[0m 27.0 ± 5.7 kWh   [2mz:[0m +3.71   [2mdesvio:[0m +78%   [2m(2 obs. fim_semana)[0m
2026-07-21 12:13:35 [INFO] 
2026-07-21 12:13:35 [INFO]   🔵 [94m[1mPT0002000068856974CZ[0m  [2m[Cluster 0 (estimado)][0m
2026-07-21 12:13:35 [INFO]      consumiu MENOS que o habitual às 07h
2026-07-21 12:13:35 [INFO]      [2mReal:[0m 9.0 kWh   [2mHabitual:[0m 14.0 ± 1.4 kWh   [2mz:[0m -3.57   [2mdesvio:[0m -36%   [2m(2 obs. fim_semana)[0m
2026-07-21 12:13:35 [INFO] 
2026-07-21 12:13:35 [INFO]   🔵 [94m[1mPT0002000114685657JR[0m  [2m[Cluster 0][0m
2026-07-21 12:13:35 [INFO]      consumiu MENOS que o habitual às 14h
2026-07-21 12:13:35 [INFO]      [2mReal:[0m 163.0 kWh   [2mHabitual:[0m 253.5 ± 25.4 kWh   [2mz:[0m -3.57   [2mdesvio:[0m -36%   [2m(2 obs. fim_semana)[0m
2026-07-21 12:13:35 [INFO] 
2026-07-21 12:13:35 [INFO]   🔴 [91m[1mPT0002000068856872QG[0m  [2m[Cluster 1][0m
2026-07-21 12:13:35 [INFO]      consumiu MAIS que o habitual às 10h
2026-07-21 12:13:35 [INFO]      [2mReal:[0m 3.0 kWh   [2mHabitual:[0m 0.5 ± 0.7 kWh   [2mz:[0m +3.54   [2mdesvio:[0m +500%   [2m(2 obs. fim_semana)[0m
2026-07-21 12:13:35 [INFO] 
2026-07-21 12:13:35 [INFO]   🔴 [91m[1mPT0002000078233981HJ[0m  [2m[Cluster 1][0m
2026-07-21 12:13:35 [INFO]      consumiu MAIS que o habitual às 14h
2026-07-21 12:13:35 [INFO]      [2mReal:[0m 4.0 kWh   [2mHabitual:[0m 1.5 ± 0.7 kWh   [2mz:[0m +3.54   [2mdesvio:[0m +167%   [2m(2 obs. fim_semana)[0m
2026-07-21 12:13:35 [INFO] 
2026-07-21 12:13:35 [INFO]   🔴 [91m[1mPT0002000081344542CP[0m  [2m[Cluster 1][0m
2026-07-21 12:13:35 [INFO]      consumiu MAIS que o habitual às 02h
2026-07-21 12:13:35 [INFO]      [2mReal:[0m 6.0 kWh   [2mHabitual:[0m 3.5 ± 0.7 kWh   [2mz:[0m +3.54   [2mdesvio:[0m +71%   [2m(2 obs. fim_semana)[0m
2026-07-21 12:13:35 [INFO] 
2026-07-21 12:13:35 [INFO]   🔵 [94m[1mPT0002000110607652SB[0m  [2m[Cluster 0][0m
2026-07-21 12:13:35 [INFO]      consumiu MENOS que o habitual às 07h
2026-07-21 12:13:35 [INFO]      [2mReal:[0m 8.0 kWh   [2mHabitual:[0m 18.0 ± 2.8 kWh   [2mz:[0m -3.54   [2mdesvio:[0m -56%   [2m(2 obs. fim_semana)[0m
2026-07-21 12:13:35 [INFO] 
2026-07-21 12:13:35 [INFO]   🔵 [94m[1mPT0002000114613364CC[0m  [2m[Cluster 0 (estimado)][0m
2026-07-21 12:13:35 [INFO]      consumiu MENOS que o habitual às 13h
2026-07-21 12:13:35 [INFO]      [2mReal:[0m 119.0 kWh   [2mHabitual:[0m 183.5 ± 18.4 kWh   [2mz:[0m -3.51   [2mdesvio:[0m -35%   [2m(2 obs. fim_semana)[0m
2026-07-21 12:13:35 [INFO] 
2026-07-21 12:13:35 [INFO]   [2mCSV:[0m C:\Users\anaca\OneDrive\Ambiente de Trabalho\Tese\ts-anomaly-detection-dissertation\results\energia\realtime\alerts\analise_energia_2026-07-18.csv
2026-07-21 12:13:35 [INFO] 
2026-07-21 12:13:35 [INFO] [96m→ A prever consumo de 2026-07-19 para 276 CPEs...[0m
2026-07-21 12:14:00 [INFO] [1m══════════════════════════════════════════════════════════════════════[0m
2026-07-21 12:14:00 [INFO] [1m  PREDIÇÃO — 2026-07-19 [0m[2m(fim semana)[0m
2026-07-21 12:14:00 [INFO] [1m══════════════════════════════════════════════════════════════════════[0m
2026-07-21 12:14:00 [INFO]   [95m● CPEs previstos[0m          69 [2m(alta: 0, baixa: 1656)[0m
2026-07-21 12:14:00 [INFO]   [95m● Consumo total previsto[0m 99058.1 kWh [2m(±22604.5)[0m
2026-07-21 12:14:00 [INFO] 
2026-07-21 12:14:00 [INFO]   [2mPrevisão guardada:[0m C:\Users\anaca\OneDrive\Ambiente de Trabalho\Tese\ts-anomaly-detection-dissertation\results\energia\realtime\predictions\previsao_energia_2026-07-19.csv
2026-07-21 12:14:00 [INFO] 
2026-07-21 12:14:00 [INFO] [1m══════════════════════════════════════════════════════════════════════[0m
2026-07-21 12:14:00 [INFO] [1m  VALIDAÇÃO — qualidade das previsões anteriores[0m
2026-07-21 12:14:00 [INFO] [1m══════════════════════════════════════════════════════════════════════[0m
2026-07-21 12:14:01 [INFO]   [2mDias validados:[0m 5   [2mpendentes:[0m 34
2026-07-21 12:14:01 [INFO]   [2mÚltimo (2026-07-19):[0m MAE 8.70 kWh   RMSE 20.67   em ±1σ 79% [2m(esperado ~68%)[0m   em ±2σ 89% [2m(esperado ~95%)[0m
2026-07-21 12:14:01 [INFO]   [2mMédia acumulada:[0m MAE 19.25 kWh   RMSE 43.09   em ±1σ 68%   em ±2σ 81%
2026-07-21 12:14:01 [INFO]   [2mCSV:[0m C:\Users\anaca\OneDrive\Ambiente de Trabalho\Tese\ts-anomaly-detection-dissertation\results\energia\realtime\analysis\qualidade_previsoes_energia.csv
2026-07-21 12:14:01 [INFO] 
2026-07-21 12:14:01 [INFO] 
2026-07-21 12:14:01 [INFO] Concluido em 100.0s. Ficheiros gerados: 2
2026-07-21 12:14:54 [INFO] [96m→ A pedir dados ao BaZe (276 CPEs)...[0m
2026-07-21 12:15:35 [INFO] 
2026-07-21 12:15:35 [INFO] [1m══════════════════════════════════════════════════════════════════════[0m
2026-07-21 12:15:35 [INFO] [1m  DETEÇÃO DE ANOMALIAS — 2026-07-17[0m
2026-07-21 12:15:35 [INFO] [1m══════════════════════════════════════════════════════════════════════[0m
2026-07-21 12:15:35 [INFO]   [2mTipo de dia:[0m  dia util
2026-07-21 12:15:35 [INFO]   [2mFonte:[0m        BAZE
2026-07-21 12:15:35 [INFO]   [2mCPEs c/ dados:[0m 69
2026-07-21 12:15:35 [INFO]   [2mThreshold:[0m    |z| > 3.0 [2m(adaptativo a este tipo de dia)[0m
2026-07-21 12:15:35 [INFO] 
2026-07-21 12:15:40 [INFO]   [2mClusters estimados:[0m 10 [2m(cluster 0: 5, cluster 1: 5)[0m
2026-07-21 12:15:40 [INFO]   [2mSem cluster estimado:[0m 12 [2m(historico insuficiente)[0m
2026-07-21 12:15:40 [INFO] [96m→ A analisar 69 CPEs / 1656 pontos horários (retrospetiva)...[0m
2026-07-21 12:15:52 [INFO] [1m─── Resumo ─────────────────────────────────────[0m
2026-07-21 12:15:52 [INFO]   [92m● Normal[0m                1187 [2m( 71.7%)[0m
2026-07-21 12:15:52 [INFO]   [91m● Desvio (alta confiança)[0m    0 [2m(  0.0%)[0m
2026-07-21 12:15:52 [INFO]   [93m● Desvio (baixa confiança)[0m 469 [2m( 28.3%)[0m
2026-07-21 12:15:52 [INFO]   [2mTempo: 57.3s[0m
2026-07-21 12:15:52 [INFO] 
2026-07-21 12:15:52 [INFO] [1m[93m─── Desvios de BAIXA confiança (469) ──────────────[0m
2026-07-21 12:15:52 [INFO]   [2m(poucos dados históricos — verificar manualmente)[0m
2026-07-21 12:15:52 [INFO] 
2026-07-21 12:15:52 [INFO]   🔴 [91m[1mPT0002000033074862LZ[0m  [2m[Cluster 0][0m
2026-07-21 12:15:52 [INFO]      consumiu MAIS que o habitual às 07h
2026-07-21 12:15:52 [INFO]      [2mReal:[0m 35.0 kWh   [2mHabitual:[0m 13.0 ± 1.3 kWh   [2mz:[0m +10.00⁺   [2mdesvio:[0m +169%   [2m(2 obs. dia_util)[0m
2026-07-21 12:15:52 [INFO] 
2026-07-21 12:15:52 [INFO]   🔴 [91m[1mPT0002000033074862LZ[0m  [2m[Cluster 0][0m
2026-07-21 12:15:52 [INFO]      consumiu MAIS que o habitual às 08h
2026-07-21 12:15:52 [INFO]      [2mReal:[0m 46.0 kWh   [2mHabitual:[0m 11.0 ± 1.1 kWh   [2mz:[0m +10.00⁺   [2mdesvio:[0m +318%   [2m(2 obs. dia_util)[0m
2026-07-21 12:15:52 [INFO] 
2026-07-21 12:15:52 [INFO]   🔴 [91m[1mPT0002000033074862LZ[0m  [2m[Cluster 0][0m
2026-07-21 12:15:52 [INFO]      consumiu MAIS que o habitual às 09h
2026-07-21 12:15:52 [INFO]      [2mReal:[0m 43.0 kWh   [2mHabitual:[0m 10.5 ± 1.1 kWh   [2mz:[0m +10.00⁺   [2mdesvio:[0m +310%   [2m(2 obs. dia_util)[0m
2026-07-21 12:15:52 [INFO] 
2026-07-21 12:15:52 [INFO]   🔴 [91m[1mPT0002000033074862LZ[0m  [2m[Cluster 0][0m
2026-07-21 12:15:52 [INFO]      consumiu MAIS que o habitual às 10h
2026-07-21 12:15:52 [INFO]      [2mReal:[0m 49.0 kWh   [2mHabitual:[0m 10.5 ± 1.1 kWh   [2mz:[0m +10.00⁺   [2mdesvio:[0m +367%   [2m(2 obs. dia_util)[0m
2026-07-21 12:15:52 [INFO] 
2026-07-21 12:15:52 [INFO]   🔴 [91m[1mPT0002000033074862LZ[0m  [2m[Cluster 0][0m
2026-07-21 12:15:52 [INFO]      consumiu MAIS que o habitual às 11h
2026-07-21 12:15:52 [INFO]      [2mReal:[0m 40.0 kWh   [2mHabitual:[0m 10.5 ± 1.1 kWh   [2mz:[0m +10.00⁺   [2mdesvio:[0m +281%   [2m(2 obs. dia_util)[0m
2026-07-21 12:15:52 [INFO] 
2026-07-21 12:15:52 [INFO]   🔴 [91m[1mPT0002000033074862LZ[0m  [2m[Cluster 0][0m
2026-07-21 12:15:52 [INFO]      consumiu MAIS que o habitual às 12h
2026-07-21 12:15:52 [INFO]      [2mReal:[0m 58.0 kWh   [2mHabitual:[0m 10.0 ± 1.0 kWh   [2mz:[0m +10.00⁺   [2mdesvio:[0m +480%   [2m(2 obs. dia_util)[0m
2026-07-21 12:15:52 [INFO] 
2026-07-21 12:15:52 [INFO]   🔴 [91m[1mPT0002000033074862LZ[0m  [2m[Cluster 0][0m
2026-07-21 12:15:52 [INFO]      consumiu MAIS que o habitual às 13h
2026-07-21 12:15:52 [INFO]      [2mReal:[0m 42.0 kWh   [2mHabitual:[0m 10.5 ± 1.1 kWh   [2mz:[0m +10.00⁺   [2mdesvio:[0m +300%   [2m(2 obs. dia_util)[0m
2026-07-21 12:15:52 [INFO] 
2026-07-21 12:15:52 [INFO]   🔴 [91m[1mPT0002000033074862LZ[0m  [2m[Cluster 0][0m
2026-07-21 12:15:52 [INFO]      consumiu MAIS que o habitual às 14h
2026-07-21 12:15:52 [INFO]      [2mReal:[0m 35.0 kWh   [2mHabitual:[0m 10.0 ± 1.0 kWh   [2mz:[0m +10.00⁺   [2mdesvio:[0m +250%   [2m(2 obs. dia_util)[0m
2026-07-21 12:15:52 [INFO] 
2026-07-21 12:15:52 [INFO]   🔴 [91m[1mPT0002000033074862LZ[0m  [2m[Cluster 0][0m
2026-07-21 12:15:52 [INFO]      consumiu MAIS que o habitual às 15h
2026-07-21 12:15:52 [INFO]      [2mReal:[0m 25.0 kWh   [2mHabitual:[0m 10.5 ± 1.1 kWh   [2mz:[0m +10.00⁺   [2mdesvio:[0m +138%   [2m(2 obs. dia_util)[0m
2026-07-21 12:15:52 [INFO] 
2026-07-21 12:15:52 [INFO]   🔴 [91m[1mPT0002000033074862LZ[0m  [2m[Cluster 0][0m
2026-07-21 12:15:52 [INFO]      consumiu MAIS que o habitual às 17h
2026-07-21 12:15:52 [INFO]      [2mReal:[0m 26.0 kWh   [2mHabitual:[0m 13.0 ± 1.3 kWh   [2mz:[0m +10.00   [2mdesvio:[0m +100%   [2m(2 obs. dia_util)[0m
2026-07-21 12:15:52 [INFO] 
2026-07-21 12:15:52 [INFO]   🔴 [91m[1mPT0002000068856267NC[0m  [2m[sem cluster][0m
2026-07-21 12:15:52 [INFO]      consumiu MAIS que o habitual às 08h
2026-07-21 12:15:52 [INFO]      [2mReal:[0m 36.0 kWh   [2mHabitual:[0m 17.0 ± 1.7 kWh   [2mz:[0m +10.00⁺   [2mdesvio:[0m +112%   [2m(2 obs. dia_util)[0m
2026-07-21 12:15:52 [INFO] 
2026-07-21 12:15:52 [INFO]   🔴 [91m[1mPT0002000068856267NC[0m  [2m[sem cluster][0m
2026-07-21 12:15:52 [INFO]      consumiu MAIS que o habitual às 09h
2026-07-21 12:15:52 [INFO]      [2mReal:[0m 52.0 kWh   [2mHabitual:[0m 17.0 ± 1.7 kWh   [2mz:[0m +10.00⁺   [2mdesvio:[0m +206%   [2m(2 obs. dia_util)[0m
2026-07-21 12:15:52 [INFO] 
2026-07-21 12:15:52 [INFO]   🔴 [91m[1mPT0002000068856267NC[0m  [2m[sem cluster][0m
2026-07-21 12:15:52 [INFO]      consumiu MAIS que o habitual às 10h
2026-07-21 12:15:52 [INFO]      [2mReal:[0m 54.0 kWh   [2mHabitual:[0m 17.5 ± 1.8 kWh   [2mz:[0m +10.00⁺   [2mdesvio:[0m +209%   [2m(2 obs. dia_util)[0m
2026-07-21 12:15:52 [INFO] 
2026-07-21 12:15:52 [INFO]   🔴 [91m[1mPT0002000068856267NC[0m  [2m[sem cluster][0m
2026-07-21 12:15:52 [INFO]      consumiu MAIS que o habitual às 11h
2026-07-21 12:15:52 [INFO]      [2mReal:[0m 60.0 kWh   [2mHabitual:[0m 17.0 ± 1.7 kWh   [2mz:[0m +10.00⁺   [2mdesvio:[0m +253%   [2m(2 obs. dia_util)[0m
2026-07-21 12:15:52 [INFO] 
2026-07-21 12:15:52 [INFO]   🔴 [91m[1mPT0002000068856267NC[0m  [2m[sem cluster][0m
2026-07-21 12:15:52 [INFO]      consumiu MAIS que o habitual às 12h
2026-07-21 12:15:52 [INFO]      [2mReal:[0m 49.0 kWh   [2mHabitual:[0m 17.0 ± 1.7 kWh   [2mz:[0m +10.00⁺   [2mdesvio:[0m +188%   [2m(2 obs. dia_util)[0m
2026-07-21 12:15:52 [INFO] 
2026-07-21 12:15:52 [INFO]   🔴 [91m[1mPT0002000068856267NC[0m  [2m[sem cluster][0m
2026-07-21 12:15:52 [INFO]      consumiu MAIS que o habitual às 14h
2026-07-21 12:15:52 [INFO]      [2mReal:[0m 35.0 kWh   [2mHabitual:[0m 17.5 ± 1.8 kWh   [2mz:[0m +10.00   [2mdesvio:[0m +100%   [2m(2 obs. dia_util)[0m
2026-07-21 12:15:52 [INFO] 
2026-07-21 12:15:52 [INFO]   🔴 [91m[1mPT0002000068856267NC[0m  [2m[sem cluster][0m
2026-07-21 12:15:52 [INFO]      consumiu MAIS que o habitual às 15h
2026-07-21 12:15:52 [INFO]      [2mReal:[0m 38.0 kWh   [2mHabitual:[0m 16.5 ± 1.6 kWh   [2mz:[0m +10.00⁺   [2mdesvio:[0m +130%   [2m(2 obs. dia_util)[0m
2026-07-21 12:15:52 [INFO] 
2026-07-21 12:15:52 [INFO]   🔴 [91m[1mPT0002000068856267NC[0m  [2m[sem cluster][0m
2026-07-21 12:15:52 [INFO]      consumiu MAIS que o habitual às 16h
2026-07-21 12:15:52 [INFO]      [2mReal:[0m 50.0 kWh   [2mHabitual:[0m 17.0 ± 1.7 kWh   [2mz:[0m +10.00⁺   [2mdesvio:[0m +194%   [2m(2 obs. dia_util)[0m
2026-07-21 12:15:52 [INFO] 
2026-07-21 12:15:52 [INFO]   🔴 [91m[1mPT0002000068856267NC[0m  [2m[sem cluster][0m
2026-07-21 12:15:52 [INFO]      consumiu MAIS que o habitual às 17h
2026-07-21 12:15:52 [INFO]      [2mReal:[0m 41.0 kWh   [2mHabitual:[0m 18.0 ± 1.8 kWh   [2mz:[0m +10.00⁺   [2mdesvio:[0m +128%   [2m(2 obs. dia_util)[0m
2026-07-21 12:15:52 [INFO] 
2026-07-21 12:15:52 [INFO]   🔴 [91m[1mPT0002000068856267NC[0m  [2m[sem cluster][0m
2026-07-21 12:15:52 [INFO]      consumiu MAIS que o habitual às 18h
2026-07-21 12:15:52 [INFO]      [2mReal:[0m 40.0 kWh   [2mHabitual:[0m 17.0 ± 1.7 kWh   [2mz:[0m +10.00⁺   [2mdesvio:[0m +135%   [2m(2 obs. dia_util)[0m
2026-07-21 12:15:52 [INFO] 
2026-07-21 12:15:52 [INFO]   🔴 [91m[1mPT0002000068856267NC[0m  [2m[sem cluster][0m
2026-07-21 12:15:52 [INFO]      consumiu MAIS que o habitual às 19h
2026-07-21 12:15:52 [INFO]      [2mReal:[0m 39.0 kWh   [2mHabitual:[0m 19.0 ± 1.9 kWh   [2mz:[0m +10.00⁺   [2mdesvio:[0m +105%   [2m(2 obs. dia_util)[0m
2026-07-21 12:15:52 [INFO] 
2026-07-21 12:15:52 [INFO]   🔴 [91m[1mPT0002000068856655YV[0m  [2m[Cluster 0][0m
2026-07-21 12:15:52 [INFO]      consumiu MAIS que o habitual às 09h
2026-07-21 12:15:52 [INFO]      [2mReal:[0m 11.0 kWh   [2mHabitual:[0m 3.5 ± 0.7 kWh   [2mz:[0m +10.00⁺   [2mdesvio:[0m +214%   [2m(2 obs. dia_util)[0m
2026-07-21 12:15:52 [INFO] 
2026-07-21 12:15:52 [INFO]   🔴 [91m[1mPT0002000068856655YV[0m  [2m[Cluster 0][0m
2026-07-21 12:15:52 [INFO]      consumiu MAIS que o habitual às 10h
2026-07-21 12:15:52 [INFO]      [2mReal:[0m 15.0 kWh   [2mHabitual:[0m 3.5 ± 0.7 kWh   [2mz:[0m +10.00⁺   [2mdesvio:[0m +329%   [2m(2 obs. dia_util)[0m
2026-07-21 12:15:52 [INFO] 
2026-07-21 12:15:52 [INFO]   🔴 [91m[1mPT0002000068856655YV[0m  [2m[Cluster 0][0m
2026-07-21 12:15:52 [INFO]      consumiu MAIS que o habitual às 11h
2026-07-21 12:15:52 [INFO]      [2mReal:[0m 13.0 kWh   [2mHabitual:[0m 3.0 ± 0.3 kWh   [2mz:[0m +10.00⁺   [2mdesvio:[0m +333%   [2m(2 obs. dia_util)[0m
2026-07-21 12:15:52 [INFO] 
2026-07-21 12:15:52 [INFO]   🔴 [91m[1mPT0002000068856655YV[0m  [2m[Cluster 0][0m
2026-07-21 12:15:52 [INFO]      consumiu MAIS que o habitual às 12h
2026-07-21 12:15:52 [INFO]      [2mReal:[0m 13.0 kWh   [2mHabitual:[0m 3.5 ± 0.7 kWh   [2mz:[0m +10.00⁺   [2mdesvio:[0m +271%   [2m(2 obs. dia_util)[0m
2026-07-21 12:15:52 [INFO] 
2026-07-21 12:15:52 [INFO]   🔴 [91m[1mPT0002000068856655YV[0m  [2m[Cluster 0][0m
2026-07-21 12:15:52 [INFO]      consumiu MAIS que o habitual às 13h
2026-07-21 12:15:52 [INFO]      [2mReal:[0m 13.0 kWh   [2mHabitual:[0m 3.0 ± 0.3 kWh   [2mz:[0m +10.00⁺   [2mdesvio:[0m +333%   [2m(2 obs. dia_util)[0m
2026-07-21 12:15:52 [INFO] 
2026-07-21 12:15:52 [INFO]   🔴 [91m[1mPT0002000068856655YV[0m  [2m[Cluster 0][0m
2026-07-21 12:15:52 [INFO]      consumiu MAIS que o habitual às 14h
2026-07-21 12:15:52 [INFO]      [2mReal:[0m 14.0 kWh   [2mHabitual:[0m 3.5 ± 0.7 kWh   [2mz:[0m +10.00⁺   [2mdesvio:[0m +300%   [2m(2 obs. dia_util)[0m
2026-07-21 12:15:52 [INFO] 
2026-07-21 12:15:52 [INFO]   🔴 [91m[1mPT0002000068856655YV[0m  [2m[Cluster 0][0m
2026-07-21 12:15:52 [INFO]      consumiu MAIS que o habitual às 15h
2026-07-21 12:15:52 [INFO]      [2mReal:[0m 15.0 kWh   [2mHabitual:[0m 3.5 ± 0.7 kWh   [2mz:[0m +10.00⁺   [2mdesvio:[0m +329%   [2m(2 obs. dia_util)[0m
2026-07-21 12:15:52 [INFO] 
2026-07-21 12:15:52 [INFO]   🔴 [91m[1mPT0002000068856655YV[0m  [2m[Cluster 0][0m
2026-07-21 12:15:52 [INFO]      consumiu MAIS que o habitual às 16h
2026-07-21 12:15:52 [INFO]      [2mReal:[0m 15.0 kWh   [2mHabitual:[0m 3.0 ± 0.3 kWh   [2mz:[0m +10.00⁺   [2mdesvio:[0m +400%   [2m(2 obs. dia_util)[0m
2026-07-21 12:15:52 [INFO] 
2026-07-21 12:15:52 [INFO]   🔴 [91m[1mPT0002000068856872QG[0m  [2m[Cluster 1][0m
2026-07-21 12:15:52 [INFO]      consumiu MAIS que o habitual às 21h
2026-07-21 12:15:52 [INFO]      [2mReal:[0m 3.0 kWh   [2mHabitual:[0m 0.0 ± 0.3 kWh   [2mz:[0m +10.00   [2mdesvio:[0m +300000%   [2m(3 obs. dia_util)[0m
2026-07-21 12:15:52 [INFO] 
2026-07-21 12:15:52 [INFO]   🔴 [91m[1mPT0002000068856974CZ[0m  [2m[sem cluster][0m
2026-07-21 12:15:52 [INFO]      consumiu MAIS que o habitual às 08h
2026-07-21 12:15:52 [INFO]      [2mReal:[0m 41.0 kWh   [2mHabitual:[0m 13.5 ± 1.4 kWh   [2mz:[0m +10.00⁺   [2mdesvio:[0m +204%   [2m(2 obs. dia_util)[0m
2026-07-21 12:15:52 [INFO] 
2026-07-21 12:15:52 [INFO]   🔴 [91m[1mPT0002000068856974CZ[0m  [2m[sem cluster][0m
2026-07-21 12:15:52 [INFO]      consumiu MAIS que o habitual às 09h
2026-07-21 12:15:52 [INFO]      [2mReal:[0m 42.0 kWh   [2mHabitual:[0m 12.5 ± 2.1 kWh   [2mz:[0m +10.00⁺   [2mdesvio:[0m +236%   [2m(2 obs. dia_util)[0m
2026-07-21 12:15:52 [INFO] 
2026-07-21 12:15:52 [INFO]   🔴 [91m[1mPT0002000068856974CZ[0m  [2m[sem cluster][0m
2026-07-21 12:15:52 [INFO]      consumiu MAIS que o habitual às 10h
2026-07-21 12:15:52 [INFO]      [2mReal:[0m 41.0 kWh   [2mHabitual:[0m 12.5 ± 2.1 kWh   [2mz:[0m +10.00⁺   [2mdesvio:[0m +228%   [2m(2 obs. dia_util)[0m
2026-07-21 12:15:52 [INFO] 
2026-07-21 12:15:52 [INFO]   🔴 [91m[1mPT0002000068856974CZ[0m  [2m[sem cluster][0m
2026-07-21 12:15:52 [INFO]      consumiu MAIS que o habitual às 12h
2026-07-21 12:15:52 [INFO]      [2mReal:[0m 38.0 kWh   [2mHabitual:[0m 12.0 ± 1.4 kWh   [2mz:[0m +10.00⁺   [2mdesvio:[0m +217%   [2m(2 obs. dia_util)[0m
2026-07-21 12:15:52 [INFO] 
2026-07-21 12:15:52 [INFO]   🔴 [91m[1mPT0002000068857099AR[0m  [2m[Cluster 1][0m
2026-07-21 12:15:52 [INFO]      consumiu MAIS que o habitual às 19h
2026-07-21 12:15:52 [INFO]      [2mReal:[0m 8.0 kWh   [2mHabitual:[0m 3.0 ± 0.3 kWh   [2mz:[0m +10.00⁺   [2mdesvio:[0m +167%   [2m(2 obs. dia_util)[0m
2026-07-21 12:15:52 [INFO] 
2026-07-21 12:15:52 [INFO]   🔴 [91m[1mPT0002000068857897ZV[0m  [2m[Cluster 0][0m
2026-07-21 12:15:52 [INFO]      consumiu MAIS que o habitual às 09h
2026-07-21 12:15:52 [INFO]      [2mReal:[0m 56.0 kWh   [2mHabitual:[0m 26.5 ± 2.6 kWh   [2mz:[0m +10.00⁺   [2mdesvio:[0m +111%   [2m(2 obs. dia_util)[0m
2026-07-21 12:15:52 [INFO] 
2026-07-21 12:15:52 [INFO]   🔴 [91m[1mPT0002000068857897ZV[0m  [2m[Cluster 0][0m
2026-07-21 12:15:52 [INFO]      consumiu MAIS que o habitual às 10h
2026-07-21 12:15:52 [INFO]      [2mReal:[0m 59.0 kWh   [2mHabitual:[0m 27.0 ± 2.7 kWh   [2mz:[0m +10.00⁺   [2mdesvio:[0m +119%   [2m(2 obs. dia_util)[0m
2026-07-21 12:15:52 [INFO] 
2026-07-21 12:15:52 [INFO]   🔴 [91m[1mPT0002000068858231YY[0m  [2m[sem cluster][0m
2026-07-21 12:15:52 [INFO]      consumiu MAIS que o habitual às 09h
2026-07-21 12:15:52 [INFO]      [2mReal:[0m 60.0 kWh   [2mHabitual:[0m 19.0 ± 1.9 kWh   [2mz:[0m +10.00⁺   [2mdesvio:[0m +216%   [2m(2 obs. dia_util)[0m
2026-07-21 12:15:52 [INFO] 
2026-07-21 12:15:52 [INFO]   🔴 [91m[1mPT0002000068858231YY[0m  [2m[sem cluster][0m
2026-07-21 12:15:52 [INFO]      consumiu MAIS que o habitual às 10h
2026-07-21 12:15:52 [INFO]      [2mReal:[0m 60.0 kWh   [2mHabitual:[0m 18.5 ± 1.9 kWh   [2mz:[0m +10.00⁺   [2mdesvio:[0m +224%   [2m(2 obs. dia_util)[0m
2026-07-21 12:15:52 [INFO] 
2026-07-21 12:15:52 [INFO]   🔴 [91m[1mPT0002000068858231YY[0m  [2m[sem cluster][0m
2026-07-21 12:15:52 [INFO]      consumiu MAIS que o habitual às 11h
2026-07-21 12:15:52 [INFO]      [2mReal:[0m 45.0 kWh   [2mHabitual:[0m 18.0 ± 1.8 kWh   [2mz:[0m +10.00⁺   [2mdesvio:[0m +150%   [2m(2 obs. dia_util)[0m
2026-07-21 12:15:52 [INFO] 
2026-07-21 12:15:52 [INFO]   🔴 [91m[1mPT0002000068858231YY[0m  [2m[sem cluster][0m
2026-07-21 12:15:52 [INFO]      consumiu MAIS que o habitual às 12h
2026-07-21 12:15:52 [INFO]      [2mReal:[0m 41.0 kWh   [2mHabitual:[0m 18.0 ± 1.8 kWh   [2mz:[0m +10.00⁺   [2mdesvio:[0m +128%   [2m(2 obs. dia_util)[0m
2026-07-21 12:15:52 [INFO] 
2026-07-21 12:15:52 [INFO]   🔴 [91m[1mPT0002000068859187RL[0m  [2m[Cluster 0][0m
2026-07-21 12:15:52 [INFO]      consumiu MAIS que o habitual às 08h
2026-07-21 12:15:52 [INFO]      [2mReal:[0m 58.0 kWh   [2mHabitual:[0m 17.0 ± 1.7 kWh   [2mz:[0m +10.00⁺   [2mdesvio:[0m +241%   [2m(2 obs. dia_util)[0m
2026-07-21 12:15:52 [INFO] 
2026-07-21 12:15:52 [INFO]   🔴 [91m[1mPT0002000068859187RL[0m  [2m[Cluster 0][0m
2026-07-21 12:15:52 [INFO]      consumiu MAIS que o habitual às 09h
2026-07-21 12:15:52 [INFO]      [2mReal:[0m 61.0 kWh   [2mHabitual:[0m 18.0 ± 2.8 kWh   [2mz:[0m +10.00⁺   [2mdesvio:[0m +239%   [2m(2 obs. dia_util)[0m
2026-07-21 12:15:52 [INFO] 
2026-07-21 12:15:52 [INFO]   🔴 [91m[1mPT0002000068859187RL[0m  [2m[Cluster 0][0m
2026-07-21 12:15:52 [INFO]      consumiu MAIS que o habitual às 10h
2026-07-21 12:15:52 [INFO]      [2mReal:[0m 75.0 kWh   [2mHabitual:[0m 17.5 ± 2.1 kWh   [2mz:[0m +10.00⁺   [2mdesvio:[0m +329%   [2m(2 obs. dia_util)[0m
2026-07-21 12:15:52 [INFO] 
2026-07-21 12:15:52 [INFO]   🔴 [91m[1mPT0002000068859187RL[0m  [2m[Cluster 0][0m
2026-07-21 12:15:52 [INFO]      consumiu MAIS que o habitual às 11h
2026-07-21 12:15:52 [INFO]      [2mReal:[0m 68.0 kWh   [2mHabitual:[0m 18.0 ± 4.2 kWh   [2mz:[0m +10.00⁺   [2mdesvio:[0m +278%   [2m(2 obs. dia_util)[0m
2026-07-21 12:15:52 [INFO] 
2026-07-21 12:15:52 [INFO]   🔴 [91m[1mPT0002000068859187RL[0m  [2m[Cluster 0][0m
2026-07-21 12:15:52 [INFO]      consumiu MAIS que o habitual às 12h
2026-07-21 12:15:52 [INFO]      [2mReal:[0m 64.0 kWh   [2mHabitual:[0m 20.0 ± 2.0 kWh   [2mz:[0m +10.00⁺   [2mdesvio:[0m +220%   [2m(2 obs. dia_util)[0m
2026-07-21 12:15:52 [INFO] 
2026-07-21 12:15:52 [INFO]   🔴 [91m[1mPT0002000068859187RL[0m  [2m[Cluster 0][0m
2026-07-21 12:15:52 [INFO]      consumiu MAIS que o habitual às 13h
2026-07-21 12:15:52 [INFO]      [2mReal:[0m 64.0 kWh   [2mHabitual:[0m 20.0 ± 2.0 kWh   [2mz:[0m +10.00⁺   [2mdesvio:[0m +220%   [2m(2 obs. dia_util)[0m
2026-07-21 12:15:52 [INFO] 
2026-07-21 12:15:52 [INFO]   🔴 [91m[1mPT0002000068859187RL[0m  [2m[Cluster 0][0m
2026-07-21 12:15:52 [INFO]      consumiu MAIS que o habitual às 14h
2026-07-21 12:15:52 [INFO]      [2mReal:[0m 58.0 kWh   [2mHabitual:[0m 19.5 ± 1.9 kWh   [2mz:[0m +10.00⁺   [2mdesvio:[0m +197%   [2m(2 obs. dia_util)[0m
2026-07-21 12:15:52 [INFO] 
2026-07-21 12:15:52 [INFO]   🔴 [91m[1mPT0002000068859187RL[0m  [2m[Cluster 0][0m
2026-07-21 12:15:52 [INFO]      consumiu MAIS que o habitual às 15h
2026-07-21 12:15:52 [INFO]      [2mReal:[0m 57.0 kWh   [2mHabitual:[0m 19.5 ± 1.9 kWh   [2mz:[0m +10.00⁺   [2mdesvio:[0m +192%   [2m(2 obs. dia_util)[0m
2026-07-21 12:15:52 [INFO] 
2026-07-21 12:15:52 [INFO]   🔴 [91m[1mPT0002000068859187RL[0m  [2m[Cluster 0][0m
2026-07-21 12:15:52 [INFO]      consumiu MAIS que o habitual às 16h
2026-07-21 12:15:52 [INFO]      [2mReal:[0m 54.0 kWh   [2mHabitual:[0m 17.5 ± 1.8 kWh   [2mz:[0m +10.00⁺   [2mdesvio:[0m +209%   [2m(2 obs. dia_util)[0m
2026-07-21 12:15:52 [INFO] 
2026-07-21 12:15:52 [INFO]   🔴 [91m[1mPT0002000068859187RL[0m  [2m[Cluster 0][0m
2026-07-21 12:15:52 [INFO]      consumiu MAIS que o habitual às 17h
2026-07-21 12:15:52 [INFO]      [2mReal:[0m 38.0 kWh   [2mHabitual:[0m 17.5 ± 1.8 kWh   [2mz:[0m +10.00⁺   [2mdesvio:[0m +117%   [2m(2 obs. dia_util)[0m
2026-07-21 12:15:52 [INFO] 
2026-07-21 12:15:52 [INFO]   🔴 [91m[1mPT0002000068859382XF[0m  [2m[Cluster 0][0m
2026-07-21 12:15:52 [INFO]      consumiu MAIS que o habitual às 10h
2026-07-21 12:15:52 [INFO]      [2mReal:[0m 82.0 kWh   [2mHabitual:[0m 39.0 ± 3.9 kWh   [2mz:[0m +10.00⁺   [2mdesvio:[0m +110%   [2m(2 obs. dia_util)[0m
2026-07-21 12:15:52 [INFO] 
2026-07-21 12:15:52 [INFO]   🔴 [91m[1mPT0002000068859382XF[0m  [2m[Cluster 0][0m
2026-07-21 12:15:52 [INFO]      consumiu MAIS que o habitual às 11h
2026-07-21 12:15:52 [INFO]      [2mReal:[0m 78.0 kWh   [2mHabitual:[0m 39.0 ± 3.9 kWh   [2mz:[0m +10.00   [2mdesvio:[0m +100%   [2m(2 obs. dia_util)[0m
2026-07-21 12:15:52 [INFO] 
2026-07-21 12:15:52 [INFO]   🔴 [91m[1mPT0002000068859597LS[0m  [2m[Cluster 0][0m
2026-07-21 12:15:52 [INFO]      consumiu MAIS que o habitual às 09h
2026-07-21 12:15:52 [INFO]      [2mReal:[0m 70.0 kWh   [2mHabitual:[0m 32.0 ± 3.2 kWh   [2mz:[0m +10.00⁺   [2mdesvio:[0m +119%   [2m(2 obs. dia_util)[0m
2026-07-21 12:15:52 [INFO] 
2026-07-21 12:15:52 [INFO]   🔴 [91m[1mPT0002000068859597LS[0m  [2m[Cluster 0][0m
2026-07-21 12:15:52 [INFO]      consumiu MAIS que o habitual às 10h
2026-07-21 12:15:52 [INFO]      [2mReal:[0m 77.0 kWh   [2mHabitual:[0m 33.0 ± 3.3 kWh   [2mz:[0m +10.00⁺   [2mdesvio:[0m +133%   [2m(2 obs. dia_util)[0m
2026-07-21 12:15:52 [INFO] 
2026-07-21 12:15:52 [INFO]   🔴 [91m[1mPT0002000068859597LS[0m  [2m[Cluster 0][0m
2026-07-21 12:15:52 [INFO]      consumiu MAIS que o habitual às 11h
2026-07-21 12:15:52 [INFO]      [2mReal:[0m 73.0 kWh   [2mHabitual:[0m 34.5 ± 3.5 kWh   [2mz:[0m +10.00⁺   [2mdesvio:[0m +112%   [2m(2 obs. dia_util)[0m
2026-07-21 12:15:52 [INFO] 
2026-07-21 12:15:52 [INFO]   🔴 [91m[1mPT0002000068859597LS[0m  [2m[Cluster 0][0m
2026-07-21 12:15:52 [INFO]      consumiu MAIS que o habitual às 14h
2026-07-21 12:15:52 [INFO]      [2mReal:[0m 68.0 kWh   [2mHabitual:[0m 33.0 ± 3.3 kWh   [2mz:[0m +10.00⁺   [2mdesvio:[0m +106%   [2m(2 obs. dia_util)[0m
2026-07-21 12:15:52 [INFO] 
2026-07-21 12:15:52 [INFO]   🔴 [91m[1mPT0002000068859597LS[0m  [2m[Cluster 0][0m
2026-07-21 12:15:52 [INFO]      consumiu MAIS que o habitual às 15h
2026-07-21 12:15:52 [INFO]      [2mReal:[0m 71.0 kWh   [2mHabitual:[0m 32.0 ± 3.2 kWh   [2mz:[0m +10.00⁺   [2mdesvio:[0m +122%   [2m(2 obs. dia_util)[0m
2026-07-21 12:15:52 [INFO] 
2026-07-21 12:15:52 [INFO]   🔴 [91m[1mPT0002000071896778MT[0m  [2m[Cluster 0][0m
2026-07-21 12:15:52 [INFO]      consumiu MAIS que o habitual às 07h
2026-07-21 12:15:52 [INFO]      [2mReal:[0m 14.0 kWh   [2mHabitual:[0m 3.5 ± 0.7 kWh   [2mz:[0m +10.00⁺   [2mdesvio:[0m +300%   [2m(2 obs. dia_util)[0m
2026-07-21 12:15:52 [INFO] 
2026-07-21 12:15:52 [INFO]   🔴 [91m[1mPT0002000071896778MT[0m  [2m[Cluster 0][0m
2026-07-21 12:15:52 [INFO]      consumiu MAIS que o habitual às 08h
2026-07-21 12:15:52 [INFO]      [2mReal:[0m 29.0 kWh   [2mHabitual:[0m 4.0 ± 0.4 kWh   [2mz:[0m +10.00⁺   [2mdesvio:[0m +625%   [2m(2 obs. dia_util)[0m
2026-07-21 12:15:52 [INFO] 
2026-07-21 12:15:52 [INFO]   🔴 [91m[1mPT0002000071896778MT[0m  [2m[Cluster 0][0m
2026-07-21 12:15:52 [INFO]      consumiu MAIS que o habitual às 09h
2026-07-21 12:15:52 [INFO]      [2mReal:[0m 38.0 kWh   [2mHabitual:[0m 4.0 ± 0.4 kWh   [2mz:[0m +10.00⁺   [2mdesvio:[0m +850%   [2m(2 obs. dia_util)[0m
2026-07-21 12:15:52 [INFO] 
2026-07-21 12:15:52 [INFO]   🔴 [91m[1mPT0002000071896778MT[0m  [2m[Cluster 0][0m
2026-07-21 12:15:52 [INFO]      consumiu MAIS que o habitual às 10h
2026-07-21 12:15:52 [INFO]      [2mReal:[0m 31.0 kWh   [2mHabitual:[0m 3.5 ± 0.7 kWh   [2mz:[0m +10.00⁺   [2mdesvio:[0m +786%   [2m(2 obs. dia_util)[0m
2026-07-21 12:15:52 [INFO] 
2026-07-21 12:15:52 [INFO]   🔴 [91m[1mPT0002000071896778MT[0m  [2m[Cluster 0][0m
2026-07-21 12:15:52 [INFO]      consumiu MAIS que o habitual às 11h
2026-07-21 12:15:52 [INFO]      [2mReal:[0m 19.0 kWh   [2mHabitual:[0m 4.5 ± 0.7 kWh   [2mz:[0m +10.00⁺   [2mdesvio:[0m +322%   [2m(2 obs. dia_util)[0m
2026-07-21 12:15:52 [INFO] 
2026-07-21 12:15:52 [INFO]   🔴 [91m[1mPT0002000071896778MT[0m  [2m[Cluster 0][0m
2026-07-21 12:15:52 [INFO]      consumiu MAIS que o habitual às 12h
2026-07-21 12:15:52 [INFO]      [2mReal:[0m 28.0 kWh   [2mHabitual:[0m 3.5 ± 0.7 kWh   [2mz:[0m +10.00⁺   [2mdesvio:[0m +700%   [2m(2 obs. dia_util)[0m
2026-07-21 12:15:52 [INFO] 
2026-07-21 12:15:52 [INFO]   🔴 [91m[1mPT0002000071896778MT[0m  [2m[Cluster 0][0m
2026-07-21 12:15:52 [INFO]      consumiu MAIS que o habitual às 13h
2026-07-21 12:15:52 [INFO]      [2mReal:[0m 23.0 kWh   [2mHabitual:[0m 4.0 ± 0.4 kWh   [2mz:[0m +10.00⁺   [2mdesvio:[0m +475%   [2m(2 obs. dia_util)[0m
2026-07-21 12:15:52 [INFO] 
2026-07-21 12:15:52 [INFO]   🔴 [91m[1mPT0002000071896778MT[0m  [2m[Cluster 0][0m
2026-07-21 12:15:52 [INFO]      consumiu MAIS que o habitual às 14h
2026-07-21 12:15:52 [INFO]      [2mReal:[0m 12.0 kWh   [2mHabitual:[0m 4.0 ± 0.4 kWh   [2mz:[0m +10.00⁺   [2mdesvio:[0m +200%   [2m(2 obs. dia_util)[0m
2026-07-21 12:15:52 [INFO] 
2026-07-21 12:15:52 [INFO]   🔴 [91m[1mPT0002000071896778MT[0m  [2m[Cluster 0][0m
2026-07-21 12:15:52 [INFO]      consumiu MAIS que o habitual às 16h
2026-07-21 12:15:52 [INFO]      [2mReal:[0m 10.0 kWh   [2mHabitual:[0m 4.0 ± 0.4 kWh   [2mz:[0m +10.00⁺   [2mdesvio:[0m +150%   [2m(2 obs. dia_util)[0m
2026-07-21 12:15:52 [INFO] 
2026-07-21 12:15:52 [INFO]   🔴 [91m[1mPT0002000071896778MT[0m  [2m[Cluster 0][0m
2026-07-21 12:15:52 [INFO]      consumiu MAIS que o habitual às 17h
2026-07-21 12:15:52 [INFO]      [2mReal:[0m 10.0 kWh   [2mHabitual:[0m 4.0 ± 0.4 kWh   [2mz:[0m +10.00⁺   [2mdesvio:[0m +150%   [2m(2 obs. dia_util)[0m
2026-07-21 12:15:52 [INFO] 
2026-07-21 12:15:52 [INFO]   🔴 [91m[1mPT0002000073231742VK[0m  [2m[Cluster 0][0m
2026-07-21 12:15:52 [INFO]      consumiu MAIS que o habitual às 08h
2026-07-21 12:15:52 [INFO]      [2mReal:[0m 39.0 kWh   [2mHabitual:[0m 13.0 ± 1.3 kWh   [2mz:[0m +10.00⁺   [2mdesvio:[0m +200%   [2m(2 obs. dia_util)[0m
2026-07-21 12:15:52 [INFO] 
2026-07-21 12:15:52 [INFO]   🔴 [91m[1mPT0002000073231742VK[0m  [2m[Cluster 0][0m
2026-07-21 12:15:52 [INFO]      consumiu MAIS que o habitual às 09h
2026-07-21 12:15:52 [INFO]      [2mReal:[0m 36.0 kWh   [2mHabitual:[0m 13.0 ± 1.3 kWh   [2mz:[0m +10.00⁺   [2mdesvio:[0m +177%   [2m(2 obs. dia_util)[0m
2026-07-21 12:15:52 [INFO] 
2026-07-21 12:15:52 [INFO]   🔴 [91m[1mPT0002000073231742VK[0m  [2m[Cluster 0][0m
2026-07-21 12:15:52 [INFO]      consumiu MAIS que o habitual às 10h
2026-07-21 12:15:52 [INFO]      [2mReal:[0m 35.0 kWh   [2mHabitual:[0m 12.5 ± 1.2 kWh   [2mz:[0m +10.00⁺   [2mdesvio:[0m +180%   [2m(2 obs. dia_util)[0m
2026-07-21 12:15:52 [INFO] 
2026-07-21 12:15:52 [INFO]   🔴 [91m[1mPT0002000073231742VK[0m  [2m[Cluster 0][0m
2026-07-21 12:15:52 [INFO]      consumiu MAIS que o habitual às 11h
2026-07-21 12:15:52 [INFO]      [2mReal:[0m 29.0 kWh   [2mHabitual:[0m 12.5 ± 1.2 kWh   [2mz:[0m +10.00⁺   [2mdesvio:[0m +132%   [2m(2 obs. dia_util)[0m
2026-07-21 12:15:52 [INFO] 
2026-07-21 12:15:52 [INFO]   🔴 [91m[1mPT0002000073231742VK[0m  [2m[Cluster 0][0m
2026-07-21 12:15:52 [INFO]      consumiu MAIS que o habitual às 12h
2026-07-21 12:15:52 [INFO]      [2mReal:[0m 31.0 kWh   [2mHabitual:[0m 12.5 ± 1.2 kWh   [2mz:[0m +10.00⁺   [2mdesvio:[0m +148%   [2m(2 obs. dia_util)[0m
2026-07-21 12:15:52 [INFO] 
2026-07-21 12:15:52 [INFO]   🔴 [91m[1mPT0002000073481266XH[0m  [2m[Cluster 0][0m
2026-07-21 12:15:52 [INFO]      consumiu MAIS que o habitual às 07h
2026-07-21 12:15:52 [INFO]      [2mReal:[0m 15.0 kWh   [2mHabitual:[0m 5.5 ± 0.7 kWh   [2mz:[0m +10.00⁺   [2mdesvio:[0m +173%   [2m(2 obs. dia_util)[0m
2026-07-21 12:15:52 [INFO] 
2026-07-21 12:15:52 [INFO]   🔴 [91m[1mPT0002000073481266XH[0m  [2m[Cluster 0][0m
2026-07-21 12:15:52 [INFO]      consumiu MAIS que o habitual às 08h
2026-07-21 12:15:52 [INFO]      [2mReal:[0m 40.0 kWh   [2mHabitual:[0m 5.5 ± 0.7 kWh   [2mz:[0m +10.00⁺   [2mdesvio:[0m +627%   [2m(2 obs. dia_util)[0m
2026-07-21 12:15:52 [INFO] 
2026-07-21 12:15:52 [INFO]   🔴 [91m[1mPT0002000073481266XH[0m  [2m[Cluster 0][0m
2026-07-21 12:15:52 [INFO]      consumiu MAIS que o habitual às 09h
2026-07-21 12:15:52 [INFO]      [2mReal:[0m 30.0 kWh   [2mHabitual:[0m 6.0 ± 1.4 kWh   [2mz:[0m +10.00⁺   [2mdesvio:[0m +400%   [2m(2 obs. dia_util)[0m
2026-07-21 12:15:52 [INFO] 
2026-07-21 12:15:52 [INFO]   🔴 [91m[1mPT0002000073481266XH[0m  [2m[Cluster 0][0m
2026-07-21 12:15:52 [INFO]      consumiu MAIS que o habitual às 10h
2026-07-21 12:15:52 [INFO]      [2mReal:[0m 32.0 kWh   [2mHabitual:[0m 6.0 ± 0.6 kWh   [2mz:[0m +10.00⁺   [2mdesvio:[0m +433%   [2m(2 obs. dia_util)[0m
2026-07-21 12:15:52 [INFO] 
2026-07-21 12:15:52 [INFO]   🔴 [91m[1mPT0002000073481266XH[0m  [2m[Cluster 0][0m
2026-07-21 12:15:52 [INFO]      consumiu MAIS que o habitual às 11h
2026-07-21 12:15:52 [INFO]      [2mReal:[0m 40.0 kWh   [2mHabitual:[0m 6.0 ± 1.4 kWh   [2mz:[0m +10.00⁺   [2mdesvio:[0m +567%   [2m(2 obs. dia_util)[0m
2026-07-21 12:15:52 [INFO] 
2026-07-21 12:15:52 [INFO]   🔴 [91m[1mPT0002000073481266XH[0m  [2m[Cluster 0][0m
2026-07-21 12:15:52 [INFO]      consumiu MAIS que o habitual às 12h
2026-07-21 12:15:52 [INFO]      [2mReal:[0m 44.0 kWh   [2mHabitual:[0m 6.0 ± 0.6 kWh   [2mz:[0m +10.00⁺   [2mdesvio:[0m +633%   [2m(2 obs. dia_util)[0m
2026-07-21 12:15:52 [INFO] 
2026-07-21 12:15:52 [INFO]   🔴 [91m[1mPT0002000073481266XH[0m  [2m[Cluster 0][0m
2026-07-21 12:15:52 [INFO]      consumiu MAIS que o habitual às 13h
2026-07-21 12:15:52 [INFO]      [2mReal:[0m 39.0 kWh   [2mHabitual:[0m 6.0 ± 1.4 kWh   [2mz:[0m +10.00⁺   [2mdesvio:[0m +550%   [2m(2 obs. dia_util)[0m
2026-07-21 12:15:52 [INFO] 
2026-07-21 12:15:52 [INFO]   🔴 [91m[1mPT0002000073481266XH[0m  [2m[Cluster 0][0m
2026-07-21 12:15:52 [INFO]      consumiu MAIS que o habitual às 14h
2026-07-21 12:15:52 [INFO]      [2mReal:[0m 42.0 kWh   [2mHabitual:[0m 6.5 ± 0.7 kWh   [2mz:[0m +10.00⁺   [2mdesvio:[0m +546%   [2m(2 obs. dia_util)[0m
2026-07-21 12:15:52 [INFO] 
2026-07-21 12:15:52 [INFO]   🔴 [91m[1mPT0002000073481266XH[0m  [2m[Cluster 0][0m
2026-07-21 12:15:52 [INFO]      consumiu MAIS que o habitual às 15h
2026-07-21 12:15:52 [INFO]      [2mReal:[0m 47.0 kWh   [2mHabitual:[0m 5.5 ± 0.7 kWh   [2mz:[0m +10.00⁺   [2mdesvio:[0m +755%   [2m(2 obs. dia_util)[0m
2026-07-21 12:15:52 [INFO] 
2026-07-21 12:15:52 [INFO]   🔴 [91m[1mPT0002000073481266XH[0m  [2m[Cluster 0][0m
2026-07-21 12:15:52 [INFO]      consumiu MAIS que o habitual às 16h
2026-07-21 12:15:52 [INFO]      [2mReal:[0m 33.0 kWh   [2mHabitual:[0m 6.0 ± 1.4 kWh   [2mz:[0m +10.00⁺   [2mdesvio:[0m +450%   [2m(2 obs. dia_util)[0m
2026-07-21 12:15:52 [INFO] 
2026-07-21 12:15:52 [INFO]   🔴 [91m[1mPT0002000073481266XH[0m  [2m[Cluster 0][0m
2026-07-21 12:15:52 [INFO]      consumiu MAIS que o habitual às 17h
2026-07-21 12:15:52 [INFO]      [2mReal:[0m 33.0 kWh   [2mHabitual:[0m 7.0 ± 1.4 kWh   [2mz:[0m +10.00⁺   [2mdesvio:[0m +371%   [2m(2 obs. dia_util)[0m
2026-07-21 12:15:52 [INFO] 
2026-07-21 12:15:52 [INFO]   🔴 [91m[1mPT0002000073481266XH[0m  [2m[Cluster 0][0m
2026-07-21 12:15:52 [INFO]      consumiu MAIS que o habitual às 18h
2026-07-21 12:15:52 [INFO]      [2mReal:[0m 18.0 kWh   [2mHabitual:[0m 7.0 ± 0.7 kWh   [2mz:[0m +10.00⁺   [2mdesvio:[0m +157%   [2m(2 obs. dia_util)[0m
2026-07-21 12:15:52 [INFO] 
2026-07-21 12:15:52 [INFO]   🔴 [91m[1mPT0002000075637532JB[0m  [2m[Cluster 0][0m
2026-07-21 12:15:52 [INFO]      consumiu MAIS que o habitual às 08h
2026-07-21 12:15:52 [INFO]      [2mReal:[0m 13.0 kWh   [2mHabitual:[0m 4.5 ± 0.7 kWh   [2mz:[0m +10.00⁺   [2mdesvio:[0m +189%   [2m(2 obs. dia_util)[0m
2026-07-21 12:15:52 [INFO] 
2026-07-21 12:15:52 [INFO]   🔴 [91m[1mPT0002000075637532JB[0m  [2m[Cluster 0][0m
2026-07-21 12:15:52 [INFO]      consumiu MAIS que o habitual às 09h
2026-07-21 12:15:52 [INFO]      [2mReal:[0m 14.0 kWh   [2mHabitual:[0m 4.5 ± 0.7 kWh   [2mz:[0m +10.00⁺   [2mdesvio:[0m +211%   [2m(2 obs. dia_util)[0m
2026-07-21 12:15:52 [INFO] 
2026-07-21 12:15:52 [INFO]   🔴 [91m[1mPT0002000075637532JB[0m  [2m[Cluster 0][0m
2026-07-21 12:15:52 [INFO]      consumiu MAIS que o habitual às 10h
2026-07-21 12:15:52 [INFO]      [2mReal:[0m 20.0 kWh   [2mHabitual:[0m 5.0 ± 0.5 kWh   [2mz:[0m +10.00⁺   [2mdesvio:[0m +300%   [2m(2 obs. dia_util)[0m
2026-07-21 12:15:52 [INFO] 
2026-07-21 12:15:52 [INFO]   🔴 [91m[1mPT0002000075637532JB[0m  [2m[Cluster 0][0m
2026-07-21 12:15:52 [INFO]      consumiu MAIS que o habitual às 11h
2026-07-21 12:15:52 [INFO]      [2mReal:[0m 31.0 kWh   [2mHabitual:[0m 4.0 ± 0.4 kWh   [2mz:[0m +10.00⁺   [2mdesvio:[0m +675%   [2m(2 obs. dia_util)[0m
2026-07-21 12:15:52 [INFO] 
2026-07-21 12:15:52 [INFO]   🔴 [91m[1mPT0002000075637532JB[0m  [2m[Cluster 0][0m
2026-07-21 12:15:52 [INFO]      consumiu MAIS que o habitual às 12h
2026-07-21 12:15:52 [INFO]      [2mReal:[0m 35.0 kWh   [2mHabitual:[0m 4.0 ± 0.4 kWh   [2mz:[0m +10.00⁺   [2mdesvio:[0m +775%   [2m(2 obs. dia_util)[0m
2026-07-21 12:15:52 [INFO] 
2026-07-21 12:15:52 [INFO]   🔴 [91m[1mPT0002000075637532JB[0m  [2m[Cluster 0][0m
2026-07-21 12:15:52 [INFO]      consumiu MAIS que o habitual às 13h
2026-07-21 12:15:52 [INFO]      [2mReal:[0m 23.0 kWh   [2mHabitual:[0m 5.5 ± 0.7 kWh   [2mz:[0m +10.00⁺   [2mdesvio:[0m +318%   [2m(2 obs. dia_util)[0m
2026-07-21 12:15:52 [INFO] 
2026-07-21 12:15:52 [INFO]   🔴 [91m[1mPT0002000075637532JB[0m  [2m[Cluster 0][0m
2026-07-21 12:15:52 [INFO]      consumiu MAIS que o habitual às 15h
2026-07-21 12:15:52 [INFO]      [2mReal:[0m 15.0 kWh   [2mHabitual:[0m 4.5 ± 0.7 kWh   [2mz:[0m +10.00⁺   [2mdesvio:[0m +233%   [2m(2 obs. dia_util)[0m
2026-07-21 12:15:52 [INFO] 
2026-07-21 12:15:52 [INFO]   🔴 [91m[1mPT0002000077348081AG[0m  [2m[Cluster 0 (estimado)][0m
2026-07-21 12:15:52 [INFO]      consumiu MAIS que o habitual às 21h
2026-07-21 12:15:52 [INFO]      [2mReal:[0m 98.0 kWh   [2mHabitual:[0m 44.5 ± 4.5 kWh   [2mz:[0m +10.00⁺   [2mdesvio:[0m +120%   [2m(2 obs. dia_util)[0m
2026-07-21 12:15:52 [INFO] 
2026-07-21 12:15:52 [INFO]   🔴 [91m[1mPT0002000077647404EM[0m  [2m[Cluster 1][0m
2026-07-21 12:15:52 [INFO]      consumiu MAIS que o habitual às 08h
2026-07-21 12:15:52 [INFO]      [2mReal:[0m 7.0 kWh   [2mHabitual:[0m 2.0 ± 0.3 kWh   [2mz:[0m +10.00⁺   [2mdesvio:[0m +250%   [2m(2 obs. dia_util)[0m
2026-07-21 12:15:52 [INFO] 
2026-07-21 12:15:52 [INFO]   🔴 [91m[1mPT0002000077647404EM[0m  [2m[Cluster 1][0m
2026-07-21 12:15:52 [INFO]      consumiu MAIS que o habitual às 09h
2026-07-21 12:15:52 [INFO]      [2mReal:[0m 82.0 kWh   [2mHabitual:[0m 0.0 ± 0.3 kWh   [2mz:[0m +10.00⁺   [2mdesvio:[0m +8200000%   [2m(2 obs. dia_util)[0m
2026-07-21 12:15:52 [INFO] 
2026-07-21 12:15:52 [INFO]   🔴 [91m[1mPT0002000077647404EM[0m  [2m[Cluster 1][0m
2026-07-21 12:15:52 [INFO]      consumiu MAIS que o habitual às 10h
2026-07-21 12:15:52 [INFO]      [2mReal:[0m 84.0 kWh   [2mHabitual:[0m 1.0 ± 0.3 kWh   [2mz:[0m +10.00⁺   [2mdesvio:[0m +8300%   [2m(2 obs. dia_util)[0m
2026-07-21 12:15:52 [INFO] 
2026-07-21 12:15:52 [INFO]   🔴 [91m[1mPT0002000077647404EM[0m  [2m[Cluster 1][0m
2026-07-21 12:15:52 [INFO]      consumiu MAIS que o habitual às 11h
2026-07-21 12:15:52 [INFO]      [2mReal:[0m 83.0 kWh   [2mHabitual:[0m 0.0 ± 0.3 kWh   [2mz:[0m +10.00⁺   [2mdesvio:[0m +8300000%   [2m(2 obs. dia_util)[0m
2026-07-21 12:15:52 [INFO] 
2026-07-21 12:15:52 [INFO]   🔴 [91m[1mPT0002000077647404EM[0m  [2m[Cluster 1][0m
2026-07-21 12:15:52 [INFO]      consumiu MAIS que o habitual às 12h
2026-07-21 12:15:52 [INFO]      [2mReal:[0m 25.0 kWh   [2mHabitual:[0m 1.0 ± 0.3 kWh   [2mz:[0m +10.00⁺   [2mdesvio:[0m +2400%   [2m(2 obs. dia_util)[0m
2026-07-21 12:15:52 [INFO] 
2026-07-21 12:15:52 [INFO]   🔴 [91m[1mPT0002000078140706BA[0m  [2m[Cluster 1 (estimado)][0m
2026-07-21 12:15:52 [INFO]      consumiu MAIS que o habitual às 11h
2026-07-21 12:15:52 [INFO]      [2mReal:[0m 71.0 kWh   [2mHabitual:[0m 1.5 ± 2.1 kWh   [2mz:[0m +10.00⁺   [2mdesvio:[0m +4633%   [2m(2 obs. dia_util)[0m
2026-07-21 12:15:52 [INFO] 
2026-07-21 12:15:52 [INFO]   🔴 [91m[1mPT0002000078207354XC[0m  [2m[Cluster 1][0m
2026-07-21 12:15:52 [INFO]      consumiu MAIS que o habitual às 19h
2026-07-21 12:15:52 [INFO]      [2mReal:[0m 14.0 kWh   [2mHabitual:[0m 4.0 ± 0.4 kWh   [2mz:[0m +10.00⁺   [2mdesvio:[0m +250%   [2m(2 obs. dia_util)[0m
2026-07-21 12:15:52 [INFO] 
2026-07-21 12:15:52 [INFO]   🔴 [91m[1mPT0002000078207354XC[0m  [2m[Cluster 1][0m
2026-07-21 12:15:52 [INFO]      consumiu MAIS que o habitual às 20h
2026-07-21 12:15:52 [INFO]      [2mReal:[0m 21.0 kWh   [2mHabitual:[0m 5.0 ± 0.5 kWh   [2mz:[0m +10.00⁺   [2mdesvio:[0m +320%   [2m(2 obs. dia_util)[0m
2026-07-21 12:15:52 [INFO] 
2026-07-21 12:15:52 [INFO]   🔴 [91m[1mPT0002000078233981HJ[0m  [2m[Cluster 1][0m
2026-07-21 12:15:52 [INFO]      consumiu MAIS que o habitual às 17h
2026-07-21 12:15:52 [INFO]      [2mReal:[0m 14.0 kWh   [2mHabitual:[0m 2.0 ± 0.3 kWh   [2mz:[0m +10.00⁺   [2mdesvio:[0m +600%   [2m(2 obs. dia_util)[0m
2026-07-21 12:15:52 [INFO] 
2026-07-21 12:15:52 [INFO]   🔴 [91m[1mPT0002000078233981HJ[0m  [2m[Cluster 1][0m
2026-07-21 12:15:52 [INFO]      consumiu MAIS que o habitual às 18h
2026-07-21 12:15:52 [INFO]      [2mReal:[0m 24.0 kWh   [2mHabitual:[0m 1.0 ± 0.3 kWh   [2mz:[0m +10.00⁺   [2mdesvio:[0m +2300%   [2m(2 obs. dia_util)[0m
2026-07-21 12:15:52 [INFO] 
2026-07-21 12:15:52 [INFO]   🔴 [91m[1mPT0002000078233981HJ[0m  [2m[Cluster 1][0m
2026-07-21 12:15:52 [INFO]      consumiu MAIS que o habitual às 19h
2026-07-21 12:15:52 [INFO]      [2mReal:[0m 23.0 kWh   [2mHabitual:[0m 2.0 ± 0.3 kWh   [2mz:[0m +10.00⁺   [2mdesvio:[0m +1050%   [2m(2 obs. dia_util)[0m
2026-07-21 12:15:52 [INFO] 
2026-07-21 12:15:52 [INFO]   🔴 [91m[1mPT0002000078233981HJ[0m  [2m[Cluster 1][0m
2026-07-21 12:15:52 [INFO]      consumiu MAIS que o habitual às 20h
2026-07-21 12:15:52 [INFO]      [2mReal:[0m 18.0 kWh   [2mHabitual:[0m 2.0 ± 0.3 kWh   [2mz:[0m +10.00⁺   [2mdesvio:[0m +800%   [2m(2 obs. dia_util)[0m
2026-07-21 12:15:52 [INFO] 
2026-07-21 12:15:52 [INFO]   🔴 [91m[1mPT0002000078294957RQ[0m  [2m[Cluster 0][0m
2026-07-21 12:15:52 [INFO]      consumiu MAIS que o habitual às 10h
2026-07-21 12:15:52 [INFO]      [2mReal:[0m 29.0 kWh   [2mHabitual:[0m 7.0 ± 1.4 kWh   [2mz:[0m +10.00⁺   [2mdesvio:[0m +314%   [2m(2 obs. dia_util)[0m
2026-07-21 12:15:52 [INFO] 
2026-07-21 12:15:52 [INFO]   🔴 [91m[1mPT0002000078294957RQ[0m  [2m[Cluster 0][0m
2026-07-21 12:15:52 [INFO]      consumiu MAIS que o habitual às 11h
2026-07-21 12:15:52 [INFO]      [2mReal:[0m 31.0 kWh   [2mHabitual:[0m 7.5 ± 0.8 kWh   [2mz:[0m +10.00⁺   [2mdesvio:[0m +313%   [2m(2 obs. dia_util)[0m
2026-07-21 12:15:52 [INFO] 
2026-07-21 12:15:52 [INFO]   🔴 [91m[1mPT0002000078294957RQ[0m  [2m[Cluster 0][0m
2026-07-21 12:15:52 [INFO]      consumiu MAIS que o habitual às 12h
2026-07-21 12:15:52 [INFO]      [2mReal:[0m 42.0 kWh   [2mHabitual:[0m 6.0 ± 1.4 kWh   [2mz:[0m +10.00⁺   [2mdesvio:[0m +600%   [2m(2 obs. dia_util)[0m
2026-07-21 12:15:52 [INFO] 
2026-07-21 12:15:52 [INFO]   🔴 [91m[1mPT0002000078294957RQ[0m  [2m[Cluster 0][0m
2026-07-21 12:15:52 [INFO]      consumiu MAIS que o habitual às 13h
2026-07-21 12:15:52 [INFO]      [2mReal:[0m 28.0 kWh   [2mHabitual:[0m 6.5 ± 0.7 kWh   [2mz:[0m +10.00⁺   [2mdesvio:[0m +331%   [2m(2 obs. dia_util)[0m
2026-07-21 12:15:52 [INFO] 
2026-07-21 12:15:52 [INFO]   🔴 [91m[1mPT0002000078294957RQ[0m  [2m[Cluster 0][0m
2026-07-21 12:15:52 [INFO]      consumiu MAIS que o habitual às 16h
2026-07-21 12:15:52 [INFO]      [2mReal:[0m 14.0 kWh   [2mHabitual:[0m 6.5 ± 0.7 kWh   [2mz:[0m +10.00⁺   [2mdesvio:[0m +115%   [2m(2 obs. dia_util)[0m
2026-07-21 12:15:52 [INFO] 
2026-07-21 12:15:52 [INFO]   🔴 [91m[1mPT0002000101964938LF[0m  [2m[Cluster 0][0m
2026-07-21 12:15:52 [INFO]      consumiu MAIS que o habitual às 08h
2026-07-21 12:15:52 [INFO]      [2mReal:[0m 32.0 kWh   [2mHabitual:[0m 10.0 ± 1.0 kWh   [2mz:[0m +10.00⁺   [2mdesvio:[0m +220%   [2m(2 obs. dia_util)[0m
2026-07-21 12:15:52 [INFO] 
2026-07-21 12:15:52 [INFO]   🔴 [91m[1mPT0002000101964938LF[0m  [2m[Cluster 0][0m
2026-07-21 12:15:52 [INFO]      consumiu MAIS que o habitual às 09h
2026-07-21 12:15:52 [INFO]      [2mReal:[0m 37.0 kWh   [2mHabitual:[0m 10.0 ± 1.0 kWh   [2mz:[0m +10.00⁺   [2mdesvio:[0m +270%   [2m(2 obs. dia_util)[0m
2026-07-21 12:15:52 [INFO] 
2026-07-21 12:15:52 [INFO]   🔴 [91m[1mPT0002000101964938LF[0m  [2m[Cluster 0][0m
2026-07-21 12:15:52 [INFO]      consumiu MAIS que o habitual às 10h
2026-07-21 12:15:52 [INFO]      [2mReal:[0m 44.0 kWh   [2mHabitual:[0m 10.0 ± 1.0 kWh   [2mz:[0m +10.00⁺   [2mdesvio:[0m +340%   [2m(2 obs. dia_util)[0m
2026-07-21 12:15:52 [INFO] 
2026-07-21 12:15:52 [INFO]   🔴 [91m[1mPT0002000101964938LF[0m  [2m[Cluster 0][0m
2026-07-21 12:15:52 [INFO]      consumiu MAIS que o habitual às 11h
2026-07-21 12:15:52 [INFO]      [2mReal:[0m 51.0 kWh   [2mHabitual:[0m 10.5 ± 1.1 kWh   [2mz:[0m +10.00⁺   [2mdesvio:[0m +386%   [2m(2 obs. dia_util)[0m
2026-07-21 12:15:52 [INFO] 
2026-07-21 12:15:52 [INFO]   🔴 [91m[1mPT0002000101964938LF[0m  [2m[Cluster 0][0m
2026-07-21 12:15:52 [INFO]      consumiu MAIS que o habitual às 12h
2026-07-21 12:15:52 [INFO]      [2mReal:[0m 53.0 kWh   [2mHabitual:[0m 10.0 ± 1.0 kWh   [2mz:[0m +10.00⁺   [2mdesvio:[0m +430%   [2m(2 obs. dia_util)[0m
2026-07-21 12:15:52 [INFO] 
2026-07-21 12:15:52 [INFO]   🔴 [91m[1mPT0002000101964938LF[0m  [2m[Cluster 0][0m
2026-07-21 12:15:52 [INFO]      consumiu MAIS que o habitual às 13h
2026-07-21 12:15:52 [INFO]      [2mReal:[0m 52.0 kWh   [2mHabitual:[0m 10.5 ± 1.1 kWh   [2mz:[0m +10.00⁺   [2mdesvio:[0m +395%   [2m(2 obs. dia_util)[0m
2026-07-21 12:15:52 [INFO] 
2026-07-21 12:15:52 [INFO]   🔴 [91m[1mPT0002000101964938LF[0m  [2m[Cluster 0][0m
2026-07-21 12:15:52 [INFO]      consumiu MAIS que o habitual às 14h
2026-07-21 12:15:52 [INFO]      [2mReal:[0m 53.0 kWh   [2mHabitual:[0m 11.0 ± 1.1 kWh   [2mz:[0m +10.00⁺   [2mdesvio:[0m +382%   [2m(2 obs. dia_util)[0m
2026-07-21 12:15:52 [INFO] 
2026-07-21 12:15:52 [INFO]   🔴 [91m[1mPT0002000101964938LF[0m  [2m[Cluster 0][0m
2026-07-21 12:15:52 [INFO]      consumiu MAIS que o habitual às 15h
2026-07-21 12:15:52 [INFO]      [2mReal:[0m 51.0 kWh   [2mHabitual:[0m 10.0 ± 1.0 kWh   [2mz:[0m +10.00⁺   [2mdesvio:[0m +410%   [2m(2 obs. dia_util)[0m
2026-07-21 12:15:52 [INFO] 
2026-07-21 12:15:52 [INFO]   🔴 [91m[1mPT0002000101964938LF[0m  [2m[Cluster 0][0m
2026-07-21 12:15:52 [INFO]      consumiu MAIS que o habitual às 16h
2026-07-21 12:15:52 [INFO]      [2mReal:[0m 47.0 kWh   [2mHabitual:[0m 10.5 ± 1.1 kWh   [2mz:[0m +10.00⁺   [2mdesvio:[0m +348%   [2m(2 obs. dia_util)[0m
2026-07-21 12:15:52 [INFO] 
2026-07-21 12:15:52 [INFO]   🔴 [91m[1mPT0002000101964938LF[0m  [2m[Cluster 0][0m
2026-07-21 12:15:52 [INFO]      consumiu MAIS que o habitual às 17h
2026-07-21 12:15:52 [INFO]      [2mReal:[0m 40.0 kWh   [2mHabitual:[0m 10.5 ± 1.1 kWh   [2mz:[0m +10.00⁺   [2mdesvio:[0m +281%   [2m(2 obs. dia_util)[0m
2026-07-21 12:15:52 [INFO] 
2026-07-21 12:15:52 [INFO]   🔴 [91m[1mPT0002000101964938LF[0m  [2m[Cluster 0][0m
2026-07-21 12:15:52 [INFO]      consumiu MAIS que o habitual às 18h
2026-07-21 12:15:52 [INFO]      [2mReal:[0m 38.0 kWh   [2mHabitual:[0m 11.0 ± 1.1 kWh   [2mz:[0m +10.00⁺   [2mdesvio:[0m +245%   [2m(2 obs. dia_util)[0m
2026-07-21 12:15:52 [INFO] 
2026-07-21 12:15:52 [INFO]   🔴 [91m[1mPT0002000101964938LF[0m  [2m[Cluster 0][0m
2026-07-21 12:15:52 [INFO]      consumiu MAIS que o habitual às 19h
2026-07-21 12:15:52 [INFO]      [2mReal:[0m 30.0 kWh   [2mHabitual:[0m 10.0 ± 1.0 kWh   [2mz:[0m +10.00⁺   [2mdesvio:[0m +200%   [2m(2 obs. dia_util)[0m
2026-07-21 12:15:52 [INFO] 
2026-07-21 12:15:52 [INFO]   🔴 [91m[1mPT0002000107046231FW[0m  [2m[Cluster 0][0m
2026-07-21 12:15:52 [INFO]      consumiu MAIS que o habitual às 08h
2026-07-21 12:15:52 [INFO]      [2mReal:[0m 9.0 kWh   [2mHabitual:[0m 4.0 ± 0.4 kWh   [2mz:[0m +10.00⁺   [2mdesvio:[0m +125%   [2m(2 obs. dia_util)[0m
2026-07-21 12:15:52 [INFO] 
2026-07-21 12:15:52 [INFO]   🔴 [91m[1mPT0002000107046231FW[0m  [2m[Cluster 0][0m
2026-07-21 12:15:52 [INFO]      consumiu MAIS que o habitual às 09h
2026-07-21 12:15:52 [INFO]      [2mReal:[0m 17.0 kWh   [2mHabitual:[0m 3.5 ± 0.7 kWh   [2mz:[0m +10.00⁺   [2mdesvio:[0m +386%   [2m(2 obs. dia_util)[0m
2026-07-21 12:15:52 [INFO] 
2026-07-21 12:15:52 [INFO]   🔴 [91m[1mPT0002000107046231FW[0m  [2m[Cluster 0][0m
2026-07-21 12:15:52 [INFO]      consumiu MAIS que o habitual às 10h
2026-07-21 12:15:52 [INFO]      [2mReal:[0m 28.0 kWh   [2mHabitual:[0m 2.5 ± 0.7 kWh   [2mz:[0m +10.00⁺   [2mdesvio:[0m +1020%   [2m(2 obs. dia_util)[0m
2026-07-21 12:15:52 [INFO] 
2026-07-21 12:15:52 [INFO]   🔴 [91m[1mPT0002000107046231FW[0m  [2m[Cluster 0][0m
2026-07-21 12:15:52 [INFO]      consumiu MAIS que o habitual às 11h
2026-07-21 12:15:52 [INFO]      [2mReal:[0m 38.0 kWh   [2mHabitual:[0m 2.0 ± 0.3 kWh   [2mz:[0m +10.00⁺   [2mdesvio:[0m +1800%   [2m(2 obs. dia_util)[0m
2026-07-21 12:15:52 [INFO] 
2026-07-21 12:15:52 [INFO]   🔴 [91m[1mPT0002000107046231FW[0m  [2m[Cluster 0][0m
2026-07-21 12:15:52 [INFO]      consumiu MAIS que o habitual às 12h
2026-07-21 12:15:52 [INFO]      [2mReal:[0m 31.0 kWh   [2mHabitual:[0m 2.5 ± 0.7 kWh   [2mz:[0m +10.00⁺   [2mdesvio:[0m +1140%   [2m(2 obs. dia_util)[0m
2026-07-21 12:15:52 [INFO] 
2026-07-21 12:15:52 [INFO]   🔴 [91m[1mPT0002000107046231FW[0m  [2m[Cluster 0][0m
2026-07-21 12:15:52 [INFO]      consumiu MAIS que o habitual às 13h
2026-07-21 12:15:52 [INFO]      [2mReal:[0m 29.0 kWh   [2mHabitual:[0m 1.5 ± 0.7 kWh   [2mz:[0m +10.00⁺   [2mdesvio:[0m +1833%   [2m(2 obs. dia_util)[0m
2026-07-21 12:15:52 [INFO] 
2026-07-21 12:15:52 [INFO]   🔴 [91m[1mPT0002000107046231FW[0m  [2m[Cluster 0][0m
2026-07-21 12:15:52 [INFO]      consumiu MAIS que o habitual às 14h
2026-07-21 12:15:52 [INFO]      [2mReal:[0m 31.0 kWh   [2mHabitual:[0m 3.0 ± 0.3 kWh   [2mz:[0m +10.00⁺   [2mdesvio:[0m +933%   [2m(2 obs. dia_util)[0m
2026-07-21 12:15:52 [INFO] 
2026-07-21 12:15:52 [INFO]   🔴 [91m[1mPT0002000107046231FW[0m  [2m[Cluster 0][0m
2026-07-21 12:15:52 [INFO]      consumiu MAIS que o habitual às 15h
2026-07-21 12:15:52 [INFO]      [2mReal:[0m 26.0 kWh   [2mHabitual:[0m 3.0 ± 0.3 kWh   [2mz:[0m +10.00⁺   [2mdesvio:[0m +767%   [2m(2 obs. dia_util)[0m
2026-07-21 12:15:52 [INFO] 
2026-07-21 12:15:52 [INFO]   🔴 [91m[1mPT0002000107046231FW[0m  [2m[Cluster 0][0m
2026-07-21 12:15:52 [INFO]      consumiu MAIS que o habitual às 16h
2026-07-21 12:15:52 [INFO]      [2mReal:[0m 24.0 kWh   [2mHabitual:[0m 2.0 ± 0.3 kWh   [2mz:[0m +10.00⁺   [2mdesvio:[0m +1100%   [2m(2 obs. dia_util)[0m
2026-07-21 12:15:52 [INFO] 
2026-07-21 12:15:52 [INFO]   🔴 [91m[1mPT0002000107046231FW[0m  [2m[Cluster 0][0m
2026-07-21 12:15:52 [INFO]      consumiu MAIS que o habitual às 17h
2026-07-21 12:15:52 [INFO]      [2mReal:[0m 10.0 kWh   [2mHabitual:[0m 3.0 ± 0.3 kWh   [2mz:[0m +10.00⁺   [2mdesvio:[0m +233%   [2m(2 obs. dia_util)[0m
2026-07-21 12:15:52 [INFO] 
2026-07-21 12:15:52 [INFO]   🔴 [91m[1mPT0002000107172384HT[0m  [2m[Cluster 1][0m
2026-07-21 12:15:52 [INFO]      consumiu MAIS que o habitual às 14h
2026-07-21 12:15:52 [INFO]      [2mReal:[0m 72.0 kWh   [2mHabitual:[0m 30.0 ± 3.0 kWh   [2mz:[0m +10.00⁺   [2mdesvio:[0m +140%   [2m(2 obs. dia_util)[0m
2026-07-21 12:15:52 [INFO] 
2026-07-21 12:15:52 [INFO]   🔴 [91m[1mPT0002000107172384HT[0m  [2m[Cluster 1][0m
2026-07-21 12:15:52 [INFO]      consumiu MAIS que o habitual às 15h
2026-07-21 12:15:52 [INFO]      [2mReal:[0m 83.0 kWh   [2mHabitual:[0m 31.0 ± 3.1 kWh   [2mz:[0m +10.00⁺   [2mdesvio:[0m +168%   [2m(2 obs. dia_util)[0m
2026-07-21 12:15:52 [INFO] 
2026-07-21 12:15:52 [INFO]   🔴 [91m[1mPT0002000107172384HT[0m  [2m[Cluster 1][0m
2026-07-21 12:15:52 [INFO]      consumiu MAIS que o habitual às 17h
2026-07-21 12:15:52 [INFO]      [2mReal:[0m 67.0 kWh   [2mHabitual:[0m 31.0 ± 3.1 kWh   [2mz:[0m +10.00⁺   [2mdesvio:[0m +116%   [2m(2 obs. dia_util)[0m
2026-07-21 12:15:52 [INFO] 
2026-07-21 12:15:52 [INFO]   🔴 [91m[1mPT0002000109837807PE[0m  [2m[Cluster 1][0m
2026-07-21 12:15:52 [INFO]      consumiu MAIS que o habitual às 18h
2026-07-21 12:15:52 [INFO]      [2mReal:[0m 25.0 kWh   [2mHabitual:[0m 3.5 ± 0.7 kWh   [2mz:[0m +10.00⁺   [2mdesvio:[0m +614%   [2m(2 obs. dia_util)[0m
2026-07-21 12:15:52 [INFO] 
2026-07-21 12:15:52 [INFO]   🔴 [91m[1mPT0002000109837807PE[0m  [2m[Cluster 1][0m
2026-07-21 12:15:52 [INFO]      consumiu MAIS que o habitual às 19h
2026-07-21 12:15:52 [INFO]      [2mReal:[0m 30.0 kWh   [2mHabitual:[0m 5.0 ± 0.5 kWh   [2mz:[0m +10.00⁺   [2mdesvio:[0m +500%   [2m(2 obs. dia_util)[0m
2026-07-21 12:15:52 [INFO] 
2026-07-21 12:15:52 [INFO]   🔴 [91m[1mPT0002000109837807PE[0m  [2m[Cluster 1][0m
2026-07-21 12:15:52 [INFO]      consumiu MAIS que o habitual às 20h
2026-07-21 12:15:52 [INFO]      [2mReal:[0m 25.0 kWh   [2mHabitual:[0m 7.0 ± 0.7 kWh   [2mz:[0m +10.00⁺   [2mdesvio:[0m +257%   [2m(2 obs. dia_util)[0m
2026-07-21 12:15:52 [INFO] 
2026-07-21 12:15:52 [INFO]   🔴 [91m[1mPT0002000109837807PE[0m  [2m[Cluster 1][0m
2026-07-21 12:15:52 [INFO]      consumiu MAIS que o habitual às 21h
2026-07-21 12:15:52 [INFO]      [2mReal:[0m 17.0 kWh   [2mHabitual:[0m 7.0 ± 0.7 kWh   [2mz:[0m +10.00⁺   [2mdesvio:[0m +143%   [2m(3 obs. dia_util)[0m
2026-07-21 12:15:52 [INFO] 
2026-07-21 12:15:52 [INFO]   🔴 [91m[1mPT0002000110607652SB[0m  [2m[Cluster 0][0m
2026-07-21 12:15:52 [INFO]      consumiu MAIS que o habitual às 11h
2026-07-21 12:15:52 [INFO]      [2mReal:[0m 56.0 kWh   [2mHabitual:[0m 18.0 ± 2.8 kWh   [2mz:[0m +10.00⁺   [2mdesvio:[0m +211%   [2m(2 obs. dia_util)[0m
2026-07-21 12:15:52 [INFO] 
2026-07-21 12:15:52 [INFO]   🔴 [91m[1mPT0002000110607652SB[0m  [2m[Cluster 0][0m
2026-07-21 12:15:52 [INFO]      consumiu MAIS que o habitual às 12h
2026-07-21 12:15:52 [INFO]      [2mReal:[0m 72.0 kWh   [2mHabitual:[0m 18.0 ± 2.8 kWh   [2mz:[0m +10.00⁺   [2mdesvio:[0m +300%   [2m(2 obs. dia_util)[0m
2026-07-21 12:15:52 [INFO] 
2026-07-21 12:15:52 [INFO]   🔴 [91m[1mPT0002000110607652SB[0m  [2m[Cluster 0][0m
2026-07-21 12:15:52 [INFO]      consumiu MAIS que o habitual às 13h
2026-07-21 12:15:52 [INFO]      [2mReal:[0m 72.0 kWh   [2mHabitual:[0m 16.0 ± 1.6 kWh   [2mz:[0m +10.00⁺   [2mdesvio:[0m +350%   [2m(2 obs. dia_util)[0m
2026-07-21 12:15:52 [INFO] 
2026-07-21 12:15:52 [INFO]   🔴 [91m[1mPT0002000110607652SB[0m  [2m[Cluster 0][0m
2026-07-21 12:15:52 [INFO]      consumiu MAIS que o habitual às 14h
2026-07-21 12:15:52 [INFO]      [2mReal:[0m 80.0 kWh   [2mHabitual:[0m 14.0 ± 2.8 kWh   [2mz:[0m +10.00⁺   [2mdesvio:[0m +471%   [2m(2 obs. dia_util)[0m
2026-07-21 12:15:52 [INFO] 
2026-07-21 12:15:52 [INFO]   🔴 [91m[1mPT0002000110607652SB[0m  [2m[Cluster 0][0m
2026-07-21 12:15:52 [INFO]      consumiu MAIS que o habitual às 15h
2026-07-21 12:15:52 [INFO]      [2mReal:[0m 80.0 kWh   [2mHabitual:[0m 16.0 ± 5.7 kWh   [2mz:[0m +10.00⁺   [2mdesvio:[0m +400%   [2m(2 obs. dia_util)[0m
2026-07-21 12:15:52 [INFO] 
2026-07-21 12:15:52 [INFO]   🔴 [91m[1mPT0002000110607652SB[0m  [2m[Cluster 0][0m
2026-07-21 12:15:52 [INFO]      consumiu MAIS que o habitual às 16h
2026-07-21 12:15:52 [INFO]      [2mReal:[0m 76.0 kWh   [2mHabitual:[0m 16.0 ± 1.6 kWh   [2mz:[0m +10.00⁺   [2mdesvio:[0m +375%   [2m(2 obs. dia_util)[0m
2026-07-21 12:15:52 [INFO] 
2026-07-21 12:15:52 [INFO]   🔴 [91m[1mPT0002000110607652SB[0m  [2m[Cluster 0][0m
2026-07-21 12:15:52 [INFO]      consumiu MAIS que o habitual às 17h
2026-07-21 12:15:52 [INFO]      [2mReal:[0m 76.0 kWh   [2mHabitual:[0m 16.0 ± 1.6 kWh   [2mz:[0m +10.00⁺   [2mdesvio:[0m +375%   [2m(2 obs. dia_util)[0m
2026-07-21 12:15:52 [INFO] 
2026-07-21 12:15:52 [INFO]   🔴 [91m[1mPT0002000110607652SB[0m  [2m[Cluster 0][0m
2026-07-21 12:15:52 [INFO]      consumiu MAIS que o habitual às 18h
2026-07-21 12:15:52 [INFO]      [2mReal:[0m 64.0 kWh   [2mHabitual:[0m 16.0 ± 1.6 kWh   [2mz:[0m +10.00⁺   [2mdesvio:[0m +300%   [2m(2 obs. dia_util)[0m
2026-07-21 12:15:52 [INFO] 
2026-07-21 12:15:52 [INFO]   🔴 [91m[1mPT0002000110607652SB[0m  [2m[Cluster 0][0m
2026-07-21 12:15:52 [INFO]      consumiu MAIS que o habitual às 19h
2026-07-21 12:15:52 [INFO]      [2mReal:[0m 60.0 kWh   [2mHabitual:[0m 16.0 ± 1.6 kWh   [2mz:[0m +10.00⁺   [2mdesvio:[0m +275%   [2m(2 obs. dia_util)[0m
2026-07-21 12:15:52 [INFO] 
2026-07-21 12:15:52 [INFO]   🔴 [91m[1mPT0002000111572054VT[0m  [2m[sem cluster][0m
2026-07-21 12:15:52 [INFO]      consumiu MAIS que o habitual às 12h
2026-07-21 12:15:52 [INFO]      [2mReal:[0m 53.0 kWh   [2mHabitual:[0m 2.5 ± 3.5 kWh   [2mz:[0m +10.00⁺   [2mdesvio:[0m +2020%   [2m(2 obs. dia_util)[0m
2026-07-21 12:15:52 [INFO] 
2026-07-21 12:15:52 [INFO]   🔴 [91m[1mPT0002000111572054VT[0m  [2m[sem cluster][0m
2026-07-21 12:15:52 [INFO]      consumiu MAIS que o habitual às 13h
2026-07-21 12:15:52 [INFO]      [2mReal:[0m 27.0 kWh   [2mHabitual:[0m 0.5 ± 0.7 kWh   [2mz:[0m +10.00⁺   [2mdesvio:[0m +5300%   [2m(2 obs. dia_util)[0m
2026-07-21 12:15:52 [INFO] 
2026-07-21 12:15:52 [INFO]   🔴 [91m[1mPT0002000111572054VT[0m  [2m[sem cluster][0m
2026-07-21 12:15:52 [INFO]      consumiu MAIS que o habitual às 14h
2026-07-21 12:15:52 [INFO]      [2mReal:[0m 56.0 kWh   [2mHabitual:[0m 0.0 ± 0.3 kWh   [2mz:[0m +10.00⁺   [2mdesvio:[0m +5600000%   [2m(2 obs. dia_util)[0m
2026-07-21 12:15:52 [INFO] 
2026-07-21 12:15:52 [INFO]   🔴 [91m[1mPT0002000111572054VT[0m  [2m[sem cluster][0m
2026-07-21 12:15:52 [INFO]      consumiu MAIS que o habitual às 15h
2026-07-21 12:15:52 [INFO]      [2mReal:[0m 37.0 kWh   [2mHabitual:[0m 0.5 ± 0.7 kWh   [2mz:[0m +10.00⁺   [2mdesvio:[0m +7300%   [2m(2 obs. dia_util)[0m
2026-07-21 12:15:52 [INFO] 
2026-07-21 12:15:52 [INFO]   🔴 [91m[1mPT0002000111572054VT[0m  [2m[sem cluster][0m
2026-07-21 12:15:52 [INFO]      consumiu MAIS que o habitual às 16h
2026-07-21 12:15:52 [INFO]      [2mReal:[0m 31.0 kWh   [2mHabitual:[0m 0.5 ± 0.7 kWh   [2mz:[0m +10.00⁺   [2mdesvio:[0m +6100%   [2m(2 obs. dia_util)[0m
2026-07-21 12:15:52 [INFO] 
2026-07-21 12:15:52 [INFO]   🔴 [91m[1mPT0002000111572054VT[0m  [2m[sem cluster][0m
2026-07-21 12:15:52 [INFO]      consumiu MAIS que o habitual às 17h
2026-07-21 12:15:52 [INFO]      [2mReal:[0m 25.0 kWh   [2mHabitual:[0m 3.0 ± 0.3 kWh   [2mz:[0m +10.00⁺   [2mdesvio:[0m +733%   [2m(2 obs. dia_util)[0m
2026-07-21 12:15:52 [INFO] 
2026-07-21 12:15:52 [INFO]   🔴 [91m[1mPT0002000111572054VT[0m  [2m[sem cluster][0m
2026-07-21 12:15:52 [INFO]      consumiu MAIS que o habitual às 18h
2026-07-21 12:15:52 [INFO]      [2mReal:[0m 33.0 kWh   [2mHabitual:[0m 8.0 ± 0.8 kWh   [2mz:[0m +10.00⁺   [2mdesvio:[0m +312%   [2m(2 obs. dia_util)[0m
2026-07-21 12:15:52 [INFO] 
2026-07-21 12:15:52 [INFO]   🔴 [91m[1mPT0002000112989585PH[0m  [2m[Cluster 0][0m
2026-07-21 12:15:52 [INFO]      consumiu MAIS que o habitual às 12h
2026-07-21 12:15:52 [INFO]      [2mReal:[0m 3.0 kWh   [2mHabitual:[0m 0.0 ± 0.3 kWh   [2mz:[0m +10.00   [2mdesvio:[0m +300000%   [2m(2 obs. dia_util)[0m
2026-07-21 12:15:52 [INFO] 
2026-07-21 12:15:52 [INFO]   🔴 [91m[1mPT0002000112989585PH[0m  [2m[Cluster 0][0m
2026-07-21 12:15:52 [INFO]      consumiu MAIS que o habitual às 17h
2026-07-21 12:15:52 [INFO]      [2mReal:[0m 6.0 kWh   [2mHabitual:[0m 0.0 ± 0.3 kWh   [2mz:[0m +10.00⁺   [2mdesvio:[0m +600000%   [2m(2 obs. dia_util)[0m
2026-07-21 12:15:52 [INFO] 
2026-07-21 12:15:52 [INFO]   🔴 [91m[1mPT0002000112989585PH[0m  [2m[Cluster 0][0m
2026-07-21 12:15:52 [INFO]      consumiu MAIS que o habitual às 18h
2026-07-21 12:15:52 [INFO]      [2mReal:[0m 34.0 kWh   [2mHabitual:[0m 10.0 ± 1.0 kWh   [2mz:[0m +10.00⁺   [2mdesvio:[0m +240%   [2m(2 obs. dia_util)[0m
2026-07-21 12:15:52 [INFO] 
2026-07-21 12:15:52 [INFO]   🔴 [91m[1mPT0002000115031201VQ[0m  [2m[Cluster 0][0m
2026-07-21 12:15:52 [INFO]      consumiu MAIS que o habitual às 08h
2026-07-21 12:15:52 [INFO]      [2mReal:[0m 15.0 kWh   [2mHabitual:[0m 5.5 ± 0.7 kWh   [2mz:[0m +10.00⁺   [2mdesvio:[0m +173%   [2m(2 obs. dia_util)[0m
2026-07-21 12:15:52 [INFO] 
2026-07-21 12:15:52 [INFO]   🔴 [91m[1mPT0002000115031201VQ[0m  [2m[Cluster 0][0m
2026-07-21 12:15:52 [INFO]      consumiu MAIS que o habitual às 09h
2026-07-21 12:15:52 [INFO]      [2mReal:[0m 19.0 kWh   [2mHabitual:[0m 3.5 ± 0.7 kWh   [2mz:[0m +10.00⁺   [2mdesvio:[0m +443%   [2m(2 obs. dia_util)[0m
2026-07-21 12:15:52 [INFO] 
2026-07-21 12:15:52 [INFO]   🔴 [91m[1mPT0002000115031201VQ[0m  [2m[Cluster 0][0m
2026-07-21 12:15:52 [INFO]      consumiu MAIS que o habitual às 10h
2026-07-21 12:15:52 [INFO]      [2mReal:[0m 21.0 kWh   [2mHabitual:[0m 3.5 ± 0.7 kWh   [2mz:[0m +10.00⁺   [2mdesvio:[0m +500%   [2m(2 obs. dia_util)[0m
2026-07-21 12:15:52 [INFO] 
2026-07-21 12:15:52 [INFO]   🔴 [91m[1mPT0002000115031201VQ[0m  [2m[Cluster 0][0m
2026-07-21 12:15:52 [INFO]      consumiu MAIS que o habitual às 11h
2026-07-21 12:15:52 [INFO]      [2mReal:[0m 40.0 kWh   [2mHabitual:[0m 3.0 ± 0.3 kWh   [2mz:[0m +10.00⁺   [2mdesvio:[0m +1233%   [2m(2 obs. dia_util)[0m
2026-07-21 12:15:52 [INFO] 
2026-07-21 12:15:52 [INFO]   🔴 [91m[1mPT0002000115031201VQ[0m  [2m[Cluster 0][0m
2026-07-21 12:15:52 [INFO]      consumiu MAIS que o habitual às 12h
2026-07-21 12:15:52 [INFO]      [2mReal:[0m 40.0 kWh   [2mHabitual:[0m 5.0 ± 1.4 kWh   [2mz:[0m +10.00⁺   [2mdesvio:[0m +700%   [2m(2 obs. dia_util)[0m
2026-07-21 12:15:52 [INFO] 
2026-07-21 12:15:52 [INFO]   🔴 [91m[1mPT0002000115031201VQ[0m  [2m[Cluster 0][0m
2026-07-21 12:15:52 [INFO]      consumiu MAIS que o habitual às 13h
2026-07-21 12:15:52 [INFO]      [2mReal:[0m 40.0 kWh   [2mHabitual:[0m 3.5 ± 0.7 kWh   [2mz:[0m +10.00⁺   [2mdesvio:[0m +1043%   [2m(2 obs. dia_util)[0m
2026-07-21 12:15:52 [INFO] 
2026-07-21 12:15:52 [INFO]   🔴 [91m[1mPT0002000115031201VQ[0m  [2m[Cluster 0][0m
2026-07-21 12:15:52 [INFO]      consumiu MAIS que o habitual às 14h
2026-07-21 12:15:52 [INFO]      [2mReal:[0m 20.0 kWh   [2mHabitual:[0m 4.5 ± 0.7 kWh   [2mz:[0m +10.00⁺   [2mdesvio:[0m +344%   [2m(2 obs. dia_util)[0m
2026-07-21 12:15:52 [INFO] 
2026-07-21 12:15:52 [INFO]   🔴 [91m[1mPT0002000115031201VQ[0m  [2m[Cluster 0][0m
2026-07-21 12:15:52 [INFO]      consumiu MAIS que o habitual às 15h
2026-07-21 12:15:52 [INFO]      [2mReal:[0m 19.0 kWh   [2mHabitual:[0m 3.0 ± 0.3 kWh   [2mz:[0m +10.00⁺   [2mdesvio:[0m +533%   [2m(2 obs. dia_util)[0m
2026-07-21 12:15:52 [INFO] 
2026-07-21 12:15:52 [INFO]   🔴 [91m[1mPT0002000115031201VQ[0m  [2m[Cluster 0][0m
2026-07-21 12:15:52 [INFO]      consumiu MAIS que o habitual às 16h
2026-07-21 12:15:52 [INFO]      [2mReal:[0m 21.0 kWh   [2mHabitual:[0m 3.5 ± 0.7 kWh   [2mz:[0m +10.00⁺   [2mdesvio:[0m +500%   [2m(2 obs. dia_util)[0m
2026-07-21 12:15:52 [INFO] 
2026-07-21 12:15:52 [INFO]   🔴 [91m[1mPT0002000115031201VQ[0m  [2m[Cluster 0][0m
2026-07-21 12:15:52 [INFO]      consumiu MAIS que o habitual às 17h
2026-07-21 12:15:52 [INFO]      [2mReal:[0m 19.0 kWh   [2mHabitual:[0m 3.5 ± 0.7 kWh   [2mz:[0m +10.00⁺   [2mdesvio:[0m +443%   [2m(2 obs. dia_util)[0m
2026-07-21 12:15:52 [INFO] 
2026-07-21 12:15:52 [INFO]   🔴 [91m[1mPT0002000115031201VQ[0m  [2m[Cluster 0][0m
2026-07-21 12:15:52 [INFO]      consumiu MAIS que o habitual às 18h
2026-07-21 12:15:52 [INFO]      [2mReal:[0m 12.0 kWh   [2mHabitual:[0m 6.0 ± 0.6 kWh   [2mz:[0m +10.00   [2mdesvio:[0m +100%   [2m(2 obs. dia_util)[0m
2026-07-21 12:15:52 [INFO] 
2026-07-21 12:15:52 [INFO]   🔴 [91m[1mPT0002000115673389QK[0m  [2m[Cluster 0][0m
2026-07-21 12:15:52 [INFO]      consumiu MAIS que o habitual às 08h
2026-07-21 12:15:52 [INFO]      [2mReal:[0m 56.0 kWh   [2mHabitual:[0m 21.0 ± 2.1 kWh   [2mz:[0m +10.00⁺   [2mdesvio:[0m +167%   [2m(2 obs. dia_util)[0m
2026-07-21 12:15:52 [INFO] 
2026-07-21 12:15:52 [INFO]   🔴 [91m[1mPT0002000115673389QK[0m  [2m[Cluster 0][0m
2026-07-21 12:15:52 [INFO]      consumiu MAIS que o habitual às 09h
2026-07-21 12:15:52 [INFO]      [2mReal:[0m 57.0 kWh   [2mHabitual:[0m 22.5 ± 2.2 kWh   [2mz:[0m +10.00⁺   [2mdesvio:[0m +153%   [2m(2 obs. dia_util)[0m
2026-07-21 12:15:52 [INFO] 
2026-07-21 12:15:52 [INFO]   🔴 [91m[1mPT0002000115673389QK[0m  [2m[Cluster 0][0m
2026-07-21 12:15:52 [INFO]      consumiu MAIS que o habitual às 10h
2026-07-21 12:15:52 [INFO]      [2mReal:[0m 80.0 kWh   [2mHabitual:[0m 22.0 ± 2.2 kWh   [2mz:[0m +10.00⁺   [2mdesvio:[0m +264%   [2m(2 obs. dia_util)[0m
2026-07-21 12:15:52 [INFO] 
2026-07-21 12:15:52 [INFO]   🔴 [91m[1mPT0002000115673389QK[0m  [2m[Cluster 0][0m
2026-07-21 12:15:52 [INFO]      consumiu MAIS que o habitual às 11h
2026-07-21 12:15:52 [INFO]      [2mReal:[0m 105.0 kWh   [2mHabitual:[0m 20.5 ± 2.0 kWh   [2mz:[0m +10.00⁺   [2mdesvio:[0m +412%   [2m(2 obs. dia_util)[0m
2026-07-21 12:15:52 [INFO] 
2026-07-21 12:15:52 [INFO]   🔴 [91m[1mPT0002000115673389QK[0m  [2m[Cluster 0][0m
2026-07-21 12:15:52 [INFO]      consumiu MAIS que o habitual às 12h
2026-07-21 12:15:52 [INFO]      [2mReal:[0m 86.0 kWh   [2mHabitual:[0m 21.5 ± 2.1 kWh   [2mz:[0m +10.00⁺   [2mdesvio:[0m +300%   [2m(2 obs. dia_util)[0m
2026-07-21 12:15:52 [INFO] 
2026-07-21 12:15:52 [INFO]   🔴 [91m[1mPT0002000115673389QK[0m  [2m[Cluster 0][0m
2026-07-21 12:15:52 [INFO]      consumiu MAIS que o habitual às 13h
2026-07-21 12:15:52 [INFO]      [2mReal:[0m 80.0 kWh   [2mHabitual:[0m 22.0 ± 2.2 kWh   [2mz:[0m +10.00⁺   [2mdesvio:[0m +264%   [2m(2 obs. dia_util)[0m
2026-07-21 12:15:52 [INFO] 
2026-07-21 12:15:52 [INFO]   🔴 [91m[1mPT0002000115673389QK[0m  [2m[Cluster 0][0m
2026-07-21 12:15:52 [INFO]      consumiu MAIS que o habitual às 14h
2026-07-21 12:15:52 [INFO]      [2mReal:[0m 64.0 kWh   [2mHabitual:[0m 21.0 ± 2.1 kWh   [2mz:[0m +10.00⁺   [2mdesvio:[0m +205%   [2m(2 obs. dia_util)[0m
2026-07-21 12:15:52 [INFO] 
2026-07-21 12:15:52 [INFO]   🔴 [91m[1mPT0002000115673389QK[0m  [2m[Cluster 0][0m
2026-07-21 12:15:52 [INFO]      consumiu MAIS que o habitual às 15h
2026-07-21 12:15:52 [INFO]      [2mReal:[0m 58.0 kWh   [2mHabitual:[0m 20.5 ± 2.0 kWh   [2mz:[0m +10.00⁺   [2mdesvio:[0m +183%   [2m(2 obs. dia_util)[0m
2026-07-21 12:15:52 [INFO] 
2026-07-21 12:15:52 [INFO]   🔴 [91m[1mPT0002000115673389QK[0m  [2m[Cluster 0][0m
2026-07-21 12:15:52 [INFO]      consumiu MAIS que o habitual às 16h
2026-07-21 12:15:52 [INFO]      [2mReal:[0m 49.0 kWh   [2mHabitual:[0m 22.0 ± 2.2 kWh   [2mz:[0m +10.00⁺   [2mdesvio:[0m +123%   [2m(2 obs. dia_util)[0m
2026-07-21 12:15:52 [INFO] 
2026-07-21 12:15:52 [INFO]   🔴 [91m[1mPT0002000115673471CB[0m  [2m[Cluster 0][0m
2026-07-21 12:15:52 [INFO]      consumiu MAIS que o habitual às 07h
2026-07-21 12:15:52 [INFO]      [2mReal:[0m 44.0 kWh   [2mHabitual:[0m 12.5 ± 2.1 kWh   [2mz:[0m +10.00⁺   [2mdesvio:[0m +252%   [2m(2 obs. dia_util)[0m
2026-07-21 12:15:52 [INFO] 
2026-07-21 12:15:52 [INFO]   🔴 [91m[1mPT0002000115673471CB[0m  [2m[Cluster 0][0m
2026-07-21 12:15:52 [INFO]      consumiu MAIS que o habitual às 08h
2026-07-21 12:15:52 [INFO]      [2mReal:[0m 48.0 kWh   [2mHabitual:[0m 11.5 ± 1.1 kWh   [2mz:[0m +10.00⁺   [2mdesvio:[0m +317%   [2m(2 obs. dia_util)[0m
2026-07-21 12:15:52 [INFO] 
2026-07-21 12:15:52 [INFO]   🔴 [91m[1mPT0002000115673471CB[0m  [2m[Cluster 0][0m
2026-07-21 12:15:52 [INFO]      consumiu MAIS que o habitual às 09h
2026-07-21 12:15:52 [INFO]      [2mReal:[0m 55.0 kWh   [2mHabitual:[0m 10.5 ± 1.1 kWh   [2mz:[0m +10.00⁺   [2mdesvio:[0m +424%   [2m(2 obs. dia_util)[0m
2026-07-21 12:15:52 [INFO] 
2026-07-21 12:15:52 [INFO]   🔴 [91m[1mPT0002000115673471CB[0m  [2m[Cluster 0][0m
2026-07-21 12:15:52 [INFO]      consumiu MAIS que o habitual às 10h
2026-07-21 12:15:52 [INFO]      [2mReal:[0m 50.0 kWh   [2mHabitual:[0m 11.5 ± 1.1 kWh   [2mz:[0m +10.00⁺   [2mdesvio:[0m +335%   [2m(2 obs. dia_util)[0m
2026-07-21 12:15:52 [INFO] 
2026-07-21 12:15:52 [INFO]   🔴 [91m[1mPT0002000115673471CB[0m  [2m[Cluster 0][0m
2026-07-21 12:15:52 [INFO]      consumiu MAIS que o habitual às 11h
2026-07-21 12:15:52 [INFO]      [2mReal:[0m 53.0 kWh   [2mHabitual:[0m 12.5 ± 1.2 kWh   [2mz:[0m +10.00⁺   [2mdesvio:[0m +324%   [2m(2 obs. dia_util)[0m
2026-07-21 12:15:52 [INFO] 
2026-07-21 12:15:52 [INFO]   🔴 [91m[1mPT0002000115673471CB[0m  [2m[Cluster 0][0m
2026-07-21 12:15:52 [INFO]      consumiu MAIS que o habitual às 12h
2026-07-21 12:15:52 [INFO]      [2mReal:[0m 68.0 kWh   [2mHabitual:[0m 11.5 ± 1.1 kWh   [2mz:[0m +10.00⁺   [2mdesvio:[0m +491%   [2m(2 obs. dia_util)[0m
2026-07-21 12:15:52 [INFO] 
2026-07-21 12:15:52 [INFO]   🔴 [91m[1mPT0002000115673471CB[0m  [2m[Cluster 0][0m
2026-07-21 12:15:52 [INFO]      consumiu MAIS que o habitual às 13h
2026-07-21 12:15:52 [INFO]      [2mReal:[0m 44.0 kWh   [2mHabitual:[0m 12.0 ± 1.2 kWh   [2mz:[0m +10.00⁺   [2mdesvio:[0m +267%   [2m(2 obs. dia_util)[0m
2026-07-21 12:15:52 [INFO] 
2026-07-21 12:15:52 [INFO]   🔴 [91m[1mPT0002000115673471CB[0m  [2m[Cluster 0][0m
2026-07-21 12:15:52 [INFO]      consumiu MAIS que o habitual às 14h
2026-07-21 12:15:52 [INFO]      [2mReal:[0m 33.0 kWh   [2mHabitual:[0m 11.0 ± 1.1 kWh   [2mz:[0m +10.00⁺   [2mdesvio:[0m +200%   [2m(2 obs. dia_util)[0m
2026-07-21 12:15:52 [INFO] 
2026-07-21 12:15:52 [INFO]   🔴 [91m[1mPT0002000115673471CB[0m  [2m[Cluster 0][0m
2026-07-21 12:15:52 [INFO]      consumiu MAIS que o habitual às 15h
2026-07-21 12:15:52 [INFO]      [2mReal:[0m 29.0 kWh   [2mHabitual:[0m 11.5 ± 1.1 kWh   [2mz:[0m +10.00⁺   [2mdesvio:[0m +152%   [2m(2 obs. dia_util)[0m
2026-07-21 12:15:52 [INFO] 
2026-07-21 12:15:52 [INFO]   🔴 [91m[1mPT0002000115700602GW[0m  [2m[Cluster 0][0m
2026-07-21 12:15:52 [INFO]      consumiu MAIS que o habitual às 07h
2026-07-21 12:15:52 [INFO]      [2mReal:[0m 17.0 kWh   [2mHabitual:[0m 8.0 ± 0.8 kWh   [2mz:[0m +10.00⁺   [2mdesvio:[0m +112%   [2m(2 obs. dia_util)[0m
2026-07-21 12:15:52 [INFO] 
2026-07-21 12:15:52 [INFO]   🔴 [91m[1mPT0002000115700602GW[0m  [2m[Cluster 0][0m
2026-07-21 12:15:52 [INFO]      consumiu MAIS que o habitual às 08h
2026-07-21 12:15:52 [INFO]      [2mReal:[0m 24.0 kWh   [2mHabitual:[0m 8.5 ± 0.8 kWh   [2mz:[0m +10.00⁺   [2mdesvio:[0m +182%   [2m(2 obs. dia_util)[0m
2026-07-21 12:15:52 [INFO] 
2026-07-21 12:15:52 [INFO]   🔴 [91m[1mPT0002000115700602GW[0m  [2m[Cluster 0][0m
2026-07-21 12:15:52 [INFO]      consumiu MAIS que o habitual às 09h
2026-07-21 12:15:52 [INFO]      [2mReal:[0m 22.0 kWh   [2mHabitual:[0m 8.5 ± 0.8 kWh   [2mz:[0m +10.00⁺   [2mdesvio:[0m +159%   [2m(2 obs. dia_util)[0m
2026-07-21 12:15:52 [INFO] 
2026-07-21 12:15:52 [INFO]   🔴 [91m[1mPT0002000115700602GW[0m  [2m[Cluster 0][0m
2026-07-21 12:15:52 [INFO]      consumiu MAIS que o habitual às 10h
2026-07-21 12:15:52 [INFO]      [2mReal:[0m 38.0 kWh   [2mHabitual:[0m 8.5 ± 0.8 kWh   [2mz:[0m +10.00⁺   [2mdesvio:[0m +347%   [2m(2 obs. dia_util)[0m
2026-07-21 12:15:52 [INFO] 
2026-07-21 12:15:52 [INFO]   🔴 [91m[1mPT0002000115700602GW[0m  [2m[Cluster 0][0m
2026-07-21 12:15:52 [INFO]      consumiu MAIS que o habitual às 11h
2026-07-21 12:15:52 [INFO]      [2mReal:[0m 43.0 kWh   [2mHabitual:[0m 7.5 ± 0.8 kWh   [2mz:[0m +10.00⁺   [2mdesvio:[0m +473%   [2m(2 obs. dia_util)[0m
2026-07-21 12:15:52 [INFO] 
2026-07-21 12:15:52 [INFO]   🔴 [91m[1mPT0002000115700602GW[0m  [2m[Cluster 0][0m
2026-07-21 12:15:52 [INFO]      consumiu MAIS que o habitual às 12h
2026-07-21 12:15:52 [INFO]      [2mReal:[0m 48.0 kWh   [2mHabitual:[0m 9.0 ± 0.9 kWh   [2mz:[0m +10.00⁺   [2mdesvio:[0m +433%   [2m(2 obs. dia_util)[0m
2026-07-21 12:15:52 [INFO] 
2026-07-21 12:15:52 [INFO]   🔴 [91m[1mPT0002000115700602GW[0m  [2m[Cluster 0][0m
2026-07-21 12:15:52 [INFO]      consumiu MAIS que o habitual às 13h
2026-07-21 12:15:52 [INFO]      [2mReal:[0m 35.0 kWh   [2mHabitual:[0m 8.0 ± 0.8 kWh   [2mz:[0m +10.00⁺   [2mdesvio:[0m +338%   [2m(2 obs. dia_util)[0m
2026-07-21 12:15:52 [INFO] 
2026-07-21 12:15:52 [INFO]   🔴 [91m[1mPT0002000115700602GW[0m  [2m[Cluster 0][0m
2026-07-21 12:15:52 [INFO]      consumiu MAIS que o habitual às 14h
2026-07-21 12:15:52 [INFO]      [2mReal:[0m 24.0 kWh   [2mHabitual:[0m 8.5 ± 0.8 kWh   [2mz:[0m +10.00⁺   [2mdesvio:[0m +182%   [2m(2 obs. dia_util)[0m
2026-07-21 12:15:52 [INFO] 
2026-07-21 12:15:52 [INFO]   🔴 [91m[1mPT0002000115700602GW[0m  [2m[Cluster 0][0m
2026-07-21 12:15:52 [INFO]      consumiu MAIS que o habitual às 15h
2026-07-21 12:15:52 [INFO]      [2mReal:[0m 25.0 kWh   [2mHabitual:[0m 8.5 ± 0.8 kWh   [2mz:[0m +10.00⁺   [2mdesvio:[0m +194%   [2m(2 obs. dia_util)[0m
2026-07-21 12:15:52 [INFO] 
2026-07-21 12:15:52 [INFO]   🔴 [91m[1mPT0002000115700602GW[0m  [2m[Cluster 0][0m
2026-07-21 12:15:52 [INFO]      consumiu MAIS que o habitual às 16h
2026-07-21 12:15:52 [INFO]      [2mReal:[0m 28.0 kWh   [2mHabitual:[0m 8.0 ± 0.8 kWh   [2mz:[0m +10.00⁺   [2mdesvio:[0m +250%   [2m(2 obs. dia_util)[0m
2026-07-21 12:15:52 [INFO] 
2026-07-21 12:15:52 [INFO]   🔴 [91m[1mPT0002000115700602GW[0m  [2m[Cluster 0][0m
2026-07-21 12:15:52 [INFO]      consumiu MAIS que o habitual às 17h
2026-07-21 12:15:52 [INFO]      [2mReal:[0m 28.0 kWh   [2mHabitual:[0m 8.5 ± 0.8 kWh   [2mz:[0m +10.00⁺   [2mdesvio:[0m +229%   [2m(2 obs. dia_util)[0m
2026-07-21 12:15:52 [INFO] 
2026-07-21 12:15:52 [INFO]   🔴 [91m[1mPT0002000119303492KB[0m  [2m[Cluster 0][0m
2026-07-21 12:15:52 [INFO]      consumiu MAIS que o habitual às 08h
2026-07-21 12:15:52 [INFO]      [2mReal:[0m 20.0 kWh   [2mHabitual:[0m 3.5 ± 0.7 kWh   [2mz:[0m +10.00⁺   [2mdesvio:[0m +471%   [2m(2 obs. dia_util)[0m
2026-07-21 12:15:52 [INFO] 
2026-07-21 12:15:52 [INFO]   🔴 [91m[1mPT0002000119303492KB[0m  [2m[Cluster 0][0m
2026-07-21 12:15:52 [INFO]      consumiu MAIS que o habitual às 09h
2026-07-21 12:15:52 [INFO]      [2mReal:[0m 22.0 kWh   [2mHabitual:[0m 3.0 ± 0.3 kWh   [2mz:[0m +10.00⁺   [2mdesvio:[0m +633%   [2m(2 obs. dia_util)[0m
2026-07-21 12:15:52 [INFO] 
2026-07-21 12:15:52 [INFO]   🔴 [91m[1mPT0002000119303492KB[0m  [2m[Cluster 0][0m
2026-07-21 12:15:52 [INFO]      consumiu MAIS que o habitual às 10h
2026-07-21 12:15:52 [INFO]      [2mReal:[0m 49.0 kWh   [2mHabitual:[0m 4.0 ± 0.4 kWh   [2mz:[0m +10.00⁺   [2mdesvio:[0m +1125%   [2m(2 obs. dia_util)[0m
2026-07-21 12:15:52 [INFO] 
2026-07-21 12:15:52 [INFO]   🔴 [91m[1mPT0002000119303492KB[0m  [2m[Cluster 0][0m
2026-07-21 12:15:52 [INFO]      consumiu MAIS que o habitual às 11h
2026-07-21 12:15:52 [INFO]      [2mReal:[0m 48.0 kWh   [2mHabitual:[0m 3.0 ± 1.4 kWh   [2mz:[0m +10.00⁺   [2mdesvio:[0m +1500%   [2m(2 obs. dia_util)[0m
2026-07-21 12:15:52 [INFO] 
2026-07-21 12:15:52 [INFO]   🔴 [91m[1mPT0002000119303492KB[0m  [2m[Cluster 0][0m
2026-07-21 12:15:52 [INFO]      consumiu MAIS que o habitual às 12h
2026-07-21 12:15:52 [INFO]      [2mReal:[0m 41.0 kWh   [2mHabitual:[0m 3.5 ± 0.7 kWh   [2mz:[0m +10.00⁺   [2mdesvio:[0m +1071%   [2m(2 obs. dia_util)[0m
2026-07-21 12:15:52 [INFO] 
2026-07-21 12:15:52 [INFO]   🔴 [91m[1mPT0002000119303492KB[0m  [2m[Cluster 0][0m
2026-07-21 12:15:52 [INFO]      consumiu MAIS que o habitual às 13h
2026-07-21 12:15:52 [INFO]      [2mReal:[0m 32.0 kWh   [2mHabitual:[0m 3.0 ± 0.3 kWh   [2mz:[0m +10.00⁺   [2mdesvio:[0m +967%   [2m(2 obs. dia_util)[0m
2026-07-21 12:15:52 [INFO] 
2026-07-21 12:15:52 [INFO]   🔴 [91m[1mPT0002000119303492KB[0m  [2m[Cluster 0][0m
2026-07-21 12:15:52 [INFO]      consumiu MAIS que o habitual às 14h
2026-07-21 12:15:52 [INFO]      [2mReal:[0m 32.0 kWh   [2mHabitual:[0m 3.5 ± 0.7 kWh   [2mz:[0m +10.00⁺   [2mdesvio:[0m +814%   [2m(2 obs. dia_util)[0m
2026-07-21 12:15:52 [INFO] 
2026-07-21 12:15:52 [INFO]   🔴 [91m[1mPT0002000119303492KB[0m  [2m[Cluster 0][0m
2026-07-21 12:15:52 [INFO]      consumiu MAIS que o habitual às 15h
2026-07-21 12:15:52 [INFO]      [2mReal:[0m 26.0 kWh   [2mHabitual:[0m 3.5 ± 0.7 kWh   [2mz:[0m +10.00⁺   [2mdesvio:[0m +643%   [2m(2 obs. dia_util)[0m
2026-07-21 12:15:52 [INFO] 
2026-07-21 12:15:52 [INFO]   🔴 [91m[1mPT0002000119303492KB[0m  [2m[Cluster 0][0m
2026-07-21 12:15:52 [INFO]      consumiu MAIS que o habitual às 16h
2026-07-21 12:15:52 [INFO]      [2mReal:[0m 21.0 kWh   [2mHabitual:[0m 3.0 ± 0.3 kWh   [2mz:[0m +10.00⁺   [2mdesvio:[0m +600%   [2m(2 obs. dia_util)[0m
2026-07-21 12:15:52 [INFO] 
2026-07-21 12:15:52 [INFO]   🔴 [91m[1mPT0002000119303492KB[0m  [2m[Cluster 0][0m
2026-07-21 12:15:52 [INFO]      consumiu MAIS que o habitual às 17h
2026-07-21 12:15:52 [INFO]      [2mReal:[0m 19.0 kWh   [2mHabitual:[0m 4.5 ± 0.7 kWh   [2mz:[0m +10.00⁺   [2mdesvio:[0m +322%   [2m(2 obs. dia_util)[0m
2026-07-21 12:15:52 [INFO] 
2026-07-21 12:15:52 [INFO]   🔴 [91m[1mPT0002000119303492KB[0m  [2m[Cluster 0][0m
2026-07-21 12:15:52 [INFO]      consumiu MAIS que o habitual às 18h
2026-07-21 12:15:52 [INFO]      [2mReal:[0m 12.0 kWh   [2mHabitual:[0m 3.5 ± 0.7 kWh   [2mz:[0m +10.00⁺   [2mdesvio:[0m +243%   [2m(2 obs. dia_util)[0m
2026-07-21 12:15:52 [INFO] 
2026-07-21 12:15:52 [INFO]   🔴 [91m[1mPT0002000120237616VJ[0m  [2m[Cluster 0][0m
2026-07-21 12:15:52 [INFO]      consumiu MAIS que o habitual às 07h
2026-07-21 12:15:52 [INFO]      [2mReal:[0m 42.0 kWh   [2mHabitual:[0m 11.5 ± 1.1 kWh   [2mz:[0m +10.00⁺   [2mdesvio:[0m +265%   [2m(2 obs. dia_util)[0m
2026-07-21 12:15:52 [INFO] 
2026-07-21 12:15:52 [INFO]   🔴 [91m[1mPT0002000120237616VJ[0m  [2m[Cluster 0][0m
2026-07-21 12:15:52 [INFO]      consumiu MAIS que o habitual às 08h
2026-07-21 12:15:52 [INFO]      [2mReal:[0m 55.0 kWh   [2mHabitual:[0m 11.5 ± 1.1 kWh   [2mz:[0m +10.00⁺   [2mdesvio:[0m +378%   [2m(2 obs. dia_util)[0m
2026-07-21 12:15:52 [INFO] 
2026-07-21 12:15:52 [INFO]   🔴 [91m[1mPT0002000120237616VJ[0m  [2m[Cluster 0][0m
2026-07-21 12:15:52 [INFO]      consumiu MAIS que o habitual às 09h
2026-07-21 12:15:52 [INFO]      [2mReal:[0m 49.0 kWh   [2mHabitual:[0m 11.5 ± 1.1 kWh   [2mz:[0m +10.00⁺   [2mdesvio:[0m +326%   [2m(2 obs. dia_util)[0m
2026-07-21 12:15:52 [INFO] 
2026-07-21 12:15:52 [INFO]   🔴 [91m[1mPT0002000120237616VJ[0m  [2m[Cluster 0][0m
2026-07-21 12:15:52 [INFO]      consumiu MAIS que o habitual às 10h
2026-07-21 12:15:52 [INFO]      [2mReal:[0m 46.0 kWh   [2mHabitual:[0m 11.5 ± 1.1 kWh   [2mz:[0m +10.00⁺   [2mdesvio:[0m +300%   [2m(2 obs. dia_util)[0m
2026-07-21 12:15:52 [INFO] 
2026-07-21 12:15:52 [INFO]   🔴 [91m[1mPT0002000120237616VJ[0m  [2m[Cluster 0][0m
2026-07-21 12:15:52 [INFO]      consumiu MAIS que o habitual às 11h
2026-07-21 12:15:52 [INFO]      [2mReal:[0m 52.0 kWh   [2mHabitual:[0m 11.0 ± 1.1 kWh   [2mz:[0m +10.00⁺   [2mdesvio:[0m +373%   [2m(2 obs. dia_util)[0m
2026-07-21 12:15:52 [INFO] 
2026-07-21 12:15:52 [INFO]   🔴 [91m[1mPT0002000120237616VJ[0m  [2m[Cluster 0][0m
2026-07-21 12:15:52 [INFO]      consumiu MAIS que o habitual às 12h
2026-07-21 12:15:52 [INFO]      [2mReal:[0m 62.0 kWh   [2mHabitual:[0m 12.0 ± 1.2 kWh   [2mz:[0m +10.00⁺   [2mdesvio:[0m +417%   [2m(2 obs. dia_util)[0m
2026-07-21 12:15:52 [INFO] 
2026-07-21 12:15:52 [INFO]   🔴 [91m[1mPT0002000120237616VJ[0m  [2m[Cluster 0][0m
2026-07-21 12:15:52 [INFO]      consumiu MAIS que o habitual às 13h
2026-07-21 12:15:52 [INFO]      [2mReal:[0m 49.0 kWh   [2mHabitual:[0m 12.0 ± 1.2 kWh   [2mz:[0m +10.00⁺   [2mdesvio:[0m +308%   [2m(2 obs. dia_util)[0m
2026-07-21 12:15:52 [INFO] 
2026-07-21 12:15:52 [INFO]   🔴 [91m[1mPT0002000120237616VJ[0m  [2m[Cluster 0][0m
2026-07-21 12:15:52 [INFO]      consumiu MAIS que o habitual às 14h
2026-07-21 12:15:52 [INFO]      [2mReal:[0m 42.0 kWh   [2mHabitual:[0m 12.0 ± 1.2 kWh   [2mz:[0m +10.00⁺   [2mdesvio:[0m +250%   [2m(2 obs. dia_util)[0m
2026-07-21 12:15:52 [INFO] 
2026-07-21 12:15:52 [INFO]   🔴 [91m[1mPT0002000120237616VJ[0m  [2m[Cluster 0][0m
2026-07-21 12:15:52 [INFO]      consumiu MAIS que o habitual às 15h
2026-07-21 12:15:52 [INFO]      [2mReal:[0m 35.0 kWh   [2mHabitual:[0m 11.5 ± 1.1 kWh   [2mz:[0m +10.00⁺   [2mdesvio:[0m +204%   [2m(2 obs. dia_util)[0m
2026-07-21 12:15:52 [INFO] 
2026-07-21 12:15:52 [INFO]   🔴 [91m[1mPT0002000120237616VJ[0m  [2m[Cluster 0][0m
2026-07-21 12:15:52 [INFO]      consumiu MAIS que o habitual às 16h
2026-07-21 12:15:52 [INFO]      [2mReal:[0m 30.0 kWh   [2mHabitual:[0m 12.0 ± 1.2 kWh   [2mz:[0m +10.00⁺   [2mdesvio:[0m +150%   [2m(2 obs. dia_util)[0m
2026-07-21 12:15:52 [INFO] 
2026-07-21 12:15:52 [INFO]   🔴 [91m[1mPT0002000120237616VJ[0m  [2m[Cluster 0][0m
2026-07-21 12:15:52 [INFO]      consumiu MAIS que o habitual às 17h
2026-07-21 12:15:52 [INFO]      [2mReal:[0m 25.0 kWh   [2mHabitual:[0m 11.5 ± 1.1 kWh   [2mz:[0m +10.00⁺   [2mdesvio:[0m +117%   [2m(2 obs. dia_util)[0m
2026-07-21 12:15:52 [INFO] 
2026-07-21 12:15:52 [INFO]   🔴 [91m[1mPT0002000123648159KR[0m  [2m[Cluster 0][0m
2026-07-21 12:15:52 [INFO]      consumiu MAIS que o habitual às 07h
2026-07-21 12:15:52 [INFO]      [2mReal:[0m 30.0 kWh   [2mHabitual:[0m 3.0 ± 1.4 kWh   [2mz:[0m +10.00⁺   [2mdesvio:[0m +900%   [2m(2 obs. dia_util)[0m
2026-07-21 12:15:52 [INFO] 
2026-07-21 12:15:52 [INFO]   🔴 [91m[1mPT0002000123648159KR[0m  [2m[Cluster 0][0m
2026-07-21 12:15:52 [INFO]      consumiu MAIS que o habitual às 08h
2026-07-21 12:15:52 [INFO]      [2mReal:[0m 31.0 kWh   [2mHabitual:[0m 3.5 ± 0.7 kWh   [2mz:[0m +10.00⁺   [2mdesvio:[0m +786%   [2m(2 obs. dia_util)[0m
2026-07-21 12:15:52 [INFO] 
2026-07-21 12:15:52 [INFO]   🔴 [91m[1mPT0002000123648159KR[0m  [2m[Cluster 0][0m
2026-07-21 12:15:52 [INFO]      consumiu MAIS que o habitual às 09h
2026-07-21 12:15:52 [INFO]      [2mReal:[0m 28.0 kWh   [2mHabitual:[0m 3.0 ± 1.4 kWh   [2mz:[0m +10.00⁺   [2mdesvio:[0m +833%   [2m(2 obs. dia_util)[0m
2026-07-21 12:15:52 [INFO] 
2026-07-21 12:15:52 [INFO]   🔴 [91m[1mPT0002000123648159KR[0m  [2m[Cluster 0][0m
2026-07-21 12:15:52 [INFO]      consumiu MAIS que o habitual às 10h
2026-07-21 12:15:52 [INFO]      [2mReal:[0m 28.0 kWh   [2mHabitual:[0m 3.5 ± 0.7 kWh   [2mz:[0m +10.00⁺   [2mdesvio:[0m +700%   [2m(2 obs. dia_util)[0m
2026-07-21 12:15:52 [INFO] 
2026-07-21 12:15:52 [INFO]   🔴 [91m[1mPT0002000123648159KR[0m  [2m[Cluster 0][0m
2026-07-21 12:15:52 [INFO]      consumiu MAIS que o habitual às 11h
2026-07-21 12:15:52 [INFO]      [2mReal:[0m 31.0 kWh   [2mHabitual:[0m 3.5 ± 2.1 kWh   [2mz:[0m +10.00⁺   [2mdesvio:[0m +786%   [2m(2 obs. dia_util)[0m
2026-07-21 12:15:52 [INFO] 
2026-07-21 12:15:52 [INFO]   🔴 [91m[1mPT0002000123648159KR[0m  [2m[Cluster 0][0m
2026-07-21 12:15:52 [INFO]      consumiu MAIS que o habitual às 12h
2026-07-21 12:15:52 [INFO]      [2mReal:[0m 34.0 kWh   [2mHabitual:[0m 3.0 ± 2.8 kWh   [2mz:[0m +10.00⁺   [2mdesvio:[0m +1033%   [2m(2 obs. dia_util)[0m
2026-07-21 12:15:52 [INFO] 
2026-07-21 12:15:52 [INFO]   🔴 [91m[1mPT0002000123648159KR[0m  [2m[Cluster 0][0m
2026-07-21 12:15:52 [INFO]      consumiu MAIS que o habitual às 14h
2026-07-21 12:15:52 [INFO]      [2mReal:[0m 12.0 kWh   [2mHabitual:[0m 3.5 ± 0.7 kWh   [2mz:[0m +10.00⁺   [2mdesvio:[0m +243%   [2m(2 obs. dia_util)[0m
2026-07-21 12:15:52 [INFO] 
2026-07-21 12:15:52 [INFO]   🔴 [91m[1mPT0002000125379984SH[0m  [2m[Cluster 1][0m
2026-07-21 12:15:52 [INFO]      consumiu MAIS que o habitual às 09h
2026-07-21 12:15:52 [INFO]      [2mReal:[0m 12.0 kWh   [2mHabitual:[0m 4.5 ± 0.7 kWh   [2mz:[0m +10.00⁺   [2mdesvio:[0m +167%   [2m(2 obs. dia_util)[0m
2026-07-21 12:15:52 [INFO] 
2026-07-21 12:15:52 [INFO]   🔴 [91m[1mPT0002000125379984SH[0m  [2m[Cluster 1][0m
2026-07-21 12:15:52 [INFO]      consumiu MAIS que o habitual às 10h
2026-07-21 12:15:52 [INFO]      [2mReal:[0m 12.0 kWh   [2mHabitual:[0m 4.5 ± 0.7 kWh   [2mz:[0m +10.00⁺   [2mdesvio:[0m +167%   [2m(2 obs. dia_util)[0m
2026-07-21 12:15:52 [INFO] 
2026-07-21 12:15:52 [INFO]   🔴 [91m[1mPT0002000125379984SH[0m  [2m[Cluster 1][0m
2026-07-21 12:15:52 [INFO]      consumiu MAIS que o habitual às 16h
2026-07-21 12:15:52 [INFO]      [2mReal:[0m 15.0 kWh   [2mHabitual:[0m 4.0 ± 0.4 kWh   [2mz:[0m +10.00⁺   [2mdesvio:[0m +275%   [2m(2 obs. dia_util)[0m
2026-07-21 12:15:52 [INFO] 
2026-07-21 12:15:52 [INFO]   🔴 [91m[1mPT0002000125379984SH[0m  [2m[Cluster 1][0m
2026-07-21 12:15:52 [INFO]      consumiu MAIS que o habitual às 17h
2026-07-21 12:15:52 [INFO]      [2mReal:[0m 15.0 kWh   [2mHabitual:[0m 4.0 ± 0.4 kWh   [2mz:[0m +10.00⁺   [2mdesvio:[0m +275%   [2m(2 obs. dia_util)[0m
2026-07-21 12:15:52 [INFO] 
2026-07-21 12:15:52 [INFO]   🔴 [91m[1mPT0002000125379984SH[0m  [2m[Cluster 1][0m
2026-07-21 12:15:52 [INFO]      consumiu MAIS que o habitual às 18h
2026-07-21 12:15:52 [INFO]      [2mReal:[0m 13.0 kWh   [2mHabitual:[0m 3.0 ± 0.3 kWh   [2mz:[0m +10.00⁺   [2mdesvio:[0m +333%   [2m(2 obs. dia_util)[0m
2026-07-21 12:15:52 [INFO] 
2026-07-21 12:15:52 [INFO]   🔴 [91m[1mPT0002000125379984SH[0m  [2m[Cluster 1][0m
2026-07-21 12:15:52 [INFO]      consumiu MAIS que o habitual às 19h
2026-07-21 12:15:52 [INFO]      [2mReal:[0m 13.0 kWh   [2mHabitual:[0m 4.0 ± 0.4 kWh   [2mz:[0m +10.00⁺   [2mdesvio:[0m +225%   [2m(2 obs. dia_util)[0m
2026-07-21 12:15:52 [INFO] 
2026-07-21 12:15:52 [INFO]   🔴 [91m[1mPT0002000125379984SH[0m  [2m[Cluster 1][0m
2026-07-21 12:15:52 [INFO]      consumiu MAIS que o habitual às 20h
2026-07-21 12:15:52 [INFO]      [2mReal:[0m 12.0 kWh   [2mHabitual:[0m 5.0 ± 0.5 kWh   [2mz:[0m +10.00⁺   [2mdesvio:[0m +140%   [2m(2 obs. dia_util)[0m
2026-07-21 12:15:52 [INFO] 
2026-07-21 12:15:52 [INFO]   🔴 [91m[1mPT0002000201038711LS[0m  [2m[sem cluster][0m
2026-07-21 12:15:52 [INFO]      consumiu MAIS que o habitual às 00h
2026-07-21 12:15:52 [INFO]      [2mReal:[0m 38.0 kWh   [2mHabitual:[0m 2.0 ± 2.8 kWh   [2mz:[0m +10.00⁺   [2mdesvio:[0m +1800%   [2m(2 obs. dia_util)[0m
2026-07-21 12:15:52 [INFO] 
2026-07-21 12:15:52 [INFO]   🔴 [91m[1mPT0002000201038711LS[0m  [2m[sem cluster][0m
2026-07-21 12:15:52 [INFO]      consumiu MAIS que o habitual às 01h
2026-07-21 12:15:52 [INFO]      [2mReal:[0m 31.0 kWh   [2mHabitual:[0m 1.0 ± 0.3 kWh   [2mz:[0m +10.00⁺   [2mdesvio:[0m +3000%   [2m(2 obs. dia_util)[0m
2026-07-21 12:15:52 [INFO] 
2026-07-21 12:15:52 [INFO]   🔴 [91m[1mPT0002000201038711LS[0m  [2m[sem cluster][0m
2026-07-21 12:15:52 [INFO]      consumiu MAIS que o habitual às 02h
2026-07-21 12:15:52 [INFO]      [2mReal:[0m 4.0 kWh   [2mHabitual:[0m 0.0 ± 0.3 kWh   [2mz:[0m +10.00⁺   [2mdesvio:[0m +400000%   [2m(2 obs. dia_util)[0m
2026-07-21 12:15:52 [INFO] 
2026-07-21 12:15:52 [INFO]   🔴 [91m[1mPT0002000201038711LS[0m  [2m[sem cluster][0m
2026-07-21 12:15:52 [INFO]      consumiu MAIS que o habitual às 13h
2026-07-21 12:15:52 [INFO]      [2mReal:[0m 17.0 kWh   [2mHabitual:[0m 0.0 ± 0.3 kWh   [2mz:[0m +10.00⁺   [2mdesvio:[0m +1700000%   [2m(2 obs. dia_util)[0m
2026-07-21 12:15:52 [INFO] 
2026-07-21 12:15:52 [INFO]   🔴 [91m[1mPT0002000201038711LS[0m  [2m[sem cluster][0m
2026-07-21 12:15:52 [INFO]      consumiu MAIS que o habitual às 14h
2026-07-21 12:15:52 [INFO]      [2mReal:[0m 30.0 kWh   [2mHabitual:[0m 0.0 ± 0.3 kWh   [2mz:[0m +10.00⁺   [2mdesvio:[0m +3000000%   [2m(2 obs. dia_util)[0m
2026-07-21 12:15:52 [INFO] 
2026-07-21 12:15:52 [INFO]   🔴 [91m[1mPT0002000201038711LS[0m  [2m[sem cluster][0m
2026-07-21 12:15:52 [INFO]      consumiu MAIS que o habitual às 15h
2026-07-21 12:15:52 [INFO]      [2mReal:[0m 43.0 kWh   [2mHabitual:[0m 0.5 ± 0.7 kWh   [2mz:[0m +10.00⁺   [2mdesvio:[0m +8500%   [2m(2 obs. dia_util)[0m
2026-07-21 12:15:52 [INFO] 
2026-07-21 12:15:52 [INFO]   🔴 [91m[1mPT0002000201038711LS[0m  [2m[sem cluster][0m
2026-07-21 12:15:52 [INFO]      consumiu MAIS que o habitual às 16h
2026-07-21 12:15:52 [INFO]      [2mReal:[0m 31.0 kWh   [2mHabitual:[0m 0.0 ± 0.3 kWh   [2mz:[0m +10.00⁺   [2mdesvio:[0m +3100000%   [2m(2 obs. dia_util)[0m
2026-07-21 12:15:52 [INFO] 
2026-07-21 12:15:52 [INFO]   🔴 [91m[1mPT0002000201038711LS[0m  [2m[sem cluster][0m
2026-07-21 12:15:52 [INFO]      consumiu MAIS que o habitual às 17h
2026-07-21 12:15:52 [INFO]      [2mReal:[0m 93.0 kWh   [2mHabitual:[0m 0.5 ± 0.7 kWh   [2mz:[0m +10.00⁺   [2mdesvio:[0m +18500%   [2m(2 obs. dia_util)[0m
2026-07-21 12:15:52 [INFO] 
2026-07-21 12:15:52 [INFO]   🔴 [91m[1mPT0002000068859393XH[0m  [2m[Cluster 1][0m
2026-07-21 12:15:52 [INFO]      consumiu MAIS que o habitual às 20h
2026-07-21 12:15:52 [INFO]      [2mReal:[0m 207.0 kWh   [2mHabitual:[0m 68.0 ± 14.1 kWh   [2mz:[0m +9.83   [2mdesvio:[0m +204%   [2m(2 obs. dia_util)[0m
2026-07-21 12:15:52 [INFO] 
2026-07-21 12:15:52 [INFO]   🔴 [91m[1mPT0002000068857897ZV[0m  [2m[Cluster 0][0m
2026-07-21 12:15:52 [INFO]      consumiu MAIS que o habitual às 22h
2026-07-21 12:15:52 [INFO]      [2mReal:[0m 50.0 kWh   [2mHabitual:[0m 25.3 ± 2.5 kWh   [2mz:[0m +9.74   [2mdesvio:[0m +97%   [2m(3 obs. dia_util)[0m
2026-07-21 12:15:52 [INFO] 
2026-07-21 12:15:52 [INFO]   🔴 [91m[1mPT0002000077348081AG[0m  [2m[Cluster 0 (estimado)][0m
2026-07-21 12:15:52 [INFO]      consumiu MAIS que o habitual às 22h
2026-07-21 12:15:52 [INFO]      [2mReal:[0m 70.0 kWh   [2mHabitual:[0m 29.0 ± 4.2 kWh   [2mz:[0m +9.66   [2mdesvio:[0m +141%   [2m(2 obs. dia_util)[0m
2026-07-21 12:15:52 [INFO] 
2026-07-21 12:15:52 [INFO]   🔴 [91m[1mPT0002000068858231YY[0m  [2m[sem cluster][0m
2026-07-21 12:15:52 [INFO]      consumiu MAIS que o habitual às 13h
2026-07-21 12:15:52 [INFO]      [2mReal:[0m 35.0 kWh   [2mHabitual:[0m 18.0 ± 1.8 kWh   [2mz:[0m +9.44   [2mdesvio:[0m +94%   [2m(2 obs. dia_util)[0m
2026-07-21 12:15:52 [INFO] 
2026-07-21 12:15:52 [INFO]   🔴 [91m[1mPT0002000111572054VT[0m  [2m[sem cluster][0m
2026-07-21 12:15:52 [INFO]      consumiu MAIS que o habitual às 19h
2026-07-21 12:15:52 [INFO]      [2mReal:[0m 30.0 kWh   [2mHabitual:[0m 15.5 ± 1.6 kWh   [2mz:[0m +9.35   [2mdesvio:[0m +94%   [2m(2 obs. dia_util)[0m
2026-07-21 12:15:52 [INFO] 
2026-07-21 12:15:52 [INFO]   🔴 [91m[1mPT0002000068859382XF[0m  [2m[Cluster 0][0m
2026-07-21 12:15:52 [INFO]      consumiu MAIS que o habitual às 12h
2026-07-21 12:15:52 [INFO]      [2mReal:[0m 75.0 kWh   [2mHabitual:[0m 39.0 ± 3.9 kWh   [2mz:[0m +9.23   [2mdesvio:[0m +92%   [2m(2 obs. dia_util)[0m
2026-07-21 12:15:52 [INFO] 
2026-07-21 12:15:52 [INFO]   🔴 [91m[1mPT0002000068859382XF[0m  [2m[Cluster 0][0m
2026-07-21 12:15:52 [INFO]      consumiu MAIS que o habitual às 09h
2026-07-21 12:15:52 [INFO]      [2mReal:[0m 74.0 kWh   [2mHabitual:[0m 38.5 ± 3.9 kWh   [2mz:[0m +9.22   [2mdesvio:[0m +92%   [2m(2 obs. dia_util)[0m
2026-07-21 12:15:52 [INFO] 
2026-07-21 12:15:52 [INFO]   🔴 [91m[1mPT0002000068856655YV[0m  [2m[Cluster 0][0m
2026-07-21 12:15:52 [INFO]      consumiu MAIS que o habitual às 17h
2026-07-21 12:15:52 [INFO]      [2mReal:[0m 10.0 kWh   [2mHabitual:[0m 3.5 ± 0.7 kWh   [2mz:[0m +9.19   [2mdesvio:[0m +186%   [2m(2 obs. dia_util)[0m
2026-07-21 12:15:52 [INFO] 
2026-07-21 12:15:52 [INFO]   🔴 [91m[1mPT0002000068856974CZ[0m  [2m[sem cluster][0m
2026-07-21 12:15:52 [INFO]      consumiu MAIS que o habitual às 11h
2026-07-21 12:15:52 [INFO]      [2mReal:[0m 39.0 kWh   [2mHabitual:[0m 13.0 ± 2.8 kWh   [2mz:[0m +9.19   [2mdesvio:[0m +200%   [2m(2 obs. dia_util)[0m
2026-07-21 12:15:52 [INFO] 
2026-07-21 12:15:52 [INFO]   🔴 [91m[1mPT0002000068857099AR[0m  [2m[Cluster 1][0m
2026-07-21 12:15:52 [INFO]      consumiu MAIS que o habitual às 18h
2026-07-21 12:15:52 [INFO]      [2mReal:[0m 11.0 kWh   [2mHabitual:[0m 4.5 ± 0.7 kWh   [2mz:[0m +9.19   [2mdesvio:[0m +144%   [2m(2 obs. dia_util)[0m
2026-07-21 12:15:52 [INFO] 
2026-07-21 12:15:52 [INFO]   🔴 [91m[1mPT0002000068858231YY[0m  [2m[sem cluster][0m
2026-07-21 12:15:52 [INFO]      consumiu MAIS que o habitual às 08h
2026-07-21 12:15:52 [INFO]      [2mReal:[0m 39.0 kWh   [2mHabitual:[0m 19.5 ± 2.1 kWh   [2mz:[0m +9.19   [2mdesvio:[0m +100%   [2m(2 obs. dia_util)[0m
2026-07-21 12:15:52 [INFO] 
2026-07-21 12:15:52 [INFO]   🔴 [91m[1mPT0002000071896778MT[0m  [2m[Cluster 0][0m
2026-07-21 12:15:52 [INFO]      consumiu MAIS que o habitual às 15h
2026-07-21 12:15:52 [INFO]      [2mReal:[0m 11.0 kWh   [2mHabitual:[0m 4.5 ± 0.7 kWh   [2mz:[0m +9.19   [2mdesvio:[0m +144%   [2m(2 obs. dia_util)[0m
2026-07-21 12:15:52 [INFO] 
2026-07-21 12:15:52 [INFO]   🔴 [91m[1mPT0002000075637532JB[0m  [2m[Cluster 0][0m
2026-07-21 12:15:52 [INFO]      consumiu MAIS que o habitual às 16h
2026-07-21 12:15:52 [INFO]      [2mReal:[0m 11.0 kWh   [2mHabitual:[0m 4.5 ± 0.7 kWh   [2mz:[0m +9.19   [2mdesvio:[0m +144%   [2m(2 obs. dia_util)[0m
2026-07-21 12:15:52 [INFO] 
2026-07-21 12:15:52 [INFO]   🔴 [91m[1mPT0002000077394934QY[0m  [2m[Cluster 0][0m
2026-07-21 12:15:52 [INFO]      consumiu MAIS que o habitual às 10h
2026-07-21 12:15:52 [INFO]      [2mReal:[0m 142.0 kWh   [2mHabitual:[0m 74.0 ± 7.4 kWh   [2mz:[0m +9.19   [2mdesvio:[0m +92%   [2m(2 obs. dia_util)[0m
2026-07-21 12:15:52 [INFO] 
2026-07-21 12:15:52 [INFO]   🔴 [91m[1mPT0002000078294957RQ[0m  [2m[Cluster 0][0m
2026-07-21 12:15:52 [INFO]      consumiu MAIS que o habitual às 18h
2026-07-21 12:15:52 [INFO]      [2mReal:[0m 13.0 kWh   [2mHabitual:[0m 6.5 ± 0.7 kWh   [2mz:[0m +9.19   [2mdesvio:[0m +100%   [2m(2 obs. dia_util)[0m
2026-07-21 12:15:52 [INFO] 
2026-07-21 12:15:52 [INFO]   🔴 [91m[1mPT0002000081344542CP[0m  [2m[Cluster 1][0m
2026-07-21 12:15:52 [INFO]      consumiu MAIS que o habitual às 04h
2026-07-21 12:15:52 [INFO]      [2mReal:[0m 8.0 kWh   [2mHabitual:[0m 1.5 ± 0.7 kWh   [2mz:[0m +9.19   [2mdesvio:[0m +433%   [2m(2 obs. dia_util)[0m
2026-07-21 12:15:52 [INFO] 
2026-07-21 12:15:52 [INFO]   🔴 [91m[1mPT0002000120237616VJ[0m  [2m[Cluster 0][0m
2026-07-21 12:15:52 [INFO]      consumiu MAIS que o habitual às 18h
2026-07-21 12:15:52 [INFO]      [2mReal:[0m 20.0 kWh   [2mHabitual:[0m 10.5 ± 1.1 kWh   [2mz:[0m +9.05   [2mdesvio:[0m +90%   [2m(2 obs. dia_util)[0m
2026-07-21 12:15:52 [INFO] 
2026-07-21 12:15:52 [INFO]   🔴 [91m[1mPT0002000101964938LF[0m  [2m[Cluster 0][0m
2026-07-21 12:15:52 [INFO]      consumiu MAIS que o habitual às 07h
2026-07-21 12:15:52 [INFO]      [2mReal:[0m 19.0 kWh   [2mHabitual:[0m 10.0 ± 1.0 kWh   [2mz:[0m +9.00   [2mdesvio:[0m +90%   [2m(2 obs. dia_util)[0m
2026-07-21 12:15:52 [INFO] 
2026-07-21 12:15:52 [INFO]   🔴 [91m[1mPT0002000068859382XF[0m  [2m[Cluster 0][0m
2026-07-21 12:15:52 [INFO]      consumiu MAIS que o habitual às 15h
2026-07-21 12:15:52 [INFO]      [2mReal:[0m 74.0 kWh   [2mHabitual:[0m 39.0 ± 3.9 kWh   [2mz:[0m +8.97   [2mdesvio:[0m +90%   [2m(2 obs. dia_util)[0m
2026-07-21 12:15:52 [INFO] 
2026-07-21 12:15:52 [INFO]   🔴 [91m[1mPT0002000068856267NC[0m  [2m[sem cluster][0m
2026-07-21 12:15:52 [INFO]      consumiu MAIS que o habitual às 13h
2026-07-21 12:15:52 [INFO]      [2mReal:[0m 32.0 kWh   [2mHabitual:[0m 17.0 ± 1.7 kWh   [2mz:[0m +8.82   [2mdesvio:[0m +88%   [2m(2 obs. dia_util)[0m
2026-07-21 12:15:52 [INFO] 
2026-07-21 12:15:52 [INFO]   🔴 [91m[1mPT0002000068859597LS[0m  [2m[Cluster 0][0m
2026-07-21 12:15:52 [INFO]      consumiu MAIS que o habitual às 13h
2026-07-21 12:15:52 [INFO]      [2mReal:[0m 64.0 kWh   [2mHabitual:[0m 34.0 ± 3.4 kWh   [2mz:[0m +8.82   [2mdesvio:[0m +88%   [2m(2 obs. dia_util)[0m
2026-07-21 12:15:52 [INFO] 
2026-07-21 12:15:52 [INFO]   🔴 [91m[1mPT0002000106102375RC[0m  [2m[sem cluster][0m
2026-07-21 12:15:52 [INFO]      consumiu MAIS que o habitual às 12h
2026-07-21 12:15:52 [INFO]      [2mReal:[0m 72.0 kWh   [2mHabitual:[0m 38.5 ± 3.9 kWh   [2mz:[0m +8.70   [2mdesvio:[0m +87%   [2m(2 obs. dia_util)[0m
2026-07-21 12:15:52 [INFO] 
2026-07-21 12:15:52 [INFO]   🔴 [91m[1mPT0002000106102375RC[0m  [2m[sem cluster][0m
2026-07-21 12:15:52 [INFO]      consumiu MAIS que o habitual às 11h
2026-07-21 12:15:52 [INFO]      [2mReal:[0m 69.0 kWh   [2mHabitual:[0m 37.0 ± 3.7 kWh   [2mz:[0m +8.65   [2mdesvio:[0m +86%   [2m(2 obs. dia_util)[0m
2026-07-21 12:15:52 [INFO] 
2026-07-21 12:15:52 [INFO]   🔴 [91m[1mPT0002000106102375RC[0m  [2m[sem cluster][0m
2026-07-21 12:15:52 [INFO]      consumiu MAIS que o habitual às 09h
2026-07-21 12:15:52 [INFO]      [2mReal:[0m 68.0 kWh   [2mHabitual:[0m 36.5 ± 3.6 kWh   [2mz:[0m +8.63   [2mdesvio:[0m +86%   [2m(2 obs. dia_util)[0m
2026-07-21 12:15:52 [INFO] 
2026-07-21 12:15:52 [INFO]   🔴 [91m[1mPT0002000107172384HT[0m  [2m[Cluster 1][0m
2026-07-21 12:15:52 [INFO]      consumiu MAIS que o habitual às 16h
2026-07-21 12:15:52 [INFO]      [2mReal:[0m 59.0 kWh   [2mHabitual:[0m 28.5 ± 3.5 kWh   [2mz:[0m +8.63   [2mdesvio:[0m +107%   [2m(2 obs. dia_util)[0m
2026-07-21 12:15:52 [INFO] 
2026-07-21 12:15:52 [INFO]   🔴 [91m[1mPT0002000068859597LS[0m  [2m[Cluster 0][0m
2026-07-21 12:15:52 [INFO]      consumiu MAIS que o habitual às 12h
2026-07-21 12:15:52 [INFO]      [2mReal:[0m 62.0 kWh   [2mHabitual:[0m 33.5 ± 3.4 kWh   [2mz:[0m +8.51   [2mdesvio:[0m +85%   [2m(2 obs. dia_util)[0m
2026-07-21 12:15:52 [INFO] 
2026-07-21 12:15:52 [INFO]   🔴 [91m[1mPT0002000068859382XF[0m  [2m[Cluster 0][0m
2026-07-21 12:15:52 [INFO]      consumiu MAIS que o habitual às 14h
2026-07-21 12:15:52 [INFO]      [2mReal:[0m 71.0 kWh   [2mHabitual:[0m 38.5 ± 3.9 kWh   [2mz:[0m +8.44   [2mdesvio:[0m +84%   [2m(2 obs. dia_util)[0m
2026-07-21 12:15:52 [INFO] 
2026-07-21 12:15:52 [INFO]   🔴 [91m[1mPT0002000106102375RC[0m  [2m[sem cluster][0m
2026-07-21 12:15:52 [INFO]      consumiu MAIS que o habitual às 10h
2026-07-21 12:15:52 [INFO]      [2mReal:[0m 67.0 kWh   [2mHabitual:[0m 36.5 ± 3.6 kWh   [2mz:[0m +8.36   [2mdesvio:[0m +84%   [2m(2 obs. dia_util)[0m
2026-07-21 12:15:52 [INFO] 
2026-07-21 12:15:52 [INFO]   🔴 [91m[1mPT0002000078294957RQ[0m  [2m[Cluster 0][0m
2026-07-21 12:15:52 [INFO]      consumiu MAIS que o habitual às 07h
2026-07-21 12:15:52 [INFO]      [2mReal:[0m 11.0 kWh   [2mHabitual:[0m 6.0 ± 0.6 kWh   [2mz:[0m +8.33   [2mdesvio:[0m +83%   [2m(2 obs. dia_util)[0m
2026-07-21 12:15:52 [INFO] 
2026-07-21 12:15:52 [INFO]   🔴 [91m[1mPT0002000115673471CB[0m  [2m[Cluster 0][0m
2026-07-21 12:15:52 [INFO]      consumiu MAIS que o habitual às 16h
2026-07-21 12:15:52 [INFO]      [2mReal:[0m 21.0 kWh   [2mHabitual:[0m 11.5 ± 1.1 kWh   [2mz:[0m +8.26   [2mdesvio:[0m +83%   [2m(2 obs. dia_util)[0m
2026-07-21 12:15:52 [INFO] 
2026-07-21 12:15:52 [INFO]   🔴 [91m[1mPT0002000111572054VT[0m  [2m[sem cluster][0m
2026-07-21 12:15:52 [INFO]      consumiu MAIS que o habitual às 08h
2026-07-21 12:15:52 [INFO]      [2mReal:[0m 36.0 kWh   [2mHabitual:[0m 13.0 ± 2.8 kWh   [2mz:[0m +8.13   [2mdesvio:[0m +177%   [2m(2 obs. dia_util)[0m
2026-07-21 12:15:52 [INFO] 
2026-07-21 12:15:52 [INFO]   🔴 [91m[1mPT0002000112989585PH[0m  [2m[Cluster 0][0m
2026-07-21 12:15:52 [INFO]      consumiu MAIS que o habitual às 19h
2026-07-21 12:15:52 [INFO]      [2mReal:[0m 58.0 kWh   [2mHabitual:[0m 32.0 ± 3.2 kWh   [2mz:[0m +8.12   [2mdesvio:[0m +81%   [2m(2 obs. dia_util)[0m
2026-07-21 12:15:52 [INFO] 
2026-07-21 12:15:52 [INFO]   🔴 [91m[1mPT0002000033074862LZ[0m  [2m[Cluster 0][0m
2026-07-21 12:15:52 [INFO]      consumiu MAIS que o habitual às 16h
2026-07-21 12:15:52 [INFO]      [2mReal:[0m 19.0 kWh   [2mHabitual:[0m 10.5 ± 1.1 kWh   [2mz:[0m +8.10   [2mdesvio:[0m +81%   [2m(2 obs. dia_util)[0m
2026-07-21 12:15:52 [INFO] 
2026-07-21 12:15:52 [INFO]   🔴 [91m[1mPT0002000068859382XF[0m  [2m[Cluster 0][0m
2026-07-21 12:15:52 [INFO]      consumiu MAIS que o habitual às 16h
2026-07-21 12:15:52 [INFO]      [2mReal:[0m 72.0 kWh   [2mHabitual:[0m 40.0 ± 4.0 kWh   [2mz:[0m +8.00   [2mdesvio:[0m +80%   [2m(2 obs. dia_util)[0m
2026-07-21 12:15:52 [INFO] 
2026-07-21 12:15:52 [INFO]   🔴 [91m[1mPT0002000068859382XF[0m  [2m[Cluster 0][0m
2026-07-21 12:15:52 [INFO]      consumiu MAIS que o habitual às 13h
2026-07-21 12:15:52 [INFO]      [2mReal:[0m 70.0 kWh   [2mHabitual:[0m 39.0 ± 3.9 kWh   [2mz:[0m +7.95   [2mdesvio:[0m +79%   [2m(2 obs. dia_util)[0m
2026-07-21 12:15:52 [INFO] 
2026-07-21 12:15:52 [INFO]   🔴 [91m[1mPT0002000068857897ZV[0m  [2m[Cluster 0][0m
2026-07-21 12:15:52 [INFO]      consumiu MAIS que o habitual às 11h
2026-07-21 12:15:52 [INFO]      [2mReal:[0m 43.0 kWh   [2mHabitual:[0m 24.0 ± 2.4 kWh   [2mz:[0m +7.92   [2mdesvio:[0m +79%   [2m(2 obs. dia_util)[0m
2026-07-21 12:15:52 [INFO] 
2026-07-21 12:15:52 [INFO]   🔴 [91m[1mPT0002000068858231YY[0m  [2m[sem cluster][0m
2026-07-21 12:15:52 [INFO]      consumiu MAIS que o habitual às 14h
2026-07-21 12:15:52 [INFO]      [2mReal:[0m 34.0 kWh   [2mHabitual:[0m 19.0 ± 1.9 kWh   [2mz:[0m +7.89   [2mdesvio:[0m +79%   [2m(2 obs. dia_util)[0m
2026-07-21 12:15:52 [INFO] 
2026-07-21 12:15:52 [INFO]   🔴 [91m[1mPT0002000068859597LS[0m  [2m[Cluster 0][0m
2026-07-21 12:15:52 [INFO]      consumiu MAIS que o habitual às 16h
2026-07-21 12:15:52 [INFO]      [2mReal:[0m 59.0 kWh   [2mHabitual:[0m 33.0 ± 3.3 kWh   [2mz:[0m +7.88   [2mdesvio:[0m +79%   [2m(2 obs. dia_util)[0m
2026-07-21 12:15:52 [INFO] 
2026-07-21 12:15:52 [INFO]   🔴 [91m[1mPT0002000075637532JB[0m  [2m[Cluster 0][0m
2026-07-21 12:15:52 [INFO]      consumiu MAIS que o habitual às 14h
2026-07-21 12:15:52 [INFO]      [2mReal:[0m 16.0 kWh   [2mHabitual:[0m 5.0 ± 1.4 kWh   [2mz:[0m +7.78   [2mdesvio:[0m +220%   [2m(2 obs. dia_util)[0m
2026-07-21 12:15:52 [INFO] 
2026-07-21 12:15:52 [INFO]   🔴 [91m[1mPT0002000075637532JB[0m  [2m[Cluster 0][0m
2026-07-21 12:15:52 [INFO]      consumiu MAIS que o habitual às 17h
2026-07-21 12:15:52 [INFO]      [2mReal:[0m 10.0 kWh   [2mHabitual:[0m 4.5 ± 0.7 kWh   [2mz:[0m +7.78   [2mdesvio:[0m +122%   [2m(2 obs. dia_util)[0m
2026-07-21 12:15:52 [INFO] 
2026-07-21 12:15:52 [INFO]   🔴 [91m[1mPT0002000081344542CP[0m  [2m[Cluster 1][0m
2026-07-21 12:15:52 [INFO]      consumiu MAIS que o habitual às 05h
2026-07-21 12:15:52 [INFO]      [2mReal:[0m 7.0 kWh   [2mHabitual:[0m 1.5 ± 0.7 kWh   [2mz:[0m +7.78   [2mdesvio:[0m +367%   [2m(2 obs. dia_util)[0m
2026-07-21 12:15:52 [INFO] 
2026-07-21 12:15:52 [INFO]   🔴 [91m[1mPT0002000123648159KR[0m  [2m[Cluster 0][0m
2026-07-21 12:15:52 [INFO]      consumiu MAIS que o habitual às 13h
2026-07-21 12:15:52 [INFO]      [2mReal:[0m 15.0 kWh   [2mHabitual:[0m 4.0 ± 1.4 kWh   [2mz:[0m +7.78   [2mdesvio:[0m +275%   [2m(2 obs. dia_util)[0m
2026-07-21 12:15:52 [INFO] 
2026-07-21 12:15:52 [INFO]   🔴 [91m[1mPT0002000068857897ZV[0m  [2m[Cluster 0][0m
2026-07-21 12:15:52 [INFO]      consumiu MAIS que o habitual às 13h
2026-07-21 12:15:52 [INFO]      [2mReal:[0m 45.0 kWh   [2mHabitual:[0m 25.5 ± 2.5 kWh   [2mz:[0m +7.65   [2mdesvio:[0m +76%   [2m(2 obs. dia_util)[0m
2026-07-21 12:15:52 [INFO] 
2026-07-21 12:15:52 [INFO]   🔴 [91m[1mPT0002000073231742VK[0m  [2m[Cluster 0][0m
2026-07-21 12:15:52 [INFO]      consumiu MAIS que o habitual às 13h
2026-07-21 12:15:52 [INFO]      [2mReal:[0m 22.0 kWh   [2mHabitual:[0m 12.5 ± 1.2 kWh   [2mz:[0m +7.60   [2mdesvio:[0m +76%   [2m(2 obs. dia_util)[0m
2026-07-21 12:15:52 [INFO] 
2026-07-21 12:15:52 [INFO]   🔴 [91m[1mPT0002000073231742VK[0m  [2m[Cluster 0][0m
2026-07-21 12:15:52 [INFO]      consumiu MAIS que o habitual às 14h
2026-07-21 12:15:52 [INFO]      [2mReal:[0m 22.0 kWh   [2mHabitual:[0m 12.5 ± 1.2 kWh   [2mz:[0m +7.60   [2mdesvio:[0m +76%   [2m(2 obs. dia_util)[0m
2026-07-21 12:15:52 [INFO] 
2026-07-21 12:15:52 [INFO]   🔴 [91m[1mPT0002000068856267NC[0m  [2m[sem cluster][0m
2026-07-21 12:15:52 [INFO]      consumiu MAIS que o habitual às 20h
2026-07-21 12:15:52 [INFO]      [2mReal:[0m 42.0 kWh   [2mHabitual:[0m 24.0 ± 2.4 kWh   [2mz:[0m +7.50   [2mdesvio:[0m +75%   [2m(2 obs. dia_util)[0m
2026-07-21 12:15:52 [INFO] 
2026-07-21 12:15:52 [INFO]   🔴 [91m[1mPT0002000068858674WN[0m  [2m[sem cluster][0m
2026-07-21 12:15:52 [INFO]      consumiu MAIS que o habitual às 20h
2026-07-21 12:15:52 [INFO]      [2mReal:[0m 28.0 kWh   [2mHabitual:[0m 16.0 ± 1.6 kWh   [2mz:[0m +7.50   [2mdesvio:[0m +75%   [2m(2 obs. dia_util)[0m
2026-07-21 12:15:52 [INFO] 
2026-07-21 12:15:52 [INFO]   🔴 [91m[1mPT0002000071896778MT[0m  [2m[Cluster 0][0m
2026-07-21 12:15:52 [INFO]      consumiu MAIS que o habitual às 18h
2026-07-21 12:15:52 [INFO]      [2mReal:[0m 7.0 kWh   [2mHabitual:[0m 4.0 ± 0.4 kWh   [2mz:[0m +7.50   [2mdesvio:[0m +75%   [2m(2 obs. dia_util)[0m
2026-07-21 12:15:52 [INFO] 
2026-07-21 12:15:52 [INFO]   🔴 [91m[1mPT0002000078207354XC[0m  [2m[Cluster 1][0m
2026-07-21 12:15:52 [INFO]      consumiu MAIS que o habitual às 10h
2026-07-21 12:15:52 [INFO]      [2mReal:[0m 7.0 kWh   [2mHabitual:[0m 4.0 ± 0.4 kWh   [2mz:[0m +7.50   [2mdesvio:[0m +75%   [2m(2 obs. dia_util)[0m
2026-07-21 12:15:52 [INFO] 
2026-07-21 12:15:52 [INFO]   🔴 [91m[1mPT0002000078207354XC[0m  [2m[Cluster 1][0m
2026-07-21 12:15:52 [INFO]      consumiu MAIS que o habitual às 12h
2026-07-21 12:15:52 [INFO]      [2mReal:[0m 7.0 kWh   [2mHabitual:[0m 4.0 ± 0.4 kWh   [2mz:[0m +7.50   [2mdesvio:[0m +75%   [2m(2 obs. dia_util)[0m
2026-07-21 12:15:52 [INFO] 
2026-07-21 12:15:52 [INFO]   🔴 [91m[1mPT0002000115700602GW[0m  [2m[Cluster 0][0m
2026-07-21 12:15:52 [INFO]      consumiu MAIS que o habitual às 18h
2026-07-21 12:15:52 [INFO]      [2mReal:[0m 14.0 kWh   [2mHabitual:[0m 8.0 ± 0.8 kWh   [2mz:[0m +7.50   [2mdesvio:[0m +75%   [2m(2 obs. dia_util)[0m
2026-07-21 12:15:52 [INFO] 
2026-07-21 12:15:52 [INFO]   🔴 [91m[1mPT0002000106102375RC[0m  [2m[sem cluster][0m
2026-07-21 12:15:52 [INFO]      consumiu MAIS que o habitual às 14h
2026-07-21 12:15:52 [INFO]      [2mReal:[0m 69.0 kWh   [2mHabitual:[0m 39.5 ± 4.0 kWh   [2mz:[0m +7.47   [2mdesvio:[0m +75%   [2m(2 obs. dia_util)[0m
2026-07-21 12:15:52 [INFO] 
2026-07-21 12:15:52 [INFO]   🔵 [94m[1mPT0002000201936109ME[0m  [2m[Cluster 0][0m
2026-07-21 12:15:52 [INFO]      consumiu MENOS que o habitual às 00h
2026-07-21 12:15:52 [INFO]      [2mReal:[0m 37.0 kWh   [2mHabitual:[0m 145.0 ± 14.5 kWh   [2mz:[0m -7.45   [2mdesvio:[0m -74%   [2m(2 obs. dia_util)[0m
2026-07-21 12:15:52 [INFO] 
2026-07-21 12:15:52 [INFO]   🔴 [91m[1mPT0002000106102375RC[0m  [2m[sem cluster][0m
2026-07-21 12:15:52 [INFO]      consumiu MAIS que o habitual às 13h
2026-07-21 12:15:52 [INFO]      [2mReal:[0m 68.0 kWh   [2mHabitual:[0m 39.0 ± 3.9 kWh   [2mz:[0m +7.44   [2mdesvio:[0m +74%   [2m(2 obs. dia_util)[0m
2026-07-21 12:15:52 [INFO] 
2026-07-21 12:15:52 [INFO]   🔴 [91m[1mPT0002000077394934QY[0m  [2m[Cluster 0][0m
2026-07-21 12:15:52 [INFO]      consumiu MAIS que o habitual às 11h
2026-07-21 12:15:52 [INFO]      [2mReal:[0m 126.0 kWh   [2mHabitual:[0m 72.5 ± 7.2 kWh   [2mz:[0m +7.38   [2mdesvio:[0m +74%   [2m(2 obs. dia_util)[0m
2026-07-21 12:15:52 [INFO] 
2026-07-21 12:15:52 [INFO]   🔴 [91m[1mPT0002000078294957RQ[0m  [2m[Cluster 0][0m
2026-07-21 12:15:52 [INFO]      consumiu MAIS que o habitual às 17h
2026-07-21 12:15:52 [INFO]      [2mReal:[0m 13.0 kWh   [2mHabitual:[0m 7.5 ± 0.8 kWh   [2mz:[0m +7.33   [2mdesvio:[0m +73%   [2m(2 obs. dia_util)[0m
2026-07-21 12:15:52 [INFO] 
2026-07-21 12:15:52 [INFO]   🔴 [91m[1mPT0002000068857897ZV[0m  [2m[Cluster 0][0m
2026-07-21 12:15:52 [INFO]      consumiu MAIS que o habitual às 14h
2026-07-21 12:15:52 [INFO]      [2mReal:[0m 45.0 kWh   [2mHabitual:[0m 26.0 ± 2.6 kWh   [2mz:[0m +7.31   [2mdesvio:[0m +73%   [2m(2 obs. dia_util)[0m
2026-07-21 12:15:52 [INFO] 
2026-07-21 12:15:52 [INFO]   🔴 [91m[1mPT0002000068857897ZV[0m  [2m[Cluster 0][0m
2026-07-21 12:15:52 [INFO]      consumiu MAIS que o habitual às 16h
2026-07-21 12:15:52 [INFO]      [2mReal:[0m 45.0 kWh   [2mHabitual:[0m 26.0 ± 2.6 kWh   [2mz:[0m +7.31   [2mdesvio:[0m +73%   [2m(2 obs. dia_util)[0m
2026-07-21 12:15:52 [INFO] 
2026-07-21 12:15:52 [INFO]   🔴 [91m[1mPT0002000107172384HT[0m  [2m[Cluster 1][0m
2026-07-21 12:15:52 [INFO]      consumiu MAIS que o habitual às 10h
2026-07-21 12:15:52 [INFO]      [2mReal:[0m 36.0 kWh   [2mHabitual:[0m 21.0 ± 2.1 kWh   [2mz:[0m +7.14   [2mdesvio:[0m +71%   [2m(2 obs. dia_util)[0m
2026-07-21 12:15:52 [INFO] 
2026-07-21 12:15:52 [INFO]   🔴 [91m[1mPT0002000068857897ZV[0m  [2m[Cluster 0][0m
2026-07-21 12:15:52 [INFO]      consumiu MAIS que o habitual às 12h
2026-07-21 12:15:52 [INFO]      [2mReal:[0m 44.0 kWh   [2mHabitual:[0m 26.0 ± 2.6 kWh   [2mz:[0m +6.92   [2mdesvio:[0m +69%   [2m(2 obs. dia_util)[0m
2026-07-21 12:15:52 [INFO] 
2026-07-21 12:15:52 [INFO]   🔴 [91m[1mPT0002000106102375RC[0m  [2m[sem cluster][0m
2026-07-21 12:15:52 [INFO]      consumiu MAIS que o habitual às 08h
2026-07-21 12:15:52 [INFO]      [2mReal:[0m 58.0 kWh   [2mHabitual:[0m 34.5 ± 3.5 kWh   [2mz:[0m +6.81   [2mdesvio:[0m +68%   [2m(2 obs. dia_util)[0m
2026-07-21 12:15:52 [INFO] 
2026-07-21 12:15:52 [INFO]   🔴 [91m[1mPT0002000073231742VK[0m  [2m[Cluster 0][0m
2026-07-21 12:15:52 [INFO]      consumiu MAIS que o habitual às 07h
2026-07-21 12:15:52 [INFO]      [2mReal:[0m 21.0 kWh   [2mHabitual:[0m 12.5 ± 1.2 kWh   [2mz:[0m +6.80   [2mdesvio:[0m +68%   [2m(2 obs. dia_util)[0m
2026-07-21 12:15:52 [INFO] 
2026-07-21 12:15:52 [INFO]   🔴 [91m[1mPT0002000068859187RL[0m  [2m[Cluster 0][0m
2026-07-21 12:15:52 [INFO]      consumiu MAIS que o habitual às 07h
2026-07-21 12:15:52 [INFO]      [2mReal:[0m 26.0 kWh   [2mHabitual:[0m 15.5 ± 1.6 kWh   [2mz:[0m +6.77   [2mdesvio:[0m +68%   [2m(2 obs. dia_util)[0m
2026-07-21 12:15:52 [INFO] 
2026-07-21 12:15:52 [INFO]   🔴 [91m[1mPT0002000068856872QG[0m  [2m[Cluster 1][0m
2026-07-21 12:15:52 [INFO]      consumiu MAIS que o habitual às 02h
2026-07-21 12:15:52 [INFO]      [2mReal:[0m 2.0 kWh   [2mHabitual:[0m 0.0 ± 0.3 kWh   [2mz:[0m +6.67   [2mdesvio:[0m +200000%   [2m(2 obs. dia_util)[0m
2026-07-21 12:15:52 [INFO] 
2026-07-21 12:15:52 [INFO]   🔴 [91m[1mPT0002000068856872QG[0m  [2m[Cluster 1][0m
2026-07-21 12:15:52 [INFO]      consumiu MAIS que o habitual às 09h
2026-07-21 12:15:52 [INFO]      [2mReal:[0m 2.0 kWh   [2mHabitual:[0m 0.0 ± 0.3 kWh   [2mz:[0m +6.67   [2mdesvio:[0m +200000%   [2m(2 obs. dia_util)[0m
2026-07-21 12:15:52 [INFO] 
2026-07-21 12:15:52 [INFO]   🔴 [91m[1mPT0002000068856872QG[0m  [2m[Cluster 1][0m
2026-07-21 12:15:52 [INFO]      consumiu MAIS que o habitual às 15h
2026-07-21 12:15:52 [INFO]      [2mReal:[0m 2.0 kWh   [2mHabitual:[0m 0.0 ± 0.3 kWh   [2mz:[0m +6.67   [2mdesvio:[0m +200000%   [2m(2 obs. dia_util)[0m
2026-07-21 12:15:52 [INFO] 
2026-07-21 12:15:52 [INFO]   🔴 [91m[1mPT0002000078140706BA[0m  [2m[Cluster 1 (estimado)][0m
2026-07-21 12:15:52 [INFO]      consumiu MAIS que o habitual às 12h
2026-07-21 12:15:52 [INFO]      [2mReal:[0m 2.0 kWh   [2mHabitual:[0m 0.0 ± 0.3 kWh   [2mz:[0m +6.67   [2mdesvio:[0m +200000%   [2m(2 obs. dia_util)[0m
2026-07-21 12:15:52 [INFO] 
2026-07-21 12:15:52 [INFO]   🔴 [91m[1mPT0002000105483259QH[0m  [2m[Cluster 1][0m
2026-07-21 12:15:52 [INFO]      consumiu MAIS que o habitual às 17h
2026-07-21 12:15:52 [INFO]      [2mReal:[0m 3.0 kWh   [2mHabitual:[0m 1.0 ± 0.3 kWh   [2mz:[0m +6.67   [2mdesvio:[0m +200%   [2m(2 obs. dia_util)[0m
2026-07-21 12:15:52 [INFO] 
2026-07-21 12:15:52 [INFO]   🔴 [91m[1mPT0002000068856974CZ[0m  [2m[sem cluster][0m
2026-07-21 12:15:52 [INFO]      consumiu MAIS que o habitual às 13h
2026-07-21 12:15:52 [INFO]      [2mReal:[0m 36.0 kWh   [2mHabitual:[0m 12.5 ± 3.5 kWh   [2mz:[0m +6.65   [2mdesvio:[0m +188%   [2m(2 obs. dia_util)[0m
2026-07-21 12:15:52 [INFO] 
2026-07-21 12:15:52 [INFO]   🔴 [91m[1mPT0002000068857897ZV[0m  [2m[Cluster 0][0m
2026-07-21 12:15:52 [INFO]      consumiu MAIS que o habitual às 15h
2026-07-21 12:15:52 [INFO]      [2mReal:[0m 44.0 kWh   [2mHabitual:[0m 26.5 ± 2.6 kWh   [2mz:[0m +6.60   [2mdesvio:[0m +66%   [2m(2 obs. dia_util)[0m
2026-07-21 12:15:52 [INFO] 
2026-07-21 12:15:52 [INFO]   🔴 [91m[1mPT0002000115673389QK[0m  [2m[Cluster 0][0m
2026-07-21 12:15:52 [INFO]      consumiu MAIS que o habitual às 17h
2026-07-21 12:15:52 [INFO]      [2mReal:[0m 34.0 kWh   [2mHabitual:[0m 20.5 ± 2.0 kWh   [2mz:[0m +6.59   [2mdesvio:[0m +66%   [2m(2 obs. dia_util)[0m
2026-07-21 12:15:52 [INFO] 
2026-07-21 12:15:52 [INFO]   🔵 [94m[1mPT0002000073720434JD[0m  [2m[sem cluster][0m
2026-07-21 12:15:52 [INFO]      consumiu MENOS que o habitual às 17h
2026-07-21 12:15:52 [INFO]      [2mReal:[0m 29.0 kWh   [2mHabitual:[0m 84.0 ± 8.4 kWh   [2mz:[0m -6.55   [2mdesvio:[0m -65%   [2m(2 obs. dia_util)[0m
2026-07-21 12:15:52 [INFO] 
2026-07-21 12:15:52 [INFO]   🔴 [91m[1mPT0002000115673471CB[0m  [2m[Cluster 0][0m
2026-07-21 12:15:52 [INFO]      consumiu MAIS que o habitual às 01h
2026-07-21 12:15:52 [INFO]      [2mReal:[0m 24.0 kWh   [2mHabitual:[0m 14.5 ± 1.4 kWh   [2mz:[0m +6.55   [2mdesvio:[0m +66%   [2m(2 obs. dia_util)[0m
2026-07-21 12:15:52 [INFO] 
2026-07-21 12:15:52 [INFO]   🔵 [94m[1mPT0002000073720434JD[0m  [2m[sem cluster][0m
2026-07-21 12:15:52 [INFO]      consumiu MENOS que o habitual às 18h
2026-07-21 12:15:52 [INFO]      [2mReal:[0m 30.0 kWh   [2mHabitual:[0m 84.0 ± 8.4 kWh   [2mz:[0m -6.43   [2mdesvio:[0m -64%   [2m(2 obs. dia_util)[0m
2026-07-21 12:15:52 [INFO] 
2026-07-21 12:15:52 [INFO]   🔴 [91m[1mPT0002000068856974CZ[0m  [2m[sem cluster][0m
2026-07-21 12:15:52 [INFO]      consumiu MAIS que o habitual às 15h
2026-07-21 12:15:52 [INFO]      [2mReal:[0m 43.0 kWh   [2mHabitual:[0m 20.5 ± 3.5 kWh   [2mz:[0m +6.36   [2mdesvio:[0m +110%   [2m(2 obs. dia_util)[0m
2026-07-21 12:15:52 [INFO] 
2026-07-21 12:15:52 [INFO]   🔴 [91m[1mPT0002000068858674WN[0m  [2m[sem cluster][0m
2026-07-21 12:15:52 [INFO]      consumiu MAIS que o habitual às 19h
2026-07-21 12:15:52 [INFO]      [2mReal:[0m 32.0 kWh   [2mHabitual:[0m 14.0 ± 2.8 kWh   [2mz:[0m +6.36   [2mdesvio:[0m +129%   [2m(2 obs. dia_util)[0m
2026-07-21 12:15:52 [INFO] 
2026-07-21 12:15:52 [INFO]   🔴 [91m[1mPT0002000078140706BA[0m  [2m[Cluster 1 (estimado)][0m
2026-07-21 12:15:52 [INFO]      consumiu MAIS que o habitual às 10h
2026-07-21 12:15:52 [INFO]      [2mReal:[0m 120.0 kWh   [2mHabitual:[0m 12.0 ± 17.0 kWh   [2mz:[0m +6.36   [2mdesvio:[0m +900%   [2m(2 obs. dia_util)[0m
2026-07-21 12:15:52 [INFO] 
2026-07-21 12:15:52 [INFO]   🔴 [91m[1mPT0002000115031201VQ[0m  [2m[Cluster 0][0m
2026-07-21 12:15:52 [INFO]      consumiu MAIS que o habitual às 07h
2026-07-21 12:15:52 [INFO]      [2mReal:[0m 8.0 kWh   [2mHabitual:[0m 3.5 ± 0.7 kWh   [2mz:[0m +6.36   [2mdesvio:[0m +129%   [2m(2 obs. dia_util)[0m
2026-07-21 12:15:52 [INFO] 
2026-07-21 12:15:52 [INFO]   🔴 [91m[1mPT0002000115673471CB[0m  [2m[Cluster 0][0m
2026-07-21 12:15:52 [INFO]      consumiu MAIS que o habitual às 03h
2026-07-21 12:15:52 [INFO]      [2mReal:[0m 18.0 kWh   [2mHabitual:[0m 11.0 ± 1.1 kWh   [2mz:[0m +6.36   [2mdesvio:[0m +64%   [2m(2 obs. dia_util)[0m
2026-07-21 12:15:52 [INFO] 
2026-07-21 12:15:52 [INFO]   🔴 [91m[1mPT0002000119303492KB[0m  [2m[Cluster 0][0m
2026-07-21 12:15:52 [INFO]      consumiu MAIS que o habitual às 07h
2026-07-21 12:15:52 [INFO]      [2mReal:[0m 13.0 kWh   [2mHabitual:[0m 4.0 ± 1.4 kWh   [2mz:[0m +6.36   [2mdesvio:[0m +225%   [2m(2 obs. dia_util)[0m
2026-07-21 12:15:52 [INFO] 
2026-07-21 12:15:52 [INFO]   🔴 [91m[1mPT0002000201038711LS[0m  [2m[sem cluster][0m
2026-07-21 12:15:52 [INFO]      consumiu MAIS que o habitual às 18h
2026-07-21 12:15:52 [INFO]      [2mReal:[0m 80.0 kWh   [2mHabitual:[0m 21.5 ± 9.2 kWh   [2mz:[0m +6.36   [2mdesvio:[0m +272%   [2m(2 obs. dia_util)[0m
2026-07-21 12:15:52 [INFO] 
2026-07-21 12:15:52 [INFO]   🔴 [91m[1mPT0002000068857897ZV[0m  [2m[Cluster 0][0m
2026-07-21 12:15:52 [INFO]      consumiu MAIS que o habitual às 21h
2026-07-21 12:15:52 [INFO]      [2mReal:[0m 49.0 kWh   [2mHabitual:[0m 23.7 ± 4.0 kWh   [2mz:[0m +6.27   [2mdesvio:[0m +107%   [2m(3 obs. dia_util)[0m
2026-07-21 12:15:52 [INFO] 
2026-07-21 12:15:52 [INFO]   🔴 [91m[1mPT0002000068858231YY[0m  [2m[sem cluster][0m
2026-07-21 12:15:52 [INFO]      consumiu MAIS que o habitual às 15h
2026-07-21 12:15:52 [INFO]      [2mReal:[0m 30.0 kWh   [2mHabitual:[0m 18.5 ± 1.9 kWh   [2mz:[0m +6.22   [2mdesvio:[0m +62%   [2m(2 obs. dia_util)[0m
2026-07-21 12:15:52 [INFO] 
2026-07-21 12:15:52 [INFO]   🔴 [91m[1mPT0002000106102375RC[0m  [2m[sem cluster][0m
2026-07-21 12:15:52 [INFO]      consumiu MAIS que o habitual às 15h
2026-07-21 12:15:52 [INFO]      [2mReal:[0m 64.0 kWh   [2mHabitual:[0m 39.5 ± 4.0 kWh   [2mz:[0m +6.20   [2mdesvio:[0m +62%   [2m(2 obs. dia_util)[0m
2026-07-21 12:15:52 [INFO] 
2026-07-21 12:15:52 [INFO]   🔵 [94m[1mPT0002000078140706BA[0m  [2m[Cluster 1 (estimado)][0m
2026-07-21 12:15:52 [INFO]      consumiu MENOS que o habitual às 19h
2026-07-21 12:15:52 [INFO]      [2mReal:[0m 28.0 kWh   [2mHabitual:[0m 72.5 ± 7.2 kWh   [2mz:[0m -6.14   [2mdesvio:[0m -61%   [2m(2 obs. dia_util)[0m
2026-07-21 12:15:52 [INFO] 
2026-07-21 12:15:52 [INFO]   🔴 [91m[1mPT0002000068859597LS[0m  [2m[Cluster 0][0m
2026-07-21 12:15:52 [INFO]      consumiu MAIS que o habitual às 08h
2026-07-21 12:15:52 [INFO]      [2mReal:[0m 49.0 kWh   [2mHabitual:[0m 30.5 ± 3.0 kWh   [2mz:[0m +6.07   [2mdesvio:[0m +61%   [2m(2 obs. dia_util)[0m
2026-07-21 12:15:52 [INFO] 
2026-07-21 12:15:52 [INFO]   🔴 [91m[1mPT0002000116530964LH[0m  [2m[Cluster 0 (estimado)][0m
2026-07-21 12:15:52 [INFO]      consumiu MAIS que o habitual às 23h
2026-07-21 12:15:52 [INFO]      [2mReal:[0m 189.0 kWh   [2mHabitual:[0m 99.5 ± 14.8 kWh   [2mz:[0m +6.03   [2mdesvio:[0m +90%   [2m(2 obs. dia_util)[0m
2026-07-21 12:15:52 [INFO] 
2026-07-21 12:15:52 [INFO]   🔴 [91m[1mPT0002000073231742VK[0m  [2m[Cluster 0][0m
2026-07-21 12:15:52 [INFO]      consumiu MAIS que o habitual às 15h
2026-07-21 12:15:52 [INFO]      [2mReal:[0m 20.0 kWh   [2mHabitual:[0m 12.5 ± 1.2 kWh   [2mz:[0m +6.00   [2mdesvio:[0m +60%   [2m(2 obs. dia_util)[0m
2026-07-21 12:15:52 [INFO] 
2026-07-21 12:15:52 [INFO]   🔴 [91m[1mPT0002000073231742VK[0m  [2m[Cluster 0][0m
2026-07-21 12:15:52 [INFO]      consumiu MAIS que o habitual às 16h
2026-07-21 12:15:52 [INFO]      [2mReal:[0m 20.0 kWh   [2mHabitual:[0m 12.5 ± 1.2 kWh   [2mz:[0m +6.00   [2mdesvio:[0m +60%   [2m(2 obs. dia_util)[0m
2026-07-21 12:15:52 [INFO] 
2026-07-21 12:15:52 [INFO]   🔵 [94m[1mPT0002000068859325FL[0m  [2m[Cluster 1][0m
2026-07-21 12:15:52 [INFO]      consumiu MENOS que o habitual às 10h
2026-07-21 12:15:52 [INFO]      [2mReal:[0m 176.0 kWh   [2mHabitual:[0m 424.0 ± 42.4 kWh   [2mz:[0m -5.85   [2mdesvio:[0m -58%   [2m(2 obs. dia_util)[0m
2026-07-21 12:15:52 [INFO] 
2026-07-21 12:15:52 [INFO]   🔴 [91m[1mPT0002000107172384HT[0m  [2m[Cluster 1][0m
2026-07-21 12:15:52 [INFO]      consumiu MAIS que o habitual às 18h
2026-07-21 12:15:52 [INFO]      [2mReal:[0m 68.0 kWh   [2mHabitual:[0m 35.0 ± 5.7 kWh   [2mz:[0m +5.83   [2mdesvio:[0m +94%   [2m(2 obs. dia_util)[0m
2026-07-21 12:15:52 [INFO] 
2026-07-21 12:15:52 [INFO]   🔴 [91m[1mPT0002000115673471CB[0m  [2m[Cluster 0][0m
2026-07-21 12:15:52 [INFO]      consumiu MAIS que o habitual às 17h
2026-07-21 12:15:52 [INFO]      [2mReal:[0m 19.0 kWh   [2mHabitual:[0m 12.0 ± 1.2 kWh   [2mz:[0m +5.83   [2mdesvio:[0m +58%   [2m(2 obs. dia_util)[0m
2026-07-21 12:15:52 [INFO] 
2026-07-21 12:15:52 [INFO]   🔴 [91m[1mPT0002000125379984SH[0m  [2m[Cluster 1][0m
2026-07-21 12:15:52 [INFO]      consumiu MAIS que o habitual às 21h
2026-07-21 12:15:52 [INFO]      [2mReal:[0m 11.0 kWh   [2mHabitual:[0m 4.3 ± 1.1 kWh   [2mz:[0m +5.77   [2mdesvio:[0m +154%   [2m(3 obs. dia_util)[0m
2026-07-21 12:15:52 [INFO] 
2026-07-21 12:15:52 [INFO]   🔵 [94m[1mPT0002000201936109ME[0m  [2m[Cluster 0][0m
2026-07-21 12:15:52 [INFO]      consumiu MENOS que o habitual às 17h
2026-07-21 12:15:52 [INFO]      [2mReal:[0m 56.0 kWh   [2mHabitual:[0m 129.5 ± 12.9 kWh   [2mz:[0m -5.68   [2mdesvio:[0m -57%   [2m(2 obs. dia_util)[0m
2026-07-21 12:15:52 [INFO] 
2026-07-21 12:15:52 [INFO]   🔴 [91m[1mPT0002000110607652SB[0m  [2m[Cluster 0][0m
2026-07-21 12:15:52 [INFO]      consumiu MAIS que o habitual às 08h
2026-07-21 12:15:52 [INFO]      [2mReal:[0m 48.0 kWh   [2mHabitual:[0m 16.0 ± 5.7 kWh   [2mz:[0m +5.66   [2mdesvio:[0m +200%   [2m(2 obs. dia_util)[0m
2026-07-21 12:15:52 [INFO] 
2026-07-21 12:15:52 [INFO]   🔵 [94m[1mPT0002000073720434JD[0m  [2m[sem cluster][0m
2026-07-21 12:15:52 [INFO]      consumiu MENOS que o habitual às 16h
2026-07-21 12:15:52 [INFO]      [2mReal:[0m 37.0 kWh   [2mHabitual:[0m 85.0 ± 8.5 kWh   [2mz:[0m -5.65   [2mdesvio:[0m -56%   [2m(2 obs. dia_util)[0m
2026-07-21 12:15:52 [INFO] 
2026-07-21 12:15:52 [INFO]   🔴 [91m[1mPT0002000106102375RC[0m  [2m[sem cluster][0m
2026-07-21 12:15:52 [INFO]      consumiu MAIS que o habitual às 17h
2026-07-21 12:15:52 [INFO]      [2mReal:[0m 61.0 kWh   [2mHabitual:[0m 39.0 ± 3.9 kWh   [2mz:[0m +5.64   [2mdesvio:[0m +56%   [2m(2 obs. dia_util)[0m
2026-07-21 12:15:52 [INFO] 
2026-07-21 12:15:52 [INFO]   🔴 [91m[1mPT0002000116530964LH[0m  [2m[Cluster 0 (estimado)][0m
2026-07-21 12:15:52 [INFO]      consumiu MAIS que o habitual às 22h
2026-07-21 12:15:52 [INFO]      [2mReal:[0m 199.0 kWh   [2mHabitual:[0m 128.0 ± 12.8 kWh   [2mz:[0m +5.55   [2mdesvio:[0m +55%   [2m(2 obs. dia_util)[0m
2026-07-21 12:15:52 [INFO] 
2026-07-21 12:15:52 [INFO]   🔴 [91m[1mPT0002000077394934QY[0m  [2m[Cluster 0][0m
2026-07-21 12:15:52 [INFO]      consumiu MAIS que o habitual às 15h
2026-07-21 12:15:52 [INFO]      [2mReal:[0m 113.0 kWh   [2mHabitual:[0m 73.0 ± 7.3 kWh   [2mz:[0m +5.48   [2mdesvio:[0m +55%   [2m(2 obs. dia_util)[0m
2026-07-21 12:15:52 [INFO] 
2026-07-21 12:15:52 [INFO]   🔴 [91m[1mPT0002000068859382XF[0m  [2m[Cluster 0][0m
2026-07-21 12:15:52 [INFO]      consumiu MAIS que o habitual às 08h
2026-07-21 12:15:52 [INFO]      [2mReal:[0m 61.0 kWh   [2mHabitual:[0m 39.5 ± 4.0 kWh   [2mz:[0m +5.44   [2mdesvio:[0m +54%   [2m(2 obs. dia_util)[0m
2026-07-21 12:15:52 [INFO] 
2026-07-21 12:15:52 [INFO]   🔵 [94m[1mPT0002000203886452WB[0m  [2m[sem cluster][0m
2026-07-21 12:15:52 [INFO]      consumiu MENOS que o habitual às 20h
2026-07-21 12:15:52 [INFO]      [2mReal:[0m 40.0 kWh   [2mHabitual:[0m 86.0 ± 8.6 kWh   [2mz:[0m -5.35   [2mdesvio:[0m -53%   [2m(2 obs. dia_util)[0m
2026-07-21 12:15:52 [INFO] 
2026-07-21 12:15:52 [INFO]   🔴 [91m[1mPT0002000106102375RC[0m  [2m[sem cluster][0m
2026-07-21 12:15:52 [INFO]      consumiu MAIS que o habitual às 16h
2026-07-21 12:15:52 [INFO]      [2mReal:[0m 61.0 kWh   [2mHabitual:[0m 40.0 ± 4.0 kWh   [2mz:[0m +5.25   [2mdesvio:[0m +52%   [2m(2 obs. dia_util)[0m
2026-07-21 12:15:52 [INFO] 
2026-07-21 12:15:52 [INFO]   🔴 [91m[1mPT0002000077394934QY[0m  [2m[Cluster 0][0m
2026-07-21 12:15:52 [INFO]      consumiu MAIS que o habitual às 12h
2026-07-21 12:15:52 [INFO]      [2mReal:[0m 111.0 kWh   [2mHabitual:[0m 73.0 ± 7.3 kWh   [2mz:[0m +5.21   [2mdesvio:[0m +52%   [2m(2 obs. dia_util)[0m
2026-07-21 12:15:52 [INFO] 
2026-07-21 12:15:52 [INFO]   🔴 [91m[1mPT0002000073231742VK[0m  [2m[Cluster 0][0m
2026-07-21 12:15:52 [INFO]      consumiu MAIS que o habitual às 17h
2026-07-21 12:15:52 [INFO]      [2mReal:[0m 19.0 kWh   [2mHabitual:[0m 12.5 ± 1.2 kWh   [2mz:[0m +5.20   [2mdesvio:[0m +52%   [2m(2 obs. dia_util)[0m
2026-07-21 12:15:52 [INFO] 
2026-07-21 12:15:52 [INFO]   🔴 [91m[1mPT0002000115673471CB[0m  [2m[Cluster 0][0m
2026-07-21 12:15:52 [INFO]      consumiu MAIS que o habitual às 18h
2026-07-21 12:15:52 [INFO]      [2mReal:[0m 19.0 kWh   [2mHabitual:[0m 12.5 ± 1.2 kWh   [2mz:[0m +5.20   [2mdesvio:[0m +52%   [2m(2 obs. dia_util)[0m
2026-07-21 12:15:52 [INFO] 
2026-07-21 12:15:52 [INFO]   🔵 [94m[1mPT0002000068856655YV[0m  [2m[Cluster 0][0m
2026-07-21 12:15:52 [INFO]      consumiu MENOS que o habitual às 01h
2026-07-21 12:15:52 [INFO]      [2mReal:[0m 2.0 kWh   [2mHabitual:[0m 4.0 ± 0.4 kWh   [2mz:[0m -5.00   [2mdesvio:[0m -50%   [2m(2 obs. dia_util)[0m
2026-07-21 12:15:52 [INFO] 
2026-07-21 12:15:52 [INFO]   🔵 [94m[1mPT0002000068856655YV[0m  [2m[Cluster 0][0m
2026-07-21 12:15:52 [INFO]      consumiu MENOS que o habitual às 04h
2026-07-21 12:15:52 [INFO]      [2mReal:[0m 2.0 kWh   [2mHabitual:[0m 4.0 ± 0.4 kWh   [2mz:[0m -5.00   [2mdesvio:[0m -50%   [2m(2 obs. dia_util)[0m
2026-07-21 12:15:52 [INFO] 
2026-07-21 12:15:52 [INFO]   🔵 [94m[1mPT0002000068856655YV[0m  [2m[Cluster 0][0m
2026-07-21 12:15:52 [INFO]      consumiu MENOS que o habitual às 05h
2026-07-21 12:15:52 [INFO]      [2mReal:[0m 2.0 kWh   [2mHabitual:[0m 4.0 ± 0.4 kWh   [2mz:[0m -5.00   [2mdesvio:[0m -50%   [2m(2 obs. dia_util)[0m
2026-07-21 12:15:52 [INFO] 
2026-07-21 12:15:52 [INFO]   🔵 [94m[1mPT0002000073717386HC[0m  [2m[Cluster 1 (estimado)][0m
2026-07-21 12:15:52 [INFO]      consumiu MENOS que o habitual às 13h
2026-07-21 12:15:52 [INFO]      [2mReal:[0m 4.0 kWh   [2mHabitual:[0m 8.0 ± 0.8 kWh   [2mz:[0m -5.00   [2mdesvio:[0m -50%   [2m(2 obs. dia_util)[0m
2026-07-21 12:15:52 [INFO] 
2026-07-21 12:15:52 [INFO]   🔴 [91m[1mPT0002000075637532JB[0m  [2m[Cluster 0][0m
2026-07-21 12:15:52 [INFO]      consumiu MAIS que o habitual às 01h
2026-07-21 12:15:52 [INFO]      [2mReal:[0m 6.0 kWh   [2mHabitual:[0m 4.0 ± 0.4 kWh   [2mz:[0m +5.00   [2mdesvio:[0m +50%   [2m(2 obs. dia_util)[0m
2026-07-21 12:15:52 [INFO] 
2026-07-21 12:15:52 [INFO]   🔴 [91m[1mPT0002000075637532JB[0m  [2m[Cluster 0][0m
2026-07-21 12:15:52 [INFO]      consumiu MAIS que o habitual às 02h
2026-07-21 12:15:52 [INFO]      [2mReal:[0m 6.0 kWh   [2mHabitual:[0m 4.0 ± 0.4 kWh   [2mz:[0m +5.00   [2mdesvio:[0m +50%   [2m(2 obs. dia_util)[0m
2026-07-21 12:15:52 [INFO] 
2026-07-21 12:15:52 [INFO]   🔴 [91m[1mPT0002000075637532JB[0m  [2m[Cluster 0][0m
2026-07-21 12:15:52 [INFO]      consumiu MAIS que o habitual às 05h
2026-07-21 12:15:52 [INFO]      [2mReal:[0m 6.0 kWh   [2mHabitual:[0m 4.0 ± 0.4 kWh   [2mz:[0m +5.00   [2mdesvio:[0m +50%   [2m(2 obs. dia_util)[0m
2026-07-21 12:15:52 [INFO] 
2026-07-21 12:15:52 [INFO]   🔴 [91m[1mPT0002000115673471CB[0m  [2m[Cluster 0][0m
2026-07-21 12:15:52 [INFO]      consumiu MAIS que o habitual às 02h
2026-07-21 12:15:52 [INFO]      [2mReal:[0m 18.0 kWh   [2mHabitual:[0m 12.0 ± 1.2 kWh   [2mz:[0m +5.00   [2mdesvio:[0m +50%   [2m(2 obs. dia_util)[0m
2026-07-21 12:15:52 [INFO] 
2026-07-21 12:15:52 [INFO]   🔴 [91m[1mPT0002000068856655YV[0m  [2m[Cluster 0][0m
2026-07-21 12:15:52 [INFO]      consumiu MAIS que o habitual às 19h
2026-07-21 12:15:52 [INFO]      [2mReal:[0m 7.0 kWh   [2mHabitual:[0m 3.5 ± 0.7 kWh   [2mz:[0m +4.95   [2mdesvio:[0m +100%   [2m(2 obs. dia_util)[0m
2026-07-21 12:15:52 [INFO] 
2026-07-21 12:15:52 [INFO]   🔴 [91m[1mPT0002000068857099AR[0m  [2m[Cluster 1][0m
2026-07-21 12:15:52 [INFO]      consumiu MAIS que o habitual às 20h
2026-07-21 12:15:52 [INFO]      [2mReal:[0m 7.0 kWh   [2mHabitual:[0m 3.5 ± 0.7 kWh   [2mz:[0m +4.95   [2mdesvio:[0m +100%   [2m(2 obs. dia_util)[0m
2026-07-21 12:15:52 [INFO] 
2026-07-21 12:15:52 [INFO]   🔴 [91m[1mPT0002000068858674WN[0m  [2m[sem cluster][0m
2026-07-21 12:15:52 [INFO]      consumiu MAIS que o habitual às 17h
2026-07-21 12:15:52 [INFO]      [2mReal:[0m 28.0 kWh   [2mHabitual:[0m 14.0 ± 2.8 kWh   [2mz:[0m +4.95   [2mdesvio:[0m +100%   [2m(2 obs. dia_util)[0m
2026-07-21 12:15:52 [INFO] 
2026-07-21 12:15:52 [INFO]   🔴 [91m[1mPT0002000068858674WN[0m  [2m[sem cluster][0m
2026-07-21 12:15:52 [INFO]      consumiu MAIS que o habitual às 18h
2026-07-21 12:15:52 [INFO]      [2mReal:[0m 28.0 kWh   [2mHabitual:[0m 14.0 ± 2.8 kWh   [2mz:[0m +4.95   [2mdesvio:[0m +100%   [2m(2 obs. dia_util)[0m
2026-07-21 12:15:52 [INFO] 
2026-07-21 12:15:52 [INFO]   🔴 [91m[1mPT0002000073717386HC[0m  [2m[Cluster 1 (estimado)][0m
2026-07-21 12:15:52 [INFO]      consumiu MAIS que o habitual às 14h
2026-07-21 12:15:52 [INFO]      [2mReal:[0m 4.0 kWh   [2mHabitual:[0m 0.5 ± 0.7 kWh   [2mz:[0m +4.95   [2mdesvio:[0m +700%   [2m(2 obs. dia_util)[0m
2026-07-21 12:15:52 [INFO] 
2026-07-21 12:15:52 [INFO]   🔴 [91m[1mPT0002000078294957RQ[0m  [2m[Cluster 0][0m
2026-07-21 12:15:52 [INFO]      consumiu MAIS que o habitual às 08h
2026-07-21 12:15:52 [INFO]      [2mReal:[0m 14.0 kWh   [2mHabitual:[0m 7.0 ± 1.4 kWh   [2mz:[0m +4.95   [2mdesvio:[0m +100%   [2m(2 obs. dia_util)[0m
2026-07-21 12:15:52 [INFO] 
2026-07-21 12:15:52 [INFO]   🔴 [91m[1mPT0002000078294957RQ[0m  [2m[Cluster 0][0m
2026-07-21 12:15:52 [INFO]      consumiu MAIS que o habitual às 09h
2026-07-21 12:15:52 [INFO]      [2mReal:[0m 17.0 kWh   [2mHabitual:[0m 6.5 ± 2.1 kWh   [2mz:[0m +4.95   [2mdesvio:[0m +162%   [2m(2 obs. dia_util)[0m
2026-07-21 12:15:52 [INFO] 
2026-07-21 12:15:52 [INFO]   🔴 [91m[1mPT0002000078294957RQ[0m  [2m[Cluster 0][0m
2026-07-21 12:15:52 [INFO]      consumiu MAIS que o habitual às 14h
2026-07-21 12:15:52 [INFO]      [2mReal:[0m 14.0 kWh   [2mHabitual:[0m 7.0 ± 1.4 kWh   [2mz:[0m +4.95   [2mdesvio:[0m +100%   [2m(2 obs. dia_util)[0m
2026-07-21 12:15:52 [INFO] 
2026-07-21 12:15:52 [INFO]   🔴 [91m[1mPT0002000078294957RQ[0m  [2m[Cluster 0][0m
2026-07-21 12:15:52 [INFO]      consumiu MAIS que o habitual às 15h
2026-07-21 12:15:52 [INFO]      [2mReal:[0m 13.0 kWh   [2mHabitual:[0m 6.0 ± 1.4 kWh   [2mz:[0m +4.95   [2mdesvio:[0m +117%   [2m(2 obs. dia_util)[0m
2026-07-21 12:15:52 [INFO] 
2026-07-21 12:15:52 [INFO]   🔴 [91m[1mPT0002000081344542CP[0m  [2m[Cluster 1][0m
2026-07-21 12:15:52 [INFO]      consumiu MAIS que o habitual às 01h
2026-07-21 12:15:52 [INFO]      [2mReal:[0m 5.0 kWh   [2mHabitual:[0m 1.5 ± 0.7 kWh   [2mz:[0m +4.95   [2mdesvio:[0m +233%   [2m(2 obs. dia_util)[0m
2026-07-21 12:15:52 [INFO] 
2026-07-21 12:15:52 [INFO]   🔴 [91m[1mPT0002000107046231FW[0m  [2m[Cluster 0][0m
2026-07-21 12:15:52 [INFO]      consumiu MAIS que o habitual às 18h
2026-07-21 12:15:52 [INFO]      [2mReal:[0m 6.0 kWh   [2mHabitual:[0m 2.5 ± 0.7 kWh   [2mz:[0m +4.95   [2mdesvio:[0m +140%   [2m(2 obs. dia_util)[0m
2026-07-21 12:15:52 [INFO] 
2026-07-21 12:15:52 [INFO]   🔴 [91m[1mPT0002000123648159KR[0m  [2m[Cluster 0][0m
2026-07-21 12:15:52 [INFO]      consumiu MAIS que o habitual às 15h
2026-07-21 12:15:52 [INFO]      [2mReal:[0m 14.0 kWh   [2mHabitual:[0m 3.5 ± 2.1 kWh   [2mz:[0m +4.95   [2mdesvio:[0m +300%   [2m(2 obs. dia_util)[0m
2026-07-21 12:15:52 [INFO] 
2026-07-21 12:15:52 [INFO]   🔴 [91m[1mPT0002000125379984SH[0m  [2m[Cluster 1][0m
2026-07-21 12:15:52 [INFO]      consumiu MAIS que o habitual às 11h
2026-07-21 12:15:52 [INFO]      [2mReal:[0m 8.0 kWh   [2mHabitual:[0m 4.5 ± 0.7 kWh   [2mz:[0m +4.95   [2mdesvio:[0m +78%   [2m(2 obs. dia_util)[0m
2026-07-21 12:15:52 [INFO] 
2026-07-21 12:15:52 [INFO]   🔴 [91m[1mPT0002000068859187RL[0m  [2m[Cluster 0][0m
2026-07-21 12:15:52 [INFO]      consumiu MAIS que o habitual às 18h
2026-07-21 12:15:52 [INFO]      [2mReal:[0m 29.0 kWh   [2mHabitual:[0m 19.5 ± 1.9 kWh   [2mz:[0m +4.87   [2mdesvio:[0m +49%   [2m(2 obs. dia_util)[0m
2026-07-21 12:15:52 [INFO] 
2026-07-21 12:15:52 [INFO]   🔴 [91m[1mPT0002000068859382XF[0m  [2m[Cluster 0][0m
2026-07-21 12:15:52 [INFO]      consumiu MAIS que o habitual às 17h
2026-07-21 12:15:52 [INFO]      [2mReal:[0m 58.0 kWh   [2mHabitual:[0m 39.0 ± 3.9 kWh   [2mz:[0m +4.87   [2mdesvio:[0m +49%   [2m(2 obs. dia_util)[0m
2026-07-21 12:15:52 [INFO] 
2026-07-21 12:15:52 [INFO]   🔴 [91m[1mPT0002000106102375RC[0m  [2m[sem cluster][0m
2026-07-21 12:15:52 [INFO]      consumiu MAIS que o habitual às 18h
2026-07-21 12:15:52 [INFO]      [2mReal:[0m 58.0 kWh   [2mHabitual:[0m 39.0 ± 3.9 kWh   [2mz:[0m +4.87   [2mdesvio:[0m +49%   [2m(2 obs. dia_util)[0m
2026-07-21 12:15:52 [INFO] 
2026-07-21 12:15:52 [INFO]   🔴 [91m[1mPT0002000077394934QY[0m  [2m[Cluster 0][0m
2026-07-21 12:15:52 [INFO]      consumiu MAIS que o habitual às 09h
2026-07-21 12:15:52 [INFO]      [2mReal:[0m 92.0 kWh   [2mHabitual:[0m 62.0 ± 6.2 kWh   [2mz:[0m +4.84   [2mdesvio:[0m +48%   [2m(2 obs. dia_util)[0m
2026-07-21 12:15:52 [INFO] 
2026-07-21 12:15:52 [INFO]   🔵 [94m[1mPT0002000073720434JD[0m  [2m[sem cluster][0m
2026-07-21 12:15:52 [INFO]      consumiu MENOS que o habitual às 20h
2026-07-21 12:15:52 [INFO]      [2mReal:[0m 46.0 kWh   [2mHabitual:[0m 89.0 ± 8.9 kWh   [2mz:[0m -4.83   [2mdesvio:[0m -48%   [2m(2 obs. dia_util)[0m
2026-07-21 12:15:52 [INFO] 
2026-07-21 12:15:52 [INFO]   🔵 [94m[1mPT0002000068859597LS[0m  [2m[Cluster 0][0m
2026-07-21 12:15:52 [INFO]      consumiu MENOS que o habitual às 00h
2026-07-21 12:15:52 [INFO]      [2mReal:[0m 31.0 kWh   [2mHabitual:[0m 59.5 ± 6.0 kWh   [2mz:[0m -4.79   [2mdesvio:[0m -48%   [2m(2 obs. dia_util)[0m
2026-07-21 12:15:52 [INFO] 
2026-07-21 12:15:52 [INFO]   🔴 [91m[1mPT0002000077394934QY[0m  [2m[Cluster 0][0m
2026-07-21 12:15:52 [INFO]      consumiu MAIS que o habitual às 13h
2026-07-21 12:15:52 [INFO]      [2mReal:[0m 102.0 kWh   [2mHabitual:[0m 69.0 ± 6.9 kWh   [2mz:[0m +4.78   [2mdesvio:[0m +48%   [2m(2 obs. dia_util)[0m
2026-07-21 12:15:52 [INFO] 
2026-07-21 12:15:52 [INFO]   🔴 [91m[1mPT0002000115673471CB[0m  [2m[Cluster 0][0m
2026-07-21 12:15:52 [INFO]      consumiu MAIS que o habitual às 04h
2026-07-21 12:15:52 [INFO]      [2mReal:[0m 17.0 kWh   [2mHabitual:[0m 11.5 ± 1.1 kWh   [2mz:[0m +4.78   [2mdesvio:[0m +48%   [2m(2 obs. dia_util)[0m
2026-07-21 12:15:52 [INFO] 
2026-07-21 12:15:52 [INFO]   🔴 [91m[1mPT0002000120237616VJ[0m  [2m[Cluster 0][0m
2026-07-21 12:15:52 [INFO]      consumiu MAIS que o habitual às 19h
2026-07-21 12:15:52 [INFO]      [2mReal:[0m 17.0 kWh   [2mHabitual:[0m 11.5 ± 1.1 kWh   [2mz:[0m +4.78   [2mdesvio:[0m +48%   [2m(2 obs. dia_util)[0m
2026-07-21 12:15:52 [INFO] 
2026-07-21 12:15:52 [INFO]   🔴 [91m[1mPT0002000068855003AK[0m  [2m[Cluster 0 (estimado)][0m
2026-07-21 12:15:52 [INFO]      consumiu MAIS que o habitual às 07h
2026-07-21 12:15:52 [INFO]      [2mReal:[0m 11.0 kWh   [2mHabitual:[0m 7.5 ± 0.8 kWh   [2mz:[0m +4.67   [2mdesvio:[0m +47%   [2m(2 obs. dia_util)[0m
2026-07-21 12:15:52 [INFO] 
2026-07-21 12:15:52 [INFO]   🔴 [91m[1mPT0002000033074862LZ[0m  [2m[Cluster 0][0m
2026-07-21 12:15:52 [INFO]      consumiu MAIS que o habitual às 18h
2026-07-21 12:15:52 [INFO]      [2mReal:[0m 19.0 kWh   [2mHabitual:[0m 13.0 ± 1.3 kWh   [2mz:[0m +4.62   [2mdesvio:[0m +46%   [2m(2 obs. dia_util)[0m
2026-07-21 12:15:52 [INFO] 
2026-07-21 12:15:52 [INFO]   🔴 [91m[1mPT0002000078207354XC[0m  [2m[Cluster 1][0m
2026-07-21 12:15:52 [INFO]      consumiu MAIS que o habitual às 21h
2026-07-21 12:15:52 [INFO]      [2mReal:[0m 21.0 kWh   [2mHabitual:[0m 6.3 ± 3.2 kWh   [2mz:[0m +4.56   [2mdesvio:[0m +232%   [2m(3 obs. dia_util)[0m
2026-07-21 12:15:52 [INFO] 
2026-07-21 12:15:52 [INFO]   🔵 [94m[1mPT0002000068856826ZG[0m  [2m[Cluster 0 (estimado)][0m
2026-07-21 12:15:52 [INFO]      consumiu MENOS que o habitual às 07h
2026-07-21 12:15:52 [INFO]      [2mReal:[0m 101.0 kWh   [2mHabitual:[0m 191.0 ± 19.8 kWh   [2mz:[0m -4.55   [2mdesvio:[0m -47%   [2m(2 obs. dia_util)[0m
2026-07-21 12:15:52 [INFO] 
2026-07-21 12:15:52 [INFO]   🔴 [91m[1mPT0002000106102375RC[0m  [2m[sem cluster][0m
2026-07-21 12:15:52 [INFO]      consumiu MAIS que o habitual às 19h
2026-07-21 12:15:52 [INFO]      [2mReal:[0m 56.0 kWh   [2mHabitual:[0m 38.5 ± 3.9 kWh   [2mz:[0m +4.55   [2mdesvio:[0m +45%   [2m(2 obs. dia_util)[0m
2026-07-21 12:15:52 [INFO] 
2026-07-21 12:15:52 [INFO]   🔴 [91m[1mPT0002000203886452WB[0m  [2m[sem cluster][0m
2026-07-21 12:15:52 [INFO]      consumiu MAIS que o habitual às 00h
2026-07-21 12:15:52 [INFO]      [2mReal:[0m 64.0 kWh   [2mHabitual:[0m 26.0 ± 8.5 kWh   [2mz:[0m +4.48   [2mdesvio:[0m +146%   [2m(2 obs. dia_util)[0m
2026-07-21 12:15:52 [INFO] 
2026-07-21 12:15:52 [INFO]   🔵 [94m[1mPT0002000068856826ZG[0m  [2m[Cluster 0 (estimado)][0m
2026-07-21 12:15:52 [INFO]      consumiu MENOS que o habitual às 14h
2026-07-21 12:15:52 [INFO]      [2mReal:[0m 204.0 kWh   [2mHabitual:[0m 366.0 ± 36.6 kWh   [2mz:[0m -4.43   [2mdesvio:[0m -44%   [2m(2 obs. dia_util)[0m
2026-07-21 12:15:52 [INFO] 
2026-07-21 12:15:52 [INFO]   🔴 [91m[1mPT0002000123648159KR[0m  [2m[Cluster 0][0m
2026-07-21 12:15:52 [INFO]      consumiu MAIS que o habitual às 17h
2026-07-21 12:15:52 [INFO]      [2mReal:[0m 20.0 kWh   [2mHabitual:[0m 4.5 ± 3.5 kWh   [2mz:[0m +4.38   [2mdesvio:[0m +344%   [2m(2 obs. dia_util)[0m
2026-07-21 12:15:52 [INFO] 
2026-07-21 12:15:52 [INFO]   🔵 [94m[1mPT0002000203886452WB[0m  [2m[sem cluster][0m
2026-07-21 12:15:52 [INFO]      consumiu MENOS que o habitual às 19h
2026-07-21 12:15:52 [INFO]      [2mReal:[0m 44.0 kWh   [2mHabitual:[0m 106.0 ± 14.1 kWh   [2mz:[0m -4.38   [2mdesvio:[0m -58%   [2m(2 obs. dia_util)[0m
2026-07-21 12:15:52 [INFO] 
2026-07-21 12:15:52 [INFO]   🔴 [91m[1mPT0002000068858231YY[0m  [2m[sem cluster][0m
2026-07-21 12:15:52 [INFO]      consumiu MAIS que o habitual às 07h
2026-07-21 12:15:52 [INFO]      [2mReal:[0m 28.0 kWh   [2mHabitual:[0m 19.5 ± 1.9 kWh   [2mz:[0m +4.36   [2mdesvio:[0m +44%   [2m(2 obs. dia_util)[0m
2026-07-21 12:15:52 [INFO] 
2026-07-21 12:15:52 [INFO]   🔴 [91m[1mPT0002000111572054VT[0m  [2m[sem cluster][0m
2026-07-21 12:15:52 [INFO]      consumiu MAIS que o habitual às 09h
2026-07-21 12:15:52 [INFO]      [2mReal:[0m 30.0 kWh   [2mHabitual:[0m 8.5 ± 5.0 kWh   [2mz:[0m +4.34   [2mdesvio:[0m +253%   [2m(2 obs. dia_util)[0m
2026-07-21 12:15:52 [INFO] 
2026-07-21 12:15:52 [INFO]   🔴 [91m[1mPT0002000068859597LS[0m  [2m[Cluster 0][0m
2026-07-21 12:15:52 [INFO]      consumiu MAIS que o habitual às 17h
2026-07-21 12:15:52 [INFO]      [2mReal:[0m 46.0 kWh   [2mHabitual:[0m 32.5 ± 3.2 kWh   [2mz:[0m +4.15   [2mdesvio:[0m +42%   [2m(2 obs. dia_util)[0m
2026-07-21 12:15:52 [INFO] 
2026-07-21 12:15:52 [INFO]   🔴 [91m[1mPT0002000112989585PH[0m  [2m[Cluster 0][0m
2026-07-21 12:15:52 [INFO]      consumiu MAIS que o habitual às 10h
2026-07-21 12:15:52 [INFO]      [2mReal:[0m 24.0 kWh   [2mHabitual:[0m 3.5 ± 5.0 kWh   [2mz:[0m +4.14   [2mdesvio:[0m +586%   [2m(2 obs. dia_util)[0m
2026-07-21 12:15:52 [INFO] 
2026-07-21 12:15:52 [INFO]   🔵 [94m[1mPT0002000102936404ME[0m  [2m[Cluster 1][0m
2026-07-21 12:15:52 [INFO]      consumiu MENOS que o habitual às 18h
2026-07-21 12:15:52 [INFO]      [2mReal:[0m 22.0 kWh   [2mHabitual:[0m 37.5 ± 3.8 kWh   [2mz:[0m -4.13   [2mdesvio:[0m -41%   [2m(2 obs. dia_util)[0m
2026-07-21 12:15:52 [INFO] 
2026-07-21 12:15:52 [INFO]   🔴 [91m[1mPT0002000077394934QY[0m  [2m[Cluster 0][0m
2026-07-21 12:15:52 [INFO]      consumiu MAIS que o habitual às 14h
2026-07-21 12:15:52 [INFO]      [2mReal:[0m 103.0 kWh   [2mHabitual:[0m 73.0 ± 7.3 kWh   [2mz:[0m +4.11   [2mdesvio:[0m +41%   [2m(2 obs. dia_util)[0m
2026-07-21 12:15:52 [INFO] 
2026-07-21 12:15:52 [INFO]   🔵 [94m[1mPT0002000068856826ZG[0m  [2m[Cluster 0 (estimado)][0m
2026-07-21 12:15:52 [INFO]      consumiu MENOS que o habitual às 13h
2026-07-21 12:15:52 [INFO]      [2mReal:[0m 246.0 kWh   [2mHabitual:[0m 416.0 ± 41.6 kWh   [2mz:[0m -4.09   [2mdesvio:[0m -41%   [2m(2 obs. dia_util)[0m
2026-07-21 12:15:52 [INFO] 
2026-07-21 12:15:52 [INFO]   🔴 [91m[1mPT0002000079469719HF[0m  [2m[sem cluster][0m
2026-07-21 12:15:52 [INFO]      consumiu MAIS que o habitual às 20h
2026-07-21 12:15:52 [INFO]      [2mReal:[0m 165.0 kWh   [2mHabitual:[0m 116.5 ± 12.0 kWh   [2mz:[0m +4.03   [2mdesvio:[0m +42%   [2m(2 obs. dia_util)[0m
2026-07-21 12:15:52 [INFO] 
2026-07-21 12:15:52 [INFO]   🔵 [94m[1mPT0002000068859325FL[0m  [2m[Cluster 1][0m
2026-07-21 12:15:52 [INFO]      consumiu MENOS que o habitual às 12h
2026-07-21 12:15:52 [INFO]      [2mReal:[0m 224.0 kWh   [2mHabitual:[0m 374.0 ± 37.4 kWh   [2mz:[0m -4.01   [2mdesvio:[0m -40%   [2m(2 obs. dia_util)[0m
2026-07-21 12:15:52 [INFO] 
2026-07-21 12:15:52 [INFO]   🔴 [91m[1mPT0002000075637532JB[0m  [2m[Cluster 0][0m
2026-07-21 12:15:52 [INFO]      consumiu MAIS que o habitual às 00h
2026-07-21 12:15:52 [INFO]      [2mReal:[0m 7.0 kWh   [2mHabitual:[0m 5.0 ± 0.5 kWh   [2mz:[0m +4.00   [2mdesvio:[0m +40%   [2m(2 obs. dia_util)[0m
2026-07-21 12:15:52 [INFO] 
2026-07-21 12:15:52 [INFO]   🔴 [91m[1mPT0002000075637532JB[0m  [2m[Cluster 0][0m
2026-07-21 12:15:52 [INFO]      consumiu MAIS que o habitual às 07h
2026-07-21 12:15:52 [INFO]      [2mReal:[0m 7.0 kWh   [2mHabitual:[0m 5.0 ± 0.5 kWh   [2mz:[0m +4.00   [2mdesvio:[0m +40%   [2m(2 obs. dia_util)[0m
2026-07-21 12:15:52 [INFO] 
2026-07-21 12:15:52 [INFO]   🔴 [91m[1mPT0002000078207354XC[0m  [2m[Cluster 1][0m
2026-07-21 12:15:52 [INFO]      consumiu MAIS que o habitual às 09h
2026-07-21 12:15:52 [INFO]      [2mReal:[0m 7.0 kWh   [2mHabitual:[0m 5.0 ± 0.5 kWh   [2mz:[0m +4.00   [2mdesvio:[0m +40%   [2m(2 obs. dia_util)[0m
2026-07-21 12:15:52 [INFO] 
2026-07-21 12:15:52 [INFO]   🔴 [91m[1mPT0002000078207354XC[0m  [2m[Cluster 1][0m
2026-07-21 12:15:52 [INFO]      consumiu MAIS que o habitual às 14h
2026-07-21 12:15:52 [INFO]      [2mReal:[0m 7.0 kWh   [2mHabitual:[0m 5.0 ± 0.5 kWh   [2mz:[0m +4.00   [2mdesvio:[0m +40%   [2m(2 obs. dia_util)[0m
2026-07-21 12:15:52 [INFO] 
2026-07-21 12:15:52 [INFO]   🔴 [91m[1mPT0002000078207354XC[0m  [2m[Cluster 1][0m
2026-07-21 12:15:52 [INFO]      consumiu MAIS que o habitual às 18h
2026-07-21 12:15:52 [INFO]      [2mReal:[0m 7.0 kWh   [2mHabitual:[0m 5.0 ± 0.5 kWh   [2mz:[0m +4.00   [2mdesvio:[0m +40%   [2m(2 obs. dia_util)[0m
2026-07-21 12:15:52 [INFO] 
2026-07-21 12:15:52 [INFO]   🔴 [91m[1mPT0002000079469719HF[0m  [2m[sem cluster][0m
2026-07-21 12:15:52 [INFO]      consumiu MAIS que o habitual às 21h
2026-07-21 12:15:52 [INFO]      [2mReal:[0m 158.0 kWh   [2mHabitual:[0m 113.0 ± 11.3 kWh   [2mz:[0m +3.98   [2mdesvio:[0m +40%   [2m(3 obs. dia_util)[0m
2026-07-21 12:15:52 [INFO] 
2026-07-21 12:15:52 [INFO]   🔵 [94m[1mPT0002000201936109ME[0m  [2m[Cluster 0][0m
2026-07-21 12:15:52 [INFO]      consumiu MENOS que o habitual às 07h
2026-07-21 12:15:52 [INFO]      [2mReal:[0m 22.0 kWh   [2mHabitual:[0m 36.0 ± 3.6 kWh   [2mz:[0m -3.89   [2mdesvio:[0m -39%   [2m(2 obs. dia_util)[0m
2026-07-21 12:15:52 [INFO] 
2026-07-21 12:15:52 [INFO]   🔴 [91m[1mPT0002000068857897ZV[0m  [2m[Cluster 0][0m
2026-07-21 12:15:52 [INFO]      consumiu MAIS que o habitual às 23h
2026-07-21 12:15:52 [INFO]      [2mReal:[0m 36.0 kWh   [2mHabitual:[0m 26.0 ± 2.6 kWh   [2mz:[0m +3.85   [2mdesvio:[0m +38%   [2m(3 obs. dia_util)[0m
2026-07-21 12:15:52 [INFO] 
2026-07-21 12:15:52 [INFO]   🔵 [94m[1mPT0002000068859325FL[0m  [2m[Cluster 1][0m
2026-07-21 12:15:52 [INFO]      consumiu MENOS que o habitual às 11h
2026-07-21 12:15:52 [INFO]      [2mReal:[0m 260.0 kWh   [2mHabitual:[0m 420.0 ± 42.0 kWh   [2mz:[0m -3.81   [2mdesvio:[0m -38%   [2m(2 obs. dia_util)[0m
2026-07-21 12:15:52 [INFO] 
2026-07-21 12:15:52 [INFO]   🔴 [91m[1mPT0002000068859597LS[0m  [2m[Cluster 0][0m
2026-07-21 12:15:52 [INFO]      consumiu MAIS que o habitual às 20h
2026-07-21 12:15:52 [INFO]      [2mReal:[0m 52.0 kWh   [2mHabitual:[0m 33.5 ± 5.0 kWh   [2mz:[0m +3.74   [2mdesvio:[0m +55%   [2m(2 obs. dia_util)[0m
2026-07-21 12:15:52 [INFO] 
2026-07-21 12:15:52 [INFO]   🔴 [91m[1mPT0002000079469719HF[0m  [2m[sem cluster][0m
2026-07-21 12:15:52 [INFO]      consumiu MAIS que o habitual às 19h
2026-07-21 12:15:52 [INFO]      [2mReal:[0m 189.0 kWh   [2mHabitual:[0m 115.0 ± 19.8 kWh   [2mz:[0m +3.74   [2mdesvio:[0m +64%   [2m(2 obs. dia_util)[0m
2026-07-21 12:15:52 [INFO] 
2026-07-21 12:15:52 [INFO]   🔴 [91m[1mPT0002000068856267NC[0m  [2m[sem cluster][0m
2026-07-21 12:15:52 [INFO]      consumiu MAIS que o habitual às 07h
2026-07-21 12:15:52 [INFO]      [2mReal:[0m 24.0 kWh   [2mHabitual:[0m 17.5 ± 1.8 kWh   [2mz:[0m +3.71   [2mdesvio:[0m +37%   [2m(2 obs. dia_util)[0m
2026-07-21 12:15:52 [INFO] 
2026-07-21 12:15:52 [INFO]   🔵 [94m[1mPT0002000078140706BA[0m  [2m[Cluster 1 (estimado)][0m
2026-07-21 12:15:52 [INFO]      consumiu MENOS que o habitual às 18h
2026-07-21 12:15:52 [INFO]      [2mReal:[0m 6.0 kWh   [2mHabitual:[0m 50.5 ± 12.0 kWh   [2mz:[0m -3.70   [2mdesvio:[0m -88%   [2m(2 obs. dia_util)[0m
2026-07-21 12:15:52 [INFO] 
2026-07-21 12:15:52 [INFO]   🔴 [91m[1mPT0002000077394934QY[0m  [2m[Cluster 0][0m
2026-07-21 12:15:52 [INFO]      consumiu MAIS que o habitual às 07h
2026-07-21 12:15:52 [INFO]      [2mReal:[0m 67.0 kWh   [2mHabitual:[0m 49.0 ± 4.9 kWh   [2mz:[0m +3.67   [2mdesvio:[0m +37%   [2m(2 obs. dia_util)[0m
2026-07-21 12:15:52 [INFO] 
2026-07-21 12:15:52 [INFO]   🔴 [91m[1mPT0002000068858231YY[0m  [2m[sem cluster][0m
2026-07-21 12:15:52 [INFO]      consumiu MAIS que o habitual às 16h
2026-07-21 12:15:52 [INFO]      [2mReal:[0m 30.0 kWh   [2mHabitual:[0m 22.0 ± 2.2 kWh   [2mz:[0m +3.64   [2mdesvio:[0m +36%   [2m(2 obs. dia_util)[0m
2026-07-21 12:15:52 [INFO] 
2026-07-21 12:15:52 [INFO]   🔴 [91m[1mPT0002000077394934QY[0m  [2m[Cluster 0][0m
2026-07-21 12:15:52 [INFO]      consumiu MAIS que o habitual às 16h
2026-07-21 12:15:52 [INFO]      [2mReal:[0m 105.0 kWh   [2mHabitual:[0m 77.0 ± 7.7 kWh   [2mz:[0m +3.64   [2mdesvio:[0m +36%   [2m(2 obs. dia_util)[0m
2026-07-21 12:15:52 [INFO] 
2026-07-21 12:15:52 [INFO]   🔵 [94m[1mPT0002000201936109ME[0m  [2m[Cluster 0][0m
2026-07-21 12:15:52 [INFO]      consumiu MENOS que o habitual às 16h
2026-07-21 12:15:52 [INFO]      [2mReal:[0m 44.0 kWh   [2mHabitual:[0m 113.5 ± 19.1 kWh   [2mz:[0m -3.64   [2mdesvio:[0m -61%   [2m(2 obs. dia_util)[0m
2026-07-21 12:15:52 [INFO] 
2026-07-21 12:15:52 [INFO]   🔴 [91m[1mPT0002000068857897ZV[0m  [2m[Cluster 0][0m
2026-07-21 12:15:52 [INFO]      consumiu MAIS que o habitual às 17h
2026-07-21 12:15:52 [INFO]      [2mReal:[0m 36.0 kWh   [2mHabitual:[0m 26.5 ± 2.6 kWh   [2mz:[0m +3.58   [2mdesvio:[0m +36%   [2m(2 obs. dia_util)[0m
2026-07-21 12:15:52 [INFO] 
2026-07-21 12:15:52 [INFO]   🔴 [91m[1mPT0002000068856655YV[0m  [2m[Cluster 0][0m
2026-07-21 12:15:52 [INFO]      consumiu MAIS que o habitual às 18h
2026-07-21 12:15:52 [INFO]      [2mReal:[0m 6.0 kWh   [2mHabitual:[0m 3.5 ± 0.7 kWh   [2mz:[0m +3.54   [2mdesvio:[0m +71%   [2m(2 obs. dia_util)[0m
2026-07-21 12:15:52 [INFO] 
2026-07-21 12:15:52 [INFO]   🔴 [91m[1mPT0002000068856974CZ[0m  [2m[sem cluster][0m
2026-07-21 12:15:52 [INFO]      consumiu MAIS que o habitual às 14h
2026-07-21 12:15:52 [INFO]      [2mReal:[0m 32.0 kWh   [2mHabitual:[0m 14.5 ± 5.0 kWh   [2mz:[0m +3.54   [2mdesvio:[0m +121%   [2m(2 obs. dia_util)[0m
2026-07-21 12:15:52 [INFO] 
2026-07-21 12:15:52 [INFO]   🔴 [91m[1mPT0002000068857099AR[0m  [2m[Cluster 1][0m
2026-07-21 12:15:52 [INFO]      consumiu MAIS que o habitual às 02h
2026-07-21 12:15:52 [INFO]      [2mReal:[0m 5.0 kWh   [2mHabitual:[0m 2.5 ± 0.7 kWh   [2mz:[0m +3.54   [2mdesvio:[0m +100%   [2m(2 obs. dia_util)[0m
2026-07-21 12:15:52 [INFO] 
2026-07-21 12:15:52 [INFO]   🔴 [91m[1mPT0002000068857099AR[0m  [2m[Cluster 1][0m
2026-07-21 12:15:52 [INFO]      consumiu MAIS que o habitual às 06h
2026-07-21 12:15:52 [INFO]      [2mReal:[0m 5.0 kWh   [2mHabitual:[0m 2.5 ± 0.7 kWh   [2mz:[0m +3.54   [2mdesvio:[0m +100%   [2m(2 obs. dia_util)[0m
2026-07-21 12:15:52 [INFO] 
2026-07-21 12:15:52 [INFO]   🔴 [91m[1mPT0002000068858674WN[0m  [2m[sem cluster][0m
2026-07-21 12:15:52 [INFO]      consumiu MAIS que o habitual às 15h
2026-07-21 12:15:52 [INFO]      [2mReal:[0m 24.0 kWh   [2mHabitual:[0m 14.0 ± 2.8 kWh   [2mz:[0m +3.54   [2mdesvio:[0m +71%   [2m(2 obs. dia_util)[0m
2026-07-21 12:15:52 [INFO] 
2026-07-21 12:15:52 [INFO]   🔴 [91m[1mPT0002000075637532JB[0m  [2m[Cluster 0][0m
2026-07-21 12:15:52 [INFO]      consumiu MAIS que o habitual às 18h
2026-07-21 12:15:52 [INFO]      [2mReal:[0m 10.0 kWh   [2mHabitual:[0m 5.0 ± 1.4 kWh   [2mz:[0m +3.54   [2mdesvio:[0m +100%   [2m(2 obs. dia_util)[0m
2026-07-21 12:15:52 [INFO] 
2026-07-21 12:15:52 [INFO]   🔴 [91m[1mPT0002000078207354XC[0m  [2m[Cluster 1][0m
2026-07-21 12:15:52 [INFO]      consumiu MAIS que o habitual às 15h
2026-07-21 12:15:52 [INFO]      [2mReal:[0m 7.0 kWh   [2mHabitual:[0m 4.5 ± 0.7 kWh   [2mz:[0m +3.54   [2mdesvio:[0m +56%   [2m(2 obs. dia_util)[0m
2026-07-21 12:15:52 [INFO] 
2026-07-21 12:15:52 [INFO]   🔴 [91m[1mPT0002000081344542CP[0m  [2m[Cluster 1][0m
2026-07-21 12:15:52 [INFO]      consumiu MAIS que o habitual às 13h
2026-07-21 12:15:52 [INFO]      [2mReal:[0m 4.0 kWh   [2mHabitual:[0m 1.5 ± 0.7 kWh   [2mz:[0m +3.54   [2mdesvio:[0m +167%   [2m(2 obs. dia_util)[0m
2026-07-21 12:15:52 [INFO] 
2026-07-21 12:15:52 [INFO]   🔴 [91m[1mPT0002000110607652SB[0m  [2m[Cluster 0][0m
2026-07-21 12:15:52 [INFO]      consumiu MAIS que o habitual às 09h
2026-07-21 12:15:52 [INFO]      [2mReal:[0m 52.0 kWh   [2mHabitual:[0m 22.0 ± 8.5 kWh   [2mz:[0m +3.54   [2mdesvio:[0m +136%   [2m(2 obs. dia_util)[0m
2026-07-21 12:15:52 [INFO] 
2026-07-21 12:15:52 [INFO]   🔴 [91m[1mPT0002000110607652SB[0m  [2m[Cluster 0][0m
2026-07-21 12:15:52 [INFO]      consumiu MAIS que o habitual às 10h
2026-07-21 12:15:52 [INFO]      [2mReal:[0m 60.0 kWh   [2mHabitual:[0m 20.0 ± 11.3 kWh   [2mz:[0m +3.54   [2mdesvio:[0m +200%   [2m(2 obs. dia_util)[0m
2026-07-21 12:15:52 [INFO] 
2026-07-21 12:15:52 [INFO]   🔴 [91m[1mPT0002000111572054VT[0m  [2m[sem cluster][0m
2026-07-21 12:15:52 [INFO]      consumiu MAIS que o habitual às 10h
2026-07-21 12:15:52 [INFO]      [2mReal:[0m 26.0 kWh   [2mHabitual:[0m 6.0 ± 5.7 kWh   [2mz:[0m +3.54   [2mdesvio:[0m +333%   [2m(2 obs. dia_util)[0m
2026-07-21 12:15:52 [INFO] 
2026-07-21 12:15:52 [INFO]   🔴 [91m[1mPT0002000112989585PH[0m  [2m[Cluster 0][0m
2026-07-21 12:15:52 [INFO]      consumiu MAIS que o habitual às 11h
2026-07-21 12:15:52 [INFO]      [2mReal:[0m 3.0 kWh   [2mHabitual:[0m 0.5 ± 0.7 kWh   [2mz:[0m +3.54   [2mdesvio:[0m +500%   [2m(2 obs. dia_util)[0m
2026-07-21 12:15:52 [INFO] 
2026-07-21 12:15:52 [INFO]   🔴 [91m[1mPT0002000203886452WB[0m  [2m[sem cluster][0m
2026-07-21 12:15:52 [INFO]      consumiu MAIS que o habitual às 13h
2026-07-21 12:15:52 [INFO]      [2mReal:[0m 44.0 kWh   [2mHabitual:[0m 14.0 ± 8.5 kWh   [2mz:[0m +3.54   [2mdesvio:[0m +214%   [2m(2 obs. dia_util)[0m
2026-07-21 12:15:52 [INFO] 
2026-07-21 12:15:52 [INFO]   🔵 [94m[1mPT0002000068859325FL[0m  [2m[Cluster 1][0m
2026-07-21 12:15:52 [INFO]      consumiu MENOS que o habitual às 13h
2026-07-21 12:15:52 [INFO]      [2mReal:[0m 216.0 kWh   [2mHabitual:[0m 330.0 ± 33.0 kWh   [2mz:[0m -3.45   [2mdesvio:[0m -35%   [2m(2 obs. dia_util)[0m
2026-07-21 12:15:52 [INFO] 
2026-07-21 12:15:52 [INFO]   🔴 [91m[1mPT0002000068856872QG[0m  [2m[Cluster 1][0m
2026-07-21 12:15:52 [INFO]      consumiu MAIS que o habitual às 01h
2026-07-21 12:15:52 [INFO]      [2mReal:[0m 1.0 kWh   [2mHabitual:[0m 0.0 ± 0.3 kWh   [2mz:[0m +3.33   [2mdesvio:[0m +100000%   [2m(2 obs. dia_util)[0m
2026-07-21 12:15:52 [INFO] 
2026-07-21 12:15:52 [INFO]   🔴 [91m[1mPT0002000068856872QG[0m  [2m[Cluster 1][0m
2026-07-21 12:15:52 [INFO]      consumiu MAIS que o habitual às 08h
2026-07-21 12:15:52 [INFO]      [2mReal:[0m 1.0 kWh   [2mHabitual:[0m 0.0 ± 0.3 kWh   [2mz:[0m +3.33   [2mdesvio:[0m +100000%   [2m(2 obs. dia_util)[0m
2026-07-21 12:15:52 [INFO] 
2026-07-21 12:15:52 [INFO]   🔴 [91m[1mPT0002000068856872QG[0m  [2m[Cluster 1][0m
2026-07-21 12:15:52 [INFO]      consumiu MAIS que o habitual às 14h
2026-07-21 12:15:52 [INFO]      [2mReal:[0m 1.0 kWh   [2mHabitual:[0m 0.0 ± 0.3 kWh   [2mz:[0m +3.33   [2mdesvio:[0m +100000%   [2m(2 obs. dia_util)[0m
2026-07-21 12:15:52 [INFO] 
2026-07-21 12:15:52 [INFO]   🔴 [91m[1mPT0002000068856952LS[0m  [2m[Cluster 2][0m
2026-07-21 12:15:52 [INFO]      consumiu MAIS que o habitual às 01h
2026-07-21 12:15:52 [INFO]      [2mReal:[0m 1.0 kWh   [2mHabitual:[0m 0.0 ± 0.3 kWh   [2mz:[0m +3.33   [2mdesvio:[0m +100000%   [2m(2 obs. dia_util)[0m
2026-07-21 12:15:52 [INFO] 
2026-07-21 12:15:52 [INFO]   🔴 [91m[1mPT0002000068856952LS[0m  [2m[Cluster 2][0m
2026-07-21 12:15:52 [INFO]      consumiu MAIS que o habitual às 10h
2026-07-21 12:15:52 [INFO]      [2mReal:[0m 1.0 kWh   [2mHabitual:[0m 0.0 ± 0.3 kWh   [2mz:[0m +3.33   [2mdesvio:[0m +100000%   [2m(2 obs. dia_util)[0m
2026-07-21 12:15:52 [INFO] 
2026-07-21 12:15:52 [INFO]   🔴 [91m[1mPT0002000068856952LS[0m  [2m[Cluster 2][0m
2026-07-21 12:15:52 [INFO]      consumiu MAIS que o habitual às 19h
2026-07-21 12:15:52 [INFO]      [2mReal:[0m 1.0 kWh   [2mHabitual:[0m 0.0 ± 0.3 kWh   [2mz:[0m +3.33   [2mdesvio:[0m +100000%   [2m(2 obs. dia_util)[0m
2026-07-21 12:15:52 [INFO] 
2026-07-21 12:15:52 [INFO]   🔴 [91m[1mPT0002000068857099AR[0m  [2m[Cluster 1][0m
2026-07-21 12:15:52 [INFO]      consumiu MAIS que o habitual às 04h
2026-07-21 12:15:52 [INFO]      [2mReal:[0m 4.0 kWh   [2mHabitual:[0m 3.0 ± 0.3 kWh   [2mz:[0m +3.33   [2mdesvio:[0m +33%   [2m(2 obs. dia_util)[0m
2026-07-21 12:15:52 [INFO] 
2026-07-21 12:15:52 [INFO]   🔴 [91m[1mPT0002000068857099AR[0m  [2m[Cluster 1][0m
2026-07-21 12:15:52 [INFO]      consumiu MAIS que o habitual às 07h
2026-07-21 12:15:52 [INFO]      [2mReal:[0m 4.0 kWh   [2mHabitual:[0m 3.0 ± 0.3 kWh   [2mz:[0m +3.33   [2mdesvio:[0m +33%   [2m(2 obs. dia_util)[0m
2026-07-21 12:15:52 [INFO] 
2026-07-21 12:15:52 [INFO]   🔴 [91m[1mPT0002000068857099AR[0m  [2m[Cluster 1][0m
2026-07-21 12:15:52 [INFO]      consumiu MAIS que o habitual às 08h
2026-07-21 12:15:52 [INFO]      [2mReal:[0m 4.0 kWh   [2mHabitual:[0m 3.0 ± 0.3 kWh   [2mz:[0m +3.33   [2mdesvio:[0m +33%   [2m(2 obs. dia_util)[0m
2026-07-21 12:15:52 [INFO] 
2026-07-21 12:15:52 [INFO]   🔴 [91m[1mPT0002000068857099AR[0m  [2m[Cluster 1][0m
2026-07-21 12:15:52 [INFO]      consumiu MAIS que o habitual às 09h
2026-07-21 12:15:52 [INFO]      [2mReal:[0m 4.0 kWh   [2mHabitual:[0m 3.0 ± 0.3 kWh   [2mz:[0m +3.33   [2mdesvio:[0m +33%   [2m(2 obs. dia_util)[0m
2026-07-21 12:15:52 [INFO] 
2026-07-21 12:15:52 [INFO]   🔴 [91m[1mPT0002000068857099AR[0m  [2m[Cluster 1][0m
2026-07-21 12:15:52 [INFO]      consumiu MAIS que o habitual às 13h
2026-07-21 12:15:52 [INFO]      [2mReal:[0m 4.0 kWh   [2mHabitual:[0m 3.0 ± 0.3 kWh   [2mz:[0m +3.33   [2mdesvio:[0m +33%   [2m(2 obs. dia_util)[0m
2026-07-21 12:15:52 [INFO] 
2026-07-21 12:15:52 [INFO]   🔴 [91m[1mPT0002000068858674WN[0m  [2m[sem cluster][0m
2026-07-21 12:15:52 [INFO]      consumiu MAIS que o habitual às 08h
2026-07-21 12:15:52 [INFO]      [2mReal:[0m 16.0 kWh   [2mHabitual:[0m 12.0 ± 1.2 kWh   [2mz:[0m +3.33   [2mdesvio:[0m +33%   [2m(2 obs. dia_util)[0m
2026-07-21 12:15:52 [INFO] 
2026-07-21 12:15:52 [INFO]   🔴 [91m[1mPT0002000068858674WN[0m  [2m[sem cluster][0m
2026-07-21 12:15:52 [INFO]      consumiu MAIS que o habitual às 10h
2026-07-21 12:15:52 [INFO]      [2mReal:[0m 16.0 kWh   [2mHabitual:[0m 12.0 ± 1.2 kWh   [2mz:[0m +3.33   [2mdesvio:[0m +33%   [2m(2 obs. dia_util)[0m
2026-07-21 12:15:52 [INFO] 
2026-07-21 12:15:52 [INFO]   🔴 [91m[1mPT0002000068858674WN[0m  [2m[sem cluster][0m
2026-07-21 12:15:52 [INFO]      consumiu MAIS que o habitual às 13h
2026-07-21 12:15:52 [INFO]      [2mReal:[0m 16.0 kWh   [2mHabitual:[0m 12.0 ± 1.2 kWh   [2mz:[0m +3.33   [2mdesvio:[0m +33%   [2m(2 obs. dia_util)[0m
2026-07-21 12:15:52 [INFO] 
2026-07-21 12:15:52 [INFO]   🔵 [94m[1mPT0002000068859325FL[0m  [2m[Cluster 1][0m
2026-07-21 12:15:52 [INFO]      consumiu MENOS que o habitual às 05h
2026-07-21 12:15:52 [INFO]      [2mReal:[0m 80.0 kWh   [2mHabitual:[0m 120.0 ± 12.0 kWh   [2mz:[0m -3.33   [2mdesvio:[0m -33%   [2m(2 obs. dia_util)[0m
2026-07-21 12:15:52 [INFO] 
2026-07-21 12:15:52 [INFO]   🔵 [94m[1mPT0002000073717386HC[0m  [2m[Cluster 1 (estimado)][0m
2026-07-21 12:15:52 [INFO]      consumiu MENOS que o habitual às 07h
2026-07-21 12:15:52 [INFO]      [2mReal:[0m 0.0 kWh   [2mHabitual:[0m 1.0 ± 0.3 kWh   [2mz:[0m -3.33   [2mdesvio:[0m -100%   [2m(2 obs. dia_util)[0m
2026-07-21 12:15:52 [INFO] 
2026-07-21 12:15:52 [INFO]   🔵 [94m[1mPT0002000078233981HJ[0m  [2m[Cluster 1][0m
2026-07-21 12:15:52 [INFO]      consumiu MENOS que o habitual às 12h
2026-07-21 12:15:52 [INFO]      [2mReal:[0m 1.0 kWh   [2mHabitual:[0m 2.0 ± 0.3 kWh   [2mz:[0m -3.33   [2mdesvio:[0m -50%   [2m(2 obs. dia_util)[0m
2026-07-21 12:15:52 [INFO] 
2026-07-21 12:15:52 [INFO]   🔴 [91m[1mPT0002000081344542CP[0m  [2m[Cluster 1][0m
2026-07-21 12:15:52 [INFO]      consumiu MAIS que o habitual às 09h
2026-07-21 12:15:52 [INFO]      [2mReal:[0m 2.0 kWh   [2mHabitual:[0m 1.0 ± 0.3 kWh   [2mz:[0m +3.33   [2mdesvio:[0m +100%   [2m(2 obs. dia_util)[0m
2026-07-21 12:15:52 [INFO] 
2026-07-21 12:15:52 [INFO]   🔴 [91m[1mPT0002000081344542CP[0m  [2m[Cluster 1][0m
2026-07-21 12:15:52 [INFO]      consumiu MAIS que o habitual às 12h
2026-07-21 12:15:52 [INFO]      [2mReal:[0m 2.0 kWh   [2mHabitual:[0m 1.0 ± 0.3 kWh   [2mz:[0m +3.33   [2mdesvio:[0m +100%   [2m(2 obs. dia_util)[0m
2026-07-21 12:15:52 [INFO] 
2026-07-21 12:15:52 [INFO]   🔵 [94m[1mPT0002000105483259QH[0m  [2m[Cluster 1][0m
2026-07-21 12:15:52 [INFO]      consumiu MENOS que o habitual às 02h
2026-07-21 12:15:52 [INFO]      [2mReal:[0m 0.0 kWh   [2mHabitual:[0m 1.0 ± 0.3 kWh   [2mz:[0m -3.33   [2mdesvio:[0m -100%   [2m(2 obs. dia_util)[0m
2026-07-21 12:15:52 [INFO] 
2026-07-21 12:15:52 [INFO]   🔴 [91m[1mPT0002000105483259QH[0m  [2m[Cluster 1][0m
2026-07-21 12:15:52 [INFO]      consumiu MAIS que o habitual às 14h
2026-07-21 12:15:52 [INFO]      [2mReal:[0m 2.0 kWh   [2mHabitual:[0m 1.0 ± 0.3 kWh   [2mz:[0m +3.33   [2mdesvio:[0m +100%   [2m(2 obs. dia_util)[0m
2026-07-21 12:15:52 [INFO] 
2026-07-21 12:15:52 [INFO]   🔴 [91m[1mPT0002000105483259QH[0m  [2m[Cluster 1][0m
2026-07-21 12:15:52 [INFO]      consumiu MAIS que o habitual às 16h
2026-07-21 12:15:52 [INFO]      [2mReal:[0m 2.0 kWh   [2mHabitual:[0m 1.0 ± 0.3 kWh   [2mz:[0m +3.33   [2mdesvio:[0m +100%   [2m(2 obs. dia_util)[0m
2026-07-21 12:15:52 [INFO] 
2026-07-21 12:15:52 [INFO]   🔴 [91m[1mPT0002000107046231FW[0m  [2m[Cluster 0][0m
2026-07-21 12:15:52 [INFO]      consumiu MAIS que o habitual às 20h
2026-07-21 12:15:52 [INFO]      [2mReal:[0m 3.0 kWh   [2mHabitual:[0m 2.0 ± 0.3 kWh   [2mz:[0m +3.33   [2mdesvio:[0m +50%   [2m(2 obs. dia_util)[0m
2026-07-21 12:15:52 [INFO] 
2026-07-21 12:15:52 [INFO]   🔴 [91m[1mPT0002000107172384HT[0m  [2m[Cluster 1][0m
2026-07-21 12:15:52 [INFO]      consumiu MAIS que o habitual às 12h
2026-07-21 12:15:52 [INFO]      [2mReal:[0m 30.0 kWh   [2mHabitual:[0m 22.5 ± 2.2 kWh   [2mz:[0m +3.33   [2mdesvio:[0m +33%   [2m(2 obs. dia_util)[0m
2026-07-21 12:15:52 [INFO] 
2026-07-21 12:15:52 [INFO]   🔴 [91m[1mPT0002000112989585PH[0m  [2m[Cluster 0][0m
2026-07-21 12:15:52 [INFO]      consumiu MAIS que o habitual às 13h
2026-07-21 12:15:52 [INFO]      [2mReal:[0m 1.0 kWh   [2mHabitual:[0m 0.0 ± 0.3 kWh   [2mz:[0m +3.33   [2mdesvio:[0m +100000%   [2m(2 obs. dia_util)[0m
2026-07-21 12:15:52 [INFO] 
2026-07-21 12:15:52 [INFO]   🔴 [91m[1mPT0002000115031201VQ[0m  [2m[Cluster 0][0m
2026-07-21 12:15:52 [INFO]      consumiu MAIS que o habitual às 04h
2026-07-21 12:15:52 [INFO]      [2mReal:[0m 4.0 kWh   [2mHabitual:[0m 3.0 ± 0.3 kWh   [2mz:[0m +3.33   [2mdesvio:[0m +33%   [2m(2 obs. dia_util)[0m
2026-07-21 12:15:52 [INFO] 
2026-07-21 12:15:52 [INFO]   🔴 [91m[1mPT0002000123648159KR[0m  [2m[Cluster 0][0m
2026-07-21 12:15:52 [INFO]      consumiu MAIS que o habitual às 01h
2026-07-21 12:15:52 [INFO]      [2mReal:[0m 3.0 kWh   [2mHabitual:[0m 2.0 ± 0.3 kWh   [2mz:[0m +3.33   [2mdesvio:[0m +50%   [2m(2 obs. dia_util)[0m
2026-07-21 12:15:52 [INFO] 
2026-07-21 12:15:52 [INFO]   🔴 [91m[1mPT0002000125379984SH[0m  [2m[Cluster 1][0m
2026-07-21 12:15:52 [INFO]      consumiu MAIS que o habitual às 03h
2026-07-21 12:15:52 [INFO]      [2mReal:[0m 3.0 kWh   [2mHabitual:[0m 2.0 ± 0.3 kWh   [2mz:[0m +3.33   [2mdesvio:[0m +50%   [2m(2 obs. dia_util)[0m
2026-07-21 12:15:52 [INFO] 
2026-07-21 12:15:52 [INFO]   🔵 [94m[1mPT0002000125379984SH[0m  [2m[Cluster 1][0m
2026-07-21 12:15:52 [INFO]      consumiu MENOS que o habitual às 04h
2026-07-21 12:15:52 [INFO]      [2mReal:[0m 2.0 kWh   [2mHabitual:[0m 3.0 ± 0.3 kWh   [2mz:[0m -3.33   [2mdesvio:[0m -33%   [2m(2 obs. dia_util)[0m
2026-07-21 12:15:52 [INFO] 
2026-07-21 12:15:52 [INFO]   🔵 [94m[1mPT0002000203886452WB[0m  [2m[sem cluster][0m
2026-07-21 12:15:52 [INFO]      consumiu MENOS que o habitual às 23h
2026-07-21 12:15:52 [INFO]      [2mReal:[0m 28.0 kWh   [2mHabitual:[0m 88.0 ± 18.3 kWh   [2mz:[0m -3.27   [2mdesvio:[0m -68%   [2m(3 obs. dia_util)[0m
2026-07-21 12:15:52 [INFO] 
2026-07-21 12:15:52 [INFO]   🔴 [91m[1mPT0002000120237616VJ[0m  [2m[Cluster 0][0m
2026-07-21 12:15:52 [INFO]      consumiu MAIS que o habitual às 21h
2026-07-21 12:15:52 [INFO]      [2mReal:[0m 15.0 kWh   [2mHabitual:[0m 11.3 ± 1.1 kWh   [2mz:[0m +3.24   [2mdesvio:[0m +32%   [2m(3 obs. dia_util)[0m
2026-07-21 12:15:52 [INFO] 
2026-07-21 12:15:52 [INFO]   🔵 [94m[1mPT0002000201936109ME[0m  [2m[Cluster 0][0m
2026-07-21 12:15:52 [INFO]      consumiu MENOS que o habitual às 08h
2026-07-21 12:15:52 [INFO]      [2mReal:[0m 24.0 kWh   [2mHabitual:[0m 35.5 ± 3.5 kWh   [2mz:[0m -3.24   [2mdesvio:[0m -32%   [2m(2 obs. dia_util)[0m
2026-07-21 12:15:52 [INFO] 
2026-07-21 12:15:52 [INFO]   🔴 [91m[1mPT0002000078140706BA[0m  [2m[Cluster 1 (estimado)][0m
2026-07-21 12:15:52 [INFO]      consumiu MAIS que o habitual às 00h
2026-07-21 12:15:52 [INFO]      [2mReal:[0m 43.0 kWh   [2mHabitual:[0m 32.5 ± 3.2 kWh   [2mz:[0m +3.23   [2mdesvio:[0m +32%   [2m(2 obs. dia_util)[0m
2026-07-21 12:15:52 [INFO] 
2026-07-21 12:15:52 [INFO]   🔴 [91m[1mPT0002000115673471CB[0m  [2m[Cluster 0][0m
2026-07-21 12:15:52 [INFO]      consumiu MAIS que o habitual às 00h
2026-07-21 12:15:52 [INFO]      [2mReal:[0m 23.0 kWh   [2mHabitual:[0m 17.5 ± 1.8 kWh   [2mz:[0m +3.14   [2mdesvio:[0m +31%   [2m(2 obs. dia_util)[0m
2026-07-21 12:15:52 [INFO] 
2026-07-21 12:15:52 [INFO]   🔵 [94m[1mPT0002000068859393XH[0m  [2m[Cluster 1][0m
2026-07-21 12:15:52 [INFO]      consumiu MENOS que o habitual às 09h
2026-07-21 12:15:52 [INFO]      [2mReal:[0m 88.0 kWh   [2mHabitual:[0m 128.0 ± 12.8 kWh   [2mz:[0m -3.12   [2mdesvio:[0m -31%   [2m(2 obs. dia_util)[0m
2026-07-21 12:15:52 [INFO] 
2026-07-21 12:15:52 [INFO]   🔵 [94m[1mPT0002000068859325FL[0m  [2m[Cluster 1][0m
2026-07-21 12:15:52 [INFO]      consumiu MENOS que o habitual às 02h
2026-07-21 12:15:52 [INFO]      [2mReal:[0m 84.0 kWh   [2mHabitual:[0m 122.0 ± 12.2 kWh   [2mz:[0m -3.11   [2mdesvio:[0m -31%   [2m(2 obs. dia_util)[0m
2026-07-21 12:15:52 [INFO] 
2026-07-21 12:15:52 [INFO]   🔴 [91m[1mPT0002000068857897ZV[0m  [2m[Cluster 0][0m
2026-07-21 12:15:52 [INFO]      consumiu MAIS que o habitual às 08h
2026-07-21 12:15:52 [INFO]      [2mReal:[0m 34.0 kWh   [2mHabitual:[0m 26.0 ± 2.6 kWh   [2mz:[0m +3.08   [2mdesvio:[0m +31%   [2m(2 obs. dia_util)[0m
2026-07-21 12:15:52 [INFO] 
2026-07-21 12:15:52 [INFO]   🔵 [94m[1mPT0002000068859393XH[0m  [2m[Cluster 1][0m
2026-07-21 12:15:52 [INFO]      consumiu MENOS que o habitual às 11h
2026-07-21 12:15:52 [INFO]      [2mReal:[0m 101.0 kWh   [2mHabitual:[0m 146.0 ± 14.6 kWh   [2mz:[0m -3.08   [2mdesvio:[0m -31%   [2m(2 obs. dia_util)[0m
2026-07-21 12:15:52 [INFO] 
2026-07-21 12:15:52 [INFO]   🔴 [91m[1mPT0002000100113293JT[0m  [2m[Cluster 0][0m
2026-07-21 12:15:52 [INFO]      consumiu MAIS que o habitual às 20h
2026-07-21 12:15:52 [INFO]      [2mReal:[0m 202.0 kWh   [2mHabitual:[0m 154.5 ± 15.4 kWh   [2mz:[0m +3.07   [2mdesvio:[0m +31%   [2m(2 obs. dia_util)[0m
2026-07-21 12:15:52 [INFO] 
2026-07-21 12:15:52 [INFO]   🔴 [91m[1mPT0002000068856974CZ[0m  [2m[sem cluster][0m
2026-07-21 12:15:52 [INFO]      consumiu MAIS que o habitual às 16h
2026-07-21 12:15:52 [INFO]      [2mReal:[0m 34.0 kWh   [2mHabitual:[0m 21.0 ± 4.2 kWh   [2mz:[0m +3.06   [2mdesvio:[0m +62%   [2m(2 obs. dia_util)[0m
2026-07-21 12:15:52 [INFO] 
2026-07-21 12:15:52 [INFO]   🔵 [94m[1mPT0002000068859325FL[0m  [2m[Cluster 1][0m
2026-07-21 12:15:52 [INFO]      consumiu MENOS que o habitual às 06h
2026-07-21 12:15:52 [INFO]      [2mReal:[0m 76.0 kWh   [2mHabitual:[0m 128.0 ± 17.0 kWh   [2mz:[0m -3.06   [2mdesvio:[0m -41%   [2m(2 obs. dia_util)[0m
2026-07-21 12:15:52 [INFO] 
2026-07-21 12:15:52 [INFO]   🔵 [94m[1mPT0002000068859325FL[0m  [2m[Cluster 1][0m
2026-07-21 12:15:52 [INFO]      consumiu MENOS que o habitual às 08h
2026-07-21 12:15:52 [INFO]      [2mReal:[0m 136.0 kWh   [2mHabitual:[0m 196.0 ± 19.6 kWh   [2mz:[0m -3.06   [2mdesvio:[0m -31%   [2m(2 obs. dia_util)[0m
2026-07-21 12:15:52 [INFO] 
2026-07-21 12:15:52 [INFO]   [2mCSV:[0m C:\Users\anaca\OneDrive\Ambiente de Trabalho\Tese\ts-anomaly-detection-dissertation\results\energia\realtime\alerts\analise_energia_2026-07-17.csv
2026-07-21 12:15:52 [INFO] 
2026-07-21 12:15:52 [INFO] [96m→ A prever consumo de 2026-07-18 para 276 CPEs...[0m
2026-07-21 12:16:09 [INFO] [1m══════════════════════════════════════════════════════════════════════[0m
2026-07-21 12:16:09 [INFO] [1m  PREDIÇÃO — 2026-07-18 [0m[2m(fim semana)[0m
2026-07-21 12:16:09 [INFO] [1m══════════════════════════════════════════════════════════════════════[0m
2026-07-21 12:16:09 [INFO]   [95m● CPEs previstos[0m          69 [2m(alta: 0, baixa: 1656)[0m
2026-07-21 12:16:09 [INFO]   [95m● Consumo total previsto[0m 101930.5 kWh [2m(±22887.9)[0m
2026-07-21 12:16:09 [INFO] 
2026-07-21 12:16:09 [INFO]   [2mPrevisão guardada:[0m C:\Users\anaca\OneDrive\Ambiente de Trabalho\Tese\ts-anomaly-detection-dissertation\results\energia\realtime\predictions\previsao_energia_2026-07-18.csv
2026-07-21 12:16:09 [INFO] 
2026-07-21 12:16:09 [INFO] [1m══════════════════════════════════════════════════════════════════════[0m
2026-07-21 12:16:09 [INFO] [1m  VALIDAÇÃO — qualidade das previsões anteriores[0m
2026-07-21 12:16:09 [INFO] [1m══════════════════════════════════════════════════════════════════════[0m
2026-07-21 12:16:09 [INFO]   [2mDias validados:[0m 5   [2mpendentes:[0m 34
2026-07-21 12:16:09 [INFO]   [2mÚltimo (2026-07-19):[0m MAE 8.70 kWh   RMSE 20.67   em ±1σ 79% [2m(esperado ~68%)[0m   em ±2σ 89% [2m(esperado ~95%)[0m
2026-07-21 12:16:09 [INFO]   [2mMédia acumulada:[0m MAE 18.33 kWh   RMSE 42.09   em ±1σ 74%   em ±2σ 86%
2026-07-21 12:16:09 [INFO]   [2mCSV:[0m C:\Users\anaca\OneDrive\Ambiente de Trabalho\Tese\ts-anomaly-detection-dissertation\results\energia\realtime\analysis\qualidade_previsoes_energia.csv
2026-07-21 12:16:09 [INFO] 
2026-07-21 12:16:09 [INFO] 
2026-07-21 12:16:09 [INFO] Concluido em 75.0s. Ficheiros gerados: 2
2026-07-21 15:18:05 [INFO] [96m→ A pedir dados ao BaZe (276 CPEs)...[0m
2026-07-21 15:18:30 [INFO] 
2026-07-21 15:18:30 [INFO] [1m══════════════════════════════════════════════════════════════════════[0m
2026-07-21 15:18:30 [INFO] [1m  DETEÇÃO DE ANOMALIAS — 2026-07-16[0m
2026-07-21 15:18:30 [INFO] [1m══════════════════════════════════════════════════════════════════════[0m
2026-07-21 15:18:30 [INFO]   [2mTipo de dia:[0m  dia util
2026-07-21 15:18:30 [INFO]   [2mFonte:[0m        BAZE
2026-07-21 15:18:30 [INFO]   [2mCPEs c/ dados:[0m 69
2026-07-21 15:18:30 [INFO]   [2mThreshold:[0m    |z| > 3.0 [2m(adaptativo a este tipo de dia)[0m
2026-07-21 15:18:30 [INFO] 
2026-07-21 15:18:33 [INFO]   [2mClusters estimados:[0m 2 [2m(cluster 1: 2)[0m
2026-07-21 15:18:33 [INFO]   [2mSem cluster estimado:[0m 20 [2m(historico insuficiente)[0m
2026-07-21 15:18:33 [INFO] [96m→ A analisar 69 CPEs / 480 pontos horários (retrospetiva)...[0m
2026-07-21 15:18:35 [INFO] [1m─── Resumo ─────────────────────────────────────[0m
2026-07-21 15:18:35 [INFO]   [92m● Normal[0m                 425 [2m( 88.5%)[0m
2026-07-21 15:18:35 [INFO]   [91m● Desvio (alta confiança)[0m    0 [2m(  0.0%)[0m
2026-07-21 15:18:35 [INFO]   [93m● Desvio (baixa confiança)[0m  55 [2m( 11.5%)[0m
2026-07-21 15:18:35 [INFO]   [2mTempo: 29.9s[0m
2026-07-21 15:18:35 [INFO] 
2026-07-21 15:18:35 [INFO] [1m[93m─── Desvios de BAIXA confiança (55) ──────────────[0m
2026-07-21 15:18:35 [INFO]   [2m(poucos dados históricos — verificar manualmente)[0m
2026-07-21 15:18:35 [INFO] 
2026-07-21 15:18:35 [INFO]   🔴 [91m[1mPT0002000068856906VS[0m  [2m[Cluster 0][0m
2026-07-21 15:18:35 [INFO]      consumiu MAIS que o habitual às 13h
2026-07-21 15:18:35 [INFO]      [2mReal:[0m 46.0 kWh   [2mHabitual:[0m 19.5 ± 1.9 kWh   [2mz:[0m +10.00⁺   [2mdesvio:[0m +136%   [2m(2 obs. dia_util)[0m
2026-07-21 15:18:35 [INFO] 
2026-07-21 15:18:35 [INFO]   🔴 [91m[1mPT0002000068856906VS[0m  [2m[Cluster 0][0m
2026-07-21 15:18:35 [INFO]      consumiu MAIS que o habitual às 16h
2026-07-21 15:18:35 [INFO]      [2mReal:[0m 47.0 kWh   [2mHabitual:[0m 20.5 ± 2.0 kWh   [2mz:[0m +10.00⁺   [2mdesvio:[0m +129%   [2m(2 obs. dia_util)[0m
2026-07-21 15:18:35 [INFO] 
2026-07-21 15:18:35 [INFO]   🔴 [91m[1mPT0002000068856906VS[0m  [2m[Cluster 0][0m
2026-07-21 15:18:35 [INFO]      consumiu MAIS que o habitual às 17h
2026-07-21 15:18:35 [INFO]      [2mReal:[0m 62.0 kWh   [2mHabitual:[0m 25.5 ± 3.5 kWh   [2mz:[0m +10.00⁺   [2mdesvio:[0m +143%   [2m(2 obs. dia_util)[0m
2026-07-21 15:18:35 [INFO] 
2026-07-21 15:18:35 [INFO]   🔴 [91m[1mPT0002000068856906VS[0m  [2m[Cluster 0][0m
2026-07-21 15:18:35 [INFO]      consumiu MAIS que o habitual às 18h
2026-07-21 15:18:35 [INFO]      [2mReal:[0m 58.0 kWh   [2mHabitual:[0m 25.5 ± 2.5 kWh   [2mz:[0m +10.00⁺   [2mdesvio:[0m +127%   [2m(2 obs. dia_util)[0m
2026-07-21 15:18:35 [INFO] 
2026-07-21 15:18:35 [INFO]   🔴 [91m[1mPT0002000068856906VS[0m  [2m[Cluster 0][0m
2026-07-21 15:18:35 [INFO]      consumiu MAIS que o habitual às 19h
2026-07-21 15:18:35 [INFO]      [2mReal:[0m 57.0 kWh   [2mHabitual:[0m 25.0 ± 2.5 kWh   [2mz:[0m +10.00⁺   [2mdesvio:[0m +128%   [2m(2 obs. dia_util)[0m
2026-07-21 15:18:35 [INFO] 
2026-07-21 15:18:35 [INFO]   🔴 [91m[1mPT0002000075637532JB[0m  [2m[Cluster 0][0m
2026-07-21 15:18:35 [INFO]      consumiu MAIS que o habitual às 21h
2026-07-21 15:18:35 [INFO]      [2mReal:[0m 22.0 kWh   [2mHabitual:[0m 4.3 ± 0.6 kWh   [2mz:[0m +10.00⁺   [2mdesvio:[0m +408%   [2m(3 obs. dia_util)[0m
2026-07-21 15:18:35 [INFO] 
2026-07-21 15:18:35 [INFO]   🔴 [91m[1mPT0002000075637532JB[0m  [2m[Cluster 0][0m
2026-07-21 15:18:35 [INFO]      consumiu MAIS que o habitual às 22h
2026-07-21 15:18:35 [INFO]      [2mReal:[0m 43.0 kWh   [2mHabitual:[0m 5.0 ± 0.5 kWh   [2mz:[0m +10.00⁺   [2mdesvio:[0m +760%   [2m(3 obs. dia_util)[0m
2026-07-21 15:18:35 [INFO] 
2026-07-21 15:18:35 [INFO]   🔴 [91m[1mPT0002000075637532JB[0m  [2m[Cluster 0][0m
2026-07-21 15:18:35 [INFO]      consumiu MAIS que o habitual às 23h
2026-07-21 15:18:35 [INFO]      [2mReal:[0m 31.0 kWh   [2mHabitual:[0m 5.0 ± 0.5 kWh   [2mz:[0m +10.00⁺   [2mdesvio:[0m +520%   [2m(3 obs. dia_util)[0m
2026-07-21 15:18:35 [INFO] 
2026-07-21 15:18:35 [INFO]   🔴 [91m[1mPT0002000078140706BA[0m  [2m[sem cluster][0m
2026-07-21 15:18:35 [INFO]      consumiu MAIS que o habitual às 16h
2026-07-21 15:18:35 [INFO]      [2mReal:[0m 4.0 kWh   [2mHabitual:[0m 0.0 ± 0.3 kWh   [2mz:[0m +10.00⁺   [2mdesvio:[0m +400000%   [2m(2 obs. dia_util)[0m
2026-07-21 15:18:35 [INFO] 
2026-07-21 15:18:35 [INFO]   🔴 [91m[1mPT0002000078140706BA[0m  [2m[sem cluster][0m
2026-07-21 15:18:35 [INFO]      consumiu MAIS que o habitual às 17h
2026-07-21 15:18:35 [INFO]      [2mReal:[0m 8.0 kWh   [2mHabitual:[0m 0.0 ± 0.3 kWh   [2mz:[0m +10.00⁺   [2mdesvio:[0m +800000%   [2m(2 obs. dia_util)[0m
2026-07-21 15:18:35 [INFO] 
2026-07-21 15:18:35 [INFO]   🔴 [91m[1mPT0002000125701614SQ[0m  [2m[sem cluster][0m
2026-07-21 15:18:35 [INFO]      consumiu MAIS que o habitual às 21h
2026-07-21 15:18:35 [INFO]      [2mReal:[0m 97.0 kWh   [2mHabitual:[0m 19.0 ± 4.2 kWh   [2mz:[0m +10.00⁺   [2mdesvio:[0m +411%   [2m(2 obs. dia_util)[0m
2026-07-21 15:18:35 [INFO] 
2026-07-21 15:18:35 [INFO]   🔴 [91m[1mPT0002000125701614SQ[0m  [2m[sem cluster][0m
2026-07-21 15:18:35 [INFO]      consumiu MAIS que o habitual às 22h
2026-07-21 15:18:35 [INFO]      [2mReal:[0m 274.0 kWh   [2mHabitual:[0m 18.5 ± 1.9 kWh   [2mz:[0m +10.00⁺   [2mdesvio:[0m +1381%   [2m(2 obs. dia_util)[0m
2026-07-21 15:18:35 [INFO] 
2026-07-21 15:18:35 [INFO]   🔴 [91m[1mPT0002000125701614SQ[0m  [2m[sem cluster][0m
2026-07-21 15:18:35 [INFO]      consumiu MAIS que o habitual às 23h
2026-07-21 15:18:35 [INFO]      [2mReal:[0m 75.0 kWh   [2mHabitual:[0m 16.5 ± 2.1 kWh   [2mz:[0m +10.00⁺   [2mdesvio:[0m +355%   [2m(2 obs. dia_util)[0m
2026-07-21 15:18:35 [INFO] 
2026-07-21 15:18:35 [INFO]   🔴 [91m[1mPT0002000068856906VS[0m  [2m[Cluster 0][0m
2026-07-21 15:18:35 [INFO]      consumiu MAIS que o habitual às 15h
2026-07-21 15:18:35 [INFO]      [2mReal:[0m 40.0 kWh   [2mHabitual:[0m 20.5 ± 2.0 kWh   [2mz:[0m +9.51   [2mdesvio:[0m +95%   [2m(2 obs. dia_util)[0m
2026-07-21 15:18:35 [INFO] 
2026-07-21 15:18:35 [INFO]   🔴 [91m[1mPT0002000068855003AK[0m  [2m[sem cluster][0m
2026-07-21 15:18:35 [INFO]      consumiu MAIS que o habitual às 18h
2026-07-21 15:18:35 [INFO]      [2mReal:[0m 43.0 kWh   [2mHabitual:[0m 22.5 ± 2.2 kWh   [2mz:[0m +9.11   [2mdesvio:[0m +91%   [2m(2 obs. dia_util)[0m
2026-07-21 15:18:35 [INFO] 
2026-07-21 15:18:35 [INFO]   🔵 [94m[1mPT0002000201936109ME[0m  [2m[Cluster 0][0m
2026-07-21 15:18:35 [INFO]      consumiu MENOS que o habitual às 21h
2026-07-21 15:18:35 [INFO]      [2mReal:[0m 18.0 kWh   [2mHabitual:[0m 188.3 ± 18.8 kWh   [2mz:[0m -9.04   [2mdesvio:[0m -90%   [2m(3 obs. dia_util)[0m
2026-07-21 15:18:35 [INFO] 
2026-07-21 15:18:35 [INFO]   🔴 [91m[1mPT0002000068856826ZG[0m  [2m[sem cluster][0m
2026-07-21 15:18:35 [INFO]      consumiu MAIS que o habitual às 05h
2026-07-21 15:18:35 [INFO]      [2mReal:[0m 210.0 kWh   [2mHabitual:[0m 111.5 ± 11.2 kWh   [2mz:[0m +8.83   [2mdesvio:[0m +88%   [2m(2 obs. dia_util)[0m
2026-07-21 15:18:35 [INFO] 
2026-07-21 15:18:35 [INFO]   🔴 [91m[1mPT0002000078140706BA[0m  [2m[sem cluster][0m
2026-07-21 15:18:35 [INFO]      consumiu MAIS que o habitual às 15h
2026-07-21 15:18:35 [INFO]      [2mReal:[0m 13.0 kWh   [2mHabitual:[0m 1.0 ± 1.4 kWh   [2mz:[0m +8.49   [2mdesvio:[0m +1200%   [2m(2 obs. dia_util)[0m
2026-07-21 15:18:35 [INFO] 
2026-07-21 15:18:35 [INFO]   🔵 [94m[1mPT0002000201936109ME[0m  [2m[Cluster 0][0m
2026-07-21 15:18:35 [INFO]      consumiu MENOS que o habitual às 22h
2026-07-21 15:18:35 [INFO]      [2mReal:[0m 30.0 kWh   [2mHabitual:[0m 180.3 ± 18.0 kWh   [2mz:[0m -8.34   [2mdesvio:[0m -83%   [2m(3 obs. dia_util)[0m
2026-07-21 15:18:35 [INFO] 
2026-07-21 15:18:35 [INFO]   🔴 [91m[1mPT0002000110090564GD[0m  [2m[Cluster 1][0m
2026-07-21 15:18:35 [INFO]      consumiu MAIS que o habitual às 21h
2026-07-21 15:18:35 [INFO]      [2mReal:[0m 9.0 kWh   [2mHabitual:[0m 4.3 ± 0.6 kWh   [2mz:[0m +8.08   [2mdesvio:[0m +108%   [2m(3 obs. dia_util)[0m
2026-07-21 15:18:35 [INFO] 
2026-07-21 15:18:35 [INFO]   🔵 [94m[1mPT0002000201936109ME[0m  [2m[Cluster 0][0m
2026-07-21 15:18:35 [INFO]      consumiu MENOS que o habitual às 23h
2026-07-21 15:18:35 [INFO]      [2mReal:[0m 32.0 kWh   [2mHabitual:[0m 165.7 ± 16.6 kWh   [2mz:[0m -8.07   [2mdesvio:[0m -81%   [2m(3 obs. dia_util)[0m
2026-07-21 15:18:35 [INFO] 
2026-07-21 15:18:35 [INFO]   🔴 [91m[1mPT0002000068856906VS[0m  [2m[Cluster 0][0m
2026-07-21 15:18:35 [INFO]      consumiu MAIS que o habitual às 14h
2026-07-21 15:18:35 [INFO]      [2mReal:[0m 35.0 kWh   [2mHabitual:[0m 19.5 ± 1.9 kWh   [2mz:[0m +7.95   [2mdesvio:[0m +79%   [2m(2 obs. dia_util)[0m
2026-07-21 15:18:35 [INFO] 
2026-07-21 15:18:35 [INFO]   🔴 [91m[1mPT0002000068856826ZG[0m  [2m[sem cluster][0m
2026-07-21 15:18:35 [INFO]      consumiu MAIS que o habitual às 02h
2026-07-21 15:18:35 [INFO]      [2mReal:[0m 227.0 kWh   [2mHabitual:[0m 126.5 ± 12.7 kWh   [2mz:[0m +7.94   [2mdesvio:[0m +79%   [2m(2 obs. dia_util)[0m
2026-07-21 15:18:35 [INFO] 
2026-07-21 15:18:35 [INFO]   🔴 [91m[1mPT0002000068855003AK[0m  [2m[sem cluster][0m
2026-07-21 15:18:35 [INFO]      consumiu MAIS que o habitual às 17h
2026-07-21 15:18:35 [INFO]      [2mReal:[0m 58.0 kWh   [2mHabitual:[0m 26.0 ± 4.2 kWh   [2mz:[0m +7.54   [2mdesvio:[0m +123%   [2m(2 obs. dia_util)[0m
2026-07-21 15:18:35 [INFO] 
2026-07-21 15:18:35 [INFO]   🔴 [91m[1mPT0002000068856826ZG[0m  [2m[sem cluster][0m
2026-07-21 15:18:35 [INFO]      consumiu MAIS que o habitual às 00h
2026-07-21 15:18:35 [INFO]      [2mReal:[0m 217.0 kWh   [2mHabitual:[0m 124.5 ± 12.4 kWh   [2mz:[0m +7.43   [2mdesvio:[0m +74%   [2m(2 obs. dia_util)[0m
2026-07-21 15:18:35 [INFO] 
2026-07-21 15:18:35 [INFO]   🔴 [91m[1mPT0002000068856826ZG[0m  [2m[sem cluster][0m
2026-07-21 15:18:35 [INFO]      consumiu MAIS que o habitual às 17h
2026-07-21 15:18:35 [INFO]      [2mReal:[0m 341.0 kWh   [2mHabitual:[0m 200.0 ± 20.0 kWh   [2mz:[0m +7.05   [2mdesvio:[0m +70%   [2m(2 obs. dia_util)[0m
2026-07-21 15:18:35 [INFO] 
2026-07-21 15:18:35 [INFO]   🔴 [91m[1mPT0002000068856826ZG[0m  [2m[sem cluster][0m
2026-07-21 15:18:35 [INFO]      consumiu MAIS que o habitual às 03h
2026-07-21 15:18:35 [INFO]      [2mReal:[0m 195.0 kWh   [2mHabitual:[0m 114.5 ± 11.4 kWh   [2mz:[0m +7.03   [2mdesvio:[0m +70%   [2m(2 obs. dia_util)[0m
2026-07-21 15:18:35 [INFO] 
2026-07-21 15:18:35 [INFO]   🔴 [91m[1mPT0002000078140706BA[0m  [2m[sem cluster][0m
2026-07-21 15:18:35 [INFO]      consumiu MAIS que o habitual às 13h
2026-07-21 15:18:35 [INFO]      [2mReal:[0m 2.0 kWh   [2mHabitual:[0m 0.0 ± 0.3 kWh   [2mz:[0m +6.67   [2mdesvio:[0m +200000%   [2m(2 obs. dia_util)[0m
2026-07-21 15:18:35 [INFO] 
2026-07-21 15:18:35 [INFO]   🔴 [91m[1mPT0002000068856906VS[0m  [2m[Cluster 0][0m
2026-07-21 15:18:35 [INFO]      consumiu MAIS que o habitual às 12h
2026-07-21 15:18:35 [INFO]      [2mReal:[0m 34.0 kWh   [2mHabitual:[0m 20.5 ± 2.1 kWh   [2mz:[0m +6.36   [2mdesvio:[0m +66%   [2m(2 obs. dia_util)[0m
2026-07-21 15:18:35 [INFO] 
2026-07-21 15:18:35 [INFO]   🔴 [91m[1mPT0002000068856655YV[0m  [2m[Cluster 0][0m
2026-07-21 15:18:35 [INFO]      consumiu MAIS que o habitual às 21h
2026-07-21 15:18:35 [INFO]      [2mReal:[0m 7.0 kWh   [2mHabitual:[0m 3.3 ± 0.6 kWh   [2mz:[0m +6.35   [2mdesvio:[0m +110%   [2m(3 obs. dia_util)[0m
2026-07-21 15:18:35 [INFO] 
2026-07-21 15:18:35 [INFO]   🔴 [91m[1mPT0002000068856826ZG[0m  [2m[sem cluster][0m
2026-07-21 15:18:35 [INFO]      consumiu MAIS que o habitual às 15h
2026-07-21 15:18:35 [INFO]      [2mReal:[0m 346.0 kWh   [2mHabitual:[0m 212.0 ± 21.2 kWh   [2mz:[0m +6.32   [2mdesvio:[0m +63%   [2m(2 obs. dia_util)[0m
2026-07-21 15:18:35 [INFO] 
2026-07-21 15:18:35 [INFO]   🔵 [94m[1mPT0002000077348081AG[0m  [2m[sem cluster][0m
2026-07-21 15:18:35 [INFO]      consumiu MENOS que o habitual às 20h
2026-07-21 15:18:35 [INFO]      [2mReal:[0m 89.0 kWh   [2mHabitual:[0m 238.5 ± 23.9 kWh   [2mz:[0m -6.27   [2mdesvio:[0m -63%   [2m(2 obs. dia_util)[0m
2026-07-21 15:18:35 [INFO] 
2026-07-21 15:18:35 [INFO]   🔴 [91m[1mPT0002000068856826ZG[0m  [2m[sem cluster][0m
2026-07-21 15:18:35 [INFO]      consumiu MAIS que o habitual às 16h
2026-07-21 15:18:35 [INFO]      [2mReal:[0m 334.0 kWh   [2mHabitual:[0m 206.0 ± 20.6 kWh   [2mz:[0m +6.21   [2mdesvio:[0m +62%   [2m(2 obs. dia_util)[0m
2026-07-21 15:18:35 [INFO] 
2026-07-21 15:18:35 [INFO]   🔴 [91m[1mPT0002000068856826ZG[0m  [2m[sem cluster][0m
2026-07-21 15:18:35 [INFO]      consumiu MAIS que o habitual às 01h
2026-07-21 15:18:35 [INFO]      [2mReal:[0m 188.0 kWh   [2mHabitual:[0m 119.0 ± 11.9 kWh   [2mz:[0m +5.80   [2mdesvio:[0m +58%   [2m(2 obs. dia_util)[0m
2026-07-21 15:18:35 [INFO] 
2026-07-21 15:18:35 [INFO]   🔴 [91m[1mPT0002000073481266XH[0m  [2m[Cluster 0][0m
2026-07-21 15:18:35 [INFO]      consumiu MAIS que o habitual às 22h
2026-07-21 15:18:35 [INFO]      [2mReal:[0m 12.0 kWh   [2mHabitual:[0m 7.7 ± 0.8 kWh   [2mz:[0m +5.65   [2mdesvio:[0m +56%   [2m(3 obs. dia_util)[0m
2026-07-21 15:18:35 [INFO] 
2026-07-21 15:18:35 [INFO]   🔴 [91m[1mPT0002000068856826ZG[0m  [2m[sem cluster][0m
2026-07-21 15:18:35 [INFO]      consumiu MAIS que o habitual às 04h
2026-07-21 15:18:35 [INFO]      [2mReal:[0m 190.0 kWh   [2mHabitual:[0m 121.5 ± 12.2 kWh   [2mz:[0m +5.64   [2mdesvio:[0m +56%   [2m(2 obs. dia_util)[0m
2026-07-21 15:18:35 [INFO] 
2026-07-21 15:18:35 [INFO]   🔴 [91m[1mPT0002000078441876HB[0m  [2m[Cluster 0][0m
2026-07-21 15:18:35 [INFO]      consumiu MAIS que o habitual às 17h
2026-07-21 15:18:35 [INFO]      [2mReal:[0m 1960.0 kWh   [2mHabitual:[0m 1256.0 ± 125.6 kWh   [2mz:[0m +5.61   [2mdesvio:[0m +56%   [2m(2 obs. dia_util)[0m
2026-07-21 15:18:35 [INFO] 
2026-07-21 15:18:35 [INFO]   🔴 [91m[1mPT0002000068856826ZG[0m  [2m[sem cluster][0m
2026-07-21 15:18:35 [INFO]      consumiu MAIS que o habitual às 06h
2026-07-21 15:18:35 [INFO]      [2mReal:[0m 184.0 kWh   [2mHabitual:[0m 122.5 ± 12.2 kWh   [2mz:[0m +5.02   [2mdesvio:[0m +50%   [2m(2 obs. dia_util)[0m
2026-07-21 15:18:35 [INFO] 
2026-07-21 15:18:35 [INFO]   🔴 [91m[1mPT0002000068856655YV[0m  [2m[Cluster 0][0m
2026-07-21 15:18:35 [INFO]      consumiu MAIS que o habitual às 22h
2026-07-21 15:18:35 [INFO]      [2mReal:[0m 6.0 kWh   [2mHabitual:[0m 4.0 ± 0.4 kWh   [2mz:[0m +5.00   [2mdesvio:[0m +50%   [2m(3 obs. dia_util)[0m
2026-07-21 15:18:35 [INFO] 
2026-07-21 15:18:35 [INFO]   🔵 [94m[1mPT0002000068856655YV[0m  [2m[Cluster 0][0m
2026-07-21 15:18:35 [INFO]      consumiu MENOS que o habitual às 23h
2026-07-21 15:18:35 [INFO]      [2mReal:[0m 2.0 kWh   [2mHabitual:[0m 4.0 ± 0.4 kWh   [2mz:[0m -5.00   [2mdesvio:[0m -50%   [2m(3 obs. dia_util)[0m
2026-07-21 15:18:35 [INFO] 
2026-07-21 15:18:35 [INFO]   🔴 [91m[1mPT0002000078140706BA[0m  [2m[sem cluster][0m
2026-07-21 15:18:35 [INFO]      consumiu MAIS que o habitual às 20h
2026-07-21 15:18:35 [INFO]      [2mReal:[0m 59.0 kWh   [2mHabitual:[0m 40.0 ± 4.0 kWh   [2mz:[0m +4.75   [2mdesvio:[0m +48%   [2m(2 obs. dia_util)[0m
2026-07-21 15:18:35 [INFO] 
2026-07-21 15:18:35 [INFO]   🔴 [91m[1mPT0002000081997398TD[0m  [2m[Cluster 0][0m
2026-07-21 15:18:35 [INFO]      consumiu MAIS que o habitual às 16h
2026-07-21 15:18:35 [INFO]      [2mReal:[0m 211.0 kWh   [2mHabitual:[0m 143.5 ± 14.3 kWh   [2mz:[0m +4.70   [2mdesvio:[0m +47%   [2m(2 obs. dia_util)[0m
2026-07-21 15:18:35 [INFO] 
2026-07-21 15:18:35 [INFO]   🔵 [94m[1mPT0002000068859187RL[0m  [2m[Cluster 0][0m
2026-07-21 15:18:35 [INFO]      consumiu MENOS que o habitual às 21h
2026-07-21 15:18:35 [INFO]      [2mReal:[0m 9.0 kWh   [2mHabitual:[0m 16.7 ± 1.7 kWh   [2mz:[0m -4.60   [2mdesvio:[0m -46%   [2m(3 obs. dia_util)[0m
2026-07-21 15:18:35 [INFO] 
2026-07-21 15:18:35 [INFO]   🔴 [91m[1mPT0002000068855003AK[0m  [2m[sem cluster][0m
2026-07-21 15:18:35 [INFO]      consumiu MAIS que o habitual às 12h
2026-07-21 15:18:35 [INFO]      [2mReal:[0m 40.0 kWh   [2mHabitual:[0m 21.0 ± 4.2 kWh   [2mz:[0m +4.48   [2mdesvio:[0m +90%   [2m(2 obs. dia_util)[0m
2026-07-21 15:18:35 [INFO] 
2026-07-21 15:18:35 [INFO]   🔴 [91m[1mPT0002000068856906VS[0m  [2m[Cluster 0][0m
2026-07-21 15:18:35 [INFO]      consumiu MAIS que o habitual às 20h
2026-07-21 15:18:35 [INFO]      [2mReal:[0m 40.0 kWh   [2mHabitual:[0m 28.0 ± 2.8 kWh   [2mz:[0m +4.29   [2mdesvio:[0m +43%   [2m(2 obs. dia_util)[0m
2026-07-21 15:18:35 [INFO] 
2026-07-21 15:18:35 [INFO]   🔴 [91m[1mPT0002000201038711LS[0m  [2m[sem cluster][0m
2026-07-21 15:18:35 [INFO]      consumiu MAIS que o habitual às 23h
2026-07-21 15:18:35 [INFO]      [2mReal:[0m 42.0 kWh   [2mHabitual:[0m 5.0 ± 8.7 kWh   [2mz:[0m +4.27   [2mdesvio:[0m +740%   [2m(3 obs. dia_util)[0m
2026-07-21 15:18:35 [INFO] 
2026-07-21 15:18:35 [INFO]   🔵 [94m[1mPT0002000077348081AG[0m  [2m[sem cluster][0m
2026-07-21 15:18:35 [INFO]      consumiu MENOS que o habitual às 11h
2026-07-21 15:18:35 [INFO]      [2mReal:[0m 171.0 kWh   [2mHabitual:[0m 288.5 ± 28.9 kWh   [2mz:[0m -4.07   [2mdesvio:[0m -41%   [2m(2 obs. dia_util)[0m
2026-07-21 15:18:35 [INFO] 
2026-07-21 15:18:35 [INFO]   🔵 [94m[1mPT0002000073717386HC[0m  [2m[Cluster 1 (estimado)][0m
2026-07-21 15:18:35 [INFO]      consumiu MENOS que o habitual às 21h
2026-07-21 15:18:35 [INFO]      [2mReal:[0m 3.0 kWh   [2mHabitual:[0m 7.0 ± 1.0 kWh   [2mz:[0m -4.00   [2mdesvio:[0m -57%   [2m(3 obs. dia_util)[0m
2026-07-21 15:18:35 [INFO] 
2026-07-21 15:18:35 [INFO]   🔴 [91m[1mPT0002000078140706BA[0m  [2m[sem cluster][0m
2026-07-21 15:18:35 [INFO]      consumiu MAIS que o habitual às 14h
2026-07-21 15:18:35 [INFO]      [2mReal:[0m 3.0 kWh   [2mHabitual:[0m 0.5 ± 0.7 kWh   [2mz:[0m +3.54   [2mdesvio:[0m +500%   [2m(2 obs. dia_util)[0m
2026-07-21 15:18:35 [INFO] 
2026-07-21 15:18:35 [INFO]   🔴 [91m[1mPT0002000068857099AR[0m  [2m[Cluster 1][0m
2026-07-21 15:18:35 [INFO]      consumiu MAIS que o habitual às 23h
2026-07-21 15:18:35 [INFO]      [2mReal:[0m 4.0 kWh   [2mHabitual:[0m 3.0 ± 0.3 kWh   [2mz:[0m +3.33   [2mdesvio:[0m +33%   [2m(3 obs. dia_util)[0m
2026-07-21 15:18:35 [INFO] 
2026-07-21 15:18:35 [INFO]   🔵 [94m[1mPT0002000081344542CP[0m  [2m[Cluster 1][0m
2026-07-21 15:18:35 [INFO]      consumiu MENOS que o habitual às 21h
2026-07-21 15:18:35 [INFO]      [2mReal:[0m 1.0 kWh   [2mHabitual:[0m 2.0 ± 0.3 kWh   [2mz:[0m -3.33   [2mdesvio:[0m -50%   [2m(3 obs. dia_util)[0m
2026-07-21 15:18:35 [INFO] 
2026-07-21 15:18:35 [INFO]   🔴 [91m[1mPT0002000105483259QH[0m  [2m[Cluster 1][0m
2026-07-21 15:18:35 [INFO]      consumiu MAIS que o habitual às 21h
2026-07-21 15:18:35 [INFO]      [2mReal:[0m 2.0 kWh   [2mHabitual:[0m 1.0 ± 0.3 kWh   [2mz:[0m +3.33   [2mdesvio:[0m +100%   [2m(3 obs. dia_util)[0m
2026-07-21 15:18:35 [INFO] 
2026-07-21 15:18:35 [INFO]   🔵 [94m[1mPT0002000107046231FW[0m  [2m[Cluster 0][0m
2026-07-21 15:18:35 [INFO]      consumiu MENOS que o habitual às 23h
2026-07-21 15:18:35 [INFO]      [2mReal:[0m 1.0 kWh   [2mHabitual:[0m 2.0 ± 0.3 kWh   [2mz:[0m -3.33   [2mdesvio:[0m -50%   [2m(3 obs. dia_util)[0m
2026-07-21 15:18:35 [INFO] 
2026-07-21 15:18:35 [INFO]   🔵 [94m[1mPT0002000078294957RQ[0m  [2m[Cluster 0][0m
2026-07-21 15:18:35 [INFO]      consumiu MENOS que o habitual às 21h
2026-07-21 15:18:35 [INFO]      [2mReal:[0m 7.0 kWh   [2mHabitual:[0m 10.7 ± 1.1 kWh   [2mz:[0m -3.18   [2mdesvio:[0m -34%   [2m(3 obs. dia_util)[0m
2026-07-21 15:18:35 [INFO] 
2026-07-21 15:18:35 [INFO]   🔵 [94m[1mPT0002000033074862LZ[0m  [2m[Cluster 0][0m
2026-07-21 15:18:35 [INFO]      consumiu MENOS que o habitual às 21h
2026-07-21 15:18:35 [INFO]      [2mReal:[0m 9.0 kWh   [2mHabitual:[0m 13.0 ± 1.3 kWh   [2mz:[0m -3.08   [2mdesvio:[0m -31%   [2m(3 obs. dia_util)[0m
2026-07-21 15:18:35 [INFO] 
2026-07-21 15:18:35 [INFO]   [2mCSV:[0m C:\Users\anaca\OneDrive\Ambiente de Trabalho\Tese\ts-anomaly-detection-dissertation\results\energia\realtime\alerts\analise_energia_2026-07-16.csv
2026-07-21 15:18:35 [INFO] 
2026-07-21 15:18:35 [INFO] [96m→ A prever consumo de 2026-07-17 para 276 CPEs...[0m
2026-07-21 15:18:48 [INFO] [1m══════════════════════════════════════════════════════════════════════[0m
2026-07-21 15:18:48 [INFO] [1m  PREDIÇÃO — 2026-07-17 [0m[2m(dia util)[0m
2026-07-21 15:18:48 [INFO] [1m══════════════════════════════════════════════════════════════════════[0m
2026-07-21 15:18:48 [INFO]   [95m● CPEs previstos[0m          69 [2m(alta: 0, baixa: 1656)[0m
2026-07-21 15:18:48 [INFO]   [95m● Consumo total previsto[0m 94975.4 kWh [2m(±18178.4)[0m
2026-07-21 15:18:48 [INFO] 
2026-07-21 15:18:48 [INFO]   [2mPrevisão guardada:[0m C:\Users\anaca\OneDrive\Ambiente de Trabalho\Tese\ts-anomaly-detection-dissertation\results\energia\realtime\predictions\previsao_energia_2026-07-17.csv
2026-07-21 15:18:48 [INFO] 
2026-07-21 15:18:48 [INFO] [1m══════════════════════════════════════════════════════════════════════[0m
2026-07-21 15:18:48 [INFO] [1m  VALIDAÇÃO — qualidade das previsões anteriores[0m
2026-07-21 15:18:48 [INFO] [1m══════════════════════════════════════════════════════════════════════[0m
2026-07-21 15:18:48 [INFO]   [2mDias validados:[0m 5   [2mpendentes:[0m 34
2026-07-21 15:18:48 [INFO]   [2mÚltimo (2026-07-19):[0m MAE 8.70 kWh   RMSE 20.67   em ±1σ 79% [2m(esperado ~68%)[0m   em ±2σ 89% [2m(esperado ~95%)[0m
2026-07-21 15:18:48 [INFO]   [2mMédia acumulada:[0m MAE 19.22 kWh   RMSE 43.11   em ±1σ 69%   em ±2σ 81%
2026-07-21 15:18:48 [INFO]   [2mCSV:[0m C:\Users\anaca\OneDrive\Ambiente de Trabalho\Tese\ts-anomaly-detection-dissertation\results\energia\realtime\analysis\qualidade_previsoes_energia.csv
2026-07-21 15:18:48 [INFO] 
2026-07-21 15:18:48 [INFO] 
2026-07-21 15:18:48 [INFO] Concluido em 43.5s. Ficheiros gerados: 2
2026-07-21 15:23:37 [INFO]   [2mClusters atribuidos carregados:[0m 21
2026-07-21 15:25:13 [INFO]   [2mClusters atribuidos carregados:[0m 21
2026-07-21 15:33:03 [INFO]   [2mClusters atribuidos carregados:[0m 14
2026-07-21 15:33:55 [INFO] [96m→ A pedir dados ao BaZe (276 CPEs)...[0m
2026-07-21 15:34:29 [INFO]   [2mClusters atribuidos carregados:[0m 14
2026-07-21 15:34:30 [INFO] 
2026-07-21 15:34:30 [INFO] [1m══════════════════════════════════════════════════════════════════════[0m
2026-07-21 15:34:30 [INFO] [1m  DETEÇÃO DE ANOMALIAS — 2026-07-16[0m
2026-07-21 15:34:30 [INFO] [1m══════════════════════════════════════════════════════════════════════[0m
2026-07-21 15:34:30 [INFO]   [2mTipo de dia:[0m  dia util
2026-07-21 15:34:30 [INFO]   [2mFonte:[0m        BAZE
2026-07-21 15:34:30 [INFO]   [2mCPEs c/ dados:[0m 69
2026-07-21 15:34:30 [INFO]   [2mThreshold:[0m    |z| > 3.0 [2m(adaptativo a este tipo de dia)[0m
2026-07-21 15:34:30 [INFO] 
2026-07-21 15:34:48 [INFO]   [2mSem cluster estimado:[0m 8 [2m(historico insuficiente)[0m
2026-07-21 15:34:48 [INFO] [96m→ A analisar 69 CPEs / 480 pontos horários (retrospetiva)...[0m
2026-07-21 15:34:51 [INFO] [1m─── Resumo ─────────────────────────────────────[0m
2026-07-21 15:34:51 [INFO]   [92m● Normal[0m                 425 [2m( 88.5%)[0m
2026-07-21 15:34:51 [INFO]   [91m● Desvio (alta confiança)[0m    0 [2m(  0.0%)[0m
2026-07-21 15:34:51 [INFO]   [93m● Desvio (baixa confiança)[0m  55 [2m( 11.5%)[0m
2026-07-21 15:34:51 [INFO]   [2mTempo: 56.3s[0m
2026-07-21 15:34:51 [INFO] 
2026-07-21 15:34:51 [INFO] [1m[93m─── Desvios de BAIXA confiança (55) ──────────────[0m
2026-07-21 15:34:51 [INFO]   [2m(poucos dados históricos — verificar manualmente)[0m
2026-07-21 15:34:51 [INFO] 
2026-07-21 15:34:51 [INFO]   🔴 [91m[1mPT0002000068856906VS[0m  [2m[Cluster 0][0m
2026-07-21 15:34:51 [INFO]      consumiu MAIS que o habitual às 13h
2026-07-21 15:34:51 [INFO]      [2mReal:[0m 46.0 kWh   [2mHabitual:[0m 19.5 ± 1.9 kWh   [2mz:[0m +10.00⁺   [2mdesvio:[0m +136%   [2m(2 obs. dia_util)[0m
2026-07-21 15:34:51 [INFO] 
2026-07-21 15:34:51 [INFO]   🔴 [91m[1mPT0002000068856906VS[0m  [2m[Cluster 0][0m
2026-07-21 15:34:51 [INFO]      consumiu MAIS que o habitual às 16h
2026-07-21 15:34:51 [INFO]      [2mReal:[0m 47.0 kWh   [2mHabitual:[0m 20.5 ± 2.0 kWh   [2mz:[0m +10.00⁺   [2mdesvio:[0m +129%   [2m(2 obs. dia_util)[0m
2026-07-21 15:34:51 [INFO] 
2026-07-21 15:34:51 [INFO]   🔴 [91m[1mPT0002000068856906VS[0m  [2m[Cluster 0][0m
2026-07-21 15:34:51 [INFO]      consumiu MAIS que o habitual às 17h
2026-07-21 15:34:51 [INFO]      [2mReal:[0m 62.0 kWh   [2mHabitual:[0m 25.5 ± 3.5 kWh   [2mz:[0m +10.00⁺   [2mdesvio:[0m +143%   [2m(2 obs. dia_util)[0m
2026-07-21 15:34:51 [INFO] 
2026-07-21 15:34:51 [INFO]   🔴 [91m[1mPT0002000068856906VS[0m  [2m[Cluster 0][0m
2026-07-21 15:34:51 [INFO]      consumiu MAIS que o habitual às 18h
2026-07-21 15:34:51 [INFO]      [2mReal:[0m 58.0 kWh   [2mHabitual:[0m 25.5 ± 2.5 kWh   [2mz:[0m +10.00⁺   [2mdesvio:[0m +127%   [2m(2 obs. dia_util)[0m
2026-07-21 15:34:51 [INFO] 
2026-07-21 15:34:51 [INFO]   🔴 [91m[1mPT0002000068856906VS[0m  [2m[Cluster 0][0m
2026-07-21 15:34:51 [INFO]      consumiu MAIS que o habitual às 19h
2026-07-21 15:34:51 [INFO]      [2mReal:[0m 57.0 kWh   [2mHabitual:[0m 25.0 ± 2.5 kWh   [2mz:[0m +10.00⁺   [2mdesvio:[0m +128%   [2m(2 obs. dia_util)[0m
2026-07-21 15:34:51 [INFO] 
2026-07-21 15:34:51 [INFO]   🔴 [91m[1mPT0002000075637532JB[0m  [2m[Cluster 0][0m
2026-07-21 15:34:51 [INFO]      consumiu MAIS que o habitual às 21h
2026-07-21 15:34:51 [INFO]      [2mReal:[0m 22.0 kWh   [2mHabitual:[0m 4.3 ± 0.6 kWh   [2mz:[0m +10.00⁺   [2mdesvio:[0m +408%   [2m(3 obs. dia_util)[0m
2026-07-21 15:34:51 [INFO] 
2026-07-21 15:34:51 [INFO]   🔴 [91m[1mPT0002000075637532JB[0m  [2m[Cluster 0][0m
2026-07-21 15:34:51 [INFO]      consumiu MAIS que o habitual às 22h
2026-07-21 15:34:51 [INFO]      [2mReal:[0m 43.0 kWh   [2mHabitual:[0m 5.0 ± 0.5 kWh   [2mz:[0m +10.00⁺   [2mdesvio:[0m +760%   [2m(3 obs. dia_util)[0m
2026-07-21 15:34:51 [INFO] 
2026-07-21 15:34:51 [INFO]   🔴 [91m[1mPT0002000075637532JB[0m  [2m[Cluster 0][0m
2026-07-21 15:34:51 [INFO]      consumiu MAIS que o habitual às 23h
2026-07-21 15:34:51 [INFO]      [2mReal:[0m 31.0 kWh   [2mHabitual:[0m 5.0 ± 0.5 kWh   [2mz:[0m +10.00⁺   [2mdesvio:[0m +520%   [2m(3 obs. dia_util)[0m
2026-07-21 15:34:51 [INFO] 
2026-07-21 15:34:51 [INFO]   🔴 [91m[1mPT0002000078140706BA[0m  [2m[sem cluster][0m
2026-07-21 15:34:51 [INFO]      consumiu MAIS que o habitual às 16h
2026-07-21 15:34:51 [INFO]      [2mReal:[0m 4.0 kWh   [2mHabitual:[0m 0.0 ± 0.3 kWh   [2mz:[0m +10.00⁺   [2mdesvio:[0m +400000%   [2m(2 obs. dia_util)[0m
2026-07-21 15:34:51 [INFO] 
2026-07-21 15:34:51 [INFO]   🔴 [91m[1mPT0002000078140706BA[0m  [2m[sem cluster][0m
2026-07-21 15:34:51 [INFO]      consumiu MAIS que o habitual às 17h
2026-07-21 15:34:51 [INFO]      [2mReal:[0m 8.0 kWh   [2mHabitual:[0m 0.0 ± 0.3 kWh   [2mz:[0m +10.00⁺   [2mdesvio:[0m +800000%   [2m(2 obs. dia_util)[0m
2026-07-21 15:34:51 [INFO] 
2026-07-21 15:34:51 [INFO]   🔴 [91m[1mPT0002000125701614SQ[0m  [2m[sem cluster][0m
2026-07-21 15:34:51 [INFO]      consumiu MAIS que o habitual às 21h
2026-07-21 15:34:51 [INFO]      [2mReal:[0m 97.0 kWh   [2mHabitual:[0m 19.0 ± 4.2 kWh   [2mz:[0m +10.00⁺   [2mdesvio:[0m +411%   [2m(2 obs. dia_util)[0m
2026-07-21 15:34:51 [INFO] 
2026-07-21 15:34:51 [INFO]   🔴 [91m[1mPT0002000125701614SQ[0m  [2m[sem cluster][0m
2026-07-21 15:34:51 [INFO]      consumiu MAIS que o habitual às 22h
2026-07-21 15:34:51 [INFO]      [2mReal:[0m 274.0 kWh   [2mHabitual:[0m 18.5 ± 1.9 kWh   [2mz:[0m +10.00⁺   [2mdesvio:[0m +1381%   [2m(2 obs. dia_util)[0m
2026-07-21 15:34:51 [INFO] 
2026-07-21 15:34:51 [INFO]   🔴 [91m[1mPT0002000125701614SQ[0m  [2m[sem cluster][0m
2026-07-21 15:34:51 [INFO]      consumiu MAIS que o habitual às 23h
2026-07-21 15:34:51 [INFO]      [2mReal:[0m 75.0 kWh   [2mHabitual:[0m 16.5 ± 2.1 kWh   [2mz:[0m +10.00⁺   [2mdesvio:[0m +355%   [2m(2 obs. dia_util)[0m
2026-07-21 15:34:51 [INFO] 
2026-07-21 15:34:51 [INFO]   🔴 [91m[1mPT0002000068856906VS[0m  [2m[Cluster 0][0m
2026-07-21 15:34:51 [INFO]      consumiu MAIS que o habitual às 15h
2026-07-21 15:34:51 [INFO]      [2mReal:[0m 40.0 kWh   [2mHabitual:[0m 20.5 ± 2.0 kWh   [2mz:[0m +9.51   [2mdesvio:[0m +95%   [2m(2 obs. dia_util)[0m
2026-07-21 15:34:51 [INFO] 
2026-07-21 15:34:51 [INFO]   🔴 [91m[1mPT0002000068855003AK[0m  [2m[sem cluster][0m
2026-07-21 15:34:51 [INFO]      consumiu MAIS que o habitual às 18h
2026-07-21 15:34:51 [INFO]      [2mReal:[0m 43.0 kWh   [2mHabitual:[0m 22.5 ± 2.2 kWh   [2mz:[0m +9.11   [2mdesvio:[0m +91%   [2m(2 obs. dia_util)[0m
2026-07-21 15:34:51 [INFO] 
2026-07-21 15:34:51 [INFO]   🔵 [94m[1mPT0002000201936109ME[0m  [2m[Cluster 0][0m
2026-07-21 15:34:51 [INFO]      consumiu MENOS que o habitual às 21h
2026-07-21 15:34:51 [INFO]      [2mReal:[0m 18.0 kWh   [2mHabitual:[0m 188.3 ± 18.8 kWh   [2mz:[0m -9.04   [2mdesvio:[0m -90%   [2m(3 obs. dia_util)[0m
2026-07-21 15:34:51 [INFO] 
2026-07-21 15:34:51 [INFO]   🔴 [91m[1mPT0002000068856826ZG[0m  [2m[sem cluster][0m
2026-07-21 15:34:51 [INFO]      consumiu MAIS que o habitual às 05h
2026-07-21 15:34:51 [INFO]      [2mReal:[0m 210.0 kWh   [2mHabitual:[0m 111.5 ± 11.2 kWh   [2mz:[0m +8.83   [2mdesvio:[0m +88%   [2m(2 obs. dia_util)[0m
2026-07-21 15:34:51 [INFO] 
2026-07-21 15:34:51 [INFO]   🔴 [91m[1mPT0002000078140706BA[0m  [2m[sem cluster][0m
2026-07-21 15:34:51 [INFO]      consumiu MAIS que o habitual às 15h
2026-07-21 15:34:51 [INFO]      [2mReal:[0m 13.0 kWh   [2mHabitual:[0m 1.0 ± 1.4 kWh   [2mz:[0m +8.49   [2mdesvio:[0m +1200%   [2m(2 obs. dia_util)[0m
2026-07-21 15:34:51 [INFO] 
2026-07-21 15:34:51 [INFO]   🔵 [94m[1mPT0002000201936109ME[0m  [2m[Cluster 0][0m
2026-07-21 15:34:51 [INFO]      consumiu MENOS que o habitual às 22h
2026-07-21 15:34:51 [INFO]      [2mReal:[0m 30.0 kWh   [2mHabitual:[0m 180.3 ± 18.0 kWh   [2mz:[0m -8.34   [2mdesvio:[0m -83%   [2m(3 obs. dia_util)[0m
2026-07-21 15:34:51 [INFO] 
2026-07-21 15:34:51 [INFO]   🔴 [91m[1mPT0002000110090564GD[0m  [2m[Cluster 1][0m
2026-07-21 15:34:51 [INFO]      consumiu MAIS que o habitual às 21h
2026-07-21 15:34:51 [INFO]      [2mReal:[0m 9.0 kWh   [2mHabitual:[0m 4.3 ± 0.6 kWh   [2mz:[0m +8.08   [2mdesvio:[0m +108%   [2m(3 obs. dia_util)[0m
2026-07-21 15:34:51 [INFO] 
2026-07-21 15:34:51 [INFO]   🔵 [94m[1mPT0002000201936109ME[0m  [2m[Cluster 0][0m
2026-07-21 15:34:51 [INFO]      consumiu MENOS que o habitual às 23h
2026-07-21 15:34:51 [INFO]      [2mReal:[0m 32.0 kWh   [2mHabitual:[0m 165.7 ± 16.6 kWh   [2mz:[0m -8.07   [2mdesvio:[0m -81%   [2m(3 obs. dia_util)[0m
2026-07-21 15:34:51 [INFO] 
2026-07-21 15:34:51 [INFO]   🔴 [91m[1mPT0002000068856906VS[0m  [2m[Cluster 0][0m
2026-07-21 15:34:51 [INFO]      consumiu MAIS que o habitual às 14h
2026-07-21 15:34:51 [INFO]      [2mReal:[0m 35.0 kWh   [2mHabitual:[0m 19.5 ± 1.9 kWh   [2mz:[0m +7.95   [2mdesvio:[0m +79%   [2m(2 obs. dia_util)[0m
2026-07-21 15:34:51 [INFO] 
2026-07-21 15:34:51 [INFO]   🔴 [91m[1mPT0002000068856826ZG[0m  [2m[sem cluster][0m
2026-07-21 15:34:51 [INFO]      consumiu MAIS que o habitual às 02h
2026-07-21 15:34:51 [INFO]      [2mReal:[0m 227.0 kWh   [2mHabitual:[0m 126.5 ± 12.7 kWh   [2mz:[0m +7.94   [2mdesvio:[0m +79%   [2m(2 obs. dia_util)[0m
2026-07-21 15:34:51 [INFO] 
2026-07-21 15:34:51 [INFO]   🔴 [91m[1mPT0002000068855003AK[0m  [2m[sem cluster][0m
2026-07-21 15:34:51 [INFO]      consumiu MAIS que o habitual às 17h
2026-07-21 15:34:51 [INFO]      [2mReal:[0m 58.0 kWh   [2mHabitual:[0m 26.0 ± 4.2 kWh   [2mz:[0m +7.54   [2mdesvio:[0m +123%   [2m(2 obs. dia_util)[0m
2026-07-21 15:34:51 [INFO] 
2026-07-21 15:34:51 [INFO]   🔴 [91m[1mPT0002000068856826ZG[0m  [2m[sem cluster][0m
2026-07-21 15:34:51 [INFO]      consumiu MAIS que o habitual às 00h
2026-07-21 15:34:51 [INFO]      [2mReal:[0m 217.0 kWh   [2mHabitual:[0m 124.5 ± 12.4 kWh   [2mz:[0m +7.43   [2mdesvio:[0m +74%   [2m(2 obs. dia_util)[0m
2026-07-21 15:34:51 [INFO] 
2026-07-21 15:34:51 [INFO]   🔴 [91m[1mPT0002000068856826ZG[0m  [2m[sem cluster][0m
2026-07-21 15:34:51 [INFO]      consumiu MAIS que o habitual às 17h
2026-07-21 15:34:51 [INFO]      [2mReal:[0m 341.0 kWh   [2mHabitual:[0m 200.0 ± 20.0 kWh   [2mz:[0m +7.05   [2mdesvio:[0m +70%   [2m(2 obs. dia_util)[0m
2026-07-21 15:34:51 [INFO] 
2026-07-21 15:34:52 [INFO]   🔴 [91m[1mPT0002000068856826ZG[0m  [2m[sem cluster][0m
2026-07-21 15:34:52 [INFO]      consumiu MAIS que o habitual às 03h
2026-07-21 15:34:52 [INFO]      [2mReal:[0m 195.0 kWh   [2mHabitual:[0m 114.5 ± 11.4 kWh   [2mz:[0m +7.03   [2mdesvio:[0m +70%   [2m(2 obs. dia_util)[0m
2026-07-21 15:34:52 [INFO] 
2026-07-21 15:34:52 [INFO]   🔴 [91m[1mPT0002000078140706BA[0m  [2m[sem cluster][0m
2026-07-21 15:34:52 [INFO]      consumiu MAIS que o habitual às 13h
2026-07-21 15:34:52 [INFO]      [2mReal:[0m 2.0 kWh   [2mHabitual:[0m 0.0 ± 0.3 kWh   [2mz:[0m +6.67   [2mdesvio:[0m +200000%   [2m(2 obs. dia_util)[0m
2026-07-21 15:34:52 [INFO] 
2026-07-21 15:34:52 [INFO]   🔴 [91m[1mPT0002000068856906VS[0m  [2m[Cluster 0][0m
2026-07-21 15:34:52 [INFO]      consumiu MAIS que o habitual às 12h
2026-07-21 15:34:52 [INFO]      [2mReal:[0m 34.0 kWh   [2mHabitual:[0m 20.5 ± 2.1 kWh   [2mz:[0m +6.36   [2mdesvio:[0m +66%   [2m(2 obs. dia_util)[0m
2026-07-21 15:34:52 [INFO] 
2026-07-21 15:34:52 [INFO]   🔴 [91m[1mPT0002000068856655YV[0m  [2m[Cluster 0][0m
2026-07-21 15:34:52 [INFO]      consumiu MAIS que o habitual às 21h
2026-07-21 15:34:52 [INFO]      [2mReal:[0m 7.0 kWh   [2mHabitual:[0m 3.3 ± 0.6 kWh   [2mz:[0m +6.35   [2mdesvio:[0m +110%   [2m(3 obs. dia_util)[0m
2026-07-21 15:34:52 [INFO] 
2026-07-21 15:34:52 [INFO]   🔴 [91m[1mPT0002000068856826ZG[0m  [2m[sem cluster][0m
2026-07-21 15:34:52 [INFO]      consumiu MAIS que o habitual às 15h
2026-07-21 15:34:52 [INFO]      [2mReal:[0m 346.0 kWh   [2mHabitual:[0m 212.0 ± 21.2 kWh   [2mz:[0m +6.32   [2mdesvio:[0m +63%   [2m(2 obs. dia_util)[0m
2026-07-21 15:34:52 [INFO] 
2026-07-21 15:34:52 [INFO]   🔵 [94m[1mPT0002000077348081AG[0m  [2m[sem cluster][0m
2026-07-21 15:34:52 [INFO]      consumiu MENOS que o habitual às 20h
2026-07-21 15:34:52 [INFO]      [2mReal:[0m 89.0 kWh   [2mHabitual:[0m 238.5 ± 23.9 kWh   [2mz:[0m -6.27   [2mdesvio:[0m -63%   [2m(2 obs. dia_util)[0m
2026-07-21 15:34:52 [INFO] 
2026-07-21 15:34:52 [INFO]   🔴 [91m[1mPT0002000068856826ZG[0m  [2m[sem cluster][0m
2026-07-21 15:34:52 [INFO]      consumiu MAIS que o habitual às 16h
2026-07-21 15:34:52 [INFO]      [2mReal:[0m 334.0 kWh   [2mHabitual:[0m 206.0 ± 20.6 kWh   [2mz:[0m +6.21   [2mdesvio:[0m +62%   [2m(2 obs. dia_util)[0m
2026-07-21 15:34:52 [INFO] 
2026-07-21 15:34:52 [INFO]   🔴 [91m[1mPT0002000068856826ZG[0m  [2m[sem cluster][0m
2026-07-21 15:34:52 [INFO]      consumiu MAIS que o habitual às 01h
2026-07-21 15:34:52 [INFO]      [2mReal:[0m 188.0 kWh   [2mHabitual:[0m 119.0 ± 11.9 kWh   [2mz:[0m +5.80   [2mdesvio:[0m +58%   [2m(2 obs. dia_util)[0m
2026-07-21 15:34:52 [INFO] 
2026-07-21 15:34:52 [INFO]   🔴 [91m[1mPT0002000073481266XH[0m  [2m[Cluster 0][0m
2026-07-21 15:34:52 [INFO]      consumiu MAIS que o habitual às 22h
2026-07-21 15:34:52 [INFO]      [2mReal:[0m 12.0 kWh   [2mHabitual:[0m 7.7 ± 0.8 kWh   [2mz:[0m +5.65   [2mdesvio:[0m +56%   [2m(3 obs. dia_util)[0m
2026-07-21 15:34:52 [INFO] 
2026-07-21 15:34:52 [INFO]   🔴 [91m[1mPT0002000068856826ZG[0m  [2m[sem cluster][0m
2026-07-21 15:34:52 [INFO]      consumiu MAIS que o habitual às 04h
2026-07-21 15:34:52 [INFO]      [2mReal:[0m 190.0 kWh   [2mHabitual:[0m 121.5 ± 12.2 kWh   [2mz:[0m +5.64   [2mdesvio:[0m +56%   [2m(2 obs. dia_util)[0m
2026-07-21 15:34:52 [INFO] 
2026-07-21 15:34:52 [INFO]   🔴 [91m[1mPT0002000078441876HB[0m  [2m[Cluster 0][0m
2026-07-21 15:34:52 [INFO]      consumiu MAIS que o habitual às 17h
2026-07-21 15:34:52 [INFO]      [2mReal:[0m 1960.0 kWh   [2mHabitual:[0m 1256.0 ± 125.6 kWh   [2mz:[0m +5.61   [2mdesvio:[0m +56%   [2m(2 obs. dia_util)[0m
2026-07-21 15:34:52 [INFO] 
2026-07-21 15:34:52 [INFO]   🔴 [91m[1mPT0002000068856826ZG[0m  [2m[sem cluster][0m
2026-07-21 15:34:52 [INFO]      consumiu MAIS que o habitual às 06h
2026-07-21 15:34:52 [INFO]      [2mReal:[0m 184.0 kWh   [2mHabitual:[0m 122.5 ± 12.2 kWh   [2mz:[0m +5.02   [2mdesvio:[0m +50%   [2m(2 obs. dia_util)[0m
2026-07-21 15:34:52 [INFO] 
2026-07-21 15:34:52 [INFO]   🔴 [91m[1mPT0002000068856655YV[0m  [2m[Cluster 0][0m
2026-07-21 15:34:52 [INFO]      consumiu MAIS que o habitual às 22h
2026-07-21 15:34:52 [INFO]      [2mReal:[0m 6.0 kWh   [2mHabitual:[0m 4.0 ± 0.4 kWh   [2mz:[0m +5.00   [2mdesvio:[0m +50%   [2m(3 obs. dia_util)[0m
2026-07-21 15:34:52 [INFO] 
2026-07-21 15:34:52 [INFO]   🔵 [94m[1mPT0002000068856655YV[0m  [2m[Cluster 0][0m
2026-07-21 15:34:52 [INFO]      consumiu MENOS que o habitual às 23h
2026-07-21 15:34:52 [INFO]      [2mReal:[0m 2.0 kWh   [2mHabitual:[0m 4.0 ± 0.4 kWh   [2mz:[0m -5.00   [2mdesvio:[0m -50%   [2m(3 obs. dia_util)[0m
2026-07-21 15:34:52 [INFO] 
2026-07-21 15:34:52 [INFO]   🔴 [91m[1mPT0002000078140706BA[0m  [2m[sem cluster][0m
2026-07-21 15:34:52 [INFO]      consumiu MAIS que o habitual às 20h
2026-07-21 15:34:52 [INFO]      [2mReal:[0m 59.0 kWh   [2mHabitual:[0m 40.0 ± 4.0 kWh   [2mz:[0m +4.75   [2mdesvio:[0m +48%   [2m(2 obs. dia_util)[0m
2026-07-21 15:34:52 [INFO] 
2026-07-21 15:34:52 [INFO]   🔴 [91m[1mPT0002000081997398TD[0m  [2m[Cluster 0][0m
2026-07-21 15:34:52 [INFO]      consumiu MAIS que o habitual às 16h
2026-07-21 15:34:52 [INFO]      [2mReal:[0m 211.0 kWh   [2mHabitual:[0m 143.5 ± 14.3 kWh   [2mz:[0m +4.70   [2mdesvio:[0m +47%   [2m(2 obs. dia_util)[0m
2026-07-21 15:34:52 [INFO] 
2026-07-21 15:34:52 [INFO]   🔵 [94m[1mPT0002000068859187RL[0m  [2m[Cluster 0][0m
2026-07-21 15:34:52 [INFO]      consumiu MENOS que o habitual às 21h
2026-07-21 15:34:52 [INFO]      [2mReal:[0m 9.0 kWh   [2mHabitual:[0m 16.7 ± 1.7 kWh   [2mz:[0m -4.60   [2mdesvio:[0m -46%   [2m(3 obs. dia_util)[0m
2026-07-21 15:34:52 [INFO] 
2026-07-21 15:34:52 [INFO]   🔴 [91m[1mPT0002000068855003AK[0m  [2m[sem cluster][0m
2026-07-21 15:34:52 [INFO]      consumiu MAIS que o habitual às 12h
2026-07-21 15:34:52 [INFO]      [2mReal:[0m 40.0 kWh   [2mHabitual:[0m 21.0 ± 4.2 kWh   [2mz:[0m +4.48   [2mdesvio:[0m +90%   [2m(2 obs. dia_util)[0m
2026-07-21 15:34:52 [INFO] 
2026-07-21 15:34:52 [INFO]   🔴 [91m[1mPT0002000068856906VS[0m  [2m[Cluster 0][0m
2026-07-21 15:34:52 [INFO]      consumiu MAIS que o habitual às 20h
2026-07-21 15:34:52 [INFO]      [2mReal:[0m 40.0 kWh   [2mHabitual:[0m 28.0 ± 2.8 kWh   [2mz:[0m +4.29   [2mdesvio:[0m +43%   [2m(2 obs. dia_util)[0m
2026-07-21 15:34:52 [INFO] 
2026-07-21 15:34:52 [INFO]   🔴 [91m[1mPT0002000201038711LS[0m  [2m[Cluster 1 (estimado)][0m
2026-07-21 15:34:52 [INFO]      consumiu MAIS que o habitual às 23h
2026-07-21 15:34:52 [INFO]      [2mReal:[0m 42.0 kWh   [2mHabitual:[0m 5.0 ± 8.7 kWh   [2mz:[0m +4.27   [2mdesvio:[0m +740%   [2m(3 obs. dia_util)[0m
2026-07-21 15:34:52 [INFO] 
2026-07-21 15:34:52 [INFO]   🔵 [94m[1mPT0002000077348081AG[0m  [2m[sem cluster][0m
2026-07-21 15:34:52 [INFO]      consumiu MENOS que o habitual às 11h
2026-07-21 15:34:52 [INFO]      [2mReal:[0m 171.0 kWh   [2mHabitual:[0m 288.5 ± 28.9 kWh   [2mz:[0m -4.07   [2mdesvio:[0m -41%   [2m(2 obs. dia_util)[0m
2026-07-21 15:34:52 [INFO] 
2026-07-21 15:34:52 [INFO]   🔵 [94m[1mPT0002000073717386HC[0m  [2m[Cluster 1 (estimado)][0m
2026-07-21 15:34:52 [INFO]      consumiu MENOS que o habitual às 21h
2026-07-21 15:34:52 [INFO]      [2mReal:[0m 3.0 kWh   [2mHabitual:[0m 7.0 ± 1.0 kWh   [2mz:[0m -4.00   [2mdesvio:[0m -57%   [2m(3 obs. dia_util)[0m
2026-07-21 15:34:52 [INFO] 
2026-07-21 15:34:52 [INFO]   🔴 [91m[1mPT0002000078140706BA[0m  [2m[sem cluster][0m
2026-07-21 15:34:52 [INFO]      consumiu MAIS que o habitual às 14h
2026-07-21 15:34:52 [INFO]      [2mReal:[0m 3.0 kWh   [2mHabitual:[0m 0.5 ± 0.7 kWh   [2mz:[0m +3.54   [2mdesvio:[0m +500%   [2m(2 obs. dia_util)[0m
2026-07-21 15:34:52 [INFO] 
2026-07-21 15:34:52 [INFO]   🔴 [91m[1mPT0002000068857099AR[0m  [2m[Cluster 1][0m
2026-07-21 15:34:52 [INFO]      consumiu MAIS que o habitual às 23h
2026-07-21 15:34:52 [INFO]      [2mReal:[0m 4.0 kWh   [2mHabitual:[0m 3.0 ± 0.3 kWh   [2mz:[0m +3.33   [2mdesvio:[0m +33%   [2m(3 obs. dia_util)[0m
2026-07-21 15:34:52 [INFO] 
2026-07-21 15:34:52 [INFO]   🔵 [94m[1mPT0002000081344542CP[0m  [2m[Cluster 1][0m
2026-07-21 15:34:52 [INFO]      consumiu MENOS que o habitual às 21h
2026-07-21 15:34:52 [INFO]      [2mReal:[0m 1.0 kWh   [2mHabitual:[0m 2.0 ± 0.3 kWh   [2mz:[0m -3.33   [2mdesvio:[0m -50%   [2m(3 obs. dia_util)[0m
2026-07-21 15:34:52 [INFO] 
2026-07-21 15:34:52 [INFO]   🔴 [91m[1mPT0002000105483259QH[0m  [2m[Cluster 1][0m
2026-07-21 15:34:52 [INFO]      consumiu MAIS que o habitual às 21h
2026-07-21 15:34:52 [INFO]      [2mReal:[0m 2.0 kWh   [2mHabitual:[0m 1.0 ± 0.3 kWh   [2mz:[0m +3.33   [2mdesvio:[0m +100%   [2m(3 obs. dia_util)[0m
2026-07-21 15:34:52 [INFO] 
2026-07-21 15:34:52 [INFO]   🔵 [94m[1mPT0002000107046231FW[0m  [2m[Cluster 0][0m
2026-07-21 15:34:52 [INFO]      consumiu MENOS que o habitual às 23h
2026-07-21 15:34:52 [INFO]      [2mReal:[0m 1.0 kWh   [2mHabitual:[0m 2.0 ± 0.3 kWh   [2mz:[0m -3.33   [2mdesvio:[0m -50%   [2m(3 obs. dia_util)[0m
2026-07-21 15:34:52 [INFO] 
2026-07-21 15:34:52 [INFO]   🔵 [94m[1mPT0002000078294957RQ[0m  [2m[Cluster 0][0m
2026-07-21 15:34:52 [INFO]      consumiu MENOS que o habitual às 21h
2026-07-21 15:34:52 [INFO]      [2mReal:[0m 7.0 kWh   [2mHabitual:[0m 10.7 ± 1.1 kWh   [2mz:[0m -3.18   [2mdesvio:[0m -34%   [2m(3 obs. dia_util)[0m
2026-07-21 15:34:52 [INFO] 
2026-07-21 15:34:52 [INFO]   🔵 [94m[1mPT0002000033074862LZ[0m  [2m[Cluster 0][0m
2026-07-21 15:34:52 [INFO]      consumiu MENOS que o habitual às 21h
2026-07-21 15:34:52 [INFO]      [2mReal:[0m 9.0 kWh   [2mHabitual:[0m 13.0 ± 1.3 kWh   [2mz:[0m -3.08   [2mdesvio:[0m -31%   [2m(3 obs. dia_util)[0m
2026-07-21 15:34:52 [INFO] 
2026-07-21 15:34:52 [INFO]   [2mCSV:[0m C:\Users\anaca\OneDrive\Ambiente de Trabalho\Tese\ts-anomaly-detection-dissertation\results\energia\realtime\alerts\analise_energia_2026-07-16.csv
2026-07-21 15:34:52 [INFO] 
2026-07-21 15:34:52 [INFO] [96m→ A prever consumo de 2026-07-17 para 276 CPEs...[0m
2026-07-21 15:35:07 [INFO] [1m══════════════════════════════════════════════════════════════════════[0m
2026-07-21 15:35:07 [INFO] [1m  PREDIÇÃO — 2026-07-17 [0m[2m(dia util)[0m
2026-07-21 15:35:07 [INFO] [1m══════════════════════════════════════════════════════════════════════[0m
2026-07-21 15:35:07 [INFO]   [95m● CPEs previstos[0m          69 [2m(alta: 0, baixa: 1656)[0m
2026-07-21 15:35:07 [INFO]   [95m● Consumo total previsto[0m 94975.4 kWh [2m(±18178.4)[0m
2026-07-21 15:35:07 [INFO] 
2026-07-21 15:35:08 [INFO]   [2mPrevisão guardada:[0m C:\Users\anaca\OneDrive\Ambiente de Trabalho\Tese\ts-anomaly-detection-dissertation\results\energia\realtime\predictions\previsao_energia_2026-07-17.csv
2026-07-21 15:35:08 [INFO] 
2026-07-21 15:35:08 [INFO] [1m══════════════════════════════════════════════════════════════════════[0m
2026-07-21 15:35:08 [INFO] [1m  VALIDAÇÃO — qualidade das previsões anteriores[0m
2026-07-21 15:35:08 [INFO] [1m══════════════════════════════════════════════════════════════════════[0m
2026-07-21 15:35:08 [INFO]   [2mDias validados:[0m 5   [2mpendentes:[0m 34
2026-07-21 15:35:08 [INFO]   [2mÚltimo (2026-07-19):[0m MAE 8.70 kWh   RMSE 20.67   em ±1σ 79% [2m(esperado ~68%)[0m   em ±2σ 89% [2m(esperado ~95%)[0m
2026-07-21 15:35:08 [INFO]   [2mMédia acumulada:[0m MAE 19.22 kWh   RMSE 43.11   em ±1σ 69%   em ±2σ 81%
2026-07-21 15:35:08 [INFO]   [2mCSV:[0m C:\Users\anaca\OneDrive\Ambiente de Trabalho\Tese\ts-anomaly-detection-dissertation\results\energia\realtime\analysis\qualidade_previsoes_energia.csv
2026-07-21 15:35:08 [INFO] 
2026-07-21 15:35:08 [INFO] 
2026-07-21 15:35:08 [INFO] Concluido em 72.6s. Ficheiros gerados: 2
2026-07-21 15:35:27 [INFO] [96m→ A pedir dados ao BaZe (276 CPEs)...[0m
2026-07-21 15:35:54 [INFO]   [2mClusters atribuidos carregados:[0m 14
2026-07-21 15:35:54 [INFO] 
2026-07-21 15:35:54 [INFO] [1m══════════════════════════════════════════════════════════════════════[0m
2026-07-21 15:35:54 [INFO] [1m  DETEÇÃO DE ANOMALIAS — 2026-07-15[0m
2026-07-21 15:35:54 [INFO] [1m══════════════════════════════════════════════════════════════════════[0m
2026-07-21 15:35:54 [INFO]   [2mTipo de dia:[0m  dia util
2026-07-21 15:35:54 [INFO]   [2mFonte:[0m        BAZE
2026-07-21 15:35:54 [INFO]   [2mCPEs c/ dados:[0m 13
2026-07-21 15:35:54 [INFO]   [2mThreshold:[0m    |z| > 3.0 [2m(adaptativo a este tipo de dia)[0m
2026-07-21 15:35:54 [INFO] 
2026-07-21 15:35:57 [INFO]   [2mSem cluster estimado:[0m 8 [2m(historico insuficiente)[0m
2026-07-21 15:35:57 [INFO] [96m→ A analisar 13 CPEs / 39 pontos horários (retrospetiva)...[0m
2026-07-21 15:35:57 [INFO] [1m─── Resumo ─────────────────────────────────────[0m
2026-07-21 15:35:57 [INFO]   [92m● Normal[0m                  36 [2m( 92.3%)[0m
2026-07-21 15:35:57 [INFO]   [91m● Desvio (alta confiança)[0m    0 [2m(  0.0%)[0m
2026-07-21 15:35:57 [INFO]   [93m● Desvio (baixa confiança)[0m   3 [2m(  7.7%)[0m
2026-07-21 15:35:57 [INFO]   [2mTempo: 30.2s[0m
2026-07-21 15:35:57 [INFO] 
2026-07-21 15:35:57 [INFO] [1m[93m─── Desvios de BAIXA confiança (3) ──────────────[0m
2026-07-21 15:35:57 [INFO]   [2m(poucos dados históricos — verificar manualmente)[0m
2026-07-21 15:35:57 [INFO] 
2026-07-21 15:35:57 [INFO]   🔴 [91m[1mPT0002000068856826ZG[0m  [2m[sem cluster][0m
2026-07-21 15:35:57 [INFO]      consumiu MAIS que o habitual às 22h
2026-07-21 15:35:57 [INFO]      [2mReal:[0m 275.0 kWh   [2mHabitual:[0m 174.0 ± 17.4 kWh   [2mz:[0m +5.80   [2mdesvio:[0m +58%   [2m(2 obs. dia_util)[0m
2026-07-21 15:35:57 [INFO] 
2026-07-21 15:35:57 [INFO]   🔴 [91m[1mPT0002000068856826ZG[0m  [2m[sem cluster][0m
2026-07-21 15:35:57 [INFO]      consumiu MAIS que o habitual às 23h
2026-07-21 15:35:57 [INFO]      [2mReal:[0m 200.0 kWh   [2mHabitual:[0m 130.5 ± 13.1 kWh   [2mz:[0m +5.33   [2mdesvio:[0m +53%   [2m(2 obs. dia_util)[0m
2026-07-21 15:35:57 [INFO] 
2026-07-21 15:35:57 [INFO]   🔵 [94m[1mPT0002000114613364CC[0m  [2m[sem cluster][0m
2026-07-21 15:35:57 [INFO]      consumiu MENOS que o habitual às 21h
2026-07-21 15:35:57 [INFO]      [2mReal:[0m 89.0 kWh   [2mHabitual:[0m 128.0 ± 12.8 kWh   [2mz:[0m -3.05   [2mdesvio:[0m -30%   [2m(2 obs. dia_util)[0m
2026-07-21 15:35:57 [INFO] 
2026-07-21 15:35:57 [INFO]   [2mCSV:[0m C:\Users\anaca\OneDrive\Ambiente de Trabalho\Tese\ts-anomaly-detection-dissertation\results\energia\realtime\alerts\analise_energia_2026-07-15.csv
2026-07-21 15:35:57 [INFO] 
2026-07-21 15:35:57 [INFO] [96m→ A prever consumo de 2026-07-16 para 276 CPEs...[0m
2026-07-21 15:36:12 [INFO] [1m══════════════════════════════════════════════════════════════════════[0m
2026-07-21 15:36:12 [INFO] [1m  PREDIÇÃO — 2026-07-16 [0m[2m(dia util)[0m
2026-07-21 15:36:12 [INFO] [1m══════════════════════════════════════════════════════════════════════[0m
2026-07-21 15:36:12 [INFO]   [95m● CPEs previstos[0m          69 [2m(alta: 0, baixa: 1656)[0m
2026-07-21 15:36:12 [INFO]   [95m● Consumo total previsto[0m 95698.9 kWh [2m(±21410.5)[0m
2026-07-21 15:36:12 [INFO] 
2026-07-21 15:36:13 [INFO]   [2mPrevisão guardada:[0m C:\Users\anaca\OneDrive\Ambiente de Trabalho\Tese\ts-anomaly-detection-dissertation\results\energia\realtime\predictions\previsao_energia_2026-07-16.csv
2026-07-21 15:36:13 [INFO] 
2026-07-21 15:36:13 [INFO] [1m══════════════════════════════════════════════════════════════════════[0m
2026-07-21 15:36:13 [INFO] [1m  VALIDAÇÃO — qualidade das previsões anteriores[0m
2026-07-21 15:36:13 [INFO] [1m══════════════════════════════════════════════════════════════════════[0m
2026-07-21 15:36:13 [INFO]   [2mDias validados:[0m 5   [2mpendentes:[0m 34
2026-07-21 15:36:13 [INFO]   [2mÚltimo (2026-07-19):[0m MAE 8.70 kWh   RMSE 20.67   em ±1σ 79% [2m(esperado ~68%)[0m   em ±2σ 89% [2m(esperado ~95%)[0m
2026-07-21 15:36:13 [INFO]   [2mMédia acumulada:[0m MAE 19.59 kWh   RMSE 43.52   em ±1σ 67%   em ±2σ 80%
2026-07-21 15:36:13 [INFO]   [2mCSV:[0m C:\Users\anaca\OneDrive\Ambiente de Trabalho\Tese\ts-anomaly-detection-dissertation\results\energia\realtime\analysis\qualidade_previsoes_energia.csv
2026-07-21 15:36:13 [INFO] 
2026-07-21 15:36:13 [INFO] 
2026-07-21 15:36:13 [INFO] Concluido em 46.2s. Ficheiros gerados: 2
2026-07-21 15:40:34 [INFO] [96m→ A pedir dados ao BaZe (276 CPEs)...[0m
2026-07-21 15:41:03 [INFO]   [2mClusters atribuidos carregados:[0m 14
2026-07-21 15:41:04 [INFO] 
2026-07-21 15:41:04 [INFO] [1m══════════════════════════════════════════════════════════════════════[0m
2026-07-21 15:41:04 [INFO] [1m  DETEÇÃO DE ANOMALIAS — 2026-07-19[0m
2026-07-21 15:41:04 [INFO] [1m══════════════════════════════════════════════════════════════════════[0m
2026-07-21 15:41:04 [INFO]   [2mTipo de dia:[0m  fim semana
2026-07-21 15:41:04 [INFO]   [2mFonte:[0m        BAZE
2026-07-21 15:41:04 [INFO]   [2mCPEs c/ dados:[0m 56
2026-07-21 15:41:04 [INFO]   [2mThreshold:[0m    |z| > 3.5 [2m(adaptativo a este tipo de dia)[0m
2026-07-21 15:41:04 [INFO] 
2026-07-21 15:41:04 [INFO] [96m→ A analisar 56 CPEs / 1344 pontos horários (retrospetiva)...[0m
2026-07-21 15:41:10 [INFO] [1m─── Resumo ─────────────────────────────────────[0m
2026-07-21 15:41:10 [INFO]   [92m● Normal[0m                1283 [2m( 95.5%)[0m
2026-07-21 15:41:10 [INFO]   [91m● Desvio (alta confiança)[0m    0 [2m(  0.0%)[0m
2026-07-21 15:41:10 [INFO]   [93m● Desvio (baixa confiança)[0m  61 [2m(  4.5%)[0m
2026-07-21 15:41:10 [INFO]   [2mTempo: 36.0s[0m
2026-07-21 15:41:10 [INFO] 
2026-07-21 15:41:10 [INFO] [1m[93m─── Desvios de BAIXA confiança (61) ──────────────[0m
2026-07-21 15:41:10 [INFO]   [2m(poucos dados históricos — verificar manualmente)[0m
2026-07-21 15:41:10 [INFO] 
2026-07-21 15:41:10 [INFO]   🔴 [91m[1mPT0002000068856872QG[0m  [2m[Cluster 1][0m
2026-07-21 15:41:10 [INFO]      consumiu MAIS que o habitual às 05h
2026-07-21 15:41:10 [INFO]      [2mReal:[0m 3.0 kWh   [2mHabitual:[0m 0.0 ± 0.3 kWh   [2mz:[0m +10.00   [2mdesvio:[0m +300000%   [2m(2 obs. fim_semana)[0m
2026-07-21 15:41:10 [INFO] 
2026-07-21 15:41:10 [INFO]   🔴 [91m[1mPT0002000068859325FL[0m  [2m[Cluster 1][0m
2026-07-21 15:41:10 [INFO]      consumiu MAIS que o habitual às 23h
2026-07-21 15:41:10 [INFO]      [2mReal:[0m 360.0 kWh   [2mHabitual:[0m 117.3 ± 18.9 kWh   [2mz:[0m +10.00⁺   [2mdesvio:[0m +207%   [2m(3 obs. fim_semana)[0m
2026-07-21 15:41:10 [INFO] 
2026-07-21 15:41:10 [INFO]   🔴 [91m[1mPT0002000073720434JD[0m  [2m[Cluster 1 (estimado)][0m
2026-07-21 15:41:10 [INFO]      consumiu MAIS que o habitual às 00h
2026-07-21 15:41:10 [INFO]      [2mReal:[0m 87.0 kWh   [2mHabitual:[0m 22.5 ± 2.2 kWh   [2mz:[0m +10.00⁺   [2mdesvio:[0m +287%   [2m(2 obs. fim_semana)[0m
2026-07-21 15:41:10 [INFO] 
2026-07-21 15:41:10 [INFO]   🔴 [91m[1mPT0002000073720434JD[0m  [2m[Cluster 1 (estimado)][0m
2026-07-21 15:41:10 [INFO]      consumiu MAIS que o habitual às 01h
2026-07-21 15:41:10 [INFO]      [2mReal:[0m 86.0 kWh   [2mHabitual:[0m 22.5 ± 2.2 kWh   [2mz:[0m +10.00⁺   [2mdesvio:[0m +282%   [2m(2 obs. fim_semana)[0m
2026-07-21 15:41:10 [INFO] 
2026-07-21 15:41:10 [INFO]   🔴 [91m[1mPT0002000073720434JD[0m  [2m[Cluster 1 (estimado)][0m
2026-07-21 15:41:10 [INFO]      consumiu MAIS que o habitual às 02h
2026-07-21 15:41:10 [INFO]      [2mReal:[0m 85.0 kWh   [2mHabitual:[0m 22.0 ± 2.2 kWh   [2mz:[0m +10.00⁺   [2mdesvio:[0m +286%   [2m(2 obs. fim_semana)[0m
2026-07-21 15:41:10 [INFO] 
2026-07-21 15:41:10 [INFO]   🔴 [91m[1mPT0002000073720434JD[0m  [2m[Cluster 1 (estimado)][0m
2026-07-21 15:41:10 [INFO]      consumiu MAIS que o habitual às 03h
2026-07-21 15:41:10 [INFO]      [2mReal:[0m 86.0 kWh   [2mHabitual:[0m 23.0 ± 2.3 kWh   [2mz:[0m +10.00⁺   [2mdesvio:[0m +274%   [2m(2 obs. fim_semana)[0m
2026-07-21 15:41:10 [INFO] 
2026-07-21 15:41:10 [INFO]   🔴 [91m[1mPT0002000073720434JD[0m  [2m[Cluster 1 (estimado)][0m
2026-07-21 15:41:10 [INFO]      consumiu MAIS que o habitual às 04h
2026-07-21 15:41:10 [INFO]      [2mReal:[0m 84.0 kWh   [2mHabitual:[0m 21.5 ± 2.1 kWh   [2mz:[0m +10.00⁺   [2mdesvio:[0m +291%   [2m(2 obs. fim_semana)[0m
2026-07-21 15:41:10 [INFO] 
2026-07-21 15:41:10 [INFO]   🔴 [91m[1mPT0002000073720434JD[0m  [2m[Cluster 1 (estimado)][0m
2026-07-21 15:41:10 [INFO]      consumiu MAIS que o habitual às 05h
2026-07-21 15:41:10 [INFO]      [2mReal:[0m 87.0 kWh   [2mHabitual:[0m 23.0 ± 2.3 kWh   [2mz:[0m +10.00⁺   [2mdesvio:[0m +278%   [2m(2 obs. fim_semana)[0m
2026-07-21 15:41:10 [INFO] 
2026-07-21 15:41:10 [INFO]   🔴 [91m[1mPT0002000073720434JD[0m  [2m[Cluster 1 (estimado)][0m
2026-07-21 15:41:10 [INFO]      consumiu MAIS que o habitual às 06h
2026-07-21 15:41:10 [INFO]      [2mReal:[0m 86.0 kWh   [2mHabitual:[0m 21.5 ± 2.1 kWh   [2mz:[0m +10.00⁺   [2mdesvio:[0m +300%   [2m(2 obs. fim_semana)[0m
2026-07-21 15:41:10 [INFO] 
2026-07-21 15:41:10 [INFO]   🔴 [91m[1mPT0002000073720434JD[0m  [2m[Cluster 1 (estimado)][0m
2026-07-21 15:41:10 [INFO]      consumiu MAIS que o habitual às 07h
2026-07-21 15:41:10 [INFO]      [2mReal:[0m 82.0 kWh   [2mHabitual:[0m 21.5 ± 2.1 kWh   [2mz:[0m +10.00⁺   [2mdesvio:[0m +281%   [2m(2 obs. fim_semana)[0m
2026-07-21 15:41:10 [INFO] 
2026-07-21 15:41:10 [INFO]   🔴 [91m[1mPT0002000073720434JD[0m  [2m[Cluster 1 (estimado)][0m
2026-07-21 15:41:10 [INFO]      consumiu MAIS que o habitual às 08h
2026-07-21 15:41:10 [INFO]      [2mReal:[0m 82.0 kWh   [2mHabitual:[0m 20.0 ± 4.2 kWh   [2mz:[0m +10.00⁺   [2mdesvio:[0m +310%   [2m(2 obs. fim_semana)[0m
2026-07-21 15:41:10 [INFO] 
2026-07-21 15:41:10 [INFO]   🔴 [91m[1mPT0002000073720434JD[0m  [2m[Cluster 1 (estimado)][0m
2026-07-21 15:41:10 [INFO]      consumiu MAIS que o habitual às 09h
2026-07-21 15:41:10 [INFO]      [2mReal:[0m 85.0 kWh   [2mHabitual:[0m 19.0 ± 1.9 kWh   [2mz:[0m +10.00⁺   [2mdesvio:[0m +347%   [2m(2 obs. fim_semana)[0m
2026-07-21 15:41:10 [INFO] 
2026-07-21 15:41:10 [INFO]   🔴 [91m[1mPT0002000073720434JD[0m  [2m[Cluster 1 (estimado)][0m
2026-07-21 15:41:10 [INFO]      consumiu MAIS que o habitual às 11h
2026-07-21 15:41:10 [INFO]      [2mReal:[0m 86.0 kWh   [2mHabitual:[0m 21.5 ± 2.1 kWh   [2mz:[0m +10.00⁺   [2mdesvio:[0m +300%   [2m(2 obs. fim_semana)[0m
2026-07-21 15:41:10 [INFO] 
2026-07-21 15:41:10 [INFO]   🔴 [91m[1mPT0002000073720434JD[0m  [2m[Cluster 1 (estimado)][0m
2026-07-21 15:41:10 [INFO]      consumiu MAIS que o habitual às 12h
2026-07-21 15:41:10 [INFO]      [2mReal:[0m 94.0 kWh   [2mHabitual:[0m 24.5 ± 3.5 kWh   [2mz:[0m +10.00⁺   [2mdesvio:[0m +284%   [2m(2 obs. fim_semana)[0m
2026-07-21 15:41:10 [INFO] 
2026-07-21 15:41:10 [INFO]   🔴 [91m[1mPT0002000081344542CP[0m  [2m[Cluster 1][0m
2026-07-21 15:41:10 [INFO]      consumiu MAIS que o habitual às 15h
2026-07-21 15:41:10 [INFO]      [2mReal:[0m 5.0 kWh   [2mHabitual:[0m 2.0 ± 0.3 kWh   [2mz:[0m +10.00   [2mdesvio:[0m +150%   [2m(2 obs. fim_semana)[0m
2026-07-21 15:41:10 [INFO] 
2026-07-21 15:41:10 [INFO]   🔴 [91m[1mPT0002000081344542CP[0m  [2m[Cluster 1][0m
2026-07-21 15:41:10 [INFO]      consumiu MAIS que o habitual às 19h
2026-07-21 15:41:10 [INFO]      [2mReal:[0m 4.0 kWh   [2mHabitual:[0m 1.0 ± 0.3 kWh   [2mz:[0m +10.00   [2mdesvio:[0m +300%   [2m(2 obs. fim_semana)[0m
2026-07-21 15:41:10 [INFO] 
2026-07-21 15:41:10 [INFO]   🔴 [91m[1mPT0002000110607652SB[0m  [2m[Cluster 0][0m
2026-07-21 15:41:10 [INFO]      consumiu MAIS que o habitual às 00h
2026-07-21 15:41:10 [INFO]      [2mReal:[0m 16.0 kWh   [2mHabitual:[0m 8.0 ± 0.8 kWh   [2mz:[0m +10.00   [2mdesvio:[0m +100%   [2m(2 obs. fim_semana)[0m
2026-07-21 15:41:10 [INFO] 
2026-07-21 15:41:10 [INFO]   🔴 [91m[1mPT0002000110607652SB[0m  [2m[Cluster 0][0m
2026-07-21 15:41:10 [INFO]      consumiu MAIS que o habitual às 01h
2026-07-21 15:41:10 [INFO]      [2mReal:[0m 16.0 kWh   [2mHabitual:[0m 8.0 ± 0.8 kWh   [2mz:[0m +10.00   [2mdesvio:[0m +100%   [2m(2 obs. fim_semana)[0m
2026-07-21 15:41:10 [INFO] 
2026-07-21 15:41:10 [INFO]   🔴 [91m[1mPT0002000110607652SB[0m  [2m[Cluster 0][0m
2026-07-21 15:41:10 [INFO]      consumiu MAIS que o habitual às 02h
2026-07-21 15:41:10 [INFO]      [2mReal:[0m 16.0 kWh   [2mHabitual:[0m 8.0 ± 0.8 kWh   [2mz:[0m +10.00   [2mdesvio:[0m +100%   [2m(2 obs. fim_semana)[0m
2026-07-21 15:41:10 [INFO] 
2026-07-21 15:41:10 [INFO]   🔴 [91m[1mPT0002000110607652SB[0m  [2m[Cluster 0][0m
2026-07-21 15:41:10 [INFO]      consumiu MAIS que o habitual às 04h
2026-07-21 15:41:10 [INFO]      [2mReal:[0m 16.0 kWh   [2mHabitual:[0m 8.0 ± 0.8 kWh   [2mz:[0m +10.00   [2mdesvio:[0m +100%   [2m(2 obs. fim_semana)[0m
2026-07-21 15:41:10 [INFO] 
2026-07-21 15:41:10 [INFO]   🔴 [91m[1mPT0002000110607652SB[0m  [2m[Cluster 0][0m
2026-07-21 15:41:10 [INFO]      consumiu MAIS que o habitual às 05h
2026-07-21 15:41:10 [INFO]      [2mReal:[0m 16.0 kWh   [2mHabitual:[0m 8.0 ± 0.8 kWh   [2mz:[0m +10.00   [2mdesvio:[0m +100%   [2m(2 obs. fim_semana)[0m
2026-07-21 15:41:10 [INFO] 
2026-07-21 15:41:10 [INFO]   🔴 [91m[1mPT0002000110607652SB[0m  [2m[Cluster 0][0m
2026-07-21 15:41:10 [INFO]      consumiu MAIS que o habitual às 06h
2026-07-21 15:41:10 [INFO]      [2mReal:[0m 16.0 kWh   [2mHabitual:[0m 8.0 ± 0.8 kWh   [2mz:[0m +10.00   [2mdesvio:[0m +100%   [2m(2 obs. fim_semana)[0m
2026-07-21 15:41:10 [INFO] 
2026-07-21 15:41:10 [INFO]   🔴 [91m[1mPT0002000203886452WB[0m  [2m[Cluster 1 (estimado)][0m
2026-07-21 15:41:10 [INFO]      consumiu MAIS que o habitual às 16h
2026-07-21 15:41:10 [INFO]      [2mReal:[0m 104.0 kWh   [2mHabitual:[0m 46.0 ± 4.6 kWh   [2mz:[0m +10.00⁺   [2mdesvio:[0m +126%   [2m(2 obs. fim_semana)[0m
2026-07-21 15:41:10 [INFO] 
2026-07-21 15:41:10 [INFO]   🔴 [91m[1mPT0002000068859325FL[0m  [2m[Cluster 1][0m
2026-07-21 15:41:10 [INFO]      consumiu MAIS que o habitual às 22h
2026-07-21 15:41:10 [INFO]      [2mReal:[0m 376.0 kWh   [2mHabitual:[0m 132.0 ± 26.2 kWh   [2mz:[0m +9.30   [2mdesvio:[0m +185%   [2m(3 obs. fim_semana)[0m
2026-07-21 15:41:10 [INFO] 
2026-07-21 15:41:10 [INFO]   🔴 [91m[1mPT0002000119303492KB[0m  [2m[Cluster 0][0m
2026-07-21 15:41:10 [INFO]      consumiu MAIS que o habitual às 05h
2026-07-21 15:41:10 [INFO]      [2mReal:[0m 9.0 kWh   [2mHabitual:[0m 5.0 ± 0.5 kWh   [2mz:[0m +8.00   [2mdesvio:[0m +80%   [2m(2 obs. fim_semana)[0m
2026-07-21 15:41:10 [INFO] 
2026-07-21 15:41:10 [INFO]   🔴 [91m[1mPT0002000068856872QG[0m  [2m[Cluster 1][0m
2026-07-21 15:41:10 [INFO]      consumiu MAIS que o habitual às 11h
2026-07-21 15:41:10 [INFO]      [2mReal:[0m 2.0 kWh   [2mHabitual:[0m 0.0 ± 0.3 kWh   [2mz:[0m +6.67   [2mdesvio:[0m +200000%   [2m(2 obs. fim_semana)[0m
2026-07-21 15:41:10 [INFO] 
2026-07-21 15:41:10 [INFO]   🔴 [91m[1mPT0002000068856872QG[0m  [2m[Cluster 1][0m
2026-07-21 15:41:10 [INFO]      consumiu MAIS que o habitual às 18h
2026-07-21 15:41:10 [INFO]      [2mReal:[0m 2.0 kWh   [2mHabitual:[0m 0.0 ± 0.3 kWh   [2mz:[0m +6.67   [2mdesvio:[0m +200000%   [2m(2 obs. fim_semana)[0m
2026-07-21 15:41:10 [INFO] 
2026-07-21 15:41:10 [INFO]   🔵 [94m[1mPT0002000105483259QH[0m  [2m[Cluster 1][0m
2026-07-21 15:41:10 [INFO]      consumiu MENOS que o habitual às 18h
2026-07-21 15:41:10 [INFO]      [2mReal:[0m 0.0 kWh   [2mHabitual:[0m 2.0 ± 0.3 kWh   [2mz:[0m -6.67   [2mdesvio:[0m -100%   [2m(2 obs. fim_semana)[0m
2026-07-21 15:41:10 [INFO] 
2026-07-21 15:41:10 [INFO]   🔴 [91m[1mPT0002000119303492KB[0m  [2m[Cluster 0][0m
2026-07-21 15:41:10 [INFO]      consumiu MAIS que o habitual às 04h
2026-07-21 15:41:10 [INFO]      [2mReal:[0m 10.0 kWh   [2mHabitual:[0m 6.0 ± 0.6 kWh   [2mz:[0m +6.67   [2mdesvio:[0m +67%   [2m(2 obs. fim_semana)[0m
2026-07-21 15:41:10 [INFO] 
2026-07-21 15:41:10 [INFO]   🔵 [94m[1mPT0002000068859393XH[0m  [2m[Cluster 1][0m
2026-07-21 15:41:10 [INFO]      consumiu MENOS que o habitual às 16h
2026-07-21 15:41:10 [INFO]      [2mReal:[0m 49.0 kWh   [2mHabitual:[0m 135.5 ± 13.6 kWh   [2mz:[0m -6.38   [2mdesvio:[0m -64%   [2m(2 obs. fim_semana)[0m
2026-07-21 15:41:10 [INFO] 
2026-07-21 15:41:10 [INFO]   🔴 [91m[1mPT0002000081344542CP[0m  [2m[Cluster 1][0m
2026-07-21 15:41:10 [INFO]      consumiu MAIS que o habitual às 07h
2026-07-21 15:41:10 [INFO]      [2mReal:[0m 6.0 kWh   [2mHabitual:[0m 1.5 ± 0.7 kWh   [2mz:[0m +6.36   [2mdesvio:[0m +300%   [2m(2 obs. fim_semana)[0m
2026-07-21 15:41:10 [INFO] 
2026-07-21 15:41:10 [INFO]   🔵 [94m[1mPT0002000068859393XH[0m  [2m[Cluster 1][0m
2026-07-21 15:41:10 [INFO]      consumiu MENOS que o habitual às 14h
2026-07-21 15:41:10 [INFO]      [2mReal:[0m 55.0 kWh   [2mHabitual:[0m 149.5 ± 14.9 kWh   [2mz:[0m -6.32   [2mdesvio:[0m -63%   [2m(2 obs. fim_semana)[0m
2026-07-21 15:41:10 [INFO] 
2026-07-21 15:41:10 [INFO]   🔵 [94m[1mPT0002000068859393XH[0m  [2m[Cluster 1][0m
2026-07-21 15:41:10 [INFO]      consumiu MENOS que o habitual às 15h
2026-07-21 15:41:10 [INFO]      [2mReal:[0m 51.0 kWh   [2mHabitual:[0m 138.5 ± 13.8 kWh   [2mz:[0m -6.32   [2mdesvio:[0m -63%   [2m(2 obs. fim_semana)[0m
2026-07-21 15:41:10 [INFO] 
2026-07-21 15:41:10 [INFO]   🔵 [94m[1mPT0002000068859393XH[0m  [2m[Cluster 1][0m
2026-07-21 15:41:10 [INFO]      consumiu MENOS que o habitual às 18h
2026-07-21 15:41:10 [INFO]      [2mReal:[0m 53.0 kWh   [2mHabitual:[0m 144.0 ± 14.4 kWh   [2mz:[0m -6.32   [2mdesvio:[0m -63%   [2m(2 obs. fim_semana)[0m
2026-07-21 15:41:10 [INFO] 
2026-07-21 15:41:10 [INFO]   🔴 [91m[1mPT0002000073720434JD[0m  [2m[Cluster 1 (estimado)][0m
2026-07-21 15:41:10 [INFO]      consumiu MAIS que o habitual às 13h
2026-07-21 15:41:10 [INFO]      [2mReal:[0m 81.0 kWh   [2mHabitual:[0m 24.5 ± 9.2 kWh   [2mz:[0m +6.15   [2mdesvio:[0m +231%   [2m(2 obs. fim_semana)[0m
2026-07-21 15:41:10 [INFO] 
2026-07-21 15:41:10 [INFO]   🔵 [94m[1mPT0002000068859393XH[0m  [2m[Cluster 1][0m
2026-07-21 15:41:10 [INFO]      consumiu MENOS que o habitual às 13h
2026-07-21 15:41:10 [INFO]      [2mReal:[0m 61.0 kWh   [2mHabitual:[0m 154.0 ± 15.4 kWh   [2mz:[0m -6.04   [2mdesvio:[0m -60%   [2m(2 obs. fim_semana)[0m
2026-07-21 15:41:10 [INFO] 
2026-07-21 15:41:10 [INFO]   🔵 [94m[1mPT0002000068859393XH[0m  [2m[Cluster 1][0m
2026-07-21 15:41:10 [INFO]      consumiu MENOS que o habitual às 17h
2026-07-21 15:41:10 [INFO]      [2mReal:[0m 54.0 kWh   [2mHabitual:[0m 136.5 ± 13.7 kWh   [2mz:[0m -6.04   [2mdesvio:[0m -60%   [2m(2 obs. fim_semana)[0m
2026-07-21 15:41:10 [INFO] 
2026-07-21 15:41:10 [INFO]   🔵 [94m[1mPT0002000079469719HF[0m  [2m[Cluster 1 (estimado)][0m
2026-07-21 15:41:10 [INFO]      consumiu MENOS que o habitual às 14h
2026-07-21 15:41:10 [INFO]      [2mReal:[0m 20.0 kWh   [2mHabitual:[0m 50.5 ± 5.0 kWh   [2mz:[0m -6.04   [2mdesvio:[0m -60%   [2m(2 obs. fim_semana)[0m
2026-07-21 15:41:10 [INFO] 
2026-07-21 15:41:10 [INFO]   🔵 [94m[1mPT0002000201038711LS[0m  [2m[Cluster 1 (estimado)][0m
2026-07-21 15:41:10 [INFO]      consumiu MENOS que o habitual às 20h
2026-07-21 15:41:10 [INFO]      [2mReal:[0m 11.0 kWh   [2mHabitual:[0m 53.0 ± 7.1 kWh   [2mz:[0m -5.94   [2mdesvio:[0m -79%   [2m(2 obs. fim_semana)[0m
2026-07-21 15:41:10 [INFO] 
2026-07-21 15:41:10 [INFO]   🔵 [94m[1mPT0002000079469719HF[0m  [2m[Cluster 1 (estimado)][0m
2026-07-21 15:41:10 [INFO]      consumiu MENOS que o habitual às 13h
2026-07-21 15:41:10 [INFO]      [2mReal:[0m 29.0 kWh   [2mHabitual:[0m 65.0 ± 6.5 kWh   [2mz:[0m -5.54   [2mdesvio:[0m -55%   [2m(2 obs. fim_semana)[0m
2026-07-21 15:41:10 [INFO] 
2026-07-21 15:41:10 [INFO]   🔵 [94m[1mPT0002000068859393XH[0m  [2m[Cluster 1][0m
2026-07-21 15:41:10 [INFO]      consumiu MENOS que o habitual às 19h
2026-07-21 15:41:10 [INFO]      [2mReal:[0m 61.0 kWh   [2mHabitual:[0m 162.0 ± 18.4 kWh   [2mz:[0m -5.49   [2mdesvio:[0m -62%   [2m(2 obs. fim_semana)[0m
2026-07-21 15:41:10 [INFO] 
2026-07-21 15:41:10 [INFO]   🔴 [91m[1mPT0002000073720434JD[0m  [2m[Cluster 1 (estimado)][0m
2026-07-21 15:41:10 [INFO]      consumiu MAIS que o habitual às 10h
2026-07-21 15:41:10 [INFO]      [2mReal:[0m 88.0 kWh   [2mHabitual:[0m 27.5 ± 12.0 kWh   [2mz:[0m +5.03   [2mdesvio:[0m +220%   [2m(2 obs. fim_semana)[0m
2026-07-21 15:41:10 [INFO] 
2026-07-21 15:41:10 [INFO]   🔴 [91m[1mPT0002000068856974CZ[0m  [2m[Cluster 0 (estimado)][0m
2026-07-21 15:41:10 [INFO]      consumiu MAIS que o habitual às 01h
2026-07-21 15:41:10 [INFO]      [2mReal:[0m 15.0 kWh   [2mHabitual:[0m 10.0 ± 1.0 kWh   [2mz:[0m +5.00   [2mdesvio:[0m +50%   [2m(2 obs. fim_semana)[0m
2026-07-21 15:41:10 [INFO] 
2026-07-21 15:41:10 [INFO]   🔴 [91m[1mPT0002000110607652SB[0m  [2m[Cluster 0][0m
2026-07-21 15:41:10 [INFO]      consumiu MAIS que o habitual às 03h
2026-07-21 15:41:10 [INFO]      [2mReal:[0m 12.0 kWh   [2mHabitual:[0m 8.0 ± 0.8 kWh   [2mz:[0m +5.00   [2mdesvio:[0m +50%   [2m(2 obs. fim_semana)[0m
2026-07-21 15:41:10 [INFO] 
2026-07-21 15:41:10 [INFO]   🔴 [91m[1mPT0002000119303492KB[0m  [2m[Cluster 0][0m
2026-07-21 15:41:10 [INFO]      consumiu MAIS que o habitual às 01h
2026-07-21 15:41:10 [INFO]      [2mReal:[0m 9.0 kWh   [2mHabitual:[0m 6.0 ± 0.6 kWh   [2mz:[0m +5.00   [2mdesvio:[0m +50%   [2m(2 obs. fim_semana)[0m
2026-07-21 15:41:10 [INFO] 
2026-07-21 15:41:10 [INFO]   🔴 [91m[1mPT0002000119303492KB[0m  [2m[Cluster 0][0m
2026-07-21 15:41:10 [INFO]      consumiu MAIS que o habitual às 02h
2026-07-21 15:41:10 [INFO]      [2mReal:[0m 9.0 kWh   [2mHabitual:[0m 6.0 ± 0.6 kWh   [2mz:[0m +5.00   [2mdesvio:[0m +50%   [2m(2 obs. fim_semana)[0m
2026-07-21 15:41:10 [INFO] 
2026-07-21 15:41:10 [INFO]   🔴 [91m[1mPT0002000119303492KB[0m  [2m[Cluster 0][0m
2026-07-21 15:41:10 [INFO]      consumiu MAIS que o habitual às 03h
2026-07-21 15:41:10 [INFO]      [2mReal:[0m 9.0 kWh   [2mHabitual:[0m 6.0 ± 0.6 kWh   [2mz:[0m +5.00   [2mdesvio:[0m +50%   [2m(2 obs. fim_semana)[0m
2026-07-21 15:41:10 [INFO] 
2026-07-21 15:41:10 [INFO]   🔴 [91m[1mPT0002000203886452WB[0m  [2m[Cluster 1 (estimado)][0m
2026-07-21 15:41:10 [INFO]      consumiu MAIS que o habitual às 15h
2026-07-21 15:41:10 [INFO]      [2mReal:[0m 72.0 kWh   [2mHabitual:[0m 44.0 ± 5.7 kWh   [2mz:[0m +4.95   [2mdesvio:[0m +64%   [2m(2 obs. fim_semana)[0m
2026-07-21 15:41:10 [INFO] 
2026-07-21 15:41:10 [INFO]   🔴 [91m[1mPT0002000068856974CZ[0m  [2m[Cluster 0 (estimado)][0m
2026-07-21 15:41:10 [INFO]      consumiu MAIS que o habitual às 00h
2026-07-21 15:41:10 [INFO]      [2mReal:[0m 14.0 kWh   [2mHabitual:[0m 9.5 ± 0.9 kWh   [2mz:[0m +4.74   [2mdesvio:[0m +47%   [2m(2 obs. fim_semana)[0m
2026-07-21 15:41:10 [INFO] 
2026-07-21 15:41:10 [INFO]   🔴 [91m[1mPT0002000068856974CZ[0m  [2m[Cluster 0 (estimado)][0m
2026-07-21 15:41:10 [INFO]      consumiu MAIS que o habitual às 02h
2026-07-21 15:41:10 [INFO]      [2mReal:[0m 14.0 kWh   [2mHabitual:[0m 9.5 ± 0.9 kWh   [2mz:[0m +4.74   [2mdesvio:[0m +47%   [2m(2 obs. fim_semana)[0m
2026-07-21 15:41:10 [INFO] 
2026-07-21 15:41:10 [INFO]   🔴 [91m[1mPT0002000068856974CZ[0m  [2m[Cluster 0 (estimado)][0m
2026-07-21 15:41:10 [INFO]      consumiu MAIS que o habitual às 06h
2026-07-21 15:41:10 [INFO]      [2mReal:[0m 14.0 kWh   [2mHabitual:[0m 9.5 ± 0.9 kWh   [2mz:[0m +4.74   [2mdesvio:[0m +47%   [2m(2 obs. fim_semana)[0m
2026-07-21 15:41:10 [INFO] 
2026-07-21 15:41:10 [INFO]   🔴 [91m[1mPT0002000068859393XH[0m  [2m[Cluster 1][0m
2026-07-21 15:41:10 [INFO]      consumiu MAIS que o habitual às 07h
2026-07-21 15:41:10 [INFO]      [2mReal:[0m 88.0 kWh   [2mHabitual:[0m 26.5 ± 13.4 kWh   [2mz:[0m +4.58   [2mdesvio:[0m +232%   [2m(2 obs. fim_semana)[0m
2026-07-21 15:41:10 [INFO] 
2026-07-21 15:41:10 [INFO]   🔴 [91m[1mPT0002000068859325FL[0m  [2m[Cluster 1][0m
2026-07-21 15:41:10 [INFO]      consumiu MAIS que o habitual às 21h
2026-07-21 15:41:10 [INFO]      [2mReal:[0m 404.0 kWh   [2mHabitual:[0m 162.7 ± 58.3 kWh   [2mz:[0m +4.14   [2mdesvio:[0m +148%   [2m(3 obs. fim_semana)[0m
2026-07-21 15:41:10 [INFO] 
2026-07-21 15:41:10 [INFO]   🔵 [94m[1mPT0002000068857099AR[0m  [2m[Cluster 1][0m
2026-07-21 15:41:10 [INFO]      consumiu MENOS que o habitual às 17h
2026-07-21 15:41:10 [INFO]      [2mReal:[0m 3.0 kWh   [2mHabitual:[0m 5.0 ± 0.5 kWh   [2mz:[0m -4.00   [2mdesvio:[0m -40%   [2m(2 obs. fim_semana)[0m
2026-07-21 15:41:10 [INFO] 
2026-07-21 15:41:10 [INFO]   🔵 [94m[1mPT0002000068859597LS[0m  [2m[Cluster 0][0m
2026-07-21 15:41:10 [INFO]      consumiu MENOS que o habitual às 22h
2026-07-21 15:41:10 [INFO]      [2mReal:[0m 31.0 kWh   [2mHabitual:[0m 74.0 ± 10.8 kWh   [2mz:[0m -3.98   [2mdesvio:[0m -58%   [2m(3 obs. fim_semana)[0m
2026-07-21 15:41:10 [INFO] 
2026-07-21 15:41:10 [INFO]   🔵 [94m[1mPT0002000068859597LS[0m  [2m[Cluster 0][0m
2026-07-21 15:41:10 [INFO]      consumiu MENOS que o habitual às 23h
2026-07-21 15:41:10 [INFO]      [2mReal:[0m 31.0 kWh   [2mHabitual:[0m 74.0 ± 10.8 kWh   [2mz:[0m -3.98   [2mdesvio:[0m -58%   [2m(3 obs. fim_semana)[0m
2026-07-21 15:41:10 [INFO] 
2026-07-21 15:41:10 [INFO]   🔵 [94m[1mPT0002000079469719HF[0m  [2m[Cluster 1 (estimado)][0m
2026-07-21 15:41:10 [INFO]      consumiu MENOS que o habitual às 15h
2026-07-21 15:41:10 [INFO]      [2mReal:[0m 25.0 kWh   [2mHabitual:[0m 63.0 ± 9.9 kWh   [2mz:[0m -3.84   [2mdesvio:[0m -60%   [2m(2 obs. fim_semana)[0m
2026-07-21 15:41:10 [INFO] 
2026-07-21 15:41:10 [INFO]   🔴 [91m[1mPT0002000068859393XH[0m  [2m[Cluster 1][0m
2026-07-21 15:41:10 [INFO]      consumiu MAIS que o habitual às 08h
2026-07-21 15:41:10 [INFO]      [2mReal:[0m 112.0 kWh   [2mHabitual:[0m 81.0 ± 8.1 kWh   [2mz:[0m +3.83   [2mdesvio:[0m +38%   [2m(2 obs. fim_semana)[0m
2026-07-21 15:41:10 [INFO] 
2026-07-21 15:41:10 [INFO]   🔵 [94m[1mPT0002000079469719HF[0m  [2m[Cluster 1 (estimado)][0m
2026-07-21 15:41:10 [INFO]      consumiu MENOS que o habitual às 16h
2026-07-21 15:41:10 [INFO]      [2mReal:[0m 39.0 kWh   [2mHabitual:[0m 76.5 ± 10.6 kWh   [2mz:[0m -3.54   [2mdesvio:[0m -49%   [2m(2 obs. fim_semana)[0m
2026-07-21 15:41:10 [INFO] 
2026-07-21 15:41:10 [INFO]   🔴 [91m[1mPT0002000112989585PH[0m  [2m[Cluster 0][0m
2026-07-21 15:41:10 [INFO]      consumiu MAIS que o habitual às 09h
2026-07-21 15:41:10 [INFO]      [2mReal:[0m 16.0 kWh   [2mHabitual:[0m 3.5 ± 3.5 kWh   [2mz:[0m +3.54   [2mdesvio:[0m +357%   [2m(2 obs. fim_semana)[0m
2026-07-21 15:41:10 [INFO] 
2026-07-21 15:41:10 [INFO]   🔴 [91m[1mPT0002000203886452WB[0m  [2m[Cluster 1 (estimado)][0m
2026-07-21 15:41:10 [INFO]      consumiu MAIS que o habitual às 18h
2026-07-21 15:41:10 [INFO]      [2mReal:[0m 92.0 kWh   [2mHabitual:[0m 68.0 ± 6.8 kWh   [2mz:[0m +3.53   [2mdesvio:[0m +35%   [2m(2 obs. fim_semana)[0m
2026-07-21 15:41:10 [INFO] 
2026-07-21 15:41:10 [INFO]   [2mCSV:[0m C:\Users\anaca\OneDrive\Ambiente de Trabalho\Tese\ts-anomaly-detection-dissertation\results\energia\realtime\alerts\analise_energia_2026-07-19.csv
2026-07-21 15:41:10 [INFO] 
2026-07-21 15:41:10 [INFO] [96m→ A prever consumo de 2026-07-20 para 276 CPEs...[0m
2026-07-21 15:41:22 [INFO] [1m══════════════════════════════════════════════════════════════════════[0m
2026-07-21 15:41:22 [INFO] [1m  PREDIÇÃO — 2026-07-20 [0m[2m(dia util)[0m
2026-07-21 15:41:22 [INFO] [1m══════════════════════════════════════════════════════════════════════[0m
2026-07-21 15:41:22 [INFO]   [95m● CPEs previstos[0m          69 [2m(alta: 0, baixa: 1656)[0m
2026-07-21 15:41:22 [INFO]   [95m● Consumo total previsto[0m 100582.1 kWh [2m(±20546.7)[0m
2026-07-21 15:41:22 [INFO] 
2026-07-21 15:41:22 [INFO]   [2mPrevisão guardada:[0m C:\Users\anaca\OneDrive\Ambiente de Trabalho\Tese\ts-anomaly-detection-dissertation\results\energia\realtime\predictions\previsao_energia_2026-07-20.csv
2026-07-21 15:41:22 [INFO] 
2026-07-21 15:41:22 [INFO] [1m══════════════════════════════════════════════════════════════════════[0m
2026-07-21 15:41:22 [INFO] [1m  VALIDAÇÃO — qualidade das previsões anteriores[0m
2026-07-21 15:41:22 [INFO] [1m══════════════════════════════════════════════════════════════════════[0m
2026-07-21 15:41:23 [INFO]   [2mDias validados:[0m 5   [2mpendentes:[0m 34
2026-07-21 15:41:23 [INFO]   [2mÚltimo (2026-07-19):[0m MAE 8.70 kWh   RMSE 20.67   em ±1σ 79% [2m(esperado ~68%)[0m   em ±2σ 89% [2m(esperado ~95%)[0m
2026-07-21 15:41:23 [INFO]   [2mMédia acumulada:[0m MAE 19.59 kWh   RMSE 43.52   em ±1σ 67%   em ±2σ 80%
2026-07-21 15:41:23 [INFO]   [2mCSV:[0m C:\Users\anaca\OneDrive\Ambiente de Trabalho\Tese\ts-anomaly-detection-dissertation\results\energia\realtime\analysis\qualidade_previsoes_energia.csv
2026-07-21 15:41:23 [INFO] 
2026-07-21 15:41:23 [INFO] 
2026-07-21 15:41:23 [INFO] Concluido em 48.7s. Ficheiros gerados: 2
