2026-08-09 14:49:04 [INFO] [96m→ A pedir dados ao BaZe (276 CPEs)...[0m
2026-08-09 14:55:59 [INFO]   [2mClusters atribuidos carregados:[0m 22 novos
2026-08-09 14:55:59 [INFO] 
2026-08-09 14:55:59 [INFO] [1m══════════════════════════════════════════════════════════════════════[0m
2026-08-09 14:55:59 [INFO] [1m  DETEÇÃO DE ANOMALIAS — 2026-08-08[0m
2026-08-09 14:55:59 [INFO] [1m══════════════════════════════════════════════════════════════════════[0m
2026-08-09 14:55:59 [INFO]   [2mTipo de dia:[0m  fim semana
2026-08-09 14:55:59 [INFO]   [2mFonte:[0m        BAZE
2026-08-09 14:55:59 [INFO]   [2mCPEs c/ dados:[0m 69
2026-08-09 14:55:59 [INFO]   [2mThreshold:[0m    |z| > 3.5 [2m(adaptativo a este tipo de dia)[0m
2026-08-09 14:55:59 [INFO] 
2026-08-09 14:55:59 [INFO] [96m→ A analisar 69 CPEs / 1656 pontos horários (retrospetiva)...[0m
2026-08-09 14:56:01 [INFO] [1m─── Resumo ─────────────────────────────────────[0m
2026-08-09 14:56:01 [INFO]   [92m● Normal[0m                1439 [2m( 86.9%)[0m
2026-08-09 14:56:01 [INFO]   [91m● Desvio (alta confiança)[0m    0 [2m(  0.0%)[0m
2026-08-09 14:56:01 [INFO]   [93m● Desvio (baixa confiança)[0m 217 [2m( 13.1%)[0m
2026-08-09 14:56:01 [INFO]   [2mTempo: 416.6s[0m
2026-08-09 14:56:01 [INFO] 
2026-08-09 14:56:01 [INFO] [1m[93m─── Desvios de BAIXA confiança (217) ──────────────[0m
2026-08-09 14:56:01 [INFO]   [2m(poucos dados históricos — verificar manualmente)[0m
2026-08-09 14:56:01 [INFO] 
2026-08-09 14:56:01 [INFO]   🔴 [91m[1mPT0002000068856872QG[0m  [2m[Cluster 1][0m
2026-08-09 14:56:01 [INFO]      consumiu MAIS que o habitual às 21h
2026-08-09 14:56:01 [INFO]      [2mReal:[0m 3.0 kWh   [2mHabitual:[0m 0.0 ± 0.3 kWh   [2mz:[0m +10.00   [2mdesvio:[0m +300000%   [2m(3 obs. fim_semana)[0m
2026-08-09 14:56:01 [INFO] 
2026-08-09 14:56:01 [INFO]   🔴 [91m[1mPT0002000068857099AR[0m  [2m[Cluster 1][0m
2026-08-09 14:56:01 [INFO]      consumiu MAIS que o habitual às 08h
2026-08-09 14:56:01 [INFO]      [2mReal:[0m 12.0 kWh   [2mHabitual:[0m 4.0 ± 0.4 kWh   [2mz:[0m +10.00⁺   [2mdesvio:[0m +200%   [2m(2 obs. fim_semana)[0m
2026-08-09 14:56:01 [INFO] 
2026-08-09 14:56:01 [INFO]   🔴 [91m[1mPT0002000068857099AR[0m  [2m[Cluster 1][0m
2026-08-09 14:56:01 [INFO]      consumiu MAIS que o habitual às 11h
2026-08-09 14:56:01 [INFO]      [2mReal:[0m 12.0 kWh   [2mHabitual:[0m 4.0 ± 0.4 kWh   [2mz:[0m +10.00⁺   [2mdesvio:[0m +200%   [2m(2 obs. fim_semana)[0m
2026-08-09 14:56:01 [INFO] 
2026-08-09 14:56:01 [INFO]   🔴 [91m[1mPT0002000068857099AR[0m  [2m[Cluster 1][0m
2026-08-09 14:56:01 [INFO]      consumiu MAIS que o habitual às 12h
2026-08-09 14:56:01 [INFO]      [2mReal:[0m 9.0 kWh   [2mHabitual:[0m 4.0 ± 0.4 kWh   [2mz:[0m +10.00⁺   [2mdesvio:[0m +125%   [2m(2 obs. fim_semana)[0m
2026-08-09 14:56:01 [INFO] 
2026-08-09 14:56:01 [INFO]   🔴 [91m[1mPT0002000068857099AR[0m  [2m[Cluster 1][0m
2026-08-09 14:56:01 [INFO]      consumiu MAIS que o habitual às 13h
2026-08-09 14:56:01 [INFO]      [2mReal:[0m 8.0 kWh   [2mHabitual:[0m 4.0 ± 0.4 kWh   [2mz:[0m +10.00   [2mdesvio:[0m +100%   [2m(2 obs. fim_semana)[0m
2026-08-09 14:56:01 [INFO] 
2026-08-09 14:56:01 [INFO]   🔴 [91m[1mPT0002000068858674WN[0m  [2m[Cluster 1 (atribuido)][0m
2026-08-09 14:56:01 [INFO]      consumiu MAIS que o habitual às 02h
2026-08-09 14:56:01 [INFO]      [2mReal:[0m 8.0 kWh   [2mHabitual:[0m 4.0 ± 0.4 kWh   [2mz:[0m +10.00   [2mdesvio:[0m +100%   [2m(2 obs. fim_semana)[0m
2026-08-09 14:56:01 [INFO] 
2026-08-09 14:56:01 [INFO]   🔴 [91m[1mPT0002000073720434JD[0m  [2m[Cluster 1 (atribuido)][0m
2026-08-09 14:56:01 [INFO]      consumiu MAIS que o habitual às 01h
2026-08-09 14:56:01 [INFO]      [2mReal:[0m 48.0 kWh   [2mHabitual:[0m 23.5 ± 2.4 kWh   [2mz:[0m +10.00⁺   [2mdesvio:[0m +104%   [2m(2 obs. fim_semana)[0m
2026-08-09 14:56:01 [INFO] 
2026-08-09 14:56:01 [INFO]   🔴 [91m[1mPT0002000077348081AG[0m  [2m[Cluster 0 (atribuido)][0m
2026-08-09 14:56:01 [INFO]      consumiu MAIS que o habitual às 23h
2026-08-09 14:56:01 [INFO]      [2mReal:[0m 59.0 kWh   [2mHabitual:[0m 25.0 ± 2.5 kWh   [2mz:[0m +10.00⁺   [2mdesvio:[0m +136%   [2m(3 obs. fim_semana)[0m
2026-08-09 14:56:01 [INFO] 
2026-08-09 14:56:01 [INFO]   🔴 [91m[1mPT0002000081344542CP[0m  [2m[Cluster 1][0m
2026-08-09 14:56:01 [INFO]      consumiu MAIS que o habitual às 00h
2026-08-09 14:56:01 [INFO]      [2mReal:[0m 11.0 kWh   [2mHabitual:[0m 2.0 ± 0.3 kWh   [2mz:[0m +10.00⁺   [2mdesvio:[0m +450%   [2m(2 obs. fim_semana)[0m
2026-08-09 14:56:01 [INFO] 
2026-08-09 14:56:01 [INFO]   🔴 [91m[1mPT0002000081344542CP[0m  [2m[Cluster 1][0m
2026-08-09 14:56:01 [INFO]      consumiu MAIS que o habitual às 03h
2026-08-09 14:56:01 [INFO]      [2mReal:[0m 6.0 kWh   [2mHabitual:[0m 2.0 ± 0.3 kWh   [2mz:[0m +10.00⁺   [2mdesvio:[0m +200%   [2m(2 obs. fim_semana)[0m
2026-08-09 14:56:01 [INFO] 
2026-08-09 14:56:01 [INFO]   🔴 [91m[1mPT0002000125701614SQ[0m  [2m[Cluster 1 (atribuido)][0m
2026-08-09 14:56:01 [INFO]      consumiu MAIS que o habitual às 09h
2026-08-09 14:56:01 [INFO]      [2mReal:[0m 52.0 kWh   [2mHabitual:[0m 15.0 ± 1.5 kWh   [2mz:[0m +10.00⁺   [2mdesvio:[0m +247%   [2m(2 obs. fim_semana)[0m
2026-08-09 14:56:01 [INFO] 
2026-08-09 14:56:01 [INFO]   🔵 [94m[1mPT0002000201038711LS[0m  [2m[Cluster 1 (atribuido)][0m
2026-08-09 14:56:01 [INFO]      consumiu MENOS que o habitual às 17h
2026-08-09 14:56:01 [INFO]      [2mReal:[0m 0.0 kWh   [2mHabitual:[0m 68.5 ± 6.8 kWh   [2mz:[0m -10.00   [2mdesvio:[0m -100%   [2m(2 obs. fim_semana)[0m
2026-08-09 14:56:01 [INFO] 
2026-08-09 14:56:01 [INFO]   🔴 [91m[1mPT0002000203419117SJ[0m  [2m[Cluster 2 (atribuido)][0m
2026-08-09 14:56:01 [INFO]      consumiu MAIS que o habitual às 07h
2026-08-09 14:56:01 [INFO]      [2mReal:[0m 4.0 kWh   [2mHabitual:[0m 0.0 ± 0.3 kWh   [2mz:[0m +10.00⁺   [2mdesvio:[0m +400000%   [2m(2 obs. fim_semana)[0m
2026-08-09 14:56:01 [INFO] 
2026-08-09 14:56:01 [INFO]   🔵 [94m[1mPT0002000201038711LS[0m  [2m[Cluster 1 (atribuido)][0m
2026-08-09 14:56:01 [INFO]      consumiu MENOS que o habitual às 23h
2026-08-09 14:56:01 [INFO]      [2mReal:[0m 0.0 kWh   [2mHabitual:[0m 43.3 ± 4.6 kWh   [2mz:[0m -9.38   [2mdesvio:[0m -100%   [2m(3 obs. fim_semana)[0m
2026-08-09 14:56:01 [INFO] 
2026-08-09 14:56:01 [INFO]   🔵 [94m[1mPT0002000201038711LS[0m  [2m[Cluster 1 (atribuido)][0m
2026-08-09 14:56:01 [INFO]      consumiu MENOS que o habitual às 15h
2026-08-09 14:56:01 [INFO]      [2mReal:[0m 0.0 kWh   [2mHabitual:[0m 32.5 ± 3.5 kWh   [2mz:[0m -9.19   [2mdesvio:[0m -100%   [2m(2 obs. fim_semana)[0m
2026-08-09 14:56:01 [INFO] 
2026-08-09 14:56:01 [INFO]   🔵 [94m[1mPT0002000081344542CP[0m  [2m[Cluster 1][0m
2026-08-09 14:56:01 [INFO]      consumiu MENOS que o habitual às 09h
2026-08-09 14:56:01 [INFO]      [2mReal:[0m 1.0 kWh   [2mHabitual:[0m 9.5 ± 0.9 kWh   [2mz:[0m -8.95   [2mdesvio:[0m -89%   [2m(2 obs. fim_semana)[0m
2026-08-09 14:56:01 [INFO] 
2026-08-09 14:56:01 [INFO]   🔵 [94m[1mPT0002000068856655YV[0m  [2m[Cluster 0][0m
2026-08-09 14:56:01 [INFO]      consumiu MENOS que o habitual às 14h
2026-08-09 14:56:01 [INFO]      [2mReal:[0m 1.0 kWh   [2mHabitual:[0m 8.5 ± 0.8 kWh   [2mz:[0m -8.82   [2mdesvio:[0m -88%   [2m(2 obs. fim_semana)[0m
2026-08-09 14:56:01 [INFO] 
2026-08-09 14:56:01 [INFO]   🔵 [94m[1mPT0002000068857909SY[0m  [2m[Cluster 1][0m
2026-08-09 14:56:01 [INFO]      consumiu MENOS que o habitual às 12h
2026-08-09 14:56:01 [INFO]      [2mReal:[0m 1.0 kWh   [2mHabitual:[0m 8.0 ± 0.8 kWh   [2mz:[0m -8.75   [2mdesvio:[0m -88%   [2m(2 obs. fim_semana)[0m
2026-08-09 14:56:01 [INFO] 
2026-08-09 14:56:01 [INFO]   🔵 [94m[1mPT0002000073481266XH[0m  [2m[Cluster 0][0m
2026-08-09 14:56:01 [INFO]      consumiu MENOS que o habitual às 11h
2026-08-09 14:56:01 [INFO]      [2mReal:[0m 5.0 kWh   [2mHabitual:[0m 38.0 ± 3.8 kWh   [2mz:[0m -8.68   [2mdesvio:[0m -87%   [2m(2 obs. fim_semana)[0m
2026-08-09 14:56:01 [INFO] 
2026-08-09 14:56:01 [INFO]   🔵 [94m[1mPT0002000068857909SY[0m  [2m[Cluster 1][0m
2026-08-09 14:56:01 [INFO]      consumiu MENOS que o habitual às 10h
2026-08-09 14:56:01 [INFO]      [2mReal:[0m 1.0 kWh   [2mHabitual:[0m 7.5 ± 0.8 kWh   [2mz:[0m -8.67   [2mdesvio:[0m -87%   [2m(2 obs. fim_semana)[0m
2026-08-09 14:56:01 [INFO] 
2026-08-09 14:56:01 [INFO]   🔵 [94m[1mPT0002000068857909SY[0m  [2m[Cluster 1][0m
2026-08-09 14:56:01 [INFO]      consumiu MENOS que o habitual às 11h
2026-08-09 14:56:01 [INFO]      [2mReal:[0m 1.0 kWh   [2mHabitual:[0m 7.5 ± 0.8 kWh   [2mz:[0m -8.67   [2mdesvio:[0m -87%   [2m(2 obs. fim_semana)[0m
2026-08-09 14:56:01 [INFO] 
2026-08-09 14:56:01 [INFO]   🔵 [94m[1mPT0002000068857909SY[0m  [2m[Cluster 1][0m
2026-08-09 14:56:01 [INFO]      consumiu MENOS que o habitual às 13h
2026-08-09 14:56:01 [INFO]      [2mReal:[0m 1.0 kWh   [2mHabitual:[0m 7.5 ± 0.8 kWh   [2mz:[0m -8.67   [2mdesvio:[0m -87%   [2m(2 obs. fim_semana)[0m
2026-08-09 14:56:01 [INFO] 
2026-08-09 14:56:01 [INFO]   🔵 [94m[1mPT0002000068857909SY[0m  [2m[Cluster 1][0m
2026-08-09 14:56:01 [INFO]      consumiu MENOS que o habitual às 15h
2026-08-09 14:56:01 [INFO]      [2mReal:[0m 1.0 kWh   [2mHabitual:[0m 7.0 ± 0.7 kWh   [2mz:[0m -8.57   [2mdesvio:[0m -86%   [2m(2 obs. fim_semana)[0m
2026-08-09 14:56:01 [INFO] 
2026-08-09 14:56:01 [INFO]   🔵 [94m[1mPT0002000073481266XH[0m  [2m[Cluster 0][0m
2026-08-09 14:56:01 [INFO]      consumiu MENOS que o habitual às 10h
2026-08-09 14:56:01 [INFO]      [2mReal:[0m 5.0 kWh   [2mHabitual:[0m 34.5 ± 3.5 kWh   [2mz:[0m -8.55   [2mdesvio:[0m -86%   [2m(2 obs. fim_semana)[0m
2026-08-09 14:56:01 [INFO] 
2026-08-09 14:56:01 [INFO]   🔵 [94m[1mPT0002000073481266XH[0m  [2m[Cluster 0][0m
2026-08-09 14:56:01 [INFO]      consumiu MENOS que o habitual às 08h
2026-08-09 14:56:01 [INFO]      [2mReal:[0m 6.0 kWh   [2mHabitual:[0m 40.0 ± 4.0 kWh   [2mz:[0m -8.50   [2mdesvio:[0m -85%   [2m(2 obs. fim_semana)[0m
2026-08-09 14:56:01 [INFO] 
2026-08-09 14:56:01 [INFO]   🔵 [94m[1mPT0002000101964938LF[0m  [2m[Cluster 0][0m
2026-08-09 14:56:01 [INFO]      consumiu MENOS que o habitual às 16h
2026-08-09 14:56:01 [INFO]      [2mReal:[0m 9.0 kWh   [2mHabitual:[0m 60.0 ± 6.0 kWh   [2mz:[0m -8.50   [2mdesvio:[0m -85%   [2m(2 obs. fim_semana)[0m
2026-08-09 14:56:01 [INFO] 
2026-08-09 14:56:01 [INFO]   🔴 [91m[1mPT0002000068857099AR[0m  [2m[Cluster 1][0m
2026-08-09 14:56:01 [INFO]      consumiu MAIS que o habitual às 17h
2026-08-09 14:56:01 [INFO]      [2mReal:[0m 18.0 kWh   [2mHabitual:[0m 6.0 ± 1.4 kWh   [2mz:[0m +8.49   [2mdesvio:[0m +200%   [2m(2 obs. fim_semana)[0m
2026-08-09 14:56:01 [INFO] 
2026-08-09 14:56:01 [INFO]   🔵 [94m[1mPT0002000101964938LF[0m  [2m[Cluster 0][0m
2026-08-09 14:56:01 [INFO]      consumiu MENOS que o habitual às 13h
2026-08-09 14:56:01 [INFO]      [2mReal:[0m 9.0 kWh   [2mHabitual:[0m 58.5 ± 5.8 kWh   [2mz:[0m -8.46   [2mdesvio:[0m -85%   [2m(2 obs. fim_semana)[0m
2026-08-09 14:56:01 [INFO] 
2026-08-09 14:56:01 [INFO]   🔵 [94m[1mPT0002000101964938LF[0m  [2m[Cluster 0][0m
2026-08-09 14:56:01 [INFO]      consumiu MENOS que o habitual às 09h
2026-08-09 14:56:01 [INFO]      [2mReal:[0m 9.0 kWh   [2mHabitual:[0m 51.5 ± 5.2 kWh   [2mz:[0m -8.25   [2mdesvio:[0m -83%   [2m(2 obs. fim_semana)[0m
2026-08-09 14:56:01 [INFO] 
2026-08-09 14:56:01 [INFO]   🔵 [94m[1mPT0002000101964938LF[0m  [2m[Cluster 0][0m
2026-08-09 14:56:01 [INFO]      consumiu MENOS que o habitual às 18h
2026-08-09 14:56:01 [INFO]      [2mReal:[0m 9.0 kWh   [2mHabitual:[0m 49.5 ± 5.0 kWh   [2mz:[0m -8.18   [2mdesvio:[0m -82%   [2m(2 obs. fim_semana)[0m
2026-08-09 14:56:01 [INFO] 
2026-08-09 14:56:01 [INFO]   🔵 [94m[1mPT0002000101964938LF[0m  [2m[Cluster 0][0m
2026-08-09 14:56:01 [INFO]      consumiu MENOS que o habitual às 12h
2026-08-09 14:56:01 [INFO]      [2mReal:[0m 10.0 kWh   [2mHabitual:[0m 54.0 ± 5.4 kWh   [2mz:[0m -8.15   [2mdesvio:[0m -81%   [2m(2 obs. fim_semana)[0m
2026-08-09 14:56:01 [INFO] 
2026-08-09 14:56:01 [INFO]   🔵 [94m[1mPT0002000073481266XH[0m  [2m[Cluster 0][0m
2026-08-09 14:56:01 [INFO]      consumiu MENOS que o habitual às 13h
2026-08-09 14:56:01 [INFO]      [2mReal:[0m 6.0 kWh   [2mHabitual:[0m 32.0 ± 3.2 kWh   [2mz:[0m -8.12   [2mdesvio:[0m -81%   [2m(2 obs. fim_semana)[0m
2026-08-09 14:56:01 [INFO] 
2026-08-09 14:56:01 [INFO]   🔵 [94m[1mPT0002000101964938LF[0m  [2m[Cluster 0][0m
2026-08-09 14:56:01 [INFO]      consumiu MENOS que o habitual às 08h
2026-08-09 14:56:01 [INFO]      [2mReal:[0m 9.0 kWh   [2mHabitual:[0m 48.0 ± 4.8 kWh   [2mz:[0m -8.12   [2mdesvio:[0m -81%   [2m(2 obs. fim_semana)[0m
2026-08-09 14:56:01 [INFO] 
2026-08-09 14:56:01 [INFO]   🔵 [94m[1mPT0002000101964938LF[0m  [2m[Cluster 0][0m
2026-08-09 14:56:01 [INFO]      consumiu MENOS que o habitual às 10h
2026-08-09 14:56:01 [INFO]      [2mReal:[0m 10.0 kWh   [2mHabitual:[0m 52.5 ± 5.2 kWh   [2mz:[0m -8.10   [2mdesvio:[0m -81%   [2m(2 obs. fim_semana)[0m
2026-08-09 14:56:01 [INFO] 
2026-08-09 14:56:01 [INFO]   🔵 [94m[1mPT0002000068859187RL[0m  [2m[Cluster 0][0m
2026-08-09 14:56:01 [INFO]      consumiu MENOS que o habitual às 08h
2026-08-09 14:56:01 [INFO]      [2mReal:[0m 10.0 kWh   [2mHabitual:[0m 51.5 ± 5.2 kWh   [2mz:[0m -8.06   [2mdesvio:[0m -81%   [2m(2 obs. fim_semana)[0m
2026-08-09 14:56:01 [INFO] 
2026-08-09 14:56:01 [INFO]   🔴 [91m[1mPT0002000068857099AR[0m  [2m[Cluster 1][0m
2026-08-09 14:56:01 [INFO]      consumiu MAIS que o habitual às 15h
2026-08-09 14:56:01 [INFO]      [2mReal:[0m 9.0 kWh   [2mHabitual:[0m 5.0 ± 0.5 kWh   [2mz:[0m +8.00   [2mdesvio:[0m +80%   [2m(2 obs. fim_semana)[0m
2026-08-09 14:56:01 [INFO] 
2026-08-09 14:56:01 [INFO]   🔵 [94m[1mPT0002000101964938LF[0m  [2m[Cluster 0][0m
2026-08-09 14:56:01 [INFO]      consumiu MENOS que o habitual às 11h
2026-08-09 14:56:01 [INFO]      [2mReal:[0m 9.0 kWh   [2mHabitual:[0m 54.0 ± 5.7 kWh   [2mz:[0m -7.95   [2mdesvio:[0m -83%   [2m(2 obs. fim_semana)[0m
2026-08-09 14:56:01 [INFO] 
2026-08-09 14:56:01 [INFO]   🔵 [94m[1mPT0002000068856655YV[0m  [2m[Cluster 0][0m
2026-08-09 14:56:01 [INFO]      consumiu MENOS que o habitual às 09h
2026-08-09 14:56:01 [INFO]      [2mReal:[0m 2.0 kWh   [2mHabitual:[0m 9.5 ± 0.9 kWh   [2mz:[0m -7.89   [2mdesvio:[0m -79%   [2m(2 obs. fim_semana)[0m
2026-08-09 14:56:01 [INFO] 
2026-08-09 14:56:01 [INFO]   🔵 [94m[1mPT0002000068856655YV[0m  [2m[Cluster 0][0m
2026-08-09 14:56:01 [INFO]      consumiu MENOS que o habitual às 13h
2026-08-09 14:56:01 [INFO]      [2mReal:[0m 2.0 kWh   [2mHabitual:[0m 9.0 ± 0.9 kWh   [2mz:[0m -7.78   [2mdesvio:[0m -78%   [2m(2 obs. fim_semana)[0m
2026-08-09 14:56:01 [INFO] 
2026-08-09 14:56:01 [INFO]   🔵 [94m[1mPT0002000078140706BA[0m  [2m[Cluster 1 (atribuido)][0m
2026-08-09 14:56:01 [INFO]      consumiu MENOS que o habitual às 11h
2026-08-09 14:56:01 [INFO]      [2mReal:[0m 0.0 kWh   [2mHabitual:[0m 5.5 ± 0.7 kWh   [2mz:[0m -7.78   [2mdesvio:[0m -100%   [2m(2 obs. fim_semana)[0m
2026-08-09 14:56:01 [INFO] 
2026-08-09 14:56:01 [INFO]   🔵 [94m[1mPT0002000110607652SB[0m  [2m[Cluster 0][0m
2026-08-09 14:56:01 [INFO]      consumiu MENOS que o habitual às 08h
2026-08-09 14:56:01 [INFO]      [2mReal:[0m 16.0 kWh   [2mHabitual:[0m 70.0 ± 7.0 kWh   [2mz:[0m -7.71   [2mdesvio:[0m -77%   [2m(2 obs. fim_semana)[0m
2026-08-09 14:56:01 [INFO] 
2026-08-09 14:56:01 [INFO]   🔵 [94m[1mPT0002000068856974CZ[0m  [2m[Cluster 0 (atribuido)][0m
2026-08-09 14:56:01 [INFO]      consumiu MENOS que o habitual às 14h
2026-08-09 14:56:01 [INFO]      [2mReal:[0m 13.0 kWh   [2mHabitual:[0m 56.0 ± 5.6 kWh   [2mz:[0m -7.68   [2mdesvio:[0m -77%   [2m(2 obs. fim_semana)[0m
2026-08-09 14:56:01 [INFO] 
2026-08-09 14:56:01 [INFO]   🔵 [94m[1mPT0002000068856655YV[0m  [2m[Cluster 0][0m
2026-08-09 14:56:01 [INFO]      consumiu MENOS que o habitual às 12h
2026-08-09 14:56:01 [INFO]      [2mReal:[0m 2.0 kWh   [2mHabitual:[0m 8.5 ± 0.8 kWh   [2mz:[0m -7.65   [2mdesvio:[0m -76%   [2m(2 obs. fim_semana)[0m
2026-08-09 14:56:01 [INFO] 
2026-08-09 14:56:01 [INFO]   🔵 [94m[1mPT0002000068856655YV[0m  [2m[Cluster 0][0m
2026-08-09 14:56:01 [INFO]      consumiu MENOS que o habitual às 15h
2026-08-09 14:56:01 [INFO]      [2mReal:[0m 2.0 kWh   [2mHabitual:[0m 8.5 ± 0.8 kWh   [2mz:[0m -7.65   [2mdesvio:[0m -76%   [2m(2 obs. fim_semana)[0m
2026-08-09 14:56:01 [INFO] 
2026-08-09 14:56:01 [INFO]   🔵 [94m[1mPT0002000101964938LF[0m  [2m[Cluster 0][0m
2026-08-09 14:56:01 [INFO]      consumiu MENOS que o habitual às 14h
2026-08-09 14:56:01 [INFO]      [2mReal:[0m 9.0 kWh   [2mHabitual:[0m 63.0 ± 7.1 kWh   [2mz:[0m -7.64   [2mdesvio:[0m -86%   [2m(2 obs. fim_semana)[0m
2026-08-09 14:56:01 [INFO] 
2026-08-09 14:56:01 [INFO]   🔵 [94m[1mPT0002000110607652SB[0m  [2m[Cluster 0][0m
2026-08-09 14:56:01 [INFO]      consumiu MENOS que o habitual às 14h
2026-08-09 14:56:01 [INFO]      [2mReal:[0m 20.0 kWh   [2mHabitual:[0m 84.0 ± 8.4 kWh   [2mz:[0m -7.62   [2mdesvio:[0m -76%   [2m(2 obs. fim_semana)[0m
2026-08-09 14:56:01 [INFO] 
2026-08-09 14:56:01 [INFO]   🔵 [94m[1mPT0002000068855003AK[0m  [2m[Cluster 0 (atribuido)][0m
2026-08-09 14:56:01 [INFO]      consumiu MENOS que o habitual às 14h
2026-08-09 14:56:01 [INFO]      [2mReal:[0m 13.0 kWh   [2mHabitual:[0m 54.0 ± 5.4 kWh   [2mz:[0m -7.59   [2mdesvio:[0m -76%   [2m(2 obs. fim_semana)[0m
2026-08-09 14:56:01 [INFO] 
2026-08-09 14:56:01 [INFO]   🔵 [94m[1mPT0002000120237616VJ[0m  [2m[Cluster 0][0m
2026-08-09 14:56:01 [INFO]      consumiu MENOS que o habitual às 12h
2026-08-09 14:56:01 [INFO]      [2mReal:[0m 11.0 kWh   [2mHabitual:[0m 48.5 ± 5.0 kWh   [2mz:[0m -7.58   [2mdesvio:[0m -77%   [2m(2 obs. fim_semana)[0m
2026-08-09 14:56:01 [INFO] 
2026-08-09 14:56:01 [INFO]   🔵 [94m[1mPT0002000110607652SB[0m  [2m[Cluster 0][0m
2026-08-09 14:56:01 [INFO]      consumiu MENOS que o habitual às 13h
2026-08-09 14:56:01 [INFO]      [2mReal:[0m 20.0 kWh   [2mHabitual:[0m 82.0 ± 8.2 kWh   [2mz:[0m -7.56   [2mdesvio:[0m -76%   [2m(2 obs. fim_semana)[0m
2026-08-09 14:56:01 [INFO] 
2026-08-09 14:56:01 [INFO]   🔵 [94m[1mPT0002000110607652SB[0m  [2m[Cluster 0][0m
2026-08-09 14:56:01 [INFO]      consumiu MENOS que o habitual às 15h
2026-08-09 14:56:01 [INFO]      [2mReal:[0m 20.0 kWh   [2mHabitual:[0m 82.0 ± 8.2 kWh   [2mz:[0m -7.56   [2mdesvio:[0m -76%   [2m(2 obs. fim_semana)[0m
2026-08-09 14:56:01 [INFO] 
2026-08-09 14:56:01 [INFO]   🔵 [94m[1mPT0002000068855003AK[0m  [2m[Cluster 0 (atribuido)][0m
2026-08-09 14:56:01 [INFO]      consumiu MENOS que o habitual às 13h
2026-08-09 14:56:01 [INFO]      [2mReal:[0m 13.0 kWh   [2mHabitual:[0m 53.0 ± 5.3 kWh   [2mz:[0m -7.55   [2mdesvio:[0m -75%   [2m(2 obs. fim_semana)[0m
2026-08-09 14:56:01 [INFO] 
2026-08-09 14:56:01 [INFO]   🔵 [94m[1mPT0002000068857909SY[0m  [2m[Cluster 1][0m
2026-08-09 14:56:01 [INFO]      consumiu MENOS que o habitual às 08h
2026-08-09 14:56:01 [INFO]      [2mReal:[0m 1.0 kWh   [2mHabitual:[0m 4.0 ± 0.4 kWh   [2mz:[0m -7.50   [2mdesvio:[0m -75%   [2m(2 obs. fim_semana)[0m
2026-08-09 14:56:01 [INFO] 
2026-08-09 14:56:01 [INFO]   🔵 [94m[1mPT0002000125379984SH[0m  [2m[Cluster 1][0m
2026-08-09 14:56:01 [INFO]      consumiu MENOS que o habitual às 14h
2026-08-09 14:56:01 [INFO]      [2mReal:[0m 3.0 kWh   [2mHabitual:[0m 12.0 ± 1.2 kWh   [2mz:[0m -7.50   [2mdesvio:[0m -75%   [2m(2 obs. fim_semana)[0m
2026-08-09 14:56:01 [INFO] 
2026-08-09 14:56:01 [INFO]   🔵 [94m[1mPT0002000068855003AK[0m  [2m[Cluster 0 (atribuido)][0m
2026-08-09 14:56:01 [INFO]      consumiu MENOS que o habitual às 12h
2026-08-09 14:56:01 [INFO]      [2mReal:[0m 12.0 kWh   [2mHabitual:[0m 45.5 ± 4.5 kWh   [2mz:[0m -7.36   [2mdesvio:[0m -74%   [2m(2 obs. fim_semana)[0m
2026-08-09 14:56:01 [INFO] 
2026-08-09 14:56:01 [INFO]   🔵 [94m[1mPT0002000078233981HJ[0m  [2m[Cluster 1][0m
2026-08-09 14:56:01 [INFO]      consumiu MENOS que o habitual às 20h
2026-08-09 14:56:01 [INFO]      [2mReal:[0m 2.0 kWh   [2mHabitual:[0m 7.5 ± 0.8 kWh   [2mz:[0m -7.33   [2mdesvio:[0m -73%   [2m(2 obs. fim_semana)[0m
2026-08-09 14:56:01 [INFO] 
2026-08-09 14:56:01 [INFO]   🔵 [94m[1mPT0002000068857909SY[0m  [2m[Cluster 1][0m
2026-08-09 14:56:01 [INFO]      consumiu MENOS que o habitual às 14h
2026-08-09 14:56:01 [INFO]      [2mReal:[0m 2.0 kWh   [2mHabitual:[0m 7.0 ± 0.7 kWh   [2mz:[0m -7.14   [2mdesvio:[0m -71%   [2m(2 obs. fim_semana)[0m
2026-08-09 14:56:01 [INFO] 
2026-08-09 14:56:01 [INFO]   🔵 [94m[1mPT0002000073481266XH[0m  [2m[Cluster 0][0m
2026-08-09 14:56:01 [INFO]      consumiu MENOS que o habitual às 17h
2026-08-09 14:56:01 [INFO]      [2mReal:[0m 6.0 kWh   [2mHabitual:[0m 21.0 ± 2.1 kWh   [2mz:[0m -7.14   [2mdesvio:[0m -71%   [2m(2 obs. fim_semana)[0m
2026-08-09 14:56:01 [INFO] 
2026-08-09 14:56:01 [INFO]   🔵 [94m[1mPT0002000110607652SB[0m  [2m[Cluster 0][0m
2026-08-09 14:56:01 [INFO]      consumiu MENOS que o habitual às 12h
2026-08-09 14:56:01 [INFO]      [2mReal:[0m 20.0 kWh   [2mHabitual:[0m 70.0 ± 7.0 kWh   [2mz:[0m -7.14   [2mdesvio:[0m -71%   [2m(2 obs. fim_semana)[0m
2026-08-09 14:56:01 [INFO] 
2026-08-09 14:56:01 [INFO]   🔵 [94m[1mPT0002000068856974CZ[0m  [2m[Cluster 0 (atribuido)][0m
2026-08-09 14:56:01 [INFO]      consumiu MENOS que o habitual às 16h
2026-08-09 14:56:01 [INFO]      [2mReal:[0m 11.0 kWh   [2mHabitual:[0m 51.0 ± 5.7 kWh   [2mz:[0m -7.07   [2mdesvio:[0m -78%   [2m(2 obs. fim_semana)[0m
2026-08-09 14:56:01 [INFO] 
2026-08-09 14:56:01 [INFO]   🔵 [94m[1mPT0002000073481266XH[0m  [2m[Cluster 0][0m
2026-08-09 14:56:01 [INFO]      consumiu MENOS que o habitual às 15h
2026-08-09 14:56:01 [INFO]      [2mReal:[0m 5.0 kWh   [2mHabitual:[0m 35.0 ± 4.2 kWh   [2mz:[0m -7.07   [2mdesvio:[0m -86%   [2m(2 obs. fim_semana)[0m
2026-08-09 14:56:01 [INFO] 
2026-08-09 14:56:01 [INFO]   🔵 [94m[1mPT0002000120237616VJ[0m  [2m[Cluster 0][0m
2026-08-09 14:56:01 [INFO]      consumiu MENOS que o habitual às 08h
2026-08-09 14:56:01 [INFO]      [2mReal:[0m 10.0 kWh   [2mHabitual:[0m 34.0 ± 3.4 kWh   [2mz:[0m -7.06   [2mdesvio:[0m -71%   [2m(2 obs. fim_semana)[0m
2026-08-09 14:56:01 [INFO] 
2026-08-09 14:56:01 [INFO]   🔵 [94m[1mPT0002000120237616VJ[0m  [2m[Cluster 0][0m
2026-08-09 14:56:01 [INFO]      consumiu MENOS que o habitual às 10h
2026-08-09 14:56:01 [INFO]      [2mReal:[0m 11.0 kWh   [2mHabitual:[0m 37.0 ± 3.7 kWh   [2mz:[0m -7.03   [2mdesvio:[0m -70%   [2m(2 obs. fim_semana)[0m
2026-08-09 14:56:01 [INFO] 
2026-08-09 14:56:01 [INFO]   🔴 [91m[1mPT0002000073720434JD[0m  [2m[Cluster 1 (atribuido)][0m
2026-08-09 14:56:01 [INFO]      consumiu MAIS que o habitual às 00h
2026-08-09 14:56:01 [INFO]      [2mReal:[0m 39.0 kWh   [2mHabitual:[0m 23.0 ± 2.3 kWh   [2mz:[0m +6.96   [2mdesvio:[0m +70%   [2m(2 obs. fim_semana)[0m
2026-08-09 14:56:01 [INFO] 
2026-08-09 14:56:01 [INFO]   🔵 [94m[1mPT0002000068855003AK[0m  [2m[Cluster 0 (atribuido)][0m
2026-08-09 14:56:01 [INFO]      consumiu MENOS que o habitual às 11h
2026-08-09 14:56:01 [INFO]      [2mReal:[0m 12.0 kWh   [2mHabitual:[0m 38.0 ± 3.8 kWh   [2mz:[0m -6.84   [2mdesvio:[0m -68%   [2m(2 obs. fim_semana)[0m
2026-08-09 14:56:01 [INFO] 
2026-08-09 14:56:01 [INFO]   🔵 [94m[1mPT0002000073481266XH[0m  [2m[Cluster 0][0m
2026-08-09 14:56:01 [INFO]      consumiu MENOS que o habitual às 16h
2026-08-09 14:56:01 [INFO]      [2mReal:[0m 5.0 kWh   [2mHabitual:[0m 34.0 ± 4.2 kWh   [2mz:[0m -6.84   [2mdesvio:[0m -85%   [2m(2 obs. fim_semana)[0m
2026-08-09 14:56:01 [INFO] 
2026-08-09 14:56:01 [INFO]   🔵 [94m[1mPT0002000120237616VJ[0m  [2m[Cluster 0][0m
2026-08-09 14:56:01 [INFO]      consumiu MENOS que o habitual às 11h
2026-08-09 14:56:01 [INFO]      [2mReal:[0m 13.0 kWh   [2mHabitual:[0m 41.0 ± 4.1 kWh   [2mz:[0m -6.83   [2mdesvio:[0m -68%   [2m(2 obs. fim_semana)[0m
2026-08-09 14:56:01 [INFO] 
2026-08-09 14:56:01 [INFO]   🔵 [94m[1mPT0002000110607652SB[0m  [2m[Cluster 0][0m
2026-08-09 14:56:01 [INFO]      consumiu MENOS que o habitual às 17h
2026-08-09 14:56:01 [INFO]      [2mReal:[0m 20.0 kWh   [2mHabitual:[0m 62.0 ± 6.2 kWh   [2mz:[0m -6.77   [2mdesvio:[0m -68%   [2m(2 obs. fim_semana)[0m
2026-08-09 14:56:01 [INFO] 
2026-08-09 14:56:01 [INFO]   🔵 [94m[1mPT0002000112989585PH[0m  [2m[Cluster 0][0m
2026-08-09 14:56:01 [INFO]      consumiu MENOS que o habitual às 15h
2026-08-09 14:56:01 [INFO]      [2mReal:[0m 8.0 kWh   [2mHabitual:[0m 24.5 ± 2.5 kWh   [2mz:[0m -6.73   [2mdesvio:[0m -67%   [2m(2 obs. fim_semana)[0m
2026-08-09 14:56:01 [INFO] 
2026-08-09 14:56:01 [INFO]   🔵 [94m[1mPT0002000068859393XH[0m  [2m[Cluster 1][0m
2026-08-09 14:56:01 [INFO]      consumiu MENOS que o habitual às 18h
2026-08-09 14:56:01 [INFO]      [2mReal:[0m 42.0 kWh   [2mHabitual:[0m 126.5 ± 12.7 kWh   [2mz:[0m -6.68   [2mdesvio:[0m -67%   [2m(2 obs. fim_semana)[0m
2026-08-09 14:56:01 [INFO] 
2026-08-09 14:56:01 [INFO]   🔴 [91m[1mPT0002000068856872QG[0m  [2m[Cluster 1][0m
2026-08-09 14:56:01 [INFO]      consumiu MAIS que o habitual às 02h
2026-08-09 14:56:01 [INFO]      [2mReal:[0m 2.0 kWh   [2mHabitual:[0m 0.0 ± 0.3 kWh   [2mz:[0m +6.67   [2mdesvio:[0m +200000%   [2m(2 obs. fim_semana)[0m
2026-08-09 14:56:01 [INFO] 
2026-08-09 14:56:01 [INFO]   🔴 [91m[1mPT0002000068856872QG[0m  [2m[Cluster 1][0m
2026-08-09 14:56:01 [INFO]      consumiu MAIS que o habitual às 15h
2026-08-09 14:56:01 [INFO]      [2mReal:[0m 2.0 kWh   [2mHabitual:[0m 0.0 ± 0.3 kWh   [2mz:[0m +6.67   [2mdesvio:[0m +200000%   [2m(2 obs. fim_semana)[0m
2026-08-09 14:56:01 [INFO] 
2026-08-09 14:56:01 [INFO]   🔵 [94m[1mPT0002000073481266XH[0m  [2m[Cluster 0][0m
2026-08-09 14:56:01 [INFO]      consumiu MENOS que o habitual às 07h
2026-08-09 14:56:01 [INFO]      [2mReal:[0m 5.0 kWh   [2mHabitual:[0m 15.0 ± 1.5 kWh   [2mz:[0m -6.67   [2mdesvio:[0m -67%   [2m(2 obs. fim_semana)[0m
2026-08-09 14:56:01 [INFO] 
2026-08-09 14:56:01 [INFO]   🔴 [91m[1mPT0002000078140706BA[0m  [2m[Cluster 1 (atribuido)][0m
2026-08-09 14:56:01 [INFO]      consumiu MAIS que o habitual às 17h
2026-08-09 14:56:01 [INFO]      [2mReal:[0m 2.0 kWh   [2mHabitual:[0m 0.0 ± 0.3 kWh   [2mz:[0m +6.67   [2mdesvio:[0m +200000%   [2m(2 obs. fim_semana)[0m
2026-08-09 14:56:01 [INFO] 
2026-08-09 14:56:01 [INFO]   🔵 [94m[1mPT0002000110607652SB[0m  [2m[Cluster 0][0m
2026-08-09 14:56:01 [INFO]      consumiu MENOS que o habitual às 18h
2026-08-09 14:56:01 [INFO]      [2mReal:[0m 20.0 kWh   [2mHabitual:[0m 60.0 ± 6.0 kWh   [2mz:[0m -6.67   [2mdesvio:[0m -67%   [2m(2 obs. fim_semana)[0m
2026-08-09 14:56:01 [INFO] 
2026-08-09 14:56:01 [INFO]   🔵 [94m[1mPT0002000125379984SH[0m  [2m[Cluster 1][0m
2026-08-09 14:56:01 [INFO]      consumiu MENOS que o habitual às 10h
2026-08-09 14:56:01 [INFO]      [2mReal:[0m 4.0 kWh   [2mHabitual:[0m 12.0 ± 1.2 kWh   [2mz:[0m -6.67   [2mdesvio:[0m -67%   [2m(2 obs. fim_semana)[0m
2026-08-09 14:56:01 [INFO] 
2026-08-09 14:56:01 [INFO]   🔵 [94m[1mPT0002000068855003AK[0m  [2m[Cluster 0 (atribuido)][0m
2026-08-09 14:56:01 [INFO]      consumiu MENOS que o habitual às 18h
2026-08-09 14:56:01 [INFO]      [2mReal:[0m 11.0 kWh   [2mHabitual:[0m 32.5 ± 3.2 kWh   [2mz:[0m -6.62   [2mdesvio:[0m -66%   [2m(2 obs. fim_semana)[0m
2026-08-09 14:56:01 [INFO] 
2026-08-09 14:56:01 [INFO]   🔵 [94m[1mPT0002000120237616VJ[0m  [2m[Cluster 0][0m
2026-08-09 14:56:01 [INFO]      consumiu MENOS que o habitual às 13h
2026-08-09 14:56:01 [INFO]      [2mReal:[0m 13.0 kWh   [2mHabitual:[0m 38.5 ± 3.9 kWh   [2mz:[0m -6.62   [2mdesvio:[0m -66%   [2m(2 obs. fim_semana)[0m
2026-08-09 14:56:01 [INFO] 
2026-08-09 14:56:01 [INFO]   🔵 [94m[1mPT0002000110607652SB[0m  [2m[Cluster 0][0m
2026-08-09 14:56:01 [INFO]      consumiu MENOS que o habitual às 09h
2026-08-09 14:56:01 [INFO]      [2mReal:[0m 20.0 kWh   [2mHabitual:[0m 58.0 ± 5.8 kWh   [2mz:[0m -6.55   [2mdesvio:[0m -66%   [2m(2 obs. fim_semana)[0m
2026-08-09 14:56:01 [INFO] 
2026-08-09 14:56:01 [INFO]   🔵 [94m[1mPT0002000068859393XH[0m  [2m[Cluster 1][0m
2026-08-09 14:56:01 [INFO]      consumiu MENOS que o habitual às 17h
2026-08-09 14:56:01 [INFO]      [2mReal:[0m 42.0 kWh   [2mHabitual:[0m 120.5 ± 12.1 kWh   [2mz:[0m -6.51   [2mdesvio:[0m -65%   [2m(2 obs. fim_semana)[0m
2026-08-09 14:56:01 [INFO] 
2026-08-09 14:56:01 [INFO]   🔵 [94m[1mPT0002000120237616VJ[0m  [2m[Cluster 0][0m
2026-08-09 14:56:01 [INFO]      consumiu MENOS que o habitual às 09h
2026-08-09 14:56:01 [INFO]      [2mReal:[0m 12.0 kWh   [2mHabitual:[0m 33.5 ± 3.4 kWh   [2mz:[0m -6.42   [2mdesvio:[0m -64%   [2m(2 obs. fim_semana)[0m
2026-08-09 14:56:01 [INFO] 
2026-08-09 14:56:01 [INFO]   🔵 [94m[1mPT0002000068856974CZ[0m  [2m[Cluster 0 (atribuido)][0m
2026-08-09 14:56:01 [INFO]      consumiu MENOS que o habitual às 19h
2026-08-09 14:56:01 [INFO]      [2mReal:[0m 9.0 kWh   [2mHabitual:[0m 25.0 ± 2.5 kWh   [2mz:[0m -6.40   [2mdesvio:[0m -64%   [2m(2 obs. fim_semana)[0m
2026-08-09 14:56:01 [INFO] 
2026-08-09 14:56:01 [INFO]   🔴 [91m[1mPT0002000068857099AR[0m  [2m[Cluster 1][0m
2026-08-09 14:56:01 [INFO]      consumiu MAIS que o habitual às 10h
2026-08-09 14:56:01 [INFO]      [2mReal:[0m 9.0 kWh   [2mHabitual:[0m 4.5 ± 0.7 kWh   [2mz:[0m +6.36   [2mdesvio:[0m +100%   [2m(2 obs. fim_semana)[0m
2026-08-09 14:56:01 [INFO] 
2026-08-09 14:56:01 [INFO]   🔵 [94m[1mPT0002000078233981HJ[0m  [2m[Cluster 1][0m
2026-08-09 14:56:01 [INFO]      consumiu MENOS que o habitual às 18h
2026-08-09 14:56:01 [INFO]      [2mReal:[0m 1.0 kWh   [2mHabitual:[0m 23.5 ± 3.5 kWh   [2mz:[0m -6.36   [2mdesvio:[0m -96%   [2m(2 obs. fim_semana)[0m
2026-08-09 14:56:01 [INFO] 
2026-08-09 14:56:01 [INFO]   🔵 [94m[1mPT0002000110607652SB[0m  [2m[Cluster 0][0m
2026-08-09 14:56:01 [INFO]      consumiu MENOS que o habitual às 10h
2026-08-09 14:56:01 [INFO]      [2mReal:[0m 20.0 kWh   [2mHabitual:[0m 56.0 ± 5.7 kWh   [2mz:[0m -6.36   [2mdesvio:[0m -64%   [2m(2 obs. fim_semana)[0m
2026-08-09 14:56:01 [INFO] 
2026-08-09 14:56:01 [INFO]   🔵 [94m[1mPT0002000112989585PH[0m  [2m[Cluster 0][0m
2026-08-09 14:56:01 [INFO]      consumiu MENOS que o habitual às 14h
2026-08-09 14:56:01 [INFO]      [2mReal:[0m 3.0 kWh   [2mHabitual:[0m 12.0 ± 1.4 kWh   [2mz:[0m -6.36   [2mdesvio:[0m -75%   [2m(2 obs. fim_semana)[0m
2026-08-09 14:56:01 [INFO] 
2026-08-09 14:56:01 [INFO]   🔵 [94m[1mPT0002000115673471CB[0m  [2m[Cluster 0][0m
2026-08-09 14:56:01 [INFO]      consumiu MENOS que o habitual às 05h
2026-08-09 14:56:01 [INFO]      [2mReal:[0m 6.0 kWh   [2mHabitual:[0m 16.5 ± 1.6 kWh   [2mz:[0m -6.36   [2mdesvio:[0m -64%   [2m(2 obs. fim_semana)[0m
2026-08-09 14:56:01 [INFO] 
2026-08-09 14:56:01 [INFO]   🔵 [94m[1mPT0002000110607652SB[0m  [2m[Cluster 0][0m
2026-08-09 14:56:01 [INFO]      consumiu MENOS que o habitual às 11h
2026-08-09 14:56:01 [INFO]      [2mReal:[0m 20.0 kWh   [2mHabitual:[0m 54.0 ± 5.4 kWh   [2mz:[0m -6.30   [2mdesvio:[0m -63%   [2m(2 obs. fim_semana)[0m
2026-08-09 14:56:01 [INFO] 
2026-08-09 14:56:01 [INFO]   🔵 [94m[1mPT0002000068855003AK[0m  [2m[Cluster 0 (atribuido)][0m
2026-08-09 14:56:01 [INFO]      consumiu MENOS que o habitual às 19h
2026-08-09 14:56:01 [INFO]      [2mReal:[0m 10.0 kWh   [2mHabitual:[0m 26.0 ± 2.6 kWh   [2mz:[0m -6.15   [2mdesvio:[0m -62%   [2m(2 obs. fim_semana)[0m
2026-08-09 14:56:01 [INFO] 
2026-08-09 14:56:01 [INFO]   🔵 [94m[1mPT0002000068859393XH[0m  [2m[Cluster 1][0m
2026-08-09 14:56:01 [INFO]      consumiu MENOS que o habitual às 19h
2026-08-09 14:56:01 [INFO]      [2mReal:[0m 44.0 kWh   [2mHabitual:[0m 113.5 ± 11.3 kWh   [2mz:[0m -6.12   [2mdesvio:[0m -61%   [2m(2 obs. fim_semana)[0m
2026-08-09 14:56:01 [INFO] 
2026-08-09 14:56:01 [INFO]   🔵 [94m[1mPT0002000101964938LF[0m  [2m[Cluster 0][0m
2026-08-09 14:56:01 [INFO]      consumiu MENOS que o habitual às 17h
2026-08-09 14:56:01 [INFO]      [2mReal:[0m 10.0 kWh   [2mHabitual:[0m 57.5 ± 7.8 kWh   [2mz:[0m -6.11   [2mdesvio:[0m -83%   [2m(2 obs. fim_semana)[0m
2026-08-09 14:56:01 [INFO] 
2026-08-09 14:56:01 [INFO]   🔵 [94m[1mPT0002000120237616VJ[0m  [2m[Cluster 0][0m
2026-08-09 14:56:01 [INFO]      consumiu MENOS que o habitual às 14h
2026-08-09 14:56:01 [INFO]      [2mReal:[0m 12.0 kWh   [2mHabitual:[0m 30.5 ± 3.0 kWh   [2mz:[0m -6.07   [2mdesvio:[0m -61%   [2m(2 obs. fim_semana)[0m
2026-08-09 14:56:01 [INFO] 
2026-08-09 14:56:01 [INFO]   🔴 [91m[1mPT0002000068857099AR[0m  [2m[Cluster 1][0m
2026-08-09 14:56:01 [INFO]      consumiu MAIS que o habitual às 16h
2026-08-09 14:56:01 [INFO]      [2mReal:[0m 8.0 kWh   [2mHabitual:[0m 5.0 ± 0.5 kWh   [2mz:[0m +6.00   [2mdesvio:[0m +60%   [2m(2 obs. fim_semana)[0m
2026-08-09 14:56:01 [INFO] 
2026-08-09 14:56:01 [INFO]   🔵 [94m[1mPT0002000101964938LF[0m  [2m[Cluster 0][0m
2026-08-09 14:56:01 [INFO]      consumiu MENOS que o habitual às 07h
2026-08-09 14:56:01 [INFO]      [2mReal:[0m 9.0 kWh   [2mHabitual:[0m 22.5 ± 2.2 kWh   [2mz:[0m -6.00   [2mdesvio:[0m -60%   [2m(2 obs. fim_semana)[0m
2026-08-09 14:56:01 [INFO] 
2026-08-09 14:56:01 [INFO]   🔵 [94m[1mPT0002000068859187RL[0m  [2m[Cluster 0][0m
2026-08-09 14:56:01 [INFO]      consumiu MENOS que o habitual às 18h
2026-08-09 14:56:01 [INFO]      [2mReal:[0m 10.0 kWh   [2mHabitual:[0m 24.5 ± 2.5 kWh   [2mz:[0m -5.92   [2mdesvio:[0m -59%   [2m(2 obs. fim_semana)[0m
2026-08-09 14:56:01 [INFO] 
2026-08-09 14:56:01 [INFO]   🔵 [94m[1mPT0002000101964938LF[0m  [2m[Cluster 0][0m
2026-08-09 14:56:01 [INFO]      consumiu MENOS que o habitual às 15h
2026-08-09 14:56:01 [INFO]      [2mReal:[0m 10.0 kWh   [2mHabitual:[0m 60.0 ± 8.5 kWh   [2mz:[0m -5.89   [2mdesvio:[0m -83%   [2m(2 obs. fim_semana)[0m
2026-08-09 14:56:01 [INFO] 
2026-08-09 14:56:01 [INFO]   🔵 [94m[1mPT0002000125379984SH[0m  [2m[Cluster 1][0m
2026-08-09 14:56:01 [INFO]      consumiu MENOS que o habitual às 09h
2026-08-09 14:56:01 [INFO]      [2mReal:[0m 5.0 kWh   [2mHabitual:[0m 12.0 ± 1.2 kWh   [2mz:[0m -5.83   [2mdesvio:[0m -58%   [2m(2 obs. fim_semana)[0m
2026-08-09 14:56:01 [INFO] 
2026-08-09 14:56:01 [INFO]   🔵 [94m[1mPT0002000068859393XH[0m  [2m[Cluster 1][0m
2026-08-09 14:56:01 [INFO]      consumiu MENOS que o habitual às 13h
2026-08-09 14:56:01 [INFO]      [2mReal:[0m 42.0 kWh   [2mHabitual:[0m 116.0 ± 12.7 kWh   [2mz:[0m -5.81   [2mdesvio:[0m -64%   [2m(2 obs. fim_semana)[0m
2026-08-09 14:56:01 [INFO] 
2026-08-09 14:56:01 [INFO]   🔵 [94m[1mPT0002000078233981HJ[0m  [2m[Cluster 1][0m
2026-08-09 14:56:01 [INFO]      consumiu MENOS que o habitual às 19h
2026-08-09 14:56:01 [INFO]      [2mReal:[0m 2.0 kWh   [2mHabitual:[0m 22.5 ± 3.5 kWh   [2mz:[0m -5.80   [2mdesvio:[0m -91%   [2m(2 obs. fim_semana)[0m
2026-08-09 14:56:01 [INFO] 
2026-08-09 14:56:01 [INFO]   🔵 [94m[1mPT0002000068855003AK[0m  [2m[Cluster 0 (atribuido)][0m
2026-08-09 14:56:01 [INFO]      consumiu MENOS que o habitual às 09h
2026-08-09 14:56:01 [INFO]      [2mReal:[0m 8.0 kWh   [2mHabitual:[0m 19.0 ± 1.9 kWh   [2mz:[0m -5.79   [2mdesvio:[0m -58%   [2m(2 obs. fim_semana)[0m
2026-08-09 14:56:01 [INFO] 
2026-08-09 14:56:01 [INFO]   🔵 [94m[1mPT0002000125379984SH[0m  [2m[Cluster 1][0m
2026-08-09 14:56:01 [INFO]      consumiu MENOS que o habitual às 08h
2026-08-09 14:56:01 [INFO]      [2mReal:[0m 4.0 kWh   [2mHabitual:[0m 9.5 ± 0.9 kWh   [2mz:[0m -5.79   [2mdesvio:[0m -58%   [2m(2 obs. fim_semana)[0m
2026-08-09 14:56:01 [INFO] 
2026-08-09 14:56:01 [INFO]   🔵 [94m[1mPT0002000073481266XH[0m  [2m[Cluster 0][0m
2026-08-09 14:56:01 [INFO]      consumiu MENOS que o habitual às 18h
2026-08-09 14:56:01 [INFO]      [2mReal:[0m 6.0 kWh   [2mHabitual:[0m 14.0 ± 1.4 kWh   [2mz:[0m -5.71   [2mdesvio:[0m -57%   [2m(2 obs. fim_semana)[0m
2026-08-09 14:56:01 [INFO] 
2026-08-09 14:56:01 [INFO]   🔵 [94m[1mPT0002000068856655YV[0m  [2m[Cluster 0][0m
2026-08-09 14:56:01 [INFO]      consumiu MENOS que o habitual às 10h
2026-08-09 14:56:01 [INFO]      [2mReal:[0m 1.0 kWh   [2mHabitual:[0m 9.0 ± 1.4 kWh   [2mz:[0m -5.66   [2mdesvio:[0m -89%   [2m(2 obs. fim_semana)[0m
2026-08-09 14:56:01 [INFO] 
2026-08-09 14:56:01 [INFO]   🔵 [94m[1mPT0002000078140706BA[0m  [2m[Cluster 1 (atribuido)][0m
2026-08-09 14:56:01 [INFO]      consumiu MENOS que o habitual às 14h
2026-08-09 14:56:01 [INFO]      [2mReal:[0m 0.0 kWh   [2mHabitual:[0m 8.0 ± 1.4 kWh   [2mz:[0m -5.66   [2mdesvio:[0m -100%   [2m(2 obs. fim_semana)[0m
2026-08-09 14:56:01 [INFO] 
2026-08-09 14:56:01 [INFO]   🔵 [94m[1mPT0002000115673471CB[0m  [2m[Cluster 0][0m
2026-08-09 14:56:01 [INFO]      consumiu MENOS que o habitual às 04h
2026-08-09 14:56:01 [INFO]      [2mReal:[0m 6.0 kWh   [2mHabitual:[0m 13.5 ± 1.4 kWh   [2mz:[0m -5.56   [2mdesvio:[0m -56%   [2m(2 obs. fim_semana)[0m
2026-08-09 14:56:01 [INFO] 
2026-08-09 14:56:01 [INFO]   🔵 [94m[1mPT0002000110607652SB[0m  [2m[Cluster 0][0m
2026-08-09 14:56:01 [INFO]      consumiu MENOS que o habitual às 16h
2026-08-09 14:56:01 [INFO]      [2mReal:[0m 28.0 kWh   [2mHabitual:[0m 74.0 ± 8.5 kWh   [2mz:[0m -5.42   [2mdesvio:[0m -62%   [2m(2 obs. fim_semana)[0m
2026-08-09 14:56:01 [INFO] 
2026-08-09 14:56:01 [INFO]   🔵 [94m[1mPT0002000112989585PH[0m  [2m[Cluster 0][0m
2026-08-09 14:56:01 [INFO]      consumiu MENOS que o habitual às 12h
2026-08-09 14:56:01 [INFO]      [2mReal:[0m 3.0 kWh   [2mHabitual:[0m 14.5 ± 2.1 kWh   [2mz:[0m -5.42   [2mdesvio:[0m -79%   [2m(2 obs. fim_semana)[0m
2026-08-09 14:56:01 [INFO] 
2026-08-09 14:56:01 [INFO]   🔵 [94m[1mPT0002000115673471CB[0m  [2m[Cluster 0][0m
2026-08-09 14:56:01 [INFO]      consumiu MENOS que o habitual às 02h
2026-08-09 14:56:01 [INFO]      [2mReal:[0m 6.0 kWh   [2mHabitual:[0m 13.0 ± 1.3 kWh   [2mz:[0m -5.38   [2mdesvio:[0m -54%   [2m(2 obs. fim_semana)[0m
2026-08-09 14:56:01 [INFO] 
2026-08-09 14:56:01 [INFO]   🔵 [94m[1mPT0002000115700602GW[0m  [2m[Cluster 0][0m
2026-08-09 14:56:01 [INFO]      consumiu MENOS que o habitual às 10h
2026-08-09 14:56:01 [INFO]      [2mReal:[0m 7.0 kWh   [2mHabitual:[0m 15.0 ± 1.5 kWh   [2mz:[0m -5.33   [2mdesvio:[0m -53%   [2m(2 obs. fim_semana)[0m
2026-08-09 14:56:01 [INFO] 
2026-08-09 14:56:01 [INFO]   🔵 [94m[1mPT0002000068858231YY[0m  [2m[Cluster 0 (atribuido)][0m
2026-08-09 14:56:01 [INFO]      consumiu MENOS que o habitual às 09h
2026-08-09 14:56:01 [INFO]      [2mReal:[0m 15.0 kWh   [2mHabitual:[0m 32.0 ± 3.2 kWh   [2mz:[0m -5.31   [2mdesvio:[0m -53%   [2m(2 obs. fim_semana)[0m
2026-08-09 14:56:01 [INFO] 
2026-08-09 14:56:01 [INFO]   🔵 [94m[1mPT0002000073481266XH[0m  [2m[Cluster 0][0m
2026-08-09 14:56:01 [INFO]      consumiu MENOS que o habitual às 09h
2026-08-09 14:56:01 [INFO]      [2mReal:[0m 5.0 kWh   [2mHabitual:[0m 35.0 ± 5.7 kWh   [2mz:[0m -5.30   [2mdesvio:[0m -86%   [2m(2 obs. fim_semana)[0m
2026-08-09 14:56:01 [INFO] 
2026-08-09 14:56:01 [INFO]   🔵 [94m[1mPT0002000120237616VJ[0m  [2m[Cluster 0][0m
2026-08-09 14:56:01 [INFO]      consumiu MENOS que o habitual às 17h
2026-08-09 14:56:01 [INFO]      [2mReal:[0m 11.0 kWh   [2mHabitual:[0m 26.0 ± 2.8 kWh   [2mz:[0m -5.30   [2mdesvio:[0m -58%   [2m(2 obs. fim_semana)[0m
2026-08-09 14:56:01 [INFO] 
2026-08-09 14:56:01 [INFO]   🔵 [94m[1mPT0002000068859187RL[0m  [2m[Cluster 0][0m
2026-08-09 14:56:01 [INFO]      consumiu MENOS que o habitual às 07h
2026-08-09 14:56:01 [INFO]      [2mReal:[0m 10.0 kWh   [2mHabitual:[0m 21.0 ± 2.1 kWh   [2mz:[0m -5.24   [2mdesvio:[0m -52%   [2m(2 obs. fim_semana)[0m
2026-08-09 14:56:01 [INFO] 
2026-08-09 14:56:01 [INFO]   🔵 [94m[1mPT0002000068855003AK[0m  [2m[Cluster 0 (atribuido)][0m
2026-08-09 14:56:01 [INFO]      consumiu MENOS que o habitual às 10h
2026-08-09 14:56:01 [INFO]      [2mReal:[0m 10.0 kWh   [2mHabitual:[0m 28.5 ± 3.5 kWh   [2mz:[0m -5.23   [2mdesvio:[0m -65%   [2m(2 obs. fim_semana)[0m
2026-08-09 14:56:01 [INFO] 
2026-08-09 14:56:01 [INFO]   🔵 [94m[1mPT0002000073481266XH[0m  [2m[Cluster 0][0m
2026-08-09 14:56:01 [INFO]      consumiu MENOS que o habitual às 12h
2026-08-09 14:56:01 [INFO]      [2mReal:[0m 5.0 kWh   [2mHabitual:[0m 34.0 ± 5.7 kWh   [2mz:[0m -5.13   [2mdesvio:[0m -85%   [2m(2 obs. fim_semana)[0m
2026-08-09 14:56:01 [INFO] 
2026-08-09 14:56:01 [INFO]   🔵 [94m[1mPT0002000068856655YV[0m  [2m[Cluster 0][0m
2026-08-09 14:56:01 [INFO]      consumiu MENOS que o habitual às 06h
2026-08-09 14:56:01 [INFO]      [2mReal:[0m 2.0 kWh   [2mHabitual:[0m 4.0 ± 0.4 kWh   [2mz:[0m -5.00   [2mdesvio:[0m -50%   [2m(2 obs. fim_semana)[0m
2026-08-09 14:56:01 [INFO] 
2026-08-09 14:56:01 [INFO]   🔴 [91m[1mPT0002000068857099AR[0m  [2m[Cluster 1][0m
2026-08-09 14:56:01 [INFO]      consumiu MAIS que o habitual às 09h
2026-08-09 14:56:01 [INFO]      [2mReal:[0m 6.0 kWh   [2mHabitual:[0m 4.0 ± 0.4 kWh   [2mz:[0m +5.00   [2mdesvio:[0m +50%   [2m(2 obs. fim_semana)[0m
2026-08-09 14:56:01 [INFO] 
2026-08-09 14:56:01 [INFO]   🔵 [94m[1mPT0002000068858674WN[0m  [2m[Cluster 1 (atribuido)][0m
2026-08-09 14:56:01 [INFO]      consumiu MENOS que o habitual às 03h
2026-08-09 14:56:01 [INFO]      [2mReal:[0m 4.0 kWh   [2mHabitual:[0m 8.0 ± 0.8 kWh   [2mz:[0m -5.00   [2mdesvio:[0m -50%   [2m(2 obs. fim_semana)[0m
2026-08-09 14:56:01 [INFO] 
2026-08-09 14:56:01 [INFO]   🔵 [94m[1mPT0002000078233981HJ[0m  [2m[Cluster 1][0m
2026-08-09 14:56:01 [INFO]      consumiu MENOS que o habitual às 13h
2026-08-09 14:56:01 [INFO]      [2mReal:[0m 2.0 kWh   [2mHabitual:[0m 4.0 ± 0.4 kWh   [2mz:[0m -5.00   [2mdesvio:[0m -50%   [2m(2 obs. fim_semana)[0m
2026-08-09 14:56:01 [INFO] 
2026-08-09 14:56:01 [INFO]   🔴 [91m[1mPT0002000078294957RQ[0m  [2m[Cluster 0][0m
2026-08-09 14:56:01 [INFO]      consumiu MAIS que o habitual às 09h
2026-08-09 14:56:01 [INFO]      [2mReal:[0m 6.0 kWh   [2mHabitual:[0m 4.0 ± 0.4 kWh   [2mz:[0m +5.00   [2mdesvio:[0m +50%   [2m(2 obs. fim_semana)[0m
2026-08-09 14:56:01 [INFO] 
2026-08-09 14:56:01 [INFO]   🔴 [91m[1mPT0002000078294957RQ[0m  [2m[Cluster 0][0m
2026-08-09 14:56:01 [INFO]      consumiu MAIS que o habitual às 15h
2026-08-09 14:56:01 [INFO]      [2mReal:[0m 6.0 kWh   [2mHabitual:[0m 4.0 ± 0.4 kWh   [2mz:[0m +5.00   [2mdesvio:[0m +50%   [2m(2 obs. fim_semana)[0m
2026-08-09 14:56:01 [INFO] 
2026-08-09 14:56:01 [INFO]   🔵 [94m[1mPT0002000115673471CB[0m  [2m[Cluster 0][0m
2026-08-09 14:56:01 [INFO]      consumiu MENOS que o habitual às 01h
2026-08-09 14:56:01 [INFO]      [2mReal:[0m 6.0 kWh   [2mHabitual:[0m 12.0 ± 1.2 kWh   [2mz:[0m -5.00   [2mdesvio:[0m -50%   [2m(2 obs. fim_semana)[0m
2026-08-09 14:56:01 [INFO] 
2026-08-09 14:56:01 [INFO]   🔵 [94m[1mPT0002000115673471CB[0m  [2m[Cluster 0][0m
2026-08-09 14:56:01 [INFO]      consumiu MENOS que o habitual às 03h
2026-08-09 14:56:01 [INFO]      [2mReal:[0m 6.0 kWh   [2mHabitual:[0m 12.0 ± 1.2 kWh   [2mz:[0m -5.00   [2mdesvio:[0m -50%   [2m(2 obs. fim_semana)[0m
2026-08-09 14:56:01 [INFO] 
2026-08-09 14:56:01 [INFO]   🔵 [94m[1mPT0002000125379984SH[0m  [2m[Cluster 1][0m
2026-08-09 14:56:01 [INFO]      consumiu MENOS que o habitual às 11h
2026-08-09 14:56:01 [INFO]      [2mReal:[0m 4.0 kWh   [2mHabitual:[0m 8.0 ± 0.8 kWh   [2mz:[0m -5.00   [2mdesvio:[0m -50%   [2m(2 obs. fim_semana)[0m
2026-08-09 14:56:01 [INFO] 
2026-08-09 14:56:01 [INFO]   🔵 [94m[1mPT0002000100113293JT[0m  [2m[Cluster 0][0m
2026-08-09 14:56:01 [INFO]      consumiu MENOS que o habitual às 08h
2026-08-09 14:56:01 [INFO]      [2mReal:[0m 67.0 kWh   [2mHabitual:[0m 133.5 ± 13.3 kWh   [2mz:[0m -4.98   [2mdesvio:[0m -50%   [2m(2 obs. fim_semana)[0m
2026-08-09 14:56:01 [INFO] 
2026-08-09 14:56:01 [INFO]   🔵 [94m[1mPT0002000068855003AK[0m  [2m[Cluster 0 (atribuido)][0m
2026-08-09 14:56:01 [INFO]      consumiu MENOS que o habitual às 17h
2026-08-09 14:56:01 [INFO]      [2mReal:[0m 13.0 kWh   [2mHabitual:[0m 41.0 ± 5.7 kWh   [2mz:[0m -4.95   [2mdesvio:[0m -68%   [2m(2 obs. fim_semana)[0m
2026-08-09 14:56:01 [INFO] 
2026-08-09 14:56:01 [INFO]   🔴 [91m[1mPT0002000068856655YV[0m  [2m[Cluster 0][0m
2026-08-09 14:56:01 [INFO]      consumiu MAIS que o habitual às 00h
2026-08-09 14:56:01 [INFO]      [2mReal:[0m 6.0 kWh   [2mHabitual:[0m 2.5 ± 0.7 kWh   [2mz:[0m +4.95   [2mdesvio:[0m +140%   [2m(2 obs. fim_semana)[0m
2026-08-09 14:56:01 [INFO] 
2026-08-09 14:56:01 [INFO]   🔵 [94m[1mPT0002000068856655YV[0m  [2m[Cluster 0][0m
2026-08-09 14:56:01 [INFO]      consumiu MENOS que o habitual às 11h
2026-08-09 14:56:01 [INFO]      [2mReal:[0m 2.0 kWh   [2mHabitual:[0m 9.0 ± 1.4 kWh   [2mz:[0m -4.95   [2mdesvio:[0m -78%   [2m(2 obs. fim_semana)[0m
2026-08-09 14:56:01 [INFO] 
2026-08-09 14:56:01 [INFO]   🔵 [94m[1mPT0002000068856974CZ[0m  [2m[Cluster 0 (atribuido)][0m
2026-08-09 14:56:01 [INFO]      consumiu MENOS que o habitual às 15h
2026-08-09 14:56:01 [INFO]      [2mReal:[0m 9.0 kWh   [2mHabitual:[0m 51.0 ± 8.5 kWh   [2mz:[0m -4.95   [2mdesvio:[0m -82%   [2m(2 obs. fim_semana)[0m
2026-08-09 14:56:01 [INFO] 
2026-08-09 14:56:01 [INFO]   🔴 [91m[1mPT0002000068857099AR[0m  [2m[Cluster 1][0m
2026-08-09 14:56:01 [INFO]      consumiu MAIS que o habitual às 14h
2026-08-09 14:56:01 [INFO]      [2mReal:[0m 8.0 kWh   [2mHabitual:[0m 4.5 ± 0.7 kWh   [2mz:[0m +4.95   [2mdesvio:[0m +78%   [2m(2 obs. fim_semana)[0m
2026-08-09 14:56:01 [INFO] 
2026-08-09 14:56:01 [INFO]   🔵 [94m[1mPT0002000068857909SY[0m  [2m[Cluster 1][0m
2026-08-09 14:56:01 [INFO]      consumiu MENOS que o habitual às 09h
2026-08-09 14:56:01 [INFO]      [2mReal:[0m 2.0 kWh   [2mHabitual:[0m 9.0 ± 1.4 kWh   [2mz:[0m -4.95   [2mdesvio:[0m -78%   [2m(2 obs. fim_semana)[0m
2026-08-09 14:56:01 [INFO] 
2026-08-09 14:56:01 [INFO]   🔵 [94m[1mPT0002000110607652SB[0m  [2m[Cluster 0][0m
2026-08-09 14:56:01 [INFO]      consumiu MENOS que o habitual às 19h
2026-08-09 14:56:01 [INFO]      [2mReal:[0m 20.0 kWh   [2mHabitual:[0m 48.0 ± 5.7 kWh   [2mz:[0m -4.95   [2mdesvio:[0m -58%   [2m(2 obs. fim_semana)[0m
2026-08-09 14:56:01 [INFO] 
2026-08-09 14:56:01 [INFO]   🔵 [94m[1mPT0002000100113293JT[0m  [2m[Cluster 0][0m
2026-08-09 14:56:01 [INFO]      consumiu MENOS que o habitual às 09h
2026-08-09 14:56:01 [INFO]      [2mReal:[0m 68.0 kWh   [2mHabitual:[0m 134.0 ± 13.4 kWh   [2mz:[0m -4.93   [2mdesvio:[0m -49%   [2m(2 obs. fim_semana)[0m
2026-08-09 14:56:01 [INFO] 
2026-08-09 14:56:01 [INFO]   🔵 [94m[1mPT0002000068857897ZV[0m  [2m[Cluster 0][0m
2026-08-09 14:56:01 [INFO]      consumiu MENOS que o habitual às 15h
2026-08-09 14:56:01 [INFO]      [2mReal:[0m 25.0 kWh   [2mHabitual:[0m 49.0 ± 4.9 kWh   [2mz:[0m -4.90   [2mdesvio:[0m -49%   [2m(2 obs. fim_semana)[0m
2026-08-09 14:56:01 [INFO] 
2026-08-09 14:56:01 [INFO]   🔴 [91m[1mPT0002000125701614SQ[0m  [2m[Cluster 1 (atribuido)][0m
2026-08-09 14:56:01 [INFO]      consumiu MAIS que o habitual às 10h
2026-08-09 14:56:01 [INFO]      [2mReal:[0m 26.0 kWh   [2mHabitual:[0m 17.5 ± 1.8 kWh   [2mz:[0m +4.86   [2mdesvio:[0m +49%   [2m(2 obs. fim_semana)[0m
2026-08-09 14:56:01 [INFO] 
2026-08-09 14:56:01 [INFO]   🔵 [94m[1mPT0002000068859325FL[0m  [2m[Cluster 1][0m
2026-08-09 14:56:01 [INFO]      consumiu MENOS que o habitual às 19h
2026-08-09 14:56:01 [INFO]      [2mReal:[0m 64.0 kWh   [2mHabitual:[0m 124.0 ± 12.4 kWh   [2mz:[0m -4.84   [2mdesvio:[0m -48%   [2m(2 obs. fim_semana)[0m
2026-08-09 14:56:01 [INFO] 
2026-08-09 14:56:01 [INFO]   🔴 [91m[1mPT0002000125701614SQ[0m  [2m[Cluster 1 (atribuido)][0m
2026-08-09 14:56:01 [INFO]      consumiu MAIS que o habitual às 08h
2026-08-09 14:56:01 [INFO]      [2mReal:[0m 20.0 kWh   [2mHabitual:[0m 13.5 ± 1.4 kWh   [2mz:[0m +4.81   [2mdesvio:[0m +48%   [2m(2 obs. fim_semana)[0m
2026-08-09 14:56:01 [INFO] 
2026-08-09 14:56:01 [INFO]   🔵 [94m[1mPT0002000068857897ZV[0m  [2m[Cluster 0][0m
2026-08-09 14:56:01 [INFO]      consumiu MENOS que o habitual às 13h
2026-08-09 14:56:01 [INFO]      [2mReal:[0m 26.0 kWh   [2mHabitual:[0m 50.0 ± 5.0 kWh   [2mz:[0m -4.80   [2mdesvio:[0m -48%   [2m(2 obs. fim_semana)[0m
2026-08-09 14:56:01 [INFO] 
2026-08-09 14:56:01 [INFO]   🔴 [91m[1mPT0002000068859325FL[0m  [2m[Cluster 1][0m
2026-08-09 14:56:01 [INFO]      consumiu MAIS que o habitual às 08h
2026-08-09 14:56:01 [INFO]      [2mReal:[0m 136.0 kWh   [2mHabitual:[0m 92.0 ± 9.2 kWh   [2mz:[0m +4.78   [2mdesvio:[0m +48%   [2m(2 obs. fim_semana)[0m
2026-08-09 14:56:01 [INFO] 
2026-08-09 14:56:01 [INFO]   🔵 [94m[1mPT0002000115700602GW[0m  [2m[Cluster 0][0m
2026-08-09 14:56:01 [INFO]      consumiu MENOS que o habitual às 08h
2026-08-09 14:56:01 [INFO]      [2mReal:[0m 6.0 kWh   [2mHabitual:[0m 11.5 ± 1.1 kWh   [2mz:[0m -4.78   [2mdesvio:[0m -48%   [2m(2 obs. fim_semana)[0m
2026-08-09 14:56:01 [INFO] 
2026-08-09 14:56:01 [INFO]   🔵 [94m[1mPT0002000100113293JT[0m  [2m[Cluster 0][0m
2026-08-09 14:56:01 [INFO]      consumiu MENOS que o habitual às 07h
2026-08-09 14:56:01 [INFO]      [2mReal:[0m 73.0 kWh   [2mHabitual:[0m 139.5 ± 13.9 kWh   [2mz:[0m -4.77   [2mdesvio:[0m -48%   [2m(2 obs. fim_semana)[0m
2026-08-09 14:56:01 [INFO] 
2026-08-09 14:56:01 [INFO]   🔴 [91m[1mPT0002000201038711LS[0m  [2m[Cluster 1 (atribuido)][0m
2026-08-09 14:56:01 [INFO]      consumiu MAIS que o habitual às 00h
2026-08-09 14:56:01 [INFO]      [2mReal:[0m 47.0 kWh   [2mHabitual:[0m 23.5 ± 5.0 kWh   [2mz:[0m +4.75   [2mdesvio:[0m +100%   [2m(2 obs. fim_semana)[0m
2026-08-09 14:56:01 [INFO] 
2026-08-09 14:56:01 [INFO]   🔵 [94m[1mPT0002000068857897ZV[0m  [2m[Cluster 0][0m
2026-08-09 14:56:01 [INFO]      consumiu MENOS que o habitual às 16h
2026-08-09 14:56:01 [INFO]      [2mReal:[0m 25.0 kWh   [2mHabitual:[0m 47.5 ± 4.8 kWh   [2mz:[0m -4.74   [2mdesvio:[0m -47%   [2m(2 obs. fim_semana)[0m
2026-08-09 14:56:01 [INFO] 
2026-08-09 14:56:01 [INFO]   🔵 [94m[1mPT0002000068858231YY[0m  [2m[Cluster 0 (atribuido)][0m
2026-08-09 14:56:01 [INFO]      consumiu MENOS que o habitual às 16h
2026-08-09 14:56:01 [INFO]      [2mReal:[0m 15.0 kWh   [2mHabitual:[0m 28.5 ± 2.9 kWh   [2mz:[0m -4.74   [2mdesvio:[0m -47%   [2m(2 obs. fim_semana)[0m
2026-08-09 14:56:01 [INFO] 
2026-08-09 14:56:01 [INFO]   🔵 [94m[1mPT0002000068856974CZ[0m  [2m[Cluster 0 (atribuido)][0m
2026-08-09 14:56:01 [INFO]      consumiu MENOS que o habitual às 13h
2026-08-09 14:56:01 [INFO]      [2mReal:[0m 26.0 kWh   [2mHabitual:[0m 49.0 ± 4.9 kWh   [2mz:[0m -4.69   [2mdesvio:[0m -47%   [2m(2 obs. fim_semana)[0m
2026-08-09 14:56:01 [INFO] 
2026-08-09 14:56:01 [INFO]   🔵 [94m[1mPT0002000068859393XH[0m  [2m[Cluster 1][0m
2026-08-09 14:56:01 [INFO]      consumiu MENOS que o habitual às 14h
2026-08-09 14:56:01 [INFO]      [2mReal:[0m 43.0 kWh   [2mHabitual:[0m 112.5 ± 14.8 kWh   [2mz:[0m -4.68   [2mdesvio:[0m -62%   [2m(2 obs. fim_semana)[0m
2026-08-09 14:56:01 [INFO] 
2026-08-09 14:56:01 [INFO]   🔵 [94m[1mPT0002000120237616VJ[0m  [2m[Cluster 0][0m
2026-08-09 14:56:01 [INFO]      consumiu MENOS que o habitual às 16h
2026-08-09 14:56:01 [INFO]      [2mReal:[0m 12.0 kWh   [2mHabitual:[0m 22.5 ± 2.2 kWh   [2mz:[0m -4.67   [2mdesvio:[0m -47%   [2m(2 obs. fim_semana)[0m
2026-08-09 14:56:01 [INFO] 
2026-08-09 14:56:01 [INFO]   🔵 [94m[1mPT0002000120237616VJ[0m  [2m[Cluster 0][0m
2026-08-09 14:56:01 [INFO]      consumiu MENOS que o habitual às 18h
2026-08-09 14:56:01 [INFO]      [2mReal:[0m 12.0 kWh   [2mHabitual:[0m 22.5 ± 2.2 kWh   [2mz:[0m -4.67   [2mdesvio:[0m -47%   [2m(2 obs. fim_semana)[0m
2026-08-09 14:56:01 [INFO] 
2026-08-09 14:56:01 [INFO]   🔵 [94m[1mPT0002000068856974CZ[0m  [2m[Cluster 0 (atribuido)][0m
2026-08-09 14:56:01 [INFO]      consumiu MENOS que o habitual às 12h
2026-08-09 14:56:01 [INFO]      [2mReal:[0m 27.0 kWh   [2mHabitual:[0m 50.5 ± 5.0 kWh   [2mz:[0m -4.65   [2mdesvio:[0m -47%   [2m(2 obs. fim_semana)[0m
2026-08-09 14:56:01 [INFO] 
2026-08-09 14:56:01 [INFO]   🔵 [94m[1mPT0002000068858231YY[0m  [2m[Cluster 0 (atribuido)][0m
2026-08-09 14:56:01 [INFO]      consumiu MENOS que o habitual às 12h
2026-08-09 14:56:01 [INFO]      [2mReal:[0m 15.0 kWh   [2mHabitual:[0m 28.0 ± 2.8 kWh   [2mz:[0m -4.64   [2mdesvio:[0m -46%   [2m(2 obs. fim_semana)[0m
2026-08-09 14:56:01 [INFO] 
2026-08-09 14:56:01 [INFO]   🔴 [91m[1mPT0002000077348081AG[0m  [2m[Cluster 0 (atribuido)][0m
2026-08-09 14:56:01 [INFO]      consumiu MAIS que o habitual às 08h
2026-08-09 14:56:01 [INFO]      [2mReal:[0m 84.0 kWh   [2mHabitual:[0m 54.5 ± 6.4 kWh   [2mz:[0m +4.64   [2mdesvio:[0m +54%   [2m(2 obs. fim_semana)[0m
2026-08-09 14:56:01 [INFO] 
2026-08-09 14:56:01 [INFO]   🔵 [94m[1mPT0002000120237616VJ[0m  [2m[Cluster 0][0m
2026-08-09 14:56:01 [INFO]      consumiu MENOS que o habitual às 19h
2026-08-09 14:56:01 [INFO]      [2mReal:[0m 11.0 kWh   [2mHabitual:[0m 20.5 ± 2.0 kWh   [2mz:[0m -4.63   [2mdesvio:[0m -46%   [2m(2 obs. fim_semana)[0m
2026-08-09 14:56:01 [INFO] 
2026-08-09 14:56:01 [INFO]   🔵 [94m[1mPT0002000068856974CZ[0m  [2m[Cluster 0 (atribuido)][0m
2026-08-09 14:56:01 [INFO]      consumiu MENOS que o habitual às 10h
2026-08-09 14:56:01 [INFO]      [2mReal:[0m 25.0 kWh   [2mHabitual:[0m 46.5 ± 4.7 kWh   [2mz:[0m -4.62   [2mdesvio:[0m -46%   [2m(2 obs. fim_semana)[0m
2026-08-09 14:56:01 [INFO] 
2026-08-09 14:56:01 [INFO]   🔴 [91m[1mPT0002000068859597LS[0m  [2m[Cluster 0][0m
2026-08-09 14:56:01 [INFO]      consumiu MAIS que o habitual às 18h
2026-08-09 14:56:01 [INFO]      [2mReal:[0m 46.0 kWh   [2mHabitual:[0m 31.5 ± 3.1 kWh   [2mz:[0m +4.60   [2mdesvio:[0m +46%   [2m(2 obs. fim_semana)[0m
2026-08-09 14:56:01 [INFO] 
2026-08-09 14:56:01 [INFO]   🔵 [94m[1mPT0002000068855003AK[0m  [2m[Cluster 0 (atribuido)][0m
2026-08-09 14:56:01 [INFO]      consumiu MENOS que o habitual às 07h
2026-08-09 14:56:01 [INFO]      [2mReal:[0m 6.0 kWh   [2mHabitual:[0m 11.0 ± 1.1 kWh   [2mz:[0m -4.55   [2mdesvio:[0m -45%   [2m(2 obs. fim_semana)[0m
2026-08-09 14:56:01 [INFO] 
2026-08-09 14:56:01 [INFO]   🔵 [94m[1mPT0002000068856267NC[0m  [2m[Cluster 0 (atribuido)][0m
2026-08-09 14:56:01 [INFO]      consumiu MENOS que o habitual às 10h
2026-08-09 14:56:01 [INFO]      [2mReal:[0m 15.0 kWh   [2mHabitual:[0m 27.5 ± 2.8 kWh   [2mz:[0m -4.55   [2mdesvio:[0m -45%   [2m(2 obs. fim_semana)[0m
2026-08-09 14:56:01 [INFO] 
2026-08-09 14:56:01 [INFO]   🔵 [94m[1mPT0002000068858231YY[0m  [2m[Cluster 0 (atribuido)][0m
2026-08-09 14:56:01 [INFO]      consumiu MENOS que o habitual às 11h
2026-08-09 14:56:01 [INFO]      [2mReal:[0m 15.0 kWh   [2mHabitual:[0m 27.5 ± 2.8 kWh   [2mz:[0m -4.55   [2mdesvio:[0m -45%   [2m(2 obs. fim_semana)[0m
2026-08-09 14:56:01 [INFO] 
2026-08-09 14:56:01 [INFO]   🔵 [94m[1mPT0002000068855003AK[0m  [2m[Cluster 0 (atribuido)][0m
2026-08-09 14:56:01 [INFO]      consumiu MENOS que o habitual às 08h
2026-08-09 14:56:01 [INFO]      [2mReal:[0m 7.0 kWh   [2mHabitual:[0m 16.5 ± 2.1 kWh   [2mz:[0m -4.48   [2mdesvio:[0m -58%   [2m(2 obs. fim_semana)[0m
2026-08-09 14:56:01 [INFO] 
2026-08-09 14:56:01 [INFO]   🔵 [94m[1mPT0002000068859393XH[0m  [2m[Cluster 1][0m
2026-08-09 14:56:01 [INFO]      consumiu MENOS que o habitual às 15h
2026-08-09 14:56:01 [INFO]      [2mReal:[0m 42.0 kWh   [2mHabitual:[0m 114.5 ± 16.3 kWh   [2mz:[0m -4.46   [2mdesvio:[0m -63%   [2m(2 obs. fim_semana)[0m
2026-08-09 14:56:01 [INFO] 
2026-08-09 14:56:01 [INFO]   🔵 [94m[1mPT0002000068857897ZV[0m  [2m[Cluster 0][0m
2026-08-09 14:56:01 [INFO]      consumiu MENOS que o habitual às 14h
2026-08-09 14:56:01 [INFO]      [2mReal:[0m 26.0 kWh   [2mHabitual:[0m 51.0 ± 5.7 kWh   [2mz:[0m -4.42   [2mdesvio:[0m -49%   [2m(2 obs. fim_semana)[0m
2026-08-09 14:56:01 [INFO] 
2026-08-09 14:56:01 [INFO]   🔵 [94m[1mPT0002000068859597LS[0m  [2m[Cluster 0][0m
2026-08-09 14:56:01 [INFO]      consumiu MENOS que o habitual às 10h
2026-08-09 14:56:01 [INFO]      [2mReal:[0m 26.0 kWh   [2mHabitual:[0m 46.5 ± 4.7 kWh   [2mz:[0m -4.41   [2mdesvio:[0m -44%   [2m(2 obs. fim_semana)[0m
2026-08-09 14:56:01 [INFO] 
2026-08-09 14:56:01 [INFO]   🔵 [94m[1mPT0002000068856267NC[0m  [2m[Cluster 0 (atribuido)][0m
2026-08-09 14:56:01 [INFO]      consumiu MENOS que o habitual às 09h
2026-08-09 14:56:01 [INFO]      [2mReal:[0m 16.0 kWh   [2mHabitual:[0m 28.5 ± 2.9 kWh   [2mz:[0m -4.39   [2mdesvio:[0m -44%   [2m(2 obs. fim_semana)[0m
2026-08-09 14:56:01 [INFO] 
2026-08-09 14:56:01 [INFO]   🔵 [94m[1mPT0002000068859393XH[0m  [2m[Cluster 1][0m
2026-08-09 14:56:01 [INFO]      consumiu MENOS que o habitual às 20h
2026-08-09 14:56:01 [INFO]      [2mReal:[0m 49.0 kWh   [2mHabitual:[0m 95.5 ± 10.6 kWh   [2mz:[0m -4.38   [2mdesvio:[0m -49%   [2m(2 obs. fim_semana)[0m
2026-08-09 14:56:01 [INFO] 
2026-08-09 14:56:01 [INFO]   🔵 [94m[1mPT0002000100113293JT[0m  [2m[Cluster 0][0m
2026-08-09 14:56:01 [INFO]      consumiu MENOS que o habitual às 06h
2026-08-09 14:56:01 [INFO]      [2mReal:[0m 85.0 kWh   [2mHabitual:[0m 151.0 ± 15.1 kWh   [2mz:[0m -4.37   [2mdesvio:[0m -44%   [2m(2 obs. fim_semana)[0m
2026-08-09 14:56:01 [INFO] 
2026-08-09 14:56:01 [INFO]   🔵 [94m[1mPT0002000100113293JT[0m  [2m[Cluster 0][0m
2026-08-09 14:56:01 [INFO]      consumiu MENOS que o habitual às 02h
2026-08-09 14:56:01 [INFO]      [2mReal:[0m 85.0 kWh   [2mHabitual:[0m 150.5 ± 15.1 kWh   [2mz:[0m -4.35   [2mdesvio:[0m -44%   [2m(2 obs. fim_semana)[0m
2026-08-09 14:56:01 [INFO] 
2026-08-09 14:56:01 [INFO]   🔵 [94m[1mPT0002000100113293JT[0m  [2m[Cluster 0][0m
2026-08-09 14:56:01 [INFO]      consumiu MENOS que o habitual às 03h
2026-08-09 14:56:01 [INFO]      [2mReal:[0m 86.0 kWh   [2mHabitual:[0m 151.0 ± 15.1 kWh   [2mz:[0m -4.30   [2mdesvio:[0m -43%   [2m(2 obs. fim_semana)[0m
2026-08-09 14:56:01 [INFO] 
2026-08-09 14:56:01 [INFO]   🔵 [94m[1mPT0002000100113293JT[0m  [2m[Cluster 0][0m
2026-08-09 14:56:01 [INFO]      consumiu MENOS que o habitual às 04h
2026-08-09 14:56:01 [INFO]      [2mReal:[0m 86.0 kWh   [2mHabitual:[0m 151.0 ± 15.1 kWh   [2mz:[0m -4.30   [2mdesvio:[0m -43%   [2m(2 obs. fim_semana)[0m
2026-08-09 14:56:01 [INFO] 
2026-08-09 14:56:01 [INFO]   🔵 [94m[1mPT0002000068858231YY[0m  [2m[Cluster 0 (atribuido)][0m
2026-08-09 14:56:01 [INFO]      consumiu MENOS que o habitual às 15h
2026-08-09 14:56:01 [INFO]      [2mReal:[0m 16.0 kWh   [2mHabitual:[0m 28.0 ± 2.8 kWh   [2mz:[0m -4.29   [2mdesvio:[0m -43%   [2m(2 obs. fim_semana)[0m
2026-08-09 14:56:01 [INFO] 
2026-08-09 14:56:01 [INFO]   🔵 [94m[1mPT0002000100113293JT[0m  [2m[Cluster 0][0m
2026-08-09 14:56:01 [INFO]      consumiu MENOS que o habitual às 01h
2026-08-09 14:56:01 [INFO]      [2mReal:[0m 86.0 kWh   [2mHabitual:[0m 150.0 ± 15.0 kWh   [2mz:[0m -4.27   [2mdesvio:[0m -43%   [2m(2 obs. fim_semana)[0m
2026-08-09 14:56:01 [INFO] 
2026-08-09 14:56:01 [INFO]   🔵 [94m[1mPT0002000100113293JT[0m  [2m[Cluster 0][0m
2026-08-09 14:56:01 [INFO]      consumiu MENOS que o habitual às 00h
2026-08-09 14:56:01 [INFO]      [2mReal:[0m 86.0 kWh   [2mHabitual:[0m 149.5 ± 14.9 kWh   [2mz:[0m -4.25   [2mdesvio:[0m -42%   [2m(2 obs. fim_semana)[0m
2026-08-09 14:56:01 [INFO] 
2026-08-09 14:56:01 [INFO]   🔵 [94m[1mPT0002000100113293JT[0m  [2m[Cluster 0][0m
2026-08-09 14:56:01 [INFO]      consumiu MENOS que o habitual às 05h
2026-08-09 14:56:01 [INFO]      [2mReal:[0m 86.0 kWh   [2mHabitual:[0m 149.5 ± 14.9 kWh   [2mz:[0m -4.25   [2mdesvio:[0m -42%   [2m(2 obs. fim_semana)[0m
2026-08-09 14:56:01 [INFO] 
2026-08-09 14:56:01 [INFO]   🔵 [94m[1mPT0002000068856655YV[0m  [2m[Cluster 0][0m
2026-08-09 14:56:01 [INFO]      consumiu MENOS que o habitual às 16h
2026-08-09 14:56:01 [INFO]      [2mReal:[0m 2.0 kWh   [2mHabitual:[0m 8.0 ± 1.4 kWh   [2mz:[0m -4.24   [2mdesvio:[0m -75%   [2m(2 obs. fim_semana)[0m
2026-08-09 14:56:01 [INFO] 
2026-08-09 14:56:01 [INFO]   🔵 [94m[1mPT0002000068857897ZV[0m  [2m[Cluster 0][0m
2026-08-09 14:56:01 [INFO]      consumiu MENOS que o habitual às 12h
2026-08-09 14:56:01 [INFO]      [2mReal:[0m 24.0 kWh   [2mHabitual:[0m 48.0 ± 5.7 kWh   [2mz:[0m -4.24   [2mdesvio:[0m -50%   [2m(2 obs. fim_semana)[0m
2026-08-09 14:56:01 [INFO] 
2026-08-09 14:56:01 [INFO]   🔵 [94m[1mPT0002000081344542CP[0m  [2m[Cluster 1][0m
2026-08-09 14:56:01 [INFO]      consumiu MENOS que o habitual às 18h
2026-08-09 14:56:01 [INFO]      [2mReal:[0m 1.0 kWh   [2mHabitual:[0m 7.0 ± 1.4 kWh   [2mz:[0m -4.24   [2mdesvio:[0m -86%   [2m(2 obs. fim_semana)[0m
2026-08-09 14:56:01 [INFO] 
2026-08-09 14:56:01 [INFO]   🔵 [94m[1mPT0002000110607652SB[0m  [2m[Cluster 0][0m
2026-08-09 14:56:01 [INFO]      consumiu MENOS que o habitual às 07h
2026-08-09 14:56:01 [INFO]      [2mReal:[0m 12.0 kWh   [2mHabitual:[0m 36.0 ± 5.7 kWh   [2mz:[0m -4.24   [2mdesvio:[0m -67%   [2m(2 obs. fim_semana)[0m
2026-08-09 14:56:01 [INFO] 
2026-08-09 14:56:01 [INFO]   🔵 [94m[1mPT0002000115700602GW[0m  [2m[Cluster 0][0m
2026-08-09 14:56:01 [INFO]      consumiu MENOS que o habitual às 09h
2026-08-09 14:56:01 [INFO]      [2mReal:[0m 7.0 kWh   [2mHabitual:[0m 13.0 ± 1.4 kWh   [2mz:[0m -4.24   [2mdesvio:[0m -46%   [2m(2 obs. fim_semana)[0m
2026-08-09 14:56:01 [INFO] 
2026-08-09 14:56:01 [INFO]   🔵 [94m[1mPT0002000068856267NC[0m  [2m[Cluster 0 (atribuido)][0m
2026-08-09 14:56:01 [INFO]      consumiu MENOS que o habitual às 12h
2026-08-09 14:56:01 [INFO]      [2mReal:[0m 15.0 kWh   [2mHabitual:[0m 26.0 ± 2.6 kWh   [2mz:[0m -4.23   [2mdesvio:[0m -42%   [2m(2 obs. fim_semana)[0m
2026-08-09 14:56:01 [INFO] 
2026-08-09 14:56:01 [INFO]   🔵 [94m[1mPT0002000068856974CZ[0m  [2m[Cluster 0 (atribuido)][0m
2026-08-09 14:56:01 [INFO]      consumiu MENOS que o habitual às 11h
2026-08-09 14:56:01 [INFO]      [2mReal:[0m 27.0 kWh   [2mHabitual:[0m 46.0 ± 4.6 kWh   [2mz:[0m -4.13   [2mdesvio:[0m -41%   [2m(2 obs. fim_semana)[0m
2026-08-09 14:56:01 [INFO] 
2026-08-09 14:56:01 [INFO]   🔵 [94m[1mPT0002000106102375RC[0m  [2m[Cluster 0 (atribuido)][0m
2026-08-09 14:56:01 [INFO]      consumiu MENOS que o habitual às 11h
2026-08-09 14:56:01 [INFO]      [2mReal:[0m 43.0 kWh   [2mHabitual:[0m 72.0 ± 7.2 kWh   [2mz:[0m -4.03   [2mdesvio:[0m -40%   [2m(2 obs. fim_semana)[0m
2026-08-09 14:56:01 [INFO] 
2026-08-09 14:56:01 [INFO]   🔵 [94m[1mPT0002000125379984SH[0m  [2m[Cluster 1][0m
2026-08-09 14:56:01 [INFO]      consumiu MENOS que o habitual às 15h
2026-08-09 14:56:01 [INFO]      [2mReal:[0m 4.0 kWh   [2mHabitual:[0m 12.5 ± 2.1 kWh   [2mz:[0m -4.01   [2mdesvio:[0m -68%   [2m(2 obs. fim_semana)[0m
2026-08-09 14:56:01 [INFO] 
2026-08-09 14:56:01 [INFO]   🔵 [94m[1mPT0002000112989585PH[0m  [2m[Cluster 0][0m
2026-08-09 14:56:01 [INFO]      consumiu MENOS que o habitual às 10h
2026-08-09 14:56:01 [INFO]      [2mReal:[0m 17.0 kWh   [2mHabitual:[0m 28.0 ± 2.8 kWh   [2mz:[0m -3.93   [2mdesvio:[0m -39%   [2m(2 obs. fim_semana)[0m
2026-08-09 14:56:01 [INFO] 
2026-08-09 14:56:01 [INFO]   🔵 [94m[1mPT0002000068859393XH[0m  [2m[Cluster 1][0m
2026-08-09 14:56:01 [INFO]      consumiu MENOS que o habitual às 16h
2026-08-09 14:56:01 [INFO]      [2mReal:[0m 43.0 kWh   [2mHabitual:[0m 106.5 ± 16.3 kWh   [2mz:[0m -3.90   [2mdesvio:[0m -60%   [2m(2 obs. fim_semana)[0m
2026-08-09 14:56:01 [INFO] 
2026-08-09 14:56:01 [INFO]   🔴 [91m[1mPT0002000107172384HT[0m  [2m[Cluster 1][0m
2026-08-09 14:56:01 [INFO]      consumiu MAIS que o habitual às 00h
2026-08-09 14:56:01 [INFO]      [2mReal:[0m 36.0 kWh   [2mHabitual:[0m 25.0 ± 2.8 kWh   [2mz:[0m +3.89   [2mdesvio:[0m +44%   [2m(2 obs. fim_semana)[0m
2026-08-09 14:56:01 [INFO] 
2026-08-09 14:56:01 [INFO]   🔵 [94m[1mPT0002000111572054VT[0m  [2m[Cluster 0 (atribuido)][0m
2026-08-09 14:56:01 [INFO]      consumiu MENOS que o habitual às 07h
2026-08-09 14:56:01 [INFO]      [2mReal:[0m 11.0 kWh   [2mHabitual:[0m 18.0 ± 1.8 kWh   [2mz:[0m -3.89   [2mdesvio:[0m -39%   [2m(2 obs. fim_semana)[0m
2026-08-09 14:56:01 [INFO] 
2026-08-09 14:56:01 [INFO]   🔵 [94m[1mPT0002000120237616VJ[0m  [2m[Cluster 0][0m
2026-08-09 14:56:01 [INFO]      consumiu MENOS que o habitual às 20h
2026-08-09 14:56:01 [INFO]      [2mReal:[0m 11.0 kWh   [2mHabitual:[0m 18.0 ± 1.8 kWh   [2mz:[0m -3.89   [2mdesvio:[0m -39%   [2m(2 obs. fim_semana)[0m
2026-08-09 14:56:01 [INFO] 
2026-08-09 14:56:01 [INFO]   🔵 [94m[1mPT0002000068856267NC[0m  [2m[Cluster 0 (atribuido)][0m
2026-08-09 14:56:01 [INFO]      consumiu MENOS que o habitual às 08h
2026-08-09 14:56:01 [INFO]      [2mReal:[0m 15.0 kWh   [2mHabitual:[0m 24.5 ± 2.5 kWh   [2mz:[0m -3.88   [2mdesvio:[0m -39%   [2m(2 obs. fim_semana)[0m
2026-08-09 14:56:01 [INFO] 
2026-08-09 14:56:01 [INFO]   🔵 [94m[1mPT0002000120237616VJ[0m  [2m[Cluster 0][0m
2026-08-09 14:56:01 [INFO]      consumiu MENOS que o habitual às 22h
2026-08-09 14:56:01 [INFO]      [2mReal:[0m 10.0 kWh   [2mHabitual:[0m 16.3 ± 1.6 kWh   [2mz:[0m -3.88   [2mdesvio:[0m -39%   [2m(3 obs. fim_semana)[0m
2026-08-09 14:56:01 [INFO] 
2026-08-09 14:56:01 [INFO]   🔵 [94m[1mPT0002000068856974CZ[0m  [2m[Cluster 0 (atribuido)][0m
2026-08-09 14:56:01 [INFO]      consumiu MENOS que o habitual às 09h
2026-08-09 14:56:01 [INFO]      [2mReal:[0m 27.0 kWh   [2mHabitual:[0m 44.0 ± 4.4 kWh   [2mz:[0m -3.86   [2mdesvio:[0m -39%   [2m(2 obs. fim_semana)[0m
2026-08-09 14:56:01 [INFO] 
2026-08-09 14:56:01 [INFO]   🔵 [94m[1mPT0002000073481266XH[0m  [2m[Cluster 0][0m
2026-08-09 14:56:01 [INFO]      consumiu MENOS que o habitual às 14h
2026-08-09 14:56:01 [INFO]      [2mReal:[0m 5.0 kWh   [2mHabitual:[0m 29.5 ± 6.4 kWh   [2mz:[0m -3.85   [2mdesvio:[0m -83%   [2m(2 obs. fim_semana)[0m
2026-08-09 14:56:01 [INFO] 
2026-08-09 14:56:01 [INFO]   🔵 [94m[1mPT0002000101964938LF[0m  [2m[Cluster 0][0m
2026-08-09 14:56:01 [INFO]      consumiu MENOS que o habitual às 19h
2026-08-09 14:56:01 [INFO]      [2mReal:[0m 9.0 kWh   [2mHabitual:[0m 47.0 ± 9.9 kWh   [2mz:[0m -3.84   [2mdesvio:[0m -81%   [2m(2 obs. fim_semana)[0m
2026-08-09 14:56:01 [INFO] 
2026-08-09 14:56:01 [INFO]   🔵 [94m[1mPT0002000078233981HJ[0m  [2m[Cluster 1][0m
2026-08-09 14:56:01 [INFO]      consumiu MENOS que o habitual às 17h
2026-08-09 14:56:01 [INFO]      [2mReal:[0m 2.0 kWh   [2mHabitual:[0m 15.5 ± 3.5 kWh   [2mz:[0m -3.82   [2mdesvio:[0m -87%   [2m(2 obs. fim_semana)[0m
2026-08-09 14:56:01 [INFO] 
2026-08-09 14:56:01 [INFO]   🔵 [94m[1mPT0002000068858231YY[0m  [2m[Cluster 0 (atribuido)][0m
2026-08-09 14:56:01 [INFO]      consumiu MENOS que o habitual às 14h
2026-08-09 14:56:01 [INFO]      [2mReal:[0m 18.0 kWh   [2mHabitual:[0m 29.0 ± 2.9 kWh   [2mz:[0m -3.79   [2mdesvio:[0m -38%   [2m(2 obs. fim_semana)[0m
2026-08-09 14:56:01 [INFO] 
2026-08-09 14:56:01 [INFO]   🔵 [94m[1mPT0002000115031201VQ[0m  [2m[Cluster 0][0m
2026-08-09 14:56:01 [INFO]      consumiu MENOS que o habitual às 19h
2026-08-09 14:56:01 [INFO]      [2mReal:[0m 5.0 kWh   [2mHabitual:[0m 8.0 ± 0.8 kWh   [2mz:[0m -3.75   [2mdesvio:[0m -38%   [2m(2 obs. fim_semana)[0m
2026-08-09 14:56:01 [INFO] 
2026-08-09 14:56:01 [INFO]   🔵 [94m[1mPT0002000068859325FL[0m  [2m[Cluster 1][0m
2026-08-09 14:56:01 [INFO]      consumiu MENOS que o habitual às 17h
2026-08-09 14:56:01 [INFO]      [2mReal:[0m 72.0 kWh   [2mHabitual:[0m 146.0 ± 19.8 kWh   [2mz:[0m -3.74   [2mdesvio:[0m -51%   [2m(2 obs. fim_semana)[0m
2026-08-09 14:56:01 [INFO] 
2026-08-09 14:56:01 [INFO]   🔵 [94m[1mPT0002000068858231YY[0m  [2m[Cluster 0 (atribuido)][0m
2026-08-09 14:56:01 [INFO]      consumiu MENOS que o habitual às 13h
2026-08-09 14:56:01 [INFO]      [2mReal:[0m 16.0 kWh   [2mHabitual:[0m 25.5 ± 2.5 kWh   [2mz:[0m -3.73   [2mdesvio:[0m -37%   [2m(2 obs. fim_semana)[0m
2026-08-09 14:56:01 [INFO] 
2026-08-09 14:56:01 [INFO]   🔵 [94m[1mPT0002000068859187RL[0m  [2m[Cluster 0][0m
2026-08-09 14:56:01 [INFO]      consumiu MENOS que o habitual às 10h
2026-08-09 14:56:01 [INFO]      [2mReal:[0m 10.0 kWh   [2mHabitual:[0m 52.0 ± 11.3 kWh   [2mz:[0m -3.71   [2mdesvio:[0m -81%   [2m(2 obs. fim_semana)[0m
2026-08-09 14:56:01 [INFO] 
2026-08-09 14:56:01 [INFO]   🔵 [94m[1mPT0002000068856267NC[0m  [2m[Cluster 0 (atribuido)][0m
2026-08-09 14:56:01 [INFO]      consumiu MENOS que o habitual às 11h
2026-08-09 14:56:01 [INFO]      [2mReal:[0m 17.0 kWh   [2mHabitual:[0m 27.0 ± 2.7 kWh   [2mz:[0m -3.70   [2mdesvio:[0m -37%   [2m(2 obs. fim_semana)[0m
2026-08-09 14:56:01 [INFO] 
2026-08-09 14:56:01 [INFO]   🔵 [94m[1mPT0002000033074862LZ[0m  [2m[Cluster 0][0m
2026-08-09 14:56:01 [INFO]      consumiu MENOS que o habitual às 15h
2026-08-09 14:56:01 [INFO]      [2mReal:[0m 6.0 kWh   [2mHabitual:[0m 9.5 ± 0.9 kWh   [2mz:[0m -3.68   [2mdesvio:[0m -37%   [2m(2 obs. fim_semana)[0m
2026-08-09 14:56:01 [INFO] 
2026-08-09 14:56:01 [INFO]   🔵 [94m[1mPT0002000068857897ZV[0m  [2m[Cluster 0][0m
2026-08-09 14:56:01 [INFO]      consumiu MENOS que o habitual às 09h
2026-08-09 14:56:01 [INFO]      [2mReal:[0m 28.0 kWh   [2mHabitual:[0m 56.5 ± 7.8 kWh   [2mz:[0m -3.66   [2mdesvio:[0m -50%   [2m(2 obs. fim_semana)[0m
2026-08-09 14:56:01 [INFO] 
2026-08-09 14:56:01 [INFO]   🔵 [94m[1mPT0002000106102375RC[0m  [2m[Cluster 0 (atribuido)][0m
2026-08-09 14:56:01 [INFO]      consumiu MENOS que o habitual às 12h
2026-08-09 14:56:01 [INFO]      [2mReal:[0m 48.0 kWh   [2mHabitual:[0m 75.5 ± 7.5 kWh   [2mz:[0m -3.64   [2mdesvio:[0m -36%   [2m(2 obs. fim_semana)[0m
2026-08-09 14:56:01 [INFO] 
2026-08-09 14:56:01 [INFO]   🔵 [94m[1mPT0002000068858231YY[0m  [2m[Cluster 0 (atribuido)][0m
2026-08-09 14:56:01 [INFO]      consumiu MENOS que o habitual às 08h
2026-08-09 14:56:01 [INFO]      [2mReal:[0m 15.0 kWh   [2mHabitual:[0m 23.5 ± 2.4 kWh   [2mz:[0m -3.62   [2mdesvio:[0m -36%   [2m(2 obs. fim_semana)[0m
2026-08-09 14:56:01 [INFO] 
2026-08-09 14:56:01 [INFO]   🔵 [94m[1mPT0002000068859187RL[0m  [2m[Cluster 0][0m
2026-08-09 14:56:01 [INFO]      consumiu MENOS que o habitual às 09h
2026-08-09 14:56:01 [INFO]      [2mReal:[0m 10.0 kWh   [2mHabitual:[0m 51.0 ± 11.3 kWh   [2mz:[0m -3.62   [2mdesvio:[0m -80%   [2m(2 obs. fim_semana)[0m
2026-08-09 14:56:01 [INFO] 
2026-08-09 14:56:01 [INFO]   🔵 [94m[1mPT0002000106102375RC[0m  [2m[Cluster 0 (atribuido)][0m
2026-08-09 14:56:01 [INFO]      consumiu MENOS que o habitual às 10h
2026-08-09 14:56:01 [INFO]      [2mReal:[0m 45.0 kWh   [2mHabitual:[0m 70.5 ± 7.0 kWh   [2mz:[0m -3.62   [2mdesvio:[0m -36%   [2m(2 obs. fim_semana)[0m
2026-08-09 14:56:01 [INFO] 
2026-08-09 14:56:01 [INFO]   🔵 [94m[1mPT0002000125701614SQ[0m  [2m[Cluster 1 (atribuido)][0m
2026-08-09 14:56:01 [INFO]      consumiu MENOS que o habitual às 16h
2026-08-09 14:56:01 [INFO]      [2mReal:[0m 22.0 kWh   [2mHabitual:[0m 34.5 ± 3.5 kWh   [2mz:[0m -3.62   [2mdesvio:[0m -36%   [2m(2 obs. fim_semana)[0m
2026-08-09 14:56:01 [INFO] 
2026-08-09 14:56:01 [INFO]   🔵 [94m[1mPT0002000115673471CB[0m  [2m[Cluster 0][0m
2026-08-09 14:56:01 [INFO]      consumiu MENOS que o habitual às 07h
2026-08-09 14:56:01 [INFO]      [2mReal:[0m 8.0 kWh   [2mHabitual:[0m 12.5 ± 1.2 kWh   [2mz:[0m -3.60   [2mdesvio:[0m -36%   [2m(2 obs. fim_semana)[0m
2026-08-09 14:56:01 [INFO] 
2026-08-09 14:56:01 [INFO]   🔵 [94m[1mPT0002000106102375RC[0m  [2m[Cluster 0 (atribuido)][0m
2026-08-09 14:56:01 [INFO]      consumiu MENOS que o habitual às 09h
2026-08-09 14:56:01 [INFO]      [2mReal:[0m 44.0 kWh   [2mHabitual:[0m 68.5 ± 6.8 kWh   [2mz:[0m -3.58   [2mdesvio:[0m -36%   [2m(2 obs. fim_semana)[0m
2026-08-09 14:56:01 [INFO] 
2026-08-09 14:56:01 [INFO]   🔵 [94m[1mPT0002000068859597LS[0m  [2m[Cluster 0][0m
2026-08-09 14:56:01 [INFO]      consumiu MENOS que o habitual às 09h
2026-08-09 14:56:01 [INFO]      [2mReal:[0m 27.0 kWh   [2mHabitual:[0m 42.0 ± 4.2 kWh   [2mz:[0m -3.57   [2mdesvio:[0m -36%   [2m(2 obs. fim_semana)[0m
2026-08-09 14:56:01 [INFO] 
2026-08-09 14:56:01 [INFO]   🔵 [94m[1mPT0002000201038711LS[0m  [2m[Cluster 1 (atribuido)][0m
2026-08-09 14:56:01 [INFO]      consumiu MENOS que o habitual às 22h
2026-08-09 14:56:01 [INFO]      [2mReal:[0m 1.0 kWh   [2mHabitual:[0m 63.7 ± 17.6 kWh   [2mz:[0m -3.56   [2mdesvio:[0m -98%   [2m(3 obs. fim_semana)[0m
2026-08-09 14:56:01 [INFO] 
2026-08-09 14:56:01 [INFO]   🔵 [94m[1mPT0002000068856655YV[0m  [2m[Cluster 0][0m
2026-08-09 14:56:01 [INFO]      consumiu MENOS que o habitual às 08h
2026-08-09 14:56:01 [INFO]      [2mReal:[0m 2.0 kWh   [2mHabitual:[0m 4.5 ± 0.7 kWh   [2mz:[0m -3.54   [2mdesvio:[0m -56%   [2m(2 obs. fim_semana)[0m
2026-08-09 14:56:01 [INFO] 
2026-08-09 14:56:01 [INFO]   🔴 [91m[1mPT0002000068856872QG[0m  [2m[Cluster 1][0m
2026-08-09 14:56:01 [INFO]      consumiu MAIS que o habitual às 08h
2026-08-09 14:56:01 [INFO]      [2mReal:[0m 3.0 kWh   [2mHabitual:[0m 0.5 ± 0.7 kWh   [2mz:[0m +3.54   [2mdesvio:[0m +500%   [2m(2 obs. fim_semana)[0m
2026-08-09 14:56:01 [INFO] 
2026-08-09 14:56:01 [INFO]   🔵 [94m[1mPT0002000068856974CZ[0m  [2m[Cluster 0 (atribuido)][0m
2026-08-09 14:56:01 [INFO]      consumiu MENOS que o habitual às 17h
2026-08-09 14:56:01 [INFO]      [2mReal:[0m 12.0 kWh   [2mHabitual:[0m 39.5 ± 7.8 kWh   [2mz:[0m -3.54   [2mdesvio:[0m -70%   [2m(2 obs. fim_semana)[0m
2026-08-09 14:56:01 [INFO] 
2026-08-09 14:56:01 [INFO]   🔵 [94m[1mPT0002000068856974CZ[0m  [2m[Cluster 0 (atribuido)][0m
2026-08-09 14:56:01 [INFO]      consumiu MENOS que o habitual às 18h
2026-08-09 14:56:01 [INFO]      [2mReal:[0m 10.0 kWh   [2mHabitual:[0m 32.5 ± 6.4 kWh   [2mz:[0m -3.54   [2mdesvio:[0m -69%   [2m(2 obs. fim_semana)[0m
2026-08-09 14:56:01 [INFO] 
2026-08-09 14:56:01 [INFO]   🔵 [94m[1mPT0002000068857909SY[0m  [2m[Cluster 1][0m
2026-08-09 14:56:01 [INFO]      consumiu MENOS que o habitual às 16h
2026-08-09 14:56:01 [INFO]      [2mReal:[0m 1.0 kWh   [2mHabitual:[0m 6.0 ± 1.4 kWh   [2mz:[0m -3.54   [2mdesvio:[0m -83%   [2m(2 obs. fim_semana)[0m
2026-08-09 14:56:01 [INFO] 
2026-08-09 14:56:01 [INFO]   🔵 [94m[1mPT0002000068858231YY[0m  [2m[Cluster 0 (atribuido)][0m
2026-08-09 14:56:01 [INFO]      consumiu MENOS que o habitual às 10h
2026-08-09 14:56:01 [INFO]      [2mReal:[0m 16.0 kWh   [2mHabitual:[0m 33.5 ± 5.0 kWh   [2mz:[0m -3.54   [2mdesvio:[0m -52%   [2m(2 obs. fim_semana)[0m
2026-08-09 14:56:01 [INFO] 
2026-08-09 14:56:01 [INFO]   🔵 [94m[1mPT0002000078233981HJ[0m  [2m[Cluster 1][0m
2026-08-09 14:56:01 [INFO]      consumiu MENOS que o habitual às 11h
2026-08-09 14:56:01 [INFO]      [2mReal:[0m 1.0 kWh   [2mHabitual:[0m 3.5 ± 0.7 kWh   [2mz:[0m -3.54   [2mdesvio:[0m -71%   [2m(2 obs. fim_semana)[0m
2026-08-09 14:56:01 [INFO] 
2026-08-09 14:56:01 [INFO]   🔵 [94m[1mPT0002000078233981HJ[0m  [2m[Cluster 1][0m
2026-08-09 14:56:01 [INFO]      consumiu MENOS que o habitual às 14h
2026-08-09 14:56:01 [INFO]      [2mReal:[0m 1.0 kWh   [2mHabitual:[0m 3.5 ± 0.7 kWh   [2mz:[0m -3.54   [2mdesvio:[0m -71%   [2m(2 obs. fim_semana)[0m
2026-08-09 14:56:01 [INFO] 
2026-08-09 14:56:01 [INFO]   🔵 [94m[1mPT0002000111572054VT[0m  [2m[Cluster 0 (atribuido)][0m
2026-08-09 14:56:01 [INFO]      consumiu MENOS que o habitual às 19h
2026-08-09 14:56:01 [INFO]      [2mReal:[0m 9.0 kWh   [2mHabitual:[0m 29.0 ± 5.7 kWh   [2mz:[0m -3.54   [2mdesvio:[0m -69%   [2m(2 obs. fim_semana)[0m
2026-08-09 14:56:01 [INFO] 
2026-08-09 14:56:01 [INFO]   🔵 [94m[1mPT0002000125379984SH[0m  [2m[Cluster 1][0m
2026-08-09 14:56:01 [INFO]      consumiu MENOS que o habitual às 16h
2026-08-09 14:56:01 [INFO]      [2mReal:[0m 3.0 kWh   [2mHabitual:[0m 13.0 ± 2.8 kWh   [2mz:[0m -3.54   [2mdesvio:[0m -77%   [2m(2 obs. fim_semana)[0m
2026-08-09 14:56:01 [INFO] 
2026-08-09 14:56:01 [INFO]   [2mCSV:[0m /home/runner/work/ts-anomaly-detection-dissertation/ts-anomaly-detection-dissertation/results/energia/realtime/alerts/analise_energia_2026-08-08.csv
2026-08-09 14:56:01 [INFO] 
2026-08-09 14:56:01 [INFO] [96m→ A prever consumo de 2026-08-09 para 276 CPEs...[0m
2026-08-09 14:56:06 [INFO] [1m══════════════════════════════════════════════════════════════════════[0m
2026-08-09 14:56:06 [INFO] [1m  PREDIÇÃO — 2026-08-09 [0m[2m(fim semana)[0m
2026-08-09 14:56:06 [INFO] [1m══════════════════════════════════════════════════════════════════════[0m
2026-08-09 14:56:06 [INFO]   [95m● CPEs previstos[0m          69 [2m(alta: 0, baixa: 1656)[0m
2026-08-09 14:56:06 [INFO]   [95m● Consumo total previsto[0m 83821.3 kWh [2m(±17477.9)[0m
2026-08-09 14:56:06 [INFO] 
2026-08-09 14:56:06 [INFO]   [2mPrevisão guardada:[0m /home/runner/work/ts-anomaly-detection-dissertation/ts-anomaly-detection-dissertation/results/energia/realtime/predictions/previsao_energia_2026-08-09.csv
2026-08-09 14:56:06 [INFO] 
2026-08-09 14:56:06 [INFO] [1m══════════════════════════════════════════════════════════════════════[0m
2026-08-09 14:56:06 [INFO] [1m  VALIDAÇÃO — qualidade das previsões anteriores[0m
2026-08-09 14:56:06 [INFO] [1m══════════════════════════════════════════════════════════════════════[0m
2026-08-09 14:56:06 [INFO]   [2mDias validados:[0m 4   [2mpendentes:[0m 55
2026-08-09 14:56:06 [INFO]   [2mÚltimo (2026-08-08):[0m MAE 12.73 kWh   RMSE 38.49   em ±1σ 57% [2m(esperado ~68%)[0m   em ±2σ 78% [2m(esperado ~95%)[0m
2026-08-09 14:56:06 [INFO]   [2mMédia acumulada:[0m MAE 9.67 kWh   RMSE 29.30   em ±1σ 64%   em ±2σ 81%
2026-08-09 14:56:06 [INFO]   [2mCSV:[0m /home/runner/work/ts-anomaly-detection-dissertation/ts-anomaly-detection-dissertation/results/energia/realtime/analysis/qualidade_previsoes_energia.csv
2026-08-09 14:56:06 [INFO] 
2026-08-09 14:56:06 [INFO] 
2026-08-09 14:56:06 [INFO] Concluido em 421.2s. Ficheiros gerados: 2
2026-08-09 15:42:13 [INFO] [96m→ A pedir dados ao BaZe (276 CPEs)...[0m
2026-08-09 15:49:06 [INFO]   [2mClusters atribuidos carregados:[0m 22 novos
2026-08-09 15:49:06 [INFO] 
2026-08-09 15:49:06 [INFO] [1m══════════════════════════════════════════════════════════════════════[0m
2026-08-09 15:49:06 [INFO] [1m  DETEÇÃO DE ANOMALIAS — 2026-08-08[0m
2026-08-09 15:49:06 [INFO] [1m══════════════════════════════════════════════════════════════════════[0m
2026-08-09 15:49:06 [INFO]   [2mTipo de dia:[0m  fim semana
2026-08-09 15:49:06 [INFO]   [2mFonte:[0m        BAZE
2026-08-09 15:49:06 [INFO]   [2mCPEs c/ dados:[0m 69
2026-08-09 15:49:06 [INFO]   [2mThreshold:[0m    |z| > 3.5 [2m(adaptativo a este tipo de dia)[0m
2026-08-09 15:49:06 [INFO] 
2026-08-09 15:49:06 [INFO] [96m→ A analisar 69 CPEs / 1656 pontos horários (retrospetiva)...[0m
2026-08-09 15:49:08 [INFO] [1m─── Resumo ─────────────────────────────────────[0m
2026-08-09 15:49:08 [INFO]   [92m● Normal[0m                1439 [2m( 86.9%)[0m
2026-08-09 15:49:08 [INFO]   [91m● Desvio (alta confiança)[0m    0 [2m(  0.0%)[0m
2026-08-09 15:49:08 [INFO]   [93m● Desvio (baixa confiança)[0m 217 [2m( 13.1%)[0m
2026-08-09 15:49:08 [INFO]   [2mTempo: 414.8s[0m
2026-08-09 15:49:08 [INFO] 
2026-08-09 15:49:08 [INFO] [1m[93m─── Desvios de BAIXA confiança (217) ──────────────[0m
2026-08-09 15:49:08 [INFO]   [2m(poucos dados históricos — verificar manualmente)[0m
2026-08-09 15:49:08 [INFO] 
2026-08-09 15:49:08 [INFO]   🔴 [91m[1mPT0002000068856872QG[0m  [2m[Cluster 1][0m
2026-08-09 15:49:08 [INFO]      consumiu MAIS que o habitual às 21h
2026-08-09 15:49:08 [INFO]      [2mReal:[0m 3.0 kWh   [2mHabitual:[0m 0.0 ± 0.3 kWh   [2mz:[0m +10.00   [2mdesvio:[0m +300000%   [2m(3 obs. fim_semana)[0m
2026-08-09 15:49:08 [INFO] 
2026-08-09 15:49:08 [INFO]   🔴 [91m[1mPT0002000068857099AR[0m  [2m[Cluster 1][0m
2026-08-09 15:49:08 [INFO]      consumiu MAIS que o habitual às 08h
2026-08-09 15:49:08 [INFO]      [2mReal:[0m 12.0 kWh   [2mHabitual:[0m 4.0 ± 0.4 kWh   [2mz:[0m +10.00⁺   [2mdesvio:[0m +200%   [2m(2 obs. fim_semana)[0m
2026-08-09 15:49:08 [INFO] 
2026-08-09 15:49:08 [INFO]   🔴 [91m[1mPT0002000068857099AR[0m  [2m[Cluster 1][0m
2026-08-09 15:49:08 [INFO]      consumiu MAIS que o habitual às 11h
2026-08-09 15:49:08 [INFO]      [2mReal:[0m 12.0 kWh   [2mHabitual:[0m 4.0 ± 0.4 kWh   [2mz:[0m +10.00⁺   [2mdesvio:[0m +200%   [2m(2 obs. fim_semana)[0m
2026-08-09 15:49:08 [INFO] 
2026-08-09 15:49:08 [INFO]   🔴 [91m[1mPT0002000068857099AR[0m  [2m[Cluster 1][0m
2026-08-09 15:49:08 [INFO]      consumiu MAIS que o habitual às 12h
2026-08-09 15:49:08 [INFO]      [2mReal:[0m 9.0 kWh   [2mHabitual:[0m 4.0 ± 0.4 kWh   [2mz:[0m +10.00⁺   [2mdesvio:[0m +125%   [2m(2 obs. fim_semana)[0m
2026-08-09 15:49:08 [INFO] 
2026-08-09 15:49:08 [INFO]   🔴 [91m[1mPT0002000068857099AR[0m  [2m[Cluster 1][0m
2026-08-09 15:49:08 [INFO]      consumiu MAIS que o habitual às 13h
2026-08-09 15:49:08 [INFO]      [2mReal:[0m 8.0 kWh   [2mHabitual:[0m 4.0 ± 0.4 kWh   [2mz:[0m +10.00   [2mdesvio:[0m +100%   [2m(2 obs. fim_semana)[0m
2026-08-09 15:49:08 [INFO] 
2026-08-09 15:49:08 [INFO]   🔴 [91m[1mPT0002000068858674WN[0m  [2m[Cluster 1 (atribuido)][0m
2026-08-09 15:49:08 [INFO]      consumiu MAIS que o habitual às 02h
2026-08-09 15:49:08 [INFO]      [2mReal:[0m 8.0 kWh   [2mHabitual:[0m 4.0 ± 0.4 kWh   [2mz:[0m +10.00   [2mdesvio:[0m +100%   [2m(2 obs. fim_semana)[0m
2026-08-09 15:49:08 [INFO] 
2026-08-09 15:49:08 [INFO]   🔴 [91m[1mPT0002000073720434JD[0m  [2m[Cluster 1 (atribuido)][0m
2026-08-09 15:49:08 [INFO]      consumiu MAIS que o habitual às 01h
2026-08-09 15:49:08 [INFO]      [2mReal:[0m 48.0 kWh   [2mHabitual:[0m 23.5 ± 2.4 kWh   [2mz:[0m +10.00⁺   [2mdesvio:[0m +104%   [2m(2 obs. fim_semana)[0m
2026-08-09 15:49:08 [INFO] 
2026-08-09 15:49:08 [INFO]   🔴 [91m[1mPT0002000077348081AG[0m  [2m[Cluster 0 (atribuido)][0m
2026-08-09 15:49:08 [INFO]      consumiu MAIS que o habitual às 23h
2026-08-09 15:49:08 [INFO]      [2mReal:[0m 59.0 kWh   [2mHabitual:[0m 25.0 ± 2.5 kWh   [2mz:[0m +10.00⁺   [2mdesvio:[0m +136%   [2m(3 obs. fim_semana)[0m
2026-08-09 15:49:08 [INFO] 
2026-08-09 15:49:08 [INFO]   🔴 [91m[1mPT0002000081344542CP[0m  [2m[Cluster 1][0m
2026-08-09 15:49:08 [INFO]      consumiu MAIS que o habitual às 00h
2026-08-09 15:49:08 [INFO]      [2mReal:[0m 11.0 kWh   [2mHabitual:[0m 2.0 ± 0.3 kWh   [2mz:[0m +10.00⁺   [2mdesvio:[0m +450%   [2m(2 obs. fim_semana)[0m
2026-08-09 15:49:08 [INFO] 
2026-08-09 15:49:08 [INFO]   🔴 [91m[1mPT0002000081344542CP[0m  [2m[Cluster 1][0m
2026-08-09 15:49:08 [INFO]      consumiu MAIS que o habitual às 03h
2026-08-09 15:49:08 [INFO]      [2mReal:[0m 6.0 kWh   [2mHabitual:[0m 2.0 ± 0.3 kWh   [2mz:[0m +10.00⁺   [2mdesvio:[0m +200%   [2m(2 obs. fim_semana)[0m
2026-08-09 15:49:08 [INFO] 
2026-08-09 15:49:08 [INFO]   🔴 [91m[1mPT0002000125701614SQ[0m  [2m[Cluster 1 (atribuido)][0m
2026-08-09 15:49:08 [INFO]      consumiu MAIS que o habitual às 09h
2026-08-09 15:49:08 [INFO]      [2mReal:[0m 52.0 kWh   [2mHabitual:[0m 15.0 ± 1.5 kWh   [2mz:[0m +10.00⁺   [2mdesvio:[0m +247%   [2m(2 obs. fim_semana)[0m
2026-08-09 15:49:08 [INFO] 
2026-08-09 15:49:08 [INFO]   🔵 [94m[1mPT0002000201038711LS[0m  [2m[Cluster 1 (atribuido)][0m
2026-08-09 15:49:08 [INFO]      consumiu MENOS que o habitual às 17h
2026-08-09 15:49:08 [INFO]      [2mReal:[0m 0.0 kWh   [2mHabitual:[0m 68.5 ± 6.8 kWh   [2mz:[0m -10.00   [2mdesvio:[0m -100%   [2m(2 obs. fim_semana)[0m
2026-08-09 15:49:08 [INFO] 
2026-08-09 15:49:08 [INFO]   🔴 [91m[1mPT0002000203419117SJ[0m  [2m[Cluster 2 (atribuido)][0m
2026-08-09 15:49:08 [INFO]      consumiu MAIS que o habitual às 07h
2026-08-09 15:49:08 [INFO]      [2mReal:[0m 4.0 kWh   [2mHabitual:[0m 0.0 ± 0.3 kWh   [2mz:[0m +10.00⁺   [2mdesvio:[0m +400000%   [2m(2 obs. fim_semana)[0m
2026-08-09 15:49:08 [INFO] 
2026-08-09 15:49:08 [INFO]   🔵 [94m[1mPT0002000201038711LS[0m  [2m[Cluster 1 (atribuido)][0m
2026-08-09 15:49:08 [INFO]      consumiu MENOS que o habitual às 23h
2026-08-09 15:49:08 [INFO]      [2mReal:[0m 0.0 kWh   [2mHabitual:[0m 43.3 ± 4.6 kWh   [2mz:[0m -9.38   [2mdesvio:[0m -100%   [2m(3 obs. fim_semana)[0m
2026-08-09 15:49:08 [INFO] 
2026-08-09 15:49:08 [INFO]   🔵 [94m[1mPT0002000201038711LS[0m  [2m[Cluster 1 (atribuido)][0m
2026-08-09 15:49:08 [INFO]      consumiu MENOS que o habitual às 15h
2026-08-09 15:49:08 [INFO]      [2mReal:[0m 0.0 kWh   [2mHabitual:[0m 32.5 ± 3.5 kWh   [2mz:[0m -9.19   [2mdesvio:[0m -100%   [2m(2 obs. fim_semana)[0m
2026-08-09 15:49:08 [INFO] 
2026-08-09 15:49:08 [INFO]   🔵 [94m[1mPT0002000081344542CP[0m  [2m[Cluster 1][0m
2026-08-09 15:49:08 [INFO]      consumiu MENOS que o habitual às 09h
2026-08-09 15:49:08 [INFO]      [2mReal:[0m 1.0 kWh   [2mHabitual:[0m 9.5 ± 0.9 kWh   [2mz:[0m -8.95   [2mdesvio:[0m -89%   [2m(2 obs. fim_semana)[0m
2026-08-09 15:49:08 [INFO] 
2026-08-09 15:49:08 [INFO]   🔵 [94m[1mPT0002000068856655YV[0m  [2m[Cluster 0][0m
2026-08-09 15:49:08 [INFO]      consumiu MENOS que o habitual às 14h
2026-08-09 15:49:08 [INFO]      [2mReal:[0m 1.0 kWh   [2mHabitual:[0m 8.5 ± 0.8 kWh   [2mz:[0m -8.82   [2mdesvio:[0m -88%   [2m(2 obs. fim_semana)[0m
2026-08-09 15:49:08 [INFO] 
2026-08-09 15:49:08 [INFO]   🔵 [94m[1mPT0002000068857909SY[0m  [2m[Cluster 1][0m
2026-08-09 15:49:08 [INFO]      consumiu MENOS que o habitual às 12h
2026-08-09 15:49:08 [INFO]      [2mReal:[0m 1.0 kWh   [2mHabitual:[0m 8.0 ± 0.8 kWh   [2mz:[0m -8.75   [2mdesvio:[0m -88%   [2m(2 obs. fim_semana)[0m
2026-08-09 15:49:08 [INFO] 
2026-08-09 15:49:08 [INFO]   🔵 [94m[1mPT0002000073481266XH[0m  [2m[Cluster 0][0m
2026-08-09 15:49:08 [INFO]      consumiu MENOS que o habitual às 11h
2026-08-09 15:49:08 [INFO]      [2mReal:[0m 5.0 kWh   [2mHabitual:[0m 38.0 ± 3.8 kWh   [2mz:[0m -8.68   [2mdesvio:[0m -87%   [2m(2 obs. fim_semana)[0m
2026-08-09 15:49:08 [INFO] 
2026-08-09 15:49:08 [INFO]   🔵 [94m[1mPT0002000068857909SY[0m  [2m[Cluster 1][0m
2026-08-09 15:49:08 [INFO]      consumiu MENOS que o habitual às 10h
2026-08-09 15:49:08 [INFO]      [2mReal:[0m 1.0 kWh   [2mHabitual:[0m 7.5 ± 0.8 kWh   [2mz:[0m -8.67   [2mdesvio:[0m -87%   [2m(2 obs. fim_semana)[0m
2026-08-09 15:49:08 [INFO] 
2026-08-09 15:49:08 [INFO]   🔵 [94m[1mPT0002000068857909SY[0m  [2m[Cluster 1][0m
2026-08-09 15:49:08 [INFO]      consumiu MENOS que o habitual às 11h
2026-08-09 15:49:08 [INFO]      [2mReal:[0m 1.0 kWh   [2mHabitual:[0m 7.5 ± 0.8 kWh   [2mz:[0m -8.67   [2mdesvio:[0m -87%   [2m(2 obs. fim_semana)[0m
2026-08-09 15:49:08 [INFO] 
2026-08-09 15:49:08 [INFO]   🔵 [94m[1mPT0002000068857909SY[0m  [2m[Cluster 1][0m
2026-08-09 15:49:08 [INFO]      consumiu MENOS que o habitual às 13h
2026-08-09 15:49:08 [INFO]      [2mReal:[0m 1.0 kWh   [2mHabitual:[0m 7.5 ± 0.8 kWh   [2mz:[0m -8.67   [2mdesvio:[0m -87%   [2m(2 obs. fim_semana)[0m
2026-08-09 15:49:08 [INFO] 
2026-08-09 15:49:08 [INFO]   🔵 [94m[1mPT0002000068857909SY[0m  [2m[Cluster 1][0m
2026-08-09 15:49:08 [INFO]      consumiu MENOS que o habitual às 15h
2026-08-09 15:49:08 [INFO]      [2mReal:[0m 1.0 kWh   [2mHabitual:[0m 7.0 ± 0.7 kWh   [2mz:[0m -8.57   [2mdesvio:[0m -86%   [2m(2 obs. fim_semana)[0m
2026-08-09 15:49:08 [INFO] 
2026-08-09 15:49:08 [INFO]   🔵 [94m[1mPT0002000073481266XH[0m  [2m[Cluster 0][0m
2026-08-09 15:49:08 [INFO]      consumiu MENOS que o habitual às 10h
2026-08-09 15:49:08 [INFO]      [2mReal:[0m 5.0 kWh   [2mHabitual:[0m 34.5 ± 3.5 kWh   [2mz:[0m -8.55   [2mdesvio:[0m -86%   [2m(2 obs. fim_semana)[0m
2026-08-09 15:49:08 [INFO] 
2026-08-09 15:49:08 [INFO]   🔵 [94m[1mPT0002000073481266XH[0m  [2m[Cluster 0][0m
2026-08-09 15:49:08 [INFO]      consumiu MENOS que o habitual às 08h
2026-08-09 15:49:08 [INFO]      [2mReal:[0m 6.0 kWh   [2mHabitual:[0m 40.0 ± 4.0 kWh   [2mz:[0m -8.50   [2mdesvio:[0m -85%   [2m(2 obs. fim_semana)[0m
2026-08-09 15:49:08 [INFO] 
2026-08-09 15:49:08 [INFO]   🔵 [94m[1mPT0002000101964938LF[0m  [2m[Cluster 0][0m
2026-08-09 15:49:08 [INFO]      consumiu MENOS que o habitual às 16h
2026-08-09 15:49:08 [INFO]      [2mReal:[0m 9.0 kWh   [2mHabitual:[0m 60.0 ± 6.0 kWh   [2mz:[0m -8.50   [2mdesvio:[0m -85%   [2m(2 obs. fim_semana)[0m
2026-08-09 15:49:08 [INFO] 
2026-08-09 15:49:08 [INFO]   🔴 [91m[1mPT0002000068857099AR[0m  [2m[Cluster 1][0m
2026-08-09 15:49:08 [INFO]      consumiu MAIS que o habitual às 17h
2026-08-09 15:49:08 [INFO]      [2mReal:[0m 18.0 kWh   [2mHabitual:[0m 6.0 ± 1.4 kWh   [2mz:[0m +8.49   [2mdesvio:[0m +200%   [2m(2 obs. fim_semana)[0m
2026-08-09 15:49:08 [INFO] 
2026-08-09 15:49:08 [INFO]   🔵 [94m[1mPT0002000101964938LF[0m  [2m[Cluster 0][0m
2026-08-09 15:49:08 [INFO]      consumiu MENOS que o habitual às 13h
2026-08-09 15:49:08 [INFO]      [2mReal:[0m 9.0 kWh   [2mHabitual:[0m 58.5 ± 5.8 kWh   [2mz:[0m -8.46   [2mdesvio:[0m -85%   [2m(2 obs. fim_semana)[0m
2026-08-09 15:49:08 [INFO] 
2026-08-09 15:49:08 [INFO]   🔵 [94m[1mPT0002000101964938LF[0m  [2m[Cluster 0][0m
2026-08-09 15:49:08 [INFO]      consumiu MENOS que o habitual às 09h
2026-08-09 15:49:08 [INFO]      [2mReal:[0m 9.0 kWh   [2mHabitual:[0m 51.5 ± 5.2 kWh   [2mz:[0m -8.25   [2mdesvio:[0m -83%   [2m(2 obs. fim_semana)[0m
2026-08-09 15:49:08 [INFO] 
2026-08-09 15:49:08 [INFO]   🔵 [94m[1mPT0002000101964938LF[0m  [2m[Cluster 0][0m
2026-08-09 15:49:08 [INFO]      consumiu MENOS que o habitual às 18h
2026-08-09 15:49:08 [INFO]      [2mReal:[0m 9.0 kWh   [2mHabitual:[0m 49.5 ± 5.0 kWh   [2mz:[0m -8.18   [2mdesvio:[0m -82%   [2m(2 obs. fim_semana)[0m
2026-08-09 15:49:08 [INFO] 
2026-08-09 15:49:08 [INFO]   🔵 [94m[1mPT0002000101964938LF[0m  [2m[Cluster 0][0m
2026-08-09 15:49:08 [INFO]      consumiu MENOS que o habitual às 12h
2026-08-09 15:49:08 [INFO]      [2mReal:[0m 10.0 kWh   [2mHabitual:[0m 54.0 ± 5.4 kWh   [2mz:[0m -8.15   [2mdesvio:[0m -81%   [2m(2 obs. fim_semana)[0m
2026-08-09 15:49:08 [INFO] 
2026-08-09 15:49:08 [INFO]   🔵 [94m[1mPT0002000073481266XH[0m  [2m[Cluster 0][0m
2026-08-09 15:49:08 [INFO]      consumiu MENOS que o habitual às 13h
2026-08-09 15:49:08 [INFO]      [2mReal:[0m 6.0 kWh   [2mHabitual:[0m 32.0 ± 3.2 kWh   [2mz:[0m -8.12   [2mdesvio:[0m -81%   [2m(2 obs. fim_semana)[0m
2026-08-09 15:49:08 [INFO] 
2026-08-09 15:49:08 [INFO]   🔵 [94m[1mPT0002000101964938LF[0m  [2m[Cluster 0][0m
2026-08-09 15:49:08 [INFO]      consumiu MENOS que o habitual às 08h
2026-08-09 15:49:08 [INFO]      [2mReal:[0m 9.0 kWh   [2mHabitual:[0m 48.0 ± 4.8 kWh   [2mz:[0m -8.12   [2mdesvio:[0m -81%   [2m(2 obs. fim_semana)[0m
2026-08-09 15:49:08 [INFO] 
2026-08-09 15:49:08 [INFO]   🔵 [94m[1mPT0002000101964938LF[0m  [2m[Cluster 0][0m
2026-08-09 15:49:08 [INFO]      consumiu MENOS que o habitual às 10h
2026-08-09 15:49:08 [INFO]      [2mReal:[0m 10.0 kWh   [2mHabitual:[0m 52.5 ± 5.2 kWh   [2mz:[0m -8.10   [2mdesvio:[0m -81%   [2m(2 obs. fim_semana)[0m
2026-08-09 15:49:08 [INFO] 
2026-08-09 15:49:08 [INFO]   🔵 [94m[1mPT0002000068859187RL[0m  [2m[Cluster 0][0m
2026-08-09 15:49:08 [INFO]      consumiu MENOS que o habitual às 08h
2026-08-09 15:49:08 [INFO]      [2mReal:[0m 10.0 kWh   [2mHabitual:[0m 51.5 ± 5.2 kWh   [2mz:[0m -8.06   [2mdesvio:[0m -81%   [2m(2 obs. fim_semana)[0m
2026-08-09 15:49:08 [INFO] 
2026-08-09 15:49:08 [INFO]   🔴 [91m[1mPT0002000068857099AR[0m  [2m[Cluster 1][0m
2026-08-09 15:49:08 [INFO]      consumiu MAIS que o habitual às 15h
2026-08-09 15:49:08 [INFO]      [2mReal:[0m 9.0 kWh   [2mHabitual:[0m 5.0 ± 0.5 kWh   [2mz:[0m +8.00   [2mdesvio:[0m +80%   [2m(2 obs. fim_semana)[0m
2026-08-09 15:49:08 [INFO] 
2026-08-09 15:49:08 [INFO]   🔵 [94m[1mPT0002000101964938LF[0m  [2m[Cluster 0][0m
2026-08-09 15:49:08 [INFO]      consumiu MENOS que o habitual às 11h
2026-08-09 15:49:08 [INFO]      [2mReal:[0m 9.0 kWh   [2mHabitual:[0m 54.0 ± 5.7 kWh   [2mz:[0m -7.95   [2mdesvio:[0m -83%   [2m(2 obs. fim_semana)[0m
2026-08-09 15:49:08 [INFO] 
2026-08-09 15:49:08 [INFO]   🔵 [94m[1mPT0002000068856655YV[0m  [2m[Cluster 0][0m
2026-08-09 15:49:08 [INFO]      consumiu MENOS que o habitual às 09h
2026-08-09 15:49:08 [INFO]      [2mReal:[0m 2.0 kWh   [2mHabitual:[0m 9.5 ± 0.9 kWh   [2mz:[0m -7.89   [2mdesvio:[0m -79%   [2m(2 obs. fim_semana)[0m
2026-08-09 15:49:08 [INFO] 
2026-08-09 15:49:08 [INFO]   🔵 [94m[1mPT0002000068856655YV[0m  [2m[Cluster 0][0m
2026-08-09 15:49:08 [INFO]      consumiu MENOS que o habitual às 13h
2026-08-09 15:49:08 [INFO]      [2mReal:[0m 2.0 kWh   [2mHabitual:[0m 9.0 ± 0.9 kWh   [2mz:[0m -7.78   [2mdesvio:[0m -78%   [2m(2 obs. fim_semana)[0m
2026-08-09 15:49:08 [INFO] 
2026-08-09 15:49:08 [INFO]   🔵 [94m[1mPT0002000078140706BA[0m  [2m[Cluster 1 (atribuido)][0m
2026-08-09 15:49:08 [INFO]      consumiu MENOS que o habitual às 11h
2026-08-09 15:49:08 [INFO]      [2mReal:[0m 0.0 kWh   [2mHabitual:[0m 5.5 ± 0.7 kWh   [2mz:[0m -7.78   [2mdesvio:[0m -100%   [2m(2 obs. fim_semana)[0m
2026-08-09 15:49:08 [INFO] 
2026-08-09 15:49:08 [INFO]   🔵 [94m[1mPT0002000110607652SB[0m  [2m[Cluster 0][0m
2026-08-09 15:49:08 [INFO]      consumiu MENOS que o habitual às 08h
2026-08-09 15:49:08 [INFO]      [2mReal:[0m 16.0 kWh   [2mHabitual:[0m 70.0 ± 7.0 kWh   [2mz:[0m -7.71   [2mdesvio:[0m -77%   [2m(2 obs. fim_semana)[0m
2026-08-09 15:49:08 [INFO] 
2026-08-09 15:49:08 [INFO]   🔵 [94m[1mPT0002000068856974CZ[0m  [2m[Cluster 0 (atribuido)][0m
2026-08-09 15:49:08 [INFO]      consumiu MENOS que o habitual às 14h
2026-08-09 15:49:08 [INFO]      [2mReal:[0m 13.0 kWh   [2mHabitual:[0m 56.0 ± 5.6 kWh   [2mz:[0m -7.68   [2mdesvio:[0m -77%   [2m(2 obs. fim_semana)[0m
2026-08-09 15:49:08 [INFO] 
2026-08-09 15:49:08 [INFO]   🔵 [94m[1mPT0002000068856655YV[0m  [2m[Cluster 0][0m
2026-08-09 15:49:08 [INFO]      consumiu MENOS que o habitual às 12h
2026-08-09 15:49:08 [INFO]      [2mReal:[0m 2.0 kWh   [2mHabitual:[0m 8.5 ± 0.8 kWh   [2mz:[0m -7.65   [2mdesvio:[0m -76%   [2m(2 obs. fim_semana)[0m
2026-08-09 15:49:08 [INFO] 
2026-08-09 15:49:08 [INFO]   🔵 [94m[1mPT0002000068856655YV[0m  [2m[Cluster 0][0m
2026-08-09 15:49:08 [INFO]      consumiu MENOS que o habitual às 15h
2026-08-09 15:49:08 [INFO]      [2mReal:[0m 2.0 kWh   [2mHabitual:[0m 8.5 ± 0.8 kWh   [2mz:[0m -7.65   [2mdesvio:[0m -76%   [2m(2 obs. fim_semana)[0m
2026-08-09 15:49:08 [INFO] 
2026-08-09 15:49:08 [INFO]   🔵 [94m[1mPT0002000101964938LF[0m  [2m[Cluster 0][0m
2026-08-09 15:49:08 [INFO]      consumiu MENOS que o habitual às 14h
2026-08-09 15:49:08 [INFO]      [2mReal:[0m 9.0 kWh   [2mHabitual:[0m 63.0 ± 7.1 kWh   [2mz:[0m -7.64   [2mdesvio:[0m -86%   [2m(2 obs. fim_semana)[0m
2026-08-09 15:49:08 [INFO] 
2026-08-09 15:49:08 [INFO]   🔵 [94m[1mPT0002000110607652SB[0m  [2m[Cluster 0][0m
2026-08-09 15:49:08 [INFO]      consumiu MENOS que o habitual às 14h
2026-08-09 15:49:08 [INFO]      [2mReal:[0m 20.0 kWh   [2mHabitual:[0m 84.0 ± 8.4 kWh   [2mz:[0m -7.62   [2mdesvio:[0m -76%   [2m(2 obs. fim_semana)[0m
2026-08-09 15:49:08 [INFO] 
2026-08-09 15:49:08 [INFO]   🔵 [94m[1mPT0002000068855003AK[0m  [2m[Cluster 0 (atribuido)][0m
2026-08-09 15:49:08 [INFO]      consumiu MENOS que o habitual às 14h
2026-08-09 15:49:08 [INFO]      [2mReal:[0m 13.0 kWh   [2mHabitual:[0m 54.0 ± 5.4 kWh   [2mz:[0m -7.59   [2mdesvio:[0m -76%   [2m(2 obs. fim_semana)[0m
2026-08-09 15:49:08 [INFO] 
2026-08-09 15:49:08 [INFO]   🔵 [94m[1mPT0002000120237616VJ[0m  [2m[Cluster 0][0m
2026-08-09 15:49:08 [INFO]      consumiu MENOS que o habitual às 12h
2026-08-09 15:49:08 [INFO]      [2mReal:[0m 11.0 kWh   [2mHabitual:[0m 48.5 ± 5.0 kWh   [2mz:[0m -7.58   [2mdesvio:[0m -77%   [2m(2 obs. fim_semana)[0m
2026-08-09 15:49:08 [INFO] 
2026-08-09 15:49:08 [INFO]   🔵 [94m[1mPT0002000110607652SB[0m  [2m[Cluster 0][0m
2026-08-09 15:49:08 [INFO]      consumiu MENOS que o habitual às 13h
2026-08-09 15:49:08 [INFO]      [2mReal:[0m 20.0 kWh   [2mHabitual:[0m 82.0 ± 8.2 kWh   [2mz:[0m -7.56   [2mdesvio:[0m -76%   [2m(2 obs. fim_semana)[0m
2026-08-09 15:49:08 [INFO] 
2026-08-09 15:49:08 [INFO]   🔵 [94m[1mPT0002000110607652SB[0m  [2m[Cluster 0][0m
2026-08-09 15:49:08 [INFO]      consumiu MENOS que o habitual às 15h
2026-08-09 15:49:08 [INFO]      [2mReal:[0m 20.0 kWh   [2mHabitual:[0m 82.0 ± 8.2 kWh   [2mz:[0m -7.56   [2mdesvio:[0m -76%   [2m(2 obs. fim_semana)[0m
2026-08-09 15:49:08 [INFO] 
2026-08-09 15:49:08 [INFO]   🔵 [94m[1mPT0002000068855003AK[0m  [2m[Cluster 0 (atribuido)][0m
2026-08-09 15:49:08 [INFO]      consumiu MENOS que o habitual às 13h
2026-08-09 15:49:08 [INFO]      [2mReal:[0m 13.0 kWh   [2mHabitual:[0m 53.0 ± 5.3 kWh   [2mz:[0m -7.55   [2mdesvio:[0m -75%   [2m(2 obs. fim_semana)[0m
2026-08-09 15:49:08 [INFO] 
2026-08-09 15:49:08 [INFO]   🔵 [94m[1mPT0002000068857909SY[0m  [2m[Cluster 1][0m
2026-08-09 15:49:08 [INFO]      consumiu MENOS que o habitual às 08h
2026-08-09 15:49:08 [INFO]      [2mReal:[0m 1.0 kWh   [2mHabitual:[0m 4.0 ± 0.4 kWh   [2mz:[0m -7.50   [2mdesvio:[0m -75%   [2m(2 obs. fim_semana)[0m
2026-08-09 15:49:08 [INFO] 
2026-08-09 15:49:08 [INFO]   🔵 [94m[1mPT0002000125379984SH[0m  [2m[Cluster 1][0m
2026-08-09 15:49:08 [INFO]      consumiu MENOS que o habitual às 14h
2026-08-09 15:49:08 [INFO]      [2mReal:[0m 3.0 kWh   [2mHabitual:[0m 12.0 ± 1.2 kWh   [2mz:[0m -7.50   [2mdesvio:[0m -75%   [2m(2 obs. fim_semana)[0m
2026-08-09 15:49:08 [INFO] 
2026-08-09 15:49:08 [INFO]   🔵 [94m[1mPT0002000068855003AK[0m  [2m[Cluster 0 (atribuido)][0m
2026-08-09 15:49:08 [INFO]      consumiu MENOS que o habitual às 12h
2026-08-09 15:49:08 [INFO]      [2mReal:[0m 12.0 kWh   [2mHabitual:[0m 45.5 ± 4.5 kWh   [2mz:[0m -7.36   [2mdesvio:[0m -74%   [2m(2 obs. fim_semana)[0m
2026-08-09 15:49:08 [INFO] 
2026-08-09 15:49:08 [INFO]   🔵 [94m[1mPT0002000078233981HJ[0m  [2m[Cluster 1][0m
2026-08-09 15:49:08 [INFO]      consumiu MENOS que o habitual às 20h
2026-08-09 15:49:08 [INFO]      [2mReal:[0m 2.0 kWh   [2mHabitual:[0m 7.5 ± 0.8 kWh   [2mz:[0m -7.33   [2mdesvio:[0m -73%   [2m(2 obs. fim_semana)[0m
2026-08-09 15:49:08 [INFO] 
2026-08-09 15:49:08 [INFO]   🔵 [94m[1mPT0002000068857909SY[0m  [2m[Cluster 1][0m
2026-08-09 15:49:08 [INFO]      consumiu MENOS que o habitual às 14h
2026-08-09 15:49:08 [INFO]      [2mReal:[0m 2.0 kWh   [2mHabitual:[0m 7.0 ± 0.7 kWh   [2mz:[0m -7.14   [2mdesvio:[0m -71%   [2m(2 obs. fim_semana)[0m
2026-08-09 15:49:08 [INFO] 
2026-08-09 15:49:08 [INFO]   🔵 [94m[1mPT0002000073481266XH[0m  [2m[Cluster 0][0m
2026-08-09 15:49:08 [INFO]      consumiu MENOS que o habitual às 17h
2026-08-09 15:49:08 [INFO]      [2mReal:[0m 6.0 kWh   [2mHabitual:[0m 21.0 ± 2.1 kWh   [2mz:[0m -7.14   [2mdesvio:[0m -71%   [2m(2 obs. fim_semana)[0m
2026-08-09 15:49:08 [INFO] 
2026-08-09 15:49:08 [INFO]   🔵 [94m[1mPT0002000110607652SB[0m  [2m[Cluster 0][0m
2026-08-09 15:49:08 [INFO]      consumiu MENOS que o habitual às 12h
2026-08-09 15:49:08 [INFO]      [2mReal:[0m 20.0 kWh   [2mHabitual:[0m 70.0 ± 7.0 kWh   [2mz:[0m -7.14   [2mdesvio:[0m -71%   [2m(2 obs. fim_semana)[0m
2026-08-09 15:49:08 [INFO] 
2026-08-09 15:49:08 [INFO]   🔵 [94m[1mPT0002000068856974CZ[0m  [2m[Cluster 0 (atribuido)][0m
2026-08-09 15:49:08 [INFO]      consumiu MENOS que o habitual às 16h
2026-08-09 15:49:08 [INFO]      [2mReal:[0m 11.0 kWh   [2mHabitual:[0m 51.0 ± 5.7 kWh   [2mz:[0m -7.07   [2mdesvio:[0m -78%   [2m(2 obs. fim_semana)[0m
2026-08-09 15:49:08 [INFO] 
2026-08-09 15:49:08 [INFO]   🔵 [94m[1mPT0002000073481266XH[0m  [2m[Cluster 0][0m
2026-08-09 15:49:08 [INFO]      consumiu MENOS que o habitual às 15h
2026-08-09 15:49:08 [INFO]      [2mReal:[0m 5.0 kWh   [2mHabitual:[0m 35.0 ± 4.2 kWh   [2mz:[0m -7.07   [2mdesvio:[0m -86%   [2m(2 obs. fim_semana)[0m
2026-08-09 15:49:08 [INFO] 
2026-08-09 15:49:08 [INFO]   🔵 [94m[1mPT0002000120237616VJ[0m  [2m[Cluster 0][0m
2026-08-09 15:49:08 [INFO]      consumiu MENOS que o habitual às 08h
2026-08-09 15:49:08 [INFO]      [2mReal:[0m 10.0 kWh   [2mHabitual:[0m 34.0 ± 3.4 kWh   [2mz:[0m -7.06   [2mdesvio:[0m -71%   [2m(2 obs. fim_semana)[0m
2026-08-09 15:49:08 [INFO] 
2026-08-09 15:49:08 [INFO]   🔵 [94m[1mPT0002000120237616VJ[0m  [2m[Cluster 0][0m
2026-08-09 15:49:08 [INFO]      consumiu MENOS que o habitual às 10h
2026-08-09 15:49:08 [INFO]      [2mReal:[0m 11.0 kWh   [2mHabitual:[0m 37.0 ± 3.7 kWh   [2mz:[0m -7.03   [2mdesvio:[0m -70%   [2m(2 obs. fim_semana)[0m
2026-08-09 15:49:08 [INFO] 
2026-08-09 15:49:08 [INFO]   🔴 [91m[1mPT0002000073720434JD[0m  [2m[Cluster 1 (atribuido)][0m
2026-08-09 15:49:08 [INFO]      consumiu MAIS que o habitual às 00h
2026-08-09 15:49:08 [INFO]      [2mReal:[0m 39.0 kWh   [2mHabitual:[0m 23.0 ± 2.3 kWh   [2mz:[0m +6.96   [2mdesvio:[0m +70%   [2m(2 obs. fim_semana)[0m
2026-08-09 15:49:08 [INFO] 
2026-08-09 15:49:08 [INFO]   🔵 [94m[1mPT0002000068855003AK[0m  [2m[Cluster 0 (atribuido)][0m
2026-08-09 15:49:08 [INFO]      consumiu MENOS que o habitual às 11h
2026-08-09 15:49:08 [INFO]      [2mReal:[0m 12.0 kWh   [2mHabitual:[0m 38.0 ± 3.8 kWh   [2mz:[0m -6.84   [2mdesvio:[0m -68%   [2m(2 obs. fim_semana)[0m
2026-08-09 15:49:08 [INFO] 
2026-08-09 15:49:08 [INFO]   🔵 [94m[1mPT0002000073481266XH[0m  [2m[Cluster 0][0m
2026-08-09 15:49:08 [INFO]      consumiu MENOS que o habitual às 16h
2026-08-09 15:49:08 [INFO]      [2mReal:[0m 5.0 kWh   [2mHabitual:[0m 34.0 ± 4.2 kWh   [2mz:[0m -6.84   [2mdesvio:[0m -85%   [2m(2 obs. fim_semana)[0m
2026-08-09 15:49:08 [INFO] 
2026-08-09 15:49:08 [INFO]   🔵 [94m[1mPT0002000120237616VJ[0m  [2m[Cluster 0][0m
2026-08-09 15:49:08 [INFO]      consumiu MENOS que o habitual às 11h
2026-08-09 15:49:08 [INFO]      [2mReal:[0m 13.0 kWh   [2mHabitual:[0m 41.0 ± 4.1 kWh   [2mz:[0m -6.83   [2mdesvio:[0m -68%   [2m(2 obs. fim_semana)[0m
2026-08-09 15:49:08 [INFO] 
2026-08-09 15:49:08 [INFO]   🔵 [94m[1mPT0002000110607652SB[0m  [2m[Cluster 0][0m
2026-08-09 15:49:08 [INFO]      consumiu MENOS que o habitual às 17h
2026-08-09 15:49:08 [INFO]      [2mReal:[0m 20.0 kWh   [2mHabitual:[0m 62.0 ± 6.2 kWh   [2mz:[0m -6.77   [2mdesvio:[0m -68%   [2m(2 obs. fim_semana)[0m
2026-08-09 15:49:08 [INFO] 
2026-08-09 15:49:08 [INFO]   🔵 [94m[1mPT0002000112989585PH[0m  [2m[Cluster 0][0m
2026-08-09 15:49:08 [INFO]      consumiu MENOS que o habitual às 15h
2026-08-09 15:49:08 [INFO]      [2mReal:[0m 8.0 kWh   [2mHabitual:[0m 24.5 ± 2.5 kWh   [2mz:[0m -6.73   [2mdesvio:[0m -67%   [2m(2 obs. fim_semana)[0m
2026-08-09 15:49:08 [INFO] 
2026-08-09 15:49:08 [INFO]   🔵 [94m[1mPT0002000068859393XH[0m  [2m[Cluster 1][0m
2026-08-09 15:49:08 [INFO]      consumiu MENOS que o habitual às 18h
2026-08-09 15:49:08 [INFO]      [2mReal:[0m 42.0 kWh   [2mHabitual:[0m 126.5 ± 12.7 kWh   [2mz:[0m -6.68   [2mdesvio:[0m -67%   [2m(2 obs. fim_semana)[0m
2026-08-09 15:49:08 [INFO] 
2026-08-09 15:49:08 [INFO]   🔴 [91m[1mPT0002000068856872QG[0m  [2m[Cluster 1][0m
2026-08-09 15:49:08 [INFO]      consumiu MAIS que o habitual às 02h
2026-08-09 15:49:08 [INFO]      [2mReal:[0m 2.0 kWh   [2mHabitual:[0m 0.0 ± 0.3 kWh   [2mz:[0m +6.67   [2mdesvio:[0m +200000%   [2m(2 obs. fim_semana)[0m
2026-08-09 15:49:08 [INFO] 
2026-08-09 15:49:08 [INFO]   🔴 [91m[1mPT0002000068856872QG[0m  [2m[Cluster 1][0m
2026-08-09 15:49:08 [INFO]      consumiu MAIS que o habitual às 15h
2026-08-09 15:49:08 [INFO]      [2mReal:[0m 2.0 kWh   [2mHabitual:[0m 0.0 ± 0.3 kWh   [2mz:[0m +6.67   [2mdesvio:[0m +200000%   [2m(2 obs. fim_semana)[0m
2026-08-09 15:49:08 [INFO] 
2026-08-09 15:49:08 [INFO]   🔵 [94m[1mPT0002000073481266XH[0m  [2m[Cluster 0][0m
2026-08-09 15:49:08 [INFO]      consumiu MENOS que o habitual às 07h
2026-08-09 15:49:08 [INFO]      [2mReal:[0m 5.0 kWh   [2mHabitual:[0m 15.0 ± 1.5 kWh   [2mz:[0m -6.67   [2mdesvio:[0m -67%   [2m(2 obs. fim_semana)[0m
2026-08-09 15:49:08 [INFO] 
2026-08-09 15:49:08 [INFO]   🔴 [91m[1mPT0002000078140706BA[0m  [2m[Cluster 1 (atribuido)][0m
2026-08-09 15:49:08 [INFO]      consumiu MAIS que o habitual às 17h
2026-08-09 15:49:08 [INFO]      [2mReal:[0m 2.0 kWh   [2mHabitual:[0m 0.0 ± 0.3 kWh   [2mz:[0m +6.67   [2mdesvio:[0m +200000%   [2m(2 obs. fim_semana)[0m
2026-08-09 15:49:08 [INFO] 
2026-08-09 15:49:08 [INFO]   🔵 [94m[1mPT0002000110607652SB[0m  [2m[Cluster 0][0m
2026-08-09 15:49:08 [INFO]      consumiu MENOS que o habitual às 18h
2026-08-09 15:49:08 [INFO]      [2mReal:[0m 20.0 kWh   [2mHabitual:[0m 60.0 ± 6.0 kWh   [2mz:[0m -6.67   [2mdesvio:[0m -67%   [2m(2 obs. fim_semana)[0m
2026-08-09 15:49:08 [INFO] 
2026-08-09 15:49:08 [INFO]   🔵 [94m[1mPT0002000125379984SH[0m  [2m[Cluster 1][0m
2026-08-09 15:49:08 [INFO]      consumiu MENOS que o habitual às 10h
2026-08-09 15:49:08 [INFO]      [2mReal:[0m 4.0 kWh   [2mHabitual:[0m 12.0 ± 1.2 kWh   [2mz:[0m -6.67   [2mdesvio:[0m -67%   [2m(2 obs. fim_semana)[0m
2026-08-09 15:49:08 [INFO] 
2026-08-09 15:49:08 [INFO]   🔵 [94m[1mPT0002000068855003AK[0m  [2m[Cluster 0 (atribuido)][0m
2026-08-09 15:49:08 [INFO]      consumiu MENOS que o habitual às 18h
2026-08-09 15:49:08 [INFO]      [2mReal:[0m 11.0 kWh   [2mHabitual:[0m 32.5 ± 3.2 kWh   [2mz:[0m -6.62   [2mdesvio:[0m -66%   [2m(2 obs. fim_semana)[0m
2026-08-09 15:49:08 [INFO] 
2026-08-09 15:49:08 [INFO]   🔵 [94m[1mPT0002000120237616VJ[0m  [2m[Cluster 0][0m
2026-08-09 15:49:08 [INFO]      consumiu MENOS que o habitual às 13h
2026-08-09 15:49:08 [INFO]      [2mReal:[0m 13.0 kWh   [2mHabitual:[0m 38.5 ± 3.9 kWh   [2mz:[0m -6.62   [2mdesvio:[0m -66%   [2m(2 obs. fim_semana)[0m
2026-08-09 15:49:08 [INFO] 
2026-08-09 15:49:08 [INFO]   🔵 [94m[1mPT0002000110607652SB[0m  [2m[Cluster 0][0m
2026-08-09 15:49:08 [INFO]      consumiu MENOS que o habitual às 09h
2026-08-09 15:49:08 [INFO]      [2mReal:[0m 20.0 kWh   [2mHabitual:[0m 58.0 ± 5.8 kWh   [2mz:[0m -6.55   [2mdesvio:[0m -66%   [2m(2 obs. fim_semana)[0m
2026-08-09 15:49:08 [INFO] 
2026-08-09 15:49:08 [INFO]   🔵 [94m[1mPT0002000068859393XH[0m  [2m[Cluster 1][0m
2026-08-09 15:49:08 [INFO]      consumiu MENOS que o habitual às 17h
2026-08-09 15:49:08 [INFO]      [2mReal:[0m 42.0 kWh   [2mHabitual:[0m 120.5 ± 12.1 kWh   [2mz:[0m -6.51   [2mdesvio:[0m -65%   [2m(2 obs. fim_semana)[0m
2026-08-09 15:49:08 [INFO] 
2026-08-09 15:49:08 [INFO]   🔵 [94m[1mPT0002000120237616VJ[0m  [2m[Cluster 0][0m
2026-08-09 15:49:08 [INFO]      consumiu MENOS que o habitual às 09h
2026-08-09 15:49:08 [INFO]      [2mReal:[0m 12.0 kWh   [2mHabitual:[0m 33.5 ± 3.4 kWh   [2mz:[0m -6.42   [2mdesvio:[0m -64%   [2m(2 obs. fim_semana)[0m
2026-08-09 15:49:08 [INFO] 
2026-08-09 15:49:08 [INFO]   🔵 [94m[1mPT0002000068856974CZ[0m  [2m[Cluster 0 (atribuido)][0m
2026-08-09 15:49:08 [INFO]      consumiu MENOS que o habitual às 19h
2026-08-09 15:49:08 [INFO]      [2mReal:[0m 9.0 kWh   [2mHabitual:[0m 25.0 ± 2.5 kWh   [2mz:[0m -6.40   [2mdesvio:[0m -64%   [2m(2 obs. fim_semana)[0m
2026-08-09 15:49:08 [INFO] 
2026-08-09 15:49:08 [INFO]   🔴 [91m[1mPT0002000068857099AR[0m  [2m[Cluster 1][0m
2026-08-09 15:49:08 [INFO]      consumiu MAIS que o habitual às 10h
2026-08-09 15:49:08 [INFO]      [2mReal:[0m 9.0 kWh   [2mHabitual:[0m 4.5 ± 0.7 kWh   [2mz:[0m +6.36   [2mdesvio:[0m +100%   [2m(2 obs. fim_semana)[0m
2026-08-09 15:49:08 [INFO] 
2026-08-09 15:49:08 [INFO]   🔵 [94m[1mPT0002000078233981HJ[0m  [2m[Cluster 1][0m
2026-08-09 15:49:08 [INFO]      consumiu MENOS que o habitual às 18h
2026-08-09 15:49:08 [INFO]      [2mReal:[0m 1.0 kWh   [2mHabitual:[0m 23.5 ± 3.5 kWh   [2mz:[0m -6.36   [2mdesvio:[0m -96%   [2m(2 obs. fim_semana)[0m
2026-08-09 15:49:08 [INFO] 
2026-08-09 15:49:08 [INFO]   🔵 [94m[1mPT0002000110607652SB[0m  [2m[Cluster 0][0m
2026-08-09 15:49:08 [INFO]      consumiu MENOS que o habitual às 10h
2026-08-09 15:49:08 [INFO]      [2mReal:[0m 20.0 kWh   [2mHabitual:[0m 56.0 ± 5.7 kWh   [2mz:[0m -6.36   [2mdesvio:[0m -64%   [2m(2 obs. fim_semana)[0m
2026-08-09 15:49:08 [INFO] 
2026-08-09 15:49:08 [INFO]   🔵 [94m[1mPT0002000112989585PH[0m  [2m[Cluster 0][0m
2026-08-09 15:49:08 [INFO]      consumiu MENOS que o habitual às 14h
2026-08-09 15:49:08 [INFO]      [2mReal:[0m 3.0 kWh   [2mHabitual:[0m 12.0 ± 1.4 kWh   [2mz:[0m -6.36   [2mdesvio:[0m -75%   [2m(2 obs. fim_semana)[0m
2026-08-09 15:49:08 [INFO] 
2026-08-09 15:49:08 [INFO]   🔵 [94m[1mPT0002000115673471CB[0m  [2m[Cluster 0][0m
2026-08-09 15:49:08 [INFO]      consumiu MENOS que o habitual às 05h
2026-08-09 15:49:08 [INFO]      [2mReal:[0m 6.0 kWh   [2mHabitual:[0m 16.5 ± 1.6 kWh   [2mz:[0m -6.36   [2mdesvio:[0m -64%   [2m(2 obs. fim_semana)[0m
2026-08-09 15:49:08 [INFO] 
2026-08-09 15:49:08 [INFO]   🔵 [94m[1mPT0002000110607652SB[0m  [2m[Cluster 0][0m
2026-08-09 15:49:08 [INFO]      consumiu MENOS que o habitual às 11h
2026-08-09 15:49:08 [INFO]      [2mReal:[0m 20.0 kWh   [2mHabitual:[0m 54.0 ± 5.4 kWh   [2mz:[0m -6.30   [2mdesvio:[0m -63%   [2m(2 obs. fim_semana)[0m
2026-08-09 15:49:08 [INFO] 
2026-08-09 15:49:08 [INFO]   🔵 [94m[1mPT0002000068855003AK[0m  [2m[Cluster 0 (atribuido)][0m
2026-08-09 15:49:08 [INFO]      consumiu MENOS que o habitual às 19h
2026-08-09 15:49:08 [INFO]      [2mReal:[0m 10.0 kWh   [2mHabitual:[0m 26.0 ± 2.6 kWh   [2mz:[0m -6.15   [2mdesvio:[0m -62%   [2m(2 obs. fim_semana)[0m
2026-08-09 15:49:08 [INFO] 
2026-08-09 15:49:08 [INFO]   🔵 [94m[1mPT0002000068859393XH[0m  [2m[Cluster 1][0m
2026-08-09 15:49:08 [INFO]      consumiu MENOS que o habitual às 19h
2026-08-09 15:49:08 [INFO]      [2mReal:[0m 44.0 kWh   [2mHabitual:[0m 113.5 ± 11.3 kWh   [2mz:[0m -6.12   [2mdesvio:[0m -61%   [2m(2 obs. fim_semana)[0m
2026-08-09 15:49:08 [INFO] 
2026-08-09 15:49:08 [INFO]   🔵 [94m[1mPT0002000101964938LF[0m  [2m[Cluster 0][0m
2026-08-09 15:49:08 [INFO]      consumiu MENOS que o habitual às 17h
2026-08-09 15:49:08 [INFO]      [2mReal:[0m 10.0 kWh   [2mHabitual:[0m 57.5 ± 7.8 kWh   [2mz:[0m -6.11   [2mdesvio:[0m -83%   [2m(2 obs. fim_semana)[0m
2026-08-09 15:49:08 [INFO] 
2026-08-09 15:49:08 [INFO]   🔵 [94m[1mPT0002000120237616VJ[0m  [2m[Cluster 0][0m
2026-08-09 15:49:08 [INFO]      consumiu MENOS que o habitual às 14h
2026-08-09 15:49:08 [INFO]      [2mReal:[0m 12.0 kWh   [2mHabitual:[0m 30.5 ± 3.0 kWh   [2mz:[0m -6.07   [2mdesvio:[0m -61%   [2m(2 obs. fim_semana)[0m
2026-08-09 15:49:08 [INFO] 
2026-08-09 15:49:08 [INFO]   🔴 [91m[1mPT0002000068857099AR[0m  [2m[Cluster 1][0m
2026-08-09 15:49:08 [INFO]      consumiu MAIS que o habitual às 16h
2026-08-09 15:49:08 [INFO]      [2mReal:[0m 8.0 kWh   [2mHabitual:[0m 5.0 ± 0.5 kWh   [2mz:[0m +6.00   [2mdesvio:[0m +60%   [2m(2 obs. fim_semana)[0m
2026-08-09 15:49:08 [INFO] 
2026-08-09 15:49:08 [INFO]   🔵 [94m[1mPT0002000101964938LF[0m  [2m[Cluster 0][0m
2026-08-09 15:49:08 [INFO]      consumiu MENOS que o habitual às 07h
2026-08-09 15:49:08 [INFO]      [2mReal:[0m 9.0 kWh   [2mHabitual:[0m 22.5 ± 2.2 kWh   [2mz:[0m -6.00   [2mdesvio:[0m -60%   [2m(2 obs. fim_semana)[0m
2026-08-09 15:49:08 [INFO] 
2026-08-09 15:49:08 [INFO]   🔵 [94m[1mPT0002000068859187RL[0m  [2m[Cluster 0][0m
2026-08-09 15:49:08 [INFO]      consumiu MENOS que o habitual às 18h
2026-08-09 15:49:08 [INFO]      [2mReal:[0m 10.0 kWh   [2mHabitual:[0m 24.5 ± 2.5 kWh   [2mz:[0m -5.92   [2mdesvio:[0m -59%   [2m(2 obs. fim_semana)[0m
2026-08-09 15:49:08 [INFO] 
2026-08-09 15:49:08 [INFO]   🔵 [94m[1mPT0002000101964938LF[0m  [2m[Cluster 0][0m
2026-08-09 15:49:08 [INFO]      consumiu MENOS que o habitual às 15h
2026-08-09 15:49:08 [INFO]      [2mReal:[0m 10.0 kWh   [2mHabitual:[0m 60.0 ± 8.5 kWh   [2mz:[0m -5.89   [2mdesvio:[0m -83%   [2m(2 obs. fim_semana)[0m
2026-08-09 15:49:08 [INFO] 
2026-08-09 15:49:08 [INFO]   🔵 [94m[1mPT0002000125379984SH[0m  [2m[Cluster 1][0m
2026-08-09 15:49:08 [INFO]      consumiu MENOS que o habitual às 09h
2026-08-09 15:49:08 [INFO]      [2mReal:[0m 5.0 kWh   [2mHabitual:[0m 12.0 ± 1.2 kWh   [2mz:[0m -5.83   [2mdesvio:[0m -58%   [2m(2 obs. fim_semana)[0m
2026-08-09 15:49:08 [INFO] 
2026-08-09 15:49:08 [INFO]   🔵 [94m[1mPT0002000068859393XH[0m  [2m[Cluster 1][0m
2026-08-09 15:49:08 [INFO]      consumiu MENOS que o habitual às 13h
2026-08-09 15:49:08 [INFO]      [2mReal:[0m 42.0 kWh   [2mHabitual:[0m 116.0 ± 12.7 kWh   [2mz:[0m -5.81   [2mdesvio:[0m -64%   [2m(2 obs. fim_semana)[0m
2026-08-09 15:49:08 [INFO] 
2026-08-09 15:49:08 [INFO]   🔵 [94m[1mPT0002000078233981HJ[0m  [2m[Cluster 1][0m
2026-08-09 15:49:08 [INFO]      consumiu MENOS que o habitual às 19h
2026-08-09 15:49:08 [INFO]      [2mReal:[0m 2.0 kWh   [2mHabitual:[0m 22.5 ± 3.5 kWh   [2mz:[0m -5.80   [2mdesvio:[0m -91%   [2m(2 obs. fim_semana)[0m
2026-08-09 15:49:08 [INFO] 
2026-08-09 15:49:08 [INFO]   🔵 [94m[1mPT0002000068855003AK[0m  [2m[Cluster 0 (atribuido)][0m
2026-08-09 15:49:08 [INFO]      consumiu MENOS que o habitual às 09h
2026-08-09 15:49:08 [INFO]      [2mReal:[0m 8.0 kWh   [2mHabitual:[0m 19.0 ± 1.9 kWh   [2mz:[0m -5.79   [2mdesvio:[0m -58%   [2m(2 obs. fim_semana)[0m
2026-08-09 15:49:08 [INFO] 
2026-08-09 15:49:08 [INFO]   🔵 [94m[1mPT0002000125379984SH[0m  [2m[Cluster 1][0m
2026-08-09 15:49:08 [INFO]      consumiu MENOS que o habitual às 08h
2026-08-09 15:49:08 [INFO]      [2mReal:[0m 4.0 kWh   [2mHabitual:[0m 9.5 ± 0.9 kWh   [2mz:[0m -5.79   [2mdesvio:[0m -58%   [2m(2 obs. fim_semana)[0m
2026-08-09 15:49:08 [INFO] 
2026-08-09 15:49:08 [INFO]   🔵 [94m[1mPT0002000073481266XH[0m  [2m[Cluster 0][0m
2026-08-09 15:49:08 [INFO]      consumiu MENOS que o habitual às 18h
2026-08-09 15:49:08 [INFO]      [2mReal:[0m 6.0 kWh   [2mHabitual:[0m 14.0 ± 1.4 kWh   [2mz:[0m -5.71   [2mdesvio:[0m -57%   [2m(2 obs. fim_semana)[0m
2026-08-09 15:49:08 [INFO] 
2026-08-09 15:49:08 [INFO]   🔵 [94m[1mPT0002000068856655YV[0m  [2m[Cluster 0][0m
2026-08-09 15:49:08 [INFO]      consumiu MENOS que o habitual às 10h
2026-08-09 15:49:08 [INFO]      [2mReal:[0m 1.0 kWh   [2mHabitual:[0m 9.0 ± 1.4 kWh   [2mz:[0m -5.66   [2mdesvio:[0m -89%   [2m(2 obs. fim_semana)[0m
2026-08-09 15:49:08 [INFO] 
2026-08-09 15:49:08 [INFO]   🔵 [94m[1mPT0002000078140706BA[0m  [2m[Cluster 1 (atribuido)][0m
2026-08-09 15:49:08 [INFO]      consumiu MENOS que o habitual às 14h
2026-08-09 15:49:08 [INFO]      [2mReal:[0m 0.0 kWh   [2mHabitual:[0m 8.0 ± 1.4 kWh   [2mz:[0m -5.66   [2mdesvio:[0m -100%   [2m(2 obs. fim_semana)[0m
2026-08-09 15:49:08 [INFO] 
2026-08-09 15:49:08 [INFO]   🔵 [94m[1mPT0002000115673471CB[0m  [2m[Cluster 0][0m
2026-08-09 15:49:08 [INFO]      consumiu MENOS que o habitual às 04h
2026-08-09 15:49:08 [INFO]      [2mReal:[0m 6.0 kWh   [2mHabitual:[0m 13.5 ± 1.4 kWh   [2mz:[0m -5.56   [2mdesvio:[0m -56%   [2m(2 obs. fim_semana)[0m
2026-08-09 15:49:08 [INFO] 
2026-08-09 15:49:08 [INFO]   🔵 [94m[1mPT0002000110607652SB[0m  [2m[Cluster 0][0m
2026-08-09 15:49:08 [INFO]      consumiu MENOS que o habitual às 16h
2026-08-09 15:49:08 [INFO]      [2mReal:[0m 28.0 kWh   [2mHabitual:[0m 74.0 ± 8.5 kWh   [2mz:[0m -5.42   [2mdesvio:[0m -62%   [2m(2 obs. fim_semana)[0m
2026-08-09 15:49:08 [INFO] 
2026-08-09 15:49:08 [INFO]   🔵 [94m[1mPT0002000112989585PH[0m  [2m[Cluster 0][0m
2026-08-09 15:49:08 [INFO]      consumiu MENOS que o habitual às 12h
2026-08-09 15:49:08 [INFO]      [2mReal:[0m 3.0 kWh   [2mHabitual:[0m 14.5 ± 2.1 kWh   [2mz:[0m -5.42   [2mdesvio:[0m -79%   [2m(2 obs. fim_semana)[0m
2026-08-09 15:49:08 [INFO] 
2026-08-09 15:49:08 [INFO]   🔵 [94m[1mPT0002000115673471CB[0m  [2m[Cluster 0][0m
2026-08-09 15:49:08 [INFO]      consumiu MENOS que o habitual às 02h
2026-08-09 15:49:08 [INFO]      [2mReal:[0m 6.0 kWh   [2mHabitual:[0m 13.0 ± 1.3 kWh   [2mz:[0m -5.38   [2mdesvio:[0m -54%   [2m(2 obs. fim_semana)[0m
2026-08-09 15:49:08 [INFO] 
2026-08-09 15:49:08 [INFO]   🔵 [94m[1mPT0002000115700602GW[0m  [2m[Cluster 0][0m
2026-08-09 15:49:08 [INFO]      consumiu MENOS que o habitual às 10h
2026-08-09 15:49:08 [INFO]      [2mReal:[0m 7.0 kWh   [2mHabitual:[0m 15.0 ± 1.5 kWh   [2mz:[0m -5.33   [2mdesvio:[0m -53%   [2m(2 obs. fim_semana)[0m
2026-08-09 15:49:08 [INFO] 
2026-08-09 15:49:08 [INFO]   🔵 [94m[1mPT0002000068858231YY[0m  [2m[Cluster 0 (atribuido)][0m
2026-08-09 15:49:08 [INFO]      consumiu MENOS que o habitual às 09h
2026-08-09 15:49:08 [INFO]      [2mReal:[0m 15.0 kWh   [2mHabitual:[0m 32.0 ± 3.2 kWh   [2mz:[0m -5.31   [2mdesvio:[0m -53%   [2m(2 obs. fim_semana)[0m
2026-08-09 15:49:08 [INFO] 
2026-08-09 15:49:08 [INFO]   🔵 [94m[1mPT0002000073481266XH[0m  [2m[Cluster 0][0m
2026-08-09 15:49:08 [INFO]      consumiu MENOS que o habitual às 09h
2026-08-09 15:49:08 [INFO]      [2mReal:[0m 5.0 kWh   [2mHabitual:[0m 35.0 ± 5.7 kWh   [2mz:[0m -5.30   [2mdesvio:[0m -86%   [2m(2 obs. fim_semana)[0m
2026-08-09 15:49:08 [INFO] 
2026-08-09 15:49:08 [INFO]   🔵 [94m[1mPT0002000120237616VJ[0m  [2m[Cluster 0][0m
2026-08-09 15:49:08 [INFO]      consumiu MENOS que o habitual às 17h
2026-08-09 15:49:08 [INFO]      [2mReal:[0m 11.0 kWh   [2mHabitual:[0m 26.0 ± 2.8 kWh   [2mz:[0m -5.30   [2mdesvio:[0m -58%   [2m(2 obs. fim_semana)[0m
2026-08-09 15:49:08 [INFO] 
2026-08-09 15:49:08 [INFO]   🔵 [94m[1mPT0002000068859187RL[0m  [2m[Cluster 0][0m
2026-08-09 15:49:08 [INFO]      consumiu MENOS que o habitual às 07h
2026-08-09 15:49:08 [INFO]      [2mReal:[0m 10.0 kWh   [2mHabitual:[0m 21.0 ± 2.1 kWh   [2mz:[0m -5.24   [2mdesvio:[0m -52%   [2m(2 obs. fim_semana)[0m
2026-08-09 15:49:08 [INFO] 
2026-08-09 15:49:08 [INFO]   🔵 [94m[1mPT0002000068855003AK[0m  [2m[Cluster 0 (atribuido)][0m
2026-08-09 15:49:08 [INFO]      consumiu MENOS que o habitual às 10h
2026-08-09 15:49:08 [INFO]      [2mReal:[0m 10.0 kWh   [2mHabitual:[0m 28.5 ± 3.5 kWh   [2mz:[0m -5.23   [2mdesvio:[0m -65%   [2m(2 obs. fim_semana)[0m
2026-08-09 15:49:08 [INFO] 
2026-08-09 15:49:08 [INFO]   🔵 [94m[1mPT0002000073481266XH[0m  [2m[Cluster 0][0m
2026-08-09 15:49:08 [INFO]      consumiu MENOS que o habitual às 12h
2026-08-09 15:49:08 [INFO]      [2mReal:[0m 5.0 kWh   [2mHabitual:[0m 34.0 ± 5.7 kWh   [2mz:[0m -5.13   [2mdesvio:[0m -85%   [2m(2 obs. fim_semana)[0m
2026-08-09 15:49:08 [INFO] 
2026-08-09 15:49:08 [INFO]   🔵 [94m[1mPT0002000068856655YV[0m  [2m[Cluster 0][0m
2026-08-09 15:49:08 [INFO]      consumiu MENOS que o habitual às 06h
2026-08-09 15:49:08 [INFO]      [2mReal:[0m 2.0 kWh   [2mHabitual:[0m 4.0 ± 0.4 kWh   [2mz:[0m -5.00   [2mdesvio:[0m -50%   [2m(2 obs. fim_semana)[0m
2026-08-09 15:49:08 [INFO] 
2026-08-09 15:49:08 [INFO]   🔴 [91m[1mPT0002000068857099AR[0m  [2m[Cluster 1][0m
2026-08-09 15:49:08 [INFO]      consumiu MAIS que o habitual às 09h
2026-08-09 15:49:08 [INFO]      [2mReal:[0m 6.0 kWh   [2mHabitual:[0m 4.0 ± 0.4 kWh   [2mz:[0m +5.00   [2mdesvio:[0m +50%   [2m(2 obs. fim_semana)[0m
2026-08-09 15:49:08 [INFO] 
2026-08-09 15:49:08 [INFO]   🔵 [94m[1mPT0002000068858674WN[0m  [2m[Cluster 1 (atribuido)][0m
2026-08-09 15:49:08 [INFO]      consumiu MENOS que o habitual às 03h
2026-08-09 15:49:08 [INFO]      [2mReal:[0m 4.0 kWh   [2mHabitual:[0m 8.0 ± 0.8 kWh   [2mz:[0m -5.00   [2mdesvio:[0m -50%   [2m(2 obs. fim_semana)[0m
2026-08-09 15:49:08 [INFO] 
2026-08-09 15:49:08 [INFO]   🔵 [94m[1mPT0002000078233981HJ[0m  [2m[Cluster 1][0m
2026-08-09 15:49:08 [INFO]      consumiu MENOS que o habitual às 13h
2026-08-09 15:49:08 [INFO]      [2mReal:[0m 2.0 kWh   [2mHabitual:[0m 4.0 ± 0.4 kWh   [2mz:[0m -5.00   [2mdesvio:[0m -50%   [2m(2 obs. fim_semana)[0m
2026-08-09 15:49:08 [INFO] 
2026-08-09 15:49:08 [INFO]   🔴 [91m[1mPT0002000078294957RQ[0m  [2m[Cluster 0][0m
2026-08-09 15:49:08 [INFO]      consumiu MAIS que o habitual às 09h
2026-08-09 15:49:08 [INFO]      [2mReal:[0m 6.0 kWh   [2mHabitual:[0m 4.0 ± 0.4 kWh   [2mz:[0m +5.00   [2mdesvio:[0m +50%   [2m(2 obs. fim_semana)[0m
2026-08-09 15:49:08 [INFO] 
2026-08-09 15:49:08 [INFO]   🔴 [91m[1mPT0002000078294957RQ[0m  [2m[Cluster 0][0m
2026-08-09 15:49:08 [INFO]      consumiu MAIS que o habitual às 15h
2026-08-09 15:49:08 [INFO]      [2mReal:[0m 6.0 kWh   [2mHabitual:[0m 4.0 ± 0.4 kWh   [2mz:[0m +5.00   [2mdesvio:[0m +50%   [2m(2 obs. fim_semana)[0m
2026-08-09 15:49:08 [INFO] 
2026-08-09 15:49:08 [INFO]   🔵 [94m[1mPT0002000115673471CB[0m  [2m[Cluster 0][0m
2026-08-09 15:49:08 [INFO]      consumiu MENOS que o habitual às 01h
2026-08-09 15:49:08 [INFO]      [2mReal:[0m 6.0 kWh   [2mHabitual:[0m 12.0 ± 1.2 kWh   [2mz:[0m -5.00   [2mdesvio:[0m -50%   [2m(2 obs. fim_semana)[0m
2026-08-09 15:49:08 [INFO] 
2026-08-09 15:49:08 [INFO]   🔵 [94m[1mPT0002000115673471CB[0m  [2m[Cluster 0][0m
2026-08-09 15:49:08 [INFO]      consumiu MENOS que o habitual às 03h
2026-08-09 15:49:08 [INFO]      [2mReal:[0m 6.0 kWh   [2mHabitual:[0m 12.0 ± 1.2 kWh   [2mz:[0m -5.00   [2mdesvio:[0m -50%   [2m(2 obs. fim_semana)[0m
2026-08-09 15:49:08 [INFO] 
2026-08-09 15:49:08 [INFO]   🔵 [94m[1mPT0002000125379984SH[0m  [2m[Cluster 1][0m
2026-08-09 15:49:08 [INFO]      consumiu MENOS que o habitual às 11h
2026-08-09 15:49:08 [INFO]      [2mReal:[0m 4.0 kWh   [2mHabitual:[0m 8.0 ± 0.8 kWh   [2mz:[0m -5.00   [2mdesvio:[0m -50%   [2m(2 obs. fim_semana)[0m
2026-08-09 15:49:08 [INFO] 
2026-08-09 15:49:08 [INFO]   🔵 [94m[1mPT0002000100113293JT[0m  [2m[Cluster 0][0m
2026-08-09 15:49:08 [INFO]      consumiu MENOS que o habitual às 08h
2026-08-09 15:49:08 [INFO]      [2mReal:[0m 67.0 kWh   [2mHabitual:[0m 133.5 ± 13.3 kWh   [2mz:[0m -4.98   [2mdesvio:[0m -50%   [2m(2 obs. fim_semana)[0m
2026-08-09 15:49:08 [INFO] 
2026-08-09 15:49:08 [INFO]   🔵 [94m[1mPT0002000068855003AK[0m  [2m[Cluster 0 (atribuido)][0m
2026-08-09 15:49:08 [INFO]      consumiu MENOS que o habitual às 17h
2026-08-09 15:49:08 [INFO]      [2mReal:[0m 13.0 kWh   [2mHabitual:[0m 41.0 ± 5.7 kWh   [2mz:[0m -4.95   [2mdesvio:[0m -68%   [2m(2 obs. fim_semana)[0m
2026-08-09 15:49:08 [INFO] 
2026-08-09 15:49:08 [INFO]   🔴 [91m[1mPT0002000068856655YV[0m  [2m[Cluster 0][0m
2026-08-09 15:49:08 [INFO]      consumiu MAIS que o habitual às 00h
2026-08-09 15:49:08 [INFO]      [2mReal:[0m 6.0 kWh   [2mHabitual:[0m 2.5 ± 0.7 kWh   [2mz:[0m +4.95   [2mdesvio:[0m +140%   [2m(2 obs. fim_semana)[0m
2026-08-09 15:49:08 [INFO] 
2026-08-09 15:49:08 [INFO]   🔵 [94m[1mPT0002000068856655YV[0m  [2m[Cluster 0][0m
2026-08-09 15:49:08 [INFO]      consumiu MENOS que o habitual às 11h
2026-08-09 15:49:08 [INFO]      [2mReal:[0m 2.0 kWh   [2mHabitual:[0m 9.0 ± 1.4 kWh   [2mz:[0m -4.95   [2mdesvio:[0m -78%   [2m(2 obs. fim_semana)[0m
2026-08-09 15:49:08 [INFO] 
2026-08-09 15:49:08 [INFO]   🔵 [94m[1mPT0002000068856974CZ[0m  [2m[Cluster 0 (atribuido)][0m
2026-08-09 15:49:08 [INFO]      consumiu MENOS que o habitual às 15h
2026-08-09 15:49:08 [INFO]      [2mReal:[0m 9.0 kWh   [2mHabitual:[0m 51.0 ± 8.5 kWh   [2mz:[0m -4.95   [2mdesvio:[0m -82%   [2m(2 obs. fim_semana)[0m
2026-08-09 15:49:08 [INFO] 
2026-08-09 15:49:08 [INFO]   🔴 [91m[1mPT0002000068857099AR[0m  [2m[Cluster 1][0m
2026-08-09 15:49:08 [INFO]      consumiu MAIS que o habitual às 14h
2026-08-09 15:49:08 [INFO]      [2mReal:[0m 8.0 kWh   [2mHabitual:[0m 4.5 ± 0.7 kWh   [2mz:[0m +4.95   [2mdesvio:[0m +78%   [2m(2 obs. fim_semana)[0m
2026-08-09 15:49:08 [INFO] 
2026-08-09 15:49:08 [INFO]   🔵 [94m[1mPT0002000068857909SY[0m  [2m[Cluster 1][0m
2026-08-09 15:49:08 [INFO]      consumiu MENOS que o habitual às 09h
2026-08-09 15:49:08 [INFO]      [2mReal:[0m 2.0 kWh   [2mHabitual:[0m 9.0 ± 1.4 kWh   [2mz:[0m -4.95   [2mdesvio:[0m -78%   [2m(2 obs. fim_semana)[0m
2026-08-09 15:49:08 [INFO] 
2026-08-09 15:49:08 [INFO]   🔵 [94m[1mPT0002000110607652SB[0m  [2m[Cluster 0][0m
2026-08-09 15:49:08 [INFO]      consumiu MENOS que o habitual às 19h
2026-08-09 15:49:08 [INFO]      [2mReal:[0m 20.0 kWh   [2mHabitual:[0m 48.0 ± 5.7 kWh   [2mz:[0m -4.95   [2mdesvio:[0m -58%   [2m(2 obs. fim_semana)[0m
2026-08-09 15:49:08 [INFO] 
2026-08-09 15:49:08 [INFO]   🔵 [94m[1mPT0002000100113293JT[0m  [2m[Cluster 0][0m
2026-08-09 15:49:08 [INFO]      consumiu MENOS que o habitual às 09h
2026-08-09 15:49:08 [INFO]      [2mReal:[0m 68.0 kWh   [2mHabitual:[0m 134.0 ± 13.4 kWh   [2mz:[0m -4.93   [2mdesvio:[0m -49%   [2m(2 obs. fim_semana)[0m
2026-08-09 15:49:08 [INFO] 
2026-08-09 15:49:08 [INFO]   🔵 [94m[1mPT0002000068857897ZV[0m  [2m[Cluster 0][0m
2026-08-09 15:49:08 [INFO]      consumiu MENOS que o habitual às 15h
2026-08-09 15:49:08 [INFO]      [2mReal:[0m 25.0 kWh   [2mHabitual:[0m 49.0 ± 4.9 kWh   [2mz:[0m -4.90   [2mdesvio:[0m -49%   [2m(2 obs. fim_semana)[0m
2026-08-09 15:49:08 [INFO] 
2026-08-09 15:49:08 [INFO]   🔴 [91m[1mPT0002000125701614SQ[0m  [2m[Cluster 1 (atribuido)][0m
2026-08-09 15:49:08 [INFO]      consumiu MAIS que o habitual às 10h
2026-08-09 15:49:08 [INFO]      [2mReal:[0m 26.0 kWh   [2mHabitual:[0m 17.5 ± 1.8 kWh   [2mz:[0m +4.86   [2mdesvio:[0m +49%   [2m(2 obs. fim_semana)[0m
2026-08-09 15:49:08 [INFO] 
2026-08-09 15:49:08 [INFO]   🔵 [94m[1mPT0002000068859325FL[0m  [2m[Cluster 1][0m
2026-08-09 15:49:08 [INFO]      consumiu MENOS que o habitual às 19h
2026-08-09 15:49:08 [INFO]      [2mReal:[0m 64.0 kWh   [2mHabitual:[0m 124.0 ± 12.4 kWh   [2mz:[0m -4.84   [2mdesvio:[0m -48%   [2m(2 obs. fim_semana)[0m
2026-08-09 15:49:08 [INFO] 
2026-08-09 15:49:08 [INFO]   🔴 [91m[1mPT0002000125701614SQ[0m  [2m[Cluster 1 (atribuido)][0m
2026-08-09 15:49:08 [INFO]      consumiu MAIS que o habitual às 08h
2026-08-09 15:49:08 [INFO]      [2mReal:[0m 20.0 kWh   [2mHabitual:[0m 13.5 ± 1.4 kWh   [2mz:[0m +4.81   [2mdesvio:[0m +48%   [2m(2 obs. fim_semana)[0m
2026-08-09 15:49:08 [INFO] 
2026-08-09 15:49:08 [INFO]   🔵 [94m[1mPT0002000068857897ZV[0m  [2m[Cluster 0][0m
2026-08-09 15:49:08 [INFO]      consumiu MENOS que o habitual às 13h
2026-08-09 15:49:08 [INFO]      [2mReal:[0m 26.0 kWh   [2mHabitual:[0m 50.0 ± 5.0 kWh   [2mz:[0m -4.80   [2mdesvio:[0m -48%   [2m(2 obs. fim_semana)[0m
2026-08-09 15:49:08 [INFO] 
2026-08-09 15:49:08 [INFO]   🔴 [91m[1mPT0002000068859325FL[0m  [2m[Cluster 1][0m
2026-08-09 15:49:08 [INFO]      consumiu MAIS que o habitual às 08h
2026-08-09 15:49:08 [INFO]      [2mReal:[0m 136.0 kWh   [2mHabitual:[0m 92.0 ± 9.2 kWh   [2mz:[0m +4.78   [2mdesvio:[0m +48%   [2m(2 obs. fim_semana)[0m
2026-08-09 15:49:08 [INFO] 
2026-08-09 15:49:08 [INFO]   🔵 [94m[1mPT0002000115700602GW[0m  [2m[Cluster 0][0m
2026-08-09 15:49:08 [INFO]      consumiu MENOS que o habitual às 08h
2026-08-09 15:49:08 [INFO]      [2mReal:[0m 6.0 kWh   [2mHabitual:[0m 11.5 ± 1.1 kWh   [2mz:[0m -4.78   [2mdesvio:[0m -48%   [2m(2 obs. fim_semana)[0m
2026-08-09 15:49:08 [INFO] 
2026-08-09 15:49:08 [INFO]   🔵 [94m[1mPT0002000100113293JT[0m  [2m[Cluster 0][0m
2026-08-09 15:49:08 [INFO]      consumiu MENOS que o habitual às 07h
2026-08-09 15:49:08 [INFO]      [2mReal:[0m 73.0 kWh   [2mHabitual:[0m 139.5 ± 13.9 kWh   [2mz:[0m -4.77   [2mdesvio:[0m -48%   [2m(2 obs. fim_semana)[0m
2026-08-09 15:49:08 [INFO] 
2026-08-09 15:49:08 [INFO]   🔴 [91m[1mPT0002000201038711LS[0m  [2m[Cluster 1 (atribuido)][0m
2026-08-09 15:49:08 [INFO]      consumiu MAIS que o habitual às 00h
2026-08-09 15:49:08 [INFO]      [2mReal:[0m 47.0 kWh   [2mHabitual:[0m 23.5 ± 5.0 kWh   [2mz:[0m +4.75   [2mdesvio:[0m +100%   [2m(2 obs. fim_semana)[0m
2026-08-09 15:49:08 [INFO] 
2026-08-09 15:49:08 [INFO]   🔵 [94m[1mPT0002000068857897ZV[0m  [2m[Cluster 0][0m
2026-08-09 15:49:08 [INFO]      consumiu MENOS que o habitual às 16h
2026-08-09 15:49:08 [INFO]      [2mReal:[0m 25.0 kWh   [2mHabitual:[0m 47.5 ± 4.8 kWh   [2mz:[0m -4.74   [2mdesvio:[0m -47%   [2m(2 obs. fim_semana)[0m
2026-08-09 15:49:08 [INFO] 
2026-08-09 15:49:08 [INFO]   🔵 [94m[1mPT0002000068858231YY[0m  [2m[Cluster 0 (atribuido)][0m
2026-08-09 15:49:08 [INFO]      consumiu MENOS que o habitual às 16h
2026-08-09 15:49:08 [INFO]      [2mReal:[0m 15.0 kWh   [2mHabitual:[0m 28.5 ± 2.9 kWh   [2mz:[0m -4.74   [2mdesvio:[0m -47%   [2m(2 obs. fim_semana)[0m
2026-08-09 15:49:08 [INFO] 
2026-08-09 15:49:08 [INFO]   🔵 [94m[1mPT0002000068856974CZ[0m  [2m[Cluster 0 (atribuido)][0m
2026-08-09 15:49:08 [INFO]      consumiu MENOS que o habitual às 13h
2026-08-09 15:49:08 [INFO]      [2mReal:[0m 26.0 kWh   [2mHabitual:[0m 49.0 ± 4.9 kWh   [2mz:[0m -4.69   [2mdesvio:[0m -47%   [2m(2 obs. fim_semana)[0m
2026-08-09 15:49:08 [INFO] 
2026-08-09 15:49:08 [INFO]   🔵 [94m[1mPT0002000068859393XH[0m  [2m[Cluster 1][0m
2026-08-09 15:49:08 [INFO]      consumiu MENOS que o habitual às 14h
2026-08-09 15:49:08 [INFO]      [2mReal:[0m 43.0 kWh   [2mHabitual:[0m 112.5 ± 14.8 kWh   [2mz:[0m -4.68   [2mdesvio:[0m -62%   [2m(2 obs. fim_semana)[0m
2026-08-09 15:49:08 [INFO] 
2026-08-09 15:49:08 [INFO]   🔵 [94m[1mPT0002000120237616VJ[0m  [2m[Cluster 0][0m
2026-08-09 15:49:08 [INFO]      consumiu MENOS que o habitual às 16h
2026-08-09 15:49:08 [INFO]      [2mReal:[0m 12.0 kWh   [2mHabitual:[0m 22.5 ± 2.2 kWh   [2mz:[0m -4.67   [2mdesvio:[0m -47%   [2m(2 obs. fim_semana)[0m
2026-08-09 15:49:08 [INFO] 
2026-08-09 15:49:08 [INFO]   🔵 [94m[1mPT0002000120237616VJ[0m  [2m[Cluster 0][0m
2026-08-09 15:49:08 [INFO]      consumiu MENOS que o habitual às 18h
2026-08-09 15:49:08 [INFO]      [2mReal:[0m 12.0 kWh   [2mHabitual:[0m 22.5 ± 2.2 kWh   [2mz:[0m -4.67   [2mdesvio:[0m -47%   [2m(2 obs. fim_semana)[0m
2026-08-09 15:49:08 [INFO] 
2026-08-09 15:49:08 [INFO]   🔵 [94m[1mPT0002000068856974CZ[0m  [2m[Cluster 0 (atribuido)][0m
2026-08-09 15:49:08 [INFO]      consumiu MENOS que o habitual às 12h
2026-08-09 15:49:08 [INFO]      [2mReal:[0m 27.0 kWh   [2mHabitual:[0m 50.5 ± 5.0 kWh   [2mz:[0m -4.65   [2mdesvio:[0m -47%   [2m(2 obs. fim_semana)[0m
2026-08-09 15:49:08 [INFO] 
2026-08-09 15:49:08 [INFO]   🔵 [94m[1mPT0002000068858231YY[0m  [2m[Cluster 0 (atribuido)][0m
2026-08-09 15:49:08 [INFO]      consumiu MENOS que o habitual às 12h
2026-08-09 15:49:08 [INFO]      [2mReal:[0m 15.0 kWh   [2mHabitual:[0m 28.0 ± 2.8 kWh   [2mz:[0m -4.64   [2mdesvio:[0m -46%   [2m(2 obs. fim_semana)[0m
2026-08-09 15:49:08 [INFO] 
2026-08-09 15:49:08 [INFO]   🔴 [91m[1mPT0002000077348081AG[0m  [2m[Cluster 0 (atribuido)][0m
2026-08-09 15:49:08 [INFO]      consumiu MAIS que o habitual às 08h
2026-08-09 15:49:08 [INFO]      [2mReal:[0m 84.0 kWh   [2mHabitual:[0m 54.5 ± 6.4 kWh   [2mz:[0m +4.64   [2mdesvio:[0m +54%   [2m(2 obs. fim_semana)[0m
2026-08-09 15:49:08 [INFO] 
2026-08-09 15:49:08 [INFO]   🔵 [94m[1mPT0002000120237616VJ[0m  [2m[Cluster 0][0m
2026-08-09 15:49:08 [INFO]      consumiu MENOS que o habitual às 19h
2026-08-09 15:49:08 [INFO]      [2mReal:[0m 11.0 kWh   [2mHabitual:[0m 20.5 ± 2.0 kWh   [2mz:[0m -4.63   [2mdesvio:[0m -46%   [2m(2 obs. fim_semana)[0m
2026-08-09 15:49:08 [INFO] 
2026-08-09 15:49:08 [INFO]   🔵 [94m[1mPT0002000068856974CZ[0m  [2m[Cluster 0 (atribuido)][0m
2026-08-09 15:49:08 [INFO]      consumiu MENOS que o habitual às 10h
2026-08-09 15:49:08 [INFO]      [2mReal:[0m 25.0 kWh   [2mHabitual:[0m 46.5 ± 4.7 kWh   [2mz:[0m -4.62   [2mdesvio:[0m -46%   [2m(2 obs. fim_semana)[0m
2026-08-09 15:49:08 [INFO] 
2026-08-09 15:49:08 [INFO]   🔴 [91m[1mPT0002000068859597LS[0m  [2m[Cluster 0][0m
2026-08-09 15:49:08 [INFO]      consumiu MAIS que o habitual às 18h
2026-08-09 15:49:08 [INFO]      [2mReal:[0m 46.0 kWh   [2mHabitual:[0m 31.5 ± 3.1 kWh   [2mz:[0m +4.60   [2mdesvio:[0m +46%   [2m(2 obs. fim_semana)[0m
2026-08-09 15:49:08 [INFO] 
2026-08-09 15:49:08 [INFO]   🔵 [94m[1mPT0002000068855003AK[0m  [2m[Cluster 0 (atribuido)][0m
2026-08-09 15:49:08 [INFO]      consumiu MENOS que o habitual às 07h
2026-08-09 15:49:08 [INFO]      [2mReal:[0m 6.0 kWh   [2mHabitual:[0m 11.0 ± 1.1 kWh   [2mz:[0m -4.55   [2mdesvio:[0m -45%   [2m(2 obs. fim_semana)[0m
2026-08-09 15:49:08 [INFO] 
2026-08-09 15:49:08 [INFO]   🔵 [94m[1mPT0002000068856267NC[0m  [2m[Cluster 0 (atribuido)][0m
2026-08-09 15:49:08 [INFO]      consumiu MENOS que o habitual às 10h
2026-08-09 15:49:08 [INFO]      [2mReal:[0m 15.0 kWh   [2mHabitual:[0m 27.5 ± 2.8 kWh   [2mz:[0m -4.55   [2mdesvio:[0m -45%   [2m(2 obs. fim_semana)[0m
2026-08-09 15:49:08 [INFO] 
2026-08-09 15:49:08 [INFO]   🔵 [94m[1mPT0002000068858231YY[0m  [2m[Cluster 0 (atribuido)][0m
2026-08-09 15:49:08 [INFO]      consumiu MENOS que o habitual às 11h
2026-08-09 15:49:08 [INFO]      [2mReal:[0m 15.0 kWh   [2mHabitual:[0m 27.5 ± 2.8 kWh   [2mz:[0m -4.55   [2mdesvio:[0m -45%   [2m(2 obs. fim_semana)[0m
2026-08-09 15:49:08 [INFO] 
2026-08-09 15:49:08 [INFO]   🔵 [94m[1mPT0002000068855003AK[0m  [2m[Cluster 0 (atribuido)][0m
2026-08-09 15:49:08 [INFO]      consumiu MENOS que o habitual às 08h
2026-08-09 15:49:08 [INFO]      [2mReal:[0m 7.0 kWh   [2mHabitual:[0m 16.5 ± 2.1 kWh   [2mz:[0m -4.48   [2mdesvio:[0m -58%   [2m(2 obs. fim_semana)[0m
2026-08-09 15:49:08 [INFO] 
2026-08-09 15:49:08 [INFO]   🔵 [94m[1mPT0002000068859393XH[0m  [2m[Cluster 1][0m
2026-08-09 15:49:08 [INFO]      consumiu MENOS que o habitual às 15h
2026-08-09 15:49:08 [INFO]      [2mReal:[0m 42.0 kWh   [2mHabitual:[0m 114.5 ± 16.3 kWh   [2mz:[0m -4.46   [2mdesvio:[0m -63%   [2m(2 obs. fim_semana)[0m
2026-08-09 15:49:08 [INFO] 
2026-08-09 15:49:08 [INFO]   🔵 [94m[1mPT0002000068857897ZV[0m  [2m[Cluster 0][0m
2026-08-09 15:49:08 [INFO]      consumiu MENOS que o habitual às 14h
2026-08-09 15:49:08 [INFO]      [2mReal:[0m 26.0 kWh   [2mHabitual:[0m 51.0 ± 5.7 kWh   [2mz:[0m -4.42   [2mdesvio:[0m -49%   [2m(2 obs. fim_semana)[0m
2026-08-09 15:49:08 [INFO] 
2026-08-09 15:49:08 [INFO]   🔵 [94m[1mPT0002000068859597LS[0m  [2m[Cluster 0][0m
2026-08-09 15:49:08 [INFO]      consumiu MENOS que o habitual às 10h
2026-08-09 15:49:08 [INFO]      [2mReal:[0m 26.0 kWh   [2mHabitual:[0m 46.5 ± 4.7 kWh   [2mz:[0m -4.41   [2mdesvio:[0m -44%   [2m(2 obs. fim_semana)[0m
2026-08-09 15:49:08 [INFO] 
2026-08-09 15:49:08 [INFO]   🔵 [94m[1mPT0002000068856267NC[0m  [2m[Cluster 0 (atribuido)][0m
2026-08-09 15:49:08 [INFO]      consumiu MENOS que o habitual às 09h
2026-08-09 15:49:08 [INFO]      [2mReal:[0m 16.0 kWh   [2mHabitual:[0m 28.5 ± 2.9 kWh   [2mz:[0m -4.39   [2mdesvio:[0m -44%   [2m(2 obs. fim_semana)[0m
2026-08-09 15:49:08 [INFO] 
2026-08-09 15:49:08 [INFO]   🔵 [94m[1mPT0002000068859393XH[0m  [2m[Cluster 1][0m
2026-08-09 15:49:08 [INFO]      consumiu MENOS que o habitual às 20h
2026-08-09 15:49:08 [INFO]      [2mReal:[0m 49.0 kWh   [2mHabitual:[0m 95.5 ± 10.6 kWh   [2mz:[0m -4.38   [2mdesvio:[0m -49%   [2m(2 obs. fim_semana)[0m
2026-08-09 15:49:08 [INFO] 
2026-08-09 15:49:08 [INFO]   🔵 [94m[1mPT0002000100113293JT[0m  [2m[Cluster 0][0m
2026-08-09 15:49:08 [INFO]      consumiu MENOS que o habitual às 06h
2026-08-09 15:49:08 [INFO]      [2mReal:[0m 85.0 kWh   [2mHabitual:[0m 151.0 ± 15.1 kWh   [2mz:[0m -4.37   [2mdesvio:[0m -44%   [2m(2 obs. fim_semana)[0m
2026-08-09 15:49:08 [INFO] 
2026-08-09 15:49:08 [INFO]   🔵 [94m[1mPT0002000100113293JT[0m  [2m[Cluster 0][0m
2026-08-09 15:49:08 [INFO]      consumiu MENOS que o habitual às 02h
2026-08-09 15:49:08 [INFO]      [2mReal:[0m 85.0 kWh   [2mHabitual:[0m 150.5 ± 15.1 kWh   [2mz:[0m -4.35   [2mdesvio:[0m -44%   [2m(2 obs. fim_semana)[0m
2026-08-09 15:49:08 [INFO] 
2026-08-09 15:49:08 [INFO]   🔵 [94m[1mPT0002000100113293JT[0m  [2m[Cluster 0][0m
2026-08-09 15:49:08 [INFO]      consumiu MENOS que o habitual às 03h
2026-08-09 15:49:08 [INFO]      [2mReal:[0m 86.0 kWh   [2mHabitual:[0m 151.0 ± 15.1 kWh   [2mz:[0m -4.30   [2mdesvio:[0m -43%   [2m(2 obs. fim_semana)[0m
2026-08-09 15:49:08 [INFO] 
2026-08-09 15:49:08 [INFO]   🔵 [94m[1mPT0002000100113293JT[0m  [2m[Cluster 0][0m
2026-08-09 15:49:08 [INFO]      consumiu MENOS que o habitual às 04h
2026-08-09 15:49:08 [INFO]      [2mReal:[0m 86.0 kWh   [2mHabitual:[0m 151.0 ± 15.1 kWh   [2mz:[0m -4.30   [2mdesvio:[0m -43%   [2m(2 obs. fim_semana)[0m
2026-08-09 15:49:08 [INFO] 
2026-08-09 15:49:08 [INFO]   🔵 [94m[1mPT0002000068858231YY[0m  [2m[Cluster 0 (atribuido)][0m
2026-08-09 15:49:08 [INFO]      consumiu MENOS que o habitual às 15h
2026-08-09 15:49:08 [INFO]      [2mReal:[0m 16.0 kWh   [2mHabitual:[0m 28.0 ± 2.8 kWh   [2mz:[0m -4.29   [2mdesvio:[0m -43%   [2m(2 obs. fim_semana)[0m
2026-08-09 15:49:08 [INFO] 
2026-08-09 15:49:08 [INFO]   🔵 [94m[1mPT0002000100113293JT[0m  [2m[Cluster 0][0m
2026-08-09 15:49:08 [INFO]      consumiu MENOS que o habitual às 01h
2026-08-09 15:49:08 [INFO]      [2mReal:[0m 86.0 kWh   [2mHabitual:[0m 150.0 ± 15.0 kWh   [2mz:[0m -4.27   [2mdesvio:[0m -43%   [2m(2 obs. fim_semana)[0m
2026-08-09 15:49:08 [INFO] 
2026-08-09 15:49:08 [INFO]   🔵 [94m[1mPT0002000100113293JT[0m  [2m[Cluster 0][0m
2026-08-09 15:49:08 [INFO]      consumiu MENOS que o habitual às 00h
2026-08-09 15:49:08 [INFO]      [2mReal:[0m 86.0 kWh   [2mHabitual:[0m 149.5 ± 14.9 kWh   [2mz:[0m -4.25   [2mdesvio:[0m -42%   [2m(2 obs. fim_semana)[0m
2026-08-09 15:49:08 [INFO] 
2026-08-09 15:49:08 [INFO]   🔵 [94m[1mPT0002000100113293JT[0m  [2m[Cluster 0][0m
2026-08-09 15:49:08 [INFO]      consumiu MENOS que o habitual às 05h
2026-08-09 15:49:08 [INFO]      [2mReal:[0m 86.0 kWh   [2mHabitual:[0m 149.5 ± 14.9 kWh   [2mz:[0m -4.25   [2mdesvio:[0m -42%   [2m(2 obs. fim_semana)[0m
2026-08-09 15:49:08 [INFO] 
2026-08-09 15:49:08 [INFO]   🔵 [94m[1mPT0002000068856655YV[0m  [2m[Cluster 0][0m
2026-08-09 15:49:08 [INFO]      consumiu MENOS que o habitual às 16h
2026-08-09 15:49:08 [INFO]      [2mReal:[0m 2.0 kWh   [2mHabitual:[0m 8.0 ± 1.4 kWh   [2mz:[0m -4.24   [2mdesvio:[0m -75%   [2m(2 obs. fim_semana)[0m
2026-08-09 15:49:08 [INFO] 
2026-08-09 15:49:08 [INFO]   🔵 [94m[1mPT0002000068857897ZV[0m  [2m[Cluster 0][0m
2026-08-09 15:49:08 [INFO]      consumiu MENOS que o habitual às 12h
2026-08-09 15:49:08 [INFO]      [2mReal:[0m 24.0 kWh   [2mHabitual:[0m 48.0 ± 5.7 kWh   [2mz:[0m -4.24   [2mdesvio:[0m -50%   [2m(2 obs. fim_semana)[0m
2026-08-09 15:49:08 [INFO] 
2026-08-09 15:49:08 [INFO]   🔵 [94m[1mPT0002000081344542CP[0m  [2m[Cluster 1][0m
2026-08-09 15:49:08 [INFO]      consumiu MENOS que o habitual às 18h
2026-08-09 15:49:08 [INFO]      [2mReal:[0m 1.0 kWh   [2mHabitual:[0m 7.0 ± 1.4 kWh   [2mz:[0m -4.24   [2mdesvio:[0m -86%   [2m(2 obs. fim_semana)[0m
2026-08-09 15:49:08 [INFO] 
2026-08-09 15:49:08 [INFO]   🔵 [94m[1mPT0002000110607652SB[0m  [2m[Cluster 0][0m
2026-08-09 15:49:08 [INFO]      consumiu MENOS que o habitual às 07h
2026-08-09 15:49:08 [INFO]      [2mReal:[0m 12.0 kWh   [2mHabitual:[0m 36.0 ± 5.7 kWh   [2mz:[0m -4.24   [2mdesvio:[0m -67%   [2m(2 obs. fim_semana)[0m
2026-08-09 15:49:08 [INFO] 
2026-08-09 15:49:08 [INFO]   🔵 [94m[1mPT0002000115700602GW[0m  [2m[Cluster 0][0m
2026-08-09 15:49:08 [INFO]      consumiu MENOS que o habitual às 09h
2026-08-09 15:49:08 [INFO]      [2mReal:[0m 7.0 kWh   [2mHabitual:[0m 13.0 ± 1.4 kWh   [2mz:[0m -4.24   [2mdesvio:[0m -46%   [2m(2 obs. fim_semana)[0m
2026-08-09 15:49:08 [INFO] 
2026-08-09 15:49:08 [INFO]   🔵 [94m[1mPT0002000068856267NC[0m  [2m[Cluster 0 (atribuido)][0m
2026-08-09 15:49:08 [INFO]      consumiu MENOS que o habitual às 12h
2026-08-09 15:49:08 [INFO]      [2mReal:[0m 15.0 kWh   [2mHabitual:[0m 26.0 ± 2.6 kWh   [2mz:[0m -4.23   [2mdesvio:[0m -42%   [2m(2 obs. fim_semana)[0m
2026-08-09 15:49:08 [INFO] 
2026-08-09 15:49:08 [INFO]   🔵 [94m[1mPT0002000068856974CZ[0m  [2m[Cluster 0 (atribuido)][0m
2026-08-09 15:49:08 [INFO]      consumiu MENOS que o habitual às 11h
2026-08-09 15:49:08 [INFO]      [2mReal:[0m 27.0 kWh   [2mHabitual:[0m 46.0 ± 4.6 kWh   [2mz:[0m -4.13   [2mdesvio:[0m -41%   [2m(2 obs. fim_semana)[0m
2026-08-09 15:49:08 [INFO] 
2026-08-09 15:49:08 [INFO]   🔵 [94m[1mPT0002000106102375RC[0m  [2m[Cluster 0 (atribuido)][0m
2026-08-09 15:49:08 [INFO]      consumiu MENOS que o habitual às 11h
2026-08-09 15:49:08 [INFO]      [2mReal:[0m 43.0 kWh   [2mHabitual:[0m 72.0 ± 7.2 kWh   [2mz:[0m -4.03   [2mdesvio:[0m -40%   [2m(2 obs. fim_semana)[0m
2026-08-09 15:49:08 [INFO] 
2026-08-09 15:49:08 [INFO]   🔵 [94m[1mPT0002000125379984SH[0m  [2m[Cluster 1][0m
2026-08-09 15:49:08 [INFO]      consumiu MENOS que o habitual às 15h
2026-08-09 15:49:08 [INFO]      [2mReal:[0m 4.0 kWh   [2mHabitual:[0m 12.5 ± 2.1 kWh   [2mz:[0m -4.01   [2mdesvio:[0m -68%   [2m(2 obs. fim_semana)[0m
2026-08-09 15:49:08 [INFO] 
2026-08-09 15:49:08 [INFO]   🔵 [94m[1mPT0002000112989585PH[0m  [2m[Cluster 0][0m
2026-08-09 15:49:08 [INFO]      consumiu MENOS que o habitual às 10h
2026-08-09 15:49:08 [INFO]      [2mReal:[0m 17.0 kWh   [2mHabitual:[0m 28.0 ± 2.8 kWh   [2mz:[0m -3.93   [2mdesvio:[0m -39%   [2m(2 obs. fim_semana)[0m
2026-08-09 15:49:08 [INFO] 
2026-08-09 15:49:08 [INFO]   🔵 [94m[1mPT0002000068859393XH[0m  [2m[Cluster 1][0m
2026-08-09 15:49:08 [INFO]      consumiu MENOS que o habitual às 16h
2026-08-09 15:49:08 [INFO]      [2mReal:[0m 43.0 kWh   [2mHabitual:[0m 106.5 ± 16.3 kWh   [2mz:[0m -3.90   [2mdesvio:[0m -60%   [2m(2 obs. fim_semana)[0m
2026-08-09 15:49:08 [INFO] 
2026-08-09 15:49:08 [INFO]   🔴 [91m[1mPT0002000107172384HT[0m  [2m[Cluster 1][0m
2026-08-09 15:49:08 [INFO]      consumiu MAIS que o habitual às 00h
2026-08-09 15:49:08 [INFO]      [2mReal:[0m 36.0 kWh   [2mHabitual:[0m 25.0 ± 2.8 kWh   [2mz:[0m +3.89   [2mdesvio:[0m +44%   [2m(2 obs. fim_semana)[0m
2026-08-09 15:49:08 [INFO] 
2026-08-09 15:49:08 [INFO]   🔵 [94m[1mPT0002000111572054VT[0m  [2m[Cluster 0 (atribuido)][0m
2026-08-09 15:49:08 [INFO]      consumiu MENOS que o habitual às 07h
2026-08-09 15:49:08 [INFO]      [2mReal:[0m 11.0 kWh   [2mHabitual:[0m 18.0 ± 1.8 kWh   [2mz:[0m -3.89   [2mdesvio:[0m -39%   [2m(2 obs. fim_semana)[0m
2026-08-09 15:49:08 [INFO] 
2026-08-09 15:49:08 [INFO]   🔵 [94m[1mPT0002000120237616VJ[0m  [2m[Cluster 0][0m
2026-08-09 15:49:08 [INFO]      consumiu MENOS que o habitual às 20h
2026-08-09 15:49:08 [INFO]      [2mReal:[0m 11.0 kWh   [2mHabitual:[0m 18.0 ± 1.8 kWh   [2mz:[0m -3.89   [2mdesvio:[0m -39%   [2m(2 obs. fim_semana)[0m
2026-08-09 15:49:08 [INFO] 
2026-08-09 15:49:08 [INFO]   🔵 [94m[1mPT0002000068856267NC[0m  [2m[Cluster 0 (atribuido)][0m
2026-08-09 15:49:08 [INFO]      consumiu MENOS que o habitual às 08h
2026-08-09 15:49:08 [INFO]      [2mReal:[0m 15.0 kWh   [2mHabitual:[0m 24.5 ± 2.5 kWh   [2mz:[0m -3.88   [2mdesvio:[0m -39%   [2m(2 obs. fim_semana)[0m
2026-08-09 15:49:08 [INFO] 
2026-08-09 15:49:08 [INFO]   🔵 [94m[1mPT0002000120237616VJ[0m  [2m[Cluster 0][0m
2026-08-09 15:49:08 [INFO]      consumiu MENOS que o habitual às 22h
2026-08-09 15:49:08 [INFO]      [2mReal:[0m 10.0 kWh   [2mHabitual:[0m 16.3 ± 1.6 kWh   [2mz:[0m -3.88   [2mdesvio:[0m -39%   [2m(3 obs. fim_semana)[0m
2026-08-09 15:49:08 [INFO] 
2026-08-09 15:49:08 [INFO]   🔵 [94m[1mPT0002000068856974CZ[0m  [2m[Cluster 0 (atribuido)][0m
2026-08-09 15:49:08 [INFO]      consumiu MENOS que o habitual às 09h
2026-08-09 15:49:08 [INFO]      [2mReal:[0m 27.0 kWh   [2mHabitual:[0m 44.0 ± 4.4 kWh   [2mz:[0m -3.86   [2mdesvio:[0m -39%   [2m(2 obs. fim_semana)[0m
2026-08-09 15:49:08 [INFO] 
2026-08-09 15:49:08 [INFO]   🔵 [94m[1mPT0002000073481266XH[0m  [2m[Cluster 0][0m
2026-08-09 15:49:08 [INFO]      consumiu MENOS que o habitual às 14h
2026-08-09 15:49:08 [INFO]      [2mReal:[0m 5.0 kWh   [2mHabitual:[0m 29.5 ± 6.4 kWh   [2mz:[0m -3.85   [2mdesvio:[0m -83%   [2m(2 obs. fim_semana)[0m
2026-08-09 15:49:08 [INFO] 
2026-08-09 15:49:08 [INFO]   🔵 [94m[1mPT0002000101964938LF[0m  [2m[Cluster 0][0m
2026-08-09 15:49:08 [INFO]      consumiu MENOS que o habitual às 19h
2026-08-09 15:49:08 [INFO]      [2mReal:[0m 9.0 kWh   [2mHabitual:[0m 47.0 ± 9.9 kWh   [2mz:[0m -3.84   [2mdesvio:[0m -81%   [2m(2 obs. fim_semana)[0m
2026-08-09 15:49:08 [INFO] 
2026-08-09 15:49:08 [INFO]   🔵 [94m[1mPT0002000078233981HJ[0m  [2m[Cluster 1][0m
2026-08-09 15:49:08 [INFO]      consumiu MENOS que o habitual às 17h
2026-08-09 15:49:08 [INFO]      [2mReal:[0m 2.0 kWh   [2mHabitual:[0m 15.5 ± 3.5 kWh   [2mz:[0m -3.82   [2mdesvio:[0m -87%   [2m(2 obs. fim_semana)[0m
2026-08-09 15:49:08 [INFO] 
2026-08-09 15:49:08 [INFO]   🔵 [94m[1mPT0002000068858231YY[0m  [2m[Cluster 0 (atribuido)][0m
2026-08-09 15:49:08 [INFO]      consumiu MENOS que o habitual às 14h
2026-08-09 15:49:08 [INFO]      [2mReal:[0m 18.0 kWh   [2mHabitual:[0m 29.0 ± 2.9 kWh   [2mz:[0m -3.79   [2mdesvio:[0m -38%   [2m(2 obs. fim_semana)[0m
2026-08-09 15:49:08 [INFO] 
2026-08-09 15:49:08 [INFO]   🔵 [94m[1mPT0002000115031201VQ[0m  [2m[Cluster 0][0m
2026-08-09 15:49:08 [INFO]      consumiu MENOS que o habitual às 19h
2026-08-09 15:49:08 [INFO]      [2mReal:[0m 5.0 kWh   [2mHabitual:[0m 8.0 ± 0.8 kWh   [2mz:[0m -3.75   [2mdesvio:[0m -38%   [2m(2 obs. fim_semana)[0m
2026-08-09 15:49:08 [INFO] 
2026-08-09 15:49:08 [INFO]   🔵 [94m[1mPT0002000068859325FL[0m  [2m[Cluster 1][0m
2026-08-09 15:49:08 [INFO]      consumiu MENOS que o habitual às 17h
2026-08-09 15:49:08 [INFO]      [2mReal:[0m 72.0 kWh   [2mHabitual:[0m 146.0 ± 19.8 kWh   [2mz:[0m -3.74   [2mdesvio:[0m -51%   [2m(2 obs. fim_semana)[0m
2026-08-09 15:49:08 [INFO] 
2026-08-09 15:49:08 [INFO]   🔵 [94m[1mPT0002000068858231YY[0m  [2m[Cluster 0 (atribuido)][0m
2026-08-09 15:49:08 [INFO]      consumiu MENOS que o habitual às 13h
2026-08-09 15:49:08 [INFO]      [2mReal:[0m 16.0 kWh   [2mHabitual:[0m 25.5 ± 2.5 kWh   [2mz:[0m -3.73   [2mdesvio:[0m -37%   [2m(2 obs. fim_semana)[0m
2026-08-09 15:49:08 [INFO] 
2026-08-09 15:49:08 [INFO]   🔵 [94m[1mPT0002000068859187RL[0m  [2m[Cluster 0][0m
2026-08-09 15:49:08 [INFO]      consumiu MENOS que o habitual às 10h
2026-08-09 15:49:08 [INFO]      [2mReal:[0m 10.0 kWh   [2mHabitual:[0m 52.0 ± 11.3 kWh   [2mz:[0m -3.71   [2mdesvio:[0m -81%   [2m(2 obs. fim_semana)[0m
2026-08-09 15:49:08 [INFO] 
2026-08-09 15:49:08 [INFO]   🔵 [94m[1mPT0002000068856267NC[0m  [2m[Cluster 0 (atribuido)][0m
2026-08-09 15:49:08 [INFO]      consumiu MENOS que o habitual às 11h
2026-08-09 15:49:08 [INFO]      [2mReal:[0m 17.0 kWh   [2mHabitual:[0m 27.0 ± 2.7 kWh   [2mz:[0m -3.70   [2mdesvio:[0m -37%   [2m(2 obs. fim_semana)[0m
2026-08-09 15:49:08 [INFO] 
2026-08-09 15:49:08 [INFO]   🔵 [94m[1mPT0002000033074862LZ[0m  [2m[Cluster 0][0m
2026-08-09 15:49:08 [INFO]      consumiu MENOS que o habitual às 15h
2026-08-09 15:49:08 [INFO]      [2mReal:[0m 6.0 kWh   [2mHabitual:[0m 9.5 ± 0.9 kWh   [2mz:[0m -3.68   [2mdesvio:[0m -37%   [2m(2 obs. fim_semana)[0m
2026-08-09 15:49:08 [INFO] 
2026-08-09 15:49:08 [INFO]   🔵 [94m[1mPT0002000068857897ZV[0m  [2m[Cluster 0][0m
2026-08-09 15:49:08 [INFO]      consumiu MENOS que o habitual às 09h
2026-08-09 15:49:08 [INFO]      [2mReal:[0m 28.0 kWh   [2mHabitual:[0m 56.5 ± 7.8 kWh   [2mz:[0m -3.66   [2mdesvio:[0m -50%   [2m(2 obs. fim_semana)[0m
2026-08-09 15:49:08 [INFO] 
2026-08-09 15:49:08 [INFO]   🔵 [94m[1mPT0002000106102375RC[0m  [2m[Cluster 0 (atribuido)][0m
2026-08-09 15:49:08 [INFO]      consumiu MENOS que o habitual às 12h
2026-08-09 15:49:08 [INFO]      [2mReal:[0m 48.0 kWh   [2mHabitual:[0m 75.5 ± 7.5 kWh   [2mz:[0m -3.64   [2mdesvio:[0m -36%   [2m(2 obs. fim_semana)[0m
2026-08-09 15:49:08 [INFO] 
2026-08-09 15:49:08 [INFO]   🔵 [94m[1mPT0002000068858231YY[0m  [2m[Cluster 0 (atribuido)][0m
2026-08-09 15:49:08 [INFO]      consumiu MENOS que o habitual às 08h
2026-08-09 15:49:08 [INFO]      [2mReal:[0m 15.0 kWh   [2mHabitual:[0m 23.5 ± 2.4 kWh   [2mz:[0m -3.62   [2mdesvio:[0m -36%   [2m(2 obs. fim_semana)[0m
2026-08-09 15:49:08 [INFO] 
2026-08-09 15:49:08 [INFO]   🔵 [94m[1mPT0002000068859187RL[0m  [2m[Cluster 0][0m
2026-08-09 15:49:08 [INFO]      consumiu MENOS que o habitual às 09h
2026-08-09 15:49:08 [INFO]      [2mReal:[0m 10.0 kWh   [2mHabitual:[0m 51.0 ± 11.3 kWh   [2mz:[0m -3.62   [2mdesvio:[0m -80%   [2m(2 obs. fim_semana)[0m
2026-08-09 15:49:08 [INFO] 
2026-08-09 15:49:08 [INFO]   🔵 [94m[1mPT0002000106102375RC[0m  [2m[Cluster 0 (atribuido)][0m
2026-08-09 15:49:08 [INFO]      consumiu MENOS que o habitual às 10h
2026-08-09 15:49:08 [INFO]      [2mReal:[0m 45.0 kWh   [2mHabitual:[0m 70.5 ± 7.0 kWh   [2mz:[0m -3.62   [2mdesvio:[0m -36%   [2m(2 obs. fim_semana)[0m
2026-08-09 15:49:08 [INFO] 
2026-08-09 15:49:08 [INFO]   🔵 [94m[1mPT0002000125701614SQ[0m  [2m[Cluster 1 (atribuido)][0m
2026-08-09 15:49:08 [INFO]      consumiu MENOS que o habitual às 16h
2026-08-09 15:49:08 [INFO]      [2mReal:[0m 22.0 kWh   [2mHabitual:[0m 34.5 ± 3.5 kWh   [2mz:[0m -3.62   [2mdesvio:[0m -36%   [2m(2 obs. fim_semana)[0m
2026-08-09 15:49:08 [INFO] 
2026-08-09 15:49:08 [INFO]   🔵 [94m[1mPT0002000115673471CB[0m  [2m[Cluster 0][0m
2026-08-09 15:49:08 [INFO]      consumiu MENOS que o habitual às 07h
2026-08-09 15:49:08 [INFO]      [2mReal:[0m 8.0 kWh   [2mHabitual:[0m 12.5 ± 1.2 kWh   [2mz:[0m -3.60   [2mdesvio:[0m -36%   [2m(2 obs. fim_semana)[0m
2026-08-09 15:49:08 [INFO] 
2026-08-09 15:49:08 [INFO]   🔵 [94m[1mPT0002000106102375RC[0m  [2m[Cluster 0 (atribuido)][0m
2026-08-09 15:49:08 [INFO]      consumiu MENOS que o habitual às 09h
2026-08-09 15:49:08 [INFO]      [2mReal:[0m 44.0 kWh   [2mHabitual:[0m 68.5 ± 6.8 kWh   [2mz:[0m -3.58   [2mdesvio:[0m -36%   [2m(2 obs. fim_semana)[0m
2026-08-09 15:49:08 [INFO] 
2026-08-09 15:49:08 [INFO]   🔵 [94m[1mPT0002000068859597LS[0m  [2m[Cluster 0][0m
2026-08-09 15:49:08 [INFO]      consumiu MENOS que o habitual às 09h
2026-08-09 15:49:08 [INFO]      [2mReal:[0m 27.0 kWh   [2mHabitual:[0m 42.0 ± 4.2 kWh   [2mz:[0m -3.57   [2mdesvio:[0m -36%   [2m(2 obs. fim_semana)[0m
2026-08-09 15:49:08 [INFO] 
2026-08-09 15:49:08 [INFO]   🔵 [94m[1mPT0002000201038711LS[0m  [2m[Cluster 1 (atribuido)][0m
2026-08-09 15:49:08 [INFO]      consumiu MENOS que o habitual às 22h
2026-08-09 15:49:08 [INFO]      [2mReal:[0m 1.0 kWh   [2mHabitual:[0m 63.7 ± 17.6 kWh   [2mz:[0m -3.56   [2mdesvio:[0m -98%   [2m(3 obs. fim_semana)[0m
2026-08-09 15:49:08 [INFO] 
2026-08-09 15:49:08 [INFO]   🔵 [94m[1mPT0002000068856655YV[0m  [2m[Cluster 0][0m
2026-08-09 15:49:08 [INFO]      consumiu MENOS que o habitual às 08h
2026-08-09 15:49:08 [INFO]      [2mReal:[0m 2.0 kWh   [2mHabitual:[0m 4.5 ± 0.7 kWh   [2mz:[0m -3.54   [2mdesvio:[0m -56%   [2m(2 obs. fim_semana)[0m
2026-08-09 15:49:08 [INFO] 
2026-08-09 15:49:08 [INFO]   🔴 [91m[1mPT0002000068856872QG[0m  [2m[Cluster 1][0m
2026-08-09 15:49:08 [INFO]      consumiu MAIS que o habitual às 08h
2026-08-09 15:49:08 [INFO]      [2mReal:[0m 3.0 kWh   [2mHabitual:[0m 0.5 ± 0.7 kWh   [2mz:[0m +3.54   [2mdesvio:[0m +500%   [2m(2 obs. fim_semana)[0m
2026-08-09 15:49:08 [INFO] 
2026-08-09 15:49:08 [INFO]   🔵 [94m[1mPT0002000068856974CZ[0m  [2m[Cluster 0 (atribuido)][0m
2026-08-09 15:49:08 [INFO]      consumiu MENOS que o habitual às 17h
2026-08-09 15:49:08 [INFO]      [2mReal:[0m 12.0 kWh   [2mHabitual:[0m 39.5 ± 7.8 kWh   [2mz:[0m -3.54   [2mdesvio:[0m -70%   [2m(2 obs. fim_semana)[0m
2026-08-09 15:49:08 [INFO] 
2026-08-09 15:49:08 [INFO]   🔵 [94m[1mPT0002000068856974CZ[0m  [2m[Cluster 0 (atribuido)][0m
2026-08-09 15:49:08 [INFO]      consumiu MENOS que o habitual às 18h
2026-08-09 15:49:08 [INFO]      [2mReal:[0m 10.0 kWh   [2mHabitual:[0m 32.5 ± 6.4 kWh   [2mz:[0m -3.54   [2mdesvio:[0m -69%   [2m(2 obs. fim_semana)[0m
2026-08-09 15:49:08 [INFO] 
2026-08-09 15:49:08 [INFO]   🔵 [94m[1mPT0002000068857909SY[0m  [2m[Cluster 1][0m
2026-08-09 15:49:08 [INFO]      consumiu MENOS que o habitual às 16h
2026-08-09 15:49:08 [INFO]      [2mReal:[0m 1.0 kWh   [2mHabitual:[0m 6.0 ± 1.4 kWh   [2mz:[0m -3.54   [2mdesvio:[0m -83%   [2m(2 obs. fim_semana)[0m
2026-08-09 15:49:08 [INFO] 
2026-08-09 15:49:08 [INFO]   🔵 [94m[1mPT0002000068858231YY[0m  [2m[Cluster 0 (atribuido)][0m
2026-08-09 15:49:08 [INFO]      consumiu MENOS que o habitual às 10h
2026-08-09 15:49:08 [INFO]      [2mReal:[0m 16.0 kWh   [2mHabitual:[0m 33.5 ± 5.0 kWh   [2mz:[0m -3.54   [2mdesvio:[0m -52%   [2m(2 obs. fim_semana)[0m
2026-08-09 15:49:08 [INFO] 
2026-08-09 15:49:08 [INFO]   🔵 [94m[1mPT0002000078233981HJ[0m  [2m[Cluster 1][0m
2026-08-09 15:49:08 [INFO]      consumiu MENOS que o habitual às 11h
2026-08-09 15:49:08 [INFO]      [2mReal:[0m 1.0 kWh   [2mHabitual:[0m 3.5 ± 0.7 kWh   [2mz:[0m -3.54   [2mdesvio:[0m -71%   [2m(2 obs. fim_semana)[0m
2026-08-09 15:49:08 [INFO] 
2026-08-09 15:49:08 [INFO]   🔵 [94m[1mPT0002000078233981HJ[0m  [2m[Cluster 1][0m
2026-08-09 15:49:08 [INFO]      consumiu MENOS que o habitual às 14h
2026-08-09 15:49:08 [INFO]      [2mReal:[0m 1.0 kWh   [2mHabitual:[0m 3.5 ± 0.7 kWh   [2mz:[0m -3.54   [2mdesvio:[0m -71%   [2m(2 obs. fim_semana)[0m
2026-08-09 15:49:08 [INFO] 
2026-08-09 15:49:08 [INFO]   🔵 [94m[1mPT0002000111572054VT[0m  [2m[Cluster 0 (atribuido)][0m
2026-08-09 15:49:08 [INFO]      consumiu MENOS que o habitual às 19h
2026-08-09 15:49:08 [INFO]      [2mReal:[0m 9.0 kWh   [2mHabitual:[0m 29.0 ± 5.7 kWh   [2mz:[0m -3.54   [2mdesvio:[0m -69%   [2m(2 obs. fim_semana)[0m
2026-08-09 15:49:08 [INFO] 
2026-08-09 15:49:08 [INFO]   🔵 [94m[1mPT0002000125379984SH[0m  [2m[Cluster 1][0m
2026-08-09 15:49:08 [INFO]      consumiu MENOS que o habitual às 16h
2026-08-09 15:49:08 [INFO]      [2mReal:[0m 3.0 kWh   [2mHabitual:[0m 13.0 ± 2.8 kWh   [2mz:[0m -3.54   [2mdesvio:[0m -77%   [2m(2 obs. fim_semana)[0m
2026-08-09 15:49:08 [INFO] 
2026-08-09 15:49:08 [INFO]   [2mCSV:[0m /home/runner/work/ts-anomaly-detection-dissertation/ts-anomaly-detection-dissertation/results/energia/realtime/alerts/analise_energia_2026-08-08.csv
2026-08-09 15:49:08 [INFO] 
2026-08-09 15:49:08 [INFO] [96m→ A prever consumo de 2026-08-09 para 276 CPEs...[0m
2026-08-09 15:49:11 [INFO] [1m══════════════════════════════════════════════════════════════════════[0m
2026-08-09 15:49:11 [INFO] [1m  PREDIÇÃO — 2026-08-09 [0m[2m(fim semana)[0m
2026-08-09 15:49:11 [INFO] [1m══════════════════════════════════════════════════════════════════════[0m
2026-08-09 15:49:11 [INFO]   [95m● CPEs previstos[0m          69 [2m(alta: 0, baixa: 1656)[0m
2026-08-09 15:49:11 [INFO]   [95m● Consumo total previsto[0m 83821.3 kWh [2m(±17477.9)[0m
2026-08-09 15:49:11 [INFO] 
2026-08-09 15:49:11 [INFO]   [2mPrevisão guardada:[0m /home/runner/work/ts-anomaly-detection-dissertation/ts-anomaly-detection-dissertation/results/energia/realtime/predictions/previsao_energia_2026-08-09.csv
2026-08-09 15:49:11 [INFO] 
2026-08-09 15:49:11 [INFO] [1m══════════════════════════════════════════════════════════════════════[0m
2026-08-09 15:49:11 [INFO] [1m  VALIDAÇÃO — qualidade das previsões anteriores[0m
2026-08-09 15:49:11 [INFO] [1m══════════════════════════════════════════════════════════════════════[0m
2026-08-09 15:49:12 [INFO]   [2mDias validados:[0m 4   [2mpendentes:[0m 55
2026-08-09 15:49:12 [INFO]   [2mÚltimo (2026-08-08):[0m MAE 12.73 kWh   RMSE 38.49   em ±1σ 57% [2m(esperado ~68%)[0m   em ±2σ 78% [2m(esperado ~95%)[0m
2026-08-09 15:49:12 [INFO]   [2mMédia acumulada:[0m MAE 9.67 kWh   RMSE 29.30   em ±1σ 64%   em ±2σ 81%
2026-08-09 15:49:12 [INFO]   [2mCSV:[0m /home/runner/work/ts-anomaly-detection-dissertation/ts-anomaly-detection-dissertation/results/energia/realtime/analysis/qualidade_previsoes_energia.csv
2026-08-09 15:49:12 [INFO] 
2026-08-09 15:49:12 [INFO] 
2026-08-09 15:49:12 [INFO] Concluido em 418.4s. Ficheiros gerados: 2
2026-08-09 16:52:36 [INFO] [96m→ A pedir dados ao BaZe (276 CPEs)...[0m
2026-08-09 16:59:16 [INFO]   [2mClusters atribuidos carregados:[0m 22 novos
2026-08-09 16:59:16 [INFO] 
2026-08-09 16:59:16 [INFO] [1m══════════════════════════════════════════════════════════════════════[0m
2026-08-09 16:59:16 [INFO] [1m  DETEÇÃO DE ANOMALIAS — 2026-08-08[0m
2026-08-09 16:59:16 [INFO] [1m══════════════════════════════════════════════════════════════════════[0m
2026-08-09 16:59:16 [INFO]   [2mTipo de dia:[0m  fim semana
2026-08-09 16:59:16 [INFO]   [2mFonte:[0m        BAZE
2026-08-09 16:59:16 [INFO]   [2mCPEs c/ dados:[0m 69
2026-08-09 16:59:16 [INFO]   [2mThreshold:[0m    |z| > 3.5 [2m(adaptativo a este tipo de dia)[0m
2026-08-09 16:59:16 [INFO] 
2026-08-09 16:59:16 [INFO] [96m→ A analisar 69 CPEs / 1656 pontos horários (retrospetiva)...[0m
2026-08-09 16:59:18 [INFO] [1m─── Resumo ─────────────────────────────────────[0m
2026-08-09 16:59:18 [INFO]   [92m● Normal[0m                1439 [2m( 86.9%)[0m
2026-08-09 16:59:18 [INFO]   [91m● Desvio (alta confiança)[0m    0 [2m(  0.0%)[0m
2026-08-09 16:59:18 [INFO]   [93m● Desvio (baixa confiança)[0m 217 [2m( 13.1%)[0m
2026-08-09 16:59:18 [INFO]   [2mTempo: 402.1s[0m
2026-08-09 16:59:18 [INFO] 
2026-08-09 16:59:18 [INFO] [1m[93m─── Desvios de BAIXA confiança (217) ──────────────[0m
2026-08-09 16:59:18 [INFO]   [2m(poucos dados históricos — verificar manualmente)[0m
2026-08-09 16:59:18 [INFO] 
2026-08-09 16:59:18 [INFO]   🔴 [91m[1mPT0002000068856872QG[0m  [2m[Cluster 1][0m
2026-08-09 16:59:18 [INFO]      consumiu MAIS que o habitual às 21h
2026-08-09 16:59:18 [INFO]      [2mReal:[0m 3.0 kWh   [2mHabitual:[0m 0.0 ± 0.3 kWh   [2mz:[0m +10.00   [2mdesvio:[0m +300000%   [2m(3 obs. fim_semana)[0m
2026-08-09 16:59:18 [INFO] 
2026-08-09 16:59:18 [INFO]   🔴 [91m[1mPT0002000068857099AR[0m  [2m[Cluster 1][0m
2026-08-09 16:59:18 [INFO]      consumiu MAIS que o habitual às 08h
2026-08-09 16:59:18 [INFO]      [2mReal:[0m 12.0 kWh   [2mHabitual:[0m 4.0 ± 0.4 kWh   [2mz:[0m +10.00⁺   [2mdesvio:[0m +200%   [2m(2 obs. fim_semana)[0m
2026-08-09 16:59:18 [INFO] 
2026-08-09 16:59:18 [INFO]   🔴 [91m[1mPT0002000068857099AR[0m  [2m[Cluster 1][0m
2026-08-09 16:59:18 [INFO]      consumiu MAIS que o habitual às 11h
2026-08-09 16:59:18 [INFO]      [2mReal:[0m 12.0 kWh   [2mHabitual:[0m 4.0 ± 0.4 kWh   [2mz:[0m +10.00⁺   [2mdesvio:[0m +200%   [2m(2 obs. fim_semana)[0m
2026-08-09 16:59:18 [INFO] 
2026-08-09 16:59:18 [INFO]   🔴 [91m[1mPT0002000068857099AR[0m  [2m[Cluster 1][0m
2026-08-09 16:59:18 [INFO]      consumiu MAIS que o habitual às 12h
2026-08-09 16:59:18 [INFO]      [2mReal:[0m 9.0 kWh   [2mHabitual:[0m 4.0 ± 0.4 kWh   [2mz:[0m +10.00⁺   [2mdesvio:[0m +125%   [2m(2 obs. fim_semana)[0m
2026-08-09 16:59:18 [INFO] 
2026-08-09 16:59:18 [INFO]   🔴 [91m[1mPT0002000068857099AR[0m  [2m[Cluster 1][0m
2026-08-09 16:59:18 [INFO]      consumiu MAIS que o habitual às 13h
2026-08-09 16:59:18 [INFO]      [2mReal:[0m 8.0 kWh   [2mHabitual:[0m 4.0 ± 0.4 kWh   [2mz:[0m +10.00   [2mdesvio:[0m +100%   [2m(2 obs. fim_semana)[0m
2026-08-09 16:59:18 [INFO] 
2026-08-09 16:59:18 [INFO]   🔴 [91m[1mPT0002000068858674WN[0m  [2m[Cluster 1 (atribuido)][0m
2026-08-09 16:59:18 [INFO]      consumiu MAIS que o habitual às 02h
2026-08-09 16:59:18 [INFO]      [2mReal:[0m 8.0 kWh   [2mHabitual:[0m 4.0 ± 0.4 kWh   [2mz:[0m +10.00   [2mdesvio:[0m +100%   [2m(2 obs. fim_semana)[0m
2026-08-09 16:59:18 [INFO] 
2026-08-09 16:59:18 [INFO]   🔴 [91m[1mPT0002000073720434JD[0m  [2m[Cluster 1 (atribuido)][0m
2026-08-09 16:59:18 [INFO]      consumiu MAIS que o habitual às 01h
2026-08-09 16:59:18 [INFO]      [2mReal:[0m 48.0 kWh   [2mHabitual:[0m 23.5 ± 2.4 kWh   [2mz:[0m +10.00⁺   [2mdesvio:[0m +104%   [2m(2 obs. fim_semana)[0m
2026-08-09 16:59:18 [INFO] 
2026-08-09 16:59:18 [INFO]   🔴 [91m[1mPT0002000077348081AG[0m  [2m[Cluster 0 (atribuido)][0m
2026-08-09 16:59:18 [INFO]      consumiu MAIS que o habitual às 23h
2026-08-09 16:59:18 [INFO]      [2mReal:[0m 59.0 kWh   [2mHabitual:[0m 25.0 ± 2.5 kWh   [2mz:[0m +10.00⁺   [2mdesvio:[0m +136%   [2m(3 obs. fim_semana)[0m
2026-08-09 16:59:18 [INFO] 
2026-08-09 16:59:18 [INFO]   🔴 [91m[1mPT0002000081344542CP[0m  [2m[Cluster 1][0m
2026-08-09 16:59:18 [INFO]      consumiu MAIS que o habitual às 00h
2026-08-09 16:59:18 [INFO]      [2mReal:[0m 11.0 kWh   [2mHabitual:[0m 2.0 ± 0.3 kWh   [2mz:[0m +10.00⁺   [2mdesvio:[0m +450%   [2m(2 obs. fim_semana)[0m
2026-08-09 16:59:18 [INFO] 
2026-08-09 16:59:18 [INFO]   🔴 [91m[1mPT0002000081344542CP[0m  [2m[Cluster 1][0m
2026-08-09 16:59:18 [INFO]      consumiu MAIS que o habitual às 03h
2026-08-09 16:59:18 [INFO]      [2mReal:[0m 6.0 kWh   [2mHabitual:[0m 2.0 ± 0.3 kWh   [2mz:[0m +10.00⁺   [2mdesvio:[0m +200%   [2m(2 obs. fim_semana)[0m
2026-08-09 16:59:18 [INFO] 
2026-08-09 16:59:18 [INFO]   🔴 [91m[1mPT0002000125701614SQ[0m  [2m[Cluster 1 (atribuido)][0m
2026-08-09 16:59:18 [INFO]      consumiu MAIS que o habitual às 09h
2026-08-09 16:59:18 [INFO]      [2mReal:[0m 52.0 kWh   [2mHabitual:[0m 15.0 ± 1.5 kWh   [2mz:[0m +10.00⁺   [2mdesvio:[0m +247%   [2m(2 obs. fim_semana)[0m
2026-08-09 16:59:18 [INFO] 
2026-08-09 16:59:18 [INFO]   🔵 [94m[1mPT0002000201038711LS[0m  [2m[Cluster 1 (atribuido)][0m
2026-08-09 16:59:18 [INFO]      consumiu MENOS que o habitual às 17h
2026-08-09 16:59:18 [INFO]      [2mReal:[0m 0.0 kWh   [2mHabitual:[0m 68.5 ± 6.8 kWh   [2mz:[0m -10.00   [2mdesvio:[0m -100%   [2m(2 obs. fim_semana)[0m
2026-08-09 16:59:18 [INFO] 
2026-08-09 16:59:18 [INFO]   🔴 [91m[1mPT0002000203419117SJ[0m  [2m[Cluster 2 (atribuido)][0m
2026-08-09 16:59:18 [INFO]      consumiu MAIS que o habitual às 07h
2026-08-09 16:59:18 [INFO]      [2mReal:[0m 4.0 kWh   [2mHabitual:[0m 0.0 ± 0.3 kWh   [2mz:[0m +10.00⁺   [2mdesvio:[0m +400000%   [2m(2 obs. fim_semana)[0m
2026-08-09 16:59:18 [INFO] 
2026-08-09 16:59:18 [INFO]   🔵 [94m[1mPT0002000201038711LS[0m  [2m[Cluster 1 (atribuido)][0m
2026-08-09 16:59:18 [INFO]      consumiu MENOS que o habitual às 23h
2026-08-09 16:59:18 [INFO]      [2mReal:[0m 0.0 kWh   [2mHabitual:[0m 43.3 ± 4.6 kWh   [2mz:[0m -9.38   [2mdesvio:[0m -100%   [2m(3 obs. fim_semana)[0m
2026-08-09 16:59:18 [INFO] 
2026-08-09 16:59:18 [INFO]   🔵 [94m[1mPT0002000201038711LS[0m  [2m[Cluster 1 (atribuido)][0m
2026-08-09 16:59:18 [INFO]      consumiu MENOS que o habitual às 15h
2026-08-09 16:59:18 [INFO]      [2mReal:[0m 0.0 kWh   [2mHabitual:[0m 32.5 ± 3.5 kWh   [2mz:[0m -9.19   [2mdesvio:[0m -100%   [2m(2 obs. fim_semana)[0m
2026-08-09 16:59:18 [INFO] 
2026-08-09 16:59:18 [INFO]   🔵 [94m[1mPT0002000081344542CP[0m  [2m[Cluster 1][0m
2026-08-09 16:59:18 [INFO]      consumiu MENOS que o habitual às 09h
2026-08-09 16:59:18 [INFO]      [2mReal:[0m 1.0 kWh   [2mHabitual:[0m 9.5 ± 0.9 kWh   [2mz:[0m -8.95   [2mdesvio:[0m -89%   [2m(2 obs. fim_semana)[0m
2026-08-09 16:59:18 [INFO] 
2026-08-09 16:59:18 [INFO]   🔵 [94m[1mPT0002000068856655YV[0m  [2m[Cluster 0][0m
2026-08-09 16:59:18 [INFO]      consumiu MENOS que o habitual às 14h
2026-08-09 16:59:18 [INFO]      [2mReal:[0m 1.0 kWh   [2mHabitual:[0m 8.5 ± 0.8 kWh   [2mz:[0m -8.82   [2mdesvio:[0m -88%   [2m(2 obs. fim_semana)[0m
2026-08-09 16:59:18 [INFO] 
2026-08-09 16:59:18 [INFO]   🔵 [94m[1mPT0002000068857909SY[0m  [2m[Cluster 1][0m
2026-08-09 16:59:18 [INFO]      consumiu MENOS que o habitual às 12h
2026-08-09 16:59:18 [INFO]      [2mReal:[0m 1.0 kWh   [2mHabitual:[0m 8.0 ± 0.8 kWh   [2mz:[0m -8.75   [2mdesvio:[0m -88%   [2m(2 obs. fim_semana)[0m
2026-08-09 16:59:18 [INFO] 
2026-08-09 16:59:18 [INFO]   🔵 [94m[1mPT0002000073481266XH[0m  [2m[Cluster 0][0m
2026-08-09 16:59:18 [INFO]      consumiu MENOS que o habitual às 11h
2026-08-09 16:59:18 [INFO]      [2mReal:[0m 5.0 kWh   [2mHabitual:[0m 38.0 ± 3.8 kWh   [2mz:[0m -8.68   [2mdesvio:[0m -87%   [2m(2 obs. fim_semana)[0m
2026-08-09 16:59:18 [INFO] 
2026-08-09 16:59:18 [INFO]   🔵 [94m[1mPT0002000068857909SY[0m  [2m[Cluster 1][0m
2026-08-09 16:59:18 [INFO]      consumiu MENOS que o habitual às 10h
2026-08-09 16:59:18 [INFO]      [2mReal:[0m 1.0 kWh   [2mHabitual:[0m 7.5 ± 0.8 kWh   [2mz:[0m -8.67   [2mdesvio:[0m -87%   [2m(2 obs. fim_semana)[0m
2026-08-09 16:59:18 [INFO] 
2026-08-09 16:59:18 [INFO]   🔵 [94m[1mPT0002000068857909SY[0m  [2m[Cluster 1][0m
2026-08-09 16:59:18 [INFO]      consumiu MENOS que o habitual às 11h
2026-08-09 16:59:18 [INFO]      [2mReal:[0m 1.0 kWh   [2mHabitual:[0m 7.5 ± 0.8 kWh   [2mz:[0m -8.67   [2mdesvio:[0m -87%   [2m(2 obs. fim_semana)[0m
2026-08-09 16:59:18 [INFO] 
2026-08-09 16:59:18 [INFO]   🔵 [94m[1mPT0002000068857909SY[0m  [2m[Cluster 1][0m
2026-08-09 16:59:18 [INFO]      consumiu MENOS que o habitual às 13h
2026-08-09 16:59:18 [INFO]      [2mReal:[0m 1.0 kWh   [2mHabitual:[0m 7.5 ± 0.8 kWh   [2mz:[0m -8.67   [2mdesvio:[0m -87%   [2m(2 obs. fim_semana)[0m
2026-08-09 16:59:18 [INFO] 
2026-08-09 16:59:18 [INFO]   🔵 [94m[1mPT0002000068857909SY[0m  [2m[Cluster 1][0m
2026-08-09 16:59:18 [INFO]      consumiu MENOS que o habitual às 15h
2026-08-09 16:59:18 [INFO]      [2mReal:[0m 1.0 kWh   [2mHabitual:[0m 7.0 ± 0.7 kWh   [2mz:[0m -8.57   [2mdesvio:[0m -86%   [2m(2 obs. fim_semana)[0m
2026-08-09 16:59:18 [INFO] 
2026-08-09 16:59:18 [INFO]   🔵 [94m[1mPT0002000073481266XH[0m  [2m[Cluster 0][0m
2026-08-09 16:59:18 [INFO]      consumiu MENOS que o habitual às 10h
2026-08-09 16:59:18 [INFO]      [2mReal:[0m 5.0 kWh   [2mHabitual:[0m 34.5 ± 3.5 kWh   [2mz:[0m -8.55   [2mdesvio:[0m -86%   [2m(2 obs. fim_semana)[0m
2026-08-09 16:59:18 [INFO] 
2026-08-09 16:59:18 [INFO]   🔵 [94m[1mPT0002000073481266XH[0m  [2m[Cluster 0][0m
2026-08-09 16:59:18 [INFO]      consumiu MENOS que o habitual às 08h
2026-08-09 16:59:18 [INFO]      [2mReal:[0m 6.0 kWh   [2mHabitual:[0m 40.0 ± 4.0 kWh   [2mz:[0m -8.50   [2mdesvio:[0m -85%   [2m(2 obs. fim_semana)[0m
2026-08-09 16:59:18 [INFO] 
2026-08-09 16:59:18 [INFO]   🔵 [94m[1mPT0002000101964938LF[0m  [2m[Cluster 0][0m
2026-08-09 16:59:18 [INFO]      consumiu MENOS que o habitual às 16h
2026-08-09 16:59:18 [INFO]      [2mReal:[0m 9.0 kWh   [2mHabitual:[0m 60.0 ± 6.0 kWh   [2mz:[0m -8.50   [2mdesvio:[0m -85%   [2m(2 obs. fim_semana)[0m
2026-08-09 16:59:18 [INFO] 
2026-08-09 16:59:18 [INFO]   🔴 [91m[1mPT0002000068857099AR[0m  [2m[Cluster 1][0m
2026-08-09 16:59:18 [INFO]      consumiu MAIS que o habitual às 17h
2026-08-09 16:59:18 [INFO]      [2mReal:[0m 18.0 kWh   [2mHabitual:[0m 6.0 ± 1.4 kWh   [2mz:[0m +8.49   [2mdesvio:[0m +200%   [2m(2 obs. fim_semana)[0m
2026-08-09 16:59:18 [INFO] 
2026-08-09 16:59:18 [INFO]   🔵 [94m[1mPT0002000101964938LF[0m  [2m[Cluster 0][0m
2026-08-09 16:59:18 [INFO]      consumiu MENOS que o habitual às 13h
2026-08-09 16:59:18 [INFO]      [2mReal:[0m 9.0 kWh   [2mHabitual:[0m 58.5 ± 5.8 kWh   [2mz:[0m -8.46   [2mdesvio:[0m -85%   [2m(2 obs. fim_semana)[0m
2026-08-09 16:59:18 [INFO] 
2026-08-09 16:59:18 [INFO]   🔵 [94m[1mPT0002000101964938LF[0m  [2m[Cluster 0][0m
2026-08-09 16:59:18 [INFO]      consumiu MENOS que o habitual às 09h
2026-08-09 16:59:18 [INFO]      [2mReal:[0m 9.0 kWh   [2mHabitual:[0m 51.5 ± 5.2 kWh   [2mz:[0m -8.25   [2mdesvio:[0m -83%   [2m(2 obs. fim_semana)[0m
2026-08-09 16:59:18 [INFO] 
2026-08-09 16:59:18 [INFO]   🔵 [94m[1mPT0002000101964938LF[0m  [2m[Cluster 0][0m
2026-08-09 16:59:18 [INFO]      consumiu MENOS que o habitual às 18h
2026-08-09 16:59:18 [INFO]      [2mReal:[0m 9.0 kWh   [2mHabitual:[0m 49.5 ± 5.0 kWh   [2mz:[0m -8.18   [2mdesvio:[0m -82%   [2m(2 obs. fim_semana)[0m
2026-08-09 16:59:18 [INFO] 
2026-08-09 16:59:18 [INFO]   🔵 [94m[1mPT0002000101964938LF[0m  [2m[Cluster 0][0m
2026-08-09 16:59:18 [INFO]      consumiu MENOS que o habitual às 12h
2026-08-09 16:59:18 [INFO]      [2mReal:[0m 10.0 kWh   [2mHabitual:[0m 54.0 ± 5.4 kWh   [2mz:[0m -8.15   [2mdesvio:[0m -81%   [2m(2 obs. fim_semana)[0m
2026-08-09 16:59:18 [INFO] 
2026-08-09 16:59:18 [INFO]   🔵 [94m[1mPT0002000073481266XH[0m  [2m[Cluster 0][0m
2026-08-09 16:59:18 [INFO]      consumiu MENOS que o habitual às 13h
2026-08-09 16:59:18 [INFO]      [2mReal:[0m 6.0 kWh   [2mHabitual:[0m 32.0 ± 3.2 kWh   [2mz:[0m -8.12   [2mdesvio:[0m -81%   [2m(2 obs. fim_semana)[0m
2026-08-09 16:59:18 [INFO] 
2026-08-09 16:59:18 [INFO]   🔵 [94m[1mPT0002000101964938LF[0m  [2m[Cluster 0][0m
2026-08-09 16:59:18 [INFO]      consumiu MENOS que o habitual às 08h
2026-08-09 16:59:18 [INFO]      [2mReal:[0m 9.0 kWh   [2mHabitual:[0m 48.0 ± 4.8 kWh   [2mz:[0m -8.12   [2mdesvio:[0m -81%   [2m(2 obs. fim_semana)[0m
2026-08-09 16:59:18 [INFO] 
2026-08-09 16:59:18 [INFO]   🔵 [94m[1mPT0002000101964938LF[0m  [2m[Cluster 0][0m
2026-08-09 16:59:18 [INFO]      consumiu MENOS que o habitual às 10h
2026-08-09 16:59:18 [INFO]      [2mReal:[0m 10.0 kWh   [2mHabitual:[0m 52.5 ± 5.2 kWh   [2mz:[0m -8.10   [2mdesvio:[0m -81%   [2m(2 obs. fim_semana)[0m
2026-08-09 16:59:18 [INFO] 
2026-08-09 16:59:18 [INFO]   🔵 [94m[1mPT0002000068859187RL[0m  [2m[Cluster 0][0m
2026-08-09 16:59:18 [INFO]      consumiu MENOS que o habitual às 08h
2026-08-09 16:59:18 [INFO]      [2mReal:[0m 10.0 kWh   [2mHabitual:[0m 51.5 ± 5.2 kWh   [2mz:[0m -8.06   [2mdesvio:[0m -81%   [2m(2 obs. fim_semana)[0m
2026-08-09 16:59:18 [INFO] 
2026-08-09 16:59:18 [INFO]   🔴 [91m[1mPT0002000068857099AR[0m  [2m[Cluster 1][0m
2026-08-09 16:59:18 [INFO]      consumiu MAIS que o habitual às 15h
2026-08-09 16:59:18 [INFO]      [2mReal:[0m 9.0 kWh   [2mHabitual:[0m 5.0 ± 0.5 kWh   [2mz:[0m +8.00   [2mdesvio:[0m +80%   [2m(2 obs. fim_semana)[0m
2026-08-09 16:59:18 [INFO] 
2026-08-09 16:59:18 [INFO]   🔵 [94m[1mPT0002000101964938LF[0m  [2m[Cluster 0][0m
2026-08-09 16:59:18 [INFO]      consumiu MENOS que o habitual às 11h
2026-08-09 16:59:18 [INFO]      [2mReal:[0m 9.0 kWh   [2mHabitual:[0m 54.0 ± 5.7 kWh   [2mz:[0m -7.95   [2mdesvio:[0m -83%   [2m(2 obs. fim_semana)[0m
2026-08-09 16:59:18 [INFO] 
2026-08-09 16:59:18 [INFO]   🔵 [94m[1mPT0002000068856655YV[0m  [2m[Cluster 0][0m
2026-08-09 16:59:18 [INFO]      consumiu MENOS que o habitual às 09h
2026-08-09 16:59:18 [INFO]      [2mReal:[0m 2.0 kWh   [2mHabitual:[0m 9.5 ± 0.9 kWh   [2mz:[0m -7.89   [2mdesvio:[0m -79%   [2m(2 obs. fim_semana)[0m
2026-08-09 16:59:18 [INFO] 
2026-08-09 16:59:18 [INFO]   🔵 [94m[1mPT0002000068856655YV[0m  [2m[Cluster 0][0m
2026-08-09 16:59:18 [INFO]      consumiu MENOS que o habitual às 13h
2026-08-09 16:59:18 [INFO]      [2mReal:[0m 2.0 kWh   [2mHabitual:[0m 9.0 ± 0.9 kWh   [2mz:[0m -7.78   [2mdesvio:[0m -78%   [2m(2 obs. fim_semana)[0m
2026-08-09 16:59:18 [INFO] 
2026-08-09 16:59:18 [INFO]   🔵 [94m[1mPT0002000078140706BA[0m  [2m[Cluster 1 (atribuido)][0m
2026-08-09 16:59:18 [INFO]      consumiu MENOS que o habitual às 11h
2026-08-09 16:59:18 [INFO]      [2mReal:[0m 0.0 kWh   [2mHabitual:[0m 5.5 ± 0.7 kWh   [2mz:[0m -7.78   [2mdesvio:[0m -100%   [2m(2 obs. fim_semana)[0m
2026-08-09 16:59:18 [INFO] 
2026-08-09 16:59:18 [INFO]   🔵 [94m[1mPT0002000110607652SB[0m  [2m[Cluster 0][0m
2026-08-09 16:59:18 [INFO]      consumiu MENOS que o habitual às 08h
2026-08-09 16:59:18 [INFO]      [2mReal:[0m 16.0 kWh   [2mHabitual:[0m 70.0 ± 7.0 kWh   [2mz:[0m -7.71   [2mdesvio:[0m -77%   [2m(2 obs. fim_semana)[0m
2026-08-09 16:59:18 [INFO] 
2026-08-09 16:59:18 [INFO]   🔵 [94m[1mPT0002000068856974CZ[0m  [2m[Cluster 0 (atribuido)][0m
2026-08-09 16:59:18 [INFO]      consumiu MENOS que o habitual às 14h
2026-08-09 16:59:18 [INFO]      [2mReal:[0m 13.0 kWh   [2mHabitual:[0m 56.0 ± 5.6 kWh   [2mz:[0m -7.68   [2mdesvio:[0m -77%   [2m(2 obs. fim_semana)[0m
2026-08-09 16:59:18 [INFO] 
2026-08-09 16:59:18 [INFO]   🔵 [94m[1mPT0002000068856655YV[0m  [2m[Cluster 0][0m
2026-08-09 16:59:18 [INFO]      consumiu MENOS que o habitual às 12h
2026-08-09 16:59:18 [INFO]      [2mReal:[0m 2.0 kWh   [2mHabitual:[0m 8.5 ± 0.8 kWh   [2mz:[0m -7.65   [2mdesvio:[0m -76%   [2m(2 obs. fim_semana)[0m
2026-08-09 16:59:18 [INFO] 
2026-08-09 16:59:18 [INFO]   🔵 [94m[1mPT0002000068856655YV[0m  [2m[Cluster 0][0m
2026-08-09 16:59:18 [INFO]      consumiu MENOS que o habitual às 15h
2026-08-09 16:59:18 [INFO]      [2mReal:[0m 2.0 kWh   [2mHabitual:[0m 8.5 ± 0.8 kWh   [2mz:[0m -7.65   [2mdesvio:[0m -76%   [2m(2 obs. fim_semana)[0m
2026-08-09 16:59:18 [INFO] 
2026-08-09 16:59:18 [INFO]   🔵 [94m[1mPT0002000101964938LF[0m  [2m[Cluster 0][0m
2026-08-09 16:59:18 [INFO]      consumiu MENOS que o habitual às 14h
2026-08-09 16:59:18 [INFO]      [2mReal:[0m 9.0 kWh   [2mHabitual:[0m 63.0 ± 7.1 kWh   [2mz:[0m -7.64   [2mdesvio:[0m -86%   [2m(2 obs. fim_semana)[0m
2026-08-09 16:59:18 [INFO] 
2026-08-09 16:59:18 [INFO]   🔵 [94m[1mPT0002000110607652SB[0m  [2m[Cluster 0][0m
2026-08-09 16:59:18 [INFO]      consumiu MENOS que o habitual às 14h
2026-08-09 16:59:18 [INFO]      [2mReal:[0m 20.0 kWh   [2mHabitual:[0m 84.0 ± 8.4 kWh   [2mz:[0m -7.62   [2mdesvio:[0m -76%   [2m(2 obs. fim_semana)[0m
2026-08-09 16:59:18 [INFO] 
2026-08-09 16:59:18 [INFO]   🔵 [94m[1mPT0002000068855003AK[0m  [2m[Cluster 0 (atribuido)][0m
2026-08-09 16:59:18 [INFO]      consumiu MENOS que o habitual às 14h
2026-08-09 16:59:18 [INFO]      [2mReal:[0m 13.0 kWh   [2mHabitual:[0m 54.0 ± 5.4 kWh   [2mz:[0m -7.59   [2mdesvio:[0m -76%   [2m(2 obs. fim_semana)[0m
2026-08-09 16:59:18 [INFO] 
2026-08-09 16:59:18 [INFO]   🔵 [94m[1mPT0002000120237616VJ[0m  [2m[Cluster 0][0m
2026-08-09 16:59:18 [INFO]      consumiu MENOS que o habitual às 12h
2026-08-09 16:59:18 [INFO]      [2mReal:[0m 11.0 kWh   [2mHabitual:[0m 48.5 ± 5.0 kWh   [2mz:[0m -7.58   [2mdesvio:[0m -77%   [2m(2 obs. fim_semana)[0m
2026-08-09 16:59:18 [INFO] 
2026-08-09 16:59:18 [INFO]   🔵 [94m[1mPT0002000110607652SB[0m  [2m[Cluster 0][0m
2026-08-09 16:59:18 [INFO]      consumiu MENOS que o habitual às 13h
2026-08-09 16:59:18 [INFO]      [2mReal:[0m 20.0 kWh   [2mHabitual:[0m 82.0 ± 8.2 kWh   [2mz:[0m -7.56   [2mdesvio:[0m -76%   [2m(2 obs. fim_semana)[0m
2026-08-09 16:59:18 [INFO] 
2026-08-09 16:59:18 [INFO]   🔵 [94m[1mPT0002000110607652SB[0m  [2m[Cluster 0][0m
2026-08-09 16:59:18 [INFO]      consumiu MENOS que o habitual às 15h
2026-08-09 16:59:18 [INFO]      [2mReal:[0m 20.0 kWh   [2mHabitual:[0m 82.0 ± 8.2 kWh   [2mz:[0m -7.56   [2mdesvio:[0m -76%   [2m(2 obs. fim_semana)[0m
2026-08-09 16:59:18 [INFO] 
2026-08-09 16:59:18 [INFO]   🔵 [94m[1mPT0002000068855003AK[0m  [2m[Cluster 0 (atribuido)][0m
2026-08-09 16:59:18 [INFO]      consumiu MENOS que o habitual às 13h
2026-08-09 16:59:18 [INFO]      [2mReal:[0m 13.0 kWh   [2mHabitual:[0m 53.0 ± 5.3 kWh   [2mz:[0m -7.55   [2mdesvio:[0m -75%   [2m(2 obs. fim_semana)[0m
2026-08-09 16:59:18 [INFO] 
2026-08-09 16:59:18 [INFO]   🔵 [94m[1mPT0002000068857909SY[0m  [2m[Cluster 1][0m
2026-08-09 16:59:18 [INFO]      consumiu MENOS que o habitual às 08h
2026-08-09 16:59:18 [INFO]      [2mReal:[0m 1.0 kWh   [2mHabitual:[0m 4.0 ± 0.4 kWh   [2mz:[0m -7.50   [2mdesvio:[0m -75%   [2m(2 obs. fim_semana)[0m
2026-08-09 16:59:18 [INFO] 
2026-08-09 16:59:18 [INFO]   🔵 [94m[1mPT0002000125379984SH[0m  [2m[Cluster 1][0m
2026-08-09 16:59:18 [INFO]      consumiu MENOS que o habitual às 14h
2026-08-09 16:59:18 [INFO]      [2mReal:[0m 3.0 kWh   [2mHabitual:[0m 12.0 ± 1.2 kWh   [2mz:[0m -7.50   [2mdesvio:[0m -75%   [2m(2 obs. fim_semana)[0m
2026-08-09 16:59:18 [INFO] 
2026-08-09 16:59:18 [INFO]   🔵 [94m[1mPT0002000068855003AK[0m  [2m[Cluster 0 (atribuido)][0m
2026-08-09 16:59:18 [INFO]      consumiu MENOS que o habitual às 12h
2026-08-09 16:59:18 [INFO]      [2mReal:[0m 12.0 kWh   [2mHabitual:[0m 45.5 ± 4.5 kWh   [2mz:[0m -7.36   [2mdesvio:[0m -74%   [2m(2 obs. fim_semana)[0m
2026-08-09 16:59:18 [INFO] 
2026-08-09 16:59:18 [INFO]   🔵 [94m[1mPT0002000078233981HJ[0m  [2m[Cluster 1][0m
2026-08-09 16:59:18 [INFO]      consumiu MENOS que o habitual às 20h
2026-08-09 16:59:18 [INFO]      [2mReal:[0m 2.0 kWh   [2mHabitual:[0m 7.5 ± 0.8 kWh   [2mz:[0m -7.33   [2mdesvio:[0m -73%   [2m(2 obs. fim_semana)[0m
2026-08-09 16:59:18 [INFO] 
2026-08-09 16:59:18 [INFO]   🔵 [94m[1mPT0002000068857909SY[0m  [2m[Cluster 1][0m
2026-08-09 16:59:18 [INFO]      consumiu MENOS que o habitual às 14h
2026-08-09 16:59:18 [INFO]      [2mReal:[0m 2.0 kWh   [2mHabitual:[0m 7.0 ± 0.7 kWh   [2mz:[0m -7.14   [2mdesvio:[0m -71%   [2m(2 obs. fim_semana)[0m
2026-08-09 16:59:18 [INFO] 
2026-08-09 16:59:18 [INFO]   🔵 [94m[1mPT0002000073481266XH[0m  [2m[Cluster 0][0m
2026-08-09 16:59:18 [INFO]      consumiu MENOS que o habitual às 17h
2026-08-09 16:59:18 [INFO]      [2mReal:[0m 6.0 kWh   [2mHabitual:[0m 21.0 ± 2.1 kWh   [2mz:[0m -7.14   [2mdesvio:[0m -71%   [2m(2 obs. fim_semana)[0m
2026-08-09 16:59:18 [INFO] 
2026-08-09 16:59:18 [INFO]   🔵 [94m[1mPT0002000110607652SB[0m  [2m[Cluster 0][0m
2026-08-09 16:59:18 [INFO]      consumiu MENOS que o habitual às 12h
2026-08-09 16:59:18 [INFO]      [2mReal:[0m 20.0 kWh   [2mHabitual:[0m 70.0 ± 7.0 kWh   [2mz:[0m -7.14   [2mdesvio:[0m -71%   [2m(2 obs. fim_semana)[0m
2026-08-09 16:59:18 [INFO] 
2026-08-09 16:59:18 [INFO]   🔵 [94m[1mPT0002000068856974CZ[0m  [2m[Cluster 0 (atribuido)][0m
2026-08-09 16:59:18 [INFO]      consumiu MENOS que o habitual às 16h
2026-08-09 16:59:18 [INFO]      [2mReal:[0m 11.0 kWh   [2mHabitual:[0m 51.0 ± 5.7 kWh   [2mz:[0m -7.07   [2mdesvio:[0m -78%   [2m(2 obs. fim_semana)[0m
2026-08-09 16:59:18 [INFO] 
2026-08-09 16:59:18 [INFO]   🔵 [94m[1mPT0002000073481266XH[0m  [2m[Cluster 0][0m
2026-08-09 16:59:18 [INFO]      consumiu MENOS que o habitual às 15h
2026-08-09 16:59:18 [INFO]      [2mReal:[0m 5.0 kWh   [2mHabitual:[0m 35.0 ± 4.2 kWh   [2mz:[0m -7.07   [2mdesvio:[0m -86%   [2m(2 obs. fim_semana)[0m
2026-08-09 16:59:18 [INFO] 
2026-08-09 16:59:18 [INFO]   🔵 [94m[1mPT0002000120237616VJ[0m  [2m[Cluster 0][0m
2026-08-09 16:59:18 [INFO]      consumiu MENOS que o habitual às 08h
2026-08-09 16:59:18 [INFO]      [2mReal:[0m 10.0 kWh   [2mHabitual:[0m 34.0 ± 3.4 kWh   [2mz:[0m -7.06   [2mdesvio:[0m -71%   [2m(2 obs. fim_semana)[0m
2026-08-09 16:59:18 [INFO] 
2026-08-09 16:59:18 [INFO]   🔵 [94m[1mPT0002000120237616VJ[0m  [2m[Cluster 0][0m
2026-08-09 16:59:18 [INFO]      consumiu MENOS que o habitual às 10h
2026-08-09 16:59:18 [INFO]      [2mReal:[0m 11.0 kWh   [2mHabitual:[0m 37.0 ± 3.7 kWh   [2mz:[0m -7.03   [2mdesvio:[0m -70%   [2m(2 obs. fim_semana)[0m
2026-08-09 16:59:18 [INFO] 
2026-08-09 16:59:18 [INFO]   🔴 [91m[1mPT0002000073720434JD[0m  [2m[Cluster 1 (atribuido)][0m
2026-08-09 16:59:18 [INFO]      consumiu MAIS que o habitual às 00h
2026-08-09 16:59:18 [INFO]      [2mReal:[0m 39.0 kWh   [2mHabitual:[0m 23.0 ± 2.3 kWh   [2mz:[0m +6.96   [2mdesvio:[0m +70%   [2m(2 obs. fim_semana)[0m
2026-08-09 16:59:18 [INFO] 
2026-08-09 16:59:18 [INFO]   🔵 [94m[1mPT0002000068855003AK[0m  [2m[Cluster 0 (atribuido)][0m
2026-08-09 16:59:18 [INFO]      consumiu MENOS que o habitual às 11h
2026-08-09 16:59:18 [INFO]      [2mReal:[0m 12.0 kWh   [2mHabitual:[0m 38.0 ± 3.8 kWh   [2mz:[0m -6.84   [2mdesvio:[0m -68%   [2m(2 obs. fim_semana)[0m
2026-08-09 16:59:18 [INFO] 
2026-08-09 16:59:18 [INFO]   🔵 [94m[1mPT0002000073481266XH[0m  [2m[Cluster 0][0m
2026-08-09 16:59:18 [INFO]      consumiu MENOS que o habitual às 16h
2026-08-09 16:59:18 [INFO]      [2mReal:[0m 5.0 kWh   [2mHabitual:[0m 34.0 ± 4.2 kWh   [2mz:[0m -6.84   [2mdesvio:[0m -85%   [2m(2 obs. fim_semana)[0m
2026-08-09 16:59:18 [INFO] 
2026-08-09 16:59:18 [INFO]   🔵 [94m[1mPT0002000120237616VJ[0m  [2m[Cluster 0][0m
2026-08-09 16:59:18 [INFO]      consumiu MENOS que o habitual às 11h
2026-08-09 16:59:18 [INFO]      [2mReal:[0m 13.0 kWh   [2mHabitual:[0m 41.0 ± 4.1 kWh   [2mz:[0m -6.83   [2mdesvio:[0m -68%   [2m(2 obs. fim_semana)[0m
2026-08-09 16:59:18 [INFO] 
2026-08-09 16:59:18 [INFO]   🔵 [94m[1mPT0002000110607652SB[0m  [2m[Cluster 0][0m
2026-08-09 16:59:18 [INFO]      consumiu MENOS que o habitual às 17h
2026-08-09 16:59:18 [INFO]      [2mReal:[0m 20.0 kWh   [2mHabitual:[0m 62.0 ± 6.2 kWh   [2mz:[0m -6.77   [2mdesvio:[0m -68%   [2m(2 obs. fim_semana)[0m
2026-08-09 16:59:18 [INFO] 
2026-08-09 16:59:18 [INFO]   🔵 [94m[1mPT0002000112989585PH[0m  [2m[Cluster 0][0m
2026-08-09 16:59:18 [INFO]      consumiu MENOS que o habitual às 15h
2026-08-09 16:59:18 [INFO]      [2mReal:[0m 8.0 kWh   [2mHabitual:[0m 24.5 ± 2.5 kWh   [2mz:[0m -6.73   [2mdesvio:[0m -67%   [2m(2 obs. fim_semana)[0m
2026-08-09 16:59:18 [INFO] 
2026-08-09 16:59:18 [INFO]   🔵 [94m[1mPT0002000068859393XH[0m  [2m[Cluster 1][0m
2026-08-09 16:59:18 [INFO]      consumiu MENOS que o habitual às 18h
2026-08-09 16:59:18 [INFO]      [2mReal:[0m 42.0 kWh   [2mHabitual:[0m 126.5 ± 12.7 kWh   [2mz:[0m -6.68   [2mdesvio:[0m -67%   [2m(2 obs. fim_semana)[0m
2026-08-09 16:59:18 [INFO] 
2026-08-09 16:59:18 [INFO]   🔴 [91m[1mPT0002000068856872QG[0m  [2m[Cluster 1][0m
2026-08-09 16:59:18 [INFO]      consumiu MAIS que o habitual às 02h
2026-08-09 16:59:18 [INFO]      [2mReal:[0m 2.0 kWh   [2mHabitual:[0m 0.0 ± 0.3 kWh   [2mz:[0m +6.67   [2mdesvio:[0m +200000%   [2m(2 obs. fim_semana)[0m
2026-08-09 16:59:18 [INFO] 
2026-08-09 16:59:18 [INFO]   🔴 [91m[1mPT0002000068856872QG[0m  [2m[Cluster 1][0m
2026-08-09 16:59:18 [INFO]      consumiu MAIS que o habitual às 15h
2026-08-09 16:59:18 [INFO]      [2mReal:[0m 2.0 kWh   [2mHabitual:[0m 0.0 ± 0.3 kWh   [2mz:[0m +6.67   [2mdesvio:[0m +200000%   [2m(2 obs. fim_semana)[0m
2026-08-09 16:59:18 [INFO] 
2026-08-09 16:59:18 [INFO]   🔵 [94m[1mPT0002000073481266XH[0m  [2m[Cluster 0][0m
2026-08-09 16:59:18 [INFO]      consumiu MENOS que o habitual às 07h
2026-08-09 16:59:18 [INFO]      [2mReal:[0m 5.0 kWh   [2mHabitual:[0m 15.0 ± 1.5 kWh   [2mz:[0m -6.67   [2mdesvio:[0m -67%   [2m(2 obs. fim_semana)[0m
2026-08-09 16:59:18 [INFO] 
2026-08-09 16:59:18 [INFO]   🔴 [91m[1mPT0002000078140706BA[0m  [2m[Cluster 1 (atribuido)][0m
2026-08-09 16:59:18 [INFO]      consumiu MAIS que o habitual às 17h
2026-08-09 16:59:18 [INFO]      [2mReal:[0m 2.0 kWh   [2mHabitual:[0m 0.0 ± 0.3 kWh   [2mz:[0m +6.67   [2mdesvio:[0m +200000%   [2m(2 obs. fim_semana)[0m
2026-08-09 16:59:18 [INFO] 
2026-08-09 16:59:18 [INFO]   🔵 [94m[1mPT0002000110607652SB[0m  [2m[Cluster 0][0m
2026-08-09 16:59:18 [INFO]      consumiu MENOS que o habitual às 18h
2026-08-09 16:59:18 [INFO]      [2mReal:[0m 20.0 kWh   [2mHabitual:[0m 60.0 ± 6.0 kWh   [2mz:[0m -6.67   [2mdesvio:[0m -67%   [2m(2 obs. fim_semana)[0m
2026-08-09 16:59:18 [INFO] 
2026-08-09 16:59:18 [INFO]   🔵 [94m[1mPT0002000125379984SH[0m  [2m[Cluster 1][0m
2026-08-09 16:59:18 [INFO]      consumiu MENOS que o habitual às 10h
2026-08-09 16:59:18 [INFO]      [2mReal:[0m 4.0 kWh   [2mHabitual:[0m 12.0 ± 1.2 kWh   [2mz:[0m -6.67   [2mdesvio:[0m -67%   [2m(2 obs. fim_semana)[0m
2026-08-09 16:59:18 [INFO] 
2026-08-09 16:59:18 [INFO]   🔵 [94m[1mPT0002000068855003AK[0m  [2m[Cluster 0 (atribuido)][0m
2026-08-09 16:59:18 [INFO]      consumiu MENOS que o habitual às 18h
2026-08-09 16:59:18 [INFO]      [2mReal:[0m 11.0 kWh   [2mHabitual:[0m 32.5 ± 3.2 kWh   [2mz:[0m -6.62   [2mdesvio:[0m -66%   [2m(2 obs. fim_semana)[0m
2026-08-09 16:59:18 [INFO] 
2026-08-09 16:59:18 [INFO]   🔵 [94m[1mPT0002000120237616VJ[0m  [2m[Cluster 0][0m
2026-08-09 16:59:18 [INFO]      consumiu MENOS que o habitual às 13h
2026-08-09 16:59:18 [INFO]      [2mReal:[0m 13.0 kWh   [2mHabitual:[0m 38.5 ± 3.9 kWh   [2mz:[0m -6.62   [2mdesvio:[0m -66%   [2m(2 obs. fim_semana)[0m
2026-08-09 16:59:18 [INFO] 
2026-08-09 16:59:18 [INFO]   🔵 [94m[1mPT0002000110607652SB[0m  [2m[Cluster 0][0m
2026-08-09 16:59:18 [INFO]      consumiu MENOS que o habitual às 09h
2026-08-09 16:59:18 [INFO]      [2mReal:[0m 20.0 kWh   [2mHabitual:[0m 58.0 ± 5.8 kWh   [2mz:[0m -6.55   [2mdesvio:[0m -66%   [2m(2 obs. fim_semana)[0m
2026-08-09 16:59:18 [INFO] 
2026-08-09 16:59:18 [INFO]   🔵 [94m[1mPT0002000068859393XH[0m  [2m[Cluster 1][0m
2026-08-09 16:59:18 [INFO]      consumiu MENOS que o habitual às 17h
2026-08-09 16:59:18 [INFO]      [2mReal:[0m 42.0 kWh   [2mHabitual:[0m 120.5 ± 12.1 kWh   [2mz:[0m -6.51   [2mdesvio:[0m -65%   [2m(2 obs. fim_semana)[0m
2026-08-09 16:59:18 [INFO] 
2026-08-09 16:59:18 [INFO]   🔵 [94m[1mPT0002000120237616VJ[0m  [2m[Cluster 0][0m
2026-08-09 16:59:18 [INFO]      consumiu MENOS que o habitual às 09h
2026-08-09 16:59:18 [INFO]      [2mReal:[0m 12.0 kWh   [2mHabitual:[0m 33.5 ± 3.4 kWh   [2mz:[0m -6.42   [2mdesvio:[0m -64%   [2m(2 obs. fim_semana)[0m
2026-08-09 16:59:18 [INFO] 
2026-08-09 16:59:18 [INFO]   🔵 [94m[1mPT0002000068856974CZ[0m  [2m[Cluster 0 (atribuido)][0m
2026-08-09 16:59:18 [INFO]      consumiu MENOS que o habitual às 19h
2026-08-09 16:59:18 [INFO]      [2mReal:[0m 9.0 kWh   [2mHabitual:[0m 25.0 ± 2.5 kWh   [2mz:[0m -6.40   [2mdesvio:[0m -64%   [2m(2 obs. fim_semana)[0m
2026-08-09 16:59:18 [INFO] 
2026-08-09 16:59:18 [INFO]   🔴 [91m[1mPT0002000068857099AR[0m  [2m[Cluster 1][0m
2026-08-09 16:59:18 [INFO]      consumiu MAIS que o habitual às 10h
2026-08-09 16:59:18 [INFO]      [2mReal:[0m 9.0 kWh   [2mHabitual:[0m 4.5 ± 0.7 kWh   [2mz:[0m +6.36   [2mdesvio:[0m +100%   [2m(2 obs. fim_semana)[0m
2026-08-09 16:59:18 [INFO] 
2026-08-09 16:59:18 [INFO]   🔵 [94m[1mPT0002000078233981HJ[0m  [2m[Cluster 1][0m
2026-08-09 16:59:18 [INFO]      consumiu MENOS que o habitual às 18h
2026-08-09 16:59:18 [INFO]      [2mReal:[0m 1.0 kWh   [2mHabitual:[0m 23.5 ± 3.5 kWh   [2mz:[0m -6.36   [2mdesvio:[0m -96%   [2m(2 obs. fim_semana)[0m
2026-08-09 16:59:18 [INFO] 
2026-08-09 16:59:18 [INFO]   🔵 [94m[1mPT0002000110607652SB[0m  [2m[Cluster 0][0m
2026-08-09 16:59:18 [INFO]      consumiu MENOS que o habitual às 10h
2026-08-09 16:59:18 [INFO]      [2mReal:[0m 20.0 kWh   [2mHabitual:[0m 56.0 ± 5.7 kWh   [2mz:[0m -6.36   [2mdesvio:[0m -64%   [2m(2 obs. fim_semana)[0m
2026-08-09 16:59:18 [INFO] 
2026-08-09 16:59:18 [INFO]   🔵 [94m[1mPT0002000112989585PH[0m  [2m[Cluster 0][0m
2026-08-09 16:59:18 [INFO]      consumiu MENOS que o habitual às 14h
2026-08-09 16:59:18 [INFO]      [2mReal:[0m 3.0 kWh   [2mHabitual:[0m 12.0 ± 1.4 kWh   [2mz:[0m -6.36   [2mdesvio:[0m -75%   [2m(2 obs. fim_semana)[0m
2026-08-09 16:59:18 [INFO] 
2026-08-09 16:59:18 [INFO]   🔵 [94m[1mPT0002000115673471CB[0m  [2m[Cluster 0][0m
2026-08-09 16:59:18 [INFO]      consumiu MENOS que o habitual às 05h
2026-08-09 16:59:18 [INFO]      [2mReal:[0m 6.0 kWh   [2mHabitual:[0m 16.5 ± 1.6 kWh   [2mz:[0m -6.36   [2mdesvio:[0m -64%   [2m(2 obs. fim_semana)[0m
2026-08-09 16:59:18 [INFO] 
2026-08-09 16:59:18 [INFO]   🔵 [94m[1mPT0002000110607652SB[0m  [2m[Cluster 0][0m
2026-08-09 16:59:18 [INFO]      consumiu MENOS que o habitual às 11h
2026-08-09 16:59:18 [INFO]      [2mReal:[0m 20.0 kWh   [2mHabitual:[0m 54.0 ± 5.4 kWh   [2mz:[0m -6.30   [2mdesvio:[0m -63%   [2m(2 obs. fim_semana)[0m
2026-08-09 16:59:18 [INFO] 
2026-08-09 16:59:18 [INFO]   🔵 [94m[1mPT0002000068855003AK[0m  [2m[Cluster 0 (atribuido)][0m
2026-08-09 16:59:18 [INFO]      consumiu MENOS que o habitual às 19h
2026-08-09 16:59:18 [INFO]      [2mReal:[0m 10.0 kWh   [2mHabitual:[0m 26.0 ± 2.6 kWh   [2mz:[0m -6.15   [2mdesvio:[0m -62%   [2m(2 obs. fim_semana)[0m
2026-08-09 16:59:18 [INFO] 
2026-08-09 16:59:18 [INFO]   🔵 [94m[1mPT0002000068859393XH[0m  [2m[Cluster 1][0m
2026-08-09 16:59:18 [INFO]      consumiu MENOS que o habitual às 19h
2026-08-09 16:59:18 [INFO]      [2mReal:[0m 44.0 kWh   [2mHabitual:[0m 113.5 ± 11.3 kWh   [2mz:[0m -6.12   [2mdesvio:[0m -61%   [2m(2 obs. fim_semana)[0m
2026-08-09 16:59:18 [INFO] 
2026-08-09 16:59:18 [INFO]   🔵 [94m[1mPT0002000101964938LF[0m  [2m[Cluster 0][0m
2026-08-09 16:59:18 [INFO]      consumiu MENOS que o habitual às 17h
2026-08-09 16:59:18 [INFO]      [2mReal:[0m 10.0 kWh   [2mHabitual:[0m 57.5 ± 7.8 kWh   [2mz:[0m -6.11   [2mdesvio:[0m -83%   [2m(2 obs. fim_semana)[0m
2026-08-09 16:59:18 [INFO] 
2026-08-09 16:59:18 [INFO]   🔵 [94m[1mPT0002000120237616VJ[0m  [2m[Cluster 0][0m
2026-08-09 16:59:18 [INFO]      consumiu MENOS que o habitual às 14h
2026-08-09 16:59:18 [INFO]      [2mReal:[0m 12.0 kWh   [2mHabitual:[0m 30.5 ± 3.0 kWh   [2mz:[0m -6.07   [2mdesvio:[0m -61%   [2m(2 obs. fim_semana)[0m
2026-08-09 16:59:18 [INFO] 
2026-08-09 16:59:18 [INFO]   🔴 [91m[1mPT0002000068857099AR[0m  [2m[Cluster 1][0m
2026-08-09 16:59:18 [INFO]      consumiu MAIS que o habitual às 16h
2026-08-09 16:59:18 [INFO]      [2mReal:[0m 8.0 kWh   [2mHabitual:[0m 5.0 ± 0.5 kWh   [2mz:[0m +6.00   [2mdesvio:[0m +60%   [2m(2 obs. fim_semana)[0m
2026-08-09 16:59:18 [INFO] 
2026-08-09 16:59:18 [INFO]   🔵 [94m[1mPT0002000101964938LF[0m  [2m[Cluster 0][0m
2026-08-09 16:59:18 [INFO]      consumiu MENOS que o habitual às 07h
2026-08-09 16:59:18 [INFO]      [2mReal:[0m 9.0 kWh   [2mHabitual:[0m 22.5 ± 2.2 kWh   [2mz:[0m -6.00   [2mdesvio:[0m -60%   [2m(2 obs. fim_semana)[0m
2026-08-09 16:59:18 [INFO] 
2026-08-09 16:59:18 [INFO]   🔵 [94m[1mPT0002000068859187RL[0m  [2m[Cluster 0][0m
2026-08-09 16:59:18 [INFO]      consumiu MENOS que o habitual às 18h
2026-08-09 16:59:18 [INFO]      [2mReal:[0m 10.0 kWh   [2mHabitual:[0m 24.5 ± 2.5 kWh   [2mz:[0m -5.92   [2mdesvio:[0m -59%   [2m(2 obs. fim_semana)[0m
2026-08-09 16:59:18 [INFO] 
2026-08-09 16:59:18 [INFO]   🔵 [94m[1mPT0002000101964938LF[0m  [2m[Cluster 0][0m
2026-08-09 16:59:18 [INFO]      consumiu MENOS que o habitual às 15h
2026-08-09 16:59:18 [INFO]      [2mReal:[0m 10.0 kWh   [2mHabitual:[0m 60.0 ± 8.5 kWh   [2mz:[0m -5.89   [2mdesvio:[0m -83%   [2m(2 obs. fim_semana)[0m
2026-08-09 16:59:18 [INFO] 
2026-08-09 16:59:18 [INFO]   🔵 [94m[1mPT0002000125379984SH[0m  [2m[Cluster 1][0m
2026-08-09 16:59:18 [INFO]      consumiu MENOS que o habitual às 09h
2026-08-09 16:59:18 [INFO]      [2mReal:[0m 5.0 kWh   [2mHabitual:[0m 12.0 ± 1.2 kWh   [2mz:[0m -5.83   [2mdesvio:[0m -58%   [2m(2 obs. fim_semana)[0m
2026-08-09 16:59:18 [INFO] 
2026-08-09 16:59:18 [INFO]   🔵 [94m[1mPT0002000068859393XH[0m  [2m[Cluster 1][0m
2026-08-09 16:59:18 [INFO]      consumiu MENOS que o habitual às 13h
2026-08-09 16:59:18 [INFO]      [2mReal:[0m 42.0 kWh   [2mHabitual:[0m 116.0 ± 12.7 kWh   [2mz:[0m -5.81   [2mdesvio:[0m -64%   [2m(2 obs. fim_semana)[0m
2026-08-09 16:59:18 [INFO] 
2026-08-09 16:59:18 [INFO]   🔵 [94m[1mPT0002000078233981HJ[0m  [2m[Cluster 1][0m
2026-08-09 16:59:18 [INFO]      consumiu MENOS que o habitual às 19h
2026-08-09 16:59:18 [INFO]      [2mReal:[0m 2.0 kWh   [2mHabitual:[0m 22.5 ± 3.5 kWh   [2mz:[0m -5.80   [2mdesvio:[0m -91%   [2m(2 obs. fim_semana)[0m
2026-08-09 16:59:18 [INFO] 
2026-08-09 16:59:18 [INFO]   🔵 [94m[1mPT0002000068855003AK[0m  [2m[Cluster 0 (atribuido)][0m
2026-08-09 16:59:18 [INFO]      consumiu MENOS que o habitual às 09h
2026-08-09 16:59:18 [INFO]      [2mReal:[0m 8.0 kWh   [2mHabitual:[0m 19.0 ± 1.9 kWh   [2mz:[0m -5.79   [2mdesvio:[0m -58%   [2m(2 obs. fim_semana)[0m
2026-08-09 16:59:18 [INFO] 
2026-08-09 16:59:18 [INFO]   🔵 [94m[1mPT0002000125379984SH[0m  [2m[Cluster 1][0m
2026-08-09 16:59:18 [INFO]      consumiu MENOS que o habitual às 08h
2026-08-09 16:59:18 [INFO]      [2mReal:[0m 4.0 kWh   [2mHabitual:[0m 9.5 ± 0.9 kWh   [2mz:[0m -5.79   [2mdesvio:[0m -58%   [2m(2 obs. fim_semana)[0m
2026-08-09 16:59:18 [INFO] 
2026-08-09 16:59:18 [INFO]   🔵 [94m[1mPT0002000073481266XH[0m  [2m[Cluster 0][0m
2026-08-09 16:59:18 [INFO]      consumiu MENOS que o habitual às 18h
2026-08-09 16:59:18 [INFO]      [2mReal:[0m 6.0 kWh   [2mHabitual:[0m 14.0 ± 1.4 kWh   [2mz:[0m -5.71   [2mdesvio:[0m -57%   [2m(2 obs. fim_semana)[0m
2026-08-09 16:59:18 [INFO] 
2026-08-09 16:59:18 [INFO]   🔵 [94m[1mPT0002000068856655YV[0m  [2m[Cluster 0][0m
2026-08-09 16:59:18 [INFO]      consumiu MENOS que o habitual às 10h
2026-08-09 16:59:18 [INFO]      [2mReal:[0m 1.0 kWh   [2mHabitual:[0m 9.0 ± 1.4 kWh   [2mz:[0m -5.66   [2mdesvio:[0m -89%   [2m(2 obs. fim_semana)[0m
2026-08-09 16:59:18 [INFO] 
2026-08-09 16:59:18 [INFO]   🔵 [94m[1mPT0002000078140706BA[0m  [2m[Cluster 1 (atribuido)][0m
2026-08-09 16:59:18 [INFO]      consumiu MENOS que o habitual às 14h
2026-08-09 16:59:18 [INFO]      [2mReal:[0m 0.0 kWh   [2mHabitual:[0m 8.0 ± 1.4 kWh   [2mz:[0m -5.66   [2mdesvio:[0m -100%   [2m(2 obs. fim_semana)[0m
2026-08-09 16:59:18 [INFO] 
2026-08-09 16:59:18 [INFO]   🔵 [94m[1mPT0002000115673471CB[0m  [2m[Cluster 0][0m
2026-08-09 16:59:18 [INFO]      consumiu MENOS que o habitual às 04h
2026-08-09 16:59:18 [INFO]      [2mReal:[0m 6.0 kWh   [2mHabitual:[0m 13.5 ± 1.4 kWh   [2mz:[0m -5.56   [2mdesvio:[0m -56%   [2m(2 obs. fim_semana)[0m
2026-08-09 16:59:18 [INFO] 
2026-08-09 16:59:18 [INFO]   🔵 [94m[1mPT0002000110607652SB[0m  [2m[Cluster 0][0m
2026-08-09 16:59:18 [INFO]      consumiu MENOS que o habitual às 16h
2026-08-09 16:59:18 [INFO]      [2mReal:[0m 28.0 kWh   [2mHabitual:[0m 74.0 ± 8.5 kWh   [2mz:[0m -5.42   [2mdesvio:[0m -62%   [2m(2 obs. fim_semana)[0m
2026-08-09 16:59:18 [INFO] 
2026-08-09 16:59:18 [INFO]   🔵 [94m[1mPT0002000112989585PH[0m  [2m[Cluster 0][0m
2026-08-09 16:59:18 [INFO]      consumiu MENOS que o habitual às 12h
2026-08-09 16:59:18 [INFO]      [2mReal:[0m 3.0 kWh   [2mHabitual:[0m 14.5 ± 2.1 kWh   [2mz:[0m -5.42   [2mdesvio:[0m -79%   [2m(2 obs. fim_semana)[0m
2026-08-09 16:59:18 [INFO] 
2026-08-09 16:59:18 [INFO]   🔵 [94m[1mPT0002000115673471CB[0m  [2m[Cluster 0][0m
2026-08-09 16:59:18 [INFO]      consumiu MENOS que o habitual às 02h
2026-08-09 16:59:18 [INFO]      [2mReal:[0m 6.0 kWh   [2mHabitual:[0m 13.0 ± 1.3 kWh   [2mz:[0m -5.38   [2mdesvio:[0m -54%   [2m(2 obs. fim_semana)[0m
2026-08-09 16:59:18 [INFO] 
2026-08-09 16:59:18 [INFO]   🔵 [94m[1mPT0002000115700602GW[0m  [2m[Cluster 0][0m
2026-08-09 16:59:18 [INFO]      consumiu MENOS que o habitual às 10h
2026-08-09 16:59:18 [INFO]      [2mReal:[0m 7.0 kWh   [2mHabitual:[0m 15.0 ± 1.5 kWh   [2mz:[0m -5.33   [2mdesvio:[0m -53%   [2m(2 obs. fim_semana)[0m
2026-08-09 16:59:18 [INFO] 
2026-08-09 16:59:18 [INFO]   🔵 [94m[1mPT0002000068858231YY[0m  [2m[Cluster 0 (atribuido)][0m
2026-08-09 16:59:18 [INFO]      consumiu MENOS que o habitual às 09h
2026-08-09 16:59:18 [INFO]      [2mReal:[0m 15.0 kWh   [2mHabitual:[0m 32.0 ± 3.2 kWh   [2mz:[0m -5.31   [2mdesvio:[0m -53%   [2m(2 obs. fim_semana)[0m
2026-08-09 16:59:18 [INFO] 
2026-08-09 16:59:18 [INFO]   🔵 [94m[1mPT0002000073481266XH[0m  [2m[Cluster 0][0m
2026-08-09 16:59:18 [INFO]      consumiu MENOS que o habitual às 09h
2026-08-09 16:59:18 [INFO]      [2mReal:[0m 5.0 kWh   [2mHabitual:[0m 35.0 ± 5.7 kWh   [2mz:[0m -5.30   [2mdesvio:[0m -86%   [2m(2 obs. fim_semana)[0m
2026-08-09 16:59:18 [INFO] 
2026-08-09 16:59:18 [INFO]   🔵 [94m[1mPT0002000120237616VJ[0m  [2m[Cluster 0][0m
2026-08-09 16:59:18 [INFO]      consumiu MENOS que o habitual às 17h
2026-08-09 16:59:18 [INFO]      [2mReal:[0m 11.0 kWh   [2mHabitual:[0m 26.0 ± 2.8 kWh   [2mz:[0m -5.30   [2mdesvio:[0m -58%   [2m(2 obs. fim_semana)[0m
2026-08-09 16:59:18 [INFO] 
2026-08-09 16:59:18 [INFO]   🔵 [94m[1mPT0002000068859187RL[0m  [2m[Cluster 0][0m
2026-08-09 16:59:18 [INFO]      consumiu MENOS que o habitual às 07h
2026-08-09 16:59:18 [INFO]      [2mReal:[0m 10.0 kWh   [2mHabitual:[0m 21.0 ± 2.1 kWh   [2mz:[0m -5.24   [2mdesvio:[0m -52%   [2m(2 obs. fim_semana)[0m
2026-08-09 16:59:18 [INFO] 
2026-08-09 16:59:18 [INFO]   🔵 [94m[1mPT0002000068855003AK[0m  [2m[Cluster 0 (atribuido)][0m
2026-08-09 16:59:18 [INFO]      consumiu MENOS que o habitual às 10h
2026-08-09 16:59:18 [INFO]      [2mReal:[0m 10.0 kWh   [2mHabitual:[0m 28.5 ± 3.5 kWh   [2mz:[0m -5.23   [2mdesvio:[0m -65%   [2m(2 obs. fim_semana)[0m
2026-08-09 16:59:18 [INFO] 
2026-08-09 16:59:18 [INFO]   🔵 [94m[1mPT0002000073481266XH[0m  [2m[Cluster 0][0m
2026-08-09 16:59:18 [INFO]      consumiu MENOS que o habitual às 12h
2026-08-09 16:59:18 [INFO]      [2mReal:[0m 5.0 kWh   [2mHabitual:[0m 34.0 ± 5.7 kWh   [2mz:[0m -5.13   [2mdesvio:[0m -85%   [2m(2 obs. fim_semana)[0m
2026-08-09 16:59:18 [INFO] 
2026-08-09 16:59:18 [INFO]   🔵 [94m[1mPT0002000068856655YV[0m  [2m[Cluster 0][0m
2026-08-09 16:59:18 [INFO]      consumiu MENOS que o habitual às 06h
2026-08-09 16:59:18 [INFO]      [2mReal:[0m 2.0 kWh   [2mHabitual:[0m 4.0 ± 0.4 kWh   [2mz:[0m -5.00   [2mdesvio:[0m -50%   [2m(2 obs. fim_semana)[0m
2026-08-09 16:59:18 [INFO] 
2026-08-09 16:59:18 [INFO]   🔴 [91m[1mPT0002000068857099AR[0m  [2m[Cluster 1][0m
2026-08-09 16:59:18 [INFO]      consumiu MAIS que o habitual às 09h
2026-08-09 16:59:18 [INFO]      [2mReal:[0m 6.0 kWh   [2mHabitual:[0m 4.0 ± 0.4 kWh   [2mz:[0m +5.00   [2mdesvio:[0m +50%   [2m(2 obs. fim_semana)[0m
2026-08-09 16:59:18 [INFO] 
2026-08-09 16:59:18 [INFO]   🔵 [94m[1mPT0002000068858674WN[0m  [2m[Cluster 1 (atribuido)][0m
2026-08-09 16:59:18 [INFO]      consumiu MENOS que o habitual às 03h
2026-08-09 16:59:18 [INFO]      [2mReal:[0m 4.0 kWh   [2mHabitual:[0m 8.0 ± 0.8 kWh   [2mz:[0m -5.00   [2mdesvio:[0m -50%   [2m(2 obs. fim_semana)[0m
2026-08-09 16:59:18 [INFO] 
2026-08-09 16:59:18 [INFO]   🔵 [94m[1mPT0002000078233981HJ[0m  [2m[Cluster 1][0m
2026-08-09 16:59:18 [INFO]      consumiu MENOS que o habitual às 13h
2026-08-09 16:59:18 [INFO]      [2mReal:[0m 2.0 kWh   [2mHabitual:[0m 4.0 ± 0.4 kWh   [2mz:[0m -5.00   [2mdesvio:[0m -50%   [2m(2 obs. fim_semana)[0m
2026-08-09 16:59:18 [INFO] 
2026-08-09 16:59:18 [INFO]   🔴 [91m[1mPT0002000078294957RQ[0m  [2m[Cluster 0][0m
2026-08-09 16:59:18 [INFO]      consumiu MAIS que o habitual às 09h
2026-08-09 16:59:18 [INFO]      [2mReal:[0m 6.0 kWh   [2mHabitual:[0m 4.0 ± 0.4 kWh   [2mz:[0m +5.00   [2mdesvio:[0m +50%   [2m(2 obs. fim_semana)[0m
2026-08-09 16:59:18 [INFO] 
2026-08-09 16:59:18 [INFO]   🔴 [91m[1mPT0002000078294957RQ[0m  [2m[Cluster 0][0m
2026-08-09 16:59:18 [INFO]      consumiu MAIS que o habitual às 15h
2026-08-09 16:59:18 [INFO]      [2mReal:[0m 6.0 kWh   [2mHabitual:[0m 4.0 ± 0.4 kWh   [2mz:[0m +5.00   [2mdesvio:[0m +50%   [2m(2 obs. fim_semana)[0m
2026-08-09 16:59:18 [INFO] 
2026-08-09 16:59:18 [INFO]   🔵 [94m[1mPT0002000115673471CB[0m  [2m[Cluster 0][0m
2026-08-09 16:59:18 [INFO]      consumiu MENOS que o habitual às 01h
2026-08-09 16:59:18 [INFO]      [2mReal:[0m 6.0 kWh   [2mHabitual:[0m 12.0 ± 1.2 kWh   [2mz:[0m -5.00   [2mdesvio:[0m -50%   [2m(2 obs. fim_semana)[0m
2026-08-09 16:59:18 [INFO] 
2026-08-09 16:59:18 [INFO]   🔵 [94m[1mPT0002000115673471CB[0m  [2m[Cluster 0][0m
2026-08-09 16:59:18 [INFO]      consumiu MENOS que o habitual às 03h
2026-08-09 16:59:18 [INFO]      [2mReal:[0m 6.0 kWh   [2mHabitual:[0m 12.0 ± 1.2 kWh   [2mz:[0m -5.00   [2mdesvio:[0m -50%   [2m(2 obs. fim_semana)[0m
2026-08-09 16:59:18 [INFO] 
2026-08-09 16:59:18 [INFO]   🔵 [94m[1mPT0002000125379984SH[0m  [2m[Cluster 1][0m
2026-08-09 16:59:18 [INFO]      consumiu MENOS que o habitual às 11h
2026-08-09 16:59:18 [INFO]      [2mReal:[0m 4.0 kWh   [2mHabitual:[0m 8.0 ± 0.8 kWh   [2mz:[0m -5.00   [2mdesvio:[0m -50%   [2m(2 obs. fim_semana)[0m
2026-08-09 16:59:18 [INFO] 
2026-08-09 16:59:18 [INFO]   🔵 [94m[1mPT0002000100113293JT[0m  [2m[Cluster 0][0m
2026-08-09 16:59:18 [INFO]      consumiu MENOS que o habitual às 08h
2026-08-09 16:59:18 [INFO]      [2mReal:[0m 67.0 kWh   [2mHabitual:[0m 133.5 ± 13.3 kWh   [2mz:[0m -4.98   [2mdesvio:[0m -50%   [2m(2 obs. fim_semana)[0m
2026-08-09 16:59:18 [INFO] 
2026-08-09 16:59:18 [INFO]   🔵 [94m[1mPT0002000068855003AK[0m  [2m[Cluster 0 (atribuido)][0m
2026-08-09 16:59:18 [INFO]      consumiu MENOS que o habitual às 17h
2026-08-09 16:59:18 [INFO]      [2mReal:[0m 13.0 kWh   [2mHabitual:[0m 41.0 ± 5.7 kWh   [2mz:[0m -4.95   [2mdesvio:[0m -68%   [2m(2 obs. fim_semana)[0m
2026-08-09 16:59:18 [INFO] 
2026-08-09 16:59:18 [INFO]   🔴 [91m[1mPT0002000068856655YV[0m  [2m[Cluster 0][0m
2026-08-09 16:59:18 [INFO]      consumiu MAIS que o habitual às 00h
2026-08-09 16:59:18 [INFO]      [2mReal:[0m 6.0 kWh   [2mHabitual:[0m 2.5 ± 0.7 kWh   [2mz:[0m +4.95   [2mdesvio:[0m +140%   [2m(2 obs. fim_semana)[0m
2026-08-09 16:59:18 [INFO] 
2026-08-09 16:59:18 [INFO]   🔵 [94m[1mPT0002000068856655YV[0m  [2m[Cluster 0][0m
2026-08-09 16:59:18 [INFO]      consumiu MENOS que o habitual às 11h
2026-08-09 16:59:18 [INFO]      [2mReal:[0m 2.0 kWh   [2mHabitual:[0m 9.0 ± 1.4 kWh   [2mz:[0m -4.95   [2mdesvio:[0m -78%   [2m(2 obs. fim_semana)[0m
2026-08-09 16:59:18 [INFO] 
2026-08-09 16:59:18 [INFO]   🔵 [94m[1mPT0002000068856974CZ[0m  [2m[Cluster 0 (atribuido)][0m
2026-08-09 16:59:18 [INFO]      consumiu MENOS que o habitual às 15h
2026-08-09 16:59:18 [INFO]      [2mReal:[0m 9.0 kWh   [2mHabitual:[0m 51.0 ± 8.5 kWh   [2mz:[0m -4.95   [2mdesvio:[0m -82%   [2m(2 obs. fim_semana)[0m
2026-08-09 16:59:18 [INFO] 
2026-08-09 16:59:18 [INFO]   🔴 [91m[1mPT0002000068857099AR[0m  [2m[Cluster 1][0m
2026-08-09 16:59:18 [INFO]      consumiu MAIS que o habitual às 14h
2026-08-09 16:59:18 [INFO]      [2mReal:[0m 8.0 kWh   [2mHabitual:[0m 4.5 ± 0.7 kWh   [2mz:[0m +4.95   [2mdesvio:[0m +78%   [2m(2 obs. fim_semana)[0m
2026-08-09 16:59:18 [INFO] 
2026-08-09 16:59:18 [INFO]   🔵 [94m[1mPT0002000068857909SY[0m  [2m[Cluster 1][0m
2026-08-09 16:59:18 [INFO]      consumiu MENOS que o habitual às 09h
2026-08-09 16:59:18 [INFO]      [2mReal:[0m 2.0 kWh   [2mHabitual:[0m 9.0 ± 1.4 kWh   [2mz:[0m -4.95   [2mdesvio:[0m -78%   [2m(2 obs. fim_semana)[0m
2026-08-09 16:59:18 [INFO] 
2026-08-09 16:59:18 [INFO]   🔵 [94m[1mPT0002000110607652SB[0m  [2m[Cluster 0][0m
2026-08-09 16:59:18 [INFO]      consumiu MENOS que o habitual às 19h
2026-08-09 16:59:18 [INFO]      [2mReal:[0m 20.0 kWh   [2mHabitual:[0m 48.0 ± 5.7 kWh   [2mz:[0m -4.95   [2mdesvio:[0m -58%   [2m(2 obs. fim_semana)[0m
2026-08-09 16:59:18 [INFO] 
2026-08-09 16:59:18 [INFO]   🔵 [94m[1mPT0002000100113293JT[0m  [2m[Cluster 0][0m
2026-08-09 16:59:18 [INFO]      consumiu MENOS que o habitual às 09h
2026-08-09 16:59:18 [INFO]      [2mReal:[0m 68.0 kWh   [2mHabitual:[0m 134.0 ± 13.4 kWh   [2mz:[0m -4.93   [2mdesvio:[0m -49%   [2m(2 obs. fim_semana)[0m
2026-08-09 16:59:18 [INFO] 
2026-08-09 16:59:18 [INFO]   🔵 [94m[1mPT0002000068857897ZV[0m  [2m[Cluster 0][0m
2026-08-09 16:59:18 [INFO]      consumiu MENOS que o habitual às 15h
2026-08-09 16:59:18 [INFO]      [2mReal:[0m 25.0 kWh   [2mHabitual:[0m 49.0 ± 4.9 kWh   [2mz:[0m -4.90   [2mdesvio:[0m -49%   [2m(2 obs. fim_semana)[0m
2026-08-09 16:59:18 [INFO] 
2026-08-09 16:59:18 [INFO]   🔴 [91m[1mPT0002000125701614SQ[0m  [2m[Cluster 1 (atribuido)][0m
2026-08-09 16:59:18 [INFO]      consumiu MAIS que o habitual às 10h
2026-08-09 16:59:18 [INFO]      [2mReal:[0m 26.0 kWh   [2mHabitual:[0m 17.5 ± 1.8 kWh   [2mz:[0m +4.86   [2mdesvio:[0m +49%   [2m(2 obs. fim_semana)[0m
2026-08-09 16:59:18 [INFO] 
2026-08-09 16:59:18 [INFO]   🔵 [94m[1mPT0002000068859325FL[0m  [2m[Cluster 1][0m
2026-08-09 16:59:18 [INFO]      consumiu MENOS que o habitual às 19h
2026-08-09 16:59:18 [INFO]      [2mReal:[0m 64.0 kWh   [2mHabitual:[0m 124.0 ± 12.4 kWh   [2mz:[0m -4.84   [2mdesvio:[0m -48%   [2m(2 obs. fim_semana)[0m
2026-08-09 16:59:18 [INFO] 
2026-08-09 16:59:18 [INFO]   🔴 [91m[1mPT0002000125701614SQ[0m  [2m[Cluster 1 (atribuido)][0m
2026-08-09 16:59:18 [INFO]      consumiu MAIS que o habitual às 08h
2026-08-09 16:59:18 [INFO]      [2mReal:[0m 20.0 kWh   [2mHabitual:[0m 13.5 ± 1.4 kWh   [2mz:[0m +4.81   [2mdesvio:[0m +48%   [2m(2 obs. fim_semana)[0m
2026-08-09 16:59:18 [INFO] 
2026-08-09 16:59:18 [INFO]   🔵 [94m[1mPT0002000068857897ZV[0m  [2m[Cluster 0][0m
2026-08-09 16:59:18 [INFO]      consumiu MENOS que o habitual às 13h
2026-08-09 16:59:18 [INFO]      [2mReal:[0m 26.0 kWh   [2mHabitual:[0m 50.0 ± 5.0 kWh   [2mz:[0m -4.80   [2mdesvio:[0m -48%   [2m(2 obs. fim_semana)[0m
2026-08-09 16:59:18 [INFO] 
2026-08-09 16:59:18 [INFO]   🔴 [91m[1mPT0002000068859325FL[0m  [2m[Cluster 1][0m
2026-08-09 16:59:18 [INFO]      consumiu MAIS que o habitual às 08h
2026-08-09 16:59:18 [INFO]      [2mReal:[0m 136.0 kWh   [2mHabitual:[0m 92.0 ± 9.2 kWh   [2mz:[0m +4.78   [2mdesvio:[0m +48%   [2m(2 obs. fim_semana)[0m
2026-08-09 16:59:18 [INFO] 
2026-08-09 16:59:18 [INFO]   🔵 [94m[1mPT0002000115700602GW[0m  [2m[Cluster 0][0m
2026-08-09 16:59:18 [INFO]      consumiu MENOS que o habitual às 08h
2026-08-09 16:59:18 [INFO]      [2mReal:[0m 6.0 kWh   [2mHabitual:[0m 11.5 ± 1.1 kWh   [2mz:[0m -4.78   [2mdesvio:[0m -48%   [2m(2 obs. fim_semana)[0m
2026-08-09 16:59:18 [INFO] 
2026-08-09 16:59:18 [INFO]   🔵 [94m[1mPT0002000100113293JT[0m  [2m[Cluster 0][0m
2026-08-09 16:59:18 [INFO]      consumiu MENOS que o habitual às 07h
2026-08-09 16:59:18 [INFO]      [2mReal:[0m 73.0 kWh   [2mHabitual:[0m 139.5 ± 13.9 kWh   [2mz:[0m -4.77   [2mdesvio:[0m -48%   [2m(2 obs. fim_semana)[0m
2026-08-09 16:59:18 [INFO] 
2026-08-09 16:59:18 [INFO]   🔴 [91m[1mPT0002000201038711LS[0m  [2m[Cluster 1 (atribuido)][0m
2026-08-09 16:59:18 [INFO]      consumiu MAIS que o habitual às 00h
2026-08-09 16:59:18 [INFO]      [2mReal:[0m 47.0 kWh   [2mHabitual:[0m 23.5 ± 5.0 kWh   [2mz:[0m +4.75   [2mdesvio:[0m +100%   [2m(2 obs. fim_semana)[0m
2026-08-09 16:59:18 [INFO] 
2026-08-09 16:59:18 [INFO]   🔵 [94m[1mPT0002000068857897ZV[0m  [2m[Cluster 0][0m
2026-08-09 16:59:18 [INFO]      consumiu MENOS que o habitual às 16h
2026-08-09 16:59:18 [INFO]      [2mReal:[0m 25.0 kWh   [2mHabitual:[0m 47.5 ± 4.8 kWh   [2mz:[0m -4.74   [2mdesvio:[0m -47%   [2m(2 obs. fim_semana)[0m
2026-08-09 16:59:18 [INFO] 
2026-08-09 16:59:18 [INFO]   🔵 [94m[1mPT0002000068858231YY[0m  [2m[Cluster 0 (atribuido)][0m
2026-08-09 16:59:18 [INFO]      consumiu MENOS que o habitual às 16h
2026-08-09 16:59:18 [INFO]      [2mReal:[0m 15.0 kWh   [2mHabitual:[0m 28.5 ± 2.9 kWh   [2mz:[0m -4.74   [2mdesvio:[0m -47%   [2m(2 obs. fim_semana)[0m
2026-08-09 16:59:18 [INFO] 
2026-08-09 16:59:18 [INFO]   🔵 [94m[1mPT0002000068856974CZ[0m  [2m[Cluster 0 (atribuido)][0m
2026-08-09 16:59:18 [INFO]      consumiu MENOS que o habitual às 13h
2026-08-09 16:59:18 [INFO]      [2mReal:[0m 26.0 kWh   [2mHabitual:[0m 49.0 ± 4.9 kWh   [2mz:[0m -4.69   [2mdesvio:[0m -47%   [2m(2 obs. fim_semana)[0m
2026-08-09 16:59:18 [INFO] 
2026-08-09 16:59:18 [INFO]   🔵 [94m[1mPT0002000068859393XH[0m  [2m[Cluster 1][0m
2026-08-09 16:59:18 [INFO]      consumiu MENOS que o habitual às 14h
2026-08-09 16:59:18 [INFO]      [2mReal:[0m 43.0 kWh   [2mHabitual:[0m 112.5 ± 14.8 kWh   [2mz:[0m -4.68   [2mdesvio:[0m -62%   [2m(2 obs. fim_semana)[0m
2026-08-09 16:59:18 [INFO] 
2026-08-09 16:59:18 [INFO]   🔵 [94m[1mPT0002000120237616VJ[0m  [2m[Cluster 0][0m
2026-08-09 16:59:18 [INFO]      consumiu MENOS que o habitual às 16h
2026-08-09 16:59:18 [INFO]      [2mReal:[0m 12.0 kWh   [2mHabitual:[0m 22.5 ± 2.2 kWh   [2mz:[0m -4.67   [2mdesvio:[0m -47%   [2m(2 obs. fim_semana)[0m
2026-08-09 16:59:18 [INFO] 
2026-08-09 16:59:18 [INFO]   🔵 [94m[1mPT0002000120237616VJ[0m  [2m[Cluster 0][0m
2026-08-09 16:59:18 [INFO]      consumiu MENOS que o habitual às 18h
2026-08-09 16:59:18 [INFO]      [2mReal:[0m 12.0 kWh   [2mHabitual:[0m 22.5 ± 2.2 kWh   [2mz:[0m -4.67   [2mdesvio:[0m -47%   [2m(2 obs. fim_semana)[0m
2026-08-09 16:59:18 [INFO] 
2026-08-09 16:59:18 [INFO]   🔵 [94m[1mPT0002000068856974CZ[0m  [2m[Cluster 0 (atribuido)][0m
2026-08-09 16:59:18 [INFO]      consumiu MENOS que o habitual às 12h
2026-08-09 16:59:18 [INFO]      [2mReal:[0m 27.0 kWh   [2mHabitual:[0m 50.5 ± 5.0 kWh   [2mz:[0m -4.65   [2mdesvio:[0m -47%   [2m(2 obs. fim_semana)[0m
2026-08-09 16:59:18 [INFO] 
2026-08-09 16:59:18 [INFO]   🔵 [94m[1mPT0002000068858231YY[0m  [2m[Cluster 0 (atribuido)][0m
2026-08-09 16:59:18 [INFO]      consumiu MENOS que o habitual às 12h
2026-08-09 16:59:18 [INFO]      [2mReal:[0m 15.0 kWh   [2mHabitual:[0m 28.0 ± 2.8 kWh   [2mz:[0m -4.64   [2mdesvio:[0m -46%   [2m(2 obs. fim_semana)[0m
2026-08-09 16:59:18 [INFO] 
2026-08-09 16:59:18 [INFO]   🔴 [91m[1mPT0002000077348081AG[0m  [2m[Cluster 0 (atribuido)][0m
2026-08-09 16:59:18 [INFO]      consumiu MAIS que o habitual às 08h
2026-08-09 16:59:18 [INFO]      [2mReal:[0m 84.0 kWh   [2mHabitual:[0m 54.5 ± 6.4 kWh   [2mz:[0m +4.64   [2mdesvio:[0m +54%   [2m(2 obs. fim_semana)[0m
2026-08-09 16:59:18 [INFO] 
2026-08-09 16:59:18 [INFO]   🔵 [94m[1mPT0002000120237616VJ[0m  [2m[Cluster 0][0m
2026-08-09 16:59:18 [INFO]      consumiu MENOS que o habitual às 19h
2026-08-09 16:59:18 [INFO]      [2mReal:[0m 11.0 kWh   [2mHabitual:[0m 20.5 ± 2.0 kWh   [2mz:[0m -4.63   [2mdesvio:[0m -46%   [2m(2 obs. fim_semana)[0m
2026-08-09 16:59:18 [INFO] 
2026-08-09 16:59:18 [INFO]   🔵 [94m[1mPT0002000068856974CZ[0m  [2m[Cluster 0 (atribuido)][0m
2026-08-09 16:59:18 [INFO]      consumiu MENOS que o habitual às 10h
2026-08-09 16:59:18 [INFO]      [2mReal:[0m 25.0 kWh   [2mHabitual:[0m 46.5 ± 4.7 kWh   [2mz:[0m -4.62   [2mdesvio:[0m -46%   [2m(2 obs. fim_semana)[0m
2026-08-09 16:59:18 [INFO] 
2026-08-09 16:59:18 [INFO]   🔴 [91m[1mPT0002000068859597LS[0m  [2m[Cluster 0][0m
2026-08-09 16:59:18 [INFO]      consumiu MAIS que o habitual às 18h
2026-08-09 16:59:18 [INFO]      [2mReal:[0m 46.0 kWh   [2mHabitual:[0m 31.5 ± 3.1 kWh   [2mz:[0m +4.60   [2mdesvio:[0m +46%   [2m(2 obs. fim_semana)[0m
2026-08-09 16:59:18 [INFO] 
2026-08-09 16:59:18 [INFO]   🔵 [94m[1mPT0002000068855003AK[0m  [2m[Cluster 0 (atribuido)][0m
2026-08-09 16:59:18 [INFO]      consumiu MENOS que o habitual às 07h
2026-08-09 16:59:18 [INFO]      [2mReal:[0m 6.0 kWh   [2mHabitual:[0m 11.0 ± 1.1 kWh   [2mz:[0m -4.55   [2mdesvio:[0m -45%   [2m(2 obs. fim_semana)[0m
2026-08-09 16:59:18 [INFO] 
2026-08-09 16:59:18 [INFO]   🔵 [94m[1mPT0002000068856267NC[0m  [2m[Cluster 0 (atribuido)][0m
2026-08-09 16:59:18 [INFO]      consumiu MENOS que o habitual às 10h
2026-08-09 16:59:18 [INFO]      [2mReal:[0m 15.0 kWh   [2mHabitual:[0m 27.5 ± 2.8 kWh   [2mz:[0m -4.55   [2mdesvio:[0m -45%   [2m(2 obs. fim_semana)[0m
2026-08-09 16:59:18 [INFO] 
2026-08-09 16:59:18 [INFO]   🔵 [94m[1mPT0002000068858231YY[0m  [2m[Cluster 0 (atribuido)][0m
2026-08-09 16:59:18 [INFO]      consumiu MENOS que o habitual às 11h
2026-08-09 16:59:18 [INFO]      [2mReal:[0m 15.0 kWh   [2mHabitual:[0m 27.5 ± 2.8 kWh   [2mz:[0m -4.55   [2mdesvio:[0m -45%   [2m(2 obs. fim_semana)[0m
2026-08-09 16:59:18 [INFO] 
2026-08-09 16:59:18 [INFO]   🔵 [94m[1mPT0002000068855003AK[0m  [2m[Cluster 0 (atribuido)][0m
2026-08-09 16:59:18 [INFO]      consumiu MENOS que o habitual às 08h
2026-08-09 16:59:18 [INFO]      [2mReal:[0m 7.0 kWh   [2mHabitual:[0m 16.5 ± 2.1 kWh   [2mz:[0m -4.48   [2mdesvio:[0m -58%   [2m(2 obs. fim_semana)[0m
2026-08-09 16:59:18 [INFO] 
2026-08-09 16:59:18 [INFO]   🔵 [94m[1mPT0002000068859393XH[0m  [2m[Cluster 1][0m
2026-08-09 16:59:18 [INFO]      consumiu MENOS que o habitual às 15h
2026-08-09 16:59:18 [INFO]      [2mReal:[0m 42.0 kWh   [2mHabitual:[0m 114.5 ± 16.3 kWh   [2mz:[0m -4.46   [2mdesvio:[0m -63%   [2m(2 obs. fim_semana)[0m
2026-08-09 16:59:18 [INFO] 
2026-08-09 16:59:18 [INFO]   🔵 [94m[1mPT0002000068857897ZV[0m  [2m[Cluster 0][0m
2026-08-09 16:59:18 [INFO]      consumiu MENOS que o habitual às 14h
2026-08-09 16:59:18 [INFO]      [2mReal:[0m 26.0 kWh   [2mHabitual:[0m 51.0 ± 5.7 kWh   [2mz:[0m -4.42   [2mdesvio:[0m -49%   [2m(2 obs. fim_semana)[0m
2026-08-09 16:59:18 [INFO] 
2026-08-09 16:59:18 [INFO]   🔵 [94m[1mPT0002000068859597LS[0m  [2m[Cluster 0][0m
2026-08-09 16:59:18 [INFO]      consumiu MENOS que o habitual às 10h
2026-08-09 16:59:18 [INFO]      [2mReal:[0m 26.0 kWh   [2mHabitual:[0m 46.5 ± 4.7 kWh   [2mz:[0m -4.41   [2mdesvio:[0m -44%   [2m(2 obs. fim_semana)[0m
2026-08-09 16:59:18 [INFO] 
2026-08-09 16:59:18 [INFO]   🔵 [94m[1mPT0002000068856267NC[0m  [2m[Cluster 0 (atribuido)][0m
2026-08-09 16:59:18 [INFO]      consumiu MENOS que o habitual às 09h
2026-08-09 16:59:18 [INFO]      [2mReal:[0m 16.0 kWh   [2mHabitual:[0m 28.5 ± 2.9 kWh   [2mz:[0m -4.39   [2mdesvio:[0m -44%   [2m(2 obs. fim_semana)[0m
2026-08-09 16:59:18 [INFO] 
2026-08-09 16:59:18 [INFO]   🔵 [94m[1mPT0002000068859393XH[0m  [2m[Cluster 1][0m
2026-08-09 16:59:18 [INFO]      consumiu MENOS que o habitual às 20h
2026-08-09 16:59:18 [INFO]      [2mReal:[0m 49.0 kWh   [2mHabitual:[0m 95.5 ± 10.6 kWh   [2mz:[0m -4.38   [2mdesvio:[0m -49%   [2m(2 obs. fim_semana)[0m
2026-08-09 16:59:18 [INFO] 
2026-08-09 16:59:18 [INFO]   🔵 [94m[1mPT0002000100113293JT[0m  [2m[Cluster 0][0m
2026-08-09 16:59:18 [INFO]      consumiu MENOS que o habitual às 06h
2026-08-09 16:59:18 [INFO]      [2mReal:[0m 85.0 kWh   [2mHabitual:[0m 151.0 ± 15.1 kWh   [2mz:[0m -4.37   [2mdesvio:[0m -44%   [2m(2 obs. fim_semana)[0m
2026-08-09 16:59:18 [INFO] 
2026-08-09 16:59:18 [INFO]   🔵 [94m[1mPT0002000100113293JT[0m  [2m[Cluster 0][0m
2026-08-09 16:59:18 [INFO]      consumiu MENOS que o habitual às 02h
2026-08-09 16:59:18 [INFO]      [2mReal:[0m 85.0 kWh   [2mHabitual:[0m 150.5 ± 15.1 kWh   [2mz:[0m -4.35   [2mdesvio:[0m -44%   [2m(2 obs. fim_semana)[0m
2026-08-09 16:59:18 [INFO] 
2026-08-09 16:59:18 [INFO]   🔵 [94m[1mPT0002000100113293JT[0m  [2m[Cluster 0][0m
2026-08-09 16:59:18 [INFO]      consumiu MENOS que o habitual às 03h
2026-08-09 16:59:18 [INFO]      [2mReal:[0m 86.0 kWh   [2mHabitual:[0m 151.0 ± 15.1 kWh   [2mz:[0m -4.30   [2mdesvio:[0m -43%   [2m(2 obs. fim_semana)[0m
2026-08-09 16:59:18 [INFO] 
2026-08-09 16:59:18 [INFO]   🔵 [94m[1mPT0002000100113293JT[0m  [2m[Cluster 0][0m
2026-08-09 16:59:18 [INFO]      consumiu MENOS que o habitual às 04h
2026-08-09 16:59:18 [INFO]      [2mReal:[0m 86.0 kWh   [2mHabitual:[0m 151.0 ± 15.1 kWh   [2mz:[0m -4.30   [2mdesvio:[0m -43%   [2m(2 obs. fim_semana)[0m
2026-08-09 16:59:18 [INFO] 
2026-08-09 16:59:18 [INFO]   🔵 [94m[1mPT0002000068858231YY[0m  [2m[Cluster 0 (atribuido)][0m
2026-08-09 16:59:18 [INFO]      consumiu MENOS que o habitual às 15h
2026-08-09 16:59:18 [INFO]      [2mReal:[0m 16.0 kWh   [2mHabitual:[0m 28.0 ± 2.8 kWh   [2mz:[0m -4.29   [2mdesvio:[0m -43%   [2m(2 obs. fim_semana)[0m
2026-08-09 16:59:18 [INFO] 
2026-08-09 16:59:18 [INFO]   🔵 [94m[1mPT0002000100113293JT[0m  [2m[Cluster 0][0m
2026-08-09 16:59:18 [INFO]      consumiu MENOS que o habitual às 01h
2026-08-09 16:59:18 [INFO]      [2mReal:[0m 86.0 kWh   [2mHabitual:[0m 150.0 ± 15.0 kWh   [2mz:[0m -4.27   [2mdesvio:[0m -43%   [2m(2 obs. fim_semana)[0m
2026-08-09 16:59:18 [INFO] 
2026-08-09 16:59:18 [INFO]   🔵 [94m[1mPT0002000100113293JT[0m  [2m[Cluster 0][0m
2026-08-09 16:59:18 [INFO]      consumiu MENOS que o habitual às 00h
2026-08-09 16:59:18 [INFO]      [2mReal:[0m 86.0 kWh   [2mHabitual:[0m 149.5 ± 14.9 kWh   [2mz:[0m -4.25   [2mdesvio:[0m -42%   [2m(2 obs. fim_semana)[0m
2026-08-09 16:59:18 [INFO] 
2026-08-09 16:59:18 [INFO]   🔵 [94m[1mPT0002000100113293JT[0m  [2m[Cluster 0][0m
2026-08-09 16:59:18 [INFO]      consumiu MENOS que o habitual às 05h
2026-08-09 16:59:18 [INFO]      [2mReal:[0m 86.0 kWh   [2mHabitual:[0m 149.5 ± 14.9 kWh   [2mz:[0m -4.25   [2mdesvio:[0m -42%   [2m(2 obs. fim_semana)[0m
2026-08-09 16:59:18 [INFO] 
2026-08-09 16:59:18 [INFO]   🔵 [94m[1mPT0002000068856655YV[0m  [2m[Cluster 0][0m
2026-08-09 16:59:18 [INFO]      consumiu MENOS que o habitual às 16h
2026-08-09 16:59:18 [INFO]      [2mReal:[0m 2.0 kWh   [2mHabitual:[0m 8.0 ± 1.4 kWh   [2mz:[0m -4.24   [2mdesvio:[0m -75%   [2m(2 obs. fim_semana)[0m
2026-08-09 16:59:18 [INFO] 
2026-08-09 16:59:18 [INFO]   🔵 [94m[1mPT0002000068857897ZV[0m  [2m[Cluster 0][0m
2026-08-09 16:59:18 [INFO]      consumiu MENOS que o habitual às 12h
2026-08-09 16:59:18 [INFO]      [2mReal:[0m 24.0 kWh   [2mHabitual:[0m 48.0 ± 5.7 kWh   [2mz:[0m -4.24   [2mdesvio:[0m -50%   [2m(2 obs. fim_semana)[0m
2026-08-09 16:59:18 [INFO] 
2026-08-09 16:59:18 [INFO]   🔵 [94m[1mPT0002000081344542CP[0m  [2m[Cluster 1][0m
2026-08-09 16:59:18 [INFO]      consumiu MENOS que o habitual às 18h
2026-08-09 16:59:18 [INFO]      [2mReal:[0m 1.0 kWh   [2mHabitual:[0m 7.0 ± 1.4 kWh   [2mz:[0m -4.24   [2mdesvio:[0m -86%   [2m(2 obs. fim_semana)[0m
2026-08-09 16:59:18 [INFO] 
2026-08-09 16:59:18 [INFO]   🔵 [94m[1mPT0002000110607652SB[0m  [2m[Cluster 0][0m
2026-08-09 16:59:18 [INFO]      consumiu MENOS que o habitual às 07h
2026-08-09 16:59:18 [INFO]      [2mReal:[0m 12.0 kWh   [2mHabitual:[0m 36.0 ± 5.7 kWh   [2mz:[0m -4.24   [2mdesvio:[0m -67%   [2m(2 obs. fim_semana)[0m
2026-08-09 16:59:18 [INFO] 
2026-08-09 16:59:18 [INFO]   🔵 [94m[1mPT0002000115700602GW[0m  [2m[Cluster 0][0m
2026-08-09 16:59:18 [INFO]      consumiu MENOS que o habitual às 09h
2026-08-09 16:59:18 [INFO]      [2mReal:[0m 7.0 kWh   [2mHabitual:[0m 13.0 ± 1.4 kWh   [2mz:[0m -4.24   [2mdesvio:[0m -46%   [2m(2 obs. fim_semana)[0m
2026-08-09 16:59:18 [INFO] 
2026-08-09 16:59:18 [INFO]   🔵 [94m[1mPT0002000068856267NC[0m  [2m[Cluster 0 (atribuido)][0m
2026-08-09 16:59:18 [INFO]      consumiu MENOS que o habitual às 12h
2026-08-09 16:59:18 [INFO]      [2mReal:[0m 15.0 kWh   [2mHabitual:[0m 26.0 ± 2.6 kWh   [2mz:[0m -4.23   [2mdesvio:[0m -42%   [2m(2 obs. fim_semana)[0m
2026-08-09 16:59:18 [INFO] 
2026-08-09 16:59:18 [INFO]   🔵 [94m[1mPT0002000068856974CZ[0m  [2m[Cluster 0 (atribuido)][0m
2026-08-09 16:59:18 [INFO]      consumiu MENOS que o habitual às 11h
2026-08-09 16:59:18 [INFO]      [2mReal:[0m 27.0 kWh   [2mHabitual:[0m 46.0 ± 4.6 kWh   [2mz:[0m -4.13   [2mdesvio:[0m -41%   [2m(2 obs. fim_semana)[0m
2026-08-09 16:59:18 [INFO] 
2026-08-09 16:59:18 [INFO]   🔵 [94m[1mPT0002000106102375RC[0m  [2m[Cluster 0 (atribuido)][0m
2026-08-09 16:59:18 [INFO]      consumiu MENOS que o habitual às 11h
2026-08-09 16:59:18 [INFO]      [2mReal:[0m 43.0 kWh   [2mHabitual:[0m 72.0 ± 7.2 kWh   [2mz:[0m -4.03   [2mdesvio:[0m -40%   [2m(2 obs. fim_semana)[0m
2026-08-09 16:59:18 [INFO] 
2026-08-09 16:59:18 [INFO]   🔵 [94m[1mPT0002000125379984SH[0m  [2m[Cluster 1][0m
2026-08-09 16:59:18 [INFO]      consumiu MENOS que o habitual às 15h
2026-08-09 16:59:18 [INFO]      [2mReal:[0m 4.0 kWh   [2mHabitual:[0m 12.5 ± 2.1 kWh   [2mz:[0m -4.01   [2mdesvio:[0m -68%   [2m(2 obs. fim_semana)[0m
2026-08-09 16:59:18 [INFO] 
2026-08-09 16:59:18 [INFO]   🔵 [94m[1mPT0002000112989585PH[0m  [2m[Cluster 0][0m
2026-08-09 16:59:18 [INFO]      consumiu MENOS que o habitual às 10h
2026-08-09 16:59:18 [INFO]      [2mReal:[0m 17.0 kWh   [2mHabitual:[0m 28.0 ± 2.8 kWh   [2mz:[0m -3.93   [2mdesvio:[0m -39%   [2m(2 obs. fim_semana)[0m
2026-08-09 16:59:18 [INFO] 
2026-08-09 16:59:18 [INFO]   🔵 [94m[1mPT0002000068859393XH[0m  [2m[Cluster 1][0m
2026-08-09 16:59:18 [INFO]      consumiu MENOS que o habitual às 16h
2026-08-09 16:59:18 [INFO]      [2mReal:[0m 43.0 kWh   [2mHabitual:[0m 106.5 ± 16.3 kWh   [2mz:[0m -3.90   [2mdesvio:[0m -60%   [2m(2 obs. fim_semana)[0m
2026-08-09 16:59:18 [INFO] 
2026-08-09 16:59:18 [INFO]   🔴 [91m[1mPT0002000107172384HT[0m  [2m[Cluster 1][0m
2026-08-09 16:59:18 [INFO]      consumiu MAIS que o habitual às 00h
2026-08-09 16:59:18 [INFO]      [2mReal:[0m 36.0 kWh   [2mHabitual:[0m 25.0 ± 2.8 kWh   [2mz:[0m +3.89   [2mdesvio:[0m +44%   [2m(2 obs. fim_semana)[0m
2026-08-09 16:59:18 [INFO] 
2026-08-09 16:59:18 [INFO]   🔵 [94m[1mPT0002000111572054VT[0m  [2m[Cluster 0 (atribuido)][0m
2026-08-09 16:59:18 [INFO]      consumiu MENOS que o habitual às 07h
2026-08-09 16:59:18 [INFO]      [2mReal:[0m 11.0 kWh   [2mHabitual:[0m 18.0 ± 1.8 kWh   [2mz:[0m -3.89   [2mdesvio:[0m -39%   [2m(2 obs. fim_semana)[0m
2026-08-09 16:59:18 [INFO] 
2026-08-09 16:59:18 [INFO]   🔵 [94m[1mPT0002000120237616VJ[0m  [2m[Cluster 0][0m
2026-08-09 16:59:18 [INFO]      consumiu MENOS que o habitual às 20h
2026-08-09 16:59:18 [INFO]      [2mReal:[0m 11.0 kWh   [2mHabitual:[0m 18.0 ± 1.8 kWh   [2mz:[0m -3.89   [2mdesvio:[0m -39%   [2m(2 obs. fim_semana)[0m
2026-08-09 16:59:18 [INFO] 
2026-08-09 16:59:18 [INFO]   🔵 [94m[1mPT0002000068856267NC[0m  [2m[Cluster 0 (atribuido)][0m
2026-08-09 16:59:18 [INFO]      consumiu MENOS que o habitual às 08h
2026-08-09 16:59:18 [INFO]      [2mReal:[0m 15.0 kWh   [2mHabitual:[0m 24.5 ± 2.5 kWh   [2mz:[0m -3.88   [2mdesvio:[0m -39%   [2m(2 obs. fim_semana)[0m
2026-08-09 16:59:18 [INFO] 
2026-08-09 16:59:18 [INFO]   🔵 [94m[1mPT0002000120237616VJ[0m  [2m[Cluster 0][0m
2026-08-09 16:59:18 [INFO]      consumiu MENOS que o habitual às 22h
2026-08-09 16:59:18 [INFO]      [2mReal:[0m 10.0 kWh   [2mHabitual:[0m 16.3 ± 1.6 kWh   [2mz:[0m -3.88   [2mdesvio:[0m -39%   [2m(3 obs. fim_semana)[0m
2026-08-09 16:59:18 [INFO] 
2026-08-09 16:59:18 [INFO]   🔵 [94m[1mPT0002000068856974CZ[0m  [2m[Cluster 0 (atribuido)][0m
2026-08-09 16:59:18 [INFO]      consumiu MENOS que o habitual às 09h
2026-08-09 16:59:18 [INFO]      [2mReal:[0m 27.0 kWh   [2mHabitual:[0m 44.0 ± 4.4 kWh   [2mz:[0m -3.86   [2mdesvio:[0m -39%   [2m(2 obs. fim_semana)[0m
2026-08-09 16:59:18 [INFO] 
2026-08-09 16:59:18 [INFO]   🔵 [94m[1mPT0002000073481266XH[0m  [2m[Cluster 0][0m
2026-08-09 16:59:18 [INFO]      consumiu MENOS que o habitual às 14h
2026-08-09 16:59:18 [INFO]      [2mReal:[0m 5.0 kWh   [2mHabitual:[0m 29.5 ± 6.4 kWh   [2mz:[0m -3.85   [2mdesvio:[0m -83%   [2m(2 obs. fim_semana)[0m
2026-08-09 16:59:18 [INFO] 
2026-08-09 16:59:18 [INFO]   🔵 [94m[1mPT0002000101964938LF[0m  [2m[Cluster 0][0m
2026-08-09 16:59:18 [INFO]      consumiu MENOS que o habitual às 19h
2026-08-09 16:59:18 [INFO]      [2mReal:[0m 9.0 kWh   [2mHabitual:[0m 47.0 ± 9.9 kWh   [2mz:[0m -3.84   [2mdesvio:[0m -81%   [2m(2 obs. fim_semana)[0m
2026-08-09 16:59:18 [INFO] 
2026-08-09 16:59:18 [INFO]   🔵 [94m[1mPT0002000078233981HJ[0m  [2m[Cluster 1][0m
2026-08-09 16:59:18 [INFO]      consumiu MENOS que o habitual às 17h
2026-08-09 16:59:18 [INFO]      [2mReal:[0m 2.0 kWh   [2mHabitual:[0m 15.5 ± 3.5 kWh   [2mz:[0m -3.82   [2mdesvio:[0m -87%   [2m(2 obs. fim_semana)[0m
2026-08-09 16:59:18 [INFO] 
2026-08-09 16:59:18 [INFO]   🔵 [94m[1mPT0002000068858231YY[0m  [2m[Cluster 0 (atribuido)][0m
2026-08-09 16:59:18 [INFO]      consumiu MENOS que o habitual às 14h
2026-08-09 16:59:18 [INFO]      [2mReal:[0m 18.0 kWh   [2mHabitual:[0m 29.0 ± 2.9 kWh   [2mz:[0m -3.79   [2mdesvio:[0m -38%   [2m(2 obs. fim_semana)[0m
2026-08-09 16:59:18 [INFO] 
2026-08-09 16:59:18 [INFO]   🔵 [94m[1mPT0002000115031201VQ[0m  [2m[Cluster 0][0m
2026-08-09 16:59:18 [INFO]      consumiu MENOS que o habitual às 19h
2026-08-09 16:59:18 [INFO]      [2mReal:[0m 5.0 kWh   [2mHabitual:[0m 8.0 ± 0.8 kWh   [2mz:[0m -3.75   [2mdesvio:[0m -38%   [2m(2 obs. fim_semana)[0m
2026-08-09 16:59:18 [INFO] 
2026-08-09 16:59:18 [INFO]   🔵 [94m[1mPT0002000068859325FL[0m  [2m[Cluster 1][0m
2026-08-09 16:59:18 [INFO]      consumiu MENOS que o habitual às 17h
2026-08-09 16:59:18 [INFO]      [2mReal:[0m 72.0 kWh   [2mHabitual:[0m 146.0 ± 19.8 kWh   [2mz:[0m -3.74   [2mdesvio:[0m -51%   [2m(2 obs. fim_semana)[0m
2026-08-09 16:59:18 [INFO] 
2026-08-09 16:59:18 [INFO]   🔵 [94m[1mPT0002000068858231YY[0m  [2m[Cluster 0 (atribuido)][0m
2026-08-09 16:59:18 [INFO]      consumiu MENOS que o habitual às 13h
2026-08-09 16:59:18 [INFO]      [2mReal:[0m 16.0 kWh   [2mHabitual:[0m 25.5 ± 2.5 kWh   [2mz:[0m -3.73   [2mdesvio:[0m -37%   [2m(2 obs. fim_semana)[0m
2026-08-09 16:59:18 [INFO] 
2026-08-09 16:59:18 [INFO]   🔵 [94m[1mPT0002000068859187RL[0m  [2m[Cluster 0][0m
2026-08-09 16:59:18 [INFO]      consumiu MENOS que o habitual às 10h
2026-08-09 16:59:18 [INFO]      [2mReal:[0m 10.0 kWh   [2mHabitual:[0m 52.0 ± 11.3 kWh   [2mz:[0m -3.71   [2mdesvio:[0m -81%   [2m(2 obs. fim_semana)[0m
2026-08-09 16:59:18 [INFO] 
2026-08-09 16:59:18 [INFO]   🔵 [94m[1mPT0002000068856267NC[0m  [2m[Cluster 0 (atribuido)][0m
2026-08-09 16:59:18 [INFO]      consumiu MENOS que o habitual às 11h
2026-08-09 16:59:18 [INFO]      [2mReal:[0m 17.0 kWh   [2mHabitual:[0m 27.0 ± 2.7 kWh   [2mz:[0m -3.70   [2mdesvio:[0m -37%   [2m(2 obs. fim_semana)[0m
2026-08-09 16:59:18 [INFO] 
2026-08-09 16:59:18 [INFO]   🔵 [94m[1mPT0002000033074862LZ[0m  [2m[Cluster 0][0m
2026-08-09 16:59:18 [INFO]      consumiu MENOS que o habitual às 15h
2026-08-09 16:59:18 [INFO]      [2mReal:[0m 6.0 kWh   [2mHabitual:[0m 9.5 ± 0.9 kWh   [2mz:[0m -3.68   [2mdesvio:[0m -37%   [2m(2 obs. fim_semana)[0m
2026-08-09 16:59:18 [INFO] 
2026-08-09 16:59:18 [INFO]   🔵 [94m[1mPT0002000068857897ZV[0m  [2m[Cluster 0][0m
2026-08-09 16:59:18 [INFO]      consumiu MENOS que o habitual às 09h
2026-08-09 16:59:18 [INFO]      [2mReal:[0m 28.0 kWh   [2mHabitual:[0m 56.5 ± 7.8 kWh   [2mz:[0m -3.66   [2mdesvio:[0m -50%   [2m(2 obs. fim_semana)[0m
2026-08-09 16:59:18 [INFO] 
2026-08-09 16:59:18 [INFO]   🔵 [94m[1mPT0002000106102375RC[0m  [2m[Cluster 0 (atribuido)][0m
2026-08-09 16:59:18 [INFO]      consumiu MENOS que o habitual às 12h
2026-08-09 16:59:18 [INFO]      [2mReal:[0m 48.0 kWh   [2mHabitual:[0m 75.5 ± 7.5 kWh   [2mz:[0m -3.64   [2mdesvio:[0m -36%   [2m(2 obs. fim_semana)[0m
2026-08-09 16:59:18 [INFO] 
2026-08-09 16:59:18 [INFO]   🔵 [94m[1mPT0002000068858231YY[0m  [2m[Cluster 0 (atribuido)][0m
2026-08-09 16:59:18 [INFO]      consumiu MENOS que o habitual às 08h
2026-08-09 16:59:18 [INFO]      [2mReal:[0m 15.0 kWh   [2mHabitual:[0m 23.5 ± 2.4 kWh   [2mz:[0m -3.62   [2mdesvio:[0m -36%   [2m(2 obs. fim_semana)[0m
2026-08-09 16:59:18 [INFO] 
2026-08-09 16:59:18 [INFO]   🔵 [94m[1mPT0002000068859187RL[0m  [2m[Cluster 0][0m
2026-08-09 16:59:18 [INFO]      consumiu MENOS que o habitual às 09h
2026-08-09 16:59:18 [INFO]      [2mReal:[0m 10.0 kWh   [2mHabitual:[0m 51.0 ± 11.3 kWh   [2mz:[0m -3.62   [2mdesvio:[0m -80%   [2m(2 obs. fim_semana)[0m
2026-08-09 16:59:18 [INFO] 
2026-08-09 16:59:18 [INFO]   🔵 [94m[1mPT0002000106102375RC[0m  [2m[Cluster 0 (atribuido)][0m
2026-08-09 16:59:18 [INFO]      consumiu MENOS que o habitual às 10h
2026-08-09 16:59:18 [INFO]      [2mReal:[0m 45.0 kWh   [2mHabitual:[0m 70.5 ± 7.0 kWh   [2mz:[0m -3.62   [2mdesvio:[0m -36%   [2m(2 obs. fim_semana)[0m
2026-08-09 16:59:18 [INFO] 
2026-08-09 16:59:18 [INFO]   🔵 [94m[1mPT0002000125701614SQ[0m  [2m[Cluster 1 (atribuido)][0m
2026-08-09 16:59:18 [INFO]      consumiu MENOS que o habitual às 16h
2026-08-09 16:59:18 [INFO]      [2mReal:[0m 22.0 kWh   [2mHabitual:[0m 34.5 ± 3.5 kWh   [2mz:[0m -3.62   [2mdesvio:[0m -36%   [2m(2 obs. fim_semana)[0m
2026-08-09 16:59:18 [INFO] 
2026-08-09 16:59:18 [INFO]   🔵 [94m[1mPT0002000115673471CB[0m  [2m[Cluster 0][0m
2026-08-09 16:59:18 [INFO]      consumiu MENOS que o habitual às 07h
2026-08-09 16:59:18 [INFO]      [2mReal:[0m 8.0 kWh   [2mHabitual:[0m 12.5 ± 1.2 kWh   [2mz:[0m -3.60   [2mdesvio:[0m -36%   [2m(2 obs. fim_semana)[0m
2026-08-09 16:59:18 [INFO] 
2026-08-09 16:59:18 [INFO]   🔵 [94m[1mPT0002000106102375RC[0m  [2m[Cluster 0 (atribuido)][0m
2026-08-09 16:59:18 [INFO]      consumiu MENOS que o habitual às 09h
2026-08-09 16:59:18 [INFO]      [2mReal:[0m 44.0 kWh   [2mHabitual:[0m 68.5 ± 6.8 kWh   [2mz:[0m -3.58   [2mdesvio:[0m -36%   [2m(2 obs. fim_semana)[0m
2026-08-09 16:59:18 [INFO] 
2026-08-09 16:59:18 [INFO]   🔵 [94m[1mPT0002000068859597LS[0m  [2m[Cluster 0][0m
2026-08-09 16:59:18 [INFO]      consumiu MENOS que o habitual às 09h
2026-08-09 16:59:18 [INFO]      [2mReal:[0m 27.0 kWh   [2mHabitual:[0m 42.0 ± 4.2 kWh   [2mz:[0m -3.57   [2mdesvio:[0m -36%   [2m(2 obs. fim_semana)[0m
2026-08-09 16:59:18 [INFO] 
2026-08-09 16:59:18 [INFO]   🔵 [94m[1mPT0002000201038711LS[0m  [2m[Cluster 1 (atribuido)][0m
2026-08-09 16:59:18 [INFO]      consumiu MENOS que o habitual às 22h
2026-08-09 16:59:18 [INFO]      [2mReal:[0m 1.0 kWh   [2mHabitual:[0m 63.7 ± 17.6 kWh   [2mz:[0m -3.56   [2mdesvio:[0m -98%   [2m(3 obs. fim_semana)[0m
2026-08-09 16:59:18 [INFO] 
2026-08-09 16:59:18 [INFO]   🔵 [94m[1mPT0002000068856655YV[0m  [2m[Cluster 0][0m
2026-08-09 16:59:18 [INFO]      consumiu MENOS que o habitual às 08h
2026-08-09 16:59:18 [INFO]      [2mReal:[0m 2.0 kWh   [2mHabitual:[0m 4.5 ± 0.7 kWh   [2mz:[0m -3.54   [2mdesvio:[0m -56%   [2m(2 obs. fim_semana)[0m
2026-08-09 16:59:18 [INFO] 
2026-08-09 16:59:18 [INFO]   🔴 [91m[1mPT0002000068856872QG[0m  [2m[Cluster 1][0m
2026-08-09 16:59:18 [INFO]      consumiu MAIS que o habitual às 08h
2026-08-09 16:59:18 [INFO]      [2mReal:[0m 3.0 kWh   [2mHabitual:[0m 0.5 ± 0.7 kWh   [2mz:[0m +3.54   [2mdesvio:[0m +500%   [2m(2 obs. fim_semana)[0m
2026-08-09 16:59:18 [INFO] 
2026-08-09 16:59:18 [INFO]   🔵 [94m[1mPT0002000068856974CZ[0m  [2m[Cluster 0 (atribuido)][0m
2026-08-09 16:59:18 [INFO]      consumiu MENOS que o habitual às 17h
2026-08-09 16:59:18 [INFO]      [2mReal:[0m 12.0 kWh   [2mHabitual:[0m 39.5 ± 7.8 kWh   [2mz:[0m -3.54   [2mdesvio:[0m -70%   [2m(2 obs. fim_semana)[0m
2026-08-09 16:59:18 [INFO] 
2026-08-09 16:59:18 [INFO]   🔵 [94m[1mPT0002000068856974CZ[0m  [2m[Cluster 0 (atribuido)][0m
2026-08-09 16:59:18 [INFO]      consumiu MENOS que o habitual às 18h
2026-08-09 16:59:18 [INFO]      [2mReal:[0m 10.0 kWh   [2mHabitual:[0m 32.5 ± 6.4 kWh   [2mz:[0m -3.54   [2mdesvio:[0m -69%   [2m(2 obs. fim_semana)[0m
2026-08-09 16:59:18 [INFO] 
2026-08-09 16:59:18 [INFO]   🔵 [94m[1mPT0002000068857909SY[0m  [2m[Cluster 1][0m
2026-08-09 16:59:18 [INFO]      consumiu MENOS que o habitual às 16h
2026-08-09 16:59:18 [INFO]      [2mReal:[0m 1.0 kWh   [2mHabitual:[0m 6.0 ± 1.4 kWh   [2mz:[0m -3.54   [2mdesvio:[0m -83%   [2m(2 obs. fim_semana)[0m
2026-08-09 16:59:18 [INFO] 
2026-08-09 16:59:18 [INFO]   🔵 [94m[1mPT0002000068858231YY[0m  [2m[Cluster 0 (atribuido)][0m
2026-08-09 16:59:18 [INFO]      consumiu MENOS que o habitual às 10h
2026-08-09 16:59:18 [INFO]      [2mReal:[0m 16.0 kWh   [2mHabitual:[0m 33.5 ± 5.0 kWh   [2mz:[0m -3.54   [2mdesvio:[0m -52%   [2m(2 obs. fim_semana)[0m
2026-08-09 16:59:18 [INFO] 
2026-08-09 16:59:18 [INFO]   🔵 [94m[1mPT0002000078233981HJ[0m  [2m[Cluster 1][0m
2026-08-09 16:59:18 [INFO]      consumiu MENOS que o habitual às 11h
2026-08-09 16:59:18 [INFO]      [2mReal:[0m 1.0 kWh   [2mHabitual:[0m 3.5 ± 0.7 kWh   [2mz:[0m -3.54   [2mdesvio:[0m -71%   [2m(2 obs. fim_semana)[0m
2026-08-09 16:59:18 [INFO] 
2026-08-09 16:59:18 [INFO]   🔵 [94m[1mPT0002000078233981HJ[0m  [2m[Cluster 1][0m
2026-08-09 16:59:18 [INFO]      consumiu MENOS que o habitual às 14h
2026-08-09 16:59:18 [INFO]      [2mReal:[0m 1.0 kWh   [2mHabitual:[0m 3.5 ± 0.7 kWh   [2mz:[0m -3.54   [2mdesvio:[0m -71%   [2m(2 obs. fim_semana)[0m
2026-08-09 16:59:18 [INFO] 
2026-08-09 16:59:18 [INFO]   🔵 [94m[1mPT0002000111572054VT[0m  [2m[Cluster 0 (atribuido)][0m
2026-08-09 16:59:18 [INFO]      consumiu MENOS que o habitual às 19h
2026-08-09 16:59:18 [INFO]      [2mReal:[0m 9.0 kWh   [2mHabitual:[0m 29.0 ± 5.7 kWh   [2mz:[0m -3.54   [2mdesvio:[0m -69%   [2m(2 obs. fim_semana)[0m
2026-08-09 16:59:18 [INFO] 
2026-08-09 16:59:18 [INFO]   🔵 [94m[1mPT0002000125379984SH[0m  [2m[Cluster 1][0m
2026-08-09 16:59:18 [INFO]      consumiu MENOS que o habitual às 16h
2026-08-09 16:59:18 [INFO]      [2mReal:[0m 3.0 kWh   [2mHabitual:[0m 13.0 ± 2.8 kWh   [2mz:[0m -3.54   [2mdesvio:[0m -77%   [2m(2 obs. fim_semana)[0m
2026-08-09 16:59:18 [INFO] 
2026-08-09 16:59:18 [INFO]   [2mCSV:[0m /home/runner/work/ts-anomaly-detection-dissertation/ts-anomaly-detection-dissertation/results/energia/realtime/alerts/analise_energia_2026-08-08.csv
2026-08-09 16:59:18 [INFO] 
2026-08-09 16:59:18 [INFO] [96m→ A prever consumo de 2026-08-09 para 276 CPEs...[0m
2026-08-09 16:59:22 [INFO] [1m══════════════════════════════════════════════════════════════════════[0m
2026-08-09 16:59:22 [INFO] [1m  PREDIÇÃO — 2026-08-09 [0m[2m(fim semana)[0m
2026-08-09 16:59:22 [INFO] [1m══════════════════════════════════════════════════════════════════════[0m
2026-08-09 16:59:22 [INFO]   [95m● CPEs previstos[0m          69 [2m(alta: 0, baixa: 1656)[0m
2026-08-09 16:59:22 [INFO]   [95m● Consumo total previsto[0m 83821.3 kWh [2m(±17477.9)[0m
2026-08-09 16:59:22 [INFO] 
2026-08-09 16:59:22 [INFO]   [2mPrevisão guardada:[0m /home/runner/work/ts-anomaly-detection-dissertation/ts-anomaly-detection-dissertation/results/energia/realtime/predictions/previsao_energia_2026-08-09.csv
2026-08-09 16:59:22 [INFO] 
2026-08-09 16:59:22 [INFO] [1m══════════════════════════════════════════════════════════════════════[0m
2026-08-09 16:59:22 [INFO] [1m  VALIDAÇÃO — qualidade das previsões anteriores[0m
2026-08-09 16:59:22 [INFO] [1m══════════════════════════════════════════════════════════════════════[0m
2026-08-09 16:59:22 [INFO]   [2mDias validados:[0m 4   [2mpendentes:[0m 55
2026-08-09 16:59:22 [INFO]   [2mÚltimo (2026-08-08):[0m MAE 12.73 kWh   RMSE 38.49   em ±1σ 57% [2m(esperado ~68%)[0m   em ±2σ 78% [2m(esperado ~95%)[0m
2026-08-09 16:59:22 [INFO]   [2mMédia acumulada:[0m MAE 9.67 kWh   RMSE 29.30   em ±1σ 64%   em ±2σ 81%
2026-08-09 16:59:22 [INFO]   [2mCSV:[0m /home/runner/work/ts-anomaly-detection-dissertation/ts-anomaly-detection-dissertation/results/energia/realtime/analysis/qualidade_previsoes_energia.csv
2026-08-09 16:59:22 [INFO] 
2026-08-09 16:59:22 [INFO] 
2026-08-09 16:59:22 [INFO] Concluido em 405.7s. Ficheiros gerados: 2
