2026-08-05 16:07:41 [INFO] [96m→ A pedir dados ao BaZe (276 CPEs)...[0m
2026-08-05 16:15:13 [INFO]   [2mClusters atribuidos carregados:[0m 22 novos
2026-08-05 16:15:13 [INFO] 
2026-08-05 16:15:13 [INFO] [1m══════════════════════════════════════════════════════════════════════[0m
2026-08-05 16:15:13 [INFO] [1m  DETEÇÃO DE ANOMALIAS — 2026-08-04[0m
2026-08-05 16:15:13 [INFO] [1m══════════════════════════════════════════════════════════════════════[0m
2026-08-05 16:15:13 [INFO]   [2mTipo de dia:[0m  dia util
2026-08-05 16:15:13 [INFO]   [2mFonte:[0m        BAZE
2026-08-05 16:15:13 [INFO]   [2mCPEs c/ dados:[0m 69
2026-08-05 16:15:13 [INFO]   [2mThreshold:[0m    |z| > 3.0 [2m(adaptativo a este tipo de dia)[0m
2026-08-05 16:15:13 [INFO] 
2026-08-05 16:15:13 [INFO] [96m→ A analisar 69 CPEs / 1656 pontos horários (retrospetiva)...[0m
2026-08-05 16:15:15 [INFO] [1m─── Resumo ─────────────────────────────────────[0m
2026-08-05 16:15:15 [INFO]   [92m● Normal[0m                1475 [2m( 89.1%)[0m
2026-08-05 16:15:15 [INFO]   [91m● Desvio (alta confiança)[0m    0 [2m(  0.0%)[0m
2026-08-05 16:15:15 [INFO]   [93m● Desvio (baixa confiança)[0m 181 [2m( 10.9%)[0m
2026-08-05 16:15:15 [INFO]   [2mTempo: 454.2s[0m
2026-08-05 16:15:15 [INFO] 
2026-08-05 16:15:15 [INFO] [1m[93m─── Desvios de BAIXA confiança (181) ──────────────[0m
2026-08-05 16:15:15 [INFO]   [2m(poucos dados históricos — verificar manualmente)[0m
2026-08-05 16:15:15 [INFO] 
2026-08-05 16:15:15 [INFO]   🔴 [91m[1mPT0002000068855003AK[0m  [2m[Cluster 0 (atribuido)][0m
2026-08-05 16:15:15 [INFO]      consumiu MAIS que o habitual às 16h
2026-08-05 16:15:15 [INFO]      [2mReal:[0m 48.0 kWh   [2mHabitual:[0m 18.5 ± 2.1 kWh   [2mz:[0m +10.00⁺   [2mdesvio:[0m +159%   [2m(2 obs. dia_util)[0m
2026-08-05 16:15:15 [INFO] 
2026-08-05 16:15:15 [INFO]   🔴 [91m[1mPT0002000068855003AK[0m  [2m[Cluster 0 (atribuido)][0m
2026-08-05 16:15:15 [INFO]      consumiu MAIS que o habitual às 17h
2026-08-05 16:15:15 [INFO]      [2mReal:[0m 41.0 kWh   [2mHabitual:[0m 16.5 ± 1.6 kWh   [2mz:[0m +10.00⁺   [2mdesvio:[0m +148%   [2m(2 obs. dia_util)[0m
2026-08-05 16:15:15 [INFO] 
2026-08-05 16:15:15 [INFO]   🔴 [91m[1mPT0002000068855003AK[0m  [2m[Cluster 0 (atribuido)][0m
2026-08-05 16:15:15 [INFO]      consumiu MAIS que o habitual às 18h
2026-08-05 16:15:15 [INFO]      [2mReal:[0m 48.0 kWh   [2mHabitual:[0m 16.0 ± 1.6 kWh   [2mz:[0m +10.00⁺   [2mdesvio:[0m +200%   [2m(2 obs. dia_util)[0m
2026-08-05 16:15:15 [INFO] 
2026-08-05 16:15:15 [INFO]   🔴 [91m[1mPT0002000068855003AK[0m  [2m[Cluster 0 (atribuido)][0m
2026-08-05 16:15:15 [INFO]      consumiu MAIS que o habitual às 19h
2026-08-05 16:15:15 [INFO]      [2mReal:[0m 54.0 kWh   [2mHabitual:[0m 14.0 ± 1.4 kWh   [2mz:[0m +10.00⁺   [2mdesvio:[0m +286%   [2m(2 obs. dia_util)[0m
2026-08-05 16:15:15 [INFO] 
2026-08-05 16:15:15 [INFO]   🔴 [91m[1mPT0002000068855003AK[0m  [2m[Cluster 0 (atribuido)][0m
2026-08-05 16:15:15 [INFO]      consumiu MAIS que o habitual às 20h
2026-08-05 16:15:15 [INFO]      [2mReal:[0m 20.0 kWh   [2mHabitual:[0m 7.5 ± 0.8 kWh   [2mz:[0m +10.00⁺   [2mdesvio:[0m +167%   [2m(2 obs. dia_util)[0m
2026-08-05 16:15:15 [INFO] 
2026-08-05 16:15:15 [INFO]   🔴 [91m[1mPT0002000068856872QG[0m  [2m[Cluster 1][0m
2026-08-05 16:15:15 [INFO]      consumiu MAIS que o habitual às 07h
2026-08-05 16:15:15 [INFO]      [2mReal:[0m 3.0 kWh   [2mHabitual:[0m 0.0 ± 0.3 kWh   [2mz:[0m +10.00   [2mdesvio:[0m +300000%   [2m(2 obs. dia_util)[0m
2026-08-05 16:15:15 [INFO] 
2026-08-05 16:15:15 [INFO]   🔴 [91m[1mPT0002000068856872QG[0m  [2m[Cluster 1][0m
2026-08-05 16:15:15 [INFO]      consumiu MAIS que o habitual às 20h
2026-08-05 16:15:15 [INFO]      [2mReal:[0m 3.0 kWh   [2mHabitual:[0m 0.0 ± 0.3 kWh   [2mz:[0m +10.00   [2mdesvio:[0m +300000%   [2m(2 obs. dia_util)[0m
2026-08-05 16:15:15 [INFO] 
2026-08-05 16:15:15 [INFO]   🔴 [91m[1mPT0002000068857099AR[0m  [2m[Cluster 1][0m
2026-08-05 16:15:15 [INFO]      consumiu MAIS que o habitual às 21h
2026-08-05 16:15:15 [INFO]      [2mReal:[0m 39.0 kWh   [2mHabitual:[0m 5.0 ± 1.0 kWh   [2mz:[0m +10.00⁺   [2mdesvio:[0m +680%   [2m(3 obs. dia_util)[0m
2026-08-05 16:15:15 [INFO] 
2026-08-05 16:15:15 [INFO]   🔴 [91m[1mPT0002000078140706BA[0m  [2m[Cluster 1 (atribuido)][0m
2026-08-05 16:15:15 [INFO]      consumiu MAIS que o habitual às 09h
2026-08-05 16:15:15 [INFO]      [2mReal:[0m 104.0 kWh   [2mHabitual:[0m 5.0 ± 2.8 kWh   [2mz:[0m +10.00⁺   [2mdesvio:[0m +1980%   [2m(2 obs. dia_util)[0m
2026-08-05 16:15:15 [INFO] 
2026-08-05 16:15:15 [INFO]   🔴 [91m[1mPT0002000078140706BA[0m  [2m[Cluster 1 (atribuido)][0m
2026-08-05 16:15:15 [INFO]      consumiu MAIS que o habitual às 18h
2026-08-05 16:15:15 [INFO]      [2mReal:[0m 40.0 kWh   [2mHabitual:[0m 15.5 ± 1.6 kWh   [2mz:[0m +10.00⁺   [2mdesvio:[0m +158%   [2m(2 obs. dia_util)[0m
2026-08-05 16:15:15 [INFO] 
2026-08-05 16:15:15 [INFO]   🔴 [91m[1mPT0002000078140706BA[0m  [2m[Cluster 1 (atribuido)][0m
2026-08-05 16:15:15 [INFO]      consumiu MAIS que o habitual às 19h
2026-08-05 16:15:15 [INFO]      [2mReal:[0m 84.0 kWh   [2mHabitual:[0m 27.0 ± 2.7 kWh   [2mz:[0m +10.00⁺   [2mdesvio:[0m +211%   [2m(2 obs. dia_util)[0m
2026-08-05 16:15:15 [INFO] 
2026-08-05 16:15:15 [INFO]   🔴 [91m[1mPT0002000078233981HJ[0m  [2m[Cluster 1][0m
2026-08-05 16:15:15 [INFO]      consumiu MAIS que o habitual às 15h
2026-08-05 16:15:15 [INFO]      [2mReal:[0m 13.0 kWh   [2mHabitual:[0m 2.5 ± 0.7 kWh   [2mz:[0m +10.00⁺   [2mdesvio:[0m +420%   [2m(2 obs. dia_util)[0m
2026-08-05 16:15:15 [INFO] 
2026-08-05 16:15:15 [INFO]   🔵 [94m[1mPT0002000079469719HF[0m  [2m[Cluster 1 (atribuido)][0m
2026-08-05 16:15:15 [INFO]      consumiu MENOS que o habitual às 17h
2026-08-05 16:15:15 [INFO]      [2mReal:[0m 0.0 kWh   [2mHabitual:[0m 65.5 ± 6.5 kWh   [2mz:[0m -10.00   [2mdesvio:[0m -100%   [2m(2 obs. dia_util)[0m
2026-08-05 16:15:15 [INFO] 
2026-08-05 16:15:15 [INFO]   🔴 [91m[1mPT0002000081344542CP[0m  [2m[Cluster 1][0m
2026-08-05 16:15:15 [INFO]      consumiu MAIS que o habitual às 17h
2026-08-05 16:15:15 [INFO]      [2mReal:[0m 6.0 kWh   [2mHabitual:[0m 2.0 ± 0.3 kWh   [2mz:[0m +10.00⁺   [2mdesvio:[0m +200%   [2m(2 obs. dia_util)[0m
2026-08-05 16:15:15 [INFO] 
2026-08-05 16:15:15 [INFO]   🔴 [91m[1mPT0002000081344542CP[0m  [2m[Cluster 1][0m
2026-08-05 16:15:15 [INFO]      consumiu MAIS que o habitual às 19h
2026-08-05 16:15:15 [INFO]      [2mReal:[0m 41.0 kWh   [2mHabitual:[0m 3.5 ± 2.1 kWh   [2mz:[0m +10.00⁺   [2mdesvio:[0m +1071%   [2m(2 obs. dia_util)[0m
2026-08-05 16:15:15 [INFO] 
2026-08-05 16:15:15 [INFO]   🔴 [91m[1mPT0002000081344542CP[0m  [2m[Cluster 1][0m
2026-08-05 16:15:15 [INFO]      consumiu MAIS que o habitual às 21h
2026-08-05 16:15:15 [INFO]      [2mReal:[0m 32.0 kWh   [2mHabitual:[0m 3.0 ± 1.0 kWh   [2mz:[0m +10.00⁺   [2mdesvio:[0m +967%   [2m(3 obs. dia_util)[0m
2026-08-05 16:15:15 [INFO] 
2026-08-05 16:15:15 [INFO]   🔴 [91m[1mPT0002000081344542CP[0m  [2m[Cluster 1][0m
2026-08-05 16:15:15 [INFO]      consumiu MAIS que o habitual às 22h
2026-08-05 16:15:15 [INFO]      [2mReal:[0m 9.0 kWh   [2mHabitual:[0m 2.7 ± 0.6 kWh   [2mz:[0m +10.00⁺   [2mdesvio:[0m +237%   [2m(3 obs. dia_util)[0m
2026-08-05 16:15:15 [INFO] 
2026-08-05 16:15:15 [INFO]   🔴 [91m[1mPT0002000109837807PE[0m  [2m[Cluster 1][0m
2026-08-05 16:15:15 [INFO]      consumiu MAIS que o habitual às 08h
2026-08-05 16:15:15 [INFO]      [2mReal:[0m 18.0 kWh   [2mHabitual:[0m 4.0 ± 0.4 kWh   [2mz:[0m +10.00⁺   [2mdesvio:[0m +350%   [2m(2 obs. dia_util)[0m
2026-08-05 16:15:15 [INFO] 
2026-08-05 16:15:15 [INFO]   🔴 [91m[1mPT0002000109837807PE[0m  [2m[Cluster 1][0m
2026-08-05 16:15:15 [INFO]      consumiu MAIS que o habitual às 10h
2026-08-05 16:15:15 [INFO]      [2mReal:[0m 20.0 kWh   [2mHabitual:[0m 4.5 ± 0.7 kWh   [2mz:[0m +10.00⁺   [2mdesvio:[0m +344%   [2m(2 obs. dia_util)[0m
2026-08-05 16:15:15 [INFO] 
2026-08-05 16:15:15 [INFO]   🔴 [91m[1mPT0002000109837807PE[0m  [2m[Cluster 1][0m
2026-08-05 16:15:15 [INFO]      consumiu MAIS que o habitual às 11h
2026-08-05 16:15:15 [INFO]      [2mReal:[0m 21.0 kWh   [2mHabitual:[0m 4.0 ± 1.4 kWh   [2mz:[0m +10.00⁺   [2mdesvio:[0m +425%   [2m(2 obs. dia_util)[0m
2026-08-05 16:15:15 [INFO] 
2026-08-05 16:15:15 [INFO]   🔴 [91m[1mPT0002000109837807PE[0m  [2m[Cluster 1][0m
2026-08-05 16:15:15 [INFO]      consumiu MAIS que o habitual às 12h
2026-08-05 16:15:15 [INFO]      [2mReal:[0m 21.0 kWh   [2mHabitual:[0m 5.0 ± 1.4 kWh   [2mz:[0m +10.00⁺   [2mdesvio:[0m +320%   [2m(2 obs. dia_util)[0m
2026-08-05 16:15:15 [INFO] 
2026-08-05 16:15:15 [INFO]   🔴 [91m[1mPT0002000109837807PE[0m  [2m[Cluster 1][0m
2026-08-05 16:15:15 [INFO]      consumiu MAIS que o habitual às 14h
2026-08-05 16:15:15 [INFO]      [2mReal:[0m 21.0 kWh   [2mHabitual:[0m 5.0 ± 1.4 kWh   [2mz:[0m +10.00⁺   [2mdesvio:[0m +320%   [2m(2 obs. dia_util)[0m
2026-08-05 16:15:15 [INFO] 
2026-08-05 16:15:15 [INFO]   🔴 [91m[1mPT0002000109837807PE[0m  [2m[Cluster 1][0m
2026-08-05 16:15:15 [INFO]      consumiu MAIS que o habitual às 15h
2026-08-05 16:15:15 [INFO]      [2mReal:[0m 19.0 kWh   [2mHabitual:[0m 4.0 ± 1.4 kWh   [2mz:[0m +10.00⁺   [2mdesvio:[0m +375%   [2m(2 obs. dia_util)[0m
2026-08-05 16:15:15 [INFO] 
2026-08-05 16:15:15 [INFO]   🔴 [91m[1mPT0002000109837807PE[0m  [2m[Cluster 1][0m
2026-08-05 16:15:15 [INFO]      consumiu MAIS que o habitual às 16h
2026-08-05 16:15:15 [INFO]      [2mReal:[0m 20.0 kWh   [2mHabitual:[0m 4.0 ± 0.4 kWh   [2mz:[0m +10.00⁺   [2mdesvio:[0m +400%   [2m(2 obs. dia_util)[0m
2026-08-05 16:15:15 [INFO] 
2026-08-05 16:15:15 [INFO]   🔴 [91m[1mPT0002000110607652SB[0m  [2m[Cluster 0][0m
2026-08-05 16:15:15 [INFO]      consumiu MAIS que o habitual às 20h
2026-08-05 16:15:15 [INFO]      [2mReal:[0m 20.0 kWh   [2mHabitual:[0m 8.0 ± 0.8 kWh   [2mz:[0m +10.00⁺   [2mdesvio:[0m +150%   [2m(2 obs. dia_util)[0m
2026-08-05 16:15:15 [INFO] 
2026-08-05 16:15:15 [INFO]   🔴 [91m[1mPT0002000110607652SB[0m  [2m[Cluster 0][0m
2026-08-05 16:15:15 [INFO]      consumiu MAIS que o habitual às 21h
2026-08-05 16:15:15 [INFO]      [2mReal:[0m 20.0 kWh   [2mHabitual:[0m 8.0 ± 0.8 kWh   [2mz:[0m +10.00⁺   [2mdesvio:[0m +150%   [2m(3 obs. dia_util)[0m
2026-08-05 16:15:15 [INFO] 
2026-08-05 16:15:15 [INFO]   🔴 [91m[1mPT0002000110607652SB[0m  [2m[Cluster 0][0m
2026-08-05 16:15:15 [INFO]      consumiu MAIS que o habitual às 22h
2026-08-05 16:15:15 [INFO]      [2mReal:[0m 20.0 kWh   [2mHabitual:[0m 8.0 ± 0.8 kWh   [2mz:[0m +10.00⁺   [2mdesvio:[0m +150%   [2m(3 obs. dia_util)[0m
2026-08-05 16:15:15 [INFO] 
2026-08-05 16:15:15 [INFO]   🔴 [91m[1mPT0002000111572054VT[0m  [2m[Cluster 0 (atribuido)][0m
2026-08-05 16:15:15 [INFO]      consumiu MAIS que o habitual às 09h
2026-08-05 16:15:15 [INFO]      [2mReal:[0m 14.0 kWh   [2mHabitual:[0m 3.5 ± 0.7 kWh   [2mz:[0m +10.00⁺   [2mdesvio:[0m +300%   [2m(2 obs. dia_util)[0m
2026-08-05 16:15:15 [INFO] 
2026-08-05 16:15:15 [INFO]   🔵 [94m[1mPT0002000079469719HF[0m  [2m[Cluster 1 (atribuido)][0m
2026-08-05 16:15:15 [INFO]      consumiu MENOS que o habitual às 18h
2026-08-05 16:15:15 [INFO]      [2mReal:[0m 6.0 kWh   [2mHabitual:[0m 76.0 ± 7.6 kWh   [2mz:[0m -9.21   [2mdesvio:[0m -92%   [2m(2 obs. dia_util)[0m
2026-08-05 16:15:15 [INFO] 
2026-08-05 16:15:15 [INFO]   🔴 [91m[1mPT0002000081344542CP[0m  [2m[Cluster 1][0m
2026-08-05 16:15:15 [INFO]      consumiu MAIS que o habitual às 20h
2026-08-05 16:15:15 [INFO]      [2mReal:[0m 41.0 kWh   [2mHabitual:[0m 4.0 ± 4.2 kWh   [2mz:[0m +8.72   [2mdesvio:[0m +925%   [2m(2 obs. dia_util)[0m
2026-08-05 16:15:15 [INFO] 
2026-08-05 16:15:15 [INFO]   🔴 [91m[1mPT0002000068859393XH[0m  [2m[Cluster 1][0m
2026-08-05 16:15:15 [INFO]      consumiu MAIS que o habitual às 07h
2026-08-05 16:15:15 [INFO]      [2mReal:[0m 68.0 kWh   [2mHabitual:[0m 21.0 ± 5.7 kWh   [2mz:[0m +8.31   [2mdesvio:[0m +224%   [2m(2 obs. dia_util)[0m
2026-08-05 16:15:15 [INFO] 
2026-08-05 16:15:15 [INFO]   🔵 [94m[1mPT0002000068857909SY[0m  [2m[Cluster 1][0m
2026-08-05 16:15:15 [INFO]      consumiu MENOS que o habitual às 07h
2026-08-05 16:15:15 [INFO]      [2mReal:[0m 2.0 kWh   [2mHabitual:[0m 11.5 ± 1.1 kWh   [2mz:[0m -8.26   [2mdesvio:[0m -83%   [2m(2 obs. dia_util)[0m
2026-08-05 16:15:15 [INFO] 
2026-08-05 16:15:15 [INFO]   🔵 [94m[1mPT0002000068857909SY[0m  [2m[Cluster 1][0m
2026-08-05 16:15:15 [INFO]      consumiu MENOS que o habitual às 00h
2026-08-05 16:15:15 [INFO]      [2mReal:[0m 2.0 kWh   [2mHabitual:[0m 11.0 ± 1.1 kWh   [2mz:[0m -8.18   [2mdesvio:[0m -82%   [2m(2 obs. dia_util)[0m
2026-08-05 16:15:15 [INFO] 
2026-08-05 16:15:15 [INFO]   🔵 [94m[1mPT0002000068857909SY[0m  [2m[Cluster 1][0m
2026-08-05 16:15:15 [INFO]      consumiu MENOS que o habitual às 01h
2026-08-05 16:15:15 [INFO]      [2mReal:[0m 2.0 kWh   [2mHabitual:[0m 11.0 ± 1.1 kWh   [2mz:[0m -8.18   [2mdesvio:[0m -82%   [2m(2 obs. dia_util)[0m
2026-08-05 16:15:15 [INFO] 
2026-08-05 16:15:15 [INFO]   🔵 [94m[1mPT0002000068857909SY[0m  [2m[Cluster 1][0m
2026-08-05 16:15:15 [INFO]      consumiu MENOS que o habitual às 03h
2026-08-05 16:15:15 [INFO]      [2mReal:[0m 2.0 kWh   [2mHabitual:[0m 11.0 ± 1.1 kWh   [2mz:[0m -8.18   [2mdesvio:[0m -82%   [2m(2 obs. dia_util)[0m
2026-08-05 16:15:15 [INFO] 
2026-08-05 16:15:15 [INFO]   🔵 [94m[1mPT0002000068857909SY[0m  [2m[Cluster 1][0m
2026-08-05 16:15:15 [INFO]      consumiu MENOS que o habitual às 04h
2026-08-05 16:15:15 [INFO]      [2mReal:[0m 2.0 kWh   [2mHabitual:[0m 11.0 ± 1.1 kWh   [2mz:[0m -8.18   [2mdesvio:[0m -82%   [2m(2 obs. dia_util)[0m
2026-08-05 16:15:15 [INFO] 
2026-08-05 16:15:15 [INFO]   🔵 [94m[1mPT0002000068857909SY[0m  [2m[Cluster 1][0m
2026-08-05 16:15:15 [INFO]      consumiu MENOS que o habitual às 05h
2026-08-05 16:15:15 [INFO]      [2mReal:[0m 2.0 kWh   [2mHabitual:[0m 11.0 ± 1.1 kWh   [2mz:[0m -8.18   [2mdesvio:[0m -82%   [2m(2 obs. dia_util)[0m
2026-08-05 16:15:15 [INFO] 
2026-08-05 16:15:15 [INFO]   🔵 [94m[1mPT0002000068857909SY[0m  [2m[Cluster 1][0m
2026-08-05 16:15:15 [INFO]      consumiu MENOS que o habitual às 06h
2026-08-05 16:15:15 [INFO]      [2mReal:[0m 2.0 kWh   [2mHabitual:[0m 11.0 ± 1.1 kWh   [2mz:[0m -8.18   [2mdesvio:[0m -82%   [2m(2 obs. dia_util)[0m
2026-08-05 16:15:15 [INFO] 
2026-08-05 16:15:15 [INFO]   🔴 [91m[1mPT0002000201038711LS[0m  [2m[Cluster 1 (atribuido)][0m
2026-08-05 16:15:15 [INFO]      consumiu MAIS que o habitual às 19h
2026-08-05 16:15:15 [INFO]      [2mReal:[0m 117.0 kWh   [2mHabitual:[0m 65.5 ± 6.5 kWh   [2mz:[0m +7.86   [2mdesvio:[0m +79%   [2m(2 obs. dia_util)[0m
2026-08-05 16:15:15 [INFO] 
2026-08-05 16:15:15 [INFO]   🔵 [94m[1mPT0002000079469719HF[0m  [2m[Cluster 1 (atribuido)][0m
2026-08-05 16:15:15 [INFO]      consumiu MENOS que o habitual às 21h
2026-08-05 16:15:15 [INFO]      [2mReal:[0m 22.0 kWh   [2mHabitual:[0m 96.0 ± 9.6 kWh   [2mz:[0m -7.71   [2mdesvio:[0m -77%   [2m(3 obs. dia_util)[0m
2026-08-05 16:15:15 [INFO] 
2026-08-05 16:15:15 [INFO]   🔴 [91m[1mPT0002000068856906VS[0m  [2m[Cluster 0][0m
2026-08-05 16:15:15 [INFO]      consumiu MAIS que o habitual às 14h
2026-08-05 16:15:15 [INFO]      [2mReal:[0m 45.0 kWh   [2mHabitual:[0m 25.5 ± 2.5 kWh   [2mz:[0m +7.65   [2mdesvio:[0m +76%   [2m(2 obs. dia_util)[0m
2026-08-05 16:15:15 [INFO] 
2026-08-05 16:15:15 [INFO]   🔴 [91m[1mPT0002000068859393XH[0m  [2m[Cluster 1][0m
2026-08-05 16:15:15 [INFO]      consumiu MAIS que o habitual às 06h
2026-08-05 16:15:15 [INFO]      [2mReal:[0m 29.0 kWh   [2mHabitual:[0m 16.5 ± 1.6 kWh   [2mz:[0m +7.58   [2mdesvio:[0m +76%   [2m(2 obs. dia_util)[0m
2026-08-05 16:15:15 [INFO] 
2026-08-05 16:15:15 [INFO]   🔴 [91m[1mPT0002000068857099AR[0m  [2m[Cluster 1][0m
2026-08-05 16:15:15 [INFO]      consumiu MAIS que o habitual às 22h
2026-08-05 16:15:15 [INFO]      [2mReal:[0m 8.0 kWh   [2mHabitual:[0m 3.7 ± 0.6 kWh   [2mz:[0m +7.51   [2mdesvio:[0m +118%   [2m(3 obs. dia_util)[0m
2026-08-05 16:15:15 [INFO] 
2026-08-05 16:15:15 [INFO]   🔴 [91m[1mPT0002000115673389QK[0m  [2m[Cluster 0][0m
2026-08-05 16:15:15 [INFO]      consumiu MAIS que o habitual às 18h
2026-08-05 16:15:15 [INFO]      [2mReal:[0m 27.0 kWh   [2mHabitual:[0m 15.5 ± 1.6 kWh   [2mz:[0m +7.42   [2mdesvio:[0m +74%   [2m(2 obs. dia_util)[0m
2026-08-05 16:15:15 [INFO] 
2026-08-05 16:15:15 [INFO]   🔴 [91m[1mPT0002000125701614SQ[0m  [2m[Cluster 1 (atribuido)][0m
2026-08-05 16:15:15 [INFO]      consumiu MAIS que o habitual às 10h
2026-08-05 16:15:15 [INFO]      [2mReal:[0m 27.0 kWh   [2mHabitual:[0m 15.5 ± 1.6 kWh   [2mz:[0m +7.42   [2mdesvio:[0m +74%   [2m(2 obs. dia_util)[0m
2026-08-05 16:15:15 [INFO] 
2026-08-05 16:15:15 [INFO]   🔵 [94m[1mPT0002000068857909SY[0m  [2m[Cluster 1][0m
2026-08-05 16:15:15 [INFO]      consumiu MENOS que o habitual às 02h
2026-08-05 16:15:15 [INFO]      [2mReal:[0m 3.0 kWh   [2mHabitual:[0m 11.5 ± 1.1 kWh   [2mz:[0m -7.39   [2mdesvio:[0m -74%   [2m(2 obs. dia_util)[0m
2026-08-05 16:15:15 [INFO] 
2026-08-05 16:15:15 [INFO]   🔴 [91m[1mPT0002000068857099AR[0m  [2m[Cluster 1][0m
2026-08-05 16:15:15 [INFO]      consumiu MAIS que o habitual às 20h
2026-08-05 16:15:15 [INFO]      [2mReal:[0m 21.0 kWh   [2mHabitual:[0m 5.5 ± 2.1 kWh   [2mz:[0m +7.31   [2mdesvio:[0m +282%   [2m(2 obs. dia_util)[0m
2026-08-05 16:15:15 [INFO] 
2026-08-05 16:15:15 [INFO]   🔴 [91m[1mPT0002000109837807PE[0m  [2m[Cluster 1][0m
2026-08-05 16:15:15 [INFO]      consumiu MAIS que o habitual às 13h
2026-08-05 16:15:15 [INFO]      [2mReal:[0m 20.0 kWh   [2mHabitual:[0m 4.5 ± 2.1 kWh   [2mz:[0m +7.31   [2mdesvio:[0m +344%   [2m(2 obs. dia_util)[0m
2026-08-05 16:15:15 [INFO] 
2026-08-05 16:15:15 [INFO]   🔵 [94m[1mPT0002000079469719HF[0m  [2m[Cluster 1 (atribuido)][0m
2026-08-05 16:15:15 [INFO]      consumiu MENOS que o habitual às 19h
2026-08-05 16:15:15 [INFO]      [2mReal:[0m 26.0 kWh   [2mHabitual:[0m 92.5 ± 9.2 kWh   [2mz:[0m -7.19   [2mdesvio:[0m -72%   [2m(2 obs. dia_util)[0m
2026-08-05 16:15:15 [INFO] 
2026-08-05 16:15:15 [INFO]   🔵 [94m[1mPT0002000068857909SY[0m  [2m[Cluster 1][0m
2026-08-05 16:15:15 [INFO]      consumiu MENOS que o habitual às 08h
2026-08-05 16:15:15 [INFO]      [2mReal:[0m 3.0 kWh   [2mHabitual:[0m 10.5 ± 1.1 kWh   [2mz:[0m -7.14   [2mdesvio:[0m -71%   [2m(2 obs. dia_util)[0m
2026-08-05 16:15:15 [INFO] 
2026-08-05 16:15:15 [INFO]   🔴 [91m[1mPT0002000125701614SQ[0m  [2m[Cluster 1 (atribuido)][0m
2026-08-05 16:15:15 [INFO]      consumiu MAIS que o habitual às 13h
2026-08-05 16:15:15 [INFO]      [2mReal:[0m 27.0 kWh   [2mHabitual:[0m 16.0 ± 1.6 kWh   [2mz:[0m +6.88   [2mdesvio:[0m +69%   [2m(2 obs. dia_util)[0m
2026-08-05 16:15:15 [INFO] 
2026-08-05 16:15:15 [INFO]   🔵 [94m[1mPT0002000079469719HF[0m  [2m[Cluster 1 (atribuido)][0m
2026-08-05 16:15:15 [INFO]      consumiu MENOS que o habitual às 20h
2026-08-05 16:15:15 [INFO]      [2mReal:[0m 31.0 kWh   [2mHabitual:[0m 97.5 ± 9.8 kWh   [2mz:[0m -6.82   [2mdesvio:[0m -68%   [2m(2 obs. dia_util)[0m
2026-08-05 16:15:15 [INFO] 
2026-08-05 16:15:15 [INFO]   🔵 [94m[1mPT0002000079469719HF[0m  [2m[Cluster 1 (atribuido)][0m
2026-08-05 16:15:15 [INFO]      consumiu MENOS que o habitual às 22h
2026-08-05 16:15:15 [INFO]      [2mReal:[0m 22.0 kWh   [2mHabitual:[0m 99.3 ± 11.5 kWh   [2mz:[0m -6.72   [2mdesvio:[0m -78%   [2m(3 obs. dia_util)[0m
2026-08-05 16:15:15 [INFO] 
2026-08-05 16:15:15 [INFO]   🔴 [91m[1mPT0002000068856655YV[0m  [2m[Cluster 0][0m
2026-08-05 16:15:15 [INFO]      consumiu MAIS que o habitual às 06h
2026-08-05 16:15:15 [INFO]      [2mReal:[0m 4.0 kWh   [2mHabitual:[0m 2.0 ± 0.3 kWh   [2mz:[0m +6.67   [2mdesvio:[0m +100%   [2m(2 obs. dia_util)[0m
2026-08-05 16:15:15 [INFO] 
2026-08-05 16:15:15 [INFO]   🔵 [94m[1mPT0002000081344542CP[0m  [2m[Cluster 1][0m
2026-08-05 16:15:15 [INFO]      consumiu MENOS que o habitual às 02h
2026-08-05 16:15:15 [INFO]      [2mReal:[0m 1.0 kWh   [2mHabitual:[0m 3.0 ± 0.3 kWh   [2mz:[0m -6.67   [2mdesvio:[0m -67%   [2m(2 obs. dia_util)[0m
2026-08-05 16:15:15 [INFO] 
2026-08-05 16:15:15 [INFO]   🔴 [91m[1mPT0002000105483259QH[0m  [2m[Cluster 1][0m
2026-08-05 16:15:15 [INFO]      consumiu MAIS que o habitual às 00h
2026-08-05 16:15:15 [INFO]      [2mReal:[0m 3.0 kWh   [2mHabitual:[0m 1.0 ± 0.3 kWh   [2mz:[0m +6.67   [2mdesvio:[0m +200%   [2m(2 obs. dia_util)[0m
2026-08-05 16:15:15 [INFO] 
2026-08-05 16:15:15 [INFO]   🔴 [91m[1mPT0002000078140706BA[0m  [2m[Cluster 1 (atribuido)][0m
2026-08-05 16:15:15 [INFO]      consumiu MAIS que o habitual às 17h
2026-08-05 16:15:15 [INFO]      [2mReal:[0m 6.0 kWh   [2mHabitual:[0m 1.5 ± 0.7 kWh   [2mz:[0m +6.36   [2mdesvio:[0m +300%   [2m(2 obs. dia_util)[0m
2026-08-05 16:15:15 [INFO] 
2026-08-05 16:15:15 [INFO]   🔴 [91m[1mPT0002000125701614SQ[0m  [2m[Cluster 1 (atribuido)][0m
2026-08-05 16:15:15 [INFO]      consumiu MAIS que o habitual às 00h
2026-08-05 16:15:15 [INFO]      [2mReal:[0m 22.0 kWh   [2mHabitual:[0m 13.5 ± 1.4 kWh   [2mz:[0m +6.30   [2mdesvio:[0m +63%   [2m(2 obs. dia_util)[0m
2026-08-05 16:15:15 [INFO] 
2026-08-05 16:15:15 [INFO]   🔴 [91m[1mPT0002000125701614SQ[0m  [2m[Cluster 1 (atribuido)][0m
2026-08-05 16:15:15 [INFO]      consumiu MAIS que o habitual às 08h
2026-08-05 16:15:15 [INFO]      [2mReal:[0m 22.0 kWh   [2mHabitual:[0m 13.5 ± 1.4 kWh   [2mz:[0m +6.30   [2mdesvio:[0m +63%   [2m(2 obs. dia_util)[0m
2026-08-05 16:15:15 [INFO] 
2026-08-05 16:15:15 [INFO]   🔴 [91m[1mPT0002000125701614SQ[0m  [2m[Cluster 1 (atribuido)][0m
2026-08-05 16:15:15 [INFO]      consumiu MAIS que o habitual às 11h
2026-08-05 16:15:15 [INFO]      [2mReal:[0m 26.0 kWh   [2mHabitual:[0m 16.0 ± 1.6 kWh   [2mz:[0m +6.25   [2mdesvio:[0m +62%   [2m(2 obs. dia_util)[0m
2026-08-05 16:15:15 [INFO] 
2026-08-05 16:15:15 [INFO]   🔴 [91m[1mPT0002000102936404ME[0m  [2m[Cluster 1][0m
2026-08-05 16:15:15 [INFO]      consumiu MAIS que o habitual às 18h
2026-08-05 16:15:15 [INFO]      [2mReal:[0m 59.0 kWh   [2mHabitual:[0m 36.5 ± 3.6 kWh   [2mz:[0m +6.16   [2mdesvio:[0m +62%   [2m(2 obs. dia_util)[0m
2026-08-05 16:15:15 [INFO] 
2026-08-05 16:15:15 [INFO]   🔵 [94m[1mPT0002000068859597LS[0m  [2m[Cluster 0][0m
2026-08-05 16:15:15 [INFO]      consumiu MENOS que o habitual às 20h
2026-08-05 16:15:15 [INFO]      [2mReal:[0m 29.0 kWh   [2mHabitual:[0m 74.5 ± 7.5 kWh   [2mz:[0m -6.11   [2mdesvio:[0m -61%   [2m(2 obs. dia_util)[0m
2026-08-05 16:15:15 [INFO] 
2026-08-05 16:15:15 [INFO]   🔴 [91m[1mPT0002000068856655YV[0m  [2m[Cluster 0][0m
2026-08-05 16:15:15 [INFO]      consumiu MAIS que o habitual às 21h
2026-08-05 16:15:15 [INFO]      [2mReal:[0m 8.0 kWh   [2mHabitual:[0m 2.0 ± 1.0 kWh   [2mz:[0m +6.00   [2mdesvio:[0m +300%   [2m(3 obs. dia_util)[0m
2026-08-05 16:15:15 [INFO] 
2026-08-05 16:15:15 [INFO]   🔴 [91m[1mPT0002000102936404ME[0m  [2m[Cluster 1][0m
2026-08-05 16:15:15 [INFO]      consumiu MAIS que o habitual às 19h
2026-08-05 16:15:15 [INFO]      [2mReal:[0m 57.0 kWh   [2mHabitual:[0m 36.0 ± 3.6 kWh   [2mz:[0m +5.83   [2mdesvio:[0m +58%   [2m(2 obs. dia_util)[0m
2026-08-05 16:15:15 [INFO] 
2026-08-05 16:15:15 [INFO]   🔴 [91m[1mPT0002000125701614SQ[0m  [2m[Cluster 1 (atribuido)][0m
2026-08-05 16:15:15 [INFO]      consumiu MAIS que o habitual às 01h
2026-08-05 16:15:15 [INFO]      [2mReal:[0m 21.0 kWh   [2mHabitual:[0m 13.5 ± 1.4 kWh   [2mz:[0m +5.56   [2mdesvio:[0m +56%   [2m(2 obs. dia_util)[0m
2026-08-05 16:15:15 [INFO] 
2026-08-05 16:15:15 [INFO]   🔴 [91m[1mPT0002000125701614SQ[0m  [2m[Cluster 1 (atribuido)][0m
2026-08-05 16:15:15 [INFO]      consumiu MAIS que o habitual às 12h
2026-08-05 16:15:15 [INFO]      [2mReal:[0m 27.0 kWh   [2mHabitual:[0m 17.5 ± 1.8 kWh   [2mz:[0m +5.43   [2mdesvio:[0m +54%   [2m(2 obs. dia_util)[0m
2026-08-05 16:15:15 [INFO] 
2026-08-05 16:15:15 [INFO]   🔴 [91m[1mPT0002000078233981HJ[0m  [2m[Cluster 1][0m
2026-08-05 16:15:15 [INFO]      consumiu MAIS que o habitual às 13h
2026-08-05 16:15:15 [INFO]      [2mReal:[0m 15.0 kWh   [2mHabitual:[0m 3.5 ± 2.1 kWh   [2mz:[0m +5.42   [2mdesvio:[0m +329%   [2m(2 obs. dia_util)[0m
2026-08-05 16:15:15 [INFO] 
2026-08-05 16:15:15 [INFO]   🔴 [91m[1mPT0002000073720434JD[0m  [2m[Cluster 1 (atribuido)][0m
2026-08-05 16:15:15 [INFO]      consumiu MAIS que o habitual às 21h
2026-08-05 16:15:15 [INFO]      [2mReal:[0m 35.0 kWh   [2mHabitual:[0m 21.7 ± 2.5 kWh   [2mz:[0m +5.30   [2mdesvio:[0m +62%   [2m(3 obs. dia_util)[0m
2026-08-05 16:15:15 [INFO] 
2026-08-05 16:15:15 [INFO]   🔴 [91m[1mPT0002000109837807PE[0m  [2m[Cluster 1][0m
2026-08-05 16:15:15 [INFO]      consumiu MAIS que o habitual às 09h
2026-08-05 16:15:15 [INFO]      [2mReal:[0m 20.0 kWh   [2mHabitual:[0m 5.0 ± 2.8 kWh   [2mz:[0m +5.30   [2mdesvio:[0m +300%   [2m(2 obs. dia_util)[0m
2026-08-05 16:15:15 [INFO] 
2026-08-05 16:15:15 [INFO]   🔴 [91m[1mPT0002000112989585PH[0m  [2m[Cluster 0][0m
2026-08-05 16:15:15 [INFO]      consumiu MAIS que o habitual às 09h
2026-08-05 16:15:15 [INFO]      [2mReal:[0m 104.0 kWh   [2mHabitual:[0m 64.5 ± 7.8 kWh   [2mz:[0m +5.08   [2mdesvio:[0m +61%   [2m(2 obs. dia_util)[0m
2026-08-05 16:15:15 [INFO] 
2026-08-05 16:15:15 [INFO]   🔵 [94m[1mPT0002000068858674WN[0m  [2m[Cluster 1 (atribuido)][0m
2026-08-05 16:15:15 [INFO]      consumiu MENOS que o habitual às 04h
2026-08-05 16:15:15 [INFO]      [2mReal:[0m 8.0 kWh   [2mHabitual:[0m 16.0 ± 1.6 kWh   [2mz:[0m -5.00   [2mdesvio:[0m -50%   [2m(2 obs. dia_util)[0m
2026-08-05 16:15:15 [INFO] 
2026-08-05 16:15:15 [INFO]   🔵 [94m[1mPT0002000068858674WN[0m  [2m[Cluster 1 (atribuido)][0m
2026-08-05 16:15:15 [INFO]      consumiu MENOS que o habitual às 08h
2026-08-05 16:15:15 [INFO]      [2mReal:[0m 8.0 kWh   [2mHabitual:[0m 16.0 ± 1.6 kWh   [2mz:[0m -5.00   [2mdesvio:[0m -50%   [2m(2 obs. dia_util)[0m
2026-08-05 16:15:15 [INFO] 
2026-08-05 16:15:15 [INFO]   🔵 [94m[1mPT0002000068858674WN[0m  [2m[Cluster 1 (atribuido)][0m
2026-08-05 16:15:15 [INFO]      consumiu MENOS que o habitual às 09h
2026-08-05 16:15:15 [INFO]      [2mReal:[0m 8.0 kWh   [2mHabitual:[0m 16.0 ± 1.6 kWh   [2mz:[0m -5.00   [2mdesvio:[0m -50%   [2m(2 obs. dia_util)[0m
2026-08-05 16:15:15 [INFO] 
2026-08-05 16:15:15 [INFO]   🔵 [94m[1mPT0002000068858674WN[0m  [2m[Cluster 1 (atribuido)][0m
2026-08-05 16:15:15 [INFO]      consumiu MENOS que o habitual às 12h
2026-08-05 16:15:15 [INFO]      [2mReal:[0m 8.0 kWh   [2mHabitual:[0m 16.0 ± 1.6 kWh   [2mz:[0m -5.00   [2mdesvio:[0m -50%   [2m(2 obs. dia_util)[0m
2026-08-05 16:15:15 [INFO] 
2026-08-05 16:15:15 [INFO]   🔵 [94m[1mPT0002000068858674WN[0m  [2m[Cluster 1 (atribuido)][0m
2026-08-05 16:15:15 [INFO]      consumiu MENOS que o habitual às 13h
2026-08-05 16:15:15 [INFO]      [2mReal:[0m 8.0 kWh   [2mHabitual:[0m 16.0 ± 1.6 kWh   [2mz:[0m -5.00   [2mdesvio:[0m -50%   [2m(2 obs. dia_util)[0m
2026-08-05 16:15:15 [INFO] 
2026-08-05 16:15:15 [INFO]   🔴 [91m[1mPT0002000078294957RQ[0m  [2m[Cluster 0][0m
2026-08-05 16:15:15 [INFO]      consumiu MAIS que o habitual às 10h
2026-08-05 16:15:15 [INFO]      [2mReal:[0m 6.0 kWh   [2mHabitual:[0m 4.0 ± 0.4 kWh   [2mz:[0m +5.00   [2mdesvio:[0m +50%   [2m(2 obs. dia_util)[0m
2026-08-05 16:15:15 [INFO] 
2026-08-05 16:15:15 [INFO]   🔴 [91m[1mPT0002000068856906VS[0m  [2m[Cluster 0][0m
2026-08-05 16:15:15 [INFO]      consumiu MAIS que o habitual às 11h
2026-08-05 16:15:15 [INFO]      [2mReal:[0m 40.0 kWh   [2mHabitual:[0m 26.0 ± 2.8 kWh   [2mz:[0m +4.95   [2mdesvio:[0m +54%   [2m(2 obs. dia_util)[0m
2026-08-05 16:15:15 [INFO] 
2026-08-05 16:15:15 [INFO]   🔴 [91m[1mPT0002000081344542CP[0m  [2m[Cluster 1][0m
2026-08-05 16:15:15 [INFO]      consumiu MAIS que o habitual às 01h
2026-08-05 16:15:15 [INFO]      [2mReal:[0m 6.0 kWh   [2mHabitual:[0m 2.5 ± 0.7 kWh   [2mz:[0m +4.95   [2mdesvio:[0m +140%   [2m(2 obs. dia_util)[0m
2026-08-05 16:15:15 [INFO] 
2026-08-05 16:15:15 [INFO]   🔴 [91m[1mPT0002000081344542CP[0m  [2m[Cluster 1][0m
2026-08-05 16:15:15 [INFO]      consumiu MAIS que o habitual às 14h
2026-08-05 16:15:15 [INFO]      [2mReal:[0m 7.0 kWh   [2mHabitual:[0m 3.5 ± 0.7 kWh   [2mz:[0m +4.95   [2mdesvio:[0m +100%   [2m(2 obs. dia_util)[0m
2026-08-05 16:15:15 [INFO] 
2026-08-05 16:15:15 [INFO]   🔴 [91m[1mPT0002000109837807PE[0m  [2m[Cluster 1][0m
2026-08-05 16:15:15 [INFO]      consumiu MAIS que o habitual às 17h
2026-08-05 16:15:15 [INFO]      [2mReal:[0m 7.0 kWh   [2mHabitual:[0m 3.5 ± 0.7 kWh   [2mz:[0m +4.95   [2mdesvio:[0m +100%   [2m(2 obs. dia_util)[0m
2026-08-05 16:15:15 [INFO] 
2026-08-05 16:15:15 [INFO]   🔴 [91m[1mPT0002000125701614SQ[0m  [2m[Cluster 1 (atribuido)][0m
2026-08-05 16:15:15 [INFO]      consumiu MAIS que o habitual às 03h
2026-08-05 16:15:15 [INFO]      [2mReal:[0m 20.0 kWh   [2mHabitual:[0m 13.0 ± 1.4 kWh   [2mz:[0m +4.95   [2mdesvio:[0m +54%   [2m(2 obs. dia_util)[0m
2026-08-05 16:15:15 [INFO] 
2026-08-05 16:15:15 [INFO]   🔴 [91m[1mPT0002000115673389QK[0m  [2m[Cluster 0][0m
2026-08-05 16:15:15 [INFO]      consumiu MAIS que o habitual às 17h
2026-08-05 16:15:15 [INFO]      [2mReal:[0m 23.0 kWh   [2mHabitual:[0m 15.5 ± 1.6 kWh   [2mz:[0m +4.84   [2mdesvio:[0m +48%   [2m(2 obs. dia_util)[0m
2026-08-05 16:15:15 [INFO] 
2026-08-05 16:15:15 [INFO]   🔴 [91m[1mPT0002000125701614SQ[0m  [2m[Cluster 1 (atribuido)][0m
2026-08-05 16:15:15 [INFO]      consumiu MAIS que o habitual às 06h
2026-08-05 16:15:15 [INFO]      [2mReal:[0m 20.0 kWh   [2mHabitual:[0m 13.5 ± 1.4 kWh   [2mz:[0m +4.81   [2mdesvio:[0m +48%   [2m(2 obs. dia_util)[0m
2026-08-05 16:15:15 [INFO] 
2026-08-05 16:15:15 [INFO]   🔴 [91m[1mPT0002000125701614SQ[0m  [2m[Cluster 1 (atribuido)][0m
2026-08-05 16:15:15 [INFO]      consumiu MAIS que o habitual às 07h
2026-08-05 16:15:15 [INFO]      [2mReal:[0m 20.0 kWh   [2mHabitual:[0m 13.5 ± 1.4 kWh   [2mz:[0m +4.81   [2mdesvio:[0m +48%   [2m(2 obs. dia_util)[0m
2026-08-05 16:15:15 [INFO] 
2026-08-05 16:15:15 [INFO]   🔵 [94m[1mPT0002000068857909SY[0m  [2m[Cluster 1][0m
2026-08-05 16:15:15 [INFO]      consumiu MENOS que o habitual às 09h
2026-08-05 16:15:15 [INFO]      [2mReal:[0m 6.0 kWh   [2mHabitual:[0m 11.5 ± 1.1 kWh   [2mz:[0m -4.78   [2mdesvio:[0m -48%   [2m(2 obs. dia_util)[0m
2026-08-05 16:15:15 [INFO] 
2026-08-05 16:15:15 [INFO]   🔴 [91m[1mPT0002000068856974CZ[0m  [2m[Cluster 0 (atribuido)][0m
2026-08-05 16:15:15 [INFO]      consumiu MAIS que o habitual às 03h
2026-08-05 16:15:15 [INFO]      [2mReal:[0m 14.0 kWh   [2mHabitual:[0m 9.5 ± 0.9 kWh   [2mz:[0m +4.74   [2mdesvio:[0m +47%   [2m(2 obs. dia_util)[0m
2026-08-05 16:15:15 [INFO] 
2026-08-05 16:15:15 [INFO]   🔴 [91m[1mPT0002000111572054VT[0m  [2m[Cluster 0 (atribuido)][0m
2026-08-05 16:15:15 [INFO]      consumiu MAIS que o habitual às 05h
2026-08-05 16:15:15 [INFO]      [2mReal:[0m 22.0 kWh   [2mHabitual:[0m 15.0 ± 1.5 kWh   [2mz:[0m +4.67   [2mdesvio:[0m +47%   [2m(2 obs. dia_util)[0m
2026-08-05 16:15:15 [INFO] 
2026-08-05 16:15:15 [INFO]   🔴 [91m[1mPT0002000073720434JD[0m  [2m[Cluster 1 (atribuido)][0m
2026-08-05 16:15:15 [INFO]      consumiu MAIS que o habitual às 20h
2026-08-05 16:15:15 [INFO]      [2mReal:[0m 35.0 kWh   [2mHabitual:[0m 24.0 ± 2.4 kWh   [2mz:[0m +4.58   [2mdesvio:[0m +46%   [2m(2 obs. dia_util)[0m
2026-08-05 16:15:15 [INFO] 
2026-08-05 16:15:15 [INFO]   🔴 [91m[1mPT0002000102936404ME[0m  [2m[Cluster 1][0m
2026-08-05 16:15:15 [INFO]      consumiu MAIS que o habitual às 17h
2026-08-05 16:15:15 [INFO]      [2mReal:[0m 56.0 kWh   [2mHabitual:[0m 38.5 ± 3.9 kWh   [2mz:[0m +4.55   [2mdesvio:[0m +45%   [2m(2 obs. dia_util)[0m
2026-08-05 16:15:15 [INFO] 
2026-08-05 16:15:15 [INFO]   🔴 [91m[1mPT0002000111572054VT[0m  [2m[Cluster 0 (atribuido)][0m
2026-08-05 16:15:15 [INFO]      consumiu MAIS que o habitual às 03h
2026-08-05 16:15:15 [INFO]      [2mReal:[0m 23.0 kWh   [2mHabitual:[0m 16.0 ± 1.6 kWh   [2mz:[0m +4.38   [2mdesvio:[0m +44%   [2m(2 obs. dia_util)[0m
2026-08-05 16:15:15 [INFO] 
2026-08-05 16:15:15 [INFO]   🔴 [91m[1mPT0002000107172384HT[0m  [2m[Cluster 1][0m
2026-08-05 16:15:15 [INFO]      consumiu MAIS que o habitual às 13h
2026-08-05 16:15:15 [INFO]      [2mReal:[0m 28.0 kWh   [2mHabitual:[0m 19.5 ± 1.9 kWh   [2mz:[0m +4.36   [2mdesvio:[0m +44%   [2m(2 obs. dia_util)[0m
2026-08-05 16:15:15 [INFO] 
2026-08-05 16:15:15 [INFO]   🔴 [91m[1mPT0002000115673389QK[0m  [2m[Cluster 0][0m
2026-08-05 16:15:15 [INFO]      consumiu MAIS que o habitual às 22h
2026-08-05 16:15:15 [INFO]      [2mReal:[0m 22.0 kWh   [2mHabitual:[0m 15.3 ± 1.5 kWh   [2mz:[0m +4.35   [2mdesvio:[0m +44%   [2m(3 obs. dia_util)[0m
2026-08-05 16:15:15 [INFO] 
2026-08-05 16:15:15 [INFO]   🔵 [94m[1mPT0002000079469719HF[0m  [2m[Cluster 1 (atribuido)][0m
2026-08-05 16:15:15 [INFO]      consumiu MENOS que o habitual às 23h
2026-08-05 16:15:15 [INFO]      [2mReal:[0m 23.0 kWh   [2mHabitual:[0m 95.3 ± 16.8 kWh   [2mz:[0m -4.30   [2mdesvio:[0m -76%   [2m(3 obs. dia_util)[0m
2026-08-05 16:15:15 [INFO] 
2026-08-05 16:15:15 [INFO]   🔴 [91m[1mPT0002000115673471CB[0m  [2m[Cluster 0][0m
2026-08-05 16:15:15 [INFO]      consumiu MAIS que o habitual às 10h
2026-08-05 16:15:15 [INFO]      [2mReal:[0m 10.0 kWh   [2mHabitual:[0m 7.0 ± 0.7 kWh   [2mz:[0m +4.29   [2mdesvio:[0m +43%   [2m(2 obs. dia_util)[0m
2026-08-05 16:15:15 [INFO] 
2026-08-05 16:15:15 [INFO]   🔴 [91m[1mPT0002000102936404ME[0m  [2m[Cluster 1][0m
2026-08-05 16:15:15 [INFO]      consumiu MAIS que o habitual às 20h
2026-08-05 16:15:15 [INFO]      [2mReal:[0m 57.0 kWh   [2mHabitual:[0m 40.0 ± 4.0 kWh   [2mz:[0m +4.25   [2mdesvio:[0m +42%   [2m(2 obs. dia_util)[0m
2026-08-05 16:15:15 [INFO] 
2026-08-05 16:15:15 [INFO]   🔴 [91m[1mPT0002000078233981HJ[0m  [2m[Cluster 1][0m
2026-08-05 16:15:15 [INFO]      consumiu MAIS que o habitual às 16h
2026-08-05 16:15:15 [INFO]      [2mReal:[0m 15.0 kWh   [2mHabitual:[0m 3.0 ± 2.8 kWh   [2mz:[0m +4.24   [2mdesvio:[0m +400%   [2m(2 obs. dia_util)[0m
2026-08-05 16:15:15 [INFO] 
2026-08-05 16:15:15 [INFO]   🔴 [91m[1mPT0002000111572054VT[0m  [2m[Cluster 0 (atribuido)][0m
2026-08-05 16:15:15 [INFO]      consumiu MAIS que o habitual às 10h
2026-08-05 16:15:15 [INFO]      [2mReal:[0m 8.0 kWh   [2mHabitual:[0m 2.0 ± 1.4 kWh   [2mz:[0m +4.24   [2mdesvio:[0m +300%   [2m(2 obs. dia_util)[0m
2026-08-05 16:15:15 [INFO] 
2026-08-05 16:15:15 [INFO]   🔴 [91m[1mPT0002000112989585PH[0m  [2m[Cluster 0][0m
2026-08-05 16:15:15 [INFO]      consumiu MAIS que o habitual às 11h
2026-08-05 16:15:15 [INFO]      [2mReal:[0m 59.0 kWh   [2mHabitual:[0m 41.5 ± 4.2 kWh   [2mz:[0m +4.22   [2mdesvio:[0m +42%   [2m(2 obs. dia_util)[0m
2026-08-05 16:15:15 [INFO] 
2026-08-05 16:15:15 [INFO]   🔴 [91m[1mPT0002000111572054VT[0m  [2m[Cluster 0 (atribuido)][0m
2026-08-05 16:15:15 [INFO]      consumiu MAIS que o habitual às 01h
2026-08-05 16:15:15 [INFO]      [2mReal:[0m 22.0 kWh   [2mHabitual:[0m 15.5 ± 1.6 kWh   [2mz:[0m +4.19   [2mdesvio:[0m +42%   [2m(2 obs. dia_util)[0m
2026-08-05 16:15:15 [INFO] 
2026-08-05 16:15:15 [INFO]   🔴 [91m[1mPT0002000201038711LS[0m  [2m[Cluster 1 (atribuido)][0m
2026-08-05 16:15:15 [INFO]      consumiu MAIS que o habitual às 18h
2026-08-05 16:15:15 [INFO]      [2mReal:[0m 110.0 kWh   [2mHabitual:[0m 33.0 ± 18.4 kWh   [2mz:[0m +4.19   [2mdesvio:[0m +233%   [2m(2 obs. dia_util)[0m
2026-08-05 16:15:15 [INFO] 
2026-08-05 16:15:15 [INFO]   🔴 [91m[1mPT0002000073720434JD[0m  [2m[Cluster 1 (atribuido)][0m
2026-08-05 16:15:15 [INFO]      consumiu MAIS que o habitual às 18h
2026-08-05 16:15:15 [INFO]      [2mReal:[0m 57.0 kWh   [2mHabitual:[0m 24.5 ± 7.8 kWh   [2mz:[0m +4.18   [2mdesvio:[0m +133%   [2m(2 obs. dia_util)[0m
2026-08-05 16:15:15 [INFO] 
2026-08-05 16:15:15 [INFO]   🔴 [91m[1mPT0002000112989585PH[0m  [2m[Cluster 0][0m
2026-08-05 16:15:15 [INFO]      consumiu MAIS que o habitual às 10h
2026-08-05 16:15:15 [INFO]      [2mReal:[0m 72.0 kWh   [2mHabitual:[0m 51.0 ± 5.1 kWh   [2mz:[0m +4.12   [2mdesvio:[0m +41%   [2m(2 obs. dia_util)[0m
2026-08-05 16:15:15 [INFO] 
2026-08-05 16:15:15 [INFO]   🔴 [91m[1mPT0002000115673389QK[0m  [2m[Cluster 0][0m
2026-08-05 16:15:15 [INFO]      consumiu MAIS que o habitual às 21h
2026-08-05 16:15:15 [INFO]      [2mReal:[0m 22.0 kWh   [2mHabitual:[0m 15.0 ± 1.7 kWh   [2mz:[0m +4.04   [2mdesvio:[0m +47%   [2m(3 obs. dia_util)[0m
2026-08-05 16:15:15 [INFO] 
2026-08-05 16:15:15 [INFO]   🔵 [94m[1mPT0002000068859597LS[0m  [2m[Cluster 0][0m
2026-08-05 16:15:15 [INFO]      consumiu MENOS que o habitual às 23h
2026-08-05 16:15:15 [INFO]      [2mReal:[0m 45.0 kWh   [2mHabitual:[0m 75.3 ± 7.5 kWh   [2mz:[0m -4.03   [2mdesvio:[0m -40%   [2m(3 obs. dia_util)[0m
2026-08-05 16:15:15 [INFO] 
2026-08-05 16:15:15 [INFO]   🔴 [91m[1mPT0002000068855003AK[0m  [2m[Cluster 0 (atribuido)][0m
2026-08-05 16:15:15 [INFO]      consumiu MAIS que o habitual às 10h
2026-08-05 16:15:15 [INFO]      [2mReal:[0m 57.0 kWh   [2mHabitual:[0m 18.0 ± 9.9 kWh   [2mz:[0m +3.94   [2mdesvio:[0m +217%   [2m(2 obs. dia_util)[0m
2026-08-05 16:15:15 [INFO] 
2026-08-05 16:15:15 [INFO]   🔴 [91m[1mPT0002000078140706BA[0m  [2m[Cluster 1 (atribuido)][0m
2026-08-05 16:15:15 [INFO]      consumiu MAIS que o habitual às 07h
2026-08-05 16:15:15 [INFO]      [2mReal:[0m 54.0 kWh   [2mHabitual:[0m 15.0 ± 9.9 kWh   [2mz:[0m +3.94   [2mdesvio:[0m +260%   [2m(2 obs. dia_util)[0m
2026-08-05 16:15:15 [INFO] 
2026-08-05 16:15:15 [INFO]   🔴 [91m[1mPT0002000125701614SQ[0m  [2m[Cluster 1 (atribuido)][0m
2026-08-05 16:15:15 [INFO]      consumiu MAIS que o habitual às 02h
2026-08-05 16:15:15 [INFO]      [2mReal:[0m 20.0 kWh   [2mHabitual:[0m 14.5 ± 1.4 kWh   [2mz:[0m +3.79   [2mdesvio:[0m +38%   [2m(2 obs. dia_util)[0m
2026-08-05 16:15:15 [INFO] 
2026-08-05 16:15:15 [INFO]   🔴 [91m[1mPT0002000068856655YV[0m  [2m[Cluster 0][0m
2026-08-05 16:15:15 [INFO]      consumiu MAIS que o habitual às 22h
2026-08-05 16:15:15 [INFO]      [2mReal:[0m 7.0 kWh   [2mHabitual:[0m 2.7 ± 1.1 kWh   [2mz:[0m +3.75   [2mdesvio:[0m +162%   [2m(3 obs. dia_util)[0m
2026-08-05 16:15:15 [INFO] 
2026-08-05 16:15:15 [INFO]   🔴 [91m[1mPT0002000078140706BA[0m  [2m[Cluster 1 (atribuido)][0m
2026-08-05 16:15:15 [INFO]      consumiu MAIS que o habitual às 05h
2026-08-05 16:15:15 [INFO]      [2mReal:[0m 44.0 kWh   [2mHabitual:[0m 32.0 ± 3.2 kWh   [2mz:[0m +3.75   [2mdesvio:[0m +38%   [2m(2 obs. dia_util)[0m
2026-08-05 16:15:15 [INFO] 
2026-08-05 16:15:15 [INFO]   🔴 [91m[1mPT0002000111572054VT[0m  [2m[Cluster 0 (atribuido)][0m
2026-08-05 16:15:15 [INFO]      consumiu MAIS que o habitual às 06h
2026-08-05 16:15:15 [INFO]      [2mReal:[0m 22.0 kWh   [2mHabitual:[0m 16.0 ± 1.6 kWh   [2mz:[0m +3.75   [2mdesvio:[0m +38%   [2m(2 obs. dia_util)[0m
2026-08-05 16:15:15 [INFO] 
2026-08-05 16:15:15 [INFO]   🔴 [91m[1mPT0002000115673389QK[0m  [2m[Cluster 0][0m
2026-08-05 16:15:15 [INFO]      consumiu MAIS que o habitual às 23h
2026-08-05 16:15:15 [INFO]      [2mReal:[0m 22.0 kWh   [2mHabitual:[0m 16.0 ± 1.6 kWh   [2mz:[0m +3.75   [2mdesvio:[0m +38%   [2m(3 obs. dia_util)[0m
2026-08-05 16:15:15 [INFO] 
2026-08-05 16:15:15 [INFO]   🔴 [91m[1mPT0002000078140706BA[0m  [2m[Cluster 1 (atribuido)][0m
2026-08-05 16:15:15 [INFO]      consumiu MAIS que o habitual às 00h
2026-08-05 16:15:15 [INFO]      [2mReal:[0m 41.0 kWh   [2mHabitual:[0m 30.0 ± 3.0 kWh   [2mz:[0m +3.67   [2mdesvio:[0m +37%   [2m(2 obs. dia_util)[0m
2026-08-05 16:15:15 [INFO] 
2026-08-05 16:15:15 [INFO]   🔴 [91m[1mPT0002000068856826ZG[0m  [2m[Cluster 0 (atribuido)][0m
2026-08-05 16:15:15 [INFO]      consumiu MAIS que o habitual às 07h
2026-08-05 16:15:15 [INFO]      [2mReal:[0m 113.0 kWh   [2mHabitual:[0m 79.5 ± 9.2 kWh   [2mz:[0m +3.64   [2mdesvio:[0m +42%   [2m(2 obs. dia_util)[0m
2026-08-05 16:15:15 [INFO] 
2026-08-05 16:15:15 [INFO]   🔵 [94m[1mPT0002000073573036KH[0m  [2m[Cluster 0 (atribuido)][0m
2026-08-05 16:15:15 [INFO]      consumiu MENOS que o habitual às 22h
2026-08-05 16:15:15 [INFO]      [2mReal:[0m 121.0 kWh   [2mHabitual:[0m 190.3 ± 19.0 kWh   [2mz:[0m -3.64   [2mdesvio:[0m -36%   [2m(3 obs. dia_util)[0m
2026-08-05 16:15:15 [INFO] 
2026-08-05 16:15:15 [INFO]   🔴 [91m[1mPT0002000068856906VS[0m  [2m[Cluster 0][0m
2026-08-05 16:15:15 [INFO]      consumiu MAIS que o habitual às 10h
2026-08-05 16:15:15 [INFO]      [2mReal:[0m 34.0 kWh   [2mHabitual:[0m 25.0 ± 2.5 kWh   [2mz:[0m +3.60   [2mdesvio:[0m +36%   [2m(2 obs. dia_util)[0m
2026-08-05 16:15:15 [INFO] 
2026-08-05 16:15:15 [INFO]   🔴 [91m[1mPT0002000125701614SQ[0m  [2m[Cluster 1 (atribuido)][0m
2026-08-05 16:15:15 [INFO]      consumiu MAIS que o habitual às 04h
2026-08-05 16:15:15 [INFO]      [2mReal:[0m 19.0 kWh   [2mHabitual:[0m 14.0 ± 1.4 kWh   [2mz:[0m +3.57   [2mdesvio:[0m +36%   [2m(2 obs. dia_util)[0m
2026-08-05 16:15:15 [INFO] 
2026-08-05 16:15:15 [INFO]   🔴 [91m[1mPT0002000111572054VT[0m  [2m[Cluster 0 (atribuido)][0m
2026-08-05 16:15:15 [INFO]      consumiu MAIS que o habitual às 02h
2026-08-05 16:15:15 [INFO]      [2mReal:[0m 21.0 kWh   [2mHabitual:[0m 15.5 ± 1.6 kWh   [2mz:[0m +3.55   [2mdesvio:[0m +35%   [2m(2 obs. dia_util)[0m
2026-08-05 16:15:15 [INFO] 
2026-08-05 16:15:15 [INFO]   🔴 [91m[1mPT0002000115673389QK[0m  [2m[Cluster 0][0m
2026-08-05 16:15:15 [INFO]      consumiu MAIS que o habitual às 19h
2026-08-05 16:15:15 [INFO]      [2mReal:[0m 21.0 kWh   [2mHabitual:[0m 15.5 ± 1.6 kWh   [2mz:[0m +3.55   [2mdesvio:[0m +35%   [2m(2 obs. dia_util)[0m
2026-08-05 16:15:15 [INFO] 
2026-08-05 16:15:15 [INFO]   🔵 [94m[1mPT0002000068858674WN[0m  [2m[Cluster 1 (atribuido)][0m
2026-08-05 16:15:15 [INFO]      consumiu MENOS que o habitual às 11h
2026-08-05 16:15:15 [INFO]      [2mReal:[0m 8.0 kWh   [2mHabitual:[0m 18.0 ± 2.8 kWh   [2mz:[0m -3.54   [2mdesvio:[0m -56%   [2m(2 obs. dia_util)[0m
2026-08-05 16:15:15 [INFO] 
2026-08-05 16:15:15 [INFO]   🔵 [94m[1mPT0002000068858674WN[0m  [2m[Cluster 1 (atribuido)][0m
2026-08-05 16:15:15 [INFO]      consumiu MENOS que o habitual às 14h
2026-08-05 16:15:15 [INFO]      [2mReal:[0m 4.0 kWh   [2mHabitual:[0m 14.0 ± 2.8 kWh   [2mz:[0m -3.54   [2mdesvio:[0m -71%   [2m(2 obs. dia_util)[0m
2026-08-05 16:15:15 [INFO] 
2026-08-05 16:15:15 [INFO]   🔴 [91m[1mPT0002000078233981HJ[0m  [2m[Cluster 1][0m
2026-08-05 16:15:15 [INFO]      consumiu MAIS que o habitual às 14h
2026-08-05 16:15:15 [INFO]      [2mReal:[0m 14.0 kWh   [2mHabitual:[0m 4.0 ± 2.8 kWh   [2mz:[0m +3.54   [2mdesvio:[0m +250%   [2m(2 obs. dia_util)[0m
2026-08-05 16:15:15 [INFO] 
2026-08-05 16:15:15 [INFO]   🔴 [91m[1mPT0002000078233981HJ[0m  [2m[Cluster 1][0m
2026-08-05 16:15:15 [INFO]      consumiu MAIS que o habitual às 17h
2026-08-05 16:15:15 [INFO]      [2mReal:[0m 29.0 kWh   [2mHabitual:[0m 6.5 ± 6.4 kWh   [2mz:[0m +3.54   [2mdesvio:[0m +346%   [2m(2 obs. dia_util)[0m
2026-08-05 16:15:15 [INFO] 
2026-08-05 16:15:15 [INFO]   🔴 [91m[1mPT0002000125701614SQ[0m  [2m[Cluster 1 (atribuido)][0m
2026-08-05 16:15:15 [INFO]      consumiu MAIS que o habitual às 09h
2026-08-05 16:15:15 [INFO]      [2mReal:[0m 25.0 kWh   [2mHabitual:[0m 15.0 ± 2.8 kWh   [2mz:[0m +3.54   [2mdesvio:[0m +67%   [2m(2 obs. dia_util)[0m
2026-08-05 16:15:15 [INFO] 
2026-08-05 16:15:15 [INFO]   🔵 [94m[1mPT0002000201038711LS[0m  [2m[Cluster 1 (atribuido)][0m
2026-08-05 16:15:15 [INFO]      consumiu MENOS que o habitual às 07h
2026-08-05 16:15:15 [INFO]      [2mReal:[0m 1.0 kWh   [2mHabitual:[0m 3.5 ± 0.7 kWh   [2mz:[0m -3.54   [2mdesvio:[0m -71%   [2m(2 obs. dia_util)[0m
2026-08-05 16:15:15 [INFO] 
2026-08-05 16:15:15 [INFO]   🔴 [91m[1mPT0002000068856826ZG[0m  [2m[Cluster 0 (atribuido)][0m
2026-08-05 16:15:15 [INFO]      consumiu MAIS que o habitual às 05h
2026-08-05 16:15:15 [INFO]      [2mReal:[0m 103.0 kWh   [2mHabitual:[0m 76.5 ± 7.7 kWh   [2mz:[0m +3.46   [2mdesvio:[0m +35%   [2m(2 obs. dia_util)[0m
2026-08-05 16:15:15 [INFO] 
2026-08-05 16:15:15 [INFO]   🔴 [91m[1mPT0002000077348081AG[0m  [2m[Cluster 0 (atribuido)][0m
2026-08-05 16:15:15 [INFO]      consumiu MAIS que o habitual às 10h
2026-08-05 16:15:15 [INFO]      [2mReal:[0m 129.0 kWh   [2mHabitual:[0m 96.0 ± 9.6 kWh   [2mz:[0m +3.44   [2mdesvio:[0m +34%   [2m(2 obs. dia_util)[0m
2026-08-05 16:15:15 [INFO] 
2026-08-05 16:15:15 [INFO]   🔴 [91m[1mPT0002000068856655YV[0m  [2m[Cluster 0][0m
2026-08-05 16:15:15 [INFO]      consumiu MAIS que o habitual às 01h
2026-08-05 16:15:15 [INFO]      [2mReal:[0m 3.0 kWh   [2mHabitual:[0m 2.0 ± 0.3 kWh   [2mz:[0m +3.33   [2mdesvio:[0m +50%   [2m(2 obs. dia_util)[0m
2026-08-05 16:15:15 [INFO] 
2026-08-05 16:15:15 [INFO]   🔴 [91m[1mPT0002000068856872QG[0m  [2m[Cluster 1][0m
2026-08-05 16:15:15 [INFO]      consumiu MAIS que o habitual às 00h
2026-08-05 16:15:15 [INFO]      [2mReal:[0m 1.0 kWh   [2mHabitual:[0m 0.0 ± 0.3 kWh   [2mz:[0m +3.33   [2mdesvio:[0m +100000%   [2m(2 obs. dia_util)[0m
2026-08-05 16:15:15 [INFO] 
2026-08-05 16:15:15 [INFO]   🔴 [91m[1mPT0002000068856872QG[0m  [2m[Cluster 1][0m
2026-08-05 16:15:15 [INFO]      consumiu MAIS que o habitual às 01h
2026-08-05 16:15:15 [INFO]      [2mReal:[0m 1.0 kWh   [2mHabitual:[0m 0.0 ± 0.3 kWh   [2mz:[0m +3.33   [2mdesvio:[0m +100000%   [2m(2 obs. dia_util)[0m
2026-08-05 16:15:15 [INFO] 
2026-08-05 16:15:15 [INFO]   🔴 [91m[1mPT0002000068856872QG[0m  [2m[Cluster 1][0m
2026-08-05 16:15:15 [INFO]      consumiu MAIS que o habitual às 13h
2026-08-05 16:15:15 [INFO]      [2mReal:[0m 1.0 kWh   [2mHabitual:[0m 0.0 ± 0.3 kWh   [2mz:[0m +3.33   [2mdesvio:[0m +100000%   [2m(2 obs. dia_util)[0m
2026-08-05 16:15:15 [INFO] 
2026-08-05 16:15:15 [INFO]   🔴 [91m[1mPT0002000068856872QG[0m  [2m[Cluster 1][0m
2026-08-05 16:15:15 [INFO]      consumiu MAIS que o habitual às 14h
2026-08-05 16:15:15 [INFO]      [2mReal:[0m 1.0 kWh   [2mHabitual:[0m 0.0 ± 0.3 kWh   [2mz:[0m +3.33   [2mdesvio:[0m +100000%   [2m(2 obs. dia_util)[0m
2026-08-05 16:15:15 [INFO] 
2026-08-05 16:15:15 [INFO]   🔴 [91m[1mPT0002000068856906VS[0m  [2m[Cluster 0][0m
2026-08-05 16:15:15 [INFO]      consumiu MAIS que o habitual às 15h
2026-08-05 16:15:15 [INFO]      [2mReal:[0m 34.0 kWh   [2mHabitual:[0m 25.5 ± 2.5 kWh   [2mz:[0m +3.33   [2mdesvio:[0m +33%   [2m(2 obs. dia_util)[0m
2026-08-05 16:15:15 [INFO] 
2026-08-05 16:15:15 [INFO]   🔴 [91m[1mPT0002000068856952LS[0m  [2m[Cluster 2][0m
2026-08-05 16:15:15 [INFO]      consumiu MAIS que o habitual às 01h
2026-08-05 16:15:15 [INFO]      [2mReal:[0m 1.0 kWh   [2mHabitual:[0m 0.0 ± 0.3 kWh   [2mz:[0m +3.33   [2mdesvio:[0m +100000%   [2m(2 obs. dia_util)[0m
2026-08-05 16:15:15 [INFO] 
2026-08-05 16:15:15 [INFO]   🔴 [91m[1mPT0002000068856952LS[0m  [2m[Cluster 2][0m
2026-08-05 16:15:15 [INFO]      consumiu MAIS que o habitual às 10h
2026-08-05 16:15:15 [INFO]      [2mReal:[0m 1.0 kWh   [2mHabitual:[0m 0.0 ± 0.3 kWh   [2mz:[0m +3.33   [2mdesvio:[0m +100000%   [2m(2 obs. dia_util)[0m
2026-08-05 16:15:15 [INFO] 
2026-08-05 16:15:15 [INFO]   🔴 [91m[1mPT0002000068856952LS[0m  [2m[Cluster 2][0m
2026-08-05 16:15:15 [INFO]      consumiu MAIS que o habitual às 19h
2026-08-05 16:15:15 [INFO]      [2mReal:[0m 1.0 kWh   [2mHabitual:[0m 0.0 ± 0.3 kWh   [2mz:[0m +3.33   [2mdesvio:[0m +100000%   [2m(2 obs. dia_util)[0m
2026-08-05 16:15:15 [INFO] 
2026-08-05 16:15:15 [INFO]   🔵 [94m[1mPT0002000068858674WN[0m  [2m[Cluster 1 (atribuido)][0m
2026-08-05 16:15:15 [INFO]      consumiu MENOS que o habitual às 03h
2026-08-05 16:15:15 [INFO]      [2mReal:[0m 8.0 kWh   [2mHabitual:[0m 12.0 ± 1.2 kWh   [2mz:[0m -3.33   [2mdesvio:[0m -33%   [2m(2 obs. dia_util)[0m
2026-08-05 16:15:15 [INFO] 
2026-08-05 16:15:15 [INFO]   🔵 [94m[1mPT0002000068858674WN[0m  [2m[Cluster 1 (atribuido)][0m
2026-08-05 16:15:15 [INFO]      consumiu MENOS que o habitual às 07h
2026-08-05 16:15:15 [INFO]      [2mReal:[0m 8.0 kWh   [2mHabitual:[0m 12.0 ± 1.2 kWh   [2mz:[0m -3.33   [2mdesvio:[0m -33%   [2m(2 obs. dia_util)[0m
2026-08-05 16:15:15 [INFO] 
2026-08-05 16:15:15 [INFO]   🔵 [94m[1mPT0002000068858674WN[0m  [2m[Cluster 1 (atribuido)][0m
2026-08-05 16:15:15 [INFO]      consumiu MENOS que o habitual às 17h
2026-08-05 16:15:15 [INFO]      [2mReal:[0m 8.0 kWh   [2mHabitual:[0m 12.0 ± 1.2 kWh   [2mz:[0m -3.33   [2mdesvio:[0m -33%   [2m(2 obs. dia_util)[0m
2026-08-05 16:15:15 [INFO] 
2026-08-05 16:15:15 [INFO]   🔴 [91m[1mPT0002000071896778MT[0m  [2m[Cluster 0][0m
2026-08-05 16:15:15 [INFO]      consumiu MAIS que o habitual às 01h
2026-08-05 16:15:15 [INFO]      [2mReal:[0m 3.0 kWh   [2mHabitual:[0m 2.0 ± 0.3 kWh   [2mz:[0m +3.33   [2mdesvio:[0m +50%   [2m(2 obs. dia_util)[0m
2026-08-05 16:15:15 [INFO] 
2026-08-05 16:15:15 [INFO]   🔴 [91m[1mPT0002000071896778MT[0m  [2m[Cluster 0][0m
2026-08-05 16:15:15 [INFO]      consumiu MAIS que o habitual às 04h
2026-08-05 16:15:15 [INFO]      [2mReal:[0m 3.0 kWh   [2mHabitual:[0m 2.0 ± 0.3 kWh   [2mz:[0m +3.33   [2mdesvio:[0m +50%   [2m(2 obs. dia_util)[0m
2026-08-05 16:15:15 [INFO] 
2026-08-05 16:15:15 [INFO]   🔴 [91m[1mPT0002000073717386HC[0m  [2m[Cluster 1 (atribuido)][0m
2026-08-05 16:15:15 [INFO]      consumiu MAIS que o habitual às 01h
2026-08-05 16:15:15 [INFO]      [2mReal:[0m 1.0 kWh   [2mHabitual:[0m 0.0 ± 0.3 kWh   [2mz:[0m +3.33   [2mdesvio:[0m +100000%   [2m(2 obs. dia_util)[0m
2026-08-05 16:15:15 [INFO] 
2026-08-05 16:15:15 [INFO]   🔴 [91m[1mPT0002000073717386HC[0m  [2m[Cluster 1 (atribuido)][0m
2026-08-05 16:15:15 [INFO]      consumiu MAIS que o habitual às 02h
2026-08-05 16:15:15 [INFO]      [2mReal:[0m 1.0 kWh   [2mHabitual:[0m 0.0 ± 0.3 kWh   [2mz:[0m +3.33   [2mdesvio:[0m +100000%   [2m(2 obs. dia_util)[0m
2026-08-05 16:15:15 [INFO] 
2026-08-05 16:15:15 [INFO]   🔴 [91m[1mPT0002000073717386HC[0m  [2m[Cluster 1 (atribuido)][0m
2026-08-05 16:15:15 [INFO]      consumiu MAIS que o habitual às 04h
2026-08-05 16:15:15 [INFO]      [2mReal:[0m 1.0 kWh   [2mHabitual:[0m 0.0 ± 0.3 kWh   [2mz:[0m +3.33   [2mdesvio:[0m +100000%   [2m(2 obs. dia_util)[0m
2026-08-05 16:15:15 [INFO] 
2026-08-05 16:15:15 [INFO]   🔴 [91m[1mPT0002000073717386HC[0m  [2m[Cluster 1 (atribuido)][0m
2026-08-05 16:15:15 [INFO]      consumiu MAIS que o habitual às 05h
2026-08-05 16:15:15 [INFO]      [2mReal:[0m 1.0 kWh   [2mHabitual:[0m 0.0 ± 0.3 kWh   [2mz:[0m +3.33   [2mdesvio:[0m +100000%   [2m(2 obs. dia_util)[0m
2026-08-05 16:15:15 [INFO] 
2026-08-05 16:15:15 [INFO]   🔵 [94m[1mPT0002000077647404EM[0m  [2m[Cluster 1][0m
2026-08-05 16:15:15 [INFO]      consumiu MENOS que o habitual às 17h
2026-08-05 16:15:15 [INFO]      [2mReal:[0m 2.0 kWh   [2mHabitual:[0m 3.0 ± 0.3 kWh   [2mz:[0m -3.33   [2mdesvio:[0m -33%   [2m(2 obs. dia_util)[0m
2026-08-05 16:15:15 [INFO] 
2026-08-05 16:15:15 [INFO]   🔵 [94m[1mPT0002000078233981HJ[0m  [2m[Cluster 1][0m
2026-08-05 16:15:15 [INFO]      consumiu MENOS que o habitual às 02h
2026-08-05 16:15:15 [INFO]      [2mReal:[0m 1.0 kWh   [2mHabitual:[0m 2.0 ± 0.3 kWh   [2mz:[0m -3.33   [2mdesvio:[0m -50%   [2m(2 obs. dia_util)[0m
2026-08-05 16:15:15 [INFO] 
2026-08-05 16:15:15 [INFO]   🔵 [94m[1mPT0002000078233981HJ[0m  [2m[Cluster 1][0m
2026-08-05 16:15:15 [INFO]      consumiu MENOS que o habitual às 05h
2026-08-05 16:15:15 [INFO]      [2mReal:[0m 1.0 kWh   [2mHabitual:[0m 2.0 ± 0.3 kWh   [2mz:[0m -3.33   [2mdesvio:[0m -50%   [2m(2 obs. dia_util)[0m
2026-08-05 16:15:15 [INFO] 
2026-08-05 16:15:15 [INFO]   🔵 [94m[1mPT0002000081344542CP[0m  [2m[Cluster 1][0m
2026-08-05 16:15:15 [INFO]      consumiu MENOS que o habitual às 03h
2026-08-05 16:15:15 [INFO]      [2mReal:[0m 2.0 kWh   [2mHabitual:[0m 3.0 ± 0.3 kWh   [2mz:[0m -3.33   [2mdesvio:[0m -33%   [2m(2 obs. dia_util)[0m
2026-08-05 16:15:15 [INFO] 
2026-08-05 16:15:15 [INFO]   🔵 [94m[1mPT0002000081344542CP[0m  [2m[Cluster 1][0m
2026-08-05 16:15:15 [INFO]      consumiu MENOS que o habitual às 06h
2026-08-05 16:15:15 [INFO]      [2mReal:[0m 2.0 kWh   [2mHabitual:[0m 3.0 ± 0.3 kWh   [2mz:[0m -3.33   [2mdesvio:[0m -33%   [2m(2 obs. dia_util)[0m
2026-08-05 16:15:15 [INFO] 
2026-08-05 16:15:15 [INFO]   🔵 [94m[1mPT0002000105483259QH[0m  [2m[Cluster 1][0m
2026-08-05 16:15:15 [INFO]      consumiu MENOS que o habitual às 02h
2026-08-05 16:15:15 [INFO]      [2mReal:[0m 0.0 kWh   [2mHabitual:[0m 1.0 ± 0.3 kWh   [2mz:[0m -3.33   [2mdesvio:[0m -100%   [2m(2 obs. dia_util)[0m
2026-08-05 16:15:15 [INFO] 
2026-08-05 16:15:15 [INFO]   🔴 [91m[1mPT0002000105483259QH[0m  [2m[Cluster 1][0m
2026-08-05 16:15:15 [INFO]      consumiu MAIS que o habitual às 03h
2026-08-05 16:15:15 [INFO]      [2mReal:[0m 1.0 kWh   [2mHabitual:[0m 0.0 ± 0.3 kWh   [2mz:[0m +3.33   [2mdesvio:[0m +100000%   [2m(2 obs. dia_util)[0m
2026-08-05 16:15:15 [INFO] 
2026-08-05 16:15:15 [INFO]   🔵 [94m[1mPT0002000105483259QH[0m  [2m[Cluster 1][0m
2026-08-05 16:15:15 [INFO]      consumiu MENOS que o habitual às 12h
2026-08-05 16:15:15 [INFO]      [2mReal:[0m 0.0 kWh   [2mHabitual:[0m 1.0 ± 0.3 kWh   [2mz:[0m -3.33   [2mdesvio:[0m -100%   [2m(2 obs. dia_util)[0m
2026-08-05 16:15:15 [INFO] 
2026-08-05 16:15:15 [INFO]   🔴 [91m[1mPT0002000105483259QH[0m  [2m[Cluster 1][0m
2026-08-05 16:15:15 [INFO]      consumiu MAIS que o habitual às 18h
2026-08-05 16:15:15 [INFO]      [2mReal:[0m 2.0 kWh   [2mHabitual:[0m 1.0 ± 0.3 kWh   [2mz:[0m +3.33   [2mdesvio:[0m +100%   [2m(2 obs. dia_util)[0m
2026-08-05 16:15:15 [INFO] 
2026-08-05 16:15:15 [INFO]   🔴 [91m[1mPT0002000107046231FW[0m  [2m[Cluster 0][0m
2026-08-05 16:15:15 [INFO]      consumiu MAIS que o habitual às 11h
2026-08-05 16:15:15 [INFO]      [2mReal:[0m 3.0 kWh   [2mHabitual:[0m 2.0 ± 0.3 kWh   [2mz:[0m +3.33   [2mdesvio:[0m +50%   [2m(2 obs. dia_util)[0m
2026-08-05 16:15:15 [INFO] 
2026-08-05 16:15:15 [INFO]   🔵 [94m[1mPT0002000107046231FW[0m  [2m[Cluster 0][0m
2026-08-05 16:15:15 [INFO]      consumiu MENOS que o habitual às 12h
2026-08-05 16:15:15 [INFO]      [2mReal:[0m 1.0 kWh   [2mHabitual:[0m 2.0 ± 0.3 kWh   [2mz:[0m -3.33   [2mdesvio:[0m -50%   [2m(2 obs. dia_util)[0m
2026-08-05 16:15:15 [INFO] 
2026-08-05 16:15:15 [INFO]   🔵 [94m[1mPT0002000107046231FW[0m  [2m[Cluster 0][0m
2026-08-05 16:15:15 [INFO]      consumiu MENOS que o habitual às 17h
2026-08-05 16:15:15 [INFO]      [2mReal:[0m 1.0 kWh   [2mHabitual:[0m 2.0 ± 0.3 kWh   [2mz:[0m -3.33   [2mdesvio:[0m -50%   [2m(2 obs. dia_util)[0m
2026-08-05 16:15:15 [INFO] 
2026-08-05 16:15:15 [INFO]   🔴 [91m[1mPT0002000107046231FW[0m  [2m[Cluster 0][0m
2026-08-05 16:15:15 [INFO]      consumiu MAIS que o habitual às 21h
2026-08-05 16:15:15 [INFO]      [2mReal:[0m 3.0 kWh   [2mHabitual:[0m 2.0 ± 0.3 kWh   [2mz:[0m +3.33   [2mdesvio:[0m +50%   [2m(3 obs. dia_util)[0m
2026-08-05 16:15:15 [INFO] 
2026-08-05 16:15:15 [INFO]   🔴 [91m[1mPT0002000107046231FW[0m  [2m[Cluster 0][0m
2026-08-05 16:15:15 [INFO]      consumiu MAIS que o habitual às 23h
2026-08-05 16:15:15 [INFO]      [2mReal:[0m 2.0 kWh   [2mHabitual:[0m 1.0 ± 0.3 kWh   [2mz:[0m +3.33   [2mdesvio:[0m +100%   [2m(3 obs. dia_util)[0m
2026-08-05 16:15:15 [INFO] 
2026-08-05 16:15:15 [INFO]   🔴 [91m[1mPT0002000115031201VQ[0m  [2m[Cluster 0][0m
2026-08-05 16:15:15 [INFO]      consumiu MAIS que o habitual às 14h
2026-08-05 16:15:15 [INFO]      [2mReal:[0m 4.0 kWh   [2mHabitual:[0m 3.0 ± 0.3 kWh   [2mz:[0m +3.33   [2mdesvio:[0m +33%   [2m(2 obs. dia_util)[0m
2026-08-05 16:15:15 [INFO] 
2026-08-05 16:15:15 [INFO]   🔴 [91m[1mPT0002000115031201VQ[0m  [2m[Cluster 0][0m
2026-08-05 16:15:15 [INFO]      consumiu MAIS que o habitual às 15h
2026-08-05 16:15:15 [INFO]      [2mReal:[0m 4.0 kWh   [2mHabitual:[0m 3.0 ± 0.3 kWh   [2mz:[0m +3.33   [2mdesvio:[0m +33%   [2m(2 obs. dia_util)[0m
2026-08-05 16:15:15 [INFO] 
2026-08-05 16:15:15 [INFO]   🔴 [91m[1mPT0002000115673389QK[0m  [2m[Cluster 0][0m
2026-08-05 16:15:15 [INFO]      consumiu MAIS que o habitual às 15h
2026-08-05 16:15:15 [INFO]      [2mReal:[0m 22.0 kWh   [2mHabitual:[0m 16.5 ± 1.6 kWh   [2mz:[0m +3.33   [2mdesvio:[0m +33%   [2m(2 obs. dia_util)[0m
2026-08-05 16:15:15 [INFO] 
2026-08-05 16:15:15 [INFO]   🔴 [91m[1mPT0002000119303492KB[0m  [2m[Cluster 0][0m
2026-08-05 16:15:15 [INFO]      consumiu MAIS que o habitual às 07h
2026-08-05 16:15:15 [INFO]      [2mReal:[0m 3.0 kWh   [2mHabitual:[0m 2.0 ± 0.3 kWh   [2mz:[0m +3.33   [2mdesvio:[0m +50%   [2m(2 obs. dia_util)[0m
2026-08-05 16:15:15 [INFO] 
2026-08-05 16:15:15 [INFO]   🔴 [91m[1mPT0002000123648159KR[0m  [2m[Cluster 0][0m
2026-08-05 16:15:15 [INFO]      consumiu MAIS que o habitual às 03h
2026-08-05 16:15:15 [INFO]      [2mReal:[0m 3.0 kWh   [2mHabitual:[0m 2.0 ± 0.3 kWh   [2mz:[0m +3.33   [2mdesvio:[0m +50%   [2m(2 obs. dia_util)[0m
2026-08-05 16:15:15 [INFO] 
2026-08-05 16:15:15 [INFO]   🔴 [91m[1mPT0002000123648159KR[0m  [2m[Cluster 0][0m
2026-08-05 16:15:15 [INFO]      consumiu MAIS que o habitual às 08h
2026-08-05 16:15:15 [INFO]      [2mReal:[0m 3.0 kWh   [2mHabitual:[0m 2.0 ± 0.3 kWh   [2mz:[0m +3.33   [2mdesvio:[0m +50%   [2m(2 obs. dia_util)[0m
2026-08-05 16:15:15 [INFO] 
2026-08-05 16:15:15 [INFO]   🔴 [91m[1mPT0002000123648159KR[0m  [2m[Cluster 0][0m
2026-08-05 16:15:15 [INFO]      consumiu MAIS que o habitual às 14h
2026-08-05 16:15:15 [INFO]      [2mReal:[0m 3.0 kWh   [2mHabitual:[0m 2.0 ± 0.3 kWh   [2mz:[0m +3.33   [2mdesvio:[0m +50%   [2m(2 obs. dia_util)[0m
2026-08-05 16:15:15 [INFO] 
2026-08-05 16:15:15 [INFO]   🔴 [91m[1mPT0002000123648159KR[0m  [2m[Cluster 0][0m
2026-08-05 16:15:15 [INFO]      consumiu MAIS que o habitual às 20h
2026-08-05 16:15:15 [INFO]      [2mReal:[0m 4.0 kWh   [2mHabitual:[0m 3.0 ± 0.3 kWh   [2mz:[0m +3.33   [2mdesvio:[0m +33%   [2m(2 obs. dia_util)[0m
2026-08-05 16:15:15 [INFO] 
2026-08-05 16:15:15 [INFO]   🔴 [91m[1mPT0002000201038711LS[0m  [2m[Cluster 1 (atribuido)][0m
2026-08-05 16:15:15 [INFO]      consumiu MAIS que o habitual às 01h
2026-08-05 16:15:15 [INFO]      [2mReal:[0m 1.0 kWh   [2mHabitual:[0m 0.0 ± 0.3 kWh   [2mz:[0m +3.33   [2mdesvio:[0m +100000%   [2m(2 obs. dia_util)[0m
2026-08-05 16:15:15 [INFO] 
2026-08-05 16:15:15 [INFO]   🔴 [91m[1mPT0002000201038711LS[0m  [2m[Cluster 1 (atribuido)][0m
2026-08-05 16:15:15 [INFO]      consumiu MAIS que o habitual às 06h
2026-08-05 16:15:15 [INFO]      [2mReal:[0m 1.0 kWh   [2mHabitual:[0m 0.0 ± 0.3 kWh   [2mz:[0m +3.33   [2mdesvio:[0m +100000%   [2m(2 obs. dia_util)[0m
2026-08-05 16:15:15 [INFO] 
2026-08-05 16:15:15 [INFO]   🔴 [91m[1mPT0002000068856826ZG[0m  [2m[Cluster 0 (atribuido)][0m
2026-08-05 16:15:15 [INFO]      consumiu MAIS que o habitual às 21h
2026-08-05 16:15:15 [INFO]      [2mReal:[0m 207.0 kWh   [2mHabitual:[0m 150.3 ± 17.1 kWh   [2mz:[0m +3.31   [2mdesvio:[0m +38%   [2m(3 obs. dia_util)[0m
2026-08-05 16:15:15 [INFO] 
2026-08-05 16:15:15 [INFO]   🔴 [91m[1mPT0002000068856826ZG[0m  [2m[Cluster 0 (atribuido)][0m
2026-08-05 16:15:15 [INFO]      consumiu MAIS que o habitual às 01h
2026-08-05 16:15:15 [INFO]      [2mReal:[0m 104.0 kWh   [2mHabitual:[0m 78.5 ± 7.8 kWh   [2mz:[0m +3.25   [2mdesvio:[0m +32%   [2m(2 obs. dia_util)[0m
2026-08-05 16:15:15 [INFO] 
2026-08-05 16:15:15 [INFO]   🔴 [91m[1mPT0002000068856826ZG[0m  [2m[Cluster 0 (atribuido)][0m
2026-08-05 16:15:15 [INFO]      consumiu MAIS que o habitual às 03h
2026-08-05 16:15:15 [INFO]      [2mReal:[0m 102.0 kWh   [2mHabitual:[0m 77.0 ± 7.7 kWh   [2mz:[0m +3.25   [2mdesvio:[0m +32%   [2m(2 obs. dia_util)[0m
2026-08-05 16:15:15 [INFO] 
2026-08-05 16:15:15 [INFO]   🔴 [91m[1mPT0002000078140706BA[0m  [2m[Cluster 1 (atribuido)][0m
2026-08-05 16:15:15 [INFO]      consumiu MAIS que o habitual às 02h
2026-08-05 16:15:15 [INFO]      [2mReal:[0m 43.0 kWh   [2mHabitual:[0m 31.5 ± 3.5 kWh   [2mz:[0m +3.25   [2mdesvio:[0m +37%   [2m(2 obs. dia_util)[0m
2026-08-05 16:15:15 [INFO] 
2026-08-05 16:15:15 [INFO]   🔴 [91m[1mPT0002000078140706BA[0m  [2m[Cluster 1 (atribuido)][0m
2026-08-05 16:15:15 [INFO]      consumiu MAIS que o habitual às 06h
2026-08-05 16:15:15 [INFO]      [2mReal:[0m 40.0 kWh   [2mHabitual:[0m 28.5 ± 3.5 kWh   [2mz:[0m +3.25   [2mdesvio:[0m +40%   [2m(2 obs. dia_util)[0m
2026-08-05 16:15:15 [INFO] 
2026-08-05 16:15:15 [INFO]   🔴 [91m[1mPT0002000111572054VT[0m  [2m[Cluster 0 (atribuido)][0m
2026-08-05 16:15:15 [INFO]      consumiu MAIS que o habitual às 07h
2026-08-05 16:15:15 [INFO]      [2mReal:[0m 23.0 kWh   [2mHabitual:[0m 14.0 ± 2.8 kWh   [2mz:[0m +3.18   [2mdesvio:[0m +64%   [2m(2 obs. dia_util)[0m
2026-08-05 16:15:15 [INFO] 
2026-08-05 16:15:15 [INFO]   🔴 [91m[1mPT0002000068856826ZG[0m  [2m[Cluster 0 (atribuido)][0m
2026-08-05 16:15:15 [INFO]      consumiu MAIS que o habitual às 04h
2026-08-05 16:15:15 [INFO]      [2mReal:[0m 101.0 kWh   [2mHabitual:[0m 77.0 ± 7.7 kWh   [2mz:[0m +3.12   [2mdesvio:[0m +31%   [2m(2 obs. dia_util)[0m
2026-08-05 16:15:15 [INFO] 
2026-08-05 16:15:15 [INFO]   🔴 [91m[1mPT0002000111572054VT[0m  [2m[Cluster 0 (atribuido)][0m
2026-08-05 16:15:15 [INFO]      consumiu MAIS que o habitual às 04h
2026-08-05 16:15:15 [INFO]      [2mReal:[0m 21.0 kWh   [2mHabitual:[0m 16.0 ± 1.6 kWh   [2mz:[0m +3.12   [2mdesvio:[0m +31%   [2m(2 obs. dia_util)[0m
2026-08-05 16:15:15 [INFO] 
2026-08-05 16:15:15 [INFO]   🔴 [91m[1mPT0002000115673389QK[0m  [2m[Cluster 0][0m
2026-08-05 16:15:15 [INFO]      consumiu MAIS que o habitual às 16h
2026-08-05 16:15:15 [INFO]      [2mReal:[0m 21.0 kWh   [2mHabitual:[0m 16.0 ± 1.6 kWh   [2mz:[0m +3.12   [2mdesvio:[0m +31%   [2m(2 obs. dia_util)[0m
2026-08-05 16:15:15 [INFO] 
2026-08-05 16:15:15 [INFO]   🔴 [91m[1mPT0002000068856826ZG[0m  [2m[Cluster 0 (atribuido)][0m
2026-08-05 16:15:15 [INFO]      consumiu MAIS que o habitual às 06h
2026-08-05 16:15:15 [INFO]      [2mReal:[0m 98.0 kWh   [2mHabitual:[0m 75.0 ± 7.5 kWh   [2mz:[0m +3.07   [2mdesvio:[0m +31%   [2m(2 obs. dia_util)[0m
2026-08-05 16:15:15 [INFO] 
2026-08-05 16:15:15 [INFO]   🔵 [94m[1mPT0002000068859597LS[0m  [2m[Cluster 0][0m
2026-08-05 16:15:15 [INFO]      consumiu MENOS que o habitual às 19h
2026-08-05 16:15:15 [INFO]      [2mReal:[0m 27.0 kWh   [2mHabitual:[0m 53.0 ± 8.5 kWh   [2mz:[0m -3.06   [2mdesvio:[0m -49%   [2m(2 obs. dia_util)[0m
2026-08-05 16:15:15 [INFO] 
2026-08-05 16:15:15 [INFO]   🔵 [94m[1mPT0002000068857909SY[0m  [2m[Cluster 1][0m
2026-08-05 16:15:15 [INFO]      consumiu MENOS que o habitual às 10h
2026-08-05 16:15:15 [INFO]      [2mReal:[0m 8.0 kWh   [2mHabitual:[0m 11.5 ± 1.1 kWh   [2mz:[0m -3.04   [2mdesvio:[0m -30%   [2m(2 obs. dia_util)[0m
2026-08-05 16:15:15 [INFO] 
2026-08-05 16:15:15 [INFO]   🔴 [91m[1mPT0002000078140706BA[0m  [2m[Cluster 1 (atribuido)][0m
2026-08-05 16:15:15 [INFO]      consumiu MAIS que o habitual às 04h
2026-08-05 16:15:15 [INFO]      [2mReal:[0m 43.0 kWh   [2mHabitual:[0m 33.0 ± 3.3 kWh   [2mz:[0m +3.03   [2mdesvio:[0m +30%   [2m(2 obs. dia_util)[0m
2026-08-05 16:15:15 [INFO] 
2026-08-05 16:15:15 [INFO]   [2mCSV:[0m /home/runner/work/ts-anomaly-detection-dissertation/ts-anomaly-detection-dissertation/results/energia/realtime/alerts/analise_energia_2026-08-04.csv
2026-08-05 16:15:15 [INFO] 
2026-08-05 16:15:15 [INFO] [96m→ A prever consumo de 2026-08-05 para 276 CPEs...[0m
2026-08-05 16:15:20 [INFO] [1m══════════════════════════════════════════════════════════════════════[0m
2026-08-05 16:15:20 [INFO] [1m  PREDIÇÃO — 2026-08-05 [0m[2m(dia util)[0m
2026-08-05 16:15:20 [INFO] [1m══════════════════════════════════════════════════════════════════════[0m
2026-08-05 16:15:20 [INFO]   [95m● CPEs previstos[0m          69 [2m(alta: 0, baixa: 1656)[0m
2026-08-05 16:15:20 [INFO]   [95m● Consumo total previsto[0m 88171.0 kWh [2m(±12621.2)[0m
2026-08-05 16:15:20 [INFO] 
2026-08-05 16:15:20 [INFO]   [2mPrevisão guardada:[0m /home/runner/work/ts-anomaly-detection-dissertation/ts-anomaly-detection-dissertation/results/energia/realtime/predictions/previsao_energia_2026-08-05.csv
2026-08-05 16:15:20 [INFO] 
2026-08-05 16:15:20 [INFO] [1m══════════════════════════════════════════════════════════════════════[0m
2026-08-05 16:15:20 [INFO] [1m  VALIDAÇÃO — qualidade das previsões anteriores[0m
2026-08-05 16:15:20 [INFO] [1m══════════════════════════════════════════════════════════════════════[0m
2026-08-05 16:15:20 [INFO]   [2mDias validados:[0m 3   [2mpendentes:[0m 51
2026-08-05 16:15:20 [INFO]   [2mÚltimo (2026-08-03):[0m MAE 9.53 kWh   RMSE 25.65   em ±1σ 71% [2m(esperado ~68%)[0m   em ±2σ 90% [2m(esperado ~95%)[0m
2026-08-05 16:15:20 [INFO]   [2mMédia acumulada:[0m MAE 10.65 kWh   RMSE 26.08   em ±1σ 63%   em ±2σ 89%
2026-08-05 16:15:20 [INFO]   [2mCSV:[0m /home/runner/work/ts-anomaly-detection-dissertation/ts-anomaly-detection-dissertation/results/energia/realtime/analysis/qualidade_previsoes_energia.csv
2026-08-05 16:15:20 [INFO] 
2026-08-05 16:15:20 [INFO] 
2026-08-05 16:15:20 [INFO] Concluido em 458.9s. Ficheiros gerados: 2
2026-08-05 16:49:26 [INFO] [96m→ A pedir dados ao BaZe (276 CPEs)...[0m
2026-08-05 16:56:21 [INFO]   [2mClusters atribuidos carregados:[0m 22 novos
2026-08-05 16:56:21 [INFO] 
2026-08-05 16:56:21 [INFO] [1m══════════════════════════════════════════════════════════════════════[0m
2026-08-05 16:56:21 [INFO] [1m  DETEÇÃO DE ANOMALIAS — 2026-08-04[0m
2026-08-05 16:56:21 [INFO] [1m══════════════════════════════════════════════════════════════════════[0m
2026-08-05 16:56:21 [INFO]   [2mTipo de dia:[0m  dia util
2026-08-05 16:56:21 [INFO]   [2mFonte:[0m        BAZE
2026-08-05 16:56:21 [INFO]   [2mCPEs c/ dados:[0m 69
2026-08-05 16:56:21 [INFO]   [2mThreshold:[0m    |z| > 3.0 [2m(adaptativo a este tipo de dia)[0m
2026-08-05 16:56:21 [INFO] 
2026-08-05 16:56:21 [INFO] [96m→ A analisar 69 CPEs / 1656 pontos horários (retrospetiva)...[0m
2026-08-05 16:56:23 [INFO] [1m─── Resumo ─────────────────────────────────────[0m
2026-08-05 16:56:23 [INFO]   [92m● Normal[0m                1475 [2m( 89.1%)[0m
2026-08-05 16:56:23 [INFO]   [91m● Desvio (alta confiança)[0m    0 [2m(  0.0%)[0m
2026-08-05 16:56:23 [INFO]   [93m● Desvio (baixa confiança)[0m 181 [2m( 10.9%)[0m
2026-08-05 16:56:23 [INFO]   [2mTempo: 416.5s[0m
2026-08-05 16:56:23 [INFO] 
2026-08-05 16:56:23 [INFO] [1m[93m─── Desvios de BAIXA confiança (181) ──────────────[0m
2026-08-05 16:56:23 [INFO]   [2m(poucos dados históricos — verificar manualmente)[0m
2026-08-05 16:56:23 [INFO] 
2026-08-05 16:56:23 [INFO]   🔴 [91m[1mPT0002000068855003AK[0m  [2m[Cluster 0 (atribuido)][0m
2026-08-05 16:56:23 [INFO]      consumiu MAIS que o habitual às 16h
2026-08-05 16:56:23 [INFO]      [2mReal:[0m 48.0 kWh   [2mHabitual:[0m 18.5 ± 2.1 kWh   [2mz:[0m +10.00⁺   [2mdesvio:[0m +159%   [2m(2 obs. dia_util)[0m
2026-08-05 16:56:23 [INFO] 
2026-08-05 16:56:23 [INFO]   🔴 [91m[1mPT0002000068855003AK[0m  [2m[Cluster 0 (atribuido)][0m
2026-08-05 16:56:23 [INFO]      consumiu MAIS que o habitual às 17h
2026-08-05 16:56:23 [INFO]      [2mReal:[0m 41.0 kWh   [2mHabitual:[0m 16.5 ± 1.6 kWh   [2mz:[0m +10.00⁺   [2mdesvio:[0m +148%   [2m(2 obs. dia_util)[0m
2026-08-05 16:56:23 [INFO] 
2026-08-05 16:56:23 [INFO]   🔴 [91m[1mPT0002000068855003AK[0m  [2m[Cluster 0 (atribuido)][0m
2026-08-05 16:56:23 [INFO]      consumiu MAIS que o habitual às 18h
2026-08-05 16:56:23 [INFO]      [2mReal:[0m 48.0 kWh   [2mHabitual:[0m 16.0 ± 1.6 kWh   [2mz:[0m +10.00⁺   [2mdesvio:[0m +200%   [2m(2 obs. dia_util)[0m
2026-08-05 16:56:23 [INFO] 
2026-08-05 16:56:23 [INFO]   🔴 [91m[1mPT0002000068855003AK[0m  [2m[Cluster 0 (atribuido)][0m
2026-08-05 16:56:23 [INFO]      consumiu MAIS que o habitual às 19h
2026-08-05 16:56:23 [INFO]      [2mReal:[0m 54.0 kWh   [2mHabitual:[0m 14.0 ± 1.4 kWh   [2mz:[0m +10.00⁺   [2mdesvio:[0m +286%   [2m(2 obs. dia_util)[0m
2026-08-05 16:56:23 [INFO] 
2026-08-05 16:56:23 [INFO]   🔴 [91m[1mPT0002000068855003AK[0m  [2m[Cluster 0 (atribuido)][0m
2026-08-05 16:56:23 [INFO]      consumiu MAIS que o habitual às 20h
2026-08-05 16:56:23 [INFO]      [2mReal:[0m 20.0 kWh   [2mHabitual:[0m 7.5 ± 0.8 kWh   [2mz:[0m +10.00⁺   [2mdesvio:[0m +167%   [2m(2 obs. dia_util)[0m
2026-08-05 16:56:23 [INFO] 
2026-08-05 16:56:23 [INFO]   🔴 [91m[1mPT0002000068856872QG[0m  [2m[Cluster 1][0m
2026-08-05 16:56:23 [INFO]      consumiu MAIS que o habitual às 07h
2026-08-05 16:56:23 [INFO]      [2mReal:[0m 3.0 kWh   [2mHabitual:[0m 0.0 ± 0.3 kWh   [2mz:[0m +10.00   [2mdesvio:[0m +300000%   [2m(2 obs. dia_util)[0m
2026-08-05 16:56:23 [INFO] 
2026-08-05 16:56:23 [INFO]   🔴 [91m[1mPT0002000068856872QG[0m  [2m[Cluster 1][0m
2026-08-05 16:56:23 [INFO]      consumiu MAIS que o habitual às 20h
2026-08-05 16:56:23 [INFO]      [2mReal:[0m 3.0 kWh   [2mHabitual:[0m 0.0 ± 0.3 kWh   [2mz:[0m +10.00   [2mdesvio:[0m +300000%   [2m(2 obs. dia_util)[0m
2026-08-05 16:56:23 [INFO] 
2026-08-05 16:56:23 [INFO]   🔴 [91m[1mPT0002000068857099AR[0m  [2m[Cluster 1][0m
2026-08-05 16:56:23 [INFO]      consumiu MAIS que o habitual às 21h
2026-08-05 16:56:23 [INFO]      [2mReal:[0m 39.0 kWh   [2mHabitual:[0m 5.0 ± 1.0 kWh   [2mz:[0m +10.00⁺   [2mdesvio:[0m +680%   [2m(3 obs. dia_util)[0m
2026-08-05 16:56:23 [INFO] 
2026-08-05 16:56:23 [INFO]   🔴 [91m[1mPT0002000078140706BA[0m  [2m[Cluster 1 (atribuido)][0m
2026-08-05 16:56:23 [INFO]      consumiu MAIS que o habitual às 09h
2026-08-05 16:56:23 [INFO]      [2mReal:[0m 104.0 kWh   [2mHabitual:[0m 5.0 ± 2.8 kWh   [2mz:[0m +10.00⁺   [2mdesvio:[0m +1980%   [2m(2 obs. dia_util)[0m
2026-08-05 16:56:23 [INFO] 
2026-08-05 16:56:23 [INFO]   🔴 [91m[1mPT0002000078140706BA[0m  [2m[Cluster 1 (atribuido)][0m
2026-08-05 16:56:23 [INFO]      consumiu MAIS que o habitual às 18h
2026-08-05 16:56:23 [INFO]      [2mReal:[0m 40.0 kWh   [2mHabitual:[0m 15.5 ± 1.6 kWh   [2mz:[0m +10.00⁺   [2mdesvio:[0m +158%   [2m(2 obs. dia_util)[0m
2026-08-05 16:56:23 [INFO] 
2026-08-05 16:56:23 [INFO]   🔴 [91m[1mPT0002000078140706BA[0m  [2m[Cluster 1 (atribuido)][0m
2026-08-05 16:56:23 [INFO]      consumiu MAIS que o habitual às 19h
2026-08-05 16:56:23 [INFO]      [2mReal:[0m 84.0 kWh   [2mHabitual:[0m 27.0 ± 2.7 kWh   [2mz:[0m +10.00⁺   [2mdesvio:[0m +211%   [2m(2 obs. dia_util)[0m
2026-08-05 16:56:23 [INFO] 
2026-08-05 16:56:23 [INFO]   🔴 [91m[1mPT0002000078233981HJ[0m  [2m[Cluster 1][0m
2026-08-05 16:56:23 [INFO]      consumiu MAIS que o habitual às 15h
2026-08-05 16:56:23 [INFO]      [2mReal:[0m 13.0 kWh   [2mHabitual:[0m 2.5 ± 0.7 kWh   [2mz:[0m +10.00⁺   [2mdesvio:[0m +420%   [2m(2 obs. dia_util)[0m
2026-08-05 16:56:23 [INFO] 
2026-08-05 16:56:23 [INFO]   🔵 [94m[1mPT0002000079469719HF[0m  [2m[Cluster 1 (atribuido)][0m
2026-08-05 16:56:23 [INFO]      consumiu MENOS que o habitual às 17h
2026-08-05 16:56:23 [INFO]      [2mReal:[0m 0.0 kWh   [2mHabitual:[0m 65.5 ± 6.5 kWh   [2mz:[0m -10.00   [2mdesvio:[0m -100%   [2m(2 obs. dia_util)[0m
2026-08-05 16:56:23 [INFO] 
2026-08-05 16:56:23 [INFO]   🔴 [91m[1mPT0002000081344542CP[0m  [2m[Cluster 1][0m
2026-08-05 16:56:23 [INFO]      consumiu MAIS que o habitual às 17h
2026-08-05 16:56:23 [INFO]      [2mReal:[0m 6.0 kWh   [2mHabitual:[0m 2.0 ± 0.3 kWh   [2mz:[0m +10.00⁺   [2mdesvio:[0m +200%   [2m(2 obs. dia_util)[0m
2026-08-05 16:56:23 [INFO] 
2026-08-05 16:56:23 [INFO]   🔴 [91m[1mPT0002000081344542CP[0m  [2m[Cluster 1][0m
2026-08-05 16:56:23 [INFO]      consumiu MAIS que o habitual às 19h
2026-08-05 16:56:23 [INFO]      [2mReal:[0m 41.0 kWh   [2mHabitual:[0m 3.5 ± 2.1 kWh   [2mz:[0m +10.00⁺   [2mdesvio:[0m +1071%   [2m(2 obs. dia_util)[0m
2026-08-05 16:56:23 [INFO] 
2026-08-05 16:56:23 [INFO]   🔴 [91m[1mPT0002000081344542CP[0m  [2m[Cluster 1][0m
2026-08-05 16:56:23 [INFO]      consumiu MAIS que o habitual às 21h
2026-08-05 16:56:23 [INFO]      [2mReal:[0m 32.0 kWh   [2mHabitual:[0m 3.0 ± 1.0 kWh   [2mz:[0m +10.00⁺   [2mdesvio:[0m +967%   [2m(3 obs. dia_util)[0m
2026-08-05 16:56:23 [INFO] 
2026-08-05 16:56:23 [INFO]   🔴 [91m[1mPT0002000081344542CP[0m  [2m[Cluster 1][0m
2026-08-05 16:56:23 [INFO]      consumiu MAIS que o habitual às 22h
2026-08-05 16:56:23 [INFO]      [2mReal:[0m 9.0 kWh   [2mHabitual:[0m 2.7 ± 0.6 kWh   [2mz:[0m +10.00⁺   [2mdesvio:[0m +237%   [2m(3 obs. dia_util)[0m
2026-08-05 16:56:23 [INFO] 
2026-08-05 16:56:23 [INFO]   🔴 [91m[1mPT0002000109837807PE[0m  [2m[Cluster 1][0m
2026-08-05 16:56:23 [INFO]      consumiu MAIS que o habitual às 08h
2026-08-05 16:56:23 [INFO]      [2mReal:[0m 18.0 kWh   [2mHabitual:[0m 4.0 ± 0.4 kWh   [2mz:[0m +10.00⁺   [2mdesvio:[0m +350%   [2m(2 obs. dia_util)[0m
2026-08-05 16:56:23 [INFO] 
2026-08-05 16:56:23 [INFO]   🔴 [91m[1mPT0002000109837807PE[0m  [2m[Cluster 1][0m
2026-08-05 16:56:23 [INFO]      consumiu MAIS que o habitual às 10h
2026-08-05 16:56:23 [INFO]      [2mReal:[0m 20.0 kWh   [2mHabitual:[0m 4.5 ± 0.7 kWh   [2mz:[0m +10.00⁺   [2mdesvio:[0m +344%   [2m(2 obs. dia_util)[0m
2026-08-05 16:56:23 [INFO] 
2026-08-05 16:56:23 [INFO]   🔴 [91m[1mPT0002000109837807PE[0m  [2m[Cluster 1][0m
2026-08-05 16:56:23 [INFO]      consumiu MAIS que o habitual às 11h
2026-08-05 16:56:23 [INFO]      [2mReal:[0m 21.0 kWh   [2mHabitual:[0m 4.0 ± 1.4 kWh   [2mz:[0m +10.00⁺   [2mdesvio:[0m +425%   [2m(2 obs. dia_util)[0m
2026-08-05 16:56:23 [INFO] 
2026-08-05 16:56:23 [INFO]   🔴 [91m[1mPT0002000109837807PE[0m  [2m[Cluster 1][0m
2026-08-05 16:56:23 [INFO]      consumiu MAIS que o habitual às 12h
2026-08-05 16:56:23 [INFO]      [2mReal:[0m 21.0 kWh   [2mHabitual:[0m 5.0 ± 1.4 kWh   [2mz:[0m +10.00⁺   [2mdesvio:[0m +320%   [2m(2 obs. dia_util)[0m
2026-08-05 16:56:23 [INFO] 
2026-08-05 16:56:23 [INFO]   🔴 [91m[1mPT0002000109837807PE[0m  [2m[Cluster 1][0m
2026-08-05 16:56:23 [INFO]      consumiu MAIS que o habitual às 14h
2026-08-05 16:56:23 [INFO]      [2mReal:[0m 21.0 kWh   [2mHabitual:[0m 5.0 ± 1.4 kWh   [2mz:[0m +10.00⁺   [2mdesvio:[0m +320%   [2m(2 obs. dia_util)[0m
2026-08-05 16:56:23 [INFO] 
2026-08-05 16:56:23 [INFO]   🔴 [91m[1mPT0002000109837807PE[0m  [2m[Cluster 1][0m
2026-08-05 16:56:23 [INFO]      consumiu MAIS que o habitual às 15h
2026-08-05 16:56:23 [INFO]      [2mReal:[0m 19.0 kWh   [2mHabitual:[0m 4.0 ± 1.4 kWh   [2mz:[0m +10.00⁺   [2mdesvio:[0m +375%   [2m(2 obs. dia_util)[0m
2026-08-05 16:56:23 [INFO] 
2026-08-05 16:56:23 [INFO]   🔴 [91m[1mPT0002000109837807PE[0m  [2m[Cluster 1][0m
2026-08-05 16:56:23 [INFO]      consumiu MAIS que o habitual às 16h
2026-08-05 16:56:23 [INFO]      [2mReal:[0m 20.0 kWh   [2mHabitual:[0m 4.0 ± 0.4 kWh   [2mz:[0m +10.00⁺   [2mdesvio:[0m +400%   [2m(2 obs. dia_util)[0m
2026-08-05 16:56:23 [INFO] 
2026-08-05 16:56:23 [INFO]   🔴 [91m[1mPT0002000110607652SB[0m  [2m[Cluster 0][0m
2026-08-05 16:56:23 [INFO]      consumiu MAIS que o habitual às 20h
2026-08-05 16:56:23 [INFO]      [2mReal:[0m 20.0 kWh   [2mHabitual:[0m 8.0 ± 0.8 kWh   [2mz:[0m +10.00⁺   [2mdesvio:[0m +150%   [2m(2 obs. dia_util)[0m
2026-08-05 16:56:23 [INFO] 
2026-08-05 16:56:23 [INFO]   🔴 [91m[1mPT0002000110607652SB[0m  [2m[Cluster 0][0m
2026-08-05 16:56:23 [INFO]      consumiu MAIS que o habitual às 21h
2026-08-05 16:56:23 [INFO]      [2mReal:[0m 20.0 kWh   [2mHabitual:[0m 8.0 ± 0.8 kWh   [2mz:[0m +10.00⁺   [2mdesvio:[0m +150%   [2m(3 obs. dia_util)[0m
2026-08-05 16:56:23 [INFO] 
2026-08-05 16:56:23 [INFO]   🔴 [91m[1mPT0002000110607652SB[0m  [2m[Cluster 0][0m
2026-08-05 16:56:23 [INFO]      consumiu MAIS que o habitual às 22h
2026-08-05 16:56:23 [INFO]      [2mReal:[0m 20.0 kWh   [2mHabitual:[0m 8.0 ± 0.8 kWh   [2mz:[0m +10.00⁺   [2mdesvio:[0m +150%   [2m(3 obs. dia_util)[0m
2026-08-05 16:56:23 [INFO] 
2026-08-05 16:56:23 [INFO]   🔴 [91m[1mPT0002000111572054VT[0m  [2m[Cluster 0 (atribuido)][0m
2026-08-05 16:56:23 [INFO]      consumiu MAIS que o habitual às 09h
2026-08-05 16:56:23 [INFO]      [2mReal:[0m 14.0 kWh   [2mHabitual:[0m 3.5 ± 0.7 kWh   [2mz:[0m +10.00⁺   [2mdesvio:[0m +300%   [2m(2 obs. dia_util)[0m
2026-08-05 16:56:23 [INFO] 
2026-08-05 16:56:23 [INFO]   🔵 [94m[1mPT0002000079469719HF[0m  [2m[Cluster 1 (atribuido)][0m
2026-08-05 16:56:23 [INFO]      consumiu MENOS que o habitual às 18h
2026-08-05 16:56:23 [INFO]      [2mReal:[0m 6.0 kWh   [2mHabitual:[0m 76.0 ± 7.6 kWh   [2mz:[0m -9.21   [2mdesvio:[0m -92%   [2m(2 obs. dia_util)[0m
2026-08-05 16:56:23 [INFO] 
2026-08-05 16:56:23 [INFO]   🔴 [91m[1mPT0002000081344542CP[0m  [2m[Cluster 1][0m
2026-08-05 16:56:23 [INFO]      consumiu MAIS que o habitual às 20h
2026-08-05 16:56:23 [INFO]      [2mReal:[0m 41.0 kWh   [2mHabitual:[0m 4.0 ± 4.2 kWh   [2mz:[0m +8.72   [2mdesvio:[0m +925%   [2m(2 obs. dia_util)[0m
2026-08-05 16:56:23 [INFO] 
2026-08-05 16:56:23 [INFO]   🔴 [91m[1mPT0002000068859393XH[0m  [2m[Cluster 1][0m
2026-08-05 16:56:23 [INFO]      consumiu MAIS que o habitual às 07h
2026-08-05 16:56:23 [INFO]      [2mReal:[0m 68.0 kWh   [2mHabitual:[0m 21.0 ± 5.7 kWh   [2mz:[0m +8.31   [2mdesvio:[0m +224%   [2m(2 obs. dia_util)[0m
2026-08-05 16:56:23 [INFO] 
2026-08-05 16:56:23 [INFO]   🔵 [94m[1mPT0002000068857909SY[0m  [2m[Cluster 1][0m
2026-08-05 16:56:23 [INFO]      consumiu MENOS que o habitual às 07h
2026-08-05 16:56:23 [INFO]      [2mReal:[0m 2.0 kWh   [2mHabitual:[0m 11.5 ± 1.1 kWh   [2mz:[0m -8.26   [2mdesvio:[0m -83%   [2m(2 obs. dia_util)[0m
2026-08-05 16:56:23 [INFO] 
2026-08-05 16:56:23 [INFO]   🔵 [94m[1mPT0002000068857909SY[0m  [2m[Cluster 1][0m
2026-08-05 16:56:23 [INFO]      consumiu MENOS que o habitual às 00h
2026-08-05 16:56:23 [INFO]      [2mReal:[0m 2.0 kWh   [2mHabitual:[0m 11.0 ± 1.1 kWh   [2mz:[0m -8.18   [2mdesvio:[0m -82%   [2m(2 obs. dia_util)[0m
2026-08-05 16:56:23 [INFO] 
2026-08-05 16:56:23 [INFO]   🔵 [94m[1mPT0002000068857909SY[0m  [2m[Cluster 1][0m
2026-08-05 16:56:23 [INFO]      consumiu MENOS que o habitual às 01h
2026-08-05 16:56:23 [INFO]      [2mReal:[0m 2.0 kWh   [2mHabitual:[0m 11.0 ± 1.1 kWh   [2mz:[0m -8.18   [2mdesvio:[0m -82%   [2m(2 obs. dia_util)[0m
2026-08-05 16:56:23 [INFO] 
2026-08-05 16:56:23 [INFO]   🔵 [94m[1mPT0002000068857909SY[0m  [2m[Cluster 1][0m
2026-08-05 16:56:23 [INFO]      consumiu MENOS que o habitual às 03h
2026-08-05 16:56:23 [INFO]      [2mReal:[0m 2.0 kWh   [2mHabitual:[0m 11.0 ± 1.1 kWh   [2mz:[0m -8.18   [2mdesvio:[0m -82%   [2m(2 obs. dia_util)[0m
2026-08-05 16:56:23 [INFO] 
2026-08-05 16:56:23 [INFO]   🔵 [94m[1mPT0002000068857909SY[0m  [2m[Cluster 1][0m
2026-08-05 16:56:23 [INFO]      consumiu MENOS que o habitual às 04h
2026-08-05 16:56:23 [INFO]      [2mReal:[0m 2.0 kWh   [2mHabitual:[0m 11.0 ± 1.1 kWh   [2mz:[0m -8.18   [2mdesvio:[0m -82%   [2m(2 obs. dia_util)[0m
2026-08-05 16:56:23 [INFO] 
2026-08-05 16:56:23 [INFO]   🔵 [94m[1mPT0002000068857909SY[0m  [2m[Cluster 1][0m
2026-08-05 16:56:23 [INFO]      consumiu MENOS que o habitual às 05h
2026-08-05 16:56:23 [INFO]      [2mReal:[0m 2.0 kWh   [2mHabitual:[0m 11.0 ± 1.1 kWh   [2mz:[0m -8.18   [2mdesvio:[0m -82%   [2m(2 obs. dia_util)[0m
2026-08-05 16:56:23 [INFO] 
2026-08-05 16:56:23 [INFO]   🔵 [94m[1mPT0002000068857909SY[0m  [2m[Cluster 1][0m
2026-08-05 16:56:23 [INFO]      consumiu MENOS que o habitual às 06h
2026-08-05 16:56:23 [INFO]      [2mReal:[0m 2.0 kWh   [2mHabitual:[0m 11.0 ± 1.1 kWh   [2mz:[0m -8.18   [2mdesvio:[0m -82%   [2m(2 obs. dia_util)[0m
2026-08-05 16:56:23 [INFO] 
2026-08-05 16:56:23 [INFO]   🔴 [91m[1mPT0002000201038711LS[0m  [2m[Cluster 1 (atribuido)][0m
2026-08-05 16:56:23 [INFO]      consumiu MAIS que o habitual às 19h
2026-08-05 16:56:23 [INFO]      [2mReal:[0m 117.0 kWh   [2mHabitual:[0m 65.5 ± 6.5 kWh   [2mz:[0m +7.86   [2mdesvio:[0m +79%   [2m(2 obs. dia_util)[0m
2026-08-05 16:56:23 [INFO] 
2026-08-05 16:56:23 [INFO]   🔵 [94m[1mPT0002000079469719HF[0m  [2m[Cluster 1 (atribuido)][0m
2026-08-05 16:56:23 [INFO]      consumiu MENOS que o habitual às 21h
2026-08-05 16:56:23 [INFO]      [2mReal:[0m 22.0 kWh   [2mHabitual:[0m 96.0 ± 9.6 kWh   [2mz:[0m -7.71   [2mdesvio:[0m -77%   [2m(3 obs. dia_util)[0m
2026-08-05 16:56:23 [INFO] 
2026-08-05 16:56:23 [INFO]   🔴 [91m[1mPT0002000068856906VS[0m  [2m[Cluster 0][0m
2026-08-05 16:56:23 [INFO]      consumiu MAIS que o habitual às 14h
2026-08-05 16:56:23 [INFO]      [2mReal:[0m 45.0 kWh   [2mHabitual:[0m 25.5 ± 2.5 kWh   [2mz:[0m +7.65   [2mdesvio:[0m +76%   [2m(2 obs. dia_util)[0m
2026-08-05 16:56:23 [INFO] 
2026-08-05 16:56:23 [INFO]   🔴 [91m[1mPT0002000068859393XH[0m  [2m[Cluster 1][0m
2026-08-05 16:56:23 [INFO]      consumiu MAIS que o habitual às 06h
2026-08-05 16:56:23 [INFO]      [2mReal:[0m 29.0 kWh   [2mHabitual:[0m 16.5 ± 1.6 kWh   [2mz:[0m +7.58   [2mdesvio:[0m +76%   [2m(2 obs. dia_util)[0m
2026-08-05 16:56:23 [INFO] 
2026-08-05 16:56:23 [INFO]   🔴 [91m[1mPT0002000068857099AR[0m  [2m[Cluster 1][0m
2026-08-05 16:56:23 [INFO]      consumiu MAIS que o habitual às 22h
2026-08-05 16:56:23 [INFO]      [2mReal:[0m 8.0 kWh   [2mHabitual:[0m 3.7 ± 0.6 kWh   [2mz:[0m +7.51   [2mdesvio:[0m +118%   [2m(3 obs. dia_util)[0m
2026-08-05 16:56:23 [INFO] 
2026-08-05 16:56:23 [INFO]   🔴 [91m[1mPT0002000115673389QK[0m  [2m[Cluster 0][0m
2026-08-05 16:56:23 [INFO]      consumiu MAIS que o habitual às 18h
2026-08-05 16:56:23 [INFO]      [2mReal:[0m 27.0 kWh   [2mHabitual:[0m 15.5 ± 1.6 kWh   [2mz:[0m +7.42   [2mdesvio:[0m +74%   [2m(2 obs. dia_util)[0m
2026-08-05 16:56:23 [INFO] 
2026-08-05 16:56:23 [INFO]   🔴 [91m[1mPT0002000125701614SQ[0m  [2m[Cluster 1 (atribuido)][0m
2026-08-05 16:56:23 [INFO]      consumiu MAIS que o habitual às 10h
2026-08-05 16:56:23 [INFO]      [2mReal:[0m 27.0 kWh   [2mHabitual:[0m 15.5 ± 1.6 kWh   [2mz:[0m +7.42   [2mdesvio:[0m +74%   [2m(2 obs. dia_util)[0m
2026-08-05 16:56:23 [INFO] 
2026-08-05 16:56:23 [INFO]   🔵 [94m[1mPT0002000068857909SY[0m  [2m[Cluster 1][0m
2026-08-05 16:56:23 [INFO]      consumiu MENOS que o habitual às 02h
2026-08-05 16:56:23 [INFO]      [2mReal:[0m 3.0 kWh   [2mHabitual:[0m 11.5 ± 1.1 kWh   [2mz:[0m -7.39   [2mdesvio:[0m -74%   [2m(2 obs. dia_util)[0m
2026-08-05 16:56:23 [INFO] 
2026-08-05 16:56:23 [INFO]   🔴 [91m[1mPT0002000068857099AR[0m  [2m[Cluster 1][0m
2026-08-05 16:56:23 [INFO]      consumiu MAIS que o habitual às 20h
2026-08-05 16:56:23 [INFO]      [2mReal:[0m 21.0 kWh   [2mHabitual:[0m 5.5 ± 2.1 kWh   [2mz:[0m +7.31   [2mdesvio:[0m +282%   [2m(2 obs. dia_util)[0m
2026-08-05 16:56:23 [INFO] 
2026-08-05 16:56:23 [INFO]   🔴 [91m[1mPT0002000109837807PE[0m  [2m[Cluster 1][0m
2026-08-05 16:56:23 [INFO]      consumiu MAIS que o habitual às 13h
2026-08-05 16:56:23 [INFO]      [2mReal:[0m 20.0 kWh   [2mHabitual:[0m 4.5 ± 2.1 kWh   [2mz:[0m +7.31   [2mdesvio:[0m +344%   [2m(2 obs. dia_util)[0m
2026-08-05 16:56:23 [INFO] 
2026-08-05 16:56:23 [INFO]   🔵 [94m[1mPT0002000079469719HF[0m  [2m[Cluster 1 (atribuido)][0m
2026-08-05 16:56:23 [INFO]      consumiu MENOS que o habitual às 19h
2026-08-05 16:56:23 [INFO]      [2mReal:[0m 26.0 kWh   [2mHabitual:[0m 92.5 ± 9.2 kWh   [2mz:[0m -7.19   [2mdesvio:[0m -72%   [2m(2 obs. dia_util)[0m
2026-08-05 16:56:23 [INFO] 
2026-08-05 16:56:23 [INFO]   🔵 [94m[1mPT0002000068857909SY[0m  [2m[Cluster 1][0m
2026-08-05 16:56:23 [INFO]      consumiu MENOS que o habitual às 08h
2026-08-05 16:56:23 [INFO]      [2mReal:[0m 3.0 kWh   [2mHabitual:[0m 10.5 ± 1.1 kWh   [2mz:[0m -7.14   [2mdesvio:[0m -71%   [2m(2 obs. dia_util)[0m
2026-08-05 16:56:23 [INFO] 
2026-08-05 16:56:23 [INFO]   🔴 [91m[1mPT0002000125701614SQ[0m  [2m[Cluster 1 (atribuido)][0m
2026-08-05 16:56:23 [INFO]      consumiu MAIS que o habitual às 13h
2026-08-05 16:56:23 [INFO]      [2mReal:[0m 27.0 kWh   [2mHabitual:[0m 16.0 ± 1.6 kWh   [2mz:[0m +6.88   [2mdesvio:[0m +69%   [2m(2 obs. dia_util)[0m
2026-08-05 16:56:23 [INFO] 
2026-08-05 16:56:23 [INFO]   🔵 [94m[1mPT0002000079469719HF[0m  [2m[Cluster 1 (atribuido)][0m
2026-08-05 16:56:23 [INFO]      consumiu MENOS que o habitual às 20h
2026-08-05 16:56:23 [INFO]      [2mReal:[0m 31.0 kWh   [2mHabitual:[0m 97.5 ± 9.8 kWh   [2mz:[0m -6.82   [2mdesvio:[0m -68%   [2m(2 obs. dia_util)[0m
2026-08-05 16:56:23 [INFO] 
2026-08-05 16:56:23 [INFO]   🔵 [94m[1mPT0002000079469719HF[0m  [2m[Cluster 1 (atribuido)][0m
2026-08-05 16:56:23 [INFO]      consumiu MENOS que o habitual às 22h
2026-08-05 16:56:23 [INFO]      [2mReal:[0m 22.0 kWh   [2mHabitual:[0m 99.3 ± 11.5 kWh   [2mz:[0m -6.72   [2mdesvio:[0m -78%   [2m(3 obs. dia_util)[0m
2026-08-05 16:56:23 [INFO] 
2026-08-05 16:56:23 [INFO]   🔴 [91m[1mPT0002000068856655YV[0m  [2m[Cluster 0][0m
2026-08-05 16:56:23 [INFO]      consumiu MAIS que o habitual às 06h
2026-08-05 16:56:23 [INFO]      [2mReal:[0m 4.0 kWh   [2mHabitual:[0m 2.0 ± 0.3 kWh   [2mz:[0m +6.67   [2mdesvio:[0m +100%   [2m(2 obs. dia_util)[0m
2026-08-05 16:56:23 [INFO] 
2026-08-05 16:56:23 [INFO]   🔵 [94m[1mPT0002000081344542CP[0m  [2m[Cluster 1][0m
2026-08-05 16:56:23 [INFO]      consumiu MENOS que o habitual às 02h
2026-08-05 16:56:23 [INFO]      [2mReal:[0m 1.0 kWh   [2mHabitual:[0m 3.0 ± 0.3 kWh   [2mz:[0m -6.67   [2mdesvio:[0m -67%   [2m(2 obs. dia_util)[0m
2026-08-05 16:56:23 [INFO] 
2026-08-05 16:56:23 [INFO]   🔴 [91m[1mPT0002000105483259QH[0m  [2m[Cluster 1][0m
2026-08-05 16:56:23 [INFO]      consumiu MAIS que o habitual às 00h
2026-08-05 16:56:23 [INFO]      [2mReal:[0m 3.0 kWh   [2mHabitual:[0m 1.0 ± 0.3 kWh   [2mz:[0m +6.67   [2mdesvio:[0m +200%   [2m(2 obs. dia_util)[0m
2026-08-05 16:56:23 [INFO] 
2026-08-05 16:56:23 [INFO]   🔴 [91m[1mPT0002000078140706BA[0m  [2m[Cluster 1 (atribuido)][0m
2026-08-05 16:56:23 [INFO]      consumiu MAIS que o habitual às 17h
2026-08-05 16:56:23 [INFO]      [2mReal:[0m 6.0 kWh   [2mHabitual:[0m 1.5 ± 0.7 kWh   [2mz:[0m +6.36   [2mdesvio:[0m +300%   [2m(2 obs. dia_util)[0m
2026-08-05 16:56:23 [INFO] 
2026-08-05 16:56:23 [INFO]   🔴 [91m[1mPT0002000125701614SQ[0m  [2m[Cluster 1 (atribuido)][0m
2026-08-05 16:56:23 [INFO]      consumiu MAIS que o habitual às 00h
2026-08-05 16:56:23 [INFO]      [2mReal:[0m 22.0 kWh   [2mHabitual:[0m 13.5 ± 1.4 kWh   [2mz:[0m +6.30   [2mdesvio:[0m +63%   [2m(2 obs. dia_util)[0m
2026-08-05 16:56:23 [INFO] 
2026-08-05 16:56:23 [INFO]   🔴 [91m[1mPT0002000125701614SQ[0m  [2m[Cluster 1 (atribuido)][0m
2026-08-05 16:56:23 [INFO]      consumiu MAIS que o habitual às 08h
2026-08-05 16:56:23 [INFO]      [2mReal:[0m 22.0 kWh   [2mHabitual:[0m 13.5 ± 1.4 kWh   [2mz:[0m +6.30   [2mdesvio:[0m +63%   [2m(2 obs. dia_util)[0m
2026-08-05 16:56:23 [INFO] 
2026-08-05 16:56:23 [INFO]   🔴 [91m[1mPT0002000125701614SQ[0m  [2m[Cluster 1 (atribuido)][0m
2026-08-05 16:56:23 [INFO]      consumiu MAIS que o habitual às 11h
2026-08-05 16:56:23 [INFO]      [2mReal:[0m 26.0 kWh   [2mHabitual:[0m 16.0 ± 1.6 kWh   [2mz:[0m +6.25   [2mdesvio:[0m +62%   [2m(2 obs. dia_util)[0m
2026-08-05 16:56:23 [INFO] 
2026-08-05 16:56:23 [INFO]   🔴 [91m[1mPT0002000102936404ME[0m  [2m[Cluster 1][0m
2026-08-05 16:56:23 [INFO]      consumiu MAIS que o habitual às 18h
2026-08-05 16:56:23 [INFO]      [2mReal:[0m 59.0 kWh   [2mHabitual:[0m 36.5 ± 3.6 kWh   [2mz:[0m +6.16   [2mdesvio:[0m +62%   [2m(2 obs. dia_util)[0m
2026-08-05 16:56:23 [INFO] 
2026-08-05 16:56:23 [INFO]   🔵 [94m[1mPT0002000068859597LS[0m  [2m[Cluster 0][0m
2026-08-05 16:56:23 [INFO]      consumiu MENOS que o habitual às 20h
2026-08-05 16:56:23 [INFO]      [2mReal:[0m 29.0 kWh   [2mHabitual:[0m 74.5 ± 7.5 kWh   [2mz:[0m -6.11   [2mdesvio:[0m -61%   [2m(2 obs. dia_util)[0m
2026-08-05 16:56:23 [INFO] 
2026-08-05 16:56:23 [INFO]   🔴 [91m[1mPT0002000068856655YV[0m  [2m[Cluster 0][0m
2026-08-05 16:56:23 [INFO]      consumiu MAIS que o habitual às 21h
2026-08-05 16:56:23 [INFO]      [2mReal:[0m 8.0 kWh   [2mHabitual:[0m 2.0 ± 1.0 kWh   [2mz:[0m +6.00   [2mdesvio:[0m +300%   [2m(3 obs. dia_util)[0m
2026-08-05 16:56:23 [INFO] 
2026-08-05 16:56:23 [INFO]   🔴 [91m[1mPT0002000102936404ME[0m  [2m[Cluster 1][0m
2026-08-05 16:56:23 [INFO]      consumiu MAIS que o habitual às 19h
2026-08-05 16:56:23 [INFO]      [2mReal:[0m 57.0 kWh   [2mHabitual:[0m 36.0 ± 3.6 kWh   [2mz:[0m +5.83   [2mdesvio:[0m +58%   [2m(2 obs. dia_util)[0m
2026-08-05 16:56:23 [INFO] 
2026-08-05 16:56:23 [INFO]   🔴 [91m[1mPT0002000125701614SQ[0m  [2m[Cluster 1 (atribuido)][0m
2026-08-05 16:56:23 [INFO]      consumiu MAIS que o habitual às 01h
2026-08-05 16:56:23 [INFO]      [2mReal:[0m 21.0 kWh   [2mHabitual:[0m 13.5 ± 1.4 kWh   [2mz:[0m +5.56   [2mdesvio:[0m +56%   [2m(2 obs. dia_util)[0m
2026-08-05 16:56:23 [INFO] 
2026-08-05 16:56:23 [INFO]   🔴 [91m[1mPT0002000125701614SQ[0m  [2m[Cluster 1 (atribuido)][0m
2026-08-05 16:56:23 [INFO]      consumiu MAIS que o habitual às 12h
2026-08-05 16:56:23 [INFO]      [2mReal:[0m 27.0 kWh   [2mHabitual:[0m 17.5 ± 1.8 kWh   [2mz:[0m +5.43   [2mdesvio:[0m +54%   [2m(2 obs. dia_util)[0m
2026-08-05 16:56:23 [INFO] 
2026-08-05 16:56:23 [INFO]   🔴 [91m[1mPT0002000078233981HJ[0m  [2m[Cluster 1][0m
2026-08-05 16:56:23 [INFO]      consumiu MAIS que o habitual às 13h
2026-08-05 16:56:23 [INFO]      [2mReal:[0m 15.0 kWh   [2mHabitual:[0m 3.5 ± 2.1 kWh   [2mz:[0m +5.42   [2mdesvio:[0m +329%   [2m(2 obs. dia_util)[0m
2026-08-05 16:56:23 [INFO] 
2026-08-05 16:56:23 [INFO]   🔴 [91m[1mPT0002000073720434JD[0m  [2m[Cluster 1 (atribuido)][0m
2026-08-05 16:56:23 [INFO]      consumiu MAIS que o habitual às 21h
2026-08-05 16:56:23 [INFO]      [2mReal:[0m 35.0 kWh   [2mHabitual:[0m 21.7 ± 2.5 kWh   [2mz:[0m +5.30   [2mdesvio:[0m +62%   [2m(3 obs. dia_util)[0m
2026-08-05 16:56:23 [INFO] 
2026-08-05 16:56:23 [INFO]   🔴 [91m[1mPT0002000109837807PE[0m  [2m[Cluster 1][0m
2026-08-05 16:56:23 [INFO]      consumiu MAIS que o habitual às 09h
2026-08-05 16:56:23 [INFO]      [2mReal:[0m 20.0 kWh   [2mHabitual:[0m 5.0 ± 2.8 kWh   [2mz:[0m +5.30   [2mdesvio:[0m +300%   [2m(2 obs. dia_util)[0m
2026-08-05 16:56:23 [INFO] 
2026-08-05 16:56:23 [INFO]   🔴 [91m[1mPT0002000112989585PH[0m  [2m[Cluster 0][0m
2026-08-05 16:56:23 [INFO]      consumiu MAIS que o habitual às 09h
2026-08-05 16:56:23 [INFO]      [2mReal:[0m 104.0 kWh   [2mHabitual:[0m 64.5 ± 7.8 kWh   [2mz:[0m +5.08   [2mdesvio:[0m +61%   [2m(2 obs. dia_util)[0m
2026-08-05 16:56:23 [INFO] 
2026-08-05 16:56:23 [INFO]   🔵 [94m[1mPT0002000068858674WN[0m  [2m[Cluster 1 (atribuido)][0m
2026-08-05 16:56:23 [INFO]      consumiu MENOS que o habitual às 04h
2026-08-05 16:56:23 [INFO]      [2mReal:[0m 8.0 kWh   [2mHabitual:[0m 16.0 ± 1.6 kWh   [2mz:[0m -5.00   [2mdesvio:[0m -50%   [2m(2 obs. dia_util)[0m
2026-08-05 16:56:23 [INFO] 
2026-08-05 16:56:23 [INFO]   🔵 [94m[1mPT0002000068858674WN[0m  [2m[Cluster 1 (atribuido)][0m
2026-08-05 16:56:23 [INFO]      consumiu MENOS que o habitual às 08h
2026-08-05 16:56:23 [INFO]      [2mReal:[0m 8.0 kWh   [2mHabitual:[0m 16.0 ± 1.6 kWh   [2mz:[0m -5.00   [2mdesvio:[0m -50%   [2m(2 obs. dia_util)[0m
2026-08-05 16:56:23 [INFO] 
2026-08-05 16:56:23 [INFO]   🔵 [94m[1mPT0002000068858674WN[0m  [2m[Cluster 1 (atribuido)][0m
2026-08-05 16:56:23 [INFO]      consumiu MENOS que o habitual às 09h
2026-08-05 16:56:23 [INFO]      [2mReal:[0m 8.0 kWh   [2mHabitual:[0m 16.0 ± 1.6 kWh   [2mz:[0m -5.00   [2mdesvio:[0m -50%   [2m(2 obs. dia_util)[0m
2026-08-05 16:56:23 [INFO] 
2026-08-05 16:56:23 [INFO]   🔵 [94m[1mPT0002000068858674WN[0m  [2m[Cluster 1 (atribuido)][0m
2026-08-05 16:56:23 [INFO]      consumiu MENOS que o habitual às 12h
2026-08-05 16:56:23 [INFO]      [2mReal:[0m 8.0 kWh   [2mHabitual:[0m 16.0 ± 1.6 kWh   [2mz:[0m -5.00   [2mdesvio:[0m -50%   [2m(2 obs. dia_util)[0m
2026-08-05 16:56:23 [INFO] 
2026-08-05 16:56:23 [INFO]   🔵 [94m[1mPT0002000068858674WN[0m  [2m[Cluster 1 (atribuido)][0m
2026-08-05 16:56:23 [INFO]      consumiu MENOS que o habitual às 13h
2026-08-05 16:56:23 [INFO]      [2mReal:[0m 8.0 kWh   [2mHabitual:[0m 16.0 ± 1.6 kWh   [2mz:[0m -5.00   [2mdesvio:[0m -50%   [2m(2 obs. dia_util)[0m
2026-08-05 16:56:23 [INFO] 
2026-08-05 16:56:23 [INFO]   🔴 [91m[1mPT0002000078294957RQ[0m  [2m[Cluster 0][0m
2026-08-05 16:56:23 [INFO]      consumiu MAIS que o habitual às 10h
2026-08-05 16:56:23 [INFO]      [2mReal:[0m 6.0 kWh   [2mHabitual:[0m 4.0 ± 0.4 kWh   [2mz:[0m +5.00   [2mdesvio:[0m +50%   [2m(2 obs. dia_util)[0m
2026-08-05 16:56:23 [INFO] 
2026-08-05 16:56:23 [INFO]   🔴 [91m[1mPT0002000068856906VS[0m  [2m[Cluster 0][0m
2026-08-05 16:56:23 [INFO]      consumiu MAIS que o habitual às 11h
2026-08-05 16:56:23 [INFO]      [2mReal:[0m 40.0 kWh   [2mHabitual:[0m 26.0 ± 2.8 kWh   [2mz:[0m +4.95   [2mdesvio:[0m +54%   [2m(2 obs. dia_util)[0m
2026-08-05 16:56:23 [INFO] 
2026-08-05 16:56:23 [INFO]   🔴 [91m[1mPT0002000081344542CP[0m  [2m[Cluster 1][0m
2026-08-05 16:56:23 [INFO]      consumiu MAIS que o habitual às 01h
2026-08-05 16:56:23 [INFO]      [2mReal:[0m 6.0 kWh   [2mHabitual:[0m 2.5 ± 0.7 kWh   [2mz:[0m +4.95   [2mdesvio:[0m +140%   [2m(2 obs. dia_util)[0m
2026-08-05 16:56:23 [INFO] 
2026-08-05 16:56:23 [INFO]   🔴 [91m[1mPT0002000081344542CP[0m  [2m[Cluster 1][0m
2026-08-05 16:56:23 [INFO]      consumiu MAIS que o habitual às 14h
2026-08-05 16:56:23 [INFO]      [2mReal:[0m 7.0 kWh   [2mHabitual:[0m 3.5 ± 0.7 kWh   [2mz:[0m +4.95   [2mdesvio:[0m +100%   [2m(2 obs. dia_util)[0m
2026-08-05 16:56:23 [INFO] 
2026-08-05 16:56:23 [INFO]   🔴 [91m[1mPT0002000109837807PE[0m  [2m[Cluster 1][0m
2026-08-05 16:56:23 [INFO]      consumiu MAIS que o habitual às 17h
2026-08-05 16:56:23 [INFO]      [2mReal:[0m 7.0 kWh   [2mHabitual:[0m 3.5 ± 0.7 kWh   [2mz:[0m +4.95   [2mdesvio:[0m +100%   [2m(2 obs. dia_util)[0m
2026-08-05 16:56:23 [INFO] 
2026-08-05 16:56:23 [INFO]   🔴 [91m[1mPT0002000125701614SQ[0m  [2m[Cluster 1 (atribuido)][0m
2026-08-05 16:56:23 [INFO]      consumiu MAIS que o habitual às 03h
2026-08-05 16:56:23 [INFO]      [2mReal:[0m 20.0 kWh   [2mHabitual:[0m 13.0 ± 1.4 kWh   [2mz:[0m +4.95   [2mdesvio:[0m +54%   [2m(2 obs. dia_util)[0m
2026-08-05 16:56:23 [INFO] 
2026-08-05 16:56:23 [INFO]   🔴 [91m[1mPT0002000115673389QK[0m  [2m[Cluster 0][0m
2026-08-05 16:56:23 [INFO]      consumiu MAIS que o habitual às 17h
2026-08-05 16:56:23 [INFO]      [2mReal:[0m 23.0 kWh   [2mHabitual:[0m 15.5 ± 1.6 kWh   [2mz:[0m +4.84   [2mdesvio:[0m +48%   [2m(2 obs. dia_util)[0m
2026-08-05 16:56:23 [INFO] 
2026-08-05 16:56:23 [INFO]   🔴 [91m[1mPT0002000125701614SQ[0m  [2m[Cluster 1 (atribuido)][0m
2026-08-05 16:56:23 [INFO]      consumiu MAIS que o habitual às 06h
2026-08-05 16:56:23 [INFO]      [2mReal:[0m 20.0 kWh   [2mHabitual:[0m 13.5 ± 1.4 kWh   [2mz:[0m +4.81   [2mdesvio:[0m +48%   [2m(2 obs. dia_util)[0m
2026-08-05 16:56:23 [INFO] 
2026-08-05 16:56:23 [INFO]   🔴 [91m[1mPT0002000125701614SQ[0m  [2m[Cluster 1 (atribuido)][0m
2026-08-05 16:56:23 [INFO]      consumiu MAIS que o habitual às 07h
2026-08-05 16:56:23 [INFO]      [2mReal:[0m 20.0 kWh   [2mHabitual:[0m 13.5 ± 1.4 kWh   [2mz:[0m +4.81   [2mdesvio:[0m +48%   [2m(2 obs. dia_util)[0m
2026-08-05 16:56:23 [INFO] 
2026-08-05 16:56:23 [INFO]   🔵 [94m[1mPT0002000068857909SY[0m  [2m[Cluster 1][0m
2026-08-05 16:56:23 [INFO]      consumiu MENOS que o habitual às 09h
2026-08-05 16:56:23 [INFO]      [2mReal:[0m 6.0 kWh   [2mHabitual:[0m 11.5 ± 1.1 kWh   [2mz:[0m -4.78   [2mdesvio:[0m -48%   [2m(2 obs. dia_util)[0m
2026-08-05 16:56:23 [INFO] 
2026-08-05 16:56:23 [INFO]   🔴 [91m[1mPT0002000068856974CZ[0m  [2m[Cluster 0 (atribuido)][0m
2026-08-05 16:56:23 [INFO]      consumiu MAIS que o habitual às 03h
2026-08-05 16:56:23 [INFO]      [2mReal:[0m 14.0 kWh   [2mHabitual:[0m 9.5 ± 0.9 kWh   [2mz:[0m +4.74   [2mdesvio:[0m +47%   [2m(2 obs. dia_util)[0m
2026-08-05 16:56:23 [INFO] 
2026-08-05 16:56:23 [INFO]   🔴 [91m[1mPT0002000111572054VT[0m  [2m[Cluster 0 (atribuido)][0m
2026-08-05 16:56:23 [INFO]      consumiu MAIS que o habitual às 05h
2026-08-05 16:56:23 [INFO]      [2mReal:[0m 22.0 kWh   [2mHabitual:[0m 15.0 ± 1.5 kWh   [2mz:[0m +4.67   [2mdesvio:[0m +47%   [2m(2 obs. dia_util)[0m
2026-08-05 16:56:23 [INFO] 
2026-08-05 16:56:23 [INFO]   🔴 [91m[1mPT0002000073720434JD[0m  [2m[Cluster 1 (atribuido)][0m
2026-08-05 16:56:23 [INFO]      consumiu MAIS que o habitual às 20h
2026-08-05 16:56:23 [INFO]      [2mReal:[0m 35.0 kWh   [2mHabitual:[0m 24.0 ± 2.4 kWh   [2mz:[0m +4.58   [2mdesvio:[0m +46%   [2m(2 obs. dia_util)[0m
2026-08-05 16:56:23 [INFO] 
2026-08-05 16:56:23 [INFO]   🔴 [91m[1mPT0002000102936404ME[0m  [2m[Cluster 1][0m
2026-08-05 16:56:23 [INFO]      consumiu MAIS que o habitual às 17h
2026-08-05 16:56:23 [INFO]      [2mReal:[0m 56.0 kWh   [2mHabitual:[0m 38.5 ± 3.9 kWh   [2mz:[0m +4.55   [2mdesvio:[0m +45%   [2m(2 obs. dia_util)[0m
2026-08-05 16:56:23 [INFO] 
2026-08-05 16:56:23 [INFO]   🔴 [91m[1mPT0002000111572054VT[0m  [2m[Cluster 0 (atribuido)][0m
2026-08-05 16:56:23 [INFO]      consumiu MAIS que o habitual às 03h
2026-08-05 16:56:23 [INFO]      [2mReal:[0m 23.0 kWh   [2mHabitual:[0m 16.0 ± 1.6 kWh   [2mz:[0m +4.38   [2mdesvio:[0m +44%   [2m(2 obs. dia_util)[0m
2026-08-05 16:56:23 [INFO] 
2026-08-05 16:56:23 [INFO]   🔴 [91m[1mPT0002000107172384HT[0m  [2m[Cluster 1][0m
2026-08-05 16:56:23 [INFO]      consumiu MAIS que o habitual às 13h
2026-08-05 16:56:23 [INFO]      [2mReal:[0m 28.0 kWh   [2mHabitual:[0m 19.5 ± 1.9 kWh   [2mz:[0m +4.36   [2mdesvio:[0m +44%   [2m(2 obs. dia_util)[0m
2026-08-05 16:56:23 [INFO] 
2026-08-05 16:56:23 [INFO]   🔴 [91m[1mPT0002000115673389QK[0m  [2m[Cluster 0][0m
2026-08-05 16:56:23 [INFO]      consumiu MAIS que o habitual às 22h
2026-08-05 16:56:23 [INFO]      [2mReal:[0m 22.0 kWh   [2mHabitual:[0m 15.3 ± 1.5 kWh   [2mz:[0m +4.35   [2mdesvio:[0m +44%   [2m(3 obs. dia_util)[0m
2026-08-05 16:56:23 [INFO] 
2026-08-05 16:56:23 [INFO]   🔵 [94m[1mPT0002000079469719HF[0m  [2m[Cluster 1 (atribuido)][0m
2026-08-05 16:56:23 [INFO]      consumiu MENOS que o habitual às 23h
2026-08-05 16:56:23 [INFO]      [2mReal:[0m 23.0 kWh   [2mHabitual:[0m 95.3 ± 16.8 kWh   [2mz:[0m -4.30   [2mdesvio:[0m -76%   [2m(3 obs. dia_util)[0m
2026-08-05 16:56:23 [INFO] 
2026-08-05 16:56:23 [INFO]   🔴 [91m[1mPT0002000115673471CB[0m  [2m[Cluster 0][0m
2026-08-05 16:56:23 [INFO]      consumiu MAIS que o habitual às 10h
2026-08-05 16:56:23 [INFO]      [2mReal:[0m 10.0 kWh   [2mHabitual:[0m 7.0 ± 0.7 kWh   [2mz:[0m +4.29   [2mdesvio:[0m +43%   [2m(2 obs. dia_util)[0m
2026-08-05 16:56:23 [INFO] 
2026-08-05 16:56:23 [INFO]   🔴 [91m[1mPT0002000102936404ME[0m  [2m[Cluster 1][0m
2026-08-05 16:56:23 [INFO]      consumiu MAIS que o habitual às 20h
2026-08-05 16:56:23 [INFO]      [2mReal:[0m 57.0 kWh   [2mHabitual:[0m 40.0 ± 4.0 kWh   [2mz:[0m +4.25   [2mdesvio:[0m +42%   [2m(2 obs. dia_util)[0m
2026-08-05 16:56:23 [INFO] 
2026-08-05 16:56:23 [INFO]   🔴 [91m[1mPT0002000078233981HJ[0m  [2m[Cluster 1][0m
2026-08-05 16:56:23 [INFO]      consumiu MAIS que o habitual às 16h
2026-08-05 16:56:23 [INFO]      [2mReal:[0m 15.0 kWh   [2mHabitual:[0m 3.0 ± 2.8 kWh   [2mz:[0m +4.24   [2mdesvio:[0m +400%   [2m(2 obs. dia_util)[0m
2026-08-05 16:56:23 [INFO] 
2026-08-05 16:56:23 [INFO]   🔴 [91m[1mPT0002000111572054VT[0m  [2m[Cluster 0 (atribuido)][0m
2026-08-05 16:56:23 [INFO]      consumiu MAIS que o habitual às 10h
2026-08-05 16:56:23 [INFO]      [2mReal:[0m 8.0 kWh   [2mHabitual:[0m 2.0 ± 1.4 kWh   [2mz:[0m +4.24   [2mdesvio:[0m +300%   [2m(2 obs. dia_util)[0m
2026-08-05 16:56:23 [INFO] 
2026-08-05 16:56:23 [INFO]   🔴 [91m[1mPT0002000112989585PH[0m  [2m[Cluster 0][0m
2026-08-05 16:56:23 [INFO]      consumiu MAIS que o habitual às 11h
2026-08-05 16:56:23 [INFO]      [2mReal:[0m 59.0 kWh   [2mHabitual:[0m 41.5 ± 4.2 kWh   [2mz:[0m +4.22   [2mdesvio:[0m +42%   [2m(2 obs. dia_util)[0m
2026-08-05 16:56:23 [INFO] 
2026-08-05 16:56:23 [INFO]   🔴 [91m[1mPT0002000111572054VT[0m  [2m[Cluster 0 (atribuido)][0m
2026-08-05 16:56:23 [INFO]      consumiu MAIS que o habitual às 01h
2026-08-05 16:56:23 [INFO]      [2mReal:[0m 22.0 kWh   [2mHabitual:[0m 15.5 ± 1.6 kWh   [2mz:[0m +4.19   [2mdesvio:[0m +42%   [2m(2 obs. dia_util)[0m
2026-08-05 16:56:23 [INFO] 
2026-08-05 16:56:23 [INFO]   🔴 [91m[1mPT0002000201038711LS[0m  [2m[Cluster 1 (atribuido)][0m
2026-08-05 16:56:23 [INFO]      consumiu MAIS que o habitual às 18h
2026-08-05 16:56:23 [INFO]      [2mReal:[0m 110.0 kWh   [2mHabitual:[0m 33.0 ± 18.4 kWh   [2mz:[0m +4.19   [2mdesvio:[0m +233%   [2m(2 obs. dia_util)[0m
2026-08-05 16:56:23 [INFO] 
2026-08-05 16:56:23 [INFO]   🔴 [91m[1mPT0002000073720434JD[0m  [2m[Cluster 1 (atribuido)][0m
2026-08-05 16:56:23 [INFO]      consumiu MAIS que o habitual às 18h
2026-08-05 16:56:23 [INFO]      [2mReal:[0m 57.0 kWh   [2mHabitual:[0m 24.5 ± 7.8 kWh   [2mz:[0m +4.18   [2mdesvio:[0m +133%   [2m(2 obs. dia_util)[0m
2026-08-05 16:56:23 [INFO] 
2026-08-05 16:56:23 [INFO]   🔴 [91m[1mPT0002000112989585PH[0m  [2m[Cluster 0][0m
2026-08-05 16:56:23 [INFO]      consumiu MAIS que o habitual às 10h
2026-08-05 16:56:23 [INFO]      [2mReal:[0m 72.0 kWh   [2mHabitual:[0m 51.0 ± 5.1 kWh   [2mz:[0m +4.12   [2mdesvio:[0m +41%   [2m(2 obs. dia_util)[0m
2026-08-05 16:56:23 [INFO] 
2026-08-05 16:56:23 [INFO]   🔴 [91m[1mPT0002000115673389QK[0m  [2m[Cluster 0][0m
2026-08-05 16:56:23 [INFO]      consumiu MAIS que o habitual às 21h
2026-08-05 16:56:23 [INFO]      [2mReal:[0m 22.0 kWh   [2mHabitual:[0m 15.0 ± 1.7 kWh   [2mz:[0m +4.04   [2mdesvio:[0m +47%   [2m(3 obs. dia_util)[0m
2026-08-05 16:56:23 [INFO] 
2026-08-05 16:56:23 [INFO]   🔵 [94m[1mPT0002000068859597LS[0m  [2m[Cluster 0][0m
2026-08-05 16:56:23 [INFO]      consumiu MENOS que o habitual às 23h
2026-08-05 16:56:23 [INFO]      [2mReal:[0m 45.0 kWh   [2mHabitual:[0m 75.3 ± 7.5 kWh   [2mz:[0m -4.03   [2mdesvio:[0m -40%   [2m(3 obs. dia_util)[0m
2026-08-05 16:56:23 [INFO] 
2026-08-05 16:56:23 [INFO]   🔴 [91m[1mPT0002000068855003AK[0m  [2m[Cluster 0 (atribuido)][0m
2026-08-05 16:56:23 [INFO]      consumiu MAIS que o habitual às 10h
2026-08-05 16:56:23 [INFO]      [2mReal:[0m 57.0 kWh   [2mHabitual:[0m 18.0 ± 9.9 kWh   [2mz:[0m +3.94   [2mdesvio:[0m +217%   [2m(2 obs. dia_util)[0m
2026-08-05 16:56:23 [INFO] 
2026-08-05 16:56:23 [INFO]   🔴 [91m[1mPT0002000078140706BA[0m  [2m[Cluster 1 (atribuido)][0m
2026-08-05 16:56:23 [INFO]      consumiu MAIS que o habitual às 07h
2026-08-05 16:56:23 [INFO]      [2mReal:[0m 54.0 kWh   [2mHabitual:[0m 15.0 ± 9.9 kWh   [2mz:[0m +3.94   [2mdesvio:[0m +260%   [2m(2 obs. dia_util)[0m
2026-08-05 16:56:23 [INFO] 
2026-08-05 16:56:23 [INFO]   🔴 [91m[1mPT0002000125701614SQ[0m  [2m[Cluster 1 (atribuido)][0m
2026-08-05 16:56:23 [INFO]      consumiu MAIS que o habitual às 02h
2026-08-05 16:56:23 [INFO]      [2mReal:[0m 20.0 kWh   [2mHabitual:[0m 14.5 ± 1.4 kWh   [2mz:[0m +3.79   [2mdesvio:[0m +38%   [2m(2 obs. dia_util)[0m
2026-08-05 16:56:23 [INFO] 
2026-08-05 16:56:23 [INFO]   🔴 [91m[1mPT0002000068856655YV[0m  [2m[Cluster 0][0m
2026-08-05 16:56:23 [INFO]      consumiu MAIS que o habitual às 22h
2026-08-05 16:56:23 [INFO]      [2mReal:[0m 7.0 kWh   [2mHabitual:[0m 2.7 ± 1.1 kWh   [2mz:[0m +3.75   [2mdesvio:[0m +162%   [2m(3 obs. dia_util)[0m
2026-08-05 16:56:23 [INFO] 
2026-08-05 16:56:23 [INFO]   🔴 [91m[1mPT0002000078140706BA[0m  [2m[Cluster 1 (atribuido)][0m
2026-08-05 16:56:23 [INFO]      consumiu MAIS que o habitual às 05h
2026-08-05 16:56:23 [INFO]      [2mReal:[0m 44.0 kWh   [2mHabitual:[0m 32.0 ± 3.2 kWh   [2mz:[0m +3.75   [2mdesvio:[0m +38%   [2m(2 obs. dia_util)[0m
2026-08-05 16:56:23 [INFO] 
2026-08-05 16:56:23 [INFO]   🔴 [91m[1mPT0002000111572054VT[0m  [2m[Cluster 0 (atribuido)][0m
2026-08-05 16:56:23 [INFO]      consumiu MAIS que o habitual às 06h
2026-08-05 16:56:23 [INFO]      [2mReal:[0m 22.0 kWh   [2mHabitual:[0m 16.0 ± 1.6 kWh   [2mz:[0m +3.75   [2mdesvio:[0m +38%   [2m(2 obs. dia_util)[0m
2026-08-05 16:56:23 [INFO] 
2026-08-05 16:56:23 [INFO]   🔴 [91m[1mPT0002000115673389QK[0m  [2m[Cluster 0][0m
2026-08-05 16:56:23 [INFO]      consumiu MAIS que o habitual às 23h
2026-08-05 16:56:23 [INFO]      [2mReal:[0m 22.0 kWh   [2mHabitual:[0m 16.0 ± 1.6 kWh   [2mz:[0m +3.75   [2mdesvio:[0m +38%   [2m(3 obs. dia_util)[0m
2026-08-05 16:56:23 [INFO] 
2026-08-05 16:56:23 [INFO]   🔴 [91m[1mPT0002000078140706BA[0m  [2m[Cluster 1 (atribuido)][0m
2026-08-05 16:56:23 [INFO]      consumiu MAIS que o habitual às 00h
2026-08-05 16:56:23 [INFO]      [2mReal:[0m 41.0 kWh   [2mHabitual:[0m 30.0 ± 3.0 kWh   [2mz:[0m +3.67   [2mdesvio:[0m +37%   [2m(2 obs. dia_util)[0m
2026-08-05 16:56:23 [INFO] 
2026-08-05 16:56:23 [INFO]   🔴 [91m[1mPT0002000068856826ZG[0m  [2m[Cluster 0 (atribuido)][0m
2026-08-05 16:56:23 [INFO]      consumiu MAIS que o habitual às 07h
2026-08-05 16:56:23 [INFO]      [2mReal:[0m 113.0 kWh   [2mHabitual:[0m 79.5 ± 9.2 kWh   [2mz:[0m +3.64   [2mdesvio:[0m +42%   [2m(2 obs. dia_util)[0m
2026-08-05 16:56:23 [INFO] 
2026-08-05 16:56:23 [INFO]   🔵 [94m[1mPT0002000073573036KH[0m  [2m[Cluster 0 (atribuido)][0m
2026-08-05 16:56:23 [INFO]      consumiu MENOS que o habitual às 22h
2026-08-05 16:56:23 [INFO]      [2mReal:[0m 121.0 kWh   [2mHabitual:[0m 190.3 ± 19.0 kWh   [2mz:[0m -3.64   [2mdesvio:[0m -36%   [2m(3 obs. dia_util)[0m
2026-08-05 16:56:23 [INFO] 
2026-08-05 16:56:23 [INFO]   🔴 [91m[1mPT0002000068856906VS[0m  [2m[Cluster 0][0m
2026-08-05 16:56:23 [INFO]      consumiu MAIS que o habitual às 10h
2026-08-05 16:56:23 [INFO]      [2mReal:[0m 34.0 kWh   [2mHabitual:[0m 25.0 ± 2.5 kWh   [2mz:[0m +3.60   [2mdesvio:[0m +36%   [2m(2 obs. dia_util)[0m
2026-08-05 16:56:23 [INFO] 
2026-08-05 16:56:23 [INFO]   🔴 [91m[1mPT0002000125701614SQ[0m  [2m[Cluster 1 (atribuido)][0m
2026-08-05 16:56:23 [INFO]      consumiu MAIS que o habitual às 04h
2026-08-05 16:56:23 [INFO]      [2mReal:[0m 19.0 kWh   [2mHabitual:[0m 14.0 ± 1.4 kWh   [2mz:[0m +3.57   [2mdesvio:[0m +36%   [2m(2 obs. dia_util)[0m
2026-08-05 16:56:23 [INFO] 
2026-08-05 16:56:23 [INFO]   🔴 [91m[1mPT0002000111572054VT[0m  [2m[Cluster 0 (atribuido)][0m
2026-08-05 16:56:23 [INFO]      consumiu MAIS que o habitual às 02h
2026-08-05 16:56:23 [INFO]      [2mReal:[0m 21.0 kWh   [2mHabitual:[0m 15.5 ± 1.6 kWh   [2mz:[0m +3.55   [2mdesvio:[0m +35%   [2m(2 obs. dia_util)[0m
2026-08-05 16:56:23 [INFO] 
2026-08-05 16:56:23 [INFO]   🔴 [91m[1mPT0002000115673389QK[0m  [2m[Cluster 0][0m
2026-08-05 16:56:23 [INFO]      consumiu MAIS que o habitual às 19h
2026-08-05 16:56:23 [INFO]      [2mReal:[0m 21.0 kWh   [2mHabitual:[0m 15.5 ± 1.6 kWh   [2mz:[0m +3.55   [2mdesvio:[0m +35%   [2m(2 obs. dia_util)[0m
2026-08-05 16:56:23 [INFO] 
2026-08-05 16:56:23 [INFO]   🔵 [94m[1mPT0002000068858674WN[0m  [2m[Cluster 1 (atribuido)][0m
2026-08-05 16:56:23 [INFO]      consumiu MENOS que o habitual às 11h
2026-08-05 16:56:23 [INFO]      [2mReal:[0m 8.0 kWh   [2mHabitual:[0m 18.0 ± 2.8 kWh   [2mz:[0m -3.54   [2mdesvio:[0m -56%   [2m(2 obs. dia_util)[0m
2026-08-05 16:56:23 [INFO] 
2026-08-05 16:56:23 [INFO]   🔵 [94m[1mPT0002000068858674WN[0m  [2m[Cluster 1 (atribuido)][0m
2026-08-05 16:56:23 [INFO]      consumiu MENOS que o habitual às 14h
2026-08-05 16:56:23 [INFO]      [2mReal:[0m 4.0 kWh   [2mHabitual:[0m 14.0 ± 2.8 kWh   [2mz:[0m -3.54   [2mdesvio:[0m -71%   [2m(2 obs. dia_util)[0m
2026-08-05 16:56:23 [INFO] 
2026-08-05 16:56:23 [INFO]   🔴 [91m[1mPT0002000078233981HJ[0m  [2m[Cluster 1][0m
2026-08-05 16:56:23 [INFO]      consumiu MAIS que o habitual às 14h
2026-08-05 16:56:23 [INFO]      [2mReal:[0m 14.0 kWh   [2mHabitual:[0m 4.0 ± 2.8 kWh   [2mz:[0m +3.54   [2mdesvio:[0m +250%   [2m(2 obs. dia_util)[0m
2026-08-05 16:56:23 [INFO] 
2026-08-05 16:56:23 [INFO]   🔴 [91m[1mPT0002000078233981HJ[0m  [2m[Cluster 1][0m
2026-08-05 16:56:23 [INFO]      consumiu MAIS que o habitual às 17h
2026-08-05 16:56:23 [INFO]      [2mReal:[0m 29.0 kWh   [2mHabitual:[0m 6.5 ± 6.4 kWh   [2mz:[0m +3.54   [2mdesvio:[0m +346%   [2m(2 obs. dia_util)[0m
2026-08-05 16:56:23 [INFO] 
2026-08-05 16:56:23 [INFO]   🔴 [91m[1mPT0002000125701614SQ[0m  [2m[Cluster 1 (atribuido)][0m
2026-08-05 16:56:23 [INFO]      consumiu MAIS que o habitual às 09h
2026-08-05 16:56:23 [INFO]      [2mReal:[0m 25.0 kWh   [2mHabitual:[0m 15.0 ± 2.8 kWh   [2mz:[0m +3.54   [2mdesvio:[0m +67%   [2m(2 obs. dia_util)[0m
2026-08-05 16:56:23 [INFO] 
2026-08-05 16:56:23 [INFO]   🔵 [94m[1mPT0002000201038711LS[0m  [2m[Cluster 1 (atribuido)][0m
2026-08-05 16:56:23 [INFO]      consumiu MENOS que o habitual às 07h
2026-08-05 16:56:23 [INFO]      [2mReal:[0m 1.0 kWh   [2mHabitual:[0m 3.5 ± 0.7 kWh   [2mz:[0m -3.54   [2mdesvio:[0m -71%   [2m(2 obs. dia_util)[0m
2026-08-05 16:56:23 [INFO] 
2026-08-05 16:56:23 [INFO]   🔴 [91m[1mPT0002000068856826ZG[0m  [2m[Cluster 0 (atribuido)][0m
2026-08-05 16:56:23 [INFO]      consumiu MAIS que o habitual às 05h
2026-08-05 16:56:23 [INFO]      [2mReal:[0m 103.0 kWh   [2mHabitual:[0m 76.5 ± 7.7 kWh   [2mz:[0m +3.46   [2mdesvio:[0m +35%   [2m(2 obs. dia_util)[0m
2026-08-05 16:56:23 [INFO] 
2026-08-05 16:56:23 [INFO]   🔴 [91m[1mPT0002000077348081AG[0m  [2m[Cluster 0 (atribuido)][0m
2026-08-05 16:56:23 [INFO]      consumiu MAIS que o habitual às 10h
2026-08-05 16:56:23 [INFO]      [2mReal:[0m 129.0 kWh   [2mHabitual:[0m 96.0 ± 9.6 kWh   [2mz:[0m +3.44   [2mdesvio:[0m +34%   [2m(2 obs. dia_util)[0m
2026-08-05 16:56:23 [INFO] 
2026-08-05 16:56:23 [INFO]   🔴 [91m[1mPT0002000068856655YV[0m  [2m[Cluster 0][0m
2026-08-05 16:56:23 [INFO]      consumiu MAIS que o habitual às 01h
2026-08-05 16:56:23 [INFO]      [2mReal:[0m 3.0 kWh   [2mHabitual:[0m 2.0 ± 0.3 kWh   [2mz:[0m +3.33   [2mdesvio:[0m +50%   [2m(2 obs. dia_util)[0m
2026-08-05 16:56:23 [INFO] 
2026-08-05 16:56:23 [INFO]   🔴 [91m[1mPT0002000068856872QG[0m  [2m[Cluster 1][0m
2026-08-05 16:56:23 [INFO]      consumiu MAIS que o habitual às 00h
2026-08-05 16:56:23 [INFO]      [2mReal:[0m 1.0 kWh   [2mHabitual:[0m 0.0 ± 0.3 kWh   [2mz:[0m +3.33   [2mdesvio:[0m +100000%   [2m(2 obs. dia_util)[0m
2026-08-05 16:56:23 [INFO] 
2026-08-05 16:56:23 [INFO]   🔴 [91m[1mPT0002000068856872QG[0m  [2m[Cluster 1][0m
2026-08-05 16:56:23 [INFO]      consumiu MAIS que o habitual às 01h
2026-08-05 16:56:23 [INFO]      [2mReal:[0m 1.0 kWh   [2mHabitual:[0m 0.0 ± 0.3 kWh   [2mz:[0m +3.33   [2mdesvio:[0m +100000%   [2m(2 obs. dia_util)[0m
2026-08-05 16:56:23 [INFO] 
2026-08-05 16:56:23 [INFO]   🔴 [91m[1mPT0002000068856872QG[0m  [2m[Cluster 1][0m
2026-08-05 16:56:23 [INFO]      consumiu MAIS que o habitual às 13h
2026-08-05 16:56:23 [INFO]      [2mReal:[0m 1.0 kWh   [2mHabitual:[0m 0.0 ± 0.3 kWh   [2mz:[0m +3.33   [2mdesvio:[0m +100000%   [2m(2 obs. dia_util)[0m
2026-08-05 16:56:23 [INFO] 
2026-08-05 16:56:23 [INFO]   🔴 [91m[1mPT0002000068856872QG[0m  [2m[Cluster 1][0m
2026-08-05 16:56:23 [INFO]      consumiu MAIS que o habitual às 14h
2026-08-05 16:56:23 [INFO]      [2mReal:[0m 1.0 kWh   [2mHabitual:[0m 0.0 ± 0.3 kWh   [2mz:[0m +3.33   [2mdesvio:[0m +100000%   [2m(2 obs. dia_util)[0m
2026-08-05 16:56:23 [INFO] 
2026-08-05 16:56:23 [INFO]   🔴 [91m[1mPT0002000068856906VS[0m  [2m[Cluster 0][0m
2026-08-05 16:56:23 [INFO]      consumiu MAIS que o habitual às 15h
2026-08-05 16:56:23 [INFO]      [2mReal:[0m 34.0 kWh   [2mHabitual:[0m 25.5 ± 2.5 kWh   [2mz:[0m +3.33   [2mdesvio:[0m +33%   [2m(2 obs. dia_util)[0m
2026-08-05 16:56:23 [INFO] 
2026-08-05 16:56:23 [INFO]   🔴 [91m[1mPT0002000068856952LS[0m  [2m[Cluster 2][0m
2026-08-05 16:56:23 [INFO]      consumiu MAIS que o habitual às 01h
2026-08-05 16:56:23 [INFO]      [2mReal:[0m 1.0 kWh   [2mHabitual:[0m 0.0 ± 0.3 kWh   [2mz:[0m +3.33   [2mdesvio:[0m +100000%   [2m(2 obs. dia_util)[0m
2026-08-05 16:56:23 [INFO] 
2026-08-05 16:56:23 [INFO]   🔴 [91m[1mPT0002000068856952LS[0m  [2m[Cluster 2][0m
2026-08-05 16:56:23 [INFO]      consumiu MAIS que o habitual às 10h
2026-08-05 16:56:23 [INFO]      [2mReal:[0m 1.0 kWh   [2mHabitual:[0m 0.0 ± 0.3 kWh   [2mz:[0m +3.33   [2mdesvio:[0m +100000%   [2m(2 obs. dia_util)[0m
2026-08-05 16:56:23 [INFO] 
2026-08-05 16:56:23 [INFO]   🔴 [91m[1mPT0002000068856952LS[0m  [2m[Cluster 2][0m
2026-08-05 16:56:23 [INFO]      consumiu MAIS que o habitual às 19h
2026-08-05 16:56:23 [INFO]      [2mReal:[0m 1.0 kWh   [2mHabitual:[0m 0.0 ± 0.3 kWh   [2mz:[0m +3.33   [2mdesvio:[0m +100000%   [2m(2 obs. dia_util)[0m
2026-08-05 16:56:23 [INFO] 
2026-08-05 16:56:23 [INFO]   🔵 [94m[1mPT0002000068858674WN[0m  [2m[Cluster 1 (atribuido)][0m
2026-08-05 16:56:23 [INFO]      consumiu MENOS que o habitual às 03h
2026-08-05 16:56:23 [INFO]      [2mReal:[0m 8.0 kWh   [2mHabitual:[0m 12.0 ± 1.2 kWh   [2mz:[0m -3.33   [2mdesvio:[0m -33%   [2m(2 obs. dia_util)[0m
2026-08-05 16:56:23 [INFO] 
2026-08-05 16:56:23 [INFO]   🔵 [94m[1mPT0002000068858674WN[0m  [2m[Cluster 1 (atribuido)][0m
2026-08-05 16:56:23 [INFO]      consumiu MENOS que o habitual às 07h
2026-08-05 16:56:23 [INFO]      [2mReal:[0m 8.0 kWh   [2mHabitual:[0m 12.0 ± 1.2 kWh   [2mz:[0m -3.33   [2mdesvio:[0m -33%   [2m(2 obs. dia_util)[0m
2026-08-05 16:56:23 [INFO] 
2026-08-05 16:56:23 [INFO]   🔵 [94m[1mPT0002000068858674WN[0m  [2m[Cluster 1 (atribuido)][0m
2026-08-05 16:56:23 [INFO]      consumiu MENOS que o habitual às 17h
2026-08-05 16:56:23 [INFO]      [2mReal:[0m 8.0 kWh   [2mHabitual:[0m 12.0 ± 1.2 kWh   [2mz:[0m -3.33   [2mdesvio:[0m -33%   [2m(2 obs. dia_util)[0m
2026-08-05 16:56:23 [INFO] 
2026-08-05 16:56:23 [INFO]   🔴 [91m[1mPT0002000071896778MT[0m  [2m[Cluster 0][0m
2026-08-05 16:56:23 [INFO]      consumiu MAIS que o habitual às 01h
2026-08-05 16:56:23 [INFO]      [2mReal:[0m 3.0 kWh   [2mHabitual:[0m 2.0 ± 0.3 kWh   [2mz:[0m +3.33   [2mdesvio:[0m +50%   [2m(2 obs. dia_util)[0m
2026-08-05 16:56:23 [INFO] 
2026-08-05 16:56:23 [INFO]   🔴 [91m[1mPT0002000071896778MT[0m  [2m[Cluster 0][0m
2026-08-05 16:56:23 [INFO]      consumiu MAIS que o habitual às 04h
2026-08-05 16:56:23 [INFO]      [2mReal:[0m 3.0 kWh   [2mHabitual:[0m 2.0 ± 0.3 kWh   [2mz:[0m +3.33   [2mdesvio:[0m +50%   [2m(2 obs. dia_util)[0m
2026-08-05 16:56:23 [INFO] 
2026-08-05 16:56:23 [INFO]   🔴 [91m[1mPT0002000073717386HC[0m  [2m[Cluster 1 (atribuido)][0m
2026-08-05 16:56:23 [INFO]      consumiu MAIS que o habitual às 01h
2026-08-05 16:56:23 [INFO]      [2mReal:[0m 1.0 kWh   [2mHabitual:[0m 0.0 ± 0.3 kWh   [2mz:[0m +3.33   [2mdesvio:[0m +100000%   [2m(2 obs. dia_util)[0m
2026-08-05 16:56:23 [INFO] 
2026-08-05 16:56:23 [INFO]   🔴 [91m[1mPT0002000073717386HC[0m  [2m[Cluster 1 (atribuido)][0m
2026-08-05 16:56:23 [INFO]      consumiu MAIS que o habitual às 02h
2026-08-05 16:56:23 [INFO]      [2mReal:[0m 1.0 kWh   [2mHabitual:[0m 0.0 ± 0.3 kWh   [2mz:[0m +3.33   [2mdesvio:[0m +100000%   [2m(2 obs. dia_util)[0m
2026-08-05 16:56:23 [INFO] 
2026-08-05 16:56:23 [INFO]   🔴 [91m[1mPT0002000073717386HC[0m  [2m[Cluster 1 (atribuido)][0m
2026-08-05 16:56:23 [INFO]      consumiu MAIS que o habitual às 04h
2026-08-05 16:56:23 [INFO]      [2mReal:[0m 1.0 kWh   [2mHabitual:[0m 0.0 ± 0.3 kWh   [2mz:[0m +3.33   [2mdesvio:[0m +100000%   [2m(2 obs. dia_util)[0m
2026-08-05 16:56:23 [INFO] 
2026-08-05 16:56:23 [INFO]   🔴 [91m[1mPT0002000073717386HC[0m  [2m[Cluster 1 (atribuido)][0m
2026-08-05 16:56:23 [INFO]      consumiu MAIS que o habitual às 05h
2026-08-05 16:56:23 [INFO]      [2mReal:[0m 1.0 kWh   [2mHabitual:[0m 0.0 ± 0.3 kWh   [2mz:[0m +3.33   [2mdesvio:[0m +100000%   [2m(2 obs. dia_util)[0m
2026-08-05 16:56:23 [INFO] 
2026-08-05 16:56:23 [INFO]   🔵 [94m[1mPT0002000077647404EM[0m  [2m[Cluster 1][0m
2026-08-05 16:56:23 [INFO]      consumiu MENOS que o habitual às 17h
2026-08-05 16:56:23 [INFO]      [2mReal:[0m 2.0 kWh   [2mHabitual:[0m 3.0 ± 0.3 kWh   [2mz:[0m -3.33   [2mdesvio:[0m -33%   [2m(2 obs. dia_util)[0m
2026-08-05 16:56:23 [INFO] 
2026-08-05 16:56:23 [INFO]   🔵 [94m[1mPT0002000078233981HJ[0m  [2m[Cluster 1][0m
2026-08-05 16:56:23 [INFO]      consumiu MENOS que o habitual às 02h
2026-08-05 16:56:23 [INFO]      [2mReal:[0m 1.0 kWh   [2mHabitual:[0m 2.0 ± 0.3 kWh   [2mz:[0m -3.33   [2mdesvio:[0m -50%   [2m(2 obs. dia_util)[0m
2026-08-05 16:56:23 [INFO] 
2026-08-05 16:56:23 [INFO]   🔵 [94m[1mPT0002000078233981HJ[0m  [2m[Cluster 1][0m
2026-08-05 16:56:23 [INFO]      consumiu MENOS que o habitual às 05h
2026-08-05 16:56:23 [INFO]      [2mReal:[0m 1.0 kWh   [2mHabitual:[0m 2.0 ± 0.3 kWh   [2mz:[0m -3.33   [2mdesvio:[0m -50%   [2m(2 obs. dia_util)[0m
2026-08-05 16:56:23 [INFO] 
2026-08-05 16:56:23 [INFO]   🔵 [94m[1mPT0002000081344542CP[0m  [2m[Cluster 1][0m
2026-08-05 16:56:23 [INFO]      consumiu MENOS que o habitual às 03h
2026-08-05 16:56:23 [INFO]      [2mReal:[0m 2.0 kWh   [2mHabitual:[0m 3.0 ± 0.3 kWh   [2mz:[0m -3.33   [2mdesvio:[0m -33%   [2m(2 obs. dia_util)[0m
2026-08-05 16:56:23 [INFO] 
2026-08-05 16:56:23 [INFO]   🔵 [94m[1mPT0002000081344542CP[0m  [2m[Cluster 1][0m
2026-08-05 16:56:23 [INFO]      consumiu MENOS que o habitual às 06h
2026-08-05 16:56:23 [INFO]      [2mReal:[0m 2.0 kWh   [2mHabitual:[0m 3.0 ± 0.3 kWh   [2mz:[0m -3.33   [2mdesvio:[0m -33%   [2m(2 obs. dia_util)[0m
2026-08-05 16:56:23 [INFO] 
2026-08-05 16:56:23 [INFO]   🔵 [94m[1mPT0002000105483259QH[0m  [2m[Cluster 1][0m
2026-08-05 16:56:23 [INFO]      consumiu MENOS que o habitual às 02h
2026-08-05 16:56:23 [INFO]      [2mReal:[0m 0.0 kWh   [2mHabitual:[0m 1.0 ± 0.3 kWh   [2mz:[0m -3.33   [2mdesvio:[0m -100%   [2m(2 obs. dia_util)[0m
2026-08-05 16:56:23 [INFO] 
2026-08-05 16:56:23 [INFO]   🔴 [91m[1mPT0002000105483259QH[0m  [2m[Cluster 1][0m
2026-08-05 16:56:23 [INFO]      consumiu MAIS que o habitual às 03h
2026-08-05 16:56:23 [INFO]      [2mReal:[0m 1.0 kWh   [2mHabitual:[0m 0.0 ± 0.3 kWh   [2mz:[0m +3.33   [2mdesvio:[0m +100000%   [2m(2 obs. dia_util)[0m
2026-08-05 16:56:23 [INFO] 
2026-08-05 16:56:23 [INFO]   🔵 [94m[1mPT0002000105483259QH[0m  [2m[Cluster 1][0m
2026-08-05 16:56:23 [INFO]      consumiu MENOS que o habitual às 12h
2026-08-05 16:56:23 [INFO]      [2mReal:[0m 0.0 kWh   [2mHabitual:[0m 1.0 ± 0.3 kWh   [2mz:[0m -3.33   [2mdesvio:[0m -100%   [2m(2 obs. dia_util)[0m
2026-08-05 16:56:23 [INFO] 
2026-08-05 16:56:23 [INFO]   🔴 [91m[1mPT0002000105483259QH[0m  [2m[Cluster 1][0m
2026-08-05 16:56:23 [INFO]      consumiu MAIS que o habitual às 18h
2026-08-05 16:56:23 [INFO]      [2mReal:[0m 2.0 kWh   [2mHabitual:[0m 1.0 ± 0.3 kWh   [2mz:[0m +3.33   [2mdesvio:[0m +100%   [2m(2 obs. dia_util)[0m
2026-08-05 16:56:23 [INFO] 
2026-08-05 16:56:23 [INFO]   🔴 [91m[1mPT0002000107046231FW[0m  [2m[Cluster 0][0m
2026-08-05 16:56:23 [INFO]      consumiu MAIS que o habitual às 11h
2026-08-05 16:56:23 [INFO]      [2mReal:[0m 3.0 kWh   [2mHabitual:[0m 2.0 ± 0.3 kWh   [2mz:[0m +3.33   [2mdesvio:[0m +50%   [2m(2 obs. dia_util)[0m
2026-08-05 16:56:23 [INFO] 
2026-08-05 16:56:23 [INFO]   🔵 [94m[1mPT0002000107046231FW[0m  [2m[Cluster 0][0m
2026-08-05 16:56:23 [INFO]      consumiu MENOS que o habitual às 12h
2026-08-05 16:56:23 [INFO]      [2mReal:[0m 1.0 kWh   [2mHabitual:[0m 2.0 ± 0.3 kWh   [2mz:[0m -3.33   [2mdesvio:[0m -50%   [2m(2 obs. dia_util)[0m
2026-08-05 16:56:23 [INFO] 
2026-08-05 16:56:23 [INFO]   🔵 [94m[1mPT0002000107046231FW[0m  [2m[Cluster 0][0m
2026-08-05 16:56:23 [INFO]      consumiu MENOS que o habitual às 17h
2026-08-05 16:56:23 [INFO]      [2mReal:[0m 1.0 kWh   [2mHabitual:[0m 2.0 ± 0.3 kWh   [2mz:[0m -3.33   [2mdesvio:[0m -50%   [2m(2 obs. dia_util)[0m
2026-08-05 16:56:23 [INFO] 
2026-08-05 16:56:23 [INFO]   🔴 [91m[1mPT0002000107046231FW[0m  [2m[Cluster 0][0m
2026-08-05 16:56:23 [INFO]      consumiu MAIS que o habitual às 21h
2026-08-05 16:56:23 [INFO]      [2mReal:[0m 3.0 kWh   [2mHabitual:[0m 2.0 ± 0.3 kWh   [2mz:[0m +3.33   [2mdesvio:[0m +50%   [2m(3 obs. dia_util)[0m
2026-08-05 16:56:23 [INFO] 
2026-08-05 16:56:23 [INFO]   🔴 [91m[1mPT0002000107046231FW[0m  [2m[Cluster 0][0m
2026-08-05 16:56:23 [INFO]      consumiu MAIS que o habitual às 23h
2026-08-05 16:56:23 [INFO]      [2mReal:[0m 2.0 kWh   [2mHabitual:[0m 1.0 ± 0.3 kWh   [2mz:[0m +3.33   [2mdesvio:[0m +100%   [2m(3 obs. dia_util)[0m
2026-08-05 16:56:23 [INFO] 
2026-08-05 16:56:23 [INFO]   🔴 [91m[1mPT0002000115031201VQ[0m  [2m[Cluster 0][0m
2026-08-05 16:56:23 [INFO]      consumiu MAIS que o habitual às 14h
2026-08-05 16:56:23 [INFO]      [2mReal:[0m 4.0 kWh   [2mHabitual:[0m 3.0 ± 0.3 kWh   [2mz:[0m +3.33   [2mdesvio:[0m +33%   [2m(2 obs. dia_util)[0m
2026-08-05 16:56:23 [INFO] 
2026-08-05 16:56:23 [INFO]   🔴 [91m[1mPT0002000115031201VQ[0m  [2m[Cluster 0][0m
2026-08-05 16:56:23 [INFO]      consumiu MAIS que o habitual às 15h
2026-08-05 16:56:23 [INFO]      [2mReal:[0m 4.0 kWh   [2mHabitual:[0m 3.0 ± 0.3 kWh   [2mz:[0m +3.33   [2mdesvio:[0m +33%   [2m(2 obs. dia_util)[0m
2026-08-05 16:56:23 [INFO] 
2026-08-05 16:56:23 [INFO]   🔴 [91m[1mPT0002000115673389QK[0m  [2m[Cluster 0][0m
2026-08-05 16:56:23 [INFO]      consumiu MAIS que o habitual às 15h
2026-08-05 16:56:23 [INFO]      [2mReal:[0m 22.0 kWh   [2mHabitual:[0m 16.5 ± 1.6 kWh   [2mz:[0m +3.33   [2mdesvio:[0m +33%   [2m(2 obs. dia_util)[0m
2026-08-05 16:56:23 [INFO] 
2026-08-05 16:56:23 [INFO]   🔴 [91m[1mPT0002000119303492KB[0m  [2m[Cluster 0][0m
2026-08-05 16:56:23 [INFO]      consumiu MAIS que o habitual às 07h
2026-08-05 16:56:23 [INFO]      [2mReal:[0m 3.0 kWh   [2mHabitual:[0m 2.0 ± 0.3 kWh   [2mz:[0m +3.33   [2mdesvio:[0m +50%   [2m(2 obs. dia_util)[0m
2026-08-05 16:56:23 [INFO] 
2026-08-05 16:56:23 [INFO]   🔴 [91m[1mPT0002000123648159KR[0m  [2m[Cluster 0][0m
2026-08-05 16:56:23 [INFO]      consumiu MAIS que o habitual às 03h
2026-08-05 16:56:23 [INFO]      [2mReal:[0m 3.0 kWh   [2mHabitual:[0m 2.0 ± 0.3 kWh   [2mz:[0m +3.33   [2mdesvio:[0m +50%   [2m(2 obs. dia_util)[0m
2026-08-05 16:56:23 [INFO] 
2026-08-05 16:56:23 [INFO]   🔴 [91m[1mPT0002000123648159KR[0m  [2m[Cluster 0][0m
2026-08-05 16:56:23 [INFO]      consumiu MAIS que o habitual às 08h
2026-08-05 16:56:23 [INFO]      [2mReal:[0m 3.0 kWh   [2mHabitual:[0m 2.0 ± 0.3 kWh   [2mz:[0m +3.33   [2mdesvio:[0m +50%   [2m(2 obs. dia_util)[0m
2026-08-05 16:56:23 [INFO] 
2026-08-05 16:56:23 [INFO]   🔴 [91m[1mPT0002000123648159KR[0m  [2m[Cluster 0][0m
2026-08-05 16:56:23 [INFO]      consumiu MAIS que o habitual às 14h
2026-08-05 16:56:23 [INFO]      [2mReal:[0m 3.0 kWh   [2mHabitual:[0m 2.0 ± 0.3 kWh   [2mz:[0m +3.33   [2mdesvio:[0m +50%   [2m(2 obs. dia_util)[0m
2026-08-05 16:56:23 [INFO] 
2026-08-05 16:56:23 [INFO]   🔴 [91m[1mPT0002000123648159KR[0m  [2m[Cluster 0][0m
2026-08-05 16:56:23 [INFO]      consumiu MAIS que o habitual às 20h
2026-08-05 16:56:23 [INFO]      [2mReal:[0m 4.0 kWh   [2mHabitual:[0m 3.0 ± 0.3 kWh   [2mz:[0m +3.33   [2mdesvio:[0m +33%   [2m(2 obs. dia_util)[0m
2026-08-05 16:56:23 [INFO] 
2026-08-05 16:56:23 [INFO]   🔴 [91m[1mPT0002000201038711LS[0m  [2m[Cluster 1 (atribuido)][0m
2026-08-05 16:56:23 [INFO]      consumiu MAIS que o habitual às 01h
2026-08-05 16:56:23 [INFO]      [2mReal:[0m 1.0 kWh   [2mHabitual:[0m 0.0 ± 0.3 kWh   [2mz:[0m +3.33   [2mdesvio:[0m +100000%   [2m(2 obs. dia_util)[0m
2026-08-05 16:56:23 [INFO] 
2026-08-05 16:56:23 [INFO]   🔴 [91m[1mPT0002000201038711LS[0m  [2m[Cluster 1 (atribuido)][0m
2026-08-05 16:56:23 [INFO]      consumiu MAIS que o habitual às 06h
2026-08-05 16:56:23 [INFO]      [2mReal:[0m 1.0 kWh   [2mHabitual:[0m 0.0 ± 0.3 kWh   [2mz:[0m +3.33   [2mdesvio:[0m +100000%   [2m(2 obs. dia_util)[0m
2026-08-05 16:56:23 [INFO] 
2026-08-05 16:56:23 [INFO]   🔴 [91m[1mPT0002000068856826ZG[0m  [2m[Cluster 0 (atribuido)][0m
2026-08-05 16:56:23 [INFO]      consumiu MAIS que o habitual às 21h
2026-08-05 16:56:23 [INFO]      [2mReal:[0m 207.0 kWh   [2mHabitual:[0m 150.3 ± 17.1 kWh   [2mz:[0m +3.31   [2mdesvio:[0m +38%   [2m(3 obs. dia_util)[0m
2026-08-05 16:56:23 [INFO] 
2026-08-05 16:56:23 [INFO]   🔴 [91m[1mPT0002000068856826ZG[0m  [2m[Cluster 0 (atribuido)][0m
2026-08-05 16:56:23 [INFO]      consumiu MAIS que o habitual às 01h
2026-08-05 16:56:23 [INFO]      [2mReal:[0m 104.0 kWh   [2mHabitual:[0m 78.5 ± 7.8 kWh   [2mz:[0m +3.25   [2mdesvio:[0m +32%   [2m(2 obs. dia_util)[0m
2026-08-05 16:56:23 [INFO] 
2026-08-05 16:56:23 [INFO]   🔴 [91m[1mPT0002000068856826ZG[0m  [2m[Cluster 0 (atribuido)][0m
2026-08-05 16:56:23 [INFO]      consumiu MAIS que o habitual às 03h
2026-08-05 16:56:23 [INFO]      [2mReal:[0m 102.0 kWh   [2mHabitual:[0m 77.0 ± 7.7 kWh   [2mz:[0m +3.25   [2mdesvio:[0m +32%   [2m(2 obs. dia_util)[0m
2026-08-05 16:56:23 [INFO] 
2026-08-05 16:56:23 [INFO]   🔴 [91m[1mPT0002000078140706BA[0m  [2m[Cluster 1 (atribuido)][0m
2026-08-05 16:56:23 [INFO]      consumiu MAIS que o habitual às 02h
2026-08-05 16:56:23 [INFO]      [2mReal:[0m 43.0 kWh   [2mHabitual:[0m 31.5 ± 3.5 kWh   [2mz:[0m +3.25   [2mdesvio:[0m +37%   [2m(2 obs. dia_util)[0m
2026-08-05 16:56:23 [INFO] 
2026-08-05 16:56:23 [INFO]   🔴 [91m[1mPT0002000078140706BA[0m  [2m[Cluster 1 (atribuido)][0m
2026-08-05 16:56:23 [INFO]      consumiu MAIS que o habitual às 06h
2026-08-05 16:56:23 [INFO]      [2mReal:[0m 40.0 kWh   [2mHabitual:[0m 28.5 ± 3.5 kWh   [2mz:[0m +3.25   [2mdesvio:[0m +40%   [2m(2 obs. dia_util)[0m
2026-08-05 16:56:23 [INFO] 
2026-08-05 16:56:23 [INFO]   🔴 [91m[1mPT0002000111572054VT[0m  [2m[Cluster 0 (atribuido)][0m
2026-08-05 16:56:23 [INFO]      consumiu MAIS que o habitual às 07h
2026-08-05 16:56:23 [INFO]      [2mReal:[0m 23.0 kWh   [2mHabitual:[0m 14.0 ± 2.8 kWh   [2mz:[0m +3.18   [2mdesvio:[0m +64%   [2m(2 obs. dia_util)[0m
2026-08-05 16:56:23 [INFO] 
2026-08-05 16:56:23 [INFO]   🔴 [91m[1mPT0002000068856826ZG[0m  [2m[Cluster 0 (atribuido)][0m
2026-08-05 16:56:23 [INFO]      consumiu MAIS que o habitual às 04h
2026-08-05 16:56:23 [INFO]      [2mReal:[0m 101.0 kWh   [2mHabitual:[0m 77.0 ± 7.7 kWh   [2mz:[0m +3.12   [2mdesvio:[0m +31%   [2m(2 obs. dia_util)[0m
2026-08-05 16:56:23 [INFO] 
2026-08-05 16:56:23 [INFO]   🔴 [91m[1mPT0002000111572054VT[0m  [2m[Cluster 0 (atribuido)][0m
2026-08-05 16:56:23 [INFO]      consumiu MAIS que o habitual às 04h
2026-08-05 16:56:23 [INFO]      [2mReal:[0m 21.0 kWh   [2mHabitual:[0m 16.0 ± 1.6 kWh   [2mz:[0m +3.12   [2mdesvio:[0m +31%   [2m(2 obs. dia_util)[0m
2026-08-05 16:56:23 [INFO] 
2026-08-05 16:56:23 [INFO]   🔴 [91m[1mPT0002000115673389QK[0m  [2m[Cluster 0][0m
2026-08-05 16:56:23 [INFO]      consumiu MAIS que o habitual às 16h
2026-08-05 16:56:23 [INFO]      [2mReal:[0m 21.0 kWh   [2mHabitual:[0m 16.0 ± 1.6 kWh   [2mz:[0m +3.12   [2mdesvio:[0m +31%   [2m(2 obs. dia_util)[0m
2026-08-05 16:56:23 [INFO] 
2026-08-05 16:56:23 [INFO]   🔴 [91m[1mPT0002000068856826ZG[0m  [2m[Cluster 0 (atribuido)][0m
2026-08-05 16:56:23 [INFO]      consumiu MAIS que o habitual às 06h
2026-08-05 16:56:23 [INFO]      [2mReal:[0m 98.0 kWh   [2mHabitual:[0m 75.0 ± 7.5 kWh   [2mz:[0m +3.07   [2mdesvio:[0m +31%   [2m(2 obs. dia_util)[0m
2026-08-05 16:56:23 [INFO] 
2026-08-05 16:56:23 [INFO]   🔵 [94m[1mPT0002000068859597LS[0m  [2m[Cluster 0][0m
2026-08-05 16:56:23 [INFO]      consumiu MENOS que o habitual às 19h
2026-08-05 16:56:23 [INFO]      [2mReal:[0m 27.0 kWh   [2mHabitual:[0m 53.0 ± 8.5 kWh   [2mz:[0m -3.06   [2mdesvio:[0m -49%   [2m(2 obs. dia_util)[0m
2026-08-05 16:56:23 [INFO] 
2026-08-05 16:56:23 [INFO]   🔵 [94m[1mPT0002000068857909SY[0m  [2m[Cluster 1][0m
2026-08-05 16:56:23 [INFO]      consumiu MENOS que o habitual às 10h
2026-08-05 16:56:23 [INFO]      [2mReal:[0m 8.0 kWh   [2mHabitual:[0m 11.5 ± 1.1 kWh   [2mz:[0m -3.04   [2mdesvio:[0m -30%   [2m(2 obs. dia_util)[0m
2026-08-05 16:56:23 [INFO] 
2026-08-05 16:56:23 [INFO]   🔴 [91m[1mPT0002000078140706BA[0m  [2m[Cluster 1 (atribuido)][0m
2026-08-05 16:56:23 [INFO]      consumiu MAIS que o habitual às 04h
2026-08-05 16:56:23 [INFO]      [2mReal:[0m 43.0 kWh   [2mHabitual:[0m 33.0 ± 3.3 kWh   [2mz:[0m +3.03   [2mdesvio:[0m +30%   [2m(2 obs. dia_util)[0m
2026-08-05 16:56:23 [INFO] 
2026-08-05 16:56:23 [INFO]   [2mCSV:[0m /home/runner/work/ts-anomaly-detection-dissertation/ts-anomaly-detection-dissertation/results/energia/realtime/alerts/analise_energia_2026-08-04.csv
2026-08-05 16:56:23 [INFO] 
2026-08-05 16:56:23 [INFO] [96m→ A prever consumo de 2026-08-05 para 276 CPEs...[0m
2026-08-05 16:56:26 [INFO] [1m══════════════════════════════════════════════════════════════════════[0m
2026-08-05 16:56:26 [INFO] [1m  PREDIÇÃO — 2026-08-05 [0m[2m(dia util)[0m
2026-08-05 16:56:26 [INFO] [1m══════════════════════════════════════════════════════════════════════[0m
2026-08-05 16:56:26 [INFO]   [95m● CPEs previstos[0m          69 [2m(alta: 0, baixa: 1656)[0m
2026-08-05 16:56:26 [INFO]   [95m● Consumo total previsto[0m 88171.0 kWh [2m(±12621.2)[0m
2026-08-05 16:56:26 [INFO] 
2026-08-05 16:56:26 [INFO]   [2mPrevisão guardada:[0m /home/runner/work/ts-anomaly-detection-dissertation/ts-anomaly-detection-dissertation/results/energia/realtime/predictions/previsao_energia_2026-08-05.csv
2026-08-05 16:56:26 [INFO] 
2026-08-05 16:56:26 [INFO] [1m══════════════════════════════════════════════════════════════════════[0m
2026-08-05 16:56:26 [INFO] [1m  VALIDAÇÃO — qualidade das previsões anteriores[0m
2026-08-05 16:56:26 [INFO] [1m══════════════════════════════════════════════════════════════════════[0m
2026-08-05 16:56:26 [INFO]   [2mDias validados:[0m 3   [2mpendentes:[0m 51
2026-08-05 16:56:26 [INFO]   [2mÚltimo (2026-08-03):[0m MAE 9.53 kWh   RMSE 25.65   em ±1σ 71% [2m(esperado ~68%)[0m   em ±2σ 90% [2m(esperado ~95%)[0m
2026-08-05 16:56:26 [INFO]   [2mMédia acumulada:[0m MAE 10.65 kWh   RMSE 26.08   em ±1σ 63%   em ±2σ 89%
2026-08-05 16:56:26 [INFO]   [2mCSV:[0m /home/runner/work/ts-anomaly-detection-dissertation/ts-anomaly-detection-dissertation/results/energia/realtime/analysis/qualidade_previsoes_energia.csv
2026-08-05 16:56:26 [INFO] 
2026-08-05 16:56:26 [INFO] 
2026-08-05 16:56:26 [INFO] Concluido em 420.2s. Ficheiros gerados: 2
2026-08-05 17:53:13 [INFO] [96m→ A pedir dados ao BaZe (276 CPEs)...[0m
2026-08-05 18:00:59 [INFO]   [2mClusters atribuidos carregados:[0m 22 novos
2026-08-05 18:00:59 [INFO] 
2026-08-05 18:00:59 [INFO] [1m══════════════════════════════════════════════════════════════════════[0m
2026-08-05 18:00:59 [INFO] [1m  DETEÇÃO DE ANOMALIAS — 2026-08-04[0m
2026-08-05 18:00:59 [INFO] [1m══════════════════════════════════════════════════════════════════════[0m
2026-08-05 18:00:59 [INFO]   [2mTipo de dia:[0m  dia util
2026-08-05 18:00:59 [INFO]   [2mFonte:[0m        BAZE
2026-08-05 18:00:59 [INFO]   [2mCPEs c/ dados:[0m 69
2026-08-05 18:00:59 [INFO]   [2mThreshold:[0m    |z| > 3.0 [2m(adaptativo a este tipo de dia)[0m
2026-08-05 18:00:59 [INFO] 
2026-08-05 18:00:59 [INFO] [96m→ A analisar 69 CPEs / 1656 pontos horários (retrospetiva)...[0m
2026-08-05 18:01:01 [INFO] [1m─── Resumo ─────────────────────────────────────[0m
2026-08-05 18:01:01 [INFO]   [92m● Normal[0m                1475 [2m( 89.1%)[0m
2026-08-05 18:01:01 [INFO]   [91m● Desvio (alta confiança)[0m    0 [2m(  0.0%)[0m
2026-08-05 18:01:01 [INFO]   [93m● Desvio (baixa confiança)[0m 181 [2m( 10.9%)[0m
2026-08-05 18:01:01 [INFO]   [2mTempo: 468.3s[0m
2026-08-05 18:01:01 [INFO] 
2026-08-05 18:01:01 [INFO] [1m[93m─── Desvios de BAIXA confiança (181) ──────────────[0m
2026-08-05 18:01:01 [INFO]   [2m(poucos dados históricos — verificar manualmente)[0m
2026-08-05 18:01:01 [INFO] 
2026-08-05 18:01:01 [INFO]   🔴 [91m[1mPT0002000068855003AK[0m  [2m[Cluster 0 (atribuido)][0m
2026-08-05 18:01:01 [INFO]      consumiu MAIS que o habitual às 16h
2026-08-05 18:01:01 [INFO]      [2mReal:[0m 48.0 kWh   [2mHabitual:[0m 18.5 ± 2.1 kWh   [2mz:[0m +10.00⁺   [2mdesvio:[0m +159%   [2m(2 obs. dia_util)[0m
2026-08-05 18:01:01 [INFO] 
2026-08-05 18:01:01 [INFO]   🔴 [91m[1mPT0002000068855003AK[0m  [2m[Cluster 0 (atribuido)][0m
2026-08-05 18:01:01 [INFO]      consumiu MAIS que o habitual às 17h
2026-08-05 18:01:01 [INFO]      [2mReal:[0m 41.0 kWh   [2mHabitual:[0m 16.5 ± 1.6 kWh   [2mz:[0m +10.00⁺   [2mdesvio:[0m +148%   [2m(2 obs. dia_util)[0m
2026-08-05 18:01:01 [INFO] 
2026-08-05 18:01:01 [INFO]   🔴 [91m[1mPT0002000068855003AK[0m  [2m[Cluster 0 (atribuido)][0m
2026-08-05 18:01:01 [INFO]      consumiu MAIS que o habitual às 18h
2026-08-05 18:01:01 [INFO]      [2mReal:[0m 48.0 kWh   [2mHabitual:[0m 16.0 ± 1.6 kWh   [2mz:[0m +10.00⁺   [2mdesvio:[0m +200%   [2m(2 obs. dia_util)[0m
2026-08-05 18:01:01 [INFO] 
2026-08-05 18:01:01 [INFO]   🔴 [91m[1mPT0002000068855003AK[0m  [2m[Cluster 0 (atribuido)][0m
2026-08-05 18:01:01 [INFO]      consumiu MAIS que o habitual às 19h
2026-08-05 18:01:01 [INFO]      [2mReal:[0m 54.0 kWh   [2mHabitual:[0m 14.0 ± 1.4 kWh   [2mz:[0m +10.00⁺   [2mdesvio:[0m +286%   [2m(2 obs. dia_util)[0m
2026-08-05 18:01:01 [INFO] 
2026-08-05 18:01:01 [INFO]   🔴 [91m[1mPT0002000068855003AK[0m  [2m[Cluster 0 (atribuido)][0m
2026-08-05 18:01:01 [INFO]      consumiu MAIS que o habitual às 20h
2026-08-05 18:01:01 [INFO]      [2mReal:[0m 20.0 kWh   [2mHabitual:[0m 7.5 ± 0.8 kWh   [2mz:[0m +10.00⁺   [2mdesvio:[0m +167%   [2m(2 obs. dia_util)[0m
2026-08-05 18:01:01 [INFO] 
2026-08-05 18:01:01 [INFO]   🔴 [91m[1mPT0002000068856872QG[0m  [2m[Cluster 1][0m
2026-08-05 18:01:01 [INFO]      consumiu MAIS que o habitual às 07h
2026-08-05 18:01:01 [INFO]      [2mReal:[0m 3.0 kWh   [2mHabitual:[0m 0.0 ± 0.3 kWh   [2mz:[0m +10.00   [2mdesvio:[0m +300000%   [2m(2 obs. dia_util)[0m
2026-08-05 18:01:01 [INFO] 
2026-08-05 18:01:01 [INFO]   🔴 [91m[1mPT0002000068856872QG[0m  [2m[Cluster 1][0m
2026-08-05 18:01:01 [INFO]      consumiu MAIS que o habitual às 20h
2026-08-05 18:01:01 [INFO]      [2mReal:[0m 3.0 kWh   [2mHabitual:[0m 0.0 ± 0.3 kWh   [2mz:[0m +10.00   [2mdesvio:[0m +300000%   [2m(2 obs. dia_util)[0m
2026-08-05 18:01:01 [INFO] 
2026-08-05 18:01:01 [INFO]   🔴 [91m[1mPT0002000068857099AR[0m  [2m[Cluster 1][0m
2026-08-05 18:01:01 [INFO]      consumiu MAIS que o habitual às 21h
2026-08-05 18:01:01 [INFO]      [2mReal:[0m 39.0 kWh   [2mHabitual:[0m 5.0 ± 1.0 kWh   [2mz:[0m +10.00⁺   [2mdesvio:[0m +680%   [2m(3 obs. dia_util)[0m
2026-08-05 18:01:01 [INFO] 
2026-08-05 18:01:01 [INFO]   🔴 [91m[1mPT0002000078140706BA[0m  [2m[Cluster 1 (atribuido)][0m
2026-08-05 18:01:01 [INFO]      consumiu MAIS que o habitual às 09h
2026-08-05 18:01:01 [INFO]      [2mReal:[0m 104.0 kWh   [2mHabitual:[0m 5.0 ± 2.8 kWh   [2mz:[0m +10.00⁺   [2mdesvio:[0m +1980%   [2m(2 obs. dia_util)[0m
2026-08-05 18:01:01 [INFO] 
2026-08-05 18:01:01 [INFO]   🔴 [91m[1mPT0002000078140706BA[0m  [2m[Cluster 1 (atribuido)][0m
2026-08-05 18:01:01 [INFO]      consumiu MAIS que o habitual às 18h
2026-08-05 18:01:01 [INFO]      [2mReal:[0m 40.0 kWh   [2mHabitual:[0m 15.5 ± 1.6 kWh   [2mz:[0m +10.00⁺   [2mdesvio:[0m +158%   [2m(2 obs. dia_util)[0m
2026-08-05 18:01:01 [INFO] 
2026-08-05 18:01:01 [INFO]   🔴 [91m[1mPT0002000078140706BA[0m  [2m[Cluster 1 (atribuido)][0m
2026-08-05 18:01:01 [INFO]      consumiu MAIS que o habitual às 19h
2026-08-05 18:01:01 [INFO]      [2mReal:[0m 84.0 kWh   [2mHabitual:[0m 27.0 ± 2.7 kWh   [2mz:[0m +10.00⁺   [2mdesvio:[0m +211%   [2m(2 obs. dia_util)[0m
2026-08-05 18:01:01 [INFO] 
2026-08-05 18:01:01 [INFO]   🔴 [91m[1mPT0002000078233981HJ[0m  [2m[Cluster 1][0m
2026-08-05 18:01:01 [INFO]      consumiu MAIS que o habitual às 15h
2026-08-05 18:01:01 [INFO]      [2mReal:[0m 13.0 kWh   [2mHabitual:[0m 2.5 ± 0.7 kWh   [2mz:[0m +10.00⁺   [2mdesvio:[0m +420%   [2m(2 obs. dia_util)[0m
2026-08-05 18:01:01 [INFO] 
2026-08-05 18:01:01 [INFO]   🔵 [94m[1mPT0002000079469719HF[0m  [2m[Cluster 1 (atribuido)][0m
2026-08-05 18:01:01 [INFO]      consumiu MENOS que o habitual às 17h
2026-08-05 18:01:01 [INFO]      [2mReal:[0m 0.0 kWh   [2mHabitual:[0m 65.5 ± 6.5 kWh   [2mz:[0m -10.00   [2mdesvio:[0m -100%   [2m(2 obs. dia_util)[0m
2026-08-05 18:01:01 [INFO] 
2026-08-05 18:01:01 [INFO]   🔴 [91m[1mPT0002000081344542CP[0m  [2m[Cluster 1][0m
2026-08-05 18:01:01 [INFO]      consumiu MAIS que o habitual às 17h
2026-08-05 18:01:01 [INFO]      [2mReal:[0m 6.0 kWh   [2mHabitual:[0m 2.0 ± 0.3 kWh   [2mz:[0m +10.00⁺   [2mdesvio:[0m +200%   [2m(2 obs. dia_util)[0m
2026-08-05 18:01:01 [INFO] 
2026-08-05 18:01:01 [INFO]   🔴 [91m[1mPT0002000081344542CP[0m  [2m[Cluster 1][0m
2026-08-05 18:01:01 [INFO]      consumiu MAIS que o habitual às 19h
2026-08-05 18:01:01 [INFO]      [2mReal:[0m 41.0 kWh   [2mHabitual:[0m 3.5 ± 2.1 kWh   [2mz:[0m +10.00⁺   [2mdesvio:[0m +1071%   [2m(2 obs. dia_util)[0m
2026-08-05 18:01:01 [INFO] 
2026-08-05 18:01:01 [INFO]   🔴 [91m[1mPT0002000081344542CP[0m  [2m[Cluster 1][0m
2026-08-05 18:01:01 [INFO]      consumiu MAIS que o habitual às 21h
2026-08-05 18:01:01 [INFO]      [2mReal:[0m 32.0 kWh   [2mHabitual:[0m 3.0 ± 1.0 kWh   [2mz:[0m +10.00⁺   [2mdesvio:[0m +967%   [2m(3 obs. dia_util)[0m
2026-08-05 18:01:01 [INFO] 
2026-08-05 18:01:01 [INFO]   🔴 [91m[1mPT0002000081344542CP[0m  [2m[Cluster 1][0m
2026-08-05 18:01:01 [INFO]      consumiu MAIS que o habitual às 22h
2026-08-05 18:01:01 [INFO]      [2mReal:[0m 9.0 kWh   [2mHabitual:[0m 2.7 ± 0.6 kWh   [2mz:[0m +10.00⁺   [2mdesvio:[0m +237%   [2m(3 obs. dia_util)[0m
2026-08-05 18:01:01 [INFO] 
2026-08-05 18:01:01 [INFO]   🔴 [91m[1mPT0002000109837807PE[0m  [2m[Cluster 1][0m
2026-08-05 18:01:01 [INFO]      consumiu MAIS que o habitual às 08h
2026-08-05 18:01:01 [INFO]      [2mReal:[0m 18.0 kWh   [2mHabitual:[0m 4.0 ± 0.4 kWh   [2mz:[0m +10.00⁺   [2mdesvio:[0m +350%   [2m(2 obs. dia_util)[0m
2026-08-05 18:01:01 [INFO] 
2026-08-05 18:01:01 [INFO]   🔴 [91m[1mPT0002000109837807PE[0m  [2m[Cluster 1][0m
2026-08-05 18:01:01 [INFO]      consumiu MAIS que o habitual às 10h
2026-08-05 18:01:01 [INFO]      [2mReal:[0m 20.0 kWh   [2mHabitual:[0m 4.5 ± 0.7 kWh   [2mz:[0m +10.00⁺   [2mdesvio:[0m +344%   [2m(2 obs. dia_util)[0m
2026-08-05 18:01:01 [INFO] 
2026-08-05 18:01:01 [INFO]   🔴 [91m[1mPT0002000109837807PE[0m  [2m[Cluster 1][0m
2026-08-05 18:01:01 [INFO]      consumiu MAIS que o habitual às 11h
2026-08-05 18:01:01 [INFO]      [2mReal:[0m 21.0 kWh   [2mHabitual:[0m 4.0 ± 1.4 kWh   [2mz:[0m +10.00⁺   [2mdesvio:[0m +425%   [2m(2 obs. dia_util)[0m
2026-08-05 18:01:01 [INFO] 
2026-08-05 18:01:01 [INFO]   🔴 [91m[1mPT0002000109837807PE[0m  [2m[Cluster 1][0m
2026-08-05 18:01:01 [INFO]      consumiu MAIS que o habitual às 12h
2026-08-05 18:01:01 [INFO]      [2mReal:[0m 21.0 kWh   [2mHabitual:[0m 5.0 ± 1.4 kWh   [2mz:[0m +10.00⁺   [2mdesvio:[0m +320%   [2m(2 obs. dia_util)[0m
2026-08-05 18:01:01 [INFO] 
2026-08-05 18:01:01 [INFO]   🔴 [91m[1mPT0002000109837807PE[0m  [2m[Cluster 1][0m
2026-08-05 18:01:01 [INFO]      consumiu MAIS que o habitual às 14h
2026-08-05 18:01:01 [INFO]      [2mReal:[0m 21.0 kWh   [2mHabitual:[0m 5.0 ± 1.4 kWh   [2mz:[0m +10.00⁺   [2mdesvio:[0m +320%   [2m(2 obs. dia_util)[0m
2026-08-05 18:01:01 [INFO] 
2026-08-05 18:01:01 [INFO]   🔴 [91m[1mPT0002000109837807PE[0m  [2m[Cluster 1][0m
2026-08-05 18:01:01 [INFO]      consumiu MAIS que o habitual às 15h
2026-08-05 18:01:01 [INFO]      [2mReal:[0m 19.0 kWh   [2mHabitual:[0m 4.0 ± 1.4 kWh   [2mz:[0m +10.00⁺   [2mdesvio:[0m +375%   [2m(2 obs. dia_util)[0m
2026-08-05 18:01:01 [INFO] 
2026-08-05 18:01:01 [INFO]   🔴 [91m[1mPT0002000109837807PE[0m  [2m[Cluster 1][0m
2026-08-05 18:01:01 [INFO]      consumiu MAIS que o habitual às 16h
2026-08-05 18:01:01 [INFO]      [2mReal:[0m 20.0 kWh   [2mHabitual:[0m 4.0 ± 0.4 kWh   [2mz:[0m +10.00⁺   [2mdesvio:[0m +400%   [2m(2 obs. dia_util)[0m
2026-08-05 18:01:01 [INFO] 
2026-08-05 18:01:01 [INFO]   🔴 [91m[1mPT0002000110607652SB[0m  [2m[Cluster 0][0m
2026-08-05 18:01:01 [INFO]      consumiu MAIS que o habitual às 20h
2026-08-05 18:01:01 [INFO]      [2mReal:[0m 20.0 kWh   [2mHabitual:[0m 8.0 ± 0.8 kWh   [2mz:[0m +10.00⁺   [2mdesvio:[0m +150%   [2m(2 obs. dia_util)[0m
2026-08-05 18:01:01 [INFO] 
2026-08-05 18:01:01 [INFO]   🔴 [91m[1mPT0002000110607652SB[0m  [2m[Cluster 0][0m
2026-08-05 18:01:01 [INFO]      consumiu MAIS que o habitual às 21h
2026-08-05 18:01:01 [INFO]      [2mReal:[0m 20.0 kWh   [2mHabitual:[0m 8.0 ± 0.8 kWh   [2mz:[0m +10.00⁺   [2mdesvio:[0m +150%   [2m(3 obs. dia_util)[0m
2026-08-05 18:01:01 [INFO] 
2026-08-05 18:01:01 [INFO]   🔴 [91m[1mPT0002000110607652SB[0m  [2m[Cluster 0][0m
2026-08-05 18:01:01 [INFO]      consumiu MAIS que o habitual às 22h
2026-08-05 18:01:01 [INFO]      [2mReal:[0m 20.0 kWh   [2mHabitual:[0m 8.0 ± 0.8 kWh   [2mz:[0m +10.00⁺   [2mdesvio:[0m +150%   [2m(3 obs. dia_util)[0m
2026-08-05 18:01:01 [INFO] 
2026-08-05 18:01:01 [INFO]   🔴 [91m[1mPT0002000111572054VT[0m  [2m[Cluster 0 (atribuido)][0m
2026-08-05 18:01:01 [INFO]      consumiu MAIS que o habitual às 09h
2026-08-05 18:01:01 [INFO]      [2mReal:[0m 14.0 kWh   [2mHabitual:[0m 3.5 ± 0.7 kWh   [2mz:[0m +10.00⁺   [2mdesvio:[0m +300%   [2m(2 obs. dia_util)[0m
2026-08-05 18:01:01 [INFO] 
2026-08-05 18:01:01 [INFO]   🔵 [94m[1mPT0002000079469719HF[0m  [2m[Cluster 1 (atribuido)][0m
2026-08-05 18:01:01 [INFO]      consumiu MENOS que o habitual às 18h
2026-08-05 18:01:01 [INFO]      [2mReal:[0m 6.0 kWh   [2mHabitual:[0m 76.0 ± 7.6 kWh   [2mz:[0m -9.21   [2mdesvio:[0m -92%   [2m(2 obs. dia_util)[0m
2026-08-05 18:01:01 [INFO] 
2026-08-05 18:01:01 [INFO]   🔴 [91m[1mPT0002000081344542CP[0m  [2m[Cluster 1][0m
2026-08-05 18:01:01 [INFO]      consumiu MAIS que o habitual às 20h
2026-08-05 18:01:01 [INFO]      [2mReal:[0m 41.0 kWh   [2mHabitual:[0m 4.0 ± 4.2 kWh   [2mz:[0m +8.72   [2mdesvio:[0m +925%   [2m(2 obs. dia_util)[0m
2026-08-05 18:01:01 [INFO] 
2026-08-05 18:01:01 [INFO]   🔴 [91m[1mPT0002000068859393XH[0m  [2m[Cluster 1][0m
2026-08-05 18:01:01 [INFO]      consumiu MAIS que o habitual às 07h
2026-08-05 18:01:01 [INFO]      [2mReal:[0m 68.0 kWh   [2mHabitual:[0m 21.0 ± 5.7 kWh   [2mz:[0m +8.31   [2mdesvio:[0m +224%   [2m(2 obs. dia_util)[0m
2026-08-05 18:01:01 [INFO] 
2026-08-05 18:01:01 [INFO]   🔵 [94m[1mPT0002000068857909SY[0m  [2m[Cluster 1][0m
2026-08-05 18:01:01 [INFO]      consumiu MENOS que o habitual às 07h
2026-08-05 18:01:01 [INFO]      [2mReal:[0m 2.0 kWh   [2mHabitual:[0m 11.5 ± 1.1 kWh   [2mz:[0m -8.26   [2mdesvio:[0m -83%   [2m(2 obs. dia_util)[0m
2026-08-05 18:01:01 [INFO] 
2026-08-05 18:01:01 [INFO]   🔵 [94m[1mPT0002000068857909SY[0m  [2m[Cluster 1][0m
2026-08-05 18:01:01 [INFO]      consumiu MENOS que o habitual às 00h
2026-08-05 18:01:01 [INFO]      [2mReal:[0m 2.0 kWh   [2mHabitual:[0m 11.0 ± 1.1 kWh   [2mz:[0m -8.18   [2mdesvio:[0m -82%   [2m(2 obs. dia_util)[0m
2026-08-05 18:01:01 [INFO] 
2026-08-05 18:01:01 [INFO]   🔵 [94m[1mPT0002000068857909SY[0m  [2m[Cluster 1][0m
2026-08-05 18:01:01 [INFO]      consumiu MENOS que o habitual às 01h
2026-08-05 18:01:01 [INFO]      [2mReal:[0m 2.0 kWh   [2mHabitual:[0m 11.0 ± 1.1 kWh   [2mz:[0m -8.18   [2mdesvio:[0m -82%   [2m(2 obs. dia_util)[0m
2026-08-05 18:01:01 [INFO] 
2026-08-05 18:01:01 [INFO]   🔵 [94m[1mPT0002000068857909SY[0m  [2m[Cluster 1][0m
2026-08-05 18:01:01 [INFO]      consumiu MENOS que o habitual às 03h
2026-08-05 18:01:01 [INFO]      [2mReal:[0m 2.0 kWh   [2mHabitual:[0m 11.0 ± 1.1 kWh   [2mz:[0m -8.18   [2mdesvio:[0m -82%   [2m(2 obs. dia_util)[0m
2026-08-05 18:01:01 [INFO] 
2026-08-05 18:01:01 [INFO]   🔵 [94m[1mPT0002000068857909SY[0m  [2m[Cluster 1][0m
2026-08-05 18:01:01 [INFO]      consumiu MENOS que o habitual às 04h
2026-08-05 18:01:01 [INFO]      [2mReal:[0m 2.0 kWh   [2mHabitual:[0m 11.0 ± 1.1 kWh   [2mz:[0m -8.18   [2mdesvio:[0m -82%   [2m(2 obs. dia_util)[0m
2026-08-05 18:01:01 [INFO] 
2026-08-05 18:01:01 [INFO]   🔵 [94m[1mPT0002000068857909SY[0m  [2m[Cluster 1][0m
2026-08-05 18:01:01 [INFO]      consumiu MENOS que o habitual às 05h
2026-08-05 18:01:01 [INFO]      [2mReal:[0m 2.0 kWh   [2mHabitual:[0m 11.0 ± 1.1 kWh   [2mz:[0m -8.18   [2mdesvio:[0m -82%   [2m(2 obs. dia_util)[0m
2026-08-05 18:01:01 [INFO] 
2026-08-05 18:01:01 [INFO]   🔵 [94m[1mPT0002000068857909SY[0m  [2m[Cluster 1][0m
2026-08-05 18:01:01 [INFO]      consumiu MENOS que o habitual às 06h
2026-08-05 18:01:01 [INFO]      [2mReal:[0m 2.0 kWh   [2mHabitual:[0m 11.0 ± 1.1 kWh   [2mz:[0m -8.18   [2mdesvio:[0m -82%   [2m(2 obs. dia_util)[0m
2026-08-05 18:01:01 [INFO] 
2026-08-05 18:01:01 [INFO]   🔴 [91m[1mPT0002000201038711LS[0m  [2m[Cluster 1 (atribuido)][0m
2026-08-05 18:01:01 [INFO]      consumiu MAIS que o habitual às 19h
2026-08-05 18:01:01 [INFO]      [2mReal:[0m 117.0 kWh   [2mHabitual:[0m 65.5 ± 6.5 kWh   [2mz:[0m +7.86   [2mdesvio:[0m +79%   [2m(2 obs. dia_util)[0m
2026-08-05 18:01:01 [INFO] 
2026-08-05 18:01:01 [INFO]   🔵 [94m[1mPT0002000079469719HF[0m  [2m[Cluster 1 (atribuido)][0m
2026-08-05 18:01:01 [INFO]      consumiu MENOS que o habitual às 21h
2026-08-05 18:01:01 [INFO]      [2mReal:[0m 22.0 kWh   [2mHabitual:[0m 96.0 ± 9.6 kWh   [2mz:[0m -7.71   [2mdesvio:[0m -77%   [2m(3 obs. dia_util)[0m
2026-08-05 18:01:01 [INFO] 
2026-08-05 18:01:01 [INFO]   🔴 [91m[1mPT0002000068856906VS[0m  [2m[Cluster 0][0m
2026-08-05 18:01:01 [INFO]      consumiu MAIS que o habitual às 14h
2026-08-05 18:01:01 [INFO]      [2mReal:[0m 45.0 kWh   [2mHabitual:[0m 25.5 ± 2.5 kWh   [2mz:[0m +7.65   [2mdesvio:[0m +76%   [2m(2 obs. dia_util)[0m
2026-08-05 18:01:01 [INFO] 
2026-08-05 18:01:01 [INFO]   🔴 [91m[1mPT0002000068859393XH[0m  [2m[Cluster 1][0m
2026-08-05 18:01:01 [INFO]      consumiu MAIS que o habitual às 06h
2026-08-05 18:01:01 [INFO]      [2mReal:[0m 29.0 kWh   [2mHabitual:[0m 16.5 ± 1.6 kWh   [2mz:[0m +7.58   [2mdesvio:[0m +76%   [2m(2 obs. dia_util)[0m
2026-08-05 18:01:01 [INFO] 
2026-08-05 18:01:01 [INFO]   🔴 [91m[1mPT0002000068857099AR[0m  [2m[Cluster 1][0m
2026-08-05 18:01:01 [INFO]      consumiu MAIS que o habitual às 22h
2026-08-05 18:01:01 [INFO]      [2mReal:[0m 8.0 kWh   [2mHabitual:[0m 3.7 ± 0.6 kWh   [2mz:[0m +7.51   [2mdesvio:[0m +118%   [2m(3 obs. dia_util)[0m
2026-08-05 18:01:01 [INFO] 
2026-08-05 18:01:01 [INFO]   🔴 [91m[1mPT0002000115673389QK[0m  [2m[Cluster 0][0m
2026-08-05 18:01:01 [INFO]      consumiu MAIS que o habitual às 18h
2026-08-05 18:01:01 [INFO]      [2mReal:[0m 27.0 kWh   [2mHabitual:[0m 15.5 ± 1.6 kWh   [2mz:[0m +7.42   [2mdesvio:[0m +74%   [2m(2 obs. dia_util)[0m
2026-08-05 18:01:01 [INFO] 
2026-08-05 18:01:01 [INFO]   🔴 [91m[1mPT0002000125701614SQ[0m  [2m[Cluster 1 (atribuido)][0m
2026-08-05 18:01:01 [INFO]      consumiu MAIS que o habitual às 10h
2026-08-05 18:01:01 [INFO]      [2mReal:[0m 27.0 kWh   [2mHabitual:[0m 15.5 ± 1.6 kWh   [2mz:[0m +7.42   [2mdesvio:[0m +74%   [2m(2 obs. dia_util)[0m
2026-08-05 18:01:01 [INFO] 
2026-08-05 18:01:01 [INFO]   🔵 [94m[1mPT0002000068857909SY[0m  [2m[Cluster 1][0m
2026-08-05 18:01:01 [INFO]      consumiu MENOS que o habitual às 02h
2026-08-05 18:01:01 [INFO]      [2mReal:[0m 3.0 kWh   [2mHabitual:[0m 11.5 ± 1.1 kWh   [2mz:[0m -7.39   [2mdesvio:[0m -74%   [2m(2 obs. dia_util)[0m
2026-08-05 18:01:01 [INFO] 
2026-08-05 18:01:01 [INFO]   🔴 [91m[1mPT0002000068857099AR[0m  [2m[Cluster 1][0m
2026-08-05 18:01:01 [INFO]      consumiu MAIS que o habitual às 20h
2026-08-05 18:01:01 [INFO]      [2mReal:[0m 21.0 kWh   [2mHabitual:[0m 5.5 ± 2.1 kWh   [2mz:[0m +7.31   [2mdesvio:[0m +282%   [2m(2 obs. dia_util)[0m
2026-08-05 18:01:01 [INFO] 
2026-08-05 18:01:01 [INFO]   🔴 [91m[1mPT0002000109837807PE[0m  [2m[Cluster 1][0m
2026-08-05 18:01:01 [INFO]      consumiu MAIS que o habitual às 13h
2026-08-05 18:01:01 [INFO]      [2mReal:[0m 20.0 kWh   [2mHabitual:[0m 4.5 ± 2.1 kWh   [2mz:[0m +7.31   [2mdesvio:[0m +344%   [2m(2 obs. dia_util)[0m
2026-08-05 18:01:01 [INFO] 
2026-08-05 18:01:01 [INFO]   🔵 [94m[1mPT0002000079469719HF[0m  [2m[Cluster 1 (atribuido)][0m
2026-08-05 18:01:01 [INFO]      consumiu MENOS que o habitual às 19h
2026-08-05 18:01:01 [INFO]      [2mReal:[0m 26.0 kWh   [2mHabitual:[0m 92.5 ± 9.2 kWh   [2mz:[0m -7.19   [2mdesvio:[0m -72%   [2m(2 obs. dia_util)[0m
2026-08-05 18:01:01 [INFO] 
2026-08-05 18:01:01 [INFO]   🔵 [94m[1mPT0002000068857909SY[0m  [2m[Cluster 1][0m
2026-08-05 18:01:01 [INFO]      consumiu MENOS que o habitual às 08h
2026-08-05 18:01:01 [INFO]      [2mReal:[0m 3.0 kWh   [2mHabitual:[0m 10.5 ± 1.1 kWh   [2mz:[0m -7.14   [2mdesvio:[0m -71%   [2m(2 obs. dia_util)[0m
2026-08-05 18:01:01 [INFO] 
2026-08-05 18:01:01 [INFO]   🔴 [91m[1mPT0002000125701614SQ[0m  [2m[Cluster 1 (atribuido)][0m
2026-08-05 18:01:01 [INFO]      consumiu MAIS que o habitual às 13h
2026-08-05 18:01:01 [INFO]      [2mReal:[0m 27.0 kWh   [2mHabitual:[0m 16.0 ± 1.6 kWh   [2mz:[0m +6.88   [2mdesvio:[0m +69%   [2m(2 obs. dia_util)[0m
2026-08-05 18:01:01 [INFO] 
2026-08-05 18:01:01 [INFO]   🔵 [94m[1mPT0002000079469719HF[0m  [2m[Cluster 1 (atribuido)][0m
2026-08-05 18:01:01 [INFO]      consumiu MENOS que o habitual às 20h
2026-08-05 18:01:01 [INFO]      [2mReal:[0m 31.0 kWh   [2mHabitual:[0m 97.5 ± 9.8 kWh   [2mz:[0m -6.82   [2mdesvio:[0m -68%   [2m(2 obs. dia_util)[0m
2026-08-05 18:01:01 [INFO] 
2026-08-05 18:01:01 [INFO]   🔵 [94m[1mPT0002000079469719HF[0m  [2m[Cluster 1 (atribuido)][0m
2026-08-05 18:01:01 [INFO]      consumiu MENOS que o habitual às 22h
2026-08-05 18:01:01 [INFO]      [2mReal:[0m 22.0 kWh   [2mHabitual:[0m 99.3 ± 11.5 kWh   [2mz:[0m -6.72   [2mdesvio:[0m -78%   [2m(3 obs. dia_util)[0m
2026-08-05 18:01:01 [INFO] 
2026-08-05 18:01:01 [INFO]   🔴 [91m[1mPT0002000068856655YV[0m  [2m[Cluster 0][0m
2026-08-05 18:01:01 [INFO]      consumiu MAIS que o habitual às 06h
2026-08-05 18:01:01 [INFO]      [2mReal:[0m 4.0 kWh   [2mHabitual:[0m 2.0 ± 0.3 kWh   [2mz:[0m +6.67   [2mdesvio:[0m +100%   [2m(2 obs. dia_util)[0m
2026-08-05 18:01:01 [INFO] 
2026-08-05 18:01:01 [INFO]   🔵 [94m[1mPT0002000081344542CP[0m  [2m[Cluster 1][0m
2026-08-05 18:01:01 [INFO]      consumiu MENOS que o habitual às 02h
2026-08-05 18:01:01 [INFO]      [2mReal:[0m 1.0 kWh   [2mHabitual:[0m 3.0 ± 0.3 kWh   [2mz:[0m -6.67   [2mdesvio:[0m -67%   [2m(2 obs. dia_util)[0m
2026-08-05 18:01:01 [INFO] 
2026-08-05 18:01:01 [INFO]   🔴 [91m[1mPT0002000105483259QH[0m  [2m[Cluster 1][0m
2026-08-05 18:01:01 [INFO]      consumiu MAIS que o habitual às 00h
2026-08-05 18:01:01 [INFO]      [2mReal:[0m 3.0 kWh   [2mHabitual:[0m 1.0 ± 0.3 kWh   [2mz:[0m +6.67   [2mdesvio:[0m +200%   [2m(2 obs. dia_util)[0m
2026-08-05 18:01:01 [INFO] 
2026-08-05 18:01:01 [INFO]   🔴 [91m[1mPT0002000078140706BA[0m  [2m[Cluster 1 (atribuido)][0m
2026-08-05 18:01:01 [INFO]      consumiu MAIS que o habitual às 17h
2026-08-05 18:01:01 [INFO]      [2mReal:[0m 6.0 kWh   [2mHabitual:[0m 1.5 ± 0.7 kWh   [2mz:[0m +6.36   [2mdesvio:[0m +300%   [2m(2 obs. dia_util)[0m
2026-08-05 18:01:01 [INFO] 
2026-08-05 18:01:01 [INFO]   🔴 [91m[1mPT0002000125701614SQ[0m  [2m[Cluster 1 (atribuido)][0m
2026-08-05 18:01:01 [INFO]      consumiu MAIS que o habitual às 00h
2026-08-05 18:01:01 [INFO]      [2mReal:[0m 22.0 kWh   [2mHabitual:[0m 13.5 ± 1.4 kWh   [2mz:[0m +6.30   [2mdesvio:[0m +63%   [2m(2 obs. dia_util)[0m
2026-08-05 18:01:01 [INFO] 
2026-08-05 18:01:01 [INFO]   🔴 [91m[1mPT0002000125701614SQ[0m  [2m[Cluster 1 (atribuido)][0m
2026-08-05 18:01:01 [INFO]      consumiu MAIS que o habitual às 08h
2026-08-05 18:01:01 [INFO]      [2mReal:[0m 22.0 kWh   [2mHabitual:[0m 13.5 ± 1.4 kWh   [2mz:[0m +6.30   [2mdesvio:[0m +63%   [2m(2 obs. dia_util)[0m
2026-08-05 18:01:01 [INFO] 
2026-08-05 18:01:01 [INFO]   🔴 [91m[1mPT0002000125701614SQ[0m  [2m[Cluster 1 (atribuido)][0m
2026-08-05 18:01:01 [INFO]      consumiu MAIS que o habitual às 11h
2026-08-05 18:01:01 [INFO]      [2mReal:[0m 26.0 kWh   [2mHabitual:[0m 16.0 ± 1.6 kWh   [2mz:[0m +6.25   [2mdesvio:[0m +62%   [2m(2 obs. dia_util)[0m
2026-08-05 18:01:01 [INFO] 
2026-08-05 18:01:01 [INFO]   🔴 [91m[1mPT0002000102936404ME[0m  [2m[Cluster 1][0m
2026-08-05 18:01:01 [INFO]      consumiu MAIS que o habitual às 18h
2026-08-05 18:01:01 [INFO]      [2mReal:[0m 59.0 kWh   [2mHabitual:[0m 36.5 ± 3.6 kWh   [2mz:[0m +6.16   [2mdesvio:[0m +62%   [2m(2 obs. dia_util)[0m
2026-08-05 18:01:01 [INFO] 
2026-08-05 18:01:01 [INFO]   🔵 [94m[1mPT0002000068859597LS[0m  [2m[Cluster 0][0m
2026-08-05 18:01:01 [INFO]      consumiu MENOS que o habitual às 20h
2026-08-05 18:01:01 [INFO]      [2mReal:[0m 29.0 kWh   [2mHabitual:[0m 74.5 ± 7.5 kWh   [2mz:[0m -6.11   [2mdesvio:[0m -61%   [2m(2 obs. dia_util)[0m
2026-08-05 18:01:01 [INFO] 
2026-08-05 18:01:01 [INFO]   🔴 [91m[1mPT0002000068856655YV[0m  [2m[Cluster 0][0m
2026-08-05 18:01:01 [INFO]      consumiu MAIS que o habitual às 21h
2026-08-05 18:01:01 [INFO]      [2mReal:[0m 8.0 kWh   [2mHabitual:[0m 2.0 ± 1.0 kWh   [2mz:[0m +6.00   [2mdesvio:[0m +300%   [2m(3 obs. dia_util)[0m
2026-08-05 18:01:01 [INFO] 
2026-08-05 18:01:01 [INFO]   🔴 [91m[1mPT0002000102936404ME[0m  [2m[Cluster 1][0m
2026-08-05 18:01:01 [INFO]      consumiu MAIS que o habitual às 19h
2026-08-05 18:01:01 [INFO]      [2mReal:[0m 57.0 kWh   [2mHabitual:[0m 36.0 ± 3.6 kWh   [2mz:[0m +5.83   [2mdesvio:[0m +58%   [2m(2 obs. dia_util)[0m
2026-08-05 18:01:01 [INFO] 
2026-08-05 18:01:01 [INFO]   🔴 [91m[1mPT0002000125701614SQ[0m  [2m[Cluster 1 (atribuido)][0m
2026-08-05 18:01:01 [INFO]      consumiu MAIS que o habitual às 01h
2026-08-05 18:01:01 [INFO]      [2mReal:[0m 21.0 kWh   [2mHabitual:[0m 13.5 ± 1.4 kWh   [2mz:[0m +5.56   [2mdesvio:[0m +56%   [2m(2 obs. dia_util)[0m
2026-08-05 18:01:01 [INFO] 
2026-08-05 18:01:01 [INFO]   🔴 [91m[1mPT0002000125701614SQ[0m  [2m[Cluster 1 (atribuido)][0m
2026-08-05 18:01:01 [INFO]      consumiu MAIS que o habitual às 12h
2026-08-05 18:01:01 [INFO]      [2mReal:[0m 27.0 kWh   [2mHabitual:[0m 17.5 ± 1.8 kWh   [2mz:[0m +5.43   [2mdesvio:[0m +54%   [2m(2 obs. dia_util)[0m
2026-08-05 18:01:01 [INFO] 
2026-08-05 18:01:01 [INFO]   🔴 [91m[1mPT0002000078233981HJ[0m  [2m[Cluster 1][0m
2026-08-05 18:01:01 [INFO]      consumiu MAIS que o habitual às 13h
2026-08-05 18:01:01 [INFO]      [2mReal:[0m 15.0 kWh   [2mHabitual:[0m 3.5 ± 2.1 kWh   [2mz:[0m +5.42   [2mdesvio:[0m +329%   [2m(2 obs. dia_util)[0m
2026-08-05 18:01:01 [INFO] 
2026-08-05 18:01:01 [INFO]   🔴 [91m[1mPT0002000073720434JD[0m  [2m[Cluster 1 (atribuido)][0m
2026-08-05 18:01:01 [INFO]      consumiu MAIS que o habitual às 21h
2026-08-05 18:01:01 [INFO]      [2mReal:[0m 35.0 kWh   [2mHabitual:[0m 21.7 ± 2.5 kWh   [2mz:[0m +5.30   [2mdesvio:[0m +62%   [2m(3 obs. dia_util)[0m
2026-08-05 18:01:01 [INFO] 
2026-08-05 18:01:01 [INFO]   🔴 [91m[1mPT0002000109837807PE[0m  [2m[Cluster 1][0m
2026-08-05 18:01:01 [INFO]      consumiu MAIS que o habitual às 09h
2026-08-05 18:01:01 [INFO]      [2mReal:[0m 20.0 kWh   [2mHabitual:[0m 5.0 ± 2.8 kWh   [2mz:[0m +5.30   [2mdesvio:[0m +300%   [2m(2 obs. dia_util)[0m
2026-08-05 18:01:01 [INFO] 
2026-08-05 18:01:01 [INFO]   🔴 [91m[1mPT0002000112989585PH[0m  [2m[Cluster 0][0m
2026-08-05 18:01:01 [INFO]      consumiu MAIS que o habitual às 09h
2026-08-05 18:01:01 [INFO]      [2mReal:[0m 104.0 kWh   [2mHabitual:[0m 64.5 ± 7.8 kWh   [2mz:[0m +5.08   [2mdesvio:[0m +61%   [2m(2 obs. dia_util)[0m
2026-08-05 18:01:01 [INFO] 
2026-08-05 18:01:01 [INFO]   🔵 [94m[1mPT0002000068858674WN[0m  [2m[Cluster 1 (atribuido)][0m
2026-08-05 18:01:01 [INFO]      consumiu MENOS que o habitual às 04h
2026-08-05 18:01:01 [INFO]      [2mReal:[0m 8.0 kWh   [2mHabitual:[0m 16.0 ± 1.6 kWh   [2mz:[0m -5.00   [2mdesvio:[0m -50%   [2m(2 obs. dia_util)[0m
2026-08-05 18:01:01 [INFO] 
2026-08-05 18:01:01 [INFO]   🔵 [94m[1mPT0002000068858674WN[0m  [2m[Cluster 1 (atribuido)][0m
2026-08-05 18:01:01 [INFO]      consumiu MENOS que o habitual às 08h
2026-08-05 18:01:01 [INFO]      [2mReal:[0m 8.0 kWh   [2mHabitual:[0m 16.0 ± 1.6 kWh   [2mz:[0m -5.00   [2mdesvio:[0m -50%   [2m(2 obs. dia_util)[0m
2026-08-05 18:01:01 [INFO] 
2026-08-05 18:01:01 [INFO]   🔵 [94m[1mPT0002000068858674WN[0m  [2m[Cluster 1 (atribuido)][0m
2026-08-05 18:01:01 [INFO]      consumiu MENOS que o habitual às 09h
2026-08-05 18:01:01 [INFO]      [2mReal:[0m 8.0 kWh   [2mHabitual:[0m 16.0 ± 1.6 kWh   [2mz:[0m -5.00   [2mdesvio:[0m -50%   [2m(2 obs. dia_util)[0m
2026-08-05 18:01:01 [INFO] 
2026-08-05 18:01:01 [INFO]   🔵 [94m[1mPT0002000068858674WN[0m  [2m[Cluster 1 (atribuido)][0m
2026-08-05 18:01:01 [INFO]      consumiu MENOS que o habitual às 12h
2026-08-05 18:01:01 [INFO]      [2mReal:[0m 8.0 kWh   [2mHabitual:[0m 16.0 ± 1.6 kWh   [2mz:[0m -5.00   [2mdesvio:[0m -50%   [2m(2 obs. dia_util)[0m
2026-08-05 18:01:01 [INFO] 
2026-08-05 18:01:01 [INFO]   🔵 [94m[1mPT0002000068858674WN[0m  [2m[Cluster 1 (atribuido)][0m
2026-08-05 18:01:01 [INFO]      consumiu MENOS que o habitual às 13h
2026-08-05 18:01:01 [INFO]      [2mReal:[0m 8.0 kWh   [2mHabitual:[0m 16.0 ± 1.6 kWh   [2mz:[0m -5.00   [2mdesvio:[0m -50%   [2m(2 obs. dia_util)[0m
2026-08-05 18:01:01 [INFO] 
2026-08-05 18:01:01 [INFO]   🔴 [91m[1mPT0002000078294957RQ[0m  [2m[Cluster 0][0m
2026-08-05 18:01:01 [INFO]      consumiu MAIS que o habitual às 10h
2026-08-05 18:01:01 [INFO]      [2mReal:[0m 6.0 kWh   [2mHabitual:[0m 4.0 ± 0.4 kWh   [2mz:[0m +5.00   [2mdesvio:[0m +50%   [2m(2 obs. dia_util)[0m
2026-08-05 18:01:01 [INFO] 
2026-08-05 18:01:01 [INFO]   🔴 [91m[1mPT0002000068856906VS[0m  [2m[Cluster 0][0m
2026-08-05 18:01:01 [INFO]      consumiu MAIS que o habitual às 11h
2026-08-05 18:01:01 [INFO]      [2mReal:[0m 40.0 kWh   [2mHabitual:[0m 26.0 ± 2.8 kWh   [2mz:[0m +4.95   [2mdesvio:[0m +54%   [2m(2 obs. dia_util)[0m
2026-08-05 18:01:01 [INFO] 
2026-08-05 18:01:01 [INFO]   🔴 [91m[1mPT0002000081344542CP[0m  [2m[Cluster 1][0m
2026-08-05 18:01:01 [INFO]      consumiu MAIS que o habitual às 01h
2026-08-05 18:01:01 [INFO]      [2mReal:[0m 6.0 kWh   [2mHabitual:[0m 2.5 ± 0.7 kWh   [2mz:[0m +4.95   [2mdesvio:[0m +140%   [2m(2 obs. dia_util)[0m
2026-08-05 18:01:01 [INFO] 
2026-08-05 18:01:01 [INFO]   🔴 [91m[1mPT0002000081344542CP[0m  [2m[Cluster 1][0m
2026-08-05 18:01:01 [INFO]      consumiu MAIS que o habitual às 14h
2026-08-05 18:01:01 [INFO]      [2mReal:[0m 7.0 kWh   [2mHabitual:[0m 3.5 ± 0.7 kWh   [2mz:[0m +4.95   [2mdesvio:[0m +100%   [2m(2 obs. dia_util)[0m
2026-08-05 18:01:01 [INFO] 
2026-08-05 18:01:01 [INFO]   🔴 [91m[1mPT0002000109837807PE[0m  [2m[Cluster 1][0m
2026-08-05 18:01:01 [INFO]      consumiu MAIS que o habitual às 17h
2026-08-05 18:01:01 [INFO]      [2mReal:[0m 7.0 kWh   [2mHabitual:[0m 3.5 ± 0.7 kWh   [2mz:[0m +4.95   [2mdesvio:[0m +100%   [2m(2 obs. dia_util)[0m
2026-08-05 18:01:01 [INFO] 
2026-08-05 18:01:01 [INFO]   🔴 [91m[1mPT0002000125701614SQ[0m  [2m[Cluster 1 (atribuido)][0m
2026-08-05 18:01:01 [INFO]      consumiu MAIS que o habitual às 03h
2026-08-05 18:01:01 [INFO]      [2mReal:[0m 20.0 kWh   [2mHabitual:[0m 13.0 ± 1.4 kWh   [2mz:[0m +4.95   [2mdesvio:[0m +54%   [2m(2 obs. dia_util)[0m
2026-08-05 18:01:01 [INFO] 
2026-08-05 18:01:01 [INFO]   🔴 [91m[1mPT0002000115673389QK[0m  [2m[Cluster 0][0m
2026-08-05 18:01:01 [INFO]      consumiu MAIS que o habitual às 17h
2026-08-05 18:01:01 [INFO]      [2mReal:[0m 23.0 kWh   [2mHabitual:[0m 15.5 ± 1.6 kWh   [2mz:[0m +4.84   [2mdesvio:[0m +48%   [2m(2 obs. dia_util)[0m
2026-08-05 18:01:01 [INFO] 
2026-08-05 18:01:01 [INFO]   🔴 [91m[1mPT0002000125701614SQ[0m  [2m[Cluster 1 (atribuido)][0m
2026-08-05 18:01:01 [INFO]      consumiu MAIS que o habitual às 06h
2026-08-05 18:01:01 [INFO]      [2mReal:[0m 20.0 kWh   [2mHabitual:[0m 13.5 ± 1.4 kWh   [2mz:[0m +4.81   [2mdesvio:[0m +48%   [2m(2 obs. dia_util)[0m
2026-08-05 18:01:01 [INFO] 
2026-08-05 18:01:01 [INFO]   🔴 [91m[1mPT0002000125701614SQ[0m  [2m[Cluster 1 (atribuido)][0m
2026-08-05 18:01:01 [INFO]      consumiu MAIS que o habitual às 07h
2026-08-05 18:01:01 [INFO]      [2mReal:[0m 20.0 kWh   [2mHabitual:[0m 13.5 ± 1.4 kWh   [2mz:[0m +4.81   [2mdesvio:[0m +48%   [2m(2 obs. dia_util)[0m
2026-08-05 18:01:01 [INFO] 
2026-08-05 18:01:01 [INFO]   🔵 [94m[1mPT0002000068857909SY[0m  [2m[Cluster 1][0m
2026-08-05 18:01:01 [INFO]      consumiu MENOS que o habitual às 09h
2026-08-05 18:01:01 [INFO]      [2mReal:[0m 6.0 kWh   [2mHabitual:[0m 11.5 ± 1.1 kWh   [2mz:[0m -4.78   [2mdesvio:[0m -48%   [2m(2 obs. dia_util)[0m
2026-08-05 18:01:01 [INFO] 
2026-08-05 18:01:01 [INFO]   🔴 [91m[1mPT0002000068856974CZ[0m  [2m[Cluster 0 (atribuido)][0m
2026-08-05 18:01:01 [INFO]      consumiu MAIS que o habitual às 03h
2026-08-05 18:01:01 [INFO]      [2mReal:[0m 14.0 kWh   [2mHabitual:[0m 9.5 ± 0.9 kWh   [2mz:[0m +4.74   [2mdesvio:[0m +47%   [2m(2 obs. dia_util)[0m
2026-08-05 18:01:01 [INFO] 
2026-08-05 18:01:01 [INFO]   🔴 [91m[1mPT0002000111572054VT[0m  [2m[Cluster 0 (atribuido)][0m
2026-08-05 18:01:01 [INFO]      consumiu MAIS que o habitual às 05h
2026-08-05 18:01:01 [INFO]      [2mReal:[0m 22.0 kWh   [2mHabitual:[0m 15.0 ± 1.5 kWh   [2mz:[0m +4.67   [2mdesvio:[0m +47%   [2m(2 obs. dia_util)[0m
2026-08-05 18:01:01 [INFO] 
2026-08-05 18:01:01 [INFO]   🔴 [91m[1mPT0002000073720434JD[0m  [2m[Cluster 1 (atribuido)][0m
2026-08-05 18:01:01 [INFO]      consumiu MAIS que o habitual às 20h
2026-08-05 18:01:01 [INFO]      [2mReal:[0m 35.0 kWh   [2mHabitual:[0m 24.0 ± 2.4 kWh   [2mz:[0m +4.58   [2mdesvio:[0m +46%   [2m(2 obs. dia_util)[0m
2026-08-05 18:01:01 [INFO] 
2026-08-05 18:01:01 [INFO]   🔴 [91m[1mPT0002000102936404ME[0m  [2m[Cluster 1][0m
2026-08-05 18:01:01 [INFO]      consumiu MAIS que o habitual às 17h
2026-08-05 18:01:01 [INFO]      [2mReal:[0m 56.0 kWh   [2mHabitual:[0m 38.5 ± 3.9 kWh   [2mz:[0m +4.55   [2mdesvio:[0m +45%   [2m(2 obs. dia_util)[0m
2026-08-05 18:01:01 [INFO] 
2026-08-05 18:01:01 [INFO]   🔴 [91m[1mPT0002000111572054VT[0m  [2m[Cluster 0 (atribuido)][0m
2026-08-05 18:01:01 [INFO]      consumiu MAIS que o habitual às 03h
2026-08-05 18:01:01 [INFO]      [2mReal:[0m 23.0 kWh   [2mHabitual:[0m 16.0 ± 1.6 kWh   [2mz:[0m +4.38   [2mdesvio:[0m +44%   [2m(2 obs. dia_util)[0m
2026-08-05 18:01:01 [INFO] 
2026-08-05 18:01:01 [INFO]   🔴 [91m[1mPT0002000107172384HT[0m  [2m[Cluster 1][0m
2026-08-05 18:01:01 [INFO]      consumiu MAIS que o habitual às 13h
2026-08-05 18:01:01 [INFO]      [2mReal:[0m 28.0 kWh   [2mHabitual:[0m 19.5 ± 1.9 kWh   [2mz:[0m +4.36   [2mdesvio:[0m +44%   [2m(2 obs. dia_util)[0m
2026-08-05 18:01:01 [INFO] 
2026-08-05 18:01:01 [INFO]   🔴 [91m[1mPT0002000115673389QK[0m  [2m[Cluster 0][0m
2026-08-05 18:01:01 [INFO]      consumiu MAIS que o habitual às 22h
2026-08-05 18:01:01 [INFO]      [2mReal:[0m 22.0 kWh   [2mHabitual:[0m 15.3 ± 1.5 kWh   [2mz:[0m +4.35   [2mdesvio:[0m +44%   [2m(3 obs. dia_util)[0m
2026-08-05 18:01:01 [INFO] 
2026-08-05 18:01:01 [INFO]   🔵 [94m[1mPT0002000079469719HF[0m  [2m[Cluster 1 (atribuido)][0m
2026-08-05 18:01:01 [INFO]      consumiu MENOS que o habitual às 23h
2026-08-05 18:01:01 [INFO]      [2mReal:[0m 23.0 kWh   [2mHabitual:[0m 95.3 ± 16.8 kWh   [2mz:[0m -4.30   [2mdesvio:[0m -76%   [2m(3 obs. dia_util)[0m
2026-08-05 18:01:01 [INFO] 
2026-08-05 18:01:01 [INFO]   🔴 [91m[1mPT0002000115673471CB[0m  [2m[Cluster 0][0m
2026-08-05 18:01:01 [INFO]      consumiu MAIS que o habitual às 10h
2026-08-05 18:01:01 [INFO]      [2mReal:[0m 10.0 kWh   [2mHabitual:[0m 7.0 ± 0.7 kWh   [2mz:[0m +4.29   [2mdesvio:[0m +43%   [2m(2 obs. dia_util)[0m
2026-08-05 18:01:01 [INFO] 
2026-08-05 18:01:01 [INFO]   🔴 [91m[1mPT0002000102936404ME[0m  [2m[Cluster 1][0m
2026-08-05 18:01:01 [INFO]      consumiu MAIS que o habitual às 20h
2026-08-05 18:01:01 [INFO]      [2mReal:[0m 57.0 kWh   [2mHabitual:[0m 40.0 ± 4.0 kWh   [2mz:[0m +4.25   [2mdesvio:[0m +42%   [2m(2 obs. dia_util)[0m
2026-08-05 18:01:01 [INFO] 
2026-08-05 18:01:01 [INFO]   🔴 [91m[1mPT0002000078233981HJ[0m  [2m[Cluster 1][0m
2026-08-05 18:01:01 [INFO]      consumiu MAIS que o habitual às 16h
2026-08-05 18:01:01 [INFO]      [2mReal:[0m 15.0 kWh   [2mHabitual:[0m 3.0 ± 2.8 kWh   [2mz:[0m +4.24   [2mdesvio:[0m +400%   [2m(2 obs. dia_util)[0m
2026-08-05 18:01:01 [INFO] 
2026-08-05 18:01:01 [INFO]   🔴 [91m[1mPT0002000111572054VT[0m  [2m[Cluster 0 (atribuido)][0m
2026-08-05 18:01:01 [INFO]      consumiu MAIS que o habitual às 10h
2026-08-05 18:01:01 [INFO]      [2mReal:[0m 8.0 kWh   [2mHabitual:[0m 2.0 ± 1.4 kWh   [2mz:[0m +4.24   [2mdesvio:[0m +300%   [2m(2 obs. dia_util)[0m
2026-08-05 18:01:01 [INFO] 
2026-08-05 18:01:01 [INFO]   🔴 [91m[1mPT0002000112989585PH[0m  [2m[Cluster 0][0m
2026-08-05 18:01:01 [INFO]      consumiu MAIS que o habitual às 11h
2026-08-05 18:01:01 [INFO]      [2mReal:[0m 59.0 kWh   [2mHabitual:[0m 41.5 ± 4.2 kWh   [2mz:[0m +4.22   [2mdesvio:[0m +42%   [2m(2 obs. dia_util)[0m
2026-08-05 18:01:01 [INFO] 
2026-08-05 18:01:01 [INFO]   🔴 [91m[1mPT0002000111572054VT[0m  [2m[Cluster 0 (atribuido)][0m
2026-08-05 18:01:01 [INFO]      consumiu MAIS que o habitual às 01h
2026-08-05 18:01:01 [INFO]      [2mReal:[0m 22.0 kWh   [2mHabitual:[0m 15.5 ± 1.6 kWh   [2mz:[0m +4.19   [2mdesvio:[0m +42%   [2m(2 obs. dia_util)[0m
2026-08-05 18:01:01 [INFO] 
2026-08-05 18:01:01 [INFO]   🔴 [91m[1mPT0002000201038711LS[0m  [2m[Cluster 1 (atribuido)][0m
2026-08-05 18:01:01 [INFO]      consumiu MAIS que o habitual às 18h
2026-08-05 18:01:01 [INFO]      [2mReal:[0m 110.0 kWh   [2mHabitual:[0m 33.0 ± 18.4 kWh   [2mz:[0m +4.19   [2mdesvio:[0m +233%   [2m(2 obs. dia_util)[0m
2026-08-05 18:01:01 [INFO] 
2026-08-05 18:01:01 [INFO]   🔴 [91m[1mPT0002000073720434JD[0m  [2m[Cluster 1 (atribuido)][0m
2026-08-05 18:01:01 [INFO]      consumiu MAIS que o habitual às 18h
2026-08-05 18:01:01 [INFO]      [2mReal:[0m 57.0 kWh   [2mHabitual:[0m 24.5 ± 7.8 kWh   [2mz:[0m +4.18   [2mdesvio:[0m +133%   [2m(2 obs. dia_util)[0m
2026-08-05 18:01:01 [INFO] 
2026-08-05 18:01:01 [INFO]   🔴 [91m[1mPT0002000112989585PH[0m  [2m[Cluster 0][0m
2026-08-05 18:01:01 [INFO]      consumiu MAIS que o habitual às 10h
2026-08-05 18:01:01 [INFO]      [2mReal:[0m 72.0 kWh   [2mHabitual:[0m 51.0 ± 5.1 kWh   [2mz:[0m +4.12   [2mdesvio:[0m +41%   [2m(2 obs. dia_util)[0m
2026-08-05 18:01:01 [INFO] 
2026-08-05 18:01:01 [INFO]   🔴 [91m[1mPT0002000115673389QK[0m  [2m[Cluster 0][0m
2026-08-05 18:01:01 [INFO]      consumiu MAIS que o habitual às 21h
2026-08-05 18:01:01 [INFO]      [2mReal:[0m 22.0 kWh   [2mHabitual:[0m 15.0 ± 1.7 kWh   [2mz:[0m +4.04   [2mdesvio:[0m +47%   [2m(3 obs. dia_util)[0m
2026-08-05 18:01:01 [INFO] 
2026-08-05 18:01:01 [INFO]   🔵 [94m[1mPT0002000068859597LS[0m  [2m[Cluster 0][0m
2026-08-05 18:01:01 [INFO]      consumiu MENOS que o habitual às 23h
2026-08-05 18:01:01 [INFO]      [2mReal:[0m 45.0 kWh   [2mHabitual:[0m 75.3 ± 7.5 kWh   [2mz:[0m -4.03   [2mdesvio:[0m -40%   [2m(3 obs. dia_util)[0m
2026-08-05 18:01:01 [INFO] 
2026-08-05 18:01:01 [INFO]   🔴 [91m[1mPT0002000068855003AK[0m  [2m[Cluster 0 (atribuido)][0m
2026-08-05 18:01:01 [INFO]      consumiu MAIS que o habitual às 10h
2026-08-05 18:01:01 [INFO]      [2mReal:[0m 57.0 kWh   [2mHabitual:[0m 18.0 ± 9.9 kWh   [2mz:[0m +3.94   [2mdesvio:[0m +217%   [2m(2 obs. dia_util)[0m
2026-08-05 18:01:01 [INFO] 
2026-08-05 18:01:01 [INFO]   🔴 [91m[1mPT0002000078140706BA[0m  [2m[Cluster 1 (atribuido)][0m
2026-08-05 18:01:01 [INFO]      consumiu MAIS que o habitual às 07h
2026-08-05 18:01:01 [INFO]      [2mReal:[0m 54.0 kWh   [2mHabitual:[0m 15.0 ± 9.9 kWh   [2mz:[0m +3.94   [2mdesvio:[0m +260%   [2m(2 obs. dia_util)[0m
2026-08-05 18:01:01 [INFO] 
2026-08-05 18:01:01 [INFO]   🔴 [91m[1mPT0002000125701614SQ[0m  [2m[Cluster 1 (atribuido)][0m
2026-08-05 18:01:01 [INFO]      consumiu MAIS que o habitual às 02h
2026-08-05 18:01:01 [INFO]      [2mReal:[0m 20.0 kWh   [2mHabitual:[0m 14.5 ± 1.4 kWh   [2mz:[0m +3.79   [2mdesvio:[0m +38%   [2m(2 obs. dia_util)[0m
2026-08-05 18:01:01 [INFO] 
2026-08-05 18:01:01 [INFO]   🔴 [91m[1mPT0002000068856655YV[0m  [2m[Cluster 0][0m
2026-08-05 18:01:01 [INFO]      consumiu MAIS que o habitual às 22h
2026-08-05 18:01:01 [INFO]      [2mReal:[0m 7.0 kWh   [2mHabitual:[0m 2.7 ± 1.1 kWh   [2mz:[0m +3.75   [2mdesvio:[0m +162%   [2m(3 obs. dia_util)[0m
2026-08-05 18:01:01 [INFO] 
2026-08-05 18:01:01 [INFO]   🔴 [91m[1mPT0002000078140706BA[0m  [2m[Cluster 1 (atribuido)][0m
2026-08-05 18:01:01 [INFO]      consumiu MAIS que o habitual às 05h
2026-08-05 18:01:01 [INFO]      [2mReal:[0m 44.0 kWh   [2mHabitual:[0m 32.0 ± 3.2 kWh   [2mz:[0m +3.75   [2mdesvio:[0m +38%   [2m(2 obs. dia_util)[0m
2026-08-05 18:01:01 [INFO] 
2026-08-05 18:01:01 [INFO]   🔴 [91m[1mPT0002000111572054VT[0m  [2m[Cluster 0 (atribuido)][0m
2026-08-05 18:01:01 [INFO]      consumiu MAIS que o habitual às 06h
2026-08-05 18:01:01 [INFO]      [2mReal:[0m 22.0 kWh   [2mHabitual:[0m 16.0 ± 1.6 kWh   [2mz:[0m +3.75   [2mdesvio:[0m +38%   [2m(2 obs. dia_util)[0m
2026-08-05 18:01:01 [INFO] 
2026-08-05 18:01:01 [INFO]   🔴 [91m[1mPT0002000115673389QK[0m  [2m[Cluster 0][0m
2026-08-05 18:01:01 [INFO]      consumiu MAIS que o habitual às 23h
2026-08-05 18:01:01 [INFO]      [2mReal:[0m 22.0 kWh   [2mHabitual:[0m 16.0 ± 1.6 kWh   [2mz:[0m +3.75   [2mdesvio:[0m +38%   [2m(3 obs. dia_util)[0m
2026-08-05 18:01:01 [INFO] 
2026-08-05 18:01:01 [INFO]   🔴 [91m[1mPT0002000078140706BA[0m  [2m[Cluster 1 (atribuido)][0m
2026-08-05 18:01:01 [INFO]      consumiu MAIS que o habitual às 00h
2026-08-05 18:01:01 [INFO]      [2mReal:[0m 41.0 kWh   [2mHabitual:[0m 30.0 ± 3.0 kWh   [2mz:[0m +3.67   [2mdesvio:[0m +37%   [2m(2 obs. dia_util)[0m
2026-08-05 18:01:01 [INFO] 
2026-08-05 18:01:01 [INFO]   🔴 [91m[1mPT0002000068856826ZG[0m  [2m[Cluster 0 (atribuido)][0m
2026-08-05 18:01:01 [INFO]      consumiu MAIS que o habitual às 07h
2026-08-05 18:01:01 [INFO]      [2mReal:[0m 113.0 kWh   [2mHabitual:[0m 79.5 ± 9.2 kWh   [2mz:[0m +3.64   [2mdesvio:[0m +42%   [2m(2 obs. dia_util)[0m
2026-08-05 18:01:01 [INFO] 
2026-08-05 18:01:01 [INFO]   🔵 [94m[1mPT0002000073573036KH[0m  [2m[Cluster 0 (atribuido)][0m
2026-08-05 18:01:01 [INFO]      consumiu MENOS que o habitual às 22h
2026-08-05 18:01:01 [INFO]      [2mReal:[0m 121.0 kWh   [2mHabitual:[0m 190.3 ± 19.0 kWh   [2mz:[0m -3.64   [2mdesvio:[0m -36%   [2m(3 obs. dia_util)[0m
2026-08-05 18:01:01 [INFO] 
2026-08-05 18:01:01 [INFO]   🔴 [91m[1mPT0002000068856906VS[0m  [2m[Cluster 0][0m
2026-08-05 18:01:01 [INFO]      consumiu MAIS que o habitual às 10h
2026-08-05 18:01:01 [INFO]      [2mReal:[0m 34.0 kWh   [2mHabitual:[0m 25.0 ± 2.5 kWh   [2mz:[0m +3.60   [2mdesvio:[0m +36%   [2m(2 obs. dia_util)[0m
2026-08-05 18:01:01 [INFO] 
2026-08-05 18:01:01 [INFO]   🔴 [91m[1mPT0002000125701614SQ[0m  [2m[Cluster 1 (atribuido)][0m
2026-08-05 18:01:01 [INFO]      consumiu MAIS que o habitual às 04h
2026-08-05 18:01:01 [INFO]      [2mReal:[0m 19.0 kWh   [2mHabitual:[0m 14.0 ± 1.4 kWh   [2mz:[0m +3.57   [2mdesvio:[0m +36%   [2m(2 obs. dia_util)[0m
2026-08-05 18:01:01 [INFO] 
2026-08-05 18:01:01 [INFO]   🔴 [91m[1mPT0002000111572054VT[0m  [2m[Cluster 0 (atribuido)][0m
2026-08-05 18:01:01 [INFO]      consumiu MAIS que o habitual às 02h
2026-08-05 18:01:01 [INFO]      [2mReal:[0m 21.0 kWh   [2mHabitual:[0m 15.5 ± 1.6 kWh   [2mz:[0m +3.55   [2mdesvio:[0m +35%   [2m(2 obs. dia_util)[0m
2026-08-05 18:01:01 [INFO] 
2026-08-05 18:01:01 [INFO]   🔴 [91m[1mPT0002000115673389QK[0m  [2m[Cluster 0][0m
2026-08-05 18:01:01 [INFO]      consumiu MAIS que o habitual às 19h
2026-08-05 18:01:01 [INFO]      [2mReal:[0m 21.0 kWh   [2mHabitual:[0m 15.5 ± 1.6 kWh   [2mz:[0m +3.55   [2mdesvio:[0m +35%   [2m(2 obs. dia_util)[0m
2026-08-05 18:01:01 [INFO] 
2026-08-05 18:01:01 [INFO]   🔵 [94m[1mPT0002000068858674WN[0m  [2m[Cluster 1 (atribuido)][0m
2026-08-05 18:01:01 [INFO]      consumiu MENOS que o habitual às 11h
2026-08-05 18:01:01 [INFO]      [2mReal:[0m 8.0 kWh   [2mHabitual:[0m 18.0 ± 2.8 kWh   [2mz:[0m -3.54   [2mdesvio:[0m -56%   [2m(2 obs. dia_util)[0m
2026-08-05 18:01:01 [INFO] 
2026-08-05 18:01:01 [INFO]   🔵 [94m[1mPT0002000068858674WN[0m  [2m[Cluster 1 (atribuido)][0m
2026-08-05 18:01:01 [INFO]      consumiu MENOS que o habitual às 14h
2026-08-05 18:01:01 [INFO]      [2mReal:[0m 4.0 kWh   [2mHabitual:[0m 14.0 ± 2.8 kWh   [2mz:[0m -3.54   [2mdesvio:[0m -71%   [2m(2 obs. dia_util)[0m
2026-08-05 18:01:01 [INFO] 
2026-08-05 18:01:01 [INFO]   🔴 [91m[1mPT0002000078233981HJ[0m  [2m[Cluster 1][0m
2026-08-05 18:01:01 [INFO]      consumiu MAIS que o habitual às 14h
2026-08-05 18:01:01 [INFO]      [2mReal:[0m 14.0 kWh   [2mHabitual:[0m 4.0 ± 2.8 kWh   [2mz:[0m +3.54   [2mdesvio:[0m +250%   [2m(2 obs. dia_util)[0m
2026-08-05 18:01:01 [INFO] 
2026-08-05 18:01:01 [INFO]   🔴 [91m[1mPT0002000078233981HJ[0m  [2m[Cluster 1][0m
2026-08-05 18:01:01 [INFO]      consumiu MAIS que o habitual às 17h
2026-08-05 18:01:01 [INFO]      [2mReal:[0m 29.0 kWh   [2mHabitual:[0m 6.5 ± 6.4 kWh   [2mz:[0m +3.54   [2mdesvio:[0m +346%   [2m(2 obs. dia_util)[0m
2026-08-05 18:01:01 [INFO] 
2026-08-05 18:01:01 [INFO]   🔴 [91m[1mPT0002000125701614SQ[0m  [2m[Cluster 1 (atribuido)][0m
2026-08-05 18:01:01 [INFO]      consumiu MAIS que o habitual às 09h
2026-08-05 18:01:01 [INFO]      [2mReal:[0m 25.0 kWh   [2mHabitual:[0m 15.0 ± 2.8 kWh   [2mz:[0m +3.54   [2mdesvio:[0m +67%   [2m(2 obs. dia_util)[0m
2026-08-05 18:01:01 [INFO] 
2026-08-05 18:01:01 [INFO]   🔵 [94m[1mPT0002000201038711LS[0m  [2m[Cluster 1 (atribuido)][0m
2026-08-05 18:01:01 [INFO]      consumiu MENOS que o habitual às 07h
2026-08-05 18:01:01 [INFO]      [2mReal:[0m 1.0 kWh   [2mHabitual:[0m 3.5 ± 0.7 kWh   [2mz:[0m -3.54   [2mdesvio:[0m -71%   [2m(2 obs. dia_util)[0m
2026-08-05 18:01:01 [INFO] 
2026-08-05 18:01:01 [INFO]   🔴 [91m[1mPT0002000068856826ZG[0m  [2m[Cluster 0 (atribuido)][0m
2026-08-05 18:01:01 [INFO]      consumiu MAIS que o habitual às 05h
2026-08-05 18:01:01 [INFO]      [2mReal:[0m 103.0 kWh   [2mHabitual:[0m 76.5 ± 7.7 kWh   [2mz:[0m +3.46   [2mdesvio:[0m +35%   [2m(2 obs. dia_util)[0m
2026-08-05 18:01:01 [INFO] 
2026-08-05 18:01:01 [INFO]   🔴 [91m[1mPT0002000077348081AG[0m  [2m[Cluster 0 (atribuido)][0m
2026-08-05 18:01:01 [INFO]      consumiu MAIS que o habitual às 10h
2026-08-05 18:01:01 [INFO]      [2mReal:[0m 129.0 kWh   [2mHabitual:[0m 96.0 ± 9.6 kWh   [2mz:[0m +3.44   [2mdesvio:[0m +34%   [2m(2 obs. dia_util)[0m
2026-08-05 18:01:01 [INFO] 
2026-08-05 18:01:01 [INFO]   🔴 [91m[1mPT0002000068856655YV[0m  [2m[Cluster 0][0m
2026-08-05 18:01:01 [INFO]      consumiu MAIS que o habitual às 01h
2026-08-05 18:01:01 [INFO]      [2mReal:[0m 3.0 kWh   [2mHabitual:[0m 2.0 ± 0.3 kWh   [2mz:[0m +3.33   [2mdesvio:[0m +50%   [2m(2 obs. dia_util)[0m
2026-08-05 18:01:01 [INFO] 
2026-08-05 18:01:01 [INFO]   🔴 [91m[1mPT0002000068856872QG[0m  [2m[Cluster 1][0m
2026-08-05 18:01:01 [INFO]      consumiu MAIS que o habitual às 00h
2026-08-05 18:01:01 [INFO]      [2mReal:[0m 1.0 kWh   [2mHabitual:[0m 0.0 ± 0.3 kWh   [2mz:[0m +3.33   [2mdesvio:[0m +100000%   [2m(2 obs. dia_util)[0m
2026-08-05 18:01:01 [INFO] 
2026-08-05 18:01:01 [INFO]   🔴 [91m[1mPT0002000068856872QG[0m  [2m[Cluster 1][0m
2026-08-05 18:01:01 [INFO]      consumiu MAIS que o habitual às 01h
2026-08-05 18:01:01 [INFO]      [2mReal:[0m 1.0 kWh   [2mHabitual:[0m 0.0 ± 0.3 kWh   [2mz:[0m +3.33   [2mdesvio:[0m +100000%   [2m(2 obs. dia_util)[0m
2026-08-05 18:01:01 [INFO] 
2026-08-05 18:01:01 [INFO]   🔴 [91m[1mPT0002000068856872QG[0m  [2m[Cluster 1][0m
2026-08-05 18:01:01 [INFO]      consumiu MAIS que o habitual às 13h
2026-08-05 18:01:01 [INFO]      [2mReal:[0m 1.0 kWh   [2mHabitual:[0m 0.0 ± 0.3 kWh   [2mz:[0m +3.33   [2mdesvio:[0m +100000%   [2m(2 obs. dia_util)[0m
2026-08-05 18:01:01 [INFO] 
2026-08-05 18:01:01 [INFO]   🔴 [91m[1mPT0002000068856872QG[0m  [2m[Cluster 1][0m
2026-08-05 18:01:01 [INFO]      consumiu MAIS que o habitual às 14h
2026-08-05 18:01:01 [INFO]      [2mReal:[0m 1.0 kWh   [2mHabitual:[0m 0.0 ± 0.3 kWh   [2mz:[0m +3.33   [2mdesvio:[0m +100000%   [2m(2 obs. dia_util)[0m
2026-08-05 18:01:01 [INFO] 
2026-08-05 18:01:01 [INFO]   🔴 [91m[1mPT0002000068856906VS[0m  [2m[Cluster 0][0m
2026-08-05 18:01:01 [INFO]      consumiu MAIS que o habitual às 15h
2026-08-05 18:01:01 [INFO]      [2mReal:[0m 34.0 kWh   [2mHabitual:[0m 25.5 ± 2.5 kWh   [2mz:[0m +3.33   [2mdesvio:[0m +33%   [2m(2 obs. dia_util)[0m
2026-08-05 18:01:01 [INFO] 
2026-08-05 18:01:01 [INFO]   🔴 [91m[1mPT0002000068856952LS[0m  [2m[Cluster 2][0m
2026-08-05 18:01:01 [INFO]      consumiu MAIS que o habitual às 01h
2026-08-05 18:01:01 [INFO]      [2mReal:[0m 1.0 kWh   [2mHabitual:[0m 0.0 ± 0.3 kWh   [2mz:[0m +3.33   [2mdesvio:[0m +100000%   [2m(2 obs. dia_util)[0m
2026-08-05 18:01:01 [INFO] 
2026-08-05 18:01:01 [INFO]   🔴 [91m[1mPT0002000068856952LS[0m  [2m[Cluster 2][0m
2026-08-05 18:01:01 [INFO]      consumiu MAIS que o habitual às 10h
2026-08-05 18:01:01 [INFO]      [2mReal:[0m 1.0 kWh   [2mHabitual:[0m 0.0 ± 0.3 kWh   [2mz:[0m +3.33   [2mdesvio:[0m +100000%   [2m(2 obs. dia_util)[0m
2026-08-05 18:01:01 [INFO] 
2026-08-05 18:01:01 [INFO]   🔴 [91m[1mPT0002000068856952LS[0m  [2m[Cluster 2][0m
2026-08-05 18:01:01 [INFO]      consumiu MAIS que o habitual às 19h
2026-08-05 18:01:01 [INFO]      [2mReal:[0m 1.0 kWh   [2mHabitual:[0m 0.0 ± 0.3 kWh   [2mz:[0m +3.33   [2mdesvio:[0m +100000%   [2m(2 obs. dia_util)[0m
2026-08-05 18:01:01 [INFO] 
2026-08-05 18:01:01 [INFO]   🔵 [94m[1mPT0002000068858674WN[0m  [2m[Cluster 1 (atribuido)][0m
2026-08-05 18:01:01 [INFO]      consumiu MENOS que o habitual às 03h
2026-08-05 18:01:01 [INFO]      [2mReal:[0m 8.0 kWh   [2mHabitual:[0m 12.0 ± 1.2 kWh   [2mz:[0m -3.33   [2mdesvio:[0m -33%   [2m(2 obs. dia_util)[0m
2026-08-05 18:01:01 [INFO] 
2026-08-05 18:01:01 [INFO]   🔵 [94m[1mPT0002000068858674WN[0m  [2m[Cluster 1 (atribuido)][0m
2026-08-05 18:01:01 [INFO]      consumiu MENOS que o habitual às 07h
2026-08-05 18:01:01 [INFO]      [2mReal:[0m 8.0 kWh   [2mHabitual:[0m 12.0 ± 1.2 kWh   [2mz:[0m -3.33   [2mdesvio:[0m -33%   [2m(2 obs. dia_util)[0m
2026-08-05 18:01:01 [INFO] 
2026-08-05 18:01:01 [INFO]   🔵 [94m[1mPT0002000068858674WN[0m  [2m[Cluster 1 (atribuido)][0m
2026-08-05 18:01:01 [INFO]      consumiu MENOS que o habitual às 17h
2026-08-05 18:01:01 [INFO]      [2mReal:[0m 8.0 kWh   [2mHabitual:[0m 12.0 ± 1.2 kWh   [2mz:[0m -3.33   [2mdesvio:[0m -33%   [2m(2 obs. dia_util)[0m
2026-08-05 18:01:01 [INFO] 
2026-08-05 18:01:01 [INFO]   🔴 [91m[1mPT0002000071896778MT[0m  [2m[Cluster 0][0m
2026-08-05 18:01:01 [INFO]      consumiu MAIS que o habitual às 01h
2026-08-05 18:01:01 [INFO]      [2mReal:[0m 3.0 kWh   [2mHabitual:[0m 2.0 ± 0.3 kWh   [2mz:[0m +3.33   [2mdesvio:[0m +50%   [2m(2 obs. dia_util)[0m
2026-08-05 18:01:01 [INFO] 
2026-08-05 18:01:01 [INFO]   🔴 [91m[1mPT0002000071896778MT[0m  [2m[Cluster 0][0m
2026-08-05 18:01:01 [INFO]      consumiu MAIS que o habitual às 04h
2026-08-05 18:01:01 [INFO]      [2mReal:[0m 3.0 kWh   [2mHabitual:[0m 2.0 ± 0.3 kWh   [2mz:[0m +3.33   [2mdesvio:[0m +50%   [2m(2 obs. dia_util)[0m
2026-08-05 18:01:01 [INFO] 
2026-08-05 18:01:01 [INFO]   🔴 [91m[1mPT0002000073717386HC[0m  [2m[Cluster 1 (atribuido)][0m
2026-08-05 18:01:01 [INFO]      consumiu MAIS que o habitual às 01h
2026-08-05 18:01:01 [INFO]      [2mReal:[0m 1.0 kWh   [2mHabitual:[0m 0.0 ± 0.3 kWh   [2mz:[0m +3.33   [2mdesvio:[0m +100000%   [2m(2 obs. dia_util)[0m
2026-08-05 18:01:01 [INFO] 
2026-08-05 18:01:01 [INFO]   🔴 [91m[1mPT0002000073717386HC[0m  [2m[Cluster 1 (atribuido)][0m
2026-08-05 18:01:01 [INFO]      consumiu MAIS que o habitual às 02h
2026-08-05 18:01:01 [INFO]      [2mReal:[0m 1.0 kWh   [2mHabitual:[0m 0.0 ± 0.3 kWh   [2mz:[0m +3.33   [2mdesvio:[0m +100000%   [2m(2 obs. dia_util)[0m
2026-08-05 18:01:01 [INFO] 
2026-08-05 18:01:01 [INFO]   🔴 [91m[1mPT0002000073717386HC[0m  [2m[Cluster 1 (atribuido)][0m
2026-08-05 18:01:01 [INFO]      consumiu MAIS que o habitual às 04h
2026-08-05 18:01:01 [INFO]      [2mReal:[0m 1.0 kWh   [2mHabitual:[0m 0.0 ± 0.3 kWh   [2mz:[0m +3.33   [2mdesvio:[0m +100000%   [2m(2 obs. dia_util)[0m
2026-08-05 18:01:01 [INFO] 
2026-08-05 18:01:01 [INFO]   🔴 [91m[1mPT0002000073717386HC[0m  [2m[Cluster 1 (atribuido)][0m
2026-08-05 18:01:01 [INFO]      consumiu MAIS que o habitual às 05h
2026-08-05 18:01:01 [INFO]      [2mReal:[0m 1.0 kWh   [2mHabitual:[0m 0.0 ± 0.3 kWh   [2mz:[0m +3.33   [2mdesvio:[0m +100000%   [2m(2 obs. dia_util)[0m
2026-08-05 18:01:01 [INFO] 
2026-08-05 18:01:01 [INFO]   🔵 [94m[1mPT0002000077647404EM[0m  [2m[Cluster 1][0m
2026-08-05 18:01:01 [INFO]      consumiu MENOS que o habitual às 17h
2026-08-05 18:01:01 [INFO]      [2mReal:[0m 2.0 kWh   [2mHabitual:[0m 3.0 ± 0.3 kWh   [2mz:[0m -3.33   [2mdesvio:[0m -33%   [2m(2 obs. dia_util)[0m
2026-08-05 18:01:01 [INFO] 
2026-08-05 18:01:01 [INFO]   🔵 [94m[1mPT0002000078233981HJ[0m  [2m[Cluster 1][0m
2026-08-05 18:01:01 [INFO]      consumiu MENOS que o habitual às 02h
2026-08-05 18:01:01 [INFO]      [2mReal:[0m 1.0 kWh   [2mHabitual:[0m 2.0 ± 0.3 kWh   [2mz:[0m -3.33   [2mdesvio:[0m -50%   [2m(2 obs. dia_util)[0m
2026-08-05 18:01:01 [INFO] 
2026-08-05 18:01:01 [INFO]   🔵 [94m[1mPT0002000078233981HJ[0m  [2m[Cluster 1][0m
2026-08-05 18:01:01 [INFO]      consumiu MENOS que o habitual às 05h
2026-08-05 18:01:01 [INFO]      [2mReal:[0m 1.0 kWh   [2mHabitual:[0m 2.0 ± 0.3 kWh   [2mz:[0m -3.33   [2mdesvio:[0m -50%   [2m(2 obs. dia_util)[0m
2026-08-05 18:01:01 [INFO] 
2026-08-05 18:01:01 [INFO]   🔵 [94m[1mPT0002000081344542CP[0m  [2m[Cluster 1][0m
2026-08-05 18:01:01 [INFO]      consumiu MENOS que o habitual às 03h
2026-08-05 18:01:01 [INFO]      [2mReal:[0m 2.0 kWh   [2mHabitual:[0m 3.0 ± 0.3 kWh   [2mz:[0m -3.33   [2mdesvio:[0m -33%   [2m(2 obs. dia_util)[0m
2026-08-05 18:01:01 [INFO] 
2026-08-05 18:01:01 [INFO]   🔵 [94m[1mPT0002000081344542CP[0m  [2m[Cluster 1][0m
2026-08-05 18:01:01 [INFO]      consumiu MENOS que o habitual às 06h
2026-08-05 18:01:01 [INFO]      [2mReal:[0m 2.0 kWh   [2mHabitual:[0m 3.0 ± 0.3 kWh   [2mz:[0m -3.33   [2mdesvio:[0m -33%   [2m(2 obs. dia_util)[0m
2026-08-05 18:01:01 [INFO] 
2026-08-05 18:01:01 [INFO]   🔵 [94m[1mPT0002000105483259QH[0m  [2m[Cluster 1][0m
2026-08-05 18:01:01 [INFO]      consumiu MENOS que o habitual às 02h
2026-08-05 18:01:01 [INFO]      [2mReal:[0m 0.0 kWh   [2mHabitual:[0m 1.0 ± 0.3 kWh   [2mz:[0m -3.33   [2mdesvio:[0m -100%   [2m(2 obs. dia_util)[0m
2026-08-05 18:01:01 [INFO] 
2026-08-05 18:01:01 [INFO]   🔴 [91m[1mPT0002000105483259QH[0m  [2m[Cluster 1][0m
2026-08-05 18:01:01 [INFO]      consumiu MAIS que o habitual às 03h
2026-08-05 18:01:01 [INFO]      [2mReal:[0m 1.0 kWh   [2mHabitual:[0m 0.0 ± 0.3 kWh   [2mz:[0m +3.33   [2mdesvio:[0m +100000%   [2m(2 obs. dia_util)[0m
2026-08-05 18:01:01 [INFO] 
2026-08-05 18:01:01 [INFO]   🔵 [94m[1mPT0002000105483259QH[0m  [2m[Cluster 1][0m
2026-08-05 18:01:01 [INFO]      consumiu MENOS que o habitual às 12h
2026-08-05 18:01:01 [INFO]      [2mReal:[0m 0.0 kWh   [2mHabitual:[0m 1.0 ± 0.3 kWh   [2mz:[0m -3.33   [2mdesvio:[0m -100%   [2m(2 obs. dia_util)[0m
2026-08-05 18:01:01 [INFO] 
2026-08-05 18:01:01 [INFO]   🔴 [91m[1mPT0002000105483259QH[0m  [2m[Cluster 1][0m
2026-08-05 18:01:01 [INFO]      consumiu MAIS que o habitual às 18h
2026-08-05 18:01:01 [INFO]      [2mReal:[0m 2.0 kWh   [2mHabitual:[0m 1.0 ± 0.3 kWh   [2mz:[0m +3.33   [2mdesvio:[0m +100%   [2m(2 obs. dia_util)[0m
2026-08-05 18:01:01 [INFO] 
2026-08-05 18:01:01 [INFO]   🔴 [91m[1mPT0002000107046231FW[0m  [2m[Cluster 0][0m
2026-08-05 18:01:01 [INFO]      consumiu MAIS que o habitual às 11h
2026-08-05 18:01:01 [INFO]      [2mReal:[0m 3.0 kWh   [2mHabitual:[0m 2.0 ± 0.3 kWh   [2mz:[0m +3.33   [2mdesvio:[0m +50%   [2m(2 obs. dia_util)[0m
2026-08-05 18:01:01 [INFO] 
2026-08-05 18:01:01 [INFO]   🔵 [94m[1mPT0002000107046231FW[0m  [2m[Cluster 0][0m
2026-08-05 18:01:01 [INFO]      consumiu MENOS que o habitual às 12h
2026-08-05 18:01:01 [INFO]      [2mReal:[0m 1.0 kWh   [2mHabitual:[0m 2.0 ± 0.3 kWh   [2mz:[0m -3.33   [2mdesvio:[0m -50%   [2m(2 obs. dia_util)[0m
2026-08-05 18:01:01 [INFO] 
2026-08-05 18:01:01 [INFO]   🔵 [94m[1mPT0002000107046231FW[0m  [2m[Cluster 0][0m
2026-08-05 18:01:01 [INFO]      consumiu MENOS que o habitual às 17h
2026-08-05 18:01:01 [INFO]      [2mReal:[0m 1.0 kWh   [2mHabitual:[0m 2.0 ± 0.3 kWh   [2mz:[0m -3.33   [2mdesvio:[0m -50%   [2m(2 obs. dia_util)[0m
2026-08-05 18:01:01 [INFO] 
2026-08-05 18:01:01 [INFO]   🔴 [91m[1mPT0002000107046231FW[0m  [2m[Cluster 0][0m
2026-08-05 18:01:01 [INFO]      consumiu MAIS que o habitual às 21h
2026-08-05 18:01:01 [INFO]      [2mReal:[0m 3.0 kWh   [2mHabitual:[0m 2.0 ± 0.3 kWh   [2mz:[0m +3.33   [2mdesvio:[0m +50%   [2m(3 obs. dia_util)[0m
2026-08-05 18:01:01 [INFO] 
2026-08-05 18:01:01 [INFO]   🔴 [91m[1mPT0002000107046231FW[0m  [2m[Cluster 0][0m
2026-08-05 18:01:01 [INFO]      consumiu MAIS que o habitual às 23h
2026-08-05 18:01:01 [INFO]      [2mReal:[0m 2.0 kWh   [2mHabitual:[0m 1.0 ± 0.3 kWh   [2mz:[0m +3.33   [2mdesvio:[0m +100%   [2m(3 obs. dia_util)[0m
2026-08-05 18:01:01 [INFO] 
2026-08-05 18:01:01 [INFO]   🔴 [91m[1mPT0002000115031201VQ[0m  [2m[Cluster 0][0m
2026-08-05 18:01:01 [INFO]      consumiu MAIS que o habitual às 14h
2026-08-05 18:01:01 [INFO]      [2mReal:[0m 4.0 kWh   [2mHabitual:[0m 3.0 ± 0.3 kWh   [2mz:[0m +3.33   [2mdesvio:[0m +33%   [2m(2 obs. dia_util)[0m
2026-08-05 18:01:01 [INFO] 
2026-08-05 18:01:01 [INFO]   🔴 [91m[1mPT0002000115031201VQ[0m  [2m[Cluster 0][0m
2026-08-05 18:01:01 [INFO]      consumiu MAIS que o habitual às 15h
2026-08-05 18:01:01 [INFO]      [2mReal:[0m 4.0 kWh   [2mHabitual:[0m 3.0 ± 0.3 kWh   [2mz:[0m +3.33   [2mdesvio:[0m +33%   [2m(2 obs. dia_util)[0m
2026-08-05 18:01:01 [INFO] 
2026-08-05 18:01:01 [INFO]   🔴 [91m[1mPT0002000115673389QK[0m  [2m[Cluster 0][0m
2026-08-05 18:01:01 [INFO]      consumiu MAIS que o habitual às 15h
2026-08-05 18:01:01 [INFO]      [2mReal:[0m 22.0 kWh   [2mHabitual:[0m 16.5 ± 1.6 kWh   [2mz:[0m +3.33   [2mdesvio:[0m +33%   [2m(2 obs. dia_util)[0m
2026-08-05 18:01:01 [INFO] 
2026-08-05 18:01:01 [INFO]   🔴 [91m[1mPT0002000119303492KB[0m  [2m[Cluster 0][0m
2026-08-05 18:01:01 [INFO]      consumiu MAIS que o habitual às 07h
2026-08-05 18:01:01 [INFO]      [2mReal:[0m 3.0 kWh   [2mHabitual:[0m 2.0 ± 0.3 kWh   [2mz:[0m +3.33   [2mdesvio:[0m +50%   [2m(2 obs. dia_util)[0m
2026-08-05 18:01:01 [INFO] 
2026-08-05 18:01:01 [INFO]   🔴 [91m[1mPT0002000123648159KR[0m  [2m[Cluster 0][0m
2026-08-05 18:01:01 [INFO]      consumiu MAIS que o habitual às 03h
2026-08-05 18:01:01 [INFO]      [2mReal:[0m 3.0 kWh   [2mHabitual:[0m 2.0 ± 0.3 kWh   [2mz:[0m +3.33   [2mdesvio:[0m +50%   [2m(2 obs. dia_util)[0m
2026-08-05 18:01:01 [INFO] 
2026-08-05 18:01:01 [INFO]   🔴 [91m[1mPT0002000123648159KR[0m  [2m[Cluster 0][0m
2026-08-05 18:01:01 [INFO]      consumiu MAIS que o habitual às 08h
2026-08-05 18:01:01 [INFO]      [2mReal:[0m 3.0 kWh   [2mHabitual:[0m 2.0 ± 0.3 kWh   [2mz:[0m +3.33   [2mdesvio:[0m +50%   [2m(2 obs. dia_util)[0m
2026-08-05 18:01:01 [INFO] 
2026-08-05 18:01:01 [INFO]   🔴 [91m[1mPT0002000123648159KR[0m  [2m[Cluster 0][0m
2026-08-05 18:01:01 [INFO]      consumiu MAIS que o habitual às 14h
2026-08-05 18:01:01 [INFO]      [2mReal:[0m 3.0 kWh   [2mHabitual:[0m 2.0 ± 0.3 kWh   [2mz:[0m +3.33   [2mdesvio:[0m +50%   [2m(2 obs. dia_util)[0m
2026-08-05 18:01:01 [INFO] 
2026-08-05 18:01:01 [INFO]   🔴 [91m[1mPT0002000123648159KR[0m  [2m[Cluster 0][0m
2026-08-05 18:01:01 [INFO]      consumiu MAIS que o habitual às 20h
2026-08-05 18:01:01 [INFO]      [2mReal:[0m 4.0 kWh   [2mHabitual:[0m 3.0 ± 0.3 kWh   [2mz:[0m +3.33   [2mdesvio:[0m +33%   [2m(2 obs. dia_util)[0m
2026-08-05 18:01:01 [INFO] 
2026-08-05 18:01:01 [INFO]   🔴 [91m[1mPT0002000201038711LS[0m  [2m[Cluster 1 (atribuido)][0m
2026-08-05 18:01:01 [INFO]      consumiu MAIS que o habitual às 01h
2026-08-05 18:01:01 [INFO]      [2mReal:[0m 1.0 kWh   [2mHabitual:[0m 0.0 ± 0.3 kWh   [2mz:[0m +3.33   [2mdesvio:[0m +100000%   [2m(2 obs. dia_util)[0m
2026-08-05 18:01:01 [INFO] 
2026-08-05 18:01:01 [INFO]   🔴 [91m[1mPT0002000201038711LS[0m  [2m[Cluster 1 (atribuido)][0m
2026-08-05 18:01:01 [INFO]      consumiu MAIS que o habitual às 06h
2026-08-05 18:01:01 [INFO]      [2mReal:[0m 1.0 kWh   [2mHabitual:[0m 0.0 ± 0.3 kWh   [2mz:[0m +3.33   [2mdesvio:[0m +100000%   [2m(2 obs. dia_util)[0m
2026-08-05 18:01:01 [INFO] 
2026-08-05 18:01:01 [INFO]   🔴 [91m[1mPT0002000068856826ZG[0m  [2m[Cluster 0 (atribuido)][0m
2026-08-05 18:01:01 [INFO]      consumiu MAIS que o habitual às 21h
2026-08-05 18:01:01 [INFO]      [2mReal:[0m 207.0 kWh   [2mHabitual:[0m 150.3 ± 17.1 kWh   [2mz:[0m +3.31   [2mdesvio:[0m +38%   [2m(3 obs. dia_util)[0m
2026-08-05 18:01:01 [INFO] 
2026-08-05 18:01:01 [INFO]   🔴 [91m[1mPT0002000068856826ZG[0m  [2m[Cluster 0 (atribuido)][0m
2026-08-05 18:01:01 [INFO]      consumiu MAIS que o habitual às 01h
2026-08-05 18:01:01 [INFO]      [2mReal:[0m 104.0 kWh   [2mHabitual:[0m 78.5 ± 7.8 kWh   [2mz:[0m +3.25   [2mdesvio:[0m +32%   [2m(2 obs. dia_util)[0m
2026-08-05 18:01:01 [INFO] 
2026-08-05 18:01:01 [INFO]   🔴 [91m[1mPT0002000068856826ZG[0m  [2m[Cluster 0 (atribuido)][0m
2026-08-05 18:01:01 [INFO]      consumiu MAIS que o habitual às 03h
2026-08-05 18:01:01 [INFO]      [2mReal:[0m 102.0 kWh   [2mHabitual:[0m 77.0 ± 7.7 kWh   [2mz:[0m +3.25   [2mdesvio:[0m +32%   [2m(2 obs. dia_util)[0m
2026-08-05 18:01:01 [INFO] 
2026-08-05 18:01:01 [INFO]   🔴 [91m[1mPT0002000078140706BA[0m  [2m[Cluster 1 (atribuido)][0m
2026-08-05 18:01:01 [INFO]      consumiu MAIS que o habitual às 02h
2026-08-05 18:01:01 [INFO]      [2mReal:[0m 43.0 kWh   [2mHabitual:[0m 31.5 ± 3.5 kWh   [2mz:[0m +3.25   [2mdesvio:[0m +37%   [2m(2 obs. dia_util)[0m
2026-08-05 18:01:01 [INFO] 
2026-08-05 18:01:01 [INFO]   🔴 [91m[1mPT0002000078140706BA[0m  [2m[Cluster 1 (atribuido)][0m
2026-08-05 18:01:01 [INFO]      consumiu MAIS que o habitual às 06h
2026-08-05 18:01:01 [INFO]      [2mReal:[0m 40.0 kWh   [2mHabitual:[0m 28.5 ± 3.5 kWh   [2mz:[0m +3.25   [2mdesvio:[0m +40%   [2m(2 obs. dia_util)[0m
2026-08-05 18:01:01 [INFO] 
2026-08-05 18:01:01 [INFO]   🔴 [91m[1mPT0002000111572054VT[0m  [2m[Cluster 0 (atribuido)][0m
2026-08-05 18:01:01 [INFO]      consumiu MAIS que o habitual às 07h
2026-08-05 18:01:01 [INFO]      [2mReal:[0m 23.0 kWh   [2mHabitual:[0m 14.0 ± 2.8 kWh   [2mz:[0m +3.18   [2mdesvio:[0m +64%   [2m(2 obs. dia_util)[0m
2026-08-05 18:01:01 [INFO] 
2026-08-05 18:01:01 [INFO]   🔴 [91m[1mPT0002000068856826ZG[0m  [2m[Cluster 0 (atribuido)][0m
2026-08-05 18:01:01 [INFO]      consumiu MAIS que o habitual às 04h
2026-08-05 18:01:01 [INFO]      [2mReal:[0m 101.0 kWh   [2mHabitual:[0m 77.0 ± 7.7 kWh   [2mz:[0m +3.12   [2mdesvio:[0m +31%   [2m(2 obs. dia_util)[0m
2026-08-05 18:01:01 [INFO] 
2026-08-05 18:01:01 [INFO]   🔴 [91m[1mPT0002000111572054VT[0m  [2m[Cluster 0 (atribuido)][0m
2026-08-05 18:01:01 [INFO]      consumiu MAIS que o habitual às 04h
2026-08-05 18:01:01 [INFO]      [2mReal:[0m 21.0 kWh   [2mHabitual:[0m 16.0 ± 1.6 kWh   [2mz:[0m +3.12   [2mdesvio:[0m +31%   [2m(2 obs. dia_util)[0m
2026-08-05 18:01:01 [INFO] 
2026-08-05 18:01:01 [INFO]   🔴 [91m[1mPT0002000115673389QK[0m  [2m[Cluster 0][0m
2026-08-05 18:01:01 [INFO]      consumiu MAIS que o habitual às 16h
2026-08-05 18:01:01 [INFO]      [2mReal:[0m 21.0 kWh   [2mHabitual:[0m 16.0 ± 1.6 kWh   [2mz:[0m +3.12   [2mdesvio:[0m +31%   [2m(2 obs. dia_util)[0m
2026-08-05 18:01:01 [INFO] 
2026-08-05 18:01:01 [INFO]   🔴 [91m[1mPT0002000068856826ZG[0m  [2m[Cluster 0 (atribuido)][0m
2026-08-05 18:01:01 [INFO]      consumiu MAIS que o habitual às 06h
2026-08-05 18:01:01 [INFO]      [2mReal:[0m 98.0 kWh   [2mHabitual:[0m 75.0 ± 7.5 kWh   [2mz:[0m +3.07   [2mdesvio:[0m +31%   [2m(2 obs. dia_util)[0m
2026-08-05 18:01:01 [INFO] 
2026-08-05 18:01:01 [INFO]   🔵 [94m[1mPT0002000068859597LS[0m  [2m[Cluster 0][0m
2026-08-05 18:01:01 [INFO]      consumiu MENOS que o habitual às 19h
2026-08-05 18:01:01 [INFO]      [2mReal:[0m 27.0 kWh   [2mHabitual:[0m 53.0 ± 8.5 kWh   [2mz:[0m -3.06   [2mdesvio:[0m -49%   [2m(2 obs. dia_util)[0m
2026-08-05 18:01:01 [INFO] 
2026-08-05 18:01:01 [INFO]   🔵 [94m[1mPT0002000068857909SY[0m  [2m[Cluster 1][0m
2026-08-05 18:01:01 [INFO]      consumiu MENOS que o habitual às 10h
2026-08-05 18:01:01 [INFO]      [2mReal:[0m 8.0 kWh   [2mHabitual:[0m 11.5 ± 1.1 kWh   [2mz:[0m -3.04   [2mdesvio:[0m -30%   [2m(2 obs. dia_util)[0m
2026-08-05 18:01:01 [INFO] 
2026-08-05 18:01:01 [INFO]   🔴 [91m[1mPT0002000078140706BA[0m  [2m[Cluster 1 (atribuido)][0m
2026-08-05 18:01:01 [INFO]      consumiu MAIS que o habitual às 04h
2026-08-05 18:01:01 [INFO]      [2mReal:[0m 43.0 kWh   [2mHabitual:[0m 33.0 ± 3.3 kWh   [2mz:[0m +3.03   [2mdesvio:[0m +30%   [2m(2 obs. dia_util)[0m
2026-08-05 18:01:01 [INFO] 
2026-08-05 18:01:01 [INFO]   [2mCSV:[0m /home/runner/work/ts-anomaly-detection-dissertation/ts-anomaly-detection-dissertation/results/energia/realtime/alerts/analise_energia_2026-08-04.csv
2026-08-05 18:01:01 [INFO] 
2026-08-05 18:01:01 [INFO] [96m→ A prever consumo de 2026-08-05 para 276 CPEs...[0m
2026-08-05 18:01:06 [INFO] [1m══════════════════════════════════════════════════════════════════════[0m
2026-08-05 18:01:06 [INFO] [1m  PREDIÇÃO — 2026-08-05 [0m[2m(dia util)[0m
2026-08-05 18:01:06 [INFO] [1m══════════════════════════════════════════════════════════════════════[0m
2026-08-05 18:01:06 [INFO]   [95m● CPEs previstos[0m          69 [2m(alta: 0, baixa: 1656)[0m
2026-08-05 18:01:06 [INFO]   [95m● Consumo total previsto[0m 88171.0 kWh [2m(±12621.2)[0m
2026-08-05 18:01:06 [INFO] 
2026-08-05 18:01:06 [INFO]   [2mPrevisão guardada:[0m /home/runner/work/ts-anomaly-detection-dissertation/ts-anomaly-detection-dissertation/results/energia/realtime/predictions/previsao_energia_2026-08-05.csv
2026-08-05 18:01:06 [INFO] 
2026-08-05 18:01:06 [INFO] [1m══════════════════════════════════════════════════════════════════════[0m
2026-08-05 18:01:06 [INFO] [1m  VALIDAÇÃO — qualidade das previsões anteriores[0m
2026-08-05 18:01:06 [INFO] [1m══════════════════════════════════════════════════════════════════════[0m
2026-08-05 18:01:06 [INFO]   [2mDias validados:[0m 3   [2mpendentes:[0m 51
2026-08-05 18:01:06 [INFO]   [2mÚltimo (2026-08-03):[0m MAE 9.53 kWh   RMSE 25.65   em ±1σ 71% [2m(esperado ~68%)[0m   em ±2σ 90% [2m(esperado ~95%)[0m
2026-08-05 18:01:06 [INFO]   [2mMédia acumulada:[0m MAE 10.65 kWh   RMSE 26.08   em ±1σ 63%   em ±2σ 89%
2026-08-05 18:01:06 [INFO]   [2mCSV:[0m /home/runner/work/ts-anomaly-detection-dissertation/ts-anomaly-detection-dissertation/results/energia/realtime/analysis/qualidade_previsoes_energia.csv
2026-08-05 18:01:06 [INFO] 
2026-08-05 18:01:06 [INFO] 
2026-08-05 18:01:06 [INFO] Concluido em 473.1s. Ficheiros gerados: 2
