2026-08-07 15:07:59 [INFO] [96m→ A pedir dados ao BaZe (276 CPEs)...[0m
2026-08-07 15:14:39 [INFO]   [2mClusters atribuidos carregados:[0m 22 novos
2026-08-07 15:14:39 [INFO] 
2026-08-07 15:14:39 [INFO] [1m══════════════════════════════════════════════════════════════════════[0m
2026-08-07 15:14:39 [INFO] [1m  DETEÇÃO DE ANOMALIAS — 2026-08-06[0m
2026-08-07 15:14:39 [INFO] [1m══════════════════════════════════════════════════════════════════════[0m
2026-08-07 15:14:39 [INFO]   [2mTipo de dia:[0m  dia util
2026-08-07 15:14:39 [INFO]   [2mFonte:[0m        BAZE
2026-08-07 15:14:39 [INFO]   [2mCPEs c/ dados:[0m 69
2026-08-07 15:14:39 [INFO]   [2mThreshold:[0m    |z| > 3.0 [2m(adaptativo a este tipo de dia)[0m
2026-08-07 15:14:39 [INFO] 
2026-08-07 15:14:39 [INFO] [96m→ A analisar 69 CPEs / 1656 pontos horários (retrospetiva)...[0m
2026-08-07 15:14:41 [INFO] [1m─── Resumo ─────────────────────────────────────[0m
2026-08-07 15:14:41 [INFO]   [92m● Normal[0m                1491 [2m( 90.0%)[0m
2026-08-07 15:14:41 [INFO]   [91m● Desvio (alta confiança)[0m    0 [2m(  0.0%)[0m
2026-08-07 15:14:41 [INFO]   [93m● Desvio (baixa confiança)[0m 165 [2m( 10.0%)[0m
2026-08-07 15:14:41 [INFO]   [2mTempo: 402.1s[0m
2026-08-07 15:14:41 [INFO] 
2026-08-07 15:14:41 [INFO] [1m[93m─── Desvios de BAIXA confiança (165) ──────────────[0m
2026-08-07 15:14:41 [INFO]   [2m(poucos dados históricos — verificar manualmente)[0m
2026-08-07 15:14:41 [INFO] 
2026-08-07 15:14:41 [INFO]   🔴 [91m[1mPT0002000068856872QG[0m  [2m[Cluster 1][0m
2026-08-07 15:14:41 [INFO]      consumiu MAIS que o habitual às 11h
2026-08-07 15:14:41 [INFO]      [2mReal:[0m 17.0 kWh   [2mHabitual:[0m 0.0 ± 0.3 kWh   [2mz:[0m +10.00⁺   [2mdesvio:[0m +1700000%   [2m(2 obs. dia_util)[0m
2026-08-07 15:14:41 [INFO] 
2026-08-07 15:14:41 [INFO]   🔴 [91m[1mPT0002000068856952LS[0m  [2m[Cluster 2][0m
2026-08-07 15:14:41 [INFO]      consumiu MAIS que o habitual às 06h
2026-08-07 15:14:41 [INFO]      [2mReal:[0m 7.0 kWh   [2mHabitual:[0m 0.0 ± 0.3 kWh   [2mz:[0m +10.00⁺   [2mdesvio:[0m +700000%   [2m(2 obs. dia_util)[0m
2026-08-07 15:14:41 [INFO] 
2026-08-07 15:14:41 [INFO]   🔴 [91m[1mPT0002000068856952LS[0m  [2m[Cluster 2][0m
2026-08-07 15:14:41 [INFO]      consumiu MAIS que o habitual às 07h
2026-08-07 15:14:41 [INFO]      [2mReal:[0m 9.0 kWh   [2mHabitual:[0m 0.0 ± 0.3 kWh   [2mz:[0m +10.00⁺   [2mdesvio:[0m +900000%   [2m(2 obs. dia_util)[0m
2026-08-07 15:14:41 [INFO] 
2026-08-07 15:14:41 [INFO]   🔴 [91m[1mPT0002000068856952LS[0m  [2m[Cluster 2][0m
2026-08-07 15:14:41 [INFO]      consumiu MAIS que o habitual às 08h
2026-08-07 15:14:41 [INFO]      [2mReal:[0m 8.0 kWh   [2mHabitual:[0m 0.0 ± 0.3 kWh   [2mz:[0m +10.00⁺   [2mdesvio:[0m +800000%   [2m(2 obs. dia_util)[0m
2026-08-07 15:14:41 [INFO] 
2026-08-07 15:14:41 [INFO]   🔴 [91m[1mPT0002000068856952LS[0m  [2m[Cluster 2][0m
2026-08-07 15:14:41 [INFO]      consumiu MAIS que o habitual às 09h
2026-08-07 15:14:41 [INFO]      [2mReal:[0m 9.0 kWh   [2mHabitual:[0m 0.0 ± 0.3 kWh   [2mz:[0m +10.00⁺   [2mdesvio:[0m +900000%   [2m(2 obs. dia_util)[0m
2026-08-07 15:14:41 [INFO] 
2026-08-07 15:14:41 [INFO]   🔴 [91m[1mPT0002000068856952LS[0m  [2m[Cluster 2][0m
2026-08-07 15:14:41 [INFO]      consumiu MAIS que o habitual às 10h
2026-08-07 15:14:41 [INFO]      [2mReal:[0m 8.0 kWh   [2mHabitual:[0m 0.5 ± 0.7 kWh   [2mz:[0m +10.00⁺   [2mdesvio:[0m +1500%   [2m(2 obs. dia_util)[0m
2026-08-07 15:14:41 [INFO] 
2026-08-07 15:14:41 [INFO]   🔴 [91m[1mPT0002000068856952LS[0m  [2m[Cluster 2][0m
2026-08-07 15:14:41 [INFO]      consumiu MAIS que o habitual às 11h
2026-08-07 15:14:41 [INFO]      [2mReal:[0m 9.0 kWh   [2mHabitual:[0m 0.0 ± 0.3 kWh   [2mz:[0m +10.00⁺   [2mdesvio:[0m +900000%   [2m(2 obs. dia_util)[0m
2026-08-07 15:14:41 [INFO] 
2026-08-07 15:14:41 [INFO]   🔴 [91m[1mPT0002000068856952LS[0m  [2m[Cluster 2][0m
2026-08-07 15:14:41 [INFO]      consumiu MAIS que o habitual às 12h
2026-08-07 15:14:41 [INFO]      [2mReal:[0m 9.0 kWh   [2mHabitual:[0m 0.5 ± 0.7 kWh   [2mz:[0m +10.00⁺   [2mdesvio:[0m +1700%   [2m(2 obs. dia_util)[0m
2026-08-07 15:14:41 [INFO] 
2026-08-07 15:14:41 [INFO]   🔴 [91m[1mPT0002000068856952LS[0m  [2m[Cluster 2][0m
2026-08-07 15:14:41 [INFO]      consumiu MAIS que o habitual às 13h
2026-08-07 15:14:41 [INFO]      [2mReal:[0m 8.0 kWh   [2mHabitual:[0m 0.0 ± 0.3 kWh   [2mz:[0m +10.00⁺   [2mdesvio:[0m +800000%   [2m(2 obs. dia_util)[0m
2026-08-07 15:14:41 [INFO] 
2026-08-07 15:14:41 [INFO]   🔴 [91m[1mPT0002000068856952LS[0m  [2m[Cluster 2][0m
2026-08-07 15:14:41 [INFO]      consumiu MAIS que o habitual às 14h
2026-08-07 15:14:41 [INFO]      [2mReal:[0m 9.0 kWh   [2mHabitual:[0m 0.0 ± 0.3 kWh   [2mz:[0m +10.00⁺   [2mdesvio:[0m +900000%   [2m(2 obs. dia_util)[0m
2026-08-07 15:14:41 [INFO] 
2026-08-07 15:14:41 [INFO]   🔴 [91m[1mPT0002000068856952LS[0m  [2m[Cluster 2][0m
2026-08-07 15:14:41 [INFO]      consumiu MAIS que o habitual às 15h
2026-08-07 15:14:41 [INFO]      [2mReal:[0m 8.0 kWh   [2mHabitual:[0m 0.0 ± 0.3 kWh   [2mz:[0m +10.00⁺   [2mdesvio:[0m +800000%   [2m(2 obs. dia_util)[0m
2026-08-07 15:14:41 [INFO] 
2026-08-07 15:14:41 [INFO]   🔴 [91m[1mPT0002000068856952LS[0m  [2m[Cluster 2][0m
2026-08-07 15:14:41 [INFO]      consumiu MAIS que o habitual às 16h
2026-08-07 15:14:41 [INFO]      [2mReal:[0m 5.0 kWh   [2mHabitual:[0m 0.0 ± 0.3 kWh   [2mz:[0m +10.00⁺   [2mdesvio:[0m +500000%   [2m(2 obs. dia_util)[0m
2026-08-07 15:14:41 [INFO] 
2026-08-07 15:14:41 [INFO]   🔴 [91m[1mPT0002000068859187RL[0m  [2m[Cluster 0][0m
2026-08-07 15:14:41 [INFO]      consumiu MAIS que o habitual às 17h
2026-08-07 15:14:41 [INFO]      [2mReal:[0m 44.0 kWh   [2mHabitual:[0m 11.0 ± 1.1 kWh   [2mz:[0m +10.00⁺   [2mdesvio:[0m +300%   [2m(2 obs. dia_util)[0m
2026-08-07 15:14:41 [INFO] 
2026-08-07 15:14:41 [INFO]   🔴 [91m[1mPT0002000068859187RL[0m  [2m[Cluster 0][0m
2026-08-07 15:14:41 [INFO]      consumiu MAIS que o habitual às 18h
2026-08-07 15:14:41 [INFO]      [2mReal:[0m 25.0 kWh   [2mHabitual:[0m 11.0 ± 1.1 kWh   [2mz:[0m +10.00⁺   [2mdesvio:[0m +127%   [2m(2 obs. dia_util)[0m
2026-08-07 15:14:41 [INFO] 
2026-08-07 15:14:41 [INFO]   🔴 [91m[1mPT0002000079469719HF[0m  [2m[Cluster 1 (atribuido)][0m
2026-08-07 15:14:41 [INFO]      consumiu MAIS que o habitual às 11h
2026-08-07 15:14:41 [INFO]      [2mReal:[0m 84.0 kWh   [2mHabitual:[0m 3.0 ± 4.2 kWh   [2mz:[0m +10.00⁺   [2mdesvio:[0m +2700%   [2m(2 obs. dia_util)[0m
2026-08-07 15:14:41 [INFO] 
2026-08-07 15:14:41 [INFO]   🔴 [91m[1mPT0002000079469719HF[0m  [2m[Cluster 1 (atribuido)][0m
2026-08-07 15:14:41 [INFO]      consumiu MAIS que o habitual às 12h
2026-08-07 15:14:41 [INFO]      [2mReal:[0m 66.0 kWh   [2mHabitual:[0m 0.0 ± 0.3 kWh   [2mz:[0m +10.00⁺   [2mdesvio:[0m +6600000%   [2m(2 obs. dia_util)[0m
2026-08-07 15:14:41 [INFO] 
2026-08-07 15:14:41 [INFO]   🔴 [91m[1mPT0002000079469719HF[0m  [2m[Cluster 1 (atribuido)][0m
2026-08-07 15:14:41 [INFO]      consumiu MAIS que o habitual às 13h
2026-08-07 15:14:41 [INFO]      [2mReal:[0m 58.0 kWh   [2mHabitual:[0m 0.0 ± 0.3 kWh   [2mz:[0m +10.00⁺   [2mdesvio:[0m +5800000%   [2m(2 obs. dia_util)[0m
2026-08-07 15:14:41 [INFO] 
2026-08-07 15:14:41 [INFO]   🔴 [91m[1mPT0002000079469719HF[0m  [2m[Cluster 1 (atribuido)][0m
2026-08-07 15:14:41 [INFO]      consumiu MAIS que o habitual às 14h
2026-08-07 15:14:41 [INFO]      [2mReal:[0m 59.0 kWh   [2mHabitual:[0m 0.0 ± 0.3 kWh   [2mz:[0m +10.00⁺   [2mdesvio:[0m +5900000%   [2m(2 obs. dia_util)[0m
2026-08-07 15:14:41 [INFO] 
2026-08-07 15:14:41 [INFO]   🔴 [91m[1mPT0002000079469719HF[0m  [2m[Cluster 1 (atribuido)][0m
2026-08-07 15:14:41 [INFO]      consumiu MAIS que o habitual às 15h
2026-08-07 15:14:41 [INFO]      [2mReal:[0m 69.0 kWh   [2mHabitual:[0m 0.0 ± 0.3 kWh   [2mz:[0m +10.00⁺   [2mdesvio:[0m +6900000%   [2m(2 obs. dia_util)[0m
2026-08-07 15:14:41 [INFO] 
2026-08-07 15:14:41 [INFO]   🔴 [91m[1mPT0002000079469719HF[0m  [2m[Cluster 1 (atribuido)][0m
2026-08-07 15:14:41 [INFO]      consumiu MAIS que o habitual às 16h
2026-08-07 15:14:41 [INFO]      [2mReal:[0m 94.0 kWh   [2mHabitual:[0m 0.0 ± 0.3 kWh   [2mz:[0m +10.00⁺   [2mdesvio:[0m +9400000%   [2m(2 obs. dia_util)[0m
2026-08-07 15:14:41 [INFO] 
2026-08-07 15:14:41 [INFO]   🔴 [91m[1mPT0002000079469719HF[0m  [2m[Cluster 1 (atribuido)][0m
2026-08-07 15:14:41 [INFO]      consumiu MAIS que o habitual às 17h
2026-08-07 15:14:41 [INFO]      [2mReal:[0m 114.0 kWh   [2mHabitual:[0m 0.0 ± 0.3 kWh   [2mz:[0m +10.00⁺   [2mdesvio:[0m +11400000%   [2m(2 obs. dia_util)[0m
2026-08-07 15:14:41 [INFO] 
2026-08-07 15:14:41 [INFO]   🔴 [91m[1mPT0002000079469719HF[0m  [2m[Cluster 1 (atribuido)][0m
2026-08-07 15:14:41 [INFO]      consumiu MAIS que o habitual às 18h
2026-08-07 15:14:41 [INFO]      [2mReal:[0m 159.0 kWh   [2mHabitual:[0m 3.5 ± 3.5 kWh   [2mz:[0m +10.00⁺   [2mdesvio:[0m +4443%   [2m(2 obs. dia_util)[0m
2026-08-07 15:14:41 [INFO] 
2026-08-07 15:14:41 [INFO]   🔴 [91m[1mPT0002000079469719HF[0m  [2m[Cluster 1 (atribuido)][0m
2026-08-07 15:14:41 [INFO]      consumiu MAIS que o habitual às 19h
2026-08-07 15:14:41 [INFO]      [2mReal:[0m 185.0 kWh   [2mHabitual:[0m 20.0 ± 8.5 kWh   [2mz:[0m +10.00⁺   [2mdesvio:[0m +825%   [2m(2 obs. dia_util)[0m
2026-08-07 15:14:41 [INFO] 
2026-08-07 15:14:41 [INFO]   🔴 [91m[1mPT0002000079469719HF[0m  [2m[Cluster 1 (atribuido)][0m
2026-08-07 15:14:41 [INFO]      consumiu MAIS que o habitual às 20h
2026-08-07 15:14:41 [INFO]      [2mReal:[0m 169.0 kWh   [2mHabitual:[0m 26.0 ± 7.1 kWh   [2mz:[0m +10.00⁺   [2mdesvio:[0m +550%   [2m(2 obs. dia_util)[0m
2026-08-07 15:14:41 [INFO] 
2026-08-07 15:14:41 [INFO]   🔴 [91m[1mPT0002000081344542CP[0m  [2m[Cluster 1][0m
2026-08-07 15:14:41 [INFO]      consumiu MAIS que o habitual às 09h
2026-08-07 15:14:41 [INFO]      [2mReal:[0m 10.0 kWh   [2mHabitual:[0m 3.0 ± 0.3 kWh   [2mz:[0m +10.00⁺   [2mdesvio:[0m +233%   [2m(2 obs. dia_util)[0m
2026-08-07 15:14:41 [INFO] 
2026-08-07 15:14:41 [INFO]   🔴 [91m[1mPT0002000081344542CP[0m  [2m[Cluster 1][0m
2026-08-07 15:14:41 [INFO]      consumiu MAIS que o habitual às 14h
2026-08-07 15:14:41 [INFO]      [2mReal:[0m 16.0 kWh   [2mHabitual:[0m 6.5 ± 0.7 kWh   [2mz:[0m +10.00⁺   [2mdesvio:[0m +146%   [2m(2 obs. dia_util)[0m
2026-08-07 15:14:41 [INFO] 
2026-08-07 15:14:41 [INFO]   🔴 [91m[1mPT0002000201038711LS[0m  [2m[Cluster 1 (atribuido)][0m
2026-08-07 15:14:41 [INFO]      consumiu MAIS que o habitual às 10h
2026-08-07 15:14:41 [INFO]      [2mReal:[0m 20.0 kWh   [2mHabitual:[0m 0.0 ± 0.3 kWh   [2mz:[0m +10.00⁺   [2mdesvio:[0m +2000000%   [2m(2 obs. dia_util)[0m
2026-08-07 15:14:41 [INFO] 
2026-08-07 15:14:41 [INFO]   🔴 [91m[1mPT0002000201038711LS[0m  [2m[Cluster 1 (atribuido)][0m
2026-08-07 15:14:41 [INFO]      consumiu MAIS que o habitual às 11h
2026-08-07 15:14:41 [INFO]      [2mReal:[0m 31.0 kWh   [2mHabitual:[0m 0.5 ± 0.7 kWh   [2mz:[0m +10.00⁺   [2mdesvio:[0m +6100%   [2m(2 obs. dia_util)[0m
2026-08-07 15:14:41 [INFO] 
2026-08-07 15:14:41 [INFO]   🔴 [91m[1mPT0002000201936109ME[0m  [2m[Cluster 0][0m
2026-08-07 15:14:41 [INFO]      consumiu MAIS que o habitual às 06h
2026-08-07 15:14:41 [INFO]      [2mReal:[0m 5.0 kWh   [2mHabitual:[0m 0.0 ± 0.3 kWh   [2mz:[0m +10.00⁺   [2mdesvio:[0m +500000%   [2m(2 obs. dia_util)[0m
2026-08-07 15:14:41 [INFO] 
2026-08-07 15:14:41 [INFO]   🔴 [91m[1mPT0002000201936109ME[0m  [2m[Cluster 0][0m
2026-08-07 15:14:41 [INFO]      consumiu MAIS que o habitual às 07h
2026-08-07 15:14:41 [INFO]      [2mReal:[0m 10.0 kWh   [2mHabitual:[0m 0.0 ± 0.3 kWh   [2mz:[0m +10.00⁺   [2mdesvio:[0m +1000000%   [2m(2 obs. dia_util)[0m
2026-08-07 15:14:41 [INFO] 
2026-08-07 15:14:41 [INFO]   🔴 [91m[1mPT0002000201936109ME[0m  [2m[Cluster 0][0m
2026-08-07 15:14:41 [INFO]      consumiu MAIS que o habitual às 08h
2026-08-07 15:14:41 [INFO]      [2mReal:[0m 11.0 kWh   [2mHabitual:[0m 0.0 ± 0.3 kWh   [2mz:[0m +10.00⁺   [2mdesvio:[0m +1100000%   [2m(2 obs. dia_util)[0m
2026-08-07 15:14:41 [INFO] 
2026-08-07 15:14:41 [INFO]   🔴 [91m[1mPT0002000201936109ME[0m  [2m[Cluster 0][0m
2026-08-07 15:14:41 [INFO]      consumiu MAIS que o habitual às 09h
2026-08-07 15:14:41 [INFO]      [2mReal:[0m 12.0 kWh   [2mHabitual:[0m 0.0 ± 0.3 kWh   [2mz:[0m +10.00⁺   [2mdesvio:[0m +1200000%   [2m(2 obs. dia_util)[0m
2026-08-07 15:14:41 [INFO] 
2026-08-07 15:14:41 [INFO]   🔴 [91m[1mPT0002000201936109ME[0m  [2m[Cluster 0][0m
2026-08-07 15:14:41 [INFO]      consumiu MAIS que o habitual às 10h
2026-08-07 15:14:41 [INFO]      [2mReal:[0m 11.0 kWh   [2mHabitual:[0m 0.0 ± 0.3 kWh   [2mz:[0m +10.00⁺   [2mdesvio:[0m +1100000%   [2m(2 obs. dia_util)[0m
2026-08-07 15:14:41 [INFO] 
2026-08-07 15:14:41 [INFO]   🔴 [91m[1mPT0002000201936109ME[0m  [2m[Cluster 0][0m
2026-08-07 15:14:41 [INFO]      consumiu MAIS que o habitual às 11h
2026-08-07 15:14:41 [INFO]      [2mReal:[0m 9.0 kWh   [2mHabitual:[0m 0.0 ± 0.3 kWh   [2mz:[0m +10.00⁺   [2mdesvio:[0m +900000%   [2m(2 obs. dia_util)[0m
2026-08-07 15:14:41 [INFO] 
2026-08-07 15:14:41 [INFO]   🔴 [91m[1mPT0002000201936109ME[0m  [2m[Cluster 0][0m
2026-08-07 15:14:41 [INFO]      consumiu MAIS que o habitual às 12h
2026-08-07 15:14:41 [INFO]      [2mReal:[0m 11.0 kWh   [2mHabitual:[0m 0.0 ± 0.3 kWh   [2mz:[0m +10.00⁺   [2mdesvio:[0m +1100000%   [2m(2 obs. dia_util)[0m
2026-08-07 15:14:41 [INFO] 
2026-08-07 15:14:41 [INFO]   🔴 [91m[1mPT0002000201936109ME[0m  [2m[Cluster 0][0m
2026-08-07 15:14:41 [INFO]      consumiu MAIS que o habitual às 13h
2026-08-07 15:14:41 [INFO]      [2mReal:[0m 3.0 kWh   [2mHabitual:[0m 0.0 ± 0.3 kWh   [2mz:[0m +10.00   [2mdesvio:[0m +300000%   [2m(2 obs. dia_util)[0m
2026-08-07 15:14:41 [INFO] 
2026-08-07 15:14:41 [INFO]   🔴 [91m[1mPT0002000201038711LS[0m  [2m[Cluster 1 (atribuido)][0m
2026-08-07 15:14:41 [INFO]      consumiu MAIS que o habitual às 14h
2026-08-07 15:14:41 [INFO]      [2mReal:[0m 15.0 kWh   [2mHabitual:[0m 1.0 ± 1.4 kWh   [2mz:[0m +9.90   [2mdesvio:[0m +1400%   [2m(2 obs. dia_util)[0m
2026-08-07 15:14:41 [INFO] 
2026-08-07 15:14:41 [INFO]   🔴 [91m[1mPT0002000068859187RL[0m  [2m[Cluster 0][0m
2026-08-07 15:14:41 [INFO]      consumiu MAIS que o habitual às 11h
2026-08-07 15:14:41 [INFO]      [2mReal:[0m 72.0 kWh   [2mHabitual:[0m 37.0 ± 3.7 kWh   [2mz:[0m +9.46   [2mdesvio:[0m +95%   [2m(2 obs. dia_util)[0m
2026-08-07 15:14:41 [INFO] 
2026-08-07 15:14:41 [INFO]   🔴 [91m[1mPT0002000081344542CP[0m  [2m[Cluster 1][0m
2026-08-07 15:14:41 [INFO]      consumiu MAIS que o habitual às 16h
2026-08-07 15:14:41 [INFO]      [2mReal:[0m 11.0 kWh   [2mHabitual:[0m 4.5 ± 0.7 kWh   [2mz:[0m +9.19   [2mdesvio:[0m +144%   [2m(2 obs. dia_util)[0m
2026-08-07 15:14:41 [INFO] 
2026-08-07 15:14:41 [INFO]   🔵 [94m[1mPT0002000078233981HJ[0m  [2m[Cluster 1][0m
2026-08-07 15:14:41 [INFO]      consumiu MENOS que o habitual às 15h
2026-08-07 15:14:41 [INFO]      [2mReal:[0m 2.0 kWh   [2mHabitual:[0m 12.5 ± 1.2 kWh   [2mz:[0m -8.40   [2mdesvio:[0m -84%   [2m(2 obs. dia_util)[0m
2026-08-07 15:14:41 [INFO] 
2026-08-07 15:14:41 [INFO]   🔴 [91m[1mPT0002000081344542CP[0m  [2m[Cluster 1][0m
2026-08-07 15:14:41 [INFO]      consumiu MAIS que o habitual às 12h
2026-08-07 15:14:41 [INFO]      [2mReal:[0m 31.0 kWh   [2mHabitual:[0m 17.0 ± 1.7 kWh   [2mz:[0m +8.24   [2mdesvio:[0m +82%   [2m(2 obs. dia_util)[0m
2026-08-07 15:14:41 [INFO] 
2026-08-07 15:14:41 [INFO]   🔴 [91m[1mPT0002000101964938LF[0m  [2m[Cluster 0][0m
2026-08-07 15:14:41 [INFO]      consumiu MAIS que o habitual às 22h
2026-08-07 15:14:41 [INFO]      [2mReal:[0m 17.0 kWh   [2mHabitual:[0m 9.3 ± 0.9 kWh   [2mz:[0m +8.21   [2mdesvio:[0m +82%   [2m(3 obs. dia_util)[0m
2026-08-07 15:14:41 [INFO] 
2026-08-07 15:14:41 [INFO]   🔴 [91m[1mPT0002000068856655YV[0m  [2m[Cluster 0][0m
2026-08-07 15:14:41 [INFO]      consumiu MAIS que o habitual às 22h
2026-08-07 15:14:41 [INFO]      [2mReal:[0m 24.0 kWh   [2mHabitual:[0m 4.0 ± 2.6 kWh   [2mz:[0m +7.56   [2mdesvio:[0m +500%   [2m(3 obs. dia_util)[0m
2026-08-07 15:14:41 [INFO] 
2026-08-07 15:14:41 [INFO]   🔵 [94m[1mPT0002000078233981HJ[0m  [2m[Cluster 1][0m
2026-08-07 15:14:41 [INFO]      consumiu MENOS que o habitual às 13h
2026-08-07 15:14:41 [INFO]      [2mReal:[0m 4.0 kWh   [2mHabitual:[0m 15.0 ± 1.5 kWh   [2mz:[0m -7.33   [2mdesvio:[0m -73%   [2m(2 obs. dia_util)[0m
2026-08-07 15:14:41 [INFO] 
2026-08-07 15:14:41 [INFO]   🔴 [91m[1mPT0002000068859187RL[0m  [2m[Cluster 0][0m
2026-08-07 15:14:41 [INFO]      consumiu MAIS que o habitual às 16h
2026-08-07 15:14:41 [INFO]      [2mReal:[0m 47.0 kWh   [2mHabitual:[0m 16.0 ± 4.2 kWh   [2mz:[0m +7.31   [2mdesvio:[0m +194%   [2m(2 obs. dia_util)[0m
2026-08-07 15:14:41 [INFO] 
2026-08-07 15:14:41 [INFO]   🔵 [94m[1mPT0002000078233981HJ[0m  [2m[Cluster 1][0m
2026-08-07 15:14:41 [INFO]      consumiu MENOS que o habitual às 14h
2026-08-07 15:14:41 [INFO]      [2mReal:[0m 4.0 kWh   [2mHabitual:[0m 14.0 ± 1.4 kWh   [2mz:[0m -7.14   [2mdesvio:[0m -71%   [2m(2 obs. dia_util)[0m
2026-08-07 15:14:41 [INFO] 
2026-08-07 15:14:41 [INFO]   🔴 [91m[1mPT0002000101964938LF[0m  [2m[Cluster 0][0m
2026-08-07 15:14:41 [INFO]      consumiu MAIS que o habitual às 23h
2026-08-07 15:14:41 [INFO]      [2mReal:[0m 16.0 kWh   [2mHabitual:[0m 9.3 ± 0.9 kWh   [2mz:[0m +7.14   [2mdesvio:[0m +71%   [2m(3 obs. dia_util)[0m
2026-08-07 15:14:41 [INFO] 
2026-08-07 15:14:41 [INFO]   🔴 [91m[1mPT0002000068856655YV[0m  [2m[Cluster 0][0m
2026-08-07 15:14:41 [INFO]      consumiu MAIS que o habitual às 07h
2026-08-07 15:14:41 [INFO]      [2mReal:[0m 5.0 kWh   [2mHabitual:[0m 3.0 ± 0.3 kWh   [2mz:[0m +6.67   [2mdesvio:[0m +67%   [2m(2 obs. dia_util)[0m
2026-08-07 15:14:41 [INFO] 
2026-08-07 15:14:41 [INFO]   🔴 [91m[1mPT0002000068856872QG[0m  [2m[Cluster 1][0m
2026-08-07 15:14:41 [INFO]      consumiu MAIS que o habitual às 04h
2026-08-07 15:14:41 [INFO]      [2mReal:[0m 2.0 kWh   [2mHabitual:[0m 0.0 ± 0.3 kWh   [2mz:[0m +6.67   [2mdesvio:[0m +200000%   [2m(2 obs. dia_util)[0m
2026-08-07 15:14:41 [INFO] 
2026-08-07 15:14:41 [INFO]   🔴 [91m[1mPT0002000068856872QG[0m  [2m[Cluster 1][0m
2026-08-07 15:14:41 [INFO]      consumiu MAIS que o habitual às 10h
2026-08-07 15:14:41 [INFO]      [2mReal:[0m 2.0 kWh   [2mHabitual:[0m 0.0 ± 0.3 kWh   [2mz:[0m +6.67   [2mdesvio:[0m +200000%   [2m(2 obs. dia_util)[0m
2026-08-07 15:14:41 [INFO] 
2026-08-07 15:14:41 [INFO]   🔴 [91m[1mPT0002000068856872QG[0m  [2m[Cluster 1][0m
2026-08-07 15:14:41 [INFO]      consumiu MAIS que o habitual às 17h
2026-08-07 15:14:41 [INFO]      [2mReal:[0m 2.0 kWh   [2mHabitual:[0m 0.0 ± 0.3 kWh   [2mz:[0m +6.67   [2mdesvio:[0m +200000%   [2m(2 obs. dia_util)[0m
2026-08-07 15:14:41 [INFO] 
2026-08-07 15:14:41 [INFO]   🔵 [94m[1mPT0002000105483259QH[0m  [2m[Cluster 1][0m
2026-08-07 15:14:41 [INFO]      consumiu MENOS que o habitual às 18h
2026-08-07 15:14:41 [INFO]      [2mReal:[0m 0.0 kWh   [2mHabitual:[0m 2.0 ± 0.3 kWh   [2mz:[0m -6.67   [2mdesvio:[0m -100%   [2m(2 obs. dia_util)[0m
2026-08-07 15:14:41 [INFO] 
2026-08-07 15:14:41 [INFO]   🔵 [94m[1mPT0002000081344542CP[0m  [2m[Cluster 1][0m
2026-08-07 15:14:41 [INFO]      consumiu MENOS que o habitual às 08h
2026-08-07 15:14:41 [INFO]      [2mReal:[0m 2.0 kWh   [2mHabitual:[0m 6.5 ± 0.7 kWh   [2mz:[0m -6.36   [2mdesvio:[0m -69%   [2m(2 obs. dia_util)[0m
2026-08-07 15:14:41 [INFO] 
2026-08-07 15:14:41 [INFO]   🔴 [91m[1mPT0002000110607652SB[0m  [2m[Cluster 0][0m
2026-08-07 15:14:41 [INFO]      consumiu MAIS que o habitual às 03h
2026-08-07 15:14:41 [INFO]      [2mReal:[0m 28.0 kWh   [2mHabitual:[0m 10.0 ± 2.8 kWh   [2mz:[0m +6.36   [2mdesvio:[0m +180%   [2m(2 obs. dia_util)[0m
2026-08-07 15:14:41 [INFO] 
2026-08-07 15:14:41 [INFO]   🔴 [91m[1mPT0002000110607652SB[0m  [2m[Cluster 0][0m
2026-08-07 15:14:41 [INFO]      consumiu MAIS que o habitual às 05h
2026-08-07 15:14:41 [INFO]      [2mReal:[0m 28.0 kWh   [2mHabitual:[0m 10.0 ± 2.8 kWh   [2mz:[0m +6.36   [2mdesvio:[0m +180%   [2m(2 obs. dia_util)[0m
2026-08-07 15:14:41 [INFO] 
2026-08-07 15:14:41 [INFO]   🔴 [91m[1mPT0002000110607652SB[0m  [2m[Cluster 0][0m
2026-08-07 15:14:41 [INFO]      consumiu MAIS que o habitual às 07h
2026-08-07 15:14:41 [INFO]      [2mReal:[0m 40.0 kWh   [2mHabitual:[0m 22.0 ± 2.8 kWh   [2mz:[0m +6.36   [2mdesvio:[0m +82%   [2m(2 obs. dia_util)[0m
2026-08-07 15:14:41 [INFO] 
2026-08-07 15:14:41 [INFO]   🔴 [91m[1mPT0002000068859187RL[0m  [2m[Cluster 0][0m
2026-08-07 15:14:41 [INFO]      consumiu MAIS que o habitual às 15h
2026-08-07 15:14:41 [INFO]      [2mReal:[0m 52.0 kWh   [2mHabitual:[0m 32.0 ± 3.2 kWh   [2mz:[0m +6.25   [2mdesvio:[0m +62%   [2m(2 obs. dia_util)[0m
2026-08-07 15:14:41 [INFO] 
2026-08-07 15:14:41 [INFO]   🔴 [91m[1mPT0002000111572054VT[0m  [2m[Cluster 0 (atribuido)][0m
2026-08-07 15:14:41 [INFO]      consumiu MAIS que o habitual às 18h
2026-08-07 15:14:41 [INFO]      [2mReal:[0m 17.0 kWh   [2mHabitual:[0m 10.5 ± 1.1 kWh   [2mz:[0m +6.19   [2mdesvio:[0m +62%   [2m(2 obs. dia_util)[0m
2026-08-07 15:14:41 [INFO] 
2026-08-07 15:14:41 [INFO]   🔵 [94m[1mPT0002000078233981HJ[0m  [2m[Cluster 1][0m
2026-08-07 15:14:41 [INFO]      consumiu MENOS que o habitual às 20h
2026-08-07 15:14:41 [INFO]      [2mReal:[0m 8.0 kWh   [2mHabitual:[0m 20.5 ± 2.0 kWh   [2mz:[0m -6.10   [2mdesvio:[0m -61%   [2m(2 obs. dia_util)[0m
2026-08-07 15:14:41 [INFO] 
2026-08-07 15:14:41 [INFO]   🔴 [91m[1mPT0002000101964938LF[0m  [2m[Cluster 0][0m
2026-08-07 15:14:41 [INFO]      consumiu MAIS que o habitual às 20h
2026-08-07 15:14:41 [INFO]      [2mReal:[0m 19.0 kWh   [2mHabitual:[0m 11.0 ± 1.4 kWh   [2mz:[0m +5.66   [2mdesvio:[0m +73%   [2m(2 obs. dia_util)[0m
2026-08-07 15:14:41 [INFO] 
2026-08-07 15:14:41 [INFO]   🔴 [91m[1mPT0002000068859187RL[0m  [2m[Cluster 0][0m
2026-08-07 15:14:41 [INFO]      consumiu MAIS que o habitual às 09h
2026-08-07 15:14:41 [INFO]      [2mReal:[0m 59.0 kWh   [2mHabitual:[0m 38.0 ± 3.8 kWh   [2mz:[0m +5.53   [2mdesvio:[0m +55%   [2m(2 obs. dia_util)[0m
2026-08-07 15:14:41 [INFO] 
2026-08-07 15:14:41 [INFO]   🔴 [91m[1mPT0002000068856974CZ[0m  [2m[Cluster 0 (atribuido)][0m
2026-08-07 15:14:41 [INFO]      consumiu MAIS que o habitual às 16h
2026-08-07 15:14:41 [INFO]      [2mReal:[0m 55.0 kWh   [2mHabitual:[0m 35.5 ± 3.5 kWh   [2mz:[0m +5.49   [2mdesvio:[0m +55%   [2m(2 obs. dia_util)[0m
2026-08-07 15:14:41 [INFO] 
2026-08-07 15:14:41 [INFO]   🔵 [94m[1mPT0002000078233981HJ[0m  [2m[Cluster 1][0m
2026-08-07 15:14:41 [INFO]      consumiu MENOS que o habitual às 10h
2026-08-07 15:14:41 [INFO]      [2mReal:[0m 3.0 kWh   [2mHabitual:[0m 14.5 ± 2.1 kWh   [2mz:[0m -5.42   [2mdesvio:[0m -79%   [2m(2 obs. dia_util)[0m
2026-08-07 15:14:41 [INFO] 
2026-08-07 15:14:41 [INFO]   🔴 [91m[1mPT0002000201038711LS[0m  [2m[Cluster 1 (atribuido)][0m
2026-08-07 15:14:41 [INFO]      consumiu MAIS que o habitual às 12h
2026-08-07 15:14:41 [INFO]      [2mReal:[0m 26.0 kWh   [2mHabitual:[0m 3.0 ± 4.2 kWh   [2mz:[0m +5.42   [2mdesvio:[0m +767%   [2m(2 obs. dia_util)[0m
2026-08-07 15:14:41 [INFO] 
2026-08-07 15:14:41 [INFO]   🔴 [91m[1mPT0002000068856655YV[0m  [2m[Cluster 0][0m
2026-08-07 15:14:41 [INFO]      consumiu MAIS que o habitual às 21h
2026-08-07 15:14:41 [INFO]      [2mReal:[0m 24.0 kWh   [2mHabitual:[0m 3.7 ± 3.8 kWh   [2mz:[0m +5.37   [2mdesvio:[0m +554%   [2m(3 obs. dia_util)[0m
2026-08-07 15:14:41 [INFO] 
2026-08-07 15:14:41 [INFO]   🔵 [94m[1mPT0002000125379984SH[0m  [2m[Cluster 1][0m
2026-08-07 15:14:41 [INFO]      consumiu MENOS que o habitual às 18h
2026-08-07 15:14:41 [INFO]      [2mReal:[0m 4.0 kWh   [2mHabitual:[0m 8.5 ± 0.8 kWh   [2mz:[0m -5.29   [2mdesvio:[0m -53%   [2m(2 obs. dia_util)[0m
2026-08-07 15:14:41 [INFO] 
2026-08-07 15:14:41 [INFO]   🔴 [91m[1mPT0002000068859325FL[0m  [2m[Cluster 1][0m
2026-08-07 15:14:41 [INFO]      consumiu MAIS que o habitual às 13h
2026-08-07 15:14:41 [INFO]      [2mReal:[0m 140.0 kWh   [2mHabitual:[0m 92.0 ± 9.2 kWh   [2mz:[0m +5.22   [2mdesvio:[0m +52%   [2m(2 obs. dia_util)[0m
2026-08-07 15:14:41 [INFO] 
2026-08-07 15:14:41 [INFO]   🔴 [91m[1mPT0002000068859187RL[0m  [2m[Cluster 0][0m
2026-08-07 15:14:41 [INFO]      consumiu MAIS que o habitual às 14h
2026-08-07 15:14:41 [INFO]      [2mReal:[0m 57.0 kWh   [2mHabitual:[0m 37.5 ± 3.8 kWh   [2mz:[0m +5.20   [2mdesvio:[0m +52%   [2m(2 obs. dia_util)[0m
2026-08-07 15:14:41 [INFO] 
2026-08-07 15:14:41 [INFO]   🔴 [91m[1mPT0002000073573036KH[0m  [2m[Cluster 0 (atribuido)][0m
2026-08-07 15:14:41 [INFO]      consumiu MAIS que o habitual às 15h
2026-08-07 15:14:41 [INFO]      [2mReal:[0m 202.0 kWh   [2mHabitual:[0m 133.5 ± 13.3 kWh   [2mz:[0m +5.13   [2mdesvio:[0m +51%   [2m(2 obs. dia_util)[0m
2026-08-07 15:14:41 [INFO] 
2026-08-07 15:14:41 [INFO]   🔵 [94m[1mPT0002000068855003AK[0m  [2m[Cluster 0 (atribuido)][0m
2026-08-07 15:14:41 [INFO]      consumiu MENOS que o habitual às 19h
2026-08-07 15:14:41 [INFO]      [2mReal:[0m 26.0 kWh   [2mHabitual:[0m 53.0 ± 5.3 kWh   [2mz:[0m -5.09   [2mdesvio:[0m -51%   [2m(2 obs. dia_util)[0m
2026-08-07 15:14:41 [INFO] 
2026-08-07 15:14:41 [INFO]   🔴 [91m[1mPT0002000068855003AK[0m  [2m[Cluster 0 (atribuido)][0m
2026-08-07 15:14:41 [INFO]      consumiu MAIS que o habitual às 04h
2026-08-07 15:14:41 [INFO]      [2mReal:[0m 9.0 kWh   [2mHabitual:[0m 6.0 ± 0.6 kWh   [2mz:[0m +5.00   [2mdesvio:[0m +50%   [2m(2 obs. dia_util)[0m
2026-08-07 15:14:41 [INFO] 
2026-08-07 15:14:41 [INFO]   🔴 [91m[1mPT0002000068855003AK[0m  [2m[Cluster 0 (atribuido)][0m
2026-08-07 15:14:41 [INFO]      consumiu MAIS que o habitual às 05h
2026-08-07 15:14:41 [INFO]      [2mReal:[0m 9.0 kWh   [2mHabitual:[0m 6.0 ± 0.6 kWh   [2mz:[0m +5.00   [2mdesvio:[0m +50%   [2m(2 obs. dia_util)[0m
2026-08-07 15:14:41 [INFO] 
2026-08-07 15:14:41 [INFO]   🔴 [91m[1mPT0002000068857099AR[0m  [2m[Cluster 1][0m
2026-08-07 15:14:41 [INFO]      consumiu MAIS que o habitual às 01h
2026-08-07 15:14:41 [INFO]      [2mReal:[0m 6.0 kWh   [2mHabitual:[0m 4.0 ± 0.4 kWh   [2mz:[0m +5.00   [2mdesvio:[0m +50%   [2m(2 obs. dia_util)[0m
2026-08-07 15:14:41 [INFO] 
2026-08-07 15:14:41 [INFO]   🔴 [91m[1mPT0002000068857099AR[0m  [2m[Cluster 1][0m
2026-08-07 15:14:41 [INFO]      consumiu MAIS que o habitual às 04h
2026-08-07 15:14:41 [INFO]      [2mReal:[0m 6.0 kWh   [2mHabitual:[0m 4.0 ± 0.4 kWh   [2mz:[0m +5.00   [2mdesvio:[0m +50%   [2m(2 obs. dia_util)[0m
2026-08-07 15:14:41 [INFO] 
2026-08-07 15:14:41 [INFO]   🔵 [94m[1mPT0002000068858674WN[0m  [2m[Cluster 1 (atribuido)][0m
2026-08-07 15:14:41 [INFO]      consumiu MENOS que o habitual às 00h
2026-08-07 15:14:41 [INFO]      [2mReal:[0m 4.0 kWh   [2mHabitual:[0m 8.0 ± 0.8 kWh   [2mz:[0m -5.00   [2mdesvio:[0m -50%   [2m(2 obs. dia_util)[0m
2026-08-07 15:14:41 [INFO] 
2026-08-07 15:14:41 [INFO]   🔵 [94m[1mPT0002000068858674WN[0m  [2m[Cluster 1 (atribuido)][0m
2026-08-07 15:14:41 [INFO]      consumiu MENOS que o habitual às 02h
2026-08-07 15:14:41 [INFO]      [2mReal:[0m 4.0 kWh   [2mHabitual:[0m 8.0 ± 0.8 kWh   [2mz:[0m -5.00   [2mdesvio:[0m -50%   [2m(2 obs. dia_util)[0m
2026-08-07 15:14:41 [INFO] 
2026-08-07 15:14:41 [INFO]   🔵 [94m[1mPT0002000068858674WN[0m  [2m[Cluster 1 (atribuido)][0m
2026-08-07 15:14:41 [INFO]      consumiu MENOS que o habitual às 05h
2026-08-07 15:14:41 [INFO]      [2mReal:[0m 4.0 kWh   [2mHabitual:[0m 8.0 ± 0.8 kWh   [2mz:[0m -5.00   [2mdesvio:[0m -50%   [2m(2 obs. dia_util)[0m
2026-08-07 15:14:41 [INFO] 
2026-08-07 15:14:41 [INFO]   🔵 [94m[1mPT0002000068858674WN[0m  [2m[Cluster 1 (atribuido)][0m
2026-08-07 15:14:41 [INFO]      consumiu MENOS que o habitual às 07h
2026-08-07 15:14:41 [INFO]      [2mReal:[0m 4.0 kWh   [2mHabitual:[0m 8.0 ± 0.8 kWh   [2mz:[0m -5.00   [2mdesvio:[0m -50%   [2m(2 obs. dia_util)[0m
2026-08-07 15:14:41 [INFO] 
2026-08-07 15:14:41 [INFO]   🔵 [94m[1mPT0002000068858674WN[0m  [2m[Cluster 1 (atribuido)][0m
2026-08-07 15:14:41 [INFO]      consumiu MENOS que o habitual às 09h
2026-08-07 15:14:41 [INFO]      [2mReal:[0m 4.0 kWh   [2mHabitual:[0m 8.0 ± 0.8 kWh   [2mz:[0m -5.00   [2mdesvio:[0m -50%   [2m(2 obs. dia_util)[0m
2026-08-07 15:14:41 [INFO] 
2026-08-07 15:14:41 [INFO]   🔴 [91m[1mPT0002000068858674WN[0m  [2m[Cluster 1 (atribuido)][0m
2026-08-07 15:14:41 [INFO]      consumiu MAIS que o habitual às 10h
2026-08-07 15:14:41 [INFO]      [2mReal:[0m 12.0 kWh   [2mHabitual:[0m 8.0 ± 0.8 kWh   [2mz:[0m +5.00   [2mdesvio:[0m +50%   [2m(2 obs. dia_util)[0m
2026-08-07 15:14:41 [INFO] 
2026-08-07 15:14:41 [INFO]   🔵 [94m[1mPT0002000068858674WN[0m  [2m[Cluster 1 (atribuido)][0m
2026-08-07 15:14:41 [INFO]      consumiu MENOS que o habitual às 17h
2026-08-07 15:14:41 [INFO]      [2mReal:[0m 4.0 kWh   [2mHabitual:[0m 8.0 ± 0.8 kWh   [2mz:[0m -5.00   [2mdesvio:[0m -50%   [2m(2 obs. dia_util)[0m
2026-08-07 15:14:41 [INFO] 
2026-08-07 15:14:41 [INFO]   🔴 [91m[1mPT0002000075637532JB[0m  [2m[Cluster 0][0m
2026-08-07 15:14:41 [INFO]      consumiu MAIS que o habitual às 03h
2026-08-07 15:14:41 [INFO]      [2mReal:[0m 6.0 kWh   [2mHabitual:[0m 4.0 ± 0.4 kWh   [2mz:[0m +5.00   [2mdesvio:[0m +50%   [2m(2 obs. dia_util)[0m
2026-08-07 15:14:41 [INFO] 
2026-08-07 15:14:41 [INFO]   🔴 [91m[1mPT0002000075637532JB[0m  [2m[Cluster 0][0m
2026-08-07 15:14:41 [INFO]      consumiu MAIS que o habitual às 18h
2026-08-07 15:14:41 [INFO]      [2mReal:[0m 6.0 kWh   [2mHabitual:[0m 4.0 ± 0.4 kWh   [2mz:[0m +5.00   [2mdesvio:[0m +50%   [2m(2 obs. dia_util)[0m
2026-08-07 15:14:41 [INFO] 
2026-08-07 15:14:41 [INFO]   🔴 [91m[1mPT0002000078294957RQ[0m  [2m[Cluster 0][0m
2026-08-07 15:14:41 [INFO]      consumiu MAIS que o habitual às 07h
2026-08-07 15:14:41 [INFO]      [2mReal:[0m 6.0 kWh   [2mHabitual:[0m 4.0 ± 0.4 kWh   [2mz:[0m +5.00   [2mdesvio:[0m +50%   [2m(2 obs. dia_util)[0m
2026-08-07 15:14:41 [INFO] 
2026-08-07 15:14:41 [INFO]   🔴 [91m[1mPT0002000068855003AK[0m  [2m[Cluster 0 (atribuido)][0m
2026-08-07 15:14:41 [INFO]      consumiu MAIS que o habitual às 00h
2026-08-07 15:14:41 [INFO]      [2mReal:[0m 10.0 kWh   [2mHabitual:[0m 6.5 ± 0.7 kWh   [2mz:[0m +4.95   [2mdesvio:[0m +54%   [2m(2 obs. dia_util)[0m
2026-08-07 15:14:41 [INFO] 
2026-08-07 15:14:41 [INFO]   🔴 [91m[1mPT0002000068857909SY[0m  [2m[Cluster 1][0m
2026-08-07 15:14:41 [INFO]      consumiu MAIS que o habitual às 09h
2026-08-07 15:14:41 [INFO]      [2mReal:[0m 10.0 kWh   [2mHabitual:[0m 6.5 ± 0.7 kWh   [2mz:[0m +4.95   [2mdesvio:[0m +54%   [2m(2 obs. dia_util)[0m
2026-08-07 15:14:41 [INFO] 
2026-08-07 15:14:41 [INFO]   🔵 [94m[1mPT0002000078233981HJ[0m  [2m[Cluster 1][0m
2026-08-07 15:14:41 [INFO]      consumiu MENOS que o habitual às 11h
2026-08-07 15:14:41 [INFO]      [2mReal:[0m 4.0 kWh   [2mHabitual:[0m 14.5 ± 2.1 kWh   [2mz:[0m -4.95   [2mdesvio:[0m -72%   [2m(2 obs. dia_util)[0m
2026-08-07 15:14:41 [INFO] 
2026-08-07 15:14:41 [INFO]   🔴 [91m[1mPT0002000110607652SB[0m  [2m[Cluster 0][0m
2026-08-07 15:14:41 [INFO]      consumiu MAIS que o habitual às 00h
2026-08-07 15:14:41 [INFO]      [2mReal:[0m 28.0 kWh   [2mHabitual:[0m 14.0 ± 2.8 kWh   [2mz:[0m +4.95   [2mdesvio:[0m +100%   [2m(2 obs. dia_util)[0m
2026-08-07 15:14:41 [INFO] 
2026-08-07 15:14:41 [INFO]   🔴 [91m[1mPT0002000110607652SB[0m  [2m[Cluster 0][0m
2026-08-07 15:14:41 [INFO]      consumiu MAIS que o habitual às 01h
2026-08-07 15:14:41 [INFO]      [2mReal:[0m 24.0 kWh   [2mHabitual:[0m 10.0 ± 2.8 kWh   [2mz:[0m +4.95   [2mdesvio:[0m +140%   [2m(2 obs. dia_util)[0m
2026-08-07 15:14:41 [INFO] 
2026-08-07 15:14:41 [INFO]   🔴 [91m[1mPT0002000110607652SB[0m  [2m[Cluster 0][0m
2026-08-07 15:14:41 [INFO]      consumiu MAIS que o habitual às 06h
2026-08-07 15:14:41 [INFO]      [2mReal:[0m 24.0 kWh   [2mHabitual:[0m 10.0 ± 2.8 kWh   [2mz:[0m +4.95   [2mdesvio:[0m +140%   [2m(2 obs. dia_util)[0m
2026-08-07 15:14:41 [INFO] 
2026-08-07 15:14:41 [INFO]   🔴 [91m[1mPT0002000201038711LS[0m  [2m[Cluster 1 (atribuido)][0m
2026-08-07 15:14:41 [INFO]      consumiu MAIS que o habitual às 00h
2026-08-07 15:14:41 [INFO]      [2mReal:[0m 27.0 kWh   [2mHabitual:[0m 3.5 ± 5.0 kWh   [2mz:[0m +4.75   [2mdesvio:[0m +671%   [2m(2 obs. dia_util)[0m
2026-08-07 15:14:41 [INFO] 
2026-08-07 15:14:41 [INFO]   🔴 [91m[1mPT0002000081344542CP[0m  [2m[Cluster 1][0m
2026-08-07 15:14:41 [INFO]      consumiu MAIS que o habitual às 13h
2026-08-07 15:14:41 [INFO]      [2mReal:[0m 24.0 kWh   [2mHabitual:[0m 7.5 ± 3.5 kWh   [2mz:[0m +4.67   [2mdesvio:[0m +220%   [2m(2 obs. dia_util)[0m
2026-08-07 15:14:41 [INFO] 
2026-08-07 15:14:41 [INFO]   🔴 [91m[1mPT0002000068859325FL[0m  [2m[Cluster 1][0m
2026-08-07 15:14:41 [INFO]      consumiu MAIS que o habitual às 19h
2026-08-07 15:14:41 [INFO]      [2mReal:[0m 120.0 kWh   [2mHabitual:[0m 82.0 ± 8.2 kWh   [2mz:[0m +4.63   [2mdesvio:[0m +46%   [2m(2 obs. dia_util)[0m
2026-08-07 15:14:41 [INFO] 
2026-08-07 15:14:41 [INFO]   🔴 [91m[1mPT0002000068859187RL[0m  [2m[Cluster 0][0m
2026-08-07 15:14:41 [INFO]      consumiu MAIS que o habitual às 13h
2026-08-07 15:14:41 [INFO]      [2mReal:[0m 59.0 kWh   [2mHabitual:[0m 40.5 ± 4.0 kWh   [2mz:[0m +4.57   [2mdesvio:[0m +46%   [2m(2 obs. dia_util)[0m
2026-08-07 15:14:41 [INFO] 
2026-08-07 15:14:41 [INFO]   🔴 [91m[1mPT0002000073573036KH[0m  [2m[Cluster 0 (atribuido)][0m
2026-08-07 15:14:41 [INFO]      consumiu MAIS que o habitual às 16h
2026-08-07 15:14:41 [INFO]      [2mReal:[0m 201.0 kWh   [2mHabitual:[0m 140.0 ± 14.0 kWh   [2mz:[0m +4.36   [2mdesvio:[0m +44%   [2m(2 obs. dia_util)[0m
2026-08-07 15:14:41 [INFO] 
2026-08-07 15:14:41 [INFO]   🔵 [94m[1mPT0002000068859393XH[0m  [2m[Cluster 1][0m
2026-08-07 15:14:41 [INFO]      consumiu MENOS que o habitual às 06h
2026-08-07 15:14:41 [INFO]      [2mReal:[0m 17.0 kWh   [2mHabitual:[0m 30.0 ± 3.0 kWh   [2mz:[0m -4.33   [2mdesvio:[0m -43%   [2m(2 obs. dia_util)[0m
2026-08-07 15:14:41 [INFO] 
2026-08-07 15:14:41 [INFO]   🔴 [91m[1mPT0002000073573036KH[0m  [2m[Cluster 0 (atribuido)][0m
2026-08-07 15:14:41 [INFO]      consumiu MAIS que o habitual às 18h
2026-08-07 15:14:41 [INFO]      [2mReal:[0m 207.0 kWh   [2mHabitual:[0m 145.0 ± 14.5 kWh   [2mz:[0m +4.28   [2mdesvio:[0m +43%   [2m(2 obs. dia_util)[0m
2026-08-07 15:14:41 [INFO] 
2026-08-07 15:14:41 [INFO]   🔴 [91m[1mPT0002000068859187RL[0m  [2m[Cluster 0][0m
2026-08-07 15:14:41 [INFO]      consumiu MAIS que o habitual às 12h
2026-08-07 15:14:41 [INFO]      [2mReal:[0m 57.0 kWh   [2mHabitual:[0m 39.0 ± 4.2 kWh   [2mz:[0m +4.24   [2mdesvio:[0m +46%   [2m(2 obs. dia_util)[0m
2026-08-07 15:14:41 [INFO] 
2026-08-07 15:14:41 [INFO]   🔵 [94m[1mPT0002000078140706BA[0m  [2m[Cluster 1 (atribuido)][0m
2026-08-07 15:14:41 [INFO]      consumiu MENOS que o habitual às 07h
2026-08-07 15:14:41 [INFO]      [2mReal:[0m 30.0 kWh   [2mHabitual:[0m 52.0 ± 5.2 kWh   [2mz:[0m -4.23   [2mdesvio:[0m -42%   [2m(2 obs. dia_util)[0m
2026-08-07 15:14:41 [INFO] 
2026-08-07 15:14:41 [INFO]   🔴 [91m[1mPT0002000073573036KH[0m  [2m[Cluster 0 (atribuido)][0m
2026-08-07 15:14:41 [INFO]      consumiu MAIS que o habitual às 17h
2026-08-07 15:14:41 [INFO]      [2mReal:[0m 208.0 kWh   [2mHabitual:[0m 146.5 ± 14.7 kWh   [2mz:[0m +4.20   [2mdesvio:[0m +42%   [2m(2 obs. dia_util)[0m
2026-08-07 15:14:41 [INFO] 
2026-08-07 15:14:41 [INFO]   🔴 [91m[1mPT0002000068855003AK[0m  [2m[Cluster 0 (atribuido)][0m
2026-08-07 15:14:41 [INFO]      consumiu MAIS que o habitual às 15h
2026-08-07 15:14:41 [INFO]      [2mReal:[0m 68.0 kWh   [2mHabitual:[0m 48.0 ± 4.8 kWh   [2mz:[0m +4.17   [2mdesvio:[0m +42%   [2m(2 obs. dia_util)[0m
2026-08-07 15:14:41 [INFO] 
2026-08-07 15:14:41 [INFO]   🔴 [91m[1mPT0002000101964938LF[0m  [2m[Cluster 0][0m
2026-08-07 15:14:41 [INFO]      consumiu MAIS que o habitual às 21h
2026-08-07 15:14:41 [INFO]      [2mReal:[0m 18.0 kWh   [2mHabitual:[0m 9.3 ± 2.1 kWh   [2mz:[0m +4.16   [2mdesvio:[0m +93%   [2m(3 obs. dia_util)[0m
2026-08-07 15:14:41 [INFO] 
2026-08-07 15:14:41 [INFO]   🔴 [91m[1mPT0002000068859325FL[0m  [2m[Cluster 1][0m
2026-08-07 15:14:41 [INFO]      consumiu MAIS que o habitual às 08h
2026-08-07 15:14:41 [INFO]      [2mReal:[0m 96.0 kWh   [2mHabitual:[0m 68.0 ± 6.8 kWh   [2mz:[0m +4.12   [2mdesvio:[0m +41%   [2m(2 obs. dia_util)[0m
2026-08-07 15:14:41 [INFO] 
2026-08-07 15:14:41 [INFO]   🔴 [91m[1mPT0002000073720434JD[0m  [2m[Cluster 1 (atribuido)][0m
2026-08-07 15:14:41 [INFO]      consumiu MAIS que o habitual às 15h
2026-08-07 15:14:41 [INFO]      [2mReal:[0m 31.0 kWh   [2mHabitual:[0m 22.0 ± 2.2 kWh   [2mz:[0m +4.09   [2mdesvio:[0m +41%   [2m(2 obs. dia_util)[0m
2026-08-07 15:14:41 [INFO] 
2026-08-07 15:14:41 [INFO]   🔴 [91m[1mPT0002000068859187RL[0m  [2m[Cluster 0][0m
2026-08-07 15:14:41 [INFO]      consumiu MAIS que o habitual às 10h
2026-08-07 15:14:41 [INFO]      [2mReal:[0m 60.0 kWh   [2mHabitual:[0m 43.0 ± 4.3 kWh   [2mz:[0m +3.95   [2mdesvio:[0m +40%   [2m(2 obs. dia_util)[0m
2026-08-07 15:14:41 [INFO] 
2026-08-07 15:14:41 [INFO]   🔴 [91m[1mPT0002000073573036KH[0m  [2m[Cluster 0 (atribuido)][0m
2026-08-07 15:14:41 [INFO]      consumiu MAIS que o habitual às 19h
2026-08-07 15:14:41 [INFO]      [2mReal:[0m 197.0 kWh   [2mHabitual:[0m 141.5 ± 14.2 kWh   [2mz:[0m +3.92   [2mdesvio:[0m +39%   [2m(2 obs. dia_util)[0m
2026-08-07 15:14:41 [INFO] 
2026-08-07 15:14:41 [INFO]   🔴 [91m[1mPT0002000079469719HF[0m  [2m[Cluster 1 (atribuido)][0m
2026-08-07 15:14:41 [INFO]      consumiu MAIS que o habitual às 21h
2026-08-07 15:14:41 [INFO]      [2mReal:[0m 159.0 kWh   [2mHabitual:[0m 39.3 ± 30.9 kWh   [2mz:[0m +3.87   [2mdesvio:[0m +304%   [2m(3 obs. dia_util)[0m
2026-08-07 15:14:41 [INFO] 
2026-08-07 15:14:41 [INFO]   🔴 [91m[1mPT0002000073573036KH[0m  [2m[Cluster 0 (atribuido)][0m
2026-08-07 15:14:41 [INFO]      consumiu MAIS que o habitual às 14h
2026-08-07 15:14:41 [INFO]      [2mReal:[0m 199.0 kWh   [2mHabitual:[0m 144.0 ± 14.4 kWh   [2mz:[0m +3.82   [2mdesvio:[0m +38%   [2m(2 obs. dia_util)[0m
2026-08-07 15:14:41 [INFO] 
2026-08-07 15:14:41 [INFO]   🔴 [91m[1mPT0002000068855003AK[0m  [2m[Cluster 0 (atribuido)][0m
2026-08-07 15:14:41 [INFO]      consumiu MAIS que o habitual às 01h
2026-08-07 15:14:41 [INFO]      [2mReal:[0m 9.0 kWh   [2mHabitual:[0m 6.5 ± 0.7 kWh   [2mz:[0m +3.54   [2mdesvio:[0m +38%   [2m(2 obs. dia_util)[0m
2026-08-07 15:14:41 [INFO] 
2026-08-07 15:14:41 [INFO]   🔴 [91m[1mPT0002000068855003AK[0m  [2m[Cluster 0 (atribuido)][0m
2026-08-07 15:14:41 [INFO]      consumiu MAIS que o habitual às 02h
2026-08-07 15:14:41 [INFO]      [2mReal:[0m 9.0 kWh   [2mHabitual:[0m 6.5 ± 0.7 kWh   [2mz:[0m +3.54   [2mdesvio:[0m +38%   [2m(2 obs. dia_util)[0m
2026-08-07 15:14:41 [INFO] 
2026-08-07 15:14:41 [INFO]   🔴 [91m[1mPT0002000068855003AK[0m  [2m[Cluster 0 (atribuido)][0m
2026-08-07 15:14:41 [INFO]      consumiu MAIS que o habitual às 03h
2026-08-07 15:14:41 [INFO]      [2mReal:[0m 9.0 kWh   [2mHabitual:[0m 6.5 ± 0.7 kWh   [2mz:[0m +3.54   [2mdesvio:[0m +38%   [2m(2 obs. dia_util)[0m
2026-08-07 15:14:41 [INFO] 
2026-08-07 15:14:41 [INFO]   🔴 [91m[1mPT0002000068855003AK[0m  [2m[Cluster 0 (atribuido)][0m
2026-08-07 15:14:41 [INFO]      consumiu MAIS que o habitual às 06h
2026-08-07 15:14:41 [INFO]      [2mReal:[0m 9.0 kWh   [2mHabitual:[0m 6.5 ± 0.7 kWh   [2mz:[0m +3.54   [2mdesvio:[0m +38%   [2m(2 obs. dia_util)[0m
2026-08-07 15:14:41 [INFO] 
2026-08-07 15:14:41 [INFO]   🔵 [94m[1mPT0002000105483259QH[0m  [2m[Cluster 1][0m
2026-08-07 15:14:41 [INFO]      consumiu MENOS que o habitual às 20h
2026-08-07 15:14:41 [INFO]      [2mReal:[0m 0.0 kWh   [2mHabitual:[0m 2.5 ± 0.7 kWh   [2mz:[0m -3.54   [2mdesvio:[0m -100%   [2m(2 obs. dia_util)[0m
2026-08-07 15:14:41 [INFO] 
2026-08-07 15:14:41 [INFO]   🔴 [91m[1mPT0002000110607652SB[0m  [2m[Cluster 0][0m
2026-08-07 15:14:41 [INFO]      consumiu MAIS que o habitual às 04h
2026-08-07 15:14:41 [INFO]      [2mReal:[0m 24.0 kWh   [2mHabitual:[0m 14.0 ± 2.8 kWh   [2mz:[0m +3.54   [2mdesvio:[0m +71%   [2m(2 obs. dia_util)[0m
2026-08-07 15:14:41 [INFO] 
2026-08-07 15:14:41 [INFO]   🔴 [91m[1mPT0002000125701614SQ[0m  [2m[Cluster 1 (atribuido)][0m
2026-08-07 15:14:41 [INFO]      consumiu MAIS que o habitual às 17h
2026-08-07 15:14:41 [INFO]      [2mReal:[0m 52.0 kWh   [2mHabitual:[0m 37.0 ± 4.2 kWh   [2mz:[0m +3.54   [2mdesvio:[0m +41%   [2m(2 obs. dia_util)[0m
2026-08-07 15:14:41 [INFO] 
2026-08-07 15:14:41 [INFO]   🔴 [91m[1mPT0002000073720434JD[0m  [2m[Cluster 1 (atribuido)][0m
2026-08-07 15:14:41 [INFO]      consumiu MAIS que o habitual às 16h
2026-08-07 15:14:41 [INFO]      [2mReal:[0m 31.0 kWh   [2mHabitual:[0m 23.0 ± 2.3 kWh   [2mz:[0m +3.48   [2mdesvio:[0m +35%   [2m(2 obs. dia_util)[0m
2026-08-07 15:14:41 [INFO] 
2026-08-07 15:14:41 [INFO]   🔴 [91m[1mPT0002000068856655YV[0m  [2m[Cluster 0][0m
2026-08-07 15:14:41 [INFO]      consumiu MAIS que o habitual às 02h
2026-08-07 15:14:41 [INFO]      [2mReal:[0m 3.0 kWh   [2mHabitual:[0m 2.0 ± 0.3 kWh   [2mz:[0m +3.33   [2mdesvio:[0m +50%   [2m(2 obs. dia_util)[0m
2026-08-07 15:14:41 [INFO] 
2026-08-07 15:14:41 [INFO]   🔴 [91m[1mPT0002000068856655YV[0m  [2m[Cluster 0][0m
2026-08-07 15:14:41 [INFO]      consumiu MAIS que o habitual às 04h
2026-08-07 15:14:41 [INFO]      [2mReal:[0m 3.0 kWh   [2mHabitual:[0m 2.0 ± 0.3 kWh   [2mz:[0m +3.33   [2mdesvio:[0m +50%   [2m(2 obs. dia_util)[0m
2026-08-07 15:14:41 [INFO] 
2026-08-07 15:14:41 [INFO]   🔴 [91m[1mPT0002000068856655YV[0m  [2m[Cluster 0][0m
2026-08-07 15:14:41 [INFO]      consumiu MAIS que o habitual às 23h
2026-08-07 15:14:41 [INFO]      [2mReal:[0m 3.0 kWh   [2mHabitual:[0m 2.0 ± 0.3 kWh   [2mz:[0m +3.33   [2mdesvio:[0m +50%   [2m(3 obs. dia_util)[0m
2026-08-07 15:14:41 [INFO] 
2026-08-07 15:14:41 [INFO]   🔴 [91m[1mPT0002000068856872QG[0m  [2m[Cluster 1][0m
2026-08-07 15:14:41 [INFO]      consumiu MAIS que o habitual às 08h
2026-08-07 15:14:41 [INFO]      [2mReal:[0m 1.0 kWh   [2mHabitual:[0m 0.0 ± 0.3 kWh   [2mz:[0m +3.33   [2mdesvio:[0m +100000%   [2m(2 obs. dia_util)[0m
2026-08-07 15:14:41 [INFO] 
2026-08-07 15:14:41 [INFO]   🔴 [91m[1mPT0002000068856952LS[0m  [2m[Cluster 2][0m
2026-08-07 15:14:41 [INFO]      consumiu MAIS que o habitual às 17h
2026-08-07 15:14:41 [INFO]      [2mReal:[0m 1.0 kWh   [2mHabitual:[0m 0.0 ± 0.3 kWh   [2mz:[0m +3.33   [2mdesvio:[0m +100000%   [2m(2 obs. dia_util)[0m
2026-08-07 15:14:41 [INFO] 
2026-08-07 15:14:41 [INFO]   🔴 [91m[1mPT0002000071896778MT[0m  [2m[Cluster 0][0m
2026-08-07 15:14:41 [INFO]      consumiu MAIS que o habitual às 07h
2026-08-07 15:14:41 [INFO]      [2mReal:[0m 3.0 kWh   [2mHabitual:[0m 2.0 ± 0.3 kWh   [2mz:[0m +3.33   [2mdesvio:[0m +50%   [2m(2 obs. dia_util)[0m
2026-08-07 15:14:41 [INFO] 
2026-08-07 15:14:41 [INFO]   🔵 [94m[1mPT0002000071896778MT[0m  [2m[Cluster 0][0m
2026-08-07 15:14:41 [INFO]      consumiu MENOS que o habitual às 08h
2026-08-07 15:14:41 [INFO]      [2mReal:[0m 2.0 kWh   [2mHabitual:[0m 3.0 ± 0.3 kWh   [2mz:[0m -3.33   [2mdesvio:[0m -33%   [2m(2 obs. dia_util)[0m
2026-08-07 15:14:41 [INFO] 
2026-08-07 15:14:41 [INFO]   🔴 [91m[1mPT0002000071896778MT[0m  [2m[Cluster 0][0m
2026-08-07 15:14:41 [INFO]      consumiu MAIS que o habitual às 16h
2026-08-07 15:14:41 [INFO]      [2mReal:[0m 3.0 kWh   [2mHabitual:[0m 2.0 ± 0.3 kWh   [2mz:[0m +3.33   [2mdesvio:[0m +50%   [2m(2 obs. dia_util)[0m
2026-08-07 15:14:41 [INFO] 
2026-08-07 15:14:41 [INFO]   🔵 [94m[1mPT0002000071896778MT[0m  [2m[Cluster 0][0m
2026-08-07 15:14:41 [INFO]      consumiu MENOS que o habitual às 17h
2026-08-07 15:14:41 [INFO]      [2mReal:[0m 2.0 kWh   [2mHabitual:[0m 3.0 ± 0.3 kWh   [2mz:[0m -3.33   [2mdesvio:[0m -33%   [2m(2 obs. dia_util)[0m
2026-08-07 15:14:41 [INFO] 
2026-08-07 15:14:41 [INFO]   🔴 [91m[1mPT0002000071896778MT[0m  [2m[Cluster 0][0m
2026-08-07 15:14:41 [INFO]      consumiu MAIS que o habitual às 19h
2026-08-07 15:14:41 [INFO]      [2mReal:[0m 3.0 kWh   [2mHabitual:[0m 2.0 ± 0.3 kWh   [2mz:[0m +3.33   [2mdesvio:[0m +50%   [2m(2 obs. dia_util)[0m
2026-08-07 15:14:41 [INFO] 
2026-08-07 15:14:41 [INFO]   🔵 [94m[1mPT0002000071896778MT[0m  [2m[Cluster 0][0m
2026-08-07 15:14:41 [INFO]      consumiu MENOS que o habitual às 20h
2026-08-07 15:14:41 [INFO]      [2mReal:[0m 2.0 kWh   [2mHabitual:[0m 3.0 ± 0.3 kWh   [2mz:[0m -3.33   [2mdesvio:[0m -33%   [2m(2 obs. dia_util)[0m
2026-08-07 15:14:41 [INFO] 
2026-08-07 15:14:41 [INFO]   🔵 [94m[1mPT0002000078207354XC[0m  [2m[Cluster 1][0m
2026-08-07 15:14:41 [INFO]      consumiu MENOS que o habitual às 02h
2026-08-07 15:14:41 [INFO]      [2mReal:[0m 1.0 kWh   [2mHabitual:[0m 2.0 ± 0.3 kWh   [2mz:[0m -3.33   [2mdesvio:[0m -50%   [2m(2 obs. dia_util)[0m
2026-08-07 15:14:41 [INFO] 
2026-08-07 15:14:41 [INFO]   🔵 [94m[1mPT0002000078207354XC[0m  [2m[Cluster 1][0m
2026-08-07 15:14:41 [INFO]      consumiu MENOS que o habitual às 05h
2026-08-07 15:14:41 [INFO]      [2mReal:[0m 1.0 kWh   [2mHabitual:[0m 2.0 ± 0.3 kWh   [2mz:[0m -3.33   [2mdesvio:[0m -50%   [2m(2 obs. dia_util)[0m
2026-08-07 15:14:41 [INFO] 
2026-08-07 15:14:41 [INFO]   🔴 [91m[1mPT0002000078207354XC[0m  [2m[Cluster 1][0m
2026-08-07 15:14:41 [INFO]      consumiu MAIS que o habitual às 09h
2026-08-07 15:14:41 [INFO]      [2mReal:[0m 2.0 kWh   [2mHabitual:[0m 1.0 ± 0.3 kWh   [2mz:[0m +3.33   [2mdesvio:[0m +100%   [2m(2 obs. dia_util)[0m
2026-08-07 15:14:41 [INFO] 
2026-08-07 15:14:41 [INFO]   🔵 [94m[1mPT0002000078207354XC[0m  [2m[Cluster 1][0m
2026-08-07 15:14:41 [INFO]      consumiu MENOS que o habitual às 10h
2026-08-07 15:14:41 [INFO]      [2mReal:[0m 1.0 kWh   [2mHabitual:[0m 2.0 ± 0.3 kWh   [2mz:[0m -3.33   [2mdesvio:[0m -50%   [2m(2 obs. dia_util)[0m
2026-08-07 15:14:41 [INFO] 
2026-08-07 15:14:41 [INFO]   🔵 [94m[1mPT0002000078207354XC[0m  [2m[Cluster 1][0m
2026-08-07 15:14:41 [INFO]      consumiu MENOS que o habitual às 13h
2026-08-07 15:14:41 [INFO]      [2mReal:[0m 1.0 kWh   [2mHabitual:[0m 2.0 ± 0.3 kWh   [2mz:[0m -3.33   [2mdesvio:[0m -50%   [2m(2 obs. dia_util)[0m
2026-08-07 15:14:41 [INFO] 
2026-08-07 15:14:41 [INFO]   🔵 [94m[1mPT0002000078207354XC[0m  [2m[Cluster 1][0m
2026-08-07 15:14:41 [INFO]      consumiu MENOS que o habitual às 16h
2026-08-07 15:14:41 [INFO]      [2mReal:[0m 1.0 kWh   [2mHabitual:[0m 2.0 ± 0.3 kWh   [2mz:[0m -3.33   [2mdesvio:[0m -50%   [2m(2 obs. dia_util)[0m
2026-08-07 15:14:41 [INFO] 
2026-08-07 15:14:41 [INFO]   🔵 [94m[1mPT0002000078207354XC[0m  [2m[Cluster 1][0m
2026-08-07 15:14:41 [INFO]      consumiu MENOS que o habitual às 19h
2026-08-07 15:14:41 [INFO]      [2mReal:[0m 1.0 kWh   [2mHabitual:[0m 2.0 ± 0.3 kWh   [2mz:[0m -3.33   [2mdesvio:[0m -50%   [2m(2 obs. dia_util)[0m
2026-08-07 15:14:41 [INFO] 
2026-08-07 15:14:41 [INFO]   🔴 [91m[1mPT0002000078207354XC[0m  [2m[Cluster 1][0m
2026-08-07 15:14:41 [INFO]      consumiu MAIS que o habitual às 20h
2026-08-07 15:14:41 [INFO]      [2mReal:[0m 2.0 kWh   [2mHabitual:[0m 1.0 ± 0.3 kWh   [2mz:[0m +3.33   [2mdesvio:[0m +100%   [2m(2 obs. dia_util)[0m
2026-08-07 15:14:41 [INFO] 
2026-08-07 15:14:41 [INFO]   🔵 [94m[1mPT0002000078207354XC[0m  [2m[Cluster 1][0m
2026-08-07 15:14:41 [INFO]      consumiu MENOS que o habitual às 21h
2026-08-07 15:14:41 [INFO]      [2mReal:[0m 1.0 kWh   [2mHabitual:[0m 2.0 ± 0.3 kWh   [2mz:[0m -3.33   [2mdesvio:[0m -50%   [2m(3 obs. dia_util)[0m
2026-08-07 15:14:41 [INFO] 
2026-08-07 15:14:41 [INFO]   🔵 [94m[1mPT0002000078233981HJ[0m  [2m[Cluster 1][0m
2026-08-07 15:14:41 [INFO]      consumiu MENOS que o habitual às 06h
2026-08-07 15:14:41 [INFO]      [2mReal:[0m 1.0 kWh   [2mHabitual:[0m 2.0 ± 0.3 kWh   [2mz:[0m -3.33   [2mdesvio:[0m -50%   [2m(2 obs. dia_util)[0m
2026-08-07 15:14:41 [INFO] 
2026-08-07 15:14:41 [INFO]   🔴 [91m[1mPT0002000103647515BL[0m  [2m[Cluster 1 (atribuido)][0m
2026-08-07 15:14:41 [INFO]      consumiu MAIS que o habitual às 00h
2026-08-07 15:14:41 [INFO]      [2mReal:[0m 2.0 kWh   [2mHabitual:[0m 1.0 ± 0.3 kWh   [2mz:[0m +3.33   [2mdesvio:[0m +100%   [2m(2 obs. dia_util)[0m
2026-08-07 15:14:41 [INFO] 
2026-08-07 15:14:41 [INFO]   🔴 [91m[1mPT0002000103647515BL[0m  [2m[Cluster 1 (atribuido)][0m
2026-08-07 15:14:41 [INFO]      consumiu MAIS que o habitual às 20h
2026-08-07 15:14:41 [INFO]      [2mReal:[0m 3.0 kWh   [2mHabitual:[0m 2.0 ± 0.3 kWh   [2mz:[0m +3.33   [2mdesvio:[0m +50%   [2m(2 obs. dia_util)[0m
2026-08-07 15:14:41 [INFO] 
2026-08-07 15:14:41 [INFO]   🔴 [91m[1mPT0002000103647515BL[0m  [2m[Cluster 1 (atribuido)][0m
2026-08-07 15:14:41 [INFO]      consumiu MAIS que o habitual às 23h
2026-08-07 15:14:41 [INFO]      [2mReal:[0m 3.0 kWh   [2mHabitual:[0m 2.0 ± 0.3 kWh   [2mz:[0m +3.33   [2mdesvio:[0m +50%   [2m(3 obs. dia_util)[0m
2026-08-07 15:14:41 [INFO] 
2026-08-07 15:14:41 [INFO]   🔴 [91m[1mPT0002000105483259QH[0m  [2m[Cluster 1][0m
2026-08-07 15:14:41 [INFO]      consumiu MAIS que o habitual às 04h
2026-08-07 15:14:41 [INFO]      [2mReal:[0m 1.0 kWh   [2mHabitual:[0m 0.0 ± 0.3 kWh   [2mz:[0m +3.33   [2mdesvio:[0m +100000%   [2m(2 obs. dia_util)[0m
2026-08-07 15:14:41 [INFO] 
2026-08-07 15:14:41 [INFO]   🔵 [94m[1mPT0002000105483259QH[0m  [2m[Cluster 1][0m
2026-08-07 15:14:41 [INFO]      consumiu MENOS que o habitual às 06h
2026-08-07 15:14:41 [INFO]      [2mReal:[0m 0.0 kWh   [2mHabitual:[0m 1.0 ± 0.3 kWh   [2mz:[0m -3.33   [2mdesvio:[0m -100%   [2m(2 obs. dia_util)[0m
2026-08-07 15:14:41 [INFO] 
2026-08-07 15:14:41 [INFO]   🔴 [91m[1mPT0002000105483259QH[0m  [2m[Cluster 1][0m
2026-08-07 15:14:41 [INFO]      consumiu MAIS que o habitual às 07h
2026-08-07 15:14:41 [INFO]      [2mReal:[0m 1.0 kWh   [2mHabitual:[0m 0.0 ± 0.3 kWh   [2mz:[0m +3.33   [2mdesvio:[0m +100000%   [2m(2 obs. dia_util)[0m
2026-08-07 15:14:41 [INFO] 
2026-08-07 15:14:41 [INFO]   🔵 [94m[1mPT0002000105483259QH[0m  [2m[Cluster 1][0m
2026-08-07 15:14:41 [INFO]      consumiu MENOS que o habitual às 09h
2026-08-07 15:14:41 [INFO]      [2mReal:[0m 0.0 kWh   [2mHabitual:[0m 1.0 ± 0.3 kWh   [2mz:[0m -3.33   [2mdesvio:[0m -100%   [2m(2 obs. dia_util)[0m
2026-08-07 15:14:41 [INFO] 
2026-08-07 15:14:41 [INFO]   🔴 [91m[1mPT0002000105483259QH[0m  [2m[Cluster 1][0m
2026-08-07 15:14:41 [INFO]      consumiu MAIS que o habitual às 10h
2026-08-07 15:14:41 [INFO]      [2mReal:[0m 1.0 kWh   [2mHabitual:[0m 0.0 ± 0.3 kWh   [2mz:[0m +3.33   [2mdesvio:[0m +100000%   [2m(2 obs. dia_util)[0m
2026-08-07 15:14:41 [INFO] 
2026-08-07 15:14:41 [INFO]   🔴 [91m[1mPT0002000107046231FW[0m  [2m[Cluster 0][0m
2026-08-07 15:14:41 [INFO]      consumiu MAIS que o habitual às 04h
2026-08-07 15:14:41 [INFO]      [2mReal:[0m 4.0 kWh   [2mHabitual:[0m 3.0 ± 0.3 kWh   [2mz:[0m +3.33   [2mdesvio:[0m +33%   [2m(2 obs. dia_util)[0m
2026-08-07 15:14:41 [INFO] 
2026-08-07 15:14:41 [INFO]   🔴 [91m[1mPT0002000107046231FW[0m  [2m[Cluster 0][0m
2026-08-07 15:14:41 [INFO]      consumiu MAIS que o habitual às 05h
2026-08-07 15:14:41 [INFO]      [2mReal:[0m 4.0 kWh   [2mHabitual:[0m 3.0 ± 0.3 kWh   [2mz:[0m +3.33   [2mdesvio:[0m +33%   [2m(2 obs. dia_util)[0m
2026-08-07 15:14:41 [INFO] 
2026-08-07 15:14:41 [INFO]   🔴 [91m[1mPT0002000107046231FW[0m  [2m[Cluster 0][0m
2026-08-07 15:14:41 [INFO]      consumiu MAIS que o habitual às 09h
2026-08-07 15:14:41 [INFO]      [2mReal:[0m 4.0 kWh   [2mHabitual:[0m 3.0 ± 0.3 kWh   [2mz:[0m +3.33   [2mdesvio:[0m +33%   [2m(2 obs. dia_util)[0m
2026-08-07 15:14:41 [INFO] 
2026-08-07 15:14:41 [INFO]   🔴 [91m[1mPT0002000107046231FW[0m  [2m[Cluster 0][0m
2026-08-07 15:14:41 [INFO]      consumiu MAIS que o habitual às 12h
2026-08-07 15:14:41 [INFO]      [2mReal:[0m 2.0 kWh   [2mHabitual:[0m 1.0 ± 0.3 kWh   [2mz:[0m +3.33   [2mdesvio:[0m +100%   [2m(2 obs. dia_util)[0m
2026-08-07 15:14:41 [INFO] 
2026-08-07 15:14:41 [INFO]   🔴 [91m[1mPT0002000109837807PE[0m  [2m[Cluster 1][0m
2026-08-07 15:14:41 [INFO]      consumiu MAIS que o habitual às 07h
2026-08-07 15:14:41 [INFO]      [2mReal:[0m 4.0 kWh   [2mHabitual:[0m 3.0 ± 0.3 kWh   [2mz:[0m +3.33   [2mdesvio:[0m +33%   [2m(2 obs. dia_util)[0m
2026-08-07 15:14:41 [INFO] 
2026-08-07 15:14:41 [INFO]   🔴 [91m[1mPT0002000115031201VQ[0m  [2m[Cluster 0][0m
2026-08-07 15:14:41 [INFO]      consumiu MAIS que o habitual às 01h
2026-08-07 15:14:41 [INFO]      [2mReal:[0m 4.0 kWh   [2mHabitual:[0m 3.0 ± 0.3 kWh   [2mz:[0m +3.33   [2mdesvio:[0m +33%   [2m(2 obs. dia_util)[0m
2026-08-07 15:14:41 [INFO] 
2026-08-07 15:14:41 [INFO]   🔴 [91m[1mPT0002000115031201VQ[0m  [2m[Cluster 0][0m
2026-08-07 15:14:41 [INFO]      consumiu MAIS que o habitual às 03h
2026-08-07 15:14:41 [INFO]      [2mReal:[0m 4.0 kWh   [2mHabitual:[0m 3.0 ± 0.3 kWh   [2mz:[0m +3.33   [2mdesvio:[0m +33%   [2m(2 obs. dia_util)[0m
2026-08-07 15:14:41 [INFO] 
2026-08-07 15:14:41 [INFO]   🔴 [91m[1mPT0002000115673471CB[0m  [2m[Cluster 0][0m
2026-08-07 15:14:41 [INFO]      consumiu MAIS que o habitual às 05h
2026-08-07 15:14:41 [INFO]      [2mReal:[0m 16.0 kWh   [2mHabitual:[0m 12.0 ± 1.2 kWh   [2mz:[0m +3.33   [2mdesvio:[0m +33%   [2m(2 obs. dia_util)[0m
2026-08-07 15:14:41 [INFO] 
2026-08-07 15:14:41 [INFO]   🔴 [91m[1mPT0002000119303492KB[0m  [2m[Cluster 0][0m
2026-08-07 15:14:41 [INFO]      consumiu MAIS que o habitual às 08h
2026-08-07 15:14:41 [INFO]      [2mReal:[0m 3.0 kWh   [2mHabitual:[0m 2.0 ± 0.3 kWh   [2mz:[0m +3.33   [2mdesvio:[0m +50%   [2m(2 obs. dia_util)[0m
2026-08-07 15:14:41 [INFO] 
2026-08-07 15:14:41 [INFO]   🔵 [94m[1mPT0002000119303492KB[0m  [2m[Cluster 0][0m
2026-08-07 15:14:41 [INFO]      consumiu MENOS que o habitual às 09h
2026-08-07 15:14:41 [INFO]      [2mReal:[0m 2.0 kWh   [2mHabitual:[0m 3.0 ± 0.3 kWh   [2mz:[0m -3.33   [2mdesvio:[0m -33%   [2m(2 obs. dia_util)[0m
2026-08-07 15:14:41 [INFO] 
2026-08-07 15:14:41 [INFO]   🔵 [94m[1mPT0002000119303492KB[0m  [2m[Cluster 0][0m
2026-08-07 15:14:41 [INFO]      consumiu MENOS que o habitual às 12h
2026-08-07 15:14:41 [INFO]      [2mReal:[0m 2.0 kWh   [2mHabitual:[0m 3.0 ± 0.3 kWh   [2mz:[0m -3.33   [2mdesvio:[0m -33%   [2m(2 obs. dia_util)[0m
2026-08-07 15:14:41 [INFO] 
2026-08-07 15:14:41 [INFO]   🔴 [91m[1mPT0002000119303492KB[0m  [2m[Cluster 0][0m
2026-08-07 15:14:41 [INFO]      consumiu MAIS que o habitual às 19h
2026-08-07 15:14:41 [INFO]      [2mReal:[0m 4.0 kWh   [2mHabitual:[0m 3.0 ± 0.3 kWh   [2mz:[0m +3.33   [2mdesvio:[0m +33%   [2m(2 obs. dia_util)[0m
2026-08-07 15:14:41 [INFO] 
2026-08-07 15:14:41 [INFO]   🔴 [91m[1mPT0002000123648159KR[0m  [2m[Cluster 0][0m
2026-08-07 15:14:41 [INFO]      consumiu MAIS que o habitual às 05h
2026-08-07 15:14:41 [INFO]      [2mReal:[0m 3.0 kWh   [2mHabitual:[0m 2.0 ± 0.3 kWh   [2mz:[0m +3.33   [2mdesvio:[0m +50%   [2m(2 obs. dia_util)[0m
2026-08-07 15:14:41 [INFO] 
2026-08-07 15:14:41 [INFO]   🔴 [91m[1mPT0002000123648159KR[0m  [2m[Cluster 0][0m
2026-08-07 15:14:41 [INFO]      consumiu MAIS que o habitual às 10h
2026-08-07 15:14:41 [INFO]      [2mReal:[0m 3.0 kWh   [2mHabitual:[0m 2.0 ± 0.3 kWh   [2mz:[0m +3.33   [2mdesvio:[0m +50%   [2m(2 obs. dia_util)[0m
2026-08-07 15:14:41 [INFO] 
2026-08-07 15:14:41 [INFO]   🔴 [91m[1mPT0002000123648159KR[0m  [2m[Cluster 0][0m
2026-08-07 15:14:41 [INFO]      consumiu MAIS que o habitual às 15h
2026-08-07 15:14:41 [INFO]      [2mReal:[0m 3.0 kWh   [2mHabitual:[0m 2.0 ± 0.3 kWh   [2mz:[0m +3.33   [2mdesvio:[0m +50%   [2m(2 obs. dia_util)[0m
2026-08-07 15:14:41 [INFO] 
2026-08-07 15:14:41 [INFO]   🔴 [91m[1mPT0002000201936109ME[0m  [2m[Cluster 0][0m
2026-08-07 15:14:41 [INFO]      consumiu MAIS que o habitual às 05h
2026-08-07 15:14:41 [INFO]      [2mReal:[0m 1.0 kWh   [2mHabitual:[0m 0.0 ± 0.3 kWh   [2mz:[0m +3.33   [2mdesvio:[0m +100000%   [2m(2 obs. dia_util)[0m
2026-08-07 15:14:41 [INFO] 
2026-08-07 15:14:41 [INFO]   🔴 [91m[1mPT0002000201936109ME[0m  [2m[Cluster 0][0m
2026-08-07 15:14:41 [INFO]      consumiu MAIS que o habitual às 14h
2026-08-07 15:14:41 [INFO]      [2mReal:[0m 1.0 kWh   [2mHabitual:[0m 0.0 ± 0.3 kWh   [2mz:[0m +3.33   [2mdesvio:[0m +100000%   [2m(2 obs. dia_util)[0m
2026-08-07 15:14:41 [INFO] 
2026-08-07 15:14:41 [INFO]   🔴 [91m[1mPT0002000068859325FL[0m  [2m[Cluster 1][0m
2026-08-07 15:14:41 [INFO]      consumiu MAIS que o habitual às 14h
2026-08-07 15:14:41 [INFO]      [2mReal:[0m 184.0 kWh   [2mHabitual:[0m 112.0 ± 22.6 kWh   [2mz:[0m +3.18   [2mdesvio:[0m +64%   [2m(2 obs. dia_util)[0m
2026-08-07 15:14:41 [INFO] 
2026-08-07 15:14:41 [INFO]   🔴 [91m[1mPT0002000101964938LF[0m  [2m[Cluster 0][0m
2026-08-07 15:14:41 [INFO]      consumiu MAIS que o habitual às 08h
2026-08-07 15:14:41 [INFO]      [2mReal:[0m 51.0 kWh   [2mHabitual:[0m 33.0 ± 5.7 kWh   [2mz:[0m +3.18   [2mdesvio:[0m +55%   [2m(2 obs. dia_util)[0m
2026-08-07 15:14:41 [INFO] 
2026-08-07 15:14:41 [INFO]   🔴 [91m[1mPT0002000068857897ZV[0m  [2m[Cluster 0][0m
2026-08-07 15:14:41 [INFO]      consumiu MAIS que o habitual às 18h
2026-08-07 15:14:41 [INFO]      [2mReal:[0m 36.0 kWh   [2mHabitual:[0m 27.5 ± 2.8 kWh   [2mz:[0m +3.09   [2mdesvio:[0m +31%   [2m(2 obs. dia_util)[0m
2026-08-07 15:14:41 [INFO] 
2026-08-07 15:14:41 [INFO]   [2mCSV:[0m /home/runner/work/ts-anomaly-detection-dissertation/ts-anomaly-detection-dissertation/results/energia/realtime/alerts/analise_energia_2026-08-06.csv
2026-08-07 15:14:41 [INFO] 
2026-08-07 15:14:41 [INFO] [96m→ A prever consumo de 2026-08-07 para 276 CPEs...[0m
2026-08-07 15:14:44 [INFO] [1m══════════════════════════════════════════════════════════════════════[0m
2026-08-07 15:14:44 [INFO] [1m  PREDIÇÃO — 2026-08-07 [0m[2m(dia util)[0m
2026-08-07 15:14:44 [INFO] [1m══════════════════════════════════════════════════════════════════════[0m
2026-08-07 15:14:44 [INFO]   [95m● CPEs previstos[0m          69 [2m(alta: 0, baixa: 1656)[0m
2026-08-07 15:14:44 [INFO]   [95m● Consumo total previsto[0m 87945.7 kWh [2m(±13290.2)[0m
2026-08-07 15:14:44 [INFO] 
2026-08-07 15:14:44 [INFO]   [2mPrevisão guardada:[0m /home/runner/work/ts-anomaly-detection-dissertation/ts-anomaly-detection-dissertation/results/energia/realtime/predictions/previsao_energia_2026-08-07.csv
2026-08-07 15:14:44 [INFO] 
2026-08-07 15:14:44 [INFO] [1m══════════════════════════════════════════════════════════════════════[0m
2026-08-07 15:14:44 [INFO] [1m  VALIDAÇÃO — qualidade das previsões anteriores[0m
2026-08-07 15:14:44 [INFO] [1m══════════════════════════════════════════════════════════════════════[0m
2026-08-07 15:14:44 [INFO]   [2mDias validados:[0m 2   [2mpendentes:[0m 53
2026-08-07 15:14:44 [INFO]   [2mÚltimo (2026-08-05):[0m MAE 7.16 kWh   RMSE 20.13   em ±1σ 72% [2m(esperado ~68%)[0m   em ±2σ 86% [2m(esperado ~95%)[0m
2026-08-07 15:14:44 [INFO]   [2mMédia acumulada:[0m MAE 8.66 kWh   RMSE 23.43   em ±1σ 71%   em ±2σ 85%
2026-08-07 15:14:44 [INFO]   [2mCSV:[0m /home/runner/work/ts-anomaly-detection-dissertation/ts-anomaly-detection-dissertation/results/energia/realtime/analysis/qualidade_previsoes_energia.csv
2026-08-07 15:14:44 [INFO] 
2026-08-07 15:14:44 [INFO] 
2026-08-07 15:14:44 [INFO] Concluido em 405.5s. Ficheiros gerados: 2
2026-08-07 16:05:44 [INFO] [96m→ A pedir dados ao BaZe (276 CPEs)...[0m
2026-08-07 16:13:28 [INFO]   [2mClusters atribuidos carregados:[0m 22 novos
2026-08-07 16:13:28 [INFO] 
2026-08-07 16:13:28 [INFO] [1m══════════════════════════════════════════════════════════════════════[0m
2026-08-07 16:13:28 [INFO] [1m  DETEÇÃO DE ANOMALIAS — 2026-08-06[0m
2026-08-07 16:13:28 [INFO] [1m══════════════════════════════════════════════════════════════════════[0m
2026-08-07 16:13:28 [INFO]   [2mTipo de dia:[0m  dia util
2026-08-07 16:13:28 [INFO]   [2mFonte:[0m        BAZE
2026-08-07 16:13:28 [INFO]   [2mCPEs c/ dados:[0m 69
2026-08-07 16:13:28 [INFO]   [2mThreshold:[0m    |z| > 3.0 [2m(adaptativo a este tipo de dia)[0m
2026-08-07 16:13:28 [INFO] 
2026-08-07 16:13:28 [INFO] [96m→ A analisar 69 CPEs / 1656 pontos horários (retrospetiva)...[0m
2026-08-07 16:13:30 [INFO] [1m─── Resumo ─────────────────────────────────────[0m
2026-08-07 16:13:30 [INFO]   [92m● Normal[0m                1491 [2m( 90.0%)[0m
2026-08-07 16:13:30 [INFO]   [91m● Desvio (alta confiança)[0m    0 [2m(  0.0%)[0m
2026-08-07 16:13:30 [INFO]   [93m● Desvio (baixa confiança)[0m 165 [2m( 10.0%)[0m
2026-08-07 16:13:30 [INFO]   [2mTempo: 465.9s[0m
2026-08-07 16:13:30 [INFO] 
2026-08-07 16:13:30 [INFO] [1m[93m─── Desvios de BAIXA confiança (165) ──────────────[0m
2026-08-07 16:13:30 [INFO]   [2m(poucos dados históricos — verificar manualmente)[0m
2026-08-07 16:13:30 [INFO] 
2026-08-07 16:13:30 [INFO]   🔴 [91m[1mPT0002000068856872QG[0m  [2m[Cluster 1][0m
2026-08-07 16:13:30 [INFO]      consumiu MAIS que o habitual às 11h
2026-08-07 16:13:30 [INFO]      [2mReal:[0m 17.0 kWh   [2mHabitual:[0m 0.0 ± 0.3 kWh   [2mz:[0m +10.00⁺   [2mdesvio:[0m +1700000%   [2m(2 obs. dia_util)[0m
2026-08-07 16:13:30 [INFO] 
2026-08-07 16:13:30 [INFO]   🔴 [91m[1mPT0002000068856952LS[0m  [2m[Cluster 2][0m
2026-08-07 16:13:30 [INFO]      consumiu MAIS que o habitual às 06h
2026-08-07 16:13:30 [INFO]      [2mReal:[0m 7.0 kWh   [2mHabitual:[0m 0.0 ± 0.3 kWh   [2mz:[0m +10.00⁺   [2mdesvio:[0m +700000%   [2m(2 obs. dia_util)[0m
2026-08-07 16:13:30 [INFO] 
2026-08-07 16:13:30 [INFO]   🔴 [91m[1mPT0002000068856952LS[0m  [2m[Cluster 2][0m
2026-08-07 16:13:30 [INFO]      consumiu MAIS que o habitual às 07h
2026-08-07 16:13:30 [INFO]      [2mReal:[0m 9.0 kWh   [2mHabitual:[0m 0.0 ± 0.3 kWh   [2mz:[0m +10.00⁺   [2mdesvio:[0m +900000%   [2m(2 obs. dia_util)[0m
2026-08-07 16:13:30 [INFO] 
2026-08-07 16:13:30 [INFO]   🔴 [91m[1mPT0002000068856952LS[0m  [2m[Cluster 2][0m
2026-08-07 16:13:30 [INFO]      consumiu MAIS que o habitual às 08h
2026-08-07 16:13:30 [INFO]      [2mReal:[0m 8.0 kWh   [2mHabitual:[0m 0.0 ± 0.3 kWh   [2mz:[0m +10.00⁺   [2mdesvio:[0m +800000%   [2m(2 obs. dia_util)[0m
2026-08-07 16:13:30 [INFO] 
2026-08-07 16:13:30 [INFO]   🔴 [91m[1mPT0002000068856952LS[0m  [2m[Cluster 2][0m
2026-08-07 16:13:30 [INFO]      consumiu MAIS que o habitual às 09h
2026-08-07 16:13:30 [INFO]      [2mReal:[0m 9.0 kWh   [2mHabitual:[0m 0.0 ± 0.3 kWh   [2mz:[0m +10.00⁺   [2mdesvio:[0m +900000%   [2m(2 obs. dia_util)[0m
2026-08-07 16:13:30 [INFO] 
2026-08-07 16:13:30 [INFO]   🔴 [91m[1mPT0002000068856952LS[0m  [2m[Cluster 2][0m
2026-08-07 16:13:30 [INFO]      consumiu MAIS que o habitual às 10h
2026-08-07 16:13:30 [INFO]      [2mReal:[0m 8.0 kWh   [2mHabitual:[0m 0.5 ± 0.7 kWh   [2mz:[0m +10.00⁺   [2mdesvio:[0m +1500%   [2m(2 obs. dia_util)[0m
2026-08-07 16:13:30 [INFO] 
2026-08-07 16:13:30 [INFO]   🔴 [91m[1mPT0002000068856952LS[0m  [2m[Cluster 2][0m
2026-08-07 16:13:30 [INFO]      consumiu MAIS que o habitual às 11h
2026-08-07 16:13:30 [INFO]      [2mReal:[0m 9.0 kWh   [2mHabitual:[0m 0.0 ± 0.3 kWh   [2mz:[0m +10.00⁺   [2mdesvio:[0m +900000%   [2m(2 obs. dia_util)[0m
2026-08-07 16:13:30 [INFO] 
2026-08-07 16:13:30 [INFO]   🔴 [91m[1mPT0002000068856952LS[0m  [2m[Cluster 2][0m
2026-08-07 16:13:30 [INFO]      consumiu MAIS que o habitual às 12h
2026-08-07 16:13:30 [INFO]      [2mReal:[0m 9.0 kWh   [2mHabitual:[0m 0.5 ± 0.7 kWh   [2mz:[0m +10.00⁺   [2mdesvio:[0m +1700%   [2m(2 obs. dia_util)[0m
2026-08-07 16:13:30 [INFO] 
2026-08-07 16:13:30 [INFO]   🔴 [91m[1mPT0002000068856952LS[0m  [2m[Cluster 2][0m
2026-08-07 16:13:30 [INFO]      consumiu MAIS que o habitual às 13h
2026-08-07 16:13:30 [INFO]      [2mReal:[0m 8.0 kWh   [2mHabitual:[0m 0.0 ± 0.3 kWh   [2mz:[0m +10.00⁺   [2mdesvio:[0m +800000%   [2m(2 obs. dia_util)[0m
2026-08-07 16:13:30 [INFO] 
2026-08-07 16:13:30 [INFO]   🔴 [91m[1mPT0002000068856952LS[0m  [2m[Cluster 2][0m
2026-08-07 16:13:30 [INFO]      consumiu MAIS que o habitual às 14h
2026-08-07 16:13:30 [INFO]      [2mReal:[0m 9.0 kWh   [2mHabitual:[0m 0.0 ± 0.3 kWh   [2mz:[0m +10.00⁺   [2mdesvio:[0m +900000%   [2m(2 obs. dia_util)[0m
2026-08-07 16:13:30 [INFO] 
2026-08-07 16:13:30 [INFO]   🔴 [91m[1mPT0002000068856952LS[0m  [2m[Cluster 2][0m
2026-08-07 16:13:30 [INFO]      consumiu MAIS que o habitual às 15h
2026-08-07 16:13:30 [INFO]      [2mReal:[0m 8.0 kWh   [2mHabitual:[0m 0.0 ± 0.3 kWh   [2mz:[0m +10.00⁺   [2mdesvio:[0m +800000%   [2m(2 obs. dia_util)[0m
2026-08-07 16:13:30 [INFO] 
2026-08-07 16:13:30 [INFO]   🔴 [91m[1mPT0002000068856952LS[0m  [2m[Cluster 2][0m
2026-08-07 16:13:30 [INFO]      consumiu MAIS que o habitual às 16h
2026-08-07 16:13:30 [INFO]      [2mReal:[0m 5.0 kWh   [2mHabitual:[0m 0.0 ± 0.3 kWh   [2mz:[0m +10.00⁺   [2mdesvio:[0m +500000%   [2m(2 obs. dia_util)[0m
2026-08-07 16:13:30 [INFO] 
2026-08-07 16:13:30 [INFO]   🔴 [91m[1mPT0002000068859187RL[0m  [2m[Cluster 0][0m
2026-08-07 16:13:30 [INFO]      consumiu MAIS que o habitual às 17h
2026-08-07 16:13:30 [INFO]      [2mReal:[0m 44.0 kWh   [2mHabitual:[0m 11.0 ± 1.1 kWh   [2mz:[0m +10.00⁺   [2mdesvio:[0m +300%   [2m(2 obs. dia_util)[0m
2026-08-07 16:13:30 [INFO] 
2026-08-07 16:13:30 [INFO]   🔴 [91m[1mPT0002000068859187RL[0m  [2m[Cluster 0][0m
2026-08-07 16:13:30 [INFO]      consumiu MAIS que o habitual às 18h
2026-08-07 16:13:30 [INFO]      [2mReal:[0m 25.0 kWh   [2mHabitual:[0m 11.0 ± 1.1 kWh   [2mz:[0m +10.00⁺   [2mdesvio:[0m +127%   [2m(2 obs. dia_util)[0m
2026-08-07 16:13:30 [INFO] 
2026-08-07 16:13:30 [INFO]   🔴 [91m[1mPT0002000079469719HF[0m  [2m[Cluster 1 (atribuido)][0m
2026-08-07 16:13:30 [INFO]      consumiu MAIS que o habitual às 11h
2026-08-07 16:13:30 [INFO]      [2mReal:[0m 84.0 kWh   [2mHabitual:[0m 3.0 ± 4.2 kWh   [2mz:[0m +10.00⁺   [2mdesvio:[0m +2700%   [2m(2 obs. dia_util)[0m
2026-08-07 16:13:30 [INFO] 
2026-08-07 16:13:30 [INFO]   🔴 [91m[1mPT0002000079469719HF[0m  [2m[Cluster 1 (atribuido)][0m
2026-08-07 16:13:30 [INFO]      consumiu MAIS que o habitual às 12h
2026-08-07 16:13:30 [INFO]      [2mReal:[0m 66.0 kWh   [2mHabitual:[0m 0.0 ± 0.3 kWh   [2mz:[0m +10.00⁺   [2mdesvio:[0m +6600000%   [2m(2 obs. dia_util)[0m
2026-08-07 16:13:30 [INFO] 
2026-08-07 16:13:30 [INFO]   🔴 [91m[1mPT0002000079469719HF[0m  [2m[Cluster 1 (atribuido)][0m
2026-08-07 16:13:30 [INFO]      consumiu MAIS que o habitual às 13h
2026-08-07 16:13:30 [INFO]      [2mReal:[0m 58.0 kWh   [2mHabitual:[0m 0.0 ± 0.3 kWh   [2mz:[0m +10.00⁺   [2mdesvio:[0m +5800000%   [2m(2 obs. dia_util)[0m
2026-08-07 16:13:30 [INFO] 
2026-08-07 16:13:30 [INFO]   🔴 [91m[1mPT0002000079469719HF[0m  [2m[Cluster 1 (atribuido)][0m
2026-08-07 16:13:30 [INFO]      consumiu MAIS que o habitual às 14h
2026-08-07 16:13:30 [INFO]      [2mReal:[0m 59.0 kWh   [2mHabitual:[0m 0.0 ± 0.3 kWh   [2mz:[0m +10.00⁺   [2mdesvio:[0m +5900000%   [2m(2 obs. dia_util)[0m
2026-08-07 16:13:30 [INFO] 
2026-08-07 16:13:30 [INFO]   🔴 [91m[1mPT0002000079469719HF[0m  [2m[Cluster 1 (atribuido)][0m
2026-08-07 16:13:30 [INFO]      consumiu MAIS que o habitual às 15h
2026-08-07 16:13:30 [INFO]      [2mReal:[0m 69.0 kWh   [2mHabitual:[0m 0.0 ± 0.3 kWh   [2mz:[0m +10.00⁺   [2mdesvio:[0m +6900000%   [2m(2 obs. dia_util)[0m
2026-08-07 16:13:30 [INFO] 
2026-08-07 16:13:30 [INFO]   🔴 [91m[1mPT0002000079469719HF[0m  [2m[Cluster 1 (atribuido)][0m
2026-08-07 16:13:30 [INFO]      consumiu MAIS que o habitual às 16h
2026-08-07 16:13:30 [INFO]      [2mReal:[0m 94.0 kWh   [2mHabitual:[0m 0.0 ± 0.3 kWh   [2mz:[0m +10.00⁺   [2mdesvio:[0m +9400000%   [2m(2 obs. dia_util)[0m
2026-08-07 16:13:30 [INFO] 
2026-08-07 16:13:30 [INFO]   🔴 [91m[1mPT0002000079469719HF[0m  [2m[Cluster 1 (atribuido)][0m
2026-08-07 16:13:30 [INFO]      consumiu MAIS que o habitual às 17h
2026-08-07 16:13:30 [INFO]      [2mReal:[0m 114.0 kWh   [2mHabitual:[0m 0.0 ± 0.3 kWh   [2mz:[0m +10.00⁺   [2mdesvio:[0m +11400000%   [2m(2 obs. dia_util)[0m
2026-08-07 16:13:30 [INFO] 
2026-08-07 16:13:30 [INFO]   🔴 [91m[1mPT0002000079469719HF[0m  [2m[Cluster 1 (atribuido)][0m
2026-08-07 16:13:30 [INFO]      consumiu MAIS que o habitual às 18h
2026-08-07 16:13:30 [INFO]      [2mReal:[0m 159.0 kWh   [2mHabitual:[0m 3.5 ± 3.5 kWh   [2mz:[0m +10.00⁺   [2mdesvio:[0m +4443%   [2m(2 obs. dia_util)[0m
2026-08-07 16:13:30 [INFO] 
2026-08-07 16:13:30 [INFO]   🔴 [91m[1mPT0002000079469719HF[0m  [2m[Cluster 1 (atribuido)][0m
2026-08-07 16:13:30 [INFO]      consumiu MAIS que o habitual às 19h
2026-08-07 16:13:30 [INFO]      [2mReal:[0m 185.0 kWh   [2mHabitual:[0m 20.0 ± 8.5 kWh   [2mz:[0m +10.00⁺   [2mdesvio:[0m +825%   [2m(2 obs. dia_util)[0m
2026-08-07 16:13:30 [INFO] 
2026-08-07 16:13:30 [INFO]   🔴 [91m[1mPT0002000079469719HF[0m  [2m[Cluster 1 (atribuido)][0m
2026-08-07 16:13:30 [INFO]      consumiu MAIS que o habitual às 20h
2026-08-07 16:13:30 [INFO]      [2mReal:[0m 169.0 kWh   [2mHabitual:[0m 26.0 ± 7.1 kWh   [2mz:[0m +10.00⁺   [2mdesvio:[0m +550%   [2m(2 obs. dia_util)[0m
2026-08-07 16:13:30 [INFO] 
2026-08-07 16:13:30 [INFO]   🔴 [91m[1mPT0002000081344542CP[0m  [2m[Cluster 1][0m
2026-08-07 16:13:30 [INFO]      consumiu MAIS que o habitual às 09h
2026-08-07 16:13:30 [INFO]      [2mReal:[0m 10.0 kWh   [2mHabitual:[0m 3.0 ± 0.3 kWh   [2mz:[0m +10.00⁺   [2mdesvio:[0m +233%   [2m(2 obs. dia_util)[0m
2026-08-07 16:13:30 [INFO] 
2026-08-07 16:13:30 [INFO]   🔴 [91m[1mPT0002000081344542CP[0m  [2m[Cluster 1][0m
2026-08-07 16:13:30 [INFO]      consumiu MAIS que o habitual às 14h
2026-08-07 16:13:30 [INFO]      [2mReal:[0m 16.0 kWh   [2mHabitual:[0m 6.5 ± 0.7 kWh   [2mz:[0m +10.00⁺   [2mdesvio:[0m +146%   [2m(2 obs. dia_util)[0m
2026-08-07 16:13:30 [INFO] 
2026-08-07 16:13:30 [INFO]   🔴 [91m[1mPT0002000201038711LS[0m  [2m[Cluster 1 (atribuido)][0m
2026-08-07 16:13:30 [INFO]      consumiu MAIS que o habitual às 10h
2026-08-07 16:13:30 [INFO]      [2mReal:[0m 20.0 kWh   [2mHabitual:[0m 0.0 ± 0.3 kWh   [2mz:[0m +10.00⁺   [2mdesvio:[0m +2000000%   [2m(2 obs. dia_util)[0m
2026-08-07 16:13:30 [INFO] 
2026-08-07 16:13:30 [INFO]   🔴 [91m[1mPT0002000201038711LS[0m  [2m[Cluster 1 (atribuido)][0m
2026-08-07 16:13:30 [INFO]      consumiu MAIS que o habitual às 11h
2026-08-07 16:13:30 [INFO]      [2mReal:[0m 31.0 kWh   [2mHabitual:[0m 0.5 ± 0.7 kWh   [2mz:[0m +10.00⁺   [2mdesvio:[0m +6100%   [2m(2 obs. dia_util)[0m
2026-08-07 16:13:30 [INFO] 
2026-08-07 16:13:30 [INFO]   🔴 [91m[1mPT0002000201936109ME[0m  [2m[Cluster 0][0m
2026-08-07 16:13:30 [INFO]      consumiu MAIS que o habitual às 06h
2026-08-07 16:13:30 [INFO]      [2mReal:[0m 5.0 kWh   [2mHabitual:[0m 0.0 ± 0.3 kWh   [2mz:[0m +10.00⁺   [2mdesvio:[0m +500000%   [2m(2 obs. dia_util)[0m
2026-08-07 16:13:30 [INFO] 
2026-08-07 16:13:30 [INFO]   🔴 [91m[1mPT0002000201936109ME[0m  [2m[Cluster 0][0m
2026-08-07 16:13:30 [INFO]      consumiu MAIS que o habitual às 07h
2026-08-07 16:13:30 [INFO]      [2mReal:[0m 10.0 kWh   [2mHabitual:[0m 0.0 ± 0.3 kWh   [2mz:[0m +10.00⁺   [2mdesvio:[0m +1000000%   [2m(2 obs. dia_util)[0m
2026-08-07 16:13:30 [INFO] 
2026-08-07 16:13:30 [INFO]   🔴 [91m[1mPT0002000201936109ME[0m  [2m[Cluster 0][0m
2026-08-07 16:13:30 [INFO]      consumiu MAIS que o habitual às 08h
2026-08-07 16:13:30 [INFO]      [2mReal:[0m 11.0 kWh   [2mHabitual:[0m 0.0 ± 0.3 kWh   [2mz:[0m +10.00⁺   [2mdesvio:[0m +1100000%   [2m(2 obs. dia_util)[0m
2026-08-07 16:13:30 [INFO] 
2026-08-07 16:13:30 [INFO]   🔴 [91m[1mPT0002000201936109ME[0m  [2m[Cluster 0][0m
2026-08-07 16:13:30 [INFO]      consumiu MAIS que o habitual às 09h
2026-08-07 16:13:30 [INFO]      [2mReal:[0m 12.0 kWh   [2mHabitual:[0m 0.0 ± 0.3 kWh   [2mz:[0m +10.00⁺   [2mdesvio:[0m +1200000%   [2m(2 obs. dia_util)[0m
2026-08-07 16:13:30 [INFO] 
2026-08-07 16:13:30 [INFO]   🔴 [91m[1mPT0002000201936109ME[0m  [2m[Cluster 0][0m
2026-08-07 16:13:30 [INFO]      consumiu MAIS que o habitual às 10h
2026-08-07 16:13:30 [INFO]      [2mReal:[0m 11.0 kWh   [2mHabitual:[0m 0.0 ± 0.3 kWh   [2mz:[0m +10.00⁺   [2mdesvio:[0m +1100000%   [2m(2 obs. dia_util)[0m
2026-08-07 16:13:30 [INFO] 
2026-08-07 16:13:30 [INFO]   🔴 [91m[1mPT0002000201936109ME[0m  [2m[Cluster 0][0m
2026-08-07 16:13:30 [INFO]      consumiu MAIS que o habitual às 11h
2026-08-07 16:13:30 [INFO]      [2mReal:[0m 9.0 kWh   [2mHabitual:[0m 0.0 ± 0.3 kWh   [2mz:[0m +10.00⁺   [2mdesvio:[0m +900000%   [2m(2 obs. dia_util)[0m
2026-08-07 16:13:30 [INFO] 
2026-08-07 16:13:30 [INFO]   🔴 [91m[1mPT0002000201936109ME[0m  [2m[Cluster 0][0m
2026-08-07 16:13:30 [INFO]      consumiu MAIS que o habitual às 12h
2026-08-07 16:13:30 [INFO]      [2mReal:[0m 11.0 kWh   [2mHabitual:[0m 0.0 ± 0.3 kWh   [2mz:[0m +10.00⁺   [2mdesvio:[0m +1100000%   [2m(2 obs. dia_util)[0m
2026-08-07 16:13:30 [INFO] 
2026-08-07 16:13:30 [INFO]   🔴 [91m[1mPT0002000201936109ME[0m  [2m[Cluster 0][0m
2026-08-07 16:13:30 [INFO]      consumiu MAIS que o habitual às 13h
2026-08-07 16:13:30 [INFO]      [2mReal:[0m 3.0 kWh   [2mHabitual:[0m 0.0 ± 0.3 kWh   [2mz:[0m +10.00   [2mdesvio:[0m +300000%   [2m(2 obs. dia_util)[0m
2026-08-07 16:13:30 [INFO] 
2026-08-07 16:13:30 [INFO]   🔴 [91m[1mPT0002000201038711LS[0m  [2m[Cluster 1 (atribuido)][0m
2026-08-07 16:13:30 [INFO]      consumiu MAIS que o habitual às 14h
2026-08-07 16:13:30 [INFO]      [2mReal:[0m 15.0 kWh   [2mHabitual:[0m 1.0 ± 1.4 kWh   [2mz:[0m +9.90   [2mdesvio:[0m +1400%   [2m(2 obs. dia_util)[0m
2026-08-07 16:13:30 [INFO] 
2026-08-07 16:13:30 [INFO]   🔴 [91m[1mPT0002000068859187RL[0m  [2m[Cluster 0][0m
2026-08-07 16:13:30 [INFO]      consumiu MAIS que o habitual às 11h
2026-08-07 16:13:30 [INFO]      [2mReal:[0m 72.0 kWh   [2mHabitual:[0m 37.0 ± 3.7 kWh   [2mz:[0m +9.46   [2mdesvio:[0m +95%   [2m(2 obs. dia_util)[0m
2026-08-07 16:13:30 [INFO] 
2026-08-07 16:13:30 [INFO]   🔴 [91m[1mPT0002000081344542CP[0m  [2m[Cluster 1][0m
2026-08-07 16:13:30 [INFO]      consumiu MAIS que o habitual às 16h
2026-08-07 16:13:30 [INFO]      [2mReal:[0m 11.0 kWh   [2mHabitual:[0m 4.5 ± 0.7 kWh   [2mz:[0m +9.19   [2mdesvio:[0m +144%   [2m(2 obs. dia_util)[0m
2026-08-07 16:13:30 [INFO] 
2026-08-07 16:13:30 [INFO]   🔵 [94m[1mPT0002000078233981HJ[0m  [2m[Cluster 1][0m
2026-08-07 16:13:30 [INFO]      consumiu MENOS que o habitual às 15h
2026-08-07 16:13:30 [INFO]      [2mReal:[0m 2.0 kWh   [2mHabitual:[0m 12.5 ± 1.2 kWh   [2mz:[0m -8.40   [2mdesvio:[0m -84%   [2m(2 obs. dia_util)[0m
2026-08-07 16:13:30 [INFO] 
2026-08-07 16:13:30 [INFO]   🔴 [91m[1mPT0002000081344542CP[0m  [2m[Cluster 1][0m
2026-08-07 16:13:30 [INFO]      consumiu MAIS que o habitual às 12h
2026-08-07 16:13:30 [INFO]      [2mReal:[0m 31.0 kWh   [2mHabitual:[0m 17.0 ± 1.7 kWh   [2mz:[0m +8.24   [2mdesvio:[0m +82%   [2m(2 obs. dia_util)[0m
2026-08-07 16:13:30 [INFO] 
2026-08-07 16:13:30 [INFO]   🔴 [91m[1mPT0002000101964938LF[0m  [2m[Cluster 0][0m
2026-08-07 16:13:30 [INFO]      consumiu MAIS que o habitual às 22h
2026-08-07 16:13:30 [INFO]      [2mReal:[0m 17.0 kWh   [2mHabitual:[0m 9.3 ± 0.9 kWh   [2mz:[0m +8.21   [2mdesvio:[0m +82%   [2m(3 obs. dia_util)[0m
2026-08-07 16:13:30 [INFO] 
2026-08-07 16:13:30 [INFO]   🔴 [91m[1mPT0002000068856655YV[0m  [2m[Cluster 0][0m
2026-08-07 16:13:30 [INFO]      consumiu MAIS que o habitual às 22h
2026-08-07 16:13:30 [INFO]      [2mReal:[0m 24.0 kWh   [2mHabitual:[0m 4.0 ± 2.6 kWh   [2mz:[0m +7.56   [2mdesvio:[0m +500%   [2m(3 obs. dia_util)[0m
2026-08-07 16:13:30 [INFO] 
2026-08-07 16:13:30 [INFO]   🔵 [94m[1mPT0002000078233981HJ[0m  [2m[Cluster 1][0m
2026-08-07 16:13:30 [INFO]      consumiu MENOS que o habitual às 13h
2026-08-07 16:13:30 [INFO]      [2mReal:[0m 4.0 kWh   [2mHabitual:[0m 15.0 ± 1.5 kWh   [2mz:[0m -7.33   [2mdesvio:[0m -73%   [2m(2 obs. dia_util)[0m
2026-08-07 16:13:30 [INFO] 
2026-08-07 16:13:30 [INFO]   🔴 [91m[1mPT0002000068859187RL[0m  [2m[Cluster 0][0m
2026-08-07 16:13:30 [INFO]      consumiu MAIS que o habitual às 16h
2026-08-07 16:13:30 [INFO]      [2mReal:[0m 47.0 kWh   [2mHabitual:[0m 16.0 ± 4.2 kWh   [2mz:[0m +7.31   [2mdesvio:[0m +194%   [2m(2 obs. dia_util)[0m
2026-08-07 16:13:30 [INFO] 
2026-08-07 16:13:30 [INFO]   🔵 [94m[1mPT0002000078233981HJ[0m  [2m[Cluster 1][0m
2026-08-07 16:13:30 [INFO]      consumiu MENOS que o habitual às 14h
2026-08-07 16:13:30 [INFO]      [2mReal:[0m 4.0 kWh   [2mHabitual:[0m 14.0 ± 1.4 kWh   [2mz:[0m -7.14   [2mdesvio:[0m -71%   [2m(2 obs. dia_util)[0m
2026-08-07 16:13:30 [INFO] 
2026-08-07 16:13:30 [INFO]   🔴 [91m[1mPT0002000101964938LF[0m  [2m[Cluster 0][0m
2026-08-07 16:13:30 [INFO]      consumiu MAIS que o habitual às 23h
2026-08-07 16:13:30 [INFO]      [2mReal:[0m 16.0 kWh   [2mHabitual:[0m 9.3 ± 0.9 kWh   [2mz:[0m +7.14   [2mdesvio:[0m +71%   [2m(3 obs. dia_util)[0m
2026-08-07 16:13:30 [INFO] 
2026-08-07 16:13:30 [INFO]   🔴 [91m[1mPT0002000068856655YV[0m  [2m[Cluster 0][0m
2026-08-07 16:13:30 [INFO]      consumiu MAIS que o habitual às 07h
2026-08-07 16:13:30 [INFO]      [2mReal:[0m 5.0 kWh   [2mHabitual:[0m 3.0 ± 0.3 kWh   [2mz:[0m +6.67   [2mdesvio:[0m +67%   [2m(2 obs. dia_util)[0m
2026-08-07 16:13:30 [INFO] 
2026-08-07 16:13:30 [INFO]   🔴 [91m[1mPT0002000068856872QG[0m  [2m[Cluster 1][0m
2026-08-07 16:13:30 [INFO]      consumiu MAIS que o habitual às 04h
2026-08-07 16:13:30 [INFO]      [2mReal:[0m 2.0 kWh   [2mHabitual:[0m 0.0 ± 0.3 kWh   [2mz:[0m +6.67   [2mdesvio:[0m +200000%   [2m(2 obs. dia_util)[0m
2026-08-07 16:13:30 [INFO] 
2026-08-07 16:13:30 [INFO]   🔴 [91m[1mPT0002000068856872QG[0m  [2m[Cluster 1][0m
2026-08-07 16:13:30 [INFO]      consumiu MAIS que o habitual às 10h
2026-08-07 16:13:30 [INFO]      [2mReal:[0m 2.0 kWh   [2mHabitual:[0m 0.0 ± 0.3 kWh   [2mz:[0m +6.67   [2mdesvio:[0m +200000%   [2m(2 obs. dia_util)[0m
2026-08-07 16:13:30 [INFO] 
2026-08-07 16:13:30 [INFO]   🔴 [91m[1mPT0002000068856872QG[0m  [2m[Cluster 1][0m
2026-08-07 16:13:30 [INFO]      consumiu MAIS que o habitual às 17h
2026-08-07 16:13:30 [INFO]      [2mReal:[0m 2.0 kWh   [2mHabitual:[0m 0.0 ± 0.3 kWh   [2mz:[0m +6.67   [2mdesvio:[0m +200000%   [2m(2 obs. dia_util)[0m
2026-08-07 16:13:30 [INFO] 
2026-08-07 16:13:30 [INFO]   🔵 [94m[1mPT0002000105483259QH[0m  [2m[Cluster 1][0m
2026-08-07 16:13:30 [INFO]      consumiu MENOS que o habitual às 18h
2026-08-07 16:13:30 [INFO]      [2mReal:[0m 0.0 kWh   [2mHabitual:[0m 2.0 ± 0.3 kWh   [2mz:[0m -6.67   [2mdesvio:[0m -100%   [2m(2 obs. dia_util)[0m
2026-08-07 16:13:30 [INFO] 
2026-08-07 16:13:30 [INFO]   🔵 [94m[1mPT0002000081344542CP[0m  [2m[Cluster 1][0m
2026-08-07 16:13:30 [INFO]      consumiu MENOS que o habitual às 08h
2026-08-07 16:13:30 [INFO]      [2mReal:[0m 2.0 kWh   [2mHabitual:[0m 6.5 ± 0.7 kWh   [2mz:[0m -6.36   [2mdesvio:[0m -69%   [2m(2 obs. dia_util)[0m
2026-08-07 16:13:30 [INFO] 
2026-08-07 16:13:30 [INFO]   🔴 [91m[1mPT0002000110607652SB[0m  [2m[Cluster 0][0m
2026-08-07 16:13:30 [INFO]      consumiu MAIS que o habitual às 03h
2026-08-07 16:13:30 [INFO]      [2mReal:[0m 28.0 kWh   [2mHabitual:[0m 10.0 ± 2.8 kWh   [2mz:[0m +6.36   [2mdesvio:[0m +180%   [2m(2 obs. dia_util)[0m
2026-08-07 16:13:30 [INFO] 
2026-08-07 16:13:30 [INFO]   🔴 [91m[1mPT0002000110607652SB[0m  [2m[Cluster 0][0m
2026-08-07 16:13:30 [INFO]      consumiu MAIS que o habitual às 05h
2026-08-07 16:13:30 [INFO]      [2mReal:[0m 28.0 kWh   [2mHabitual:[0m 10.0 ± 2.8 kWh   [2mz:[0m +6.36   [2mdesvio:[0m +180%   [2m(2 obs. dia_util)[0m
2026-08-07 16:13:30 [INFO] 
2026-08-07 16:13:30 [INFO]   🔴 [91m[1mPT0002000110607652SB[0m  [2m[Cluster 0][0m
2026-08-07 16:13:30 [INFO]      consumiu MAIS que o habitual às 07h
2026-08-07 16:13:30 [INFO]      [2mReal:[0m 40.0 kWh   [2mHabitual:[0m 22.0 ± 2.8 kWh   [2mz:[0m +6.36   [2mdesvio:[0m +82%   [2m(2 obs. dia_util)[0m
2026-08-07 16:13:30 [INFO] 
2026-08-07 16:13:30 [INFO]   🔴 [91m[1mPT0002000068859187RL[0m  [2m[Cluster 0][0m
2026-08-07 16:13:30 [INFO]      consumiu MAIS que o habitual às 15h
2026-08-07 16:13:30 [INFO]      [2mReal:[0m 52.0 kWh   [2mHabitual:[0m 32.0 ± 3.2 kWh   [2mz:[0m +6.25   [2mdesvio:[0m +62%   [2m(2 obs. dia_util)[0m
2026-08-07 16:13:30 [INFO] 
2026-08-07 16:13:30 [INFO]   🔴 [91m[1mPT0002000111572054VT[0m  [2m[Cluster 0 (atribuido)][0m
2026-08-07 16:13:30 [INFO]      consumiu MAIS que o habitual às 18h
2026-08-07 16:13:30 [INFO]      [2mReal:[0m 17.0 kWh   [2mHabitual:[0m 10.5 ± 1.1 kWh   [2mz:[0m +6.19   [2mdesvio:[0m +62%   [2m(2 obs. dia_util)[0m
2026-08-07 16:13:30 [INFO] 
2026-08-07 16:13:30 [INFO]   🔵 [94m[1mPT0002000078233981HJ[0m  [2m[Cluster 1][0m
2026-08-07 16:13:30 [INFO]      consumiu MENOS que o habitual às 20h
2026-08-07 16:13:30 [INFO]      [2mReal:[0m 8.0 kWh   [2mHabitual:[0m 20.5 ± 2.0 kWh   [2mz:[0m -6.10   [2mdesvio:[0m -61%   [2m(2 obs. dia_util)[0m
2026-08-07 16:13:30 [INFO] 
2026-08-07 16:13:30 [INFO]   🔴 [91m[1mPT0002000101964938LF[0m  [2m[Cluster 0][0m
2026-08-07 16:13:30 [INFO]      consumiu MAIS que o habitual às 20h
2026-08-07 16:13:30 [INFO]      [2mReal:[0m 19.0 kWh   [2mHabitual:[0m 11.0 ± 1.4 kWh   [2mz:[0m +5.66   [2mdesvio:[0m +73%   [2m(2 obs. dia_util)[0m
2026-08-07 16:13:30 [INFO] 
2026-08-07 16:13:30 [INFO]   🔴 [91m[1mPT0002000068859187RL[0m  [2m[Cluster 0][0m
2026-08-07 16:13:30 [INFO]      consumiu MAIS que o habitual às 09h
2026-08-07 16:13:30 [INFO]      [2mReal:[0m 59.0 kWh   [2mHabitual:[0m 38.0 ± 3.8 kWh   [2mz:[0m +5.53   [2mdesvio:[0m +55%   [2m(2 obs. dia_util)[0m
2026-08-07 16:13:30 [INFO] 
2026-08-07 16:13:30 [INFO]   🔴 [91m[1mPT0002000068856974CZ[0m  [2m[Cluster 0 (atribuido)][0m
2026-08-07 16:13:30 [INFO]      consumiu MAIS que o habitual às 16h
2026-08-07 16:13:30 [INFO]      [2mReal:[0m 55.0 kWh   [2mHabitual:[0m 35.5 ± 3.5 kWh   [2mz:[0m +5.49   [2mdesvio:[0m +55%   [2m(2 obs. dia_util)[0m
2026-08-07 16:13:30 [INFO] 
2026-08-07 16:13:30 [INFO]   🔵 [94m[1mPT0002000078233981HJ[0m  [2m[Cluster 1][0m
2026-08-07 16:13:30 [INFO]      consumiu MENOS que o habitual às 10h
2026-08-07 16:13:30 [INFO]      [2mReal:[0m 3.0 kWh   [2mHabitual:[0m 14.5 ± 2.1 kWh   [2mz:[0m -5.42   [2mdesvio:[0m -79%   [2m(2 obs. dia_util)[0m
2026-08-07 16:13:30 [INFO] 
2026-08-07 16:13:30 [INFO]   🔴 [91m[1mPT0002000201038711LS[0m  [2m[Cluster 1 (atribuido)][0m
2026-08-07 16:13:30 [INFO]      consumiu MAIS que o habitual às 12h
2026-08-07 16:13:30 [INFO]      [2mReal:[0m 26.0 kWh   [2mHabitual:[0m 3.0 ± 4.2 kWh   [2mz:[0m +5.42   [2mdesvio:[0m +767%   [2m(2 obs. dia_util)[0m
2026-08-07 16:13:30 [INFO] 
2026-08-07 16:13:30 [INFO]   🔴 [91m[1mPT0002000068856655YV[0m  [2m[Cluster 0][0m
2026-08-07 16:13:30 [INFO]      consumiu MAIS que o habitual às 21h
2026-08-07 16:13:30 [INFO]      [2mReal:[0m 24.0 kWh   [2mHabitual:[0m 3.7 ± 3.8 kWh   [2mz:[0m +5.37   [2mdesvio:[0m +554%   [2m(3 obs. dia_util)[0m
2026-08-07 16:13:30 [INFO] 
2026-08-07 16:13:30 [INFO]   🔵 [94m[1mPT0002000125379984SH[0m  [2m[Cluster 1][0m
2026-08-07 16:13:30 [INFO]      consumiu MENOS que o habitual às 18h
2026-08-07 16:13:30 [INFO]      [2mReal:[0m 4.0 kWh   [2mHabitual:[0m 8.5 ± 0.8 kWh   [2mz:[0m -5.29   [2mdesvio:[0m -53%   [2m(2 obs. dia_util)[0m
2026-08-07 16:13:30 [INFO] 
2026-08-07 16:13:30 [INFO]   🔴 [91m[1mPT0002000068859325FL[0m  [2m[Cluster 1][0m
2026-08-07 16:13:30 [INFO]      consumiu MAIS que o habitual às 13h
2026-08-07 16:13:30 [INFO]      [2mReal:[0m 140.0 kWh   [2mHabitual:[0m 92.0 ± 9.2 kWh   [2mz:[0m +5.22   [2mdesvio:[0m +52%   [2m(2 obs. dia_util)[0m
2026-08-07 16:13:30 [INFO] 
2026-08-07 16:13:30 [INFO]   🔴 [91m[1mPT0002000068859187RL[0m  [2m[Cluster 0][0m
2026-08-07 16:13:30 [INFO]      consumiu MAIS que o habitual às 14h
2026-08-07 16:13:30 [INFO]      [2mReal:[0m 57.0 kWh   [2mHabitual:[0m 37.5 ± 3.8 kWh   [2mz:[0m +5.20   [2mdesvio:[0m +52%   [2m(2 obs. dia_util)[0m
2026-08-07 16:13:30 [INFO] 
2026-08-07 16:13:30 [INFO]   🔴 [91m[1mPT0002000073573036KH[0m  [2m[Cluster 0 (atribuido)][0m
2026-08-07 16:13:30 [INFO]      consumiu MAIS que o habitual às 15h
2026-08-07 16:13:30 [INFO]      [2mReal:[0m 202.0 kWh   [2mHabitual:[0m 133.5 ± 13.3 kWh   [2mz:[0m +5.13   [2mdesvio:[0m +51%   [2m(2 obs. dia_util)[0m
2026-08-07 16:13:30 [INFO] 
2026-08-07 16:13:30 [INFO]   🔵 [94m[1mPT0002000068855003AK[0m  [2m[Cluster 0 (atribuido)][0m
2026-08-07 16:13:30 [INFO]      consumiu MENOS que o habitual às 19h
2026-08-07 16:13:30 [INFO]      [2mReal:[0m 26.0 kWh   [2mHabitual:[0m 53.0 ± 5.3 kWh   [2mz:[0m -5.09   [2mdesvio:[0m -51%   [2m(2 obs. dia_util)[0m
2026-08-07 16:13:30 [INFO] 
2026-08-07 16:13:30 [INFO]   🔴 [91m[1mPT0002000068855003AK[0m  [2m[Cluster 0 (atribuido)][0m
2026-08-07 16:13:30 [INFO]      consumiu MAIS que o habitual às 04h
2026-08-07 16:13:30 [INFO]      [2mReal:[0m 9.0 kWh   [2mHabitual:[0m 6.0 ± 0.6 kWh   [2mz:[0m +5.00   [2mdesvio:[0m +50%   [2m(2 obs. dia_util)[0m
2026-08-07 16:13:30 [INFO] 
2026-08-07 16:13:30 [INFO]   🔴 [91m[1mPT0002000068855003AK[0m  [2m[Cluster 0 (atribuido)][0m
2026-08-07 16:13:30 [INFO]      consumiu MAIS que o habitual às 05h
2026-08-07 16:13:30 [INFO]      [2mReal:[0m 9.0 kWh   [2mHabitual:[0m 6.0 ± 0.6 kWh   [2mz:[0m +5.00   [2mdesvio:[0m +50%   [2m(2 obs. dia_util)[0m
2026-08-07 16:13:30 [INFO] 
2026-08-07 16:13:30 [INFO]   🔴 [91m[1mPT0002000068857099AR[0m  [2m[Cluster 1][0m
2026-08-07 16:13:30 [INFO]      consumiu MAIS que o habitual às 01h
2026-08-07 16:13:30 [INFO]      [2mReal:[0m 6.0 kWh   [2mHabitual:[0m 4.0 ± 0.4 kWh   [2mz:[0m +5.00   [2mdesvio:[0m +50%   [2m(2 obs. dia_util)[0m
2026-08-07 16:13:30 [INFO] 
2026-08-07 16:13:30 [INFO]   🔴 [91m[1mPT0002000068857099AR[0m  [2m[Cluster 1][0m
2026-08-07 16:13:30 [INFO]      consumiu MAIS que o habitual às 04h
2026-08-07 16:13:30 [INFO]      [2mReal:[0m 6.0 kWh   [2mHabitual:[0m 4.0 ± 0.4 kWh   [2mz:[0m +5.00   [2mdesvio:[0m +50%   [2m(2 obs. dia_util)[0m
2026-08-07 16:13:30 [INFO] 
2026-08-07 16:13:30 [INFO]   🔵 [94m[1mPT0002000068858674WN[0m  [2m[Cluster 1 (atribuido)][0m
2026-08-07 16:13:30 [INFO]      consumiu MENOS que o habitual às 00h
2026-08-07 16:13:30 [INFO]      [2mReal:[0m 4.0 kWh   [2mHabitual:[0m 8.0 ± 0.8 kWh   [2mz:[0m -5.00   [2mdesvio:[0m -50%   [2m(2 obs. dia_util)[0m
2026-08-07 16:13:30 [INFO] 
2026-08-07 16:13:30 [INFO]   🔵 [94m[1mPT0002000068858674WN[0m  [2m[Cluster 1 (atribuido)][0m
2026-08-07 16:13:30 [INFO]      consumiu MENOS que o habitual às 02h
2026-08-07 16:13:30 [INFO]      [2mReal:[0m 4.0 kWh   [2mHabitual:[0m 8.0 ± 0.8 kWh   [2mz:[0m -5.00   [2mdesvio:[0m -50%   [2m(2 obs. dia_util)[0m
2026-08-07 16:13:30 [INFO] 
2026-08-07 16:13:30 [INFO]   🔵 [94m[1mPT0002000068858674WN[0m  [2m[Cluster 1 (atribuido)][0m
2026-08-07 16:13:30 [INFO]      consumiu MENOS que o habitual às 05h
2026-08-07 16:13:30 [INFO]      [2mReal:[0m 4.0 kWh   [2mHabitual:[0m 8.0 ± 0.8 kWh   [2mz:[0m -5.00   [2mdesvio:[0m -50%   [2m(2 obs. dia_util)[0m
2026-08-07 16:13:30 [INFO] 
2026-08-07 16:13:30 [INFO]   🔵 [94m[1mPT0002000068858674WN[0m  [2m[Cluster 1 (atribuido)][0m
2026-08-07 16:13:30 [INFO]      consumiu MENOS que o habitual às 07h
2026-08-07 16:13:30 [INFO]      [2mReal:[0m 4.0 kWh   [2mHabitual:[0m 8.0 ± 0.8 kWh   [2mz:[0m -5.00   [2mdesvio:[0m -50%   [2m(2 obs. dia_util)[0m
2026-08-07 16:13:30 [INFO] 
2026-08-07 16:13:30 [INFO]   🔵 [94m[1mPT0002000068858674WN[0m  [2m[Cluster 1 (atribuido)][0m
2026-08-07 16:13:30 [INFO]      consumiu MENOS que o habitual às 09h
2026-08-07 16:13:30 [INFO]      [2mReal:[0m 4.0 kWh   [2mHabitual:[0m 8.0 ± 0.8 kWh   [2mz:[0m -5.00   [2mdesvio:[0m -50%   [2m(2 obs. dia_util)[0m
2026-08-07 16:13:30 [INFO] 
2026-08-07 16:13:30 [INFO]   🔴 [91m[1mPT0002000068858674WN[0m  [2m[Cluster 1 (atribuido)][0m
2026-08-07 16:13:30 [INFO]      consumiu MAIS que o habitual às 10h
2026-08-07 16:13:30 [INFO]      [2mReal:[0m 12.0 kWh   [2mHabitual:[0m 8.0 ± 0.8 kWh   [2mz:[0m +5.00   [2mdesvio:[0m +50%   [2m(2 obs. dia_util)[0m
2026-08-07 16:13:30 [INFO] 
2026-08-07 16:13:30 [INFO]   🔵 [94m[1mPT0002000068858674WN[0m  [2m[Cluster 1 (atribuido)][0m
2026-08-07 16:13:30 [INFO]      consumiu MENOS que o habitual às 17h
2026-08-07 16:13:30 [INFO]      [2mReal:[0m 4.0 kWh   [2mHabitual:[0m 8.0 ± 0.8 kWh   [2mz:[0m -5.00   [2mdesvio:[0m -50%   [2m(2 obs. dia_util)[0m
2026-08-07 16:13:30 [INFO] 
2026-08-07 16:13:30 [INFO]   🔴 [91m[1mPT0002000075637532JB[0m  [2m[Cluster 0][0m
2026-08-07 16:13:30 [INFO]      consumiu MAIS que o habitual às 03h
2026-08-07 16:13:30 [INFO]      [2mReal:[0m 6.0 kWh   [2mHabitual:[0m 4.0 ± 0.4 kWh   [2mz:[0m +5.00   [2mdesvio:[0m +50%   [2m(2 obs. dia_util)[0m
2026-08-07 16:13:30 [INFO] 
2026-08-07 16:13:30 [INFO]   🔴 [91m[1mPT0002000075637532JB[0m  [2m[Cluster 0][0m
2026-08-07 16:13:30 [INFO]      consumiu MAIS que o habitual às 18h
2026-08-07 16:13:30 [INFO]      [2mReal:[0m 6.0 kWh   [2mHabitual:[0m 4.0 ± 0.4 kWh   [2mz:[0m +5.00   [2mdesvio:[0m +50%   [2m(2 obs. dia_util)[0m
2026-08-07 16:13:30 [INFO] 
2026-08-07 16:13:30 [INFO]   🔴 [91m[1mPT0002000078294957RQ[0m  [2m[Cluster 0][0m
2026-08-07 16:13:30 [INFO]      consumiu MAIS que o habitual às 07h
2026-08-07 16:13:30 [INFO]      [2mReal:[0m 6.0 kWh   [2mHabitual:[0m 4.0 ± 0.4 kWh   [2mz:[0m +5.00   [2mdesvio:[0m +50%   [2m(2 obs. dia_util)[0m
2026-08-07 16:13:30 [INFO] 
2026-08-07 16:13:30 [INFO]   🔴 [91m[1mPT0002000068855003AK[0m  [2m[Cluster 0 (atribuido)][0m
2026-08-07 16:13:30 [INFO]      consumiu MAIS que o habitual às 00h
2026-08-07 16:13:30 [INFO]      [2mReal:[0m 10.0 kWh   [2mHabitual:[0m 6.5 ± 0.7 kWh   [2mz:[0m +4.95   [2mdesvio:[0m +54%   [2m(2 obs. dia_util)[0m
2026-08-07 16:13:30 [INFO] 
2026-08-07 16:13:30 [INFO]   🔴 [91m[1mPT0002000068857909SY[0m  [2m[Cluster 1][0m
2026-08-07 16:13:30 [INFO]      consumiu MAIS que o habitual às 09h
2026-08-07 16:13:30 [INFO]      [2mReal:[0m 10.0 kWh   [2mHabitual:[0m 6.5 ± 0.7 kWh   [2mz:[0m +4.95   [2mdesvio:[0m +54%   [2m(2 obs. dia_util)[0m
2026-08-07 16:13:30 [INFO] 
2026-08-07 16:13:30 [INFO]   🔵 [94m[1mPT0002000078233981HJ[0m  [2m[Cluster 1][0m
2026-08-07 16:13:30 [INFO]      consumiu MENOS que o habitual às 11h
2026-08-07 16:13:30 [INFO]      [2mReal:[0m 4.0 kWh   [2mHabitual:[0m 14.5 ± 2.1 kWh   [2mz:[0m -4.95   [2mdesvio:[0m -72%   [2m(2 obs. dia_util)[0m
2026-08-07 16:13:30 [INFO] 
2026-08-07 16:13:30 [INFO]   🔴 [91m[1mPT0002000110607652SB[0m  [2m[Cluster 0][0m
2026-08-07 16:13:30 [INFO]      consumiu MAIS que o habitual às 00h
2026-08-07 16:13:30 [INFO]      [2mReal:[0m 28.0 kWh   [2mHabitual:[0m 14.0 ± 2.8 kWh   [2mz:[0m +4.95   [2mdesvio:[0m +100%   [2m(2 obs. dia_util)[0m
2026-08-07 16:13:30 [INFO] 
2026-08-07 16:13:30 [INFO]   🔴 [91m[1mPT0002000110607652SB[0m  [2m[Cluster 0][0m
2026-08-07 16:13:30 [INFO]      consumiu MAIS que o habitual às 01h
2026-08-07 16:13:30 [INFO]      [2mReal:[0m 24.0 kWh   [2mHabitual:[0m 10.0 ± 2.8 kWh   [2mz:[0m +4.95   [2mdesvio:[0m +140%   [2m(2 obs. dia_util)[0m
2026-08-07 16:13:30 [INFO] 
2026-08-07 16:13:30 [INFO]   🔴 [91m[1mPT0002000110607652SB[0m  [2m[Cluster 0][0m
2026-08-07 16:13:30 [INFO]      consumiu MAIS que o habitual às 06h
2026-08-07 16:13:30 [INFO]      [2mReal:[0m 24.0 kWh   [2mHabitual:[0m 10.0 ± 2.8 kWh   [2mz:[0m +4.95   [2mdesvio:[0m +140%   [2m(2 obs. dia_util)[0m
2026-08-07 16:13:30 [INFO] 
2026-08-07 16:13:30 [INFO]   🔴 [91m[1mPT0002000201038711LS[0m  [2m[Cluster 1 (atribuido)][0m
2026-08-07 16:13:30 [INFO]      consumiu MAIS que o habitual às 00h
2026-08-07 16:13:30 [INFO]      [2mReal:[0m 27.0 kWh   [2mHabitual:[0m 3.5 ± 5.0 kWh   [2mz:[0m +4.75   [2mdesvio:[0m +671%   [2m(2 obs. dia_util)[0m
2026-08-07 16:13:30 [INFO] 
2026-08-07 16:13:30 [INFO]   🔴 [91m[1mPT0002000081344542CP[0m  [2m[Cluster 1][0m
2026-08-07 16:13:30 [INFO]      consumiu MAIS que o habitual às 13h
2026-08-07 16:13:30 [INFO]      [2mReal:[0m 24.0 kWh   [2mHabitual:[0m 7.5 ± 3.5 kWh   [2mz:[0m +4.67   [2mdesvio:[0m +220%   [2m(2 obs. dia_util)[0m
2026-08-07 16:13:30 [INFO] 
2026-08-07 16:13:30 [INFO]   🔴 [91m[1mPT0002000068859325FL[0m  [2m[Cluster 1][0m
2026-08-07 16:13:30 [INFO]      consumiu MAIS que o habitual às 19h
2026-08-07 16:13:30 [INFO]      [2mReal:[0m 120.0 kWh   [2mHabitual:[0m 82.0 ± 8.2 kWh   [2mz:[0m +4.63   [2mdesvio:[0m +46%   [2m(2 obs. dia_util)[0m
2026-08-07 16:13:30 [INFO] 
2026-08-07 16:13:30 [INFO]   🔴 [91m[1mPT0002000068859187RL[0m  [2m[Cluster 0][0m
2026-08-07 16:13:30 [INFO]      consumiu MAIS que o habitual às 13h
2026-08-07 16:13:30 [INFO]      [2mReal:[0m 59.0 kWh   [2mHabitual:[0m 40.5 ± 4.0 kWh   [2mz:[0m +4.57   [2mdesvio:[0m +46%   [2m(2 obs. dia_util)[0m
2026-08-07 16:13:30 [INFO] 
2026-08-07 16:13:30 [INFO]   🔴 [91m[1mPT0002000073573036KH[0m  [2m[Cluster 0 (atribuido)][0m
2026-08-07 16:13:30 [INFO]      consumiu MAIS que o habitual às 16h
2026-08-07 16:13:30 [INFO]      [2mReal:[0m 201.0 kWh   [2mHabitual:[0m 140.0 ± 14.0 kWh   [2mz:[0m +4.36   [2mdesvio:[0m +44%   [2m(2 obs. dia_util)[0m
2026-08-07 16:13:30 [INFO] 
2026-08-07 16:13:30 [INFO]   🔵 [94m[1mPT0002000068859393XH[0m  [2m[Cluster 1][0m
2026-08-07 16:13:30 [INFO]      consumiu MENOS que o habitual às 06h
2026-08-07 16:13:30 [INFO]      [2mReal:[0m 17.0 kWh   [2mHabitual:[0m 30.0 ± 3.0 kWh   [2mz:[0m -4.33   [2mdesvio:[0m -43%   [2m(2 obs. dia_util)[0m
2026-08-07 16:13:30 [INFO] 
2026-08-07 16:13:30 [INFO]   🔴 [91m[1mPT0002000073573036KH[0m  [2m[Cluster 0 (atribuido)][0m
2026-08-07 16:13:30 [INFO]      consumiu MAIS que o habitual às 18h
2026-08-07 16:13:30 [INFO]      [2mReal:[0m 207.0 kWh   [2mHabitual:[0m 145.0 ± 14.5 kWh   [2mz:[0m +4.28   [2mdesvio:[0m +43%   [2m(2 obs. dia_util)[0m
2026-08-07 16:13:30 [INFO] 
2026-08-07 16:13:30 [INFO]   🔴 [91m[1mPT0002000068859187RL[0m  [2m[Cluster 0][0m
2026-08-07 16:13:30 [INFO]      consumiu MAIS que o habitual às 12h
2026-08-07 16:13:30 [INFO]      [2mReal:[0m 57.0 kWh   [2mHabitual:[0m 39.0 ± 4.2 kWh   [2mz:[0m +4.24   [2mdesvio:[0m +46%   [2m(2 obs. dia_util)[0m
2026-08-07 16:13:30 [INFO] 
2026-08-07 16:13:30 [INFO]   🔵 [94m[1mPT0002000078140706BA[0m  [2m[Cluster 1 (atribuido)][0m
2026-08-07 16:13:30 [INFO]      consumiu MENOS que o habitual às 07h
2026-08-07 16:13:30 [INFO]      [2mReal:[0m 30.0 kWh   [2mHabitual:[0m 52.0 ± 5.2 kWh   [2mz:[0m -4.23   [2mdesvio:[0m -42%   [2m(2 obs. dia_util)[0m
2026-08-07 16:13:30 [INFO] 
2026-08-07 16:13:30 [INFO]   🔴 [91m[1mPT0002000073573036KH[0m  [2m[Cluster 0 (atribuido)][0m
2026-08-07 16:13:30 [INFO]      consumiu MAIS que o habitual às 17h
2026-08-07 16:13:30 [INFO]      [2mReal:[0m 208.0 kWh   [2mHabitual:[0m 146.5 ± 14.7 kWh   [2mz:[0m +4.20   [2mdesvio:[0m +42%   [2m(2 obs. dia_util)[0m
2026-08-07 16:13:30 [INFO] 
2026-08-07 16:13:30 [INFO]   🔴 [91m[1mPT0002000068855003AK[0m  [2m[Cluster 0 (atribuido)][0m
2026-08-07 16:13:30 [INFO]      consumiu MAIS que o habitual às 15h
2026-08-07 16:13:30 [INFO]      [2mReal:[0m 68.0 kWh   [2mHabitual:[0m 48.0 ± 4.8 kWh   [2mz:[0m +4.17   [2mdesvio:[0m +42%   [2m(2 obs. dia_util)[0m
2026-08-07 16:13:30 [INFO] 
2026-08-07 16:13:30 [INFO]   🔴 [91m[1mPT0002000101964938LF[0m  [2m[Cluster 0][0m
2026-08-07 16:13:30 [INFO]      consumiu MAIS que o habitual às 21h
2026-08-07 16:13:30 [INFO]      [2mReal:[0m 18.0 kWh   [2mHabitual:[0m 9.3 ± 2.1 kWh   [2mz:[0m +4.16   [2mdesvio:[0m +93%   [2m(3 obs. dia_util)[0m
2026-08-07 16:13:30 [INFO] 
2026-08-07 16:13:30 [INFO]   🔴 [91m[1mPT0002000068859325FL[0m  [2m[Cluster 1][0m
2026-08-07 16:13:30 [INFO]      consumiu MAIS que o habitual às 08h
2026-08-07 16:13:30 [INFO]      [2mReal:[0m 96.0 kWh   [2mHabitual:[0m 68.0 ± 6.8 kWh   [2mz:[0m +4.12   [2mdesvio:[0m +41%   [2m(2 obs. dia_util)[0m
2026-08-07 16:13:30 [INFO] 
2026-08-07 16:13:30 [INFO]   🔴 [91m[1mPT0002000073720434JD[0m  [2m[Cluster 1 (atribuido)][0m
2026-08-07 16:13:30 [INFO]      consumiu MAIS que o habitual às 15h
2026-08-07 16:13:30 [INFO]      [2mReal:[0m 31.0 kWh   [2mHabitual:[0m 22.0 ± 2.2 kWh   [2mz:[0m +4.09   [2mdesvio:[0m +41%   [2m(2 obs. dia_util)[0m
2026-08-07 16:13:30 [INFO] 
2026-08-07 16:13:30 [INFO]   🔴 [91m[1mPT0002000068859187RL[0m  [2m[Cluster 0][0m
2026-08-07 16:13:30 [INFO]      consumiu MAIS que o habitual às 10h
2026-08-07 16:13:30 [INFO]      [2mReal:[0m 60.0 kWh   [2mHabitual:[0m 43.0 ± 4.3 kWh   [2mz:[0m +3.95   [2mdesvio:[0m +40%   [2m(2 obs. dia_util)[0m
2026-08-07 16:13:30 [INFO] 
2026-08-07 16:13:30 [INFO]   🔴 [91m[1mPT0002000073573036KH[0m  [2m[Cluster 0 (atribuido)][0m
2026-08-07 16:13:30 [INFO]      consumiu MAIS que o habitual às 19h
2026-08-07 16:13:30 [INFO]      [2mReal:[0m 197.0 kWh   [2mHabitual:[0m 141.5 ± 14.2 kWh   [2mz:[0m +3.92   [2mdesvio:[0m +39%   [2m(2 obs. dia_util)[0m
2026-08-07 16:13:30 [INFO] 
2026-08-07 16:13:30 [INFO]   🔴 [91m[1mPT0002000079469719HF[0m  [2m[Cluster 1 (atribuido)][0m
2026-08-07 16:13:30 [INFO]      consumiu MAIS que o habitual às 21h
2026-08-07 16:13:30 [INFO]      [2mReal:[0m 159.0 kWh   [2mHabitual:[0m 39.3 ± 30.9 kWh   [2mz:[0m +3.87   [2mdesvio:[0m +304%   [2m(3 obs. dia_util)[0m
2026-08-07 16:13:30 [INFO] 
2026-08-07 16:13:30 [INFO]   🔴 [91m[1mPT0002000073573036KH[0m  [2m[Cluster 0 (atribuido)][0m
2026-08-07 16:13:30 [INFO]      consumiu MAIS que o habitual às 14h
2026-08-07 16:13:30 [INFO]      [2mReal:[0m 199.0 kWh   [2mHabitual:[0m 144.0 ± 14.4 kWh   [2mz:[0m +3.82   [2mdesvio:[0m +38%   [2m(2 obs. dia_util)[0m
2026-08-07 16:13:30 [INFO] 
2026-08-07 16:13:30 [INFO]   🔴 [91m[1mPT0002000068855003AK[0m  [2m[Cluster 0 (atribuido)][0m
2026-08-07 16:13:30 [INFO]      consumiu MAIS que o habitual às 01h
2026-08-07 16:13:30 [INFO]      [2mReal:[0m 9.0 kWh   [2mHabitual:[0m 6.5 ± 0.7 kWh   [2mz:[0m +3.54   [2mdesvio:[0m +38%   [2m(2 obs. dia_util)[0m
2026-08-07 16:13:30 [INFO] 
2026-08-07 16:13:30 [INFO]   🔴 [91m[1mPT0002000068855003AK[0m  [2m[Cluster 0 (atribuido)][0m
2026-08-07 16:13:30 [INFO]      consumiu MAIS que o habitual às 02h
2026-08-07 16:13:30 [INFO]      [2mReal:[0m 9.0 kWh   [2mHabitual:[0m 6.5 ± 0.7 kWh   [2mz:[0m +3.54   [2mdesvio:[0m +38%   [2m(2 obs. dia_util)[0m
2026-08-07 16:13:30 [INFO] 
2026-08-07 16:13:30 [INFO]   🔴 [91m[1mPT0002000068855003AK[0m  [2m[Cluster 0 (atribuido)][0m
2026-08-07 16:13:30 [INFO]      consumiu MAIS que o habitual às 03h
2026-08-07 16:13:30 [INFO]      [2mReal:[0m 9.0 kWh   [2mHabitual:[0m 6.5 ± 0.7 kWh   [2mz:[0m +3.54   [2mdesvio:[0m +38%   [2m(2 obs. dia_util)[0m
2026-08-07 16:13:30 [INFO] 
2026-08-07 16:13:30 [INFO]   🔴 [91m[1mPT0002000068855003AK[0m  [2m[Cluster 0 (atribuido)][0m
2026-08-07 16:13:30 [INFO]      consumiu MAIS que o habitual às 06h
2026-08-07 16:13:30 [INFO]      [2mReal:[0m 9.0 kWh   [2mHabitual:[0m 6.5 ± 0.7 kWh   [2mz:[0m +3.54   [2mdesvio:[0m +38%   [2m(2 obs. dia_util)[0m
2026-08-07 16:13:30 [INFO] 
2026-08-07 16:13:30 [INFO]   🔵 [94m[1mPT0002000105483259QH[0m  [2m[Cluster 1][0m
2026-08-07 16:13:30 [INFO]      consumiu MENOS que o habitual às 20h
2026-08-07 16:13:30 [INFO]      [2mReal:[0m 0.0 kWh   [2mHabitual:[0m 2.5 ± 0.7 kWh   [2mz:[0m -3.54   [2mdesvio:[0m -100%   [2m(2 obs. dia_util)[0m
2026-08-07 16:13:30 [INFO] 
2026-08-07 16:13:30 [INFO]   🔴 [91m[1mPT0002000110607652SB[0m  [2m[Cluster 0][0m
2026-08-07 16:13:30 [INFO]      consumiu MAIS que o habitual às 04h
2026-08-07 16:13:30 [INFO]      [2mReal:[0m 24.0 kWh   [2mHabitual:[0m 14.0 ± 2.8 kWh   [2mz:[0m +3.54   [2mdesvio:[0m +71%   [2m(2 obs. dia_util)[0m
2026-08-07 16:13:30 [INFO] 
2026-08-07 16:13:30 [INFO]   🔴 [91m[1mPT0002000125701614SQ[0m  [2m[Cluster 1 (atribuido)][0m
2026-08-07 16:13:30 [INFO]      consumiu MAIS que o habitual às 17h
2026-08-07 16:13:30 [INFO]      [2mReal:[0m 52.0 kWh   [2mHabitual:[0m 37.0 ± 4.2 kWh   [2mz:[0m +3.54   [2mdesvio:[0m +41%   [2m(2 obs. dia_util)[0m
2026-08-07 16:13:30 [INFO] 
2026-08-07 16:13:30 [INFO]   🔴 [91m[1mPT0002000073720434JD[0m  [2m[Cluster 1 (atribuido)][0m
2026-08-07 16:13:30 [INFO]      consumiu MAIS que o habitual às 16h
2026-08-07 16:13:30 [INFO]      [2mReal:[0m 31.0 kWh   [2mHabitual:[0m 23.0 ± 2.3 kWh   [2mz:[0m +3.48   [2mdesvio:[0m +35%   [2m(2 obs. dia_util)[0m
2026-08-07 16:13:30 [INFO] 
2026-08-07 16:13:30 [INFO]   🔴 [91m[1mPT0002000068856655YV[0m  [2m[Cluster 0][0m
2026-08-07 16:13:30 [INFO]      consumiu MAIS que o habitual às 02h
2026-08-07 16:13:30 [INFO]      [2mReal:[0m 3.0 kWh   [2mHabitual:[0m 2.0 ± 0.3 kWh   [2mz:[0m +3.33   [2mdesvio:[0m +50%   [2m(2 obs. dia_util)[0m
2026-08-07 16:13:30 [INFO] 
2026-08-07 16:13:30 [INFO]   🔴 [91m[1mPT0002000068856655YV[0m  [2m[Cluster 0][0m
2026-08-07 16:13:30 [INFO]      consumiu MAIS que o habitual às 04h
2026-08-07 16:13:30 [INFO]      [2mReal:[0m 3.0 kWh   [2mHabitual:[0m 2.0 ± 0.3 kWh   [2mz:[0m +3.33   [2mdesvio:[0m +50%   [2m(2 obs. dia_util)[0m
2026-08-07 16:13:30 [INFO] 
2026-08-07 16:13:30 [INFO]   🔴 [91m[1mPT0002000068856655YV[0m  [2m[Cluster 0][0m
2026-08-07 16:13:30 [INFO]      consumiu MAIS que o habitual às 23h
2026-08-07 16:13:30 [INFO]      [2mReal:[0m 3.0 kWh   [2mHabitual:[0m 2.0 ± 0.3 kWh   [2mz:[0m +3.33   [2mdesvio:[0m +50%   [2m(3 obs. dia_util)[0m
2026-08-07 16:13:30 [INFO] 
2026-08-07 16:13:30 [INFO]   🔴 [91m[1mPT0002000068856872QG[0m  [2m[Cluster 1][0m
2026-08-07 16:13:30 [INFO]      consumiu MAIS que o habitual às 08h
2026-08-07 16:13:30 [INFO]      [2mReal:[0m 1.0 kWh   [2mHabitual:[0m 0.0 ± 0.3 kWh   [2mz:[0m +3.33   [2mdesvio:[0m +100000%   [2m(2 obs. dia_util)[0m
2026-08-07 16:13:30 [INFO] 
2026-08-07 16:13:30 [INFO]   🔴 [91m[1mPT0002000068856952LS[0m  [2m[Cluster 2][0m
2026-08-07 16:13:30 [INFO]      consumiu MAIS que o habitual às 17h
2026-08-07 16:13:30 [INFO]      [2mReal:[0m 1.0 kWh   [2mHabitual:[0m 0.0 ± 0.3 kWh   [2mz:[0m +3.33   [2mdesvio:[0m +100000%   [2m(2 obs. dia_util)[0m
2026-08-07 16:13:30 [INFO] 
2026-08-07 16:13:30 [INFO]   🔴 [91m[1mPT0002000071896778MT[0m  [2m[Cluster 0][0m
2026-08-07 16:13:30 [INFO]      consumiu MAIS que o habitual às 07h
2026-08-07 16:13:30 [INFO]      [2mReal:[0m 3.0 kWh   [2mHabitual:[0m 2.0 ± 0.3 kWh   [2mz:[0m +3.33   [2mdesvio:[0m +50%   [2m(2 obs. dia_util)[0m
2026-08-07 16:13:30 [INFO] 
2026-08-07 16:13:30 [INFO]   🔵 [94m[1mPT0002000071896778MT[0m  [2m[Cluster 0][0m
2026-08-07 16:13:30 [INFO]      consumiu MENOS que o habitual às 08h
2026-08-07 16:13:30 [INFO]      [2mReal:[0m 2.0 kWh   [2mHabitual:[0m 3.0 ± 0.3 kWh   [2mz:[0m -3.33   [2mdesvio:[0m -33%   [2m(2 obs. dia_util)[0m
2026-08-07 16:13:30 [INFO] 
2026-08-07 16:13:30 [INFO]   🔴 [91m[1mPT0002000071896778MT[0m  [2m[Cluster 0][0m
2026-08-07 16:13:30 [INFO]      consumiu MAIS que o habitual às 16h
2026-08-07 16:13:30 [INFO]      [2mReal:[0m 3.0 kWh   [2mHabitual:[0m 2.0 ± 0.3 kWh   [2mz:[0m +3.33   [2mdesvio:[0m +50%   [2m(2 obs. dia_util)[0m
2026-08-07 16:13:30 [INFO] 
2026-08-07 16:13:30 [INFO]   🔵 [94m[1mPT0002000071896778MT[0m  [2m[Cluster 0][0m
2026-08-07 16:13:30 [INFO]      consumiu MENOS que o habitual às 17h
2026-08-07 16:13:30 [INFO]      [2mReal:[0m 2.0 kWh   [2mHabitual:[0m 3.0 ± 0.3 kWh   [2mz:[0m -3.33   [2mdesvio:[0m -33%   [2m(2 obs. dia_util)[0m
2026-08-07 16:13:30 [INFO] 
2026-08-07 16:13:30 [INFO]   🔴 [91m[1mPT0002000071896778MT[0m  [2m[Cluster 0][0m
2026-08-07 16:13:30 [INFO]      consumiu MAIS que o habitual às 19h
2026-08-07 16:13:30 [INFO]      [2mReal:[0m 3.0 kWh   [2mHabitual:[0m 2.0 ± 0.3 kWh   [2mz:[0m +3.33   [2mdesvio:[0m +50%   [2m(2 obs. dia_util)[0m
2026-08-07 16:13:30 [INFO] 
2026-08-07 16:13:30 [INFO]   🔵 [94m[1mPT0002000071896778MT[0m  [2m[Cluster 0][0m
2026-08-07 16:13:30 [INFO]      consumiu MENOS que o habitual às 20h
2026-08-07 16:13:30 [INFO]      [2mReal:[0m 2.0 kWh   [2mHabitual:[0m 3.0 ± 0.3 kWh   [2mz:[0m -3.33   [2mdesvio:[0m -33%   [2m(2 obs. dia_util)[0m
2026-08-07 16:13:30 [INFO] 
2026-08-07 16:13:30 [INFO]   🔵 [94m[1mPT0002000078207354XC[0m  [2m[Cluster 1][0m
2026-08-07 16:13:30 [INFO]      consumiu MENOS que o habitual às 02h
2026-08-07 16:13:30 [INFO]      [2mReal:[0m 1.0 kWh   [2mHabitual:[0m 2.0 ± 0.3 kWh   [2mz:[0m -3.33   [2mdesvio:[0m -50%   [2m(2 obs. dia_util)[0m
2026-08-07 16:13:30 [INFO] 
2026-08-07 16:13:30 [INFO]   🔵 [94m[1mPT0002000078207354XC[0m  [2m[Cluster 1][0m
2026-08-07 16:13:30 [INFO]      consumiu MENOS que o habitual às 05h
2026-08-07 16:13:30 [INFO]      [2mReal:[0m 1.0 kWh   [2mHabitual:[0m 2.0 ± 0.3 kWh   [2mz:[0m -3.33   [2mdesvio:[0m -50%   [2m(2 obs. dia_util)[0m
2026-08-07 16:13:30 [INFO] 
2026-08-07 16:13:30 [INFO]   🔴 [91m[1mPT0002000078207354XC[0m  [2m[Cluster 1][0m
2026-08-07 16:13:30 [INFO]      consumiu MAIS que o habitual às 09h
2026-08-07 16:13:30 [INFO]      [2mReal:[0m 2.0 kWh   [2mHabitual:[0m 1.0 ± 0.3 kWh   [2mz:[0m +3.33   [2mdesvio:[0m +100%   [2m(2 obs. dia_util)[0m
2026-08-07 16:13:30 [INFO] 
2026-08-07 16:13:30 [INFO]   🔵 [94m[1mPT0002000078207354XC[0m  [2m[Cluster 1][0m
2026-08-07 16:13:30 [INFO]      consumiu MENOS que o habitual às 10h
2026-08-07 16:13:30 [INFO]      [2mReal:[0m 1.0 kWh   [2mHabitual:[0m 2.0 ± 0.3 kWh   [2mz:[0m -3.33   [2mdesvio:[0m -50%   [2m(2 obs. dia_util)[0m
2026-08-07 16:13:30 [INFO] 
2026-08-07 16:13:30 [INFO]   🔵 [94m[1mPT0002000078207354XC[0m  [2m[Cluster 1][0m
2026-08-07 16:13:30 [INFO]      consumiu MENOS que o habitual às 13h
2026-08-07 16:13:30 [INFO]      [2mReal:[0m 1.0 kWh   [2mHabitual:[0m 2.0 ± 0.3 kWh   [2mz:[0m -3.33   [2mdesvio:[0m -50%   [2m(2 obs. dia_util)[0m
2026-08-07 16:13:30 [INFO] 
2026-08-07 16:13:30 [INFO]   🔵 [94m[1mPT0002000078207354XC[0m  [2m[Cluster 1][0m
2026-08-07 16:13:30 [INFO]      consumiu MENOS que o habitual às 16h
2026-08-07 16:13:30 [INFO]      [2mReal:[0m 1.0 kWh   [2mHabitual:[0m 2.0 ± 0.3 kWh   [2mz:[0m -3.33   [2mdesvio:[0m -50%   [2m(2 obs. dia_util)[0m
2026-08-07 16:13:30 [INFO] 
2026-08-07 16:13:30 [INFO]   🔵 [94m[1mPT0002000078207354XC[0m  [2m[Cluster 1][0m
2026-08-07 16:13:30 [INFO]      consumiu MENOS que o habitual às 19h
2026-08-07 16:13:30 [INFO]      [2mReal:[0m 1.0 kWh   [2mHabitual:[0m 2.0 ± 0.3 kWh   [2mz:[0m -3.33   [2mdesvio:[0m -50%   [2m(2 obs. dia_util)[0m
2026-08-07 16:13:30 [INFO] 
2026-08-07 16:13:30 [INFO]   🔴 [91m[1mPT0002000078207354XC[0m  [2m[Cluster 1][0m
2026-08-07 16:13:30 [INFO]      consumiu MAIS que o habitual às 20h
2026-08-07 16:13:30 [INFO]      [2mReal:[0m 2.0 kWh   [2mHabitual:[0m 1.0 ± 0.3 kWh   [2mz:[0m +3.33   [2mdesvio:[0m +100%   [2m(2 obs. dia_util)[0m
2026-08-07 16:13:30 [INFO] 
2026-08-07 16:13:30 [INFO]   🔵 [94m[1mPT0002000078207354XC[0m  [2m[Cluster 1][0m
2026-08-07 16:13:30 [INFO]      consumiu MENOS que o habitual às 21h
2026-08-07 16:13:30 [INFO]      [2mReal:[0m 1.0 kWh   [2mHabitual:[0m 2.0 ± 0.3 kWh   [2mz:[0m -3.33   [2mdesvio:[0m -50%   [2m(3 obs. dia_util)[0m
2026-08-07 16:13:30 [INFO] 
2026-08-07 16:13:30 [INFO]   🔵 [94m[1mPT0002000078233981HJ[0m  [2m[Cluster 1][0m
2026-08-07 16:13:30 [INFO]      consumiu MENOS que o habitual às 06h
2026-08-07 16:13:30 [INFO]      [2mReal:[0m 1.0 kWh   [2mHabitual:[0m 2.0 ± 0.3 kWh   [2mz:[0m -3.33   [2mdesvio:[0m -50%   [2m(2 obs. dia_util)[0m
2026-08-07 16:13:30 [INFO] 
2026-08-07 16:13:30 [INFO]   🔴 [91m[1mPT0002000103647515BL[0m  [2m[Cluster 1 (atribuido)][0m
2026-08-07 16:13:30 [INFO]      consumiu MAIS que o habitual às 00h
2026-08-07 16:13:30 [INFO]      [2mReal:[0m 2.0 kWh   [2mHabitual:[0m 1.0 ± 0.3 kWh   [2mz:[0m +3.33   [2mdesvio:[0m +100%   [2m(2 obs. dia_util)[0m
2026-08-07 16:13:30 [INFO] 
2026-08-07 16:13:30 [INFO]   🔴 [91m[1mPT0002000103647515BL[0m  [2m[Cluster 1 (atribuido)][0m
2026-08-07 16:13:30 [INFO]      consumiu MAIS que o habitual às 20h
2026-08-07 16:13:30 [INFO]      [2mReal:[0m 3.0 kWh   [2mHabitual:[0m 2.0 ± 0.3 kWh   [2mz:[0m +3.33   [2mdesvio:[0m +50%   [2m(2 obs. dia_util)[0m
2026-08-07 16:13:30 [INFO] 
2026-08-07 16:13:30 [INFO]   🔴 [91m[1mPT0002000103647515BL[0m  [2m[Cluster 1 (atribuido)][0m
2026-08-07 16:13:30 [INFO]      consumiu MAIS que o habitual às 23h
2026-08-07 16:13:30 [INFO]      [2mReal:[0m 3.0 kWh   [2mHabitual:[0m 2.0 ± 0.3 kWh   [2mz:[0m +3.33   [2mdesvio:[0m +50%   [2m(3 obs. dia_util)[0m
2026-08-07 16:13:30 [INFO] 
2026-08-07 16:13:30 [INFO]   🔴 [91m[1mPT0002000105483259QH[0m  [2m[Cluster 1][0m
2026-08-07 16:13:30 [INFO]      consumiu MAIS que o habitual às 04h
2026-08-07 16:13:30 [INFO]      [2mReal:[0m 1.0 kWh   [2mHabitual:[0m 0.0 ± 0.3 kWh   [2mz:[0m +3.33   [2mdesvio:[0m +100000%   [2m(2 obs. dia_util)[0m
2026-08-07 16:13:30 [INFO] 
2026-08-07 16:13:30 [INFO]   🔵 [94m[1mPT0002000105483259QH[0m  [2m[Cluster 1][0m
2026-08-07 16:13:30 [INFO]      consumiu MENOS que o habitual às 06h
2026-08-07 16:13:30 [INFO]      [2mReal:[0m 0.0 kWh   [2mHabitual:[0m 1.0 ± 0.3 kWh   [2mz:[0m -3.33   [2mdesvio:[0m -100%   [2m(2 obs. dia_util)[0m
2026-08-07 16:13:30 [INFO] 
2026-08-07 16:13:30 [INFO]   🔴 [91m[1mPT0002000105483259QH[0m  [2m[Cluster 1][0m
2026-08-07 16:13:30 [INFO]      consumiu MAIS que o habitual às 07h
2026-08-07 16:13:30 [INFO]      [2mReal:[0m 1.0 kWh   [2mHabitual:[0m 0.0 ± 0.3 kWh   [2mz:[0m +3.33   [2mdesvio:[0m +100000%   [2m(2 obs. dia_util)[0m
2026-08-07 16:13:30 [INFO] 
2026-08-07 16:13:30 [INFO]   🔵 [94m[1mPT0002000105483259QH[0m  [2m[Cluster 1][0m
2026-08-07 16:13:30 [INFO]      consumiu MENOS que o habitual às 09h
2026-08-07 16:13:30 [INFO]      [2mReal:[0m 0.0 kWh   [2mHabitual:[0m 1.0 ± 0.3 kWh   [2mz:[0m -3.33   [2mdesvio:[0m -100%   [2m(2 obs. dia_util)[0m
2026-08-07 16:13:30 [INFO] 
2026-08-07 16:13:30 [INFO]   🔴 [91m[1mPT0002000105483259QH[0m  [2m[Cluster 1][0m
2026-08-07 16:13:30 [INFO]      consumiu MAIS que o habitual às 10h
2026-08-07 16:13:30 [INFO]      [2mReal:[0m 1.0 kWh   [2mHabitual:[0m 0.0 ± 0.3 kWh   [2mz:[0m +3.33   [2mdesvio:[0m +100000%   [2m(2 obs. dia_util)[0m
2026-08-07 16:13:30 [INFO] 
2026-08-07 16:13:30 [INFO]   🔴 [91m[1mPT0002000107046231FW[0m  [2m[Cluster 0][0m
2026-08-07 16:13:30 [INFO]      consumiu MAIS que o habitual às 04h
2026-08-07 16:13:30 [INFO]      [2mReal:[0m 4.0 kWh   [2mHabitual:[0m 3.0 ± 0.3 kWh   [2mz:[0m +3.33   [2mdesvio:[0m +33%   [2m(2 obs. dia_util)[0m
2026-08-07 16:13:30 [INFO] 
2026-08-07 16:13:30 [INFO]   🔴 [91m[1mPT0002000107046231FW[0m  [2m[Cluster 0][0m
2026-08-07 16:13:30 [INFO]      consumiu MAIS que o habitual às 05h
2026-08-07 16:13:30 [INFO]      [2mReal:[0m 4.0 kWh   [2mHabitual:[0m 3.0 ± 0.3 kWh   [2mz:[0m +3.33   [2mdesvio:[0m +33%   [2m(2 obs. dia_util)[0m
2026-08-07 16:13:30 [INFO] 
2026-08-07 16:13:30 [INFO]   🔴 [91m[1mPT0002000107046231FW[0m  [2m[Cluster 0][0m
2026-08-07 16:13:30 [INFO]      consumiu MAIS que o habitual às 09h
2026-08-07 16:13:30 [INFO]      [2mReal:[0m 4.0 kWh   [2mHabitual:[0m 3.0 ± 0.3 kWh   [2mz:[0m +3.33   [2mdesvio:[0m +33%   [2m(2 obs. dia_util)[0m
2026-08-07 16:13:30 [INFO] 
2026-08-07 16:13:30 [INFO]   🔴 [91m[1mPT0002000107046231FW[0m  [2m[Cluster 0][0m
2026-08-07 16:13:30 [INFO]      consumiu MAIS que o habitual às 12h
2026-08-07 16:13:30 [INFO]      [2mReal:[0m 2.0 kWh   [2mHabitual:[0m 1.0 ± 0.3 kWh   [2mz:[0m +3.33   [2mdesvio:[0m +100%   [2m(2 obs. dia_util)[0m
2026-08-07 16:13:30 [INFO] 
2026-08-07 16:13:30 [INFO]   🔴 [91m[1mPT0002000109837807PE[0m  [2m[Cluster 1][0m
2026-08-07 16:13:30 [INFO]      consumiu MAIS que o habitual às 07h
2026-08-07 16:13:30 [INFO]      [2mReal:[0m 4.0 kWh   [2mHabitual:[0m 3.0 ± 0.3 kWh   [2mz:[0m +3.33   [2mdesvio:[0m +33%   [2m(2 obs. dia_util)[0m
2026-08-07 16:13:30 [INFO] 
2026-08-07 16:13:30 [INFO]   🔴 [91m[1mPT0002000115031201VQ[0m  [2m[Cluster 0][0m
2026-08-07 16:13:30 [INFO]      consumiu MAIS que o habitual às 01h
2026-08-07 16:13:30 [INFO]      [2mReal:[0m 4.0 kWh   [2mHabitual:[0m 3.0 ± 0.3 kWh   [2mz:[0m +3.33   [2mdesvio:[0m +33%   [2m(2 obs. dia_util)[0m
2026-08-07 16:13:30 [INFO] 
2026-08-07 16:13:30 [INFO]   🔴 [91m[1mPT0002000115031201VQ[0m  [2m[Cluster 0][0m
2026-08-07 16:13:30 [INFO]      consumiu MAIS que o habitual às 03h
2026-08-07 16:13:30 [INFO]      [2mReal:[0m 4.0 kWh   [2mHabitual:[0m 3.0 ± 0.3 kWh   [2mz:[0m +3.33   [2mdesvio:[0m +33%   [2m(2 obs. dia_util)[0m
2026-08-07 16:13:30 [INFO] 
2026-08-07 16:13:30 [INFO]   🔴 [91m[1mPT0002000115673471CB[0m  [2m[Cluster 0][0m
2026-08-07 16:13:30 [INFO]      consumiu MAIS que o habitual às 05h
2026-08-07 16:13:30 [INFO]      [2mReal:[0m 16.0 kWh   [2mHabitual:[0m 12.0 ± 1.2 kWh   [2mz:[0m +3.33   [2mdesvio:[0m +33%   [2m(2 obs. dia_util)[0m
2026-08-07 16:13:30 [INFO] 
2026-08-07 16:13:30 [INFO]   🔴 [91m[1mPT0002000119303492KB[0m  [2m[Cluster 0][0m
2026-08-07 16:13:30 [INFO]      consumiu MAIS que o habitual às 08h
2026-08-07 16:13:30 [INFO]      [2mReal:[0m 3.0 kWh   [2mHabitual:[0m 2.0 ± 0.3 kWh   [2mz:[0m +3.33   [2mdesvio:[0m +50%   [2m(2 obs. dia_util)[0m
2026-08-07 16:13:30 [INFO] 
2026-08-07 16:13:30 [INFO]   🔵 [94m[1mPT0002000119303492KB[0m  [2m[Cluster 0][0m
2026-08-07 16:13:30 [INFO]      consumiu MENOS que o habitual às 09h
2026-08-07 16:13:30 [INFO]      [2mReal:[0m 2.0 kWh   [2mHabitual:[0m 3.0 ± 0.3 kWh   [2mz:[0m -3.33   [2mdesvio:[0m -33%   [2m(2 obs. dia_util)[0m
2026-08-07 16:13:30 [INFO] 
2026-08-07 16:13:30 [INFO]   🔵 [94m[1mPT0002000119303492KB[0m  [2m[Cluster 0][0m
2026-08-07 16:13:30 [INFO]      consumiu MENOS que o habitual às 12h
2026-08-07 16:13:30 [INFO]      [2mReal:[0m 2.0 kWh   [2mHabitual:[0m 3.0 ± 0.3 kWh   [2mz:[0m -3.33   [2mdesvio:[0m -33%   [2m(2 obs. dia_util)[0m
2026-08-07 16:13:30 [INFO] 
2026-08-07 16:13:30 [INFO]   🔴 [91m[1mPT0002000119303492KB[0m  [2m[Cluster 0][0m
2026-08-07 16:13:30 [INFO]      consumiu MAIS que o habitual às 19h
2026-08-07 16:13:30 [INFO]      [2mReal:[0m 4.0 kWh   [2mHabitual:[0m 3.0 ± 0.3 kWh   [2mz:[0m +3.33   [2mdesvio:[0m +33%   [2m(2 obs. dia_util)[0m
2026-08-07 16:13:30 [INFO] 
2026-08-07 16:13:30 [INFO]   🔴 [91m[1mPT0002000123648159KR[0m  [2m[Cluster 0][0m
2026-08-07 16:13:30 [INFO]      consumiu MAIS que o habitual às 05h
2026-08-07 16:13:30 [INFO]      [2mReal:[0m 3.0 kWh   [2mHabitual:[0m 2.0 ± 0.3 kWh   [2mz:[0m +3.33   [2mdesvio:[0m +50%   [2m(2 obs. dia_util)[0m
2026-08-07 16:13:30 [INFO] 
2026-08-07 16:13:30 [INFO]   🔴 [91m[1mPT0002000123648159KR[0m  [2m[Cluster 0][0m
2026-08-07 16:13:30 [INFO]      consumiu MAIS que o habitual às 10h
2026-08-07 16:13:30 [INFO]      [2mReal:[0m 3.0 kWh   [2mHabitual:[0m 2.0 ± 0.3 kWh   [2mz:[0m +3.33   [2mdesvio:[0m +50%   [2m(2 obs. dia_util)[0m
2026-08-07 16:13:30 [INFO] 
2026-08-07 16:13:30 [INFO]   🔴 [91m[1mPT0002000123648159KR[0m  [2m[Cluster 0][0m
2026-08-07 16:13:30 [INFO]      consumiu MAIS que o habitual às 15h
2026-08-07 16:13:30 [INFO]      [2mReal:[0m 3.0 kWh   [2mHabitual:[0m 2.0 ± 0.3 kWh   [2mz:[0m +3.33   [2mdesvio:[0m +50%   [2m(2 obs. dia_util)[0m
2026-08-07 16:13:30 [INFO] 
2026-08-07 16:13:30 [INFO]   🔴 [91m[1mPT0002000201936109ME[0m  [2m[Cluster 0][0m
2026-08-07 16:13:30 [INFO]      consumiu MAIS que o habitual às 05h
2026-08-07 16:13:30 [INFO]      [2mReal:[0m 1.0 kWh   [2mHabitual:[0m 0.0 ± 0.3 kWh   [2mz:[0m +3.33   [2mdesvio:[0m +100000%   [2m(2 obs. dia_util)[0m
2026-08-07 16:13:30 [INFO] 
2026-08-07 16:13:30 [INFO]   🔴 [91m[1mPT0002000201936109ME[0m  [2m[Cluster 0][0m
2026-08-07 16:13:30 [INFO]      consumiu MAIS que o habitual às 14h
2026-08-07 16:13:30 [INFO]      [2mReal:[0m 1.0 kWh   [2mHabitual:[0m 0.0 ± 0.3 kWh   [2mz:[0m +3.33   [2mdesvio:[0m +100000%   [2m(2 obs. dia_util)[0m
2026-08-07 16:13:30 [INFO] 
2026-08-07 16:13:30 [INFO]   🔴 [91m[1mPT0002000068859325FL[0m  [2m[Cluster 1][0m
2026-08-07 16:13:30 [INFO]      consumiu MAIS que o habitual às 14h
2026-08-07 16:13:30 [INFO]      [2mReal:[0m 184.0 kWh   [2mHabitual:[0m 112.0 ± 22.6 kWh   [2mz:[0m +3.18   [2mdesvio:[0m +64%   [2m(2 obs. dia_util)[0m
2026-08-07 16:13:30 [INFO] 
2026-08-07 16:13:30 [INFO]   🔴 [91m[1mPT0002000101964938LF[0m  [2m[Cluster 0][0m
2026-08-07 16:13:30 [INFO]      consumiu MAIS que o habitual às 08h
2026-08-07 16:13:30 [INFO]      [2mReal:[0m 51.0 kWh   [2mHabitual:[0m 33.0 ± 5.7 kWh   [2mz:[0m +3.18   [2mdesvio:[0m +55%   [2m(2 obs. dia_util)[0m
2026-08-07 16:13:30 [INFO] 
2026-08-07 16:13:30 [INFO]   🔴 [91m[1mPT0002000068857897ZV[0m  [2m[Cluster 0][0m
2026-08-07 16:13:30 [INFO]      consumiu MAIS que o habitual às 18h
2026-08-07 16:13:30 [INFO]      [2mReal:[0m 36.0 kWh   [2mHabitual:[0m 27.5 ± 2.8 kWh   [2mz:[0m +3.09   [2mdesvio:[0m +31%   [2m(2 obs. dia_util)[0m
2026-08-07 16:13:30 [INFO] 
2026-08-07 16:13:30 [INFO]   [2mCSV:[0m /home/runner/work/ts-anomaly-detection-dissertation/ts-anomaly-detection-dissertation/results/energia/realtime/alerts/analise_energia_2026-08-06.csv
2026-08-07 16:13:30 [INFO] 
2026-08-07 16:13:30 [INFO] [96m→ A prever consumo de 2026-08-07 para 276 CPEs...[0m
2026-08-07 16:13:33 [INFO] [1m══════════════════════════════════════════════════════════════════════[0m
2026-08-07 16:13:33 [INFO] [1m  PREDIÇÃO — 2026-08-07 [0m[2m(dia util)[0m
2026-08-07 16:13:33 [INFO] [1m══════════════════════════════════════════════════════════════════════[0m
2026-08-07 16:13:33 [INFO]   [95m● CPEs previstos[0m          69 [2m(alta: 0, baixa: 1656)[0m
2026-08-07 16:13:33 [INFO]   [95m● Consumo total previsto[0m 87945.7 kWh [2m(±13290.2)[0m
2026-08-07 16:13:33 [INFO] 
2026-08-07 16:13:33 [INFO]   [2mPrevisão guardada:[0m /home/runner/work/ts-anomaly-detection-dissertation/ts-anomaly-detection-dissertation/results/energia/realtime/predictions/previsao_energia_2026-08-07.csv
2026-08-07 16:13:33 [INFO] 
2026-08-07 16:13:33 [INFO] [1m══════════════════════════════════════════════════════════════════════[0m
2026-08-07 16:13:33 [INFO] [1m  VALIDAÇÃO — qualidade das previsões anteriores[0m
2026-08-07 16:13:33 [INFO] [1m══════════════════════════════════════════════════════════════════════[0m
2026-08-07 16:13:33 [INFO]   [2mDias validados:[0m 2   [2mpendentes:[0m 53
2026-08-07 16:13:33 [INFO]   [2mÚltimo (2026-08-05):[0m MAE 7.16 kWh   RMSE 20.13   em ±1σ 72% [2m(esperado ~68%)[0m   em ±2σ 86% [2m(esperado ~95%)[0m
2026-08-07 16:13:33 [INFO]   [2mMédia acumulada:[0m MAE 8.66 kWh   RMSE 23.43   em ±1σ 71%   em ±2σ 85%
2026-08-07 16:13:33 [INFO]   [2mCSV:[0m /home/runner/work/ts-anomaly-detection-dissertation/ts-anomaly-detection-dissertation/results/energia/realtime/analysis/qualidade_previsoes_energia.csv
2026-08-07 16:13:33 [INFO] 
2026-08-07 16:13:33 [INFO] 
2026-08-07 16:13:33 [INFO] Concluido em 469.3s. Ficheiros gerados: 2
