2026-07-28 11:57:40 [INFO] [96m→ A pedir dados ao BaZe (276 CPEs)...[0m
2026-07-28 12:09:44 [INFO]   [2mClusters atribuidos carregados:[0m 22 novos
2026-07-28 12:09:44 [INFO] 
2026-07-28 12:09:44 [INFO] [1m══════════════════════════════════════════════════════════════════════[0m
2026-07-28 12:09:44 [INFO] [1m  DETEÇÃO DE ANOMALIAS — 2026-07-25[0m
2026-07-28 12:09:44 [INFO] [1m══════════════════════════════════════════════════════════════════════[0m
2026-07-28 12:09:44 [INFO]   [2mTipo de dia:[0m  fim semana
2026-07-28 12:09:44 [INFO]   [2mFonte:[0m        BAZE
2026-07-28 12:09:44 [INFO]   [2mCPEs c/ dados:[0m 69
2026-07-28 12:09:44 [INFO]   [2mThreshold:[0m    |z| > 3.5 [2m(adaptativo a este tipo de dia)[0m
2026-07-28 12:09:44 [INFO] 
2026-07-28 12:09:44 [INFO] [96m→ A analisar 69 CPEs / 1656 pontos horários (retrospetiva)...[0m
2026-07-28 12:09:46 [INFO] [1m─── Resumo ─────────────────────────────────────[0m
2026-07-28 12:09:46 [INFO]   [92m● Normal[0m                1304 [2m( 78.7%)[0m
2026-07-28 12:09:46 [INFO]   [91m● Desvio (alta confiança)[0m    0 [2m(  0.0%)[0m
2026-07-28 12:09:46 [INFO]   [93m● Desvio (baixa confiança)[0m 352 [2m( 21.3%)[0m
2026-07-28 12:09:46 [INFO]   [2mTempo: 725.9s[0m
2026-07-28 12:09:46 [INFO] 
2026-07-28 12:09:46 [INFO] [1m[93m─── Desvios de BAIXA confiança (352) ──────────────[0m
2026-07-28 12:09:46 [INFO]   [2m(poucos dados históricos — verificar manualmente)[0m
2026-07-28 12:09:46 [INFO] 
2026-07-28 12:09:46 [INFO]   🔴 [91m[1mPT0002000068856872QG[0m  [2m[Cluster 1][0m
2026-07-28 12:09:46 [INFO]      consumiu MAIS que o habitual às 08h
2026-07-28 12:09:46 [INFO]      [2mReal:[0m 3.0 kWh   [2mHabitual:[0m 0.0 ± 0.3 kWh   [2mz:[0m +10.00   [2mdesvio:[0m +300000%   [2m(2 obs. fim_semana)[0m
2026-07-28 12:09:46 [INFO] 
2026-07-28 12:09:46 [INFO]   🔴 [91m[1mPT0002000073720434JD[0m  [2m[Cluster 1 (atribuido)][0m
2026-07-28 12:09:46 [INFO]      consumiu MAIS que o habitual às 00h
2026-07-28 12:09:46 [INFO]      [2mReal:[0m 55.0 kWh   [2mHabitual:[0m 22.5 ± 2.2 kWh   [2mz:[0m +10.00⁺   [2mdesvio:[0m +144%   [2m(2 obs. fim_semana)[0m
2026-07-28 12:09:46 [INFO] 
2026-07-28 12:09:46 [INFO]   🔴 [91m[1mPT0002000073720434JD[0m  [2m[Cluster 1 (atribuido)][0m
2026-07-28 12:09:46 [INFO]      consumiu MAIS que o habitual às 01h
2026-07-28 12:09:46 [INFO]      [2mReal:[0m 94.0 kWh   [2mHabitual:[0m 24.5 ± 2.5 kWh   [2mz:[0m +10.00⁺   [2mdesvio:[0m +284%   [2m(2 obs. fim_semana)[0m
2026-07-28 12:09:46 [INFO] 
2026-07-28 12:09:46 [INFO]   🔴 [91m[1mPT0002000073720434JD[0m  [2m[Cluster 1 (atribuido)][0m
2026-07-28 12:09:46 [INFO]      consumiu MAIS que o habitual às 02h
2026-07-28 12:09:46 [INFO]      [2mReal:[0m 95.0 kWh   [2mHabitual:[0m 23.0 ± 2.3 kWh   [2mz:[0m +10.00⁺   [2mdesvio:[0m +313%   [2m(2 obs. fim_semana)[0m
2026-07-28 12:09:46 [INFO] 
2026-07-28 12:09:46 [INFO]   🔴 [91m[1mPT0002000077348081AG[0m  [2m[Cluster 0 (atribuido)][0m
2026-07-28 12:09:46 [INFO]      consumiu MAIS que o habitual às 23h
2026-07-28 12:09:46 [INFO]      [2mReal:[0m 64.0 kWh   [2mHabitual:[0m 24.3 ± 2.4 kWh   [2mz:[0m +10.00⁺   [2mdesvio:[0m +163%   [2m(3 obs. fim_semana)[0m
2026-07-28 12:09:46 [INFO] 
2026-07-28 12:09:46 [INFO]   🔵 [94m[1mPT0002000078140706BA[0m  [2m[Cluster 1 (atribuido)][0m
2026-07-28 12:09:46 [INFO]      consumiu MENOS que o habitual às 09h
2026-07-28 12:09:46 [INFO]      [2mReal:[0m 0.0 kWh   [2mHabitual:[0m 59.5 ± 6.0 kWh   [2mz:[0m -10.00   [2mdesvio:[0m -100%   [2m(2 obs. fim_semana)[0m
2026-07-28 12:09:46 [INFO] 
2026-07-28 12:09:46 [INFO]   🔴 [91m[1mPT0002000109837807PE[0m  [2m[Cluster 1][0m
2026-07-28 12:09:46 [INFO]      consumiu MAIS que o habitual às 10h
2026-07-28 12:09:46 [INFO]      [2mReal:[0m 16.0 kWh   [2mHabitual:[0m 4.0 ± 0.4 kWh   [2mz:[0m +10.00⁺   [2mdesvio:[0m +300%   [2m(2 obs. fim_semana)[0m
2026-07-28 12:09:46 [INFO] 
2026-07-28 12:09:46 [INFO]   🔴 [91m[1mPT0002000125379984SH[0m  [2m[Cluster 1][0m
2026-07-28 12:09:46 [INFO]      consumiu MAIS que o habitual às 04h
2026-07-28 12:09:46 [INFO]      [2mReal:[0m 5.0 kWh   [2mHabitual:[0m 2.0 ± 0.3 kWh   [2mz:[0m +10.00   [2mdesvio:[0m +150%   [2m(2 obs. fim_semana)[0m
2026-07-28 12:09:46 [INFO] 
2026-07-28 12:09:46 [INFO]   🔴 [91m[1mPT0002000201038711LS[0m  [2m[Cluster 1 (atribuido)][0m
2026-07-28 12:09:46 [INFO]      consumiu MAIS que o habitual às 03h
2026-07-28 12:09:46 [INFO]      [2mReal:[0m 40.0 kWh   [2mHabitual:[0m 0.5 ± 0.7 kWh   [2mz:[0m +10.00⁺   [2mdesvio:[0m +7900%   [2m(2 obs. fim_semana)[0m
2026-07-28 12:09:46 [INFO] 
2026-07-28 12:09:46 [INFO]   🔴 [91m[1mPT0002000201038711LS[0m  [2m[Cluster 1 (atribuido)][0m
2026-07-28 12:09:46 [INFO]      consumiu MAIS que o habitual às 04h
2026-07-28 12:09:46 [INFO]      [2mReal:[0m 26.0 kWh   [2mHabitual:[0m 0.0 ± 0.3 kWh   [2mz:[0m +10.00⁺   [2mdesvio:[0m +2600000%   [2m(2 obs. fim_semana)[0m
2026-07-28 12:09:46 [INFO] 
2026-07-28 12:09:46 [INFO]   🔵 [94m[1mPT0002000201038711LS[0m  [2m[Cluster 1 (atribuido)][0m
2026-07-28 12:09:46 [INFO]      consumiu MENOS que o habitual às 14h
2026-07-28 12:09:46 [INFO]      [2mReal:[0m 0.0 kWh   [2mHabitual:[0m 15.5 ± 1.6 kWh   [2mz:[0m -10.00   [2mdesvio:[0m -100%   [2m(2 obs. fim_semana)[0m
2026-07-28 12:09:46 [INFO] 
2026-07-28 12:09:46 [INFO]   🔴 [91m[1mPT0002000203419117SJ[0m  [2m[Cluster 2 (atribuido)][0m
2026-07-28 12:09:46 [INFO]      consumiu MAIS que o habitual às 05h
2026-07-28 12:09:46 [INFO]      [2mReal:[0m 4.0 kWh   [2mHabitual:[0m 0.0 ± 0.3 kWh   [2mz:[0m +10.00⁺   [2mdesvio:[0m +400000%   [2m(2 obs. fim_semana)[0m
2026-07-28 12:09:46 [INFO] 
2026-07-28 12:09:46 [INFO]   🔴 [91m[1mPT0002000203886452WB[0m  [2m[Cluster 1 (atribuido)][0m
2026-07-28 12:09:46 [INFO]      consumiu MAIS que o habitual às 11h
2026-07-28 12:09:46 [INFO]      [2mReal:[0m 4.0 kWh   [2mHabitual:[0m 0.0 ± 0.3 kWh   [2mz:[0m +10.00⁺   [2mdesvio:[0m +400000%   [2m(2 obs. fim_semana)[0m
2026-07-28 12:09:46 [INFO] 
2026-07-28 12:09:46 [INFO]   🔴 [91m[1mPT0002000203886452WB[0m  [2m[Cluster 1 (atribuido)][0m
2026-07-28 12:09:46 [INFO]      consumiu MAIS que o habitual às 12h
2026-07-28 12:09:46 [INFO]      [2mReal:[0m 8.0 kWh   [2mHabitual:[0m 0.0 ± 0.3 kWh   [2mz:[0m +10.00⁺   [2mdesvio:[0m +800000%   [2m(2 obs. fim_semana)[0m
2026-07-28 12:09:46 [INFO] 
2026-07-28 12:09:46 [INFO]   🔴 [91m[1mPT0002000203886452WB[0m  [2m[Cluster 1 (atribuido)][0m
2026-07-28 12:09:46 [INFO]      consumiu MAIS que o habitual às 13h
2026-07-28 12:09:46 [INFO]      [2mReal:[0m 12.0 kWh   [2mHabitual:[0m 0.0 ± 0.3 kWh   [2mz:[0m +10.00⁺   [2mdesvio:[0m +1200000%   [2m(2 obs. fim_semana)[0m
2026-07-28 12:09:46 [INFO] 
2026-07-28 12:09:46 [INFO]   🔴 [91m[1mPT0002000203886452WB[0m  [2m[Cluster 1 (atribuido)][0m
2026-07-28 12:09:46 [INFO]      consumiu MAIS que o habitual às 14h
2026-07-28 12:09:46 [INFO]      [2mReal:[0m 16.0 kWh   [2mHabitual:[0m 0.0 ± 0.3 kWh   [2mz:[0m +10.00⁺   [2mdesvio:[0m +1600000%   [2m(2 obs. fim_semana)[0m
2026-07-28 12:09:46 [INFO] 
2026-07-28 12:09:46 [INFO]   🔴 [91m[1mPT0002000203886452WB[0m  [2m[Cluster 1 (atribuido)][0m
2026-07-28 12:09:46 [INFO]      consumiu MAIS que o habitual às 15h
2026-07-28 12:09:46 [INFO]      [2mReal:[0m 24.0 kWh   [2mHabitual:[0m 0.0 ± 0.3 kWh   [2mz:[0m +10.00⁺   [2mdesvio:[0m +2400000%   [2m(2 obs. fim_semana)[0m
2026-07-28 12:09:46 [INFO] 
2026-07-28 12:09:46 [INFO]   🔴 [91m[1mPT0002000203886452WB[0m  [2m[Cluster 1 (atribuido)][0m
2026-07-28 12:09:46 [INFO]      consumiu MAIS que o habitual às 16h
2026-07-28 12:09:46 [INFO]      [2mReal:[0m 40.0 kWh   [2mHabitual:[0m 0.0 ± 0.3 kWh   [2mz:[0m +10.00⁺   [2mdesvio:[0m +4000000%   [2m(2 obs. fim_semana)[0m
2026-07-28 12:09:46 [INFO] 
2026-07-28 12:09:46 [INFO]   🔴 [91m[1mPT0002000203886452WB[0m  [2m[Cluster 1 (atribuido)][0m
2026-07-28 12:09:46 [INFO]      consumiu MAIS que o habitual às 17h
2026-07-28 12:09:46 [INFO]      [2mReal:[0m 32.0 kWh   [2mHabitual:[0m 0.0 ± 0.3 kWh   [2mz:[0m +10.00⁺   [2mdesvio:[0m +3200000%   [2m(2 obs. fim_semana)[0m
2026-07-28 12:09:46 [INFO] 
2026-07-28 12:09:46 [INFO]   🔴 [91m[1mPT0002000203886452WB[0m  [2m[Cluster 1 (atribuido)][0m
2026-07-28 12:09:46 [INFO]      consumiu MAIS que o habitual às 18h
2026-07-28 12:09:46 [INFO]      [2mReal:[0m 32.0 kWh   [2mHabitual:[0m 0.0 ± 0.3 kWh   [2mz:[0m +10.00⁺   [2mdesvio:[0m +3200000%   [2m(2 obs. fim_semana)[0m
2026-07-28 12:09:46 [INFO] 
2026-07-28 12:09:46 [INFO]   🔴 [91m[1mPT0002000203886452WB[0m  [2m[Cluster 1 (atribuido)][0m
2026-07-28 12:09:46 [INFO]      consumiu MAIS que o habitual às 19h
2026-07-28 12:09:46 [INFO]      [2mReal:[0m 32.0 kWh   [2mHabitual:[0m 0.0 ± 0.3 kWh   [2mz:[0m +10.00⁺   [2mdesvio:[0m +3200000%   [2m(2 obs. fim_semana)[0m
2026-07-28 12:09:46 [INFO] 
2026-07-28 12:09:46 [INFO]   🔴 [91m[1mPT0002000203886452WB[0m  [2m[Cluster 1 (atribuido)][0m
2026-07-28 12:09:46 [INFO]      consumiu MAIS que o habitual às 20h
2026-07-28 12:09:46 [INFO]      [2mReal:[0m 32.0 kWh   [2mHabitual:[0m 0.0 ± 0.3 kWh   [2mz:[0m +10.00⁺   [2mdesvio:[0m +3200000%   [2m(2 obs. fim_semana)[0m
2026-07-28 12:09:46 [INFO] 
2026-07-28 12:09:46 [INFO]   🔴 [91m[1mPT0002000203886452WB[0m  [2m[Cluster 1 (atribuido)][0m
2026-07-28 12:09:46 [INFO]      consumiu MAIS que o habitual às 21h
2026-07-28 12:09:46 [INFO]      [2mReal:[0m 32.0 kWh   [2mHabitual:[0m 0.0 ± 0.3 kWh   [2mz:[0m +10.00⁺   [2mdesvio:[0m +3200000%   [2m(3 obs. fim_semana)[0m
2026-07-28 12:09:46 [INFO] 
2026-07-28 12:09:46 [INFO]   🔴 [91m[1mPT0002000203886452WB[0m  [2m[Cluster 1 (atribuido)][0m
2026-07-28 12:09:46 [INFO]      consumiu MAIS que o habitual às 22h
2026-07-28 12:09:46 [INFO]      [2mReal:[0m 32.0 kWh   [2mHabitual:[0m 0.0 ± 0.3 kWh   [2mz:[0m +10.00⁺   [2mdesvio:[0m +3200000%   [2m(3 obs. fim_semana)[0m
2026-07-28 12:09:46 [INFO] 
2026-07-28 12:09:46 [INFO]   🔴 [91m[1mPT0002000203886452WB[0m  [2m[Cluster 1 (atribuido)][0m
2026-07-28 12:09:46 [INFO]      consumiu MAIS que o habitual às 23h
2026-07-28 12:09:46 [INFO]      [2mReal:[0m 28.0 kWh   [2mHabitual:[0m 0.0 ± 0.3 kWh   [2mz:[0m +10.00⁺   [2mdesvio:[0m +2800000%   [2m(3 obs. fim_semana)[0m
2026-07-28 12:09:46 [INFO] 
2026-07-28 12:09:46 [INFO]   🔵 [94m[1mPT0002000081344542CP[0m  [2m[Cluster 1][0m
2026-07-28 12:09:46 [INFO]      consumiu MENOS que o habitual às 20h
2026-07-28 12:09:46 [INFO]      [2mReal:[0m 1.0 kWh   [2mHabitual:[0m 38.0 ± 3.8 kWh   [2mz:[0m -9.74   [2mdesvio:[0m -97%   [2m(2 obs. fim_semana)[0m
2026-07-28 12:09:46 [INFO] 
2026-07-28 12:09:46 [INFO]   🔵 [94m[1mPT0002000081344542CP[0m  [2m[Cluster 1][0m
2026-07-28 12:09:46 [INFO]      consumiu MENOS que o habitual às 19h
2026-07-28 12:09:46 [INFO]      [2mReal:[0m 2.0 kWh   [2mHabitual:[0m 35.5 ± 3.5 kWh   [2mz:[0m -9.44   [2mdesvio:[0m -94%   [2m(2 obs. fim_semana)[0m
2026-07-28 12:09:46 [INFO] 
2026-07-28 12:09:46 [INFO]   🔵 [94m[1mPT0002000123648159KR[0m  [2m[Cluster 0][0m
2026-07-28 12:09:46 [INFO]      consumiu MENOS que o habitual às 07h
2026-07-28 12:09:46 [INFO]      [2mReal:[0m 2.0 kWh   [2mHabitual:[0m 28.5 ± 2.9 kWh   [2mz:[0m -9.30   [2mdesvio:[0m -93%   [2m(2 obs. fim_semana)[0m
2026-07-28 12:09:46 [INFO] 
2026-07-28 12:09:46 [INFO]   🔵 [94m[1mPT0002000123648159KR[0m  [2m[Cluster 0][0m
2026-07-28 12:09:46 [INFO]      consumiu MENOS que o habitual às 08h
2026-07-28 12:09:46 [INFO]      [2mReal:[0m 2.0 kWh   [2mHabitual:[0m 28.5 ± 2.9 kWh   [2mz:[0m -9.30   [2mdesvio:[0m -93%   [2m(2 obs. fim_semana)[0m
2026-07-28 12:09:46 [INFO] 
2026-07-28 12:09:46 [INFO]   🔵 [94m[1mPT0002000123648159KR[0m  [2m[Cluster 0][0m
2026-07-28 12:09:46 [INFO]      consumiu MENOS que o habitual às 11h
2026-07-28 12:09:46 [INFO]      [2mReal:[0m 2.0 kWh   [2mHabitual:[0m 28.0 ± 2.8 kWh   [2mz:[0m -9.29   [2mdesvio:[0m -93%   [2m(2 obs. fim_semana)[0m
2026-07-28 12:09:46 [INFO] 
2026-07-28 12:09:46 [INFO]   🔵 [94m[1mPT0002000107046231FW[0m  [2m[Cluster 0][0m
2026-07-28 12:09:46 [INFO]      consumiu MENOS que o habitual às 12h
2026-07-28 12:09:46 [INFO]      [2mReal:[0m 2.0 kWh   [2mHabitual:[0m 27.0 ± 2.7 kWh   [2mz:[0m -9.26   [2mdesvio:[0m -93%   [2m(2 obs. fim_semana)[0m
2026-07-28 12:09:46 [INFO] 
2026-07-28 12:09:46 [INFO]   🔵 [94m[1mPT0002000123648159KR[0m  [2m[Cluster 0][0m
2026-07-28 12:09:46 [INFO]      consumiu MENOS que o habitual às 10h
2026-07-28 12:09:46 [INFO]      [2mReal:[0m 2.0 kWh   [2mHabitual:[0m 27.0 ± 2.7 kWh   [2mz:[0m -9.26   [2mdesvio:[0m -93%   [2m(2 obs. fim_semana)[0m
2026-07-28 12:09:46 [INFO] 
2026-07-28 12:09:46 [INFO]   🔵 [94m[1mPT0002000123648159KR[0m  [2m[Cluster 0][0m
2026-07-28 12:09:46 [INFO]      consumiu MENOS que o habitual às 13h
2026-07-28 12:09:46 [INFO]      [2mReal:[0m 2.0 kWh   [2mHabitual:[0m 28.0 ± 2.8 kWh   [2mz:[0m -9.19   [2mdesvio:[0m -93%   [2m(2 obs. fim_semana)[0m
2026-07-28 12:09:46 [INFO] 
2026-07-28 12:09:46 [INFO]   🔵 [94m[1mPT0002000123648159KR[0m  [2m[Cluster 0][0m
2026-07-28 12:09:46 [INFO]      consumiu MENOS que o habitual às 12h
2026-07-28 12:09:46 [INFO]      [2mReal:[0m 3.0 kWh   [2mHabitual:[0m 34.5 ± 3.5 kWh   [2mz:[0m -9.13   [2mdesvio:[0m -91%   [2m(2 obs. fim_semana)[0m
2026-07-28 12:09:46 [INFO] 
2026-07-28 12:09:46 [INFO]   🔵 [94m[1mPT0002000071896778MT[0m  [2m[Cluster 0][0m
2026-07-28 12:09:46 [INFO]      consumiu MENOS que o habitual às 10h
2026-07-28 12:09:46 [INFO]      [2mReal:[0m 3.0 kWh   [2mHabitual:[0m 31.0 ± 3.1 kWh   [2mz:[0m -9.03   [2mdesvio:[0m -90%   [2m(2 obs. fim_semana)[0m
2026-07-28 12:09:46 [INFO] 
2026-07-28 12:09:46 [INFO]   🔵 [94m[1mPT0002000078207354XC[0m  [2m[Cluster 1][0m
2026-07-28 12:09:46 [INFO]      consumiu MENOS que o habitual às 19h
2026-07-28 12:09:46 [INFO]      [2mReal:[0m 2.0 kWh   [2mHabitual:[0m 20.5 ± 2.0 kWh   [2mz:[0m -9.02   [2mdesvio:[0m -90%   [2m(2 obs. fim_semana)[0m
2026-07-28 12:09:46 [INFO] 
2026-07-28 12:09:46 [INFO]   🔵 [94m[1mPT0002000078207354XC[0m  [2m[Cluster 1][0m
2026-07-28 12:09:46 [INFO]      consumiu MENOS que o habitual às 20h
2026-07-28 12:09:46 [INFO]      [2mReal:[0m 2.0 kWh   [2mHabitual:[0m 20.0 ± 2.0 kWh   [2mz:[0m -9.00   [2mdesvio:[0m -90%   [2m(2 obs. fim_semana)[0m
2026-07-28 12:09:46 [INFO] 
2026-07-28 12:09:46 [INFO]   🔵 [94m[1mPT0002000119303492KB[0m  [2m[Cluster 0][0m
2026-07-28 12:09:46 [INFO]      consumiu MENOS que o habitual às 10h
2026-07-28 12:09:46 [INFO]      [2mReal:[0m 4.0 kWh   [2mHabitual:[0m 42.0 ± 4.2 kWh   [2mz:[0m -8.96   [2mdesvio:[0m -90%   [2m(2 obs. fim_semana)[0m
2026-07-28 12:09:46 [INFO] 
2026-07-28 12:09:46 [INFO]   🔵 [94m[1mPT0002000073481266XH[0m  [2m[Cluster 0][0m
2026-07-28 12:09:46 [INFO]      consumiu MENOS que o habitual às 12h
2026-07-28 12:09:46 [INFO]      [2mReal:[0m 5.0 kWh   [2mHabitual:[0m 45.5 ± 4.5 kWh   [2mz:[0m -8.90   [2mdesvio:[0m -89%   [2m(2 obs. fim_semana)[0m
2026-07-28 12:09:46 [INFO] 
2026-07-28 12:09:46 [INFO]   🔵 [94m[1mPT0002000123648159KR[0m  [2m[Cluster 0][0m
2026-07-28 12:09:46 [INFO]      consumiu MENOS que o habitual às 09h
2026-07-28 12:09:46 [INFO]      [2mReal:[0m 3.0 kWh   [2mHabitual:[0m 26.5 ± 2.6 kWh   [2mz:[0m -8.87   [2mdesvio:[0m -89%   [2m(2 obs. fim_semana)[0m
2026-07-28 12:09:46 [INFO] 
2026-07-28 12:09:46 [INFO]   🔵 [94m[1mPT0002000073481266XH[0m  [2m[Cluster 0][0m
2026-07-28 12:09:46 [INFO]      consumiu MENOS que o habitual às 10h
2026-07-28 12:09:46 [INFO]      [2mReal:[0m 5.0 kWh   [2mHabitual:[0m 43.5 ± 4.3 kWh   [2mz:[0m -8.85   [2mdesvio:[0m -89%   [2m(2 obs. fim_semana)[0m
2026-07-28 12:09:46 [INFO] 
2026-07-28 12:09:46 [INFO]   🔵 [94m[1mPT0002000071896778MT[0m  [2m[Cluster 0][0m
2026-07-28 12:09:46 [INFO]      consumiu MENOS que o habitual às 07h
2026-07-28 12:09:46 [INFO]      [2mReal:[0m 3.0 kWh   [2mHabitual:[0m 28.0 ± 2.8 kWh   [2mz:[0m -8.84   [2mdesvio:[0m -89%   [2m(2 obs. fim_semana)[0m
2026-07-28 12:09:46 [INFO] 
2026-07-28 12:09:46 [INFO]   🔵 [94m[1mPT0002000073481266XH[0m  [2m[Cluster 0][0m
2026-07-28 12:09:46 [INFO]      consumiu MENOS que o habitual às 09h
2026-07-28 12:09:46 [INFO]      [2mReal:[0m 5.0 kWh   [2mHabitual:[0m 41.5 ± 4.2 kWh   [2mz:[0m -8.80   [2mdesvio:[0m -88%   [2m(2 obs. fim_semana)[0m
2026-07-28 12:09:46 [INFO] 
2026-07-28 12:09:46 [INFO]   🔵 [94m[1mPT0002000078294957RQ[0m  [2m[Cluster 0][0m
2026-07-28 12:09:46 [INFO]      consumiu MENOS que o habitual às 13h
2026-07-28 12:09:46 [INFO]      [2mReal:[0m 5.0 kWh   [2mHabitual:[0m 38.0 ± 3.8 kWh   [2mz:[0m -8.68   [2mdesvio:[0m -87%   [2m(2 obs. fim_semana)[0m
2026-07-28 12:09:46 [INFO] 
2026-07-28 12:09:46 [INFO]   🔵 [94m[1mPT0002000110607652SB[0m  [2m[Cluster 0][0m
2026-07-28 12:09:46 [INFO]      consumiu MENOS que o habitual às 13h
2026-07-28 12:09:46 [INFO]      [2mReal:[0m 8.0 kWh   [2mHabitual:[0m 60.0 ± 6.0 kWh   [2mz:[0m -8.67   [2mdesvio:[0m -87%   [2m(2 obs. fim_semana)[0m
2026-07-28 12:09:46 [INFO] 
2026-07-28 12:09:46 [INFO]   🔵 [94m[1mPT0002000123648159KR[0m  [2m[Cluster 0][0m
2026-07-28 12:09:46 [INFO]      consumiu MENOS que o habitual às 16h
2026-07-28 12:09:46 [INFO]      [2mReal:[0m 2.0 kWh   [2mHabitual:[0m 15.0 ± 1.5 kWh   [2mz:[0m -8.67   [2mdesvio:[0m -87%   [2m(2 obs. fim_semana)[0m
2026-07-28 12:09:46 [INFO] 
2026-07-28 12:09:46 [INFO]   🔵 [94m[1mPT0002000073481266XH[0m  [2m[Cluster 0][0m
2026-07-28 12:09:46 [INFO]      consumiu MENOS que o habitual às 14h
2026-07-28 12:09:46 [INFO]      [2mReal:[0m 6.0 kWh   [2mHabitual:[0m 42.0 ± 4.2 kWh   [2mz:[0m -8.57   [2mdesvio:[0m -86%   [2m(2 obs. fim_semana)[0m
2026-07-28 12:09:46 [INFO] 
2026-07-28 12:09:46 [INFO]   🔵 [94m[1mPT0002000073481266XH[0m  [2m[Cluster 0][0m
2026-07-28 12:09:46 [INFO]      consumiu MENOS que o habitual às 17h
2026-07-28 12:09:46 [INFO]      [2mReal:[0m 6.0 kWh   [2mHabitual:[0m 41.0 ± 4.1 kWh   [2mz:[0m -8.54   [2mdesvio:[0m -85%   [2m(2 obs. fim_semana)[0m
2026-07-28 12:09:46 [INFO] 
2026-07-28 12:09:46 [INFO]   🔵 [94m[1mPT0002000119303492KB[0m  [2m[Cluster 0][0m
2026-07-28 12:09:46 [INFO]      consumiu MENOS que o habitual às 08h
2026-07-28 12:09:46 [INFO]      [2mReal:[0m 3.0 kWh   [2mHabitual:[0m 20.5 ± 2.0 kWh   [2mz:[0m -8.54   [2mdesvio:[0m -85%   [2m(2 obs. fim_semana)[0m
2026-07-28 12:09:46 [INFO] 
2026-07-28 12:09:46 [INFO]   🔵 [94m[1mPT0002000078294957RQ[0m  [2m[Cluster 0][0m
2026-07-28 12:09:46 [INFO]      consumiu MENOS que o habitual às 11h
2026-07-28 12:09:46 [INFO]      [2mReal:[0m 4.0 kWh   [2mHabitual:[0m 27.0 ± 2.7 kWh   [2mz:[0m -8.52   [2mdesvio:[0m -85%   [2m(2 obs. fim_semana)[0m
2026-07-28 12:09:46 [INFO] 
2026-07-28 12:09:46 [INFO]   🔵 [94m[1mPT0002000071896778MT[0m  [2m[Cluster 0][0m
2026-07-28 12:09:46 [INFO]      consumiu MENOS que o habitual às 12h
2026-07-28 12:09:46 [INFO]      [2mReal:[0m 4.0 kWh   [2mHabitual:[0m 28.0 ± 2.8 kWh   [2mz:[0m -8.49   [2mdesvio:[0m -86%   [2m(2 obs. fim_semana)[0m
2026-07-28 12:09:46 [INFO] 
2026-07-28 12:09:46 [INFO]   🔵 [94m[1mPT0002000123648159KR[0m  [2m[Cluster 0][0m
2026-07-28 12:09:46 [INFO]      consumiu MENOS que o habitual às 15h
2026-07-28 12:09:46 [INFO]      [2mReal:[0m 2.0 kWh   [2mHabitual:[0m 14.0 ± 1.4 kWh   [2mz:[0m -8.49   [2mdesvio:[0m -86%   [2m(2 obs. fim_semana)[0m
2026-07-28 12:09:46 [INFO] 
2026-07-28 12:09:46 [INFO]   🔵 [94m[1mPT0002000078207354XC[0m  [2m[Cluster 1][0m
2026-07-28 12:09:46 [INFO]      consumiu MENOS que o habitual às 18h
2026-07-28 12:09:46 [INFO]      [2mReal:[0m 3.0 kWh   [2mHabitual:[0m 19.5 ± 1.9 kWh   [2mz:[0m -8.46   [2mdesvio:[0m -85%   [2m(2 obs. fim_semana)[0m
2026-07-28 12:09:46 [INFO] 
2026-07-28 12:09:46 [INFO]   🔵 [94m[1mPT0002000073481266XH[0m  [2m[Cluster 0][0m
2026-07-28 12:09:46 [INFO]      consumiu MENOS que o habitual às 15h
2026-07-28 12:09:46 [INFO]      [2mReal:[0m 6.0 kWh   [2mHabitual:[0m 38.5 ± 3.9 kWh   [2mz:[0m -8.44   [2mdesvio:[0m -84%   [2m(2 obs. fim_semana)[0m
2026-07-28 12:09:46 [INFO] 
2026-07-28 12:09:46 [INFO]   🔵 [94m[1mPT0002000078294957RQ[0m  [2m[Cluster 0][0m
2026-07-28 12:09:46 [INFO]      consumiu MENOS que o habitual às 10h
2026-07-28 12:09:46 [INFO]      [2mReal:[0m 4.0 kWh   [2mHabitual:[0m 25.5 ± 2.5 kWh   [2mz:[0m -8.43   [2mdesvio:[0m -84%   [2m(2 obs. fim_semana)[0m
2026-07-28 12:09:46 [INFO] 
2026-07-28 12:09:46 [INFO]   🔵 [94m[1mPT0002000115700602GW[0m  [2m[Cluster 0][0m
2026-07-28 12:09:46 [INFO]      consumiu MENOS que o habitual às 11h
2026-07-28 12:09:46 [INFO]      [2mReal:[0m 7.0 kWh   [2mHabitual:[0m 44.5 ± 4.5 kWh   [2mz:[0m -8.43   [2mdesvio:[0m -84%   [2m(2 obs. fim_semana)[0m
2026-07-28 12:09:46 [INFO] 
2026-07-28 12:09:46 [INFO]   🔵 [94m[1mPT0002000115700602GW[0m  [2m[Cluster 0][0m
2026-07-28 12:09:46 [INFO]      consumiu MENOS que o habitual às 12h
2026-07-28 12:09:46 [INFO]      [2mReal:[0m 7.0 kWh   [2mHabitual:[0m 44.5 ± 4.5 kWh   [2mz:[0m -8.43   [2mdesvio:[0m -84%   [2m(2 obs. fim_semana)[0m
2026-07-28 12:09:46 [INFO] 
2026-07-28 12:09:46 [INFO]   🔵 [94m[1mPT0002000073481266XH[0m  [2m[Cluster 0][0m
2026-07-28 12:09:46 [INFO]      consumiu MENOS que o habitual às 11h
2026-07-28 12:09:46 [INFO]      [2mReal:[0m 6.0 kWh   [2mHabitual:[0m 38.0 ± 3.8 kWh   [2mz:[0m -8.42   [2mdesvio:[0m -84%   [2m(2 obs. fim_semana)[0m
2026-07-28 12:09:46 [INFO] 
2026-07-28 12:09:46 [INFO]   🔵 [94m[1mPT0002000068859187RL[0m  [2m[Cluster 0][0m
2026-07-28 12:09:46 [INFO]      consumiu MENOS que o habitual às 10h
2026-07-28 12:09:46 [INFO]      [2mReal:[0m 12.0 kWh   [2mHabitual:[0m 75.0 ± 7.5 kWh   [2mz:[0m -8.40   [2mdesvio:[0m -84%   [2m(2 obs. fim_semana)[0m
2026-07-28 12:09:46 [INFO] 
2026-07-28 12:09:46 [INFO]   🔵 [94m[1mPT0002000033074862LZ[0m  [2m[Cluster 0][0m
2026-07-28 12:09:46 [INFO]      consumiu MENOS que o habitual às 12h
2026-07-28 12:09:46 [INFO]      [2mReal:[0m 10.0 kWh   [2mHabitual:[0m 61.5 ± 6.2 kWh   [2mz:[0m -8.37   [2mdesvio:[0m -84%   [2m(2 obs. fim_semana)[0m
2026-07-28 12:09:46 [INFO] 
2026-07-28 12:09:46 [INFO]   🔵 [94m[1mPT0002000078294957RQ[0m  [2m[Cluster 0][0m
2026-07-28 12:09:46 [INFO]      consumiu MENOS que o habitual às 12h
2026-07-28 12:09:46 [INFO]      [2mReal:[0m 5.0 kWh   [2mHabitual:[0m 29.5 ± 3.0 kWh   [2mz:[0m -8.31   [2mdesvio:[0m -83%   [2m(2 obs. fim_semana)[0m
2026-07-28 12:09:46 [INFO] 
2026-07-28 12:09:46 [INFO]   🔵 [94m[1mPT0002000071896778MT[0m  [2m[Cluster 0][0m
2026-07-28 12:09:46 [INFO]      consumiu MENOS que o habitual às 08h
2026-07-28 12:09:46 [INFO]      [2mReal:[0m 4.0 kWh   [2mHabitual:[0m 23.5 ± 2.4 kWh   [2mz:[0m -8.30   [2mdesvio:[0m -83%   [2m(2 obs. fim_semana)[0m
2026-07-28 12:09:46 [INFO] 
2026-07-28 12:09:46 [INFO]   🔵 [94m[1mPT0002000112989585PH[0m  [2m[Cluster 0][0m
2026-07-28 12:09:46 [INFO]      consumiu MENOS que o habitual às 15h
2026-07-28 12:09:46 [INFO]      [2mReal:[0m 6.0 kWh   [2mHabitual:[0m 35.0 ± 3.5 kWh   [2mz:[0m -8.29   [2mdesvio:[0m -83%   [2m(2 obs. fim_semana)[0m
2026-07-28 12:09:46 [INFO] 
2026-07-28 12:09:46 [INFO]   🔵 [94m[1mPT0002000120237616VJ[0m  [2m[Cluster 0][0m
2026-07-28 12:09:46 [INFO]      consumiu MENOS que o habitual às 12h
2026-07-28 12:09:46 [INFO]      [2mReal:[0m 11.0 kWh   [2mHabitual:[0m 63.5 ± 6.3 kWh   [2mz:[0m -8.27   [2mdesvio:[0m -83%   [2m(2 obs. fim_semana)[0m
2026-07-28 12:09:46 [INFO] 
2026-07-28 12:09:46 [INFO]   🔵 [94m[1mPT0002000110607652SB[0m  [2m[Cluster 0][0m
2026-07-28 12:09:46 [INFO]      consumiu MENOS que o habitual às 15h
2026-07-28 12:09:46 [INFO]      [2mReal:[0m 8.0 kWh   [2mHabitual:[0m 78.0 ± 8.5 kWh   [2mz:[0m -8.25   [2mdesvio:[0m -90%   [2m(2 obs. fim_semana)[0m
2026-07-28 12:09:46 [INFO] 
2026-07-28 12:09:46 [INFO]   🔵 [94m[1mPT0002000068859393XH[0m  [2m[Cluster 1][0m
2026-07-28 12:09:46 [INFO]      consumiu MENOS que o habitual às 07h
2026-07-28 12:09:46 [INFO]      [2mReal:[0m 16.0 kWh   [2mHabitual:[0m 87.0 ± 8.7 kWh   [2mz:[0m -8.16   [2mdesvio:[0m -82%   [2m(2 obs. fim_semana)[0m
2026-07-28 12:09:46 [INFO] 
2026-07-28 12:09:46 [INFO]   🔵 [94m[1mPT0002000119303492KB[0m  [2m[Cluster 0][0m
2026-07-28 12:09:46 [INFO]      consumiu MENOS que o habitual às 15h
2026-07-28 12:09:46 [INFO]      [2mReal:[0m 4.0 kWh   [2mHabitual:[0m 21.0 ± 2.1 kWh   [2mz:[0m -8.10   [2mdesvio:[0m -81%   [2m(2 obs. fim_semana)[0m
2026-07-28 12:09:46 [INFO] 
2026-07-28 12:09:46 [INFO]   🔵 [94m[1mPT0002000075637532JB[0m  [2m[Cluster 0][0m
2026-07-28 12:09:46 [INFO]      consumiu MENOS que o habitual às 12h
2026-07-28 12:09:46 [INFO]      [2mReal:[0m 5.0 kWh   [2mHabitual:[0m 26.0 ± 2.6 kWh   [2mz:[0m -8.08   [2mdesvio:[0m -81%   [2m(2 obs. fim_semana)[0m
2026-07-28 12:09:46 [INFO] 
2026-07-28 12:09:46 [INFO]   🔵 [94m[1mPT0002000123648159KR[0m  [2m[Cluster 0][0m
2026-07-28 12:09:46 [INFO]      consumiu MENOS que o habitual às 14h
2026-07-28 12:09:46 [INFO]      [2mReal:[0m 3.0 kWh   [2mHabitual:[0m 15.5 ± 1.6 kWh   [2mz:[0m -8.06   [2mdesvio:[0m -81%   [2m(2 obs. fim_semana)[0m
2026-07-28 12:09:46 [INFO] 
2026-07-28 12:09:46 [INFO]   🔵 [94m[1mPT0002000115700602GW[0m  [2m[Cluster 0][0m
2026-07-28 12:09:46 [INFO]      consumiu MENOS que o habitual às 13h
2026-07-28 12:09:46 [INFO]      [2mReal:[0m 8.0 kWh   [2mHabitual:[0m 39.0 ± 3.9 kWh   [2mz:[0m -7.95   [2mdesvio:[0m -79%   [2m(2 obs. fim_semana)[0m
2026-07-28 12:09:46 [INFO] 
2026-07-28 12:09:46 [INFO]   🔵 [94m[1mPT0002000110607652SB[0m  [2m[Cluster 0][0m
2026-07-28 12:09:46 [INFO]      consumiu MENOS que o habitual às 09h
2026-07-28 12:09:46 [INFO]      [2mReal:[0m 12.0 kWh   [2mHabitual:[0m 58.0 ± 5.8 kWh   [2mz:[0m -7.93   [2mdesvio:[0m -79%   [2m(2 obs. fim_semana)[0m
2026-07-28 12:09:46 [INFO] 
2026-07-28 12:09:46 [INFO]   🔴 [91m[1mPT0002000068858674WN[0m  [2m[Cluster 1 (atribuido)][0m
2026-07-28 12:09:46 [INFO]      consumiu MAIS que o habitual às 01h
2026-07-28 12:09:46 [INFO]      [2mReal:[0m 68.0 kWh   [2mHabitual:[0m 38.0 ± 3.8 kWh   [2mz:[0m +7.89   [2mdesvio:[0m +79%   [2m(2 obs. fim_semana)[0m
2026-07-28 12:09:46 [INFO] 
2026-07-28 12:09:46 [INFO]   🔵 [94m[1mPT0002000101964938LF[0m  [2m[Cluster 0][0m
2026-07-28 12:09:46 [INFO]      consumiu MENOS que o habitual às 15h
2026-07-28 12:09:46 [INFO]      [2mReal:[0m 14.0 kWh   [2mHabitual:[0m 66.0 ± 6.6 kWh   [2mz:[0m -7.88   [2mdesvio:[0m -79%   [2m(2 obs. fim_semana)[0m
2026-07-28 12:09:46 [INFO] 
2026-07-28 12:09:46 [INFO]   🔵 [94m[1mPT0002000068858231YY[0m  [2m[Cluster 0 (atribuido)][0m
2026-07-28 12:09:46 [INFO]      consumiu MENOS que o habitual às 12h
2026-07-28 12:09:46 [INFO]      [2mReal:[0m 15.0 kWh   [2mHabitual:[0m 68.5 ± 6.8 kWh   [2mz:[0m -7.81   [2mdesvio:[0m -78%   [2m(2 obs. fim_semana)[0m
2026-07-28 12:09:46 [INFO] 
2026-07-28 12:09:46 [INFO]   🔵 [94m[1mPT0002000115673471CB[0m  [2m[Cluster 0][0m
2026-07-28 12:09:46 [INFO]      consumiu MENOS que o habitual às 13h
2026-07-28 12:09:46 [INFO]      [2mReal:[0m 10.0 kWh   [2mHabitual:[0m 45.5 ± 4.5 kWh   [2mz:[0m -7.80   [2mdesvio:[0m -78%   [2m(2 obs. fim_semana)[0m
2026-07-28 12:09:46 [INFO] 
2026-07-28 12:09:46 [INFO]   🔵 [94m[1mPT0002000033074862LZ[0m  [2m[Cluster 0][0m
2026-07-28 12:09:46 [INFO]      consumiu MENOS que o habitual às 08h
2026-07-28 12:09:46 [INFO]      [2mReal:[0m 11.0 kWh   [2mHabitual:[0m 49.5 ± 5.0 kWh   [2mz:[0m -7.78   [2mdesvio:[0m -78%   [2m(2 obs. fim_semana)[0m
2026-07-28 12:09:46 [INFO] 
2026-07-28 12:09:46 [INFO]   🔵 [94m[1mPT0002000071896778MT[0m  [2m[Cluster 0][0m
2026-07-28 12:09:46 [INFO]      consumiu MENOS que o habitual às 13h
2026-07-28 12:09:46 [INFO]      [2mReal:[0m 4.0 kWh   [2mHabitual:[0m 18.0 ± 1.8 kWh   [2mz:[0m -7.78   [2mdesvio:[0m -78%   [2m(2 obs. fim_semana)[0m
2026-07-28 12:09:46 [INFO] 
2026-07-28 12:09:46 [INFO]   🔵 [94m[1mPT0002000078207354XC[0m  [2m[Cluster 1][0m
2026-07-28 12:09:46 [INFO]      consumiu MENOS que o habitual às 10h
2026-07-28 12:09:46 [INFO]      [2mReal:[0m 2.0 kWh   [2mHabitual:[0m 9.0 ± 0.9 kWh   [2mz:[0m -7.78   [2mdesvio:[0m -78%   [2m(2 obs. fim_semana)[0m
2026-07-28 12:09:46 [INFO] 
2026-07-28 12:09:46 [INFO]   🔵 [94m[1mPT0002000078233981HJ[0m  [2m[Cluster 1][0m
2026-07-28 12:09:46 [INFO]      consumiu MENOS que o habitual às 19h
2026-07-28 12:09:46 [INFO]      [2mReal:[0m 3.0 kWh   [2mHabitual:[0m 19.5 ± 2.1 kWh   [2mz:[0m -7.78   [2mdesvio:[0m -85%   [2m(2 obs. fim_semana)[0m
2026-07-28 12:09:46 [INFO] 
2026-07-28 12:09:46 [INFO]   🔵 [94m[1mPT0002000119303492KB[0m  [2m[Cluster 0][0m
2026-07-28 12:09:46 [INFO]      consumiu MENOS que o habitual às 07h
2026-07-28 12:09:46 [INFO]      [2mReal:[0m 3.0 kWh   [2mHabitual:[0m 13.5 ± 1.4 kWh   [2mz:[0m -7.78   [2mdesvio:[0m -78%   [2m(2 obs. fim_semana)[0m
2026-07-28 12:09:46 [INFO] 
2026-07-28 12:09:46 [INFO]   🔵 [94m[1mPT0002000119303492KB[0m  [2m[Cluster 0][0m
2026-07-28 12:09:46 [INFO]      consumiu MENOS que o habitual às 11h
2026-07-28 12:09:46 [INFO]      [2mReal:[0m 3.0 kWh   [2mHabitual:[0m 41.5 ± 5.0 kWh   [2mz:[0m -7.78   [2mdesvio:[0m -93%   [2m(2 obs. fim_semana)[0m
2026-07-28 12:09:46 [INFO] 
2026-07-28 12:09:46 [INFO]   🔵 [94m[1mPT0002000033074862LZ[0m  [2m[Cluster 0][0m
2026-07-28 12:09:46 [INFO]      consumiu MENOS que o habitual às 10h
2026-07-28 12:09:46 [INFO]      [2mReal:[0m 12.0 kWh   [2mHabitual:[0m 53.5 ± 5.3 kWh   [2mz:[0m -7.76   [2mdesvio:[0m -78%   [2m(2 obs. fim_semana)[0m
2026-07-28 12:09:46 [INFO] 
2026-07-28 12:09:46 [INFO]   🔵 [94m[1mPT0002000068858231YY[0m  [2m[Cluster 0 (atribuido)][0m
2026-07-28 12:09:46 [INFO]      consumiu MENOS que o habitual às 11h
2026-07-28 12:09:46 [INFO]      [2mReal:[0m 16.0 kWh   [2mHabitual:[0m 71.5 ± 7.2 kWh   [2mz:[0m -7.76   [2mdesvio:[0m -78%   [2m(2 obs. fim_semana)[0m
2026-07-28 12:09:46 [INFO] 
2026-07-28 12:09:46 [INFO]   🔵 [94m[1mPT0002000033074862LZ[0m  [2m[Cluster 0][0m
2026-07-28 12:09:46 [INFO]      consumiu MENOS que o habitual às 09h
2026-07-28 12:09:46 [INFO]      [2mReal:[0m 11.0 kWh   [2mHabitual:[0m 48.5 ± 4.8 kWh   [2mz:[0m -7.73   [2mdesvio:[0m -77%   [2m(2 obs. fim_semana)[0m
2026-07-28 12:09:46 [INFO] 
2026-07-28 12:09:46 [INFO]   🔵 [94m[1mPT0002000120237616VJ[0m  [2m[Cluster 0][0m
2026-07-28 12:09:46 [INFO]      consumiu MENOS que o habitual às 10h
2026-07-28 12:09:46 [INFO]      [2mReal:[0m 12.0 kWh   [2mHabitual:[0m 52.5 ± 5.2 kWh   [2mz:[0m -7.71   [2mdesvio:[0m -77%   [2m(2 obs. fim_semana)[0m
2026-07-28 12:09:46 [INFO] 
2026-07-28 12:09:46 [INFO]   🔵 [94m[1mPT0002000107046231FW[0m  [2m[Cluster 0][0m
2026-07-28 12:09:46 [INFO]      consumiu MENOS que o habitual às 16h
2026-07-28 12:09:46 [INFO]      [2mReal:[0m 3.0 kWh   [2mHabitual:[0m 13.0 ± 1.3 kWh   [2mz:[0m -7.69   [2mdesvio:[0m -77%   [2m(2 obs. fim_semana)[0m
2026-07-28 12:09:46 [INFO] 
2026-07-28 12:09:46 [INFO]   🔵 [94m[1mPT0002000115700602GW[0m  [2m[Cluster 0][0m
2026-07-28 12:09:46 [INFO]      consumiu MENOS que o habitual às 09h
2026-07-28 12:09:46 [INFO]      [2mReal:[0m 7.0 kWh   [2mHabitual:[0m 30.0 ± 3.0 kWh   [2mz:[0m -7.67   [2mdesvio:[0m -77%   [2m(2 obs. fim_semana)[0m
2026-07-28 12:09:46 [INFO] 
2026-07-28 12:09:46 [INFO]   🔵 [94m[1mPT0002000120237616VJ[0m  [2m[Cluster 0][0m
2026-07-28 12:09:46 [INFO]      consumiu MENOS que o habitual às 11h
2026-07-28 12:09:46 [INFO]      [2mReal:[0m 12.0 kWh   [2mHabitual:[0m 51.5 ± 5.2 kWh   [2mz:[0m -7.67   [2mdesvio:[0m -77%   [2m(2 obs. fim_semana)[0m
2026-07-28 12:09:46 [INFO] 
2026-07-28 12:09:46 [INFO]   🔵 [94m[1mPT0002000120237616VJ[0m  [2m[Cluster 0][0m
2026-07-28 12:09:46 [INFO]      consumiu MENOS que o habitual às 13h
2026-07-28 12:09:46 [INFO]      [2mReal:[0m 12.0 kWh   [2mHabitual:[0m 51.5 ± 5.2 kWh   [2mz:[0m -7.67   [2mdesvio:[0m -77%   [2m(2 obs. fim_semana)[0m
2026-07-28 12:09:46 [INFO] 
2026-07-28 12:09:46 [INFO]   🔵 [94m[1mPT0002000033074862LZ[0m  [2m[Cluster 0][0m
2026-07-28 12:09:46 [INFO]      consumiu MENOS que o habitual às 11h
2026-07-28 12:09:46 [INFO]      [2mReal:[0m 11.0 kWh   [2mHabitual:[0m 47.0 ± 4.7 kWh   [2mz:[0m -7.66   [2mdesvio:[0m -77%   [2m(2 obs. fim_semana)[0m
2026-07-28 12:09:46 [INFO] 
2026-07-28 12:09:46 [INFO]   🔵 [94m[1mPT0002000078207354XC[0m  [2m[Cluster 1][0m
2026-07-28 12:09:46 [INFO]      consumiu MENOS que o habitual às 12h
2026-07-28 12:09:46 [INFO]      [2mReal:[0m 2.0 kWh   [2mHabitual:[0m 8.5 ± 0.8 kWh   [2mz:[0m -7.65   [2mdesvio:[0m -76%   [2m(2 obs. fim_semana)[0m
2026-07-28 12:09:46 [INFO] 
2026-07-28 12:09:46 [INFO]   🔵 [94m[1mPT0002000068858231YY[0m  [2m[Cluster 0 (atribuido)][0m
2026-07-28 12:09:46 [INFO]      consumiu MENOS que o habitual às 09h
2026-07-28 12:09:46 [INFO]      [2mReal:[0m 16.0 kWh   [2mHabitual:[0m 67.5 ± 6.8 kWh   [2mz:[0m -7.63   [2mdesvio:[0m -76%   [2m(2 obs. fim_semana)[0m
2026-07-28 12:09:46 [INFO] 
2026-07-28 12:09:46 [INFO]   🔵 [94m[1mPT0002000101964938LF[0m  [2m[Cluster 0][0m
2026-07-28 12:09:46 [INFO]      consumiu MENOS que o habitual às 16h
2026-07-28 12:09:46 [INFO]      [2mReal:[0m 14.0 kWh   [2mHabitual:[0m 57.5 ± 5.8 kWh   [2mz:[0m -7.57   [2mdesvio:[0m -76%   [2m(2 obs. fim_semana)[0m
2026-07-28 12:09:46 [INFO] 
2026-07-28 12:09:46 [INFO]   🔵 [94m[1mPT0002000073481266XH[0m  [2m[Cluster 0][0m
2026-07-28 12:09:46 [INFO]      consumiu MENOS que o habitual às 16h
2026-07-28 12:09:46 [INFO]      [2mReal:[0m 7.0 kWh   [2mHabitual:[0m 39.0 ± 4.2 kWh   [2mz:[0m -7.54   [2mdesvio:[0m -82%   [2m(2 obs. fim_semana)[0m
2026-07-28 12:09:46 [INFO] 
2026-07-28 12:09:46 [INFO]   🔵 [94m[1mPT0002000068856974CZ[0m  [2m[Cluster 0 (atribuido)][0m
2026-07-28 12:09:46 [INFO]      consumiu MENOS que o habitual às 09h
2026-07-28 12:09:46 [INFO]      [2mReal:[0m 11.0 kWh   [2mHabitual:[0m 44.0 ± 4.4 kWh   [2mz:[0m -7.50   [2mdesvio:[0m -75%   [2m(2 obs. fim_semana)[0m
2026-07-28 12:09:46 [INFO] 
2026-07-28 12:09:46 [INFO]   🔵 [94m[1mPT0002000078207354XC[0m  [2m[Cluster 1][0m
2026-07-28 12:09:46 [INFO]      consumiu MENOS que o habitual às 08h
2026-07-28 12:09:46 [INFO]      [2mReal:[0m 2.0 kWh   [2mHabitual:[0m 8.0 ± 0.8 kWh   [2mz:[0m -7.50   [2mdesvio:[0m -75%   [2m(2 obs. fim_semana)[0m
2026-07-28 12:09:46 [INFO] 
2026-07-28 12:09:46 [INFO]   🔵 [94m[1mPT0002000033074862LZ[0m  [2m[Cluster 0][0m
2026-07-28 12:09:46 [INFO]      consumiu MENOS que o habitual às 13h
2026-07-28 12:09:46 [INFO]      [2mReal:[0m 11.0 kWh   [2mHabitual:[0m 43.5 ± 4.3 kWh   [2mz:[0m -7.47   [2mdesvio:[0m -75%   [2m(2 obs. fim_semana)[0m
2026-07-28 12:09:46 [INFO] 
2026-07-28 12:09:46 [INFO]   🔵 [94m[1mPT0002000115673471CB[0m  [2m[Cluster 0][0m
2026-07-28 12:09:46 [INFO]      consumiu MENOS que o habitual às 07h
2026-07-28 12:09:46 [INFO]      [2mReal:[0m 10.0 kWh   [2mHabitual:[0m 39.5 ± 4.0 kWh   [2mz:[0m -7.47   [2mdesvio:[0m -75%   [2m(2 obs. fim_semana)[0m
2026-07-28 12:09:46 [INFO] 
2026-07-28 12:09:46 [INFO]   🔵 [94m[1mPT0002000115673471CB[0m  [2m[Cluster 0][0m
2026-07-28 12:09:46 [INFO]      consumiu MENOS que o habitual às 08h
2026-07-28 12:09:46 [INFO]      [2mReal:[0m 10.0 kWh   [2mHabitual:[0m 39.0 ± 3.9 kWh   [2mz:[0m -7.44   [2mdesvio:[0m -74%   [2m(2 obs. fim_semana)[0m
2026-07-28 12:09:46 [INFO] 
2026-07-28 12:09:46 [INFO]   🔵 [94m[1mPT0002000068856974CZ[0m  [2m[Cluster 0 (atribuido)][0m
2026-07-28 12:09:46 [INFO]      consumiu MENOS que o habitual às 11h
2026-07-28 12:09:46 [INFO]      [2mReal:[0m 9.0 kWh   [2mHabitual:[0m 35.0 ± 3.5 kWh   [2mz:[0m -7.43   [2mdesvio:[0m -74%   [2m(2 obs. fim_semana)[0m
2026-07-28 12:09:46 [INFO] 
2026-07-28 12:09:46 [INFO]   🔵 [94m[1mPT0002000119303492KB[0m  [2m[Cluster 0][0m
2026-07-28 12:09:46 [INFO]      consumiu MENOS que o habitual às 13h
2026-07-28 12:09:46 [INFO]      [2mReal:[0m 4.0 kWh   [2mHabitual:[0m 25.0 ± 2.8 kWh   [2mz:[0m -7.42   [2mdesvio:[0m -84%   [2m(2 obs. fim_semana)[0m
2026-07-28 12:09:46 [INFO] 
2026-07-28 12:09:46 [INFO]   🔵 [94m[1mPT0002000101964938LF[0m  [2m[Cluster 0][0m
2026-07-28 12:09:46 [INFO]      consumiu MENOS que o habitual às 17h
2026-07-28 12:09:46 [INFO]      [2mReal:[0m 14.0 kWh   [2mHabitual:[0m 54.0 ± 5.4 kWh   [2mz:[0m -7.41   [2mdesvio:[0m -74%   [2m(2 obs. fim_semana)[0m
2026-07-28 12:09:46 [INFO] 
2026-07-28 12:09:46 [INFO]   🔵 [94m[1mPT0002000068856974CZ[0m  [2m[Cluster 0 (atribuido)][0m
2026-07-28 12:09:46 [INFO]      consumiu MENOS que o habitual às 10h
2026-07-28 12:09:46 [INFO]      [2mReal:[0m 10.0 kWh   [2mHabitual:[0m 38.5 ± 3.9 kWh   [2mz:[0m -7.40   [2mdesvio:[0m -74%   [2m(2 obs. fim_semana)[0m
2026-07-28 12:09:46 [INFO] 
2026-07-28 12:09:46 [INFO]   🔵 [94m[1mPT0002000068856655YV[0m  [2m[Cluster 0][0m
2026-07-28 12:09:46 [INFO]      consumiu MENOS que o habitual às 12h
2026-07-28 12:09:46 [INFO]      [2mReal:[0m 3.0 kWh   [2mHabitual:[0m 11.5 ± 1.1 kWh   [2mz:[0m -7.39   [2mdesvio:[0m -74%   [2m(2 obs. fim_semana)[0m
2026-07-28 12:09:46 [INFO] 
2026-07-28 12:09:46 [INFO]   🔵 [94m[1mPT0002000115673389QK[0m  [2m[Cluster 0][0m
2026-07-28 12:09:46 [INFO]      consumiu MENOS que o habitual às 13h
2026-07-28 12:09:46 [INFO]      [2mReal:[0m 22.0 kWh   [2mHabitual:[0m 83.5 ± 8.3 kWh   [2mz:[0m -7.37   [2mdesvio:[0m -74%   [2m(2 obs. fim_semana)[0m
2026-07-28 12:09:46 [INFO] 
2026-07-28 12:09:46 [INFO]   🔵 [94m[1mPT0002000068858231YY[0m  [2m[Cluster 0 (atribuido)][0m
2026-07-28 12:09:46 [INFO]      consumiu MENOS que o habitual às 13h
2026-07-28 12:09:46 [INFO]      [2mReal:[0m 16.0 kWh   [2mHabitual:[0m 68.0 ± 7.1 kWh   [2mz:[0m -7.35   [2mdesvio:[0m -76%   [2m(2 obs. fim_semana)[0m
2026-07-28 12:09:46 [INFO] 
2026-07-28 12:09:46 [INFO]   🔵 [94m[1mPT0002000075637532JB[0m  [2m[Cluster 0][0m
2026-07-28 12:09:46 [INFO]      consumiu MENOS que o habitual às 10h
2026-07-28 12:09:46 [INFO]      [2mReal:[0m 4.0 kWh   [2mHabitual:[0m 15.0 ± 1.5 kWh   [2mz:[0m -7.33   [2mdesvio:[0m -73%   [2m(2 obs. fim_semana)[0m
2026-07-28 12:09:46 [INFO] 
2026-07-28 12:09:46 [INFO]   🔵 [94m[1mPT0002000101964938LF[0m  [2m[Cluster 0][0m
2026-07-28 12:09:46 [INFO]      consumiu MENOS que o habitual às 18h
2026-07-28 12:09:46 [INFO]      [2mReal:[0m 14.0 kWh   [2mHabitual:[0m 52.0 ± 5.2 kWh   [2mz:[0m -7.31   [2mdesvio:[0m -73%   [2m(2 obs. fim_semana)[0m
2026-07-28 12:09:46 [INFO] 
2026-07-28 12:09:46 [INFO]   🔵 [94m[1mPT0002000110607652SB[0m  [2m[Cluster 0][0m
2026-07-28 12:09:46 [INFO]      consumiu MENOS que o habitual às 16h
2026-07-28 12:09:46 [INFO]      [2mReal:[0m 8.0 kWh   [2mHabitual:[0m 70.0 ± 8.5 kWh   [2mz:[0m -7.31   [2mdesvio:[0m -89%   [2m(2 obs. fim_semana)[0m
2026-07-28 12:09:46 [INFO] 
2026-07-28 12:09:46 [INFO]   🔵 [94m[1mPT0002000101964938LF[0m  [2m[Cluster 0][0m
2026-07-28 12:09:46 [INFO]      consumiu MENOS que o habitual às 13h
2026-07-28 12:09:46 [INFO]      [2mReal:[0m 14.0 kWh   [2mHabitual:[0m 51.0 ± 5.1 kWh   [2mz:[0m -7.25   [2mdesvio:[0m -73%   [2m(2 obs. fim_semana)[0m
2026-07-28 12:09:46 [INFO] 
2026-07-28 12:09:46 [INFO]   🔵 [94m[1mPT0002000115673389QK[0m  [2m[Cluster 0][0m
2026-07-28 12:09:46 [INFO]      consumiu MENOS que o habitual às 12h
2026-07-28 12:09:46 [INFO]      [2mReal:[0m 21.0 kWh   [2mHabitual:[0m 76.5 ± 7.7 kWh   [2mz:[0m -7.25   [2mdesvio:[0m -73%   [2m(2 obs. fim_semana)[0m
2026-07-28 12:09:46 [INFO] 
2026-07-28 12:09:46 [INFO]   🔵 [94m[1mPT0002000115673471CB[0m  [2m[Cluster 0][0m
2026-07-28 12:09:46 [INFO]      consumiu MENOS que o habitual às 12h
2026-07-28 12:09:46 [INFO]      [2mReal:[0m 10.0 kWh   [2mHabitual:[0m 36.0 ± 3.6 kWh   [2mz:[0m -7.22   [2mdesvio:[0m -72%   [2m(2 obs. fim_semana)[0m
2026-07-28 12:09:46 [INFO] 
2026-07-28 12:09:46 [INFO]   🔵 [94m[1mPT0002000115673471CB[0m  [2m[Cluster 0][0m
2026-07-28 12:09:46 [INFO]      consumiu MENOS que o habitual às 09h
2026-07-28 12:09:46 [INFO]      [2mReal:[0m 11.0 kWh   [2mHabitual:[0m 38.5 ± 3.9 kWh   [2mz:[0m -7.14   [2mdesvio:[0m -71%   [2m(2 obs. fim_semana)[0m
2026-07-28 12:09:46 [INFO] 
2026-07-28 12:09:46 [INFO]   🔵 [94m[1mPT0002000073231742VK[0m  [2m[Cluster 0][0m
2026-07-28 12:09:46 [INFO]      consumiu MENOS que o habitual às 09h
2026-07-28 12:09:46 [INFO]      [2mReal:[0m 11.0 kWh   [2mHabitual:[0m 38.0 ± 3.8 kWh   [2mz:[0m -7.11   [2mdesvio:[0m -71%   [2m(2 obs. fim_semana)[0m
2026-07-28 12:09:46 [INFO] 
2026-07-28 12:09:46 [INFO]   🔵 [94m[1mPT0002000101964938LF[0m  [2m[Cluster 0][0m
2026-07-28 12:09:46 [INFO]      consumiu MENOS que o habitual às 19h
2026-07-28 12:09:46 [INFO]      [2mReal:[0m 13.0 kWh   [2mHabitual:[0m 44.0 ± 4.4 kWh   [2mz:[0m -7.05   [2mdesvio:[0m -70%   [2m(2 obs. fim_semana)[0m
2026-07-28 12:09:46 [INFO] 
2026-07-28 12:09:46 [INFO]   🔵 [94m[1mPT0002000115673389QK[0m  [2m[Cluster 0][0m
2026-07-28 12:09:46 [INFO]      consumiu MENOS que o habitual às 11h
2026-07-28 12:09:46 [INFO]      [2mReal:[0m 21.0 kWh   [2mHabitual:[0m 71.0 ± 7.1 kWh   [2mz:[0m -7.04   [2mdesvio:[0m -70%   [2m(2 obs. fim_semana)[0m
2026-07-28 12:09:46 [INFO] 
2026-07-28 12:09:46 [INFO]   🔵 [94m[1mPT0002000078140706BA[0m  [2m[Cluster 1 (atribuido)][0m
2026-07-28 12:09:46 [INFO]      consumiu MENOS que o habitual às 07h
2026-07-28 12:09:46 [INFO]      [2mReal:[0m 6.0 kWh   [2mHabitual:[0m 60.5 ± 7.8 kWh   [2mz:[0m -7.01   [2mdesvio:[0m -90%   [2m(2 obs. fim_semana)[0m
2026-07-28 12:09:46 [INFO] 
2026-07-28 12:09:46 [INFO]   🔵 [94m[1mPT0002000033074862LZ[0m  [2m[Cluster 0][0m
2026-07-28 12:09:46 [INFO]      consumiu MENOS que o habitual às 14h
2026-07-28 12:09:46 [INFO]      [2mReal:[0m 11.0 kWh   [2mHabitual:[0m 35.0 ± 3.5 kWh   [2mz:[0m -6.86   [2mdesvio:[0m -69%   [2m(2 obs. fim_semana)[0m
2026-07-28 12:09:46 [INFO] 
2026-07-28 12:09:46 [INFO]   🔵 [94m[1mPT0002000073231742VK[0m  [2m[Cluster 0][0m
2026-07-28 12:09:46 [INFO]      consumiu MENOS que o habitual às 12h
2026-07-28 12:09:46 [INFO]      [2mReal:[0m 11.0 kWh   [2mHabitual:[0m 35.0 ± 3.5 kWh   [2mz:[0m -6.86   [2mdesvio:[0m -69%   [2m(2 obs. fim_semana)[0m
2026-07-28 12:09:46 [INFO] 
2026-07-28 12:09:46 [INFO]   🔵 [94m[1mPT0002000068858231YY[0m  [2m[Cluster 0 (atribuido)][0m
2026-07-28 12:09:46 [INFO]      consumiu MENOS que o habitual às 10h
2026-07-28 12:09:46 [INFO]      [2mReal:[0m 15.0 kWh   [2mHabitual:[0m 73.0 ± 8.5 kWh   [2mz:[0m -6.84   [2mdesvio:[0m -79%   [2m(2 obs. fim_semana)[0m
2026-07-28 12:09:46 [INFO] 
2026-07-28 12:09:46 [INFO]   🔵 [94m[1mPT0002000119303492KB[0m  [2m[Cluster 0][0m
2026-07-28 12:09:46 [INFO]      consumiu MENOS que o habitual às 16h
2026-07-28 12:09:46 [INFO]      [2mReal:[0m 3.0 kWh   [2mHabitual:[0m 17.5 ± 2.1 kWh   [2mz:[0m -6.84   [2mdesvio:[0m -83%   [2m(2 obs. fim_semana)[0m
2026-07-28 12:09:46 [INFO] 
2026-07-28 12:09:46 [INFO]   🔵 [94m[1mPT0002000068856655YV[0m  [2m[Cluster 0][0m
2026-07-28 12:09:46 [INFO]      consumiu MENOS que o habitual às 14h
2026-07-28 12:09:46 [INFO]      [2mReal:[0m 4.0 kWh   [2mHabitual:[0m 12.5 ± 1.2 kWh   [2mz:[0m -6.80   [2mdesvio:[0m -68%   [2m(2 obs. fim_semana)[0m
2026-07-28 12:09:46 [INFO] 
2026-07-28 12:09:46 [INFO]   🔵 [94m[1mPT0002000073231742VK[0m  [2m[Cluster 0][0m
2026-07-28 12:09:46 [INFO]      consumiu MENOS que o habitual às 08h
2026-07-28 12:09:46 [INFO]      [2mReal:[0m 12.0 kWh   [2mHabitual:[0m 37.5 ± 3.8 kWh   [2mz:[0m -6.80   [2mdesvio:[0m -68%   [2m(2 obs. fim_semana)[0m
2026-07-28 12:09:46 [INFO] 
2026-07-28 12:09:46 [INFO]   🔵 [94m[1mPT0002000120237616VJ[0m  [2m[Cluster 0][0m
2026-07-28 12:09:46 [INFO]      consumiu MENOS que o habitual às 07h
2026-07-28 12:09:46 [INFO]      [2mReal:[0m 12.0 kWh   [2mHabitual:[0m 37.5 ± 3.8 kWh   [2mz:[0m -6.80   [2mdesvio:[0m -68%   [2m(2 obs. fim_semana)[0m
2026-07-28 12:09:46 [INFO] 
2026-07-28 12:09:46 [INFO]   🔵 [94m[1mPT0002000078294957RQ[0m  [2m[Cluster 0][0m
2026-07-28 12:09:46 [INFO]      consumiu MENOS que o habitual às 09h
2026-07-28 12:09:46 [INFO]      [2mReal:[0m 5.0 kWh   [2mHabitual:[0m 15.5 ± 1.6 kWh   [2mz:[0m -6.77   [2mdesvio:[0m -68%   [2m(2 obs. fim_semana)[0m
2026-07-28 12:09:46 [INFO] 
2026-07-28 12:09:46 [INFO]   🔴 [91m[1mPT0002000068856872QG[0m  [2m[Cluster 1][0m
2026-07-28 12:09:46 [INFO]      consumiu MAIS que o habitual às 02h
2026-07-28 12:09:46 [INFO]      [2mReal:[0m 2.0 kWh   [2mHabitual:[0m 0.0 ± 0.3 kWh   [2mz:[0m +6.67   [2mdesvio:[0m +200000%   [2m(2 obs. fim_semana)[0m
2026-07-28 12:09:46 [INFO] 
2026-07-28 12:09:46 [INFO]   🔴 [91m[1mPT0002000068856872QG[0m  [2m[Cluster 1][0m
2026-07-28 12:09:46 [INFO]      consumiu MAIS que o habitual às 21h
2026-07-28 12:09:46 [INFO]      [2mReal:[0m 2.0 kWh   [2mHabitual:[0m 0.0 ± 0.3 kWh   [2mz:[0m +6.67   [2mdesvio:[0m +200000%   [2m(3 obs. fim_semana)[0m
2026-07-28 12:09:46 [INFO] 
2026-07-28 12:09:46 [INFO]   🔵 [94m[1mPT0002000073481266XH[0m  [2m[Cluster 0][0m
2026-07-28 12:09:46 [INFO]      consumiu MENOS que o habitual às 07h
2026-07-28 12:09:46 [INFO]      [2mReal:[0m 5.0 kWh   [2mHabitual:[0m 15.0 ± 1.5 kWh   [2mz:[0m -6.67   [2mdesvio:[0m -67%   [2m(2 obs. fim_semana)[0m
2026-07-28 12:09:46 [INFO] 
2026-07-28 12:09:46 [INFO]   🔵 [94m[1mPT0002000078207354XC[0m  [2m[Cluster 1][0m
2026-07-28 12:09:46 [INFO]      consumiu MENOS que o habitual às 09h
2026-07-28 12:09:46 [INFO]      [2mReal:[0m 3.0 kWh   [2mHabitual:[0m 9.0 ± 0.9 kWh   [2mz:[0m -6.67   [2mdesvio:[0m -67%   [2m(2 obs. fim_semana)[0m
2026-07-28 12:09:46 [INFO] 
2026-07-28 12:09:46 [INFO]   🔵 [94m[1mPT0002000078207354XC[0m  [2m[Cluster 1][0m
2026-07-28 12:09:46 [INFO]      consumiu MENOS que o habitual às 15h
2026-07-28 12:09:46 [INFO]      [2mReal:[0m 3.0 kWh   [2mHabitual:[0m 9.0 ± 0.9 kWh   [2mz:[0m -6.67   [2mdesvio:[0m -67%   [2m(2 obs. fim_semana)[0m
2026-07-28 12:09:46 [INFO] 
2026-07-28 12:09:46 [INFO]   🔴 [91m[1mPT0002000078233981HJ[0m  [2m[Cluster 1][0m
2026-07-28 12:09:46 [INFO]      consumiu MAIS que o habitual às 12h
2026-07-28 12:09:46 [INFO]      [2mReal:[0m 3.0 kWh   [2mHabitual:[0m 1.0 ± 0.3 kWh   [2mz:[0m +6.67   [2mdesvio:[0m +200%   [2m(2 obs. fim_semana)[0m
2026-07-28 12:09:46 [INFO] 
2026-07-28 12:09:46 [INFO]   🔴 [91m[1mPT0002000078233981HJ[0m  [2m[Cluster 1][0m
2026-07-28 12:09:46 [INFO]      consumiu MAIS que o habitual às 21h
2026-07-28 12:09:46 [INFO]      [2mReal:[0m 4.0 kWh   [2mHabitual:[0m 2.0 ± 0.3 kWh   [2mz:[0m +6.67   [2mdesvio:[0m +100%   [2m(3 obs. fim_semana)[0m
2026-07-28 12:09:46 [INFO] 
2026-07-28 12:09:46 [INFO]   🔵 [94m[1mPT0002000107046231FW[0m  [2m[Cluster 0][0m
2026-07-28 12:09:46 [INFO]      consumiu MENOS que o habitual às 18h
2026-07-28 12:09:46 [INFO]      [2mReal:[0m 2.0 kWh   [2mHabitual:[0m 6.0 ± 0.6 kWh   [2mz:[0m -6.67   [2mdesvio:[0m -67%   [2m(2 obs. fim_semana)[0m
2026-07-28 12:09:46 [INFO] 
2026-07-28 12:09:46 [INFO]   🔴 [91m[1mPT0002000125379984SH[0m  [2m[Cluster 1][0m
2026-07-28 12:09:46 [INFO]      consumiu MAIS que o habitual às 05h
2026-07-28 12:09:46 [INFO]      [2mReal:[0m 4.0 kWh   [2mHabitual:[0m 2.0 ± 0.3 kWh   [2mz:[0m +6.67   [2mdesvio:[0m +100%   [2m(2 obs. fim_semana)[0m
2026-07-28 12:09:46 [INFO] 
2026-07-28 12:09:46 [INFO]   🔵 [94m[1mPT0002000115673389QK[0m  [2m[Cluster 0][0m
2026-07-28 12:09:46 [INFO]      consumiu MENOS que o habitual às 14h
2026-07-28 12:09:46 [INFO]      [2mReal:[0m 21.0 kWh   [2mHabitual:[0m 62.5 ± 6.2 kWh   [2mz:[0m -6.64   [2mdesvio:[0m -66%   [2m(2 obs. fim_semana)[0m
2026-07-28 12:09:46 [INFO] 
2026-07-28 12:09:46 [INFO]   🔵 [94m[1mPT0002000073231742VK[0m  [2m[Cluster 0][0m
2026-07-28 12:09:46 [INFO]      consumiu MENOS que o habitual às 10h
2026-07-28 12:09:46 [INFO]      [2mReal:[0m 12.0 kWh   [2mHabitual:[0m 40.0 ± 4.2 kWh   [2mz:[0m -6.60   [2mdesvio:[0m -70%   [2m(2 obs. fim_semana)[0m
2026-07-28 12:09:46 [INFO] 
2026-07-28 12:09:46 [INFO]   🔵 [94m[1mPT0002000068856974CZ[0m  [2m[Cluster 0 (atribuido)][0m
2026-07-28 12:09:46 [INFO]      consumiu MENOS que o habitual às 08h
2026-07-28 12:09:46 [INFO]      [2mReal:[0m 11.0 kWh   [2mHabitual:[0m 32.0 ± 3.2 kWh   [2mz:[0m -6.56   [2mdesvio:[0m -66%   [2m(2 obs. fim_semana)[0m
2026-07-28 12:09:46 [INFO] 
2026-07-28 12:09:46 [INFO]   🔵 [94m[1mPT0002000075637532JB[0m  [2m[Cluster 0][0m
2026-07-28 12:09:46 [INFO]      consumiu MENOS que o habitual às 09h
2026-07-28 12:09:46 [INFO]      [2mReal:[0m 5.0 kWh   [2mHabitual:[0m 14.5 ± 1.4 kWh   [2mz:[0m -6.55   [2mdesvio:[0m -66%   [2m(2 obs. fim_semana)[0m
2026-07-28 12:09:46 [INFO] 
2026-07-28 12:09:46 [INFO]   🔵 [94m[1mPT0002000068856655YV[0m  [2m[Cluster 0][0m
2026-07-28 12:09:46 [INFO]      consumiu MENOS que o habitual às 11h
2026-07-28 12:09:46 [INFO]      [2mReal:[0m 4.0 kWh   [2mHabitual:[0m 11.5 ± 1.1 kWh   [2mz:[0m -6.52   [2mdesvio:[0m -65%   [2m(2 obs. fim_semana)[0m
2026-07-28 12:09:46 [INFO] 
2026-07-28 12:09:46 [INFO]   🔵 [94m[1mPT0002000078294957RQ[0m  [2m[Cluster 0][0m
2026-07-28 12:09:46 [INFO]      consumiu MENOS que o habitual às 16h
2026-07-28 12:09:46 [INFO]      [2mReal:[0m 4.0 kWh   [2mHabitual:[0m 11.5 ± 1.1 kWh   [2mz:[0m -6.52   [2mdesvio:[0m -65%   [2m(2 obs. fim_semana)[0m
2026-07-28 12:09:46 [INFO] 
2026-07-28 12:09:46 [INFO]   🔵 [94m[1mPT0002000101964938LF[0m  [2m[Cluster 0][0m
2026-07-28 12:09:46 [INFO]      consumiu MENOS que o habitual às 12h
2026-07-28 12:09:46 [INFO]      [2mReal:[0m 16.0 kWh   [2mHabitual:[0m 46.0 ± 4.6 kWh   [2mz:[0m -6.52   [2mdesvio:[0m -65%   [2m(2 obs. fim_semana)[0m
2026-07-28 12:09:46 [INFO] 
2026-07-28 12:09:46 [INFO]   🔵 [94m[1mPT0002000119303492KB[0m  [2m[Cluster 0][0m
2026-07-28 12:09:46 [INFO]      consumiu MENOS que o habitual às 12h
2026-07-28 12:09:46 [INFO]      [2mReal:[0m 3.0 kWh   [2mHabitual:[0m 44.5 ± 6.4 kWh   [2mz:[0m -6.52   [2mdesvio:[0m -93%   [2m(2 obs. fim_semana)[0m
2026-07-28 12:09:46 [INFO] 
2026-07-28 12:09:46 [INFO]   🔵 [94m[1mPT0002000115700602GW[0m  [2m[Cluster 0][0m
2026-07-28 12:09:46 [INFO]      consumiu MENOS que o habitual às 17h
2026-07-28 12:09:46 [INFO]      [2mReal:[0m 7.0 kWh   [2mHabitual:[0m 20.0 ± 2.0 kWh   [2mz:[0m -6.50   [2mdesvio:[0m -65%   [2m(2 obs. fim_semana)[0m
2026-07-28 12:09:46 [INFO] 
2026-07-28 12:09:46 [INFO]   🔵 [94m[1mPT0002000078207354XC[0m  [2m[Cluster 1][0m
2026-07-28 12:09:46 [INFO]      consumiu MENOS que o habitual às 11h
2026-07-28 12:09:46 [INFO]      [2mReal:[0m 3.0 kWh   [2mHabitual:[0m 8.5 ± 0.8 kWh   [2mz:[0m -6.47   [2mdesvio:[0m -65%   [2m(2 obs. fim_semana)[0m
2026-07-28 12:09:46 [INFO] 
2026-07-28 12:09:46 [INFO]   🔵 [94m[1mPT0002000068858231YY[0m  [2m[Cluster 0 (atribuido)][0m
2026-07-28 12:09:46 [INFO]      consumiu MENOS que o habitual às 08h
2026-07-28 12:09:46 [INFO]      [2mReal:[0m 16.0 kWh   [2mHabitual:[0m 45.0 ± 4.5 kWh   [2mz:[0m -6.44   [2mdesvio:[0m -64%   [2m(2 obs. fim_semana)[0m
2026-07-28 12:09:46 [INFO] 
2026-07-28 12:09:46 [INFO]   🔵 [94m[1mPT0002000068856655YV[0m  [2m[Cluster 0][0m
2026-07-28 12:09:46 [INFO]      consumiu MENOS que o habitual às 13h
2026-07-28 12:09:46 [INFO]      [2mReal:[0m 2.0 kWh   [2mHabitual:[0m 11.0 ± 1.4 kWh   [2mz:[0m -6.36   [2mdesvio:[0m -82%   [2m(2 obs. fim_semana)[0m
2026-07-28 12:09:46 [INFO] 
2026-07-28 12:09:46 [INFO]   🔵 [94m[1mPT0002000081344542CP[0m  [2m[Cluster 1][0m
2026-07-28 12:09:46 [INFO]      consumiu MENOS que o habitual às 09h
2026-07-28 12:09:46 [INFO]      [2mReal:[0m 2.0 kWh   [2mHabitual:[0m 6.5 ± 0.7 kWh   [2mz:[0m -6.36   [2mdesvio:[0m -69%   [2m(2 obs. fim_semana)[0m
2026-07-28 12:09:46 [INFO] 
2026-07-28 12:09:46 [INFO]   🔵 [94m[1mPT0002000078294957RQ[0m  [2m[Cluster 0][0m
2026-07-28 12:09:46 [INFO]      consumiu MENOS que o habitual às 08h
2026-07-28 12:09:46 [INFO]      [2mReal:[0m 5.0 kWh   [2mHabitual:[0m 13.5 ± 1.4 kWh   [2mz:[0m -6.30   [2mdesvio:[0m -63%   [2m(2 obs. fim_semana)[0m
2026-07-28 12:09:46 [INFO] 
2026-07-28 12:09:46 [INFO]   🔵 [94m[1mPT0002000078294957RQ[0m  [2m[Cluster 0][0m
2026-07-28 12:09:46 [INFO]      consumiu MENOS que o habitual às 15h
2026-07-28 12:09:46 [INFO]      [2mReal:[0m 5.0 kWh   [2mHabitual:[0m 13.5 ± 1.4 kWh   [2mz:[0m -6.30   [2mdesvio:[0m -63%   [2m(2 obs. fim_semana)[0m
2026-07-28 12:09:46 [INFO] 
2026-07-28 12:09:46 [INFO]   🔵 [94m[1mPT0002000115673389QK[0m  [2m[Cluster 0][0m
2026-07-28 12:09:46 [INFO]      consumiu MENOS que o habitual às 10h
2026-07-28 12:09:46 [INFO]      [2mReal:[0m 22.0 kWh   [2mHabitual:[0m 59.5 ± 6.0 kWh   [2mz:[0m -6.30   [2mdesvio:[0m -63%   [2m(2 obs. fim_semana)[0m
2026-07-28 12:09:46 [INFO] 
2026-07-28 12:09:46 [INFO]   🔵 [94m[1mPT0002000125379984SH[0m  [2m[Cluster 1][0m
2026-07-28 12:09:46 [INFO]      consumiu MENOS que o habitual às 20h
2026-07-28 12:09:46 [INFO]      [2mReal:[0m 6.0 kWh   [2mHabitual:[0m 16.0 ± 1.6 kWh   [2mz:[0m -6.25   [2mdesvio:[0m -62%   [2m(2 obs. fim_semana)[0m
2026-07-28 12:09:46 [INFO] 
2026-07-28 12:09:46 [INFO]   🔵 [94m[1mPT0002000115673389QK[0m  [2m[Cluster 0][0m
2026-07-28 12:09:46 [INFO]      consumiu MENOS que o habitual às 08h
2026-07-28 12:09:46 [INFO]      [2mReal:[0m 22.0 kWh   [2mHabitual:[0m 58.0 ± 5.8 kWh   [2mz:[0m -6.21   [2mdesvio:[0m -62%   [2m(2 obs. fim_semana)[0m
2026-07-28 12:09:46 [INFO] 
2026-07-28 12:09:46 [INFO]   🔵 [94m[1mPT0002000115700602GW[0m  [2m[Cluster 0][0m
2026-07-28 12:09:46 [INFO]      consumiu MENOS que o habitual às 10h
2026-07-28 12:09:46 [INFO]      [2mReal:[0m 8.0 kWh   [2mHabitual:[0m 47.5 ± 6.4 kWh   [2mz:[0m -6.21   [2mdesvio:[0m -83%   [2m(2 obs. fim_semana)[0m
2026-07-28 12:09:46 [INFO] 
2026-07-28 12:09:46 [INFO]   🔵 [94m[1mPT0002000073481266XH[0m  [2m[Cluster 0][0m
2026-07-28 12:09:46 [INFO]      consumiu MENOS que o habitual às 13h
2026-07-28 12:09:46 [INFO]      [2mReal:[0m 6.0 kWh   [2mHabitual:[0m 41.0 ± 5.7 kWh   [2mz:[0m -6.19   [2mdesvio:[0m -85%   [2m(2 obs. fim_semana)[0m
2026-07-28 12:09:46 [INFO] 
2026-07-28 12:09:46 [INFO]   🔵 [94m[1mPT0002000116530964LH[0m  [2m[Cluster 0 (atribuido)][0m
2026-07-28 12:09:46 [INFO]      consumiu MENOS que o habitual às 14h
2026-07-28 12:09:46 [INFO]      [2mReal:[0m 72.0 kWh   [2mHabitual:[0m 188.5 ± 18.9 kWh   [2mz:[0m -6.18   [2mdesvio:[0m -62%   [2m(2 obs. fim_semana)[0m
2026-07-28 12:09:46 [INFO] 
2026-07-28 12:09:46 [INFO]   🔵 [94m[1mPT0002000068856826ZG[0m  [2m[Cluster 0 (atribuido)][0m
2026-07-28 12:09:46 [INFO]      consumiu MENOS que o habitual às 10h
2026-07-28 12:09:46 [INFO]      [2mReal:[0m 101.0 kWh   [2mHabitual:[0m 261.0 ± 26.1 kWh   [2mz:[0m -6.13   [2mdesvio:[0m -61%   [2m(2 obs. fim_semana)[0m
2026-07-28 12:09:46 [INFO] 
2026-07-28 12:09:46 [INFO]   🔴 [91m[1mPT0002000073720434JD[0m  [2m[Cluster 1 (atribuido)][0m
2026-07-28 12:09:46 [INFO]      consumiu MAIS que o habitual às 09h
2026-07-28 12:09:46 [INFO]      [2mReal:[0m 37.0 kWh   [2mHabitual:[0m 23.0 ± 2.3 kWh   [2mz:[0m +6.09   [2mdesvio:[0m +61%   [2m(2 obs. fim_semana)[0m
2026-07-28 12:09:46 [INFO] 
2026-07-28 12:09:46 [INFO]   🔵 [94m[1mPT0002000119303492KB[0m  [2m[Cluster 0][0m
2026-07-28 12:09:46 [INFO]      consumiu MENOS que o habitual às 09h
2026-07-28 12:09:46 [INFO]      [2mReal:[0m 4.0 kWh   [2mHabitual:[0m 25.5 ± 3.5 kWh   [2mz:[0m -6.08   [2mdesvio:[0m -84%   [2m(2 obs. fim_semana)[0m
2026-07-28 12:09:46 [INFO] 
2026-07-28 12:09:46 [INFO]   🔵 [94m[1mPT0002000068856267NC[0m  [2m[Cluster 0 (atribuido)][0m
2026-07-28 12:09:46 [INFO]      consumiu MENOS que o habitual às 09h
2026-07-28 12:09:46 [INFO]      [2mReal:[0m 17.0 kWh   [2mHabitual:[0m 43.0 ± 4.3 kWh   [2mz:[0m -6.05   [2mdesvio:[0m -60%   [2m(2 obs. fim_semana)[0m
2026-07-28 12:09:46 [INFO] 
2026-07-28 12:09:46 [INFO]   🔵 [94m[1mPT0002000078233981HJ[0m  [2m[Cluster 1][0m
2026-07-28 12:09:46 [INFO]      consumiu MENOS que o habitual às 18h
2026-07-28 12:09:46 [INFO]      [2mReal:[0m 3.0 kWh   [2mHabitual:[0m 20.0 ± 2.8 kWh   [2mz:[0m -6.01   [2mdesvio:[0m -85%   [2m(2 obs. fim_semana)[0m
2026-07-28 12:09:46 [INFO] 
2026-07-28 12:09:46 [INFO]   🔵 [94m[1mPT0002000116530964LH[0m  [2m[Cluster 0 (atribuido)][0m
2026-07-28 12:09:46 [INFO]      consumiu MENOS que o habitual às 15h
2026-07-28 12:09:46 [INFO]      [2mReal:[0m 75.0 kWh   [2mHabitual:[0m 188.0 ± 18.8 kWh   [2mz:[0m -6.01   [2mdesvio:[0m -60%   [2m(2 obs. fim_semana)[0m
2026-07-28 12:09:46 [INFO] 
2026-07-28 12:09:46 [INFO]   🔴 [91m[1mPT0002000068858674WN[0m  [2m[Cluster 1 (atribuido)][0m
2026-07-28 12:09:46 [INFO]      consumiu MAIS que o habitual às 09h
2026-07-28 12:09:46 [INFO]      [2mReal:[0m 80.0 kWh   [2mHabitual:[0m 50.0 ± 5.0 kWh   [2mz:[0m +6.00   [2mdesvio:[0m +60%   [2m(2 obs. fim_semana)[0m
2026-07-28 12:09:46 [INFO] 
2026-07-28 12:09:46 [INFO]   🔵 [94m[1mPT0002000078207354XC[0m  [2m[Cluster 1][0m
2026-07-28 12:09:46 [INFO]      consumiu MENOS que o habitual às 01h
2026-07-28 12:09:46 [INFO]      [2mReal:[0m 2.0 kWh   [2mHabitual:[0m 5.0 ± 0.5 kWh   [2mz:[0m -6.00   [2mdesvio:[0m -60%   [2m(2 obs. fim_semana)[0m
2026-07-28 12:09:46 [INFO] 
2026-07-28 12:09:46 [INFO]   🔵 [94m[1mPT0002000109837807PE[0m  [2m[Cluster 1][0m
2026-07-28 12:09:46 [INFO]      consumiu MENOS que o habitual às 16h
2026-07-28 12:09:46 [INFO]      [2mReal:[0m 3.0 kWh   [2mHabitual:[0m 7.5 ± 0.8 kWh   [2mz:[0m -6.00   [2mdesvio:[0m -60%   [2m(2 obs. fim_semana)[0m
2026-07-28 12:09:46 [INFO] 
2026-07-28 12:09:46 [INFO]   🔵 [94m[1mPT0002000115673389QK[0m  [2m[Cluster 0][0m
2026-07-28 12:09:46 [INFO]      consumiu MENOS que o habitual às 09h
2026-07-28 12:09:46 [INFO]      [2mReal:[0m 21.0 kWh   [2mHabitual:[0m 52.0 ± 5.2 kWh   [2mz:[0m -5.96   [2mdesvio:[0m -60%   [2m(2 obs. fim_semana)[0m
2026-07-28 12:09:46 [INFO] 
2026-07-28 12:09:46 [INFO]   🔵 [94m[1mPT0002000120237616VJ[0m  [2m[Cluster 0][0m
2026-07-28 12:09:46 [INFO]      consumiu MENOS que o habitual às 17h
2026-07-28 12:09:46 [INFO]      [2mReal:[0m 11.0 kWh   [2mHabitual:[0m 27.0 ± 2.7 kWh   [2mz:[0m -5.93   [2mdesvio:[0m -59%   [2m(2 obs. fim_semana)[0m
2026-07-28 12:09:46 [INFO] 
2026-07-28 12:09:46 [INFO]   🔵 [94m[1mPT0002000033074862LZ[0m  [2m[Cluster 0][0m
2026-07-28 12:09:46 [INFO]      consumiu MENOS que o habitual às 07h
2026-07-28 12:09:46 [INFO]      [2mReal:[0m 13.0 kWh   [2mHabitual:[0m 31.5 ± 3.1 kWh   [2mz:[0m -5.87   [2mdesvio:[0m -59%   [2m(2 obs. fim_semana)[0m
2026-07-28 12:09:46 [INFO] 
2026-07-28 12:09:46 [INFO]   🔵 [94m[1mPT0002000068855003AK[0m  [2m[Cluster 0 (atribuido)][0m
2026-07-28 12:09:46 [INFO]      consumiu MENOS que o habitual às 11h
2026-07-28 12:09:46 [INFO]      [2mReal:[0m 12.0 kWh   [2mHabitual:[0m 29.0 ± 2.9 kWh   [2mz:[0m -5.86   [2mdesvio:[0m -59%   [2m(2 obs. fim_semana)[0m
2026-07-28 12:09:46 [INFO] 
2026-07-28 12:09:46 [INFO]   🔵 [94m[1mPT0002000125379984SH[0m  [2m[Cluster 1][0m
2026-07-28 12:09:46 [INFO]      consumiu MENOS que o habitual às 10h
2026-07-28 12:09:46 [INFO]      [2mReal:[0m 5.0 kWh   [2mHabitual:[0m 12.0 ± 1.2 kWh   [2mz:[0m -5.83   [2mdesvio:[0m -58%   [2m(2 obs. fim_semana)[0m
2026-07-28 12:09:46 [INFO] 
2026-07-28 12:09:46 [INFO]   🔵 [94m[1mPT0002000115673471CB[0m  [2m[Cluster 0][0m
2026-07-28 12:09:46 [INFO]      consumiu MENOS que o habitual às 10h
2026-07-28 12:09:46 [INFO]      [2mReal:[0m 14.0 kWh   [2mHabitual:[0m 33.5 ± 3.4 kWh   [2mz:[0m -5.82   [2mdesvio:[0m -58%   [2m(2 obs. fim_semana)[0m
2026-07-28 12:09:46 [INFO] 
2026-07-28 12:09:46 [INFO]   🔵 [94m[1mPT0002000115700602GW[0m  [2m[Cluster 0][0m
2026-07-28 12:09:46 [INFO]      consumiu MENOS que o habitual às 08h
2026-07-28 12:09:46 [INFO]      [2mReal:[0m 7.0 kWh   [2mHabitual:[0m 27.5 ± 3.5 kWh   [2mz:[0m -5.80   [2mdesvio:[0m -75%   [2m(2 obs. fim_semana)[0m
2026-07-28 12:09:46 [INFO] 
2026-07-28 12:09:46 [INFO]   🔵 [94m[1mPT0002000115700602GW[0m  [2m[Cluster 0][0m
2026-07-28 12:09:46 [INFO]      consumiu MENOS que o habitual às 07h
2026-07-28 12:09:46 [INFO]      [2mReal:[0m 8.0 kWh   [2mHabitual:[0m 19.0 ± 1.9 kWh   [2mz:[0m -5.79   [2mdesvio:[0m -58%   [2m(2 obs. fim_semana)[0m
2026-07-28 12:09:46 [INFO] 
2026-07-28 12:09:46 [INFO]   🔵 [94m[1mPT0002000115700602GW[0m  [2m[Cluster 0][0m
2026-07-28 12:09:46 [INFO]      consumiu MENOS que o habitual às 16h
2026-07-28 12:09:46 [INFO]      [2mReal:[0m 8.0 kWh   [2mHabitual:[0m 19.0 ± 1.9 kWh   [2mz:[0m -5.79   [2mdesvio:[0m -58%   [2m(2 obs. fim_semana)[0m
2026-07-28 12:09:46 [INFO] 
2026-07-28 12:09:46 [INFO]   🔵 [94m[1mPT0002000201038711LS[0m  [2m[Cluster 1 (atribuido)][0m
2026-07-28 12:09:46 [INFO]      consumiu MENOS que o habitual às 20h
2026-07-28 12:09:46 [INFO]      [2mReal:[0m 6.0 kWh   [2mHabitual:[0m 75.5 ± 12.0 kWh   [2mz:[0m -5.78   [2mdesvio:[0m -92%   [2m(2 obs. fim_semana)[0m
2026-07-28 12:09:46 [INFO] 
2026-07-28 12:09:46 [INFO]   🔵 [94m[1mPT0002000068859325FL[0m  [2m[Cluster 1][0m
2026-07-28 12:09:46 [INFO]      consumiu MENOS que o habitual às 15h
2026-07-28 12:09:46 [INFO]      [2mReal:[0m 60.0 kWh   [2mHabitual:[0m 142.0 ± 14.2 kWh   [2mz:[0m -5.77   [2mdesvio:[0m -58%   [2m(2 obs. fim_semana)[0m
2026-07-28 12:09:46 [INFO] 
2026-07-28 12:09:46 [INFO]   🔵 [94m[1mPT0002000201038711LS[0m  [2m[Cluster 1 (atribuido)][0m
2026-07-28 12:09:46 [INFO]      consumiu MENOS que o habitual às 19h
2026-07-28 12:09:46 [INFO]      [2mReal:[0m 20.0 kWh   [2mHabitual:[0m 69.0 ± 8.5 kWh   [2mz:[0m -5.77   [2mdesvio:[0m -71%   [2m(2 obs. fim_semana)[0m
2026-07-28 12:09:46 [INFO] 
2026-07-28 12:09:46 [INFO]   🔵 [94m[1mPT0002000116530964LH[0m  [2m[Cluster 0 (atribuido)][0m
2026-07-28 12:09:46 [INFO]      consumiu MENOS que o habitual às 10h
2026-07-28 12:09:46 [INFO]      [2mReal:[0m 76.0 kWh   [2mHabitual:[0m 178.0 ± 17.8 kWh   [2mz:[0m -5.73   [2mdesvio:[0m -57%   [2m(2 obs. fim_semana)[0m
2026-07-28 12:09:46 [INFO] 
2026-07-28 12:09:46 [INFO]   🔵 [94m[1mPT0002000078207354XC[0m  [2m[Cluster 1][0m
2026-07-28 12:09:46 [INFO]      consumiu MENOS que o habitual às 07h
2026-07-28 12:09:46 [INFO]      [2mReal:[0m 3.0 kWh   [2mHabitual:[0m 7.0 ± 0.7 kWh   [2mz:[0m -5.71   [2mdesvio:[0m -57%   [2m(2 obs. fim_semana)[0m
2026-07-28 12:09:46 [INFO] 
2026-07-28 12:09:46 [INFO]   🔵 [94m[1mPT0002000068859393XH[0m  [2m[Cluster 1][0m
2026-07-28 12:09:46 [INFO]      consumiu MENOS que o habitual às 22h
2026-07-28 12:09:46 [INFO]      [2mReal:[0m 42.0 kWh   [2mHabitual:[0m 147.3 ± 18.5 kWh   [2mz:[0m -5.70   [2mdesvio:[0m -71%   [2m(3 obs. fim_semana)[0m
2026-07-28 12:09:46 [INFO] 
2026-07-28 12:09:46 [INFO]   🔵 [94m[1mPT0002000068856655YV[0m  [2m[Cluster 0][0m
2026-07-28 12:09:46 [INFO]      consumiu MENOS que o habitual às 16h
2026-07-28 12:09:46 [INFO]      [2mReal:[0m 5.0 kWh   [2mHabitual:[0m 13.0 ± 1.4 kWh   [2mz:[0m -5.66   [2mdesvio:[0m -62%   [2m(2 obs. fim_semana)[0m
2026-07-28 12:09:46 [INFO] 
2026-07-28 12:09:46 [INFO]   🔵 [94m[1mPT0002000078294957RQ[0m  [2m[Cluster 0][0m
2026-07-28 12:09:46 [INFO]      consumiu MENOS que o habitual às 18h
2026-07-28 12:09:46 [INFO]      [2mReal:[0m 4.0 kWh   [2mHabitual:[0m 12.0 ± 1.4 kWh   [2mz:[0m -5.66   [2mdesvio:[0m -67%   [2m(2 obs. fim_semana)[0m
2026-07-28 12:09:46 [INFO] 
2026-07-28 12:09:46 [INFO]   🔵 [94m[1mPT0002000125379984SH[0m  [2m[Cluster 1][0m
2026-07-28 12:09:46 [INFO]      consumiu MENOS que o habitual às 16h
2026-07-28 12:09:46 [INFO]      [2mReal:[0m 5.0 kWh   [2mHabitual:[0m 13.0 ± 1.4 kWh   [2mz:[0m -5.66   [2mdesvio:[0m -62%   [2m(2 obs. fim_semana)[0m
2026-07-28 12:09:46 [INFO] 
2026-07-28 12:09:46 [INFO]   🔵 [94m[1mPT0002000073481266XH[0m  [2m[Cluster 0][0m
2026-07-28 12:09:46 [INFO]      consumiu MENOS que o habitual às 08h
2026-07-28 12:09:46 [INFO]      [2mReal:[0m 6.0 kWh   [2mHabitual:[0m 33.5 ± 5.0 kWh   [2mz:[0m -5.56   [2mdesvio:[0m -82%   [2m(2 obs. fim_semana)[0m
2026-07-28 12:09:46 [INFO] 
2026-07-28 12:09:46 [INFO]   🔵 [94m[1mPT0002000116530964LH[0m  [2m[Cluster 0 (atribuido)][0m
2026-07-28 12:09:46 [INFO]      consumiu MENOS que o habitual às 11h
2026-07-28 12:09:46 [INFO]      [2mReal:[0m 77.0 kWh   [2mHabitual:[0m 173.0 ± 17.3 kWh   [2mz:[0m -5.55   [2mdesvio:[0m -55%   [2m(2 obs. fim_semana)[0m
2026-07-28 12:09:46 [INFO] 
2026-07-28 12:09:46 [INFO]   🔵 [94m[1mPT0002000116530964LH[0m  [2m[Cluster 0 (atribuido)][0m
2026-07-28 12:09:46 [INFO]      consumiu MENOS que o habitual às 16h
2026-07-28 12:09:46 [INFO]      [2mReal:[0m 73.0 kWh   [2mHabitual:[0m 164.0 ± 16.4 kWh   [2mz:[0m -5.55   [2mdesvio:[0m -55%   [2m(2 obs. fim_semana)[0m
2026-07-28 12:09:46 [INFO] 
2026-07-28 12:09:46 [INFO]   🔵 [94m[1mPT0002000068856267NC[0m  [2m[Cluster 0 (atribuido)][0m
2026-07-28 12:09:46 [INFO]      consumiu MENOS que o habitual às 08h
2026-07-28 12:09:46 [INFO]      [2mReal:[0m 17.0 kWh   [2mHabitual:[0m 38.0 ± 3.8 kWh   [2mz:[0m -5.53   [2mdesvio:[0m -55%   [2m(2 obs. fim_semana)[0m
2026-07-28 12:09:46 [INFO] 
2026-07-28 12:09:46 [INFO]   🔵 [94m[1mPT0002000119303492KB[0m  [2m[Cluster 0][0m
2026-07-28 12:09:46 [INFO]      consumiu MENOS que o habitual às 14h
2026-07-28 12:09:46 [INFO]      [2mReal:[0m 3.0 kWh   [2mHabitual:[0m 22.5 ± 3.5 kWh   [2mz:[0m -5.52   [2mdesvio:[0m -87%   [2m(2 obs. fim_semana)[0m
2026-07-28 12:09:46 [INFO] 
2026-07-28 12:09:46 [INFO]   🔴 [91m[1mPT0002000073720434JD[0m  [2m[Cluster 1 (atribuido)][0m
2026-07-28 12:09:46 [INFO]      consumiu MAIS que o habitual às 08h
2026-07-28 12:09:46 [INFO]      [2mReal:[0m 31.0 kWh   [2mHabitual:[0m 20.0 ± 2.0 kWh   [2mz:[0m +5.50   [2mdesvio:[0m +55%   [2m(2 obs. fim_semana)[0m
2026-07-28 12:09:46 [INFO] 
2026-07-28 12:09:46 [INFO]   🔵 [94m[1mPT0002000107046231FW[0m  [2m[Cluster 0][0m
2026-07-28 12:09:46 [INFO]      consumiu MENOS que o habitual às 13h
2026-07-28 12:09:46 [INFO]      [2mReal:[0m 2.0 kWh   [2mHabitual:[0m 33.0 ± 5.7 kWh   [2mz:[0m -5.48   [2mdesvio:[0m -94%   [2m(2 obs. fim_semana)[0m
2026-07-28 12:09:46 [INFO] 
2026-07-28 12:09:46 [INFO]   🔵 [94m[1mPT0002000073231742VK[0m  [2m[Cluster 0][0m
2026-07-28 12:09:46 [INFO]      consumiu MENOS que o habitual às 07h
2026-07-28 12:09:46 [INFO]      [2mReal:[0m 12.0 kWh   [2mHabitual:[0m 26.5 ± 2.6 kWh   [2mz:[0m -5.47   [2mdesvio:[0m -55%   [2m(2 obs. fim_semana)[0m
2026-07-28 12:09:46 [INFO] 
2026-07-28 12:09:46 [INFO]   🔵 [94m[1mPT0002000115031201VQ[0m  [2m[Cluster 0][0m
2026-07-28 12:09:46 [INFO]      consumiu MENOS que o habitual às 18h
2026-07-28 12:09:46 [INFO]      [2mReal:[0m 7.0 kWh   [2mHabitual:[0m 18.5 ± 2.1 kWh   [2mz:[0m -5.42   [2mdesvio:[0m -62%   [2m(2 obs. fim_semana)[0m
2026-07-28 12:09:46 [INFO] 
2026-07-28 12:09:46 [INFO]   🔵 [94m[1mPT0002000115700602GW[0m  [2m[Cluster 0][0m
2026-07-28 12:09:46 [INFO]      consumiu MENOS que o habitual às 15h
2026-07-28 12:09:46 [INFO]      [2mReal:[0m 7.0 kWh   [2mHabitual:[0m 18.5 ± 2.1 kWh   [2mz:[0m -5.42   [2mdesvio:[0m -62%   [2m(2 obs. fim_semana)[0m
2026-07-28 12:09:46 [INFO] 
2026-07-28 12:09:46 [INFO]   🔵 [94m[1mPT0002000077394934QY[0m  [2m[Cluster 0][0m
2026-07-28 12:09:46 [INFO]      consumiu MENOS que o habitual às 16h
2026-07-28 12:09:46 [INFO]      [2mReal:[0m 54.0 kWh   [2mHabitual:[0m 117.0 ± 11.7 kWh   [2mz:[0m -5.38   [2mdesvio:[0m -54%   [2m(2 obs. fim_semana)[0m
2026-07-28 12:09:46 [INFO] 
2026-07-28 12:09:46 [INFO]   🔵 [94m[1mPT0002000068856267NC[0m  [2m[Cluster 0 (atribuido)][0m
2026-07-28 12:09:46 [INFO]      consumiu MENOS que o habitual às 11h
2026-07-28 12:09:46 [INFO]      [2mReal:[0m 19.0 kWh   [2mHabitual:[0m 41.0 ± 4.1 kWh   [2mz:[0m -5.37   [2mdesvio:[0m -54%   [2m(2 obs. fim_semana)[0m
2026-07-28 12:09:46 [INFO] 
2026-07-28 12:09:46 [INFO]   🔵 [94m[1mPT0002000116530964LH[0m  [2m[Cluster 0 (atribuido)][0m
2026-07-28 12:09:46 [INFO]      consumiu MENOS que o habitual às 13h
2026-07-28 12:09:46 [INFO]      [2mReal:[0m 73.0 kWh   [2mHabitual:[0m 167.5 ± 17.7 kWh   [2mz:[0m -5.35   [2mdesvio:[0m -56%   [2m(2 obs. fim_semana)[0m
2026-07-28 12:09:46 [INFO] 
2026-07-28 12:09:46 [INFO]   🔵 [94m[1mPT0002000068856826ZG[0m  [2m[Cluster 0 (atribuido)][0m
2026-07-28 12:09:46 [INFO]      consumiu MENOS que o habitual às 11h
2026-07-28 12:09:46 [INFO]      [2mReal:[0m 105.0 kWh   [2mHabitual:[0m 225.5 ± 22.6 kWh   [2mz:[0m -5.34   [2mdesvio:[0m -53%   [2m(2 obs. fim_semana)[0m
2026-07-28 12:09:46 [INFO] 
2026-07-28 12:09:46 [INFO]   🔵 [94m[1mPT0002000116530964LH[0m  [2m[Cluster 0 (atribuido)][0m
2026-07-28 12:09:46 [INFO]      consumiu MENOS que o habitual às 12h
2026-07-28 12:09:46 [INFO]      [2mReal:[0m 76.0 kWh   [2mHabitual:[0m 163.0 ± 16.3 kWh   [2mz:[0m -5.34   [2mdesvio:[0m -53%   [2m(2 obs. fim_semana)[0m
2026-07-28 12:09:46 [INFO] 
2026-07-28 12:09:46 [INFO]   🔵 [94m[1mPT0002000068856826ZG[0m  [2m[Cluster 0 (atribuido)][0m
2026-07-28 12:09:46 [INFO]      consumiu MENOS que o habitual às 12h
2026-07-28 12:09:46 [INFO]      [2mReal:[0m 103.0 kWh   [2mHabitual:[0m 256.5 ± 29.0 kWh   [2mz:[0m -5.29   [2mdesvio:[0m -60%   [2m(2 obs. fim_semana)[0m
2026-07-28 12:09:46 [INFO] 
2026-07-28 12:09:46 [INFO]   🔵 [94m[1mPT0002000115700602GW[0m  [2m[Cluster 0][0m
2026-07-28 12:09:46 [INFO]      consumiu MENOS que o habitual às 18h
2026-07-28 12:09:46 [INFO]      [2mReal:[0m 8.0 kWh   [2mHabitual:[0m 17.0 ± 1.7 kWh   [2mz:[0m -5.29   [2mdesvio:[0m -53%   [2m(2 obs. fim_semana)[0m
2026-07-28 12:09:46 [INFO] 
2026-07-28 12:09:46 [INFO]   🔵 [94m[1mPT0002000077394934QY[0m  [2m[Cluster 0][0m
2026-07-28 12:09:46 [INFO]      consumiu MENOS que o habitual às 15h
2026-07-28 12:09:46 [INFO]      [2mReal:[0m 61.0 kWh   [2mHabitual:[0m 129.0 ± 12.9 kWh   [2mz:[0m -5.27   [2mdesvio:[0m -53%   [2m(2 obs. fim_semana)[0m
2026-07-28 12:09:46 [INFO] 
2026-07-28 12:09:46 [INFO]   🔵 [94m[1mPT0002000116530964LH[0m  [2m[Cluster 0 (atribuido)][0m
2026-07-28 12:09:46 [INFO]      consumiu MENOS que o habitual às 18h
2026-07-28 12:09:46 [INFO]      [2mReal:[0m 71.0 kWh   [2mHabitual:[0m 150.0 ± 15.0 kWh   [2mz:[0m -5.27   [2mdesvio:[0m -53%   [2m(2 obs. fim_semana)[0m
2026-07-28 12:09:46 [INFO] 
2026-07-28 12:09:46 [INFO]   🔵 [94m[1mPT0002000033074862LZ[0m  [2m[Cluster 0][0m
2026-07-28 12:09:46 [INFO]      consumiu MENOS que o habitual às 16h
2026-07-28 12:09:46 [INFO]      [2mReal:[0m 10.0 kWh   [2mHabitual:[0m 21.0 ± 2.1 kWh   [2mz:[0m -5.24   [2mdesvio:[0m -52%   [2m(2 obs. fim_semana)[0m
2026-07-28 12:09:46 [INFO] 
2026-07-28 12:09:46 [INFO]   🔵 [94m[1mPT0002000068859393XH[0m  [2m[Cluster 1][0m
2026-07-28 12:09:46 [INFO]      consumiu MENOS que o habitual às 08h
2026-07-28 12:09:46 [INFO]      [2mReal:[0m 54.0 kWh   [2mHabitual:[0m 113.5 ± 11.3 kWh   [2mz:[0m -5.24   [2mdesvio:[0m -52%   [2m(2 obs. fim_semana)[0m
2026-07-28 12:09:46 [INFO] 
2026-07-28 12:09:46 [INFO]   🔴 [91m[1mPT0002000073720434JD[0m  [2m[Cluster 1 (atribuido)][0m
2026-07-28 12:09:46 [INFO]      consumiu MAIS que o habitual às 13h
2026-07-28 12:09:46 [INFO]      [2mReal:[0m 35.0 kWh   [2mHabitual:[0m 23.0 ± 2.3 kWh   [2mz:[0m +5.22   [2mdesvio:[0m +52%   [2m(2 obs. fim_semana)[0m
2026-07-28 12:09:46 [INFO] 
2026-07-28 12:09:46 [INFO]   🔵 [94m[1mPT0002000068859382XF[0m  [2m[Cluster 0][0m
2026-07-28 12:09:46 [INFO]      consumiu MENOS que o habitual às 11h
2026-07-28 12:09:46 [INFO]      [2mReal:[0m 36.0 kWh   [2mHabitual:[0m 74.5 ± 7.5 kWh   [2mz:[0m -5.17   [2mdesvio:[0m -52%   [2m(2 obs. fim_semana)[0m
2026-07-28 12:09:46 [INFO] 
2026-07-28 12:09:46 [INFO]   🔵 [94m[1mPT0002000120237616VJ[0m  [2m[Cluster 0][0m
2026-07-28 12:09:46 [INFO]      consumiu MENOS que o habitual às 09h
2026-07-28 12:09:46 [INFO]      [2mReal:[0m 11.0 kWh   [2mHabitual:[0m 58.5 ± 9.2 kWh   [2mz:[0m -5.17   [2mdesvio:[0m -81%   [2m(2 obs. fim_semana)[0m
2026-07-28 12:09:46 [INFO] 
2026-07-28 12:09:46 [INFO]   🔵 [94m[1mPT0002000116530964LH[0m  [2m[Cluster 0 (atribuido)][0m
2026-07-28 12:09:46 [INFO]      consumiu MENOS que o habitual às 17h
2026-07-28 12:09:46 [INFO]      [2mReal:[0m 74.0 kWh   [2mHabitual:[0m 152.5 ± 15.2 kWh   [2mz:[0m -5.15   [2mdesvio:[0m -51%   [2m(2 obs. fim_semana)[0m
2026-07-28 12:09:46 [INFO] 
2026-07-28 12:09:46 [INFO]   🔵 [94m[1mPT0002000068856826ZG[0m  [2m[Cluster 0 (atribuido)][0m
2026-07-28 12:09:46 [INFO]      consumiu MENOS que o habitual às 09h
2026-07-28 12:09:46 [INFO]      [2mReal:[0m 101.0 kWh   [2mHabitual:[0m 312.0 ± 41.0 kWh   [2mz:[0m -5.14   [2mdesvio:[0m -68%   [2m(2 obs. fim_semana)[0m
2026-07-28 12:09:46 [INFO] 
2026-07-28 12:09:46 [INFO]   🔵 [94m[1mPT0002000068856974CZ[0m  [2m[Cluster 0 (atribuido)][0m
2026-07-28 12:09:46 [INFO]      consumiu MENOS que o habitual às 12h
2026-07-28 12:09:46 [INFO]      [2mReal:[0m 11.0 kWh   [2mHabitual:[0m 40.0 ± 5.7 kWh   [2mz:[0m -5.13   [2mdesvio:[0m -72%   [2m(2 obs. fim_semana)[0m
2026-07-28 12:09:46 [INFO] 
2026-07-28 12:09:46 [INFO]   🔵 [94m[1mPT0002000101964938LF[0m  [2m[Cluster 0][0m
2026-07-28 12:09:46 [INFO]      consumiu MENOS que o habitual às 08h
2026-07-28 12:09:46 [INFO]      [2mReal:[0m 16.0 kWh   [2mHabitual:[0m 32.5 ± 3.2 kWh   [2mz:[0m -5.08   [2mdesvio:[0m -51%   [2m(2 obs. fim_semana)[0m
2026-07-28 12:09:46 [INFO] 
2026-07-28 12:09:46 [INFO]   🔵 [94m[1mPT0002000116530964LH[0m  [2m[Cluster 0 (atribuido)][0m
2026-07-28 12:09:46 [INFO]      consumiu MENOS que o habitual às 19h
2026-07-28 12:09:46 [INFO]      [2mReal:[0m 74.0 kWh   [2mHabitual:[0m 148.5 ± 14.8 kWh   [2mz:[0m -5.02   [2mdesvio:[0m -50%   [2m(2 obs. fim_semana)[0m
2026-07-28 12:09:46 [INFO] 
2026-07-28 12:09:46 [INFO]   🔵 [94m[1mPT0002000107046231FW[0m  [2m[Cluster 0][0m
2026-07-28 12:09:46 [INFO]      consumiu MENOS que o habitual às 07h
2026-07-28 12:09:46 [INFO]      [2mReal:[0m 5.0 kWh   [2mHabitual:[0m 10.0 ± 1.0 kWh   [2mz:[0m -5.00   [2mdesvio:[0m -50%   [2m(2 obs. fim_semana)[0m
2026-07-28 12:09:46 [INFO] 
2026-07-28 12:09:46 [INFO]   🔵 [94m[1mPT0002000125379984SH[0m  [2m[Cluster 1][0m
2026-07-28 12:09:46 [INFO]      consumiu MENOS que o habitual às 09h
2026-07-28 12:09:46 [INFO]      [2mReal:[0m 6.0 kWh   [2mHabitual:[0m 12.0 ± 1.2 kWh   [2mz:[0m -5.00   [2mdesvio:[0m -50%   [2m(2 obs. fim_semana)[0m
2026-07-28 12:09:46 [INFO] 
2026-07-28 12:09:46 [INFO]   🔵 [94m[1mPT0002000068859382XF[0m  [2m[Cluster 0][0m
2026-07-28 12:09:46 [INFO]      consumiu MENOS que o habitual às 12h
2026-07-28 12:09:46 [INFO]      [2mReal:[0m 36.0 kWh   [2mHabitual:[0m 71.5 ± 7.2 kWh   [2mz:[0m -4.97   [2mdesvio:[0m -50%   [2m(2 obs. fim_semana)[0m
2026-07-28 12:09:46 [INFO] 
2026-07-28 12:09:46 [INFO]   🔵 [94m[1mPT0002000068856655YV[0m  [2m[Cluster 0][0m
2026-07-28 12:09:46 [INFO]      consumiu MENOS que o habitual às 19h
2026-07-28 12:09:46 [INFO]      [2mReal:[0m 2.0 kWh   [2mHabitual:[0m 5.5 ± 0.7 kWh   [2mz:[0m -4.95   [2mdesvio:[0m -64%   [2m(2 obs. fim_semana)[0m
2026-07-28 12:09:46 [INFO] 
2026-07-28 12:09:46 [INFO]   🔵 [94m[1mPT0002000068859187RL[0m  [2m[Cluster 0][0m
2026-07-28 12:09:46 [INFO]      consumiu MENOS que o habitual às 13h
2026-07-28 12:09:46 [INFO]      [2mReal:[0m 13.0 kWh   [2mHabitual:[0m 83.0 ± 14.1 kWh   [2mz:[0m -4.95   [2mdesvio:[0m -84%   [2m(2 obs. fim_semana)[0m
2026-07-28 12:09:46 [INFO] 
2026-07-28 12:09:46 [INFO]   🔵 [94m[1mPT0002000073481266XH[0m  [2m[Cluster 0][0m
2026-07-28 12:09:46 [INFO]      consumiu MENOS que o habitual às 19h
2026-07-28 12:09:46 [INFO]      [2mReal:[0m 6.0 kWh   [2mHabitual:[0m 13.0 ± 1.4 kWh   [2mz:[0m -4.95   [2mdesvio:[0m -54%   [2m(2 obs. fim_semana)[0m
2026-07-28 12:09:46 [INFO] 
2026-07-28 12:09:46 [INFO]   🔴 [91m[1mPT0002000073717386HC[0m  [2m[Cluster 1 (atribuido)][0m
2026-07-28 12:09:46 [INFO]      consumiu MAIS que o habitual às 13h
2026-07-28 12:09:46 [INFO]      [2mReal:[0m 8.0 kWh   [2mHabitual:[0m 4.5 ± 0.7 kWh   [2mz:[0m +4.95   [2mdesvio:[0m +78%   [2m(2 obs. fim_semana)[0m
2026-07-28 12:09:46 [INFO] 
2026-07-28 12:09:46 [INFO]   🔵 [94m[1mPT0002000075637532JB[0m  [2m[Cluster 0][0m
2026-07-28 12:09:46 [INFO]      consumiu MENOS que o habitual às 13h
2026-07-28 12:09:46 [INFO]      [2mReal:[0m 4.0 kWh   [2mHabitual:[0m 25.0 ± 4.2 kWh   [2mz:[0m -4.95   [2mdesvio:[0m -84%   [2m(2 obs. fim_semana)[0m
2026-07-28 12:09:46 [INFO] 
2026-07-28 12:09:46 [INFO]   🔵 [94m[1mPT0002000078207354XC[0m  [2m[Cluster 1][0m
2026-07-28 12:09:46 [INFO]      consumiu MENOS que o habitual às 03h
2026-07-28 12:09:46 [INFO]      [2mReal:[0m 2.0 kWh   [2mHabitual:[0m 5.5 ± 0.7 kWh   [2mz:[0m -4.95   [2mdesvio:[0m -64%   [2m(2 obs. fim_semana)[0m
2026-07-28 12:09:46 [INFO] 
2026-07-28 12:09:46 [INFO]   🔵 [94m[1mPT0002000078207354XC[0m  [2m[Cluster 1][0m
2026-07-28 12:09:46 [INFO]      consumiu MENOS que o habitual às 05h
2026-07-28 12:09:46 [INFO]      [2mReal:[0m 2.0 kWh   [2mHabitual:[0m 5.5 ± 0.7 kWh   [2mz:[0m -4.95   [2mdesvio:[0m -64%   [2m(2 obs. fim_semana)[0m
2026-07-28 12:09:46 [INFO] 
2026-07-28 12:09:46 [INFO]   🔵 [94m[1mPT0002000081344542CP[0m  [2m[Cluster 1][0m
2026-07-28 12:09:46 [INFO]      consumiu MENOS que o habitual às 08h
2026-07-28 12:09:46 [INFO]      [2mReal:[0m 1.0 kWh   [2mHabitual:[0m 4.5 ± 0.7 kWh   [2mz:[0m -4.95   [2mdesvio:[0m -78%   [2m(2 obs. fim_semana)[0m
2026-07-28 12:09:46 [INFO] 
2026-07-28 12:09:46 [INFO]   🔵 [94m[1mPT0002000110607652SB[0m  [2m[Cluster 0][0m
2026-07-28 12:09:46 [INFO]      consumiu MENOS que o habitual às 08h
2026-07-28 12:09:46 [INFO]      [2mReal:[0m 8.0 kWh   [2mHabitual:[0m 64.0 ± 11.3 kWh   [2mz:[0m -4.95   [2mdesvio:[0m -88%   [2m(2 obs. fim_semana)[0m
2026-07-28 12:09:46 [INFO] 
2026-07-28 12:09:46 [INFO]   🔵 [94m[1mPT0002000110607652SB[0m  [2m[Cluster 0][0m
2026-07-28 12:09:46 [INFO]      consumiu MENOS que o habitual às 19h
2026-07-28 12:09:46 [INFO]      [2mReal:[0m 8.0 kWh   [2mHabitual:[0m 50.0 ± 8.5 kWh   [2mz:[0m -4.95   [2mdesvio:[0m -84%   [2m(2 obs. fim_semana)[0m
2026-07-28 12:09:46 [INFO] 
2026-07-28 12:09:46 [INFO]   🔵 [94m[1mPT0002000119303492KB[0m  [2m[Cluster 0][0m
2026-07-28 12:09:46 [INFO]      consumiu MENOS que o habitual às 17h
2026-07-28 12:09:46 [INFO]      [2mReal:[0m 4.0 kWh   [2mHabitual:[0m 18.0 ± 2.8 kWh   [2mz:[0m -4.95   [2mdesvio:[0m -78%   [2m(2 obs. fim_semana)[0m
2026-07-28 12:09:46 [INFO] 
2026-07-28 12:09:46 [INFO]   🔴 [91m[1mPT0002000125379984SH[0m  [2m[Cluster 1][0m
2026-07-28 12:09:46 [INFO]      consumiu MAIS que o habitual às 03h
2026-07-28 12:09:46 [INFO]      [2mReal:[0m 6.0 kWh   [2mHabitual:[0m 2.5 ± 0.7 kWh   [2mz:[0m +4.95   [2mdesvio:[0m +140%   [2m(2 obs. fim_semana)[0m
2026-07-28 12:09:46 [INFO] 
2026-07-28 12:09:46 [INFO]   🔵 [94m[1mPT0002000101964938LF[0m  [2m[Cluster 0][0m
2026-07-28 12:09:46 [INFO]      consumiu MENOS que o habitual às 10h
2026-07-28 12:09:46 [INFO]      [2mReal:[0m 22.0 kWh   [2mHabitual:[0m 43.5 ± 4.3 kWh   [2mz:[0m -4.94   [2mdesvio:[0m -49%   [2m(2 obs. fim_semana)[0m
2026-07-28 12:09:46 [INFO] 
2026-07-28 12:09:46 [INFO]   🔵 [94m[1mPT0002000115673389QK[0m  [2m[Cluster 0][0m
2026-07-28 12:09:46 [INFO]      consumiu MENOS que o habitual às 15h
2026-07-28 12:09:46 [INFO]      [2mReal:[0m 21.0 kWh   [2mHabitual:[0m 41.5 ± 4.2 kWh   [2mz:[0m -4.94   [2mdesvio:[0m -49%   [2m(2 obs. fim_semana)[0m
2026-07-28 12:09:46 [INFO] 
2026-07-28 12:09:46 [INFO]   🔵 [94m[1mPT0002000068857897ZV[0m  [2m[Cluster 0][0m
2026-07-28 12:09:46 [INFO]      consumiu MENOS que o habitual às 10h
2026-07-28 12:09:46 [INFO]      [2mReal:[0m 25.0 kWh   [2mHabitual:[0m 49.0 ± 4.9 kWh   [2mz:[0m -4.90   [2mdesvio:[0m -49%   [2m(2 obs. fim_semana)[0m
2026-07-28 12:09:46 [INFO] 
2026-07-28 12:09:46 [INFO]   🔵 [94m[1mPT0002000068859187RL[0m  [2m[Cluster 0][0m
2026-07-28 12:09:46 [INFO]      consumiu MENOS que o habitual às 15h
2026-07-28 12:09:46 [INFO]      [2mReal:[0m 13.0 kWh   [2mHabitual:[0m 71.5 ± 12.0 kWh   [2mz:[0m -4.87   [2mdesvio:[0m -82%   [2m(2 obs. fim_semana)[0m
2026-07-28 12:09:46 [INFO] 
2026-07-28 12:09:46 [INFO]   🔵 [94m[1mPT0002000068857897ZV[0m  [2m[Cluster 0][0m
2026-07-28 12:09:46 [INFO]      consumiu MENOS que o habitual às 14h
2026-07-28 12:09:46 [INFO]      [2mReal:[0m 24.0 kWh   [2mHabitual:[0m 46.5 ± 4.7 kWh   [2mz:[0m -4.84   [2mdesvio:[0m -48%   [2m(2 obs. fim_semana)[0m
2026-07-28 12:09:46 [INFO] 
2026-07-28 12:09:46 [INFO]   🔵 [94m[1mPT0002000068858231YY[0m  [2m[Cluster 0 (atribuido)][0m
2026-07-28 12:09:46 [INFO]      consumiu MENOS que o habitual às 17h
2026-07-28 12:09:46 [INFO]      [2mReal:[0m 16.0 kWh   [2mHabitual:[0m 31.0 ± 3.1 kWh   [2mz:[0m -4.84   [2mdesvio:[0m -48%   [2m(2 obs. fim_semana)[0m
2026-07-28 12:09:46 [INFO] 
2026-07-28 12:09:46 [INFO]   🔵 [94m[1mPT0002000068856267NC[0m  [2m[Cluster 0 (atribuido)][0m
2026-07-28 12:09:46 [INFO]      consumiu MENOS que o habitual às 10h
2026-07-28 12:09:46 [INFO]      [2mReal:[0m 16.0 kWh   [2mHabitual:[0m 43.0 ± 5.7 kWh   [2mz:[0m -4.77   [2mdesvio:[0m -63%   [2m(2 obs. fim_semana)[0m
2026-07-28 12:09:46 [INFO] 
2026-07-28 12:09:46 [INFO]   🔵 [94m[1mPT0002000068859325FL[0m  [2m[Cluster 1][0m
2026-07-28 12:09:46 [INFO]      consumiu MENOS que o habitual às 19h
2026-07-28 12:09:46 [INFO]      [2mReal:[0m 44.0 kWh   [2mHabitual:[0m 84.0 ± 8.4 kWh   [2mz:[0m -4.76   [2mdesvio:[0m -48%   [2m(2 obs. fim_semana)[0m
2026-07-28 12:09:46 [INFO] 
2026-07-28 12:09:46 [INFO]   🔵 [94m[1mPT0002000115673471CB[0m  [2m[Cluster 0][0m
2026-07-28 12:09:46 [INFO]      consumiu MENOS que o habitual às 01h
2026-07-28 12:09:46 [INFO]      [2mReal:[0m 10.0 kWh   [2mHabitual:[0m 19.0 ± 1.9 kWh   [2mz:[0m -4.74   [2mdesvio:[0m -47%   [2m(2 obs. fim_semana)[0m
2026-07-28 12:09:46 [INFO] 
2026-07-28 12:09:46 [INFO]   🔵 [94m[1mPT0002000116530964LH[0m  [2m[Cluster 0 (atribuido)][0m
2026-07-28 12:09:46 [INFO]      consumiu MENOS que o habitual às 08h
2026-07-28 12:09:46 [INFO]      [2mReal:[0m 77.0 kWh   [2mHabitual:[0m 146.5 ± 14.7 kWh   [2mz:[0m -4.74   [2mdesvio:[0m -47%   [2m(2 obs. fim_semana)[0m
2026-07-28 12:09:46 [INFO] 
2026-07-28 12:09:46 [INFO]   🔵 [94m[1mPT0002000073481266XH[0m  [2m[Cluster 0][0m
2026-07-28 12:09:46 [INFO]      consumiu MENOS que o habitual às 18h
2026-07-28 12:09:46 [INFO]      [2mReal:[0m 7.0 kWh   [2mHabitual:[0m 27.0 ± 4.2 kWh   [2mz:[0m -4.71   [2mdesvio:[0m -74%   [2m(2 obs. fim_semana)[0m
2026-07-28 12:09:46 [INFO] 
2026-07-28 12:09:46 [INFO]   🔵 [94m[1mPT0002000115673471CB[0m  [2m[Cluster 0][0m
2026-07-28 12:09:46 [INFO]      consumiu MENOS que o habitual às 00h
2026-07-28 12:09:46 [INFO]      [2mReal:[0m 9.0 kWh   [2mHabitual:[0m 17.0 ± 1.7 kWh   [2mz:[0m -4.71   [2mdesvio:[0m -47%   [2m(2 obs. fim_semana)[0m
2026-07-28 12:09:46 [INFO] 
2026-07-28 12:09:46 [INFO]   🔵 [94m[1mPT0002000073231742VK[0m  [2m[Cluster 0][0m
2026-07-28 12:09:46 [INFO]      consumiu MENOS que o habitual às 13h
2026-07-28 12:09:46 [INFO]      [2mReal:[0m 12.0 kWh   [2mHabitual:[0m 22.5 ± 2.2 kWh   [2mz:[0m -4.67   [2mdesvio:[0m -47%   [2m(2 obs. fim_semana)[0m
2026-07-28 12:09:46 [INFO] 
2026-07-28 12:09:46 [INFO]   🔵 [94m[1mPT0002000120237616VJ[0m  [2m[Cluster 0][0m
2026-07-28 12:09:46 [INFO]      consumiu MENOS que o habitual às 16h
2026-07-28 12:09:46 [INFO]      [2mReal:[0m 12.0 kWh   [2mHabitual:[0m 28.5 ± 3.5 kWh   [2mz:[0m -4.67   [2mdesvio:[0m -58%   [2m(2 obs. fim_semana)[0m
2026-07-28 12:09:46 [INFO] 
2026-07-28 12:09:46 [INFO]   🔵 [94m[1mPT0002000114613364CC[0m  [2m[Cluster 0 (atribuido)][0m
2026-07-28 12:09:46 [INFO]      consumiu MENOS que o habitual às 16h
2026-07-28 12:09:46 [INFO]      [2mReal:[0m 119.0 kWh   [2mHabitual:[0m 223.0 ± 22.3 kWh   [2mz:[0m -4.66   [2mdesvio:[0m -47%   [2m(2 obs. fim_semana)[0m
2026-07-28 12:09:46 [INFO] 
2026-07-28 12:09:46 [INFO]   🔵 [94m[1mPT0002000068859325FL[0m  [2m[Cluster 1][0m
2026-07-28 12:09:46 [INFO]      consumiu MENOS que o habitual às 17h
2026-07-28 12:09:46 [INFO]      [2mReal:[0m 44.0 kWh   [2mHabitual:[0m 82.0 ± 8.2 kWh   [2mz:[0m -4.63   [2mdesvio:[0m -46%   [2m(2 obs. fim_semana)[0m
2026-07-28 12:09:46 [INFO] 
2026-07-28 12:09:46 [INFO]   🔵 [94m[1mPT0002000033074862LZ[0m  [2m[Cluster 0][0m
2026-07-28 12:09:46 [INFO]      consumiu MENOS que o habitual às 17h
2026-07-28 12:09:46 [INFO]      [2mReal:[0m 14.0 kWh   [2mHabitual:[0m 26.0 ± 2.6 kWh   [2mz:[0m -4.62   [2mdesvio:[0m -46%   [2m(2 obs. fim_semana)[0m
2026-07-28 12:09:46 [INFO] 
2026-07-28 12:09:46 [INFO]   🔵 [94m[1mPT0002000115031201VQ[0m  [2m[Cluster 0][0m
2026-07-28 12:09:46 [INFO]      consumiu MENOS que o habitual às 12h
2026-07-28 12:09:46 [INFO]      [2mReal:[0m 4.0 kWh   [2mHabitual:[0m 46.5 ± 9.2 kWh   [2mz:[0m -4.62   [2mdesvio:[0m -91%   [2m(2 obs. fim_semana)[0m
2026-07-28 12:09:46 [INFO] 
2026-07-28 12:09:46 [INFO]   🔵 [94m[1mPT0002000068859187RL[0m  [2m[Cluster 0][0m
2026-07-28 12:09:46 [INFO]      consumiu MENOS que o habitual às 07h
2026-07-28 12:09:46 [INFO]      [2mReal:[0m 12.0 kWh   [2mHabitual:[0m 25.0 ± 2.8 kWh   [2mz:[0m -4.60   [2mdesvio:[0m -52%   [2m(2 obs. fim_semana)[0m
2026-07-28 12:09:46 [INFO] 
2026-07-28 12:09:46 [INFO]   🔵 [94m[1mPT0002000107046231FW[0m  [2m[Cluster 0][0m
2026-07-28 12:09:46 [INFO]      consumiu MENOS que o habitual às 08h
2026-07-28 12:09:46 [INFO]      [2mReal:[0m 4.0 kWh   [2mHabitual:[0m 17.0 ± 2.8 kWh   [2mz:[0m -4.60   [2mdesvio:[0m -76%   [2m(2 obs. fim_semana)[0m
2026-07-28 12:09:46 [INFO] 
2026-07-28 12:09:46 [INFO]   🔵 [94m[1mPT0002000068859597LS[0m  [2m[Cluster 0][0m
2026-07-28 12:09:46 [INFO]      consumiu MENOS que o habitual às 08h
2026-07-28 12:09:46 [INFO]      [2mReal:[0m 40.0 kWh   [2mHabitual:[0m 74.0 ± 7.4 kWh   [2mz:[0m -4.59   [2mdesvio:[0m -46%   [2m(2 obs. fim_semana)[0m
2026-07-28 12:09:46 [INFO] 
2026-07-28 12:09:46 [INFO]   🔵 [94m[1mPT0002000101964938LF[0m  [2m[Cluster 0][0m
2026-07-28 12:09:46 [INFO]      consumiu MENOS que o habitual às 11h
2026-07-28 12:09:46 [INFO]      [2mReal:[0m 23.0 kWh   [2mHabitual:[0m 42.5 ± 4.2 kWh   [2mz:[0m -4.59   [2mdesvio:[0m -46%   [2m(2 obs. fim_semana)[0m
2026-07-28 12:09:46 [INFO] 
2026-07-28 12:09:46 [INFO]   🔵 [94m[1mPT0002000101964938LF[0m  [2m[Cluster 0][0m
2026-07-28 12:09:46 [INFO]      consumiu MENOS que o habitual às 14h
2026-07-28 12:09:46 [INFO]      [2mReal:[0m 15.0 kWh   [2mHabitual:[0m 63.5 ± 10.6 kWh   [2mz:[0m -4.57   [2mdesvio:[0m -76%   [2m(2 obs. fim_semana)[0m
2026-07-28 12:09:46 [INFO] 
2026-07-28 12:09:46 [INFO]   🔴 [91m[1mPT0002000073720434JD[0m  [2m[Cluster 1 (atribuido)][0m
2026-07-28 12:09:46 [INFO]      consumiu MAIS que o habitual às 04h
2026-07-28 12:09:46 [INFO]      [2mReal:[0m 32.0 kWh   [2mHabitual:[0m 22.0 ± 2.2 kWh   [2mz:[0m +4.55   [2mdesvio:[0m +45%   [2m(2 obs. fim_semana)[0m
2026-07-28 12:09:46 [INFO] 
2026-07-28 12:09:46 [INFO]   🔵 [94m[1mPT0002000115673471CB[0m  [2m[Cluster 0][0m
2026-07-28 12:09:46 [INFO]      consumiu MENOS que o habitual às 11h
2026-07-28 12:09:46 [INFO]      [2mReal:[0m 10.0 kWh   [2mHabitual:[0m 42.0 ± 7.1 kWh   [2mz:[0m -4.53   [2mdesvio:[0m -76%   [2m(2 obs. fim_semana)[0m
2026-07-28 12:09:46 [INFO] 
2026-07-28 12:09:46 [INFO]   🔵 [94m[1mPT0002000114685657JR[0m  [2m[Cluster 0][0m
2026-07-28 12:09:46 [INFO]      consumiu MENOS que o habitual às 10h
2026-07-28 12:09:46 [INFO]      [2mReal:[0m 158.0 kWh   [2mHabitual:[0m 287.5 ± 28.8 kWh   [2mz:[0m -4.50   [2mdesvio:[0m -45%   [2m(2 obs. fim_semana)[0m
2026-07-28 12:09:46 [INFO] 
2026-07-28 12:09:46 [INFO]   🔵 [94m[1mPT0002000114613364CC[0m  [2m[Cluster 0 (atribuido)][0m
2026-07-28 12:09:46 [INFO]      consumiu MENOS que o habitual às 13h
2026-07-28 12:09:46 [INFO]      [2mReal:[0m 123.0 kWh   [2mHabitual:[0m 240.5 ± 26.2 kWh   [2mz:[0m -4.49   [2mdesvio:[0m -49%   [2m(2 obs. fim_semana)[0m
2026-07-28 12:09:46 [INFO] 
2026-07-28 12:09:46 [INFO]   🔵 [94m[1mPT0002000068856655YV[0m  [2m[Cluster 0][0m
2026-07-28 12:09:46 [INFO]      consumiu MENOS que o habitual às 15h
2026-07-28 12:09:46 [INFO]      [2mReal:[0m 4.0 kWh   [2mHabitual:[0m 13.5 ± 2.1 kWh   [2mz:[0m -4.48   [2mdesvio:[0m -70%   [2m(2 obs. fim_semana)[0m
2026-07-28 12:09:46 [INFO] 
2026-07-28 12:09:46 [INFO]   🔵 [94m[1mPT0002000068856655YV[0m  [2m[Cluster 0][0m
2026-07-28 12:09:46 [INFO]      consumiu MENOS que o habitual às 17h
2026-07-28 12:09:46 [INFO]      [2mReal:[0m 4.0 kWh   [2mHabitual:[0m 13.5 ± 2.1 kWh   [2mz:[0m -4.48   [2mdesvio:[0m -70%   [2m(2 obs. fim_semana)[0m
2026-07-28 12:09:46 [INFO] 
2026-07-28 12:09:46 [INFO]   🔵 [94m[1mPT0002000068858231YY[0m  [2m[Cluster 0 (atribuido)][0m
2026-07-28 12:09:46 [INFO]      consumiu MENOS que o habitual às 14h
2026-07-28 12:09:46 [INFO]      [2mReal:[0m 16.0 kWh   [2mHabitual:[0m 63.5 ± 10.6 kWh   [2mz:[0m -4.48   [2mdesvio:[0m -75%   [2m(2 obs. fim_semana)[0m
2026-07-28 12:09:46 [INFO] 
2026-07-28 12:09:46 [INFO]   🔵 [94m[1mPT0002000075637532JB[0m  [2m[Cluster 0][0m
2026-07-28 12:09:46 [INFO]      consumiu MENOS que o habitual às 08h
2026-07-28 12:09:46 [INFO]      [2mReal:[0m 4.0 kWh   [2mHabitual:[0m 13.5 ± 2.1 kWh   [2mz:[0m -4.48   [2mdesvio:[0m -70%   [2m(2 obs. fim_semana)[0m
2026-07-28 12:09:46 [INFO] 
2026-07-28 12:09:46 [INFO]   🔵 [94m[1mPT0002000075637532JB[0m  [2m[Cluster 0][0m
2026-07-28 12:09:46 [INFO]      consumiu MENOS que o habitual às 14h
2026-07-28 12:09:46 [INFO]      [2mReal:[0m 5.0 kWh   [2mHabitual:[0m 14.5 ± 2.1 kWh   [2mz:[0m -4.48   [2mdesvio:[0m -66%   [2m(2 obs. fim_semana)[0m
2026-07-28 12:09:46 [INFO] 
2026-07-28 12:09:46 [INFO]   🔵 [94m[1mPT0002000078294957RQ[0m  [2m[Cluster 0][0m
2026-07-28 12:09:46 [INFO]      consumiu MENOS que o habitual às 17h
2026-07-28 12:09:46 [INFO]      [2mReal:[0m 5.0 kWh   [2mHabitual:[0m 14.5 ± 2.1 kWh   [2mz:[0m -4.48   [2mdesvio:[0m -66%   [2m(2 obs. fim_semana)[0m
2026-07-28 12:09:46 [INFO] 
2026-07-28 12:09:46 [INFO]   🔵 [94m[1mPT0002000115673471CB[0m  [2m[Cluster 0][0m
2026-07-28 12:09:46 [INFO]      consumiu MENOS que o habitual às 06h
2026-07-28 12:09:46 [INFO]      [2mReal:[0m 9.0 kWh   [2mHabitual:[0m 18.5 ± 2.1 kWh   [2mz:[0m -4.48   [2mdesvio:[0m -51%   [2m(2 obs. fim_semana)[0m
2026-07-28 12:09:46 [INFO] 
2026-07-28 12:09:46 [INFO]   🔵 [94m[1mPT0002000078294957RQ[0m  [2m[Cluster 0][0m
2026-07-28 12:09:46 [INFO]      consumiu MENOS que o habitual às 07h
2026-07-28 12:09:46 [INFO]      [2mReal:[0m 5.0 kWh   [2mHabitual:[0m 9.0 ± 0.9 kWh   [2mz:[0m -4.44   [2mdesvio:[0m -44%   [2m(2 obs. fim_semana)[0m
2026-07-28 12:09:46 [INFO] 
2026-07-28 12:09:46 [INFO]   🔵 [94m[1mPT0002000068859597LS[0m  [2m[Cluster 0][0m
2026-07-28 12:09:46 [INFO]      consumiu MENOS que o habitual às 09h
2026-07-28 12:09:46 [INFO]      [2mReal:[0m 45.0 kWh   [2mHabitual:[0m 80.5 ± 8.1 kWh   [2mz:[0m -4.41   [2mdesvio:[0m -44%   [2m(2 obs. fim_semana)[0m
2026-07-28 12:09:46 [INFO] 
2026-07-28 12:09:46 [INFO]   🔵 [94m[1mPT0002000078207354XC[0m  [2m[Cluster 1][0m
2026-07-28 12:09:46 [INFO]      consumiu MENOS que o habitual às 17h
2026-07-28 12:09:46 [INFO]      [2mReal:[0m 3.0 kWh   [2mHabitual:[0m 18.5 ± 3.5 kWh   [2mz:[0m -4.38   [2mdesvio:[0m -84%   [2m(2 obs. fim_semana)[0m
2026-07-28 12:09:46 [INFO] 
2026-07-28 12:09:46 [INFO]   🔵 [94m[1mPT0002000068859187RL[0m  [2m[Cluster 0][0m
2026-07-28 12:09:46 [INFO]      consumiu MENOS que o habitual às 18h
2026-07-28 12:09:46 [INFO]      [2mReal:[0m 13.0 kWh   [2mHabitual:[0m 23.0 ± 2.3 kWh   [2mz:[0m -4.35   [2mdesvio:[0m -43%   [2m(2 obs. fim_semana)[0m
2026-07-28 12:09:46 [INFO] 
2026-07-28 12:09:46 [INFO]   🔴 [91m[1mPT0002000073720434JD[0m  [2m[Cluster 1 (atribuido)][0m
2026-07-28 12:09:46 [INFO]      consumiu MAIS que o habitual às 03h
2026-07-28 12:09:46 [INFO]      [2mReal:[0m 33.0 kWh   [2mHabitual:[0m 23.0 ± 2.3 kWh   [2mz:[0m +4.35   [2mdesvio:[0m +43%   [2m(2 obs. fim_semana)[0m
2026-07-28 12:09:46 [INFO] 
2026-07-28 12:09:46 [INFO]   🔵 [94m[1mPT0002000068859597LS[0m  [2m[Cluster 0][0m
2026-07-28 12:09:46 [INFO]      consumiu MENOS que o habitual às 15h
2026-07-28 12:09:46 [INFO]      [2mReal:[0m 45.0 kWh   [2mHabitual:[0m 79.5 ± 8.0 kWh   [2mz:[0m -4.34   [2mdesvio:[0m -43%   [2m(2 obs. fim_semana)[0m
2026-07-28 12:09:46 [INFO] 
2026-07-28 12:09:46 [INFO]   🔵 [94m[1mPT0002000068859382XF[0m  [2m[Cluster 0][0m
2026-07-28 12:09:46 [INFO]      consumiu MENOS que o habitual às 13h
2026-07-28 12:09:46 [INFO]      [2mReal:[0m 37.0 kWh   [2mHabitual:[0m 65.0 ± 6.5 kWh   [2mz:[0m -4.31   [2mdesvio:[0m -43%   [2m(2 obs. fim_semana)[0m
2026-07-28 12:09:46 [INFO] 
2026-07-28 12:09:46 [INFO]   🔵 [94m[1mPT0002000114685657JR[0m  [2m[Cluster 0][0m
2026-07-28 12:09:46 [INFO]      consumiu MENOS que o habitual às 11h
2026-07-28 12:09:46 [INFO]      [2mReal:[0m 159.0 kWh   [2mHabitual:[0m 279.5 ± 27.9 kWh   [2mz:[0m -4.31   [2mdesvio:[0m -43%   [2m(2 obs. fim_semana)[0m
2026-07-28 12:09:46 [INFO] 
2026-07-28 12:09:46 [INFO]   🔵 [94m[1mPT0002000077394934QY[0m  [2m[Cluster 0][0m
2026-07-28 12:09:46 [INFO]      consumiu MENOS que o habitual às 14h
2026-07-28 12:09:46 [INFO]      [2mReal:[0m 71.0 kWh   [2mHabitual:[0m 124.5 ± 12.4 kWh   [2mz:[0m -4.30   [2mdesvio:[0m -43%   [2m(2 obs. fim_semana)[0m
2026-07-28 12:09:46 [INFO] 
2026-07-28 12:09:46 [INFO]   🔴 [91m[1mPT0002000068858674WN[0m  [2m[Cluster 1 (atribuido)][0m
2026-07-28 12:09:46 [INFO]      consumiu MAIS que o habitual às 07h
2026-07-28 12:09:46 [INFO]      [2mReal:[0m 40.0 kWh   [2mHabitual:[0m 28.0 ± 2.8 kWh   [2mz:[0m +4.29   [2mdesvio:[0m +43%   [2m(2 obs. fim_semana)[0m
2026-07-28 12:09:46 [INFO] 
2026-07-28 12:09:46 [INFO]   🔵 [94m[1mPT0002000068859325FL[0m  [2m[Cluster 1][0m
2026-07-28 12:09:46 [INFO]      consumiu MENOS que o habitual às 18h
2026-07-28 12:09:46 [INFO]      [2mReal:[0m 48.0 kWh   [2mHabitual:[0m 84.0 ± 8.4 kWh   [2mz:[0m -4.29   [2mdesvio:[0m -43%   [2m(2 obs. fim_semana)[0m
2026-07-28 12:09:46 [INFO] 
2026-07-28 12:09:46 [INFO]   🔵 [94m[1mPT0002000101964938LF[0m  [2m[Cluster 0][0m
2026-07-28 12:09:46 [INFO]      consumiu MENOS que o habitual às 07h
2026-07-28 12:09:46 [INFO]      [2mReal:[0m 10.0 kWh   [2mHabitual:[0m 17.5 ± 1.8 kWh   [2mz:[0m -4.29   [2mdesvio:[0m -43%   [2m(2 obs. fim_semana)[0m
2026-07-28 12:09:46 [INFO] 
2026-07-28 12:09:46 [INFO]   🔵 [94m[1mPT0002000114685657JR[0m  [2m[Cluster 0][0m
2026-07-28 12:09:46 [INFO]      consumiu MENOS que o habitual às 09h
2026-07-28 12:09:46 [INFO]      [2mReal:[0m 157.0 kWh   [2mHabitual:[0m 275.0 ± 27.5 kWh   [2mz:[0m -4.29   [2mdesvio:[0m -43%   [2m(2 obs. fim_semana)[0m
2026-07-28 12:09:46 [INFO] 
2026-07-28 12:09:46 [INFO]   🔵 [94m[1mPT0002000120237616VJ[0m  [2m[Cluster 0][0m
2026-07-28 12:09:46 [INFO]      consumiu MENOS que o habitual às 18h
2026-07-28 12:09:46 [INFO]      [2mReal:[0m 12.0 kWh   [2mHabitual:[0m 21.0 ± 2.1 kWh   [2mz:[0m -4.29   [2mdesvio:[0m -43%   [2m(2 obs. fim_semana)[0m
2026-07-28 12:09:46 [INFO] 
2026-07-28 12:09:46 [INFO]   🔵 [94m[1mPT0002000068856655YV[0m  [2m[Cluster 0][0m
2026-07-28 12:09:46 [INFO]      consumiu MENOS que o habitual às 08h
2026-07-28 12:09:46 [INFO]      [2mReal:[0m 2.0 kWh   [2mHabitual:[0m 8.0 ± 1.4 kWh   [2mz:[0m -4.24   [2mdesvio:[0m -75%   [2m(2 obs. fim_semana)[0m
2026-07-28 12:09:46 [INFO] 
2026-07-28 12:09:46 [INFO]   🔵 [94m[1mPT0002000068856655YV[0m  [2m[Cluster 0][0m
2026-07-28 12:09:46 [INFO]      consumiu MENOS que o habitual às 10h
2026-07-28 12:09:46 [INFO]      [2mReal:[0m 3.0 kWh   [2mHabitual:[0m 15.0 ± 2.8 kWh   [2mz:[0m -4.24   [2mdesvio:[0m -80%   [2m(2 obs. fim_semana)[0m
2026-07-28 12:09:46 [INFO] 
2026-07-28 12:09:46 [INFO]   🔵 [94m[1mPT0002000068857897ZV[0m  [2m[Cluster 0][0m
2026-07-28 12:09:46 [INFO]      consumiu MENOS que o habitual às 11h
2026-07-28 12:09:46 [INFO]      [2mReal:[0m 23.0 kWh   [2mHabitual:[0m 47.0 ± 5.7 kWh   [2mz:[0m -4.24   [2mdesvio:[0m -51%   [2m(2 obs. fim_semana)[0m
2026-07-28 12:09:46 [INFO] 
2026-07-28 12:09:46 [INFO]   🔵 [94m[1mPT0002000071896778MT[0m  [2m[Cluster 0][0m
2026-07-28 12:09:46 [INFO]      consumiu MENOS que o habitual às 17h
2026-07-28 12:09:46 [INFO]      [2mReal:[0m 4.0 kWh   [2mHabitual:[0m 10.0 ± 1.4 kWh   [2mz:[0m -4.24   [2mdesvio:[0m -60%   [2m(2 obs. fim_semana)[0m
2026-07-28 12:09:46 [INFO] 
2026-07-28 12:09:46 [INFO]   🔵 [94m[1mPT0002000081344542CP[0m  [2m[Cluster 1][0m
2026-07-28 12:09:46 [INFO]      consumiu MENOS que o habitual às 11h
2026-07-28 12:09:46 [INFO]      [2mReal:[0m 2.0 kWh   [2mHabitual:[0m 20.0 ± 4.2 kWh   [2mz:[0m -4.24   [2mdesvio:[0m -90%   [2m(2 obs. fim_semana)[0m
2026-07-28 12:09:46 [INFO] 
2026-07-28 12:09:46 [INFO]   🔵 [94m[1mPT0002000110607652SB[0m  [2m[Cluster 0][0m
2026-07-28 12:09:46 [INFO]      consumiu MENOS que o habitual às 17h
2026-07-28 12:09:46 [INFO]      [2mReal:[0m 8.0 kWh   [2mHabitual:[0m 56.0 ± 11.3 kWh   [2mz:[0m -4.24   [2mdesvio:[0m -86%   [2m(2 obs. fim_semana)[0m
2026-07-28 12:09:46 [INFO] 
2026-07-28 12:09:46 [INFO]   🔵 [94m[1mPT0002000123648159KR[0m  [2m[Cluster 0][0m
2026-07-28 12:09:46 [INFO]      consumiu MENOS que o habitual às 17h
2026-07-28 12:09:46 [INFO]      [2mReal:[0m 3.0 kWh   [2mHabitual:[0m 9.0 ± 1.4 kWh   [2mz:[0m -4.24   [2mdesvio:[0m -67%   [2m(2 obs. fim_semana)[0m
2026-07-28 12:09:46 [INFO] 
2026-07-28 12:09:46 [INFO]   🔴 [91m[1mPT0002000073720434JD[0m  [2m[Cluster 1 (atribuido)][0m
2026-07-28 12:09:46 [INFO]      consumiu MAIS que o habitual às 06h
2026-07-28 12:09:46 [INFO]      [2mReal:[0m 32.0 kWh   [2mHabitual:[0m 22.5 ± 2.2 kWh   [2mz:[0m +4.22   [2mdesvio:[0m +42%   [2m(2 obs. fim_semana)[0m
2026-07-28 12:09:46 [INFO] 
2026-07-28 12:09:46 [INFO]   🔵 [94m[1mPT0002000068859382XF[0m  [2m[Cluster 0][0m
2026-07-28 12:09:46 [INFO]      consumiu MENOS que o habitual às 14h
2026-07-28 12:09:46 [INFO]      [2mReal:[0m 37.0 kWh   [2mHabitual:[0m 63.5 ± 6.3 kWh   [2mz:[0m -4.17   [2mdesvio:[0m -42%   [2m(2 obs. fim_semana)[0m
2026-07-28 12:09:46 [INFO] 
2026-07-28 12:09:46 [INFO]   🔵 [94m[1mPT0002000114613364CC[0m  [2m[Cluster 0 (atribuido)][0m
2026-07-28 12:09:46 [INFO]      consumiu MENOS que o habitual às 14h
2026-07-28 12:09:46 [INFO]      [2mReal:[0m 120.0 kWh   [2mHabitual:[0m 232.0 ± 26.9 kWh   [2mz:[0m -4.17   [2mdesvio:[0m -48%   [2m(2 obs. fim_semana)[0m
2026-07-28 12:09:46 [INFO] 
2026-07-28 12:09:46 [INFO]   🔵 [94m[1mPT0002000107046231FW[0m  [2m[Cluster 0][0m
2026-07-28 12:09:46 [INFO]      consumiu MENOS que o habitual às 11h
2026-07-28 12:09:46 [INFO]      [2mReal:[0m 2.0 kWh   [2mHabitual:[0m 28.5 ± 6.4 kWh   [2mz:[0m -4.16   [2mdesvio:[0m -93%   [2m(2 obs. fim_semana)[0m
2026-07-28 12:09:46 [INFO] 
2026-07-28 12:09:46 [INFO]   🔵 [94m[1mPT0002000114613364CC[0m  [2m[Cluster 0 (atribuido)][0m
2026-07-28 12:09:46 [INFO]      consumiu MENOS que o habitual às 15h
2026-07-28 12:09:46 [INFO]      [2mReal:[0m 119.0 kWh   [2mHabitual:[0m 227.5 ± 26.2 kWh   [2mz:[0m -4.15   [2mdesvio:[0m -48%   [2m(2 obs. fim_semana)[0m
2026-07-28 12:09:46 [INFO] 
2026-07-28 12:09:46 [INFO]   🔵 [94m[1mPT0002000071896778MT[0m  [2m[Cluster 0][0m
2026-07-28 12:09:46 [INFO]      consumiu MENOS que o habitual às 18h
2026-07-28 12:09:46 [INFO]      [2mReal:[0m 5.0 kWh   [2mHabitual:[0m 8.5 ± 0.8 kWh   [2mz:[0m -4.12   [2mdesvio:[0m -41%   [2m(2 obs. fim_semana)[0m
2026-07-28 12:09:46 [INFO] 
2026-07-28 12:09:46 [INFO]   🔵 [94m[1mPT0002000115673471CB[0m  [2m[Cluster 0][0m
2026-07-28 12:09:46 [INFO]      consumiu MENOS que o habitual às 05h
2026-07-28 12:09:46 [INFO]      [2mReal:[0m 10.0 kWh   [2mHabitual:[0m 17.0 ± 1.7 kWh   [2mz:[0m -4.12   [2mdesvio:[0m -41%   [2m(2 obs. fim_semana)[0m
2026-07-28 12:09:46 [INFO] 
2026-07-28 12:09:46 [INFO]   🔵 [94m[1mPT0002000114613364CC[0m  [2m[Cluster 0 (atribuido)][0m
2026-07-28 12:09:46 [INFO]      consumiu MENOS que o habitual às 17h
2026-07-28 12:09:46 [INFO]      [2mReal:[0m 122.0 kWh   [2mHabitual:[0m 207.0 ± 20.7 kWh   [2mz:[0m -4.11   [2mdesvio:[0m -41%   [2m(2 obs. fim_semana)[0m
2026-07-28 12:09:46 [INFO] 
2026-07-28 12:09:46 [INFO]   🔵 [94m[1mPT0002000068859597LS[0m  [2m[Cluster 0][0m
2026-07-28 12:09:46 [INFO]      consumiu MENOS que o habitual às 14h
2026-07-28 12:09:46 [INFO]      [2mReal:[0m 50.0 kWh   [2mHabitual:[0m 84.5 ± 8.4 kWh   [2mz:[0m -4.08   [2mdesvio:[0m -41%   [2m(2 obs. fim_semana)[0m
2026-07-28 12:09:46 [INFO] 
2026-07-28 12:09:46 [INFO]   🔵 [94m[1mPT0002000120237616VJ[0m  [2m[Cluster 0][0m
2026-07-28 12:09:46 [INFO]      consumiu MENOS que o habitual às 08h
2026-07-28 12:09:46 [INFO]      [2mReal:[0m 12.0 kWh   [2mHabitual:[0m 58.0 ± 11.3 kWh   [2mz:[0m -4.07   [2mdesvio:[0m -79%   [2m(2 obs. fim_semana)[0m
2026-07-28 12:09:46 [INFO] 
2026-07-28 12:09:46 [INFO]   🔵 [94m[1mPT0002000068855003AK[0m  [2m[Cluster 0 (atribuido)][0m
2026-07-28 12:09:46 [INFO]      consumiu MENOS que o habitual às 08h
2026-07-28 12:09:46 [INFO]      [2mReal:[0m 8.0 kWh   [2mHabitual:[0m 16.5 ± 2.1 kWh   [2mz:[0m -4.01   [2mdesvio:[0m -52%   [2m(2 obs. fim_semana)[0m
2026-07-28 12:09:46 [INFO] 
2026-07-28 12:09:46 [INFO]   🔵 [94m[1mPT0002000068855003AK[0m  [2m[Cluster 0 (atribuido)][0m
2026-07-28 12:09:46 [INFO]      consumiu MENOS que o habitual às 09h
2026-07-28 12:09:46 [INFO]      [2mReal:[0m 10.0 kWh   [2mHabitual:[0m 18.5 ± 2.1 kWh   [2mz:[0m -4.01   [2mdesvio:[0m -46%   [2m(2 obs. fim_semana)[0m
2026-07-28 12:09:46 [INFO] 
2026-07-28 12:09:46 [INFO]   🔵 [94m[1mPT0002000068859597LS[0m  [2m[Cluster 0][0m
2026-07-28 12:09:46 [INFO]      consumiu MENOS que o habitual às 10h
2026-07-28 12:09:46 [INFO]      [2mReal:[0m 53.0 kWh   [2mHabitual:[0m 88.5 ± 8.8 kWh   [2mz:[0m -4.01   [2mdesvio:[0m -40%   [2m(2 obs. fim_semana)[0m
2026-07-28 12:09:46 [INFO] 
2026-07-28 12:09:46 [INFO]   🔵 [94m[1mPT0002000068859597LS[0m  [2m[Cluster 0][0m
2026-07-28 12:09:46 [INFO]      consumiu MENOS que o habitual às 13h
2026-07-28 12:09:46 [INFO]      [2mReal:[0m 47.0 kWh   [2mHabitual:[0m 78.5 ± 7.8 kWh   [2mz:[0m -4.01   [2mdesvio:[0m -40%   [2m(2 obs. fim_semana)[0m
2026-07-28 12:09:46 [INFO] 
2026-07-28 12:09:46 [INFO]   🔵 [94m[1mPT0002000106102375RC[0m  [2m[Cluster 0 (atribuido)][0m
2026-07-28 12:09:46 [INFO]      consumiu MENOS que o habitual às 13h
2026-07-28 12:09:46 [INFO]      [2mReal:[0m 41.0 kWh   [2mHabitual:[0m 68.5 ± 6.8 kWh   [2mz:[0m -4.01   [2mdesvio:[0m -40%   [2m(2 obs. fim_semana)[0m
2026-07-28 12:09:46 [INFO] 
2026-07-28 12:09:46 [INFO]   🔵 [94m[1mPT0002000110607652SB[0m  [2m[Cluster 0][0m
2026-07-28 12:09:46 [INFO]      consumiu MENOS que o habitual às 14h
2026-07-28 12:09:46 [INFO]      [2mReal:[0m 8.0 kWh   [2mHabitual:[0m 76.0 ± 17.0 kWh   [2mz:[0m -4.01   [2mdesvio:[0m -89%   [2m(2 obs. fim_semana)[0m
2026-07-28 12:09:46 [INFO] 
2026-07-28 12:09:46 [INFO]   🔵 [94m[1mPT0002000119303492KB[0m  [2m[Cluster 0][0m
2026-07-28 12:09:46 [INFO]      consumiu MENOS que o habitual às 18h
2026-07-28 12:09:46 [INFO]      [2mReal:[0m 4.0 kWh   [2mHabitual:[0m 12.5 ± 2.1 kWh   [2mz:[0m -4.01   [2mdesvio:[0m -68%   [2m(2 obs. fim_semana)[0m
2026-07-28 12:09:46 [INFO] 
2026-07-28 12:09:46 [INFO]   🔵 [94m[1mPT0002000078207354XC[0m  [2m[Cluster 1][0m
2026-07-28 12:09:46 [INFO]      consumiu MENOS que o habitual às 04h
2026-07-28 12:09:46 [INFO]      [2mReal:[0m 3.0 kWh   [2mHabitual:[0m 5.0 ± 0.5 kWh   [2mz:[0m -4.00   [2mdesvio:[0m -40%   [2m(2 obs. fim_semana)[0m
2026-07-28 12:09:46 [INFO] 
2026-07-28 12:09:46 [INFO]   🔵 [94m[1mPT0002000078207354XC[0m  [2m[Cluster 1][0m
2026-07-28 12:09:46 [INFO]      consumiu MENOS que o habitual às 06h
2026-07-28 12:09:46 [INFO]      [2mReal:[0m 3.0 kWh   [2mHabitual:[0m 5.0 ± 0.5 kWh   [2mz:[0m -4.00   [2mdesvio:[0m -40%   [2m(2 obs. fim_semana)[0m
2026-07-28 12:09:46 [INFO] 
2026-07-28 12:09:46 [INFO]   🔵 [94m[1mPT0002000123648159KR[0m  [2m[Cluster 0][0m
2026-07-28 12:09:46 [INFO]      consumiu MENOS que o habitual às 18h
2026-07-28 12:09:46 [INFO]      [2mReal:[0m 3.0 kWh   [2mHabitual:[0m 5.0 ± 0.5 kWh   [2mz:[0m -4.00   [2mdesvio:[0m -40%   [2m(2 obs. fim_semana)[0m
2026-07-28 12:09:46 [INFO] 
2026-07-28 12:09:46 [INFO]   🔵 [94m[1mPT0002000114685657JR[0m  [2m[Cluster 0][0m
2026-07-28 12:09:46 [INFO]      consumiu MENOS que o habitual às 12h
2026-07-28 12:09:46 [INFO]      [2mReal:[0m 155.0 kWh   [2mHabitual:[0m 257.0 ± 25.7 kWh   [2mz:[0m -3.97   [2mdesvio:[0m -40%   [2m(2 obs. fim_semana)[0m
2026-07-28 12:09:46 [INFO] 
2026-07-28 12:09:46 [INFO]   🔵 [94m[1mPT0002000112989585PH[0m  [2m[Cluster 0][0m
2026-07-28 12:09:46 [INFO]      consumiu MENOS que o habitual às 16h
2026-07-28 12:09:46 [INFO]      [2mReal:[0m 26.0 kWh   [2mHabitual:[0m 54.0 ± 7.1 kWh   [2mz:[0m -3.96   [2mdesvio:[0m -52%   [2m(2 obs. fim_semana)[0m
2026-07-28 12:09:46 [INFO] 
2026-07-28 12:09:46 [INFO]   🔵 [94m[1mPT0002000068856974CZ[0m  [2m[Cluster 0 (atribuido)][0m
2026-07-28 12:09:46 [INFO]      consumiu MENOS que o habitual às 15h
2026-07-28 12:09:46 [INFO]      [2mReal:[0m 26.0 kWh   [2mHabitual:[0m 43.0 ± 4.3 kWh   [2mz:[0m -3.95   [2mdesvio:[0m -40%   [2m(2 obs. fim_semana)[0m
2026-07-28 12:09:46 [INFO] 
2026-07-28 12:09:46 [INFO]   🔵 [94m[1mPT0002000115673471CB[0m  [2m[Cluster 0][0m
2026-07-28 12:09:46 [INFO]      consumiu MENOS que o habitual às 04h
2026-07-28 12:09:46 [INFO]      [2mReal:[0m 10.0 kWh   [2mHabitual:[0m 16.5 ± 1.6 kWh   [2mz:[0m -3.94   [2mdesvio:[0m -39%   [2m(2 obs. fim_semana)[0m
2026-07-28 12:09:46 [INFO] 
2026-07-28 12:09:46 [INFO]   🔵 [94m[1mPT0002000068858231YY[0m  [2m[Cluster 0 (atribuido)][0m
2026-07-28 12:09:46 [INFO]      consumiu MENOS que o habitual às 16h
2026-07-28 12:09:46 [INFO]      [2mReal:[0m 16.0 kWh   [2mHabitual:[0m 46.5 ± 7.8 kWh   [2mz:[0m -3.92   [2mdesvio:[0m -66%   [2m(2 obs. fim_semana)[0m
2026-07-28 12:09:46 [INFO] 
2026-07-28 12:09:46 [INFO]   🔵 [94m[1mPT0002000101964938LF[0m  [2m[Cluster 0][0m
2026-07-28 12:09:46 [INFO]      consumiu MENOS que o habitual às 09h
2026-07-28 12:09:46 [INFO]      [2mReal:[0m 24.0 kWh   [2mHabitual:[0m 39.5 ± 4.0 kWh   [2mz:[0m -3.92   [2mdesvio:[0m -39%   [2m(2 obs. fim_semana)[0m
2026-07-28 12:09:46 [INFO] 
2026-07-28 12:09:46 [INFO]   🔵 [94m[1mPT0002000106102375RC[0m  [2m[Cluster 0 (atribuido)][0m
2026-07-28 12:09:46 [INFO]      consumiu MENOS que o habitual às 18h
2026-07-28 12:09:46 [INFO]      [2mReal:[0m 38.0 kWh   [2mHabitual:[0m 62.5 ± 6.2 kWh   [2mz:[0m -3.92   [2mdesvio:[0m -39%   [2m(2 obs. fim_semana)[0m
2026-07-28 12:09:46 [INFO] 
2026-07-28 12:09:46 [INFO]   🔴 [91m[1mPT0002000073720434JD[0m  [2m[Cluster 1 (atribuido)][0m
2026-07-28 12:09:46 [INFO]      consumiu MAIS que o habitual às 05h
2026-07-28 12:09:46 [INFO]      [2mReal:[0m 32.0 kWh   [2mHabitual:[0m 23.0 ± 2.3 kWh   [2mz:[0m +3.91   [2mdesvio:[0m +39%   [2m(2 obs. fim_semana)[0m
2026-07-28 12:09:46 [INFO] 
2026-07-28 12:09:46 [INFO]   🔴 [91m[1mPT0002000073720434JD[0m  [2m[Cluster 1 (atribuido)][0m
2026-07-28 12:09:46 [INFO]      consumiu MAIS que o habitual às 12h
2026-07-28 12:09:46 [INFO]      [2mReal:[0m 32.0 kWh   [2mHabitual:[0m 23.0 ± 2.3 kWh   [2mz:[0m +3.91   [2mdesvio:[0m +39%   [2m(2 obs. fim_semana)[0m
2026-07-28 12:09:46 [INFO] 
2026-07-28 12:09:46 [INFO]   🔵 [94m[1mPT0002000116530964LH[0m  [2m[Cluster 0 (atribuido)][0m
2026-07-28 12:09:46 [INFO]      consumiu MENOS que o habitual às 07h
2026-07-28 12:09:46 [INFO]      [2mReal:[0m 76.0 kWh   [2mHabitual:[0m 124.0 ± 12.4 kWh   [2mz:[0m -3.87   [2mdesvio:[0m -39%   [2m(2 obs. fim_semana)[0m
2026-07-28 12:09:46 [INFO] 
2026-07-28 12:09:46 [INFO]   🔵 [94m[1mPT0002000114685657JR[0m  [2m[Cluster 0][0m
2026-07-28 12:09:46 [INFO]      consumiu MENOS que o habitual às 14h
2026-07-28 12:09:46 [INFO]      [2mReal:[0m 156.0 kWh   [2mHabitual:[0m 254.0 ± 25.4 kWh   [2mz:[0m -3.86   [2mdesvio:[0m -39%   [2m(2 obs. fim_semana)[0m
2026-07-28 12:09:46 [INFO] 
2026-07-28 12:09:46 [INFO]   🔵 [94m[1mPT0002000068859382XF[0m  [2m[Cluster 0][0m
2026-07-28 12:09:46 [INFO]      consumiu MENOS que o habitual às 08h
2026-07-28 12:09:46 [INFO]      [2mReal:[0m 36.0 kWh   [2mHabitual:[0m 58.5 ± 5.8 kWh   [2mz:[0m -3.85   [2mdesvio:[0m -38%   [2m(2 obs. fim_semana)[0m
2026-07-28 12:09:46 [INFO] 
2026-07-28 12:09:46 [INFO]   🔵 [94m[1mPT0002000115031201VQ[0m  [2m[Cluster 0][0m
2026-07-28 12:09:46 [INFO]      consumiu MENOS que o habitual às 13h
2026-07-28 12:09:46 [INFO]      [2mReal:[0m 4.0 kWh   [2mHabitual:[0m 42.0 ± 9.9 kWh   [2mz:[0m -3.84   [2mdesvio:[0m -90%   [2m(2 obs. fim_semana)[0m
2026-07-28 12:09:46 [INFO] 
2026-07-28 12:09:46 [INFO]   🔵 [94m[1mPT0002000068858231YY[0m  [2m[Cluster 0 (atribuido)][0m
2026-07-28 12:09:46 [INFO]      consumiu MENOS que o habitual às 15h
2026-07-28 12:09:46 [INFO]      [2mReal:[0m 15.0 kWh   [2mHabitual:[0m 55.5 ± 10.6 kWh   [2mz:[0m -3.82   [2mdesvio:[0m -73%   [2m(2 obs. fim_semana)[0m
2026-07-28 12:09:46 [INFO] 
2026-07-28 12:09:46 [INFO]   🔵 [94m[1mPT0002000112989585PH[0m  [2m[Cluster 0][0m
2026-07-28 12:09:46 [INFO]      consumiu MENOS que o habitual às 09h
2026-07-28 12:09:46 [INFO]      [2mReal:[0m 55.0 kWh   [2mHabitual:[0m 109.0 ± 14.1 kWh   [2mz:[0m -3.82   [2mdesvio:[0m -50%   [2m(2 obs. fim_semana)[0m
2026-07-28 12:09:46 [INFO] 
2026-07-28 12:09:46 [INFO]   🔴 [91m[1mPT0002000073720434JD[0m  [2m[Cluster 1 (atribuido)][0m
2026-07-28 12:09:46 [INFO]      consumiu MAIS que o habitual às 07h
2026-07-28 12:09:46 [INFO]      [2mReal:[0m 31.0 kWh   [2mHabitual:[0m 22.5 ± 2.2 kWh   [2mz:[0m +3.78   [2mdesvio:[0m +38%   [2m(2 obs. fim_semana)[0m
2026-07-28 12:09:46 [INFO] 
2026-07-28 12:09:46 [INFO]   🔵 [94m[1mPT0002000068856267NC[0m  [2m[Cluster 0 (atribuido)][0m
2026-07-28 12:09:46 [INFO]      consumiu MENOS que o habitual às 13h
2026-07-28 12:09:46 [INFO]      [2mReal:[0m 17.0 kWh   [2mHabitual:[0m 33.0 ± 4.2 kWh   [2mz:[0m -3.77   [2mdesvio:[0m -48%   [2m(2 obs. fim_semana)[0m
2026-07-28 12:09:46 [INFO] 
2026-07-28 12:09:46 [INFO]   🔵 [94m[1mPT0002000068859187RL[0m  [2m[Cluster 0][0m
2026-07-28 12:09:46 [INFO]      consumiu MENOS que o habitual às 12h
2026-07-28 12:09:46 [INFO]      [2mReal:[0m 13.0 kWh   [2mHabitual:[0m 77.0 ± 17.0 kWh   [2mz:[0m -3.77   [2mdesvio:[0m -83%   [2m(2 obs. fim_semana)[0m
2026-07-28 12:09:46 [INFO] 
2026-07-28 12:09:46 [INFO]   🔵 [94m[1mPT0002000120237616VJ[0m  [2m[Cluster 0][0m
2026-07-28 12:09:46 [INFO]      consumiu MENOS que o habitual às 14h
2026-07-28 12:09:46 [INFO]      [2mReal:[0m 12.0 kWh   [2mHabitual:[0m 44.0 ± 8.5 kWh   [2mz:[0m -3.77   [2mdesvio:[0m -73%   [2m(2 obs. fim_semana)[0m
2026-07-28 12:09:46 [INFO] 
2026-07-28 12:09:46 [INFO]   🔵 [94m[1mPT0002000114685657JR[0m  [2m[Cluster 0][0m
2026-07-28 12:09:46 [INFO]      consumiu MENOS que o habitual às 13h
2026-07-28 12:09:46 [INFO]      [2mReal:[0m 157.0 kWh   [2mHabitual:[0m 251.5 ± 25.1 kWh   [2mz:[0m -3.76   [2mdesvio:[0m -38%   [2m(2 obs. fim_semana)[0m
2026-07-28 12:09:46 [INFO] 
2026-07-28 12:09:46 [INFO]   🔵 [94m[1mPT0002000068855003AK[0m  [2m[Cluster 0 (atribuido)][0m
2026-07-28 12:09:46 [INFO]      consumiu MENOS que o habitual às 12h
2026-07-28 12:09:46 [INFO]      [2mReal:[0m 14.0 kWh   [2mHabitual:[0m 32.5 ± 5.0 kWh   [2mz:[0m -3.74   [2mdesvio:[0m -57%   [2m(2 obs. fim_semana)[0m
2026-07-28 12:09:46 [INFO] 
2026-07-28 12:09:46 [INFO]   🔵 [94m[1mPT0002000114685657JR[0m  [2m[Cluster 0][0m
2026-07-28 12:09:46 [INFO]      consumiu MENOS que o habitual às 15h
2026-07-28 12:09:46 [INFO]      [2mReal:[0m 159.0 kWh   [2mHabitual:[0m 252.5 ± 25.2 kWh   [2mz:[0m -3.70   [2mdesvio:[0m -37%   [2m(2 obs. fim_semana)[0m
2026-07-28 12:09:46 [INFO] 
2026-07-28 12:09:46 [INFO]   🔵 [94m[1mPT0002000068859187RL[0m  [2m[Cluster 0][0m
2026-07-28 12:09:46 [INFO]      consumiu MENOS que o habitual às 08h
2026-07-28 12:09:46 [INFO]      [2mReal:[0m 11.0 kWh   [2mHabitual:[0m 60.5 ± 13.4 kWh   [2mz:[0m -3.68   [2mdesvio:[0m -82%   [2m(2 obs. fim_semana)[0m
2026-07-28 12:09:46 [INFO] 
2026-07-28 12:09:46 [INFO]   🔴 [91m[1mPT0002000102936404ME[0m  [2m[Cluster 1][0m
2026-07-28 12:09:46 [INFO]      consumiu MAIS que o habitual às 22h
2026-07-28 12:09:46 [INFO]      [2mReal:[0m 46.0 kWh   [2mHabitual:[0m 33.7 ± 3.4 kWh   [2mz:[0m +3.66   [2mdesvio:[0m +37%   [2m(3 obs. fim_semana)[0m
2026-07-28 12:09:46 [INFO] 
2026-07-28 12:09:46 [INFO]   🔵 [94m[1mPT0002000114685657JR[0m  [2m[Cluster 0][0m
2026-07-28 12:09:46 [INFO]      consumiu MENOS que o habitual às 16h
2026-07-28 12:09:46 [INFO]      [2mReal:[0m 155.0 kWh   [2mHabitual:[0m 244.5 ± 24.4 kWh   [2mz:[0m -3.66   [2mdesvio:[0m -37%   [2m(2 obs. fim_semana)[0m
2026-07-28 12:09:46 [INFO] 
2026-07-28 12:09:46 [INFO]   🔵 [94m[1mPT0002000201038711LS[0m  [2m[Cluster 1 (atribuido)][0m
2026-07-28 12:09:46 [INFO]      consumiu MENOS que o habitual às 18h
2026-07-28 12:09:46 [INFO]      [2mReal:[0m 9.0 kWh   [2mHabitual:[0m 66.0 ± 15.6 kWh   [2mz:[0m -3.66   [2mdesvio:[0m -86%   [2m(2 obs. fim_semana)[0m
2026-07-28 12:09:46 [INFO] 
2026-07-28 12:09:46 [INFO]   🔵 [94m[1mPT0002000114685657JR[0m  [2m[Cluster 0][0m
2026-07-28 12:09:46 [INFO]      consumiu MENOS que o habitual às 08h
2026-07-28 12:09:46 [INFO]      [2mReal:[0m 156.0 kWh   [2mHabitual:[0m 245.5 ± 24.6 kWh   [2mz:[0m -3.65   [2mdesvio:[0m -36%   [2m(2 obs. fim_semana)[0m
2026-07-28 12:09:46 [INFO] 
2026-07-28 12:09:46 [INFO]   🔵 [94m[1mPT0002000068859382XF[0m  [2m[Cluster 0][0m
2026-07-28 12:09:46 [INFO]      consumiu MENOS que o habitual às 10h
2026-07-28 12:09:46 [INFO]      [2mReal:[0m 35.0 kWh   [2mHabitual:[0m 76.0 ± 11.3 kWh   [2mz:[0m -3.62   [2mdesvio:[0m -54%   [2m(2 obs. fim_semana)[0m
2026-07-28 12:09:46 [INFO] 
2026-07-28 12:09:46 [INFO]   🔵 [94m[1mPT0002000106102375RC[0m  [2m[Cluster 0 (atribuido)][0m
2026-07-28 12:09:46 [INFO]      consumiu MENOS que o habitual às 19h
2026-07-28 12:09:46 [INFO]      [2mReal:[0m 38.0 kWh   [2mHabitual:[0m 59.5 ± 6.0 kWh   [2mz:[0m -3.61   [2mdesvio:[0m -36%   [2m(2 obs. fim_semana)[0m
2026-07-28 12:09:46 [INFO] 
2026-07-28 12:09:46 [INFO]   🔵 [94m[1mPT0002000073573036KH[0m  [2m[Cluster 0 (atribuido)][0m
2026-07-28 12:09:46 [INFO]      consumiu MENOS que o habitual às 19h
2026-07-28 12:09:46 [INFO]      [2mReal:[0m 132.0 kWh   [2mHabitual:[0m 205.5 ± 20.6 kWh   [2mz:[0m -3.58   [2mdesvio:[0m -36%   [2m(2 obs. fim_semana)[0m
2026-07-28 12:09:46 [INFO] 
2026-07-28 12:09:46 [INFO]   🔴 [91m[1mPT0002000115673471CB[0m  [2m[Cluster 0][0m
2026-07-28 12:09:46 [INFO]      consumiu MAIS que o habitual às 23h
2026-07-28 12:09:46 [INFO]      [2mReal:[0m 14.0 kWh   [2mHabitual:[0m 10.3 ± 1.0 kWh   [2mz:[0m +3.55   [2mdesvio:[0m +36%   [2m(3 obs. fim_semana)[0m
2026-07-28 12:09:46 [INFO] 
2026-07-28 12:09:46 [INFO]   🔵 [94m[1mPT0002000068856267NC[0m  [2m[Cluster 0 (atribuido)][0m
2026-07-28 12:09:46 [INFO]      consumiu MENOS que o habitual às 15h
2026-07-28 12:09:46 [INFO]      [2mReal:[0m 17.0 kWh   [2mHabitual:[0m 34.5 ± 5.0 kWh   [2mz:[0m -3.54   [2mdesvio:[0m -51%   [2m(2 obs. fim_semana)[0m
2026-07-28 12:09:46 [INFO] 
2026-07-28 12:09:46 [INFO]   🔵 [94m[1mPT0002000068856655YV[0m  [2m[Cluster 0][0m
2026-07-28 12:09:46 [INFO]      consumiu MENOS que o habitual às 09h
2026-07-28 12:09:46 [INFO]      [2mReal:[0m 5.0 kWh   [2mHabitual:[0m 12.5 ± 2.1 kWh   [2mz:[0m -3.54   [2mdesvio:[0m -60%   [2m(2 obs. fim_semana)[0m
2026-07-28 12:09:46 [INFO] 
2026-07-28 12:09:46 [INFO]   🔴 [91m[1mPT0002000068857099AR[0m  [2m[Cluster 1][0m
2026-07-28 12:09:46 [INFO]      consumiu MAIS que o habitual às 09h
2026-07-28 12:09:46 [INFO]      [2mReal:[0m 5.0 kWh   [2mHabitual:[0m 2.5 ± 0.7 kWh   [2mz:[0m +3.54   [2mdesvio:[0m +100%   [2m(2 obs. fim_semana)[0m
2026-07-28 12:09:46 [INFO] 
2026-07-28 12:09:46 [INFO]   🔵 [94m[1mPT0002000068859382XF[0m  [2m[Cluster 0][0m
2026-07-28 12:09:46 [INFO]      consumiu MENOS que o habitual às 15h
2026-07-28 12:09:46 [INFO]      [2mReal:[0m 34.0 kWh   [2mHabitual:[0m 64.0 ± 8.5 kWh   [2mz:[0m -3.54   [2mdesvio:[0m -47%   [2m(2 obs. fim_semana)[0m
2026-07-28 12:09:46 [INFO] 
2026-07-28 12:09:46 [INFO]   🔴 [91m[1mPT0002000068859597LS[0m  [2m[Cluster 0][0m
2026-07-28 12:09:46 [INFO]      consumiu MAIS que o habitual às 06h
2026-07-28 12:09:46 [INFO]      [2mReal:[0m 44.0 kWh   [2mHabitual:[0m 32.5 ± 3.2 kWh   [2mz:[0m +3.54   [2mdesvio:[0m +35%   [2m(2 obs. fim_semana)[0m
2026-07-28 12:09:46 [INFO] 
2026-07-28 12:09:46 [INFO]   🔵 [94m[1mPT0002000068859597LS[0m  [2m[Cluster 0][0m
2026-07-28 12:09:46 [INFO]      consumiu MENOS que o habitual às 12h
2026-07-28 12:09:46 [INFO]      [2mReal:[0m 42.0 kWh   [2mHabitual:[0m 82.0 ± 11.3 kWh   [2mz:[0m -3.54   [2mdesvio:[0m -49%   [2m(2 obs. fim_semana)[0m
2026-07-28 12:09:46 [INFO] 
2026-07-28 12:09:46 [INFO]   🔵 [94m[1mPT0002000071896778MT[0m  [2m[Cluster 0][0m
2026-07-28 12:09:46 [INFO]      consumiu MENOS que o habitual às 15h
2026-07-28 12:09:46 [INFO]      [2mReal:[0m 4.0 kWh   [2mHabitual:[0m 9.0 ± 1.4 kWh   [2mz:[0m -3.54   [2mdesvio:[0m -56%   [2m(2 obs. fim_semana)[0m
2026-07-28 12:09:46 [INFO] 
2026-07-28 12:09:46 [INFO]   🔵 [94m[1mPT0002000071896778MT[0m  [2m[Cluster 0][0m
2026-07-28 12:09:46 [INFO]      consumiu MENOS que o habitual às 16h
2026-07-28 12:09:46 [INFO]      [2mReal:[0m 4.0 kWh   [2mHabitual:[0m 9.0 ± 1.4 kWh   [2mz:[0m -3.54   [2mdesvio:[0m -56%   [2m(2 obs. fim_semana)[0m
2026-07-28 12:09:46 [INFO] 
2026-07-28 12:09:46 [INFO]   🔵 [94m[1mPT0002000075637532JB[0m  [2m[Cluster 0][0m
2026-07-28 12:09:46 [INFO]      consumiu MENOS que o habitual às 17h
2026-07-28 12:09:46 [INFO]      [2mReal:[0m 5.0 kWh   [2mHabitual:[0m 10.0 ± 1.4 kWh   [2mz:[0m -3.54   [2mdesvio:[0m -50%   [2m(2 obs. fim_semana)[0m
2026-07-28 12:09:46 [INFO] 
2026-07-28 12:09:46 [INFO]   🔵 [94m[1mPT0002000078207354XC[0m  [2m[Cluster 1][0m
2026-07-28 12:09:46 [INFO]      consumiu MENOS que o habitual às 00h
2026-07-28 12:09:46 [INFO]      [2mReal:[0m 3.0 kWh   [2mHabitual:[0m 5.5 ± 0.7 kWh   [2mz:[0m -3.54   [2mdesvio:[0m -45%   [2m(2 obs. fim_semana)[0m
2026-07-28 12:09:46 [INFO] 
2026-07-28 12:09:46 [INFO]   🔵 [94m[1mPT0002000078207354XC[0m  [2m[Cluster 1][0m
2026-07-28 12:09:46 [INFO]      consumiu MENOS que o habitual às 02h
2026-07-28 12:09:46 [INFO]      [2mReal:[0m 3.0 kWh   [2mHabitual:[0m 5.5 ± 0.7 kWh   [2mz:[0m -3.54   [2mdesvio:[0m -45%   [2m(2 obs. fim_semana)[0m
2026-07-28 12:09:46 [INFO] 
2026-07-28 12:09:46 [INFO]   🔵 [94m[1mPT0002000078294957RQ[0m  [2m[Cluster 0][0m
2026-07-28 12:09:46 [INFO]      consumiu MENOS que o habitual às 14h
2026-07-28 12:09:46 [INFO]      [2mReal:[0m 5.0 kWh   [2mHabitual:[0m 15.0 ± 2.8 kWh   [2mz:[0m -3.54   [2mdesvio:[0m -67%   [2m(2 obs. fim_semana)[0m
2026-07-28 12:09:46 [INFO] 
2026-07-28 12:09:46 [INFO]   🔵 [94m[1mPT0002000107046231FW[0m  [2m[Cluster 0][0m
2026-07-28 12:09:46 [INFO]      consumiu MENOS que o habitual às 09h
2026-07-28 12:09:46 [INFO]      [2mReal:[0m 3.0 kWh   [2mHabitual:[0m 20.5 ± 5.0 kWh   [2mz:[0m -3.54   [2mdesvio:[0m -85%   [2m(2 obs. fim_semana)[0m
2026-07-28 12:09:46 [INFO] 
2026-07-28 12:09:46 [INFO]   🔵 [94m[1mPT0002000109837807PE[0m  [2m[Cluster 1][0m
2026-07-28 12:09:46 [INFO]      consumiu MENOS que o habitual às 17h
2026-07-28 12:09:46 [INFO]      [2mReal:[0m 3.0 kWh   [2mHabitual:[0m 8.0 ± 1.4 kWh   [2mz:[0m -3.54   [2mdesvio:[0m -62%   [2m(2 obs. fim_semana)[0m
2026-07-28 12:09:46 [INFO] 
2026-07-28 12:09:46 [INFO]   🔵 [94m[1mPT0002000110090564GD[0m  [2m[Cluster 1][0m
2026-07-28 12:09:46 [INFO]      consumiu MENOS que o habitual às 14h
2026-07-28 12:09:46 [INFO]      [2mReal:[0m 4.0 kWh   [2mHabitual:[0m 6.5 ± 0.7 kWh   [2mz:[0m -3.54   [2mdesvio:[0m -38%   [2m(2 obs. fim_semana)[0m
2026-07-28 12:09:46 [INFO] 
2026-07-28 12:09:46 [INFO]   🔵 [94m[1mPT0002000110607652SB[0m  [2m[Cluster 0][0m
2026-07-28 12:09:46 [INFO]      consumiu MENOS que o habitual às 18h
2026-07-28 12:09:46 [INFO]      [2mReal:[0m 12.0 kWh   [2mHabitual:[0m 62.0 ± 14.1 kWh   [2mz:[0m -3.54   [2mdesvio:[0m -81%   [2m(2 obs. fim_semana)[0m
2026-07-28 12:09:46 [INFO] 
2026-07-28 12:09:46 [INFO]   🔵 [94m[1mPT0002000115673471CB[0m  [2m[Cluster 0][0m
2026-07-28 12:09:46 [INFO]      consumiu MENOS que o habitual às 02h
2026-07-28 12:09:46 [INFO]      [2mReal:[0m 10.0 kWh   [2mHabitual:[0m 17.5 ± 2.1 kWh   [2mz:[0m -3.54   [2mdesvio:[0m -43%   [2m(2 obs. fim_semana)[0m
2026-07-28 12:09:46 [INFO] 
2026-07-28 12:09:46 [INFO]   🔵 [94m[1mPT0002000116530964LH[0m  [2m[Cluster 0 (atribuido)][0m
2026-07-28 12:09:46 [INFO]      consumiu MENOS que o habitual às 09h
2026-07-28 12:09:46 [INFO]      [2mReal:[0m 76.0 kWh   [2mHabitual:[0m 171.0 ± 26.9 kWh   [2mz:[0m -3.54   [2mdesvio:[0m -56%   [2m(2 obs. fim_semana)[0m
2026-07-28 12:09:46 [INFO] 
2026-07-28 12:09:46 [INFO]   🔴 [91m[1mPT0002000125379984SH[0m  [2m[Cluster 1][0m
2026-07-28 12:09:46 [INFO]      consumiu MAIS que o habitual às 02h
2026-07-28 12:09:46 [INFO]      [2mReal:[0m 5.0 kWh   [2mHabitual:[0m 2.5 ± 0.7 kWh   [2mz:[0m +3.54   [2mdesvio:[0m +100%   [2m(2 obs. fim_semana)[0m
2026-07-28 12:09:46 [INFO] 
2026-07-28 12:09:46 [INFO]   🔵 [94m[1mPT0002000120237616VJ[0m  [2m[Cluster 0][0m
2026-07-28 12:09:46 [INFO]      consumiu MENOS que o habitual às 20h
2026-07-28 12:09:46 [INFO]      [2mReal:[0m 11.0 kWh   [2mHabitual:[0m 17.0 ± 1.7 kWh   [2mz:[0m -3.53   [2mdesvio:[0m -35%   [2m(2 obs. fim_semana)[0m
2026-07-28 12:09:46 [INFO] 
2026-07-28 12:09:46 [INFO]   [2mCSV:[0m /home/runner/work/ts-anomaly-detection-dissertation/ts-anomaly-detection-dissertation/results/energia/realtime/alerts/analise_energia_2026-07-25.csv
2026-07-28 12:09:46 [INFO] 
2026-07-28 12:09:46 [INFO] [96m→ A prever consumo de 2026-07-26 para 276 CPEs...[0m
2026-07-28 12:09:51 [INFO] [1m══════════════════════════════════════════════════════════════════════[0m
2026-07-28 12:09:51 [INFO] [1m  PREDIÇÃO — 2026-07-26 [0m[2m(fim semana)[0m
2026-07-28 12:09:51 [INFO] [1m══════════════════════════════════════════════════════════════════════[0m
2026-07-28 12:09:51 [INFO]   [95m● CPEs previstos[0m          69 [2m(alta: 0, baixa: 1656)[0m
2026-07-28 12:09:51 [INFO]   [95m● Consumo total previsto[0m 93625.7 kWh [2m(±22848.4)[0m
2026-07-28 12:09:51 [INFO] 
2026-07-28 12:09:51 [INFO]   [2mPrevisão guardada:[0m /home/runner/work/ts-anomaly-detection-dissertation/ts-anomaly-detection-dissertation/results/energia/realtime/predictions/previsao_energia_2026-07-26.csv
2026-07-28 12:09:51 [INFO] 
2026-07-28 12:09:51 [INFO] [1m══════════════════════════════════════════════════════════════════════[0m
2026-07-28 12:09:51 [INFO] [1m  VALIDAÇÃO — qualidade das previsões anteriores[0m
2026-07-28 12:09:51 [INFO] [1m══════════════════════════════════════════════════════════════════════[0m
2026-07-28 12:09:51 [INFO]   [2mDias validados:[0m 4   [2mpendentes:[0m 41
2026-07-28 12:09:51 [INFO]   [2mÚltimo (2026-07-25):[0m MAE 19.31 kWh   RMSE 52.45   em ±1σ 48% [2m(esperado ~68%)[0m   em ±2σ 67% [2m(esperado ~95%)[0m
2026-07-28 12:09:51 [INFO]   [2mMédia acumulada:[0m MAE 13.02 kWh   RMSE 35.84   em ±1σ 62%   em ±2σ 80%
2026-07-28 12:09:51 [INFO]   [2mCSV:[0m /home/runner/work/ts-anomaly-detection-dissertation/ts-anomaly-detection-dissertation/results/energia/realtime/analysis/qualidade_previsoes_energia.csv
2026-07-28 12:09:51 [INFO] 
2026-07-28 12:09:51 [INFO] 
2026-07-28 12:09:51 [INFO] Concluido em 730.7s. Ficheiros gerados: 2
2026-07-28 16:35:54 [INFO] [96m→ A pedir dados ao BaZe (276 CPEs)...[0m
2026-07-28 16:47:07 [INFO]   [2mClusters atribuidos carregados:[0m 22 novos
2026-07-28 16:47:08 [INFO] 
2026-07-28 16:47:08 [INFO] [1m══════════════════════════════════════════════════════════════════════[0m
2026-07-28 16:47:08 [INFO] [1m  DETEÇÃO DE ANOMALIAS — 2026-07-26[0m
2026-07-28 16:47:08 [INFO] [1m══════════════════════════════════════════════════════════════════════[0m
2026-07-28 16:47:08 [INFO]   [2mTipo de dia:[0m  fim semana
2026-07-28 16:47:08 [INFO]   [2mFonte:[0m        BAZE
2026-07-28 16:47:08 [INFO]   [2mCPEs c/ dados:[0m 69
2026-07-28 16:47:08 [INFO]   [2mThreshold:[0m    |z| > 3.5 [2m(adaptativo a este tipo de dia)[0m
2026-07-28 16:47:08 [INFO] 
2026-07-28 16:47:08 [INFO] [96m→ A analisar 69 CPEs / 1656 pontos horários (retrospetiva)...[0m
2026-07-28 16:47:14 [INFO] [1m─── Resumo ─────────────────────────────────────[0m
2026-07-28 16:47:14 [INFO]   [92m● Normal[0m                1602 [2m( 96.7%)[0m
2026-07-28 16:47:14 [INFO]   [91m● Desvio (alta confiança)[0m    0 [2m(  0.0%)[0m
2026-07-28 16:47:14 [INFO]   [93m● Desvio (baixa confiança)[0m  54 [2m(  3.3%)[0m
2026-07-28 16:47:14 [INFO]   [2mTempo: 680.8s[0m
2026-07-28 16:47:14 [INFO] 
2026-07-28 16:47:14 [INFO] [1m[93m─── Desvios de BAIXA confiança (54) ──────────────[0m
2026-07-28 16:47:14 [INFO]   [2m(poucos dados históricos — verificar manualmente)[0m
2026-07-28 16:47:14 [INFO] 
2026-07-28 16:47:14 [INFO]   🔴 [91m[1mPT0002000068856952LS[0m  [2m[Cluster 2][0m
2026-07-28 16:47:14 [INFO]      consumiu MAIS que o habitual às 09h
2026-07-28 16:47:14 [INFO]      [2mReal:[0m 8.0 kWh   [2mHabitual:[0m 0.5 ± 0.7 kWh   [2mz:[0m +10.00⁺   [2mdesvio:[0m +1500%   [2m(2 obs. fim_semana)[0m
2026-07-28 16:47:14 [INFO] 
2026-07-28 16:47:14 [INFO]   🔴 [91m[1mPT0002000068856952LS[0m  [2m[Cluster 2][0m
2026-07-28 16:47:14 [INFO]      consumiu MAIS que o habitual às 10h
2026-07-28 16:47:14 [INFO]      [2mReal:[0m 9.0 kWh   [2mHabitual:[0m 0.0 ± 0.3 kWh   [2mz:[0m +10.00⁺   [2mdesvio:[0m +900000%   [2m(2 obs. fim_semana)[0m
2026-07-28 16:47:14 [INFO] 
2026-07-28 16:47:14 [INFO]   🔴 [91m[1mPT0002000068856952LS[0m  [2m[Cluster 2][0m
2026-07-28 16:47:14 [INFO]      consumiu MAIS que o habitual às 11h
2026-07-28 16:47:14 [INFO]      [2mReal:[0m 9.0 kWh   [2mHabitual:[0m 0.5 ± 0.7 kWh   [2mz:[0m +10.00⁺   [2mdesvio:[0m +1700%   [2m(2 obs. fim_semana)[0m
2026-07-28 16:47:14 [INFO] 
2026-07-28 16:47:14 [INFO]   🔴 [91m[1mPT0002000068856952LS[0m  [2m[Cluster 2][0m
2026-07-28 16:47:14 [INFO]      consumiu MAIS que o habitual às 12h
2026-07-28 16:47:14 [INFO]      [2mReal:[0m 8.0 kWh   [2mHabitual:[0m 0.0 ± 0.3 kWh   [2mz:[0m +10.00⁺   [2mdesvio:[0m +800000%   [2m(2 obs. fim_semana)[0m
2026-07-28 16:47:14 [INFO] 
2026-07-28 16:47:14 [INFO]   🔴 [91m[1mPT0002000068856952LS[0m  [2m[Cluster 2][0m
2026-07-28 16:47:14 [INFO]      consumiu MAIS que o habitual às 13h
2026-07-28 16:47:14 [INFO]      [2mReal:[0m 9.0 kWh   [2mHabitual:[0m 0.0 ± 0.3 kWh   [2mz:[0m +10.00⁺   [2mdesvio:[0m +900000%   [2m(2 obs. fim_semana)[0m
2026-07-28 16:47:14 [INFO] 
2026-07-28 16:47:14 [INFO]   🔴 [91m[1mPT0002000068856952LS[0m  [2m[Cluster 2][0m
2026-07-28 16:47:14 [INFO]      consumiu MAIS que o habitual às 14h
2026-07-28 16:47:14 [INFO]      [2mReal:[0m 8.0 kWh   [2mHabitual:[0m 0.0 ± 0.3 kWh   [2mz:[0m +10.00⁺   [2mdesvio:[0m +800000%   [2m(2 obs. fim_semana)[0m
2026-07-28 16:47:14 [INFO] 
2026-07-28 16:47:14 [INFO]   🔴 [91m[1mPT0002000068856952LS[0m  [2m[Cluster 2][0m
2026-07-28 16:47:14 [INFO]      consumiu MAIS que o habitual às 15h
2026-07-28 16:47:14 [INFO]      [2mReal:[0m 9.0 kWh   [2mHabitual:[0m 0.0 ± 0.3 kWh   [2mz:[0m +10.00⁺   [2mdesvio:[0m +900000%   [2m(2 obs. fim_semana)[0m
2026-07-28 16:47:14 [INFO] 
2026-07-28 16:47:14 [INFO]   🔴 [91m[1mPT0002000068856952LS[0m  [2m[Cluster 2][0m
2026-07-28 16:47:14 [INFO]      consumiu MAIS que o habitual às 16h
2026-07-28 16:47:14 [INFO]      [2mReal:[0m 9.0 kWh   [2mHabitual:[0m 0.0 ± 0.3 kWh   [2mz:[0m +10.00⁺   [2mdesvio:[0m +900000%   [2m(2 obs. fim_semana)[0m
2026-07-28 16:47:14 [INFO] 
2026-07-28 16:47:14 [INFO]   🔴 [91m[1mPT0002000068856952LS[0m  [2m[Cluster 2][0m
2026-07-28 16:47:14 [INFO]      consumiu MAIS que o habitual às 17h
2026-07-28 16:47:14 [INFO]      [2mReal:[0m 8.0 kWh   [2mHabitual:[0m 0.0 ± 0.3 kWh   [2mz:[0m +10.00⁺   [2mdesvio:[0m +800000%   [2m(2 obs. fim_semana)[0m
2026-07-28 16:47:14 [INFO] 
2026-07-28 16:47:14 [INFO]   🔴 [91m[1mPT0002000068856952LS[0m  [2m[Cluster 2][0m
2026-07-28 16:47:14 [INFO]      consumiu MAIS que o habitual às 18h
2026-07-28 16:47:14 [INFO]      [2mReal:[0m 9.0 kWh   [2mHabitual:[0m 0.5 ± 0.7 kWh   [2mz:[0m +10.00⁺   [2mdesvio:[0m +1700%   [2m(2 obs. fim_semana)[0m
2026-07-28 16:47:14 [INFO] 
2026-07-28 16:47:14 [INFO]   🔴 [91m[1mPT0002000068856952LS[0m  [2m[Cluster 2][0m
2026-07-28 16:47:14 [INFO]      consumiu MAIS que o habitual às 19h
2026-07-28 16:47:14 [INFO]      [2mReal:[0m 4.0 kWh   [2mHabitual:[0m 0.0 ± 0.3 kWh   [2mz:[0m +10.00⁺   [2mdesvio:[0m +400000%   [2m(2 obs. fim_semana)[0m
2026-07-28 16:47:14 [INFO] 
2026-07-28 16:47:14 [INFO]   🔴 [91m[1mPT0002000081344542CP[0m  [2m[Cluster 1][0m
2026-07-28 16:47:14 [INFO]      consumiu MAIS que o habitual às 00h
2026-07-28 16:47:14 [INFO]      [2mReal:[0m 4.0 kWh   [2mHabitual:[0m 1.0 ± 0.3 kWh   [2mz:[0m +10.00   [2mdesvio:[0m +300%   [2m(2 obs. fim_semana)[0m
2026-07-28 16:47:14 [INFO] 
2026-07-28 16:47:14 [INFO]   🔴 [91m[1mPT0002000203886452WB[0m  [2m[Cluster 1 (atribuido)][0m
2026-07-28 16:47:14 [INFO]      consumiu MAIS que o habitual às 00h
2026-07-28 16:47:14 [INFO]      [2mReal:[0m 12.0 kWh   [2mHabitual:[0m 0.0 ± 0.3 kWh   [2mz:[0m +10.00⁺   [2mdesvio:[0m +1200000%   [2m(2 obs. fim_semana)[0m
2026-07-28 16:47:14 [INFO] 
2026-07-28 16:47:14 [INFO]   🔵 [94m[1mPT0002000079469719HF[0m  [2m[Cluster 1 (atribuido)][0m
2026-07-28 16:47:14 [INFO]      consumiu MENOS que o habitual às 14h
2026-07-28 16:47:14 [INFO]      [2mReal:[0m 7.0 kWh   [2mHabitual:[0m 63.5 ± 6.3 kWh   [2mz:[0m -8.90   [2mdesvio:[0m -89%   [2m(2 obs. fim_semana)[0m
2026-07-28 16:47:14 [INFO] 
2026-07-28 16:47:14 [INFO]   🔵 [94m[1mPT0002000078233981HJ[0m  [2m[Cluster 1][0m
2026-07-28 16:47:14 [INFO]      consumiu MENOS que o habitual às 08h
2026-07-28 16:47:14 [INFO]      [2mReal:[0m 2.0 kWh   [2mHabitual:[0m 16.0 ± 1.6 kWh   [2mz:[0m -8.75   [2mdesvio:[0m -88%   [2m(2 obs. fim_semana)[0m
2026-07-28 16:47:14 [INFO] 
2026-07-28 16:47:14 [INFO]   🔵 [94m[1mPT0002000078233981HJ[0m  [2m[Cluster 1][0m
2026-07-28 16:47:14 [INFO]      consumiu MENOS que o habitual às 11h
2026-07-28 16:47:14 [INFO]      [2mReal:[0m 2.0 kWh   [2mHabitual:[0m 15.5 ± 1.6 kWh   [2mz:[0m -8.71   [2mdesvio:[0m -87%   [2m(2 obs. fim_semana)[0m
2026-07-28 16:47:14 [INFO] 
2026-07-28 16:47:14 [INFO]   🔵 [94m[1mPT0002000079469719HF[0m  [2m[Cluster 1 (atribuido)][0m
2026-07-28 16:47:14 [INFO]      consumiu MENOS que o habitual às 15h
2026-07-28 16:47:14 [INFO]      [2mReal:[0m 12.0 kWh   [2mHabitual:[0m 71.5 ± 7.2 kWh   [2mz:[0m -8.32   [2mdesvio:[0m -83%   [2m(2 obs. fim_semana)[0m
2026-07-28 16:47:14 [INFO] 
2026-07-28 16:47:14 [INFO]   🔵 [94m[1mPT0002000078233981HJ[0m  [2m[Cluster 1][0m
2026-07-28 16:47:14 [INFO]      consumiu MENOS que o habitual às 09h
2026-07-28 16:47:14 [INFO]      [2mReal:[0m 3.0 kWh   [2mHabitual:[0m 17.0 ± 1.7 kWh   [2mz:[0m -8.24   [2mdesvio:[0m -82%   [2m(2 obs. fim_semana)[0m
2026-07-28 16:47:14 [INFO] 
2026-07-28 16:47:14 [INFO]   🔵 [94m[1mPT0002000078233981HJ[0m  [2m[Cluster 1][0m
2026-07-28 16:47:14 [INFO]      consumiu MENOS que o habitual às 10h
2026-07-28 16:47:14 [INFO]      [2mReal:[0m 3.0 kWh   [2mHabitual:[0m 16.0 ± 1.6 kWh   [2mz:[0m -8.12   [2mdesvio:[0m -81%   [2m(2 obs. fim_semana)[0m
2026-07-28 16:47:14 [INFO] 
2026-07-28 16:47:14 [INFO]   🔵 [94m[1mPT0002000112989585PH[0m  [2m[Cluster 0][0m
2026-07-28 16:47:14 [INFO]      consumiu MENOS que o habitual às 10h
2026-07-28 16:47:14 [INFO]      [2mReal:[0m 11.0 kWh   [2mHabitual:[0m 56.5 ± 5.7 kWh   [2mz:[0m -8.05   [2mdesvio:[0m -81%   [2m(2 obs. fim_semana)[0m
2026-07-28 16:47:14 [INFO] 
2026-07-28 16:47:14 [INFO]   🔵 [94m[1mPT0002000079469719HF[0m  [2m[Cluster 1 (atribuido)][0m
2026-07-28 16:47:14 [INFO]      consumiu MENOS que o habitual às 13h
2026-07-28 16:47:14 [INFO]      [2mReal:[0m 14.0 kWh   [2mHabitual:[0m 66.5 ± 6.7 kWh   [2mz:[0m -7.89   [2mdesvio:[0m -79%   [2m(2 obs. fim_semana)[0m
2026-07-28 16:47:14 [INFO] 
2026-07-28 16:47:14 [INFO]   🔵 [94m[1mPT0002000078233981HJ[0m  [2m[Cluster 1][0m
2026-07-28 16:47:14 [INFO]      consumiu MENOS que o habitual às 15h
2026-07-28 16:47:14 [INFO]      [2mReal:[0m 3.0 kWh   [2mHabitual:[0m 14.0 ± 1.4 kWh   [2mz:[0m -7.78   [2mdesvio:[0m -79%   [2m(2 obs. fim_semana)[0m
2026-07-28 16:47:14 [INFO] 
2026-07-28 16:47:14 [INFO]   🔵 [94m[1mPT0002000068859393XH[0m  [2m[Cluster 1][0m
2026-07-28 16:47:14 [INFO]      consumiu MENOS que o habitual às 14h
2026-07-28 16:47:14 [INFO]      [2mReal:[0m 39.0 kWh   [2mHabitual:[0m 128.5 ± 12.8 kWh   [2mz:[0m -6.96   [2mdesvio:[0m -70%   [2m(2 obs. fim_semana)[0m
2026-07-28 16:47:14 [INFO] 
2026-07-28 16:47:14 [INFO]   🔵 [94m[1mPT0002000068859393XH[0m  [2m[Cluster 1][0m
2026-07-28 16:47:14 [INFO]      consumiu MENOS que o habitual às 18h
2026-07-28 16:47:14 [INFO]      [2mReal:[0m 40.0 kWh   [2mHabitual:[0m 126.0 ± 12.6 kWh   [2mz:[0m -6.83   [2mdesvio:[0m -68%   [2m(2 obs. fim_semana)[0m
2026-07-28 16:47:14 [INFO] 
2026-07-28 16:47:14 [INFO]   🔵 [94m[1mPT0002000068859393XH[0m  [2m[Cluster 1][0m
2026-07-28 16:47:14 [INFO]      consumiu MENOS que o habitual às 16h
2026-07-28 16:47:14 [INFO]      [2mReal:[0m 41.0 kWh   [2mHabitual:[0m 127.0 ± 12.7 kWh   [2mz:[0m -6.77   [2mdesvio:[0m -68%   [2m(2 obs. fim_semana)[0m
2026-07-28 16:47:14 [INFO] 
2026-07-28 16:47:14 [INFO]   🔴 [91m[1mPT0002000068856872QG[0m  [2m[Cluster 1][0m
2026-07-28 16:47:14 [INFO]      consumiu MAIS que o habitual às 03h
2026-07-28 16:47:14 [INFO]      [2mReal:[0m 2.0 kWh   [2mHabitual:[0m 0.0 ± 0.3 kWh   [2mz:[0m +6.67   [2mdesvio:[0m +200000%   [2m(2 obs. fim_semana)[0m
2026-07-28 16:47:14 [INFO] 
2026-07-28 16:47:14 [INFO]   🔴 [91m[1mPT0002000068856872QG[0m  [2m[Cluster 1][0m
2026-07-28 16:47:14 [INFO]      consumiu MAIS que o habitual às 10h
2026-07-28 16:47:14 [INFO]      [2mReal:[0m 2.0 kWh   [2mHabitual:[0m 0.0 ± 0.3 kWh   [2mz:[0m +6.67   [2mdesvio:[0m +200000%   [2m(2 obs. fim_semana)[0m
2026-07-28 16:47:14 [INFO] 
2026-07-28 16:47:14 [INFO]   🔴 [91m[1mPT0002000068856872QG[0m  [2m[Cluster 1][0m
2026-07-28 16:47:14 [INFO]      consumiu MAIS que o habitual às 23h
2026-07-28 16:47:14 [INFO]      [2mReal:[0m 2.0 kWh   [2mHabitual:[0m 0.0 ± 0.3 kWh   [2mz:[0m +6.67   [2mdesvio:[0m +200000%   [2m(3 obs. fim_semana)[0m
2026-07-28 16:47:14 [INFO] 
2026-07-28 16:47:14 [INFO]   🔴 [91m[1mPT0002000201936109ME[0m  [2m[Cluster 0][0m
2026-07-28 16:47:14 [INFO]      consumiu MAIS que o habitual às 14h
2026-07-28 16:47:14 [INFO]      [2mReal:[0m 3.0 kWh   [2mHabitual:[0m 1.0 ± 0.3 kWh   [2mz:[0m +6.67   [2mdesvio:[0m +200%   [2m(2 obs. fim_semana)[0m
2026-07-28 16:47:14 [INFO] 
2026-07-28 16:47:14 [INFO]   🔵 [94m[1mPT0002000068859393XH[0m  [2m[Cluster 1][0m
2026-07-28 16:47:14 [INFO]      consumiu MENOS que o habitual às 17h
2026-07-28 16:47:14 [INFO]      [2mReal:[0m 38.0 kWh   [2mHabitual:[0m 126.5 ± 13.4 kWh   [2mz:[0m -6.59   [2mdesvio:[0m -70%   [2m(2 obs. fim_semana)[0m
2026-07-28 16:47:14 [INFO] 
2026-07-28 16:47:14 [INFO]   🔵 [94m[1mPT0002000068859393XH[0m  [2m[Cluster 1][0m
2026-07-28 16:47:14 [INFO]      consumiu MENOS que o habitual às 13h
2026-07-28 16:47:14 [INFO]      [2mReal:[0m 45.0 kWh   [2mHabitual:[0m 130.0 ± 13.0 kWh   [2mz:[0m -6.54   [2mdesvio:[0m -65%   [2m(2 obs. fim_semana)[0m
2026-07-28 16:47:14 [INFO] 
2026-07-28 16:47:14 [INFO]   🔵 [94m[1mPT0002000068859393XH[0m  [2m[Cluster 1][0m
2026-07-28 16:47:14 [INFO]      consumiu MENOS que o habitual às 19h
2026-07-28 16:47:14 [INFO]      [2mReal:[0m 42.0 kWh   [2mHabitual:[0m 120.0 ± 12.0 kWh   [2mz:[0m -6.50   [2mdesvio:[0m -65%   [2m(2 obs. fim_semana)[0m
2026-07-28 16:47:14 [INFO] 
2026-07-28 16:47:14 [INFO]   🔵 [94m[1mPT0002000068856655YV[0m  [2m[Cluster 0][0m
2026-07-28 16:47:14 [INFO]      consumiu MENOS que o habitual às 09h
2026-07-28 16:47:14 [INFO]      [2mReal:[0m 1.0 kWh   [2mHabitual:[0m 5.5 ± 0.7 kWh   [2mz:[0m -6.36   [2mdesvio:[0m -82%   [2m(2 obs. fim_semana)[0m
2026-07-28 16:47:14 [INFO] 
2026-07-28 16:47:14 [INFO]   🔵 [94m[1mPT0002000078233981HJ[0m  [2m[Cluster 1][0m
2026-07-28 16:47:14 [INFO]      consumiu MENOS que o habitual às 14h
2026-07-28 16:47:14 [INFO]      [2mReal:[0m 2.0 kWh   [2mHabitual:[0m 15.5 ± 2.1 kWh   [2mz:[0m -6.36   [2mdesvio:[0m -87%   [2m(2 obs. fim_semana)[0m
2026-07-28 16:47:14 [INFO] 
2026-07-28 16:47:14 [INFO]   🔵 [94m[1mPT0002000068859393XH[0m  [2m[Cluster 1][0m
2026-07-28 16:47:14 [INFO]      consumiu MENOS que o habitual às 15h
2026-07-28 16:47:14 [INFO]      [2mReal:[0m 38.0 kWh   [2mHabitual:[0m 130.5 ± 17.7 kWh   [2mz:[0m -5.23   [2mdesvio:[0m -71%   [2m(2 obs. fim_semana)[0m
2026-07-28 16:47:14 [INFO] 
2026-07-28 16:47:14 [INFO]   🔵 [94m[1mPT0002000073573036KH[0m  [2m[Cluster 0 (atribuido)][0m
2026-07-28 16:47:14 [INFO]      consumiu MENOS que o habitual às 18h
2026-07-28 16:47:14 [INFO]      [2mReal:[0m 101.0 kWh   [2mHabitual:[0m 210.5 ± 21.1 kWh   [2mz:[0m -5.20   [2mdesvio:[0m -52%   [2m(2 obs. fim_semana)[0m
2026-07-28 16:47:14 [INFO] 
2026-07-28 16:47:14 [INFO]   🔵 [94m[1mPT0002000073573036KH[0m  [2m[Cluster 0 (atribuido)][0m
2026-07-28 16:47:14 [INFO]      consumiu MENOS que o habitual às 16h
2026-07-28 16:47:14 [INFO]      [2mReal:[0m 99.0 kWh   [2mHabitual:[0m 204.0 ± 20.4 kWh   [2mz:[0m -5.15   [2mdesvio:[0m -51%   [2m(2 obs. fim_semana)[0m
2026-07-28 16:47:14 [INFO] 
2026-07-28 16:47:14 [INFO]   🔴 [91m[1mPT0002000102936404ME[0m  [2m[Cluster 1][0m
2026-07-28 16:47:14 [INFO]      consumiu MAIS que o habitual às 23h
2026-07-28 16:47:14 [INFO]      [2mReal:[0m 50.0 kWh   [2mHabitual:[0m 33.0 ± 3.3 kWh   [2mz:[0m +5.15   [2mdesvio:[0m +52%   [2m(3 obs. fim_semana)[0m
2026-07-28 16:47:14 [INFO] 
2026-07-28 16:47:14 [INFO]   🔵 [94m[1mPT0002000073573036KH[0m  [2m[Cluster 0 (atribuido)][0m
2026-07-28 16:47:14 [INFO]      consumiu MENOS que o habitual às 17h
2026-07-28 16:47:14 [INFO]      [2mReal:[0m 101.0 kWh   [2mHabitual:[0m 207.0 ± 20.7 kWh   [2mz:[0m -5.12   [2mdesvio:[0m -51%   [2m(2 obs. fim_semana)[0m
2026-07-28 16:47:14 [INFO] 
2026-07-28 16:47:14 [INFO]   🔴 [91m[1mPT0002000078294957RQ[0m  [2m[Cluster 0][0m
2026-07-28 16:47:14 [INFO]      consumiu MAIS que o habitual às 00h
2026-07-28 16:47:14 [INFO]      [2mReal:[0m 6.0 kWh   [2mHabitual:[0m 4.0 ± 0.4 kWh   [2mz:[0m +5.00   [2mdesvio:[0m +50%   [2m(2 obs. fim_semana)[0m
2026-07-28 16:47:14 [INFO] 
2026-07-28 16:47:14 [INFO]   🔴 [91m[1mPT0002000110607652SB[0m  [2m[Cluster 0][0m
2026-07-28 16:47:14 [INFO]      consumiu MAIS que o habitual às 03h
2026-07-28 16:47:14 [INFO]      [2mReal:[0m 12.0 kWh   [2mHabitual:[0m 8.0 ± 0.8 kWh   [2mz:[0m +5.00   [2mdesvio:[0m +50%   [2m(2 obs. fim_semana)[0m
2026-07-28 16:47:14 [INFO] 
2026-07-28 16:47:14 [INFO]   🔵 [94m[1mPT0002000073573036KH[0m  [2m[Cluster 0 (atribuido)][0m
2026-07-28 16:47:14 [INFO]      consumiu MENOS que o habitual às 15h
2026-07-28 16:47:14 [INFO]      [2mReal:[0m 99.0 kWh   [2mHabitual:[0m 197.5 ± 19.8 kWh   [2mz:[0m -4.99   [2mdesvio:[0m -50%   [2m(2 obs. fim_semana)[0m
2026-07-28 16:47:14 [INFO] 
2026-07-28 16:47:14 [INFO]   🔵 [94m[1mPT0002000081344542CP[0m  [2m[Cluster 1][0m
2026-07-28 16:47:14 [INFO]      consumiu MENOS que o habitual às 14h
2026-07-28 16:47:14 [INFO]      [2mReal:[0m 1.0 kWh   [2mHabitual:[0m 4.5 ± 0.7 kWh   [2mz:[0m -4.95   [2mdesvio:[0m -78%   [2m(2 obs. fim_semana)[0m
2026-07-28 16:47:14 [INFO] 
2026-07-28 16:47:14 [INFO]   🔵 [94m[1mPT0002000068859325FL[0m  [2m[Cluster 1][0m
2026-07-28 16:47:14 [INFO]      consumiu MENOS que o habitual às 12h
2026-07-28 16:47:14 [INFO]      [2mReal:[0m 64.0 kWh   [2mHabitual:[0m 124.0 ± 12.4 kWh   [2mz:[0m -4.84   [2mdesvio:[0m -48%   [2m(2 obs. fim_semana)[0m
2026-07-28 16:47:14 [INFO] 
2026-07-28 16:47:14 [INFO]   🔵 [94m[1mPT0002000079469719HF[0m  [2m[Cluster 1 (atribuido)][0m
2026-07-28 16:47:14 [INFO]      consumiu MENOS que o habitual às 17h
2026-07-28 16:47:14 [INFO]      [2mReal:[0m 50.0 kWh   [2mHabitual:[0m 95.5 ± 9.6 kWh   [2mz:[0m -4.76   [2mdesvio:[0m -48%   [2m(2 obs. fim_semana)[0m
2026-07-28 16:47:14 [INFO] 
2026-07-28 16:47:14 [INFO]   🔴 [91m[1mPT0002000107172384HT[0m  [2m[Cluster 1][0m
2026-07-28 16:47:14 [INFO]      consumiu MAIS que o habitual às 12h
2026-07-28 16:47:14 [INFO]      [2mReal:[0m 42.0 kWh   [2mHabitual:[0m 28.5 ± 2.9 kWh   [2mz:[0m +4.74   [2mdesvio:[0m +47%   [2m(2 obs. fim_semana)[0m
2026-07-28 16:47:14 [INFO] 
2026-07-28 16:47:14 [INFO]   🔵 [94m[1mPT0002000079469719HF[0m  [2m[Cluster 1 (atribuido)][0m
2026-07-28 16:47:14 [INFO]      consumiu MENOS que o habitual às 16h
2026-07-28 16:47:14 [INFO]      [2mReal:[0m 31.0 kWh   [2mHabitual:[0m 80.0 ± 11.3 kWh   [2mz:[0m -4.33   [2mdesvio:[0m -61%   [2m(2 obs. fim_semana)[0m
2026-07-28 16:47:14 [INFO] 
2026-07-28 16:47:14 [INFO]   🔵 [94m[1mPT0002000111572054VT[0m  [2m[Cluster 0 (atribuido)][0m
2026-07-28 16:47:14 [INFO]      consumiu MENOS que o habitual às 07h
2026-07-28 16:47:14 [INFO]      [2mReal:[0m 6.0 kWh   [2mHabitual:[0m 12.0 ± 1.4 kWh   [2mz:[0m -4.24   [2mdesvio:[0m -50%   [2m(2 obs. fim_semana)[0m
2026-07-28 16:47:14 [INFO] 
2026-07-28 16:47:14 [INFO]   🔴 [91m[1mPT0002000073720434JD[0m  [2m[Cluster 1 (atribuido)][0m
2026-07-28 16:47:14 [INFO]      consumiu MAIS que o habitual às 12h
2026-07-28 16:47:14 [INFO]      [2mReal:[0m 54.0 kWh   [2mHabitual:[0m 27.5 ± 6.4 kWh   [2mz:[0m +4.16   [2mdesvio:[0m +96%   [2m(2 obs. fim_semana)[0m
2026-07-28 16:47:14 [INFO] 
2026-07-28 16:47:14 [INFO]   🔴 [91m[1mPT0002000073481266XH[0m  [2m[Cluster 0][0m
2026-07-28 16:47:14 [INFO]      consumiu MAIS que o habitual às 03h
2026-07-28 16:47:14 [INFO]      [2mReal:[0m 7.0 kWh   [2mHabitual:[0m 5.0 ± 0.5 kWh   [2mz:[0m +4.00   [2mdesvio:[0m +40%   [2m(2 obs. fim_semana)[0m
2026-07-28 16:47:14 [INFO] 
2026-07-28 16:47:14 [INFO]   🔴 [91m[1mPT0002000115031201VQ[0m  [2m[Cluster 0][0m
2026-07-28 16:47:14 [INFO]      consumiu MAIS que o habitual às 00h
2026-07-28 16:47:14 [INFO]      [2mReal:[0m 7.0 kWh   [2mHabitual:[0m 5.0 ± 0.5 kWh   [2mz:[0m +4.00   [2mdesvio:[0m +40%   [2m(2 obs. fim_semana)[0m
2026-07-28 16:47:14 [INFO] 
2026-07-28 16:47:14 [INFO]   🔵 [94m[1mPT0002000119303492KB[0m  [2m[Cluster 0][0m
2026-07-28 16:47:14 [INFO]      consumiu MENOS que o habitual às 19h
2026-07-28 16:47:14 [INFO]      [2mReal:[0m 3.0 kWh   [2mHabitual:[0m 5.0 ± 0.5 kWh   [2mz:[0m -4.00   [2mdesvio:[0m -40%   [2m(2 obs. fim_semana)[0m
2026-07-28 16:47:14 [INFO] 
2026-07-28 16:47:14 [INFO]   🔵 [94m[1mPT0002000079469719HF[0m  [2m[Cluster 1 (atribuido)][0m
2026-07-28 16:47:14 [INFO]      consumiu MENOS que o habitual às 18h
2026-07-28 16:47:14 [INFO]      [2mReal:[0m 76.0 kWh   [2mHabitual:[0m 118.5 ± 11.8 kWh   [2mz:[0m -3.59   [2mdesvio:[0m -36%   [2m(2 obs. fim_semana)[0m
2026-07-28 16:47:14 [INFO] 
2026-07-28 16:47:14 [INFO]   🔴 [91m[1mPT0002000081344542CP[0m  [2m[Cluster 1][0m
2026-07-28 16:47:14 [INFO]      consumiu MAIS que o habitual às 01h
2026-07-28 16:47:14 [INFO]      [2mReal:[0m 4.0 kWh   [2mHabitual:[0m 1.5 ± 0.7 kWh   [2mz:[0m +3.54   [2mdesvio:[0m +167%   [2m(2 obs. fim_semana)[0m
2026-07-28 16:47:14 [INFO] 
2026-07-28 16:47:14 [INFO]   [2mCSV:[0m C:\Users\anaca\OneDrive\Ambiente de Trabalho\Tese\ts-anomaly-detection-dissertation\results\energia\realtime\alerts\analise_energia_2026-07-26.csv
2026-07-28 16:47:14 [INFO] 
2026-07-28 16:47:14 [INFO] [96m→ A prever consumo de 2026-07-27 para 276 CPEs...[0m
2026-07-28 16:47:27 [INFO] [1m══════════════════════════════════════════════════════════════════════[0m
2026-07-28 16:47:27 [INFO] [1m  PREDIÇÃO — 2026-07-27 [0m[2m(dia util)[0m
2026-07-28 16:47:27 [INFO] [1m══════════════════════════════════════════════════════════════════════[0m
2026-07-28 16:47:27 [INFO]   [95m● CPEs previstos[0m          69 [2m(alta: 0, baixa: 1656)[0m
2026-07-28 16:47:27 [INFO]   [95m● Consumo total previsto[0m 74184.7 kWh [2m(±11227.2)[0m
2026-07-28 16:47:27 [INFO] 
2026-07-28 16:47:27 [INFO]   [2mPrevisão guardada:[0m C:\Users\anaca\OneDrive\Ambiente de Trabalho\Tese\ts-anomaly-detection-dissertation\results\energia\realtime\predictions\previsao_energia_2026-07-27.csv
2026-07-28 16:47:27 [INFO] 
2026-07-28 16:47:27 [INFO] [1m══════════════════════════════════════════════════════════════════════[0m
2026-07-28 16:47:27 [INFO] [1m  VALIDAÇÃO — qualidade das previsões anteriores[0m
2026-07-28 16:47:27 [INFO] [1m══════════════════════════════════════════════════════════════════════[0m
2026-07-28 16:47:28 [INFO]   [2mDias validados:[0m 4   [2mpendentes:[0m 42
2026-07-28 16:47:28 [INFO]   [2mÚltimo (2026-07-27):[0m MAE 19.19 kWh   RMSE 51.02   em ±1σ 47% [2m(esperado ~68%)[0m   em ±2σ 57% [2m(esperado ~95%)[0m
2026-07-28 16:47:28 [INFO]   [2mMédia acumulada:[0m MAE 16.27 kWh   RMSE 44.92   em ±1σ 54%   em ±2σ 76%
2026-07-28 16:47:28 [INFO]   [2mCSV:[0m C:\Users\anaca\OneDrive\Ambiente de Trabalho\Tese\ts-anomaly-detection-dissertation\results\energia\realtime\analysis\qualidade_previsoes_energia.csv
2026-07-28 16:47:28 [INFO] 
2026-07-28 16:47:28 [INFO] 
2026-07-28 16:47:28 [INFO] Concluido em 694.1s. Ficheiros gerados: 2
2026-07-28 16:48:45 [INFO] [96m→ A pedir dados ao BaZe (276 CPEs)...[0m
2026-07-28 16:59:28 [INFO]   [2mClusters atribuidos carregados:[0m 22 novos
2026-07-28 16:59:29 [INFO] 
2026-07-28 16:59:29 [INFO] [1m══════════════════════════════════════════════════════════════════════[0m
2026-07-28 16:59:29 [INFO] [1m  DETEÇÃO DE ANOMALIAS — 2026-07-27[0m
2026-07-28 16:59:29 [INFO] [1m══════════════════════════════════════════════════════════════════════[0m
2026-07-28 16:59:29 [INFO]   [2mTipo de dia:[0m  dia util
2026-07-28 16:59:29 [INFO]   [2mFonte:[0m        BAZE
2026-07-28 16:59:29 [INFO]   [2mCPEs c/ dados:[0m 69
2026-07-28 16:59:29 [INFO]   [2mThreshold:[0m    |z| > 3.0 [2m(adaptativo a este tipo de dia)[0m
2026-07-28 16:59:29 [INFO] 
2026-07-28 16:59:29 [INFO] [96m→ A analisar 69 CPEs / 1656 pontos horários (retrospetiva)...[0m
2026-07-28 16:59:35 [INFO] [1m─── Resumo ─────────────────────────────────────[0m
2026-07-28 16:59:35 [INFO]   [92m● Normal[0m                1049 [2m( 63.3%)[0m
2026-07-28 16:59:35 [INFO]   [91m● Desvio (alta confiança)[0m    0 [2m(  0.0%)[0m
2026-07-28 16:59:35 [INFO]   [93m● Desvio (baixa confiança)[0m 607 [2m( 36.7%)[0m
2026-07-28 16:59:35 [INFO]   [2mTempo: 650.5s[0m
2026-07-28 16:59:35 [INFO] 
2026-07-28 16:59:35 [INFO] [1m[93m─── Desvios de BAIXA confiança (607) ──────────────[0m
2026-07-28 16:59:35 [INFO]   [2m(poucos dados históricos — verificar manualmente)[0m
2026-07-28 16:59:35 [INFO] 
2026-07-28 16:59:35 [INFO]   🔴 [91m[1mPT0002000033074862LZ[0m  [2m[Cluster 0][0m
2026-07-28 16:59:35 [INFO]      consumiu MAIS que o habitual às 07h
2026-07-28 16:59:35 [INFO]      [2mReal:[0m 32.0 kWh   [2mHabitual:[0m 13.0 ± 1.3 kWh   [2mz:[0m +10.00⁺   [2mdesvio:[0m +146%   [2m(2 obs. dia_util)[0m
2026-07-28 16:59:35 [INFO] 
2026-07-28 16:59:35 [INFO]   🔴 [91m[1mPT0002000033074862LZ[0m  [2m[Cluster 0][0m
2026-07-28 16:59:35 [INFO]      consumiu MAIS que o habitual às 08h
2026-07-28 16:59:35 [INFO]      [2mReal:[0m 38.0 kWh   [2mHabitual:[0m 11.0 ± 1.1 kWh   [2mz:[0m +10.00⁺   [2mdesvio:[0m +245%   [2m(2 obs. dia_util)[0m
2026-07-28 16:59:35 [INFO] 
2026-07-28 16:59:35 [INFO]   🔴 [91m[1mPT0002000033074862LZ[0m  [2m[Cluster 0][0m
2026-07-28 16:59:35 [INFO]      consumiu MAIS que o habitual às 09h
2026-07-28 16:59:35 [INFO]      [2mReal:[0m 39.0 kWh   [2mHabitual:[0m 10.5 ± 1.1 kWh   [2mz:[0m +10.00⁺   [2mdesvio:[0m +271%   [2m(2 obs. dia_util)[0m
2026-07-28 16:59:35 [INFO] 
2026-07-28 16:59:35 [INFO]   🔴 [91m[1mPT0002000033074862LZ[0m  [2m[Cluster 0][0m
2026-07-28 16:59:35 [INFO]      consumiu MAIS que o habitual às 10h
2026-07-28 16:59:35 [INFO]      [2mReal:[0m 43.0 kWh   [2mHabitual:[0m 11.5 ± 1.1 kWh   [2mz:[0m +10.00⁺   [2mdesvio:[0m +274%   [2m(2 obs. dia_util)[0m
2026-07-28 16:59:35 [INFO] 
2026-07-28 16:59:35 [INFO]   🔴 [91m[1mPT0002000033074862LZ[0m  [2m[Cluster 0][0m
2026-07-28 16:59:35 [INFO]      consumiu MAIS que o habitual às 11h
2026-07-28 16:59:35 [INFO]      [2mReal:[0m 55.0 kWh   [2mHabitual:[0m 10.5 ± 1.1 kWh   [2mz:[0m +10.00⁺   [2mdesvio:[0m +424%   [2m(2 obs. dia_util)[0m
2026-07-28 16:59:35 [INFO] 
2026-07-28 16:59:35 [INFO]   🔴 [91m[1mPT0002000033074862LZ[0m  [2m[Cluster 0][0m
2026-07-28 16:59:35 [INFO]      consumiu MAIS que o habitual às 12h
2026-07-28 16:59:35 [INFO]      [2mReal:[0m 47.0 kWh   [2mHabitual:[0m 10.0 ± 1.0 kWh   [2mz:[0m +10.00⁺   [2mdesvio:[0m +370%   [2m(2 obs. dia_util)[0m
2026-07-28 16:59:35 [INFO] 
2026-07-28 16:59:35 [INFO]   🔴 [91m[1mPT0002000033074862LZ[0m  [2m[Cluster 0][0m
2026-07-28 16:59:35 [INFO]      consumiu MAIS que o habitual às 13h
2026-07-28 16:59:35 [INFO]      [2mReal:[0m 50.0 kWh   [2mHabitual:[0m 10.5 ± 1.1 kWh   [2mz:[0m +10.00⁺   [2mdesvio:[0m +376%   [2m(2 obs. dia_util)[0m
2026-07-28 16:59:35 [INFO] 
2026-07-28 16:59:35 [INFO]   🔴 [91m[1mPT0002000033074862LZ[0m  [2m[Cluster 0][0m
2026-07-28 16:59:35 [INFO]      consumiu MAIS que o habitual às 14h
2026-07-28 16:59:35 [INFO]      [2mReal:[0m 32.0 kWh   [2mHabitual:[0m 10.5 ± 1.1 kWh   [2mz:[0m +10.00⁺   [2mdesvio:[0m +205%   [2m(2 obs. dia_util)[0m
2026-07-28 16:59:35 [INFO] 
2026-07-28 16:59:35 [INFO]   🔴 [91m[1mPT0002000033074862LZ[0m  [2m[Cluster 0][0m
2026-07-28 16:59:35 [INFO]      consumiu MAIS que o habitual às 15h
2026-07-28 16:59:35 [INFO]      [2mReal:[0m 24.0 kWh   [2mHabitual:[0m 11.0 ± 1.1 kWh   [2mz:[0m +10.00⁺   [2mdesvio:[0m +118%   [2m(2 obs. dia_util)[0m
2026-07-28 16:59:35 [INFO] 
2026-07-28 16:59:35 [INFO]   🔴 [91m[1mPT0002000033074862LZ[0m  [2m[Cluster 0][0m
2026-07-28 16:59:35 [INFO]      consumiu MAIS que o habitual às 16h
2026-07-28 16:59:35 [INFO]      [2mReal:[0m 22.0 kWh   [2mHabitual:[0m 10.5 ± 1.1 kWh   [2mz:[0m +10.00⁺   [2mdesvio:[0m +110%   [2m(2 obs. dia_util)[0m
2026-07-28 16:59:35 [INFO] 
2026-07-28 16:59:35 [INFO]   🔴 [91m[1mPT0002000068855003AK[0m  [2m[Cluster 0 (atribuido)][0m
2026-07-28 16:59:35 [INFO]      consumiu MAIS que o habitual às 10h
2026-07-28 16:59:35 [INFO]      [2mReal:[0m 46.0 kWh   [2mHabitual:[0m 9.0 ± 1.4 kWh   [2mz:[0m +10.00⁺   [2mdesvio:[0m +411%   [2m(2 obs. dia_util)[0m
2026-07-28 16:59:35 [INFO] 
2026-07-28 16:59:35 [INFO]   🔴 [91m[1mPT0002000068855003AK[0m  [2m[Cluster 0 (atribuido)][0m
2026-07-28 16:59:35 [INFO]      consumiu MAIS que o habitual às 11h
2026-07-28 16:59:35 [INFO]      [2mReal:[0m 54.0 kWh   [2mHabitual:[0m 10.0 ± 2.8 kWh   [2mz:[0m +10.00⁺   [2mdesvio:[0m +440%   [2m(2 obs. dia_util)[0m
2026-07-28 16:59:35 [INFO] 
2026-07-28 16:59:35 [INFO]   🔴 [91m[1mPT0002000068855003AK[0m  [2m[Cluster 0 (atribuido)][0m
2026-07-28 16:59:35 [INFO]      consumiu MAIS que o habitual às 12h
2026-07-28 16:59:35 [INFO]      [2mReal:[0m 74.0 kWh   [2mHabitual:[0m 13.0 ± 1.4 kWh   [2mz:[0m +10.00⁺   [2mdesvio:[0m +469%   [2m(2 obs. dia_util)[0m
2026-07-28 16:59:35 [INFO] 
2026-07-28 16:59:35 [INFO]   🔴 [91m[1mPT0002000068855003AK[0m  [2m[Cluster 0 (atribuido)][0m
2026-07-28 16:59:35 [INFO]      consumiu MAIS que o habitual às 13h
2026-07-28 16:59:35 [INFO]      [2mReal:[0m 90.0 kWh   [2mHabitual:[0m 16.0 ± 2.8 kWh   [2mz:[0m +10.00⁺   [2mdesvio:[0m +462%   [2m(2 obs. dia_util)[0m
2026-07-28 16:59:35 [INFO] 
2026-07-28 16:59:35 [INFO]   🔴 [91m[1mPT0002000068855003AK[0m  [2m[Cluster 0 (atribuido)][0m
2026-07-28 16:59:35 [INFO]      consumiu MAIS que o habitual às 14h
2026-07-28 16:59:35 [INFO]      [2mReal:[0m 93.0 kWh   [2mHabitual:[0m 17.5 ± 6.4 kWh   [2mz:[0m +10.00⁺   [2mdesvio:[0m +431%   [2m(2 obs. dia_util)[0m
2026-07-28 16:59:35 [INFO] 
2026-07-28 16:59:35 [INFO]   🔴 [91m[1mPT0002000068855003AK[0m  [2m[Cluster 0 (atribuido)][0m
2026-07-28 16:59:35 [INFO]      consumiu MAIS que o habitual às 16h
2026-07-28 16:59:35 [INFO]      [2mReal:[0m 116.0 kWh   [2mHabitual:[0m 17.0 ± 5.7 kWh   [2mz:[0m +10.00⁺   [2mdesvio:[0m +582%   [2m(2 obs. dia_util)[0m
2026-07-28 16:59:35 [INFO] 
2026-07-28 16:59:35 [INFO]   🔴 [91m[1mPT0002000068855003AK[0m  [2m[Cluster 0 (atribuido)][0m
2026-07-28 16:59:35 [INFO]      consumiu MAIS que o habitual às 17h
2026-07-28 16:59:35 [INFO]      [2mReal:[0m 111.0 kWh   [2mHabitual:[0m 16.0 ± 4.2 kWh   [2mz:[0m +10.00⁺   [2mdesvio:[0m +594%   [2m(2 obs. dia_util)[0m
2026-07-28 16:59:35 [INFO] 
2026-07-28 16:59:35 [INFO]   🔴 [91m[1mPT0002000068855003AK[0m  [2m[Cluster 0 (atribuido)][0m
2026-07-28 16:59:35 [INFO]      consumiu MAIS que o habitual às 18h
2026-07-28 16:59:35 [INFO]      [2mReal:[0m 109.0 kWh   [2mHabitual:[0m 14.5 ± 3.5 kWh   [2mz:[0m +10.00⁺   [2mdesvio:[0m +652%   [2m(2 obs. dia_util)[0m
2026-07-28 16:59:35 [INFO] 
2026-07-28 16:59:35 [INFO]   🔴 [91m[1mPT0002000068855003AK[0m  [2m[Cluster 0 (atribuido)][0m
2026-07-28 16:59:35 [INFO]      consumiu MAIS que o habitual às 21h
2026-07-28 16:59:35 [INFO]      [2mReal:[0m 17.0 kWh   [2mHabitual:[0m 7.3 ± 0.7 kWh   [2mz:[0m +10.00⁺   [2mdesvio:[0m +132%   [2m(3 obs. dia_util)[0m
2026-07-28 16:59:35 [INFO] 
2026-07-28 16:59:35 [INFO]   🔴 [91m[1mPT0002000068856267NC[0m  [2m[Cluster 0 (atribuido)][0m
2026-07-28 16:59:35 [INFO]      consumiu MAIS que o habitual às 08h
2026-07-28 16:59:35 [INFO]      [2mReal:[0m 38.0 kWh   [2mHabitual:[0m 17.5 ± 1.8 kWh   [2mz:[0m +10.00⁺   [2mdesvio:[0m +117%   [2m(2 obs. dia_util)[0m
2026-07-28 16:59:35 [INFO] 
2026-07-28 16:59:35 [INFO]   🔴 [91m[1mPT0002000068856267NC[0m  [2m[Cluster 0 (atribuido)][0m
2026-07-28 16:59:35 [INFO]      consumiu MAIS que o habitual às 09h
2026-07-28 16:59:35 [INFO]      [2mReal:[0m 43.0 kWh   [2mHabitual:[0m 17.0 ± 1.7 kWh   [2mz:[0m +10.00⁺   [2mdesvio:[0m +153%   [2m(2 obs. dia_util)[0m
2026-07-28 16:59:35 [INFO] 
2026-07-28 16:59:35 [INFO]   🔴 [91m[1mPT0002000068856267NC[0m  [2m[Cluster 0 (atribuido)][0m
2026-07-28 16:59:35 [INFO]      consumiu MAIS que o habitual às 10h
2026-07-28 16:59:35 [INFO]      [2mReal:[0m 53.0 kWh   [2mHabitual:[0m 16.5 ± 1.6 kWh   [2mz:[0m +10.00⁺   [2mdesvio:[0m +221%   [2m(2 obs. dia_util)[0m
2026-07-28 16:59:35 [INFO] 
2026-07-28 16:59:35 [INFO]   🔴 [91m[1mPT0002000068856267NC[0m  [2m[Cluster 0 (atribuido)][0m
2026-07-28 16:59:35 [INFO]      consumiu MAIS que o habitual às 11h
2026-07-28 16:59:35 [INFO]      [2mReal:[0m 42.0 kWh   [2mHabitual:[0m 17.5 ± 2.1 kWh   [2mz:[0m +10.00⁺   [2mdesvio:[0m +140%   [2m(2 obs. dia_util)[0m
2026-07-28 16:59:35 [INFO] 
2026-07-28 16:59:35 [INFO]   🔴 [91m[1mPT0002000068856267NC[0m  [2m[Cluster 0 (atribuido)][0m
2026-07-28 16:59:35 [INFO]      consumiu MAIS que o habitual às 12h
2026-07-28 16:59:35 [INFO]      [2mReal:[0m 43.0 kWh   [2mHabitual:[0m 16.5 ± 1.6 kWh   [2mz:[0m +10.00⁺   [2mdesvio:[0m +161%   [2m(2 obs. dia_util)[0m
2026-07-28 16:59:35 [INFO] 
2026-07-28 16:59:35 [INFO]   🔴 [91m[1mPT0002000068856267NC[0m  [2m[Cluster 0 (atribuido)][0m
2026-07-28 16:59:35 [INFO]      consumiu MAIS que o habitual às 13h
2026-07-28 16:59:35 [INFO]      [2mReal:[0m 42.0 kWh   [2mHabitual:[0m 16.5 ± 1.6 kWh   [2mz:[0m +10.00⁺   [2mdesvio:[0m +155%   [2m(2 obs. dia_util)[0m
2026-07-28 16:59:35 [INFO] 
2026-07-28 16:59:35 [INFO]   🔴 [91m[1mPT0002000068856267NC[0m  [2m[Cluster 0 (atribuido)][0m
2026-07-28 16:59:35 [INFO]      consumiu MAIS que o habitual às 14h
2026-07-28 16:59:35 [INFO]      [2mReal:[0m 51.0 kWh   [2mHabitual:[0m 17.5 ± 1.8 kWh   [2mz:[0m +10.00⁺   [2mdesvio:[0m +191%   [2m(2 obs. dia_util)[0m
2026-07-28 16:59:35 [INFO] 
2026-07-28 16:59:35 [INFO]   🔴 [91m[1mPT0002000068856267NC[0m  [2m[Cluster 0 (atribuido)][0m
2026-07-28 16:59:35 [INFO]      consumiu MAIS que o habitual às 15h
2026-07-28 16:59:35 [INFO]      [2mReal:[0m 43.0 kWh   [2mHabitual:[0m 17.0 ± 1.7 kWh   [2mz:[0m +10.00⁺   [2mdesvio:[0m +153%   [2m(2 obs. dia_util)[0m
2026-07-28 16:59:35 [INFO] 
2026-07-28 16:59:35 [INFO]   🔴 [91m[1mPT0002000068856655YV[0m  [2m[Cluster 0][0m
2026-07-28 16:59:35 [INFO]      consumiu MAIS que o habitual às 13h
2026-07-28 16:59:35 [INFO]      [2mReal:[0m 8.0 kWh   [2mHabitual:[0m 2.0 ± 0.3 kWh   [2mz:[0m +10.00⁺   [2mdesvio:[0m +300%   [2m(2 obs. dia_util)[0m
2026-07-28 16:59:35 [INFO] 
2026-07-28 16:59:35 [INFO]   🔴 [91m[1mPT0002000068856872QG[0m  [2m[Cluster 1][0m
2026-07-28 16:59:35 [INFO]      consumiu MAIS que o habitual às 12h
2026-07-28 16:59:35 [INFO]      [2mReal:[0m 4.0 kWh   [2mHabitual:[0m 0.0 ± 0.3 kWh   [2mz:[0m +10.00⁺   [2mdesvio:[0m +400000%   [2m(2 obs. dia_util)[0m
2026-07-28 16:59:35 [INFO] 
2026-07-28 16:59:35 [INFO]   🔴 [91m[1mPT0002000068856974CZ[0m  [2m[Cluster 0 (atribuido)][0m
2026-07-28 16:59:35 [INFO]      consumiu MAIS que o habitual às 08h
2026-07-28 16:59:35 [INFO]      [2mReal:[0m 36.0 kWh   [2mHabitual:[0m 10.0 ± 1.4 kWh   [2mz:[0m +10.00⁺   [2mdesvio:[0m +260%   [2m(2 obs. dia_util)[0m
2026-07-28 16:59:35 [INFO] 
2026-07-28 16:59:35 [INFO]   🔴 [91m[1mPT0002000068856974CZ[0m  [2m[Cluster 0 (atribuido)][0m
2026-07-28 16:59:35 [INFO]      consumiu MAIS que o habitual às 09h
2026-07-28 16:59:35 [INFO]      [2mReal:[0m 43.0 kWh   [2mHabitual:[0m 11.0 ± 1.1 kWh   [2mz:[0m +10.00⁺   [2mdesvio:[0m +291%   [2m(2 obs. dia_util)[0m
2026-07-28 16:59:35 [INFO] 
2026-07-28 16:59:35 [INFO]   🔴 [91m[1mPT0002000068856974CZ[0m  [2m[Cluster 0 (atribuido)][0m
2026-07-28 16:59:35 [INFO]      consumiu MAIS que o habitual às 10h
2026-07-28 16:59:35 [INFO]      [2mReal:[0m 57.0 kWh   [2mHabitual:[0m 9.5 ± 0.9 kWh   [2mz:[0m +10.00⁺   [2mdesvio:[0m +500%   [2m(2 obs. dia_util)[0m
2026-07-28 16:59:35 [INFO] 
2026-07-28 16:59:35 [INFO]   🔴 [91m[1mPT0002000068856974CZ[0m  [2m[Cluster 0 (atribuido)][0m
2026-07-28 16:59:35 [INFO]      consumiu MAIS que o habitual às 11h
2026-07-28 16:59:35 [INFO]      [2mReal:[0m 78.0 kWh   [2mHabitual:[0m 10.0 ± 1.4 kWh   [2mz:[0m +10.00⁺   [2mdesvio:[0m +680%   [2m(2 obs. dia_util)[0m
2026-07-28 16:59:35 [INFO] 
2026-07-28 16:59:35 [INFO]   🔴 [91m[1mPT0002000068856974CZ[0m  [2m[Cluster 0 (atribuido)][0m
2026-07-28 16:59:35 [INFO]      consumiu MAIS que o habitual às 12h
2026-07-28 16:59:35 [INFO]      [2mReal:[0m 84.0 kWh   [2mHabitual:[0m 10.5 ± 1.1 kWh   [2mz:[0m +10.00⁺   [2mdesvio:[0m +700%   [2m(2 obs. dia_util)[0m
2026-07-28 16:59:35 [INFO] 
2026-07-28 16:59:35 [INFO]   🔴 [91m[1mPT0002000068856974CZ[0m  [2m[Cluster 0 (atribuido)][0m
2026-07-28 16:59:35 [INFO]      consumiu MAIS que o habitual às 13h
2026-07-28 16:59:35 [INFO]      [2mReal:[0m 94.0 kWh   [2mHabitual:[0m 19.0 ± 2.8 kWh   [2mz:[0m +10.00⁺   [2mdesvio:[0m +395%   [2m(2 obs. dia_util)[0m
2026-07-28 16:59:35 [INFO] 
2026-07-28 16:59:35 [INFO]   🔴 [91m[1mPT0002000068856974CZ[0m  [2m[Cluster 0 (atribuido)][0m
2026-07-28 16:59:35 [INFO]      consumiu MAIS que o habitual às 14h
2026-07-28 16:59:35 [INFO]      [2mReal:[0m 95.0 kWh   [2mHabitual:[0m 28.5 ± 2.9 kWh   [2mz:[0m +10.00⁺   [2mdesvio:[0m +233%   [2m(2 obs. dia_util)[0m
2026-07-28 16:59:35 [INFO] 
2026-07-28 16:59:35 [INFO]   🔴 [91m[1mPT0002000068856974CZ[0m  [2m[Cluster 0 (atribuido)][0m
2026-07-28 16:59:35 [INFO]      consumiu MAIS que o habitual às 15h
2026-07-28 16:59:35 [INFO]      [2mReal:[0m 77.0 kWh   [2mHabitual:[0m 27.5 ± 2.8 kWh   [2mz:[0m +10.00⁺   [2mdesvio:[0m +180%   [2m(2 obs. dia_util)[0m
2026-07-28 16:59:35 [INFO] 
2026-07-28 16:59:35 [INFO]   🔴 [91m[1mPT0002000068856974CZ[0m  [2m[Cluster 0 (atribuido)][0m
2026-07-28 16:59:35 [INFO]      consumiu MAIS que o habitual às 16h
2026-07-28 16:59:35 [INFO]      [2mReal:[0m 60.0 kWh   [2mHabitual:[0m 26.0 ± 2.6 kWh   [2mz:[0m +10.00⁺   [2mdesvio:[0m +131%   [2m(2 obs. dia_util)[0m
2026-07-28 16:59:35 [INFO] 
2026-07-28 16:59:35 [INFO]   🔴 [91m[1mPT0002000068857099AR[0m  [2m[Cluster 1][0m
2026-07-28 16:59:35 [INFO]      consumiu MAIS que o habitual às 20h
2026-07-28 16:59:35 [INFO]      [2mReal:[0m 8.0 kWh   [2mHabitual:[0m 3.0 ± 0.3 kWh   [2mz:[0m +10.00⁺   [2mdesvio:[0m +167%   [2m(2 obs. dia_util)[0m
2026-07-28 16:59:35 [INFO] 
2026-07-28 16:59:35 [INFO]   🔴 [91m[1mPT0002000068857897ZV[0m  [2m[Cluster 0][0m
2026-07-28 16:59:35 [INFO]      consumiu MAIS que o habitual às 09h
2026-07-28 16:59:35 [INFO]      [2mReal:[0m 69.0 kWh   [2mHabitual:[0m 25.0 ± 2.5 kWh   [2mz:[0m +10.00⁺   [2mdesvio:[0m +176%   [2m(2 obs. dia_util)[0m
2026-07-28 16:59:35 [INFO] 
2026-07-28 16:59:35 [INFO]   🔴 [91m[1mPT0002000068857897ZV[0m  [2m[Cluster 0][0m
2026-07-28 16:59:35 [INFO]      consumiu MAIS que o habitual às 10h
2026-07-28 16:59:35 [INFO]      [2mReal:[0m 76.0 kWh   [2mHabitual:[0m 24.5 ± 2.5 kWh   [2mz:[0m +10.00⁺   [2mdesvio:[0m +210%   [2m(2 obs. dia_util)[0m
2026-07-28 16:59:35 [INFO] 
2026-07-28 16:59:35 [INFO]   🔴 [91m[1mPT0002000068857897ZV[0m  [2m[Cluster 0][0m
2026-07-28 16:59:35 [INFO]      consumiu MAIS que o habitual às 11h
2026-07-28 16:59:35 [INFO]      [2mReal:[0m 78.0 kWh   [2mHabitual:[0m 23.0 ± 2.3 kWh   [2mz:[0m +10.00⁺   [2mdesvio:[0m +239%   [2m(2 obs. dia_util)[0m
2026-07-28 16:59:35 [INFO] 
2026-07-28 16:59:35 [INFO]   🔴 [91m[1mPT0002000068857897ZV[0m  [2m[Cluster 0][0m
2026-07-28 16:59:35 [INFO]      consumiu MAIS que o habitual às 12h
2026-07-28 16:59:35 [INFO]      [2mReal:[0m 77.0 kWh   [2mHabitual:[0m 24.0 ± 2.4 kWh   [2mz:[0m +10.00⁺   [2mdesvio:[0m +221%   [2m(2 obs. dia_util)[0m
2026-07-28 16:59:35 [INFO] 
2026-07-28 16:59:35 [INFO]   🔴 [91m[1mPT0002000068857897ZV[0m  [2m[Cluster 0][0m
2026-07-28 16:59:35 [INFO]      consumiu MAIS que o habitual às 13h
2026-07-28 16:59:35 [INFO]      [2mReal:[0m 75.0 kWh   [2mHabitual:[0m 23.5 ± 2.4 kWh   [2mz:[0m +10.00⁺   [2mdesvio:[0m +219%   [2m(2 obs. dia_util)[0m
2026-07-28 16:59:35 [INFO] 
2026-07-28 16:59:35 [INFO]   🔴 [91m[1mPT0002000068857897ZV[0m  [2m[Cluster 0][0m
2026-07-28 16:59:35 [INFO]      consumiu MAIS que o habitual às 14h
2026-07-28 16:59:35 [INFO]      [2mReal:[0m 73.0 kWh   [2mHabitual:[0m 24.0 ± 2.4 kWh   [2mz:[0m +10.00⁺   [2mdesvio:[0m +204%   [2m(2 obs. dia_util)[0m
2026-07-28 16:59:35 [INFO] 
2026-07-28 16:59:35 [INFO]   🔴 [91m[1mPT0002000068857897ZV[0m  [2m[Cluster 0][0m
2026-07-28 16:59:35 [INFO]      consumiu MAIS que o habitual às 15h
2026-07-28 16:59:35 [INFO]      [2mReal:[0m 77.0 kWh   [2mHabitual:[0m 23.5 ± 2.4 kWh   [2mz:[0m +10.00⁺   [2mdesvio:[0m +228%   [2m(2 obs. dia_util)[0m
2026-07-28 16:59:35 [INFO] 
2026-07-28 16:59:35 [INFO]   🔴 [91m[1mPT0002000068857897ZV[0m  [2m[Cluster 0][0m
2026-07-28 16:59:35 [INFO]      consumiu MAIS que o habitual às 16h
2026-07-28 16:59:35 [INFO]      [2mReal:[0m 58.0 kWh   [2mHabitual:[0m 24.5 ± 2.5 kWh   [2mz:[0m +10.00⁺   [2mdesvio:[0m +137%   [2m(2 obs. dia_util)[0m
2026-07-28 16:59:35 [INFO] 
2026-07-28 16:59:35 [INFO]   🔴 [91m[1mPT0002000068858231YY[0m  [2m[Cluster 0 (atribuido)][0m
2026-07-28 16:59:35 [INFO]      consumiu MAIS que o habitual às 08h
2026-07-28 16:59:35 [INFO]      [2mReal:[0m 37.0 kWh   [2mHabitual:[0m 16.0 ± 1.6 kWh   [2mz:[0m +10.00⁺   [2mdesvio:[0m +131%   [2m(2 obs. dia_util)[0m
2026-07-28 16:59:35 [INFO] 
2026-07-28 16:59:35 [INFO]   🔴 [91m[1mPT0002000068858231YY[0m  [2m[Cluster 0 (atribuido)][0m
2026-07-28 16:59:35 [INFO]      consumiu MAIS que o habitual às 09h
2026-07-28 16:59:35 [INFO]      [2mReal:[0m 51.0 kWh   [2mHabitual:[0m 16.5 ± 1.6 kWh   [2mz:[0m +10.00⁺   [2mdesvio:[0m +209%   [2m(2 obs. dia_util)[0m
2026-07-28 16:59:35 [INFO] 
2026-07-28 16:59:35 [INFO]   🔴 [91m[1mPT0002000068858231YY[0m  [2m[Cluster 0 (atribuido)][0m
2026-07-28 16:59:35 [INFO]      consumiu MAIS que o habitual às 10h
2026-07-28 16:59:35 [INFO]      [2mReal:[0m 51.0 kWh   [2mHabitual:[0m 15.5 ± 1.6 kWh   [2mz:[0m +10.00⁺   [2mdesvio:[0m +229%   [2m(2 obs. dia_util)[0m
2026-07-28 16:59:35 [INFO] 
2026-07-28 16:59:35 [INFO]   🔴 [91m[1mPT0002000068858231YY[0m  [2m[Cluster 0 (atribuido)][0m
2026-07-28 16:59:35 [INFO]      consumiu MAIS que o habitual às 11h
2026-07-28 16:59:35 [INFO]      [2mReal:[0m 50.0 kWh   [2mHabitual:[0m 16.0 ± 1.6 kWh   [2mz:[0m +10.00⁺   [2mdesvio:[0m +212%   [2m(2 obs. dia_util)[0m
2026-07-28 16:59:35 [INFO] 
2026-07-28 16:59:35 [INFO]   🔴 [91m[1mPT0002000068858231YY[0m  [2m[Cluster 0 (atribuido)][0m
2026-07-28 16:59:35 [INFO]      consumiu MAIS que o habitual às 12h
2026-07-28 16:59:35 [INFO]      [2mReal:[0m 49.0 kWh   [2mHabitual:[0m 15.0 ± 1.5 kWh   [2mz:[0m +10.00⁺   [2mdesvio:[0m +227%   [2m(2 obs. dia_util)[0m
2026-07-28 16:59:35 [INFO] 
2026-07-28 16:59:35 [INFO]   🔴 [91m[1mPT0002000068858231YY[0m  [2m[Cluster 0 (atribuido)][0m
2026-07-28 16:59:35 [INFO]      consumiu MAIS que o habitual às 13h
2026-07-28 16:59:35 [INFO]      [2mReal:[0m 51.0 kWh   [2mHabitual:[0m 16.0 ± 1.6 kWh   [2mz:[0m +10.00⁺   [2mdesvio:[0m +219%   [2m(2 obs. dia_util)[0m
2026-07-28 16:59:35 [INFO] 
2026-07-28 16:59:35 [INFO]   🔴 [91m[1mPT0002000068858231YY[0m  [2m[Cluster 0 (atribuido)][0m
2026-07-28 16:59:35 [INFO]      consumiu MAIS que o habitual às 14h
2026-07-28 16:59:35 [INFO]      [2mReal:[0m 49.0 kWh   [2mHabitual:[0m 16.0 ± 1.6 kWh   [2mz:[0m +10.00⁺   [2mdesvio:[0m +206%   [2m(2 obs. dia_util)[0m
2026-07-28 16:59:35 [INFO] 
2026-07-28 16:59:35 [INFO]   🔴 [91m[1mPT0002000068858231YY[0m  [2m[Cluster 0 (atribuido)][0m
2026-07-28 16:59:35 [INFO]      consumiu MAIS que o habitual às 15h
2026-07-28 16:59:35 [INFO]      [2mReal:[0m 45.0 kWh   [2mHabitual:[0m 15.0 ± 1.5 kWh   [2mz:[0m +10.00⁺   [2mdesvio:[0m +200%   [2m(2 obs. dia_util)[0m
2026-07-28 16:59:35 [INFO] 
2026-07-28 16:59:35 [INFO]   🔴 [91m[1mPT0002000068858231YY[0m  [2m[Cluster 0 (atribuido)][0m
2026-07-28 16:59:35 [INFO]      consumiu MAIS que o habitual às 16h
2026-07-28 16:59:35 [INFO]      [2mReal:[0m 39.0 kWh   [2mHabitual:[0m 16.0 ± 1.6 kWh   [2mz:[0m +10.00⁺   [2mdesvio:[0m +144%   [2m(2 obs. dia_util)[0m
2026-07-28 16:59:35 [INFO] 
2026-07-28 16:59:35 [INFO]   🔴 [91m[1mPT0002000068858674WN[0m  [2m[Cluster 1 (atribuido)][0m
2026-07-28 16:59:35 [INFO]      consumiu MAIS que o habitual às 04h
2026-07-28 16:59:35 [INFO]      [2mReal:[0m 40.0 kWh   [2mHabitual:[0m 20.0 ± 2.0 kWh   [2mz:[0m +10.00   [2mdesvio:[0m +100%   [2m(2 obs. dia_util)[0m
2026-07-28 16:59:35 [INFO] 
2026-07-28 16:59:35 [INFO]   🔴 [91m[1mPT0002000068859187RL[0m  [2m[Cluster 0][0m
2026-07-28 16:59:35 [INFO]      consumiu MAIS que o habitual às 07h
2026-07-28 16:59:35 [INFO]      [2mReal:[0m 28.0 kWh   [2mHabitual:[0m 11.5 ± 1.1 kWh   [2mz:[0m +10.00⁺   [2mdesvio:[0m +143%   [2m(2 obs. dia_util)[0m
2026-07-28 16:59:35 [INFO] 
2026-07-28 16:59:35 [INFO]   🔴 [91m[1mPT0002000068859187RL[0m  [2m[Cluster 0][0m
2026-07-28 16:59:35 [INFO]      consumiu MAIS que o habitual às 08h
2026-07-28 16:59:35 [INFO]      [2mReal:[0m 71.0 kWh   [2mHabitual:[0m 11.5 ± 1.1 kWh   [2mz:[0m +10.00⁺   [2mdesvio:[0m +517%   [2m(2 obs. dia_util)[0m
2026-07-28 16:59:35 [INFO] 
2026-07-28 16:59:35 [INFO]   🔴 [91m[1mPT0002000068859187RL[0m  [2m[Cluster 0][0m
2026-07-28 16:59:35 [INFO]      consumiu MAIS que o habitual às 09h
2026-07-28 16:59:35 [INFO]      [2mReal:[0m 66.0 kWh   [2mHabitual:[0m 12.0 ± 1.4 kWh   [2mz:[0m +10.00⁺   [2mdesvio:[0m +450%   [2m(2 obs. dia_util)[0m
2026-07-28 16:59:35 [INFO] 
2026-07-28 16:59:35 [INFO]   🔴 [91m[1mPT0002000068859187RL[0m  [2m[Cluster 0][0m
2026-07-28 16:59:35 [INFO]      consumiu MAIS que o habitual às 10h
2026-07-28 16:59:35 [INFO]      [2mReal:[0m 79.0 kWh   [2mHabitual:[0m 12.5 ± 1.2 kWh   [2mz:[0m +10.00⁺   [2mdesvio:[0m +532%   [2m(2 obs. dia_util)[0m
2026-07-28 16:59:35 [INFO] 
2026-07-28 16:59:35 [INFO]   🔴 [91m[1mPT0002000068859187RL[0m  [2m[Cluster 0][0m
2026-07-28 16:59:35 [INFO]      consumiu MAIS que o habitual às 11h
2026-07-28 16:59:35 [INFO]      [2mReal:[0m 87.0 kWh   [2mHabitual:[0m 12.5 ± 1.2 kWh   [2mz:[0m +10.00⁺   [2mdesvio:[0m +596%   [2m(2 obs. dia_util)[0m
2026-07-28 16:59:35 [INFO] 
2026-07-28 16:59:35 [INFO]   🔴 [91m[1mPT0002000068859187RL[0m  [2m[Cluster 0][0m
2026-07-28 16:59:35 [INFO]      consumiu MAIS que o habitual às 12h
2026-07-28 16:59:35 [INFO]      [2mReal:[0m 84.0 kWh   [2mHabitual:[0m 13.0 ± 1.3 kWh   [2mz:[0m +10.00⁺   [2mdesvio:[0m +546%   [2m(2 obs. dia_util)[0m
2026-07-28 16:59:35 [INFO] 
2026-07-28 16:59:35 [INFO]   🔴 [91m[1mPT0002000068859187RL[0m  [2m[Cluster 0][0m
2026-07-28 16:59:35 [INFO]      consumiu MAIS que o habitual às 13h
2026-07-28 16:59:35 [INFO]      [2mReal:[0m 86.0 kWh   [2mHabitual:[0m 12.5 ± 1.2 kWh   [2mz:[0m +10.00⁺   [2mdesvio:[0m +588%   [2m(2 obs. dia_util)[0m
2026-07-28 16:59:35 [INFO] 
2026-07-28 16:59:35 [INFO]   🔴 [91m[1mPT0002000068859187RL[0m  [2m[Cluster 0][0m
2026-07-28 16:59:35 [INFO]      consumiu MAIS que o habitual às 14h
2026-07-28 16:59:35 [INFO]      [2mReal:[0m 76.0 kWh   [2mHabitual:[0m 13.5 ± 1.4 kWh   [2mz:[0m +10.00⁺   [2mdesvio:[0m +463%   [2m(2 obs. dia_util)[0m
2026-07-28 16:59:35 [INFO] 
2026-07-28 16:59:35 [INFO]   🔴 [91m[1mPT0002000068859187RL[0m  [2m[Cluster 0][0m
2026-07-28 16:59:35 [INFO]      consumiu MAIS que o habitual às 15h
2026-07-28 16:59:35 [INFO]      [2mReal:[0m 70.0 kWh   [2mHabitual:[0m 12.5 ± 1.2 kWh   [2mz:[0m +10.00⁺   [2mdesvio:[0m +460%   [2m(2 obs. dia_util)[0m
2026-07-28 16:59:35 [INFO] 
2026-07-28 16:59:35 [INFO]   🔴 [91m[1mPT0002000068859187RL[0m  [2m[Cluster 0][0m
2026-07-28 16:59:35 [INFO]      consumiu MAIS que o habitual às 16h
2026-07-28 16:59:35 [INFO]      [2mReal:[0m 61.0 kWh   [2mHabitual:[0m 13.0 ± 1.3 kWh   [2mz:[0m +10.00⁺   [2mdesvio:[0m +369%   [2m(2 obs. dia_util)[0m
2026-07-28 16:59:35 [INFO] 
2026-07-28 16:59:35 [INFO]   🔴 [91m[1mPT0002000068859187RL[0m  [2m[Cluster 0][0m
2026-07-28 16:59:35 [INFO]      consumiu MAIS que o habitual às 17h
2026-07-28 16:59:35 [INFO]      [2mReal:[0m 54.0 kWh   [2mHabitual:[0m 13.5 ± 1.4 kWh   [2mz:[0m +10.00⁺   [2mdesvio:[0m +300%   [2m(2 obs. dia_util)[0m
2026-07-28 16:59:35 [INFO] 
2026-07-28 16:59:35 [INFO]   🔴 [91m[1mPT0002000068859325FL[0m  [2m[Cluster 1][0m
2026-07-28 16:59:35 [INFO]      consumiu MAIS que o habitual às 15h
2026-07-28 16:59:35 [INFO]      [2mReal:[0m 180.0 kWh   [2mHabitual:[0m 60.0 ± 6.0 kWh   [2mz:[0m +10.00⁺   [2mdesvio:[0m +200%   [2m(2 obs. dia_util)[0m
2026-07-28 16:59:35 [INFO] 
2026-07-28 16:59:35 [INFO]   🔴 [91m[1mPT0002000068859325FL[0m  [2m[Cluster 1][0m
2026-07-28 16:59:35 [INFO]      consumiu MAIS que o habitual às 21h
2026-07-28 16:59:35 [INFO]      [2mReal:[0m 132.0 kWh   [2mHabitual:[0m 65.3 ± 6.5 kWh   [2mz:[0m +10.00⁺   [2mdesvio:[0m +102%   [2m(3 obs. dia_util)[0m
2026-07-28 16:59:35 [INFO] 
2026-07-28 16:59:35 [INFO]   🔴 [91m[1mPT0002000068859382XF[0m  [2m[Cluster 0][0m
2026-07-28 16:59:35 [INFO]      consumiu MAIS que o habitual às 12h
2026-07-28 16:59:35 [INFO]      [2mReal:[0m 71.0 kWh   [2mHabitual:[0m 35.5 ± 3.5 kWh   [2mz:[0m +10.00   [2mdesvio:[0m +100%   [2m(2 obs. dia_util)[0m
2026-07-28 16:59:35 [INFO] 
2026-07-28 16:59:35 [INFO]   🔴 [91m[1mPT0002000068859382XF[0m  [2m[Cluster 0][0m
2026-07-28 16:59:35 [INFO]      consumiu MAIS que o habitual às 13h
2026-07-28 16:59:35 [INFO]      [2mReal:[0m 73.0 kWh   [2mHabitual:[0m 36.0 ± 3.6 kWh   [2mz:[0m +10.00⁺   [2mdesvio:[0m +103%   [2m(2 obs. dia_util)[0m
2026-07-28 16:59:35 [INFO] 
2026-07-28 16:59:35 [INFO]   🔴 [91m[1mPT0002000068859382XF[0m  [2m[Cluster 0][0m
2026-07-28 16:59:35 [INFO]      consumiu MAIS que o habitual às 14h
2026-07-28 16:59:35 [INFO]      [2mReal:[0m 72.0 kWh   [2mHabitual:[0m 36.0 ± 3.6 kWh   [2mz:[0m +10.00   [2mdesvio:[0m +100%   [2m(2 obs. dia_util)[0m
2026-07-28 16:59:35 [INFO] 
2026-07-28 16:59:35 [INFO]   🔴 [91m[1mPT0002000068859382XF[0m  [2m[Cluster 0][0m
2026-07-28 16:59:35 [INFO]      consumiu MAIS que o habitual às 15h
2026-07-28 16:59:35 [INFO]      [2mReal:[0m 72.0 kWh   [2mHabitual:[0m 35.0 ± 3.5 kWh   [2mz:[0m +10.00⁺   [2mdesvio:[0m +106%   [2m(2 obs. dia_util)[0m
2026-07-28 16:59:35 [INFO] 
2026-07-28 16:59:35 [INFO]   🔴 [91m[1mPT0002000068859393XH[0m  [2m[Cluster 1][0m
2026-07-28 16:59:35 [INFO]      consumiu MAIS que o habitual às 07h
2026-07-28 16:59:35 [INFO]      [2mReal:[0m 83.0 kWh   [2mHabitual:[0m 17.0 ± 1.7 kWh   [2mz:[0m +10.00⁺   [2mdesvio:[0m +388%   [2m(2 obs. dia_util)[0m
2026-07-28 16:59:35 [INFO] 
2026-07-28 16:59:35 [INFO]   🔴 [91m[1mPT0002000071896778MT[0m  [2m[Cluster 0][0m
2026-07-28 16:59:35 [INFO]      consumiu MAIS que o habitual às 07h
2026-07-28 16:59:35 [INFO]      [2mReal:[0m 18.0 kWh   [2mHabitual:[0m 3.5 ± 0.7 kWh   [2mz:[0m +10.00⁺   [2mdesvio:[0m +414%   [2m(2 obs. dia_util)[0m
2026-07-28 16:59:35 [INFO] 
2026-07-28 16:59:35 [INFO]   🔴 [91m[1mPT0002000071896778MT[0m  [2m[Cluster 0][0m
2026-07-28 16:59:35 [INFO]      consumiu MAIS que o habitual às 08h
2026-07-28 16:59:35 [INFO]      [2mReal:[0m 26.0 kWh   [2mHabitual:[0m 4.0 ± 0.4 kWh   [2mz:[0m +10.00⁺   [2mdesvio:[0m +550%   [2m(2 obs. dia_util)[0m
2026-07-28 16:59:35 [INFO] 
2026-07-28 16:59:35 [INFO]   🔴 [91m[1mPT0002000071896778MT[0m  [2m[Cluster 0][0m
2026-07-28 16:59:35 [INFO]      consumiu MAIS que o habitual às 09h
2026-07-28 16:59:35 [INFO]      [2mReal:[0m 22.0 kWh   [2mHabitual:[0m 4.5 ± 0.7 kWh   [2mz:[0m +10.00⁺   [2mdesvio:[0m +389%   [2m(2 obs. dia_util)[0m
2026-07-28 16:59:35 [INFO] 
2026-07-28 16:59:35 [INFO]   🔴 [91m[1mPT0002000071896778MT[0m  [2m[Cluster 0][0m
2026-07-28 16:59:35 [INFO]      consumiu MAIS que o habitual às 10h
2026-07-28 16:59:35 [INFO]      [2mReal:[0m 21.0 kWh   [2mHabitual:[0m 3.5 ± 0.7 kWh   [2mz:[0m +10.00⁺   [2mdesvio:[0m +500%   [2m(2 obs. dia_util)[0m
2026-07-28 16:59:35 [INFO] 
2026-07-28 16:59:35 [INFO]   🔴 [91m[1mPT0002000071896778MT[0m  [2m[Cluster 0][0m
2026-07-28 16:59:35 [INFO]      consumiu MAIS que o habitual às 11h
2026-07-28 16:59:35 [INFO]      [2mReal:[0m 22.0 kWh   [2mHabitual:[0m 3.5 ± 0.7 kWh   [2mz:[0m +10.00⁺   [2mdesvio:[0m +529%   [2m(2 obs. dia_util)[0m
2026-07-28 16:59:35 [INFO] 
2026-07-28 16:59:35 [INFO]   🔴 [91m[1mPT0002000071896778MT[0m  [2m[Cluster 0][0m
2026-07-28 16:59:35 [INFO]      consumiu MAIS que o habitual às 12h
2026-07-28 16:59:35 [INFO]      [2mReal:[0m 18.0 kWh   [2mHabitual:[0m 4.0 ± 0.4 kWh   [2mz:[0m +10.00⁺   [2mdesvio:[0m +350%   [2m(2 obs. dia_util)[0m
2026-07-28 16:59:35 [INFO] 
2026-07-28 16:59:35 [INFO]   🔴 [91m[1mPT0002000071896778MT[0m  [2m[Cluster 0][0m
2026-07-28 16:59:35 [INFO]      consumiu MAIS que o habitual às 13h
2026-07-28 16:59:35 [INFO]      [2mReal:[0m 29.0 kWh   [2mHabitual:[0m 4.0 ± 0.4 kWh   [2mz:[0m +10.00⁺   [2mdesvio:[0m +625%   [2m(2 obs. dia_util)[0m
2026-07-28 16:59:35 [INFO] 
2026-07-28 16:59:35 [INFO]   🔴 [91m[1mPT0002000071896778MT[0m  [2m[Cluster 0][0m
2026-07-28 16:59:35 [INFO]      consumiu MAIS que o habitual às 14h
2026-07-28 16:59:35 [INFO]      [2mReal:[0m 17.0 kWh   [2mHabitual:[0m 4.0 ± 0.4 kWh   [2mz:[0m +10.00⁺   [2mdesvio:[0m +325%   [2m(2 obs. dia_util)[0m
2026-07-28 16:59:35 [INFO] 
2026-07-28 16:59:35 [INFO]   🔴 [91m[1mPT0002000071896778MT[0m  [2m[Cluster 0][0m
2026-07-28 16:59:35 [INFO]      consumiu MAIS que o habitual às 15h
2026-07-28 16:59:35 [INFO]      [2mReal:[0m 12.0 kWh   [2mHabitual:[0m 4.0 ± 0.4 kWh   [2mz:[0m +10.00⁺   [2mdesvio:[0m +200%   [2m(2 obs. dia_util)[0m
2026-07-28 16:59:35 [INFO] 
2026-07-28 16:59:35 [INFO]   🔴 [91m[1mPT0002000071896778MT[0m  [2m[Cluster 0][0m
2026-07-28 16:59:35 [INFO]      consumiu MAIS que o habitual às 16h
2026-07-28 16:59:35 [INFO]      [2mReal:[0m 10.0 kWh   [2mHabitual:[0m 4.0 ± 0.4 kWh   [2mz:[0m +10.00⁺   [2mdesvio:[0m +150%   [2m(2 obs. dia_util)[0m
2026-07-28 16:59:35 [INFO] 
2026-07-28 16:59:35 [INFO]   🔴 [91m[1mPT0002000071896778MT[0m  [2m[Cluster 0][0m
2026-07-28 16:59:35 [INFO]      consumiu MAIS que o habitual às 17h
2026-07-28 16:59:35 [INFO]      [2mReal:[0m 9.0 kWh   [2mHabitual:[0m 4.0 ± 0.4 kWh   [2mz:[0m +10.00⁺   [2mdesvio:[0m +125%   [2m(2 obs. dia_util)[0m
2026-07-28 16:59:35 [INFO] 
2026-07-28 16:59:35 [INFO]   🔴 [91m[1mPT0002000073231742VK[0m  [2m[Cluster 0][0m
2026-07-28 16:59:35 [INFO]      consumiu MAIS que o habitual às 08h
2026-07-28 16:59:35 [INFO]      [2mReal:[0m 39.0 kWh   [2mHabitual:[0m 11.5 ± 1.1 kWh   [2mz:[0m +10.00⁺   [2mdesvio:[0m +239%   [2m(2 obs. dia_util)[0m
2026-07-28 16:59:35 [INFO] 
2026-07-28 16:59:35 [INFO]   🔴 [91m[1mPT0002000073231742VK[0m  [2m[Cluster 0][0m
2026-07-28 16:59:35 [INFO]      consumiu MAIS que o habitual às 09h
2026-07-28 16:59:35 [INFO]      [2mReal:[0m 34.0 kWh   [2mHabitual:[0m 11.5 ± 1.1 kWh   [2mz:[0m +10.00⁺   [2mdesvio:[0m +196%   [2m(2 obs. dia_util)[0m
2026-07-28 16:59:35 [INFO] 
2026-07-28 16:59:35 [INFO]   🔴 [91m[1mPT0002000073231742VK[0m  [2m[Cluster 0][0m
2026-07-28 16:59:35 [INFO]      consumiu MAIS que o habitual às 10h
2026-07-28 16:59:35 [INFO]      [2mReal:[0m 30.0 kWh   [2mHabitual:[0m 12.0 ± 1.2 kWh   [2mz:[0m +10.00⁺   [2mdesvio:[0m +150%   [2m(2 obs. dia_util)[0m
2026-07-28 16:59:35 [INFO] 
2026-07-28 16:59:35 [INFO]   🔴 [91m[1mPT0002000073231742VK[0m  [2m[Cluster 0][0m
2026-07-28 16:59:35 [INFO]      consumiu MAIS que o habitual às 11h
2026-07-28 16:59:35 [INFO]      [2mReal:[0m 25.0 kWh   [2mHabitual:[0m 11.5 ± 1.1 kWh   [2mz:[0m +10.00⁺   [2mdesvio:[0m +117%   [2m(2 obs. dia_util)[0m
2026-07-28 16:59:35 [INFO] 
2026-07-28 16:59:35 [INFO]   🔴 [91m[1mPT0002000073231742VK[0m  [2m[Cluster 0][0m
2026-07-28 16:59:35 [INFO]      consumiu MAIS que o habitual às 12h
2026-07-28 16:59:35 [INFO]      [2mReal:[0m 31.0 kWh   [2mHabitual:[0m 11.5 ± 1.1 kWh   [2mz:[0m +10.00⁺   [2mdesvio:[0m +170%   [2m(2 obs. dia_util)[0m
2026-07-28 16:59:35 [INFO] 
2026-07-28 16:59:35 [INFO]   🔴 [91m[1mPT0002000073231742VK[0m  [2m[Cluster 0][0m
2026-07-28 16:59:35 [INFO]      consumiu MAIS que o habitual às 13h
2026-07-28 16:59:35 [INFO]      [2mReal:[0m 23.0 kWh   [2mHabitual:[0m 11.5 ± 1.1 kWh   [2mz:[0m +10.00   [2mdesvio:[0m +100%   [2m(2 obs. dia_util)[0m
2026-07-28 16:59:35 [INFO] 
2026-07-28 16:59:35 [INFO]   🔴 [91m[1mPT0002000073481266XH[0m  [2m[Cluster 0][0m
2026-07-28 16:59:35 [INFO]      consumiu MAIS que o habitual às 07h
2026-07-28 16:59:35 [INFO]      [2mReal:[0m 15.0 kWh   [2mHabitual:[0m 5.0 ± 0.5 kWh   [2mz:[0m +10.00⁺   [2mdesvio:[0m +200%   [2m(2 obs. dia_util)[0m
2026-07-28 16:59:35 [INFO] 
2026-07-28 16:59:35 [INFO]   🔴 [91m[1mPT0002000073481266XH[0m  [2m[Cluster 0][0m
2026-07-28 16:59:35 [INFO]      consumiu MAIS que o habitual às 08h
2026-07-28 16:59:35 [INFO]      [2mReal:[0m 31.0 kWh   [2mHabitual:[0m 5.5 ± 0.7 kWh   [2mz:[0m +10.00⁺   [2mdesvio:[0m +464%   [2m(2 obs. dia_util)[0m
2026-07-28 16:59:35 [INFO] 
2026-07-28 16:59:35 [INFO]   🔴 [91m[1mPT0002000073481266XH[0m  [2m[Cluster 0][0m
2026-07-28 16:59:35 [INFO]      consumiu MAIS que o habitual às 09h
2026-07-28 16:59:35 [INFO]      [2mReal:[0m 44.0 kWh   [2mHabitual:[0m 5.5 ± 0.7 kWh   [2mz:[0m +10.00⁺   [2mdesvio:[0m +700%   [2m(2 obs. dia_util)[0m
2026-07-28 16:59:35 [INFO] 
2026-07-28 16:59:35 [INFO]   🔴 [91m[1mPT0002000073481266XH[0m  [2m[Cluster 0][0m
2026-07-28 16:59:35 [INFO]      consumiu MAIS que o habitual às 10h
2026-07-28 16:59:35 [INFO]      [2mReal:[0m 50.0 kWh   [2mHabitual:[0m 5.0 ± 0.5 kWh   [2mz:[0m +10.00⁺   [2mdesvio:[0m +900%   [2m(2 obs. dia_util)[0m
2026-07-28 16:59:35 [INFO] 
2026-07-28 16:59:35 [INFO]   🔴 [91m[1mPT0002000073481266XH[0m  [2m[Cluster 0][0m
2026-07-28 16:59:35 [INFO]      consumiu MAIS que o habitual às 11h
2026-07-28 16:59:35 [INFO]      [2mReal:[0m 61.0 kWh   [2mHabitual:[0m 5.5 ± 0.7 kWh   [2mz:[0m +10.00⁺   [2mdesvio:[0m +1009%   [2m(2 obs. dia_util)[0m
2026-07-28 16:59:35 [INFO] 
2026-07-28 16:59:35 [INFO]   🔴 [91m[1mPT0002000073481266XH[0m  [2m[Cluster 0][0m
2026-07-28 16:59:35 [INFO]      consumiu MAIS que o habitual às 12h
2026-07-28 16:59:35 [INFO]      [2mReal:[0m 60.0 kWh   [2mHabitual:[0m 5.5 ± 0.7 kWh   [2mz:[0m +10.00⁺   [2mdesvio:[0m +991%   [2m(2 obs. dia_util)[0m
2026-07-28 16:59:35 [INFO] 
2026-07-28 16:59:35 [INFO]   🔴 [91m[1mPT0002000073481266XH[0m  [2m[Cluster 0][0m
2026-07-28 16:59:35 [INFO]      consumiu MAIS que o habitual às 13h
2026-07-28 16:59:35 [INFO]      [2mReal:[0m 53.0 kWh   [2mHabitual:[0m 5.5 ± 0.7 kWh   [2mz:[0m +10.00⁺   [2mdesvio:[0m +864%   [2m(2 obs. dia_util)[0m
2026-07-28 16:59:35 [INFO] 
2026-07-28 16:59:35 [INFO]   🔴 [91m[1mPT0002000073481266XH[0m  [2m[Cluster 0][0m
2026-07-28 16:59:35 [INFO]      consumiu MAIS que o habitual às 14h
2026-07-28 16:59:35 [INFO]      [2mReal:[0m 50.0 kWh   [2mHabitual:[0m 6.0 ± 0.6 kWh   [2mz:[0m +10.00⁺   [2mdesvio:[0m +733%   [2m(2 obs. dia_util)[0m
2026-07-28 16:59:35 [INFO] 
2026-07-28 16:59:35 [INFO]   🔴 [91m[1mPT0002000073481266XH[0m  [2m[Cluster 0][0m
2026-07-28 16:59:35 [INFO]      consumiu MAIS que o habitual às 15h
2026-07-28 16:59:35 [INFO]      [2mReal:[0m 51.0 kWh   [2mHabitual:[0m 5.5 ± 0.7 kWh   [2mz:[0m +10.00⁺   [2mdesvio:[0m +827%   [2m(2 obs. dia_util)[0m
2026-07-28 16:59:35 [INFO] 
2026-07-28 16:59:35 [INFO]   🔴 [91m[1mPT0002000073481266XH[0m  [2m[Cluster 0][0m
2026-07-28 16:59:35 [INFO]      consumiu MAIS que o habitual às 16h
2026-07-28 16:59:35 [INFO]      [2mReal:[0m 45.0 kWh   [2mHabitual:[0m 6.5 ± 0.7 kWh   [2mz:[0m +10.00⁺   [2mdesvio:[0m +592%   [2m(2 obs. dia_util)[0m
2026-07-28 16:59:35 [INFO] 
2026-07-28 16:59:35 [INFO]   🔴 [91m[1mPT0002000073481266XH[0m  [2m[Cluster 0][0m
2026-07-28 16:59:35 [INFO]      consumiu MAIS que o habitual às 17h
2026-07-28 16:59:35 [INFO]      [2mReal:[0m 40.0 kWh   [2mHabitual:[0m 5.5 ± 0.7 kWh   [2mz:[0m +10.00⁺   [2mdesvio:[0m +627%   [2m(2 obs. dia_util)[0m
2026-07-28 16:59:35 [INFO] 
2026-07-28 16:59:35 [INFO]   🔴 [91m[1mPT0002000073481266XH[0m  [2m[Cluster 0][0m
2026-07-28 16:59:35 [INFO]      consumiu MAIS que o habitual às 18h
2026-07-28 16:59:35 [INFO]      [2mReal:[0m 23.0 kWh   [2mHabitual:[0m 6.5 ± 0.7 kWh   [2mz:[0m +10.00⁺   [2mdesvio:[0m +254%   [2m(2 obs. dia_util)[0m
2026-07-28 16:59:35 [INFO] 
2026-07-28 16:59:35 [INFO]   🔴 [91m[1mPT0002000073717386HC[0m  [2m[Cluster 1 (atribuido)][0m
2026-07-28 16:59:35 [INFO]      consumiu MAIS que o habitual às 12h
2026-07-28 16:59:35 [INFO]      [2mReal:[0m 61.0 kWh   [2mHabitual:[0m 9.5 ± 0.9 kWh   [2mz:[0m +10.00⁺   [2mdesvio:[0m +542%   [2m(2 obs. dia_util)[0m
2026-07-28 16:59:35 [INFO] 
2026-07-28 16:59:35 [INFO]   🔴 [91m[1mPT0002000073717386HC[0m  [2m[Cluster 1 (atribuido)][0m
2026-07-28 16:59:35 [INFO]      consumiu MAIS que o habitual às 13h
2026-07-28 16:59:35 [INFO]      [2mReal:[0m 59.0 kWh   [2mHabitual:[0m 8.0 ± 0.8 kWh   [2mz:[0m +10.00⁺   [2mdesvio:[0m +638%   [2m(2 obs. dia_util)[0m
2026-07-28 16:59:35 [INFO] 
2026-07-28 16:59:35 [INFO]   🔴 [91m[1mPT0002000073717386HC[0m  [2m[Cluster 1 (atribuido)][0m
2026-07-28 16:59:35 [INFO]      consumiu MAIS que o habitual às 15h
2026-07-28 16:59:35 [INFO]      [2mReal:[0m 5.0 kWh   [2mHabitual:[0m 1.0 ± 0.3 kWh   [2mz:[0m +10.00⁺   [2mdesvio:[0m +400%   [2m(2 obs. dia_util)[0m
2026-07-28 16:59:35 [INFO] 
2026-07-28 16:59:35 [INFO]   🔴 [91m[1mPT0002000073720434JD[0m  [2m[Cluster 1 (atribuido)][0m
2026-07-28 16:59:35 [INFO]      consumiu MAIS que o habitual às 18h
2026-07-28 16:59:35 [INFO]      [2mReal:[0m 55.0 kWh   [2mHabitual:[0m 25.5 ± 2.5 kWh   [2mz:[0m +10.00⁺   [2mdesvio:[0m +116%   [2m(2 obs. dia_util)[0m
2026-07-28 16:59:35 [INFO] 
2026-07-28 16:59:35 [INFO]   🔴 [91m[1mPT0002000075637532JB[0m  [2m[Cluster 0][0m
2026-07-28 16:59:35 [INFO]      consumiu MAIS que o habitual às 08h
2026-07-28 16:59:35 [INFO]      [2mReal:[0m 14.0 kWh   [2mHabitual:[0m 4.0 ± 0.4 kWh   [2mz:[0m +10.00⁺   [2mdesvio:[0m +250%   [2m(2 obs. dia_util)[0m
2026-07-28 16:59:35 [INFO] 
2026-07-28 16:59:35 [INFO]   🔴 [91m[1mPT0002000075637532JB[0m  [2m[Cluster 0][0m
2026-07-28 16:59:35 [INFO]      consumiu MAIS que o habitual às 09h
2026-07-28 16:59:35 [INFO]      [2mReal:[0m 21.0 kWh   [2mHabitual:[0m 4.5 ± 0.7 kWh   [2mz:[0m +10.00⁺   [2mdesvio:[0m +367%   [2m(2 obs. dia_util)[0m
2026-07-28 16:59:35 [INFO] 
2026-07-28 16:59:35 [INFO]   🔴 [91m[1mPT0002000075637532JB[0m  [2m[Cluster 0][0m
2026-07-28 16:59:35 [INFO]      consumiu MAIS que o habitual às 10h
2026-07-28 16:59:35 [INFO]      [2mReal:[0m 30.0 kWh   [2mHabitual:[0m 4.5 ± 0.7 kWh   [2mz:[0m +10.00⁺   [2mdesvio:[0m +567%   [2m(2 obs. dia_util)[0m
2026-07-28 16:59:35 [INFO] 
2026-07-28 16:59:35 [INFO]   🔴 [91m[1mPT0002000075637532JB[0m  [2m[Cluster 0][0m
2026-07-28 16:59:35 [INFO]      consumiu MAIS que o habitual às 11h
2026-07-28 16:59:35 [INFO]      [2mReal:[0m 29.0 kWh   [2mHabitual:[0m 4.5 ± 0.7 kWh   [2mz:[0m +10.00⁺   [2mdesvio:[0m +544%   [2m(2 obs. dia_util)[0m
2026-07-28 16:59:35 [INFO] 
2026-07-28 16:59:35 [INFO]   🔴 [91m[1mPT0002000075637532JB[0m  [2m[Cluster 0][0m
2026-07-28 16:59:35 [INFO]      consumiu MAIS que o habitual às 12h
2026-07-28 16:59:35 [INFO]      [2mReal:[0m 26.0 kWh   [2mHabitual:[0m 5.0 ± 0.5 kWh   [2mz:[0m +10.00⁺   [2mdesvio:[0m +420%   [2m(2 obs. dia_util)[0m
2026-07-28 16:59:35 [INFO] 
2026-07-28 16:59:35 [INFO]   🔴 [91m[1mPT0002000075637532JB[0m  [2m[Cluster 0][0m
2026-07-28 16:59:35 [INFO]      consumiu MAIS que o habitual às 13h
2026-07-28 16:59:35 [INFO]      [2mReal:[0m 13.0 kWh   [2mHabitual:[0m 4.5 ± 0.7 kWh   [2mz:[0m +10.00⁺   [2mdesvio:[0m +189%   [2m(2 obs. dia_util)[0m
2026-07-28 16:59:35 [INFO] 
2026-07-28 16:59:35 [INFO]   🔴 [91m[1mPT0002000075637532JB[0m  [2m[Cluster 0][0m
2026-07-28 16:59:35 [INFO]      consumiu MAIS que o habitual às 15h
2026-07-28 16:59:35 [INFO]      [2mReal:[0m 10.0 kWh   [2mHabitual:[0m 5.0 ± 0.5 kWh   [2mz:[0m +10.00   [2mdesvio:[0m +100%   [2m(2 obs. dia_util)[0m
2026-07-28 16:59:35 [INFO] 
2026-07-28 16:59:35 [INFO]   🔴 [91m[1mPT0002000075637532JB[0m  [2m[Cluster 0][0m
2026-07-28 16:59:35 [INFO]      consumiu MAIS que o habitual às 16h
2026-07-28 16:59:35 [INFO]      [2mReal:[0m 10.0 kWh   [2mHabitual:[0m 4.0 ± 0.4 kWh   [2mz:[0m +10.00⁺   [2mdesvio:[0m +150%   [2m(2 obs. dia_util)[0m
2026-07-28 16:59:35 [INFO] 
2026-07-28 16:59:35 [INFO]   🔴 [91m[1mPT0002000075637532JB[0m  [2m[Cluster 0][0m
2026-07-28 16:59:35 [INFO]      consumiu MAIS que o habitual às 17h
2026-07-28 16:59:35 [INFO]      [2mReal:[0m 10.0 kWh   [2mHabitual:[0m 5.0 ± 0.5 kWh   [2mz:[0m +10.00   [2mdesvio:[0m +100%   [2m(2 obs. dia_util)[0m
2026-07-28 16:59:35 [INFO] 
2026-07-28 16:59:35 [INFO]   🔴 [91m[1mPT0002000077394934QY[0m  [2m[Cluster 0][0m
2026-07-28 16:59:35 [INFO]      consumiu MAIS que o habitual às 12h
2026-07-28 16:59:35 [INFO]      [2mReal:[0m 162.0 kWh   [2mHabitual:[0m 77.5 ± 7.8 kWh   [2mz:[0m +10.00⁺   [2mdesvio:[0m +109%   [2m(2 obs. dia_util)[0m
2026-07-28 16:59:35 [INFO] 
2026-07-28 16:59:35 [INFO]   🔴 [91m[1mPT0002000077394934QY[0m  [2m[Cluster 0][0m
2026-07-28 16:59:35 [INFO]      consumiu MAIS que o habitual às 13h
2026-07-28 16:59:35 [INFO]      [2mReal:[0m 164.0 kWh   [2mHabitual:[0m 78.0 ± 7.8 kWh   [2mz:[0m +10.00⁺   [2mdesvio:[0m +110%   [2m(2 obs. dia_util)[0m
2026-07-28 16:59:35 [INFO] 
2026-07-28 16:59:35 [INFO]   🔴 [91m[1mPT0002000077394934QY[0m  [2m[Cluster 0][0m
2026-07-28 16:59:35 [INFO]      consumiu MAIS que o habitual às 14h
2026-07-28 16:59:35 [INFO]      [2mReal:[0m 163.0 kWh   [2mHabitual:[0m 74.0 ± 7.4 kWh   [2mz:[0m +10.00⁺   [2mdesvio:[0m +120%   [2m(2 obs. dia_util)[0m
2026-07-28 16:59:35 [INFO] 
2026-07-28 16:59:35 [INFO]   🔴 [91m[1mPT0002000078140706BA[0m  [2m[Cluster 1 (atribuido)][0m
2026-07-28 16:59:35 [INFO]      consumiu MAIS que o habitual às 08h
2026-07-28 16:59:35 [INFO]      [2mReal:[0m 29.0 kWh   [2mHabitual:[0m 1.0 ± 1.4 kWh   [2mz:[0m +10.00⁺   [2mdesvio:[0m +2800%   [2m(2 obs. dia_util)[0m
2026-07-28 16:59:35 [INFO] 
2026-07-28 16:59:35 [INFO]   🔴 [91m[1mPT0002000078140706BA[0m  [2m[Cluster 1 (atribuido)][0m
2026-07-28 16:59:35 [INFO]      consumiu MAIS que o habitual às 09h
2026-07-28 16:59:35 [INFO]      [2mReal:[0m 8.0 kWh   [2mHabitual:[0m 0.0 ± 0.3 kWh   [2mz:[0m +10.00⁺   [2mdesvio:[0m +800000%   [2m(2 obs. dia_util)[0m
2026-07-28 16:59:35 [INFO] 
2026-07-28 16:59:35 [INFO]   🔴 [91m[1mPT0002000078140706BA[0m  [2m[Cluster 1 (atribuido)][0m
2026-07-28 16:59:35 [INFO]      consumiu MAIS que o habitual às 10h
2026-07-28 16:59:35 [INFO]      [2mReal:[0m 13.0 kWh   [2mHabitual:[0m 0.5 ± 0.7 kWh   [2mz:[0m +10.00⁺   [2mdesvio:[0m +2500%   [2m(2 obs. dia_util)[0m
2026-07-28 16:59:35 [INFO] 
2026-07-28 16:59:35 [INFO]   🔴 [91m[1mPT0002000078140706BA[0m  [2m[Cluster 1 (atribuido)][0m
2026-07-28 16:59:35 [INFO]      consumiu MAIS que o habitual às 11h
2026-07-28 16:59:35 [INFO]      [2mReal:[0m 6.0 kWh   [2mHabitual:[0m 0.0 ± 0.3 kWh   [2mz:[0m +10.00⁺   [2mdesvio:[0m +600000%   [2m(2 obs. dia_util)[0m
2026-07-28 16:59:35 [INFO] 
2026-07-28 16:59:35 [INFO]   🔴 [91m[1mPT0002000078140706BA[0m  [2m[Cluster 1 (atribuido)][0m
2026-07-28 16:59:35 [INFO]      consumiu MAIS que o habitual às 13h
2026-07-28 16:59:35 [INFO]      [2mReal:[0m 13.0 kWh   [2mHabitual:[0m 0.0 ± 0.3 kWh   [2mz:[0m +10.00⁺   [2mdesvio:[0m +1300000%   [2m(2 obs. dia_util)[0m
2026-07-28 16:59:35 [INFO] 
2026-07-28 16:59:35 [INFO]   🔴 [91m[1mPT0002000078140706BA[0m  [2m[Cluster 1 (atribuido)][0m
2026-07-28 16:59:35 [INFO]      consumiu MAIS que o habitual às 14h
2026-07-28 16:59:35 [INFO]      [2mReal:[0m 11.0 kWh   [2mHabitual:[0m 0.0 ± 0.3 kWh   [2mz:[0m +10.00⁺   [2mdesvio:[0m +1100000%   [2m(2 obs. dia_util)[0m
2026-07-28 16:59:35 [INFO] 
2026-07-28 16:59:35 [INFO]   🔴 [91m[1mPT0002000078140706BA[0m  [2m[Cluster 1 (atribuido)][0m
2026-07-28 16:59:35 [INFO]      consumiu MAIS que o habitual às 15h
2026-07-28 16:59:35 [INFO]      [2mReal:[0m 42.0 kWh   [2mHabitual:[0m 0.0 ± 0.3 kWh   [2mz:[0m +10.00⁺   [2mdesvio:[0m +4200000%   [2m(2 obs. dia_util)[0m
2026-07-28 16:59:35 [INFO] 
2026-07-28 16:59:35 [INFO]   🔴 [91m[1mPT0002000078140706BA[0m  [2m[Cluster 1 (atribuido)][0m
2026-07-28 16:59:35 [INFO]      consumiu MAIS que o habitual às 16h
2026-07-28 16:59:35 [INFO]      [2mReal:[0m 10.0 kWh   [2mHabitual:[0m 0.0 ± 0.3 kWh   [2mz:[0m +10.00⁺   [2mdesvio:[0m +1000000%   [2m(2 obs. dia_util)[0m
2026-07-28 16:59:35 [INFO] 
2026-07-28 16:59:35 [INFO]   🔴 [91m[1mPT0002000078140706BA[0m  [2m[Cluster 1 (atribuido)][0m
2026-07-28 16:59:35 [INFO]      consumiu MAIS que o habitual às 17h
2026-07-28 16:59:35 [INFO]      [2mReal:[0m 10.0 kWh   [2mHabitual:[0m 0.0 ± 0.3 kWh   [2mz:[0m +10.00⁺   [2mdesvio:[0m +1000000%   [2m(2 obs. dia_util)[0m
2026-07-28 16:59:35 [INFO] 
2026-07-28 16:59:35 [INFO]   🔴 [91m[1mPT0002000078140706BA[0m  [2m[Cluster 1 (atribuido)][0m
2026-07-28 16:59:35 [INFO]      consumiu MAIS que o habitual às 18h
2026-07-28 16:59:35 [INFO]      [2mReal:[0m 62.0 kWh   [2mHabitual:[0m 9.0 ± 2.8 kWh   [2mz:[0m +10.00⁺   [2mdesvio:[0m +589%   [2m(2 obs. dia_util)[0m
2026-07-28 16:59:35 [INFO] 
2026-07-28 16:59:35 [INFO]   🔴 [91m[1mPT0002000078140706BA[0m  [2m[Cluster 1 (atribuido)][0m
2026-07-28 16:59:35 [INFO]      consumiu MAIS que o habitual às 19h
2026-07-28 16:59:35 [INFO]      [2mReal:[0m 98.0 kWh   [2mHabitual:[0m 39.5 ± 5.0 kWh   [2mz:[0m +10.00⁺   [2mdesvio:[0m +148%   [2m(2 obs. dia_util)[0m
2026-07-28 16:59:35 [INFO] 
2026-07-28 16:59:35 [INFO]   🔴 [91m[1mPT0002000078207354XC[0m  [2m[Cluster 1][0m
2026-07-28 16:59:35 [INFO]      consumiu MAIS que o habitual às 12h
2026-07-28 16:59:35 [INFO]      [2mReal:[0m 10.0 kWh   [2mHabitual:[0m 2.5 ± 0.7 kWh   [2mz:[0m +10.00⁺   [2mdesvio:[0m +300%   [2m(2 obs. dia_util)[0m
2026-07-28 16:59:35 [INFO] 
2026-07-28 16:59:35 [INFO]   🔴 [91m[1mPT0002000078207354XC[0m  [2m[Cluster 1][0m
2026-07-28 16:59:35 [INFO]      consumiu MAIS que o habitual às 15h
2026-07-28 16:59:35 [INFO]      [2mReal:[0m 8.0 kWh   [2mHabitual:[0m 3.0 ± 0.3 kWh   [2mz:[0m +10.00⁺   [2mdesvio:[0m +167%   [2m(2 obs. dia_util)[0m
2026-07-28 16:59:35 [INFO] 
2026-07-28 16:59:35 [INFO]   🔴 [91m[1mPT0002000078207354XC[0m  [2m[Cluster 1][0m
2026-07-28 16:59:35 [INFO]      consumiu MAIS que o habitual às 16h
2026-07-28 16:59:35 [INFO]      [2mReal:[0m 8.0 kWh   [2mHabitual:[0m 2.0 ± 0.3 kWh   [2mz:[0m +10.00⁺   [2mdesvio:[0m +300%   [2m(2 obs. dia_util)[0m
2026-07-28 16:59:35 [INFO] 
2026-07-28 16:59:35 [INFO]   🔴 [91m[1mPT0002000078207354XC[0m  [2m[Cluster 1][0m
2026-07-28 16:59:35 [INFO]      consumiu MAIS que o habitual às 17h
2026-07-28 16:59:35 [INFO]      [2mReal:[0m 12.0 kWh   [2mHabitual:[0m 3.0 ± 0.3 kWh   [2mz:[0m +10.00⁺   [2mdesvio:[0m +300%   [2m(2 obs. dia_util)[0m
2026-07-28 16:59:35 [INFO] 
2026-07-28 16:59:35 [INFO]   🔴 [91m[1mPT0002000078207354XC[0m  [2m[Cluster 1][0m
2026-07-28 16:59:35 [INFO]      consumiu MAIS que o habitual às 18h
2026-07-28 16:59:35 [INFO]      [2mReal:[0m 22.0 kWh   [2mHabitual:[0m 2.5 ± 0.7 kWh   [2mz:[0m +10.00⁺   [2mdesvio:[0m +780%   [2m(2 obs. dia_util)[0m
2026-07-28 16:59:35 [INFO] 
2026-07-28 16:59:35 [INFO]   🔴 [91m[1mPT0002000078207354XC[0m  [2m[Cluster 1][0m
2026-07-28 16:59:35 [INFO]      consumiu MAIS que o habitual às 19h
2026-07-28 16:59:35 [INFO]      [2mReal:[0m 21.0 kWh   [2mHabitual:[0m 2.5 ± 0.7 kWh   [2mz:[0m +10.00⁺   [2mdesvio:[0m +740%   [2m(2 obs. dia_util)[0m
2026-07-28 16:59:35 [INFO] 
2026-07-28 16:59:35 [INFO]   🔴 [91m[1mPT0002000078207354XC[0m  [2m[Cluster 1][0m
2026-07-28 16:59:35 [INFO]      consumiu MAIS que o habitual às 20h
2026-07-28 16:59:35 [INFO]      [2mReal:[0m 21.0 kWh   [2mHabitual:[0m 2.0 ± 0.3 kWh   [2mz:[0m +10.00⁺   [2mdesvio:[0m +950%   [2m(2 obs. dia_util)[0m
2026-07-28 16:59:35 [INFO] 
2026-07-28 16:59:35 [INFO]   🔴 [91m[1mPT0002000078207354XC[0m  [2m[Cluster 1][0m
2026-07-28 16:59:35 [INFO]      consumiu MAIS que o habitual às 23h
2026-07-28 16:59:35 [INFO]      [2mReal:[0m 15.0 kWh   [2mHabitual:[0m 2.7 ± 0.6 kWh   [2mz:[0m +10.00⁺   [2mdesvio:[0m +462%   [2m(3 obs. dia_util)[0m
2026-07-28 16:59:35 [INFO] 
2026-07-28 16:59:35 [INFO]   🔴 [91m[1mPT0002000078233981HJ[0m  [2m[Cluster 1][0m
2026-07-28 16:59:35 [INFO]      consumiu MAIS que o habitual às 18h
2026-07-28 16:59:35 [INFO]      [2mReal:[0m 28.0 kWh   [2mHabitual:[0m 3.0 ± 0.3 kWh   [2mz:[0m +10.00⁺   [2mdesvio:[0m +833%   [2m(2 obs. dia_util)[0m
2026-07-28 16:59:35 [INFO] 
2026-07-28 16:59:35 [INFO]   🔴 [91m[1mPT0002000078233981HJ[0m  [2m[Cluster 1][0m
2026-07-28 16:59:35 [INFO]      consumiu MAIS que o habitual às 19h
2026-07-28 16:59:35 [INFO]      [2mReal:[0m 28.0 kWh   [2mHabitual:[0m 2.5 ± 0.7 kWh   [2mz:[0m +10.00⁺   [2mdesvio:[0m +1020%   [2m(2 obs. dia_util)[0m
2026-07-28 16:59:35 [INFO] 
2026-07-28 16:59:35 [INFO]   🔴 [91m[1mPT0002000078233981HJ[0m  [2m[Cluster 1][0m
2026-07-28 16:59:35 [INFO]      consumiu MAIS que o habitual às 20h
2026-07-28 16:59:35 [INFO]      [2mReal:[0m 28.0 kWh   [2mHabitual:[0m 2.5 ± 0.7 kWh   [2mz:[0m +10.00⁺   [2mdesvio:[0m +1020%   [2m(2 obs. dia_util)[0m
2026-07-28 16:59:35 [INFO] 
2026-07-28 16:59:35 [INFO]   🔴 [91m[1mPT0002000078233981HJ[0m  [2m[Cluster 1][0m
2026-07-28 16:59:35 [INFO]      consumiu MAIS que o habitual às 21h
2026-07-28 16:59:35 [INFO]      [2mReal:[0m 23.0 kWh   [2mHabitual:[0m 3.0 ± 1.0 kWh   [2mz:[0m +10.00⁺   [2mdesvio:[0m +667%   [2m(3 obs. dia_util)[0m
2026-07-28 16:59:35 [INFO] 
2026-07-28 16:59:35 [INFO]   🔴 [91m[1mPT0002000078294957RQ[0m  [2m[Cluster 0][0m
2026-07-28 16:59:35 [INFO]      consumiu MAIS que o habitual às 08h
2026-07-28 16:59:35 [INFO]      [2mReal:[0m 14.0 kWh   [2mHabitual:[0m 5.0 ± 0.5 kWh   [2mz:[0m +10.00⁺   [2mdesvio:[0m +180%   [2m(2 obs. dia_util)[0m
2026-07-28 16:59:35 [INFO] 
2026-07-28 16:59:35 [INFO]   🔴 [91m[1mPT0002000078294957RQ[0m  [2m[Cluster 0][0m
2026-07-28 16:59:35 [INFO]      consumiu MAIS que o habitual às 09h
2026-07-28 16:59:35 [INFO]      [2mReal:[0m 13.0 kWh   [2mHabitual:[0m 4.5 ± 0.7 kWh   [2mz:[0m +10.00⁺   [2mdesvio:[0m +189%   [2m(2 obs. dia_util)[0m
2026-07-28 16:59:35 [INFO] 
2026-07-28 16:59:35 [INFO]   🔴 [91m[1mPT0002000078294957RQ[0m  [2m[Cluster 0][0m
2026-07-28 16:59:35 [INFO]      consumiu MAIS que o habitual às 10h
2026-07-28 16:59:35 [INFO]      [2mReal:[0m 30.0 kWh   [2mHabitual:[0m 4.5 ± 0.7 kWh   [2mz:[0m +10.00⁺   [2mdesvio:[0m +567%   [2m(2 obs. dia_util)[0m
2026-07-28 16:59:35 [INFO] 
2026-07-28 16:59:35 [INFO]   🔴 [91m[1mPT0002000078294957RQ[0m  [2m[Cluster 0][0m
2026-07-28 16:59:35 [INFO]      consumiu MAIS que o habitual às 11h
2026-07-28 16:59:35 [INFO]      [2mReal:[0m 30.0 kWh   [2mHabitual:[0m 4.5 ± 0.7 kWh   [2mz:[0m +10.00⁺   [2mdesvio:[0m +567%   [2m(2 obs. dia_util)[0m
2026-07-28 16:59:35 [INFO] 
2026-07-28 16:59:35 [INFO]   🔴 [91m[1mPT0002000078294957RQ[0m  [2m[Cluster 0][0m
2026-07-28 16:59:35 [INFO]      consumiu MAIS que o habitual às 12h
2026-07-28 16:59:35 [INFO]      [2mReal:[0m 41.0 kWh   [2mHabitual:[0m 4.5 ± 0.7 kWh   [2mz:[0m +10.00⁺   [2mdesvio:[0m +811%   [2m(2 obs. dia_util)[0m
2026-07-28 16:59:35 [INFO] 
2026-07-28 16:59:35 [INFO]   🔴 [91m[1mPT0002000078294957RQ[0m  [2m[Cluster 0][0m
2026-07-28 16:59:35 [INFO]      consumiu MAIS que o habitual às 13h
2026-07-28 16:59:35 [INFO]      [2mReal:[0m 27.0 kWh   [2mHabitual:[0m 5.0 ± 0.5 kWh   [2mz:[0m +10.00⁺   [2mdesvio:[0m +440%   [2m(2 obs. dia_util)[0m
2026-07-28 16:59:35 [INFO] 
2026-07-28 16:59:35 [INFO]   🔴 [91m[1mPT0002000078294957RQ[0m  [2m[Cluster 0][0m
2026-07-28 16:59:35 [INFO]      consumiu MAIS que o habitual às 14h
2026-07-28 16:59:35 [INFO]      [2mReal:[0m 20.0 kWh   [2mHabitual:[0m 5.0 ± 0.5 kWh   [2mz:[0m +10.00⁺   [2mdesvio:[0m +300%   [2m(2 obs. dia_util)[0m
2026-07-28 16:59:35 [INFO] 
2026-07-28 16:59:35 [INFO]   🔴 [91m[1mPT0002000078294957RQ[0m  [2m[Cluster 0][0m
2026-07-28 16:59:35 [INFO]      consumiu MAIS que o habitual às 15h
2026-07-28 16:59:35 [INFO]      [2mReal:[0m 17.0 kWh   [2mHabitual:[0m 4.5 ± 0.7 kWh   [2mz:[0m +10.00⁺   [2mdesvio:[0m +278%   [2m(2 obs. dia_util)[0m
2026-07-28 16:59:35 [INFO] 
2026-07-28 16:59:35 [INFO]   🔴 [91m[1mPT0002000078294957RQ[0m  [2m[Cluster 0][0m
2026-07-28 16:59:35 [INFO]      consumiu MAIS que o habitual às 17h
2026-07-28 16:59:35 [INFO]      [2mReal:[0m 14.0 kWh   [2mHabitual:[0m 4.5 ± 0.7 kWh   [2mz:[0m +10.00⁺   [2mdesvio:[0m +211%   [2m(2 obs. dia_util)[0m
2026-07-28 16:59:35 [INFO] 
2026-07-28 16:59:35 [INFO]   🔴 [91m[1mPT0002000081344542CP[0m  [2m[Cluster 1][0m
2026-07-28 16:59:35 [INFO]      consumiu MAIS que o habitual às 06h
2026-07-28 16:59:35 [INFO]      [2mReal:[0m 5.0 kWh   [2mHabitual:[0m 1.0 ± 0.3 kWh   [2mz:[0m +10.00⁺   [2mdesvio:[0m +400%   [2m(2 obs. dia_util)[0m
2026-07-28 16:59:35 [INFO] 
2026-07-28 16:59:35 [INFO]   🔴 [91m[1mPT0002000081344542CP[0m  [2m[Cluster 1][0m
2026-07-28 16:59:35 [INFO]      consumiu MAIS que o habitual às 08h
2026-07-28 16:59:35 [INFO]      [2mReal:[0m 6.0 kWh   [2mHabitual:[0m 1.0 ± 0.3 kWh   [2mz:[0m +10.00⁺   [2mdesvio:[0m +500%   [2m(2 obs. dia_util)[0m
2026-07-28 16:59:35 [INFO] 
2026-07-28 16:59:35 [INFO]   🔴 [91m[1mPT0002000081344542CP[0m  [2m[Cluster 1][0m
2026-07-28 16:59:35 [INFO]      consumiu MAIS que o habitual às 09h
2026-07-28 16:59:35 [INFO]      [2mReal:[0m 5.0 kWh   [2mHabitual:[0m 2.0 ± 0.3 kWh   [2mz:[0m +10.00   [2mdesvio:[0m +150%   [2m(2 obs. dia_util)[0m
2026-07-28 16:59:35 [INFO] 
2026-07-28 16:59:35 [INFO]   🔴 [91m[1mPT0002000081344542CP[0m  [2m[Cluster 1][0m
2026-07-28 16:59:35 [INFO]      consumiu MAIS que o habitual às 11h
2026-07-28 16:59:35 [INFO]      [2mReal:[0m 26.0 kWh   [2mHabitual:[0m 2.0 ± 0.3 kWh   [2mz:[0m +10.00⁺   [2mdesvio:[0m +1200%   [2m(2 obs. dia_util)[0m
2026-07-28 16:59:35 [INFO] 
2026-07-28 16:59:35 [INFO]   🔴 [91m[1mPT0002000081344542CP[0m  [2m[Cluster 1][0m
2026-07-28 16:59:35 [INFO]      consumiu MAIS que o habitual às 15h
2026-07-28 16:59:35 [INFO]      [2mReal:[0m 5.0 kWh   [2mHabitual:[0m 2.0 ± 0.3 kWh   [2mz:[0m +10.00   [2mdesvio:[0m +150%   [2m(2 obs. dia_util)[0m
2026-07-28 16:59:35 [INFO] 
2026-07-28 16:59:35 [INFO]   🔴 [91m[1mPT0002000081344542CP[0m  [2m[Cluster 1][0m
2026-07-28 16:59:35 [INFO]      consumiu MAIS que o habitual às 16h
2026-07-28 16:59:35 [INFO]      [2mReal:[0m 5.0 kWh   [2mHabitual:[0m 1.0 ± 0.3 kWh   [2mz:[0m +10.00⁺   [2mdesvio:[0m +400%   [2m(2 obs. dia_util)[0m
2026-07-28 16:59:35 [INFO] 
2026-07-28 16:59:35 [INFO]   🔴 [91m[1mPT0002000081344542CP[0m  [2m[Cluster 1][0m
2026-07-28 16:59:35 [INFO]      consumiu MAIS que o habitual às 17h
2026-07-28 16:59:35 [INFO]      [2mReal:[0m 8.0 kWh   [2mHabitual:[0m 2.0 ± 0.3 kWh   [2mz:[0m +10.00⁺   [2mdesvio:[0m +300%   [2m(2 obs. dia_util)[0m
2026-07-28 16:59:35 [INFO] 
2026-07-28 16:59:35 [INFO]   🔴 [91m[1mPT0002000101964938LF[0m  [2m[Cluster 0][0m
2026-07-28 16:59:35 [INFO]      consumiu MAIS que o habitual às 07h
2026-07-28 16:59:35 [INFO]      [2mReal:[0m 22.0 kWh   [2mHabitual:[0m 10.0 ± 1.0 kWh   [2mz:[0m +10.00⁺   [2mdesvio:[0m +120%   [2m(2 obs. dia_util)[0m
2026-07-28 16:59:35 [INFO] 
2026-07-28 16:59:35 [INFO]   🔴 [91m[1mPT0002000101964938LF[0m  [2m[Cluster 0][0m
2026-07-28 16:59:35 [INFO]      consumiu MAIS que o habitual às 12h
2026-07-28 16:59:35 [INFO]      [2mReal:[0m 68.0 kWh   [2mHabitual:[0m 13.0 ± 4.2 kWh   [2mz:[0m +10.00⁺   [2mdesvio:[0m +423%   [2m(2 obs. dia_util)[0m
2026-07-28 16:59:35 [INFO] 
2026-07-28 16:59:35 [INFO]   🔴 [91m[1mPT0002000101964938LF[0m  [2m[Cluster 0][0m
2026-07-28 16:59:35 [INFO]      consumiu MAIS que o habitual às 13h
2026-07-28 16:59:35 [INFO]      [2mReal:[0m 73.0 kWh   [2mHabitual:[0m 12.0 ± 2.8 kWh   [2mz:[0m +10.00⁺   [2mdesvio:[0m +508%   [2m(2 obs. dia_util)[0m
2026-07-28 16:59:35 [INFO] 
2026-07-28 16:59:35 [INFO]   🔴 [91m[1mPT0002000101964938LF[0m  [2m[Cluster 0][0m
2026-07-28 16:59:35 [INFO]      consumiu MAIS que o habitual às 14h
2026-07-28 16:59:35 [INFO]      [2mReal:[0m 66.0 kWh   [2mHabitual:[0m 13.0 ± 2.8 kWh   [2mz:[0m +10.00⁺   [2mdesvio:[0m +408%   [2m(2 obs. dia_util)[0m
2026-07-28 16:59:35 [INFO] 
2026-07-28 16:59:35 [INFO]   🔴 [91m[1mPT0002000101964938LF[0m  [2m[Cluster 0][0m
2026-07-28 16:59:35 [INFO]      consumiu MAIS que o habitual às 15h
2026-07-28 16:59:35 [INFO]      [2mReal:[0m 63.0 kWh   [2mHabitual:[0m 12.0 ± 2.8 kWh   [2mz:[0m +10.00⁺   [2mdesvio:[0m +425%   [2m(2 obs. dia_util)[0m
2026-07-28 16:59:35 [INFO] 
2026-07-28 16:59:35 [INFO]   🔴 [91m[1mPT0002000101964938LF[0m  [2m[Cluster 0][0m
2026-07-28 16:59:35 [INFO]      consumiu MAIS que o habitual às 16h
2026-07-28 16:59:35 [INFO]      [2mReal:[0m 65.0 kWh   [2mHabitual:[0m 12.5 ± 2.1 kWh   [2mz:[0m +10.00⁺   [2mdesvio:[0m +420%   [2m(2 obs. dia_util)[0m
2026-07-28 16:59:35 [INFO] 
2026-07-28 16:59:35 [INFO]   🔴 [91m[1mPT0002000101964938LF[0m  [2m[Cluster 0][0m
2026-07-28 16:59:35 [INFO]      consumiu MAIS que o habitual às 17h
2026-07-28 16:59:35 [INFO]      [2mReal:[0m 63.0 kWh   [2mHabitual:[0m 12.0 ± 2.8 kWh   [2mz:[0m +10.00⁺   [2mdesvio:[0m +425%   [2m(2 obs. dia_util)[0m
2026-07-28 16:59:35 [INFO] 
2026-07-28 16:59:35 [INFO]   🔴 [91m[1mPT0002000101964938LF[0m  [2m[Cluster 0][0m
2026-07-28 16:59:35 [INFO]      consumiu MAIS que o habitual às 18h
2026-07-28 16:59:35 [INFO]      [2mReal:[0m 55.0 kWh   [2mHabitual:[0m 12.5 ± 2.1 kWh   [2mz:[0m +10.00⁺   [2mdesvio:[0m +340%   [2m(2 obs. dia_util)[0m
2026-07-28 16:59:35 [INFO] 
2026-07-28 16:59:35 [INFO]   🔴 [91m[1mPT0002000101964938LF[0m  [2m[Cluster 0][0m
2026-07-28 16:59:35 [INFO]      consumiu MAIS que o habitual às 19h
2026-07-28 16:59:35 [INFO]      [2mReal:[0m 48.0 kWh   [2mHabitual:[0m 11.5 ± 2.1 kWh   [2mz:[0m +10.00⁺   [2mdesvio:[0m +317%   [2m(2 obs. dia_util)[0m
2026-07-28 16:59:35 [INFO] 
2026-07-28 16:59:35 [INFO]   🔴 [91m[1mPT0002000102936404ME[0m  [2m[Cluster 1][0m
2026-07-28 16:59:35 [INFO]      consumiu MAIS que o habitual às 00h
2026-07-28 16:59:35 [INFO]      [2mReal:[0m 36.0 kWh   [2mHabitual:[0m 16.5 ± 1.6 kWh   [2mz:[0m +10.00⁺   [2mdesvio:[0m +118%   [2m(2 obs. dia_util)[0m
2026-07-28 16:59:35 [INFO] 
2026-07-28 16:59:35 [INFO]   🔴 [91m[1mPT0002000107046231FW[0m  [2m[Cluster 0][0m
2026-07-28 16:59:35 [INFO]      consumiu MAIS que o habitual às 08h
2026-07-28 16:59:35 [INFO]      [2mReal:[0m 22.0 kWh   [2mHabitual:[0m 4.0 ± 0.4 kWh   [2mz:[0m +10.00⁺   [2mdesvio:[0m +450%   [2m(2 obs. dia_util)[0m
2026-07-28 16:59:35 [INFO] 
2026-07-28 16:59:35 [INFO]   🔴 [91m[1mPT0002000107046231FW[0m  [2m[Cluster 0][0m
2026-07-28 16:59:35 [INFO]      consumiu MAIS que o habitual às 09h
2026-07-28 16:59:35 [INFO]      [2mReal:[0m 22.0 kWh   [2mHabitual:[0m 3.5 ± 0.7 kWh   [2mz:[0m +10.00⁺   [2mdesvio:[0m +529%   [2m(2 obs. dia_util)[0m
2026-07-28 16:59:35 [INFO] 
2026-07-28 16:59:35 [INFO]   🔴 [91m[1mPT0002000107046231FW[0m  [2m[Cluster 0][0m
2026-07-28 16:59:35 [INFO]      consumiu MAIS que o habitual às 10h
2026-07-28 16:59:35 [INFO]      [2mReal:[0m 45.0 kWh   [2mHabitual:[0m 3.0 ± 0.3 kWh   [2mz:[0m +10.00⁺   [2mdesvio:[0m +1400%   [2m(2 obs. dia_util)[0m
2026-07-28 16:59:35 [INFO] 
2026-07-28 16:59:35 [INFO]   🔴 [91m[1mPT0002000107046231FW[0m  [2m[Cluster 0][0m
2026-07-28 16:59:35 [INFO]      consumiu MAIS que o habitual às 11h
2026-07-28 16:59:35 [INFO]      [2mReal:[0m 49.0 kWh   [2mHabitual:[0m 1.5 ± 0.7 kWh   [2mz:[0m +10.00⁺   [2mdesvio:[0m +3167%   [2m(2 obs. dia_util)[0m
2026-07-28 16:59:35 [INFO] 
2026-07-28 16:59:35 [INFO]   🔴 [91m[1mPT0002000107046231FW[0m  [2m[Cluster 0][0m
2026-07-28 16:59:35 [INFO]      consumiu MAIS que o habitual às 12h
2026-07-28 16:59:35 [INFO]      [2mReal:[0m 46.0 kWh   [2mHabitual:[0m 2.0 ± 0.3 kWh   [2mz:[0m +10.00⁺   [2mdesvio:[0m +2200%   [2m(2 obs. dia_util)[0m
2026-07-28 16:59:35 [INFO] 
2026-07-28 16:59:35 [INFO]   🔴 [91m[1mPT0002000107046231FW[0m  [2m[Cluster 0][0m
2026-07-28 16:59:35 [INFO]      consumiu MAIS que o habitual às 13h
2026-07-28 16:59:35 [INFO]      [2mReal:[0m 48.0 kWh   [2mHabitual:[0m 2.0 ± 0.3 kWh   [2mz:[0m +10.00⁺   [2mdesvio:[0m +2300%   [2m(2 obs. dia_util)[0m
2026-07-28 16:59:35 [INFO] 
2026-07-28 16:59:35 [INFO]   🔴 [91m[1mPT0002000107046231FW[0m  [2m[Cluster 0][0m
2026-07-28 16:59:35 [INFO]      consumiu MAIS que o habitual às 14h
2026-07-28 16:59:35 [INFO]      [2mReal:[0m 44.0 kWh   [2mHabitual:[0m 2.5 ± 0.7 kWh   [2mz:[0m +10.00⁺   [2mdesvio:[0m +1660%   [2m(2 obs. dia_util)[0m
2026-07-28 16:59:35 [INFO] 
2026-07-28 16:59:35 [INFO]   🔴 [91m[1mPT0002000107046231FW[0m  [2m[Cluster 0][0m
2026-07-28 16:59:35 [INFO]      consumiu MAIS que o habitual às 15h
2026-07-28 16:59:35 [INFO]      [2mReal:[0m 33.0 kWh   [2mHabitual:[0m 3.0 ± 0.3 kWh   [2mz:[0m +10.00⁺   [2mdesvio:[0m +1000%   [2m(2 obs. dia_util)[0m
2026-07-28 16:59:35 [INFO] 
2026-07-28 16:59:35 [INFO]   🔴 [91m[1mPT0002000107046231FW[0m  [2m[Cluster 0][0m
2026-07-28 16:59:35 [INFO]      consumiu MAIS que o habitual às 16h
2026-07-28 16:59:35 [INFO]      [2mReal:[0m 23.0 kWh   [2mHabitual:[0m 2.5 ± 0.7 kWh   [2mz:[0m +10.00⁺   [2mdesvio:[0m +820%   [2m(2 obs. dia_util)[0m
2026-07-28 16:59:35 [INFO] 
2026-07-28 16:59:35 [INFO]   🔴 [91m[1mPT0002000107046231FW[0m  [2m[Cluster 0][0m
2026-07-28 16:59:35 [INFO]      consumiu MAIS que o habitual às 17h
2026-07-28 16:59:35 [INFO]      [2mReal:[0m 14.0 kWh   [2mHabitual:[0m 2.0 ± 0.3 kWh   [2mz:[0m +10.00⁺   [2mdesvio:[0m +600%   [2m(2 obs. dia_util)[0m
2026-07-28 16:59:35 [INFO] 
2026-07-28 16:59:35 [INFO]   🔴 [91m[1mPT0002000109837807PE[0m  [2m[Cluster 1][0m
2026-07-28 16:59:35 [INFO]      consumiu MAIS que o habitual às 16h
2026-07-28 16:59:35 [INFO]      [2mReal:[0m 6.0 kWh   [2mHabitual:[0m 3.0 ± 0.3 kWh   [2mz:[0m +10.00   [2mdesvio:[0m +100%   [2m(2 obs. dia_util)[0m
2026-07-28 16:59:35 [INFO] 
2026-07-28 16:59:35 [INFO]   🔴 [91m[1mPT0002000109837807PE[0m  [2m[Cluster 1][0m
2026-07-28 16:59:35 [INFO]      consumiu MAIS que o habitual às 17h
2026-07-28 16:59:35 [INFO]      [2mReal:[0m 7.0 kWh   [2mHabitual:[0m 3.0 ± 0.3 kWh   [2mz:[0m +10.00⁺   [2mdesvio:[0m +133%   [2m(2 obs. dia_util)[0m
2026-07-28 16:59:35 [INFO] 
2026-07-28 16:59:35 [INFO]   🔴 [91m[1mPT0002000109837807PE[0m  [2m[Cluster 1][0m
2026-07-28 16:59:35 [INFO]      consumiu MAIS que o habitual às 18h
2026-07-28 16:59:35 [INFO]      [2mReal:[0m 26.0 kWh   [2mHabitual:[0m 3.5 ± 0.7 kWh   [2mz:[0m +10.00⁺   [2mdesvio:[0m +643%   [2m(2 obs. dia_util)[0m
2026-07-28 16:59:35 [INFO] 
2026-07-28 16:59:35 [INFO]   🔴 [91m[1mPT0002000109837807PE[0m  [2m[Cluster 1][0m
2026-07-28 16:59:35 [INFO]      consumiu MAIS que o habitual às 19h
2026-07-28 16:59:35 [INFO]      [2mReal:[0m 33.0 kWh   [2mHabitual:[0m 5.5 ± 0.7 kWh   [2mz:[0m +10.00⁺   [2mdesvio:[0m +500%   [2m(2 obs. dia_util)[0m
2026-07-28 16:59:35 [INFO] 
2026-07-28 16:59:35 [INFO]   🔴 [91m[1mPT0002000109837807PE[0m  [2m[Cluster 1][0m
2026-07-28 16:59:35 [INFO]      consumiu MAIS que o habitual às 20h
2026-07-28 16:59:35 [INFO]      [2mReal:[0m 30.0 kWh   [2mHabitual:[0m 7.0 ± 0.7 kWh   [2mz:[0m +10.00⁺   [2mdesvio:[0m +329%   [2m(2 obs. dia_util)[0m
2026-07-28 16:59:35 [INFO] 
2026-07-28 16:59:35 [INFO]   🔴 [91m[1mPT0002000110090564GD[0m  [2m[Cluster 1][0m
2026-07-28 16:59:35 [INFO]      consumiu MAIS que o habitual às 09h
2026-07-28 16:59:35 [INFO]      [2mReal:[0m 15.0 kWh   [2mHabitual:[0m 4.5 ± 0.7 kWh   [2mz:[0m +10.00⁺   [2mdesvio:[0m +233%   [2m(2 obs. dia_util)[0m
2026-07-28 16:59:35 [INFO] 
2026-07-28 16:59:35 [INFO]   🔴 [91m[1mPT0002000110090564GD[0m  [2m[Cluster 1][0m
2026-07-28 16:59:35 [INFO]      consumiu MAIS que o habitual às 10h
2026-07-28 16:59:35 [INFO]      [2mReal:[0m 16.0 kWh   [2mHabitual:[0m 5.0 ± 0.5 kWh   [2mz:[0m +10.00⁺   [2mdesvio:[0m +220%   [2m(2 obs. dia_util)[0m
2026-07-28 16:59:35 [INFO] 
2026-07-28 16:59:35 [INFO]   🔴 [91m[1mPT0002000110090564GD[0m  [2m[Cluster 1][0m
2026-07-28 16:59:35 [INFO]      consumiu MAIS que o habitual às 11h
2026-07-28 16:59:35 [INFO]      [2mReal:[0m 13.0 kWh   [2mHabitual:[0m 5.0 ± 0.5 kWh   [2mz:[0m +10.00⁺   [2mdesvio:[0m +160%   [2m(2 obs. dia_util)[0m
2026-07-28 16:59:35 [INFO] 
2026-07-28 16:59:35 [INFO]   🔴 [91m[1mPT0002000110090564GD[0m  [2m[Cluster 1][0m
2026-07-28 16:59:35 [INFO]      consumiu MAIS que o habitual às 18h
2026-07-28 16:59:35 [INFO]      [2mReal:[0m 32.0 kWh   [2mHabitual:[0m 5.0 ± 0.5 kWh   [2mz:[0m +10.00⁺   [2mdesvio:[0m +540%   [2m(2 obs. dia_util)[0m
2026-07-28 16:59:35 [INFO] 
2026-07-28 16:59:35 [INFO]   🔴 [91m[1mPT0002000110090564GD[0m  [2m[Cluster 1][0m
2026-07-28 16:59:35 [INFO]      consumiu MAIS que o habitual às 19h
2026-07-28 16:59:35 [INFO]      [2mReal:[0m 44.0 kWh   [2mHabitual:[0m 4.5 ± 0.7 kWh   [2mz:[0m +10.00⁺   [2mdesvio:[0m +878%   [2m(2 obs. dia_util)[0m
2026-07-28 16:59:35 [INFO] 
2026-07-28 16:59:35 [INFO]   🔴 [91m[1mPT0002000110090564GD[0m  [2m[Cluster 1][0m
2026-07-28 16:59:35 [INFO]      consumiu MAIS que o habitual às 20h
2026-07-28 16:59:35 [INFO]      [2mReal:[0m 43.0 kWh   [2mHabitual:[0m 4.5 ± 0.7 kWh   [2mz:[0m +10.00⁺   [2mdesvio:[0m +856%   [2m(2 obs. dia_util)[0m
2026-07-28 16:59:35 [INFO] 
2026-07-28 16:59:35 [INFO]   🔴 [91m[1mPT0002000110090564GD[0m  [2m[Cluster 1][0m
2026-07-28 16:59:35 [INFO]      consumiu MAIS que o habitual às 21h
2026-07-28 16:59:35 [INFO]      [2mReal:[0m 33.0 kWh   [2mHabitual:[0m 4.3 ± 1.1 kWh   [2mz:[0m +10.00⁺   [2mdesvio:[0m +662%   [2m(3 obs. dia_util)[0m
2026-07-28 16:59:35 [INFO] 
2026-07-28 16:59:35 [INFO]   🔴 [91m[1mPT0002000110090564GD[0m  [2m[Cluster 1][0m
2026-07-28 16:59:35 [INFO]      consumiu MAIS que o habitual às 22h
2026-07-28 16:59:35 [INFO]      [2mReal:[0m 35.0 kWh   [2mHabitual:[0m 5.0 ± 0.5 kWh   [2mz:[0m +10.00⁺   [2mdesvio:[0m +600%   [2m(3 obs. dia_util)[0m
2026-07-28 16:59:35 [INFO] 
2026-07-28 16:59:35 [INFO]   🔴 [91m[1mPT0002000110090564GD[0m  [2m[Cluster 1][0m
2026-07-28 16:59:35 [INFO]      consumiu MAIS que o habitual às 23h
2026-07-28 16:59:35 [INFO]      [2mReal:[0m 28.0 kWh   [2mHabitual:[0m 4.7 ± 0.6 kWh   [2mz:[0m +10.00⁺   [2mdesvio:[0m +500%   [2m(3 obs. dia_util)[0m
2026-07-28 16:59:35 [INFO] 
2026-07-28 16:59:35 [INFO]   🔴 [91m[1mPT0002000110607652SB[0m  [2m[Cluster 0][0m
2026-07-28 16:59:35 [INFO]      consumiu MAIS que o habitual às 07h
2026-07-28 16:59:35 [INFO]      [2mReal:[0m 36.0 kWh   [2mHabitual:[0m 8.0 ± 0.8 kWh   [2mz:[0m +10.00⁺   [2mdesvio:[0m +350%   [2m(2 obs. dia_util)[0m
2026-07-28 16:59:35 [INFO] 
2026-07-28 16:59:35 [INFO]   🔴 [91m[1mPT0002000110607652SB[0m  [2m[Cluster 0][0m
2026-07-28 16:59:35 [INFO]      consumiu MAIS que o habitual às 08h
2026-07-28 16:59:35 [INFO]      [2mReal:[0m 76.0 kWh   [2mHabitual:[0m 8.0 ± 0.8 kWh   [2mz:[0m +10.00⁺   [2mdesvio:[0m +850%   [2m(2 obs. dia_util)[0m
2026-07-28 16:59:35 [INFO] 
2026-07-28 16:59:35 [INFO]   🔴 [91m[1mPT0002000110607652SB[0m  [2m[Cluster 0][0m
2026-07-28 16:59:35 [INFO]      consumiu MAIS que o habitual às 09h
2026-07-28 16:59:35 [INFO]      [2mReal:[0m 80.0 kWh   [2mHabitual:[0m 10.0 ± 2.8 kWh   [2mz:[0m +10.00⁺   [2mdesvio:[0m +700%   [2m(2 obs. dia_util)[0m
2026-07-28 16:59:35 [INFO] 
2026-07-28 16:59:35 [INFO]   🔴 [91m[1mPT0002000110607652SB[0m  [2m[Cluster 0][0m
2026-07-28 16:59:35 [INFO]      consumiu MAIS que o habitual às 10h
2026-07-28 16:59:35 [INFO]      [2mReal:[0m 84.0 kWh   [2mHabitual:[0m 8.0 ± 0.8 kWh   [2mz:[0m +10.00⁺   [2mdesvio:[0m +950%   [2m(2 obs. dia_util)[0m
2026-07-28 16:59:35 [INFO] 
2026-07-28 16:59:35 [INFO]   🔴 [91m[1mPT0002000110607652SB[0m  [2m[Cluster 0][0m
2026-07-28 16:59:35 [INFO]      consumiu MAIS que o habitual às 11h
2026-07-28 16:59:35 [INFO]      [2mReal:[0m 88.0 kWh   [2mHabitual:[0m 8.0 ± 0.8 kWh   [2mz:[0m +10.00⁺   [2mdesvio:[0m +1000%   [2m(2 obs. dia_util)[0m
2026-07-28 16:59:35 [INFO] 
2026-07-28 16:59:35 [INFO]   🔴 [91m[1mPT0002000110607652SB[0m  [2m[Cluster 0][0m
2026-07-28 16:59:35 [INFO]      consumiu MAIS que o habitual às 12h
2026-07-28 16:59:35 [INFO]      [2mReal:[0m 84.0 kWh   [2mHabitual:[0m 10.0 ± 2.8 kWh   [2mz:[0m +10.00⁺   [2mdesvio:[0m +740%   [2m(2 obs. dia_util)[0m
2026-07-28 16:59:35 [INFO] 
2026-07-28 16:59:35 [INFO]   🔴 [91m[1mPT0002000110607652SB[0m  [2m[Cluster 0][0m
2026-07-28 16:59:35 [INFO]      consumiu MAIS que o habitual às 13h
2026-07-28 16:59:35 [INFO]      [2mReal:[0m 96.0 kWh   [2mHabitual:[0m 6.0 ± 2.8 kWh   [2mz:[0m +10.00⁺   [2mdesvio:[0m +1500%   [2m(2 obs. dia_util)[0m
2026-07-28 16:59:35 [INFO] 
2026-07-28 16:59:35 [INFO]   🔴 [91m[1mPT0002000110607652SB[0m  [2m[Cluster 0][0m
2026-07-28 16:59:35 [INFO]      consumiu MAIS que o habitual às 14h
2026-07-28 16:59:35 [INFO]      [2mReal:[0m 100.0 kWh   [2mHabitual:[0m 10.0 ± 2.8 kWh   [2mz:[0m +10.00⁺   [2mdesvio:[0m +900%   [2m(2 obs. dia_util)[0m
2026-07-28 16:59:35 [INFO] 
2026-07-28 16:59:35 [INFO]   🔴 [91m[1mPT0002000110607652SB[0m  [2m[Cluster 0][0m
2026-07-28 16:59:35 [INFO]      consumiu MAIS que o habitual às 15h
2026-07-28 16:59:35 [INFO]      [2mReal:[0m 88.0 kWh   [2mHabitual:[0m 8.0 ± 0.8 kWh   [2mz:[0m +10.00⁺   [2mdesvio:[0m +1000%   [2m(2 obs. dia_util)[0m
2026-07-28 16:59:35 [INFO] 
2026-07-28 16:59:35 [INFO]   🔴 [91m[1mPT0002000110607652SB[0m  [2m[Cluster 0][0m
2026-07-28 16:59:35 [INFO]      consumiu MAIS que o habitual às 16h
2026-07-28 16:59:35 [INFO]      [2mReal:[0m 84.0 kWh   [2mHabitual:[0m 8.0 ± 0.8 kWh   [2mz:[0m +10.00⁺   [2mdesvio:[0m +950%   [2m(2 obs. dia_util)[0m
2026-07-28 16:59:35 [INFO] 
2026-07-28 16:59:35 [INFO]   🔴 [91m[1mPT0002000110607652SB[0m  [2m[Cluster 0][0m
2026-07-28 16:59:35 [INFO]      consumiu MAIS que o habitual às 17h
2026-07-28 16:59:35 [INFO]      [2mReal:[0m 80.0 kWh   [2mHabitual:[0m 10.0 ± 2.8 kWh   [2mz:[0m +10.00⁺   [2mdesvio:[0m +700%   [2m(2 obs. dia_util)[0m
2026-07-28 16:59:35 [INFO] 
2026-07-28 16:59:35 [INFO]   🔴 [91m[1mPT0002000110607652SB[0m  [2m[Cluster 0][0m
2026-07-28 16:59:35 [INFO]      consumiu MAIS que o habitual às 18h
2026-07-28 16:59:35 [INFO]      [2mReal:[0m 72.0 kWh   [2mHabitual:[0m 8.0 ± 5.7 kWh   [2mz:[0m +10.00⁺   [2mdesvio:[0m +800%   [2m(2 obs. dia_util)[0m
2026-07-28 16:59:35 [INFO] 
2026-07-28 16:59:35 [INFO]   🔴 [91m[1mPT0002000110607652SB[0m  [2m[Cluster 0][0m
2026-07-28 16:59:35 [INFO]      consumiu MAIS que o habitual às 19h
2026-07-28 16:59:35 [INFO]      [2mReal:[0m 60.0 kWh   [2mHabitual:[0m 8.0 ± 0.8 kWh   [2mz:[0m +10.00⁺   [2mdesvio:[0m +650%   [2m(2 obs. dia_util)[0m
2026-07-28 16:59:35 [INFO] 
2026-07-28 16:59:35 [INFO]   🔴 [91m[1mPT0002000111572054VT[0m  [2m[Cluster 0 (atribuido)][0m
2026-07-28 16:59:35 [INFO]      consumiu MAIS que o habitual às 10h
2026-07-28 16:59:35 [INFO]      [2mReal:[0m 3.0 kWh   [2mHabitual:[0m 0.0 ± 0.3 kWh   [2mz:[0m +10.00   [2mdesvio:[0m +300000%   [2m(2 obs. dia_util)[0m
2026-07-28 16:59:35 [INFO] 
2026-07-28 16:59:35 [INFO]   🔴 [91m[1mPT0002000111572054VT[0m  [2m[Cluster 0 (atribuido)][0m
2026-07-28 16:59:35 [INFO]      consumiu MAIS que o habitual às 15h
2026-07-28 16:59:35 [INFO]      [2mReal:[0m 13.0 kWh   [2mHabitual:[0m 0.0 ± 0.3 kWh   [2mz:[0m +10.00⁺   [2mdesvio:[0m +1300000%   [2m(2 obs. dia_util)[0m
2026-07-28 16:59:35 [INFO] 
2026-07-28 16:59:35 [INFO]   🔴 [91m[1mPT0002000111572054VT[0m  [2m[Cluster 0 (atribuido)][0m
2026-07-28 16:59:35 [INFO]      consumiu MAIS que o habitual às 16h
2026-07-28 16:59:35 [INFO]      [2mReal:[0m 33.0 kWh   [2mHabitual:[0m 0.0 ± 0.3 kWh   [2mz:[0m +10.00⁺   [2mdesvio:[0m +3300000%   [2m(2 obs. dia_util)[0m
2026-07-28 16:59:35 [INFO] 
2026-07-28 16:59:35 [INFO]   🔴 [91m[1mPT0002000111572054VT[0m  [2m[Cluster 0 (atribuido)][0m
2026-07-28 16:59:35 [INFO]      consumiu MAIS que o habitual às 17h
2026-07-28 16:59:35 [INFO]      [2mReal:[0m 23.0 kWh   [2mHabitual:[0m 0.0 ± 0.3 kWh   [2mz:[0m +10.00⁺   [2mdesvio:[0m +2300000%   [2m(2 obs. dia_util)[0m
2026-07-28 16:59:35 [INFO] 
2026-07-28 16:59:35 [INFO]   🔴 [91m[1mPT0002000111572054VT[0m  [2m[Cluster 0 (atribuido)][0m
2026-07-28 16:59:35 [INFO]      consumiu MAIS que o habitual às 18h
2026-07-28 16:59:35 [INFO]      [2mReal:[0m 35.0 kWh   [2mHabitual:[0m 0.0 ± 0.3 kWh   [2mz:[0m +10.00⁺   [2mdesvio:[0m +3500000%   [2m(2 obs. dia_util)[0m
2026-07-28 16:59:35 [INFO] 
2026-07-28 16:59:35 [INFO]   🔴 [91m[1mPT0002000111572054VT[0m  [2m[Cluster 0 (atribuido)][0m
2026-07-28 16:59:35 [INFO]      consumiu MAIS que o habitual às 19h
2026-07-28 16:59:35 [INFO]      [2mReal:[0m 45.0 kWh   [2mHabitual:[0m 3.0 ± 1.4 kWh   [2mz:[0m +10.00⁺   [2mdesvio:[0m +1400%   [2m(2 obs. dia_util)[0m
2026-07-28 16:59:35 [INFO] 
2026-07-28 16:59:35 [INFO]   🔴 [91m[1mPT0002000111572054VT[0m  [2m[Cluster 0 (atribuido)][0m
2026-07-28 16:59:35 [INFO]      consumiu MAIS que o habitual às 20h
2026-07-28 16:59:35 [INFO]      [2mReal:[0m 21.0 kWh   [2mHabitual:[0m 10.5 ± 1.1 kWh   [2mz:[0m +10.00   [2mdesvio:[0m +100%   [2m(2 obs. dia_util)[0m
2026-07-28 16:59:35 [INFO] 
2026-07-28 16:59:35 [INFO]   🔴 [91m[1mPT0002000112989585PH[0m  [2m[Cluster 0][0m
2026-07-28 16:59:35 [INFO]      consumiu MAIS que o habitual às 14h
2026-07-28 16:59:35 [INFO]      [2mReal:[0m 30.0 kWh   [2mHabitual:[0m 1.0 ± 1.4 kWh   [2mz:[0m +10.00⁺   [2mdesvio:[0m +2900%   [2m(2 obs. dia_util)[0m
2026-07-28 16:59:35 [INFO] 
2026-07-28 16:59:35 [INFO]   🔴 [91m[1mPT0002000112989585PH[0m  [2m[Cluster 0][0m
2026-07-28 16:59:35 [INFO]      consumiu MAIS que o habitual às 15h
2026-07-28 16:59:35 [INFO]      [2mReal:[0m 54.0 kWh   [2mHabitual:[0m 4.5 ± 2.1 kWh   [2mz:[0m +10.00⁺   [2mdesvio:[0m +1100%   [2m(2 obs. dia_util)[0m
2026-07-28 16:59:35 [INFO] 
2026-07-28 16:59:35 [INFO]   🔴 [91m[1mPT0002000112989585PH[0m  [2m[Cluster 0][0m
2026-07-28 16:59:35 [INFO]      consumiu MAIS que o habitual às 16h
2026-07-28 16:59:35 [INFO]      [2mReal:[0m 68.0 kWh   [2mHabitual:[0m 23.5 ± 3.5 kWh   [2mz:[0m +10.00⁺   [2mdesvio:[0m +189%   [2m(2 obs. dia_util)[0m
2026-07-28 16:59:35 [INFO] 
2026-07-28 16:59:35 [INFO]   🔴 [91m[1mPT0002000114613364CC[0m  [2m[Cluster 0 (atribuido)][0m
2026-07-28 16:59:35 [INFO]      consumiu MAIS que o habitual às 08h
2026-07-28 16:59:35 [INFO]      [2mReal:[0m 273.0 kWh   [2mHabitual:[0m 120.5 ± 12.1 kWh   [2mz:[0m +10.00⁺   [2mdesvio:[0m +127%   [2m(2 obs. dia_util)[0m
2026-07-28 16:59:35 [INFO] 
2026-07-28 16:59:35 [INFO]   🔴 [91m[1mPT0002000114613364CC[0m  [2m[Cluster 0 (atribuido)][0m
2026-07-28 16:59:35 [INFO]      consumiu MAIS que o habitual às 09h
2026-07-28 16:59:35 [INFO]      [2mReal:[0m 299.0 kWh   [2mHabitual:[0m 126.5 ± 12.7 kWh   [2mz:[0m +10.00⁺   [2mdesvio:[0m +136%   [2m(2 obs. dia_util)[0m
2026-07-28 16:59:35 [INFO] 
2026-07-28 16:59:35 [INFO]   🔴 [91m[1mPT0002000114613364CC[0m  [2m[Cluster 0 (atribuido)][0m
2026-07-28 16:59:35 [INFO]      consumiu MAIS que o habitual às 10h
2026-07-28 16:59:35 [INFO]      [2mReal:[0m 300.0 kWh   [2mHabitual:[0m 129.5 ± 12.9 kWh   [2mz:[0m +10.00⁺   [2mdesvio:[0m +132%   [2m(2 obs. dia_util)[0m
2026-07-28 16:59:35 [INFO] 
2026-07-28 16:59:35 [INFO]   🔴 [91m[1mPT0002000114613364CC[0m  [2m[Cluster 0 (atribuido)][0m
2026-07-28 16:59:35 [INFO]      consumiu MAIS que o habitual às 11h
2026-07-28 16:59:35 [INFO]      [2mReal:[0m 299.0 kWh   [2mHabitual:[0m 126.0 ± 12.6 kWh   [2mz:[0m +10.00⁺   [2mdesvio:[0m +137%   [2m(2 obs. dia_util)[0m
2026-07-28 16:59:35 [INFO] 
2026-07-28 16:59:35 [INFO]   🔴 [91m[1mPT0002000114613364CC[0m  [2m[Cluster 0 (atribuido)][0m
2026-07-28 16:59:35 [INFO]      consumiu MAIS que o habitual às 12h
2026-07-28 16:59:35 [INFO]      [2mReal:[0m 286.0 kWh   [2mHabitual:[0m 121.0 ± 12.1 kWh   [2mz:[0m +10.00⁺   [2mdesvio:[0m +136%   [2m(2 obs. dia_util)[0m
2026-07-28 16:59:35 [INFO] 
2026-07-28 16:59:35 [INFO]   🔴 [91m[1mPT0002000114613364CC[0m  [2m[Cluster 0 (atribuido)][0m
2026-07-28 16:59:35 [INFO]      consumiu MAIS que o habitual às 13h
2026-07-28 16:59:35 [INFO]      [2mReal:[0m 266.0 kWh   [2mHabitual:[0m 121.5 ± 12.2 kWh   [2mz:[0m +10.00⁺   [2mdesvio:[0m +119%   [2m(2 obs. dia_util)[0m
2026-07-28 16:59:35 [INFO] 
2026-07-28 16:59:35 [INFO]   🔴 [91m[1mPT0002000114613364CC[0m  [2m[Cluster 0 (atribuido)][0m
2026-07-28 16:59:35 [INFO]      consumiu MAIS que o habitual às 14h
2026-07-28 16:59:35 [INFO]      [2mReal:[0m 271.0 kWh   [2mHabitual:[0m 121.0 ± 12.1 kWh   [2mz:[0m +10.00⁺   [2mdesvio:[0m +124%   [2m(2 obs. dia_util)[0m
2026-07-28 16:59:35 [INFO] 
2026-07-28 16:59:35 [INFO]   🔴 [91m[1mPT0002000114613364CC[0m  [2m[Cluster 0 (atribuido)][0m
2026-07-28 16:59:35 [INFO]      consumiu MAIS que o habitual às 15h
2026-07-28 16:59:35 [INFO]      [2mReal:[0m 265.0 kWh   [2mHabitual:[0m 117.0 ± 11.7 kWh   [2mz:[0m +10.00⁺   [2mdesvio:[0m +126%   [2m(2 obs. dia_util)[0m
2026-07-28 16:59:35 [INFO] 
2026-07-28 16:59:35 [INFO]   🔴 [91m[1mPT0002000114613364CC[0m  [2m[Cluster 0 (atribuido)][0m
2026-07-28 16:59:35 [INFO]      consumiu MAIS que o habitual às 16h
2026-07-28 16:59:35 [INFO]      [2mReal:[0m 248.0 kWh   [2mHabitual:[0m 117.0 ± 11.7 kWh   [2mz:[0m +10.00⁺   [2mdesvio:[0m +112%   [2m(2 obs. dia_util)[0m
2026-07-28 16:59:35 [INFO] 
2026-07-28 16:59:35 [INFO]   🔴 [91m[1mPT0002000115031201VQ[0m  [2m[Cluster 0][0m
2026-07-28 16:59:35 [INFO]      consumiu MAIS que o habitual às 09h
2026-07-28 16:59:35 [INFO]      [2mReal:[0m 13.0 kWh   [2mHabitual:[0m 4.0 ± 0.4 kWh   [2mz:[0m +10.00⁺   [2mdesvio:[0m +225%   [2m(2 obs. dia_util)[0m
2026-07-28 16:59:35 [INFO] 
2026-07-28 16:59:35 [INFO]   🔴 [91m[1mPT0002000115031201VQ[0m  [2m[Cluster 0][0m
2026-07-28 16:59:35 [INFO]      consumiu MAIS que o habitual às 10h
2026-07-28 16:59:35 [INFO]      [2mReal:[0m 16.0 kWh   [2mHabitual:[0m 4.0 ± 0.4 kWh   [2mz:[0m +10.00⁺   [2mdesvio:[0m +300%   [2m(2 obs. dia_util)[0m
2026-07-28 16:59:35 [INFO] 
2026-07-28 16:59:35 [INFO]   🔴 [91m[1mPT0002000115031201VQ[0m  [2m[Cluster 0][0m
2026-07-28 16:59:35 [INFO]      consumiu MAIS que o habitual às 11h
2026-07-28 16:59:35 [INFO]      [2mReal:[0m 42.0 kWh   [2mHabitual:[0m 4.0 ± 0.4 kWh   [2mz:[0m +10.00⁺   [2mdesvio:[0m +950%   [2m(2 obs. dia_util)[0m
2026-07-28 16:59:35 [INFO] 
2026-07-28 16:59:35 [INFO]   🔴 [91m[1mPT0002000115031201VQ[0m  [2m[Cluster 0][0m
2026-07-28 16:59:35 [INFO]      consumiu MAIS que o habitual às 12h
2026-07-28 16:59:35 [INFO]      [2mReal:[0m 31.0 kWh   [2mHabitual:[0m 4.0 ± 0.4 kWh   [2mz:[0m +10.00⁺   [2mdesvio:[0m +675%   [2m(2 obs. dia_util)[0m
2026-07-28 16:59:35 [INFO] 
2026-07-28 16:59:35 [INFO]   🔴 [91m[1mPT0002000115031201VQ[0m  [2m[Cluster 0][0m
2026-07-28 16:59:35 [INFO]      consumiu MAIS que o habitual às 13h
2026-07-28 16:59:35 [INFO]      [2mReal:[0m 33.0 kWh   [2mHabitual:[0m 4.0 ± 0.4 kWh   [2mz:[0m +10.00⁺   [2mdesvio:[0m +725%   [2m(2 obs. dia_util)[0m
2026-07-28 16:59:35 [INFO] 
2026-07-28 16:59:35 [INFO]   🔴 [91m[1mPT0002000115031201VQ[0m  [2m[Cluster 0][0m
2026-07-28 16:59:35 [INFO]      consumiu MAIS que o habitual às 14h
2026-07-28 16:59:35 [INFO]      [2mReal:[0m 22.0 kWh   [2mHabitual:[0m 4.0 ± 0.4 kWh   [2mz:[0m +10.00⁺   [2mdesvio:[0m +450%   [2m(2 obs. dia_util)[0m
2026-07-28 16:59:35 [INFO] 
2026-07-28 16:59:35 [INFO]   🔴 [91m[1mPT0002000115031201VQ[0m  [2m[Cluster 0][0m
2026-07-28 16:59:35 [INFO]      consumiu MAIS que o habitual às 15h
2026-07-28 16:59:35 [INFO]      [2mReal:[0m 21.0 kWh   [2mHabitual:[0m 4.0 ± 0.4 kWh   [2mz:[0m +10.00⁺   [2mdesvio:[0m +425%   [2m(2 obs. dia_util)[0m
2026-07-28 16:59:35 [INFO] 
2026-07-28 16:59:35 [INFO]   🔴 [91m[1mPT0002000115031201VQ[0m  [2m[Cluster 0][0m
2026-07-28 16:59:35 [INFO]      consumiu MAIS que o habitual às 16h
2026-07-28 16:59:35 [INFO]      [2mReal:[0m 14.0 kWh   [2mHabitual:[0m 4.0 ± 0.4 kWh   [2mz:[0m +10.00⁺   [2mdesvio:[0m +250%   [2m(2 obs. dia_util)[0m
2026-07-28 16:59:35 [INFO] 
2026-07-28 16:59:35 [INFO]   🔴 [91m[1mPT0002000115031201VQ[0m  [2m[Cluster 0][0m
2026-07-28 16:59:35 [INFO]      consumiu MAIS que o habitual às 17h
2026-07-28 16:59:35 [INFO]      [2mReal:[0m 14.0 kWh   [2mHabitual:[0m 4.0 ± 0.4 kWh   [2mz:[0m +10.00⁺   [2mdesvio:[0m +250%   [2m(2 obs. dia_util)[0m
2026-07-28 16:59:35 [INFO] 
2026-07-28 16:59:35 [INFO]   🔴 [91m[1mPT0002000115673389QK[0m  [2m[Cluster 0][0m
2026-07-28 16:59:35 [INFO]      consumiu MAIS que o habitual às 08h
2026-07-28 16:59:35 [INFO]      [2mReal:[0m 50.0 kWh   [2mHabitual:[0m 22.0 ± 2.2 kWh   [2mz:[0m +10.00⁺   [2mdesvio:[0m +127%   [2m(2 obs. dia_util)[0m
2026-07-28 16:59:35 [INFO] 
2026-07-28 16:59:35 [INFO]   🔴 [91m[1mPT0002000115673389QK[0m  [2m[Cluster 0][0m
2026-07-28 16:59:35 [INFO]      consumiu MAIS que o habitual às 09h
2026-07-28 16:59:35 [INFO]      [2mReal:[0m 56.0 kWh   [2mHabitual:[0m 21.0 ± 2.1 kWh   [2mz:[0m +10.00⁺   [2mdesvio:[0m +167%   [2m(2 obs. dia_util)[0m
2026-07-28 16:59:35 [INFO] 
2026-07-28 16:59:35 [INFO]   🔴 [91m[1mPT0002000115673389QK[0m  [2m[Cluster 0][0m
2026-07-28 16:59:35 [INFO]      consumiu MAIS que o habitual às 10h
2026-07-28 16:59:35 [INFO]      [2mReal:[0m 87.0 kWh   [2mHabitual:[0m 22.0 ± 2.2 kWh   [2mz:[0m +10.00⁺   [2mdesvio:[0m +295%   [2m(2 obs. dia_util)[0m
2026-07-28 16:59:35 [INFO] 
2026-07-28 16:59:35 [INFO]   🔴 [91m[1mPT0002000115673389QK[0m  [2m[Cluster 0][0m
2026-07-28 16:59:35 [INFO]      consumiu MAIS que o habitual às 11h
2026-07-28 16:59:35 [INFO]      [2mReal:[0m 104.0 kWh   [2mHabitual:[0m 21.5 ± 2.1 kWh   [2mz:[0m +10.00⁺   [2mdesvio:[0m +384%   [2m(2 obs. dia_util)[0m
2026-07-28 16:59:35 [INFO] 
2026-07-28 16:59:35 [INFO]   🔴 [91m[1mPT0002000115673389QK[0m  [2m[Cluster 0][0m
2026-07-28 16:59:35 [INFO]      consumiu MAIS que o habitual às 12h
2026-07-28 16:59:35 [INFO]      [2mReal:[0m 123.0 kWh   [2mHabitual:[0m 21.0 ± 2.1 kWh   [2mz:[0m +10.00⁺   [2mdesvio:[0m +486%   [2m(2 obs. dia_util)[0m
2026-07-28 16:59:35 [INFO] 
2026-07-28 16:59:35 [INFO]   🔴 [91m[1mPT0002000115673389QK[0m  [2m[Cluster 0][0m
2026-07-28 16:59:35 [INFO]      consumiu MAIS que o habitual às 13h
2026-07-28 16:59:35 [INFO]      [2mReal:[0m 100.0 kWh   [2mHabitual:[0m 22.0 ± 2.2 kWh   [2mz:[0m +10.00⁺   [2mdesvio:[0m +355%   [2m(2 obs. dia_util)[0m
2026-07-28 16:59:35 [INFO] 
2026-07-28 16:59:35 [INFO]   🔴 [91m[1mPT0002000115673389QK[0m  [2m[Cluster 0][0m
2026-07-28 16:59:35 [INFO]      consumiu MAIS que o habitual às 14h
2026-07-28 16:59:35 [INFO]      [2mReal:[0m 88.0 kWh   [2mHabitual:[0m 21.0 ± 2.1 kWh   [2mz:[0m +10.00⁺   [2mdesvio:[0m +319%   [2m(2 obs. dia_util)[0m
2026-07-28 16:59:35 [INFO] 
2026-07-28 16:59:35 [INFO]   🔴 [91m[1mPT0002000115673389QK[0m  [2m[Cluster 0][0m
2026-07-28 16:59:35 [INFO]      consumiu MAIS que o habitual às 15h
2026-07-28 16:59:35 [INFO]      [2mReal:[0m 58.0 kWh   [2mHabitual:[0m 21.5 ± 2.1 kWh   [2mz:[0m +10.00⁺   [2mdesvio:[0m +170%   [2m(2 obs. dia_util)[0m
2026-07-28 16:59:35 [INFO] 
2026-07-28 16:59:35 [INFO]   🔴 [91m[1mPT0002000115673471CB[0m  [2m[Cluster 0][0m
2026-07-28 16:59:35 [INFO]      consumiu MAIS que o habitual às 00h
2026-07-28 16:59:35 [INFO]      [2mReal:[0m 20.0 kWh   [2mHabitual:[0m 9.5 ± 0.9 kWh   [2mz:[0m +10.00⁺   [2mdesvio:[0m +111%   [2m(2 obs. dia_util)[0m
2026-07-28 16:59:35 [INFO] 
2026-07-28 16:59:35 [INFO]   🔴 [91m[1mPT0002000115673471CB[0m  [2m[Cluster 0][0m
2026-07-28 16:59:35 [INFO]      consumiu MAIS que o habitual às 07h
2026-07-28 16:59:35 [INFO]      [2mReal:[0m 37.0 kWh   [2mHabitual:[0m 9.5 ± 0.9 kWh   [2mz:[0m +10.00⁺   [2mdesvio:[0m +289%   [2m(2 obs. dia_util)[0m
2026-07-28 16:59:35 [INFO] 
2026-07-28 16:59:35 [INFO]   🔴 [91m[1mPT0002000115673471CB[0m  [2m[Cluster 0][0m
2026-07-28 16:59:35 [INFO]      consumiu MAIS que o habitual às 08h
2026-07-28 16:59:35 [INFO]      [2mReal:[0m 40.0 kWh   [2mHabitual:[0m 9.5 ± 0.9 kWh   [2mz:[0m +10.00⁺   [2mdesvio:[0m +321%   [2m(2 obs. dia_util)[0m
2026-07-28 16:59:35 [INFO] 
2026-07-28 16:59:35 [INFO]   🔴 [91m[1mPT0002000115673471CB[0m  [2m[Cluster 0][0m
2026-07-28 16:59:35 [INFO]      consumiu MAIS que o habitual às 09h
2026-07-28 16:59:35 [INFO]      [2mReal:[0m 45.0 kWh   [2mHabitual:[0m 10.5 ± 1.1 kWh   [2mz:[0m +10.00⁺   [2mdesvio:[0m +329%   [2m(2 obs. dia_util)[0m
2026-07-28 16:59:35 [INFO] 
2026-07-28 16:59:35 [INFO]   🔴 [91m[1mPT0002000115673471CB[0m  [2m[Cluster 0][0m
2026-07-28 16:59:35 [INFO]      consumiu MAIS que o habitual às 11h
2026-07-28 16:59:35 [INFO]      [2mReal:[0m 42.0 kWh   [2mHabitual:[0m 10.0 ± 1.0 kWh   [2mz:[0m +10.00⁺   [2mdesvio:[0m +320%   [2m(2 obs. dia_util)[0m
2026-07-28 16:59:35 [INFO] 
2026-07-28 16:59:35 [INFO]   🔴 [91m[1mPT0002000115673471CB[0m  [2m[Cluster 0][0m
2026-07-28 16:59:35 [INFO]      consumiu MAIS que o habitual às 12h
2026-07-28 16:59:35 [INFO]      [2mReal:[0m 53.0 kWh   [2mHabitual:[0m 9.5 ± 0.9 kWh   [2mz:[0m +10.00⁺   [2mdesvio:[0m +458%   [2m(2 obs. dia_util)[0m
2026-07-28 16:59:35 [INFO] 
2026-07-28 16:59:35 [INFO]   🔴 [91m[1mPT0002000115673471CB[0m  [2m[Cluster 0][0m
2026-07-28 16:59:35 [INFO]      consumiu MAIS que o habitual às 13h
2026-07-28 16:59:35 [INFO]      [2mReal:[0m 29.0 kWh   [2mHabitual:[0m 10.0 ± 1.0 kWh   [2mz:[0m +10.00⁺   [2mdesvio:[0m +190%   [2m(2 obs. dia_util)[0m
2026-07-28 16:59:35 [INFO] 
2026-07-28 16:59:35 [INFO]   🔴 [91m[1mPT0002000115700602GW[0m  [2m[Cluster 0][0m
2026-07-28 16:59:35 [INFO]      consumiu MAIS que o habitual às 08h
2026-07-28 16:59:35 [INFO]      [2mReal:[0m 22.0 kWh   [2mHabitual:[0m 7.0 ± 0.7 kWh   [2mz:[0m +10.00⁺   [2mdesvio:[0m +214%   [2m(2 obs. dia_util)[0m
2026-07-28 16:59:35 [INFO] 
2026-07-28 16:59:35 [INFO]   🔴 [91m[1mPT0002000115700602GW[0m  [2m[Cluster 0][0m
2026-07-28 16:59:35 [INFO]      consumiu MAIS que o habitual às 09h
2026-07-28 16:59:35 [INFO]      [2mReal:[0m 40.0 kWh   [2mHabitual:[0m 7.5 ± 0.8 kWh   [2mz:[0m +10.00⁺   [2mdesvio:[0m +433%   [2m(2 obs. dia_util)[0m
2026-07-28 16:59:35 [INFO] 
2026-07-28 16:59:35 [INFO]   🔴 [91m[1mPT0002000115700602GW[0m  [2m[Cluster 0][0m
2026-07-28 16:59:35 [INFO]      consumiu MAIS que o habitual às 10h
2026-07-28 16:59:35 [INFO]      [2mReal:[0m 39.0 kWh   [2mHabitual:[0m 7.5 ± 0.8 kWh   [2mz:[0m +10.00⁺   [2mdesvio:[0m +420%   [2m(2 obs. dia_util)[0m
2026-07-28 16:59:35 [INFO] 
2026-07-28 16:59:35 [INFO]   🔴 [91m[1mPT0002000115700602GW[0m  [2m[Cluster 0][0m
2026-07-28 16:59:35 [INFO]      consumiu MAIS que o habitual às 11h
2026-07-28 16:59:35 [INFO]      [2mReal:[0m 39.0 kWh   [2mHabitual:[0m 7.5 ± 0.8 kWh   [2mz:[0m +10.00⁺   [2mdesvio:[0m +420%   [2m(2 obs. dia_util)[0m
2026-07-28 16:59:35 [INFO] 
2026-07-28 16:59:35 [INFO]   🔴 [91m[1mPT0002000115700602GW[0m  [2m[Cluster 0][0m
2026-07-28 16:59:35 [INFO]      consumiu MAIS que o habitual às 12h
2026-07-28 16:59:35 [INFO]      [2mReal:[0m 42.0 kWh   [2mHabitual:[0m 7.5 ± 0.8 kWh   [2mz:[0m +10.00⁺   [2mdesvio:[0m +460%   [2m(2 obs. dia_util)[0m
2026-07-28 16:59:35 [INFO] 
2026-07-28 16:59:35 [INFO]   🔴 [91m[1mPT0002000115700602GW[0m  [2m[Cluster 0][0m
2026-07-28 16:59:35 [INFO]      consumiu MAIS que o habitual às 13h
2026-07-28 16:59:35 [INFO]      [2mReal:[0m 32.0 kWh   [2mHabitual:[0m 7.5 ± 0.8 kWh   [2mz:[0m +10.00⁺   [2mdesvio:[0m +327%   [2m(2 obs. dia_util)[0m
2026-07-28 16:59:35 [INFO] 
2026-07-28 16:59:35 [INFO]   🔴 [91m[1mPT0002000115700602GW[0m  [2m[Cluster 0][0m
2026-07-28 16:59:35 [INFO]      consumiu MAIS que o habitual às 14h
2026-07-28 16:59:35 [INFO]      [2mReal:[0m 19.0 kWh   [2mHabitual:[0m 7.5 ± 0.8 kWh   [2mz:[0m +10.00⁺   [2mdesvio:[0m +153%   [2m(2 obs. dia_util)[0m
2026-07-28 16:59:35 [INFO] 
2026-07-28 16:59:35 [INFO]   🔴 [91m[1mPT0002000116530964LH[0m  [2m[Cluster 0 (atribuido)][0m
2026-07-28 16:59:35 [INFO]      consumiu MAIS que o habitual às 11h
2026-07-28 16:59:35 [INFO]      [2mReal:[0m 159.0 kWh   [2mHabitual:[0m 78.5 ± 7.8 kWh   [2mz:[0m +10.00⁺   [2mdesvio:[0m +103%   [2m(2 obs. dia_util)[0m
2026-07-28 16:59:35 [INFO] 
2026-07-28 16:59:35 [INFO]   🔴 [91m[1mPT0002000116530964LH[0m  [2m[Cluster 0 (atribuido)][0m
2026-07-28 16:59:35 [INFO]      consumiu MAIS que o habitual às 12h
2026-07-28 16:59:35 [INFO]      [2mReal:[0m 162.0 kWh   [2mHabitual:[0m 77.5 ± 7.8 kWh   [2mz:[0m +10.00⁺   [2mdesvio:[0m +109%   [2m(2 obs. dia_util)[0m
2026-07-28 16:59:35 [INFO] 
2026-07-28 16:59:35 [INFO]   🔴 [91m[1mPT0002000116530964LH[0m  [2m[Cluster 0 (atribuido)][0m
2026-07-28 16:59:35 [INFO]      consumiu MAIS que o habitual às 13h
2026-07-28 16:59:35 [INFO]      [2mReal:[0m 165.0 kWh   [2mHabitual:[0m 75.0 ± 7.5 kWh   [2mz:[0m +10.00⁺   [2mdesvio:[0m +120%   [2m(2 obs. dia_util)[0m
2026-07-28 16:59:35 [INFO] 
2026-07-28 16:59:35 [INFO]   🔴 [91m[1mPT0002000116530964LH[0m  [2m[Cluster 0 (atribuido)][0m
2026-07-28 16:59:35 [INFO]      consumiu MAIS que o habitual às 14h
2026-07-28 16:59:35 [INFO]      [2mReal:[0m 176.0 kWh   [2mHabitual:[0m 74.0 ± 7.4 kWh   [2mz:[0m +10.00⁺   [2mdesvio:[0m +138%   [2m(2 obs. dia_util)[0m
2026-07-28 16:59:35 [INFO] 
2026-07-28 16:59:35 [INFO]   🔴 [91m[1mPT0002000116530964LH[0m  [2m[Cluster 0 (atribuido)][0m
2026-07-28 16:59:35 [INFO]      consumiu MAIS que o habitual às 15h
2026-07-28 16:59:35 [INFO]      [2mReal:[0m 184.0 kWh   [2mHabitual:[0m 76.0 ± 7.6 kWh   [2mz:[0m +10.00⁺   [2mdesvio:[0m +142%   [2m(2 obs. dia_util)[0m
2026-07-28 16:59:35 [INFO] 
2026-07-28 16:59:35 [INFO]   🔴 [91m[1mPT0002000116530964LH[0m  [2m[Cluster 0 (atribuido)][0m
2026-07-28 16:59:35 [INFO]      consumiu MAIS que o habitual às 16h
2026-07-28 16:59:35 [INFO]      [2mReal:[0m 161.0 kWh   [2mHabitual:[0m 74.0 ± 7.4 kWh   [2mz:[0m +10.00⁺   [2mdesvio:[0m +118%   [2m(2 obs. dia_util)[0m
2026-07-28 16:59:35 [INFO] 
2026-07-28 16:59:35 [INFO]   🔴 [91m[1mPT0002000116530964LH[0m  [2m[Cluster 0 (atribuido)][0m
2026-07-28 16:59:35 [INFO]      consumiu MAIS que o habitual às 17h
2026-07-28 16:59:35 [INFO]      [2mReal:[0m 150.0 kWh   [2mHabitual:[0m 74.0 ± 7.4 kWh   [2mz:[0m +10.00⁺   [2mdesvio:[0m +103%   [2m(2 obs. dia_util)[0m
2026-07-28 16:59:35 [INFO] 
2026-07-28 16:59:35 [INFO]   🔴 [91m[1mPT0002000119303492KB[0m  [2m[Cluster 0][0m
2026-07-28 16:59:35 [INFO]      consumiu MAIS que o habitual às 07h
2026-07-28 16:59:35 [INFO]      [2mReal:[0m 16.0 kWh   [2mHabitual:[0m 3.5 ± 0.7 kWh   [2mz:[0m +10.00⁺   [2mdesvio:[0m +357%   [2m(2 obs. dia_util)[0m
2026-07-28 16:59:35 [INFO] 
2026-07-28 16:59:35 [INFO]   🔴 [91m[1mPT0002000119303492KB[0m  [2m[Cluster 0][0m
2026-07-28 16:59:35 [INFO]      consumiu MAIS que o habitual às 08h
2026-07-28 16:59:35 [INFO]      [2mReal:[0m 24.0 kWh   [2mHabitual:[0m 3.0 ± 0.3 kWh   [2mz:[0m +10.00⁺   [2mdesvio:[0m +700%   [2m(2 obs. dia_util)[0m
2026-07-28 16:59:35 [INFO] 
2026-07-28 16:59:35 [INFO]   🔴 [91m[1mPT0002000119303492KB[0m  [2m[Cluster 0][0m
2026-07-28 16:59:35 [INFO]      consumiu MAIS que o habitual às 09h
2026-07-28 16:59:35 [INFO]      [2mReal:[0m 36.0 kWh   [2mHabitual:[0m 4.0 ± 0.4 kWh   [2mz:[0m +10.00⁺   [2mdesvio:[0m +800%   [2m(2 obs. dia_util)[0m
2026-07-28 16:59:35 [INFO] 
2026-07-28 16:59:35 [INFO]   🔴 [91m[1mPT0002000119303492KB[0m  [2m[Cluster 0][0m
2026-07-28 16:59:35 [INFO]      consumiu MAIS que o habitual às 10h
2026-07-28 16:59:35 [INFO]      [2mReal:[0m 47.0 kWh   [2mHabitual:[0m 3.5 ± 0.7 kWh   [2mz:[0m +10.00⁺   [2mdesvio:[0m +1243%   [2m(2 obs. dia_util)[0m
2026-07-28 16:59:35 [INFO] 
2026-07-28 16:59:35 [INFO]   🔴 [91m[1mPT0002000119303492KB[0m  [2m[Cluster 0][0m
2026-07-28 16:59:35 [INFO]      consumiu MAIS que o habitual às 11h
2026-07-28 16:59:35 [INFO]      [2mReal:[0m 60.0 kWh   [2mHabitual:[0m 3.0 ± 0.3 kWh   [2mz:[0m +10.00⁺   [2mdesvio:[0m +1900%   [2m(2 obs. dia_util)[0m
2026-07-28 16:59:35 [INFO] 
2026-07-28 16:59:35 [INFO]   🔴 [91m[1mPT0002000119303492KB[0m  [2m[Cluster 0][0m
2026-07-28 16:59:35 [INFO]      consumiu MAIS que o habitual às 12h
2026-07-28 16:59:35 [INFO]      [2mReal:[0m 66.0 kWh   [2mHabitual:[0m 3.0 ± 0.3 kWh   [2mz:[0m +10.00⁺   [2mdesvio:[0m +2100%   [2m(2 obs. dia_util)[0m
2026-07-28 16:59:35 [INFO] 
2026-07-28 16:59:35 [INFO]   🔴 [91m[1mPT0002000119303492KB[0m  [2m[Cluster 0][0m
2026-07-28 16:59:35 [INFO]      consumiu MAIS que o habitual às 13h
2026-07-28 16:59:35 [INFO]      [2mReal:[0m 40.0 kWh   [2mHabitual:[0m 4.0 ± 0.4 kWh   [2mz:[0m +10.00⁺   [2mdesvio:[0m +900%   [2m(2 obs. dia_util)[0m
2026-07-28 16:59:35 [INFO] 
2026-07-28 16:59:35 [INFO]   🔴 [91m[1mPT0002000119303492KB[0m  [2m[Cluster 0][0m
2026-07-28 16:59:35 [INFO]      consumiu MAIS que o habitual às 14h
2026-07-28 16:59:35 [INFO]      [2mReal:[0m 38.0 kWh   [2mHabitual:[0m 3.5 ± 0.7 kWh   [2mz:[0m +10.00⁺   [2mdesvio:[0m +986%   [2m(2 obs. dia_util)[0m
2026-07-28 16:59:35 [INFO] 
2026-07-28 16:59:35 [INFO]   🔴 [91m[1mPT0002000119303492KB[0m  [2m[Cluster 0][0m
2026-07-28 16:59:35 [INFO]      consumiu MAIS que o habitual às 15h
2026-07-28 16:59:35 [INFO]      [2mReal:[0m 29.0 kWh   [2mHabitual:[0m 3.5 ± 0.7 kWh   [2mz:[0m +10.00⁺   [2mdesvio:[0m +729%   [2m(2 obs. dia_util)[0m
2026-07-28 16:59:35 [INFO] 
2026-07-28 16:59:35 [INFO]   🔴 [91m[1mPT0002000119303492KB[0m  [2m[Cluster 0][0m
2026-07-28 16:59:35 [INFO]      consumiu MAIS que o habitual às 16h
2026-07-28 16:59:35 [INFO]      [2mReal:[0m 28.0 kWh   [2mHabitual:[0m 3.0 ± 0.3 kWh   [2mz:[0m +10.00⁺   [2mdesvio:[0m +833%   [2m(2 obs. dia_util)[0m
2026-07-28 16:59:35 [INFO] 
2026-07-28 16:59:35 [INFO]   🔴 [91m[1mPT0002000119303492KB[0m  [2m[Cluster 0][0m
2026-07-28 16:59:35 [INFO]      consumiu MAIS que o habitual às 17h
2026-07-28 16:59:35 [INFO]      [2mReal:[0m 29.0 kWh   [2mHabitual:[0m 4.0 ± 0.4 kWh   [2mz:[0m +10.00⁺   [2mdesvio:[0m +625%   [2m(2 obs. dia_util)[0m
2026-07-28 16:59:35 [INFO] 
2026-07-28 16:59:35 [INFO]   🔴 [91m[1mPT0002000119303492KB[0m  [2m[Cluster 0][0m
2026-07-28 16:59:35 [INFO]      consumiu MAIS que o habitual às 18h
2026-07-28 16:59:35 [INFO]      [2mReal:[0m 15.0 kWh   [2mHabitual:[0m 4.5 ± 0.7 kWh   [2mz:[0m +10.00⁺   [2mdesvio:[0m +233%   [2m(2 obs. dia_util)[0m
2026-07-28 16:59:35 [INFO] 
2026-07-28 16:59:35 [INFO]   🔴 [91m[1mPT0002000120237616VJ[0m  [2m[Cluster 0][0m
2026-07-28 16:59:35 [INFO]      consumiu MAIS que o habitual às 07h
2026-07-28 16:59:35 [INFO]      [2mReal:[0m 43.0 kWh   [2mHabitual:[0m 12.0 ± 1.2 kWh   [2mz:[0m +10.00⁺   [2mdesvio:[0m +258%   [2m(2 obs. dia_util)[0m
2026-07-28 16:59:35 [INFO] 
2026-07-28 16:59:35 [INFO]   🔴 [91m[1mPT0002000120237616VJ[0m  [2m[Cluster 0][0m
2026-07-28 16:59:35 [INFO]      consumiu MAIS que o habitual às 08h
2026-07-28 16:59:35 [INFO]      [2mReal:[0m 48.0 kWh   [2mHabitual:[0m 11.5 ± 1.1 kWh   [2mz:[0m +10.00⁺   [2mdesvio:[0m +317%   [2m(2 obs. dia_util)[0m
2026-07-28 16:59:35 [INFO] 
2026-07-28 16:59:35 [INFO]   🔴 [91m[1mPT0002000120237616VJ[0m  [2m[Cluster 0][0m
2026-07-28 16:59:35 [INFO]      consumiu MAIS que o habitual às 09h
2026-07-28 16:59:35 [INFO]      [2mReal:[0m 56.0 kWh   [2mHabitual:[0m 11.5 ± 1.1 kWh   [2mz:[0m +10.00⁺   [2mdesvio:[0m +387%   [2m(2 obs. dia_util)[0m
2026-07-28 16:59:35 [INFO] 
2026-07-28 16:59:35 [INFO]   🔴 [91m[1mPT0002000120237616VJ[0m  [2m[Cluster 0][0m
2026-07-28 16:59:35 [INFO]      consumiu MAIS que o habitual às 10h
2026-07-28 16:59:35 [INFO]      [2mReal:[0m 47.0 kWh   [2mHabitual:[0m 12.0 ± 1.2 kWh   [2mz:[0m +10.00⁺   [2mdesvio:[0m +292%   [2m(2 obs. dia_util)[0m
2026-07-28 16:59:35 [INFO] 
2026-07-28 16:59:35 [INFO]   🔴 [91m[1mPT0002000120237616VJ[0m  [2m[Cluster 0][0m
2026-07-28 16:59:35 [INFO]      consumiu MAIS que o habitual às 11h
2026-07-28 16:59:35 [INFO]      [2mReal:[0m 53.0 kWh   [2mHabitual:[0m 12.0 ± 1.2 kWh   [2mz:[0m +10.00⁺   [2mdesvio:[0m +342%   [2m(2 obs. dia_util)[0m
2026-07-28 16:59:35 [INFO] 
2026-07-28 16:59:35 [INFO]   🔴 [91m[1mPT0002000120237616VJ[0m  [2m[Cluster 0][0m
2026-07-28 16:59:35 [INFO]      consumiu MAIS que o habitual às 12h
2026-07-28 16:59:35 [INFO]      [2mReal:[0m 62.0 kWh   [2mHabitual:[0m 11.5 ± 1.1 kWh   [2mz:[0m +10.00⁺   [2mdesvio:[0m +439%   [2m(2 obs. dia_util)[0m
2026-07-28 16:59:35 [INFO] 
2026-07-28 16:59:35 [INFO]   🔴 [91m[1mPT0002000120237616VJ[0m  [2m[Cluster 0][0m
2026-07-28 16:59:35 [INFO]      consumiu MAIS que o habitual às 13h
2026-07-28 16:59:35 [INFO]      [2mReal:[0m 51.0 kWh   [2mHabitual:[0m 12.0 ± 1.2 kWh   [2mz:[0m +10.00⁺   [2mdesvio:[0m +325%   [2m(2 obs. dia_util)[0m
2026-07-28 16:59:35 [INFO] 
2026-07-28 16:59:35 [INFO]   🔴 [91m[1mPT0002000120237616VJ[0m  [2m[Cluster 0][0m
2026-07-28 16:59:35 [INFO]      consumiu MAIS que o habitual às 14h
2026-07-28 16:59:35 [INFO]      [2mReal:[0m 49.0 kWh   [2mHabitual:[0m 12.5 ± 1.2 kWh   [2mz:[0m +10.00⁺   [2mdesvio:[0m +292%   [2m(2 obs. dia_util)[0m
2026-07-28 16:59:35 [INFO] 
2026-07-28 16:59:35 [INFO]   🔴 [91m[1mPT0002000120237616VJ[0m  [2m[Cluster 0][0m
2026-07-28 16:59:35 [INFO]      consumiu MAIS que o habitual às 15h
2026-07-28 16:59:35 [INFO]      [2mReal:[0m 43.0 kWh   [2mHabitual:[0m 12.0 ± 1.2 kWh   [2mz:[0m +10.00⁺   [2mdesvio:[0m +258%   [2m(2 obs. dia_util)[0m
2026-07-28 16:59:35 [INFO] 
2026-07-28 16:59:35 [INFO]   🔴 [91m[1mPT0002000120237616VJ[0m  [2m[Cluster 0][0m
2026-07-28 16:59:35 [INFO]      consumiu MAIS que o habitual às 16h
2026-07-28 16:59:35 [INFO]      [2mReal:[0m 39.0 kWh   [2mHabitual:[0m 12.0 ± 1.2 kWh   [2mz:[0m +10.00⁺   [2mdesvio:[0m +225%   [2m(2 obs. dia_util)[0m
2026-07-28 16:59:35 [INFO] 
2026-07-28 16:59:35 [INFO]   🔴 [91m[1mPT0002000120237616VJ[0m  [2m[Cluster 0][0m
2026-07-28 16:59:35 [INFO]      consumiu MAIS que o habitual às 17h
2026-07-28 16:59:35 [INFO]      [2mReal:[0m 31.0 kWh   [2mHabitual:[0m 11.5 ± 1.1 kWh   [2mz:[0m +10.00⁺   [2mdesvio:[0m +170%   [2m(2 obs. dia_util)[0m
2026-07-28 16:59:35 [INFO] 
2026-07-28 16:59:35 [INFO]   🔴 [91m[1mPT0002000120237616VJ[0m  [2m[Cluster 0][0m
2026-07-28 16:59:35 [INFO]      consumiu MAIS que o habitual às 18h
2026-07-28 16:59:35 [INFO]      [2mReal:[0m 28.0 kWh   [2mHabitual:[0m 11.5 ± 1.1 kWh   [2mz:[0m +10.00⁺   [2mdesvio:[0m +143%   [2m(2 obs. dia_util)[0m
2026-07-28 16:59:35 [INFO] 
2026-07-28 16:59:35 [INFO]   🔴 [91m[1mPT0002000120237616VJ[0m  [2m[Cluster 0][0m
2026-07-28 16:59:35 [INFO]      consumiu MAIS que o habitual às 19h
2026-07-28 16:59:35 [INFO]      [2mReal:[0m 24.0 kWh   [2mHabitual:[0m 11.0 ± 1.1 kWh   [2mz:[0m +10.00⁺   [2mdesvio:[0m +118%   [2m(2 obs. dia_util)[0m
2026-07-28 16:59:35 [INFO] 
2026-07-28 16:59:35 [INFO]   🔴 [91m[1mPT0002000123648159KR[0m  [2m[Cluster 0][0m
2026-07-28 16:59:35 [INFO]      consumiu MAIS que o habitual às 07h
2026-07-28 16:59:35 [INFO]      [2mReal:[0m 30.0 kWh   [2mHabitual:[0m 2.5 ± 0.7 kWh   [2mz:[0m +10.00⁺   [2mdesvio:[0m +1100%   [2m(2 obs. dia_util)[0m
2026-07-28 16:59:35 [INFO] 
2026-07-28 16:59:35 [INFO]   🔴 [91m[1mPT0002000123648159KR[0m  [2m[Cluster 0][0m
2026-07-28 16:59:35 [INFO]      consumiu MAIS que o habitual às 08h
2026-07-28 16:59:35 [INFO]      [2mReal:[0m 27.0 kWh   [2mHabitual:[0m 2.0 ± 0.3 kWh   [2mz:[0m +10.00⁺   [2mdesvio:[0m +1250%   [2m(2 obs. dia_util)[0m
2026-07-28 16:59:35 [INFO] 
2026-07-28 16:59:35 [INFO]   🔴 [91m[1mPT0002000123648159KR[0m  [2m[Cluster 0][0m
2026-07-28 16:59:35 [INFO]      consumiu MAIS que o habitual às 09h
2026-07-28 16:59:35 [INFO]      [2mReal:[0m 30.0 kWh   [2mHabitual:[0m 2.5 ± 0.7 kWh   [2mz:[0m +10.00⁺   [2mdesvio:[0m +1100%   [2m(2 obs. dia_util)[0m
2026-07-28 16:59:35 [INFO] 
2026-07-28 16:59:35 [INFO]   🔴 [91m[1mPT0002000123648159KR[0m  [2m[Cluster 0][0m
2026-07-28 16:59:35 [INFO]      consumiu MAIS que o habitual às 10h
2026-07-28 16:59:35 [INFO]      [2mReal:[0m 31.0 kWh   [2mHabitual:[0m 2.0 ± 0.3 kWh   [2mz:[0m +10.00⁺   [2mdesvio:[0m +1450%   [2m(2 obs. dia_util)[0m
2026-07-28 16:59:35 [INFO] 
2026-07-28 16:59:35 [INFO]   🔴 [91m[1mPT0002000123648159KR[0m  [2m[Cluster 0][0m
2026-07-28 16:59:35 [INFO]      consumiu MAIS que o habitual às 11h
2026-07-28 16:59:35 [INFO]      [2mReal:[0m 32.0 kWh   [2mHabitual:[0m 2.0 ± 0.3 kWh   [2mz:[0m +10.00⁺   [2mdesvio:[0m +1500%   [2m(2 obs. dia_util)[0m
2026-07-28 16:59:35 [INFO] 
2026-07-28 16:59:35 [INFO]   🔴 [91m[1mPT0002000123648159KR[0m  [2m[Cluster 0][0m
2026-07-28 16:59:35 [INFO]      consumiu MAIS que o habitual às 12h
2026-07-28 16:59:35 [INFO]      [2mReal:[0m 34.0 kWh   [2mHabitual:[0m 2.5 ± 0.7 kWh   [2mz:[0m +10.00⁺   [2mdesvio:[0m +1260%   [2m(2 obs. dia_util)[0m
2026-07-28 16:59:35 [INFO] 
2026-07-28 16:59:35 [INFO]   🔴 [91m[1mPT0002000123648159KR[0m  [2m[Cluster 0][0m
2026-07-28 16:59:35 [INFO]      consumiu MAIS que o habitual às 14h
2026-07-28 16:59:35 [INFO]      [2mReal:[0m 15.0 kWh   [2mHabitual:[0m 2.5 ± 0.7 kWh   [2mz:[0m +10.00⁺   [2mdesvio:[0m +500%   [2m(2 obs. dia_util)[0m
2026-07-28 16:59:35 [INFO] 
2026-07-28 16:59:35 [INFO]   🔴 [91m[1mPT0002000123648159KR[0m  [2m[Cluster 0][0m
2026-07-28 16:59:35 [INFO]      consumiu MAIS que o habitual às 15h
2026-07-28 16:59:35 [INFO]      [2mReal:[0m 15.0 kWh   [2mHabitual:[0m 2.0 ± 0.3 kWh   [2mz:[0m +10.00⁺   [2mdesvio:[0m +650%   [2m(2 obs. dia_util)[0m
2026-07-28 16:59:35 [INFO] 
2026-07-28 16:59:35 [INFO]   🔴 [91m[1mPT0002000123648159KR[0m  [2m[Cluster 0][0m
2026-07-28 16:59:35 [INFO]      consumiu MAIS que o habitual às 16h
2026-07-28 16:59:35 [INFO]      [2mReal:[0m 10.0 kWh   [2mHabitual:[0m 2.0 ± 0.3 kWh   [2mz:[0m +10.00⁺   [2mdesvio:[0m +400%   [2m(2 obs. dia_util)[0m
2026-07-28 16:59:35 [INFO] 
2026-07-28 16:59:35 [INFO]   🔴 [91m[1mPT0002000125379984SH[0m  [2m[Cluster 1][0m
2026-07-28 16:59:35 [INFO]      consumiu MAIS que o habitual às 09h
2026-07-28 16:59:35 [INFO]      [2mReal:[0m 14.0 kWh   [2mHabitual:[0m 5.5 ± 0.7 kWh   [2mz:[0m +10.00⁺   [2mdesvio:[0m +155%   [2m(2 obs. dia_util)[0m
2026-07-28 16:59:35 [INFO] 
2026-07-28 16:59:35 [INFO]   🔴 [91m[1mPT0002000125379984SH[0m  [2m[Cluster 1][0m
2026-07-28 16:59:35 [INFO]      consumiu MAIS que o habitual às 10h
2026-07-28 16:59:35 [INFO]      [2mReal:[0m 13.0 kWh   [2mHabitual:[0m 5.5 ± 0.7 kWh   [2mz:[0m +10.00⁺   [2mdesvio:[0m +136%   [2m(2 obs. dia_util)[0m
2026-07-28 16:59:35 [INFO] 
2026-07-28 16:59:35 [INFO]   🔴 [91m[1mPT0002000125379984SH[0m  [2m[Cluster 1][0m
2026-07-28 16:59:35 [INFO]      consumiu MAIS que o habitual às 17h
2026-07-28 16:59:35 [INFO]      [2mReal:[0m 17.0 kWh   [2mHabitual:[0m 5.5 ± 0.7 kWh   [2mz:[0m +10.00⁺   [2mdesvio:[0m +209%   [2m(2 obs. dia_util)[0m
2026-07-28 16:59:35 [INFO] 
2026-07-28 16:59:35 [INFO]   🔴 [91m[1mPT0002000125379984SH[0m  [2m[Cluster 1][0m
2026-07-28 16:59:35 [INFO]      consumiu MAIS que o habitual às 18h
2026-07-28 16:59:35 [INFO]      [2mReal:[0m 16.0 kWh   [2mHabitual:[0m 5.0 ± 0.5 kWh   [2mz:[0m +10.00⁺   [2mdesvio:[0m +220%   [2m(2 obs. dia_util)[0m
2026-07-28 16:59:35 [INFO] 
2026-07-28 16:59:35 [INFO]   🔴 [91m[1mPT0002000125379984SH[0m  [2m[Cluster 1][0m
2026-07-28 16:59:35 [INFO]      consumiu MAIS que o habitual às 19h
2026-07-28 16:59:35 [INFO]      [2mReal:[0m 16.0 kWh   [2mHabitual:[0m 5.0 ± 0.5 kWh   [2mz:[0m +10.00⁺   [2mdesvio:[0m +220%   [2m(2 obs. dia_util)[0m
2026-07-28 16:59:35 [INFO] 
2026-07-28 16:59:35 [INFO]   🔴 [91m[1mPT0002000125379984SH[0m  [2m[Cluster 1][0m
2026-07-28 16:59:35 [INFO]      consumiu MAIS que o habitual às 20h
2026-07-28 16:59:35 [INFO]      [2mReal:[0m 15.0 kWh   [2mHabitual:[0m 6.0 ± 0.6 kWh   [2mz:[0m +10.00⁺   [2mdesvio:[0m +150%   [2m(2 obs. dia_util)[0m
2026-07-28 16:59:35 [INFO] 
2026-07-28 16:59:35 [INFO]   🔴 [91m[1mPT0002000125701614SQ[0m  [2m[Cluster 1 (atribuido)][0m
2026-07-28 16:59:35 [INFO]      consumiu MAIS que o habitual às 21h
2026-07-28 16:59:35 [INFO]      [2mReal:[0m 86.0 kWh   [2mHabitual:[0m 14.7 ± 2.5 kWh   [2mz:[0m +10.00⁺   [2mdesvio:[0m +486%   [2m(3 obs. dia_util)[0m
2026-07-28 16:59:35 [INFO] 
2026-07-28 16:59:35 [INFO]   🔴 [91m[1mPT0002000201038711LS[0m  [2m[Cluster 1 (atribuido)][0m
2026-07-28 16:59:35 [INFO]      consumiu MAIS que o habitual às 09h
2026-07-28 16:59:35 [INFO]      [2mReal:[0m 3.0 kWh   [2mHabitual:[0m 0.0 ± 0.3 kWh   [2mz:[0m +10.00   [2mdesvio:[0m +300000%   [2m(2 obs. dia_util)[0m
2026-07-28 16:59:35 [INFO] 
2026-07-28 16:59:35 [INFO]   🔴 [91m[1mPT0002000201038711LS[0m  [2m[Cluster 1 (atribuido)][0m
2026-07-28 16:59:35 [INFO]      consumiu MAIS que o habitual às 12h
2026-07-28 16:59:35 [INFO]      [2mReal:[0m 8.0 kWh   [2mHabitual:[0m 0.0 ± 0.3 kWh   [2mz:[0m +10.00⁺   [2mdesvio:[0m +800000%   [2m(2 obs. dia_util)[0m
2026-07-28 16:59:35 [INFO] 
2026-07-28 16:59:35 [INFO]   🔴 [91m[1mPT0002000201038711LS[0m  [2m[Cluster 1 (atribuido)][0m
2026-07-28 16:59:35 [INFO]      consumiu MAIS que o habitual às 13h
2026-07-28 16:59:35 [INFO]      [2mReal:[0m 16.0 kWh   [2mHabitual:[0m 0.0 ± 0.3 kWh   [2mz:[0m +10.00⁺   [2mdesvio:[0m +1600000%   [2m(2 obs. dia_util)[0m
2026-07-28 16:59:35 [INFO] 
2026-07-28 16:59:35 [INFO]   🔴 [91m[1mPT0002000201038711LS[0m  [2m[Cluster 1 (atribuido)][0m
2026-07-28 16:59:35 [INFO]      consumiu MAIS que o habitual às 14h
2026-07-28 16:59:35 [INFO]      [2mReal:[0m 10.0 kWh   [2mHabitual:[0m 0.0 ± 0.3 kWh   [2mz:[0m +10.00⁺   [2mdesvio:[0m +1000000%   [2m(2 obs. dia_util)[0m
2026-07-28 16:59:35 [INFO] 
2026-07-28 16:59:35 [INFO]   🔴 [91m[1mPT0002000201038711LS[0m  [2m[Cluster 1 (atribuido)][0m
2026-07-28 16:59:35 [INFO]      consumiu MAIS que o habitual às 15h
2026-07-28 16:59:35 [INFO]      [2mReal:[0m 16.0 kWh   [2mHabitual:[0m 0.5 ± 0.7 kWh   [2mz:[0m +10.00⁺   [2mdesvio:[0m +3100%   [2m(2 obs. dia_util)[0m
2026-07-28 16:59:35 [INFO] 
2026-07-28 16:59:35 [INFO]   🔴 [91m[1mPT0002000201038711LS[0m  [2m[Cluster 1 (atribuido)][0m
2026-07-28 16:59:35 [INFO]      consumiu MAIS que o habitual às 16h
2026-07-28 16:59:35 [INFO]      [2mReal:[0m 39.0 kWh   [2mHabitual:[0m 0.5 ± 0.7 kWh   [2mz:[0m +10.00⁺   [2mdesvio:[0m +7700%   [2m(2 obs. dia_util)[0m
2026-07-28 16:59:35 [INFO] 
2026-07-28 16:59:35 [INFO]   🔴 [91m[1mPT0002000201038711LS[0m  [2m[Cluster 1 (atribuido)][0m
2026-07-28 16:59:35 [INFO]      consumiu MAIS que o habitual às 17h
2026-07-28 16:59:35 [INFO]      [2mReal:[0m 59.0 kWh   [2mHabitual:[0m 1.0 ± 1.4 kWh   [2mz:[0m +10.00⁺   [2mdesvio:[0m +5800%   [2m(2 obs. dia_util)[0m
2026-07-28 16:59:35 [INFO] 
2026-07-28 16:59:35 [INFO]   🔴 [91m[1mPT0002000201038711LS[0m  [2m[Cluster 1 (atribuido)][0m
2026-07-28 16:59:35 [INFO]      consumiu MAIS que o habitual às 18h
2026-07-28 16:59:35 [INFO]      [2mReal:[0m 53.0 kWh   [2mHabitual:[0m 9.0 ± 0.9 kWh   [2mz:[0m +10.00⁺   [2mdesvio:[0m +489%   [2m(2 obs. dia_util)[0m
2026-07-28 16:59:35 [INFO] 
2026-07-28 16:59:35 [INFO]   🔴 [91m[1mPT0002000078140706BA[0m  [2m[Cluster 1 (atribuido)][0m
2026-07-28 16:59:35 [INFO]      consumiu MAIS que o habitual às 21h
2026-07-28 16:59:35 [INFO]      [2mReal:[0m 77.0 kWh   [2mHabitual:[0m 38.7 ± 3.9 kWh   [2mz:[0m +9.91   [2mdesvio:[0m +99%   [2m(3 obs. dia_util)[0m
2026-07-28 16:59:35 [INFO] 
2026-07-28 16:59:35 [INFO]   🔴 [91m[1mPT0002000078140706BA[0m  [2m[Cluster 1 (atribuido)][0m
2026-07-28 16:59:35 [INFO]      consumiu MAIS que o habitual às 20h
2026-07-28 16:59:35 [INFO]      [2mReal:[0m 89.0 kWh   [2mHabitual:[0m 40.5 ± 5.0 kWh   [2mz:[0m +9.80   [2mdesvio:[0m +120%   [2m(2 obs. dia_util)[0m
2026-07-28 16:59:35 [INFO] 
2026-07-28 16:59:35 [INFO]   🔴 [91m[1mPT0002000116530964LH[0m  [2m[Cluster 0 (atribuido)][0m
2026-07-28 16:59:35 [INFO]      consumiu MAIS que o habitual às 10h
2026-07-28 16:59:35 [INFO]      [2mReal:[0m 153.0 kWh   [2mHabitual:[0m 77.5 ± 7.8 kWh   [2mz:[0m +9.74   [2mdesvio:[0m +97%   [2m(2 obs. dia_util)[0m
2026-07-28 16:59:35 [INFO] 
2026-07-28 16:59:35 [INFO]   🔴 [91m[1mPT0002000116530964LH[0m  [2m[Cluster 0 (atribuido)][0m
2026-07-28 16:59:35 [INFO]      consumiu MAIS que o habitual às 18h
2026-07-28 16:59:35 [INFO]      [2mReal:[0m 143.0 kWh   [2mHabitual:[0m 72.5 ± 7.2 kWh   [2mz:[0m +9.72   [2mdesvio:[0m +97%   [2m(2 obs. dia_util)[0m
2026-07-28 16:59:35 [INFO] 
2026-07-28 16:59:35 [INFO]   🔴 [91m[1mPT0002000114613364CC[0m  [2m[Cluster 0 (atribuido)][0m
2026-07-28 16:59:35 [INFO]      consumiu MAIS que o habitual às 17h
2026-07-28 16:59:35 [INFO]      [2mReal:[0m 233.0 kWh   [2mHabitual:[0m 118.5 ± 11.8 kWh   [2mz:[0m +9.66   [2mdesvio:[0m +97%   [2m(2 obs. dia_util)[0m
2026-07-28 16:59:35 [INFO] 
2026-07-28 16:59:35 [INFO]   🔴 [91m[1mPT0002000068855003AK[0m  [2m[Cluster 0 (atribuido)][0m
2026-07-28 16:59:35 [INFO]      consumiu MAIS que o habitual às 15h
2026-07-28 16:59:35 [INFO]      [2mReal:[0m 86.0 kWh   [2mHabitual:[0m 18.0 ± 7.1 kWh   [2mz:[0m +9.62   [2mdesvio:[0m +378%   [2m(2 obs. dia_util)[0m
2026-07-28 16:59:35 [INFO] 
2026-07-28 16:59:35 [INFO]   🔴 [91m[1mPT0002000068856906VS[0m  [2m[Cluster 0][0m
2026-07-28 16:59:35 [INFO]      consumiu MAIS que o habitual às 13h
2026-07-28 16:59:35 [INFO]      [2mReal:[0m 46.0 kWh   [2mHabitual:[0m 23.5 ± 2.4 kWh   [2mz:[0m +9.57   [2mdesvio:[0m +96%   [2m(2 obs. dia_util)[0m
2026-07-28 16:59:35 [INFO] 
2026-07-28 16:59:35 [INFO]   🔴 [91m[1mPT0002000068856655YV[0m  [2m[Cluster 0][0m
2026-07-28 16:59:35 [INFO]      consumiu MAIS que o habitual às 10h
2026-07-28 16:59:35 [INFO]      [2mReal:[0m 9.0 kWh   [2mHabitual:[0m 2.5 ± 0.7 kWh   [2mz:[0m +9.19   [2mdesvio:[0m +260%   [2m(2 obs. dia_util)[0m
2026-07-28 16:59:35 [INFO] 
2026-07-28 16:59:35 [INFO]   🔴 [91m[1mPT0002000068857099AR[0m  [2m[Cluster 1][0m
2026-07-28 16:59:35 [INFO]      consumiu MAIS que o habitual às 19h
2026-07-28 16:59:35 [INFO]      [2mReal:[0m 10.0 kWh   [2mHabitual:[0m 3.5 ± 0.7 kWh   [2mz:[0m +9.19   [2mdesvio:[0m +186%   [2m(2 obs. dia_util)[0m
2026-07-28 16:59:35 [INFO] 
2026-07-28 16:59:35 [INFO]   🔴 [91m[1mPT0002000068859382XF[0m  [2m[Cluster 0][0m
2026-07-28 16:59:35 [INFO]      consumiu MAIS que o habitual às 11h
2026-07-28 16:59:35 [INFO]      [2mReal:[0m 71.0 kWh   [2mHabitual:[0m 37.0 ± 3.7 kWh   [2mz:[0m +9.19   [2mdesvio:[0m +92%   [2m(2 obs. dia_util)[0m
2026-07-28 16:59:35 [INFO] 
2026-07-28 16:59:35 [INFO]   🔴 [91m[1mPT0002000078207354XC[0m  [2m[Cluster 1][0m
2026-07-28 16:59:35 [INFO]      consumiu MAIS que o habitual às 08h
2026-07-28 16:59:35 [INFO]      [2mReal:[0m 9.0 kWh   [2mHabitual:[0m 2.5 ± 0.7 kWh   [2mz:[0m +9.19   [2mdesvio:[0m +260%   [2m(2 obs. dia_util)[0m
2026-07-28 16:59:35 [INFO] 
2026-07-28 16:59:35 [INFO]   🔴 [91m[1mPT0002000078207354XC[0m  [2m[Cluster 1][0m
2026-07-28 16:59:35 [INFO]      consumiu MAIS que o habitual às 09h
2026-07-28 16:59:35 [INFO]      [2mReal:[0m 9.0 kWh   [2mHabitual:[0m 2.5 ± 0.7 kWh   [2mz:[0m +9.19   [2mdesvio:[0m +260%   [2m(2 obs. dia_util)[0m
2026-07-28 16:59:35 [INFO] 
2026-07-28 16:59:35 [INFO]   🔴 [91m[1mPT0002000078207354XC[0m  [2m[Cluster 1][0m
2026-07-28 16:59:35 [INFO]      consumiu MAIS que o habitual às 11h
2026-07-28 16:59:35 [INFO]      [2mReal:[0m 9.0 kWh   [2mHabitual:[0m 2.5 ± 0.7 kWh   [2mz:[0m +9.19   [2mdesvio:[0m +260%   [2m(2 obs. dia_util)[0m
2026-07-28 16:59:35 [INFO] 
2026-07-28 16:59:35 [INFO]   🔴 [91m[1mPT0002000078207354XC[0m  [2m[Cluster 1][0m
2026-07-28 16:59:35 [INFO]      consumiu MAIS que o habitual às 13h
2026-07-28 16:59:35 [INFO]      [2mReal:[0m 9.0 kWh   [2mHabitual:[0m 2.5 ± 0.7 kWh   [2mz:[0m +9.19   [2mdesvio:[0m +260%   [2m(2 obs. dia_util)[0m
2026-07-28 16:59:35 [INFO] 
2026-07-28 16:59:35 [INFO]   🔴 [91m[1mPT0002000078207354XC[0m  [2m[Cluster 1][0m
2026-07-28 16:59:35 [INFO]      consumiu MAIS que o habitual às 14h
2026-07-28 16:59:35 [INFO]      [2mReal:[0m 9.0 kWh   [2mHabitual:[0m 2.5 ± 0.7 kWh   [2mz:[0m +9.19   [2mdesvio:[0m +260%   [2m(2 obs. dia_util)[0m
2026-07-28 16:59:35 [INFO] 
2026-07-28 16:59:35 [INFO]   🔴 [91m[1mPT0002000078294957RQ[0m  [2m[Cluster 0][0m
2026-07-28 16:59:35 [INFO]      consumiu MAIS que o habitual às 18h
2026-07-28 16:59:35 [INFO]      [2mReal:[0m 11.0 kWh   [2mHabitual:[0m 4.5 ± 0.7 kWh   [2mz:[0m +9.19   [2mdesvio:[0m +144%   [2m(2 obs. dia_util)[0m
2026-07-28 16:59:35 [INFO] 
2026-07-28 16:59:35 [INFO]   🔴 [91m[1mPT0002000110090564GD[0m  [2m[Cluster 1][0m
2026-07-28 16:59:35 [INFO]      consumiu MAIS que o habitual às 12h
2026-07-28 16:59:35 [INFO]      [2mReal:[0m 11.0 kWh   [2mHabitual:[0m 4.5 ± 0.7 kWh   [2mz:[0m +9.19   [2mdesvio:[0m +144%   [2m(2 obs. dia_util)[0m
2026-07-28 16:59:35 [INFO] 
2026-07-28 16:59:35 [INFO]   🔴 [91m[1mPT0002000116530964LH[0m  [2m[Cluster 0 (atribuido)][0m
2026-07-28 16:59:35 [INFO]      consumiu MAIS que o habitual às 09h
2026-07-28 16:59:35 [INFO]      [2mReal:[0m 147.0 kWh   [2mHabitual:[0m 77.0 ± 7.7 kWh   [2mz:[0m +9.09   [2mdesvio:[0m +91%   [2m(2 obs. dia_util)[0m
2026-07-28 16:59:35 [INFO] 
2026-07-28 16:59:35 [INFO]   🔴 [91m[1mPT0002000068855003AK[0m  [2m[Cluster 0 (atribuido)][0m
2026-07-28 16:59:35 [INFO]      consumiu MAIS que o habitual às 23h
2026-07-28 16:59:35 [INFO]      [2mReal:[0m 12.0 kWh   [2mHabitual:[0m 6.3 ± 0.6 kWh   [2mz:[0m +8.95   [2mdesvio:[0m +90%   [2m(3 obs. dia_util)[0m
2026-07-28 16:59:35 [INFO] 
2026-07-28 16:59:35 [INFO]   🔴 [91m[1mPT0002000115673471CB[0m  [2m[Cluster 0][0m
2026-07-28 16:59:35 [INFO]      consumiu MAIS que o habitual às 14h
2026-07-28 16:59:35 [INFO]      [2mReal:[0m 18.0 kWh   [2mHabitual:[0m 9.5 ± 0.9 kWh   [2mz:[0m +8.95   [2mdesvio:[0m +89%   [2m(2 obs. dia_util)[0m
2026-07-28 16:59:35 [INFO] 
2026-07-28 16:59:35 [INFO]   🔴 [91m[1mPT0002000068855003AK[0m  [2m[Cluster 0 (atribuido)][0m
2026-07-28 16:59:35 [INFO]      consumiu MAIS que o habitual às 19h
2026-07-28 16:59:35 [INFO]      [2mReal:[0m 74.0 kWh   [2mHabitual:[0m 17.5 ± 6.4 kWh   [2mz:[0m +8.88   [2mdesvio:[0m +323%   [2m(2 obs. dia_util)[0m
2026-07-28 16:59:35 [INFO] 
2026-07-28 16:59:35 [INFO]   🔴 [91m[1mPT0002000068859382XF[0m  [2m[Cluster 0][0m
2026-07-28 16:59:35 [INFO]      consumiu MAIS que o habitual às 10h
2026-07-28 16:59:35 [INFO]      [2mReal:[0m 65.0 kWh   [2mHabitual:[0m 35.0 ± 3.5 kWh   [2mz:[0m +8.57   [2mdesvio:[0m +86%   [2m(2 obs. dia_util)[0m
2026-07-28 16:59:35 [INFO] 
2026-07-28 16:59:35 [INFO]   🔴 [91m[1mPT0002000115700602GW[0m  [2m[Cluster 0][0m
2026-07-28 16:59:35 [INFO]      consumiu MAIS que o habitual às 15h
2026-07-28 16:59:35 [INFO]      [2mReal:[0m 13.0 kWh   [2mHabitual:[0m 7.0 ± 0.7 kWh   [2mz:[0m +8.57   [2mdesvio:[0m +86%   [2m(2 obs. dia_util)[0m
2026-07-28 16:59:35 [INFO] 
2026-07-28 16:59:35 [INFO]   🔴 [91m[1mPT0002000033074862LZ[0m  [2m[Cluster 0][0m
2026-07-28 16:59:35 [INFO]      consumiu MAIS que o habitual às 17h
2026-07-28 16:59:35 [INFO]      [2mReal:[0m 25.0 kWh   [2mHabitual:[0m 13.5 ± 1.4 kWh   [2mz:[0m +8.52   [2mdesvio:[0m +85%   [2m(2 obs. dia_util)[0m
2026-07-28 16:59:35 [INFO] 
2026-07-28 16:59:35 [INFO]   🔴 [91m[1mPT0002000068859325FL[0m  [2m[Cluster 1][0m
2026-07-28 16:59:35 [INFO]      consumiu MAIS que o habitual às 20h
2026-07-28 16:59:35 [INFO]      [2mReal:[0m 104.0 kWh   [2mHabitual:[0m 56.0 ± 5.7 kWh   [2mz:[0m +8.49   [2mdesvio:[0m +86%   [2m(2 obs. dia_util)[0m
2026-07-28 16:59:35 [INFO] 
2026-07-28 16:59:35 [INFO]   🔴 [91m[1mPT0002000111572054VT[0m  [2m[Cluster 0 (atribuido)][0m
2026-07-28 16:59:35 [INFO]      consumiu MAIS que o habitual às 09h
2026-07-28 16:59:35 [INFO]      [2mReal:[0m 13.0 kWh   [2mHabitual:[0m 1.0 ± 1.4 kWh   [2mz:[0m +8.49   [2mdesvio:[0m +1200%   [2m(2 obs. dia_util)[0m
2026-07-28 16:59:35 [INFO] 
2026-07-28 16:59:35 [INFO]   🔴 [91m[1mPT0002000123648159KR[0m  [2m[Cluster 0][0m
2026-07-28 16:59:35 [INFO]      consumiu MAIS que o habitual às 13h
2026-07-28 16:59:35 [INFO]      [2mReal:[0m 15.0 kWh   [2mHabitual:[0m 3.0 ± 1.4 kWh   [2mz:[0m +8.49   [2mdesvio:[0m +400%   [2m(2 obs. dia_util)[0m
2026-07-28 16:59:35 [INFO] 
2026-07-28 16:59:35 [INFO]   🔴 [91m[1mPT0002000068859187RL[0m  [2m[Cluster 0][0m
2026-07-28 16:59:35 [INFO]      consumiu MAIS que o habitual às 18h
2026-07-28 16:59:35 [INFO]      [2mReal:[0m 24.0 kWh   [2mHabitual:[0m 13.0 ± 1.3 kWh   [2mz:[0m +8.46   [2mdesvio:[0m +85%   [2m(2 obs. dia_util)[0m
2026-07-28 16:59:35 [INFO] 
2026-07-28 16:59:35 [INFO]   🔴 [91m[1mPT0002000073231742VK[0m  [2m[Cluster 0][0m
2026-07-28 16:59:35 [INFO]      consumiu MAIS que o habitual às 14h
2026-07-28 16:59:35 [INFO]      [2mReal:[0m 22.0 kWh   [2mHabitual:[0m 12.0 ± 1.2 kWh   [2mz:[0m +8.33   [2mdesvio:[0m +83%   [2m(2 obs. dia_util)[0m
2026-07-28 16:59:35 [INFO] 
2026-07-28 16:59:35 [INFO]   🔴 [91m[1mPT0002000073231742VK[0m  [2m[Cluster 0][0m
2026-07-28 16:59:35 [INFO]      consumiu MAIS que o habitual às 17h
2026-07-28 16:59:35 [INFO]      [2mReal:[0m 22.0 kWh   [2mHabitual:[0m 12.0 ± 1.2 kWh   [2mz:[0m +8.33   [2mdesvio:[0m +83%   [2m(2 obs. dia_util)[0m
2026-07-28 16:59:35 [INFO] 
2026-07-28 16:59:35 [INFO]   🔴 [91m[1mPT0002000115031201VQ[0m  [2m[Cluster 0][0m
2026-07-28 16:59:35 [INFO]      consumiu MAIS que o habitual às 08h
2026-07-28 16:59:35 [INFO]      [2mReal:[0m 11.0 kWh   [2mHabitual:[0m 6.0 ± 0.6 kWh   [2mz:[0m +8.33   [2mdesvio:[0m +83%   [2m(2 obs. dia_util)[0m
2026-07-28 16:59:35 [INFO] 
2026-07-28 16:59:35 [INFO]   🔴 [91m[1mPT0002000120237616VJ[0m  [2m[Cluster 0][0m
2026-07-28 16:59:35 [INFO]      consumiu MAIS que o habitual às 20h
2026-07-28 16:59:35 [INFO]      [2mReal:[0m 19.0 kWh   [2mHabitual:[0m 10.5 ± 1.1 kWh   [2mz:[0m +8.10   [2mdesvio:[0m +81%   [2m(2 obs. dia_util)[0m
2026-07-28 16:59:35 [INFO] 
2026-07-28 16:59:35 [INFO]   🔴 [91m[1mPT0002000110090564GD[0m  [2m[Cluster 1][0m
2026-07-28 16:59:35 [INFO]      consumiu MAIS que o habitual às 13h
2026-07-28 16:59:35 [INFO]      [2mReal:[0m 9.0 kWh   [2mHabitual:[0m 5.0 ± 0.5 kWh   [2mz:[0m +8.00   [2mdesvio:[0m +80%   [2m(2 obs. dia_util)[0m
2026-07-28 16:59:35 [INFO] 
2026-07-28 16:59:35 [INFO]   🔴 [91m[1mPT0002000101964938LF[0m  [2m[Cluster 0][0m
2026-07-28 16:59:35 [INFO]      consumiu MAIS que o habitual às 08h
2026-07-28 16:59:35 [INFO]      [2mReal:[0m 52.0 kWh   [2mHabitual:[0m 12.5 ± 5.0 kWh   [2mz:[0m +7.98   [2mdesvio:[0m +316%   [2m(2 obs. dia_util)[0m
2026-07-28 16:59:35 [INFO] 
2026-07-28 16:59:35 [INFO]   🔴 [91m[1mPT0002000115673471CB[0m  [2m[Cluster 0][0m
2026-07-28 16:59:35 [INFO]      consumiu MAIS que o habitual às 06h
2026-07-28 16:59:35 [INFO]      [2mReal:[0m 17.0 kWh   [2mHabitual:[0m 9.5 ± 0.9 kWh   [2mz:[0m +7.89   [2mdesvio:[0m +79%   [2m(2 obs. dia_util)[0m
2026-07-28 16:59:35 [INFO] 
2026-07-28 16:59:35 [INFO]   🔴 [91m[1mPT0002000077394934QY[0m  [2m[Cluster 0][0m
2026-07-28 16:59:35 [INFO]      consumiu MAIS que o habitual às 09h
2026-07-28 16:59:35 [INFO]      [2mReal:[0m 124.0 kWh   [2mHabitual:[0m 69.5 ± 7.0 kWh   [2mz:[0m +7.84   [2mdesvio:[0m +78%   [2m(2 obs. dia_util)[0m
2026-07-28 16:59:35 [INFO] 
2026-07-28 16:59:35 [INFO]   🔴 [91m[1mPT0002000068855003AK[0m  [2m[Cluster 0 (atribuido)][0m
2026-07-28 16:59:35 [INFO]      consumiu MAIS que o habitual às 08h
2026-07-28 16:59:35 [INFO]      [2mReal:[0m 18.0 kWh   [2mHabitual:[0m 7.0 ± 1.4 kWh   [2mz:[0m +7.78   [2mdesvio:[0m +157%   [2m(2 obs. dia_util)[0m
2026-07-28 16:59:35 [INFO] 
2026-07-28 16:59:35 [INFO]   🔴 [91m[1mPT0002000068856655YV[0m  [2m[Cluster 0][0m
2026-07-28 16:59:35 [INFO]      consumiu MAIS que o habitual às 12h
2026-07-28 16:59:35 [INFO]      [2mReal:[0m 8.0 kWh   [2mHabitual:[0m 2.5 ± 0.7 kWh   [2mz:[0m +7.78   [2mdesvio:[0m +220%   [2m(2 obs. dia_util)[0m
2026-07-28 16:59:35 [INFO] 
2026-07-28 16:59:35 [INFO]   🔴 [91m[1mPT0002000075637532JB[0m  [2m[Cluster 0][0m
2026-07-28 16:59:35 [INFO]      consumiu MAIS que o habitual às 14h
2026-07-28 16:59:35 [INFO]      [2mReal:[0m 10.0 kWh   [2mHabitual:[0m 4.5 ± 0.7 kWh   [2mz:[0m +7.78   [2mdesvio:[0m +122%   [2m(2 obs. dia_util)[0m
2026-07-28 16:59:35 [INFO] 
2026-07-28 16:59:35 [INFO]   🔴 [91m[1mPT0002000078207354XC[0m  [2m[Cluster 1][0m
2026-07-28 16:59:35 [INFO]      consumiu MAIS que o habitual às 10h
2026-07-28 16:59:35 [INFO]      [2mReal:[0m 8.0 kWh   [2mHabitual:[0m 2.5 ± 0.7 kWh   [2mz:[0m +7.78   [2mdesvio:[0m +220%   [2m(2 obs. dia_util)[0m
2026-07-28 16:59:35 [INFO] 
2026-07-28 16:59:35 [INFO]   🔴 [91m[1mPT0002000115673471CB[0m  [2m[Cluster 0][0m
2026-07-28 16:59:35 [INFO]      consumiu MAIS que o habitual às 10h
2026-07-28 16:59:35 [INFO]      [2mReal:[0m 34.0 kWh   [2mHabitual:[0m 12.0 ± 2.8 kWh   [2mz:[0m +7.78   [2mdesvio:[0m +183%   [2m(2 obs. dia_util)[0m
2026-07-28 16:59:35 [INFO] 
2026-07-28 16:59:35 [INFO]   🔴 [91m[1mPT0002000125379984SH[0m  [2m[Cluster 1][0m
2026-07-28 16:59:35 [INFO]      consumiu MAIS que o habitual às 11h
2026-07-28 16:59:35 [INFO]      [2mReal:[0m 11.0 kWh   [2mHabitual:[0m 5.5 ± 0.7 kWh   [2mz:[0m +7.78   [2mdesvio:[0m +100%   [2m(2 obs. dia_util)[0m
2026-07-28 16:59:35 [INFO] 
2026-07-28 16:59:35 [INFO]   🔴 [91m[1mPT0002000077348081AG[0m  [2m[Cluster 0 (atribuido)][0m
2026-07-28 16:59:35 [INFO]      consumiu MAIS que o habitual às 07h
2026-07-28 16:59:35 [INFO]      [2mReal:[0m 30.0 kWh   [2mHabitual:[0m 17.0 ± 1.7 kWh   [2mz:[0m +7.65   [2mdesvio:[0m +76%   [2m(2 obs. dia_util)[0m
2026-07-28 16:59:35 [INFO] 
2026-07-28 16:59:35 [INFO]   🔴 [91m[1mPT0002000073231742VK[0m  [2m[Cluster 0][0m
2026-07-28 16:59:35 [INFO]      consumiu MAIS que o habitual às 15h
2026-07-28 16:59:35 [INFO]      [2mReal:[0m 21.0 kWh   [2mHabitual:[0m 12.0 ± 1.2 kWh   [2mz:[0m +7.50   [2mdesvio:[0m +75%   [2m(2 obs. dia_util)[0m
2026-07-28 16:59:35 [INFO] 
2026-07-28 16:59:35 [INFO]   🔴 [91m[1mPT0002000112989585PH[0m  [2m[Cluster 0][0m
2026-07-28 16:59:35 [INFO]      consumiu MAIS que o habitual às 17h
2026-07-28 16:59:35 [INFO]      [2mReal:[0m 98.0 kWh   [2mHabitual:[0m 56.0 ± 5.6 kWh   [2mz:[0m +7.50   [2mdesvio:[0m +75%   [2m(2 obs. dia_util)[0m
2026-07-28 16:59:35 [INFO] 
2026-07-28 16:59:35 [INFO]   🔴 [91m[1mPT0002000068859382XF[0m  [2m[Cluster 0][0m
2026-07-28 16:59:35 [INFO]      consumiu MAIS que o habitual às 09h
2026-07-28 16:59:35 [INFO]      [2mReal:[0m 62.0 kWh   [2mHabitual:[0m 35.5 ± 3.5 kWh   [2mz:[0m +7.46   [2mdesvio:[0m +75%   [2m(2 obs. dia_util)[0m
2026-07-28 16:59:35 [INFO] 
2026-07-28 16:59:35 [INFO]   🔴 [91m[1mPT0002000110814293YC[0m  [2m[Cluster 0 (atribuido)][0m
2026-07-28 16:59:35 [INFO]      consumiu MAIS que o habitual às 19h
2026-07-28 16:59:35 [INFO]      [2mReal:[0m 77.0 kWh   [2mHabitual:[0m 44.5 ± 4.5 kWh   [2mz:[0m +7.30   [2mdesvio:[0m +73%   [2m(2 obs. dia_util)[0m
2026-07-28 16:59:35 [INFO] 
2026-07-28 16:59:35 [INFO]   🔴 [91m[1mPT0002000120237616VJ[0m  [2m[Cluster 0][0m
2026-07-28 16:59:35 [INFO]      consumiu MAIS que o habitual às 06h
2026-07-28 16:59:35 [INFO]      [2mReal:[0m 19.0 kWh   [2mHabitual:[0m 11.0 ± 1.1 kWh   [2mz:[0m +7.27   [2mdesvio:[0m +73%   [2m(2 obs. dia_util)[0m
2026-07-28 16:59:35 [INFO] 
2026-07-28 16:59:35 [INFO]   🔴 [91m[1mPT0002000114685657JR[0m  [2m[Cluster 0][0m
2026-07-28 16:59:35 [INFO]      consumiu MAIS que o habitual às 16h
2026-07-28 16:59:35 [INFO]      [2mReal:[0m 266.0 kWh   [2mHabitual:[0m 155.5 ± 15.6 kWh   [2mz:[0m +7.11   [2mdesvio:[0m +71%   [2m(2 obs. dia_util)[0m
2026-07-28 16:59:35 [INFO] 
2026-07-28 16:59:35 [INFO]   🔴 [91m[1mPT0002000201038711LS[0m  [2m[Cluster 1 (atribuido)][0m
2026-07-28 16:59:35 [INFO]      consumiu MAIS que o habitual às 19h
2026-07-28 16:59:35 [INFO]      [2mReal:[0m 64.0 kWh   [2mHabitual:[0m 24.0 ± 5.7 kWh   [2mz:[0m +7.07   [2mdesvio:[0m +167%   [2m(2 obs. dia_util)[0m
2026-07-28 16:59:35 [INFO] 
2026-07-28 16:59:35 [INFO]   🔴 [91m[1mPT0002000114613364CC[0m  [2m[Cluster 0 (atribuido)][0m
2026-07-28 16:59:35 [INFO]      consumiu MAIS que o habitual às 18h
2026-07-28 16:59:35 [INFO]      [2mReal:[0m 202.0 kWh   [2mHabitual:[0m 118.5 ± 11.8 kWh   [2mz:[0m +7.05   [2mdesvio:[0m +70%   [2m(2 obs. dia_util)[0m
2026-07-28 16:59:35 [INFO] 
2026-07-28 16:59:35 [INFO]   🔴 [91m[1mPT0002000068859393XH[0m  [2m[Cluster 1][0m
2026-07-28 16:59:35 [INFO]      consumiu MAIS que o habitual às 23h
2026-07-28 16:59:35 [INFO]      [2mReal:[0m 83.0 kWh   [2mHabitual:[0m 28.0 ± 7.8 kWh   [2mz:[0m +7.04   [2mdesvio:[0m +196%   [2m(3 obs. dia_util)[0m
2026-07-28 16:59:35 [INFO] 
2026-07-28 16:59:35 [INFO]   🔴 [91m[1mPT0002000068855003AK[0m  [2m[Cluster 0 (atribuido)][0m
2026-07-28 16:59:35 [INFO]      consumiu MAIS que o habitual às 22h
2026-07-28 16:59:35 [INFO]      [2mReal:[0m 14.0 kWh   [2mHabitual:[0m 7.0 ± 1.0 kWh   [2mz:[0m +7.00   [2mdesvio:[0m +100%   [2m(3 obs. dia_util)[0m
2026-07-28 16:59:35 [INFO] 
2026-07-28 16:59:35 [INFO]   🔴 [91m[1mPT0002000116530964LH[0m  [2m[Cluster 0 (atribuido)][0m
2026-07-28 16:59:35 [INFO]      consumiu MAIS que o habitual às 19h
2026-07-28 16:59:35 [INFO]      [2mReal:[0m 124.0 kWh   [2mHabitual:[0m 73.0 ± 7.3 kWh   [2mz:[0m +6.99   [2mdesvio:[0m +70%   [2m(2 obs. dia_util)[0m
2026-07-28 16:59:35 [INFO] 
2026-07-28 16:59:35 [INFO]   🔴 [91m[1mPT0002000115673471CB[0m  [2m[Cluster 0][0m
2026-07-28 16:59:35 [INFO]      consumiu MAIS que o habitual às 01h
2026-07-28 16:59:35 [INFO]      [2mReal:[0m 16.0 kWh   [2mHabitual:[0m 9.5 ± 0.9 kWh   [2mz:[0m +6.84   [2mdesvio:[0m +68%   [2m(2 obs. dia_util)[0m
2026-07-28 16:59:35 [INFO] 
2026-07-28 16:59:35 [INFO]   🔴 [91m[1mPT0002000078441876HB[0m  [2m[Cluster 0][0m
2026-07-28 16:59:35 [INFO]      consumiu MAIS que o habitual às 14h
2026-07-28 16:59:35 [INFO]      [2mReal:[0m 1753.0 kWh   [2mHabitual:[0m 1050.5 ± 105.0 kWh   [2mz:[0m +6.69   [2mdesvio:[0m +67%   [2m(2 obs. dia_util)[0m
2026-07-28 16:59:35 [INFO] 
2026-07-28 16:59:35 [INFO]   🔴 [91m[1mPT0002000068857099AR[0m  [2m[Cluster 1][0m
2026-07-28 16:59:35 [INFO]      consumiu MAIS que o habitual às 21h
2026-07-28 16:59:35 [INFO]      [2mReal:[0m 5.0 kWh   [2mHabitual:[0m 3.0 ± 0.3 kWh   [2mz:[0m +6.67   [2mdesvio:[0m +67%   [2m(3 obs. dia_util)[0m
2026-07-28 16:59:35 [INFO] 
2026-07-28 16:59:35 [INFO]   🔴 [91m[1mPT0002000068857909SY[0m  [2m[Cluster 1][0m
2026-07-28 16:59:35 [INFO]      consumiu MAIS que o habitual às 20h
2026-07-28 16:59:35 [INFO]      [2mReal:[0m 10.0 kWh   [2mHabitual:[0m 6.0 ± 0.6 kWh   [2mz:[0m +6.67   [2mdesvio:[0m +67%   [2m(2 obs. dia_util)[0m
2026-07-28 16:59:35 [INFO] 
2026-07-28 16:59:35 [INFO]   🔴 [91m[1mPT0002000073231742VK[0m  [2m[Cluster 0][0m
2026-07-28 16:59:35 [INFO]      consumiu MAIS que o habitual às 07h
2026-07-28 16:59:35 [INFO]      [2mReal:[0m 20.0 kWh   [2mHabitual:[0m 12.0 ± 1.2 kWh   [2mz:[0m +6.67   [2mdesvio:[0m +67%   [2m(2 obs. dia_util)[0m
2026-07-28 16:59:35 [INFO] 
2026-07-28 16:59:35 [INFO]   🔴 [91m[1mPT0002000073231742VK[0m  [2m[Cluster 0][0m
2026-07-28 16:59:35 [INFO]      consumiu MAIS que o habitual às 16h
2026-07-28 16:59:35 [INFO]      [2mReal:[0m 20.0 kWh   [2mHabitual:[0m 12.0 ± 1.2 kWh   [2mz:[0m +6.67   [2mdesvio:[0m +67%   [2m(2 obs. dia_util)[0m
2026-07-28 16:59:35 [INFO] 
2026-07-28 16:59:35 [INFO]   🔴 [91m[1mPT0002000078140706BA[0m  [2m[Cluster 1 (atribuido)][0m
2026-07-28 16:59:35 [INFO]      consumiu MAIS que o habitual às 12h
2026-07-28 16:59:35 [INFO]      [2mReal:[0m 2.0 kWh   [2mHabitual:[0m 0.0 ± 0.3 kWh   [2mz:[0m +6.67   [2mdesvio:[0m +200000%   [2m(2 obs. dia_util)[0m
2026-07-28 16:59:35 [INFO] 
2026-07-28 16:59:35 [INFO]   🔴 [91m[1mPT0002000081344542CP[0m  [2m[Cluster 1][0m
2026-07-28 16:59:35 [INFO]      consumiu MAIS que o habitual às 07h
2026-07-28 16:59:35 [INFO]      [2mReal:[0m 4.0 kWh   [2mHabitual:[0m 2.0 ± 0.3 kWh   [2mz:[0m +6.67   [2mdesvio:[0m +100%   [2m(2 obs. dia_util)[0m
2026-07-28 16:59:35 [INFO] 
2026-07-28 16:59:35 [INFO]   🔴 [91m[1mPT0002000115031201VQ[0m  [2m[Cluster 0][0m
2026-07-28 16:59:35 [INFO]      consumiu MAIS que o habitual às 19h
2026-07-28 16:59:35 [INFO]      [2mReal:[0m 10.0 kWh   [2mHabitual:[0m 6.0 ± 0.6 kWh   [2mz:[0m +6.67   [2mdesvio:[0m +67%   [2m(2 obs. dia_util)[0m
2026-07-28 16:59:35 [INFO] 
2026-07-28 16:59:35 [INFO]   🔴 [91m[1mPT0002000201038711LS[0m  [2m[Cluster 1 (atribuido)][0m
2026-07-28 16:59:35 [INFO]      consumiu MAIS que o habitual às 08h
2026-07-28 16:59:35 [INFO]      [2mReal:[0m 3.0 kWh   [2mHabitual:[0m 1.0 ± 0.3 kWh   [2mz:[0m +6.67   [2mdesvio:[0m +200%   [2m(2 obs. dia_util)[0m
2026-07-28 16:59:35 [INFO] 
2026-07-28 16:59:35 [INFO]   🔴 [91m[1mPT0002000068859382XF[0m  [2m[Cluster 0][0m
2026-07-28 16:59:35 [INFO]      consumiu MAIS que o habitual às 16h
2026-07-28 16:59:35 [INFO]      [2mReal:[0m 59.0 kWh   [2mHabitual:[0m 35.5 ± 3.5 kWh   [2mz:[0m +6.62   [2mdesvio:[0m +66%   [2m(2 obs. dia_util)[0m
2026-07-28 16:59:35 [INFO] 
2026-07-28 16:59:35 [INFO]   🔴 [91m[1mPT0002000068855003AK[0m  [2m[Cluster 0 (atribuido)][0m
2026-07-28 16:59:35 [INFO]      consumiu MAIS que o habitual às 07h
2026-07-28 16:59:35 [INFO]      [2mReal:[0m 11.0 kWh   [2mHabitual:[0m 6.5 ± 0.7 kWh   [2mz:[0m +6.36   [2mdesvio:[0m +69%   [2m(2 obs. dia_util)[0m
2026-07-28 16:59:35 [INFO] 
2026-07-28 16:59:35 [INFO]   🔴 [91m[1mPT0002000068859325FL[0m  [2m[Cluster 1][0m
2026-07-28 16:59:35 [INFO]      consumiu MAIS que o habitual às 08h
2026-07-28 16:59:35 [INFO]      [2mReal:[0m 80.0 kWh   [2mHabitual:[0m 44.0 ± 5.7 kWh   [2mz:[0m +6.36   [2mdesvio:[0m +82%   [2m(2 obs. dia_util)[0m
2026-07-28 16:59:35 [INFO] 
2026-07-28 16:59:35 [INFO]   🔴 [91m[1mPT0002000077394934QY[0m  [2m[Cluster 0][0m
2026-07-28 16:59:35 [INFO]      consumiu MAIS que o habitual às 10h
2026-07-28 16:59:35 [INFO]      [2mReal:[0m 149.0 kWh   [2mHabitual:[0m 86.0 ± 9.9 kWh   [2mz:[0m +6.36   [2mdesvio:[0m +73%   [2m(2 obs. dia_util)[0m
2026-07-28 16:59:35 [INFO] 
2026-07-28 16:59:35 [INFO]   🔴 [91m[1mPT0002000077394934QY[0m  [2m[Cluster 0][0m
2026-07-28 16:59:35 [INFO]      consumiu MAIS que o habitual às 15h
2026-07-28 16:59:35 [INFO]      [2mReal:[0m 151.0 kWh   [2mHabitual:[0m 70.0 ± 12.7 kWh   [2mz:[0m +6.36   [2mdesvio:[0m +116%   [2m(2 obs. dia_util)[0m
2026-07-28 16:59:35 [INFO] 
2026-07-28 16:59:35 [INFO]   🔴 [91m[1mPT0002000078294957RQ[0m  [2m[Cluster 0][0m
2026-07-28 16:59:35 [INFO]      consumiu MAIS que o habitual às 16h
2026-07-28 16:59:35 [INFO]      [2mReal:[0m 14.0 kWh   [2mHabitual:[0m 5.0 ± 1.4 kWh   [2mz:[0m +6.36   [2mdesvio:[0m +180%   [2m(2 obs. dia_util)[0m
2026-07-28 16:59:35 [INFO] 
2026-07-28 16:59:35 [INFO]   🔴 [91m[1mPT0002000107046231FW[0m  [2m[Cluster 0][0m
2026-07-28 16:59:35 [INFO]      consumiu MAIS que o habitual às 18h
2026-07-28 16:59:35 [INFO]      [2mReal:[0m 7.0 kWh   [2mHabitual:[0m 2.5 ± 0.7 kWh   [2mz:[0m +6.36   [2mdesvio:[0m +180%   [2m(2 obs. dia_util)[0m
2026-07-28 16:59:35 [INFO] 
2026-07-28 16:59:35 [INFO]   🔴 [91m[1mPT0002000110090564GD[0m  [2m[Cluster 1][0m
2026-07-28 16:59:35 [INFO]      consumiu MAIS que o habitual às 17h
2026-07-28 16:59:35 [INFO]      [2mReal:[0m 9.0 kWh   [2mHabitual:[0m 4.5 ± 0.7 kWh   [2mz:[0m +6.36   [2mdesvio:[0m +100%   [2m(2 obs. dia_util)[0m
2026-07-28 16:59:35 [INFO] 
2026-07-28 16:59:35 [INFO]   🔴 [91m[1mPT0002000114685657JR[0m  [2m[Cluster 0][0m
2026-07-28 16:59:35 [INFO]      consumiu MAIS que o habitual às 14h
2026-07-28 16:59:35 [INFO]      [2mReal:[0m 256.0 kWh   [2mHabitual:[0m 156.5 ± 15.7 kWh   [2mz:[0m +6.36   [2mdesvio:[0m +64%   [2m(2 obs. dia_util)[0m
2026-07-28 16:59:35 [INFO] 
2026-07-28 16:59:35 [INFO]   🔴 [91m[1mPT0002000115031201VQ[0m  [2m[Cluster 0][0m
2026-07-28 16:59:35 [INFO]      consumiu MAIS que o habitual às 18h
2026-07-28 16:59:35 [INFO]      [2mReal:[0m 11.0 kWh   [2mHabitual:[0m 6.5 ± 0.7 kWh   [2mz:[0m +6.36   [2mdesvio:[0m +69%   [2m(2 obs. dia_util)[0m
2026-07-28 16:59:35 [INFO] 
2026-07-28 16:59:35 [INFO]   🔴 [91m[1mPT0002000123648159KR[0m  [2m[Cluster 0][0m
2026-07-28 16:59:35 [INFO]      consumiu MAIS que o habitual às 17h
2026-07-28 16:59:35 [INFO]      [2mReal:[0m 7.0 kWh   [2mHabitual:[0m 2.5 ± 0.7 kWh   [2mz:[0m +6.36   [2mdesvio:[0m +180%   [2m(2 obs. dia_util)[0m
2026-07-28 16:59:35 [INFO] 
2026-07-28 16:59:35 [INFO]   🔴 [91m[1mPT0002000114685657JR[0m  [2m[Cluster 0][0m
2026-07-28 16:59:35 [INFO]      consumiu MAIS que o habitual às 10h
2026-07-28 16:59:35 [INFO]      [2mReal:[0m 254.0 kWh   [2mHabitual:[0m 157.0 ± 15.7 kWh   [2mz:[0m +6.18   [2mdesvio:[0m +62%   [2m(2 obs. dia_util)[0m
2026-07-28 16:59:35 [INFO] 
2026-07-28 16:59:35 [INFO]   🔴 [91m[1mPT0002000114685657JR[0m  [2m[Cluster 0][0m
2026-07-28 16:59:35 [INFO]      consumiu MAIS que o habitual às 13h
2026-07-28 16:59:35 [INFO]      [2mReal:[0m 254.0 kWh   [2mHabitual:[0m 157.0 ± 15.7 kWh   [2mz:[0m +6.18   [2mdesvio:[0m +62%   [2m(2 obs. dia_util)[0m
2026-07-28 16:59:35 [INFO] 
2026-07-28 16:59:35 [INFO]   🔴 [91m[1mPT0002000033074862LZ[0m  [2m[Cluster 0][0m
2026-07-28 16:59:35 [INFO]      consumiu MAIS que o habitual às 18h
2026-07-28 16:59:35 [INFO]      [2mReal:[0m 21.0 kWh   [2mHabitual:[0m 13.0 ± 1.3 kWh   [2mz:[0m +6.15   [2mdesvio:[0m +62%   [2m(2 obs. dia_util)[0m
2026-07-28 16:59:35 [INFO] 
2026-07-28 16:59:35 [INFO]   🔴 [91m[1mPT0002000114685657JR[0m  [2m[Cluster 0][0m
2026-07-28 16:59:35 [INFO]      consumiu MAIS que o habitual às 11h
2026-07-28 16:59:35 [INFO]      [2mReal:[0m 254.0 kWh   [2mHabitual:[0m 157.5 ± 15.8 kWh   [2mz:[0m +6.13   [2mdesvio:[0m +61%   [2m(2 obs. dia_util)[0m
2026-07-28 16:59:35 [INFO] 
2026-07-28 16:59:35 [INFO]   🔴 [91m[1mPT0002000114685657JR[0m  [2m[Cluster 0][0m
2026-07-28 16:59:35 [INFO]      consumiu MAIS que o habitual às 15h
2026-07-28 16:59:35 [INFO]      [2mReal:[0m 254.0 kWh   [2mHabitual:[0m 157.5 ± 15.8 kWh   [2mz:[0m +6.13   [2mdesvio:[0m +61%   [2m(2 obs. dia_util)[0m
2026-07-28 16:59:35 [INFO] 
2026-07-28 16:59:35 [INFO]   🔴 [91m[1mPT0002000073717386HC[0m  [2m[Cluster 1 (atribuido)][0m
2026-07-28 16:59:35 [INFO]      consumiu MAIS que o habitual às 17h
2026-07-28 16:59:35 [INFO]      [2mReal:[0m 52.0 kWh   [2mHabitual:[0m 30.5 ± 3.5 kWh   [2mz:[0m +6.08   [2mdesvio:[0m +70%   [2m(2 obs. dia_util)[0m
2026-07-28 16:59:35 [INFO] 
2026-07-28 16:59:35 [INFO]   🔴 [91m[1mPT0002000075637532JB[0m  [2m[Cluster 0][0m
2026-07-28 16:59:35 [INFO]      consumiu MAIS que o habitual às 07h
2026-07-28 16:59:35 [INFO]      [2mReal:[0m 8.0 kWh   [2mHabitual:[0m 5.0 ± 0.5 kWh   [2mz:[0m +6.00   [2mdesvio:[0m +60%   [2m(2 obs. dia_util)[0m
2026-07-28 16:59:35 [INFO] 
2026-07-28 16:59:35 [INFO]   🔴 [91m[1mPT0002000075637532JB[0m  [2m[Cluster 0][0m
2026-07-28 16:59:35 [INFO]      consumiu MAIS que o habitual às 18h
2026-07-28 16:59:35 [INFO]      [2mReal:[0m 8.0 kWh   [2mHabitual:[0m 5.0 ± 0.5 kWh   [2mz:[0m +6.00   [2mdesvio:[0m +60%   [2m(2 obs. dia_util)[0m
2026-07-28 16:59:35 [INFO] 
2026-07-28 16:59:35 [INFO]   🔴 [91m[1mPT0002000110090564GD[0m  [2m[Cluster 1][0m
2026-07-28 16:59:35 [INFO]      consumiu MAIS que o habitual às 15h
2026-07-28 16:59:35 [INFO]      [2mReal:[0m 8.0 kWh   [2mHabitual:[0m 5.0 ± 0.5 kWh   [2mz:[0m +6.00   [2mdesvio:[0m +60%   [2m(2 obs. dia_util)[0m
2026-07-28 16:59:35 [INFO] 
2026-07-28 16:59:35 [INFO]   🔴 [91m[1mPT0002000110090564GD[0m  [2m[Cluster 1][0m
2026-07-28 16:59:35 [INFO]      consumiu MAIS que o habitual às 16h
2026-07-28 16:59:35 [INFO]      [2mReal:[0m 8.0 kWh   [2mHabitual:[0m 5.0 ± 0.5 kWh   [2mz:[0m +6.00   [2mdesvio:[0m +60%   [2m(2 obs. dia_util)[0m
2026-07-28 16:59:35 [INFO] 
2026-07-28 16:59:35 [INFO]   🔴 [91m[1mPT0002000115700602GW[0m  [2m[Cluster 0][0m
2026-07-28 16:59:35 [INFO]      consumiu MAIS que o habitual às 07h
2026-07-28 16:59:35 [INFO]      [2mReal:[0m 12.0 kWh   [2mHabitual:[0m 7.5 ± 0.8 kWh   [2mz:[0m +6.00   [2mdesvio:[0m +60%   [2m(2 obs. dia_util)[0m
2026-07-28 16:59:35 [INFO] 
2026-07-28 16:59:35 [INFO]   🔴 [91m[1mPT0002000115700602GW[0m  [2m[Cluster 0][0m
2026-07-28 16:59:35 [INFO]      consumiu MAIS que o habitual às 16h
2026-07-28 16:59:35 [INFO]      [2mReal:[0m 12.0 kWh   [2mHabitual:[0m 7.5 ± 0.8 kWh   [2mz:[0m +6.00   [2mdesvio:[0m +60%   [2m(2 obs. dia_util)[0m
2026-07-28 16:59:35 [INFO] 
2026-07-28 16:59:35 [INFO]   🔴 [91m[1mPT0002000077394934QY[0m  [2m[Cluster 0][0m
2026-07-28 16:59:35 [INFO]      consumiu MAIS que o habitual às 19h
2026-07-28 16:59:35 [INFO]      [2mReal:[0m 87.0 kWh   [2mHabitual:[0m 54.5 ± 5.5 kWh   [2mz:[0m +5.96   [2mdesvio:[0m +60%   [2m(2 obs. dia_util)[0m
2026-07-28 16:59:35 [INFO] 
2026-07-28 16:59:35 [INFO]   🔴 [91m[1mPT0002000068858674WN[0m  [2m[Cluster 1 (atribuido)][0m
2026-07-28 16:59:35 [INFO]      consumiu MAIS que o habitual às 21h
2026-07-28 16:59:35 [INFO]      [2mReal:[0m 68.0 kWh   [2mHabitual:[0m 42.7 ± 4.3 kWh   [2mz:[0m +5.94   [2mdesvio:[0m +59%   [2m(3 obs. dia_util)[0m
2026-07-28 16:59:35 [INFO] 
2026-07-28 16:59:35 [INFO]   🔴 [91m[1mPT0002000116530964LH[0m  [2m[Cluster 0 (atribuido)][0m
2026-07-28 16:59:35 [INFO]      consumiu MAIS que o habitual às 20h
2026-07-28 16:59:35 [INFO]      [2mReal:[0m 119.0 kWh   [2mHabitual:[0m 75.0 ± 7.5 kWh   [2mz:[0m +5.87   [2mdesvio:[0m +59%   [2m(2 obs. dia_util)[0m
2026-07-28 16:59:35 [INFO] 
2026-07-28 16:59:35 [INFO]   🔴 [91m[1mPT0002000068859597LS[0m  [2m[Cluster 0][0m
2026-07-28 16:59:35 [INFO]      consumiu MAIS que o habitual às 12h
2026-07-28 16:59:35 [INFO]      [2mReal:[0m 69.0 kWh   [2mHabitual:[0m 43.5 ± 4.3 kWh   [2mz:[0m +5.86   [2mdesvio:[0m +59%   [2m(2 obs. dia_util)[0m
2026-07-28 16:59:35 [INFO] 
2026-07-28 16:59:35 [INFO]   🔴 [91m[1mPT0002000077394934QY[0m  [2m[Cluster 0][0m
2026-07-28 16:59:35 [INFO]      consumiu MAIS que o habitual às 11h
2026-07-28 16:59:35 [INFO]      [2mReal:[0m 156.0 kWh   [2mHabitual:[0m 85.5 ± 12.0 kWh   [2mz:[0m +5.86   [2mdesvio:[0m +82%   [2m(2 obs. dia_util)[0m
2026-07-28 16:59:35 [INFO] 
2026-07-28 16:59:35 [INFO]   🔴 [91m[1mPT0002000068859325FL[0m  [2m[Cluster 1][0m
2026-07-28 16:59:35 [INFO]      consumiu MAIS que o habitual às 22h
2026-07-28 16:59:35 [INFO]      [2mReal:[0m 76.0 kWh   [2mHabitual:[0m 48.0 ± 4.8 kWh   [2mz:[0m +5.83   [2mdesvio:[0m +58%   [2m(3 obs. dia_util)[0m
2026-07-28 16:59:35 [INFO] 
2026-07-28 16:59:35 [INFO]   🔴 [91m[1mPT0002000073231742VK[0m  [2m[Cluster 0][0m
2026-07-28 16:59:35 [INFO]      consumiu MAIS que o habitual às 18h
2026-07-28 16:59:35 [INFO]      [2mReal:[0m 19.0 kWh   [2mHabitual:[0m 12.0 ± 1.2 kWh   [2mz:[0m +5.83   [2mdesvio:[0m +58%   [2m(2 obs. dia_util)[0m
2026-07-28 16:59:35 [INFO] 
2026-07-28 16:59:35 [INFO]   🔴 [91m[1mPT0002000078441876HB[0m  [2m[Cluster 0][0m
2026-07-28 16:59:35 [INFO]      consumiu MAIS que o habitual às 16h
2026-07-28 16:59:35 [INFO]      [2mReal:[0m 1611.0 kWh   [2mHabitual:[0m 1017.5 ± 101.8 kWh   [2mz:[0m +5.83   [2mdesvio:[0m +58%   [2m(2 obs. dia_util)[0m
2026-07-28 16:59:35 [INFO] 
2026-07-28 16:59:35 [INFO]   🔴 [91m[1mPT0002000068857909SY[0m  [2m[Cluster 1][0m
2026-07-28 16:59:35 [INFO]      consumiu MAIS que o habitual às 23h
2026-07-28 16:59:35 [INFO]      [2mReal:[0m 10.0 kWh   [2mHabitual:[0m 6.3 ± 0.6 kWh   [2mz:[0m +5.79   [2mdesvio:[0m +58%   [2m(3 obs. dia_util)[0m
2026-07-28 16:59:35 [INFO] 
2026-07-28 16:59:35 [INFO]   🔴 [91m[1mPT0002000115673471CB[0m  [2m[Cluster 0][0m
2026-07-28 16:59:35 [INFO]      consumiu MAIS que o habitual às 02h
2026-07-28 16:59:35 [INFO]      [2mReal:[0m 15.0 kWh   [2mHabitual:[0m 9.5 ± 0.9 kWh   [2mz:[0m +5.79   [2mdesvio:[0m +58%   [2m(2 obs. dia_util)[0m
2026-07-28 16:59:35 [INFO] 
2026-07-28 16:59:35 [INFO]   🔴 [91m[1mPT0002000114685657JR[0m  [2m[Cluster 0][0m
2026-07-28 16:59:35 [INFO]      consumiu MAIS que o habitual às 12h
2026-07-28 16:59:35 [INFO]      [2mReal:[0m 247.0 kWh   [2mHabitual:[0m 156.5 ± 15.7 kWh   [2mz:[0m +5.78   [2mdesvio:[0m +58%   [2m(2 obs. dia_util)[0m
2026-07-28 16:59:35 [INFO] 
2026-07-28 16:59:35 [INFO]   🔴 [91m[1mPT0002000110814293YC[0m  [2m[Cluster 0 (atribuido)][0m
2026-07-28 16:59:35 [INFO]      consumiu MAIS que o habitual às 12h
2026-07-28 16:59:35 [INFO]      [2mReal:[0m 82.0 kWh   [2mHabitual:[0m 52.0 ± 5.2 kWh   [2mz:[0m +5.77   [2mdesvio:[0m +58%   [2m(2 obs. dia_util)[0m
2026-07-28 16:59:35 [INFO] 
2026-07-28 16:59:35 [INFO]   🔴 [91m[1mPT0002000068856267NC[0m  [2m[Cluster 0 (atribuido)][0m
2026-07-28 16:59:35 [INFO]      consumiu MAIS que o habitual às 16h
2026-07-28 16:59:35 [INFO]      [2mReal:[0m 26.0 kWh   [2mHabitual:[0m 16.5 ± 1.6 kWh   [2mz:[0m +5.76   [2mdesvio:[0m +58%   [2m(2 obs. dia_util)[0m
2026-07-28 16:59:35 [INFO] 
2026-07-28 16:59:35 [INFO]   🔴 [91m[1mPT0002000081997398TD[0m  [2m[Cluster 0][0m
2026-07-28 16:59:35 [INFO]      consumiu MAIS que o habitual às 09h
2026-07-28 16:59:35 [INFO]      [2mReal:[0m 305.0 kWh   [2mHabitual:[0m 193.5 ± 19.4 kWh   [2mz:[0m +5.76   [2mdesvio:[0m +58%   [2m(2 obs. dia_util)[0m
2026-07-28 16:59:35 [INFO] 
2026-07-28 16:59:35 [INFO]   🔴 [91m[1mPT0002000110814293YC[0m  [2m[Cluster 0 (atribuido)][0m
2026-07-28 16:59:35 [INFO]      consumiu MAIS que o habitual às 11h
2026-07-28 16:59:35 [INFO]      [2mReal:[0m 77.0 kWh   [2mHabitual:[0m 49.0 ± 4.9 kWh   [2mz:[0m +5.71   [2mdesvio:[0m +57%   [2m(2 obs. dia_util)[0m
2026-07-28 16:59:35 [INFO] 
2026-07-28 16:59:35 [INFO]   🔴 [91m[1mPT0002000068855003AK[0m  [2m[Cluster 0 (atribuido)][0m
2026-07-28 16:59:35 [INFO]      consumiu MAIS que o habitual às 09h
2026-07-28 16:59:35 [INFO]      [2mReal:[0m 24.0 kWh   [2mHabitual:[0m 8.0 ± 2.8 kWh   [2mz:[0m +5.66   [2mdesvio:[0m +200%   [2m(2 obs. dia_util)[0m
2026-07-28 16:59:35 [INFO] 
2026-07-28 16:59:35 [INFO]   🔴 [91m[1mPT0002000068858231YY[0m  [2m[Cluster 0 (atribuido)][0m
2026-07-28 16:59:35 [INFO]      consumiu MAIS que o habitual às 17h
2026-07-28 16:59:35 [INFO]      [2mReal:[0m 25.0 kWh   [2mHabitual:[0m 16.0 ± 1.6 kWh   [2mz:[0m +5.62   [2mdesvio:[0m +56%   [2m(2 obs. dia_util)[0m
2026-07-28 16:59:35 [INFO] 
2026-07-28 16:59:35 [INFO]   🔴 [91m[1mPT0002000073717386HC[0m  [2m[Cluster 1 (atribuido)][0m
2026-07-28 16:59:35 [INFO]      consumiu MAIS que o habitual às 16h
2026-07-28 16:59:35 [INFO]      [2mReal:[0m 38.0 kWh   [2mHabitual:[0m 24.5 ± 2.5 kWh   [2mz:[0m +5.51   [2mdesvio:[0m +55%   [2m(2 obs. dia_util)[0m
2026-07-28 16:59:35 [INFO] 
2026-07-28 16:59:35 [INFO]   🔴 [91m[1mPT0002000114685657JR[0m  [2m[Cluster 0][0m
2026-07-28 16:59:35 [INFO]      consumiu MAIS que o habitual às 09h
2026-07-28 16:59:35 [INFO]      [2mReal:[0m 244.0 kWh   [2mHabitual:[0m 157.5 ± 15.8 kWh   [2mz:[0m +5.49   [2mdesvio:[0m +55%   [2m(2 obs. dia_util)[0m
2026-07-28 16:59:35 [INFO] 
2026-07-28 16:59:35 [INFO]   🔴 [91m[1mPT0002000120237616VJ[0m  [2m[Cluster 0][0m
2026-07-28 16:59:35 [INFO]      consumiu MAIS que o habitual às 21h
2026-07-28 16:59:35 [INFO]      [2mReal:[0m 18.0 kWh   [2mHabitual:[0m 11.7 ± 1.2 kWh   [2mz:[0m +5.43   [2mdesvio:[0m +54%   [2m(3 obs. dia_util)[0m
2026-07-28 16:59:35 [INFO] 
2026-07-28 16:59:35 [INFO]   🔴 [91m[1mPT0002000120237616VJ[0m  [2m[Cluster 0][0m
2026-07-28 16:59:35 [INFO]      consumiu MAIS que o habitual às 22h
2026-07-28 16:59:35 [INFO]      [2mReal:[0m 18.0 kWh   [2mHabitual:[0m 11.7 ± 1.2 kWh   [2mz:[0m +5.43   [2mdesvio:[0m +54%   [2m(3 obs. dia_util)[0m
2026-07-28 16:59:35 [INFO] 
2026-07-28 16:59:35 [INFO]   🔴 [91m[1mPT0002000068856826ZG[0m  [2m[Cluster 0 (atribuido)][0m
2026-07-28 16:59:35 [INFO]      consumiu MAIS que o habitual às 22h
2026-07-28 16:59:35 [INFO]      [2mReal:[0m 156.0 kWh   [2mHabitual:[0m 101.7 ± 10.2 kWh   [2mz:[0m +5.34   [2mdesvio:[0m +53%   [2m(3 obs. dia_util)[0m
2026-07-28 16:59:35 [INFO] 
2026-07-28 16:59:35 [INFO]   🔴 [91m[1mPT0002000068856906VS[0m  [2m[Cluster 0][0m
2026-07-28 16:59:35 [INFO]      consumiu MAIS que o habitual às 15h
2026-07-28 16:59:35 [INFO]      [2mReal:[0m 36.0 kWh   [2mHabitual:[0m 23.5 ± 2.4 kWh   [2mz:[0m +5.32   [2mdesvio:[0m +53%   [2m(2 obs. dia_util)[0m
2026-07-28 16:59:35 [INFO] 
2026-07-28 16:59:35 [INFO]   🔴 [91m[1mPT0002000081997398TD[0m  [2m[Cluster 0][0m
2026-07-28 16:59:35 [INFO]      consumiu MAIS que o habitual às 10h
2026-07-28 16:59:35 [INFO]      [2mReal:[0m 211.0 kWh   [2mHabitual:[0m 138.0 ± 13.8 kWh   [2mz:[0m +5.29   [2mdesvio:[0m +53%   [2m(2 obs. dia_util)[0m
2026-07-28 16:59:35 [INFO] 
2026-07-28 16:59:35 [INFO]   🔴 [91m[1mPT0002000115673471CB[0m  [2m[Cluster 0][0m
2026-07-28 16:59:35 [INFO]      consumiu MAIS que o habitual às 04h
2026-07-28 16:59:35 [INFO]      [2mReal:[0m 16.0 kWh   [2mHabitual:[0m 10.5 ± 1.1 kWh   [2mz:[0m +5.24   [2mdesvio:[0m +52%   [2m(2 obs. dia_util)[0m
2026-07-28 16:59:35 [INFO] 
2026-07-28 16:59:35 [INFO]   🔴 [91m[1mPT0002000073720434JD[0m  [2m[Cluster 1 (atribuido)][0m
2026-07-28 16:59:35 [INFO]      consumiu MAIS que o habitual às 20h
2026-07-28 16:59:35 [INFO]      [2mReal:[0m 44.0 kWh   [2mHabitual:[0m 25.5 ± 3.5 kWh   [2mz:[0m +5.23   [2mdesvio:[0m +73%   [2m(2 obs. dia_util)[0m
2026-07-28 16:59:35 [INFO] 
2026-07-28 16:59:35 [INFO]   🔴 [91m[1mPT0002000110814293YC[0m  [2m[Cluster 0 (atribuido)][0m
2026-07-28 16:59:35 [INFO]      consumiu MAIS que o habitual às 20h
2026-07-28 16:59:35 [INFO]      [2mReal:[0m 67.0 kWh   [2mHabitual:[0m 44.0 ± 4.4 kWh   [2mz:[0m +5.23   [2mdesvio:[0m +52%   [2m(2 obs. dia_util)[0m
2026-07-28 16:59:35 [INFO] 
2026-07-28 16:59:35 [INFO]   🔴 [91m[1mPT0002000077348081AG[0m  [2m[Cluster 0 (atribuido)][0m
2026-07-28 16:59:35 [INFO]      consumiu MAIS que o habitual às 10h
2026-07-28 16:59:35 [INFO]      [2mReal:[0m 298.0 kWh   [2mHabitual:[0m 116.0 ± 35.4 kWh   [2mz:[0m +5.15   [2mdesvio:[0m +157%   [2m(2 obs. dia_util)[0m
2026-07-28 16:59:35 [INFO] 
2026-07-28 16:59:35 [INFO]   🔴 [91m[1mPT0002000078441876HB[0m  [2m[Cluster 0][0m
2026-07-28 16:59:35 [INFO]      consumiu MAIS que o habitual às 17h
2026-07-28 16:59:35 [INFO]      [2mReal:[0m 1610.0 kWh   [2mHabitual:[0m 1062.5 ± 106.2 kWh   [2mz:[0m +5.15   [2mdesvio:[0m +52%   [2m(2 obs. dia_util)[0m
2026-07-28 16:59:35 [INFO] 
2026-07-28 16:59:35 [INFO]   🔴 [91m[1mPT0002000115673389QK[0m  [2m[Cluster 0][0m
2026-07-28 16:59:35 [INFO]      consumiu MAIS que o habitual às 16h
2026-07-28 16:59:35 [INFO]      [2mReal:[0m 34.0 kWh   [2mHabitual:[0m 22.5 ± 2.2 kWh   [2mz:[0m +5.11   [2mdesvio:[0m +51%   [2m(2 obs. dia_util)[0m
2026-07-28 16:59:35 [INFO] 
2026-07-28 16:59:35 [INFO]   🔴 [91m[1mPT0002000101964938LF[0m  [2m[Cluster 0][0m
2026-07-28 16:59:35 [INFO]      consumiu MAIS que o habitual às 11h
2026-07-28 16:59:35 [INFO]      [2mReal:[0m 60.0 kWh   [2mHabitual:[0m 17.0 ± 8.5 kWh   [2mz:[0m +5.07   [2mdesvio:[0m +253%   [2m(2 obs. dia_util)[0m
2026-07-28 16:59:35 [INFO] 
2026-07-28 16:59:35 [INFO]   🔴 [91m[1mPT0002000114685657JR[0m  [2m[Cluster 0][0m
2026-07-28 16:59:35 [INFO]      consumiu MAIS que o habitual às 17h
2026-07-28 16:59:35 [INFO]      [2mReal:[0m 241.0 kWh   [2mHabitual:[0m 160.5 ± 16.1 kWh   [2mz:[0m +5.02   [2mdesvio:[0m +50%   [2m(2 obs. dia_util)[0m
2026-07-28 16:59:35 [INFO] 
2026-07-28 16:59:35 [INFO]   🔴 [91m[1mPT0002000068856906VS[0m  [2m[Cluster 0][0m
2026-07-28 16:59:35 [INFO]      consumiu MAIS que o habitual às 14h
2026-07-28 16:59:35 [INFO]      [2mReal:[0m 36.0 kWh   [2mHabitual:[0m 24.0 ± 2.4 kWh   [2mz:[0m +5.00   [2mdesvio:[0m +50%   [2m(2 obs. dia_util)[0m
2026-07-28 16:59:35 [INFO] 
2026-07-28 16:59:35 [INFO]   🔴 [91m[1mPT0002000068857909SY[0m  [2m[Cluster 1][0m
2026-07-28 16:59:35 [INFO]      consumiu MAIS que o habitual às 22h
2026-07-28 16:59:35 [INFO]      [2mReal:[0m 10.0 kWh   [2mHabitual:[0m 6.7 ± 0.7 kWh   [2mz:[0m +5.00   [2mdesvio:[0m +50%   [2m(3 obs. dia_util)[0m
2026-07-28 16:59:35 [INFO] 
2026-07-28 16:59:35 [INFO]   🔴 [91m[1mPT0002000068858231YY[0m  [2m[Cluster 0 (atribuido)][0m
2026-07-28 16:59:35 [INFO]      consumiu MAIS que o habitual às 07h
2026-07-28 16:59:35 [INFO]      [2mReal:[0m 24.0 kWh   [2mHabitual:[0m 16.0 ± 1.6 kWh   [2mz:[0m +5.00   [2mdesvio:[0m +50%   [2m(2 obs. dia_util)[0m
2026-07-28 16:59:35 [INFO] 
2026-07-28 16:59:35 [INFO]   🔴 [91m[1mPT0002000078140706BA[0m  [2m[Cluster 1 (atribuido)][0m
2026-07-28 16:59:35 [INFO]      consumiu MAIS que o habitual às 23h
2026-07-28 16:59:35 [INFO]      [2mReal:[0m 58.0 kWh   [2mHabitual:[0m 38.7 ± 3.9 kWh   [2mz:[0m +5.00   [2mdesvio:[0m +50%   [2m(3 obs. dia_util)[0m
2026-07-28 16:59:35 [INFO] 
2026-07-28 16:59:35 [INFO]   🔴 [91m[1mPT0002000110607652SB[0m  [2m[Cluster 0][0m
2026-07-28 16:59:35 [INFO]      consumiu MAIS que o habitual às 20h
2026-07-28 16:59:35 [INFO]      [2mReal:[0m 12.0 kWh   [2mHabitual:[0m 8.0 ± 0.8 kWh   [2mz:[0m +5.00   [2mdesvio:[0m +50%   [2m(2 obs. dia_util)[0m
2026-07-28 16:59:35 [INFO] 
2026-07-28 16:59:35 [INFO]   🔴 [91m[1mPT0002000115031201VQ[0m  [2m[Cluster 0][0m
2026-07-28 16:59:35 [INFO]      consumiu MAIS que o habitual às 07h
2026-07-28 16:59:35 [INFO]      [2mReal:[0m 6.0 kWh   [2mHabitual:[0m 4.0 ± 0.4 kWh   [2mz:[0m +5.00   [2mdesvio:[0m +50%   [2m(2 obs. dia_util)[0m
2026-07-28 16:59:35 [INFO] 
2026-07-28 16:59:35 [INFO]   🔴 [91m[1mPT0002000068856655YV[0m  [2m[Cluster 0][0m
2026-07-28 16:59:35 [INFO]      consumiu MAIS que o habitual às 19h
2026-07-28 16:59:35 [INFO]      [2mReal:[0m 5.0 kWh   [2mHabitual:[0m 1.5 ± 0.7 kWh   [2mz:[0m +4.95   [2mdesvio:[0m +233%   [2m(2 obs. dia_util)[0m
2026-07-28 16:59:35 [INFO] 
2026-07-28 16:59:35 [INFO]   🔴 [91m[1mPT0002000068856872QG[0m  [2m[Cluster 1][0m
2026-07-28 16:59:35 [INFO]      consumiu MAIS que o habitual às 11h
2026-07-28 16:59:35 [INFO]      [2mReal:[0m 4.0 kWh   [2mHabitual:[0m 0.5 ± 0.7 kWh   [2mz:[0m +4.95   [2mdesvio:[0m +700%   [2m(2 obs. dia_util)[0m
2026-07-28 16:59:35 [INFO] 
2026-07-28 16:59:35 [INFO]   🔴 [91m[1mPT0002000068857909SY[0m  [2m[Cluster 1][0m
2026-07-28 16:59:35 [INFO]      consumiu MAIS que o habitual às 17h
2026-07-28 16:59:35 [INFO]      [2mReal:[0m 10.0 kWh   [2mHabitual:[0m 6.5 ± 0.7 kWh   [2mz:[0m +4.95   [2mdesvio:[0m +54%   [2m(2 obs. dia_util)[0m
2026-07-28 16:59:35 [INFO] 
2026-07-28 16:59:35 [INFO]   🔴 [91m[1mPT0002000068857909SY[0m  [2m[Cluster 1][0m
2026-07-28 16:59:35 [INFO]      consumiu MAIS que o habitual às 18h
2026-07-28 16:59:35 [INFO]      [2mReal:[0m 10.0 kWh   [2mHabitual:[0m 6.5 ± 0.7 kWh   [2mz:[0m +4.95   [2mdesvio:[0m +54%   [2m(2 obs. dia_util)[0m
2026-07-28 16:59:35 [INFO] 
2026-07-28 16:59:35 [INFO]   🔴 [91m[1mPT0002000068859393XH[0m  [2m[Cluster 1][0m
2026-07-28 16:59:35 [INFO]      consumiu MAIS que o habitual às 08h
2026-07-28 16:59:35 [INFO]      [2mReal:[0m 114.0 kWh   [2mHabitual:[0m 61.5 ± 10.6 kWh   [2mz:[0m +4.95   [2mdesvio:[0m +85%   [2m(2 obs. dia_util)[0m
2026-07-28 16:59:35 [INFO] 
2026-07-28 16:59:35 [INFO]   🔴 [91m[1mPT0002000077348081AG[0m  [2m[Cluster 0 (atribuido)][0m
2026-07-28 16:59:35 [INFO]      consumiu MAIS que o habitual às 11h
2026-07-28 16:59:35 [INFO]      [2mReal:[0m 302.0 kWh   [2mHabitual:[0m 116.5 ± 37.5 kWh   [2mz:[0m +4.95   [2mdesvio:[0m +159%   [2m(2 obs. dia_util)[0m
2026-07-28 16:59:35 [INFO] 
2026-07-28 16:59:35 [INFO]   🔴 [91m[1mPT0002000077394934QY[0m  [2m[Cluster 0][0m
2026-07-28 16:59:35 [INFO]      consumiu MAIS que o habitual às 17h
2026-07-28 16:59:35 [INFO]      [2mReal:[0m 128.0 kWh   [2mHabitual:[0m 61.5 ± 13.4 kWh   [2mz:[0m +4.95   [2mdesvio:[0m +108%   [2m(2 obs. dia_util)[0m
2026-07-28 16:59:35 [INFO] 
2026-07-28 16:59:35 [INFO]   🔴 [91m[1mPT0002000110090564GD[0m  [2m[Cluster 1][0m
2026-07-28 16:59:35 [INFO]      consumiu MAIS que o habitual às 14h
2026-07-28 16:59:35 [INFO]      [2mReal:[0m 8.0 kWh   [2mHabitual:[0m 4.5 ± 0.7 kWh   [2mz:[0m +4.95   [2mdesvio:[0m +78%   [2m(2 obs. dia_util)[0m
2026-07-28 16:59:35 [INFO] 
2026-07-28 16:59:35 [INFO]   🔴 [91m[1mPT0002000110814293YC[0m  [2m[Cluster 0 (atribuido)][0m
2026-07-28 16:59:35 [INFO]      consumiu MAIS que o habitual às 10h
2026-07-28 16:59:35 [INFO]      [2mReal:[0m 78.0 kWh   [2mHabitual:[0m 43.0 ± 7.1 kWh   [2mz:[0m +4.95   [2mdesvio:[0m +81%   [2m(2 obs. dia_util)[0m
2026-07-28 16:59:35 [INFO] 
2026-07-28 16:59:35 [INFO]   🔴 [91m[1mPT0002000111572054VT[0m  [2m[Cluster 0 (atribuido)][0m
2026-07-28 16:59:35 [INFO]      consumiu MAIS que o habitual às 08h
2026-07-28 16:59:35 [INFO]      [2mReal:[0m 17.0 kWh   [2mHabitual:[0m 3.0 ± 2.8 kWh   [2mz:[0m +4.95   [2mdesvio:[0m +467%   [2m(2 obs. dia_util)[0m
2026-07-28 16:59:35 [INFO] 
2026-07-28 16:59:35 [INFO]   🔴 [91m[1mPT0002000115031201VQ[0m  [2m[Cluster 0][0m
2026-07-28 16:59:35 [INFO]      consumiu MAIS que o habitual às 20h
2026-07-28 16:59:35 [INFO]      [2mReal:[0m 10.0 kWh   [2mHabitual:[0m 6.5 ± 0.7 kWh   [2mz:[0m +4.95   [2mdesvio:[0m +54%   [2m(2 obs. dia_util)[0m
2026-07-28 16:59:35 [INFO] 
2026-07-28 16:59:35 [INFO]   🔴 [91m[1mPT0002000125379984SH[0m  [2m[Cluster 1][0m
2026-07-28 16:59:35 [INFO]      consumiu MAIS que o habitual às 08h
2026-07-28 16:59:35 [INFO]      [2mReal:[0m 9.0 kWh   [2mHabitual:[0m 5.5 ± 0.7 kWh   [2mz:[0m +4.95   [2mdesvio:[0m +64%   [2m(2 obs. dia_util)[0m
2026-07-28 16:59:35 [INFO] 
2026-07-28 16:59:35 [INFO]   🔴 [91m[1mPT0002000201038711LS[0m  [2m[Cluster 1 (atribuido)][0m
2026-07-28 16:59:35 [INFO]      consumiu MAIS que o habitual às 06h
2026-07-28 16:59:35 [INFO]      [2mReal:[0m 4.0 kWh   [2mHabitual:[0m 0.5 ± 0.7 kWh   [2mz:[0m +4.95   [2mdesvio:[0m +700%   [2m(2 obs. dia_util)[0m
2026-07-28 16:59:35 [INFO] 
2026-07-28 16:59:35 [INFO]   🔴 [91m[1mPT0002000078441876HB[0m  [2m[Cluster 0][0m
2026-07-28 16:59:35 [INFO]      consumiu MAIS que o habitual às 18h
2026-07-28 16:59:35 [INFO]      [2mReal:[0m 1690.0 kWh   [2mHabitual:[0m 1131.0 ± 113.1 kWh   [2mz:[0m +4.94   [2mdesvio:[0m +49%   [2m(2 obs. dia_util)[0m
2026-07-28 16:59:35 [INFO] 
2026-07-28 16:59:35 [INFO]   🔴 [91m[1mPT0002000081997398TD[0m  [2m[Cluster 0][0m
2026-07-28 16:59:35 [INFO]      consumiu MAIS que o habitual às 15h
2026-07-28 16:59:35 [INFO]      [2mReal:[0m 183.0 kWh   [2mHabitual:[0m 122.5 ± 12.2 kWh   [2mz:[0m +4.94   [2mdesvio:[0m +49%   [2m(2 obs. dia_util)[0m
2026-07-28 16:59:35 [INFO] 
2026-07-28 16:59:35 [INFO]   🔴 [91m[1mPT0002000082549706RH[0m  [2m[Cluster 0][0m
2026-07-28 16:59:35 [INFO]      consumiu MAIS que o habitual às 11h
2026-07-28 16:59:35 [INFO]      [2mReal:[0m 126.0 kWh   [2mHabitual:[0m 84.5 ± 8.4 kWh   [2mz:[0m +4.91   [2mdesvio:[0m +49%   [2m(2 obs. dia_util)[0m
2026-07-28 16:59:35 [INFO] 
2026-07-28 16:59:35 [INFO]   🔴 [91m[1mPT0002000110814293YC[0m  [2m[Cluster 0 (atribuido)][0m
2026-07-28 16:59:35 [INFO]      consumiu MAIS que o habitual às 16h
2026-07-28 16:59:35 [INFO]      [2mReal:[0m 82.0 kWh   [2mHabitual:[0m 55.0 ± 5.5 kWh   [2mz:[0m +4.91   [2mdesvio:[0m +49%   [2m(2 obs. dia_util)[0m
2026-07-28 16:59:35 [INFO] 
2026-07-28 16:59:35 [INFO]   🔴 [91m[1mPT0002000116530964LH[0m  [2m[Cluster 0 (atribuido)][0m
2026-07-28 16:59:35 [INFO]      consumiu MAIS que o habitual às 21h
2026-07-28 16:59:35 [INFO]      [2mReal:[0m 115.0 kWh   [2mHabitual:[0m 67.3 ± 9.8 kWh   [2mz:[0m +4.86   [2mdesvio:[0m +71%   [2m(3 obs. dia_util)[0m
2026-07-28 16:59:35 [INFO] 
2026-07-28 16:59:35 [INFO]   🔴 [91m[1mPT0002000101964938LF[0m  [2m[Cluster 0][0m
2026-07-28 16:59:35 [INFO]      consumiu MAIS que o habitual às 10h
2026-07-28 16:59:35 [INFO]      [2mReal:[0m 57.0 kWh   [2mHabitual:[0m 16.0 ± 8.5 kWh   [2mz:[0m +4.83   [2mdesvio:[0m +256%   [2m(2 obs. dia_util)[0m
2026-07-28 16:59:35 [INFO] 
2026-07-28 16:59:35 [INFO]   🔴 [91m[1mPT0002000116530964LH[0m  [2m[Cluster 0 (atribuido)][0m
2026-07-28 16:59:35 [INFO]      consumiu MAIS que o habitual às 08h
2026-07-28 16:59:35 [INFO]      [2mReal:[0m 117.0 kWh   [2mHabitual:[0m 79.0 ± 7.9 kWh   [2mz:[0m +4.81   [2mdesvio:[0m +48%   [2m(2 obs. dia_util)[0m
2026-07-28 16:59:35 [INFO] 
2026-07-28 16:59:35 [INFO]   🔵 [94m[1mPT0002000107172384HT[0m  [2m[Cluster 1][0m
2026-07-28 16:59:35 [INFO]      consumiu MENOS que o habitual às 19h
2026-07-28 16:59:35 [INFO]      [2mReal:[0m 21.0 kWh   [2mHabitual:[0m 51.5 ± 6.4 kWh   [2mz:[0m -4.79   [2mdesvio:[0m -59%   [2m(2 obs. dia_util)[0m
2026-07-28 16:59:35 [INFO] 
2026-07-28 16:59:35 [INFO]   🔴 [91m[1mPT0002000068859597LS[0m  [2m[Cluster 0][0m
2026-07-28 16:59:35 [INFO]      consumiu MAIS que o habitual às 13h
2026-07-28 16:59:35 [INFO]      [2mReal:[0m 65.0 kWh   [2mHabitual:[0m 44.0 ± 4.4 kWh   [2mz:[0m +4.77   [2mdesvio:[0m +48%   [2m(2 obs. dia_util)[0m
2026-07-28 16:59:35 [INFO] 
2026-07-28 16:59:35 [INFO]   🔴 [91m[1mPT0002000068859325FL[0m  [2m[Cluster 1][0m
2026-07-28 16:59:35 [INFO]      consumiu MAIS que o habitual às 09h
2026-07-28 16:59:35 [INFO]      [2mReal:[0m 112.0 kWh   [2mHabitual:[0m 76.0 ± 7.6 kWh   [2mz:[0m +4.74   [2mdesvio:[0m +47%   [2m(2 obs. dia_util)[0m
2026-07-28 16:59:35 [INFO] 
2026-07-28 16:59:35 [INFO]   🔴 [91m[1mPT0002000077394934QY[0m  [2m[Cluster 0][0m
2026-07-28 16:59:35 [INFO]      consumiu MAIS que o habitual às 18h
2026-07-28 16:59:35 [INFO]      [2mReal:[0m 94.0 kWh   [2mHabitual:[0m 54.0 ± 8.5 kWh   [2mz:[0m +4.71   [2mdesvio:[0m +74%   [2m(2 obs. dia_util)[0m
2026-07-28 16:59:35 [INFO] 
2026-07-28 16:59:35 [INFO]   🔴 [91m[1mPT0002000115700602GW[0m  [2m[Cluster 0][0m
2026-07-28 16:59:35 [INFO]      consumiu MAIS que o habitual às 17h
2026-07-28 16:59:35 [INFO]      [2mReal:[0m 11.0 kWh   [2mHabitual:[0m 7.5 ± 0.8 kWh   [2mz:[0m +4.67   [2mdesvio:[0m +47%   [2m(2 obs. dia_util)[0m
2026-07-28 16:59:35 [INFO] 
2026-07-28 16:59:35 [INFO]   🔴 [91m[1mPT0002000078140706BA[0m  [2m[Cluster 1 (atribuido)][0m
2026-07-28 16:59:35 [INFO]      consumiu MAIS que o habitual às 22h
2026-07-28 16:59:35 [INFO]      [2mReal:[0m 63.0 kWh   [2mHabitual:[0m 42.0 ± 4.6 kWh   [2mz:[0m +4.58   [2mdesvio:[0m +50%   [2m(3 obs. dia_util)[0m
2026-07-28 16:59:35 [INFO] 
2026-07-28 16:59:35 [INFO]   🔴 [91m[1mPT0002000114613364CC[0m  [2m[Cluster 0 (atribuido)][0m
2026-07-28 16:59:35 [INFO]      consumiu MAIS que o habitual às 07h
2026-07-28 16:59:35 [INFO]      [2mReal:[0m 173.0 kWh   [2mHabitual:[0m 119.0 ± 11.9 kWh   [2mz:[0m +4.54   [2mdesvio:[0m +45%   [2m(2 obs. dia_util)[0m
2026-07-28 16:59:35 [INFO] 
2026-07-28 16:59:35 [INFO]   🔴 [91m[1mPT0002000082549706RH[0m  [2m[Cluster 0][0m
2026-07-28 16:59:36 [INFO]      consumiu MAIS que o habitual às 10h
2026-07-28 16:59:36 [INFO]      [2mReal:[0m 117.0 kWh   [2mHabitual:[0m 80.5 ± 8.1 kWh   [2mz:[0m +4.53   [2mdesvio:[0m +45%   [2m(2 obs. dia_util)[0m
2026-07-28 16:59:36 [INFO] 
2026-07-28 16:59:36 [INFO]   🔵 [94m[1mPT0002000107172384HT[0m  [2m[Cluster 1][0m
2026-07-28 16:59:36 [INFO]      consumiu MENOS que o habitual às 15h
2026-07-28 16:59:36 [INFO]      [2mReal:[0m 26.0 kWh   [2mHabitual:[0m 47.5 ± 4.8 kWh   [2mz:[0m -4.53   [2mdesvio:[0m -45%   [2m(2 obs. dia_util)[0m
2026-07-28 16:59:36 [INFO] 
2026-07-28 16:59:36 [INFO]   🔴 [91m[1mPT0002000077394934QY[0m  [2m[Cluster 0][0m
2026-07-28 16:59:36 [INFO]      consumiu MAIS que o habitual às 08h
2026-07-28 16:59:36 [INFO]      [2mReal:[0m 81.0 kWh   [2mHabitual:[0m 56.0 ± 5.6 kWh   [2mz:[0m +4.46   [2mdesvio:[0m +45%   [2m(2 obs. dia_util)[0m
2026-07-28 16:59:36 [INFO] 
2026-07-28 16:59:36 [INFO]   🔴 [91m[1mPT0002000110814293YC[0m  [2m[Cluster 0 (atribuido)][0m
2026-07-28 16:59:36 [INFO]      consumiu MAIS que o habitual às 18h
2026-07-28 16:59:36 [INFO]      [2mReal:[0m 78.0 kWh   [2mHabitual:[0m 54.0 ± 5.4 kWh   [2mz:[0m +4.44   [2mdesvio:[0m +44%   [2m(2 obs. dia_util)[0m
2026-07-28 16:59:36 [INFO] 
2026-07-28 16:59:36 [INFO]   🔴 [91m[1mPT0002000112989585PH[0m  [2m[Cluster 0][0m
2026-07-28 16:59:36 [INFO]      consumiu MAIS que o habitual às 18h
2026-07-28 16:59:36 [INFO]      [2mReal:[0m 127.0 kWh   [2mHabitual:[0m 88.0 ± 8.8 kWh   [2mz:[0m +4.43   [2mdesvio:[0m +44%   [2m(2 obs. dia_util)[0m
2026-07-28 16:59:36 [INFO] 
2026-07-28 16:59:36 [INFO]   🔴 [91m[1mPT0002000114613364CC[0m  [2m[Cluster 0 (atribuido)][0m
2026-07-28 16:59:36 [INFO]      consumiu MAIS que o habitual às 19h
2026-07-28 16:59:36 [INFO]      [2mReal:[0m 166.0 kWh   [2mHabitual:[0m 115.0 ± 11.5 kWh   [2mz:[0m +4.43   [2mdesvio:[0m +44%   [2m(2 obs. dia_util)[0m
2026-07-28 16:59:36 [INFO] 
2026-07-28 16:59:36 [INFO]   🔴 [91m[1mPT0002000073573036KH[0m  [2m[Cluster 0 (atribuido)][0m
2026-07-28 16:59:36 [INFO]      consumiu MAIS que o habitual às 19h
2026-07-28 16:59:36 [INFO]      [2mReal:[0m 216.0 kWh   [2mHabitual:[0m 116.0 ± 22.6 kWh   [2mz:[0m +4.42   [2mdesvio:[0m +86%   [2m(2 obs. dia_util)[0m
2026-07-28 16:59:36 [INFO] 
2026-07-28 16:59:36 [INFO]   🔴 [91m[1mPT0002000081997398TD[0m  [2m[Cluster 0][0m
2026-07-28 16:59:36 [INFO]      consumiu MAIS que o habitual às 08h
2026-07-28 16:59:36 [INFO]      [2mReal:[0m 168.0 kWh   [2mHabitual:[0m 116.5 ± 11.7 kWh   [2mz:[0m +4.42   [2mdesvio:[0m +44%   [2m(2 obs. dia_util)[0m
2026-07-28 16:59:36 [INFO] 
2026-07-28 16:59:36 [INFO]   🔴 [91m[1mPT0002000112989585PH[0m  [2m[Cluster 0][0m
2026-07-28 16:59:36 [INFO]      consumiu MAIS que o habitual às 13h
2026-07-28 16:59:36 [INFO]      [2mReal:[0m 29.0 kWh   [2mHabitual:[0m 4.0 ± 5.7 kWh   [2mz:[0m +4.42   [2mdesvio:[0m +625%   [2m(2 obs. dia_util)[0m
2026-07-28 16:59:36 [INFO] 
2026-07-28 16:59:36 [INFO]   🔴 [91m[1mPT0002000114685657JR[0m  [2m[Cluster 0][0m
2026-07-28 16:59:36 [INFO]      consumiu MAIS que o habitual às 08h
2026-07-28 16:59:36 [INFO]      [2mReal:[0m 225.0 kWh   [2mHabitual:[0m 156.0 ± 15.6 kWh   [2mz:[0m +4.42   [2mdesvio:[0m +44%   [2m(2 obs. dia_util)[0m
2026-07-28 16:59:36 [INFO] 
2026-07-28 16:59:36 [INFO]   🔴 [91m[1mPT0002000115673389QK[0m  [2m[Cluster 0][0m
2026-07-28 16:59:36 [INFO]      consumiu MAIS que o habitual às 17h
2026-07-28 16:59:36 [INFO]      [2mReal:[0m 31.0 kWh   [2mHabitual:[0m 21.5 ± 2.1 kWh   [2mz:[0m +4.42   [2mdesvio:[0m +44%   [2m(2 obs. dia_util)[0m
2026-07-28 16:59:36 [INFO] 
2026-07-28 16:59:36 [INFO]   🔴 [91m[1mPT0002000077394934QY[0m  [2m[Cluster 0][0m
2026-07-28 16:59:36 [INFO]      consumiu MAIS que o habitual às 16h
2026-07-28 16:59:36 [INFO]      [2mReal:[0m 133.0 kWh   [2mHabitual:[0m 65.0 ± 15.6 kWh   [2mz:[0m +4.37   [2mdesvio:[0m +105%   [2m(2 obs. dia_util)[0m
2026-07-28 16:59:36 [INFO] 
2026-07-28 16:59:36 [INFO]   🔴 [91m[1mPT0002000068859597LS[0m  [2m[Cluster 0][0m
2026-07-28 16:59:36 [INFO]      consumiu MAIS que o habitual às 15h
2026-07-28 16:59:36 [INFO]      [2mReal:[0m 63.0 kWh   [2mHabitual:[0m 41.5 ± 5.0 kWh   [2mz:[0m +4.34   [2mdesvio:[0m +52%   [2m(2 obs. dia_util)[0m
2026-07-28 16:59:36 [INFO] 
2026-07-28 16:59:36 [INFO]   🔴 [91m[1mPT0002000068857909SY[0m  [2m[Cluster 1][0m
2026-07-28 16:59:36 [INFO]      consumiu MAIS que o habitual às 19h
2026-07-28 16:59:36 [INFO]      [2mReal:[0m 10.0 kWh   [2mHabitual:[0m 7.0 ± 0.7 kWh   [2mz:[0m +4.29   [2mdesvio:[0m +43%   [2m(2 obs. dia_util)[0m
2026-07-28 16:59:36 [INFO] 
2026-07-28 16:59:36 [INFO]   🔴 [91m[1mPT0002000077348081AG[0m  [2m[Cluster 0 (atribuido)][0m
2026-07-28 16:59:36 [INFO]      consumiu MAIS que o habitual às 18h
2026-07-28 16:59:36 [INFO]      [2mReal:[0m 350.0 kWh   [2mHabitual:[0m 245.0 ± 24.5 kWh   [2mz:[0m +4.29   [2mdesvio:[0m +43%   [2m(2 obs. dia_util)[0m
2026-07-28 16:59:36 [INFO] 
2026-07-28 16:59:36 [INFO]   🔴 [91m[1mPT0002000068859382XF[0m  [2m[Cluster 0][0m
2026-07-28 16:59:36 [INFO]      consumiu MAIS que o habitual às 08h
2026-07-28 16:59:36 [INFO]      [2mReal:[0m 52.0 kWh   [2mHabitual:[0m 36.5 ± 3.6 kWh   [2mz:[0m +4.25   [2mdesvio:[0m +42%   [2m(2 obs. dia_util)[0m
2026-07-28 16:59:36 [INFO] 
2026-07-28 16:59:36 [INFO]   🔴 [91m[1mPT0002000078441876HB[0m  [2m[Cluster 0][0m
2026-07-28 16:59:36 [INFO]      consumiu MAIS que o habitual às 21h
2026-07-28 16:59:36 [INFO]      [2mReal:[0m 1013.0 kWh   [2mHabitual:[0m 714.0 ± 71.4 kWh   [2mz:[0m +4.19   [2mdesvio:[0m +42%   [2m(3 obs. dia_util)[0m
2026-07-28 16:59:36 [INFO] 
2026-07-28 16:59:36 [INFO]   🔴 [91m[1mPT0002000106102375RC[0m  [2m[Cluster 0 (atribuido)][0m
2026-07-28 16:59:36 [INFO]      consumiu MAIS que o habitual às 13h
2026-07-28 16:59:36 [INFO]      [2mReal:[0m 56.0 kWh   [2mHabitual:[0m 39.5 ± 4.0 kWh   [2mz:[0m +4.18   [2mdesvio:[0m +42%   [2m(2 obs. dia_util)[0m
2026-07-28 16:59:36 [INFO] 
2026-07-28 16:59:36 [INFO]   🔴 [91m[1mPT0002000073573036KH[0m  [2m[Cluster 0 (atribuido)][0m
2026-07-28 16:59:36 [INFO]      consumiu MAIS que o habitual às 20h
2026-07-28 16:59:36 [INFO]      [2mReal:[0m 149.0 kWh   [2mHabitual:[0m 105.5 ± 10.6 kWh   [2mz:[0m +4.12   [2mdesvio:[0m +41%   [2m(2 obs. dia_util)[0m
2026-07-28 16:59:36 [INFO] 
2026-07-28 16:59:36 [INFO]   🔴 [91m[1mPT0002000078441876HB[0m  [2m[Cluster 0][0m
2026-07-28 16:59:36 [INFO]      consumiu MAIS que o habitual às 09h
2026-07-28 16:59:36 [INFO]      [2mReal:[0m 1441.0 kWh   [2mHabitual:[0m 1021.0 ± 102.1 kWh   [2mz:[0m +4.11   [2mdesvio:[0m +41%   [2m(2 obs. dia_util)[0m
2026-07-28 16:59:36 [INFO] 
2026-07-28 16:59:36 [INFO]   🔴 [91m[1mPT0002000102936404ME[0m  [2m[Cluster 1][0m
2026-07-28 16:59:36 [INFO]      consumiu MAIS que o habitual às 01h
2026-07-28 16:59:36 [INFO]      [2mReal:[0m 19.0 kWh   [2mHabitual:[0m 13.5 ± 1.4 kWh   [2mz:[0m +4.07   [2mdesvio:[0m +41%   [2m(2 obs. dia_util)[0m
2026-07-28 16:59:36 [INFO] 
2026-07-28 16:59:36 [INFO]   🔴 [91m[1mPT0002000068857909SY[0m  [2m[Cluster 1][0m
2026-07-28 16:59:36 [INFO]      consumiu MAIS que o habitual às 21h
2026-07-28 16:59:36 [INFO]      [2mReal:[0m 10.0 kWh   [2mHabitual:[0m 6.0 ± 1.0 kWh   [2mz:[0m +4.00   [2mdesvio:[0m +67%   [2m(3 obs. dia_util)[0m
2026-07-28 16:59:36 [INFO] 
2026-07-28 16:59:36 [INFO]   🔵 [94m[1mPT0002000081344542CP[0m  [2m[Cluster 1][0m
2026-07-28 16:59:36 [INFO]      consumiu MENOS que o habitual às 22h
2026-07-28 16:59:36 [INFO]      [2mReal:[0m 1.0 kWh   [2mHabitual:[0m 5.0 ± 1.0 kWh   [2mz:[0m -4.00   [2mdesvio:[0m -80%   [2m(3 obs. dia_util)[0m
2026-07-28 16:59:36 [INFO] 
2026-07-28 16:59:36 [INFO]   🔴 [91m[1mPT0002000082549706RH[0m  [2m[Cluster 0][0m
2026-07-28 16:59:36 [INFO]      consumiu MAIS que o habitual às 12h
2026-07-28 16:59:36 [INFO]      [2mReal:[0m 119.0 kWh   [2mHabitual:[0m 85.0 ± 8.5 kWh   [2mz:[0m +4.00   [2mdesvio:[0m +40%   [2m(2 obs. dia_util)[0m
2026-07-28 16:59:36 [INFO] 
2026-07-28 16:59:36 [INFO]   🔴 [91m[1mPT0002000078441876HB[0m  [2m[Cluster 0][0m
2026-07-28 16:59:36 [INFO]      consumiu MAIS que o habitual às 13h
2026-07-28 16:59:36 [INFO]      [2mReal:[0m 1483.0 kWh   [2mHabitual:[0m 1061.5 ± 106.2 kWh   [2mz:[0m +3.97   [2mdesvio:[0m +40%   [2m(2 obs. dia_util)[0m
2026-07-28 16:59:36 [INFO] 
2026-07-28 16:59:36 [INFO]   🔴 [91m[1mPT0002000081997398TD[0m  [2m[Cluster 0][0m
2026-07-28 16:59:36 [INFO]      consumiu MAIS que o habitual às 17h
2026-07-28 16:59:36 [INFO]      [2mReal:[0m 270.0 kWh   [2mHabitual:[0m 193.5 ± 19.4 kWh   [2mz:[0m +3.95   [2mdesvio:[0m +40%   [2m(2 obs. dia_util)[0m
2026-07-28 16:59:36 [INFO] 
2026-07-28 16:59:36 [INFO]   🔴 [91m[1mPT0002000068855003AK[0m  [2m[Cluster 0 (atribuido)][0m
2026-07-28 16:59:36 [INFO]      consumiu MAIS que o habitual às 20h
2026-07-28 16:59:36 [INFO]      [2mReal:[0m 30.0 kWh   [2mHabitual:[0m 10.5 ± 5.0 kWh   [2mz:[0m +3.94   [2mdesvio:[0m +186%   [2m(2 obs. dia_util)[0m
2026-07-28 16:59:36 [INFO] 
2026-07-28 16:59:36 [INFO]   🔴 [91m[1mPT0002000081344542CP[0m  [2m[Cluster 1][0m
2026-07-28 16:59:36 [INFO]      consumiu MAIS que o habitual às 12h
2026-07-28 16:59:36 [INFO]      [2mReal:[0m 14.0 kWh   [2mHabitual:[0m 3.0 ± 2.8 kWh   [2mz:[0m +3.89   [2mdesvio:[0m +367%   [2m(2 obs. dia_util)[0m
2026-07-28 16:59:36 [INFO] 
2026-07-28 16:59:36 [INFO]   🔴 [91m[1mPT0002000110814293YC[0m  [2m[Cluster 0 (atribuido)][0m
2026-07-28 16:59:36 [INFO]      consumiu MAIS que o habitual às 17h
2026-07-28 16:59:36 [INFO]      [2mReal:[0m 82.0 kWh   [2mHabitual:[0m 57.5 ± 6.4 kWh   [2mz:[0m +3.85   [2mdesvio:[0m +43%   [2m(2 obs. dia_util)[0m
2026-07-28 16:59:36 [INFO] 
2026-07-28 16:59:36 [INFO]   🔴 [91m[1mPT0002000079469719HF[0m  [2m[Cluster 1 (atribuido)][0m
2026-07-28 16:59:36 [INFO]      consumiu MAIS que o habitual às 21h
2026-07-28 16:59:36 [INFO]      [2mReal:[0m 155.0 kWh   [2mHabitual:[0m 112.0 ± 11.2 kWh   [2mz:[0m +3.84   [2mdesvio:[0m +38%   [2m(3 obs. dia_util)[0m
2026-07-28 16:59:36 [INFO] 
2026-07-28 16:59:36 [INFO]   🔵 [94m[1mPT0002000107172384HT[0m  [2m[Cluster 1][0m
2026-07-28 16:59:36 [INFO]      consumiu MENOS que o habitual às 14h
2026-07-28 16:59:36 [INFO]      [2mReal:[0m 25.0 kWh   [2mHabitual:[0m 40.5 ± 4.0 kWh   [2mz:[0m -3.83   [2mdesvio:[0m -38%   [2m(2 obs. dia_util)[0m
2026-07-28 16:59:36 [INFO] 
2026-07-28 16:59:36 [INFO]   🔴 [91m[1mPT0002000068859597LS[0m  [2m[Cluster 0][0m
2026-07-28 16:59:36 [INFO]      consumiu MAIS que o habitual às 11h
2026-07-28 16:59:36 [INFO]      [2mReal:[0m 73.0 kWh   [2mHabitual:[0m 46.0 ± 7.1 kWh   [2mz:[0m +3.82   [2mdesvio:[0m +59%   [2m(2 obs. dia_util)[0m
2026-07-28 16:59:36 [INFO] 
2026-07-28 16:59:36 [INFO]   🔴 [91m[1mPT0002000077348081AG[0m  [2m[Cluster 0 (atribuido)][0m
2026-07-28 16:59:36 [INFO]      consumiu MAIS que o habitual às 17h
2026-07-28 16:59:36 [INFO]      [2mReal:[0m 338.0 kWh   [2mHabitual:[0m 244.5 ± 24.4 kWh   [2mz:[0m +3.82   [2mdesvio:[0m +38%   [2m(2 obs. dia_util)[0m
2026-07-28 16:59:36 [INFO] 
2026-07-28 16:59:36 [INFO]   🔴 [91m[1mPT0002000073231742VK[0m  [2m[Cluster 0][0m
2026-07-28 16:59:36 [INFO]      consumiu MAIS que o habitual às 21h
2026-07-28 16:59:36 [INFO]      [2mReal:[0m 17.0 kWh   [2mHabitual:[0m 12.3 ± 1.2 kWh   [2mz:[0m +3.78   [2mdesvio:[0m +38%   [2m(3 obs. dia_util)[0m
2026-07-28 16:59:36 [INFO] 
2026-07-28 16:59:36 [INFO]   🔵 [94m[1mPT0002000106102375RC[0m  [2m[Cluster 0 (atribuido)][0m
2026-07-28 16:59:36 [INFO]      consumiu MENOS que o habitual às 22h
2026-07-28 16:59:36 [INFO]      [2mReal:[0m 23.0 kWh   [2mHabitual:[0m 37.0 ± 3.7 kWh   [2mz:[0m -3.78   [2mdesvio:[0m -38%   [2m(3 obs. dia_util)[0m
2026-07-28 16:59:36 [INFO] 
2026-07-28 16:59:36 [INFO]   🔵 [94m[1mPT0002000106102375RC[0m  [2m[Cluster 0 (atribuido)][0m
2026-07-28 16:59:36 [INFO]      consumiu MENOS que o habitual às 23h
2026-07-28 16:59:36 [INFO]      [2mReal:[0m 23.0 kWh   [2mHabitual:[0m 37.0 ± 3.7 kWh   [2mz:[0m -3.78   [2mdesvio:[0m -38%   [2m(3 obs. dia_util)[0m
2026-07-28 16:59:36 [INFO] 
2026-07-28 16:59:36 [INFO]   🔴 [91m[1mPT0002000068858674WN[0m  [2m[Cluster 1 (atribuido)][0m
2026-07-28 16:59:36 [INFO]      consumiu MAIS que o habitual às 23h
2026-07-28 16:59:36 [INFO]      [2mReal:[0m 68.0 kWh   [2mHabitual:[0m 45.3 ± 6.1 kWh   [2mz:[0m +3.71   [2mdesvio:[0m +50%   [2m(3 obs. dia_util)[0m
2026-07-28 16:59:36 [INFO] 
2026-07-28 16:59:36 [INFO]   🔴 [91m[1mPT0002000111572054VT[0m  [2m[Cluster 0 (atribuido)][0m
2026-07-28 16:59:36 [INFO]      consumiu MAIS que o habitual às 21h
2026-07-28 16:59:36 [INFO]      [2mReal:[0m 19.0 kWh   [2mHabitual:[0m 13.3 ± 1.5 kWh   [2mz:[0m +3.71   [2mdesvio:[0m +43%   [2m(3 obs. dia_util)[0m
2026-07-28 16:59:36 [INFO] 
2026-07-28 16:59:36 [INFO]   🔴 [91m[1mPT0002000114685657JR[0m  [2m[Cluster 0][0m
2026-07-28 16:59:36 [INFO]      consumiu MAIS que o habitual às 18h
2026-07-28 16:59:36 [INFO]      [2mReal:[0m 222.0 kWh   [2mHabitual:[0m 162.0 ± 16.2 kWh   [2mz:[0m +3.70   [2mdesvio:[0m +37%   [2m(2 obs. dia_util)[0m
2026-07-28 16:59:36 [INFO] 
2026-07-28 16:59:36 [INFO]   🔴 [91m[1mPT0002000077394934QY[0m  [2m[Cluster 0][0m
2026-07-28 16:59:36 [INFO]      consumiu MAIS que o habitual às 20h
2026-07-28 16:59:36 [INFO]      [2mReal:[0m 76.0 kWh   [2mHabitual:[0m 55.5 ± 5.5 kWh   [2mz:[0m +3.69   [2mdesvio:[0m +37%   [2m(2 obs. dia_util)[0m
2026-07-28 16:59:36 [INFO] 
2026-07-28 16:59:36 [INFO]   🔴 [91m[1mPT0002000106102375RC[0m  [2m[Cluster 0 (atribuido)][0m
2026-07-28 16:59:36 [INFO]      consumiu MAIS que o habitual às 14h
2026-07-28 16:59:36 [INFO]      [2mReal:[0m 52.0 kWh   [2mHabitual:[0m 38.0 ± 3.8 kWh   [2mz:[0m +3.68   [2mdesvio:[0m +37%   [2m(2 obs. dia_util)[0m
2026-07-28 16:59:36 [INFO] 
2026-07-28 16:59:36 [INFO]   🔴 [91m[1mPT0002000115673471CB[0m  [2m[Cluster 0][0m
2026-07-28 16:59:36 [INFO]      consumiu MAIS que o habitual às 15h
2026-07-28 16:59:36 [INFO]      [2mReal:[0m 13.0 kWh   [2mHabitual:[0m 9.5 ± 0.9 kWh   [2mz:[0m +3.68   [2mdesvio:[0m +37%   [2m(2 obs. dia_util)[0m
2026-07-28 16:59:36 [INFO] 
2026-07-28 16:59:36 [INFO]   🔵 [94m[1mPT0002000077348081AG[0m  [2m[Cluster 0 (atribuido)][0m
2026-07-28 16:59:36 [INFO]      consumiu MENOS que o habitual às 21h
2026-07-28 16:59:36 [INFO]      [2mReal:[0m 69.0 kWh   [2mHabitual:[0m 109.0 ± 10.9 kWh   [2mz:[0m -3.67   [2mdesvio:[0m -37%   [2m(3 obs. dia_util)[0m
2026-07-28 16:59:36 [INFO] 
2026-07-28 16:59:36 [INFO]   🔵 [94m[1mPT0002000068859325FL[0m  [2m[Cluster 1][0m
2026-07-28 16:59:36 [INFO]      consumiu MENOS que o habitual às 07h
2026-07-28 16:59:36 [INFO]      [2mReal:[0m 52.0 kWh   [2mHabitual:[0m 82.0 ± 8.2 kWh   [2mz:[0m -3.66   [2mdesvio:[0m -37%   [2m(2 obs. dia_util)[0m
2026-07-28 16:59:36 [INFO] 
2026-07-28 16:59:36 [INFO]   🔴 [91m[1mPT0002000120237616VJ[0m  [2m[Cluster 0][0m
2026-07-28 16:59:36 [INFO]      consumiu MAIS que o habitual às 23h
2026-07-28 16:59:36 [INFO]      [2mReal:[0m 15.0 kWh   [2mHabitual:[0m 11.0 ± 1.1 kWh   [2mz:[0m +3.64   [2mdesvio:[0m +36%   [2m(3 obs. dia_util)[0m
2026-07-28 16:59:36 [INFO] 
2026-07-28 16:59:36 [INFO]   🔴 [91m[1mPT0002000068856906VS[0m  [2m[Cluster 0][0m
2026-07-28 16:59:36 [INFO]      consumiu MAIS que o habitual às 16h
2026-07-28 16:59:36 [INFO]      [2mReal:[0m 34.0 kWh   [2mHabitual:[0m 25.0 ± 2.5 kWh   [2mz:[0m +3.60   [2mdesvio:[0m +36%   [2m(2 obs. dia_util)[0m
2026-07-28 16:59:36 [INFO] 
2026-07-28 16:59:36 [INFO]   🔴 [91m[1mPT0002000073717386HC[0m  [2m[Cluster 1 (atribuido)][0m
2026-07-28 16:59:36 [INFO]      consumiu MAIS que o habitual às 11h
2026-07-28 16:59:36 [INFO]      [2mReal:[0m 70.0 kWh   [2mHabitual:[0m 51.5 ± 5.2 kWh   [2mz:[0m +3.59   [2mdesvio:[0m +36%   [2m(2 obs. dia_util)[0m
2026-07-28 16:59:36 [INFO] 
2026-07-28 16:59:36 [INFO]   🔴 [91m[1mPT0002000116530964LH[0m  [2m[Cluster 0 (atribuido)][0m
2026-07-28 16:59:36 [INFO]      consumiu MAIS que o habitual às 22h
2026-07-28 16:59:36 [INFO]      [2mReal:[0m 100.0 kWh   [2mHabitual:[0m 73.7 ± 7.4 kWh   [2mz:[0m +3.57   [2mdesvio:[0m +36%   [2m(3 obs. dia_util)[0m
2026-07-28 16:59:36 [INFO] 
2026-07-28 16:59:36 [INFO]   🔴 [91m[1mPT0002000068856655YV[0m  [2m[Cluster 0][0m
2026-07-28 16:59:36 [INFO]      consumiu MAIS que o habitual às 15h
2026-07-28 16:59:36 [INFO]      [2mReal:[0m 8.0 kWh   [2mHabitual:[0m 3.0 ± 1.4 kWh   [2mz:[0m +3.54   [2mdesvio:[0m +167%   [2m(2 obs. dia_util)[0m
2026-07-28 16:59:36 [INFO] 
2026-07-28 16:59:36 [INFO]   🔴 [91m[1mPT0002000068856655YV[0m  [2m[Cluster 0][0m
2026-07-28 16:59:36 [INFO]      consumiu MAIS que o habitual às 17h
2026-07-28 16:59:36 [INFO]      [2mReal:[0m 8.0 kWh   [2mHabitual:[0m 3.0 ± 1.4 kWh   [2mz:[0m +3.54   [2mdesvio:[0m +167%   [2m(2 obs. dia_util)[0m
2026-07-28 16:59:36 [INFO] 
2026-07-28 16:59:36 [INFO]   🔴 [91m[1mPT0002000068856655YV[0m  [2m[Cluster 0][0m
2026-07-28 16:59:36 [INFO]      consumiu MAIS que o habitual às 18h
2026-07-28 16:59:36 [INFO]      [2mReal:[0m 4.0 kWh   [2mHabitual:[0m 1.5 ± 0.7 kWh   [2mz:[0m +3.54   [2mdesvio:[0m +167%   [2m(2 obs. dia_util)[0m
2026-07-28 16:59:36 [INFO] 
2026-07-28 16:59:36 [INFO]   🔴 [91m[1mPT0002000068856872QG[0m  [2m[Cluster 1][0m
2026-07-28 16:59:36 [INFO]      consumiu MAIS que o habitual às 05h
2026-07-28 16:59:36 [INFO]      [2mReal:[0m 3.0 kWh   [2mHabitual:[0m 0.5 ± 0.7 kWh   [2mz:[0m +3.54   [2mdesvio:[0m +500%   [2m(2 obs. dia_util)[0m
2026-07-28 16:59:36 [INFO] 
2026-07-28 16:59:36 [INFO]   🔴 [91m[1mPT0002000068856974CZ[0m  [2m[Cluster 0 (atribuido)][0m
2026-07-28 16:59:36 [INFO]      consumiu MAIS que o habitual às 07h
2026-07-28 16:59:36 [INFO]      [2mReal:[0m 15.0 kWh   [2mHabitual:[0m 10.0 ± 1.4 kWh   [2mz:[0m +3.54   [2mdesvio:[0m +50%   [2m(2 obs. dia_util)[0m
2026-07-28 16:59:36 [INFO] 
2026-07-28 16:59:36 [INFO]   🔴 [91m[1mPT0002000068856974CZ[0m  [2m[Cluster 0 (atribuido)][0m
2026-07-28 16:59:36 [INFO]      consumiu MAIS que o habitual às 17h
2026-07-28 16:59:36 [INFO]      [2mReal:[0m 39.0 kWh   [2mHabitual:[0m 26.5 ± 3.5 kWh   [2mz:[0m +3.54   [2mdesvio:[0m +47%   [2m(2 obs. dia_util)[0m
2026-07-28 16:59:36 [INFO] 
2026-07-28 16:59:36 [INFO]   🔴 [91m[1mPT0002000068857909SY[0m  [2m[Cluster 1][0m
2026-07-28 16:59:36 [INFO]      consumiu MAIS que o habitual às 14h
2026-07-28 16:59:36 [INFO]      [2mReal:[0m 9.0 kWh   [2mHabitual:[0m 6.5 ± 0.7 kWh   [2mz:[0m +3.54   [2mdesvio:[0m +38%   [2m(2 obs. dia_util)[0m
2026-07-28 16:59:36 [INFO] 
2026-07-28 16:59:36 [INFO]   🔴 [91m[1mPT0002000068857909SY[0m  [2m[Cluster 1][0m
2026-07-28 16:59:36 [INFO]      consumiu MAIS que o habitual às 15h
2026-07-28 16:59:36 [INFO]      [2mReal:[0m 9.0 kWh   [2mHabitual:[0m 6.5 ± 0.7 kWh   [2mz:[0m +3.54   [2mdesvio:[0m +38%   [2m(2 obs. dia_util)[0m
2026-07-28 16:59:36 [INFO] 
2026-07-28 16:59:36 [INFO]   🔴 [91m[1mPT0002000068857909SY[0m  [2m[Cluster 1][0m
2026-07-28 16:59:36 [INFO]      consumiu MAIS que o habitual às 16h
2026-07-28 16:59:36 [INFO]      [2mReal:[0m 9.0 kWh   [2mHabitual:[0m 6.5 ± 0.7 kWh   [2mz:[0m +3.54   [2mdesvio:[0m +38%   [2m(2 obs. dia_util)[0m
2026-07-28 16:59:36 [INFO] 
2026-07-28 16:59:36 [INFO]   🔴 [91m[1mPT0002000071896778MT[0m  [2m[Cluster 0][0m
2026-07-28 16:59:36 [INFO]      consumiu MAIS que o habitual às 18h
2026-07-28 16:59:36 [INFO]      [2mReal:[0m 7.0 kWh   [2mHabitual:[0m 4.5 ± 0.7 kWh   [2mz:[0m +3.54   [2mdesvio:[0m +56%   [2m(2 obs. dia_util)[0m
2026-07-28 16:59:36 [INFO] 
2026-07-28 16:59:36 [INFO]   🔴 [91m[1mPT0002000073481266XH[0m  [2m[Cluster 0][0m
2026-07-28 16:59:36 [INFO]      consumiu MAIS que o habitual às 19h
2026-07-28 16:59:36 [INFO]      [2mReal:[0m 9.0 kWh   [2mHabitual:[0m 6.5 ± 0.7 kWh   [2mz:[0m +3.54   [2mdesvio:[0m +38%   [2m(2 obs. dia_util)[0m
2026-07-28 16:59:36 [INFO] 
2026-07-28 16:59:36 [INFO]   🔴 [91m[1mPT0002000073717386HC[0m  [2m[Cluster 1 (atribuido)][0m
2026-07-28 16:59:36 [INFO]      consumiu MAIS que o habitual às 14h
2026-07-28 16:59:36 [INFO]      [2mReal:[0m 3.0 kWh   [2mHabitual:[0m 0.5 ± 0.7 kWh   [2mz:[0m +3.54   [2mdesvio:[0m +500%   [2m(2 obs. dia_util)[0m
2026-07-28 16:59:36 [INFO] 
2026-07-28 16:59:36 [INFO]   🔴 [91m[1mPT0002000078207354XC[0m  [2m[Cluster 1][0m
2026-07-28 16:59:36 [INFO]      consumiu MAIS que o habitual às 07h
2026-07-28 16:59:36 [INFO]      [2mReal:[0m 5.0 kWh   [2mHabitual:[0m 2.5 ± 0.7 kWh   [2mz:[0m +3.54   [2mdesvio:[0m +100%   [2m(2 obs. dia_util)[0m
2026-07-28 16:59:36 [INFO] 
2026-07-28 16:59:36 [INFO]   🔴 [91m[1mPT0002000078294957RQ[0m  [2m[Cluster 0][0m
2026-07-28 16:59:36 [INFO]      consumiu MAIS que o habitual às 07h
2026-07-28 16:59:36 [INFO]      [2mReal:[0m 7.0 kWh   [2mHabitual:[0m 4.5 ± 0.7 kWh   [2mz:[0m +3.54   [2mdesvio:[0m +56%   [2m(2 obs. dia_util)[0m
2026-07-28 16:59:36 [INFO] 
2026-07-28 16:59:36 [INFO]   🔴 [91m[1mPT0002000082549706RH[0m  [2m[Cluster 0][0m
2026-07-28 16:59:36 [INFO]      consumiu MAIS que o habitual às 14h
2026-07-28 16:59:36 [INFO]      [2mReal:[0m 130.0 kWh   [2mHabitual:[0m 90.0 ± 11.3 kWh   [2mz:[0m +3.54   [2mdesvio:[0m +44%   [2m(2 obs. dia_util)[0m
2026-07-28 16:59:36 [INFO] 
2026-07-28 16:59:36 [INFO]   🔴 [91m[1mPT0002000107046231FW[0m  [2m[Cluster 0][0m
2026-07-28 16:59:36 [INFO]      consumiu MAIS que o habitual às 07h
2026-07-28 16:59:36 [INFO]      [2mReal:[0m 7.0 kWh   [2mHabitual:[0m 4.5 ± 0.7 kWh   [2mz:[0m +3.54   [2mdesvio:[0m +56%   [2m(2 obs. dia_util)[0m
2026-07-28 16:59:36 [INFO] 
2026-07-28 16:59:36 [INFO]   🔵 [94m[1mPT0002000107172384HT[0m  [2m[Cluster 1][0m
2026-07-28 16:59:36 [INFO]      consumiu MENOS que o habitual às 20h
2026-07-28 16:59:36 [INFO]      [2mReal:[0m 27.0 kWh   [2mHabitual:[0m 52.0 ± 7.1 kWh   [2mz:[0m -3.54   [2mdesvio:[0m -48%   [2m(2 obs. dia_util)[0m
2026-07-28 16:59:36 [INFO] 
2026-07-28 16:59:36 [INFO]   🔴 [91m[1mPT0002000110814293YC[0m  [2m[Cluster 0 (atribuido)][0m
2026-07-28 16:59:36 [INFO]      consumiu MAIS que o habitual às 13h
2026-07-28 16:59:36 [INFO]      [2mReal:[0m 81.0 kWh   [2mHabitual:[0m 58.5 ± 6.4 kWh   [2mz:[0m +3.54   [2mdesvio:[0m +38%   [2m(2 obs. dia_util)[0m
2026-07-28 16:59:36 [INFO] 
2026-07-28 16:59:36 [INFO]   🔴 [91m[1mPT0002000201038711LS[0m  [2m[Cluster 1 (atribuido)][0m
2026-07-28 16:59:36 [INFO]      consumiu MAIS que o habitual às 11h
2026-07-28 16:59:36 [INFO]      [2mReal:[0m 3.0 kWh   [2mHabitual:[0m 0.5 ± 0.7 kWh   [2mz:[0m +3.54   [2mdesvio:[0m +500%   [2m(2 obs. dia_util)[0m
2026-07-28 16:59:36 [INFO] 
2026-07-28 16:59:36 [INFO]   🔴 [91m[1mPT0002000068856826ZG[0m  [2m[Cluster 0 (atribuido)][0m
2026-07-28 16:59:36 [INFO]      consumiu MAIS que o habitual às 00h
2026-07-28 16:59:36 [INFO]      [2mReal:[0m 75.0 kWh   [2mHabitual:[0m 55.5 ± 5.5 kWh   [2mz:[0m +3.51   [2mdesvio:[0m +35%   [2m(2 obs. dia_util)[0m
2026-07-28 16:59:36 [INFO] 
2026-07-28 16:59:36 [INFO]   🔴 [91m[1mPT0002000073573036KH[0m  [2m[Cluster 0 (atribuido)][0m
2026-07-28 16:59:36 [INFO]      consumiu MAIS que o habitual às 21h
2026-07-28 16:59:36 [INFO]      [2mReal:[0m 140.0 kWh   [2mHabitual:[0m 103.7 ± 10.4 kWh   [2mz:[0m +3.50   [2mdesvio:[0m +35%   [2m(3 obs. dia_util)[0m
2026-07-28 16:59:36 [INFO] 
2026-07-28 16:59:36 [INFO]   🔴 [91m[1mPT0002000068859597LS[0m  [2m[Cluster 0][0m
2026-07-28 16:59:36 [INFO]      consumiu MAIS que o habitual às 09h
2026-07-28 16:59:36 [INFO]      [2mReal:[0m 74.0 kWh   [2mHabitual:[0m 37.5 ± 10.6 kWh   [2mz:[0m +3.44   [2mdesvio:[0m +97%   [2m(2 obs. dia_util)[0m
2026-07-28 16:59:36 [INFO] 
2026-07-28 16:59:36 [INFO]   🔴 [91m[1mPT0002000101964938LF[0m  [2m[Cluster 0][0m
2026-07-28 16:59:36 [INFO]      consumiu MAIS que o habitual às 09h
2026-07-28 16:59:36 [INFO]      [2mReal:[0m 51.0 kWh   [2mHabitual:[0m 17.0 ± 9.9 kWh   [2mz:[0m +3.43   [2mdesvio:[0m +200%   [2m(2 obs. dia_util)[0m
2026-07-28 16:59:36 [INFO] 
2026-07-28 16:59:36 [INFO]   🔴 [91m[1mPT0002000068859597LS[0m  [2m[Cluster 0][0m
2026-07-28 16:59:36 [INFO]      consumiu MAIS que o habitual às 10h
2026-07-28 16:59:36 [INFO]      [2mReal:[0m 76.0 kWh   [2mHabitual:[0m 47.0 ± 8.5 kWh   [2mz:[0m +3.42   [2mdesvio:[0m +62%   [2m(2 obs. dia_util)[0m
2026-07-28 16:59:36 [INFO] 
2026-07-28 16:59:36 [INFO]   🔴 [91m[1mPT0002000110814293YC[0m  [2m[Cluster 0 (atribuido)][0m
2026-07-28 16:59:36 [INFO]      consumiu MAIS que o habitual às 09h
2026-07-28 16:59:36 [INFO]      [2mReal:[0m 63.0 kWh   [2mHabitual:[0m 47.0 ± 4.7 kWh   [2mz:[0m +3.40   [2mdesvio:[0m +34%   [2m(2 obs. dia_util)[0m
2026-07-28 16:59:36 [INFO] 
2026-07-28 16:59:36 [INFO]   🔴 [91m[1mPT0002000114685657JR[0m  [2m[Cluster 0][0m
2026-07-28 16:59:36 [INFO]      consumiu MAIS que o habitual às 07h
2026-07-28 16:59:36 [INFO]      [2mReal:[0m 209.0 kWh   [2mHabitual:[0m 156.0 ± 15.6 kWh   [2mz:[0m +3.40   [2mdesvio:[0m +34%   [2m(2 obs. dia_util)[0m
2026-07-28 16:59:36 [INFO] 
2026-07-28 16:59:36 [INFO]   🔴 [91m[1mPT0002000082549706RH[0m  [2m[Cluster 0][0m
2026-07-28 16:59:36 [INFO]      consumiu MAIS que o habitual às 19h
2026-07-28 16:59:36 [INFO]      [2mReal:[0m 109.0 kWh   [2mHabitual:[0m 81.5 ± 8.2 kWh   [2mz:[0m +3.37   [2mdesvio:[0m +34%   [2m(2 obs. dia_util)[0m
2026-07-28 16:59:36 [INFO] 
2026-07-28 16:59:36 [INFO]   🔴 [91m[1mPT0002000081997398TD[0m  [2m[Cluster 0][0m
2026-07-28 16:59:36 [INFO]      consumiu MAIS que o habitual às 20h
2026-07-28 16:59:36 [INFO]      [2mReal:[0m 165.0 kWh   [2mHabitual:[0m 123.5 ± 12.3 kWh   [2mz:[0m +3.36   [2mdesvio:[0m +34%   [2m(2 obs. dia_util)[0m
2026-07-28 16:59:36 [INFO] 
2026-07-28 16:59:36 [INFO]   🔴 [91m[1mPT0002000082549706RH[0m  [2m[Cluster 0][0m
2026-07-28 16:59:36 [INFO]      consumiu MAIS que o habitual às 13h
2026-07-28 16:59:36 [INFO]      [2mReal:[0m 126.0 kWh   [2mHabitual:[0m 88.0 ± 11.3 kWh   [2mz:[0m +3.36   [2mdesvio:[0m +43%   [2m(2 obs. dia_util)[0m
2026-07-28 16:59:36 [INFO] 
2026-07-28 16:59:36 [INFO]   🔵 [94m[1mPT0002000068856655YV[0m  [2m[Cluster 0][0m
2026-07-28 16:59:36 [INFO]      consumiu MENOS que o habitual às 07h
2026-07-28 16:59:36 [INFO]      [2mReal:[0m 1.0 kWh   [2mHabitual:[0m 2.0 ± 0.3 kWh   [2mz:[0m -3.33   [2mdesvio:[0m -50%   [2m(2 obs. dia_util)[0m
2026-07-28 16:59:36 [INFO] 
2026-07-28 16:59:36 [INFO]   🔴 [91m[1mPT0002000068856655YV[0m  [2m[Cluster 0][0m
2026-07-28 16:59:36 [INFO]      consumiu MAIS que o habitual às 08h
2026-07-28 16:59:36 [INFO]      [2mReal:[0m 3.0 kWh   [2mHabitual:[0m 2.0 ± 0.3 kWh   [2mz:[0m +3.33   [2mdesvio:[0m +50%   [2m(2 obs. dia_util)[0m
2026-07-28 16:59:36 [INFO] 
2026-07-28 16:59:36 [INFO]   🔴 [91m[1mPT0002000068856655YV[0m  [2m[Cluster 0][0m
2026-07-28 16:59:36 [INFO]      consumiu MAIS que o habitual às 20h
2026-07-28 16:59:36 [INFO]      [2mReal:[0m 3.0 kWh   [2mHabitual:[0m 2.0 ± 0.3 kWh   [2mz:[0m +3.33   [2mdesvio:[0m +50%   [2m(2 obs. dia_util)[0m
2026-07-28 16:59:36 [INFO] 
2026-07-28 16:59:36 [INFO]   🔴 [91m[1mPT0002000068856872QG[0m  [2m[Cluster 1][0m
2026-07-28 16:59:36 [INFO]      consumiu MAIS que o habitual às 19h
2026-07-28 16:59:36 [INFO]      [2mReal:[0m 1.0 kWh   [2mHabitual:[0m 0.0 ± 0.3 kWh   [2mz:[0m +3.33   [2mdesvio:[0m +100000%   [2m(2 obs. dia_util)[0m
2026-07-28 16:59:36 [INFO] 
2026-07-28 16:59:36 [INFO]   🔴 [91m[1mPT0002000068856952LS[0m  [2m[Cluster 2][0m
2026-07-28 16:59:36 [INFO]      consumiu MAIS que o habitual às 02h
2026-07-28 16:59:36 [INFO]      [2mReal:[0m 1.0 kWh   [2mHabitual:[0m 0.0 ± 0.3 kWh   [2mz:[0m +3.33   [2mdesvio:[0m +100000%   [2m(2 obs. dia_util)[0m
2026-07-28 16:59:36 [INFO] 
2026-07-28 16:59:36 [INFO]   🔴 [91m[1mPT0002000068856952LS[0m  [2m[Cluster 2][0m
2026-07-28 16:59:36 [INFO]      consumiu MAIS que o habitual às 20h
2026-07-28 16:59:36 [INFO]      [2mReal:[0m 1.0 kWh   [2mHabitual:[0m 0.0 ± 0.3 kWh   [2mz:[0m +3.33   [2mdesvio:[0m +100000%   [2m(2 obs. dia_util)[0m
2026-07-28 16:59:36 [INFO] 
2026-07-28 16:59:36 [INFO]   🔵 [94m[1mPT0002000068857099AR[0m  [2m[Cluster 1][0m
2026-07-28 16:59:36 [INFO]      consumiu MENOS que o habitual às 07h
2026-07-28 16:59:36 [INFO]      [2mReal:[0m 2.0 kWh   [2mHabitual:[0m 3.0 ± 0.3 kWh   [2mz:[0m -3.33   [2mdesvio:[0m -33%   [2m(2 obs. dia_util)[0m
2026-07-28 16:59:36 [INFO] 
2026-07-28 16:59:36 [INFO]   🔵 [94m[1mPT0002000068857099AR[0m  [2m[Cluster 1][0m
2026-07-28 16:59:36 [INFO]      consumiu MENOS que o habitual às 12h
2026-07-28 16:59:36 [INFO]      [2mReal:[0m 2.0 kWh   [2mHabitual:[0m 3.0 ± 0.3 kWh   [2mz:[0m -3.33   [2mdesvio:[0m -33%   [2m(2 obs. dia_util)[0m
2026-07-28 16:59:36 [INFO] 
2026-07-28 16:59:36 [INFO]   🔴 [91m[1mPT0002000068857099AR[0m  [2m[Cluster 1][0m
2026-07-28 16:59:36 [INFO]      consumiu MAIS que o habitual às 13h
2026-07-28 16:59:36 [INFO]      [2mReal:[0m 4.0 kWh   [2mHabitual:[0m 3.0 ± 0.3 kWh   [2mz:[0m +3.33   [2mdesvio:[0m +33%   [2m(2 obs. dia_util)[0m
2026-07-28 16:59:36 [INFO] 
2026-07-28 16:59:36 [INFO]   🔴 [91m[1mPT0002000068857099AR[0m  [2m[Cluster 1][0m
2026-07-28 16:59:36 [INFO]      consumiu MAIS que o habitual às 17h
2026-07-28 16:59:36 [INFO]      [2mReal:[0m 4.0 kWh   [2mHabitual:[0m 3.0 ± 0.3 kWh   [2mz:[0m +3.33   [2mdesvio:[0m +33%   [2m(2 obs. dia_util)[0m
2026-07-28 16:59:36 [INFO] 
2026-07-28 16:59:36 [INFO]   🔴 [91m[1mPT0002000068857099AR[0m  [2m[Cluster 1][0m
2026-07-28 16:59:36 [INFO]      consumiu MAIS que o habitual às 22h
2026-07-28 16:59:36 [INFO]      [2mReal:[0m 4.0 kWh   [2mHabitual:[0m 3.0 ± 0.3 kWh   [2mz:[0m +3.33   [2mdesvio:[0m +33%   [2m(3 obs. dia_util)[0m
2026-07-28 16:59:36 [INFO] 
2026-07-28 16:59:36 [INFO]   🔴 [91m[1mPT0002000068857909SY[0m  [2m[Cluster 1][0m
2026-07-28 16:59:36 [INFO]      consumiu MAIS que o habitual às 09h
2026-07-28 16:59:36 [INFO]      [2mReal:[0m 8.0 kWh   [2mHabitual:[0m 6.0 ± 0.6 kWh   [2mz:[0m +3.33   [2mdesvio:[0m +33%   [2m(2 obs. dia_util)[0m
2026-07-28 16:59:36 [INFO] 
2026-07-28 16:59:36 [INFO]   🔴 [91m[1mPT0002000073717386HC[0m  [2m[Cluster 1 (atribuido)][0m
2026-07-28 16:59:36 [INFO]      consumiu MAIS que o habitual às 02h
2026-07-28 16:59:36 [INFO]      [2mReal:[0m 1.0 kWh   [2mHabitual:[0m 0.0 ± 0.3 kWh   [2mz:[0m +3.33   [2mdesvio:[0m +100000%   [2m(2 obs. dia_util)[0m
2026-07-28 16:59:36 [INFO] 
2026-07-28 16:59:36 [INFO]   🔴 [91m[1mPT0002000073717386HC[0m  [2m[Cluster 1 (atribuido)][0m
2026-07-28 16:59:36 [INFO]      consumiu MAIS que o habitual às 05h
2026-07-28 16:59:36 [INFO]      [2mReal:[0m 1.0 kWh   [2mHabitual:[0m 0.0 ± 0.3 kWh   [2mz:[0m +3.33   [2mdesvio:[0m +100000%   [2m(2 obs. dia_util)[0m
2026-07-28 16:59:36 [INFO] 
2026-07-28 16:59:36 [INFO]   🔵 [94m[1mPT0002000078207354XC[0m  [2m[Cluster 1][0m
2026-07-28 16:59:36 [INFO]      consumiu MENOS que o habitual às 00h
2026-07-28 16:59:36 [INFO]      [2mReal:[0m 2.0 kWh   [2mHabitual:[0m 3.0 ± 0.3 kWh   [2mz:[0m -3.33   [2mdesvio:[0m -33%   [2m(2 obs. dia_util)[0m
2026-07-28 16:59:36 [INFO] 
2026-07-28 16:59:36 [INFO]   🔴 [91m[1mPT0002000078207354XC[0m  [2m[Cluster 1][0m
2026-07-28 16:59:36 [INFO]      consumiu MAIS que o habitual às 01h
2026-07-28 16:59:36 [INFO]      [2mReal:[0m 3.0 kWh   [2mHabitual:[0m 2.0 ± 0.3 kWh   [2mz:[0m +3.33   [2mdesvio:[0m +50%   [2m(2 obs. dia_util)[0m
2026-07-28 16:59:36 [INFO] 
2026-07-28 16:59:36 [INFO]   🔵 [94m[1mPT0002000078207354XC[0m  [2m[Cluster 1][0m
2026-07-28 16:59:36 [INFO]      consumiu MENOS que o habitual às 02h
2026-07-28 16:59:36 [INFO]      [2mReal:[0m 2.0 kWh   [2mHabitual:[0m 3.0 ± 0.3 kWh   [2mz:[0m -3.33   [2mdesvio:[0m -33%   [2m(2 obs. dia_util)[0m
2026-07-28 16:59:36 [INFO] 
2026-07-28 16:59:36 [INFO]   🔴 [91m[1mPT0002000078207354XC[0m  [2m[Cluster 1][0m
2026-07-28 16:59:36 [INFO]      consumiu MAIS que o habitual às 03h
2026-07-28 16:59:36 [INFO]      [2mReal:[0m 3.0 kWh   [2mHabitual:[0m 2.0 ± 0.3 kWh   [2mz:[0m +3.33   [2mdesvio:[0m +50%   [2m(2 obs. dia_util)[0m
2026-07-28 16:59:36 [INFO] 
2026-07-28 16:59:36 [INFO]   🔵 [94m[1mPT0002000078207354XC[0m  [2m[Cluster 1][0m
2026-07-28 16:59:36 [INFO]      consumiu MENOS que o habitual às 04h
2026-07-28 16:59:36 [INFO]      [2mReal:[0m 2.0 kWh   [2mHabitual:[0m 3.0 ± 0.3 kWh   [2mz:[0m -3.33   [2mdesvio:[0m -33%   [2m(2 obs. dia_util)[0m
2026-07-28 16:59:36 [INFO] 
2026-07-28 16:59:36 [INFO]   🔴 [91m[1mPT0002000078207354XC[0m  [2m[Cluster 1][0m
2026-07-28 16:59:36 [INFO]      consumiu MAIS que o habitual às 05h
2026-07-28 16:59:36 [INFO]      [2mReal:[0m 3.0 kWh   [2mHabitual:[0m 2.0 ± 0.3 kWh   [2mz:[0m +3.33   [2mdesvio:[0m +50%   [2m(2 obs. dia_util)[0m
2026-07-28 16:59:36 [INFO] 
2026-07-28 16:59:36 [INFO]   🔵 [94m[1mPT0002000078207354XC[0m  [2m[Cluster 1][0m
2026-07-28 16:59:36 [INFO]      consumiu MENOS que o habitual às 06h
2026-07-28 16:59:36 [INFO]      [2mReal:[0m 2.0 kWh   [2mHabitual:[0m 3.0 ± 0.3 kWh   [2mz:[0m -3.33   [2mdesvio:[0m -33%   [2m(2 obs. dia_util)[0m
2026-07-28 16:59:36 [INFO] 
2026-07-28 16:59:36 [INFO]   🔴 [91m[1mPT0002000078233981HJ[0m  [2m[Cluster 1][0m
2026-07-28 16:59:36 [INFO]      consumiu MAIS que o habitual às 02h
2026-07-28 16:59:36 [INFO]      [2mReal:[0m 3.0 kWh   [2mHabitual:[0m 2.0 ± 0.3 kWh   [2mz:[0m +3.33   [2mdesvio:[0m +50%   [2m(2 obs. dia_util)[0m
2026-07-28 16:59:36 [INFO] 
2026-07-28 16:59:36 [INFO]   🔴 [91m[1mPT0002000078233981HJ[0m  [2m[Cluster 1][0m
2026-07-28 16:59:36 [INFO]      consumiu MAIS que o habitual às 05h
2026-07-28 16:59:36 [INFO]      [2mReal:[0m 3.0 kWh   [2mHabitual:[0m 2.0 ± 0.3 kWh   [2mz:[0m +3.33   [2mdesvio:[0m +50%   [2m(2 obs. dia_util)[0m
2026-07-28 16:59:36 [INFO] 
2026-07-28 16:59:36 [INFO]   🔵 [94m[1mPT0002000078233981HJ[0m  [2m[Cluster 1][0m
2026-07-28 16:59:36 [INFO]      consumiu MENOS que o habitual às 23h
2026-07-28 16:59:36 [INFO]      [2mReal:[0m 2.0 kWh   [2mHabitual:[0m 3.0 ± 0.3 kWh   [2mz:[0m -3.33   [2mdesvio:[0m -33%   [2m(3 obs. dia_util)[0m
2026-07-28 16:59:36 [INFO] 
2026-07-28 16:59:36 [INFO]   🔴 [91m[1mPT0002000081344542CP[0m  [2m[Cluster 1][0m
2026-07-28 16:59:36 [INFO]      consumiu MAIS que o habitual às 02h
2026-07-28 16:59:36 [INFO]      [2mReal:[0m 2.0 kWh   [2mHabitual:[0m 1.0 ± 0.3 kWh   [2mz:[0m +3.33   [2mdesvio:[0m +100%   [2m(2 obs. dia_util)[0m
2026-07-28 16:59:36 [INFO] 
2026-07-28 16:59:36 [INFO]   🔵 [94m[1mPT0002000081344542CP[0m  [2m[Cluster 1][0m
2026-07-28 16:59:36 [INFO]      consumiu MENOS que o habitual às 05h
2026-07-28 16:59:36 [INFO]      [2mReal:[0m 1.0 kWh   [2mHabitual:[0m 2.0 ± 0.3 kWh   [2mz:[0m -3.33   [2mdesvio:[0m -50%   [2m(2 obs. dia_util)[0m
2026-07-28 16:59:36 [INFO] 
2026-07-28 16:59:36 [INFO]   🔴 [91m[1mPT0002000105483259QH[0m  [2m[Cluster 1][0m
2026-07-28 16:59:36 [INFO]      consumiu MAIS que o habitual às 03h
2026-07-28 16:59:36 [INFO]      [2mReal:[0m 1.0 kWh   [2mHabitual:[0m 0.0 ± 0.3 kWh   [2mz:[0m +3.33   [2mdesvio:[0m +100000%   [2m(2 obs. dia_util)[0m
2026-07-28 16:59:36 [INFO] 
2026-07-28 16:59:36 [INFO]   🔵 [94m[1mPT0002000105483259QH[0m  [2m[Cluster 1][0m
2026-07-28 16:59:36 [INFO]      consumiu MENOS que o habitual às 13h
2026-07-28 16:59:36 [INFO]      [2mReal:[0m 0.0 kWh   [2mHabitual:[0m 1.0 ± 0.3 kWh   [2mz:[0m -3.33   [2mdesvio:[0m -100%   [2m(2 obs. dia_util)[0m
2026-07-28 16:59:36 [INFO] 
2026-07-28 16:59:36 [INFO]   🔴 [91m[1mPT0002000105483259QH[0m  [2m[Cluster 1][0m
2026-07-28 16:59:36 [INFO]      consumiu MAIS que o habitual às 16h
2026-07-28 16:59:36 [INFO]      [2mReal:[0m 2.0 kWh   [2mHabitual:[0m 1.0 ± 0.3 kWh   [2mz:[0m +3.33   [2mdesvio:[0m +100%   [2m(2 obs. dia_util)[0m
2026-07-28 16:59:36 [INFO] 
2026-07-28 16:59:36 [INFO]   🔴 [91m[1mPT0002000105483259QH[0m  [2m[Cluster 1][0m
2026-07-28 16:59:36 [INFO]      consumiu MAIS que o habitual às 19h
2026-07-28 16:59:36 [INFO]      [2mReal:[0m 2.0 kWh   [2mHabitual:[0m 1.0 ± 0.3 kWh   [2mz:[0m +3.33   [2mdesvio:[0m +100%   [2m(2 obs. dia_util)[0m
2026-07-28 16:59:36 [INFO] 
2026-07-28 16:59:36 [INFO]   🔴 [91m[1mPT0002000107046231FW[0m  [2m[Cluster 0][0m
2026-07-28 16:59:36 [INFO]      consumiu MAIS que o habitual às 04h
2026-07-28 16:59:36 [INFO]      [2mReal:[0m 4.0 kWh   [2mHabitual:[0m 3.0 ± 0.3 kWh   [2mz:[0m +3.33   [2mdesvio:[0m +33%   [2m(2 obs. dia_util)[0m
2026-07-28 16:59:36 [INFO] 
2026-07-28 16:59:36 [INFO]   🔵 [94m[1mPT0002000107046231FW[0m  [2m[Cluster 0][0m
2026-07-28 16:59:36 [INFO]      consumiu MENOS que o habitual às 20h
2026-07-28 16:59:36 [INFO]      [2mReal:[0m 2.0 kWh   [2mHabitual:[0m 3.0 ± 0.3 kWh   [2mz:[0m -3.33   [2mdesvio:[0m -33%   [2m(2 obs. dia_util)[0m
2026-07-28 16:59:36 [INFO] 
2026-07-28 16:59:36 [INFO]   🔵 [94m[1mPT0002000107172384HT[0m  [2m[Cluster 1][0m
2026-07-28 16:59:36 [INFO]      consumiu MENOS que o habitual às 17h
2026-07-28 16:59:36 [INFO]      [2mReal:[0m 27.0 kWh   [2mHabitual:[0m 43.5 ± 5.0 kWh   [2mz:[0m -3.33   [2mdesvio:[0m -38%   [2m(2 obs. dia_util)[0m
2026-07-28 16:59:36 [INFO] 
2026-07-28 16:59:36 [INFO]   🔴 [91m[1mPT0002000109837807PE[0m  [2m[Cluster 1][0m
2026-07-28 16:59:36 [INFO]      consumiu MAIS que o habitual às 14h
2026-07-28 16:59:36 [INFO]      [2mReal:[0m 4.0 kWh   [2mHabitual:[0m 3.0 ± 0.3 kWh   [2mz:[0m +3.33   [2mdesvio:[0m +33%   [2m(2 obs. dia_util)[0m
2026-07-28 16:59:36 [INFO] 
2026-07-28 16:59:36 [INFO]   🔴 [91m[1mPT0002000111572054VT[0m  [2m[Cluster 0 (atribuido)][0m
2026-07-28 16:59:36 [INFO]      consumiu MAIS que o habitual às 11h
2026-07-28 16:59:36 [INFO]      [2mReal:[0m 1.0 kWh   [2mHabitual:[0m 0.0 ± 0.3 kWh   [2mz:[0m +3.33   [2mdesvio:[0m +100000%   [2m(2 obs. dia_util)[0m
2026-07-28 16:59:36 [INFO] 
2026-07-28 16:59:36 [INFO]   🔴 [91m[1mPT0002000123648159KR[0m  [2m[Cluster 0][0m
2026-07-28 16:59:36 [INFO]      consumiu MAIS que o habitual às 06h
2026-07-28 16:59:36 [INFO]      [2mReal:[0m 3.0 kWh   [2mHabitual:[0m 2.0 ± 0.3 kWh   [2mz:[0m +3.33   [2mdesvio:[0m +50%   [2m(2 obs. dia_util)[0m
2026-07-28 16:59:36 [INFO] 
2026-07-28 16:59:36 [INFO]   🔵 [94m[1mPT0002000125379984SH[0m  [2m[Cluster 1][0m
2026-07-28 16:59:36 [INFO]      consumiu MENOS que o habitual às 06h
2026-07-28 16:59:36 [INFO]      [2mReal:[0m 2.0 kWh   [2mHabitual:[0m 3.0 ± 0.3 kWh   [2mz:[0m -3.33   [2mdesvio:[0m -33%   [2m(2 obs. dia_util)[0m
2026-07-28 16:59:36 [INFO] 
2026-07-28 16:59:36 [INFO]   🔵 [94m[1mPT0002000201936109ME[0m  [2m[Cluster 0][0m
2026-07-28 16:59:36 [INFO]      consumiu MENOS que o habitual às 15h
2026-07-28 16:59:36 [INFO]      [2mReal:[0m 0.0 kWh   [2mHabitual:[0m 1.0 ± 0.3 kWh   [2mz:[0m -3.33   [2mdesvio:[0m -100%   [2m(2 obs. dia_util)[0m
2026-07-28 16:59:36 [INFO] 
2026-07-28 16:59:36 [INFO]   🔴 [91m[1mPT0002000073573036KH[0m  [2m[Cluster 0 (atribuido)][0m
2026-07-28 16:59:36 [INFO]      consumiu MAIS que o habitual às 09h
2026-07-28 16:59:36 [INFO]      [2mReal:[0m 219.0 kWh   [2mHabitual:[0m 164.5 ± 16.4 kWh   [2mz:[0m +3.31   [2mdesvio:[0m +33%   [2m(2 obs. dia_util)[0m
2026-07-28 16:59:36 [INFO] 
2026-07-28 16:59:36 [INFO]   🔴 [91m[1mPT0002000068856974CZ[0m  [2m[Cluster 0 (atribuido)][0m
2026-07-28 16:59:36 [INFO]      consumiu MAIS que o habitual às 18h
2026-07-28 16:59:36 [INFO]      [2mReal:[0m 37.0 kWh   [2mHabitual:[0m 23.0 ± 4.2 kWh   [2mz:[0m +3.30   [2mdesvio:[0m +61%   [2m(2 obs. dia_util)[0m
2026-07-28 16:59:36 [INFO] 
2026-07-28 16:59:36 [INFO]   🔴 [91m[1mPT0002000073720434JD[0m  [2m[Cluster 1 (atribuido)][0m
2026-07-28 16:59:36 [INFO]      consumiu MAIS que o habitual às 19h
2026-07-28 16:59:36 [INFO]      [2mReal:[0m 37.0 kWh   [2mHabitual:[0m 23.0 ± 4.2 kWh   [2mz:[0m +3.30   [2mdesvio:[0m +61%   [2m(2 obs. dia_util)[0m
2026-07-28 16:59:36 [INFO] 
2026-07-28 16:59:36 [INFO]   🔴 [91m[1mPT0002000082549706RH[0m  [2m[Cluster 0][0m
2026-07-28 16:59:36 [INFO]      consumiu MAIS que o habitual às 20h
2026-07-28 16:59:36 [INFO]      [2mReal:[0m 113.0 kWh   [2mHabitual:[0m 85.0 ± 8.5 kWh   [2mz:[0m +3.29   [2mdesvio:[0m +33%   [2m(2 obs. dia_util)[0m
2026-07-28 16:59:36 [INFO] 
2026-07-28 16:59:36 [INFO]   🔴 [91m[1mPT0002000073717386HC[0m  [2m[Cluster 1 (atribuido)][0m
2026-07-28 16:59:36 [INFO]      consumiu MAIS que o habitual às 20h
2026-07-28 16:59:36 [INFO]      [2mReal:[0m 69.0 kWh   [2mHabitual:[0m 52.0 ± 5.2 kWh   [2mz:[0m +3.27   [2mdesvio:[0m +33%   [2m(2 obs. dia_util)[0m
2026-07-28 16:59:36 [INFO] 
2026-07-28 16:59:36 [INFO]   🔵 [94m[1mPT0002000077348081AG[0m  [2m[Cluster 0 (atribuido)][0m
2026-07-28 16:59:36 [INFO]      consumiu MENOS que o habitual às 22h
2026-07-28 16:59:36 [INFO]      [2mReal:[0m 24.0 kWh   [2mHabitual:[0m 92.0 ± 20.8 kWh   [2mz:[0m -3.27   [2mdesvio:[0m -74%   [2m(3 obs. dia_util)[0m
2026-07-28 16:59:36 [INFO] 
2026-07-28 16:59:36 [INFO]   🔴 [91m[1mPT0002000078441876HB[0m  [2m[Cluster 0][0m
2026-07-28 16:59:36 [INFO]      consumiu MAIS que o habitual às 12h
2026-07-28 16:59:36 [INFO]      [2mReal:[0m 1576.0 kWh   [2mHabitual:[0m 1189.5 ± 119.0 kWh   [2mz:[0m +3.25   [2mdesvio:[0m +32%   [2m(2 obs. dia_util)[0m
2026-07-28 16:59:36 [INFO] 
2026-07-28 16:59:36 [INFO]   🔴 [91m[1mPT0002000077348081AG[0m  [2m[Cluster 0 (atribuido)][0m
2026-07-28 16:59:36 [INFO]      consumiu MAIS que o habitual às 12h
2026-07-28 16:59:36 [INFO]      [2mReal:[0m 305.0 kWh   [2mHabitual:[0m 227.0 ± 24.0 kWh   [2mz:[0m +3.24   [2mdesvio:[0m +34%   [2m(2 obs. dia_util)[0m
2026-07-28 16:59:36 [INFO] 
2026-07-28 16:59:36 [INFO]   🔵 [94m[1mPT0002000107172384HT[0m  [2m[Cluster 1][0m
2026-07-28 16:59:36 [INFO]      consumiu MENOS que o habitual às 13h
2026-07-28 16:59:36 [INFO]      [2mReal:[0m 23.0 kWh   [2mHabitual:[0m 34.0 ± 3.4 kWh   [2mz:[0m -3.24   [2mdesvio:[0m -32%   [2m(2 obs. dia_util)[0m
2026-07-28 16:59:36 [INFO] 
2026-07-28 16:59:36 [INFO]   🔴 [91m[1mPT0002000082549706RH[0m  [2m[Cluster 0][0m
2026-07-28 16:59:36 [INFO]      consumiu MAIS que o habitual às 15h
2026-07-28 16:59:36 [INFO]      [2mReal:[0m 136.0 kWh   [2mHabitual:[0m 95.0 ± 12.7 kWh   [2mz:[0m +3.22   [2mdesvio:[0m +43%   [2m(2 obs. dia_util)[0m
2026-07-28 16:59:36 [INFO] 
2026-07-28 16:59:36 [INFO]   🔴 [91m[1mPT0002000110814293YC[0m  [2m[Cluster 0 (atribuido)][0m
2026-07-28 16:59:36 [INFO]      consumiu MAIS que o habitual às 08h
2026-07-28 16:59:36 [INFO]      [2mReal:[0m 55.0 kWh   [2mHabitual:[0m 34.5 ± 6.4 kWh   [2mz:[0m +3.22   [2mdesvio:[0m +59%   [2m(2 obs. dia_util)[0m
2026-07-28 16:59:36 [INFO] 
2026-07-28 16:59:36 [INFO]   🔴 [91m[1mPT0002000077348081AG[0m  [2m[Cluster 0 (atribuido)][0m
2026-07-28 16:59:36 [INFO]      consumiu MAIS que o habitual às 16h
2026-07-28 16:59:36 [INFO]      [2mReal:[0m 328.0 kWh   [2mHabitual:[0m 248.5 ± 24.9 kWh   [2mz:[0m +3.20   [2mdesvio:[0m +32%   [2m(2 obs. dia_util)[0m
2026-07-28 16:59:36 [INFO] 
2026-07-28 16:59:36 [INFO]   🔴 [91m[1mPT0002000068856781NM[0m  [2m[Cluster 0][0m
2026-07-28 16:59:36 [INFO]      consumiu MAIS que o habitual às 16h
2026-07-28 16:59:36 [INFO]      [2mReal:[0m 133.0 kWh   [2mHabitual:[0m 101.0 ± 10.1 kWh   [2mz:[0m +3.17   [2mdesvio:[0m +32%   [2m(2 obs. dia_util)[0m
2026-07-28 16:59:36 [INFO] 
2026-07-28 16:59:36 [INFO]   🔴 [91m[1mPT0002000112989585PH[0m  [2m[Cluster 0][0m
2026-07-28 16:59:36 [INFO]      consumiu MAIS que o habitual às 19h
2026-07-28 16:59:36 [INFO]      [2mReal:[0m 142.0 kWh   [2mHabitual:[0m 108.0 ± 10.8 kWh   [2mz:[0m +3.15   [2mdesvio:[0m +31%   [2m(2 obs. dia_util)[0m
2026-07-28 16:59:36 [INFO] 
2026-07-28 16:59:36 [INFO]   🔴 [91m[1mPT0002000078233981HJ[0m  [2m[Cluster 1][0m
2026-07-28 16:59:36 [INFO]      consumiu MAIS que o habitual às 17h
2026-07-28 16:59:36 [INFO]      [2mReal:[0m 22.0 kWh   [2mHabitual:[0m 6.5 ± 5.0 kWh   [2mz:[0m +3.13   [2mdesvio:[0m +238%   [2m(2 obs. dia_util)[0m
2026-07-28 16:59:36 [INFO] 
2026-07-28 16:59:36 [INFO]   🔴 [91m[1mPT0002000078441876HB[0m  [2m[Cluster 0][0m
2026-07-28 16:59:36 [INFO]      consumiu MAIS que o habitual às 10h
2026-07-28 16:59:36 [INFO]      [2mReal:[0m 1448.0 kWh   [2mHabitual:[0m 1049.0 ± 127.3 kWh   [2mz:[0m +3.13   [2mdesvio:[0m +38%   [2m(2 obs. dia_util)[0m
2026-07-28 16:59:36 [INFO] 
2026-07-28 16:59:36 [INFO]   🔴 [91m[1mPT0002000081997398TD[0m  [2m[Cluster 0][0m
2026-07-28 16:59:36 [INFO]      consumiu MAIS que o habitual às 19h
2026-07-28 16:59:36 [INFO]      [2mReal:[0m 187.0 kWh   [2mHabitual:[0m 142.5 ± 14.2 kWh   [2mz:[0m +3.12   [2mdesvio:[0m +31%   [2m(2 obs. dia_util)[0m
2026-07-28 16:59:36 [INFO] 
2026-07-28 16:59:36 [INFO]   🔴 [91m[1mPT0002000125701614SQ[0m  [2m[Cluster 1 (atribuido)][0m
2026-07-28 16:59:36 [INFO]      consumiu MAIS que o habitual às 09h
2026-07-28 16:59:36 [INFO]      [2mReal:[0m 21.0 kWh   [2mHabitual:[0m 16.0 ± 1.6 kWh   [2mz:[0m +3.12   [2mdesvio:[0m +31%   [2m(2 obs. dia_util)[0m
2026-07-28 16:59:36 [INFO] 
2026-07-28 16:59:36 [INFO]   🔴 [91m[1mPT0002000125701614SQ[0m  [2m[Cluster 1 (atribuido)][0m
2026-07-28 16:59:36 [INFO]      consumiu MAIS que o habitual às 11h
2026-07-28 16:59:36 [INFO]      [2mReal:[0m 21.0 kWh   [2mHabitual:[0m 16.0 ± 1.6 kWh   [2mz:[0m +3.12   [2mdesvio:[0m +31%   [2m(2 obs. dia_util)[0m
2026-07-28 16:59:36 [INFO] 
2026-07-28 16:59:36 [INFO]   🔴 [91m[1mPT0002000125701614SQ[0m  [2m[Cluster 1 (atribuido)][0m
2026-07-28 16:59:36 [INFO]      consumiu MAIS que o habitual às 19h
2026-07-28 16:59:36 [INFO]      [2mReal:[0m 21.0 kWh   [2mHabitual:[0m 16.0 ± 1.6 kWh   [2mz:[0m +3.12   [2mdesvio:[0m +31%   [2m(2 obs. dia_util)[0m
2026-07-28 16:59:36 [INFO] 
2026-07-28 16:59:36 [INFO]   🔴 [91m[1mPT0002000068856781NM[0m  [2m[Cluster 0][0m
2026-07-28 16:59:36 [INFO]      consumiu MAIS que o habitual às 15h
2026-07-28 16:59:36 [INFO]      [2mReal:[0m 133.0 kWh   [2mHabitual:[0m 101.5 ± 10.2 kWh   [2mz:[0m +3.10   [2mdesvio:[0m +31%   [2m(2 obs. dia_util)[0m
2026-07-28 16:59:36 [INFO] 
2026-07-28 16:59:36 [INFO]   🔴 [91m[1mPT0002000068856781NM[0m  [2m[Cluster 0][0m
2026-07-28 16:59:36 [INFO]      consumiu MAIS que o habitual às 12h
2026-07-28 16:59:36 [INFO]      [2mReal:[0m 127.0 kWh   [2mHabitual:[0m 97.0 ± 9.7 kWh   [2mz:[0m +3.09   [2mdesvio:[0m +31%   [2m(2 obs. dia_util)[0m
2026-07-28 16:59:36 [INFO] 
2026-07-28 16:59:36 [INFO]   🔴 [91m[1mPT0002000068856655YV[0m  [2m[Cluster 0][0m
2026-07-28 16:59:36 [INFO]      consumiu MAIS que o habitual às 14h
2026-07-28 16:59:36 [INFO]      [2mReal:[0m 9.0 kWh   [2mHabitual:[0m 2.5 ± 2.1 kWh   [2mz:[0m +3.06   [2mdesvio:[0m +260%   [2m(2 obs. dia_util)[0m
2026-07-28 16:59:36 [INFO] 
2026-07-28 16:59:36 [INFO]   🔴 [91m[1mPT0002000068859382XF[0m  [2m[Cluster 0][0m
2026-07-28 16:59:36 [INFO]      consumiu MAIS que o habitual às 17h
2026-07-28 16:59:36 [INFO]      [2mReal:[0m 47.0 kWh   [2mHabitual:[0m 36.0 ± 3.6 kWh   [2mz:[0m +3.06   [2mdesvio:[0m +31%   [2m(2 obs. dia_util)[0m
2026-07-28 16:59:36 [INFO] 
2026-07-28 16:59:36 [INFO]   🔴 [91m[1mPT0002000068859597LS[0m  [2m[Cluster 0][0m
2026-07-28 16:59:36 [INFO]      consumiu MAIS que o habitual às 08h
2026-07-28 16:59:36 [INFO]      [2mReal:[0m 60.0 kWh   [2mHabitual:[0m 34.0 ± 8.5 kWh   [2mz:[0m +3.06   [2mdesvio:[0m +76%   [2m(2 obs. dia_util)[0m
2026-07-28 16:59:36 [INFO] 
2026-07-28 16:59:36 [INFO]   🔴 [91m[1mPT0002000110814293YC[0m  [2m[Cluster 0 (atribuido)][0m
2026-07-28 16:59:36 [INFO]      consumiu MAIS que o habitual às 15h
2026-07-28 16:59:36 [INFO]      [2mReal:[0m 79.0 kWh   [2mHabitual:[0m 60.5 ± 6.0 kWh   [2mz:[0m +3.06   [2mdesvio:[0m +31%   [2m(2 obs. dia_util)[0m
2026-07-28 16:59:36 [INFO] 
2026-07-28 16:59:36 [INFO]   🔴 [91m[1mPT0002000068856781NM[0m  [2m[Cluster 0][0m
2026-07-28 16:59:36 [INFO]      consumiu MAIS que o habitual às 14h
2026-07-28 16:59:36 [INFO]      [2mReal:[0m 132.0 kWh   [2mHabitual:[0m 101.5 ± 10.2 kWh   [2mz:[0m +3.00   [2mdesvio:[0m +30%   [2m(2 obs. dia_util)[0m
2026-07-28 16:59:36 [INFO] 
2026-07-28 16:59:36 [INFO]   🔴 [91m[1mPT0002000114613364CC[0m  [2m[Cluster 0 (atribuido)][0m
2026-07-28 16:59:36 [INFO]      consumiu MAIS que o habitual às 20h
2026-07-28 16:59:36 [INFO]      [2mReal:[0m 145.0 kWh   [2mHabitual:[0m 111.5 ± 11.2 kWh   [2mz:[0m +3.00   [2mdesvio:[0m +30%   [2m(2 obs. dia_util)[0m
2026-07-28 16:59:36 [INFO] 
2026-07-28 16:59:36 [INFO]   [2mCSV:[0m C:\Users\anaca\OneDrive\Ambiente de Trabalho\Tese\ts-anomaly-detection-dissertation\results\energia\realtime\alerts\analise_energia_2026-07-27.csv
2026-07-28 16:59:36 [INFO] 
2026-07-28 16:59:36 [INFO] [96m→ A prever consumo de 2026-07-28 para 276 CPEs...[0m
2026-07-28 16:59:48 [INFO] [1m══════════════════════════════════════════════════════════════════════[0m
2026-07-28 16:59:48 [INFO] [1m  PREDIÇÃO — 2026-07-28 [0m[2m(dia util)[0m
2026-07-28 16:59:48 [INFO] [1m══════════════════════════════════════════════════════════════════════[0m
2026-07-28 16:59:48 [INFO]   [95m● CPEs previstos[0m          69 [2m(alta: 0, baixa: 1656)[0m
2026-07-28 16:59:48 [INFO]   [95m● Consumo total previsto[0m 83975.8 kWh [2m(±22243.4)[0m
2026-07-28 16:59:48 [INFO] 
2026-07-28 16:59:48 [INFO]   [2mPrevisão guardada:[0m C:\Users\anaca\OneDrive\Ambiente de Trabalho\Tese\ts-anomaly-detection-dissertation\results\energia\realtime\predictions\previsao_energia_2026-07-28.csv
2026-07-28 16:59:48 [INFO] 
2026-07-28 16:59:48 [INFO] [1m══════════════════════════════════════════════════════════════════════[0m
2026-07-28 16:59:48 [INFO] [1m  VALIDAÇÃO — qualidade das previsões anteriores[0m
2026-07-28 16:59:48 [INFO] [1m══════════════════════════════════════════════════════════════════════[0m
2026-07-28 16:59:49 [INFO]   [2mDias validados:[0m 4   [2mpendentes:[0m 43
2026-07-28 16:59:49 [INFO]   [2mÚltimo (2026-07-27):[0m MAE 19.19 kWh   RMSE 51.02   em ±1σ 47% [2m(esperado ~68%)[0m   em ±2σ 57% [2m(esperado ~95%)[0m
2026-07-28 16:59:49 [INFO]   [2mMédia acumulada:[0m MAE 16.27 kWh   RMSE 44.92   em ±1σ 54%   em ±2σ 76%
2026-07-28 16:59:49 [INFO]   [2mCSV:[0m C:\Users\anaca\OneDrive\Ambiente de Trabalho\Tese\ts-anomaly-detection-dissertation\results\energia\realtime\analysis\qualidade_previsoes_energia.csv
2026-07-28 16:59:49 [INFO] 
2026-07-28 16:59:49 [INFO] 
2026-07-28 16:59:49 [INFO] Concluido em 664.0s. Ficheiros gerados: 2
2026-07-28 16:49:00 [INFO] [96m→ A pedir dados ao BaZe (276 CPEs)...[0m
2026-07-28 17:01:08 [INFO]   [2mClusters atribuidos carregados:[0m 22 novos
2026-07-28 17:01:09 [INFO] 
2026-07-28 17:01:09 [INFO] [1m══════════════════════════════════════════════════════════════════════[0m
2026-07-28 17:01:09 [INFO] [1m  DETEÇÃO DE ANOMALIAS — 2026-07-27[0m
2026-07-28 17:01:09 [INFO] [1m══════════════════════════════════════════════════════════════════════[0m
2026-07-28 17:01:09 [INFO]   [2mTipo de dia:[0m  dia util
2026-07-28 17:01:09 [INFO]   [2mFonte:[0m        BAZE
2026-07-28 17:01:09 [INFO]   [2mCPEs c/ dados:[0m 69
2026-07-28 17:01:09 [INFO]   [2mThreshold:[0m    |z| > 3.0 [2m(adaptativo a este tipo de dia)[0m
2026-07-28 17:01:09 [INFO] 
2026-07-28 17:01:09 [INFO] [96m→ A analisar 69 CPEs / 1656 pontos horários (retrospetiva)...[0m
2026-07-28 17:01:11 [INFO] [1m─── Resumo ─────────────────────────────────────[0m
2026-07-28 17:01:11 [INFO]   [92m● Normal[0m                1049 [2m( 63.3%)[0m
2026-07-28 17:01:11 [INFO]   [91m● Desvio (alta confiança)[0m    0 [2m(  0.0%)[0m
2026-07-28 17:01:11 [INFO]   [93m● Desvio (baixa confiança)[0m 607 [2m( 36.7%)[0m
2026-07-28 17:01:11 [INFO]   [2mTempo: 731.1s[0m
2026-07-28 17:01:11 [INFO] 
2026-07-28 17:01:11 [INFO] [1m[93m─── Desvios de BAIXA confiança (607) ──────────────[0m
2026-07-28 17:01:11 [INFO]   [2m(poucos dados históricos — verificar manualmente)[0m
2026-07-28 17:01:11 [INFO] 
2026-07-28 17:01:11 [INFO]   🔴 [91m[1mPT0002000033074862LZ[0m  [2m[Cluster 0][0m
2026-07-28 17:01:11 [INFO]      consumiu MAIS que o habitual às 07h
2026-07-28 17:01:11 [INFO]      [2mReal:[0m 32.0 kWh   [2mHabitual:[0m 13.0 ± 1.3 kWh   [2mz:[0m +10.00⁺   [2mdesvio:[0m +146%   [2m(2 obs. dia_util)[0m
2026-07-28 17:01:11 [INFO] 
2026-07-28 17:01:11 [INFO]   🔴 [91m[1mPT0002000033074862LZ[0m  [2m[Cluster 0][0m
2026-07-28 17:01:11 [INFO]      consumiu MAIS que o habitual às 08h
2026-07-28 17:01:11 [INFO]      [2mReal:[0m 38.0 kWh   [2mHabitual:[0m 11.0 ± 1.1 kWh   [2mz:[0m +10.00⁺   [2mdesvio:[0m +245%   [2m(2 obs. dia_util)[0m
2026-07-28 17:01:11 [INFO] 
2026-07-28 17:01:11 [INFO]   🔴 [91m[1mPT0002000033074862LZ[0m  [2m[Cluster 0][0m
2026-07-28 17:01:11 [INFO]      consumiu MAIS que o habitual às 09h
2026-07-28 17:01:11 [INFO]      [2mReal:[0m 39.0 kWh   [2mHabitual:[0m 10.5 ± 1.1 kWh   [2mz:[0m +10.00⁺   [2mdesvio:[0m +271%   [2m(2 obs. dia_util)[0m
2026-07-28 17:01:11 [INFO] 
2026-07-28 17:01:11 [INFO]   🔴 [91m[1mPT0002000033074862LZ[0m  [2m[Cluster 0][0m
2026-07-28 17:01:11 [INFO]      consumiu MAIS que o habitual às 10h
2026-07-28 17:01:11 [INFO]      [2mReal:[0m 43.0 kWh   [2mHabitual:[0m 11.5 ± 1.1 kWh   [2mz:[0m +10.00⁺   [2mdesvio:[0m +274%   [2m(2 obs. dia_util)[0m
2026-07-28 17:01:11 [INFO] 
2026-07-28 17:01:11 [INFO]   🔴 [91m[1mPT0002000033074862LZ[0m  [2m[Cluster 0][0m
2026-07-28 17:01:11 [INFO]      consumiu MAIS que o habitual às 11h
2026-07-28 17:01:11 [INFO]      [2mReal:[0m 55.0 kWh   [2mHabitual:[0m 10.5 ± 1.1 kWh   [2mz:[0m +10.00⁺   [2mdesvio:[0m +424%   [2m(2 obs. dia_util)[0m
2026-07-28 17:01:11 [INFO] 
2026-07-28 17:01:11 [INFO]   🔴 [91m[1mPT0002000033074862LZ[0m  [2m[Cluster 0][0m
2026-07-28 17:01:11 [INFO]      consumiu MAIS que o habitual às 12h
2026-07-28 17:01:11 [INFO]      [2mReal:[0m 47.0 kWh   [2mHabitual:[0m 10.0 ± 1.0 kWh   [2mz:[0m +10.00⁺   [2mdesvio:[0m +370%   [2m(2 obs. dia_util)[0m
2026-07-28 17:01:11 [INFO] 
2026-07-28 17:01:11 [INFO]   🔴 [91m[1mPT0002000033074862LZ[0m  [2m[Cluster 0][0m
2026-07-28 17:01:11 [INFO]      consumiu MAIS que o habitual às 13h
2026-07-28 17:01:11 [INFO]      [2mReal:[0m 50.0 kWh   [2mHabitual:[0m 10.5 ± 1.1 kWh   [2mz:[0m +10.00⁺   [2mdesvio:[0m +376%   [2m(2 obs. dia_util)[0m
2026-07-28 17:01:11 [INFO] 
2026-07-28 17:01:11 [INFO]   🔴 [91m[1mPT0002000033074862LZ[0m  [2m[Cluster 0][0m
2026-07-28 17:01:11 [INFO]      consumiu MAIS que o habitual às 14h
2026-07-28 17:01:11 [INFO]      [2mReal:[0m 32.0 kWh   [2mHabitual:[0m 10.5 ± 1.1 kWh   [2mz:[0m +10.00⁺   [2mdesvio:[0m +205%   [2m(2 obs. dia_util)[0m
2026-07-28 17:01:11 [INFO] 
2026-07-28 17:01:11 [INFO]   🔴 [91m[1mPT0002000033074862LZ[0m  [2m[Cluster 0][0m
2026-07-28 17:01:11 [INFO]      consumiu MAIS que o habitual às 15h
2026-07-28 17:01:11 [INFO]      [2mReal:[0m 24.0 kWh   [2mHabitual:[0m 11.0 ± 1.1 kWh   [2mz:[0m +10.00⁺   [2mdesvio:[0m +118%   [2m(2 obs. dia_util)[0m
2026-07-28 17:01:11 [INFO] 
2026-07-28 17:01:11 [INFO]   🔴 [91m[1mPT0002000033074862LZ[0m  [2m[Cluster 0][0m
2026-07-28 17:01:11 [INFO]      consumiu MAIS que o habitual às 16h
2026-07-28 17:01:11 [INFO]      [2mReal:[0m 22.0 kWh   [2mHabitual:[0m 10.5 ± 1.1 kWh   [2mz:[0m +10.00⁺   [2mdesvio:[0m +110%   [2m(2 obs. dia_util)[0m
2026-07-28 17:01:11 [INFO] 
2026-07-28 17:01:11 [INFO]   🔴 [91m[1mPT0002000068855003AK[0m  [2m[Cluster 0 (atribuido)][0m
2026-07-28 17:01:11 [INFO]      consumiu MAIS que o habitual às 10h
2026-07-28 17:01:11 [INFO]      [2mReal:[0m 46.0 kWh   [2mHabitual:[0m 9.0 ± 1.4 kWh   [2mz:[0m +10.00⁺   [2mdesvio:[0m +411%   [2m(2 obs. dia_util)[0m
2026-07-28 17:01:11 [INFO] 
2026-07-28 17:01:11 [INFO]   🔴 [91m[1mPT0002000068855003AK[0m  [2m[Cluster 0 (atribuido)][0m
2026-07-28 17:01:11 [INFO]      consumiu MAIS que o habitual às 11h
2026-07-28 17:01:11 [INFO]      [2mReal:[0m 54.0 kWh   [2mHabitual:[0m 10.0 ± 2.8 kWh   [2mz:[0m +10.00⁺   [2mdesvio:[0m +440%   [2m(2 obs. dia_util)[0m
2026-07-28 17:01:11 [INFO] 
2026-07-28 17:01:11 [INFO]   🔴 [91m[1mPT0002000068855003AK[0m  [2m[Cluster 0 (atribuido)][0m
2026-07-28 17:01:11 [INFO]      consumiu MAIS que o habitual às 12h
2026-07-28 17:01:11 [INFO]      [2mReal:[0m 74.0 kWh   [2mHabitual:[0m 13.0 ± 1.4 kWh   [2mz:[0m +10.00⁺   [2mdesvio:[0m +469%   [2m(2 obs. dia_util)[0m
2026-07-28 17:01:11 [INFO] 
2026-07-28 17:01:11 [INFO]   🔴 [91m[1mPT0002000068855003AK[0m  [2m[Cluster 0 (atribuido)][0m
2026-07-28 17:01:11 [INFO]      consumiu MAIS que o habitual às 13h
2026-07-28 17:01:11 [INFO]      [2mReal:[0m 90.0 kWh   [2mHabitual:[0m 16.0 ± 2.8 kWh   [2mz:[0m +10.00⁺   [2mdesvio:[0m +462%   [2m(2 obs. dia_util)[0m
2026-07-28 17:01:11 [INFO] 
2026-07-28 17:01:11 [INFO]   🔴 [91m[1mPT0002000068855003AK[0m  [2m[Cluster 0 (atribuido)][0m
2026-07-28 17:01:11 [INFO]      consumiu MAIS que o habitual às 14h
2026-07-28 17:01:11 [INFO]      [2mReal:[0m 93.0 kWh   [2mHabitual:[0m 17.5 ± 6.4 kWh   [2mz:[0m +10.00⁺   [2mdesvio:[0m +431%   [2m(2 obs. dia_util)[0m
2026-07-28 17:01:11 [INFO] 
2026-07-28 17:01:11 [INFO]   🔴 [91m[1mPT0002000068855003AK[0m  [2m[Cluster 0 (atribuido)][0m
2026-07-28 17:01:11 [INFO]      consumiu MAIS que o habitual às 16h
2026-07-28 17:01:11 [INFO]      [2mReal:[0m 116.0 kWh   [2mHabitual:[0m 17.0 ± 5.7 kWh   [2mz:[0m +10.00⁺   [2mdesvio:[0m +582%   [2m(2 obs. dia_util)[0m
2026-07-28 17:01:11 [INFO] 
2026-07-28 17:01:11 [INFO]   🔴 [91m[1mPT0002000068855003AK[0m  [2m[Cluster 0 (atribuido)][0m
2026-07-28 17:01:11 [INFO]      consumiu MAIS que o habitual às 17h
2026-07-28 17:01:11 [INFO]      [2mReal:[0m 111.0 kWh   [2mHabitual:[0m 16.0 ± 4.2 kWh   [2mz:[0m +10.00⁺   [2mdesvio:[0m +594%   [2m(2 obs. dia_util)[0m
2026-07-28 17:01:11 [INFO] 
2026-07-28 17:01:11 [INFO]   🔴 [91m[1mPT0002000068855003AK[0m  [2m[Cluster 0 (atribuido)][0m
2026-07-28 17:01:11 [INFO]      consumiu MAIS que o habitual às 18h
2026-07-28 17:01:11 [INFO]      [2mReal:[0m 109.0 kWh   [2mHabitual:[0m 14.5 ± 3.5 kWh   [2mz:[0m +10.00⁺   [2mdesvio:[0m +652%   [2m(2 obs. dia_util)[0m
2026-07-28 17:01:11 [INFO] 
2026-07-28 17:01:11 [INFO]   🔴 [91m[1mPT0002000068855003AK[0m  [2m[Cluster 0 (atribuido)][0m
2026-07-28 17:01:11 [INFO]      consumiu MAIS que o habitual às 21h
2026-07-28 17:01:11 [INFO]      [2mReal:[0m 17.0 kWh   [2mHabitual:[0m 7.3 ± 0.7 kWh   [2mz:[0m +10.00⁺   [2mdesvio:[0m +132%   [2m(3 obs. dia_util)[0m
2026-07-28 17:01:11 [INFO] 
2026-07-28 17:01:11 [INFO]   🔴 [91m[1mPT0002000068856267NC[0m  [2m[Cluster 0 (atribuido)][0m
2026-07-28 17:01:11 [INFO]      consumiu MAIS que o habitual às 08h
2026-07-28 17:01:11 [INFO]      [2mReal:[0m 38.0 kWh   [2mHabitual:[0m 17.5 ± 1.8 kWh   [2mz:[0m +10.00⁺   [2mdesvio:[0m +117%   [2m(2 obs. dia_util)[0m
2026-07-28 17:01:11 [INFO] 
2026-07-28 17:01:11 [INFO]   🔴 [91m[1mPT0002000068856267NC[0m  [2m[Cluster 0 (atribuido)][0m
2026-07-28 17:01:11 [INFO]      consumiu MAIS que o habitual às 09h
2026-07-28 17:01:11 [INFO]      [2mReal:[0m 43.0 kWh   [2mHabitual:[0m 17.0 ± 1.7 kWh   [2mz:[0m +10.00⁺   [2mdesvio:[0m +153%   [2m(2 obs. dia_util)[0m
2026-07-28 17:01:11 [INFO] 
2026-07-28 17:01:11 [INFO]   🔴 [91m[1mPT0002000068856267NC[0m  [2m[Cluster 0 (atribuido)][0m
2026-07-28 17:01:11 [INFO]      consumiu MAIS que o habitual às 10h
2026-07-28 17:01:11 [INFO]      [2mReal:[0m 53.0 kWh   [2mHabitual:[0m 16.5 ± 1.6 kWh   [2mz:[0m +10.00⁺   [2mdesvio:[0m +221%   [2m(2 obs. dia_util)[0m
2026-07-28 17:01:11 [INFO] 
2026-07-28 17:01:11 [INFO]   🔴 [91m[1mPT0002000068856267NC[0m  [2m[Cluster 0 (atribuido)][0m
2026-07-28 17:01:11 [INFO]      consumiu MAIS que o habitual às 11h
2026-07-28 17:01:11 [INFO]      [2mReal:[0m 42.0 kWh   [2mHabitual:[0m 17.5 ± 2.1 kWh   [2mz:[0m +10.00⁺   [2mdesvio:[0m +140%   [2m(2 obs. dia_util)[0m
2026-07-28 17:01:11 [INFO] 
2026-07-28 17:01:11 [INFO]   🔴 [91m[1mPT0002000068856267NC[0m  [2m[Cluster 0 (atribuido)][0m
2026-07-28 17:01:11 [INFO]      consumiu MAIS que o habitual às 12h
2026-07-28 17:01:11 [INFO]      [2mReal:[0m 43.0 kWh   [2mHabitual:[0m 16.5 ± 1.6 kWh   [2mz:[0m +10.00⁺   [2mdesvio:[0m +161%   [2m(2 obs. dia_util)[0m
2026-07-28 17:01:11 [INFO] 
2026-07-28 17:01:11 [INFO]   🔴 [91m[1mPT0002000068856267NC[0m  [2m[Cluster 0 (atribuido)][0m
2026-07-28 17:01:11 [INFO]      consumiu MAIS que o habitual às 13h
2026-07-28 17:01:11 [INFO]      [2mReal:[0m 42.0 kWh   [2mHabitual:[0m 16.5 ± 1.6 kWh   [2mz:[0m +10.00⁺   [2mdesvio:[0m +155%   [2m(2 obs. dia_util)[0m
2026-07-28 17:01:11 [INFO] 
2026-07-28 17:01:11 [INFO]   🔴 [91m[1mPT0002000068856267NC[0m  [2m[Cluster 0 (atribuido)][0m
2026-07-28 17:01:11 [INFO]      consumiu MAIS que o habitual às 14h
2026-07-28 17:01:11 [INFO]      [2mReal:[0m 51.0 kWh   [2mHabitual:[0m 17.5 ± 1.8 kWh   [2mz:[0m +10.00⁺   [2mdesvio:[0m +191%   [2m(2 obs. dia_util)[0m
2026-07-28 17:01:11 [INFO] 
2026-07-28 17:01:11 [INFO]   🔴 [91m[1mPT0002000068856267NC[0m  [2m[Cluster 0 (atribuido)][0m
2026-07-28 17:01:11 [INFO]      consumiu MAIS que o habitual às 15h
2026-07-28 17:01:11 [INFO]      [2mReal:[0m 43.0 kWh   [2mHabitual:[0m 17.0 ± 1.7 kWh   [2mz:[0m +10.00⁺   [2mdesvio:[0m +153%   [2m(2 obs. dia_util)[0m
2026-07-28 17:01:11 [INFO] 
2026-07-28 17:01:11 [INFO]   🔴 [91m[1mPT0002000068856655YV[0m  [2m[Cluster 0][0m
2026-07-28 17:01:11 [INFO]      consumiu MAIS que o habitual às 13h
2026-07-28 17:01:11 [INFO]      [2mReal:[0m 8.0 kWh   [2mHabitual:[0m 2.0 ± 0.3 kWh   [2mz:[0m +10.00⁺   [2mdesvio:[0m +300%   [2m(2 obs. dia_util)[0m
2026-07-28 17:01:11 [INFO] 
2026-07-28 17:01:11 [INFO]   🔴 [91m[1mPT0002000068856872QG[0m  [2m[Cluster 1][0m
2026-07-28 17:01:11 [INFO]      consumiu MAIS que o habitual às 12h
2026-07-28 17:01:11 [INFO]      [2mReal:[0m 4.0 kWh   [2mHabitual:[0m 0.0 ± 0.3 kWh   [2mz:[0m +10.00⁺   [2mdesvio:[0m +400000%   [2m(2 obs. dia_util)[0m
2026-07-28 17:01:11 [INFO] 
2026-07-28 17:01:11 [INFO]   🔴 [91m[1mPT0002000068856974CZ[0m  [2m[Cluster 0 (atribuido)][0m
2026-07-28 17:01:11 [INFO]      consumiu MAIS que o habitual às 08h
2026-07-28 17:01:11 [INFO]      [2mReal:[0m 36.0 kWh   [2mHabitual:[0m 10.0 ± 1.4 kWh   [2mz:[0m +10.00⁺   [2mdesvio:[0m +260%   [2m(2 obs. dia_util)[0m
2026-07-28 17:01:11 [INFO] 
2026-07-28 17:01:11 [INFO]   🔴 [91m[1mPT0002000068856974CZ[0m  [2m[Cluster 0 (atribuido)][0m
2026-07-28 17:01:11 [INFO]      consumiu MAIS que o habitual às 09h
2026-07-28 17:01:11 [INFO]      [2mReal:[0m 43.0 kWh   [2mHabitual:[0m 11.0 ± 1.1 kWh   [2mz:[0m +10.00⁺   [2mdesvio:[0m +291%   [2m(2 obs. dia_util)[0m
2026-07-28 17:01:11 [INFO] 
2026-07-28 17:01:11 [INFO]   🔴 [91m[1mPT0002000068856974CZ[0m  [2m[Cluster 0 (atribuido)][0m
2026-07-28 17:01:11 [INFO]      consumiu MAIS que o habitual às 10h
2026-07-28 17:01:11 [INFO]      [2mReal:[0m 57.0 kWh   [2mHabitual:[0m 9.5 ± 0.9 kWh   [2mz:[0m +10.00⁺   [2mdesvio:[0m +500%   [2m(2 obs. dia_util)[0m
2026-07-28 17:01:11 [INFO] 
2026-07-28 17:01:11 [INFO]   🔴 [91m[1mPT0002000068856974CZ[0m  [2m[Cluster 0 (atribuido)][0m
2026-07-28 17:01:11 [INFO]      consumiu MAIS que o habitual às 11h
2026-07-28 17:01:11 [INFO]      [2mReal:[0m 78.0 kWh   [2mHabitual:[0m 10.0 ± 1.4 kWh   [2mz:[0m +10.00⁺   [2mdesvio:[0m +680%   [2m(2 obs. dia_util)[0m
2026-07-28 17:01:11 [INFO] 
2026-07-28 17:01:11 [INFO]   🔴 [91m[1mPT0002000068856974CZ[0m  [2m[Cluster 0 (atribuido)][0m
2026-07-28 17:01:11 [INFO]      consumiu MAIS que o habitual às 12h
2026-07-28 17:01:11 [INFO]      [2mReal:[0m 84.0 kWh   [2mHabitual:[0m 10.5 ± 1.1 kWh   [2mz:[0m +10.00⁺   [2mdesvio:[0m +700%   [2m(2 obs. dia_util)[0m
2026-07-28 17:01:11 [INFO] 
2026-07-28 17:01:11 [INFO]   🔴 [91m[1mPT0002000068856974CZ[0m  [2m[Cluster 0 (atribuido)][0m
2026-07-28 17:01:11 [INFO]      consumiu MAIS que o habitual às 13h
2026-07-28 17:01:11 [INFO]      [2mReal:[0m 94.0 kWh   [2mHabitual:[0m 19.0 ± 2.8 kWh   [2mz:[0m +10.00⁺   [2mdesvio:[0m +395%   [2m(2 obs. dia_util)[0m
2026-07-28 17:01:11 [INFO] 
2026-07-28 17:01:11 [INFO]   🔴 [91m[1mPT0002000068856974CZ[0m  [2m[Cluster 0 (atribuido)][0m
2026-07-28 17:01:11 [INFO]      consumiu MAIS que o habitual às 14h
2026-07-28 17:01:11 [INFO]      [2mReal:[0m 95.0 kWh   [2mHabitual:[0m 28.5 ± 2.9 kWh   [2mz:[0m +10.00⁺   [2mdesvio:[0m +233%   [2m(2 obs. dia_util)[0m
2026-07-28 17:01:11 [INFO] 
2026-07-28 17:01:11 [INFO]   🔴 [91m[1mPT0002000068856974CZ[0m  [2m[Cluster 0 (atribuido)][0m
2026-07-28 17:01:11 [INFO]      consumiu MAIS que o habitual às 15h
2026-07-28 17:01:11 [INFO]      [2mReal:[0m 77.0 kWh   [2mHabitual:[0m 27.5 ± 2.8 kWh   [2mz:[0m +10.00⁺   [2mdesvio:[0m +180%   [2m(2 obs. dia_util)[0m
2026-07-28 17:01:11 [INFO] 
2026-07-28 17:01:11 [INFO]   🔴 [91m[1mPT0002000068856974CZ[0m  [2m[Cluster 0 (atribuido)][0m
2026-07-28 17:01:11 [INFO]      consumiu MAIS que o habitual às 16h
2026-07-28 17:01:11 [INFO]      [2mReal:[0m 60.0 kWh   [2mHabitual:[0m 26.0 ± 2.6 kWh   [2mz:[0m +10.00⁺   [2mdesvio:[0m +131%   [2m(2 obs. dia_util)[0m
2026-07-28 17:01:11 [INFO] 
2026-07-28 17:01:11 [INFO]   🔴 [91m[1mPT0002000068857099AR[0m  [2m[Cluster 1][0m
2026-07-28 17:01:11 [INFO]      consumiu MAIS que o habitual às 20h
2026-07-28 17:01:11 [INFO]      [2mReal:[0m 8.0 kWh   [2mHabitual:[0m 3.0 ± 0.3 kWh   [2mz:[0m +10.00⁺   [2mdesvio:[0m +167%   [2m(2 obs. dia_util)[0m
2026-07-28 17:01:11 [INFO] 
2026-07-28 17:01:11 [INFO]   🔴 [91m[1mPT0002000068857897ZV[0m  [2m[Cluster 0][0m
2026-07-28 17:01:11 [INFO]      consumiu MAIS que o habitual às 09h
2026-07-28 17:01:11 [INFO]      [2mReal:[0m 69.0 kWh   [2mHabitual:[0m 25.0 ± 2.5 kWh   [2mz:[0m +10.00⁺   [2mdesvio:[0m +176%   [2m(2 obs. dia_util)[0m
2026-07-28 17:01:11 [INFO] 
2026-07-28 17:01:11 [INFO]   🔴 [91m[1mPT0002000068857897ZV[0m  [2m[Cluster 0][0m
2026-07-28 17:01:11 [INFO]      consumiu MAIS que o habitual às 10h
2026-07-28 17:01:11 [INFO]      [2mReal:[0m 76.0 kWh   [2mHabitual:[0m 24.5 ± 2.5 kWh   [2mz:[0m +10.00⁺   [2mdesvio:[0m +210%   [2m(2 obs. dia_util)[0m
2026-07-28 17:01:11 [INFO] 
2026-07-28 17:01:11 [INFO]   🔴 [91m[1mPT0002000068857897ZV[0m  [2m[Cluster 0][0m
2026-07-28 17:01:11 [INFO]      consumiu MAIS que o habitual às 11h
2026-07-28 17:01:11 [INFO]      [2mReal:[0m 78.0 kWh   [2mHabitual:[0m 23.0 ± 2.3 kWh   [2mz:[0m +10.00⁺   [2mdesvio:[0m +239%   [2m(2 obs. dia_util)[0m
2026-07-28 17:01:11 [INFO] 
2026-07-28 17:01:11 [INFO]   🔴 [91m[1mPT0002000068857897ZV[0m  [2m[Cluster 0][0m
2026-07-28 17:01:11 [INFO]      consumiu MAIS que o habitual às 12h
2026-07-28 17:01:11 [INFO]      [2mReal:[0m 77.0 kWh   [2mHabitual:[0m 24.0 ± 2.4 kWh   [2mz:[0m +10.00⁺   [2mdesvio:[0m +221%   [2m(2 obs. dia_util)[0m
2026-07-28 17:01:11 [INFO] 
2026-07-28 17:01:11 [INFO]   🔴 [91m[1mPT0002000068857897ZV[0m  [2m[Cluster 0][0m
2026-07-28 17:01:11 [INFO]      consumiu MAIS que o habitual às 13h
2026-07-28 17:01:11 [INFO]      [2mReal:[0m 75.0 kWh   [2mHabitual:[0m 23.5 ± 2.4 kWh   [2mz:[0m +10.00⁺   [2mdesvio:[0m +219%   [2m(2 obs. dia_util)[0m
2026-07-28 17:01:11 [INFO] 
2026-07-28 17:01:11 [INFO]   🔴 [91m[1mPT0002000068857897ZV[0m  [2m[Cluster 0][0m
2026-07-28 17:01:11 [INFO]      consumiu MAIS que o habitual às 14h
2026-07-28 17:01:11 [INFO]      [2mReal:[0m 73.0 kWh   [2mHabitual:[0m 24.0 ± 2.4 kWh   [2mz:[0m +10.00⁺   [2mdesvio:[0m +204%   [2m(2 obs. dia_util)[0m
2026-07-28 17:01:11 [INFO] 
2026-07-28 17:01:11 [INFO]   🔴 [91m[1mPT0002000068857897ZV[0m  [2m[Cluster 0][0m
2026-07-28 17:01:11 [INFO]      consumiu MAIS que o habitual às 15h
2026-07-28 17:01:11 [INFO]      [2mReal:[0m 77.0 kWh   [2mHabitual:[0m 23.5 ± 2.4 kWh   [2mz:[0m +10.00⁺   [2mdesvio:[0m +228%   [2m(2 obs. dia_util)[0m
2026-07-28 17:01:11 [INFO] 
2026-07-28 17:01:11 [INFO]   🔴 [91m[1mPT0002000068857897ZV[0m  [2m[Cluster 0][0m
2026-07-28 17:01:11 [INFO]      consumiu MAIS que o habitual às 16h
2026-07-28 17:01:11 [INFO]      [2mReal:[0m 58.0 kWh   [2mHabitual:[0m 24.5 ± 2.5 kWh   [2mz:[0m +10.00⁺   [2mdesvio:[0m +137%   [2m(2 obs. dia_util)[0m
2026-07-28 17:01:11 [INFO] 
2026-07-28 17:01:11 [INFO]   🔴 [91m[1mPT0002000068858231YY[0m  [2m[Cluster 0 (atribuido)][0m
2026-07-28 17:01:11 [INFO]      consumiu MAIS que o habitual às 08h
2026-07-28 17:01:11 [INFO]      [2mReal:[0m 37.0 kWh   [2mHabitual:[0m 16.0 ± 1.6 kWh   [2mz:[0m +10.00⁺   [2mdesvio:[0m +131%   [2m(2 obs. dia_util)[0m
2026-07-28 17:01:11 [INFO] 
2026-07-28 17:01:11 [INFO]   🔴 [91m[1mPT0002000068858231YY[0m  [2m[Cluster 0 (atribuido)][0m
2026-07-28 17:01:11 [INFO]      consumiu MAIS que o habitual às 09h
2026-07-28 17:01:11 [INFO]      [2mReal:[0m 51.0 kWh   [2mHabitual:[0m 16.5 ± 1.6 kWh   [2mz:[0m +10.00⁺   [2mdesvio:[0m +209%   [2m(2 obs. dia_util)[0m
2026-07-28 17:01:11 [INFO] 
2026-07-28 17:01:11 [INFO]   🔴 [91m[1mPT0002000068858231YY[0m  [2m[Cluster 0 (atribuido)][0m
2026-07-28 17:01:11 [INFO]      consumiu MAIS que o habitual às 10h
2026-07-28 17:01:11 [INFO]      [2mReal:[0m 51.0 kWh   [2mHabitual:[0m 15.5 ± 1.6 kWh   [2mz:[0m +10.00⁺   [2mdesvio:[0m +229%   [2m(2 obs. dia_util)[0m
2026-07-28 17:01:11 [INFO] 
2026-07-28 17:01:11 [INFO]   🔴 [91m[1mPT0002000068858231YY[0m  [2m[Cluster 0 (atribuido)][0m
2026-07-28 17:01:11 [INFO]      consumiu MAIS que o habitual às 11h
2026-07-28 17:01:11 [INFO]      [2mReal:[0m 50.0 kWh   [2mHabitual:[0m 16.0 ± 1.6 kWh   [2mz:[0m +10.00⁺   [2mdesvio:[0m +212%   [2m(2 obs. dia_util)[0m
2026-07-28 17:01:11 [INFO] 
2026-07-28 17:01:11 [INFO]   🔴 [91m[1mPT0002000068858231YY[0m  [2m[Cluster 0 (atribuido)][0m
2026-07-28 17:01:11 [INFO]      consumiu MAIS que o habitual às 12h
2026-07-28 17:01:11 [INFO]      [2mReal:[0m 49.0 kWh   [2mHabitual:[0m 15.0 ± 1.5 kWh   [2mz:[0m +10.00⁺   [2mdesvio:[0m +227%   [2m(2 obs. dia_util)[0m
2026-07-28 17:01:11 [INFO] 
2026-07-28 17:01:11 [INFO]   🔴 [91m[1mPT0002000068858231YY[0m  [2m[Cluster 0 (atribuido)][0m
2026-07-28 17:01:11 [INFO]      consumiu MAIS que o habitual às 13h
2026-07-28 17:01:11 [INFO]      [2mReal:[0m 51.0 kWh   [2mHabitual:[0m 16.0 ± 1.6 kWh   [2mz:[0m +10.00⁺   [2mdesvio:[0m +219%   [2m(2 obs. dia_util)[0m
2026-07-28 17:01:11 [INFO] 
2026-07-28 17:01:11 [INFO]   🔴 [91m[1mPT0002000068858231YY[0m  [2m[Cluster 0 (atribuido)][0m
2026-07-28 17:01:11 [INFO]      consumiu MAIS que o habitual às 14h
2026-07-28 17:01:11 [INFO]      [2mReal:[0m 49.0 kWh   [2mHabitual:[0m 16.0 ± 1.6 kWh   [2mz:[0m +10.00⁺   [2mdesvio:[0m +206%   [2m(2 obs. dia_util)[0m
2026-07-28 17:01:11 [INFO] 
2026-07-28 17:01:11 [INFO]   🔴 [91m[1mPT0002000068858231YY[0m  [2m[Cluster 0 (atribuido)][0m
2026-07-28 17:01:11 [INFO]      consumiu MAIS que o habitual às 15h
2026-07-28 17:01:11 [INFO]      [2mReal:[0m 45.0 kWh   [2mHabitual:[0m 15.0 ± 1.5 kWh   [2mz:[0m +10.00⁺   [2mdesvio:[0m +200%   [2m(2 obs. dia_util)[0m
2026-07-28 17:01:11 [INFO] 
2026-07-28 17:01:11 [INFO]   🔴 [91m[1mPT0002000068858231YY[0m  [2m[Cluster 0 (atribuido)][0m
2026-07-28 17:01:11 [INFO]      consumiu MAIS que o habitual às 16h
2026-07-28 17:01:11 [INFO]      [2mReal:[0m 39.0 kWh   [2mHabitual:[0m 16.0 ± 1.6 kWh   [2mz:[0m +10.00⁺   [2mdesvio:[0m +144%   [2m(2 obs. dia_util)[0m
2026-07-28 17:01:11 [INFO] 
2026-07-28 17:01:11 [INFO]   🔴 [91m[1mPT0002000068858674WN[0m  [2m[Cluster 1 (atribuido)][0m
2026-07-28 17:01:11 [INFO]      consumiu MAIS que o habitual às 04h
2026-07-28 17:01:11 [INFO]      [2mReal:[0m 40.0 kWh   [2mHabitual:[0m 20.0 ± 2.0 kWh   [2mz:[0m +10.00   [2mdesvio:[0m +100%   [2m(2 obs. dia_util)[0m
2026-07-28 17:01:11 [INFO] 
2026-07-28 17:01:11 [INFO]   🔴 [91m[1mPT0002000068859187RL[0m  [2m[Cluster 0][0m
2026-07-28 17:01:11 [INFO]      consumiu MAIS que o habitual às 07h
2026-07-28 17:01:11 [INFO]      [2mReal:[0m 28.0 kWh   [2mHabitual:[0m 11.5 ± 1.1 kWh   [2mz:[0m +10.00⁺   [2mdesvio:[0m +143%   [2m(2 obs. dia_util)[0m
2026-07-28 17:01:11 [INFO] 
2026-07-28 17:01:11 [INFO]   🔴 [91m[1mPT0002000068859187RL[0m  [2m[Cluster 0][0m
2026-07-28 17:01:11 [INFO]      consumiu MAIS que o habitual às 08h
2026-07-28 17:01:11 [INFO]      [2mReal:[0m 71.0 kWh   [2mHabitual:[0m 11.5 ± 1.1 kWh   [2mz:[0m +10.00⁺   [2mdesvio:[0m +517%   [2m(2 obs. dia_util)[0m
2026-07-28 17:01:11 [INFO] 
2026-07-28 17:01:11 [INFO]   🔴 [91m[1mPT0002000068859187RL[0m  [2m[Cluster 0][0m
2026-07-28 17:01:11 [INFO]      consumiu MAIS que o habitual às 09h
2026-07-28 17:01:11 [INFO]      [2mReal:[0m 66.0 kWh   [2mHabitual:[0m 12.0 ± 1.4 kWh   [2mz:[0m +10.00⁺   [2mdesvio:[0m +450%   [2m(2 obs. dia_util)[0m
2026-07-28 17:01:11 [INFO] 
2026-07-28 17:01:11 [INFO]   🔴 [91m[1mPT0002000068859187RL[0m  [2m[Cluster 0][0m
2026-07-28 17:01:11 [INFO]      consumiu MAIS que o habitual às 10h
2026-07-28 17:01:11 [INFO]      [2mReal:[0m 79.0 kWh   [2mHabitual:[0m 12.5 ± 1.2 kWh   [2mz:[0m +10.00⁺   [2mdesvio:[0m +532%   [2m(2 obs. dia_util)[0m
2026-07-28 17:01:11 [INFO] 
2026-07-28 17:01:11 [INFO]   🔴 [91m[1mPT0002000068859187RL[0m  [2m[Cluster 0][0m
2026-07-28 17:01:11 [INFO]      consumiu MAIS que o habitual às 11h
2026-07-28 17:01:11 [INFO]      [2mReal:[0m 87.0 kWh   [2mHabitual:[0m 12.5 ± 1.2 kWh   [2mz:[0m +10.00⁺   [2mdesvio:[0m +596%   [2m(2 obs. dia_util)[0m
2026-07-28 17:01:11 [INFO] 
2026-07-28 17:01:11 [INFO]   🔴 [91m[1mPT0002000068859187RL[0m  [2m[Cluster 0][0m
2026-07-28 17:01:11 [INFO]      consumiu MAIS que o habitual às 12h
2026-07-28 17:01:11 [INFO]      [2mReal:[0m 84.0 kWh   [2mHabitual:[0m 13.0 ± 1.3 kWh   [2mz:[0m +10.00⁺   [2mdesvio:[0m +546%   [2m(2 obs. dia_util)[0m
2026-07-28 17:01:11 [INFO] 
2026-07-28 17:01:11 [INFO]   🔴 [91m[1mPT0002000068859187RL[0m  [2m[Cluster 0][0m
2026-07-28 17:01:11 [INFO]      consumiu MAIS que o habitual às 13h
2026-07-28 17:01:11 [INFO]      [2mReal:[0m 86.0 kWh   [2mHabitual:[0m 12.5 ± 1.2 kWh   [2mz:[0m +10.00⁺   [2mdesvio:[0m +588%   [2m(2 obs. dia_util)[0m
2026-07-28 17:01:11 [INFO] 
2026-07-28 17:01:11 [INFO]   🔴 [91m[1mPT0002000068859187RL[0m  [2m[Cluster 0][0m
2026-07-28 17:01:11 [INFO]      consumiu MAIS que o habitual às 14h
2026-07-28 17:01:11 [INFO]      [2mReal:[0m 76.0 kWh   [2mHabitual:[0m 13.5 ± 1.4 kWh   [2mz:[0m +10.00⁺   [2mdesvio:[0m +463%   [2m(2 obs. dia_util)[0m
2026-07-28 17:01:11 [INFO] 
2026-07-28 17:01:11 [INFO]   🔴 [91m[1mPT0002000068859187RL[0m  [2m[Cluster 0][0m
2026-07-28 17:01:11 [INFO]      consumiu MAIS que o habitual às 15h
2026-07-28 17:01:11 [INFO]      [2mReal:[0m 70.0 kWh   [2mHabitual:[0m 12.5 ± 1.2 kWh   [2mz:[0m +10.00⁺   [2mdesvio:[0m +460%   [2m(2 obs. dia_util)[0m
2026-07-28 17:01:11 [INFO] 
2026-07-28 17:01:11 [INFO]   🔴 [91m[1mPT0002000068859187RL[0m  [2m[Cluster 0][0m
2026-07-28 17:01:11 [INFO]      consumiu MAIS que o habitual às 16h
2026-07-28 17:01:11 [INFO]      [2mReal:[0m 61.0 kWh   [2mHabitual:[0m 13.0 ± 1.3 kWh   [2mz:[0m +10.00⁺   [2mdesvio:[0m +369%   [2m(2 obs. dia_util)[0m
2026-07-28 17:01:11 [INFO] 
2026-07-28 17:01:11 [INFO]   🔴 [91m[1mPT0002000068859187RL[0m  [2m[Cluster 0][0m
2026-07-28 17:01:11 [INFO]      consumiu MAIS que o habitual às 17h
2026-07-28 17:01:11 [INFO]      [2mReal:[0m 54.0 kWh   [2mHabitual:[0m 13.5 ± 1.4 kWh   [2mz:[0m +10.00⁺   [2mdesvio:[0m +300%   [2m(2 obs. dia_util)[0m
2026-07-28 17:01:11 [INFO] 
2026-07-28 17:01:11 [INFO]   🔴 [91m[1mPT0002000068859325FL[0m  [2m[Cluster 1][0m
2026-07-28 17:01:11 [INFO]      consumiu MAIS que o habitual às 15h
2026-07-28 17:01:11 [INFO]      [2mReal:[0m 180.0 kWh   [2mHabitual:[0m 60.0 ± 6.0 kWh   [2mz:[0m +10.00⁺   [2mdesvio:[0m +200%   [2m(2 obs. dia_util)[0m
2026-07-28 17:01:11 [INFO] 
2026-07-28 17:01:11 [INFO]   🔴 [91m[1mPT0002000068859325FL[0m  [2m[Cluster 1][0m
2026-07-28 17:01:11 [INFO]      consumiu MAIS que o habitual às 21h
2026-07-28 17:01:11 [INFO]      [2mReal:[0m 132.0 kWh   [2mHabitual:[0m 65.3 ± 6.5 kWh   [2mz:[0m +10.00⁺   [2mdesvio:[0m +102%   [2m(3 obs. dia_util)[0m
2026-07-28 17:01:11 [INFO] 
2026-07-28 17:01:11 [INFO]   🔴 [91m[1mPT0002000068859382XF[0m  [2m[Cluster 0][0m
2026-07-28 17:01:11 [INFO]      consumiu MAIS que o habitual às 12h
2026-07-28 17:01:11 [INFO]      [2mReal:[0m 71.0 kWh   [2mHabitual:[0m 35.5 ± 3.5 kWh   [2mz:[0m +10.00   [2mdesvio:[0m +100%   [2m(2 obs. dia_util)[0m
2026-07-28 17:01:11 [INFO] 
2026-07-28 17:01:11 [INFO]   🔴 [91m[1mPT0002000068859382XF[0m  [2m[Cluster 0][0m
2026-07-28 17:01:11 [INFO]      consumiu MAIS que o habitual às 13h
2026-07-28 17:01:11 [INFO]      [2mReal:[0m 73.0 kWh   [2mHabitual:[0m 36.0 ± 3.6 kWh   [2mz:[0m +10.00⁺   [2mdesvio:[0m +103%   [2m(2 obs. dia_util)[0m
2026-07-28 17:01:11 [INFO] 
2026-07-28 17:01:11 [INFO]   🔴 [91m[1mPT0002000068859382XF[0m  [2m[Cluster 0][0m
2026-07-28 17:01:11 [INFO]      consumiu MAIS que o habitual às 14h
2026-07-28 17:01:11 [INFO]      [2mReal:[0m 72.0 kWh   [2mHabitual:[0m 36.0 ± 3.6 kWh   [2mz:[0m +10.00   [2mdesvio:[0m +100%   [2m(2 obs. dia_util)[0m
2026-07-28 17:01:11 [INFO] 
2026-07-28 17:01:11 [INFO]   🔴 [91m[1mPT0002000068859382XF[0m  [2m[Cluster 0][0m
2026-07-28 17:01:11 [INFO]      consumiu MAIS que o habitual às 15h
2026-07-28 17:01:11 [INFO]      [2mReal:[0m 72.0 kWh   [2mHabitual:[0m 35.0 ± 3.5 kWh   [2mz:[0m +10.00⁺   [2mdesvio:[0m +106%   [2m(2 obs. dia_util)[0m
2026-07-28 17:01:11 [INFO] 
2026-07-28 17:01:11 [INFO]   🔴 [91m[1mPT0002000068859393XH[0m  [2m[Cluster 1][0m
2026-07-28 17:01:11 [INFO]      consumiu MAIS que o habitual às 07h
2026-07-28 17:01:11 [INFO]      [2mReal:[0m 83.0 kWh   [2mHabitual:[0m 17.0 ± 1.7 kWh   [2mz:[0m +10.00⁺   [2mdesvio:[0m +388%   [2m(2 obs. dia_util)[0m
2026-07-28 17:01:11 [INFO] 
2026-07-28 17:01:11 [INFO]   🔴 [91m[1mPT0002000071896778MT[0m  [2m[Cluster 0][0m
2026-07-28 17:01:11 [INFO]      consumiu MAIS que o habitual às 07h
2026-07-28 17:01:11 [INFO]      [2mReal:[0m 18.0 kWh   [2mHabitual:[0m 3.5 ± 0.7 kWh   [2mz:[0m +10.00⁺   [2mdesvio:[0m +414%   [2m(2 obs. dia_util)[0m
2026-07-28 17:01:11 [INFO] 
2026-07-28 17:01:11 [INFO]   🔴 [91m[1mPT0002000071896778MT[0m  [2m[Cluster 0][0m
2026-07-28 17:01:11 [INFO]      consumiu MAIS que o habitual às 08h
2026-07-28 17:01:11 [INFO]      [2mReal:[0m 26.0 kWh   [2mHabitual:[0m 4.0 ± 0.4 kWh   [2mz:[0m +10.00⁺   [2mdesvio:[0m +550%   [2m(2 obs. dia_util)[0m
2026-07-28 17:01:11 [INFO] 
2026-07-28 17:01:11 [INFO]   🔴 [91m[1mPT0002000071896778MT[0m  [2m[Cluster 0][0m
2026-07-28 17:01:11 [INFO]      consumiu MAIS que o habitual às 09h
2026-07-28 17:01:11 [INFO]      [2mReal:[0m 22.0 kWh   [2mHabitual:[0m 4.5 ± 0.7 kWh   [2mz:[0m +10.00⁺   [2mdesvio:[0m +389%   [2m(2 obs. dia_util)[0m
2026-07-28 17:01:11 [INFO] 
2026-07-28 17:01:11 [INFO]   🔴 [91m[1mPT0002000071896778MT[0m  [2m[Cluster 0][0m
2026-07-28 17:01:11 [INFO]      consumiu MAIS que o habitual às 10h
2026-07-28 17:01:11 [INFO]      [2mReal:[0m 21.0 kWh   [2mHabitual:[0m 3.5 ± 0.7 kWh   [2mz:[0m +10.00⁺   [2mdesvio:[0m +500%   [2m(2 obs. dia_util)[0m
2026-07-28 17:01:11 [INFO] 
2026-07-28 17:01:11 [INFO]   🔴 [91m[1mPT0002000071896778MT[0m  [2m[Cluster 0][0m
2026-07-28 17:01:11 [INFO]      consumiu MAIS que o habitual às 11h
2026-07-28 17:01:11 [INFO]      [2mReal:[0m 22.0 kWh   [2mHabitual:[0m 3.5 ± 0.7 kWh   [2mz:[0m +10.00⁺   [2mdesvio:[0m +529%   [2m(2 obs. dia_util)[0m
2026-07-28 17:01:11 [INFO] 
2026-07-28 17:01:11 [INFO]   🔴 [91m[1mPT0002000071896778MT[0m  [2m[Cluster 0][0m
2026-07-28 17:01:11 [INFO]      consumiu MAIS que o habitual às 12h
2026-07-28 17:01:11 [INFO]      [2mReal:[0m 18.0 kWh   [2mHabitual:[0m 4.0 ± 0.4 kWh   [2mz:[0m +10.00⁺   [2mdesvio:[0m +350%   [2m(2 obs. dia_util)[0m
2026-07-28 17:01:11 [INFO] 
2026-07-28 17:01:11 [INFO]   🔴 [91m[1mPT0002000071896778MT[0m  [2m[Cluster 0][0m
2026-07-28 17:01:11 [INFO]      consumiu MAIS que o habitual às 13h
2026-07-28 17:01:11 [INFO]      [2mReal:[0m 29.0 kWh   [2mHabitual:[0m 4.0 ± 0.4 kWh   [2mz:[0m +10.00⁺   [2mdesvio:[0m +625%   [2m(2 obs. dia_util)[0m
2026-07-28 17:01:11 [INFO] 
2026-07-28 17:01:11 [INFO]   🔴 [91m[1mPT0002000071896778MT[0m  [2m[Cluster 0][0m
2026-07-28 17:01:11 [INFO]      consumiu MAIS que o habitual às 14h
2026-07-28 17:01:11 [INFO]      [2mReal:[0m 17.0 kWh   [2mHabitual:[0m 4.0 ± 0.4 kWh   [2mz:[0m +10.00⁺   [2mdesvio:[0m +325%   [2m(2 obs. dia_util)[0m
2026-07-28 17:01:11 [INFO] 
2026-07-28 17:01:11 [INFO]   🔴 [91m[1mPT0002000071896778MT[0m  [2m[Cluster 0][0m
2026-07-28 17:01:11 [INFO]      consumiu MAIS que o habitual às 15h
2026-07-28 17:01:11 [INFO]      [2mReal:[0m 12.0 kWh   [2mHabitual:[0m 4.0 ± 0.4 kWh   [2mz:[0m +10.00⁺   [2mdesvio:[0m +200%   [2m(2 obs. dia_util)[0m
2026-07-28 17:01:11 [INFO] 
2026-07-28 17:01:11 [INFO]   🔴 [91m[1mPT0002000071896778MT[0m  [2m[Cluster 0][0m
2026-07-28 17:01:11 [INFO]      consumiu MAIS que o habitual às 16h
2026-07-28 17:01:11 [INFO]      [2mReal:[0m 10.0 kWh   [2mHabitual:[0m 4.0 ± 0.4 kWh   [2mz:[0m +10.00⁺   [2mdesvio:[0m +150%   [2m(2 obs. dia_util)[0m
2026-07-28 17:01:11 [INFO] 
2026-07-28 17:01:11 [INFO]   🔴 [91m[1mPT0002000071896778MT[0m  [2m[Cluster 0][0m
2026-07-28 17:01:11 [INFO]      consumiu MAIS que o habitual às 17h
2026-07-28 17:01:11 [INFO]      [2mReal:[0m 9.0 kWh   [2mHabitual:[0m 4.0 ± 0.4 kWh   [2mz:[0m +10.00⁺   [2mdesvio:[0m +125%   [2m(2 obs. dia_util)[0m
2026-07-28 17:01:11 [INFO] 
2026-07-28 17:01:11 [INFO]   🔴 [91m[1mPT0002000073231742VK[0m  [2m[Cluster 0][0m
2026-07-28 17:01:11 [INFO]      consumiu MAIS que o habitual às 08h
2026-07-28 17:01:11 [INFO]      [2mReal:[0m 39.0 kWh   [2mHabitual:[0m 11.5 ± 1.1 kWh   [2mz:[0m +10.00⁺   [2mdesvio:[0m +239%   [2m(2 obs. dia_util)[0m
2026-07-28 17:01:11 [INFO] 
2026-07-28 17:01:11 [INFO]   🔴 [91m[1mPT0002000073231742VK[0m  [2m[Cluster 0][0m
2026-07-28 17:01:11 [INFO]      consumiu MAIS que o habitual às 09h
2026-07-28 17:01:11 [INFO]      [2mReal:[0m 34.0 kWh   [2mHabitual:[0m 11.5 ± 1.1 kWh   [2mz:[0m +10.00⁺   [2mdesvio:[0m +196%   [2m(2 obs. dia_util)[0m
2026-07-28 17:01:11 [INFO] 
2026-07-28 17:01:11 [INFO]   🔴 [91m[1mPT0002000073231742VK[0m  [2m[Cluster 0][0m
2026-07-28 17:01:11 [INFO]      consumiu MAIS que o habitual às 10h
2026-07-28 17:01:11 [INFO]      [2mReal:[0m 30.0 kWh   [2mHabitual:[0m 12.0 ± 1.2 kWh   [2mz:[0m +10.00⁺   [2mdesvio:[0m +150%   [2m(2 obs. dia_util)[0m
2026-07-28 17:01:11 [INFO] 
2026-07-28 17:01:11 [INFO]   🔴 [91m[1mPT0002000073231742VK[0m  [2m[Cluster 0][0m
2026-07-28 17:01:11 [INFO]      consumiu MAIS que o habitual às 11h
2026-07-28 17:01:11 [INFO]      [2mReal:[0m 25.0 kWh   [2mHabitual:[0m 11.5 ± 1.1 kWh   [2mz:[0m +10.00⁺   [2mdesvio:[0m +117%   [2m(2 obs. dia_util)[0m
2026-07-28 17:01:11 [INFO] 
2026-07-28 17:01:11 [INFO]   🔴 [91m[1mPT0002000073231742VK[0m  [2m[Cluster 0][0m
2026-07-28 17:01:11 [INFO]      consumiu MAIS que o habitual às 12h
2026-07-28 17:01:11 [INFO]      [2mReal:[0m 31.0 kWh   [2mHabitual:[0m 11.5 ± 1.1 kWh   [2mz:[0m +10.00⁺   [2mdesvio:[0m +170%   [2m(2 obs. dia_util)[0m
2026-07-28 17:01:11 [INFO] 
2026-07-28 17:01:11 [INFO]   🔴 [91m[1mPT0002000073231742VK[0m  [2m[Cluster 0][0m
2026-07-28 17:01:11 [INFO]      consumiu MAIS que o habitual às 13h
2026-07-28 17:01:11 [INFO]      [2mReal:[0m 23.0 kWh   [2mHabitual:[0m 11.5 ± 1.1 kWh   [2mz:[0m +10.00   [2mdesvio:[0m +100%   [2m(2 obs. dia_util)[0m
2026-07-28 17:01:11 [INFO] 
2026-07-28 17:01:11 [INFO]   🔴 [91m[1mPT0002000073481266XH[0m  [2m[Cluster 0][0m
2026-07-28 17:01:11 [INFO]      consumiu MAIS que o habitual às 07h
2026-07-28 17:01:11 [INFO]      [2mReal:[0m 15.0 kWh   [2mHabitual:[0m 5.0 ± 0.5 kWh   [2mz:[0m +10.00⁺   [2mdesvio:[0m +200%   [2m(2 obs. dia_util)[0m
2026-07-28 17:01:11 [INFO] 
2026-07-28 17:01:11 [INFO]   🔴 [91m[1mPT0002000073481266XH[0m  [2m[Cluster 0][0m
2026-07-28 17:01:11 [INFO]      consumiu MAIS que o habitual às 08h
2026-07-28 17:01:11 [INFO]      [2mReal:[0m 31.0 kWh   [2mHabitual:[0m 5.5 ± 0.7 kWh   [2mz:[0m +10.00⁺   [2mdesvio:[0m +464%   [2m(2 obs. dia_util)[0m
2026-07-28 17:01:11 [INFO] 
2026-07-28 17:01:11 [INFO]   🔴 [91m[1mPT0002000073481266XH[0m  [2m[Cluster 0][0m
2026-07-28 17:01:11 [INFO]      consumiu MAIS que o habitual às 09h
2026-07-28 17:01:11 [INFO]      [2mReal:[0m 44.0 kWh   [2mHabitual:[0m 5.5 ± 0.7 kWh   [2mz:[0m +10.00⁺   [2mdesvio:[0m +700%   [2m(2 obs. dia_util)[0m
2026-07-28 17:01:11 [INFO] 
2026-07-28 17:01:11 [INFO]   🔴 [91m[1mPT0002000073481266XH[0m  [2m[Cluster 0][0m
2026-07-28 17:01:11 [INFO]      consumiu MAIS que o habitual às 10h
2026-07-28 17:01:11 [INFO]      [2mReal:[0m 50.0 kWh   [2mHabitual:[0m 5.0 ± 0.5 kWh   [2mz:[0m +10.00⁺   [2mdesvio:[0m +900%   [2m(2 obs. dia_util)[0m
2026-07-28 17:01:11 [INFO] 
2026-07-28 17:01:11 [INFO]   🔴 [91m[1mPT0002000073481266XH[0m  [2m[Cluster 0][0m
2026-07-28 17:01:11 [INFO]      consumiu MAIS que o habitual às 11h
2026-07-28 17:01:11 [INFO]      [2mReal:[0m 61.0 kWh   [2mHabitual:[0m 5.5 ± 0.7 kWh   [2mz:[0m +10.00⁺   [2mdesvio:[0m +1009%   [2m(2 obs. dia_util)[0m
2026-07-28 17:01:11 [INFO] 
2026-07-28 17:01:11 [INFO]   🔴 [91m[1mPT0002000073481266XH[0m  [2m[Cluster 0][0m
2026-07-28 17:01:11 [INFO]      consumiu MAIS que o habitual às 12h
2026-07-28 17:01:11 [INFO]      [2mReal:[0m 60.0 kWh   [2mHabitual:[0m 5.5 ± 0.7 kWh   [2mz:[0m +10.00⁺   [2mdesvio:[0m +991%   [2m(2 obs. dia_util)[0m
2026-07-28 17:01:11 [INFO] 
2026-07-28 17:01:11 [INFO]   🔴 [91m[1mPT0002000073481266XH[0m  [2m[Cluster 0][0m
2026-07-28 17:01:11 [INFO]      consumiu MAIS que o habitual às 13h
2026-07-28 17:01:11 [INFO]      [2mReal:[0m 53.0 kWh   [2mHabitual:[0m 5.5 ± 0.7 kWh   [2mz:[0m +10.00⁺   [2mdesvio:[0m +864%   [2m(2 obs. dia_util)[0m
2026-07-28 17:01:11 [INFO] 
2026-07-28 17:01:11 [INFO]   🔴 [91m[1mPT0002000073481266XH[0m  [2m[Cluster 0][0m
2026-07-28 17:01:11 [INFO]      consumiu MAIS que o habitual às 14h
2026-07-28 17:01:11 [INFO]      [2mReal:[0m 50.0 kWh   [2mHabitual:[0m 6.0 ± 0.6 kWh   [2mz:[0m +10.00⁺   [2mdesvio:[0m +733%   [2m(2 obs. dia_util)[0m
2026-07-28 17:01:11 [INFO] 
2026-07-28 17:01:11 [INFO]   🔴 [91m[1mPT0002000073481266XH[0m  [2m[Cluster 0][0m
2026-07-28 17:01:11 [INFO]      consumiu MAIS que o habitual às 15h
2026-07-28 17:01:11 [INFO]      [2mReal:[0m 51.0 kWh   [2mHabitual:[0m 5.5 ± 0.7 kWh   [2mz:[0m +10.00⁺   [2mdesvio:[0m +827%   [2m(2 obs. dia_util)[0m
2026-07-28 17:01:11 [INFO] 
2026-07-28 17:01:11 [INFO]   🔴 [91m[1mPT0002000073481266XH[0m  [2m[Cluster 0][0m
2026-07-28 17:01:11 [INFO]      consumiu MAIS que o habitual às 16h
2026-07-28 17:01:11 [INFO]      [2mReal:[0m 45.0 kWh   [2mHabitual:[0m 6.5 ± 0.7 kWh   [2mz:[0m +10.00⁺   [2mdesvio:[0m +592%   [2m(2 obs. dia_util)[0m
2026-07-28 17:01:11 [INFO] 
2026-07-28 17:01:11 [INFO]   🔴 [91m[1mPT0002000073481266XH[0m  [2m[Cluster 0][0m
2026-07-28 17:01:11 [INFO]      consumiu MAIS que o habitual às 17h
2026-07-28 17:01:11 [INFO]      [2mReal:[0m 40.0 kWh   [2mHabitual:[0m 5.5 ± 0.7 kWh   [2mz:[0m +10.00⁺   [2mdesvio:[0m +627%   [2m(2 obs. dia_util)[0m
2026-07-28 17:01:11 [INFO] 
2026-07-28 17:01:11 [INFO]   🔴 [91m[1mPT0002000073481266XH[0m  [2m[Cluster 0][0m
2026-07-28 17:01:11 [INFO]      consumiu MAIS que o habitual às 18h
2026-07-28 17:01:11 [INFO]      [2mReal:[0m 23.0 kWh   [2mHabitual:[0m 6.5 ± 0.7 kWh   [2mz:[0m +10.00⁺   [2mdesvio:[0m +254%   [2m(2 obs. dia_util)[0m
2026-07-28 17:01:11 [INFO] 
2026-07-28 17:01:11 [INFO]   🔴 [91m[1mPT0002000073717386HC[0m  [2m[Cluster 1 (atribuido)][0m
2026-07-28 17:01:11 [INFO]      consumiu MAIS que o habitual às 12h
2026-07-28 17:01:11 [INFO]      [2mReal:[0m 61.0 kWh   [2mHabitual:[0m 9.5 ± 0.9 kWh   [2mz:[0m +10.00⁺   [2mdesvio:[0m +542%   [2m(2 obs. dia_util)[0m
2026-07-28 17:01:11 [INFO] 
2026-07-28 17:01:11 [INFO]   🔴 [91m[1mPT0002000073717386HC[0m  [2m[Cluster 1 (atribuido)][0m
2026-07-28 17:01:11 [INFO]      consumiu MAIS que o habitual às 13h
2026-07-28 17:01:11 [INFO]      [2mReal:[0m 59.0 kWh   [2mHabitual:[0m 8.0 ± 0.8 kWh   [2mz:[0m +10.00⁺   [2mdesvio:[0m +638%   [2m(2 obs. dia_util)[0m
2026-07-28 17:01:11 [INFO] 
2026-07-28 17:01:11 [INFO]   🔴 [91m[1mPT0002000073717386HC[0m  [2m[Cluster 1 (atribuido)][0m
2026-07-28 17:01:11 [INFO]      consumiu MAIS que o habitual às 15h
2026-07-28 17:01:11 [INFO]      [2mReal:[0m 5.0 kWh   [2mHabitual:[0m 1.0 ± 0.3 kWh   [2mz:[0m +10.00⁺   [2mdesvio:[0m +400%   [2m(2 obs. dia_util)[0m
2026-07-28 17:01:11 [INFO] 
2026-07-28 17:01:11 [INFO]   🔴 [91m[1mPT0002000073720434JD[0m  [2m[Cluster 1 (atribuido)][0m
2026-07-28 17:01:11 [INFO]      consumiu MAIS que o habitual às 18h
2026-07-28 17:01:11 [INFO]      [2mReal:[0m 55.0 kWh   [2mHabitual:[0m 25.5 ± 2.5 kWh   [2mz:[0m +10.00⁺   [2mdesvio:[0m +116%   [2m(2 obs. dia_util)[0m
2026-07-28 17:01:11 [INFO] 
2026-07-28 17:01:11 [INFO]   🔴 [91m[1mPT0002000075637532JB[0m  [2m[Cluster 0][0m
2026-07-28 17:01:11 [INFO]      consumiu MAIS que o habitual às 08h
2026-07-28 17:01:11 [INFO]      [2mReal:[0m 14.0 kWh   [2mHabitual:[0m 4.0 ± 0.4 kWh   [2mz:[0m +10.00⁺   [2mdesvio:[0m +250%   [2m(2 obs. dia_util)[0m
2026-07-28 17:01:11 [INFO] 
2026-07-28 17:01:11 [INFO]   🔴 [91m[1mPT0002000075637532JB[0m  [2m[Cluster 0][0m
2026-07-28 17:01:11 [INFO]      consumiu MAIS que o habitual às 09h
2026-07-28 17:01:11 [INFO]      [2mReal:[0m 21.0 kWh   [2mHabitual:[0m 4.5 ± 0.7 kWh   [2mz:[0m +10.00⁺   [2mdesvio:[0m +367%   [2m(2 obs. dia_util)[0m
2026-07-28 17:01:11 [INFO] 
2026-07-28 17:01:11 [INFO]   🔴 [91m[1mPT0002000075637532JB[0m  [2m[Cluster 0][0m
2026-07-28 17:01:11 [INFO]      consumiu MAIS que o habitual às 10h
2026-07-28 17:01:11 [INFO]      [2mReal:[0m 30.0 kWh   [2mHabitual:[0m 4.5 ± 0.7 kWh   [2mz:[0m +10.00⁺   [2mdesvio:[0m +567%   [2m(2 obs. dia_util)[0m
2026-07-28 17:01:11 [INFO] 
2026-07-28 17:01:11 [INFO]   🔴 [91m[1mPT0002000075637532JB[0m  [2m[Cluster 0][0m
2026-07-28 17:01:11 [INFO]      consumiu MAIS que o habitual às 11h
2026-07-28 17:01:11 [INFO]      [2mReal:[0m 29.0 kWh   [2mHabitual:[0m 4.5 ± 0.7 kWh   [2mz:[0m +10.00⁺   [2mdesvio:[0m +544%   [2m(2 obs. dia_util)[0m
2026-07-28 17:01:11 [INFO] 
2026-07-28 17:01:11 [INFO]   🔴 [91m[1mPT0002000075637532JB[0m  [2m[Cluster 0][0m
2026-07-28 17:01:11 [INFO]      consumiu MAIS que o habitual às 12h
2026-07-28 17:01:11 [INFO]      [2mReal:[0m 26.0 kWh   [2mHabitual:[0m 5.0 ± 0.5 kWh   [2mz:[0m +10.00⁺   [2mdesvio:[0m +420%   [2m(2 obs. dia_util)[0m
2026-07-28 17:01:11 [INFO] 
2026-07-28 17:01:11 [INFO]   🔴 [91m[1mPT0002000075637532JB[0m  [2m[Cluster 0][0m
2026-07-28 17:01:11 [INFO]      consumiu MAIS que o habitual às 13h
2026-07-28 17:01:11 [INFO]      [2mReal:[0m 13.0 kWh   [2mHabitual:[0m 4.5 ± 0.7 kWh   [2mz:[0m +10.00⁺   [2mdesvio:[0m +189%   [2m(2 obs. dia_util)[0m
2026-07-28 17:01:11 [INFO] 
2026-07-28 17:01:11 [INFO]   🔴 [91m[1mPT0002000075637532JB[0m  [2m[Cluster 0][0m
2026-07-28 17:01:11 [INFO]      consumiu MAIS que o habitual às 15h
2026-07-28 17:01:11 [INFO]      [2mReal:[0m 10.0 kWh   [2mHabitual:[0m 5.0 ± 0.5 kWh   [2mz:[0m +10.00   [2mdesvio:[0m +100%   [2m(2 obs. dia_util)[0m
2026-07-28 17:01:11 [INFO] 
2026-07-28 17:01:11 [INFO]   🔴 [91m[1mPT0002000075637532JB[0m  [2m[Cluster 0][0m
2026-07-28 17:01:11 [INFO]      consumiu MAIS que o habitual às 16h
2026-07-28 17:01:11 [INFO]      [2mReal:[0m 10.0 kWh   [2mHabitual:[0m 4.0 ± 0.4 kWh   [2mz:[0m +10.00⁺   [2mdesvio:[0m +150%   [2m(2 obs. dia_util)[0m
2026-07-28 17:01:11 [INFO] 
2026-07-28 17:01:11 [INFO]   🔴 [91m[1mPT0002000075637532JB[0m  [2m[Cluster 0][0m
2026-07-28 17:01:11 [INFO]      consumiu MAIS que o habitual às 17h
2026-07-28 17:01:11 [INFO]      [2mReal:[0m 10.0 kWh   [2mHabitual:[0m 5.0 ± 0.5 kWh   [2mz:[0m +10.00   [2mdesvio:[0m +100%   [2m(2 obs. dia_util)[0m
2026-07-28 17:01:11 [INFO] 
2026-07-28 17:01:11 [INFO]   🔴 [91m[1mPT0002000077394934QY[0m  [2m[Cluster 0][0m
2026-07-28 17:01:11 [INFO]      consumiu MAIS que o habitual às 12h
2026-07-28 17:01:11 [INFO]      [2mReal:[0m 162.0 kWh   [2mHabitual:[0m 77.5 ± 7.8 kWh   [2mz:[0m +10.00⁺   [2mdesvio:[0m +109%   [2m(2 obs. dia_util)[0m
2026-07-28 17:01:11 [INFO] 
2026-07-28 17:01:11 [INFO]   🔴 [91m[1mPT0002000077394934QY[0m  [2m[Cluster 0][0m
2026-07-28 17:01:11 [INFO]      consumiu MAIS que o habitual às 13h
2026-07-28 17:01:11 [INFO]      [2mReal:[0m 164.0 kWh   [2mHabitual:[0m 78.0 ± 7.8 kWh   [2mz:[0m +10.00⁺   [2mdesvio:[0m +110%   [2m(2 obs. dia_util)[0m
2026-07-28 17:01:11 [INFO] 
2026-07-28 17:01:11 [INFO]   🔴 [91m[1mPT0002000077394934QY[0m  [2m[Cluster 0][0m
2026-07-28 17:01:11 [INFO]      consumiu MAIS que o habitual às 14h
2026-07-28 17:01:11 [INFO]      [2mReal:[0m 163.0 kWh   [2mHabitual:[0m 74.0 ± 7.4 kWh   [2mz:[0m +10.00⁺   [2mdesvio:[0m +120%   [2m(2 obs. dia_util)[0m
2026-07-28 17:01:11 [INFO] 
2026-07-28 17:01:11 [INFO]   🔴 [91m[1mPT0002000078140706BA[0m  [2m[Cluster 1 (atribuido)][0m
2026-07-28 17:01:11 [INFO]      consumiu MAIS que o habitual às 08h
2026-07-28 17:01:11 [INFO]      [2mReal:[0m 29.0 kWh   [2mHabitual:[0m 1.0 ± 1.4 kWh   [2mz:[0m +10.00⁺   [2mdesvio:[0m +2800%   [2m(2 obs. dia_util)[0m
2026-07-28 17:01:11 [INFO] 
2026-07-28 17:01:11 [INFO]   🔴 [91m[1mPT0002000078140706BA[0m  [2m[Cluster 1 (atribuido)][0m
2026-07-28 17:01:11 [INFO]      consumiu MAIS que o habitual às 09h
2026-07-28 17:01:11 [INFO]      [2mReal:[0m 8.0 kWh   [2mHabitual:[0m 0.0 ± 0.3 kWh   [2mz:[0m +10.00⁺   [2mdesvio:[0m +800000%   [2m(2 obs. dia_util)[0m
2026-07-28 17:01:11 [INFO] 
2026-07-28 17:01:11 [INFO]   🔴 [91m[1mPT0002000078140706BA[0m  [2m[Cluster 1 (atribuido)][0m
2026-07-28 17:01:11 [INFO]      consumiu MAIS que o habitual às 10h
2026-07-28 17:01:11 [INFO]      [2mReal:[0m 13.0 kWh   [2mHabitual:[0m 0.5 ± 0.7 kWh   [2mz:[0m +10.00⁺   [2mdesvio:[0m +2500%   [2m(2 obs. dia_util)[0m
2026-07-28 17:01:11 [INFO] 
2026-07-28 17:01:11 [INFO]   🔴 [91m[1mPT0002000078140706BA[0m  [2m[Cluster 1 (atribuido)][0m
2026-07-28 17:01:11 [INFO]      consumiu MAIS que o habitual às 11h
2026-07-28 17:01:11 [INFO]      [2mReal:[0m 6.0 kWh   [2mHabitual:[0m 0.0 ± 0.3 kWh   [2mz:[0m +10.00⁺   [2mdesvio:[0m +600000%   [2m(2 obs. dia_util)[0m
2026-07-28 17:01:11 [INFO] 
2026-07-28 17:01:11 [INFO]   🔴 [91m[1mPT0002000078140706BA[0m  [2m[Cluster 1 (atribuido)][0m
2026-07-28 17:01:11 [INFO]      consumiu MAIS que o habitual às 13h
2026-07-28 17:01:11 [INFO]      [2mReal:[0m 13.0 kWh   [2mHabitual:[0m 0.0 ± 0.3 kWh   [2mz:[0m +10.00⁺   [2mdesvio:[0m +1300000%   [2m(2 obs. dia_util)[0m
2026-07-28 17:01:11 [INFO] 
2026-07-28 17:01:11 [INFO]   🔴 [91m[1mPT0002000078140706BA[0m  [2m[Cluster 1 (atribuido)][0m
2026-07-28 17:01:11 [INFO]      consumiu MAIS que o habitual às 14h
2026-07-28 17:01:11 [INFO]      [2mReal:[0m 11.0 kWh   [2mHabitual:[0m 0.0 ± 0.3 kWh   [2mz:[0m +10.00⁺   [2mdesvio:[0m +1100000%   [2m(2 obs. dia_util)[0m
2026-07-28 17:01:11 [INFO] 
2026-07-28 17:01:11 [INFO]   🔴 [91m[1mPT0002000078140706BA[0m  [2m[Cluster 1 (atribuido)][0m
2026-07-28 17:01:11 [INFO]      consumiu MAIS que o habitual às 15h
2026-07-28 17:01:11 [INFO]      [2mReal:[0m 42.0 kWh   [2mHabitual:[0m 0.0 ± 0.3 kWh   [2mz:[0m +10.00⁺   [2mdesvio:[0m +4200000%   [2m(2 obs. dia_util)[0m
2026-07-28 17:01:11 [INFO] 
2026-07-28 17:01:11 [INFO]   🔴 [91m[1mPT0002000078140706BA[0m  [2m[Cluster 1 (atribuido)][0m
2026-07-28 17:01:11 [INFO]      consumiu MAIS que o habitual às 16h
2026-07-28 17:01:11 [INFO]      [2mReal:[0m 10.0 kWh   [2mHabitual:[0m 0.0 ± 0.3 kWh   [2mz:[0m +10.00⁺   [2mdesvio:[0m +1000000%   [2m(2 obs. dia_util)[0m
2026-07-28 17:01:11 [INFO] 
2026-07-28 17:01:11 [INFO]   🔴 [91m[1mPT0002000078140706BA[0m  [2m[Cluster 1 (atribuido)][0m
2026-07-28 17:01:11 [INFO]      consumiu MAIS que o habitual às 17h
2026-07-28 17:01:11 [INFO]      [2mReal:[0m 10.0 kWh   [2mHabitual:[0m 0.0 ± 0.3 kWh   [2mz:[0m +10.00⁺   [2mdesvio:[0m +1000000%   [2m(2 obs. dia_util)[0m
2026-07-28 17:01:11 [INFO] 
2026-07-28 17:01:11 [INFO]   🔴 [91m[1mPT0002000078140706BA[0m  [2m[Cluster 1 (atribuido)][0m
2026-07-28 17:01:11 [INFO]      consumiu MAIS que o habitual às 18h
2026-07-28 17:01:11 [INFO]      [2mReal:[0m 62.0 kWh   [2mHabitual:[0m 9.0 ± 2.8 kWh   [2mz:[0m +10.00⁺   [2mdesvio:[0m +589%   [2m(2 obs. dia_util)[0m
2026-07-28 17:01:11 [INFO] 
2026-07-28 17:01:11 [INFO]   🔴 [91m[1mPT0002000078140706BA[0m  [2m[Cluster 1 (atribuido)][0m
2026-07-28 17:01:11 [INFO]      consumiu MAIS que o habitual às 19h
2026-07-28 17:01:11 [INFO]      [2mReal:[0m 98.0 kWh   [2mHabitual:[0m 39.5 ± 5.0 kWh   [2mz:[0m +10.00⁺   [2mdesvio:[0m +148%   [2m(2 obs. dia_util)[0m
2026-07-28 17:01:11 [INFO] 
2026-07-28 17:01:11 [INFO]   🔴 [91m[1mPT0002000078207354XC[0m  [2m[Cluster 1][0m
2026-07-28 17:01:11 [INFO]      consumiu MAIS que o habitual às 12h
2026-07-28 17:01:11 [INFO]      [2mReal:[0m 10.0 kWh   [2mHabitual:[0m 2.5 ± 0.7 kWh   [2mz:[0m +10.00⁺   [2mdesvio:[0m +300%   [2m(2 obs. dia_util)[0m
2026-07-28 17:01:11 [INFO] 
2026-07-28 17:01:11 [INFO]   🔴 [91m[1mPT0002000078207354XC[0m  [2m[Cluster 1][0m
2026-07-28 17:01:11 [INFO]      consumiu MAIS que o habitual às 15h
2026-07-28 17:01:11 [INFO]      [2mReal:[0m 8.0 kWh   [2mHabitual:[0m 3.0 ± 0.3 kWh   [2mz:[0m +10.00⁺   [2mdesvio:[0m +167%   [2m(2 obs. dia_util)[0m
2026-07-28 17:01:11 [INFO] 
2026-07-28 17:01:11 [INFO]   🔴 [91m[1mPT0002000078207354XC[0m  [2m[Cluster 1][0m
2026-07-28 17:01:11 [INFO]      consumiu MAIS que o habitual às 16h
2026-07-28 17:01:11 [INFO]      [2mReal:[0m 8.0 kWh   [2mHabitual:[0m 2.0 ± 0.3 kWh   [2mz:[0m +10.00⁺   [2mdesvio:[0m +300%   [2m(2 obs. dia_util)[0m
2026-07-28 17:01:11 [INFO] 
2026-07-28 17:01:11 [INFO]   🔴 [91m[1mPT0002000078207354XC[0m  [2m[Cluster 1][0m
2026-07-28 17:01:11 [INFO]      consumiu MAIS que o habitual às 17h
2026-07-28 17:01:11 [INFO]      [2mReal:[0m 12.0 kWh   [2mHabitual:[0m 3.0 ± 0.3 kWh   [2mz:[0m +10.00⁺   [2mdesvio:[0m +300%   [2m(2 obs. dia_util)[0m
2026-07-28 17:01:11 [INFO] 
2026-07-28 17:01:11 [INFO]   🔴 [91m[1mPT0002000078207354XC[0m  [2m[Cluster 1][0m
2026-07-28 17:01:11 [INFO]      consumiu MAIS que o habitual às 18h
2026-07-28 17:01:11 [INFO]      [2mReal:[0m 22.0 kWh   [2mHabitual:[0m 2.5 ± 0.7 kWh   [2mz:[0m +10.00⁺   [2mdesvio:[0m +780%   [2m(2 obs. dia_util)[0m
2026-07-28 17:01:11 [INFO] 
2026-07-28 17:01:11 [INFO]   🔴 [91m[1mPT0002000078207354XC[0m  [2m[Cluster 1][0m
2026-07-28 17:01:11 [INFO]      consumiu MAIS que o habitual às 19h
2026-07-28 17:01:11 [INFO]      [2mReal:[0m 21.0 kWh   [2mHabitual:[0m 2.5 ± 0.7 kWh   [2mz:[0m +10.00⁺   [2mdesvio:[0m +740%   [2m(2 obs. dia_util)[0m
2026-07-28 17:01:11 [INFO] 
2026-07-28 17:01:11 [INFO]   🔴 [91m[1mPT0002000078207354XC[0m  [2m[Cluster 1][0m
2026-07-28 17:01:11 [INFO]      consumiu MAIS que o habitual às 20h
2026-07-28 17:01:11 [INFO]      [2mReal:[0m 21.0 kWh   [2mHabitual:[0m 2.0 ± 0.3 kWh   [2mz:[0m +10.00⁺   [2mdesvio:[0m +950%   [2m(2 obs. dia_util)[0m
2026-07-28 17:01:11 [INFO] 
2026-07-28 17:01:11 [INFO]   🔴 [91m[1mPT0002000078207354XC[0m  [2m[Cluster 1][0m
2026-07-28 17:01:11 [INFO]      consumiu MAIS que o habitual às 23h
2026-07-28 17:01:11 [INFO]      [2mReal:[0m 15.0 kWh   [2mHabitual:[0m 2.7 ± 0.6 kWh   [2mz:[0m +10.00⁺   [2mdesvio:[0m +462%   [2m(3 obs. dia_util)[0m
2026-07-28 17:01:11 [INFO] 
2026-07-28 17:01:11 [INFO]   🔴 [91m[1mPT0002000078233981HJ[0m  [2m[Cluster 1][0m
2026-07-28 17:01:11 [INFO]      consumiu MAIS que o habitual às 18h
2026-07-28 17:01:11 [INFO]      [2mReal:[0m 28.0 kWh   [2mHabitual:[0m 3.0 ± 0.3 kWh   [2mz:[0m +10.00⁺   [2mdesvio:[0m +833%   [2m(2 obs. dia_util)[0m
2026-07-28 17:01:11 [INFO] 
2026-07-28 17:01:11 [INFO]   🔴 [91m[1mPT0002000078233981HJ[0m  [2m[Cluster 1][0m
2026-07-28 17:01:11 [INFO]      consumiu MAIS que o habitual às 19h
2026-07-28 17:01:11 [INFO]      [2mReal:[0m 28.0 kWh   [2mHabitual:[0m 2.5 ± 0.7 kWh   [2mz:[0m +10.00⁺   [2mdesvio:[0m +1020%   [2m(2 obs. dia_util)[0m
2026-07-28 17:01:11 [INFO] 
2026-07-28 17:01:11 [INFO]   🔴 [91m[1mPT0002000078233981HJ[0m  [2m[Cluster 1][0m
2026-07-28 17:01:11 [INFO]      consumiu MAIS que o habitual às 20h
2026-07-28 17:01:11 [INFO]      [2mReal:[0m 28.0 kWh   [2mHabitual:[0m 2.5 ± 0.7 kWh   [2mz:[0m +10.00⁺   [2mdesvio:[0m +1020%   [2m(2 obs. dia_util)[0m
2026-07-28 17:01:11 [INFO] 
2026-07-28 17:01:11 [INFO]   🔴 [91m[1mPT0002000078233981HJ[0m  [2m[Cluster 1][0m
2026-07-28 17:01:11 [INFO]      consumiu MAIS que o habitual às 21h
2026-07-28 17:01:11 [INFO]      [2mReal:[0m 23.0 kWh   [2mHabitual:[0m 3.0 ± 1.0 kWh   [2mz:[0m +10.00⁺   [2mdesvio:[0m +667%   [2m(3 obs. dia_util)[0m
2026-07-28 17:01:11 [INFO] 
2026-07-28 17:01:11 [INFO]   🔴 [91m[1mPT0002000078294957RQ[0m  [2m[Cluster 0][0m
2026-07-28 17:01:11 [INFO]      consumiu MAIS que o habitual às 08h
2026-07-28 17:01:11 [INFO]      [2mReal:[0m 14.0 kWh   [2mHabitual:[0m 5.0 ± 0.5 kWh   [2mz:[0m +10.00⁺   [2mdesvio:[0m +180%   [2m(2 obs. dia_util)[0m
2026-07-28 17:01:11 [INFO] 
2026-07-28 17:01:11 [INFO]   🔴 [91m[1mPT0002000078294957RQ[0m  [2m[Cluster 0][0m
2026-07-28 17:01:11 [INFO]      consumiu MAIS que o habitual às 09h
2026-07-28 17:01:11 [INFO]      [2mReal:[0m 13.0 kWh   [2mHabitual:[0m 4.5 ± 0.7 kWh   [2mz:[0m +10.00⁺   [2mdesvio:[0m +189%   [2m(2 obs. dia_util)[0m
2026-07-28 17:01:11 [INFO] 
2026-07-28 17:01:11 [INFO]   🔴 [91m[1mPT0002000078294957RQ[0m  [2m[Cluster 0][0m
2026-07-28 17:01:11 [INFO]      consumiu MAIS que o habitual às 10h
2026-07-28 17:01:11 [INFO]      [2mReal:[0m 30.0 kWh   [2mHabitual:[0m 4.5 ± 0.7 kWh   [2mz:[0m +10.00⁺   [2mdesvio:[0m +567%   [2m(2 obs. dia_util)[0m
2026-07-28 17:01:11 [INFO] 
2026-07-28 17:01:11 [INFO]   🔴 [91m[1mPT0002000078294957RQ[0m  [2m[Cluster 0][0m
2026-07-28 17:01:11 [INFO]      consumiu MAIS que o habitual às 11h
2026-07-28 17:01:11 [INFO]      [2mReal:[0m 30.0 kWh   [2mHabitual:[0m 4.5 ± 0.7 kWh   [2mz:[0m +10.00⁺   [2mdesvio:[0m +567%   [2m(2 obs. dia_util)[0m
2026-07-28 17:01:11 [INFO] 
2026-07-28 17:01:11 [INFO]   🔴 [91m[1mPT0002000078294957RQ[0m  [2m[Cluster 0][0m
2026-07-28 17:01:11 [INFO]      consumiu MAIS que o habitual às 12h
2026-07-28 17:01:11 [INFO]      [2mReal:[0m 41.0 kWh   [2mHabitual:[0m 4.5 ± 0.7 kWh   [2mz:[0m +10.00⁺   [2mdesvio:[0m +811%   [2m(2 obs. dia_util)[0m
2026-07-28 17:01:11 [INFO] 
2026-07-28 17:01:11 [INFO]   🔴 [91m[1mPT0002000078294957RQ[0m  [2m[Cluster 0][0m
2026-07-28 17:01:11 [INFO]      consumiu MAIS que o habitual às 13h
2026-07-28 17:01:11 [INFO]      [2mReal:[0m 27.0 kWh   [2mHabitual:[0m 5.0 ± 0.5 kWh   [2mz:[0m +10.00⁺   [2mdesvio:[0m +440%   [2m(2 obs. dia_util)[0m
2026-07-28 17:01:11 [INFO] 
2026-07-28 17:01:11 [INFO]   🔴 [91m[1mPT0002000078294957RQ[0m  [2m[Cluster 0][0m
2026-07-28 17:01:11 [INFO]      consumiu MAIS que o habitual às 14h
2026-07-28 17:01:11 [INFO]      [2mReal:[0m 20.0 kWh   [2mHabitual:[0m 5.0 ± 0.5 kWh   [2mz:[0m +10.00⁺   [2mdesvio:[0m +300%   [2m(2 obs. dia_util)[0m
2026-07-28 17:01:11 [INFO] 
2026-07-28 17:01:11 [INFO]   🔴 [91m[1mPT0002000078294957RQ[0m  [2m[Cluster 0][0m
2026-07-28 17:01:11 [INFO]      consumiu MAIS que o habitual às 15h
2026-07-28 17:01:11 [INFO]      [2mReal:[0m 17.0 kWh   [2mHabitual:[0m 4.5 ± 0.7 kWh   [2mz:[0m +10.00⁺   [2mdesvio:[0m +278%   [2m(2 obs. dia_util)[0m
2026-07-28 17:01:11 [INFO] 
2026-07-28 17:01:11 [INFO]   🔴 [91m[1mPT0002000078294957RQ[0m  [2m[Cluster 0][0m
2026-07-28 17:01:11 [INFO]      consumiu MAIS que o habitual às 17h
2026-07-28 17:01:11 [INFO]      [2mReal:[0m 14.0 kWh   [2mHabitual:[0m 4.5 ± 0.7 kWh   [2mz:[0m +10.00⁺   [2mdesvio:[0m +211%   [2m(2 obs. dia_util)[0m
2026-07-28 17:01:11 [INFO] 
2026-07-28 17:01:11 [INFO]   🔴 [91m[1mPT0002000081344542CP[0m  [2m[Cluster 1][0m
2026-07-28 17:01:11 [INFO]      consumiu MAIS que o habitual às 06h
2026-07-28 17:01:11 [INFO]      [2mReal:[0m 5.0 kWh   [2mHabitual:[0m 1.0 ± 0.3 kWh   [2mz:[0m +10.00⁺   [2mdesvio:[0m +400%   [2m(2 obs. dia_util)[0m
2026-07-28 17:01:11 [INFO] 
2026-07-28 17:01:11 [INFO]   🔴 [91m[1mPT0002000081344542CP[0m  [2m[Cluster 1][0m
2026-07-28 17:01:11 [INFO]      consumiu MAIS que o habitual às 08h
2026-07-28 17:01:11 [INFO]      [2mReal:[0m 6.0 kWh   [2mHabitual:[0m 1.0 ± 0.3 kWh   [2mz:[0m +10.00⁺   [2mdesvio:[0m +500%   [2m(2 obs. dia_util)[0m
2026-07-28 17:01:11 [INFO] 
2026-07-28 17:01:11 [INFO]   🔴 [91m[1mPT0002000081344542CP[0m  [2m[Cluster 1][0m
2026-07-28 17:01:11 [INFO]      consumiu MAIS que o habitual às 09h
2026-07-28 17:01:11 [INFO]      [2mReal:[0m 5.0 kWh   [2mHabitual:[0m 2.0 ± 0.3 kWh   [2mz:[0m +10.00   [2mdesvio:[0m +150%   [2m(2 obs. dia_util)[0m
2026-07-28 17:01:11 [INFO] 
2026-07-28 17:01:11 [INFO]   🔴 [91m[1mPT0002000081344542CP[0m  [2m[Cluster 1][0m
2026-07-28 17:01:11 [INFO]      consumiu MAIS que o habitual às 11h
2026-07-28 17:01:11 [INFO]      [2mReal:[0m 26.0 kWh   [2mHabitual:[0m 2.0 ± 0.3 kWh   [2mz:[0m +10.00⁺   [2mdesvio:[0m +1200%   [2m(2 obs. dia_util)[0m
2026-07-28 17:01:11 [INFO] 
2026-07-28 17:01:11 [INFO]   🔴 [91m[1mPT0002000081344542CP[0m  [2m[Cluster 1][0m
2026-07-28 17:01:11 [INFO]      consumiu MAIS que o habitual às 15h
2026-07-28 17:01:11 [INFO]      [2mReal:[0m 5.0 kWh   [2mHabitual:[0m 2.0 ± 0.3 kWh   [2mz:[0m +10.00   [2mdesvio:[0m +150%   [2m(2 obs. dia_util)[0m
2026-07-28 17:01:11 [INFO] 
2026-07-28 17:01:11 [INFO]   🔴 [91m[1mPT0002000081344542CP[0m  [2m[Cluster 1][0m
2026-07-28 17:01:11 [INFO]      consumiu MAIS que o habitual às 16h
2026-07-28 17:01:11 [INFO]      [2mReal:[0m 5.0 kWh   [2mHabitual:[0m 1.0 ± 0.3 kWh   [2mz:[0m +10.00⁺   [2mdesvio:[0m +400%   [2m(2 obs. dia_util)[0m
2026-07-28 17:01:11 [INFO] 
2026-07-28 17:01:11 [INFO]   🔴 [91m[1mPT0002000081344542CP[0m  [2m[Cluster 1][0m
2026-07-28 17:01:11 [INFO]      consumiu MAIS que o habitual às 17h
2026-07-28 17:01:11 [INFO]      [2mReal:[0m 8.0 kWh   [2mHabitual:[0m 2.0 ± 0.3 kWh   [2mz:[0m +10.00⁺   [2mdesvio:[0m +300%   [2m(2 obs. dia_util)[0m
2026-07-28 17:01:11 [INFO] 
2026-07-28 17:01:11 [INFO]   🔴 [91m[1mPT0002000101964938LF[0m  [2m[Cluster 0][0m
2026-07-28 17:01:11 [INFO]      consumiu MAIS que o habitual às 07h
2026-07-28 17:01:11 [INFO]      [2mReal:[0m 22.0 kWh   [2mHabitual:[0m 10.0 ± 1.0 kWh   [2mz:[0m +10.00⁺   [2mdesvio:[0m +120%   [2m(2 obs. dia_util)[0m
2026-07-28 17:01:11 [INFO] 
2026-07-28 17:01:11 [INFO]   🔴 [91m[1mPT0002000101964938LF[0m  [2m[Cluster 0][0m
2026-07-28 17:01:11 [INFO]      consumiu MAIS que o habitual às 12h
2026-07-28 17:01:11 [INFO]      [2mReal:[0m 68.0 kWh   [2mHabitual:[0m 13.0 ± 4.2 kWh   [2mz:[0m +10.00⁺   [2mdesvio:[0m +423%   [2m(2 obs. dia_util)[0m
2026-07-28 17:01:11 [INFO] 
2026-07-28 17:01:11 [INFO]   🔴 [91m[1mPT0002000101964938LF[0m  [2m[Cluster 0][0m
2026-07-28 17:01:11 [INFO]      consumiu MAIS que o habitual às 13h
2026-07-28 17:01:11 [INFO]      [2mReal:[0m 73.0 kWh   [2mHabitual:[0m 12.0 ± 2.8 kWh   [2mz:[0m +10.00⁺   [2mdesvio:[0m +508%   [2m(2 obs. dia_util)[0m
2026-07-28 17:01:11 [INFO] 
2026-07-28 17:01:11 [INFO]   🔴 [91m[1mPT0002000101964938LF[0m  [2m[Cluster 0][0m
2026-07-28 17:01:11 [INFO]      consumiu MAIS que o habitual às 14h
2026-07-28 17:01:11 [INFO]      [2mReal:[0m 66.0 kWh   [2mHabitual:[0m 13.0 ± 2.8 kWh   [2mz:[0m +10.00⁺   [2mdesvio:[0m +408%   [2m(2 obs. dia_util)[0m
2026-07-28 17:01:11 [INFO] 
2026-07-28 17:01:11 [INFO]   🔴 [91m[1mPT0002000101964938LF[0m  [2m[Cluster 0][0m
2026-07-28 17:01:11 [INFO]      consumiu MAIS que o habitual às 15h
2026-07-28 17:01:11 [INFO]      [2mReal:[0m 63.0 kWh   [2mHabitual:[0m 12.0 ± 2.8 kWh   [2mz:[0m +10.00⁺   [2mdesvio:[0m +425%   [2m(2 obs. dia_util)[0m
2026-07-28 17:01:11 [INFO] 
2026-07-28 17:01:11 [INFO]   🔴 [91m[1mPT0002000101964938LF[0m  [2m[Cluster 0][0m
2026-07-28 17:01:11 [INFO]      consumiu MAIS que o habitual às 16h
2026-07-28 17:01:11 [INFO]      [2mReal:[0m 65.0 kWh   [2mHabitual:[0m 12.5 ± 2.1 kWh   [2mz:[0m +10.00⁺   [2mdesvio:[0m +420%   [2m(2 obs. dia_util)[0m
2026-07-28 17:01:11 [INFO] 
2026-07-28 17:01:11 [INFO]   🔴 [91m[1mPT0002000101964938LF[0m  [2m[Cluster 0][0m
2026-07-28 17:01:11 [INFO]      consumiu MAIS que o habitual às 17h
2026-07-28 17:01:11 [INFO]      [2mReal:[0m 63.0 kWh   [2mHabitual:[0m 12.0 ± 2.8 kWh   [2mz:[0m +10.00⁺   [2mdesvio:[0m +425%   [2m(2 obs. dia_util)[0m
2026-07-28 17:01:11 [INFO] 
2026-07-28 17:01:11 [INFO]   🔴 [91m[1mPT0002000101964938LF[0m  [2m[Cluster 0][0m
2026-07-28 17:01:11 [INFO]      consumiu MAIS que o habitual às 18h
2026-07-28 17:01:11 [INFO]      [2mReal:[0m 55.0 kWh   [2mHabitual:[0m 12.5 ± 2.1 kWh   [2mz:[0m +10.00⁺   [2mdesvio:[0m +340%   [2m(2 obs. dia_util)[0m
2026-07-28 17:01:11 [INFO] 
2026-07-28 17:01:11 [INFO]   🔴 [91m[1mPT0002000101964938LF[0m  [2m[Cluster 0][0m
2026-07-28 17:01:11 [INFO]      consumiu MAIS que o habitual às 19h
2026-07-28 17:01:11 [INFO]      [2mReal:[0m 48.0 kWh   [2mHabitual:[0m 11.5 ± 2.1 kWh   [2mz:[0m +10.00⁺   [2mdesvio:[0m +317%   [2m(2 obs. dia_util)[0m
2026-07-28 17:01:11 [INFO] 
2026-07-28 17:01:11 [INFO]   🔴 [91m[1mPT0002000102936404ME[0m  [2m[Cluster 1][0m
2026-07-28 17:01:11 [INFO]      consumiu MAIS que o habitual às 00h
2026-07-28 17:01:11 [INFO]      [2mReal:[0m 36.0 kWh   [2mHabitual:[0m 16.5 ± 1.6 kWh   [2mz:[0m +10.00⁺   [2mdesvio:[0m +118%   [2m(2 obs. dia_util)[0m
2026-07-28 17:01:11 [INFO] 
2026-07-28 17:01:11 [INFO]   🔴 [91m[1mPT0002000107046231FW[0m  [2m[Cluster 0][0m
2026-07-28 17:01:11 [INFO]      consumiu MAIS que o habitual às 08h
2026-07-28 17:01:11 [INFO]      [2mReal:[0m 22.0 kWh   [2mHabitual:[0m 4.0 ± 0.4 kWh   [2mz:[0m +10.00⁺   [2mdesvio:[0m +450%   [2m(2 obs. dia_util)[0m
2026-07-28 17:01:11 [INFO] 
2026-07-28 17:01:11 [INFO]   🔴 [91m[1mPT0002000107046231FW[0m  [2m[Cluster 0][0m
2026-07-28 17:01:11 [INFO]      consumiu MAIS que o habitual às 09h
2026-07-28 17:01:11 [INFO]      [2mReal:[0m 22.0 kWh   [2mHabitual:[0m 3.5 ± 0.7 kWh   [2mz:[0m +10.00⁺   [2mdesvio:[0m +529%   [2m(2 obs. dia_util)[0m
2026-07-28 17:01:11 [INFO] 
2026-07-28 17:01:11 [INFO]   🔴 [91m[1mPT0002000107046231FW[0m  [2m[Cluster 0][0m
2026-07-28 17:01:11 [INFO]      consumiu MAIS que o habitual às 10h
2026-07-28 17:01:11 [INFO]      [2mReal:[0m 45.0 kWh   [2mHabitual:[0m 3.0 ± 0.3 kWh   [2mz:[0m +10.00⁺   [2mdesvio:[0m +1400%   [2m(2 obs. dia_util)[0m
2026-07-28 17:01:11 [INFO] 
2026-07-28 17:01:11 [INFO]   🔴 [91m[1mPT0002000107046231FW[0m  [2m[Cluster 0][0m
2026-07-28 17:01:11 [INFO]      consumiu MAIS que o habitual às 11h
2026-07-28 17:01:11 [INFO]      [2mReal:[0m 49.0 kWh   [2mHabitual:[0m 1.5 ± 0.7 kWh   [2mz:[0m +10.00⁺   [2mdesvio:[0m +3167%   [2m(2 obs. dia_util)[0m
2026-07-28 17:01:11 [INFO] 
2026-07-28 17:01:11 [INFO]   🔴 [91m[1mPT0002000107046231FW[0m  [2m[Cluster 0][0m
2026-07-28 17:01:11 [INFO]      consumiu MAIS que o habitual às 12h
2026-07-28 17:01:11 [INFO]      [2mReal:[0m 46.0 kWh   [2mHabitual:[0m 2.0 ± 0.3 kWh   [2mz:[0m +10.00⁺   [2mdesvio:[0m +2200%   [2m(2 obs. dia_util)[0m
2026-07-28 17:01:11 [INFO] 
2026-07-28 17:01:11 [INFO]   🔴 [91m[1mPT0002000107046231FW[0m  [2m[Cluster 0][0m
2026-07-28 17:01:11 [INFO]      consumiu MAIS que o habitual às 13h
2026-07-28 17:01:11 [INFO]      [2mReal:[0m 48.0 kWh   [2mHabitual:[0m 2.0 ± 0.3 kWh   [2mz:[0m +10.00⁺   [2mdesvio:[0m +2300%   [2m(2 obs. dia_util)[0m
2026-07-28 17:01:11 [INFO] 
2026-07-28 17:01:11 [INFO]   🔴 [91m[1mPT0002000107046231FW[0m  [2m[Cluster 0][0m
2026-07-28 17:01:11 [INFO]      consumiu MAIS que o habitual às 14h
2026-07-28 17:01:11 [INFO]      [2mReal:[0m 44.0 kWh   [2mHabitual:[0m 2.5 ± 0.7 kWh   [2mz:[0m +10.00⁺   [2mdesvio:[0m +1660%   [2m(2 obs. dia_util)[0m
2026-07-28 17:01:11 [INFO] 
2026-07-28 17:01:11 [INFO]   🔴 [91m[1mPT0002000107046231FW[0m  [2m[Cluster 0][0m
2026-07-28 17:01:11 [INFO]      consumiu MAIS que o habitual às 15h
2026-07-28 17:01:11 [INFO]      [2mReal:[0m 33.0 kWh   [2mHabitual:[0m 3.0 ± 0.3 kWh   [2mz:[0m +10.00⁺   [2mdesvio:[0m +1000%   [2m(2 obs. dia_util)[0m
2026-07-28 17:01:11 [INFO] 
2026-07-28 17:01:11 [INFO]   🔴 [91m[1mPT0002000107046231FW[0m  [2m[Cluster 0][0m
2026-07-28 17:01:11 [INFO]      consumiu MAIS que o habitual às 16h
2026-07-28 17:01:11 [INFO]      [2mReal:[0m 23.0 kWh   [2mHabitual:[0m 2.5 ± 0.7 kWh   [2mz:[0m +10.00⁺   [2mdesvio:[0m +820%   [2m(2 obs. dia_util)[0m
2026-07-28 17:01:11 [INFO] 
2026-07-28 17:01:11 [INFO]   🔴 [91m[1mPT0002000107046231FW[0m  [2m[Cluster 0][0m
2026-07-28 17:01:11 [INFO]      consumiu MAIS que o habitual às 17h
2026-07-28 17:01:11 [INFO]      [2mReal:[0m 14.0 kWh   [2mHabitual:[0m 2.0 ± 0.3 kWh   [2mz:[0m +10.00⁺   [2mdesvio:[0m +600%   [2m(2 obs. dia_util)[0m
2026-07-28 17:01:11 [INFO] 
2026-07-28 17:01:11 [INFO]   🔴 [91m[1mPT0002000109837807PE[0m  [2m[Cluster 1][0m
2026-07-28 17:01:11 [INFO]      consumiu MAIS que o habitual às 16h
2026-07-28 17:01:11 [INFO]      [2mReal:[0m 6.0 kWh   [2mHabitual:[0m 3.0 ± 0.3 kWh   [2mz:[0m +10.00   [2mdesvio:[0m +100%   [2m(2 obs. dia_util)[0m
2026-07-28 17:01:11 [INFO] 
2026-07-28 17:01:11 [INFO]   🔴 [91m[1mPT0002000109837807PE[0m  [2m[Cluster 1][0m
2026-07-28 17:01:11 [INFO]      consumiu MAIS que o habitual às 17h
2026-07-28 17:01:11 [INFO]      [2mReal:[0m 7.0 kWh   [2mHabitual:[0m 3.0 ± 0.3 kWh   [2mz:[0m +10.00⁺   [2mdesvio:[0m +133%   [2m(2 obs. dia_util)[0m
2026-07-28 17:01:11 [INFO] 
2026-07-28 17:01:11 [INFO]   🔴 [91m[1mPT0002000109837807PE[0m  [2m[Cluster 1][0m
2026-07-28 17:01:11 [INFO]      consumiu MAIS que o habitual às 18h
2026-07-28 17:01:11 [INFO]      [2mReal:[0m 26.0 kWh   [2mHabitual:[0m 3.5 ± 0.7 kWh   [2mz:[0m +10.00⁺   [2mdesvio:[0m +643%   [2m(2 obs. dia_util)[0m
2026-07-28 17:01:11 [INFO] 
2026-07-28 17:01:11 [INFO]   🔴 [91m[1mPT0002000109837807PE[0m  [2m[Cluster 1][0m
2026-07-28 17:01:11 [INFO]      consumiu MAIS que o habitual às 19h
2026-07-28 17:01:11 [INFO]      [2mReal:[0m 33.0 kWh   [2mHabitual:[0m 5.5 ± 0.7 kWh   [2mz:[0m +10.00⁺   [2mdesvio:[0m +500%   [2m(2 obs. dia_util)[0m
2026-07-28 17:01:11 [INFO] 
2026-07-28 17:01:11 [INFO]   🔴 [91m[1mPT0002000109837807PE[0m  [2m[Cluster 1][0m
2026-07-28 17:01:11 [INFO]      consumiu MAIS que o habitual às 20h
2026-07-28 17:01:11 [INFO]      [2mReal:[0m 30.0 kWh   [2mHabitual:[0m 7.0 ± 0.7 kWh   [2mz:[0m +10.00⁺   [2mdesvio:[0m +329%   [2m(2 obs. dia_util)[0m
2026-07-28 17:01:11 [INFO] 
2026-07-28 17:01:11 [INFO]   🔴 [91m[1mPT0002000110090564GD[0m  [2m[Cluster 1][0m
2026-07-28 17:01:11 [INFO]      consumiu MAIS que o habitual às 09h
2026-07-28 17:01:11 [INFO]      [2mReal:[0m 15.0 kWh   [2mHabitual:[0m 4.5 ± 0.7 kWh   [2mz:[0m +10.00⁺   [2mdesvio:[0m +233%   [2m(2 obs. dia_util)[0m
2026-07-28 17:01:11 [INFO] 
2026-07-28 17:01:11 [INFO]   🔴 [91m[1mPT0002000110090564GD[0m  [2m[Cluster 1][0m
2026-07-28 17:01:11 [INFO]      consumiu MAIS que o habitual às 10h
2026-07-28 17:01:11 [INFO]      [2mReal:[0m 16.0 kWh   [2mHabitual:[0m 5.0 ± 0.5 kWh   [2mz:[0m +10.00⁺   [2mdesvio:[0m +220%   [2m(2 obs. dia_util)[0m
2026-07-28 17:01:11 [INFO] 
2026-07-28 17:01:11 [INFO]   🔴 [91m[1mPT0002000110090564GD[0m  [2m[Cluster 1][0m
2026-07-28 17:01:11 [INFO]      consumiu MAIS que o habitual às 11h
2026-07-28 17:01:11 [INFO]      [2mReal:[0m 13.0 kWh   [2mHabitual:[0m 5.0 ± 0.5 kWh   [2mz:[0m +10.00⁺   [2mdesvio:[0m +160%   [2m(2 obs. dia_util)[0m
2026-07-28 17:01:11 [INFO] 
2026-07-28 17:01:11 [INFO]   🔴 [91m[1mPT0002000110090564GD[0m  [2m[Cluster 1][0m
2026-07-28 17:01:11 [INFO]      consumiu MAIS que o habitual às 18h
2026-07-28 17:01:11 [INFO]      [2mReal:[0m 32.0 kWh   [2mHabitual:[0m 5.0 ± 0.5 kWh   [2mz:[0m +10.00⁺   [2mdesvio:[0m +540%   [2m(2 obs. dia_util)[0m
2026-07-28 17:01:11 [INFO] 
2026-07-28 17:01:11 [INFO]   🔴 [91m[1mPT0002000110090564GD[0m  [2m[Cluster 1][0m
2026-07-28 17:01:11 [INFO]      consumiu MAIS que o habitual às 19h
2026-07-28 17:01:11 [INFO]      [2mReal:[0m 44.0 kWh   [2mHabitual:[0m 4.5 ± 0.7 kWh   [2mz:[0m +10.00⁺   [2mdesvio:[0m +878%   [2m(2 obs. dia_util)[0m
2026-07-28 17:01:11 [INFO] 
2026-07-28 17:01:11 [INFO]   🔴 [91m[1mPT0002000110090564GD[0m  [2m[Cluster 1][0m
2026-07-28 17:01:11 [INFO]      consumiu MAIS que o habitual às 20h
2026-07-28 17:01:11 [INFO]      [2mReal:[0m 43.0 kWh   [2mHabitual:[0m 4.5 ± 0.7 kWh   [2mz:[0m +10.00⁺   [2mdesvio:[0m +856%   [2m(2 obs. dia_util)[0m
2026-07-28 17:01:11 [INFO] 
2026-07-28 17:01:11 [INFO]   🔴 [91m[1mPT0002000110090564GD[0m  [2m[Cluster 1][0m
2026-07-28 17:01:11 [INFO]      consumiu MAIS que o habitual às 21h
2026-07-28 17:01:11 [INFO]      [2mReal:[0m 33.0 kWh   [2mHabitual:[0m 4.3 ± 1.1 kWh   [2mz:[0m +10.00⁺   [2mdesvio:[0m +662%   [2m(3 obs. dia_util)[0m
2026-07-28 17:01:11 [INFO] 
2026-07-28 17:01:11 [INFO]   🔴 [91m[1mPT0002000110090564GD[0m  [2m[Cluster 1][0m
2026-07-28 17:01:11 [INFO]      consumiu MAIS que o habitual às 22h
2026-07-28 17:01:11 [INFO]      [2mReal:[0m 35.0 kWh   [2mHabitual:[0m 5.0 ± 0.5 kWh   [2mz:[0m +10.00⁺   [2mdesvio:[0m +600%   [2m(3 obs. dia_util)[0m
2026-07-28 17:01:11 [INFO] 
2026-07-28 17:01:11 [INFO]   🔴 [91m[1mPT0002000110090564GD[0m  [2m[Cluster 1][0m
2026-07-28 17:01:11 [INFO]      consumiu MAIS que o habitual às 23h
2026-07-28 17:01:11 [INFO]      [2mReal:[0m 28.0 kWh   [2mHabitual:[0m 4.7 ± 0.6 kWh   [2mz:[0m +10.00⁺   [2mdesvio:[0m +500%   [2m(3 obs. dia_util)[0m
2026-07-28 17:01:11 [INFO] 
2026-07-28 17:01:11 [INFO]   🔴 [91m[1mPT0002000110607652SB[0m  [2m[Cluster 0][0m
2026-07-28 17:01:11 [INFO]      consumiu MAIS que o habitual às 07h
2026-07-28 17:01:11 [INFO]      [2mReal:[0m 36.0 kWh   [2mHabitual:[0m 8.0 ± 0.8 kWh   [2mz:[0m +10.00⁺   [2mdesvio:[0m +350%   [2m(2 obs. dia_util)[0m
2026-07-28 17:01:11 [INFO] 
2026-07-28 17:01:11 [INFO]   🔴 [91m[1mPT0002000110607652SB[0m  [2m[Cluster 0][0m
2026-07-28 17:01:11 [INFO]      consumiu MAIS que o habitual às 08h
2026-07-28 17:01:11 [INFO]      [2mReal:[0m 76.0 kWh   [2mHabitual:[0m 8.0 ± 0.8 kWh   [2mz:[0m +10.00⁺   [2mdesvio:[0m +850%   [2m(2 obs. dia_util)[0m
2026-07-28 17:01:11 [INFO] 
2026-07-28 17:01:11 [INFO]   🔴 [91m[1mPT0002000110607652SB[0m  [2m[Cluster 0][0m
2026-07-28 17:01:11 [INFO]      consumiu MAIS que o habitual às 09h
2026-07-28 17:01:11 [INFO]      [2mReal:[0m 80.0 kWh   [2mHabitual:[0m 10.0 ± 2.8 kWh   [2mz:[0m +10.00⁺   [2mdesvio:[0m +700%   [2m(2 obs. dia_util)[0m
2026-07-28 17:01:11 [INFO] 
2026-07-28 17:01:11 [INFO]   🔴 [91m[1mPT0002000110607652SB[0m  [2m[Cluster 0][0m
2026-07-28 17:01:11 [INFO]      consumiu MAIS que o habitual às 10h
2026-07-28 17:01:11 [INFO]      [2mReal:[0m 84.0 kWh   [2mHabitual:[0m 8.0 ± 0.8 kWh   [2mz:[0m +10.00⁺   [2mdesvio:[0m +950%   [2m(2 obs. dia_util)[0m
2026-07-28 17:01:11 [INFO] 
2026-07-28 17:01:11 [INFO]   🔴 [91m[1mPT0002000110607652SB[0m  [2m[Cluster 0][0m
2026-07-28 17:01:11 [INFO]      consumiu MAIS que o habitual às 11h
2026-07-28 17:01:11 [INFO]      [2mReal:[0m 88.0 kWh   [2mHabitual:[0m 8.0 ± 0.8 kWh   [2mz:[0m +10.00⁺   [2mdesvio:[0m +1000%   [2m(2 obs. dia_util)[0m
2026-07-28 17:01:11 [INFO] 
2026-07-28 17:01:11 [INFO]   🔴 [91m[1mPT0002000110607652SB[0m  [2m[Cluster 0][0m
2026-07-28 17:01:11 [INFO]      consumiu MAIS que o habitual às 12h
2026-07-28 17:01:11 [INFO]      [2mReal:[0m 84.0 kWh   [2mHabitual:[0m 10.0 ± 2.8 kWh   [2mz:[0m +10.00⁺   [2mdesvio:[0m +740%   [2m(2 obs. dia_util)[0m
2026-07-28 17:01:11 [INFO] 
2026-07-28 17:01:11 [INFO]   🔴 [91m[1mPT0002000110607652SB[0m  [2m[Cluster 0][0m
2026-07-28 17:01:11 [INFO]      consumiu MAIS que o habitual às 13h
2026-07-28 17:01:11 [INFO]      [2mReal:[0m 96.0 kWh   [2mHabitual:[0m 6.0 ± 2.8 kWh   [2mz:[0m +10.00⁺   [2mdesvio:[0m +1500%   [2m(2 obs. dia_util)[0m
2026-07-28 17:01:11 [INFO] 
2026-07-28 17:01:11 [INFO]   🔴 [91m[1mPT0002000110607652SB[0m  [2m[Cluster 0][0m
2026-07-28 17:01:11 [INFO]      consumiu MAIS que o habitual às 14h
2026-07-28 17:01:11 [INFO]      [2mReal:[0m 100.0 kWh   [2mHabitual:[0m 10.0 ± 2.8 kWh   [2mz:[0m +10.00⁺   [2mdesvio:[0m +900%   [2m(2 obs. dia_util)[0m
2026-07-28 17:01:11 [INFO] 
2026-07-28 17:01:11 [INFO]   🔴 [91m[1mPT0002000110607652SB[0m  [2m[Cluster 0][0m
2026-07-28 17:01:11 [INFO]      consumiu MAIS que o habitual às 15h
2026-07-28 17:01:11 [INFO]      [2mReal:[0m 88.0 kWh   [2mHabitual:[0m 8.0 ± 0.8 kWh   [2mz:[0m +10.00⁺   [2mdesvio:[0m +1000%   [2m(2 obs. dia_util)[0m
2026-07-28 17:01:11 [INFO] 
2026-07-28 17:01:11 [INFO]   🔴 [91m[1mPT0002000110607652SB[0m  [2m[Cluster 0][0m
2026-07-28 17:01:11 [INFO]      consumiu MAIS que o habitual às 16h
2026-07-28 17:01:11 [INFO]      [2mReal:[0m 84.0 kWh   [2mHabitual:[0m 8.0 ± 0.8 kWh   [2mz:[0m +10.00⁺   [2mdesvio:[0m +950%   [2m(2 obs. dia_util)[0m
2026-07-28 17:01:11 [INFO] 
2026-07-28 17:01:11 [INFO]   🔴 [91m[1mPT0002000110607652SB[0m  [2m[Cluster 0][0m
2026-07-28 17:01:11 [INFO]      consumiu MAIS que o habitual às 17h
2026-07-28 17:01:11 [INFO]      [2mReal:[0m 80.0 kWh   [2mHabitual:[0m 10.0 ± 2.8 kWh   [2mz:[0m +10.00⁺   [2mdesvio:[0m +700%   [2m(2 obs. dia_util)[0m
2026-07-28 17:01:11 [INFO] 
2026-07-28 17:01:11 [INFO]   🔴 [91m[1mPT0002000110607652SB[0m  [2m[Cluster 0][0m
2026-07-28 17:01:11 [INFO]      consumiu MAIS que o habitual às 18h
2026-07-28 17:01:11 [INFO]      [2mReal:[0m 72.0 kWh   [2mHabitual:[0m 8.0 ± 5.7 kWh   [2mz:[0m +10.00⁺   [2mdesvio:[0m +800%   [2m(2 obs. dia_util)[0m
2026-07-28 17:01:11 [INFO] 
2026-07-28 17:01:11 [INFO]   🔴 [91m[1mPT0002000110607652SB[0m  [2m[Cluster 0][0m
2026-07-28 17:01:11 [INFO]      consumiu MAIS que o habitual às 19h
2026-07-28 17:01:11 [INFO]      [2mReal:[0m 60.0 kWh   [2mHabitual:[0m 8.0 ± 0.8 kWh   [2mz:[0m +10.00⁺   [2mdesvio:[0m +650%   [2m(2 obs. dia_util)[0m
2026-07-28 17:01:11 [INFO] 
2026-07-28 17:01:11 [INFO]   🔴 [91m[1mPT0002000111572054VT[0m  [2m[Cluster 0 (atribuido)][0m
2026-07-28 17:01:11 [INFO]      consumiu MAIS que o habitual às 10h
2026-07-28 17:01:11 [INFO]      [2mReal:[0m 3.0 kWh   [2mHabitual:[0m 0.0 ± 0.3 kWh   [2mz:[0m +10.00   [2mdesvio:[0m +300000%   [2m(2 obs. dia_util)[0m
2026-07-28 17:01:11 [INFO] 
2026-07-28 17:01:11 [INFO]   🔴 [91m[1mPT0002000111572054VT[0m  [2m[Cluster 0 (atribuido)][0m
2026-07-28 17:01:11 [INFO]      consumiu MAIS que o habitual às 15h
2026-07-28 17:01:11 [INFO]      [2mReal:[0m 13.0 kWh   [2mHabitual:[0m 0.0 ± 0.3 kWh   [2mz:[0m +10.00⁺   [2mdesvio:[0m +1300000%   [2m(2 obs. dia_util)[0m
2026-07-28 17:01:11 [INFO] 
2026-07-28 17:01:11 [INFO]   🔴 [91m[1mPT0002000111572054VT[0m  [2m[Cluster 0 (atribuido)][0m
2026-07-28 17:01:11 [INFO]      consumiu MAIS que o habitual às 16h
2026-07-28 17:01:11 [INFO]      [2mReal:[0m 33.0 kWh   [2mHabitual:[0m 0.0 ± 0.3 kWh   [2mz:[0m +10.00⁺   [2mdesvio:[0m +3300000%   [2m(2 obs. dia_util)[0m
2026-07-28 17:01:11 [INFO] 
2026-07-28 17:01:11 [INFO]   🔴 [91m[1mPT0002000111572054VT[0m  [2m[Cluster 0 (atribuido)][0m
2026-07-28 17:01:11 [INFO]      consumiu MAIS que o habitual às 17h
2026-07-28 17:01:11 [INFO]      [2mReal:[0m 23.0 kWh   [2mHabitual:[0m 0.0 ± 0.3 kWh   [2mz:[0m +10.00⁺   [2mdesvio:[0m +2300000%   [2m(2 obs. dia_util)[0m
2026-07-28 17:01:11 [INFO] 
2026-07-28 17:01:11 [INFO]   🔴 [91m[1mPT0002000111572054VT[0m  [2m[Cluster 0 (atribuido)][0m
2026-07-28 17:01:11 [INFO]      consumiu MAIS que o habitual às 18h
2026-07-28 17:01:11 [INFO]      [2mReal:[0m 35.0 kWh   [2mHabitual:[0m 0.0 ± 0.3 kWh   [2mz:[0m +10.00⁺   [2mdesvio:[0m +3500000%   [2m(2 obs. dia_util)[0m
2026-07-28 17:01:11 [INFO] 
2026-07-28 17:01:11 [INFO]   🔴 [91m[1mPT0002000111572054VT[0m  [2m[Cluster 0 (atribuido)][0m
2026-07-28 17:01:11 [INFO]      consumiu MAIS que o habitual às 19h
2026-07-28 17:01:11 [INFO]      [2mReal:[0m 45.0 kWh   [2mHabitual:[0m 3.0 ± 1.4 kWh   [2mz:[0m +10.00⁺   [2mdesvio:[0m +1400%   [2m(2 obs. dia_util)[0m
2026-07-28 17:01:11 [INFO] 
2026-07-28 17:01:11 [INFO]   🔴 [91m[1mPT0002000111572054VT[0m  [2m[Cluster 0 (atribuido)][0m
2026-07-28 17:01:11 [INFO]      consumiu MAIS que o habitual às 20h
2026-07-28 17:01:11 [INFO]      [2mReal:[0m 21.0 kWh   [2mHabitual:[0m 10.5 ± 1.1 kWh   [2mz:[0m +10.00   [2mdesvio:[0m +100%   [2m(2 obs. dia_util)[0m
2026-07-28 17:01:11 [INFO] 
2026-07-28 17:01:11 [INFO]   🔴 [91m[1mPT0002000112989585PH[0m  [2m[Cluster 0][0m
2026-07-28 17:01:11 [INFO]      consumiu MAIS que o habitual às 14h
2026-07-28 17:01:11 [INFO]      [2mReal:[0m 30.0 kWh   [2mHabitual:[0m 1.0 ± 1.4 kWh   [2mz:[0m +10.00⁺   [2mdesvio:[0m +2900%   [2m(2 obs. dia_util)[0m
2026-07-28 17:01:11 [INFO] 
2026-07-28 17:01:11 [INFO]   🔴 [91m[1mPT0002000112989585PH[0m  [2m[Cluster 0][0m
2026-07-28 17:01:11 [INFO]      consumiu MAIS que o habitual às 15h
2026-07-28 17:01:11 [INFO]      [2mReal:[0m 54.0 kWh   [2mHabitual:[0m 4.5 ± 2.1 kWh   [2mz:[0m +10.00⁺   [2mdesvio:[0m +1100%   [2m(2 obs. dia_util)[0m
2026-07-28 17:01:11 [INFO] 
2026-07-28 17:01:11 [INFO]   🔴 [91m[1mPT0002000112989585PH[0m  [2m[Cluster 0][0m
2026-07-28 17:01:11 [INFO]      consumiu MAIS que o habitual às 16h
2026-07-28 17:01:11 [INFO]      [2mReal:[0m 68.0 kWh   [2mHabitual:[0m 23.5 ± 3.5 kWh   [2mz:[0m +10.00⁺   [2mdesvio:[0m +189%   [2m(2 obs. dia_util)[0m
2026-07-28 17:01:11 [INFO] 
2026-07-28 17:01:11 [INFO]   🔴 [91m[1mPT0002000114613364CC[0m  [2m[Cluster 0 (atribuido)][0m
2026-07-28 17:01:11 [INFO]      consumiu MAIS que o habitual às 08h
2026-07-28 17:01:11 [INFO]      [2mReal:[0m 273.0 kWh   [2mHabitual:[0m 120.5 ± 12.1 kWh   [2mz:[0m +10.00⁺   [2mdesvio:[0m +127%   [2m(2 obs. dia_util)[0m
2026-07-28 17:01:11 [INFO] 
2026-07-28 17:01:11 [INFO]   🔴 [91m[1mPT0002000114613364CC[0m  [2m[Cluster 0 (atribuido)][0m
2026-07-28 17:01:11 [INFO]      consumiu MAIS que o habitual às 09h
2026-07-28 17:01:11 [INFO]      [2mReal:[0m 299.0 kWh   [2mHabitual:[0m 126.5 ± 12.7 kWh   [2mz:[0m +10.00⁺   [2mdesvio:[0m +136%   [2m(2 obs. dia_util)[0m
2026-07-28 17:01:11 [INFO] 
2026-07-28 17:01:11 [INFO]   🔴 [91m[1mPT0002000114613364CC[0m  [2m[Cluster 0 (atribuido)][0m
2026-07-28 17:01:11 [INFO]      consumiu MAIS que o habitual às 10h
2026-07-28 17:01:11 [INFO]      [2mReal:[0m 300.0 kWh   [2mHabitual:[0m 129.5 ± 12.9 kWh   [2mz:[0m +10.00⁺   [2mdesvio:[0m +132%   [2m(2 obs. dia_util)[0m
2026-07-28 17:01:11 [INFO] 
2026-07-28 17:01:11 [INFO]   🔴 [91m[1mPT0002000114613364CC[0m  [2m[Cluster 0 (atribuido)][0m
2026-07-28 17:01:11 [INFO]      consumiu MAIS que o habitual às 11h
2026-07-28 17:01:11 [INFO]      [2mReal:[0m 299.0 kWh   [2mHabitual:[0m 126.0 ± 12.6 kWh   [2mz:[0m +10.00⁺   [2mdesvio:[0m +137%   [2m(2 obs. dia_util)[0m
2026-07-28 17:01:11 [INFO] 
2026-07-28 17:01:11 [INFO]   🔴 [91m[1mPT0002000114613364CC[0m  [2m[Cluster 0 (atribuido)][0m
2026-07-28 17:01:11 [INFO]      consumiu MAIS que o habitual às 12h
2026-07-28 17:01:11 [INFO]      [2mReal:[0m 286.0 kWh   [2mHabitual:[0m 121.0 ± 12.1 kWh   [2mz:[0m +10.00⁺   [2mdesvio:[0m +136%   [2m(2 obs. dia_util)[0m
2026-07-28 17:01:11 [INFO] 
2026-07-28 17:01:11 [INFO]   🔴 [91m[1mPT0002000114613364CC[0m  [2m[Cluster 0 (atribuido)][0m
2026-07-28 17:01:11 [INFO]      consumiu MAIS que o habitual às 13h
2026-07-28 17:01:11 [INFO]      [2mReal:[0m 266.0 kWh   [2mHabitual:[0m 121.5 ± 12.2 kWh   [2mz:[0m +10.00⁺   [2mdesvio:[0m +119%   [2m(2 obs. dia_util)[0m
2026-07-28 17:01:11 [INFO] 
2026-07-28 17:01:11 [INFO]   🔴 [91m[1mPT0002000114613364CC[0m  [2m[Cluster 0 (atribuido)][0m
2026-07-28 17:01:11 [INFO]      consumiu MAIS que o habitual às 14h
2026-07-28 17:01:11 [INFO]      [2mReal:[0m 271.0 kWh   [2mHabitual:[0m 121.0 ± 12.1 kWh   [2mz:[0m +10.00⁺   [2mdesvio:[0m +124%   [2m(2 obs. dia_util)[0m
2026-07-28 17:01:11 [INFO] 
2026-07-28 17:01:11 [INFO]   🔴 [91m[1mPT0002000114613364CC[0m  [2m[Cluster 0 (atribuido)][0m
2026-07-28 17:01:11 [INFO]      consumiu MAIS que o habitual às 15h
2026-07-28 17:01:11 [INFO]      [2mReal:[0m 265.0 kWh   [2mHabitual:[0m 117.0 ± 11.7 kWh   [2mz:[0m +10.00⁺   [2mdesvio:[0m +126%   [2m(2 obs. dia_util)[0m
2026-07-28 17:01:11 [INFO] 
2026-07-28 17:01:11 [INFO]   🔴 [91m[1mPT0002000114613364CC[0m  [2m[Cluster 0 (atribuido)][0m
2026-07-28 17:01:11 [INFO]      consumiu MAIS que o habitual às 16h
2026-07-28 17:01:11 [INFO]      [2mReal:[0m 248.0 kWh   [2mHabitual:[0m 117.0 ± 11.7 kWh   [2mz:[0m +10.00⁺   [2mdesvio:[0m +112%   [2m(2 obs. dia_util)[0m
2026-07-28 17:01:11 [INFO] 
2026-07-28 17:01:11 [INFO]   🔴 [91m[1mPT0002000115031201VQ[0m  [2m[Cluster 0][0m
2026-07-28 17:01:11 [INFO]      consumiu MAIS que o habitual às 09h
2026-07-28 17:01:11 [INFO]      [2mReal:[0m 13.0 kWh   [2mHabitual:[0m 4.0 ± 0.4 kWh   [2mz:[0m +10.00⁺   [2mdesvio:[0m +225%   [2m(2 obs. dia_util)[0m
2026-07-28 17:01:11 [INFO] 
2026-07-28 17:01:11 [INFO]   🔴 [91m[1mPT0002000115031201VQ[0m  [2m[Cluster 0][0m
2026-07-28 17:01:11 [INFO]      consumiu MAIS que o habitual às 10h
2026-07-28 17:01:11 [INFO]      [2mReal:[0m 16.0 kWh   [2mHabitual:[0m 4.0 ± 0.4 kWh   [2mz:[0m +10.00⁺   [2mdesvio:[0m +300%   [2m(2 obs. dia_util)[0m
2026-07-28 17:01:11 [INFO] 
2026-07-28 17:01:11 [INFO]   🔴 [91m[1mPT0002000115031201VQ[0m  [2m[Cluster 0][0m
2026-07-28 17:01:11 [INFO]      consumiu MAIS que o habitual às 11h
2026-07-28 17:01:11 [INFO]      [2mReal:[0m 42.0 kWh   [2mHabitual:[0m 4.0 ± 0.4 kWh   [2mz:[0m +10.00⁺   [2mdesvio:[0m +950%   [2m(2 obs. dia_util)[0m
2026-07-28 17:01:11 [INFO] 
2026-07-28 17:01:11 [INFO]   🔴 [91m[1mPT0002000115031201VQ[0m  [2m[Cluster 0][0m
2026-07-28 17:01:11 [INFO]      consumiu MAIS que o habitual às 12h
2026-07-28 17:01:11 [INFO]      [2mReal:[0m 31.0 kWh   [2mHabitual:[0m 4.0 ± 0.4 kWh   [2mz:[0m +10.00⁺   [2mdesvio:[0m +675%   [2m(2 obs. dia_util)[0m
2026-07-28 17:01:11 [INFO] 
2026-07-28 17:01:11 [INFO]   🔴 [91m[1mPT0002000115031201VQ[0m  [2m[Cluster 0][0m
2026-07-28 17:01:11 [INFO]      consumiu MAIS que o habitual às 13h
2026-07-28 17:01:11 [INFO]      [2mReal:[0m 33.0 kWh   [2mHabitual:[0m 4.0 ± 0.4 kWh   [2mz:[0m +10.00⁺   [2mdesvio:[0m +725%   [2m(2 obs. dia_util)[0m
2026-07-28 17:01:11 [INFO] 
2026-07-28 17:01:11 [INFO]   🔴 [91m[1mPT0002000115031201VQ[0m  [2m[Cluster 0][0m
2026-07-28 17:01:11 [INFO]      consumiu MAIS que o habitual às 14h
2026-07-28 17:01:11 [INFO]      [2mReal:[0m 22.0 kWh   [2mHabitual:[0m 4.0 ± 0.4 kWh   [2mz:[0m +10.00⁺   [2mdesvio:[0m +450%   [2m(2 obs. dia_util)[0m
2026-07-28 17:01:11 [INFO] 
2026-07-28 17:01:11 [INFO]   🔴 [91m[1mPT0002000115031201VQ[0m  [2m[Cluster 0][0m
2026-07-28 17:01:11 [INFO]      consumiu MAIS que o habitual às 15h
2026-07-28 17:01:11 [INFO]      [2mReal:[0m 21.0 kWh   [2mHabitual:[0m 4.0 ± 0.4 kWh   [2mz:[0m +10.00⁺   [2mdesvio:[0m +425%   [2m(2 obs. dia_util)[0m
2026-07-28 17:01:11 [INFO] 
2026-07-28 17:01:11 [INFO]   🔴 [91m[1mPT0002000115031201VQ[0m  [2m[Cluster 0][0m
2026-07-28 17:01:11 [INFO]      consumiu MAIS que o habitual às 16h
2026-07-28 17:01:11 [INFO]      [2mReal:[0m 14.0 kWh   [2mHabitual:[0m 4.0 ± 0.4 kWh   [2mz:[0m +10.00⁺   [2mdesvio:[0m +250%   [2m(2 obs. dia_util)[0m
2026-07-28 17:01:11 [INFO] 
2026-07-28 17:01:11 [INFO]   🔴 [91m[1mPT0002000115031201VQ[0m  [2m[Cluster 0][0m
2026-07-28 17:01:11 [INFO]      consumiu MAIS que o habitual às 17h
2026-07-28 17:01:11 [INFO]      [2mReal:[0m 14.0 kWh   [2mHabitual:[0m 4.0 ± 0.4 kWh   [2mz:[0m +10.00⁺   [2mdesvio:[0m +250%   [2m(2 obs. dia_util)[0m
2026-07-28 17:01:11 [INFO] 
2026-07-28 17:01:11 [INFO]   🔴 [91m[1mPT0002000115673389QK[0m  [2m[Cluster 0][0m
2026-07-28 17:01:11 [INFO]      consumiu MAIS que o habitual às 08h
2026-07-28 17:01:11 [INFO]      [2mReal:[0m 50.0 kWh   [2mHabitual:[0m 22.0 ± 2.2 kWh   [2mz:[0m +10.00⁺   [2mdesvio:[0m +127%   [2m(2 obs. dia_util)[0m
2026-07-28 17:01:11 [INFO] 
2026-07-28 17:01:11 [INFO]   🔴 [91m[1mPT0002000115673389QK[0m  [2m[Cluster 0][0m
2026-07-28 17:01:11 [INFO]      consumiu MAIS que o habitual às 09h
2026-07-28 17:01:11 [INFO]      [2mReal:[0m 56.0 kWh   [2mHabitual:[0m 21.0 ± 2.1 kWh   [2mz:[0m +10.00⁺   [2mdesvio:[0m +167%   [2m(2 obs. dia_util)[0m
2026-07-28 17:01:11 [INFO] 
2026-07-28 17:01:11 [INFO]   🔴 [91m[1mPT0002000115673389QK[0m  [2m[Cluster 0][0m
2026-07-28 17:01:11 [INFO]      consumiu MAIS que o habitual às 10h
2026-07-28 17:01:11 [INFO]      [2mReal:[0m 87.0 kWh   [2mHabitual:[0m 22.0 ± 2.2 kWh   [2mz:[0m +10.00⁺   [2mdesvio:[0m +295%   [2m(2 obs. dia_util)[0m
2026-07-28 17:01:11 [INFO] 
2026-07-28 17:01:11 [INFO]   🔴 [91m[1mPT0002000115673389QK[0m  [2m[Cluster 0][0m
2026-07-28 17:01:11 [INFO]      consumiu MAIS que o habitual às 11h
2026-07-28 17:01:11 [INFO]      [2mReal:[0m 104.0 kWh   [2mHabitual:[0m 21.5 ± 2.1 kWh   [2mz:[0m +10.00⁺   [2mdesvio:[0m +384%   [2m(2 obs. dia_util)[0m
2026-07-28 17:01:11 [INFO] 
2026-07-28 17:01:11 [INFO]   🔴 [91m[1mPT0002000115673389QK[0m  [2m[Cluster 0][0m
2026-07-28 17:01:11 [INFO]      consumiu MAIS que o habitual às 12h
2026-07-28 17:01:11 [INFO]      [2mReal:[0m 123.0 kWh   [2mHabitual:[0m 21.0 ± 2.1 kWh   [2mz:[0m +10.00⁺   [2mdesvio:[0m +486%   [2m(2 obs. dia_util)[0m
2026-07-28 17:01:11 [INFO] 
2026-07-28 17:01:11 [INFO]   🔴 [91m[1mPT0002000115673389QK[0m  [2m[Cluster 0][0m
2026-07-28 17:01:11 [INFO]      consumiu MAIS que o habitual às 13h
2026-07-28 17:01:11 [INFO]      [2mReal:[0m 100.0 kWh   [2mHabitual:[0m 22.0 ± 2.2 kWh   [2mz:[0m +10.00⁺   [2mdesvio:[0m +355%   [2m(2 obs. dia_util)[0m
2026-07-28 17:01:11 [INFO] 
2026-07-28 17:01:11 [INFO]   🔴 [91m[1mPT0002000115673389QK[0m  [2m[Cluster 0][0m
2026-07-28 17:01:11 [INFO]      consumiu MAIS que o habitual às 14h
2026-07-28 17:01:11 [INFO]      [2mReal:[0m 88.0 kWh   [2mHabitual:[0m 21.0 ± 2.1 kWh   [2mz:[0m +10.00⁺   [2mdesvio:[0m +319%   [2m(2 obs. dia_util)[0m
2026-07-28 17:01:11 [INFO] 
2026-07-28 17:01:11 [INFO]   🔴 [91m[1mPT0002000115673389QK[0m  [2m[Cluster 0][0m
2026-07-28 17:01:11 [INFO]      consumiu MAIS que o habitual às 15h
2026-07-28 17:01:11 [INFO]      [2mReal:[0m 58.0 kWh   [2mHabitual:[0m 21.5 ± 2.1 kWh   [2mz:[0m +10.00⁺   [2mdesvio:[0m +170%   [2m(2 obs. dia_util)[0m
2026-07-28 17:01:11 [INFO] 
2026-07-28 17:01:11 [INFO]   🔴 [91m[1mPT0002000115673471CB[0m  [2m[Cluster 0][0m
2026-07-28 17:01:11 [INFO]      consumiu MAIS que o habitual às 00h
2026-07-28 17:01:11 [INFO]      [2mReal:[0m 20.0 kWh   [2mHabitual:[0m 9.5 ± 0.9 kWh   [2mz:[0m +10.00⁺   [2mdesvio:[0m +111%   [2m(2 obs. dia_util)[0m
2026-07-28 17:01:11 [INFO] 
2026-07-28 17:01:11 [INFO]   🔴 [91m[1mPT0002000115673471CB[0m  [2m[Cluster 0][0m
2026-07-28 17:01:11 [INFO]      consumiu MAIS que o habitual às 07h
2026-07-28 17:01:11 [INFO]      [2mReal:[0m 37.0 kWh   [2mHabitual:[0m 9.5 ± 0.9 kWh   [2mz:[0m +10.00⁺   [2mdesvio:[0m +289%   [2m(2 obs. dia_util)[0m
2026-07-28 17:01:11 [INFO] 
2026-07-28 17:01:11 [INFO]   🔴 [91m[1mPT0002000115673471CB[0m  [2m[Cluster 0][0m
2026-07-28 17:01:11 [INFO]      consumiu MAIS que o habitual às 08h
2026-07-28 17:01:11 [INFO]      [2mReal:[0m 40.0 kWh   [2mHabitual:[0m 9.5 ± 0.9 kWh   [2mz:[0m +10.00⁺   [2mdesvio:[0m +321%   [2m(2 obs. dia_util)[0m
2026-07-28 17:01:11 [INFO] 
2026-07-28 17:01:11 [INFO]   🔴 [91m[1mPT0002000115673471CB[0m  [2m[Cluster 0][0m
2026-07-28 17:01:11 [INFO]      consumiu MAIS que o habitual às 09h
2026-07-28 17:01:11 [INFO]      [2mReal:[0m 45.0 kWh   [2mHabitual:[0m 10.5 ± 1.1 kWh   [2mz:[0m +10.00⁺   [2mdesvio:[0m +329%   [2m(2 obs. dia_util)[0m
2026-07-28 17:01:11 [INFO] 
2026-07-28 17:01:11 [INFO]   🔴 [91m[1mPT0002000115673471CB[0m  [2m[Cluster 0][0m
2026-07-28 17:01:11 [INFO]      consumiu MAIS que o habitual às 11h
2026-07-28 17:01:11 [INFO]      [2mReal:[0m 42.0 kWh   [2mHabitual:[0m 10.0 ± 1.0 kWh   [2mz:[0m +10.00⁺   [2mdesvio:[0m +320%   [2m(2 obs. dia_util)[0m
2026-07-28 17:01:11 [INFO] 
2026-07-28 17:01:11 [INFO]   🔴 [91m[1mPT0002000115673471CB[0m  [2m[Cluster 0][0m
2026-07-28 17:01:11 [INFO]      consumiu MAIS que o habitual às 12h
2026-07-28 17:01:11 [INFO]      [2mReal:[0m 53.0 kWh   [2mHabitual:[0m 9.5 ± 0.9 kWh   [2mz:[0m +10.00⁺   [2mdesvio:[0m +458%   [2m(2 obs. dia_util)[0m
2026-07-28 17:01:11 [INFO] 
2026-07-28 17:01:11 [INFO]   🔴 [91m[1mPT0002000115673471CB[0m  [2m[Cluster 0][0m
2026-07-28 17:01:11 [INFO]      consumiu MAIS que o habitual às 13h
2026-07-28 17:01:11 [INFO]      [2mReal:[0m 29.0 kWh   [2mHabitual:[0m 10.0 ± 1.0 kWh   [2mz:[0m +10.00⁺   [2mdesvio:[0m +190%   [2m(2 obs. dia_util)[0m
2026-07-28 17:01:11 [INFO] 
2026-07-28 17:01:11 [INFO]   🔴 [91m[1mPT0002000115700602GW[0m  [2m[Cluster 0][0m
2026-07-28 17:01:11 [INFO]      consumiu MAIS que o habitual às 08h
2026-07-28 17:01:11 [INFO]      [2mReal:[0m 22.0 kWh   [2mHabitual:[0m 7.0 ± 0.7 kWh   [2mz:[0m +10.00⁺   [2mdesvio:[0m +214%   [2m(2 obs. dia_util)[0m
2026-07-28 17:01:11 [INFO] 
2026-07-28 17:01:11 [INFO]   🔴 [91m[1mPT0002000115700602GW[0m  [2m[Cluster 0][0m
2026-07-28 17:01:11 [INFO]      consumiu MAIS que o habitual às 09h
2026-07-28 17:01:11 [INFO]      [2mReal:[0m 40.0 kWh   [2mHabitual:[0m 7.5 ± 0.8 kWh   [2mz:[0m +10.00⁺   [2mdesvio:[0m +433%   [2m(2 obs. dia_util)[0m
2026-07-28 17:01:11 [INFO] 
2026-07-28 17:01:11 [INFO]   🔴 [91m[1mPT0002000115700602GW[0m  [2m[Cluster 0][0m
2026-07-28 17:01:11 [INFO]      consumiu MAIS que o habitual às 10h
2026-07-28 17:01:11 [INFO]      [2mReal:[0m 39.0 kWh   [2mHabitual:[0m 7.5 ± 0.8 kWh   [2mz:[0m +10.00⁺   [2mdesvio:[0m +420%   [2m(2 obs. dia_util)[0m
2026-07-28 17:01:11 [INFO] 
2026-07-28 17:01:11 [INFO]   🔴 [91m[1mPT0002000115700602GW[0m  [2m[Cluster 0][0m
2026-07-28 17:01:11 [INFO]      consumiu MAIS que o habitual às 11h
2026-07-28 17:01:11 [INFO]      [2mReal:[0m 39.0 kWh   [2mHabitual:[0m 7.5 ± 0.8 kWh   [2mz:[0m +10.00⁺   [2mdesvio:[0m +420%   [2m(2 obs. dia_util)[0m
2026-07-28 17:01:11 [INFO] 
2026-07-28 17:01:11 [INFO]   🔴 [91m[1mPT0002000115700602GW[0m  [2m[Cluster 0][0m
2026-07-28 17:01:11 [INFO]      consumiu MAIS que o habitual às 12h
2026-07-28 17:01:11 [INFO]      [2mReal:[0m 42.0 kWh   [2mHabitual:[0m 7.5 ± 0.8 kWh   [2mz:[0m +10.00⁺   [2mdesvio:[0m +460%   [2m(2 obs. dia_util)[0m
2026-07-28 17:01:11 [INFO] 
2026-07-28 17:01:11 [INFO]   🔴 [91m[1mPT0002000115700602GW[0m  [2m[Cluster 0][0m
2026-07-28 17:01:11 [INFO]      consumiu MAIS que o habitual às 13h
2026-07-28 17:01:11 [INFO]      [2mReal:[0m 32.0 kWh   [2mHabitual:[0m 7.5 ± 0.8 kWh   [2mz:[0m +10.00⁺   [2mdesvio:[0m +327%   [2m(2 obs. dia_util)[0m
2026-07-28 17:01:11 [INFO] 
2026-07-28 17:01:11 [INFO]   🔴 [91m[1mPT0002000115700602GW[0m  [2m[Cluster 0][0m
2026-07-28 17:01:11 [INFO]      consumiu MAIS que o habitual às 14h
2026-07-28 17:01:11 [INFO]      [2mReal:[0m 19.0 kWh   [2mHabitual:[0m 7.5 ± 0.8 kWh   [2mz:[0m +10.00⁺   [2mdesvio:[0m +153%   [2m(2 obs. dia_util)[0m
2026-07-28 17:01:11 [INFO] 
2026-07-28 17:01:11 [INFO]   🔴 [91m[1mPT0002000116530964LH[0m  [2m[Cluster 0 (atribuido)][0m
2026-07-28 17:01:11 [INFO]      consumiu MAIS que o habitual às 11h
2026-07-28 17:01:11 [INFO]      [2mReal:[0m 159.0 kWh   [2mHabitual:[0m 78.5 ± 7.8 kWh   [2mz:[0m +10.00⁺   [2mdesvio:[0m +103%   [2m(2 obs. dia_util)[0m
2026-07-28 17:01:11 [INFO] 
2026-07-28 17:01:11 [INFO]   🔴 [91m[1mPT0002000116530964LH[0m  [2m[Cluster 0 (atribuido)][0m
2026-07-28 17:01:11 [INFO]      consumiu MAIS que o habitual às 12h
2026-07-28 17:01:11 [INFO]      [2mReal:[0m 162.0 kWh   [2mHabitual:[0m 77.5 ± 7.8 kWh   [2mz:[0m +10.00⁺   [2mdesvio:[0m +109%   [2m(2 obs. dia_util)[0m
2026-07-28 17:01:11 [INFO] 
2026-07-28 17:01:11 [INFO]   🔴 [91m[1mPT0002000116530964LH[0m  [2m[Cluster 0 (atribuido)][0m
2026-07-28 17:01:11 [INFO]      consumiu MAIS que o habitual às 13h
2026-07-28 17:01:11 [INFO]      [2mReal:[0m 165.0 kWh   [2mHabitual:[0m 75.0 ± 7.5 kWh   [2mz:[0m +10.00⁺   [2mdesvio:[0m +120%   [2m(2 obs. dia_util)[0m
2026-07-28 17:01:11 [INFO] 
2026-07-28 17:01:11 [INFO]   🔴 [91m[1mPT0002000116530964LH[0m  [2m[Cluster 0 (atribuido)][0m
2026-07-28 17:01:11 [INFO]      consumiu MAIS que o habitual às 14h
2026-07-28 17:01:11 [INFO]      [2mReal:[0m 176.0 kWh   [2mHabitual:[0m 74.0 ± 7.4 kWh   [2mz:[0m +10.00⁺   [2mdesvio:[0m +138%   [2m(2 obs. dia_util)[0m
2026-07-28 17:01:11 [INFO] 
2026-07-28 17:01:11 [INFO]   🔴 [91m[1mPT0002000116530964LH[0m  [2m[Cluster 0 (atribuido)][0m
2026-07-28 17:01:11 [INFO]      consumiu MAIS que o habitual às 15h
2026-07-28 17:01:11 [INFO]      [2mReal:[0m 184.0 kWh   [2mHabitual:[0m 76.0 ± 7.6 kWh   [2mz:[0m +10.00⁺   [2mdesvio:[0m +142%   [2m(2 obs. dia_util)[0m
2026-07-28 17:01:11 [INFO] 
2026-07-28 17:01:11 [INFO]   🔴 [91m[1mPT0002000116530964LH[0m  [2m[Cluster 0 (atribuido)][0m
2026-07-28 17:01:11 [INFO]      consumiu MAIS que o habitual às 16h
2026-07-28 17:01:11 [INFO]      [2mReal:[0m 161.0 kWh   [2mHabitual:[0m 74.0 ± 7.4 kWh   [2mz:[0m +10.00⁺   [2mdesvio:[0m +118%   [2m(2 obs. dia_util)[0m
2026-07-28 17:01:11 [INFO] 
2026-07-28 17:01:11 [INFO]   🔴 [91m[1mPT0002000116530964LH[0m  [2m[Cluster 0 (atribuido)][0m
2026-07-28 17:01:11 [INFO]      consumiu MAIS que o habitual às 17h
2026-07-28 17:01:11 [INFO]      [2mReal:[0m 150.0 kWh   [2mHabitual:[0m 74.0 ± 7.4 kWh   [2mz:[0m +10.00⁺   [2mdesvio:[0m +103%   [2m(2 obs. dia_util)[0m
2026-07-28 17:01:11 [INFO] 
2026-07-28 17:01:11 [INFO]   🔴 [91m[1mPT0002000119303492KB[0m  [2m[Cluster 0][0m
2026-07-28 17:01:11 [INFO]      consumiu MAIS que o habitual às 07h
2026-07-28 17:01:11 [INFO]      [2mReal:[0m 16.0 kWh   [2mHabitual:[0m 3.5 ± 0.7 kWh   [2mz:[0m +10.00⁺   [2mdesvio:[0m +357%   [2m(2 obs. dia_util)[0m
2026-07-28 17:01:11 [INFO] 
2026-07-28 17:01:11 [INFO]   🔴 [91m[1mPT0002000119303492KB[0m  [2m[Cluster 0][0m
2026-07-28 17:01:11 [INFO]      consumiu MAIS que o habitual às 08h
2026-07-28 17:01:11 [INFO]      [2mReal:[0m 24.0 kWh   [2mHabitual:[0m 3.0 ± 0.3 kWh   [2mz:[0m +10.00⁺   [2mdesvio:[0m +700%   [2m(2 obs. dia_util)[0m
2026-07-28 17:01:11 [INFO] 
2026-07-28 17:01:11 [INFO]   🔴 [91m[1mPT0002000119303492KB[0m  [2m[Cluster 0][0m
2026-07-28 17:01:11 [INFO]      consumiu MAIS que o habitual às 09h
2026-07-28 17:01:11 [INFO]      [2mReal:[0m 36.0 kWh   [2mHabitual:[0m 4.0 ± 0.4 kWh   [2mz:[0m +10.00⁺   [2mdesvio:[0m +800%   [2m(2 obs. dia_util)[0m
2026-07-28 17:01:11 [INFO] 
2026-07-28 17:01:11 [INFO]   🔴 [91m[1mPT0002000119303492KB[0m  [2m[Cluster 0][0m
2026-07-28 17:01:11 [INFO]      consumiu MAIS que o habitual às 10h
2026-07-28 17:01:11 [INFO]      [2mReal:[0m 47.0 kWh   [2mHabitual:[0m 3.5 ± 0.7 kWh   [2mz:[0m +10.00⁺   [2mdesvio:[0m +1243%   [2m(2 obs. dia_util)[0m
2026-07-28 17:01:11 [INFO] 
2026-07-28 17:01:11 [INFO]   🔴 [91m[1mPT0002000119303492KB[0m  [2m[Cluster 0][0m
2026-07-28 17:01:11 [INFO]      consumiu MAIS que o habitual às 11h
2026-07-28 17:01:11 [INFO]      [2mReal:[0m 60.0 kWh   [2mHabitual:[0m 3.0 ± 0.3 kWh   [2mz:[0m +10.00⁺   [2mdesvio:[0m +1900%   [2m(2 obs. dia_util)[0m
2026-07-28 17:01:11 [INFO] 
2026-07-28 17:01:11 [INFO]   🔴 [91m[1mPT0002000119303492KB[0m  [2m[Cluster 0][0m
2026-07-28 17:01:11 [INFO]      consumiu MAIS que o habitual às 12h
2026-07-28 17:01:11 [INFO]      [2mReal:[0m 66.0 kWh   [2mHabitual:[0m 3.0 ± 0.3 kWh   [2mz:[0m +10.00⁺   [2mdesvio:[0m +2100%   [2m(2 obs. dia_util)[0m
2026-07-28 17:01:11 [INFO] 
2026-07-28 17:01:11 [INFO]   🔴 [91m[1mPT0002000119303492KB[0m  [2m[Cluster 0][0m
2026-07-28 17:01:11 [INFO]      consumiu MAIS que o habitual às 13h
2026-07-28 17:01:11 [INFO]      [2mReal:[0m 40.0 kWh   [2mHabitual:[0m 4.0 ± 0.4 kWh   [2mz:[0m +10.00⁺   [2mdesvio:[0m +900%   [2m(2 obs. dia_util)[0m
2026-07-28 17:01:11 [INFO] 
2026-07-28 17:01:11 [INFO]   🔴 [91m[1mPT0002000119303492KB[0m  [2m[Cluster 0][0m
2026-07-28 17:01:11 [INFO]      consumiu MAIS que o habitual às 14h
2026-07-28 17:01:11 [INFO]      [2mReal:[0m 38.0 kWh   [2mHabitual:[0m 3.5 ± 0.7 kWh   [2mz:[0m +10.00⁺   [2mdesvio:[0m +986%   [2m(2 obs. dia_util)[0m
2026-07-28 17:01:11 [INFO] 
2026-07-28 17:01:11 [INFO]   🔴 [91m[1mPT0002000119303492KB[0m  [2m[Cluster 0][0m
2026-07-28 17:01:11 [INFO]      consumiu MAIS que o habitual às 15h
2026-07-28 17:01:11 [INFO]      [2mReal:[0m 29.0 kWh   [2mHabitual:[0m 3.5 ± 0.7 kWh   [2mz:[0m +10.00⁺   [2mdesvio:[0m +729%   [2m(2 obs. dia_util)[0m
2026-07-28 17:01:11 [INFO] 
2026-07-28 17:01:11 [INFO]   🔴 [91m[1mPT0002000119303492KB[0m  [2m[Cluster 0][0m
2026-07-28 17:01:11 [INFO]      consumiu MAIS que o habitual às 16h
2026-07-28 17:01:11 [INFO]      [2mReal:[0m 28.0 kWh   [2mHabitual:[0m 3.0 ± 0.3 kWh   [2mz:[0m +10.00⁺   [2mdesvio:[0m +833%   [2m(2 obs. dia_util)[0m
2026-07-28 17:01:11 [INFO] 
2026-07-28 17:01:11 [INFO]   🔴 [91m[1mPT0002000119303492KB[0m  [2m[Cluster 0][0m
2026-07-28 17:01:11 [INFO]      consumiu MAIS que o habitual às 17h
2026-07-28 17:01:11 [INFO]      [2mReal:[0m 29.0 kWh   [2mHabitual:[0m 4.0 ± 0.4 kWh   [2mz:[0m +10.00⁺   [2mdesvio:[0m +625%   [2m(2 obs. dia_util)[0m
2026-07-28 17:01:11 [INFO] 
2026-07-28 17:01:11 [INFO]   🔴 [91m[1mPT0002000119303492KB[0m  [2m[Cluster 0][0m
2026-07-28 17:01:11 [INFO]      consumiu MAIS que o habitual às 18h
2026-07-28 17:01:11 [INFO]      [2mReal:[0m 15.0 kWh   [2mHabitual:[0m 4.5 ± 0.7 kWh   [2mz:[0m +10.00⁺   [2mdesvio:[0m +233%   [2m(2 obs. dia_util)[0m
2026-07-28 17:01:11 [INFO] 
2026-07-28 17:01:11 [INFO]   🔴 [91m[1mPT0002000120237616VJ[0m  [2m[Cluster 0][0m
2026-07-28 17:01:11 [INFO]      consumiu MAIS que o habitual às 07h
2026-07-28 17:01:11 [INFO]      [2mReal:[0m 43.0 kWh   [2mHabitual:[0m 12.0 ± 1.2 kWh   [2mz:[0m +10.00⁺   [2mdesvio:[0m +258%   [2m(2 obs. dia_util)[0m
2026-07-28 17:01:11 [INFO] 
2026-07-28 17:01:11 [INFO]   🔴 [91m[1mPT0002000120237616VJ[0m  [2m[Cluster 0][0m
2026-07-28 17:01:11 [INFO]      consumiu MAIS que o habitual às 08h
2026-07-28 17:01:11 [INFO]      [2mReal:[0m 48.0 kWh   [2mHabitual:[0m 11.5 ± 1.1 kWh   [2mz:[0m +10.00⁺   [2mdesvio:[0m +317%   [2m(2 obs. dia_util)[0m
2026-07-28 17:01:11 [INFO] 
2026-07-28 17:01:11 [INFO]   🔴 [91m[1mPT0002000120237616VJ[0m  [2m[Cluster 0][0m
2026-07-28 17:01:11 [INFO]      consumiu MAIS que o habitual às 09h
2026-07-28 17:01:11 [INFO]      [2mReal:[0m 56.0 kWh   [2mHabitual:[0m 11.5 ± 1.1 kWh   [2mz:[0m +10.00⁺   [2mdesvio:[0m +387%   [2m(2 obs. dia_util)[0m
2026-07-28 17:01:11 [INFO] 
2026-07-28 17:01:11 [INFO]   🔴 [91m[1mPT0002000120237616VJ[0m  [2m[Cluster 0][0m
2026-07-28 17:01:11 [INFO]      consumiu MAIS que o habitual às 10h
2026-07-28 17:01:11 [INFO]      [2mReal:[0m 47.0 kWh   [2mHabitual:[0m 12.0 ± 1.2 kWh   [2mz:[0m +10.00⁺   [2mdesvio:[0m +292%   [2m(2 obs. dia_util)[0m
2026-07-28 17:01:11 [INFO] 
2026-07-28 17:01:11 [INFO]   🔴 [91m[1mPT0002000120237616VJ[0m  [2m[Cluster 0][0m
2026-07-28 17:01:11 [INFO]      consumiu MAIS que o habitual às 11h
2026-07-28 17:01:11 [INFO]      [2mReal:[0m 53.0 kWh   [2mHabitual:[0m 12.0 ± 1.2 kWh   [2mz:[0m +10.00⁺   [2mdesvio:[0m +342%   [2m(2 obs. dia_util)[0m
2026-07-28 17:01:11 [INFO] 
2026-07-28 17:01:11 [INFO]   🔴 [91m[1mPT0002000120237616VJ[0m  [2m[Cluster 0][0m
2026-07-28 17:01:11 [INFO]      consumiu MAIS que o habitual às 12h
2026-07-28 17:01:11 [INFO]      [2mReal:[0m 62.0 kWh   [2mHabitual:[0m 11.5 ± 1.1 kWh   [2mz:[0m +10.00⁺   [2mdesvio:[0m +439%   [2m(2 obs. dia_util)[0m
2026-07-28 17:01:11 [INFO] 
2026-07-28 17:01:11 [INFO]   🔴 [91m[1mPT0002000120237616VJ[0m  [2m[Cluster 0][0m
2026-07-28 17:01:11 [INFO]      consumiu MAIS que o habitual às 13h
2026-07-28 17:01:11 [INFO]      [2mReal:[0m 51.0 kWh   [2mHabitual:[0m 12.0 ± 1.2 kWh   [2mz:[0m +10.00⁺   [2mdesvio:[0m +325%   [2m(2 obs. dia_util)[0m
2026-07-28 17:01:11 [INFO] 
2026-07-28 17:01:11 [INFO]   🔴 [91m[1mPT0002000120237616VJ[0m  [2m[Cluster 0][0m
2026-07-28 17:01:11 [INFO]      consumiu MAIS que o habitual às 14h
2026-07-28 17:01:11 [INFO]      [2mReal:[0m 49.0 kWh   [2mHabitual:[0m 12.5 ± 1.2 kWh   [2mz:[0m +10.00⁺   [2mdesvio:[0m +292%   [2m(2 obs. dia_util)[0m
2026-07-28 17:01:11 [INFO] 
2026-07-28 17:01:11 [INFO]   🔴 [91m[1mPT0002000120237616VJ[0m  [2m[Cluster 0][0m
2026-07-28 17:01:11 [INFO]      consumiu MAIS que o habitual às 15h
2026-07-28 17:01:11 [INFO]      [2mReal:[0m 43.0 kWh   [2mHabitual:[0m 12.0 ± 1.2 kWh   [2mz:[0m +10.00⁺   [2mdesvio:[0m +258%   [2m(2 obs. dia_util)[0m
2026-07-28 17:01:11 [INFO] 
2026-07-28 17:01:11 [INFO]   🔴 [91m[1mPT0002000120237616VJ[0m  [2m[Cluster 0][0m
2026-07-28 17:01:11 [INFO]      consumiu MAIS que o habitual às 16h
2026-07-28 17:01:11 [INFO]      [2mReal:[0m 39.0 kWh   [2mHabitual:[0m 12.0 ± 1.2 kWh   [2mz:[0m +10.00⁺   [2mdesvio:[0m +225%   [2m(2 obs. dia_util)[0m
2026-07-28 17:01:11 [INFO] 
2026-07-28 17:01:11 [INFO]   🔴 [91m[1mPT0002000120237616VJ[0m  [2m[Cluster 0][0m
2026-07-28 17:01:11 [INFO]      consumiu MAIS que o habitual às 17h
2026-07-28 17:01:11 [INFO]      [2mReal:[0m 31.0 kWh   [2mHabitual:[0m 11.5 ± 1.1 kWh   [2mz:[0m +10.00⁺   [2mdesvio:[0m +170%   [2m(2 obs. dia_util)[0m
2026-07-28 17:01:11 [INFO] 
2026-07-28 17:01:11 [INFO]   🔴 [91m[1mPT0002000120237616VJ[0m  [2m[Cluster 0][0m
2026-07-28 17:01:11 [INFO]      consumiu MAIS que o habitual às 18h
2026-07-28 17:01:11 [INFO]      [2mReal:[0m 28.0 kWh   [2mHabitual:[0m 11.5 ± 1.1 kWh   [2mz:[0m +10.00⁺   [2mdesvio:[0m +143%   [2m(2 obs. dia_util)[0m
2026-07-28 17:01:11 [INFO] 
2026-07-28 17:01:11 [INFO]   🔴 [91m[1mPT0002000120237616VJ[0m  [2m[Cluster 0][0m
2026-07-28 17:01:11 [INFO]      consumiu MAIS que o habitual às 19h
2026-07-28 17:01:11 [INFO]      [2mReal:[0m 24.0 kWh   [2mHabitual:[0m 11.0 ± 1.1 kWh   [2mz:[0m +10.00⁺   [2mdesvio:[0m +118%   [2m(2 obs. dia_util)[0m
2026-07-28 17:01:11 [INFO] 
2026-07-28 17:01:11 [INFO]   🔴 [91m[1mPT0002000123648159KR[0m  [2m[Cluster 0][0m
2026-07-28 17:01:11 [INFO]      consumiu MAIS que o habitual às 07h
2026-07-28 17:01:11 [INFO]      [2mReal:[0m 30.0 kWh   [2mHabitual:[0m 2.5 ± 0.7 kWh   [2mz:[0m +10.00⁺   [2mdesvio:[0m +1100%   [2m(2 obs. dia_util)[0m
2026-07-28 17:01:11 [INFO] 
2026-07-28 17:01:11 [INFO]   🔴 [91m[1mPT0002000123648159KR[0m  [2m[Cluster 0][0m
2026-07-28 17:01:11 [INFO]      consumiu MAIS que o habitual às 08h
2026-07-28 17:01:11 [INFO]      [2mReal:[0m 27.0 kWh   [2mHabitual:[0m 2.0 ± 0.3 kWh   [2mz:[0m +10.00⁺   [2mdesvio:[0m +1250%   [2m(2 obs. dia_util)[0m
2026-07-28 17:01:11 [INFO] 
2026-07-28 17:01:11 [INFO]   🔴 [91m[1mPT0002000123648159KR[0m  [2m[Cluster 0][0m
2026-07-28 17:01:11 [INFO]      consumiu MAIS que o habitual às 09h
2026-07-28 17:01:11 [INFO]      [2mReal:[0m 30.0 kWh   [2mHabitual:[0m 2.5 ± 0.7 kWh   [2mz:[0m +10.00⁺   [2mdesvio:[0m +1100%   [2m(2 obs. dia_util)[0m
2026-07-28 17:01:11 [INFO] 
2026-07-28 17:01:11 [INFO]   🔴 [91m[1mPT0002000123648159KR[0m  [2m[Cluster 0][0m
2026-07-28 17:01:11 [INFO]      consumiu MAIS que o habitual às 10h
2026-07-28 17:01:11 [INFO]      [2mReal:[0m 31.0 kWh   [2mHabitual:[0m 2.0 ± 0.3 kWh   [2mz:[0m +10.00⁺   [2mdesvio:[0m +1450%   [2m(2 obs. dia_util)[0m
2026-07-28 17:01:11 [INFO] 
2026-07-28 17:01:11 [INFO]   🔴 [91m[1mPT0002000123648159KR[0m  [2m[Cluster 0][0m
2026-07-28 17:01:11 [INFO]      consumiu MAIS que o habitual às 11h
2026-07-28 17:01:11 [INFO]      [2mReal:[0m 32.0 kWh   [2mHabitual:[0m 2.0 ± 0.3 kWh   [2mz:[0m +10.00⁺   [2mdesvio:[0m +1500%   [2m(2 obs. dia_util)[0m
2026-07-28 17:01:11 [INFO] 
2026-07-28 17:01:11 [INFO]   🔴 [91m[1mPT0002000123648159KR[0m  [2m[Cluster 0][0m
2026-07-28 17:01:11 [INFO]      consumiu MAIS que o habitual às 12h
2026-07-28 17:01:11 [INFO]      [2mReal:[0m 34.0 kWh   [2mHabitual:[0m 2.5 ± 0.7 kWh   [2mz:[0m +10.00⁺   [2mdesvio:[0m +1260%   [2m(2 obs. dia_util)[0m
2026-07-28 17:01:11 [INFO] 
2026-07-28 17:01:11 [INFO]   🔴 [91m[1mPT0002000123648159KR[0m  [2m[Cluster 0][0m
2026-07-28 17:01:11 [INFO]      consumiu MAIS que o habitual às 14h
2026-07-28 17:01:11 [INFO]      [2mReal:[0m 15.0 kWh   [2mHabitual:[0m 2.5 ± 0.7 kWh   [2mz:[0m +10.00⁺   [2mdesvio:[0m +500%   [2m(2 obs. dia_util)[0m
2026-07-28 17:01:11 [INFO] 
2026-07-28 17:01:11 [INFO]   🔴 [91m[1mPT0002000123648159KR[0m  [2m[Cluster 0][0m
2026-07-28 17:01:11 [INFO]      consumiu MAIS que o habitual às 15h
2026-07-28 17:01:11 [INFO]      [2mReal:[0m 15.0 kWh   [2mHabitual:[0m 2.0 ± 0.3 kWh   [2mz:[0m +10.00⁺   [2mdesvio:[0m +650%   [2m(2 obs. dia_util)[0m
2026-07-28 17:01:11 [INFO] 
2026-07-28 17:01:11 [INFO]   🔴 [91m[1mPT0002000123648159KR[0m  [2m[Cluster 0][0m
2026-07-28 17:01:11 [INFO]      consumiu MAIS que o habitual às 16h
2026-07-28 17:01:11 [INFO]      [2mReal:[0m 10.0 kWh   [2mHabitual:[0m 2.0 ± 0.3 kWh   [2mz:[0m +10.00⁺   [2mdesvio:[0m +400%   [2m(2 obs. dia_util)[0m
2026-07-28 17:01:11 [INFO] 
2026-07-28 17:01:11 [INFO]   🔴 [91m[1mPT0002000125379984SH[0m  [2m[Cluster 1][0m
2026-07-28 17:01:11 [INFO]      consumiu MAIS que o habitual às 09h
2026-07-28 17:01:11 [INFO]      [2mReal:[0m 14.0 kWh   [2mHabitual:[0m 5.5 ± 0.7 kWh   [2mz:[0m +10.00⁺   [2mdesvio:[0m +155%   [2m(2 obs. dia_util)[0m
2026-07-28 17:01:11 [INFO] 
2026-07-28 17:01:11 [INFO]   🔴 [91m[1mPT0002000125379984SH[0m  [2m[Cluster 1][0m
2026-07-28 17:01:11 [INFO]      consumiu MAIS que o habitual às 10h
2026-07-28 17:01:11 [INFO]      [2mReal:[0m 13.0 kWh   [2mHabitual:[0m 5.5 ± 0.7 kWh   [2mz:[0m +10.00⁺   [2mdesvio:[0m +136%   [2m(2 obs. dia_util)[0m
2026-07-28 17:01:11 [INFO] 
2026-07-28 17:01:11 [INFO]   🔴 [91m[1mPT0002000125379984SH[0m  [2m[Cluster 1][0m
2026-07-28 17:01:11 [INFO]      consumiu MAIS que o habitual às 17h
2026-07-28 17:01:11 [INFO]      [2mReal:[0m 17.0 kWh   [2mHabitual:[0m 5.5 ± 0.7 kWh   [2mz:[0m +10.00⁺   [2mdesvio:[0m +209%   [2m(2 obs. dia_util)[0m
2026-07-28 17:01:11 [INFO] 
2026-07-28 17:01:11 [INFO]   🔴 [91m[1mPT0002000125379984SH[0m  [2m[Cluster 1][0m
2026-07-28 17:01:11 [INFO]      consumiu MAIS que o habitual às 18h
2026-07-28 17:01:11 [INFO]      [2mReal:[0m 16.0 kWh   [2mHabitual:[0m 5.0 ± 0.5 kWh   [2mz:[0m +10.00⁺   [2mdesvio:[0m +220%   [2m(2 obs. dia_util)[0m
2026-07-28 17:01:11 [INFO] 
2026-07-28 17:01:11 [INFO]   🔴 [91m[1mPT0002000125379984SH[0m  [2m[Cluster 1][0m
2026-07-28 17:01:11 [INFO]      consumiu MAIS que o habitual às 19h
2026-07-28 17:01:11 [INFO]      [2mReal:[0m 16.0 kWh   [2mHabitual:[0m 5.0 ± 0.5 kWh   [2mz:[0m +10.00⁺   [2mdesvio:[0m +220%   [2m(2 obs. dia_util)[0m
2026-07-28 17:01:11 [INFO] 
2026-07-28 17:01:11 [INFO]   🔴 [91m[1mPT0002000125379984SH[0m  [2m[Cluster 1][0m
2026-07-28 17:01:11 [INFO]      consumiu MAIS que o habitual às 20h
2026-07-28 17:01:11 [INFO]      [2mReal:[0m 15.0 kWh   [2mHabitual:[0m 6.0 ± 0.6 kWh   [2mz:[0m +10.00⁺   [2mdesvio:[0m +150%   [2m(2 obs. dia_util)[0m
2026-07-28 17:01:11 [INFO] 
2026-07-28 17:01:11 [INFO]   🔴 [91m[1mPT0002000125701614SQ[0m  [2m[Cluster 1 (atribuido)][0m
2026-07-28 17:01:11 [INFO]      consumiu MAIS que o habitual às 21h
2026-07-28 17:01:11 [INFO]      [2mReal:[0m 86.0 kWh   [2mHabitual:[0m 14.7 ± 2.5 kWh   [2mz:[0m +10.00⁺   [2mdesvio:[0m +486%   [2m(3 obs. dia_util)[0m
2026-07-28 17:01:11 [INFO] 
2026-07-28 17:01:11 [INFO]   🔴 [91m[1mPT0002000201038711LS[0m  [2m[Cluster 1 (atribuido)][0m
2026-07-28 17:01:11 [INFO]      consumiu MAIS que o habitual às 09h
2026-07-28 17:01:11 [INFO]      [2mReal:[0m 3.0 kWh   [2mHabitual:[0m 0.0 ± 0.3 kWh   [2mz:[0m +10.00   [2mdesvio:[0m +300000%   [2m(2 obs. dia_util)[0m
2026-07-28 17:01:11 [INFO] 
2026-07-28 17:01:11 [INFO]   🔴 [91m[1mPT0002000201038711LS[0m  [2m[Cluster 1 (atribuido)][0m
2026-07-28 17:01:11 [INFO]      consumiu MAIS que o habitual às 12h
2026-07-28 17:01:11 [INFO]      [2mReal:[0m 8.0 kWh   [2mHabitual:[0m 0.0 ± 0.3 kWh   [2mz:[0m +10.00⁺   [2mdesvio:[0m +800000%   [2m(2 obs. dia_util)[0m
2026-07-28 17:01:11 [INFO] 
2026-07-28 17:01:11 [INFO]   🔴 [91m[1mPT0002000201038711LS[0m  [2m[Cluster 1 (atribuido)][0m
2026-07-28 17:01:11 [INFO]      consumiu MAIS que o habitual às 13h
2026-07-28 17:01:11 [INFO]      [2mReal:[0m 16.0 kWh   [2mHabitual:[0m 0.0 ± 0.3 kWh   [2mz:[0m +10.00⁺   [2mdesvio:[0m +1600000%   [2m(2 obs. dia_util)[0m
2026-07-28 17:01:11 [INFO] 
2026-07-28 17:01:11 [INFO]   🔴 [91m[1mPT0002000201038711LS[0m  [2m[Cluster 1 (atribuido)][0m
2026-07-28 17:01:11 [INFO]      consumiu MAIS que o habitual às 14h
2026-07-28 17:01:11 [INFO]      [2mReal:[0m 10.0 kWh   [2mHabitual:[0m 0.0 ± 0.3 kWh   [2mz:[0m +10.00⁺   [2mdesvio:[0m +1000000%   [2m(2 obs. dia_util)[0m
2026-07-28 17:01:11 [INFO] 
2026-07-28 17:01:11 [INFO]   🔴 [91m[1mPT0002000201038711LS[0m  [2m[Cluster 1 (atribuido)][0m
2026-07-28 17:01:11 [INFO]      consumiu MAIS que o habitual às 15h
2026-07-28 17:01:11 [INFO]      [2mReal:[0m 16.0 kWh   [2mHabitual:[0m 0.5 ± 0.7 kWh   [2mz:[0m +10.00⁺   [2mdesvio:[0m +3100%   [2m(2 obs. dia_util)[0m
2026-07-28 17:01:11 [INFO] 
2026-07-28 17:01:11 [INFO]   🔴 [91m[1mPT0002000201038711LS[0m  [2m[Cluster 1 (atribuido)][0m
2026-07-28 17:01:11 [INFO]      consumiu MAIS que o habitual às 16h
2026-07-28 17:01:11 [INFO]      [2mReal:[0m 39.0 kWh   [2mHabitual:[0m 0.5 ± 0.7 kWh   [2mz:[0m +10.00⁺   [2mdesvio:[0m +7700%   [2m(2 obs. dia_util)[0m
2026-07-28 17:01:11 [INFO] 
2026-07-28 17:01:11 [INFO]   🔴 [91m[1mPT0002000201038711LS[0m  [2m[Cluster 1 (atribuido)][0m
2026-07-28 17:01:11 [INFO]      consumiu MAIS que o habitual às 17h
2026-07-28 17:01:11 [INFO]      [2mReal:[0m 59.0 kWh   [2mHabitual:[0m 1.0 ± 1.4 kWh   [2mz:[0m +10.00⁺   [2mdesvio:[0m +5800%   [2m(2 obs. dia_util)[0m
2026-07-28 17:01:11 [INFO] 
2026-07-28 17:01:11 [INFO]   🔴 [91m[1mPT0002000201038711LS[0m  [2m[Cluster 1 (atribuido)][0m
2026-07-28 17:01:11 [INFO]      consumiu MAIS que o habitual às 18h
2026-07-28 17:01:11 [INFO]      [2mReal:[0m 53.0 kWh   [2mHabitual:[0m 9.0 ± 0.9 kWh   [2mz:[0m +10.00⁺   [2mdesvio:[0m +489%   [2m(2 obs. dia_util)[0m
2026-07-28 17:01:11 [INFO] 
2026-07-28 17:01:11 [INFO]   🔴 [91m[1mPT0002000078140706BA[0m  [2m[Cluster 1 (atribuido)][0m
2026-07-28 17:01:11 [INFO]      consumiu MAIS que o habitual às 21h
2026-07-28 17:01:11 [INFO]      [2mReal:[0m 77.0 kWh   [2mHabitual:[0m 38.7 ± 3.9 kWh   [2mz:[0m +9.91   [2mdesvio:[0m +99%   [2m(3 obs. dia_util)[0m
2026-07-28 17:01:11 [INFO] 
2026-07-28 17:01:11 [INFO]   🔴 [91m[1mPT0002000078140706BA[0m  [2m[Cluster 1 (atribuido)][0m
2026-07-28 17:01:11 [INFO]      consumiu MAIS que o habitual às 20h
2026-07-28 17:01:11 [INFO]      [2mReal:[0m 89.0 kWh   [2mHabitual:[0m 40.5 ± 5.0 kWh   [2mz:[0m +9.80   [2mdesvio:[0m +120%   [2m(2 obs. dia_util)[0m
2026-07-28 17:01:11 [INFO] 
2026-07-28 17:01:11 [INFO]   🔴 [91m[1mPT0002000116530964LH[0m  [2m[Cluster 0 (atribuido)][0m
2026-07-28 17:01:11 [INFO]      consumiu MAIS que o habitual às 10h
2026-07-28 17:01:11 [INFO]      [2mReal:[0m 153.0 kWh   [2mHabitual:[0m 77.5 ± 7.8 kWh   [2mz:[0m +9.74   [2mdesvio:[0m +97%   [2m(2 obs. dia_util)[0m
2026-07-28 17:01:11 [INFO] 
2026-07-28 17:01:11 [INFO]   🔴 [91m[1mPT0002000116530964LH[0m  [2m[Cluster 0 (atribuido)][0m
2026-07-28 17:01:11 [INFO]      consumiu MAIS que o habitual às 18h
2026-07-28 17:01:11 [INFO]      [2mReal:[0m 143.0 kWh   [2mHabitual:[0m 72.5 ± 7.2 kWh   [2mz:[0m +9.72   [2mdesvio:[0m +97%   [2m(2 obs. dia_util)[0m
2026-07-28 17:01:11 [INFO] 
2026-07-28 17:01:11 [INFO]   🔴 [91m[1mPT0002000114613364CC[0m  [2m[Cluster 0 (atribuido)][0m
2026-07-28 17:01:11 [INFO]      consumiu MAIS que o habitual às 17h
2026-07-28 17:01:11 [INFO]      [2mReal:[0m 233.0 kWh   [2mHabitual:[0m 118.5 ± 11.8 kWh   [2mz:[0m +9.66   [2mdesvio:[0m +97%   [2m(2 obs. dia_util)[0m
2026-07-28 17:01:11 [INFO] 
2026-07-28 17:01:11 [INFO]   🔴 [91m[1mPT0002000068855003AK[0m  [2m[Cluster 0 (atribuido)][0m
2026-07-28 17:01:11 [INFO]      consumiu MAIS que o habitual às 15h
2026-07-28 17:01:11 [INFO]      [2mReal:[0m 86.0 kWh   [2mHabitual:[0m 18.0 ± 7.1 kWh   [2mz:[0m +9.62   [2mdesvio:[0m +378%   [2m(2 obs. dia_util)[0m
2026-07-28 17:01:11 [INFO] 
2026-07-28 17:01:11 [INFO]   🔴 [91m[1mPT0002000068856906VS[0m  [2m[Cluster 0][0m
2026-07-28 17:01:11 [INFO]      consumiu MAIS que o habitual às 13h
2026-07-28 17:01:11 [INFO]      [2mReal:[0m 46.0 kWh   [2mHabitual:[0m 23.5 ± 2.4 kWh   [2mz:[0m +9.57   [2mdesvio:[0m +96%   [2m(2 obs. dia_util)[0m
2026-07-28 17:01:11 [INFO] 
2026-07-28 17:01:11 [INFO]   🔴 [91m[1mPT0002000068856655YV[0m  [2m[Cluster 0][0m
2026-07-28 17:01:11 [INFO]      consumiu MAIS que o habitual às 10h
2026-07-28 17:01:11 [INFO]      [2mReal:[0m 9.0 kWh   [2mHabitual:[0m 2.5 ± 0.7 kWh   [2mz:[0m +9.19   [2mdesvio:[0m +260%   [2m(2 obs. dia_util)[0m
2026-07-28 17:01:11 [INFO] 
2026-07-28 17:01:11 [INFO]   🔴 [91m[1mPT0002000068857099AR[0m  [2m[Cluster 1][0m
2026-07-28 17:01:11 [INFO]      consumiu MAIS que o habitual às 19h
2026-07-28 17:01:11 [INFO]      [2mReal:[0m 10.0 kWh   [2mHabitual:[0m 3.5 ± 0.7 kWh   [2mz:[0m +9.19   [2mdesvio:[0m +186%   [2m(2 obs. dia_util)[0m
2026-07-28 17:01:11 [INFO] 
2026-07-28 17:01:11 [INFO]   🔴 [91m[1mPT0002000068859382XF[0m  [2m[Cluster 0][0m
2026-07-28 17:01:11 [INFO]      consumiu MAIS que o habitual às 11h
2026-07-28 17:01:11 [INFO]      [2mReal:[0m 71.0 kWh   [2mHabitual:[0m 37.0 ± 3.7 kWh   [2mz:[0m +9.19   [2mdesvio:[0m +92%   [2m(2 obs. dia_util)[0m
2026-07-28 17:01:11 [INFO] 
2026-07-28 17:01:11 [INFO]   🔴 [91m[1mPT0002000078207354XC[0m  [2m[Cluster 1][0m
2026-07-28 17:01:11 [INFO]      consumiu MAIS que o habitual às 08h
2026-07-28 17:01:11 [INFO]      [2mReal:[0m 9.0 kWh   [2mHabitual:[0m 2.5 ± 0.7 kWh   [2mz:[0m +9.19   [2mdesvio:[0m +260%   [2m(2 obs. dia_util)[0m
2026-07-28 17:01:11 [INFO] 
2026-07-28 17:01:11 [INFO]   🔴 [91m[1mPT0002000078207354XC[0m  [2m[Cluster 1][0m
2026-07-28 17:01:11 [INFO]      consumiu MAIS que o habitual às 09h
2026-07-28 17:01:11 [INFO]      [2mReal:[0m 9.0 kWh   [2mHabitual:[0m 2.5 ± 0.7 kWh   [2mz:[0m +9.19   [2mdesvio:[0m +260%   [2m(2 obs. dia_util)[0m
2026-07-28 17:01:11 [INFO] 
2026-07-28 17:01:11 [INFO]   🔴 [91m[1mPT0002000078207354XC[0m  [2m[Cluster 1][0m
2026-07-28 17:01:11 [INFO]      consumiu MAIS que o habitual às 11h
2026-07-28 17:01:11 [INFO]      [2mReal:[0m 9.0 kWh   [2mHabitual:[0m 2.5 ± 0.7 kWh   [2mz:[0m +9.19   [2mdesvio:[0m +260%   [2m(2 obs. dia_util)[0m
2026-07-28 17:01:11 [INFO] 
2026-07-28 17:01:11 [INFO]   🔴 [91m[1mPT0002000078207354XC[0m  [2m[Cluster 1][0m
2026-07-28 17:01:11 [INFO]      consumiu MAIS que o habitual às 13h
2026-07-28 17:01:11 [INFO]      [2mReal:[0m 9.0 kWh   [2mHabitual:[0m 2.5 ± 0.7 kWh   [2mz:[0m +9.19   [2mdesvio:[0m +260%   [2m(2 obs. dia_util)[0m
2026-07-28 17:01:11 [INFO] 
2026-07-28 17:01:11 [INFO]   🔴 [91m[1mPT0002000078207354XC[0m  [2m[Cluster 1][0m
2026-07-28 17:01:11 [INFO]      consumiu MAIS que o habitual às 14h
2026-07-28 17:01:11 [INFO]      [2mReal:[0m 9.0 kWh   [2mHabitual:[0m 2.5 ± 0.7 kWh   [2mz:[0m +9.19   [2mdesvio:[0m +260%   [2m(2 obs. dia_util)[0m
2026-07-28 17:01:11 [INFO] 
2026-07-28 17:01:11 [INFO]   🔴 [91m[1mPT0002000078294957RQ[0m  [2m[Cluster 0][0m
2026-07-28 17:01:11 [INFO]      consumiu MAIS que o habitual às 18h
2026-07-28 17:01:11 [INFO]      [2mReal:[0m 11.0 kWh   [2mHabitual:[0m 4.5 ± 0.7 kWh   [2mz:[0m +9.19   [2mdesvio:[0m +144%   [2m(2 obs. dia_util)[0m
2026-07-28 17:01:11 [INFO] 
2026-07-28 17:01:11 [INFO]   🔴 [91m[1mPT0002000110090564GD[0m  [2m[Cluster 1][0m
2026-07-28 17:01:11 [INFO]      consumiu MAIS que o habitual às 12h
2026-07-28 17:01:11 [INFO]      [2mReal:[0m 11.0 kWh   [2mHabitual:[0m 4.5 ± 0.7 kWh   [2mz:[0m +9.19   [2mdesvio:[0m +144%   [2m(2 obs. dia_util)[0m
2026-07-28 17:01:11 [INFO] 
2026-07-28 17:01:11 [INFO]   🔴 [91m[1mPT0002000116530964LH[0m  [2m[Cluster 0 (atribuido)][0m
2026-07-28 17:01:11 [INFO]      consumiu MAIS que o habitual às 09h
2026-07-28 17:01:11 [INFO]      [2mReal:[0m 147.0 kWh   [2mHabitual:[0m 77.0 ± 7.7 kWh   [2mz:[0m +9.09   [2mdesvio:[0m +91%   [2m(2 obs. dia_util)[0m
2026-07-28 17:01:11 [INFO] 
2026-07-28 17:01:11 [INFO]   🔴 [91m[1mPT0002000068855003AK[0m  [2m[Cluster 0 (atribuido)][0m
2026-07-28 17:01:11 [INFO]      consumiu MAIS que o habitual às 23h
2026-07-28 17:01:11 [INFO]      [2mReal:[0m 12.0 kWh   [2mHabitual:[0m 6.3 ± 0.6 kWh   [2mz:[0m +8.95   [2mdesvio:[0m +90%   [2m(3 obs. dia_util)[0m
2026-07-28 17:01:11 [INFO] 
2026-07-28 17:01:11 [INFO]   🔴 [91m[1mPT0002000115673471CB[0m  [2m[Cluster 0][0m
2026-07-28 17:01:11 [INFO]      consumiu MAIS que o habitual às 14h
2026-07-28 17:01:11 [INFO]      [2mReal:[0m 18.0 kWh   [2mHabitual:[0m 9.5 ± 0.9 kWh   [2mz:[0m +8.95   [2mdesvio:[0m +89%   [2m(2 obs. dia_util)[0m
2026-07-28 17:01:11 [INFO] 
2026-07-28 17:01:11 [INFO]   🔴 [91m[1mPT0002000068855003AK[0m  [2m[Cluster 0 (atribuido)][0m
2026-07-28 17:01:11 [INFO]      consumiu MAIS que o habitual às 19h
2026-07-28 17:01:11 [INFO]      [2mReal:[0m 74.0 kWh   [2mHabitual:[0m 17.5 ± 6.4 kWh   [2mz:[0m +8.88   [2mdesvio:[0m +323%   [2m(2 obs. dia_util)[0m
2026-07-28 17:01:11 [INFO] 
2026-07-28 17:01:11 [INFO]   🔴 [91m[1mPT0002000068859382XF[0m  [2m[Cluster 0][0m
2026-07-28 17:01:11 [INFO]      consumiu MAIS que o habitual às 10h
2026-07-28 17:01:11 [INFO]      [2mReal:[0m 65.0 kWh   [2mHabitual:[0m 35.0 ± 3.5 kWh   [2mz:[0m +8.57   [2mdesvio:[0m +86%   [2m(2 obs. dia_util)[0m
2026-07-28 17:01:11 [INFO] 
2026-07-28 17:01:11 [INFO]   🔴 [91m[1mPT0002000115700602GW[0m  [2m[Cluster 0][0m
2026-07-28 17:01:11 [INFO]      consumiu MAIS que o habitual às 15h
2026-07-28 17:01:11 [INFO]      [2mReal:[0m 13.0 kWh   [2mHabitual:[0m 7.0 ± 0.7 kWh   [2mz:[0m +8.57   [2mdesvio:[0m +86%   [2m(2 obs. dia_util)[0m
2026-07-28 17:01:11 [INFO] 
2026-07-28 17:01:11 [INFO]   🔴 [91m[1mPT0002000033074862LZ[0m  [2m[Cluster 0][0m
2026-07-28 17:01:11 [INFO]      consumiu MAIS que o habitual às 17h
2026-07-28 17:01:11 [INFO]      [2mReal:[0m 25.0 kWh   [2mHabitual:[0m 13.5 ± 1.4 kWh   [2mz:[0m +8.52   [2mdesvio:[0m +85%   [2m(2 obs. dia_util)[0m
2026-07-28 17:01:11 [INFO] 
2026-07-28 17:01:11 [INFO]   🔴 [91m[1mPT0002000068859325FL[0m  [2m[Cluster 1][0m
2026-07-28 17:01:11 [INFO]      consumiu MAIS que o habitual às 20h
2026-07-28 17:01:11 [INFO]      [2mReal:[0m 104.0 kWh   [2mHabitual:[0m 56.0 ± 5.7 kWh   [2mz:[0m +8.49   [2mdesvio:[0m +86%   [2m(2 obs. dia_util)[0m
2026-07-28 17:01:11 [INFO] 
2026-07-28 17:01:11 [INFO]   🔴 [91m[1mPT0002000111572054VT[0m  [2m[Cluster 0 (atribuido)][0m
2026-07-28 17:01:11 [INFO]      consumiu MAIS que o habitual às 09h
2026-07-28 17:01:11 [INFO]      [2mReal:[0m 13.0 kWh   [2mHabitual:[0m 1.0 ± 1.4 kWh   [2mz:[0m +8.49   [2mdesvio:[0m +1200%   [2m(2 obs. dia_util)[0m
2026-07-28 17:01:11 [INFO] 
2026-07-28 17:01:11 [INFO]   🔴 [91m[1mPT0002000123648159KR[0m  [2m[Cluster 0][0m
2026-07-28 17:01:11 [INFO]      consumiu MAIS que o habitual às 13h
2026-07-28 17:01:11 [INFO]      [2mReal:[0m 15.0 kWh   [2mHabitual:[0m 3.0 ± 1.4 kWh   [2mz:[0m +8.49   [2mdesvio:[0m +400%   [2m(2 obs. dia_util)[0m
2026-07-28 17:01:11 [INFO] 
2026-07-28 17:01:11 [INFO]   🔴 [91m[1mPT0002000068859187RL[0m  [2m[Cluster 0][0m
2026-07-28 17:01:11 [INFO]      consumiu MAIS que o habitual às 18h
2026-07-28 17:01:11 [INFO]      [2mReal:[0m 24.0 kWh   [2mHabitual:[0m 13.0 ± 1.3 kWh   [2mz:[0m +8.46   [2mdesvio:[0m +85%   [2m(2 obs. dia_util)[0m
2026-07-28 17:01:11 [INFO] 
2026-07-28 17:01:11 [INFO]   🔴 [91m[1mPT0002000073231742VK[0m  [2m[Cluster 0][0m
2026-07-28 17:01:11 [INFO]      consumiu MAIS que o habitual às 14h
2026-07-28 17:01:11 [INFO]      [2mReal:[0m 22.0 kWh   [2mHabitual:[0m 12.0 ± 1.2 kWh   [2mz:[0m +8.33   [2mdesvio:[0m +83%   [2m(2 obs. dia_util)[0m
2026-07-28 17:01:11 [INFO] 
2026-07-28 17:01:11 [INFO]   🔴 [91m[1mPT0002000073231742VK[0m  [2m[Cluster 0][0m
2026-07-28 17:01:11 [INFO]      consumiu MAIS que o habitual às 17h
2026-07-28 17:01:11 [INFO]      [2mReal:[0m 22.0 kWh   [2mHabitual:[0m 12.0 ± 1.2 kWh   [2mz:[0m +8.33   [2mdesvio:[0m +83%   [2m(2 obs. dia_util)[0m
2026-07-28 17:01:11 [INFO] 
2026-07-28 17:01:11 [INFO]   🔴 [91m[1mPT0002000115031201VQ[0m  [2m[Cluster 0][0m
2026-07-28 17:01:11 [INFO]      consumiu MAIS que o habitual às 08h
2026-07-28 17:01:11 [INFO]      [2mReal:[0m 11.0 kWh   [2mHabitual:[0m 6.0 ± 0.6 kWh   [2mz:[0m +8.33   [2mdesvio:[0m +83%   [2m(2 obs. dia_util)[0m
2026-07-28 17:01:11 [INFO] 
2026-07-28 17:01:11 [INFO]   🔴 [91m[1mPT0002000120237616VJ[0m  [2m[Cluster 0][0m
2026-07-28 17:01:11 [INFO]      consumiu MAIS que o habitual às 20h
2026-07-28 17:01:11 [INFO]      [2mReal:[0m 19.0 kWh   [2mHabitual:[0m 10.5 ± 1.1 kWh   [2mz:[0m +8.10   [2mdesvio:[0m +81%   [2m(2 obs. dia_util)[0m
2026-07-28 17:01:11 [INFO] 
2026-07-28 17:01:11 [INFO]   🔴 [91m[1mPT0002000110090564GD[0m  [2m[Cluster 1][0m
2026-07-28 17:01:11 [INFO]      consumiu MAIS que o habitual às 13h
2026-07-28 17:01:11 [INFO]      [2mReal:[0m 9.0 kWh   [2mHabitual:[0m 5.0 ± 0.5 kWh   [2mz:[0m +8.00   [2mdesvio:[0m +80%   [2m(2 obs. dia_util)[0m
2026-07-28 17:01:11 [INFO] 
2026-07-28 17:01:11 [INFO]   🔴 [91m[1mPT0002000101964938LF[0m  [2m[Cluster 0][0m
2026-07-28 17:01:11 [INFO]      consumiu MAIS que o habitual às 08h
2026-07-28 17:01:11 [INFO]      [2mReal:[0m 52.0 kWh   [2mHabitual:[0m 12.5 ± 5.0 kWh   [2mz:[0m +7.98   [2mdesvio:[0m +316%   [2m(2 obs. dia_util)[0m
2026-07-28 17:01:11 [INFO] 
2026-07-28 17:01:11 [INFO]   🔴 [91m[1mPT0002000115673471CB[0m  [2m[Cluster 0][0m
2026-07-28 17:01:11 [INFO]      consumiu MAIS que o habitual às 06h
2026-07-28 17:01:11 [INFO]      [2mReal:[0m 17.0 kWh   [2mHabitual:[0m 9.5 ± 0.9 kWh   [2mz:[0m +7.89   [2mdesvio:[0m +79%   [2m(2 obs. dia_util)[0m
2026-07-28 17:01:11 [INFO] 
2026-07-28 17:01:11 [INFO]   🔴 [91m[1mPT0002000077394934QY[0m  [2m[Cluster 0][0m
2026-07-28 17:01:11 [INFO]      consumiu MAIS que o habitual às 09h
2026-07-28 17:01:11 [INFO]      [2mReal:[0m 124.0 kWh   [2mHabitual:[0m 69.5 ± 7.0 kWh   [2mz:[0m +7.84   [2mdesvio:[0m +78%   [2m(2 obs. dia_util)[0m
2026-07-28 17:01:11 [INFO] 
2026-07-28 17:01:11 [INFO]   🔴 [91m[1mPT0002000068855003AK[0m  [2m[Cluster 0 (atribuido)][0m
2026-07-28 17:01:11 [INFO]      consumiu MAIS que o habitual às 08h
2026-07-28 17:01:11 [INFO]      [2mReal:[0m 18.0 kWh   [2mHabitual:[0m 7.0 ± 1.4 kWh   [2mz:[0m +7.78   [2mdesvio:[0m +157%   [2m(2 obs. dia_util)[0m
2026-07-28 17:01:11 [INFO] 
2026-07-28 17:01:11 [INFO]   🔴 [91m[1mPT0002000068856655YV[0m  [2m[Cluster 0][0m
2026-07-28 17:01:11 [INFO]      consumiu MAIS que o habitual às 12h
2026-07-28 17:01:11 [INFO]      [2mReal:[0m 8.0 kWh   [2mHabitual:[0m 2.5 ± 0.7 kWh   [2mz:[0m +7.78   [2mdesvio:[0m +220%   [2m(2 obs. dia_util)[0m
2026-07-28 17:01:11 [INFO] 
2026-07-28 17:01:11 [INFO]   🔴 [91m[1mPT0002000075637532JB[0m  [2m[Cluster 0][0m
2026-07-28 17:01:11 [INFO]      consumiu MAIS que o habitual às 14h
2026-07-28 17:01:11 [INFO]      [2mReal:[0m 10.0 kWh   [2mHabitual:[0m 4.5 ± 0.7 kWh   [2mz:[0m +7.78   [2mdesvio:[0m +122%   [2m(2 obs. dia_util)[0m
2026-07-28 17:01:11 [INFO] 
2026-07-28 17:01:11 [INFO]   🔴 [91m[1mPT0002000078207354XC[0m  [2m[Cluster 1][0m
2026-07-28 17:01:11 [INFO]      consumiu MAIS que o habitual às 10h
2026-07-28 17:01:11 [INFO]      [2mReal:[0m 8.0 kWh   [2mHabitual:[0m 2.5 ± 0.7 kWh   [2mz:[0m +7.78   [2mdesvio:[0m +220%   [2m(2 obs. dia_util)[0m
2026-07-28 17:01:11 [INFO] 
2026-07-28 17:01:11 [INFO]   🔴 [91m[1mPT0002000115673471CB[0m  [2m[Cluster 0][0m
2026-07-28 17:01:11 [INFO]      consumiu MAIS que o habitual às 10h
2026-07-28 17:01:11 [INFO]      [2mReal:[0m 34.0 kWh   [2mHabitual:[0m 12.0 ± 2.8 kWh   [2mz:[0m +7.78   [2mdesvio:[0m +183%   [2m(2 obs. dia_util)[0m
2026-07-28 17:01:11 [INFO] 
2026-07-28 17:01:11 [INFO]   🔴 [91m[1mPT0002000125379984SH[0m  [2m[Cluster 1][0m
2026-07-28 17:01:11 [INFO]      consumiu MAIS que o habitual às 11h
2026-07-28 17:01:11 [INFO]      [2mReal:[0m 11.0 kWh   [2mHabitual:[0m 5.5 ± 0.7 kWh   [2mz:[0m +7.78   [2mdesvio:[0m +100%   [2m(2 obs. dia_util)[0m
2026-07-28 17:01:11 [INFO] 
2026-07-28 17:01:11 [INFO]   🔴 [91m[1mPT0002000077348081AG[0m  [2m[Cluster 0 (atribuido)][0m
2026-07-28 17:01:11 [INFO]      consumiu MAIS que o habitual às 07h
2026-07-28 17:01:11 [INFO]      [2mReal:[0m 30.0 kWh   [2mHabitual:[0m 17.0 ± 1.7 kWh   [2mz:[0m +7.65   [2mdesvio:[0m +76%   [2m(2 obs. dia_util)[0m
2026-07-28 17:01:11 [INFO] 
2026-07-28 17:01:11 [INFO]   🔴 [91m[1mPT0002000073231742VK[0m  [2m[Cluster 0][0m
2026-07-28 17:01:11 [INFO]      consumiu MAIS que o habitual às 15h
2026-07-28 17:01:11 [INFO]      [2mReal:[0m 21.0 kWh   [2mHabitual:[0m 12.0 ± 1.2 kWh   [2mz:[0m +7.50   [2mdesvio:[0m +75%   [2m(2 obs. dia_util)[0m
2026-07-28 17:01:11 [INFO] 
2026-07-28 17:01:11 [INFO]   🔴 [91m[1mPT0002000112989585PH[0m  [2m[Cluster 0][0m
2026-07-28 17:01:11 [INFO]      consumiu MAIS que o habitual às 17h
2026-07-28 17:01:11 [INFO]      [2mReal:[0m 98.0 kWh   [2mHabitual:[0m 56.0 ± 5.6 kWh   [2mz:[0m +7.50   [2mdesvio:[0m +75%   [2m(2 obs. dia_util)[0m
2026-07-28 17:01:11 [INFO] 
2026-07-28 17:01:11 [INFO]   🔴 [91m[1mPT0002000068859382XF[0m  [2m[Cluster 0][0m
2026-07-28 17:01:11 [INFO]      consumiu MAIS que o habitual às 09h
2026-07-28 17:01:11 [INFO]      [2mReal:[0m 62.0 kWh   [2mHabitual:[0m 35.5 ± 3.5 kWh   [2mz:[0m +7.46   [2mdesvio:[0m +75%   [2m(2 obs. dia_util)[0m
2026-07-28 17:01:11 [INFO] 
2026-07-28 17:01:11 [INFO]   🔴 [91m[1mPT0002000110814293YC[0m  [2m[Cluster 0 (atribuido)][0m
2026-07-28 17:01:11 [INFO]      consumiu MAIS que o habitual às 19h
2026-07-28 17:01:11 [INFO]      [2mReal:[0m 77.0 kWh   [2mHabitual:[0m 44.5 ± 4.5 kWh   [2mz:[0m +7.30   [2mdesvio:[0m +73%   [2m(2 obs. dia_util)[0m
2026-07-28 17:01:11 [INFO] 
2026-07-28 17:01:11 [INFO]   🔴 [91m[1mPT0002000120237616VJ[0m  [2m[Cluster 0][0m
2026-07-28 17:01:11 [INFO]      consumiu MAIS que o habitual às 06h
2026-07-28 17:01:11 [INFO]      [2mReal:[0m 19.0 kWh   [2mHabitual:[0m 11.0 ± 1.1 kWh   [2mz:[0m +7.27   [2mdesvio:[0m +73%   [2m(2 obs. dia_util)[0m
2026-07-28 17:01:11 [INFO] 
2026-07-28 17:01:11 [INFO]   🔴 [91m[1mPT0002000114685657JR[0m  [2m[Cluster 0][0m
2026-07-28 17:01:11 [INFO]      consumiu MAIS que o habitual às 16h
2026-07-28 17:01:11 [INFO]      [2mReal:[0m 266.0 kWh   [2mHabitual:[0m 155.5 ± 15.6 kWh   [2mz:[0m +7.11   [2mdesvio:[0m +71%   [2m(2 obs. dia_util)[0m
2026-07-28 17:01:11 [INFO] 
2026-07-28 17:01:11 [INFO]   🔴 [91m[1mPT0002000201038711LS[0m  [2m[Cluster 1 (atribuido)][0m
2026-07-28 17:01:11 [INFO]      consumiu MAIS que o habitual às 19h
2026-07-28 17:01:11 [INFO]      [2mReal:[0m 64.0 kWh   [2mHabitual:[0m 24.0 ± 5.7 kWh   [2mz:[0m +7.07   [2mdesvio:[0m +167%   [2m(2 obs. dia_util)[0m
2026-07-28 17:01:11 [INFO] 
2026-07-28 17:01:11 [INFO]   🔴 [91m[1mPT0002000114613364CC[0m  [2m[Cluster 0 (atribuido)][0m
2026-07-28 17:01:11 [INFO]      consumiu MAIS que o habitual às 18h
2026-07-28 17:01:11 [INFO]      [2mReal:[0m 202.0 kWh   [2mHabitual:[0m 118.5 ± 11.8 kWh   [2mz:[0m +7.05   [2mdesvio:[0m +70%   [2m(2 obs. dia_util)[0m
2026-07-28 17:01:11 [INFO] 
2026-07-28 17:01:11 [INFO]   🔴 [91m[1mPT0002000068859393XH[0m  [2m[Cluster 1][0m
2026-07-28 17:01:11 [INFO]      consumiu MAIS que o habitual às 23h
2026-07-28 17:01:11 [INFO]      [2mReal:[0m 83.0 kWh   [2mHabitual:[0m 28.0 ± 7.8 kWh   [2mz:[0m +7.04   [2mdesvio:[0m +196%   [2m(3 obs. dia_util)[0m
2026-07-28 17:01:11 [INFO] 
2026-07-28 17:01:11 [INFO]   🔴 [91m[1mPT0002000068855003AK[0m  [2m[Cluster 0 (atribuido)][0m
2026-07-28 17:01:11 [INFO]      consumiu MAIS que o habitual às 22h
2026-07-28 17:01:11 [INFO]      [2mReal:[0m 14.0 kWh   [2mHabitual:[0m 7.0 ± 1.0 kWh   [2mz:[0m +7.00   [2mdesvio:[0m +100%   [2m(3 obs. dia_util)[0m
2026-07-28 17:01:11 [INFO] 
2026-07-28 17:01:11 [INFO]   🔴 [91m[1mPT0002000116530964LH[0m  [2m[Cluster 0 (atribuido)][0m
2026-07-28 17:01:11 [INFO]      consumiu MAIS que o habitual às 19h
2026-07-28 17:01:11 [INFO]      [2mReal:[0m 124.0 kWh   [2mHabitual:[0m 73.0 ± 7.3 kWh   [2mz:[0m +6.99   [2mdesvio:[0m +70%   [2m(2 obs. dia_util)[0m
2026-07-28 17:01:11 [INFO] 
2026-07-28 17:01:11 [INFO]   🔴 [91m[1mPT0002000115673471CB[0m  [2m[Cluster 0][0m
2026-07-28 17:01:11 [INFO]      consumiu MAIS que o habitual às 01h
2026-07-28 17:01:11 [INFO]      [2mReal:[0m 16.0 kWh   [2mHabitual:[0m 9.5 ± 0.9 kWh   [2mz:[0m +6.84   [2mdesvio:[0m +68%   [2m(2 obs. dia_util)[0m
2026-07-28 17:01:11 [INFO] 
2026-07-28 17:01:11 [INFO]   🔴 [91m[1mPT0002000078441876HB[0m  [2m[Cluster 0][0m
2026-07-28 17:01:11 [INFO]      consumiu MAIS que o habitual às 14h
2026-07-28 17:01:11 [INFO]      [2mReal:[0m 1753.0 kWh   [2mHabitual:[0m 1050.5 ± 105.0 kWh   [2mz:[0m +6.69   [2mdesvio:[0m +67%   [2m(2 obs. dia_util)[0m
2026-07-28 17:01:11 [INFO] 
2026-07-28 17:01:11 [INFO]   🔴 [91m[1mPT0002000068857099AR[0m  [2m[Cluster 1][0m
2026-07-28 17:01:11 [INFO]      consumiu MAIS que o habitual às 21h
2026-07-28 17:01:11 [INFO]      [2mReal:[0m 5.0 kWh   [2mHabitual:[0m 3.0 ± 0.3 kWh   [2mz:[0m +6.67   [2mdesvio:[0m +67%   [2m(3 obs. dia_util)[0m
2026-07-28 17:01:11 [INFO] 
2026-07-28 17:01:11 [INFO]   🔴 [91m[1mPT0002000068857909SY[0m  [2m[Cluster 1][0m
2026-07-28 17:01:11 [INFO]      consumiu MAIS que o habitual às 20h
2026-07-28 17:01:11 [INFO]      [2mReal:[0m 10.0 kWh   [2mHabitual:[0m 6.0 ± 0.6 kWh   [2mz:[0m +6.67   [2mdesvio:[0m +67%   [2m(2 obs. dia_util)[0m
2026-07-28 17:01:11 [INFO] 
2026-07-28 17:01:11 [INFO]   🔴 [91m[1mPT0002000073231742VK[0m  [2m[Cluster 0][0m
2026-07-28 17:01:11 [INFO]      consumiu MAIS que o habitual às 07h
2026-07-28 17:01:11 [INFO]      [2mReal:[0m 20.0 kWh   [2mHabitual:[0m 12.0 ± 1.2 kWh   [2mz:[0m +6.67   [2mdesvio:[0m +67%   [2m(2 obs. dia_util)[0m
2026-07-28 17:01:11 [INFO] 
2026-07-28 17:01:11 [INFO]   🔴 [91m[1mPT0002000073231742VK[0m  [2m[Cluster 0][0m
2026-07-28 17:01:11 [INFO]      consumiu MAIS que o habitual às 16h
2026-07-28 17:01:11 [INFO]      [2mReal:[0m 20.0 kWh   [2mHabitual:[0m 12.0 ± 1.2 kWh   [2mz:[0m +6.67   [2mdesvio:[0m +67%   [2m(2 obs. dia_util)[0m
2026-07-28 17:01:11 [INFO] 
2026-07-28 17:01:11 [INFO]   🔴 [91m[1mPT0002000078140706BA[0m  [2m[Cluster 1 (atribuido)][0m
2026-07-28 17:01:11 [INFO]      consumiu MAIS que o habitual às 12h
2026-07-28 17:01:11 [INFO]      [2mReal:[0m 2.0 kWh   [2mHabitual:[0m 0.0 ± 0.3 kWh   [2mz:[0m +6.67   [2mdesvio:[0m +200000%   [2m(2 obs. dia_util)[0m
2026-07-28 17:01:11 [INFO] 
2026-07-28 17:01:11 [INFO]   🔴 [91m[1mPT0002000081344542CP[0m  [2m[Cluster 1][0m
2026-07-28 17:01:11 [INFO]      consumiu MAIS que o habitual às 07h
2026-07-28 17:01:11 [INFO]      [2mReal:[0m 4.0 kWh   [2mHabitual:[0m 2.0 ± 0.3 kWh   [2mz:[0m +6.67   [2mdesvio:[0m +100%   [2m(2 obs. dia_util)[0m
2026-07-28 17:01:11 [INFO] 
2026-07-28 17:01:11 [INFO]   🔴 [91m[1mPT0002000115031201VQ[0m  [2m[Cluster 0][0m
2026-07-28 17:01:11 [INFO]      consumiu MAIS que o habitual às 19h
2026-07-28 17:01:11 [INFO]      [2mReal:[0m 10.0 kWh   [2mHabitual:[0m 6.0 ± 0.6 kWh   [2mz:[0m +6.67   [2mdesvio:[0m +67%   [2m(2 obs. dia_util)[0m
2026-07-28 17:01:11 [INFO] 
2026-07-28 17:01:11 [INFO]   🔴 [91m[1mPT0002000201038711LS[0m  [2m[Cluster 1 (atribuido)][0m
2026-07-28 17:01:11 [INFO]      consumiu MAIS que o habitual às 08h
2026-07-28 17:01:11 [INFO]      [2mReal:[0m 3.0 kWh   [2mHabitual:[0m 1.0 ± 0.3 kWh   [2mz:[0m +6.67   [2mdesvio:[0m +200%   [2m(2 obs. dia_util)[0m
2026-07-28 17:01:11 [INFO] 
2026-07-28 17:01:11 [INFO]   🔴 [91m[1mPT0002000068859382XF[0m  [2m[Cluster 0][0m
2026-07-28 17:01:11 [INFO]      consumiu MAIS que o habitual às 16h
2026-07-28 17:01:11 [INFO]      [2mReal:[0m 59.0 kWh   [2mHabitual:[0m 35.5 ± 3.5 kWh   [2mz:[0m +6.62   [2mdesvio:[0m +66%   [2m(2 obs. dia_util)[0m
2026-07-28 17:01:11 [INFO] 
2026-07-28 17:01:11 [INFO]   🔴 [91m[1mPT0002000068855003AK[0m  [2m[Cluster 0 (atribuido)][0m
2026-07-28 17:01:11 [INFO]      consumiu MAIS que o habitual às 07h
2026-07-28 17:01:11 [INFO]      [2mReal:[0m 11.0 kWh   [2mHabitual:[0m 6.5 ± 0.7 kWh   [2mz:[0m +6.36   [2mdesvio:[0m +69%   [2m(2 obs. dia_util)[0m
2026-07-28 17:01:11 [INFO] 
2026-07-28 17:01:11 [INFO]   🔴 [91m[1mPT0002000068859325FL[0m  [2m[Cluster 1][0m
2026-07-28 17:01:11 [INFO]      consumiu MAIS que o habitual às 08h
2026-07-28 17:01:11 [INFO]      [2mReal:[0m 80.0 kWh   [2mHabitual:[0m 44.0 ± 5.7 kWh   [2mz:[0m +6.36   [2mdesvio:[0m +82%   [2m(2 obs. dia_util)[0m
2026-07-28 17:01:11 [INFO] 
2026-07-28 17:01:11 [INFO]   🔴 [91m[1mPT0002000077394934QY[0m  [2m[Cluster 0][0m
2026-07-28 17:01:11 [INFO]      consumiu MAIS que o habitual às 10h
2026-07-28 17:01:11 [INFO]      [2mReal:[0m 149.0 kWh   [2mHabitual:[0m 86.0 ± 9.9 kWh   [2mz:[0m +6.36   [2mdesvio:[0m +73%   [2m(2 obs. dia_util)[0m
2026-07-28 17:01:11 [INFO] 
2026-07-28 17:01:11 [INFO]   🔴 [91m[1mPT0002000077394934QY[0m  [2m[Cluster 0][0m
2026-07-28 17:01:11 [INFO]      consumiu MAIS que o habitual às 15h
2026-07-28 17:01:11 [INFO]      [2mReal:[0m 151.0 kWh   [2mHabitual:[0m 70.0 ± 12.7 kWh   [2mz:[0m +6.36   [2mdesvio:[0m +116%   [2m(2 obs. dia_util)[0m
2026-07-28 17:01:11 [INFO] 
2026-07-28 17:01:11 [INFO]   🔴 [91m[1mPT0002000078294957RQ[0m  [2m[Cluster 0][0m
2026-07-28 17:01:11 [INFO]      consumiu MAIS que o habitual às 16h
2026-07-28 17:01:11 [INFO]      [2mReal:[0m 14.0 kWh   [2mHabitual:[0m 5.0 ± 1.4 kWh   [2mz:[0m +6.36   [2mdesvio:[0m +180%   [2m(2 obs. dia_util)[0m
2026-07-28 17:01:11 [INFO] 
2026-07-28 17:01:11 [INFO]   🔴 [91m[1mPT0002000107046231FW[0m  [2m[Cluster 0][0m
2026-07-28 17:01:11 [INFO]      consumiu MAIS que o habitual às 18h
2026-07-28 17:01:11 [INFO]      [2mReal:[0m 7.0 kWh   [2mHabitual:[0m 2.5 ± 0.7 kWh   [2mz:[0m +6.36   [2mdesvio:[0m +180%   [2m(2 obs. dia_util)[0m
2026-07-28 17:01:11 [INFO] 
2026-07-28 17:01:11 [INFO]   🔴 [91m[1mPT0002000110090564GD[0m  [2m[Cluster 1][0m
2026-07-28 17:01:11 [INFO]      consumiu MAIS que o habitual às 17h
2026-07-28 17:01:11 [INFO]      [2mReal:[0m 9.0 kWh   [2mHabitual:[0m 4.5 ± 0.7 kWh   [2mz:[0m +6.36   [2mdesvio:[0m +100%   [2m(2 obs. dia_util)[0m
2026-07-28 17:01:11 [INFO] 
2026-07-28 17:01:11 [INFO]   🔴 [91m[1mPT0002000114685657JR[0m  [2m[Cluster 0][0m
2026-07-28 17:01:11 [INFO]      consumiu MAIS que o habitual às 14h
2026-07-28 17:01:11 [INFO]      [2mReal:[0m 256.0 kWh   [2mHabitual:[0m 156.5 ± 15.7 kWh   [2mz:[0m +6.36   [2mdesvio:[0m +64%   [2m(2 obs. dia_util)[0m
2026-07-28 17:01:11 [INFO] 
2026-07-28 17:01:11 [INFO]   🔴 [91m[1mPT0002000115031201VQ[0m  [2m[Cluster 0][0m
2026-07-28 17:01:11 [INFO]      consumiu MAIS que o habitual às 18h
2026-07-28 17:01:11 [INFO]      [2mReal:[0m 11.0 kWh   [2mHabitual:[0m 6.5 ± 0.7 kWh   [2mz:[0m +6.36   [2mdesvio:[0m +69%   [2m(2 obs. dia_util)[0m
2026-07-28 17:01:11 [INFO] 
2026-07-28 17:01:11 [INFO]   🔴 [91m[1mPT0002000123648159KR[0m  [2m[Cluster 0][0m
2026-07-28 17:01:11 [INFO]      consumiu MAIS que o habitual às 17h
2026-07-28 17:01:11 [INFO]      [2mReal:[0m 7.0 kWh   [2mHabitual:[0m 2.5 ± 0.7 kWh   [2mz:[0m +6.36   [2mdesvio:[0m +180%   [2m(2 obs. dia_util)[0m
2026-07-28 17:01:11 [INFO] 
2026-07-28 17:01:11 [INFO]   🔴 [91m[1mPT0002000114685657JR[0m  [2m[Cluster 0][0m
2026-07-28 17:01:11 [INFO]      consumiu MAIS que o habitual às 10h
2026-07-28 17:01:11 [INFO]      [2mReal:[0m 254.0 kWh   [2mHabitual:[0m 157.0 ± 15.7 kWh   [2mz:[0m +6.18   [2mdesvio:[0m +62%   [2m(2 obs. dia_util)[0m
2026-07-28 17:01:11 [INFO] 
2026-07-28 17:01:11 [INFO]   🔴 [91m[1mPT0002000114685657JR[0m  [2m[Cluster 0][0m
2026-07-28 17:01:11 [INFO]      consumiu MAIS que o habitual às 13h
2026-07-28 17:01:11 [INFO]      [2mReal:[0m 254.0 kWh   [2mHabitual:[0m 157.0 ± 15.7 kWh   [2mz:[0m +6.18   [2mdesvio:[0m +62%   [2m(2 obs. dia_util)[0m
2026-07-28 17:01:11 [INFO] 
2026-07-28 17:01:11 [INFO]   🔴 [91m[1mPT0002000033074862LZ[0m  [2m[Cluster 0][0m
2026-07-28 17:01:11 [INFO]      consumiu MAIS que o habitual às 18h
2026-07-28 17:01:11 [INFO]      [2mReal:[0m 21.0 kWh   [2mHabitual:[0m 13.0 ± 1.3 kWh   [2mz:[0m +6.15   [2mdesvio:[0m +62%   [2m(2 obs. dia_util)[0m
2026-07-28 17:01:11 [INFO] 
2026-07-28 17:01:11 [INFO]   🔴 [91m[1mPT0002000114685657JR[0m  [2m[Cluster 0][0m
2026-07-28 17:01:11 [INFO]      consumiu MAIS que o habitual às 11h
2026-07-28 17:01:11 [INFO]      [2mReal:[0m 254.0 kWh   [2mHabitual:[0m 157.5 ± 15.8 kWh   [2mz:[0m +6.13   [2mdesvio:[0m +61%   [2m(2 obs. dia_util)[0m
2026-07-28 17:01:11 [INFO] 
2026-07-28 17:01:11 [INFO]   🔴 [91m[1mPT0002000114685657JR[0m  [2m[Cluster 0][0m
2026-07-28 17:01:11 [INFO]      consumiu MAIS que o habitual às 15h
2026-07-28 17:01:11 [INFO]      [2mReal:[0m 254.0 kWh   [2mHabitual:[0m 157.5 ± 15.8 kWh   [2mz:[0m +6.13   [2mdesvio:[0m +61%   [2m(2 obs. dia_util)[0m
2026-07-28 17:01:11 [INFO] 
2026-07-28 17:01:11 [INFO]   🔴 [91m[1mPT0002000073717386HC[0m  [2m[Cluster 1 (atribuido)][0m
2026-07-28 17:01:11 [INFO]      consumiu MAIS que o habitual às 17h
2026-07-28 17:01:11 [INFO]      [2mReal:[0m 52.0 kWh   [2mHabitual:[0m 30.5 ± 3.5 kWh   [2mz:[0m +6.08   [2mdesvio:[0m +70%   [2m(2 obs. dia_util)[0m
2026-07-28 17:01:11 [INFO] 
2026-07-28 17:01:11 [INFO]   🔴 [91m[1mPT0002000075637532JB[0m  [2m[Cluster 0][0m
2026-07-28 17:01:11 [INFO]      consumiu MAIS que o habitual às 07h
2026-07-28 17:01:11 [INFO]      [2mReal:[0m 8.0 kWh   [2mHabitual:[0m 5.0 ± 0.5 kWh   [2mz:[0m +6.00   [2mdesvio:[0m +60%   [2m(2 obs. dia_util)[0m
2026-07-28 17:01:11 [INFO] 
2026-07-28 17:01:11 [INFO]   🔴 [91m[1mPT0002000075637532JB[0m  [2m[Cluster 0][0m
2026-07-28 17:01:11 [INFO]      consumiu MAIS que o habitual às 18h
2026-07-28 17:01:11 [INFO]      [2mReal:[0m 8.0 kWh   [2mHabitual:[0m 5.0 ± 0.5 kWh   [2mz:[0m +6.00   [2mdesvio:[0m +60%   [2m(2 obs. dia_util)[0m
2026-07-28 17:01:11 [INFO] 
2026-07-28 17:01:11 [INFO]   🔴 [91m[1mPT0002000110090564GD[0m  [2m[Cluster 1][0m
2026-07-28 17:01:11 [INFO]      consumiu MAIS que o habitual às 15h
2026-07-28 17:01:11 [INFO]      [2mReal:[0m 8.0 kWh   [2mHabitual:[0m 5.0 ± 0.5 kWh   [2mz:[0m +6.00   [2mdesvio:[0m +60%   [2m(2 obs. dia_util)[0m
2026-07-28 17:01:11 [INFO] 
2026-07-28 17:01:11 [INFO]   🔴 [91m[1mPT0002000110090564GD[0m  [2m[Cluster 1][0m
2026-07-28 17:01:11 [INFO]      consumiu MAIS que o habitual às 16h
2026-07-28 17:01:11 [INFO]      [2mReal:[0m 8.0 kWh   [2mHabitual:[0m 5.0 ± 0.5 kWh   [2mz:[0m +6.00   [2mdesvio:[0m +60%   [2m(2 obs. dia_util)[0m
2026-07-28 17:01:11 [INFO] 
2026-07-28 17:01:11 [INFO]   🔴 [91m[1mPT0002000115700602GW[0m  [2m[Cluster 0][0m
2026-07-28 17:01:11 [INFO]      consumiu MAIS que o habitual às 07h
2026-07-28 17:01:11 [INFO]      [2mReal:[0m 12.0 kWh   [2mHabitual:[0m 7.5 ± 0.8 kWh   [2mz:[0m +6.00   [2mdesvio:[0m +60%   [2m(2 obs. dia_util)[0m
2026-07-28 17:01:11 [INFO] 
2026-07-28 17:01:11 [INFO]   🔴 [91m[1mPT0002000115700602GW[0m  [2m[Cluster 0][0m
2026-07-28 17:01:11 [INFO]      consumiu MAIS que o habitual às 16h
2026-07-28 17:01:11 [INFO]      [2mReal:[0m 12.0 kWh   [2mHabitual:[0m 7.5 ± 0.8 kWh   [2mz:[0m +6.00   [2mdesvio:[0m +60%   [2m(2 obs. dia_util)[0m
2026-07-28 17:01:11 [INFO] 
2026-07-28 17:01:11 [INFO]   🔴 [91m[1mPT0002000077394934QY[0m  [2m[Cluster 0][0m
2026-07-28 17:01:11 [INFO]      consumiu MAIS que o habitual às 19h
2026-07-28 17:01:11 [INFO]      [2mReal:[0m 87.0 kWh   [2mHabitual:[0m 54.5 ± 5.5 kWh   [2mz:[0m +5.96   [2mdesvio:[0m +60%   [2m(2 obs. dia_util)[0m
2026-07-28 17:01:11 [INFO] 
2026-07-28 17:01:11 [INFO]   🔴 [91m[1mPT0002000068858674WN[0m  [2m[Cluster 1 (atribuido)][0m
2026-07-28 17:01:11 [INFO]      consumiu MAIS que o habitual às 21h
2026-07-28 17:01:11 [INFO]      [2mReal:[0m 68.0 kWh   [2mHabitual:[0m 42.7 ± 4.3 kWh   [2mz:[0m +5.94   [2mdesvio:[0m +59%   [2m(3 obs. dia_util)[0m
2026-07-28 17:01:11 [INFO] 
2026-07-28 17:01:11 [INFO]   🔴 [91m[1mPT0002000116530964LH[0m  [2m[Cluster 0 (atribuido)][0m
2026-07-28 17:01:11 [INFO]      consumiu MAIS que o habitual às 20h
2026-07-28 17:01:11 [INFO]      [2mReal:[0m 119.0 kWh   [2mHabitual:[0m 75.0 ± 7.5 kWh   [2mz:[0m +5.87   [2mdesvio:[0m +59%   [2m(2 obs. dia_util)[0m
2026-07-28 17:01:11 [INFO] 
2026-07-28 17:01:11 [INFO]   🔴 [91m[1mPT0002000068859597LS[0m  [2m[Cluster 0][0m
2026-07-28 17:01:11 [INFO]      consumiu MAIS que o habitual às 12h
2026-07-28 17:01:11 [INFO]      [2mReal:[0m 69.0 kWh   [2mHabitual:[0m 43.5 ± 4.3 kWh   [2mz:[0m +5.86   [2mdesvio:[0m +59%   [2m(2 obs. dia_util)[0m
2026-07-28 17:01:11 [INFO] 
2026-07-28 17:01:11 [INFO]   🔴 [91m[1mPT0002000077394934QY[0m  [2m[Cluster 0][0m
2026-07-28 17:01:11 [INFO]      consumiu MAIS que o habitual às 11h
2026-07-28 17:01:11 [INFO]      [2mReal:[0m 156.0 kWh   [2mHabitual:[0m 85.5 ± 12.0 kWh   [2mz:[0m +5.86   [2mdesvio:[0m +82%   [2m(2 obs. dia_util)[0m
2026-07-28 17:01:11 [INFO] 
2026-07-28 17:01:11 [INFO]   🔴 [91m[1mPT0002000068859325FL[0m  [2m[Cluster 1][0m
2026-07-28 17:01:11 [INFO]      consumiu MAIS que o habitual às 22h
2026-07-28 17:01:11 [INFO]      [2mReal:[0m 76.0 kWh   [2mHabitual:[0m 48.0 ± 4.8 kWh   [2mz:[0m +5.83   [2mdesvio:[0m +58%   [2m(3 obs. dia_util)[0m
2026-07-28 17:01:11 [INFO] 
2026-07-28 17:01:11 [INFO]   🔴 [91m[1mPT0002000073231742VK[0m  [2m[Cluster 0][0m
2026-07-28 17:01:11 [INFO]      consumiu MAIS que o habitual às 18h
2026-07-28 17:01:11 [INFO]      [2mReal:[0m 19.0 kWh   [2mHabitual:[0m 12.0 ± 1.2 kWh   [2mz:[0m +5.83   [2mdesvio:[0m +58%   [2m(2 obs. dia_util)[0m
2026-07-28 17:01:11 [INFO] 
2026-07-28 17:01:11 [INFO]   🔴 [91m[1mPT0002000078441876HB[0m  [2m[Cluster 0][0m
2026-07-28 17:01:11 [INFO]      consumiu MAIS que o habitual às 16h
2026-07-28 17:01:11 [INFO]      [2mReal:[0m 1611.0 kWh   [2mHabitual:[0m 1017.5 ± 101.8 kWh   [2mz:[0m +5.83   [2mdesvio:[0m +58%   [2m(2 obs. dia_util)[0m
2026-07-28 17:01:11 [INFO] 
2026-07-28 17:01:11 [INFO]   🔴 [91m[1mPT0002000068857909SY[0m  [2m[Cluster 1][0m
2026-07-28 17:01:11 [INFO]      consumiu MAIS que o habitual às 23h
2026-07-28 17:01:11 [INFO]      [2mReal:[0m 10.0 kWh   [2mHabitual:[0m 6.3 ± 0.6 kWh   [2mz:[0m +5.79   [2mdesvio:[0m +58%   [2m(3 obs. dia_util)[0m
2026-07-28 17:01:11 [INFO] 
2026-07-28 17:01:11 [INFO]   🔴 [91m[1mPT0002000115673471CB[0m  [2m[Cluster 0][0m
2026-07-28 17:01:11 [INFO]      consumiu MAIS que o habitual às 02h
2026-07-28 17:01:11 [INFO]      [2mReal:[0m 15.0 kWh   [2mHabitual:[0m 9.5 ± 0.9 kWh   [2mz:[0m +5.79   [2mdesvio:[0m +58%   [2m(2 obs. dia_util)[0m
2026-07-28 17:01:11 [INFO] 
2026-07-28 17:01:11 [INFO]   🔴 [91m[1mPT0002000114685657JR[0m  [2m[Cluster 0][0m
2026-07-28 17:01:11 [INFO]      consumiu MAIS que o habitual às 12h
2026-07-28 17:01:11 [INFO]      [2mReal:[0m 247.0 kWh   [2mHabitual:[0m 156.5 ± 15.7 kWh   [2mz:[0m +5.78   [2mdesvio:[0m +58%   [2m(2 obs. dia_util)[0m
2026-07-28 17:01:11 [INFO] 
2026-07-28 17:01:11 [INFO]   🔴 [91m[1mPT0002000110814293YC[0m  [2m[Cluster 0 (atribuido)][0m
2026-07-28 17:01:11 [INFO]      consumiu MAIS que o habitual às 12h
2026-07-28 17:01:11 [INFO]      [2mReal:[0m 82.0 kWh   [2mHabitual:[0m 52.0 ± 5.2 kWh   [2mz:[0m +5.77   [2mdesvio:[0m +58%   [2m(2 obs. dia_util)[0m
2026-07-28 17:01:11 [INFO] 
2026-07-28 17:01:11 [INFO]   🔴 [91m[1mPT0002000068856267NC[0m  [2m[Cluster 0 (atribuido)][0m
2026-07-28 17:01:11 [INFO]      consumiu MAIS que o habitual às 16h
2026-07-28 17:01:11 [INFO]      [2mReal:[0m 26.0 kWh   [2mHabitual:[0m 16.5 ± 1.6 kWh   [2mz:[0m +5.76   [2mdesvio:[0m +58%   [2m(2 obs. dia_util)[0m
2026-07-28 17:01:11 [INFO] 
2026-07-28 17:01:11 [INFO]   🔴 [91m[1mPT0002000081997398TD[0m  [2m[Cluster 0][0m
2026-07-28 17:01:11 [INFO]      consumiu MAIS que o habitual às 09h
2026-07-28 17:01:11 [INFO]      [2mReal:[0m 305.0 kWh   [2mHabitual:[0m 193.5 ± 19.4 kWh   [2mz:[0m +5.76   [2mdesvio:[0m +58%   [2m(2 obs. dia_util)[0m
2026-07-28 17:01:11 [INFO] 
2026-07-28 17:01:11 [INFO]   🔴 [91m[1mPT0002000110814293YC[0m  [2m[Cluster 0 (atribuido)][0m
2026-07-28 17:01:11 [INFO]      consumiu MAIS que o habitual às 11h
2026-07-28 17:01:11 [INFO]      [2mReal:[0m 77.0 kWh   [2mHabitual:[0m 49.0 ± 4.9 kWh   [2mz:[0m +5.71   [2mdesvio:[0m +57%   [2m(2 obs. dia_util)[0m
2026-07-28 17:01:11 [INFO] 
2026-07-28 17:01:11 [INFO]   🔴 [91m[1mPT0002000068855003AK[0m  [2m[Cluster 0 (atribuido)][0m
2026-07-28 17:01:11 [INFO]      consumiu MAIS que o habitual às 09h
2026-07-28 17:01:11 [INFO]      [2mReal:[0m 24.0 kWh   [2mHabitual:[0m 8.0 ± 2.8 kWh   [2mz:[0m +5.66   [2mdesvio:[0m +200%   [2m(2 obs. dia_util)[0m
2026-07-28 17:01:11 [INFO] 
2026-07-28 17:01:11 [INFO]   🔴 [91m[1mPT0002000068858231YY[0m  [2m[Cluster 0 (atribuido)][0m
2026-07-28 17:01:11 [INFO]      consumiu MAIS que o habitual às 17h
2026-07-28 17:01:11 [INFO]      [2mReal:[0m 25.0 kWh   [2mHabitual:[0m 16.0 ± 1.6 kWh   [2mz:[0m +5.62   [2mdesvio:[0m +56%   [2m(2 obs. dia_util)[0m
2026-07-28 17:01:11 [INFO] 
2026-07-28 17:01:11 [INFO]   🔴 [91m[1mPT0002000073717386HC[0m  [2m[Cluster 1 (atribuido)][0m
2026-07-28 17:01:11 [INFO]      consumiu MAIS que o habitual às 16h
2026-07-28 17:01:11 [INFO]      [2mReal:[0m 38.0 kWh   [2mHabitual:[0m 24.5 ± 2.5 kWh   [2mz:[0m +5.51   [2mdesvio:[0m +55%   [2m(2 obs. dia_util)[0m
2026-07-28 17:01:11 [INFO] 
2026-07-28 17:01:11 [INFO]   🔴 [91m[1mPT0002000114685657JR[0m  [2m[Cluster 0][0m
2026-07-28 17:01:11 [INFO]      consumiu MAIS que o habitual às 09h
2026-07-28 17:01:11 [INFO]      [2mReal:[0m 244.0 kWh   [2mHabitual:[0m 157.5 ± 15.8 kWh   [2mz:[0m +5.49   [2mdesvio:[0m +55%   [2m(2 obs. dia_util)[0m
2026-07-28 17:01:11 [INFO] 
2026-07-28 17:01:11 [INFO]   🔴 [91m[1mPT0002000120237616VJ[0m  [2m[Cluster 0][0m
2026-07-28 17:01:11 [INFO]      consumiu MAIS que o habitual às 21h
2026-07-28 17:01:11 [INFO]      [2mReal:[0m 18.0 kWh   [2mHabitual:[0m 11.7 ± 1.2 kWh   [2mz:[0m +5.43   [2mdesvio:[0m +54%   [2m(3 obs. dia_util)[0m
2026-07-28 17:01:11 [INFO] 
2026-07-28 17:01:11 [INFO]   🔴 [91m[1mPT0002000120237616VJ[0m  [2m[Cluster 0][0m
2026-07-28 17:01:11 [INFO]      consumiu MAIS que o habitual às 22h
2026-07-28 17:01:11 [INFO]      [2mReal:[0m 18.0 kWh   [2mHabitual:[0m 11.7 ± 1.2 kWh   [2mz:[0m +5.43   [2mdesvio:[0m +54%   [2m(3 obs. dia_util)[0m
2026-07-28 17:01:11 [INFO] 
2026-07-28 17:01:11 [INFO]   🔴 [91m[1mPT0002000068856826ZG[0m  [2m[Cluster 0 (atribuido)][0m
2026-07-28 17:01:11 [INFO]      consumiu MAIS que o habitual às 22h
2026-07-28 17:01:11 [INFO]      [2mReal:[0m 156.0 kWh   [2mHabitual:[0m 101.7 ± 10.2 kWh   [2mz:[0m +5.34   [2mdesvio:[0m +53%   [2m(3 obs. dia_util)[0m
2026-07-28 17:01:11 [INFO] 
2026-07-28 17:01:11 [INFO]   🔴 [91m[1mPT0002000068856906VS[0m  [2m[Cluster 0][0m
2026-07-28 17:01:11 [INFO]      consumiu MAIS que o habitual às 15h
2026-07-28 17:01:11 [INFO]      [2mReal:[0m 36.0 kWh   [2mHabitual:[0m 23.5 ± 2.4 kWh   [2mz:[0m +5.32   [2mdesvio:[0m +53%   [2m(2 obs. dia_util)[0m
2026-07-28 17:01:11 [INFO] 
2026-07-28 17:01:11 [INFO]   🔴 [91m[1mPT0002000081997398TD[0m  [2m[Cluster 0][0m
2026-07-28 17:01:11 [INFO]      consumiu MAIS que o habitual às 10h
2026-07-28 17:01:11 [INFO]      [2mReal:[0m 211.0 kWh   [2mHabitual:[0m 138.0 ± 13.8 kWh   [2mz:[0m +5.29   [2mdesvio:[0m +53%   [2m(2 obs. dia_util)[0m
2026-07-28 17:01:11 [INFO] 
2026-07-28 17:01:11 [INFO]   🔴 [91m[1mPT0002000115673471CB[0m  [2m[Cluster 0][0m
2026-07-28 17:01:11 [INFO]      consumiu MAIS que o habitual às 04h
2026-07-28 17:01:11 [INFO]      [2mReal:[0m 16.0 kWh   [2mHabitual:[0m 10.5 ± 1.1 kWh   [2mz:[0m +5.24   [2mdesvio:[0m +52%   [2m(2 obs. dia_util)[0m
2026-07-28 17:01:11 [INFO] 
2026-07-28 17:01:11 [INFO]   🔴 [91m[1mPT0002000073720434JD[0m  [2m[Cluster 1 (atribuido)][0m
2026-07-28 17:01:11 [INFO]      consumiu MAIS que o habitual às 20h
2026-07-28 17:01:11 [INFO]      [2mReal:[0m 44.0 kWh   [2mHabitual:[0m 25.5 ± 3.5 kWh   [2mz:[0m +5.23   [2mdesvio:[0m +73%   [2m(2 obs. dia_util)[0m
2026-07-28 17:01:11 [INFO] 
2026-07-28 17:01:11 [INFO]   🔴 [91m[1mPT0002000110814293YC[0m  [2m[Cluster 0 (atribuido)][0m
2026-07-28 17:01:11 [INFO]      consumiu MAIS que o habitual às 20h
2026-07-28 17:01:11 [INFO]      [2mReal:[0m 67.0 kWh   [2mHabitual:[0m 44.0 ± 4.4 kWh   [2mz:[0m +5.23   [2mdesvio:[0m +52%   [2m(2 obs. dia_util)[0m
2026-07-28 17:01:11 [INFO] 
2026-07-28 17:01:11 [INFO]   🔴 [91m[1mPT0002000077348081AG[0m  [2m[Cluster 0 (atribuido)][0m
2026-07-28 17:01:11 [INFO]      consumiu MAIS que o habitual às 10h
2026-07-28 17:01:11 [INFO]      [2mReal:[0m 298.0 kWh   [2mHabitual:[0m 116.0 ± 35.4 kWh   [2mz:[0m +5.15   [2mdesvio:[0m +157%   [2m(2 obs. dia_util)[0m
2026-07-28 17:01:11 [INFO] 
2026-07-28 17:01:11 [INFO]   🔴 [91m[1mPT0002000078441876HB[0m  [2m[Cluster 0][0m
2026-07-28 17:01:11 [INFO]      consumiu MAIS que o habitual às 17h
2026-07-28 17:01:11 [INFO]      [2mReal:[0m 1610.0 kWh   [2mHabitual:[0m 1062.5 ± 106.2 kWh   [2mz:[0m +5.15   [2mdesvio:[0m +52%   [2m(2 obs. dia_util)[0m
2026-07-28 17:01:11 [INFO] 
2026-07-28 17:01:11 [INFO]   🔴 [91m[1mPT0002000115673389QK[0m  [2m[Cluster 0][0m
2026-07-28 17:01:11 [INFO]      consumiu MAIS que o habitual às 16h
2026-07-28 17:01:11 [INFO]      [2mReal:[0m 34.0 kWh   [2mHabitual:[0m 22.5 ± 2.2 kWh   [2mz:[0m +5.11   [2mdesvio:[0m +51%   [2m(2 obs. dia_util)[0m
2026-07-28 17:01:11 [INFO] 
2026-07-28 17:01:11 [INFO]   🔴 [91m[1mPT0002000101964938LF[0m  [2m[Cluster 0][0m
2026-07-28 17:01:11 [INFO]      consumiu MAIS que o habitual às 11h
2026-07-28 17:01:11 [INFO]      [2mReal:[0m 60.0 kWh   [2mHabitual:[0m 17.0 ± 8.5 kWh   [2mz:[0m +5.07   [2mdesvio:[0m +253%   [2m(2 obs. dia_util)[0m
2026-07-28 17:01:11 [INFO] 
2026-07-28 17:01:11 [INFO]   🔴 [91m[1mPT0002000114685657JR[0m  [2m[Cluster 0][0m
2026-07-28 17:01:11 [INFO]      consumiu MAIS que o habitual às 17h
2026-07-28 17:01:11 [INFO]      [2mReal:[0m 241.0 kWh   [2mHabitual:[0m 160.5 ± 16.1 kWh   [2mz:[0m +5.02   [2mdesvio:[0m +50%   [2m(2 obs. dia_util)[0m
2026-07-28 17:01:11 [INFO] 
2026-07-28 17:01:11 [INFO]   🔴 [91m[1mPT0002000068856906VS[0m  [2m[Cluster 0][0m
2026-07-28 17:01:11 [INFO]      consumiu MAIS que o habitual às 14h
2026-07-28 17:01:11 [INFO]      [2mReal:[0m 36.0 kWh   [2mHabitual:[0m 24.0 ± 2.4 kWh   [2mz:[0m +5.00   [2mdesvio:[0m +50%   [2m(2 obs. dia_util)[0m
2026-07-28 17:01:11 [INFO] 
2026-07-28 17:01:11 [INFO]   🔴 [91m[1mPT0002000068857909SY[0m  [2m[Cluster 1][0m
2026-07-28 17:01:11 [INFO]      consumiu MAIS que o habitual às 22h
2026-07-28 17:01:11 [INFO]      [2mReal:[0m 10.0 kWh   [2mHabitual:[0m 6.7 ± 0.7 kWh   [2mz:[0m +5.00   [2mdesvio:[0m +50%   [2m(3 obs. dia_util)[0m
2026-07-28 17:01:11 [INFO] 
2026-07-28 17:01:11 [INFO]   🔴 [91m[1mPT0002000068858231YY[0m  [2m[Cluster 0 (atribuido)][0m
2026-07-28 17:01:11 [INFO]      consumiu MAIS que o habitual às 07h
2026-07-28 17:01:11 [INFO]      [2mReal:[0m 24.0 kWh   [2mHabitual:[0m 16.0 ± 1.6 kWh   [2mz:[0m +5.00   [2mdesvio:[0m +50%   [2m(2 obs. dia_util)[0m
2026-07-28 17:01:11 [INFO] 
2026-07-28 17:01:11 [INFO]   🔴 [91m[1mPT0002000078140706BA[0m  [2m[Cluster 1 (atribuido)][0m
2026-07-28 17:01:11 [INFO]      consumiu MAIS que o habitual às 23h
2026-07-28 17:01:11 [INFO]      [2mReal:[0m 58.0 kWh   [2mHabitual:[0m 38.7 ± 3.9 kWh   [2mz:[0m +5.00   [2mdesvio:[0m +50%   [2m(3 obs. dia_util)[0m
2026-07-28 17:01:11 [INFO] 
2026-07-28 17:01:11 [INFO]   🔴 [91m[1mPT0002000110607652SB[0m  [2m[Cluster 0][0m
2026-07-28 17:01:11 [INFO]      consumiu MAIS que o habitual às 20h
2026-07-28 17:01:11 [INFO]      [2mReal:[0m 12.0 kWh   [2mHabitual:[0m 8.0 ± 0.8 kWh   [2mz:[0m +5.00   [2mdesvio:[0m +50%   [2m(2 obs. dia_util)[0m
2026-07-28 17:01:11 [INFO] 
2026-07-28 17:01:11 [INFO]   🔴 [91m[1mPT0002000115031201VQ[0m  [2m[Cluster 0][0m
2026-07-28 17:01:11 [INFO]      consumiu MAIS que o habitual às 07h
2026-07-28 17:01:11 [INFO]      [2mReal:[0m 6.0 kWh   [2mHabitual:[0m 4.0 ± 0.4 kWh   [2mz:[0m +5.00   [2mdesvio:[0m +50%   [2m(2 obs. dia_util)[0m
2026-07-28 17:01:11 [INFO] 
2026-07-28 17:01:11 [INFO]   🔴 [91m[1mPT0002000068856655YV[0m  [2m[Cluster 0][0m
2026-07-28 17:01:11 [INFO]      consumiu MAIS que o habitual às 19h
2026-07-28 17:01:11 [INFO]      [2mReal:[0m 5.0 kWh   [2mHabitual:[0m 1.5 ± 0.7 kWh   [2mz:[0m +4.95   [2mdesvio:[0m +233%   [2m(2 obs. dia_util)[0m
2026-07-28 17:01:11 [INFO] 
2026-07-28 17:01:11 [INFO]   🔴 [91m[1mPT0002000068856872QG[0m  [2m[Cluster 1][0m
2026-07-28 17:01:11 [INFO]      consumiu MAIS que o habitual às 11h
2026-07-28 17:01:11 [INFO]      [2mReal:[0m 4.0 kWh   [2mHabitual:[0m 0.5 ± 0.7 kWh   [2mz:[0m +4.95   [2mdesvio:[0m +700%   [2m(2 obs. dia_util)[0m
2026-07-28 17:01:11 [INFO] 
2026-07-28 17:01:11 [INFO]   🔴 [91m[1mPT0002000068857909SY[0m  [2m[Cluster 1][0m
2026-07-28 17:01:11 [INFO]      consumiu MAIS que o habitual às 17h
2026-07-28 17:01:11 [INFO]      [2mReal:[0m 10.0 kWh   [2mHabitual:[0m 6.5 ± 0.7 kWh   [2mz:[0m +4.95   [2mdesvio:[0m +54%   [2m(2 obs. dia_util)[0m
2026-07-28 17:01:11 [INFO] 
2026-07-28 17:01:11 [INFO]   🔴 [91m[1mPT0002000068857909SY[0m  [2m[Cluster 1][0m
2026-07-28 17:01:11 [INFO]      consumiu MAIS que o habitual às 18h
2026-07-28 17:01:11 [INFO]      [2mReal:[0m 10.0 kWh   [2mHabitual:[0m 6.5 ± 0.7 kWh   [2mz:[0m +4.95   [2mdesvio:[0m +54%   [2m(2 obs. dia_util)[0m
2026-07-28 17:01:11 [INFO] 
2026-07-28 17:01:11 [INFO]   🔴 [91m[1mPT0002000068859393XH[0m  [2m[Cluster 1][0m
2026-07-28 17:01:11 [INFO]      consumiu MAIS que o habitual às 08h
2026-07-28 17:01:11 [INFO]      [2mReal:[0m 114.0 kWh   [2mHabitual:[0m 61.5 ± 10.6 kWh   [2mz:[0m +4.95   [2mdesvio:[0m +85%   [2m(2 obs. dia_util)[0m
2026-07-28 17:01:11 [INFO] 
2026-07-28 17:01:11 [INFO]   🔴 [91m[1mPT0002000077348081AG[0m  [2m[Cluster 0 (atribuido)][0m
2026-07-28 17:01:11 [INFO]      consumiu MAIS que o habitual às 11h
2026-07-28 17:01:11 [INFO]      [2mReal:[0m 302.0 kWh   [2mHabitual:[0m 116.5 ± 37.5 kWh   [2mz:[0m +4.95   [2mdesvio:[0m +159%   [2m(2 obs. dia_util)[0m
2026-07-28 17:01:11 [INFO] 
2026-07-28 17:01:11 [INFO]   🔴 [91m[1mPT0002000077394934QY[0m  [2m[Cluster 0][0m
2026-07-28 17:01:11 [INFO]      consumiu MAIS que o habitual às 17h
2026-07-28 17:01:11 [INFO]      [2mReal:[0m 128.0 kWh   [2mHabitual:[0m 61.5 ± 13.4 kWh   [2mz:[0m +4.95   [2mdesvio:[0m +108%   [2m(2 obs. dia_util)[0m
2026-07-28 17:01:11 [INFO] 
2026-07-28 17:01:11 [INFO]   🔴 [91m[1mPT0002000110090564GD[0m  [2m[Cluster 1][0m
2026-07-28 17:01:11 [INFO]      consumiu MAIS que o habitual às 14h
2026-07-28 17:01:11 [INFO]      [2mReal:[0m 8.0 kWh   [2mHabitual:[0m 4.5 ± 0.7 kWh   [2mz:[0m +4.95   [2mdesvio:[0m +78%   [2m(2 obs. dia_util)[0m
2026-07-28 17:01:11 [INFO] 
2026-07-28 17:01:11 [INFO]   🔴 [91m[1mPT0002000110814293YC[0m  [2m[Cluster 0 (atribuido)][0m
2026-07-28 17:01:11 [INFO]      consumiu MAIS que o habitual às 10h
2026-07-28 17:01:11 [INFO]      [2mReal:[0m 78.0 kWh   [2mHabitual:[0m 43.0 ± 7.1 kWh   [2mz:[0m +4.95   [2mdesvio:[0m +81%   [2m(2 obs. dia_util)[0m
2026-07-28 17:01:11 [INFO] 
2026-07-28 17:01:11 [INFO]   🔴 [91m[1mPT0002000111572054VT[0m  [2m[Cluster 0 (atribuido)][0m
2026-07-28 17:01:11 [INFO]      consumiu MAIS que o habitual às 08h
2026-07-28 17:01:11 [INFO]      [2mReal:[0m 17.0 kWh   [2mHabitual:[0m 3.0 ± 2.8 kWh   [2mz:[0m +4.95   [2mdesvio:[0m +467%   [2m(2 obs. dia_util)[0m
2026-07-28 17:01:11 [INFO] 
2026-07-28 17:01:11 [INFO]   🔴 [91m[1mPT0002000115031201VQ[0m  [2m[Cluster 0][0m
2026-07-28 17:01:11 [INFO]      consumiu MAIS que o habitual às 20h
2026-07-28 17:01:11 [INFO]      [2mReal:[0m 10.0 kWh   [2mHabitual:[0m 6.5 ± 0.7 kWh   [2mz:[0m +4.95   [2mdesvio:[0m +54%   [2m(2 obs. dia_util)[0m
2026-07-28 17:01:11 [INFO] 
2026-07-28 17:01:11 [INFO]   🔴 [91m[1mPT0002000125379984SH[0m  [2m[Cluster 1][0m
2026-07-28 17:01:11 [INFO]      consumiu MAIS que o habitual às 08h
2026-07-28 17:01:11 [INFO]      [2mReal:[0m 9.0 kWh   [2mHabitual:[0m 5.5 ± 0.7 kWh   [2mz:[0m +4.95   [2mdesvio:[0m +64%   [2m(2 obs. dia_util)[0m
2026-07-28 17:01:11 [INFO] 
2026-07-28 17:01:11 [INFO]   🔴 [91m[1mPT0002000201038711LS[0m  [2m[Cluster 1 (atribuido)][0m
2026-07-28 17:01:11 [INFO]      consumiu MAIS que o habitual às 06h
2026-07-28 17:01:11 [INFO]      [2mReal:[0m 4.0 kWh   [2mHabitual:[0m 0.5 ± 0.7 kWh   [2mz:[0m +4.95   [2mdesvio:[0m +700%   [2m(2 obs. dia_util)[0m
2026-07-28 17:01:11 [INFO] 
2026-07-28 17:01:11 [INFO]   🔴 [91m[1mPT0002000078441876HB[0m  [2m[Cluster 0][0m
2026-07-28 17:01:11 [INFO]      consumiu MAIS que o habitual às 18h
2026-07-28 17:01:11 [INFO]      [2mReal:[0m 1690.0 kWh   [2mHabitual:[0m 1131.0 ± 113.1 kWh   [2mz:[0m +4.94   [2mdesvio:[0m +49%   [2m(2 obs. dia_util)[0m
2026-07-28 17:01:11 [INFO] 
2026-07-28 17:01:11 [INFO]   🔴 [91m[1mPT0002000081997398TD[0m  [2m[Cluster 0][0m
2026-07-28 17:01:11 [INFO]      consumiu MAIS que o habitual às 15h
2026-07-28 17:01:11 [INFO]      [2mReal:[0m 183.0 kWh   [2mHabitual:[0m 122.5 ± 12.2 kWh   [2mz:[0m +4.94   [2mdesvio:[0m +49%   [2m(2 obs. dia_util)[0m
2026-07-28 17:01:11 [INFO] 
2026-07-28 17:01:11 [INFO]   🔴 [91m[1mPT0002000082549706RH[0m  [2m[Cluster 0][0m
2026-07-28 17:01:11 [INFO]      consumiu MAIS que o habitual às 11h
2026-07-28 17:01:11 [INFO]      [2mReal:[0m 126.0 kWh   [2mHabitual:[0m 84.5 ± 8.4 kWh   [2mz:[0m +4.91   [2mdesvio:[0m +49%   [2m(2 obs. dia_util)[0m
2026-07-28 17:01:11 [INFO] 
2026-07-28 17:01:11 [INFO]   🔴 [91m[1mPT0002000110814293YC[0m  [2m[Cluster 0 (atribuido)][0m
2026-07-28 17:01:11 [INFO]      consumiu MAIS que o habitual às 16h
2026-07-28 17:01:11 [INFO]      [2mReal:[0m 82.0 kWh   [2mHabitual:[0m 55.0 ± 5.5 kWh   [2mz:[0m +4.91   [2mdesvio:[0m +49%   [2m(2 obs. dia_util)[0m
2026-07-28 17:01:11 [INFO] 
2026-07-28 17:01:11 [INFO]   🔴 [91m[1mPT0002000116530964LH[0m  [2m[Cluster 0 (atribuido)][0m
2026-07-28 17:01:11 [INFO]      consumiu MAIS que o habitual às 21h
2026-07-28 17:01:11 [INFO]      [2mReal:[0m 115.0 kWh   [2mHabitual:[0m 67.3 ± 9.8 kWh   [2mz:[0m +4.86   [2mdesvio:[0m +71%   [2m(3 obs. dia_util)[0m
2026-07-28 17:01:11 [INFO] 
2026-07-28 17:01:11 [INFO]   🔴 [91m[1mPT0002000101964938LF[0m  [2m[Cluster 0][0m
2026-07-28 17:01:11 [INFO]      consumiu MAIS que o habitual às 10h
2026-07-28 17:01:11 [INFO]      [2mReal:[0m 57.0 kWh   [2mHabitual:[0m 16.0 ± 8.5 kWh   [2mz:[0m +4.83   [2mdesvio:[0m +256%   [2m(2 obs. dia_util)[0m
2026-07-28 17:01:11 [INFO] 
2026-07-28 17:01:11 [INFO]   🔴 [91m[1mPT0002000116530964LH[0m  [2m[Cluster 0 (atribuido)][0m
2026-07-28 17:01:11 [INFO]      consumiu MAIS que o habitual às 08h
2026-07-28 17:01:11 [INFO]      [2mReal:[0m 117.0 kWh   [2mHabitual:[0m 79.0 ± 7.9 kWh   [2mz:[0m +4.81   [2mdesvio:[0m +48%   [2m(2 obs. dia_util)[0m
2026-07-28 17:01:11 [INFO] 
2026-07-28 17:01:11 [INFO]   🔵 [94m[1mPT0002000107172384HT[0m  [2m[Cluster 1][0m
2026-07-28 17:01:11 [INFO]      consumiu MENOS que o habitual às 19h
2026-07-28 17:01:11 [INFO]      [2mReal:[0m 21.0 kWh   [2mHabitual:[0m 51.5 ± 6.4 kWh   [2mz:[0m -4.79   [2mdesvio:[0m -59%   [2m(2 obs. dia_util)[0m
2026-07-28 17:01:11 [INFO] 
2026-07-28 17:01:11 [INFO]   🔴 [91m[1mPT0002000068859597LS[0m  [2m[Cluster 0][0m
2026-07-28 17:01:11 [INFO]      consumiu MAIS que o habitual às 13h
2026-07-28 17:01:11 [INFO]      [2mReal:[0m 65.0 kWh   [2mHabitual:[0m 44.0 ± 4.4 kWh   [2mz:[0m +4.77   [2mdesvio:[0m +48%   [2m(2 obs. dia_util)[0m
2026-07-28 17:01:11 [INFO] 
2026-07-28 17:01:11 [INFO]   🔴 [91m[1mPT0002000068859325FL[0m  [2m[Cluster 1][0m
2026-07-28 17:01:11 [INFO]      consumiu MAIS que o habitual às 09h
2026-07-28 17:01:11 [INFO]      [2mReal:[0m 112.0 kWh   [2mHabitual:[0m 76.0 ± 7.6 kWh   [2mz:[0m +4.74   [2mdesvio:[0m +47%   [2m(2 obs. dia_util)[0m
2026-07-28 17:01:11 [INFO] 
2026-07-28 17:01:11 [INFO]   🔴 [91m[1mPT0002000077394934QY[0m  [2m[Cluster 0][0m
2026-07-28 17:01:11 [INFO]      consumiu MAIS que o habitual às 18h
2026-07-28 17:01:11 [INFO]      [2mReal:[0m 94.0 kWh   [2mHabitual:[0m 54.0 ± 8.5 kWh   [2mz:[0m +4.71   [2mdesvio:[0m +74%   [2m(2 obs. dia_util)[0m
2026-07-28 17:01:11 [INFO] 
2026-07-28 17:01:11 [INFO]   🔴 [91m[1mPT0002000115700602GW[0m  [2m[Cluster 0][0m
2026-07-28 17:01:11 [INFO]      consumiu MAIS que o habitual às 17h
2026-07-28 17:01:11 [INFO]      [2mReal:[0m 11.0 kWh   [2mHabitual:[0m 7.5 ± 0.8 kWh   [2mz:[0m +4.67   [2mdesvio:[0m +47%   [2m(2 obs. dia_util)[0m
2026-07-28 17:01:11 [INFO] 
2026-07-28 17:01:11 [INFO]   🔴 [91m[1mPT0002000078140706BA[0m  [2m[Cluster 1 (atribuido)][0m
2026-07-28 17:01:11 [INFO]      consumiu MAIS que o habitual às 22h
2026-07-28 17:01:11 [INFO]      [2mReal:[0m 63.0 kWh   [2mHabitual:[0m 42.0 ± 4.6 kWh   [2mz:[0m +4.58   [2mdesvio:[0m +50%   [2m(3 obs. dia_util)[0m
2026-07-28 17:01:11 [INFO] 
2026-07-28 17:01:11 [INFO]   🔴 [91m[1mPT0002000114613364CC[0m  [2m[Cluster 0 (atribuido)][0m
2026-07-28 17:01:11 [INFO]      consumiu MAIS que o habitual às 07h
2026-07-28 17:01:11 [INFO]      [2mReal:[0m 173.0 kWh   [2mHabitual:[0m 119.0 ± 11.9 kWh   [2mz:[0m +4.54   [2mdesvio:[0m +45%   [2m(2 obs. dia_util)[0m
2026-07-28 17:01:11 [INFO] 
2026-07-28 17:01:11 [INFO]   🔴 [91m[1mPT0002000082549706RH[0m  [2m[Cluster 0][0m
2026-07-28 17:01:11 [INFO]      consumiu MAIS que o habitual às 10h
2026-07-28 17:01:11 [INFO]      [2mReal:[0m 117.0 kWh   [2mHabitual:[0m 80.5 ± 8.1 kWh   [2mz:[0m +4.53   [2mdesvio:[0m +45%   [2m(2 obs. dia_util)[0m
2026-07-28 17:01:11 [INFO] 
2026-07-28 17:01:11 [INFO]   🔵 [94m[1mPT0002000107172384HT[0m  [2m[Cluster 1][0m
2026-07-28 17:01:11 [INFO]      consumiu MENOS que o habitual às 15h
2026-07-28 17:01:11 [INFO]      [2mReal:[0m 26.0 kWh   [2mHabitual:[0m 47.5 ± 4.8 kWh   [2mz:[0m -4.53   [2mdesvio:[0m -45%   [2m(2 obs. dia_util)[0m
2026-07-28 17:01:11 [INFO] 
2026-07-28 17:01:11 [INFO]   🔴 [91m[1mPT0002000077394934QY[0m  [2m[Cluster 0][0m
2026-07-28 17:01:11 [INFO]      consumiu MAIS que o habitual às 08h
2026-07-28 17:01:11 [INFO]      [2mReal:[0m 81.0 kWh   [2mHabitual:[0m 56.0 ± 5.6 kWh   [2mz:[0m +4.46   [2mdesvio:[0m +45%   [2m(2 obs. dia_util)[0m
2026-07-28 17:01:11 [INFO] 
2026-07-28 17:01:11 [INFO]   🔴 [91m[1mPT0002000110814293YC[0m  [2m[Cluster 0 (atribuido)][0m
2026-07-28 17:01:11 [INFO]      consumiu MAIS que o habitual às 18h
2026-07-28 17:01:11 [INFO]      [2mReal:[0m 78.0 kWh   [2mHabitual:[0m 54.0 ± 5.4 kWh   [2mz:[0m +4.44   [2mdesvio:[0m +44%   [2m(2 obs. dia_util)[0m
2026-07-28 17:01:11 [INFO] 
2026-07-28 17:01:11 [INFO]   🔴 [91m[1mPT0002000112989585PH[0m  [2m[Cluster 0][0m
2026-07-28 17:01:11 [INFO]      consumiu MAIS que o habitual às 18h
2026-07-28 17:01:11 [INFO]      [2mReal:[0m 127.0 kWh   [2mHabitual:[0m 88.0 ± 8.8 kWh   [2mz:[0m +4.43   [2mdesvio:[0m +44%   [2m(2 obs. dia_util)[0m
2026-07-28 17:01:11 [INFO] 
2026-07-28 17:01:11 [INFO]   🔴 [91m[1mPT0002000114613364CC[0m  [2m[Cluster 0 (atribuido)][0m
2026-07-28 17:01:11 [INFO]      consumiu MAIS que o habitual às 19h
2026-07-28 17:01:11 [INFO]      [2mReal:[0m 166.0 kWh   [2mHabitual:[0m 115.0 ± 11.5 kWh   [2mz:[0m +4.43   [2mdesvio:[0m +44%   [2m(2 obs. dia_util)[0m
2026-07-28 17:01:11 [INFO] 
2026-07-28 17:01:11 [INFO]   🔴 [91m[1mPT0002000073573036KH[0m  [2m[Cluster 0 (atribuido)][0m
2026-07-28 17:01:11 [INFO]      consumiu MAIS que o habitual às 19h
2026-07-28 17:01:11 [INFO]      [2mReal:[0m 216.0 kWh   [2mHabitual:[0m 116.0 ± 22.6 kWh   [2mz:[0m +4.42   [2mdesvio:[0m +86%   [2m(2 obs. dia_util)[0m
2026-07-28 17:01:11 [INFO] 
2026-07-28 17:01:11 [INFO]   🔴 [91m[1mPT0002000081997398TD[0m  [2m[Cluster 0][0m
2026-07-28 17:01:11 [INFO]      consumiu MAIS que o habitual às 08h
2026-07-28 17:01:11 [INFO]      [2mReal:[0m 168.0 kWh   [2mHabitual:[0m 116.5 ± 11.7 kWh   [2mz:[0m +4.42   [2mdesvio:[0m +44%   [2m(2 obs. dia_util)[0m
2026-07-28 17:01:11 [INFO] 
2026-07-28 17:01:11 [INFO]   🔴 [91m[1mPT0002000112989585PH[0m  [2m[Cluster 0][0m
2026-07-28 17:01:11 [INFO]      consumiu MAIS que o habitual às 13h
2026-07-28 17:01:11 [INFO]      [2mReal:[0m 29.0 kWh   [2mHabitual:[0m 4.0 ± 5.7 kWh   [2mz:[0m +4.42   [2mdesvio:[0m +625%   [2m(2 obs. dia_util)[0m
2026-07-28 17:01:11 [INFO] 
2026-07-28 17:01:11 [INFO]   🔴 [91m[1mPT0002000114685657JR[0m  [2m[Cluster 0][0m
2026-07-28 17:01:11 [INFO]      consumiu MAIS que o habitual às 08h
2026-07-28 17:01:11 [INFO]      [2mReal:[0m 225.0 kWh   [2mHabitual:[0m 156.0 ± 15.6 kWh   [2mz:[0m +4.42   [2mdesvio:[0m +44%   [2m(2 obs. dia_util)[0m
2026-07-28 17:01:11 [INFO] 
2026-07-28 17:01:11 [INFO]   🔴 [91m[1mPT0002000115673389QK[0m  [2m[Cluster 0][0m
2026-07-28 17:01:11 [INFO]      consumiu MAIS que o habitual às 17h
2026-07-28 17:01:11 [INFO]      [2mReal:[0m 31.0 kWh   [2mHabitual:[0m 21.5 ± 2.1 kWh   [2mz:[0m +4.42   [2mdesvio:[0m +44%   [2m(2 obs. dia_util)[0m
2026-07-28 17:01:11 [INFO] 
2026-07-28 17:01:11 [INFO]   🔴 [91m[1mPT0002000077394934QY[0m  [2m[Cluster 0][0m
2026-07-28 17:01:11 [INFO]      consumiu MAIS que o habitual às 16h
2026-07-28 17:01:11 [INFO]      [2mReal:[0m 133.0 kWh   [2mHabitual:[0m 65.0 ± 15.6 kWh   [2mz:[0m +4.37   [2mdesvio:[0m +105%   [2m(2 obs. dia_util)[0m
2026-07-28 17:01:11 [INFO] 
2026-07-28 17:01:11 [INFO]   🔴 [91m[1mPT0002000068859597LS[0m  [2m[Cluster 0][0m
2026-07-28 17:01:11 [INFO]      consumiu MAIS que o habitual às 15h
2026-07-28 17:01:11 [INFO]      [2mReal:[0m 63.0 kWh   [2mHabitual:[0m 41.5 ± 5.0 kWh   [2mz:[0m +4.34   [2mdesvio:[0m +52%   [2m(2 obs. dia_util)[0m
2026-07-28 17:01:11 [INFO] 
2026-07-28 17:01:11 [INFO]   🔴 [91m[1mPT0002000068857909SY[0m  [2m[Cluster 1][0m
2026-07-28 17:01:11 [INFO]      consumiu MAIS que o habitual às 19h
2026-07-28 17:01:11 [INFO]      [2mReal:[0m 10.0 kWh   [2mHabitual:[0m 7.0 ± 0.7 kWh   [2mz:[0m +4.29   [2mdesvio:[0m +43%   [2m(2 obs. dia_util)[0m
2026-07-28 17:01:11 [INFO] 
2026-07-28 17:01:11 [INFO]   🔴 [91m[1mPT0002000077348081AG[0m  [2m[Cluster 0 (atribuido)][0m
2026-07-28 17:01:11 [INFO]      consumiu MAIS que o habitual às 18h
2026-07-28 17:01:11 [INFO]      [2mReal:[0m 350.0 kWh   [2mHabitual:[0m 245.0 ± 24.5 kWh   [2mz:[0m +4.29   [2mdesvio:[0m +43%   [2m(2 obs. dia_util)[0m
2026-07-28 17:01:11 [INFO] 
2026-07-28 17:01:11 [INFO]   🔴 [91m[1mPT0002000068859382XF[0m  [2m[Cluster 0][0m
2026-07-28 17:01:11 [INFO]      consumiu MAIS que o habitual às 08h
2026-07-28 17:01:11 [INFO]      [2mReal:[0m 52.0 kWh   [2mHabitual:[0m 36.5 ± 3.6 kWh   [2mz:[0m +4.25   [2mdesvio:[0m +42%   [2m(2 obs. dia_util)[0m
2026-07-28 17:01:11 [INFO] 
2026-07-28 17:01:11 [INFO]   🔴 [91m[1mPT0002000078441876HB[0m  [2m[Cluster 0][0m
2026-07-28 17:01:11 [INFO]      consumiu MAIS que o habitual às 21h
2026-07-28 17:01:11 [INFO]      [2mReal:[0m 1013.0 kWh   [2mHabitual:[0m 714.0 ± 71.4 kWh   [2mz:[0m +4.19   [2mdesvio:[0m +42%   [2m(3 obs. dia_util)[0m
2026-07-28 17:01:11 [INFO] 
2026-07-28 17:01:11 [INFO]   🔴 [91m[1mPT0002000106102375RC[0m  [2m[Cluster 0 (atribuido)][0m
2026-07-28 17:01:11 [INFO]      consumiu MAIS que o habitual às 13h
2026-07-28 17:01:11 [INFO]      [2mReal:[0m 56.0 kWh   [2mHabitual:[0m 39.5 ± 4.0 kWh   [2mz:[0m +4.18   [2mdesvio:[0m +42%   [2m(2 obs. dia_util)[0m
2026-07-28 17:01:11 [INFO] 
2026-07-28 17:01:11 [INFO]   🔴 [91m[1mPT0002000073573036KH[0m  [2m[Cluster 0 (atribuido)][0m
2026-07-28 17:01:11 [INFO]      consumiu MAIS que o habitual às 20h
2026-07-28 17:01:11 [INFO]      [2mReal:[0m 149.0 kWh   [2mHabitual:[0m 105.5 ± 10.6 kWh   [2mz:[0m +4.12   [2mdesvio:[0m +41%   [2m(2 obs. dia_util)[0m
2026-07-28 17:01:11 [INFO] 
2026-07-28 17:01:11 [INFO]   🔴 [91m[1mPT0002000078441876HB[0m  [2m[Cluster 0][0m
2026-07-28 17:01:11 [INFO]      consumiu MAIS que o habitual às 09h
2026-07-28 17:01:11 [INFO]      [2mReal:[0m 1441.0 kWh   [2mHabitual:[0m 1021.0 ± 102.1 kWh   [2mz:[0m +4.11   [2mdesvio:[0m +41%   [2m(2 obs. dia_util)[0m
2026-07-28 17:01:11 [INFO] 
2026-07-28 17:01:11 [INFO]   🔴 [91m[1mPT0002000102936404ME[0m  [2m[Cluster 1][0m
2026-07-28 17:01:11 [INFO]      consumiu MAIS que o habitual às 01h
2026-07-28 17:01:11 [INFO]      [2mReal:[0m 19.0 kWh   [2mHabitual:[0m 13.5 ± 1.4 kWh   [2mz:[0m +4.07   [2mdesvio:[0m +41%   [2m(2 obs. dia_util)[0m
2026-07-28 17:01:11 [INFO] 
2026-07-28 17:01:11 [INFO]   🔴 [91m[1mPT0002000068857909SY[0m  [2m[Cluster 1][0m
2026-07-28 17:01:11 [INFO]      consumiu MAIS que o habitual às 21h
2026-07-28 17:01:11 [INFO]      [2mReal:[0m 10.0 kWh   [2mHabitual:[0m 6.0 ± 1.0 kWh   [2mz:[0m +4.00   [2mdesvio:[0m +67%   [2m(3 obs. dia_util)[0m
2026-07-28 17:01:11 [INFO] 
2026-07-28 17:01:11 [INFO]   🔵 [94m[1mPT0002000081344542CP[0m  [2m[Cluster 1][0m
2026-07-28 17:01:11 [INFO]      consumiu MENOS que o habitual às 22h
2026-07-28 17:01:11 [INFO]      [2mReal:[0m 1.0 kWh   [2mHabitual:[0m 5.0 ± 1.0 kWh   [2mz:[0m -4.00   [2mdesvio:[0m -80%   [2m(3 obs. dia_util)[0m
2026-07-28 17:01:11 [INFO] 
2026-07-28 17:01:11 [INFO]   🔴 [91m[1mPT0002000082549706RH[0m  [2m[Cluster 0][0m
2026-07-28 17:01:11 [INFO]      consumiu MAIS que o habitual às 12h
2026-07-28 17:01:11 [INFO]      [2mReal:[0m 119.0 kWh   [2mHabitual:[0m 85.0 ± 8.5 kWh   [2mz:[0m +4.00   [2mdesvio:[0m +40%   [2m(2 obs. dia_util)[0m
2026-07-28 17:01:11 [INFO] 
2026-07-28 17:01:11 [INFO]   🔴 [91m[1mPT0002000078441876HB[0m  [2m[Cluster 0][0m
2026-07-28 17:01:11 [INFO]      consumiu MAIS que o habitual às 13h
2026-07-28 17:01:11 [INFO]      [2mReal:[0m 1483.0 kWh   [2mHabitual:[0m 1061.5 ± 106.2 kWh   [2mz:[0m +3.97   [2mdesvio:[0m +40%   [2m(2 obs. dia_util)[0m
2026-07-28 17:01:11 [INFO] 
2026-07-28 17:01:11 [INFO]   🔴 [91m[1mPT0002000081997398TD[0m  [2m[Cluster 0][0m
2026-07-28 17:01:11 [INFO]      consumiu MAIS que o habitual às 17h
2026-07-28 17:01:11 [INFO]      [2mReal:[0m 270.0 kWh   [2mHabitual:[0m 193.5 ± 19.4 kWh   [2mz:[0m +3.95   [2mdesvio:[0m +40%   [2m(2 obs. dia_util)[0m
2026-07-28 17:01:11 [INFO] 
2026-07-28 17:01:11 [INFO]   🔴 [91m[1mPT0002000068855003AK[0m  [2m[Cluster 0 (atribuido)][0m
2026-07-28 17:01:11 [INFO]      consumiu MAIS que o habitual às 20h
2026-07-28 17:01:11 [INFO]      [2mReal:[0m 30.0 kWh   [2mHabitual:[0m 10.5 ± 5.0 kWh   [2mz:[0m +3.94   [2mdesvio:[0m +186%   [2m(2 obs. dia_util)[0m
2026-07-28 17:01:11 [INFO] 
2026-07-28 17:01:11 [INFO]   🔴 [91m[1mPT0002000081344542CP[0m  [2m[Cluster 1][0m
2026-07-28 17:01:11 [INFO]      consumiu MAIS que o habitual às 12h
2026-07-28 17:01:11 [INFO]      [2mReal:[0m 14.0 kWh   [2mHabitual:[0m 3.0 ± 2.8 kWh   [2mz:[0m +3.89   [2mdesvio:[0m +367%   [2m(2 obs. dia_util)[0m
2026-07-28 17:01:11 [INFO] 
2026-07-28 17:01:11 [INFO]   🔴 [91m[1mPT0002000110814293YC[0m  [2m[Cluster 0 (atribuido)][0m
2026-07-28 17:01:11 [INFO]      consumiu MAIS que o habitual às 17h
2026-07-28 17:01:11 [INFO]      [2mReal:[0m 82.0 kWh   [2mHabitual:[0m 57.5 ± 6.4 kWh   [2mz:[0m +3.85   [2mdesvio:[0m +43%   [2m(2 obs. dia_util)[0m
2026-07-28 17:01:11 [INFO] 
2026-07-28 17:01:11 [INFO]   🔴 [91m[1mPT0002000079469719HF[0m  [2m[Cluster 1 (atribuido)][0m
2026-07-28 17:01:11 [INFO]      consumiu MAIS que o habitual às 21h
2026-07-28 17:01:11 [INFO]      [2mReal:[0m 155.0 kWh   [2mHabitual:[0m 112.0 ± 11.2 kWh   [2mz:[0m +3.84   [2mdesvio:[0m +38%   [2m(3 obs. dia_util)[0m
2026-07-28 17:01:11 [INFO] 
2026-07-28 17:01:11 [INFO]   🔵 [94m[1mPT0002000107172384HT[0m  [2m[Cluster 1][0m
2026-07-28 17:01:11 [INFO]      consumiu MENOS que o habitual às 14h
2026-07-28 17:01:11 [INFO]      [2mReal:[0m 25.0 kWh   [2mHabitual:[0m 40.5 ± 4.0 kWh   [2mz:[0m -3.83   [2mdesvio:[0m -38%   [2m(2 obs. dia_util)[0m
2026-07-28 17:01:11 [INFO] 
2026-07-28 17:01:11 [INFO]   🔴 [91m[1mPT0002000068859597LS[0m  [2m[Cluster 0][0m
2026-07-28 17:01:11 [INFO]      consumiu MAIS que o habitual às 11h
2026-07-28 17:01:11 [INFO]      [2mReal:[0m 73.0 kWh   [2mHabitual:[0m 46.0 ± 7.1 kWh   [2mz:[0m +3.82   [2mdesvio:[0m +59%   [2m(2 obs. dia_util)[0m
2026-07-28 17:01:11 [INFO] 
2026-07-28 17:01:11 [INFO]   🔴 [91m[1mPT0002000077348081AG[0m  [2m[Cluster 0 (atribuido)][0m
2026-07-28 17:01:11 [INFO]      consumiu MAIS que o habitual às 17h
2026-07-28 17:01:11 [INFO]      [2mReal:[0m 338.0 kWh   [2mHabitual:[0m 244.5 ± 24.4 kWh   [2mz:[0m +3.82   [2mdesvio:[0m +38%   [2m(2 obs. dia_util)[0m
2026-07-28 17:01:11 [INFO] 
2026-07-28 17:01:11 [INFO]   🔴 [91m[1mPT0002000073231742VK[0m  [2m[Cluster 0][0m
2026-07-28 17:01:11 [INFO]      consumiu MAIS que o habitual às 21h
2026-07-28 17:01:11 [INFO]      [2mReal:[0m 17.0 kWh   [2mHabitual:[0m 12.3 ± 1.2 kWh   [2mz:[0m +3.78   [2mdesvio:[0m +38%   [2m(3 obs. dia_util)[0m
2026-07-28 17:01:11 [INFO] 
2026-07-28 17:01:11 [INFO]   🔵 [94m[1mPT0002000106102375RC[0m  [2m[Cluster 0 (atribuido)][0m
2026-07-28 17:01:11 [INFO]      consumiu MENOS que o habitual às 22h
2026-07-28 17:01:11 [INFO]      [2mReal:[0m 23.0 kWh   [2mHabitual:[0m 37.0 ± 3.7 kWh   [2mz:[0m -3.78   [2mdesvio:[0m -38%   [2m(3 obs. dia_util)[0m
2026-07-28 17:01:11 [INFO] 
2026-07-28 17:01:11 [INFO]   🔵 [94m[1mPT0002000106102375RC[0m  [2m[Cluster 0 (atribuido)][0m
2026-07-28 17:01:11 [INFO]      consumiu MENOS que o habitual às 23h
2026-07-28 17:01:11 [INFO]      [2mReal:[0m 23.0 kWh   [2mHabitual:[0m 37.0 ± 3.7 kWh   [2mz:[0m -3.78   [2mdesvio:[0m -38%   [2m(3 obs. dia_util)[0m
2026-07-28 17:01:11 [INFO] 
2026-07-28 17:01:11 [INFO]   🔴 [91m[1mPT0002000068858674WN[0m  [2m[Cluster 1 (atribuido)][0m
2026-07-28 17:01:11 [INFO]      consumiu MAIS que o habitual às 23h
2026-07-28 17:01:11 [INFO]      [2mReal:[0m 68.0 kWh   [2mHabitual:[0m 45.3 ± 6.1 kWh   [2mz:[0m +3.71   [2mdesvio:[0m +50%   [2m(3 obs. dia_util)[0m
2026-07-28 17:01:11 [INFO] 
2026-07-28 17:01:11 [INFO]   🔴 [91m[1mPT0002000111572054VT[0m  [2m[Cluster 0 (atribuido)][0m
2026-07-28 17:01:11 [INFO]      consumiu MAIS que o habitual às 21h
2026-07-28 17:01:11 [INFO]      [2mReal:[0m 19.0 kWh   [2mHabitual:[0m 13.3 ± 1.5 kWh   [2mz:[0m +3.71   [2mdesvio:[0m +43%   [2m(3 obs. dia_util)[0m
2026-07-28 17:01:11 [INFO] 
2026-07-28 17:01:11 [INFO]   🔴 [91m[1mPT0002000114685657JR[0m  [2m[Cluster 0][0m
2026-07-28 17:01:11 [INFO]      consumiu MAIS que o habitual às 18h
2026-07-28 17:01:11 [INFO]      [2mReal:[0m 222.0 kWh   [2mHabitual:[0m 162.0 ± 16.2 kWh   [2mz:[0m +3.70   [2mdesvio:[0m +37%   [2m(2 obs. dia_util)[0m
2026-07-28 17:01:11 [INFO] 
2026-07-28 17:01:11 [INFO]   🔴 [91m[1mPT0002000077394934QY[0m  [2m[Cluster 0][0m
2026-07-28 17:01:11 [INFO]      consumiu MAIS que o habitual às 20h
2026-07-28 17:01:11 [INFO]      [2mReal:[0m 76.0 kWh   [2mHabitual:[0m 55.5 ± 5.5 kWh   [2mz:[0m +3.69   [2mdesvio:[0m +37%   [2m(2 obs. dia_util)[0m
2026-07-28 17:01:11 [INFO] 
2026-07-28 17:01:11 [INFO]   🔴 [91m[1mPT0002000106102375RC[0m  [2m[Cluster 0 (atribuido)][0m
2026-07-28 17:01:11 [INFO]      consumiu MAIS que o habitual às 14h
2026-07-28 17:01:11 [INFO]      [2mReal:[0m 52.0 kWh   [2mHabitual:[0m 38.0 ± 3.8 kWh   [2mz:[0m +3.68   [2mdesvio:[0m +37%   [2m(2 obs. dia_util)[0m
2026-07-28 17:01:11 [INFO] 
2026-07-28 17:01:11 [INFO]   🔴 [91m[1mPT0002000115673471CB[0m  [2m[Cluster 0][0m
2026-07-28 17:01:11 [INFO]      consumiu MAIS que o habitual às 15h
2026-07-28 17:01:11 [INFO]      [2mReal:[0m 13.0 kWh   [2mHabitual:[0m 9.5 ± 0.9 kWh   [2mz:[0m +3.68   [2mdesvio:[0m +37%   [2m(2 obs. dia_util)[0m
2026-07-28 17:01:11 [INFO] 
2026-07-28 17:01:11 [INFO]   🔵 [94m[1mPT0002000077348081AG[0m  [2m[Cluster 0 (atribuido)][0m
2026-07-28 17:01:11 [INFO]      consumiu MENOS que o habitual às 21h
2026-07-28 17:01:11 [INFO]      [2mReal:[0m 69.0 kWh   [2mHabitual:[0m 109.0 ± 10.9 kWh   [2mz:[0m -3.67   [2mdesvio:[0m -37%   [2m(3 obs. dia_util)[0m
2026-07-28 17:01:11 [INFO] 
2026-07-28 17:01:11 [INFO]   🔵 [94m[1mPT0002000068859325FL[0m  [2m[Cluster 1][0m
2026-07-28 17:01:11 [INFO]      consumiu MENOS que o habitual às 07h
2026-07-28 17:01:11 [INFO]      [2mReal:[0m 52.0 kWh   [2mHabitual:[0m 82.0 ± 8.2 kWh   [2mz:[0m -3.66   [2mdesvio:[0m -37%   [2m(2 obs. dia_util)[0m
2026-07-28 17:01:11 [INFO] 
2026-07-28 17:01:11 [INFO]   🔴 [91m[1mPT0002000120237616VJ[0m  [2m[Cluster 0][0m
2026-07-28 17:01:11 [INFO]      consumiu MAIS que o habitual às 23h
2026-07-28 17:01:11 [INFO]      [2mReal:[0m 15.0 kWh   [2mHabitual:[0m 11.0 ± 1.1 kWh   [2mz:[0m +3.64   [2mdesvio:[0m +36%   [2m(3 obs. dia_util)[0m
2026-07-28 17:01:11 [INFO] 
2026-07-28 17:01:11 [INFO]   🔴 [91m[1mPT0002000068856906VS[0m  [2m[Cluster 0][0m
2026-07-28 17:01:11 [INFO]      consumiu MAIS que o habitual às 16h
2026-07-28 17:01:11 [INFO]      [2mReal:[0m 34.0 kWh   [2mHabitual:[0m 25.0 ± 2.5 kWh   [2mz:[0m +3.60   [2mdesvio:[0m +36%   [2m(2 obs. dia_util)[0m
2026-07-28 17:01:11 [INFO] 
2026-07-28 17:01:11 [INFO]   🔴 [91m[1mPT0002000073717386HC[0m  [2m[Cluster 1 (atribuido)][0m
2026-07-28 17:01:11 [INFO]      consumiu MAIS que o habitual às 11h
2026-07-28 17:01:11 [INFO]      [2mReal:[0m 70.0 kWh   [2mHabitual:[0m 51.5 ± 5.2 kWh   [2mz:[0m +3.59   [2mdesvio:[0m +36%   [2m(2 obs. dia_util)[0m
2026-07-28 17:01:11 [INFO] 
2026-07-28 17:01:11 [INFO]   🔴 [91m[1mPT0002000116530964LH[0m  [2m[Cluster 0 (atribuido)][0m
2026-07-28 17:01:11 [INFO]      consumiu MAIS que o habitual às 22h
2026-07-28 17:01:11 [INFO]      [2mReal:[0m 100.0 kWh   [2mHabitual:[0m 73.7 ± 7.4 kWh   [2mz:[0m +3.57   [2mdesvio:[0m +36%   [2m(3 obs. dia_util)[0m
2026-07-28 17:01:11 [INFO] 
2026-07-28 17:01:11 [INFO]   🔴 [91m[1mPT0002000068856655YV[0m  [2m[Cluster 0][0m
2026-07-28 17:01:11 [INFO]      consumiu MAIS que o habitual às 15h
2026-07-28 17:01:11 [INFO]      [2mReal:[0m 8.0 kWh   [2mHabitual:[0m 3.0 ± 1.4 kWh   [2mz:[0m +3.54   [2mdesvio:[0m +167%   [2m(2 obs. dia_util)[0m
2026-07-28 17:01:11 [INFO] 
2026-07-28 17:01:11 [INFO]   🔴 [91m[1mPT0002000068856655YV[0m  [2m[Cluster 0][0m
2026-07-28 17:01:11 [INFO]      consumiu MAIS que o habitual às 17h
2026-07-28 17:01:11 [INFO]      [2mReal:[0m 8.0 kWh   [2mHabitual:[0m 3.0 ± 1.4 kWh   [2mz:[0m +3.54   [2mdesvio:[0m +167%   [2m(2 obs. dia_util)[0m
2026-07-28 17:01:11 [INFO] 
2026-07-28 17:01:11 [INFO]   🔴 [91m[1mPT0002000068856655YV[0m  [2m[Cluster 0][0m
2026-07-28 17:01:11 [INFO]      consumiu MAIS que o habitual às 18h
2026-07-28 17:01:11 [INFO]      [2mReal:[0m 4.0 kWh   [2mHabitual:[0m 1.5 ± 0.7 kWh   [2mz:[0m +3.54   [2mdesvio:[0m +167%   [2m(2 obs. dia_util)[0m
2026-07-28 17:01:11 [INFO] 
2026-07-28 17:01:11 [INFO]   🔴 [91m[1mPT0002000068856872QG[0m  [2m[Cluster 1][0m
2026-07-28 17:01:11 [INFO]      consumiu MAIS que o habitual às 05h
2026-07-28 17:01:11 [INFO]      [2mReal:[0m 3.0 kWh   [2mHabitual:[0m 0.5 ± 0.7 kWh   [2mz:[0m +3.54   [2mdesvio:[0m +500%   [2m(2 obs. dia_util)[0m
2026-07-28 17:01:11 [INFO] 
2026-07-28 17:01:11 [INFO]   🔴 [91m[1mPT0002000068856974CZ[0m  [2m[Cluster 0 (atribuido)][0m
2026-07-28 17:01:11 [INFO]      consumiu MAIS que o habitual às 07h
2026-07-28 17:01:11 [INFO]      [2mReal:[0m 15.0 kWh   [2mHabitual:[0m 10.0 ± 1.4 kWh   [2mz:[0m +3.54   [2mdesvio:[0m +50%   [2m(2 obs. dia_util)[0m
2026-07-28 17:01:11 [INFO] 
2026-07-28 17:01:11 [INFO]   🔴 [91m[1mPT0002000068856974CZ[0m  [2m[Cluster 0 (atribuido)][0m
2026-07-28 17:01:11 [INFO]      consumiu MAIS que o habitual às 17h
2026-07-28 17:01:11 [INFO]      [2mReal:[0m 39.0 kWh   [2mHabitual:[0m 26.5 ± 3.5 kWh   [2mz:[0m +3.54   [2mdesvio:[0m +47%   [2m(2 obs. dia_util)[0m
2026-07-28 17:01:11 [INFO] 
2026-07-28 17:01:11 [INFO]   🔴 [91m[1mPT0002000068857909SY[0m  [2m[Cluster 1][0m
2026-07-28 17:01:11 [INFO]      consumiu MAIS que o habitual às 14h
2026-07-28 17:01:11 [INFO]      [2mReal:[0m 9.0 kWh   [2mHabitual:[0m 6.5 ± 0.7 kWh   [2mz:[0m +3.54   [2mdesvio:[0m +38%   [2m(2 obs. dia_util)[0m
2026-07-28 17:01:11 [INFO] 
2026-07-28 17:01:11 [INFO]   🔴 [91m[1mPT0002000068857909SY[0m  [2m[Cluster 1][0m
2026-07-28 17:01:11 [INFO]      consumiu MAIS que o habitual às 15h
2026-07-28 17:01:11 [INFO]      [2mReal:[0m 9.0 kWh   [2mHabitual:[0m 6.5 ± 0.7 kWh   [2mz:[0m +3.54   [2mdesvio:[0m +38%   [2m(2 obs. dia_util)[0m
2026-07-28 17:01:11 [INFO] 
2026-07-28 17:01:11 [INFO]   🔴 [91m[1mPT0002000068857909SY[0m  [2m[Cluster 1][0m
2026-07-28 17:01:11 [INFO]      consumiu MAIS que o habitual às 16h
2026-07-28 17:01:11 [INFO]      [2mReal:[0m 9.0 kWh   [2mHabitual:[0m 6.5 ± 0.7 kWh   [2mz:[0m +3.54   [2mdesvio:[0m +38%   [2m(2 obs. dia_util)[0m
2026-07-28 17:01:11 [INFO] 
2026-07-28 17:01:11 [INFO]   🔴 [91m[1mPT0002000071896778MT[0m  [2m[Cluster 0][0m
2026-07-28 17:01:11 [INFO]      consumiu MAIS que o habitual às 18h
2026-07-28 17:01:11 [INFO]      [2mReal:[0m 7.0 kWh   [2mHabitual:[0m 4.5 ± 0.7 kWh   [2mz:[0m +3.54   [2mdesvio:[0m +56%   [2m(2 obs. dia_util)[0m
2026-07-28 17:01:11 [INFO] 
2026-07-28 17:01:11 [INFO]   🔴 [91m[1mPT0002000073481266XH[0m  [2m[Cluster 0][0m
2026-07-28 17:01:11 [INFO]      consumiu MAIS que o habitual às 19h
2026-07-28 17:01:11 [INFO]      [2mReal:[0m 9.0 kWh   [2mHabitual:[0m 6.5 ± 0.7 kWh   [2mz:[0m +3.54   [2mdesvio:[0m +38%   [2m(2 obs. dia_util)[0m
2026-07-28 17:01:11 [INFO] 
2026-07-28 17:01:11 [INFO]   🔴 [91m[1mPT0002000073717386HC[0m  [2m[Cluster 1 (atribuido)][0m
2026-07-28 17:01:11 [INFO]      consumiu MAIS que o habitual às 14h
2026-07-28 17:01:11 [INFO]      [2mReal:[0m 3.0 kWh   [2mHabitual:[0m 0.5 ± 0.7 kWh   [2mz:[0m +3.54   [2mdesvio:[0m +500%   [2m(2 obs. dia_util)[0m
2026-07-28 17:01:11 [INFO] 
2026-07-28 17:01:11 [INFO]   🔴 [91m[1mPT0002000078207354XC[0m  [2m[Cluster 1][0m
2026-07-28 17:01:11 [INFO]      consumiu MAIS que o habitual às 07h
2026-07-28 17:01:11 [INFO]      [2mReal:[0m 5.0 kWh   [2mHabitual:[0m 2.5 ± 0.7 kWh   [2mz:[0m +3.54   [2mdesvio:[0m +100%   [2m(2 obs. dia_util)[0m
2026-07-28 17:01:11 [INFO] 
2026-07-28 17:01:11 [INFO]   🔴 [91m[1mPT0002000078294957RQ[0m  [2m[Cluster 0][0m
2026-07-28 17:01:11 [INFO]      consumiu MAIS que o habitual às 07h
2026-07-28 17:01:11 [INFO]      [2mReal:[0m 7.0 kWh   [2mHabitual:[0m 4.5 ± 0.7 kWh   [2mz:[0m +3.54   [2mdesvio:[0m +56%   [2m(2 obs. dia_util)[0m
2026-07-28 17:01:11 [INFO] 
2026-07-28 17:01:11 [INFO]   🔴 [91m[1mPT0002000082549706RH[0m  [2m[Cluster 0][0m
2026-07-28 17:01:11 [INFO]      consumiu MAIS que o habitual às 14h
2026-07-28 17:01:11 [INFO]      [2mReal:[0m 130.0 kWh   [2mHabitual:[0m 90.0 ± 11.3 kWh   [2mz:[0m +3.54   [2mdesvio:[0m +44%   [2m(2 obs. dia_util)[0m
2026-07-28 17:01:11 [INFO] 
2026-07-28 17:01:11 [INFO]   🔴 [91m[1mPT0002000107046231FW[0m  [2m[Cluster 0][0m
2026-07-28 17:01:11 [INFO]      consumiu MAIS que o habitual às 07h
2026-07-28 17:01:11 [INFO]      [2mReal:[0m 7.0 kWh   [2mHabitual:[0m 4.5 ± 0.7 kWh   [2mz:[0m +3.54   [2mdesvio:[0m +56%   [2m(2 obs. dia_util)[0m
2026-07-28 17:01:11 [INFO] 
2026-07-28 17:01:11 [INFO]   🔵 [94m[1mPT0002000107172384HT[0m  [2m[Cluster 1][0m
2026-07-28 17:01:11 [INFO]      consumiu MENOS que o habitual às 20h
2026-07-28 17:01:11 [INFO]      [2mReal:[0m 27.0 kWh   [2mHabitual:[0m 52.0 ± 7.1 kWh   [2mz:[0m -3.54   [2mdesvio:[0m -48%   [2m(2 obs. dia_util)[0m
2026-07-28 17:01:11 [INFO] 
2026-07-28 17:01:11 [INFO]   🔴 [91m[1mPT0002000110814293YC[0m  [2m[Cluster 0 (atribuido)][0m
2026-07-28 17:01:11 [INFO]      consumiu MAIS que o habitual às 13h
2026-07-28 17:01:11 [INFO]      [2mReal:[0m 81.0 kWh   [2mHabitual:[0m 58.5 ± 6.4 kWh   [2mz:[0m +3.54   [2mdesvio:[0m +38%   [2m(2 obs. dia_util)[0m
2026-07-28 17:01:11 [INFO] 
2026-07-28 17:01:11 [INFO]   🔴 [91m[1mPT0002000201038711LS[0m  [2m[Cluster 1 (atribuido)][0m
2026-07-28 17:01:11 [INFO]      consumiu MAIS que o habitual às 11h
2026-07-28 17:01:11 [INFO]      [2mReal:[0m 3.0 kWh   [2mHabitual:[0m 0.5 ± 0.7 kWh   [2mz:[0m +3.54   [2mdesvio:[0m +500%   [2m(2 obs. dia_util)[0m
2026-07-28 17:01:11 [INFO] 
2026-07-28 17:01:11 [INFO]   🔴 [91m[1mPT0002000068856826ZG[0m  [2m[Cluster 0 (atribuido)][0m
2026-07-28 17:01:11 [INFO]      consumiu MAIS que o habitual às 00h
2026-07-28 17:01:11 [INFO]      [2mReal:[0m 75.0 kWh   [2mHabitual:[0m 55.5 ± 5.5 kWh   [2mz:[0m +3.51   [2mdesvio:[0m +35%   [2m(2 obs. dia_util)[0m
2026-07-28 17:01:11 [INFO] 
2026-07-28 17:01:11 [INFO]   🔴 [91m[1mPT0002000073573036KH[0m  [2m[Cluster 0 (atribuido)][0m
2026-07-28 17:01:11 [INFO]      consumiu MAIS que o habitual às 21h
2026-07-28 17:01:11 [INFO]      [2mReal:[0m 140.0 kWh   [2mHabitual:[0m 103.7 ± 10.4 kWh   [2mz:[0m +3.50   [2mdesvio:[0m +35%   [2m(3 obs. dia_util)[0m
2026-07-28 17:01:11 [INFO] 
2026-07-28 17:01:11 [INFO]   🔴 [91m[1mPT0002000068859597LS[0m  [2m[Cluster 0][0m
2026-07-28 17:01:11 [INFO]      consumiu MAIS que o habitual às 09h
2026-07-28 17:01:11 [INFO]      [2mReal:[0m 74.0 kWh   [2mHabitual:[0m 37.5 ± 10.6 kWh   [2mz:[0m +3.44   [2mdesvio:[0m +97%   [2m(2 obs. dia_util)[0m
2026-07-28 17:01:11 [INFO] 
2026-07-28 17:01:11 [INFO]   🔴 [91m[1mPT0002000101964938LF[0m  [2m[Cluster 0][0m
2026-07-28 17:01:11 [INFO]      consumiu MAIS que o habitual às 09h
2026-07-28 17:01:11 [INFO]      [2mReal:[0m 51.0 kWh   [2mHabitual:[0m 17.0 ± 9.9 kWh   [2mz:[0m +3.43   [2mdesvio:[0m +200%   [2m(2 obs. dia_util)[0m
2026-07-28 17:01:11 [INFO] 
2026-07-28 17:01:11 [INFO]   🔴 [91m[1mPT0002000068859597LS[0m  [2m[Cluster 0][0m
2026-07-28 17:01:11 [INFO]      consumiu MAIS que o habitual às 10h
2026-07-28 17:01:11 [INFO]      [2mReal:[0m 76.0 kWh   [2mHabitual:[0m 47.0 ± 8.5 kWh   [2mz:[0m +3.42   [2mdesvio:[0m +62%   [2m(2 obs. dia_util)[0m
2026-07-28 17:01:11 [INFO] 
2026-07-28 17:01:11 [INFO]   🔴 [91m[1mPT0002000110814293YC[0m  [2m[Cluster 0 (atribuido)][0m
2026-07-28 17:01:11 [INFO]      consumiu MAIS que o habitual às 09h
2026-07-28 17:01:11 [INFO]      [2mReal:[0m 63.0 kWh   [2mHabitual:[0m 47.0 ± 4.7 kWh   [2mz:[0m +3.40   [2mdesvio:[0m +34%   [2m(2 obs. dia_util)[0m
2026-07-28 17:01:11 [INFO] 
2026-07-28 17:01:11 [INFO]   🔴 [91m[1mPT0002000114685657JR[0m  [2m[Cluster 0][0m
2026-07-28 17:01:11 [INFO]      consumiu MAIS que o habitual às 07h
2026-07-28 17:01:11 [INFO]      [2mReal:[0m 209.0 kWh   [2mHabitual:[0m 156.0 ± 15.6 kWh   [2mz:[0m +3.40   [2mdesvio:[0m +34%   [2m(2 obs. dia_util)[0m
2026-07-28 17:01:11 [INFO] 
2026-07-28 17:01:11 [INFO]   🔴 [91m[1mPT0002000082549706RH[0m  [2m[Cluster 0][0m
2026-07-28 17:01:11 [INFO]      consumiu MAIS que o habitual às 19h
2026-07-28 17:01:11 [INFO]      [2mReal:[0m 109.0 kWh   [2mHabitual:[0m 81.5 ± 8.2 kWh   [2mz:[0m +3.37   [2mdesvio:[0m +34%   [2m(2 obs. dia_util)[0m
2026-07-28 17:01:11 [INFO] 
2026-07-28 17:01:11 [INFO]   🔴 [91m[1mPT0002000081997398TD[0m  [2m[Cluster 0][0m
2026-07-28 17:01:11 [INFO]      consumiu MAIS que o habitual às 20h
2026-07-28 17:01:11 [INFO]      [2mReal:[0m 165.0 kWh   [2mHabitual:[0m 123.5 ± 12.3 kWh   [2mz:[0m +3.36   [2mdesvio:[0m +34%   [2m(2 obs. dia_util)[0m
2026-07-28 17:01:11 [INFO] 
2026-07-28 17:01:11 [INFO]   🔴 [91m[1mPT0002000082549706RH[0m  [2m[Cluster 0][0m
2026-07-28 17:01:11 [INFO]      consumiu MAIS que o habitual às 13h
2026-07-28 17:01:11 [INFO]      [2mReal:[0m 126.0 kWh   [2mHabitual:[0m 88.0 ± 11.3 kWh   [2mz:[0m +3.36   [2mdesvio:[0m +43%   [2m(2 obs. dia_util)[0m
2026-07-28 17:01:11 [INFO] 
2026-07-28 17:01:11 [INFO]   🔵 [94m[1mPT0002000068856655YV[0m  [2m[Cluster 0][0m
2026-07-28 17:01:11 [INFO]      consumiu MENOS que o habitual às 07h
2026-07-28 17:01:11 [INFO]      [2mReal:[0m 1.0 kWh   [2mHabitual:[0m 2.0 ± 0.3 kWh   [2mz:[0m -3.33   [2mdesvio:[0m -50%   [2m(2 obs. dia_util)[0m
2026-07-28 17:01:11 [INFO] 
2026-07-28 17:01:11 [INFO]   🔴 [91m[1mPT0002000068856655YV[0m  [2m[Cluster 0][0m
2026-07-28 17:01:11 [INFO]      consumiu MAIS que o habitual às 08h
2026-07-28 17:01:11 [INFO]      [2mReal:[0m 3.0 kWh   [2mHabitual:[0m 2.0 ± 0.3 kWh   [2mz:[0m +3.33   [2mdesvio:[0m +50%   [2m(2 obs. dia_util)[0m
2026-07-28 17:01:11 [INFO] 
2026-07-28 17:01:11 [INFO]   🔴 [91m[1mPT0002000068856655YV[0m  [2m[Cluster 0][0m
2026-07-28 17:01:11 [INFO]      consumiu MAIS que o habitual às 20h
2026-07-28 17:01:11 [INFO]      [2mReal:[0m 3.0 kWh   [2mHabitual:[0m 2.0 ± 0.3 kWh   [2mz:[0m +3.33   [2mdesvio:[0m +50%   [2m(2 obs. dia_util)[0m
2026-07-28 17:01:11 [INFO] 
2026-07-28 17:01:11 [INFO]   🔴 [91m[1mPT0002000068856872QG[0m  [2m[Cluster 1][0m
2026-07-28 17:01:11 [INFO]      consumiu MAIS que o habitual às 19h
2026-07-28 17:01:11 [INFO]      [2mReal:[0m 1.0 kWh   [2mHabitual:[0m 0.0 ± 0.3 kWh   [2mz:[0m +3.33   [2mdesvio:[0m +100000%   [2m(2 obs. dia_util)[0m
2026-07-28 17:01:11 [INFO] 
2026-07-28 17:01:11 [INFO]   🔴 [91m[1mPT0002000068856952LS[0m  [2m[Cluster 2][0m
2026-07-28 17:01:11 [INFO]      consumiu MAIS que o habitual às 02h
2026-07-28 17:01:11 [INFO]      [2mReal:[0m 1.0 kWh   [2mHabitual:[0m 0.0 ± 0.3 kWh   [2mz:[0m +3.33   [2mdesvio:[0m +100000%   [2m(2 obs. dia_util)[0m
2026-07-28 17:01:11 [INFO] 
2026-07-28 17:01:11 [INFO]   🔴 [91m[1mPT0002000068856952LS[0m  [2m[Cluster 2][0m
2026-07-28 17:01:11 [INFO]      consumiu MAIS que o habitual às 20h
2026-07-28 17:01:11 [INFO]      [2mReal:[0m 1.0 kWh   [2mHabitual:[0m 0.0 ± 0.3 kWh   [2mz:[0m +3.33   [2mdesvio:[0m +100000%   [2m(2 obs. dia_util)[0m
2026-07-28 17:01:11 [INFO] 
2026-07-28 17:01:11 [INFO]   🔵 [94m[1mPT0002000068857099AR[0m  [2m[Cluster 1][0m
2026-07-28 17:01:11 [INFO]      consumiu MENOS que o habitual às 07h
2026-07-28 17:01:11 [INFO]      [2mReal:[0m 2.0 kWh   [2mHabitual:[0m 3.0 ± 0.3 kWh   [2mz:[0m -3.33   [2mdesvio:[0m -33%   [2m(2 obs. dia_util)[0m
2026-07-28 17:01:11 [INFO] 
2026-07-28 17:01:11 [INFO]   🔵 [94m[1mPT0002000068857099AR[0m  [2m[Cluster 1][0m
2026-07-28 17:01:11 [INFO]      consumiu MENOS que o habitual às 12h
2026-07-28 17:01:11 [INFO]      [2mReal:[0m 2.0 kWh   [2mHabitual:[0m 3.0 ± 0.3 kWh   [2mz:[0m -3.33   [2mdesvio:[0m -33%   [2m(2 obs. dia_util)[0m
2026-07-28 17:01:11 [INFO] 
2026-07-28 17:01:11 [INFO]   🔴 [91m[1mPT0002000068857099AR[0m  [2m[Cluster 1][0m
2026-07-28 17:01:11 [INFO]      consumiu MAIS que o habitual às 13h
2026-07-28 17:01:11 [INFO]      [2mReal:[0m 4.0 kWh   [2mHabitual:[0m 3.0 ± 0.3 kWh   [2mz:[0m +3.33   [2mdesvio:[0m +33%   [2m(2 obs. dia_util)[0m
2026-07-28 17:01:11 [INFO] 
2026-07-28 17:01:11 [INFO]   🔴 [91m[1mPT0002000068857099AR[0m  [2m[Cluster 1][0m
2026-07-28 17:01:11 [INFO]      consumiu MAIS que o habitual às 17h
2026-07-28 17:01:11 [INFO]      [2mReal:[0m 4.0 kWh   [2mHabitual:[0m 3.0 ± 0.3 kWh   [2mz:[0m +3.33   [2mdesvio:[0m +33%   [2m(2 obs. dia_util)[0m
2026-07-28 17:01:11 [INFO] 
2026-07-28 17:01:11 [INFO]   🔴 [91m[1mPT0002000068857099AR[0m  [2m[Cluster 1][0m
2026-07-28 17:01:11 [INFO]      consumiu MAIS que o habitual às 22h
2026-07-28 17:01:11 [INFO]      [2mReal:[0m 4.0 kWh   [2mHabitual:[0m 3.0 ± 0.3 kWh   [2mz:[0m +3.33   [2mdesvio:[0m +33%   [2m(3 obs. dia_util)[0m
2026-07-28 17:01:11 [INFO] 
2026-07-28 17:01:11 [INFO]   🔴 [91m[1mPT0002000068857909SY[0m  [2m[Cluster 1][0m
2026-07-28 17:01:11 [INFO]      consumiu MAIS que o habitual às 09h
2026-07-28 17:01:11 [INFO]      [2mReal:[0m 8.0 kWh   [2mHabitual:[0m 6.0 ± 0.6 kWh   [2mz:[0m +3.33   [2mdesvio:[0m +33%   [2m(2 obs. dia_util)[0m
2026-07-28 17:01:11 [INFO] 
2026-07-28 17:01:11 [INFO]   🔴 [91m[1mPT0002000073717386HC[0m  [2m[Cluster 1 (atribuido)][0m
2026-07-28 17:01:11 [INFO]      consumiu MAIS que o habitual às 02h
2026-07-28 17:01:11 [INFO]      [2mReal:[0m 1.0 kWh   [2mHabitual:[0m 0.0 ± 0.3 kWh   [2mz:[0m +3.33   [2mdesvio:[0m +100000%   [2m(2 obs. dia_util)[0m
2026-07-28 17:01:11 [INFO] 
2026-07-28 17:01:11 [INFO]   🔴 [91m[1mPT0002000073717386HC[0m  [2m[Cluster 1 (atribuido)][0m
2026-07-28 17:01:11 [INFO]      consumiu MAIS que o habitual às 05h
2026-07-28 17:01:11 [INFO]      [2mReal:[0m 1.0 kWh   [2mHabitual:[0m 0.0 ± 0.3 kWh   [2mz:[0m +3.33   [2mdesvio:[0m +100000%   [2m(2 obs. dia_util)[0m
2026-07-28 17:01:11 [INFO] 
2026-07-28 17:01:11 [INFO]   🔵 [94m[1mPT0002000078207354XC[0m  [2m[Cluster 1][0m
2026-07-28 17:01:11 [INFO]      consumiu MENOS que o habitual às 00h
2026-07-28 17:01:11 [INFO]      [2mReal:[0m 2.0 kWh   [2mHabitual:[0m 3.0 ± 0.3 kWh   [2mz:[0m -3.33   [2mdesvio:[0m -33%   [2m(2 obs. dia_util)[0m
2026-07-28 17:01:11 [INFO] 
2026-07-28 17:01:11 [INFO]   🔴 [91m[1mPT0002000078207354XC[0m  [2m[Cluster 1][0m
2026-07-28 17:01:11 [INFO]      consumiu MAIS que o habitual às 01h
2026-07-28 17:01:11 [INFO]      [2mReal:[0m 3.0 kWh   [2mHabitual:[0m 2.0 ± 0.3 kWh   [2mz:[0m +3.33   [2mdesvio:[0m +50%   [2m(2 obs. dia_util)[0m
2026-07-28 17:01:11 [INFO] 
2026-07-28 17:01:11 [INFO]   🔵 [94m[1mPT0002000078207354XC[0m  [2m[Cluster 1][0m
2026-07-28 17:01:11 [INFO]      consumiu MENOS que o habitual às 02h
2026-07-28 17:01:11 [INFO]      [2mReal:[0m 2.0 kWh   [2mHabitual:[0m 3.0 ± 0.3 kWh   [2mz:[0m -3.33   [2mdesvio:[0m -33%   [2m(2 obs. dia_util)[0m
2026-07-28 17:01:11 [INFO] 
2026-07-28 17:01:11 [INFO]   🔴 [91m[1mPT0002000078207354XC[0m  [2m[Cluster 1][0m
2026-07-28 17:01:11 [INFO]      consumiu MAIS que o habitual às 03h
2026-07-28 17:01:11 [INFO]      [2mReal:[0m 3.0 kWh   [2mHabitual:[0m 2.0 ± 0.3 kWh   [2mz:[0m +3.33   [2mdesvio:[0m +50%   [2m(2 obs. dia_util)[0m
2026-07-28 17:01:11 [INFO] 
2026-07-28 17:01:11 [INFO]   🔵 [94m[1mPT0002000078207354XC[0m  [2m[Cluster 1][0m
2026-07-28 17:01:11 [INFO]      consumiu MENOS que o habitual às 04h
2026-07-28 17:01:11 [INFO]      [2mReal:[0m 2.0 kWh   [2mHabitual:[0m 3.0 ± 0.3 kWh   [2mz:[0m -3.33   [2mdesvio:[0m -33%   [2m(2 obs. dia_util)[0m
2026-07-28 17:01:11 [INFO] 
2026-07-28 17:01:11 [INFO]   🔴 [91m[1mPT0002000078207354XC[0m  [2m[Cluster 1][0m
2026-07-28 17:01:11 [INFO]      consumiu MAIS que o habitual às 05h
2026-07-28 17:01:11 [INFO]      [2mReal:[0m 3.0 kWh   [2mHabitual:[0m 2.0 ± 0.3 kWh   [2mz:[0m +3.33   [2mdesvio:[0m +50%   [2m(2 obs. dia_util)[0m
2026-07-28 17:01:11 [INFO] 
2026-07-28 17:01:11 [INFO]   🔵 [94m[1mPT0002000078207354XC[0m  [2m[Cluster 1][0m
2026-07-28 17:01:11 [INFO]      consumiu MENOS que o habitual às 06h
2026-07-28 17:01:11 [INFO]      [2mReal:[0m 2.0 kWh   [2mHabitual:[0m 3.0 ± 0.3 kWh   [2mz:[0m -3.33   [2mdesvio:[0m -33%   [2m(2 obs. dia_util)[0m
2026-07-28 17:01:11 [INFO] 
2026-07-28 17:01:11 [INFO]   🔴 [91m[1mPT0002000078233981HJ[0m  [2m[Cluster 1][0m
2026-07-28 17:01:11 [INFO]      consumiu MAIS que o habitual às 02h
2026-07-28 17:01:11 [INFO]      [2mReal:[0m 3.0 kWh   [2mHabitual:[0m 2.0 ± 0.3 kWh   [2mz:[0m +3.33   [2mdesvio:[0m +50%   [2m(2 obs. dia_util)[0m
2026-07-28 17:01:11 [INFO] 
2026-07-28 17:01:11 [INFO]   🔴 [91m[1mPT0002000078233981HJ[0m  [2m[Cluster 1][0m
2026-07-28 17:01:11 [INFO]      consumiu MAIS que o habitual às 05h
2026-07-28 17:01:11 [INFO]      [2mReal:[0m 3.0 kWh   [2mHabitual:[0m 2.0 ± 0.3 kWh   [2mz:[0m +3.33   [2mdesvio:[0m +50%   [2m(2 obs. dia_util)[0m
2026-07-28 17:01:11 [INFO] 
2026-07-28 17:01:11 [INFO]   🔵 [94m[1mPT0002000078233981HJ[0m  [2m[Cluster 1][0m
2026-07-28 17:01:11 [INFO]      consumiu MENOS que o habitual às 23h
2026-07-28 17:01:11 [INFO]      [2mReal:[0m 2.0 kWh   [2mHabitual:[0m 3.0 ± 0.3 kWh   [2mz:[0m -3.33   [2mdesvio:[0m -33%   [2m(3 obs. dia_util)[0m
2026-07-28 17:01:11 [INFO] 
2026-07-28 17:01:11 [INFO]   🔴 [91m[1mPT0002000081344542CP[0m  [2m[Cluster 1][0m
2026-07-28 17:01:11 [INFO]      consumiu MAIS que o habitual às 02h
2026-07-28 17:01:11 [INFO]      [2mReal:[0m 2.0 kWh   [2mHabitual:[0m 1.0 ± 0.3 kWh   [2mz:[0m +3.33   [2mdesvio:[0m +100%   [2m(2 obs. dia_util)[0m
2026-07-28 17:01:11 [INFO] 
2026-07-28 17:01:11 [INFO]   🔵 [94m[1mPT0002000081344542CP[0m  [2m[Cluster 1][0m
2026-07-28 17:01:11 [INFO]      consumiu MENOS que o habitual às 05h
2026-07-28 17:01:11 [INFO]      [2mReal:[0m 1.0 kWh   [2mHabitual:[0m 2.0 ± 0.3 kWh   [2mz:[0m -3.33   [2mdesvio:[0m -50%   [2m(2 obs. dia_util)[0m
2026-07-28 17:01:11 [INFO] 
2026-07-28 17:01:11 [INFO]   🔴 [91m[1mPT0002000105483259QH[0m  [2m[Cluster 1][0m
2026-07-28 17:01:11 [INFO]      consumiu MAIS que o habitual às 03h
2026-07-28 17:01:11 [INFO]      [2mReal:[0m 1.0 kWh   [2mHabitual:[0m 0.0 ± 0.3 kWh   [2mz:[0m +3.33   [2mdesvio:[0m +100000%   [2m(2 obs. dia_util)[0m
2026-07-28 17:01:11 [INFO] 
2026-07-28 17:01:11 [INFO]   🔵 [94m[1mPT0002000105483259QH[0m  [2m[Cluster 1][0m
2026-07-28 17:01:11 [INFO]      consumiu MENOS que o habitual às 13h
2026-07-28 17:01:11 [INFO]      [2mReal:[0m 0.0 kWh   [2mHabitual:[0m 1.0 ± 0.3 kWh   [2mz:[0m -3.33   [2mdesvio:[0m -100%   [2m(2 obs. dia_util)[0m
2026-07-28 17:01:11 [INFO] 
2026-07-28 17:01:11 [INFO]   🔴 [91m[1mPT0002000105483259QH[0m  [2m[Cluster 1][0m
2026-07-28 17:01:11 [INFO]      consumiu MAIS que o habitual às 16h
2026-07-28 17:01:11 [INFO]      [2mReal:[0m 2.0 kWh   [2mHabitual:[0m 1.0 ± 0.3 kWh   [2mz:[0m +3.33   [2mdesvio:[0m +100%   [2m(2 obs. dia_util)[0m
2026-07-28 17:01:11 [INFO] 
2026-07-28 17:01:11 [INFO]   🔴 [91m[1mPT0002000105483259QH[0m  [2m[Cluster 1][0m
2026-07-28 17:01:11 [INFO]      consumiu MAIS que o habitual às 19h
2026-07-28 17:01:11 [INFO]      [2mReal:[0m 2.0 kWh   [2mHabitual:[0m 1.0 ± 0.3 kWh   [2mz:[0m +3.33   [2mdesvio:[0m +100%   [2m(2 obs. dia_util)[0m
2026-07-28 17:01:11 [INFO] 
2026-07-28 17:01:11 [INFO]   🔴 [91m[1mPT0002000107046231FW[0m  [2m[Cluster 0][0m
2026-07-28 17:01:11 [INFO]      consumiu MAIS que o habitual às 04h
2026-07-28 17:01:11 [INFO]      [2mReal:[0m 4.0 kWh   [2mHabitual:[0m 3.0 ± 0.3 kWh   [2mz:[0m +3.33   [2mdesvio:[0m +33%   [2m(2 obs. dia_util)[0m
2026-07-28 17:01:11 [INFO] 
2026-07-28 17:01:11 [INFO]   🔵 [94m[1mPT0002000107046231FW[0m  [2m[Cluster 0][0m
2026-07-28 17:01:11 [INFO]      consumiu MENOS que o habitual às 20h
2026-07-28 17:01:11 [INFO]      [2mReal:[0m 2.0 kWh   [2mHabitual:[0m 3.0 ± 0.3 kWh   [2mz:[0m -3.33   [2mdesvio:[0m -33%   [2m(2 obs. dia_util)[0m
2026-07-28 17:01:11 [INFO] 
2026-07-28 17:01:11 [INFO]   🔵 [94m[1mPT0002000107172384HT[0m  [2m[Cluster 1][0m
2026-07-28 17:01:11 [INFO]      consumiu MENOS que o habitual às 17h
2026-07-28 17:01:11 [INFO]      [2mReal:[0m 27.0 kWh   [2mHabitual:[0m 43.5 ± 5.0 kWh   [2mz:[0m -3.33   [2mdesvio:[0m -38%   [2m(2 obs. dia_util)[0m
2026-07-28 17:01:11 [INFO] 
2026-07-28 17:01:11 [INFO]   🔴 [91m[1mPT0002000109837807PE[0m  [2m[Cluster 1][0m
2026-07-28 17:01:11 [INFO]      consumiu MAIS que o habitual às 14h
2026-07-28 17:01:11 [INFO]      [2mReal:[0m 4.0 kWh   [2mHabitual:[0m 3.0 ± 0.3 kWh   [2mz:[0m +3.33   [2mdesvio:[0m +33%   [2m(2 obs. dia_util)[0m
2026-07-28 17:01:11 [INFO] 
2026-07-28 17:01:11 [INFO]   🔴 [91m[1mPT0002000111572054VT[0m  [2m[Cluster 0 (atribuido)][0m
2026-07-28 17:01:11 [INFO]      consumiu MAIS que o habitual às 11h
2026-07-28 17:01:11 [INFO]      [2mReal:[0m 1.0 kWh   [2mHabitual:[0m 0.0 ± 0.3 kWh   [2mz:[0m +3.33   [2mdesvio:[0m +100000%   [2m(2 obs. dia_util)[0m
2026-07-28 17:01:11 [INFO] 
2026-07-28 17:01:11 [INFO]   🔴 [91m[1mPT0002000123648159KR[0m  [2m[Cluster 0][0m
2026-07-28 17:01:11 [INFO]      consumiu MAIS que o habitual às 06h
2026-07-28 17:01:11 [INFO]      [2mReal:[0m 3.0 kWh   [2mHabitual:[0m 2.0 ± 0.3 kWh   [2mz:[0m +3.33   [2mdesvio:[0m +50%   [2m(2 obs. dia_util)[0m
2026-07-28 17:01:11 [INFO] 
2026-07-28 17:01:11 [INFO]   🔵 [94m[1mPT0002000125379984SH[0m  [2m[Cluster 1][0m
2026-07-28 17:01:11 [INFO]      consumiu MENOS que o habitual às 06h
2026-07-28 17:01:11 [INFO]      [2mReal:[0m 2.0 kWh   [2mHabitual:[0m 3.0 ± 0.3 kWh   [2mz:[0m -3.33   [2mdesvio:[0m -33%   [2m(2 obs. dia_util)[0m
2026-07-28 17:01:11 [INFO] 
2026-07-28 17:01:11 [INFO]   🔵 [94m[1mPT0002000201936109ME[0m  [2m[Cluster 0][0m
2026-07-28 17:01:11 [INFO]      consumiu MENOS que o habitual às 15h
2026-07-28 17:01:11 [INFO]      [2mReal:[0m 0.0 kWh   [2mHabitual:[0m 1.0 ± 0.3 kWh   [2mz:[0m -3.33   [2mdesvio:[0m -100%   [2m(2 obs. dia_util)[0m
2026-07-28 17:01:11 [INFO] 
2026-07-28 17:01:11 [INFO]   🔴 [91m[1mPT0002000073573036KH[0m  [2m[Cluster 0 (atribuido)][0m
2026-07-28 17:01:11 [INFO]      consumiu MAIS que o habitual às 09h
2026-07-28 17:01:11 [INFO]      [2mReal:[0m 219.0 kWh   [2mHabitual:[0m 164.5 ± 16.4 kWh   [2mz:[0m +3.31   [2mdesvio:[0m +33%   [2m(2 obs. dia_util)[0m
2026-07-28 17:01:11 [INFO] 
2026-07-28 17:01:11 [INFO]   🔴 [91m[1mPT0002000068856974CZ[0m  [2m[Cluster 0 (atribuido)][0m
2026-07-28 17:01:11 [INFO]      consumiu MAIS que o habitual às 18h
2026-07-28 17:01:11 [INFO]      [2mReal:[0m 37.0 kWh   [2mHabitual:[0m 23.0 ± 4.2 kWh   [2mz:[0m +3.30   [2mdesvio:[0m +61%   [2m(2 obs. dia_util)[0m
2026-07-28 17:01:11 [INFO] 
2026-07-28 17:01:11 [INFO]   🔴 [91m[1mPT0002000073720434JD[0m  [2m[Cluster 1 (atribuido)][0m
2026-07-28 17:01:11 [INFO]      consumiu MAIS que o habitual às 19h
2026-07-28 17:01:11 [INFO]      [2mReal:[0m 37.0 kWh   [2mHabitual:[0m 23.0 ± 4.2 kWh   [2mz:[0m +3.30   [2mdesvio:[0m +61%   [2m(2 obs. dia_util)[0m
2026-07-28 17:01:11 [INFO] 
2026-07-28 17:01:11 [INFO]   🔴 [91m[1mPT0002000082549706RH[0m  [2m[Cluster 0][0m
2026-07-28 17:01:11 [INFO]      consumiu MAIS que o habitual às 20h
2026-07-28 17:01:11 [INFO]      [2mReal:[0m 113.0 kWh   [2mHabitual:[0m 85.0 ± 8.5 kWh   [2mz:[0m +3.29   [2mdesvio:[0m +33%   [2m(2 obs. dia_util)[0m
2026-07-28 17:01:11 [INFO] 
2026-07-28 17:01:11 [INFO]   🔴 [91m[1mPT0002000073717386HC[0m  [2m[Cluster 1 (atribuido)][0m
2026-07-28 17:01:11 [INFO]      consumiu MAIS que o habitual às 20h
2026-07-28 17:01:11 [INFO]      [2mReal:[0m 69.0 kWh   [2mHabitual:[0m 52.0 ± 5.2 kWh   [2mz:[0m +3.27   [2mdesvio:[0m +33%   [2m(2 obs. dia_util)[0m
2026-07-28 17:01:11 [INFO] 
2026-07-28 17:01:11 [INFO]   🔵 [94m[1mPT0002000077348081AG[0m  [2m[Cluster 0 (atribuido)][0m
2026-07-28 17:01:11 [INFO]      consumiu MENOS que o habitual às 22h
2026-07-28 17:01:11 [INFO]      [2mReal:[0m 24.0 kWh   [2mHabitual:[0m 92.0 ± 20.8 kWh   [2mz:[0m -3.27   [2mdesvio:[0m -74%   [2m(3 obs. dia_util)[0m
2026-07-28 17:01:11 [INFO] 
2026-07-28 17:01:11 [INFO]   🔴 [91m[1mPT0002000078441876HB[0m  [2m[Cluster 0][0m
2026-07-28 17:01:11 [INFO]      consumiu MAIS que o habitual às 12h
2026-07-28 17:01:11 [INFO]      [2mReal:[0m 1576.0 kWh   [2mHabitual:[0m 1189.5 ± 119.0 kWh   [2mz:[0m +3.25   [2mdesvio:[0m +32%   [2m(2 obs. dia_util)[0m
2026-07-28 17:01:11 [INFO] 
2026-07-28 17:01:11 [INFO]   🔴 [91m[1mPT0002000077348081AG[0m  [2m[Cluster 0 (atribuido)][0m
2026-07-28 17:01:11 [INFO]      consumiu MAIS que o habitual às 12h
2026-07-28 17:01:11 [INFO]      [2mReal:[0m 305.0 kWh   [2mHabitual:[0m 227.0 ± 24.0 kWh   [2mz:[0m +3.24   [2mdesvio:[0m +34%   [2m(2 obs. dia_util)[0m
2026-07-28 17:01:11 [INFO] 
2026-07-28 17:01:11 [INFO]   🔵 [94m[1mPT0002000107172384HT[0m  [2m[Cluster 1][0m
2026-07-28 17:01:11 [INFO]      consumiu MENOS que o habitual às 13h
2026-07-28 17:01:11 [INFO]      [2mReal:[0m 23.0 kWh   [2mHabitual:[0m 34.0 ± 3.4 kWh   [2mz:[0m -3.24   [2mdesvio:[0m -32%   [2m(2 obs. dia_util)[0m
2026-07-28 17:01:11 [INFO] 
2026-07-28 17:01:11 [INFO]   🔴 [91m[1mPT0002000082549706RH[0m  [2m[Cluster 0][0m
2026-07-28 17:01:11 [INFO]      consumiu MAIS que o habitual às 15h
2026-07-28 17:01:11 [INFO]      [2mReal:[0m 136.0 kWh   [2mHabitual:[0m 95.0 ± 12.7 kWh   [2mz:[0m +3.22   [2mdesvio:[0m +43%   [2m(2 obs. dia_util)[0m
2026-07-28 17:01:11 [INFO] 
2026-07-28 17:01:11 [INFO]   🔴 [91m[1mPT0002000110814293YC[0m  [2m[Cluster 0 (atribuido)][0m
2026-07-28 17:01:11 [INFO]      consumiu MAIS que o habitual às 08h
2026-07-28 17:01:11 [INFO]      [2mReal:[0m 55.0 kWh   [2mHabitual:[0m 34.5 ± 6.4 kWh   [2mz:[0m +3.22   [2mdesvio:[0m +59%   [2m(2 obs. dia_util)[0m
2026-07-28 17:01:11 [INFO] 
2026-07-28 17:01:11 [INFO]   🔴 [91m[1mPT0002000077348081AG[0m  [2m[Cluster 0 (atribuido)][0m
2026-07-28 17:01:11 [INFO]      consumiu MAIS que o habitual às 16h
2026-07-28 17:01:11 [INFO]      [2mReal:[0m 328.0 kWh   [2mHabitual:[0m 248.5 ± 24.9 kWh   [2mz:[0m +3.20   [2mdesvio:[0m +32%   [2m(2 obs. dia_util)[0m
2026-07-28 17:01:11 [INFO] 
2026-07-28 17:01:11 [INFO]   🔴 [91m[1mPT0002000068856781NM[0m  [2m[Cluster 0][0m
2026-07-28 17:01:11 [INFO]      consumiu MAIS que o habitual às 16h
2026-07-28 17:01:11 [INFO]      [2mReal:[0m 133.0 kWh   [2mHabitual:[0m 101.0 ± 10.1 kWh   [2mz:[0m +3.17   [2mdesvio:[0m +32%   [2m(2 obs. dia_util)[0m
2026-07-28 17:01:11 [INFO] 
2026-07-28 17:01:11 [INFO]   🔴 [91m[1mPT0002000112989585PH[0m  [2m[Cluster 0][0m
2026-07-28 17:01:11 [INFO]      consumiu MAIS que o habitual às 19h
2026-07-28 17:01:11 [INFO]      [2mReal:[0m 142.0 kWh   [2mHabitual:[0m 108.0 ± 10.8 kWh   [2mz:[0m +3.15   [2mdesvio:[0m +31%   [2m(2 obs. dia_util)[0m
2026-07-28 17:01:11 [INFO] 
2026-07-28 17:01:11 [INFO]   🔴 [91m[1mPT0002000078233981HJ[0m  [2m[Cluster 1][0m
2026-07-28 17:01:11 [INFO]      consumiu MAIS que o habitual às 17h
2026-07-28 17:01:11 [INFO]      [2mReal:[0m 22.0 kWh   [2mHabitual:[0m 6.5 ± 5.0 kWh   [2mz:[0m +3.13   [2mdesvio:[0m +238%   [2m(2 obs. dia_util)[0m
2026-07-28 17:01:11 [INFO] 
2026-07-28 17:01:11 [INFO]   🔴 [91m[1mPT0002000078441876HB[0m  [2m[Cluster 0][0m
2026-07-28 17:01:11 [INFO]      consumiu MAIS que o habitual às 10h
2026-07-28 17:01:11 [INFO]      [2mReal:[0m 1448.0 kWh   [2mHabitual:[0m 1049.0 ± 127.3 kWh   [2mz:[0m +3.13   [2mdesvio:[0m +38%   [2m(2 obs. dia_util)[0m
2026-07-28 17:01:11 [INFO] 
2026-07-28 17:01:11 [INFO]   🔴 [91m[1mPT0002000081997398TD[0m  [2m[Cluster 0][0m
2026-07-28 17:01:11 [INFO]      consumiu MAIS que o habitual às 19h
2026-07-28 17:01:11 [INFO]      [2mReal:[0m 187.0 kWh   [2mHabitual:[0m 142.5 ± 14.2 kWh   [2mz:[0m +3.12   [2mdesvio:[0m +31%   [2m(2 obs. dia_util)[0m
2026-07-28 17:01:11 [INFO] 
2026-07-28 17:01:11 [INFO]   🔴 [91m[1mPT0002000125701614SQ[0m  [2m[Cluster 1 (atribuido)][0m
2026-07-28 17:01:11 [INFO]      consumiu MAIS que o habitual às 09h
2026-07-28 17:01:11 [INFO]      [2mReal:[0m 21.0 kWh   [2mHabitual:[0m 16.0 ± 1.6 kWh   [2mz:[0m +3.12   [2mdesvio:[0m +31%   [2m(2 obs. dia_util)[0m
2026-07-28 17:01:11 [INFO] 
2026-07-28 17:01:11 [INFO]   🔴 [91m[1mPT0002000125701614SQ[0m  [2m[Cluster 1 (atribuido)][0m
2026-07-28 17:01:11 [INFO]      consumiu MAIS que o habitual às 11h
2026-07-28 17:01:11 [INFO]      [2mReal:[0m 21.0 kWh   [2mHabitual:[0m 16.0 ± 1.6 kWh   [2mz:[0m +3.12   [2mdesvio:[0m +31%   [2m(2 obs. dia_util)[0m
2026-07-28 17:01:11 [INFO] 
2026-07-28 17:01:11 [INFO]   🔴 [91m[1mPT0002000125701614SQ[0m  [2m[Cluster 1 (atribuido)][0m
2026-07-28 17:01:11 [INFO]      consumiu MAIS que o habitual às 19h
2026-07-28 17:01:11 [INFO]      [2mReal:[0m 21.0 kWh   [2mHabitual:[0m 16.0 ± 1.6 kWh   [2mz:[0m +3.12   [2mdesvio:[0m +31%   [2m(2 obs. dia_util)[0m
2026-07-28 17:01:11 [INFO] 
2026-07-28 17:01:11 [INFO]   🔴 [91m[1mPT0002000068856781NM[0m  [2m[Cluster 0][0m
2026-07-28 17:01:11 [INFO]      consumiu MAIS que o habitual às 15h
2026-07-28 17:01:11 [INFO]      [2mReal:[0m 133.0 kWh   [2mHabitual:[0m 101.5 ± 10.2 kWh   [2mz:[0m +3.10   [2mdesvio:[0m +31%   [2m(2 obs. dia_util)[0m
2026-07-28 17:01:11 [INFO] 
2026-07-28 17:01:11 [INFO]   🔴 [91m[1mPT0002000068856781NM[0m  [2m[Cluster 0][0m
2026-07-28 17:01:11 [INFO]      consumiu MAIS que o habitual às 12h
2026-07-28 17:01:11 [INFO]      [2mReal:[0m 127.0 kWh   [2mHabitual:[0m 97.0 ± 9.7 kWh   [2mz:[0m +3.09   [2mdesvio:[0m +31%   [2m(2 obs. dia_util)[0m
2026-07-28 17:01:11 [INFO] 
2026-07-28 17:01:11 [INFO]   🔴 [91m[1mPT0002000068856655YV[0m  [2m[Cluster 0][0m
2026-07-28 17:01:11 [INFO]      consumiu MAIS que o habitual às 14h
2026-07-28 17:01:11 [INFO]      [2mReal:[0m 9.0 kWh   [2mHabitual:[0m 2.5 ± 2.1 kWh   [2mz:[0m +3.06   [2mdesvio:[0m +260%   [2m(2 obs. dia_util)[0m
2026-07-28 17:01:11 [INFO] 
2026-07-28 17:01:11 [INFO]   🔴 [91m[1mPT0002000068859382XF[0m  [2m[Cluster 0][0m
2026-07-28 17:01:11 [INFO]      consumiu MAIS que o habitual às 17h
2026-07-28 17:01:11 [INFO]      [2mReal:[0m 47.0 kWh   [2mHabitual:[0m 36.0 ± 3.6 kWh   [2mz:[0m +3.06   [2mdesvio:[0m +31%   [2m(2 obs. dia_util)[0m
2026-07-28 17:01:11 [INFO] 
2026-07-28 17:01:11 [INFO]   🔴 [91m[1mPT0002000068859597LS[0m  [2m[Cluster 0][0m
2026-07-28 17:01:11 [INFO]      consumiu MAIS que o habitual às 08h
2026-07-28 17:01:11 [INFO]      [2mReal:[0m 60.0 kWh   [2mHabitual:[0m 34.0 ± 8.5 kWh   [2mz:[0m +3.06   [2mdesvio:[0m +76%   [2m(2 obs. dia_util)[0m
2026-07-28 17:01:11 [INFO] 
2026-07-28 17:01:11 [INFO]   🔴 [91m[1mPT0002000110814293YC[0m  [2m[Cluster 0 (atribuido)][0m
2026-07-28 17:01:11 [INFO]      consumiu MAIS que o habitual às 15h
2026-07-28 17:01:11 [INFO]      [2mReal:[0m 79.0 kWh   [2mHabitual:[0m 60.5 ± 6.0 kWh   [2mz:[0m +3.06   [2mdesvio:[0m +31%   [2m(2 obs. dia_util)[0m
2026-07-28 17:01:11 [INFO] 
2026-07-28 17:01:11 [INFO]   🔴 [91m[1mPT0002000068856781NM[0m  [2m[Cluster 0][0m
2026-07-28 17:01:11 [INFO]      consumiu MAIS que o habitual às 14h
2026-07-28 17:01:11 [INFO]      [2mReal:[0m 132.0 kWh   [2mHabitual:[0m 101.5 ± 10.2 kWh   [2mz:[0m +3.00   [2mdesvio:[0m +30%   [2m(2 obs. dia_util)[0m
2026-07-28 17:01:11 [INFO] 
2026-07-28 17:01:11 [INFO]   🔴 [91m[1mPT0002000114613364CC[0m  [2m[Cluster 0 (atribuido)][0m
2026-07-28 17:01:11 [INFO]      consumiu MAIS que o habitual às 20h
2026-07-28 17:01:11 [INFO]      [2mReal:[0m 145.0 kWh   [2mHabitual:[0m 111.5 ± 11.2 kWh   [2mz:[0m +3.00   [2mdesvio:[0m +30%   [2m(2 obs. dia_util)[0m
2026-07-28 17:01:11 [INFO] 
2026-07-28 17:01:11 [INFO]   [2mCSV:[0m /home/runner/work/ts-anomaly-detection-dissertation/ts-anomaly-detection-dissertation/results/energia/realtime/alerts/analise_energia_2026-07-27.csv
2026-07-28 17:01:11 [INFO] 
2026-07-28 17:01:11 [INFO] [96m→ A prever consumo de 2026-07-28 para 276 CPEs...[0m
2026-07-28 17:01:16 [INFO] [1m══════════════════════════════════════════════════════════════════════[0m
2026-07-28 17:01:16 [INFO] [1m  PREDIÇÃO — 2026-07-28 [0m[2m(dia util)[0m
2026-07-28 17:01:16 [INFO] [1m══════════════════════════════════════════════════════════════════════[0m
2026-07-28 17:01:16 [INFO]   [95m● CPEs previstos[0m          69 [2m(alta: 0, baixa: 1656)[0m
2026-07-28 17:01:16 [INFO]   [95m● Consumo total previsto[0m 83975.8 kWh [2m(±22243.4)[0m
2026-07-28 17:01:16 [INFO] 
2026-07-28 17:01:16 [INFO]   [2mPrevisão guardada:[0m /home/runner/work/ts-anomaly-detection-dissertation/ts-anomaly-detection-dissertation/results/energia/realtime/predictions/previsao_energia_2026-07-28.csv
2026-07-28 17:01:16 [INFO] 
2026-07-28 17:01:16 [INFO] [1m══════════════════════════════════════════════════════════════════════[0m
2026-07-28 17:01:16 [INFO] [1m  VALIDAÇÃO — qualidade das previsões anteriores[0m
2026-07-28 17:01:16 [INFO] [1m══════════════════════════════════════════════════════════════════════[0m
2026-07-28 17:01:16 [INFO]   [2mDias validados:[0m 4   [2mpendentes:[0m 43
2026-07-28 17:01:16 [INFO]   [2mÚltimo (2026-07-27):[0m MAE 19.19 kWh   RMSE 51.02   em ±1σ 47% [2m(esperado ~68%)[0m   em ±2σ 57% [2m(esperado ~95%)[0m
2026-07-28 17:01:16 [INFO]   [2mMédia acumulada:[0m MAE 16.27 kWh   RMSE 44.92   em ±1σ 54%   em ±2σ 76%
2026-07-28 17:01:16 [INFO]   [2mCSV:[0m /home/runner/work/ts-anomaly-detection-dissertation/ts-anomaly-detection-dissertation/results/energia/realtime/analysis/qualidade_previsoes_energia.csv
2026-07-28 17:01:16 [INFO] 
2026-07-28 17:01:16 [INFO] 
2026-07-28 17:01:16 [INFO] Concluido em 735.8s. Ficheiros gerados: 2
2026-07-28 17:44:46 [INFO] [96m→ A pedir dados ao BaZe (276 CPEs)...[0m
2026-07-28 17:56:52 [INFO]   [2mClusters atribuidos carregados:[0m 22 novos
2026-07-28 17:56:52 [INFO] 
2026-07-28 17:56:52 [INFO] [1m══════════════════════════════════════════════════════════════════════[0m
2026-07-28 17:56:52 [INFO] [1m  DETEÇÃO DE ANOMALIAS — 2026-07-27[0m
2026-07-28 17:56:52 [INFO] [1m══════════════════════════════════════════════════════════════════════[0m
2026-07-28 17:56:52 [INFO]   [2mTipo de dia:[0m  dia util
2026-07-28 17:56:52 [INFO]   [2mFonte:[0m        BAZE
2026-07-28 17:56:52 [INFO]   [2mCPEs c/ dados:[0m 69
2026-07-28 17:56:52 [INFO]   [2mThreshold:[0m    |z| > 3.0 [2m(adaptativo a este tipo de dia)[0m
2026-07-28 17:56:52 [INFO] 
2026-07-28 17:56:52 [INFO] [96m→ A analisar 69 CPEs / 1656 pontos horários (retrospetiva)...[0m
2026-07-28 17:56:53 [INFO] [1m─── Resumo ─────────────────────────────────────[0m
2026-07-28 17:56:53 [INFO]   [92m● Normal[0m                1049 [2m( 63.3%)[0m
2026-07-28 17:56:53 [INFO]   [91m● Desvio (alta confiança)[0m    0 [2m(  0.0%)[0m
2026-07-28 17:56:53 [INFO]   [93m● Desvio (baixa confiança)[0m 607 [2m( 36.7%)[0m
2026-07-28 17:56:53 [INFO]   [2mTempo: 726.5s[0m
2026-07-28 17:56:53 [INFO] 
2026-07-28 17:56:53 [INFO] [1m[93m─── Desvios de BAIXA confiança (607) ──────────────[0m
2026-07-28 17:56:53 [INFO]   [2m(poucos dados históricos — verificar manualmente)[0m
2026-07-28 17:56:53 [INFO] 
2026-07-28 17:56:53 [INFO]   🔴 [91m[1mPT0002000033074862LZ[0m  [2m[Cluster 0][0m
2026-07-28 17:56:53 [INFO]      consumiu MAIS que o habitual às 07h
2026-07-28 17:56:53 [INFO]      [2mReal:[0m 32.0 kWh   [2mHabitual:[0m 13.0 ± 1.3 kWh   [2mz:[0m +10.00⁺   [2mdesvio:[0m +146%   [2m(2 obs. dia_util)[0m
2026-07-28 17:56:53 [INFO] 
2026-07-28 17:56:53 [INFO]   🔴 [91m[1mPT0002000033074862LZ[0m  [2m[Cluster 0][0m
2026-07-28 17:56:53 [INFO]      consumiu MAIS que o habitual às 08h
2026-07-28 17:56:53 [INFO]      [2mReal:[0m 38.0 kWh   [2mHabitual:[0m 11.0 ± 1.1 kWh   [2mz:[0m +10.00⁺   [2mdesvio:[0m +245%   [2m(2 obs. dia_util)[0m
2026-07-28 17:56:53 [INFO] 
2026-07-28 17:56:53 [INFO]   🔴 [91m[1mPT0002000033074862LZ[0m  [2m[Cluster 0][0m
2026-07-28 17:56:53 [INFO]      consumiu MAIS que o habitual às 09h
2026-07-28 17:56:53 [INFO]      [2mReal:[0m 39.0 kWh   [2mHabitual:[0m 10.5 ± 1.1 kWh   [2mz:[0m +10.00⁺   [2mdesvio:[0m +271%   [2m(2 obs. dia_util)[0m
2026-07-28 17:56:53 [INFO] 
2026-07-28 17:56:53 [INFO]   🔴 [91m[1mPT0002000033074862LZ[0m  [2m[Cluster 0][0m
2026-07-28 17:56:53 [INFO]      consumiu MAIS que o habitual às 10h
2026-07-28 17:56:53 [INFO]      [2mReal:[0m 43.0 kWh   [2mHabitual:[0m 11.5 ± 1.1 kWh   [2mz:[0m +10.00⁺   [2mdesvio:[0m +274%   [2m(2 obs. dia_util)[0m
2026-07-28 17:56:53 [INFO] 
2026-07-28 17:56:53 [INFO]   🔴 [91m[1mPT0002000033074862LZ[0m  [2m[Cluster 0][0m
2026-07-28 17:56:53 [INFO]      consumiu MAIS que o habitual às 11h
2026-07-28 17:56:53 [INFO]      [2mReal:[0m 55.0 kWh   [2mHabitual:[0m 10.5 ± 1.1 kWh   [2mz:[0m +10.00⁺   [2mdesvio:[0m +424%   [2m(2 obs. dia_util)[0m
2026-07-28 17:56:53 [INFO] 
2026-07-28 17:56:53 [INFO]   🔴 [91m[1mPT0002000033074862LZ[0m  [2m[Cluster 0][0m
2026-07-28 17:56:53 [INFO]      consumiu MAIS que o habitual às 12h
2026-07-28 17:56:53 [INFO]      [2mReal:[0m 47.0 kWh   [2mHabitual:[0m 10.0 ± 1.0 kWh   [2mz:[0m +10.00⁺   [2mdesvio:[0m +370%   [2m(2 obs. dia_util)[0m
2026-07-28 17:56:53 [INFO] 
2026-07-28 17:56:53 [INFO]   🔴 [91m[1mPT0002000033074862LZ[0m  [2m[Cluster 0][0m
2026-07-28 17:56:53 [INFO]      consumiu MAIS que o habitual às 13h
2026-07-28 17:56:53 [INFO]      [2mReal:[0m 50.0 kWh   [2mHabitual:[0m 10.5 ± 1.1 kWh   [2mz:[0m +10.00⁺   [2mdesvio:[0m +376%   [2m(2 obs. dia_util)[0m
2026-07-28 17:56:53 [INFO] 
2026-07-28 17:56:53 [INFO]   🔴 [91m[1mPT0002000033074862LZ[0m  [2m[Cluster 0][0m
2026-07-28 17:56:53 [INFO]      consumiu MAIS que o habitual às 14h
2026-07-28 17:56:53 [INFO]      [2mReal:[0m 32.0 kWh   [2mHabitual:[0m 10.5 ± 1.1 kWh   [2mz:[0m +10.00⁺   [2mdesvio:[0m +205%   [2m(2 obs. dia_util)[0m
2026-07-28 17:56:53 [INFO] 
2026-07-28 17:56:53 [INFO]   🔴 [91m[1mPT0002000033074862LZ[0m  [2m[Cluster 0][0m
2026-07-28 17:56:53 [INFO]      consumiu MAIS que o habitual às 15h
2026-07-28 17:56:53 [INFO]      [2mReal:[0m 24.0 kWh   [2mHabitual:[0m 11.0 ± 1.1 kWh   [2mz:[0m +10.00⁺   [2mdesvio:[0m +118%   [2m(2 obs. dia_util)[0m
2026-07-28 17:56:53 [INFO] 
2026-07-28 17:56:53 [INFO]   🔴 [91m[1mPT0002000033074862LZ[0m  [2m[Cluster 0][0m
2026-07-28 17:56:53 [INFO]      consumiu MAIS que o habitual às 16h
2026-07-28 17:56:53 [INFO]      [2mReal:[0m 22.0 kWh   [2mHabitual:[0m 10.5 ± 1.1 kWh   [2mz:[0m +10.00⁺   [2mdesvio:[0m +110%   [2m(2 obs. dia_util)[0m
2026-07-28 17:56:53 [INFO] 
2026-07-28 17:56:53 [INFO]   🔴 [91m[1mPT0002000068855003AK[0m  [2m[Cluster 0 (atribuido)][0m
2026-07-28 17:56:53 [INFO]      consumiu MAIS que o habitual às 10h
2026-07-28 17:56:53 [INFO]      [2mReal:[0m 46.0 kWh   [2mHabitual:[0m 9.0 ± 1.4 kWh   [2mz:[0m +10.00⁺   [2mdesvio:[0m +411%   [2m(2 obs. dia_util)[0m
2026-07-28 17:56:53 [INFO] 
2026-07-28 17:56:53 [INFO]   🔴 [91m[1mPT0002000068855003AK[0m  [2m[Cluster 0 (atribuido)][0m
2026-07-28 17:56:53 [INFO]      consumiu MAIS que o habitual às 11h
2026-07-28 17:56:53 [INFO]      [2mReal:[0m 54.0 kWh   [2mHabitual:[0m 10.0 ± 2.8 kWh   [2mz:[0m +10.00⁺   [2mdesvio:[0m +440%   [2m(2 obs. dia_util)[0m
2026-07-28 17:56:53 [INFO] 
2026-07-28 17:56:53 [INFO]   🔴 [91m[1mPT0002000068855003AK[0m  [2m[Cluster 0 (atribuido)][0m
2026-07-28 17:56:53 [INFO]      consumiu MAIS que o habitual às 12h
2026-07-28 17:56:53 [INFO]      [2mReal:[0m 74.0 kWh   [2mHabitual:[0m 13.0 ± 1.4 kWh   [2mz:[0m +10.00⁺   [2mdesvio:[0m +469%   [2m(2 obs. dia_util)[0m
2026-07-28 17:56:53 [INFO] 
2026-07-28 17:56:53 [INFO]   🔴 [91m[1mPT0002000068855003AK[0m  [2m[Cluster 0 (atribuido)][0m
2026-07-28 17:56:53 [INFO]      consumiu MAIS que o habitual às 13h
2026-07-28 17:56:53 [INFO]      [2mReal:[0m 90.0 kWh   [2mHabitual:[0m 16.0 ± 2.8 kWh   [2mz:[0m +10.00⁺   [2mdesvio:[0m +462%   [2m(2 obs. dia_util)[0m
2026-07-28 17:56:53 [INFO] 
2026-07-28 17:56:53 [INFO]   🔴 [91m[1mPT0002000068855003AK[0m  [2m[Cluster 0 (atribuido)][0m
2026-07-28 17:56:53 [INFO]      consumiu MAIS que o habitual às 14h
2026-07-28 17:56:53 [INFO]      [2mReal:[0m 93.0 kWh   [2mHabitual:[0m 17.5 ± 6.4 kWh   [2mz:[0m +10.00⁺   [2mdesvio:[0m +431%   [2m(2 obs. dia_util)[0m
2026-07-28 17:56:53 [INFO] 
2026-07-28 17:56:53 [INFO]   🔴 [91m[1mPT0002000068855003AK[0m  [2m[Cluster 0 (atribuido)][0m
2026-07-28 17:56:53 [INFO]      consumiu MAIS que o habitual às 16h
2026-07-28 17:56:53 [INFO]      [2mReal:[0m 116.0 kWh   [2mHabitual:[0m 17.0 ± 5.7 kWh   [2mz:[0m +10.00⁺   [2mdesvio:[0m +582%   [2m(2 obs. dia_util)[0m
2026-07-28 17:56:53 [INFO] 
2026-07-28 17:56:53 [INFO]   🔴 [91m[1mPT0002000068855003AK[0m  [2m[Cluster 0 (atribuido)][0m
2026-07-28 17:56:53 [INFO]      consumiu MAIS que o habitual às 17h
2026-07-28 17:56:53 [INFO]      [2mReal:[0m 111.0 kWh   [2mHabitual:[0m 16.0 ± 4.2 kWh   [2mz:[0m +10.00⁺   [2mdesvio:[0m +594%   [2m(2 obs. dia_util)[0m
2026-07-28 17:56:53 [INFO] 
2026-07-28 17:56:53 [INFO]   🔴 [91m[1mPT0002000068855003AK[0m  [2m[Cluster 0 (atribuido)][0m
2026-07-28 17:56:53 [INFO]      consumiu MAIS que o habitual às 18h
2026-07-28 17:56:53 [INFO]      [2mReal:[0m 109.0 kWh   [2mHabitual:[0m 14.5 ± 3.5 kWh   [2mz:[0m +10.00⁺   [2mdesvio:[0m +652%   [2m(2 obs. dia_util)[0m
2026-07-28 17:56:53 [INFO] 
2026-07-28 17:56:53 [INFO]   🔴 [91m[1mPT0002000068855003AK[0m  [2m[Cluster 0 (atribuido)][0m
2026-07-28 17:56:53 [INFO]      consumiu MAIS que o habitual às 21h
2026-07-28 17:56:53 [INFO]      [2mReal:[0m 17.0 kWh   [2mHabitual:[0m 7.3 ± 0.7 kWh   [2mz:[0m +10.00⁺   [2mdesvio:[0m +132%   [2m(3 obs. dia_util)[0m
2026-07-28 17:56:53 [INFO] 
2026-07-28 17:56:53 [INFO]   🔴 [91m[1mPT0002000068856267NC[0m  [2m[Cluster 0 (atribuido)][0m
2026-07-28 17:56:53 [INFO]      consumiu MAIS que o habitual às 08h
2026-07-28 17:56:53 [INFO]      [2mReal:[0m 38.0 kWh   [2mHabitual:[0m 17.5 ± 1.8 kWh   [2mz:[0m +10.00⁺   [2mdesvio:[0m +117%   [2m(2 obs. dia_util)[0m
2026-07-28 17:56:53 [INFO] 
2026-07-28 17:56:53 [INFO]   🔴 [91m[1mPT0002000068856267NC[0m  [2m[Cluster 0 (atribuido)][0m
2026-07-28 17:56:53 [INFO]      consumiu MAIS que o habitual às 09h
2026-07-28 17:56:53 [INFO]      [2mReal:[0m 43.0 kWh   [2mHabitual:[0m 17.0 ± 1.7 kWh   [2mz:[0m +10.00⁺   [2mdesvio:[0m +153%   [2m(2 obs. dia_util)[0m
2026-07-28 17:56:53 [INFO] 
2026-07-28 17:56:53 [INFO]   🔴 [91m[1mPT0002000068856267NC[0m  [2m[Cluster 0 (atribuido)][0m
2026-07-28 17:56:53 [INFO]      consumiu MAIS que o habitual às 10h
2026-07-28 17:56:53 [INFO]      [2mReal:[0m 53.0 kWh   [2mHabitual:[0m 16.5 ± 1.6 kWh   [2mz:[0m +10.00⁺   [2mdesvio:[0m +221%   [2m(2 obs. dia_util)[0m
2026-07-28 17:56:53 [INFO] 
2026-07-28 17:56:53 [INFO]   🔴 [91m[1mPT0002000068856267NC[0m  [2m[Cluster 0 (atribuido)][0m
2026-07-28 17:56:53 [INFO]      consumiu MAIS que o habitual às 11h
2026-07-28 17:56:53 [INFO]      [2mReal:[0m 42.0 kWh   [2mHabitual:[0m 17.5 ± 2.1 kWh   [2mz:[0m +10.00⁺   [2mdesvio:[0m +140%   [2m(2 obs. dia_util)[0m
2026-07-28 17:56:53 [INFO] 
2026-07-28 17:56:53 [INFO]   🔴 [91m[1mPT0002000068856267NC[0m  [2m[Cluster 0 (atribuido)][0m
2026-07-28 17:56:53 [INFO]      consumiu MAIS que o habitual às 12h
2026-07-28 17:56:53 [INFO]      [2mReal:[0m 43.0 kWh   [2mHabitual:[0m 16.5 ± 1.6 kWh   [2mz:[0m +10.00⁺   [2mdesvio:[0m +161%   [2m(2 obs. dia_util)[0m
2026-07-28 17:56:53 [INFO] 
2026-07-28 17:56:53 [INFO]   🔴 [91m[1mPT0002000068856267NC[0m  [2m[Cluster 0 (atribuido)][0m
2026-07-28 17:56:53 [INFO]      consumiu MAIS que o habitual às 13h
2026-07-28 17:56:53 [INFO]      [2mReal:[0m 42.0 kWh   [2mHabitual:[0m 16.5 ± 1.6 kWh   [2mz:[0m +10.00⁺   [2mdesvio:[0m +155%   [2m(2 obs. dia_util)[0m
2026-07-28 17:56:53 [INFO] 
2026-07-28 17:56:53 [INFO]   🔴 [91m[1mPT0002000068856267NC[0m  [2m[Cluster 0 (atribuido)][0m
2026-07-28 17:56:53 [INFO]      consumiu MAIS que o habitual às 14h
2026-07-28 17:56:53 [INFO]      [2mReal:[0m 51.0 kWh   [2mHabitual:[0m 17.5 ± 1.8 kWh   [2mz:[0m +10.00⁺   [2mdesvio:[0m +191%   [2m(2 obs. dia_util)[0m
2026-07-28 17:56:53 [INFO] 
2026-07-28 17:56:53 [INFO]   🔴 [91m[1mPT0002000068856267NC[0m  [2m[Cluster 0 (atribuido)][0m
2026-07-28 17:56:53 [INFO]      consumiu MAIS que o habitual às 15h
2026-07-28 17:56:53 [INFO]      [2mReal:[0m 43.0 kWh   [2mHabitual:[0m 17.0 ± 1.7 kWh   [2mz:[0m +10.00⁺   [2mdesvio:[0m +153%   [2m(2 obs. dia_util)[0m
2026-07-28 17:56:53 [INFO] 
2026-07-28 17:56:53 [INFO]   🔴 [91m[1mPT0002000068856655YV[0m  [2m[Cluster 0][0m
2026-07-28 17:56:53 [INFO]      consumiu MAIS que o habitual às 13h
2026-07-28 17:56:53 [INFO]      [2mReal:[0m 8.0 kWh   [2mHabitual:[0m 2.0 ± 0.3 kWh   [2mz:[0m +10.00⁺   [2mdesvio:[0m +300%   [2m(2 obs. dia_util)[0m
2026-07-28 17:56:53 [INFO] 
2026-07-28 17:56:53 [INFO]   🔴 [91m[1mPT0002000068856872QG[0m  [2m[Cluster 1][0m
2026-07-28 17:56:53 [INFO]      consumiu MAIS que o habitual às 12h
2026-07-28 17:56:53 [INFO]      [2mReal:[0m 4.0 kWh   [2mHabitual:[0m 0.0 ± 0.3 kWh   [2mz:[0m +10.00⁺   [2mdesvio:[0m +400000%   [2m(2 obs. dia_util)[0m
2026-07-28 17:56:53 [INFO] 
2026-07-28 17:56:53 [INFO]   🔴 [91m[1mPT0002000068856974CZ[0m  [2m[Cluster 0 (atribuido)][0m
2026-07-28 17:56:53 [INFO]      consumiu MAIS que o habitual às 08h
2026-07-28 17:56:53 [INFO]      [2mReal:[0m 36.0 kWh   [2mHabitual:[0m 10.0 ± 1.4 kWh   [2mz:[0m +10.00⁺   [2mdesvio:[0m +260%   [2m(2 obs. dia_util)[0m
2026-07-28 17:56:53 [INFO] 
2026-07-28 17:56:53 [INFO]   🔴 [91m[1mPT0002000068856974CZ[0m  [2m[Cluster 0 (atribuido)][0m
2026-07-28 17:56:53 [INFO]      consumiu MAIS que o habitual às 09h
2026-07-28 17:56:53 [INFO]      [2mReal:[0m 43.0 kWh   [2mHabitual:[0m 11.0 ± 1.1 kWh   [2mz:[0m +10.00⁺   [2mdesvio:[0m +291%   [2m(2 obs. dia_util)[0m
2026-07-28 17:56:53 [INFO] 
2026-07-28 17:56:53 [INFO]   🔴 [91m[1mPT0002000068856974CZ[0m  [2m[Cluster 0 (atribuido)][0m
2026-07-28 17:56:53 [INFO]      consumiu MAIS que o habitual às 10h
2026-07-28 17:56:53 [INFO]      [2mReal:[0m 57.0 kWh   [2mHabitual:[0m 9.5 ± 0.9 kWh   [2mz:[0m +10.00⁺   [2mdesvio:[0m +500%   [2m(2 obs. dia_util)[0m
2026-07-28 17:56:53 [INFO] 
2026-07-28 17:56:53 [INFO]   🔴 [91m[1mPT0002000068856974CZ[0m  [2m[Cluster 0 (atribuido)][0m
2026-07-28 17:56:53 [INFO]      consumiu MAIS que o habitual às 11h
2026-07-28 17:56:53 [INFO]      [2mReal:[0m 78.0 kWh   [2mHabitual:[0m 10.0 ± 1.4 kWh   [2mz:[0m +10.00⁺   [2mdesvio:[0m +680%   [2m(2 obs. dia_util)[0m
2026-07-28 17:56:53 [INFO] 
2026-07-28 17:56:53 [INFO]   🔴 [91m[1mPT0002000068856974CZ[0m  [2m[Cluster 0 (atribuido)][0m
2026-07-28 17:56:53 [INFO]      consumiu MAIS que o habitual às 12h
2026-07-28 17:56:53 [INFO]      [2mReal:[0m 84.0 kWh   [2mHabitual:[0m 10.5 ± 1.1 kWh   [2mz:[0m +10.00⁺   [2mdesvio:[0m +700%   [2m(2 obs. dia_util)[0m
2026-07-28 17:56:53 [INFO] 
2026-07-28 17:56:53 [INFO]   🔴 [91m[1mPT0002000068856974CZ[0m  [2m[Cluster 0 (atribuido)][0m
2026-07-28 17:56:53 [INFO]      consumiu MAIS que o habitual às 13h
2026-07-28 17:56:53 [INFO]      [2mReal:[0m 94.0 kWh   [2mHabitual:[0m 19.0 ± 2.8 kWh   [2mz:[0m +10.00⁺   [2mdesvio:[0m +395%   [2m(2 obs. dia_util)[0m
2026-07-28 17:56:53 [INFO] 
2026-07-28 17:56:53 [INFO]   🔴 [91m[1mPT0002000068856974CZ[0m  [2m[Cluster 0 (atribuido)][0m
2026-07-28 17:56:53 [INFO]      consumiu MAIS que o habitual às 14h
2026-07-28 17:56:53 [INFO]      [2mReal:[0m 95.0 kWh   [2mHabitual:[0m 28.5 ± 2.9 kWh   [2mz:[0m +10.00⁺   [2mdesvio:[0m +233%   [2m(2 obs. dia_util)[0m
2026-07-28 17:56:53 [INFO] 
2026-07-28 17:56:53 [INFO]   🔴 [91m[1mPT0002000068856974CZ[0m  [2m[Cluster 0 (atribuido)][0m
2026-07-28 17:56:53 [INFO]      consumiu MAIS que o habitual às 15h
2026-07-28 17:56:53 [INFO]      [2mReal:[0m 77.0 kWh   [2mHabitual:[0m 27.5 ± 2.8 kWh   [2mz:[0m +10.00⁺   [2mdesvio:[0m +180%   [2m(2 obs. dia_util)[0m
2026-07-28 17:56:53 [INFO] 
2026-07-28 17:56:53 [INFO]   🔴 [91m[1mPT0002000068856974CZ[0m  [2m[Cluster 0 (atribuido)][0m
2026-07-28 17:56:53 [INFO]      consumiu MAIS que o habitual às 16h
2026-07-28 17:56:53 [INFO]      [2mReal:[0m 60.0 kWh   [2mHabitual:[0m 26.0 ± 2.6 kWh   [2mz:[0m +10.00⁺   [2mdesvio:[0m +131%   [2m(2 obs. dia_util)[0m
2026-07-28 17:56:53 [INFO] 
2026-07-28 17:56:53 [INFO]   🔴 [91m[1mPT0002000068857099AR[0m  [2m[Cluster 1][0m
2026-07-28 17:56:53 [INFO]      consumiu MAIS que o habitual às 20h
2026-07-28 17:56:53 [INFO]      [2mReal:[0m 8.0 kWh   [2mHabitual:[0m 3.0 ± 0.3 kWh   [2mz:[0m +10.00⁺   [2mdesvio:[0m +167%   [2m(2 obs. dia_util)[0m
2026-07-28 17:56:53 [INFO] 
2026-07-28 17:56:53 [INFO]   🔴 [91m[1mPT0002000068857897ZV[0m  [2m[Cluster 0][0m
2026-07-28 17:56:53 [INFO]      consumiu MAIS que o habitual às 09h
2026-07-28 17:56:53 [INFO]      [2mReal:[0m 69.0 kWh   [2mHabitual:[0m 25.0 ± 2.5 kWh   [2mz:[0m +10.00⁺   [2mdesvio:[0m +176%   [2m(2 obs. dia_util)[0m
2026-07-28 17:56:53 [INFO] 
2026-07-28 17:56:53 [INFO]   🔴 [91m[1mPT0002000068857897ZV[0m  [2m[Cluster 0][0m
2026-07-28 17:56:53 [INFO]      consumiu MAIS que o habitual às 10h
2026-07-28 17:56:53 [INFO]      [2mReal:[0m 76.0 kWh   [2mHabitual:[0m 24.5 ± 2.5 kWh   [2mz:[0m +10.00⁺   [2mdesvio:[0m +210%   [2m(2 obs. dia_util)[0m
2026-07-28 17:56:53 [INFO] 
2026-07-28 17:56:53 [INFO]   🔴 [91m[1mPT0002000068857897ZV[0m  [2m[Cluster 0][0m
2026-07-28 17:56:53 [INFO]      consumiu MAIS que o habitual às 11h
2026-07-28 17:56:53 [INFO]      [2mReal:[0m 78.0 kWh   [2mHabitual:[0m 23.0 ± 2.3 kWh   [2mz:[0m +10.00⁺   [2mdesvio:[0m +239%   [2m(2 obs. dia_util)[0m
2026-07-28 17:56:53 [INFO] 
2026-07-28 17:56:53 [INFO]   🔴 [91m[1mPT0002000068857897ZV[0m  [2m[Cluster 0][0m
2026-07-28 17:56:53 [INFO]      consumiu MAIS que o habitual às 12h
2026-07-28 17:56:53 [INFO]      [2mReal:[0m 77.0 kWh   [2mHabitual:[0m 24.0 ± 2.4 kWh   [2mz:[0m +10.00⁺   [2mdesvio:[0m +221%   [2m(2 obs. dia_util)[0m
2026-07-28 17:56:53 [INFO] 
2026-07-28 17:56:53 [INFO]   🔴 [91m[1mPT0002000068857897ZV[0m  [2m[Cluster 0][0m
2026-07-28 17:56:53 [INFO]      consumiu MAIS que o habitual às 13h
2026-07-28 17:56:53 [INFO]      [2mReal:[0m 75.0 kWh   [2mHabitual:[0m 23.5 ± 2.4 kWh   [2mz:[0m +10.00⁺   [2mdesvio:[0m +219%   [2m(2 obs. dia_util)[0m
2026-07-28 17:56:53 [INFO] 
2026-07-28 17:56:53 [INFO]   🔴 [91m[1mPT0002000068857897ZV[0m  [2m[Cluster 0][0m
2026-07-28 17:56:53 [INFO]      consumiu MAIS que o habitual às 14h
2026-07-28 17:56:53 [INFO]      [2mReal:[0m 73.0 kWh   [2mHabitual:[0m 24.0 ± 2.4 kWh   [2mz:[0m +10.00⁺   [2mdesvio:[0m +204%   [2m(2 obs. dia_util)[0m
2026-07-28 17:56:53 [INFO] 
2026-07-28 17:56:53 [INFO]   🔴 [91m[1mPT0002000068857897ZV[0m  [2m[Cluster 0][0m
2026-07-28 17:56:53 [INFO]      consumiu MAIS que o habitual às 15h
2026-07-28 17:56:53 [INFO]      [2mReal:[0m 77.0 kWh   [2mHabitual:[0m 23.5 ± 2.4 kWh   [2mz:[0m +10.00⁺   [2mdesvio:[0m +228%   [2m(2 obs. dia_util)[0m
2026-07-28 17:56:53 [INFO] 
2026-07-28 17:56:53 [INFO]   🔴 [91m[1mPT0002000068857897ZV[0m  [2m[Cluster 0][0m
2026-07-28 17:56:53 [INFO]      consumiu MAIS que o habitual às 16h
2026-07-28 17:56:53 [INFO]      [2mReal:[0m 58.0 kWh   [2mHabitual:[0m 24.5 ± 2.5 kWh   [2mz:[0m +10.00⁺   [2mdesvio:[0m +137%   [2m(2 obs. dia_util)[0m
2026-07-28 17:56:53 [INFO] 
2026-07-28 17:56:53 [INFO]   🔴 [91m[1mPT0002000068858231YY[0m  [2m[Cluster 0 (atribuido)][0m
2026-07-28 17:56:53 [INFO]      consumiu MAIS que o habitual às 08h
2026-07-28 17:56:53 [INFO]      [2mReal:[0m 37.0 kWh   [2mHabitual:[0m 16.0 ± 1.6 kWh   [2mz:[0m +10.00⁺   [2mdesvio:[0m +131%   [2m(2 obs. dia_util)[0m
2026-07-28 17:56:53 [INFO] 
2026-07-28 17:56:53 [INFO]   🔴 [91m[1mPT0002000068858231YY[0m  [2m[Cluster 0 (atribuido)][0m
2026-07-28 17:56:53 [INFO]      consumiu MAIS que o habitual às 09h
2026-07-28 17:56:53 [INFO]      [2mReal:[0m 51.0 kWh   [2mHabitual:[0m 16.5 ± 1.6 kWh   [2mz:[0m +10.00⁺   [2mdesvio:[0m +209%   [2m(2 obs. dia_util)[0m
2026-07-28 17:56:53 [INFO] 
2026-07-28 17:56:53 [INFO]   🔴 [91m[1mPT0002000068858231YY[0m  [2m[Cluster 0 (atribuido)][0m
2026-07-28 17:56:53 [INFO]      consumiu MAIS que o habitual às 10h
2026-07-28 17:56:53 [INFO]      [2mReal:[0m 51.0 kWh   [2mHabitual:[0m 15.5 ± 1.6 kWh   [2mz:[0m +10.00⁺   [2mdesvio:[0m +229%   [2m(2 obs. dia_util)[0m
2026-07-28 17:56:53 [INFO] 
2026-07-28 17:56:53 [INFO]   🔴 [91m[1mPT0002000068858231YY[0m  [2m[Cluster 0 (atribuido)][0m
2026-07-28 17:56:53 [INFO]      consumiu MAIS que o habitual às 11h
2026-07-28 17:56:53 [INFO]      [2mReal:[0m 50.0 kWh   [2mHabitual:[0m 16.0 ± 1.6 kWh   [2mz:[0m +10.00⁺   [2mdesvio:[0m +212%   [2m(2 obs. dia_util)[0m
2026-07-28 17:56:53 [INFO] 
2026-07-28 17:56:53 [INFO]   🔴 [91m[1mPT0002000068858231YY[0m  [2m[Cluster 0 (atribuido)][0m
2026-07-28 17:56:53 [INFO]      consumiu MAIS que o habitual às 12h
2026-07-28 17:56:53 [INFO]      [2mReal:[0m 49.0 kWh   [2mHabitual:[0m 15.0 ± 1.5 kWh   [2mz:[0m +10.00⁺   [2mdesvio:[0m +227%   [2m(2 obs. dia_util)[0m
2026-07-28 17:56:53 [INFO] 
2026-07-28 17:56:53 [INFO]   🔴 [91m[1mPT0002000068858231YY[0m  [2m[Cluster 0 (atribuido)][0m
2026-07-28 17:56:53 [INFO]      consumiu MAIS que o habitual às 13h
2026-07-28 17:56:53 [INFO]      [2mReal:[0m 51.0 kWh   [2mHabitual:[0m 16.0 ± 1.6 kWh   [2mz:[0m +10.00⁺   [2mdesvio:[0m +219%   [2m(2 obs. dia_util)[0m
2026-07-28 17:56:53 [INFO] 
2026-07-28 17:56:53 [INFO]   🔴 [91m[1mPT0002000068858231YY[0m  [2m[Cluster 0 (atribuido)][0m
2026-07-28 17:56:53 [INFO]      consumiu MAIS que o habitual às 14h
2026-07-28 17:56:53 [INFO]      [2mReal:[0m 49.0 kWh   [2mHabitual:[0m 16.0 ± 1.6 kWh   [2mz:[0m +10.00⁺   [2mdesvio:[0m +206%   [2m(2 obs. dia_util)[0m
2026-07-28 17:56:53 [INFO] 
2026-07-28 17:56:53 [INFO]   🔴 [91m[1mPT0002000068858231YY[0m  [2m[Cluster 0 (atribuido)][0m
2026-07-28 17:56:53 [INFO]      consumiu MAIS que o habitual às 15h
2026-07-28 17:56:53 [INFO]      [2mReal:[0m 45.0 kWh   [2mHabitual:[0m 15.0 ± 1.5 kWh   [2mz:[0m +10.00⁺   [2mdesvio:[0m +200%   [2m(2 obs. dia_util)[0m
2026-07-28 17:56:53 [INFO] 
2026-07-28 17:56:53 [INFO]   🔴 [91m[1mPT0002000068858231YY[0m  [2m[Cluster 0 (atribuido)][0m
2026-07-28 17:56:53 [INFO]      consumiu MAIS que o habitual às 16h
2026-07-28 17:56:53 [INFO]      [2mReal:[0m 39.0 kWh   [2mHabitual:[0m 16.0 ± 1.6 kWh   [2mz:[0m +10.00⁺   [2mdesvio:[0m +144%   [2m(2 obs. dia_util)[0m
2026-07-28 17:56:53 [INFO] 
2026-07-28 17:56:53 [INFO]   🔴 [91m[1mPT0002000068858674WN[0m  [2m[Cluster 1 (atribuido)][0m
2026-07-28 17:56:53 [INFO]      consumiu MAIS que o habitual às 04h
2026-07-28 17:56:53 [INFO]      [2mReal:[0m 40.0 kWh   [2mHabitual:[0m 20.0 ± 2.0 kWh   [2mz:[0m +10.00   [2mdesvio:[0m +100%   [2m(2 obs. dia_util)[0m
2026-07-28 17:56:53 [INFO] 
2026-07-28 17:56:53 [INFO]   🔴 [91m[1mPT0002000068859187RL[0m  [2m[Cluster 0][0m
2026-07-28 17:56:53 [INFO]      consumiu MAIS que o habitual às 07h
2026-07-28 17:56:53 [INFO]      [2mReal:[0m 28.0 kWh   [2mHabitual:[0m 11.5 ± 1.1 kWh   [2mz:[0m +10.00⁺   [2mdesvio:[0m +143%   [2m(2 obs. dia_util)[0m
2026-07-28 17:56:53 [INFO] 
2026-07-28 17:56:53 [INFO]   🔴 [91m[1mPT0002000068859187RL[0m  [2m[Cluster 0][0m
2026-07-28 17:56:53 [INFO]      consumiu MAIS que o habitual às 08h
2026-07-28 17:56:53 [INFO]      [2mReal:[0m 71.0 kWh   [2mHabitual:[0m 11.5 ± 1.1 kWh   [2mz:[0m +10.00⁺   [2mdesvio:[0m +517%   [2m(2 obs. dia_util)[0m
2026-07-28 17:56:53 [INFO] 
2026-07-28 17:56:53 [INFO]   🔴 [91m[1mPT0002000068859187RL[0m  [2m[Cluster 0][0m
2026-07-28 17:56:53 [INFO]      consumiu MAIS que o habitual às 09h
2026-07-28 17:56:53 [INFO]      [2mReal:[0m 66.0 kWh   [2mHabitual:[0m 12.0 ± 1.4 kWh   [2mz:[0m +10.00⁺   [2mdesvio:[0m +450%   [2m(2 obs. dia_util)[0m
2026-07-28 17:56:53 [INFO] 
2026-07-28 17:56:53 [INFO]   🔴 [91m[1mPT0002000068859187RL[0m  [2m[Cluster 0][0m
2026-07-28 17:56:53 [INFO]      consumiu MAIS que o habitual às 10h
2026-07-28 17:56:53 [INFO]      [2mReal:[0m 79.0 kWh   [2mHabitual:[0m 12.5 ± 1.2 kWh   [2mz:[0m +10.00⁺   [2mdesvio:[0m +532%   [2m(2 obs. dia_util)[0m
2026-07-28 17:56:53 [INFO] 
2026-07-28 17:56:53 [INFO]   🔴 [91m[1mPT0002000068859187RL[0m  [2m[Cluster 0][0m
2026-07-28 17:56:53 [INFO]      consumiu MAIS que o habitual às 11h
2026-07-28 17:56:53 [INFO]      [2mReal:[0m 87.0 kWh   [2mHabitual:[0m 12.5 ± 1.2 kWh   [2mz:[0m +10.00⁺   [2mdesvio:[0m +596%   [2m(2 obs. dia_util)[0m
2026-07-28 17:56:53 [INFO] 
2026-07-28 17:56:53 [INFO]   🔴 [91m[1mPT0002000068859187RL[0m  [2m[Cluster 0][0m
2026-07-28 17:56:53 [INFO]      consumiu MAIS que o habitual às 12h
2026-07-28 17:56:53 [INFO]      [2mReal:[0m 84.0 kWh   [2mHabitual:[0m 13.0 ± 1.3 kWh   [2mz:[0m +10.00⁺   [2mdesvio:[0m +546%   [2m(2 obs. dia_util)[0m
2026-07-28 17:56:53 [INFO] 
2026-07-28 17:56:53 [INFO]   🔴 [91m[1mPT0002000068859187RL[0m  [2m[Cluster 0][0m
2026-07-28 17:56:53 [INFO]      consumiu MAIS que o habitual às 13h
2026-07-28 17:56:53 [INFO]      [2mReal:[0m 86.0 kWh   [2mHabitual:[0m 12.5 ± 1.2 kWh   [2mz:[0m +10.00⁺   [2mdesvio:[0m +588%   [2m(2 obs. dia_util)[0m
2026-07-28 17:56:53 [INFO] 
2026-07-28 17:56:53 [INFO]   🔴 [91m[1mPT0002000068859187RL[0m  [2m[Cluster 0][0m
2026-07-28 17:56:53 [INFO]      consumiu MAIS que o habitual às 14h
2026-07-28 17:56:53 [INFO]      [2mReal:[0m 76.0 kWh   [2mHabitual:[0m 13.5 ± 1.4 kWh   [2mz:[0m +10.00⁺   [2mdesvio:[0m +463%   [2m(2 obs. dia_util)[0m
2026-07-28 17:56:53 [INFO] 
2026-07-28 17:56:53 [INFO]   🔴 [91m[1mPT0002000068859187RL[0m  [2m[Cluster 0][0m
2026-07-28 17:56:53 [INFO]      consumiu MAIS que o habitual às 15h
2026-07-28 17:56:53 [INFO]      [2mReal:[0m 70.0 kWh   [2mHabitual:[0m 12.5 ± 1.2 kWh   [2mz:[0m +10.00⁺   [2mdesvio:[0m +460%   [2m(2 obs. dia_util)[0m
2026-07-28 17:56:53 [INFO] 
2026-07-28 17:56:53 [INFO]   🔴 [91m[1mPT0002000068859187RL[0m  [2m[Cluster 0][0m
2026-07-28 17:56:53 [INFO]      consumiu MAIS que o habitual às 16h
2026-07-28 17:56:53 [INFO]      [2mReal:[0m 61.0 kWh   [2mHabitual:[0m 13.0 ± 1.3 kWh   [2mz:[0m +10.00⁺   [2mdesvio:[0m +369%   [2m(2 obs. dia_util)[0m
2026-07-28 17:56:53 [INFO] 
2026-07-28 17:56:53 [INFO]   🔴 [91m[1mPT0002000068859187RL[0m  [2m[Cluster 0][0m
2026-07-28 17:56:53 [INFO]      consumiu MAIS que o habitual às 17h
2026-07-28 17:56:53 [INFO]      [2mReal:[0m 54.0 kWh   [2mHabitual:[0m 13.5 ± 1.4 kWh   [2mz:[0m +10.00⁺   [2mdesvio:[0m +300%   [2m(2 obs. dia_util)[0m
2026-07-28 17:56:53 [INFO] 
2026-07-28 17:56:53 [INFO]   🔴 [91m[1mPT0002000068859325FL[0m  [2m[Cluster 1][0m
2026-07-28 17:56:53 [INFO]      consumiu MAIS que o habitual às 15h
2026-07-28 17:56:53 [INFO]      [2mReal:[0m 180.0 kWh   [2mHabitual:[0m 60.0 ± 6.0 kWh   [2mz:[0m +10.00⁺   [2mdesvio:[0m +200%   [2m(2 obs. dia_util)[0m
2026-07-28 17:56:53 [INFO] 
2026-07-28 17:56:53 [INFO]   🔴 [91m[1mPT0002000068859325FL[0m  [2m[Cluster 1][0m
2026-07-28 17:56:53 [INFO]      consumiu MAIS que o habitual às 21h
2026-07-28 17:56:53 [INFO]      [2mReal:[0m 132.0 kWh   [2mHabitual:[0m 65.3 ± 6.5 kWh   [2mz:[0m +10.00⁺   [2mdesvio:[0m +102%   [2m(3 obs. dia_util)[0m
2026-07-28 17:56:53 [INFO] 
2026-07-28 17:56:53 [INFO]   🔴 [91m[1mPT0002000068859382XF[0m  [2m[Cluster 0][0m
2026-07-28 17:56:53 [INFO]      consumiu MAIS que o habitual às 12h
2026-07-28 17:56:53 [INFO]      [2mReal:[0m 71.0 kWh   [2mHabitual:[0m 35.5 ± 3.5 kWh   [2mz:[0m +10.00   [2mdesvio:[0m +100%   [2m(2 obs. dia_util)[0m
2026-07-28 17:56:53 [INFO] 
2026-07-28 17:56:53 [INFO]   🔴 [91m[1mPT0002000068859382XF[0m  [2m[Cluster 0][0m
2026-07-28 17:56:53 [INFO]      consumiu MAIS que o habitual às 13h
2026-07-28 17:56:53 [INFO]      [2mReal:[0m 73.0 kWh   [2mHabitual:[0m 36.0 ± 3.6 kWh   [2mz:[0m +10.00⁺   [2mdesvio:[0m +103%   [2m(2 obs. dia_util)[0m
2026-07-28 17:56:53 [INFO] 
2026-07-28 17:56:53 [INFO]   🔴 [91m[1mPT0002000068859382XF[0m  [2m[Cluster 0][0m
2026-07-28 17:56:53 [INFO]      consumiu MAIS que o habitual às 14h
2026-07-28 17:56:53 [INFO]      [2mReal:[0m 72.0 kWh   [2mHabitual:[0m 36.0 ± 3.6 kWh   [2mz:[0m +10.00   [2mdesvio:[0m +100%   [2m(2 obs. dia_util)[0m
2026-07-28 17:56:53 [INFO] 
2026-07-28 17:56:53 [INFO]   🔴 [91m[1mPT0002000068859382XF[0m  [2m[Cluster 0][0m
2026-07-28 17:56:53 [INFO]      consumiu MAIS que o habitual às 15h
2026-07-28 17:56:53 [INFO]      [2mReal:[0m 72.0 kWh   [2mHabitual:[0m 35.0 ± 3.5 kWh   [2mz:[0m +10.00⁺   [2mdesvio:[0m +106%   [2m(2 obs. dia_util)[0m
2026-07-28 17:56:53 [INFO] 
2026-07-28 17:56:53 [INFO]   🔴 [91m[1mPT0002000068859393XH[0m  [2m[Cluster 1][0m
2026-07-28 17:56:53 [INFO]      consumiu MAIS que o habitual às 07h
2026-07-28 17:56:53 [INFO]      [2mReal:[0m 83.0 kWh   [2mHabitual:[0m 17.0 ± 1.7 kWh   [2mz:[0m +10.00⁺   [2mdesvio:[0m +388%   [2m(2 obs. dia_util)[0m
2026-07-28 17:56:53 [INFO] 
2026-07-28 17:56:53 [INFO]   🔴 [91m[1mPT0002000071896778MT[0m  [2m[Cluster 0][0m
2026-07-28 17:56:53 [INFO]      consumiu MAIS que o habitual às 07h
2026-07-28 17:56:53 [INFO]      [2mReal:[0m 18.0 kWh   [2mHabitual:[0m 3.5 ± 0.7 kWh   [2mz:[0m +10.00⁺   [2mdesvio:[0m +414%   [2m(2 obs. dia_util)[0m
2026-07-28 17:56:53 [INFO] 
2026-07-28 17:56:53 [INFO]   🔴 [91m[1mPT0002000071896778MT[0m  [2m[Cluster 0][0m
2026-07-28 17:56:53 [INFO]      consumiu MAIS que o habitual às 08h
2026-07-28 17:56:53 [INFO]      [2mReal:[0m 26.0 kWh   [2mHabitual:[0m 4.0 ± 0.4 kWh   [2mz:[0m +10.00⁺   [2mdesvio:[0m +550%   [2m(2 obs. dia_util)[0m
2026-07-28 17:56:53 [INFO] 
2026-07-28 17:56:53 [INFO]   🔴 [91m[1mPT0002000071896778MT[0m  [2m[Cluster 0][0m
2026-07-28 17:56:53 [INFO]      consumiu MAIS que o habitual às 09h
2026-07-28 17:56:53 [INFO]      [2mReal:[0m 22.0 kWh   [2mHabitual:[0m 4.5 ± 0.7 kWh   [2mz:[0m +10.00⁺   [2mdesvio:[0m +389%   [2m(2 obs. dia_util)[0m
2026-07-28 17:56:53 [INFO] 
2026-07-28 17:56:53 [INFO]   🔴 [91m[1mPT0002000071896778MT[0m  [2m[Cluster 0][0m
2026-07-28 17:56:53 [INFO]      consumiu MAIS que o habitual às 10h
2026-07-28 17:56:53 [INFO]      [2mReal:[0m 21.0 kWh   [2mHabitual:[0m 3.5 ± 0.7 kWh   [2mz:[0m +10.00⁺   [2mdesvio:[0m +500%   [2m(2 obs. dia_util)[0m
2026-07-28 17:56:53 [INFO] 
2026-07-28 17:56:53 [INFO]   🔴 [91m[1mPT0002000071896778MT[0m  [2m[Cluster 0][0m
2026-07-28 17:56:53 [INFO]      consumiu MAIS que o habitual às 11h
2026-07-28 17:56:53 [INFO]      [2mReal:[0m 22.0 kWh   [2mHabitual:[0m 3.5 ± 0.7 kWh   [2mz:[0m +10.00⁺   [2mdesvio:[0m +529%   [2m(2 obs. dia_util)[0m
2026-07-28 17:56:53 [INFO] 
2026-07-28 17:56:53 [INFO]   🔴 [91m[1mPT0002000071896778MT[0m  [2m[Cluster 0][0m
2026-07-28 17:56:53 [INFO]      consumiu MAIS que o habitual às 12h
2026-07-28 17:56:53 [INFO]      [2mReal:[0m 18.0 kWh   [2mHabitual:[0m 4.0 ± 0.4 kWh   [2mz:[0m +10.00⁺   [2mdesvio:[0m +350%   [2m(2 obs. dia_util)[0m
2026-07-28 17:56:53 [INFO] 
2026-07-28 17:56:53 [INFO]   🔴 [91m[1mPT0002000071896778MT[0m  [2m[Cluster 0][0m
2026-07-28 17:56:53 [INFO]      consumiu MAIS que o habitual às 13h
2026-07-28 17:56:53 [INFO]      [2mReal:[0m 29.0 kWh   [2mHabitual:[0m 4.0 ± 0.4 kWh   [2mz:[0m +10.00⁺   [2mdesvio:[0m +625%   [2m(2 obs. dia_util)[0m
2026-07-28 17:56:53 [INFO] 
2026-07-28 17:56:53 [INFO]   🔴 [91m[1mPT0002000071896778MT[0m  [2m[Cluster 0][0m
2026-07-28 17:56:53 [INFO]      consumiu MAIS que o habitual às 14h
2026-07-28 17:56:53 [INFO]      [2mReal:[0m 17.0 kWh   [2mHabitual:[0m 4.0 ± 0.4 kWh   [2mz:[0m +10.00⁺   [2mdesvio:[0m +325%   [2m(2 obs. dia_util)[0m
2026-07-28 17:56:53 [INFO] 
2026-07-28 17:56:53 [INFO]   🔴 [91m[1mPT0002000071896778MT[0m  [2m[Cluster 0][0m
2026-07-28 17:56:53 [INFO]      consumiu MAIS que o habitual às 15h
2026-07-28 17:56:53 [INFO]      [2mReal:[0m 12.0 kWh   [2mHabitual:[0m 4.0 ± 0.4 kWh   [2mz:[0m +10.00⁺   [2mdesvio:[0m +200%   [2m(2 obs. dia_util)[0m
2026-07-28 17:56:53 [INFO] 
2026-07-28 17:56:53 [INFO]   🔴 [91m[1mPT0002000071896778MT[0m  [2m[Cluster 0][0m
2026-07-28 17:56:53 [INFO]      consumiu MAIS que o habitual às 16h
2026-07-28 17:56:53 [INFO]      [2mReal:[0m 10.0 kWh   [2mHabitual:[0m 4.0 ± 0.4 kWh   [2mz:[0m +10.00⁺   [2mdesvio:[0m +150%   [2m(2 obs. dia_util)[0m
2026-07-28 17:56:53 [INFO] 
2026-07-28 17:56:53 [INFO]   🔴 [91m[1mPT0002000071896778MT[0m  [2m[Cluster 0][0m
2026-07-28 17:56:53 [INFO]      consumiu MAIS que o habitual às 17h
2026-07-28 17:56:53 [INFO]      [2mReal:[0m 9.0 kWh   [2mHabitual:[0m 4.0 ± 0.4 kWh   [2mz:[0m +10.00⁺   [2mdesvio:[0m +125%   [2m(2 obs. dia_util)[0m
2026-07-28 17:56:53 [INFO] 
2026-07-28 17:56:53 [INFO]   🔴 [91m[1mPT0002000073231742VK[0m  [2m[Cluster 0][0m
2026-07-28 17:56:53 [INFO]      consumiu MAIS que o habitual às 08h
2026-07-28 17:56:53 [INFO]      [2mReal:[0m 39.0 kWh   [2mHabitual:[0m 11.5 ± 1.1 kWh   [2mz:[0m +10.00⁺   [2mdesvio:[0m +239%   [2m(2 obs. dia_util)[0m
2026-07-28 17:56:53 [INFO] 
2026-07-28 17:56:53 [INFO]   🔴 [91m[1mPT0002000073231742VK[0m  [2m[Cluster 0][0m
2026-07-28 17:56:53 [INFO]      consumiu MAIS que o habitual às 09h
2026-07-28 17:56:53 [INFO]      [2mReal:[0m 34.0 kWh   [2mHabitual:[0m 11.5 ± 1.1 kWh   [2mz:[0m +10.00⁺   [2mdesvio:[0m +196%   [2m(2 obs. dia_util)[0m
2026-07-28 17:56:53 [INFO] 
2026-07-28 17:56:53 [INFO]   🔴 [91m[1mPT0002000073231742VK[0m  [2m[Cluster 0][0m
2026-07-28 17:56:53 [INFO]      consumiu MAIS que o habitual às 10h
2026-07-28 17:56:53 [INFO]      [2mReal:[0m 30.0 kWh   [2mHabitual:[0m 12.0 ± 1.2 kWh   [2mz:[0m +10.00⁺   [2mdesvio:[0m +150%   [2m(2 obs. dia_util)[0m
2026-07-28 17:56:53 [INFO] 
2026-07-28 17:56:53 [INFO]   🔴 [91m[1mPT0002000073231742VK[0m  [2m[Cluster 0][0m
2026-07-28 17:56:53 [INFO]      consumiu MAIS que o habitual às 11h
2026-07-28 17:56:53 [INFO]      [2mReal:[0m 25.0 kWh   [2mHabitual:[0m 11.5 ± 1.1 kWh   [2mz:[0m +10.00⁺   [2mdesvio:[0m +117%   [2m(2 obs. dia_util)[0m
2026-07-28 17:56:53 [INFO] 
2026-07-28 17:56:53 [INFO]   🔴 [91m[1mPT0002000073231742VK[0m  [2m[Cluster 0][0m
2026-07-28 17:56:53 [INFO]      consumiu MAIS que o habitual às 12h
2026-07-28 17:56:53 [INFO]      [2mReal:[0m 31.0 kWh   [2mHabitual:[0m 11.5 ± 1.1 kWh   [2mz:[0m +10.00⁺   [2mdesvio:[0m +170%   [2m(2 obs. dia_util)[0m
2026-07-28 17:56:53 [INFO] 
2026-07-28 17:56:53 [INFO]   🔴 [91m[1mPT0002000073231742VK[0m  [2m[Cluster 0][0m
2026-07-28 17:56:53 [INFO]      consumiu MAIS que o habitual às 13h
2026-07-28 17:56:53 [INFO]      [2mReal:[0m 23.0 kWh   [2mHabitual:[0m 11.5 ± 1.1 kWh   [2mz:[0m +10.00   [2mdesvio:[0m +100%   [2m(2 obs. dia_util)[0m
2026-07-28 17:56:53 [INFO] 
2026-07-28 17:56:53 [INFO]   🔴 [91m[1mPT0002000073481266XH[0m  [2m[Cluster 0][0m
2026-07-28 17:56:53 [INFO]      consumiu MAIS que o habitual às 07h
2026-07-28 17:56:53 [INFO]      [2mReal:[0m 15.0 kWh   [2mHabitual:[0m 5.0 ± 0.5 kWh   [2mz:[0m +10.00⁺   [2mdesvio:[0m +200%   [2m(2 obs. dia_util)[0m
2026-07-28 17:56:53 [INFO] 
2026-07-28 17:56:53 [INFO]   🔴 [91m[1mPT0002000073481266XH[0m  [2m[Cluster 0][0m
2026-07-28 17:56:53 [INFO]      consumiu MAIS que o habitual às 08h
2026-07-28 17:56:53 [INFO]      [2mReal:[0m 31.0 kWh   [2mHabitual:[0m 5.5 ± 0.7 kWh   [2mz:[0m +10.00⁺   [2mdesvio:[0m +464%   [2m(2 obs. dia_util)[0m
2026-07-28 17:56:53 [INFO] 
2026-07-28 17:56:53 [INFO]   🔴 [91m[1mPT0002000073481266XH[0m  [2m[Cluster 0][0m
2026-07-28 17:56:53 [INFO]      consumiu MAIS que o habitual às 09h
2026-07-28 17:56:53 [INFO]      [2mReal:[0m 44.0 kWh   [2mHabitual:[0m 5.5 ± 0.7 kWh   [2mz:[0m +10.00⁺   [2mdesvio:[0m +700%   [2m(2 obs. dia_util)[0m
2026-07-28 17:56:53 [INFO] 
2026-07-28 17:56:53 [INFO]   🔴 [91m[1mPT0002000073481266XH[0m  [2m[Cluster 0][0m
2026-07-28 17:56:53 [INFO]      consumiu MAIS que o habitual às 10h
2026-07-28 17:56:53 [INFO]      [2mReal:[0m 50.0 kWh   [2mHabitual:[0m 5.0 ± 0.5 kWh   [2mz:[0m +10.00⁺   [2mdesvio:[0m +900%   [2m(2 obs. dia_util)[0m
2026-07-28 17:56:53 [INFO] 
2026-07-28 17:56:53 [INFO]   🔴 [91m[1mPT0002000073481266XH[0m  [2m[Cluster 0][0m
2026-07-28 17:56:53 [INFO]      consumiu MAIS que o habitual às 11h
2026-07-28 17:56:53 [INFO]      [2mReal:[0m 61.0 kWh   [2mHabitual:[0m 5.5 ± 0.7 kWh   [2mz:[0m +10.00⁺   [2mdesvio:[0m +1009%   [2m(2 obs. dia_util)[0m
2026-07-28 17:56:53 [INFO] 
2026-07-28 17:56:53 [INFO]   🔴 [91m[1mPT0002000073481266XH[0m  [2m[Cluster 0][0m
2026-07-28 17:56:53 [INFO]      consumiu MAIS que o habitual às 12h
2026-07-28 17:56:53 [INFO]      [2mReal:[0m 60.0 kWh   [2mHabitual:[0m 5.5 ± 0.7 kWh   [2mz:[0m +10.00⁺   [2mdesvio:[0m +991%   [2m(2 obs. dia_util)[0m
2026-07-28 17:56:53 [INFO] 
2026-07-28 17:56:53 [INFO]   🔴 [91m[1mPT0002000073481266XH[0m  [2m[Cluster 0][0m
2026-07-28 17:56:53 [INFO]      consumiu MAIS que o habitual às 13h
2026-07-28 17:56:53 [INFO]      [2mReal:[0m 53.0 kWh   [2mHabitual:[0m 5.5 ± 0.7 kWh   [2mz:[0m +10.00⁺   [2mdesvio:[0m +864%   [2m(2 obs. dia_util)[0m
2026-07-28 17:56:53 [INFO] 
2026-07-28 17:56:53 [INFO]   🔴 [91m[1mPT0002000073481266XH[0m  [2m[Cluster 0][0m
2026-07-28 17:56:53 [INFO]      consumiu MAIS que o habitual às 14h
2026-07-28 17:56:53 [INFO]      [2mReal:[0m 50.0 kWh   [2mHabitual:[0m 6.0 ± 0.6 kWh   [2mz:[0m +10.00⁺   [2mdesvio:[0m +733%   [2m(2 obs. dia_util)[0m
2026-07-28 17:56:53 [INFO] 
2026-07-28 17:56:53 [INFO]   🔴 [91m[1mPT0002000073481266XH[0m  [2m[Cluster 0][0m
2026-07-28 17:56:53 [INFO]      consumiu MAIS que o habitual às 15h
2026-07-28 17:56:53 [INFO]      [2mReal:[0m 51.0 kWh   [2mHabitual:[0m 5.5 ± 0.7 kWh   [2mz:[0m +10.00⁺   [2mdesvio:[0m +827%   [2m(2 obs. dia_util)[0m
2026-07-28 17:56:53 [INFO] 
2026-07-28 17:56:53 [INFO]   🔴 [91m[1mPT0002000073481266XH[0m  [2m[Cluster 0][0m
2026-07-28 17:56:53 [INFO]      consumiu MAIS que o habitual às 16h
2026-07-28 17:56:53 [INFO]      [2mReal:[0m 45.0 kWh   [2mHabitual:[0m 6.5 ± 0.7 kWh   [2mz:[0m +10.00⁺   [2mdesvio:[0m +592%   [2m(2 obs. dia_util)[0m
2026-07-28 17:56:53 [INFO] 
2026-07-28 17:56:53 [INFO]   🔴 [91m[1mPT0002000073481266XH[0m  [2m[Cluster 0][0m
2026-07-28 17:56:53 [INFO]      consumiu MAIS que o habitual às 17h
2026-07-28 17:56:53 [INFO]      [2mReal:[0m 40.0 kWh   [2mHabitual:[0m 5.5 ± 0.7 kWh   [2mz:[0m +10.00⁺   [2mdesvio:[0m +627%   [2m(2 obs. dia_util)[0m
2026-07-28 17:56:53 [INFO] 
2026-07-28 17:56:53 [INFO]   🔴 [91m[1mPT0002000073481266XH[0m  [2m[Cluster 0][0m
2026-07-28 17:56:53 [INFO]      consumiu MAIS que o habitual às 18h
2026-07-28 17:56:53 [INFO]      [2mReal:[0m 23.0 kWh   [2mHabitual:[0m 6.5 ± 0.7 kWh   [2mz:[0m +10.00⁺   [2mdesvio:[0m +254%   [2m(2 obs. dia_util)[0m
2026-07-28 17:56:53 [INFO] 
2026-07-28 17:56:53 [INFO]   🔴 [91m[1mPT0002000073717386HC[0m  [2m[Cluster 1 (atribuido)][0m
2026-07-28 17:56:53 [INFO]      consumiu MAIS que o habitual às 12h
2026-07-28 17:56:53 [INFO]      [2mReal:[0m 61.0 kWh   [2mHabitual:[0m 9.5 ± 0.9 kWh   [2mz:[0m +10.00⁺   [2mdesvio:[0m +542%   [2m(2 obs. dia_util)[0m
2026-07-28 17:56:53 [INFO] 
2026-07-28 17:56:53 [INFO]   🔴 [91m[1mPT0002000073717386HC[0m  [2m[Cluster 1 (atribuido)][0m
2026-07-28 17:56:53 [INFO]      consumiu MAIS que o habitual às 13h
2026-07-28 17:56:53 [INFO]      [2mReal:[0m 59.0 kWh   [2mHabitual:[0m 8.0 ± 0.8 kWh   [2mz:[0m +10.00⁺   [2mdesvio:[0m +638%   [2m(2 obs. dia_util)[0m
2026-07-28 17:56:53 [INFO] 
2026-07-28 17:56:53 [INFO]   🔴 [91m[1mPT0002000073717386HC[0m  [2m[Cluster 1 (atribuido)][0m
2026-07-28 17:56:53 [INFO]      consumiu MAIS que o habitual às 15h
2026-07-28 17:56:53 [INFO]      [2mReal:[0m 5.0 kWh   [2mHabitual:[0m 1.0 ± 0.3 kWh   [2mz:[0m +10.00⁺   [2mdesvio:[0m +400%   [2m(2 obs. dia_util)[0m
2026-07-28 17:56:53 [INFO] 
2026-07-28 17:56:53 [INFO]   🔴 [91m[1mPT0002000073720434JD[0m  [2m[Cluster 1 (atribuido)][0m
2026-07-28 17:56:53 [INFO]      consumiu MAIS que o habitual às 18h
2026-07-28 17:56:53 [INFO]      [2mReal:[0m 55.0 kWh   [2mHabitual:[0m 25.5 ± 2.5 kWh   [2mz:[0m +10.00⁺   [2mdesvio:[0m +116%   [2m(2 obs. dia_util)[0m
2026-07-28 17:56:53 [INFO] 
2026-07-28 17:56:53 [INFO]   🔴 [91m[1mPT0002000075637532JB[0m  [2m[Cluster 0][0m
2026-07-28 17:56:53 [INFO]      consumiu MAIS que o habitual às 08h
2026-07-28 17:56:53 [INFO]      [2mReal:[0m 14.0 kWh   [2mHabitual:[0m 4.0 ± 0.4 kWh   [2mz:[0m +10.00⁺   [2mdesvio:[0m +250%   [2m(2 obs. dia_util)[0m
2026-07-28 17:56:53 [INFO] 
2026-07-28 17:56:53 [INFO]   🔴 [91m[1mPT0002000075637532JB[0m  [2m[Cluster 0][0m
2026-07-28 17:56:53 [INFO]      consumiu MAIS que o habitual às 09h
2026-07-28 17:56:53 [INFO]      [2mReal:[0m 21.0 kWh   [2mHabitual:[0m 4.5 ± 0.7 kWh   [2mz:[0m +10.00⁺   [2mdesvio:[0m +367%   [2m(2 obs. dia_util)[0m
2026-07-28 17:56:53 [INFO] 
2026-07-28 17:56:53 [INFO]   🔴 [91m[1mPT0002000075637532JB[0m  [2m[Cluster 0][0m
2026-07-28 17:56:53 [INFO]      consumiu MAIS que o habitual às 10h
2026-07-28 17:56:53 [INFO]      [2mReal:[0m 30.0 kWh   [2mHabitual:[0m 4.5 ± 0.7 kWh   [2mz:[0m +10.00⁺   [2mdesvio:[0m +567%   [2m(2 obs. dia_util)[0m
2026-07-28 17:56:53 [INFO] 
2026-07-28 17:56:53 [INFO]   🔴 [91m[1mPT0002000075637532JB[0m  [2m[Cluster 0][0m
2026-07-28 17:56:53 [INFO]      consumiu MAIS que o habitual às 11h
2026-07-28 17:56:53 [INFO]      [2mReal:[0m 29.0 kWh   [2mHabitual:[0m 4.5 ± 0.7 kWh   [2mz:[0m +10.00⁺   [2mdesvio:[0m +544%   [2m(2 obs. dia_util)[0m
2026-07-28 17:56:53 [INFO] 
2026-07-28 17:56:53 [INFO]   🔴 [91m[1mPT0002000075637532JB[0m  [2m[Cluster 0][0m
2026-07-28 17:56:53 [INFO]      consumiu MAIS que o habitual às 12h
2026-07-28 17:56:53 [INFO]      [2mReal:[0m 26.0 kWh   [2mHabitual:[0m 5.0 ± 0.5 kWh   [2mz:[0m +10.00⁺   [2mdesvio:[0m +420%   [2m(2 obs. dia_util)[0m
2026-07-28 17:56:53 [INFO] 
2026-07-28 17:56:53 [INFO]   🔴 [91m[1mPT0002000075637532JB[0m  [2m[Cluster 0][0m
2026-07-28 17:56:53 [INFO]      consumiu MAIS que o habitual às 13h
2026-07-28 17:56:53 [INFO]      [2mReal:[0m 13.0 kWh   [2mHabitual:[0m 4.5 ± 0.7 kWh   [2mz:[0m +10.00⁺   [2mdesvio:[0m +189%   [2m(2 obs. dia_util)[0m
2026-07-28 17:56:53 [INFO] 
2026-07-28 17:56:53 [INFO]   🔴 [91m[1mPT0002000075637532JB[0m  [2m[Cluster 0][0m
2026-07-28 17:56:53 [INFO]      consumiu MAIS que o habitual às 15h
2026-07-28 17:56:53 [INFO]      [2mReal:[0m 10.0 kWh   [2mHabitual:[0m 5.0 ± 0.5 kWh   [2mz:[0m +10.00   [2mdesvio:[0m +100%   [2m(2 obs. dia_util)[0m
2026-07-28 17:56:53 [INFO] 
2026-07-28 17:56:53 [INFO]   🔴 [91m[1mPT0002000075637532JB[0m  [2m[Cluster 0][0m
2026-07-28 17:56:53 [INFO]      consumiu MAIS que o habitual às 16h
2026-07-28 17:56:53 [INFO]      [2mReal:[0m 10.0 kWh   [2mHabitual:[0m 4.0 ± 0.4 kWh   [2mz:[0m +10.00⁺   [2mdesvio:[0m +150%   [2m(2 obs. dia_util)[0m
2026-07-28 17:56:53 [INFO] 
2026-07-28 17:56:53 [INFO]   🔴 [91m[1mPT0002000075637532JB[0m  [2m[Cluster 0][0m
2026-07-28 17:56:53 [INFO]      consumiu MAIS que o habitual às 17h
2026-07-28 17:56:53 [INFO]      [2mReal:[0m 10.0 kWh   [2mHabitual:[0m 5.0 ± 0.5 kWh   [2mz:[0m +10.00   [2mdesvio:[0m +100%   [2m(2 obs. dia_util)[0m
2026-07-28 17:56:53 [INFO] 
2026-07-28 17:56:53 [INFO]   🔴 [91m[1mPT0002000077394934QY[0m  [2m[Cluster 0][0m
2026-07-28 17:56:53 [INFO]      consumiu MAIS que o habitual às 12h
2026-07-28 17:56:53 [INFO]      [2mReal:[0m 162.0 kWh   [2mHabitual:[0m 77.5 ± 7.8 kWh   [2mz:[0m +10.00⁺   [2mdesvio:[0m +109%   [2m(2 obs. dia_util)[0m
2026-07-28 17:56:53 [INFO] 
2026-07-28 17:56:53 [INFO]   🔴 [91m[1mPT0002000077394934QY[0m  [2m[Cluster 0][0m
2026-07-28 17:56:53 [INFO]      consumiu MAIS que o habitual às 13h
2026-07-28 17:56:53 [INFO]      [2mReal:[0m 164.0 kWh   [2mHabitual:[0m 78.0 ± 7.8 kWh   [2mz:[0m +10.00⁺   [2mdesvio:[0m +110%   [2m(2 obs. dia_util)[0m
2026-07-28 17:56:53 [INFO] 
2026-07-28 17:56:53 [INFO]   🔴 [91m[1mPT0002000077394934QY[0m  [2m[Cluster 0][0m
2026-07-28 17:56:53 [INFO]      consumiu MAIS que o habitual às 14h
2026-07-28 17:56:53 [INFO]      [2mReal:[0m 163.0 kWh   [2mHabitual:[0m 74.0 ± 7.4 kWh   [2mz:[0m +10.00⁺   [2mdesvio:[0m +120%   [2m(2 obs. dia_util)[0m
2026-07-28 17:56:53 [INFO] 
2026-07-28 17:56:53 [INFO]   🔴 [91m[1mPT0002000078140706BA[0m  [2m[Cluster 1 (atribuido)][0m
2026-07-28 17:56:53 [INFO]      consumiu MAIS que o habitual às 08h
2026-07-28 17:56:53 [INFO]      [2mReal:[0m 29.0 kWh   [2mHabitual:[0m 1.0 ± 1.4 kWh   [2mz:[0m +10.00⁺   [2mdesvio:[0m +2800%   [2m(2 obs. dia_util)[0m
2026-07-28 17:56:53 [INFO] 
2026-07-28 17:56:53 [INFO]   🔴 [91m[1mPT0002000078140706BA[0m  [2m[Cluster 1 (atribuido)][0m
2026-07-28 17:56:53 [INFO]      consumiu MAIS que o habitual às 09h
2026-07-28 17:56:53 [INFO]      [2mReal:[0m 8.0 kWh   [2mHabitual:[0m 0.0 ± 0.3 kWh   [2mz:[0m +10.00⁺   [2mdesvio:[0m +800000%   [2m(2 obs. dia_util)[0m
2026-07-28 17:56:53 [INFO] 
2026-07-28 17:56:53 [INFO]   🔴 [91m[1mPT0002000078140706BA[0m  [2m[Cluster 1 (atribuido)][0m
2026-07-28 17:56:53 [INFO]      consumiu MAIS que o habitual às 10h
2026-07-28 17:56:53 [INFO]      [2mReal:[0m 13.0 kWh   [2mHabitual:[0m 0.5 ± 0.7 kWh   [2mz:[0m +10.00⁺   [2mdesvio:[0m +2500%   [2m(2 obs. dia_util)[0m
2026-07-28 17:56:53 [INFO] 
2026-07-28 17:56:53 [INFO]   🔴 [91m[1mPT0002000078140706BA[0m  [2m[Cluster 1 (atribuido)][0m
2026-07-28 17:56:53 [INFO]      consumiu MAIS que o habitual às 11h
2026-07-28 17:56:53 [INFO]      [2mReal:[0m 6.0 kWh   [2mHabitual:[0m 0.0 ± 0.3 kWh   [2mz:[0m +10.00⁺   [2mdesvio:[0m +600000%   [2m(2 obs. dia_util)[0m
2026-07-28 17:56:53 [INFO] 
2026-07-28 17:56:53 [INFO]   🔴 [91m[1mPT0002000078140706BA[0m  [2m[Cluster 1 (atribuido)][0m
2026-07-28 17:56:53 [INFO]      consumiu MAIS que o habitual às 13h
2026-07-28 17:56:53 [INFO]      [2mReal:[0m 13.0 kWh   [2mHabitual:[0m 0.0 ± 0.3 kWh   [2mz:[0m +10.00⁺   [2mdesvio:[0m +1300000%   [2m(2 obs. dia_util)[0m
2026-07-28 17:56:53 [INFO] 
2026-07-28 17:56:53 [INFO]   🔴 [91m[1mPT0002000078140706BA[0m  [2m[Cluster 1 (atribuido)][0m
2026-07-28 17:56:53 [INFO]      consumiu MAIS que o habitual às 14h
2026-07-28 17:56:53 [INFO]      [2mReal:[0m 11.0 kWh   [2mHabitual:[0m 0.0 ± 0.3 kWh   [2mz:[0m +10.00⁺   [2mdesvio:[0m +1100000%   [2m(2 obs. dia_util)[0m
2026-07-28 17:56:53 [INFO] 
2026-07-28 17:56:53 [INFO]   🔴 [91m[1mPT0002000078140706BA[0m  [2m[Cluster 1 (atribuido)][0m
2026-07-28 17:56:53 [INFO]      consumiu MAIS que o habitual às 15h
2026-07-28 17:56:53 [INFO]      [2mReal:[0m 42.0 kWh   [2mHabitual:[0m 0.0 ± 0.3 kWh   [2mz:[0m +10.00⁺   [2mdesvio:[0m +4200000%   [2m(2 obs. dia_util)[0m
2026-07-28 17:56:53 [INFO] 
2026-07-28 17:56:53 [INFO]   🔴 [91m[1mPT0002000078140706BA[0m  [2m[Cluster 1 (atribuido)][0m
2026-07-28 17:56:53 [INFO]      consumiu MAIS que o habitual às 16h
2026-07-28 17:56:53 [INFO]      [2mReal:[0m 10.0 kWh   [2mHabitual:[0m 0.0 ± 0.3 kWh   [2mz:[0m +10.00⁺   [2mdesvio:[0m +1000000%   [2m(2 obs. dia_util)[0m
2026-07-28 17:56:53 [INFO] 
2026-07-28 17:56:53 [INFO]   🔴 [91m[1mPT0002000078140706BA[0m  [2m[Cluster 1 (atribuido)][0m
2026-07-28 17:56:53 [INFO]      consumiu MAIS que o habitual às 17h
2026-07-28 17:56:53 [INFO]      [2mReal:[0m 10.0 kWh   [2mHabitual:[0m 0.0 ± 0.3 kWh   [2mz:[0m +10.00⁺   [2mdesvio:[0m +1000000%   [2m(2 obs. dia_util)[0m
2026-07-28 17:56:53 [INFO] 
2026-07-28 17:56:53 [INFO]   🔴 [91m[1mPT0002000078140706BA[0m  [2m[Cluster 1 (atribuido)][0m
2026-07-28 17:56:53 [INFO]      consumiu MAIS que o habitual às 18h
2026-07-28 17:56:53 [INFO]      [2mReal:[0m 62.0 kWh   [2mHabitual:[0m 9.0 ± 2.8 kWh   [2mz:[0m +10.00⁺   [2mdesvio:[0m +589%   [2m(2 obs. dia_util)[0m
2026-07-28 17:56:53 [INFO] 
2026-07-28 17:56:53 [INFO]   🔴 [91m[1mPT0002000078140706BA[0m  [2m[Cluster 1 (atribuido)][0m
2026-07-28 17:56:53 [INFO]      consumiu MAIS que o habitual às 19h
2026-07-28 17:56:53 [INFO]      [2mReal:[0m 98.0 kWh   [2mHabitual:[0m 39.5 ± 5.0 kWh   [2mz:[0m +10.00⁺   [2mdesvio:[0m +148%   [2m(2 obs. dia_util)[0m
2026-07-28 17:56:53 [INFO] 
2026-07-28 17:56:53 [INFO]   🔴 [91m[1mPT0002000078207354XC[0m  [2m[Cluster 1][0m
2026-07-28 17:56:53 [INFO]      consumiu MAIS que o habitual às 12h
2026-07-28 17:56:53 [INFO]      [2mReal:[0m 10.0 kWh   [2mHabitual:[0m 2.5 ± 0.7 kWh   [2mz:[0m +10.00⁺   [2mdesvio:[0m +300%   [2m(2 obs. dia_util)[0m
2026-07-28 17:56:53 [INFO] 
2026-07-28 17:56:53 [INFO]   🔴 [91m[1mPT0002000078207354XC[0m  [2m[Cluster 1][0m
2026-07-28 17:56:53 [INFO]      consumiu MAIS que o habitual às 15h
2026-07-28 17:56:53 [INFO]      [2mReal:[0m 8.0 kWh   [2mHabitual:[0m 3.0 ± 0.3 kWh   [2mz:[0m +10.00⁺   [2mdesvio:[0m +167%   [2m(2 obs. dia_util)[0m
2026-07-28 17:56:53 [INFO] 
2026-07-28 17:56:53 [INFO]   🔴 [91m[1mPT0002000078207354XC[0m  [2m[Cluster 1][0m
2026-07-28 17:56:53 [INFO]      consumiu MAIS que o habitual às 16h
2026-07-28 17:56:53 [INFO]      [2mReal:[0m 8.0 kWh   [2mHabitual:[0m 2.0 ± 0.3 kWh   [2mz:[0m +10.00⁺   [2mdesvio:[0m +300%   [2m(2 obs. dia_util)[0m
2026-07-28 17:56:53 [INFO] 
2026-07-28 17:56:53 [INFO]   🔴 [91m[1mPT0002000078207354XC[0m  [2m[Cluster 1][0m
2026-07-28 17:56:53 [INFO]      consumiu MAIS que o habitual às 17h
2026-07-28 17:56:53 [INFO]      [2mReal:[0m 12.0 kWh   [2mHabitual:[0m 3.0 ± 0.3 kWh   [2mz:[0m +10.00⁺   [2mdesvio:[0m +300%   [2m(2 obs. dia_util)[0m
2026-07-28 17:56:53 [INFO] 
2026-07-28 17:56:53 [INFO]   🔴 [91m[1mPT0002000078207354XC[0m  [2m[Cluster 1][0m
2026-07-28 17:56:53 [INFO]      consumiu MAIS que o habitual às 18h
2026-07-28 17:56:53 [INFO]      [2mReal:[0m 22.0 kWh   [2mHabitual:[0m 2.5 ± 0.7 kWh   [2mz:[0m +10.00⁺   [2mdesvio:[0m +780%   [2m(2 obs. dia_util)[0m
2026-07-28 17:56:53 [INFO] 
2026-07-28 17:56:53 [INFO]   🔴 [91m[1mPT0002000078207354XC[0m  [2m[Cluster 1][0m
2026-07-28 17:56:53 [INFO]      consumiu MAIS que o habitual às 19h
2026-07-28 17:56:53 [INFO]      [2mReal:[0m 21.0 kWh   [2mHabitual:[0m 2.5 ± 0.7 kWh   [2mz:[0m +10.00⁺   [2mdesvio:[0m +740%   [2m(2 obs. dia_util)[0m
2026-07-28 17:56:53 [INFO] 
2026-07-28 17:56:53 [INFO]   🔴 [91m[1mPT0002000078207354XC[0m  [2m[Cluster 1][0m
2026-07-28 17:56:53 [INFO]      consumiu MAIS que o habitual às 20h
2026-07-28 17:56:53 [INFO]      [2mReal:[0m 21.0 kWh   [2mHabitual:[0m 2.0 ± 0.3 kWh   [2mz:[0m +10.00⁺   [2mdesvio:[0m +950%   [2m(2 obs. dia_util)[0m
2026-07-28 17:56:53 [INFO] 
2026-07-28 17:56:53 [INFO]   🔴 [91m[1mPT0002000078207354XC[0m  [2m[Cluster 1][0m
2026-07-28 17:56:53 [INFO]      consumiu MAIS que o habitual às 23h
2026-07-28 17:56:53 [INFO]      [2mReal:[0m 15.0 kWh   [2mHabitual:[0m 2.7 ± 0.6 kWh   [2mz:[0m +10.00⁺   [2mdesvio:[0m +462%   [2m(3 obs. dia_util)[0m
2026-07-28 17:56:53 [INFO] 
2026-07-28 17:56:53 [INFO]   🔴 [91m[1mPT0002000078233981HJ[0m  [2m[Cluster 1][0m
2026-07-28 17:56:53 [INFO]      consumiu MAIS que o habitual às 18h
2026-07-28 17:56:53 [INFO]      [2mReal:[0m 28.0 kWh   [2mHabitual:[0m 3.0 ± 0.3 kWh   [2mz:[0m +10.00⁺   [2mdesvio:[0m +833%   [2m(2 obs. dia_util)[0m
2026-07-28 17:56:53 [INFO] 
2026-07-28 17:56:53 [INFO]   🔴 [91m[1mPT0002000078233981HJ[0m  [2m[Cluster 1][0m
2026-07-28 17:56:53 [INFO]      consumiu MAIS que o habitual às 19h
2026-07-28 17:56:53 [INFO]      [2mReal:[0m 28.0 kWh   [2mHabitual:[0m 2.5 ± 0.7 kWh   [2mz:[0m +10.00⁺   [2mdesvio:[0m +1020%   [2m(2 obs. dia_util)[0m
2026-07-28 17:56:53 [INFO] 
2026-07-28 17:56:53 [INFO]   🔴 [91m[1mPT0002000078233981HJ[0m  [2m[Cluster 1][0m
2026-07-28 17:56:53 [INFO]      consumiu MAIS que o habitual às 20h
2026-07-28 17:56:53 [INFO]      [2mReal:[0m 28.0 kWh   [2mHabitual:[0m 2.5 ± 0.7 kWh   [2mz:[0m +10.00⁺   [2mdesvio:[0m +1020%   [2m(2 obs. dia_util)[0m
2026-07-28 17:56:53 [INFO] 
2026-07-28 17:56:53 [INFO]   🔴 [91m[1mPT0002000078233981HJ[0m  [2m[Cluster 1][0m
2026-07-28 17:56:53 [INFO]      consumiu MAIS que o habitual às 21h
2026-07-28 17:56:53 [INFO]      [2mReal:[0m 23.0 kWh   [2mHabitual:[0m 3.0 ± 1.0 kWh   [2mz:[0m +10.00⁺   [2mdesvio:[0m +667%   [2m(3 obs. dia_util)[0m
2026-07-28 17:56:53 [INFO] 
2026-07-28 17:56:53 [INFO]   🔴 [91m[1mPT0002000078294957RQ[0m  [2m[Cluster 0][0m
2026-07-28 17:56:53 [INFO]      consumiu MAIS que o habitual às 08h
2026-07-28 17:56:53 [INFO]      [2mReal:[0m 14.0 kWh   [2mHabitual:[0m 5.0 ± 0.5 kWh   [2mz:[0m +10.00⁺   [2mdesvio:[0m +180%   [2m(2 obs. dia_util)[0m
2026-07-28 17:56:53 [INFO] 
2026-07-28 17:56:53 [INFO]   🔴 [91m[1mPT0002000078294957RQ[0m  [2m[Cluster 0][0m
2026-07-28 17:56:53 [INFO]      consumiu MAIS que o habitual às 09h
2026-07-28 17:56:53 [INFO]      [2mReal:[0m 13.0 kWh   [2mHabitual:[0m 4.5 ± 0.7 kWh   [2mz:[0m +10.00⁺   [2mdesvio:[0m +189%   [2m(2 obs. dia_util)[0m
2026-07-28 17:56:53 [INFO] 
2026-07-28 17:56:53 [INFO]   🔴 [91m[1mPT0002000078294957RQ[0m  [2m[Cluster 0][0m
2026-07-28 17:56:53 [INFO]      consumiu MAIS que o habitual às 10h
2026-07-28 17:56:53 [INFO]      [2mReal:[0m 30.0 kWh   [2mHabitual:[0m 4.5 ± 0.7 kWh   [2mz:[0m +10.00⁺   [2mdesvio:[0m +567%   [2m(2 obs. dia_util)[0m
2026-07-28 17:56:53 [INFO] 
2026-07-28 17:56:53 [INFO]   🔴 [91m[1mPT0002000078294957RQ[0m  [2m[Cluster 0][0m
2026-07-28 17:56:53 [INFO]      consumiu MAIS que o habitual às 11h
2026-07-28 17:56:53 [INFO]      [2mReal:[0m 30.0 kWh   [2mHabitual:[0m 4.5 ± 0.7 kWh   [2mz:[0m +10.00⁺   [2mdesvio:[0m +567%   [2m(2 obs. dia_util)[0m
2026-07-28 17:56:53 [INFO] 
2026-07-28 17:56:53 [INFO]   🔴 [91m[1mPT0002000078294957RQ[0m  [2m[Cluster 0][0m
2026-07-28 17:56:53 [INFO]      consumiu MAIS que o habitual às 12h
2026-07-28 17:56:53 [INFO]      [2mReal:[0m 41.0 kWh   [2mHabitual:[0m 4.5 ± 0.7 kWh   [2mz:[0m +10.00⁺   [2mdesvio:[0m +811%   [2m(2 obs. dia_util)[0m
2026-07-28 17:56:53 [INFO] 
2026-07-28 17:56:53 [INFO]   🔴 [91m[1mPT0002000078294957RQ[0m  [2m[Cluster 0][0m
2026-07-28 17:56:53 [INFO]      consumiu MAIS que o habitual às 13h
2026-07-28 17:56:53 [INFO]      [2mReal:[0m 27.0 kWh   [2mHabitual:[0m 5.0 ± 0.5 kWh   [2mz:[0m +10.00⁺   [2mdesvio:[0m +440%   [2m(2 obs. dia_util)[0m
2026-07-28 17:56:53 [INFO] 
2026-07-28 17:56:53 [INFO]   🔴 [91m[1mPT0002000078294957RQ[0m  [2m[Cluster 0][0m
2026-07-28 17:56:53 [INFO]      consumiu MAIS que o habitual às 14h
2026-07-28 17:56:53 [INFO]      [2mReal:[0m 20.0 kWh   [2mHabitual:[0m 5.0 ± 0.5 kWh   [2mz:[0m +10.00⁺   [2mdesvio:[0m +300%   [2m(2 obs. dia_util)[0m
2026-07-28 17:56:53 [INFO] 
2026-07-28 17:56:53 [INFO]   🔴 [91m[1mPT0002000078294957RQ[0m  [2m[Cluster 0][0m
2026-07-28 17:56:53 [INFO]      consumiu MAIS que o habitual às 15h
2026-07-28 17:56:53 [INFO]      [2mReal:[0m 17.0 kWh   [2mHabitual:[0m 4.5 ± 0.7 kWh   [2mz:[0m +10.00⁺   [2mdesvio:[0m +278%   [2m(2 obs. dia_util)[0m
2026-07-28 17:56:53 [INFO] 
2026-07-28 17:56:53 [INFO]   🔴 [91m[1mPT0002000078294957RQ[0m  [2m[Cluster 0][0m
2026-07-28 17:56:53 [INFO]      consumiu MAIS que o habitual às 17h
2026-07-28 17:56:53 [INFO]      [2mReal:[0m 14.0 kWh   [2mHabitual:[0m 4.5 ± 0.7 kWh   [2mz:[0m +10.00⁺   [2mdesvio:[0m +211%   [2m(2 obs. dia_util)[0m
2026-07-28 17:56:53 [INFO] 
2026-07-28 17:56:53 [INFO]   🔴 [91m[1mPT0002000081344542CP[0m  [2m[Cluster 1][0m
2026-07-28 17:56:53 [INFO]      consumiu MAIS que o habitual às 06h
2026-07-28 17:56:53 [INFO]      [2mReal:[0m 5.0 kWh   [2mHabitual:[0m 1.0 ± 0.3 kWh   [2mz:[0m +10.00⁺   [2mdesvio:[0m +400%   [2m(2 obs. dia_util)[0m
2026-07-28 17:56:53 [INFO] 
2026-07-28 17:56:53 [INFO]   🔴 [91m[1mPT0002000081344542CP[0m  [2m[Cluster 1][0m
2026-07-28 17:56:53 [INFO]      consumiu MAIS que o habitual às 08h
2026-07-28 17:56:53 [INFO]      [2mReal:[0m 6.0 kWh   [2mHabitual:[0m 1.0 ± 0.3 kWh   [2mz:[0m +10.00⁺   [2mdesvio:[0m +500%   [2m(2 obs. dia_util)[0m
2026-07-28 17:56:53 [INFO] 
2026-07-28 17:56:53 [INFO]   🔴 [91m[1mPT0002000081344542CP[0m  [2m[Cluster 1][0m
2026-07-28 17:56:53 [INFO]      consumiu MAIS que o habitual às 09h
2026-07-28 17:56:53 [INFO]      [2mReal:[0m 5.0 kWh   [2mHabitual:[0m 2.0 ± 0.3 kWh   [2mz:[0m +10.00   [2mdesvio:[0m +150%   [2m(2 obs. dia_util)[0m
2026-07-28 17:56:53 [INFO] 
2026-07-28 17:56:53 [INFO]   🔴 [91m[1mPT0002000081344542CP[0m  [2m[Cluster 1][0m
2026-07-28 17:56:53 [INFO]      consumiu MAIS que o habitual às 11h
2026-07-28 17:56:53 [INFO]      [2mReal:[0m 26.0 kWh   [2mHabitual:[0m 2.0 ± 0.3 kWh   [2mz:[0m +10.00⁺   [2mdesvio:[0m +1200%   [2m(2 obs. dia_util)[0m
2026-07-28 17:56:53 [INFO] 
2026-07-28 17:56:53 [INFO]   🔴 [91m[1mPT0002000081344542CP[0m  [2m[Cluster 1][0m
2026-07-28 17:56:53 [INFO]      consumiu MAIS que o habitual às 15h
2026-07-28 17:56:53 [INFO]      [2mReal:[0m 5.0 kWh   [2mHabitual:[0m 2.0 ± 0.3 kWh   [2mz:[0m +10.00   [2mdesvio:[0m +150%   [2m(2 obs. dia_util)[0m
2026-07-28 17:56:53 [INFO] 
2026-07-28 17:56:53 [INFO]   🔴 [91m[1mPT0002000081344542CP[0m  [2m[Cluster 1][0m
2026-07-28 17:56:53 [INFO]      consumiu MAIS que o habitual às 16h
2026-07-28 17:56:53 [INFO]      [2mReal:[0m 5.0 kWh   [2mHabitual:[0m 1.0 ± 0.3 kWh   [2mz:[0m +10.00⁺   [2mdesvio:[0m +400%   [2m(2 obs. dia_util)[0m
2026-07-28 17:56:53 [INFO] 
2026-07-28 17:56:53 [INFO]   🔴 [91m[1mPT0002000081344542CP[0m  [2m[Cluster 1][0m
2026-07-28 17:56:53 [INFO]      consumiu MAIS que o habitual às 17h
2026-07-28 17:56:53 [INFO]      [2mReal:[0m 8.0 kWh   [2mHabitual:[0m 2.0 ± 0.3 kWh   [2mz:[0m +10.00⁺   [2mdesvio:[0m +300%   [2m(2 obs. dia_util)[0m
2026-07-28 17:56:53 [INFO] 
2026-07-28 17:56:53 [INFO]   🔴 [91m[1mPT0002000101964938LF[0m  [2m[Cluster 0][0m
2026-07-28 17:56:53 [INFO]      consumiu MAIS que o habitual às 07h
2026-07-28 17:56:53 [INFO]      [2mReal:[0m 22.0 kWh   [2mHabitual:[0m 10.0 ± 1.0 kWh   [2mz:[0m +10.00⁺   [2mdesvio:[0m +120%   [2m(2 obs. dia_util)[0m
2026-07-28 17:56:53 [INFO] 
2026-07-28 17:56:53 [INFO]   🔴 [91m[1mPT0002000101964938LF[0m  [2m[Cluster 0][0m
2026-07-28 17:56:53 [INFO]      consumiu MAIS que o habitual às 12h
2026-07-28 17:56:53 [INFO]      [2mReal:[0m 68.0 kWh   [2mHabitual:[0m 13.0 ± 4.2 kWh   [2mz:[0m +10.00⁺   [2mdesvio:[0m +423%   [2m(2 obs. dia_util)[0m
2026-07-28 17:56:53 [INFO] 
2026-07-28 17:56:53 [INFO]   🔴 [91m[1mPT0002000101964938LF[0m  [2m[Cluster 0][0m
2026-07-28 17:56:53 [INFO]      consumiu MAIS que o habitual às 13h
2026-07-28 17:56:53 [INFO]      [2mReal:[0m 73.0 kWh   [2mHabitual:[0m 12.0 ± 2.8 kWh   [2mz:[0m +10.00⁺   [2mdesvio:[0m +508%   [2m(2 obs. dia_util)[0m
2026-07-28 17:56:53 [INFO] 
2026-07-28 17:56:53 [INFO]   🔴 [91m[1mPT0002000101964938LF[0m  [2m[Cluster 0][0m
2026-07-28 17:56:53 [INFO]      consumiu MAIS que o habitual às 14h
2026-07-28 17:56:53 [INFO]      [2mReal:[0m 66.0 kWh   [2mHabitual:[0m 13.0 ± 2.8 kWh   [2mz:[0m +10.00⁺   [2mdesvio:[0m +408%   [2m(2 obs. dia_util)[0m
2026-07-28 17:56:53 [INFO] 
2026-07-28 17:56:53 [INFO]   🔴 [91m[1mPT0002000101964938LF[0m  [2m[Cluster 0][0m
2026-07-28 17:56:53 [INFO]      consumiu MAIS que o habitual às 15h
2026-07-28 17:56:53 [INFO]      [2mReal:[0m 63.0 kWh   [2mHabitual:[0m 12.0 ± 2.8 kWh   [2mz:[0m +10.00⁺   [2mdesvio:[0m +425%   [2m(2 obs. dia_util)[0m
2026-07-28 17:56:53 [INFO] 
2026-07-28 17:56:53 [INFO]   🔴 [91m[1mPT0002000101964938LF[0m  [2m[Cluster 0][0m
2026-07-28 17:56:53 [INFO]      consumiu MAIS que o habitual às 16h
2026-07-28 17:56:53 [INFO]      [2mReal:[0m 65.0 kWh   [2mHabitual:[0m 12.5 ± 2.1 kWh   [2mz:[0m +10.00⁺   [2mdesvio:[0m +420%   [2m(2 obs. dia_util)[0m
2026-07-28 17:56:53 [INFO] 
2026-07-28 17:56:53 [INFO]   🔴 [91m[1mPT0002000101964938LF[0m  [2m[Cluster 0][0m
2026-07-28 17:56:53 [INFO]      consumiu MAIS que o habitual às 17h
2026-07-28 17:56:53 [INFO]      [2mReal:[0m 63.0 kWh   [2mHabitual:[0m 12.0 ± 2.8 kWh   [2mz:[0m +10.00⁺   [2mdesvio:[0m +425%   [2m(2 obs. dia_util)[0m
2026-07-28 17:56:53 [INFO] 
2026-07-28 17:56:53 [INFO]   🔴 [91m[1mPT0002000101964938LF[0m  [2m[Cluster 0][0m
2026-07-28 17:56:53 [INFO]      consumiu MAIS que o habitual às 18h
2026-07-28 17:56:53 [INFO]      [2mReal:[0m 55.0 kWh   [2mHabitual:[0m 12.5 ± 2.1 kWh   [2mz:[0m +10.00⁺   [2mdesvio:[0m +340%   [2m(2 obs. dia_util)[0m
2026-07-28 17:56:53 [INFO] 
2026-07-28 17:56:53 [INFO]   🔴 [91m[1mPT0002000101964938LF[0m  [2m[Cluster 0][0m
2026-07-28 17:56:53 [INFO]      consumiu MAIS que o habitual às 19h
2026-07-28 17:56:53 [INFO]      [2mReal:[0m 48.0 kWh   [2mHabitual:[0m 11.5 ± 2.1 kWh   [2mz:[0m +10.00⁺   [2mdesvio:[0m +317%   [2m(2 obs. dia_util)[0m
2026-07-28 17:56:53 [INFO] 
2026-07-28 17:56:53 [INFO]   🔴 [91m[1mPT0002000102936404ME[0m  [2m[Cluster 1][0m
2026-07-28 17:56:53 [INFO]      consumiu MAIS que o habitual às 00h
2026-07-28 17:56:53 [INFO]      [2mReal:[0m 36.0 kWh   [2mHabitual:[0m 16.5 ± 1.6 kWh   [2mz:[0m +10.00⁺   [2mdesvio:[0m +118%   [2m(2 obs. dia_util)[0m
2026-07-28 17:56:53 [INFO] 
2026-07-28 17:56:53 [INFO]   🔴 [91m[1mPT0002000107046231FW[0m  [2m[Cluster 0][0m
2026-07-28 17:56:53 [INFO]      consumiu MAIS que o habitual às 08h
2026-07-28 17:56:53 [INFO]      [2mReal:[0m 22.0 kWh   [2mHabitual:[0m 4.0 ± 0.4 kWh   [2mz:[0m +10.00⁺   [2mdesvio:[0m +450%   [2m(2 obs. dia_util)[0m
2026-07-28 17:56:53 [INFO] 
2026-07-28 17:56:53 [INFO]   🔴 [91m[1mPT0002000107046231FW[0m  [2m[Cluster 0][0m
2026-07-28 17:56:53 [INFO]      consumiu MAIS que o habitual às 09h
2026-07-28 17:56:53 [INFO]      [2mReal:[0m 22.0 kWh   [2mHabitual:[0m 3.5 ± 0.7 kWh   [2mz:[0m +10.00⁺   [2mdesvio:[0m +529%   [2m(2 obs. dia_util)[0m
2026-07-28 17:56:53 [INFO] 
2026-07-28 17:56:53 [INFO]   🔴 [91m[1mPT0002000107046231FW[0m  [2m[Cluster 0][0m
2026-07-28 17:56:53 [INFO]      consumiu MAIS que o habitual às 10h
2026-07-28 17:56:53 [INFO]      [2mReal:[0m 45.0 kWh   [2mHabitual:[0m 3.0 ± 0.3 kWh   [2mz:[0m +10.00⁺   [2mdesvio:[0m +1400%   [2m(2 obs. dia_util)[0m
2026-07-28 17:56:53 [INFO] 
2026-07-28 17:56:53 [INFO]   🔴 [91m[1mPT0002000107046231FW[0m  [2m[Cluster 0][0m
2026-07-28 17:56:53 [INFO]      consumiu MAIS que o habitual às 11h
2026-07-28 17:56:53 [INFO]      [2mReal:[0m 49.0 kWh   [2mHabitual:[0m 1.5 ± 0.7 kWh   [2mz:[0m +10.00⁺   [2mdesvio:[0m +3167%   [2m(2 obs. dia_util)[0m
2026-07-28 17:56:53 [INFO] 
2026-07-28 17:56:53 [INFO]   🔴 [91m[1mPT0002000107046231FW[0m  [2m[Cluster 0][0m
2026-07-28 17:56:53 [INFO]      consumiu MAIS que o habitual às 12h
2026-07-28 17:56:53 [INFO]      [2mReal:[0m 46.0 kWh   [2mHabitual:[0m 2.0 ± 0.3 kWh   [2mz:[0m +10.00⁺   [2mdesvio:[0m +2200%   [2m(2 obs. dia_util)[0m
2026-07-28 17:56:53 [INFO] 
2026-07-28 17:56:53 [INFO]   🔴 [91m[1mPT0002000107046231FW[0m  [2m[Cluster 0][0m
2026-07-28 17:56:53 [INFO]      consumiu MAIS que o habitual às 13h
2026-07-28 17:56:53 [INFO]      [2mReal:[0m 48.0 kWh   [2mHabitual:[0m 2.0 ± 0.3 kWh   [2mz:[0m +10.00⁺   [2mdesvio:[0m +2300%   [2m(2 obs. dia_util)[0m
2026-07-28 17:56:53 [INFO] 
2026-07-28 17:56:53 [INFO]   🔴 [91m[1mPT0002000107046231FW[0m  [2m[Cluster 0][0m
2026-07-28 17:56:53 [INFO]      consumiu MAIS que o habitual às 14h
2026-07-28 17:56:53 [INFO]      [2mReal:[0m 44.0 kWh   [2mHabitual:[0m 2.5 ± 0.7 kWh   [2mz:[0m +10.00⁺   [2mdesvio:[0m +1660%   [2m(2 obs. dia_util)[0m
2026-07-28 17:56:53 [INFO] 
2026-07-28 17:56:53 [INFO]   🔴 [91m[1mPT0002000107046231FW[0m  [2m[Cluster 0][0m
2026-07-28 17:56:53 [INFO]      consumiu MAIS que o habitual às 15h
2026-07-28 17:56:53 [INFO]      [2mReal:[0m 33.0 kWh   [2mHabitual:[0m 3.0 ± 0.3 kWh   [2mz:[0m +10.00⁺   [2mdesvio:[0m +1000%   [2m(2 obs. dia_util)[0m
2026-07-28 17:56:53 [INFO] 
2026-07-28 17:56:53 [INFO]   🔴 [91m[1mPT0002000107046231FW[0m  [2m[Cluster 0][0m
2026-07-28 17:56:53 [INFO]      consumiu MAIS que o habitual às 16h
2026-07-28 17:56:53 [INFO]      [2mReal:[0m 23.0 kWh   [2mHabitual:[0m 2.5 ± 0.7 kWh   [2mz:[0m +10.00⁺   [2mdesvio:[0m +820%   [2m(2 obs. dia_util)[0m
2026-07-28 17:56:53 [INFO] 
2026-07-28 17:56:53 [INFO]   🔴 [91m[1mPT0002000107046231FW[0m  [2m[Cluster 0][0m
2026-07-28 17:56:53 [INFO]      consumiu MAIS que o habitual às 17h
2026-07-28 17:56:53 [INFO]      [2mReal:[0m 14.0 kWh   [2mHabitual:[0m 2.0 ± 0.3 kWh   [2mz:[0m +10.00⁺   [2mdesvio:[0m +600%   [2m(2 obs. dia_util)[0m
2026-07-28 17:56:53 [INFO] 
2026-07-28 17:56:53 [INFO]   🔴 [91m[1mPT0002000109837807PE[0m  [2m[Cluster 1][0m
2026-07-28 17:56:53 [INFO]      consumiu MAIS que o habitual às 16h
2026-07-28 17:56:53 [INFO]      [2mReal:[0m 6.0 kWh   [2mHabitual:[0m 3.0 ± 0.3 kWh   [2mz:[0m +10.00   [2mdesvio:[0m +100%   [2m(2 obs. dia_util)[0m
2026-07-28 17:56:53 [INFO] 
2026-07-28 17:56:53 [INFO]   🔴 [91m[1mPT0002000109837807PE[0m  [2m[Cluster 1][0m
2026-07-28 17:56:53 [INFO]      consumiu MAIS que o habitual às 17h
2026-07-28 17:56:53 [INFO]      [2mReal:[0m 7.0 kWh   [2mHabitual:[0m 3.0 ± 0.3 kWh   [2mz:[0m +10.00⁺   [2mdesvio:[0m +133%   [2m(2 obs. dia_util)[0m
2026-07-28 17:56:53 [INFO] 
2026-07-28 17:56:53 [INFO]   🔴 [91m[1mPT0002000109837807PE[0m  [2m[Cluster 1][0m
2026-07-28 17:56:53 [INFO]      consumiu MAIS que o habitual às 18h
2026-07-28 17:56:53 [INFO]      [2mReal:[0m 26.0 kWh   [2mHabitual:[0m 3.5 ± 0.7 kWh   [2mz:[0m +10.00⁺   [2mdesvio:[0m +643%   [2m(2 obs. dia_util)[0m
2026-07-28 17:56:53 [INFO] 
2026-07-28 17:56:53 [INFO]   🔴 [91m[1mPT0002000109837807PE[0m  [2m[Cluster 1][0m
2026-07-28 17:56:53 [INFO]      consumiu MAIS que o habitual às 19h
2026-07-28 17:56:53 [INFO]      [2mReal:[0m 33.0 kWh   [2mHabitual:[0m 5.5 ± 0.7 kWh   [2mz:[0m +10.00⁺   [2mdesvio:[0m +500%   [2m(2 obs. dia_util)[0m
2026-07-28 17:56:53 [INFO] 
2026-07-28 17:56:53 [INFO]   🔴 [91m[1mPT0002000109837807PE[0m  [2m[Cluster 1][0m
2026-07-28 17:56:53 [INFO]      consumiu MAIS que o habitual às 20h
2026-07-28 17:56:53 [INFO]      [2mReal:[0m 30.0 kWh   [2mHabitual:[0m 7.0 ± 0.7 kWh   [2mz:[0m +10.00⁺   [2mdesvio:[0m +329%   [2m(2 obs. dia_util)[0m
2026-07-28 17:56:53 [INFO] 
2026-07-28 17:56:53 [INFO]   🔴 [91m[1mPT0002000110090564GD[0m  [2m[Cluster 1][0m
2026-07-28 17:56:53 [INFO]      consumiu MAIS que o habitual às 09h
2026-07-28 17:56:53 [INFO]      [2mReal:[0m 15.0 kWh   [2mHabitual:[0m 4.5 ± 0.7 kWh   [2mz:[0m +10.00⁺   [2mdesvio:[0m +233%   [2m(2 obs. dia_util)[0m
2026-07-28 17:56:53 [INFO] 
2026-07-28 17:56:53 [INFO]   🔴 [91m[1mPT0002000110090564GD[0m  [2m[Cluster 1][0m
2026-07-28 17:56:53 [INFO]      consumiu MAIS que o habitual às 10h
2026-07-28 17:56:53 [INFO]      [2mReal:[0m 16.0 kWh   [2mHabitual:[0m 5.0 ± 0.5 kWh   [2mz:[0m +10.00⁺   [2mdesvio:[0m +220%   [2m(2 obs. dia_util)[0m
2026-07-28 17:56:53 [INFO] 
2026-07-28 17:56:53 [INFO]   🔴 [91m[1mPT0002000110090564GD[0m  [2m[Cluster 1][0m
2026-07-28 17:56:53 [INFO]      consumiu MAIS que o habitual às 11h
2026-07-28 17:56:53 [INFO]      [2mReal:[0m 13.0 kWh   [2mHabitual:[0m 5.0 ± 0.5 kWh   [2mz:[0m +10.00⁺   [2mdesvio:[0m +160%   [2m(2 obs. dia_util)[0m
2026-07-28 17:56:53 [INFO] 
2026-07-28 17:56:53 [INFO]   🔴 [91m[1mPT0002000110090564GD[0m  [2m[Cluster 1][0m
2026-07-28 17:56:53 [INFO]      consumiu MAIS que o habitual às 18h
2026-07-28 17:56:53 [INFO]      [2mReal:[0m 32.0 kWh   [2mHabitual:[0m 5.0 ± 0.5 kWh   [2mz:[0m +10.00⁺   [2mdesvio:[0m +540%   [2m(2 obs. dia_util)[0m
2026-07-28 17:56:53 [INFO] 
2026-07-28 17:56:53 [INFO]   🔴 [91m[1mPT0002000110090564GD[0m  [2m[Cluster 1][0m
2026-07-28 17:56:53 [INFO]      consumiu MAIS que o habitual às 19h
2026-07-28 17:56:53 [INFO]      [2mReal:[0m 44.0 kWh   [2mHabitual:[0m 4.5 ± 0.7 kWh   [2mz:[0m +10.00⁺   [2mdesvio:[0m +878%   [2m(2 obs. dia_util)[0m
2026-07-28 17:56:53 [INFO] 
2026-07-28 17:56:53 [INFO]   🔴 [91m[1mPT0002000110090564GD[0m  [2m[Cluster 1][0m
2026-07-28 17:56:53 [INFO]      consumiu MAIS que o habitual às 20h
2026-07-28 17:56:53 [INFO]      [2mReal:[0m 43.0 kWh   [2mHabitual:[0m 4.5 ± 0.7 kWh   [2mz:[0m +10.00⁺   [2mdesvio:[0m +856%   [2m(2 obs. dia_util)[0m
2026-07-28 17:56:53 [INFO] 
2026-07-28 17:56:53 [INFO]   🔴 [91m[1mPT0002000110090564GD[0m  [2m[Cluster 1][0m
2026-07-28 17:56:53 [INFO]      consumiu MAIS que o habitual às 21h
2026-07-28 17:56:53 [INFO]      [2mReal:[0m 33.0 kWh   [2mHabitual:[0m 4.3 ± 1.1 kWh   [2mz:[0m +10.00⁺   [2mdesvio:[0m +662%   [2m(3 obs. dia_util)[0m
2026-07-28 17:56:53 [INFO] 
2026-07-28 17:56:53 [INFO]   🔴 [91m[1mPT0002000110090564GD[0m  [2m[Cluster 1][0m
2026-07-28 17:56:53 [INFO]      consumiu MAIS que o habitual às 22h
2026-07-28 17:56:53 [INFO]      [2mReal:[0m 35.0 kWh   [2mHabitual:[0m 5.0 ± 0.5 kWh   [2mz:[0m +10.00⁺   [2mdesvio:[0m +600%   [2m(3 obs. dia_util)[0m
2026-07-28 17:56:53 [INFO] 
2026-07-28 17:56:53 [INFO]   🔴 [91m[1mPT0002000110090564GD[0m  [2m[Cluster 1][0m
2026-07-28 17:56:53 [INFO]      consumiu MAIS que o habitual às 23h
2026-07-28 17:56:53 [INFO]      [2mReal:[0m 28.0 kWh   [2mHabitual:[0m 4.7 ± 0.6 kWh   [2mz:[0m +10.00⁺   [2mdesvio:[0m +500%   [2m(3 obs. dia_util)[0m
2026-07-28 17:56:53 [INFO] 
2026-07-28 17:56:53 [INFO]   🔴 [91m[1mPT0002000110607652SB[0m  [2m[Cluster 0][0m
2026-07-28 17:56:53 [INFO]      consumiu MAIS que o habitual às 07h
2026-07-28 17:56:53 [INFO]      [2mReal:[0m 36.0 kWh   [2mHabitual:[0m 8.0 ± 0.8 kWh   [2mz:[0m +10.00⁺   [2mdesvio:[0m +350%   [2m(2 obs. dia_util)[0m
2026-07-28 17:56:53 [INFO] 
2026-07-28 17:56:53 [INFO]   🔴 [91m[1mPT0002000110607652SB[0m  [2m[Cluster 0][0m
2026-07-28 17:56:53 [INFO]      consumiu MAIS que o habitual às 08h
2026-07-28 17:56:53 [INFO]      [2mReal:[0m 76.0 kWh   [2mHabitual:[0m 8.0 ± 0.8 kWh   [2mz:[0m +10.00⁺   [2mdesvio:[0m +850%   [2m(2 obs. dia_util)[0m
2026-07-28 17:56:53 [INFO] 
2026-07-28 17:56:53 [INFO]   🔴 [91m[1mPT0002000110607652SB[0m  [2m[Cluster 0][0m
2026-07-28 17:56:53 [INFO]      consumiu MAIS que o habitual às 09h
2026-07-28 17:56:53 [INFO]      [2mReal:[0m 80.0 kWh   [2mHabitual:[0m 10.0 ± 2.8 kWh   [2mz:[0m +10.00⁺   [2mdesvio:[0m +700%   [2m(2 obs. dia_util)[0m
2026-07-28 17:56:53 [INFO] 
2026-07-28 17:56:53 [INFO]   🔴 [91m[1mPT0002000110607652SB[0m  [2m[Cluster 0][0m
2026-07-28 17:56:53 [INFO]      consumiu MAIS que o habitual às 10h
2026-07-28 17:56:53 [INFO]      [2mReal:[0m 84.0 kWh   [2mHabitual:[0m 8.0 ± 0.8 kWh   [2mz:[0m +10.00⁺   [2mdesvio:[0m +950%   [2m(2 obs. dia_util)[0m
2026-07-28 17:56:53 [INFO] 
2026-07-28 17:56:53 [INFO]   🔴 [91m[1mPT0002000110607652SB[0m  [2m[Cluster 0][0m
2026-07-28 17:56:53 [INFO]      consumiu MAIS que o habitual às 11h
2026-07-28 17:56:53 [INFO]      [2mReal:[0m 88.0 kWh   [2mHabitual:[0m 8.0 ± 0.8 kWh   [2mz:[0m +10.00⁺   [2mdesvio:[0m +1000%   [2m(2 obs. dia_util)[0m
2026-07-28 17:56:53 [INFO] 
2026-07-28 17:56:53 [INFO]   🔴 [91m[1mPT0002000110607652SB[0m  [2m[Cluster 0][0m
2026-07-28 17:56:53 [INFO]      consumiu MAIS que o habitual às 12h
2026-07-28 17:56:53 [INFO]      [2mReal:[0m 84.0 kWh   [2mHabitual:[0m 10.0 ± 2.8 kWh   [2mz:[0m +10.00⁺   [2mdesvio:[0m +740%   [2m(2 obs. dia_util)[0m
2026-07-28 17:56:53 [INFO] 
2026-07-28 17:56:53 [INFO]   🔴 [91m[1mPT0002000110607652SB[0m  [2m[Cluster 0][0m
2026-07-28 17:56:53 [INFO]      consumiu MAIS que o habitual às 13h
2026-07-28 17:56:53 [INFO]      [2mReal:[0m 96.0 kWh   [2mHabitual:[0m 6.0 ± 2.8 kWh   [2mz:[0m +10.00⁺   [2mdesvio:[0m +1500%   [2m(2 obs. dia_util)[0m
2026-07-28 17:56:53 [INFO] 
2026-07-28 17:56:53 [INFO]   🔴 [91m[1mPT0002000110607652SB[0m  [2m[Cluster 0][0m
2026-07-28 17:56:53 [INFO]      consumiu MAIS que o habitual às 14h
2026-07-28 17:56:53 [INFO]      [2mReal:[0m 100.0 kWh   [2mHabitual:[0m 10.0 ± 2.8 kWh   [2mz:[0m +10.00⁺   [2mdesvio:[0m +900%   [2m(2 obs. dia_util)[0m
2026-07-28 17:56:53 [INFO] 
2026-07-28 17:56:53 [INFO]   🔴 [91m[1mPT0002000110607652SB[0m  [2m[Cluster 0][0m
2026-07-28 17:56:53 [INFO]      consumiu MAIS que o habitual às 15h
2026-07-28 17:56:53 [INFO]      [2mReal:[0m 88.0 kWh   [2mHabitual:[0m 8.0 ± 0.8 kWh   [2mz:[0m +10.00⁺   [2mdesvio:[0m +1000%   [2m(2 obs. dia_util)[0m
2026-07-28 17:56:53 [INFO] 
2026-07-28 17:56:53 [INFO]   🔴 [91m[1mPT0002000110607652SB[0m  [2m[Cluster 0][0m
2026-07-28 17:56:53 [INFO]      consumiu MAIS que o habitual às 16h
2026-07-28 17:56:53 [INFO]      [2mReal:[0m 84.0 kWh   [2mHabitual:[0m 8.0 ± 0.8 kWh   [2mz:[0m +10.00⁺   [2mdesvio:[0m +950%   [2m(2 obs. dia_util)[0m
2026-07-28 17:56:53 [INFO] 
2026-07-28 17:56:53 [INFO]   🔴 [91m[1mPT0002000110607652SB[0m  [2m[Cluster 0][0m
2026-07-28 17:56:53 [INFO]      consumiu MAIS que o habitual às 17h
2026-07-28 17:56:53 [INFO]      [2mReal:[0m 80.0 kWh   [2mHabitual:[0m 10.0 ± 2.8 kWh   [2mz:[0m +10.00⁺   [2mdesvio:[0m +700%   [2m(2 obs. dia_util)[0m
2026-07-28 17:56:53 [INFO] 
2026-07-28 17:56:53 [INFO]   🔴 [91m[1mPT0002000110607652SB[0m  [2m[Cluster 0][0m
2026-07-28 17:56:53 [INFO]      consumiu MAIS que o habitual às 18h
2026-07-28 17:56:53 [INFO]      [2mReal:[0m 72.0 kWh   [2mHabitual:[0m 8.0 ± 5.7 kWh   [2mz:[0m +10.00⁺   [2mdesvio:[0m +800%   [2m(2 obs. dia_util)[0m
2026-07-28 17:56:53 [INFO] 
2026-07-28 17:56:53 [INFO]   🔴 [91m[1mPT0002000110607652SB[0m  [2m[Cluster 0][0m
2026-07-28 17:56:53 [INFO]      consumiu MAIS que o habitual às 19h
2026-07-28 17:56:53 [INFO]      [2mReal:[0m 60.0 kWh   [2mHabitual:[0m 8.0 ± 0.8 kWh   [2mz:[0m +10.00⁺   [2mdesvio:[0m +650%   [2m(2 obs. dia_util)[0m
2026-07-28 17:56:53 [INFO] 
2026-07-28 17:56:53 [INFO]   🔴 [91m[1mPT0002000111572054VT[0m  [2m[Cluster 0 (atribuido)][0m
2026-07-28 17:56:53 [INFO]      consumiu MAIS que o habitual às 10h
2026-07-28 17:56:53 [INFO]      [2mReal:[0m 3.0 kWh   [2mHabitual:[0m 0.0 ± 0.3 kWh   [2mz:[0m +10.00   [2mdesvio:[0m +300000%   [2m(2 obs. dia_util)[0m
2026-07-28 17:56:53 [INFO] 
2026-07-28 17:56:53 [INFO]   🔴 [91m[1mPT0002000111572054VT[0m  [2m[Cluster 0 (atribuido)][0m
2026-07-28 17:56:53 [INFO]      consumiu MAIS que o habitual às 15h
2026-07-28 17:56:53 [INFO]      [2mReal:[0m 13.0 kWh   [2mHabitual:[0m 0.0 ± 0.3 kWh   [2mz:[0m +10.00⁺   [2mdesvio:[0m +1300000%   [2m(2 obs. dia_util)[0m
2026-07-28 17:56:53 [INFO] 
2026-07-28 17:56:53 [INFO]   🔴 [91m[1mPT0002000111572054VT[0m  [2m[Cluster 0 (atribuido)][0m
2026-07-28 17:56:53 [INFO]      consumiu MAIS que o habitual às 16h
2026-07-28 17:56:53 [INFO]      [2mReal:[0m 33.0 kWh   [2mHabitual:[0m 0.0 ± 0.3 kWh   [2mz:[0m +10.00⁺   [2mdesvio:[0m +3300000%   [2m(2 obs. dia_util)[0m
2026-07-28 17:56:53 [INFO] 
2026-07-28 17:56:53 [INFO]   🔴 [91m[1mPT0002000111572054VT[0m  [2m[Cluster 0 (atribuido)][0m
2026-07-28 17:56:53 [INFO]      consumiu MAIS que o habitual às 17h
2026-07-28 17:56:53 [INFO]      [2mReal:[0m 23.0 kWh   [2mHabitual:[0m 0.0 ± 0.3 kWh   [2mz:[0m +10.00⁺   [2mdesvio:[0m +2300000%   [2m(2 obs. dia_util)[0m
2026-07-28 17:56:53 [INFO] 
2026-07-28 17:56:53 [INFO]   🔴 [91m[1mPT0002000111572054VT[0m  [2m[Cluster 0 (atribuido)][0m
2026-07-28 17:56:53 [INFO]      consumiu MAIS que o habitual às 18h
2026-07-28 17:56:53 [INFO]      [2mReal:[0m 35.0 kWh   [2mHabitual:[0m 0.0 ± 0.3 kWh   [2mz:[0m +10.00⁺   [2mdesvio:[0m +3500000%   [2m(2 obs. dia_util)[0m
2026-07-28 17:56:53 [INFO] 
2026-07-28 17:56:53 [INFO]   🔴 [91m[1mPT0002000111572054VT[0m  [2m[Cluster 0 (atribuido)][0m
2026-07-28 17:56:53 [INFO]      consumiu MAIS que o habitual às 19h
2026-07-28 17:56:53 [INFO]      [2mReal:[0m 45.0 kWh   [2mHabitual:[0m 3.0 ± 1.4 kWh   [2mz:[0m +10.00⁺   [2mdesvio:[0m +1400%   [2m(2 obs. dia_util)[0m
2026-07-28 17:56:53 [INFO] 
2026-07-28 17:56:53 [INFO]   🔴 [91m[1mPT0002000111572054VT[0m  [2m[Cluster 0 (atribuido)][0m
2026-07-28 17:56:53 [INFO]      consumiu MAIS que o habitual às 20h
2026-07-28 17:56:53 [INFO]      [2mReal:[0m 21.0 kWh   [2mHabitual:[0m 10.5 ± 1.1 kWh   [2mz:[0m +10.00   [2mdesvio:[0m +100%   [2m(2 obs. dia_util)[0m
2026-07-28 17:56:53 [INFO] 
2026-07-28 17:56:53 [INFO]   🔴 [91m[1mPT0002000112989585PH[0m  [2m[Cluster 0][0m
2026-07-28 17:56:53 [INFO]      consumiu MAIS que o habitual às 14h
2026-07-28 17:56:53 [INFO]      [2mReal:[0m 30.0 kWh   [2mHabitual:[0m 1.0 ± 1.4 kWh   [2mz:[0m +10.00⁺   [2mdesvio:[0m +2900%   [2m(2 obs. dia_util)[0m
2026-07-28 17:56:53 [INFO] 
2026-07-28 17:56:53 [INFO]   🔴 [91m[1mPT0002000112989585PH[0m  [2m[Cluster 0][0m
2026-07-28 17:56:53 [INFO]      consumiu MAIS que o habitual às 15h
2026-07-28 17:56:53 [INFO]      [2mReal:[0m 54.0 kWh   [2mHabitual:[0m 4.5 ± 2.1 kWh   [2mz:[0m +10.00⁺   [2mdesvio:[0m +1100%   [2m(2 obs. dia_util)[0m
2026-07-28 17:56:53 [INFO] 
2026-07-28 17:56:53 [INFO]   🔴 [91m[1mPT0002000112989585PH[0m  [2m[Cluster 0][0m
2026-07-28 17:56:53 [INFO]      consumiu MAIS que o habitual às 16h
2026-07-28 17:56:53 [INFO]      [2mReal:[0m 68.0 kWh   [2mHabitual:[0m 23.5 ± 3.5 kWh   [2mz:[0m +10.00⁺   [2mdesvio:[0m +189%   [2m(2 obs. dia_util)[0m
2026-07-28 17:56:53 [INFO] 
2026-07-28 17:56:53 [INFO]   🔴 [91m[1mPT0002000114613364CC[0m  [2m[Cluster 0 (atribuido)][0m
2026-07-28 17:56:53 [INFO]      consumiu MAIS que o habitual às 08h
2026-07-28 17:56:53 [INFO]      [2mReal:[0m 273.0 kWh   [2mHabitual:[0m 120.5 ± 12.1 kWh   [2mz:[0m +10.00⁺   [2mdesvio:[0m +127%   [2m(2 obs. dia_util)[0m
2026-07-28 17:56:53 [INFO] 
2026-07-28 17:56:53 [INFO]   🔴 [91m[1mPT0002000114613364CC[0m  [2m[Cluster 0 (atribuido)][0m
2026-07-28 17:56:53 [INFO]      consumiu MAIS que o habitual às 09h
2026-07-28 17:56:53 [INFO]      [2mReal:[0m 299.0 kWh   [2mHabitual:[0m 126.5 ± 12.7 kWh   [2mz:[0m +10.00⁺   [2mdesvio:[0m +136%   [2m(2 obs. dia_util)[0m
2026-07-28 17:56:53 [INFO] 
2026-07-28 17:56:53 [INFO]   🔴 [91m[1mPT0002000114613364CC[0m  [2m[Cluster 0 (atribuido)][0m
2026-07-28 17:56:53 [INFO]      consumiu MAIS que o habitual às 10h
2026-07-28 17:56:53 [INFO]      [2mReal:[0m 300.0 kWh   [2mHabitual:[0m 129.5 ± 12.9 kWh   [2mz:[0m +10.00⁺   [2mdesvio:[0m +132%   [2m(2 obs. dia_util)[0m
2026-07-28 17:56:53 [INFO] 
2026-07-28 17:56:53 [INFO]   🔴 [91m[1mPT0002000114613364CC[0m  [2m[Cluster 0 (atribuido)][0m
2026-07-28 17:56:53 [INFO]      consumiu MAIS que o habitual às 11h
2026-07-28 17:56:53 [INFO]      [2mReal:[0m 299.0 kWh   [2mHabitual:[0m 126.0 ± 12.6 kWh   [2mz:[0m +10.00⁺   [2mdesvio:[0m +137%   [2m(2 obs. dia_util)[0m
2026-07-28 17:56:53 [INFO] 
2026-07-28 17:56:53 [INFO]   🔴 [91m[1mPT0002000114613364CC[0m  [2m[Cluster 0 (atribuido)][0m
2026-07-28 17:56:53 [INFO]      consumiu MAIS que o habitual às 12h
2026-07-28 17:56:53 [INFO]      [2mReal:[0m 286.0 kWh   [2mHabitual:[0m 121.0 ± 12.1 kWh   [2mz:[0m +10.00⁺   [2mdesvio:[0m +136%   [2m(2 obs. dia_util)[0m
2026-07-28 17:56:53 [INFO] 
2026-07-28 17:56:53 [INFO]   🔴 [91m[1mPT0002000114613364CC[0m  [2m[Cluster 0 (atribuido)][0m
2026-07-28 17:56:53 [INFO]      consumiu MAIS que o habitual às 13h
2026-07-28 17:56:53 [INFO]      [2mReal:[0m 266.0 kWh   [2mHabitual:[0m 121.5 ± 12.2 kWh   [2mz:[0m +10.00⁺   [2mdesvio:[0m +119%   [2m(2 obs. dia_util)[0m
2026-07-28 17:56:53 [INFO] 
2026-07-28 17:56:53 [INFO]   🔴 [91m[1mPT0002000114613364CC[0m  [2m[Cluster 0 (atribuido)][0m
2026-07-28 17:56:53 [INFO]      consumiu MAIS que o habitual às 14h
2026-07-28 17:56:53 [INFO]      [2mReal:[0m 271.0 kWh   [2mHabitual:[0m 121.0 ± 12.1 kWh   [2mz:[0m +10.00⁺   [2mdesvio:[0m +124%   [2m(2 obs. dia_util)[0m
2026-07-28 17:56:53 [INFO] 
2026-07-28 17:56:53 [INFO]   🔴 [91m[1mPT0002000114613364CC[0m  [2m[Cluster 0 (atribuido)][0m
2026-07-28 17:56:53 [INFO]      consumiu MAIS que o habitual às 15h
2026-07-28 17:56:53 [INFO]      [2mReal:[0m 265.0 kWh   [2mHabitual:[0m 117.0 ± 11.7 kWh   [2mz:[0m +10.00⁺   [2mdesvio:[0m +126%   [2m(2 obs. dia_util)[0m
2026-07-28 17:56:53 [INFO] 
2026-07-28 17:56:53 [INFO]   🔴 [91m[1mPT0002000114613364CC[0m  [2m[Cluster 0 (atribuido)][0m
2026-07-28 17:56:53 [INFO]      consumiu MAIS que o habitual às 16h
2026-07-28 17:56:53 [INFO]      [2mReal:[0m 248.0 kWh   [2mHabitual:[0m 117.0 ± 11.7 kWh   [2mz:[0m +10.00⁺   [2mdesvio:[0m +112%   [2m(2 obs. dia_util)[0m
2026-07-28 17:56:53 [INFO] 
2026-07-28 17:56:53 [INFO]   🔴 [91m[1mPT0002000115031201VQ[0m  [2m[Cluster 0][0m
2026-07-28 17:56:53 [INFO]      consumiu MAIS que o habitual às 09h
2026-07-28 17:56:53 [INFO]      [2mReal:[0m 13.0 kWh   [2mHabitual:[0m 4.0 ± 0.4 kWh   [2mz:[0m +10.00⁺   [2mdesvio:[0m +225%   [2m(2 obs. dia_util)[0m
2026-07-28 17:56:53 [INFO] 
2026-07-28 17:56:53 [INFO]   🔴 [91m[1mPT0002000115031201VQ[0m  [2m[Cluster 0][0m
2026-07-28 17:56:53 [INFO]      consumiu MAIS que o habitual às 10h
2026-07-28 17:56:53 [INFO]      [2mReal:[0m 16.0 kWh   [2mHabitual:[0m 4.0 ± 0.4 kWh   [2mz:[0m +10.00⁺   [2mdesvio:[0m +300%   [2m(2 obs. dia_util)[0m
2026-07-28 17:56:53 [INFO] 
2026-07-28 17:56:53 [INFO]   🔴 [91m[1mPT0002000115031201VQ[0m  [2m[Cluster 0][0m
2026-07-28 17:56:53 [INFO]      consumiu MAIS que o habitual às 11h
2026-07-28 17:56:53 [INFO]      [2mReal:[0m 42.0 kWh   [2mHabitual:[0m 4.0 ± 0.4 kWh   [2mz:[0m +10.00⁺   [2mdesvio:[0m +950%   [2m(2 obs. dia_util)[0m
2026-07-28 17:56:53 [INFO] 
2026-07-28 17:56:53 [INFO]   🔴 [91m[1mPT0002000115031201VQ[0m  [2m[Cluster 0][0m
2026-07-28 17:56:53 [INFO]      consumiu MAIS que o habitual às 12h
2026-07-28 17:56:53 [INFO]      [2mReal:[0m 31.0 kWh   [2mHabitual:[0m 4.0 ± 0.4 kWh   [2mz:[0m +10.00⁺   [2mdesvio:[0m +675%   [2m(2 obs. dia_util)[0m
2026-07-28 17:56:53 [INFO] 
2026-07-28 17:56:53 [INFO]   🔴 [91m[1mPT0002000115031201VQ[0m  [2m[Cluster 0][0m
2026-07-28 17:56:53 [INFO]      consumiu MAIS que o habitual às 13h
2026-07-28 17:56:53 [INFO]      [2mReal:[0m 33.0 kWh   [2mHabitual:[0m 4.0 ± 0.4 kWh   [2mz:[0m +10.00⁺   [2mdesvio:[0m +725%   [2m(2 obs. dia_util)[0m
2026-07-28 17:56:53 [INFO] 
2026-07-28 17:56:53 [INFO]   🔴 [91m[1mPT0002000115031201VQ[0m  [2m[Cluster 0][0m
2026-07-28 17:56:53 [INFO]      consumiu MAIS que o habitual às 14h
2026-07-28 17:56:53 [INFO]      [2mReal:[0m 22.0 kWh   [2mHabitual:[0m 4.0 ± 0.4 kWh   [2mz:[0m +10.00⁺   [2mdesvio:[0m +450%   [2m(2 obs. dia_util)[0m
2026-07-28 17:56:53 [INFO] 
2026-07-28 17:56:53 [INFO]   🔴 [91m[1mPT0002000115031201VQ[0m  [2m[Cluster 0][0m
2026-07-28 17:56:53 [INFO]      consumiu MAIS que o habitual às 15h
2026-07-28 17:56:53 [INFO]      [2mReal:[0m 21.0 kWh   [2mHabitual:[0m 4.0 ± 0.4 kWh   [2mz:[0m +10.00⁺   [2mdesvio:[0m +425%   [2m(2 obs. dia_util)[0m
2026-07-28 17:56:53 [INFO] 
2026-07-28 17:56:53 [INFO]   🔴 [91m[1mPT0002000115031201VQ[0m  [2m[Cluster 0][0m
2026-07-28 17:56:53 [INFO]      consumiu MAIS que o habitual às 16h
2026-07-28 17:56:53 [INFO]      [2mReal:[0m 14.0 kWh   [2mHabitual:[0m 4.0 ± 0.4 kWh   [2mz:[0m +10.00⁺   [2mdesvio:[0m +250%   [2m(2 obs. dia_util)[0m
2026-07-28 17:56:53 [INFO] 
2026-07-28 17:56:53 [INFO]   🔴 [91m[1mPT0002000115031201VQ[0m  [2m[Cluster 0][0m
2026-07-28 17:56:53 [INFO]      consumiu MAIS que o habitual às 17h
2026-07-28 17:56:53 [INFO]      [2mReal:[0m 14.0 kWh   [2mHabitual:[0m 4.0 ± 0.4 kWh   [2mz:[0m +10.00⁺   [2mdesvio:[0m +250%   [2m(2 obs. dia_util)[0m
2026-07-28 17:56:53 [INFO] 
2026-07-28 17:56:53 [INFO]   🔴 [91m[1mPT0002000115673389QK[0m  [2m[Cluster 0][0m
2026-07-28 17:56:53 [INFO]      consumiu MAIS que o habitual às 08h
2026-07-28 17:56:53 [INFO]      [2mReal:[0m 50.0 kWh   [2mHabitual:[0m 22.0 ± 2.2 kWh   [2mz:[0m +10.00⁺   [2mdesvio:[0m +127%   [2m(2 obs. dia_util)[0m
2026-07-28 17:56:53 [INFO] 
2026-07-28 17:56:53 [INFO]   🔴 [91m[1mPT0002000115673389QK[0m  [2m[Cluster 0][0m
2026-07-28 17:56:53 [INFO]      consumiu MAIS que o habitual às 09h
2026-07-28 17:56:53 [INFO]      [2mReal:[0m 56.0 kWh   [2mHabitual:[0m 21.0 ± 2.1 kWh   [2mz:[0m +10.00⁺   [2mdesvio:[0m +167%   [2m(2 obs. dia_util)[0m
2026-07-28 17:56:53 [INFO] 
2026-07-28 17:56:53 [INFO]   🔴 [91m[1mPT0002000115673389QK[0m  [2m[Cluster 0][0m
2026-07-28 17:56:53 [INFO]      consumiu MAIS que o habitual às 10h
2026-07-28 17:56:53 [INFO]      [2mReal:[0m 87.0 kWh   [2mHabitual:[0m 22.0 ± 2.2 kWh   [2mz:[0m +10.00⁺   [2mdesvio:[0m +295%   [2m(2 obs. dia_util)[0m
2026-07-28 17:56:53 [INFO] 
2026-07-28 17:56:53 [INFO]   🔴 [91m[1mPT0002000115673389QK[0m  [2m[Cluster 0][0m
2026-07-28 17:56:53 [INFO]      consumiu MAIS que o habitual às 11h
2026-07-28 17:56:53 [INFO]      [2mReal:[0m 104.0 kWh   [2mHabitual:[0m 21.5 ± 2.1 kWh   [2mz:[0m +10.00⁺   [2mdesvio:[0m +384%   [2m(2 obs. dia_util)[0m
2026-07-28 17:56:53 [INFO] 
2026-07-28 17:56:53 [INFO]   🔴 [91m[1mPT0002000115673389QK[0m  [2m[Cluster 0][0m
2026-07-28 17:56:53 [INFO]      consumiu MAIS que o habitual às 12h
2026-07-28 17:56:53 [INFO]      [2mReal:[0m 123.0 kWh   [2mHabitual:[0m 21.0 ± 2.1 kWh   [2mz:[0m +10.00⁺   [2mdesvio:[0m +486%   [2m(2 obs. dia_util)[0m
2026-07-28 17:56:53 [INFO] 
2026-07-28 17:56:53 [INFO]   🔴 [91m[1mPT0002000115673389QK[0m  [2m[Cluster 0][0m
2026-07-28 17:56:53 [INFO]      consumiu MAIS que o habitual às 13h
2026-07-28 17:56:53 [INFO]      [2mReal:[0m 100.0 kWh   [2mHabitual:[0m 22.0 ± 2.2 kWh   [2mz:[0m +10.00⁺   [2mdesvio:[0m +355%   [2m(2 obs. dia_util)[0m
2026-07-28 17:56:53 [INFO] 
2026-07-28 17:56:53 [INFO]   🔴 [91m[1mPT0002000115673389QK[0m  [2m[Cluster 0][0m
2026-07-28 17:56:53 [INFO]      consumiu MAIS que o habitual às 14h
2026-07-28 17:56:53 [INFO]      [2mReal:[0m 88.0 kWh   [2mHabitual:[0m 21.0 ± 2.1 kWh   [2mz:[0m +10.00⁺   [2mdesvio:[0m +319%   [2m(2 obs. dia_util)[0m
2026-07-28 17:56:53 [INFO] 
2026-07-28 17:56:53 [INFO]   🔴 [91m[1mPT0002000115673389QK[0m  [2m[Cluster 0][0m
2026-07-28 17:56:53 [INFO]      consumiu MAIS que o habitual às 15h
2026-07-28 17:56:53 [INFO]      [2mReal:[0m 58.0 kWh   [2mHabitual:[0m 21.5 ± 2.1 kWh   [2mz:[0m +10.00⁺   [2mdesvio:[0m +170%   [2m(2 obs. dia_util)[0m
2026-07-28 17:56:53 [INFO] 
2026-07-28 17:56:53 [INFO]   🔴 [91m[1mPT0002000115673471CB[0m  [2m[Cluster 0][0m
2026-07-28 17:56:53 [INFO]      consumiu MAIS que o habitual às 00h
2026-07-28 17:56:53 [INFO]      [2mReal:[0m 20.0 kWh   [2mHabitual:[0m 9.5 ± 0.9 kWh   [2mz:[0m +10.00⁺   [2mdesvio:[0m +111%   [2m(2 obs. dia_util)[0m
2026-07-28 17:56:53 [INFO] 
2026-07-28 17:56:53 [INFO]   🔴 [91m[1mPT0002000115673471CB[0m  [2m[Cluster 0][0m
2026-07-28 17:56:53 [INFO]      consumiu MAIS que o habitual às 07h
2026-07-28 17:56:53 [INFO]      [2mReal:[0m 37.0 kWh   [2mHabitual:[0m 9.5 ± 0.9 kWh   [2mz:[0m +10.00⁺   [2mdesvio:[0m +289%   [2m(2 obs. dia_util)[0m
2026-07-28 17:56:53 [INFO] 
2026-07-28 17:56:53 [INFO]   🔴 [91m[1mPT0002000115673471CB[0m  [2m[Cluster 0][0m
2026-07-28 17:56:53 [INFO]      consumiu MAIS que o habitual às 08h
2026-07-28 17:56:53 [INFO]      [2mReal:[0m 40.0 kWh   [2mHabitual:[0m 9.5 ± 0.9 kWh   [2mz:[0m +10.00⁺   [2mdesvio:[0m +321%   [2m(2 obs. dia_util)[0m
2026-07-28 17:56:53 [INFO] 
2026-07-28 17:56:53 [INFO]   🔴 [91m[1mPT0002000115673471CB[0m  [2m[Cluster 0][0m
2026-07-28 17:56:53 [INFO]      consumiu MAIS que o habitual às 09h
2026-07-28 17:56:53 [INFO]      [2mReal:[0m 45.0 kWh   [2mHabitual:[0m 10.5 ± 1.1 kWh   [2mz:[0m +10.00⁺   [2mdesvio:[0m +329%   [2m(2 obs. dia_util)[0m
2026-07-28 17:56:53 [INFO] 
2026-07-28 17:56:53 [INFO]   🔴 [91m[1mPT0002000115673471CB[0m  [2m[Cluster 0][0m
2026-07-28 17:56:53 [INFO]      consumiu MAIS que o habitual às 11h
2026-07-28 17:56:53 [INFO]      [2mReal:[0m 42.0 kWh   [2mHabitual:[0m 10.0 ± 1.0 kWh   [2mz:[0m +10.00⁺   [2mdesvio:[0m +320%   [2m(2 obs. dia_util)[0m
2026-07-28 17:56:53 [INFO] 
2026-07-28 17:56:53 [INFO]   🔴 [91m[1mPT0002000115673471CB[0m  [2m[Cluster 0][0m
2026-07-28 17:56:53 [INFO]      consumiu MAIS que o habitual às 12h
2026-07-28 17:56:53 [INFO]      [2mReal:[0m 53.0 kWh   [2mHabitual:[0m 9.5 ± 0.9 kWh   [2mz:[0m +10.00⁺   [2mdesvio:[0m +458%   [2m(2 obs. dia_util)[0m
2026-07-28 17:56:53 [INFO] 
2026-07-28 17:56:53 [INFO]   🔴 [91m[1mPT0002000115673471CB[0m  [2m[Cluster 0][0m
2026-07-28 17:56:53 [INFO]      consumiu MAIS que o habitual às 13h
2026-07-28 17:56:53 [INFO]      [2mReal:[0m 29.0 kWh   [2mHabitual:[0m 10.0 ± 1.0 kWh   [2mz:[0m +10.00⁺   [2mdesvio:[0m +190%   [2m(2 obs. dia_util)[0m
2026-07-28 17:56:53 [INFO] 
2026-07-28 17:56:53 [INFO]   🔴 [91m[1mPT0002000115700602GW[0m  [2m[Cluster 0][0m
2026-07-28 17:56:53 [INFO]      consumiu MAIS que o habitual às 08h
2026-07-28 17:56:53 [INFO]      [2mReal:[0m 22.0 kWh   [2mHabitual:[0m 7.0 ± 0.7 kWh   [2mz:[0m +10.00⁺   [2mdesvio:[0m +214%   [2m(2 obs. dia_util)[0m
2026-07-28 17:56:53 [INFO] 
2026-07-28 17:56:53 [INFO]   🔴 [91m[1mPT0002000115700602GW[0m  [2m[Cluster 0][0m
2026-07-28 17:56:53 [INFO]      consumiu MAIS que o habitual às 09h
2026-07-28 17:56:53 [INFO]      [2mReal:[0m 40.0 kWh   [2mHabitual:[0m 7.5 ± 0.8 kWh   [2mz:[0m +10.00⁺   [2mdesvio:[0m +433%   [2m(2 obs. dia_util)[0m
2026-07-28 17:56:53 [INFO] 
2026-07-28 17:56:53 [INFO]   🔴 [91m[1mPT0002000115700602GW[0m  [2m[Cluster 0][0m
2026-07-28 17:56:53 [INFO]      consumiu MAIS que o habitual às 10h
2026-07-28 17:56:53 [INFO]      [2mReal:[0m 39.0 kWh   [2mHabitual:[0m 7.5 ± 0.8 kWh   [2mz:[0m +10.00⁺   [2mdesvio:[0m +420%   [2m(2 obs. dia_util)[0m
2026-07-28 17:56:53 [INFO] 
2026-07-28 17:56:53 [INFO]   🔴 [91m[1mPT0002000115700602GW[0m  [2m[Cluster 0][0m
2026-07-28 17:56:53 [INFO]      consumiu MAIS que o habitual às 11h
2026-07-28 17:56:53 [INFO]      [2mReal:[0m 39.0 kWh   [2mHabitual:[0m 7.5 ± 0.8 kWh   [2mz:[0m +10.00⁺   [2mdesvio:[0m +420%   [2m(2 obs. dia_util)[0m
2026-07-28 17:56:53 [INFO] 
2026-07-28 17:56:53 [INFO]   🔴 [91m[1mPT0002000115700602GW[0m  [2m[Cluster 0][0m
2026-07-28 17:56:53 [INFO]      consumiu MAIS que o habitual às 12h
2026-07-28 17:56:53 [INFO]      [2mReal:[0m 42.0 kWh   [2mHabitual:[0m 7.5 ± 0.8 kWh   [2mz:[0m +10.00⁺   [2mdesvio:[0m +460%   [2m(2 obs. dia_util)[0m
2026-07-28 17:56:53 [INFO] 
2026-07-28 17:56:53 [INFO]   🔴 [91m[1mPT0002000115700602GW[0m  [2m[Cluster 0][0m
2026-07-28 17:56:53 [INFO]      consumiu MAIS que o habitual às 13h
2026-07-28 17:56:53 [INFO]      [2mReal:[0m 32.0 kWh   [2mHabitual:[0m 7.5 ± 0.8 kWh   [2mz:[0m +10.00⁺   [2mdesvio:[0m +327%   [2m(2 obs. dia_util)[0m
2026-07-28 17:56:53 [INFO] 
2026-07-28 17:56:53 [INFO]   🔴 [91m[1mPT0002000115700602GW[0m  [2m[Cluster 0][0m
2026-07-28 17:56:53 [INFO]      consumiu MAIS que o habitual às 14h
2026-07-28 17:56:53 [INFO]      [2mReal:[0m 19.0 kWh   [2mHabitual:[0m 7.5 ± 0.8 kWh   [2mz:[0m +10.00⁺   [2mdesvio:[0m +153%   [2m(2 obs. dia_util)[0m
2026-07-28 17:56:53 [INFO] 
2026-07-28 17:56:53 [INFO]   🔴 [91m[1mPT0002000116530964LH[0m  [2m[Cluster 0 (atribuido)][0m
2026-07-28 17:56:53 [INFO]      consumiu MAIS que o habitual às 11h
2026-07-28 17:56:53 [INFO]      [2mReal:[0m 159.0 kWh   [2mHabitual:[0m 78.5 ± 7.8 kWh   [2mz:[0m +10.00⁺   [2mdesvio:[0m +103%   [2m(2 obs. dia_util)[0m
2026-07-28 17:56:53 [INFO] 
2026-07-28 17:56:53 [INFO]   🔴 [91m[1mPT0002000116530964LH[0m  [2m[Cluster 0 (atribuido)][0m
2026-07-28 17:56:53 [INFO]      consumiu MAIS que o habitual às 12h
2026-07-28 17:56:53 [INFO]      [2mReal:[0m 162.0 kWh   [2mHabitual:[0m 77.5 ± 7.8 kWh   [2mz:[0m +10.00⁺   [2mdesvio:[0m +109%   [2m(2 obs. dia_util)[0m
2026-07-28 17:56:53 [INFO] 
2026-07-28 17:56:53 [INFO]   🔴 [91m[1mPT0002000116530964LH[0m  [2m[Cluster 0 (atribuido)][0m
2026-07-28 17:56:53 [INFO]      consumiu MAIS que o habitual às 13h
2026-07-28 17:56:53 [INFO]      [2mReal:[0m 165.0 kWh   [2mHabitual:[0m 75.0 ± 7.5 kWh   [2mz:[0m +10.00⁺   [2mdesvio:[0m +120%   [2m(2 obs. dia_util)[0m
2026-07-28 17:56:53 [INFO] 
2026-07-28 17:56:53 [INFO]   🔴 [91m[1mPT0002000116530964LH[0m  [2m[Cluster 0 (atribuido)][0m
2026-07-28 17:56:53 [INFO]      consumiu MAIS que o habitual às 14h
2026-07-28 17:56:53 [INFO]      [2mReal:[0m 176.0 kWh   [2mHabitual:[0m 74.0 ± 7.4 kWh   [2mz:[0m +10.00⁺   [2mdesvio:[0m +138%   [2m(2 obs. dia_util)[0m
2026-07-28 17:56:53 [INFO] 
2026-07-28 17:56:53 [INFO]   🔴 [91m[1mPT0002000116530964LH[0m  [2m[Cluster 0 (atribuido)][0m
2026-07-28 17:56:53 [INFO]      consumiu MAIS que o habitual às 15h
2026-07-28 17:56:53 [INFO]      [2mReal:[0m 184.0 kWh   [2mHabitual:[0m 76.0 ± 7.6 kWh   [2mz:[0m +10.00⁺   [2mdesvio:[0m +142%   [2m(2 obs. dia_util)[0m
2026-07-28 17:56:53 [INFO] 
2026-07-28 17:56:53 [INFO]   🔴 [91m[1mPT0002000116530964LH[0m  [2m[Cluster 0 (atribuido)][0m
2026-07-28 17:56:53 [INFO]      consumiu MAIS que o habitual às 16h
2026-07-28 17:56:53 [INFO]      [2mReal:[0m 161.0 kWh   [2mHabitual:[0m 74.0 ± 7.4 kWh   [2mz:[0m +10.00⁺   [2mdesvio:[0m +118%   [2m(2 obs. dia_util)[0m
2026-07-28 17:56:53 [INFO] 
2026-07-28 17:56:53 [INFO]   🔴 [91m[1mPT0002000116530964LH[0m  [2m[Cluster 0 (atribuido)][0m
2026-07-28 17:56:53 [INFO]      consumiu MAIS que o habitual às 17h
2026-07-28 17:56:53 [INFO]      [2mReal:[0m 150.0 kWh   [2mHabitual:[0m 74.0 ± 7.4 kWh   [2mz:[0m +10.00⁺   [2mdesvio:[0m +103%   [2m(2 obs. dia_util)[0m
2026-07-28 17:56:53 [INFO] 
2026-07-28 17:56:53 [INFO]   🔴 [91m[1mPT0002000119303492KB[0m  [2m[Cluster 0][0m
2026-07-28 17:56:53 [INFO]      consumiu MAIS que o habitual às 07h
2026-07-28 17:56:53 [INFO]      [2mReal:[0m 16.0 kWh   [2mHabitual:[0m 3.5 ± 0.7 kWh   [2mz:[0m +10.00⁺   [2mdesvio:[0m +357%   [2m(2 obs. dia_util)[0m
2026-07-28 17:56:53 [INFO] 
2026-07-28 17:56:53 [INFO]   🔴 [91m[1mPT0002000119303492KB[0m  [2m[Cluster 0][0m
2026-07-28 17:56:53 [INFO]      consumiu MAIS que o habitual às 08h
2026-07-28 17:56:53 [INFO]      [2mReal:[0m 24.0 kWh   [2mHabitual:[0m 3.0 ± 0.3 kWh   [2mz:[0m +10.00⁺   [2mdesvio:[0m +700%   [2m(2 obs. dia_util)[0m
2026-07-28 17:56:53 [INFO] 
2026-07-28 17:56:53 [INFO]   🔴 [91m[1mPT0002000119303492KB[0m  [2m[Cluster 0][0m
2026-07-28 17:56:53 [INFO]      consumiu MAIS que o habitual às 09h
2026-07-28 17:56:53 [INFO]      [2mReal:[0m 36.0 kWh   [2mHabitual:[0m 4.0 ± 0.4 kWh   [2mz:[0m +10.00⁺   [2mdesvio:[0m +800%   [2m(2 obs. dia_util)[0m
2026-07-28 17:56:53 [INFO] 
2026-07-28 17:56:53 [INFO]   🔴 [91m[1mPT0002000119303492KB[0m  [2m[Cluster 0][0m
2026-07-28 17:56:53 [INFO]      consumiu MAIS que o habitual às 10h
2026-07-28 17:56:53 [INFO]      [2mReal:[0m 47.0 kWh   [2mHabitual:[0m 3.5 ± 0.7 kWh   [2mz:[0m +10.00⁺   [2mdesvio:[0m +1243%   [2m(2 obs. dia_util)[0m
2026-07-28 17:56:53 [INFO] 
2026-07-28 17:56:53 [INFO]   🔴 [91m[1mPT0002000119303492KB[0m  [2m[Cluster 0][0m
2026-07-28 17:56:53 [INFO]      consumiu MAIS que o habitual às 11h
2026-07-28 17:56:53 [INFO]      [2mReal:[0m 60.0 kWh   [2mHabitual:[0m 3.0 ± 0.3 kWh   [2mz:[0m +10.00⁺   [2mdesvio:[0m +1900%   [2m(2 obs. dia_util)[0m
2026-07-28 17:56:53 [INFO] 
2026-07-28 17:56:53 [INFO]   🔴 [91m[1mPT0002000119303492KB[0m  [2m[Cluster 0][0m
2026-07-28 17:56:53 [INFO]      consumiu MAIS que o habitual às 12h
2026-07-28 17:56:53 [INFO]      [2mReal:[0m 66.0 kWh   [2mHabitual:[0m 3.0 ± 0.3 kWh   [2mz:[0m +10.00⁺   [2mdesvio:[0m +2100%   [2m(2 obs. dia_util)[0m
2026-07-28 17:56:53 [INFO] 
2026-07-28 17:56:53 [INFO]   🔴 [91m[1mPT0002000119303492KB[0m  [2m[Cluster 0][0m
2026-07-28 17:56:53 [INFO]      consumiu MAIS que o habitual às 13h
2026-07-28 17:56:53 [INFO]      [2mReal:[0m 40.0 kWh   [2mHabitual:[0m 4.0 ± 0.4 kWh   [2mz:[0m +10.00⁺   [2mdesvio:[0m +900%   [2m(2 obs. dia_util)[0m
2026-07-28 17:56:53 [INFO] 
2026-07-28 17:56:53 [INFO]   🔴 [91m[1mPT0002000119303492KB[0m  [2m[Cluster 0][0m
2026-07-28 17:56:53 [INFO]      consumiu MAIS que o habitual às 14h
2026-07-28 17:56:53 [INFO]      [2mReal:[0m 38.0 kWh   [2mHabitual:[0m 3.5 ± 0.7 kWh   [2mz:[0m +10.00⁺   [2mdesvio:[0m +986%   [2m(2 obs. dia_util)[0m
2026-07-28 17:56:53 [INFO] 
2026-07-28 17:56:53 [INFO]   🔴 [91m[1mPT0002000119303492KB[0m  [2m[Cluster 0][0m
2026-07-28 17:56:53 [INFO]      consumiu MAIS que o habitual às 15h
2026-07-28 17:56:53 [INFO]      [2mReal:[0m 29.0 kWh   [2mHabitual:[0m 3.5 ± 0.7 kWh   [2mz:[0m +10.00⁺   [2mdesvio:[0m +729%   [2m(2 obs. dia_util)[0m
2026-07-28 17:56:53 [INFO] 
2026-07-28 17:56:53 [INFO]   🔴 [91m[1mPT0002000119303492KB[0m  [2m[Cluster 0][0m
2026-07-28 17:56:53 [INFO]      consumiu MAIS que o habitual às 16h
2026-07-28 17:56:53 [INFO]      [2mReal:[0m 28.0 kWh   [2mHabitual:[0m 3.0 ± 0.3 kWh   [2mz:[0m +10.00⁺   [2mdesvio:[0m +833%   [2m(2 obs. dia_util)[0m
2026-07-28 17:56:53 [INFO] 
2026-07-28 17:56:53 [INFO]   🔴 [91m[1mPT0002000119303492KB[0m  [2m[Cluster 0][0m
2026-07-28 17:56:53 [INFO]      consumiu MAIS que o habitual às 17h
2026-07-28 17:56:53 [INFO]      [2mReal:[0m 29.0 kWh   [2mHabitual:[0m 4.0 ± 0.4 kWh   [2mz:[0m +10.00⁺   [2mdesvio:[0m +625%   [2m(2 obs. dia_util)[0m
2026-07-28 17:56:53 [INFO] 
2026-07-28 17:56:53 [INFO]   🔴 [91m[1mPT0002000119303492KB[0m  [2m[Cluster 0][0m
2026-07-28 17:56:53 [INFO]      consumiu MAIS que o habitual às 18h
2026-07-28 17:56:53 [INFO]      [2mReal:[0m 15.0 kWh   [2mHabitual:[0m 4.5 ± 0.7 kWh   [2mz:[0m +10.00⁺   [2mdesvio:[0m +233%   [2m(2 obs. dia_util)[0m
2026-07-28 17:56:53 [INFO] 
2026-07-28 17:56:53 [INFO]   🔴 [91m[1mPT0002000120237616VJ[0m  [2m[Cluster 0][0m
2026-07-28 17:56:53 [INFO]      consumiu MAIS que o habitual às 07h
2026-07-28 17:56:53 [INFO]      [2mReal:[0m 43.0 kWh   [2mHabitual:[0m 12.0 ± 1.2 kWh   [2mz:[0m +10.00⁺   [2mdesvio:[0m +258%   [2m(2 obs. dia_util)[0m
2026-07-28 17:56:53 [INFO] 
2026-07-28 17:56:53 [INFO]   🔴 [91m[1mPT0002000120237616VJ[0m  [2m[Cluster 0][0m
2026-07-28 17:56:53 [INFO]      consumiu MAIS que o habitual às 08h
2026-07-28 17:56:53 [INFO]      [2mReal:[0m 48.0 kWh   [2mHabitual:[0m 11.5 ± 1.1 kWh   [2mz:[0m +10.00⁺   [2mdesvio:[0m +317%   [2m(2 obs. dia_util)[0m
2026-07-28 17:56:53 [INFO] 
2026-07-28 17:56:53 [INFO]   🔴 [91m[1mPT0002000120237616VJ[0m  [2m[Cluster 0][0m
2026-07-28 17:56:53 [INFO]      consumiu MAIS que o habitual às 09h
2026-07-28 17:56:53 [INFO]      [2mReal:[0m 56.0 kWh   [2mHabitual:[0m 11.5 ± 1.1 kWh   [2mz:[0m +10.00⁺   [2mdesvio:[0m +387%   [2m(2 obs. dia_util)[0m
2026-07-28 17:56:53 [INFO] 
2026-07-28 17:56:53 [INFO]   🔴 [91m[1mPT0002000120237616VJ[0m  [2m[Cluster 0][0m
2026-07-28 17:56:53 [INFO]      consumiu MAIS que o habitual às 10h
2026-07-28 17:56:53 [INFO]      [2mReal:[0m 47.0 kWh   [2mHabitual:[0m 12.0 ± 1.2 kWh   [2mz:[0m +10.00⁺   [2mdesvio:[0m +292%   [2m(2 obs. dia_util)[0m
2026-07-28 17:56:53 [INFO] 
2026-07-28 17:56:53 [INFO]   🔴 [91m[1mPT0002000120237616VJ[0m  [2m[Cluster 0][0m
2026-07-28 17:56:53 [INFO]      consumiu MAIS que o habitual às 11h
2026-07-28 17:56:53 [INFO]      [2mReal:[0m 53.0 kWh   [2mHabitual:[0m 12.0 ± 1.2 kWh   [2mz:[0m +10.00⁺   [2mdesvio:[0m +342%   [2m(2 obs. dia_util)[0m
2026-07-28 17:56:53 [INFO] 
2026-07-28 17:56:53 [INFO]   🔴 [91m[1mPT0002000120237616VJ[0m  [2m[Cluster 0][0m
2026-07-28 17:56:53 [INFO]      consumiu MAIS que o habitual às 12h
2026-07-28 17:56:53 [INFO]      [2mReal:[0m 62.0 kWh   [2mHabitual:[0m 11.5 ± 1.1 kWh   [2mz:[0m +10.00⁺   [2mdesvio:[0m +439%   [2m(2 obs. dia_util)[0m
2026-07-28 17:56:53 [INFO] 
2026-07-28 17:56:53 [INFO]   🔴 [91m[1mPT0002000120237616VJ[0m  [2m[Cluster 0][0m
2026-07-28 17:56:53 [INFO]      consumiu MAIS que o habitual às 13h
2026-07-28 17:56:53 [INFO]      [2mReal:[0m 51.0 kWh   [2mHabitual:[0m 12.0 ± 1.2 kWh   [2mz:[0m +10.00⁺   [2mdesvio:[0m +325%   [2m(2 obs. dia_util)[0m
2026-07-28 17:56:53 [INFO] 
2026-07-28 17:56:53 [INFO]   🔴 [91m[1mPT0002000120237616VJ[0m  [2m[Cluster 0][0m
2026-07-28 17:56:53 [INFO]      consumiu MAIS que o habitual às 14h
2026-07-28 17:56:53 [INFO]      [2mReal:[0m 49.0 kWh   [2mHabitual:[0m 12.5 ± 1.2 kWh   [2mz:[0m +10.00⁺   [2mdesvio:[0m +292%   [2m(2 obs. dia_util)[0m
2026-07-28 17:56:53 [INFO] 
2026-07-28 17:56:53 [INFO]   🔴 [91m[1mPT0002000120237616VJ[0m  [2m[Cluster 0][0m
2026-07-28 17:56:53 [INFO]      consumiu MAIS que o habitual às 15h
2026-07-28 17:56:53 [INFO]      [2mReal:[0m 43.0 kWh   [2mHabitual:[0m 12.0 ± 1.2 kWh   [2mz:[0m +10.00⁺   [2mdesvio:[0m +258%   [2m(2 obs. dia_util)[0m
2026-07-28 17:56:53 [INFO] 
2026-07-28 17:56:53 [INFO]   🔴 [91m[1mPT0002000120237616VJ[0m  [2m[Cluster 0][0m
2026-07-28 17:56:53 [INFO]      consumiu MAIS que o habitual às 16h
2026-07-28 17:56:53 [INFO]      [2mReal:[0m 39.0 kWh   [2mHabitual:[0m 12.0 ± 1.2 kWh   [2mz:[0m +10.00⁺   [2mdesvio:[0m +225%   [2m(2 obs. dia_util)[0m
2026-07-28 17:56:53 [INFO] 
2026-07-28 17:56:53 [INFO]   🔴 [91m[1mPT0002000120237616VJ[0m  [2m[Cluster 0][0m
2026-07-28 17:56:53 [INFO]      consumiu MAIS que o habitual às 17h
2026-07-28 17:56:53 [INFO]      [2mReal:[0m 31.0 kWh   [2mHabitual:[0m 11.5 ± 1.1 kWh   [2mz:[0m +10.00⁺   [2mdesvio:[0m +170%   [2m(2 obs. dia_util)[0m
2026-07-28 17:56:53 [INFO] 
2026-07-28 17:56:53 [INFO]   🔴 [91m[1mPT0002000120237616VJ[0m  [2m[Cluster 0][0m
2026-07-28 17:56:53 [INFO]      consumiu MAIS que o habitual às 18h
2026-07-28 17:56:53 [INFO]      [2mReal:[0m 28.0 kWh   [2mHabitual:[0m 11.5 ± 1.1 kWh   [2mz:[0m +10.00⁺   [2mdesvio:[0m +143%   [2m(2 obs. dia_util)[0m
2026-07-28 17:56:53 [INFO] 
2026-07-28 17:56:53 [INFO]   🔴 [91m[1mPT0002000120237616VJ[0m  [2m[Cluster 0][0m
2026-07-28 17:56:53 [INFO]      consumiu MAIS que o habitual às 19h
2026-07-28 17:56:53 [INFO]      [2mReal:[0m 24.0 kWh   [2mHabitual:[0m 11.0 ± 1.1 kWh   [2mz:[0m +10.00⁺   [2mdesvio:[0m +118%   [2m(2 obs. dia_util)[0m
2026-07-28 17:56:53 [INFO] 
2026-07-28 17:56:53 [INFO]   🔴 [91m[1mPT0002000123648159KR[0m  [2m[Cluster 0][0m
2026-07-28 17:56:53 [INFO]      consumiu MAIS que o habitual às 07h
2026-07-28 17:56:53 [INFO]      [2mReal:[0m 30.0 kWh   [2mHabitual:[0m 2.5 ± 0.7 kWh   [2mz:[0m +10.00⁺   [2mdesvio:[0m +1100%   [2m(2 obs. dia_util)[0m
2026-07-28 17:56:53 [INFO] 
2026-07-28 17:56:53 [INFO]   🔴 [91m[1mPT0002000123648159KR[0m  [2m[Cluster 0][0m
2026-07-28 17:56:53 [INFO]      consumiu MAIS que o habitual às 08h
2026-07-28 17:56:53 [INFO]      [2mReal:[0m 27.0 kWh   [2mHabitual:[0m 2.0 ± 0.3 kWh   [2mz:[0m +10.00⁺   [2mdesvio:[0m +1250%   [2m(2 obs. dia_util)[0m
2026-07-28 17:56:53 [INFO] 
2026-07-28 17:56:53 [INFO]   🔴 [91m[1mPT0002000123648159KR[0m  [2m[Cluster 0][0m
2026-07-28 17:56:53 [INFO]      consumiu MAIS que o habitual às 09h
2026-07-28 17:56:53 [INFO]      [2mReal:[0m 30.0 kWh   [2mHabitual:[0m 2.5 ± 0.7 kWh   [2mz:[0m +10.00⁺   [2mdesvio:[0m +1100%   [2m(2 obs. dia_util)[0m
2026-07-28 17:56:53 [INFO] 
2026-07-28 17:56:53 [INFO]   🔴 [91m[1mPT0002000123648159KR[0m  [2m[Cluster 0][0m
2026-07-28 17:56:53 [INFO]      consumiu MAIS que o habitual às 10h
2026-07-28 17:56:53 [INFO]      [2mReal:[0m 31.0 kWh   [2mHabitual:[0m 2.0 ± 0.3 kWh   [2mz:[0m +10.00⁺   [2mdesvio:[0m +1450%   [2m(2 obs. dia_util)[0m
2026-07-28 17:56:53 [INFO] 
2026-07-28 17:56:53 [INFO]   🔴 [91m[1mPT0002000123648159KR[0m  [2m[Cluster 0][0m
2026-07-28 17:56:53 [INFO]      consumiu MAIS que o habitual às 11h
2026-07-28 17:56:53 [INFO]      [2mReal:[0m 32.0 kWh   [2mHabitual:[0m 2.0 ± 0.3 kWh   [2mz:[0m +10.00⁺   [2mdesvio:[0m +1500%   [2m(2 obs. dia_util)[0m
2026-07-28 17:56:53 [INFO] 
2026-07-28 17:56:53 [INFO]   🔴 [91m[1mPT0002000123648159KR[0m  [2m[Cluster 0][0m
2026-07-28 17:56:53 [INFO]      consumiu MAIS que o habitual às 12h
2026-07-28 17:56:53 [INFO]      [2mReal:[0m 34.0 kWh   [2mHabitual:[0m 2.5 ± 0.7 kWh   [2mz:[0m +10.00⁺   [2mdesvio:[0m +1260%   [2m(2 obs. dia_util)[0m
2026-07-28 17:56:53 [INFO] 
2026-07-28 17:56:53 [INFO]   🔴 [91m[1mPT0002000123648159KR[0m  [2m[Cluster 0][0m
2026-07-28 17:56:53 [INFO]      consumiu MAIS que o habitual às 14h
2026-07-28 17:56:53 [INFO]      [2mReal:[0m 15.0 kWh   [2mHabitual:[0m 2.5 ± 0.7 kWh   [2mz:[0m +10.00⁺   [2mdesvio:[0m +500%   [2m(2 obs. dia_util)[0m
2026-07-28 17:56:53 [INFO] 
2026-07-28 17:56:53 [INFO]   🔴 [91m[1mPT0002000123648159KR[0m  [2m[Cluster 0][0m
2026-07-28 17:56:53 [INFO]      consumiu MAIS que o habitual às 15h
2026-07-28 17:56:53 [INFO]      [2mReal:[0m 15.0 kWh   [2mHabitual:[0m 2.0 ± 0.3 kWh   [2mz:[0m +10.00⁺   [2mdesvio:[0m +650%   [2m(2 obs. dia_util)[0m
2026-07-28 17:56:53 [INFO] 
2026-07-28 17:56:53 [INFO]   🔴 [91m[1mPT0002000123648159KR[0m  [2m[Cluster 0][0m
2026-07-28 17:56:53 [INFO]      consumiu MAIS que o habitual às 16h
2026-07-28 17:56:53 [INFO]      [2mReal:[0m 10.0 kWh   [2mHabitual:[0m 2.0 ± 0.3 kWh   [2mz:[0m +10.00⁺   [2mdesvio:[0m +400%   [2m(2 obs. dia_util)[0m
2026-07-28 17:56:53 [INFO] 
2026-07-28 17:56:53 [INFO]   🔴 [91m[1mPT0002000125379984SH[0m  [2m[Cluster 1][0m
2026-07-28 17:56:53 [INFO]      consumiu MAIS que o habitual às 09h
2026-07-28 17:56:53 [INFO]      [2mReal:[0m 14.0 kWh   [2mHabitual:[0m 5.5 ± 0.7 kWh   [2mz:[0m +10.00⁺   [2mdesvio:[0m +155%   [2m(2 obs. dia_util)[0m
2026-07-28 17:56:53 [INFO] 
2026-07-28 17:56:53 [INFO]   🔴 [91m[1mPT0002000125379984SH[0m  [2m[Cluster 1][0m
2026-07-28 17:56:53 [INFO]      consumiu MAIS que o habitual às 10h
2026-07-28 17:56:53 [INFO]      [2mReal:[0m 13.0 kWh   [2mHabitual:[0m 5.5 ± 0.7 kWh   [2mz:[0m +10.00⁺   [2mdesvio:[0m +136%   [2m(2 obs. dia_util)[0m
2026-07-28 17:56:53 [INFO] 
2026-07-28 17:56:53 [INFO]   🔴 [91m[1mPT0002000125379984SH[0m  [2m[Cluster 1][0m
2026-07-28 17:56:53 [INFO]      consumiu MAIS que o habitual às 17h
2026-07-28 17:56:53 [INFO]      [2mReal:[0m 17.0 kWh   [2mHabitual:[0m 5.5 ± 0.7 kWh   [2mz:[0m +10.00⁺   [2mdesvio:[0m +209%   [2m(2 obs. dia_util)[0m
2026-07-28 17:56:53 [INFO] 
2026-07-28 17:56:53 [INFO]   🔴 [91m[1mPT0002000125379984SH[0m  [2m[Cluster 1][0m
2026-07-28 17:56:53 [INFO]      consumiu MAIS que o habitual às 18h
2026-07-28 17:56:53 [INFO]      [2mReal:[0m 16.0 kWh   [2mHabitual:[0m 5.0 ± 0.5 kWh   [2mz:[0m +10.00⁺   [2mdesvio:[0m +220%   [2m(2 obs. dia_util)[0m
2026-07-28 17:56:53 [INFO] 
2026-07-28 17:56:53 [INFO]   🔴 [91m[1mPT0002000125379984SH[0m  [2m[Cluster 1][0m
2026-07-28 17:56:53 [INFO]      consumiu MAIS que o habitual às 19h
2026-07-28 17:56:53 [INFO]      [2mReal:[0m 16.0 kWh   [2mHabitual:[0m 5.0 ± 0.5 kWh   [2mz:[0m +10.00⁺   [2mdesvio:[0m +220%   [2m(2 obs. dia_util)[0m
2026-07-28 17:56:53 [INFO] 
2026-07-28 17:56:53 [INFO]   🔴 [91m[1mPT0002000125379984SH[0m  [2m[Cluster 1][0m
2026-07-28 17:56:53 [INFO]      consumiu MAIS que o habitual às 20h
2026-07-28 17:56:53 [INFO]      [2mReal:[0m 15.0 kWh   [2mHabitual:[0m 6.0 ± 0.6 kWh   [2mz:[0m +10.00⁺   [2mdesvio:[0m +150%   [2m(2 obs. dia_util)[0m
2026-07-28 17:56:53 [INFO] 
2026-07-28 17:56:53 [INFO]   🔴 [91m[1mPT0002000125701614SQ[0m  [2m[Cluster 1 (atribuido)][0m
2026-07-28 17:56:53 [INFO]      consumiu MAIS que o habitual às 21h
2026-07-28 17:56:53 [INFO]      [2mReal:[0m 86.0 kWh   [2mHabitual:[0m 14.7 ± 2.5 kWh   [2mz:[0m +10.00⁺   [2mdesvio:[0m +486%   [2m(3 obs. dia_util)[0m
2026-07-28 17:56:53 [INFO] 
2026-07-28 17:56:53 [INFO]   🔴 [91m[1mPT0002000201038711LS[0m  [2m[Cluster 1 (atribuido)][0m
2026-07-28 17:56:53 [INFO]      consumiu MAIS que o habitual às 09h
2026-07-28 17:56:53 [INFO]      [2mReal:[0m 3.0 kWh   [2mHabitual:[0m 0.0 ± 0.3 kWh   [2mz:[0m +10.00   [2mdesvio:[0m +300000%   [2m(2 obs. dia_util)[0m
2026-07-28 17:56:53 [INFO] 
2026-07-28 17:56:53 [INFO]   🔴 [91m[1mPT0002000201038711LS[0m  [2m[Cluster 1 (atribuido)][0m
2026-07-28 17:56:53 [INFO]      consumiu MAIS que o habitual às 12h
2026-07-28 17:56:53 [INFO]      [2mReal:[0m 8.0 kWh   [2mHabitual:[0m 0.0 ± 0.3 kWh   [2mz:[0m +10.00⁺   [2mdesvio:[0m +800000%   [2m(2 obs. dia_util)[0m
2026-07-28 17:56:53 [INFO] 
2026-07-28 17:56:53 [INFO]   🔴 [91m[1mPT0002000201038711LS[0m  [2m[Cluster 1 (atribuido)][0m
2026-07-28 17:56:53 [INFO]      consumiu MAIS que o habitual às 13h
2026-07-28 17:56:53 [INFO]      [2mReal:[0m 16.0 kWh   [2mHabitual:[0m 0.0 ± 0.3 kWh   [2mz:[0m +10.00⁺   [2mdesvio:[0m +1600000%   [2m(2 obs. dia_util)[0m
2026-07-28 17:56:53 [INFO] 
2026-07-28 17:56:53 [INFO]   🔴 [91m[1mPT0002000201038711LS[0m  [2m[Cluster 1 (atribuido)][0m
2026-07-28 17:56:53 [INFO]      consumiu MAIS que o habitual às 14h
2026-07-28 17:56:53 [INFO]      [2mReal:[0m 10.0 kWh   [2mHabitual:[0m 0.0 ± 0.3 kWh   [2mz:[0m +10.00⁺   [2mdesvio:[0m +1000000%   [2m(2 obs. dia_util)[0m
2026-07-28 17:56:53 [INFO] 
2026-07-28 17:56:53 [INFO]   🔴 [91m[1mPT0002000201038711LS[0m  [2m[Cluster 1 (atribuido)][0m
2026-07-28 17:56:53 [INFO]      consumiu MAIS que o habitual às 15h
2026-07-28 17:56:53 [INFO]      [2mReal:[0m 16.0 kWh   [2mHabitual:[0m 0.5 ± 0.7 kWh   [2mz:[0m +10.00⁺   [2mdesvio:[0m +3100%   [2m(2 obs. dia_util)[0m
2026-07-28 17:56:53 [INFO] 
2026-07-28 17:56:53 [INFO]   🔴 [91m[1mPT0002000201038711LS[0m  [2m[Cluster 1 (atribuido)][0m
2026-07-28 17:56:53 [INFO]      consumiu MAIS que o habitual às 16h
2026-07-28 17:56:53 [INFO]      [2mReal:[0m 39.0 kWh   [2mHabitual:[0m 0.5 ± 0.7 kWh   [2mz:[0m +10.00⁺   [2mdesvio:[0m +7700%   [2m(2 obs. dia_util)[0m
2026-07-28 17:56:53 [INFO] 
2026-07-28 17:56:53 [INFO]   🔴 [91m[1mPT0002000201038711LS[0m  [2m[Cluster 1 (atribuido)][0m
2026-07-28 17:56:53 [INFO]      consumiu MAIS que o habitual às 17h
2026-07-28 17:56:53 [INFO]      [2mReal:[0m 59.0 kWh   [2mHabitual:[0m 1.0 ± 1.4 kWh   [2mz:[0m +10.00⁺   [2mdesvio:[0m +5800%   [2m(2 obs. dia_util)[0m
2026-07-28 17:56:53 [INFO] 
2026-07-28 17:56:53 [INFO]   🔴 [91m[1mPT0002000201038711LS[0m  [2m[Cluster 1 (atribuido)][0m
2026-07-28 17:56:53 [INFO]      consumiu MAIS que o habitual às 18h
2026-07-28 17:56:53 [INFO]      [2mReal:[0m 53.0 kWh   [2mHabitual:[0m 9.0 ± 0.9 kWh   [2mz:[0m +10.00⁺   [2mdesvio:[0m +489%   [2m(2 obs. dia_util)[0m
2026-07-28 17:56:53 [INFO] 
2026-07-28 17:56:53 [INFO]   🔴 [91m[1mPT0002000078140706BA[0m  [2m[Cluster 1 (atribuido)][0m
2026-07-28 17:56:53 [INFO]      consumiu MAIS que o habitual às 21h
2026-07-28 17:56:53 [INFO]      [2mReal:[0m 77.0 kWh   [2mHabitual:[0m 38.7 ± 3.9 kWh   [2mz:[0m +9.91   [2mdesvio:[0m +99%   [2m(3 obs. dia_util)[0m
2026-07-28 17:56:53 [INFO] 
2026-07-28 17:56:53 [INFO]   🔴 [91m[1mPT0002000078140706BA[0m  [2m[Cluster 1 (atribuido)][0m
2026-07-28 17:56:53 [INFO]      consumiu MAIS que o habitual às 20h
2026-07-28 17:56:53 [INFO]      [2mReal:[0m 89.0 kWh   [2mHabitual:[0m 40.5 ± 5.0 kWh   [2mz:[0m +9.80   [2mdesvio:[0m +120%   [2m(2 obs. dia_util)[0m
2026-07-28 17:56:53 [INFO] 
2026-07-28 17:56:53 [INFO]   🔴 [91m[1mPT0002000116530964LH[0m  [2m[Cluster 0 (atribuido)][0m
2026-07-28 17:56:53 [INFO]      consumiu MAIS que o habitual às 10h
2026-07-28 17:56:53 [INFO]      [2mReal:[0m 153.0 kWh   [2mHabitual:[0m 77.5 ± 7.8 kWh   [2mz:[0m +9.74   [2mdesvio:[0m +97%   [2m(2 obs. dia_util)[0m
2026-07-28 17:56:53 [INFO] 
2026-07-28 17:56:53 [INFO]   🔴 [91m[1mPT0002000116530964LH[0m  [2m[Cluster 0 (atribuido)][0m
2026-07-28 17:56:53 [INFO]      consumiu MAIS que o habitual às 18h
2026-07-28 17:56:53 [INFO]      [2mReal:[0m 143.0 kWh   [2mHabitual:[0m 72.5 ± 7.2 kWh   [2mz:[0m +9.72   [2mdesvio:[0m +97%   [2m(2 obs. dia_util)[0m
2026-07-28 17:56:53 [INFO] 
2026-07-28 17:56:53 [INFO]   🔴 [91m[1mPT0002000114613364CC[0m  [2m[Cluster 0 (atribuido)][0m
2026-07-28 17:56:53 [INFO]      consumiu MAIS que o habitual às 17h
2026-07-28 17:56:53 [INFO]      [2mReal:[0m 233.0 kWh   [2mHabitual:[0m 118.5 ± 11.8 kWh   [2mz:[0m +9.66   [2mdesvio:[0m +97%   [2m(2 obs. dia_util)[0m
2026-07-28 17:56:53 [INFO] 
2026-07-28 17:56:53 [INFO]   🔴 [91m[1mPT0002000068855003AK[0m  [2m[Cluster 0 (atribuido)][0m
2026-07-28 17:56:53 [INFO]      consumiu MAIS que o habitual às 15h
2026-07-28 17:56:53 [INFO]      [2mReal:[0m 86.0 kWh   [2mHabitual:[0m 18.0 ± 7.1 kWh   [2mz:[0m +9.62   [2mdesvio:[0m +378%   [2m(2 obs. dia_util)[0m
2026-07-28 17:56:53 [INFO] 
2026-07-28 17:56:53 [INFO]   🔴 [91m[1mPT0002000068856906VS[0m  [2m[Cluster 0][0m
2026-07-28 17:56:53 [INFO]      consumiu MAIS que o habitual às 13h
2026-07-28 17:56:53 [INFO]      [2mReal:[0m 46.0 kWh   [2mHabitual:[0m 23.5 ± 2.4 kWh   [2mz:[0m +9.57   [2mdesvio:[0m +96%   [2m(2 obs. dia_util)[0m
2026-07-28 17:56:53 [INFO] 
2026-07-28 17:56:53 [INFO]   🔴 [91m[1mPT0002000068856655YV[0m  [2m[Cluster 0][0m
2026-07-28 17:56:53 [INFO]      consumiu MAIS que o habitual às 10h
2026-07-28 17:56:53 [INFO]      [2mReal:[0m 9.0 kWh   [2mHabitual:[0m 2.5 ± 0.7 kWh   [2mz:[0m +9.19   [2mdesvio:[0m +260%   [2m(2 obs. dia_util)[0m
2026-07-28 17:56:53 [INFO] 
2026-07-28 17:56:53 [INFO]   🔴 [91m[1mPT0002000068857099AR[0m  [2m[Cluster 1][0m
2026-07-28 17:56:53 [INFO]      consumiu MAIS que o habitual às 19h
2026-07-28 17:56:53 [INFO]      [2mReal:[0m 10.0 kWh   [2mHabitual:[0m 3.5 ± 0.7 kWh   [2mz:[0m +9.19   [2mdesvio:[0m +186%   [2m(2 obs. dia_util)[0m
2026-07-28 17:56:53 [INFO] 
2026-07-28 17:56:53 [INFO]   🔴 [91m[1mPT0002000068859382XF[0m  [2m[Cluster 0][0m
2026-07-28 17:56:53 [INFO]      consumiu MAIS que o habitual às 11h
2026-07-28 17:56:53 [INFO]      [2mReal:[0m 71.0 kWh   [2mHabitual:[0m 37.0 ± 3.7 kWh   [2mz:[0m +9.19   [2mdesvio:[0m +92%   [2m(2 obs. dia_util)[0m
2026-07-28 17:56:53 [INFO] 
2026-07-28 17:56:53 [INFO]   🔴 [91m[1mPT0002000078207354XC[0m  [2m[Cluster 1][0m
2026-07-28 17:56:53 [INFO]      consumiu MAIS que o habitual às 08h
2026-07-28 17:56:53 [INFO]      [2mReal:[0m 9.0 kWh   [2mHabitual:[0m 2.5 ± 0.7 kWh   [2mz:[0m +9.19   [2mdesvio:[0m +260%   [2m(2 obs. dia_util)[0m
2026-07-28 17:56:53 [INFO] 
2026-07-28 17:56:53 [INFO]   🔴 [91m[1mPT0002000078207354XC[0m  [2m[Cluster 1][0m
2026-07-28 17:56:53 [INFO]      consumiu MAIS que o habitual às 09h
2026-07-28 17:56:53 [INFO]      [2mReal:[0m 9.0 kWh   [2mHabitual:[0m 2.5 ± 0.7 kWh   [2mz:[0m +9.19   [2mdesvio:[0m +260%   [2m(2 obs. dia_util)[0m
2026-07-28 17:56:53 [INFO] 
2026-07-28 17:56:53 [INFO]   🔴 [91m[1mPT0002000078207354XC[0m  [2m[Cluster 1][0m
2026-07-28 17:56:53 [INFO]      consumiu MAIS que o habitual às 11h
2026-07-28 17:56:53 [INFO]      [2mReal:[0m 9.0 kWh   [2mHabitual:[0m 2.5 ± 0.7 kWh   [2mz:[0m +9.19   [2mdesvio:[0m +260%   [2m(2 obs. dia_util)[0m
2026-07-28 17:56:53 [INFO] 
2026-07-28 17:56:53 [INFO]   🔴 [91m[1mPT0002000078207354XC[0m  [2m[Cluster 1][0m
2026-07-28 17:56:53 [INFO]      consumiu MAIS que o habitual às 13h
2026-07-28 17:56:53 [INFO]      [2mReal:[0m 9.0 kWh   [2mHabitual:[0m 2.5 ± 0.7 kWh   [2mz:[0m +9.19   [2mdesvio:[0m +260%   [2m(2 obs. dia_util)[0m
2026-07-28 17:56:53 [INFO] 
2026-07-28 17:56:53 [INFO]   🔴 [91m[1mPT0002000078207354XC[0m  [2m[Cluster 1][0m
2026-07-28 17:56:53 [INFO]      consumiu MAIS que o habitual às 14h
2026-07-28 17:56:53 [INFO]      [2mReal:[0m 9.0 kWh   [2mHabitual:[0m 2.5 ± 0.7 kWh   [2mz:[0m +9.19   [2mdesvio:[0m +260%   [2m(2 obs. dia_util)[0m
2026-07-28 17:56:53 [INFO] 
2026-07-28 17:56:53 [INFO]   🔴 [91m[1mPT0002000078294957RQ[0m  [2m[Cluster 0][0m
2026-07-28 17:56:53 [INFO]      consumiu MAIS que o habitual às 18h
2026-07-28 17:56:53 [INFO]      [2mReal:[0m 11.0 kWh   [2mHabitual:[0m 4.5 ± 0.7 kWh   [2mz:[0m +9.19   [2mdesvio:[0m +144%   [2m(2 obs. dia_util)[0m
2026-07-28 17:56:53 [INFO] 
2026-07-28 17:56:53 [INFO]   🔴 [91m[1mPT0002000110090564GD[0m  [2m[Cluster 1][0m
2026-07-28 17:56:53 [INFO]      consumiu MAIS que o habitual às 12h
2026-07-28 17:56:53 [INFO]      [2mReal:[0m 11.0 kWh   [2mHabitual:[0m 4.5 ± 0.7 kWh   [2mz:[0m +9.19   [2mdesvio:[0m +144%   [2m(2 obs. dia_util)[0m
2026-07-28 17:56:53 [INFO] 
2026-07-28 17:56:53 [INFO]   🔴 [91m[1mPT0002000116530964LH[0m  [2m[Cluster 0 (atribuido)][0m
2026-07-28 17:56:53 [INFO]      consumiu MAIS que o habitual às 09h
2026-07-28 17:56:53 [INFO]      [2mReal:[0m 147.0 kWh   [2mHabitual:[0m 77.0 ± 7.7 kWh   [2mz:[0m +9.09   [2mdesvio:[0m +91%   [2m(2 obs. dia_util)[0m
2026-07-28 17:56:53 [INFO] 
2026-07-28 17:56:53 [INFO]   🔴 [91m[1mPT0002000068855003AK[0m  [2m[Cluster 0 (atribuido)][0m
2026-07-28 17:56:53 [INFO]      consumiu MAIS que o habitual às 23h
2026-07-28 17:56:53 [INFO]      [2mReal:[0m 12.0 kWh   [2mHabitual:[0m 6.3 ± 0.6 kWh   [2mz:[0m +8.95   [2mdesvio:[0m +90%   [2m(3 obs. dia_util)[0m
2026-07-28 17:56:53 [INFO] 
2026-07-28 17:56:53 [INFO]   🔴 [91m[1mPT0002000115673471CB[0m  [2m[Cluster 0][0m
2026-07-28 17:56:53 [INFO]      consumiu MAIS que o habitual às 14h
2026-07-28 17:56:53 [INFO]      [2mReal:[0m 18.0 kWh   [2mHabitual:[0m 9.5 ± 0.9 kWh   [2mz:[0m +8.95   [2mdesvio:[0m +89%   [2m(2 obs. dia_util)[0m
2026-07-28 17:56:53 [INFO] 
2026-07-28 17:56:53 [INFO]   🔴 [91m[1mPT0002000068855003AK[0m  [2m[Cluster 0 (atribuido)][0m
2026-07-28 17:56:53 [INFO]      consumiu MAIS que o habitual às 19h
2026-07-28 17:56:53 [INFO]      [2mReal:[0m 74.0 kWh   [2mHabitual:[0m 17.5 ± 6.4 kWh   [2mz:[0m +8.88   [2mdesvio:[0m +323%   [2m(2 obs. dia_util)[0m
2026-07-28 17:56:53 [INFO] 
2026-07-28 17:56:53 [INFO]   🔴 [91m[1mPT0002000068859382XF[0m  [2m[Cluster 0][0m
2026-07-28 17:56:53 [INFO]      consumiu MAIS que o habitual às 10h
2026-07-28 17:56:53 [INFO]      [2mReal:[0m 65.0 kWh   [2mHabitual:[0m 35.0 ± 3.5 kWh   [2mz:[0m +8.57   [2mdesvio:[0m +86%   [2m(2 obs. dia_util)[0m
2026-07-28 17:56:53 [INFO] 
2026-07-28 17:56:53 [INFO]   🔴 [91m[1mPT0002000115700602GW[0m  [2m[Cluster 0][0m
2026-07-28 17:56:53 [INFO]      consumiu MAIS que o habitual às 15h
2026-07-28 17:56:53 [INFO]      [2mReal:[0m 13.0 kWh   [2mHabitual:[0m 7.0 ± 0.7 kWh   [2mz:[0m +8.57   [2mdesvio:[0m +86%   [2m(2 obs. dia_util)[0m
2026-07-28 17:56:53 [INFO] 
2026-07-28 17:56:53 [INFO]   🔴 [91m[1mPT0002000033074862LZ[0m  [2m[Cluster 0][0m
2026-07-28 17:56:53 [INFO]      consumiu MAIS que o habitual às 17h
2026-07-28 17:56:53 [INFO]      [2mReal:[0m 25.0 kWh   [2mHabitual:[0m 13.5 ± 1.4 kWh   [2mz:[0m +8.52   [2mdesvio:[0m +85%   [2m(2 obs. dia_util)[0m
2026-07-28 17:56:53 [INFO] 
2026-07-28 17:56:53 [INFO]   🔴 [91m[1mPT0002000068859325FL[0m  [2m[Cluster 1][0m
2026-07-28 17:56:53 [INFO]      consumiu MAIS que o habitual às 20h
2026-07-28 17:56:53 [INFO]      [2mReal:[0m 104.0 kWh   [2mHabitual:[0m 56.0 ± 5.7 kWh   [2mz:[0m +8.49   [2mdesvio:[0m +86%   [2m(2 obs. dia_util)[0m
2026-07-28 17:56:53 [INFO] 
2026-07-28 17:56:53 [INFO]   🔴 [91m[1mPT0002000111572054VT[0m  [2m[Cluster 0 (atribuido)][0m
2026-07-28 17:56:53 [INFO]      consumiu MAIS que o habitual às 09h
2026-07-28 17:56:53 [INFO]      [2mReal:[0m 13.0 kWh   [2mHabitual:[0m 1.0 ± 1.4 kWh   [2mz:[0m +8.49   [2mdesvio:[0m +1200%   [2m(2 obs. dia_util)[0m
2026-07-28 17:56:53 [INFO] 
2026-07-28 17:56:53 [INFO]   🔴 [91m[1mPT0002000123648159KR[0m  [2m[Cluster 0][0m
2026-07-28 17:56:53 [INFO]      consumiu MAIS que o habitual às 13h
2026-07-28 17:56:53 [INFO]      [2mReal:[0m 15.0 kWh   [2mHabitual:[0m 3.0 ± 1.4 kWh   [2mz:[0m +8.49   [2mdesvio:[0m +400%   [2m(2 obs. dia_util)[0m
2026-07-28 17:56:53 [INFO] 
2026-07-28 17:56:53 [INFO]   🔴 [91m[1mPT0002000068859187RL[0m  [2m[Cluster 0][0m
2026-07-28 17:56:53 [INFO]      consumiu MAIS que o habitual às 18h
2026-07-28 17:56:53 [INFO]      [2mReal:[0m 24.0 kWh   [2mHabitual:[0m 13.0 ± 1.3 kWh   [2mz:[0m +8.46   [2mdesvio:[0m +85%   [2m(2 obs. dia_util)[0m
2026-07-28 17:56:53 [INFO] 
2026-07-28 17:56:53 [INFO]   🔴 [91m[1mPT0002000073231742VK[0m  [2m[Cluster 0][0m
2026-07-28 17:56:53 [INFO]      consumiu MAIS que o habitual às 14h
2026-07-28 17:56:53 [INFO]      [2mReal:[0m 22.0 kWh   [2mHabitual:[0m 12.0 ± 1.2 kWh   [2mz:[0m +8.33   [2mdesvio:[0m +83%   [2m(2 obs. dia_util)[0m
2026-07-28 17:56:53 [INFO] 
2026-07-28 17:56:53 [INFO]   🔴 [91m[1mPT0002000073231742VK[0m  [2m[Cluster 0][0m
2026-07-28 17:56:53 [INFO]      consumiu MAIS que o habitual às 17h
2026-07-28 17:56:53 [INFO]      [2mReal:[0m 22.0 kWh   [2mHabitual:[0m 12.0 ± 1.2 kWh   [2mz:[0m +8.33   [2mdesvio:[0m +83%   [2m(2 obs. dia_util)[0m
2026-07-28 17:56:53 [INFO] 
2026-07-28 17:56:53 [INFO]   🔴 [91m[1mPT0002000115031201VQ[0m  [2m[Cluster 0][0m
2026-07-28 17:56:53 [INFO]      consumiu MAIS que o habitual às 08h
2026-07-28 17:56:53 [INFO]      [2mReal:[0m 11.0 kWh   [2mHabitual:[0m 6.0 ± 0.6 kWh   [2mz:[0m +8.33   [2mdesvio:[0m +83%   [2m(2 obs. dia_util)[0m
2026-07-28 17:56:53 [INFO] 
2026-07-28 17:56:53 [INFO]   🔴 [91m[1mPT0002000120237616VJ[0m  [2m[Cluster 0][0m
2026-07-28 17:56:53 [INFO]      consumiu MAIS que o habitual às 20h
2026-07-28 17:56:53 [INFO]      [2mReal:[0m 19.0 kWh   [2mHabitual:[0m 10.5 ± 1.1 kWh   [2mz:[0m +8.10   [2mdesvio:[0m +81%   [2m(2 obs. dia_util)[0m
2026-07-28 17:56:53 [INFO] 
2026-07-28 17:56:53 [INFO]   🔴 [91m[1mPT0002000110090564GD[0m  [2m[Cluster 1][0m
2026-07-28 17:56:53 [INFO]      consumiu MAIS que o habitual às 13h
2026-07-28 17:56:53 [INFO]      [2mReal:[0m 9.0 kWh   [2mHabitual:[0m 5.0 ± 0.5 kWh   [2mz:[0m +8.00   [2mdesvio:[0m +80%   [2m(2 obs. dia_util)[0m
2026-07-28 17:56:53 [INFO] 
2026-07-28 17:56:53 [INFO]   🔴 [91m[1mPT0002000101964938LF[0m  [2m[Cluster 0][0m
2026-07-28 17:56:53 [INFO]      consumiu MAIS que o habitual às 08h
2026-07-28 17:56:53 [INFO]      [2mReal:[0m 52.0 kWh   [2mHabitual:[0m 12.5 ± 5.0 kWh   [2mz:[0m +7.98   [2mdesvio:[0m +316%   [2m(2 obs. dia_util)[0m
2026-07-28 17:56:53 [INFO] 
2026-07-28 17:56:53 [INFO]   🔴 [91m[1mPT0002000115673471CB[0m  [2m[Cluster 0][0m
2026-07-28 17:56:53 [INFO]      consumiu MAIS que o habitual às 06h
2026-07-28 17:56:53 [INFO]      [2mReal:[0m 17.0 kWh   [2mHabitual:[0m 9.5 ± 0.9 kWh   [2mz:[0m +7.89   [2mdesvio:[0m +79%   [2m(2 obs. dia_util)[0m
2026-07-28 17:56:53 [INFO] 
2026-07-28 17:56:53 [INFO]   🔴 [91m[1mPT0002000077394934QY[0m  [2m[Cluster 0][0m
2026-07-28 17:56:53 [INFO]      consumiu MAIS que o habitual às 09h
2026-07-28 17:56:53 [INFO]      [2mReal:[0m 124.0 kWh   [2mHabitual:[0m 69.5 ± 7.0 kWh   [2mz:[0m +7.84   [2mdesvio:[0m +78%   [2m(2 obs. dia_util)[0m
2026-07-28 17:56:53 [INFO] 
2026-07-28 17:56:53 [INFO]   🔴 [91m[1mPT0002000068855003AK[0m  [2m[Cluster 0 (atribuido)][0m
2026-07-28 17:56:53 [INFO]      consumiu MAIS que o habitual às 08h
2026-07-28 17:56:53 [INFO]      [2mReal:[0m 18.0 kWh   [2mHabitual:[0m 7.0 ± 1.4 kWh   [2mz:[0m +7.78   [2mdesvio:[0m +157%   [2m(2 obs. dia_util)[0m
2026-07-28 17:56:53 [INFO] 
2026-07-28 17:56:53 [INFO]   🔴 [91m[1mPT0002000068856655YV[0m  [2m[Cluster 0][0m
2026-07-28 17:56:53 [INFO]      consumiu MAIS que o habitual às 12h
2026-07-28 17:56:53 [INFO]      [2mReal:[0m 8.0 kWh   [2mHabitual:[0m 2.5 ± 0.7 kWh   [2mz:[0m +7.78   [2mdesvio:[0m +220%   [2m(2 obs. dia_util)[0m
2026-07-28 17:56:53 [INFO] 
2026-07-28 17:56:53 [INFO]   🔴 [91m[1mPT0002000075637532JB[0m  [2m[Cluster 0][0m
2026-07-28 17:56:53 [INFO]      consumiu MAIS que o habitual às 14h
2026-07-28 17:56:53 [INFO]      [2mReal:[0m 10.0 kWh   [2mHabitual:[0m 4.5 ± 0.7 kWh   [2mz:[0m +7.78   [2mdesvio:[0m +122%   [2m(2 obs. dia_util)[0m
2026-07-28 17:56:53 [INFO] 
2026-07-28 17:56:53 [INFO]   🔴 [91m[1mPT0002000078207354XC[0m  [2m[Cluster 1][0m
2026-07-28 17:56:53 [INFO]      consumiu MAIS que o habitual às 10h
2026-07-28 17:56:53 [INFO]      [2mReal:[0m 8.0 kWh   [2mHabitual:[0m 2.5 ± 0.7 kWh   [2mz:[0m +7.78   [2mdesvio:[0m +220%   [2m(2 obs. dia_util)[0m
2026-07-28 17:56:53 [INFO] 
2026-07-28 17:56:53 [INFO]   🔴 [91m[1mPT0002000115673471CB[0m  [2m[Cluster 0][0m
2026-07-28 17:56:53 [INFO]      consumiu MAIS que o habitual às 10h
2026-07-28 17:56:53 [INFO]      [2mReal:[0m 34.0 kWh   [2mHabitual:[0m 12.0 ± 2.8 kWh   [2mz:[0m +7.78   [2mdesvio:[0m +183%   [2m(2 obs. dia_util)[0m
2026-07-28 17:56:53 [INFO] 
2026-07-28 17:56:53 [INFO]   🔴 [91m[1mPT0002000125379984SH[0m  [2m[Cluster 1][0m
2026-07-28 17:56:53 [INFO]      consumiu MAIS que o habitual às 11h
2026-07-28 17:56:53 [INFO]      [2mReal:[0m 11.0 kWh   [2mHabitual:[0m 5.5 ± 0.7 kWh   [2mz:[0m +7.78   [2mdesvio:[0m +100%   [2m(2 obs. dia_util)[0m
2026-07-28 17:56:53 [INFO] 
2026-07-28 17:56:53 [INFO]   🔴 [91m[1mPT0002000077348081AG[0m  [2m[Cluster 0 (atribuido)][0m
2026-07-28 17:56:53 [INFO]      consumiu MAIS que o habitual às 07h
2026-07-28 17:56:53 [INFO]      [2mReal:[0m 30.0 kWh   [2mHabitual:[0m 17.0 ± 1.7 kWh   [2mz:[0m +7.65   [2mdesvio:[0m +76%   [2m(2 obs. dia_util)[0m
2026-07-28 17:56:53 [INFO] 
2026-07-28 17:56:53 [INFO]   🔴 [91m[1mPT0002000073231742VK[0m  [2m[Cluster 0][0m
2026-07-28 17:56:53 [INFO]      consumiu MAIS que o habitual às 15h
2026-07-28 17:56:53 [INFO]      [2mReal:[0m 21.0 kWh   [2mHabitual:[0m 12.0 ± 1.2 kWh   [2mz:[0m +7.50   [2mdesvio:[0m +75%   [2m(2 obs. dia_util)[0m
2026-07-28 17:56:53 [INFO] 
2026-07-28 17:56:53 [INFO]   🔴 [91m[1mPT0002000112989585PH[0m  [2m[Cluster 0][0m
2026-07-28 17:56:53 [INFO]      consumiu MAIS que o habitual às 17h
2026-07-28 17:56:53 [INFO]      [2mReal:[0m 98.0 kWh   [2mHabitual:[0m 56.0 ± 5.6 kWh   [2mz:[0m +7.50   [2mdesvio:[0m +75%   [2m(2 obs. dia_util)[0m
2026-07-28 17:56:53 [INFO] 
2026-07-28 17:56:53 [INFO]   🔴 [91m[1mPT0002000068859382XF[0m  [2m[Cluster 0][0m
2026-07-28 17:56:53 [INFO]      consumiu MAIS que o habitual às 09h
2026-07-28 17:56:53 [INFO]      [2mReal:[0m 62.0 kWh   [2mHabitual:[0m 35.5 ± 3.5 kWh   [2mz:[0m +7.46   [2mdesvio:[0m +75%   [2m(2 obs. dia_util)[0m
2026-07-28 17:56:53 [INFO] 
2026-07-28 17:56:53 [INFO]   🔴 [91m[1mPT0002000110814293YC[0m  [2m[Cluster 0 (atribuido)][0m
2026-07-28 17:56:53 [INFO]      consumiu MAIS que o habitual às 19h
2026-07-28 17:56:53 [INFO]      [2mReal:[0m 77.0 kWh   [2mHabitual:[0m 44.5 ± 4.5 kWh   [2mz:[0m +7.30   [2mdesvio:[0m +73%   [2m(2 obs. dia_util)[0m
2026-07-28 17:56:53 [INFO] 
2026-07-28 17:56:53 [INFO]   🔴 [91m[1mPT0002000120237616VJ[0m  [2m[Cluster 0][0m
2026-07-28 17:56:53 [INFO]      consumiu MAIS que o habitual às 06h
2026-07-28 17:56:53 [INFO]      [2mReal:[0m 19.0 kWh   [2mHabitual:[0m 11.0 ± 1.1 kWh   [2mz:[0m +7.27   [2mdesvio:[0m +73%   [2m(2 obs. dia_util)[0m
2026-07-28 17:56:53 [INFO] 
2026-07-28 17:56:53 [INFO]   🔴 [91m[1mPT0002000114685657JR[0m  [2m[Cluster 0][0m
2026-07-28 17:56:53 [INFO]      consumiu MAIS que o habitual às 16h
2026-07-28 17:56:53 [INFO]      [2mReal:[0m 266.0 kWh   [2mHabitual:[0m 155.5 ± 15.6 kWh   [2mz:[0m +7.11   [2mdesvio:[0m +71%   [2m(2 obs. dia_util)[0m
2026-07-28 17:56:53 [INFO] 
2026-07-28 17:56:53 [INFO]   🔴 [91m[1mPT0002000201038711LS[0m  [2m[Cluster 1 (atribuido)][0m
2026-07-28 17:56:53 [INFO]      consumiu MAIS que o habitual às 19h
2026-07-28 17:56:53 [INFO]      [2mReal:[0m 64.0 kWh   [2mHabitual:[0m 24.0 ± 5.7 kWh   [2mz:[0m +7.07   [2mdesvio:[0m +167%   [2m(2 obs. dia_util)[0m
2026-07-28 17:56:53 [INFO] 
2026-07-28 17:56:53 [INFO]   🔴 [91m[1mPT0002000114613364CC[0m  [2m[Cluster 0 (atribuido)][0m
2026-07-28 17:56:53 [INFO]      consumiu MAIS que o habitual às 18h
2026-07-28 17:56:53 [INFO]      [2mReal:[0m 202.0 kWh   [2mHabitual:[0m 118.5 ± 11.8 kWh   [2mz:[0m +7.05   [2mdesvio:[0m +70%   [2m(2 obs. dia_util)[0m
2026-07-28 17:56:53 [INFO] 
2026-07-28 17:56:53 [INFO]   🔴 [91m[1mPT0002000068859393XH[0m  [2m[Cluster 1][0m
2026-07-28 17:56:53 [INFO]      consumiu MAIS que o habitual às 23h
2026-07-28 17:56:53 [INFO]      [2mReal:[0m 83.0 kWh   [2mHabitual:[0m 28.0 ± 7.8 kWh   [2mz:[0m +7.04   [2mdesvio:[0m +196%   [2m(3 obs. dia_util)[0m
2026-07-28 17:56:53 [INFO] 
2026-07-28 17:56:53 [INFO]   🔴 [91m[1mPT0002000068855003AK[0m  [2m[Cluster 0 (atribuido)][0m
2026-07-28 17:56:53 [INFO]      consumiu MAIS que o habitual às 22h
2026-07-28 17:56:53 [INFO]      [2mReal:[0m 14.0 kWh   [2mHabitual:[0m 7.0 ± 1.0 kWh   [2mz:[0m +7.00   [2mdesvio:[0m +100%   [2m(3 obs. dia_util)[0m
2026-07-28 17:56:53 [INFO] 
2026-07-28 17:56:53 [INFO]   🔴 [91m[1mPT0002000116530964LH[0m  [2m[Cluster 0 (atribuido)][0m
2026-07-28 17:56:53 [INFO]      consumiu MAIS que o habitual às 19h
2026-07-28 17:56:53 [INFO]      [2mReal:[0m 124.0 kWh   [2mHabitual:[0m 73.0 ± 7.3 kWh   [2mz:[0m +6.99   [2mdesvio:[0m +70%   [2m(2 obs. dia_util)[0m
2026-07-28 17:56:53 [INFO] 
2026-07-28 17:56:53 [INFO]   🔴 [91m[1mPT0002000115673471CB[0m  [2m[Cluster 0][0m
2026-07-28 17:56:53 [INFO]      consumiu MAIS que o habitual às 01h
2026-07-28 17:56:53 [INFO]      [2mReal:[0m 16.0 kWh   [2mHabitual:[0m 9.5 ± 0.9 kWh   [2mz:[0m +6.84   [2mdesvio:[0m +68%   [2m(2 obs. dia_util)[0m
2026-07-28 17:56:53 [INFO] 
2026-07-28 17:56:53 [INFO]   🔴 [91m[1mPT0002000078441876HB[0m  [2m[Cluster 0][0m
2026-07-28 17:56:53 [INFO]      consumiu MAIS que o habitual às 14h
2026-07-28 17:56:53 [INFO]      [2mReal:[0m 1753.0 kWh   [2mHabitual:[0m 1050.5 ± 105.0 kWh   [2mz:[0m +6.69   [2mdesvio:[0m +67%   [2m(2 obs. dia_util)[0m
2026-07-28 17:56:53 [INFO] 
2026-07-28 17:56:53 [INFO]   🔴 [91m[1mPT0002000068857099AR[0m  [2m[Cluster 1][0m
2026-07-28 17:56:53 [INFO]      consumiu MAIS que o habitual às 21h
2026-07-28 17:56:53 [INFO]      [2mReal:[0m 5.0 kWh   [2mHabitual:[0m 3.0 ± 0.3 kWh   [2mz:[0m +6.67   [2mdesvio:[0m +67%   [2m(3 obs. dia_util)[0m
2026-07-28 17:56:53 [INFO] 
2026-07-28 17:56:53 [INFO]   🔴 [91m[1mPT0002000068857909SY[0m  [2m[Cluster 1][0m
2026-07-28 17:56:53 [INFO]      consumiu MAIS que o habitual às 20h
2026-07-28 17:56:53 [INFO]      [2mReal:[0m 10.0 kWh   [2mHabitual:[0m 6.0 ± 0.6 kWh   [2mz:[0m +6.67   [2mdesvio:[0m +67%   [2m(2 obs. dia_util)[0m
2026-07-28 17:56:53 [INFO] 
2026-07-28 17:56:53 [INFO]   🔴 [91m[1mPT0002000073231742VK[0m  [2m[Cluster 0][0m
2026-07-28 17:56:53 [INFO]      consumiu MAIS que o habitual às 07h
2026-07-28 17:56:53 [INFO]      [2mReal:[0m 20.0 kWh   [2mHabitual:[0m 12.0 ± 1.2 kWh   [2mz:[0m +6.67   [2mdesvio:[0m +67%   [2m(2 obs. dia_util)[0m
2026-07-28 17:56:53 [INFO] 
2026-07-28 17:56:53 [INFO]   🔴 [91m[1mPT0002000073231742VK[0m  [2m[Cluster 0][0m
2026-07-28 17:56:53 [INFO]      consumiu MAIS que o habitual às 16h
2026-07-28 17:56:53 [INFO]      [2mReal:[0m 20.0 kWh   [2mHabitual:[0m 12.0 ± 1.2 kWh   [2mz:[0m +6.67   [2mdesvio:[0m +67%   [2m(2 obs. dia_util)[0m
2026-07-28 17:56:53 [INFO] 
2026-07-28 17:56:53 [INFO]   🔴 [91m[1mPT0002000078140706BA[0m  [2m[Cluster 1 (atribuido)][0m
2026-07-28 17:56:53 [INFO]      consumiu MAIS que o habitual às 12h
2026-07-28 17:56:53 [INFO]      [2mReal:[0m 2.0 kWh   [2mHabitual:[0m 0.0 ± 0.3 kWh   [2mz:[0m +6.67   [2mdesvio:[0m +200000%   [2m(2 obs. dia_util)[0m
2026-07-28 17:56:53 [INFO] 
2026-07-28 17:56:53 [INFO]   🔴 [91m[1mPT0002000081344542CP[0m  [2m[Cluster 1][0m
2026-07-28 17:56:53 [INFO]      consumiu MAIS que o habitual às 07h
2026-07-28 17:56:53 [INFO]      [2mReal:[0m 4.0 kWh   [2mHabitual:[0m 2.0 ± 0.3 kWh   [2mz:[0m +6.67   [2mdesvio:[0m +100%   [2m(2 obs. dia_util)[0m
2026-07-28 17:56:53 [INFO] 
2026-07-28 17:56:53 [INFO]   🔴 [91m[1mPT0002000115031201VQ[0m  [2m[Cluster 0][0m
2026-07-28 17:56:53 [INFO]      consumiu MAIS que o habitual às 19h
2026-07-28 17:56:53 [INFO]      [2mReal:[0m 10.0 kWh   [2mHabitual:[0m 6.0 ± 0.6 kWh   [2mz:[0m +6.67   [2mdesvio:[0m +67%   [2m(2 obs. dia_util)[0m
2026-07-28 17:56:53 [INFO] 
2026-07-28 17:56:53 [INFO]   🔴 [91m[1mPT0002000201038711LS[0m  [2m[Cluster 1 (atribuido)][0m
2026-07-28 17:56:53 [INFO]      consumiu MAIS que o habitual às 08h
2026-07-28 17:56:53 [INFO]      [2mReal:[0m 3.0 kWh   [2mHabitual:[0m 1.0 ± 0.3 kWh   [2mz:[0m +6.67   [2mdesvio:[0m +200%   [2m(2 obs. dia_util)[0m
2026-07-28 17:56:53 [INFO] 
2026-07-28 17:56:53 [INFO]   🔴 [91m[1mPT0002000068859382XF[0m  [2m[Cluster 0][0m
2026-07-28 17:56:53 [INFO]      consumiu MAIS que o habitual às 16h
2026-07-28 17:56:53 [INFO]      [2mReal:[0m 59.0 kWh   [2mHabitual:[0m 35.5 ± 3.5 kWh   [2mz:[0m +6.62   [2mdesvio:[0m +66%   [2m(2 obs. dia_util)[0m
2026-07-28 17:56:53 [INFO] 
2026-07-28 17:56:53 [INFO]   🔴 [91m[1mPT0002000068855003AK[0m  [2m[Cluster 0 (atribuido)][0m
2026-07-28 17:56:53 [INFO]      consumiu MAIS que o habitual às 07h
2026-07-28 17:56:53 [INFO]      [2mReal:[0m 11.0 kWh   [2mHabitual:[0m 6.5 ± 0.7 kWh   [2mz:[0m +6.36   [2mdesvio:[0m +69%   [2m(2 obs. dia_util)[0m
2026-07-28 17:56:53 [INFO] 
2026-07-28 17:56:53 [INFO]   🔴 [91m[1mPT0002000068859325FL[0m  [2m[Cluster 1][0m
2026-07-28 17:56:53 [INFO]      consumiu MAIS que o habitual às 08h
2026-07-28 17:56:53 [INFO]      [2mReal:[0m 80.0 kWh   [2mHabitual:[0m 44.0 ± 5.7 kWh   [2mz:[0m +6.36   [2mdesvio:[0m +82%   [2m(2 obs. dia_util)[0m
2026-07-28 17:56:53 [INFO] 
2026-07-28 17:56:53 [INFO]   🔴 [91m[1mPT0002000077394934QY[0m  [2m[Cluster 0][0m
2026-07-28 17:56:53 [INFO]      consumiu MAIS que o habitual às 10h
2026-07-28 17:56:53 [INFO]      [2mReal:[0m 149.0 kWh   [2mHabitual:[0m 86.0 ± 9.9 kWh   [2mz:[0m +6.36   [2mdesvio:[0m +73%   [2m(2 obs. dia_util)[0m
2026-07-28 17:56:53 [INFO] 
2026-07-28 17:56:53 [INFO]   🔴 [91m[1mPT0002000077394934QY[0m  [2m[Cluster 0][0m
2026-07-28 17:56:53 [INFO]      consumiu MAIS que o habitual às 15h
2026-07-28 17:56:53 [INFO]      [2mReal:[0m 151.0 kWh   [2mHabitual:[0m 70.0 ± 12.7 kWh   [2mz:[0m +6.36   [2mdesvio:[0m +116%   [2m(2 obs. dia_util)[0m
2026-07-28 17:56:53 [INFO] 
2026-07-28 17:56:53 [INFO]   🔴 [91m[1mPT0002000078294957RQ[0m  [2m[Cluster 0][0m
2026-07-28 17:56:53 [INFO]      consumiu MAIS que o habitual às 16h
2026-07-28 17:56:53 [INFO]      [2mReal:[0m 14.0 kWh   [2mHabitual:[0m 5.0 ± 1.4 kWh   [2mz:[0m +6.36   [2mdesvio:[0m +180%   [2m(2 obs. dia_util)[0m
2026-07-28 17:56:53 [INFO] 
2026-07-28 17:56:53 [INFO]   🔴 [91m[1mPT0002000107046231FW[0m  [2m[Cluster 0][0m
2026-07-28 17:56:53 [INFO]      consumiu MAIS que o habitual às 18h
2026-07-28 17:56:53 [INFO]      [2mReal:[0m 7.0 kWh   [2mHabitual:[0m 2.5 ± 0.7 kWh   [2mz:[0m +6.36   [2mdesvio:[0m +180%   [2m(2 obs. dia_util)[0m
2026-07-28 17:56:53 [INFO] 
2026-07-28 17:56:53 [INFO]   🔴 [91m[1mPT0002000110090564GD[0m  [2m[Cluster 1][0m
2026-07-28 17:56:53 [INFO]      consumiu MAIS que o habitual às 17h
2026-07-28 17:56:53 [INFO]      [2mReal:[0m 9.0 kWh   [2mHabitual:[0m 4.5 ± 0.7 kWh   [2mz:[0m +6.36   [2mdesvio:[0m +100%   [2m(2 obs. dia_util)[0m
2026-07-28 17:56:53 [INFO] 
2026-07-28 17:56:53 [INFO]   🔴 [91m[1mPT0002000114685657JR[0m  [2m[Cluster 0][0m
2026-07-28 17:56:53 [INFO]      consumiu MAIS que o habitual às 14h
2026-07-28 17:56:53 [INFO]      [2mReal:[0m 256.0 kWh   [2mHabitual:[0m 156.5 ± 15.7 kWh   [2mz:[0m +6.36   [2mdesvio:[0m +64%   [2m(2 obs. dia_util)[0m
2026-07-28 17:56:53 [INFO] 
2026-07-28 17:56:53 [INFO]   🔴 [91m[1mPT0002000115031201VQ[0m  [2m[Cluster 0][0m
2026-07-28 17:56:53 [INFO]      consumiu MAIS que o habitual às 18h
2026-07-28 17:56:53 [INFO]      [2mReal:[0m 11.0 kWh   [2mHabitual:[0m 6.5 ± 0.7 kWh   [2mz:[0m +6.36   [2mdesvio:[0m +69%   [2m(2 obs. dia_util)[0m
2026-07-28 17:56:53 [INFO] 
2026-07-28 17:56:53 [INFO]   🔴 [91m[1mPT0002000123648159KR[0m  [2m[Cluster 0][0m
2026-07-28 17:56:53 [INFO]      consumiu MAIS que o habitual às 17h
2026-07-28 17:56:53 [INFO]      [2mReal:[0m 7.0 kWh   [2mHabitual:[0m 2.5 ± 0.7 kWh   [2mz:[0m +6.36   [2mdesvio:[0m +180%   [2m(2 obs. dia_util)[0m
2026-07-28 17:56:53 [INFO] 
2026-07-28 17:56:53 [INFO]   🔴 [91m[1mPT0002000114685657JR[0m  [2m[Cluster 0][0m
2026-07-28 17:56:53 [INFO]      consumiu MAIS que o habitual às 10h
2026-07-28 17:56:53 [INFO]      [2mReal:[0m 254.0 kWh   [2mHabitual:[0m 157.0 ± 15.7 kWh   [2mz:[0m +6.18   [2mdesvio:[0m +62%   [2m(2 obs. dia_util)[0m
2026-07-28 17:56:53 [INFO] 
2026-07-28 17:56:53 [INFO]   🔴 [91m[1mPT0002000114685657JR[0m  [2m[Cluster 0][0m
2026-07-28 17:56:53 [INFO]      consumiu MAIS que o habitual às 13h
2026-07-28 17:56:53 [INFO]      [2mReal:[0m 254.0 kWh   [2mHabitual:[0m 157.0 ± 15.7 kWh   [2mz:[0m +6.18   [2mdesvio:[0m +62%   [2m(2 obs. dia_util)[0m
2026-07-28 17:56:53 [INFO] 
2026-07-28 17:56:53 [INFO]   🔴 [91m[1mPT0002000033074862LZ[0m  [2m[Cluster 0][0m
2026-07-28 17:56:53 [INFO]      consumiu MAIS que o habitual às 18h
2026-07-28 17:56:53 [INFO]      [2mReal:[0m 21.0 kWh   [2mHabitual:[0m 13.0 ± 1.3 kWh   [2mz:[0m +6.15   [2mdesvio:[0m +62%   [2m(2 obs. dia_util)[0m
2026-07-28 17:56:53 [INFO] 
2026-07-28 17:56:53 [INFO]   🔴 [91m[1mPT0002000114685657JR[0m  [2m[Cluster 0][0m
2026-07-28 17:56:53 [INFO]      consumiu MAIS que o habitual às 11h
2026-07-28 17:56:53 [INFO]      [2mReal:[0m 254.0 kWh   [2mHabitual:[0m 157.5 ± 15.8 kWh   [2mz:[0m +6.13   [2mdesvio:[0m +61%   [2m(2 obs. dia_util)[0m
2026-07-28 17:56:53 [INFO] 
2026-07-28 17:56:53 [INFO]   🔴 [91m[1mPT0002000114685657JR[0m  [2m[Cluster 0][0m
2026-07-28 17:56:53 [INFO]      consumiu MAIS que o habitual às 15h
2026-07-28 17:56:53 [INFO]      [2mReal:[0m 254.0 kWh   [2mHabitual:[0m 157.5 ± 15.8 kWh   [2mz:[0m +6.13   [2mdesvio:[0m +61%   [2m(2 obs. dia_util)[0m
2026-07-28 17:56:53 [INFO] 
2026-07-28 17:56:53 [INFO]   🔴 [91m[1mPT0002000073717386HC[0m  [2m[Cluster 1 (atribuido)][0m
2026-07-28 17:56:53 [INFO]      consumiu MAIS que o habitual às 17h
2026-07-28 17:56:53 [INFO]      [2mReal:[0m 52.0 kWh   [2mHabitual:[0m 30.5 ± 3.5 kWh   [2mz:[0m +6.08   [2mdesvio:[0m +70%   [2m(2 obs. dia_util)[0m
2026-07-28 17:56:53 [INFO] 
2026-07-28 17:56:53 [INFO]   🔴 [91m[1mPT0002000075637532JB[0m  [2m[Cluster 0][0m
2026-07-28 17:56:53 [INFO]      consumiu MAIS que o habitual às 07h
2026-07-28 17:56:53 [INFO]      [2mReal:[0m 8.0 kWh   [2mHabitual:[0m 5.0 ± 0.5 kWh   [2mz:[0m +6.00   [2mdesvio:[0m +60%   [2m(2 obs. dia_util)[0m
2026-07-28 17:56:53 [INFO] 
2026-07-28 17:56:53 [INFO]   🔴 [91m[1mPT0002000075637532JB[0m  [2m[Cluster 0][0m
2026-07-28 17:56:53 [INFO]      consumiu MAIS que o habitual às 18h
2026-07-28 17:56:53 [INFO]      [2mReal:[0m 8.0 kWh   [2mHabitual:[0m 5.0 ± 0.5 kWh   [2mz:[0m +6.00   [2mdesvio:[0m +60%   [2m(2 obs. dia_util)[0m
2026-07-28 17:56:53 [INFO] 
2026-07-28 17:56:53 [INFO]   🔴 [91m[1mPT0002000110090564GD[0m  [2m[Cluster 1][0m
2026-07-28 17:56:53 [INFO]      consumiu MAIS que o habitual às 15h
2026-07-28 17:56:53 [INFO]      [2mReal:[0m 8.0 kWh   [2mHabitual:[0m 5.0 ± 0.5 kWh   [2mz:[0m +6.00   [2mdesvio:[0m +60%   [2m(2 obs. dia_util)[0m
2026-07-28 17:56:53 [INFO] 
2026-07-28 17:56:53 [INFO]   🔴 [91m[1mPT0002000110090564GD[0m  [2m[Cluster 1][0m
2026-07-28 17:56:53 [INFO]      consumiu MAIS que o habitual às 16h
2026-07-28 17:56:53 [INFO]      [2mReal:[0m 8.0 kWh   [2mHabitual:[0m 5.0 ± 0.5 kWh   [2mz:[0m +6.00   [2mdesvio:[0m +60%   [2m(2 obs. dia_util)[0m
2026-07-28 17:56:53 [INFO] 
2026-07-28 17:56:53 [INFO]   🔴 [91m[1mPT0002000115700602GW[0m  [2m[Cluster 0][0m
2026-07-28 17:56:53 [INFO]      consumiu MAIS que o habitual às 07h
2026-07-28 17:56:53 [INFO]      [2mReal:[0m 12.0 kWh   [2mHabitual:[0m 7.5 ± 0.8 kWh   [2mz:[0m +6.00   [2mdesvio:[0m +60%   [2m(2 obs. dia_util)[0m
2026-07-28 17:56:53 [INFO] 
2026-07-28 17:56:53 [INFO]   🔴 [91m[1mPT0002000115700602GW[0m  [2m[Cluster 0][0m
2026-07-28 17:56:53 [INFO]      consumiu MAIS que o habitual às 16h
2026-07-28 17:56:53 [INFO]      [2mReal:[0m 12.0 kWh   [2mHabitual:[0m 7.5 ± 0.8 kWh   [2mz:[0m +6.00   [2mdesvio:[0m +60%   [2m(2 obs. dia_util)[0m
2026-07-28 17:56:53 [INFO] 
2026-07-28 17:56:53 [INFO]   🔴 [91m[1mPT0002000077394934QY[0m  [2m[Cluster 0][0m
2026-07-28 17:56:53 [INFO]      consumiu MAIS que o habitual às 19h
2026-07-28 17:56:53 [INFO]      [2mReal:[0m 87.0 kWh   [2mHabitual:[0m 54.5 ± 5.5 kWh   [2mz:[0m +5.96   [2mdesvio:[0m +60%   [2m(2 obs. dia_util)[0m
2026-07-28 17:56:53 [INFO] 
2026-07-28 17:56:53 [INFO]   🔴 [91m[1mPT0002000068858674WN[0m  [2m[Cluster 1 (atribuido)][0m
2026-07-28 17:56:53 [INFO]      consumiu MAIS que o habitual às 21h
2026-07-28 17:56:53 [INFO]      [2mReal:[0m 68.0 kWh   [2mHabitual:[0m 42.7 ± 4.3 kWh   [2mz:[0m +5.94   [2mdesvio:[0m +59%   [2m(3 obs. dia_util)[0m
2026-07-28 17:56:53 [INFO] 
2026-07-28 17:56:53 [INFO]   🔴 [91m[1mPT0002000116530964LH[0m  [2m[Cluster 0 (atribuido)][0m
2026-07-28 17:56:53 [INFO]      consumiu MAIS que o habitual às 20h
2026-07-28 17:56:53 [INFO]      [2mReal:[0m 119.0 kWh   [2mHabitual:[0m 75.0 ± 7.5 kWh   [2mz:[0m +5.87   [2mdesvio:[0m +59%   [2m(2 obs. dia_util)[0m
2026-07-28 17:56:53 [INFO] 
2026-07-28 17:56:53 [INFO]   🔴 [91m[1mPT0002000068859597LS[0m  [2m[Cluster 0][0m
2026-07-28 17:56:53 [INFO]      consumiu MAIS que o habitual às 12h
2026-07-28 17:56:53 [INFO]      [2mReal:[0m 69.0 kWh   [2mHabitual:[0m 43.5 ± 4.3 kWh   [2mz:[0m +5.86   [2mdesvio:[0m +59%   [2m(2 obs. dia_util)[0m
2026-07-28 17:56:53 [INFO] 
2026-07-28 17:56:53 [INFO]   🔴 [91m[1mPT0002000077394934QY[0m  [2m[Cluster 0][0m
2026-07-28 17:56:53 [INFO]      consumiu MAIS que o habitual às 11h
2026-07-28 17:56:53 [INFO]      [2mReal:[0m 156.0 kWh   [2mHabitual:[0m 85.5 ± 12.0 kWh   [2mz:[0m +5.86   [2mdesvio:[0m +82%   [2m(2 obs. dia_util)[0m
2026-07-28 17:56:53 [INFO] 
2026-07-28 17:56:53 [INFO]   🔴 [91m[1mPT0002000068859325FL[0m  [2m[Cluster 1][0m
2026-07-28 17:56:53 [INFO]      consumiu MAIS que o habitual às 22h
2026-07-28 17:56:53 [INFO]      [2mReal:[0m 76.0 kWh   [2mHabitual:[0m 48.0 ± 4.8 kWh   [2mz:[0m +5.83   [2mdesvio:[0m +58%   [2m(3 obs. dia_util)[0m
2026-07-28 17:56:53 [INFO] 
2026-07-28 17:56:53 [INFO]   🔴 [91m[1mPT0002000073231742VK[0m  [2m[Cluster 0][0m
2026-07-28 17:56:53 [INFO]      consumiu MAIS que o habitual às 18h
2026-07-28 17:56:53 [INFO]      [2mReal:[0m 19.0 kWh   [2mHabitual:[0m 12.0 ± 1.2 kWh   [2mz:[0m +5.83   [2mdesvio:[0m +58%   [2m(2 obs. dia_util)[0m
2026-07-28 17:56:53 [INFO] 
2026-07-28 17:56:53 [INFO]   🔴 [91m[1mPT0002000078441876HB[0m  [2m[Cluster 0][0m
2026-07-28 17:56:53 [INFO]      consumiu MAIS que o habitual às 16h
2026-07-28 17:56:53 [INFO]      [2mReal:[0m 1611.0 kWh   [2mHabitual:[0m 1017.5 ± 101.8 kWh   [2mz:[0m +5.83   [2mdesvio:[0m +58%   [2m(2 obs. dia_util)[0m
2026-07-28 17:56:53 [INFO] 
2026-07-28 17:56:53 [INFO]   🔴 [91m[1mPT0002000068857909SY[0m  [2m[Cluster 1][0m
2026-07-28 17:56:53 [INFO]      consumiu MAIS que o habitual às 23h
2026-07-28 17:56:53 [INFO]      [2mReal:[0m 10.0 kWh   [2mHabitual:[0m 6.3 ± 0.6 kWh   [2mz:[0m +5.79   [2mdesvio:[0m +58%   [2m(3 obs. dia_util)[0m
2026-07-28 17:56:53 [INFO] 
2026-07-28 17:56:53 [INFO]   🔴 [91m[1mPT0002000115673471CB[0m  [2m[Cluster 0][0m
2026-07-28 17:56:53 [INFO]      consumiu MAIS que o habitual às 02h
2026-07-28 17:56:53 [INFO]      [2mReal:[0m 15.0 kWh   [2mHabitual:[0m 9.5 ± 0.9 kWh   [2mz:[0m +5.79   [2mdesvio:[0m +58%   [2m(2 obs. dia_util)[0m
2026-07-28 17:56:53 [INFO] 
2026-07-28 17:56:53 [INFO]   🔴 [91m[1mPT0002000114685657JR[0m  [2m[Cluster 0][0m
2026-07-28 17:56:53 [INFO]      consumiu MAIS que o habitual às 12h
2026-07-28 17:56:53 [INFO]      [2mReal:[0m 247.0 kWh   [2mHabitual:[0m 156.5 ± 15.7 kWh   [2mz:[0m +5.78   [2mdesvio:[0m +58%   [2m(2 obs. dia_util)[0m
2026-07-28 17:56:53 [INFO] 
2026-07-28 17:56:53 [INFO]   🔴 [91m[1mPT0002000110814293YC[0m  [2m[Cluster 0 (atribuido)][0m
2026-07-28 17:56:53 [INFO]      consumiu MAIS que o habitual às 12h
2026-07-28 17:56:53 [INFO]      [2mReal:[0m 82.0 kWh   [2mHabitual:[0m 52.0 ± 5.2 kWh   [2mz:[0m +5.77   [2mdesvio:[0m +58%   [2m(2 obs. dia_util)[0m
2026-07-28 17:56:53 [INFO] 
2026-07-28 17:56:53 [INFO]   🔴 [91m[1mPT0002000068856267NC[0m  [2m[Cluster 0 (atribuido)][0m
2026-07-28 17:56:53 [INFO]      consumiu MAIS que o habitual às 16h
2026-07-28 17:56:53 [INFO]      [2mReal:[0m 26.0 kWh   [2mHabitual:[0m 16.5 ± 1.6 kWh   [2mz:[0m +5.76   [2mdesvio:[0m +58%   [2m(2 obs. dia_util)[0m
2026-07-28 17:56:53 [INFO] 
2026-07-28 17:56:53 [INFO]   🔴 [91m[1mPT0002000081997398TD[0m  [2m[Cluster 0][0m
2026-07-28 17:56:53 [INFO]      consumiu MAIS que o habitual às 09h
2026-07-28 17:56:53 [INFO]      [2mReal:[0m 305.0 kWh   [2mHabitual:[0m 193.5 ± 19.4 kWh   [2mz:[0m +5.76   [2mdesvio:[0m +58%   [2m(2 obs. dia_util)[0m
2026-07-28 17:56:53 [INFO] 
2026-07-28 17:56:53 [INFO]   🔴 [91m[1mPT0002000110814293YC[0m  [2m[Cluster 0 (atribuido)][0m
2026-07-28 17:56:53 [INFO]      consumiu MAIS que o habitual às 11h
2026-07-28 17:56:53 [INFO]      [2mReal:[0m 77.0 kWh   [2mHabitual:[0m 49.0 ± 4.9 kWh   [2mz:[0m +5.71   [2mdesvio:[0m +57%   [2m(2 obs. dia_util)[0m
2026-07-28 17:56:53 [INFO] 
2026-07-28 17:56:53 [INFO]   🔴 [91m[1mPT0002000068855003AK[0m  [2m[Cluster 0 (atribuido)][0m
2026-07-28 17:56:53 [INFO]      consumiu MAIS que o habitual às 09h
2026-07-28 17:56:53 [INFO]      [2mReal:[0m 24.0 kWh   [2mHabitual:[0m 8.0 ± 2.8 kWh   [2mz:[0m +5.66   [2mdesvio:[0m +200%   [2m(2 obs. dia_util)[0m
2026-07-28 17:56:53 [INFO] 
2026-07-28 17:56:53 [INFO]   🔴 [91m[1mPT0002000068858231YY[0m  [2m[Cluster 0 (atribuido)][0m
2026-07-28 17:56:53 [INFO]      consumiu MAIS que o habitual às 17h
2026-07-28 17:56:53 [INFO]      [2mReal:[0m 25.0 kWh   [2mHabitual:[0m 16.0 ± 1.6 kWh   [2mz:[0m +5.62   [2mdesvio:[0m +56%   [2m(2 obs. dia_util)[0m
2026-07-28 17:56:53 [INFO] 
2026-07-28 17:56:53 [INFO]   🔴 [91m[1mPT0002000073717386HC[0m  [2m[Cluster 1 (atribuido)][0m
2026-07-28 17:56:53 [INFO]      consumiu MAIS que o habitual às 16h
2026-07-28 17:56:53 [INFO]      [2mReal:[0m 38.0 kWh   [2mHabitual:[0m 24.5 ± 2.5 kWh   [2mz:[0m +5.51   [2mdesvio:[0m +55%   [2m(2 obs. dia_util)[0m
2026-07-28 17:56:53 [INFO] 
2026-07-28 17:56:53 [INFO]   🔴 [91m[1mPT0002000114685657JR[0m  [2m[Cluster 0][0m
2026-07-28 17:56:53 [INFO]      consumiu MAIS que o habitual às 09h
2026-07-28 17:56:53 [INFO]      [2mReal:[0m 244.0 kWh   [2mHabitual:[0m 157.5 ± 15.8 kWh   [2mz:[0m +5.49   [2mdesvio:[0m +55%   [2m(2 obs. dia_util)[0m
2026-07-28 17:56:53 [INFO] 
2026-07-28 17:56:53 [INFO]   🔴 [91m[1mPT0002000120237616VJ[0m  [2m[Cluster 0][0m
2026-07-28 17:56:53 [INFO]      consumiu MAIS que o habitual às 21h
2026-07-28 17:56:53 [INFO]      [2mReal:[0m 18.0 kWh   [2mHabitual:[0m 11.7 ± 1.2 kWh   [2mz:[0m +5.43   [2mdesvio:[0m +54%   [2m(3 obs. dia_util)[0m
2026-07-28 17:56:53 [INFO] 
2026-07-28 17:56:53 [INFO]   🔴 [91m[1mPT0002000120237616VJ[0m  [2m[Cluster 0][0m
2026-07-28 17:56:53 [INFO]      consumiu MAIS que o habitual às 22h
2026-07-28 17:56:53 [INFO]      [2mReal:[0m 18.0 kWh   [2mHabitual:[0m 11.7 ± 1.2 kWh   [2mz:[0m +5.43   [2mdesvio:[0m +54%   [2m(3 obs. dia_util)[0m
2026-07-28 17:56:53 [INFO] 
2026-07-28 17:56:53 [INFO]   🔴 [91m[1mPT0002000068856826ZG[0m  [2m[Cluster 0 (atribuido)][0m
2026-07-28 17:56:53 [INFO]      consumiu MAIS que o habitual às 22h
2026-07-28 17:56:53 [INFO]      [2mReal:[0m 156.0 kWh   [2mHabitual:[0m 101.7 ± 10.2 kWh   [2mz:[0m +5.34   [2mdesvio:[0m +53%   [2m(3 obs. dia_util)[0m
2026-07-28 17:56:53 [INFO] 
2026-07-28 17:56:53 [INFO]   🔴 [91m[1mPT0002000068856906VS[0m  [2m[Cluster 0][0m
2026-07-28 17:56:53 [INFO]      consumiu MAIS que o habitual às 15h
2026-07-28 17:56:53 [INFO]      [2mReal:[0m 36.0 kWh   [2mHabitual:[0m 23.5 ± 2.4 kWh   [2mz:[0m +5.32   [2mdesvio:[0m +53%   [2m(2 obs. dia_util)[0m
2026-07-28 17:56:53 [INFO] 
2026-07-28 17:56:53 [INFO]   🔴 [91m[1mPT0002000081997398TD[0m  [2m[Cluster 0][0m
2026-07-28 17:56:53 [INFO]      consumiu MAIS que o habitual às 10h
2026-07-28 17:56:53 [INFO]      [2mReal:[0m 211.0 kWh   [2mHabitual:[0m 138.0 ± 13.8 kWh   [2mz:[0m +5.29   [2mdesvio:[0m +53%   [2m(2 obs. dia_util)[0m
2026-07-28 17:56:53 [INFO] 
2026-07-28 17:56:53 [INFO]   🔴 [91m[1mPT0002000115673471CB[0m  [2m[Cluster 0][0m
2026-07-28 17:56:53 [INFO]      consumiu MAIS que o habitual às 04h
2026-07-28 17:56:53 [INFO]      [2mReal:[0m 16.0 kWh   [2mHabitual:[0m 10.5 ± 1.1 kWh   [2mz:[0m +5.24   [2mdesvio:[0m +52%   [2m(2 obs. dia_util)[0m
2026-07-28 17:56:53 [INFO] 
2026-07-28 17:56:53 [INFO]   🔴 [91m[1mPT0002000073720434JD[0m  [2m[Cluster 1 (atribuido)][0m
2026-07-28 17:56:53 [INFO]      consumiu MAIS que o habitual às 20h
2026-07-28 17:56:53 [INFO]      [2mReal:[0m 44.0 kWh   [2mHabitual:[0m 25.5 ± 3.5 kWh   [2mz:[0m +5.23   [2mdesvio:[0m +73%   [2m(2 obs. dia_util)[0m
2026-07-28 17:56:53 [INFO] 
2026-07-28 17:56:53 [INFO]   🔴 [91m[1mPT0002000110814293YC[0m  [2m[Cluster 0 (atribuido)][0m
2026-07-28 17:56:53 [INFO]      consumiu MAIS que o habitual às 20h
2026-07-28 17:56:53 [INFO]      [2mReal:[0m 67.0 kWh   [2mHabitual:[0m 44.0 ± 4.4 kWh   [2mz:[0m +5.23   [2mdesvio:[0m +52%   [2m(2 obs. dia_util)[0m
2026-07-28 17:56:53 [INFO] 
2026-07-28 17:56:53 [INFO]   🔴 [91m[1mPT0002000077348081AG[0m  [2m[Cluster 0 (atribuido)][0m
2026-07-28 17:56:53 [INFO]      consumiu MAIS que o habitual às 10h
2026-07-28 17:56:53 [INFO]      [2mReal:[0m 298.0 kWh   [2mHabitual:[0m 116.0 ± 35.4 kWh   [2mz:[0m +5.15   [2mdesvio:[0m +157%   [2m(2 obs. dia_util)[0m
2026-07-28 17:56:53 [INFO] 
2026-07-28 17:56:53 [INFO]   🔴 [91m[1mPT0002000078441876HB[0m  [2m[Cluster 0][0m
2026-07-28 17:56:53 [INFO]      consumiu MAIS que o habitual às 17h
2026-07-28 17:56:53 [INFO]      [2mReal:[0m 1610.0 kWh   [2mHabitual:[0m 1062.5 ± 106.2 kWh   [2mz:[0m +5.15   [2mdesvio:[0m +52%   [2m(2 obs. dia_util)[0m
2026-07-28 17:56:53 [INFO] 
2026-07-28 17:56:53 [INFO]   🔴 [91m[1mPT0002000115673389QK[0m  [2m[Cluster 0][0m
2026-07-28 17:56:53 [INFO]      consumiu MAIS que o habitual às 16h
2026-07-28 17:56:53 [INFO]      [2mReal:[0m 34.0 kWh   [2mHabitual:[0m 22.5 ± 2.2 kWh   [2mz:[0m +5.11   [2mdesvio:[0m +51%   [2m(2 obs. dia_util)[0m
2026-07-28 17:56:53 [INFO] 
2026-07-28 17:56:53 [INFO]   🔴 [91m[1mPT0002000101964938LF[0m  [2m[Cluster 0][0m
2026-07-28 17:56:53 [INFO]      consumiu MAIS que o habitual às 11h
2026-07-28 17:56:53 [INFO]      [2mReal:[0m 60.0 kWh   [2mHabitual:[0m 17.0 ± 8.5 kWh   [2mz:[0m +5.07   [2mdesvio:[0m +253%   [2m(2 obs. dia_util)[0m
2026-07-28 17:56:53 [INFO] 
2026-07-28 17:56:53 [INFO]   🔴 [91m[1mPT0002000114685657JR[0m  [2m[Cluster 0][0m
2026-07-28 17:56:53 [INFO]      consumiu MAIS que o habitual às 17h
2026-07-28 17:56:53 [INFO]      [2mReal:[0m 241.0 kWh   [2mHabitual:[0m 160.5 ± 16.1 kWh   [2mz:[0m +5.02   [2mdesvio:[0m +50%   [2m(2 obs. dia_util)[0m
2026-07-28 17:56:53 [INFO] 
2026-07-28 17:56:53 [INFO]   🔴 [91m[1mPT0002000068856906VS[0m  [2m[Cluster 0][0m
2026-07-28 17:56:53 [INFO]      consumiu MAIS que o habitual às 14h
2026-07-28 17:56:53 [INFO]      [2mReal:[0m 36.0 kWh   [2mHabitual:[0m 24.0 ± 2.4 kWh   [2mz:[0m +5.00   [2mdesvio:[0m +50%   [2m(2 obs. dia_util)[0m
2026-07-28 17:56:53 [INFO] 
2026-07-28 17:56:53 [INFO]   🔴 [91m[1mPT0002000068857909SY[0m  [2m[Cluster 1][0m
2026-07-28 17:56:53 [INFO]      consumiu MAIS que o habitual às 22h
2026-07-28 17:56:53 [INFO]      [2mReal:[0m 10.0 kWh   [2mHabitual:[0m 6.7 ± 0.7 kWh   [2mz:[0m +5.00   [2mdesvio:[0m +50%   [2m(3 obs. dia_util)[0m
2026-07-28 17:56:53 [INFO] 
2026-07-28 17:56:53 [INFO]   🔴 [91m[1mPT0002000068858231YY[0m  [2m[Cluster 0 (atribuido)][0m
2026-07-28 17:56:53 [INFO]      consumiu MAIS que o habitual às 07h
2026-07-28 17:56:53 [INFO]      [2mReal:[0m 24.0 kWh   [2mHabitual:[0m 16.0 ± 1.6 kWh   [2mz:[0m +5.00   [2mdesvio:[0m +50%   [2m(2 obs. dia_util)[0m
2026-07-28 17:56:53 [INFO] 
2026-07-28 17:56:53 [INFO]   🔴 [91m[1mPT0002000078140706BA[0m  [2m[Cluster 1 (atribuido)][0m
2026-07-28 17:56:53 [INFO]      consumiu MAIS que o habitual às 23h
2026-07-28 17:56:53 [INFO]      [2mReal:[0m 58.0 kWh   [2mHabitual:[0m 38.7 ± 3.9 kWh   [2mz:[0m +5.00   [2mdesvio:[0m +50%   [2m(3 obs. dia_util)[0m
2026-07-28 17:56:53 [INFO] 
2026-07-28 17:56:53 [INFO]   🔴 [91m[1mPT0002000110607652SB[0m  [2m[Cluster 0][0m
2026-07-28 17:56:53 [INFO]      consumiu MAIS que o habitual às 20h
2026-07-28 17:56:53 [INFO]      [2mReal:[0m 12.0 kWh   [2mHabitual:[0m 8.0 ± 0.8 kWh   [2mz:[0m +5.00   [2mdesvio:[0m +50%   [2m(2 obs. dia_util)[0m
2026-07-28 17:56:53 [INFO] 
2026-07-28 17:56:53 [INFO]   🔴 [91m[1mPT0002000115031201VQ[0m  [2m[Cluster 0][0m
2026-07-28 17:56:53 [INFO]      consumiu MAIS que o habitual às 07h
2026-07-28 17:56:53 [INFO]      [2mReal:[0m 6.0 kWh   [2mHabitual:[0m 4.0 ± 0.4 kWh   [2mz:[0m +5.00   [2mdesvio:[0m +50%   [2m(2 obs. dia_util)[0m
2026-07-28 17:56:53 [INFO] 
2026-07-28 17:56:53 [INFO]   🔴 [91m[1mPT0002000068856655YV[0m  [2m[Cluster 0][0m
2026-07-28 17:56:53 [INFO]      consumiu MAIS que o habitual às 19h
2026-07-28 17:56:53 [INFO]      [2mReal:[0m 5.0 kWh   [2mHabitual:[0m 1.5 ± 0.7 kWh   [2mz:[0m +4.95   [2mdesvio:[0m +233%   [2m(2 obs. dia_util)[0m
2026-07-28 17:56:53 [INFO] 
2026-07-28 17:56:53 [INFO]   🔴 [91m[1mPT0002000068856872QG[0m  [2m[Cluster 1][0m
2026-07-28 17:56:53 [INFO]      consumiu MAIS que o habitual às 11h
2026-07-28 17:56:53 [INFO]      [2mReal:[0m 4.0 kWh   [2mHabitual:[0m 0.5 ± 0.7 kWh   [2mz:[0m +4.95   [2mdesvio:[0m +700%   [2m(2 obs. dia_util)[0m
2026-07-28 17:56:53 [INFO] 
2026-07-28 17:56:53 [INFO]   🔴 [91m[1mPT0002000068857909SY[0m  [2m[Cluster 1][0m
2026-07-28 17:56:53 [INFO]      consumiu MAIS que o habitual às 17h
2026-07-28 17:56:53 [INFO]      [2mReal:[0m 10.0 kWh   [2mHabitual:[0m 6.5 ± 0.7 kWh   [2mz:[0m +4.95   [2mdesvio:[0m +54%   [2m(2 obs. dia_util)[0m
2026-07-28 17:56:53 [INFO] 
2026-07-28 17:56:53 [INFO]   🔴 [91m[1mPT0002000068857909SY[0m  [2m[Cluster 1][0m
2026-07-28 17:56:53 [INFO]      consumiu MAIS que o habitual às 18h
2026-07-28 17:56:53 [INFO]      [2mReal:[0m 10.0 kWh   [2mHabitual:[0m 6.5 ± 0.7 kWh   [2mz:[0m +4.95   [2mdesvio:[0m +54%   [2m(2 obs. dia_util)[0m
2026-07-28 17:56:53 [INFO] 
2026-07-28 17:56:53 [INFO]   🔴 [91m[1mPT0002000068859393XH[0m  [2m[Cluster 1][0m
2026-07-28 17:56:53 [INFO]      consumiu MAIS que o habitual às 08h
2026-07-28 17:56:53 [INFO]      [2mReal:[0m 114.0 kWh   [2mHabitual:[0m 61.5 ± 10.6 kWh   [2mz:[0m +4.95   [2mdesvio:[0m +85%   [2m(2 obs. dia_util)[0m
2026-07-28 17:56:53 [INFO] 
2026-07-28 17:56:53 [INFO]   🔴 [91m[1mPT0002000077348081AG[0m  [2m[Cluster 0 (atribuido)][0m
2026-07-28 17:56:53 [INFO]      consumiu MAIS que o habitual às 11h
2026-07-28 17:56:53 [INFO]      [2mReal:[0m 302.0 kWh   [2mHabitual:[0m 116.5 ± 37.5 kWh   [2mz:[0m +4.95   [2mdesvio:[0m +159%   [2m(2 obs. dia_util)[0m
2026-07-28 17:56:53 [INFO] 
2026-07-28 17:56:53 [INFO]   🔴 [91m[1mPT0002000077394934QY[0m  [2m[Cluster 0][0m
2026-07-28 17:56:53 [INFO]      consumiu MAIS que o habitual às 17h
2026-07-28 17:56:53 [INFO]      [2mReal:[0m 128.0 kWh   [2mHabitual:[0m 61.5 ± 13.4 kWh   [2mz:[0m +4.95   [2mdesvio:[0m +108%   [2m(2 obs. dia_util)[0m
2026-07-28 17:56:53 [INFO] 
2026-07-28 17:56:53 [INFO]   🔴 [91m[1mPT0002000110090564GD[0m  [2m[Cluster 1][0m
2026-07-28 17:56:53 [INFO]      consumiu MAIS que o habitual às 14h
2026-07-28 17:56:53 [INFO]      [2mReal:[0m 8.0 kWh   [2mHabitual:[0m 4.5 ± 0.7 kWh   [2mz:[0m +4.95   [2mdesvio:[0m +78%   [2m(2 obs. dia_util)[0m
2026-07-28 17:56:53 [INFO] 
2026-07-28 17:56:53 [INFO]   🔴 [91m[1mPT0002000110814293YC[0m  [2m[Cluster 0 (atribuido)][0m
2026-07-28 17:56:53 [INFO]      consumiu MAIS que o habitual às 10h
2026-07-28 17:56:53 [INFO]      [2mReal:[0m 78.0 kWh   [2mHabitual:[0m 43.0 ± 7.1 kWh   [2mz:[0m +4.95   [2mdesvio:[0m +81%   [2m(2 obs. dia_util)[0m
2026-07-28 17:56:53 [INFO] 
2026-07-28 17:56:53 [INFO]   🔴 [91m[1mPT0002000111572054VT[0m  [2m[Cluster 0 (atribuido)][0m
2026-07-28 17:56:53 [INFO]      consumiu MAIS que o habitual às 08h
2026-07-28 17:56:53 [INFO]      [2mReal:[0m 17.0 kWh   [2mHabitual:[0m 3.0 ± 2.8 kWh   [2mz:[0m +4.95   [2mdesvio:[0m +467%   [2m(2 obs. dia_util)[0m
2026-07-28 17:56:53 [INFO] 
2026-07-28 17:56:53 [INFO]   🔴 [91m[1mPT0002000115031201VQ[0m  [2m[Cluster 0][0m
2026-07-28 17:56:53 [INFO]      consumiu MAIS que o habitual às 20h
2026-07-28 17:56:53 [INFO]      [2mReal:[0m 10.0 kWh   [2mHabitual:[0m 6.5 ± 0.7 kWh   [2mz:[0m +4.95   [2mdesvio:[0m +54%   [2m(2 obs. dia_util)[0m
2026-07-28 17:56:53 [INFO] 
2026-07-28 17:56:53 [INFO]   🔴 [91m[1mPT0002000125379984SH[0m  [2m[Cluster 1][0m
2026-07-28 17:56:53 [INFO]      consumiu MAIS que o habitual às 08h
2026-07-28 17:56:53 [INFO]      [2mReal:[0m 9.0 kWh   [2mHabitual:[0m 5.5 ± 0.7 kWh   [2mz:[0m +4.95   [2mdesvio:[0m +64%   [2m(2 obs. dia_util)[0m
2026-07-28 17:56:53 [INFO] 
2026-07-28 17:56:53 [INFO]   🔴 [91m[1mPT0002000201038711LS[0m  [2m[Cluster 1 (atribuido)][0m
2026-07-28 17:56:53 [INFO]      consumiu MAIS que o habitual às 06h
2026-07-28 17:56:53 [INFO]      [2mReal:[0m 4.0 kWh   [2mHabitual:[0m 0.5 ± 0.7 kWh   [2mz:[0m +4.95   [2mdesvio:[0m +700%   [2m(2 obs. dia_util)[0m
2026-07-28 17:56:53 [INFO] 
2026-07-28 17:56:53 [INFO]   🔴 [91m[1mPT0002000078441876HB[0m  [2m[Cluster 0][0m
2026-07-28 17:56:53 [INFO]      consumiu MAIS que o habitual às 18h
2026-07-28 17:56:53 [INFO]      [2mReal:[0m 1690.0 kWh   [2mHabitual:[0m 1131.0 ± 113.1 kWh   [2mz:[0m +4.94   [2mdesvio:[0m +49%   [2m(2 obs. dia_util)[0m
2026-07-28 17:56:53 [INFO] 
2026-07-28 17:56:53 [INFO]   🔴 [91m[1mPT0002000081997398TD[0m  [2m[Cluster 0][0m
2026-07-28 17:56:53 [INFO]      consumiu MAIS que o habitual às 15h
2026-07-28 17:56:53 [INFO]      [2mReal:[0m 183.0 kWh   [2mHabitual:[0m 122.5 ± 12.2 kWh   [2mz:[0m +4.94   [2mdesvio:[0m +49%   [2m(2 obs. dia_util)[0m
2026-07-28 17:56:53 [INFO] 
2026-07-28 17:56:53 [INFO]   🔴 [91m[1mPT0002000082549706RH[0m  [2m[Cluster 0][0m
2026-07-28 17:56:53 [INFO]      consumiu MAIS que o habitual às 11h
2026-07-28 17:56:53 [INFO]      [2mReal:[0m 126.0 kWh   [2mHabitual:[0m 84.5 ± 8.4 kWh   [2mz:[0m +4.91   [2mdesvio:[0m +49%   [2m(2 obs. dia_util)[0m
2026-07-28 17:56:53 [INFO] 
2026-07-28 17:56:53 [INFO]   🔴 [91m[1mPT0002000110814293YC[0m  [2m[Cluster 0 (atribuido)][0m
2026-07-28 17:56:53 [INFO]      consumiu MAIS que o habitual às 16h
2026-07-28 17:56:53 [INFO]      [2mReal:[0m 82.0 kWh   [2mHabitual:[0m 55.0 ± 5.5 kWh   [2mz:[0m +4.91   [2mdesvio:[0m +49%   [2m(2 obs. dia_util)[0m
2026-07-28 17:56:53 [INFO] 
2026-07-28 17:56:53 [INFO]   🔴 [91m[1mPT0002000116530964LH[0m  [2m[Cluster 0 (atribuido)][0m
2026-07-28 17:56:53 [INFO]      consumiu MAIS que o habitual às 21h
2026-07-28 17:56:53 [INFO]      [2mReal:[0m 115.0 kWh   [2mHabitual:[0m 67.3 ± 9.8 kWh   [2mz:[0m +4.86   [2mdesvio:[0m +71%   [2m(3 obs. dia_util)[0m
2026-07-28 17:56:53 [INFO] 
2026-07-28 17:56:53 [INFO]   🔴 [91m[1mPT0002000101964938LF[0m  [2m[Cluster 0][0m
2026-07-28 17:56:53 [INFO]      consumiu MAIS que o habitual às 10h
2026-07-28 17:56:53 [INFO]      [2mReal:[0m 57.0 kWh   [2mHabitual:[0m 16.0 ± 8.5 kWh   [2mz:[0m +4.83   [2mdesvio:[0m +256%   [2m(2 obs. dia_util)[0m
2026-07-28 17:56:53 [INFO] 
2026-07-28 17:56:53 [INFO]   🔴 [91m[1mPT0002000116530964LH[0m  [2m[Cluster 0 (atribuido)][0m
2026-07-28 17:56:53 [INFO]      consumiu MAIS que o habitual às 08h
2026-07-28 17:56:53 [INFO]      [2mReal:[0m 117.0 kWh   [2mHabitual:[0m 79.0 ± 7.9 kWh   [2mz:[0m +4.81   [2mdesvio:[0m +48%   [2m(2 obs. dia_util)[0m
2026-07-28 17:56:53 [INFO] 
2026-07-28 17:56:53 [INFO]   🔵 [94m[1mPT0002000107172384HT[0m  [2m[Cluster 1][0m
2026-07-28 17:56:53 [INFO]      consumiu MENOS que o habitual às 19h
2026-07-28 17:56:53 [INFO]      [2mReal:[0m 21.0 kWh   [2mHabitual:[0m 51.5 ± 6.4 kWh   [2mz:[0m -4.79   [2mdesvio:[0m -59%   [2m(2 obs. dia_util)[0m
2026-07-28 17:56:53 [INFO] 
2026-07-28 17:56:53 [INFO]   🔴 [91m[1mPT0002000068859597LS[0m  [2m[Cluster 0][0m
2026-07-28 17:56:53 [INFO]      consumiu MAIS que o habitual às 13h
2026-07-28 17:56:53 [INFO]      [2mReal:[0m 65.0 kWh   [2mHabitual:[0m 44.0 ± 4.4 kWh   [2mz:[0m +4.77   [2mdesvio:[0m +48%   [2m(2 obs. dia_util)[0m
2026-07-28 17:56:53 [INFO] 
2026-07-28 17:56:53 [INFO]   🔴 [91m[1mPT0002000068859325FL[0m  [2m[Cluster 1][0m
2026-07-28 17:56:53 [INFO]      consumiu MAIS que o habitual às 09h
2026-07-28 17:56:53 [INFO]      [2mReal:[0m 112.0 kWh   [2mHabitual:[0m 76.0 ± 7.6 kWh   [2mz:[0m +4.74   [2mdesvio:[0m +47%   [2m(2 obs. dia_util)[0m
2026-07-28 17:56:53 [INFO] 
2026-07-28 17:56:53 [INFO]   🔴 [91m[1mPT0002000077394934QY[0m  [2m[Cluster 0][0m
2026-07-28 17:56:53 [INFO]      consumiu MAIS que o habitual às 18h
2026-07-28 17:56:53 [INFO]      [2mReal:[0m 94.0 kWh   [2mHabitual:[0m 54.0 ± 8.5 kWh   [2mz:[0m +4.71   [2mdesvio:[0m +74%   [2m(2 obs. dia_util)[0m
2026-07-28 17:56:53 [INFO] 
2026-07-28 17:56:53 [INFO]   🔴 [91m[1mPT0002000115700602GW[0m  [2m[Cluster 0][0m
2026-07-28 17:56:53 [INFO]      consumiu MAIS que o habitual às 17h
2026-07-28 17:56:53 [INFO]      [2mReal:[0m 11.0 kWh   [2mHabitual:[0m 7.5 ± 0.8 kWh   [2mz:[0m +4.67   [2mdesvio:[0m +47%   [2m(2 obs. dia_util)[0m
2026-07-28 17:56:53 [INFO] 
2026-07-28 17:56:53 [INFO]   🔴 [91m[1mPT0002000078140706BA[0m  [2m[Cluster 1 (atribuido)][0m
2026-07-28 17:56:53 [INFO]      consumiu MAIS que o habitual às 22h
2026-07-28 17:56:53 [INFO]      [2mReal:[0m 63.0 kWh   [2mHabitual:[0m 42.0 ± 4.6 kWh   [2mz:[0m +4.58   [2mdesvio:[0m +50%   [2m(3 obs. dia_util)[0m
2026-07-28 17:56:53 [INFO] 
2026-07-28 17:56:53 [INFO]   🔴 [91m[1mPT0002000114613364CC[0m  [2m[Cluster 0 (atribuido)][0m
2026-07-28 17:56:53 [INFO]      consumiu MAIS que o habitual às 07h
2026-07-28 17:56:53 [INFO]      [2mReal:[0m 173.0 kWh   [2mHabitual:[0m 119.0 ± 11.9 kWh   [2mz:[0m +4.54   [2mdesvio:[0m +45%   [2m(2 obs. dia_util)[0m
2026-07-28 17:56:53 [INFO] 
2026-07-28 17:56:53 [INFO]   🔴 [91m[1mPT0002000082549706RH[0m  [2m[Cluster 0][0m
2026-07-28 17:56:53 [INFO]      consumiu MAIS que o habitual às 10h
2026-07-28 17:56:53 [INFO]      [2mReal:[0m 117.0 kWh   [2mHabitual:[0m 80.5 ± 8.1 kWh   [2mz:[0m +4.53   [2mdesvio:[0m +45%   [2m(2 obs. dia_util)[0m
2026-07-28 17:56:53 [INFO] 
2026-07-28 17:56:53 [INFO]   🔵 [94m[1mPT0002000107172384HT[0m  [2m[Cluster 1][0m
2026-07-28 17:56:53 [INFO]      consumiu MENOS que o habitual às 15h
2026-07-28 17:56:53 [INFO]      [2mReal:[0m 26.0 kWh   [2mHabitual:[0m 47.5 ± 4.8 kWh   [2mz:[0m -4.53   [2mdesvio:[0m -45%   [2m(2 obs. dia_util)[0m
2026-07-28 17:56:53 [INFO] 
2026-07-28 17:56:53 [INFO]   🔴 [91m[1mPT0002000077394934QY[0m  [2m[Cluster 0][0m
2026-07-28 17:56:53 [INFO]      consumiu MAIS que o habitual às 08h
2026-07-28 17:56:53 [INFO]      [2mReal:[0m 81.0 kWh   [2mHabitual:[0m 56.0 ± 5.6 kWh   [2mz:[0m +4.46   [2mdesvio:[0m +45%   [2m(2 obs. dia_util)[0m
2026-07-28 17:56:53 [INFO] 
2026-07-28 17:56:53 [INFO]   🔴 [91m[1mPT0002000110814293YC[0m  [2m[Cluster 0 (atribuido)][0m
2026-07-28 17:56:53 [INFO]      consumiu MAIS que o habitual às 18h
2026-07-28 17:56:53 [INFO]      [2mReal:[0m 78.0 kWh   [2mHabitual:[0m 54.0 ± 5.4 kWh   [2mz:[0m +4.44   [2mdesvio:[0m +44%   [2m(2 obs. dia_util)[0m
2026-07-28 17:56:53 [INFO] 
2026-07-28 17:56:53 [INFO]   🔴 [91m[1mPT0002000112989585PH[0m  [2m[Cluster 0][0m
2026-07-28 17:56:53 [INFO]      consumiu MAIS que o habitual às 18h
2026-07-28 17:56:53 [INFO]      [2mReal:[0m 127.0 kWh   [2mHabitual:[0m 88.0 ± 8.8 kWh   [2mz:[0m +4.43   [2mdesvio:[0m +44%   [2m(2 obs. dia_util)[0m
2026-07-28 17:56:53 [INFO] 
2026-07-28 17:56:53 [INFO]   🔴 [91m[1mPT0002000114613364CC[0m  [2m[Cluster 0 (atribuido)][0m
2026-07-28 17:56:53 [INFO]      consumiu MAIS que o habitual às 19h
2026-07-28 17:56:53 [INFO]      [2mReal:[0m 166.0 kWh   [2mHabitual:[0m 115.0 ± 11.5 kWh   [2mz:[0m +4.43   [2mdesvio:[0m +44%   [2m(2 obs. dia_util)[0m
2026-07-28 17:56:53 [INFO] 
2026-07-28 17:56:53 [INFO]   🔴 [91m[1mPT0002000073573036KH[0m  [2m[Cluster 0 (atribuido)][0m
2026-07-28 17:56:53 [INFO]      consumiu MAIS que o habitual às 19h
2026-07-28 17:56:53 [INFO]      [2mReal:[0m 216.0 kWh   [2mHabitual:[0m 116.0 ± 22.6 kWh   [2mz:[0m +4.42   [2mdesvio:[0m +86%   [2m(2 obs. dia_util)[0m
2026-07-28 17:56:53 [INFO] 
2026-07-28 17:56:53 [INFO]   🔴 [91m[1mPT0002000081997398TD[0m  [2m[Cluster 0][0m
2026-07-28 17:56:53 [INFO]      consumiu MAIS que o habitual às 08h
2026-07-28 17:56:53 [INFO]      [2mReal:[0m 168.0 kWh   [2mHabitual:[0m 116.5 ± 11.7 kWh   [2mz:[0m +4.42   [2mdesvio:[0m +44%   [2m(2 obs. dia_util)[0m
2026-07-28 17:56:53 [INFO] 
2026-07-28 17:56:53 [INFO]   🔴 [91m[1mPT0002000112989585PH[0m  [2m[Cluster 0][0m
2026-07-28 17:56:53 [INFO]      consumiu MAIS que o habitual às 13h
2026-07-28 17:56:53 [INFO]      [2mReal:[0m 29.0 kWh   [2mHabitual:[0m 4.0 ± 5.7 kWh   [2mz:[0m +4.42   [2mdesvio:[0m +625%   [2m(2 obs. dia_util)[0m
2026-07-28 17:56:53 [INFO] 
2026-07-28 17:56:53 [INFO]   🔴 [91m[1mPT0002000114685657JR[0m  [2m[Cluster 0][0m
2026-07-28 17:56:53 [INFO]      consumiu MAIS que o habitual às 08h
2026-07-28 17:56:53 [INFO]      [2mReal:[0m 225.0 kWh   [2mHabitual:[0m 156.0 ± 15.6 kWh   [2mz:[0m +4.42   [2mdesvio:[0m +44%   [2m(2 obs. dia_util)[0m
2026-07-28 17:56:53 [INFO] 
2026-07-28 17:56:53 [INFO]   🔴 [91m[1mPT0002000115673389QK[0m  [2m[Cluster 0][0m
2026-07-28 17:56:53 [INFO]      consumiu MAIS que o habitual às 17h
2026-07-28 17:56:53 [INFO]      [2mReal:[0m 31.0 kWh   [2mHabitual:[0m 21.5 ± 2.1 kWh   [2mz:[0m +4.42   [2mdesvio:[0m +44%   [2m(2 obs. dia_util)[0m
2026-07-28 17:56:53 [INFO] 
2026-07-28 17:56:53 [INFO]   🔴 [91m[1mPT0002000077394934QY[0m  [2m[Cluster 0][0m
2026-07-28 17:56:53 [INFO]      consumiu MAIS que o habitual às 16h
2026-07-28 17:56:53 [INFO]      [2mReal:[0m 133.0 kWh   [2mHabitual:[0m 65.0 ± 15.6 kWh   [2mz:[0m +4.37   [2mdesvio:[0m +105%   [2m(2 obs. dia_util)[0m
2026-07-28 17:56:53 [INFO] 
2026-07-28 17:56:53 [INFO]   🔴 [91m[1mPT0002000068859597LS[0m  [2m[Cluster 0][0m
2026-07-28 17:56:53 [INFO]      consumiu MAIS que o habitual às 15h
2026-07-28 17:56:53 [INFO]      [2mReal:[0m 63.0 kWh   [2mHabitual:[0m 41.5 ± 5.0 kWh   [2mz:[0m +4.34   [2mdesvio:[0m +52%   [2m(2 obs. dia_util)[0m
2026-07-28 17:56:53 [INFO] 
2026-07-28 17:56:53 [INFO]   🔴 [91m[1mPT0002000068857909SY[0m  [2m[Cluster 1][0m
2026-07-28 17:56:53 [INFO]      consumiu MAIS que o habitual às 19h
2026-07-28 17:56:53 [INFO]      [2mReal:[0m 10.0 kWh   [2mHabitual:[0m 7.0 ± 0.7 kWh   [2mz:[0m +4.29   [2mdesvio:[0m +43%   [2m(2 obs. dia_util)[0m
2026-07-28 17:56:53 [INFO] 
2026-07-28 17:56:53 [INFO]   🔴 [91m[1mPT0002000077348081AG[0m  [2m[Cluster 0 (atribuido)][0m
2026-07-28 17:56:53 [INFO]      consumiu MAIS que o habitual às 18h
2026-07-28 17:56:53 [INFO]      [2mReal:[0m 350.0 kWh   [2mHabitual:[0m 245.0 ± 24.5 kWh   [2mz:[0m +4.29   [2mdesvio:[0m +43%   [2m(2 obs. dia_util)[0m
2026-07-28 17:56:53 [INFO] 
2026-07-28 17:56:53 [INFO]   🔴 [91m[1mPT0002000068859382XF[0m  [2m[Cluster 0][0m
2026-07-28 17:56:53 [INFO]      consumiu MAIS que o habitual às 08h
2026-07-28 17:56:53 [INFO]      [2mReal:[0m 52.0 kWh   [2mHabitual:[0m 36.5 ± 3.6 kWh   [2mz:[0m +4.25   [2mdesvio:[0m +42%   [2m(2 obs. dia_util)[0m
2026-07-28 17:56:53 [INFO] 
2026-07-28 17:56:53 [INFO]   🔴 [91m[1mPT0002000078441876HB[0m  [2m[Cluster 0][0m
2026-07-28 17:56:53 [INFO]      consumiu MAIS que o habitual às 21h
2026-07-28 17:56:53 [INFO]      [2mReal:[0m 1013.0 kWh   [2mHabitual:[0m 714.0 ± 71.4 kWh   [2mz:[0m +4.19   [2mdesvio:[0m +42%   [2m(3 obs. dia_util)[0m
2026-07-28 17:56:53 [INFO] 
2026-07-28 17:56:53 [INFO]   🔴 [91m[1mPT0002000106102375RC[0m  [2m[Cluster 0 (atribuido)][0m
2026-07-28 17:56:53 [INFO]      consumiu MAIS que o habitual às 13h
2026-07-28 17:56:53 [INFO]      [2mReal:[0m 56.0 kWh   [2mHabitual:[0m 39.5 ± 4.0 kWh   [2mz:[0m +4.18   [2mdesvio:[0m +42%   [2m(2 obs. dia_util)[0m
2026-07-28 17:56:53 [INFO] 
2026-07-28 17:56:53 [INFO]   🔴 [91m[1mPT0002000073573036KH[0m  [2m[Cluster 0 (atribuido)][0m
2026-07-28 17:56:53 [INFO]      consumiu MAIS que o habitual às 20h
2026-07-28 17:56:53 [INFO]      [2mReal:[0m 149.0 kWh   [2mHabitual:[0m 105.5 ± 10.6 kWh   [2mz:[0m +4.12   [2mdesvio:[0m +41%   [2m(2 obs. dia_util)[0m
2026-07-28 17:56:53 [INFO] 
2026-07-28 17:56:53 [INFO]   🔴 [91m[1mPT0002000078441876HB[0m  [2m[Cluster 0][0m
2026-07-28 17:56:53 [INFO]      consumiu MAIS que o habitual às 09h
2026-07-28 17:56:53 [INFO]      [2mReal:[0m 1441.0 kWh   [2mHabitual:[0m 1021.0 ± 102.1 kWh   [2mz:[0m +4.11   [2mdesvio:[0m +41%   [2m(2 obs. dia_util)[0m
2026-07-28 17:56:53 [INFO] 
2026-07-28 17:56:53 [INFO]   🔴 [91m[1mPT0002000102936404ME[0m  [2m[Cluster 1][0m
2026-07-28 17:56:53 [INFO]      consumiu MAIS que o habitual às 01h
2026-07-28 17:56:53 [INFO]      [2mReal:[0m 19.0 kWh   [2mHabitual:[0m 13.5 ± 1.4 kWh   [2mz:[0m +4.07   [2mdesvio:[0m +41%   [2m(2 obs. dia_util)[0m
2026-07-28 17:56:53 [INFO] 
2026-07-28 17:56:53 [INFO]   🔴 [91m[1mPT0002000068857909SY[0m  [2m[Cluster 1][0m
2026-07-28 17:56:53 [INFO]      consumiu MAIS que o habitual às 21h
2026-07-28 17:56:53 [INFO]      [2mReal:[0m 10.0 kWh   [2mHabitual:[0m 6.0 ± 1.0 kWh   [2mz:[0m +4.00   [2mdesvio:[0m +67%   [2m(3 obs. dia_util)[0m
2026-07-28 17:56:53 [INFO] 
2026-07-28 17:56:53 [INFO]   🔵 [94m[1mPT0002000081344542CP[0m  [2m[Cluster 1][0m
2026-07-28 17:56:53 [INFO]      consumiu MENOS que o habitual às 22h
2026-07-28 17:56:53 [INFO]      [2mReal:[0m 1.0 kWh   [2mHabitual:[0m 5.0 ± 1.0 kWh   [2mz:[0m -4.00   [2mdesvio:[0m -80%   [2m(3 obs. dia_util)[0m
2026-07-28 17:56:53 [INFO] 
2026-07-28 17:56:53 [INFO]   🔴 [91m[1mPT0002000082549706RH[0m  [2m[Cluster 0][0m
2026-07-28 17:56:53 [INFO]      consumiu MAIS que o habitual às 12h
2026-07-28 17:56:53 [INFO]      [2mReal:[0m 119.0 kWh   [2mHabitual:[0m 85.0 ± 8.5 kWh   [2mz:[0m +4.00   [2mdesvio:[0m +40%   [2m(2 obs. dia_util)[0m
2026-07-28 17:56:53 [INFO] 
2026-07-28 17:56:53 [INFO]   🔴 [91m[1mPT0002000078441876HB[0m  [2m[Cluster 0][0m
2026-07-28 17:56:53 [INFO]      consumiu MAIS que o habitual às 13h
2026-07-28 17:56:53 [INFO]      [2mReal:[0m 1483.0 kWh   [2mHabitual:[0m 1061.5 ± 106.2 kWh   [2mz:[0m +3.97   [2mdesvio:[0m +40%   [2m(2 obs. dia_util)[0m
2026-07-28 17:56:53 [INFO] 
2026-07-28 17:56:53 [INFO]   🔴 [91m[1mPT0002000081997398TD[0m  [2m[Cluster 0][0m
2026-07-28 17:56:53 [INFO]      consumiu MAIS que o habitual às 17h
2026-07-28 17:56:53 [INFO]      [2mReal:[0m 270.0 kWh   [2mHabitual:[0m 193.5 ± 19.4 kWh   [2mz:[0m +3.95   [2mdesvio:[0m +40%   [2m(2 obs. dia_util)[0m
2026-07-28 17:56:53 [INFO] 
2026-07-28 17:56:53 [INFO]   🔴 [91m[1mPT0002000068855003AK[0m  [2m[Cluster 0 (atribuido)][0m
2026-07-28 17:56:53 [INFO]      consumiu MAIS que o habitual às 20h
2026-07-28 17:56:53 [INFO]      [2mReal:[0m 30.0 kWh   [2mHabitual:[0m 10.5 ± 5.0 kWh   [2mz:[0m +3.94   [2mdesvio:[0m +186%   [2m(2 obs. dia_util)[0m
2026-07-28 17:56:53 [INFO] 
2026-07-28 17:56:53 [INFO]   🔴 [91m[1mPT0002000081344542CP[0m  [2m[Cluster 1][0m
2026-07-28 17:56:53 [INFO]      consumiu MAIS que o habitual às 12h
2026-07-28 17:56:53 [INFO]      [2mReal:[0m 14.0 kWh   [2mHabitual:[0m 3.0 ± 2.8 kWh   [2mz:[0m +3.89   [2mdesvio:[0m +367%   [2m(2 obs. dia_util)[0m
2026-07-28 17:56:53 [INFO] 
2026-07-28 17:56:53 [INFO]   🔴 [91m[1mPT0002000110814293YC[0m  [2m[Cluster 0 (atribuido)][0m
2026-07-28 17:56:53 [INFO]      consumiu MAIS que o habitual às 17h
2026-07-28 17:56:53 [INFO]      [2mReal:[0m 82.0 kWh   [2mHabitual:[0m 57.5 ± 6.4 kWh   [2mz:[0m +3.85   [2mdesvio:[0m +43%   [2m(2 obs. dia_util)[0m
2026-07-28 17:56:53 [INFO] 
2026-07-28 17:56:53 [INFO]   🔴 [91m[1mPT0002000079469719HF[0m  [2m[Cluster 1 (atribuido)][0m
2026-07-28 17:56:53 [INFO]      consumiu MAIS que o habitual às 21h
2026-07-28 17:56:53 [INFO]      [2mReal:[0m 155.0 kWh   [2mHabitual:[0m 112.0 ± 11.2 kWh   [2mz:[0m +3.84   [2mdesvio:[0m +38%   [2m(3 obs. dia_util)[0m
2026-07-28 17:56:53 [INFO] 
2026-07-28 17:56:53 [INFO]   🔵 [94m[1mPT0002000107172384HT[0m  [2m[Cluster 1][0m
2026-07-28 17:56:53 [INFO]      consumiu MENOS que o habitual às 14h
2026-07-28 17:56:53 [INFO]      [2mReal:[0m 25.0 kWh   [2mHabitual:[0m 40.5 ± 4.0 kWh   [2mz:[0m -3.83   [2mdesvio:[0m -38%   [2m(2 obs. dia_util)[0m
2026-07-28 17:56:53 [INFO] 
2026-07-28 17:56:53 [INFO]   🔴 [91m[1mPT0002000068859597LS[0m  [2m[Cluster 0][0m
2026-07-28 17:56:53 [INFO]      consumiu MAIS que o habitual às 11h
2026-07-28 17:56:53 [INFO]      [2mReal:[0m 73.0 kWh   [2mHabitual:[0m 46.0 ± 7.1 kWh   [2mz:[0m +3.82   [2mdesvio:[0m +59%   [2m(2 obs. dia_util)[0m
2026-07-28 17:56:53 [INFO] 
2026-07-28 17:56:53 [INFO]   🔴 [91m[1mPT0002000077348081AG[0m  [2m[Cluster 0 (atribuido)][0m
2026-07-28 17:56:53 [INFO]      consumiu MAIS que o habitual às 17h
2026-07-28 17:56:53 [INFO]      [2mReal:[0m 338.0 kWh   [2mHabitual:[0m 244.5 ± 24.4 kWh   [2mz:[0m +3.82   [2mdesvio:[0m +38%   [2m(2 obs. dia_util)[0m
2026-07-28 17:56:53 [INFO] 
2026-07-28 17:56:53 [INFO]   🔴 [91m[1mPT0002000073231742VK[0m  [2m[Cluster 0][0m
2026-07-28 17:56:53 [INFO]      consumiu MAIS que o habitual às 21h
2026-07-28 17:56:53 [INFO]      [2mReal:[0m 17.0 kWh   [2mHabitual:[0m 12.3 ± 1.2 kWh   [2mz:[0m +3.78   [2mdesvio:[0m +38%   [2m(3 obs. dia_util)[0m
2026-07-28 17:56:53 [INFO] 
2026-07-28 17:56:53 [INFO]   🔵 [94m[1mPT0002000106102375RC[0m  [2m[Cluster 0 (atribuido)][0m
2026-07-28 17:56:53 [INFO]      consumiu MENOS que o habitual às 22h
2026-07-28 17:56:53 [INFO]      [2mReal:[0m 23.0 kWh   [2mHabitual:[0m 37.0 ± 3.7 kWh   [2mz:[0m -3.78   [2mdesvio:[0m -38%   [2m(3 obs. dia_util)[0m
2026-07-28 17:56:53 [INFO] 
2026-07-28 17:56:53 [INFO]   🔵 [94m[1mPT0002000106102375RC[0m  [2m[Cluster 0 (atribuido)][0m
2026-07-28 17:56:53 [INFO]      consumiu MENOS que o habitual às 23h
2026-07-28 17:56:53 [INFO]      [2mReal:[0m 23.0 kWh   [2mHabitual:[0m 37.0 ± 3.7 kWh   [2mz:[0m -3.78   [2mdesvio:[0m -38%   [2m(3 obs. dia_util)[0m
2026-07-28 17:56:53 [INFO] 
2026-07-28 17:56:53 [INFO]   🔴 [91m[1mPT0002000068858674WN[0m  [2m[Cluster 1 (atribuido)][0m
2026-07-28 17:56:53 [INFO]      consumiu MAIS que o habitual às 23h
2026-07-28 17:56:53 [INFO]      [2mReal:[0m 68.0 kWh   [2mHabitual:[0m 45.3 ± 6.1 kWh   [2mz:[0m +3.71   [2mdesvio:[0m +50%   [2m(3 obs. dia_util)[0m
2026-07-28 17:56:53 [INFO] 
2026-07-28 17:56:53 [INFO]   🔴 [91m[1mPT0002000111572054VT[0m  [2m[Cluster 0 (atribuido)][0m
2026-07-28 17:56:53 [INFO]      consumiu MAIS que o habitual às 21h
2026-07-28 17:56:53 [INFO]      [2mReal:[0m 19.0 kWh   [2mHabitual:[0m 13.3 ± 1.5 kWh   [2mz:[0m +3.71   [2mdesvio:[0m +43%   [2m(3 obs. dia_util)[0m
2026-07-28 17:56:53 [INFO] 
2026-07-28 17:56:53 [INFO]   🔴 [91m[1mPT0002000114685657JR[0m  [2m[Cluster 0][0m
2026-07-28 17:56:53 [INFO]      consumiu MAIS que o habitual às 18h
2026-07-28 17:56:53 [INFO]      [2mReal:[0m 222.0 kWh   [2mHabitual:[0m 162.0 ± 16.2 kWh   [2mz:[0m +3.70   [2mdesvio:[0m +37%   [2m(2 obs. dia_util)[0m
2026-07-28 17:56:53 [INFO] 
2026-07-28 17:56:53 [INFO]   🔴 [91m[1mPT0002000077394934QY[0m  [2m[Cluster 0][0m
2026-07-28 17:56:53 [INFO]      consumiu MAIS que o habitual às 20h
2026-07-28 17:56:53 [INFO]      [2mReal:[0m 76.0 kWh   [2mHabitual:[0m 55.5 ± 5.5 kWh   [2mz:[0m +3.69   [2mdesvio:[0m +37%   [2m(2 obs. dia_util)[0m
2026-07-28 17:56:53 [INFO] 
2026-07-28 17:56:53 [INFO]   🔴 [91m[1mPT0002000106102375RC[0m  [2m[Cluster 0 (atribuido)][0m
2026-07-28 17:56:53 [INFO]      consumiu MAIS que o habitual às 14h
2026-07-28 17:56:53 [INFO]      [2mReal:[0m 52.0 kWh   [2mHabitual:[0m 38.0 ± 3.8 kWh   [2mz:[0m +3.68   [2mdesvio:[0m +37%   [2m(2 obs. dia_util)[0m
2026-07-28 17:56:53 [INFO] 
2026-07-28 17:56:53 [INFO]   🔴 [91m[1mPT0002000115673471CB[0m  [2m[Cluster 0][0m
2026-07-28 17:56:53 [INFO]      consumiu MAIS que o habitual às 15h
2026-07-28 17:56:53 [INFO]      [2mReal:[0m 13.0 kWh   [2mHabitual:[0m 9.5 ± 0.9 kWh   [2mz:[0m +3.68   [2mdesvio:[0m +37%   [2m(2 obs. dia_util)[0m
2026-07-28 17:56:53 [INFO] 
2026-07-28 17:56:53 [INFO]   🔵 [94m[1mPT0002000077348081AG[0m  [2m[Cluster 0 (atribuido)][0m
2026-07-28 17:56:53 [INFO]      consumiu MENOS que o habitual às 21h
2026-07-28 17:56:53 [INFO]      [2mReal:[0m 69.0 kWh   [2mHabitual:[0m 109.0 ± 10.9 kWh   [2mz:[0m -3.67   [2mdesvio:[0m -37%   [2m(3 obs. dia_util)[0m
2026-07-28 17:56:53 [INFO] 
2026-07-28 17:56:53 [INFO]   🔵 [94m[1mPT0002000068859325FL[0m  [2m[Cluster 1][0m
2026-07-28 17:56:53 [INFO]      consumiu MENOS que o habitual às 07h
2026-07-28 17:56:53 [INFO]      [2mReal:[0m 52.0 kWh   [2mHabitual:[0m 82.0 ± 8.2 kWh   [2mz:[0m -3.66   [2mdesvio:[0m -37%   [2m(2 obs. dia_util)[0m
2026-07-28 17:56:53 [INFO] 
2026-07-28 17:56:53 [INFO]   🔴 [91m[1mPT0002000120237616VJ[0m  [2m[Cluster 0][0m
2026-07-28 17:56:53 [INFO]      consumiu MAIS que o habitual às 23h
2026-07-28 17:56:53 [INFO]      [2mReal:[0m 15.0 kWh   [2mHabitual:[0m 11.0 ± 1.1 kWh   [2mz:[0m +3.64   [2mdesvio:[0m +36%   [2m(3 obs. dia_util)[0m
2026-07-28 17:56:53 [INFO] 
2026-07-28 17:56:53 [INFO]   🔴 [91m[1mPT0002000068856906VS[0m  [2m[Cluster 0][0m
2026-07-28 17:56:53 [INFO]      consumiu MAIS que o habitual às 16h
2026-07-28 17:56:53 [INFO]      [2mReal:[0m 34.0 kWh   [2mHabitual:[0m 25.0 ± 2.5 kWh   [2mz:[0m +3.60   [2mdesvio:[0m +36%   [2m(2 obs. dia_util)[0m
2026-07-28 17:56:53 [INFO] 
2026-07-28 17:56:53 [INFO]   🔴 [91m[1mPT0002000073717386HC[0m  [2m[Cluster 1 (atribuido)][0m
2026-07-28 17:56:53 [INFO]      consumiu MAIS que o habitual às 11h
2026-07-28 17:56:53 [INFO]      [2mReal:[0m 70.0 kWh   [2mHabitual:[0m 51.5 ± 5.2 kWh   [2mz:[0m +3.59   [2mdesvio:[0m +36%   [2m(2 obs. dia_util)[0m
2026-07-28 17:56:53 [INFO] 
2026-07-28 17:56:53 [INFO]   🔴 [91m[1mPT0002000116530964LH[0m  [2m[Cluster 0 (atribuido)][0m
2026-07-28 17:56:53 [INFO]      consumiu MAIS que o habitual às 22h
2026-07-28 17:56:53 [INFO]      [2mReal:[0m 100.0 kWh   [2mHabitual:[0m 73.7 ± 7.4 kWh   [2mz:[0m +3.57   [2mdesvio:[0m +36%   [2m(3 obs. dia_util)[0m
2026-07-28 17:56:53 [INFO] 
2026-07-28 17:56:53 [INFO]   🔴 [91m[1mPT0002000068856655YV[0m  [2m[Cluster 0][0m
2026-07-28 17:56:53 [INFO]      consumiu MAIS que o habitual às 15h
2026-07-28 17:56:53 [INFO]      [2mReal:[0m 8.0 kWh   [2mHabitual:[0m 3.0 ± 1.4 kWh   [2mz:[0m +3.54   [2mdesvio:[0m +167%   [2m(2 obs. dia_util)[0m
2026-07-28 17:56:53 [INFO] 
2026-07-28 17:56:53 [INFO]   🔴 [91m[1mPT0002000068856655YV[0m  [2m[Cluster 0][0m
2026-07-28 17:56:53 [INFO]      consumiu MAIS que o habitual às 17h
2026-07-28 17:56:53 [INFO]      [2mReal:[0m 8.0 kWh   [2mHabitual:[0m 3.0 ± 1.4 kWh   [2mz:[0m +3.54   [2mdesvio:[0m +167%   [2m(2 obs. dia_util)[0m
2026-07-28 17:56:53 [INFO] 
2026-07-28 17:56:53 [INFO]   🔴 [91m[1mPT0002000068856655YV[0m  [2m[Cluster 0][0m
2026-07-28 17:56:53 [INFO]      consumiu MAIS que o habitual às 18h
2026-07-28 17:56:53 [INFO]      [2mReal:[0m 4.0 kWh   [2mHabitual:[0m 1.5 ± 0.7 kWh   [2mz:[0m +3.54   [2mdesvio:[0m +167%   [2m(2 obs. dia_util)[0m
2026-07-28 17:56:53 [INFO] 
2026-07-28 17:56:53 [INFO]   🔴 [91m[1mPT0002000068856872QG[0m  [2m[Cluster 1][0m
2026-07-28 17:56:53 [INFO]      consumiu MAIS que o habitual às 05h
2026-07-28 17:56:53 [INFO]      [2mReal:[0m 3.0 kWh   [2mHabitual:[0m 0.5 ± 0.7 kWh   [2mz:[0m +3.54   [2mdesvio:[0m +500%   [2m(2 obs. dia_util)[0m
2026-07-28 17:56:53 [INFO] 
2026-07-28 17:56:53 [INFO]   🔴 [91m[1mPT0002000068856974CZ[0m  [2m[Cluster 0 (atribuido)][0m
2026-07-28 17:56:53 [INFO]      consumiu MAIS que o habitual às 07h
2026-07-28 17:56:53 [INFO]      [2mReal:[0m 15.0 kWh   [2mHabitual:[0m 10.0 ± 1.4 kWh   [2mz:[0m +3.54   [2mdesvio:[0m +50%   [2m(2 obs. dia_util)[0m
2026-07-28 17:56:53 [INFO] 
2026-07-28 17:56:53 [INFO]   🔴 [91m[1mPT0002000068856974CZ[0m  [2m[Cluster 0 (atribuido)][0m
2026-07-28 17:56:53 [INFO]      consumiu MAIS que o habitual às 17h
2026-07-28 17:56:53 [INFO]      [2mReal:[0m 39.0 kWh   [2mHabitual:[0m 26.5 ± 3.5 kWh   [2mz:[0m +3.54   [2mdesvio:[0m +47%   [2m(2 obs. dia_util)[0m
2026-07-28 17:56:53 [INFO] 
2026-07-28 17:56:53 [INFO]   🔴 [91m[1mPT0002000068857909SY[0m  [2m[Cluster 1][0m
2026-07-28 17:56:53 [INFO]      consumiu MAIS que o habitual às 14h
2026-07-28 17:56:53 [INFO]      [2mReal:[0m 9.0 kWh   [2mHabitual:[0m 6.5 ± 0.7 kWh   [2mz:[0m +3.54   [2mdesvio:[0m +38%   [2m(2 obs. dia_util)[0m
2026-07-28 17:56:53 [INFO] 
2026-07-28 17:56:53 [INFO]   🔴 [91m[1mPT0002000068857909SY[0m  [2m[Cluster 1][0m
2026-07-28 17:56:53 [INFO]      consumiu MAIS que o habitual às 15h
2026-07-28 17:56:53 [INFO]      [2mReal:[0m 9.0 kWh   [2mHabitual:[0m 6.5 ± 0.7 kWh   [2mz:[0m +3.54   [2mdesvio:[0m +38%   [2m(2 obs. dia_util)[0m
2026-07-28 17:56:53 [INFO] 
2026-07-28 17:56:53 [INFO]   🔴 [91m[1mPT0002000068857909SY[0m  [2m[Cluster 1][0m
2026-07-28 17:56:53 [INFO]      consumiu MAIS que o habitual às 16h
2026-07-28 17:56:53 [INFO]      [2mReal:[0m 9.0 kWh   [2mHabitual:[0m 6.5 ± 0.7 kWh   [2mz:[0m +3.54   [2mdesvio:[0m +38%   [2m(2 obs. dia_util)[0m
2026-07-28 17:56:53 [INFO] 
2026-07-28 17:56:53 [INFO]   🔴 [91m[1mPT0002000071896778MT[0m  [2m[Cluster 0][0m
2026-07-28 17:56:53 [INFO]      consumiu MAIS que o habitual às 18h
2026-07-28 17:56:53 [INFO]      [2mReal:[0m 7.0 kWh   [2mHabitual:[0m 4.5 ± 0.7 kWh   [2mz:[0m +3.54   [2mdesvio:[0m +56%   [2m(2 obs. dia_util)[0m
2026-07-28 17:56:53 [INFO] 
2026-07-28 17:56:53 [INFO]   🔴 [91m[1mPT0002000073481266XH[0m  [2m[Cluster 0][0m
2026-07-28 17:56:53 [INFO]      consumiu MAIS que o habitual às 19h
2026-07-28 17:56:53 [INFO]      [2mReal:[0m 9.0 kWh   [2mHabitual:[0m 6.5 ± 0.7 kWh   [2mz:[0m +3.54   [2mdesvio:[0m +38%   [2m(2 obs. dia_util)[0m
2026-07-28 17:56:53 [INFO] 
2026-07-28 17:56:53 [INFO]   🔴 [91m[1mPT0002000073717386HC[0m  [2m[Cluster 1 (atribuido)][0m
2026-07-28 17:56:53 [INFO]      consumiu MAIS que o habitual às 14h
2026-07-28 17:56:53 [INFO]      [2mReal:[0m 3.0 kWh   [2mHabitual:[0m 0.5 ± 0.7 kWh   [2mz:[0m +3.54   [2mdesvio:[0m +500%   [2m(2 obs. dia_util)[0m
2026-07-28 17:56:53 [INFO] 
2026-07-28 17:56:53 [INFO]   🔴 [91m[1mPT0002000078207354XC[0m  [2m[Cluster 1][0m
2026-07-28 17:56:53 [INFO]      consumiu MAIS que o habitual às 07h
2026-07-28 17:56:53 [INFO]      [2mReal:[0m 5.0 kWh   [2mHabitual:[0m 2.5 ± 0.7 kWh   [2mz:[0m +3.54   [2mdesvio:[0m +100%   [2m(2 obs. dia_util)[0m
2026-07-28 17:56:53 [INFO] 
2026-07-28 17:56:53 [INFO]   🔴 [91m[1mPT0002000078294957RQ[0m  [2m[Cluster 0][0m
2026-07-28 17:56:53 [INFO]      consumiu MAIS que o habitual às 07h
2026-07-28 17:56:53 [INFO]      [2mReal:[0m 7.0 kWh   [2mHabitual:[0m 4.5 ± 0.7 kWh   [2mz:[0m +3.54   [2mdesvio:[0m +56%   [2m(2 obs. dia_util)[0m
2026-07-28 17:56:53 [INFO] 
2026-07-28 17:56:53 [INFO]   🔴 [91m[1mPT0002000082549706RH[0m  [2m[Cluster 0][0m
2026-07-28 17:56:53 [INFO]      consumiu MAIS que o habitual às 14h
2026-07-28 17:56:53 [INFO]      [2mReal:[0m 130.0 kWh   [2mHabitual:[0m 90.0 ± 11.3 kWh   [2mz:[0m +3.54   [2mdesvio:[0m +44%   [2m(2 obs. dia_util)[0m
2026-07-28 17:56:53 [INFO] 
2026-07-28 17:56:53 [INFO]   🔴 [91m[1mPT0002000107046231FW[0m  [2m[Cluster 0][0m
2026-07-28 17:56:53 [INFO]      consumiu MAIS que o habitual às 07h
2026-07-28 17:56:53 [INFO]      [2mReal:[0m 7.0 kWh   [2mHabitual:[0m 4.5 ± 0.7 kWh   [2mz:[0m +3.54   [2mdesvio:[0m +56%   [2m(2 obs. dia_util)[0m
2026-07-28 17:56:53 [INFO] 
2026-07-28 17:56:53 [INFO]   🔵 [94m[1mPT0002000107172384HT[0m  [2m[Cluster 1][0m
2026-07-28 17:56:53 [INFO]      consumiu MENOS que o habitual às 20h
2026-07-28 17:56:53 [INFO]      [2mReal:[0m 27.0 kWh   [2mHabitual:[0m 52.0 ± 7.1 kWh   [2mz:[0m -3.54   [2mdesvio:[0m -48%   [2m(2 obs. dia_util)[0m
2026-07-28 17:56:53 [INFO] 
2026-07-28 17:56:53 [INFO]   🔴 [91m[1mPT0002000110814293YC[0m  [2m[Cluster 0 (atribuido)][0m
2026-07-28 17:56:53 [INFO]      consumiu MAIS que o habitual às 13h
2026-07-28 17:56:53 [INFO]      [2mReal:[0m 81.0 kWh   [2mHabitual:[0m 58.5 ± 6.4 kWh   [2mz:[0m +3.54   [2mdesvio:[0m +38%   [2m(2 obs. dia_util)[0m
2026-07-28 17:56:53 [INFO] 
2026-07-28 17:56:53 [INFO]   🔴 [91m[1mPT0002000201038711LS[0m  [2m[Cluster 1 (atribuido)][0m
2026-07-28 17:56:53 [INFO]      consumiu MAIS que o habitual às 11h
2026-07-28 17:56:53 [INFO]      [2mReal:[0m 3.0 kWh   [2mHabitual:[0m 0.5 ± 0.7 kWh   [2mz:[0m +3.54   [2mdesvio:[0m +500%   [2m(2 obs. dia_util)[0m
2026-07-28 17:56:53 [INFO] 
2026-07-28 17:56:53 [INFO]   🔴 [91m[1mPT0002000068856826ZG[0m  [2m[Cluster 0 (atribuido)][0m
2026-07-28 17:56:53 [INFO]      consumiu MAIS que o habitual às 00h
2026-07-28 17:56:53 [INFO]      [2mReal:[0m 75.0 kWh   [2mHabitual:[0m 55.5 ± 5.5 kWh   [2mz:[0m +3.51   [2mdesvio:[0m +35%   [2m(2 obs. dia_util)[0m
2026-07-28 17:56:53 [INFO] 
2026-07-28 17:56:53 [INFO]   🔴 [91m[1mPT0002000073573036KH[0m  [2m[Cluster 0 (atribuido)][0m
2026-07-28 17:56:53 [INFO]      consumiu MAIS que o habitual às 21h
2026-07-28 17:56:53 [INFO]      [2mReal:[0m 140.0 kWh   [2mHabitual:[0m 103.7 ± 10.4 kWh   [2mz:[0m +3.50   [2mdesvio:[0m +35%   [2m(3 obs. dia_util)[0m
2026-07-28 17:56:53 [INFO] 
2026-07-28 17:56:53 [INFO]   🔴 [91m[1mPT0002000068859597LS[0m  [2m[Cluster 0][0m
2026-07-28 17:56:53 [INFO]      consumiu MAIS que o habitual às 09h
2026-07-28 17:56:53 [INFO]      [2mReal:[0m 74.0 kWh   [2mHabitual:[0m 37.5 ± 10.6 kWh   [2mz:[0m +3.44   [2mdesvio:[0m +97%   [2m(2 obs. dia_util)[0m
2026-07-28 17:56:53 [INFO] 
2026-07-28 17:56:53 [INFO]   🔴 [91m[1mPT0002000101964938LF[0m  [2m[Cluster 0][0m
2026-07-28 17:56:53 [INFO]      consumiu MAIS que o habitual às 09h
2026-07-28 17:56:53 [INFO]      [2mReal:[0m 51.0 kWh   [2mHabitual:[0m 17.0 ± 9.9 kWh   [2mz:[0m +3.43   [2mdesvio:[0m +200%   [2m(2 obs. dia_util)[0m
2026-07-28 17:56:53 [INFO] 
2026-07-28 17:56:53 [INFO]   🔴 [91m[1mPT0002000068859597LS[0m  [2m[Cluster 0][0m
2026-07-28 17:56:53 [INFO]      consumiu MAIS que o habitual às 10h
2026-07-28 17:56:53 [INFO]      [2mReal:[0m 76.0 kWh   [2mHabitual:[0m 47.0 ± 8.5 kWh   [2mz:[0m +3.42   [2mdesvio:[0m +62%   [2m(2 obs. dia_util)[0m
2026-07-28 17:56:53 [INFO] 
2026-07-28 17:56:53 [INFO]   🔴 [91m[1mPT0002000110814293YC[0m  [2m[Cluster 0 (atribuido)][0m
2026-07-28 17:56:53 [INFO]      consumiu MAIS que o habitual às 09h
2026-07-28 17:56:53 [INFO]      [2mReal:[0m 63.0 kWh   [2mHabitual:[0m 47.0 ± 4.7 kWh   [2mz:[0m +3.40   [2mdesvio:[0m +34%   [2m(2 obs. dia_util)[0m
2026-07-28 17:56:53 [INFO] 
2026-07-28 17:56:53 [INFO]   🔴 [91m[1mPT0002000114685657JR[0m  [2m[Cluster 0][0m
2026-07-28 17:56:53 [INFO]      consumiu MAIS que o habitual às 07h
2026-07-28 17:56:53 [INFO]      [2mReal:[0m 209.0 kWh   [2mHabitual:[0m 156.0 ± 15.6 kWh   [2mz:[0m +3.40   [2mdesvio:[0m +34%   [2m(2 obs. dia_util)[0m
2026-07-28 17:56:53 [INFO] 
2026-07-28 17:56:53 [INFO]   🔴 [91m[1mPT0002000082549706RH[0m  [2m[Cluster 0][0m
2026-07-28 17:56:53 [INFO]      consumiu MAIS que o habitual às 19h
2026-07-28 17:56:53 [INFO]      [2mReal:[0m 109.0 kWh   [2mHabitual:[0m 81.5 ± 8.2 kWh   [2mz:[0m +3.37   [2mdesvio:[0m +34%   [2m(2 obs. dia_util)[0m
2026-07-28 17:56:53 [INFO] 
2026-07-28 17:56:53 [INFO]   🔴 [91m[1mPT0002000081997398TD[0m  [2m[Cluster 0][0m
2026-07-28 17:56:53 [INFO]      consumiu MAIS que o habitual às 20h
2026-07-28 17:56:53 [INFO]      [2mReal:[0m 165.0 kWh   [2mHabitual:[0m 123.5 ± 12.3 kWh   [2mz:[0m +3.36   [2mdesvio:[0m +34%   [2m(2 obs. dia_util)[0m
2026-07-28 17:56:53 [INFO] 
2026-07-28 17:56:53 [INFO]   🔴 [91m[1mPT0002000082549706RH[0m  [2m[Cluster 0][0m
2026-07-28 17:56:53 [INFO]      consumiu MAIS que o habitual às 13h
2026-07-28 17:56:53 [INFO]      [2mReal:[0m 126.0 kWh   [2mHabitual:[0m 88.0 ± 11.3 kWh   [2mz:[0m +3.36   [2mdesvio:[0m +43%   [2m(2 obs. dia_util)[0m
2026-07-28 17:56:53 [INFO] 
2026-07-28 17:56:53 [INFO]   🔵 [94m[1mPT0002000068856655YV[0m  [2m[Cluster 0][0m
2026-07-28 17:56:53 [INFO]      consumiu MENOS que o habitual às 07h
2026-07-28 17:56:53 [INFO]      [2mReal:[0m 1.0 kWh   [2mHabitual:[0m 2.0 ± 0.3 kWh   [2mz:[0m -3.33   [2mdesvio:[0m -50%   [2m(2 obs. dia_util)[0m
2026-07-28 17:56:53 [INFO] 
2026-07-28 17:56:53 [INFO]   🔴 [91m[1mPT0002000068856655YV[0m  [2m[Cluster 0][0m
2026-07-28 17:56:53 [INFO]      consumiu MAIS que o habitual às 08h
2026-07-28 17:56:53 [INFO]      [2mReal:[0m 3.0 kWh   [2mHabitual:[0m 2.0 ± 0.3 kWh   [2mz:[0m +3.33   [2mdesvio:[0m +50%   [2m(2 obs. dia_util)[0m
2026-07-28 17:56:53 [INFO] 
2026-07-28 17:56:53 [INFO]   🔴 [91m[1mPT0002000068856655YV[0m  [2m[Cluster 0][0m
2026-07-28 17:56:53 [INFO]      consumiu MAIS que o habitual às 20h
2026-07-28 17:56:53 [INFO]      [2mReal:[0m 3.0 kWh   [2mHabitual:[0m 2.0 ± 0.3 kWh   [2mz:[0m +3.33   [2mdesvio:[0m +50%   [2m(2 obs. dia_util)[0m
2026-07-28 17:56:53 [INFO] 
2026-07-28 17:56:53 [INFO]   🔴 [91m[1mPT0002000068856872QG[0m  [2m[Cluster 1][0m
2026-07-28 17:56:53 [INFO]      consumiu MAIS que o habitual às 19h
2026-07-28 17:56:53 [INFO]      [2mReal:[0m 1.0 kWh   [2mHabitual:[0m 0.0 ± 0.3 kWh   [2mz:[0m +3.33   [2mdesvio:[0m +100000%   [2m(2 obs. dia_util)[0m
2026-07-28 17:56:53 [INFO] 
2026-07-28 17:56:53 [INFO]   🔴 [91m[1mPT0002000068856952LS[0m  [2m[Cluster 2][0m
2026-07-28 17:56:53 [INFO]      consumiu MAIS que o habitual às 02h
2026-07-28 17:56:53 [INFO]      [2mReal:[0m 1.0 kWh   [2mHabitual:[0m 0.0 ± 0.3 kWh   [2mz:[0m +3.33   [2mdesvio:[0m +100000%   [2m(2 obs. dia_util)[0m
2026-07-28 17:56:53 [INFO] 
2026-07-28 17:56:53 [INFO]   🔴 [91m[1mPT0002000068856952LS[0m  [2m[Cluster 2][0m
2026-07-28 17:56:53 [INFO]      consumiu MAIS que o habitual às 20h
2026-07-28 17:56:53 [INFO]      [2mReal:[0m 1.0 kWh   [2mHabitual:[0m 0.0 ± 0.3 kWh   [2mz:[0m +3.33   [2mdesvio:[0m +100000%   [2m(2 obs. dia_util)[0m
2026-07-28 17:56:53 [INFO] 
2026-07-28 17:56:53 [INFO]   🔵 [94m[1mPT0002000068857099AR[0m  [2m[Cluster 1][0m
2026-07-28 17:56:53 [INFO]      consumiu MENOS que o habitual às 07h
2026-07-28 17:56:53 [INFO]      [2mReal:[0m 2.0 kWh   [2mHabitual:[0m 3.0 ± 0.3 kWh   [2mz:[0m -3.33   [2mdesvio:[0m -33%   [2m(2 obs. dia_util)[0m
2026-07-28 17:56:53 [INFO] 
2026-07-28 17:56:53 [INFO]   🔵 [94m[1mPT0002000068857099AR[0m  [2m[Cluster 1][0m
2026-07-28 17:56:53 [INFO]      consumiu MENOS que o habitual às 12h
2026-07-28 17:56:53 [INFO]      [2mReal:[0m 2.0 kWh   [2mHabitual:[0m 3.0 ± 0.3 kWh   [2mz:[0m -3.33   [2mdesvio:[0m -33%   [2m(2 obs. dia_util)[0m
2026-07-28 17:56:53 [INFO] 
2026-07-28 17:56:53 [INFO]   🔴 [91m[1mPT0002000068857099AR[0m  [2m[Cluster 1][0m
2026-07-28 17:56:53 [INFO]      consumiu MAIS que o habitual às 13h
2026-07-28 17:56:53 [INFO]      [2mReal:[0m 4.0 kWh   [2mHabitual:[0m 3.0 ± 0.3 kWh   [2mz:[0m +3.33   [2mdesvio:[0m +33%   [2m(2 obs. dia_util)[0m
2026-07-28 17:56:53 [INFO] 
2026-07-28 17:56:53 [INFO]   🔴 [91m[1mPT0002000068857099AR[0m  [2m[Cluster 1][0m
2026-07-28 17:56:53 [INFO]      consumiu MAIS que o habitual às 17h
2026-07-28 17:56:53 [INFO]      [2mReal:[0m 4.0 kWh   [2mHabitual:[0m 3.0 ± 0.3 kWh   [2mz:[0m +3.33   [2mdesvio:[0m +33%   [2m(2 obs. dia_util)[0m
2026-07-28 17:56:53 [INFO] 
2026-07-28 17:56:53 [INFO]   🔴 [91m[1mPT0002000068857099AR[0m  [2m[Cluster 1][0m
2026-07-28 17:56:53 [INFO]      consumiu MAIS que o habitual às 22h
2026-07-28 17:56:53 [INFO]      [2mReal:[0m 4.0 kWh   [2mHabitual:[0m 3.0 ± 0.3 kWh   [2mz:[0m +3.33   [2mdesvio:[0m +33%   [2m(3 obs. dia_util)[0m
2026-07-28 17:56:53 [INFO] 
2026-07-28 17:56:53 [INFO]   🔴 [91m[1mPT0002000068857909SY[0m  [2m[Cluster 1][0m
2026-07-28 17:56:53 [INFO]      consumiu MAIS que o habitual às 09h
2026-07-28 17:56:53 [INFO]      [2mReal:[0m 8.0 kWh   [2mHabitual:[0m 6.0 ± 0.6 kWh   [2mz:[0m +3.33   [2mdesvio:[0m +33%   [2m(2 obs. dia_util)[0m
2026-07-28 17:56:53 [INFO] 
2026-07-28 17:56:53 [INFO]   🔴 [91m[1mPT0002000073717386HC[0m  [2m[Cluster 1 (atribuido)][0m
2026-07-28 17:56:53 [INFO]      consumiu MAIS que o habitual às 02h
2026-07-28 17:56:53 [INFO]      [2mReal:[0m 1.0 kWh   [2mHabitual:[0m 0.0 ± 0.3 kWh   [2mz:[0m +3.33   [2mdesvio:[0m +100000%   [2m(2 obs. dia_util)[0m
2026-07-28 17:56:53 [INFO] 
2026-07-28 17:56:53 [INFO]   🔴 [91m[1mPT0002000073717386HC[0m  [2m[Cluster 1 (atribuido)][0m
2026-07-28 17:56:53 [INFO]      consumiu MAIS que o habitual às 05h
2026-07-28 17:56:53 [INFO]      [2mReal:[0m 1.0 kWh   [2mHabitual:[0m 0.0 ± 0.3 kWh   [2mz:[0m +3.33   [2mdesvio:[0m +100000%   [2m(2 obs. dia_util)[0m
2026-07-28 17:56:53 [INFO] 
2026-07-28 17:56:53 [INFO]   🔵 [94m[1mPT0002000078207354XC[0m  [2m[Cluster 1][0m
2026-07-28 17:56:53 [INFO]      consumiu MENOS que o habitual às 00h
2026-07-28 17:56:53 [INFO]      [2mReal:[0m 2.0 kWh   [2mHabitual:[0m 3.0 ± 0.3 kWh   [2mz:[0m -3.33   [2mdesvio:[0m -33%   [2m(2 obs. dia_util)[0m
2026-07-28 17:56:53 [INFO] 
2026-07-28 17:56:53 [INFO]   🔴 [91m[1mPT0002000078207354XC[0m  [2m[Cluster 1][0m
2026-07-28 17:56:53 [INFO]      consumiu MAIS que o habitual às 01h
2026-07-28 17:56:53 [INFO]      [2mReal:[0m 3.0 kWh   [2mHabitual:[0m 2.0 ± 0.3 kWh   [2mz:[0m +3.33   [2mdesvio:[0m +50%   [2m(2 obs. dia_util)[0m
2026-07-28 17:56:53 [INFO] 
2026-07-28 17:56:53 [INFO]   🔵 [94m[1mPT0002000078207354XC[0m  [2m[Cluster 1][0m
2026-07-28 17:56:53 [INFO]      consumiu MENOS que o habitual às 02h
2026-07-28 17:56:53 [INFO]      [2mReal:[0m 2.0 kWh   [2mHabitual:[0m 3.0 ± 0.3 kWh   [2mz:[0m -3.33   [2mdesvio:[0m -33%   [2m(2 obs. dia_util)[0m
2026-07-28 17:56:53 [INFO] 
2026-07-28 17:56:53 [INFO]   🔴 [91m[1mPT0002000078207354XC[0m  [2m[Cluster 1][0m
2026-07-28 17:56:53 [INFO]      consumiu MAIS que o habitual às 03h
2026-07-28 17:56:53 [INFO]      [2mReal:[0m 3.0 kWh   [2mHabitual:[0m 2.0 ± 0.3 kWh   [2mz:[0m +3.33   [2mdesvio:[0m +50%   [2m(2 obs. dia_util)[0m
2026-07-28 17:56:53 [INFO] 
2026-07-28 17:56:53 [INFO]   🔵 [94m[1mPT0002000078207354XC[0m  [2m[Cluster 1][0m
2026-07-28 17:56:53 [INFO]      consumiu MENOS que o habitual às 04h
2026-07-28 17:56:53 [INFO]      [2mReal:[0m 2.0 kWh   [2mHabitual:[0m 3.0 ± 0.3 kWh   [2mz:[0m -3.33   [2mdesvio:[0m -33%   [2m(2 obs. dia_util)[0m
2026-07-28 17:56:53 [INFO] 
2026-07-28 17:56:53 [INFO]   🔴 [91m[1mPT0002000078207354XC[0m  [2m[Cluster 1][0m
2026-07-28 17:56:53 [INFO]      consumiu MAIS que o habitual às 05h
2026-07-28 17:56:53 [INFO]      [2mReal:[0m 3.0 kWh   [2mHabitual:[0m 2.0 ± 0.3 kWh   [2mz:[0m +3.33   [2mdesvio:[0m +50%   [2m(2 obs. dia_util)[0m
2026-07-28 17:56:53 [INFO] 
2026-07-28 17:56:53 [INFO]   🔵 [94m[1mPT0002000078207354XC[0m  [2m[Cluster 1][0m
2026-07-28 17:56:53 [INFO]      consumiu MENOS que o habitual às 06h
2026-07-28 17:56:53 [INFO]      [2mReal:[0m 2.0 kWh   [2mHabitual:[0m 3.0 ± 0.3 kWh   [2mz:[0m -3.33   [2mdesvio:[0m -33%   [2m(2 obs. dia_util)[0m
2026-07-28 17:56:53 [INFO] 
2026-07-28 17:56:53 [INFO]   🔴 [91m[1mPT0002000078233981HJ[0m  [2m[Cluster 1][0m
2026-07-28 17:56:53 [INFO]      consumiu MAIS que o habitual às 02h
2026-07-28 17:56:53 [INFO]      [2mReal:[0m 3.0 kWh   [2mHabitual:[0m 2.0 ± 0.3 kWh   [2mz:[0m +3.33   [2mdesvio:[0m +50%   [2m(2 obs. dia_util)[0m
2026-07-28 17:56:53 [INFO] 
2026-07-28 17:56:53 [INFO]   🔴 [91m[1mPT0002000078233981HJ[0m  [2m[Cluster 1][0m
2026-07-28 17:56:53 [INFO]      consumiu MAIS que o habitual às 05h
2026-07-28 17:56:53 [INFO]      [2mReal:[0m 3.0 kWh   [2mHabitual:[0m 2.0 ± 0.3 kWh   [2mz:[0m +3.33   [2mdesvio:[0m +50%   [2m(2 obs. dia_util)[0m
2026-07-28 17:56:53 [INFO] 
2026-07-28 17:56:53 [INFO]   🔵 [94m[1mPT0002000078233981HJ[0m  [2m[Cluster 1][0m
2026-07-28 17:56:53 [INFO]      consumiu MENOS que o habitual às 23h
2026-07-28 17:56:53 [INFO]      [2mReal:[0m 2.0 kWh   [2mHabitual:[0m 3.0 ± 0.3 kWh   [2mz:[0m -3.33   [2mdesvio:[0m -33%   [2m(3 obs. dia_util)[0m
2026-07-28 17:56:53 [INFO] 
2026-07-28 17:56:53 [INFO]   🔴 [91m[1mPT0002000081344542CP[0m  [2m[Cluster 1][0m
2026-07-28 17:56:53 [INFO]      consumiu MAIS que o habitual às 02h
2026-07-28 17:56:53 [INFO]      [2mReal:[0m 2.0 kWh   [2mHabitual:[0m 1.0 ± 0.3 kWh   [2mz:[0m +3.33   [2mdesvio:[0m +100%   [2m(2 obs. dia_util)[0m
2026-07-28 17:56:53 [INFO] 
2026-07-28 17:56:53 [INFO]   🔵 [94m[1mPT0002000081344542CP[0m  [2m[Cluster 1][0m
2026-07-28 17:56:53 [INFO]      consumiu MENOS que o habitual às 05h
2026-07-28 17:56:53 [INFO]      [2mReal:[0m 1.0 kWh   [2mHabitual:[0m 2.0 ± 0.3 kWh   [2mz:[0m -3.33   [2mdesvio:[0m -50%   [2m(2 obs. dia_util)[0m
2026-07-28 17:56:53 [INFO] 
2026-07-28 17:56:53 [INFO]   🔴 [91m[1mPT0002000105483259QH[0m  [2m[Cluster 1][0m
2026-07-28 17:56:53 [INFO]      consumiu MAIS que o habitual às 03h
2026-07-28 17:56:53 [INFO]      [2mReal:[0m 1.0 kWh   [2mHabitual:[0m 0.0 ± 0.3 kWh   [2mz:[0m +3.33   [2mdesvio:[0m +100000%   [2m(2 obs. dia_util)[0m
2026-07-28 17:56:53 [INFO] 
2026-07-28 17:56:53 [INFO]   🔵 [94m[1mPT0002000105483259QH[0m  [2m[Cluster 1][0m
2026-07-28 17:56:53 [INFO]      consumiu MENOS que o habitual às 13h
2026-07-28 17:56:53 [INFO]      [2mReal:[0m 0.0 kWh   [2mHabitual:[0m 1.0 ± 0.3 kWh   [2mz:[0m -3.33   [2mdesvio:[0m -100%   [2m(2 obs. dia_util)[0m
2026-07-28 17:56:53 [INFO] 
2026-07-28 17:56:53 [INFO]   🔴 [91m[1mPT0002000105483259QH[0m  [2m[Cluster 1][0m
2026-07-28 17:56:53 [INFO]      consumiu MAIS que o habitual às 16h
2026-07-28 17:56:53 [INFO]      [2mReal:[0m 2.0 kWh   [2mHabitual:[0m 1.0 ± 0.3 kWh   [2mz:[0m +3.33   [2mdesvio:[0m +100%   [2m(2 obs. dia_util)[0m
2026-07-28 17:56:53 [INFO] 
2026-07-28 17:56:53 [INFO]   🔴 [91m[1mPT0002000105483259QH[0m  [2m[Cluster 1][0m
2026-07-28 17:56:53 [INFO]      consumiu MAIS que o habitual às 19h
2026-07-28 17:56:53 [INFO]      [2mReal:[0m 2.0 kWh   [2mHabitual:[0m 1.0 ± 0.3 kWh   [2mz:[0m +3.33   [2mdesvio:[0m +100%   [2m(2 obs. dia_util)[0m
2026-07-28 17:56:53 [INFO] 
2026-07-28 17:56:53 [INFO]   🔴 [91m[1mPT0002000107046231FW[0m  [2m[Cluster 0][0m
2026-07-28 17:56:53 [INFO]      consumiu MAIS que o habitual às 04h
2026-07-28 17:56:53 [INFO]      [2mReal:[0m 4.0 kWh   [2mHabitual:[0m 3.0 ± 0.3 kWh   [2mz:[0m +3.33   [2mdesvio:[0m +33%   [2m(2 obs. dia_util)[0m
2026-07-28 17:56:53 [INFO] 
2026-07-28 17:56:53 [INFO]   🔵 [94m[1mPT0002000107046231FW[0m  [2m[Cluster 0][0m
2026-07-28 17:56:53 [INFO]      consumiu MENOS que o habitual às 20h
2026-07-28 17:56:53 [INFO]      [2mReal:[0m 2.0 kWh   [2mHabitual:[0m 3.0 ± 0.3 kWh   [2mz:[0m -3.33   [2mdesvio:[0m -33%   [2m(2 obs. dia_util)[0m
2026-07-28 17:56:53 [INFO] 
2026-07-28 17:56:53 [INFO]   🔵 [94m[1mPT0002000107172384HT[0m  [2m[Cluster 1][0m
2026-07-28 17:56:53 [INFO]      consumiu MENOS que o habitual às 17h
2026-07-28 17:56:53 [INFO]      [2mReal:[0m 27.0 kWh   [2mHabitual:[0m 43.5 ± 5.0 kWh   [2mz:[0m -3.33   [2mdesvio:[0m -38%   [2m(2 obs. dia_util)[0m
2026-07-28 17:56:53 [INFO] 
2026-07-28 17:56:53 [INFO]   🔴 [91m[1mPT0002000109837807PE[0m  [2m[Cluster 1][0m
2026-07-28 17:56:53 [INFO]      consumiu MAIS que o habitual às 14h
2026-07-28 17:56:53 [INFO]      [2mReal:[0m 4.0 kWh   [2mHabitual:[0m 3.0 ± 0.3 kWh   [2mz:[0m +3.33   [2mdesvio:[0m +33%   [2m(2 obs. dia_util)[0m
2026-07-28 17:56:53 [INFO] 
2026-07-28 17:56:53 [INFO]   🔴 [91m[1mPT0002000111572054VT[0m  [2m[Cluster 0 (atribuido)][0m
2026-07-28 17:56:53 [INFO]      consumiu MAIS que o habitual às 11h
2026-07-28 17:56:53 [INFO]      [2mReal:[0m 1.0 kWh   [2mHabitual:[0m 0.0 ± 0.3 kWh   [2mz:[0m +3.33   [2mdesvio:[0m +100000%   [2m(2 obs. dia_util)[0m
2026-07-28 17:56:53 [INFO] 
2026-07-28 17:56:53 [INFO]   🔴 [91m[1mPT0002000123648159KR[0m  [2m[Cluster 0][0m
2026-07-28 17:56:53 [INFO]      consumiu MAIS que o habitual às 06h
2026-07-28 17:56:53 [INFO]      [2mReal:[0m 3.0 kWh   [2mHabitual:[0m 2.0 ± 0.3 kWh   [2mz:[0m +3.33   [2mdesvio:[0m +50%   [2m(2 obs. dia_util)[0m
2026-07-28 17:56:53 [INFO] 
2026-07-28 17:56:53 [INFO]   🔵 [94m[1mPT0002000125379984SH[0m  [2m[Cluster 1][0m
2026-07-28 17:56:53 [INFO]      consumiu MENOS que o habitual às 06h
2026-07-28 17:56:53 [INFO]      [2mReal:[0m 2.0 kWh   [2mHabitual:[0m 3.0 ± 0.3 kWh   [2mz:[0m -3.33   [2mdesvio:[0m -33%   [2m(2 obs. dia_util)[0m
2026-07-28 17:56:53 [INFO] 
2026-07-28 17:56:53 [INFO]   🔵 [94m[1mPT0002000201936109ME[0m  [2m[Cluster 0][0m
2026-07-28 17:56:53 [INFO]      consumiu MENOS que o habitual às 15h
2026-07-28 17:56:53 [INFO]      [2mReal:[0m 0.0 kWh   [2mHabitual:[0m 1.0 ± 0.3 kWh   [2mz:[0m -3.33   [2mdesvio:[0m -100%   [2m(2 obs. dia_util)[0m
2026-07-28 17:56:53 [INFO] 
2026-07-28 17:56:53 [INFO]   🔴 [91m[1mPT0002000073573036KH[0m  [2m[Cluster 0 (atribuido)][0m
2026-07-28 17:56:53 [INFO]      consumiu MAIS que o habitual às 09h
2026-07-28 17:56:53 [INFO]      [2mReal:[0m 219.0 kWh   [2mHabitual:[0m 164.5 ± 16.4 kWh   [2mz:[0m +3.31   [2mdesvio:[0m +33%   [2m(2 obs. dia_util)[0m
2026-07-28 17:56:53 [INFO] 
2026-07-28 17:56:53 [INFO]   🔴 [91m[1mPT0002000068856974CZ[0m  [2m[Cluster 0 (atribuido)][0m
2026-07-28 17:56:53 [INFO]      consumiu MAIS que o habitual às 18h
2026-07-28 17:56:53 [INFO]      [2mReal:[0m 37.0 kWh   [2mHabitual:[0m 23.0 ± 4.2 kWh   [2mz:[0m +3.30   [2mdesvio:[0m +61%   [2m(2 obs. dia_util)[0m
2026-07-28 17:56:53 [INFO] 
2026-07-28 17:56:53 [INFO]   🔴 [91m[1mPT0002000073720434JD[0m  [2m[Cluster 1 (atribuido)][0m
2026-07-28 17:56:53 [INFO]      consumiu MAIS que o habitual às 19h
2026-07-28 17:56:53 [INFO]      [2mReal:[0m 37.0 kWh   [2mHabitual:[0m 23.0 ± 4.2 kWh   [2mz:[0m +3.30   [2mdesvio:[0m +61%   [2m(2 obs. dia_util)[0m
2026-07-28 17:56:53 [INFO] 
2026-07-28 17:56:53 [INFO]   🔴 [91m[1mPT0002000082549706RH[0m  [2m[Cluster 0][0m
2026-07-28 17:56:53 [INFO]      consumiu MAIS que o habitual às 20h
2026-07-28 17:56:53 [INFO]      [2mReal:[0m 113.0 kWh   [2mHabitual:[0m 85.0 ± 8.5 kWh   [2mz:[0m +3.29   [2mdesvio:[0m +33%   [2m(2 obs. dia_util)[0m
2026-07-28 17:56:53 [INFO] 
2026-07-28 17:56:53 [INFO]   🔴 [91m[1mPT0002000073717386HC[0m  [2m[Cluster 1 (atribuido)][0m
2026-07-28 17:56:53 [INFO]      consumiu MAIS que o habitual às 20h
2026-07-28 17:56:53 [INFO]      [2mReal:[0m 69.0 kWh   [2mHabitual:[0m 52.0 ± 5.2 kWh   [2mz:[0m +3.27   [2mdesvio:[0m +33%   [2m(2 obs. dia_util)[0m
2026-07-28 17:56:53 [INFO] 
2026-07-28 17:56:53 [INFO]   🔵 [94m[1mPT0002000077348081AG[0m  [2m[Cluster 0 (atribuido)][0m
2026-07-28 17:56:53 [INFO]      consumiu MENOS que o habitual às 22h
2026-07-28 17:56:53 [INFO]      [2mReal:[0m 24.0 kWh   [2mHabitual:[0m 92.0 ± 20.8 kWh   [2mz:[0m -3.27   [2mdesvio:[0m -74%   [2m(3 obs. dia_util)[0m
2026-07-28 17:56:53 [INFO] 
2026-07-28 17:56:53 [INFO]   🔴 [91m[1mPT0002000078441876HB[0m  [2m[Cluster 0][0m
2026-07-28 17:56:53 [INFO]      consumiu MAIS que o habitual às 12h
2026-07-28 17:56:53 [INFO]      [2mReal:[0m 1576.0 kWh   [2mHabitual:[0m 1189.5 ± 119.0 kWh   [2mz:[0m +3.25   [2mdesvio:[0m +32%   [2m(2 obs. dia_util)[0m
2026-07-28 17:56:53 [INFO] 
2026-07-28 17:56:53 [INFO]   🔴 [91m[1mPT0002000077348081AG[0m  [2m[Cluster 0 (atribuido)][0m
2026-07-28 17:56:53 [INFO]      consumiu MAIS que o habitual às 12h
2026-07-28 17:56:53 [INFO]      [2mReal:[0m 305.0 kWh   [2mHabitual:[0m 227.0 ± 24.0 kWh   [2mz:[0m +3.24   [2mdesvio:[0m +34%   [2m(2 obs. dia_util)[0m
2026-07-28 17:56:53 [INFO] 
2026-07-28 17:56:53 [INFO]   🔵 [94m[1mPT0002000107172384HT[0m  [2m[Cluster 1][0m
2026-07-28 17:56:53 [INFO]      consumiu MENOS que o habitual às 13h
2026-07-28 17:56:53 [INFO]      [2mReal:[0m 23.0 kWh   [2mHabitual:[0m 34.0 ± 3.4 kWh   [2mz:[0m -3.24   [2mdesvio:[0m -32%   [2m(2 obs. dia_util)[0m
2026-07-28 17:56:53 [INFO] 
2026-07-28 17:56:53 [INFO]   🔴 [91m[1mPT0002000082549706RH[0m  [2m[Cluster 0][0m
2026-07-28 17:56:53 [INFO]      consumiu MAIS que o habitual às 15h
2026-07-28 17:56:53 [INFO]      [2mReal:[0m 136.0 kWh   [2mHabitual:[0m 95.0 ± 12.7 kWh   [2mz:[0m +3.22   [2mdesvio:[0m +43%   [2m(2 obs. dia_util)[0m
2026-07-28 17:56:53 [INFO] 
2026-07-28 17:56:53 [INFO]   🔴 [91m[1mPT0002000110814293YC[0m  [2m[Cluster 0 (atribuido)][0m
2026-07-28 17:56:53 [INFO]      consumiu MAIS que o habitual às 08h
2026-07-28 17:56:53 [INFO]      [2mReal:[0m 55.0 kWh   [2mHabitual:[0m 34.5 ± 6.4 kWh   [2mz:[0m +3.22   [2mdesvio:[0m +59%   [2m(2 obs. dia_util)[0m
2026-07-28 17:56:53 [INFO] 
2026-07-28 17:56:53 [INFO]   🔴 [91m[1mPT0002000077348081AG[0m  [2m[Cluster 0 (atribuido)][0m
2026-07-28 17:56:53 [INFO]      consumiu MAIS que o habitual às 16h
2026-07-28 17:56:53 [INFO]      [2mReal:[0m 328.0 kWh   [2mHabitual:[0m 248.5 ± 24.9 kWh   [2mz:[0m +3.20   [2mdesvio:[0m +32%   [2m(2 obs. dia_util)[0m
2026-07-28 17:56:53 [INFO] 
2026-07-28 17:56:53 [INFO]   🔴 [91m[1mPT0002000068856781NM[0m  [2m[Cluster 0][0m
2026-07-28 17:56:53 [INFO]      consumiu MAIS que o habitual às 16h
2026-07-28 17:56:53 [INFO]      [2mReal:[0m 133.0 kWh   [2mHabitual:[0m 101.0 ± 10.1 kWh   [2mz:[0m +3.17   [2mdesvio:[0m +32%   [2m(2 obs. dia_util)[0m
2026-07-28 17:56:53 [INFO] 
2026-07-28 17:56:53 [INFO]   🔴 [91m[1mPT0002000112989585PH[0m  [2m[Cluster 0][0m
2026-07-28 17:56:53 [INFO]      consumiu MAIS que o habitual às 19h
2026-07-28 17:56:53 [INFO]      [2mReal:[0m 142.0 kWh   [2mHabitual:[0m 108.0 ± 10.8 kWh   [2mz:[0m +3.15   [2mdesvio:[0m +31%   [2m(2 obs. dia_util)[0m
2026-07-28 17:56:53 [INFO] 
2026-07-28 17:56:53 [INFO]   🔴 [91m[1mPT0002000078233981HJ[0m  [2m[Cluster 1][0m
2026-07-28 17:56:53 [INFO]      consumiu MAIS que o habitual às 17h
2026-07-28 17:56:53 [INFO]      [2mReal:[0m 22.0 kWh   [2mHabitual:[0m 6.5 ± 5.0 kWh   [2mz:[0m +3.13   [2mdesvio:[0m +238%   [2m(2 obs. dia_util)[0m
2026-07-28 17:56:53 [INFO] 
2026-07-28 17:56:53 [INFO]   🔴 [91m[1mPT0002000078441876HB[0m  [2m[Cluster 0][0m
2026-07-28 17:56:53 [INFO]      consumiu MAIS que o habitual às 10h
2026-07-28 17:56:53 [INFO]      [2mReal:[0m 1448.0 kWh   [2mHabitual:[0m 1049.0 ± 127.3 kWh   [2mz:[0m +3.13   [2mdesvio:[0m +38%   [2m(2 obs. dia_util)[0m
2026-07-28 17:56:53 [INFO] 
2026-07-28 17:56:53 [INFO]   🔴 [91m[1mPT0002000081997398TD[0m  [2m[Cluster 0][0m
2026-07-28 17:56:53 [INFO]      consumiu MAIS que o habitual às 19h
2026-07-28 17:56:53 [INFO]      [2mReal:[0m 187.0 kWh   [2mHabitual:[0m 142.5 ± 14.2 kWh   [2mz:[0m +3.12   [2mdesvio:[0m +31%   [2m(2 obs. dia_util)[0m
2026-07-28 17:56:53 [INFO] 
2026-07-28 17:56:53 [INFO]   🔴 [91m[1mPT0002000125701614SQ[0m  [2m[Cluster 1 (atribuido)][0m
2026-07-28 17:56:53 [INFO]      consumiu MAIS que o habitual às 09h
2026-07-28 17:56:53 [INFO]      [2mReal:[0m 21.0 kWh   [2mHabitual:[0m 16.0 ± 1.6 kWh   [2mz:[0m +3.12   [2mdesvio:[0m +31%   [2m(2 obs. dia_util)[0m
2026-07-28 17:56:53 [INFO] 
2026-07-28 17:56:53 [INFO]   🔴 [91m[1mPT0002000125701614SQ[0m  [2m[Cluster 1 (atribuido)][0m
2026-07-28 17:56:53 [INFO]      consumiu MAIS que o habitual às 11h
2026-07-28 17:56:53 [INFO]      [2mReal:[0m 21.0 kWh   [2mHabitual:[0m 16.0 ± 1.6 kWh   [2mz:[0m +3.12   [2mdesvio:[0m +31%   [2m(2 obs. dia_util)[0m
2026-07-28 17:56:53 [INFO] 
2026-07-28 17:56:53 [INFO]   🔴 [91m[1mPT0002000125701614SQ[0m  [2m[Cluster 1 (atribuido)][0m
2026-07-28 17:56:53 [INFO]      consumiu MAIS que o habitual às 19h
2026-07-28 17:56:53 [INFO]      [2mReal:[0m 21.0 kWh   [2mHabitual:[0m 16.0 ± 1.6 kWh   [2mz:[0m +3.12   [2mdesvio:[0m +31%   [2m(2 obs. dia_util)[0m
2026-07-28 17:56:53 [INFO] 
2026-07-28 17:56:53 [INFO]   🔴 [91m[1mPT0002000068856781NM[0m  [2m[Cluster 0][0m
2026-07-28 17:56:53 [INFO]      consumiu MAIS que o habitual às 15h
2026-07-28 17:56:53 [INFO]      [2mReal:[0m 133.0 kWh   [2mHabitual:[0m 101.5 ± 10.2 kWh   [2mz:[0m +3.10   [2mdesvio:[0m +31%   [2m(2 obs. dia_util)[0m
2026-07-28 17:56:53 [INFO] 
2026-07-28 17:56:53 [INFO]   🔴 [91m[1mPT0002000068856781NM[0m  [2m[Cluster 0][0m
2026-07-28 17:56:53 [INFO]      consumiu MAIS que o habitual às 12h
2026-07-28 17:56:53 [INFO]      [2mReal:[0m 127.0 kWh   [2mHabitual:[0m 97.0 ± 9.7 kWh   [2mz:[0m +3.09   [2mdesvio:[0m +31%   [2m(2 obs. dia_util)[0m
2026-07-28 17:56:53 [INFO] 
2026-07-28 17:56:53 [INFO]   🔴 [91m[1mPT0002000068856655YV[0m  [2m[Cluster 0][0m
2026-07-28 17:56:53 [INFO]      consumiu MAIS que o habitual às 14h
2026-07-28 17:56:53 [INFO]      [2mReal:[0m 9.0 kWh   [2mHabitual:[0m 2.5 ± 2.1 kWh   [2mz:[0m +3.06   [2mdesvio:[0m +260%   [2m(2 obs. dia_util)[0m
2026-07-28 17:56:53 [INFO] 
2026-07-28 17:56:53 [INFO]   🔴 [91m[1mPT0002000068859382XF[0m  [2m[Cluster 0][0m
2026-07-28 17:56:53 [INFO]      consumiu MAIS que o habitual às 17h
2026-07-28 17:56:53 [INFO]      [2mReal:[0m 47.0 kWh   [2mHabitual:[0m 36.0 ± 3.6 kWh   [2mz:[0m +3.06   [2mdesvio:[0m +31%   [2m(2 obs. dia_util)[0m
2026-07-28 17:56:53 [INFO] 
2026-07-28 17:56:53 [INFO]   🔴 [91m[1mPT0002000068859597LS[0m  [2m[Cluster 0][0m
2026-07-28 17:56:53 [INFO]      consumiu MAIS que o habitual às 08h
2026-07-28 17:56:53 [INFO]      [2mReal:[0m 60.0 kWh   [2mHabitual:[0m 34.0 ± 8.5 kWh   [2mz:[0m +3.06   [2mdesvio:[0m +76%   [2m(2 obs. dia_util)[0m
2026-07-28 17:56:53 [INFO] 
2026-07-28 17:56:53 [INFO]   🔴 [91m[1mPT0002000110814293YC[0m  [2m[Cluster 0 (atribuido)][0m
2026-07-28 17:56:53 [INFO]      consumiu MAIS que o habitual às 15h
2026-07-28 17:56:53 [INFO]      [2mReal:[0m 79.0 kWh   [2mHabitual:[0m 60.5 ± 6.0 kWh   [2mz:[0m +3.06   [2mdesvio:[0m +31%   [2m(2 obs. dia_util)[0m
2026-07-28 17:56:53 [INFO] 
2026-07-28 17:56:53 [INFO]   🔴 [91m[1mPT0002000068856781NM[0m  [2m[Cluster 0][0m
2026-07-28 17:56:53 [INFO]      consumiu MAIS que o habitual às 14h
2026-07-28 17:56:53 [INFO]      [2mReal:[0m 132.0 kWh   [2mHabitual:[0m 101.5 ± 10.2 kWh   [2mz:[0m +3.00   [2mdesvio:[0m +30%   [2m(2 obs. dia_util)[0m
2026-07-28 17:56:53 [INFO] 
2026-07-28 17:56:53 [INFO]   🔴 [91m[1mPT0002000114613364CC[0m  [2m[Cluster 0 (atribuido)][0m
2026-07-28 17:56:53 [INFO]      consumiu MAIS que o habitual às 20h
2026-07-28 17:56:53 [INFO]      [2mReal:[0m 145.0 kWh   [2mHabitual:[0m 111.5 ± 11.2 kWh   [2mz:[0m +3.00   [2mdesvio:[0m +30%   [2m(2 obs. dia_util)[0m
2026-07-28 17:56:53 [INFO] 
2026-07-28 17:56:53 [INFO]   [2mCSV:[0m /home/runner/work/ts-anomaly-detection-dissertation/ts-anomaly-detection-dissertation/results/energia/realtime/alerts/analise_energia_2026-07-27.csv
2026-07-28 17:56:53 [INFO] 
2026-07-28 17:56:53 [INFO] [96m→ A prever consumo de 2026-07-28 para 276 CPEs...[0m
2026-07-28 17:56:55 [INFO] [1m══════════════════════════════════════════════════════════════════════[0m
2026-07-28 17:56:55 [INFO] [1m  PREDIÇÃO — 2026-07-28 [0m[2m(dia util)[0m
2026-07-28 17:56:55 [INFO] [1m══════════════════════════════════════════════════════════════════════[0m
2026-07-28 17:56:55 [INFO]   [95m● CPEs previstos[0m          69 [2m(alta: 0, baixa: 1656)[0m
2026-07-28 17:56:55 [INFO]   [95m● Consumo total previsto[0m 83975.8 kWh [2m(±22243.4)[0m
2026-07-28 17:56:55 [INFO] 
2026-07-28 17:56:55 [INFO]   [2mPrevisão guardada:[0m /home/runner/work/ts-anomaly-detection-dissertation/ts-anomaly-detection-dissertation/results/energia/realtime/predictions/previsao_energia_2026-07-28.csv
2026-07-28 17:56:55 [INFO] 
2026-07-28 17:56:55 [INFO] [1m══════════════════════════════════════════════════════════════════════[0m
2026-07-28 17:56:55 [INFO] [1m  VALIDAÇÃO — qualidade das previsões anteriores[0m
2026-07-28 17:56:55 [INFO] [1m══════════════════════════════════════════════════════════════════════[0m
2026-07-28 17:56:55 [INFO]   [2mDias validados:[0m 4   [2mpendentes:[0m 43
2026-07-28 17:56:55 [INFO]   [2mÚltimo (2026-07-27):[0m MAE 19.19 kWh   RMSE 51.02   em ±1σ 47% [2m(esperado ~68%)[0m   em ±2σ 57% [2m(esperado ~95%)[0m
2026-07-28 17:56:55 [INFO]   [2mMédia acumulada:[0m MAE 16.27 kWh   RMSE 44.92   em ±1σ 54%   em ±2σ 76%
2026-07-28 17:56:55 [INFO]   [2mCSV:[0m /home/runner/work/ts-anomaly-detection-dissertation/ts-anomaly-detection-dissertation/results/energia/realtime/analysis/qualidade_previsoes_energia.csv
2026-07-28 17:56:55 [INFO] 
2026-07-28 17:56:55 [INFO] 
2026-07-28 17:56:55 [INFO] Concluido em 728.9s. Ficheiros gerados: 2
