2026-07-10 16:32:38 [INFO] [96m→ A pedir dados ao BaZe (276 CPEs)...[0m
2026-07-10 16:44:57 [INFO] 
2026-07-10 16:44:57 [INFO] [1m══════════════════════════════════════════════════════════════════════[0m
2026-07-10 16:44:57 [INFO] [1m  DETEÇÃO DE ANOMALIAS — 2026-07-09[0m
2026-07-10 16:44:57 [INFO] [1m══════════════════════════════════════════════════════════════════════[0m
2026-07-10 16:44:57 [INFO]   [2mTipo de dia:[0m  dia util
2026-07-10 16:44:57 [INFO]   [2mFonte:[0m        BAZE
2026-07-10 16:44:57 [INFO]   [2mCPEs c/ dados:[0m 69
2026-07-10 16:44:57 [INFO]   [2mThreshold:[0m    |z| > 2.0 [2m(adaptativo a este tipo de dia)[0m
2026-07-10 16:44:57 [INFO] 
2026-07-10 16:44:57 [INFO] [96m→ A analisar 69 CPEs / 1656 pontos horários (retrospetiva)...[0m
2026-07-10 16:44:58 [INFO] [1m─── Resumo ─────────────────────────────────────[0m
2026-07-10 16:44:58 [INFO]   [92m● Normal[0m                1332 [2m( 80.4%)[0m
2026-07-10 16:44:58 [INFO]   [91m● Desvio (alta confiança)[0m    0 [2m(  0.0%)[0m
2026-07-10 16:44:58 [INFO]   [93m● Desvio (baixa confiança)[0m 324 [2m( 19.6%)[0m
2026-07-10 16:44:58 [INFO]   [2mTempo: 740.6s[0m
2026-07-10 16:44:58 [INFO] 
2026-07-10 16:44:58 [INFO] [1m[93m─── Desvios de BAIXA confiança (324) ──────────────[0m
2026-07-10 16:44:58 [INFO]   [2m(poucos dados históricos — verificar manualmente)[0m
2026-07-10 16:44:58 [INFO] 
2026-07-10 16:44:58 [INFO]   🔵 [94m[1mPT0002000033074862LZ[0m  [2m[Cluster 0][0m
2026-07-10 16:44:58 [INFO]      consumiu MENOS que o habitual às 19h
2026-07-10 16:44:58 [INFO]      [2mReal:[0m 0.0 kWh   [2mHabitual:[0m 16.0 ± 1.6 kWh   [2mz:[0m -10.00   [2mdesvio:[0m -100%   [2m(2 obs. dia_util)[0m
2026-07-10 16:44:58 [INFO] 
2026-07-10 16:44:58 [INFO]   🔵 [94m[1mPT0002000033074862LZ[0m  [2m[Cluster 0][0m
2026-07-10 16:44:58 [INFO]      consumiu MENOS que o habitual às 20h
2026-07-10 16:44:58 [INFO]      [2mReal:[0m 0.0 kWh   [2mHabitual:[0m 13.0 ± 1.3 kWh   [2mz:[0m -10.00   [2mdesvio:[0m -100%   [2m(2 obs. dia_util)[0m
2026-07-10 16:44:58 [INFO] 
2026-07-10 16:44:58 [INFO]   🔵 [94m[1mPT0002000033074862LZ[0m  [2m[Cluster 0][0m
2026-07-10 16:44:58 [INFO]      consumiu MENOS que o habitual às 22h
2026-07-10 16:44:58 [INFO]      [2mReal:[0m 0.0 kWh   [2mHabitual:[0m 12.0 ± 1.2 kWh   [2mz:[0m -10.00   [2mdesvio:[0m -100%   [2m(3 obs. dia_util)[0m
2026-07-10 16:44:58 [INFO] 
2026-07-10 16:44:58 [INFO]   🔵 [94m[1mPT0002000033074862LZ[0m  [2m[Cluster 0][0m
2026-07-10 16:44:58 [INFO]      consumiu MENOS que o habitual às 23h
2026-07-10 16:44:58 [INFO]      [2mReal:[0m 0.0 kWh   [2mHabitual:[0m 11.7 ± 1.2 kWh   [2mz:[0m -10.00   [2mdesvio:[0m -100%   [2m(3 obs. dia_util)[0m
2026-07-10 16:44:58 [INFO] 
2026-07-10 16:44:58 [INFO]   🔴 [91m[1mPT0002000068856872QG[0m  [2m[Cluster 1][0m
2026-07-10 16:44:58 [INFO]      consumiu MAIS que o habitual às 05h
2026-07-10 16:44:58 [INFO]      [2mReal:[0m 3.0 kWh   [2mHabitual:[0m 0.0 ± 0.3 kWh   [2mz:[0m +10.00   [2mdesvio:[0m +300000%   [2m(2 obs. dia_util)[0m
2026-07-10 16:44:58 [INFO] 
2026-07-10 16:44:58 [INFO]   🔴 [91m[1mPT0002000068856952LS[0m  [2m[Cluster 2][0m
2026-07-10 16:44:58 [INFO]      consumiu MAIS que o habitual às 10h
2026-07-10 16:44:58 [INFO]      [2mReal:[0m 4.0 kWh   [2mHabitual:[0m 0.0 ± 0.3 kWh   [2mz:[0m +10.00⁺   [2mdesvio:[0m +400000%   [2m(2 obs. dia_util)[0m
2026-07-10 16:44:58 [INFO] 
2026-07-10 16:44:58 [INFO]   🔴 [91m[1mPT0002000068856952LS[0m  [2m[Cluster 2][0m
2026-07-10 16:44:58 [INFO]      consumiu MAIS que o habitual às 11h
2026-07-10 16:44:58 [INFO]      [2mReal:[0m 4.0 kWh   [2mHabitual:[0m 0.0 ± 0.3 kWh   [2mz:[0m +10.00⁺   [2mdesvio:[0m +400000%   [2m(2 obs. dia_util)[0m
2026-07-10 16:44:58 [INFO] 
2026-07-10 16:44:58 [INFO]   🔴 [91m[1mPT0002000068857909SY[0m  [2m[Cluster 1][0m
2026-07-10 16:44:58 [INFO]      consumiu MAIS que o habitual às 00h
2026-07-10 16:44:58 [INFO]      [2mReal:[0m 11.0 kWh   [2mHabitual:[0m 2.5 ± 0.7 kWh   [2mz:[0m +10.00⁺   [2mdesvio:[0m +340%   [2m(2 obs. dia_util)[0m
2026-07-10 16:44:58 [INFO] 
2026-07-10 16:44:58 [INFO]   🔴 [91m[1mPT0002000068857909SY[0m  [2m[Cluster 1][0m
2026-07-10 16:44:58 [INFO]      consumiu MAIS que o habitual às 09h
2026-07-10 16:44:58 [INFO]      [2mReal:[0m 28.0 kWh   [2mHabitual:[0m 7.0 ± 0.7 kWh   [2mz:[0m +10.00⁺   [2mdesvio:[0m +300%   [2m(2 obs. dia_util)[0m
2026-07-10 16:44:58 [INFO] 
2026-07-10 16:44:58 [INFO]   🔴 [91m[1mPT0002000068857909SY[0m  [2m[Cluster 1][0m
2026-07-10 16:44:58 [INFO]      consumiu MAIS que o habitual às 10h
2026-07-10 16:44:58 [INFO]      [2mReal:[0m 28.0 kWh   [2mHabitual:[0m 7.0 ± 1.4 kWh   [2mz:[0m +10.00⁺   [2mdesvio:[0m +300%   [2m(2 obs. dia_util)[0m
2026-07-10 16:44:58 [INFO] 
2026-07-10 16:44:58 [INFO]   🔴 [91m[1mPT0002000068857909SY[0m  [2m[Cluster 1][0m
2026-07-10 16:44:58 [INFO]      consumiu MAIS que o habitual às 11h
2026-07-10 16:44:58 [INFO]      [2mReal:[0m 29.0 kWh   [2mHabitual:[0m 8.0 ± 1.4 kWh   [2mz:[0m +10.00⁺   [2mdesvio:[0m +262%   [2m(2 obs. dia_util)[0m
2026-07-10 16:44:58 [INFO] 
2026-07-10 16:44:58 [INFO]   🔴 [91m[1mPT0002000068857909SY[0m  [2m[Cluster 1][0m
2026-07-10 16:44:58 [INFO]      consumiu MAIS que o habitual às 12h
2026-07-10 16:44:58 [INFO]      [2mReal:[0m 28.0 kWh   [2mHabitual:[0m 7.5 ± 0.8 kWh   [2mz:[0m +10.00⁺   [2mdesvio:[0m +273%   [2m(2 obs. dia_util)[0m
2026-07-10 16:44:58 [INFO] 
2026-07-10 16:44:58 [INFO]   🔴 [91m[1mPT0002000068857909SY[0m  [2m[Cluster 1][0m
2026-07-10 16:44:58 [INFO]      consumiu MAIS que o habitual às 13h
2026-07-10 16:44:58 [INFO]      [2mReal:[0m 28.0 kWh   [2mHabitual:[0m 6.5 ± 0.7 kWh   [2mz:[0m +10.00⁺   [2mdesvio:[0m +331%   [2m(2 obs. dia_util)[0m
2026-07-10 16:44:58 [INFO] 
2026-07-10 16:44:58 [INFO]   🔴 [91m[1mPT0002000078140706BA[0m  [2m[sem cluster][0m
2026-07-10 16:44:58 [INFO]      consumiu MAIS que o habitual às 10h
2026-07-10 16:44:58 [INFO]      [2mReal:[0m 180.0 kWh   [2mHabitual:[0m 19.0 ± 14.1 kWh   [2mz:[0m +10.00⁺   [2mdesvio:[0m +847%   [2m(2 obs. dia_util)[0m
2026-07-10 16:44:58 [INFO] 
2026-07-10 16:44:58 [INFO]   🔴 [91m[1mPT0002000078140706BA[0m  [2m[sem cluster][0m
2026-07-10 16:44:58 [INFO]      consumiu MAIS que o habitual às 11h
2026-07-10 16:44:58 [INFO]      [2mReal:[0m 176.0 kWh   [2mHabitual:[0m 9.0 ± 1.4 kWh   [2mz:[0m +10.00⁺   [2mdesvio:[0m +1856%   [2m(2 obs. dia_util)[0m
2026-07-10 16:44:58 [INFO] 
2026-07-10 16:44:58 [INFO]   🔴 [91m[1mPT0002000078140706BA[0m  [2m[sem cluster][0m
2026-07-10 16:44:58 [INFO]      consumiu MAIS que o habitual às 12h
2026-07-10 16:44:58 [INFO]      [2mReal:[0m 112.0 kWh   [2mHabitual:[0m 1.0 ± 0.3 kWh   [2mz:[0m +10.00⁺   [2mdesvio:[0m +11100%   [2m(2 obs. dia_util)[0m
2026-07-10 16:44:58 [INFO] 
2026-07-10 16:44:58 [INFO]   🔴 [91m[1mPT0002000078140706BA[0m  [2m[sem cluster][0m
2026-07-10 16:44:58 [INFO]      consumiu MAIS que o habitual às 14h
2026-07-10 16:44:58 [INFO]      [2mReal:[0m 96.0 kWh   [2mHabitual:[0m 6.0 ± 0.6 kWh   [2mz:[0m +10.00⁺   [2mdesvio:[0m +1500%   [2m(2 obs. dia_util)[0m
2026-07-10 16:44:58 [INFO] 
2026-07-10 16:44:58 [INFO]   🔴 [91m[1mPT0002000078140706BA[0m  [2m[sem cluster][0m
2026-07-10 16:44:58 [INFO]      consumiu MAIS que o habitual às 15h
2026-07-10 16:44:58 [INFO]      [2mReal:[0m 74.0 kWh   [2mHabitual:[0m 2.0 ± 0.3 kWh   [2mz:[0m +10.00⁺   [2mdesvio:[0m +3600%   [2m(2 obs. dia_util)[0m
2026-07-10 16:44:58 [INFO] 
2026-07-10 16:44:58 [INFO]   🔴 [91m[1mPT0002000078140706BA[0m  [2m[sem cluster][0m
2026-07-10 16:44:58 [INFO]      consumiu MAIS que o habitual às 16h
2026-07-10 16:44:58 [INFO]      [2mReal:[0m 11.0 kWh   [2mHabitual:[0m 0.5 ± 0.7 kWh   [2mz:[0m +10.00⁺   [2mdesvio:[0m +2100%   [2m(2 obs. dia_util)[0m
2026-07-10 16:44:58 [INFO] 
2026-07-10 16:44:58 [INFO]   🔴 [91m[1mPT0002000078140706BA[0m  [2m[sem cluster][0m
2026-07-10 16:44:58 [INFO]      consumiu MAIS que o habitual às 17h
2026-07-10 16:44:58 [INFO]      [2mReal:[0m 40.0 kWh   [2mHabitual:[0m 0.0 ± 0.3 kWh   [2mz:[0m +10.00⁺   [2mdesvio:[0m +4000000%   [2m(2 obs. dia_util)[0m
2026-07-10 16:44:58 [INFO] 
2026-07-10 16:44:58 [INFO]   🔴 [91m[1mPT0002000078140706BA[0m  [2m[sem cluster][0m
2026-07-10 16:44:58 [INFO]      consumiu MAIS que o habitual às 18h
2026-07-10 16:44:58 [INFO]      [2mReal:[0m 80.0 kWh   [2mHabitual:[0m 14.0 ± 4.2 kWh   [2mz:[0m +10.00⁺   [2mdesvio:[0m +471%   [2m(2 obs. dia_util)[0m
2026-07-10 16:44:58 [INFO] 
2026-07-10 16:44:58 [INFO]   🔴 [91m[1mPT0002000078233981HJ[0m  [2m[Cluster 1][0m
2026-07-10 16:44:58 [INFO]      consumiu MAIS que o habitual às 00h
2026-07-10 16:44:58 [INFO]      [2mReal:[0m 37.0 kWh   [2mHabitual:[0m 2.5 ± 0.7 kWh   [2mz:[0m +10.00⁺   [2mdesvio:[0m +1380%   [2m(2 obs. dia_util)[0m
2026-07-10 16:44:58 [INFO] 
2026-07-10 16:44:58 [INFO]   🔴 [91m[1mPT0002000078233981HJ[0m  [2m[Cluster 1][0m
2026-07-10 16:44:58 [INFO]      consumiu MAIS que o habitual às 01h
2026-07-10 16:44:58 [INFO]      [2mReal:[0m 16.0 kWh   [2mHabitual:[0m 2.5 ± 0.7 kWh   [2mz:[0m +10.00⁺   [2mdesvio:[0m +540%   [2m(2 obs. dia_util)[0m
2026-07-10 16:44:58 [INFO] 
2026-07-10 16:44:58 [INFO]   🔴 [91m[1mPT0002000078233981HJ[0m  [2m[Cluster 1][0m
2026-07-10 16:44:58 [INFO]      consumiu MAIS que o habitual às 16h
2026-07-10 16:44:58 [INFO]      [2mReal:[0m 29.0 kWh   [2mHabitual:[0m 2.5 ± 0.7 kWh   [2mz:[0m +10.00⁺   [2mdesvio:[0m +1060%   [2m(2 obs. dia_util)[0m
2026-07-10 16:44:58 [INFO] 
2026-07-10 16:44:58 [INFO]   🔴 [91m[1mPT0002000078233981HJ[0m  [2m[Cluster 1][0m
2026-07-10 16:44:58 [INFO]      consumiu MAIS que o habitual às 17h
2026-07-10 16:44:58 [INFO]      [2mReal:[0m 33.0 kWh   [2mHabitual:[0m 2.5 ± 0.7 kWh   [2mz:[0m +10.00⁺   [2mdesvio:[0m +1220%   [2m(2 obs. dia_util)[0m
2026-07-10 16:44:58 [INFO] 
2026-07-10 16:44:58 [INFO]   🔴 [91m[1mPT0002000079469719HF[0m  [2m[sem cluster][0m
2026-07-10 16:44:58 [INFO]      consumiu MAIS que o habitual às 11h
2026-07-10 16:44:58 [INFO]      [2mReal:[0m 128.0 kWh   [2mHabitual:[0m 64.0 ± 6.4 kWh   [2mz:[0m +10.00   [2mdesvio:[0m +100%   [2m(2 obs. dia_util)[0m
2026-07-10 16:44:58 [INFO] 
2026-07-10 16:44:58 [INFO]   🔴 [91m[1mPT0002000079469719HF[0m  [2m[sem cluster][0m
2026-07-10 16:44:58 [INFO]      consumiu MAIS que o habitual às 12h
2026-07-10 16:44:58 [INFO]      [2mReal:[0m 125.0 kWh   [2mHabitual:[0m 54.0 ± 5.7 kWh   [2mz:[0m +10.00⁺   [2mdesvio:[0m +131%   [2m(2 obs. dia_util)[0m
2026-07-10 16:44:58 [INFO] 
2026-07-10 16:44:58 [INFO]   🔴 [91m[1mPT0002000079469719HF[0m  [2m[sem cluster][0m
2026-07-10 16:44:58 [INFO]      consumiu MAIS que o habitual às 14h
2026-07-10 16:44:58 [INFO]      [2mReal:[0m 149.0 kWh   [2mHabitual:[0m 38.5 ± 3.9 kWh   [2mz:[0m +10.00⁺   [2mdesvio:[0m +287%   [2m(2 obs. dia_util)[0m
2026-07-10 16:44:58 [INFO] 
2026-07-10 16:44:58 [INFO]   🔴 [91m[1mPT0002000079469719HF[0m  [2m[sem cluster][0m
2026-07-10 16:44:58 [INFO]      consumiu MAIS que o habitual às 15h
2026-07-10 16:44:58 [INFO]      [2mReal:[0m 148.0 kWh   [2mHabitual:[0m 44.5 ± 4.5 kWh   [2mz:[0m +10.00⁺   [2mdesvio:[0m +233%   [2m(2 obs. dia_util)[0m
2026-07-10 16:44:58 [INFO] 
2026-07-10 16:44:58 [INFO]   🔴 [91m[1mPT0002000079469719HF[0m  [2m[sem cluster][0m
2026-07-10 16:44:58 [INFO]      consumiu MAIS que o habitual às 16h
2026-07-10 16:44:58 [INFO]      [2mReal:[0m 122.0 kWh   [2mHabitual:[0m 58.5 ± 5.8 kWh   [2mz:[0m +10.00⁺   [2mdesvio:[0m +109%   [2m(2 obs. dia_util)[0m
2026-07-10 16:44:58 [INFO] 
2026-07-10 16:44:58 [INFO]   🔴 [91m[1mPT0002000081344542CP[0m  [2m[Cluster 1][0m
2026-07-10 16:44:58 [INFO]      consumiu MAIS que o habitual às 03h
2026-07-10 16:44:58 [INFO]      [2mReal:[0m 14.0 kWh   [2mHabitual:[0m 1.5 ± 0.7 kWh   [2mz:[0m +10.00⁺   [2mdesvio:[0m +833%   [2m(2 obs. dia_util)[0m
2026-07-10 16:44:58 [INFO] 
2026-07-10 16:44:58 [INFO]   🔴 [91m[1mPT0002000081344542CP[0m  [2m[Cluster 1][0m
2026-07-10 16:44:58 [INFO]      consumiu MAIS que o habitual às 04h
2026-07-10 16:44:58 [INFO]      [2mReal:[0m 14.0 kWh   [2mHabitual:[0m 1.5 ± 0.7 kWh   [2mz:[0m +10.00⁺   [2mdesvio:[0m +833%   [2m(2 obs. dia_util)[0m
2026-07-10 16:44:58 [INFO] 
2026-07-10 16:44:58 [INFO]   🔴 [91m[1mPT0002000081344542CP[0m  [2m[Cluster 1][0m
2026-07-10 16:44:58 [INFO]      consumiu MAIS que o habitual às 05h
2026-07-10 16:44:58 [INFO]      [2mReal:[0m 12.0 kWh   [2mHabitual:[0m 5.0 ± 0.5 kWh   [2mz:[0m +10.00⁺   [2mdesvio:[0m +140%   [2m(2 obs. dia_util)[0m
2026-07-10 16:44:58 [INFO] 
2026-07-10 16:44:58 [INFO]   🔴 [91m[1mPT0002000102936404ME[0m  [2m[Cluster 1][0m
2026-07-10 16:44:58 [INFO]      consumiu MAIS que o habitual às 12h
2026-07-10 16:44:58 [INFO]      [2mReal:[0m 41.0 kWh   [2mHabitual:[0m 20.5 ± 2.0 kWh   [2mz:[0m +10.00   [2mdesvio:[0m +100%   [2m(2 obs. dia_util)[0m
2026-07-10 16:44:58 [INFO] 
2026-07-10 16:44:58 [INFO]   🔴 [91m[1mPT0002000112989585PH[0m  [2m[Cluster 0][0m
2026-07-10 16:44:58 [INFO]      consumiu MAIS que o habitual às 10h
2026-07-10 16:44:58 [INFO]      [2mReal:[0m 94.0 kWh   [2mHabitual:[0m 24.5 ± 6.4 kWh   [2mz:[0m +10.00⁺   [2mdesvio:[0m +284%   [2m(2 obs. dia_util)[0m
2026-07-10 16:44:58 [INFO] 
2026-07-10 16:44:58 [INFO]   🔴 [91m[1mPT0002000112989585PH[0m  [2m[Cluster 0][0m
2026-07-10 16:44:58 [INFO]      consumiu MAIS que o habitual às 11h
2026-07-10 16:44:58 [INFO]      [2mReal:[0m 91.0 kWh   [2mHabitual:[0m 10.0 ± 2.8 kWh   [2mz:[0m +10.00⁺   [2mdesvio:[0m +810%   [2m(2 obs. dia_util)[0m
2026-07-10 16:44:58 [INFO] 
2026-07-10 16:44:58 [INFO]   🔴 [91m[1mPT0002000112989585PH[0m  [2m[Cluster 0][0m
2026-07-10 16:44:58 [INFO]      consumiu MAIS que o habitual às 12h
2026-07-10 16:44:58 [INFO]      [2mReal:[0m 85.0 kWh   [2mHabitual:[0m 3.5 ± 2.1 kWh   [2mz:[0m +10.00⁺   [2mdesvio:[0m +2329%   [2m(2 obs. dia_util)[0m
2026-07-10 16:44:58 [INFO] 
2026-07-10 16:44:58 [INFO]   🔴 [91m[1mPT0002000112989585PH[0m  [2m[Cluster 0][0m
2026-07-10 16:44:58 [INFO]      consumiu MAIS que o habitual às 15h
2026-07-10 16:44:58 [INFO]      [2mReal:[0m 69.0 kWh   [2mHabitual:[0m 15.0 ± 1.5 kWh   [2mz:[0m +10.00⁺   [2mdesvio:[0m +360%   [2m(2 obs. dia_util)[0m
2026-07-10 16:44:58 [INFO] 
2026-07-10 16:44:58 [INFO]   🔴 [91m[1mPT0002000112989585PH[0m  [2m[Cluster 0][0m
2026-07-10 16:44:58 [INFO]      consumiu MAIS que o habitual às 16h
2026-07-10 16:44:58 [INFO]      [2mReal:[0m 67.0 kWh   [2mHabitual:[0m 25.5 ± 3.5 kWh   [2mz:[0m +10.00⁺   [2mdesvio:[0m +163%   [2m(2 obs. dia_util)[0m
2026-07-10 16:44:58 [INFO] 
2026-07-10 16:44:58 [INFO]   🔴 [91m[1mPT0002000201936109ME[0m  [2m[Cluster 0][0m
2026-07-10 16:44:58 [INFO]      consumiu MAIS que o habitual às 06h
2026-07-10 16:44:58 [INFO]      [2mReal:[0m 8.0 kWh   [2mHabitual:[0m 0.0 ± 0.3 kWh   [2mz:[0m +10.00⁺   [2mdesvio:[0m +800000%   [2m(2 obs. dia_util)[0m
2026-07-10 16:44:58 [INFO] 
2026-07-10 16:44:58 [INFO]   🔴 [91m[1mPT0002000201936109ME[0m  [2m[Cluster 0][0m
2026-07-10 16:44:58 [INFO]      consumiu MAIS que o habitual às 07h
2026-07-10 16:44:58 [INFO]      [2mReal:[0m 13.0 kWh   [2mHabitual:[0m 0.0 ± 0.3 kWh   [2mz:[0m +10.00⁺   [2mdesvio:[0m +1300000%   [2m(2 obs. dia_util)[0m
2026-07-10 16:44:58 [INFO] 
2026-07-10 16:44:58 [INFO]   🔴 [91m[1mPT0002000201936109ME[0m  [2m[Cluster 0][0m
2026-07-10 16:44:58 [INFO]      consumiu MAIS que o habitual às 08h
2026-07-10 16:44:58 [INFO]      [2mReal:[0m 12.0 kWh   [2mHabitual:[0m 0.0 ± 0.3 kWh   [2mz:[0m +10.00⁺   [2mdesvio:[0m +1200000%   [2m(2 obs. dia_util)[0m
2026-07-10 16:44:58 [INFO] 
2026-07-10 16:44:58 [INFO]   🔴 [91m[1mPT0002000201936109ME[0m  [2m[Cluster 0][0m
2026-07-10 16:44:58 [INFO]      consumiu MAIS que o habitual às 09h
2026-07-10 16:44:58 [INFO]      [2mReal:[0m 12.0 kWh   [2mHabitual:[0m 0.0 ± 0.3 kWh   [2mz:[0m +10.00⁺   [2mdesvio:[0m +1200000%   [2m(2 obs. dia_util)[0m
2026-07-10 16:44:58 [INFO] 
2026-07-10 16:44:58 [INFO]   🔴 [91m[1mPT0002000201936109ME[0m  [2m[Cluster 0][0m
2026-07-10 16:44:58 [INFO]      consumiu MAIS que o habitual às 10h
2026-07-10 16:44:58 [INFO]      [2mReal:[0m 12.0 kWh   [2mHabitual:[0m 0.0 ± 0.3 kWh   [2mz:[0m +10.00⁺   [2mdesvio:[0m +1200000%   [2m(2 obs. dia_util)[0m
2026-07-10 16:44:58 [INFO] 
2026-07-10 16:44:58 [INFO]   🔴 [91m[1mPT0002000201936109ME[0m  [2m[Cluster 0][0m
2026-07-10 16:44:58 [INFO]      consumiu MAIS que o habitual às 11h
2026-07-10 16:44:58 [INFO]      [2mReal:[0m 12.0 kWh   [2mHabitual:[0m 0.0 ± 0.3 kWh   [2mz:[0m +10.00⁺   [2mdesvio:[0m +1200000%   [2m(2 obs. dia_util)[0m
2026-07-10 16:44:58 [INFO] 
2026-07-10 16:44:58 [INFO]   🔴 [91m[1mPT0002000201936109ME[0m  [2m[Cluster 0][0m
2026-07-10 16:44:58 [INFO]      consumiu MAIS que o habitual às 12h
2026-07-10 16:44:58 [INFO]      [2mReal:[0m 11.0 kWh   [2mHabitual:[0m 0.0 ± 0.3 kWh   [2mz:[0m +10.00⁺   [2mdesvio:[0m +1100000%   [2m(2 obs. dia_util)[0m
2026-07-10 16:44:58 [INFO] 
2026-07-10 16:44:58 [INFO]   🔴 [91m[1mPT0002000203419117SJ[0m  [2m[sem cluster][0m
2026-07-10 16:44:58 [INFO]      consumiu MAIS que o habitual às 18h
2026-07-10 16:44:58 [INFO]      [2mReal:[0m 4.0 kWh   [2mHabitual:[0m 0.0 ± 0.3 kWh   [2mz:[0m +10.00⁺   [2mdesvio:[0m +400000%   [2m(2 obs. dia_util)[0m
2026-07-10 16:44:58 [INFO] 
2026-07-10 16:44:58 [INFO]   🔴 [91m[1mPT0002000203419117SJ[0m  [2m[sem cluster][0m
2026-07-10 16:44:58 [INFO]      consumiu MAIS que o habitual às 21h
2026-07-10 16:44:58 [INFO]      [2mReal:[0m 4.0 kWh   [2mHabitual:[0m 0.0 ± 0.3 kWh   [2mz:[0m +10.00⁺   [2mdesvio:[0m +400000%   [2m(3 obs. dia_util)[0m
2026-07-10 16:44:58 [INFO] 
2026-07-10 16:44:58 [INFO]   🔴 [91m[1mPT0002000203886452WB[0m  [2m[sem cluster][0m
2026-07-10 16:44:58 [INFO]      consumiu MAIS que o habitual às 00h
2026-07-10 16:44:58 [INFO]      [2mReal:[0m 8.0 kWh   [2mHabitual:[0m 4.0 ± 0.4 kWh   [2mz:[0m +10.00   [2mdesvio:[0m +100%   [2m(2 obs. dia_util)[0m
2026-07-10 16:44:58 [INFO] 
2026-07-10 16:44:58 [INFO]   🔴 [91m[1mPT0002000203886452WB[0m  [2m[sem cluster][0m
2026-07-10 16:44:58 [INFO]      consumiu MAIS que o habitual às 21h
2026-07-10 16:44:58 [INFO]      [2mReal:[0m 8.0 kWh   [2mHabitual:[0m 4.0 ± 0.4 kWh   [2mz:[0m +10.00   [2mdesvio:[0m +100%   [2m(3 obs. dia_util)[0m
2026-07-10 16:44:58 [INFO] 
2026-07-10 16:44:58 [INFO]   🔴 [91m[1mPT0002000112989585PH[0m  [2m[Cluster 0][0m
2026-07-10 16:44:58 [INFO]      consumiu MAIS que o habitual às 14h
2026-07-10 16:44:58 [INFO]      [2mReal:[0m 71.0 kWh   [2mHabitual:[0m 9.5 ± 6.4 kWh   [2mz:[0m +9.66   [2mdesvio:[0m +647%   [2m(2 obs. dia_util)[0m
2026-07-10 16:44:58 [INFO] 
2026-07-10 16:44:58 [INFO]   🔴 [91m[1mPT0002000068857909SY[0m  [2m[Cluster 1][0m
2026-07-10 16:44:58 [INFO]      consumiu MAIS que o habitual às 14h
2026-07-10 16:44:58 [INFO]      [2mReal:[0m 14.0 kWh   [2mHabitual:[0m 7.5 ± 0.8 kWh   [2mz:[0m +8.67   [2mdesvio:[0m +87%   [2m(2 obs. dia_util)[0m
2026-07-10 16:44:58 [INFO] 
2026-07-10 16:44:58 [INFO]   🔴 [91m[1mPT0002000071896778MT[0m  [2m[Cluster 0][0m
2026-07-10 16:44:58 [INFO]      consumiu MAIS que o habitual às 06h
2026-07-10 16:44:58 [INFO]      [2mReal:[0m 16.0 kWh   [2mHabitual:[0m 4.0 ± 1.4 kWh   [2mz:[0m +8.49   [2mdesvio:[0m +300%   [2m(2 obs. dia_util)[0m
2026-07-10 16:44:58 [INFO] 
2026-07-10 16:44:58 [INFO]   🔴 [91m[1mPT0002000075637532JB[0m  [2m[Cluster 0][0m
2026-07-10 16:44:58 [INFO]      consumiu MAIS que o habitual às 15h
2026-07-10 16:44:58 [INFO]      [2mReal:[0m 24.0 kWh   [2mHabitual:[0m 13.5 ± 1.4 kWh   [2mz:[0m +7.78   [2mdesvio:[0m +78%   [2m(2 obs. dia_util)[0m
2026-07-10 16:44:58 [INFO] 
2026-07-10 16:44:58 [INFO]   🔵 [94m[1mPT0002000073720434JD[0m  [2m[sem cluster][0m
2026-07-10 16:44:58 [INFO]      consumiu MENOS que o habitual às 13h
2026-07-10 16:44:58 [INFO]      [2mReal:[0m 19.0 kWh   [2mHabitual:[0m 84.5 ± 8.4 kWh   [2mz:[0m -7.75   [2mdesvio:[0m -78%   [2m(2 obs. dia_util)[0m
2026-07-10 16:44:58 [INFO] 
2026-07-10 16:44:58 [INFO]   🔵 [94m[1mPT0002000073720434JD[0m  [2m[sem cluster][0m
2026-07-10 16:44:58 [INFO]      consumiu MENOS que o habitual às 08h
2026-07-10 16:44:58 [INFO]      [2mReal:[0m 19.0 kWh   [2mHabitual:[0m 83.0 ± 8.3 kWh   [2mz:[0m -7.71   [2mdesvio:[0m -77%   [2m(2 obs. dia_util)[0m
2026-07-10 16:44:58 [INFO] 
2026-07-10 16:44:58 [INFO]   🔵 [94m[1mPT0002000073720434JD[0m  [2m[sem cluster][0m
2026-07-10 16:44:58 [INFO]      consumiu MENOS que o habitual às 14h
2026-07-10 16:44:58 [INFO]      [2mReal:[0m 20.0 kWh   [2mHabitual:[0m 85.0 ± 8.5 kWh   [2mz:[0m -7.65   [2mdesvio:[0m -76%   [2m(2 obs. dia_util)[0m
2026-07-10 16:44:58 [INFO] 
2026-07-10 16:44:58 [INFO]   🔵 [94m[1mPT0002000110090564GD[0m  [2m[Cluster 1][0m
2026-07-10 16:44:58 [INFO]      consumiu MENOS que o habitual às 10h
2026-07-10 16:44:58 [INFO]      [2mReal:[0m 7.0 kWh   [2mHabitual:[0m 29.5 ± 3.0 kWh   [2mz:[0m -7.63   [2mdesvio:[0m -76%   [2m(2 obs. dia_util)[0m
2026-07-10 16:44:58 [INFO] 
2026-07-10 16:44:58 [INFO]   🔵 [94m[1mPT0002000073720434JD[0m  [2m[sem cluster][0m
2026-07-10 16:44:58 [INFO]      consumiu MENOS que o habitual às 11h
2026-07-10 16:44:58 [INFO]      [2mReal:[0m 20.0 kWh   [2mHabitual:[0m 84.0 ± 8.4 kWh   [2mz:[0m -7.62   [2mdesvio:[0m -76%   [2m(2 obs. dia_util)[0m
2026-07-10 16:44:58 [INFO] 
2026-07-10 16:44:58 [INFO]   🔵 [94m[1mPT0002000073720434JD[0m  [2m[sem cluster][0m
2026-07-10 16:44:58 [INFO]      consumiu MENOS que o habitual às 16h
2026-07-10 16:44:58 [INFO]      [2mReal:[0m 20.0 kWh   [2mHabitual:[0m 83.0 ± 8.3 kWh   [2mz:[0m -7.59   [2mdesvio:[0m -76%   [2m(2 obs. dia_util)[0m
2026-07-10 16:44:58 [INFO] 
2026-07-10 16:44:58 [INFO]   🔵 [94m[1mPT0002000073720434JD[0m  [2m[sem cluster][0m
2026-07-10 16:44:58 [INFO]      consumiu MENOS que o habitual às 09h
2026-07-10 16:44:58 [INFO]      [2mReal:[0m 20.0 kWh   [2mHabitual:[0m 82.0 ± 8.2 kWh   [2mz:[0m -7.56   [2mdesvio:[0m -76%   [2m(2 obs. dia_util)[0m
2026-07-10 16:44:58 [INFO] 
2026-07-10 16:44:58 [INFO]   🔵 [94m[1mPT0002000073720434JD[0m  [2m[sem cluster][0m
2026-07-10 16:44:58 [INFO]      consumiu MENOS que o habitual às 07h
2026-07-10 16:44:58 [INFO]      [2mReal:[0m 21.0 kWh   [2mHabitual:[0m 84.5 ± 8.4 kWh   [2mz:[0m -7.51   [2mdesvio:[0m -75%   [2m(2 obs. dia_util)[0m
2026-07-10 16:44:58 [INFO] 
2026-07-10 16:44:58 [INFO]   🔵 [94m[1mPT0002000073720434JD[0m  [2m[sem cluster][0m
2026-07-10 16:44:58 [INFO]      consumiu MENOS que o habitual às 10h
2026-07-10 16:44:58 [INFO]      [2mReal:[0m 21.0 kWh   [2mHabitual:[0m 84.0 ± 8.4 kWh   [2mz:[0m -7.50   [2mdesvio:[0m -75%   [2m(2 obs. dia_util)[0m
2026-07-10 16:44:58 [INFO] 
2026-07-10 16:44:58 [INFO]   🔵 [94m[1mPT0002000110090564GD[0m  [2m[Cluster 1][0m
2026-07-10 16:44:58 [INFO]      consumiu MENOS que o habitual às 09h
2026-07-10 16:44:58 [INFO]      [2mReal:[0m 7.0 kWh   [2mHabitual:[0m 28.0 ± 2.8 kWh   [2mz:[0m -7.50   [2mdesvio:[0m -75%   [2m(2 obs. dia_util)[0m
2026-07-10 16:44:58 [INFO] 
2026-07-10 16:44:58 [INFO]   🔵 [94m[1mPT0002000073720434JD[0m  [2m[sem cluster][0m
2026-07-10 16:44:58 [INFO]      consumiu MENOS que o habitual às 15h
2026-07-10 16:44:58 [INFO]      [2mReal:[0m 21.0 kWh   [2mHabitual:[0m 83.5 ± 8.3 kWh   [2mz:[0m -7.49   [2mdesvio:[0m -75%   [2m(2 obs. dia_util)[0m
2026-07-10 16:44:58 [INFO] 
2026-07-10 16:44:58 [INFO]   🔵 [94m[1mPT0002000073720434JD[0m  [2m[sem cluster][0m
2026-07-10 16:44:58 [INFO]      consumiu MENOS que o habitual às 06h
2026-07-10 16:44:58 [INFO]      [2mReal:[0m 22.0 kWh   [2mHabitual:[0m 86.5 ± 8.7 kWh   [2mz:[0m -7.46   [2mdesvio:[0m -75%   [2m(2 obs. dia_util)[0m
2026-07-10 16:44:58 [INFO] 
2026-07-10 16:44:58 [INFO]   🔵 [94m[1mPT0002000073720434JD[0m  [2m[sem cluster][0m
2026-07-10 16:44:58 [INFO]      consumiu MENOS que o habitual às 12h
2026-07-10 16:44:58 [INFO]      [2mReal:[0m 22.0 kWh   [2mHabitual:[0m 83.0 ± 8.3 kWh   [2mz:[0m -7.35   [2mdesvio:[0m -73%   [2m(2 obs. dia_util)[0m
2026-07-10 16:44:58 [INFO] 
2026-07-10 16:44:58 [INFO]   🔵 [94m[1mPT0002000073720434JD[0m  [2m[sem cluster][0m
2026-07-10 16:44:58 [INFO]      consumiu MENOS que o habitual às 17h
2026-07-10 16:44:58 [INFO]      [2mReal:[0m 23.0 kWh   [2mHabitual:[0m 85.0 ± 8.5 kWh   [2mz:[0m -7.29   [2mdesvio:[0m -73%   [2m(2 obs. dia_util)[0m
2026-07-10 16:44:58 [INFO] 
2026-07-10 16:44:58 [INFO]   🔴 [91m[1mPT0002000078140706BA[0m  [2m[sem cluster][0m
2026-07-10 16:44:58 [INFO]      consumiu MAIS que o habitual às 13h
2026-07-10 16:44:58 [INFO]      [2mReal:[0m 63.0 kWh   [2mHabitual:[0m 8.5 ± 7.8 kWh   [2mz:[0m +7.01   [2mdesvio:[0m +641%   [2m(2 obs. dia_util)[0m
2026-07-10 16:44:58 [INFO] 
2026-07-10 16:44:58 [INFO]   🔴 [91m[1mPT0002000068856826ZG[0m  [2m[sem cluster][0m
2026-07-10 16:44:58 [INFO]      consumiu MAIS que o habitual às 08h
2026-07-10 16:44:58 [INFO]      [2mReal:[0m 472.0 kWh   [2mHabitual:[0m 253.5 ± 31.8 kWh   [2mz:[0m +6.87   [2mdesvio:[0m +86%   [2m(2 obs. dia_util)[0m
2026-07-10 16:44:58 [INFO] 
2026-07-10 16:44:58 [INFO]   🔴 [91m[1mPT0002000068857099AR[0m  [2m[Cluster 1][0m
2026-07-10 16:44:58 [INFO]      consumiu MAIS que o habitual às 20h
2026-07-10 16:44:58 [INFO]      [2mReal:[0m 29.0 kWh   [2mHabitual:[0m 14.5 ± 2.1 kWh   [2mz:[0m +6.84   [2mdesvio:[0m +100%   [2m(2 obs. dia_util)[0m
2026-07-10 16:44:58 [INFO] 
2026-07-10 16:44:58 [INFO]   🔴 [91m[1mPT0002000068856872QG[0m  [2m[Cluster 1][0m
2026-07-10 16:44:58 [INFO]      consumiu MAIS que o habitual às 18h
2026-07-10 16:44:58 [INFO]      [2mReal:[0m 2.0 kWh   [2mHabitual:[0m 0.0 ± 0.3 kWh   [2mz:[0m +6.67   [2mdesvio:[0m +200000%   [2m(2 obs. dia_util)[0m
2026-07-10 16:44:58 [INFO] 
2026-07-10 16:44:58 [INFO]   🔵 [94m[1mPT0002000073720434JD[0m  [2m[sem cluster][0m
2026-07-10 16:44:58 [INFO]      consumiu MENOS que o habitual às 05h
2026-07-10 16:44:58 [INFO]      [2mReal:[0m 30.0 kWh   [2mHabitual:[0m 86.0 ± 8.6 kWh   [2mz:[0m -6.51   [2mdesvio:[0m -65%   [2m(2 obs. dia_util)[0m
2026-07-10 16:44:58 [INFO] 
2026-07-10 16:44:58 [INFO]   🔵 [94m[1mPT0002000073720434JD[0m  [2m[sem cluster][0m
2026-07-10 16:44:58 [INFO]      consumiu MENOS que o habitual às 18h
2026-07-10 16:44:58 [INFO]      [2mReal:[0m 30.0 kWh   [2mHabitual:[0m 86.0 ± 8.6 kWh   [2mz:[0m -6.51   [2mdesvio:[0m -65%   [2m(2 obs. dia_util)[0m
2026-07-10 16:44:58 [INFO] 
2026-07-10 16:44:58 [INFO]   🔵 [94m[1mPT0002000068856826ZG[0m  [2m[sem cluster][0m
2026-07-10 16:44:58 [INFO]      consumiu MENOS que o habitual às 13h
2026-07-10 16:44:58 [INFO]      [2mReal:[0m 160.0 kWh   [2mHabitual:[0m 447.5 ± 44.8 kWh   [2mz:[0m -6.42   [2mdesvio:[0m -64%   [2m(2 obs. dia_util)[0m
2026-07-10 16:44:58 [INFO] 
2026-07-10 16:44:58 [INFO]   🔵 [94m[1mPT0002000073720434JD[0m  [2m[sem cluster][0m
2026-07-10 16:44:58 [INFO]      consumiu MENOS que o habitual às 03h
2026-07-10 16:44:58 [INFO]      [2mReal:[0m 31.0 kWh   [2mHabitual:[0m 86.5 ± 8.7 kWh   [2mz:[0m -6.42   [2mdesvio:[0m -64%   [2m(2 obs. dia_util)[0m
2026-07-10 16:44:58 [INFO] 
2026-07-10 16:44:58 [INFO]   🔵 [94m[1mPT0002000073720434JD[0m  [2m[sem cluster][0m
2026-07-10 16:44:58 [INFO]      consumiu MENOS que o habitual às 04h
2026-07-10 16:44:58 [INFO]      [2mReal:[0m 31.0 kWh   [2mHabitual:[0m 86.5 ± 8.7 kWh   [2mz:[0m -6.42   [2mdesvio:[0m -64%   [2m(2 obs. dia_util)[0m
2026-07-10 16:44:58 [INFO] 
2026-07-10 16:44:58 [INFO]   🔵 [94m[1mPT0002000033074862LZ[0m  [2m[Cluster 0][0m
2026-07-10 16:44:58 [INFO]      consumiu MENOS que o habitual às 21h
2026-07-10 16:44:58 [INFO]      [2mReal:[0m 0.0 kWh   [2mHabitual:[0m 11.0 ± 1.7 kWh   [2mz:[0m -6.35   [2mdesvio:[0m -100%   [2m(3 obs. dia_util)[0m
2026-07-10 16:44:58 [INFO] 
2026-07-10 16:44:58 [INFO]   🔵 [94m[1mPT0002000073720434JD[0m  [2m[sem cluster][0m
2026-07-10 16:44:58 [INFO]      consumiu MENOS que o habitual às 01h
2026-07-10 16:44:58 [INFO]      [2mReal:[0m 32.0 kWh   [2mHabitual:[0m 87.5 ± 8.8 kWh   [2mz:[0m -6.34   [2mdesvio:[0m -63%   [2m(2 obs. dia_util)[0m
2026-07-10 16:44:58 [INFO] 
2026-07-10 16:44:58 [INFO]   🔵 [94m[1mPT0002000073720434JD[0m  [2m[sem cluster][0m
2026-07-10 16:44:58 [INFO]      consumiu MENOS que o habitual às 02h
2026-07-10 16:44:58 [INFO]      [2mReal:[0m 32.0 kWh   [2mHabitual:[0m 87.0 ± 8.7 kWh   [2mz:[0m -6.32   [2mdesvio:[0m -63%   [2m(2 obs. dia_util)[0m
2026-07-10 16:44:58 [INFO] 
2026-07-10 16:44:58 [INFO]   🔵 [94m[1mPT0002000073720434JD[0m  [2m[sem cluster][0m
2026-07-10 16:44:58 [INFO]      consumiu MENOS que o habitual às 00h
2026-07-10 16:44:58 [INFO]      [2mReal:[0m 33.0 kWh   [2mHabitual:[0m 87.0 ± 8.7 kWh   [2mz:[0m -6.21   [2mdesvio:[0m -62%   [2m(2 obs. dia_util)[0m
2026-07-10 16:44:58 [INFO] 
2026-07-10 16:44:58 [INFO]   🔴 [91m[1mPT0002000068856906VS[0m  [2m[Cluster 0][0m
2026-07-10 16:44:58 [INFO]      consumiu MAIS que o habitual às 16h
2026-07-10 16:44:58 [INFO]      [2mReal:[0m 34.0 kWh   [2mHabitual:[0m 21.0 ± 2.1 kWh   [2mz:[0m +6.19   [2mdesvio:[0m +62%   [2m(2 obs. dia_util)[0m
2026-07-10 16:44:58 [INFO] 
2026-07-10 16:44:58 [INFO]   🔴 [91m[1mPT0002000068857099AR[0m  [2m[Cluster 1][0m
2026-07-10 16:44:58 [INFO]      consumiu MAIS que o habitual às 05h
2026-07-10 16:44:58 [INFO]      [2mReal:[0m 8.0 kWh   [2mHabitual:[0m 5.0 ± 0.5 kWh   [2mz:[0m +6.00   [2mdesvio:[0m +60%   [2m(2 obs. dia_util)[0m
2026-07-10 16:44:58 [INFO] 
2026-07-10 16:44:58 [INFO]   🔴 [91m[1mPT0002000068856267NC[0m  [2m[sem cluster][0m
2026-07-10 16:44:58 [INFO]      consumiu MAIS que o habitual às 10h
2026-07-10 16:44:58 [INFO]      [2mReal:[0m 88.0 kWh   [2mHabitual:[0m 55.5 ± 5.5 kWh   [2mz:[0m +5.86   [2mdesvio:[0m +59%   [2m(2 obs. dia_util)[0m
2026-07-10 16:44:58 [INFO] 
2026-07-10 16:44:58 [INFO]   🔴 [91m[1mPT0002000068856655YV[0m  [2m[Cluster 0][0m
2026-07-10 16:44:58 [INFO]      consumiu MAIS que o habitual às 21h
2026-07-10 16:44:58 [INFO]      [2mReal:[0m 10.0 kWh   [2mHabitual:[0m 3.3 ± 1.1 kWh   [2mz:[0m +5.77   [2mdesvio:[0m +200%   [2m(3 obs. dia_util)[0m
2026-07-10 16:44:58 [INFO] 
2026-07-10 16:44:58 [INFO]   🔴 [91m[1mPT0002000068858674WN[0m  [2m[sem cluster][0m
2026-07-10 16:44:58 [INFO]      consumiu MAIS que o habitual às 21h
2026-07-10 16:44:58 [INFO]      [2mReal:[0m 24.0 kWh   [2mHabitual:[0m 10.7 ± 2.3 kWh   [2mz:[0m +5.77   [2mdesvio:[0m +125%   [2m(3 obs. dia_util)[0m
2026-07-10 16:44:58 [INFO] 
2026-07-10 16:44:58 [INFO]   🔵 [94m[1mPT0002000073720434JD[0m  [2m[sem cluster][0m
2026-07-10 16:44:58 [INFO]      consumiu MENOS que o habitual às 19h
2026-07-10 16:44:58 [INFO]      [2mReal:[0m 37.0 kWh   [2mHabitual:[0m 86.5 ± 8.7 kWh   [2mz:[0m -5.72   [2mdesvio:[0m -57%   [2m(2 obs. dia_util)[0m
2026-07-10 16:44:58 [INFO] 
2026-07-10 16:44:58 [INFO]   🔴 [91m[1mPT0002000102936404ME[0m  [2m[Cluster 1][0m
2026-07-10 16:44:58 [INFO]      consumiu MAIS que o habitual às 11h
2026-07-10 16:44:58 [INFO]      [2mReal:[0m 42.0 kWh   [2mHabitual:[0m 27.0 ± 2.7 kWh   [2mz:[0m +5.56   [2mdesvio:[0m +56%   [2m(2 obs. dia_util)[0m
2026-07-10 16:44:58 [INFO] 
2026-07-10 16:44:58 [INFO]   🔴 [91m[1mPT0002000079469719HF[0m  [2m[sem cluster][0m
2026-07-10 16:44:58 [INFO]      consumiu MAIS que o habitual às 17h
2026-07-10 16:44:58 [INFO]      [2mReal:[0m 128.0 kWh   [2mHabitual:[0m 82.5 ± 8.2 kWh   [2mz:[0m +5.52   [2mdesvio:[0m +55%   [2m(2 obs. dia_util)[0m
2026-07-10 16:44:58 [INFO] 
2026-07-10 16:44:58 [INFO]   🔴 [91m[1mPT0002000068859597LS[0m  [2m[Cluster 0][0m
2026-07-10 16:44:58 [INFO]      consumiu MAIS que o habitual às 00h
2026-07-10 16:44:58 [INFO]      [2mReal:[0m 48.0 kWh   [2mHabitual:[0m 31.0 ± 3.1 kWh   [2mz:[0m +5.48   [2mdesvio:[0m +55%   [2m(2 obs. dia_util)[0m
2026-07-10 16:44:58 [INFO] 
2026-07-10 16:44:58 [INFO]   🔴 [91m[1mPT0002000075637532JB[0m  [2m[Cluster 0][0m
2026-07-10 16:44:58 [INFO]      consumiu MAIS que o habitual às 13h
2026-07-10 16:44:58 [INFO]      [2mReal:[0m 29.0 kWh   [2mHabitual:[0m 17.5 ± 2.1 kWh   [2mz:[0m +5.42   [2mdesvio:[0m +66%   [2m(2 obs. dia_util)[0m
2026-07-10 16:44:58 [INFO] 
2026-07-10 16:44:58 [INFO]   🔵 [94m[1mPT0002000119303492KB[0m  [2m[Cluster 0][0m
2026-07-10 16:44:58 [INFO]      consumiu MENOS que o habitual às 17h
2026-07-10 16:44:58 [INFO]      [2mReal:[0m 11.0 kWh   [2mHabitual:[0m 24.0 ± 2.4 kWh   [2mz:[0m -5.42   [2mdesvio:[0m -54%   [2m(2 obs. dia_util)[0m
2026-07-10 16:44:58 [INFO] 
2026-07-10 16:44:58 [INFO]   🔴 [91m[1mPT0002000068856906VS[0m  [2m[Cluster 0][0m
2026-07-10 16:44:58 [INFO]      consumiu MAIS que o habitual às 10h
2026-07-10 16:44:58 [INFO]      [2mReal:[0m 41.0 kWh   [2mHabitual:[0m 22.5 ± 3.5 kWh   [2mz:[0m +5.23   [2mdesvio:[0m +82%   [2m(2 obs. dia_util)[0m
2026-07-10 16:44:58 [INFO] 
2026-07-10 16:44:58 [INFO]   🔵 [94m[1mPT0002000110607652SB[0m  [2m[Cluster 0][0m
2026-07-10 16:44:58 [INFO]      consumiu MENOS que o habitual às 04h
2026-07-10 16:44:58 [INFO]      [2mReal:[0m 4.0 kWh   [2mHabitual:[0m 8.0 ± 0.8 kWh   [2mz:[0m -5.00   [2mdesvio:[0m -50%   [2m(2 obs. dia_util)[0m
2026-07-10 16:44:58 [INFO] 
2026-07-10 16:44:58 [INFO]   🔵 [94m[1mPT0002000110607652SB[0m  [2m[Cluster 0][0m
2026-07-10 16:44:58 [INFO]      consumiu MENOS que o habitual às 12h
2026-07-10 16:44:58 [INFO]      [2mReal:[0m 40.0 kWh   [2mHabitual:[0m 80.0 ± 8.0 kWh   [2mz:[0m -5.00   [2mdesvio:[0m -50%   [2m(2 obs. dia_util)[0m
2026-07-10 16:44:58 [INFO] 
2026-07-10 16:44:58 [INFO]   🔴 [91m[1mPT0002000115031201VQ[0m  [2m[Cluster 0][0m
2026-07-10 16:44:58 [INFO]      consumiu MAIS que o habitual às 06h
2026-07-10 16:44:58 [INFO]      [2mReal:[0m 6.0 kWh   [2mHabitual:[0m 4.0 ± 0.4 kWh   [2mz:[0m +5.00   [2mdesvio:[0m +50%   [2m(2 obs. dia_util)[0m
2026-07-10 16:44:58 [INFO] 
2026-07-10 16:44:58 [INFO]   🔴 [91m[1mPT0002000068856952LS[0m  [2m[Cluster 2][0m
2026-07-10 16:44:58 [INFO]      consumiu MAIS que o habitual às 09h
2026-07-10 16:44:58 [INFO]      [2mReal:[0m 4.0 kWh   [2mHabitual:[0m 0.5 ± 0.7 kWh   [2mz:[0m +4.95   [2mdesvio:[0m +700%   [2m(2 obs. dia_util)[0m
2026-07-10 16:44:58 [INFO] 
2026-07-10 16:44:58 [INFO]   🔴 [91m[1mPT0002000068856952LS[0m  [2m[Cluster 2][0m
2026-07-10 16:44:58 [INFO]      consumiu MAIS que o habitual às 12h
2026-07-10 16:44:58 [INFO]      [2mReal:[0m 4.0 kWh   [2mHabitual:[0m 0.5 ± 0.7 kWh   [2mz:[0m +4.95   [2mdesvio:[0m +700%   [2m(2 obs. dia_util)[0m
2026-07-10 16:44:58 [INFO] 
2026-07-10 16:44:58 [INFO]   🔴 [91m[1mPT0002000115673471CB[0m  [2m[Cluster 0][0m
2026-07-10 16:44:58 [INFO]      consumiu MAIS que o habitual às 11h
2026-07-10 16:44:58 [INFO]      [2mReal:[0m 83.0 kWh   [2mHabitual:[0m 55.5 ± 5.5 kWh   [2mz:[0m +4.95   [2mdesvio:[0m +50%   [2m(2 obs. dia_util)[0m
2026-07-10 16:44:58 [INFO] 
2026-07-10 16:44:58 [INFO]   🔵 [94m[1mPT0002000033074862LZ[0m  [2m[Cluster 0][0m
2026-07-10 16:44:58 [INFO]      consumiu MENOS que o habitual às 18h
2026-07-10 16:44:58 [INFO]      [2mReal:[0m 0.0 kWh   [2mHabitual:[0m 27.0 ± 5.7 kWh   [2mz:[0m -4.77   [2mdesvio:[0m -100%   [2m(2 obs. dia_util)[0m
2026-07-10 16:44:58 [INFO] 
2026-07-10 16:44:58 [INFO]   🔴 [91m[1mPT0002000073481266XH[0m  [2m[Cluster 0][0m
2026-07-10 16:44:58 [INFO]      consumiu MAIS que o habitual às 11h
2026-07-10 16:44:58 [INFO]      [2mReal:[0m 53.0 kWh   [2mHabitual:[0m 36.0 ± 3.6 kWh   [2mz:[0m +4.72   [2mdesvio:[0m +47%   [2m(2 obs. dia_util)[0m
2026-07-10 16:44:58 [INFO] 
2026-07-10 16:44:58 [INFO]   🔴 [91m[1mPT0002000078140706BA[0m  [2m[sem cluster][0m
2026-07-10 16:44:58 [INFO]      consumiu MAIS que o habitual às 07h
2026-07-10 16:44:58 [INFO]      [2mReal:[0m 91.0 kWh   [2mHabitual:[0m 54.5 ± 7.8 kWh   [2mz:[0m +4.69   [2mdesvio:[0m +67%   [2m(2 obs. dia_util)[0m
2026-07-10 16:44:58 [INFO] 
2026-07-10 16:44:58 [INFO]   🔵 [94m[1mPT0002000110607652SB[0m  [2m[Cluster 0][0m
2026-07-10 16:44:58 [INFO]      consumiu MENOS que o habitual às 14h
2026-07-10 16:44:58 [INFO]      [2mReal:[0m 52.0 kWh   [2mHabitual:[0m 98.0 ± 9.8 kWh   [2mz:[0m -4.69   [2mdesvio:[0m -47%   [2m(2 obs. dia_util)[0m
2026-07-10 16:44:58 [INFO] 
2026-07-10 16:44:58 [INFO]   🔴 [91m[1mPT0002000068859187RL[0m  [2m[Cluster 0][0m
2026-07-10 16:44:58 [INFO]      consumiu MAIS que o habitual às 09h
2026-07-10 16:44:58 [INFO]      [2mReal:[0m 89.0 kWh   [2mHabitual:[0m 59.5 ± 6.4 kWh   [2mz:[0m +4.64   [2mdesvio:[0m +50%   [2m(2 obs. dia_util)[0m
2026-07-10 16:44:58 [INFO] 
2026-07-10 16:44:58 [INFO]   🔴 [91m[1mPT0002000068859187RL[0m  [2m[Cluster 0][0m
2026-07-10 16:44:58 [INFO]      consumiu MAIS que o habitual às 15h
2026-07-10 16:44:58 [INFO]      [2mReal:[0m 82.0 kWh   [2mHabitual:[0m 56.0 ± 5.6 kWh   [2mz:[0m +4.64   [2mdesvio:[0m +46%   [2m(2 obs. dia_util)[0m
2026-07-10 16:44:58 [INFO] 
2026-07-10 16:44:58 [INFO]   🔵 [94m[1mPT0002000110607652SB[0m  [2m[Cluster 0][0m
2026-07-10 16:44:58 [INFO]      consumiu MENOS que o habitual às 13h
2026-07-10 16:44:58 [INFO]      [2mReal:[0m 40.0 kWh   [2mHabitual:[0m 92.0 ± 11.3 kWh   [2mz:[0m -4.60   [2mdesvio:[0m -57%   [2m(2 obs. dia_util)[0m
2026-07-10 16:44:58 [INFO] 
2026-07-10 16:44:58 [INFO]   🔵 [94m[1mPT0002000110607652SB[0m  [2m[Cluster 0][0m
2026-07-10 16:44:58 [INFO]      consumiu MENOS que o habitual às 18h
2026-07-10 16:44:58 [INFO]      [2mReal:[0m 40.0 kWh   [2mHabitual:[0m 74.0 ± 7.4 kWh   [2mz:[0m -4.59   [2mdesvio:[0m -46%   [2m(2 obs. dia_util)[0m
2026-07-10 16:44:58 [INFO] 
2026-07-10 16:44:58 [INFO]   🔴 [91m[1mPT0002000068859382XF[0m  [2m[Cluster 0][0m
2026-07-10 16:44:58 [INFO]      consumiu MAIS que o habitual às 18h
2026-07-10 16:44:58 [INFO]      [2mReal:[0m 69.0 kWh   [2mHabitual:[0m 47.5 ± 4.8 kWh   [2mz:[0m +4.53   [2mdesvio:[0m +45%   [2m(2 obs. dia_util)[0m
2026-07-10 16:44:58 [INFO] 
2026-07-10 16:44:58 [INFO]   🔴 [91m[1mPT0002000079469719HF[0m  [2m[sem cluster][0m
2026-07-10 16:44:58 [INFO]      consumiu MAIS que o habitual às 13h
2026-07-10 16:44:58 [INFO]      [2mReal:[0m 126.0 kWh   [2mHabitual:[0m 52.5 ± 16.3 kWh   [2mz:[0m +4.52   [2mdesvio:[0m +140%   [2m(2 obs. dia_util)[0m
2026-07-10 16:44:58 [INFO] 
2026-07-10 16:44:58 [INFO]   🔵 [94m[1mPT0002000068856826ZG[0m  [2m[sem cluster][0m
2026-07-10 16:44:58 [INFO]      consumiu MENOS que o habitual às 06h
2026-07-10 16:44:58 [INFO]      [2mReal:[0m 112.0 kWh   [2mHabitual:[0m 203.5 ± 20.4 kWh   [2mz:[0m -4.50   [2mdesvio:[0m -45%   [2m(2 obs. dia_util)[0m
2026-07-10 16:44:58 [INFO] 
2026-07-10 16:44:58 [INFO]   🔵 [94m[1mPT0002000077348081AG[0m  [2m[sem cluster][0m
2026-07-10 16:44:58 [INFO]      consumiu MENOS que o habitual às 18h
2026-07-10 16:44:58 [INFO]      [2mReal:[0m 169.0 kWh   [2mHabitual:[0m 307.5 ± 30.8 kWh   [2mz:[0m -4.50   [2mdesvio:[0m -45%   [2m(2 obs. dia_util)[0m
2026-07-10 16:44:58 [INFO] 
2026-07-10 16:44:58 [INFO]   🔴 [91m[1mPT0002000068856267NC[0m  [2m[sem cluster][0m
2026-07-10 16:44:58 [INFO]      consumiu MAIS que o habitual às 15h
2026-07-10 16:44:58 [INFO]      [2mReal:[0m 78.0 kWh   [2mHabitual:[0m 54.0 ± 5.4 kWh   [2mz:[0m +4.44   [2mdesvio:[0m +44%   [2m(2 obs. dia_util)[0m
2026-07-10 16:44:58 [INFO] 
2026-07-10 16:44:58 [INFO]   🔵 [94m[1mPT0002000119303492KB[0m  [2m[Cluster 0][0m
2026-07-10 16:44:58 [INFO]      consumiu MENOS que o habitual às 15h
2026-07-10 16:44:58 [INFO]      [2mReal:[0m 17.0 kWh   [2mHabitual:[0m 30.5 ± 3.0 kWh   [2mz:[0m -4.43   [2mdesvio:[0m -44%   [2m(2 obs. dia_util)[0m
2026-07-10 16:44:58 [INFO] 
2026-07-10 16:44:58 [INFO]   🔴 [91m[1mPT0002000068859187RL[0m  [2m[Cluster 0][0m
2026-07-10 16:44:58 [INFO]      consumiu MAIS que o habitual às 08h
2026-07-10 16:44:58 [INFO]      [2mReal:[0m 75.0 kWh   [2mHabitual:[0m 52.0 ± 5.2 kWh   [2mz:[0m +4.42   [2mdesvio:[0m +44%   [2m(2 obs. dia_util)[0m
2026-07-10 16:44:58 [INFO] 
2026-07-10 16:44:58 [INFO]   🔵 [94m[1mPT0002000068856826ZG[0m  [2m[sem cluster][0m
2026-07-10 16:44:58 [INFO]      consumiu MENOS que o habitual às 03h
2026-07-10 16:44:58 [INFO]      [2mReal:[0m 115.0 kWh   [2mHabitual:[0m 205.5 ± 20.6 kWh   [2mz:[0m -4.40   [2mdesvio:[0m -44%   [2m(2 obs. dia_util)[0m
2026-07-10 16:44:58 [INFO] 
2026-07-10 16:44:58 [INFO]   🔴 [91m[1mPT0002000112989585PH[0m  [2m[Cluster 0][0m
2026-07-10 16:44:58 [INFO]      consumiu MAIS que o habitual às 13h
2026-07-10 16:44:58 [INFO]      [2mReal:[0m 87.0 kWh   [2mHabitual:[0m 15.5 ± 16.3 kWh   [2mz:[0m +4.40   [2mdesvio:[0m +461%   [2m(2 obs. dia_util)[0m
2026-07-10 16:44:58 [INFO] 
2026-07-10 16:44:58 [INFO]   🔵 [94m[1mPT0002000110607652SB[0m  [2m[Cluster 0][0m
2026-07-10 16:44:58 [INFO]      consumiu MENOS que o habitual às 19h
2026-07-10 16:44:58 [INFO]      [2mReal:[0m 36.0 kWh   [2mHabitual:[0m 64.0 ± 6.4 kWh   [2mz:[0m -4.38   [2mdesvio:[0m -44%   [2m(2 obs. dia_util)[0m
2026-07-10 16:44:58 [INFO] 
2026-07-10 16:44:58 [INFO]   🔵 [94m[1mPT0002000110607652SB[0m  [2m[Cluster 0][0m
2026-07-10 16:44:58 [INFO]      consumiu MENOS que o habitual às 15h
2026-07-10 16:44:58 [INFO]      [2mReal:[0m 52.0 kWh   [2mHabitual:[0m 92.0 ± 9.2 kWh   [2mz:[0m -4.35   [2mdesvio:[0m -43%   [2m(2 obs. dia_util)[0m
2026-07-10 16:44:58 [INFO] 
2026-07-10 16:44:58 [INFO]   🔴 [91m[1mPT0002000068856906VS[0m  [2m[Cluster 0][0m
2026-07-10 16:44:58 [INFO]      consumiu MAIS que o habitual às 11h
2026-07-10 16:44:58 [INFO]      [2mReal:[0m 43.0 kWh   [2mHabitual:[0m 30.0 ± 3.0 kWh   [2mz:[0m +4.33   [2mdesvio:[0m +43%   [2m(2 obs. dia_util)[0m
2026-07-10 16:44:58 [INFO] 
2026-07-10 16:44:58 [INFO]   🔴 [91m[1mPT0002000075637532JB[0m  [2m[Cluster 0][0m
2026-07-10 16:44:58 [INFO]      consumiu MAIS que o habitual às 18h
2026-07-10 16:44:58 [INFO]      [2mReal:[0m 15.0 kWh   [2mHabitual:[0m 10.5 ± 1.1 kWh   [2mz:[0m +4.29   [2mdesvio:[0m +43%   [2m(2 obs. dia_util)[0m
2026-07-10 16:44:58 [INFO] 
2026-07-10 16:44:58 [INFO]   🔵 [94m[1mPT0002000119303492KB[0m  [2m[Cluster 0][0m
2026-07-10 16:44:58 [INFO]      consumiu MENOS que o habitual às 16h
2026-07-10 16:44:58 [INFO]      [2mReal:[0m 14.0 kWh   [2mHabitual:[0m 24.0 ± 2.4 kWh   [2mz:[0m -4.17   [2mdesvio:[0m -42%   [2m(2 obs. dia_util)[0m
2026-07-10 16:44:58 [INFO] 
2026-07-10 16:44:58 [INFO]   🔵 [94m[1mPT0002000073231742VK[0m  [2m[Cluster 0][0m
2026-07-10 16:44:58 [INFO]      consumiu MENOS que o habitual às 13h
2026-07-10 16:44:58 [INFO]      [2mReal:[0m 22.0 kWh   [2mHabitual:[0m 37.5 ± 3.8 kWh   [2mz:[0m -4.13   [2mdesvio:[0m -41%   [2m(2 obs. dia_util)[0m
2026-07-10 16:44:58 [INFO] 
2026-07-10 16:44:58 [INFO]   🔵 [94m[1mPT0002000115673389QK[0m  [2m[Cluster 0][0m
2026-07-10 16:44:58 [INFO]      consumiu MENOS que o habitual às 15h
2026-07-10 16:44:58 [INFO]      [2mReal:[0m 63.0 kWh   [2mHabitual:[0m 106.5 ± 10.7 kWh   [2mz:[0m -4.08   [2mdesvio:[0m -41%   [2m(2 obs. dia_util)[0m
2026-07-10 16:44:58 [INFO] 
2026-07-10 16:44:58 [INFO]   🔴 [91m[1mPT0002000068859187RL[0m  [2m[Cluster 0][0m
2026-07-10 16:44:58 [INFO]      consumiu MAIS que o habitual às 12h
2026-07-10 16:44:58 [INFO]      [2mReal:[0m 95.0 kWh   [2mHabitual:[0m 67.5 ± 6.8 kWh   [2mz:[0m +4.07   [2mdesvio:[0m +41%   [2m(2 obs. dia_util)[0m
2026-07-10 16:44:58 [INFO] 
2026-07-10 16:44:58 [INFO]   🔴 [91m[1mPT0002000068859187RL[0m  [2m[Cluster 0][0m
2026-07-10 16:44:58 [INFO]      consumiu MAIS que o habitual às 16h
2026-07-10 16:44:58 [INFO]      [2mReal:[0m 69.0 kWh   [2mHabitual:[0m 46.0 ± 5.7 kWh   [2mz:[0m +4.07   [2mdesvio:[0m +50%   [2m(2 obs. dia_util)[0m
2026-07-10 16:44:58 [INFO] 
2026-07-10 16:44:58 [INFO]   🔵 [94m[1mPT0002000068856826ZG[0m  [2m[sem cluster][0m
2026-07-10 16:44:58 [INFO]      consumiu MENOS que o habitual às 02h
2026-07-10 16:44:58 [INFO]      [2mReal:[0m 121.0 kWh   [2mHabitual:[0m 203.5 ± 20.4 kWh   [2mz:[0m -4.05   [2mdesvio:[0m -41%   [2m(2 obs. dia_util)[0m
2026-07-10 16:44:58 [INFO] 
2026-07-10 16:44:58 [INFO]   🔵 [94m[1mPT0002000077348081AG[0m  [2m[sem cluster][0m
2026-07-10 16:44:58 [INFO]      consumiu MENOS que o habitual às 13h
2026-07-10 16:44:58 [INFO]      [2mReal:[0m 166.0 kWh   [2mHabitual:[0m 278.0 ± 27.8 kWh   [2mz:[0m -4.03   [2mdesvio:[0m -40%   [2m(2 obs. dia_util)[0m
2026-07-10 16:44:58 [INFO] 
2026-07-10 16:44:58 [INFO]   🔴 [91m[1mPT0002000068857099AR[0m  [2m[Cluster 1][0m
2026-07-10 16:44:58 [INFO]      consumiu MAIS que o habitual às 17h
2026-07-10 16:44:58 [INFO]      [2mReal:[0m 7.0 kWh   [2mHabitual:[0m 5.0 ± 0.5 kWh   [2mz:[0m +4.00   [2mdesvio:[0m +40%   [2m(2 obs. dia_util)[0m
2026-07-10 16:44:58 [INFO] 
2026-07-10 16:44:58 [INFO]   🔵 [94m[1mPT0002000068857909SY[0m  [2m[Cluster 1][0m
2026-07-10 16:44:58 [INFO]      consumiu MENOS que o habitual às 22h
2026-07-10 16:44:58 [INFO]      [2mReal:[0m 17.0 kWh   [2mHabitual:[0m 33.7 ± 4.2 kWh   [2mz:[0m -4.00   [2mdesvio:[0m -50%   [2m(3 obs. dia_util)[0m
2026-07-10 16:44:58 [INFO] 
2026-07-10 16:44:58 [INFO]   🔵 [94m[1mPT0002000068856826ZG[0m  [2m[sem cluster][0m
2026-07-10 16:44:58 [INFO]      consumiu MENOS que o habitual às 04h
2026-07-10 16:44:58 [INFO]      [2mReal:[0m 114.0 kWh   [2mHabitual:[0m 216.5 ± 26.2 kWh   [2mz:[0m -3.92   [2mdesvio:[0m -47%   [2m(2 obs. dia_util)[0m
2026-07-10 16:44:58 [INFO] 
2026-07-10 16:44:58 [INFO]   🔴 [91m[1mPT0002000068856267NC[0m  [2m[sem cluster][0m
2026-07-10 16:44:58 [INFO]      consumiu MAIS que o habitual às 11h
2026-07-10 16:44:58 [INFO]      [2mReal:[0m 82.0 kWh   [2mHabitual:[0m 59.0 ± 5.9 kWh   [2mz:[0m +3.90   [2mdesvio:[0m +39%   [2m(2 obs. dia_util)[0m
2026-07-10 16:44:58 [INFO] 
2026-07-10 16:44:58 [INFO]   🔵 [94m[1mPT0002000101964938LF[0m  [2m[Cluster 0][0m
2026-07-10 16:44:58 [INFO]      consumiu MENOS que o habitual às 18h
2026-07-10 16:44:58 [INFO]      [2mReal:[0m 30.0 kWh   [2mHabitual:[0m 49.0 ± 4.9 kWh   [2mz:[0m -3.88   [2mdesvio:[0m -39%   [2m(2 obs. dia_util)[0m
2026-07-10 16:44:58 [INFO] 
2026-07-10 16:44:58 [INFO]   🔴 [91m[1mPT0002000068859382XF[0m  [2m[Cluster 0][0m
2026-07-10 16:44:58 [INFO]      consumiu MAIS que o habitual às 17h
2026-07-10 16:44:58 [INFO]      [2mReal:[0m 79.0 kWh   [2mHabitual:[0m 57.0 ± 5.7 kWh   [2mz:[0m +3.86   [2mdesvio:[0m +39%   [2m(2 obs. dia_util)[0m
2026-07-10 16:44:58 [INFO] 
2026-07-10 16:44:58 [INFO]   🔵 [94m[1mPT0002000102936404ME[0m  [2m[Cluster 1][0m
2026-07-10 16:44:58 [INFO]      consumiu MENOS que o habitual às 15h
2026-07-10 16:44:58 [INFO]      [2mReal:[0m 20.0 kWh   [2mHabitual:[0m 32.5 ± 3.2 kWh   [2mz:[0m -3.85   [2mdesvio:[0m -38%   [2m(2 obs. dia_util)[0m
2026-07-10 16:44:58 [INFO] 
2026-07-10 16:44:58 [INFO]   🔵 [94m[1mPT0002000119303492KB[0m  [2m[Cluster 0][0m
2026-07-10 16:44:58 [INFO]      consumiu MENOS que o habitual às 14h
2026-07-10 16:44:58 [INFO]      [2mReal:[0m 22.0 kWh   [2mHabitual:[0m 38.0 ± 4.2 kWh   [2mz:[0m -3.77   [2mdesvio:[0m -42%   [2m(2 obs. dia_util)[0m
2026-07-10 16:44:58 [INFO] 
2026-07-10 16:44:58 [INFO]   🔵 [94m[1mPT0002000078207354XC[0m  [2m[Cluster 1][0m
2026-07-10 16:44:58 [INFO]      consumiu MENOS que o habitual às 08h
2026-07-10 16:44:58 [INFO]      [2mReal:[0m 5.0 kWh   [2mHabitual:[0m 8.0 ± 0.8 kWh   [2mz:[0m -3.75   [2mdesvio:[0m -38%   [2m(2 obs. dia_util)[0m
2026-07-10 16:44:58 [INFO] 
2026-07-10 16:44:58 [INFO]   🔵 [94m[1mPT0002000078207354XC[0m  [2m[Cluster 1][0m
2026-07-10 16:44:58 [INFO]      consumiu MENOS que o habitual às 15h
2026-07-10 16:44:58 [INFO]      [2mReal:[0m 5.0 kWh   [2mHabitual:[0m 8.0 ± 0.8 kWh   [2mz:[0m -3.75   [2mdesvio:[0m -38%   [2m(2 obs. dia_util)[0m
2026-07-10 16:44:58 [INFO] 
2026-07-10 16:44:58 [INFO]   🔵 [94m[1mPT0002000068855003AK[0m  [2m[sem cluster][0m
2026-07-10 16:44:58 [INFO]      consumiu MENOS que o habitual às 14h
2026-07-10 16:44:58 [INFO]      [2mReal:[0m 29.0 kWh   [2mHabitual:[0m 47.5 ± 5.0 kWh   [2mz:[0m -3.74   [2mdesvio:[0m -39%   [2m(2 obs. dia_util)[0m
2026-07-10 16:44:58 [INFO] 
2026-07-10 16:44:58 [INFO]   🔴 [91m[1mPT0002000068859325FL[0m  [2m[Cluster 1][0m
2026-07-10 16:44:58 [INFO]      consumiu MAIS que o habitual às 02h
2026-07-10 16:44:58 [INFO]      [2mReal:[0m 140.0 kWh   [2mHabitual:[0m 102.0 ± 10.2 kWh   [2mz:[0m +3.73   [2mdesvio:[0m +37%   [2m(2 obs. dia_util)[0m
2026-07-10 16:44:58 [INFO] 
2026-07-10 16:44:58 [INFO]   🔴 [91m[1mPT0002000068859382XF[0m  [2m[Cluster 0][0m
2026-07-10 16:44:58 [INFO]      consumiu MAIS que o habitual às 19h
2026-07-10 16:44:58 [INFO]      [2mReal:[0m 70.0 kWh   [2mHabitual:[0m 49.0 ± 5.7 kWh   [2mz:[0m +3.71   [2mdesvio:[0m +43%   [2m(2 obs. dia_util)[0m
2026-07-10 16:44:58 [INFO] 
2026-07-10 16:44:58 [INFO]   🔵 [94m[1mPT0002000077348081AG[0m  [2m[sem cluster][0m
2026-07-10 16:44:58 [INFO]      consumiu MENOS que o habitual às 16h
2026-07-10 16:44:58 [INFO]      [2mReal:[0m 182.0 kWh   [2mHabitual:[0m 288.5 ± 28.9 kWh   [2mz:[0m -3.69   [2mdesvio:[0m -37%   [2m(2 obs. dia_util)[0m
2026-07-10 16:44:58 [INFO] 
2026-07-10 16:44:58 [INFO]   🔵 [94m[1mPT0002000077348081AG[0m  [2m[sem cluster][0m
2026-07-10 16:44:58 [INFO]      consumiu MENOS que o habitual às 17h
2026-07-10 16:44:58 [INFO]      [2mReal:[0m 187.0 kWh   [2mHabitual:[0m 294.0 ± 29.4 kWh   [2mz:[0m -3.64   [2mdesvio:[0m -36%   [2m(2 obs. dia_util)[0m
2026-07-10 16:44:58 [INFO] 
2026-07-10 16:44:58 [INFO]   🔵 [94m[1mPT0002000077348081AG[0m  [2m[sem cluster][0m
2026-07-10 16:44:58 [INFO]      consumiu MENOS que o habitual às 19h
2026-07-10 16:44:58 [INFO]      [2mReal:[0m 150.0 kWh   [2mHabitual:[0m 234.5 ± 23.4 kWh   [2mz:[0m -3.60   [2mdesvio:[0m -36%   [2m(2 obs. dia_util)[0m
2026-07-10 16:44:58 [INFO] 
2026-07-10 16:44:58 [INFO]   🔵 [94m[1mPT0002000077348081AG[0m  [2m[sem cluster][0m
2026-07-10 16:44:58 [INFO]      consumiu MENOS que o habitual às 11h
2026-07-10 16:44:58 [INFO]      [2mReal:[0m 182.0 kWh   [2mHabitual:[0m 284.0 ± 28.4 kWh   [2mz:[0m -3.59   [2mdesvio:[0m -36%   [2m(2 obs. dia_util)[0m
2026-07-10 16:44:58 [INFO] 
2026-07-10 16:44:58 [INFO]   🔴 [91m[1mPT0002000112989585PH[0m  [2m[Cluster 0][0m
2026-07-10 16:44:58 [INFO]      consumiu MAIS que o habitual às 17h
2026-07-10 16:44:58 [INFO]      [2mReal:[0m 76.0 kWh   [2mHabitual:[0m 56.0 ± 5.6 kWh   [2mz:[0m +3.57   [2mdesvio:[0m +36%   [2m(2 obs. dia_util)[0m
2026-07-10 16:44:58 [INFO] 
2026-07-10 16:44:58 [INFO]   🔵 [94m[1mPT0002000077348081AG[0m  [2m[sem cluster][0m
2026-07-10 16:44:58 [INFO]      consumiu MENOS que o habitual às 12h
2026-07-10 16:44:58 [INFO]      [2mReal:[0m 178.0 kWh   [2mHabitual:[0m 276.5 ± 27.6 kWh   [2mz:[0m -3.56   [2mdesvio:[0m -36%   [2m(2 obs. dia_util)[0m
2026-07-10 16:44:58 [INFO] 
2026-07-10 16:44:58 [INFO]   🔵 [94m[1mPT0002000068856974CZ[0m  [2m[sem cluster][0m
2026-07-10 16:44:58 [INFO]      consumiu MENOS que o habitual às 14h
2026-07-10 16:44:58 [INFO]      [2mReal:[0m 30.0 kWh   [2mHabitual:[0m 46.5 ± 4.7 kWh   [2mz:[0m -3.55   [2mdesvio:[0m -35%   [2m(2 obs. dia_util)[0m
2026-07-10 16:44:58 [INFO] 
2026-07-10 16:44:58 [INFO]   🔴 [91m[1mPT0002000068859382XF[0m  [2m[Cluster 0][0m
2026-07-10 16:44:58 [INFO]      consumiu MAIS que o habitual às 13h
2026-07-10 16:44:58 [INFO]      [2mReal:[0m 107.0 kWh   [2mHabitual:[0m 74.5 ± 9.2 kWh   [2mz:[0m +3.54   [2mdesvio:[0m +44%   [2m(2 obs. dia_util)[0m
2026-07-10 16:44:58 [INFO] 
2026-07-10 16:44:58 [INFO]   🔴 [91m[1mPT0002000073717386HC[0m  [2m[sem cluster][0m
2026-07-10 16:44:58 [INFO]      consumiu MAIS que o habitual às 16h
2026-07-10 16:44:58 [INFO]      [2mReal:[0m 52.0 kWh   [2mHabitual:[0m 24.5 ± 7.8 kWh   [2mz:[0m +3.54   [2mdesvio:[0m +112%   [2m(2 obs. dia_util)[0m
2026-07-10 16:44:58 [INFO] 
2026-07-10 16:44:58 [INFO]   🔵 [94m[1mPT0002000115673389QK[0m  [2m[Cluster 0][0m
2026-07-10 16:44:58 [INFO]      consumiu MENOS que o habitual às 16h
2026-07-10 16:44:58 [INFO]      [2mReal:[0m 54.0 kWh   [2mHabitual:[0m 101.5 ± 13.4 kWh   [2mz:[0m -3.54   [2mdesvio:[0m -47%   [2m(2 obs. dia_util)[0m
2026-07-10 16:44:58 [INFO] 
2026-07-10 16:44:58 [INFO]   🔵 [94m[1mPT0002000123648159KR[0m  [2m[Cluster 0][0m
2026-07-10 16:44:58 [INFO]      consumiu MENOS que o habitual às 02h
2026-07-10 16:44:58 [INFO]      [2mReal:[0m 4.0 kWh   [2mHabitual:[0m 6.5 ± 0.7 kWh   [2mz:[0m -3.54   [2mdesvio:[0m -38%   [2m(2 obs. dia_util)[0m
2026-07-10 16:44:58 [INFO] 
2026-07-10 16:44:58 [INFO]   🔵 [94m[1mPT0002000119303492KB[0m  [2m[Cluster 0][0m
2026-07-10 16:44:58 [INFO]      consumiu MENOS que o habitual às 18h
2026-07-10 16:44:58 [INFO]      [2mReal:[0m 12.0 kWh   [2mHabitual:[0m 18.5 ± 1.9 kWh   [2mz:[0m -3.51   [2mdesvio:[0m -35%   [2m(2 obs. dia_util)[0m
2026-07-10 16:44:58 [INFO] 
2026-07-10 16:44:58 [INFO]   🔵 [94m[1mPT0002000068856826ZG[0m  [2m[sem cluster][0m
2026-07-10 16:44:58 [INFO]      consumiu MENOS que o habitual às 00h
2026-07-10 16:44:58 [INFO]      [2mReal:[0m 114.0 kWh   [2mHabitual:[0m 218.0 ± 29.7 kWh   [2mz:[0m -3.50   [2mdesvio:[0m -48%   [2m(2 obs. dia_util)[0m
2026-07-10 16:44:58 [INFO] 
2026-07-10 16:44:58 [INFO]   🔵 [94m[1mPT0002000077348081AG[0m  [2m[sem cluster][0m
2026-07-10 16:44:58 [INFO]      consumiu MENOS que o habitual às 14h
2026-07-10 16:44:58 [INFO]      [2mReal:[0m 186.0 kWh   [2mHabitual:[0m 285.5 ± 28.6 kWh   [2mz:[0m -3.49   [2mdesvio:[0m -35%   [2m(2 obs. dia_util)[0m
2026-07-10 16:44:58 [INFO] 
2026-07-10 16:44:58 [INFO]   🔵 [94m[1mPT0002000101964938LF[0m  [2m[Cluster 0][0m
2026-07-10 16:44:58 [INFO]      consumiu MENOS que o habitual às 19h
2026-07-10 16:44:58 [INFO]      [2mReal:[0m 27.0 kWh   [2mHabitual:[0m 41.5 ± 4.2 kWh   [2mz:[0m -3.49   [2mdesvio:[0m -35%   [2m(2 obs. dia_util)[0m
2026-07-10 16:44:58 [INFO] 
2026-07-10 16:44:58 [INFO]   🔴 [91m[1mPT0002000068859325FL[0m  [2m[Cluster 1][0m
2026-07-10 16:44:58 [INFO]      consumiu MAIS que o habitual às 01h
2026-07-10 16:44:58 [INFO]      [2mReal:[0m 148.0 kWh   [2mHabitual:[0m 110.0 ± 11.0 kWh   [2mz:[0m +3.45   [2mdesvio:[0m +35%   [2m(2 obs. dia_util)[0m
2026-07-10 16:44:58 [INFO] 
2026-07-10 16:44:58 [INFO]   🔴 [91m[1mPT0002000068859382XF[0m  [2m[Cluster 0][0m
2026-07-10 16:44:58 [INFO]      consumiu MAIS que o habitual às 15h
2026-07-10 16:44:58 [INFO]      [2mReal:[0m 106.0 kWh   [2mHabitual:[0m 79.0 ± 7.9 kWh   [2mz:[0m +3.42   [2mdesvio:[0m +34%   [2m(2 obs. dia_util)[0m
2026-07-10 16:44:58 [INFO] 
2026-07-10 16:44:58 [INFO]   🔴 [91m[1mPT0002000068856267NC[0m  [2m[sem cluster][0m
2026-07-10 16:44:58 [INFO]      consumiu MAIS que o habitual às 12h
2026-07-10 16:44:58 [INFO]      [2mReal:[0m 75.0 kWh   [2mHabitual:[0m 56.0 ± 5.6 kWh   [2mz:[0m +3.39   [2mdesvio:[0m +34%   [2m(2 obs. dia_util)[0m
2026-07-10 16:44:58 [INFO] 
2026-07-10 16:44:58 [INFO]   🔵 [94m[1mPT0002000077348081AG[0m  [2m[sem cluster][0m
2026-07-10 16:44:58 [INFO]      consumiu MENOS que o habitual às 15h
2026-07-10 16:44:58 [INFO]      [2mReal:[0m 190.0 kWh   [2mHabitual:[0m 287.5 ± 28.8 kWh   [2mz:[0m -3.39   [2mdesvio:[0m -34%   [2m(2 obs. dia_util)[0m
2026-07-10 16:44:58 [INFO] 
2026-07-10 16:44:58 [INFO]   🔴 [91m[1mPT0002000115673471CB[0m  [2m[Cluster 0][0m
2026-07-10 16:44:58 [INFO]      consumiu MAIS que o habitual às 10h
2026-07-10 16:44:58 [INFO]      [2mReal:[0m 77.0 kWh   [2mHabitual:[0m 57.5 ± 5.8 kWh   [2mz:[0m +3.39   [2mdesvio:[0m +34%   [2m(2 obs. dia_util)[0m
2026-07-10 16:44:58 [INFO] 
2026-07-10 16:44:58 [INFO]   🔴 [91m[1mPT0002000068856655YV[0m  [2m[Cluster 0][0m
2026-07-10 16:44:58 [INFO]      consumiu MAIS que o habitual às 01h
2026-07-10 16:44:58 [INFO]      [2mReal:[0m 3.0 kWh   [2mHabitual:[0m 2.0 ± 0.3 kWh   [2mz:[0m +3.33   [2mdesvio:[0m +50%   [2m(2 obs. dia_util)[0m
2026-07-10 16:44:58 [INFO] 
2026-07-10 16:44:58 [INFO]   🔴 [91m[1mPT0002000068856655YV[0m  [2m[Cluster 0][0m
2026-07-10 16:44:58 [INFO]      consumiu MAIS que o habitual às 04h
2026-07-10 16:44:58 [INFO]      [2mReal:[0m 3.0 kWh   [2mHabitual:[0m 2.0 ± 0.3 kWh   [2mz:[0m +3.33   [2mdesvio:[0m +50%   [2m(2 obs. dia_util)[0m
2026-07-10 16:44:58 [INFO] 
2026-07-10 16:44:58 [INFO]   🔴 [91m[1mPT0002000068856872QG[0m  [2m[Cluster 1][0m
2026-07-10 16:44:58 [INFO]      consumiu MAIS que o habitual às 11h
2026-07-10 16:44:58 [INFO]      [2mReal:[0m 1.0 kWh   [2mHabitual:[0m 0.0 ± 0.3 kWh   [2mz:[0m +3.33   [2mdesvio:[0m +100000%   [2m(2 obs. dia_util)[0m
2026-07-10 16:44:58 [INFO] 
2026-07-10 16:44:58 [INFO]   🔴 [91m[1mPT0002000068857909SY[0m  [2m[Cluster 1][0m
2026-07-10 16:44:58 [INFO]      consumiu MAIS que o habitual às 03h
2026-07-10 16:44:58 [INFO]      [2mReal:[0m 2.0 kWh   [2mHabitual:[0m 1.0 ± 0.3 kWh   [2mz:[0m +3.33   [2mdesvio:[0m +100%   [2m(2 obs. dia_util)[0m
2026-07-10 16:44:58 [INFO] 
2026-07-10 16:44:58 [INFO]   🔵 [94m[1mPT0002000068858674WN[0m  [2m[sem cluster][0m
2026-07-10 16:44:58 [INFO]      consumiu MENOS que o habitual às 03h
2026-07-10 16:44:58 [INFO]      [2mReal:[0m 8.0 kWh   [2mHabitual:[0m 12.0 ± 1.2 kWh   [2mz:[0m -3.33   [2mdesvio:[0m -33%   [2m(2 obs. dia_util)[0m
2026-07-10 16:44:58 [INFO] 
2026-07-10 16:44:58 [INFO]   🔵 [94m[1mPT0002000068858674WN[0m  [2m[sem cluster][0m
2026-07-10 16:44:58 [INFO]      consumiu MENOS que o habitual às 07h
2026-07-10 16:44:58 [INFO]      [2mReal:[0m 8.0 kWh   [2mHabitual:[0m 12.0 ± 1.2 kWh   [2mz:[0m -3.33   [2mdesvio:[0m -33%   [2m(2 obs. dia_util)[0m
2026-07-10 16:44:58 [INFO] 
2026-07-10 16:44:58 [INFO]   🔴 [91m[1mPT0002000068858674WN[0m  [2m[sem cluster][0m
2026-07-10 16:44:58 [INFO]      consumiu MAIS que o habitual às 13h
2026-07-10 16:44:58 [INFO]      [2mReal:[0m 16.0 kWh   [2mHabitual:[0m 12.0 ± 1.2 kWh   [2mz:[0m +3.33   [2mdesvio:[0m +33%   [2m(2 obs. dia_util)[0m
2026-07-10 16:44:58 [INFO] 
2026-07-10 16:44:58 [INFO]   🔴 [91m[1mPT0002000068859187RL[0m  [2m[Cluster 0][0m
2026-07-10 16:44:58 [INFO]      consumiu MAIS que o habitual às 11h
2026-07-10 16:44:58 [INFO]      [2mReal:[0m 88.0 kWh   [2mHabitual:[0m 66.0 ± 6.6 kWh   [2mz:[0m +3.33   [2mdesvio:[0m +33%   [2m(2 obs. dia_util)[0m
2026-07-10 16:44:58 [INFO] 
2026-07-10 16:44:58 [INFO]   🔴 [91m[1mPT0002000068859187RL[0m  [2m[Cluster 0][0m
2026-07-10 16:44:58 [INFO]      consumiu MAIS que o habitual às 13h
2026-07-10 16:44:58 [INFO]      [2mReal:[0m 86.0 kWh   [2mHabitual:[0m 64.5 ± 6.5 kWh   [2mz:[0m +3.33   [2mdesvio:[0m +33%   [2m(2 obs. dia_util)[0m
2026-07-10 16:44:58 [INFO] 
2026-07-10 16:44:58 [INFO]   🔴 [91m[1mPT0002000073717386HC[0m  [2m[sem cluster][0m
2026-07-10 16:44:58 [INFO]      consumiu MAIS que o habitual às 23h
2026-07-10 16:44:58 [INFO]      [2mReal:[0m 2.0 kWh   [2mHabitual:[0m 1.0 ± 0.3 kWh   [2mz:[0m +3.33   [2mdesvio:[0m +100%   [2m(3 obs. dia_util)[0m
2026-07-10 16:44:58 [INFO] 
2026-07-10 16:44:58 [INFO]   🔵 [94m[1mPT0002000075637532JB[0m  [2m[Cluster 0][0m
2026-07-10 16:44:58 [INFO]      consumiu MENOS que o habitual às 05h
2026-07-10 16:44:58 [INFO]      [2mReal:[0m 4.0 kWh   [2mHabitual:[0m 6.0 ± 0.6 kWh   [2mz:[0m -3.33   [2mdesvio:[0m -33%   [2m(2 obs. dia_util)[0m
2026-07-10 16:44:58 [INFO] 
2026-07-10 16:44:58 [INFO]   🔵 [94m[1mPT0002000078207354XC[0m  [2m[Cluster 1][0m
2026-07-10 16:44:58 [INFO]      consumiu MENOS que o habitual às 07h
2026-07-10 16:44:58 [INFO]      [2mReal:[0m 5.0 kWh   [2mHabitual:[0m 7.5 ± 0.8 kWh   [2mz:[0m -3.33   [2mdesvio:[0m -33%   [2m(2 obs. dia_util)[0m
2026-07-10 16:44:58 [INFO] 
2026-07-10 16:44:58 [INFO]   🔵 [94m[1mPT0002000078207354XC[0m  [2m[Cluster 1][0m
2026-07-10 16:44:58 [INFO]      consumiu MENOS que o habitual às 09h
2026-07-10 16:44:58 [INFO]      [2mReal:[0m 5.0 kWh   [2mHabitual:[0m 7.5 ± 0.8 kWh   [2mz:[0m -3.33   [2mdesvio:[0m -33%   [2m(2 obs. dia_util)[0m
2026-07-10 16:44:58 [INFO] 
2026-07-10 16:44:58 [INFO]   🔴 [91m[1mPT0002000081344542CP[0m  [2m[Cluster 1][0m
2026-07-10 16:44:58 [INFO]      consumiu MAIS que o habitual às 02h
2026-07-10 16:44:58 [INFO]      [2mReal:[0m 2.0 kWh   [2mHabitual:[0m 1.0 ± 0.3 kWh   [2mz:[0m +3.33   [2mdesvio:[0m +100%   [2m(2 obs. dia_util)[0m
2026-07-10 16:44:58 [INFO] 
2026-07-10 16:44:58 [INFO]   🔴 [91m[1mPT0002000081344542CP[0m  [2m[Cluster 1][0m
2026-07-10 16:44:58 [INFO]      consumiu MAIS que o habitual às 08h
2026-07-10 16:44:58 [INFO]      [2mReal:[0m 2.0 kWh   [2mHabitual:[0m 1.0 ± 0.3 kWh   [2mz:[0m +3.33   [2mdesvio:[0m +100%   [2m(2 obs. dia_util)[0m
2026-07-10 16:44:58 [INFO] 
2026-07-10 16:44:58 [INFO]   🔴 [91m[1mPT0002000081344542CP[0m  [2m[Cluster 1][0m
2026-07-10 16:44:58 [INFO]      consumiu MAIS que o habitual às 14h
2026-07-10 16:44:58 [INFO]      [2mReal:[0m 2.0 kWh   [2mHabitual:[0m 1.0 ± 0.3 kWh   [2mz:[0m +3.33   [2mdesvio:[0m +100%   [2m(2 obs. dia_util)[0m
2026-07-10 16:44:58 [INFO] 
2026-07-10 16:44:58 [INFO]   🔴 [91m[1mPT0002000081344542CP[0m  [2m[Cluster 1][0m
2026-07-10 16:44:58 [INFO]      consumiu MAIS que o habitual às 17h
2026-07-10 16:44:58 [INFO]      [2mReal:[0m 2.0 kWh   [2mHabitual:[0m 1.0 ± 0.3 kWh   [2mz:[0m +3.33   [2mdesvio:[0m +100%   [2m(2 obs. dia_util)[0m
2026-07-10 16:44:58 [INFO] 
2026-07-10 16:44:58 [INFO]   🔴 [91m[1mPT0002000105483259QH[0m  [2m[Cluster 1][0m
2026-07-10 16:44:58 [INFO]      consumiu MAIS que o habitual às 10h
2026-07-10 16:44:58 [INFO]      [2mReal:[0m 1.0 kWh   [2mHabitual:[0m 0.0 ± 0.3 kWh   [2mz:[0m +3.33   [2mdesvio:[0m +100000%   [2m(2 obs. dia_util)[0m
2026-07-10 16:44:58 [INFO] 
2026-07-10 16:44:58 [INFO]   🔴 [91m[1mPT0002000107046231FW[0m  [2m[Cluster 0][0m
2026-07-10 16:44:58 [INFO]      consumiu MAIS que o habitual às 00h
2026-07-10 16:44:58 [INFO]      [2mReal:[0m 2.0 kWh   [2mHabitual:[0m 1.0 ± 0.3 kWh   [2mz:[0m +3.33   [2mdesvio:[0m +100%   [2m(2 obs. dia_util)[0m
2026-07-10 16:44:58 [INFO] 
2026-07-10 16:44:58 [INFO]   🔴 [91m[1mPT0002000107046231FW[0m  [2m[Cluster 0][0m
2026-07-10 16:44:58 [INFO]      consumiu MAIS que o habitual às 03h
2026-07-10 16:44:58 [INFO]      [2mReal:[0m 4.0 kWh   [2mHabitual:[0m 3.0 ± 0.3 kWh   [2mz:[0m +3.33   [2mdesvio:[0m +33%   [2m(2 obs. dia_util)[0m
2026-07-10 16:44:58 [INFO] 
2026-07-10 16:44:58 [INFO]   🔵 [94m[1mPT0002000110814293YC[0m  [2m[sem cluster][0m
2026-07-10 16:44:58 [INFO]      consumiu MENOS que o habitual às 12h
2026-07-10 16:44:58 [INFO]      [2mReal:[0m 48.0 kWh   [2mHabitual:[0m 72.0 ± 7.2 kWh   [2mz:[0m -3.33   [2mdesvio:[0m -33%   [2m(2 obs. dia_util)[0m
2026-07-10 16:44:58 [INFO] 
2026-07-10 16:44:58 [INFO]   🔴 [91m[1mPT0002000115673389QK[0m  [2m[Cluster 0][0m
2026-07-10 16:44:58 [INFO]      consumiu MAIS que o habitual às 06h
2026-07-10 16:44:58 [INFO]      [2mReal:[0m 28.0 kWh   [2mHabitual:[0m 21.0 ± 2.1 kWh   [2mz:[0m +3.33   [2mdesvio:[0m +33%   [2m(2 obs. dia_util)[0m
2026-07-10 16:44:58 [INFO] 
2026-07-10 16:44:58 [INFO]   🔵 [94m[1mPT0002000110814293YC[0m  [2m[sem cluster][0m
2026-07-10 16:44:58 [INFO]      consumiu MENOS que o habitual às 18h
2026-07-10 16:44:58 [INFO]      [2mReal:[0m 48.0 kWh   [2mHabitual:[0m 71.5 ± 7.2 kWh   [2mz:[0m -3.29   [2mdesvio:[0m -33%   [2m(2 obs. dia_util)[0m
2026-07-10 16:44:58 [INFO] 
2026-07-10 16:44:58 [INFO]   🔴 [91m[1mPT0002000115673471CB[0m  [2m[Cluster 0][0m
2026-07-10 16:44:58 [INFO]      consumiu MAIS que o habitual às 12h
2026-07-10 16:44:58 [INFO]      [2mReal:[0m 89.0 kWh   [2mHabitual:[0m 67.0 ± 6.7 kWh   [2mz:[0m +3.28   [2mdesvio:[0m +33%   [2m(2 obs. dia_util)[0m
2026-07-10 16:44:58 [INFO] 
2026-07-10 16:44:58 [INFO]   🔵 [94m[1mPT0002000101964938LF[0m  [2m[Cluster 0][0m
2026-07-10 16:44:58 [INFO]      consumiu MENOS que o habitual às 12h
2026-07-10 16:44:58 [INFO]      [2mReal:[0m 38.0 kWh   [2mHabitual:[0m 56.5 ± 5.7 kWh   [2mz:[0m -3.27   [2mdesvio:[0m -33%   [2m(2 obs. dia_util)[0m
2026-07-10 16:44:58 [INFO] 
2026-07-10 16:44:58 [INFO]   🔵 [94m[1mPT0002000068856974CZ[0m  [2m[sem cluster][0m
2026-07-10 16:44:58 [INFO]      consumiu MENOS que o habitual às 17h
2026-07-10 16:44:58 [INFO]      [2mReal:[0m 22.0 kWh   [2mHabitual:[0m 32.5 ± 3.2 kWh   [2mz:[0m -3.23   [2mdesvio:[0m -32%   [2m(2 obs. dia_util)[0m
2026-07-10 16:44:58 [INFO] 
2026-07-10 16:44:58 [INFO]   🔴 [91m[1mPT0002000123648159KR[0m  [2m[Cluster 0][0m
2026-07-10 16:44:58 [INFO]      consumiu MAIS que o habitual às 08h
2026-07-10 16:44:58 [INFO]      [2mReal:[0m 41.0 kWh   [2mHabitual:[0m 31.0 ± 3.1 kWh   [2mz:[0m +3.23   [2mdesvio:[0m +32%   [2m(2 obs. dia_util)[0m
2026-07-10 16:44:58 [INFO] 
2026-07-10 16:44:58 [INFO]   🔴 [91m[1mPT0002000107172384HT[0m  [2m[Cluster 1][0m
2026-07-10 16:44:58 [INFO]      consumiu MAIS que o habitual às 00h
2026-07-10 16:44:58 [INFO]      [2mReal:[0m 33.0 kWh   [2mHabitual:[0m 25.0 ± 2.5 kWh   [2mz:[0m +3.20   [2mdesvio:[0m +32%   [2m(2 obs. dia_util)[0m
2026-07-10 16:44:58 [INFO] 
2026-07-10 16:44:58 [INFO]   🔴 [91m[1mPT0002000081997398TD[0m  [2m[Cluster 0][0m
2026-07-10 16:44:58 [INFO]      consumiu MAIS que o habitual às 02h
2026-07-10 16:44:58 [INFO]      [2mReal:[0m 185.0 kWh   [2mHabitual:[0m 101.5 ± 26.2 kWh   [2mz:[0m +3.19   [2mdesvio:[0m +82%   [2m(2 obs. dia_util)[0m
2026-07-10 16:44:58 [INFO] 
2026-07-10 16:44:58 [INFO]   🔴 [91m[1mPT0002000081997398TD[0m  [2m[Cluster 0][0m
2026-07-10 16:44:58 [INFO]      consumiu MAIS que o habitual às 07h
2026-07-10 16:44:58 [INFO]      [2mReal:[0m 205.0 kWh   [2mHabitual:[0m 130.5 ± 23.3 kWh   [2mz:[0m +3.19   [2mdesvio:[0m +57%   [2m(2 obs. dia_util)[0m
2026-07-10 16:44:58 [INFO] 
2026-07-10 16:44:58 [INFO]   🔵 [94m[1mPT0002000068856826ZG[0m  [2m[sem cluster][0m
2026-07-10 16:44:58 [INFO]      consumiu MENOS que o habitual às 01h
2026-07-10 16:44:58 [INFO]      [2mReal:[0m 114.0 kWh   [2mHabitual:[0m 228.5 ± 36.1 kWh   [2mz:[0m -3.18   [2mdesvio:[0m -50%   [2m(2 obs. dia_util)[0m
2026-07-10 16:44:58 [INFO] 
2026-07-10 16:44:58 [INFO]   🔵 [94m[1mPT0002000119303492KB[0m  [2m[Cluster 0][0m
2026-07-10 16:44:58 [INFO]      consumiu MENOS que o habitual às 13h
2026-07-10 16:44:58 [INFO]      [2mReal:[0m 23.0 kWh   [2mHabitual:[0m 41.0 ± 5.7 kWh   [2mz:[0m -3.18   [2mdesvio:[0m -44%   [2m(2 obs. dia_util)[0m
2026-07-10 16:44:58 [INFO] 
2026-07-10 16:44:58 [INFO]   🔴 [91m[1mPT0002000081997398TD[0m  [2m[Cluster 0][0m
2026-07-10 16:44:58 [INFO]      consumiu MAIS que o habitual às 00h
2026-07-10 16:44:58 [INFO]      [2mReal:[0m 238.0 kWh   [2mHabitual:[0m 144.0 ± 29.7 kWh   [2mz:[0m +3.17   [2mdesvio:[0m +65%   [2m(2 obs. dia_util)[0m
2026-07-10 16:44:58 [INFO] 
2026-07-10 16:44:58 [INFO]   🔴 [91m[1mPT0002000081997398TD[0m  [2m[Cluster 0][0m
2026-07-10 16:44:58 [INFO]      consumiu MAIS que o habitual às 03h
2026-07-10 16:44:58 [INFO]      [2mReal:[0m 181.0 kWh   [2mHabitual:[0m 99.5 ± 26.2 kWh   [2mz:[0m +3.12   [2mdesvio:[0m +82%   [2m(2 obs. dia_util)[0m
2026-07-10 16:44:58 [INFO] 
2026-07-10 16:44:58 [INFO]   🔵 [94m[1mPT0002000101964938LF[0m  [2m[Cluster 0][0m
2026-07-10 16:44:58 [INFO]      consumiu MENOS que o habitual às 13h
2026-07-10 16:44:58 [INFO]      [2mReal:[0m 41.0 kWh   [2mHabitual:[0m 59.5 ± 6.0 kWh   [2mz:[0m -3.11   [2mdesvio:[0m -31%   [2m(2 obs. dia_util)[0m
2026-07-10 16:44:58 [INFO] 
2026-07-10 16:44:58 [INFO]   🔵 [94m[1mPT0002000110814293YC[0m  [2m[sem cluster][0m
2026-07-10 16:44:58 [INFO]      consumiu MENOS que o habitual às 15h
2026-07-10 16:44:58 [INFO]      [2mReal:[0m 50.0 kWh   [2mHabitual:[0m 72.5 ± 7.2 kWh   [2mz:[0m -3.10   [2mdesvio:[0m -31%   [2m(2 obs. dia_util)[0m
2026-07-10 16:44:58 [INFO] 
2026-07-10 16:44:58 [INFO]   🔴 [91m[1mPT0002000068859382XF[0m  [2m[Cluster 0][0m
2026-07-10 16:44:58 [INFO]      consumiu MAIS que o habitual às 12h
2026-07-10 16:44:58 [INFO]      [2mReal:[0m 106.0 kWh   [2mHabitual:[0m 81.0 ± 8.1 kWh   [2mz:[0m +3.09   [2mdesvio:[0m +31%   [2m(2 obs. dia_util)[0m
2026-07-10 16:44:58 [INFO] 
2026-07-10 16:44:58 [INFO]   🔴 [91m[1mPT0002000079469719HF[0m  [2m[sem cluster][0m
2026-07-10 16:44:58 [INFO]      consumiu MAIS que o habitual às 10h
2026-07-10 16:44:58 [INFO]      [2mReal:[0m 132.0 kWh   [2mHabitual:[0m 97.0 ± 11.3 kWh   [2mz:[0m +3.09   [2mdesvio:[0m +36%   [2m(2 obs. dia_util)[0m
2026-07-10 16:44:58 [INFO] 
2026-07-10 16:44:58 [INFO]   🔴 [91m[1mPT0002000115673471CB[0m  [2m[Cluster 0][0m
2026-07-10 16:44:58 [INFO]      consumiu MAIS que o habitual às 13h
2026-07-10 16:44:58 [INFO]      [2mReal:[0m 53.0 kWh   [2mHabitual:[0m 40.5 ± 4.0 kWh   [2mz:[0m +3.09   [2mdesvio:[0m +31%   [2m(2 obs. dia_util)[0m
2026-07-10 16:44:58 [INFO] 
2026-07-10 16:44:58 [INFO]   🔴 [91m[1mPT0002000075637532JB[0m  [2m[Cluster 0][0m
2026-07-10 16:44:58 [INFO]      consumiu MAIS que o habitual às 17h
2026-07-10 16:44:58 [INFO]      [2mReal:[0m 17.0 kWh   [2mHabitual:[0m 13.0 ± 1.3 kWh   [2mz:[0m +3.08   [2mdesvio:[0m +31%   [2m(2 obs. dia_util)[0m
2026-07-10 16:44:58 [INFO] 
2026-07-10 16:44:58 [INFO]   🔴 [91m[1mPT0002000115673389QK[0m  [2m[Cluster 0][0m
2026-07-10 16:44:58 [INFO]      consumiu MAIS que o habitual às 19h
2026-07-10 16:44:58 [INFO]      [2mReal:[0m 49.0 kWh   [2mHabitual:[0m 37.5 ± 3.8 kWh   [2mz:[0m +3.07   [2mdesvio:[0m +31%   [2m(2 obs. dia_util)[0m
2026-07-10 16:44:58 [INFO] 
2026-07-10 16:44:58 [INFO]   🔵 [94m[1mPT0002000068856974CZ[0m  [2m[sem cluster][0m
2026-07-10 16:44:58 [INFO]      consumiu MENOS que o habitual às 16h
2026-07-10 16:44:58 [INFO]      [2mReal:[0m 26.0 kWh   [2mHabitual:[0m 39.0 ± 4.2 kWh   [2mz:[0m -3.06   [2mdesvio:[0m -33%   [2m(2 obs. dia_util)[0m
2026-07-10 16:44:58 [INFO] 
2026-07-10 16:44:58 [INFO]   🔵 [94m[1mPT0002000078294957RQ[0m  [2m[Cluster 0][0m
2026-07-10 16:44:58 [INFO]      consumiu MENOS que o habitual às 18h
2026-07-10 16:44:58 [INFO]      [2mReal:[0m 14.0 kWh   [2mHabitual:[0m 20.5 ± 2.1 kWh   [2mz:[0m -3.06   [2mdesvio:[0m -32%   [2m(2 obs. dia_util)[0m
2026-07-10 16:44:58 [INFO] 
2026-07-10 16:44:58 [INFO]   🔵 [94m[1mPT0002000110607652SB[0m  [2m[Cluster 0][0m
2026-07-10 16:44:58 [INFO]      consumiu MENOS que o habitual às 17h
2026-07-10 16:44:58 [INFO]      [2mReal:[0m 48.0 kWh   [2mHabitual:[0m 74.0 ± 8.5 kWh   [2mz:[0m -3.06   [2mdesvio:[0m -35%   [2m(2 obs. dia_util)[0m
2026-07-10 16:44:58 [INFO] 
2026-07-10 16:44:58 [INFO]   🔴 [91m[1mPT0002000081997398TD[0m  [2m[Cluster 0][0m
2026-07-10 16:44:58 [INFO]      consumiu MAIS que o habitual às 01h
2026-07-10 16:44:58 [INFO]      [2mReal:[0m 187.0 kWh   [2mHabitual:[0m 105.0 ± 26.9 kWh   [2mz:[0m +3.05   [2mdesvio:[0m +78%   [2m(2 obs. dia_util)[0m
2026-07-10 16:44:58 [INFO] 
2026-07-10 16:44:58 [INFO]   🔵 [94m[1mPT0002000110814293YC[0m  [2m[sem cluster][0m
2026-07-10 16:44:58 [INFO]      consumiu MENOS que o habitual às 00h
2026-07-10 16:44:58 [INFO]      [2mReal:[0m 41.0 kWh   [2mHabitual:[0m 59.0 ± 5.9 kWh   [2mz:[0m -3.05   [2mdesvio:[0m -31%   [2m(2 obs. dia_util)[0m
2026-07-10 16:44:58 [INFO] 
2026-07-10 16:44:58 [INFO]   🔴 [91m[1mPT0002000081997398TD[0m  [2m[Cluster 0][0m
2026-07-10 16:44:58 [INFO]      consumiu MAIS que o habitual às 05h
2026-07-10 16:44:58 [INFO]      [2mReal:[0m 176.0 kWh   [2mHabitual:[0m 99.0 ± 25.5 kWh   [2mz:[0m +3.02   [2mdesvio:[0m +78%   [2m(2 obs. dia_util)[0m
2026-07-10 16:44:58 [INFO] 
2026-07-10 16:44:58 [INFO]   🔴 [91m[1mPT0002000073481266XH[0m  [2m[Cluster 0][0m
2026-07-10 16:44:58 [INFO]      consumiu MAIS que o habitual às 12h
2026-07-10 16:44:58 [INFO]      [2mReal:[0m 54.0 kWh   [2mHabitual:[0m 41.5 ± 4.2 kWh   [2mz:[0m +3.01   [2mdesvio:[0m +30%   [2m(2 obs. dia_util)[0m
2026-07-10 16:44:58 [INFO] 
2026-07-10 16:44:58 [INFO]   🔵 [94m[1mPT0002000101964938LF[0m  [2m[Cluster 0][0m
2026-07-10 16:44:58 [INFO]      consumiu MENOS que o habitual às 16h
2026-07-10 16:44:58 [INFO]      [2mReal:[0m 37.0 kWh   [2mHabitual:[0m 54.0 ± 5.7 kWh   [2mz:[0m -3.01   [2mdesvio:[0m -31%   [2m(2 obs. dia_util)[0m
2026-07-10 16:44:58 [INFO] 
2026-07-10 16:44:58 [INFO]   🔵 [94m[1mPT0002000123648159KR[0m  [2m[Cluster 0][0m
2026-07-10 16:44:58 [INFO]      consumiu MENOS que o habitual às 11h
2026-07-10 16:44:58 [INFO]      [2mReal:[0m 29.0 kWh   [2mHabitual:[0m 41.5 ± 4.2 kWh   [2mz:[0m -3.01   [2mdesvio:[0m -30%   [2m(2 obs. dia_util)[0m
2026-07-10 16:44:58 [INFO] 
2026-07-10 16:44:58 [INFO]   🔵 [94m[1mPT0002000068856974CZ[0m  [2m[sem cluster][0m
2026-07-10 16:44:58 [INFO]      consumiu MENOS que o habitual às 13h
2026-07-10 16:44:58 [INFO]      [2mReal:[0m 34.0 kWh   [2mHabitual:[0m 48.5 ± 4.8 kWh   [2mz:[0m -2.99   [2mdesvio:[0m -30%   [2m(2 obs. dia_util)[0m
2026-07-10 16:44:58 [INFO] 
2026-07-10 16:44:58 [INFO]   🔴 [91m[1mPT0002000075637532JB[0m  [2m[Cluster 0][0m
2026-07-10 16:44:58 [INFO]      consumiu MAIS que o habitual às 14h
2026-07-10 16:44:58 [INFO]      [2mReal:[0m 26.0 kWh   [2mHabitual:[0m 15.5 ± 3.5 kWh   [2mz:[0m +2.97   [2mdesvio:[0m +68%   [2m(2 obs. dia_util)[0m
2026-07-10 16:44:58 [INFO] 
2026-07-10 16:44:58 [INFO]   🔵 [94m[1mPT0002000078294957RQ[0m  [2m[Cluster 0][0m
2026-07-10 16:44:58 [INFO]      consumiu MENOS que o habitual às 17h
2026-07-10 16:44:58 [INFO]      [2mReal:[0m 15.0 kWh   [2mHabitual:[0m 25.5 ± 3.5 kWh   [2mz:[0m -2.97   [2mdesvio:[0m -41%   [2m(2 obs. dia_util)[0m
2026-07-10 16:44:58 [INFO] 
2026-07-10 16:44:58 [INFO]   🔴 [91m[1mPT0002000068859382XF[0m  [2m[Cluster 0][0m
2026-07-10 16:44:58 [INFO]      consumiu MAIS que o habitual às 16h
2026-07-10 16:44:58 [INFO]      [2mReal:[0m 102.0 kWh   [2mHabitual:[0m 77.0 ± 8.5 kWh   [2mz:[0m +2.95   [2mdesvio:[0m +32%   [2m(2 obs. dia_util)[0m
2026-07-10 16:44:58 [INFO] 
2026-07-10 16:44:58 [INFO]   🔵 [94m[1mPT0002000110607652SB[0m  [2m[Cluster 0][0m
2026-07-10 16:44:58 [INFO]      consumiu MENOS que o habitual às 11h
2026-07-10 16:44:58 [INFO]      [2mReal:[0m 48.0 kWh   [2mHabitual:[0m 68.0 ± 6.8 kWh   [2mz:[0m -2.94   [2mdesvio:[0m -29%   [2m(2 obs. dia_util)[0m
2026-07-10 16:44:58 [INFO] 
2026-07-10 16:44:58 [INFO]   🔵 [94m[1mPT0002000123648159KR[0m  [2m[Cluster 0][0m
2026-07-10 16:44:58 [INFO]      consumiu MENOS que o habitual às 16h
2026-07-10 16:44:58 [INFO]      [2mReal:[0m 12.0 kWh   [2mHabitual:[0m 17.0 ± 1.7 kWh   [2mz:[0m -2.94   [2mdesvio:[0m -29%   [2m(2 obs. dia_util)[0m
2026-07-10 16:44:58 [INFO] 
2026-07-10 16:44:58 [INFO]   🔴 [91m[1mPT0002000068858674WN[0m  [2m[sem cluster][0m
2026-07-10 16:44:58 [INFO]      consumiu MAIS que o habitual às 22h
2026-07-10 16:44:58 [INFO]      [2mReal:[0m 16.0 kWh   [2mHabitual:[0m 9.3 ± 2.3 kWh   [2mz:[0m +2.89   [2mdesvio:[0m +71%   [2m(3 obs. dia_util)[0m
2026-07-10 16:44:58 [INFO] 
2026-07-10 16:44:58 [INFO]   🔵 [94m[1mPT0002000077348081AG[0m  [2m[sem cluster][0m
2026-07-10 16:44:58 [INFO]      consumiu MENOS que o habitual às 10h
2026-07-10 16:44:58 [INFO]      [2mReal:[0m 194.0 kWh   [2mHabitual:[0m 273.0 ± 27.3 kWh   [2mz:[0m -2.89   [2mdesvio:[0m -29%   [2m(2 obs. dia_util)[0m
2026-07-10 16:44:58 [INFO] 
2026-07-10 16:44:58 [INFO]   🔴 [91m[1mPT0002000201038711LS[0m  [2m[sem cluster][0m
2026-07-10 16:44:58 [INFO]      consumiu MAIS que o habitual às 20h
2026-07-10 16:44:58 [INFO]      [2mReal:[0m 73.0 kWh   [2mHabitual:[0m 50.5 ± 7.8 kWh   [2mz:[0m +2.89   [2mdesvio:[0m +45%   [2m(2 obs. dia_util)[0m
2026-07-10 16:44:58 [INFO] 
2026-07-10 16:44:58 [INFO]   🔴 [91m[1mPT0002000081997398TD[0m  [2m[Cluster 0][0m
2026-07-10 16:44:58 [INFO]      consumiu MAIS que o habitual às 04h
2026-07-10 16:44:58 [INFO]      [2mReal:[0m 173.0 kWh   [2mHabitual:[0m 96.0 ± 26.9 kWh   [2mz:[0m +2.87   [2mdesvio:[0m +80%   [2m(2 obs. dia_util)[0m
2026-07-10 16:44:58 [INFO] 
2026-07-10 16:44:58 [INFO]   🔵 [94m[1mPT0002000068856826ZG[0m  [2m[sem cluster][0m
2026-07-10 16:44:58 [INFO]      consumiu MENOS que o habitual às 05h
2026-07-10 16:44:58 [INFO]      [2mReal:[0m 119.0 kWh   [2mHabitual:[0m 224.0 ± 36.8 kWh   [2mz:[0m -2.86   [2mdesvio:[0m -47%   [2m(2 obs. dia_util)[0m
2026-07-10 16:44:58 [INFO] 
2026-07-10 16:44:58 [INFO]   🔵 [94m[1mPT0002000075637532JB[0m  [2m[Cluster 0][0m
2026-07-10 16:44:58 [INFO]      consumiu MENOS que o habitual às 19h
2026-07-10 16:44:58 [INFO]      [2mReal:[0m 5.0 kWh   [2mHabitual:[0m 7.0 ± 0.7 kWh   [2mz:[0m -2.86   [2mdesvio:[0m -29%   [2m(2 obs. dia_util)[0m
2026-07-10 16:44:58 [INFO] 
2026-07-10 16:44:58 [INFO]   🔵 [94m[1mPT0002000068857897ZV[0m  [2m[Cluster 0][0m
2026-07-10 16:44:58 [INFO]      consumiu MENOS que o habitual às 14h
2026-07-10 16:44:58 [INFO]      [2mReal:[0m 39.0 kWh   [2mHabitual:[0m 54.5 ± 5.5 kWh   [2mz:[0m -2.84   [2mdesvio:[0m -28%   [2m(2 obs. dia_util)[0m
2026-07-10 16:44:58 [INFO] 
2026-07-10 16:44:58 [INFO]   🔴 [91m[1mPT0002000075637532JB[0m  [2m[Cluster 0][0m
2026-07-10 16:44:58 [INFO]      consumiu MAIS que o habitual às 16h
2026-07-10 16:44:58 [INFO]      [2mReal:[0m 20.0 kWh   [2mHabitual:[0m 12.0 ± 2.8 kWh   [2mz:[0m +2.83   [2mdesvio:[0m +67%   [2m(2 obs. dia_util)[0m
2026-07-10 16:44:58 [INFO] 
2026-07-10 16:44:58 [INFO]   🔵 [94m[1mPT0002000110814293YC[0m  [2m[sem cluster][0m
2026-07-10 16:44:58 [INFO]      consumiu MENOS que o habitual às 03h
2026-07-10 16:44:58 [INFO]      [2mReal:[0m 35.0 kWh   [2mHabitual:[0m 55.0 ± 7.1 kWh   [2mz:[0m -2.83   [2mdesvio:[0m -36%   [2m(2 obs. dia_util)[0m
2026-07-10 16:44:58 [INFO] 
2026-07-10 16:44:58 [INFO]   🔵 [94m[1mPT0002000123648159KR[0m  [2m[Cluster 0][0m
2026-07-10 16:44:58 [INFO]      consumiu MENOS que o habitual às 01h
2026-07-10 16:44:58 [INFO]      [2mReal:[0m 4.0 kWh   [2mHabitual:[0m 8.0 ± 1.4 kWh   [2mz:[0m -2.83   [2mdesvio:[0m -50%   [2m(2 obs. dia_util)[0m
2026-07-10 16:44:58 [INFO] 
2026-07-10 16:44:58 [INFO]   🔴 [91m[1mPT0002000068859325FL[0m  [2m[Cluster 1][0m
2026-07-10 16:44:58 [INFO]      consumiu MAIS que o habitual às 20h
2026-07-10 16:44:58 [INFO]      [2mReal:[0m 264.0 kWh   [2mHabitual:[0m 206.0 ± 20.6 kWh   [2mz:[0m +2.82   [2mdesvio:[0m +28%   [2m(2 obs. dia_util)[0m
2026-07-10 16:44:58 [INFO] 
2026-07-10 16:44:58 [INFO]   🔵 [94m[1mPT0002000110607652SB[0m  [2m[Cluster 0][0m
2026-07-10 16:44:58 [INFO]      consumiu MENOS que o habitual às 16h
2026-07-10 16:44:58 [INFO]      [2mReal:[0m 56.0 kWh   [2mHabitual:[0m 78.0 ± 7.8 kWh   [2mz:[0m -2.82   [2mdesvio:[0m -28%   [2m(2 obs. dia_util)[0m
2026-07-10 16:44:58 [INFO] 
2026-07-10 16:44:58 [INFO]   🔵 [94m[1mPT0002000068856974CZ[0m  [2m[sem cluster][0m
2026-07-10 16:44:58 [INFO]      consumiu MENOS que o habitual às 03h
2026-07-10 16:44:58 [INFO]      [2mReal:[0m 9.0 kWh   [2mHabitual:[0m 12.5 ± 1.2 kWh   [2mz:[0m -2.80   [2mdesvio:[0m -28%   [2m(2 obs. dia_util)[0m
2026-07-10 16:44:58 [INFO] 
2026-07-10 16:44:58 [INFO]   🔴 [91m[1mPT0002000073231742VK[0m  [2m[Cluster 0][0m
2026-07-10 16:44:58 [INFO]      consumiu MAIS que o habitual às 05h
2026-07-10 16:44:58 [INFO]      [2mReal:[0m 16.0 kWh   [2mHabitual:[0m 12.5 ± 1.2 kWh   [2mz:[0m +2.80   [2mdesvio:[0m +28%   [2m(2 obs. dia_util)[0m
2026-07-10 16:44:58 [INFO] 
2026-07-10 16:44:58 [INFO]   🔵 [94m[1mPT0002000068856974CZ[0m  [2m[sem cluster][0m
2026-07-10 16:44:58 [INFO]      consumiu MENOS que o habitual às 12h
2026-07-10 16:44:58 [INFO]      [2mReal:[0m 31.0 kWh   [2mHabitual:[0m 43.0 ± 4.3 kWh   [2mz:[0m -2.79   [2mdesvio:[0m -28%   [2m(2 obs. dia_util)[0m
2026-07-10 16:44:58 [INFO] 
2026-07-10 16:44:58 [INFO]   🔵 [94m[1mPT0002000071896778MT[0m  [2m[Cluster 0][0m
2026-07-10 16:44:58 [INFO]      consumiu MENOS que o habitual às 07h
2026-07-10 16:44:58 [INFO]      [2mReal:[0m 22.0 kWh   [2mHabitual:[0m 30.5 ± 3.0 kWh   [2mz:[0m -2.79   [2mdesvio:[0m -28%   [2m(2 obs. dia_util)[0m
2026-07-10 16:44:58 [INFO] 
2026-07-10 16:44:58 [INFO]   🔴 [91m[1mPT0002000115673471CB[0m  [2m[Cluster 0][0m
2026-07-10 16:44:58 [INFO]      consumiu MAIS que o habitual às 20h
2026-07-10 16:44:58 [INFO]      [2mReal:[0m 23.0 kWh   [2mHabitual:[0m 18.0 ± 1.8 kWh   [2mz:[0m +2.78   [2mdesvio:[0m +28%   [2m(2 obs. dia_util)[0m
2026-07-10 16:44:58 [INFO] 
2026-07-10 16:44:58 [INFO]   🔴 [91m[1mPT0002000081997398TD[0m  [2m[Cluster 0][0m
2026-07-10 16:44:58 [INFO]      consumiu MAIS que o habitual às 06h
2026-07-10 16:44:58 [INFO]      [2mReal:[0m 182.0 kWh   [2mHabitual:[0m 105.5 ± 27.6 kWh   [2mz:[0m +2.77   [2mdesvio:[0m +73%   [2m(2 obs. dia_util)[0m
2026-07-10 16:44:58 [INFO] 
2026-07-10 16:44:58 [INFO]   🔵 [94m[1mPT0002000109837807PE[0m  [2m[Cluster 1][0m
2026-07-10 16:44:58 [INFO]      consumiu MENOS que o habitual às 20h
2026-07-10 16:44:58 [INFO]      [2mReal:[0m 24.0 kWh   [2mHabitual:[0m 33.0 ± 3.3 kWh   [2mz:[0m -2.73   [2mdesvio:[0m -27%   [2m(2 obs. dia_util)[0m
2026-07-10 16:44:58 [INFO] 
2026-07-10 16:44:58 [INFO]   🔴 [91m[1mPT0002000068859187RL[0m  [2m[Cluster 0][0m
2026-07-10 16:44:58 [INFO]      consumiu MAIS que o habitual às 10h
2026-07-10 16:44:58 [INFO]      [2mReal:[0m 89.0 kWh   [2mHabitual:[0m 70.0 ± 7.1 kWh   [2mz:[0m +2.69   [2mdesvio:[0m +27%   [2m(2 obs. dia_util)[0m
2026-07-10 16:44:58 [INFO] 
2026-07-10 16:44:58 [INFO]   🔵 [94m[1mPT0002000068856974CZ[0m  [2m[sem cluster][0m
2026-07-10 16:44:58 [INFO]      consumiu MENOS que o habitual às 10h
2026-07-10 16:44:58 [INFO]      [2mReal:[0m 33.0 kWh   [2mHabitual:[0m 45.0 ± 4.5 kWh   [2mz:[0m -2.67   [2mdesvio:[0m -27%   [2m(2 obs. dia_util)[0m
2026-07-10 16:44:58 [INFO] 
2026-07-10 16:44:58 [INFO]   🔵 [94m[1mPT0002000110814293YC[0m  [2m[sem cluster][0m
2026-07-10 16:44:58 [INFO]      consumiu MENOS que o habitual às 14h
2026-07-10 16:44:58 [INFO]      [2mReal:[0m 55.0 kWh   [2mHabitual:[0m 75.0 ± 7.5 kWh   [2mz:[0m -2.67   [2mdesvio:[0m -27%   [2m(2 obs. dia_util)[0m
2026-07-10 16:44:58 [INFO] 
2026-07-10 16:44:58 [INFO]   🔵 [94m[1mPT0002000068856974CZ[0m  [2m[sem cluster][0m
2026-07-10 16:44:58 [INFO]      consumiu MENOS que o habitual às 18h
2026-07-10 16:44:58 [INFO]      [2mReal:[0m 18.0 kWh   [2mHabitual:[0m 24.5 ± 2.5 kWh   [2mz:[0m -2.65   [2mdesvio:[0m -27%   [2m(2 obs. dia_util)[0m
2026-07-10 16:44:58 [INFO] 
2026-07-10 16:44:58 [INFO]   🔵 [94m[1mPT0002000101964938LF[0m  [2m[Cluster 0][0m
2026-07-10 16:44:58 [INFO]      consumiu MENOS que o habitual às 17h
2026-07-10 16:44:58 [INFO]      [2mReal:[0m 38.0 kWh   [2mHabitual:[0m 53.0 ± 5.7 kWh   [2mz:[0m -2.65   [2mdesvio:[0m -28%   [2m(2 obs. dia_util)[0m
2026-07-10 16:44:58 [INFO] 
2026-07-10 16:44:58 [INFO]   🔵 [94m[1mPT0002000068856974CZ[0m  [2m[sem cluster][0m
2026-07-10 16:44:58 [INFO]      consumiu MENOS que o habitual às 02h
2026-07-10 16:44:58 [INFO]      [2mReal:[0m 10.0 kWh   [2mHabitual:[0m 13.5 ± 1.4 kWh   [2mz:[0m -2.59   [2mdesvio:[0m -26%   [2m(2 obs. dia_util)[0m
2026-07-10 16:44:58 [INFO] 
2026-07-10 16:44:58 [INFO]   🔵 [94m[1mPT0002000068856974CZ[0m  [2m[sem cluster][0m
2026-07-10 16:44:58 [INFO]      consumiu MENOS que o habitual às 05h
2026-07-10 16:44:58 [INFO]      [2mReal:[0m 10.0 kWh   [2mHabitual:[0m 13.5 ± 1.4 kWh   [2mz:[0m -2.59   [2mdesvio:[0m -26%   [2m(2 obs. dia_util)[0m
2026-07-10 16:44:58 [INFO] 
2026-07-10 16:44:58 [INFO]   🔵 [94m[1mPT0002000081344542CP[0m  [2m[Cluster 1][0m
2026-07-10 16:44:58 [INFO]      consumiu MENOS que o habitual às 18h
2026-07-10 16:44:58 [INFO]      [2mReal:[0m 1.0 kWh   [2mHabitual:[0m 6.5 ± 2.1 kWh   [2mz:[0m -2.59   [2mdesvio:[0m -85%   [2m(2 obs. dia_util)[0m
2026-07-10 16:44:58 [INFO] 
2026-07-10 16:44:58 [INFO]   🔴 [91m[1mPT0002000068859187RL[0m  [2m[Cluster 0][0m
2026-07-10 16:44:58 [INFO]      consumiu MAIS que o habitual às 14h
2026-07-10 16:44:58 [INFO]      [2mReal:[0m 76.0 kWh   [2mHabitual:[0m 58.0 ± 7.1 kWh   [2mz:[0m +2.55   [2mdesvio:[0m +31%   [2m(2 obs. dia_util)[0m
2026-07-10 16:44:58 [INFO] 
2026-07-10 16:44:58 [INFO]   🔵 [94m[1mPT0002000115673389QK[0m  [2m[Cluster 0][0m
2026-07-10 16:44:58 [INFO]      consumiu MENOS que o habitual às 11h
2026-07-10 16:44:58 [INFO]      [2mReal:[0m 103.0 kWh   [2mHabitual:[0m 138.0 ± 13.8 kWh   [2mz:[0m -2.54   [2mdesvio:[0m -25%   [2m(2 obs. dia_util)[0m
2026-07-10 16:44:58 [INFO] 
2026-07-10 16:44:58 [INFO]   🔵 [94m[1mPT0002000068855003AK[0m  [2m[sem cluster][0m
2026-07-10 16:44:58 [INFO]      consumiu MENOS que o habitual às 11h
2026-07-10 16:44:58 [INFO]      [2mReal:[0m 19.0 kWh   [2mHabitual:[0m 31.5 ± 5.0 kWh   [2mz:[0m -2.53   [2mdesvio:[0m -40%   [2m(2 obs. dia_util)[0m
2026-07-10 16:44:58 [INFO] 
2026-07-10 16:44:58 [INFO]   🔵 [94m[1mPT0002000078441876HB[0m  [2m[Cluster 0][0m
2026-07-10 16:44:58 [INFO]      consumiu MENOS que o habitual às 17h
2026-07-10 16:44:58 [INFO]      [2mReal:[0m 1261.0 kWh   [2mHabitual:[0m 1682.5 ± 168.2 kWh   [2mz:[0m -2.51   [2mdesvio:[0m -25%   [2m(2 obs. dia_util)[0m
2026-07-10 16:44:58 [INFO] 
2026-07-10 16:44:58 [INFO]   🔵 [94m[1mPT0002000110814293YC[0m  [2m[sem cluster][0m
2026-07-10 16:44:58 [INFO]      consumiu MENOS que o habitual às 07h
2026-07-10 16:44:58 [INFO]      [2mReal:[0m 37.0 kWh   [2mHabitual:[0m 56.5 ± 7.8 kWh   [2mz:[0m -2.51   [2mdesvio:[0m -35%   [2m(2 obs. dia_util)[0m
2026-07-10 16:44:58 [INFO] 
2026-07-10 16:44:58 [INFO]   🔴 [91m[1mPT0002000068856906VS[0m  [2m[Cluster 0][0m
2026-07-10 16:44:58 [INFO]      consumiu MAIS que o habitual às 17h
2026-07-10 16:44:58 [INFO]      [2mReal:[0m 30.0 kWh   [2mHabitual:[0m 24.0 ± 2.4 kWh   [2mz:[0m +2.50   [2mdesvio:[0m +25%   [2m(2 obs. dia_util)[0m
2026-07-10 16:44:58 [INFO] 
2026-07-10 16:44:58 [INFO]   🔴 [91m[1mPT0002000068856906VS[0m  [2m[Cluster 0][0m
2026-07-10 16:44:58 [INFO]      consumiu MAIS que o habitual às 18h
2026-07-10 16:44:58 [INFO]      [2mReal:[0m 30.0 kWh   [2mHabitual:[0m 24.0 ± 2.4 kWh   [2mz:[0m +2.50   [2mdesvio:[0m +25%   [2m(2 obs. dia_util)[0m
2026-07-10 16:44:58 [INFO] 
2026-07-10 16:44:58 [INFO]   🔵 [94m[1mPT0002000068859597LS[0m  [2m[Cluster 0][0m
2026-07-10 16:44:58 [INFO]      consumiu MENOS que o habitual às 16h
2026-07-10 16:44:58 [INFO]      [2mReal:[0m 48.0 kWh   [2mHabitual:[0m 64.0 ± 6.4 kWh   [2mz:[0m -2.50   [2mdesvio:[0m -25%   [2m(2 obs. dia_util)[0m
2026-07-10 16:44:58 [INFO] 
2026-07-10 16:44:58 [INFO]   🔴 [91m[1mPT0002000077647404EM[0m  [2m[Cluster 1][0m
2026-07-10 16:44:58 [INFO]      consumiu MAIS que o habitual às 19h
2026-07-10 16:44:58 [INFO]      [2mReal:[0m 5.0 kWh   [2mHabitual:[0m 4.0 ± 0.4 kWh   [2mz:[0m +2.50   [2mdesvio:[0m +25%   [2m(2 obs. dia_util)[0m
2026-07-10 16:44:58 [INFO] 
2026-07-10 16:44:58 [INFO]   🔵 [94m[1mPT0002000078207354XC[0m  [2m[Cluster 1][0m
2026-07-10 16:44:58 [INFO]      consumiu MENOS que o habitual às 11h
2026-07-10 16:44:58 [INFO]      [2mReal:[0m 6.0 kWh   [2mHabitual:[0m 8.0 ± 0.8 kWh   [2mz:[0m -2.50   [2mdesvio:[0m -25%   [2m(2 obs. dia_util)[0m
2026-07-10 16:44:58 [INFO] 
2026-07-10 16:44:58 [INFO]   🔵 [94m[1mPT0002000107046231FW[0m  [2m[Cluster 0][0m
2026-07-10 16:44:58 [INFO]      consumiu MENOS que o habitual às 02h
2026-07-10 16:44:58 [INFO]      [2mReal:[0m 3.0 kWh   [2mHabitual:[0m 4.0 ± 0.4 kWh   [2mz:[0m -2.50   [2mdesvio:[0m -25%   [2m(2 obs. dia_util)[0m
2026-07-10 16:44:58 [INFO] 
2026-07-10 16:44:58 [INFO]   🔵 [94m[1mPT0002000107046231FW[0m  [2m[Cluster 0][0m
2026-07-10 16:44:58 [INFO]      consumiu MENOS que o habitual às 04h
2026-07-10 16:44:58 [INFO]      [2mReal:[0m 3.0 kWh   [2mHabitual:[0m 4.0 ± 0.4 kWh   [2mz:[0m -2.50   [2mdesvio:[0m -25%   [2m(2 obs. dia_util)[0m
2026-07-10 16:44:58 [INFO] 
2026-07-10 16:44:58 [INFO]   🔵 [94m[1mPT0002000115031201VQ[0m  [2m[Cluster 0][0m
2026-07-10 16:44:58 [INFO]      consumiu MENOS que o habitual às 03h
2026-07-10 16:44:58 [INFO]      [2mReal:[0m 3.0 kWh   [2mHabitual:[0m 4.0 ± 0.4 kWh   [2mz:[0m -2.50   [2mdesvio:[0m -25%   [2m(2 obs. dia_util)[0m
2026-07-10 16:44:58 [INFO] 
2026-07-10 16:44:58 [INFO]   🔴 [91m[1mPT0002000115700602GW[0m  [2m[Cluster 0][0m
2026-07-10 16:44:58 [INFO]      consumiu MAIS que o habitual às 04h
2026-07-10 16:44:58 [INFO]      [2mReal:[0m 10.0 kWh   [2mHabitual:[0m 8.0 ± 0.8 kWh   [2mz:[0m +2.50   [2mdesvio:[0m +25%   [2m(2 obs. dia_util)[0m
2026-07-10 16:44:58 [INFO] 
2026-07-10 16:44:58 [INFO]   🔵 [94m[1mPT0002000078441876HB[0m  [2m[Cluster 0][0m
2026-07-10 16:44:58 [INFO]      consumiu MENOS que o habitual às 19h
2026-07-10 16:44:58 [INFO]      [2mReal:[0m 1081.0 kWh   [2mHabitual:[0m 1452.5 ± 149.2 kWh   [2mz:[0m -2.49   [2mdesvio:[0m -26%   [2m(2 obs. dia_util)[0m
2026-07-10 16:44:58 [INFO] 
2026-07-10 16:44:58 [INFO]   🔵 [94m[1mPT0002000071896778MT[0m  [2m[Cluster 0][0m
2026-07-10 16:44:58 [INFO]      consumiu MENOS que o habitual às 14h
2026-07-10 16:44:58 [INFO]      [2mReal:[0m 14.0 kWh   [2mHabitual:[0m 21.0 ± 2.8 kWh   [2mz:[0m -2.47   [2mdesvio:[0m -33%   [2m(2 obs. dia_util)[0m
2026-07-10 16:44:58 [INFO] 
2026-07-10 16:44:58 [INFO]   🔵 [94m[1mPT0002000110814293YC[0m  [2m[sem cluster][0m
2026-07-10 16:44:58 [INFO]      consumiu MENOS que o habitual às 05h
2026-07-10 16:44:58 [INFO]      [2mReal:[0m 34.0 kWh   [2mHabitual:[0m 55.0 ± 8.5 kWh   [2mz:[0m -2.47   [2mdesvio:[0m -38%   [2m(2 obs. dia_util)[0m
2026-07-10 16:44:58 [INFO] 
2026-07-10 16:44:58 [INFO]   🔵 [94m[1mPT0002000110814293YC[0m  [2m[sem cluster][0m
2026-07-10 16:44:58 [INFO]      consumiu MENOS que o habitual às 17h
2026-07-10 16:44:58 [INFO]      [2mReal:[0m 54.0 kWh   [2mHabitual:[0m 71.5 ± 7.2 kWh   [2mz:[0m -2.45   [2mdesvio:[0m -24%   [2m(2 obs. dia_util)[0m
2026-07-10 16:44:58 [INFO] 
2026-07-10 16:44:58 [INFO]   🔵 [94m[1mPT0002000068857897ZV[0m  [2m[Cluster 0][0m
2026-07-10 16:44:58 [INFO]      consumiu MENOS que o habitual às 10h
2026-07-10 16:44:58 [INFO]      [2mReal:[0m 47.0 kWh   [2mHabitual:[0m 62.5 ± 6.4 kWh   [2mz:[0m -2.44   [2mdesvio:[0m -25%   [2m(2 obs. dia_util)[0m
2026-07-10 16:44:58 [INFO] 
2026-07-10 16:44:58 [INFO]   🔴 [91m[1mPT0002000075637532JB[0m  [2m[Cluster 0][0m
2026-07-10 16:44:58 [INFO]      consumiu MAIS que o habitual às 10h
2026-07-10 16:44:58 [INFO]      [2mReal:[0m 28.0 kWh   [2mHabitual:[0m 22.5 ± 2.2 kWh   [2mz:[0m +2.44   [2mdesvio:[0m +24%   [2m(2 obs. dia_util)[0m
2026-07-10 16:44:58 [INFO] 
2026-07-10 16:44:58 [INFO]   🔴 [91m[1mPT0002000115673471CB[0m  [2m[Cluster 0][0m
2026-07-10 16:44:58 [INFO]      consumiu MAIS que o habitual às 14h
2026-07-10 16:44:58 [INFO]      [2mReal:[0m 36.0 kWh   [2mHabitual:[0m 29.0 ± 2.9 kWh   [2mz:[0m +2.41   [2mdesvio:[0m +24%   [2m(2 obs. dia_util)[0m
2026-07-10 16:44:58 [INFO] 
2026-07-10 16:44:58 [INFO]   🔴 [91m[1mPT0002000078140706BA[0m  [2m[sem cluster][0m
2026-07-10 16:44:58 [INFO]      consumiu MAIS que o habitual às 19h
2026-07-10 16:44:58 [INFO]      [2mReal:[0m 82.0 kWh   [2mHabitual:[0m 48.0 ± 14.1 kWh   [2mz:[0m +2.40   [2mdesvio:[0m +71%   [2m(2 obs. dia_util)[0m
2026-07-10 16:44:58 [INFO] 
2026-07-10 16:44:58 [INFO]   🔵 [94m[1mPT0002000110814293YC[0m  [2m[sem cluster][0m
2026-07-10 16:44:58 [INFO]      consumiu MENOS que o habitual às 01h
2026-07-10 16:44:58 [INFO]      [2mReal:[0m 38.0 kWh   [2mHabitual:[0m 55.0 ± 7.1 kWh   [2mz:[0m -2.40   [2mdesvio:[0m -31%   [2m(2 obs. dia_util)[0m
2026-07-10 16:44:58 [INFO] 
2026-07-10 16:44:58 [INFO]   🔵 [94m[1mPT0002000078441876HB[0m  [2m[Cluster 0][0m
2026-07-10 16:44:58 [INFO]      consumiu MENOS que o habitual às 08h
2026-07-10 16:44:58 [INFO]      [2mReal:[0m 842.0 kWh   [2mHabitual:[0m 1106.0 ± 110.6 kWh   [2mz:[0m -2.39   [2mdesvio:[0m -24%   [2m(2 obs. dia_util)[0m
2026-07-10 16:44:58 [INFO] 
2026-07-10 16:44:58 [INFO]   🔴 [91m[1mPT0002000068856906VS[0m  [2m[Cluster 0][0m
2026-07-10 16:44:58 [INFO]      consumiu MAIS que o habitual às 15h
2026-07-10 16:44:58 [INFO]      [2mReal:[0m 44.0 kWh   [2mHabitual:[0m 25.5 ± 7.8 kWh   [2mz:[0m +2.38   [2mdesvio:[0m +73%   [2m(2 obs. dia_util)[0m
2026-07-10 16:44:58 [INFO] 
2026-07-10 16:44:58 [INFO]   🔵 [94m[1mPT0002000068855003AK[0m  [2m[sem cluster][0m
2026-07-10 16:44:58 [INFO]      consumiu MENOS que o habitual às 13h
2026-07-10 16:44:58 [INFO]      [2mReal:[0m 18.0 kWh   [2mHabitual:[0m 39.5 ± 9.2 kWh   [2mz:[0m -2.34   [2mdesvio:[0m -54%   [2m(2 obs. dia_util)[0m
2026-07-10 16:44:58 [INFO] 
2026-07-10 16:44:58 [INFO]   🔴 [91m[1mPT0002000068856906VS[0m  [2m[Cluster 0][0m
2026-07-10 16:44:58 [INFO]      consumiu MAIS que o habitual às 12h
2026-07-10 16:44:58 [INFO]      [2mReal:[0m 29.0 kWh   [2mHabitual:[0m 23.5 ± 2.4 kWh   [2mz:[0m +2.34   [2mdesvio:[0m +23%   [2m(2 obs. dia_util)[0m
2026-07-10 16:44:58 [INFO] 
2026-07-10 16:44:58 [INFO]   🔵 [94m[1mPT0002000068859325FL[0m  [2m[Cluster 1][0m
2026-07-10 16:44:58 [INFO]      consumiu MENOS que o habitual às 04h
2026-07-10 16:44:58 [INFO]      [2mReal:[0m 72.0 kWh   [2mHabitual:[0m 94.0 ± 9.4 kWh   [2mz:[0m -2.34   [2mdesvio:[0m -23%   [2m(2 obs. dia_util)[0m
2026-07-10 16:44:58 [INFO] 
2026-07-10 16:44:58 [INFO]   🔵 [94m[1mPT0002000068856974CZ[0m  [2m[sem cluster][0m
2026-07-10 16:44:58 [INFO]      consumiu MENOS que o habitual às 09h
2026-07-10 16:44:58 [INFO]      [2mReal:[0m 33.0 kWh   [2mHabitual:[0m 43.0 ± 4.3 kWh   [2mz:[0m -2.33   [2mdesvio:[0m -23%   [2m(2 obs. dia_util)[0m
2026-07-10 16:44:58 [INFO] 
2026-07-10 16:44:58 [INFO]   🔴 [91m[1mPT0002000073481266XH[0m  [2m[Cluster 0][0m
2026-07-10 16:44:58 [INFO]      consumiu MAIS que o habitual às 16h
2026-07-10 16:44:58 [INFO]      [2mReal:[0m 37.0 kWh   [2mHabitual:[0m 30.0 ± 3.0 kWh   [2mz:[0m +2.33   [2mdesvio:[0m +23%   [2m(2 obs. dia_util)[0m
2026-07-10 16:44:58 [INFO] 
2026-07-10 16:44:58 [INFO]   🔵 [94m[1mPT0002000068857897ZV[0m  [2m[Cluster 0][0m
2026-07-10 16:44:58 [INFO]      consumiu MENOS que o habitual às 11h
2026-07-10 16:44:58 [INFO]      [2mReal:[0m 45.0 kWh   [2mHabitual:[0m 58.5 ± 5.8 kWh   [2mz:[0m -2.31   [2mdesvio:[0m -23%   [2m(2 obs. dia_util)[0m
2026-07-10 16:44:58 [INFO] 
2026-07-10 16:44:58 [INFO]   🔵 [94m[1mPT0002000073717386HC[0m  [2m[sem cluster][0m
2026-07-10 16:44:58 [INFO]      consumiu MENOS que o habitual às 22h
2026-07-10 16:44:58 [INFO]      [2mReal:[0m 4.0 kWh   [2mHabitual:[0m 5.3 ± 0.6 kWh   [2mz:[0m -2.31   [2mdesvio:[0m -25%   [2m(3 obs. dia_util)[0m
2026-07-10 16:44:58 [INFO] 
2026-07-10 16:44:58 [INFO]   🔵 [94m[1mPT0002000077348081AG[0m  [2m[sem cluster][0m
2026-07-10 16:44:58 [INFO]      consumiu MENOS que o habitual às 07h
2026-07-10 16:44:58 [INFO]      [2mReal:[0m 25.0 kWh   [2mHabitual:[0m 32.5 ± 3.2 kWh   [2mz:[0m -2.31   [2mdesvio:[0m -23%   [2m(2 obs. dia_util)[0m
2026-07-10 16:44:58 [INFO] 
2026-07-10 16:44:58 [INFO]   🔵 [94m[1mPT0002000073573036KH[0m  [2m[sem cluster][0m
2026-07-10 16:44:58 [INFO]      consumiu MENOS que o habitual às 18h
2026-07-10 16:44:58 [INFO]      [2mReal:[0m 234.0 kWh   [2mHabitual:[0m 303.5 ± 30.4 kWh   [2mz:[0m -2.29   [2mdesvio:[0m -23%   [2m(2 obs. dia_util)[0m
2026-07-10 16:44:58 [INFO] 
2026-07-10 16:44:58 [INFO]   🔵 [94m[1mPT0002000106102375RC[0m  [2m[sem cluster][0m
2026-07-10 16:44:58 [INFO]      consumiu MENOS que o habitual às 22h
2026-07-10 16:44:58 [INFO]      [2mReal:[0m 37.0 kWh   [2mHabitual:[0m 48.0 ± 4.8 kWh   [2mz:[0m -2.29   [2mdesvio:[0m -23%   [2m(3 obs. dia_util)[0m
2026-07-10 16:44:58 [INFO] 
2026-07-10 16:44:58 [INFO]   🔵 [94m[1mPT0002000068855003AK[0m  [2m[sem cluster][0m
2026-07-10 16:44:58 [INFO]      consumiu MENOS que o habitual às 12h
2026-07-10 16:44:58 [INFO]      [2mReal:[0m 19.0 kWh   [2mHabitual:[0m 33.5 ± 6.4 kWh   [2mz:[0m -2.28   [2mdesvio:[0m -43%   [2m(2 obs. dia_util)[0m
2026-07-10 16:44:58 [INFO] 
2026-07-10 16:44:58 [INFO]   🔵 [94m[1mPT0002000073573036KH[0m  [2m[sem cluster][0m
2026-07-10 16:44:58 [INFO]      consumiu MENOS que o habitual às 15h
2026-07-10 16:44:58 [INFO]      [2mReal:[0m 229.0 kWh   [2mHabitual:[0m 296.5 ± 29.6 kWh   [2mz:[0m -2.28   [2mdesvio:[0m -23%   [2m(2 obs. dia_util)[0m
2026-07-10 16:44:58 [INFO] 
2026-07-10 16:44:58 [INFO]   🔴 [91m[1mPT0002000068859382XF[0m  [2m[Cluster 0][0m
2026-07-10 16:44:58 [INFO]      consumiu MAIS que o habitual às 22h
2026-07-10 16:44:58 [INFO]      [2mReal:[0m 63.0 kWh   [2mHabitual:[0m 51.3 ± 5.1 kWh   [2mz:[0m +2.27   [2mdesvio:[0m +23%   [2m(3 obs. dia_util)[0m
2026-07-10 16:44:58 [INFO] 
2026-07-10 16:44:58 [INFO]   🔵 [94m[1mPT0002000123648159KR[0m  [2m[Cluster 0][0m
2026-07-10 16:44:58 [INFO]      consumiu MENOS que o habitual às 15h
2026-07-10 16:44:58 [INFO]      [2mReal:[0m 17.0 kWh   [2mHabitual:[0m 22.0 ± 2.2 kWh   [2mz:[0m -2.27   [2mdesvio:[0m -23%   [2m(2 obs. dia_util)[0m
2026-07-10 16:44:58 [INFO] 
2026-07-10 16:44:58 [INFO]   🔵 [94m[1mPT0002000068857099AR[0m  [2m[Cluster 1][0m
2026-07-10 16:44:58 [INFO]      consumiu MENOS que o habitual às 19h
2026-07-10 16:44:58 [INFO]      [2mReal:[0m 12.0 kWh   [2mHabitual:[0m 15.5 ± 1.6 kWh   [2mz:[0m -2.26   [2mdesvio:[0m -23%   [2m(2 obs. dia_util)[0m
2026-07-10 16:44:58 [INFO] 
2026-07-10 16:44:58 [INFO]   🔵 [94m[1mPT0002000073573036KH[0m  [2m[sem cluster][0m
2026-07-10 16:44:58 [INFO]      consumiu MENOS que o habitual às 14h
2026-07-10 16:44:58 [INFO]      [2mReal:[0m 226.0 kWh   [2mHabitual:[0m 292.0 ± 29.2 kWh   [2mz:[0m -2.26   [2mdesvio:[0m -23%   [2m(2 obs. dia_util)[0m
2026-07-10 16:44:58 [INFO] 
2026-07-10 16:44:58 [INFO]   🔵 [94m[1mPT0002000110814293YC[0m  [2m[sem cluster][0m
2026-07-10 16:44:58 [INFO]      consumiu MENOS que o habitual às 19h
2026-07-10 16:44:58 [INFO]      [2mReal:[0m 50.0 kWh   [2mHabitual:[0m 64.5 ± 6.5 kWh   [2mz:[0m -2.25   [2mdesvio:[0m -22%   [2m(2 obs. dia_util)[0m
2026-07-10 16:44:58 [INFO] 
2026-07-10 16:44:58 [INFO]   🔴 [91m[1mPT0002000068856906VS[0m  [2m[Cluster 0][0m
2026-07-10 16:44:58 [INFO]      consumiu MAIS que o habitual às 20h
2026-07-10 16:44:58 [INFO]      [2mReal:[0m 33.0 kWh   [2mHabitual:[0m 27.0 ± 2.7 kWh   [2mz:[0m +2.22   [2mdesvio:[0m +22%   [2m(2 obs. dia_util)[0m
2026-07-10 16:44:58 [INFO] 
2026-07-10 16:44:58 [INFO]   🔴 [91m[1mPT0002000068859382XF[0m  [2m[Cluster 0][0m
2026-07-10 16:44:58 [INFO]      consumiu MAIS que o habitual às 14h
2026-07-10 16:44:58 [INFO]      [2mReal:[0m 105.0 kWh   [2mHabitual:[0m 77.0 ± 12.7 kWh   [2mz:[0m +2.20   [2mdesvio:[0m +36%   [2m(2 obs. dia_util)[0m
2026-07-10 16:44:58 [INFO] 
2026-07-10 16:44:58 [INFO]   🔴 [91m[1mPT0002000068856267NC[0m  [2m[sem cluster][0m
2026-07-10 16:44:58 [INFO]      consumiu MAIS que o habitual às 20h
2026-07-10 16:44:58 [INFO]      [2mReal:[0m 53.0 kWh   [2mHabitual:[0m 43.5 ± 4.3 kWh   [2mz:[0m +2.18   [2mdesvio:[0m +22%   [2m(2 obs. dia_util)[0m
2026-07-10 16:44:58 [INFO] 
2026-07-10 16:44:58 [INFO]   🔵 [94m[1mPT0002000073231742VK[0m  [2m[Cluster 0][0m
2026-07-10 16:44:58 [INFO]      consumiu MENOS que o habitual às 10h
2026-07-10 16:44:58 [INFO]      [2mReal:[0m 34.0 kWh   [2mHabitual:[0m 43.5 ± 4.3 kWh   [2mz:[0m -2.18   [2mdesvio:[0m -22%   [2m(2 obs. dia_util)[0m
2026-07-10 16:44:58 [INFO] 
2026-07-10 16:44:58 [INFO]   🔴 [91m[1mPT0002000081997398TD[0m  [2m[Cluster 0][0m
2026-07-10 16:44:58 [INFO]      consumiu MAIS que o habitual às 09h
2026-07-10 16:44:58 [INFO]      [2mReal:[0m 299.0 kWh   [2mHabitual:[0m 211.5 ± 40.3 kWh   [2mz:[0m +2.17   [2mdesvio:[0m +41%   [2m(2 obs. dia_util)[0m
2026-07-10 16:44:58 [INFO] 
2026-07-10 16:44:58 [INFO]   🔵 [94m[1mPT0002000110814293YC[0m  [2m[sem cluster][0m
2026-07-10 16:44:58 [INFO]      consumiu MENOS que o habitual às 13h
2026-07-10 16:44:58 [INFO]      [2mReal:[0m 56.0 kWh   [2mHabitual:[0m 71.5 ± 7.2 kWh   [2mz:[0m -2.17   [2mdesvio:[0m -22%   [2m(2 obs. dia_util)[0m
2026-07-10 16:44:58 [INFO] 
2026-07-10 16:44:58 [INFO]   🔵 [94m[1mPT0002000115031201VQ[0m  [2m[Cluster 0][0m
2026-07-10 16:44:58 [INFO]      consumiu MENOS que o habitual às 23h
2026-07-10 16:44:58 [INFO]      [2mReal:[0m 6.0 kWh   [2mHabitual:[0m 7.7 ± 0.8 kWh   [2mz:[0m -2.17   [2mdesvio:[0m -22%   [2m(3 obs. dia_util)[0m
2026-07-10 16:44:58 [INFO] 
2026-07-10 16:44:58 [INFO]   🔴 [91m[1mPT0002000033074862LZ[0m  [2m[Cluster 0][0m
2026-07-10 16:44:58 [INFO]      consumiu MAIS que o habitual às 14h
2026-07-10 16:44:58 [INFO]      [2mReal:[0m 45.0 kWh   [2mHabitual:[0m 37.0 ± 3.7 kWh   [2mz:[0m +2.16   [2mdesvio:[0m +22%   [2m(2 obs. dia_util)[0m
2026-07-10 16:44:58 [INFO] 
2026-07-10 16:44:58 [INFO]   🔵 [94m[1mPT0002000073573036KH[0m  [2m[sem cluster][0m
2026-07-10 16:44:58 [INFO]      consumiu MENOS que o habitual às 16h
2026-07-10 16:44:58 [INFO]      [2mReal:[0m 231.0 kWh   [2mHabitual:[0m 294.5 ± 29.4 kWh   [2mz:[0m -2.16   [2mdesvio:[0m -22%   [2m(2 obs. dia_util)[0m
2026-07-10 16:44:58 [INFO] 
2026-07-10 16:44:58 [INFO]   🔵 [94m[1mPT0002000073573036KH[0m  [2m[sem cluster][0m
2026-07-10 16:44:58 [INFO]      consumiu MENOS que o habitual às 17h
2026-07-10 16:44:58 [INFO]      [2mReal:[0m 231.0 kWh   [2mHabitual:[0m 294.5 ± 29.4 kWh   [2mz:[0m -2.16   [2mdesvio:[0m -22%   [2m(2 obs. dia_util)[0m
2026-07-10 16:44:58 [INFO] 
2026-07-10 16:44:58 [INFO]   🔵 [94m[1mPT0002000068856655YV[0m  [2m[Cluster 0][0m
2026-07-10 16:44:58 [INFO]      consumiu MENOS que o habitual às 18h
2026-07-10 16:44:58 [INFO]      [2mReal:[0m 4.0 kWh   [2mHabitual:[0m 5.5 ± 0.7 kWh   [2mz:[0m -2.12   [2mdesvio:[0m -27%   [2m(2 obs. dia_util)[0m
2026-07-10 16:44:58 [INFO] 
2026-07-10 16:44:58 [INFO]   🔵 [94m[1mPT0002000068856872QG[0m  [2m[Cluster 1][0m
2026-07-10 16:44:58 [INFO]      consumiu MENOS que o habitual às 01h
2026-07-10 16:44:58 [INFO]      [2mReal:[0m 0.0 kWh   [2mHabitual:[0m 1.5 ± 0.7 kWh   [2mz:[0m -2.12   [2mdesvio:[0m -100%   [2m(2 obs. dia_util)[0m
2026-07-10 16:44:58 [INFO] 
2026-07-10 16:44:58 [INFO]   🔴 [91m[1mPT0002000068856872QG[0m  [2m[Cluster 1][0m
2026-07-10 16:44:58 [INFO]      consumiu MAIS que o habitual às 12h
2026-07-10 16:44:58 [INFO]      [2mReal:[0m 2.0 kWh   [2mHabitual:[0m 0.5 ± 0.7 kWh   [2mz:[0m +2.12   [2mdesvio:[0m +300%   [2m(2 obs. dia_util)[0m
2026-07-10 16:44:58 [INFO] 
2026-07-10 16:44:58 [INFO]   🔵 [94m[1mPT0002000068856872QG[0m  [2m[Cluster 1][0m
2026-07-10 16:44:58 [INFO]      consumiu MENOS que o habitual às 15h
2026-07-10 16:44:58 [INFO]      [2mReal:[0m 0.0 kWh   [2mHabitual:[0m 1.5 ± 0.7 kWh   [2mz:[0m -2.12   [2mdesvio:[0m -100%   [2m(2 obs. dia_util)[0m
2026-07-10 16:44:58 [INFO] 
2026-07-10 16:44:58 [INFO]   🔴 [91m[1mPT0002000068856952LS[0m  [2m[Cluster 2][0m
2026-07-10 16:44:58 [INFO]      consumiu MAIS que o habitual às 08h
2026-07-10 16:44:58 [INFO]      [2mReal:[0m 2.0 kWh   [2mHabitual:[0m 0.5 ± 0.7 kWh   [2mz:[0m +2.12   [2mdesvio:[0m +300%   [2m(2 obs. dia_util)[0m
2026-07-10 16:44:58 [INFO] 
2026-07-10 16:44:58 [INFO]   🔵 [94m[1mPT0002000075637532JB[0m  [2m[Cluster 0][0m
2026-07-10 16:44:58 [INFO]      consumiu MENOS que o habitual às 03h
2026-07-10 16:44:58 [INFO]      [2mReal:[0m 4.0 kWh   [2mHabitual:[0m 5.5 ± 0.7 kWh   [2mz:[0m -2.12   [2mdesvio:[0m -27%   [2m(2 obs. dia_util)[0m
2026-07-10 16:44:58 [INFO] 
2026-07-10 16:44:58 [INFO]   🔴 [91m[1mPT0002000075637532JB[0m  [2m[Cluster 0][0m
2026-07-10 16:44:58 [INFO]      consumiu MAIS que o habitual às 04h
2026-07-10 16:44:58 [INFO]      [2mReal:[0m 6.0 kWh   [2mHabitual:[0m 4.5 ± 0.7 kWh   [2mz:[0m +2.12   [2mdesvio:[0m +33%   [2m(2 obs. dia_util)[0m
2026-07-10 16:44:58 [INFO] 
2026-07-10 16:44:58 [INFO]   🔵 [94m[1mPT0002000078207354XC[0m  [2m[Cluster 1][0m
2026-07-10 16:44:58 [INFO]      consumiu MENOS que o habitual às 02h
2026-07-10 16:44:58 [INFO]      [2mReal:[0m 5.0 kWh   [2mHabitual:[0m 6.5 ± 0.7 kWh   [2mz:[0m -2.12   [2mdesvio:[0m -23%   [2m(2 obs. dia_util)[0m
2026-07-10 16:44:58 [INFO] 
2026-07-10 16:44:58 [INFO]   🔵 [94m[1mPT0002000078207354XC[0m  [2m[Cluster 1][0m
2026-07-10 16:44:58 [INFO]      consumiu MENOS que o habitual às 03h
2026-07-10 16:44:58 [INFO]      [2mReal:[0m 5.0 kWh   [2mHabitual:[0m 6.5 ± 0.7 kWh   [2mz:[0m -2.12   [2mdesvio:[0m -23%   [2m(2 obs. dia_util)[0m
2026-07-10 16:44:58 [INFO] 
2026-07-10 16:44:58 [INFO]   🔵 [94m[1mPT0002000078207354XC[0m  [2m[Cluster 1][0m
2026-07-10 16:44:58 [INFO]      consumiu MENOS que o habitual às 05h
2026-07-10 16:44:58 [INFO]      [2mReal:[0m 5.0 kWh   [2mHabitual:[0m 6.5 ± 0.7 kWh   [2mz:[0m -2.12   [2mdesvio:[0m -23%   [2m(2 obs. dia_util)[0m
2026-07-10 16:44:58 [INFO] 
2026-07-10 16:44:58 [INFO]   🔵 [94m[1mPT0002000078233981HJ[0m  [2m[Cluster 1][0m
2026-07-10 16:44:58 [INFO]      consumiu MENOS que o habitual às 07h
2026-07-10 16:44:58 [INFO]      [2mReal:[0m 2.0 kWh   [2mHabitual:[0m 3.5 ± 0.7 kWh   [2mz:[0m -2.12   [2mdesvio:[0m -43%   [2m(2 obs. dia_util)[0m
2026-07-10 16:44:58 [INFO] 
2026-07-10 16:44:58 [INFO]   🔵 [94m[1mPT0002000078294957RQ[0m  [2m[Cluster 0][0m
2026-07-10 16:44:58 [INFO]      consumiu MENOS que o habitual às 15h
2026-07-10 16:44:58 [INFO]      [2mReal:[0m 14.0 kWh   [2mHabitual:[0m 33.5 ± 9.2 kWh   [2mz:[0m -2.12   [2mdesvio:[0m -58%   [2m(2 obs. dia_util)[0m
2026-07-10 16:44:58 [INFO] 
2026-07-10 16:44:58 [INFO]   🔴 [91m[1mPT0002000102936404ME[0m  [2m[Cluster 1][0m
2026-07-10 16:44:58 [INFO]      consumiu MAIS que o habitual às 00h
2026-07-10 16:44:58 [INFO]      [2mReal:[0m 17.0 kWh   [2mHabitual:[0m 14.0 ± 1.4 kWh   [2mz:[0m +2.12   [2mdesvio:[0m +21%   [2m(2 obs. dia_util)[0m
2026-07-10 16:44:58 [INFO] 
2026-07-10 16:44:58 [INFO]   🔵 [94m[1mPT0002000107046231FW[0m  [2m[Cluster 0][0m
2026-07-10 16:44:58 [INFO]      consumiu MENOS que o habitual às 18h
2026-07-10 16:44:58 [INFO]      [2mReal:[0m 4.0 kWh   [2mHabitual:[0m 7.0 ± 1.4 kWh   [2mz:[0m -2.12   [2mdesvio:[0m -43%   [2m(2 obs. dia_util)[0m
2026-07-10 16:44:58 [INFO] 
2026-07-10 16:44:58 [INFO]   🔴 [91m[1mPT0002000107172384HT[0m  [2m[Cluster 1][0m
2026-07-10 16:44:58 [INFO]      consumiu MAIS que o habitual às 16h
2026-07-10 16:44:58 [INFO]      [2mReal:[0m 42.0 kWh   [2mHabitual:[0m 30.0 ± 5.7 kWh   [2mz:[0m +2.12   [2mdesvio:[0m +40%   [2m(2 obs. dia_util)[0m
2026-07-10 16:44:58 [INFO] 
2026-07-10 16:44:58 [INFO]   🔵 [94m[1mPT0002000109837807PE[0m  [2m[Cluster 1][0m
2026-07-10 16:44:58 [INFO]      consumiu MENOS que o habitual às 07h
2026-07-10 16:44:58 [INFO]      [2mReal:[0m 3.0 kWh   [2mHabitual:[0m 4.5 ± 0.7 kWh   [2mz:[0m -2.12   [2mdesvio:[0m -33%   [2m(2 obs. dia_util)[0m
2026-07-10 16:44:58 [INFO] 
2026-07-10 16:44:58 [INFO]   🔵 [94m[1mPT0002000110090564GD[0m  [2m[Cluster 1][0m
2026-07-10 16:44:58 [INFO]      consumiu MENOS que o habitual às 11h
2026-07-10 16:44:58 [INFO]      [2mReal:[0m 7.0 kWh   [2mHabitual:[0m 23.5 ± 7.8 kWh   [2mz:[0m -2.12   [2mdesvio:[0m -70%   [2m(2 obs. dia_util)[0m
2026-07-10 16:44:58 [INFO] 
2026-07-10 16:44:58 [INFO]   🔴 [91m[1mPT0002000110607652SB[0m  [2m[Cluster 0][0m
2026-07-10 16:44:58 [INFO]      consumiu MAIS que o habitual às 05h
2026-07-10 16:44:58 [INFO]      [2mReal:[0m 12.0 kWh   [2mHabitual:[0m 6.0 ± 2.8 kWh   [2mz:[0m +2.12   [2mdesvio:[0m +100%   [2m(2 obs. dia_util)[0m
2026-07-10 16:44:58 [INFO] 
2026-07-10 16:44:58 [INFO]   🔵 [94m[1mPT0002000115031201VQ[0m  [2m[Cluster 0][0m
2026-07-10 16:44:58 [INFO]      consumiu MENOS que o habitual às 05h
2026-07-10 16:44:58 [INFO]      [2mReal:[0m 3.0 kWh   [2mHabitual:[0m 4.5 ± 0.7 kWh   [2mz:[0m -2.12   [2mdesvio:[0m -33%   [2m(2 obs. dia_util)[0m
2026-07-10 16:44:58 [INFO] 
2026-07-10 16:44:58 [INFO]   🔵 [94m[1mPT0002000119303492KB[0m  [2m[Cluster 0][0m
2026-07-10 16:44:58 [INFO]      consumiu MENOS que o habitual às 05h
2026-07-10 16:44:58 [INFO]      [2mReal:[0m 5.0 kWh   [2mHabitual:[0m 6.5 ± 0.7 kWh   [2mz:[0m -2.12   [2mdesvio:[0m -23%   [2m(2 obs. dia_util)[0m
2026-07-10 16:44:58 [INFO] 
2026-07-10 16:44:58 [INFO]   🔵 [94m[1mPT0002000123648159KR[0m  [2m[Cluster 0][0m
2026-07-10 16:44:58 [INFO]      consumiu MENOS que o habitual às 06h
2026-07-10 16:44:58 [INFO]      [2mReal:[0m 5.0 kWh   [2mHabitual:[0m 6.5 ± 0.7 kWh   [2mz:[0m -2.12   [2mdesvio:[0m -23%   [2m(2 obs. dia_util)[0m
2026-07-10 16:44:58 [INFO] 
2026-07-10 16:44:58 [INFO]   🔵 [94m[1mPT0002000123648159KR[0m  [2m[Cluster 0][0m
2026-07-10 16:44:58 [INFO]      consumiu MENOS que o habitual às 12h
2026-07-10 16:44:58 [INFO]      [2mReal:[0m 31.0 kWh   [2mHabitual:[0m 41.5 ± 5.0 kWh   [2mz:[0m -2.12   [2mdesvio:[0m -25%   [2m(2 obs. dia_util)[0m
2026-07-10 16:44:58 [INFO] 
2026-07-10 16:44:58 [INFO]   🔴 [91m[1mPT0002000201936109ME[0m  [2m[Cluster 0][0m
2026-07-10 16:44:58 [INFO]      consumiu MAIS que o habitual às 13h
2026-07-10 16:44:58 [INFO]      [2mReal:[0m 2.0 kWh   [2mHabitual:[0m 0.5 ± 0.7 kWh   [2mz:[0m +2.12   [2mdesvio:[0m +300%   [2m(2 obs. dia_util)[0m
2026-07-10 16:44:58 [INFO] 
2026-07-10 16:44:58 [INFO]   🔴 [91m[1mPT0002000115673471CB[0m  [2m[Cluster 0][0m
2026-07-10 16:44:58 [INFO]      consumiu MAIS que o habitual às 17h
2026-07-10 16:44:58 [INFO]      [2mReal:[0m 23.0 kWh   [2mHabitual:[0m 19.0 ± 1.9 kWh   [2mz:[0m +2.11   [2mdesvio:[0m +21%   [2m(2 obs. dia_util)[0m
2026-07-10 16:44:58 [INFO] 
2026-07-10 16:44:58 [INFO]   🔵 [94m[1mPT0002000068856974CZ[0m  [2m[sem cluster][0m
2026-07-10 16:44:58 [INFO]      consumiu MENOS que o habitual às 08h
2026-07-10 16:44:58 [INFO]      [2mReal:[0m 32.0 kWh   [2mHabitual:[0m 40.5 ± 4.0 kWh   [2mz:[0m -2.10   [2mdesvio:[0m -21%   [2m(2 obs. dia_util)[0m
2026-07-10 16:44:58 [INFO] 
2026-07-10 16:44:58 [INFO]   🔵 [94m[1mPT0002000115673389QK[0m  [2m[Cluster 0][0m
2026-07-10 16:44:58 [INFO]      consumiu MENOS que o habitual às 13h
2026-07-10 16:44:58 [INFO]      [2mReal:[0m 95.0 kWh   [2mHabitual:[0m 124.0 ± 14.1 kWh   [2mz:[0m -2.05   [2mdesvio:[0m -23%   [2m(2 obs. dia_util)[0m
2026-07-10 16:44:58 [INFO] 
2026-07-10 16:44:58 [INFO]   🔴 [91m[1mPT0002000201038711LS[0m  [2m[sem cluster][0m
2026-07-10 16:44:58 [INFO]      consumiu MAIS que o habitual às 17h
2026-07-10 16:44:58 [INFO]      [2mReal:[0m 87.0 kWh   [2mHabitual:[0m 61.0 ± 12.7 kWh   [2mz:[0m +2.04   [2mdesvio:[0m +43%   [2m(2 obs. dia_util)[0m
2026-07-10 16:44:58 [INFO] 
2026-07-10 16:44:58 [INFO]   🔴 [91m[1mPT0002000115673471CB[0m  [2m[Cluster 0][0m
2026-07-10 16:44:58 [INFO]      consumiu MAIS que o habitual às 09h
2026-07-10 16:44:58 [INFO]      [2mReal:[0m 71.0 kWh   [2mHabitual:[0m 59.0 ± 5.9 kWh   [2mz:[0m +2.03   [2mdesvio:[0m +20%   [2m(2 obs. dia_util)[0m
2026-07-10 16:44:58 [INFO] 
2026-07-10 16:44:58 [INFO]   🔵 [94m[1mPT0002000078294957RQ[0m  [2m[Cluster 0][0m
2026-07-10 16:44:58 [INFO]      consumiu MENOS que o habitual às 13h
2026-07-10 16:44:58 [INFO]      [2mReal:[0m 25.0 kWh   [2mHabitual:[0m 45.0 ± 9.9 kWh   [2mz:[0m -2.02   [2mdesvio:[0m -44%   [2m(2 obs. dia_util)[0m
2026-07-10 16:44:58 [INFO] 
2026-07-10 16:44:58 [INFO]   [2mCSV:[0m /home/runner/work/ts-anomaly-detection-dissertation/ts-anomaly-detection-dissertation/results/energia/realtime/alerts/analise_energia_2026-07-09.csv
2026-07-10 16:44:58 [INFO] 
2026-07-10 16:44:58 [INFO] [96m→ A prever consumo de 2026-07-10 para 276 CPEs...[0m
2026-07-10 16:45:03 [INFO] [1m══════════════════════════════════════════════════════════════════════[0m
2026-07-10 16:45:03 [INFO] [1m  PREDIÇÃO — 2026-07-10 [0m[2m(dia util)[0m
2026-07-10 16:45:03 [INFO] [1m══════════════════════════════════════════════════════════════════════[0m
2026-07-10 16:45:03 [INFO]   [95m● CPEs previstos[0m          69 [2m(alta: 0, baixa: 1656)[0m
2026-07-10 16:45:03 [INFO]   [95m● Consumo total previsto[0m 113355.4 kWh [2m(±20740.8)[0m
2026-07-10 16:45:03 [INFO] 
2026-07-10 16:45:03 [INFO]   [2mPrevisão guardada:[0m /home/runner/work/ts-anomaly-detection-dissertation/ts-anomaly-detection-dissertation/results/energia/realtime/predictions/previsao_energia_2026-07-10.csv
2026-07-10 16:45:03 [INFO] 
2026-07-10 16:45:03 [INFO] [1m══════════════════════════════════════════════════════════════════════[0m
2026-07-10 16:45:03 [INFO] [1m  VALIDAÇÃO — qualidade das previsões anteriores[0m
2026-07-10 16:45:03 [INFO] [1m══════════════════════════════════════════════════════════════════════[0m
2026-07-10 16:45:03 [INFO]   [2mDias validados:[0m 4   [2mpendentes:[0m 25
2026-07-10 16:45:03 [INFO]   [2mÚltimo (2026-07-09):[0m MAE 13.53 kWh   RMSE 34.33   em ±1σ 62% [2m(esperado ~68%)[0m   em ±2σ 85% [2m(esperado ~95%)[0m
2026-07-10 16:45:03 [INFO]   [2mMédia acumulada:[0m MAE 14.73 kWh   RMSE 36.88   em ±1σ 58%   em ±2σ 78%
2026-07-10 16:45:03 [INFO]   [2mCSV:[0m /home/runner/work/ts-anomaly-detection-dissertation/ts-anomaly-detection-dissertation/results/energia/realtime/analysis/qualidade_previsoes_energia.csv
2026-07-10 16:45:03 [INFO] 
2026-07-10 17:04:48 [INFO] [96m→ A pedir dados ao BaZe (276 CPEs)...[0m
2026-07-10 17:18:32 [INFO] 
2026-07-10 17:18:32 [INFO] [1m══════════════════════════════════════════════════════════════════════[0m
2026-07-10 17:18:32 [INFO] [1m  DETEÇÃO DE ANOMALIAS — 2026-07-09[0m
2026-07-10 17:18:32 [INFO] [1m══════════════════════════════════════════════════════════════════════[0m
2026-07-10 17:18:32 [INFO]   [2mTipo de dia:[0m  dia util
2026-07-10 17:18:32 [INFO]   [2mFonte:[0m        BAZE
2026-07-10 17:18:32 [INFO]   [2mCPEs c/ dados:[0m 69
2026-07-10 17:18:32 [INFO]   [2mThreshold:[0m    |z| > 2.0 [2m(adaptativo a este tipo de dia)[0m
2026-07-10 17:18:32 [INFO] 
2026-07-10 17:18:32 [INFO] [96m→ A analisar 69 CPEs / 1656 pontos horários (retrospetiva)...[0m
2026-07-10 17:18:34 [INFO] [1m─── Resumo ─────────────────────────────────────[0m
2026-07-10 17:18:34 [INFO]   [92m● Normal[0m                1332 [2m( 80.4%)[0m
2026-07-10 17:18:34 [INFO]   [91m● Desvio (alta confiança)[0m    0 [2m(  0.0%)[0m
2026-07-10 17:18:34 [INFO]   [93m● Desvio (baixa confiança)[0m 324 [2m( 19.6%)[0m
2026-07-10 17:18:34 [INFO]   [2mTempo: 825.5s[0m
2026-07-10 17:18:34 [INFO] 
2026-07-10 17:18:34 [INFO] [1m[93m─── Desvios de BAIXA confiança (324) ──────────────[0m
2026-07-10 17:18:34 [INFO]   [2m(poucos dados históricos — verificar manualmente)[0m
2026-07-10 17:18:34 [INFO] 
2026-07-10 17:18:34 [INFO]   🔵 [94m[1mPT0002000033074862LZ[0m  [2m[Cluster 0][0m
2026-07-10 17:18:34 [INFO]      consumiu MENOS que o habitual às 19h
2026-07-10 17:18:34 [INFO]      [2mReal:[0m 0.0 kWh   [2mHabitual:[0m 16.0 ± 1.6 kWh   [2mz:[0m -10.00   [2mdesvio:[0m -100%   [2m(2 obs. dia_util)[0m
2026-07-10 17:18:34 [INFO] 
2026-07-10 17:18:34 [INFO]   🔵 [94m[1mPT0002000033074862LZ[0m  [2m[Cluster 0][0m
2026-07-10 17:18:34 [INFO]      consumiu MENOS que o habitual às 20h
2026-07-10 17:18:34 [INFO]      [2mReal:[0m 0.0 kWh   [2mHabitual:[0m 13.0 ± 1.3 kWh   [2mz:[0m -10.00   [2mdesvio:[0m -100%   [2m(2 obs. dia_util)[0m
2026-07-10 17:18:34 [INFO] 
2026-07-10 17:18:34 [INFO]   🔵 [94m[1mPT0002000033074862LZ[0m  [2m[Cluster 0][0m
2026-07-10 17:18:34 [INFO]      consumiu MENOS que o habitual às 22h
2026-07-10 17:18:34 [INFO]      [2mReal:[0m 0.0 kWh   [2mHabitual:[0m 12.0 ± 1.2 kWh   [2mz:[0m -10.00   [2mdesvio:[0m -100%   [2m(3 obs. dia_util)[0m
2026-07-10 17:18:34 [INFO] 
2026-07-10 17:18:34 [INFO]   🔵 [94m[1mPT0002000033074862LZ[0m  [2m[Cluster 0][0m
2026-07-10 17:18:34 [INFO]      consumiu MENOS que o habitual às 23h
2026-07-10 17:18:34 [INFO]      [2mReal:[0m 0.0 kWh   [2mHabitual:[0m 11.7 ± 1.2 kWh   [2mz:[0m -10.00   [2mdesvio:[0m -100%   [2m(3 obs. dia_util)[0m
2026-07-10 17:18:34 [INFO] 
2026-07-10 17:18:34 [INFO]   🔴 [91m[1mPT0002000068856872QG[0m  [2m[Cluster 1][0m
2026-07-10 17:18:34 [INFO]      consumiu MAIS que o habitual às 05h
2026-07-10 17:18:34 [INFO]      [2mReal:[0m 3.0 kWh   [2mHabitual:[0m 0.0 ± 0.3 kWh   [2mz:[0m +10.00   [2mdesvio:[0m +300000%   [2m(2 obs. dia_util)[0m
2026-07-10 17:18:34 [INFO] 
2026-07-10 17:18:34 [INFO]   🔴 [91m[1mPT0002000068856952LS[0m  [2m[Cluster 2][0m
2026-07-10 17:18:34 [INFO]      consumiu MAIS que o habitual às 10h
2026-07-10 17:18:34 [INFO]      [2mReal:[0m 4.0 kWh   [2mHabitual:[0m 0.0 ± 0.3 kWh   [2mz:[0m +10.00⁺   [2mdesvio:[0m +400000%   [2m(2 obs. dia_util)[0m
2026-07-10 17:18:34 [INFO] 
2026-07-10 17:18:34 [INFO]   🔴 [91m[1mPT0002000068856952LS[0m  [2m[Cluster 2][0m
2026-07-10 17:18:34 [INFO]      consumiu MAIS que o habitual às 11h
2026-07-10 17:18:34 [INFO]      [2mReal:[0m 4.0 kWh   [2mHabitual:[0m 0.0 ± 0.3 kWh   [2mz:[0m +10.00⁺   [2mdesvio:[0m +400000%   [2m(2 obs. dia_util)[0m
2026-07-10 17:18:34 [INFO] 
2026-07-10 17:18:34 [INFO]   🔴 [91m[1mPT0002000068857909SY[0m  [2m[Cluster 1][0m
2026-07-10 17:18:34 [INFO]      consumiu MAIS que o habitual às 00h
2026-07-10 17:18:34 [INFO]      [2mReal:[0m 11.0 kWh   [2mHabitual:[0m 2.5 ± 0.7 kWh   [2mz:[0m +10.00⁺   [2mdesvio:[0m +340%   [2m(2 obs. dia_util)[0m
2026-07-10 17:18:34 [INFO] 
2026-07-10 17:18:34 [INFO]   🔴 [91m[1mPT0002000068857909SY[0m  [2m[Cluster 1][0m
2026-07-10 17:18:34 [INFO]      consumiu MAIS que o habitual às 09h
2026-07-10 17:18:34 [INFO]      [2mReal:[0m 28.0 kWh   [2mHabitual:[0m 7.0 ± 0.7 kWh   [2mz:[0m +10.00⁺   [2mdesvio:[0m +300%   [2m(2 obs. dia_util)[0m
2026-07-10 17:18:34 [INFO] 
2026-07-10 17:18:34 [INFO]   🔴 [91m[1mPT0002000068857909SY[0m  [2m[Cluster 1][0m
2026-07-10 17:18:34 [INFO]      consumiu MAIS que o habitual às 10h
2026-07-10 17:18:34 [INFO]      [2mReal:[0m 28.0 kWh   [2mHabitual:[0m 7.0 ± 1.4 kWh   [2mz:[0m +10.00⁺   [2mdesvio:[0m +300%   [2m(2 obs. dia_util)[0m
2026-07-10 17:18:34 [INFO] 
2026-07-10 17:18:34 [INFO]   🔴 [91m[1mPT0002000068857909SY[0m  [2m[Cluster 1][0m
2026-07-10 17:18:34 [INFO]      consumiu MAIS que o habitual às 11h
2026-07-10 17:18:34 [INFO]      [2mReal:[0m 29.0 kWh   [2mHabitual:[0m 8.0 ± 1.4 kWh   [2mz:[0m +10.00⁺   [2mdesvio:[0m +262%   [2m(2 obs. dia_util)[0m
2026-07-10 17:18:34 [INFO] 
2026-07-10 17:18:34 [INFO]   🔴 [91m[1mPT0002000068857909SY[0m  [2m[Cluster 1][0m
2026-07-10 17:18:34 [INFO]      consumiu MAIS que o habitual às 12h
2026-07-10 17:18:34 [INFO]      [2mReal:[0m 28.0 kWh   [2mHabitual:[0m 7.5 ± 0.8 kWh   [2mz:[0m +10.00⁺   [2mdesvio:[0m +273%   [2m(2 obs. dia_util)[0m
2026-07-10 17:18:34 [INFO] 
2026-07-10 17:18:34 [INFO]   🔴 [91m[1mPT0002000068857909SY[0m  [2m[Cluster 1][0m
2026-07-10 17:18:34 [INFO]      consumiu MAIS que o habitual às 13h
2026-07-10 17:18:34 [INFO]      [2mReal:[0m 28.0 kWh   [2mHabitual:[0m 6.5 ± 0.7 kWh   [2mz:[0m +10.00⁺   [2mdesvio:[0m +331%   [2m(2 obs. dia_util)[0m
2026-07-10 17:18:34 [INFO] 
2026-07-10 17:18:34 [INFO]   🔴 [91m[1mPT0002000078140706BA[0m  [2m[sem cluster][0m
2026-07-10 17:18:34 [INFO]      consumiu MAIS que o habitual às 10h
2026-07-10 17:18:34 [INFO]      [2mReal:[0m 180.0 kWh   [2mHabitual:[0m 19.0 ± 14.1 kWh   [2mz:[0m +10.00⁺   [2mdesvio:[0m +847%   [2m(2 obs. dia_util)[0m
2026-07-10 17:18:34 [INFO] 
2026-07-10 17:18:34 [INFO]   🔴 [91m[1mPT0002000078140706BA[0m  [2m[sem cluster][0m
2026-07-10 17:18:34 [INFO]      consumiu MAIS que o habitual às 11h
2026-07-10 17:18:34 [INFO]      [2mReal:[0m 176.0 kWh   [2mHabitual:[0m 9.0 ± 1.4 kWh   [2mz:[0m +10.00⁺   [2mdesvio:[0m +1856%   [2m(2 obs. dia_util)[0m
2026-07-10 17:18:34 [INFO] 
2026-07-10 17:18:34 [INFO]   🔴 [91m[1mPT0002000078140706BA[0m  [2m[sem cluster][0m
2026-07-10 17:18:34 [INFO]      consumiu MAIS que o habitual às 12h
2026-07-10 17:18:34 [INFO]      [2mReal:[0m 112.0 kWh   [2mHabitual:[0m 1.0 ± 0.3 kWh   [2mz:[0m +10.00⁺   [2mdesvio:[0m +11100%   [2m(2 obs. dia_util)[0m
2026-07-10 17:18:34 [INFO] 
2026-07-10 17:18:34 [INFO]   🔴 [91m[1mPT0002000078140706BA[0m  [2m[sem cluster][0m
2026-07-10 17:18:34 [INFO]      consumiu MAIS que o habitual às 14h
2026-07-10 17:18:34 [INFO]      [2mReal:[0m 96.0 kWh   [2mHabitual:[0m 6.0 ± 0.6 kWh   [2mz:[0m +10.00⁺   [2mdesvio:[0m +1500%   [2m(2 obs. dia_util)[0m
2026-07-10 17:18:34 [INFO] 
2026-07-10 17:18:34 [INFO]   🔴 [91m[1mPT0002000078140706BA[0m  [2m[sem cluster][0m
2026-07-10 17:18:34 [INFO]      consumiu MAIS que o habitual às 15h
2026-07-10 17:18:34 [INFO]      [2mReal:[0m 74.0 kWh   [2mHabitual:[0m 2.0 ± 0.3 kWh   [2mz:[0m +10.00⁺   [2mdesvio:[0m +3600%   [2m(2 obs. dia_util)[0m
2026-07-10 17:18:34 [INFO] 
2026-07-10 17:18:34 [INFO]   🔴 [91m[1mPT0002000078140706BA[0m  [2m[sem cluster][0m
2026-07-10 17:18:34 [INFO]      consumiu MAIS que o habitual às 16h
2026-07-10 17:18:34 [INFO]      [2mReal:[0m 11.0 kWh   [2mHabitual:[0m 0.5 ± 0.7 kWh   [2mz:[0m +10.00⁺   [2mdesvio:[0m +2100%   [2m(2 obs. dia_util)[0m
2026-07-10 17:18:34 [INFO] 
2026-07-10 17:18:34 [INFO]   🔴 [91m[1mPT0002000078140706BA[0m  [2m[sem cluster][0m
2026-07-10 17:18:34 [INFO]      consumiu MAIS que o habitual às 17h
2026-07-10 17:18:34 [INFO]      [2mReal:[0m 40.0 kWh   [2mHabitual:[0m 0.0 ± 0.3 kWh   [2mz:[0m +10.00⁺   [2mdesvio:[0m +4000000%   [2m(2 obs. dia_util)[0m
2026-07-10 17:18:34 [INFO] 
2026-07-10 17:18:34 [INFO]   🔴 [91m[1mPT0002000078140706BA[0m  [2m[sem cluster][0m
2026-07-10 17:18:34 [INFO]      consumiu MAIS que o habitual às 18h
2026-07-10 17:18:34 [INFO]      [2mReal:[0m 80.0 kWh   [2mHabitual:[0m 14.0 ± 4.2 kWh   [2mz:[0m +10.00⁺   [2mdesvio:[0m +471%   [2m(2 obs. dia_util)[0m
2026-07-10 17:18:34 [INFO] 
2026-07-10 17:18:34 [INFO]   🔴 [91m[1mPT0002000078233981HJ[0m  [2m[Cluster 1][0m
2026-07-10 17:18:34 [INFO]      consumiu MAIS que o habitual às 00h
2026-07-10 17:18:34 [INFO]      [2mReal:[0m 37.0 kWh   [2mHabitual:[0m 2.5 ± 0.7 kWh   [2mz:[0m +10.00⁺   [2mdesvio:[0m +1380%   [2m(2 obs. dia_util)[0m
2026-07-10 17:18:34 [INFO] 
2026-07-10 17:18:34 [INFO]   🔴 [91m[1mPT0002000078233981HJ[0m  [2m[Cluster 1][0m
2026-07-10 17:18:34 [INFO]      consumiu MAIS que o habitual às 01h
2026-07-10 17:18:34 [INFO]      [2mReal:[0m 16.0 kWh   [2mHabitual:[0m 2.5 ± 0.7 kWh   [2mz:[0m +10.00⁺   [2mdesvio:[0m +540%   [2m(2 obs. dia_util)[0m
2026-07-10 17:18:34 [INFO] 
2026-07-10 17:18:34 [INFO]   🔴 [91m[1mPT0002000078233981HJ[0m  [2m[Cluster 1][0m
2026-07-10 17:18:34 [INFO]      consumiu MAIS que o habitual às 16h
2026-07-10 17:18:34 [INFO]      [2mReal:[0m 29.0 kWh   [2mHabitual:[0m 2.5 ± 0.7 kWh   [2mz:[0m +10.00⁺   [2mdesvio:[0m +1060%   [2m(2 obs. dia_util)[0m
2026-07-10 17:18:34 [INFO] 
2026-07-10 17:18:34 [INFO]   🔴 [91m[1mPT0002000078233981HJ[0m  [2m[Cluster 1][0m
2026-07-10 17:18:34 [INFO]      consumiu MAIS que o habitual às 17h
2026-07-10 17:18:34 [INFO]      [2mReal:[0m 33.0 kWh   [2mHabitual:[0m 2.5 ± 0.7 kWh   [2mz:[0m +10.00⁺   [2mdesvio:[0m +1220%   [2m(2 obs. dia_util)[0m
2026-07-10 17:18:34 [INFO] 
2026-07-10 17:18:34 [INFO]   🔴 [91m[1mPT0002000079469719HF[0m  [2m[sem cluster][0m
2026-07-10 17:18:34 [INFO]      consumiu MAIS que o habitual às 11h
2026-07-10 17:18:34 [INFO]      [2mReal:[0m 128.0 kWh   [2mHabitual:[0m 64.0 ± 6.4 kWh   [2mz:[0m +10.00   [2mdesvio:[0m +100%   [2m(2 obs. dia_util)[0m
2026-07-10 17:18:34 [INFO] 
2026-07-10 17:18:34 [INFO]   🔴 [91m[1mPT0002000079469719HF[0m  [2m[sem cluster][0m
2026-07-10 17:18:34 [INFO]      consumiu MAIS que o habitual às 12h
2026-07-10 17:18:34 [INFO]      [2mReal:[0m 125.0 kWh   [2mHabitual:[0m 54.0 ± 5.7 kWh   [2mz:[0m +10.00⁺   [2mdesvio:[0m +131%   [2m(2 obs. dia_util)[0m
2026-07-10 17:18:34 [INFO] 
2026-07-10 17:18:34 [INFO]   🔴 [91m[1mPT0002000079469719HF[0m  [2m[sem cluster][0m
2026-07-10 17:18:34 [INFO]      consumiu MAIS que o habitual às 14h
2026-07-10 17:18:34 [INFO]      [2mReal:[0m 149.0 kWh   [2mHabitual:[0m 38.5 ± 3.9 kWh   [2mz:[0m +10.00⁺   [2mdesvio:[0m +287%   [2m(2 obs. dia_util)[0m
2026-07-10 17:18:34 [INFO] 
2026-07-10 17:18:34 [INFO]   🔴 [91m[1mPT0002000079469719HF[0m  [2m[sem cluster][0m
2026-07-10 17:18:34 [INFO]      consumiu MAIS que o habitual às 15h
2026-07-10 17:18:34 [INFO]      [2mReal:[0m 148.0 kWh   [2mHabitual:[0m 44.5 ± 4.5 kWh   [2mz:[0m +10.00⁺   [2mdesvio:[0m +233%   [2m(2 obs. dia_util)[0m
2026-07-10 17:18:34 [INFO] 
2026-07-10 17:18:34 [INFO]   🔴 [91m[1mPT0002000079469719HF[0m  [2m[sem cluster][0m
2026-07-10 17:18:34 [INFO]      consumiu MAIS que o habitual às 16h
2026-07-10 17:18:34 [INFO]      [2mReal:[0m 122.0 kWh   [2mHabitual:[0m 58.5 ± 5.8 kWh   [2mz:[0m +10.00⁺   [2mdesvio:[0m +109%   [2m(2 obs. dia_util)[0m
2026-07-10 17:18:34 [INFO] 
2026-07-10 17:18:34 [INFO]   🔴 [91m[1mPT0002000081344542CP[0m  [2m[Cluster 1][0m
2026-07-10 17:18:34 [INFO]      consumiu MAIS que o habitual às 03h
2026-07-10 17:18:34 [INFO]      [2mReal:[0m 14.0 kWh   [2mHabitual:[0m 1.5 ± 0.7 kWh   [2mz:[0m +10.00⁺   [2mdesvio:[0m +833%   [2m(2 obs. dia_util)[0m
2026-07-10 17:18:34 [INFO] 
2026-07-10 17:18:34 [INFO]   🔴 [91m[1mPT0002000081344542CP[0m  [2m[Cluster 1][0m
2026-07-10 17:18:34 [INFO]      consumiu MAIS que o habitual às 04h
2026-07-10 17:18:34 [INFO]      [2mReal:[0m 14.0 kWh   [2mHabitual:[0m 1.5 ± 0.7 kWh   [2mz:[0m +10.00⁺   [2mdesvio:[0m +833%   [2m(2 obs. dia_util)[0m
2026-07-10 17:18:34 [INFO] 
2026-07-10 17:18:34 [INFO]   🔴 [91m[1mPT0002000081344542CP[0m  [2m[Cluster 1][0m
2026-07-10 17:18:34 [INFO]      consumiu MAIS que o habitual às 05h
2026-07-10 17:18:34 [INFO]      [2mReal:[0m 12.0 kWh   [2mHabitual:[0m 5.0 ± 0.5 kWh   [2mz:[0m +10.00⁺   [2mdesvio:[0m +140%   [2m(2 obs. dia_util)[0m
2026-07-10 17:18:34 [INFO] 
2026-07-10 17:18:34 [INFO]   🔴 [91m[1mPT0002000102936404ME[0m  [2m[Cluster 1][0m
2026-07-10 17:18:34 [INFO]      consumiu MAIS que o habitual às 12h
2026-07-10 17:18:34 [INFO]      [2mReal:[0m 41.0 kWh   [2mHabitual:[0m 20.5 ± 2.0 kWh   [2mz:[0m +10.00   [2mdesvio:[0m +100%   [2m(2 obs. dia_util)[0m
2026-07-10 17:18:34 [INFO] 
2026-07-10 17:18:34 [INFO]   🔴 [91m[1mPT0002000112989585PH[0m  [2m[Cluster 0][0m
2026-07-10 17:18:34 [INFO]      consumiu MAIS que o habitual às 10h
2026-07-10 17:18:34 [INFO]      [2mReal:[0m 94.0 kWh   [2mHabitual:[0m 24.5 ± 6.4 kWh   [2mz:[0m +10.00⁺   [2mdesvio:[0m +284%   [2m(2 obs. dia_util)[0m
2026-07-10 17:18:34 [INFO] 
2026-07-10 17:18:34 [INFO]   🔴 [91m[1mPT0002000112989585PH[0m  [2m[Cluster 0][0m
2026-07-10 17:18:34 [INFO]      consumiu MAIS que o habitual às 11h
2026-07-10 17:18:34 [INFO]      [2mReal:[0m 91.0 kWh   [2mHabitual:[0m 10.0 ± 2.8 kWh   [2mz:[0m +10.00⁺   [2mdesvio:[0m +810%   [2m(2 obs. dia_util)[0m
2026-07-10 17:18:34 [INFO] 
2026-07-10 17:18:34 [INFO]   🔴 [91m[1mPT0002000112989585PH[0m  [2m[Cluster 0][0m
2026-07-10 17:18:34 [INFO]      consumiu MAIS que o habitual às 12h
2026-07-10 17:18:34 [INFO]      [2mReal:[0m 85.0 kWh   [2mHabitual:[0m 3.5 ± 2.1 kWh   [2mz:[0m +10.00⁺   [2mdesvio:[0m +2329%   [2m(2 obs. dia_util)[0m
2026-07-10 17:18:34 [INFO] 
2026-07-10 17:18:34 [INFO]   🔴 [91m[1mPT0002000112989585PH[0m  [2m[Cluster 0][0m
2026-07-10 17:18:34 [INFO]      consumiu MAIS que o habitual às 15h
2026-07-10 17:18:34 [INFO]      [2mReal:[0m 69.0 kWh   [2mHabitual:[0m 15.0 ± 1.5 kWh   [2mz:[0m +10.00⁺   [2mdesvio:[0m +360%   [2m(2 obs. dia_util)[0m
2026-07-10 17:18:34 [INFO] 
2026-07-10 17:18:34 [INFO]   🔴 [91m[1mPT0002000112989585PH[0m  [2m[Cluster 0][0m
2026-07-10 17:18:34 [INFO]      consumiu MAIS que o habitual às 16h
2026-07-10 17:18:34 [INFO]      [2mReal:[0m 67.0 kWh   [2mHabitual:[0m 25.5 ± 3.5 kWh   [2mz:[0m +10.00⁺   [2mdesvio:[0m +163%   [2m(2 obs. dia_util)[0m
2026-07-10 17:18:34 [INFO] 
2026-07-10 17:18:34 [INFO]   🔴 [91m[1mPT0002000201936109ME[0m  [2m[Cluster 0][0m
2026-07-10 17:18:34 [INFO]      consumiu MAIS que o habitual às 06h
2026-07-10 17:18:34 [INFO]      [2mReal:[0m 8.0 kWh   [2mHabitual:[0m 0.0 ± 0.3 kWh   [2mz:[0m +10.00⁺   [2mdesvio:[0m +800000%   [2m(2 obs. dia_util)[0m
2026-07-10 17:18:34 [INFO] 
2026-07-10 17:18:34 [INFO]   🔴 [91m[1mPT0002000201936109ME[0m  [2m[Cluster 0][0m
2026-07-10 17:18:34 [INFO]      consumiu MAIS que o habitual às 07h
2026-07-10 17:18:34 [INFO]      [2mReal:[0m 13.0 kWh   [2mHabitual:[0m 0.0 ± 0.3 kWh   [2mz:[0m +10.00⁺   [2mdesvio:[0m +1300000%   [2m(2 obs. dia_util)[0m
2026-07-10 17:18:34 [INFO] 
2026-07-10 17:18:34 [INFO]   🔴 [91m[1mPT0002000201936109ME[0m  [2m[Cluster 0][0m
2026-07-10 17:18:34 [INFO]      consumiu MAIS que o habitual às 08h
2026-07-10 17:18:34 [INFO]      [2mReal:[0m 12.0 kWh   [2mHabitual:[0m 0.0 ± 0.3 kWh   [2mz:[0m +10.00⁺   [2mdesvio:[0m +1200000%   [2m(2 obs. dia_util)[0m
2026-07-10 17:18:34 [INFO] 
2026-07-10 17:18:34 [INFO]   🔴 [91m[1mPT0002000201936109ME[0m  [2m[Cluster 0][0m
2026-07-10 17:18:34 [INFO]      consumiu MAIS que o habitual às 09h
2026-07-10 17:18:34 [INFO]      [2mReal:[0m 12.0 kWh   [2mHabitual:[0m 0.0 ± 0.3 kWh   [2mz:[0m +10.00⁺   [2mdesvio:[0m +1200000%   [2m(2 obs. dia_util)[0m
2026-07-10 17:18:34 [INFO] 
2026-07-10 17:18:34 [INFO]   🔴 [91m[1mPT0002000201936109ME[0m  [2m[Cluster 0][0m
2026-07-10 17:18:34 [INFO]      consumiu MAIS que o habitual às 10h
2026-07-10 17:18:34 [INFO]      [2mReal:[0m 12.0 kWh   [2mHabitual:[0m 0.0 ± 0.3 kWh   [2mz:[0m +10.00⁺   [2mdesvio:[0m +1200000%   [2m(2 obs. dia_util)[0m
2026-07-10 17:18:34 [INFO] 
2026-07-10 17:18:34 [INFO]   🔴 [91m[1mPT0002000201936109ME[0m  [2m[Cluster 0][0m
2026-07-10 17:18:34 [INFO]      consumiu MAIS que o habitual às 11h
2026-07-10 17:18:34 [INFO]      [2mReal:[0m 12.0 kWh   [2mHabitual:[0m 0.0 ± 0.3 kWh   [2mz:[0m +10.00⁺   [2mdesvio:[0m +1200000%   [2m(2 obs. dia_util)[0m
2026-07-10 17:18:34 [INFO] 
2026-07-10 17:18:34 [INFO]   🔴 [91m[1mPT0002000201936109ME[0m  [2m[Cluster 0][0m
2026-07-10 17:18:34 [INFO]      consumiu MAIS que o habitual às 12h
2026-07-10 17:18:34 [INFO]      [2mReal:[0m 11.0 kWh   [2mHabitual:[0m 0.0 ± 0.3 kWh   [2mz:[0m +10.00⁺   [2mdesvio:[0m +1100000%   [2m(2 obs. dia_util)[0m
2026-07-10 17:18:34 [INFO] 
2026-07-10 17:18:34 [INFO]   🔴 [91m[1mPT0002000203419117SJ[0m  [2m[sem cluster][0m
2026-07-10 17:18:34 [INFO]      consumiu MAIS que o habitual às 18h
2026-07-10 17:18:34 [INFO]      [2mReal:[0m 4.0 kWh   [2mHabitual:[0m 0.0 ± 0.3 kWh   [2mz:[0m +10.00⁺   [2mdesvio:[0m +400000%   [2m(2 obs. dia_util)[0m
2026-07-10 17:18:34 [INFO] 
2026-07-10 17:18:34 [INFO]   🔴 [91m[1mPT0002000203419117SJ[0m  [2m[sem cluster][0m
2026-07-10 17:18:34 [INFO]      consumiu MAIS que o habitual às 21h
2026-07-10 17:18:34 [INFO]      [2mReal:[0m 4.0 kWh   [2mHabitual:[0m 0.0 ± 0.3 kWh   [2mz:[0m +10.00⁺   [2mdesvio:[0m +400000%   [2m(3 obs. dia_util)[0m
2026-07-10 17:18:34 [INFO] 
2026-07-10 17:18:34 [INFO]   🔴 [91m[1mPT0002000203886452WB[0m  [2m[sem cluster][0m
2026-07-10 17:18:34 [INFO]      consumiu MAIS que o habitual às 00h
2026-07-10 17:18:34 [INFO]      [2mReal:[0m 8.0 kWh   [2mHabitual:[0m 4.0 ± 0.4 kWh   [2mz:[0m +10.00   [2mdesvio:[0m +100%   [2m(2 obs. dia_util)[0m
2026-07-10 17:18:34 [INFO] 
2026-07-10 17:18:34 [INFO]   🔴 [91m[1mPT0002000203886452WB[0m  [2m[sem cluster][0m
2026-07-10 17:18:34 [INFO]      consumiu MAIS que o habitual às 21h
2026-07-10 17:18:34 [INFO]      [2mReal:[0m 8.0 kWh   [2mHabitual:[0m 4.0 ± 0.4 kWh   [2mz:[0m +10.00   [2mdesvio:[0m +100%   [2m(3 obs. dia_util)[0m
2026-07-10 17:18:34 [INFO] 
2026-07-10 17:18:34 [INFO]   🔴 [91m[1mPT0002000112989585PH[0m  [2m[Cluster 0][0m
2026-07-10 17:18:34 [INFO]      consumiu MAIS que o habitual às 14h
2026-07-10 17:18:34 [INFO]      [2mReal:[0m 71.0 kWh   [2mHabitual:[0m 9.5 ± 6.4 kWh   [2mz:[0m +9.66   [2mdesvio:[0m +647%   [2m(2 obs. dia_util)[0m
2026-07-10 17:18:34 [INFO] 
2026-07-10 17:18:34 [INFO]   🔴 [91m[1mPT0002000068857909SY[0m  [2m[Cluster 1][0m
2026-07-10 17:18:34 [INFO]      consumiu MAIS que o habitual às 14h
2026-07-10 17:18:34 [INFO]      [2mReal:[0m 14.0 kWh   [2mHabitual:[0m 7.5 ± 0.8 kWh   [2mz:[0m +8.67   [2mdesvio:[0m +87%   [2m(2 obs. dia_util)[0m
2026-07-10 17:18:34 [INFO] 
2026-07-10 17:18:34 [INFO]   🔴 [91m[1mPT0002000071896778MT[0m  [2m[Cluster 0][0m
2026-07-10 17:18:34 [INFO]      consumiu MAIS que o habitual às 06h
2026-07-10 17:18:34 [INFO]      [2mReal:[0m 16.0 kWh   [2mHabitual:[0m 4.0 ± 1.4 kWh   [2mz:[0m +8.49   [2mdesvio:[0m +300%   [2m(2 obs. dia_util)[0m
2026-07-10 17:18:34 [INFO] 
2026-07-10 17:18:34 [INFO]   🔴 [91m[1mPT0002000075637532JB[0m  [2m[Cluster 0][0m
2026-07-10 17:18:34 [INFO]      consumiu MAIS que o habitual às 15h
2026-07-10 17:18:34 [INFO]      [2mReal:[0m 24.0 kWh   [2mHabitual:[0m 13.5 ± 1.4 kWh   [2mz:[0m +7.78   [2mdesvio:[0m +78%   [2m(2 obs. dia_util)[0m
2026-07-10 17:18:34 [INFO] 
2026-07-10 17:18:34 [INFO]   🔵 [94m[1mPT0002000073720434JD[0m  [2m[sem cluster][0m
2026-07-10 17:18:34 [INFO]      consumiu MENOS que o habitual às 13h
2026-07-10 17:18:34 [INFO]      [2mReal:[0m 19.0 kWh   [2mHabitual:[0m 84.5 ± 8.4 kWh   [2mz:[0m -7.75   [2mdesvio:[0m -78%   [2m(2 obs. dia_util)[0m
2026-07-10 17:18:34 [INFO] 
2026-07-10 17:18:34 [INFO]   🔵 [94m[1mPT0002000073720434JD[0m  [2m[sem cluster][0m
2026-07-10 17:18:34 [INFO]      consumiu MENOS que o habitual às 08h
2026-07-10 17:18:34 [INFO]      [2mReal:[0m 19.0 kWh   [2mHabitual:[0m 83.0 ± 8.3 kWh   [2mz:[0m -7.71   [2mdesvio:[0m -77%   [2m(2 obs. dia_util)[0m
2026-07-10 17:18:34 [INFO] 
2026-07-10 17:18:34 [INFO]   🔵 [94m[1mPT0002000073720434JD[0m  [2m[sem cluster][0m
2026-07-10 17:18:34 [INFO]      consumiu MENOS que o habitual às 14h
2026-07-10 17:18:34 [INFO]      [2mReal:[0m 20.0 kWh   [2mHabitual:[0m 85.0 ± 8.5 kWh   [2mz:[0m -7.65   [2mdesvio:[0m -76%   [2m(2 obs. dia_util)[0m
2026-07-10 17:18:34 [INFO] 
2026-07-10 17:18:34 [INFO]   🔵 [94m[1mPT0002000110090564GD[0m  [2m[Cluster 1][0m
2026-07-10 17:18:34 [INFO]      consumiu MENOS que o habitual às 10h
2026-07-10 17:18:34 [INFO]      [2mReal:[0m 7.0 kWh   [2mHabitual:[0m 29.5 ± 3.0 kWh   [2mz:[0m -7.63   [2mdesvio:[0m -76%   [2m(2 obs. dia_util)[0m
2026-07-10 17:18:34 [INFO] 
2026-07-10 17:18:34 [INFO]   🔵 [94m[1mPT0002000073720434JD[0m  [2m[sem cluster][0m
2026-07-10 17:18:34 [INFO]      consumiu MENOS que o habitual às 11h
2026-07-10 17:18:34 [INFO]      [2mReal:[0m 20.0 kWh   [2mHabitual:[0m 84.0 ± 8.4 kWh   [2mz:[0m -7.62   [2mdesvio:[0m -76%   [2m(2 obs. dia_util)[0m
2026-07-10 17:18:34 [INFO] 
2026-07-10 17:18:34 [INFO]   🔵 [94m[1mPT0002000073720434JD[0m  [2m[sem cluster][0m
2026-07-10 17:18:34 [INFO]      consumiu MENOS que o habitual às 16h
2026-07-10 17:18:34 [INFO]      [2mReal:[0m 20.0 kWh   [2mHabitual:[0m 83.0 ± 8.3 kWh   [2mz:[0m -7.59   [2mdesvio:[0m -76%   [2m(2 obs. dia_util)[0m
2026-07-10 17:18:34 [INFO] 
2026-07-10 17:18:34 [INFO]   🔵 [94m[1mPT0002000073720434JD[0m  [2m[sem cluster][0m
2026-07-10 17:18:34 [INFO]      consumiu MENOS que o habitual às 09h
2026-07-10 17:18:34 [INFO]      [2mReal:[0m 20.0 kWh   [2mHabitual:[0m 82.0 ± 8.2 kWh   [2mz:[0m -7.56   [2mdesvio:[0m -76%   [2m(2 obs. dia_util)[0m
2026-07-10 17:18:34 [INFO] 
2026-07-10 17:18:34 [INFO]   🔵 [94m[1mPT0002000073720434JD[0m  [2m[sem cluster][0m
2026-07-10 17:18:34 [INFO]      consumiu MENOS que o habitual às 07h
2026-07-10 17:18:34 [INFO]      [2mReal:[0m 21.0 kWh   [2mHabitual:[0m 84.5 ± 8.4 kWh   [2mz:[0m -7.51   [2mdesvio:[0m -75%   [2m(2 obs. dia_util)[0m
2026-07-10 17:18:34 [INFO] 
2026-07-10 17:18:34 [INFO]   🔵 [94m[1mPT0002000073720434JD[0m  [2m[sem cluster][0m
2026-07-10 17:18:34 [INFO]      consumiu MENOS que o habitual às 10h
2026-07-10 17:18:34 [INFO]      [2mReal:[0m 21.0 kWh   [2mHabitual:[0m 84.0 ± 8.4 kWh   [2mz:[0m -7.50   [2mdesvio:[0m -75%   [2m(2 obs. dia_util)[0m
2026-07-10 17:18:34 [INFO] 
2026-07-10 17:18:34 [INFO]   🔵 [94m[1mPT0002000110090564GD[0m  [2m[Cluster 1][0m
2026-07-10 17:18:34 [INFO]      consumiu MENOS que o habitual às 09h
2026-07-10 17:18:34 [INFO]      [2mReal:[0m 7.0 kWh   [2mHabitual:[0m 28.0 ± 2.8 kWh   [2mz:[0m -7.50   [2mdesvio:[0m -75%   [2m(2 obs. dia_util)[0m
2026-07-10 17:18:34 [INFO] 
2026-07-10 17:18:34 [INFO]   🔵 [94m[1mPT0002000073720434JD[0m  [2m[sem cluster][0m
2026-07-10 17:18:34 [INFO]      consumiu MENOS que o habitual às 15h
2026-07-10 17:18:34 [INFO]      [2mReal:[0m 21.0 kWh   [2mHabitual:[0m 83.5 ± 8.3 kWh   [2mz:[0m -7.49   [2mdesvio:[0m -75%   [2m(2 obs. dia_util)[0m
2026-07-10 17:18:34 [INFO] 
2026-07-10 17:18:34 [INFO]   🔵 [94m[1mPT0002000073720434JD[0m  [2m[sem cluster][0m
2026-07-10 17:18:34 [INFO]      consumiu MENOS que o habitual às 06h
2026-07-10 17:18:34 [INFO]      [2mReal:[0m 22.0 kWh   [2mHabitual:[0m 86.5 ± 8.7 kWh   [2mz:[0m -7.46   [2mdesvio:[0m -75%   [2m(2 obs. dia_util)[0m
2026-07-10 17:18:34 [INFO] 
2026-07-10 17:18:34 [INFO]   🔵 [94m[1mPT0002000073720434JD[0m  [2m[sem cluster][0m
2026-07-10 17:18:34 [INFO]      consumiu MENOS que o habitual às 12h
2026-07-10 17:18:34 [INFO]      [2mReal:[0m 22.0 kWh   [2mHabitual:[0m 83.0 ± 8.3 kWh   [2mz:[0m -7.35   [2mdesvio:[0m -73%   [2m(2 obs. dia_util)[0m
2026-07-10 17:18:34 [INFO] 
2026-07-10 17:18:34 [INFO]   🔵 [94m[1mPT0002000073720434JD[0m  [2m[sem cluster][0m
2026-07-10 17:18:34 [INFO]      consumiu MENOS que o habitual às 17h
2026-07-10 17:18:34 [INFO]      [2mReal:[0m 23.0 kWh   [2mHabitual:[0m 85.0 ± 8.5 kWh   [2mz:[0m -7.29   [2mdesvio:[0m -73%   [2m(2 obs. dia_util)[0m
2026-07-10 17:18:34 [INFO] 
2026-07-10 17:18:34 [INFO]   🔴 [91m[1mPT0002000078140706BA[0m  [2m[sem cluster][0m
2026-07-10 17:18:34 [INFO]      consumiu MAIS que o habitual às 13h
2026-07-10 17:18:34 [INFO]      [2mReal:[0m 63.0 kWh   [2mHabitual:[0m 8.5 ± 7.8 kWh   [2mz:[0m +7.01   [2mdesvio:[0m +641%   [2m(2 obs. dia_util)[0m
2026-07-10 17:18:34 [INFO] 
2026-07-10 17:18:34 [INFO]   🔴 [91m[1mPT0002000068856826ZG[0m  [2m[sem cluster][0m
2026-07-10 17:18:34 [INFO]      consumiu MAIS que o habitual às 08h
2026-07-10 17:18:34 [INFO]      [2mReal:[0m 472.0 kWh   [2mHabitual:[0m 253.5 ± 31.8 kWh   [2mz:[0m +6.87   [2mdesvio:[0m +86%   [2m(2 obs. dia_util)[0m
2026-07-10 17:18:34 [INFO] 
2026-07-10 17:18:34 [INFO]   🔴 [91m[1mPT0002000068857099AR[0m  [2m[Cluster 1][0m
2026-07-10 17:18:34 [INFO]      consumiu MAIS que o habitual às 20h
2026-07-10 17:18:34 [INFO]      [2mReal:[0m 29.0 kWh   [2mHabitual:[0m 14.5 ± 2.1 kWh   [2mz:[0m +6.84   [2mdesvio:[0m +100%   [2m(2 obs. dia_util)[0m
2026-07-10 17:18:34 [INFO] 
2026-07-10 17:18:34 [INFO]   🔴 [91m[1mPT0002000068856872QG[0m  [2m[Cluster 1][0m
2026-07-10 17:18:34 [INFO]      consumiu MAIS que o habitual às 18h
2026-07-10 17:18:34 [INFO]      [2mReal:[0m 2.0 kWh   [2mHabitual:[0m 0.0 ± 0.3 kWh   [2mz:[0m +6.67   [2mdesvio:[0m +200000%   [2m(2 obs. dia_util)[0m
2026-07-10 17:18:34 [INFO] 
2026-07-10 17:18:34 [INFO]   🔵 [94m[1mPT0002000073720434JD[0m  [2m[sem cluster][0m
2026-07-10 17:18:34 [INFO]      consumiu MENOS que o habitual às 05h
2026-07-10 17:18:34 [INFO]      [2mReal:[0m 30.0 kWh   [2mHabitual:[0m 86.0 ± 8.6 kWh   [2mz:[0m -6.51   [2mdesvio:[0m -65%   [2m(2 obs. dia_util)[0m
2026-07-10 17:18:34 [INFO] 
2026-07-10 17:18:34 [INFO]   🔵 [94m[1mPT0002000073720434JD[0m  [2m[sem cluster][0m
2026-07-10 17:18:34 [INFO]      consumiu MENOS que o habitual às 18h
2026-07-10 17:18:34 [INFO]      [2mReal:[0m 30.0 kWh   [2mHabitual:[0m 86.0 ± 8.6 kWh   [2mz:[0m -6.51   [2mdesvio:[0m -65%   [2m(2 obs. dia_util)[0m
2026-07-10 17:18:34 [INFO] 
2026-07-10 17:18:34 [INFO]   🔵 [94m[1mPT0002000068856826ZG[0m  [2m[sem cluster][0m
2026-07-10 17:18:34 [INFO]      consumiu MENOS que o habitual às 13h
2026-07-10 17:18:34 [INFO]      [2mReal:[0m 160.0 kWh   [2mHabitual:[0m 447.5 ± 44.8 kWh   [2mz:[0m -6.42   [2mdesvio:[0m -64%   [2m(2 obs. dia_util)[0m
2026-07-10 17:18:34 [INFO] 
2026-07-10 17:18:34 [INFO]   🔵 [94m[1mPT0002000073720434JD[0m  [2m[sem cluster][0m
2026-07-10 17:18:34 [INFO]      consumiu MENOS que o habitual às 03h
2026-07-10 17:18:34 [INFO]      [2mReal:[0m 31.0 kWh   [2mHabitual:[0m 86.5 ± 8.7 kWh   [2mz:[0m -6.42   [2mdesvio:[0m -64%   [2m(2 obs. dia_util)[0m
2026-07-10 17:18:34 [INFO] 
2026-07-10 17:18:34 [INFO]   🔵 [94m[1mPT0002000073720434JD[0m  [2m[sem cluster][0m
2026-07-10 17:18:34 [INFO]      consumiu MENOS que o habitual às 04h
2026-07-10 17:18:34 [INFO]      [2mReal:[0m 31.0 kWh   [2mHabitual:[0m 86.5 ± 8.7 kWh   [2mz:[0m -6.42   [2mdesvio:[0m -64%   [2m(2 obs. dia_util)[0m
2026-07-10 17:18:34 [INFO] 
2026-07-10 17:18:34 [INFO]   🔵 [94m[1mPT0002000033074862LZ[0m  [2m[Cluster 0][0m
2026-07-10 17:18:34 [INFO]      consumiu MENOS que o habitual às 21h
2026-07-10 17:18:34 [INFO]      [2mReal:[0m 0.0 kWh   [2mHabitual:[0m 11.0 ± 1.7 kWh   [2mz:[0m -6.35   [2mdesvio:[0m -100%   [2m(3 obs. dia_util)[0m
2026-07-10 17:18:34 [INFO] 
2026-07-10 17:18:34 [INFO]   🔵 [94m[1mPT0002000073720434JD[0m  [2m[sem cluster][0m
2026-07-10 17:18:34 [INFO]      consumiu MENOS que o habitual às 01h
2026-07-10 17:18:34 [INFO]      [2mReal:[0m 32.0 kWh   [2mHabitual:[0m 87.5 ± 8.8 kWh   [2mz:[0m -6.34   [2mdesvio:[0m -63%   [2m(2 obs. dia_util)[0m
2026-07-10 17:18:34 [INFO] 
2026-07-10 17:18:34 [INFO]   🔵 [94m[1mPT0002000073720434JD[0m  [2m[sem cluster][0m
2026-07-10 17:18:34 [INFO]      consumiu MENOS que o habitual às 02h
2026-07-10 17:18:34 [INFO]      [2mReal:[0m 32.0 kWh   [2mHabitual:[0m 87.0 ± 8.7 kWh   [2mz:[0m -6.32   [2mdesvio:[0m -63%   [2m(2 obs. dia_util)[0m
2026-07-10 17:18:34 [INFO] 
2026-07-10 17:18:34 [INFO]   🔵 [94m[1mPT0002000073720434JD[0m  [2m[sem cluster][0m
2026-07-10 17:18:34 [INFO]      consumiu MENOS que o habitual às 00h
2026-07-10 17:18:34 [INFO]      [2mReal:[0m 33.0 kWh   [2mHabitual:[0m 87.0 ± 8.7 kWh   [2mz:[0m -6.21   [2mdesvio:[0m -62%   [2m(2 obs. dia_util)[0m
2026-07-10 17:18:34 [INFO] 
2026-07-10 17:18:34 [INFO]   🔴 [91m[1mPT0002000068856906VS[0m  [2m[Cluster 0][0m
2026-07-10 17:18:34 [INFO]      consumiu MAIS que o habitual às 16h
2026-07-10 17:18:34 [INFO]      [2mReal:[0m 34.0 kWh   [2mHabitual:[0m 21.0 ± 2.1 kWh   [2mz:[0m +6.19   [2mdesvio:[0m +62%   [2m(2 obs. dia_util)[0m
2026-07-10 17:18:34 [INFO] 
2026-07-10 17:18:34 [INFO]   🔴 [91m[1mPT0002000068857099AR[0m  [2m[Cluster 1][0m
2026-07-10 17:18:34 [INFO]      consumiu MAIS que o habitual às 05h
2026-07-10 17:18:34 [INFO]      [2mReal:[0m 8.0 kWh   [2mHabitual:[0m 5.0 ± 0.5 kWh   [2mz:[0m +6.00   [2mdesvio:[0m +60%   [2m(2 obs. dia_util)[0m
2026-07-10 17:18:34 [INFO] 
2026-07-10 17:18:34 [INFO]   🔴 [91m[1mPT0002000068856267NC[0m  [2m[sem cluster][0m
2026-07-10 17:18:34 [INFO]      consumiu MAIS que o habitual às 10h
2026-07-10 17:18:34 [INFO]      [2mReal:[0m 88.0 kWh   [2mHabitual:[0m 55.5 ± 5.5 kWh   [2mz:[0m +5.86   [2mdesvio:[0m +59%   [2m(2 obs. dia_util)[0m
2026-07-10 17:18:34 [INFO] 
2026-07-10 17:18:34 [INFO]   🔴 [91m[1mPT0002000068856655YV[0m  [2m[Cluster 0][0m
2026-07-10 17:18:34 [INFO]      consumiu MAIS que o habitual às 21h
2026-07-10 17:18:34 [INFO]      [2mReal:[0m 10.0 kWh   [2mHabitual:[0m 3.3 ± 1.1 kWh   [2mz:[0m +5.77   [2mdesvio:[0m +200%   [2m(3 obs. dia_util)[0m
2026-07-10 17:18:34 [INFO] 
2026-07-10 17:18:34 [INFO]   🔴 [91m[1mPT0002000068858674WN[0m  [2m[sem cluster][0m
2026-07-10 17:18:34 [INFO]      consumiu MAIS que o habitual às 21h
2026-07-10 17:18:34 [INFO]      [2mReal:[0m 24.0 kWh   [2mHabitual:[0m 10.7 ± 2.3 kWh   [2mz:[0m +5.77   [2mdesvio:[0m +125%   [2m(3 obs. dia_util)[0m
2026-07-10 17:18:34 [INFO] 
2026-07-10 17:18:34 [INFO]   🔵 [94m[1mPT0002000073720434JD[0m  [2m[sem cluster][0m
2026-07-10 17:18:34 [INFO]      consumiu MENOS que o habitual às 19h
2026-07-10 17:18:34 [INFO]      [2mReal:[0m 37.0 kWh   [2mHabitual:[0m 86.5 ± 8.7 kWh   [2mz:[0m -5.72   [2mdesvio:[0m -57%   [2m(2 obs. dia_util)[0m
2026-07-10 17:18:34 [INFO] 
2026-07-10 17:18:34 [INFO]   🔴 [91m[1mPT0002000102936404ME[0m  [2m[Cluster 1][0m
2026-07-10 17:18:34 [INFO]      consumiu MAIS que o habitual às 11h
2026-07-10 17:18:34 [INFO]      [2mReal:[0m 42.0 kWh   [2mHabitual:[0m 27.0 ± 2.7 kWh   [2mz:[0m +5.56   [2mdesvio:[0m +56%   [2m(2 obs. dia_util)[0m
2026-07-10 17:18:34 [INFO] 
2026-07-10 17:18:34 [INFO]   🔴 [91m[1mPT0002000079469719HF[0m  [2m[sem cluster][0m
2026-07-10 17:18:34 [INFO]      consumiu MAIS que o habitual às 17h
2026-07-10 17:18:34 [INFO]      [2mReal:[0m 128.0 kWh   [2mHabitual:[0m 82.5 ± 8.2 kWh   [2mz:[0m +5.52   [2mdesvio:[0m +55%   [2m(2 obs. dia_util)[0m
2026-07-10 17:18:34 [INFO] 
2026-07-10 17:18:34 [INFO]   🔴 [91m[1mPT0002000068859597LS[0m  [2m[Cluster 0][0m
2026-07-10 17:18:34 [INFO]      consumiu MAIS que o habitual às 00h
2026-07-10 17:18:34 [INFO]      [2mReal:[0m 48.0 kWh   [2mHabitual:[0m 31.0 ± 3.1 kWh   [2mz:[0m +5.48   [2mdesvio:[0m +55%   [2m(2 obs. dia_util)[0m
2026-07-10 17:18:34 [INFO] 
2026-07-10 17:18:34 [INFO]   🔴 [91m[1mPT0002000075637532JB[0m  [2m[Cluster 0][0m
2026-07-10 17:18:34 [INFO]      consumiu MAIS que o habitual às 13h
2026-07-10 17:18:34 [INFO]      [2mReal:[0m 29.0 kWh   [2mHabitual:[0m 17.5 ± 2.1 kWh   [2mz:[0m +5.42   [2mdesvio:[0m +66%   [2m(2 obs. dia_util)[0m
2026-07-10 17:18:34 [INFO] 
2026-07-10 17:18:34 [INFO]   🔵 [94m[1mPT0002000119303492KB[0m  [2m[Cluster 0][0m
2026-07-10 17:18:34 [INFO]      consumiu MENOS que o habitual às 17h
2026-07-10 17:18:34 [INFO]      [2mReal:[0m 11.0 kWh   [2mHabitual:[0m 24.0 ± 2.4 kWh   [2mz:[0m -5.42   [2mdesvio:[0m -54%   [2m(2 obs. dia_util)[0m
2026-07-10 17:18:34 [INFO] 
2026-07-10 17:18:34 [INFO]   🔴 [91m[1mPT0002000068856906VS[0m  [2m[Cluster 0][0m
2026-07-10 17:18:34 [INFO]      consumiu MAIS que o habitual às 10h
2026-07-10 17:18:34 [INFO]      [2mReal:[0m 41.0 kWh   [2mHabitual:[0m 22.5 ± 3.5 kWh   [2mz:[0m +5.23   [2mdesvio:[0m +82%   [2m(2 obs. dia_util)[0m
2026-07-10 17:18:34 [INFO] 
2026-07-10 17:18:34 [INFO]   🔵 [94m[1mPT0002000110607652SB[0m  [2m[Cluster 0][0m
2026-07-10 17:18:34 [INFO]      consumiu MENOS que o habitual às 04h
2026-07-10 17:18:34 [INFO]      [2mReal:[0m 4.0 kWh   [2mHabitual:[0m 8.0 ± 0.8 kWh   [2mz:[0m -5.00   [2mdesvio:[0m -50%   [2m(2 obs. dia_util)[0m
2026-07-10 17:18:34 [INFO] 
2026-07-10 17:18:34 [INFO]   🔵 [94m[1mPT0002000110607652SB[0m  [2m[Cluster 0][0m
2026-07-10 17:18:34 [INFO]      consumiu MENOS que o habitual às 12h
2026-07-10 17:18:34 [INFO]      [2mReal:[0m 40.0 kWh   [2mHabitual:[0m 80.0 ± 8.0 kWh   [2mz:[0m -5.00   [2mdesvio:[0m -50%   [2m(2 obs. dia_util)[0m
2026-07-10 17:18:34 [INFO] 
2026-07-10 17:18:34 [INFO]   🔴 [91m[1mPT0002000115031201VQ[0m  [2m[Cluster 0][0m
2026-07-10 17:18:34 [INFO]      consumiu MAIS que o habitual às 06h
2026-07-10 17:18:34 [INFO]      [2mReal:[0m 6.0 kWh   [2mHabitual:[0m 4.0 ± 0.4 kWh   [2mz:[0m +5.00   [2mdesvio:[0m +50%   [2m(2 obs. dia_util)[0m
2026-07-10 17:18:34 [INFO] 
2026-07-10 17:18:34 [INFO]   🔴 [91m[1mPT0002000068856952LS[0m  [2m[Cluster 2][0m
2026-07-10 17:18:34 [INFO]      consumiu MAIS que o habitual às 09h
2026-07-10 17:18:34 [INFO]      [2mReal:[0m 4.0 kWh   [2mHabitual:[0m 0.5 ± 0.7 kWh   [2mz:[0m +4.95   [2mdesvio:[0m +700%   [2m(2 obs. dia_util)[0m
2026-07-10 17:18:34 [INFO] 
2026-07-10 17:18:34 [INFO]   🔴 [91m[1mPT0002000068856952LS[0m  [2m[Cluster 2][0m
2026-07-10 17:18:34 [INFO]      consumiu MAIS que o habitual às 12h
2026-07-10 17:18:34 [INFO]      [2mReal:[0m 4.0 kWh   [2mHabitual:[0m 0.5 ± 0.7 kWh   [2mz:[0m +4.95   [2mdesvio:[0m +700%   [2m(2 obs. dia_util)[0m
2026-07-10 17:18:34 [INFO] 
2026-07-10 17:18:34 [INFO]   🔴 [91m[1mPT0002000115673471CB[0m  [2m[Cluster 0][0m
2026-07-10 17:18:34 [INFO]      consumiu MAIS que o habitual às 11h
2026-07-10 17:18:34 [INFO]      [2mReal:[0m 83.0 kWh   [2mHabitual:[0m 55.5 ± 5.5 kWh   [2mz:[0m +4.95   [2mdesvio:[0m +50%   [2m(2 obs. dia_util)[0m
2026-07-10 17:18:34 [INFO] 
2026-07-10 17:18:34 [INFO]   🔵 [94m[1mPT0002000033074862LZ[0m  [2m[Cluster 0][0m
2026-07-10 17:18:34 [INFO]      consumiu MENOS que o habitual às 18h
2026-07-10 17:18:34 [INFO]      [2mReal:[0m 0.0 kWh   [2mHabitual:[0m 27.0 ± 5.7 kWh   [2mz:[0m -4.77   [2mdesvio:[0m -100%   [2m(2 obs. dia_util)[0m
2026-07-10 17:18:34 [INFO] 
2026-07-10 17:18:34 [INFO]   🔴 [91m[1mPT0002000073481266XH[0m  [2m[Cluster 0][0m
2026-07-10 17:18:34 [INFO]      consumiu MAIS que o habitual às 11h
2026-07-10 17:18:34 [INFO]      [2mReal:[0m 53.0 kWh   [2mHabitual:[0m 36.0 ± 3.6 kWh   [2mz:[0m +4.72   [2mdesvio:[0m +47%   [2m(2 obs. dia_util)[0m
2026-07-10 17:18:34 [INFO] 
2026-07-10 17:18:34 [INFO]   🔴 [91m[1mPT0002000078140706BA[0m  [2m[sem cluster][0m
2026-07-10 17:18:34 [INFO]      consumiu MAIS que o habitual às 07h
2026-07-10 17:18:34 [INFO]      [2mReal:[0m 91.0 kWh   [2mHabitual:[0m 54.5 ± 7.8 kWh   [2mz:[0m +4.69   [2mdesvio:[0m +67%   [2m(2 obs. dia_util)[0m
2026-07-10 17:18:34 [INFO] 
2026-07-10 17:18:34 [INFO]   🔵 [94m[1mPT0002000110607652SB[0m  [2m[Cluster 0][0m
2026-07-10 17:18:34 [INFO]      consumiu MENOS que o habitual às 14h
2026-07-10 17:18:34 [INFO]      [2mReal:[0m 52.0 kWh   [2mHabitual:[0m 98.0 ± 9.8 kWh   [2mz:[0m -4.69   [2mdesvio:[0m -47%   [2m(2 obs. dia_util)[0m
2026-07-10 17:18:34 [INFO] 
2026-07-10 17:18:34 [INFO]   🔴 [91m[1mPT0002000068859187RL[0m  [2m[Cluster 0][0m
2026-07-10 17:18:34 [INFO]      consumiu MAIS que o habitual às 09h
2026-07-10 17:18:34 [INFO]      [2mReal:[0m 89.0 kWh   [2mHabitual:[0m 59.5 ± 6.4 kWh   [2mz:[0m +4.64   [2mdesvio:[0m +50%   [2m(2 obs. dia_util)[0m
2026-07-10 17:18:34 [INFO] 
2026-07-10 17:18:34 [INFO]   🔴 [91m[1mPT0002000068859187RL[0m  [2m[Cluster 0][0m
2026-07-10 17:18:34 [INFO]      consumiu MAIS que o habitual às 15h
2026-07-10 17:18:34 [INFO]      [2mReal:[0m 82.0 kWh   [2mHabitual:[0m 56.0 ± 5.6 kWh   [2mz:[0m +4.64   [2mdesvio:[0m +46%   [2m(2 obs. dia_util)[0m
2026-07-10 17:18:34 [INFO] 
2026-07-10 17:18:34 [INFO]   🔵 [94m[1mPT0002000110607652SB[0m  [2m[Cluster 0][0m
2026-07-10 17:18:34 [INFO]      consumiu MENOS que o habitual às 13h
2026-07-10 17:18:34 [INFO]      [2mReal:[0m 40.0 kWh   [2mHabitual:[0m 92.0 ± 11.3 kWh   [2mz:[0m -4.60   [2mdesvio:[0m -57%   [2m(2 obs. dia_util)[0m
2026-07-10 17:18:34 [INFO] 
2026-07-10 17:18:34 [INFO]   🔵 [94m[1mPT0002000110607652SB[0m  [2m[Cluster 0][0m
2026-07-10 17:18:34 [INFO]      consumiu MENOS que o habitual às 18h
2026-07-10 17:18:34 [INFO]      [2mReal:[0m 40.0 kWh   [2mHabitual:[0m 74.0 ± 7.4 kWh   [2mz:[0m -4.59   [2mdesvio:[0m -46%   [2m(2 obs. dia_util)[0m
2026-07-10 17:18:34 [INFO] 
2026-07-10 17:18:34 [INFO]   🔴 [91m[1mPT0002000068859382XF[0m  [2m[Cluster 0][0m
2026-07-10 17:18:34 [INFO]      consumiu MAIS que o habitual às 18h
2026-07-10 17:18:34 [INFO]      [2mReal:[0m 69.0 kWh   [2mHabitual:[0m 47.5 ± 4.8 kWh   [2mz:[0m +4.53   [2mdesvio:[0m +45%   [2m(2 obs. dia_util)[0m
2026-07-10 17:18:34 [INFO] 
2026-07-10 17:18:34 [INFO]   🔴 [91m[1mPT0002000079469719HF[0m  [2m[sem cluster][0m
2026-07-10 17:18:34 [INFO]      consumiu MAIS que o habitual às 13h
2026-07-10 17:18:34 [INFO]      [2mReal:[0m 126.0 kWh   [2mHabitual:[0m 52.5 ± 16.3 kWh   [2mz:[0m +4.52   [2mdesvio:[0m +140%   [2m(2 obs. dia_util)[0m
2026-07-10 17:18:34 [INFO] 
2026-07-10 17:18:34 [INFO]   🔵 [94m[1mPT0002000068856826ZG[0m  [2m[sem cluster][0m
2026-07-10 17:18:34 [INFO]      consumiu MENOS que o habitual às 06h
2026-07-10 17:18:34 [INFO]      [2mReal:[0m 112.0 kWh   [2mHabitual:[0m 203.5 ± 20.4 kWh   [2mz:[0m -4.50   [2mdesvio:[0m -45%   [2m(2 obs. dia_util)[0m
2026-07-10 17:18:34 [INFO] 
2026-07-10 17:18:34 [INFO]   🔵 [94m[1mPT0002000077348081AG[0m  [2m[sem cluster][0m
2026-07-10 17:18:34 [INFO]      consumiu MENOS que o habitual às 18h
2026-07-10 17:18:34 [INFO]      [2mReal:[0m 169.0 kWh   [2mHabitual:[0m 307.5 ± 30.8 kWh   [2mz:[0m -4.50   [2mdesvio:[0m -45%   [2m(2 obs. dia_util)[0m
2026-07-10 17:18:34 [INFO] 
2026-07-10 17:18:34 [INFO]   🔴 [91m[1mPT0002000068856267NC[0m  [2m[sem cluster][0m
2026-07-10 17:18:34 [INFO]      consumiu MAIS que o habitual às 15h
2026-07-10 17:18:34 [INFO]      [2mReal:[0m 78.0 kWh   [2mHabitual:[0m 54.0 ± 5.4 kWh   [2mz:[0m +4.44   [2mdesvio:[0m +44%   [2m(2 obs. dia_util)[0m
2026-07-10 17:18:34 [INFO] 
2026-07-10 17:18:34 [INFO]   🔵 [94m[1mPT0002000119303492KB[0m  [2m[Cluster 0][0m
2026-07-10 17:18:34 [INFO]      consumiu MENOS que o habitual às 15h
2026-07-10 17:18:34 [INFO]      [2mReal:[0m 17.0 kWh   [2mHabitual:[0m 30.5 ± 3.0 kWh   [2mz:[0m -4.43   [2mdesvio:[0m -44%   [2m(2 obs. dia_util)[0m
2026-07-10 17:18:34 [INFO] 
2026-07-10 17:18:34 [INFO]   🔴 [91m[1mPT0002000068859187RL[0m  [2m[Cluster 0][0m
2026-07-10 17:18:34 [INFO]      consumiu MAIS que o habitual às 08h
2026-07-10 17:18:34 [INFO]      [2mReal:[0m 75.0 kWh   [2mHabitual:[0m 52.0 ± 5.2 kWh   [2mz:[0m +4.42   [2mdesvio:[0m +44%   [2m(2 obs. dia_util)[0m
2026-07-10 17:18:34 [INFO] 
2026-07-10 17:18:34 [INFO]   🔵 [94m[1mPT0002000068856826ZG[0m  [2m[sem cluster][0m
2026-07-10 17:18:34 [INFO]      consumiu MENOS que o habitual às 03h
2026-07-10 17:18:34 [INFO]      [2mReal:[0m 115.0 kWh   [2mHabitual:[0m 205.5 ± 20.6 kWh   [2mz:[0m -4.40   [2mdesvio:[0m -44%   [2m(2 obs. dia_util)[0m
2026-07-10 17:18:34 [INFO] 
2026-07-10 17:18:34 [INFO]   🔴 [91m[1mPT0002000112989585PH[0m  [2m[Cluster 0][0m
2026-07-10 17:18:34 [INFO]      consumiu MAIS que o habitual às 13h
2026-07-10 17:18:34 [INFO]      [2mReal:[0m 87.0 kWh   [2mHabitual:[0m 15.5 ± 16.3 kWh   [2mz:[0m +4.40   [2mdesvio:[0m +461%   [2m(2 obs. dia_util)[0m
2026-07-10 17:18:34 [INFO] 
2026-07-10 17:18:34 [INFO]   🔵 [94m[1mPT0002000110607652SB[0m  [2m[Cluster 0][0m
2026-07-10 17:18:34 [INFO]      consumiu MENOS que o habitual às 19h
2026-07-10 17:18:34 [INFO]      [2mReal:[0m 36.0 kWh   [2mHabitual:[0m 64.0 ± 6.4 kWh   [2mz:[0m -4.38   [2mdesvio:[0m -44%   [2m(2 obs. dia_util)[0m
2026-07-10 17:18:34 [INFO] 
2026-07-10 17:18:34 [INFO]   🔵 [94m[1mPT0002000110607652SB[0m  [2m[Cluster 0][0m
2026-07-10 17:18:34 [INFO]      consumiu MENOS que o habitual às 15h
2026-07-10 17:18:34 [INFO]      [2mReal:[0m 52.0 kWh   [2mHabitual:[0m 92.0 ± 9.2 kWh   [2mz:[0m -4.35   [2mdesvio:[0m -43%   [2m(2 obs. dia_util)[0m
2026-07-10 17:18:34 [INFO] 
2026-07-10 17:18:34 [INFO]   🔴 [91m[1mPT0002000068856906VS[0m  [2m[Cluster 0][0m
2026-07-10 17:18:34 [INFO]      consumiu MAIS que o habitual às 11h
2026-07-10 17:18:34 [INFO]      [2mReal:[0m 43.0 kWh   [2mHabitual:[0m 30.0 ± 3.0 kWh   [2mz:[0m +4.33   [2mdesvio:[0m +43%   [2m(2 obs. dia_util)[0m
2026-07-10 17:18:34 [INFO] 
2026-07-10 17:18:34 [INFO]   🔴 [91m[1mPT0002000075637532JB[0m  [2m[Cluster 0][0m
2026-07-10 17:18:34 [INFO]      consumiu MAIS que o habitual às 18h
2026-07-10 17:18:34 [INFO]      [2mReal:[0m 15.0 kWh   [2mHabitual:[0m 10.5 ± 1.1 kWh   [2mz:[0m +4.29   [2mdesvio:[0m +43%   [2m(2 obs. dia_util)[0m
2026-07-10 17:18:34 [INFO] 
2026-07-10 17:18:34 [INFO]   🔵 [94m[1mPT0002000119303492KB[0m  [2m[Cluster 0][0m
2026-07-10 17:18:34 [INFO]      consumiu MENOS que o habitual às 16h
2026-07-10 17:18:34 [INFO]      [2mReal:[0m 14.0 kWh   [2mHabitual:[0m 24.0 ± 2.4 kWh   [2mz:[0m -4.17   [2mdesvio:[0m -42%   [2m(2 obs. dia_util)[0m
2026-07-10 17:18:34 [INFO] 
2026-07-10 17:18:34 [INFO]   🔵 [94m[1mPT0002000073231742VK[0m  [2m[Cluster 0][0m
2026-07-10 17:18:34 [INFO]      consumiu MENOS que o habitual às 13h
2026-07-10 17:18:34 [INFO]      [2mReal:[0m 22.0 kWh   [2mHabitual:[0m 37.5 ± 3.8 kWh   [2mz:[0m -4.13   [2mdesvio:[0m -41%   [2m(2 obs. dia_util)[0m
2026-07-10 17:18:34 [INFO] 
2026-07-10 17:18:34 [INFO]   🔵 [94m[1mPT0002000115673389QK[0m  [2m[Cluster 0][0m
2026-07-10 17:18:34 [INFO]      consumiu MENOS que o habitual às 15h
2026-07-10 17:18:34 [INFO]      [2mReal:[0m 63.0 kWh   [2mHabitual:[0m 106.5 ± 10.7 kWh   [2mz:[0m -4.08   [2mdesvio:[0m -41%   [2m(2 obs. dia_util)[0m
2026-07-10 17:18:34 [INFO] 
2026-07-10 17:18:34 [INFO]   🔴 [91m[1mPT0002000068859187RL[0m  [2m[Cluster 0][0m
2026-07-10 17:18:34 [INFO]      consumiu MAIS que o habitual às 12h
2026-07-10 17:18:34 [INFO]      [2mReal:[0m 95.0 kWh   [2mHabitual:[0m 67.5 ± 6.8 kWh   [2mz:[0m +4.07   [2mdesvio:[0m +41%   [2m(2 obs. dia_util)[0m
2026-07-10 17:18:34 [INFO] 
2026-07-10 17:18:34 [INFO]   🔴 [91m[1mPT0002000068859187RL[0m  [2m[Cluster 0][0m
2026-07-10 17:18:34 [INFO]      consumiu MAIS que o habitual às 16h
2026-07-10 17:18:34 [INFO]      [2mReal:[0m 69.0 kWh   [2mHabitual:[0m 46.0 ± 5.7 kWh   [2mz:[0m +4.07   [2mdesvio:[0m +50%   [2m(2 obs. dia_util)[0m
2026-07-10 17:18:34 [INFO] 
2026-07-10 17:18:34 [INFO]   🔵 [94m[1mPT0002000068856826ZG[0m  [2m[sem cluster][0m
2026-07-10 17:18:34 [INFO]      consumiu MENOS que o habitual às 02h
2026-07-10 17:18:34 [INFO]      [2mReal:[0m 121.0 kWh   [2mHabitual:[0m 203.5 ± 20.4 kWh   [2mz:[0m -4.05   [2mdesvio:[0m -41%   [2m(2 obs. dia_util)[0m
2026-07-10 17:18:34 [INFO] 
2026-07-10 17:18:34 [INFO]   🔵 [94m[1mPT0002000077348081AG[0m  [2m[sem cluster][0m
2026-07-10 17:18:34 [INFO]      consumiu MENOS que o habitual às 13h
2026-07-10 17:18:34 [INFO]      [2mReal:[0m 166.0 kWh   [2mHabitual:[0m 278.0 ± 27.8 kWh   [2mz:[0m -4.03   [2mdesvio:[0m -40%   [2m(2 obs. dia_util)[0m
2026-07-10 17:18:34 [INFO] 
2026-07-10 17:18:34 [INFO]   🔴 [91m[1mPT0002000068857099AR[0m  [2m[Cluster 1][0m
2026-07-10 17:18:34 [INFO]      consumiu MAIS que o habitual às 17h
2026-07-10 17:18:34 [INFO]      [2mReal:[0m 7.0 kWh   [2mHabitual:[0m 5.0 ± 0.5 kWh   [2mz:[0m +4.00   [2mdesvio:[0m +40%   [2m(2 obs. dia_util)[0m
2026-07-10 17:18:34 [INFO] 
2026-07-10 17:18:34 [INFO]   🔵 [94m[1mPT0002000068857909SY[0m  [2m[Cluster 1][0m
2026-07-10 17:18:34 [INFO]      consumiu MENOS que o habitual às 22h
2026-07-10 17:18:34 [INFO]      [2mReal:[0m 17.0 kWh   [2mHabitual:[0m 33.7 ± 4.2 kWh   [2mz:[0m -4.00   [2mdesvio:[0m -50%   [2m(3 obs. dia_util)[0m
2026-07-10 17:18:34 [INFO] 
2026-07-10 17:18:34 [INFO]   🔵 [94m[1mPT0002000068856826ZG[0m  [2m[sem cluster][0m
2026-07-10 17:18:34 [INFO]      consumiu MENOS que o habitual às 04h
2026-07-10 17:18:34 [INFO]      [2mReal:[0m 114.0 kWh   [2mHabitual:[0m 216.5 ± 26.2 kWh   [2mz:[0m -3.92   [2mdesvio:[0m -47%   [2m(2 obs. dia_util)[0m
2026-07-10 17:18:34 [INFO] 
2026-07-10 17:18:34 [INFO]   🔴 [91m[1mPT0002000068856267NC[0m  [2m[sem cluster][0m
2026-07-10 17:18:34 [INFO]      consumiu MAIS que o habitual às 11h
2026-07-10 17:18:34 [INFO]      [2mReal:[0m 82.0 kWh   [2mHabitual:[0m 59.0 ± 5.9 kWh   [2mz:[0m +3.90   [2mdesvio:[0m +39%   [2m(2 obs. dia_util)[0m
2026-07-10 17:18:34 [INFO] 
2026-07-10 17:18:34 [INFO]   🔵 [94m[1mPT0002000101964938LF[0m  [2m[Cluster 0][0m
2026-07-10 17:18:34 [INFO]      consumiu MENOS que o habitual às 18h
2026-07-10 17:18:34 [INFO]      [2mReal:[0m 30.0 kWh   [2mHabitual:[0m 49.0 ± 4.9 kWh   [2mz:[0m -3.88   [2mdesvio:[0m -39%   [2m(2 obs. dia_util)[0m
2026-07-10 17:18:34 [INFO] 
2026-07-10 17:18:34 [INFO]   🔴 [91m[1mPT0002000068859382XF[0m  [2m[Cluster 0][0m
2026-07-10 17:18:34 [INFO]      consumiu MAIS que o habitual às 17h
2026-07-10 17:18:34 [INFO]      [2mReal:[0m 79.0 kWh   [2mHabitual:[0m 57.0 ± 5.7 kWh   [2mz:[0m +3.86   [2mdesvio:[0m +39%   [2m(2 obs. dia_util)[0m
2026-07-10 17:18:34 [INFO] 
2026-07-10 17:18:34 [INFO]   🔵 [94m[1mPT0002000102936404ME[0m  [2m[Cluster 1][0m
2026-07-10 17:18:34 [INFO]      consumiu MENOS que o habitual às 15h
2026-07-10 17:18:34 [INFO]      [2mReal:[0m 20.0 kWh   [2mHabitual:[0m 32.5 ± 3.2 kWh   [2mz:[0m -3.85   [2mdesvio:[0m -38%   [2m(2 obs. dia_util)[0m
2026-07-10 17:18:34 [INFO] 
2026-07-10 17:18:34 [INFO]   🔵 [94m[1mPT0002000119303492KB[0m  [2m[Cluster 0][0m
2026-07-10 17:18:34 [INFO]      consumiu MENOS que o habitual às 14h
2026-07-10 17:18:34 [INFO]      [2mReal:[0m 22.0 kWh   [2mHabitual:[0m 38.0 ± 4.2 kWh   [2mz:[0m -3.77   [2mdesvio:[0m -42%   [2m(2 obs. dia_util)[0m
2026-07-10 17:18:34 [INFO] 
2026-07-10 17:18:34 [INFO]   🔵 [94m[1mPT0002000078207354XC[0m  [2m[Cluster 1][0m
2026-07-10 17:18:34 [INFO]      consumiu MENOS que o habitual às 08h
2026-07-10 17:18:34 [INFO]      [2mReal:[0m 5.0 kWh   [2mHabitual:[0m 8.0 ± 0.8 kWh   [2mz:[0m -3.75   [2mdesvio:[0m -38%   [2m(2 obs. dia_util)[0m
2026-07-10 17:18:34 [INFO] 
2026-07-10 17:18:34 [INFO]   🔵 [94m[1mPT0002000078207354XC[0m  [2m[Cluster 1][0m
2026-07-10 17:18:34 [INFO]      consumiu MENOS que o habitual às 15h
2026-07-10 17:18:34 [INFO]      [2mReal:[0m 5.0 kWh   [2mHabitual:[0m 8.0 ± 0.8 kWh   [2mz:[0m -3.75   [2mdesvio:[0m -38%   [2m(2 obs. dia_util)[0m
2026-07-10 17:18:34 [INFO] 
2026-07-10 17:18:34 [INFO]   🔵 [94m[1mPT0002000068855003AK[0m  [2m[sem cluster][0m
2026-07-10 17:18:34 [INFO]      consumiu MENOS que o habitual às 14h
2026-07-10 17:18:34 [INFO]      [2mReal:[0m 29.0 kWh   [2mHabitual:[0m 47.5 ± 5.0 kWh   [2mz:[0m -3.74   [2mdesvio:[0m -39%   [2m(2 obs. dia_util)[0m
2026-07-10 17:18:34 [INFO] 
2026-07-10 17:18:34 [INFO]   🔴 [91m[1mPT0002000068859325FL[0m  [2m[Cluster 1][0m
2026-07-10 17:18:34 [INFO]      consumiu MAIS que o habitual às 02h
2026-07-10 17:18:34 [INFO]      [2mReal:[0m 140.0 kWh   [2mHabitual:[0m 102.0 ± 10.2 kWh   [2mz:[0m +3.73   [2mdesvio:[0m +37%   [2m(2 obs. dia_util)[0m
2026-07-10 17:18:34 [INFO] 
2026-07-10 17:18:34 [INFO]   🔴 [91m[1mPT0002000068859382XF[0m  [2m[Cluster 0][0m
2026-07-10 17:18:34 [INFO]      consumiu MAIS que o habitual às 19h
2026-07-10 17:18:34 [INFO]      [2mReal:[0m 70.0 kWh   [2mHabitual:[0m 49.0 ± 5.7 kWh   [2mz:[0m +3.71   [2mdesvio:[0m +43%   [2m(2 obs. dia_util)[0m
2026-07-10 17:18:34 [INFO] 
2026-07-10 17:18:34 [INFO]   🔵 [94m[1mPT0002000077348081AG[0m  [2m[sem cluster][0m
2026-07-10 17:18:34 [INFO]      consumiu MENOS que o habitual às 16h
2026-07-10 17:18:34 [INFO]      [2mReal:[0m 182.0 kWh   [2mHabitual:[0m 288.5 ± 28.9 kWh   [2mz:[0m -3.69   [2mdesvio:[0m -37%   [2m(2 obs. dia_util)[0m
2026-07-10 17:18:34 [INFO] 
2026-07-10 17:18:34 [INFO]   🔵 [94m[1mPT0002000077348081AG[0m  [2m[sem cluster][0m
2026-07-10 17:18:34 [INFO]      consumiu MENOS que o habitual às 17h
2026-07-10 17:18:34 [INFO]      [2mReal:[0m 187.0 kWh   [2mHabitual:[0m 294.0 ± 29.4 kWh   [2mz:[0m -3.64   [2mdesvio:[0m -36%   [2m(2 obs. dia_util)[0m
2026-07-10 17:18:34 [INFO] 
2026-07-10 17:18:34 [INFO]   🔵 [94m[1mPT0002000077348081AG[0m  [2m[sem cluster][0m
2026-07-10 17:18:34 [INFO]      consumiu MENOS que o habitual às 19h
2026-07-10 17:18:34 [INFO]      [2mReal:[0m 150.0 kWh   [2mHabitual:[0m 234.5 ± 23.4 kWh   [2mz:[0m -3.60   [2mdesvio:[0m -36%   [2m(2 obs. dia_util)[0m
2026-07-10 17:18:34 [INFO] 
2026-07-10 17:18:34 [INFO]   🔵 [94m[1mPT0002000077348081AG[0m  [2m[sem cluster][0m
2026-07-10 17:18:34 [INFO]      consumiu MENOS que o habitual às 11h
2026-07-10 17:18:34 [INFO]      [2mReal:[0m 182.0 kWh   [2mHabitual:[0m 284.0 ± 28.4 kWh   [2mz:[0m -3.59   [2mdesvio:[0m -36%   [2m(2 obs. dia_util)[0m
2026-07-10 17:18:34 [INFO] 
2026-07-10 17:18:34 [INFO]   🔴 [91m[1mPT0002000112989585PH[0m  [2m[Cluster 0][0m
2026-07-10 17:18:34 [INFO]      consumiu MAIS que o habitual às 17h
2026-07-10 17:18:34 [INFO]      [2mReal:[0m 76.0 kWh   [2mHabitual:[0m 56.0 ± 5.6 kWh   [2mz:[0m +3.57   [2mdesvio:[0m +36%   [2m(2 obs. dia_util)[0m
2026-07-10 17:18:34 [INFO] 
2026-07-10 17:18:34 [INFO]   🔵 [94m[1mPT0002000077348081AG[0m  [2m[sem cluster][0m
2026-07-10 17:18:34 [INFO]      consumiu MENOS que o habitual às 12h
2026-07-10 17:18:34 [INFO]      [2mReal:[0m 178.0 kWh   [2mHabitual:[0m 276.5 ± 27.6 kWh   [2mz:[0m -3.56   [2mdesvio:[0m -36%   [2m(2 obs. dia_util)[0m
2026-07-10 17:18:34 [INFO] 
2026-07-10 17:18:34 [INFO]   🔵 [94m[1mPT0002000068856974CZ[0m  [2m[sem cluster][0m
2026-07-10 17:18:34 [INFO]      consumiu MENOS que o habitual às 14h
2026-07-10 17:18:34 [INFO]      [2mReal:[0m 30.0 kWh   [2mHabitual:[0m 46.5 ± 4.7 kWh   [2mz:[0m -3.55   [2mdesvio:[0m -35%   [2m(2 obs. dia_util)[0m
2026-07-10 17:18:34 [INFO] 
2026-07-10 17:18:34 [INFO]   🔴 [91m[1mPT0002000068859382XF[0m  [2m[Cluster 0][0m
2026-07-10 17:18:34 [INFO]      consumiu MAIS que o habitual às 13h
2026-07-10 17:18:34 [INFO]      [2mReal:[0m 107.0 kWh   [2mHabitual:[0m 74.5 ± 9.2 kWh   [2mz:[0m +3.54   [2mdesvio:[0m +44%   [2m(2 obs. dia_util)[0m
2026-07-10 17:18:34 [INFO] 
2026-07-10 17:18:34 [INFO]   🔴 [91m[1mPT0002000073717386HC[0m  [2m[sem cluster][0m
2026-07-10 17:18:34 [INFO]      consumiu MAIS que o habitual às 16h
2026-07-10 17:18:34 [INFO]      [2mReal:[0m 52.0 kWh   [2mHabitual:[0m 24.5 ± 7.8 kWh   [2mz:[0m +3.54   [2mdesvio:[0m +112%   [2m(2 obs. dia_util)[0m
2026-07-10 17:18:34 [INFO] 
2026-07-10 17:18:34 [INFO]   🔵 [94m[1mPT0002000115673389QK[0m  [2m[Cluster 0][0m
2026-07-10 17:18:34 [INFO]      consumiu MENOS que o habitual às 16h
2026-07-10 17:18:34 [INFO]      [2mReal:[0m 54.0 kWh   [2mHabitual:[0m 101.5 ± 13.4 kWh   [2mz:[0m -3.54   [2mdesvio:[0m -47%   [2m(2 obs. dia_util)[0m
2026-07-10 17:18:34 [INFO] 
2026-07-10 17:18:34 [INFO]   🔵 [94m[1mPT0002000123648159KR[0m  [2m[Cluster 0][0m
2026-07-10 17:18:34 [INFO]      consumiu MENOS que o habitual às 02h
2026-07-10 17:18:34 [INFO]      [2mReal:[0m 4.0 kWh   [2mHabitual:[0m 6.5 ± 0.7 kWh   [2mz:[0m -3.54   [2mdesvio:[0m -38%   [2m(2 obs. dia_util)[0m
2026-07-10 17:18:34 [INFO] 
2026-07-10 17:18:34 [INFO]   🔵 [94m[1mPT0002000119303492KB[0m  [2m[Cluster 0][0m
2026-07-10 17:18:34 [INFO]      consumiu MENOS que o habitual às 18h
2026-07-10 17:18:34 [INFO]      [2mReal:[0m 12.0 kWh   [2mHabitual:[0m 18.5 ± 1.9 kWh   [2mz:[0m -3.51   [2mdesvio:[0m -35%   [2m(2 obs. dia_util)[0m
2026-07-10 17:18:34 [INFO] 
2026-07-10 17:18:34 [INFO]   🔵 [94m[1mPT0002000068856826ZG[0m  [2m[sem cluster][0m
2026-07-10 17:18:34 [INFO]      consumiu MENOS que o habitual às 00h
2026-07-10 17:18:34 [INFO]      [2mReal:[0m 114.0 kWh   [2mHabitual:[0m 218.0 ± 29.7 kWh   [2mz:[0m -3.50   [2mdesvio:[0m -48%   [2m(2 obs. dia_util)[0m
2026-07-10 17:18:34 [INFO] 
2026-07-10 17:18:34 [INFO]   🔵 [94m[1mPT0002000077348081AG[0m  [2m[sem cluster][0m
2026-07-10 17:18:34 [INFO]      consumiu MENOS que o habitual às 14h
2026-07-10 17:18:34 [INFO]      [2mReal:[0m 186.0 kWh   [2mHabitual:[0m 285.5 ± 28.6 kWh   [2mz:[0m -3.49   [2mdesvio:[0m -35%   [2m(2 obs. dia_util)[0m
2026-07-10 17:18:34 [INFO] 
2026-07-10 17:18:34 [INFO]   🔵 [94m[1mPT0002000101964938LF[0m  [2m[Cluster 0][0m
2026-07-10 17:18:34 [INFO]      consumiu MENOS que o habitual às 19h
2026-07-10 17:18:34 [INFO]      [2mReal:[0m 27.0 kWh   [2mHabitual:[0m 41.5 ± 4.2 kWh   [2mz:[0m -3.49   [2mdesvio:[0m -35%   [2m(2 obs. dia_util)[0m
2026-07-10 17:18:34 [INFO] 
2026-07-10 17:18:34 [INFO]   🔴 [91m[1mPT0002000068859325FL[0m  [2m[Cluster 1][0m
2026-07-10 17:18:34 [INFO]      consumiu MAIS que o habitual às 01h
2026-07-10 17:18:34 [INFO]      [2mReal:[0m 148.0 kWh   [2mHabitual:[0m 110.0 ± 11.0 kWh   [2mz:[0m +3.45   [2mdesvio:[0m +35%   [2m(2 obs. dia_util)[0m
2026-07-10 17:18:34 [INFO] 
2026-07-10 17:18:34 [INFO]   🔴 [91m[1mPT0002000068859382XF[0m  [2m[Cluster 0][0m
2026-07-10 17:18:34 [INFO]      consumiu MAIS que o habitual às 15h
2026-07-10 17:18:34 [INFO]      [2mReal:[0m 106.0 kWh   [2mHabitual:[0m 79.0 ± 7.9 kWh   [2mz:[0m +3.42   [2mdesvio:[0m +34%   [2m(2 obs. dia_util)[0m
2026-07-10 17:18:34 [INFO] 
2026-07-10 17:18:34 [INFO]   🔴 [91m[1mPT0002000068856267NC[0m  [2m[sem cluster][0m
2026-07-10 17:18:34 [INFO]      consumiu MAIS que o habitual às 12h
2026-07-10 17:18:34 [INFO]      [2mReal:[0m 75.0 kWh   [2mHabitual:[0m 56.0 ± 5.6 kWh   [2mz:[0m +3.39   [2mdesvio:[0m +34%   [2m(2 obs. dia_util)[0m
2026-07-10 17:18:34 [INFO] 
2026-07-10 17:18:34 [INFO]   🔵 [94m[1mPT0002000077348081AG[0m  [2m[sem cluster][0m
2026-07-10 17:18:34 [INFO]      consumiu MENOS que o habitual às 15h
2026-07-10 17:18:34 [INFO]      [2mReal:[0m 190.0 kWh   [2mHabitual:[0m 287.5 ± 28.8 kWh   [2mz:[0m -3.39   [2mdesvio:[0m -34%   [2m(2 obs. dia_util)[0m
2026-07-10 17:18:34 [INFO] 
2026-07-10 17:18:34 [INFO]   🔴 [91m[1mPT0002000115673471CB[0m  [2m[Cluster 0][0m
2026-07-10 17:18:34 [INFO]      consumiu MAIS que o habitual às 10h
2026-07-10 17:18:34 [INFO]      [2mReal:[0m 77.0 kWh   [2mHabitual:[0m 57.5 ± 5.8 kWh   [2mz:[0m +3.39   [2mdesvio:[0m +34%   [2m(2 obs. dia_util)[0m
2026-07-10 17:18:34 [INFO] 
2026-07-10 17:18:34 [INFO]   🔴 [91m[1mPT0002000068856655YV[0m  [2m[Cluster 0][0m
2026-07-10 17:18:34 [INFO]      consumiu MAIS que o habitual às 01h
2026-07-10 17:18:34 [INFO]      [2mReal:[0m 3.0 kWh   [2mHabitual:[0m 2.0 ± 0.3 kWh   [2mz:[0m +3.33   [2mdesvio:[0m +50%   [2m(2 obs. dia_util)[0m
2026-07-10 17:18:34 [INFO] 
2026-07-10 17:18:34 [INFO]   🔴 [91m[1mPT0002000068856655YV[0m  [2m[Cluster 0][0m
2026-07-10 17:18:34 [INFO]      consumiu MAIS que o habitual às 04h
2026-07-10 17:18:34 [INFO]      [2mReal:[0m 3.0 kWh   [2mHabitual:[0m 2.0 ± 0.3 kWh   [2mz:[0m +3.33   [2mdesvio:[0m +50%   [2m(2 obs. dia_util)[0m
2026-07-10 17:18:34 [INFO] 
2026-07-10 17:18:34 [INFO]   🔴 [91m[1mPT0002000068856872QG[0m  [2m[Cluster 1][0m
2026-07-10 17:18:34 [INFO]      consumiu MAIS que o habitual às 11h
2026-07-10 17:18:34 [INFO]      [2mReal:[0m 1.0 kWh   [2mHabitual:[0m 0.0 ± 0.3 kWh   [2mz:[0m +3.33   [2mdesvio:[0m +100000%   [2m(2 obs. dia_util)[0m
2026-07-10 17:18:34 [INFO] 
2026-07-10 17:18:34 [INFO]   🔴 [91m[1mPT0002000068857909SY[0m  [2m[Cluster 1][0m
2026-07-10 17:18:34 [INFO]      consumiu MAIS que o habitual às 03h
2026-07-10 17:18:34 [INFO]      [2mReal:[0m 2.0 kWh   [2mHabitual:[0m 1.0 ± 0.3 kWh   [2mz:[0m +3.33   [2mdesvio:[0m +100%   [2m(2 obs. dia_util)[0m
2026-07-10 17:18:34 [INFO] 
2026-07-10 17:18:34 [INFO]   🔵 [94m[1mPT0002000068858674WN[0m  [2m[sem cluster][0m
2026-07-10 17:18:34 [INFO]      consumiu MENOS que o habitual às 03h
2026-07-10 17:18:34 [INFO]      [2mReal:[0m 8.0 kWh   [2mHabitual:[0m 12.0 ± 1.2 kWh   [2mz:[0m -3.33   [2mdesvio:[0m -33%   [2m(2 obs. dia_util)[0m
2026-07-10 17:18:34 [INFO] 
2026-07-10 17:18:34 [INFO]   🔵 [94m[1mPT0002000068858674WN[0m  [2m[sem cluster][0m
2026-07-10 17:18:34 [INFO]      consumiu MENOS que o habitual às 07h
2026-07-10 17:18:34 [INFO]      [2mReal:[0m 8.0 kWh   [2mHabitual:[0m 12.0 ± 1.2 kWh   [2mz:[0m -3.33   [2mdesvio:[0m -33%   [2m(2 obs. dia_util)[0m
2026-07-10 17:18:34 [INFO] 
2026-07-10 17:18:34 [INFO]   🔴 [91m[1mPT0002000068858674WN[0m  [2m[sem cluster][0m
2026-07-10 17:18:34 [INFO]      consumiu MAIS que o habitual às 13h
2026-07-10 17:18:34 [INFO]      [2mReal:[0m 16.0 kWh   [2mHabitual:[0m 12.0 ± 1.2 kWh   [2mz:[0m +3.33   [2mdesvio:[0m +33%   [2m(2 obs. dia_util)[0m
2026-07-10 17:18:34 [INFO] 
2026-07-10 17:18:34 [INFO]   🔴 [91m[1mPT0002000068859187RL[0m  [2m[Cluster 0][0m
2026-07-10 17:18:34 [INFO]      consumiu MAIS que o habitual às 11h
2026-07-10 17:18:34 [INFO]      [2mReal:[0m 88.0 kWh   [2mHabitual:[0m 66.0 ± 6.6 kWh   [2mz:[0m +3.33   [2mdesvio:[0m +33%   [2m(2 obs. dia_util)[0m
2026-07-10 17:18:34 [INFO] 
2026-07-10 17:18:34 [INFO]   🔴 [91m[1mPT0002000068859187RL[0m  [2m[Cluster 0][0m
2026-07-10 17:18:34 [INFO]      consumiu MAIS que o habitual às 13h
2026-07-10 17:18:34 [INFO]      [2mReal:[0m 86.0 kWh   [2mHabitual:[0m 64.5 ± 6.5 kWh   [2mz:[0m +3.33   [2mdesvio:[0m +33%   [2m(2 obs. dia_util)[0m
2026-07-10 17:18:34 [INFO] 
2026-07-10 17:18:34 [INFO]   🔴 [91m[1mPT0002000073717386HC[0m  [2m[sem cluster][0m
2026-07-10 17:18:34 [INFO]      consumiu MAIS que o habitual às 23h
2026-07-10 17:18:34 [INFO]      [2mReal:[0m 2.0 kWh   [2mHabitual:[0m 1.0 ± 0.3 kWh   [2mz:[0m +3.33   [2mdesvio:[0m +100%   [2m(3 obs. dia_util)[0m
2026-07-10 17:18:34 [INFO] 
2026-07-10 17:18:34 [INFO]   🔵 [94m[1mPT0002000075637532JB[0m  [2m[Cluster 0][0m
2026-07-10 17:18:34 [INFO]      consumiu MENOS que o habitual às 05h
2026-07-10 17:18:34 [INFO]      [2mReal:[0m 4.0 kWh   [2mHabitual:[0m 6.0 ± 0.6 kWh   [2mz:[0m -3.33   [2mdesvio:[0m -33%   [2m(2 obs. dia_util)[0m
2026-07-10 17:18:34 [INFO] 
2026-07-10 17:18:34 [INFO]   🔵 [94m[1mPT0002000078207354XC[0m  [2m[Cluster 1][0m
2026-07-10 17:18:34 [INFO]      consumiu MENOS que o habitual às 07h
2026-07-10 17:18:34 [INFO]      [2mReal:[0m 5.0 kWh   [2mHabitual:[0m 7.5 ± 0.8 kWh   [2mz:[0m -3.33   [2mdesvio:[0m -33%   [2m(2 obs. dia_util)[0m
2026-07-10 17:18:34 [INFO] 
2026-07-10 17:18:34 [INFO]   🔵 [94m[1mPT0002000078207354XC[0m  [2m[Cluster 1][0m
2026-07-10 17:18:34 [INFO]      consumiu MENOS que o habitual às 09h
2026-07-10 17:18:34 [INFO]      [2mReal:[0m 5.0 kWh   [2mHabitual:[0m 7.5 ± 0.8 kWh   [2mz:[0m -3.33   [2mdesvio:[0m -33%   [2m(2 obs. dia_util)[0m
2026-07-10 17:18:34 [INFO] 
2026-07-10 17:18:34 [INFO]   🔴 [91m[1mPT0002000081344542CP[0m  [2m[Cluster 1][0m
2026-07-10 17:18:34 [INFO]      consumiu MAIS que o habitual às 02h
2026-07-10 17:18:34 [INFO]      [2mReal:[0m 2.0 kWh   [2mHabitual:[0m 1.0 ± 0.3 kWh   [2mz:[0m +3.33   [2mdesvio:[0m +100%   [2m(2 obs. dia_util)[0m
2026-07-10 17:18:34 [INFO] 
2026-07-10 17:18:34 [INFO]   🔴 [91m[1mPT0002000081344542CP[0m  [2m[Cluster 1][0m
2026-07-10 17:18:34 [INFO]      consumiu MAIS que o habitual às 08h
2026-07-10 17:18:34 [INFO]      [2mReal:[0m 2.0 kWh   [2mHabitual:[0m 1.0 ± 0.3 kWh   [2mz:[0m +3.33   [2mdesvio:[0m +100%   [2m(2 obs. dia_util)[0m
2026-07-10 17:18:34 [INFO] 
2026-07-10 17:18:34 [INFO]   🔴 [91m[1mPT0002000081344542CP[0m  [2m[Cluster 1][0m
2026-07-10 17:18:34 [INFO]      consumiu MAIS que o habitual às 14h
2026-07-10 17:18:34 [INFO]      [2mReal:[0m 2.0 kWh   [2mHabitual:[0m 1.0 ± 0.3 kWh   [2mz:[0m +3.33   [2mdesvio:[0m +100%   [2m(2 obs. dia_util)[0m
2026-07-10 17:18:34 [INFO] 
2026-07-10 17:18:34 [INFO]   🔴 [91m[1mPT0002000081344542CP[0m  [2m[Cluster 1][0m
2026-07-10 17:18:34 [INFO]      consumiu MAIS que o habitual às 17h
2026-07-10 17:18:34 [INFO]      [2mReal:[0m 2.0 kWh   [2mHabitual:[0m 1.0 ± 0.3 kWh   [2mz:[0m +3.33   [2mdesvio:[0m +100%   [2m(2 obs. dia_util)[0m
2026-07-10 17:18:34 [INFO] 
2026-07-10 17:18:34 [INFO]   🔴 [91m[1mPT0002000105483259QH[0m  [2m[Cluster 1][0m
2026-07-10 17:18:34 [INFO]      consumiu MAIS que o habitual às 10h
2026-07-10 17:18:34 [INFO]      [2mReal:[0m 1.0 kWh   [2mHabitual:[0m 0.0 ± 0.3 kWh   [2mz:[0m +3.33   [2mdesvio:[0m +100000%   [2m(2 obs. dia_util)[0m
2026-07-10 17:18:34 [INFO] 
2026-07-10 17:18:34 [INFO]   🔴 [91m[1mPT0002000107046231FW[0m  [2m[Cluster 0][0m
2026-07-10 17:18:34 [INFO]      consumiu MAIS que o habitual às 00h
2026-07-10 17:18:34 [INFO]      [2mReal:[0m 2.0 kWh   [2mHabitual:[0m 1.0 ± 0.3 kWh   [2mz:[0m +3.33   [2mdesvio:[0m +100%   [2m(2 obs. dia_util)[0m
2026-07-10 17:18:34 [INFO] 
2026-07-10 17:18:34 [INFO]   🔴 [91m[1mPT0002000107046231FW[0m  [2m[Cluster 0][0m
2026-07-10 17:18:34 [INFO]      consumiu MAIS que o habitual às 03h
2026-07-10 17:18:34 [INFO]      [2mReal:[0m 4.0 kWh   [2mHabitual:[0m 3.0 ± 0.3 kWh   [2mz:[0m +3.33   [2mdesvio:[0m +33%   [2m(2 obs. dia_util)[0m
2026-07-10 17:18:34 [INFO] 
2026-07-10 17:18:34 [INFO]   🔵 [94m[1mPT0002000110814293YC[0m  [2m[sem cluster][0m
2026-07-10 17:18:34 [INFO]      consumiu MENOS que o habitual às 12h
2026-07-10 17:18:34 [INFO]      [2mReal:[0m 48.0 kWh   [2mHabitual:[0m 72.0 ± 7.2 kWh   [2mz:[0m -3.33   [2mdesvio:[0m -33%   [2m(2 obs. dia_util)[0m
2026-07-10 17:18:34 [INFO] 
2026-07-10 17:18:34 [INFO]   🔴 [91m[1mPT0002000115673389QK[0m  [2m[Cluster 0][0m
2026-07-10 17:18:34 [INFO]      consumiu MAIS que o habitual às 06h
2026-07-10 17:18:34 [INFO]      [2mReal:[0m 28.0 kWh   [2mHabitual:[0m 21.0 ± 2.1 kWh   [2mz:[0m +3.33   [2mdesvio:[0m +33%   [2m(2 obs. dia_util)[0m
2026-07-10 17:18:34 [INFO] 
2026-07-10 17:18:34 [INFO]   🔵 [94m[1mPT0002000110814293YC[0m  [2m[sem cluster][0m
2026-07-10 17:18:34 [INFO]      consumiu MENOS que o habitual às 18h
2026-07-10 17:18:34 [INFO]      [2mReal:[0m 48.0 kWh   [2mHabitual:[0m 71.5 ± 7.2 kWh   [2mz:[0m -3.29   [2mdesvio:[0m -33%   [2m(2 obs. dia_util)[0m
2026-07-10 17:18:34 [INFO] 
2026-07-10 17:18:34 [INFO]   🔴 [91m[1mPT0002000115673471CB[0m  [2m[Cluster 0][0m
2026-07-10 17:18:34 [INFO]      consumiu MAIS que o habitual às 12h
2026-07-10 17:18:34 [INFO]      [2mReal:[0m 89.0 kWh   [2mHabitual:[0m 67.0 ± 6.7 kWh   [2mz:[0m +3.28   [2mdesvio:[0m +33%   [2m(2 obs. dia_util)[0m
2026-07-10 17:18:34 [INFO] 
2026-07-10 17:18:34 [INFO]   🔵 [94m[1mPT0002000101964938LF[0m  [2m[Cluster 0][0m
2026-07-10 17:18:34 [INFO]      consumiu MENOS que o habitual às 12h
2026-07-10 17:18:34 [INFO]      [2mReal:[0m 38.0 kWh   [2mHabitual:[0m 56.5 ± 5.7 kWh   [2mz:[0m -3.27   [2mdesvio:[0m -33%   [2m(2 obs. dia_util)[0m
2026-07-10 17:18:34 [INFO] 
2026-07-10 17:18:34 [INFO]   🔵 [94m[1mPT0002000068856974CZ[0m  [2m[sem cluster][0m
2026-07-10 17:18:34 [INFO]      consumiu MENOS que o habitual às 17h
2026-07-10 17:18:34 [INFO]      [2mReal:[0m 22.0 kWh   [2mHabitual:[0m 32.5 ± 3.2 kWh   [2mz:[0m -3.23   [2mdesvio:[0m -32%   [2m(2 obs. dia_util)[0m
2026-07-10 17:18:34 [INFO] 
2026-07-10 17:18:34 [INFO]   🔴 [91m[1mPT0002000123648159KR[0m  [2m[Cluster 0][0m
2026-07-10 17:18:34 [INFO]      consumiu MAIS que o habitual às 08h
2026-07-10 17:18:34 [INFO]      [2mReal:[0m 41.0 kWh   [2mHabitual:[0m 31.0 ± 3.1 kWh   [2mz:[0m +3.23   [2mdesvio:[0m +32%   [2m(2 obs. dia_util)[0m
2026-07-10 17:18:34 [INFO] 
2026-07-10 17:18:34 [INFO]   🔴 [91m[1mPT0002000107172384HT[0m  [2m[Cluster 1][0m
2026-07-10 17:18:34 [INFO]      consumiu MAIS que o habitual às 00h
2026-07-10 17:18:34 [INFO]      [2mReal:[0m 33.0 kWh   [2mHabitual:[0m 25.0 ± 2.5 kWh   [2mz:[0m +3.20   [2mdesvio:[0m +32%   [2m(2 obs. dia_util)[0m
2026-07-10 17:18:34 [INFO] 
2026-07-10 17:18:34 [INFO]   🔴 [91m[1mPT0002000081997398TD[0m  [2m[Cluster 0][0m
2026-07-10 17:18:34 [INFO]      consumiu MAIS que o habitual às 02h
2026-07-10 17:18:34 [INFO]      [2mReal:[0m 185.0 kWh   [2mHabitual:[0m 101.5 ± 26.2 kWh   [2mz:[0m +3.19   [2mdesvio:[0m +82%   [2m(2 obs. dia_util)[0m
2026-07-10 17:18:34 [INFO] 
2026-07-10 17:18:34 [INFO]   🔴 [91m[1mPT0002000081997398TD[0m  [2m[Cluster 0][0m
2026-07-10 17:18:34 [INFO]      consumiu MAIS que o habitual às 07h
2026-07-10 17:18:34 [INFO]      [2mReal:[0m 205.0 kWh   [2mHabitual:[0m 130.5 ± 23.3 kWh   [2mz:[0m +3.19   [2mdesvio:[0m +57%   [2m(2 obs. dia_util)[0m
2026-07-10 17:18:34 [INFO] 
2026-07-10 17:18:34 [INFO]   🔵 [94m[1mPT0002000068856826ZG[0m  [2m[sem cluster][0m
2026-07-10 17:18:34 [INFO]      consumiu MENOS que o habitual às 01h
2026-07-10 17:18:34 [INFO]      [2mReal:[0m 114.0 kWh   [2mHabitual:[0m 228.5 ± 36.1 kWh   [2mz:[0m -3.18   [2mdesvio:[0m -50%   [2m(2 obs. dia_util)[0m
2026-07-10 17:18:34 [INFO] 
2026-07-10 17:18:34 [INFO]   🔵 [94m[1mPT0002000119303492KB[0m  [2m[Cluster 0][0m
2026-07-10 17:18:34 [INFO]      consumiu MENOS que o habitual às 13h
2026-07-10 17:18:34 [INFO]      [2mReal:[0m 23.0 kWh   [2mHabitual:[0m 41.0 ± 5.7 kWh   [2mz:[0m -3.18   [2mdesvio:[0m -44%   [2m(2 obs. dia_util)[0m
2026-07-10 17:18:34 [INFO] 
2026-07-10 17:18:34 [INFO]   🔴 [91m[1mPT0002000081997398TD[0m  [2m[Cluster 0][0m
2026-07-10 17:18:34 [INFO]      consumiu MAIS que o habitual às 00h
2026-07-10 17:18:34 [INFO]      [2mReal:[0m 238.0 kWh   [2mHabitual:[0m 144.0 ± 29.7 kWh   [2mz:[0m +3.17   [2mdesvio:[0m +65%   [2m(2 obs. dia_util)[0m
2026-07-10 17:18:34 [INFO] 
2026-07-10 17:18:34 [INFO]   🔴 [91m[1mPT0002000081997398TD[0m  [2m[Cluster 0][0m
2026-07-10 17:18:34 [INFO]      consumiu MAIS que o habitual às 03h
2026-07-10 17:18:34 [INFO]      [2mReal:[0m 181.0 kWh   [2mHabitual:[0m 99.5 ± 26.2 kWh   [2mz:[0m +3.12   [2mdesvio:[0m +82%   [2m(2 obs. dia_util)[0m
2026-07-10 17:18:34 [INFO] 
2026-07-10 17:18:34 [INFO]   🔵 [94m[1mPT0002000101964938LF[0m  [2m[Cluster 0][0m
2026-07-10 17:18:34 [INFO]      consumiu MENOS que o habitual às 13h
2026-07-10 17:18:34 [INFO]      [2mReal:[0m 41.0 kWh   [2mHabitual:[0m 59.5 ± 6.0 kWh   [2mz:[0m -3.11   [2mdesvio:[0m -31%   [2m(2 obs. dia_util)[0m
2026-07-10 17:18:34 [INFO] 
2026-07-10 17:18:34 [INFO]   🔵 [94m[1mPT0002000110814293YC[0m  [2m[sem cluster][0m
2026-07-10 17:18:34 [INFO]      consumiu MENOS que o habitual às 15h
2026-07-10 17:18:34 [INFO]      [2mReal:[0m 50.0 kWh   [2mHabitual:[0m 72.5 ± 7.2 kWh   [2mz:[0m -3.10   [2mdesvio:[0m -31%   [2m(2 obs. dia_util)[0m
2026-07-10 17:18:34 [INFO] 
2026-07-10 17:18:34 [INFO]   🔴 [91m[1mPT0002000068859382XF[0m  [2m[Cluster 0][0m
2026-07-10 17:18:34 [INFO]      consumiu MAIS que o habitual às 12h
2026-07-10 17:18:34 [INFO]      [2mReal:[0m 106.0 kWh   [2mHabitual:[0m 81.0 ± 8.1 kWh   [2mz:[0m +3.09   [2mdesvio:[0m +31%   [2m(2 obs. dia_util)[0m
2026-07-10 17:18:34 [INFO] 
2026-07-10 17:18:34 [INFO]   🔴 [91m[1mPT0002000079469719HF[0m  [2m[sem cluster][0m
2026-07-10 17:18:34 [INFO]      consumiu MAIS que o habitual às 10h
2026-07-10 17:18:34 [INFO]      [2mReal:[0m 132.0 kWh   [2mHabitual:[0m 97.0 ± 11.3 kWh   [2mz:[0m +3.09   [2mdesvio:[0m +36%   [2m(2 obs. dia_util)[0m
2026-07-10 17:18:34 [INFO] 
2026-07-10 17:18:34 [INFO]   🔴 [91m[1mPT0002000115673471CB[0m  [2m[Cluster 0][0m
2026-07-10 17:18:34 [INFO]      consumiu MAIS que o habitual às 13h
2026-07-10 17:18:34 [INFO]      [2mReal:[0m 53.0 kWh   [2mHabitual:[0m 40.5 ± 4.0 kWh   [2mz:[0m +3.09   [2mdesvio:[0m +31%   [2m(2 obs. dia_util)[0m
2026-07-10 17:18:34 [INFO] 
2026-07-10 17:18:34 [INFO]   🔴 [91m[1mPT0002000075637532JB[0m  [2m[Cluster 0][0m
2026-07-10 17:18:34 [INFO]      consumiu MAIS que o habitual às 17h
2026-07-10 17:18:34 [INFO]      [2mReal:[0m 17.0 kWh   [2mHabitual:[0m 13.0 ± 1.3 kWh   [2mz:[0m +3.08   [2mdesvio:[0m +31%   [2m(2 obs. dia_util)[0m
2026-07-10 17:18:34 [INFO] 
2026-07-10 17:18:34 [INFO]   🔴 [91m[1mPT0002000115673389QK[0m  [2m[Cluster 0][0m
2026-07-10 17:18:34 [INFO]      consumiu MAIS que o habitual às 19h
2026-07-10 17:18:34 [INFO]      [2mReal:[0m 49.0 kWh   [2mHabitual:[0m 37.5 ± 3.8 kWh   [2mz:[0m +3.07   [2mdesvio:[0m +31%   [2m(2 obs. dia_util)[0m
2026-07-10 17:18:34 [INFO] 
2026-07-10 17:18:34 [INFO]   🔵 [94m[1mPT0002000068856974CZ[0m  [2m[sem cluster][0m
2026-07-10 17:18:34 [INFO]      consumiu MENOS que o habitual às 16h
2026-07-10 17:18:34 [INFO]      [2mReal:[0m 26.0 kWh   [2mHabitual:[0m 39.0 ± 4.2 kWh   [2mz:[0m -3.06   [2mdesvio:[0m -33%   [2m(2 obs. dia_util)[0m
2026-07-10 17:18:34 [INFO] 
2026-07-10 17:18:34 [INFO]   🔵 [94m[1mPT0002000078294957RQ[0m  [2m[Cluster 0][0m
2026-07-10 17:18:34 [INFO]      consumiu MENOS que o habitual às 18h
2026-07-10 17:18:34 [INFO]      [2mReal:[0m 14.0 kWh   [2mHabitual:[0m 20.5 ± 2.1 kWh   [2mz:[0m -3.06   [2mdesvio:[0m -32%   [2m(2 obs. dia_util)[0m
2026-07-10 17:18:34 [INFO] 
2026-07-10 17:18:34 [INFO]   🔵 [94m[1mPT0002000110607652SB[0m  [2m[Cluster 0][0m
2026-07-10 17:18:34 [INFO]      consumiu MENOS que o habitual às 17h
2026-07-10 17:18:34 [INFO]      [2mReal:[0m 48.0 kWh   [2mHabitual:[0m 74.0 ± 8.5 kWh   [2mz:[0m -3.06   [2mdesvio:[0m -35%   [2m(2 obs. dia_util)[0m
2026-07-10 17:18:34 [INFO] 
2026-07-10 17:18:34 [INFO]   🔴 [91m[1mPT0002000081997398TD[0m  [2m[Cluster 0][0m
2026-07-10 17:18:34 [INFO]      consumiu MAIS que o habitual às 01h
2026-07-10 17:18:34 [INFO]      [2mReal:[0m 187.0 kWh   [2mHabitual:[0m 105.0 ± 26.9 kWh   [2mz:[0m +3.05   [2mdesvio:[0m +78%   [2m(2 obs. dia_util)[0m
2026-07-10 17:18:34 [INFO] 
2026-07-10 17:18:34 [INFO]   🔵 [94m[1mPT0002000110814293YC[0m  [2m[sem cluster][0m
2026-07-10 17:18:34 [INFO]      consumiu MENOS que o habitual às 00h
2026-07-10 17:18:34 [INFO]      [2mReal:[0m 41.0 kWh   [2mHabitual:[0m 59.0 ± 5.9 kWh   [2mz:[0m -3.05   [2mdesvio:[0m -31%   [2m(2 obs. dia_util)[0m
2026-07-10 17:18:34 [INFO] 
2026-07-10 17:18:34 [INFO]   🔴 [91m[1mPT0002000081997398TD[0m  [2m[Cluster 0][0m
2026-07-10 17:18:34 [INFO]      consumiu MAIS que o habitual às 05h
2026-07-10 17:18:34 [INFO]      [2mReal:[0m 176.0 kWh   [2mHabitual:[0m 99.0 ± 25.5 kWh   [2mz:[0m +3.02   [2mdesvio:[0m +78%   [2m(2 obs. dia_util)[0m
2026-07-10 17:18:34 [INFO] 
2026-07-10 17:18:34 [INFO]   🔴 [91m[1mPT0002000073481266XH[0m  [2m[Cluster 0][0m
2026-07-10 17:18:34 [INFO]      consumiu MAIS que o habitual às 12h
2026-07-10 17:18:34 [INFO]      [2mReal:[0m 54.0 kWh   [2mHabitual:[0m 41.5 ± 4.2 kWh   [2mz:[0m +3.01   [2mdesvio:[0m +30%   [2m(2 obs. dia_util)[0m
2026-07-10 17:18:34 [INFO] 
2026-07-10 17:18:34 [INFO]   🔵 [94m[1mPT0002000101964938LF[0m  [2m[Cluster 0][0m
2026-07-10 17:18:34 [INFO]      consumiu MENOS que o habitual às 16h
2026-07-10 17:18:34 [INFO]      [2mReal:[0m 37.0 kWh   [2mHabitual:[0m 54.0 ± 5.7 kWh   [2mz:[0m -3.01   [2mdesvio:[0m -31%   [2m(2 obs. dia_util)[0m
2026-07-10 17:18:34 [INFO] 
2026-07-10 17:18:34 [INFO]   🔵 [94m[1mPT0002000123648159KR[0m  [2m[Cluster 0][0m
2026-07-10 17:18:34 [INFO]      consumiu MENOS que o habitual às 11h
2026-07-10 17:18:34 [INFO]      [2mReal:[0m 29.0 kWh   [2mHabitual:[0m 41.5 ± 4.2 kWh   [2mz:[0m -3.01   [2mdesvio:[0m -30%   [2m(2 obs. dia_util)[0m
2026-07-10 17:18:34 [INFO] 
2026-07-10 17:18:34 [INFO]   🔵 [94m[1mPT0002000068856974CZ[0m  [2m[sem cluster][0m
2026-07-10 17:18:34 [INFO]      consumiu MENOS que o habitual às 13h
2026-07-10 17:18:34 [INFO]      [2mReal:[0m 34.0 kWh   [2mHabitual:[0m 48.5 ± 4.8 kWh   [2mz:[0m -2.99   [2mdesvio:[0m -30%   [2m(2 obs. dia_util)[0m
2026-07-10 17:18:34 [INFO] 
2026-07-10 17:18:34 [INFO]   🔴 [91m[1mPT0002000075637532JB[0m  [2m[Cluster 0][0m
2026-07-10 17:18:34 [INFO]      consumiu MAIS que o habitual às 14h
2026-07-10 17:18:34 [INFO]      [2mReal:[0m 26.0 kWh   [2mHabitual:[0m 15.5 ± 3.5 kWh   [2mz:[0m +2.97   [2mdesvio:[0m +68%   [2m(2 obs. dia_util)[0m
2026-07-10 17:18:34 [INFO] 
2026-07-10 17:18:34 [INFO]   🔵 [94m[1mPT0002000078294957RQ[0m  [2m[Cluster 0][0m
2026-07-10 17:18:34 [INFO]      consumiu MENOS que o habitual às 17h
2026-07-10 17:18:34 [INFO]      [2mReal:[0m 15.0 kWh   [2mHabitual:[0m 25.5 ± 3.5 kWh   [2mz:[0m -2.97   [2mdesvio:[0m -41%   [2m(2 obs. dia_util)[0m
2026-07-10 17:18:34 [INFO] 
2026-07-10 17:18:34 [INFO]   🔴 [91m[1mPT0002000068859382XF[0m  [2m[Cluster 0][0m
2026-07-10 17:18:34 [INFO]      consumiu MAIS que o habitual às 16h
2026-07-10 17:18:34 [INFO]      [2mReal:[0m 102.0 kWh   [2mHabitual:[0m 77.0 ± 8.5 kWh   [2mz:[0m +2.95   [2mdesvio:[0m +32%   [2m(2 obs. dia_util)[0m
2026-07-10 17:18:34 [INFO] 
2026-07-10 17:18:34 [INFO]   🔵 [94m[1mPT0002000110607652SB[0m  [2m[Cluster 0][0m
2026-07-10 17:18:34 [INFO]      consumiu MENOS que o habitual às 11h
2026-07-10 17:18:34 [INFO]      [2mReal:[0m 48.0 kWh   [2mHabitual:[0m 68.0 ± 6.8 kWh   [2mz:[0m -2.94   [2mdesvio:[0m -29%   [2m(2 obs. dia_util)[0m
2026-07-10 17:18:34 [INFO] 
2026-07-10 17:18:34 [INFO]   🔵 [94m[1mPT0002000123648159KR[0m  [2m[Cluster 0][0m
2026-07-10 17:18:34 [INFO]      consumiu MENOS que o habitual às 16h
2026-07-10 17:18:34 [INFO]      [2mReal:[0m 12.0 kWh   [2mHabitual:[0m 17.0 ± 1.7 kWh   [2mz:[0m -2.94   [2mdesvio:[0m -29%   [2m(2 obs. dia_util)[0m
2026-07-10 17:18:34 [INFO] 
2026-07-10 17:18:34 [INFO]   🔴 [91m[1mPT0002000068858674WN[0m  [2m[sem cluster][0m
2026-07-10 17:18:34 [INFO]      consumiu MAIS que o habitual às 22h
2026-07-10 17:18:34 [INFO]      [2mReal:[0m 16.0 kWh   [2mHabitual:[0m 9.3 ± 2.3 kWh   [2mz:[0m +2.89   [2mdesvio:[0m +71%   [2m(3 obs. dia_util)[0m
2026-07-10 17:18:34 [INFO] 
2026-07-10 17:18:34 [INFO]   🔵 [94m[1mPT0002000077348081AG[0m  [2m[sem cluster][0m
2026-07-10 17:18:34 [INFO]      consumiu MENOS que o habitual às 10h
2026-07-10 17:18:34 [INFO]      [2mReal:[0m 194.0 kWh   [2mHabitual:[0m 273.0 ± 27.3 kWh   [2mz:[0m -2.89   [2mdesvio:[0m -29%   [2m(2 obs. dia_util)[0m
2026-07-10 17:18:34 [INFO] 
2026-07-10 17:18:34 [INFO]   🔴 [91m[1mPT0002000201038711LS[0m  [2m[sem cluster][0m
2026-07-10 17:18:34 [INFO]      consumiu MAIS que o habitual às 20h
2026-07-10 17:18:34 [INFO]      [2mReal:[0m 73.0 kWh   [2mHabitual:[0m 50.5 ± 7.8 kWh   [2mz:[0m +2.89   [2mdesvio:[0m +45%   [2m(2 obs. dia_util)[0m
2026-07-10 17:18:34 [INFO] 
2026-07-10 17:18:34 [INFO]   🔴 [91m[1mPT0002000081997398TD[0m  [2m[Cluster 0][0m
2026-07-10 17:18:34 [INFO]      consumiu MAIS que o habitual às 04h
2026-07-10 17:18:34 [INFO]      [2mReal:[0m 173.0 kWh   [2mHabitual:[0m 96.0 ± 26.9 kWh   [2mz:[0m +2.87   [2mdesvio:[0m +80%   [2m(2 obs. dia_util)[0m
2026-07-10 17:18:34 [INFO] 
2026-07-10 17:18:34 [INFO]   🔵 [94m[1mPT0002000068856826ZG[0m  [2m[sem cluster][0m
2026-07-10 17:18:34 [INFO]      consumiu MENOS que o habitual às 05h
2026-07-10 17:18:34 [INFO]      [2mReal:[0m 119.0 kWh   [2mHabitual:[0m 224.0 ± 36.8 kWh   [2mz:[0m -2.86   [2mdesvio:[0m -47%   [2m(2 obs. dia_util)[0m
2026-07-10 17:18:34 [INFO] 
2026-07-10 17:18:34 [INFO]   🔵 [94m[1mPT0002000075637532JB[0m  [2m[Cluster 0][0m
2026-07-10 17:18:34 [INFO]      consumiu MENOS que o habitual às 19h
2026-07-10 17:18:34 [INFO]      [2mReal:[0m 5.0 kWh   [2mHabitual:[0m 7.0 ± 0.7 kWh   [2mz:[0m -2.86   [2mdesvio:[0m -29%   [2m(2 obs. dia_util)[0m
2026-07-10 17:18:34 [INFO] 
2026-07-10 17:18:34 [INFO]   🔵 [94m[1mPT0002000068857897ZV[0m  [2m[Cluster 0][0m
2026-07-10 17:18:34 [INFO]      consumiu MENOS que o habitual às 14h
2026-07-10 17:18:34 [INFO]      [2mReal:[0m 39.0 kWh   [2mHabitual:[0m 54.5 ± 5.5 kWh   [2mz:[0m -2.84   [2mdesvio:[0m -28%   [2m(2 obs. dia_util)[0m
2026-07-10 17:18:34 [INFO] 
2026-07-10 17:18:34 [INFO]   🔴 [91m[1mPT0002000075637532JB[0m  [2m[Cluster 0][0m
2026-07-10 17:18:34 [INFO]      consumiu MAIS que o habitual às 16h
2026-07-10 17:18:34 [INFO]      [2mReal:[0m 20.0 kWh   [2mHabitual:[0m 12.0 ± 2.8 kWh   [2mz:[0m +2.83   [2mdesvio:[0m +67%   [2m(2 obs. dia_util)[0m
2026-07-10 17:18:34 [INFO] 
2026-07-10 17:18:34 [INFO]   🔵 [94m[1mPT0002000110814293YC[0m  [2m[sem cluster][0m
2026-07-10 17:18:34 [INFO]      consumiu MENOS que o habitual às 03h
2026-07-10 17:18:34 [INFO]      [2mReal:[0m 35.0 kWh   [2mHabitual:[0m 55.0 ± 7.1 kWh   [2mz:[0m -2.83   [2mdesvio:[0m -36%   [2m(2 obs. dia_util)[0m
2026-07-10 17:18:34 [INFO] 
2026-07-10 17:18:34 [INFO]   🔵 [94m[1mPT0002000123648159KR[0m  [2m[Cluster 0][0m
2026-07-10 17:18:34 [INFO]      consumiu MENOS que o habitual às 01h
2026-07-10 17:18:34 [INFO]      [2mReal:[0m 4.0 kWh   [2mHabitual:[0m 8.0 ± 1.4 kWh   [2mz:[0m -2.83   [2mdesvio:[0m -50%   [2m(2 obs. dia_util)[0m
2026-07-10 17:18:34 [INFO] 
2026-07-10 17:18:34 [INFO]   🔴 [91m[1mPT0002000068859325FL[0m  [2m[Cluster 1][0m
2026-07-10 17:18:34 [INFO]      consumiu MAIS que o habitual às 20h
2026-07-10 17:18:34 [INFO]      [2mReal:[0m 264.0 kWh   [2mHabitual:[0m 206.0 ± 20.6 kWh   [2mz:[0m +2.82   [2mdesvio:[0m +28%   [2m(2 obs. dia_util)[0m
2026-07-10 17:18:34 [INFO] 
2026-07-10 17:18:34 [INFO]   🔵 [94m[1mPT0002000110607652SB[0m  [2m[Cluster 0][0m
2026-07-10 17:18:34 [INFO]      consumiu MENOS que o habitual às 16h
2026-07-10 17:18:34 [INFO]      [2mReal:[0m 56.0 kWh   [2mHabitual:[0m 78.0 ± 7.8 kWh   [2mz:[0m -2.82   [2mdesvio:[0m -28%   [2m(2 obs. dia_util)[0m
2026-07-10 17:18:34 [INFO] 
2026-07-10 17:18:34 [INFO]   🔵 [94m[1mPT0002000068856974CZ[0m  [2m[sem cluster][0m
2026-07-10 17:18:34 [INFO]      consumiu MENOS que o habitual às 03h
2026-07-10 17:18:34 [INFO]      [2mReal:[0m 9.0 kWh   [2mHabitual:[0m 12.5 ± 1.2 kWh   [2mz:[0m -2.80   [2mdesvio:[0m -28%   [2m(2 obs. dia_util)[0m
2026-07-10 17:18:34 [INFO] 
2026-07-10 17:18:34 [INFO]   🔴 [91m[1mPT0002000073231742VK[0m  [2m[Cluster 0][0m
2026-07-10 17:18:34 [INFO]      consumiu MAIS que o habitual às 05h
2026-07-10 17:18:34 [INFO]      [2mReal:[0m 16.0 kWh   [2mHabitual:[0m 12.5 ± 1.2 kWh   [2mz:[0m +2.80   [2mdesvio:[0m +28%   [2m(2 obs. dia_util)[0m
2026-07-10 17:18:34 [INFO] 
2026-07-10 17:18:34 [INFO]   🔵 [94m[1mPT0002000068856974CZ[0m  [2m[sem cluster][0m
2026-07-10 17:18:34 [INFO]      consumiu MENOS que o habitual às 12h
2026-07-10 17:18:34 [INFO]      [2mReal:[0m 31.0 kWh   [2mHabitual:[0m 43.0 ± 4.3 kWh   [2mz:[0m -2.79   [2mdesvio:[0m -28%   [2m(2 obs. dia_util)[0m
2026-07-10 17:18:34 [INFO] 
2026-07-10 17:18:34 [INFO]   🔵 [94m[1mPT0002000071896778MT[0m  [2m[Cluster 0][0m
2026-07-10 17:18:34 [INFO]      consumiu MENOS que o habitual às 07h
2026-07-10 17:18:34 [INFO]      [2mReal:[0m 22.0 kWh   [2mHabitual:[0m 30.5 ± 3.0 kWh   [2mz:[0m -2.79   [2mdesvio:[0m -28%   [2m(2 obs. dia_util)[0m
2026-07-10 17:18:34 [INFO] 
2026-07-10 17:18:34 [INFO]   🔴 [91m[1mPT0002000115673471CB[0m  [2m[Cluster 0][0m
2026-07-10 17:18:34 [INFO]      consumiu MAIS que o habitual às 20h
2026-07-10 17:18:34 [INFO]      [2mReal:[0m 23.0 kWh   [2mHabitual:[0m 18.0 ± 1.8 kWh   [2mz:[0m +2.78   [2mdesvio:[0m +28%   [2m(2 obs. dia_util)[0m
2026-07-10 17:18:34 [INFO] 
2026-07-10 17:18:34 [INFO]   🔴 [91m[1mPT0002000081997398TD[0m  [2m[Cluster 0][0m
2026-07-10 17:18:34 [INFO]      consumiu MAIS que o habitual às 06h
2026-07-10 17:18:34 [INFO]      [2mReal:[0m 182.0 kWh   [2mHabitual:[0m 105.5 ± 27.6 kWh   [2mz:[0m +2.77   [2mdesvio:[0m +73%   [2m(2 obs. dia_util)[0m
2026-07-10 17:18:34 [INFO] 
2026-07-10 17:18:34 [INFO]   🔵 [94m[1mPT0002000109837807PE[0m  [2m[Cluster 1][0m
2026-07-10 17:18:34 [INFO]      consumiu MENOS que o habitual às 20h
2026-07-10 17:18:34 [INFO]      [2mReal:[0m 24.0 kWh   [2mHabitual:[0m 33.0 ± 3.3 kWh   [2mz:[0m -2.73   [2mdesvio:[0m -27%   [2m(2 obs. dia_util)[0m
2026-07-10 17:18:34 [INFO] 
2026-07-10 17:18:34 [INFO]   🔴 [91m[1mPT0002000068859187RL[0m  [2m[Cluster 0][0m
2026-07-10 17:18:34 [INFO]      consumiu MAIS que o habitual às 10h
2026-07-10 17:18:34 [INFO]      [2mReal:[0m 89.0 kWh   [2mHabitual:[0m 70.0 ± 7.1 kWh   [2mz:[0m +2.69   [2mdesvio:[0m +27%   [2m(2 obs. dia_util)[0m
2026-07-10 17:18:34 [INFO] 
2026-07-10 17:18:34 [INFO]   🔵 [94m[1mPT0002000068856974CZ[0m  [2m[sem cluster][0m
2026-07-10 17:18:34 [INFO]      consumiu MENOS que o habitual às 10h
2026-07-10 17:18:34 [INFO]      [2mReal:[0m 33.0 kWh   [2mHabitual:[0m 45.0 ± 4.5 kWh   [2mz:[0m -2.67   [2mdesvio:[0m -27%   [2m(2 obs. dia_util)[0m
2026-07-10 17:18:34 [INFO] 
2026-07-10 17:18:34 [INFO]   🔵 [94m[1mPT0002000110814293YC[0m  [2m[sem cluster][0m
2026-07-10 17:18:34 [INFO]      consumiu MENOS que o habitual às 14h
2026-07-10 17:18:34 [INFO]      [2mReal:[0m 55.0 kWh   [2mHabitual:[0m 75.0 ± 7.5 kWh   [2mz:[0m -2.67   [2mdesvio:[0m -27%   [2m(2 obs. dia_util)[0m
2026-07-10 17:18:34 [INFO] 
2026-07-10 17:18:34 [INFO]   🔵 [94m[1mPT0002000068856974CZ[0m  [2m[sem cluster][0m
2026-07-10 17:18:34 [INFO]      consumiu MENOS que o habitual às 18h
2026-07-10 17:18:34 [INFO]      [2mReal:[0m 18.0 kWh   [2mHabitual:[0m 24.5 ± 2.5 kWh   [2mz:[0m -2.65   [2mdesvio:[0m -27%   [2m(2 obs. dia_util)[0m
2026-07-10 17:18:34 [INFO] 
2026-07-10 17:18:34 [INFO]   🔵 [94m[1mPT0002000101964938LF[0m  [2m[Cluster 0][0m
2026-07-10 17:18:34 [INFO]      consumiu MENOS que o habitual às 17h
2026-07-10 17:18:34 [INFO]      [2mReal:[0m 38.0 kWh   [2mHabitual:[0m 53.0 ± 5.7 kWh   [2mz:[0m -2.65   [2mdesvio:[0m -28%   [2m(2 obs. dia_util)[0m
2026-07-10 17:18:34 [INFO] 
2026-07-10 17:18:34 [INFO]   🔵 [94m[1mPT0002000068856974CZ[0m  [2m[sem cluster][0m
2026-07-10 17:18:34 [INFO]      consumiu MENOS que o habitual às 02h
2026-07-10 17:18:34 [INFO]      [2mReal:[0m 10.0 kWh   [2mHabitual:[0m 13.5 ± 1.4 kWh   [2mz:[0m -2.59   [2mdesvio:[0m -26%   [2m(2 obs. dia_util)[0m
2026-07-10 17:18:34 [INFO] 
2026-07-10 17:18:34 [INFO]   🔵 [94m[1mPT0002000068856974CZ[0m  [2m[sem cluster][0m
2026-07-10 17:18:34 [INFO]      consumiu MENOS que o habitual às 05h
2026-07-10 17:18:34 [INFO]      [2mReal:[0m 10.0 kWh   [2mHabitual:[0m 13.5 ± 1.4 kWh   [2mz:[0m -2.59   [2mdesvio:[0m -26%   [2m(2 obs. dia_util)[0m
2026-07-10 17:18:34 [INFO] 
2026-07-10 17:18:34 [INFO]   🔵 [94m[1mPT0002000081344542CP[0m  [2m[Cluster 1][0m
2026-07-10 17:18:34 [INFO]      consumiu MENOS que o habitual às 18h
2026-07-10 17:18:34 [INFO]      [2mReal:[0m 1.0 kWh   [2mHabitual:[0m 6.5 ± 2.1 kWh   [2mz:[0m -2.59   [2mdesvio:[0m -85%   [2m(2 obs. dia_util)[0m
2026-07-10 17:18:34 [INFO] 
2026-07-10 17:18:34 [INFO]   🔴 [91m[1mPT0002000068859187RL[0m  [2m[Cluster 0][0m
2026-07-10 17:18:34 [INFO]      consumiu MAIS que o habitual às 14h
2026-07-10 17:18:34 [INFO]      [2mReal:[0m 76.0 kWh   [2mHabitual:[0m 58.0 ± 7.1 kWh   [2mz:[0m +2.55   [2mdesvio:[0m +31%   [2m(2 obs. dia_util)[0m
2026-07-10 17:18:34 [INFO] 
2026-07-10 17:18:34 [INFO]   🔵 [94m[1mPT0002000115673389QK[0m  [2m[Cluster 0][0m
2026-07-10 17:18:34 [INFO]      consumiu MENOS que o habitual às 11h
2026-07-10 17:18:34 [INFO]      [2mReal:[0m 103.0 kWh   [2mHabitual:[0m 138.0 ± 13.8 kWh   [2mz:[0m -2.54   [2mdesvio:[0m -25%   [2m(2 obs. dia_util)[0m
2026-07-10 17:18:34 [INFO] 
2026-07-10 17:18:34 [INFO]   🔵 [94m[1mPT0002000068855003AK[0m  [2m[sem cluster][0m
2026-07-10 17:18:34 [INFO]      consumiu MENOS que o habitual às 11h
2026-07-10 17:18:34 [INFO]      [2mReal:[0m 19.0 kWh   [2mHabitual:[0m 31.5 ± 5.0 kWh   [2mz:[0m -2.53   [2mdesvio:[0m -40%   [2m(2 obs. dia_util)[0m
2026-07-10 17:18:34 [INFO] 
2026-07-10 17:18:34 [INFO]   🔵 [94m[1mPT0002000078441876HB[0m  [2m[Cluster 0][0m
2026-07-10 17:18:34 [INFO]      consumiu MENOS que o habitual às 17h
2026-07-10 17:18:34 [INFO]      [2mReal:[0m 1261.0 kWh   [2mHabitual:[0m 1682.5 ± 168.2 kWh   [2mz:[0m -2.51   [2mdesvio:[0m -25%   [2m(2 obs. dia_util)[0m
2026-07-10 17:18:34 [INFO] 
2026-07-10 17:18:34 [INFO]   🔵 [94m[1mPT0002000110814293YC[0m  [2m[sem cluster][0m
2026-07-10 17:18:34 [INFO]      consumiu MENOS que o habitual às 07h
2026-07-10 17:18:34 [INFO]      [2mReal:[0m 37.0 kWh   [2mHabitual:[0m 56.5 ± 7.8 kWh   [2mz:[0m -2.51   [2mdesvio:[0m -35%   [2m(2 obs. dia_util)[0m
2026-07-10 17:18:34 [INFO] 
2026-07-10 17:18:34 [INFO]   🔴 [91m[1mPT0002000068856906VS[0m  [2m[Cluster 0][0m
2026-07-10 17:18:34 [INFO]      consumiu MAIS que o habitual às 17h
2026-07-10 17:18:34 [INFO]      [2mReal:[0m 30.0 kWh   [2mHabitual:[0m 24.0 ± 2.4 kWh   [2mz:[0m +2.50   [2mdesvio:[0m +25%   [2m(2 obs. dia_util)[0m
2026-07-10 17:18:34 [INFO] 
2026-07-10 17:18:34 [INFO]   🔴 [91m[1mPT0002000068856906VS[0m  [2m[Cluster 0][0m
2026-07-10 17:18:34 [INFO]      consumiu MAIS que o habitual às 18h
2026-07-10 17:18:34 [INFO]      [2mReal:[0m 30.0 kWh   [2mHabitual:[0m 24.0 ± 2.4 kWh   [2mz:[0m +2.50   [2mdesvio:[0m +25%   [2m(2 obs. dia_util)[0m
2026-07-10 17:18:34 [INFO] 
2026-07-10 17:18:34 [INFO]   🔵 [94m[1mPT0002000068859597LS[0m  [2m[Cluster 0][0m
2026-07-10 17:18:34 [INFO]      consumiu MENOS que o habitual às 16h
2026-07-10 17:18:34 [INFO]      [2mReal:[0m 48.0 kWh   [2mHabitual:[0m 64.0 ± 6.4 kWh   [2mz:[0m -2.50   [2mdesvio:[0m -25%   [2m(2 obs. dia_util)[0m
2026-07-10 17:18:34 [INFO] 
2026-07-10 17:18:34 [INFO]   🔴 [91m[1mPT0002000077647404EM[0m  [2m[Cluster 1][0m
2026-07-10 17:18:34 [INFO]      consumiu MAIS que o habitual às 19h
2026-07-10 17:18:34 [INFO]      [2mReal:[0m 5.0 kWh   [2mHabitual:[0m 4.0 ± 0.4 kWh   [2mz:[0m +2.50   [2mdesvio:[0m +25%   [2m(2 obs. dia_util)[0m
2026-07-10 17:18:34 [INFO] 
2026-07-10 17:18:34 [INFO]   🔵 [94m[1mPT0002000078207354XC[0m  [2m[Cluster 1][0m
2026-07-10 17:18:34 [INFO]      consumiu MENOS que o habitual às 11h
2026-07-10 17:18:34 [INFO]      [2mReal:[0m 6.0 kWh   [2mHabitual:[0m 8.0 ± 0.8 kWh   [2mz:[0m -2.50   [2mdesvio:[0m -25%   [2m(2 obs. dia_util)[0m
2026-07-10 17:18:34 [INFO] 
2026-07-10 17:18:34 [INFO]   🔵 [94m[1mPT0002000107046231FW[0m  [2m[Cluster 0][0m
2026-07-10 17:18:34 [INFO]      consumiu MENOS que o habitual às 02h
2026-07-10 17:18:34 [INFO]      [2mReal:[0m 3.0 kWh   [2mHabitual:[0m 4.0 ± 0.4 kWh   [2mz:[0m -2.50   [2mdesvio:[0m -25%   [2m(2 obs. dia_util)[0m
2026-07-10 17:18:34 [INFO] 
2026-07-10 17:18:34 [INFO]   🔵 [94m[1mPT0002000107046231FW[0m  [2m[Cluster 0][0m
2026-07-10 17:18:34 [INFO]      consumiu MENOS que o habitual às 04h
2026-07-10 17:18:34 [INFO]      [2mReal:[0m 3.0 kWh   [2mHabitual:[0m 4.0 ± 0.4 kWh   [2mz:[0m -2.50   [2mdesvio:[0m -25%   [2m(2 obs. dia_util)[0m
2026-07-10 17:18:34 [INFO] 
2026-07-10 17:18:34 [INFO]   🔵 [94m[1mPT0002000115031201VQ[0m  [2m[Cluster 0][0m
2026-07-10 17:18:34 [INFO]      consumiu MENOS que o habitual às 03h
2026-07-10 17:18:34 [INFO]      [2mReal:[0m 3.0 kWh   [2mHabitual:[0m 4.0 ± 0.4 kWh   [2mz:[0m -2.50   [2mdesvio:[0m -25%   [2m(2 obs. dia_util)[0m
2026-07-10 17:18:34 [INFO] 
2026-07-10 17:18:34 [INFO]   🔴 [91m[1mPT0002000115700602GW[0m  [2m[Cluster 0][0m
2026-07-10 17:18:34 [INFO]      consumiu MAIS que o habitual às 04h
2026-07-10 17:18:34 [INFO]      [2mReal:[0m 10.0 kWh   [2mHabitual:[0m 8.0 ± 0.8 kWh   [2mz:[0m +2.50   [2mdesvio:[0m +25%   [2m(2 obs. dia_util)[0m
2026-07-10 17:18:34 [INFO] 
2026-07-10 17:18:34 [INFO]   🔵 [94m[1mPT0002000078441876HB[0m  [2m[Cluster 0][0m
2026-07-10 17:18:34 [INFO]      consumiu MENOS que o habitual às 19h
2026-07-10 17:18:34 [INFO]      [2mReal:[0m 1081.0 kWh   [2mHabitual:[0m 1452.5 ± 149.2 kWh   [2mz:[0m -2.49   [2mdesvio:[0m -26%   [2m(2 obs. dia_util)[0m
2026-07-10 17:18:34 [INFO] 
2026-07-10 17:18:34 [INFO]   🔵 [94m[1mPT0002000071896778MT[0m  [2m[Cluster 0][0m
2026-07-10 17:18:34 [INFO]      consumiu MENOS que o habitual às 14h
2026-07-10 17:18:34 [INFO]      [2mReal:[0m 14.0 kWh   [2mHabitual:[0m 21.0 ± 2.8 kWh   [2mz:[0m -2.47   [2mdesvio:[0m -33%   [2m(2 obs. dia_util)[0m
2026-07-10 17:18:34 [INFO] 
2026-07-10 17:18:34 [INFO]   🔵 [94m[1mPT0002000110814293YC[0m  [2m[sem cluster][0m
2026-07-10 17:18:34 [INFO]      consumiu MENOS que o habitual às 05h
2026-07-10 17:18:34 [INFO]      [2mReal:[0m 34.0 kWh   [2mHabitual:[0m 55.0 ± 8.5 kWh   [2mz:[0m -2.47   [2mdesvio:[0m -38%   [2m(2 obs. dia_util)[0m
2026-07-10 17:18:34 [INFO] 
2026-07-10 17:18:34 [INFO]   🔵 [94m[1mPT0002000110814293YC[0m  [2m[sem cluster][0m
2026-07-10 17:18:34 [INFO]      consumiu MENOS que o habitual às 17h
2026-07-10 17:18:34 [INFO]      [2mReal:[0m 54.0 kWh   [2mHabitual:[0m 71.5 ± 7.2 kWh   [2mz:[0m -2.45   [2mdesvio:[0m -24%   [2m(2 obs. dia_util)[0m
2026-07-10 17:18:34 [INFO] 
2026-07-10 17:18:34 [INFO]   🔵 [94m[1mPT0002000068857897ZV[0m  [2m[Cluster 0][0m
2026-07-10 17:18:34 [INFO]      consumiu MENOS que o habitual às 10h
2026-07-10 17:18:34 [INFO]      [2mReal:[0m 47.0 kWh   [2mHabitual:[0m 62.5 ± 6.4 kWh   [2mz:[0m -2.44   [2mdesvio:[0m -25%   [2m(2 obs. dia_util)[0m
2026-07-10 17:18:34 [INFO] 
2026-07-10 17:18:34 [INFO]   🔴 [91m[1mPT0002000075637532JB[0m  [2m[Cluster 0][0m
2026-07-10 17:18:34 [INFO]      consumiu MAIS que o habitual às 10h
2026-07-10 17:18:34 [INFO]      [2mReal:[0m 28.0 kWh   [2mHabitual:[0m 22.5 ± 2.2 kWh   [2mz:[0m +2.44   [2mdesvio:[0m +24%   [2m(2 obs. dia_util)[0m
2026-07-10 17:18:34 [INFO] 
2026-07-10 17:18:34 [INFO]   🔴 [91m[1mPT0002000115673471CB[0m  [2m[Cluster 0][0m
2026-07-10 17:18:34 [INFO]      consumiu MAIS que o habitual às 14h
2026-07-10 17:18:34 [INFO]      [2mReal:[0m 36.0 kWh   [2mHabitual:[0m 29.0 ± 2.9 kWh   [2mz:[0m +2.41   [2mdesvio:[0m +24%   [2m(2 obs. dia_util)[0m
2026-07-10 17:18:34 [INFO] 
2026-07-10 17:18:34 [INFO]   🔴 [91m[1mPT0002000078140706BA[0m  [2m[sem cluster][0m
2026-07-10 17:18:34 [INFO]      consumiu MAIS que o habitual às 19h
2026-07-10 17:18:34 [INFO]      [2mReal:[0m 82.0 kWh   [2mHabitual:[0m 48.0 ± 14.1 kWh   [2mz:[0m +2.40   [2mdesvio:[0m +71%   [2m(2 obs. dia_util)[0m
2026-07-10 17:18:34 [INFO] 
2026-07-10 17:18:34 [INFO]   🔵 [94m[1mPT0002000110814293YC[0m  [2m[sem cluster][0m
2026-07-10 17:18:34 [INFO]      consumiu MENOS que o habitual às 01h
2026-07-10 17:18:34 [INFO]      [2mReal:[0m 38.0 kWh   [2mHabitual:[0m 55.0 ± 7.1 kWh   [2mz:[0m -2.40   [2mdesvio:[0m -31%   [2m(2 obs. dia_util)[0m
2026-07-10 17:18:34 [INFO] 
2026-07-10 17:18:34 [INFO]   🔵 [94m[1mPT0002000078441876HB[0m  [2m[Cluster 0][0m
2026-07-10 17:18:34 [INFO]      consumiu MENOS que o habitual às 08h
2026-07-10 17:18:34 [INFO]      [2mReal:[0m 842.0 kWh   [2mHabitual:[0m 1106.0 ± 110.6 kWh   [2mz:[0m -2.39   [2mdesvio:[0m -24%   [2m(2 obs. dia_util)[0m
2026-07-10 17:18:34 [INFO] 
2026-07-10 17:18:34 [INFO]   🔴 [91m[1mPT0002000068856906VS[0m  [2m[Cluster 0][0m
2026-07-10 17:18:34 [INFO]      consumiu MAIS que o habitual às 15h
2026-07-10 17:18:34 [INFO]      [2mReal:[0m 44.0 kWh   [2mHabitual:[0m 25.5 ± 7.8 kWh   [2mz:[0m +2.38   [2mdesvio:[0m +73%   [2m(2 obs. dia_util)[0m
2026-07-10 17:18:34 [INFO] 
2026-07-10 17:18:34 [INFO]   🔵 [94m[1mPT0002000068855003AK[0m  [2m[sem cluster][0m
2026-07-10 17:18:34 [INFO]      consumiu MENOS que o habitual às 13h
2026-07-10 17:18:34 [INFO]      [2mReal:[0m 18.0 kWh   [2mHabitual:[0m 39.5 ± 9.2 kWh   [2mz:[0m -2.34   [2mdesvio:[0m -54%   [2m(2 obs. dia_util)[0m
2026-07-10 17:18:34 [INFO] 
2026-07-10 17:18:34 [INFO]   🔴 [91m[1mPT0002000068856906VS[0m  [2m[Cluster 0][0m
2026-07-10 17:18:34 [INFO]      consumiu MAIS que o habitual às 12h
2026-07-10 17:18:34 [INFO]      [2mReal:[0m 29.0 kWh   [2mHabitual:[0m 23.5 ± 2.4 kWh   [2mz:[0m +2.34   [2mdesvio:[0m +23%   [2m(2 obs. dia_util)[0m
2026-07-10 17:18:34 [INFO] 
2026-07-10 17:18:34 [INFO]   🔵 [94m[1mPT0002000068859325FL[0m  [2m[Cluster 1][0m
2026-07-10 17:18:34 [INFO]      consumiu MENOS que o habitual às 04h
2026-07-10 17:18:34 [INFO]      [2mReal:[0m 72.0 kWh   [2mHabitual:[0m 94.0 ± 9.4 kWh   [2mz:[0m -2.34   [2mdesvio:[0m -23%   [2m(2 obs. dia_util)[0m
2026-07-10 17:18:34 [INFO] 
2026-07-10 17:18:34 [INFO]   🔵 [94m[1mPT0002000068856974CZ[0m  [2m[sem cluster][0m
2026-07-10 17:18:34 [INFO]      consumiu MENOS que o habitual às 09h
2026-07-10 17:18:34 [INFO]      [2mReal:[0m 33.0 kWh   [2mHabitual:[0m 43.0 ± 4.3 kWh   [2mz:[0m -2.33   [2mdesvio:[0m -23%   [2m(2 obs. dia_util)[0m
2026-07-10 17:18:34 [INFO] 
2026-07-10 17:18:34 [INFO]   🔴 [91m[1mPT0002000073481266XH[0m  [2m[Cluster 0][0m
2026-07-10 17:18:34 [INFO]      consumiu MAIS que o habitual às 16h
2026-07-10 17:18:34 [INFO]      [2mReal:[0m 37.0 kWh   [2mHabitual:[0m 30.0 ± 3.0 kWh   [2mz:[0m +2.33   [2mdesvio:[0m +23%   [2m(2 obs. dia_util)[0m
2026-07-10 17:18:34 [INFO] 
2026-07-10 17:18:34 [INFO]   🔵 [94m[1mPT0002000068857897ZV[0m  [2m[Cluster 0][0m
2026-07-10 17:18:34 [INFO]      consumiu MENOS que o habitual às 11h
2026-07-10 17:18:34 [INFO]      [2mReal:[0m 45.0 kWh   [2mHabitual:[0m 58.5 ± 5.8 kWh   [2mz:[0m -2.31   [2mdesvio:[0m -23%   [2m(2 obs. dia_util)[0m
2026-07-10 17:18:34 [INFO] 
2026-07-10 17:18:34 [INFO]   🔵 [94m[1mPT0002000073717386HC[0m  [2m[sem cluster][0m
2026-07-10 17:18:34 [INFO]      consumiu MENOS que o habitual às 22h
2026-07-10 17:18:34 [INFO]      [2mReal:[0m 4.0 kWh   [2mHabitual:[0m 5.3 ± 0.6 kWh   [2mz:[0m -2.31   [2mdesvio:[0m -25%   [2m(3 obs. dia_util)[0m
2026-07-10 17:18:34 [INFO] 
2026-07-10 17:18:34 [INFO]   🔵 [94m[1mPT0002000077348081AG[0m  [2m[sem cluster][0m
2026-07-10 17:18:34 [INFO]      consumiu MENOS que o habitual às 07h
2026-07-10 17:18:34 [INFO]      [2mReal:[0m 25.0 kWh   [2mHabitual:[0m 32.5 ± 3.2 kWh   [2mz:[0m -2.31   [2mdesvio:[0m -23%   [2m(2 obs. dia_util)[0m
2026-07-10 17:18:34 [INFO] 
2026-07-10 17:18:34 [INFO]   🔵 [94m[1mPT0002000073573036KH[0m  [2m[sem cluster][0m
2026-07-10 17:18:34 [INFO]      consumiu MENOS que o habitual às 18h
2026-07-10 17:18:34 [INFO]      [2mReal:[0m 234.0 kWh   [2mHabitual:[0m 303.5 ± 30.4 kWh   [2mz:[0m -2.29   [2mdesvio:[0m -23%   [2m(2 obs. dia_util)[0m
2026-07-10 17:18:34 [INFO] 
2026-07-10 17:18:34 [INFO]   🔵 [94m[1mPT0002000106102375RC[0m  [2m[sem cluster][0m
2026-07-10 17:18:34 [INFO]      consumiu MENOS que o habitual às 22h
2026-07-10 17:18:34 [INFO]      [2mReal:[0m 37.0 kWh   [2mHabitual:[0m 48.0 ± 4.8 kWh   [2mz:[0m -2.29   [2mdesvio:[0m -23%   [2m(3 obs. dia_util)[0m
2026-07-10 17:18:34 [INFO] 
2026-07-10 17:18:34 [INFO]   🔵 [94m[1mPT0002000068855003AK[0m  [2m[sem cluster][0m
2026-07-10 17:18:34 [INFO]      consumiu MENOS que o habitual às 12h
2026-07-10 17:18:34 [INFO]      [2mReal:[0m 19.0 kWh   [2mHabitual:[0m 33.5 ± 6.4 kWh   [2mz:[0m -2.28   [2mdesvio:[0m -43%   [2m(2 obs. dia_util)[0m
2026-07-10 17:18:34 [INFO] 
2026-07-10 17:18:34 [INFO]   🔵 [94m[1mPT0002000073573036KH[0m  [2m[sem cluster][0m
2026-07-10 17:18:34 [INFO]      consumiu MENOS que o habitual às 15h
2026-07-10 17:18:34 [INFO]      [2mReal:[0m 229.0 kWh   [2mHabitual:[0m 296.5 ± 29.6 kWh   [2mz:[0m -2.28   [2mdesvio:[0m -23%   [2m(2 obs. dia_util)[0m
2026-07-10 17:18:34 [INFO] 
2026-07-10 17:18:34 [INFO]   🔴 [91m[1mPT0002000068859382XF[0m  [2m[Cluster 0][0m
2026-07-10 17:18:34 [INFO]      consumiu MAIS que o habitual às 22h
2026-07-10 17:18:34 [INFO]      [2mReal:[0m 63.0 kWh   [2mHabitual:[0m 51.3 ± 5.1 kWh   [2mz:[0m +2.27   [2mdesvio:[0m +23%   [2m(3 obs. dia_util)[0m
2026-07-10 17:18:34 [INFO] 
2026-07-10 17:18:34 [INFO]   🔵 [94m[1mPT0002000123648159KR[0m  [2m[Cluster 0][0m
2026-07-10 17:18:34 [INFO]      consumiu MENOS que o habitual às 15h
2026-07-10 17:18:34 [INFO]      [2mReal:[0m 17.0 kWh   [2mHabitual:[0m 22.0 ± 2.2 kWh   [2mz:[0m -2.27   [2mdesvio:[0m -23%   [2m(2 obs. dia_util)[0m
2026-07-10 17:18:34 [INFO] 
2026-07-10 17:18:34 [INFO]   🔵 [94m[1mPT0002000068857099AR[0m  [2m[Cluster 1][0m
2026-07-10 17:18:34 [INFO]      consumiu MENOS que o habitual às 19h
2026-07-10 17:18:34 [INFO]      [2mReal:[0m 12.0 kWh   [2mHabitual:[0m 15.5 ± 1.6 kWh   [2mz:[0m -2.26   [2mdesvio:[0m -23%   [2m(2 obs. dia_util)[0m
2026-07-10 17:18:34 [INFO] 
2026-07-10 17:18:34 [INFO]   🔵 [94m[1mPT0002000073573036KH[0m  [2m[sem cluster][0m
2026-07-10 17:18:34 [INFO]      consumiu MENOS que o habitual às 14h
2026-07-10 17:18:34 [INFO]      [2mReal:[0m 226.0 kWh   [2mHabitual:[0m 292.0 ± 29.2 kWh   [2mz:[0m -2.26   [2mdesvio:[0m -23%   [2m(2 obs. dia_util)[0m
2026-07-10 17:18:34 [INFO] 
2026-07-10 17:18:34 [INFO]   🔵 [94m[1mPT0002000110814293YC[0m  [2m[sem cluster][0m
2026-07-10 17:18:34 [INFO]      consumiu MENOS que o habitual às 19h
2026-07-10 17:18:34 [INFO]      [2mReal:[0m 50.0 kWh   [2mHabitual:[0m 64.5 ± 6.5 kWh   [2mz:[0m -2.25   [2mdesvio:[0m -22%   [2m(2 obs. dia_util)[0m
2026-07-10 17:18:34 [INFO] 
2026-07-10 17:18:34 [INFO]   🔴 [91m[1mPT0002000068856906VS[0m  [2m[Cluster 0][0m
2026-07-10 17:18:34 [INFO]      consumiu MAIS que o habitual às 20h
2026-07-10 17:18:34 [INFO]      [2mReal:[0m 33.0 kWh   [2mHabitual:[0m 27.0 ± 2.7 kWh   [2mz:[0m +2.22   [2mdesvio:[0m +22%   [2m(2 obs. dia_util)[0m
2026-07-10 17:18:34 [INFO] 
2026-07-10 17:18:34 [INFO]   🔴 [91m[1mPT0002000068859382XF[0m  [2m[Cluster 0][0m
2026-07-10 17:18:34 [INFO]      consumiu MAIS que o habitual às 14h
2026-07-10 17:18:34 [INFO]      [2mReal:[0m 105.0 kWh   [2mHabitual:[0m 77.0 ± 12.7 kWh   [2mz:[0m +2.20   [2mdesvio:[0m +36%   [2m(2 obs. dia_util)[0m
2026-07-10 17:18:34 [INFO] 
2026-07-10 17:18:34 [INFO]   🔴 [91m[1mPT0002000068856267NC[0m  [2m[sem cluster][0m
2026-07-10 17:18:34 [INFO]      consumiu MAIS que o habitual às 20h
2026-07-10 17:18:34 [INFO]      [2mReal:[0m 53.0 kWh   [2mHabitual:[0m 43.5 ± 4.3 kWh   [2mz:[0m +2.18   [2mdesvio:[0m +22%   [2m(2 obs. dia_util)[0m
2026-07-10 17:18:34 [INFO] 
2026-07-10 17:18:34 [INFO]   🔵 [94m[1mPT0002000073231742VK[0m  [2m[Cluster 0][0m
2026-07-10 17:18:34 [INFO]      consumiu MENOS que o habitual às 10h
2026-07-10 17:18:34 [INFO]      [2mReal:[0m 34.0 kWh   [2mHabitual:[0m 43.5 ± 4.3 kWh   [2mz:[0m -2.18   [2mdesvio:[0m -22%   [2m(2 obs. dia_util)[0m
2026-07-10 17:18:34 [INFO] 
2026-07-10 17:18:34 [INFO]   🔴 [91m[1mPT0002000081997398TD[0m  [2m[Cluster 0][0m
2026-07-10 17:18:34 [INFO]      consumiu MAIS que o habitual às 09h
2026-07-10 17:18:34 [INFO]      [2mReal:[0m 299.0 kWh   [2mHabitual:[0m 211.5 ± 40.3 kWh   [2mz:[0m +2.17   [2mdesvio:[0m +41%   [2m(2 obs. dia_util)[0m
2026-07-10 17:18:34 [INFO] 
2026-07-10 17:18:34 [INFO]   🔵 [94m[1mPT0002000110814293YC[0m  [2m[sem cluster][0m
2026-07-10 17:18:34 [INFO]      consumiu MENOS que o habitual às 13h
2026-07-10 17:18:34 [INFO]      [2mReal:[0m 56.0 kWh   [2mHabitual:[0m 71.5 ± 7.2 kWh   [2mz:[0m -2.17   [2mdesvio:[0m -22%   [2m(2 obs. dia_util)[0m
2026-07-10 17:18:34 [INFO] 
2026-07-10 17:18:34 [INFO]   🔵 [94m[1mPT0002000115031201VQ[0m  [2m[Cluster 0][0m
2026-07-10 17:18:34 [INFO]      consumiu MENOS que o habitual às 23h
2026-07-10 17:18:34 [INFO]      [2mReal:[0m 6.0 kWh   [2mHabitual:[0m 7.7 ± 0.8 kWh   [2mz:[0m -2.17   [2mdesvio:[0m -22%   [2m(3 obs. dia_util)[0m
2026-07-10 17:18:34 [INFO] 
2026-07-10 17:18:34 [INFO]   🔴 [91m[1mPT0002000033074862LZ[0m  [2m[Cluster 0][0m
2026-07-10 17:18:34 [INFO]      consumiu MAIS que o habitual às 14h
2026-07-10 17:18:34 [INFO]      [2mReal:[0m 45.0 kWh   [2mHabitual:[0m 37.0 ± 3.7 kWh   [2mz:[0m +2.16   [2mdesvio:[0m +22%   [2m(2 obs. dia_util)[0m
2026-07-10 17:18:34 [INFO] 
2026-07-10 17:18:34 [INFO]   🔵 [94m[1mPT0002000073573036KH[0m  [2m[sem cluster][0m
2026-07-10 17:18:34 [INFO]      consumiu MENOS que o habitual às 16h
2026-07-10 17:18:34 [INFO]      [2mReal:[0m 231.0 kWh   [2mHabitual:[0m 294.5 ± 29.4 kWh   [2mz:[0m -2.16   [2mdesvio:[0m -22%   [2m(2 obs. dia_util)[0m
2026-07-10 17:18:34 [INFO] 
2026-07-10 17:18:34 [INFO]   🔵 [94m[1mPT0002000073573036KH[0m  [2m[sem cluster][0m
2026-07-10 17:18:34 [INFO]      consumiu MENOS que o habitual às 17h
2026-07-10 17:18:34 [INFO]      [2mReal:[0m 231.0 kWh   [2mHabitual:[0m 294.5 ± 29.4 kWh   [2mz:[0m -2.16   [2mdesvio:[0m -22%   [2m(2 obs. dia_util)[0m
2026-07-10 17:18:34 [INFO] 
2026-07-10 17:18:34 [INFO]   🔵 [94m[1mPT0002000068856655YV[0m  [2m[Cluster 0][0m
2026-07-10 17:18:34 [INFO]      consumiu MENOS que o habitual às 18h
2026-07-10 17:18:34 [INFO]      [2mReal:[0m 4.0 kWh   [2mHabitual:[0m 5.5 ± 0.7 kWh   [2mz:[0m -2.12   [2mdesvio:[0m -27%   [2m(2 obs. dia_util)[0m
2026-07-10 17:18:34 [INFO] 
2026-07-10 17:18:34 [INFO]   🔵 [94m[1mPT0002000068856872QG[0m  [2m[Cluster 1][0m
2026-07-10 17:18:34 [INFO]      consumiu MENOS que o habitual às 01h
2026-07-10 17:18:34 [INFO]      [2mReal:[0m 0.0 kWh   [2mHabitual:[0m 1.5 ± 0.7 kWh   [2mz:[0m -2.12   [2mdesvio:[0m -100%   [2m(2 obs. dia_util)[0m
2026-07-10 17:18:34 [INFO] 
2026-07-10 17:18:34 [INFO]   🔴 [91m[1mPT0002000068856872QG[0m  [2m[Cluster 1][0m
2026-07-10 17:18:34 [INFO]      consumiu MAIS que o habitual às 12h
2026-07-10 17:18:34 [INFO]      [2mReal:[0m 2.0 kWh   [2mHabitual:[0m 0.5 ± 0.7 kWh   [2mz:[0m +2.12   [2mdesvio:[0m +300%   [2m(2 obs. dia_util)[0m
2026-07-10 17:18:34 [INFO] 
2026-07-10 17:18:34 [INFO]   🔵 [94m[1mPT0002000068856872QG[0m  [2m[Cluster 1][0m
2026-07-10 17:18:34 [INFO]      consumiu MENOS que o habitual às 15h
2026-07-10 17:18:34 [INFO]      [2mReal:[0m 0.0 kWh   [2mHabitual:[0m 1.5 ± 0.7 kWh   [2mz:[0m -2.12   [2mdesvio:[0m -100%   [2m(2 obs. dia_util)[0m
2026-07-10 17:18:34 [INFO] 
2026-07-10 17:18:34 [INFO]   🔴 [91m[1mPT0002000068856952LS[0m  [2m[Cluster 2][0m
2026-07-10 17:18:34 [INFO]      consumiu MAIS que o habitual às 08h
2026-07-10 17:18:34 [INFO]      [2mReal:[0m 2.0 kWh   [2mHabitual:[0m 0.5 ± 0.7 kWh   [2mz:[0m +2.12   [2mdesvio:[0m +300%   [2m(2 obs. dia_util)[0m
2026-07-10 17:18:34 [INFO] 
2026-07-10 17:18:34 [INFO]   🔵 [94m[1mPT0002000075637532JB[0m  [2m[Cluster 0][0m
2026-07-10 17:18:34 [INFO]      consumiu MENOS que o habitual às 03h
2026-07-10 17:18:34 [INFO]      [2mReal:[0m 4.0 kWh   [2mHabitual:[0m 5.5 ± 0.7 kWh   [2mz:[0m -2.12   [2mdesvio:[0m -27%   [2m(2 obs. dia_util)[0m
2026-07-10 17:18:34 [INFO] 
2026-07-10 17:18:34 [INFO]   🔴 [91m[1mPT0002000075637532JB[0m  [2m[Cluster 0][0m
2026-07-10 17:18:34 [INFO]      consumiu MAIS que o habitual às 04h
2026-07-10 17:18:34 [INFO]      [2mReal:[0m 6.0 kWh   [2mHabitual:[0m 4.5 ± 0.7 kWh   [2mz:[0m +2.12   [2mdesvio:[0m +33%   [2m(2 obs. dia_util)[0m
2026-07-10 17:18:34 [INFO] 
2026-07-10 17:18:34 [INFO]   🔵 [94m[1mPT0002000078207354XC[0m  [2m[Cluster 1][0m
2026-07-10 17:18:34 [INFO]      consumiu MENOS que o habitual às 02h
2026-07-10 17:18:34 [INFO]      [2mReal:[0m 5.0 kWh   [2mHabitual:[0m 6.5 ± 0.7 kWh   [2mz:[0m -2.12   [2mdesvio:[0m -23%   [2m(2 obs. dia_util)[0m
2026-07-10 17:18:34 [INFO] 
2026-07-10 17:18:34 [INFO]   🔵 [94m[1mPT0002000078207354XC[0m  [2m[Cluster 1][0m
2026-07-10 17:18:34 [INFO]      consumiu MENOS que o habitual às 03h
2026-07-10 17:18:34 [INFO]      [2mReal:[0m 5.0 kWh   [2mHabitual:[0m 6.5 ± 0.7 kWh   [2mz:[0m -2.12   [2mdesvio:[0m -23%   [2m(2 obs. dia_util)[0m
2026-07-10 17:18:34 [INFO] 
2026-07-10 17:18:34 [INFO]   🔵 [94m[1mPT0002000078207354XC[0m  [2m[Cluster 1][0m
2026-07-10 17:18:34 [INFO]      consumiu MENOS que o habitual às 05h
2026-07-10 17:18:34 [INFO]      [2mReal:[0m 5.0 kWh   [2mHabitual:[0m 6.5 ± 0.7 kWh   [2mz:[0m -2.12   [2mdesvio:[0m -23%   [2m(2 obs. dia_util)[0m
2026-07-10 17:18:34 [INFO] 
2026-07-10 17:18:34 [INFO]   🔵 [94m[1mPT0002000078233981HJ[0m  [2m[Cluster 1][0m
2026-07-10 17:18:34 [INFO]      consumiu MENOS que o habitual às 07h
2026-07-10 17:18:34 [INFO]      [2mReal:[0m 2.0 kWh   [2mHabitual:[0m 3.5 ± 0.7 kWh   [2mz:[0m -2.12   [2mdesvio:[0m -43%   [2m(2 obs. dia_util)[0m
2026-07-10 17:18:34 [INFO] 
2026-07-10 17:18:34 [INFO]   🔵 [94m[1mPT0002000078294957RQ[0m  [2m[Cluster 0][0m
2026-07-10 17:18:34 [INFO]      consumiu MENOS que o habitual às 15h
2026-07-10 17:18:34 [INFO]      [2mReal:[0m 14.0 kWh   [2mHabitual:[0m 33.5 ± 9.2 kWh   [2mz:[0m -2.12   [2mdesvio:[0m -58%   [2m(2 obs. dia_util)[0m
2026-07-10 17:18:34 [INFO] 
2026-07-10 17:18:34 [INFO]   🔴 [91m[1mPT0002000102936404ME[0m  [2m[Cluster 1][0m
2026-07-10 17:18:34 [INFO]      consumiu MAIS que o habitual às 00h
2026-07-10 17:18:34 [INFO]      [2mReal:[0m 17.0 kWh   [2mHabitual:[0m 14.0 ± 1.4 kWh   [2mz:[0m +2.12   [2mdesvio:[0m +21%   [2m(2 obs. dia_util)[0m
2026-07-10 17:18:34 [INFO] 
2026-07-10 17:18:34 [INFO]   🔵 [94m[1mPT0002000107046231FW[0m  [2m[Cluster 0][0m
2026-07-10 17:18:34 [INFO]      consumiu MENOS que o habitual às 18h
2026-07-10 17:18:34 [INFO]      [2mReal:[0m 4.0 kWh   [2mHabitual:[0m 7.0 ± 1.4 kWh   [2mz:[0m -2.12   [2mdesvio:[0m -43%   [2m(2 obs. dia_util)[0m
2026-07-10 17:18:34 [INFO] 
2026-07-10 17:18:34 [INFO]   🔴 [91m[1mPT0002000107172384HT[0m  [2m[Cluster 1][0m
2026-07-10 17:18:34 [INFO]      consumiu MAIS que o habitual às 16h
2026-07-10 17:18:34 [INFO]      [2mReal:[0m 42.0 kWh   [2mHabitual:[0m 30.0 ± 5.7 kWh   [2mz:[0m +2.12   [2mdesvio:[0m +40%   [2m(2 obs. dia_util)[0m
2026-07-10 17:18:34 [INFO] 
2026-07-10 17:18:34 [INFO]   🔵 [94m[1mPT0002000109837807PE[0m  [2m[Cluster 1][0m
2026-07-10 17:18:34 [INFO]      consumiu MENOS que o habitual às 07h
2026-07-10 17:18:34 [INFO]      [2mReal:[0m 3.0 kWh   [2mHabitual:[0m 4.5 ± 0.7 kWh   [2mz:[0m -2.12   [2mdesvio:[0m -33%   [2m(2 obs. dia_util)[0m
2026-07-10 17:18:34 [INFO] 
2026-07-10 17:18:34 [INFO]   🔵 [94m[1mPT0002000110090564GD[0m  [2m[Cluster 1][0m
2026-07-10 17:18:34 [INFO]      consumiu MENOS que o habitual às 11h
2026-07-10 17:18:34 [INFO]      [2mReal:[0m 7.0 kWh   [2mHabitual:[0m 23.5 ± 7.8 kWh   [2mz:[0m -2.12   [2mdesvio:[0m -70%   [2m(2 obs. dia_util)[0m
2026-07-10 17:18:34 [INFO] 
2026-07-10 17:18:34 [INFO]   🔴 [91m[1mPT0002000110607652SB[0m  [2m[Cluster 0][0m
2026-07-10 17:18:34 [INFO]      consumiu MAIS que o habitual às 05h
2026-07-10 17:18:34 [INFO]      [2mReal:[0m 12.0 kWh   [2mHabitual:[0m 6.0 ± 2.8 kWh   [2mz:[0m +2.12   [2mdesvio:[0m +100%   [2m(2 obs. dia_util)[0m
2026-07-10 17:18:34 [INFO] 
2026-07-10 17:18:34 [INFO]   🔵 [94m[1mPT0002000115031201VQ[0m  [2m[Cluster 0][0m
2026-07-10 17:18:34 [INFO]      consumiu MENOS que o habitual às 05h
2026-07-10 17:18:34 [INFO]      [2mReal:[0m 3.0 kWh   [2mHabitual:[0m 4.5 ± 0.7 kWh   [2mz:[0m -2.12   [2mdesvio:[0m -33%   [2m(2 obs. dia_util)[0m
2026-07-10 17:18:34 [INFO] 
2026-07-10 17:18:34 [INFO]   🔵 [94m[1mPT0002000119303492KB[0m  [2m[Cluster 0][0m
2026-07-10 17:18:34 [INFO]      consumiu MENOS que o habitual às 05h
2026-07-10 17:18:34 [INFO]      [2mReal:[0m 5.0 kWh   [2mHabitual:[0m 6.5 ± 0.7 kWh   [2mz:[0m -2.12   [2mdesvio:[0m -23%   [2m(2 obs. dia_util)[0m
2026-07-10 17:18:34 [INFO] 
2026-07-10 17:18:34 [INFO]   🔵 [94m[1mPT0002000123648159KR[0m  [2m[Cluster 0][0m
2026-07-10 17:18:34 [INFO]      consumiu MENOS que o habitual às 06h
2026-07-10 17:18:34 [INFO]      [2mReal:[0m 5.0 kWh   [2mHabitual:[0m 6.5 ± 0.7 kWh   [2mz:[0m -2.12   [2mdesvio:[0m -23%   [2m(2 obs. dia_util)[0m
2026-07-10 17:18:34 [INFO] 
2026-07-10 17:18:34 [INFO]   🔵 [94m[1mPT0002000123648159KR[0m  [2m[Cluster 0][0m
2026-07-10 17:18:34 [INFO]      consumiu MENOS que o habitual às 12h
2026-07-10 17:18:34 [INFO]      [2mReal:[0m 31.0 kWh   [2mHabitual:[0m 41.5 ± 5.0 kWh   [2mz:[0m -2.12   [2mdesvio:[0m -25%   [2m(2 obs. dia_util)[0m
2026-07-10 17:18:34 [INFO] 
2026-07-10 17:18:34 [INFO]   🔴 [91m[1mPT0002000201936109ME[0m  [2m[Cluster 0][0m
2026-07-10 17:18:34 [INFO]      consumiu MAIS que o habitual às 13h
2026-07-10 17:18:34 [INFO]      [2mReal:[0m 2.0 kWh   [2mHabitual:[0m 0.5 ± 0.7 kWh   [2mz:[0m +2.12   [2mdesvio:[0m +300%   [2m(2 obs. dia_util)[0m
2026-07-10 17:18:34 [INFO] 
2026-07-10 17:18:34 [INFO]   🔴 [91m[1mPT0002000115673471CB[0m  [2m[Cluster 0][0m
2026-07-10 17:18:34 [INFO]      consumiu MAIS que o habitual às 17h
2026-07-10 17:18:34 [INFO]      [2mReal:[0m 23.0 kWh   [2mHabitual:[0m 19.0 ± 1.9 kWh   [2mz:[0m +2.11   [2mdesvio:[0m +21%   [2m(2 obs. dia_util)[0m
2026-07-10 17:18:34 [INFO] 
2026-07-10 17:18:34 [INFO]   🔵 [94m[1mPT0002000068856974CZ[0m  [2m[sem cluster][0m
2026-07-10 17:18:34 [INFO]      consumiu MENOS que o habitual às 08h
2026-07-10 17:18:34 [INFO]      [2mReal:[0m 32.0 kWh   [2mHabitual:[0m 40.5 ± 4.0 kWh   [2mz:[0m -2.10   [2mdesvio:[0m -21%   [2m(2 obs. dia_util)[0m
2026-07-10 17:18:34 [INFO] 
2026-07-10 17:18:34 [INFO]   🔵 [94m[1mPT0002000115673389QK[0m  [2m[Cluster 0][0m
2026-07-10 17:18:34 [INFO]      consumiu MENOS que o habitual às 13h
2026-07-10 17:18:34 [INFO]      [2mReal:[0m 95.0 kWh   [2mHabitual:[0m 124.0 ± 14.1 kWh   [2mz:[0m -2.05   [2mdesvio:[0m -23%   [2m(2 obs. dia_util)[0m
2026-07-10 17:18:34 [INFO] 
2026-07-10 17:18:34 [INFO]   🔴 [91m[1mPT0002000201038711LS[0m  [2m[sem cluster][0m
2026-07-10 17:18:34 [INFO]      consumiu MAIS que o habitual às 17h
2026-07-10 17:18:34 [INFO]      [2mReal:[0m 87.0 kWh   [2mHabitual:[0m 61.0 ± 12.7 kWh   [2mz:[0m +2.04   [2mdesvio:[0m +43%   [2m(2 obs. dia_util)[0m
2026-07-10 17:18:34 [INFO] 
2026-07-10 17:18:34 [INFO]   🔴 [91m[1mPT0002000115673471CB[0m  [2m[Cluster 0][0m
2026-07-10 17:18:34 [INFO]      consumiu MAIS que o habitual às 09h
2026-07-10 17:18:34 [INFO]      [2mReal:[0m 71.0 kWh   [2mHabitual:[0m 59.0 ± 5.9 kWh   [2mz:[0m +2.03   [2mdesvio:[0m +20%   [2m(2 obs. dia_util)[0m
2026-07-10 17:18:34 [INFO] 
2026-07-10 17:18:34 [INFO]   🔵 [94m[1mPT0002000078294957RQ[0m  [2m[Cluster 0][0m
2026-07-10 17:18:34 [INFO]      consumiu MENOS que o habitual às 13h
2026-07-10 17:18:34 [INFO]      [2mReal:[0m 25.0 kWh   [2mHabitual:[0m 45.0 ± 9.9 kWh   [2mz:[0m -2.02   [2mdesvio:[0m -44%   [2m(2 obs. dia_util)[0m
2026-07-10 17:18:34 [INFO] 
2026-07-10 17:18:34 [INFO]   [2mCSV:[0m /home/runner/work/ts-anomaly-detection-dissertation/ts-anomaly-detection-dissertation/results/energia/realtime/alerts/analise_energia_2026-07-09.csv
2026-07-10 17:18:34 [INFO] 
2026-07-10 17:18:34 [INFO] [96m→ A prever consumo de 2026-07-10 para 276 CPEs...[0m
2026-07-10 17:18:38 [INFO] [1m══════════════════════════════════════════════════════════════════════[0m
2026-07-10 17:18:38 [INFO] [1m  PREDIÇÃO — 2026-07-10 [0m[2m(dia util)[0m
2026-07-10 17:18:38 [INFO] [1m══════════════════════════════════════════════════════════════════════[0m
2026-07-10 17:18:38 [INFO]   [95m● CPEs previstos[0m          69 [2m(alta: 0, baixa: 1656)[0m
2026-07-10 17:18:38 [INFO]   [95m● Consumo total previsto[0m 113355.4 kWh [2m(±20740.8)[0m
2026-07-10 17:18:38 [INFO] 
2026-07-10 17:18:38 [INFO]   [2mPrevisão guardada:[0m /home/runner/work/ts-anomaly-detection-dissertation/ts-anomaly-detection-dissertation/results/energia/realtime/predictions/previsao_energia_2026-07-10.csv
2026-07-10 17:18:38 [INFO] 
2026-07-10 17:18:38 [INFO] [1m══════════════════════════════════════════════════════════════════════[0m
2026-07-10 17:18:38 [INFO] [1m  VALIDAÇÃO — qualidade das previsões anteriores[0m
2026-07-10 17:18:38 [INFO] [1m══════════════════════════════════════════════════════════════════════[0m
2026-07-10 17:18:38 [INFO]   [2mDias validados:[0m 4   [2mpendentes:[0m 25
2026-07-10 17:18:38 [INFO]   [2mÚltimo (2026-07-09):[0m MAE 13.53 kWh   RMSE 34.33   em ±1σ 62% [2m(esperado ~68%)[0m   em ±2σ 85% [2m(esperado ~95%)[0m
2026-07-10 17:18:38 [INFO]   [2mMédia acumulada:[0m MAE 14.73 kWh   RMSE 36.88   em ±1σ 58%   em ±2σ 78%
2026-07-10 17:18:38 [INFO]   [2mCSV:[0m /home/runner/work/ts-anomaly-detection-dissertation/ts-anomaly-detection-dissertation/results/energia/realtime/analysis/qualidade_previsoes_energia.csv
2026-07-10 17:18:38 [INFO] 
