2026-07-19 15:11:00 [INFO] [96m→ A pedir dados ao BaZe (276 CPEs)...[0m
2026-07-19 15:22:09 [INFO] 
2026-07-19 15:22:09 [INFO] [1m══════════════════════════════════════════════════════════════════════[0m
2026-07-19 15:22:09 [INFO] [1m  DETEÇÃO DE ANOMALIAS — 2026-07-18[0m
2026-07-19 15:22:09 [INFO] [1m══════════════════════════════════════════════════════════════════════[0m
2026-07-19 15:22:09 [INFO]   [2mTipo de dia:[0m  fim semana
2026-07-19 15:22:09 [INFO]   [2mFonte:[0m        BAZE
2026-07-19 15:22:09 [INFO]   [2mCPEs c/ dados:[0m 69
2026-07-19 15:22:09 [INFO]   [2mThreshold:[0m    |z| > 2.5 [2m(adaptativo a este tipo de dia)[0m
2026-07-19 15:22:09 [INFO] 
2026-07-19 15:22:09 [INFO] [96m→ A analisar 69 CPEs / 1656 pontos horários (retrospetiva)...[0m
2026-07-19 15:22:11 [INFO] [1m─── Resumo ─────────────────────────────────────[0m
2026-07-19 15:22:11 [INFO]   [92m● Normal[0m                1166 [2m( 70.4%)[0m
2026-07-19 15:22:11 [INFO]   [91m● Desvio (alta confiança)[0m    0 [2m(  0.0%)[0m
2026-07-19 15:22:11 [INFO]   [93m● Desvio (baixa confiança)[0m 490 [2m( 29.6%)[0m
2026-07-19 15:22:11 [INFO]   [2mTempo: 671.7s[0m
2026-07-19 15:22:11 [INFO] 
2026-07-19 15:22:11 [INFO] [1m[93m─── Desvios de BAIXA confiança (490) ──────────────[0m
2026-07-19 15:22:11 [INFO]   [2m(poucos dados históricos — verificar manualmente)[0m
2026-07-19 15:22:11 [INFO] 
2026-07-19 15:22:11 [INFO]   🔴 [91m[1mPT0002000068856872QG[0m  [2m[Cluster 1][0m
2026-07-19 15:22:11 [INFO]      consumiu MAIS que o habitual às 10h
2026-07-19 15:22:11 [INFO]      [2mReal:[0m 3.0 kWh   [2mHabitual:[0m 0.0 ± 0.3 kWh   [2mz:[0m +10.00   [2mdesvio:[0m +300000%   [2m(2 obs. fim_semana)[0m
2026-07-19 15:22:11 [INFO] 
2026-07-19 15:22:11 [INFO]   🔴 [91m[1mPT0002000068856872QG[0m  [2m[Cluster 1][0m
2026-07-19 15:22:11 [INFO]      consumiu MAIS que o habitual às 16h
2026-07-19 15:22:11 [INFO]      [2mReal:[0m 3.0 kWh   [2mHabitual:[0m 0.0 ± 0.3 kWh   [2mz:[0m +10.00   [2mdesvio:[0m +300000%   [2m(2 obs. fim_semana)[0m
2026-07-19 15:22:11 [INFO] 
2026-07-19 15:22:11 [INFO]   🔴 [91m[1mPT0002000068859325FL[0m  [2m[Cluster 1][0m
2026-07-19 15:22:11 [INFO]      consumiu MAIS que o habitual às 10h
2026-07-19 15:22:11 [INFO]      [2mReal:[0m 396.0 kWh   [2mHabitual:[0m 176.0 ± 17.6 kWh   [2mz:[0m +10.00⁺   [2mdesvio:[0m +125%   [2m(2 obs. fim_semana)[0m
2026-07-19 15:22:11 [INFO] 
2026-07-19 15:22:11 [INFO]   🔴 [91m[1mPT0002000068859597LS[0m  [2m[Cluster 0][0m
2026-07-19 15:22:11 [INFO]      consumiu MAIS que o habitual às 00h
2026-07-19 15:22:11 [INFO]      [2mReal:[0m 62.0 kWh   [2mHabitual:[0m 30.0 ± 3.0 kWh   [2mz:[0m +10.00⁺   [2mdesvio:[0m +107%   [2m(2 obs. fim_semana)[0m
2026-07-19 15:22:11 [INFO] 
2026-07-19 15:22:11 [INFO]   🔴 [91m[1mPT0002000073720434JD[0m  [2m[sem cluster][0m
2026-07-19 15:22:11 [INFO]      consumiu MAIS que o habitual às 18h
2026-07-19 15:22:11 [INFO]      [2mReal:[0m 83.0 kWh   [2mHabitual:[0m 30.5 ± 3.0 kWh   [2mz:[0m +10.00⁺   [2mdesvio:[0m +172%   [2m(2 obs. fim_semana)[0m
2026-07-19 15:22:11 [INFO] 
2026-07-19 15:22:11 [INFO]   🔴 [91m[1mPT0002000077348081AG[0m  [2m[sem cluster][0m
2026-07-19 15:22:11 [INFO]      consumiu MAIS que o habitual às 23h
2026-07-19 15:22:11 [INFO]      [2mReal:[0m 77.0 kWh   [2mHabitual:[0m 27.0 ± 2.7 kWh   [2mz:[0m +10.00⁺   [2mdesvio:[0m +185%   [2m(3 obs. fim_semana)[0m
2026-07-19 15:22:11 [INFO] 
2026-07-19 15:22:11 [INFO]   🔵 [94m[1mPT0002000077647404EM[0m  [2m[Cluster 1][0m
2026-07-19 15:22:11 [INFO]      consumiu MENOS que o habitual às 09h
2026-07-19 15:22:11 [INFO]      [2mReal:[0m 0.0 kWh   [2mHabitual:[0m 81.5 ± 8.2 kWh   [2mz:[0m -10.00   [2mdesvio:[0m -100%   [2m(2 obs. fim_semana)[0m
2026-07-19 15:22:11 [INFO] 
2026-07-19 15:22:11 [INFO]   🔵 [94m[1mPT0002000077647404EM[0m  [2m[Cluster 1][0m
2026-07-19 15:22:11 [INFO]      consumiu MENOS que o habitual às 11h
2026-07-19 15:22:11 [INFO]      [2mReal:[0m 0.0 kWh   [2mHabitual:[0m 82.0 ± 8.2 kWh   [2mz:[0m -10.00   [2mdesvio:[0m -100%   [2m(2 obs. fim_semana)[0m
2026-07-19 15:22:11 [INFO] 
2026-07-19 15:22:11 [INFO]   🔴 [91m[1mPT0002000078233981HJ[0m  [2m[Cluster 1][0m
2026-07-19 15:22:11 [INFO]      consumiu MAIS que o habitual às 08h
2026-07-19 15:22:11 [INFO]      [2mReal:[0m 11.0 kWh   [2mHabitual:[0m 1.5 ± 0.7 kWh   [2mz:[0m +10.00⁺   [2mdesvio:[0m +633%   [2m(2 obs. fim_semana)[0m
2026-07-19 15:22:11 [INFO] 
2026-07-19 15:22:11 [INFO]   🔴 [91m[1mPT0002000078233981HJ[0m  [2m[Cluster 1][0m
2026-07-19 15:22:11 [INFO]      consumiu MAIS que o habitual às 09h
2026-07-19 15:22:11 [INFO]      [2mReal:[0m 15.0 kWh   [2mHabitual:[0m 1.5 ± 0.7 kWh   [2mz:[0m +10.00⁺   [2mdesvio:[0m +900%   [2m(2 obs. fim_semana)[0m
2026-07-19 15:22:11 [INFO] 
2026-07-19 15:22:11 [INFO]   🔴 [91m[1mPT0002000078233981HJ[0m  [2m[Cluster 1][0m
2026-07-19 15:22:11 [INFO]      consumiu MAIS que o habitual às 10h
2026-07-19 15:22:11 [INFO]      [2mReal:[0m 14.0 kWh   [2mHabitual:[0m 2.0 ± 0.3 kWh   [2mz:[0m +10.00⁺   [2mdesvio:[0m +600%   [2m(2 obs. fim_semana)[0m
2026-07-19 15:22:11 [INFO] 
2026-07-19 15:22:11 [INFO]   🔴 [91m[1mPT0002000078233981HJ[0m  [2m[Cluster 1][0m
2026-07-19 15:22:11 [INFO]      consumiu MAIS que o habitual às 11h
2026-07-19 15:22:11 [INFO]      [2mReal:[0m 12.0 kWh   [2mHabitual:[0m 1.5 ± 0.7 kWh   [2mz:[0m +10.00⁺   [2mdesvio:[0m +700%   [2m(2 obs. fim_semana)[0m
2026-07-19 15:22:11 [INFO] 
2026-07-19 15:22:11 [INFO]   🔴 [91m[1mPT0002000078233981HJ[0m  [2m[Cluster 1][0m
2026-07-19 15:22:11 [INFO]      consumiu MAIS que o habitual às 13h
2026-07-19 15:22:11 [INFO]      [2mReal:[0m 7.0 kWh   [2mHabitual:[0m 2.0 ± 0.3 kWh   [2mz:[0m +10.00⁺   [2mdesvio:[0m +250%   [2m(2 obs. fim_semana)[0m
2026-07-19 15:22:11 [INFO] 
2026-07-19 15:22:11 [INFO]   🔴 [91m[1mPT0002000109837807PE[0m  [2m[Cluster 1][0m
2026-07-19 15:22:11 [INFO]      consumiu MAIS que o habitual às 10h
2026-07-19 15:22:11 [INFO]      [2mReal:[0m 14.0 kWh   [2mHabitual:[0m 3.5 ± 0.7 kWh   [2mz:[0m +10.00⁺   [2mdesvio:[0m +300%   [2m(2 obs. fim_semana)[0m
2026-07-19 15:22:11 [INFO] 
2026-07-19 15:22:11 [INFO]   🔴 [91m[1mPT0002000110607652SB[0m  [2m[Cluster 0][0m
2026-07-19 15:22:11 [INFO]      consumiu MAIS que o habitual às 21h
2026-07-19 15:22:11 [INFO]      [2mReal:[0m 16.0 kWh   [2mHabitual:[0m 8.0 ± 0.8 kWh   [2mz:[0m +10.00   [2mdesvio:[0m +100%   [2m(3 obs. fim_semana)[0m
2026-07-19 15:22:11 [INFO] 
2026-07-19 15:22:11 [INFO]   🔴 [91m[1mPT0002000110607652SB[0m  [2m[Cluster 0][0m
2026-07-19 15:22:11 [INFO]      consumiu MAIS que o habitual às 23h
2026-07-19 15:22:11 [INFO]      [2mReal:[0m 16.0 kWh   [2mHabitual:[0m 8.0 ± 0.8 kWh   [2mz:[0m +10.00   [2mdesvio:[0m +100%   [2m(3 obs. fim_semana)[0m
2026-07-19 15:22:11 [INFO] 
2026-07-19 15:22:11 [INFO]   🔴 [91m[1mPT0002000203419117SJ[0m  [2m[sem cluster][0m
2026-07-19 15:22:11 [INFO]      consumiu MAIS que o habitual às 06h
2026-07-19 15:22:11 [INFO]      [2mReal:[0m 4.0 kWh   [2mHabitual:[0m 0.0 ± 0.3 kWh   [2mz:[0m +10.00⁺   [2mdesvio:[0m +400000%   [2m(2 obs. fim_semana)[0m
2026-07-19 15:22:11 [INFO] 
2026-07-19 15:22:11 [INFO]   🔴 [91m[1mPT0002000203886452WB[0m  [2m[sem cluster][0m
2026-07-19 15:22:11 [INFO]      consumiu MAIS que o habitual às 01h
2026-07-19 15:22:11 [INFO]      [2mReal:[0m 20.0 kWh   [2mHabitual:[0m 0.0 ± 0.3 kWh   [2mz:[0m +10.00⁺   [2mdesvio:[0m +2000000%   [2m(2 obs. fim_semana)[0m
2026-07-19 15:22:11 [INFO] 
2026-07-19 15:22:11 [INFO]   🔴 [91m[1mPT0002000203886452WB[0m  [2m[sem cluster][0m
2026-07-19 15:22:11 [INFO]      consumiu MAIS que o habitual às 02h
2026-07-19 15:22:11 [INFO]      [2mReal:[0m 20.0 kWh   [2mHabitual:[0m 0.0 ± 0.3 kWh   [2mz:[0m +10.00⁺   [2mdesvio:[0m +2000000%   [2m(2 obs. fim_semana)[0m
2026-07-19 15:22:11 [INFO] 
2026-07-19 15:22:11 [INFO]   🔴 [91m[1mPT0002000203886452WB[0m  [2m[sem cluster][0m
2026-07-19 15:22:11 [INFO]      consumiu MAIS que o habitual às 03h
2026-07-19 15:22:11 [INFO]      [2mReal:[0m 20.0 kWh   [2mHabitual:[0m 0.0 ± 0.3 kWh   [2mz:[0m +10.00⁺   [2mdesvio:[0m +2000000%   [2m(2 obs. fim_semana)[0m
2026-07-19 15:22:11 [INFO] 
2026-07-19 15:22:11 [INFO]   🔴 [91m[1mPT0002000203886452WB[0m  [2m[sem cluster][0m
2026-07-19 15:22:11 [INFO]      consumiu MAIS que o habitual às 04h
2026-07-19 15:22:11 [INFO]      [2mReal:[0m 20.0 kWh   [2mHabitual:[0m 0.0 ± 0.3 kWh   [2mz:[0m +10.00⁺   [2mdesvio:[0m +2000000%   [2m(2 obs. fim_semana)[0m
2026-07-19 15:22:11 [INFO] 
2026-07-19 15:22:11 [INFO]   🔴 [91m[1mPT0002000203886452WB[0m  [2m[sem cluster][0m
2026-07-19 15:22:11 [INFO]      consumiu MAIS que o habitual às 05h
2026-07-19 15:22:11 [INFO]      [2mReal:[0m 20.0 kWh   [2mHabitual:[0m 0.0 ± 0.3 kWh   [2mz:[0m +10.00⁺   [2mdesvio:[0m +2000000%   [2m(2 obs. fim_semana)[0m
2026-07-19 15:22:11 [INFO] 
2026-07-19 15:22:11 [INFO]   🔴 [91m[1mPT0002000203886452WB[0m  [2m[sem cluster][0m
2026-07-19 15:22:11 [INFO]      consumiu MAIS que o habitual às 06h
2026-07-19 15:22:11 [INFO]      [2mReal:[0m 20.0 kWh   [2mHabitual:[0m 0.0 ± 0.3 kWh   [2mz:[0m +10.00⁺   [2mdesvio:[0m +2000000%   [2m(2 obs. fim_semana)[0m
2026-07-19 15:22:11 [INFO] 
2026-07-19 15:22:11 [INFO]   🔴 [91m[1mPT0002000203886452WB[0m  [2m[sem cluster][0m
2026-07-19 15:22:11 [INFO]      consumiu MAIS que o habitual às 07h
2026-07-19 15:22:11 [INFO]      [2mReal:[0m 20.0 kWh   [2mHabitual:[0m 0.0 ± 0.3 kWh   [2mz:[0m +10.00⁺   [2mdesvio:[0m +2000000%   [2m(2 obs. fim_semana)[0m
2026-07-19 15:22:11 [INFO] 
2026-07-19 15:22:11 [INFO]   🔴 [91m[1mPT0002000203886452WB[0m  [2m[sem cluster][0m
2026-07-19 15:22:11 [INFO]      consumiu MAIS que o habitual às 08h
2026-07-19 15:22:11 [INFO]      [2mReal:[0m 20.0 kWh   [2mHabitual:[0m 0.0 ± 0.3 kWh   [2mz:[0m +10.00⁺   [2mdesvio:[0m +2000000%   [2m(2 obs. fim_semana)[0m
2026-07-19 15:22:11 [INFO] 
2026-07-19 15:22:11 [INFO]   🔵 [94m[1mPT0002000077647404EM[0m  [2m[Cluster 1][0m
2026-07-19 15:22:11 [INFO]      consumiu MENOS que o habitual às 10h
2026-07-19 15:22:11 [INFO]      [2mReal:[0m 1.0 kWh   [2mHabitual:[0m 82.5 ± 8.2 kWh   [2mz:[0m -9.88   [2mdesvio:[0m -99%   [2m(2 obs. fim_semana)[0m
2026-07-19 15:22:11 [INFO] 
2026-07-19 15:22:11 [INFO]   🔵 [94m[1mPT0002000115031201VQ[0m  [2m[Cluster 0][0m
2026-07-19 15:22:11 [INFO]      consumiu MENOS que o habitual às 11h
2026-07-19 15:22:11 [INFO]      [2mReal:[0m 3.0 kWh   [2mHabitual:[0m 40.0 ± 4.0 kWh   [2mz:[0m -9.25   [2mdesvio:[0m -92%   [2m(2 obs. fim_semana)[0m
2026-07-19 15:22:11 [INFO] 
2026-07-19 15:22:11 [INFO]   🔵 [94m[1mPT0002000119303492KB[0m  [2m[Cluster 0][0m
2026-07-19 15:22:11 [INFO]      consumiu MENOS que o habitual às 11h
2026-07-19 15:22:11 [INFO]      [2mReal:[0m 4.0 kWh   [2mHabitual:[0m 46.5 ± 4.7 kWh   [2mz:[0m -9.14   [2mdesvio:[0m -91%   [2m(2 obs. fim_semana)[0m
2026-07-19 15:22:11 [INFO] 
2026-07-19 15:22:11 [INFO]   🔵 [94m[1mPT0002000078140706BA[0m  [2m[sem cluster][0m
2026-07-19 15:22:11 [INFO]      consumiu MENOS que o habitual às 07h
2026-07-19 15:22:11 [INFO]      [2mReal:[0m 5.0 kWh   [2mHabitual:[0m 56.0 ± 5.6 kWh   [2mz:[0m -9.11   [2mdesvio:[0m -91%   [2m(2 obs. fim_semana)[0m
2026-07-19 15:22:11 [INFO] 
2026-07-19 15:22:11 [INFO]   🔵 [94m[1mPT0002000107046231FW[0m  [2m[Cluster 0][0m
2026-07-19 15:22:11 [INFO]      consumiu MENOS que o habitual às 16h
2026-07-19 15:22:11 [INFO]      [2mReal:[0m 2.0 kWh   [2mHabitual:[0m 22.5 ± 2.2 kWh   [2mz:[0m -9.11   [2mdesvio:[0m -91%   [2m(2 obs. fim_semana)[0m
2026-07-19 15:22:11 [INFO] 
2026-07-19 15:22:11 [INFO]   🔴 [91m[1mPT0002000073720434JD[0m  [2m[sem cluster][0m
2026-07-19 15:22:11 [INFO]      consumiu MAIS que o habitual às 17h
2026-07-19 15:22:11 [INFO]      [2mReal:[0m 88.0 kWh   [2mHabitual:[0m 24.0 ± 7.1 kWh   [2mz:[0m +9.05   [2mdesvio:[0m +267%   [2m(2 obs. fim_semana)[0m
2026-07-19 15:22:11 [INFO] 
2026-07-19 15:22:11 [INFO]   🔵 [94m[1mPT0002000119303492KB[0m  [2m[Cluster 0][0m
2026-07-19 15:22:11 [INFO]      consumiu MENOS que o habitual às 13h
2026-07-19 15:22:11 [INFO]      [2mReal:[0m 3.0 kWh   [2mHabitual:[0m 31.0 ± 3.1 kWh   [2mz:[0m -9.03   [2mdesvio:[0m -90%   [2m(2 obs. fim_semana)[0m
2026-07-19 15:22:11 [INFO] 
2026-07-19 15:22:11 [INFO]   🔵 [94m[1mPT0002000111572054VT[0m  [2m[sem cluster][0m
2026-07-19 15:22:11 [INFO]      consumiu MENOS que o habitual às 11h
2026-07-19 15:22:11 [INFO]      [2mReal:[0m 2.0 kWh   [2mHabitual:[0m 20.0 ± 2.0 kWh   [2mz:[0m -9.00   [2mdesvio:[0m -90%   [2m(2 obs. fim_semana)[0m
2026-07-19 15:22:11 [INFO] 
2026-07-19 15:22:11 [INFO]   🔵 [94m[1mPT0002000115031201VQ[0m  [2m[Cluster 0][0m
2026-07-19 15:22:11 [INFO]      consumiu MENOS que o habitual às 12h
2026-07-19 15:22:11 [INFO]      [2mReal:[0m 4.0 kWh   [2mHabitual:[0m 39.5 ± 4.0 kWh   [2mz:[0m -8.99   [2mdesvio:[0m -90%   [2m(2 obs. fim_semana)[0m
2026-07-19 15:22:11 [INFO] 
2026-07-19 15:22:11 [INFO]   🔵 [94m[1mPT0002000115031201VQ[0m  [2m[Cluster 0][0m
2026-07-19 15:22:11 [INFO]      consumiu MENOS que o habitual às 13h
2026-07-19 15:22:11 [INFO]      [2mReal:[0m 4.0 kWh   [2mHabitual:[0m 39.5 ± 4.0 kWh   [2mz:[0m -8.99   [2mdesvio:[0m -90%   [2m(2 obs. fim_semana)[0m
2026-07-19 15:22:11 [INFO] 
2026-07-19 15:22:11 [INFO]   🔵 [94m[1mPT0002000107046231FW[0m  [2m[Cluster 0][0m
2026-07-19 15:22:11 [INFO]      consumiu MENOS que o habitual às 14h
2026-07-19 15:22:11 [INFO]      [2mReal:[0m 3.0 kWh   [2mHabitual:[0m 29.5 ± 3.0 kWh   [2mz:[0m -8.98   [2mdesvio:[0m -90%   [2m(2 obs. fim_semana)[0m
2026-07-19 15:22:11 [INFO] 
2026-07-19 15:22:11 [INFO]   🔵 [94m[1mPT0002000107046231FW[0m  [2m[Cluster 0][0m
2026-07-19 15:22:11 [INFO]      consumiu MENOS que o habitual às 12h
2026-07-19 15:22:11 [INFO]      [2mReal:[0m 2.0 kWh   [2mHabitual:[0m 33.5 ± 3.5 kWh   [2mz:[0m -8.91   [2mdesvio:[0m -94%   [2m(2 obs. fim_semana)[0m
2026-07-19 15:22:11 [INFO] 
2026-07-19 15:22:11 [INFO]   🔵 [94m[1mPT0002000075637532JB[0m  [2m[Cluster 0][0m
2026-07-19 15:22:11 [INFO]      consumiu MENOS que o habitual às 12h
2026-07-19 15:22:11 [INFO]      [2mReal:[0m 4.0 kWh   [2mHabitual:[0m 36.5 ± 3.6 kWh   [2mz:[0m -8.90   [2mdesvio:[0m -89%   [2m(2 obs. fim_semana)[0m
2026-07-19 15:22:11 [INFO] 
2026-07-19 15:22:11 [INFO]   🔵 [94m[1mPT0002000107046231FW[0m  [2m[Cluster 0][0m
2026-07-19 15:22:11 [INFO]      consumiu MENOS que o habitual às 15h
2026-07-19 15:22:11 [INFO]      [2mReal:[0m 3.0 kWh   [2mHabitual:[0m 26.5 ± 2.6 kWh   [2mz:[0m -8.87   [2mdesvio:[0m -89%   [2m(2 obs. fim_semana)[0m
2026-07-19 15:22:11 [INFO] 
2026-07-19 15:22:11 [INFO]   🔵 [94m[1mPT0002000111572054VT[0m  [2m[sem cluster][0m
2026-07-19 15:22:11 [INFO]      consumiu MENOS que o habitual às 17h
2026-07-19 15:22:11 [INFO]      [2mReal:[0m 3.0 kWh   [2mHabitual:[0m 26.0 ± 2.6 kWh   [2mz:[0m -8.85   [2mdesvio:[0m -88%   [2m(2 obs. fim_semana)[0m
2026-07-19 15:22:11 [INFO] 
2026-07-19 15:22:11 [INFO]   🔵 [94m[1mPT0002000119303492KB[0m  [2m[Cluster 0][0m
2026-07-19 15:22:11 [INFO]      consumiu MENOS que o habitual às 15h
2026-07-19 15:22:11 [INFO]      [2mReal:[0m 3.0 kWh   [2mHabitual:[0m 26.0 ± 2.6 kWh   [2mz:[0m -8.85   [2mdesvio:[0m -88%   [2m(2 obs. fim_semana)[0m
2026-07-19 15:22:11 [INFO] 
2026-07-19 15:22:11 [INFO]   🔵 [94m[1mPT0002000073481266XH[0m  [2m[Cluster 0][0m
2026-07-19 15:22:11 [INFO]      consumiu MENOS que o habitual às 11h
2026-07-19 15:22:11 [INFO]      [2mReal:[0m 5.0 kWh   [2mHabitual:[0m 40.0 ± 4.0 kWh   [2mz:[0m -8.75   [2mdesvio:[0m -88%   [2m(2 obs. fim_semana)[0m
2026-07-19 15:22:11 [INFO] 
2026-07-19 15:22:11 [INFO]   🔴 [91m[1mPT0002000077348081AG[0m  [2m[sem cluster][0m
2026-07-19 15:22:11 [INFO]      consumiu MAIS que o habitual às 10h
2026-07-19 15:22:11 [INFO]      [2mReal:[0m 299.0 kWh   [2mHabitual:[0m 159.5 ± 15.9 kWh   [2mz:[0m +8.75   [2mdesvio:[0m +87%   [2m(2 obs. fim_semana)[0m
2026-07-19 15:22:11 [INFO] 
2026-07-19 15:22:11 [INFO]   🔵 [94m[1mPT0002000123648159KR[0m  [2m[Cluster 0][0m
2026-07-19 15:22:11 [INFO]      consumiu MENOS que o habitual às 08h
2026-07-19 15:22:11 [INFO]      [2mReal:[0m 4.0 kWh   [2mHabitual:[0m 31.5 ± 3.1 kWh   [2mz:[0m -8.73   [2mdesvio:[0m -87%   [2m(2 obs. fim_semana)[0m
2026-07-19 15:22:11 [INFO] 
2026-07-19 15:22:11 [INFO]   🔵 [94m[1mPT0002000201038711LS[0m  [2m[sem cluster][0m
2026-07-19 15:22:11 [INFO]      consumiu MENOS que o habitual às 13h
2026-07-19 15:22:11 [INFO]      [2mReal:[0m 0.0 kWh   [2mHabitual:[0m 18.5 ± 2.1 kWh   [2mz:[0m -8.72   [2mdesvio:[0m -100%   [2m(2 obs. fim_semana)[0m
2026-07-19 15:22:11 [INFO] 
2026-07-19 15:22:11 [INFO]   🔵 [94m[1mPT0002000073481266XH[0m  [2m[Cluster 0][0m
2026-07-19 15:22:11 [INFO]      consumiu MENOS que o habitual às 13h
2026-07-19 15:22:11 [INFO]      [2mReal:[0m 5.0 kWh   [2mHabitual:[0m 37.5 ± 3.8 kWh   [2mz:[0m -8.67   [2mdesvio:[0m -87%   [2m(2 obs. fim_semana)[0m
2026-07-19 15:22:11 [INFO] 
2026-07-19 15:22:11 [INFO]   🔵 [94m[1mPT0002000123648159KR[0m  [2m[Cluster 0][0m
2026-07-19 15:22:11 [INFO]      consumiu MENOS que o habitual às 12h
2026-07-19 15:22:11 [INFO]      [2mReal:[0m 5.0 kWh   [2mHabitual:[0m 36.5 ± 3.6 kWh   [2mz:[0m -8.63   [2mdesvio:[0m -86%   [2m(2 obs. fim_semana)[0m
2026-07-19 15:22:11 [INFO] 
2026-07-19 15:22:11 [INFO]   🔵 [94m[1mPT0002000073481266XH[0m  [2m[Cluster 0][0m
2026-07-19 15:22:11 [INFO]      consumiu MENOS que o habitual às 12h
2026-07-19 15:22:11 [INFO]      [2mReal:[0m 6.0 kWh   [2mHabitual:[0m 43.0 ± 4.3 kWh   [2mz:[0m -8.60   [2mdesvio:[0m -86%   [2m(2 obs. fim_semana)[0m
2026-07-19 15:22:11 [INFO] 
2026-07-19 15:22:11 [INFO]   🔵 [94m[1mPT0002000071896778MT[0m  [2m[Cluster 0][0m
2026-07-19 15:22:11 [INFO]      consumiu MENOS que o habitual às 12h
2026-07-19 15:22:11 [INFO]      [2mReal:[0m 4.0 kWh   [2mHabitual:[0m 28.0 ± 2.8 kWh   [2mz:[0m -8.57   [2mdesvio:[0m -86%   [2m(2 obs. fim_semana)[0m
2026-07-19 15:22:11 [INFO] 
2026-07-19 15:22:11 [INFO]   🔵 [94m[1mPT0002000073481266XH[0m  [2m[Cluster 0][0m
2026-07-19 15:22:11 [INFO]      consumiu MENOS que o habitual às 14h
2026-07-19 15:22:11 [INFO]      [2mReal:[0m 6.0 kWh   [2mHabitual:[0m 41.5 ± 4.2 kWh   [2mz:[0m -8.55   [2mdesvio:[0m -86%   [2m(2 obs. fim_semana)[0m
2026-07-19 15:22:11 [INFO] 
2026-07-19 15:22:11 [INFO]   🔵 [94m[1mPT0002000110607652SB[0m  [2m[Cluster 0][0m
2026-07-19 15:22:11 [INFO]      consumiu MENOS que o habitual às 14h
2026-07-19 15:22:11 [INFO]      [2mReal:[0m 12.0 kWh   [2mHabitual:[0m 82.0 ± 8.2 kWh   [2mz:[0m -8.54   [2mdesvio:[0m -85%   [2m(2 obs. fim_semana)[0m
2026-07-19 15:22:11 [INFO] 
2026-07-19 15:22:11 [INFO]   🔵 [94m[1mPT0002000073481266XH[0m  [2m[Cluster 0][0m
2026-07-19 15:22:11 [INFO]      consumiu MENOS que o habitual às 16h
2026-07-19 15:22:11 [INFO]      [2mReal:[0m 5.0 kWh   [2mHabitual:[0m 34.0 ± 3.4 kWh   [2mz:[0m -8.53   [2mdesvio:[0m -85%   [2m(2 obs. fim_semana)[0m
2026-07-19 15:22:11 [INFO] 
2026-07-19 15:22:11 [INFO]   🔵 [94m[1mPT0002000123648159KR[0m  [2m[Cluster 0][0m
2026-07-19 15:22:11 [INFO]      consumiu MENOS que o habitual às 07h
2026-07-19 15:22:11 [INFO]      [2mReal:[0m 4.0 kWh   [2mHabitual:[0m 28.0 ± 2.8 kWh   [2mz:[0m -8.49   [2mdesvio:[0m -86%   [2m(2 obs. fim_semana)[0m
2026-07-19 15:22:11 [INFO] 
2026-07-19 15:22:11 [INFO]   🔵 [94m[1mPT0002000123648159KR[0m  [2m[Cluster 0][0m
2026-07-19 15:22:11 [INFO]      consumiu MENOS que o habitual às 11h
2026-07-19 15:22:11 [INFO]      [2mReal:[0m 5.0 kWh   [2mHabitual:[0m 32.5 ± 3.2 kWh   [2mz:[0m -8.46   [2mdesvio:[0m -85%   [2m(2 obs. fim_semana)[0m
2026-07-19 15:22:11 [INFO] 
2026-07-19 15:22:11 [INFO]   🔵 [94m[1mPT0002000115673471CB[0m  [2m[Cluster 0][0m
2026-07-19 15:22:11 [INFO]      consumiu MENOS que o habitual às 12h
2026-07-19 15:22:11 [INFO]      [2mReal:[0m 11.0 kWh   [2mHabitual:[0m 71.0 ± 7.1 kWh   [2mz:[0m -8.45   [2mdesvio:[0m -85%   [2m(2 obs. fim_semana)[0m
2026-07-19 15:22:11 [INFO] 
2026-07-19 15:22:11 [INFO]   🔵 [94m[1mPT0002000115031201VQ[0m  [2m[Cluster 0][0m
2026-07-19 15:22:11 [INFO]      consumiu MENOS que o habitual às 15h
2026-07-19 15:22:11 [INFO]      [2mReal:[0m 3.0 kWh   [2mHabitual:[0m 18.5 ± 1.9 kWh   [2mz:[0m -8.38   [2mdesvio:[0m -84%   [2m(2 obs. fim_semana)[0m
2026-07-19 15:22:11 [INFO] 
2026-07-19 15:22:11 [INFO]   🔵 [94m[1mPT0002000033074862LZ[0m  [2m[Cluster 0][0m
2026-07-19 15:22:11 [INFO]      consumiu MENOS que o habitual às 12h
2026-07-19 15:22:11 [INFO]      [2mReal:[0m 10.0 kWh   [2mHabitual:[0m 58.5 ± 5.8 kWh   [2mz:[0m -8.29   [2mdesvio:[0m -83%   [2m(2 obs. fim_semana)[0m
2026-07-19 15:22:11 [INFO] 
2026-07-19 15:22:11 [INFO]   🔵 [94m[1mPT0002000111572054VT[0m  [2m[sem cluster][0m
2026-07-19 15:22:11 [INFO]      consumiu MENOS que o habitual às 09h
2026-07-19 15:22:11 [INFO]      [2mReal:[0m 5.0 kWh   [2mHabitual:[0m 29.0 ± 2.9 kWh   [2mz:[0m -8.28   [2mdesvio:[0m -83%   [2m(2 obs. fim_semana)[0m
2026-07-19 15:22:11 [INFO] 
2026-07-19 15:22:11 [INFO]   🔵 [94m[1mPT0002000071896778MT[0m  [2m[Cluster 0][0m
2026-07-19 15:22:11 [INFO]      consumiu MENOS que o habitual às 13h
2026-07-19 15:22:11 [INFO]      [2mReal:[0m 4.0 kWh   [2mHabitual:[0m 22.0 ± 2.2 kWh   [2mz:[0m -8.18   [2mdesvio:[0m -82%   [2m(2 obs. fim_semana)[0m
2026-07-19 15:22:11 [INFO] 
2026-07-19 15:22:11 [INFO]   🔵 [94m[1mPT0002000115700602GW[0m  [2m[Cluster 0][0m
2026-07-19 15:22:11 [INFO]      consumiu MENOS que o habitual às 11h
2026-07-19 15:22:11 [INFO]      [2mReal:[0m 8.0 kWh   [2mHabitual:[0m 43.5 ± 4.3 kWh   [2mz:[0m -8.16   [2mdesvio:[0m -82%   [2m(2 obs. fim_semana)[0m
2026-07-19 15:22:11 [INFO] 
2026-07-19 15:22:11 [INFO]   🔵 [94m[1mPT0002000101964938LF[0m  [2m[Cluster 0][0m
2026-07-19 15:22:11 [INFO]      consumiu MENOS que o habitual às 15h
2026-07-19 15:22:11 [INFO]      [2mReal:[0m 10.0 kWh   [2mHabitual:[0m 54.0 ± 5.4 kWh   [2mz:[0m -8.15   [2mdesvio:[0m -81%   [2m(2 obs. fim_semana)[0m
2026-07-19 15:22:11 [INFO] 
2026-07-19 15:22:11 [INFO]   🔵 [94m[1mPT0002000115700602GW[0m  [2m[Cluster 0][0m
2026-07-19 15:22:11 [INFO]      consumiu MENOS que o habitual às 12h
2026-07-19 15:22:11 [INFO]      [2mReal:[0m 9.0 kWh   [2mHabitual:[0m 48.5 ± 4.8 kWh   [2mz:[0m -8.14   [2mdesvio:[0m -81%   [2m(2 obs. fim_semana)[0m
2026-07-19 15:22:11 [INFO] 
2026-07-19 15:22:11 [INFO]   🔵 [94m[1mPT0002000120237616VJ[0m  [2m[Cluster 0][0m
2026-07-19 15:22:11 [INFO]      consumiu MENOS que o habitual às 12h
2026-07-19 15:22:11 [INFO]      [2mReal:[0m 12.0 kWh   [2mHabitual:[0m 64.5 ± 6.5 kWh   [2mz:[0m -8.14   [2mdesvio:[0m -81%   [2m(2 obs. fim_semana)[0m
2026-07-19 15:22:11 [INFO] 
2026-07-19 15:22:11 [INFO]   🔵 [94m[1mPT0002000071896778MT[0m  [2m[Cluster 0][0m
2026-07-19 15:22:11 [INFO]      consumiu MENOS que o habitual às 08h
2026-07-19 15:22:11 [INFO]      [2mReal:[0m 4.0 kWh   [2mHabitual:[0m 27.0 ± 2.8 kWh   [2mz:[0m -8.13   [2mdesvio:[0m -85%   [2m(2 obs. fim_semana)[0m
2026-07-19 15:22:11 [INFO] 
2026-07-19 15:22:11 [INFO]   🔵 [94m[1mPT0002000120237616VJ[0m  [2m[Cluster 0][0m
2026-07-19 15:22:11 [INFO]      consumiu MENOS que o habitual às 08h
2026-07-19 15:22:11 [INFO]      [2mReal:[0m 11.0 kWh   [2mHabitual:[0m 57.5 ± 5.8 kWh   [2mz:[0m -8.09   [2mdesvio:[0m -81%   [2m(2 obs. fim_semana)[0m
2026-07-19 15:22:11 [INFO] 
2026-07-19 15:22:11 [INFO]   🔵 [94m[1mPT0002000115673389QK[0m  [2m[Cluster 0][0m
2026-07-19 15:22:11 [INFO]      consumiu MENOS que o habitual às 11h
2026-07-19 15:22:11 [INFO]      [2mReal:[0m 21.0 kWh   [2mHabitual:[0m 106.0 ± 10.6 kWh   [2mz:[0m -8.02   [2mdesvio:[0m -80%   [2m(2 obs. fim_semana)[0m
2026-07-19 15:22:11 [INFO] 
2026-07-19 15:22:11 [INFO]   🔵 [94m[1mPT0002000071896778MT[0m  [2m[Cluster 0][0m
2026-07-19 15:22:11 [INFO]      consumiu MENOS que o habitual às 11h
2026-07-19 15:22:11 [INFO]      [2mReal:[0m 4.0 kWh   [2mHabitual:[0m 20.0 ± 2.0 kWh   [2mz:[0m -8.00   [2mdesvio:[0m -80%   [2m(2 obs. fim_semana)[0m
2026-07-19 15:22:11 [INFO] 
2026-07-19 15:22:11 [INFO]   🔴 [91m[1mPT0002000078294957RQ[0m  [2m[Cluster 0][0m
2026-07-19 15:22:11 [INFO]      consumiu MAIS que o habitual às 23h
2026-07-19 15:22:11 [INFO]      [2mReal:[0m 12.0 kWh   [2mHabitual:[0m 6.7 ± 0.7 kWh   [2mz:[0m +8.00   [2mdesvio:[0m +80%   [2m(3 obs. fim_semana)[0m
2026-07-19 15:22:11 [INFO] 
2026-07-19 15:22:11 [INFO]   🔵 [94m[1mPT0002000110607652SB[0m  [2m[Cluster 0][0m
2026-07-19 15:22:11 [INFO]      consumiu MENOS que o habitual às 17h
2026-07-19 15:22:11 [INFO]      [2mReal:[0m 16.0 kWh   [2mHabitual:[0m 80.0 ± 8.0 kWh   [2mz:[0m -8.00   [2mdesvio:[0m -80%   [2m(2 obs. fim_semana)[0m
2026-07-19 15:22:11 [INFO] 
2026-07-19 15:22:11 [INFO]   🔵 [94m[1mPT0002000120237616VJ[0m  [2m[Cluster 0][0m
2026-07-19 15:22:11 [INFO]      consumiu MENOS que o habitual às 11h
2026-07-19 15:22:11 [INFO]      [2mReal:[0m 11.0 kWh   [2mHabitual:[0m 55.0 ± 5.5 kWh   [2mz:[0m -8.00   [2mdesvio:[0m -80%   [2m(2 obs. fim_semana)[0m
2026-07-19 15:22:11 [INFO] 
2026-07-19 15:22:11 [INFO]   🔵 [94m[1mPT0002000110607652SB[0m  [2m[Cluster 0][0m
2026-07-19 15:22:11 [INFO]      consumiu MENOS que o habitual às 16h
2026-07-19 15:22:11 [INFO]      [2mReal:[0m 16.0 kWh   [2mHabitual:[0m 78.0 ± 7.8 kWh   [2mz:[0m -7.95   [2mdesvio:[0m -79%   [2m(2 obs. fim_semana)[0m
2026-07-19 15:22:11 [INFO] 
2026-07-19 15:22:11 [INFO]   🔵 [94m[1mPT0002000068856655YV[0m  [2m[Cluster 0][0m
2026-07-19 15:22:11 [INFO]      consumiu MENOS que o habitual às 16h
2026-07-19 15:22:11 [INFO]      [2mReal:[0m 3.0 kWh   [2mHabitual:[0m 14.5 ± 1.4 kWh   [2mz:[0m -7.93   [2mdesvio:[0m -79%   [2m(2 obs. fim_semana)[0m
2026-07-19 15:22:11 [INFO] 
2026-07-19 15:22:11 [INFO]   🔵 [94m[1mPT0002000110607652SB[0m  [2m[Cluster 0][0m
2026-07-19 15:22:11 [INFO]      consumiu MENOS que o habitual às 13h
2026-07-19 15:22:11 [INFO]      [2mReal:[0m 16.0 kWh   [2mHabitual:[0m 76.0 ± 7.6 kWh   [2mz:[0m -7.89   [2mdesvio:[0m -79%   [2m(2 obs. fim_semana)[0m
2026-07-19 15:22:11 [INFO] 
2026-07-19 15:22:11 [INFO]   🔵 [94m[1mPT0002000115673471CB[0m  [2m[Cluster 0][0m
2026-07-19 15:22:11 [INFO]      consumiu MENOS que o habitual às 09h
2026-07-19 15:22:11 [INFO]      [2mReal:[0m 11.0 kWh   [2mHabitual:[0m 52.0 ± 5.2 kWh   [2mz:[0m -7.88   [2mdesvio:[0m -79%   [2m(2 obs. fim_semana)[0m
2026-07-19 15:22:11 [INFO] 
2026-07-19 15:22:11 [INFO]   🔵 [94m[1mPT0002000101964938LF[0m  [2m[Cluster 0][0m
2026-07-19 15:22:11 [INFO]      consumiu MENOS que o habitual às 14h
2026-07-19 15:22:11 [INFO]      [2mReal:[0m 11.0 kWh   [2mHabitual:[0m 51.5 ± 5.2 kWh   [2mz:[0m -7.86   [2mdesvio:[0m -79%   [2m(2 obs. fim_semana)[0m
2026-07-19 15:22:11 [INFO] 
2026-07-19 15:22:11 [INFO]   🔵 [94m[1mPT0002000068856655YV[0m  [2m[Cluster 0][0m
2026-07-19 15:22:11 [INFO]      consumiu MENOS que o habitual às 11h
2026-07-19 15:22:11 [INFO]      [2mReal:[0m 3.0 kWh   [2mHabitual:[0m 13.5 ± 1.4 kWh   [2mz:[0m -7.78   [2mdesvio:[0m -78%   [2m(2 obs. fim_semana)[0m
2026-07-19 15:22:11 [INFO] 
2026-07-19 15:22:11 [INFO]   🔵 [94m[1mPT0002000068856655YV[0m  [2m[Cluster 0][0m
2026-07-19 15:22:11 [INFO]      consumiu MENOS que o habitual às 14h
2026-07-19 15:22:11 [INFO]      [2mReal:[0m 3.0 kWh   [2mHabitual:[0m 13.5 ± 1.4 kWh   [2mz:[0m -7.78   [2mdesvio:[0m -78%   [2m(2 obs. fim_semana)[0m
2026-07-19 15:22:11 [INFO] 
2026-07-19 15:22:11 [INFO]   🔵 [94m[1mPT0002000078294957RQ[0m  [2m[Cluster 0][0m
2026-07-19 15:22:11 [INFO]      consumiu MENOS que o habitual às 12h
2026-07-19 15:22:11 [INFO]      [2mReal:[0m 7.0 kWh   [2mHabitual:[0m 45.5 ± 5.0 kWh   [2mz:[0m -7.78   [2mdesvio:[0m -85%   [2m(2 obs. fim_semana)[0m
2026-07-19 15:22:11 [INFO] 
2026-07-19 15:22:11 [INFO]   🔵 [94m[1mPT0002000110607652SB[0m  [2m[Cluster 0][0m
2026-07-19 15:22:11 [INFO]      consumiu MENOS que o habitual às 12h
2026-07-19 15:22:11 [INFO]      [2mReal:[0m 16.0 kWh   [2mHabitual:[0m 72.0 ± 7.2 kWh   [2mz:[0m -7.78   [2mdesvio:[0m -78%   [2m(2 obs. fim_semana)[0m
2026-07-19 15:22:11 [INFO] 
2026-07-19 15:22:11 [INFO]   🔵 [94m[1mPT0002000111572054VT[0m  [2m[sem cluster][0m
2026-07-19 15:22:11 [INFO]      consumiu MENOS que o habitual às 10h
2026-07-19 15:22:11 [INFO]      [2mReal:[0m 2.0 kWh   [2mHabitual:[0m 24.0 ± 2.8 kWh   [2mz:[0m -7.78   [2mdesvio:[0m -92%   [2m(2 obs. fim_semana)[0m
2026-07-19 15:22:11 [INFO] 
2026-07-19 15:22:11 [INFO]   🔵 [94m[1mPT0002000111572054VT[0m  [2m[sem cluster][0m
2026-07-19 15:22:11 [INFO]      consumiu MENOS que o habitual às 16h
2026-07-19 15:22:11 [INFO]      [2mReal:[0m 1.0 kWh   [2mHabitual:[0m 28.5 ± 3.5 kWh   [2mz:[0m -7.78   [2mdesvio:[0m -96%   [2m(2 obs. fim_semana)[0m
2026-07-19 15:22:11 [INFO] 
2026-07-19 15:22:11 [INFO]   🔵 [94m[1mPT0002000201038711LS[0m  [2m[sem cluster][0m
2026-07-19 15:22:11 [INFO]      consumiu MENOS que o habitual às 14h
2026-07-19 15:22:11 [INFO]      [2mReal:[0m 0.0 kWh   [2mHabitual:[0m 27.5 ± 3.5 kWh   [2mz:[0m -7.78   [2mdesvio:[0m -100%   [2m(2 obs. fim_semana)[0m
2026-07-19 15:22:11 [INFO] 
2026-07-19 15:22:11 [INFO]   🔵 [94m[1mPT0002000120237616VJ[0m  [2m[Cluster 0][0m
2026-07-19 15:22:11 [INFO]      consumiu MENOS que o habitual às 10h
2026-07-19 15:22:11 [INFO]      [2mReal:[0m 11.0 kWh   [2mHabitual:[0m 49.0 ± 4.9 kWh   [2mz:[0m -7.76   [2mdesvio:[0m -78%   [2m(2 obs. fim_semana)[0m
2026-07-19 15:22:11 [INFO] 
2026-07-19 15:22:11 [INFO]   🔵 [94m[1mPT0002000033074862LZ[0m  [2m[Cluster 0][0m
2026-07-19 15:22:11 [INFO]      consumiu MENOS que o habitual às 10h
2026-07-19 15:22:11 [INFO]      [2mReal:[0m 11.0 kWh   [2mHabitual:[0m 48.5 ± 4.8 kWh   [2mz:[0m -7.73   [2mdesvio:[0m -77%   [2m(2 obs. fim_semana)[0m
2026-07-19 15:22:11 [INFO] 
2026-07-19 15:22:11 [INFO]   🔵 [94m[1mPT0002000033074862LZ[0m  [2m[Cluster 0][0m
2026-07-19 15:22:11 [INFO]      consumiu MENOS que o habitual às 08h
2026-07-19 15:22:11 [INFO]      [2mReal:[0m 11.0 kWh   [2mHabitual:[0m 48.0 ± 4.8 kWh   [2mz:[0m -7.71   [2mdesvio:[0m -77%   [2m(2 obs. fim_semana)[0m
2026-07-19 15:22:11 [INFO] 
2026-07-19 15:22:11 [INFO]   🔵 [94m[1mPT0002000115673471CB[0m  [2m[Cluster 0][0m
2026-07-19 15:22:11 [INFO]      consumiu MENOS que o habitual às 08h
2026-07-19 15:22:11 [INFO]      [2mReal:[0m 11.0 kWh   [2mHabitual:[0m 47.5 ± 4.8 kWh   [2mz:[0m -7.68   [2mdesvio:[0m -77%   [2m(2 obs. fim_semana)[0m
2026-07-19 15:22:11 [INFO] 
2026-07-19 15:22:11 [INFO]   🔵 [94m[1mPT0002000115031201VQ[0m  [2m[Cluster 0][0m
2026-07-19 15:22:11 [INFO]      consumiu MENOS que o habitual às 14h
2026-07-19 15:22:11 [INFO]      [2mReal:[0m 5.0 kWh   [2mHabitual:[0m 21.5 ± 2.1 kWh   [2mz:[0m -7.67   [2mdesvio:[0m -77%   [2m(2 obs. fim_semana)[0m
2026-07-19 15:22:11 [INFO] 
2026-07-19 15:22:11 [INFO]   🔵 [94m[1mPT0002000115673471CB[0m  [2m[Cluster 0][0m
2026-07-19 15:22:11 [INFO]      consumiu MENOS que o habitual às 10h
2026-07-19 15:22:11 [INFO]      [2mReal:[0m 12.0 kWh   [2mHabitual:[0m 51.5 ± 5.2 kWh   [2mz:[0m -7.67   [2mdesvio:[0m -77%   [2m(2 obs. fim_semana)[0m
2026-07-19 15:22:11 [INFO] 
2026-07-19 15:22:11 [INFO]   🔵 [94m[1mPT0002000120237616VJ[0m  [2m[Cluster 0][0m
2026-07-19 15:22:11 [INFO]      consumiu MENOS que o habitual às 09h
2026-07-19 15:22:11 [INFO]      [2mReal:[0m 12.0 kWh   [2mHabitual:[0m 50.5 ± 5.0 kWh   [2mz:[0m -7.62   [2mdesvio:[0m -76%   [2m(2 obs. fim_semana)[0m
2026-07-19 15:22:11 [INFO] 
2026-07-19 15:22:11 [INFO]   🔵 [94m[1mPT0002000111572054VT[0m  [2m[sem cluster][0m
2026-07-19 15:22:11 [INFO]      consumiu MENOS que o habitual às 18h
2026-07-19 15:22:11 [INFO]      [2mReal:[0m 8.0 kWh   [2mHabitual:[0m 33.5 ± 3.4 kWh   [2mz:[0m -7.61   [2mdesvio:[0m -76%   [2m(2 obs. fim_semana)[0m
2026-07-19 15:22:11 [INFO] 
2026-07-19 15:22:11 [INFO]   🔵 [94m[1mPT0002000068856655YV[0m  [2m[Cluster 0][0m
2026-07-19 15:22:11 [INFO]      consumiu MENOS que o habitual às 13h
2026-07-19 15:22:11 [INFO]      [2mReal:[0m 3.0 kWh   [2mHabitual:[0m 12.5 ± 1.2 kWh   [2mz:[0m -7.60   [2mdesvio:[0m -76%   [2m(2 obs. fim_semana)[0m
2026-07-19 15:22:11 [INFO] 
2026-07-19 15:22:11 [INFO]   🔵 [94m[1mPT0002000119303492KB[0m  [2m[Cluster 0][0m
2026-07-19 15:22:11 [INFO]      consumiu MENOS que o habitual às 07h
2026-07-19 15:22:11 [INFO]      [2mReal:[0m 3.0 kWh   [2mHabitual:[0m 12.5 ± 1.2 kWh   [2mz:[0m -7.60   [2mdesvio:[0m -76%   [2m(2 obs. fim_semana)[0m
2026-07-19 15:22:11 [INFO] 
2026-07-19 15:22:11 [INFO]   🔵 [94m[1mPT0002000101964938LF[0m  [2m[Cluster 0][0m
2026-07-19 15:22:11 [INFO]      consumiu MENOS que o habitual às 13h
2026-07-19 15:22:11 [INFO]      [2mReal:[0m 11.0 kWh   [2mHabitual:[0m 48.5 ± 5.0 kWh   [2mz:[0m -7.58   [2mdesvio:[0m -77%   [2m(2 obs. fim_semana)[0m
2026-07-19 15:22:11 [INFO] 
2026-07-19 15:22:11 [INFO]   🔵 [94m[1mPT0002000110607652SB[0m  [2m[Cluster 0][0m
2026-07-19 15:22:11 [INFO]      consumiu MENOS que o habitual às 18h
2026-07-19 15:22:11 [INFO]      [2mReal:[0m 16.0 kWh   [2mHabitual:[0m 66.0 ± 6.6 kWh   [2mz:[0m -7.58   [2mdesvio:[0m -76%   [2m(2 obs. fim_semana)[0m
2026-07-19 15:22:11 [INFO] 
2026-07-19 15:22:11 [INFO]   🔴 [91m[1mPT0002000079469719HF[0m  [2m[sem cluster][0m
2026-07-19 15:22:11 [INFO]      consumiu MAIS que o habitual às 12h
2026-07-19 15:22:11 [INFO]      [2mReal:[0m 130.0 kWh   [2mHabitual:[0m 74.0 ± 7.4 kWh   [2mz:[0m +7.57   [2mdesvio:[0m +76%   [2m(2 obs. fim_semana)[0m
2026-07-19 15:22:11 [INFO] 
2026-07-19 15:22:11 [INFO]   🔵 [94m[1mPT0002000115673471CB[0m  [2m[Cluster 0][0m
2026-07-19 15:22:11 [INFO]      consumiu MENOS que o habitual às 11h
2026-07-19 15:22:11 [INFO]      [2mReal:[0m 13.0 kWh   [2mHabitual:[0m 53.5 ± 5.3 kWh   [2mz:[0m -7.57   [2mdesvio:[0m -76%   [2m(2 obs. fim_semana)[0m
2026-07-19 15:22:11 [INFO] 
2026-07-19 15:22:11 [INFO]   🔵 [94m[1mPT0002000120237616VJ[0m  [2m[Cluster 0][0m
2026-07-19 15:22:11 [INFO]      consumiu MENOS que o habitual às 13h
2026-07-19 15:22:11 [INFO]      [2mReal:[0m 12.0 kWh   [2mHabitual:[0m 48.5 ± 4.8 kWh   [2mz:[0m -7.53   [2mdesvio:[0m -75%   [2m(2 obs. fim_semana)[0m
2026-07-19 15:22:11 [INFO] 
2026-07-19 15:22:11 [INFO]   🔵 [94m[1mPT0002000075637532JB[0m  [2m[Cluster 0][0m
2026-07-19 15:22:11 [INFO]      consumiu MENOS que o habitual às 13h
2026-07-19 15:22:11 [INFO]      [2mReal:[0m 6.0 kWh   [2mHabitual:[0m 24.0 ± 2.4 kWh   [2mz:[0m -7.50   [2mdesvio:[0m -75%   [2m(2 obs. fim_semana)[0m
2026-07-19 15:22:11 [INFO] 
2026-07-19 15:22:11 [INFO]   🔵 [94m[1mPT0002000110607652SB[0m  [2m[Cluster 0][0m
2026-07-19 15:22:11 [INFO]      consumiu MENOS que o habitual às 15h
2026-07-19 15:22:11 [INFO]      [2mReal:[0m 20.0 kWh   [2mHabitual:[0m 80.0 ± 8.0 kWh   [2mz:[0m -7.50   [2mdesvio:[0m -75%   [2m(2 obs. fim_semana)[0m
2026-07-19 15:22:11 [INFO] 
2026-07-19 15:22:11 [INFO]   🔵 [94m[1mPT0002000115673389QK[0m  [2m[Cluster 0][0m
2026-07-19 15:22:11 [INFO]      consumiu MENOS que o habitual às 13h
2026-07-19 15:22:11 [INFO]      [2mReal:[0m 22.0 kWh   [2mHabitual:[0m 85.5 ± 8.6 kWh   [2mz:[0m -7.43   [2mdesvio:[0m -74%   [2m(2 obs. fim_semana)[0m
2026-07-19 15:22:11 [INFO] 
2026-07-19 15:22:11 [INFO]   🔵 [94m[1mPT0002000125379984SH[0m  [2m[Cluster 1][0m
2026-07-19 15:22:11 [INFO]      consumiu MENOS que o habitual às 16h
2026-07-19 15:22:11 [INFO]      [2mReal:[0m 4.0 kWh   [2mHabitual:[0m 15.5 ± 1.6 kWh   [2mz:[0m -7.42   [2mdesvio:[0m -74%   [2m(2 obs. fim_semana)[0m
2026-07-19 15:22:11 [INFO] 
2026-07-19 15:22:11 [INFO]   🔵 [94m[1mPT0002000120237616VJ[0m  [2m[Cluster 0][0m
2026-07-19 15:22:11 [INFO]      consumiu MENOS que o habitual às 07h
2026-07-19 15:22:11 [INFO]      [2mReal:[0m 11.0 kWh   [2mHabitual:[0m 42.5 ± 4.2 kWh   [2mz:[0m -7.41   [2mdesvio:[0m -74%   [2m(2 obs. fim_semana)[0m
2026-07-19 15:22:11 [INFO] 
2026-07-19 15:22:11 [INFO]   🔵 [94m[1mPT0002000068859393XH[0m  [2m[Cluster 1][0m
2026-07-19 15:22:11 [INFO]      consumiu MENOS que o habitual às 22h
2026-07-19 15:22:11 [INFO]      [2mReal:[0m 50.0 kWh   [2mHabitual:[0m 189.0 ± 18.9 kWh   [2mz:[0m -7.35   [2mdesvio:[0m -74%   [2m(3 obs. fim_semana)[0m
2026-07-19 15:22:11 [INFO] 
2026-07-19 15:22:11 [INFO]   🔵 [94m[1mPT0002000115031201VQ[0m  [2m[Cluster 0][0m
2026-07-19 15:22:11 [INFO]      consumiu MENOS que o habitual às 16h
2026-07-19 15:22:11 [INFO]      [2mReal:[0m 4.0 kWh   [2mHabitual:[0m 19.5 ± 2.1 kWh   [2mz:[0m -7.31   [2mdesvio:[0m -79%   [2m(2 obs. fim_semana)[0m
2026-07-19 15:22:11 [INFO] 
2026-07-19 15:22:11 [INFO]   🔵 [94m[1mPT0002000068856974CZ[0m  [2m[sem cluster][0m
2026-07-19 15:22:11 [INFO]      consumiu MENOS que o habitual às 11h
2026-07-19 15:22:11 [INFO]      [2mReal:[0m 11.0 kWh   [2mHabitual:[0m 40.5 ± 4.0 kWh   [2mz:[0m -7.28   [2mdesvio:[0m -73%   [2m(2 obs. fim_semana)[0m
2026-07-19 15:22:11 [INFO] 
2026-07-19 15:22:11 [INFO]   🔵 [94m[1mPT0002000033074862LZ[0m  [2m[Cluster 0][0m
2026-07-19 15:22:11 [INFO]      consumiu MENOS que o habitual às 14h
2026-07-19 15:22:11 [INFO]      [2mReal:[0m 10.0 kWh   [2mHabitual:[0m 36.5 ± 3.6 kWh   [2mz:[0m -7.26   [2mdesvio:[0m -73%   [2m(2 obs. fim_semana)[0m
2026-07-19 15:22:11 [INFO] 
2026-07-19 15:22:11 [INFO]   🔵 [94m[1mPT0002000115673389QK[0m  [2m[Cluster 0][0m
2026-07-19 15:22:11 [INFO]      consumiu MENOS que o habitual às 10h
2026-07-19 15:22:11 [INFO]      [2mReal:[0m 22.0 kWh   [2mHabitual:[0m 80.0 ± 8.0 kWh   [2mz:[0m -7.25   [2mdesvio:[0m -72%   [2m(2 obs. fim_semana)[0m
2026-07-19 15:22:11 [INFO] 
2026-07-19 15:22:11 [INFO]   🔵 [94m[1mPT0002000110607652SB[0m  [2m[Cluster 0][0m
2026-07-19 15:22:11 [INFO]      consumiu MENOS que o habitual às 19h
2026-07-19 15:22:11 [INFO]      [2mReal:[0m 16.0 kWh   [2mHabitual:[0m 58.0 ± 5.8 kWh   [2mz:[0m -7.24   [2mdesvio:[0m -72%   [2m(2 obs. fim_semana)[0m
2026-07-19 15:22:11 [INFO] 
2026-07-19 15:22:11 [INFO]   🔴 [91m[1mPT0002000073720434JD[0m  [2m[sem cluster][0m
2026-07-19 15:22:11 [INFO]      consumiu MAIS que o habitual às 13h
2026-07-19 15:22:11 [INFO]      [2mReal:[0m 31.0 kWh   [2mHabitual:[0m 18.0 ± 1.8 kWh   [2mz:[0m +7.22   [2mdesvio:[0m +72%   [2m(2 obs. fim_semana)[0m
2026-07-19 15:22:11 [INFO] 
2026-07-19 15:22:11 [INFO]   🔵 [94m[1mPT0002000119303492KB[0m  [2m[Cluster 0][0m
2026-07-19 15:22:11 [INFO]      consumiu MENOS que o habitual às 14h
2026-07-19 15:22:11 [INFO]      [2mReal:[0m 4.0 kWh   [2mHabitual:[0m 29.5 ± 3.5 kWh   [2mz:[0m -7.21   [2mdesvio:[0m -86%   [2m(2 obs. fim_semana)[0m
2026-07-19 15:22:11 [INFO] 
2026-07-19 15:22:11 [INFO]   🔵 [94m[1mPT0002000068858231YY[0m  [2m[sem cluster][0m
2026-07-19 15:22:11 [INFO]      consumiu MENOS que o habitual às 10h
2026-07-19 15:22:11 [INFO]      [2mReal:[0m 18.0 kWh   [2mHabitual:[0m 64.0 ± 6.4 kWh   [2mz:[0m -7.19   [2mdesvio:[0m -72%   [2m(2 obs. fim_semana)[0m
2026-07-19 15:22:11 [INFO] 
2026-07-19 15:22:11 [INFO]   🔵 [94m[1mPT0002000068856974CZ[0m  [2m[sem cluster][0m
2026-07-19 15:22:11 [INFO]      consumiu MENOS que o habitual às 10h
2026-07-19 15:22:11 [INFO]      [2mReal:[0m 11.0 kWh   [2mHabitual:[0m 39.0 ± 3.9 kWh   [2mz:[0m -7.18   [2mdesvio:[0m -72%   [2m(2 obs. fim_semana)[0m
2026-07-19 15:22:11 [INFO] 
2026-07-19 15:22:11 [INFO]   🔴 [91m[1mPT0002000077348081AG[0m  [2m[sem cluster][0m
2026-07-19 15:22:11 [INFO]      consumiu MAIS que o habitual às 22h
2026-07-19 15:22:11 [INFO]      [2mReal:[0m 214.0 kWh   [2mHabitual:[0m 42.7 ± 23.9 kWh   [2mz:[0m +7.18   [2mdesvio:[0m +402%   [2m(3 obs. fim_semana)[0m
2026-07-19 15:22:11 [INFO] 
2026-07-19 15:22:11 [INFO]   🔵 [94m[1mPT0002000068858231YY[0m  [2m[sem cluster][0m
2026-07-19 15:22:11 [INFO]      consumiu MENOS que o habitual às 09h
2026-07-19 15:22:11 [INFO]      [2mReal:[0m 18.0 kWh   [2mHabitual:[0m 63.5 ± 6.3 kWh   [2mz:[0m -7.17   [2mdesvio:[0m -72%   [2m(2 obs. fim_semana)[0m
2026-07-19 15:22:11 [INFO] 
2026-07-19 15:22:11 [INFO]   🔴 [91m[1mPT0002000102936404ME[0m  [2m[Cluster 1][0m
2026-07-19 15:22:11 [INFO]      consumiu MAIS que o habitual às 18h
2026-07-19 15:22:11 [INFO]      [2mReal:[0m 36.0 kWh   [2mHabitual:[0m 21.0 ± 2.1 kWh   [2mz:[0m +7.14   [2mdesvio:[0m +71%   [2m(2 obs. fim_semana)[0m
2026-07-19 15:22:11 [INFO] 
2026-07-19 15:22:11 [INFO]   🔵 [94m[1mPT0002000068856655YV[0m  [2m[Cluster 0][0m
2026-07-19 15:22:11 [INFO]      consumiu MENOS que o habitual às 15h
2026-07-19 15:22:11 [INFO]      [2mReal:[0m 4.0 kWh   [2mHabitual:[0m 14.0 ± 1.4 kWh   [2mz:[0m -7.07   [2mdesvio:[0m -71%   [2m(2 obs. fim_semana)[0m
2026-07-19 15:22:11 [INFO] 
2026-07-19 15:22:11 [INFO]   🔵 [94m[1mPT0002000068856974CZ[0m  [2m[sem cluster][0m
2026-07-19 15:22:11 [INFO]      consumiu MENOS que o habitual às 12h
2026-07-19 15:22:11 [INFO]      [2mReal:[0m 11.0 kWh   [2mHabitual:[0m 41.0 ± 4.2 kWh   [2mz:[0m -7.07   [2mdesvio:[0m -73%   [2m(2 obs. fim_semana)[0m
2026-07-19 15:22:11 [INFO] 
2026-07-19 15:22:11 [INFO]   🔵 [94m[1mPT0002000068859187RL[0m  [2m[Cluster 0][0m
2026-07-19 15:22:11 [INFO]      consumiu MENOS que o habitual às 16h
2026-07-19 15:22:11 [INFO]      [2mReal:[0m 17.0 kWh   [2mHabitual:[0m 58.0 ± 5.8 kWh   [2mz:[0m -7.07   [2mdesvio:[0m -71%   [2m(2 obs. fim_semana)[0m
2026-07-19 15:22:11 [INFO] 
2026-07-19 15:22:11 [INFO]   🔵 [94m[1mPT0002000115673471CB[0m  [2m[Cluster 0][0m
2026-07-19 15:22:11 [INFO]      consumiu MENOS que o habitual às 07h
2026-07-19 15:22:11 [INFO]      [2mReal:[0m 11.0 kWh   [2mHabitual:[0m 41.0 ± 4.2 kWh   [2mz:[0m -7.07   [2mdesvio:[0m -73%   [2m(2 obs. fim_semana)[0m
2026-07-19 15:22:11 [INFO] 
2026-07-19 15:22:11 [INFO]   🔵 [94m[1mPT0002000115700602GW[0m  [2m[Cluster 0][0m
2026-07-19 15:22:11 [INFO]      consumiu MENOS que o habitual às 13h
2026-07-19 15:22:11 [INFO]      [2mReal:[0m 8.0 kWh   [2mHabitual:[0m 38.0 ± 4.2 kWh   [2mz:[0m -7.07   [2mdesvio:[0m -79%   [2m(2 obs. fim_semana)[0m
2026-07-19 15:22:11 [INFO] 
2026-07-19 15:22:11 [INFO]   🔵 [94m[1mPT0002000119303492KB[0m  [2m[Cluster 0][0m
2026-07-19 15:22:11 [INFO]      consumiu MENOS que o habitual às 16h
2026-07-19 15:22:11 [INFO]      [2mReal:[0m 3.0 kWh   [2mHabitual:[0m 23.0 ± 2.8 kWh   [2mz:[0m -7.07   [2mdesvio:[0m -87%   [2m(2 obs. fim_semana)[0m
2026-07-19 15:22:11 [INFO] 
2026-07-19 15:22:11 [INFO]   🔵 [94m[1mPT0002000068856655YV[0m  [2m[Cluster 0][0m
2026-07-19 15:22:11 [INFO]      consumiu MENOS que o habitual às 12h
2026-07-19 15:22:11 [INFO]      [2mReal:[0m 4.0 kWh   [2mHabitual:[0m 13.5 ± 1.4 kWh   [2mz:[0m -7.04   [2mdesvio:[0m -70%   [2m(2 obs. fim_semana)[0m
2026-07-19 15:22:11 [INFO] 
2026-07-19 15:22:11 [INFO]   🔵 [94m[1mPT0002000115700602GW[0m  [2m[Cluster 0][0m
2026-07-19 15:22:11 [INFO]      consumiu MENOS que o habitual às 15h
2026-07-19 15:22:11 [INFO]      [2mReal:[0m 8.0 kWh   [2mHabitual:[0m 26.5 ± 2.6 kWh   [2mz:[0m -6.98   [2mdesvio:[0m -70%   [2m(2 obs. fim_semana)[0m
2026-07-19 15:22:11 [INFO] 
2026-07-19 15:22:11 [INFO]   🔵 [94m[1mPT0002000115700602GW[0m  [2m[Cluster 0][0m
2026-07-19 15:22:11 [INFO]      consumiu MENOS que o habitual às 16h
2026-07-19 15:22:11 [INFO]      [2mReal:[0m 8.0 kWh   [2mHabitual:[0m 26.5 ± 2.6 kWh   [2mz:[0m -6.98   [2mdesvio:[0m -70%   [2m(2 obs. fim_semana)[0m
2026-07-19 15:22:11 [INFO] 
2026-07-19 15:22:11 [INFO]   🔵 [94m[1mPT0002000071896778MT[0m  [2m[Cluster 0][0m
2026-07-19 15:22:11 [INFO]      consumiu MENOS que o habitual às 10h
2026-07-19 15:22:11 [INFO]      [2mReal:[0m 4.0 kWh   [2mHabitual:[0m 28.5 ± 3.5 kWh   [2mz:[0m -6.93   [2mdesvio:[0m -86%   [2m(2 obs. fim_semana)[0m
2026-07-19 15:22:11 [INFO] 
2026-07-19 15:22:11 [INFO]   🔵 [94m[1mPT0002000068856267NC[0m  [2m[sem cluster][0m
2026-07-19 15:22:11 [INFO]      consumiu MENOS que o habitual às 09h
2026-07-19 15:22:11 [INFO]      [2mReal:[0m 17.0 kWh   [2mHabitual:[0m 55.0 ± 5.5 kWh   [2mz:[0m -6.91   [2mdesvio:[0m -69%   [2m(2 obs. fim_semana)[0m
2026-07-19 15:22:11 [INFO] 
2026-07-19 15:22:11 [INFO]   🔴 [91m[1mPT0002000068859325FL[0m  [2m[Cluster 1][0m
2026-07-19 15:22:11 [INFO]      consumiu MAIS que o habitual às 09h
2026-07-19 15:22:11 [INFO]      [2mReal:[0m 328.0 kWh   [2mHabitual:[0m 172.0 ± 22.6 kWh   [2mz:[0m +6.89   [2mdesvio:[0m +91%   [2m(2 obs. fim_semana)[0m
2026-07-19 15:22:11 [INFO] 
2026-07-19 15:22:11 [INFO]   🔵 [94m[1mPT0002000073231742VK[0m  [2m[Cluster 0][0m
2026-07-19 15:22:11 [INFO]      consumiu MENOS que o habitual às 08h
2026-07-19 15:22:11 [INFO]      [2mReal:[0m 13.0 kWh   [2mHabitual:[0m 40.5 ± 4.0 kWh   [2mz:[0m -6.79   [2mdesvio:[0m -68%   [2m(2 obs. fim_semana)[0m
2026-07-19 15:22:11 [INFO] 
2026-07-19 15:22:11 [INFO]   🔴 [91m[1mPT0002000073720434JD[0m  [2m[sem cluster][0m
2026-07-19 15:22:11 [INFO]      consumiu MAIS que o habitual às 23h
2026-07-19 15:22:11 [INFO]      [2mReal:[0m 88.0 kWh   [2mHabitual:[0m 30.3 ± 8.5 kWh   [2mz:[0m +6.78   [2mdesvio:[0m +190%   [2m(3 obs. fim_semana)[0m
2026-07-19 15:22:11 [INFO] 
2026-07-19 15:22:11 [INFO]   🔵 [94m[1mPT0002000111572054VT[0m  [2m[sem cluster][0m
2026-07-19 15:22:11 [INFO]      consumiu MENOS que o habitual às 08h
2026-07-19 15:22:11 [INFO]      [2mReal:[0m 11.0 kWh   [2mHabitual:[0m 34.0 ± 3.4 kWh   [2mz:[0m -6.76   [2mdesvio:[0m -68%   [2m(2 obs. fim_semana)[0m
2026-07-19 15:22:11 [INFO] 
2026-07-19 15:22:11 [INFO]   🔵 [94m[1mPT0002000119303492KB[0m  [2m[Cluster 0][0m
2026-07-19 15:22:11 [INFO]      consumiu MENOS que o habitual às 08h
2026-07-19 15:22:11 [INFO]      [2mReal:[0m 3.0 kWh   [2mHabitual:[0m 22.0 ± 2.8 kWh   [2mz:[0m -6.72   [2mdesvio:[0m -86%   [2m(2 obs. fim_semana)[0m
2026-07-19 15:22:11 [INFO] 
2026-07-19 15:22:11 [INFO]   🔴 [91m[1mPT0002000068856655YV[0m  [2m[Cluster 0][0m
2026-07-19 15:22:11 [INFO]      consumiu MAIS que o habitual às 00h
2026-07-19 15:22:11 [INFO]      [2mReal:[0m 4.0 kWh   [2mHabitual:[0m 2.0 ± 0.3 kWh   [2mz:[0m +6.67   [2mdesvio:[0m +100%   [2m(2 obs. fim_semana)[0m
2026-07-19 15:22:11 [INFO] 
2026-07-19 15:22:11 [INFO]   🔴 [91m[1mPT0002000068856655YV[0m  [2m[Cluster 0][0m
2026-07-19 15:22:11 [INFO]      consumiu MAIS que o habitual às 01h
2026-07-19 15:22:11 [INFO]      [2mReal:[0m 4.0 kWh   [2mHabitual:[0m 2.0 ± 0.3 kWh   [2mz:[0m +6.67   [2mdesvio:[0m +100%   [2m(2 obs. fim_semana)[0m
2026-07-19 15:22:11 [INFO] 
2026-07-19 15:22:11 [INFO]   🔴 [91m[1mPT0002000068856655YV[0m  [2m[Cluster 0][0m
2026-07-19 15:22:11 [INFO]      consumiu MAIS que o habitual às 04h
2026-07-19 15:22:11 [INFO]      [2mReal:[0m 4.0 kWh   [2mHabitual:[0m 2.0 ± 0.3 kWh   [2mz:[0m +6.67   [2mdesvio:[0m +100%   [2m(2 obs. fim_semana)[0m
2026-07-19 15:22:11 [INFO] 
2026-07-19 15:22:11 [INFO]   🔴 [91m[1mPT0002000068856655YV[0m  [2m[Cluster 0][0m
2026-07-19 15:22:11 [INFO]      consumiu MAIS que o habitual às 05h
2026-07-19 15:22:11 [INFO]      [2mReal:[0m 4.0 kWh   [2mHabitual:[0m 2.0 ± 0.3 kWh   [2mz:[0m +6.67   [2mdesvio:[0m +100%   [2m(2 obs. fim_semana)[0m
2026-07-19 15:22:11 [INFO] 
2026-07-19 15:22:11 [INFO]   🔴 [91m[1mPT0002000068856872QG[0m  [2m[Cluster 1][0m
2026-07-19 15:22:11 [INFO]      consumiu MAIS que o habitual às 03h
2026-07-19 15:22:11 [INFO]      [2mReal:[0m 2.0 kWh   [2mHabitual:[0m 0.0 ± 0.3 kWh   [2mz:[0m +6.67   [2mdesvio:[0m +200000%   [2m(2 obs. fim_semana)[0m
2026-07-19 15:22:11 [INFO] 
2026-07-19 15:22:11 [INFO]   🔴 [91m[1mPT0002000078233981HJ[0m  [2m[Cluster 1][0m
2026-07-19 15:22:11 [INFO]      consumiu MAIS que o habitual às 14h
2026-07-19 15:22:11 [INFO]      [2mReal:[0m 4.0 kWh   [2mHabitual:[0m 2.0 ± 0.3 kWh   [2mz:[0m +6.67   [2mdesvio:[0m +100%   [2m(2 obs. fim_semana)[0m
2026-07-19 15:22:11 [INFO] 
2026-07-19 15:22:11 [INFO]   🔴 [91m[1mPT0002000078294957RQ[0m  [2m[Cluster 0][0m
2026-07-19 15:22:11 [INFO]      consumiu MAIS que o habitual às 20h
2026-07-19 15:22:11 [INFO]      [2mReal:[0m 10.0 kWh   [2mHabitual:[0m 6.0 ± 0.6 kWh   [2mz:[0m +6.67   [2mdesvio:[0m +67%   [2m(2 obs. fim_semana)[0m
2026-07-19 15:22:11 [INFO] 
2026-07-19 15:22:11 [INFO]   🔵 [94m[1mPT0002000101964938LF[0m  [2m[Cluster 0][0m
2026-07-19 15:22:11 [INFO]      consumiu MENOS que o habitual às 08h
2026-07-19 15:22:11 [INFO]      [2mReal:[0m 10.0 kWh   [2mHabitual:[0m 30.0 ± 3.0 kWh   [2mz:[0m -6.67   [2mdesvio:[0m -67%   [2m(2 obs. fim_semana)[0m
2026-07-19 15:22:11 [INFO] 
2026-07-19 15:22:11 [INFO]   🔵 [94m[1mPT0002000125379984SH[0m  [2m[Cluster 1][0m
2026-07-19 15:22:11 [INFO]      consumiu MENOS que o habitual às 09h
2026-07-19 15:22:11 [INFO]      [2mReal:[0m 4.0 kWh   [2mHabitual:[0m 12.0 ± 1.2 kWh   [2mz:[0m -6.67   [2mdesvio:[0m -67%   [2m(2 obs. fim_semana)[0m
2026-07-19 15:22:11 [INFO] 
2026-07-19 15:22:11 [INFO]   🔵 [94m[1mPT0002000068856974CZ[0m  [2m[sem cluster][0m
2026-07-19 15:22:11 [INFO]      consumiu MENOS que o habitual às 09h
2026-07-19 15:22:11 [INFO]      [2mReal:[0m 11.0 kWh   [2mHabitual:[0m 39.0 ± 4.2 kWh   [2mz:[0m -6.60   [2mdesvio:[0m -72%   [2m(2 obs. fim_semana)[0m
2026-07-19 15:22:11 [INFO] 
2026-07-19 15:22:11 [INFO]   🔵 [94m[1mPT0002000107046231FW[0m  [2m[Cluster 0][0m
2026-07-19 15:22:11 [INFO]      consumiu MENOS que o habitual às 10h
2026-07-19 15:22:11 [INFO]      [2mReal:[0m 3.0 kWh   [2mHabitual:[0m 31.0 ± 4.2 kWh   [2mz:[0m -6.60   [2mdesvio:[0m -90%   [2m(2 obs. fim_semana)[0m
2026-07-19 15:22:11 [INFO] 
2026-07-19 15:22:11 [INFO]   🔵 [94m[1mPT0002000115673389QK[0m  [2m[Cluster 0][0m
2026-07-19 15:22:11 [INFO]      consumiu MENOS que o habitual às 15h
2026-07-19 15:22:11 [INFO]      [2mReal:[0m 21.0 kWh   [2mHabitual:[0m 61.5 ± 6.2 kWh   [2mz:[0m -6.59   [2mdesvio:[0m -66%   [2m(2 obs. fim_semana)[0m
2026-07-19 15:22:11 [INFO] 
2026-07-19 15:22:11 [INFO]   🔵 [94m[1mPT0002000107046231FW[0m  [2m[Cluster 0][0m
2026-07-19 15:22:11 [INFO]      consumiu MENOS que o habitual às 11h
2026-07-19 15:22:11 [INFO]      [2mReal:[0m 2.0 kWh   [2mHabitual:[0m 34.5 ± 5.0 kWh   [2mz:[0m -6.57   [2mdesvio:[0m -94%   [2m(2 obs. fim_semana)[0m
2026-07-19 15:22:11 [INFO] 
2026-07-19 15:22:11 [INFO]   🔵 [94m[1mPT0002000071896778MT[0m  [2m[Cluster 0][0m
2026-07-19 15:22:11 [INFO]      consumiu MENOS que o habitual às 14h
2026-07-19 15:22:11 [INFO]      [2mReal:[0m 4.0 kWh   [2mHabitual:[0m 11.5 ± 1.1 kWh   [2mz:[0m -6.52   [2mdesvio:[0m -65%   [2m(2 obs. fim_semana)[0m
2026-07-19 15:22:11 [INFO] 
2026-07-19 15:22:11 [INFO]   🔵 [94m[1mPT0002000073231742VK[0m  [2m[Cluster 0][0m
2026-07-19 15:22:11 [INFO]      consumiu MENOS que o habitual às 09h
2026-07-19 15:22:11 [INFO]      [2mReal:[0m 13.0 kWh   [2mHabitual:[0m 37.0 ± 3.7 kWh   [2mz:[0m -6.49   [2mdesvio:[0m -65%   [2m(2 obs. fim_semana)[0m
2026-07-19 15:22:11 [INFO] 
2026-07-19 15:22:11 [INFO]   🔵 [94m[1mPT0002000110607652SB[0m  [2m[Cluster 0][0m
2026-07-19 15:22:11 [INFO]      consumiu MENOS que o habitual às 11h
2026-07-19 15:22:11 [INFO]      [2mReal:[0m 20.0 kWh   [2mHabitual:[0m 56.0 ± 5.6 kWh   [2mz:[0m -6.43   [2mdesvio:[0m -64%   [2m(2 obs. fim_semana)[0m
2026-07-19 15:22:11 [INFO] 
2026-07-19 15:22:11 [INFO]   🔵 [94m[1mPT0002000068859393XH[0m  [2m[Cluster 1][0m
2026-07-19 15:22:11 [INFO]      consumiu MENOS que o habitual às 20h
2026-07-19 15:22:11 [INFO]      [2mReal:[0m 78.0 kWh   [2mHabitual:[0m 217.0 ± 21.7 kWh   [2mz:[0m -6.41   [2mdesvio:[0m -64%   [2m(2 obs. fim_semana)[0m
2026-07-19 15:22:11 [INFO] 
2026-07-19 15:22:11 [INFO]   🔵 [94m[1mPT0002000068856267NC[0m  [2m[sem cluster][0m
2026-07-19 15:22:11 [INFO]      consumiu MENOS que o habitual às 16h
2026-07-19 15:22:11 [INFO]      [2mReal:[0m 17.0 kWh   [2mHabitual:[0m 47.0 ± 4.7 kWh   [2mz:[0m -6.38   [2mdesvio:[0m -64%   [2m(2 obs. fim_semana)[0m
2026-07-19 15:22:11 [INFO] 
2026-07-19 15:22:11 [INFO]   🔴 [91m[1mPT0002000109837807PE[0m  [2m[Cluster 1][0m
2026-07-19 15:22:11 [INFO]      consumiu MAIS que o habitual às 11h
2026-07-19 15:22:11 [INFO]      [2mReal:[0m 8.0 kWh   [2mHabitual:[0m 3.5 ± 0.7 kWh   [2mz:[0m +6.36   [2mdesvio:[0m +129%   [2m(2 obs. fim_semana)[0m
2026-07-19 15:22:11 [INFO] 
2026-07-19 15:22:11 [INFO]   🔵 [94m[1mPT0002000119303492KB[0m  [2m[Cluster 0][0m
2026-07-19 15:22:11 [INFO]      consumiu MENOS que o habitual às 10h
2026-07-19 15:22:11 [INFO]      [2mReal:[0m 4.0 kWh   [2mHabitual:[0m 44.5 ± 6.4 kWh   [2mz:[0m -6.36   [2mdesvio:[0m -91%   [2m(2 obs. fim_semana)[0m
2026-07-19 15:22:11 [INFO] 
2026-07-19 15:22:11 [INFO]   🔵 [94m[1mPT0002000123648159KR[0m  [2m[Cluster 0][0m
2026-07-19 15:22:11 [INFO]      consumiu MENOS que o habitual às 10h
2026-07-19 15:22:11 [INFO]      [2mReal:[0m 4.0 kWh   [2mHabitual:[0m 31.0 ± 4.2 kWh   [2mz:[0m -6.36   [2mdesvio:[0m -87%   [2m(2 obs. fim_semana)[0m
2026-07-19 15:22:11 [INFO] 
2026-07-19 15:22:11 [INFO]   🔵 [94m[1mPT0002000125379984SH[0m  [2m[Cluster 1][0m
2026-07-19 15:22:11 [INFO]      consumiu MENOS que o habitual às 18h
2026-07-19 15:22:11 [INFO]      [2mReal:[0m 3.0 kWh   [2mHabitual:[0m 12.0 ± 1.4 kWh   [2mz:[0m -6.36   [2mdesvio:[0m -75%   [2m(2 obs. fim_semana)[0m
2026-07-19 15:22:11 [INFO] 
2026-07-19 15:22:11 [INFO]   🔴 [91m[1mPT0002000203886452WB[0m  [2m[sem cluster][0m
2026-07-19 15:22:11 [INFO]      consumiu MAIS que o habitual às 09h
2026-07-19 15:22:11 [INFO]      [2mReal:[0m 20.0 kWh   [2mHabitual:[0m 2.0 ± 2.8 kWh   [2mz:[0m +6.36   [2mdesvio:[0m +900%   [2m(2 obs. fim_semana)[0m
2026-07-19 15:22:11 [INFO] 
2026-07-19 15:22:11 [INFO]   🔵 [94m[1mPT0002000115673389QK[0m  [2m[Cluster 0][0m
2026-07-19 15:22:11 [INFO]      consumiu MENOS que o habitual às 08h
2026-07-19 15:22:11 [INFO]      [2mReal:[0m 21.0 kWh   [2mHabitual:[0m 56.5 ± 5.7 kWh   [2mz:[0m -6.28   [2mdesvio:[0m -63%   [2m(2 obs. fim_semana)[0m
2026-07-19 15:22:11 [INFO] 
2026-07-19 15:22:11 [INFO]   🔵 [94m[1mPT0002000068857099AR[0m  [2m[Cluster 1][0m
2026-07-19 15:22:11 [INFO]      consumiu MENOS que o habitual às 19h
2026-07-19 15:22:11 [INFO]      [2mReal:[0m 3.0 kWh   [2mHabitual:[0m 8.0 ± 0.8 kWh   [2mz:[0m -6.25   [2mdesvio:[0m -62%   [2m(2 obs. fim_semana)[0m
2026-07-19 15:22:11 [INFO] 
2026-07-19 15:22:11 [INFO]   🔵 [94m[1mPT0002000115031201VQ[0m  [2m[Cluster 0][0m
2026-07-19 15:22:11 [INFO]      consumiu MENOS que o habitual às 07h
2026-07-19 15:22:11 [INFO]      [2mReal:[0m 3.0 kWh   [2mHabitual:[0m 8.0 ± 0.8 kWh   [2mz:[0m -6.25   [2mdesvio:[0m -62%   [2m(2 obs. fim_semana)[0m
2026-07-19 15:22:11 [INFO] 
2026-07-19 15:22:11 [INFO]   🔵 [94m[1mPT0002000068856267NC[0m  [2m[sem cluster][0m
2026-07-19 15:22:11 [INFO]      consumiu MENOS que o habitual às 11h
2026-07-19 15:22:11 [INFO]      [2mReal:[0m 17.0 kWh   [2mHabitual:[0m 65.5 ± 7.8 kWh   [2mz:[0m -6.24   [2mdesvio:[0m -74%   [2m(2 obs. fim_semana)[0m
2026-07-19 15:22:11 [INFO] 
2026-07-19 15:22:11 [INFO]   🔵 [94m[1mPT0002000033074862LZ[0m  [2m[Cluster 0][0m
2026-07-19 15:22:11 [INFO]      consumiu MENOS que o habitual às 13h
2026-07-19 15:22:11 [INFO]      [2mReal:[0m 11.0 kWh   [2mHabitual:[0m 46.0 ± 5.7 kWh   [2mz:[0m -6.19   [2mdesvio:[0m -76%   [2m(2 obs. fim_semana)[0m
2026-07-19 15:22:11 [INFO] 
2026-07-19 15:22:11 [INFO]   🔵 [94m[1mPT0002000068856655YV[0m  [2m[Cluster 0][0m
2026-07-19 15:22:11 [INFO]      consumiu MENOS que o habitual às 09h
2026-07-19 15:22:11 [INFO]      [2mReal:[0m 4.0 kWh   [2mHabitual:[0m 10.5 ± 1.1 kWh   [2mz:[0m -6.19   [2mdesvio:[0m -62%   [2m(2 obs. fim_semana)[0m
2026-07-19 15:22:11 [INFO] 
2026-07-19 15:22:11 [INFO]   🔵 [94m[1mPT0002000071896778MT[0m  [2m[Cluster 0][0m
2026-07-19 15:22:11 [INFO]      consumiu MENOS que o habitual às 15h
2026-07-19 15:22:11 [INFO]      [2mReal:[0m 4.0 kWh   [2mHabitual:[0m 10.5 ± 1.1 kWh   [2mz:[0m -6.19   [2mdesvio:[0m -62%   [2m(2 obs. fim_semana)[0m
2026-07-19 15:22:11 [INFO] 
2026-07-19 15:22:11 [INFO]   🔵 [94m[1mPT0002000120237616VJ[0m  [2m[Cluster 0][0m
2026-07-19 15:22:11 [INFO]      consumiu MENOS que o habitual às 16h
2026-07-19 15:22:11 [INFO]      [2mReal:[0m 12.0 kWh   [2mHabitual:[0m 31.5 ± 3.1 kWh   [2mz:[0m -6.19   [2mdesvio:[0m -62%   [2m(2 obs. fim_semana)[0m
2026-07-19 15:22:11 [INFO] 
2026-07-19 15:22:11 [INFO]   🔵 [94m[1mPT0002000075637532JB[0m  [2m[Cluster 0][0m
2026-07-19 15:22:11 [INFO]      consumiu MENOS que o habitual às 11h
2026-07-19 15:22:11 [INFO]      [2mReal:[0m 4.0 kWh   [2mHabitual:[0m 34.5 ± 5.0 kWh   [2mz:[0m -6.16   [2mdesvio:[0m -88%   [2m(2 obs. fim_semana)[0m
2026-07-19 15:22:11 [INFO] 
2026-07-19 15:22:11 [INFO]   🔵 [94m[1mPT0002000101964938LF[0m  [2m[Cluster 0][0m
2026-07-19 15:22:11 [INFO]      consumiu MENOS que o habitual às 10h
2026-07-19 15:22:11 [INFO]      [2mReal:[0m 10.0 kWh   [2mHabitual:[0m 40.5 ± 5.0 kWh   [2mz:[0m -6.16   [2mdesvio:[0m -75%   [2m(2 obs. fim_semana)[0m
2026-07-19 15:22:11 [INFO] 
2026-07-19 15:22:11 [INFO]   🔵 [94m[1mPT0002000068859393XH[0m  [2m[Cluster 1][0m
2026-07-19 15:22:11 [INFO]      consumiu MENOS que o habitual às 23h
2026-07-19 15:22:11 [INFO]      [2mReal:[0m 31.0 kWh   [2mHabitual:[0m 101.7 ± 11.6 kWh   [2mz:[0m -6.10   [2mdesvio:[0m -70%   [2m(3 obs. fim_semana)[0m
2026-07-19 15:22:11 [INFO] 
2026-07-19 15:22:11 [INFO]   🔵 [94m[1mPT0002000115031201VQ[0m  [2m[Cluster 0][0m
2026-07-19 15:22:11 [INFO]      consumiu MENOS que o habitual às 09h
2026-07-19 15:22:11 [INFO]      [2mReal:[0m 4.0 kWh   [2mHabitual:[0m 21.0 ± 2.8 kWh   [2mz:[0m -6.01   [2mdesvio:[0m -81%   [2m(2 obs. fim_semana)[0m
2026-07-19 15:22:11 [INFO] 
2026-07-19 15:22:11 [INFO]   🔵 [94m[1mPT0002000115700602GW[0m  [2m[Cluster 0][0m
2026-07-19 15:22:11 [INFO]      consumiu MENOS que o habitual às 14h
2026-07-19 15:22:11 [INFO]      [2mReal:[0m 9.0 kWh   [2mHabitual:[0m 26.0 ± 2.8 kWh   [2mz:[0m -6.01   [2mdesvio:[0m -65%   [2m(2 obs. fim_semana)[0m
2026-07-19 15:22:11 [INFO] 
2026-07-19 15:22:11 [INFO]   🔵 [94m[1mPT0002000033074862LZ[0m  [2m[Cluster 0][0m
2026-07-19 15:22:11 [INFO]      consumiu MENOS que o habitual às 15h
2026-07-19 15:22:11 [INFO]      [2mReal:[0m 10.0 kWh   [2mHabitual:[0m 25.0 ± 2.5 kWh   [2mz:[0m -6.00   [2mdesvio:[0m -60%   [2m(2 obs. fim_semana)[0m
2026-07-19 15:22:11 [INFO] 
2026-07-19 15:22:11 [INFO]   🔴 [91m[1mPT0002000123648159KR[0m  [2m[Cluster 0][0m
2026-07-19 15:22:11 [INFO]      consumiu MAIS que o habitual às 18h
2026-07-19 15:22:11 [INFO]      [2mReal:[0m 8.0 kWh   [2mHabitual:[0m 5.0 ± 0.5 kWh   [2mz:[0m +6.00   [2mdesvio:[0m +60%   [2m(2 obs. fim_semana)[0m
2026-07-19 15:22:11 [INFO] 
2026-07-19 15:22:11 [INFO]   🔵 [94m[1mPT0002000068856974CZ[0m  [2m[sem cluster][0m
2026-07-19 15:22:11 [INFO]      consumiu MENOS que o habitual às 08h
2026-07-19 15:22:11 [INFO]      [2mReal:[0m 13.0 kWh   [2mHabitual:[0m 38.0 ± 4.2 kWh   [2mz:[0m -5.89   [2mdesvio:[0m -66%   [2m(2 obs. fim_semana)[0m
2026-07-19 15:22:11 [INFO] 
2026-07-19 15:22:11 [INFO]   🔵 [94m[1mPT0002000115031201VQ[0m  [2m[Cluster 0][0m
2026-07-19 15:22:11 [INFO]      consumiu MENOS que o habitual às 08h
2026-07-19 15:22:11 [INFO]      [2mReal:[0m 6.0 kWh   [2mHabitual:[0m 14.5 ± 1.4 kWh   [2mz:[0m -5.86   [2mdesvio:[0m -59%   [2m(2 obs. fim_semana)[0m
2026-07-19 15:22:11 [INFO] 
2026-07-19 15:22:11 [INFO]   🔴 [91m[1mPT0002000068859325FL[0m  [2m[Cluster 1][0m
2026-07-19 15:22:11 [INFO]      consumiu MAIS que o habitual às 13h
2026-07-19 15:22:11 [INFO]      [2mReal:[0m 332.0 kWh   [2mHabitual:[0m 200.0 ± 22.6 kWh   [2mz:[0m +5.83   [2mdesvio:[0m +66%   [2m(2 obs. fim_semana)[0m
2026-07-19 15:22:11 [INFO] 
2026-07-19 15:22:11 [INFO]   🔵 [94m[1mPT0002000125379984SH[0m  [2m[Cluster 1][0m
2026-07-19 15:22:11 [INFO]      consumiu MENOS que o habitual às 10h
2026-07-19 15:22:11 [INFO]      [2mReal:[0m 5.0 kWh   [2mHabitual:[0m 12.0 ± 1.2 kWh   [2mz:[0m -5.83   [2mdesvio:[0m -58%   [2m(2 obs. fim_semana)[0m
2026-07-19 15:22:11 [INFO] 
2026-07-19 15:22:11 [INFO]   🔴 [91m[1mPT0002000077348081AG[0m  [2m[sem cluster][0m
2026-07-19 15:22:11 [INFO]      consumiu MAIS que o habitual às 21h
2026-07-19 15:22:11 [INFO]      [2mReal:[0m 242.0 kWh   [2mHabitual:[0m 62.3 ± 31.0 kWh   [2mz:[0m +5.80   [2mdesvio:[0m +288%   [2m(3 obs. fim_semana)[0m
2026-07-19 15:22:11 [INFO] 
2026-07-19 15:22:11 [INFO]   🔵 [94m[1mPT0002000115031201VQ[0m  [2m[Cluster 0][0m
2026-07-19 15:22:11 [INFO]      consumiu MENOS que o habitual às 10h
2026-07-19 15:22:11 [INFO]      [2mReal:[0m 3.0 kWh   [2mHabitual:[0m 23.5 ± 3.5 kWh   [2mz:[0m -5.80   [2mdesvio:[0m -87%   [2m(2 obs. fim_semana)[0m
2026-07-19 15:22:11 [INFO] 
2026-07-19 15:22:11 [INFO]   🔵 [94m[1mPT0002000071896778MT[0m  [2m[Cluster 0][0m
2026-07-19 15:22:11 [INFO]      consumiu MENOS que o habitual às 17h
2026-07-19 15:22:11 [INFO]      [2mReal:[0m 4.0 kWh   [2mHabitual:[0m 9.5 ± 0.9 kWh   [2mz:[0m -5.79   [2mdesvio:[0m -58%   [2m(2 obs. fim_semana)[0m
2026-07-19 15:22:11 [INFO] 
2026-07-19 15:22:11 [INFO]   🔵 [94m[1mPT0002000068856267NC[0m  [2m[sem cluster][0m
2026-07-19 15:22:11 [INFO]      consumiu MENOS que o habitual às 18h
2026-07-19 15:22:11 [INFO]      [2mReal:[0m 17.0 kWh   [2mHabitual:[0m 40.0 ± 4.0 kWh   [2mz:[0m -5.75   [2mdesvio:[0m -57%   [2m(2 obs. fim_semana)[0m
2026-07-19 15:22:11 [INFO] 
2026-07-19 15:22:11 [INFO]   🔵 [94m[1mPT0002000115673471CB[0m  [2m[Cluster 0][0m
2026-07-19 15:22:11 [INFO]      consumiu MENOS que o habitual às 13h
2026-07-19 15:22:11 [INFO]      [2mReal:[0m 12.0 kWh   [2mHabitual:[0m 48.5 ± 6.4 kWh   [2mz:[0m -5.74   [2mdesvio:[0m -75%   [2m(2 obs. fim_semana)[0m
2026-07-19 15:22:11 [INFO] 
2026-07-19 15:22:11 [INFO]   🔵 [94m[1mPT0002000068858674WN[0m  [2m[sem cluster][0m
2026-07-19 15:22:11 [INFO]      consumiu MENOS que o habitual às 18h
2026-07-19 15:22:11 [INFO]      [2mReal:[0m 12.0 kWh   [2mHabitual:[0m 28.0 ± 2.8 kWh   [2mz:[0m -5.71   [2mdesvio:[0m -57%   [2m(2 obs. fim_semana)[0m
2026-07-19 15:22:11 [INFO] 
2026-07-19 15:22:11 [INFO]   🔵 [94m[1mPT0002000068856655YV[0m  [2m[Cluster 0][0m
2026-07-19 15:22:11 [INFO]      consumiu MENOS que o habitual às 17h
2026-07-19 15:22:11 [INFO]      [2mReal:[0m 3.0 kWh   [2mHabitual:[0m 11.0 ± 1.4 kWh   [2mz:[0m -5.66   [2mdesvio:[0m -73%   [2m(2 obs. fim_semana)[0m
2026-07-19 15:22:11 [INFO] 
2026-07-19 15:22:11 [INFO]   🔵 [94m[1mPT0002000120237616VJ[0m  [2m[Cluster 0][0m
2026-07-19 15:22:11 [INFO]      consumiu MENOS que o habitual às 17h
2026-07-19 15:22:11 [INFO]      [2mReal:[0m 11.0 kWh   [2mHabitual:[0m 27.0 ± 2.8 kWh   [2mz:[0m -5.66   [2mdesvio:[0m -59%   [2m(2 obs. fim_semana)[0m
2026-07-19 15:22:11 [INFO] 
2026-07-19 15:22:11 [INFO]   🔵 [94m[1mPT0002000123648159KR[0m  [2m[Cluster 0][0m
2026-07-19 15:22:11 [INFO]      consumiu MENOS que o habitual às 15h
2026-07-19 15:22:11 [INFO]      [2mReal:[0m 5.0 kWh   [2mHabitual:[0m 13.0 ± 1.4 kWh   [2mz:[0m -5.66   [2mdesvio:[0m -62%   [2m(2 obs. fim_semana)[0m
2026-07-19 15:22:11 [INFO] 
2026-07-19 15:22:11 [INFO]   🔵 [94m[1mPT0002000110607652SB[0m  [2m[Cluster 0][0m
2026-07-19 15:22:11 [INFO]      consumiu MENOS que o habitual às 08h
2026-07-19 15:22:11 [INFO]      [2mReal:[0m 20.0 kWh   [2mHabitual:[0m 46.0 ± 4.6 kWh   [2mz:[0m -5.65   [2mdesvio:[0m -57%   [2m(2 obs. fim_semana)[0m
2026-07-19 15:22:11 [INFO] 
2026-07-19 15:22:11 [INFO]   🔵 [94m[1mPT0002000116530964LH[0m  [2m[sem cluster][0m
2026-07-19 15:22:11 [INFO]      consumiu MENOS que o habitual às 11h
2026-07-19 15:22:11 [INFO]      [2mReal:[0m 88.0 kWh   [2mHabitual:[0m 202.0 ± 20.2 kWh   [2mz:[0m -5.64   [2mdesvio:[0m -56%   [2m(2 obs. fim_semana)[0m
2026-07-19 15:22:11 [INFO] 
2026-07-19 15:22:11 [INFO]   🔴 [91m[1mPT0002000068859393XH[0m  [2m[Cluster 1][0m
2026-07-19 15:22:11 [INFO]      consumiu MAIS que o habitual às 12h
2026-07-19 15:22:11 [INFO]      [2mReal:[0m 179.0 kWh   [2mHabitual:[0m 114.5 ± 11.4 kWh   [2mz:[0m +5.63   [2mdesvio:[0m +56%   [2m(2 obs. fim_semana)[0m
2026-07-19 15:22:11 [INFO] 
2026-07-19 15:22:11 [INFO]   🔴 [91m[1mPT0002000201038711LS[0m  [2m[sem cluster][0m
2026-07-19 15:22:11 [INFO]      consumiu MAIS que o habitual às 19h
2026-07-19 15:22:11 [INFO]      [2mReal:[0m 75.0 kWh   [2mHabitual:[0m 48.0 ± 4.8 kWh   [2mz:[0m +5.62   [2mdesvio:[0m +56%   [2m(2 obs. fim_semana)[0m
2026-07-19 15:22:11 [INFO] 
2026-07-19 15:22:11 [INFO]   🔵 [94m[1mPT0002000068857897ZV[0m  [2m[Cluster 0][0m
2026-07-19 15:22:11 [INFO]      consumiu MENOS que o habitual às 10h
2026-07-19 15:22:11 [INFO]      [2mReal:[0m 26.0 kWh   [2mHabitual:[0m 59.0 ± 5.9 kWh   [2mz:[0m -5.59   [2mdesvio:[0m -56%   [2m(2 obs. fim_semana)[0m
2026-07-19 15:22:11 [INFO] 
2026-07-19 15:22:11 [INFO]   🔵 [94m[1mPT0002000201038711LS[0m  [2m[sem cluster][0m
2026-07-19 15:22:11 [INFO]      consumiu MENOS que o habitual às 22h
2026-07-19 15:22:11 [INFO]      [2mReal:[0m 0.0 kWh   [2mHabitual:[0m 42.3 ± 7.6 kWh   [2mz:[0m -5.59   [2mdesvio:[0m -100%   [2m(3 obs. fim_semana)[0m
2026-07-19 15:22:11 [INFO] 
2026-07-19 15:22:11 [INFO]   🔵 [94m[1mPT0002000068856267NC[0m  [2m[sem cluster][0m
2026-07-19 15:22:11 [INFO]      consumiu MENOS que o habitual às 17h
2026-07-19 15:22:11 [INFO]      [2mReal:[0m 18.0 kWh   [2mHabitual:[0m 40.5 ± 4.0 kWh   [2mz:[0m -5.56   [2mdesvio:[0m -56%   [2m(2 obs. fim_semana)[0m
2026-07-19 15:22:11 [INFO] 
2026-07-19 15:22:11 [INFO]   🔵 [94m[1mPT0002000068856267NC[0m  [2m[sem cluster][0m
2026-07-19 15:22:11 [INFO]      consumiu MENOS que o habitual às 08h
2026-07-19 15:22:11 [INFO]      [2mReal:[0m 17.0 kWh   [2mHabitual:[0m 37.5 ± 3.8 kWh   [2mz:[0m -5.47   [2mdesvio:[0m -55%   [2m(2 obs. fim_semana)[0m
2026-07-19 15:22:11 [INFO] 
2026-07-19 15:22:11 [INFO]   🔵 [94m[1mPT0002000115673389QK[0m  [2m[Cluster 0][0m
2026-07-19 15:22:11 [INFO]      consumiu MENOS que o habitual às 12h
2026-07-19 15:22:11 [INFO]      [2mReal:[0m 22.0 kWh   [2mHabitual:[0m 95.5 ± 13.4 kWh   [2mz:[0m -5.47   [2mdesvio:[0m -77%   [2m(2 obs. fim_semana)[0m
2026-07-19 15:22:11 [INFO] 
2026-07-19 15:22:11 [INFO]   🔵 [94m[1mPT0002000068859597LS[0m  [2m[Cluster 0][0m
2026-07-19 15:22:11 [INFO]      consumiu MENOS que o habitual às 15h
2026-07-19 15:22:11 [INFO]      [2mReal:[0m 32.0 kWh   [2mHabitual:[0m 70.0 ± 7.0 kWh   [2mz:[0m -5.43   [2mdesvio:[0m -54%   [2m(2 obs. fim_semana)[0m
2026-07-19 15:22:11 [INFO] 
2026-07-19 15:22:11 [INFO]   🔵 [94m[1mPT0002000068856267NC[0m  [2m[sem cluster][0m
2026-07-19 15:22:11 [INFO]      consumiu MENOS que o habitual às 15h
2026-07-19 15:22:11 [INFO]      [2mReal:[0m 17.0 kWh   [2mHabitual:[0m 37.0 ± 3.7 kWh   [2mz:[0m -5.41   [2mdesvio:[0m -54%   [2m(2 obs. fim_semana)[0m
2026-07-19 15:22:11 [INFO] 
2026-07-19 15:22:11 [INFO]   🔵 [94m[1mPT0002000068859597LS[0m  [2m[Cluster 0][0m
2026-07-19 15:22:11 [INFO]      consumiu MENOS que o habitual às 10h
2026-07-19 15:22:11 [INFO]      [2mReal:[0m 34.0 kWh   [2mHabitual:[0m 73.5 ± 7.3 kWh   [2mz:[0m -5.37   [2mdesvio:[0m -54%   [2m(2 obs. fim_semana)[0m
2026-07-19 15:22:11 [INFO] 
2026-07-19 15:22:11 [INFO]   🔵 [94m[1mPT0002000068859382XF[0m  [2m[Cluster 0][0m
2026-07-19 15:22:11 [INFO]      consumiu MENOS que o habitual às 10h
2026-07-19 15:22:11 [INFO]      [2mReal:[0m 39.0 kWh   [2mHabitual:[0m 83.5 ± 8.3 kWh   [2mz:[0m -5.33   [2mdesvio:[0m -53%   [2m(2 obs. fim_semana)[0m
2026-07-19 15:22:11 [INFO] 
2026-07-19 15:22:11 [INFO]   🔴 [91m[1mPT0002000068859325FL[0m  [2m[Cluster 1][0m
2026-07-19 15:22:11 [INFO]      consumiu MAIS que o habitual às 12h
2026-07-19 15:22:11 [INFO]      [2mReal:[0m 380.0 kWh   [2mHabitual:[0m 200.0 ± 33.9 kWh   [2mz:[0m +5.30   [2mdesvio:[0m +90%   [2m(2 obs. fim_semana)[0m
2026-07-19 15:22:11 [INFO] 
2026-07-19 15:22:11 [INFO]   🔵 [94m[1mPT0002000115673389QK[0m  [2m[Cluster 0][0m
2026-07-19 15:22:11 [INFO]      consumiu MENOS que o habitual às 16h
2026-07-19 15:22:11 [INFO]      [2mReal:[0m 23.0 kWh   [2mHabitual:[0m 53.0 ± 5.7 kWh   [2mz:[0m -5.30   [2mdesvio:[0m -57%   [2m(2 obs. fim_semana)[0m
2026-07-19 15:22:11 [INFO] 
2026-07-19 15:22:11 [INFO]   🔵 [94m[1mPT0002000116530964LH[0m  [2m[sem cluster][0m
2026-07-19 15:22:11 [INFO]      consumiu MENOS que o habitual às 10h
2026-07-19 15:22:11 [INFO]      [2mReal:[0m 90.0 kWh   [2mHabitual:[0m 191.5 ± 19.1 kWh   [2mz:[0m -5.30   [2mdesvio:[0m -53%   [2m(2 obs. fim_semana)[0m
2026-07-19 15:22:11 [INFO] 
2026-07-19 15:22:11 [INFO]   🔵 [94m[1mPT0002000115700602GW[0m  [2m[Cluster 0][0m
2026-07-19 15:22:11 [INFO]      consumiu MENOS que o habitual às 07h
2026-07-19 15:22:11 [INFO]      [2mReal:[0m 8.0 kWh   [2mHabitual:[0m 17.0 ± 1.7 kWh   [2mz:[0m -5.29   [2mdesvio:[0m -53%   [2m(2 obs. fim_semana)[0m
2026-07-19 15:22:11 [INFO] 
2026-07-19 15:22:11 [INFO]   🔵 [94m[1mPT0002000116530964LH[0m  [2m[sem cluster][0m
2026-07-19 15:22:11 [INFO]      consumiu MENOS que o habitual às 12h
2026-07-19 15:22:11 [INFO]      [2mReal:[0m 89.0 kWh   [2mHabitual:[0m 188.5 ± 18.9 kWh   [2mz:[0m -5.28   [2mdesvio:[0m -53%   [2m(2 obs. fim_semana)[0m
2026-07-19 15:22:11 [INFO] 
2026-07-19 15:22:11 [INFO]   🔵 [94m[1mPT0002000116530964LH[0m  [2m[sem cluster][0m
2026-07-19 15:22:11 [INFO]      consumiu MENOS que o habitual às 16h
2026-07-19 15:22:11 [INFO]      [2mReal:[0m 84.0 kWh   [2mHabitual:[0m 177.5 ± 17.8 kWh   [2mz:[0m -5.27   [2mdesvio:[0m -53%   [2m(2 obs. fim_semana)[0m
2026-07-19 15:22:11 [INFO] 
2026-07-19 15:22:11 [INFO]   🔵 [94m[1mPT0002000068856267NC[0m  [2m[sem cluster][0m
2026-07-19 15:22:11 [INFO]      consumiu MENOS que o habitual às 19h
2026-07-19 15:22:11 [INFO]      [2mReal:[0m 19.0 kWh   [2mHabitual:[0m 40.0 ± 4.0 kWh   [2mz:[0m -5.25   [2mdesvio:[0m -52%   [2m(2 obs. fim_semana)[0m
2026-07-19 15:22:11 [INFO] 
2026-07-19 15:22:11 [INFO]   🔵 [94m[1mPT0002000068859597LS[0m  [2m[Cluster 0][0m
2026-07-19 15:22:11 [INFO]      consumiu MENOS que o habitual às 14h
2026-07-19 15:22:11 [INFO]      [2mReal:[0m 33.0 kWh   [2mHabitual:[0m 69.5 ± 7.0 kWh   [2mz:[0m -5.25   [2mdesvio:[0m -53%   [2m(2 obs. fim_semana)[0m
2026-07-19 15:22:11 [INFO] 
2026-07-19 15:22:11 [INFO]   🔵 [94m[1mPT0002000068859382XF[0m  [2m[Cluster 0][0m
2026-07-19 15:22:11 [INFO]      consumiu MENOS que o habitual às 11h
2026-07-19 15:22:11 [INFO]      [2mReal:[0m 39.0 kWh   [2mHabitual:[0m 81.0 ± 8.1 kWh   [2mz:[0m -5.19   [2mdesvio:[0m -52%   [2m(2 obs. fim_semana)[0m
2026-07-19 15:22:11 [INFO] 
2026-07-19 15:22:11 [INFO]   🔵 [94m[1mPT0002000073481266XH[0m  [2m[Cluster 0][0m
2026-07-19 15:22:11 [INFO]      consumiu MENOS que o habitual às 17h
2026-07-19 15:22:11 [INFO]      [2mReal:[0m 8.0 kWh   [2mHabitual:[0m 30.0 ± 4.2 kWh   [2mz:[0m -5.19   [2mdesvio:[0m -73%   [2m(2 obs. fim_semana)[0m
2026-07-19 15:22:11 [INFO] 
2026-07-19 15:22:11 [INFO]   🔵 [94m[1mPT0002000119303492KB[0m  [2m[Cluster 0][0m
2026-07-19 15:22:11 [INFO]      consumiu MENOS que o habitual às 09h
2026-07-19 15:22:11 [INFO]      [2mReal:[0m 3.0 kWh   [2mHabitual:[0m 25.0 ± 4.2 kWh   [2mz:[0m -5.19   [2mdesvio:[0m -88%   [2m(2 obs. fim_semana)[0m
2026-07-19 15:22:11 [INFO] 
2026-07-19 15:22:11 [INFO]   🔵 [94m[1mPT0002000068857897ZV[0m  [2m[Cluster 0][0m
2026-07-19 15:22:11 [INFO]      consumiu MENOS que o habitual às 09h
2026-07-19 15:22:11 [INFO]      [2mReal:[0m 27.0 kWh   [2mHabitual:[0m 55.5 ± 5.5 kWh   [2mz:[0m -5.14   [2mdesvio:[0m -51%   [2m(2 obs. fim_semana)[0m
2026-07-19 15:22:11 [INFO] 
2026-07-19 15:22:11 [INFO]   🔵 [94m[1mPT0002000068859393XH[0m  [2m[Cluster 1][0m
2026-07-19 15:22:11 [INFO]      consumiu MENOS que o habitual às 07h
2026-07-19 15:22:11 [INFO]      [2mReal:[0m 17.0 kWh   [2mHabitual:[0m 35.0 ± 3.5 kWh   [2mz:[0m -5.14   [2mdesvio:[0m -51%   [2m(2 obs. fim_semana)[0m
2026-07-19 15:22:11 [INFO] 
2026-07-19 15:22:11 [INFO]   🔴 [91m[1mPT0002000073720434JD[0m  [2m[sem cluster][0m
2026-07-19 15:22:11 [INFO]      consumiu MAIS que o habitual às 16h
2026-07-19 15:22:11 [INFO]      [2mReal:[0m 87.0 kWh   [2mHabitual:[0m 29.0 ± 11.3 kWh   [2mz:[0m +5.13   [2mdesvio:[0m +200%   [2m(2 obs. fim_semana)[0m
2026-07-19 15:22:11 [INFO] 
2026-07-19 15:22:11 [INFO]   🔵 [94m[1mPT0002000068859597LS[0m  [2m[Cluster 0][0m
2026-07-19 15:22:11 [INFO]      consumiu MENOS que o habitual às 11h
2026-07-19 15:22:11 [INFO]      [2mReal:[0m 36.0 kWh   [2mHabitual:[0m 73.5 ± 7.3 kWh   [2mz:[0m -5.10   [2mdesvio:[0m -51%   [2m(2 obs. fim_semana)[0m
2026-07-19 15:22:11 [INFO] 
2026-07-19 15:22:11 [INFO]   🔵 [94m[1mPT0002000033074862LZ[0m  [2m[Cluster 0][0m
2026-07-19 15:22:11 [INFO]      consumiu MENOS que o habitual às 17h
2026-07-19 15:22:11 [INFO]      [2mReal:[0m 13.0 kWh   [2mHabitual:[0m 26.5 ± 2.6 kWh   [2mz:[0m -5.09   [2mdesvio:[0m -51%   [2m(2 obs. fim_semana)[0m
2026-07-19 15:22:11 [INFO] 
2026-07-19 15:22:11 [INFO]   🔵 [94m[1mPT0002000068859187RL[0m  [2m[Cluster 0][0m
2026-07-19 15:22:11 [INFO]      consumiu MENOS que o habitual às 15h
2026-07-19 15:22:11 [INFO]      [2mReal:[0m 20.0 kWh   [2mHabitual:[0m 63.0 ± 8.5 kWh   [2mz:[0m -5.07   [2mdesvio:[0m -68%   [2m(2 obs. fim_semana)[0m
2026-07-19 15:22:11 [INFO] 
2026-07-19 15:22:11 [INFO]   🔵 [94m[1mPT0002000101964938LF[0m  [2m[Cluster 0][0m
2026-07-19 15:22:11 [INFO]      consumiu MENOS que o habitual às 16h
2026-07-19 15:22:11 [INFO]      [2mReal:[0m 10.0 kWh   [2mHabitual:[0m 53.0 ± 8.5 kWh   [2mz:[0m -5.07   [2mdesvio:[0m -81%   [2m(2 obs. fim_semana)[0m
2026-07-19 15:22:11 [INFO] 
2026-07-19 15:22:11 [INFO]   🔵 [94m[1mPT0002000068859382XF[0m  [2m[Cluster 0][0m
2026-07-19 15:22:11 [INFO]      consumiu MENOS que o habitual às 15h
2026-07-19 15:22:11 [INFO]      [2mReal:[0m 39.0 kWh   [2mHabitual:[0m 78.5 ± 7.8 kWh   [2mz:[0m -5.03   [2mdesvio:[0m -50%   [2m(2 obs. fim_semana)[0m
2026-07-19 15:22:11 [INFO] 
2026-07-19 15:22:11 [INFO]   🔵 [94m[1mPT0002000116530964LH[0m  [2m[sem cluster][0m
2026-07-19 15:22:11 [INFO]      consumiu MENOS que o habitual às 14h
2026-07-19 15:22:11 [INFO]      [2mReal:[0m 85.0 kWh   [2mHabitual:[0m 171.0 ± 17.1 kWh   [2mz:[0m -5.03   [2mdesvio:[0m -50%   [2m(2 obs. fim_semana)[0m
2026-07-19 15:22:11 [INFO] 
2026-07-19 15:22:11 [INFO]   🔵 [94m[1mPT0002000111572054VT[0m  [2m[sem cluster][0m
2026-07-19 15:22:11 [INFO]      consumiu MENOS que o habitual às 19h
2026-07-19 15:22:11 [INFO]      [2mReal:[0m 16.0 kWh   [2mHabitual:[0m 32.0 ± 3.2 kWh   [2mz:[0m -5.00   [2mdesvio:[0m -50%   [2m(2 obs. fim_semana)[0m
2026-07-19 15:22:11 [INFO] 
2026-07-19 15:22:11 [INFO]   🔵 [94m[1mPT0002000125379984SH[0m  [2m[Cluster 1][0m
2026-07-19 15:22:11 [INFO]      consumiu MENOS que o habitual às 11h
2026-07-19 15:22:11 [INFO]      [2mReal:[0m 4.0 kWh   [2mHabitual:[0m 8.0 ± 0.8 kWh   [2mz:[0m -5.00   [2mdesvio:[0m -50%   [2m(2 obs. fim_semana)[0m
2026-07-19 15:22:11 [INFO] 
2026-07-19 15:22:11 [INFO]   🔵 [94m[1mPT0002000068856974CZ[0m  [2m[sem cluster][0m
2026-07-19 15:22:11 [INFO]      consumiu MENOS que o habitual às 15h
2026-07-19 15:22:11 [INFO]      [2mReal:[0m 23.0 kWh   [2mHabitual:[0m 45.5 ± 4.5 kWh   [2mz:[0m -4.95   [2mdesvio:[0m -49%   [2m(2 obs. fim_semana)[0m
2026-07-19 15:22:11 [INFO] 
2026-07-19 15:22:11 [INFO]   🔴 [91m[1mPT0002000073717386HC[0m  [2m[sem cluster][0m
2026-07-19 15:22:11 [INFO]      consumiu MAIS que o habitual às 13h
2026-07-19 15:22:11 [INFO]      [2mReal:[0m 8.0 kWh   [2mHabitual:[0m 4.5 ± 0.7 kWh   [2mz:[0m +4.95   [2mdesvio:[0m +78%   [2m(2 obs. fim_semana)[0m
2026-07-19 15:22:11 [INFO] 
2026-07-19 15:22:11 [INFO]   🔵 [94m[1mPT0002000078233981HJ[0m  [2m[Cluster 1][0m
2026-07-19 15:22:11 [INFO]      consumiu MENOS que o habitual às 17h
2026-07-19 15:22:11 [INFO]      [2mReal:[0m 2.0 kWh   [2mHabitual:[0m 12.5 ± 2.1 kWh   [2mz:[0m -4.95   [2mdesvio:[0m -84%   [2m(2 obs. fim_semana)[0m
2026-07-19 15:22:11 [INFO] 
2026-07-19 15:22:11 [INFO]   🔵 [94m[1mPT0002000078294957RQ[0m  [2m[Cluster 0][0m
2026-07-19 15:22:11 [INFO]      consumiu MENOS que o habitual às 09h
2026-07-19 15:22:11 [INFO]      [2mReal:[0m 8.0 kWh   [2mHabitual:[0m 18.5 ± 2.1 kWh   [2mz:[0m -4.95   [2mdesvio:[0m -57%   [2m(2 obs. fim_semana)[0m
2026-07-19 15:22:11 [INFO] 
2026-07-19 15:22:11 [INFO]   🔵 [94m[1mPT0002000078294957RQ[0m  [2m[Cluster 0][0m
2026-07-19 15:22:11 [INFO]      consumiu MENOS que o habitual às 18h
2026-07-19 15:22:11 [INFO]      [2mReal:[0m 7.0 kWh   [2mHabitual:[0m 14.0 ± 1.4 kWh   [2mz:[0m -4.95   [2mdesvio:[0m -50%   [2m(2 obs. fim_semana)[0m
2026-07-19 15:22:11 [INFO] 
2026-07-19 15:22:11 [INFO]   🔴 [91m[1mPT0002000081344542CP[0m  [2m[Cluster 1][0m
2026-07-19 15:22:11 [INFO]      consumiu MAIS que o habitual às 14h
2026-07-19 15:22:11 [INFO]      [2mReal:[0m 6.0 kWh   [2mHabitual:[0m 2.5 ± 0.7 kWh   [2mz:[0m +4.95   [2mdesvio:[0m +140%   [2m(2 obs. fim_semana)[0m
2026-07-19 15:22:11 [INFO] 
2026-07-19 15:22:11 [INFO]   🔵 [94m[1mPT0002000115673471CB[0m  [2m[Cluster 0][0m
2026-07-19 15:22:11 [INFO]      consumiu MENOS que o habitual às 15h
2026-07-19 15:22:11 [INFO]      [2mReal:[0m 11.0 kWh   [2mHabitual:[0m 32.0 ± 4.2 kWh   [2mz:[0m -4.95   [2mdesvio:[0m -66%   [2m(2 obs. fim_semana)[0m
2026-07-19 15:22:11 [INFO] 
2026-07-19 15:22:11 [INFO]   🔵 [94m[1mPT0002000115700602GW[0m  [2m[Cluster 0][0m
2026-07-19 15:22:11 [INFO]      consumiu MENOS que o habitual às 08h
2026-07-19 15:22:11 [INFO]      [2mReal:[0m 9.0 kWh   [2mHabitual:[0m 26.5 ± 3.5 kWh   [2mz:[0m -4.95   [2mdesvio:[0m -66%   [2m(2 obs. fim_semana)[0m
2026-07-19 15:22:11 [INFO] 
2026-07-19 15:22:11 [INFO]   🔵 [94m[1mPT0002000115700602GW[0m  [2m[Cluster 0][0m
2026-07-19 15:22:11 [INFO]      consumiu MENOS que o habitual às 17h
2026-07-19 15:22:11 [INFO]      [2mReal:[0m 8.0 kWh   [2mHabitual:[0m 25.5 ± 3.5 kWh   [2mz:[0m -4.95   [2mdesvio:[0m -69%   [2m(2 obs. fim_semana)[0m
2026-07-19 15:22:11 [INFO] 
2026-07-19 15:22:11 [INFO]   🔵 [94m[1mPT0002000119303492KB[0m  [2m[Cluster 0][0m
2026-07-19 15:22:11 [INFO]      consumiu MENOS que o habitual às 17h
2026-07-19 15:22:11 [INFO]      [2mReal:[0m 4.0 kWh   [2mHabitual:[0m 21.5 ± 3.5 kWh   [2mz:[0m -4.95   [2mdesvio:[0m -81%   [2m(2 obs. fim_semana)[0m
2026-07-19 15:22:11 [INFO] 
2026-07-19 15:22:11 [INFO]   🔵 [94m[1mPT0002000073231742VK[0m  [2m[Cluster 0][0m
2026-07-19 15:22:11 [INFO]      consumiu MENOS que o habitual às 14h
2026-07-19 15:22:11 [INFO]      [2mReal:[0m 12.0 kWh   [2mHabitual:[0m 23.5 ± 2.4 kWh   [2mz:[0m -4.89   [2mdesvio:[0m -49%   [2m(2 obs. fim_semana)[0m
2026-07-19 15:22:11 [INFO] 
2026-07-19 15:22:11 [INFO]   🔵 [94m[1mPT0002000116530964LH[0m  [2m[sem cluster][0m
2026-07-19 15:22:11 [INFO]      consumiu MENOS que o habitual às 09h
2026-07-19 15:22:11 [INFO]      [2mReal:[0m 89.0 kWh   [2mHabitual:[0m 174.0 ± 17.4 kWh   [2mz:[0m -4.89   [2mdesvio:[0m -49%   [2m(2 obs. fim_semana)[0m
2026-07-19 15:22:11 [INFO] 
2026-07-19 15:22:11 [INFO]   🔵 [94m[1mPT0002000116530964LH[0m  [2m[sem cluster][0m
2026-07-19 15:22:11 [INFO]      consumiu MENOS que o habitual às 15h
2026-07-19 15:22:11 [INFO]      [2mReal:[0m 87.0 kWh   [2mHabitual:[0m 170.0 ± 17.0 kWh   [2mz:[0m -4.88   [2mdesvio:[0m -49%   [2m(2 obs. fim_semana)[0m
2026-07-19 15:22:11 [INFO] 
2026-07-19 15:22:11 [INFO]   🔴 [91m[1mPT0002000068859393XH[0m  [2m[Cluster 1][0m
2026-07-19 15:22:11 [INFO]      consumiu MAIS que o habitual às 11h
2026-07-19 15:22:11 [INFO]      [2mReal:[0m 148.0 kWh   [2mHabitual:[0m 99.5 ± 9.9 kWh   [2mz:[0m +4.87   [2mdesvio:[0m +49%   [2m(2 obs. fim_semana)[0m
2026-07-19 15:22:11 [INFO] 
2026-07-19 15:22:11 [INFO]   🔴 [91m[1mPT0002000073720434JD[0m  [2m[sem cluster][0m
2026-07-19 15:22:11 [INFO]      consumiu MAIS que o habitual às 20h
2026-07-19 15:22:11 [INFO]      [2mReal:[0m 90.0 kWh   [2mHabitual:[0m 38.5 ± 10.6 kWh   [2mz:[0m +4.86   [2mdesvio:[0m +134%   [2m(2 obs. fim_semana)[0m
2026-07-19 15:22:11 [INFO] 
2026-07-19 15:22:11 [INFO]   🔵 [94m[1mPT0002000068859382XF[0m  [2m[Cluster 0][0m
2026-07-19 15:22:11 [INFO]      consumiu MENOS que o habitual às 09h
2026-07-19 15:22:11 [INFO]      [2mReal:[0m 39.0 kWh   [2mHabitual:[0m 75.5 ± 7.5 kWh   [2mz:[0m -4.83   [2mdesvio:[0m -48%   [2m(2 obs. fim_semana)[0m
2026-07-19 15:22:11 [INFO] 
2026-07-19 15:22:11 [INFO]   🔵 [94m[1mPT0002000112989585PH[0m  [2m[Cluster 0][0m
2026-07-19 15:22:11 [INFO]      consumiu MENOS que o habitual às 08h
2026-07-19 15:22:11 [INFO]      [2mReal:[0m 12.0 kWh   [2mHabitual:[0m 53.0 ± 8.5 kWh   [2mz:[0m -4.83   [2mdesvio:[0m -77%   [2m(2 obs. fim_semana)[0m
2026-07-19 15:22:11 [INFO] 
2026-07-19 15:22:11 [INFO]   🔵 [94m[1mPT0002000068856826ZG[0m  [2m[sem cluster][0m
2026-07-19 15:22:11 [INFO]      consumiu MENOS que o habitual às 11h
2026-07-19 15:22:11 [INFO]      [2mReal:[0m 184.0 kWh   [2mHabitual:[0m 354.0 ± 35.4 kWh   [2mz:[0m -4.80   [2mdesvio:[0m -48%   [2m(2 obs. fim_semana)[0m
2026-07-19 15:22:11 [INFO] 
2026-07-19 15:22:11 [INFO]   🔵 [94m[1mPT0002000068856974CZ[0m  [2m[sem cluster][0m
2026-07-19 15:22:11 [INFO]      consumiu MENOS que o habitual às 13h
2026-07-19 15:22:11 [INFO]      [2mReal:[0m 10.0 kWh   [2mHabitual:[0m 40.5 ± 6.4 kWh   [2mz:[0m -4.79   [2mdesvio:[0m -75%   [2m(2 obs. fim_semana)[0m
2026-07-19 15:22:11 [INFO] 
2026-07-19 15:22:11 [INFO]   🔵 [94m[1mPT0002000073231742VK[0m  [2m[Cluster 0][0m
2026-07-19 15:22:11 [INFO]      consumiu MENOS que o habitual às 13h
2026-07-19 15:22:11 [INFO]      [2mReal:[0m 12.0 kWh   [2mHabitual:[0m 23.0 ± 2.3 kWh   [2mz:[0m -4.78   [2mdesvio:[0m -48%   [2m(2 obs. fim_semana)[0m
2026-07-19 15:22:11 [INFO] 
2026-07-19 15:22:11 [INFO]   🔵 [94m[1mPT0002000115031201VQ[0m  [2m[Cluster 0][0m
2026-07-19 15:22:11 [INFO]      consumiu MENOS que o habitual às 18h
2026-07-19 15:22:11 [INFO]      [2mReal:[0m 6.0 kWh   [2mHabitual:[0m 11.5 ± 1.1 kWh   [2mz:[0m -4.78   [2mdesvio:[0m -48%   [2m(2 obs. fim_semana)[0m
2026-07-19 15:22:11 [INFO] 
2026-07-19 15:22:11 [INFO]   🔵 [94m[1mPT0002000073231742VK[0m  [2m[Cluster 0][0m
2026-07-19 15:22:11 [INFO]      consumiu MENOS que o habitual às 10h
2026-07-19 15:22:11 [INFO]      [2mReal:[0m 12.0 kWh   [2mHabitual:[0m 39.0 ± 5.7 kWh   [2mz:[0m -4.77   [2mdesvio:[0m -69%   [2m(2 obs. fim_semana)[0m
2026-07-19 15:22:11 [INFO] 
2026-07-19 15:22:11 [INFO]   🔵 [94m[1mPT0002000111572054VT[0m  [2m[sem cluster][0m
2026-07-19 15:22:11 [INFO]      consumiu MENOS que o habitual às 13h
2026-07-19 15:22:11 [INFO]      [2mReal:[0m 0.0 kWh   [2mHabitual:[0m 23.5 ± 5.0 kWh   [2mz:[0m -4.75   [2mdesvio:[0m -100%   [2m(2 obs. fim_semana)[0m
2026-07-19 15:22:11 [INFO] 
2026-07-19 15:22:11 [INFO]   🔴 [91m[1mPT0002000201936109ME[0m  [2m[Cluster 0][0m
2026-07-19 15:22:11 [INFO]      consumiu MAIS que o habitual às 00h
2026-07-19 15:22:11 [INFO]      [2mReal:[0m 136.0 kWh   [2mHabitual:[0m 19.5 ± 24.8 kWh   [2mz:[0m +4.71   [2mdesvio:[0m +597%   [2m(2 obs. fim_semana)[0m
2026-07-19 15:22:11 [INFO] 
2026-07-19 15:22:11 [INFO]   🔵 [94m[1mPT0002000068859597LS[0m  [2m[Cluster 0][0m
2026-07-19 15:22:11 [INFO]      consumiu MENOS que o habitual às 12h
2026-07-19 15:22:11 [INFO]      [2mReal:[0m 34.0 kWh   [2mHabitual:[0m 67.0 ± 7.1 kWh   [2mz:[0m -4.67   [2mdesvio:[0m -49%   [2m(2 obs. fim_semana)[0m
2026-07-19 15:22:11 [INFO] 
2026-07-19 15:22:11 [INFO]   🔵 [94m[1mPT0002000106102375RC[0m  [2m[sem cluster][0m
2026-07-19 15:22:11 [INFO]      consumiu MENOS que o habitual às 09h
2026-07-19 15:22:11 [INFO]      [2mReal:[0m 36.0 kWh   [2mHabitual:[0m 67.5 ± 6.8 kWh   [2mz:[0m -4.67   [2mdesvio:[0m -47%   [2m(2 obs. fim_semana)[0m
2026-07-19 15:22:11 [INFO] 
2026-07-19 15:22:11 [INFO]   🔵 [94m[1mPT0002000106102375RC[0m  [2m[sem cluster][0m
2026-07-19 15:22:11 [INFO]      consumiu MENOS que o habitual às 10h
2026-07-19 15:22:11 [INFO]      [2mReal:[0m 36.0 kWh   [2mHabitual:[0m 67.5 ± 6.8 kWh   [2mz:[0m -4.67   [2mdesvio:[0m -47%   [2m(2 obs. fim_semana)[0m
2026-07-19 15:22:11 [INFO] 
2026-07-19 15:22:11 [INFO]   🔵 [94m[1mPT0002000068859382XF[0m  [2m[Cluster 0][0m
2026-07-19 15:22:11 [INFO]      consumiu MENOS que o habitual às 14h
2026-07-19 15:22:11 [INFO]      [2mReal:[0m 39.0 kWh   [2mHabitual:[0m 73.0 ± 7.3 kWh   [2mz:[0m -4.66   [2mdesvio:[0m -47%   [2m(2 obs. fim_semana)[0m
2026-07-19 15:22:11 [INFO] 
2026-07-19 15:22:11 [INFO]   🔵 [94m[1mPT0002000068856826ZG[0m  [2m[sem cluster][0m
2026-07-19 15:22:11 [INFO]      consumiu MENOS que o habitual às 12h
2026-07-19 15:22:11 [INFO]      [2mReal:[0m 215.0 kWh   [2mHabitual:[0m 399.5 ± 40.0 kWh   [2mz:[0m -4.62   [2mdesvio:[0m -46%   [2m(2 obs. fim_semana)[0m
2026-07-19 15:22:11 [INFO] 
2026-07-19 15:22:11 [INFO]   🔵 [94m[1mPT0002000068856267NC[0m  [2m[sem cluster][0m
2026-07-19 15:22:11 [INFO]      consumiu MENOS que o habitual às 20h
2026-07-19 15:22:11 [INFO]      [2mReal:[0m 24.0 kWh   [2mHabitual:[0m 44.5 ± 4.5 kWh   [2mz:[0m -4.61   [2mdesvio:[0m -46%   [2m(2 obs. fim_semana)[0m
2026-07-19 15:22:11 [INFO] 
2026-07-19 15:22:11 [INFO]   🔵 [94m[1mPT0002000106102375RC[0m  [2m[sem cluster][0m
2026-07-19 15:22:11 [INFO]      consumiu MENOS que o habitual às 11h
2026-07-19 15:22:11 [INFO]      [2mReal:[0m 37.0 kWh   [2mHabitual:[0m 68.5 ± 6.8 kWh   [2mz:[0m -4.60   [2mdesvio:[0m -46%   [2m(2 obs. fim_semana)[0m
2026-07-19 15:22:11 [INFO] 
2026-07-19 15:22:11 [INFO]   🔵 [94m[1mPT0002000101964938LF[0m  [2m[Cluster 0][0m
2026-07-19 15:22:11 [INFO]      consumiu MENOS que o habitual às 07h
2026-07-19 15:22:11 [INFO]      [2mReal:[0m 10.0 kWh   [2mHabitual:[0m 18.5 ± 1.9 kWh   [2mz:[0m -4.59   [2mdesvio:[0m -46%   [2m(2 obs. fim_semana)[0m
2026-07-19 15:22:11 [INFO] 
2026-07-19 15:22:11 [INFO]   🔵 [94m[1mPT0002000112989585PH[0m  [2m[Cluster 0][0m
2026-07-19 15:22:11 [INFO]      consumiu MENOS que o habitual às 19h
2026-07-19 15:22:11 [INFO]      [2mReal:[0m 32.0 kWh   [2mHabitual:[0m 59.0 ± 5.9 kWh   [2mz:[0m -4.58   [2mdesvio:[0m -46%   [2m(2 obs. fim_semana)[0m
2026-07-19 15:22:11 [INFO] 
2026-07-19 15:22:11 [INFO]   🔵 [94m[1mPT0002000068859597LS[0m  [2m[Cluster 0][0m
2026-07-19 15:22:11 [INFO]      consumiu MENOS que o habitual às 13h
2026-07-19 15:22:11 [INFO]      [2mReal:[0m 35.0 kWh   [2mHabitual:[0m 64.5 ± 6.5 kWh   [2mz:[0m -4.57   [2mdesvio:[0m -46%   [2m(2 obs. fim_semana)[0m
2026-07-19 15:22:11 [INFO] 
2026-07-19 15:22:11 [INFO]   🔵 [94m[1mPT0002000116530964LH[0m  [2m[sem cluster][0m
2026-07-19 15:22:11 [INFO]      consumiu MENOS que o habitual às 13h
2026-07-19 15:22:11 [INFO]      [2mReal:[0m 89.0 kWh   [2mHabitual:[0m 164.0 ± 16.4 kWh   [2mz:[0m -4.57   [2mdesvio:[0m -46%   [2m(2 obs. fim_semana)[0m
2026-07-19 15:22:11 [INFO] 
2026-07-19 15:22:11 [INFO]   🔵 [94m[1mPT0002000101964938LF[0m  [2m[Cluster 0][0m
2026-07-19 15:22:11 [INFO]      consumiu MENOS que o habitual às 11h
2026-07-19 15:22:11 [INFO]      [2mReal:[0m 10.0 kWh   [2mHabitual:[0m 45.5 ± 7.8 kWh   [2mz:[0m -4.56   [2mdesvio:[0m -78%   [2m(2 obs. fim_semana)[0m
2026-07-19 15:22:11 [INFO] 
2026-07-19 15:22:11 [INFO]   🔵 [94m[1mPT0002000068859382XF[0m  [2m[Cluster 0][0m
2026-07-19 15:22:11 [INFO]      consumiu MENOS que o habitual às 12h
2026-07-19 15:22:11 [INFO]      [2mReal:[0m 40.0 kWh   [2mHabitual:[0m 73.0 ± 7.3 kWh   [2mz:[0m -4.52   [2mdesvio:[0m -45%   [2m(2 obs. fim_semana)[0m
2026-07-19 15:22:11 [INFO] 
2026-07-19 15:22:11 [INFO]   🔵 [94m[1mPT0002000106102375RC[0m  [2m[sem cluster][0m
2026-07-19 15:22:11 [INFO]      consumiu MENOS que o habitual às 13h
2026-07-19 15:22:11 [INFO]      [2mReal:[0m 39.0 kWh   [2mHabitual:[0m 71.0 ± 7.1 kWh   [2mz:[0m -4.51   [2mdesvio:[0m -45%   [2m(2 obs. fim_semana)[0m
2026-07-19 15:22:11 [INFO] 
2026-07-19 15:22:11 [INFO]   🔵 [94m[1mPT0002000068859382XF[0m  [2m[Cluster 0][0m
2026-07-19 15:22:11 [INFO]      consumiu MENOS que o habitual às 13h
2026-07-19 15:22:11 [INFO]      [2mReal:[0m 38.0 kWh   [2mHabitual:[0m 69.0 ± 6.9 kWh   [2mz:[0m -4.49   [2mdesvio:[0m -45%   [2m(2 obs. fim_semana)[0m
2026-07-19 15:22:11 [INFO] 
2026-07-19 15:22:11 [INFO]   🔵 [94m[1mPT0002000068856267NC[0m  [2m[sem cluster][0m
2026-07-19 15:22:11 [INFO]      consumiu MENOS que o habitual às 12h
2026-07-19 15:22:11 [INFO]      [2mReal:[0m 17.0 kWh   [2mHabitual:[0m 55.0 ± 8.5 kWh   [2mz:[0m -4.48   [2mdesvio:[0m -69%   [2m(2 obs. fim_semana)[0m
2026-07-19 15:22:11 [INFO] 
2026-07-19 15:22:11 [INFO]   🔵 [94m[1mPT0002000073481266XH[0m  [2m[Cluster 0][0m
2026-07-19 15:22:11 [INFO]      consumiu MENOS que o habitual às 18h
2026-07-19 15:22:11 [INFO]      [2mReal:[0m 7.0 kWh   [2mHabitual:[0m 16.5 ± 2.1 kWh   [2mz:[0m -4.48   [2mdesvio:[0m -58%   [2m(2 obs. fim_semana)[0m
2026-07-19 15:22:11 [INFO] 
2026-07-19 15:22:11 [INFO]   🔵 [94m[1mPT0002000106102375RC[0m  [2m[sem cluster][0m
2026-07-19 15:22:11 [INFO]      consumiu MENOS que o habitual às 12h
2026-07-19 15:22:11 [INFO]      [2mReal:[0m 40.0 kWh   [2mHabitual:[0m 72.5 ± 7.2 kWh   [2mz:[0m -4.48   [2mdesvio:[0m -45%   [2m(2 obs. fim_semana)[0m
2026-07-19 15:22:11 [INFO] 
2026-07-19 15:22:11 [INFO]   🔵 [94m[1mPT0002000119303492KB[0m  [2m[Cluster 0][0m
2026-07-19 15:22:11 [INFO]      consumiu MENOS que o habitual às 18h
2026-07-19 15:22:11 [INFO]      [2mReal:[0m 4.0 kWh   [2mHabitual:[0m 13.5 ± 2.1 kWh   [2mz:[0m -4.48   [2mdesvio:[0m -70%   [2m(2 obs. fim_semana)[0m
2026-07-19 15:22:11 [INFO] 
2026-07-19 15:22:11 [INFO]   🔵 [94m[1mPT0002000125379984SH[0m  [2m[Cluster 1][0m
2026-07-19 15:22:11 [INFO]      consumiu MENOS que o habitual às 17h
2026-07-19 15:22:11 [INFO]      [2mReal:[0m 4.0 kWh   [2mHabitual:[0m 13.5 ± 2.1 kWh   [2mz:[0m -4.48   [2mdesvio:[0m -70%   [2m(2 obs. fim_semana)[0m
2026-07-19 15:22:11 [INFO] 
2026-07-19 15:22:11 [INFO]   🔵 [94m[1mPT0002000068856267NC[0m  [2m[sem cluster][0m
2026-07-19 15:22:11 [INFO]      consumiu MENOS que o habitual às 10h
2026-07-19 15:22:11 [INFO]      [2mReal:[0m 17.0 kWh   [2mHabitual:[0m 61.0 ± 9.9 kWh   [2mz:[0m -4.44   [2mdesvio:[0m -72%   [2m(2 obs. fim_semana)[0m
2026-07-19 15:22:11 [INFO] 
2026-07-19 15:22:11 [INFO]   🔵 [94m[1mPT0002000068859382XF[0m  [2m[Cluster 0][0m
2026-07-19 15:22:11 [INFO]      consumiu MENOS que o habitual às 16h
2026-07-19 15:22:11 [INFO]      [2mReal:[0m 40.0 kWh   [2mHabitual:[0m 72.0 ± 7.2 kWh   [2mz:[0m -4.44   [2mdesvio:[0m -44%   [2m(2 obs. fim_semana)[0m
2026-07-19 15:22:11 [INFO] 
2026-07-19 15:22:11 [INFO]   🔵 [94m[1mPT0002000112989585PH[0m  [2m[Cluster 0][0m
2026-07-19 15:22:11 [INFO]      consumiu MENOS que o habitual às 07h
2026-07-19 15:22:11 [INFO]      [2mReal:[0m 29.0 kWh   [2mHabitual:[0m 51.5 ± 5.2 kWh   [2mz:[0m -4.37   [2mdesvio:[0m -44%   [2m(2 obs. fim_semana)[0m
2026-07-19 15:22:11 [INFO] 
2026-07-19 15:22:11 [INFO]   🔵 [94m[1mPT0002000033074862LZ[0m  [2m[Cluster 0][0m
2026-07-19 15:22:11 [INFO]      consumiu MENOS que o habitual às 16h
2026-07-19 15:22:11 [INFO]      [2mReal:[0m 11.0 kWh   [2mHabitual:[0m 19.5 ± 1.9 kWh   [2mz:[0m -4.36   [2mdesvio:[0m -44%   [2m(2 obs. fim_semana)[0m
2026-07-19 15:22:11 [INFO] 
2026-07-19 15:22:11 [INFO]   🔵 [94m[1mPT0002000101964938LF[0m  [2m[Cluster 0][0m
2026-07-19 15:22:11 [INFO]      consumiu MENOS que o habitual às 12h
2026-07-19 15:22:11 [INFO]      [2mReal:[0m 10.0 kWh   [2mHabitual:[0m 47.0 ± 8.5 kWh   [2mz:[0m -4.36   [2mdesvio:[0m -79%   [2m(2 obs. fim_semana)[0m
2026-07-19 15:22:11 [INFO] 
2026-07-19 15:22:11 [INFO]   🔵 [94m[1mPT0002000068855003AK[0m  [2m[sem cluster][0m
2026-07-19 15:22:11 [INFO]      consumiu MENOS que o habitual às 10h
2026-07-19 15:22:11 [INFO]      [2mReal:[0m 13.0 kWh   [2mHabitual:[0m 23.0 ± 2.3 kWh   [2mz:[0m -4.35   [2mdesvio:[0m -43%   [2m(2 obs. fim_semana)[0m
2026-07-19 15:22:11 [INFO] 
2026-07-19 15:22:11 [INFO]   🔵 [94m[1mPT0002000116530964LH[0m  [2m[sem cluster][0m
2026-07-19 15:22:11 [INFO]      consumiu MENOS que o habitual às 17h
2026-07-19 15:22:11 [INFO]      [2mReal:[0m 82.0 kWh   [2mHabitual:[0m 168.0 ± 19.8 kWh   [2mz:[0m -4.34   [2mdesvio:[0m -51%   [2m(2 obs. fim_semana)[0m
2026-07-19 15:22:11 [INFO] 
2026-07-19 15:22:11 [INFO]   🔵 [94m[1mPT0002000078294957RQ[0m  [2m[Cluster 0][0m
2026-07-19 15:22:11 [INFO]      consumiu MENOS que o habitual às 11h
2026-07-19 15:22:11 [INFO]      [2mReal:[0m 8.0 kWh   [2mHabitual:[0m 35.5 ± 6.4 kWh   [2mz:[0m -4.32   [2mdesvio:[0m -77%   [2m(2 obs. fim_semana)[0m
2026-07-19 15:22:11 [INFO] 
2026-07-19 15:22:11 [INFO]   🔵 [94m[1mPT0002000106102375RC[0m  [2m[sem cluster][0m
2026-07-19 15:22:11 [INFO]      consumiu MENOS que o habitual às 14h
2026-07-19 15:22:11 [INFO]      [2mReal:[0m 39.0 kWh   [2mHabitual:[0m 68.5 ± 6.8 kWh   [2mz:[0m -4.31   [2mdesvio:[0m -43%   [2m(2 obs. fim_semana)[0m
2026-07-19 15:22:11 [INFO] 
2026-07-19 15:22:11 [INFO]   🔵 [94m[1mPT0002000068855003AK[0m  [2m[sem cluster][0m
2026-07-19 15:22:11 [INFO]      consumiu MENOS que o habitual às 09h
2026-07-19 15:22:11 [INFO]      [2mReal:[0m 10.0 kWh   [2mHabitual:[0m 17.5 ± 1.8 kWh   [2mz:[0m -4.29   [2mdesvio:[0m -43%   [2m(2 obs. fim_semana)[0m
2026-07-19 15:22:11 [INFO] 
2026-07-19 15:22:11 [INFO]   🔵 [94m[1mPT0002000068856826ZG[0m  [2m[sem cluster][0m
2026-07-19 15:22:11 [INFO]      consumiu MENOS que o habitual às 10h
2026-07-19 15:22:11 [INFO]      [2mReal:[0m 258.0 kWh   [2mHabitual:[0m 451.5 ± 45.1 kWh   [2mz:[0m -4.29   [2mdesvio:[0m -43%   [2m(2 obs. fim_semana)[0m
2026-07-19 15:22:11 [INFO] 
2026-07-19 15:22:11 [INFO]   🔵 [94m[1mPT0002000077394934QY[0m  [2m[Cluster 0][0m
2026-07-19 15:22:11 [INFO]      consumiu MENOS que o habitual às 11h
2026-07-19 15:22:11 [INFO]      [2mReal:[0m 72.0 kWh   [2mHabitual:[0m 126.0 ± 12.6 kWh   [2mz:[0m -4.29   [2mdesvio:[0m -43%   [2m(2 obs. fim_semana)[0m
2026-07-19 15:22:11 [INFO] 
2026-07-19 15:22:11 [INFO]   🔵 [94m[1mPT0002000078294957RQ[0m  [2m[Cluster 0][0m
2026-07-19 15:22:11 [INFO]      consumiu MENOS que o habitual às 07h
2026-07-19 15:22:11 [INFO]      [2mReal:[0m 6.0 kWh   [2mHabitual:[0m 10.5 ± 1.1 kWh   [2mz:[0m -4.29   [2mdesvio:[0m -43%   [2m(2 obs. fim_semana)[0m
2026-07-19 15:22:11 [INFO] 
2026-07-19 15:22:11 [INFO]   🔵 [94m[1mPT0002000106102375RC[0m  [2m[sem cluster][0m
2026-07-19 15:22:11 [INFO]      consumiu MENOS que o habitual às 08h
2026-07-19 15:22:11 [INFO]      [2mReal:[0m 34.0 kWh   [2mHabitual:[0m 59.5 ± 6.0 kWh   [2mz:[0m -4.29   [2mdesvio:[0m -43%   [2m(2 obs. fim_semana)[0m
2026-07-19 15:22:11 [INFO] 
2026-07-19 15:22:11 [INFO]   🔵 [94m[1mPT0002000115700602GW[0m  [2m[Cluster 0][0m
2026-07-19 15:22:11 [INFO]      consumiu MENOS que o habitual às 18h
2026-07-19 15:22:11 [INFO]      [2mReal:[0m 8.0 kWh   [2mHabitual:[0m 14.0 ± 1.4 kWh   [2mz:[0m -4.29   [2mdesvio:[0m -43%   [2m(2 obs. fim_semana)[0m
2026-07-19 15:22:11 [INFO] 
2026-07-19 15:22:11 [INFO]   🔴 [91m[1mPT0002000068859393XH[0m  [2m[Cluster 1][0m
2026-07-19 15:22:11 [INFO]      consumiu MAIS que o habitual às 10h
2026-07-19 15:22:11 [INFO]      [2mReal:[0m 142.0 kWh   [2mHabitual:[0m 99.5 ± 9.9 kWh   [2mz:[0m +4.27   [2mdesvio:[0m +43%   [2m(2 obs. fim_semana)[0m
2026-07-19 15:22:11 [INFO] 
2026-07-19 15:22:11 [INFO]   🔵 [94m[1mPT0002000068855003AK[0m  [2m[sem cluster][0m
2026-07-19 15:22:11 [INFO]      consumiu MENOS que o habitual às 11h
2026-07-19 15:22:11 [INFO]      [2mReal:[0m 17.0 kWh   [2mHabitual:[0m 29.5 ± 3.0 kWh   [2mz:[0m -4.24   [2mdesvio:[0m -42%   [2m(2 obs. fim_semana)[0m
2026-07-19 15:22:11 [INFO] 
2026-07-19 15:22:11 [INFO]   🔵 [94m[1mPT0002000068856267NC[0m  [2m[sem cluster][0m
2026-07-19 15:22:11 [INFO]      consumiu MENOS que o habitual às 13h
2026-07-19 15:22:11 [INFO]      [2mReal:[0m 17.0 kWh   [2mHabitual:[0m 35.0 ± 4.2 kWh   [2mz:[0m -4.24   [2mdesvio:[0m -51%   [2m(2 obs. fim_semana)[0m
2026-07-19 15:22:11 [INFO] 
2026-07-19 15:22:11 [INFO]   🔵 [94m[1mPT0002000068859187RL[0m  [2m[Cluster 0][0m
2026-07-19 15:22:11 [INFO]      consumiu MENOS que o habitual às 08h
2026-07-19 15:22:11 [INFO]      [2mReal:[0m 18.0 kWh   [2mHabitual:[0m 66.0 ± 11.3 kWh   [2mz:[0m -4.24   [2mdesvio:[0m -73%   [2m(2 obs. fim_semana)[0m
2026-07-19 15:22:11 [INFO] 
2026-07-19 15:22:11 [INFO]   🔵 [94m[1mPT0002000073481266XH[0m  [2m[Cluster 0][0m
2026-07-19 15:22:11 [INFO]      consumiu MENOS que o habitual às 08h
2026-07-19 15:22:11 [INFO]      [2mReal:[0m 5.0 kWh   [2mHabitual:[0m 35.0 ± 7.1 kWh   [2mz:[0m -4.24   [2mdesvio:[0m -86%   [2m(2 obs. fim_semana)[0m
2026-07-19 15:22:11 [INFO] 
2026-07-19 15:22:11 [INFO]   🔵 [94m[1mPT0002000068859597LS[0m  [2m[Cluster 0][0m
2026-07-19 15:22:11 [INFO]      consumiu MENOS que o habitual às 16h
2026-07-19 15:22:11 [INFO]      [2mReal:[0m 33.0 kWh   [2mHabitual:[0m 57.0 ± 5.7 kWh   [2mz:[0m -4.21   [2mdesvio:[0m -42%   [2m(2 obs. fim_semana)[0m
2026-07-19 15:22:11 [INFO] 
2026-07-19 15:22:11 [INFO]   🔴 [91m[1mPT0002000116530964LH[0m  [2m[sem cluster][0m
2026-07-19 15:22:11 [INFO]      consumiu MAIS que o habitual às 00h
2026-07-19 15:22:11 [INFO]      [2mReal:[0m 125.0 kWh   [2mHabitual:[0m 88.0 ± 8.8 kWh   [2mz:[0m +4.20   [2mdesvio:[0m +42%   [2m(2 obs. fim_semana)[0m
2026-07-19 15:22:11 [INFO] 
2026-07-19 15:22:11 [INFO]   🔵 [94m[1mPT0002000068855003AK[0m  [2m[sem cluster][0m
2026-07-19 15:22:11 [INFO]      consumiu MENOS que o habitual às 08h
2026-07-19 15:22:11 [INFO]      [2mReal:[0m 9.0 kWh   [2mHabitual:[0m 15.5 ± 1.6 kWh   [2mz:[0m -4.19   [2mdesvio:[0m -42%   [2m(2 obs. fim_semana)[0m
2026-07-19 15:22:11 [INFO] 
2026-07-19 15:22:11 [INFO]   🔵 [94m[1mPT0002000115673471CB[0m  [2m[Cluster 0][0m
2026-07-19 15:22:11 [INFO]      consumiu MENOS que o habitual às 14h
2026-07-19 15:22:11 [INFO]      [2mReal:[0m 11.0 kWh   [2mHabitual:[0m 37.5 ± 6.4 kWh   [2mz:[0m -4.16   [2mdesvio:[0m -71%   [2m(2 obs. fim_semana)[0m
2026-07-19 15:22:11 [INFO] 
2026-07-19 15:22:11 [INFO]   🔵 [94m[1mPT0002000073231742VK[0m  [2m[Cluster 0][0m
2026-07-19 15:22:11 [INFO]      consumiu MENOS que o habitual às 15h
2026-07-19 15:22:11 [INFO]      [2mReal:[0m 12.0 kWh   [2mHabitual:[0m 20.5 ± 2.0 kWh   [2mz:[0m -4.15   [2mdesvio:[0m -41%   [2m(2 obs. fim_semana)[0m
2026-07-19 15:22:11 [INFO] 
2026-07-19 15:22:11 [INFO]   🔵 [94m[1mPT0002000073231742VK[0m  [2m[Cluster 0][0m
2026-07-19 15:22:11 [INFO]      consumiu MENOS que o habitual às 16h
2026-07-19 15:22:11 [INFO]      [2mReal:[0m 12.0 kWh   [2mHabitual:[0m 20.5 ± 2.0 kWh   [2mz:[0m -4.15   [2mdesvio:[0m -41%   [2m(2 obs. fim_semana)[0m
2026-07-19 15:22:11 [INFO] 
2026-07-19 15:22:11 [INFO]   🔵 [94m[1mPT0002000073231742VK[0m  [2m[Cluster 0][0m
2026-07-19 15:22:11 [INFO]      consumiu MENOS que o habitual às 11h
2026-07-19 15:22:11 [INFO]      [2mReal:[0m 12.0 kWh   [2mHabitual:[0m 32.5 ± 5.0 kWh   [2mz:[0m -4.14   [2mdesvio:[0m -63%   [2m(2 obs. fim_semana)[0m
2026-07-19 15:22:11 [INFO] 
2026-07-19 15:22:11 [INFO]   🔵 [94m[1mPT0002000112989585PH[0m  [2m[Cluster 0][0m
2026-07-19 15:22:11 [INFO]      consumiu MENOS que o habitual às 18h
2026-07-19 15:22:11 [INFO]      [2mReal:[0m 10.0 kWh   [2mHabitual:[0m 39.0 ± 7.1 kWh   [2mz:[0m -4.10   [2mdesvio:[0m -74%   [2m(2 obs. fim_semana)[0m
2026-07-19 15:22:11 [INFO] 
2026-07-19 15:22:11 [INFO]   🔵 [94m[1mPT0002000101964938LF[0m  [2m[Cluster 0][0m
2026-07-19 15:22:11 [INFO]      consumiu MENOS que o habitual às 09h
2026-07-19 15:22:11 [INFO]      [2mReal:[0m 10.0 kWh   [2mHabitual:[0m 33.0 ± 5.7 kWh   [2mz:[0m -4.07   [2mdesvio:[0m -70%   [2m(2 obs. fim_semana)[0m
2026-07-19 15:22:11 [INFO] 
2026-07-19 15:22:11 [INFO]   🔵 [94m[1mPT0002000111572054VT[0m  [2m[sem cluster][0m
2026-07-19 15:22:11 [INFO]      consumiu MENOS que o habitual às 15h
2026-07-19 15:22:11 [INFO]      [2mReal:[0m 0.0 kWh   [2mHabitual:[0m 31.5 ± 7.8 kWh   [2mz:[0m -4.05   [2mdesvio:[0m -100%   [2m(2 obs. fim_semana)[0m
2026-07-19 15:22:11 [INFO] 
2026-07-19 15:22:11 [INFO]   🔵 [94m[1mPT0002000073231742VK[0m  [2m[Cluster 0][0m
2026-07-19 15:22:11 [INFO]      consumiu MENOS que o habitual às 17h
2026-07-19 15:22:11 [INFO]      [2mReal:[0m 12.0 kWh   [2mHabitual:[0m 20.5 ± 2.1 kWh   [2mz:[0m -4.01   [2mdesvio:[0m -41%   [2m(2 obs. fim_semana)[0m
2026-07-19 15:22:11 [INFO] 
2026-07-19 15:22:11 [INFO]   🔵 [94m[1mPT0002000068857099AR[0m  [2m[Cluster 1][0m
2026-07-19 15:22:11 [INFO]      consumiu MENOS que o habitual às 02h
2026-07-19 15:22:11 [INFO]      [2mReal:[0m 3.0 kWh   [2mHabitual:[0m 5.0 ± 0.5 kWh   [2mz:[0m -4.00   [2mdesvio:[0m -40%   [2m(2 obs. fim_semana)[0m
2026-07-19 15:22:11 [INFO] 
2026-07-19 15:22:11 [INFO]   🔵 [94m[1mPT0002000068859597LS[0m  [2m[Cluster 0][0m
2026-07-19 15:22:11 [INFO]      consumiu MENOS que o habitual às 08h
2026-07-19 15:22:11 [INFO]      [2mReal:[0m 30.0 kWh   [2mHabitual:[0m 50.0 ± 5.0 kWh   [2mz:[0m -4.00   [2mdesvio:[0m -40%   [2m(2 obs. fim_semana)[0m
2026-07-19 15:22:11 [INFO] 
2026-07-19 15:22:11 [INFO]   🔴 [91m[1mPT0002000078294957RQ[0m  [2m[Cluster 0][0m
2026-07-19 15:22:11 [INFO]      consumiu MAIS que o habitual às 05h
2026-07-19 15:22:11 [INFO]      [2mReal:[0m 7.0 kWh   [2mHabitual:[0m 5.0 ± 0.5 kWh   [2mz:[0m +4.00   [2mdesvio:[0m +40%   [2m(2 obs. fim_semana)[0m
2026-07-19 15:22:11 [INFO] 
2026-07-19 15:22:11 [INFO]   🔴 [91m[1mPT0002000078294957RQ[0m  [2m[Cluster 0][0m
2026-07-19 15:22:11 [INFO]      consumiu MAIS que o habitual às 06h
2026-07-19 15:22:11 [INFO]      [2mReal:[0m 7.0 kWh   [2mHabitual:[0m 5.0 ± 0.5 kWh   [2mz:[0m +4.00   [2mdesvio:[0m +40%   [2m(2 obs. fim_semana)[0m
2026-07-19 15:22:11 [INFO] 
2026-07-19 15:22:11 [INFO]   🔵 [94m[1mPT0002000115031201VQ[0m  [2m[Cluster 0][0m
2026-07-19 15:22:11 [INFO]      consumiu MENOS que o habitual às 01h
2026-07-19 15:22:11 [INFO]      [2mReal:[0m 3.0 kWh   [2mHabitual:[0m 5.0 ± 0.5 kWh   [2mz:[0m -4.00   [2mdesvio:[0m -40%   [2m(2 obs. fim_semana)[0m
2026-07-19 15:22:11 [INFO] 
2026-07-19 15:22:11 [INFO]   🔵 [94m[1mPT0002000115031201VQ[0m  [2m[Cluster 0][0m
2026-07-19 15:22:11 [INFO]      consumiu MENOS que o habitual às 06h
2026-07-19 15:22:11 [INFO]      [2mReal:[0m 3.0 kWh   [2mHabitual:[0m 5.0 ± 0.5 kWh   [2mz:[0m -4.00   [2mdesvio:[0m -40%   [2m(2 obs. fim_semana)[0m
2026-07-19 15:22:11 [INFO] 
2026-07-19 15:22:11 [INFO]   🔵 [94m[1mPT0002000077394934QY[0m  [2m[Cluster 0][0m
2026-07-19 15:22:11 [INFO]      consumiu MENOS que o habitual às 15h
2026-07-19 15:22:11 [INFO]      [2mReal:[0m 73.0 kWh   [2mHabitual:[0m 121.5 ± 12.2 kWh   [2mz:[0m -3.99   [2mdesvio:[0m -40%   [2m(2 obs. fim_semana)[0m
2026-07-19 15:22:11 [INFO] 
2026-07-19 15:22:11 [INFO]   🔴 [91m[1mPT0002000077348081AG[0m  [2m[sem cluster][0m
2026-07-19 15:22:11 [INFO]      consumiu MAIS que o habitual às 08h
2026-07-19 15:22:11 [INFO]      [2mReal:[0m 135.0 kWh   [2mHabitual:[0m 81.5 ± 13.4 kWh   [2mz:[0m +3.98   [2mdesvio:[0m +66%   [2m(2 obs. fim_semana)[0m
2026-07-19 15:22:11 [INFO] 
2026-07-19 15:22:11 [INFO]   🔵 [94m[1mPT0002000033074862LZ[0m  [2m[Cluster 0][0m
2026-07-19 15:22:11 [INFO]      consumiu MENOS que o habitual às 09h
2026-07-19 15:22:11 [INFO]      [2mReal:[0m 11.0 kWh   [2mHabitual:[0m 50.0 ± 9.9 kWh   [2mz:[0m -3.94   [2mdesvio:[0m -78%   [2m(2 obs. fim_semana)[0m
2026-07-19 15:22:11 [INFO] 
2026-07-19 15:22:11 [INFO]   🔴 [91m[1mPT0002000068859325FL[0m  [2m[Cluster 1][0m
2026-07-19 15:22:11 [INFO]      consumiu MAIS que o habitual às 06h
2026-07-19 15:22:11 [INFO]      [2mReal:[0m 140.0 kWh   [2mHabitual:[0m 62.0 ± 19.8 kWh   [2mz:[0m +3.94   [2mdesvio:[0m +126%   [2m(2 obs. fim_semana)[0m
2026-07-19 15:22:11 [INFO] 
2026-07-19 15:22:11 [INFO]   🔵 [94m[1mPT0002000106102375RC[0m  [2m[sem cluster][0m
2026-07-19 15:22:11 [INFO]      consumiu MENOS que o habitual às 15h
2026-07-19 15:22:11 [INFO]      [2mReal:[0m 39.0 kWh   [2mHabitual:[0m 64.0 ± 6.4 kWh   [2mz:[0m -3.91   [2mdesvio:[0m -39%   [2m(2 obs. fim_semana)[0m
2026-07-19 15:22:11 [INFO] 
2026-07-19 15:22:11 [INFO]   🔵 [94m[1mPT0002000115673389QK[0m  [2m[Cluster 0][0m
2026-07-19 15:22:11 [INFO]      consumiu MENOS que o habitual às 09h
2026-07-19 15:22:11 [INFO]      [2mReal:[0m 23.0 kWh   [2mHabitual:[0m 64.5 ± 10.6 kWh   [2mz:[0m -3.91   [2mdesvio:[0m -64%   [2m(2 obs. fim_semana)[0m
2026-07-19 15:22:11 [INFO] 
2026-07-19 15:22:11 [INFO]   🔵 [94m[1mPT0002000115673389QK[0m  [2m[Cluster 0][0m
2026-07-19 15:22:11 [INFO]      consumiu MENOS que o habitual às 14h
2026-07-19 15:22:11 [INFO]      [2mReal:[0m 21.0 kWh   [2mHabitual:[0m 73.5 ± 13.4 kWh   [2mz:[0m -3.91   [2mdesvio:[0m -71%   [2m(2 obs. fim_semana)[0m
2026-07-19 15:22:11 [INFO] 
2026-07-19 15:22:11 [INFO]   🔵 [94m[1mPT0002000068859597LS[0m  [2m[Cluster 0][0m
2026-07-19 15:22:11 [INFO]      consumiu MENOS que o habitual às 09h
2026-07-19 15:22:11 [INFO]      [2mReal:[0m 31.0 kWh   [2mHabitual:[0m 64.0 ± 8.5 kWh   [2mz:[0m -3.89   [2mdesvio:[0m -52%   [2m(2 obs. fim_semana)[0m
2026-07-19 15:22:11 [INFO] 
2026-07-19 15:22:11 [INFO]   🔵 [94m[1mPT0002000101964938LF[0m  [2m[Cluster 0][0m
2026-07-19 15:22:11 [INFO]      consumiu MENOS que o habitual às 18h
2026-07-19 15:22:11 [INFO]      [2mReal:[0m 11.0 kWh   [2mHabitual:[0m 44.0 ± 8.5 kWh   [2mz:[0m -3.89   [2mdesvio:[0m -75%   [2m(2 obs. fim_semana)[0m
2026-07-19 15:22:11 [INFO] 
2026-07-19 15:22:11 [INFO]   🔵 [94m[1mPT0002000120237616VJ[0m  [2m[Cluster 0][0m
2026-07-19 15:22:11 [INFO]      consumiu MENOS que o habitual às 19h
2026-07-19 15:22:11 [INFO]      [2mReal:[0m 11.0 kWh   [2mHabitual:[0m 18.0 ± 1.8 kWh   [2mz:[0m -3.89   [2mdesvio:[0m -39%   [2m(2 obs. fim_semana)[0m
2026-07-19 15:22:11 [INFO] 
2026-07-19 15:22:11 [INFO]   🔵 [94m[1mPT0002000068859187RL[0m  [2m[Cluster 0][0m
2026-07-19 15:22:11 [INFO]      consumiu MENOS que o habitual às 07h
2026-07-19 15:22:11 [INFO]      [2mReal:[0m 16.0 kWh   [2mHabitual:[0m 26.0 ± 2.6 kWh   [2mz:[0m -3.85   [2mdesvio:[0m -38%   [2m(2 obs. fim_semana)[0m
2026-07-19 15:22:11 [INFO] 
2026-07-19 15:22:11 [INFO]   🔵 [94m[1mPT0002000068859187RL[0m  [2m[Cluster 0][0m
2026-07-19 15:22:11 [INFO]      consumiu MENOS que o habitual às 13h
2026-07-19 15:22:11 [INFO]      [2mReal:[0m 20.0 kWh   [2mHabitual:[0m 74.0 ± 14.1 kWh   [2mz:[0m -3.82   [2mdesvio:[0m -73%   [2m(2 obs. fim_semana)[0m
2026-07-19 15:22:11 [INFO] 
2026-07-19 15:22:11 [INFO]   🔵 [94m[1mPT0002000114613364CC[0m  [2m[sem cluster][0m
2026-07-19 15:22:11 [INFO]      consumiu MENOS que o habitual às 15h
2026-07-19 15:22:11 [INFO]      [2mReal:[0m 119.0 kWh   [2mHabitual:[0m 192.5 ± 19.2 kWh   [2mz:[0m -3.82   [2mdesvio:[0m -38%   [2m(2 obs. fim_semana)[0m
2026-07-19 15:22:11 [INFO] 
2026-07-19 15:22:11 [INFO]   🔵 [94m[1mPT0002000115031201VQ[0m  [2m[Cluster 0][0m
2026-07-19 15:22:11 [INFO]      consumiu MENOS que o habitual às 17h
2026-07-19 15:22:11 [INFO]      [2mReal:[0m 3.0 kWh   [2mHabitual:[0m 16.5 ± 3.5 kWh   [2mz:[0m -3.82   [2mdesvio:[0m -82%   [2m(2 obs. fim_semana)[0m
2026-07-19 15:22:11 [INFO] 
2026-07-19 15:22:11 [INFO]   🔵 [94m[1mPT0002000106102375RC[0m  [2m[sem cluster][0m
2026-07-19 15:22:11 [INFO]      consumiu MENOS que o habitual às 16h
2026-07-19 15:22:11 [INFO]      [2mReal:[0m 39.0 kWh   [2mHabitual:[0m 63.0 ± 6.3 kWh   [2mz:[0m -3.81   [2mdesvio:[0m -38%   [2m(2 obs. fim_semana)[0m
2026-07-19 15:22:11 [INFO] 
2026-07-19 15:22:11 [INFO]   🔵 [94m[1mPT0002000116530964LH[0m  [2m[sem cluster][0m
2026-07-19 15:22:11 [INFO]      consumiu MENOS que o habitual às 08h
2026-07-19 15:22:11 [INFO]      [2mReal:[0m 91.0 kWh   [2mHabitual:[0m 147.0 ± 14.7 kWh   [2mz:[0m -3.81   [2mdesvio:[0m -38%   [2m(2 obs. fim_semana)[0m
2026-07-19 15:22:11 [INFO] 
2026-07-19 15:22:11 [INFO]   🔵 [94m[1mPT0002000116530964LH[0m  [2m[sem cluster][0m
2026-07-19 15:22:11 [INFO]      consumiu MENOS que o habitual às 18h
2026-07-19 15:22:11 [INFO]      [2mReal:[0m 81.0 kWh   [2mHabitual:[0m 166.0 ± 22.6 kWh   [2mz:[0m -3.76   [2mdesvio:[0m -51%   [2m(2 obs. fim_semana)[0m
2026-07-19 15:22:11 [INFO] 
2026-07-19 15:22:11 [INFO]   🔴 [91m[1mPT0002000068856974CZ[0m  [2m[sem cluster][0m
2026-07-19 15:22:11 [INFO]      consumiu MAIS que o habitual às 23h
2026-07-19 15:22:11 [INFO]      [2mReal:[0m 14.0 kWh   [2mHabitual:[0m 9.7 ± 1.1 kWh   [2mz:[0m +3.75   [2mdesvio:[0m +45%   [2m(3 obs. fim_semana)[0m
2026-07-19 15:22:11 [INFO] 
2026-07-19 15:22:11 [INFO]   🔵 [94m[1mPT0002000068855003AK[0m  [2m[sem cluster][0m
2026-07-19 15:22:11 [INFO]      consumiu MENOS que o habitual às 15h
2026-07-19 15:22:11 [INFO]      [2mReal:[0m 26.0 kWh   [2mHabitual:[0m 44.5 ± 5.0 kWh   [2mz:[0m -3.74   [2mdesvio:[0m -42%   [2m(2 obs. fim_semana)[0m
2026-07-19 15:22:11 [INFO] 
2026-07-19 15:22:11 [INFO]   🔵 [94m[1mPT0002000114613364CC[0m  [2m[sem cluster][0m
2026-07-19 15:22:11 [INFO]      consumiu MENOS que o habitual às 14h
2026-07-19 15:22:11 [INFO]      [2mReal:[0m 118.0 kWh   [2mHabitual:[0m 188.5 ± 18.9 kWh   [2mz:[0m -3.74   [2mdesvio:[0m -37%   [2m(2 obs. fim_semana)[0m
2026-07-19 15:22:11 [INFO] 
2026-07-19 15:22:11 [INFO]   🔵 [94m[1mPT0002000114685657JR[0m  [2m[Cluster 0][0m
2026-07-19 15:22:11 [INFO]      consumiu MENOS que o habitual às 16h
2026-07-19 15:22:11 [INFO]      [2mReal:[0m 160.0 kWh   [2mHabitual:[0m 257.5 ± 26.2 kWh   [2mz:[0m -3.73   [2mdesvio:[0m -38%   [2m(2 obs. fim_semana)[0m
2026-07-19 15:22:11 [INFO] 
2026-07-19 15:22:11 [INFO]   🔵 [94m[1mPT0002000201038711LS[0m  [2m[sem cluster][0m
2026-07-19 15:22:11 [INFO]      consumiu MENOS que o habitual às 21h
2026-07-19 15:22:11 [INFO]      [2mReal:[0m 12.0 kWh   [2mHabitual:[0m 62.0 ± 13.4 kWh   [2mz:[0m -3.72   [2mdesvio:[0m -81%   [2m(3 obs. fim_semana)[0m
2026-07-19 15:22:11 [INFO] 
2026-07-19 15:22:11 [INFO]   🔴 [91m[1mPT0002000077348081AG[0m  [2m[sem cluster][0m
2026-07-19 15:22:11 [INFO]      consumiu MAIS que o habitual às 07h
2026-07-19 15:22:11 [INFO]      [2mReal:[0m 48.0 kWh   [2mHabitual:[0m 27.0 ± 5.7 kWh   [2mz:[0m +3.71   [2mdesvio:[0m +78%   [2m(2 obs. fim_semana)[0m
2026-07-19 15:22:11 [INFO] 
2026-07-19 15:22:11 [INFO]   🔵 [94m[1mPT0002000073231742VK[0m  [2m[Cluster 0][0m
2026-07-19 15:22:11 [INFO]      consumiu MENOS que o habitual às 12h
2026-07-19 15:22:11 [INFO]      [2mReal:[0m 12.0 kWh   [2mHabitual:[0m 35.5 ± 6.4 kWh   [2mz:[0m -3.69   [2mdesvio:[0m -66%   [2m(2 obs. fim_semana)[0m
2026-07-19 15:22:11 [INFO] 
2026-07-19 15:22:11 [INFO]   🔵 [94m[1mPT0002000077394934QY[0m  [2m[Cluster 0][0m
2026-07-19 15:22:11 [INFO]      consumiu MENOS que o habitual às 08h
2026-07-19 15:22:11 [INFO]      [2mReal:[0m 43.0 kWh   [2mHabitual:[0m 68.0 ± 6.8 kWh   [2mz:[0m -3.68   [2mdesvio:[0m -37%   [2m(2 obs. fim_semana)[0m
2026-07-19 15:22:11 [INFO] 
2026-07-19 15:22:11 [INFO]   🔵 [94m[1mPT0002000078294957RQ[0m  [2m[Cluster 0][0m
2026-07-19 15:22:11 [INFO]      consumiu MENOS que o habitual às 10h
2026-07-19 15:22:11 [INFO]      [2mReal:[0m 8.0 kWh   [2mHabitual:[0m 34.0 ± 7.1 kWh   [2mz:[0m -3.68   [2mdesvio:[0m -76%   [2m(2 obs. fim_semana)[0m
2026-07-19 15:22:11 [INFO] 
2026-07-19 15:22:11 [INFO]   🔵 [94m[1mPT0002000078294957RQ[0m  [2m[Cluster 0][0m
2026-07-19 15:22:11 [INFO]      consumiu MENOS que o habitual às 13h
2026-07-19 15:22:11 [INFO]      [2mReal:[0m 7.0 kWh   [2mHabitual:[0m 33.0 ± 7.1 kWh   [2mz:[0m -3.68   [2mdesvio:[0m -79%   [2m(2 obs. fim_semana)[0m
2026-07-19 15:22:11 [INFO] 
2026-07-19 15:22:11 [INFO]   🔵 [94m[1mPT0002000106102375RC[0m  [2m[sem cluster][0m
2026-07-19 15:22:11 [INFO]      consumiu MENOS que o habitual às 17h
2026-07-19 15:22:11 [INFO]      [2mReal:[0m 39.0 kWh   [2mHabitual:[0m 61.0 ± 6.1 kWh   [2mz:[0m -3.61   [2mdesvio:[0m -36%   [2m(2 obs. fim_semana)[0m
2026-07-19 15:22:11 [INFO] 
2026-07-19 15:22:11 [INFO]   🔴 [91m[1mPT0002000068859325FL[0m  [2m[Cluster 1][0m
2026-07-19 15:22:11 [INFO]      consumiu MAIS que o habitual às 14h
2026-07-19 15:22:11 [INFO]      [2mReal:[0m 304.0 kWh   [2mHabitual:[0m 224.0 ± 22.4 kWh   [2mz:[0m +3.57   [2mdesvio:[0m +36%   [2m(2 obs. fim_semana)[0m
2026-07-19 15:22:11 [INFO] 
2026-07-19 15:22:11 [INFO]   🔵 [94m[1mPT0002000114685657JR[0m  [2m[Cluster 0][0m
2026-07-19 15:22:11 [INFO]      consumiu MENOS que o habitual às 14h
2026-07-19 15:22:11 [INFO]      [2mReal:[0m 163.0 kWh   [2mHabitual:[0m 253.5 ± 25.4 kWh   [2mz:[0m -3.57   [2mdesvio:[0m -36%   [2m(2 obs. fim_semana)[0m
2026-07-19 15:22:11 [INFO] 
2026-07-19 15:22:11 [INFO]   🔵 [94m[1mPT0002000068856655YV[0m  [2m[Cluster 0][0m
2026-07-19 15:22:11 [INFO]      consumiu MENOS que o habitual às 10h
2026-07-19 15:22:11 [INFO]      [2mReal:[0m 3.0 kWh   [2mHabitual:[0m 13.0 ± 2.8 kWh   [2mz:[0m -3.54   [2mdesvio:[0m -77%   [2m(2 obs. fim_semana)[0m
2026-07-19 15:22:11 [INFO] 
2026-07-19 15:22:11 [INFO]   🔵 [94m[1mPT0002000068856655YV[0m  [2m[Cluster 0][0m
2026-07-19 15:22:11 [INFO]      consumiu MENOS que o habitual às 18h
2026-07-19 15:22:11 [INFO]      [2mReal:[0m 4.0 kWh   [2mHabitual:[0m 6.5 ± 0.7 kWh   [2mz:[0m -3.54   [2mdesvio:[0m -38%   [2m(2 obs. fim_semana)[0m
2026-07-19 15:22:11 [INFO] 
2026-07-19 15:22:11 [INFO]   🔵 [94m[1mPT0002000068857099AR[0m  [2m[Cluster 1][0m
2026-07-19 15:22:11 [INFO]      consumiu MENOS que o habitual às 06h
2026-07-19 15:22:11 [INFO]      [2mReal:[0m 2.0 kWh   [2mHabitual:[0m 4.5 ± 0.7 kWh   [2mz:[0m -3.54   [2mdesvio:[0m -56%   [2m(2 obs. fim_semana)[0m
2026-07-19 15:22:11 [INFO] 
2026-07-19 15:22:11 [INFO]   🔵 [94m[1mPT0002000068857897ZV[0m  [2m[Cluster 0][0m
2026-07-19 15:22:11 [INFO]      consumiu MENOS que o habitual às 13h
2026-07-19 15:22:11 [INFO]      [2mReal:[0m 25.0 kWh   [2mHabitual:[0m 50.0 ± 7.1 kWh   [2mz:[0m -3.54   [2mdesvio:[0m -50%   [2m(2 obs. fim_semana)[0m
2026-07-19 15:22:11 [INFO] 
2026-07-19 15:22:11 [INFO]   🔴 [91m[1mPT0002000068859325FL[0m  [2m[Cluster 1][0m
2026-07-19 15:22:11 [INFO]      consumiu MAIS que o habitual às 05h
2026-07-19 15:22:11 [INFO]      [2mReal:[0m 112.0 kWh   [2mHabitual:[0m 72.0 ± 11.3 kWh   [2mz:[0m +3.54   [2mdesvio:[0m +56%   [2m(2 obs. fim_semana)[0m
2026-07-19 15:22:11 [INFO] 
2026-07-19 15:22:11 [INFO]   🔵 [94m[1mPT0002000071896778MT[0m  [2m[Cluster 0][0m
2026-07-19 15:22:11 [INFO]      consumiu MENOS que o habitual às 16h
2026-07-19 15:22:11 [INFO]      [2mReal:[0m 4.0 kWh   [2mHabitual:[0m 9.0 ± 1.4 kWh   [2mz:[0m -3.54   [2mdesvio:[0m -56%   [2m(2 obs. fim_semana)[0m
2026-07-19 15:22:11 [INFO] 
2026-07-19 15:22:11 [INFO]   🔵 [94m[1mPT0002000071896778MT[0m  [2m[Cluster 0][0m
2026-07-19 15:22:11 [INFO]      consumiu MENOS que o habitual às 18h
2026-07-19 15:22:11 [INFO]      [2mReal:[0m 4.0 kWh   [2mHabitual:[0m 6.5 ± 0.7 kWh   [2mz:[0m -3.54   [2mdesvio:[0m -38%   [2m(2 obs. fim_semana)[0m
2026-07-19 15:22:11 [INFO] 
2026-07-19 15:22:11 [INFO]   🔴 [91m[1mPT0002000078294957RQ[0m  [2m[Cluster 0][0m
2026-07-19 15:22:11 [INFO]      consumiu MAIS que o habitual às 19h
2026-07-19 15:22:11 [INFO]      [2mReal:[0m 8.0 kWh   [2mHabitual:[0m 5.5 ± 0.7 kWh   [2mz:[0m +3.54   [2mdesvio:[0m +45%   [2m(2 obs. fim_semana)[0m
2026-07-19 15:22:11 [INFO] 
2026-07-19 15:22:11 [INFO]   🔵 [94m[1mPT0002000081344542CP[0m  [2m[Cluster 1][0m
2026-07-19 15:22:11 [INFO]      consumiu MENOS que o habitual às 01h
2026-07-19 15:22:11 [INFO]      [2mReal:[0m 2.0 kWh   [2mHabitual:[0m 4.5 ± 0.7 kWh   [2mz:[0m -3.54   [2mdesvio:[0m -56%   [2m(2 obs. fim_semana)[0m
2026-07-19 15:22:11 [INFO] 
2026-07-19 15:22:11 [INFO]   🔵 [94m[1mPT0002000081344542CP[0m  [2m[Cluster 1][0m
2026-07-19 15:22:11 [INFO]      consumiu MENOS que o habitual às 13h
2026-07-19 15:22:11 [INFO]      [2mReal:[0m 2.0 kWh   [2mHabitual:[0m 4.5 ± 0.7 kWh   [2mz:[0m -3.54   [2mdesvio:[0m -56%   [2m(2 obs. fim_semana)[0m
2026-07-19 15:22:11 [INFO] 
2026-07-19 15:22:11 [INFO]   🔵 [94m[1mPT0002000109837807PE[0m  [2m[Cluster 1][0m
2026-07-19 15:22:11 [INFO]      consumiu MENOS que o habitual às 20h
2026-07-19 15:22:11 [INFO]      [2mReal:[0m 7.0 kWh   [2mHabitual:[0m 22.0 ± 4.2 kWh   [2mz:[0m -3.54   [2mdesvio:[0m -68%   [2m(2 obs. fim_semana)[0m
2026-07-19 15:22:11 [INFO] 
2026-07-19 15:22:11 [INFO]   🔵 [94m[1mPT0002000110607652SB[0m  [2m[Cluster 0][0m
2026-07-19 15:22:11 [INFO]      consumiu MENOS que o habitual às 07h
2026-07-19 15:22:11 [INFO]      [2mReal:[0m 8.0 kWh   [2mHabitual:[0m 18.0 ± 2.8 kWh   [2mz:[0m -3.54   [2mdesvio:[0m -56%   [2m(2 obs. fim_semana)[0m
2026-07-19 15:22:11 [INFO] 
2026-07-19 15:22:11 [INFO]   🔵 [94m[1mPT0002000110607652SB[0m  [2m[Cluster 0][0m
2026-07-19 15:22:11 [INFO]      consumiu MENOS que o habitual às 09h
2026-07-19 15:22:11 [INFO]      [2mReal:[0m 28.0 kWh   [2mHabitual:[0m 48.0 ± 5.7 kWh   [2mz:[0m -3.54   [2mdesvio:[0m -42%   [2m(2 obs. fim_semana)[0m
2026-07-19 15:22:11 [INFO] 
2026-07-19 15:22:11 [INFO]   🔵 [94m[1mPT0002000112989585PH[0m  [2m[Cluster 0][0m
2026-07-19 15:22:11 [INFO]      consumiu MENOS que o habitual às 11h
2026-07-19 15:22:11 [INFO]      [2mReal:[0m 0.0 kWh   [2mHabitual:[0m 2.5 ± 0.7 kWh   [2mz:[0m -3.54   [2mdesvio:[0m -100%   [2m(2 obs. fim_semana)[0m
2026-07-19 15:22:11 [INFO] 
2026-07-19 15:22:11 [INFO]   🔵 [94m[1mPT0002000120237616VJ[0m  [2m[Cluster 0][0m
2026-07-19 15:22:11 [INFO]      consumiu MENOS que o habitual às 15h
2026-07-19 15:22:11 [INFO]      [2mReal:[0m 11.0 kWh   [2mHabitual:[0m 41.0 ± 8.5 kWh   [2mz:[0m -3.54   [2mdesvio:[0m -73%   [2m(2 obs. fim_semana)[0m
2026-07-19 15:22:11 [INFO] 
2026-07-19 15:22:11 [INFO]   🔵 [94m[1mPT0002000123648159KR[0m  [2m[Cluster 0][0m
2026-07-19 15:22:11 [INFO]      consumiu MENOS que o habitual às 16h
2026-07-19 15:22:11 [INFO]      [2mReal:[0m 7.0 kWh   [2mHabitual:[0m 12.0 ± 1.4 kWh   [2mz:[0m -3.54   [2mdesvio:[0m -42%   [2m(2 obs. fim_semana)[0m
2026-07-19 15:22:11 [INFO] 
2026-07-19 15:22:11 [INFO]   🔵 [94m[1mPT0002000115673471CB[0m  [2m[Cluster 0][0m
2026-07-19 15:22:11 [INFO]      consumiu MENOS que o habitual às 03h
2026-07-19 15:22:11 [INFO]      [2mReal:[0m 11.0 kWh   [2mHabitual:[0m 17.0 ± 1.7 kWh   [2mz:[0m -3.53   [2mdesvio:[0m -35%   [2m(2 obs. fim_semana)[0m
2026-07-19 15:22:11 [INFO] 
2026-07-19 15:22:11 [INFO]   🔵 [94m[1mPT0002000114613364CC[0m  [2m[sem cluster][0m
2026-07-19 15:22:11 [INFO]      consumiu MENOS que o habitual às 13h
2026-07-19 15:22:11 [INFO]      [2mReal:[0m 119.0 kWh   [2mHabitual:[0m 183.5 ± 18.4 kWh   [2mz:[0m -3.51   [2mdesvio:[0m -35%   [2m(2 obs. fim_semana)[0m
2026-07-19 15:22:11 [INFO] 
2026-07-19 15:22:11 [INFO]   🔴 [91m[1mPT0002000068856974CZ[0m  [2m[sem cluster][0m
2026-07-19 15:22:11 [INFO]      consumiu MAIS que o habitual às 21h
2026-07-19 15:22:11 [INFO]      [2mReal:[0m 14.0 kWh   [2mHabitual:[0m 8.7 ± 1.5 kWh   [2mz:[0m +3.49   [2mdesvio:[0m +61%   [2m(3 obs. fim_semana)[0m
2026-07-19 15:22:11 [INFO] 
2026-07-19 15:22:11 [INFO]   🔵 [94m[1mPT0002000068859382XF[0m  [2m[Cluster 0][0m
2026-07-19 15:22:11 [INFO]      consumiu MENOS que o habitual às 08h
2026-07-19 15:22:11 [INFO]      [2mReal:[0m 39.0 kWh   [2mHabitual:[0m 59.5 ± 6.0 kWh   [2mz:[0m -3.45   [2mdesvio:[0m -34%   [2m(2 obs. fim_semana)[0m
2026-07-19 15:22:11 [INFO] 
2026-07-19 15:22:11 [INFO]   🔵 [94m[1mPT0002000101964938LF[0m  [2m[Cluster 0][0m
2026-07-19 15:22:11 [INFO]      consumiu MENOS que o habitual às 17h
2026-07-19 15:22:11 [INFO]      [2mReal:[0m 11.0 kWh   [2mHabitual:[0m 47.5 ± 10.6 kWh   [2mz:[0m -3.44   [2mdesvio:[0m -77%   [2m(2 obs. fim_semana)[0m
2026-07-19 15:22:11 [INFO] 
2026-07-19 15:22:11 [INFO]   🔵 [94m[1mPT0002000114685657JR[0m  [2m[Cluster 0][0m
2026-07-19 15:22:11 [INFO]      consumiu MENOS que o habitual às 13h
2026-07-19 15:22:11 [INFO]      [2mReal:[0m 161.0 kWh   [2mHabitual:[0m 245.5 ± 24.6 kWh   [2mz:[0m -3.44   [2mdesvio:[0m -34%   [2m(2 obs. fim_semana)[0m
2026-07-19 15:22:11 [INFO] 
2026-07-19 15:22:11 [INFO]   🔴 [91m[1mPT0002000068859325FL[0m  [2m[Cluster 1][0m
2026-07-19 15:22:11 [INFO]      consumiu MAIS que o habitual às 16h
2026-07-19 15:22:11 [INFO]      [2mReal:[0m 412.0 kWh   [2mHabitual:[0m 276.0 ± 39.6 kWh   [2mz:[0m +3.43   [2mdesvio:[0m +49%   [2m(2 obs. fim_semana)[0m
2026-07-19 15:22:11 [INFO] 
2026-07-19 15:22:11 [INFO]   🔵 [94m[1mPT0002000073481266XH[0m  [2m[Cluster 0][0m
2026-07-19 15:22:11 [INFO]      consumiu MENOS que o habitual às 09h
2026-07-19 15:22:11 [INFO]      [2mReal:[0m 5.0 kWh   [2mHabitual:[0m 36.5 ± 9.2 kWh   [2mz:[0m -3.43   [2mdesvio:[0m -86%   [2m(2 obs. fim_semana)[0m
2026-07-19 15:22:11 [INFO] 
2026-07-19 15:22:11 [INFO]   🔵 [94m[1mPT0002000114613364CC[0m  [2m[sem cluster][0m
2026-07-19 15:22:11 [INFO]      consumiu MENOS que o habitual às 12h
2026-07-19 15:22:11 [INFO]      [2mReal:[0m 129.0 kWh   [2mHabitual:[0m 196.0 ± 19.6 kWh   [2mz:[0m -3.42   [2mdesvio:[0m -34%   [2m(2 obs. fim_semana)[0m
2026-07-19 15:22:11 [INFO] 
2026-07-19 15:22:11 [INFO]   🔵 [94m[1mPT0002000114685657JR[0m  [2m[Cluster 0][0m
2026-07-19 15:22:11 [INFO]      consumiu MENOS que o habitual às 15h
2026-07-19 15:22:11 [INFO]      [2mReal:[0m 168.0 kWh   [2mHabitual:[0m 255.5 ± 25.6 kWh   [2mz:[0m -3.42   [2mdesvio:[0m -34%   [2m(2 obs. fim_semana)[0m
2026-07-19 15:22:11 [INFO] 
2026-07-19 15:22:11 [INFO]   🔵 [94m[1mPT0002000114685657JR[0m  [2m[Cluster 0][0m
2026-07-19 15:22:11 [INFO]      consumiu MENOS que o habitual às 17h
2026-07-19 15:22:11 [INFO]      [2mReal:[0m 161.0 kWh   [2mHabitual:[0m 244.0 ± 24.4 kWh   [2mz:[0m -3.40   [2mdesvio:[0m -34%   [2m(2 obs. fim_semana)[0m
2026-07-19 15:22:11 [INFO] 
2026-07-19 15:22:11 [INFO]   🔵 [94m[1mPT0002000106102375RC[0m  [2m[sem cluster][0m
2026-07-19 15:22:11 [INFO]      consumiu MENOS que o habitual às 18h
2026-07-19 15:22:11 [INFO]      [2mReal:[0m 39.0 kWh   [2mHabitual:[0m 59.0 ± 5.9 kWh   [2mz:[0m -3.39   [2mdesvio:[0m -34%   [2m(2 obs. fim_semana)[0m
2026-07-19 15:22:11 [INFO] 
2026-07-19 15:22:11 [INFO]   🔵 [94m[1mPT0002000068856267NC[0m  [2m[sem cluster][0m
2026-07-19 15:22:11 [INFO]      consumiu MENOS que o habitual às 14h
2026-07-19 15:22:11 [INFO]      [2mReal:[0m 18.0 kWh   [2mHabitual:[0m 39.5 ± 6.4 kWh   [2mz:[0m -3.38   [2mdesvio:[0m -54%   [2m(2 obs. fim_semana)[0m
2026-07-19 15:22:11 [INFO] 
2026-07-19 15:22:11 [INFO]   🔵 [94m[1mPT0002000077394934QY[0m  [2m[Cluster 0][0m
2026-07-19 15:22:11 [INFO]      consumiu MENOS que o habitual às 12h
2026-07-19 15:22:11 [INFO]      [2mReal:[0m 76.0 kWh   [2mHabitual:[0m 114.5 ± 11.4 kWh   [2mz:[0m -3.36   [2mdesvio:[0m -34%   [2m(2 obs. fim_semana)[0m
2026-07-19 15:22:11 [INFO] 
2026-07-19 15:22:11 [INFO]   🔵 [94m[1mPT0002000120237616VJ[0m  [2m[Cluster 0][0m
2026-07-19 15:22:11 [INFO]      consumiu MENOS que o habitual às 14h
2026-07-19 15:22:11 [INFO]      [2mReal:[0m 12.0 kWh   [2mHabitual:[0m 50.0 ± 11.3 kWh   [2mz:[0m -3.36   [2mdesvio:[0m -76%   [2m(2 obs. fim_semana)[0m
2026-07-19 15:22:11 [INFO] 
2026-07-19 15:22:11 [INFO]   🔵 [94m[1mPT0002000068856872QG[0m  [2m[Cluster 1][0m
2026-07-19 15:22:11 [INFO]      consumiu MENOS que o habitual às 14h
2026-07-19 15:22:11 [INFO]      [2mReal:[0m 0.0 kWh   [2mHabitual:[0m 1.0 ± 0.3 kWh   [2mz:[0m -3.33   [2mdesvio:[0m -100%   [2m(2 obs. fim_semana)[0m
2026-07-19 15:22:11 [INFO] 
2026-07-19 15:22:11 [INFO]   🔵 [94m[1mPT0002000068856974CZ[0m  [2m[sem cluster][0m
2026-07-19 15:22:11 [INFO]      consumiu MENOS que o habitual às 07h
2026-07-19 15:22:11 [INFO]      [2mReal:[0m 9.0 kWh   [2mHabitual:[0m 13.5 ± 1.4 kWh   [2mz:[0m -3.33   [2mdesvio:[0m -33%   [2m(2 obs. fim_semana)[0m
2026-07-19 15:22:11 [INFO] 
2026-07-19 15:22:11 [INFO]   🔴 [91m[1mPT0002000068858674WN[0m  [2m[sem cluster][0m
2026-07-19 15:22:11 [INFO]      consumiu MAIS que o habitual às 05h
2026-07-19 15:22:11 [INFO]      [2mReal:[0m 16.0 kWh   [2mHabitual:[0m 12.0 ± 1.2 kWh   [2mz:[0m +3.33   [2mdesvio:[0m +33%   [2m(2 obs. fim_semana)[0m
2026-07-19 15:22:11 [INFO] 
2026-07-19 15:22:11 [INFO]   🔴 [91m[1mPT0002000068858674WN[0m  [2m[sem cluster][0m
2026-07-19 15:22:11 [INFO]      consumiu MAIS que o habitual às 06h
2026-07-19 15:22:11 [INFO]      [2mReal:[0m 16.0 kWh   [2mHabitual:[0m 12.0 ± 1.2 kWh   [2mz:[0m +3.33   [2mdesvio:[0m +33%   [2m(2 obs. fim_semana)[0m
2026-07-19 15:22:11 [INFO] 
2026-07-19 15:22:11 [INFO]   🔵 [94m[1mPT0002000073481266XH[0m  [2m[Cluster 0][0m
2026-07-19 15:22:11 [INFO]      consumiu MENOS que o habitual às 10h
2026-07-19 15:22:11 [INFO]      [2mReal:[0m 6.0 kWh   [2mHabitual:[0m 39.0 ± 9.9 kWh   [2mz:[0m -3.33   [2mdesvio:[0m -85%   [2m(2 obs. fim_semana)[0m
2026-07-19 15:22:11 [INFO] 
2026-07-19 15:22:11 [INFO]   🔴 [91m[1mPT0002000073717386HC[0m  [2m[sem cluster][0m
2026-07-19 15:22:11 [INFO]      consumiu MAIS que o habitual às 07h
2026-07-19 15:22:11 [INFO]      [2mReal:[0m 1.0 kWh   [2mHabitual:[0m 0.0 ± 0.3 kWh   [2mz:[0m +3.33   [2mdesvio:[0m +100000%   [2m(2 obs. fim_semana)[0m
2026-07-19 15:22:11 [INFO] 
2026-07-19 15:22:11 [INFO]   🔵 [94m[1mPT0002000073717386HC[0m  [2m[sem cluster][0m
2026-07-19 15:22:11 [INFO]      consumiu MENOS que o habitual às 22h
2026-07-19 15:22:11 [INFO]      [2mReal:[0m 4.0 kWh   [2mHabitual:[0m 6.0 ± 0.6 kWh   [2mz:[0m -3.33   [2mdesvio:[0m -33%   [2m(3 obs. fim_semana)[0m
2026-07-19 15:22:11 [INFO] 
2026-07-19 15:22:11 [INFO]   🔵 [94m[1mPT0002000073717386HC[0m  [2m[sem cluster][0m
2026-07-19 15:22:11 [INFO]      consumiu MENOS que o habitual às 23h
2026-07-19 15:22:11 [INFO]      [2mReal:[0m 0.0 kWh   [2mHabitual:[0m 1.0 ± 0.3 kWh   [2mz:[0m -3.33   [2mdesvio:[0m -100%   [2m(3 obs. fim_semana)[0m
2026-07-19 15:22:11 [INFO] 
2026-07-19 15:22:11 [INFO]   🔵 [94m[1mPT0002000075637532JB[0m  [2m[Cluster 0][0m
2026-07-19 15:22:11 [INFO]      consumiu MENOS que o habitual às 01h
2026-07-19 15:22:11 [INFO]      [2mReal:[0m 4.0 kWh   [2mHabitual:[0m 6.0 ± 0.6 kWh   [2mz:[0m -3.33   [2mdesvio:[0m -33%   [2m(2 obs. fim_semana)[0m
2026-07-19 15:22:11 [INFO] 
2026-07-19 15:22:11 [INFO]   🔵 [94m[1mPT0002000075637532JB[0m  [2m[Cluster 0][0m
2026-07-19 15:22:11 [INFO]      consumiu MENOS que o habitual às 02h
2026-07-19 15:22:11 [INFO]      [2mReal:[0m 4.0 kWh   [2mHabitual:[0m 6.0 ± 0.6 kWh   [2mz:[0m -3.33   [2mdesvio:[0m -33%   [2m(2 obs. fim_semana)[0m
2026-07-19 15:22:11 [INFO] 
2026-07-19 15:22:11 [INFO]   🔵 [94m[1mPT0002000075637532JB[0m  [2m[Cluster 0][0m
2026-07-19 15:22:11 [INFO]      consumiu MENOS que o habitual às 05h
2026-07-19 15:22:11 [INFO]      [2mReal:[0m 4.0 kWh   [2mHabitual:[0m 6.0 ± 0.6 kWh   [2mz:[0m -3.33   [2mdesvio:[0m -33%   [2m(2 obs. fim_semana)[0m
2026-07-19 15:22:11 [INFO] 
2026-07-19 15:22:11 [INFO]   🔵 [94m[1mPT0002000075637532JB[0m  [2m[Cluster 0][0m
2026-07-19 15:22:11 [INFO]      consumiu MENOS que o habitual às 07h
2026-07-19 15:22:11 [INFO]      [2mReal:[0m 5.0 kWh   [2mHabitual:[0m 7.5 ± 0.8 kWh   [2mz:[0m -3.33   [2mdesvio:[0m -33%   [2m(2 obs. fim_semana)[0m
2026-07-19 15:22:11 [INFO] 
2026-07-19 15:22:11 [INFO]   🔵 [94m[1mPT0002000077647404EM[0m  [2m[Cluster 1][0m
2026-07-19 15:22:11 [INFO]      consumiu MENOS que o habitual às 13h
2026-07-19 15:22:11 [INFO]      [2mReal:[0m 0.0 kWh   [2mHabitual:[0m 1.0 ± 0.3 kWh   [2mz:[0m -3.33   [2mdesvio:[0m -100%   [2m(2 obs. fim_semana)[0m
2026-07-19 15:22:11 [INFO] 
2026-07-19 15:22:11 [INFO]   🔵 [94m[1mPT0002000078207354XC[0m  [2m[Cluster 1][0m
2026-07-19 15:22:11 [INFO]      consumiu MENOS que o habitual às 14h
2026-07-19 15:22:11 [INFO]      [2mReal:[0m 5.0 kWh   [2mHabitual:[0m 7.5 ± 0.8 kWh   [2mz:[0m -3.33   [2mdesvio:[0m -33%   [2m(2 obs. fim_semana)[0m
2026-07-19 15:22:11 [INFO] 
2026-07-19 15:22:11 [INFO]   🔵 [94m[1mPT0002000078207354XC[0m  [2m[Cluster 1][0m
2026-07-19 15:22:11 [INFO]      consumiu MENOS que o habitual às 15h
2026-07-19 15:22:11 [INFO]      [2mReal:[0m 5.0 kWh   [2mHabitual:[0m 7.5 ± 0.8 kWh   [2mz:[0m -3.33   [2mdesvio:[0m -33%   [2m(2 obs. fim_semana)[0m
2026-07-19 15:22:11 [INFO] 
2026-07-19 15:22:11 [INFO]   🔴 [91m[1mPT0002000078233981HJ[0m  [2m[Cluster 1][0m
2026-07-19 15:22:11 [INFO]      consumiu MAIS que o habitual às 23h
2026-07-19 15:22:11 [INFO]      [2mReal:[0m 3.0 kWh   [2mHabitual:[0m 2.0 ± 0.3 kWh   [2mz:[0m +3.33   [2mdesvio:[0m +50%   [2m(3 obs. fim_semana)[0m
2026-07-19 15:22:11 [INFO] 
2026-07-19 15:22:11 [INFO]   🔵 [94m[1mPT0002000081344542CP[0m  [2m[Cluster 1][0m
2026-07-19 15:22:11 [INFO]      consumiu MENOS que o habitual às 06h
2026-07-19 15:22:11 [INFO]      [2mReal:[0m 1.0 kWh   [2mHabitual:[0m 2.0 ± 0.3 kWh   [2mz:[0m -3.33   [2mdesvio:[0m -50%   [2m(2 obs. fim_semana)[0m
2026-07-19 15:22:11 [INFO] 
2026-07-19 15:22:11 [INFO]   🔴 [91m[1mPT0002000081344542CP[0m  [2m[Cluster 1][0m
2026-07-19 15:22:11 [INFO]      consumiu MAIS que o habitual às 07h
2026-07-19 15:22:11 [INFO]      [2mReal:[0m 2.0 kWh   [2mHabitual:[0m 1.0 ± 0.3 kWh   [2mz:[0m +3.33   [2mdesvio:[0m +100%   [2m(2 obs. fim_semana)[0m
2026-07-19 15:22:11 [INFO] 
2026-07-19 15:22:11 [INFO]   🔵 [94m[1mPT0002000106102375RC[0m  [2m[sem cluster][0m
2026-07-19 15:22:11 [INFO]      consumiu MENOS que o habitual às 19h
2026-07-19 15:22:11 [INFO]      [2mReal:[0m 39.0 kWh   [2mHabitual:[0m 58.5 ± 5.8 kWh   [2mz:[0m -3.33   [2mdesvio:[0m -33%   [2m(2 obs. fim_semana)[0m
2026-07-19 15:22:11 [INFO] 
2026-07-19 15:22:11 [INFO]   🔵 [94m[1mPT0002000107046231FW[0m  [2m[Cluster 0][0m
2026-07-19 15:22:11 [INFO]      consumiu MENOS que o habitual às 00h
2026-07-19 15:22:11 [INFO]      [2mReal:[0m 2.0 kWh   [2mHabitual:[0m 3.0 ± 0.3 kWh   [2mz:[0m -3.33   [2mdesvio:[0m -33%   [2m(2 obs. fim_semana)[0m
2026-07-19 15:22:11 [INFO] 
2026-07-19 15:22:11 [INFO]   🔴 [91m[1mPT0002000107046231FW[0m  [2m[Cluster 0][0m
2026-07-19 15:22:11 [INFO]      consumiu MAIS que o habitual às 05h
2026-07-19 15:22:11 [INFO]      [2mReal:[0m 4.0 kWh   [2mHabitual:[0m 3.0 ± 0.3 kWh   [2mz:[0m +3.33   [2mdesvio:[0m +33%   [2m(2 obs. fim_semana)[0m
2026-07-19 15:22:11 [INFO] 
2026-07-19 15:22:11 [INFO]   🔵 [94m[1mPT0002000107046231FW[0m  [2m[Cluster 0][0m
2026-07-19 15:22:11 [INFO]      consumiu MENOS que o habitual às 20h
2026-07-19 15:22:11 [INFO]      [2mReal:[0m 2.0 kWh   [2mHabitual:[0m 3.0 ± 0.3 kWh   [2mz:[0m -3.33   [2mdesvio:[0m -33%   [2m(2 obs. fim_semana)[0m
2026-07-19 15:22:11 [INFO] 
2026-07-19 15:22:11 [INFO]   🔴 [91m[1mPT0002000109837807PE[0m  [2m[Cluster 1][0m
2026-07-19 15:22:11 [INFO]      consumiu MAIS que o habitual às 05h
2026-07-19 15:22:11 [INFO]      [2mReal:[0m 4.0 kWh   [2mHabitual:[0m 3.0 ± 0.3 kWh   [2mz:[0m +3.33   [2mdesvio:[0m +33%   [2m(2 obs. fim_semana)[0m
2026-07-19 15:22:11 [INFO] 
2026-07-19 15:22:11 [INFO]   🔴 [91m[1mPT0002000109837807PE[0m  [2m[Cluster 1][0m
2026-07-19 15:22:11 [INFO]      consumiu MAIS que o habitual às 07h
2026-07-19 15:22:11 [INFO]      [2mReal:[0m 4.0 kWh   [2mHabitual:[0m 3.0 ± 0.3 kWh   [2mz:[0m +3.33   [2mdesvio:[0m +33%   [2m(2 obs. fim_semana)[0m
2026-07-19 15:22:11 [INFO] 
2026-07-19 15:22:11 [INFO]   🔵 [94m[1mPT0002000110090564GD[0m  [2m[Cluster 1][0m
2026-07-19 15:22:11 [INFO]      consumiu MENOS que o habitual às 09h
2026-07-19 15:22:11 [INFO]      [2mReal:[0m 4.0 kWh   [2mHabitual:[0m 6.0 ± 0.6 kWh   [2mz:[0m -3.33   [2mdesvio:[0m -33%   [2m(2 obs. fim_semana)[0m
2026-07-19 15:22:11 [INFO] 
2026-07-19 15:22:11 [INFO]   🔵 [94m[1mPT0002000110090564GD[0m  [2m[Cluster 1][0m
2026-07-19 15:22:11 [INFO]      consumiu MENOS que o habitual às 12h
2026-07-19 15:22:11 [INFO]      [2mReal:[0m 4.0 kWh   [2mHabitual:[0m 6.0 ± 0.6 kWh   [2mz:[0m -3.33   [2mdesvio:[0m -33%   [2m(2 obs. fim_semana)[0m
2026-07-19 15:22:11 [INFO] 
2026-07-19 15:22:11 [INFO]   🔵 [94m[1mPT0002000115673471CB[0m  [2m[Cluster 0][0m
2026-07-19 15:22:11 [INFO]      consumiu MENOS que o habitual às 04h
2026-07-19 15:22:11 [INFO]      [2mReal:[0m 11.0 kWh   [2mHabitual:[0m 16.5 ± 1.6 kWh   [2mz:[0m -3.33   [2mdesvio:[0m -33%   [2m(2 obs. fim_semana)[0m
2026-07-19 15:22:11 [INFO] 
2026-07-19 15:22:11 [INFO]   🔵 [94m[1mPT0002000123648159KR[0m  [2m[Cluster 0][0m
2026-07-19 15:22:11 [INFO]      consumiu MENOS que o habitual às 01h
2026-07-19 15:22:11 [INFO]      [2mReal:[0m 2.0 kWh   [2mHabitual:[0m 3.0 ± 0.3 kWh   [2mz:[0m -3.33   [2mdesvio:[0m -33%   [2m(2 obs. fim_semana)[0m
2026-07-19 15:22:11 [INFO] 
2026-07-19 15:22:11 [INFO]   🔴 [91m[1mPT0002000123648159KR[0m  [2m[Cluster 0][0m
2026-07-19 15:22:11 [INFO]      consumiu MAIS que o habitual às 19h
2026-07-19 15:22:11 [INFO]      [2mReal:[0m 4.0 kWh   [2mHabitual:[0m 3.0 ± 0.3 kWh   [2mz:[0m +3.33   [2mdesvio:[0m +33%   [2m(2 obs. fim_semana)[0m
2026-07-19 15:22:11 [INFO] 
2026-07-19 15:22:11 [INFO]   🔴 [91m[1mPT0002000123648159KR[0m  [2m[Cluster 0][0m
2026-07-19 15:22:11 [INFO]      consumiu MAIS que o habitual às 20h
2026-07-19 15:22:11 [INFO]      [2mReal:[0m 4.0 kWh   [2mHabitual:[0m 3.0 ± 0.3 kWh   [2mz:[0m +3.33   [2mdesvio:[0m +33%   [2m(2 obs. fim_semana)[0m
2026-07-19 15:22:11 [INFO] 
2026-07-19 15:22:11 [INFO]   🔴 [91m[1mPT0002000123648159KR[0m  [2m[Cluster 0][0m
2026-07-19 15:22:11 [INFO]      consumiu MAIS que o habitual às 22h
2026-07-19 15:22:11 [INFO]      [2mReal:[0m 4.0 kWh   [2mHabitual:[0m 3.0 ± 0.3 kWh   [2mz:[0m +3.33   [2mdesvio:[0m +33%   [2m(3 obs. fim_semana)[0m
2026-07-19 15:22:11 [INFO] 
2026-07-19 15:22:11 [INFO]   🔴 [91m[1mPT0002000123648159KR[0m  [2m[Cluster 0][0m
2026-07-19 15:22:11 [INFO]      consumiu MAIS que o habitual às 23h
2026-07-19 15:22:11 [INFO]      [2mReal:[0m 4.0 kWh   [2mHabitual:[0m 3.0 ± 0.3 kWh   [2mz:[0m +3.33   [2mdesvio:[0m +33%   [2m(3 obs. fim_semana)[0m
2026-07-19 15:22:11 [INFO] 
2026-07-19 15:22:11 [INFO]   🔴 [91m[1mPT0002000125379984SH[0m  [2m[Cluster 1][0m
2026-07-19 15:22:11 [INFO]      consumiu MAIS que o habitual às 04h
2026-07-19 15:22:11 [INFO]      [2mReal:[0m 3.0 kWh   [2mHabitual:[0m 2.0 ± 0.3 kWh   [2mz:[0m +3.33   [2mdesvio:[0m +50%   [2m(2 obs. fim_semana)[0m
2026-07-19 15:22:11 [INFO] 
2026-07-19 15:22:11 [INFO]   🔴 [91m[1mPT0002000203886452WB[0m  [2m[sem cluster][0m
2026-07-19 15:22:11 [INFO]      consumiu MAIS que o habitual às 19h
2026-07-19 15:22:11 [INFO]      [2mReal:[0m 96.0 kWh   [2mHabitual:[0m 30.0 ± 19.8 kWh   [2mz:[0m +3.33   [2mdesvio:[0m +220%   [2m(2 obs. fim_semana)[0m
2026-07-19 15:22:11 [INFO] 
2026-07-19 15:22:11 [INFO]   🔵 [94m[1mPT0002000123648159KR[0m  [2m[Cluster 0][0m
2026-07-19 15:22:11 [INFO]      consumiu MENOS que o habitual às 09h
2026-07-19 15:22:11 [INFO]      [2mReal:[0m 4.0 kWh   [2mHabitual:[0m 34.5 ± 9.2 kWh   [2mz:[0m -3.32   [2mdesvio:[0m -88%   [2m(2 obs. fim_semana)[0m
2026-07-19 15:22:11 [INFO] 
2026-07-19 15:22:11 [INFO]   🔵 [94m[1mPT0002000114685657JR[0m  [2m[Cluster 0][0m
2026-07-19 15:22:11 [INFO]      consumiu MENOS que o habitual às 12h
2026-07-19 15:22:11 [INFO]      [2mReal:[0m 161.0 kWh   [2mHabitual:[0m 240.5 ± 24.1 kWh   [2mz:[0m -3.31   [2mdesvio:[0m -33%   [2m(2 obs. fim_semana)[0m
2026-07-19 15:22:11 [INFO] 
2026-07-19 15:22:11 [INFO]   🔵 [94m[1mPT0002000071896778MT[0m  [2m[Cluster 0][0m
2026-07-19 15:22:11 [INFO]      consumiu MENOS que o habitual às 09h
2026-07-19 15:22:11 [INFO]      [2mReal:[0m 4.0 kWh   [2mHabitual:[0m 32.0 ± 8.5 kWh   [2mz:[0m -3.30   [2mdesvio:[0m -88%   [2m(2 obs. fim_semana)[0m
2026-07-19 15:22:11 [INFO] 
2026-07-19 15:22:11 [INFO]   🔴 [91m[1mPT0002000203886452WB[0m  [2m[sem cluster][0m
2026-07-19 15:22:11 [INFO]      consumiu MAIS que o habitual às 20h
2026-07-19 15:22:11 [INFO]      [2mReal:[0m 84.0 kWh   [2mHabitual:[0m 28.0 ± 17.0 kWh   [2mz:[0m +3.30   [2mdesvio:[0m +200%   [2m(2 obs. fim_semana)[0m
2026-07-19 15:22:11 [INFO] 
2026-07-19 15:22:11 [INFO]   🔵 [94m[1mPT0002000114613364CC[0m  [2m[sem cluster][0m
2026-07-19 15:22:11 [INFO]      consumiu MENOS que o habitual às 11h
2026-07-19 15:22:11 [INFO]      [2mReal:[0m 138.0 kWh   [2mHabitual:[0m 204.0 ± 20.4 kWh   [2mz:[0m -3.24   [2mdesvio:[0m -32%   [2m(2 obs. fim_semana)[0m
2026-07-19 15:22:11 [INFO] 
2026-07-19 15:22:11 [INFO]   🔵 [94m[1mPT0002000068858231YY[0m  [2m[sem cluster][0m
2026-07-19 15:22:11 [INFO]      consumiu MENOS que o habitual às 07h
2026-07-19 15:22:11 [INFO]      [2mReal:[0m 20.0 kWh   [2mHabitual:[0m 29.5 ± 3.0 kWh   [2mz:[0m -3.22   [2mdesvio:[0m -32%   [2m(2 obs. fim_semana)[0m
2026-07-19 15:22:11 [INFO] 
2026-07-19 15:22:11 [INFO]   🔵 [94m[1mPT0002000033074862LZ[0m  [2m[Cluster 0][0m
2026-07-19 15:22:11 [INFO]      consumiu MENOS que o habitual às 11h
2026-07-19 15:22:11 [INFO]      [2mReal:[0m 10.0 kWh   [2mHabitual:[0m 48.5 ± 12.0 kWh   [2mz:[0m -3.20   [2mdesvio:[0m -79%   [2m(2 obs. fim_semana)[0m
2026-07-19 15:22:11 [INFO] 
2026-07-19 15:22:11 [INFO]   🔵 [94m[1mPT0002000079469719HF[0m  [2m[sem cluster][0m
2026-07-19 15:22:11 [INFO]      consumiu MENOS que o habitual às 19h
2026-07-19 15:22:11 [INFO]      [2mReal:[0m 129.0 kWh   [2mHabitual:[0m 189.5 ± 18.9 kWh   [2mz:[0m -3.19   [2mdesvio:[0m -32%   [2m(2 obs. fim_semana)[0m
2026-07-19 15:22:11 [INFO] 
2026-07-19 15:22:11 [INFO]   🔵 [94m[1mPT0002000068855003AK[0m  [2m[sem cluster][0m
2026-07-19 15:22:11 [INFO]      consumiu MENOS que o habitual às 13h
2026-07-19 15:22:11 [INFO]      [2mReal:[0m 24.0 kWh   [2mHabitual:[0m 42.0 ± 5.7 kWh   [2mz:[0m -3.18   [2mdesvio:[0m -43%   [2m(2 obs. fim_semana)[0m
2026-07-19 15:22:11 [INFO] 
2026-07-19 15:22:11 [INFO]   🔵 [94m[1mPT0002000114613364CC[0m  [2m[sem cluster][0m
2026-07-19 15:22:11 [INFO]      consumiu MENOS que o habitual às 09h
2026-07-19 15:22:11 [INFO]      [2mReal:[0m 131.0 kWh   [2mHabitual:[0m 192.0 ± 19.2 kWh   [2mz:[0m -3.18   [2mdesvio:[0m -32%   [2m(2 obs. fim_semana)[0m
2026-07-19 15:22:11 [INFO] 
2026-07-19 15:22:11 [INFO]   🔵 [94m[1mPT0002000033074862LZ[0m  [2m[Cluster 0][0m
2026-07-19 15:22:11 [INFO]      consumiu MENOS que o habitual às 18h
2026-07-19 15:22:11 [INFO]      [2mReal:[0m 13.0 kWh   [2mHabitual:[0m 19.0 ± 1.9 kWh   [2mz:[0m -3.16   [2mdesvio:[0m -32%   [2m(2 obs. fim_semana)[0m
2026-07-19 15:22:11 [INFO] 
2026-07-19 15:22:11 [INFO]   🔵 [94m[1mPT0002000077394934QY[0m  [2m[Cluster 0][0m
2026-07-19 15:22:11 [INFO]      consumiu MENOS que o habitual às 09h
2026-07-19 15:22:11 [INFO]      [2mReal:[0m 62.0 kWh   [2mHabitual:[0m 90.5 ± 9.1 kWh   [2mz:[0m -3.15   [2mdesvio:[0m -31%   [2m(2 obs. fim_semana)[0m
2026-07-19 15:22:11 [INFO] 
2026-07-19 15:22:11 [INFO]   🔵 [94m[1mPT0002000119303492KB[0m  [2m[Cluster 0][0m
2026-07-19 15:22:11 [INFO]      consumiu MENOS que o habitual às 12h
2026-07-19 15:22:11 [INFO]      [2mReal:[0m 3.0 kWh   [2mHabitual:[0m 52.0 ± 15.6 kWh   [2mz:[0m -3.15   [2mdesvio:[0m -94%   [2m(2 obs. fim_semana)[0m
2026-07-19 15:22:11 [INFO] 
2026-07-19 15:22:11 [INFO]   🔵 [94m[1mPT0002000115673471CB[0m  [2m[Cluster 0][0m
2026-07-19 15:22:11 [INFO]      consumiu MENOS que o habitual às 02h
2026-07-19 15:22:11 [INFO]      [2mReal:[0m 12.0 kWh   [2mHabitual:[0m 17.5 ± 1.8 kWh   [2mz:[0m -3.14   [2mdesvio:[0m -31%   [2m(2 obs. fim_semana)[0m
2026-07-19 15:22:11 [INFO] 
2026-07-19 15:22:11 [INFO]   🔴 [91m[1mPT0002000068856974CZ[0m  [2m[sem cluster][0m
2026-07-19 15:22:11 [INFO]      consumiu MAIS que o habitual às 22h
2026-07-19 15:22:11 [INFO]      [2mReal:[0m 14.0 kWh   [2mHabitual:[0m 10.7 ± 1.1 kWh   [2mz:[0m +3.13   [2mdesvio:[0m +31%   [2m(3 obs. fim_semana)[0m
2026-07-19 15:22:11 [INFO] 
2026-07-19 15:22:11 [INFO]   🔵 [94m[1mPT0002000078441876HB[0m  [2m[Cluster 0][0m
2026-07-19 15:22:11 [INFO]      consumiu MENOS que o habitual às 11h
2026-07-19 15:22:11 [INFO]      [2mReal:[0m 1207.0 kWh   [2mHabitual:[0m 1747.0 ± 174.7 kWh   [2mz:[0m -3.09   [2mdesvio:[0m -31%   [2m(2 obs. fim_semana)[0m
2026-07-19 15:22:11 [INFO] 
2026-07-19 15:22:11 [INFO]   🔵 [94m[1mPT0002000107046231FW[0m  [2m[Cluster 0][0m
2026-07-19 15:22:11 [INFO]      consumiu MENOS que o habitual às 13h
2026-07-19 15:22:11 [INFO]      [2mReal:[0m 2.0 kWh   [2mHabitual:[0m 37.0 ± 11.3 kWh   [2mz:[0m -3.09   [2mdesvio:[0m -95%   [2m(2 obs. fim_semana)[0m
2026-07-19 15:22:11 [INFO] 
2026-07-19 15:22:11 [INFO]   🔵 [94m[1mPT0002000114685657JR[0m  [2m[Cluster 0][0m
2026-07-19 15:22:11 [INFO]      consumiu MENOS que o habitual às 18h
2026-07-19 15:22:11 [INFO]      [2mReal:[0m 160.0 kWh   [2mHabitual:[0m 231.0 ± 23.1 kWh   [2mz:[0m -3.07   [2mdesvio:[0m -31%   [2m(2 obs. fim_semana)[0m
2026-07-19 15:22:11 [INFO] 
2026-07-19 15:22:11 [INFO]   🔵 [94m[1mPT0002000077394934QY[0m  [2m[Cluster 0][0m
2026-07-19 15:22:11 [INFO]      consumiu MENOS que o habitual às 16h
2026-07-19 15:22:11 [INFO]      [2mReal:[0m 76.0 kWh   [2mHabitual:[0m 109.5 ± 10.9 kWh   [2mz:[0m -3.06   [2mdesvio:[0m -31%   [2m(2 obs. fim_semana)[0m
2026-07-19 15:22:11 [INFO] 
2026-07-19 15:22:11 [INFO]   🔵 [94m[1mPT0002000078207354XC[0m  [2m[Cluster 1][0m
2026-07-19 15:22:11 [INFO]      consumiu MENOS que o habitual às 20h
2026-07-19 15:22:11 [INFO]      [2mReal:[0m 5.0 kWh   [2mHabitual:[0m 18.0 ± 4.2 kWh   [2mz:[0m -3.06   [2mdesvio:[0m -72%   [2m(2 obs. fim_semana)[0m
2026-07-19 15:22:11 [INFO] 
2026-07-19 15:22:11 [INFO]   🔵 [94m[1mPT0002000123648159KR[0m  [2m[Cluster 0][0m
2026-07-19 15:22:11 [INFO]      consumiu MENOS que o habitual às 13h
2026-07-19 15:22:11 [INFO]      [2mReal:[0m 5.0 kWh   [2mHabitual:[0m 18.0 ± 4.2 kWh   [2mz:[0m -3.06   [2mdesvio:[0m -72%   [2m(2 obs. fim_semana)[0m
2026-07-19 15:22:11 [INFO] 
2026-07-19 15:22:11 [INFO]   🔴 [91m[1mPT0002000203886452WB[0m  [2m[sem cluster][0m
2026-07-19 15:22:11 [INFO]      consumiu MAIS que o habitual às 21h
2026-07-19 15:22:11 [INFO]      [2mReal:[0m 88.0 kWh   [2mHabitual:[0m 20.0 ± 22.3 kWh   [2mz:[0m +3.05   [2mdesvio:[0m +340%   [2m(3 obs. fim_semana)[0m
2026-07-19 15:22:12 [INFO] 
2026-07-19 15:22:12 [INFO]   🔵 [94m[1mPT0002000079469719HF[0m  [2m[sem cluster][0m
2026-07-19 15:22:12 [INFO]      consumiu MENOS que o habitual às 18h
2026-07-19 15:22:12 [INFO]      [2mReal:[0m 111.0 kWh   [2mHabitual:[0m 159.5 ± 15.9 kWh   [2mz:[0m -3.04   [2mdesvio:[0m -30%   [2m(2 obs. fim_semana)[0m
2026-07-19 15:22:12 [INFO] 
2026-07-19 15:22:12 [INFO]   🔵 [94m[1mPT0002000068858231YY[0m  [2m[sem cluster][0m
2026-07-19 15:22:12 [INFO]      consumiu MENOS que o habitual às 12h
2026-07-19 15:22:12 [INFO]      [2mReal:[0m 18.0 kWh   [2mHabitual:[0m 48.0 ± 9.9 kWh   [2mz:[0m -3.03   [2mdesvio:[0m -62%   [2m(2 obs. fim_semana)[0m
2026-07-19 15:22:12 [INFO] 
2026-07-19 15:22:12 [INFO]   🔵 [94m[1mPT0002000068859382XF[0m  [2m[Cluster 0][0m
2026-07-19 15:22:12 [INFO]      consumiu MENOS que o habitual às 17h
2026-07-19 15:22:12 [INFO]      [2mReal:[0m 38.0 kWh   [2mHabitual:[0m 54.5 ± 5.5 kWh   [2mz:[0m -3.03   [2mdesvio:[0m -30%   [2m(2 obs. fim_semana)[0m
2026-07-19 15:22:12 [INFO] 
2026-07-19 15:22:12 [INFO]   🔵 [94m[1mPT0002000068857897ZV[0m  [2m[Cluster 0][0m
2026-07-19 15:22:12 [INFO]      consumiu MENOS que o habitual às 12h
2026-07-19 15:22:12 [INFO]      [2mReal:[0m 26.0 kWh   [2mHabitual:[0m 49.5 ± 7.8 kWh   [2mz:[0m -3.02   [2mdesvio:[0m -47%   [2m(2 obs. fim_semana)[0m
2026-07-19 15:22:12 [INFO] 
2026-07-19 15:22:12 [INFO]   🔵 [94m[1mPT0002000068857897ZV[0m  [2m[Cluster 0][0m
2026-07-19 15:22:12 [INFO]      consumiu MENOS que o habitual às 15h
2026-07-19 15:22:12 [INFO]      [2mReal:[0m 26.0 kWh   [2mHabitual:[0m 49.5 ± 7.8 kWh   [2mz:[0m -3.02   [2mdesvio:[0m -47%   [2m(2 obs. fim_semana)[0m
2026-07-19 15:22:12 [INFO] 
2026-07-19 15:22:12 [INFO]   🔵 [94m[1mPT0002000114685657JR[0m  [2m[Cluster 0][0m
2026-07-19 15:22:12 [INFO]      consumiu MENOS que o habitual às 09h
2026-07-19 15:22:12 [INFO]      [2mReal:[0m 170.0 kWh   [2mHabitual:[0m 243.5 ± 24.4 kWh   [2mz:[0m -3.02   [2mdesvio:[0m -30%   [2m(2 obs. fim_semana)[0m
2026-07-19 15:22:12 [INFO] 
2026-07-19 15:22:12 [INFO]   🔵 [94m[1mPT0002000078233981HJ[0m  [2m[Cluster 1][0m
2026-07-19 15:22:12 [INFO]      consumiu MENOS que o habitual às 19h
2026-07-19 15:22:12 [INFO]      [2mReal:[0m 2.0 kWh   [2mHabitual:[0m 19.0 ± 5.7 kWh   [2mz:[0m -3.01   [2mdesvio:[0m -89%   [2m(2 obs. fim_semana)[0m
2026-07-19 15:22:12 [INFO] 
2026-07-19 15:22:12 [INFO]   🔵 [94m[1mPT0002000114613364CC[0m  [2m[sem cluster][0m
2026-07-19 15:22:12 [INFO]      consumiu MENOS que o habitual às 10h
2026-07-19 15:22:12 [INFO]      [2mReal:[0m 135.0 kWh   [2mHabitual:[0m 193.0 ± 19.3 kWh   [2mz:[0m -3.01   [2mdesvio:[0m -30%   [2m(2 obs. fim_semana)[0m
2026-07-19 15:22:12 [INFO] 
2026-07-19 15:22:12 [INFO]   🔵 [94m[1mPT0002000201038711LS[0m  [2m[sem cluster][0m
2026-07-19 15:22:12 [INFO]      consumiu MENOS que o habitual às 15h
2026-07-19 15:22:12 [INFO]      [2mReal:[0m 1.0 kWh   [2mHabitual:[0m 35.0 ± 11.3 kWh   [2mz:[0m -3.01   [2mdesvio:[0m -97%   [2m(2 obs. fim_semana)[0m
2026-07-19 15:22:12 [INFO] 
2026-07-19 15:22:12 [INFO]   🔴 [91m[1mPT0002000078294957RQ[0m  [2m[Cluster 0][0m
2026-07-19 15:22:12 [INFO]      consumiu MAIS que o habitual às 21h
2026-07-19 15:22:12 [INFO]      [2mReal:[0m 12.0 kWh   [2mHabitual:[0m 9.0 ± 1.0 kWh   [2mz:[0m +3.00   [2mdesvio:[0m +33%   [2m(3 obs. fim_semana)[0m
2026-07-19 15:22:12 [INFO] 
2026-07-19 15:22:12 [INFO]   🔵 [94m[1mPT0002000114685657JR[0m  [2m[Cluster 0][0m
2026-07-19 15:22:12 [INFO]      consumiu MENOS que o habitual às 11h
2026-07-19 15:22:12 [INFO]      [2mReal:[0m 181.0 kWh   [2mHabitual:[0m 258.5 ± 25.9 kWh   [2mz:[0m -3.00   [2mdesvio:[0m -30%   [2m(2 obs. fim_semana)[0m
2026-07-19 15:22:12 [INFO] 
2026-07-19 15:22:12 [INFO]   🔴 [91m[1mPT0002000068859393XH[0m  [2m[Cluster 1][0m
2026-07-19 15:22:12 [INFO]      consumiu MAIS que o habitual às 09h
2026-07-19 15:22:12 [INFO]      [2mReal:[0m 135.0 kWh   [2mHabitual:[0m 97.0 ± 12.7 kWh   [2mz:[0m +2.99   [2mdesvio:[0m +39%   [2m(2 obs. fim_semana)[0m
2026-07-19 15:22:12 [INFO] 
2026-07-19 15:22:12 [INFO]   🔵 [94m[1mPT0002000068859187RL[0m  [2m[Cluster 0][0m
2026-07-19 15:22:12 [INFO]      consumiu MENOS que o habitual às 18h
2026-07-19 15:22:12 [INFO]      [2mReal:[0m 20.0 kWh   [2mHabitual:[0m 28.5 ± 2.9 kWh   [2mz:[0m -2.98   [2mdesvio:[0m -30%   [2m(2 obs. fim_semana)[0m
2026-07-19 15:22:12 [INFO] 
2026-07-19 15:22:12 [INFO]   🔴 [91m[1mPT0002000073720434JD[0m  [2m[sem cluster][0m
2026-07-19 15:22:12 [INFO]      consumiu MAIS que o habitual às 22h
2026-07-19 15:22:12 [INFO]      [2mReal:[0m 92.0 kWh   [2mHabitual:[0m 38.3 ± 18.0 kWh   [2mz:[0m +2.98   [2mdesvio:[0m +140%   [2m(3 obs. fim_semana)[0m
2026-07-19 15:22:12 [INFO] 
2026-07-19 15:22:12 [INFO]   🔵 [94m[1mPT0002000114685657JR[0m  [2m[Cluster 0][0m
2026-07-19 15:22:12 [INFO]      consumiu MENOS que o habitual às 08h
2026-07-19 15:22:12 [INFO]      [2mReal:[0m 159.0 kWh   [2mHabitual:[0m 226.5 ± 22.6 kWh   [2mz:[0m -2.98   [2mdesvio:[0m -30%   [2m(2 obs. fim_semana)[0m
2026-07-19 15:22:12 [INFO] 
2026-07-19 15:22:12 [INFO]   🔴 [91m[1mPT0002000068859325FL[0m  [2m[Cluster 1][0m
2026-07-19 15:22:12 [INFO]      consumiu MAIS que o habitual às 00h
2026-07-19 15:22:12 [INFO]      [2mReal:[0m 116.0 kWh   [2mHabitual:[0m 74.0 ± 14.1 kWh   [2mz:[0m +2.97   [2mdesvio:[0m +57%   [2m(2 obs. fim_semana)[0m
2026-07-19 15:22:12 [INFO] 
2026-07-19 15:22:12 [INFO]   🔵 [94m[1mPT0002000123648159KR[0m  [2m[Cluster 0][0m
2026-07-19 15:22:12 [INFO]      consumiu MENOS que o habitual às 14h
2026-07-19 15:22:12 [INFO]      [2mReal:[0m 4.0 kWh   [2mHabitual:[0m 14.5 ± 3.5 kWh   [2mz:[0m -2.97   [2mdesvio:[0m -72%   [2m(2 obs. fim_semana)[0m
2026-07-19 15:22:12 [INFO] 
2026-07-19 15:22:12 [INFO]   🔵 [94m[1mPT0002000078207354XC[0m  [2m[Cluster 1][0m
2026-07-19 15:22:12 [INFO]      consumiu MENOS que o habitual às 21h
2026-07-19 15:22:12 [INFO]      [2mReal:[0m 4.0 kWh   [2mHabitual:[0m 16.3 ± 4.2 kWh   [2mz:[0m -2.96   [2mdesvio:[0m -76%   [2m(3 obs. fim_semana)[0m
2026-07-19 15:22:12 [INFO] 
2026-07-19 15:22:12 [INFO]   🔵 [94m[1mPT0002000114613364CC[0m  [2m[sem cluster][0m
2026-07-19 15:22:12 [INFO]      consumiu MENOS que o habitual às 17h
2026-07-19 15:22:12 [INFO]      [2mReal:[0m 118.0 kWh   [2mHabitual:[0m 167.5 ± 16.8 kWh   [2mz:[0m -2.96   [2mdesvio:[0m -30%   [2m(2 obs. fim_semana)[0m
2026-07-19 15:22:12 [INFO] 
2026-07-19 15:22:12 [INFO]   🔵 [94m[1mPT0002000201038711LS[0m  [2m[sem cluster][0m
2026-07-19 15:22:12 [INFO]      consumiu MENOS que o habitual às 16h
2026-07-19 15:22:12 [INFO]      [2mReal:[0m 0.0 kWh   [2mHabitual:[0m 25.0 ± 8.5 kWh   [2mz:[0m -2.95   [2mdesvio:[0m -100%   [2m(2 obs. fim_semana)[0m
2026-07-19 15:22:12 [INFO] 
2026-07-19 15:22:12 [INFO]   🔵 [94m[1mPT0002000114685657JR[0m  [2m[Cluster 0][0m
2026-07-19 15:22:12 [INFO]      consumiu MENOS que o habitual às 10h
2026-07-19 15:22:12 [INFO]      [2mReal:[0m 180.0 kWh   [2mHabitual:[0m 254.5 ± 25.4 kWh   [2mz:[0m -2.93   [2mdesvio:[0m -29%   [2m(2 obs. fim_semana)[0m
2026-07-19 15:22:12 [INFO] 
2026-07-19 15:22:12 [INFO]   🔵 [94m[1mPT0002000073573036KH[0m  [2m[sem cluster][0m
2026-07-19 15:22:12 [INFO]      consumiu MENOS que o habitual às 20h
2026-07-19 15:22:12 [INFO]      [2mReal:[0m 202.0 kWh   [2mHabitual:[0m 284.5 ± 28.4 kWh   [2mz:[0m -2.90   [2mdesvio:[0m -29%   [2m(2 obs. fim_semana)[0m
2026-07-19 15:22:12 [INFO] 
2026-07-19 15:22:12 [INFO]   🔵 [94m[1mPT0002000125701614SQ[0m  [2m[sem cluster][0m
2026-07-19 15:22:12 [INFO]      consumiu MENOS que o habitual às 19h
2026-07-19 15:22:12 [INFO]      [2mReal:[0m 16.0 kWh   [2mHabitual:[0m 22.5 ± 2.2 kWh   [2mz:[0m -2.89   [2mdesvio:[0m -29%   [2m(2 obs. fim_semana)[0m
2026-07-19 15:22:12 [INFO] 
2026-07-19 15:22:12 [INFO]   🔵 [94m[1mPT0002000125701614SQ[0m  [2m[sem cluster][0m
2026-07-19 15:22:12 [INFO]      consumiu MENOS que o habitual às 20h
2026-07-19 15:22:12 [INFO]      [2mReal:[0m 15.0 kWh   [2mHabitual:[0m 21.0 ± 2.1 kWh   [2mz:[0m -2.86   [2mdesvio:[0m -29%   [2m(2 obs. fim_semana)[0m
2026-07-19 15:22:12 [INFO] 
2026-07-19 15:22:12 [INFO]   🔵 [94m[1mPT0002000068859393XH[0m  [2m[Cluster 1][0m
2026-07-19 15:22:12 [INFO]      consumiu MENOS que o habitual às 21h
2026-07-19 15:22:12 [INFO]      [2mReal:[0m 61.0 kWh   [2mHabitual:[0m 202.0 ± 49.7 kWh   [2mz:[0m -2.84   [2mdesvio:[0m -70%   [2m(3 obs. fim_semana)[0m
2026-07-19 15:22:12 [INFO] 
2026-07-19 15:22:12 [INFO]   🔵 [94m[1mPT0002000068856974CZ[0m  [2m[sem cluster][0m
2026-07-19 15:22:12 [INFO]      consumiu MENOS que o habitual às 14h
2026-07-19 15:22:12 [INFO]      [2mReal:[0m 11.0 kWh   [2mHabitual:[0m 39.0 ± 9.9 kWh   [2mz:[0m -2.83   [2mdesvio:[0m -72%   [2m(2 obs. fim_semana)[0m
2026-07-19 15:22:12 [INFO] 
2026-07-19 15:22:12 [INFO]   🔵 [94m[1mPT0002000068857099AR[0m  [2m[Cluster 1][0m
2026-07-19 15:22:12 [INFO]      consumiu MENOS que o habitual às 18h
2026-07-19 15:22:12 [INFO]      [2mReal:[0m 5.0 kWh   [2mHabitual:[0m 13.0 ± 2.8 kWh   [2mz:[0m -2.83   [2mdesvio:[0m -62%   [2m(2 obs. fim_semana)[0m
2026-07-19 15:22:12 [INFO] 
2026-07-19 15:22:12 [INFO]   🔵 [94m[1mPT0002000073231742VK[0m  [2m[Cluster 0][0m
2026-07-19 15:22:12 [INFO]      consumiu MENOS que o habitual às 07h
2026-07-19 15:22:12 [INFO]      [2mReal:[0m 12.0 kWh   [2mHabitual:[0m 24.0 ± 4.2 kWh   [2mz:[0m -2.83   [2mdesvio:[0m -50%   [2m(2 obs. fim_semana)[0m
2026-07-19 15:22:12 [INFO] 
2026-07-19 15:22:12 [INFO]   🔵 [94m[1mPT0002000073481266XH[0m  [2m[Cluster 0][0m
2026-07-19 15:22:12 [INFO]      consumiu MENOS que o habitual às 07h
2026-07-19 15:22:12 [INFO]      [2mReal:[0m 5.0 kWh   [2mHabitual:[0m 13.0 ± 2.8 kWh   [2mz:[0m -2.83   [2mdesvio:[0m -62%   [2m(2 obs. fim_semana)[0m
2026-07-19 15:22:12 [INFO] 
2026-07-19 15:22:12 [INFO]   🔵 [94m[1mPT0002000077394934QY[0m  [2m[Cluster 0][0m
2026-07-19 15:22:12 [INFO]      consumiu MENOS que o habitual às 13h
2026-07-19 15:22:12 [INFO]      [2mReal:[0m 69.0 kWh   [2mHabitual:[0m 113.0 ± 15.6 kWh   [2mz:[0m -2.83   [2mdesvio:[0m -39%   [2m(2 obs. fim_semana)[0m
2026-07-19 15:22:12 [INFO] 
2026-07-19 15:22:12 [INFO]   🔵 [94m[1mPT0002000077394934QY[0m  [2m[Cluster 0][0m
2026-07-19 15:22:12 [INFO]      consumiu MENOS que o habitual às 14h
2026-07-19 15:22:12 [INFO]      [2mReal:[0m 76.0 kWh   [2mHabitual:[0m 112.0 ± 12.7 kWh   [2mz:[0m -2.83   [2mdesvio:[0m -32%   [2m(2 obs. fim_semana)[0m
2026-07-19 15:22:12 [INFO] 
2026-07-19 15:22:12 [INFO]   🔵 [94m[1mPT0002000078207354XC[0m  [2m[Cluster 1][0m
2026-07-19 15:22:12 [INFO]      consumiu MENOS que o habitual às 10h
2026-07-19 15:22:12 [INFO]      [2mReal:[0m 4.0 kWh   [2mHabitual:[0m 8.0 ± 1.4 kWh   [2mz:[0m -2.83   [2mdesvio:[0m -50%   [2m(2 obs. fim_semana)[0m
2026-07-19 15:22:12 [INFO] 
2026-07-19 15:22:12 [INFO]   🔴 [91m[1mPT0002000081344542CP[0m  [2m[Cluster 1][0m
2026-07-19 15:22:12 [INFO]      consumiu MAIS que o habitual às 02h
2026-07-19 15:22:12 [INFO]      [2mReal:[0m 6.0 kWh   [2mHabitual:[0m 2.0 ± 1.4 kWh   [2mz:[0m +2.83   [2mdesvio:[0m +200%   [2m(2 obs. fim_semana)[0m
2026-07-19 15:22:12 [INFO] 
2026-07-19 15:22:12 [INFO]   🔵 [94m[1mPT0002000112989585PH[0m  [2m[Cluster 0][0m
2026-07-19 15:22:12 [INFO]      consumiu MENOS que o habitual às 17h
2026-07-19 15:22:12 [INFO]      [2mReal:[0m 0.0 kWh   [2mHabitual:[0m 8.0 ± 2.8 kWh   [2mz:[0m -2.83   [2mdesvio:[0m -100%   [2m(2 obs. fim_semana)[0m
2026-07-19 15:22:12 [INFO] 
2026-07-19 15:22:12 [INFO]   🔵 [94m[1mPT0002000115673471CB[0m  [2m[Cluster 0][0m
2026-07-19 15:22:12 [INFO]      consumiu MENOS que o habitual às 16h
2026-07-19 15:22:12 [INFO]      [2mReal:[0m 12.0 kWh   [2mHabitual:[0m 24.0 ± 4.2 kWh   [2mz:[0m -2.83   [2mdesvio:[0m -50%   [2m(2 obs. fim_semana)[0m
2026-07-19 15:22:12 [INFO] 
2026-07-19 15:22:12 [INFO]   🔵 [94m[1mPT0002000115700602GW[0m  [2m[Cluster 0][0m
2026-07-19 15:22:12 [INFO]      consumiu MENOS que o habitual às 10h
2026-07-19 15:22:12 [INFO]      [2mReal:[0m 8.0 kWh   [2mHabitual:[0m 48.0 ± 14.1 kWh   [2mz:[0m -2.83   [2mdesvio:[0m -83%   [2m(2 obs. fim_semana)[0m
2026-07-19 15:22:12 [INFO] 
2026-07-19 15:22:12 [INFO]   🔵 [94m[1mPT0002000120237616VJ[0m  [2m[Cluster 0][0m
2026-07-19 15:22:12 [INFO]      consumiu MENOS que o habitual às 18h
2026-07-19 15:22:12 [INFO]      [2mReal:[0m 11.0 kWh   [2mHabitual:[0m 23.0 ± 4.2 kWh   [2mz:[0m -2.83   [2mdesvio:[0m -52%   [2m(2 obs. fim_semana)[0m
2026-07-19 15:22:12 [INFO] 
2026-07-19 15:22:12 [INFO]   🔵 [94m[1mPT0002000068859187RL[0m  [2m[Cluster 0][0m
2026-07-19 15:22:12 [INFO]      consumiu MENOS que o habitual às 11h
2026-07-19 15:22:12 [INFO]      [2mReal:[0m 21.0 kWh   [2mHabitual:[0m 84.0 ± 22.6 kWh   [2mz:[0m -2.78   [2mdesvio:[0m -75%   [2m(2 obs. fim_semana)[0m
2026-07-19 15:22:12 [INFO] 
2026-07-19 15:22:12 [INFO]   🔵 [94m[1mPT0002000068857897ZV[0m  [2m[Cluster 0][0m
2026-07-19 15:22:12 [INFO]      consumiu MENOS que o habitual às 14h
2026-07-19 15:22:12 [INFO]      [2mReal:[0m 26.0 kWh   [2mHabitual:[0m 51.5 ± 9.2 kWh   [2mz:[0m -2.77   [2mdesvio:[0m -50%   [2m(2 obs. fim_semana)[0m
2026-07-19 15:22:12 [INFO] 
2026-07-19 15:22:12 [INFO]   🔵 [94m[1mPT0002000033074862LZ[0m  [2m[Cluster 0][0m
2026-07-19 15:22:12 [INFO]      consumiu MENOS que o habitual às 07h
2026-07-19 15:22:12 [INFO]      [2mReal:[0m 13.0 kWh   [2mHabitual:[0m 30.5 ± 6.4 kWh   [2mz:[0m -2.75   [2mdesvio:[0m -57%   [2m(2 obs. fim_semana)[0m
2026-07-19 15:22:12 [INFO] 
2026-07-19 15:22:12 [INFO]   🔵 [94m[1mPT0002000115673389QK[0m  [2m[Cluster 0][0m
2026-07-19 15:22:12 [INFO]      consumiu MENOS que o habitual às 17h
2026-07-19 15:22:12 [INFO]      [2mReal:[0m 21.0 kWh   [2mHabitual:[0m 38.5 ± 6.4 kWh   [2mz:[0m -2.75   [2mdesvio:[0m -45%   [2m(2 obs. fim_semana)[0m
2026-07-19 15:22:12 [INFO] 
2026-07-19 15:22:12 [INFO]   🔵 [94m[1mPT0002000114685657JR[0m  [2m[Cluster 0][0m
2026-07-19 15:22:12 [INFO]      consumiu MENOS que o habitual às 07h
2026-07-19 15:22:12 [INFO]      [2mReal:[0m 154.0 kWh   [2mHabitual:[0m 211.5 ± 21.1 kWh   [2mz:[0m -2.72   [2mdesvio:[0m -27%   [2m(2 obs. fim_semana)[0m
2026-07-19 15:22:12 [INFO] 
2026-07-19 15:22:12 [INFO]   🔵 [94m[1mPT0002000068855003AK[0m  [2m[sem cluster][0m
2026-07-19 15:22:12 [INFO]      consumiu MENOS que o habitual às 14h
2026-07-19 15:22:12 [INFO]      [2mReal:[0m 27.0 kWh   [2mHabitual:[0m 46.0 ± 7.1 kWh   [2mz:[0m -2.69   [2mdesvio:[0m -41%   [2m(2 obs. fim_semana)[0m
2026-07-19 15:22:12 [INFO] 
2026-07-19 15:22:12 [INFO]   🔵 [94m[1mPT0002000077394934QY[0m  [2m[Cluster 0][0m
2026-07-19 15:22:12 [INFO]      consumiu MENOS que o habitual às 10h
2026-07-19 15:22:12 [INFO]      [2mReal:[0m 70.0 kWh   [2mHabitual:[0m 127.0 ± 21.2 kWh   [2mz:[0m -2.69   [2mdesvio:[0m -45%   [2m(2 obs. fim_semana)[0m
2026-07-19 15:22:12 [INFO] 
2026-07-19 15:22:12 [INFO]   🔵 [94m[1mPT0002000107046231FW[0m  [2m[Cluster 0][0m
2026-07-19 15:22:12 [INFO]      consumiu MENOS que o habitual às 09h
2026-07-19 15:22:12 [INFO]      [2mReal:[0m 3.0 kWh   [2mHabitual:[0m 22.0 ± 7.1 kWh   [2mz:[0m -2.69   [2mdesvio:[0m -86%   [2m(2 obs. fim_semana)[0m
2026-07-19 15:22:12 [INFO] 
2026-07-19 15:22:12 [INFO]   🔵 [94m[1mPT0002000125379984SH[0m  [2m[Cluster 1][0m
2026-07-19 15:22:12 [INFO]      consumiu MENOS que o habitual às 20h
2026-07-19 15:22:12 [INFO]      [2mReal:[0m 5.0 kWh   [2mHabitual:[0m 14.5 ± 3.5 kWh   [2mz:[0m -2.69   [2mdesvio:[0m -66%   [2m(2 obs. fim_semana)[0m
2026-07-19 15:22:12 [INFO] 
2026-07-19 15:22:12 [INFO]   🔴 [91m[1mPT0002000201936109ME[0m  [2m[Cluster 0][0m
2026-07-19 15:22:12 [INFO]      consumiu MAIS que o habitual às 07h
2026-07-19 15:22:12 [INFO]      [2mReal:[0m 36.0 kWh   [2mHabitual:[0m 17.0 ± 7.1 kWh   [2mz:[0m +2.69   [2mdesvio:[0m +112%   [2m(2 obs. fim_semana)[0m
2026-07-19 15:22:12 [INFO] 
2026-07-19 15:22:12 [INFO]   🔵 [94m[1mPT0002000068858231YY[0m  [2m[sem cluster][0m
2026-07-19 15:22:12 [INFO]      consumiu MENOS que o habitual às 08h
2026-07-19 15:22:12 [INFO]      [2mReal:[0m 21.0 kWh   [2mHabitual:[0m 45.5 ± 9.2 kWh   [2mz:[0m -2.67   [2mdesvio:[0m -54%   [2m(2 obs. fim_semana)[0m
2026-07-19 15:22:12 [INFO] 
2026-07-19 15:22:12 [INFO]   🔵 [94m[1mPT0002000120237616VJ[0m  [2m[Cluster 0][0m
2026-07-19 15:22:12 [INFO]      consumiu MENOS que o habitual às 20h
2026-07-19 15:22:12 [INFO]      [2mReal:[0m 11.0 kWh   [2mHabitual:[0m 15.0 ± 1.5 kWh   [2mz:[0m -2.67   [2mdesvio:[0m -27%   [2m(2 obs. fim_semana)[0m
2026-07-19 15:22:12 [INFO] 
2026-07-19 15:22:12 [INFO]   🔵 [94m[1mPT0002000120237616VJ[0m  [2m[Cluster 0][0m
2026-07-19 15:22:12 [INFO]      consumiu MENOS que o habitual às 21h
2026-07-19 15:22:12 [INFO]      [2mReal:[0m 11.0 kWh   [2mHabitual:[0m 15.0 ± 1.5 kWh   [2mz:[0m -2.67   [2mdesvio:[0m -27%   [2m(3 obs. fim_semana)[0m
2026-07-19 15:22:12 [INFO] 
2026-07-19 15:22:12 [INFO]   🔴 [91m[1mPT0002000110814293YC[0m  [2m[sem cluster][0m
2026-07-19 15:22:12 [INFO]      consumiu MAIS que o habitual às 20h
2026-07-19 15:22:12 [INFO]      [2mReal:[0m 50.0 kWh   [2mHabitual:[0m 39.5 ± 4.0 kWh   [2mz:[0m +2.66   [2mdesvio:[0m +27%   [2m(2 obs. fim_semana)[0m
2026-07-19 15:22:12 [INFO] 
2026-07-19 15:22:12 [INFO]   🔵 [94m[1mPT0002000068857897ZV[0m  [2m[Cluster 0][0m
2026-07-19 15:22:12 [INFO]      consumiu MENOS que o habitual às 16h
2026-07-19 15:22:12 [INFO]      [2mReal:[0m 26.0 kWh   [2mHabitual:[0m 41.0 ± 5.7 kWh   [2mz:[0m -2.65   [2mdesvio:[0m -37%   [2m(2 obs. fim_semana)[0m
2026-07-19 15:22:12 [INFO] 
2026-07-19 15:22:12 [INFO]   🔵 [94m[1mPT0002000112989585PH[0m  [2m[Cluster 0][0m
2026-07-19 15:22:12 [INFO]      consumiu MENOS que o habitual às 20h
2026-07-19 15:22:12 [INFO]      [2mReal:[0m 39.0 kWh   [2mHabitual:[0m 53.0 ± 5.3 kWh   [2mz:[0m -2.64   [2mdesvio:[0m -26%   [2m(2 obs. fim_semana)[0m
2026-07-19 15:22:12 [INFO] 
2026-07-19 15:22:12 [INFO]   🔵 [94m[1mPT0002000114685657JR[0m  [2m[Cluster 0][0m
2026-07-19 15:22:12 [INFO]      consumiu MENOS que o habitual às 19h
2026-07-19 15:22:12 [INFO]      [2mReal:[0m 167.0 kWh   [2mHabitual:[0m 227.0 ± 22.7 kWh   [2mz:[0m -2.64   [2mdesvio:[0m -26%   [2m(2 obs. fim_semana)[0m
2026-07-19 15:22:12 [INFO] 
2026-07-19 15:22:12 [INFO]   🔴 [91m[1mPT0002000068856974CZ[0m  [2m[sem cluster][0m
2026-07-19 15:22:12 [INFO]      consumiu MAIS que o habitual às 05h
2026-07-19 15:22:12 [INFO]      [2mReal:[0m 12.0 kWh   [2mHabitual:[0m 9.5 ± 0.9 kWh   [2mz:[0m +2.63   [2mdesvio:[0m +26%   [2m(2 obs. fim_semana)[0m
2026-07-19 15:22:12 [INFO] 
2026-07-19 15:22:12 [INFO]   🔵 [94m[1mPT0002000114613364CC[0m  [2m[sem cluster][0m
2026-07-19 15:22:12 [INFO]      consumiu MENOS que o habitual às 18h
2026-07-19 15:22:12 [INFO]      [2mReal:[0m 118.0 kWh   [2mHabitual:[0m 160.0 ± 16.0 kWh   [2mz:[0m -2.62   [2mdesvio:[0m -26%   [2m(2 obs. fim_semana)[0m
2026-07-19 15:22:12 [INFO] 
2026-07-19 15:22:12 [INFO]   🔵 [94m[1mPT0002000068859187RL[0m  [2m[Cluster 0][0m
2026-07-19 15:22:12 [INFO]      consumiu MENOS que o habitual às 12h
2026-07-19 15:22:12 [INFO]      [2mReal:[0m 21.0 kWh   [2mHabitual:[0m 80.0 ± 22.6 kWh   [2mz:[0m -2.61   [2mdesvio:[0m -74%   [2m(2 obs. fim_semana)[0m
2026-07-19 15:22:12 [INFO] 
2026-07-19 15:22:12 [INFO]   🔵 [94m[1mPT0002000116530964LH[0m  [2m[sem cluster][0m
2026-07-19 15:22:12 [INFO]      consumiu MENOS que o habitual às 07h
2026-07-19 15:22:12 [INFO]      [2mReal:[0m 88.0 kWh   [2mHabitual:[0m 119.0 ± 11.9 kWh   [2mz:[0m -2.61   [2mdesvio:[0m -26%   [2m(2 obs. fim_semana)[0m
2026-07-19 15:22:12 [INFO] 
2026-07-19 15:22:12 [INFO]   🔴 [91m[1mPT0002000068859325FL[0m  [2m[Cluster 1][0m
2026-07-19 15:22:12 [INFO]      consumiu MAIS que o habitual às 01h
2026-07-19 15:22:12 [INFO]      [2mReal:[0m 116.0 kWh   [2mHabitual:[0m 72.0 ± 17.0 kWh   [2mz:[0m +2.59   [2mdesvio:[0m +61%   [2m(2 obs. fim_semana)[0m
2026-07-19 15:22:12 [INFO] 
2026-07-19 15:22:12 [INFO]   🔴 [91m[1mPT0002000068859325FL[0m  [2m[Cluster 1][0m
2026-07-19 15:22:12 [INFO]      consumiu MAIS que o habitual às 02h
2026-07-19 15:22:12 [INFO]      [2mReal:[0m 116.0 kWh   [2mHabitual:[0m 72.0 ± 17.0 kWh   [2mz:[0m +2.59   [2mdesvio:[0m +61%   [2m(2 obs. fim_semana)[0m
2026-07-19 15:22:12 [INFO] 
2026-07-19 15:22:12 [INFO]   🔴 [91m[1mPT0002000068859325FL[0m  [2m[Cluster 1][0m
2026-07-19 15:22:12 [INFO]      consumiu MAIS que o habitual às 03h
2026-07-19 15:22:12 [INFO]      [2mReal:[0m 116.0 kWh   [2mHabitual:[0m 72.0 ± 17.0 kWh   [2mz:[0m +2.59   [2mdesvio:[0m +61%   [2m(2 obs. fim_semana)[0m
2026-07-19 15:22:12 [INFO] 
2026-07-19 15:22:12 [INFO]   🔴 [91m[1mPT0002000068859325FL[0m  [2m[Cluster 1][0m
2026-07-19 15:22:12 [INFO]      consumiu MAIS que o habitual às 04h
2026-07-19 15:22:12 [INFO]      [2mReal:[0m 116.0 kWh   [2mHabitual:[0m 72.0 ± 17.0 kWh   [2mz:[0m +2.59   [2mdesvio:[0m +61%   [2m(2 obs. fim_semana)[0m
2026-07-19 15:22:12 [INFO] 
2026-07-19 15:22:12 [INFO]   🔵 [94m[1mPT0002000120237616VJ[0m  [2m[Cluster 0][0m
2026-07-19 15:22:12 [INFO]      consumiu MENOS que o habitual às 01h
2026-07-19 15:22:12 [INFO]      [2mReal:[0m 10.0 kWh   [2mHabitual:[0m 13.5 ± 1.4 kWh   [2mz:[0m -2.59   [2mdesvio:[0m -26%   [2m(2 obs. fim_semana)[0m
2026-07-19 15:22:12 [INFO] 
2026-07-19 15:22:12 [INFO]   🔵 [94m[1mPT0002000120237616VJ[0m  [2m[Cluster 0][0m
2026-07-19 15:22:12 [INFO]      consumiu MENOS que o habitual às 03h
2026-07-19 15:22:12 [INFO]      [2mReal:[0m 10.0 kWh   [2mHabitual:[0m 13.5 ± 1.4 kWh   [2mz:[0m -2.59   [2mdesvio:[0m -26%   [2m(2 obs. fim_semana)[0m
2026-07-19 15:22:12 [INFO] 
2026-07-19 15:22:12 [INFO]   🔵 [94m[1mPT0002000125701614SQ[0m  [2m[sem cluster][0m
2026-07-19 15:22:12 [INFO]      consumiu MENOS que o habitual às 16h
2026-07-19 15:22:12 [INFO]      [2mReal:[0m 15.0 kWh   [2mHabitual:[0m 20.5 ± 2.1 kWh   [2mz:[0m -2.59   [2mdesvio:[0m -27%   [2m(2 obs. fim_semana)[0m
2026-07-19 15:22:12 [INFO] 
2026-07-19 15:22:12 [INFO]   🔴 [91m[1mPT0002000201936109ME[0m  [2m[Cluster 0][0m
2026-07-19 15:22:12 [INFO]      consumiu MAIS que o habitual às 16h
2026-07-19 15:22:12 [INFO]      [2mReal:[0m 100.0 kWh   [2mHabitual:[0m 23.0 ± 29.7 kWh   [2mz:[0m +2.59   [2mdesvio:[0m +335%   [2m(2 obs. fim_semana)[0m
2026-07-19 15:22:12 [INFO] 
2026-07-19 15:22:12 [INFO]   🔴 [91m[1mPT0002000073720434JD[0m  [2m[sem cluster][0m
2026-07-19 15:22:12 [INFO]      consumiu MAIS que o habitual às 12h
2026-07-19 15:22:12 [INFO]      [2mReal:[0m 27.0 kWh   [2mHabitual:[0m 21.5 ± 2.1 kWh   [2mz:[0m +2.56   [2mdesvio:[0m +26%   [2m(2 obs. fim_semana)[0m
2026-07-19 15:22:12 [INFO] 
2026-07-19 15:22:12 [INFO]   🔵 [94m[1mPT0002000078233981HJ[0m  [2m[Cluster 1][0m
2026-07-19 15:22:12 [INFO]      consumiu MENOS que o habitual às 18h
2026-07-19 15:22:12 [INFO]      [2mReal:[0m 1.0 kWh   [2mHabitual:[0m 19.0 ± 7.1 kWh   [2mz:[0m -2.55   [2mdesvio:[0m -95%   [2m(2 obs. fim_semana)[0m
2026-07-19 15:22:12 [INFO] 
2026-07-19 15:22:12 [INFO]   🔴 [91m[1mPT0002000201936109ME[0m  [2m[Cluster 0][0m
2026-07-19 15:22:12 [INFO]      consumiu MAIS que o habitual às 08h
2026-07-19 15:22:12 [INFO]      [2mReal:[0m 37.0 kWh   [2mHabitual:[0m 19.0 ± 7.1 kWh   [2mz:[0m +2.55   [2mdesvio:[0m +95%   [2m(2 obs. fim_semana)[0m
2026-07-19 15:22:12 [INFO] 
2026-07-19 15:22:12 [INFO]   🔴 [91m[1mPT0002000068859325FL[0m  [2m[Cluster 1][0m
2026-07-19 15:22:12 [INFO]      consumiu MAIS que o habitual às 11h
2026-07-19 15:22:12 [INFO]      [2mReal:[0m 400.0 kWh   [2mHabitual:[0m 206.0 ± 76.4 kWh   [2mz:[0m +2.54   [2mdesvio:[0m +94%   [2m(2 obs. fim_semana)[0m
2026-07-19 15:22:12 [INFO] 
2026-07-19 15:22:12 [INFO]   🔵 [94m[1mPT0002000077394934QY[0m  [2m[Cluster 0][0m
2026-07-19 15:22:12 [INFO]      consumiu MENOS que o habitual às 07h
2026-07-19 15:22:12 [INFO]      [2mReal:[0m 50.0 kWh   [2mHabitual:[0m 67.0 ± 6.7 kWh   [2mz:[0m -2.54   [2mdesvio:[0m -25%   [2m(2 obs. fim_semana)[0m
2026-07-19 15:22:12 [INFO] 
2026-07-19 15:22:12 [INFO]   🔵 [94m[1mPT0002000079469719HF[0m  [2m[sem cluster][0m
2026-07-19 15:22:12 [INFO]      consumiu MENOS que o habitual às 20h
2026-07-19 15:22:12 [INFO]      [2mReal:[0m 125.0 kWh   [2mHabitual:[0m 167.5 ± 16.8 kWh   [2mz:[0m -2.54   [2mdesvio:[0m -25%   [2m(2 obs. fim_semana)[0m
2026-07-19 15:22:12 [INFO] 
2026-07-19 15:22:12 [INFO]   🔵 [94m[1mPT0002000107172384HT[0m  [2m[Cluster 1][0m
2026-07-19 15:22:12 [INFO]      consumiu MENOS que o habitual às 11h
2026-07-19 15:22:12 [INFO]      [2mReal:[0m 22.0 kWh   [2mHabitual:[0m 29.5 ± 3.0 kWh   [2mz:[0m -2.54   [2mdesvio:[0m -25%   [2m(2 obs. fim_semana)[0m
2026-07-19 15:22:12 [INFO] 
2026-07-19 15:22:12 [INFO]   🔴 [91m[1mPT0002000201936109ME[0m  [2m[Cluster 0][0m
2026-07-19 15:22:12 [INFO]      consumiu MAIS que o habitual às 17h
2026-07-19 15:22:12 [INFO]      [2mReal:[0m 122.0 kWh   [2mHabitual:[0m 30.5 ± 36.1 kWh   [2mz:[0m +2.54   [2mdesvio:[0m +300%   [2m(2 obs. fim_semana)[0m
2026-07-19 15:22:12 [INFO] 
2026-07-19 15:22:12 [INFO]   🔵 [94m[1mPT0002000078140706BA[0m  [2m[sem cluster][0m
2026-07-19 15:22:12 [INFO]      consumiu MENOS que o habitual às 08h
2026-07-19 15:22:12 [INFO]      [2mReal:[0m 7.0 kWh   [2mHabitual:[0m 168.0 ± 63.6 kWh   [2mz:[0m -2.53   [2mdesvio:[0m -96%   [2m(2 obs. fim_semana)[0m
2026-07-19 15:22:12 [INFO] 
2026-07-19 15:22:12 [INFO]   [2mCSV:[0m /home/runner/work/ts-anomaly-detection-dissertation/ts-anomaly-detection-dissertation/results/energia/realtime/alerts/analise_energia_2026-07-18.csv
2026-07-19 15:22:12 [INFO] 
2026-07-19 15:22:12 [INFO] [96m→ A prever consumo de 2026-07-19 para 276 CPEs...[0m
2026-07-19 15:22:16 [INFO] [1m══════════════════════════════════════════════════════════════════════[0m
2026-07-19 15:22:16 [INFO] [1m  PREDIÇÃO — 2026-07-19 [0m[2m(fim semana)[0m
2026-07-19 15:22:16 [INFO] [1m══════════════════════════════════════════════════════════════════════[0m
2026-07-19 15:22:16 [INFO]   [95m● CPEs previstos[0m          69 [2m(alta: 0, baixa: 1656)[0m
2026-07-19 15:22:16 [INFO]   [95m● Consumo total previsto[0m 99949.3 kWh [2m(±22871.6)[0m
2026-07-19 15:22:16 [INFO] 
2026-07-19 15:22:16 [INFO]   [2mPrevisão guardada:[0m /home/runner/work/ts-anomaly-detection-dissertation/ts-anomaly-detection-dissertation/results/energia/realtime/predictions/previsao_energia_2026-07-19.csv
2026-07-19 15:22:16 [INFO] 
2026-07-19 15:22:16 [INFO] [1m══════════════════════════════════════════════════════════════════════[0m
2026-07-19 15:22:16 [INFO] [1m  VALIDAÇÃO — qualidade das previsões anteriores[0m
2026-07-19 15:22:16 [INFO] [1m══════════════════════════════════════════════════════════════════════[0m
2026-07-19 15:22:16 [INFO]   [2mDias validados:[0m 4   [2mpendentes:[0m 34
2026-07-19 15:22:16 [INFO]   [2mÚltimo (2026-07-18):[0m MAE 17.70 kWh   RMSE 41.42   em ±1σ 48% [2m(esperado ~68%)[0m   em ±2σ 66% [2m(esperado ~95%)[0m
2026-07-19 15:22:16 [INFO]   [2mMédia acumulada:[0m MAE 13.24 kWh   RMSE 35.72   em ±1σ 62%   em ±2σ 80%
2026-07-19 15:22:16 [INFO]   [2mCSV:[0m /home/runner/work/ts-anomaly-detection-dissertation/ts-anomaly-detection-dissertation/results/energia/realtime/analysis/qualidade_previsoes_energia.csv
2026-07-19 15:22:16 [INFO] 
2026-07-19 16:06:17 [INFO] [96m→ A pedir dados ao BaZe (276 CPEs)...[0m
2026-07-19 16:17:43 [INFO] 
2026-07-19 16:17:43 [INFO] [1m══════════════════════════════════════════════════════════════════════[0m
2026-07-19 16:17:43 [INFO] [1m  DETEÇÃO DE ANOMALIAS — 2026-07-18[0m
2026-07-19 16:17:43 [INFO] [1m══════════════════════════════════════════════════════════════════════[0m
2026-07-19 16:17:43 [INFO]   [2mTipo de dia:[0m  fim semana
2026-07-19 16:17:43 [INFO]   [2mFonte:[0m        BAZE
2026-07-19 16:17:43 [INFO]   [2mCPEs c/ dados:[0m 69
2026-07-19 16:17:43 [INFO]   [2mThreshold:[0m    |z| > 2.5 [2m(adaptativo a este tipo de dia)[0m
2026-07-19 16:17:43 [INFO] 
2026-07-19 16:17:43 [INFO] [96m→ A analisar 69 CPEs / 1656 pontos horários (retrospetiva)...[0m
2026-07-19 16:17:45 [INFO] [1m─── Resumo ─────────────────────────────────────[0m
2026-07-19 16:17:45 [INFO]   [92m● Normal[0m                1166 [2m( 70.4%)[0m
2026-07-19 16:17:45 [INFO]   [91m● Desvio (alta confiança)[0m    0 [2m(  0.0%)[0m
2026-07-19 16:17:45 [INFO]   [93m● Desvio (baixa confiança)[0m 490 [2m( 29.6%)[0m
2026-07-19 16:17:45 [INFO]   [2mTempo: 688.4s[0m
2026-07-19 16:17:45 [INFO] 
2026-07-19 16:17:45 [INFO] [1m[93m─── Desvios de BAIXA confiança (490) ──────────────[0m
2026-07-19 16:17:45 [INFO]   [2m(poucos dados históricos — verificar manualmente)[0m
2026-07-19 16:17:45 [INFO] 
2026-07-19 16:17:45 [INFO]   🔴 [91m[1mPT0002000068856872QG[0m  [2m[Cluster 1][0m
2026-07-19 16:17:45 [INFO]      consumiu MAIS que o habitual às 10h
2026-07-19 16:17:45 [INFO]      [2mReal:[0m 3.0 kWh   [2mHabitual:[0m 0.0 ± 0.3 kWh   [2mz:[0m +10.00   [2mdesvio:[0m +300000%   [2m(2 obs. fim_semana)[0m
2026-07-19 16:17:45 [INFO] 
2026-07-19 16:17:45 [INFO]   🔴 [91m[1mPT0002000068856872QG[0m  [2m[Cluster 1][0m
2026-07-19 16:17:45 [INFO]      consumiu MAIS que o habitual às 16h
2026-07-19 16:17:45 [INFO]      [2mReal:[0m 3.0 kWh   [2mHabitual:[0m 0.0 ± 0.3 kWh   [2mz:[0m +10.00   [2mdesvio:[0m +300000%   [2m(2 obs. fim_semana)[0m
2026-07-19 16:17:45 [INFO] 
2026-07-19 16:17:45 [INFO]   🔴 [91m[1mPT0002000068859325FL[0m  [2m[Cluster 1][0m
2026-07-19 16:17:45 [INFO]      consumiu MAIS que o habitual às 10h
2026-07-19 16:17:45 [INFO]      [2mReal:[0m 396.0 kWh   [2mHabitual:[0m 176.0 ± 17.6 kWh   [2mz:[0m +10.00⁺   [2mdesvio:[0m +125%   [2m(2 obs. fim_semana)[0m
2026-07-19 16:17:45 [INFO] 
2026-07-19 16:17:45 [INFO]   🔴 [91m[1mPT0002000068859597LS[0m  [2m[Cluster 0][0m
2026-07-19 16:17:45 [INFO]      consumiu MAIS que o habitual às 00h
2026-07-19 16:17:45 [INFO]      [2mReal:[0m 62.0 kWh   [2mHabitual:[0m 30.0 ± 3.0 kWh   [2mz:[0m +10.00⁺   [2mdesvio:[0m +107%   [2m(2 obs. fim_semana)[0m
2026-07-19 16:17:45 [INFO] 
2026-07-19 16:17:45 [INFO]   🔴 [91m[1mPT0002000073720434JD[0m  [2m[sem cluster][0m
2026-07-19 16:17:45 [INFO]      consumiu MAIS que o habitual às 18h
2026-07-19 16:17:45 [INFO]      [2mReal:[0m 83.0 kWh   [2mHabitual:[0m 30.5 ± 3.0 kWh   [2mz:[0m +10.00⁺   [2mdesvio:[0m +172%   [2m(2 obs. fim_semana)[0m
2026-07-19 16:17:45 [INFO] 
2026-07-19 16:17:45 [INFO]   🔴 [91m[1mPT0002000077348081AG[0m  [2m[sem cluster][0m
2026-07-19 16:17:45 [INFO]      consumiu MAIS que o habitual às 23h
2026-07-19 16:17:45 [INFO]      [2mReal:[0m 77.0 kWh   [2mHabitual:[0m 27.0 ± 2.7 kWh   [2mz:[0m +10.00⁺   [2mdesvio:[0m +185%   [2m(3 obs. fim_semana)[0m
2026-07-19 16:17:45 [INFO] 
2026-07-19 16:17:45 [INFO]   🔵 [94m[1mPT0002000077647404EM[0m  [2m[Cluster 1][0m
2026-07-19 16:17:45 [INFO]      consumiu MENOS que o habitual às 09h
2026-07-19 16:17:45 [INFO]      [2mReal:[0m 0.0 kWh   [2mHabitual:[0m 81.5 ± 8.2 kWh   [2mz:[0m -10.00   [2mdesvio:[0m -100%   [2m(2 obs. fim_semana)[0m
2026-07-19 16:17:45 [INFO] 
2026-07-19 16:17:45 [INFO]   🔵 [94m[1mPT0002000077647404EM[0m  [2m[Cluster 1][0m
2026-07-19 16:17:45 [INFO]      consumiu MENOS que o habitual às 11h
2026-07-19 16:17:45 [INFO]      [2mReal:[0m 0.0 kWh   [2mHabitual:[0m 82.0 ± 8.2 kWh   [2mz:[0m -10.00   [2mdesvio:[0m -100%   [2m(2 obs. fim_semana)[0m
2026-07-19 16:17:45 [INFO] 
2026-07-19 16:17:45 [INFO]   🔴 [91m[1mPT0002000078233981HJ[0m  [2m[Cluster 1][0m
2026-07-19 16:17:45 [INFO]      consumiu MAIS que o habitual às 08h
2026-07-19 16:17:45 [INFO]      [2mReal:[0m 11.0 kWh   [2mHabitual:[0m 1.5 ± 0.7 kWh   [2mz:[0m +10.00⁺   [2mdesvio:[0m +633%   [2m(2 obs. fim_semana)[0m
2026-07-19 16:17:45 [INFO] 
2026-07-19 16:17:45 [INFO]   🔴 [91m[1mPT0002000078233981HJ[0m  [2m[Cluster 1][0m
2026-07-19 16:17:45 [INFO]      consumiu MAIS que o habitual às 09h
2026-07-19 16:17:45 [INFO]      [2mReal:[0m 15.0 kWh   [2mHabitual:[0m 1.5 ± 0.7 kWh   [2mz:[0m +10.00⁺   [2mdesvio:[0m +900%   [2m(2 obs. fim_semana)[0m
2026-07-19 16:17:45 [INFO] 
2026-07-19 16:17:45 [INFO]   🔴 [91m[1mPT0002000078233981HJ[0m  [2m[Cluster 1][0m
2026-07-19 16:17:45 [INFO]      consumiu MAIS que o habitual às 10h
2026-07-19 16:17:45 [INFO]      [2mReal:[0m 14.0 kWh   [2mHabitual:[0m 2.0 ± 0.3 kWh   [2mz:[0m +10.00⁺   [2mdesvio:[0m +600%   [2m(2 obs. fim_semana)[0m
2026-07-19 16:17:45 [INFO] 
2026-07-19 16:17:45 [INFO]   🔴 [91m[1mPT0002000078233981HJ[0m  [2m[Cluster 1][0m
2026-07-19 16:17:45 [INFO]      consumiu MAIS que o habitual às 11h
2026-07-19 16:17:45 [INFO]      [2mReal:[0m 12.0 kWh   [2mHabitual:[0m 1.5 ± 0.7 kWh   [2mz:[0m +10.00⁺   [2mdesvio:[0m +700%   [2m(2 obs. fim_semana)[0m
2026-07-19 16:17:45 [INFO] 
2026-07-19 16:17:45 [INFO]   🔴 [91m[1mPT0002000078233981HJ[0m  [2m[Cluster 1][0m
2026-07-19 16:17:45 [INFO]      consumiu MAIS que o habitual às 13h
2026-07-19 16:17:45 [INFO]      [2mReal:[0m 7.0 kWh   [2mHabitual:[0m 2.0 ± 0.3 kWh   [2mz:[0m +10.00⁺   [2mdesvio:[0m +250%   [2m(2 obs. fim_semana)[0m
2026-07-19 16:17:45 [INFO] 
2026-07-19 16:17:45 [INFO]   🔴 [91m[1mPT0002000109837807PE[0m  [2m[Cluster 1][0m
2026-07-19 16:17:45 [INFO]      consumiu MAIS que o habitual às 10h
2026-07-19 16:17:45 [INFO]      [2mReal:[0m 14.0 kWh   [2mHabitual:[0m 3.5 ± 0.7 kWh   [2mz:[0m +10.00⁺   [2mdesvio:[0m +300%   [2m(2 obs. fim_semana)[0m
2026-07-19 16:17:45 [INFO] 
2026-07-19 16:17:45 [INFO]   🔴 [91m[1mPT0002000110607652SB[0m  [2m[Cluster 0][0m
2026-07-19 16:17:45 [INFO]      consumiu MAIS que o habitual às 21h
2026-07-19 16:17:45 [INFO]      [2mReal:[0m 16.0 kWh   [2mHabitual:[0m 8.0 ± 0.8 kWh   [2mz:[0m +10.00   [2mdesvio:[0m +100%   [2m(3 obs. fim_semana)[0m
2026-07-19 16:17:45 [INFO] 
2026-07-19 16:17:45 [INFO]   🔴 [91m[1mPT0002000110607652SB[0m  [2m[Cluster 0][0m
2026-07-19 16:17:45 [INFO]      consumiu MAIS que o habitual às 23h
2026-07-19 16:17:45 [INFO]      [2mReal:[0m 16.0 kWh   [2mHabitual:[0m 8.0 ± 0.8 kWh   [2mz:[0m +10.00   [2mdesvio:[0m +100%   [2m(3 obs. fim_semana)[0m
2026-07-19 16:17:45 [INFO] 
2026-07-19 16:17:45 [INFO]   🔴 [91m[1mPT0002000203419117SJ[0m  [2m[sem cluster][0m
2026-07-19 16:17:45 [INFO]      consumiu MAIS que o habitual às 06h
2026-07-19 16:17:45 [INFO]      [2mReal:[0m 4.0 kWh   [2mHabitual:[0m 0.0 ± 0.3 kWh   [2mz:[0m +10.00⁺   [2mdesvio:[0m +400000%   [2m(2 obs. fim_semana)[0m
2026-07-19 16:17:45 [INFO] 
2026-07-19 16:17:45 [INFO]   🔴 [91m[1mPT0002000203886452WB[0m  [2m[sem cluster][0m
2026-07-19 16:17:45 [INFO]      consumiu MAIS que o habitual às 01h
2026-07-19 16:17:45 [INFO]      [2mReal:[0m 20.0 kWh   [2mHabitual:[0m 0.0 ± 0.3 kWh   [2mz:[0m +10.00⁺   [2mdesvio:[0m +2000000%   [2m(2 obs. fim_semana)[0m
2026-07-19 16:17:45 [INFO] 
2026-07-19 16:17:45 [INFO]   🔴 [91m[1mPT0002000203886452WB[0m  [2m[sem cluster][0m
2026-07-19 16:17:45 [INFO]      consumiu MAIS que o habitual às 02h
2026-07-19 16:17:45 [INFO]      [2mReal:[0m 20.0 kWh   [2mHabitual:[0m 0.0 ± 0.3 kWh   [2mz:[0m +10.00⁺   [2mdesvio:[0m +2000000%   [2m(2 obs. fim_semana)[0m
2026-07-19 16:17:45 [INFO] 
2026-07-19 16:17:45 [INFO]   🔴 [91m[1mPT0002000203886452WB[0m  [2m[sem cluster][0m
2026-07-19 16:17:45 [INFO]      consumiu MAIS que o habitual às 03h
2026-07-19 16:17:45 [INFO]      [2mReal:[0m 20.0 kWh   [2mHabitual:[0m 0.0 ± 0.3 kWh   [2mz:[0m +10.00⁺   [2mdesvio:[0m +2000000%   [2m(2 obs. fim_semana)[0m
2026-07-19 16:17:45 [INFO] 
2026-07-19 16:17:45 [INFO]   🔴 [91m[1mPT0002000203886452WB[0m  [2m[sem cluster][0m
2026-07-19 16:17:45 [INFO]      consumiu MAIS que o habitual às 04h
2026-07-19 16:17:45 [INFO]      [2mReal:[0m 20.0 kWh   [2mHabitual:[0m 0.0 ± 0.3 kWh   [2mz:[0m +10.00⁺   [2mdesvio:[0m +2000000%   [2m(2 obs. fim_semana)[0m
2026-07-19 16:17:45 [INFO] 
2026-07-19 16:17:45 [INFO]   🔴 [91m[1mPT0002000203886452WB[0m  [2m[sem cluster][0m
2026-07-19 16:17:45 [INFO]      consumiu MAIS que o habitual às 05h
2026-07-19 16:17:45 [INFO]      [2mReal:[0m 20.0 kWh   [2mHabitual:[0m 0.0 ± 0.3 kWh   [2mz:[0m +10.00⁺   [2mdesvio:[0m +2000000%   [2m(2 obs. fim_semana)[0m
2026-07-19 16:17:45 [INFO] 
2026-07-19 16:17:45 [INFO]   🔴 [91m[1mPT0002000203886452WB[0m  [2m[sem cluster][0m
2026-07-19 16:17:45 [INFO]      consumiu MAIS que o habitual às 06h
2026-07-19 16:17:45 [INFO]      [2mReal:[0m 20.0 kWh   [2mHabitual:[0m 0.0 ± 0.3 kWh   [2mz:[0m +10.00⁺   [2mdesvio:[0m +2000000%   [2m(2 obs. fim_semana)[0m
2026-07-19 16:17:45 [INFO] 
2026-07-19 16:17:45 [INFO]   🔴 [91m[1mPT0002000203886452WB[0m  [2m[sem cluster][0m
2026-07-19 16:17:45 [INFO]      consumiu MAIS que o habitual às 07h
2026-07-19 16:17:45 [INFO]      [2mReal:[0m 20.0 kWh   [2mHabitual:[0m 0.0 ± 0.3 kWh   [2mz:[0m +10.00⁺   [2mdesvio:[0m +2000000%   [2m(2 obs. fim_semana)[0m
2026-07-19 16:17:45 [INFO] 
2026-07-19 16:17:45 [INFO]   🔴 [91m[1mPT0002000203886452WB[0m  [2m[sem cluster][0m
2026-07-19 16:17:45 [INFO]      consumiu MAIS que o habitual às 08h
2026-07-19 16:17:45 [INFO]      [2mReal:[0m 20.0 kWh   [2mHabitual:[0m 0.0 ± 0.3 kWh   [2mz:[0m +10.00⁺   [2mdesvio:[0m +2000000%   [2m(2 obs. fim_semana)[0m
2026-07-19 16:17:45 [INFO] 
2026-07-19 16:17:45 [INFO]   🔵 [94m[1mPT0002000077647404EM[0m  [2m[Cluster 1][0m
2026-07-19 16:17:45 [INFO]      consumiu MENOS que o habitual às 10h
2026-07-19 16:17:45 [INFO]      [2mReal:[0m 1.0 kWh   [2mHabitual:[0m 82.5 ± 8.2 kWh   [2mz:[0m -9.88   [2mdesvio:[0m -99%   [2m(2 obs. fim_semana)[0m
2026-07-19 16:17:45 [INFO] 
2026-07-19 16:17:45 [INFO]   🔵 [94m[1mPT0002000115031201VQ[0m  [2m[Cluster 0][0m
2026-07-19 16:17:45 [INFO]      consumiu MENOS que o habitual às 11h
2026-07-19 16:17:45 [INFO]      [2mReal:[0m 3.0 kWh   [2mHabitual:[0m 40.0 ± 4.0 kWh   [2mz:[0m -9.25   [2mdesvio:[0m -92%   [2m(2 obs. fim_semana)[0m
2026-07-19 16:17:45 [INFO] 
2026-07-19 16:17:45 [INFO]   🔵 [94m[1mPT0002000119303492KB[0m  [2m[Cluster 0][0m
2026-07-19 16:17:45 [INFO]      consumiu MENOS que o habitual às 11h
2026-07-19 16:17:45 [INFO]      [2mReal:[0m 4.0 kWh   [2mHabitual:[0m 46.5 ± 4.7 kWh   [2mz:[0m -9.14   [2mdesvio:[0m -91%   [2m(2 obs. fim_semana)[0m
2026-07-19 16:17:45 [INFO] 
2026-07-19 16:17:45 [INFO]   🔵 [94m[1mPT0002000078140706BA[0m  [2m[sem cluster][0m
2026-07-19 16:17:45 [INFO]      consumiu MENOS que o habitual às 07h
2026-07-19 16:17:45 [INFO]      [2mReal:[0m 5.0 kWh   [2mHabitual:[0m 56.0 ± 5.6 kWh   [2mz:[0m -9.11   [2mdesvio:[0m -91%   [2m(2 obs. fim_semana)[0m
2026-07-19 16:17:45 [INFO] 
2026-07-19 16:17:45 [INFO]   🔵 [94m[1mPT0002000107046231FW[0m  [2m[Cluster 0][0m
2026-07-19 16:17:45 [INFO]      consumiu MENOS que o habitual às 16h
2026-07-19 16:17:45 [INFO]      [2mReal:[0m 2.0 kWh   [2mHabitual:[0m 22.5 ± 2.2 kWh   [2mz:[0m -9.11   [2mdesvio:[0m -91%   [2m(2 obs. fim_semana)[0m
2026-07-19 16:17:45 [INFO] 
2026-07-19 16:17:45 [INFO]   🔴 [91m[1mPT0002000073720434JD[0m  [2m[sem cluster][0m
2026-07-19 16:17:45 [INFO]      consumiu MAIS que o habitual às 17h
2026-07-19 16:17:45 [INFO]      [2mReal:[0m 88.0 kWh   [2mHabitual:[0m 24.0 ± 7.1 kWh   [2mz:[0m +9.05   [2mdesvio:[0m +267%   [2m(2 obs. fim_semana)[0m
2026-07-19 16:17:45 [INFO] 
2026-07-19 16:17:45 [INFO]   🔵 [94m[1mPT0002000119303492KB[0m  [2m[Cluster 0][0m
2026-07-19 16:17:45 [INFO]      consumiu MENOS que o habitual às 13h
2026-07-19 16:17:45 [INFO]      [2mReal:[0m 3.0 kWh   [2mHabitual:[0m 31.0 ± 3.1 kWh   [2mz:[0m -9.03   [2mdesvio:[0m -90%   [2m(2 obs. fim_semana)[0m
2026-07-19 16:17:45 [INFO] 
2026-07-19 16:17:45 [INFO]   🔵 [94m[1mPT0002000111572054VT[0m  [2m[sem cluster][0m
2026-07-19 16:17:45 [INFO]      consumiu MENOS que o habitual às 11h
2026-07-19 16:17:45 [INFO]      [2mReal:[0m 2.0 kWh   [2mHabitual:[0m 20.0 ± 2.0 kWh   [2mz:[0m -9.00   [2mdesvio:[0m -90%   [2m(2 obs. fim_semana)[0m
2026-07-19 16:17:45 [INFO] 
2026-07-19 16:17:45 [INFO]   🔵 [94m[1mPT0002000115031201VQ[0m  [2m[Cluster 0][0m
2026-07-19 16:17:45 [INFO]      consumiu MENOS que o habitual às 12h
2026-07-19 16:17:45 [INFO]      [2mReal:[0m 4.0 kWh   [2mHabitual:[0m 39.5 ± 4.0 kWh   [2mz:[0m -8.99   [2mdesvio:[0m -90%   [2m(2 obs. fim_semana)[0m
2026-07-19 16:17:45 [INFO] 
2026-07-19 16:17:45 [INFO]   🔵 [94m[1mPT0002000115031201VQ[0m  [2m[Cluster 0][0m
2026-07-19 16:17:45 [INFO]      consumiu MENOS que o habitual às 13h
2026-07-19 16:17:45 [INFO]      [2mReal:[0m 4.0 kWh   [2mHabitual:[0m 39.5 ± 4.0 kWh   [2mz:[0m -8.99   [2mdesvio:[0m -90%   [2m(2 obs. fim_semana)[0m
2026-07-19 16:17:45 [INFO] 
2026-07-19 16:17:45 [INFO]   🔵 [94m[1mPT0002000107046231FW[0m  [2m[Cluster 0][0m
2026-07-19 16:17:45 [INFO]      consumiu MENOS que o habitual às 14h
2026-07-19 16:17:45 [INFO]      [2mReal:[0m 3.0 kWh   [2mHabitual:[0m 29.5 ± 3.0 kWh   [2mz:[0m -8.98   [2mdesvio:[0m -90%   [2m(2 obs. fim_semana)[0m
2026-07-19 16:17:45 [INFO] 
2026-07-19 16:17:45 [INFO]   🔵 [94m[1mPT0002000107046231FW[0m  [2m[Cluster 0][0m
2026-07-19 16:17:45 [INFO]      consumiu MENOS que o habitual às 12h
2026-07-19 16:17:45 [INFO]      [2mReal:[0m 2.0 kWh   [2mHabitual:[0m 33.5 ± 3.5 kWh   [2mz:[0m -8.91   [2mdesvio:[0m -94%   [2m(2 obs. fim_semana)[0m
2026-07-19 16:17:45 [INFO] 
2026-07-19 16:17:45 [INFO]   🔵 [94m[1mPT0002000075637532JB[0m  [2m[Cluster 0][0m
2026-07-19 16:17:45 [INFO]      consumiu MENOS que o habitual às 12h
2026-07-19 16:17:45 [INFO]      [2mReal:[0m 4.0 kWh   [2mHabitual:[0m 36.5 ± 3.6 kWh   [2mz:[0m -8.90   [2mdesvio:[0m -89%   [2m(2 obs. fim_semana)[0m
2026-07-19 16:17:45 [INFO] 
2026-07-19 16:17:45 [INFO]   🔵 [94m[1mPT0002000107046231FW[0m  [2m[Cluster 0][0m
2026-07-19 16:17:45 [INFO]      consumiu MENOS que o habitual às 15h
2026-07-19 16:17:45 [INFO]      [2mReal:[0m 3.0 kWh   [2mHabitual:[0m 26.5 ± 2.6 kWh   [2mz:[0m -8.87   [2mdesvio:[0m -89%   [2m(2 obs. fim_semana)[0m
2026-07-19 16:17:45 [INFO] 
2026-07-19 16:17:45 [INFO]   🔵 [94m[1mPT0002000111572054VT[0m  [2m[sem cluster][0m
2026-07-19 16:17:45 [INFO]      consumiu MENOS que o habitual às 17h
2026-07-19 16:17:45 [INFO]      [2mReal:[0m 3.0 kWh   [2mHabitual:[0m 26.0 ± 2.6 kWh   [2mz:[0m -8.85   [2mdesvio:[0m -88%   [2m(2 obs. fim_semana)[0m
2026-07-19 16:17:45 [INFO] 
2026-07-19 16:17:45 [INFO]   🔵 [94m[1mPT0002000119303492KB[0m  [2m[Cluster 0][0m
2026-07-19 16:17:45 [INFO]      consumiu MENOS que o habitual às 15h
2026-07-19 16:17:45 [INFO]      [2mReal:[0m 3.0 kWh   [2mHabitual:[0m 26.0 ± 2.6 kWh   [2mz:[0m -8.85   [2mdesvio:[0m -88%   [2m(2 obs. fim_semana)[0m
2026-07-19 16:17:45 [INFO] 
2026-07-19 16:17:45 [INFO]   🔵 [94m[1mPT0002000073481266XH[0m  [2m[Cluster 0][0m
2026-07-19 16:17:45 [INFO]      consumiu MENOS que o habitual às 11h
2026-07-19 16:17:45 [INFO]      [2mReal:[0m 5.0 kWh   [2mHabitual:[0m 40.0 ± 4.0 kWh   [2mz:[0m -8.75   [2mdesvio:[0m -88%   [2m(2 obs. fim_semana)[0m
2026-07-19 16:17:45 [INFO] 
2026-07-19 16:17:45 [INFO]   🔴 [91m[1mPT0002000077348081AG[0m  [2m[sem cluster][0m
2026-07-19 16:17:45 [INFO]      consumiu MAIS que o habitual às 10h
2026-07-19 16:17:45 [INFO]      [2mReal:[0m 299.0 kWh   [2mHabitual:[0m 159.5 ± 15.9 kWh   [2mz:[0m +8.75   [2mdesvio:[0m +87%   [2m(2 obs. fim_semana)[0m
2026-07-19 16:17:45 [INFO] 
2026-07-19 16:17:45 [INFO]   🔵 [94m[1mPT0002000123648159KR[0m  [2m[Cluster 0][0m
2026-07-19 16:17:45 [INFO]      consumiu MENOS que o habitual às 08h
2026-07-19 16:17:45 [INFO]      [2mReal:[0m 4.0 kWh   [2mHabitual:[0m 31.5 ± 3.1 kWh   [2mz:[0m -8.73   [2mdesvio:[0m -87%   [2m(2 obs. fim_semana)[0m
2026-07-19 16:17:45 [INFO] 
2026-07-19 16:17:45 [INFO]   🔵 [94m[1mPT0002000201038711LS[0m  [2m[sem cluster][0m
2026-07-19 16:17:45 [INFO]      consumiu MENOS que o habitual às 13h
2026-07-19 16:17:45 [INFO]      [2mReal:[0m 0.0 kWh   [2mHabitual:[0m 18.5 ± 2.1 kWh   [2mz:[0m -8.72   [2mdesvio:[0m -100%   [2m(2 obs. fim_semana)[0m
2026-07-19 16:17:45 [INFO] 
2026-07-19 16:17:45 [INFO]   🔵 [94m[1mPT0002000073481266XH[0m  [2m[Cluster 0][0m
2026-07-19 16:17:45 [INFO]      consumiu MENOS que o habitual às 13h
2026-07-19 16:17:45 [INFO]      [2mReal:[0m 5.0 kWh   [2mHabitual:[0m 37.5 ± 3.8 kWh   [2mz:[0m -8.67   [2mdesvio:[0m -87%   [2m(2 obs. fim_semana)[0m
2026-07-19 16:17:45 [INFO] 
2026-07-19 16:17:45 [INFO]   🔵 [94m[1mPT0002000123648159KR[0m  [2m[Cluster 0][0m
2026-07-19 16:17:45 [INFO]      consumiu MENOS que o habitual às 12h
2026-07-19 16:17:45 [INFO]      [2mReal:[0m 5.0 kWh   [2mHabitual:[0m 36.5 ± 3.6 kWh   [2mz:[0m -8.63   [2mdesvio:[0m -86%   [2m(2 obs. fim_semana)[0m
2026-07-19 16:17:45 [INFO] 
2026-07-19 16:17:45 [INFO]   🔵 [94m[1mPT0002000073481266XH[0m  [2m[Cluster 0][0m
2026-07-19 16:17:45 [INFO]      consumiu MENOS que o habitual às 12h
2026-07-19 16:17:45 [INFO]      [2mReal:[0m 6.0 kWh   [2mHabitual:[0m 43.0 ± 4.3 kWh   [2mz:[0m -8.60   [2mdesvio:[0m -86%   [2m(2 obs. fim_semana)[0m
2026-07-19 16:17:45 [INFO] 
2026-07-19 16:17:45 [INFO]   🔵 [94m[1mPT0002000071896778MT[0m  [2m[Cluster 0][0m
2026-07-19 16:17:45 [INFO]      consumiu MENOS que o habitual às 12h
2026-07-19 16:17:45 [INFO]      [2mReal:[0m 4.0 kWh   [2mHabitual:[0m 28.0 ± 2.8 kWh   [2mz:[0m -8.57   [2mdesvio:[0m -86%   [2m(2 obs. fim_semana)[0m
2026-07-19 16:17:45 [INFO] 
2026-07-19 16:17:45 [INFO]   🔵 [94m[1mPT0002000073481266XH[0m  [2m[Cluster 0][0m
2026-07-19 16:17:45 [INFO]      consumiu MENOS que o habitual às 14h
2026-07-19 16:17:45 [INFO]      [2mReal:[0m 6.0 kWh   [2mHabitual:[0m 41.5 ± 4.2 kWh   [2mz:[0m -8.55   [2mdesvio:[0m -86%   [2m(2 obs. fim_semana)[0m
2026-07-19 16:17:45 [INFO] 
2026-07-19 16:17:45 [INFO]   🔵 [94m[1mPT0002000110607652SB[0m  [2m[Cluster 0][0m
2026-07-19 16:17:45 [INFO]      consumiu MENOS que o habitual às 14h
2026-07-19 16:17:45 [INFO]      [2mReal:[0m 12.0 kWh   [2mHabitual:[0m 82.0 ± 8.2 kWh   [2mz:[0m -8.54   [2mdesvio:[0m -85%   [2m(2 obs. fim_semana)[0m
2026-07-19 16:17:45 [INFO] 
2026-07-19 16:17:45 [INFO]   🔵 [94m[1mPT0002000073481266XH[0m  [2m[Cluster 0][0m
2026-07-19 16:17:45 [INFO]      consumiu MENOS que o habitual às 16h
2026-07-19 16:17:45 [INFO]      [2mReal:[0m 5.0 kWh   [2mHabitual:[0m 34.0 ± 3.4 kWh   [2mz:[0m -8.53   [2mdesvio:[0m -85%   [2m(2 obs. fim_semana)[0m
2026-07-19 16:17:45 [INFO] 
2026-07-19 16:17:45 [INFO]   🔵 [94m[1mPT0002000123648159KR[0m  [2m[Cluster 0][0m
2026-07-19 16:17:45 [INFO]      consumiu MENOS que o habitual às 07h
2026-07-19 16:17:45 [INFO]      [2mReal:[0m 4.0 kWh   [2mHabitual:[0m 28.0 ± 2.8 kWh   [2mz:[0m -8.49   [2mdesvio:[0m -86%   [2m(2 obs. fim_semana)[0m
2026-07-19 16:17:45 [INFO] 
2026-07-19 16:17:45 [INFO]   🔵 [94m[1mPT0002000123648159KR[0m  [2m[Cluster 0][0m
2026-07-19 16:17:45 [INFO]      consumiu MENOS que o habitual às 11h
2026-07-19 16:17:45 [INFO]      [2mReal:[0m 5.0 kWh   [2mHabitual:[0m 32.5 ± 3.2 kWh   [2mz:[0m -8.46   [2mdesvio:[0m -85%   [2m(2 obs. fim_semana)[0m
2026-07-19 16:17:45 [INFO] 
2026-07-19 16:17:45 [INFO]   🔵 [94m[1mPT0002000115673471CB[0m  [2m[Cluster 0][0m
2026-07-19 16:17:45 [INFO]      consumiu MENOS que o habitual às 12h
2026-07-19 16:17:45 [INFO]      [2mReal:[0m 11.0 kWh   [2mHabitual:[0m 71.0 ± 7.1 kWh   [2mz:[0m -8.45   [2mdesvio:[0m -85%   [2m(2 obs. fim_semana)[0m
2026-07-19 16:17:45 [INFO] 
2026-07-19 16:17:45 [INFO]   🔵 [94m[1mPT0002000115031201VQ[0m  [2m[Cluster 0][0m
2026-07-19 16:17:45 [INFO]      consumiu MENOS que o habitual às 15h
2026-07-19 16:17:45 [INFO]      [2mReal:[0m 3.0 kWh   [2mHabitual:[0m 18.5 ± 1.9 kWh   [2mz:[0m -8.38   [2mdesvio:[0m -84%   [2m(2 obs. fim_semana)[0m
2026-07-19 16:17:45 [INFO] 
2026-07-19 16:17:45 [INFO]   🔵 [94m[1mPT0002000033074862LZ[0m  [2m[Cluster 0][0m
2026-07-19 16:17:45 [INFO]      consumiu MENOS que o habitual às 12h
2026-07-19 16:17:45 [INFO]      [2mReal:[0m 10.0 kWh   [2mHabitual:[0m 58.5 ± 5.8 kWh   [2mz:[0m -8.29   [2mdesvio:[0m -83%   [2m(2 obs. fim_semana)[0m
2026-07-19 16:17:45 [INFO] 
2026-07-19 16:17:45 [INFO]   🔵 [94m[1mPT0002000111572054VT[0m  [2m[sem cluster][0m
2026-07-19 16:17:45 [INFO]      consumiu MENOS que o habitual às 09h
2026-07-19 16:17:45 [INFO]      [2mReal:[0m 5.0 kWh   [2mHabitual:[0m 29.0 ± 2.9 kWh   [2mz:[0m -8.28   [2mdesvio:[0m -83%   [2m(2 obs. fim_semana)[0m
2026-07-19 16:17:45 [INFO] 
2026-07-19 16:17:45 [INFO]   🔵 [94m[1mPT0002000071896778MT[0m  [2m[Cluster 0][0m
2026-07-19 16:17:45 [INFO]      consumiu MENOS que o habitual às 13h
2026-07-19 16:17:45 [INFO]      [2mReal:[0m 4.0 kWh   [2mHabitual:[0m 22.0 ± 2.2 kWh   [2mz:[0m -8.18   [2mdesvio:[0m -82%   [2m(2 obs. fim_semana)[0m
2026-07-19 16:17:45 [INFO] 
2026-07-19 16:17:45 [INFO]   🔵 [94m[1mPT0002000115700602GW[0m  [2m[Cluster 0][0m
2026-07-19 16:17:45 [INFO]      consumiu MENOS que o habitual às 11h
2026-07-19 16:17:45 [INFO]      [2mReal:[0m 8.0 kWh   [2mHabitual:[0m 43.5 ± 4.3 kWh   [2mz:[0m -8.16   [2mdesvio:[0m -82%   [2m(2 obs. fim_semana)[0m
2026-07-19 16:17:45 [INFO] 
2026-07-19 16:17:45 [INFO]   🔵 [94m[1mPT0002000101964938LF[0m  [2m[Cluster 0][0m
2026-07-19 16:17:45 [INFO]      consumiu MENOS que o habitual às 15h
2026-07-19 16:17:45 [INFO]      [2mReal:[0m 10.0 kWh   [2mHabitual:[0m 54.0 ± 5.4 kWh   [2mz:[0m -8.15   [2mdesvio:[0m -81%   [2m(2 obs. fim_semana)[0m
2026-07-19 16:17:45 [INFO] 
2026-07-19 16:17:45 [INFO]   🔵 [94m[1mPT0002000115700602GW[0m  [2m[Cluster 0][0m
2026-07-19 16:17:45 [INFO]      consumiu MENOS que o habitual às 12h
2026-07-19 16:17:45 [INFO]      [2mReal:[0m 9.0 kWh   [2mHabitual:[0m 48.5 ± 4.8 kWh   [2mz:[0m -8.14   [2mdesvio:[0m -81%   [2m(2 obs. fim_semana)[0m
2026-07-19 16:17:45 [INFO] 
2026-07-19 16:17:45 [INFO]   🔵 [94m[1mPT0002000120237616VJ[0m  [2m[Cluster 0][0m
2026-07-19 16:17:45 [INFO]      consumiu MENOS que o habitual às 12h
2026-07-19 16:17:45 [INFO]      [2mReal:[0m 12.0 kWh   [2mHabitual:[0m 64.5 ± 6.5 kWh   [2mz:[0m -8.14   [2mdesvio:[0m -81%   [2m(2 obs. fim_semana)[0m
2026-07-19 16:17:45 [INFO] 
2026-07-19 16:17:45 [INFO]   🔵 [94m[1mPT0002000071896778MT[0m  [2m[Cluster 0][0m
2026-07-19 16:17:45 [INFO]      consumiu MENOS que o habitual às 08h
2026-07-19 16:17:45 [INFO]      [2mReal:[0m 4.0 kWh   [2mHabitual:[0m 27.0 ± 2.8 kWh   [2mz:[0m -8.13   [2mdesvio:[0m -85%   [2m(2 obs. fim_semana)[0m
2026-07-19 16:17:45 [INFO] 
2026-07-19 16:17:45 [INFO]   🔵 [94m[1mPT0002000120237616VJ[0m  [2m[Cluster 0][0m
2026-07-19 16:17:45 [INFO]      consumiu MENOS que o habitual às 08h
2026-07-19 16:17:45 [INFO]      [2mReal:[0m 11.0 kWh   [2mHabitual:[0m 57.5 ± 5.8 kWh   [2mz:[0m -8.09   [2mdesvio:[0m -81%   [2m(2 obs. fim_semana)[0m
2026-07-19 16:17:45 [INFO] 
2026-07-19 16:17:45 [INFO]   🔵 [94m[1mPT0002000115673389QK[0m  [2m[Cluster 0][0m
2026-07-19 16:17:45 [INFO]      consumiu MENOS que o habitual às 11h
2026-07-19 16:17:45 [INFO]      [2mReal:[0m 21.0 kWh   [2mHabitual:[0m 106.0 ± 10.6 kWh   [2mz:[0m -8.02   [2mdesvio:[0m -80%   [2m(2 obs. fim_semana)[0m
2026-07-19 16:17:45 [INFO] 
2026-07-19 16:17:45 [INFO]   🔵 [94m[1mPT0002000071896778MT[0m  [2m[Cluster 0][0m
2026-07-19 16:17:45 [INFO]      consumiu MENOS que o habitual às 11h
2026-07-19 16:17:45 [INFO]      [2mReal:[0m 4.0 kWh   [2mHabitual:[0m 20.0 ± 2.0 kWh   [2mz:[0m -8.00   [2mdesvio:[0m -80%   [2m(2 obs. fim_semana)[0m
2026-07-19 16:17:45 [INFO] 
2026-07-19 16:17:45 [INFO]   🔴 [91m[1mPT0002000078294957RQ[0m  [2m[Cluster 0][0m
2026-07-19 16:17:45 [INFO]      consumiu MAIS que o habitual às 23h
2026-07-19 16:17:45 [INFO]      [2mReal:[0m 12.0 kWh   [2mHabitual:[0m 6.7 ± 0.7 kWh   [2mz:[0m +8.00   [2mdesvio:[0m +80%   [2m(3 obs. fim_semana)[0m
2026-07-19 16:17:45 [INFO] 
2026-07-19 16:17:45 [INFO]   🔵 [94m[1mPT0002000110607652SB[0m  [2m[Cluster 0][0m
2026-07-19 16:17:45 [INFO]      consumiu MENOS que o habitual às 17h
2026-07-19 16:17:45 [INFO]      [2mReal:[0m 16.0 kWh   [2mHabitual:[0m 80.0 ± 8.0 kWh   [2mz:[0m -8.00   [2mdesvio:[0m -80%   [2m(2 obs. fim_semana)[0m
2026-07-19 16:17:45 [INFO] 
2026-07-19 16:17:45 [INFO]   🔵 [94m[1mPT0002000120237616VJ[0m  [2m[Cluster 0][0m
2026-07-19 16:17:45 [INFO]      consumiu MENOS que o habitual às 11h
2026-07-19 16:17:45 [INFO]      [2mReal:[0m 11.0 kWh   [2mHabitual:[0m 55.0 ± 5.5 kWh   [2mz:[0m -8.00   [2mdesvio:[0m -80%   [2m(2 obs. fim_semana)[0m
2026-07-19 16:17:45 [INFO] 
2026-07-19 16:17:45 [INFO]   🔵 [94m[1mPT0002000110607652SB[0m  [2m[Cluster 0][0m
2026-07-19 16:17:45 [INFO]      consumiu MENOS que o habitual às 16h
2026-07-19 16:17:45 [INFO]      [2mReal:[0m 16.0 kWh   [2mHabitual:[0m 78.0 ± 7.8 kWh   [2mz:[0m -7.95   [2mdesvio:[0m -79%   [2m(2 obs. fim_semana)[0m
2026-07-19 16:17:45 [INFO] 
2026-07-19 16:17:45 [INFO]   🔵 [94m[1mPT0002000068856655YV[0m  [2m[Cluster 0][0m
2026-07-19 16:17:45 [INFO]      consumiu MENOS que o habitual às 16h
2026-07-19 16:17:45 [INFO]      [2mReal:[0m 3.0 kWh   [2mHabitual:[0m 14.5 ± 1.4 kWh   [2mz:[0m -7.93   [2mdesvio:[0m -79%   [2m(2 obs. fim_semana)[0m
2026-07-19 16:17:45 [INFO] 
2026-07-19 16:17:45 [INFO]   🔵 [94m[1mPT0002000110607652SB[0m  [2m[Cluster 0][0m
2026-07-19 16:17:45 [INFO]      consumiu MENOS que o habitual às 13h
2026-07-19 16:17:45 [INFO]      [2mReal:[0m 16.0 kWh   [2mHabitual:[0m 76.0 ± 7.6 kWh   [2mz:[0m -7.89   [2mdesvio:[0m -79%   [2m(2 obs. fim_semana)[0m
2026-07-19 16:17:45 [INFO] 
2026-07-19 16:17:45 [INFO]   🔵 [94m[1mPT0002000115673471CB[0m  [2m[Cluster 0][0m
2026-07-19 16:17:45 [INFO]      consumiu MENOS que o habitual às 09h
2026-07-19 16:17:45 [INFO]      [2mReal:[0m 11.0 kWh   [2mHabitual:[0m 52.0 ± 5.2 kWh   [2mz:[0m -7.88   [2mdesvio:[0m -79%   [2m(2 obs. fim_semana)[0m
2026-07-19 16:17:45 [INFO] 
2026-07-19 16:17:45 [INFO]   🔵 [94m[1mPT0002000101964938LF[0m  [2m[Cluster 0][0m
2026-07-19 16:17:45 [INFO]      consumiu MENOS que o habitual às 14h
2026-07-19 16:17:45 [INFO]      [2mReal:[0m 11.0 kWh   [2mHabitual:[0m 51.5 ± 5.2 kWh   [2mz:[0m -7.86   [2mdesvio:[0m -79%   [2m(2 obs. fim_semana)[0m
2026-07-19 16:17:45 [INFO] 
2026-07-19 16:17:45 [INFO]   🔵 [94m[1mPT0002000068856655YV[0m  [2m[Cluster 0][0m
2026-07-19 16:17:45 [INFO]      consumiu MENOS que o habitual às 11h
2026-07-19 16:17:45 [INFO]      [2mReal:[0m 3.0 kWh   [2mHabitual:[0m 13.5 ± 1.4 kWh   [2mz:[0m -7.78   [2mdesvio:[0m -78%   [2m(2 obs. fim_semana)[0m
2026-07-19 16:17:45 [INFO] 
2026-07-19 16:17:45 [INFO]   🔵 [94m[1mPT0002000068856655YV[0m  [2m[Cluster 0][0m
2026-07-19 16:17:45 [INFO]      consumiu MENOS que o habitual às 14h
2026-07-19 16:17:45 [INFO]      [2mReal:[0m 3.0 kWh   [2mHabitual:[0m 13.5 ± 1.4 kWh   [2mz:[0m -7.78   [2mdesvio:[0m -78%   [2m(2 obs. fim_semana)[0m
2026-07-19 16:17:45 [INFO] 
2026-07-19 16:17:45 [INFO]   🔵 [94m[1mPT0002000078294957RQ[0m  [2m[Cluster 0][0m
2026-07-19 16:17:45 [INFO]      consumiu MENOS que o habitual às 12h
2026-07-19 16:17:45 [INFO]      [2mReal:[0m 7.0 kWh   [2mHabitual:[0m 45.5 ± 5.0 kWh   [2mz:[0m -7.78   [2mdesvio:[0m -85%   [2m(2 obs. fim_semana)[0m
2026-07-19 16:17:45 [INFO] 
2026-07-19 16:17:45 [INFO]   🔵 [94m[1mPT0002000110607652SB[0m  [2m[Cluster 0][0m
2026-07-19 16:17:45 [INFO]      consumiu MENOS que o habitual às 12h
2026-07-19 16:17:45 [INFO]      [2mReal:[0m 16.0 kWh   [2mHabitual:[0m 72.0 ± 7.2 kWh   [2mz:[0m -7.78   [2mdesvio:[0m -78%   [2m(2 obs. fim_semana)[0m
2026-07-19 16:17:45 [INFO] 
2026-07-19 16:17:45 [INFO]   🔵 [94m[1mPT0002000111572054VT[0m  [2m[sem cluster][0m
2026-07-19 16:17:45 [INFO]      consumiu MENOS que o habitual às 10h
2026-07-19 16:17:45 [INFO]      [2mReal:[0m 2.0 kWh   [2mHabitual:[0m 24.0 ± 2.8 kWh   [2mz:[0m -7.78   [2mdesvio:[0m -92%   [2m(2 obs. fim_semana)[0m
2026-07-19 16:17:45 [INFO] 
2026-07-19 16:17:45 [INFO]   🔵 [94m[1mPT0002000111572054VT[0m  [2m[sem cluster][0m
2026-07-19 16:17:45 [INFO]      consumiu MENOS que o habitual às 16h
2026-07-19 16:17:45 [INFO]      [2mReal:[0m 1.0 kWh   [2mHabitual:[0m 28.5 ± 3.5 kWh   [2mz:[0m -7.78   [2mdesvio:[0m -96%   [2m(2 obs. fim_semana)[0m
2026-07-19 16:17:45 [INFO] 
2026-07-19 16:17:45 [INFO]   🔵 [94m[1mPT0002000201038711LS[0m  [2m[sem cluster][0m
2026-07-19 16:17:45 [INFO]      consumiu MENOS que o habitual às 14h
2026-07-19 16:17:45 [INFO]      [2mReal:[0m 0.0 kWh   [2mHabitual:[0m 27.5 ± 3.5 kWh   [2mz:[0m -7.78   [2mdesvio:[0m -100%   [2m(2 obs. fim_semana)[0m
2026-07-19 16:17:45 [INFO] 
2026-07-19 16:17:45 [INFO]   🔵 [94m[1mPT0002000120237616VJ[0m  [2m[Cluster 0][0m
2026-07-19 16:17:45 [INFO]      consumiu MENOS que o habitual às 10h
2026-07-19 16:17:45 [INFO]      [2mReal:[0m 11.0 kWh   [2mHabitual:[0m 49.0 ± 4.9 kWh   [2mz:[0m -7.76   [2mdesvio:[0m -78%   [2m(2 obs. fim_semana)[0m
2026-07-19 16:17:45 [INFO] 
2026-07-19 16:17:45 [INFO]   🔵 [94m[1mPT0002000033074862LZ[0m  [2m[Cluster 0][0m
2026-07-19 16:17:45 [INFO]      consumiu MENOS que o habitual às 10h
2026-07-19 16:17:45 [INFO]      [2mReal:[0m 11.0 kWh   [2mHabitual:[0m 48.5 ± 4.8 kWh   [2mz:[0m -7.73   [2mdesvio:[0m -77%   [2m(2 obs. fim_semana)[0m
2026-07-19 16:17:45 [INFO] 
2026-07-19 16:17:45 [INFO]   🔵 [94m[1mPT0002000033074862LZ[0m  [2m[Cluster 0][0m
2026-07-19 16:17:45 [INFO]      consumiu MENOS que o habitual às 08h
2026-07-19 16:17:45 [INFO]      [2mReal:[0m 11.0 kWh   [2mHabitual:[0m 48.0 ± 4.8 kWh   [2mz:[0m -7.71   [2mdesvio:[0m -77%   [2m(2 obs. fim_semana)[0m
2026-07-19 16:17:45 [INFO] 
2026-07-19 16:17:45 [INFO]   🔵 [94m[1mPT0002000115673471CB[0m  [2m[Cluster 0][0m
2026-07-19 16:17:45 [INFO]      consumiu MENOS que o habitual às 08h
2026-07-19 16:17:45 [INFO]      [2mReal:[0m 11.0 kWh   [2mHabitual:[0m 47.5 ± 4.8 kWh   [2mz:[0m -7.68   [2mdesvio:[0m -77%   [2m(2 obs. fim_semana)[0m
2026-07-19 16:17:45 [INFO] 
2026-07-19 16:17:45 [INFO]   🔵 [94m[1mPT0002000115031201VQ[0m  [2m[Cluster 0][0m
2026-07-19 16:17:45 [INFO]      consumiu MENOS que o habitual às 14h
2026-07-19 16:17:45 [INFO]      [2mReal:[0m 5.0 kWh   [2mHabitual:[0m 21.5 ± 2.1 kWh   [2mz:[0m -7.67   [2mdesvio:[0m -77%   [2m(2 obs. fim_semana)[0m
2026-07-19 16:17:45 [INFO] 
2026-07-19 16:17:45 [INFO]   🔵 [94m[1mPT0002000115673471CB[0m  [2m[Cluster 0][0m
2026-07-19 16:17:45 [INFO]      consumiu MENOS que o habitual às 10h
2026-07-19 16:17:45 [INFO]      [2mReal:[0m 12.0 kWh   [2mHabitual:[0m 51.5 ± 5.2 kWh   [2mz:[0m -7.67   [2mdesvio:[0m -77%   [2m(2 obs. fim_semana)[0m
2026-07-19 16:17:45 [INFO] 
2026-07-19 16:17:45 [INFO]   🔵 [94m[1mPT0002000120237616VJ[0m  [2m[Cluster 0][0m
2026-07-19 16:17:45 [INFO]      consumiu MENOS que o habitual às 09h
2026-07-19 16:17:45 [INFO]      [2mReal:[0m 12.0 kWh   [2mHabitual:[0m 50.5 ± 5.0 kWh   [2mz:[0m -7.62   [2mdesvio:[0m -76%   [2m(2 obs. fim_semana)[0m
2026-07-19 16:17:45 [INFO] 
2026-07-19 16:17:45 [INFO]   🔵 [94m[1mPT0002000111572054VT[0m  [2m[sem cluster][0m
2026-07-19 16:17:45 [INFO]      consumiu MENOS que o habitual às 18h
2026-07-19 16:17:45 [INFO]      [2mReal:[0m 8.0 kWh   [2mHabitual:[0m 33.5 ± 3.4 kWh   [2mz:[0m -7.61   [2mdesvio:[0m -76%   [2m(2 obs. fim_semana)[0m
2026-07-19 16:17:45 [INFO] 
2026-07-19 16:17:45 [INFO]   🔵 [94m[1mPT0002000068856655YV[0m  [2m[Cluster 0][0m
2026-07-19 16:17:45 [INFO]      consumiu MENOS que o habitual às 13h
2026-07-19 16:17:45 [INFO]      [2mReal:[0m 3.0 kWh   [2mHabitual:[0m 12.5 ± 1.2 kWh   [2mz:[0m -7.60   [2mdesvio:[0m -76%   [2m(2 obs. fim_semana)[0m
2026-07-19 16:17:45 [INFO] 
2026-07-19 16:17:45 [INFO]   🔵 [94m[1mPT0002000119303492KB[0m  [2m[Cluster 0][0m
2026-07-19 16:17:45 [INFO]      consumiu MENOS que o habitual às 07h
2026-07-19 16:17:45 [INFO]      [2mReal:[0m 3.0 kWh   [2mHabitual:[0m 12.5 ± 1.2 kWh   [2mz:[0m -7.60   [2mdesvio:[0m -76%   [2m(2 obs. fim_semana)[0m
2026-07-19 16:17:45 [INFO] 
2026-07-19 16:17:45 [INFO]   🔵 [94m[1mPT0002000101964938LF[0m  [2m[Cluster 0][0m
2026-07-19 16:17:45 [INFO]      consumiu MENOS que o habitual às 13h
2026-07-19 16:17:45 [INFO]      [2mReal:[0m 11.0 kWh   [2mHabitual:[0m 48.5 ± 5.0 kWh   [2mz:[0m -7.58   [2mdesvio:[0m -77%   [2m(2 obs. fim_semana)[0m
2026-07-19 16:17:45 [INFO] 
2026-07-19 16:17:45 [INFO]   🔵 [94m[1mPT0002000110607652SB[0m  [2m[Cluster 0][0m
2026-07-19 16:17:45 [INFO]      consumiu MENOS que o habitual às 18h
2026-07-19 16:17:45 [INFO]      [2mReal:[0m 16.0 kWh   [2mHabitual:[0m 66.0 ± 6.6 kWh   [2mz:[0m -7.58   [2mdesvio:[0m -76%   [2m(2 obs. fim_semana)[0m
2026-07-19 16:17:45 [INFO] 
2026-07-19 16:17:45 [INFO]   🔴 [91m[1mPT0002000079469719HF[0m  [2m[sem cluster][0m
2026-07-19 16:17:45 [INFO]      consumiu MAIS que o habitual às 12h
2026-07-19 16:17:45 [INFO]      [2mReal:[0m 130.0 kWh   [2mHabitual:[0m 74.0 ± 7.4 kWh   [2mz:[0m +7.57   [2mdesvio:[0m +76%   [2m(2 obs. fim_semana)[0m
2026-07-19 16:17:45 [INFO] 
2026-07-19 16:17:45 [INFO]   🔵 [94m[1mPT0002000115673471CB[0m  [2m[Cluster 0][0m
2026-07-19 16:17:45 [INFO]      consumiu MENOS que o habitual às 11h
2026-07-19 16:17:45 [INFO]      [2mReal:[0m 13.0 kWh   [2mHabitual:[0m 53.5 ± 5.3 kWh   [2mz:[0m -7.57   [2mdesvio:[0m -76%   [2m(2 obs. fim_semana)[0m
2026-07-19 16:17:45 [INFO] 
2026-07-19 16:17:45 [INFO]   🔵 [94m[1mPT0002000120237616VJ[0m  [2m[Cluster 0][0m
2026-07-19 16:17:45 [INFO]      consumiu MENOS que o habitual às 13h
2026-07-19 16:17:45 [INFO]      [2mReal:[0m 12.0 kWh   [2mHabitual:[0m 48.5 ± 4.8 kWh   [2mz:[0m -7.53   [2mdesvio:[0m -75%   [2m(2 obs. fim_semana)[0m
2026-07-19 16:17:45 [INFO] 
2026-07-19 16:17:45 [INFO]   🔵 [94m[1mPT0002000075637532JB[0m  [2m[Cluster 0][0m
2026-07-19 16:17:45 [INFO]      consumiu MENOS que o habitual às 13h
2026-07-19 16:17:45 [INFO]      [2mReal:[0m 6.0 kWh   [2mHabitual:[0m 24.0 ± 2.4 kWh   [2mz:[0m -7.50   [2mdesvio:[0m -75%   [2m(2 obs. fim_semana)[0m
2026-07-19 16:17:45 [INFO] 
2026-07-19 16:17:45 [INFO]   🔵 [94m[1mPT0002000110607652SB[0m  [2m[Cluster 0][0m
2026-07-19 16:17:45 [INFO]      consumiu MENOS que o habitual às 15h
2026-07-19 16:17:45 [INFO]      [2mReal:[0m 20.0 kWh   [2mHabitual:[0m 80.0 ± 8.0 kWh   [2mz:[0m -7.50   [2mdesvio:[0m -75%   [2m(2 obs. fim_semana)[0m
2026-07-19 16:17:45 [INFO] 
2026-07-19 16:17:45 [INFO]   🔵 [94m[1mPT0002000115673389QK[0m  [2m[Cluster 0][0m
2026-07-19 16:17:45 [INFO]      consumiu MENOS que o habitual às 13h
2026-07-19 16:17:45 [INFO]      [2mReal:[0m 22.0 kWh   [2mHabitual:[0m 85.5 ± 8.6 kWh   [2mz:[0m -7.43   [2mdesvio:[0m -74%   [2m(2 obs. fim_semana)[0m
2026-07-19 16:17:45 [INFO] 
2026-07-19 16:17:45 [INFO]   🔵 [94m[1mPT0002000125379984SH[0m  [2m[Cluster 1][0m
2026-07-19 16:17:45 [INFO]      consumiu MENOS que o habitual às 16h
2026-07-19 16:17:45 [INFO]      [2mReal:[0m 4.0 kWh   [2mHabitual:[0m 15.5 ± 1.6 kWh   [2mz:[0m -7.42   [2mdesvio:[0m -74%   [2m(2 obs. fim_semana)[0m
2026-07-19 16:17:45 [INFO] 
2026-07-19 16:17:45 [INFO]   🔵 [94m[1mPT0002000120237616VJ[0m  [2m[Cluster 0][0m
2026-07-19 16:17:45 [INFO]      consumiu MENOS que o habitual às 07h
2026-07-19 16:17:45 [INFO]      [2mReal:[0m 11.0 kWh   [2mHabitual:[0m 42.5 ± 4.2 kWh   [2mz:[0m -7.41   [2mdesvio:[0m -74%   [2m(2 obs. fim_semana)[0m
2026-07-19 16:17:45 [INFO] 
2026-07-19 16:17:45 [INFO]   🔵 [94m[1mPT0002000068859393XH[0m  [2m[Cluster 1][0m
2026-07-19 16:17:45 [INFO]      consumiu MENOS que o habitual às 22h
2026-07-19 16:17:45 [INFO]      [2mReal:[0m 50.0 kWh   [2mHabitual:[0m 189.0 ± 18.9 kWh   [2mz:[0m -7.35   [2mdesvio:[0m -74%   [2m(3 obs. fim_semana)[0m
2026-07-19 16:17:45 [INFO] 
2026-07-19 16:17:45 [INFO]   🔵 [94m[1mPT0002000115031201VQ[0m  [2m[Cluster 0][0m
2026-07-19 16:17:45 [INFO]      consumiu MENOS que o habitual às 16h
2026-07-19 16:17:45 [INFO]      [2mReal:[0m 4.0 kWh   [2mHabitual:[0m 19.5 ± 2.1 kWh   [2mz:[0m -7.31   [2mdesvio:[0m -79%   [2m(2 obs. fim_semana)[0m
2026-07-19 16:17:45 [INFO] 
2026-07-19 16:17:45 [INFO]   🔵 [94m[1mPT0002000068856974CZ[0m  [2m[sem cluster][0m
2026-07-19 16:17:45 [INFO]      consumiu MENOS que o habitual às 11h
2026-07-19 16:17:45 [INFO]      [2mReal:[0m 11.0 kWh   [2mHabitual:[0m 40.5 ± 4.0 kWh   [2mz:[0m -7.28   [2mdesvio:[0m -73%   [2m(2 obs. fim_semana)[0m
2026-07-19 16:17:45 [INFO] 
2026-07-19 16:17:45 [INFO]   🔵 [94m[1mPT0002000033074862LZ[0m  [2m[Cluster 0][0m
2026-07-19 16:17:45 [INFO]      consumiu MENOS que o habitual às 14h
2026-07-19 16:17:45 [INFO]      [2mReal:[0m 10.0 kWh   [2mHabitual:[0m 36.5 ± 3.6 kWh   [2mz:[0m -7.26   [2mdesvio:[0m -73%   [2m(2 obs. fim_semana)[0m
2026-07-19 16:17:45 [INFO] 
2026-07-19 16:17:45 [INFO]   🔵 [94m[1mPT0002000115673389QK[0m  [2m[Cluster 0][0m
2026-07-19 16:17:45 [INFO]      consumiu MENOS que o habitual às 10h
2026-07-19 16:17:45 [INFO]      [2mReal:[0m 22.0 kWh   [2mHabitual:[0m 80.0 ± 8.0 kWh   [2mz:[0m -7.25   [2mdesvio:[0m -72%   [2m(2 obs. fim_semana)[0m
2026-07-19 16:17:45 [INFO] 
2026-07-19 16:17:45 [INFO]   🔵 [94m[1mPT0002000110607652SB[0m  [2m[Cluster 0][0m
2026-07-19 16:17:45 [INFO]      consumiu MENOS que o habitual às 19h
2026-07-19 16:17:45 [INFO]      [2mReal:[0m 16.0 kWh   [2mHabitual:[0m 58.0 ± 5.8 kWh   [2mz:[0m -7.24   [2mdesvio:[0m -72%   [2m(2 obs. fim_semana)[0m
2026-07-19 16:17:45 [INFO] 
2026-07-19 16:17:45 [INFO]   🔴 [91m[1mPT0002000073720434JD[0m  [2m[sem cluster][0m
2026-07-19 16:17:45 [INFO]      consumiu MAIS que o habitual às 13h
2026-07-19 16:17:45 [INFO]      [2mReal:[0m 31.0 kWh   [2mHabitual:[0m 18.0 ± 1.8 kWh   [2mz:[0m +7.22   [2mdesvio:[0m +72%   [2m(2 obs. fim_semana)[0m
2026-07-19 16:17:45 [INFO] 
2026-07-19 16:17:45 [INFO]   🔵 [94m[1mPT0002000119303492KB[0m  [2m[Cluster 0][0m
2026-07-19 16:17:45 [INFO]      consumiu MENOS que o habitual às 14h
2026-07-19 16:17:45 [INFO]      [2mReal:[0m 4.0 kWh   [2mHabitual:[0m 29.5 ± 3.5 kWh   [2mz:[0m -7.21   [2mdesvio:[0m -86%   [2m(2 obs. fim_semana)[0m
2026-07-19 16:17:45 [INFO] 
2026-07-19 16:17:45 [INFO]   🔵 [94m[1mPT0002000068858231YY[0m  [2m[sem cluster][0m
2026-07-19 16:17:45 [INFO]      consumiu MENOS que o habitual às 10h
2026-07-19 16:17:45 [INFO]      [2mReal:[0m 18.0 kWh   [2mHabitual:[0m 64.0 ± 6.4 kWh   [2mz:[0m -7.19   [2mdesvio:[0m -72%   [2m(2 obs. fim_semana)[0m
2026-07-19 16:17:45 [INFO] 
2026-07-19 16:17:45 [INFO]   🔵 [94m[1mPT0002000068856974CZ[0m  [2m[sem cluster][0m
2026-07-19 16:17:45 [INFO]      consumiu MENOS que o habitual às 10h
2026-07-19 16:17:45 [INFO]      [2mReal:[0m 11.0 kWh   [2mHabitual:[0m 39.0 ± 3.9 kWh   [2mz:[0m -7.18   [2mdesvio:[0m -72%   [2m(2 obs. fim_semana)[0m
2026-07-19 16:17:45 [INFO] 
2026-07-19 16:17:45 [INFO]   🔴 [91m[1mPT0002000077348081AG[0m  [2m[sem cluster][0m
2026-07-19 16:17:45 [INFO]      consumiu MAIS que o habitual às 22h
2026-07-19 16:17:45 [INFO]      [2mReal:[0m 214.0 kWh   [2mHabitual:[0m 42.7 ± 23.9 kWh   [2mz:[0m +7.18   [2mdesvio:[0m +402%   [2m(3 obs. fim_semana)[0m
2026-07-19 16:17:45 [INFO] 
2026-07-19 16:17:45 [INFO]   🔵 [94m[1mPT0002000068858231YY[0m  [2m[sem cluster][0m
2026-07-19 16:17:45 [INFO]      consumiu MENOS que o habitual às 09h
2026-07-19 16:17:45 [INFO]      [2mReal:[0m 18.0 kWh   [2mHabitual:[0m 63.5 ± 6.3 kWh   [2mz:[0m -7.17   [2mdesvio:[0m -72%   [2m(2 obs. fim_semana)[0m
2026-07-19 16:17:45 [INFO] 
2026-07-19 16:17:45 [INFO]   🔴 [91m[1mPT0002000102936404ME[0m  [2m[Cluster 1][0m
2026-07-19 16:17:45 [INFO]      consumiu MAIS que o habitual às 18h
2026-07-19 16:17:45 [INFO]      [2mReal:[0m 36.0 kWh   [2mHabitual:[0m 21.0 ± 2.1 kWh   [2mz:[0m +7.14   [2mdesvio:[0m +71%   [2m(2 obs. fim_semana)[0m
2026-07-19 16:17:45 [INFO] 
2026-07-19 16:17:45 [INFO]   🔵 [94m[1mPT0002000068856655YV[0m  [2m[Cluster 0][0m
2026-07-19 16:17:45 [INFO]      consumiu MENOS que o habitual às 15h
2026-07-19 16:17:45 [INFO]      [2mReal:[0m 4.0 kWh   [2mHabitual:[0m 14.0 ± 1.4 kWh   [2mz:[0m -7.07   [2mdesvio:[0m -71%   [2m(2 obs. fim_semana)[0m
2026-07-19 16:17:45 [INFO] 
2026-07-19 16:17:45 [INFO]   🔵 [94m[1mPT0002000068856974CZ[0m  [2m[sem cluster][0m
2026-07-19 16:17:45 [INFO]      consumiu MENOS que o habitual às 12h
2026-07-19 16:17:45 [INFO]      [2mReal:[0m 11.0 kWh   [2mHabitual:[0m 41.0 ± 4.2 kWh   [2mz:[0m -7.07   [2mdesvio:[0m -73%   [2m(2 obs. fim_semana)[0m
2026-07-19 16:17:45 [INFO] 
2026-07-19 16:17:45 [INFO]   🔵 [94m[1mPT0002000068859187RL[0m  [2m[Cluster 0][0m
2026-07-19 16:17:45 [INFO]      consumiu MENOS que o habitual às 16h
2026-07-19 16:17:45 [INFO]      [2mReal:[0m 17.0 kWh   [2mHabitual:[0m 58.0 ± 5.8 kWh   [2mz:[0m -7.07   [2mdesvio:[0m -71%   [2m(2 obs. fim_semana)[0m
2026-07-19 16:17:45 [INFO] 
2026-07-19 16:17:45 [INFO]   🔵 [94m[1mPT0002000115673471CB[0m  [2m[Cluster 0][0m
2026-07-19 16:17:45 [INFO]      consumiu MENOS que o habitual às 07h
2026-07-19 16:17:45 [INFO]      [2mReal:[0m 11.0 kWh   [2mHabitual:[0m 41.0 ± 4.2 kWh   [2mz:[0m -7.07   [2mdesvio:[0m -73%   [2m(2 obs. fim_semana)[0m
2026-07-19 16:17:45 [INFO] 
2026-07-19 16:17:45 [INFO]   🔵 [94m[1mPT0002000115700602GW[0m  [2m[Cluster 0][0m
2026-07-19 16:17:45 [INFO]      consumiu MENOS que o habitual às 13h
2026-07-19 16:17:45 [INFO]      [2mReal:[0m 8.0 kWh   [2mHabitual:[0m 38.0 ± 4.2 kWh   [2mz:[0m -7.07   [2mdesvio:[0m -79%   [2m(2 obs. fim_semana)[0m
2026-07-19 16:17:45 [INFO] 
2026-07-19 16:17:45 [INFO]   🔵 [94m[1mPT0002000119303492KB[0m  [2m[Cluster 0][0m
2026-07-19 16:17:45 [INFO]      consumiu MENOS que o habitual às 16h
2026-07-19 16:17:45 [INFO]      [2mReal:[0m 3.0 kWh   [2mHabitual:[0m 23.0 ± 2.8 kWh   [2mz:[0m -7.07   [2mdesvio:[0m -87%   [2m(2 obs. fim_semana)[0m
2026-07-19 16:17:45 [INFO] 
2026-07-19 16:17:45 [INFO]   🔵 [94m[1mPT0002000068856655YV[0m  [2m[Cluster 0][0m
2026-07-19 16:17:45 [INFO]      consumiu MENOS que o habitual às 12h
2026-07-19 16:17:45 [INFO]      [2mReal:[0m 4.0 kWh   [2mHabitual:[0m 13.5 ± 1.4 kWh   [2mz:[0m -7.04   [2mdesvio:[0m -70%   [2m(2 obs. fim_semana)[0m
2026-07-19 16:17:45 [INFO] 
2026-07-19 16:17:45 [INFO]   🔵 [94m[1mPT0002000115700602GW[0m  [2m[Cluster 0][0m
2026-07-19 16:17:45 [INFO]      consumiu MENOS que o habitual às 15h
2026-07-19 16:17:45 [INFO]      [2mReal:[0m 8.0 kWh   [2mHabitual:[0m 26.5 ± 2.6 kWh   [2mz:[0m -6.98   [2mdesvio:[0m -70%   [2m(2 obs. fim_semana)[0m
2026-07-19 16:17:45 [INFO] 
2026-07-19 16:17:45 [INFO]   🔵 [94m[1mPT0002000115700602GW[0m  [2m[Cluster 0][0m
2026-07-19 16:17:45 [INFO]      consumiu MENOS que o habitual às 16h
2026-07-19 16:17:45 [INFO]      [2mReal:[0m 8.0 kWh   [2mHabitual:[0m 26.5 ± 2.6 kWh   [2mz:[0m -6.98   [2mdesvio:[0m -70%   [2m(2 obs. fim_semana)[0m
2026-07-19 16:17:45 [INFO] 
2026-07-19 16:17:45 [INFO]   🔵 [94m[1mPT0002000071896778MT[0m  [2m[Cluster 0][0m
2026-07-19 16:17:45 [INFO]      consumiu MENOS que o habitual às 10h
2026-07-19 16:17:45 [INFO]      [2mReal:[0m 4.0 kWh   [2mHabitual:[0m 28.5 ± 3.5 kWh   [2mz:[0m -6.93   [2mdesvio:[0m -86%   [2m(2 obs. fim_semana)[0m
2026-07-19 16:17:45 [INFO] 
2026-07-19 16:17:45 [INFO]   🔵 [94m[1mPT0002000068856267NC[0m  [2m[sem cluster][0m
2026-07-19 16:17:45 [INFO]      consumiu MENOS que o habitual às 09h
2026-07-19 16:17:45 [INFO]      [2mReal:[0m 17.0 kWh   [2mHabitual:[0m 55.0 ± 5.5 kWh   [2mz:[0m -6.91   [2mdesvio:[0m -69%   [2m(2 obs. fim_semana)[0m
2026-07-19 16:17:45 [INFO] 
2026-07-19 16:17:45 [INFO]   🔴 [91m[1mPT0002000068859325FL[0m  [2m[Cluster 1][0m
2026-07-19 16:17:45 [INFO]      consumiu MAIS que o habitual às 09h
2026-07-19 16:17:45 [INFO]      [2mReal:[0m 328.0 kWh   [2mHabitual:[0m 172.0 ± 22.6 kWh   [2mz:[0m +6.89   [2mdesvio:[0m +91%   [2m(2 obs. fim_semana)[0m
2026-07-19 16:17:45 [INFO] 
2026-07-19 16:17:45 [INFO]   🔵 [94m[1mPT0002000073231742VK[0m  [2m[Cluster 0][0m
2026-07-19 16:17:45 [INFO]      consumiu MENOS que o habitual às 08h
2026-07-19 16:17:45 [INFO]      [2mReal:[0m 13.0 kWh   [2mHabitual:[0m 40.5 ± 4.0 kWh   [2mz:[0m -6.79   [2mdesvio:[0m -68%   [2m(2 obs. fim_semana)[0m
2026-07-19 16:17:45 [INFO] 
2026-07-19 16:17:45 [INFO]   🔴 [91m[1mPT0002000073720434JD[0m  [2m[sem cluster][0m
2026-07-19 16:17:45 [INFO]      consumiu MAIS que o habitual às 23h
2026-07-19 16:17:45 [INFO]      [2mReal:[0m 88.0 kWh   [2mHabitual:[0m 30.3 ± 8.5 kWh   [2mz:[0m +6.78   [2mdesvio:[0m +190%   [2m(3 obs. fim_semana)[0m
2026-07-19 16:17:45 [INFO] 
2026-07-19 16:17:45 [INFO]   🔵 [94m[1mPT0002000111572054VT[0m  [2m[sem cluster][0m
2026-07-19 16:17:45 [INFO]      consumiu MENOS que o habitual às 08h
2026-07-19 16:17:45 [INFO]      [2mReal:[0m 11.0 kWh   [2mHabitual:[0m 34.0 ± 3.4 kWh   [2mz:[0m -6.76   [2mdesvio:[0m -68%   [2m(2 obs. fim_semana)[0m
2026-07-19 16:17:45 [INFO] 
2026-07-19 16:17:45 [INFO]   🔵 [94m[1mPT0002000119303492KB[0m  [2m[Cluster 0][0m
2026-07-19 16:17:45 [INFO]      consumiu MENOS que o habitual às 08h
2026-07-19 16:17:45 [INFO]      [2mReal:[0m 3.0 kWh   [2mHabitual:[0m 22.0 ± 2.8 kWh   [2mz:[0m -6.72   [2mdesvio:[0m -86%   [2m(2 obs. fim_semana)[0m
2026-07-19 16:17:45 [INFO] 
2026-07-19 16:17:45 [INFO]   🔴 [91m[1mPT0002000068856655YV[0m  [2m[Cluster 0][0m
2026-07-19 16:17:45 [INFO]      consumiu MAIS que o habitual às 00h
2026-07-19 16:17:45 [INFO]      [2mReal:[0m 4.0 kWh   [2mHabitual:[0m 2.0 ± 0.3 kWh   [2mz:[0m +6.67   [2mdesvio:[0m +100%   [2m(2 obs. fim_semana)[0m
2026-07-19 16:17:45 [INFO] 
2026-07-19 16:17:45 [INFO]   🔴 [91m[1mPT0002000068856655YV[0m  [2m[Cluster 0][0m
2026-07-19 16:17:45 [INFO]      consumiu MAIS que o habitual às 01h
2026-07-19 16:17:45 [INFO]      [2mReal:[0m 4.0 kWh   [2mHabitual:[0m 2.0 ± 0.3 kWh   [2mz:[0m +6.67   [2mdesvio:[0m +100%   [2m(2 obs. fim_semana)[0m
2026-07-19 16:17:45 [INFO] 
2026-07-19 16:17:45 [INFO]   🔴 [91m[1mPT0002000068856655YV[0m  [2m[Cluster 0][0m
2026-07-19 16:17:45 [INFO]      consumiu MAIS que o habitual às 04h
2026-07-19 16:17:45 [INFO]      [2mReal:[0m 4.0 kWh   [2mHabitual:[0m 2.0 ± 0.3 kWh   [2mz:[0m +6.67   [2mdesvio:[0m +100%   [2m(2 obs. fim_semana)[0m
2026-07-19 16:17:45 [INFO] 
2026-07-19 16:17:45 [INFO]   🔴 [91m[1mPT0002000068856655YV[0m  [2m[Cluster 0][0m
2026-07-19 16:17:45 [INFO]      consumiu MAIS que o habitual às 05h
2026-07-19 16:17:45 [INFO]      [2mReal:[0m 4.0 kWh   [2mHabitual:[0m 2.0 ± 0.3 kWh   [2mz:[0m +6.67   [2mdesvio:[0m +100%   [2m(2 obs. fim_semana)[0m
2026-07-19 16:17:45 [INFO] 
2026-07-19 16:17:45 [INFO]   🔴 [91m[1mPT0002000068856872QG[0m  [2m[Cluster 1][0m
2026-07-19 16:17:45 [INFO]      consumiu MAIS que o habitual às 03h
2026-07-19 16:17:45 [INFO]      [2mReal:[0m 2.0 kWh   [2mHabitual:[0m 0.0 ± 0.3 kWh   [2mz:[0m +6.67   [2mdesvio:[0m +200000%   [2m(2 obs. fim_semana)[0m
2026-07-19 16:17:45 [INFO] 
2026-07-19 16:17:45 [INFO]   🔴 [91m[1mPT0002000078233981HJ[0m  [2m[Cluster 1][0m
2026-07-19 16:17:45 [INFO]      consumiu MAIS que o habitual às 14h
2026-07-19 16:17:45 [INFO]      [2mReal:[0m 4.0 kWh   [2mHabitual:[0m 2.0 ± 0.3 kWh   [2mz:[0m +6.67   [2mdesvio:[0m +100%   [2m(2 obs. fim_semana)[0m
2026-07-19 16:17:45 [INFO] 
2026-07-19 16:17:45 [INFO]   🔴 [91m[1mPT0002000078294957RQ[0m  [2m[Cluster 0][0m
2026-07-19 16:17:45 [INFO]      consumiu MAIS que o habitual às 20h
2026-07-19 16:17:45 [INFO]      [2mReal:[0m 10.0 kWh   [2mHabitual:[0m 6.0 ± 0.6 kWh   [2mz:[0m +6.67   [2mdesvio:[0m +67%   [2m(2 obs. fim_semana)[0m
2026-07-19 16:17:45 [INFO] 
2026-07-19 16:17:45 [INFO]   🔵 [94m[1mPT0002000101964938LF[0m  [2m[Cluster 0][0m
2026-07-19 16:17:45 [INFO]      consumiu MENOS que o habitual às 08h
2026-07-19 16:17:45 [INFO]      [2mReal:[0m 10.0 kWh   [2mHabitual:[0m 30.0 ± 3.0 kWh   [2mz:[0m -6.67   [2mdesvio:[0m -67%   [2m(2 obs. fim_semana)[0m
2026-07-19 16:17:45 [INFO] 
2026-07-19 16:17:45 [INFO]   🔵 [94m[1mPT0002000125379984SH[0m  [2m[Cluster 1][0m
2026-07-19 16:17:45 [INFO]      consumiu MENOS que o habitual às 09h
2026-07-19 16:17:45 [INFO]      [2mReal:[0m 4.0 kWh   [2mHabitual:[0m 12.0 ± 1.2 kWh   [2mz:[0m -6.67   [2mdesvio:[0m -67%   [2m(2 obs. fim_semana)[0m
2026-07-19 16:17:45 [INFO] 
2026-07-19 16:17:45 [INFO]   🔵 [94m[1mPT0002000068856974CZ[0m  [2m[sem cluster][0m
2026-07-19 16:17:45 [INFO]      consumiu MENOS que o habitual às 09h
2026-07-19 16:17:45 [INFO]      [2mReal:[0m 11.0 kWh   [2mHabitual:[0m 39.0 ± 4.2 kWh   [2mz:[0m -6.60   [2mdesvio:[0m -72%   [2m(2 obs. fim_semana)[0m
2026-07-19 16:17:45 [INFO] 
2026-07-19 16:17:45 [INFO]   🔵 [94m[1mPT0002000107046231FW[0m  [2m[Cluster 0][0m
2026-07-19 16:17:45 [INFO]      consumiu MENOS que o habitual às 10h
2026-07-19 16:17:45 [INFO]      [2mReal:[0m 3.0 kWh   [2mHabitual:[0m 31.0 ± 4.2 kWh   [2mz:[0m -6.60   [2mdesvio:[0m -90%   [2m(2 obs. fim_semana)[0m
2026-07-19 16:17:45 [INFO] 
2026-07-19 16:17:45 [INFO]   🔵 [94m[1mPT0002000115673389QK[0m  [2m[Cluster 0][0m
2026-07-19 16:17:45 [INFO]      consumiu MENOS que o habitual às 15h
2026-07-19 16:17:45 [INFO]      [2mReal:[0m 21.0 kWh   [2mHabitual:[0m 61.5 ± 6.2 kWh   [2mz:[0m -6.59   [2mdesvio:[0m -66%   [2m(2 obs. fim_semana)[0m
2026-07-19 16:17:45 [INFO] 
2026-07-19 16:17:45 [INFO]   🔵 [94m[1mPT0002000107046231FW[0m  [2m[Cluster 0][0m
2026-07-19 16:17:45 [INFO]      consumiu MENOS que o habitual às 11h
2026-07-19 16:17:45 [INFO]      [2mReal:[0m 2.0 kWh   [2mHabitual:[0m 34.5 ± 5.0 kWh   [2mz:[0m -6.57   [2mdesvio:[0m -94%   [2m(2 obs. fim_semana)[0m
2026-07-19 16:17:45 [INFO] 
2026-07-19 16:17:45 [INFO]   🔵 [94m[1mPT0002000071896778MT[0m  [2m[Cluster 0][0m
2026-07-19 16:17:45 [INFO]      consumiu MENOS que o habitual às 14h
2026-07-19 16:17:45 [INFO]      [2mReal:[0m 4.0 kWh   [2mHabitual:[0m 11.5 ± 1.1 kWh   [2mz:[0m -6.52   [2mdesvio:[0m -65%   [2m(2 obs. fim_semana)[0m
2026-07-19 16:17:45 [INFO] 
2026-07-19 16:17:45 [INFO]   🔵 [94m[1mPT0002000073231742VK[0m  [2m[Cluster 0][0m
2026-07-19 16:17:45 [INFO]      consumiu MENOS que o habitual às 09h
2026-07-19 16:17:45 [INFO]      [2mReal:[0m 13.0 kWh   [2mHabitual:[0m 37.0 ± 3.7 kWh   [2mz:[0m -6.49   [2mdesvio:[0m -65%   [2m(2 obs. fim_semana)[0m
2026-07-19 16:17:45 [INFO] 
2026-07-19 16:17:45 [INFO]   🔵 [94m[1mPT0002000110607652SB[0m  [2m[Cluster 0][0m
2026-07-19 16:17:45 [INFO]      consumiu MENOS que o habitual às 11h
2026-07-19 16:17:45 [INFO]      [2mReal:[0m 20.0 kWh   [2mHabitual:[0m 56.0 ± 5.6 kWh   [2mz:[0m -6.43   [2mdesvio:[0m -64%   [2m(2 obs. fim_semana)[0m
2026-07-19 16:17:45 [INFO] 
2026-07-19 16:17:45 [INFO]   🔵 [94m[1mPT0002000068859393XH[0m  [2m[Cluster 1][0m
2026-07-19 16:17:45 [INFO]      consumiu MENOS que o habitual às 20h
2026-07-19 16:17:45 [INFO]      [2mReal:[0m 78.0 kWh   [2mHabitual:[0m 217.0 ± 21.7 kWh   [2mz:[0m -6.41   [2mdesvio:[0m -64%   [2m(2 obs. fim_semana)[0m
2026-07-19 16:17:45 [INFO] 
2026-07-19 16:17:45 [INFO]   🔵 [94m[1mPT0002000068856267NC[0m  [2m[sem cluster][0m
2026-07-19 16:17:45 [INFO]      consumiu MENOS que o habitual às 16h
2026-07-19 16:17:45 [INFO]      [2mReal:[0m 17.0 kWh   [2mHabitual:[0m 47.0 ± 4.7 kWh   [2mz:[0m -6.38   [2mdesvio:[0m -64%   [2m(2 obs. fim_semana)[0m
2026-07-19 16:17:45 [INFO] 
2026-07-19 16:17:45 [INFO]   🔴 [91m[1mPT0002000109837807PE[0m  [2m[Cluster 1][0m
2026-07-19 16:17:45 [INFO]      consumiu MAIS que o habitual às 11h
2026-07-19 16:17:45 [INFO]      [2mReal:[0m 8.0 kWh   [2mHabitual:[0m 3.5 ± 0.7 kWh   [2mz:[0m +6.36   [2mdesvio:[0m +129%   [2m(2 obs. fim_semana)[0m
2026-07-19 16:17:45 [INFO] 
2026-07-19 16:17:45 [INFO]   🔵 [94m[1mPT0002000119303492KB[0m  [2m[Cluster 0][0m
2026-07-19 16:17:45 [INFO]      consumiu MENOS que o habitual às 10h
2026-07-19 16:17:45 [INFO]      [2mReal:[0m 4.0 kWh   [2mHabitual:[0m 44.5 ± 6.4 kWh   [2mz:[0m -6.36   [2mdesvio:[0m -91%   [2m(2 obs. fim_semana)[0m
2026-07-19 16:17:45 [INFO] 
2026-07-19 16:17:45 [INFO]   🔵 [94m[1mPT0002000123648159KR[0m  [2m[Cluster 0][0m
2026-07-19 16:17:45 [INFO]      consumiu MENOS que o habitual às 10h
2026-07-19 16:17:45 [INFO]      [2mReal:[0m 4.0 kWh   [2mHabitual:[0m 31.0 ± 4.2 kWh   [2mz:[0m -6.36   [2mdesvio:[0m -87%   [2m(2 obs. fim_semana)[0m
2026-07-19 16:17:45 [INFO] 
2026-07-19 16:17:45 [INFO]   🔵 [94m[1mPT0002000125379984SH[0m  [2m[Cluster 1][0m
2026-07-19 16:17:45 [INFO]      consumiu MENOS que o habitual às 18h
2026-07-19 16:17:45 [INFO]      [2mReal:[0m 3.0 kWh   [2mHabitual:[0m 12.0 ± 1.4 kWh   [2mz:[0m -6.36   [2mdesvio:[0m -75%   [2m(2 obs. fim_semana)[0m
2026-07-19 16:17:45 [INFO] 
2026-07-19 16:17:45 [INFO]   🔴 [91m[1mPT0002000203886452WB[0m  [2m[sem cluster][0m
2026-07-19 16:17:45 [INFO]      consumiu MAIS que o habitual às 09h
2026-07-19 16:17:45 [INFO]      [2mReal:[0m 20.0 kWh   [2mHabitual:[0m 2.0 ± 2.8 kWh   [2mz:[0m +6.36   [2mdesvio:[0m +900%   [2m(2 obs. fim_semana)[0m
2026-07-19 16:17:45 [INFO] 
2026-07-19 16:17:45 [INFO]   🔵 [94m[1mPT0002000115673389QK[0m  [2m[Cluster 0][0m
2026-07-19 16:17:45 [INFO]      consumiu MENOS que o habitual às 08h
2026-07-19 16:17:45 [INFO]      [2mReal:[0m 21.0 kWh   [2mHabitual:[0m 56.5 ± 5.7 kWh   [2mz:[0m -6.28   [2mdesvio:[0m -63%   [2m(2 obs. fim_semana)[0m
2026-07-19 16:17:45 [INFO] 
2026-07-19 16:17:45 [INFO]   🔵 [94m[1mPT0002000068857099AR[0m  [2m[Cluster 1][0m
2026-07-19 16:17:45 [INFO]      consumiu MENOS que o habitual às 19h
2026-07-19 16:17:45 [INFO]      [2mReal:[0m 3.0 kWh   [2mHabitual:[0m 8.0 ± 0.8 kWh   [2mz:[0m -6.25   [2mdesvio:[0m -62%   [2m(2 obs. fim_semana)[0m
2026-07-19 16:17:45 [INFO] 
2026-07-19 16:17:45 [INFO]   🔵 [94m[1mPT0002000115031201VQ[0m  [2m[Cluster 0][0m
2026-07-19 16:17:45 [INFO]      consumiu MENOS que o habitual às 07h
2026-07-19 16:17:45 [INFO]      [2mReal:[0m 3.0 kWh   [2mHabitual:[0m 8.0 ± 0.8 kWh   [2mz:[0m -6.25   [2mdesvio:[0m -62%   [2m(2 obs. fim_semana)[0m
2026-07-19 16:17:45 [INFO] 
2026-07-19 16:17:45 [INFO]   🔵 [94m[1mPT0002000068856267NC[0m  [2m[sem cluster][0m
2026-07-19 16:17:45 [INFO]      consumiu MENOS que o habitual às 11h
2026-07-19 16:17:45 [INFO]      [2mReal:[0m 17.0 kWh   [2mHabitual:[0m 65.5 ± 7.8 kWh   [2mz:[0m -6.24   [2mdesvio:[0m -74%   [2m(2 obs. fim_semana)[0m
2026-07-19 16:17:45 [INFO] 
2026-07-19 16:17:45 [INFO]   🔵 [94m[1mPT0002000033074862LZ[0m  [2m[Cluster 0][0m
2026-07-19 16:17:45 [INFO]      consumiu MENOS que o habitual às 13h
2026-07-19 16:17:45 [INFO]      [2mReal:[0m 11.0 kWh   [2mHabitual:[0m 46.0 ± 5.7 kWh   [2mz:[0m -6.19   [2mdesvio:[0m -76%   [2m(2 obs. fim_semana)[0m
2026-07-19 16:17:45 [INFO] 
2026-07-19 16:17:45 [INFO]   🔵 [94m[1mPT0002000068856655YV[0m  [2m[Cluster 0][0m
2026-07-19 16:17:45 [INFO]      consumiu MENOS que o habitual às 09h
2026-07-19 16:17:45 [INFO]      [2mReal:[0m 4.0 kWh   [2mHabitual:[0m 10.5 ± 1.1 kWh   [2mz:[0m -6.19   [2mdesvio:[0m -62%   [2m(2 obs. fim_semana)[0m
2026-07-19 16:17:45 [INFO] 
2026-07-19 16:17:45 [INFO]   🔵 [94m[1mPT0002000071896778MT[0m  [2m[Cluster 0][0m
2026-07-19 16:17:45 [INFO]      consumiu MENOS que o habitual às 15h
2026-07-19 16:17:45 [INFO]      [2mReal:[0m 4.0 kWh   [2mHabitual:[0m 10.5 ± 1.1 kWh   [2mz:[0m -6.19   [2mdesvio:[0m -62%   [2m(2 obs. fim_semana)[0m
2026-07-19 16:17:45 [INFO] 
2026-07-19 16:17:45 [INFO]   🔵 [94m[1mPT0002000120237616VJ[0m  [2m[Cluster 0][0m
2026-07-19 16:17:45 [INFO]      consumiu MENOS que o habitual às 16h
2026-07-19 16:17:45 [INFO]      [2mReal:[0m 12.0 kWh   [2mHabitual:[0m 31.5 ± 3.1 kWh   [2mz:[0m -6.19   [2mdesvio:[0m -62%   [2m(2 obs. fim_semana)[0m
2026-07-19 16:17:45 [INFO] 
2026-07-19 16:17:45 [INFO]   🔵 [94m[1mPT0002000075637532JB[0m  [2m[Cluster 0][0m
2026-07-19 16:17:45 [INFO]      consumiu MENOS que o habitual às 11h
2026-07-19 16:17:45 [INFO]      [2mReal:[0m 4.0 kWh   [2mHabitual:[0m 34.5 ± 5.0 kWh   [2mz:[0m -6.16   [2mdesvio:[0m -88%   [2m(2 obs. fim_semana)[0m
2026-07-19 16:17:45 [INFO] 
2026-07-19 16:17:45 [INFO]   🔵 [94m[1mPT0002000101964938LF[0m  [2m[Cluster 0][0m
2026-07-19 16:17:45 [INFO]      consumiu MENOS que o habitual às 10h
2026-07-19 16:17:45 [INFO]      [2mReal:[0m 10.0 kWh   [2mHabitual:[0m 40.5 ± 5.0 kWh   [2mz:[0m -6.16   [2mdesvio:[0m -75%   [2m(2 obs. fim_semana)[0m
2026-07-19 16:17:45 [INFO] 
2026-07-19 16:17:45 [INFO]   🔵 [94m[1mPT0002000068859393XH[0m  [2m[Cluster 1][0m
2026-07-19 16:17:45 [INFO]      consumiu MENOS que o habitual às 23h
2026-07-19 16:17:45 [INFO]      [2mReal:[0m 31.0 kWh   [2mHabitual:[0m 101.7 ± 11.6 kWh   [2mz:[0m -6.10   [2mdesvio:[0m -70%   [2m(3 obs. fim_semana)[0m
2026-07-19 16:17:45 [INFO] 
2026-07-19 16:17:45 [INFO]   🔵 [94m[1mPT0002000115031201VQ[0m  [2m[Cluster 0][0m
2026-07-19 16:17:45 [INFO]      consumiu MENOS que o habitual às 09h
2026-07-19 16:17:45 [INFO]      [2mReal:[0m 4.0 kWh   [2mHabitual:[0m 21.0 ± 2.8 kWh   [2mz:[0m -6.01   [2mdesvio:[0m -81%   [2m(2 obs. fim_semana)[0m
2026-07-19 16:17:45 [INFO] 
2026-07-19 16:17:45 [INFO]   🔵 [94m[1mPT0002000115700602GW[0m  [2m[Cluster 0][0m
2026-07-19 16:17:45 [INFO]      consumiu MENOS que o habitual às 14h
2026-07-19 16:17:45 [INFO]      [2mReal:[0m 9.0 kWh   [2mHabitual:[0m 26.0 ± 2.8 kWh   [2mz:[0m -6.01   [2mdesvio:[0m -65%   [2m(2 obs. fim_semana)[0m
2026-07-19 16:17:45 [INFO] 
2026-07-19 16:17:45 [INFO]   🔵 [94m[1mPT0002000033074862LZ[0m  [2m[Cluster 0][0m
2026-07-19 16:17:45 [INFO]      consumiu MENOS que o habitual às 15h
2026-07-19 16:17:45 [INFO]      [2mReal:[0m 10.0 kWh   [2mHabitual:[0m 25.0 ± 2.5 kWh   [2mz:[0m -6.00   [2mdesvio:[0m -60%   [2m(2 obs. fim_semana)[0m
2026-07-19 16:17:45 [INFO] 
2026-07-19 16:17:45 [INFO]   🔴 [91m[1mPT0002000123648159KR[0m  [2m[Cluster 0][0m
2026-07-19 16:17:45 [INFO]      consumiu MAIS que o habitual às 18h
2026-07-19 16:17:45 [INFO]      [2mReal:[0m 8.0 kWh   [2mHabitual:[0m 5.0 ± 0.5 kWh   [2mz:[0m +6.00   [2mdesvio:[0m +60%   [2m(2 obs. fim_semana)[0m
2026-07-19 16:17:45 [INFO] 
2026-07-19 16:17:45 [INFO]   🔵 [94m[1mPT0002000068856974CZ[0m  [2m[sem cluster][0m
2026-07-19 16:17:45 [INFO]      consumiu MENOS que o habitual às 08h
2026-07-19 16:17:45 [INFO]      [2mReal:[0m 13.0 kWh   [2mHabitual:[0m 38.0 ± 4.2 kWh   [2mz:[0m -5.89   [2mdesvio:[0m -66%   [2m(2 obs. fim_semana)[0m
2026-07-19 16:17:45 [INFO] 
2026-07-19 16:17:45 [INFO]   🔵 [94m[1mPT0002000115031201VQ[0m  [2m[Cluster 0][0m
2026-07-19 16:17:45 [INFO]      consumiu MENOS que o habitual às 08h
2026-07-19 16:17:45 [INFO]      [2mReal:[0m 6.0 kWh   [2mHabitual:[0m 14.5 ± 1.4 kWh   [2mz:[0m -5.86   [2mdesvio:[0m -59%   [2m(2 obs. fim_semana)[0m
2026-07-19 16:17:45 [INFO] 
2026-07-19 16:17:45 [INFO]   🔴 [91m[1mPT0002000068859325FL[0m  [2m[Cluster 1][0m
2026-07-19 16:17:45 [INFO]      consumiu MAIS que o habitual às 13h
2026-07-19 16:17:45 [INFO]      [2mReal:[0m 332.0 kWh   [2mHabitual:[0m 200.0 ± 22.6 kWh   [2mz:[0m +5.83   [2mdesvio:[0m +66%   [2m(2 obs. fim_semana)[0m
2026-07-19 16:17:45 [INFO] 
2026-07-19 16:17:45 [INFO]   🔵 [94m[1mPT0002000125379984SH[0m  [2m[Cluster 1][0m
2026-07-19 16:17:45 [INFO]      consumiu MENOS que o habitual às 10h
2026-07-19 16:17:45 [INFO]      [2mReal:[0m 5.0 kWh   [2mHabitual:[0m 12.0 ± 1.2 kWh   [2mz:[0m -5.83   [2mdesvio:[0m -58%   [2m(2 obs. fim_semana)[0m
2026-07-19 16:17:45 [INFO] 
2026-07-19 16:17:45 [INFO]   🔴 [91m[1mPT0002000077348081AG[0m  [2m[sem cluster][0m
2026-07-19 16:17:45 [INFO]      consumiu MAIS que o habitual às 21h
2026-07-19 16:17:45 [INFO]      [2mReal:[0m 242.0 kWh   [2mHabitual:[0m 62.3 ± 31.0 kWh   [2mz:[0m +5.80   [2mdesvio:[0m +288%   [2m(3 obs. fim_semana)[0m
2026-07-19 16:17:45 [INFO] 
2026-07-19 16:17:45 [INFO]   🔵 [94m[1mPT0002000115031201VQ[0m  [2m[Cluster 0][0m
2026-07-19 16:17:45 [INFO]      consumiu MENOS que o habitual às 10h
2026-07-19 16:17:45 [INFO]      [2mReal:[0m 3.0 kWh   [2mHabitual:[0m 23.5 ± 3.5 kWh   [2mz:[0m -5.80   [2mdesvio:[0m -87%   [2m(2 obs. fim_semana)[0m
2026-07-19 16:17:45 [INFO] 
2026-07-19 16:17:45 [INFO]   🔵 [94m[1mPT0002000071896778MT[0m  [2m[Cluster 0][0m
2026-07-19 16:17:45 [INFO]      consumiu MENOS que o habitual às 17h
2026-07-19 16:17:45 [INFO]      [2mReal:[0m 4.0 kWh   [2mHabitual:[0m 9.5 ± 0.9 kWh   [2mz:[0m -5.79   [2mdesvio:[0m -58%   [2m(2 obs. fim_semana)[0m
2026-07-19 16:17:45 [INFO] 
2026-07-19 16:17:45 [INFO]   🔵 [94m[1mPT0002000068856267NC[0m  [2m[sem cluster][0m
2026-07-19 16:17:45 [INFO]      consumiu MENOS que o habitual às 18h
2026-07-19 16:17:45 [INFO]      [2mReal:[0m 17.0 kWh   [2mHabitual:[0m 40.0 ± 4.0 kWh   [2mz:[0m -5.75   [2mdesvio:[0m -57%   [2m(2 obs. fim_semana)[0m
2026-07-19 16:17:45 [INFO] 
2026-07-19 16:17:45 [INFO]   🔵 [94m[1mPT0002000115673471CB[0m  [2m[Cluster 0][0m
2026-07-19 16:17:45 [INFO]      consumiu MENOS que o habitual às 13h
2026-07-19 16:17:45 [INFO]      [2mReal:[0m 12.0 kWh   [2mHabitual:[0m 48.5 ± 6.4 kWh   [2mz:[0m -5.74   [2mdesvio:[0m -75%   [2m(2 obs. fim_semana)[0m
2026-07-19 16:17:45 [INFO] 
2026-07-19 16:17:45 [INFO]   🔵 [94m[1mPT0002000068858674WN[0m  [2m[sem cluster][0m
2026-07-19 16:17:45 [INFO]      consumiu MENOS que o habitual às 18h
2026-07-19 16:17:45 [INFO]      [2mReal:[0m 12.0 kWh   [2mHabitual:[0m 28.0 ± 2.8 kWh   [2mz:[0m -5.71   [2mdesvio:[0m -57%   [2m(2 obs. fim_semana)[0m
2026-07-19 16:17:45 [INFO] 
2026-07-19 16:17:45 [INFO]   🔵 [94m[1mPT0002000068856655YV[0m  [2m[Cluster 0][0m
2026-07-19 16:17:45 [INFO]      consumiu MENOS que o habitual às 17h
2026-07-19 16:17:45 [INFO]      [2mReal:[0m 3.0 kWh   [2mHabitual:[0m 11.0 ± 1.4 kWh   [2mz:[0m -5.66   [2mdesvio:[0m -73%   [2m(2 obs. fim_semana)[0m
2026-07-19 16:17:45 [INFO] 
2026-07-19 16:17:45 [INFO]   🔵 [94m[1mPT0002000120237616VJ[0m  [2m[Cluster 0][0m
2026-07-19 16:17:45 [INFO]      consumiu MENOS que o habitual às 17h
2026-07-19 16:17:45 [INFO]      [2mReal:[0m 11.0 kWh   [2mHabitual:[0m 27.0 ± 2.8 kWh   [2mz:[0m -5.66   [2mdesvio:[0m -59%   [2m(2 obs. fim_semana)[0m
2026-07-19 16:17:45 [INFO] 
2026-07-19 16:17:45 [INFO]   🔵 [94m[1mPT0002000123648159KR[0m  [2m[Cluster 0][0m
2026-07-19 16:17:45 [INFO]      consumiu MENOS que o habitual às 15h
2026-07-19 16:17:45 [INFO]      [2mReal:[0m 5.0 kWh   [2mHabitual:[0m 13.0 ± 1.4 kWh   [2mz:[0m -5.66   [2mdesvio:[0m -62%   [2m(2 obs. fim_semana)[0m
2026-07-19 16:17:45 [INFO] 
2026-07-19 16:17:45 [INFO]   🔵 [94m[1mPT0002000110607652SB[0m  [2m[Cluster 0][0m
2026-07-19 16:17:45 [INFO]      consumiu MENOS que o habitual às 08h
2026-07-19 16:17:45 [INFO]      [2mReal:[0m 20.0 kWh   [2mHabitual:[0m 46.0 ± 4.6 kWh   [2mz:[0m -5.65   [2mdesvio:[0m -57%   [2m(2 obs. fim_semana)[0m
2026-07-19 16:17:45 [INFO] 
2026-07-19 16:17:45 [INFO]   🔵 [94m[1mPT0002000116530964LH[0m  [2m[sem cluster][0m
2026-07-19 16:17:45 [INFO]      consumiu MENOS que o habitual às 11h
2026-07-19 16:17:45 [INFO]      [2mReal:[0m 88.0 kWh   [2mHabitual:[0m 202.0 ± 20.2 kWh   [2mz:[0m -5.64   [2mdesvio:[0m -56%   [2m(2 obs. fim_semana)[0m
2026-07-19 16:17:45 [INFO] 
2026-07-19 16:17:45 [INFO]   🔴 [91m[1mPT0002000068859393XH[0m  [2m[Cluster 1][0m
2026-07-19 16:17:45 [INFO]      consumiu MAIS que o habitual às 12h
2026-07-19 16:17:45 [INFO]      [2mReal:[0m 179.0 kWh   [2mHabitual:[0m 114.5 ± 11.4 kWh   [2mz:[0m +5.63   [2mdesvio:[0m +56%   [2m(2 obs. fim_semana)[0m
2026-07-19 16:17:45 [INFO] 
2026-07-19 16:17:45 [INFO]   🔴 [91m[1mPT0002000201038711LS[0m  [2m[sem cluster][0m
2026-07-19 16:17:45 [INFO]      consumiu MAIS que o habitual às 19h
2026-07-19 16:17:45 [INFO]      [2mReal:[0m 75.0 kWh   [2mHabitual:[0m 48.0 ± 4.8 kWh   [2mz:[0m +5.62   [2mdesvio:[0m +56%   [2m(2 obs. fim_semana)[0m
2026-07-19 16:17:45 [INFO] 
2026-07-19 16:17:45 [INFO]   🔵 [94m[1mPT0002000068857897ZV[0m  [2m[Cluster 0][0m
2026-07-19 16:17:45 [INFO]      consumiu MENOS que o habitual às 10h
2026-07-19 16:17:45 [INFO]      [2mReal:[0m 26.0 kWh   [2mHabitual:[0m 59.0 ± 5.9 kWh   [2mz:[0m -5.59   [2mdesvio:[0m -56%   [2m(2 obs. fim_semana)[0m
2026-07-19 16:17:45 [INFO] 
2026-07-19 16:17:45 [INFO]   🔵 [94m[1mPT0002000201038711LS[0m  [2m[sem cluster][0m
2026-07-19 16:17:45 [INFO]      consumiu MENOS que o habitual às 22h
2026-07-19 16:17:45 [INFO]      [2mReal:[0m 0.0 kWh   [2mHabitual:[0m 42.3 ± 7.6 kWh   [2mz:[0m -5.59   [2mdesvio:[0m -100%   [2m(3 obs. fim_semana)[0m
2026-07-19 16:17:45 [INFO] 
2026-07-19 16:17:45 [INFO]   🔵 [94m[1mPT0002000068856267NC[0m  [2m[sem cluster][0m
2026-07-19 16:17:45 [INFO]      consumiu MENOS que o habitual às 17h
2026-07-19 16:17:45 [INFO]      [2mReal:[0m 18.0 kWh   [2mHabitual:[0m 40.5 ± 4.0 kWh   [2mz:[0m -5.56   [2mdesvio:[0m -56%   [2m(2 obs. fim_semana)[0m
2026-07-19 16:17:45 [INFO] 
2026-07-19 16:17:45 [INFO]   🔵 [94m[1mPT0002000068856267NC[0m  [2m[sem cluster][0m
2026-07-19 16:17:45 [INFO]      consumiu MENOS que o habitual às 08h
2026-07-19 16:17:45 [INFO]      [2mReal:[0m 17.0 kWh   [2mHabitual:[0m 37.5 ± 3.8 kWh   [2mz:[0m -5.47   [2mdesvio:[0m -55%   [2m(2 obs. fim_semana)[0m
2026-07-19 16:17:45 [INFO] 
2026-07-19 16:17:45 [INFO]   🔵 [94m[1mPT0002000115673389QK[0m  [2m[Cluster 0][0m
2026-07-19 16:17:45 [INFO]      consumiu MENOS que o habitual às 12h
2026-07-19 16:17:45 [INFO]      [2mReal:[0m 22.0 kWh   [2mHabitual:[0m 95.5 ± 13.4 kWh   [2mz:[0m -5.47   [2mdesvio:[0m -77%   [2m(2 obs. fim_semana)[0m
2026-07-19 16:17:45 [INFO] 
2026-07-19 16:17:45 [INFO]   🔵 [94m[1mPT0002000068859597LS[0m  [2m[Cluster 0][0m
2026-07-19 16:17:45 [INFO]      consumiu MENOS que o habitual às 15h
2026-07-19 16:17:45 [INFO]      [2mReal:[0m 32.0 kWh   [2mHabitual:[0m 70.0 ± 7.0 kWh   [2mz:[0m -5.43   [2mdesvio:[0m -54%   [2m(2 obs. fim_semana)[0m
2026-07-19 16:17:45 [INFO] 
2026-07-19 16:17:45 [INFO]   🔵 [94m[1mPT0002000068856267NC[0m  [2m[sem cluster][0m
2026-07-19 16:17:45 [INFO]      consumiu MENOS que o habitual às 15h
2026-07-19 16:17:45 [INFO]      [2mReal:[0m 17.0 kWh   [2mHabitual:[0m 37.0 ± 3.7 kWh   [2mz:[0m -5.41   [2mdesvio:[0m -54%   [2m(2 obs. fim_semana)[0m
2026-07-19 16:17:45 [INFO] 
2026-07-19 16:17:45 [INFO]   🔵 [94m[1mPT0002000068859597LS[0m  [2m[Cluster 0][0m
2026-07-19 16:17:45 [INFO]      consumiu MENOS que o habitual às 10h
2026-07-19 16:17:45 [INFO]      [2mReal:[0m 34.0 kWh   [2mHabitual:[0m 73.5 ± 7.3 kWh   [2mz:[0m -5.37   [2mdesvio:[0m -54%   [2m(2 obs. fim_semana)[0m
2026-07-19 16:17:45 [INFO] 
2026-07-19 16:17:45 [INFO]   🔵 [94m[1mPT0002000068859382XF[0m  [2m[Cluster 0][0m
2026-07-19 16:17:45 [INFO]      consumiu MENOS que o habitual às 10h
2026-07-19 16:17:45 [INFO]      [2mReal:[0m 39.0 kWh   [2mHabitual:[0m 83.5 ± 8.3 kWh   [2mz:[0m -5.33   [2mdesvio:[0m -53%   [2m(2 obs. fim_semana)[0m
2026-07-19 16:17:45 [INFO] 
2026-07-19 16:17:45 [INFO]   🔴 [91m[1mPT0002000068859325FL[0m  [2m[Cluster 1][0m
2026-07-19 16:17:45 [INFO]      consumiu MAIS que o habitual às 12h
2026-07-19 16:17:45 [INFO]      [2mReal:[0m 380.0 kWh   [2mHabitual:[0m 200.0 ± 33.9 kWh   [2mz:[0m +5.30   [2mdesvio:[0m +90%   [2m(2 obs. fim_semana)[0m
2026-07-19 16:17:45 [INFO] 
2026-07-19 16:17:45 [INFO]   🔵 [94m[1mPT0002000115673389QK[0m  [2m[Cluster 0][0m
2026-07-19 16:17:45 [INFO]      consumiu MENOS que o habitual às 16h
2026-07-19 16:17:45 [INFO]      [2mReal:[0m 23.0 kWh   [2mHabitual:[0m 53.0 ± 5.7 kWh   [2mz:[0m -5.30   [2mdesvio:[0m -57%   [2m(2 obs. fim_semana)[0m
2026-07-19 16:17:45 [INFO] 
2026-07-19 16:17:45 [INFO]   🔵 [94m[1mPT0002000116530964LH[0m  [2m[sem cluster][0m
2026-07-19 16:17:45 [INFO]      consumiu MENOS que o habitual às 10h
2026-07-19 16:17:45 [INFO]      [2mReal:[0m 90.0 kWh   [2mHabitual:[0m 191.5 ± 19.1 kWh   [2mz:[0m -5.30   [2mdesvio:[0m -53%   [2m(2 obs. fim_semana)[0m
2026-07-19 16:17:45 [INFO] 
2026-07-19 16:17:45 [INFO]   🔵 [94m[1mPT0002000115700602GW[0m  [2m[Cluster 0][0m
2026-07-19 16:17:45 [INFO]      consumiu MENOS que o habitual às 07h
2026-07-19 16:17:45 [INFO]      [2mReal:[0m 8.0 kWh   [2mHabitual:[0m 17.0 ± 1.7 kWh   [2mz:[0m -5.29   [2mdesvio:[0m -53%   [2m(2 obs. fim_semana)[0m
2026-07-19 16:17:45 [INFO] 
2026-07-19 16:17:45 [INFO]   🔵 [94m[1mPT0002000116530964LH[0m  [2m[sem cluster][0m
2026-07-19 16:17:45 [INFO]      consumiu MENOS que o habitual às 12h
2026-07-19 16:17:45 [INFO]      [2mReal:[0m 89.0 kWh   [2mHabitual:[0m 188.5 ± 18.9 kWh   [2mz:[0m -5.28   [2mdesvio:[0m -53%   [2m(2 obs. fim_semana)[0m
2026-07-19 16:17:45 [INFO] 
2026-07-19 16:17:45 [INFO]   🔵 [94m[1mPT0002000116530964LH[0m  [2m[sem cluster][0m
2026-07-19 16:17:45 [INFO]      consumiu MENOS que o habitual às 16h
2026-07-19 16:17:45 [INFO]      [2mReal:[0m 84.0 kWh   [2mHabitual:[0m 177.5 ± 17.8 kWh   [2mz:[0m -5.27   [2mdesvio:[0m -53%   [2m(2 obs. fim_semana)[0m
2026-07-19 16:17:45 [INFO] 
2026-07-19 16:17:45 [INFO]   🔵 [94m[1mPT0002000068856267NC[0m  [2m[sem cluster][0m
2026-07-19 16:17:45 [INFO]      consumiu MENOS que o habitual às 19h
2026-07-19 16:17:45 [INFO]      [2mReal:[0m 19.0 kWh   [2mHabitual:[0m 40.0 ± 4.0 kWh   [2mz:[0m -5.25   [2mdesvio:[0m -52%   [2m(2 obs. fim_semana)[0m
2026-07-19 16:17:45 [INFO] 
2026-07-19 16:17:45 [INFO]   🔵 [94m[1mPT0002000068859597LS[0m  [2m[Cluster 0][0m
2026-07-19 16:17:45 [INFO]      consumiu MENOS que o habitual às 14h
2026-07-19 16:17:45 [INFO]      [2mReal:[0m 33.0 kWh   [2mHabitual:[0m 69.5 ± 7.0 kWh   [2mz:[0m -5.25   [2mdesvio:[0m -53%   [2m(2 obs. fim_semana)[0m
2026-07-19 16:17:45 [INFO] 
2026-07-19 16:17:45 [INFO]   🔵 [94m[1mPT0002000068859382XF[0m  [2m[Cluster 0][0m
2026-07-19 16:17:45 [INFO]      consumiu MENOS que o habitual às 11h
2026-07-19 16:17:45 [INFO]      [2mReal:[0m 39.0 kWh   [2mHabitual:[0m 81.0 ± 8.1 kWh   [2mz:[0m -5.19   [2mdesvio:[0m -52%   [2m(2 obs. fim_semana)[0m
2026-07-19 16:17:45 [INFO] 
2026-07-19 16:17:45 [INFO]   🔵 [94m[1mPT0002000073481266XH[0m  [2m[Cluster 0][0m
2026-07-19 16:17:45 [INFO]      consumiu MENOS que o habitual às 17h
2026-07-19 16:17:45 [INFO]      [2mReal:[0m 8.0 kWh   [2mHabitual:[0m 30.0 ± 4.2 kWh   [2mz:[0m -5.19   [2mdesvio:[0m -73%   [2m(2 obs. fim_semana)[0m
2026-07-19 16:17:45 [INFO] 
2026-07-19 16:17:45 [INFO]   🔵 [94m[1mPT0002000119303492KB[0m  [2m[Cluster 0][0m
2026-07-19 16:17:45 [INFO]      consumiu MENOS que o habitual às 09h
2026-07-19 16:17:45 [INFO]      [2mReal:[0m 3.0 kWh   [2mHabitual:[0m 25.0 ± 4.2 kWh   [2mz:[0m -5.19   [2mdesvio:[0m -88%   [2m(2 obs. fim_semana)[0m
2026-07-19 16:17:45 [INFO] 
2026-07-19 16:17:45 [INFO]   🔵 [94m[1mPT0002000068857897ZV[0m  [2m[Cluster 0][0m
2026-07-19 16:17:45 [INFO]      consumiu MENOS que o habitual às 09h
2026-07-19 16:17:45 [INFO]      [2mReal:[0m 27.0 kWh   [2mHabitual:[0m 55.5 ± 5.5 kWh   [2mz:[0m -5.14   [2mdesvio:[0m -51%   [2m(2 obs. fim_semana)[0m
2026-07-19 16:17:45 [INFO] 
2026-07-19 16:17:45 [INFO]   🔵 [94m[1mPT0002000068859393XH[0m  [2m[Cluster 1][0m
2026-07-19 16:17:45 [INFO]      consumiu MENOS que o habitual às 07h
2026-07-19 16:17:45 [INFO]      [2mReal:[0m 17.0 kWh   [2mHabitual:[0m 35.0 ± 3.5 kWh   [2mz:[0m -5.14   [2mdesvio:[0m -51%   [2m(2 obs. fim_semana)[0m
2026-07-19 16:17:45 [INFO] 
2026-07-19 16:17:45 [INFO]   🔴 [91m[1mPT0002000073720434JD[0m  [2m[sem cluster][0m
2026-07-19 16:17:45 [INFO]      consumiu MAIS que o habitual às 16h
2026-07-19 16:17:45 [INFO]      [2mReal:[0m 87.0 kWh   [2mHabitual:[0m 29.0 ± 11.3 kWh   [2mz:[0m +5.13   [2mdesvio:[0m +200%   [2m(2 obs. fim_semana)[0m
2026-07-19 16:17:45 [INFO] 
2026-07-19 16:17:45 [INFO]   🔵 [94m[1mPT0002000068859597LS[0m  [2m[Cluster 0][0m
2026-07-19 16:17:45 [INFO]      consumiu MENOS que o habitual às 11h
2026-07-19 16:17:45 [INFO]      [2mReal:[0m 36.0 kWh   [2mHabitual:[0m 73.5 ± 7.3 kWh   [2mz:[0m -5.10   [2mdesvio:[0m -51%   [2m(2 obs. fim_semana)[0m
2026-07-19 16:17:45 [INFO] 
2026-07-19 16:17:45 [INFO]   🔵 [94m[1mPT0002000033074862LZ[0m  [2m[Cluster 0][0m
2026-07-19 16:17:45 [INFO]      consumiu MENOS que o habitual às 17h
2026-07-19 16:17:45 [INFO]      [2mReal:[0m 13.0 kWh   [2mHabitual:[0m 26.5 ± 2.6 kWh   [2mz:[0m -5.09   [2mdesvio:[0m -51%   [2m(2 obs. fim_semana)[0m
2026-07-19 16:17:45 [INFO] 
2026-07-19 16:17:45 [INFO]   🔵 [94m[1mPT0002000068859187RL[0m  [2m[Cluster 0][0m
2026-07-19 16:17:45 [INFO]      consumiu MENOS que o habitual às 15h
2026-07-19 16:17:45 [INFO]      [2mReal:[0m 20.0 kWh   [2mHabitual:[0m 63.0 ± 8.5 kWh   [2mz:[0m -5.07   [2mdesvio:[0m -68%   [2m(2 obs. fim_semana)[0m
2026-07-19 16:17:45 [INFO] 
2026-07-19 16:17:45 [INFO]   🔵 [94m[1mPT0002000101964938LF[0m  [2m[Cluster 0][0m
2026-07-19 16:17:45 [INFO]      consumiu MENOS que o habitual às 16h
2026-07-19 16:17:45 [INFO]      [2mReal:[0m 10.0 kWh   [2mHabitual:[0m 53.0 ± 8.5 kWh   [2mz:[0m -5.07   [2mdesvio:[0m -81%   [2m(2 obs. fim_semana)[0m
2026-07-19 16:17:45 [INFO] 
2026-07-19 16:17:45 [INFO]   🔵 [94m[1mPT0002000068859382XF[0m  [2m[Cluster 0][0m
2026-07-19 16:17:45 [INFO]      consumiu MENOS que o habitual às 15h
2026-07-19 16:17:45 [INFO]      [2mReal:[0m 39.0 kWh   [2mHabitual:[0m 78.5 ± 7.8 kWh   [2mz:[0m -5.03   [2mdesvio:[0m -50%   [2m(2 obs. fim_semana)[0m
2026-07-19 16:17:45 [INFO] 
2026-07-19 16:17:45 [INFO]   🔵 [94m[1mPT0002000116530964LH[0m  [2m[sem cluster][0m
2026-07-19 16:17:45 [INFO]      consumiu MENOS que o habitual às 14h
2026-07-19 16:17:45 [INFO]      [2mReal:[0m 85.0 kWh   [2mHabitual:[0m 171.0 ± 17.1 kWh   [2mz:[0m -5.03   [2mdesvio:[0m -50%   [2m(2 obs. fim_semana)[0m
2026-07-19 16:17:45 [INFO] 
2026-07-19 16:17:45 [INFO]   🔵 [94m[1mPT0002000111572054VT[0m  [2m[sem cluster][0m
2026-07-19 16:17:45 [INFO]      consumiu MENOS que o habitual às 19h
2026-07-19 16:17:45 [INFO]      [2mReal:[0m 16.0 kWh   [2mHabitual:[0m 32.0 ± 3.2 kWh   [2mz:[0m -5.00   [2mdesvio:[0m -50%   [2m(2 obs. fim_semana)[0m
2026-07-19 16:17:45 [INFO] 
2026-07-19 16:17:45 [INFO]   🔵 [94m[1mPT0002000125379984SH[0m  [2m[Cluster 1][0m
2026-07-19 16:17:45 [INFO]      consumiu MENOS que o habitual às 11h
2026-07-19 16:17:45 [INFO]      [2mReal:[0m 4.0 kWh   [2mHabitual:[0m 8.0 ± 0.8 kWh   [2mz:[0m -5.00   [2mdesvio:[0m -50%   [2m(2 obs. fim_semana)[0m
2026-07-19 16:17:45 [INFO] 
2026-07-19 16:17:45 [INFO]   🔵 [94m[1mPT0002000068856974CZ[0m  [2m[sem cluster][0m
2026-07-19 16:17:45 [INFO]      consumiu MENOS que o habitual às 15h
2026-07-19 16:17:45 [INFO]      [2mReal:[0m 23.0 kWh   [2mHabitual:[0m 45.5 ± 4.5 kWh   [2mz:[0m -4.95   [2mdesvio:[0m -49%   [2m(2 obs. fim_semana)[0m
2026-07-19 16:17:45 [INFO] 
2026-07-19 16:17:45 [INFO]   🔴 [91m[1mPT0002000073717386HC[0m  [2m[sem cluster][0m
2026-07-19 16:17:45 [INFO]      consumiu MAIS que o habitual às 13h
2026-07-19 16:17:45 [INFO]      [2mReal:[0m 8.0 kWh   [2mHabitual:[0m 4.5 ± 0.7 kWh   [2mz:[0m +4.95   [2mdesvio:[0m +78%   [2m(2 obs. fim_semana)[0m
2026-07-19 16:17:45 [INFO] 
2026-07-19 16:17:45 [INFO]   🔵 [94m[1mPT0002000078233981HJ[0m  [2m[Cluster 1][0m
2026-07-19 16:17:45 [INFO]      consumiu MENOS que o habitual às 17h
2026-07-19 16:17:45 [INFO]      [2mReal:[0m 2.0 kWh   [2mHabitual:[0m 12.5 ± 2.1 kWh   [2mz:[0m -4.95   [2mdesvio:[0m -84%   [2m(2 obs. fim_semana)[0m
2026-07-19 16:17:45 [INFO] 
2026-07-19 16:17:45 [INFO]   🔵 [94m[1mPT0002000078294957RQ[0m  [2m[Cluster 0][0m
2026-07-19 16:17:45 [INFO]      consumiu MENOS que o habitual às 09h
2026-07-19 16:17:45 [INFO]      [2mReal:[0m 8.0 kWh   [2mHabitual:[0m 18.5 ± 2.1 kWh   [2mz:[0m -4.95   [2mdesvio:[0m -57%   [2m(2 obs. fim_semana)[0m
2026-07-19 16:17:45 [INFO] 
2026-07-19 16:17:45 [INFO]   🔵 [94m[1mPT0002000078294957RQ[0m  [2m[Cluster 0][0m
2026-07-19 16:17:45 [INFO]      consumiu MENOS que o habitual às 18h
2026-07-19 16:17:45 [INFO]      [2mReal:[0m 7.0 kWh   [2mHabitual:[0m 14.0 ± 1.4 kWh   [2mz:[0m -4.95   [2mdesvio:[0m -50%   [2m(2 obs. fim_semana)[0m
2026-07-19 16:17:45 [INFO] 
2026-07-19 16:17:45 [INFO]   🔴 [91m[1mPT0002000081344542CP[0m  [2m[Cluster 1][0m
2026-07-19 16:17:45 [INFO]      consumiu MAIS que o habitual às 14h
2026-07-19 16:17:45 [INFO]      [2mReal:[0m 6.0 kWh   [2mHabitual:[0m 2.5 ± 0.7 kWh   [2mz:[0m +4.95   [2mdesvio:[0m +140%   [2m(2 obs. fim_semana)[0m
2026-07-19 16:17:45 [INFO] 
2026-07-19 16:17:45 [INFO]   🔵 [94m[1mPT0002000115673471CB[0m  [2m[Cluster 0][0m
2026-07-19 16:17:45 [INFO]      consumiu MENOS que o habitual às 15h
2026-07-19 16:17:45 [INFO]      [2mReal:[0m 11.0 kWh   [2mHabitual:[0m 32.0 ± 4.2 kWh   [2mz:[0m -4.95   [2mdesvio:[0m -66%   [2m(2 obs. fim_semana)[0m
2026-07-19 16:17:45 [INFO] 
2026-07-19 16:17:45 [INFO]   🔵 [94m[1mPT0002000115700602GW[0m  [2m[Cluster 0][0m
2026-07-19 16:17:45 [INFO]      consumiu MENOS que o habitual às 08h
2026-07-19 16:17:45 [INFO]      [2mReal:[0m 9.0 kWh   [2mHabitual:[0m 26.5 ± 3.5 kWh   [2mz:[0m -4.95   [2mdesvio:[0m -66%   [2m(2 obs. fim_semana)[0m
2026-07-19 16:17:45 [INFO] 
2026-07-19 16:17:45 [INFO]   🔵 [94m[1mPT0002000115700602GW[0m  [2m[Cluster 0][0m
2026-07-19 16:17:45 [INFO]      consumiu MENOS que o habitual às 17h
2026-07-19 16:17:45 [INFO]      [2mReal:[0m 8.0 kWh   [2mHabitual:[0m 25.5 ± 3.5 kWh   [2mz:[0m -4.95   [2mdesvio:[0m -69%   [2m(2 obs. fim_semana)[0m
2026-07-19 16:17:45 [INFO] 
2026-07-19 16:17:45 [INFO]   🔵 [94m[1mPT0002000119303492KB[0m  [2m[Cluster 0][0m
2026-07-19 16:17:45 [INFO]      consumiu MENOS que o habitual às 17h
2026-07-19 16:17:45 [INFO]      [2mReal:[0m 4.0 kWh   [2mHabitual:[0m 21.5 ± 3.5 kWh   [2mz:[0m -4.95   [2mdesvio:[0m -81%   [2m(2 obs. fim_semana)[0m
2026-07-19 16:17:45 [INFO] 
2026-07-19 16:17:45 [INFO]   🔵 [94m[1mPT0002000073231742VK[0m  [2m[Cluster 0][0m
2026-07-19 16:17:45 [INFO]      consumiu MENOS que o habitual às 14h
2026-07-19 16:17:45 [INFO]      [2mReal:[0m 12.0 kWh   [2mHabitual:[0m 23.5 ± 2.4 kWh   [2mz:[0m -4.89   [2mdesvio:[0m -49%   [2m(2 obs. fim_semana)[0m
2026-07-19 16:17:45 [INFO] 
2026-07-19 16:17:45 [INFO]   🔵 [94m[1mPT0002000116530964LH[0m  [2m[sem cluster][0m
2026-07-19 16:17:45 [INFO]      consumiu MENOS que o habitual às 09h
2026-07-19 16:17:45 [INFO]      [2mReal:[0m 89.0 kWh   [2mHabitual:[0m 174.0 ± 17.4 kWh   [2mz:[0m -4.89   [2mdesvio:[0m -49%   [2m(2 obs. fim_semana)[0m
2026-07-19 16:17:45 [INFO] 
2026-07-19 16:17:45 [INFO]   🔵 [94m[1mPT0002000116530964LH[0m  [2m[sem cluster][0m
2026-07-19 16:17:45 [INFO]      consumiu MENOS que o habitual às 15h
2026-07-19 16:17:45 [INFO]      [2mReal:[0m 87.0 kWh   [2mHabitual:[0m 170.0 ± 17.0 kWh   [2mz:[0m -4.88   [2mdesvio:[0m -49%   [2m(2 obs. fim_semana)[0m
2026-07-19 16:17:45 [INFO] 
2026-07-19 16:17:45 [INFO]   🔴 [91m[1mPT0002000068859393XH[0m  [2m[Cluster 1][0m
2026-07-19 16:17:45 [INFO]      consumiu MAIS que o habitual às 11h
2026-07-19 16:17:45 [INFO]      [2mReal:[0m 148.0 kWh   [2mHabitual:[0m 99.5 ± 9.9 kWh   [2mz:[0m +4.87   [2mdesvio:[0m +49%   [2m(2 obs. fim_semana)[0m
2026-07-19 16:17:45 [INFO] 
2026-07-19 16:17:45 [INFO]   🔴 [91m[1mPT0002000073720434JD[0m  [2m[sem cluster][0m
2026-07-19 16:17:45 [INFO]      consumiu MAIS que o habitual às 20h
2026-07-19 16:17:45 [INFO]      [2mReal:[0m 90.0 kWh   [2mHabitual:[0m 38.5 ± 10.6 kWh   [2mz:[0m +4.86   [2mdesvio:[0m +134%   [2m(2 obs. fim_semana)[0m
2026-07-19 16:17:45 [INFO] 
2026-07-19 16:17:45 [INFO]   🔵 [94m[1mPT0002000068859382XF[0m  [2m[Cluster 0][0m
2026-07-19 16:17:45 [INFO]      consumiu MENOS que o habitual às 09h
2026-07-19 16:17:45 [INFO]      [2mReal:[0m 39.0 kWh   [2mHabitual:[0m 75.5 ± 7.5 kWh   [2mz:[0m -4.83   [2mdesvio:[0m -48%   [2m(2 obs. fim_semana)[0m
2026-07-19 16:17:45 [INFO] 
2026-07-19 16:17:45 [INFO]   🔵 [94m[1mPT0002000112989585PH[0m  [2m[Cluster 0][0m
2026-07-19 16:17:45 [INFO]      consumiu MENOS que o habitual às 08h
2026-07-19 16:17:45 [INFO]      [2mReal:[0m 12.0 kWh   [2mHabitual:[0m 53.0 ± 8.5 kWh   [2mz:[0m -4.83   [2mdesvio:[0m -77%   [2m(2 obs. fim_semana)[0m
2026-07-19 16:17:45 [INFO] 
2026-07-19 16:17:45 [INFO]   🔵 [94m[1mPT0002000068856826ZG[0m  [2m[sem cluster][0m
2026-07-19 16:17:45 [INFO]      consumiu MENOS que o habitual às 11h
2026-07-19 16:17:45 [INFO]      [2mReal:[0m 184.0 kWh   [2mHabitual:[0m 354.0 ± 35.4 kWh   [2mz:[0m -4.80   [2mdesvio:[0m -48%   [2m(2 obs. fim_semana)[0m
2026-07-19 16:17:45 [INFO] 
2026-07-19 16:17:45 [INFO]   🔵 [94m[1mPT0002000068856974CZ[0m  [2m[sem cluster][0m
2026-07-19 16:17:45 [INFO]      consumiu MENOS que o habitual às 13h
2026-07-19 16:17:45 [INFO]      [2mReal:[0m 10.0 kWh   [2mHabitual:[0m 40.5 ± 6.4 kWh   [2mz:[0m -4.79   [2mdesvio:[0m -75%   [2m(2 obs. fim_semana)[0m
2026-07-19 16:17:45 [INFO] 
2026-07-19 16:17:45 [INFO]   🔵 [94m[1mPT0002000073231742VK[0m  [2m[Cluster 0][0m
2026-07-19 16:17:45 [INFO]      consumiu MENOS que o habitual às 13h
2026-07-19 16:17:45 [INFO]      [2mReal:[0m 12.0 kWh   [2mHabitual:[0m 23.0 ± 2.3 kWh   [2mz:[0m -4.78   [2mdesvio:[0m -48%   [2m(2 obs. fim_semana)[0m
2026-07-19 16:17:45 [INFO] 
2026-07-19 16:17:45 [INFO]   🔵 [94m[1mPT0002000115031201VQ[0m  [2m[Cluster 0][0m
2026-07-19 16:17:45 [INFO]      consumiu MENOS que o habitual às 18h
2026-07-19 16:17:45 [INFO]      [2mReal:[0m 6.0 kWh   [2mHabitual:[0m 11.5 ± 1.1 kWh   [2mz:[0m -4.78   [2mdesvio:[0m -48%   [2m(2 obs. fim_semana)[0m
2026-07-19 16:17:45 [INFO] 
2026-07-19 16:17:45 [INFO]   🔵 [94m[1mPT0002000073231742VK[0m  [2m[Cluster 0][0m
2026-07-19 16:17:45 [INFO]      consumiu MENOS que o habitual às 10h
2026-07-19 16:17:45 [INFO]      [2mReal:[0m 12.0 kWh   [2mHabitual:[0m 39.0 ± 5.7 kWh   [2mz:[0m -4.77   [2mdesvio:[0m -69%   [2m(2 obs. fim_semana)[0m
2026-07-19 16:17:45 [INFO] 
2026-07-19 16:17:45 [INFO]   🔵 [94m[1mPT0002000111572054VT[0m  [2m[sem cluster][0m
2026-07-19 16:17:45 [INFO]      consumiu MENOS que o habitual às 13h
2026-07-19 16:17:45 [INFO]      [2mReal:[0m 0.0 kWh   [2mHabitual:[0m 23.5 ± 5.0 kWh   [2mz:[0m -4.75   [2mdesvio:[0m -100%   [2m(2 obs. fim_semana)[0m
2026-07-19 16:17:45 [INFO] 
2026-07-19 16:17:45 [INFO]   🔴 [91m[1mPT0002000201936109ME[0m  [2m[Cluster 0][0m
2026-07-19 16:17:45 [INFO]      consumiu MAIS que o habitual às 00h
2026-07-19 16:17:45 [INFO]      [2mReal:[0m 136.0 kWh   [2mHabitual:[0m 19.5 ± 24.8 kWh   [2mz:[0m +4.71   [2mdesvio:[0m +597%   [2m(2 obs. fim_semana)[0m
2026-07-19 16:17:45 [INFO] 
2026-07-19 16:17:45 [INFO]   🔵 [94m[1mPT0002000068859597LS[0m  [2m[Cluster 0][0m
2026-07-19 16:17:45 [INFO]      consumiu MENOS que o habitual às 12h
2026-07-19 16:17:45 [INFO]      [2mReal:[0m 34.0 kWh   [2mHabitual:[0m 67.0 ± 7.1 kWh   [2mz:[0m -4.67   [2mdesvio:[0m -49%   [2m(2 obs. fim_semana)[0m
2026-07-19 16:17:45 [INFO] 
2026-07-19 16:17:45 [INFO]   🔵 [94m[1mPT0002000106102375RC[0m  [2m[sem cluster][0m
2026-07-19 16:17:45 [INFO]      consumiu MENOS que o habitual às 09h
2026-07-19 16:17:45 [INFO]      [2mReal:[0m 36.0 kWh   [2mHabitual:[0m 67.5 ± 6.8 kWh   [2mz:[0m -4.67   [2mdesvio:[0m -47%   [2m(2 obs. fim_semana)[0m
2026-07-19 16:17:45 [INFO] 
2026-07-19 16:17:45 [INFO]   🔵 [94m[1mPT0002000106102375RC[0m  [2m[sem cluster][0m
2026-07-19 16:17:45 [INFO]      consumiu MENOS que o habitual às 10h
2026-07-19 16:17:45 [INFO]      [2mReal:[0m 36.0 kWh   [2mHabitual:[0m 67.5 ± 6.8 kWh   [2mz:[0m -4.67   [2mdesvio:[0m -47%   [2m(2 obs. fim_semana)[0m
2026-07-19 16:17:45 [INFO] 
2026-07-19 16:17:45 [INFO]   🔵 [94m[1mPT0002000068859382XF[0m  [2m[Cluster 0][0m
2026-07-19 16:17:45 [INFO]      consumiu MENOS que o habitual às 14h
2026-07-19 16:17:45 [INFO]      [2mReal:[0m 39.0 kWh   [2mHabitual:[0m 73.0 ± 7.3 kWh   [2mz:[0m -4.66   [2mdesvio:[0m -47%   [2m(2 obs. fim_semana)[0m
2026-07-19 16:17:45 [INFO] 
2026-07-19 16:17:45 [INFO]   🔵 [94m[1mPT0002000068856826ZG[0m  [2m[sem cluster][0m
2026-07-19 16:17:45 [INFO]      consumiu MENOS que o habitual às 12h
2026-07-19 16:17:45 [INFO]      [2mReal:[0m 215.0 kWh   [2mHabitual:[0m 399.5 ± 40.0 kWh   [2mz:[0m -4.62   [2mdesvio:[0m -46%   [2m(2 obs. fim_semana)[0m
2026-07-19 16:17:45 [INFO] 
2026-07-19 16:17:45 [INFO]   🔵 [94m[1mPT0002000068856267NC[0m  [2m[sem cluster][0m
2026-07-19 16:17:45 [INFO]      consumiu MENOS que o habitual às 20h
2026-07-19 16:17:45 [INFO]      [2mReal:[0m 24.0 kWh   [2mHabitual:[0m 44.5 ± 4.5 kWh   [2mz:[0m -4.61   [2mdesvio:[0m -46%   [2m(2 obs. fim_semana)[0m
2026-07-19 16:17:45 [INFO] 
2026-07-19 16:17:45 [INFO]   🔵 [94m[1mPT0002000106102375RC[0m  [2m[sem cluster][0m
2026-07-19 16:17:45 [INFO]      consumiu MENOS que o habitual às 11h
2026-07-19 16:17:45 [INFO]      [2mReal:[0m 37.0 kWh   [2mHabitual:[0m 68.5 ± 6.8 kWh   [2mz:[0m -4.60   [2mdesvio:[0m -46%   [2m(2 obs. fim_semana)[0m
2026-07-19 16:17:45 [INFO] 
2026-07-19 16:17:45 [INFO]   🔵 [94m[1mPT0002000101964938LF[0m  [2m[Cluster 0][0m
2026-07-19 16:17:45 [INFO]      consumiu MENOS que o habitual às 07h
2026-07-19 16:17:45 [INFO]      [2mReal:[0m 10.0 kWh   [2mHabitual:[0m 18.5 ± 1.9 kWh   [2mz:[0m -4.59   [2mdesvio:[0m -46%   [2m(2 obs. fim_semana)[0m
2026-07-19 16:17:45 [INFO] 
2026-07-19 16:17:45 [INFO]   🔵 [94m[1mPT0002000112989585PH[0m  [2m[Cluster 0][0m
2026-07-19 16:17:45 [INFO]      consumiu MENOS que o habitual às 19h
2026-07-19 16:17:45 [INFO]      [2mReal:[0m 32.0 kWh   [2mHabitual:[0m 59.0 ± 5.9 kWh   [2mz:[0m -4.58   [2mdesvio:[0m -46%   [2m(2 obs. fim_semana)[0m
2026-07-19 16:17:45 [INFO] 
2026-07-19 16:17:45 [INFO]   🔵 [94m[1mPT0002000068859597LS[0m  [2m[Cluster 0][0m
2026-07-19 16:17:45 [INFO]      consumiu MENOS que o habitual às 13h
2026-07-19 16:17:45 [INFO]      [2mReal:[0m 35.0 kWh   [2mHabitual:[0m 64.5 ± 6.5 kWh   [2mz:[0m -4.57   [2mdesvio:[0m -46%   [2m(2 obs. fim_semana)[0m
2026-07-19 16:17:45 [INFO] 
2026-07-19 16:17:45 [INFO]   🔵 [94m[1mPT0002000116530964LH[0m  [2m[sem cluster][0m
2026-07-19 16:17:45 [INFO]      consumiu MENOS que o habitual às 13h
2026-07-19 16:17:45 [INFO]      [2mReal:[0m 89.0 kWh   [2mHabitual:[0m 164.0 ± 16.4 kWh   [2mz:[0m -4.57   [2mdesvio:[0m -46%   [2m(2 obs. fim_semana)[0m
2026-07-19 16:17:45 [INFO] 
2026-07-19 16:17:45 [INFO]   🔵 [94m[1mPT0002000101964938LF[0m  [2m[Cluster 0][0m
2026-07-19 16:17:45 [INFO]      consumiu MENOS que o habitual às 11h
2026-07-19 16:17:45 [INFO]      [2mReal:[0m 10.0 kWh   [2mHabitual:[0m 45.5 ± 7.8 kWh   [2mz:[0m -4.56   [2mdesvio:[0m -78%   [2m(2 obs. fim_semana)[0m
2026-07-19 16:17:45 [INFO] 
2026-07-19 16:17:45 [INFO]   🔵 [94m[1mPT0002000068859382XF[0m  [2m[Cluster 0][0m
2026-07-19 16:17:45 [INFO]      consumiu MENOS que o habitual às 12h
2026-07-19 16:17:45 [INFO]      [2mReal:[0m 40.0 kWh   [2mHabitual:[0m 73.0 ± 7.3 kWh   [2mz:[0m -4.52   [2mdesvio:[0m -45%   [2m(2 obs. fim_semana)[0m
2026-07-19 16:17:45 [INFO] 
2026-07-19 16:17:45 [INFO]   🔵 [94m[1mPT0002000106102375RC[0m  [2m[sem cluster][0m
2026-07-19 16:17:45 [INFO]      consumiu MENOS que o habitual às 13h
2026-07-19 16:17:45 [INFO]      [2mReal:[0m 39.0 kWh   [2mHabitual:[0m 71.0 ± 7.1 kWh   [2mz:[0m -4.51   [2mdesvio:[0m -45%   [2m(2 obs. fim_semana)[0m
2026-07-19 16:17:45 [INFO] 
2026-07-19 16:17:45 [INFO]   🔵 [94m[1mPT0002000068859382XF[0m  [2m[Cluster 0][0m
2026-07-19 16:17:45 [INFO]      consumiu MENOS que o habitual às 13h
2026-07-19 16:17:45 [INFO]      [2mReal:[0m 38.0 kWh   [2mHabitual:[0m 69.0 ± 6.9 kWh   [2mz:[0m -4.49   [2mdesvio:[0m -45%   [2m(2 obs. fim_semana)[0m
2026-07-19 16:17:45 [INFO] 
2026-07-19 16:17:45 [INFO]   🔵 [94m[1mPT0002000068856267NC[0m  [2m[sem cluster][0m
2026-07-19 16:17:45 [INFO]      consumiu MENOS que o habitual às 12h
2026-07-19 16:17:45 [INFO]      [2mReal:[0m 17.0 kWh   [2mHabitual:[0m 55.0 ± 8.5 kWh   [2mz:[0m -4.48   [2mdesvio:[0m -69%   [2m(2 obs. fim_semana)[0m
2026-07-19 16:17:45 [INFO] 
2026-07-19 16:17:45 [INFO]   🔵 [94m[1mPT0002000073481266XH[0m  [2m[Cluster 0][0m
2026-07-19 16:17:45 [INFO]      consumiu MENOS que o habitual às 18h
2026-07-19 16:17:45 [INFO]      [2mReal:[0m 7.0 kWh   [2mHabitual:[0m 16.5 ± 2.1 kWh   [2mz:[0m -4.48   [2mdesvio:[0m -58%   [2m(2 obs. fim_semana)[0m
2026-07-19 16:17:45 [INFO] 
2026-07-19 16:17:45 [INFO]   🔵 [94m[1mPT0002000106102375RC[0m  [2m[sem cluster][0m
2026-07-19 16:17:45 [INFO]      consumiu MENOS que o habitual às 12h
2026-07-19 16:17:45 [INFO]      [2mReal:[0m 40.0 kWh   [2mHabitual:[0m 72.5 ± 7.2 kWh   [2mz:[0m -4.48   [2mdesvio:[0m -45%   [2m(2 obs. fim_semana)[0m
2026-07-19 16:17:45 [INFO] 
2026-07-19 16:17:45 [INFO]   🔵 [94m[1mPT0002000119303492KB[0m  [2m[Cluster 0][0m
2026-07-19 16:17:45 [INFO]      consumiu MENOS que o habitual às 18h
2026-07-19 16:17:45 [INFO]      [2mReal:[0m 4.0 kWh   [2mHabitual:[0m 13.5 ± 2.1 kWh   [2mz:[0m -4.48   [2mdesvio:[0m -70%   [2m(2 obs. fim_semana)[0m
2026-07-19 16:17:45 [INFO] 
2026-07-19 16:17:45 [INFO]   🔵 [94m[1mPT0002000125379984SH[0m  [2m[Cluster 1][0m
2026-07-19 16:17:45 [INFO]      consumiu MENOS que o habitual às 17h
2026-07-19 16:17:45 [INFO]      [2mReal:[0m 4.0 kWh   [2mHabitual:[0m 13.5 ± 2.1 kWh   [2mz:[0m -4.48   [2mdesvio:[0m -70%   [2m(2 obs. fim_semana)[0m
2026-07-19 16:17:45 [INFO] 
2026-07-19 16:17:45 [INFO]   🔵 [94m[1mPT0002000068856267NC[0m  [2m[sem cluster][0m
2026-07-19 16:17:45 [INFO]      consumiu MENOS que o habitual às 10h
2026-07-19 16:17:45 [INFO]      [2mReal:[0m 17.0 kWh   [2mHabitual:[0m 61.0 ± 9.9 kWh   [2mz:[0m -4.44   [2mdesvio:[0m -72%   [2m(2 obs. fim_semana)[0m
2026-07-19 16:17:45 [INFO] 
2026-07-19 16:17:45 [INFO]   🔵 [94m[1mPT0002000068859382XF[0m  [2m[Cluster 0][0m
2026-07-19 16:17:45 [INFO]      consumiu MENOS que o habitual às 16h
2026-07-19 16:17:45 [INFO]      [2mReal:[0m 40.0 kWh   [2mHabitual:[0m 72.0 ± 7.2 kWh   [2mz:[0m -4.44   [2mdesvio:[0m -44%   [2m(2 obs. fim_semana)[0m
2026-07-19 16:17:45 [INFO] 
2026-07-19 16:17:45 [INFO]   🔵 [94m[1mPT0002000112989585PH[0m  [2m[Cluster 0][0m
2026-07-19 16:17:45 [INFO]      consumiu MENOS que o habitual às 07h
2026-07-19 16:17:45 [INFO]      [2mReal:[0m 29.0 kWh   [2mHabitual:[0m 51.5 ± 5.2 kWh   [2mz:[0m -4.37   [2mdesvio:[0m -44%   [2m(2 obs. fim_semana)[0m
2026-07-19 16:17:45 [INFO] 
2026-07-19 16:17:45 [INFO]   🔵 [94m[1mPT0002000033074862LZ[0m  [2m[Cluster 0][0m
2026-07-19 16:17:45 [INFO]      consumiu MENOS que o habitual às 16h
2026-07-19 16:17:45 [INFO]      [2mReal:[0m 11.0 kWh   [2mHabitual:[0m 19.5 ± 1.9 kWh   [2mz:[0m -4.36   [2mdesvio:[0m -44%   [2m(2 obs. fim_semana)[0m
2026-07-19 16:17:45 [INFO] 
2026-07-19 16:17:45 [INFO]   🔵 [94m[1mPT0002000101964938LF[0m  [2m[Cluster 0][0m
2026-07-19 16:17:45 [INFO]      consumiu MENOS que o habitual às 12h
2026-07-19 16:17:45 [INFO]      [2mReal:[0m 10.0 kWh   [2mHabitual:[0m 47.0 ± 8.5 kWh   [2mz:[0m -4.36   [2mdesvio:[0m -79%   [2m(2 obs. fim_semana)[0m
2026-07-19 16:17:45 [INFO] 
2026-07-19 16:17:45 [INFO]   🔵 [94m[1mPT0002000068855003AK[0m  [2m[sem cluster][0m
2026-07-19 16:17:45 [INFO]      consumiu MENOS que o habitual às 10h
2026-07-19 16:17:45 [INFO]      [2mReal:[0m 13.0 kWh   [2mHabitual:[0m 23.0 ± 2.3 kWh   [2mz:[0m -4.35   [2mdesvio:[0m -43%   [2m(2 obs. fim_semana)[0m
2026-07-19 16:17:45 [INFO] 
2026-07-19 16:17:45 [INFO]   🔵 [94m[1mPT0002000116530964LH[0m  [2m[sem cluster][0m
2026-07-19 16:17:45 [INFO]      consumiu MENOS que o habitual às 17h
2026-07-19 16:17:45 [INFO]      [2mReal:[0m 82.0 kWh   [2mHabitual:[0m 168.0 ± 19.8 kWh   [2mz:[0m -4.34   [2mdesvio:[0m -51%   [2m(2 obs. fim_semana)[0m
2026-07-19 16:17:45 [INFO] 
2026-07-19 16:17:45 [INFO]   🔵 [94m[1mPT0002000078294957RQ[0m  [2m[Cluster 0][0m
2026-07-19 16:17:45 [INFO]      consumiu MENOS que o habitual às 11h
2026-07-19 16:17:45 [INFO]      [2mReal:[0m 8.0 kWh   [2mHabitual:[0m 35.5 ± 6.4 kWh   [2mz:[0m -4.32   [2mdesvio:[0m -77%   [2m(2 obs. fim_semana)[0m
2026-07-19 16:17:45 [INFO] 
2026-07-19 16:17:45 [INFO]   🔵 [94m[1mPT0002000106102375RC[0m  [2m[sem cluster][0m
2026-07-19 16:17:45 [INFO]      consumiu MENOS que o habitual às 14h
2026-07-19 16:17:45 [INFO]      [2mReal:[0m 39.0 kWh   [2mHabitual:[0m 68.5 ± 6.8 kWh   [2mz:[0m -4.31   [2mdesvio:[0m -43%   [2m(2 obs. fim_semana)[0m
2026-07-19 16:17:45 [INFO] 
2026-07-19 16:17:45 [INFO]   🔵 [94m[1mPT0002000068855003AK[0m  [2m[sem cluster][0m
2026-07-19 16:17:45 [INFO]      consumiu MENOS que o habitual às 09h
2026-07-19 16:17:45 [INFO]      [2mReal:[0m 10.0 kWh   [2mHabitual:[0m 17.5 ± 1.8 kWh   [2mz:[0m -4.29   [2mdesvio:[0m -43%   [2m(2 obs. fim_semana)[0m
2026-07-19 16:17:45 [INFO] 
2026-07-19 16:17:45 [INFO]   🔵 [94m[1mPT0002000068856826ZG[0m  [2m[sem cluster][0m
2026-07-19 16:17:45 [INFO]      consumiu MENOS que o habitual às 10h
2026-07-19 16:17:45 [INFO]      [2mReal:[0m 258.0 kWh   [2mHabitual:[0m 451.5 ± 45.1 kWh   [2mz:[0m -4.29   [2mdesvio:[0m -43%   [2m(2 obs. fim_semana)[0m
2026-07-19 16:17:45 [INFO] 
2026-07-19 16:17:45 [INFO]   🔵 [94m[1mPT0002000077394934QY[0m  [2m[Cluster 0][0m
2026-07-19 16:17:45 [INFO]      consumiu MENOS que o habitual às 11h
2026-07-19 16:17:45 [INFO]      [2mReal:[0m 72.0 kWh   [2mHabitual:[0m 126.0 ± 12.6 kWh   [2mz:[0m -4.29   [2mdesvio:[0m -43%   [2m(2 obs. fim_semana)[0m
2026-07-19 16:17:45 [INFO] 
2026-07-19 16:17:45 [INFO]   🔵 [94m[1mPT0002000078294957RQ[0m  [2m[Cluster 0][0m
2026-07-19 16:17:45 [INFO]      consumiu MENOS que o habitual às 07h
2026-07-19 16:17:45 [INFO]      [2mReal:[0m 6.0 kWh   [2mHabitual:[0m 10.5 ± 1.1 kWh   [2mz:[0m -4.29   [2mdesvio:[0m -43%   [2m(2 obs. fim_semana)[0m
2026-07-19 16:17:45 [INFO] 
2026-07-19 16:17:45 [INFO]   🔵 [94m[1mPT0002000106102375RC[0m  [2m[sem cluster][0m
2026-07-19 16:17:45 [INFO]      consumiu MENOS que o habitual às 08h
2026-07-19 16:17:45 [INFO]      [2mReal:[0m 34.0 kWh   [2mHabitual:[0m 59.5 ± 6.0 kWh   [2mz:[0m -4.29   [2mdesvio:[0m -43%   [2m(2 obs. fim_semana)[0m
2026-07-19 16:17:45 [INFO] 
2026-07-19 16:17:45 [INFO]   🔵 [94m[1mPT0002000115700602GW[0m  [2m[Cluster 0][0m
2026-07-19 16:17:45 [INFO]      consumiu MENOS que o habitual às 18h
2026-07-19 16:17:45 [INFO]      [2mReal:[0m 8.0 kWh   [2mHabitual:[0m 14.0 ± 1.4 kWh   [2mz:[0m -4.29   [2mdesvio:[0m -43%   [2m(2 obs. fim_semana)[0m
2026-07-19 16:17:45 [INFO] 
2026-07-19 16:17:45 [INFO]   🔴 [91m[1mPT0002000068859393XH[0m  [2m[Cluster 1][0m
2026-07-19 16:17:45 [INFO]      consumiu MAIS que o habitual às 10h
2026-07-19 16:17:45 [INFO]      [2mReal:[0m 142.0 kWh   [2mHabitual:[0m 99.5 ± 9.9 kWh   [2mz:[0m +4.27   [2mdesvio:[0m +43%   [2m(2 obs. fim_semana)[0m
2026-07-19 16:17:45 [INFO] 
2026-07-19 16:17:45 [INFO]   🔵 [94m[1mPT0002000068855003AK[0m  [2m[sem cluster][0m
2026-07-19 16:17:45 [INFO]      consumiu MENOS que o habitual às 11h
2026-07-19 16:17:45 [INFO]      [2mReal:[0m 17.0 kWh   [2mHabitual:[0m 29.5 ± 3.0 kWh   [2mz:[0m -4.24   [2mdesvio:[0m -42%   [2m(2 obs. fim_semana)[0m
2026-07-19 16:17:45 [INFO] 
2026-07-19 16:17:45 [INFO]   🔵 [94m[1mPT0002000068856267NC[0m  [2m[sem cluster][0m
2026-07-19 16:17:45 [INFO]      consumiu MENOS que o habitual às 13h
2026-07-19 16:17:45 [INFO]      [2mReal:[0m 17.0 kWh   [2mHabitual:[0m 35.0 ± 4.2 kWh   [2mz:[0m -4.24   [2mdesvio:[0m -51%   [2m(2 obs. fim_semana)[0m
2026-07-19 16:17:45 [INFO] 
2026-07-19 16:17:45 [INFO]   🔵 [94m[1mPT0002000068859187RL[0m  [2m[Cluster 0][0m
2026-07-19 16:17:45 [INFO]      consumiu MENOS que o habitual às 08h
2026-07-19 16:17:45 [INFO]      [2mReal:[0m 18.0 kWh   [2mHabitual:[0m 66.0 ± 11.3 kWh   [2mz:[0m -4.24   [2mdesvio:[0m -73%   [2m(2 obs. fim_semana)[0m
2026-07-19 16:17:45 [INFO] 
2026-07-19 16:17:45 [INFO]   🔵 [94m[1mPT0002000073481266XH[0m  [2m[Cluster 0][0m
2026-07-19 16:17:45 [INFO]      consumiu MENOS que o habitual às 08h
2026-07-19 16:17:45 [INFO]      [2mReal:[0m 5.0 kWh   [2mHabitual:[0m 35.0 ± 7.1 kWh   [2mz:[0m -4.24   [2mdesvio:[0m -86%   [2m(2 obs. fim_semana)[0m
2026-07-19 16:17:45 [INFO] 
2026-07-19 16:17:45 [INFO]   🔵 [94m[1mPT0002000068859597LS[0m  [2m[Cluster 0][0m
2026-07-19 16:17:45 [INFO]      consumiu MENOS que o habitual às 16h
2026-07-19 16:17:45 [INFO]      [2mReal:[0m 33.0 kWh   [2mHabitual:[0m 57.0 ± 5.7 kWh   [2mz:[0m -4.21   [2mdesvio:[0m -42%   [2m(2 obs. fim_semana)[0m
2026-07-19 16:17:45 [INFO] 
2026-07-19 16:17:45 [INFO]   🔴 [91m[1mPT0002000116530964LH[0m  [2m[sem cluster][0m
2026-07-19 16:17:45 [INFO]      consumiu MAIS que o habitual às 00h
2026-07-19 16:17:45 [INFO]      [2mReal:[0m 125.0 kWh   [2mHabitual:[0m 88.0 ± 8.8 kWh   [2mz:[0m +4.20   [2mdesvio:[0m +42%   [2m(2 obs. fim_semana)[0m
2026-07-19 16:17:45 [INFO] 
2026-07-19 16:17:45 [INFO]   🔵 [94m[1mPT0002000068855003AK[0m  [2m[sem cluster][0m
2026-07-19 16:17:45 [INFO]      consumiu MENOS que o habitual às 08h
2026-07-19 16:17:45 [INFO]      [2mReal:[0m 9.0 kWh   [2mHabitual:[0m 15.5 ± 1.6 kWh   [2mz:[0m -4.19   [2mdesvio:[0m -42%   [2m(2 obs. fim_semana)[0m
2026-07-19 16:17:45 [INFO] 
2026-07-19 16:17:45 [INFO]   🔵 [94m[1mPT0002000115673471CB[0m  [2m[Cluster 0][0m
2026-07-19 16:17:45 [INFO]      consumiu MENOS que o habitual às 14h
2026-07-19 16:17:45 [INFO]      [2mReal:[0m 11.0 kWh   [2mHabitual:[0m 37.5 ± 6.4 kWh   [2mz:[0m -4.16   [2mdesvio:[0m -71%   [2m(2 obs. fim_semana)[0m
2026-07-19 16:17:45 [INFO] 
2026-07-19 16:17:45 [INFO]   🔵 [94m[1mPT0002000073231742VK[0m  [2m[Cluster 0][0m
2026-07-19 16:17:45 [INFO]      consumiu MENOS que o habitual às 15h
2026-07-19 16:17:45 [INFO]      [2mReal:[0m 12.0 kWh   [2mHabitual:[0m 20.5 ± 2.0 kWh   [2mz:[0m -4.15   [2mdesvio:[0m -41%   [2m(2 obs. fim_semana)[0m
2026-07-19 16:17:45 [INFO] 
2026-07-19 16:17:45 [INFO]   🔵 [94m[1mPT0002000073231742VK[0m  [2m[Cluster 0][0m
2026-07-19 16:17:45 [INFO]      consumiu MENOS que o habitual às 16h
2026-07-19 16:17:45 [INFO]      [2mReal:[0m 12.0 kWh   [2mHabitual:[0m 20.5 ± 2.0 kWh   [2mz:[0m -4.15   [2mdesvio:[0m -41%   [2m(2 obs. fim_semana)[0m
2026-07-19 16:17:45 [INFO] 
2026-07-19 16:17:45 [INFO]   🔵 [94m[1mPT0002000073231742VK[0m  [2m[Cluster 0][0m
2026-07-19 16:17:45 [INFO]      consumiu MENOS que o habitual às 11h
2026-07-19 16:17:45 [INFO]      [2mReal:[0m 12.0 kWh   [2mHabitual:[0m 32.5 ± 5.0 kWh   [2mz:[0m -4.14   [2mdesvio:[0m -63%   [2m(2 obs. fim_semana)[0m
2026-07-19 16:17:45 [INFO] 
2026-07-19 16:17:45 [INFO]   🔵 [94m[1mPT0002000112989585PH[0m  [2m[Cluster 0][0m
2026-07-19 16:17:45 [INFO]      consumiu MENOS que o habitual às 18h
2026-07-19 16:17:45 [INFO]      [2mReal:[0m 10.0 kWh   [2mHabitual:[0m 39.0 ± 7.1 kWh   [2mz:[0m -4.10   [2mdesvio:[0m -74%   [2m(2 obs. fim_semana)[0m
2026-07-19 16:17:45 [INFO] 
2026-07-19 16:17:45 [INFO]   🔵 [94m[1mPT0002000101964938LF[0m  [2m[Cluster 0][0m
2026-07-19 16:17:45 [INFO]      consumiu MENOS que o habitual às 09h
2026-07-19 16:17:45 [INFO]      [2mReal:[0m 10.0 kWh   [2mHabitual:[0m 33.0 ± 5.7 kWh   [2mz:[0m -4.07   [2mdesvio:[0m -70%   [2m(2 obs. fim_semana)[0m
2026-07-19 16:17:45 [INFO] 
2026-07-19 16:17:45 [INFO]   🔵 [94m[1mPT0002000111572054VT[0m  [2m[sem cluster][0m
2026-07-19 16:17:45 [INFO]      consumiu MENOS que o habitual às 15h
2026-07-19 16:17:45 [INFO]      [2mReal:[0m 0.0 kWh   [2mHabitual:[0m 31.5 ± 7.8 kWh   [2mz:[0m -4.05   [2mdesvio:[0m -100%   [2m(2 obs. fim_semana)[0m
2026-07-19 16:17:45 [INFO] 
2026-07-19 16:17:45 [INFO]   🔵 [94m[1mPT0002000073231742VK[0m  [2m[Cluster 0][0m
2026-07-19 16:17:45 [INFO]      consumiu MENOS que o habitual às 17h
2026-07-19 16:17:45 [INFO]      [2mReal:[0m 12.0 kWh   [2mHabitual:[0m 20.5 ± 2.1 kWh   [2mz:[0m -4.01   [2mdesvio:[0m -41%   [2m(2 obs. fim_semana)[0m
2026-07-19 16:17:45 [INFO] 
2026-07-19 16:17:45 [INFO]   🔵 [94m[1mPT0002000068857099AR[0m  [2m[Cluster 1][0m
2026-07-19 16:17:45 [INFO]      consumiu MENOS que o habitual às 02h
2026-07-19 16:17:45 [INFO]      [2mReal:[0m 3.0 kWh   [2mHabitual:[0m 5.0 ± 0.5 kWh   [2mz:[0m -4.00   [2mdesvio:[0m -40%   [2m(2 obs. fim_semana)[0m
2026-07-19 16:17:45 [INFO] 
2026-07-19 16:17:45 [INFO]   🔵 [94m[1mPT0002000068859597LS[0m  [2m[Cluster 0][0m
2026-07-19 16:17:45 [INFO]      consumiu MENOS que o habitual às 08h
2026-07-19 16:17:45 [INFO]      [2mReal:[0m 30.0 kWh   [2mHabitual:[0m 50.0 ± 5.0 kWh   [2mz:[0m -4.00   [2mdesvio:[0m -40%   [2m(2 obs. fim_semana)[0m
2026-07-19 16:17:45 [INFO] 
2026-07-19 16:17:45 [INFO]   🔴 [91m[1mPT0002000078294957RQ[0m  [2m[Cluster 0][0m
2026-07-19 16:17:45 [INFO]      consumiu MAIS que o habitual às 05h
2026-07-19 16:17:45 [INFO]      [2mReal:[0m 7.0 kWh   [2mHabitual:[0m 5.0 ± 0.5 kWh   [2mz:[0m +4.00   [2mdesvio:[0m +40%   [2m(2 obs. fim_semana)[0m
2026-07-19 16:17:45 [INFO] 
2026-07-19 16:17:45 [INFO]   🔴 [91m[1mPT0002000078294957RQ[0m  [2m[Cluster 0][0m
2026-07-19 16:17:45 [INFO]      consumiu MAIS que o habitual às 06h
2026-07-19 16:17:45 [INFO]      [2mReal:[0m 7.0 kWh   [2mHabitual:[0m 5.0 ± 0.5 kWh   [2mz:[0m +4.00   [2mdesvio:[0m +40%   [2m(2 obs. fim_semana)[0m
2026-07-19 16:17:45 [INFO] 
2026-07-19 16:17:45 [INFO]   🔵 [94m[1mPT0002000115031201VQ[0m  [2m[Cluster 0][0m
2026-07-19 16:17:45 [INFO]      consumiu MENOS que o habitual às 01h
2026-07-19 16:17:45 [INFO]      [2mReal:[0m 3.0 kWh   [2mHabitual:[0m 5.0 ± 0.5 kWh   [2mz:[0m -4.00   [2mdesvio:[0m -40%   [2m(2 obs. fim_semana)[0m
2026-07-19 16:17:45 [INFO] 
2026-07-19 16:17:45 [INFO]   🔵 [94m[1mPT0002000115031201VQ[0m  [2m[Cluster 0][0m
2026-07-19 16:17:45 [INFO]      consumiu MENOS que o habitual às 06h
2026-07-19 16:17:45 [INFO]      [2mReal:[0m 3.0 kWh   [2mHabitual:[0m 5.0 ± 0.5 kWh   [2mz:[0m -4.00   [2mdesvio:[0m -40%   [2m(2 obs. fim_semana)[0m
2026-07-19 16:17:45 [INFO] 
2026-07-19 16:17:45 [INFO]   🔵 [94m[1mPT0002000077394934QY[0m  [2m[Cluster 0][0m
2026-07-19 16:17:45 [INFO]      consumiu MENOS que o habitual às 15h
2026-07-19 16:17:45 [INFO]      [2mReal:[0m 73.0 kWh   [2mHabitual:[0m 121.5 ± 12.2 kWh   [2mz:[0m -3.99   [2mdesvio:[0m -40%   [2m(2 obs. fim_semana)[0m
2026-07-19 16:17:45 [INFO] 
2026-07-19 16:17:45 [INFO]   🔴 [91m[1mPT0002000077348081AG[0m  [2m[sem cluster][0m
2026-07-19 16:17:45 [INFO]      consumiu MAIS que o habitual às 08h
2026-07-19 16:17:45 [INFO]      [2mReal:[0m 135.0 kWh   [2mHabitual:[0m 81.5 ± 13.4 kWh   [2mz:[0m +3.98   [2mdesvio:[0m +66%   [2m(2 obs. fim_semana)[0m
2026-07-19 16:17:45 [INFO] 
2026-07-19 16:17:45 [INFO]   🔵 [94m[1mPT0002000033074862LZ[0m  [2m[Cluster 0][0m
2026-07-19 16:17:45 [INFO]      consumiu MENOS que o habitual às 09h
2026-07-19 16:17:45 [INFO]      [2mReal:[0m 11.0 kWh   [2mHabitual:[0m 50.0 ± 9.9 kWh   [2mz:[0m -3.94   [2mdesvio:[0m -78%   [2m(2 obs. fim_semana)[0m
2026-07-19 16:17:45 [INFO] 
2026-07-19 16:17:45 [INFO]   🔴 [91m[1mPT0002000068859325FL[0m  [2m[Cluster 1][0m
2026-07-19 16:17:45 [INFO]      consumiu MAIS que o habitual às 06h
2026-07-19 16:17:45 [INFO]      [2mReal:[0m 140.0 kWh   [2mHabitual:[0m 62.0 ± 19.8 kWh   [2mz:[0m +3.94   [2mdesvio:[0m +126%   [2m(2 obs. fim_semana)[0m
2026-07-19 16:17:45 [INFO] 
2026-07-19 16:17:45 [INFO]   🔵 [94m[1mPT0002000106102375RC[0m  [2m[sem cluster][0m
2026-07-19 16:17:45 [INFO]      consumiu MENOS que o habitual às 15h
2026-07-19 16:17:45 [INFO]      [2mReal:[0m 39.0 kWh   [2mHabitual:[0m 64.0 ± 6.4 kWh   [2mz:[0m -3.91   [2mdesvio:[0m -39%   [2m(2 obs. fim_semana)[0m
2026-07-19 16:17:45 [INFO] 
2026-07-19 16:17:45 [INFO]   🔵 [94m[1mPT0002000115673389QK[0m  [2m[Cluster 0][0m
2026-07-19 16:17:45 [INFO]      consumiu MENOS que o habitual às 09h
2026-07-19 16:17:45 [INFO]      [2mReal:[0m 23.0 kWh   [2mHabitual:[0m 64.5 ± 10.6 kWh   [2mz:[0m -3.91   [2mdesvio:[0m -64%   [2m(2 obs. fim_semana)[0m
2026-07-19 16:17:45 [INFO] 
2026-07-19 16:17:45 [INFO]   🔵 [94m[1mPT0002000115673389QK[0m  [2m[Cluster 0][0m
2026-07-19 16:17:45 [INFO]      consumiu MENOS que o habitual às 14h
2026-07-19 16:17:45 [INFO]      [2mReal:[0m 21.0 kWh   [2mHabitual:[0m 73.5 ± 13.4 kWh   [2mz:[0m -3.91   [2mdesvio:[0m -71%   [2m(2 obs. fim_semana)[0m
2026-07-19 16:17:45 [INFO] 
2026-07-19 16:17:45 [INFO]   🔵 [94m[1mPT0002000068859597LS[0m  [2m[Cluster 0][0m
2026-07-19 16:17:45 [INFO]      consumiu MENOS que o habitual às 09h
2026-07-19 16:17:45 [INFO]      [2mReal:[0m 31.0 kWh   [2mHabitual:[0m 64.0 ± 8.5 kWh   [2mz:[0m -3.89   [2mdesvio:[0m -52%   [2m(2 obs. fim_semana)[0m
2026-07-19 16:17:45 [INFO] 
2026-07-19 16:17:45 [INFO]   🔵 [94m[1mPT0002000101964938LF[0m  [2m[Cluster 0][0m
2026-07-19 16:17:45 [INFO]      consumiu MENOS que o habitual às 18h
2026-07-19 16:17:45 [INFO]      [2mReal:[0m 11.0 kWh   [2mHabitual:[0m 44.0 ± 8.5 kWh   [2mz:[0m -3.89   [2mdesvio:[0m -75%   [2m(2 obs. fim_semana)[0m
2026-07-19 16:17:45 [INFO] 
2026-07-19 16:17:45 [INFO]   🔵 [94m[1mPT0002000120237616VJ[0m  [2m[Cluster 0][0m
2026-07-19 16:17:45 [INFO]      consumiu MENOS que o habitual às 19h
2026-07-19 16:17:45 [INFO]      [2mReal:[0m 11.0 kWh   [2mHabitual:[0m 18.0 ± 1.8 kWh   [2mz:[0m -3.89   [2mdesvio:[0m -39%   [2m(2 obs. fim_semana)[0m
2026-07-19 16:17:45 [INFO] 
2026-07-19 16:17:45 [INFO]   🔵 [94m[1mPT0002000068859187RL[0m  [2m[Cluster 0][0m
2026-07-19 16:17:45 [INFO]      consumiu MENOS que o habitual às 07h
2026-07-19 16:17:45 [INFO]      [2mReal:[0m 16.0 kWh   [2mHabitual:[0m 26.0 ± 2.6 kWh   [2mz:[0m -3.85   [2mdesvio:[0m -38%   [2m(2 obs. fim_semana)[0m
2026-07-19 16:17:45 [INFO] 
2026-07-19 16:17:45 [INFO]   🔵 [94m[1mPT0002000068859187RL[0m  [2m[Cluster 0][0m
2026-07-19 16:17:45 [INFO]      consumiu MENOS que o habitual às 13h
2026-07-19 16:17:45 [INFO]      [2mReal:[0m 20.0 kWh   [2mHabitual:[0m 74.0 ± 14.1 kWh   [2mz:[0m -3.82   [2mdesvio:[0m -73%   [2m(2 obs. fim_semana)[0m
2026-07-19 16:17:45 [INFO] 
2026-07-19 16:17:45 [INFO]   🔵 [94m[1mPT0002000114613364CC[0m  [2m[sem cluster][0m
2026-07-19 16:17:45 [INFO]      consumiu MENOS que o habitual às 15h
2026-07-19 16:17:45 [INFO]      [2mReal:[0m 119.0 kWh   [2mHabitual:[0m 192.5 ± 19.2 kWh   [2mz:[0m -3.82   [2mdesvio:[0m -38%   [2m(2 obs. fim_semana)[0m
2026-07-19 16:17:45 [INFO] 
2026-07-19 16:17:45 [INFO]   🔵 [94m[1mPT0002000115031201VQ[0m  [2m[Cluster 0][0m
2026-07-19 16:17:45 [INFO]      consumiu MENOS que o habitual às 17h
2026-07-19 16:17:45 [INFO]      [2mReal:[0m 3.0 kWh   [2mHabitual:[0m 16.5 ± 3.5 kWh   [2mz:[0m -3.82   [2mdesvio:[0m -82%   [2m(2 obs. fim_semana)[0m
2026-07-19 16:17:45 [INFO] 
2026-07-19 16:17:45 [INFO]   🔵 [94m[1mPT0002000106102375RC[0m  [2m[sem cluster][0m
2026-07-19 16:17:45 [INFO]      consumiu MENOS que o habitual às 16h
2026-07-19 16:17:45 [INFO]      [2mReal:[0m 39.0 kWh   [2mHabitual:[0m 63.0 ± 6.3 kWh   [2mz:[0m -3.81   [2mdesvio:[0m -38%   [2m(2 obs. fim_semana)[0m
2026-07-19 16:17:45 [INFO] 
2026-07-19 16:17:45 [INFO]   🔵 [94m[1mPT0002000116530964LH[0m  [2m[sem cluster][0m
2026-07-19 16:17:45 [INFO]      consumiu MENOS que o habitual às 08h
2026-07-19 16:17:45 [INFO]      [2mReal:[0m 91.0 kWh   [2mHabitual:[0m 147.0 ± 14.7 kWh   [2mz:[0m -3.81   [2mdesvio:[0m -38%   [2m(2 obs. fim_semana)[0m
2026-07-19 16:17:45 [INFO] 
2026-07-19 16:17:45 [INFO]   🔵 [94m[1mPT0002000116530964LH[0m  [2m[sem cluster][0m
2026-07-19 16:17:45 [INFO]      consumiu MENOS que o habitual às 18h
2026-07-19 16:17:45 [INFO]      [2mReal:[0m 81.0 kWh   [2mHabitual:[0m 166.0 ± 22.6 kWh   [2mz:[0m -3.76   [2mdesvio:[0m -51%   [2m(2 obs. fim_semana)[0m
2026-07-19 16:17:45 [INFO] 
2026-07-19 16:17:45 [INFO]   🔴 [91m[1mPT0002000068856974CZ[0m  [2m[sem cluster][0m
2026-07-19 16:17:45 [INFO]      consumiu MAIS que o habitual às 23h
2026-07-19 16:17:45 [INFO]      [2mReal:[0m 14.0 kWh   [2mHabitual:[0m 9.7 ± 1.1 kWh   [2mz:[0m +3.75   [2mdesvio:[0m +45%   [2m(3 obs. fim_semana)[0m
2026-07-19 16:17:45 [INFO] 
2026-07-19 16:17:45 [INFO]   🔵 [94m[1mPT0002000068855003AK[0m  [2m[sem cluster][0m
2026-07-19 16:17:45 [INFO]      consumiu MENOS que o habitual às 15h
2026-07-19 16:17:45 [INFO]      [2mReal:[0m 26.0 kWh   [2mHabitual:[0m 44.5 ± 5.0 kWh   [2mz:[0m -3.74   [2mdesvio:[0m -42%   [2m(2 obs. fim_semana)[0m
2026-07-19 16:17:45 [INFO] 
2026-07-19 16:17:45 [INFO]   🔵 [94m[1mPT0002000114613364CC[0m  [2m[sem cluster][0m
2026-07-19 16:17:45 [INFO]      consumiu MENOS que o habitual às 14h
2026-07-19 16:17:45 [INFO]      [2mReal:[0m 118.0 kWh   [2mHabitual:[0m 188.5 ± 18.9 kWh   [2mz:[0m -3.74   [2mdesvio:[0m -37%   [2m(2 obs. fim_semana)[0m
2026-07-19 16:17:45 [INFO] 
2026-07-19 16:17:45 [INFO]   🔵 [94m[1mPT0002000114685657JR[0m  [2m[Cluster 0][0m
2026-07-19 16:17:45 [INFO]      consumiu MENOS que o habitual às 16h
2026-07-19 16:17:45 [INFO]      [2mReal:[0m 160.0 kWh   [2mHabitual:[0m 257.5 ± 26.2 kWh   [2mz:[0m -3.73   [2mdesvio:[0m -38%   [2m(2 obs. fim_semana)[0m
2026-07-19 16:17:45 [INFO] 
2026-07-19 16:17:45 [INFO]   🔵 [94m[1mPT0002000201038711LS[0m  [2m[sem cluster][0m
2026-07-19 16:17:45 [INFO]      consumiu MENOS que o habitual às 21h
2026-07-19 16:17:45 [INFO]      [2mReal:[0m 12.0 kWh   [2mHabitual:[0m 62.0 ± 13.4 kWh   [2mz:[0m -3.72   [2mdesvio:[0m -81%   [2m(3 obs. fim_semana)[0m
2026-07-19 16:17:45 [INFO] 
2026-07-19 16:17:45 [INFO]   🔴 [91m[1mPT0002000077348081AG[0m  [2m[sem cluster][0m
2026-07-19 16:17:45 [INFO]      consumiu MAIS que o habitual às 07h
2026-07-19 16:17:45 [INFO]      [2mReal:[0m 48.0 kWh   [2mHabitual:[0m 27.0 ± 5.7 kWh   [2mz:[0m +3.71   [2mdesvio:[0m +78%   [2m(2 obs. fim_semana)[0m
2026-07-19 16:17:45 [INFO] 
2026-07-19 16:17:45 [INFO]   🔵 [94m[1mPT0002000073231742VK[0m  [2m[Cluster 0][0m
2026-07-19 16:17:45 [INFO]      consumiu MENOS que o habitual às 12h
2026-07-19 16:17:45 [INFO]      [2mReal:[0m 12.0 kWh   [2mHabitual:[0m 35.5 ± 6.4 kWh   [2mz:[0m -3.69   [2mdesvio:[0m -66%   [2m(2 obs. fim_semana)[0m
2026-07-19 16:17:45 [INFO] 
2026-07-19 16:17:45 [INFO]   🔵 [94m[1mPT0002000077394934QY[0m  [2m[Cluster 0][0m
2026-07-19 16:17:45 [INFO]      consumiu MENOS que o habitual às 08h
2026-07-19 16:17:45 [INFO]      [2mReal:[0m 43.0 kWh   [2mHabitual:[0m 68.0 ± 6.8 kWh   [2mz:[0m -3.68   [2mdesvio:[0m -37%   [2m(2 obs. fim_semana)[0m
2026-07-19 16:17:45 [INFO] 
2026-07-19 16:17:45 [INFO]   🔵 [94m[1mPT0002000078294957RQ[0m  [2m[Cluster 0][0m
2026-07-19 16:17:45 [INFO]      consumiu MENOS que o habitual às 10h
2026-07-19 16:17:45 [INFO]      [2mReal:[0m 8.0 kWh   [2mHabitual:[0m 34.0 ± 7.1 kWh   [2mz:[0m -3.68   [2mdesvio:[0m -76%   [2m(2 obs. fim_semana)[0m
2026-07-19 16:17:45 [INFO] 
2026-07-19 16:17:45 [INFO]   🔵 [94m[1mPT0002000078294957RQ[0m  [2m[Cluster 0][0m
2026-07-19 16:17:45 [INFO]      consumiu MENOS que o habitual às 13h
2026-07-19 16:17:45 [INFO]      [2mReal:[0m 7.0 kWh   [2mHabitual:[0m 33.0 ± 7.1 kWh   [2mz:[0m -3.68   [2mdesvio:[0m -79%   [2m(2 obs. fim_semana)[0m
2026-07-19 16:17:45 [INFO] 
2026-07-19 16:17:45 [INFO]   🔵 [94m[1mPT0002000106102375RC[0m  [2m[sem cluster][0m
2026-07-19 16:17:45 [INFO]      consumiu MENOS que o habitual às 17h
2026-07-19 16:17:45 [INFO]      [2mReal:[0m 39.0 kWh   [2mHabitual:[0m 61.0 ± 6.1 kWh   [2mz:[0m -3.61   [2mdesvio:[0m -36%   [2m(2 obs. fim_semana)[0m
2026-07-19 16:17:45 [INFO] 
2026-07-19 16:17:45 [INFO]   🔴 [91m[1mPT0002000068859325FL[0m  [2m[Cluster 1][0m
2026-07-19 16:17:45 [INFO]      consumiu MAIS que o habitual às 14h
2026-07-19 16:17:45 [INFO]      [2mReal:[0m 304.0 kWh   [2mHabitual:[0m 224.0 ± 22.4 kWh   [2mz:[0m +3.57   [2mdesvio:[0m +36%   [2m(2 obs. fim_semana)[0m
2026-07-19 16:17:45 [INFO] 
2026-07-19 16:17:45 [INFO]   🔵 [94m[1mPT0002000114685657JR[0m  [2m[Cluster 0][0m
2026-07-19 16:17:45 [INFO]      consumiu MENOS que o habitual às 14h
2026-07-19 16:17:45 [INFO]      [2mReal:[0m 163.0 kWh   [2mHabitual:[0m 253.5 ± 25.4 kWh   [2mz:[0m -3.57   [2mdesvio:[0m -36%   [2m(2 obs. fim_semana)[0m
2026-07-19 16:17:45 [INFO] 
2026-07-19 16:17:45 [INFO]   🔵 [94m[1mPT0002000068856655YV[0m  [2m[Cluster 0][0m
2026-07-19 16:17:45 [INFO]      consumiu MENOS que o habitual às 10h
2026-07-19 16:17:45 [INFO]      [2mReal:[0m 3.0 kWh   [2mHabitual:[0m 13.0 ± 2.8 kWh   [2mz:[0m -3.54   [2mdesvio:[0m -77%   [2m(2 obs. fim_semana)[0m
2026-07-19 16:17:45 [INFO] 
2026-07-19 16:17:45 [INFO]   🔵 [94m[1mPT0002000068856655YV[0m  [2m[Cluster 0][0m
2026-07-19 16:17:45 [INFO]      consumiu MENOS que o habitual às 18h
2026-07-19 16:17:45 [INFO]      [2mReal:[0m 4.0 kWh   [2mHabitual:[0m 6.5 ± 0.7 kWh   [2mz:[0m -3.54   [2mdesvio:[0m -38%   [2m(2 obs. fim_semana)[0m
2026-07-19 16:17:45 [INFO] 
2026-07-19 16:17:45 [INFO]   🔵 [94m[1mPT0002000068857099AR[0m  [2m[Cluster 1][0m
2026-07-19 16:17:45 [INFO]      consumiu MENOS que o habitual às 06h
2026-07-19 16:17:45 [INFO]      [2mReal:[0m 2.0 kWh   [2mHabitual:[0m 4.5 ± 0.7 kWh   [2mz:[0m -3.54   [2mdesvio:[0m -56%   [2m(2 obs. fim_semana)[0m
2026-07-19 16:17:45 [INFO] 
2026-07-19 16:17:45 [INFO]   🔵 [94m[1mPT0002000068857897ZV[0m  [2m[Cluster 0][0m
2026-07-19 16:17:45 [INFO]      consumiu MENOS que o habitual às 13h
2026-07-19 16:17:45 [INFO]      [2mReal:[0m 25.0 kWh   [2mHabitual:[0m 50.0 ± 7.1 kWh   [2mz:[0m -3.54   [2mdesvio:[0m -50%   [2m(2 obs. fim_semana)[0m
2026-07-19 16:17:45 [INFO] 
2026-07-19 16:17:45 [INFO]   🔴 [91m[1mPT0002000068859325FL[0m  [2m[Cluster 1][0m
2026-07-19 16:17:45 [INFO]      consumiu MAIS que o habitual às 05h
2026-07-19 16:17:45 [INFO]      [2mReal:[0m 112.0 kWh   [2mHabitual:[0m 72.0 ± 11.3 kWh   [2mz:[0m +3.54   [2mdesvio:[0m +56%   [2m(2 obs. fim_semana)[0m
2026-07-19 16:17:45 [INFO] 
2026-07-19 16:17:45 [INFO]   🔵 [94m[1mPT0002000071896778MT[0m  [2m[Cluster 0][0m
2026-07-19 16:17:45 [INFO]      consumiu MENOS que o habitual às 16h
2026-07-19 16:17:45 [INFO]      [2mReal:[0m 4.0 kWh   [2mHabitual:[0m 9.0 ± 1.4 kWh   [2mz:[0m -3.54   [2mdesvio:[0m -56%   [2m(2 obs. fim_semana)[0m
2026-07-19 16:17:45 [INFO] 
2026-07-19 16:17:45 [INFO]   🔵 [94m[1mPT0002000071896778MT[0m  [2m[Cluster 0][0m
2026-07-19 16:17:45 [INFO]      consumiu MENOS que o habitual às 18h
2026-07-19 16:17:45 [INFO]      [2mReal:[0m 4.0 kWh   [2mHabitual:[0m 6.5 ± 0.7 kWh   [2mz:[0m -3.54   [2mdesvio:[0m -38%   [2m(2 obs. fim_semana)[0m
2026-07-19 16:17:45 [INFO] 
2026-07-19 16:17:45 [INFO]   🔴 [91m[1mPT0002000078294957RQ[0m  [2m[Cluster 0][0m
2026-07-19 16:17:45 [INFO]      consumiu MAIS que o habitual às 19h
2026-07-19 16:17:45 [INFO]      [2mReal:[0m 8.0 kWh   [2mHabitual:[0m 5.5 ± 0.7 kWh   [2mz:[0m +3.54   [2mdesvio:[0m +45%   [2m(2 obs. fim_semana)[0m
2026-07-19 16:17:45 [INFO] 
2026-07-19 16:17:45 [INFO]   🔵 [94m[1mPT0002000081344542CP[0m  [2m[Cluster 1][0m
2026-07-19 16:17:45 [INFO]      consumiu MENOS que o habitual às 01h
2026-07-19 16:17:45 [INFO]      [2mReal:[0m 2.0 kWh   [2mHabitual:[0m 4.5 ± 0.7 kWh   [2mz:[0m -3.54   [2mdesvio:[0m -56%   [2m(2 obs. fim_semana)[0m
2026-07-19 16:17:45 [INFO] 
2026-07-19 16:17:45 [INFO]   🔵 [94m[1mPT0002000081344542CP[0m  [2m[Cluster 1][0m
2026-07-19 16:17:45 [INFO]      consumiu MENOS que o habitual às 13h
2026-07-19 16:17:45 [INFO]      [2mReal:[0m 2.0 kWh   [2mHabitual:[0m 4.5 ± 0.7 kWh   [2mz:[0m -3.54   [2mdesvio:[0m -56%   [2m(2 obs. fim_semana)[0m
2026-07-19 16:17:45 [INFO] 
2026-07-19 16:17:45 [INFO]   🔵 [94m[1mPT0002000109837807PE[0m  [2m[Cluster 1][0m
2026-07-19 16:17:45 [INFO]      consumiu MENOS que o habitual às 20h
2026-07-19 16:17:45 [INFO]      [2mReal:[0m 7.0 kWh   [2mHabitual:[0m 22.0 ± 4.2 kWh   [2mz:[0m -3.54   [2mdesvio:[0m -68%   [2m(2 obs. fim_semana)[0m
2026-07-19 16:17:45 [INFO] 
2026-07-19 16:17:45 [INFO]   🔵 [94m[1mPT0002000110607652SB[0m  [2m[Cluster 0][0m
2026-07-19 16:17:45 [INFO]      consumiu MENOS que o habitual às 07h
2026-07-19 16:17:45 [INFO]      [2mReal:[0m 8.0 kWh   [2mHabitual:[0m 18.0 ± 2.8 kWh   [2mz:[0m -3.54   [2mdesvio:[0m -56%   [2m(2 obs. fim_semana)[0m
2026-07-19 16:17:45 [INFO] 
2026-07-19 16:17:45 [INFO]   🔵 [94m[1mPT0002000110607652SB[0m  [2m[Cluster 0][0m
2026-07-19 16:17:45 [INFO]      consumiu MENOS que o habitual às 09h
2026-07-19 16:17:45 [INFO]      [2mReal:[0m 28.0 kWh   [2mHabitual:[0m 48.0 ± 5.7 kWh   [2mz:[0m -3.54   [2mdesvio:[0m -42%   [2m(2 obs. fim_semana)[0m
2026-07-19 16:17:45 [INFO] 
2026-07-19 16:17:45 [INFO]   🔵 [94m[1mPT0002000112989585PH[0m  [2m[Cluster 0][0m
2026-07-19 16:17:45 [INFO]      consumiu MENOS que o habitual às 11h
2026-07-19 16:17:45 [INFO]      [2mReal:[0m 0.0 kWh   [2mHabitual:[0m 2.5 ± 0.7 kWh   [2mz:[0m -3.54   [2mdesvio:[0m -100%   [2m(2 obs. fim_semana)[0m
2026-07-19 16:17:45 [INFO] 
2026-07-19 16:17:45 [INFO]   🔵 [94m[1mPT0002000120237616VJ[0m  [2m[Cluster 0][0m
2026-07-19 16:17:45 [INFO]      consumiu MENOS que o habitual às 15h
2026-07-19 16:17:45 [INFO]      [2mReal:[0m 11.0 kWh   [2mHabitual:[0m 41.0 ± 8.5 kWh   [2mz:[0m -3.54   [2mdesvio:[0m -73%   [2m(2 obs. fim_semana)[0m
2026-07-19 16:17:45 [INFO] 
2026-07-19 16:17:45 [INFO]   🔵 [94m[1mPT0002000123648159KR[0m  [2m[Cluster 0][0m
2026-07-19 16:17:45 [INFO]      consumiu MENOS que o habitual às 16h
2026-07-19 16:17:45 [INFO]      [2mReal:[0m 7.0 kWh   [2mHabitual:[0m 12.0 ± 1.4 kWh   [2mz:[0m -3.54   [2mdesvio:[0m -42%   [2m(2 obs. fim_semana)[0m
2026-07-19 16:17:45 [INFO] 
2026-07-19 16:17:45 [INFO]   🔵 [94m[1mPT0002000115673471CB[0m  [2m[Cluster 0][0m
2026-07-19 16:17:45 [INFO]      consumiu MENOS que o habitual às 03h
2026-07-19 16:17:45 [INFO]      [2mReal:[0m 11.0 kWh   [2mHabitual:[0m 17.0 ± 1.7 kWh   [2mz:[0m -3.53   [2mdesvio:[0m -35%   [2m(2 obs. fim_semana)[0m
2026-07-19 16:17:45 [INFO] 
2026-07-19 16:17:45 [INFO]   🔵 [94m[1mPT0002000114613364CC[0m  [2m[sem cluster][0m
2026-07-19 16:17:45 [INFO]      consumiu MENOS que o habitual às 13h
2026-07-19 16:17:45 [INFO]      [2mReal:[0m 119.0 kWh   [2mHabitual:[0m 183.5 ± 18.4 kWh   [2mz:[0m -3.51   [2mdesvio:[0m -35%   [2m(2 obs. fim_semana)[0m
2026-07-19 16:17:45 [INFO] 
2026-07-19 16:17:45 [INFO]   🔴 [91m[1mPT0002000068856974CZ[0m  [2m[sem cluster][0m
2026-07-19 16:17:45 [INFO]      consumiu MAIS que o habitual às 21h
2026-07-19 16:17:45 [INFO]      [2mReal:[0m 14.0 kWh   [2mHabitual:[0m 8.7 ± 1.5 kWh   [2mz:[0m +3.49   [2mdesvio:[0m +61%   [2m(3 obs. fim_semana)[0m
2026-07-19 16:17:45 [INFO] 
2026-07-19 16:17:45 [INFO]   🔵 [94m[1mPT0002000068859382XF[0m  [2m[Cluster 0][0m
2026-07-19 16:17:45 [INFO]      consumiu MENOS que o habitual às 08h
2026-07-19 16:17:45 [INFO]      [2mReal:[0m 39.0 kWh   [2mHabitual:[0m 59.5 ± 6.0 kWh   [2mz:[0m -3.45   [2mdesvio:[0m -34%   [2m(2 obs. fim_semana)[0m
2026-07-19 16:17:45 [INFO] 
2026-07-19 16:17:45 [INFO]   🔵 [94m[1mPT0002000101964938LF[0m  [2m[Cluster 0][0m
2026-07-19 16:17:45 [INFO]      consumiu MENOS que o habitual às 17h
2026-07-19 16:17:45 [INFO]      [2mReal:[0m 11.0 kWh   [2mHabitual:[0m 47.5 ± 10.6 kWh   [2mz:[0m -3.44   [2mdesvio:[0m -77%   [2m(2 obs. fim_semana)[0m
2026-07-19 16:17:45 [INFO] 
2026-07-19 16:17:45 [INFO]   🔵 [94m[1mPT0002000114685657JR[0m  [2m[Cluster 0][0m
2026-07-19 16:17:45 [INFO]      consumiu MENOS que o habitual às 13h
2026-07-19 16:17:45 [INFO]      [2mReal:[0m 161.0 kWh   [2mHabitual:[0m 245.5 ± 24.6 kWh   [2mz:[0m -3.44   [2mdesvio:[0m -34%   [2m(2 obs. fim_semana)[0m
2026-07-19 16:17:45 [INFO] 
2026-07-19 16:17:45 [INFO]   🔴 [91m[1mPT0002000068859325FL[0m  [2m[Cluster 1][0m
2026-07-19 16:17:45 [INFO]      consumiu MAIS que o habitual às 16h
2026-07-19 16:17:45 [INFO]      [2mReal:[0m 412.0 kWh   [2mHabitual:[0m 276.0 ± 39.6 kWh   [2mz:[0m +3.43   [2mdesvio:[0m +49%   [2m(2 obs. fim_semana)[0m
2026-07-19 16:17:45 [INFO] 
2026-07-19 16:17:45 [INFO]   🔵 [94m[1mPT0002000073481266XH[0m  [2m[Cluster 0][0m
2026-07-19 16:17:45 [INFO]      consumiu MENOS que o habitual às 09h
2026-07-19 16:17:45 [INFO]      [2mReal:[0m 5.0 kWh   [2mHabitual:[0m 36.5 ± 9.2 kWh   [2mz:[0m -3.43   [2mdesvio:[0m -86%   [2m(2 obs. fim_semana)[0m
2026-07-19 16:17:45 [INFO] 
2026-07-19 16:17:45 [INFO]   🔵 [94m[1mPT0002000114613364CC[0m  [2m[sem cluster][0m
2026-07-19 16:17:45 [INFO]      consumiu MENOS que o habitual às 12h
2026-07-19 16:17:45 [INFO]      [2mReal:[0m 129.0 kWh   [2mHabitual:[0m 196.0 ± 19.6 kWh   [2mz:[0m -3.42   [2mdesvio:[0m -34%   [2m(2 obs. fim_semana)[0m
2026-07-19 16:17:45 [INFO] 
2026-07-19 16:17:45 [INFO]   🔵 [94m[1mPT0002000114685657JR[0m  [2m[Cluster 0][0m
2026-07-19 16:17:45 [INFO]      consumiu MENOS que o habitual às 15h
2026-07-19 16:17:45 [INFO]      [2mReal:[0m 168.0 kWh   [2mHabitual:[0m 255.5 ± 25.6 kWh   [2mz:[0m -3.42   [2mdesvio:[0m -34%   [2m(2 obs. fim_semana)[0m
2026-07-19 16:17:45 [INFO] 
2026-07-19 16:17:45 [INFO]   🔵 [94m[1mPT0002000114685657JR[0m  [2m[Cluster 0][0m
2026-07-19 16:17:45 [INFO]      consumiu MENOS que o habitual às 17h
2026-07-19 16:17:45 [INFO]      [2mReal:[0m 161.0 kWh   [2mHabitual:[0m 244.0 ± 24.4 kWh   [2mz:[0m -3.40   [2mdesvio:[0m -34%   [2m(2 obs. fim_semana)[0m
2026-07-19 16:17:45 [INFO] 
2026-07-19 16:17:45 [INFO]   🔵 [94m[1mPT0002000106102375RC[0m  [2m[sem cluster][0m
2026-07-19 16:17:45 [INFO]      consumiu MENOS que o habitual às 18h
2026-07-19 16:17:45 [INFO]      [2mReal:[0m 39.0 kWh   [2mHabitual:[0m 59.0 ± 5.9 kWh   [2mz:[0m -3.39   [2mdesvio:[0m -34%   [2m(2 obs. fim_semana)[0m
2026-07-19 16:17:45 [INFO] 
2026-07-19 16:17:45 [INFO]   🔵 [94m[1mPT0002000068856267NC[0m  [2m[sem cluster][0m
2026-07-19 16:17:45 [INFO]      consumiu MENOS que o habitual às 14h
2026-07-19 16:17:45 [INFO]      [2mReal:[0m 18.0 kWh   [2mHabitual:[0m 39.5 ± 6.4 kWh   [2mz:[0m -3.38   [2mdesvio:[0m -54%   [2m(2 obs. fim_semana)[0m
2026-07-19 16:17:45 [INFO] 
2026-07-19 16:17:45 [INFO]   🔵 [94m[1mPT0002000077394934QY[0m  [2m[Cluster 0][0m
2026-07-19 16:17:45 [INFO]      consumiu MENOS que o habitual às 12h
2026-07-19 16:17:45 [INFO]      [2mReal:[0m 76.0 kWh   [2mHabitual:[0m 114.5 ± 11.4 kWh   [2mz:[0m -3.36   [2mdesvio:[0m -34%   [2m(2 obs. fim_semana)[0m
2026-07-19 16:17:45 [INFO] 
2026-07-19 16:17:45 [INFO]   🔵 [94m[1mPT0002000120237616VJ[0m  [2m[Cluster 0][0m
2026-07-19 16:17:45 [INFO]      consumiu MENOS que o habitual às 14h
2026-07-19 16:17:45 [INFO]      [2mReal:[0m 12.0 kWh   [2mHabitual:[0m 50.0 ± 11.3 kWh   [2mz:[0m -3.36   [2mdesvio:[0m -76%   [2m(2 obs. fim_semana)[0m
2026-07-19 16:17:45 [INFO] 
2026-07-19 16:17:45 [INFO]   🔵 [94m[1mPT0002000068856872QG[0m  [2m[Cluster 1][0m
2026-07-19 16:17:45 [INFO]      consumiu MENOS que o habitual às 14h
2026-07-19 16:17:45 [INFO]      [2mReal:[0m 0.0 kWh   [2mHabitual:[0m 1.0 ± 0.3 kWh   [2mz:[0m -3.33   [2mdesvio:[0m -100%   [2m(2 obs. fim_semana)[0m
2026-07-19 16:17:45 [INFO] 
2026-07-19 16:17:45 [INFO]   🔵 [94m[1mPT0002000068856974CZ[0m  [2m[sem cluster][0m
2026-07-19 16:17:45 [INFO]      consumiu MENOS que o habitual às 07h
2026-07-19 16:17:45 [INFO]      [2mReal:[0m 9.0 kWh   [2mHabitual:[0m 13.5 ± 1.4 kWh   [2mz:[0m -3.33   [2mdesvio:[0m -33%   [2m(2 obs. fim_semana)[0m
2026-07-19 16:17:45 [INFO] 
2026-07-19 16:17:45 [INFO]   🔴 [91m[1mPT0002000068858674WN[0m  [2m[sem cluster][0m
2026-07-19 16:17:45 [INFO]      consumiu MAIS que o habitual às 05h
2026-07-19 16:17:45 [INFO]      [2mReal:[0m 16.0 kWh   [2mHabitual:[0m 12.0 ± 1.2 kWh   [2mz:[0m +3.33   [2mdesvio:[0m +33%   [2m(2 obs. fim_semana)[0m
2026-07-19 16:17:45 [INFO] 
2026-07-19 16:17:45 [INFO]   🔴 [91m[1mPT0002000068858674WN[0m  [2m[sem cluster][0m
2026-07-19 16:17:45 [INFO]      consumiu MAIS que o habitual às 06h
2026-07-19 16:17:45 [INFO]      [2mReal:[0m 16.0 kWh   [2mHabitual:[0m 12.0 ± 1.2 kWh   [2mz:[0m +3.33   [2mdesvio:[0m +33%   [2m(2 obs. fim_semana)[0m
2026-07-19 16:17:45 [INFO] 
2026-07-19 16:17:45 [INFO]   🔵 [94m[1mPT0002000073481266XH[0m  [2m[Cluster 0][0m
2026-07-19 16:17:45 [INFO]      consumiu MENOS que o habitual às 10h
2026-07-19 16:17:45 [INFO]      [2mReal:[0m 6.0 kWh   [2mHabitual:[0m 39.0 ± 9.9 kWh   [2mz:[0m -3.33   [2mdesvio:[0m -85%   [2m(2 obs. fim_semana)[0m
2026-07-19 16:17:45 [INFO] 
2026-07-19 16:17:45 [INFO]   🔴 [91m[1mPT0002000073717386HC[0m  [2m[sem cluster][0m
2026-07-19 16:17:45 [INFO]      consumiu MAIS que o habitual às 07h
2026-07-19 16:17:45 [INFO]      [2mReal:[0m 1.0 kWh   [2mHabitual:[0m 0.0 ± 0.3 kWh   [2mz:[0m +3.33   [2mdesvio:[0m +100000%   [2m(2 obs. fim_semana)[0m
2026-07-19 16:17:45 [INFO] 
2026-07-19 16:17:45 [INFO]   🔵 [94m[1mPT0002000073717386HC[0m  [2m[sem cluster][0m
2026-07-19 16:17:45 [INFO]      consumiu MENOS que o habitual às 22h
2026-07-19 16:17:45 [INFO]      [2mReal:[0m 4.0 kWh   [2mHabitual:[0m 6.0 ± 0.6 kWh   [2mz:[0m -3.33   [2mdesvio:[0m -33%   [2m(3 obs. fim_semana)[0m
2026-07-19 16:17:45 [INFO] 
2026-07-19 16:17:45 [INFO]   🔵 [94m[1mPT0002000073717386HC[0m  [2m[sem cluster][0m
2026-07-19 16:17:45 [INFO]      consumiu MENOS que o habitual às 23h
2026-07-19 16:17:45 [INFO]      [2mReal:[0m 0.0 kWh   [2mHabitual:[0m 1.0 ± 0.3 kWh   [2mz:[0m -3.33   [2mdesvio:[0m -100%   [2m(3 obs. fim_semana)[0m
2026-07-19 16:17:45 [INFO] 
2026-07-19 16:17:45 [INFO]   🔵 [94m[1mPT0002000075637532JB[0m  [2m[Cluster 0][0m
2026-07-19 16:17:45 [INFO]      consumiu MENOS que o habitual às 01h
2026-07-19 16:17:45 [INFO]      [2mReal:[0m 4.0 kWh   [2mHabitual:[0m 6.0 ± 0.6 kWh   [2mz:[0m -3.33   [2mdesvio:[0m -33%   [2m(2 obs. fim_semana)[0m
2026-07-19 16:17:45 [INFO] 
2026-07-19 16:17:45 [INFO]   🔵 [94m[1mPT0002000075637532JB[0m  [2m[Cluster 0][0m
2026-07-19 16:17:45 [INFO]      consumiu MENOS que o habitual às 02h
2026-07-19 16:17:45 [INFO]      [2mReal:[0m 4.0 kWh   [2mHabitual:[0m 6.0 ± 0.6 kWh   [2mz:[0m -3.33   [2mdesvio:[0m -33%   [2m(2 obs. fim_semana)[0m
2026-07-19 16:17:45 [INFO] 
2026-07-19 16:17:45 [INFO]   🔵 [94m[1mPT0002000075637532JB[0m  [2m[Cluster 0][0m
2026-07-19 16:17:45 [INFO]      consumiu MENOS que o habitual às 05h
2026-07-19 16:17:45 [INFO]      [2mReal:[0m 4.0 kWh   [2mHabitual:[0m 6.0 ± 0.6 kWh   [2mz:[0m -3.33   [2mdesvio:[0m -33%   [2m(2 obs. fim_semana)[0m
2026-07-19 16:17:45 [INFO] 
2026-07-19 16:17:45 [INFO]   🔵 [94m[1mPT0002000075637532JB[0m  [2m[Cluster 0][0m
2026-07-19 16:17:45 [INFO]      consumiu MENOS que o habitual às 07h
2026-07-19 16:17:45 [INFO]      [2mReal:[0m 5.0 kWh   [2mHabitual:[0m 7.5 ± 0.8 kWh   [2mz:[0m -3.33   [2mdesvio:[0m -33%   [2m(2 obs. fim_semana)[0m
2026-07-19 16:17:45 [INFO] 
2026-07-19 16:17:45 [INFO]   🔵 [94m[1mPT0002000077647404EM[0m  [2m[Cluster 1][0m
2026-07-19 16:17:45 [INFO]      consumiu MENOS que o habitual às 13h
2026-07-19 16:17:45 [INFO]      [2mReal:[0m 0.0 kWh   [2mHabitual:[0m 1.0 ± 0.3 kWh   [2mz:[0m -3.33   [2mdesvio:[0m -100%   [2m(2 obs. fim_semana)[0m
2026-07-19 16:17:45 [INFO] 
2026-07-19 16:17:45 [INFO]   🔵 [94m[1mPT0002000078207354XC[0m  [2m[Cluster 1][0m
2026-07-19 16:17:45 [INFO]      consumiu MENOS que o habitual às 14h
2026-07-19 16:17:45 [INFO]      [2mReal:[0m 5.0 kWh   [2mHabitual:[0m 7.5 ± 0.8 kWh   [2mz:[0m -3.33   [2mdesvio:[0m -33%   [2m(2 obs. fim_semana)[0m
2026-07-19 16:17:45 [INFO] 
2026-07-19 16:17:45 [INFO]   🔵 [94m[1mPT0002000078207354XC[0m  [2m[Cluster 1][0m
2026-07-19 16:17:45 [INFO]      consumiu MENOS que o habitual às 15h
2026-07-19 16:17:45 [INFO]      [2mReal:[0m 5.0 kWh   [2mHabitual:[0m 7.5 ± 0.8 kWh   [2mz:[0m -3.33   [2mdesvio:[0m -33%   [2m(2 obs. fim_semana)[0m
2026-07-19 16:17:45 [INFO] 
2026-07-19 16:17:45 [INFO]   🔴 [91m[1mPT0002000078233981HJ[0m  [2m[Cluster 1][0m
2026-07-19 16:17:45 [INFO]      consumiu MAIS que o habitual às 23h
2026-07-19 16:17:45 [INFO]      [2mReal:[0m 3.0 kWh   [2mHabitual:[0m 2.0 ± 0.3 kWh   [2mz:[0m +3.33   [2mdesvio:[0m +50%   [2m(3 obs. fim_semana)[0m
2026-07-19 16:17:45 [INFO] 
2026-07-19 16:17:45 [INFO]   🔵 [94m[1mPT0002000081344542CP[0m  [2m[Cluster 1][0m
2026-07-19 16:17:45 [INFO]      consumiu MENOS que o habitual às 06h
2026-07-19 16:17:45 [INFO]      [2mReal:[0m 1.0 kWh   [2mHabitual:[0m 2.0 ± 0.3 kWh   [2mz:[0m -3.33   [2mdesvio:[0m -50%   [2m(2 obs. fim_semana)[0m
2026-07-19 16:17:45 [INFO] 
2026-07-19 16:17:45 [INFO]   🔴 [91m[1mPT0002000081344542CP[0m  [2m[Cluster 1][0m
2026-07-19 16:17:45 [INFO]      consumiu MAIS que o habitual às 07h
2026-07-19 16:17:45 [INFO]      [2mReal:[0m 2.0 kWh   [2mHabitual:[0m 1.0 ± 0.3 kWh   [2mz:[0m +3.33   [2mdesvio:[0m +100%   [2m(2 obs. fim_semana)[0m
2026-07-19 16:17:45 [INFO] 
2026-07-19 16:17:45 [INFO]   🔵 [94m[1mPT0002000106102375RC[0m  [2m[sem cluster][0m
2026-07-19 16:17:45 [INFO]      consumiu MENOS que o habitual às 19h
2026-07-19 16:17:45 [INFO]      [2mReal:[0m 39.0 kWh   [2mHabitual:[0m 58.5 ± 5.8 kWh   [2mz:[0m -3.33   [2mdesvio:[0m -33%   [2m(2 obs. fim_semana)[0m
2026-07-19 16:17:45 [INFO] 
2026-07-19 16:17:45 [INFO]   🔵 [94m[1mPT0002000107046231FW[0m  [2m[Cluster 0][0m
2026-07-19 16:17:45 [INFO]      consumiu MENOS que o habitual às 00h
2026-07-19 16:17:45 [INFO]      [2mReal:[0m 2.0 kWh   [2mHabitual:[0m 3.0 ± 0.3 kWh   [2mz:[0m -3.33   [2mdesvio:[0m -33%   [2m(2 obs. fim_semana)[0m
2026-07-19 16:17:45 [INFO] 
2026-07-19 16:17:45 [INFO]   🔴 [91m[1mPT0002000107046231FW[0m  [2m[Cluster 0][0m
2026-07-19 16:17:45 [INFO]      consumiu MAIS que o habitual às 05h
2026-07-19 16:17:45 [INFO]      [2mReal:[0m 4.0 kWh   [2mHabitual:[0m 3.0 ± 0.3 kWh   [2mz:[0m +3.33   [2mdesvio:[0m +33%   [2m(2 obs. fim_semana)[0m
2026-07-19 16:17:45 [INFO] 
2026-07-19 16:17:45 [INFO]   🔵 [94m[1mPT0002000107046231FW[0m  [2m[Cluster 0][0m
2026-07-19 16:17:45 [INFO]      consumiu MENOS que o habitual às 20h
2026-07-19 16:17:45 [INFO]      [2mReal:[0m 2.0 kWh   [2mHabitual:[0m 3.0 ± 0.3 kWh   [2mz:[0m -3.33   [2mdesvio:[0m -33%   [2m(2 obs. fim_semana)[0m
2026-07-19 16:17:45 [INFO] 
2026-07-19 16:17:45 [INFO]   🔴 [91m[1mPT0002000109837807PE[0m  [2m[Cluster 1][0m
2026-07-19 16:17:45 [INFO]      consumiu MAIS que o habitual às 05h
2026-07-19 16:17:45 [INFO]      [2mReal:[0m 4.0 kWh   [2mHabitual:[0m 3.0 ± 0.3 kWh   [2mz:[0m +3.33   [2mdesvio:[0m +33%   [2m(2 obs. fim_semana)[0m
2026-07-19 16:17:45 [INFO] 
2026-07-19 16:17:45 [INFO]   🔴 [91m[1mPT0002000109837807PE[0m  [2m[Cluster 1][0m
2026-07-19 16:17:45 [INFO]      consumiu MAIS que o habitual às 07h
2026-07-19 16:17:45 [INFO]      [2mReal:[0m 4.0 kWh   [2mHabitual:[0m 3.0 ± 0.3 kWh   [2mz:[0m +3.33   [2mdesvio:[0m +33%   [2m(2 obs. fim_semana)[0m
2026-07-19 16:17:45 [INFO] 
2026-07-19 16:17:45 [INFO]   🔵 [94m[1mPT0002000110090564GD[0m  [2m[Cluster 1][0m
2026-07-19 16:17:45 [INFO]      consumiu MENOS que o habitual às 09h
2026-07-19 16:17:45 [INFO]      [2mReal:[0m 4.0 kWh   [2mHabitual:[0m 6.0 ± 0.6 kWh   [2mz:[0m -3.33   [2mdesvio:[0m -33%   [2m(2 obs. fim_semana)[0m
2026-07-19 16:17:45 [INFO] 
2026-07-19 16:17:45 [INFO]   🔵 [94m[1mPT0002000110090564GD[0m  [2m[Cluster 1][0m
2026-07-19 16:17:45 [INFO]      consumiu MENOS que o habitual às 12h
2026-07-19 16:17:45 [INFO]      [2mReal:[0m 4.0 kWh   [2mHabitual:[0m 6.0 ± 0.6 kWh   [2mz:[0m -3.33   [2mdesvio:[0m -33%   [2m(2 obs. fim_semana)[0m
2026-07-19 16:17:45 [INFO] 
2026-07-19 16:17:45 [INFO]   🔵 [94m[1mPT0002000115673471CB[0m  [2m[Cluster 0][0m
2026-07-19 16:17:45 [INFO]      consumiu MENOS que o habitual às 04h
2026-07-19 16:17:45 [INFO]      [2mReal:[0m 11.0 kWh   [2mHabitual:[0m 16.5 ± 1.6 kWh   [2mz:[0m -3.33   [2mdesvio:[0m -33%   [2m(2 obs. fim_semana)[0m
2026-07-19 16:17:45 [INFO] 
2026-07-19 16:17:45 [INFO]   🔵 [94m[1mPT0002000123648159KR[0m  [2m[Cluster 0][0m
2026-07-19 16:17:45 [INFO]      consumiu MENOS que o habitual às 01h
2026-07-19 16:17:45 [INFO]      [2mReal:[0m 2.0 kWh   [2mHabitual:[0m 3.0 ± 0.3 kWh   [2mz:[0m -3.33   [2mdesvio:[0m -33%   [2m(2 obs. fim_semana)[0m
2026-07-19 16:17:45 [INFO] 
2026-07-19 16:17:45 [INFO]   🔴 [91m[1mPT0002000123648159KR[0m  [2m[Cluster 0][0m
2026-07-19 16:17:45 [INFO]      consumiu MAIS que o habitual às 19h
2026-07-19 16:17:45 [INFO]      [2mReal:[0m 4.0 kWh   [2mHabitual:[0m 3.0 ± 0.3 kWh   [2mz:[0m +3.33   [2mdesvio:[0m +33%   [2m(2 obs. fim_semana)[0m
2026-07-19 16:17:45 [INFO] 
2026-07-19 16:17:45 [INFO]   🔴 [91m[1mPT0002000123648159KR[0m  [2m[Cluster 0][0m
2026-07-19 16:17:45 [INFO]      consumiu MAIS que o habitual às 20h
2026-07-19 16:17:45 [INFO]      [2mReal:[0m 4.0 kWh   [2mHabitual:[0m 3.0 ± 0.3 kWh   [2mz:[0m +3.33   [2mdesvio:[0m +33%   [2m(2 obs. fim_semana)[0m
2026-07-19 16:17:45 [INFO] 
2026-07-19 16:17:45 [INFO]   🔴 [91m[1mPT0002000123648159KR[0m  [2m[Cluster 0][0m
2026-07-19 16:17:45 [INFO]      consumiu MAIS que o habitual às 22h
2026-07-19 16:17:45 [INFO]      [2mReal:[0m 4.0 kWh   [2mHabitual:[0m 3.0 ± 0.3 kWh   [2mz:[0m +3.33   [2mdesvio:[0m +33%   [2m(3 obs. fim_semana)[0m
2026-07-19 16:17:45 [INFO] 
2026-07-19 16:17:45 [INFO]   🔴 [91m[1mPT0002000123648159KR[0m  [2m[Cluster 0][0m
2026-07-19 16:17:45 [INFO]      consumiu MAIS que o habitual às 23h
2026-07-19 16:17:45 [INFO]      [2mReal:[0m 4.0 kWh   [2mHabitual:[0m 3.0 ± 0.3 kWh   [2mz:[0m +3.33   [2mdesvio:[0m +33%   [2m(3 obs. fim_semana)[0m
2026-07-19 16:17:45 [INFO] 
2026-07-19 16:17:45 [INFO]   🔴 [91m[1mPT0002000125379984SH[0m  [2m[Cluster 1][0m
2026-07-19 16:17:45 [INFO]      consumiu MAIS que o habitual às 04h
2026-07-19 16:17:45 [INFO]      [2mReal:[0m 3.0 kWh   [2mHabitual:[0m 2.0 ± 0.3 kWh   [2mz:[0m +3.33   [2mdesvio:[0m +50%   [2m(2 obs. fim_semana)[0m
2026-07-19 16:17:45 [INFO] 
2026-07-19 16:17:45 [INFO]   🔴 [91m[1mPT0002000203886452WB[0m  [2m[sem cluster][0m
2026-07-19 16:17:45 [INFO]      consumiu MAIS que o habitual às 19h
2026-07-19 16:17:45 [INFO]      [2mReal:[0m 96.0 kWh   [2mHabitual:[0m 30.0 ± 19.8 kWh   [2mz:[0m +3.33   [2mdesvio:[0m +220%   [2m(2 obs. fim_semana)[0m
2026-07-19 16:17:45 [INFO] 
2026-07-19 16:17:45 [INFO]   🔵 [94m[1mPT0002000123648159KR[0m  [2m[Cluster 0][0m
2026-07-19 16:17:45 [INFO]      consumiu MENOS que o habitual às 09h
2026-07-19 16:17:45 [INFO]      [2mReal:[0m 4.0 kWh   [2mHabitual:[0m 34.5 ± 9.2 kWh   [2mz:[0m -3.32   [2mdesvio:[0m -88%   [2m(2 obs. fim_semana)[0m
2026-07-19 16:17:45 [INFO] 
2026-07-19 16:17:45 [INFO]   🔵 [94m[1mPT0002000114685657JR[0m  [2m[Cluster 0][0m
2026-07-19 16:17:45 [INFO]      consumiu MENOS que o habitual às 12h
2026-07-19 16:17:45 [INFO]      [2mReal:[0m 161.0 kWh   [2mHabitual:[0m 240.5 ± 24.1 kWh   [2mz:[0m -3.31   [2mdesvio:[0m -33%   [2m(2 obs. fim_semana)[0m
2026-07-19 16:17:45 [INFO] 
2026-07-19 16:17:45 [INFO]   🔵 [94m[1mPT0002000071896778MT[0m  [2m[Cluster 0][0m
2026-07-19 16:17:45 [INFO]      consumiu MENOS que o habitual às 09h
2026-07-19 16:17:45 [INFO]      [2mReal:[0m 4.0 kWh   [2mHabitual:[0m 32.0 ± 8.5 kWh   [2mz:[0m -3.30   [2mdesvio:[0m -88%   [2m(2 obs. fim_semana)[0m
2026-07-19 16:17:45 [INFO] 
2026-07-19 16:17:45 [INFO]   🔴 [91m[1mPT0002000203886452WB[0m  [2m[sem cluster][0m
2026-07-19 16:17:45 [INFO]      consumiu MAIS que o habitual às 20h
2026-07-19 16:17:45 [INFO]      [2mReal:[0m 84.0 kWh   [2mHabitual:[0m 28.0 ± 17.0 kWh   [2mz:[0m +3.30   [2mdesvio:[0m +200%   [2m(2 obs. fim_semana)[0m
2026-07-19 16:17:45 [INFO] 
2026-07-19 16:17:45 [INFO]   🔵 [94m[1mPT0002000114613364CC[0m  [2m[sem cluster][0m
2026-07-19 16:17:45 [INFO]      consumiu MENOS que o habitual às 11h
2026-07-19 16:17:45 [INFO]      [2mReal:[0m 138.0 kWh   [2mHabitual:[0m 204.0 ± 20.4 kWh   [2mz:[0m -3.24   [2mdesvio:[0m -32%   [2m(2 obs. fim_semana)[0m
2026-07-19 16:17:45 [INFO] 
2026-07-19 16:17:45 [INFO]   🔵 [94m[1mPT0002000068858231YY[0m  [2m[sem cluster][0m
2026-07-19 16:17:45 [INFO]      consumiu MENOS que o habitual às 07h
2026-07-19 16:17:45 [INFO]      [2mReal:[0m 20.0 kWh   [2mHabitual:[0m 29.5 ± 3.0 kWh   [2mz:[0m -3.22   [2mdesvio:[0m -32%   [2m(2 obs. fim_semana)[0m
2026-07-19 16:17:45 [INFO] 
2026-07-19 16:17:45 [INFO]   🔵 [94m[1mPT0002000033074862LZ[0m  [2m[Cluster 0][0m
2026-07-19 16:17:45 [INFO]      consumiu MENOS que o habitual às 11h
2026-07-19 16:17:45 [INFO]      [2mReal:[0m 10.0 kWh   [2mHabitual:[0m 48.5 ± 12.0 kWh   [2mz:[0m -3.20   [2mdesvio:[0m -79%   [2m(2 obs. fim_semana)[0m
2026-07-19 16:17:45 [INFO] 
2026-07-19 16:17:45 [INFO]   🔵 [94m[1mPT0002000079469719HF[0m  [2m[sem cluster][0m
2026-07-19 16:17:45 [INFO]      consumiu MENOS que o habitual às 19h
2026-07-19 16:17:45 [INFO]      [2mReal:[0m 129.0 kWh   [2mHabitual:[0m 189.5 ± 18.9 kWh   [2mz:[0m -3.19   [2mdesvio:[0m -32%   [2m(2 obs. fim_semana)[0m
2026-07-19 16:17:45 [INFO] 
2026-07-19 16:17:45 [INFO]   🔵 [94m[1mPT0002000068855003AK[0m  [2m[sem cluster][0m
2026-07-19 16:17:45 [INFO]      consumiu MENOS que o habitual às 13h
2026-07-19 16:17:45 [INFO]      [2mReal:[0m 24.0 kWh   [2mHabitual:[0m 42.0 ± 5.7 kWh   [2mz:[0m -3.18   [2mdesvio:[0m -43%   [2m(2 obs. fim_semana)[0m
2026-07-19 16:17:45 [INFO] 
2026-07-19 16:17:45 [INFO]   🔵 [94m[1mPT0002000114613364CC[0m  [2m[sem cluster][0m
2026-07-19 16:17:45 [INFO]      consumiu MENOS que o habitual às 09h
2026-07-19 16:17:45 [INFO]      [2mReal:[0m 131.0 kWh   [2mHabitual:[0m 192.0 ± 19.2 kWh   [2mz:[0m -3.18   [2mdesvio:[0m -32%   [2m(2 obs. fim_semana)[0m
2026-07-19 16:17:45 [INFO] 
2026-07-19 16:17:45 [INFO]   🔵 [94m[1mPT0002000033074862LZ[0m  [2m[Cluster 0][0m
2026-07-19 16:17:45 [INFO]      consumiu MENOS que o habitual às 18h
2026-07-19 16:17:45 [INFO]      [2mReal:[0m 13.0 kWh   [2mHabitual:[0m 19.0 ± 1.9 kWh   [2mz:[0m -3.16   [2mdesvio:[0m -32%   [2m(2 obs. fim_semana)[0m
2026-07-19 16:17:45 [INFO] 
2026-07-19 16:17:45 [INFO]   🔵 [94m[1mPT0002000077394934QY[0m  [2m[Cluster 0][0m
2026-07-19 16:17:45 [INFO]      consumiu MENOS que o habitual às 09h
2026-07-19 16:17:45 [INFO]      [2mReal:[0m 62.0 kWh   [2mHabitual:[0m 90.5 ± 9.1 kWh   [2mz:[0m -3.15   [2mdesvio:[0m -31%   [2m(2 obs. fim_semana)[0m
2026-07-19 16:17:45 [INFO] 
2026-07-19 16:17:45 [INFO]   🔵 [94m[1mPT0002000119303492KB[0m  [2m[Cluster 0][0m
2026-07-19 16:17:45 [INFO]      consumiu MENOS que o habitual às 12h
2026-07-19 16:17:45 [INFO]      [2mReal:[0m 3.0 kWh   [2mHabitual:[0m 52.0 ± 15.6 kWh   [2mz:[0m -3.15   [2mdesvio:[0m -94%   [2m(2 obs. fim_semana)[0m
2026-07-19 16:17:45 [INFO] 
2026-07-19 16:17:45 [INFO]   🔵 [94m[1mPT0002000115673471CB[0m  [2m[Cluster 0][0m
2026-07-19 16:17:45 [INFO]      consumiu MENOS que o habitual às 02h
2026-07-19 16:17:45 [INFO]      [2mReal:[0m 12.0 kWh   [2mHabitual:[0m 17.5 ± 1.8 kWh   [2mz:[0m -3.14   [2mdesvio:[0m -31%   [2m(2 obs. fim_semana)[0m
2026-07-19 16:17:45 [INFO] 
2026-07-19 16:17:45 [INFO]   🔴 [91m[1mPT0002000068856974CZ[0m  [2m[sem cluster][0m
2026-07-19 16:17:45 [INFO]      consumiu MAIS que o habitual às 22h
2026-07-19 16:17:45 [INFO]      [2mReal:[0m 14.0 kWh   [2mHabitual:[0m 10.7 ± 1.1 kWh   [2mz:[0m +3.13   [2mdesvio:[0m +31%   [2m(3 obs. fim_semana)[0m
2026-07-19 16:17:45 [INFO] 
2026-07-19 16:17:45 [INFO]   🔵 [94m[1mPT0002000078441876HB[0m  [2m[Cluster 0][0m
2026-07-19 16:17:45 [INFO]      consumiu MENOS que o habitual às 11h
2026-07-19 16:17:45 [INFO]      [2mReal:[0m 1207.0 kWh   [2mHabitual:[0m 1747.0 ± 174.7 kWh   [2mz:[0m -3.09   [2mdesvio:[0m -31%   [2m(2 obs. fim_semana)[0m
2026-07-19 16:17:45 [INFO] 
2026-07-19 16:17:45 [INFO]   🔵 [94m[1mPT0002000107046231FW[0m  [2m[Cluster 0][0m
2026-07-19 16:17:45 [INFO]      consumiu MENOS que o habitual às 13h
2026-07-19 16:17:45 [INFO]      [2mReal:[0m 2.0 kWh   [2mHabitual:[0m 37.0 ± 11.3 kWh   [2mz:[0m -3.09   [2mdesvio:[0m -95%   [2m(2 obs. fim_semana)[0m
2026-07-19 16:17:45 [INFO] 
2026-07-19 16:17:45 [INFO]   🔵 [94m[1mPT0002000114685657JR[0m  [2m[Cluster 0][0m
2026-07-19 16:17:45 [INFO]      consumiu MENOS que o habitual às 18h
2026-07-19 16:17:45 [INFO]      [2mReal:[0m 160.0 kWh   [2mHabitual:[0m 231.0 ± 23.1 kWh   [2mz:[0m -3.07   [2mdesvio:[0m -31%   [2m(2 obs. fim_semana)[0m
2026-07-19 16:17:45 [INFO] 
2026-07-19 16:17:45 [INFO]   🔵 [94m[1mPT0002000077394934QY[0m  [2m[Cluster 0][0m
2026-07-19 16:17:45 [INFO]      consumiu MENOS que o habitual às 16h
2026-07-19 16:17:45 [INFO]      [2mReal:[0m 76.0 kWh   [2mHabitual:[0m 109.5 ± 10.9 kWh   [2mz:[0m -3.06   [2mdesvio:[0m -31%   [2m(2 obs. fim_semana)[0m
2026-07-19 16:17:45 [INFO] 
2026-07-19 16:17:45 [INFO]   🔵 [94m[1mPT0002000078207354XC[0m  [2m[Cluster 1][0m
2026-07-19 16:17:45 [INFO]      consumiu MENOS que o habitual às 20h
2026-07-19 16:17:45 [INFO]      [2mReal:[0m 5.0 kWh   [2mHabitual:[0m 18.0 ± 4.2 kWh   [2mz:[0m -3.06   [2mdesvio:[0m -72%   [2m(2 obs. fim_semana)[0m
2026-07-19 16:17:45 [INFO] 
2026-07-19 16:17:45 [INFO]   🔵 [94m[1mPT0002000123648159KR[0m  [2m[Cluster 0][0m
2026-07-19 16:17:45 [INFO]      consumiu MENOS que o habitual às 13h
2026-07-19 16:17:45 [INFO]      [2mReal:[0m 5.0 kWh   [2mHabitual:[0m 18.0 ± 4.2 kWh   [2mz:[0m -3.06   [2mdesvio:[0m -72%   [2m(2 obs. fim_semana)[0m
2026-07-19 16:17:45 [INFO] 
2026-07-19 16:17:45 [INFO]   🔴 [91m[1mPT0002000203886452WB[0m  [2m[sem cluster][0m
2026-07-19 16:17:45 [INFO]      consumiu MAIS que o habitual às 21h
2026-07-19 16:17:45 [INFO]      [2mReal:[0m 88.0 kWh   [2mHabitual:[0m 20.0 ± 22.3 kWh   [2mz:[0m +3.05   [2mdesvio:[0m +340%   [2m(3 obs. fim_semana)[0m
2026-07-19 16:17:45 [INFO] 
2026-07-19 16:17:45 [INFO]   🔵 [94m[1mPT0002000079469719HF[0m  [2m[sem cluster][0m
2026-07-19 16:17:45 [INFO]      consumiu MENOS que o habitual às 18h
2026-07-19 16:17:45 [INFO]      [2mReal:[0m 111.0 kWh   [2mHabitual:[0m 159.5 ± 15.9 kWh   [2mz:[0m -3.04   [2mdesvio:[0m -30%   [2m(2 obs. fim_semana)[0m
2026-07-19 16:17:45 [INFO] 
2026-07-19 16:17:45 [INFO]   🔵 [94m[1mPT0002000068858231YY[0m  [2m[sem cluster][0m
2026-07-19 16:17:45 [INFO]      consumiu MENOS que o habitual às 12h
2026-07-19 16:17:45 [INFO]      [2mReal:[0m 18.0 kWh   [2mHabitual:[0m 48.0 ± 9.9 kWh   [2mz:[0m -3.03   [2mdesvio:[0m -62%   [2m(2 obs. fim_semana)[0m
2026-07-19 16:17:45 [INFO] 
2026-07-19 16:17:45 [INFO]   🔵 [94m[1mPT0002000068859382XF[0m  [2m[Cluster 0][0m
2026-07-19 16:17:45 [INFO]      consumiu MENOS que o habitual às 17h
2026-07-19 16:17:45 [INFO]      [2mReal:[0m 38.0 kWh   [2mHabitual:[0m 54.5 ± 5.5 kWh   [2mz:[0m -3.03   [2mdesvio:[0m -30%   [2m(2 obs. fim_semana)[0m
2026-07-19 16:17:45 [INFO] 
2026-07-19 16:17:45 [INFO]   🔵 [94m[1mPT0002000068857897ZV[0m  [2m[Cluster 0][0m
2026-07-19 16:17:45 [INFO]      consumiu MENOS que o habitual às 12h
2026-07-19 16:17:45 [INFO]      [2mReal:[0m 26.0 kWh   [2mHabitual:[0m 49.5 ± 7.8 kWh   [2mz:[0m -3.02   [2mdesvio:[0m -47%   [2m(2 obs. fim_semana)[0m
2026-07-19 16:17:45 [INFO] 
2026-07-19 16:17:45 [INFO]   🔵 [94m[1mPT0002000068857897ZV[0m  [2m[Cluster 0][0m
2026-07-19 16:17:45 [INFO]      consumiu MENOS que o habitual às 15h
2026-07-19 16:17:45 [INFO]      [2mReal:[0m 26.0 kWh   [2mHabitual:[0m 49.5 ± 7.8 kWh   [2mz:[0m -3.02   [2mdesvio:[0m -47%   [2m(2 obs. fim_semana)[0m
2026-07-19 16:17:45 [INFO] 
2026-07-19 16:17:45 [INFO]   🔵 [94m[1mPT0002000114685657JR[0m  [2m[Cluster 0][0m
2026-07-19 16:17:45 [INFO]      consumiu MENOS que o habitual às 09h
2026-07-19 16:17:45 [INFO]      [2mReal:[0m 170.0 kWh   [2mHabitual:[0m 243.5 ± 24.4 kWh   [2mz:[0m -3.02   [2mdesvio:[0m -30%   [2m(2 obs. fim_semana)[0m
2026-07-19 16:17:45 [INFO] 
2026-07-19 16:17:45 [INFO]   🔵 [94m[1mPT0002000078233981HJ[0m  [2m[Cluster 1][0m
2026-07-19 16:17:45 [INFO]      consumiu MENOS que o habitual às 19h
2026-07-19 16:17:45 [INFO]      [2mReal:[0m 2.0 kWh   [2mHabitual:[0m 19.0 ± 5.7 kWh   [2mz:[0m -3.01   [2mdesvio:[0m -89%   [2m(2 obs. fim_semana)[0m
2026-07-19 16:17:45 [INFO] 
2026-07-19 16:17:45 [INFO]   🔵 [94m[1mPT0002000114613364CC[0m  [2m[sem cluster][0m
2026-07-19 16:17:45 [INFO]      consumiu MENOS que o habitual às 10h
2026-07-19 16:17:45 [INFO]      [2mReal:[0m 135.0 kWh   [2mHabitual:[0m 193.0 ± 19.3 kWh   [2mz:[0m -3.01   [2mdesvio:[0m -30%   [2m(2 obs. fim_semana)[0m
2026-07-19 16:17:45 [INFO] 
2026-07-19 16:17:45 [INFO]   🔵 [94m[1mPT0002000201038711LS[0m  [2m[sem cluster][0m
2026-07-19 16:17:45 [INFO]      consumiu MENOS que o habitual às 15h
2026-07-19 16:17:45 [INFO]      [2mReal:[0m 1.0 kWh   [2mHabitual:[0m 35.0 ± 11.3 kWh   [2mz:[0m -3.01   [2mdesvio:[0m -97%   [2m(2 obs. fim_semana)[0m
2026-07-19 16:17:45 [INFO] 
2026-07-19 16:17:45 [INFO]   🔴 [91m[1mPT0002000078294957RQ[0m  [2m[Cluster 0][0m
2026-07-19 16:17:45 [INFO]      consumiu MAIS que o habitual às 21h
2026-07-19 16:17:45 [INFO]      [2mReal:[0m 12.0 kWh   [2mHabitual:[0m 9.0 ± 1.0 kWh   [2mz:[0m +3.00   [2mdesvio:[0m +33%   [2m(3 obs. fim_semana)[0m
2026-07-19 16:17:45 [INFO] 
2026-07-19 16:17:45 [INFO]   🔵 [94m[1mPT0002000114685657JR[0m  [2m[Cluster 0][0m
2026-07-19 16:17:45 [INFO]      consumiu MENOS que o habitual às 11h
2026-07-19 16:17:45 [INFO]      [2mReal:[0m 181.0 kWh   [2mHabitual:[0m 258.5 ± 25.9 kWh   [2mz:[0m -3.00   [2mdesvio:[0m -30%   [2m(2 obs. fim_semana)[0m
2026-07-19 16:17:45 [INFO] 
2026-07-19 16:17:45 [INFO]   🔴 [91m[1mPT0002000068859393XH[0m  [2m[Cluster 1][0m
2026-07-19 16:17:45 [INFO]      consumiu MAIS que o habitual às 09h
2026-07-19 16:17:45 [INFO]      [2mReal:[0m 135.0 kWh   [2mHabitual:[0m 97.0 ± 12.7 kWh   [2mz:[0m +2.99   [2mdesvio:[0m +39%   [2m(2 obs. fim_semana)[0m
2026-07-19 16:17:45 [INFO] 
2026-07-19 16:17:45 [INFO]   🔵 [94m[1mPT0002000068859187RL[0m  [2m[Cluster 0][0m
2026-07-19 16:17:45 [INFO]      consumiu MENOS que o habitual às 18h
2026-07-19 16:17:45 [INFO]      [2mReal:[0m 20.0 kWh   [2mHabitual:[0m 28.5 ± 2.9 kWh   [2mz:[0m -2.98   [2mdesvio:[0m -30%   [2m(2 obs. fim_semana)[0m
2026-07-19 16:17:45 [INFO] 
2026-07-19 16:17:45 [INFO]   🔴 [91m[1mPT0002000073720434JD[0m  [2m[sem cluster][0m
2026-07-19 16:17:45 [INFO]      consumiu MAIS que o habitual às 22h
2026-07-19 16:17:45 [INFO]      [2mReal:[0m 92.0 kWh   [2mHabitual:[0m 38.3 ± 18.0 kWh   [2mz:[0m +2.98   [2mdesvio:[0m +140%   [2m(3 obs. fim_semana)[0m
2026-07-19 16:17:45 [INFO] 
2026-07-19 16:17:45 [INFO]   🔵 [94m[1mPT0002000114685657JR[0m  [2m[Cluster 0][0m
2026-07-19 16:17:45 [INFO]      consumiu MENOS que o habitual às 08h
2026-07-19 16:17:45 [INFO]      [2mReal:[0m 159.0 kWh   [2mHabitual:[0m 226.5 ± 22.6 kWh   [2mz:[0m -2.98   [2mdesvio:[0m -30%   [2m(2 obs. fim_semana)[0m
2026-07-19 16:17:45 [INFO] 
2026-07-19 16:17:45 [INFO]   🔴 [91m[1mPT0002000068859325FL[0m  [2m[Cluster 1][0m
2026-07-19 16:17:45 [INFO]      consumiu MAIS que o habitual às 00h
2026-07-19 16:17:45 [INFO]      [2mReal:[0m 116.0 kWh   [2mHabitual:[0m 74.0 ± 14.1 kWh   [2mz:[0m +2.97   [2mdesvio:[0m +57%   [2m(2 obs. fim_semana)[0m
2026-07-19 16:17:45 [INFO] 
2026-07-19 16:17:45 [INFO]   🔵 [94m[1mPT0002000123648159KR[0m  [2m[Cluster 0][0m
2026-07-19 16:17:45 [INFO]      consumiu MENOS que o habitual às 14h
2026-07-19 16:17:45 [INFO]      [2mReal:[0m 4.0 kWh   [2mHabitual:[0m 14.5 ± 3.5 kWh   [2mz:[0m -2.97   [2mdesvio:[0m -72%   [2m(2 obs. fim_semana)[0m
2026-07-19 16:17:45 [INFO] 
2026-07-19 16:17:45 [INFO]   🔵 [94m[1mPT0002000078207354XC[0m  [2m[Cluster 1][0m
2026-07-19 16:17:45 [INFO]      consumiu MENOS que o habitual às 21h
2026-07-19 16:17:45 [INFO]      [2mReal:[0m 4.0 kWh   [2mHabitual:[0m 16.3 ± 4.2 kWh   [2mz:[0m -2.96   [2mdesvio:[0m -76%   [2m(3 obs. fim_semana)[0m
2026-07-19 16:17:45 [INFO] 
2026-07-19 16:17:45 [INFO]   🔵 [94m[1mPT0002000114613364CC[0m  [2m[sem cluster][0m
2026-07-19 16:17:45 [INFO]      consumiu MENOS que o habitual às 17h
2026-07-19 16:17:45 [INFO]      [2mReal:[0m 118.0 kWh   [2mHabitual:[0m 167.5 ± 16.8 kWh   [2mz:[0m -2.96   [2mdesvio:[0m -30%   [2m(2 obs. fim_semana)[0m
2026-07-19 16:17:45 [INFO] 
2026-07-19 16:17:45 [INFO]   🔵 [94m[1mPT0002000201038711LS[0m  [2m[sem cluster][0m
2026-07-19 16:17:45 [INFO]      consumiu MENOS que o habitual às 16h
2026-07-19 16:17:45 [INFO]      [2mReal:[0m 0.0 kWh   [2mHabitual:[0m 25.0 ± 8.5 kWh   [2mz:[0m -2.95   [2mdesvio:[0m -100%   [2m(2 obs. fim_semana)[0m
2026-07-19 16:17:45 [INFO] 
2026-07-19 16:17:45 [INFO]   🔵 [94m[1mPT0002000114685657JR[0m  [2m[Cluster 0][0m
2026-07-19 16:17:45 [INFO]      consumiu MENOS que o habitual às 10h
2026-07-19 16:17:45 [INFO]      [2mReal:[0m 180.0 kWh   [2mHabitual:[0m 254.5 ± 25.4 kWh   [2mz:[0m -2.93   [2mdesvio:[0m -29%   [2m(2 obs. fim_semana)[0m
2026-07-19 16:17:45 [INFO] 
2026-07-19 16:17:45 [INFO]   🔵 [94m[1mPT0002000073573036KH[0m  [2m[sem cluster][0m
2026-07-19 16:17:45 [INFO]      consumiu MENOS que o habitual às 20h
2026-07-19 16:17:45 [INFO]      [2mReal:[0m 202.0 kWh   [2mHabitual:[0m 284.5 ± 28.4 kWh   [2mz:[0m -2.90   [2mdesvio:[0m -29%   [2m(2 obs. fim_semana)[0m
2026-07-19 16:17:45 [INFO] 
2026-07-19 16:17:45 [INFO]   🔵 [94m[1mPT0002000125701614SQ[0m  [2m[sem cluster][0m
2026-07-19 16:17:45 [INFO]      consumiu MENOS que o habitual às 19h
2026-07-19 16:17:45 [INFO]      [2mReal:[0m 16.0 kWh   [2mHabitual:[0m 22.5 ± 2.2 kWh   [2mz:[0m -2.89   [2mdesvio:[0m -29%   [2m(2 obs. fim_semana)[0m
2026-07-19 16:17:45 [INFO] 
2026-07-19 16:17:45 [INFO]   🔵 [94m[1mPT0002000125701614SQ[0m  [2m[sem cluster][0m
2026-07-19 16:17:45 [INFO]      consumiu MENOS que o habitual às 20h
2026-07-19 16:17:45 [INFO]      [2mReal:[0m 15.0 kWh   [2mHabitual:[0m 21.0 ± 2.1 kWh   [2mz:[0m -2.86   [2mdesvio:[0m -29%   [2m(2 obs. fim_semana)[0m
2026-07-19 16:17:45 [INFO] 
2026-07-19 16:17:45 [INFO]   🔵 [94m[1mPT0002000068859393XH[0m  [2m[Cluster 1][0m
2026-07-19 16:17:45 [INFO]      consumiu MENOS que o habitual às 21h
2026-07-19 16:17:45 [INFO]      [2mReal:[0m 61.0 kWh   [2mHabitual:[0m 202.0 ± 49.7 kWh   [2mz:[0m -2.84   [2mdesvio:[0m -70%   [2m(3 obs. fim_semana)[0m
2026-07-19 16:17:45 [INFO] 
2026-07-19 16:17:45 [INFO]   🔵 [94m[1mPT0002000068856974CZ[0m  [2m[sem cluster][0m
2026-07-19 16:17:45 [INFO]      consumiu MENOS que o habitual às 14h
2026-07-19 16:17:45 [INFO]      [2mReal:[0m 11.0 kWh   [2mHabitual:[0m 39.0 ± 9.9 kWh   [2mz:[0m -2.83   [2mdesvio:[0m -72%   [2m(2 obs. fim_semana)[0m
2026-07-19 16:17:45 [INFO] 
2026-07-19 16:17:45 [INFO]   🔵 [94m[1mPT0002000068857099AR[0m  [2m[Cluster 1][0m
2026-07-19 16:17:45 [INFO]      consumiu MENOS que o habitual às 18h
2026-07-19 16:17:45 [INFO]      [2mReal:[0m 5.0 kWh   [2mHabitual:[0m 13.0 ± 2.8 kWh   [2mz:[0m -2.83   [2mdesvio:[0m -62%   [2m(2 obs. fim_semana)[0m
2026-07-19 16:17:45 [INFO] 
2026-07-19 16:17:45 [INFO]   🔵 [94m[1mPT0002000073231742VK[0m  [2m[Cluster 0][0m
2026-07-19 16:17:45 [INFO]      consumiu MENOS que o habitual às 07h
2026-07-19 16:17:45 [INFO]      [2mReal:[0m 12.0 kWh   [2mHabitual:[0m 24.0 ± 4.2 kWh   [2mz:[0m -2.83   [2mdesvio:[0m -50%   [2m(2 obs. fim_semana)[0m
2026-07-19 16:17:45 [INFO] 
2026-07-19 16:17:45 [INFO]   🔵 [94m[1mPT0002000073481266XH[0m  [2m[Cluster 0][0m
2026-07-19 16:17:45 [INFO]      consumiu MENOS que o habitual às 07h
2026-07-19 16:17:45 [INFO]      [2mReal:[0m 5.0 kWh   [2mHabitual:[0m 13.0 ± 2.8 kWh   [2mz:[0m -2.83   [2mdesvio:[0m -62%   [2m(2 obs. fim_semana)[0m
2026-07-19 16:17:45 [INFO] 
2026-07-19 16:17:45 [INFO]   🔵 [94m[1mPT0002000077394934QY[0m  [2m[Cluster 0][0m
2026-07-19 16:17:45 [INFO]      consumiu MENOS que o habitual às 13h
2026-07-19 16:17:45 [INFO]      [2mReal:[0m 69.0 kWh   [2mHabitual:[0m 113.0 ± 15.6 kWh   [2mz:[0m -2.83   [2mdesvio:[0m -39%   [2m(2 obs. fim_semana)[0m
2026-07-19 16:17:45 [INFO] 
2026-07-19 16:17:45 [INFO]   🔵 [94m[1mPT0002000077394934QY[0m  [2m[Cluster 0][0m
2026-07-19 16:17:45 [INFO]      consumiu MENOS que o habitual às 14h
2026-07-19 16:17:45 [INFO]      [2mReal:[0m 76.0 kWh   [2mHabitual:[0m 112.0 ± 12.7 kWh   [2mz:[0m -2.83   [2mdesvio:[0m -32%   [2m(2 obs. fim_semana)[0m
2026-07-19 16:17:45 [INFO] 
2026-07-19 16:17:45 [INFO]   🔵 [94m[1mPT0002000078207354XC[0m  [2m[Cluster 1][0m
2026-07-19 16:17:45 [INFO]      consumiu MENOS que o habitual às 10h
2026-07-19 16:17:45 [INFO]      [2mReal:[0m 4.0 kWh   [2mHabitual:[0m 8.0 ± 1.4 kWh   [2mz:[0m -2.83   [2mdesvio:[0m -50%   [2m(2 obs. fim_semana)[0m
2026-07-19 16:17:45 [INFO] 
2026-07-19 16:17:45 [INFO]   🔴 [91m[1mPT0002000081344542CP[0m  [2m[Cluster 1][0m
2026-07-19 16:17:45 [INFO]      consumiu MAIS que o habitual às 02h
2026-07-19 16:17:45 [INFO]      [2mReal:[0m 6.0 kWh   [2mHabitual:[0m 2.0 ± 1.4 kWh   [2mz:[0m +2.83   [2mdesvio:[0m +200%   [2m(2 obs. fim_semana)[0m
2026-07-19 16:17:45 [INFO] 
2026-07-19 16:17:45 [INFO]   🔵 [94m[1mPT0002000112989585PH[0m  [2m[Cluster 0][0m
2026-07-19 16:17:45 [INFO]      consumiu MENOS que o habitual às 17h
2026-07-19 16:17:45 [INFO]      [2mReal:[0m 0.0 kWh   [2mHabitual:[0m 8.0 ± 2.8 kWh   [2mz:[0m -2.83   [2mdesvio:[0m -100%   [2m(2 obs. fim_semana)[0m
2026-07-19 16:17:45 [INFO] 
2026-07-19 16:17:45 [INFO]   🔵 [94m[1mPT0002000115673471CB[0m  [2m[Cluster 0][0m
2026-07-19 16:17:45 [INFO]      consumiu MENOS que o habitual às 16h
2026-07-19 16:17:45 [INFO]      [2mReal:[0m 12.0 kWh   [2mHabitual:[0m 24.0 ± 4.2 kWh   [2mz:[0m -2.83   [2mdesvio:[0m -50%   [2m(2 obs. fim_semana)[0m
2026-07-19 16:17:45 [INFO] 
2026-07-19 16:17:45 [INFO]   🔵 [94m[1mPT0002000115700602GW[0m  [2m[Cluster 0][0m
2026-07-19 16:17:45 [INFO]      consumiu MENOS que o habitual às 10h
2026-07-19 16:17:45 [INFO]      [2mReal:[0m 8.0 kWh   [2mHabitual:[0m 48.0 ± 14.1 kWh   [2mz:[0m -2.83   [2mdesvio:[0m -83%   [2m(2 obs. fim_semana)[0m
2026-07-19 16:17:45 [INFO] 
2026-07-19 16:17:45 [INFO]   🔵 [94m[1mPT0002000120237616VJ[0m  [2m[Cluster 0][0m
2026-07-19 16:17:45 [INFO]      consumiu MENOS que o habitual às 18h
2026-07-19 16:17:45 [INFO]      [2mReal:[0m 11.0 kWh   [2mHabitual:[0m 23.0 ± 4.2 kWh   [2mz:[0m -2.83   [2mdesvio:[0m -52%   [2m(2 obs. fim_semana)[0m
2026-07-19 16:17:45 [INFO] 
2026-07-19 16:17:45 [INFO]   🔵 [94m[1mPT0002000068859187RL[0m  [2m[Cluster 0][0m
2026-07-19 16:17:45 [INFO]      consumiu MENOS que o habitual às 11h
2026-07-19 16:17:45 [INFO]      [2mReal:[0m 21.0 kWh   [2mHabitual:[0m 84.0 ± 22.6 kWh   [2mz:[0m -2.78   [2mdesvio:[0m -75%   [2m(2 obs. fim_semana)[0m
2026-07-19 16:17:45 [INFO] 
2026-07-19 16:17:45 [INFO]   🔵 [94m[1mPT0002000068857897ZV[0m  [2m[Cluster 0][0m
2026-07-19 16:17:45 [INFO]      consumiu MENOS que o habitual às 14h
2026-07-19 16:17:45 [INFO]      [2mReal:[0m 26.0 kWh   [2mHabitual:[0m 51.5 ± 9.2 kWh   [2mz:[0m -2.77   [2mdesvio:[0m -50%   [2m(2 obs. fim_semana)[0m
2026-07-19 16:17:45 [INFO] 
2026-07-19 16:17:45 [INFO]   🔵 [94m[1mPT0002000033074862LZ[0m  [2m[Cluster 0][0m
2026-07-19 16:17:45 [INFO]      consumiu MENOS que o habitual às 07h
2026-07-19 16:17:45 [INFO]      [2mReal:[0m 13.0 kWh   [2mHabitual:[0m 30.5 ± 6.4 kWh   [2mz:[0m -2.75   [2mdesvio:[0m -57%   [2m(2 obs. fim_semana)[0m
2026-07-19 16:17:45 [INFO] 
2026-07-19 16:17:45 [INFO]   🔵 [94m[1mPT0002000115673389QK[0m  [2m[Cluster 0][0m
2026-07-19 16:17:45 [INFO]      consumiu MENOS que o habitual às 17h
2026-07-19 16:17:45 [INFO]      [2mReal:[0m 21.0 kWh   [2mHabitual:[0m 38.5 ± 6.4 kWh   [2mz:[0m -2.75   [2mdesvio:[0m -45%   [2m(2 obs. fim_semana)[0m
2026-07-19 16:17:45 [INFO] 
2026-07-19 16:17:45 [INFO]   🔵 [94m[1mPT0002000114685657JR[0m  [2m[Cluster 0][0m
2026-07-19 16:17:45 [INFO]      consumiu MENOS que o habitual às 07h
2026-07-19 16:17:45 [INFO]      [2mReal:[0m 154.0 kWh   [2mHabitual:[0m 211.5 ± 21.1 kWh   [2mz:[0m -2.72   [2mdesvio:[0m -27%   [2m(2 obs. fim_semana)[0m
2026-07-19 16:17:45 [INFO] 
2026-07-19 16:17:45 [INFO]   🔵 [94m[1mPT0002000068855003AK[0m  [2m[sem cluster][0m
2026-07-19 16:17:45 [INFO]      consumiu MENOS que o habitual às 14h
2026-07-19 16:17:45 [INFO]      [2mReal:[0m 27.0 kWh   [2mHabitual:[0m 46.0 ± 7.1 kWh   [2mz:[0m -2.69   [2mdesvio:[0m -41%   [2m(2 obs. fim_semana)[0m
2026-07-19 16:17:45 [INFO] 
2026-07-19 16:17:45 [INFO]   🔵 [94m[1mPT0002000077394934QY[0m  [2m[Cluster 0][0m
2026-07-19 16:17:45 [INFO]      consumiu MENOS que o habitual às 10h
2026-07-19 16:17:45 [INFO]      [2mReal:[0m 70.0 kWh   [2mHabitual:[0m 127.0 ± 21.2 kWh   [2mz:[0m -2.69   [2mdesvio:[0m -45%   [2m(2 obs. fim_semana)[0m
2026-07-19 16:17:45 [INFO] 
2026-07-19 16:17:45 [INFO]   🔵 [94m[1mPT0002000107046231FW[0m  [2m[Cluster 0][0m
2026-07-19 16:17:45 [INFO]      consumiu MENOS que o habitual às 09h
2026-07-19 16:17:45 [INFO]      [2mReal:[0m 3.0 kWh   [2mHabitual:[0m 22.0 ± 7.1 kWh   [2mz:[0m -2.69   [2mdesvio:[0m -86%   [2m(2 obs. fim_semana)[0m
2026-07-19 16:17:45 [INFO] 
2026-07-19 16:17:45 [INFO]   🔵 [94m[1mPT0002000125379984SH[0m  [2m[Cluster 1][0m
2026-07-19 16:17:45 [INFO]      consumiu MENOS que o habitual às 20h
2026-07-19 16:17:45 [INFO]      [2mReal:[0m 5.0 kWh   [2mHabitual:[0m 14.5 ± 3.5 kWh   [2mz:[0m -2.69   [2mdesvio:[0m -66%   [2m(2 obs. fim_semana)[0m
2026-07-19 16:17:45 [INFO] 
2026-07-19 16:17:45 [INFO]   🔴 [91m[1mPT0002000201936109ME[0m  [2m[Cluster 0][0m
2026-07-19 16:17:45 [INFO]      consumiu MAIS que o habitual às 07h
2026-07-19 16:17:45 [INFO]      [2mReal:[0m 36.0 kWh   [2mHabitual:[0m 17.0 ± 7.1 kWh   [2mz:[0m +2.69   [2mdesvio:[0m +112%   [2m(2 obs. fim_semana)[0m
2026-07-19 16:17:45 [INFO] 
2026-07-19 16:17:45 [INFO]   🔵 [94m[1mPT0002000068858231YY[0m  [2m[sem cluster][0m
2026-07-19 16:17:45 [INFO]      consumiu MENOS que o habitual às 08h
2026-07-19 16:17:45 [INFO]      [2mReal:[0m 21.0 kWh   [2mHabitual:[0m 45.5 ± 9.2 kWh   [2mz:[0m -2.67   [2mdesvio:[0m -54%   [2m(2 obs. fim_semana)[0m
2026-07-19 16:17:45 [INFO] 
2026-07-19 16:17:45 [INFO]   🔵 [94m[1mPT0002000120237616VJ[0m  [2m[Cluster 0][0m
2026-07-19 16:17:45 [INFO]      consumiu MENOS que o habitual às 20h
2026-07-19 16:17:45 [INFO]      [2mReal:[0m 11.0 kWh   [2mHabitual:[0m 15.0 ± 1.5 kWh   [2mz:[0m -2.67   [2mdesvio:[0m -27%   [2m(2 obs. fim_semana)[0m
2026-07-19 16:17:45 [INFO] 
2026-07-19 16:17:45 [INFO]   🔵 [94m[1mPT0002000120237616VJ[0m  [2m[Cluster 0][0m
2026-07-19 16:17:45 [INFO]      consumiu MENOS que o habitual às 21h
2026-07-19 16:17:45 [INFO]      [2mReal:[0m 11.0 kWh   [2mHabitual:[0m 15.0 ± 1.5 kWh   [2mz:[0m -2.67   [2mdesvio:[0m -27%   [2m(3 obs. fim_semana)[0m
2026-07-19 16:17:45 [INFO] 
2026-07-19 16:17:45 [INFO]   🔴 [91m[1mPT0002000110814293YC[0m  [2m[sem cluster][0m
2026-07-19 16:17:45 [INFO]      consumiu MAIS que o habitual às 20h
2026-07-19 16:17:45 [INFO]      [2mReal:[0m 50.0 kWh   [2mHabitual:[0m 39.5 ± 4.0 kWh   [2mz:[0m +2.66   [2mdesvio:[0m +27%   [2m(2 obs. fim_semana)[0m
2026-07-19 16:17:45 [INFO] 
2026-07-19 16:17:45 [INFO]   🔵 [94m[1mPT0002000068857897ZV[0m  [2m[Cluster 0][0m
2026-07-19 16:17:45 [INFO]      consumiu MENOS que o habitual às 16h
2026-07-19 16:17:45 [INFO]      [2mReal:[0m 26.0 kWh   [2mHabitual:[0m 41.0 ± 5.7 kWh   [2mz:[0m -2.65   [2mdesvio:[0m -37%   [2m(2 obs. fim_semana)[0m
2026-07-19 16:17:45 [INFO] 
2026-07-19 16:17:45 [INFO]   🔵 [94m[1mPT0002000112989585PH[0m  [2m[Cluster 0][0m
2026-07-19 16:17:45 [INFO]      consumiu MENOS que o habitual às 20h
2026-07-19 16:17:45 [INFO]      [2mReal:[0m 39.0 kWh   [2mHabitual:[0m 53.0 ± 5.3 kWh   [2mz:[0m -2.64   [2mdesvio:[0m -26%   [2m(2 obs. fim_semana)[0m
2026-07-19 16:17:45 [INFO] 
2026-07-19 16:17:45 [INFO]   🔵 [94m[1mPT0002000114685657JR[0m  [2m[Cluster 0][0m
2026-07-19 16:17:45 [INFO]      consumiu MENOS que o habitual às 19h
2026-07-19 16:17:45 [INFO]      [2mReal:[0m 167.0 kWh   [2mHabitual:[0m 227.0 ± 22.7 kWh   [2mz:[0m -2.64   [2mdesvio:[0m -26%   [2m(2 obs. fim_semana)[0m
2026-07-19 16:17:45 [INFO] 
2026-07-19 16:17:45 [INFO]   🔴 [91m[1mPT0002000068856974CZ[0m  [2m[sem cluster][0m
2026-07-19 16:17:45 [INFO]      consumiu MAIS que o habitual às 05h
2026-07-19 16:17:45 [INFO]      [2mReal:[0m 12.0 kWh   [2mHabitual:[0m 9.5 ± 0.9 kWh   [2mz:[0m +2.63   [2mdesvio:[0m +26%   [2m(2 obs. fim_semana)[0m
2026-07-19 16:17:45 [INFO] 
2026-07-19 16:17:45 [INFO]   🔵 [94m[1mPT0002000114613364CC[0m  [2m[sem cluster][0m
2026-07-19 16:17:45 [INFO]      consumiu MENOS que o habitual às 18h
2026-07-19 16:17:45 [INFO]      [2mReal:[0m 118.0 kWh   [2mHabitual:[0m 160.0 ± 16.0 kWh   [2mz:[0m -2.62   [2mdesvio:[0m -26%   [2m(2 obs. fim_semana)[0m
2026-07-19 16:17:45 [INFO] 
2026-07-19 16:17:45 [INFO]   🔵 [94m[1mPT0002000068859187RL[0m  [2m[Cluster 0][0m
2026-07-19 16:17:45 [INFO]      consumiu MENOS que o habitual às 12h
2026-07-19 16:17:45 [INFO]      [2mReal:[0m 21.0 kWh   [2mHabitual:[0m 80.0 ± 22.6 kWh   [2mz:[0m -2.61   [2mdesvio:[0m -74%   [2m(2 obs. fim_semana)[0m
2026-07-19 16:17:45 [INFO] 
2026-07-19 16:17:45 [INFO]   🔵 [94m[1mPT0002000116530964LH[0m  [2m[sem cluster][0m
2026-07-19 16:17:45 [INFO]      consumiu MENOS que o habitual às 07h
2026-07-19 16:17:45 [INFO]      [2mReal:[0m 88.0 kWh   [2mHabitual:[0m 119.0 ± 11.9 kWh   [2mz:[0m -2.61   [2mdesvio:[0m -26%   [2m(2 obs. fim_semana)[0m
2026-07-19 16:17:45 [INFO] 
2026-07-19 16:17:45 [INFO]   🔴 [91m[1mPT0002000068859325FL[0m  [2m[Cluster 1][0m
2026-07-19 16:17:45 [INFO]      consumiu MAIS que o habitual às 01h
2026-07-19 16:17:45 [INFO]      [2mReal:[0m 116.0 kWh   [2mHabitual:[0m 72.0 ± 17.0 kWh   [2mz:[0m +2.59   [2mdesvio:[0m +61%   [2m(2 obs. fim_semana)[0m
2026-07-19 16:17:45 [INFO] 
2026-07-19 16:17:45 [INFO]   🔴 [91m[1mPT0002000068859325FL[0m  [2m[Cluster 1][0m
2026-07-19 16:17:45 [INFO]      consumiu MAIS que o habitual às 02h
2026-07-19 16:17:45 [INFO]      [2mReal:[0m 116.0 kWh   [2mHabitual:[0m 72.0 ± 17.0 kWh   [2mz:[0m +2.59   [2mdesvio:[0m +61%   [2m(2 obs. fim_semana)[0m
2026-07-19 16:17:45 [INFO] 
2026-07-19 16:17:45 [INFO]   🔴 [91m[1mPT0002000068859325FL[0m  [2m[Cluster 1][0m
2026-07-19 16:17:45 [INFO]      consumiu MAIS que o habitual às 03h
2026-07-19 16:17:45 [INFO]      [2mReal:[0m 116.0 kWh   [2mHabitual:[0m 72.0 ± 17.0 kWh   [2mz:[0m +2.59   [2mdesvio:[0m +61%   [2m(2 obs. fim_semana)[0m
2026-07-19 16:17:45 [INFO] 
2026-07-19 16:17:45 [INFO]   🔴 [91m[1mPT0002000068859325FL[0m  [2m[Cluster 1][0m
2026-07-19 16:17:45 [INFO]      consumiu MAIS que o habitual às 04h
2026-07-19 16:17:45 [INFO]      [2mReal:[0m 116.0 kWh   [2mHabitual:[0m 72.0 ± 17.0 kWh   [2mz:[0m +2.59   [2mdesvio:[0m +61%   [2m(2 obs. fim_semana)[0m
2026-07-19 16:17:45 [INFO] 
2026-07-19 16:17:45 [INFO]   🔵 [94m[1mPT0002000120237616VJ[0m  [2m[Cluster 0][0m
2026-07-19 16:17:45 [INFO]      consumiu MENOS que o habitual às 01h
2026-07-19 16:17:45 [INFO]      [2mReal:[0m 10.0 kWh   [2mHabitual:[0m 13.5 ± 1.4 kWh   [2mz:[0m -2.59   [2mdesvio:[0m -26%   [2m(2 obs. fim_semana)[0m
2026-07-19 16:17:45 [INFO] 
2026-07-19 16:17:45 [INFO]   🔵 [94m[1mPT0002000120237616VJ[0m  [2m[Cluster 0][0m
2026-07-19 16:17:45 [INFO]      consumiu MENOS que o habitual às 03h
2026-07-19 16:17:45 [INFO]      [2mReal:[0m 10.0 kWh   [2mHabitual:[0m 13.5 ± 1.4 kWh   [2mz:[0m -2.59   [2mdesvio:[0m -26%   [2m(2 obs. fim_semana)[0m
2026-07-19 16:17:45 [INFO] 
2026-07-19 16:17:45 [INFO]   🔵 [94m[1mPT0002000125701614SQ[0m  [2m[sem cluster][0m
2026-07-19 16:17:45 [INFO]      consumiu MENOS que o habitual às 16h
2026-07-19 16:17:45 [INFO]      [2mReal:[0m 15.0 kWh   [2mHabitual:[0m 20.5 ± 2.1 kWh   [2mz:[0m -2.59   [2mdesvio:[0m -27%   [2m(2 obs. fim_semana)[0m
2026-07-19 16:17:45 [INFO] 
2026-07-19 16:17:45 [INFO]   🔴 [91m[1mPT0002000201936109ME[0m  [2m[Cluster 0][0m
2026-07-19 16:17:45 [INFO]      consumiu MAIS que o habitual às 16h
2026-07-19 16:17:45 [INFO]      [2mReal:[0m 100.0 kWh   [2mHabitual:[0m 23.0 ± 29.7 kWh   [2mz:[0m +2.59   [2mdesvio:[0m +335%   [2m(2 obs. fim_semana)[0m
2026-07-19 16:17:45 [INFO] 
2026-07-19 16:17:45 [INFO]   🔴 [91m[1mPT0002000073720434JD[0m  [2m[sem cluster][0m
2026-07-19 16:17:45 [INFO]      consumiu MAIS que o habitual às 12h
2026-07-19 16:17:45 [INFO]      [2mReal:[0m 27.0 kWh   [2mHabitual:[0m 21.5 ± 2.1 kWh   [2mz:[0m +2.56   [2mdesvio:[0m +26%   [2m(2 obs. fim_semana)[0m
2026-07-19 16:17:45 [INFO] 
2026-07-19 16:17:45 [INFO]   🔵 [94m[1mPT0002000078233981HJ[0m  [2m[Cluster 1][0m
2026-07-19 16:17:45 [INFO]      consumiu MENOS que o habitual às 18h
2026-07-19 16:17:45 [INFO]      [2mReal:[0m 1.0 kWh   [2mHabitual:[0m 19.0 ± 7.1 kWh   [2mz:[0m -2.55   [2mdesvio:[0m -95%   [2m(2 obs. fim_semana)[0m
2026-07-19 16:17:45 [INFO] 
2026-07-19 16:17:45 [INFO]   🔴 [91m[1mPT0002000201936109ME[0m  [2m[Cluster 0][0m
2026-07-19 16:17:45 [INFO]      consumiu MAIS que o habitual às 08h
2026-07-19 16:17:45 [INFO]      [2mReal:[0m 37.0 kWh   [2mHabitual:[0m 19.0 ± 7.1 kWh   [2mz:[0m +2.55   [2mdesvio:[0m +95%   [2m(2 obs. fim_semana)[0m
2026-07-19 16:17:45 [INFO] 
2026-07-19 16:17:45 [INFO]   🔴 [91m[1mPT0002000068859325FL[0m  [2m[Cluster 1][0m
2026-07-19 16:17:45 [INFO]      consumiu MAIS que o habitual às 11h
2026-07-19 16:17:45 [INFO]      [2mReal:[0m 400.0 kWh   [2mHabitual:[0m 206.0 ± 76.4 kWh   [2mz:[0m +2.54   [2mdesvio:[0m +94%   [2m(2 obs. fim_semana)[0m
2026-07-19 16:17:45 [INFO] 
2026-07-19 16:17:45 [INFO]   🔵 [94m[1mPT0002000077394934QY[0m  [2m[Cluster 0][0m
2026-07-19 16:17:45 [INFO]      consumiu MENOS que o habitual às 07h
2026-07-19 16:17:45 [INFO]      [2mReal:[0m 50.0 kWh   [2mHabitual:[0m 67.0 ± 6.7 kWh   [2mz:[0m -2.54   [2mdesvio:[0m -25%   [2m(2 obs. fim_semana)[0m
2026-07-19 16:17:45 [INFO] 
2026-07-19 16:17:45 [INFO]   🔵 [94m[1mPT0002000079469719HF[0m  [2m[sem cluster][0m
2026-07-19 16:17:45 [INFO]      consumiu MENOS que o habitual às 20h
2026-07-19 16:17:45 [INFO]      [2mReal:[0m 125.0 kWh   [2mHabitual:[0m 167.5 ± 16.8 kWh   [2mz:[0m -2.54   [2mdesvio:[0m -25%   [2m(2 obs. fim_semana)[0m
2026-07-19 16:17:45 [INFO] 
2026-07-19 16:17:45 [INFO]   🔵 [94m[1mPT0002000107172384HT[0m  [2m[Cluster 1][0m
2026-07-19 16:17:45 [INFO]      consumiu MENOS que o habitual às 11h
2026-07-19 16:17:45 [INFO]      [2mReal:[0m 22.0 kWh   [2mHabitual:[0m 29.5 ± 3.0 kWh   [2mz:[0m -2.54   [2mdesvio:[0m -25%   [2m(2 obs. fim_semana)[0m
2026-07-19 16:17:45 [INFO] 
2026-07-19 16:17:45 [INFO]   🔴 [91m[1mPT0002000201936109ME[0m  [2m[Cluster 0][0m
2026-07-19 16:17:45 [INFO]      consumiu MAIS que o habitual às 17h
2026-07-19 16:17:45 [INFO]      [2mReal:[0m 122.0 kWh   [2mHabitual:[0m 30.5 ± 36.1 kWh   [2mz:[0m +2.54   [2mdesvio:[0m +300%   [2m(2 obs. fim_semana)[0m
2026-07-19 16:17:45 [INFO] 
2026-07-19 16:17:45 [INFO]   🔵 [94m[1mPT0002000078140706BA[0m  [2m[sem cluster][0m
2026-07-19 16:17:45 [INFO]      consumiu MENOS que o habitual às 08h
2026-07-19 16:17:45 [INFO]      [2mReal:[0m 7.0 kWh   [2mHabitual:[0m 168.0 ± 63.6 kWh   [2mz:[0m -2.53   [2mdesvio:[0m -96%   [2m(2 obs. fim_semana)[0m
2026-07-19 16:17:45 [INFO] 
2026-07-19 16:17:45 [INFO]   [2mCSV:[0m /home/runner/work/ts-anomaly-detection-dissertation/ts-anomaly-detection-dissertation/results/energia/realtime/alerts/analise_energia_2026-07-18.csv
2026-07-19 16:17:45 [INFO] 
2026-07-19 16:17:45 [INFO] [96m→ A prever consumo de 2026-07-19 para 276 CPEs...[0m
2026-07-19 16:17:50 [INFO] [1m══════════════════════════════════════════════════════════════════════[0m
2026-07-19 16:17:50 [INFO] [1m  PREDIÇÃO — 2026-07-19 [0m[2m(fim semana)[0m
2026-07-19 16:17:50 [INFO] [1m══════════════════════════════════════════════════════════════════════[0m
2026-07-19 16:17:50 [INFO]   [95m● CPEs previstos[0m          69 [2m(alta: 0, baixa: 1656)[0m
2026-07-19 16:17:50 [INFO]   [95m● Consumo total previsto[0m 99949.3 kWh [2m(±22871.6)[0m
2026-07-19 16:17:50 [INFO] 
2026-07-19 16:17:50 [INFO]   [2mPrevisão guardada:[0m /home/runner/work/ts-anomaly-detection-dissertation/ts-anomaly-detection-dissertation/results/energia/realtime/predictions/previsao_energia_2026-07-19.csv
2026-07-19 16:17:50 [INFO] 
2026-07-19 16:17:50 [INFO] [1m══════════════════════════════════════════════════════════════════════[0m
2026-07-19 16:17:50 [INFO] [1m  VALIDAÇÃO — qualidade das previsões anteriores[0m
2026-07-19 16:17:50 [INFO] [1m══════════════════════════════════════════════════════════════════════[0m
2026-07-19 16:17:50 [INFO]   [2mDias validados:[0m 4   [2mpendentes:[0m 34
2026-07-19 16:17:50 [INFO]   [2mÚltimo (2026-07-18):[0m MAE 17.70 kWh   RMSE 41.42   em ±1σ 48% [2m(esperado ~68%)[0m   em ±2σ 66% [2m(esperado ~95%)[0m
2026-07-19 16:17:50 [INFO]   [2mMédia acumulada:[0m MAE 13.24 kWh   RMSE 35.72   em ±1σ 62%   em ±2σ 80%
2026-07-19 16:17:50 [INFO]   [2mCSV:[0m /home/runner/work/ts-anomaly-detection-dissertation/ts-anomaly-detection-dissertation/results/energia/realtime/analysis/qualidade_previsoes_energia.csv
2026-07-19 16:17:50 [INFO] 
2026-07-19 17:14:18 [INFO] [96m→ A pedir dados ao BaZe (276 CPEs)...[0m
2026-07-19 17:25:29 [INFO] 
2026-07-19 17:25:29 [INFO] [1m══════════════════════════════════════════════════════════════════════[0m
2026-07-19 17:25:29 [INFO] [1m  DETEÇÃO DE ANOMALIAS — 2026-07-18[0m
2026-07-19 17:25:29 [INFO] [1m══════════════════════════════════════════════════════════════════════[0m
2026-07-19 17:25:29 [INFO]   [2mTipo de dia:[0m  fim semana
2026-07-19 17:25:29 [INFO]   [2mFonte:[0m        BAZE
2026-07-19 17:25:29 [INFO]   [2mCPEs c/ dados:[0m 69
2026-07-19 17:25:29 [INFO]   [2mThreshold:[0m    |z| > 2.5 [2m(adaptativo a este tipo de dia)[0m
2026-07-19 17:25:29 [INFO] 
2026-07-19 17:25:29 [INFO] [96m→ A analisar 69 CPEs / 1656 pontos horários (retrospetiva)...[0m
2026-07-19 17:25:31 [INFO] [1m─── Resumo ─────────────────────────────────────[0m
2026-07-19 17:25:31 [INFO]   [92m● Normal[0m                1166 [2m( 70.4%)[0m
2026-07-19 17:25:31 [INFO]   [91m● Desvio (alta confiança)[0m    0 [2m(  0.0%)[0m
2026-07-19 17:25:31 [INFO]   [93m● Desvio (baixa confiança)[0m 490 [2m( 29.6%)[0m
2026-07-19 17:25:31 [INFO]   [2mTempo: 673.3s[0m
2026-07-19 17:25:31 [INFO] 
2026-07-19 17:25:31 [INFO] [1m[93m─── Desvios de BAIXA confiança (490) ──────────────[0m
2026-07-19 17:25:31 [INFO]   [2m(poucos dados históricos — verificar manualmente)[0m
2026-07-19 17:25:31 [INFO] 
2026-07-19 17:25:31 [INFO]   🔴 [91m[1mPT0002000068856872QG[0m  [2m[Cluster 1][0m
2026-07-19 17:25:31 [INFO]      consumiu MAIS que o habitual às 10h
2026-07-19 17:25:31 [INFO]      [2mReal:[0m 3.0 kWh   [2mHabitual:[0m 0.0 ± 0.3 kWh   [2mz:[0m +10.00   [2mdesvio:[0m +300000%   [2m(2 obs. fim_semana)[0m
2026-07-19 17:25:31 [INFO] 
2026-07-19 17:25:31 [INFO]   🔴 [91m[1mPT0002000068856872QG[0m  [2m[Cluster 1][0m
2026-07-19 17:25:31 [INFO]      consumiu MAIS que o habitual às 16h
2026-07-19 17:25:31 [INFO]      [2mReal:[0m 3.0 kWh   [2mHabitual:[0m 0.0 ± 0.3 kWh   [2mz:[0m +10.00   [2mdesvio:[0m +300000%   [2m(2 obs. fim_semana)[0m
2026-07-19 17:25:31 [INFO] 
2026-07-19 17:25:31 [INFO]   🔴 [91m[1mPT0002000068859325FL[0m  [2m[Cluster 1][0m
2026-07-19 17:25:31 [INFO]      consumiu MAIS que o habitual às 10h
2026-07-19 17:25:31 [INFO]      [2mReal:[0m 396.0 kWh   [2mHabitual:[0m 176.0 ± 17.6 kWh   [2mz:[0m +10.00⁺   [2mdesvio:[0m +125%   [2m(2 obs. fim_semana)[0m
2026-07-19 17:25:31 [INFO] 
2026-07-19 17:25:31 [INFO]   🔴 [91m[1mPT0002000068859597LS[0m  [2m[Cluster 0][0m
2026-07-19 17:25:31 [INFO]      consumiu MAIS que o habitual às 00h
2026-07-19 17:25:31 [INFO]      [2mReal:[0m 62.0 kWh   [2mHabitual:[0m 30.0 ± 3.0 kWh   [2mz:[0m +10.00⁺   [2mdesvio:[0m +107%   [2m(2 obs. fim_semana)[0m
2026-07-19 17:25:31 [INFO] 
2026-07-19 17:25:31 [INFO]   🔴 [91m[1mPT0002000073720434JD[0m  [2m[sem cluster][0m
2026-07-19 17:25:31 [INFO]      consumiu MAIS que o habitual às 18h
2026-07-19 17:25:31 [INFO]      [2mReal:[0m 83.0 kWh   [2mHabitual:[0m 30.5 ± 3.0 kWh   [2mz:[0m +10.00⁺   [2mdesvio:[0m +172%   [2m(2 obs. fim_semana)[0m
2026-07-19 17:25:31 [INFO] 
2026-07-19 17:25:31 [INFO]   🔴 [91m[1mPT0002000077348081AG[0m  [2m[sem cluster][0m
2026-07-19 17:25:31 [INFO]      consumiu MAIS que o habitual às 23h
2026-07-19 17:25:31 [INFO]      [2mReal:[0m 77.0 kWh   [2mHabitual:[0m 27.0 ± 2.7 kWh   [2mz:[0m +10.00⁺   [2mdesvio:[0m +185%   [2m(3 obs. fim_semana)[0m
2026-07-19 17:25:31 [INFO] 
2026-07-19 17:25:31 [INFO]   🔵 [94m[1mPT0002000077647404EM[0m  [2m[Cluster 1][0m
2026-07-19 17:25:31 [INFO]      consumiu MENOS que o habitual às 09h
2026-07-19 17:25:31 [INFO]      [2mReal:[0m 0.0 kWh   [2mHabitual:[0m 81.5 ± 8.2 kWh   [2mz:[0m -10.00   [2mdesvio:[0m -100%   [2m(2 obs. fim_semana)[0m
2026-07-19 17:25:31 [INFO] 
2026-07-19 17:25:31 [INFO]   🔵 [94m[1mPT0002000077647404EM[0m  [2m[Cluster 1][0m
2026-07-19 17:25:31 [INFO]      consumiu MENOS que o habitual às 11h
2026-07-19 17:25:31 [INFO]      [2mReal:[0m 0.0 kWh   [2mHabitual:[0m 82.0 ± 8.2 kWh   [2mz:[0m -10.00   [2mdesvio:[0m -100%   [2m(2 obs. fim_semana)[0m
2026-07-19 17:25:31 [INFO] 
2026-07-19 17:25:31 [INFO]   🔴 [91m[1mPT0002000078233981HJ[0m  [2m[Cluster 1][0m
2026-07-19 17:25:31 [INFO]      consumiu MAIS que o habitual às 08h
2026-07-19 17:25:31 [INFO]      [2mReal:[0m 11.0 kWh   [2mHabitual:[0m 1.5 ± 0.7 kWh   [2mz:[0m +10.00⁺   [2mdesvio:[0m +633%   [2m(2 obs. fim_semana)[0m
2026-07-19 17:25:31 [INFO] 
2026-07-19 17:25:31 [INFO]   🔴 [91m[1mPT0002000078233981HJ[0m  [2m[Cluster 1][0m
2026-07-19 17:25:31 [INFO]      consumiu MAIS que o habitual às 09h
2026-07-19 17:25:31 [INFO]      [2mReal:[0m 15.0 kWh   [2mHabitual:[0m 1.5 ± 0.7 kWh   [2mz:[0m +10.00⁺   [2mdesvio:[0m +900%   [2m(2 obs. fim_semana)[0m
2026-07-19 17:25:31 [INFO] 
2026-07-19 17:25:31 [INFO]   🔴 [91m[1mPT0002000078233981HJ[0m  [2m[Cluster 1][0m
2026-07-19 17:25:31 [INFO]      consumiu MAIS que o habitual às 10h
2026-07-19 17:25:31 [INFO]      [2mReal:[0m 14.0 kWh   [2mHabitual:[0m 2.0 ± 0.3 kWh   [2mz:[0m +10.00⁺   [2mdesvio:[0m +600%   [2m(2 obs. fim_semana)[0m
2026-07-19 17:25:31 [INFO] 
2026-07-19 17:25:31 [INFO]   🔴 [91m[1mPT0002000078233981HJ[0m  [2m[Cluster 1][0m
2026-07-19 17:25:31 [INFO]      consumiu MAIS que o habitual às 11h
2026-07-19 17:25:31 [INFO]      [2mReal:[0m 12.0 kWh   [2mHabitual:[0m 1.5 ± 0.7 kWh   [2mz:[0m +10.00⁺   [2mdesvio:[0m +700%   [2m(2 obs. fim_semana)[0m
2026-07-19 17:25:31 [INFO] 
2026-07-19 17:25:31 [INFO]   🔴 [91m[1mPT0002000078233981HJ[0m  [2m[Cluster 1][0m
2026-07-19 17:25:31 [INFO]      consumiu MAIS que o habitual às 13h
2026-07-19 17:25:31 [INFO]      [2mReal:[0m 7.0 kWh   [2mHabitual:[0m 2.0 ± 0.3 kWh   [2mz:[0m +10.00⁺   [2mdesvio:[0m +250%   [2m(2 obs. fim_semana)[0m
2026-07-19 17:25:31 [INFO] 
2026-07-19 17:25:31 [INFO]   🔴 [91m[1mPT0002000109837807PE[0m  [2m[Cluster 1][0m
2026-07-19 17:25:31 [INFO]      consumiu MAIS que o habitual às 10h
2026-07-19 17:25:31 [INFO]      [2mReal:[0m 14.0 kWh   [2mHabitual:[0m 3.5 ± 0.7 kWh   [2mz:[0m +10.00⁺   [2mdesvio:[0m +300%   [2m(2 obs. fim_semana)[0m
2026-07-19 17:25:31 [INFO] 
2026-07-19 17:25:31 [INFO]   🔴 [91m[1mPT0002000110607652SB[0m  [2m[Cluster 0][0m
2026-07-19 17:25:31 [INFO]      consumiu MAIS que o habitual às 21h
2026-07-19 17:25:31 [INFO]      [2mReal:[0m 16.0 kWh   [2mHabitual:[0m 8.0 ± 0.8 kWh   [2mz:[0m +10.00   [2mdesvio:[0m +100%   [2m(3 obs. fim_semana)[0m
2026-07-19 17:25:31 [INFO] 
2026-07-19 17:25:31 [INFO]   🔴 [91m[1mPT0002000110607652SB[0m  [2m[Cluster 0][0m
2026-07-19 17:25:31 [INFO]      consumiu MAIS que o habitual às 23h
2026-07-19 17:25:31 [INFO]      [2mReal:[0m 16.0 kWh   [2mHabitual:[0m 8.0 ± 0.8 kWh   [2mz:[0m +10.00   [2mdesvio:[0m +100%   [2m(3 obs. fim_semana)[0m
2026-07-19 17:25:31 [INFO] 
2026-07-19 17:25:31 [INFO]   🔴 [91m[1mPT0002000203419117SJ[0m  [2m[sem cluster][0m
2026-07-19 17:25:31 [INFO]      consumiu MAIS que o habitual às 06h
2026-07-19 17:25:31 [INFO]      [2mReal:[0m 4.0 kWh   [2mHabitual:[0m 0.0 ± 0.3 kWh   [2mz:[0m +10.00⁺   [2mdesvio:[0m +400000%   [2m(2 obs. fim_semana)[0m
2026-07-19 17:25:31 [INFO] 
2026-07-19 17:25:31 [INFO]   🔴 [91m[1mPT0002000203886452WB[0m  [2m[sem cluster][0m
2026-07-19 17:25:31 [INFO]      consumiu MAIS que o habitual às 01h
2026-07-19 17:25:31 [INFO]      [2mReal:[0m 20.0 kWh   [2mHabitual:[0m 0.0 ± 0.3 kWh   [2mz:[0m +10.00⁺   [2mdesvio:[0m +2000000%   [2m(2 obs. fim_semana)[0m
2026-07-19 17:25:31 [INFO] 
2026-07-19 17:25:31 [INFO]   🔴 [91m[1mPT0002000203886452WB[0m  [2m[sem cluster][0m
2026-07-19 17:25:31 [INFO]      consumiu MAIS que o habitual às 02h
2026-07-19 17:25:31 [INFO]      [2mReal:[0m 20.0 kWh   [2mHabitual:[0m 0.0 ± 0.3 kWh   [2mz:[0m +10.00⁺   [2mdesvio:[0m +2000000%   [2m(2 obs. fim_semana)[0m
2026-07-19 17:25:31 [INFO] 
2026-07-19 17:25:31 [INFO]   🔴 [91m[1mPT0002000203886452WB[0m  [2m[sem cluster][0m
2026-07-19 17:25:31 [INFO]      consumiu MAIS que o habitual às 03h
2026-07-19 17:25:31 [INFO]      [2mReal:[0m 20.0 kWh   [2mHabitual:[0m 0.0 ± 0.3 kWh   [2mz:[0m +10.00⁺   [2mdesvio:[0m +2000000%   [2m(2 obs. fim_semana)[0m
2026-07-19 17:25:31 [INFO] 
2026-07-19 17:25:31 [INFO]   🔴 [91m[1mPT0002000203886452WB[0m  [2m[sem cluster][0m
2026-07-19 17:25:31 [INFO]      consumiu MAIS que o habitual às 04h
2026-07-19 17:25:31 [INFO]      [2mReal:[0m 20.0 kWh   [2mHabitual:[0m 0.0 ± 0.3 kWh   [2mz:[0m +10.00⁺   [2mdesvio:[0m +2000000%   [2m(2 obs. fim_semana)[0m
2026-07-19 17:25:31 [INFO] 
2026-07-19 17:25:31 [INFO]   🔴 [91m[1mPT0002000203886452WB[0m  [2m[sem cluster][0m
2026-07-19 17:25:31 [INFO]      consumiu MAIS que o habitual às 05h
2026-07-19 17:25:31 [INFO]      [2mReal:[0m 20.0 kWh   [2mHabitual:[0m 0.0 ± 0.3 kWh   [2mz:[0m +10.00⁺   [2mdesvio:[0m +2000000%   [2m(2 obs. fim_semana)[0m
2026-07-19 17:25:31 [INFO] 
2026-07-19 17:25:31 [INFO]   🔴 [91m[1mPT0002000203886452WB[0m  [2m[sem cluster][0m
2026-07-19 17:25:31 [INFO]      consumiu MAIS que o habitual às 06h
2026-07-19 17:25:31 [INFO]      [2mReal:[0m 20.0 kWh   [2mHabitual:[0m 0.0 ± 0.3 kWh   [2mz:[0m +10.00⁺   [2mdesvio:[0m +2000000%   [2m(2 obs. fim_semana)[0m
2026-07-19 17:25:31 [INFO] 
2026-07-19 17:25:31 [INFO]   🔴 [91m[1mPT0002000203886452WB[0m  [2m[sem cluster][0m
2026-07-19 17:25:31 [INFO]      consumiu MAIS que o habitual às 07h
2026-07-19 17:25:31 [INFO]      [2mReal:[0m 20.0 kWh   [2mHabitual:[0m 0.0 ± 0.3 kWh   [2mz:[0m +10.00⁺   [2mdesvio:[0m +2000000%   [2m(2 obs. fim_semana)[0m
2026-07-19 17:25:31 [INFO] 
2026-07-19 17:25:31 [INFO]   🔴 [91m[1mPT0002000203886452WB[0m  [2m[sem cluster][0m
2026-07-19 17:25:31 [INFO]      consumiu MAIS que o habitual às 08h
2026-07-19 17:25:31 [INFO]      [2mReal:[0m 20.0 kWh   [2mHabitual:[0m 0.0 ± 0.3 kWh   [2mz:[0m +10.00⁺   [2mdesvio:[0m +2000000%   [2m(2 obs. fim_semana)[0m
2026-07-19 17:25:31 [INFO] 
2026-07-19 17:25:31 [INFO]   🔵 [94m[1mPT0002000077647404EM[0m  [2m[Cluster 1][0m
2026-07-19 17:25:31 [INFO]      consumiu MENOS que o habitual às 10h
2026-07-19 17:25:31 [INFO]      [2mReal:[0m 1.0 kWh   [2mHabitual:[0m 82.5 ± 8.2 kWh   [2mz:[0m -9.88   [2mdesvio:[0m -99%   [2m(2 obs. fim_semana)[0m
2026-07-19 17:25:31 [INFO] 
2026-07-19 17:25:31 [INFO]   🔵 [94m[1mPT0002000115031201VQ[0m  [2m[Cluster 0][0m
2026-07-19 17:25:31 [INFO]      consumiu MENOS que o habitual às 11h
2026-07-19 17:25:31 [INFO]      [2mReal:[0m 3.0 kWh   [2mHabitual:[0m 40.0 ± 4.0 kWh   [2mz:[0m -9.25   [2mdesvio:[0m -92%   [2m(2 obs. fim_semana)[0m
2026-07-19 17:25:31 [INFO] 
2026-07-19 17:25:31 [INFO]   🔵 [94m[1mPT0002000119303492KB[0m  [2m[Cluster 0][0m
2026-07-19 17:25:31 [INFO]      consumiu MENOS que o habitual às 11h
2026-07-19 17:25:31 [INFO]      [2mReal:[0m 4.0 kWh   [2mHabitual:[0m 46.5 ± 4.7 kWh   [2mz:[0m -9.14   [2mdesvio:[0m -91%   [2m(2 obs. fim_semana)[0m
2026-07-19 17:25:31 [INFO] 
2026-07-19 17:25:31 [INFO]   🔵 [94m[1mPT0002000078140706BA[0m  [2m[sem cluster][0m
2026-07-19 17:25:31 [INFO]      consumiu MENOS que o habitual às 07h
2026-07-19 17:25:31 [INFO]      [2mReal:[0m 5.0 kWh   [2mHabitual:[0m 56.0 ± 5.6 kWh   [2mz:[0m -9.11   [2mdesvio:[0m -91%   [2m(2 obs. fim_semana)[0m
2026-07-19 17:25:31 [INFO] 
2026-07-19 17:25:31 [INFO]   🔵 [94m[1mPT0002000107046231FW[0m  [2m[Cluster 0][0m
2026-07-19 17:25:31 [INFO]      consumiu MENOS que o habitual às 16h
2026-07-19 17:25:31 [INFO]      [2mReal:[0m 2.0 kWh   [2mHabitual:[0m 22.5 ± 2.2 kWh   [2mz:[0m -9.11   [2mdesvio:[0m -91%   [2m(2 obs. fim_semana)[0m
2026-07-19 17:25:31 [INFO] 
2026-07-19 17:25:31 [INFO]   🔴 [91m[1mPT0002000073720434JD[0m  [2m[sem cluster][0m
2026-07-19 17:25:31 [INFO]      consumiu MAIS que o habitual às 17h
2026-07-19 17:25:31 [INFO]      [2mReal:[0m 88.0 kWh   [2mHabitual:[0m 24.0 ± 7.1 kWh   [2mz:[0m +9.05   [2mdesvio:[0m +267%   [2m(2 obs. fim_semana)[0m
2026-07-19 17:25:31 [INFO] 
2026-07-19 17:25:31 [INFO]   🔵 [94m[1mPT0002000119303492KB[0m  [2m[Cluster 0][0m
2026-07-19 17:25:31 [INFO]      consumiu MENOS que o habitual às 13h
2026-07-19 17:25:31 [INFO]      [2mReal:[0m 3.0 kWh   [2mHabitual:[0m 31.0 ± 3.1 kWh   [2mz:[0m -9.03   [2mdesvio:[0m -90%   [2m(2 obs. fim_semana)[0m
2026-07-19 17:25:31 [INFO] 
2026-07-19 17:25:31 [INFO]   🔵 [94m[1mPT0002000111572054VT[0m  [2m[sem cluster][0m
2026-07-19 17:25:31 [INFO]      consumiu MENOS que o habitual às 11h
2026-07-19 17:25:31 [INFO]      [2mReal:[0m 2.0 kWh   [2mHabitual:[0m 20.0 ± 2.0 kWh   [2mz:[0m -9.00   [2mdesvio:[0m -90%   [2m(2 obs. fim_semana)[0m
2026-07-19 17:25:31 [INFO] 
2026-07-19 17:25:31 [INFO]   🔵 [94m[1mPT0002000115031201VQ[0m  [2m[Cluster 0][0m
2026-07-19 17:25:31 [INFO]      consumiu MENOS que o habitual às 12h
2026-07-19 17:25:31 [INFO]      [2mReal:[0m 4.0 kWh   [2mHabitual:[0m 39.5 ± 4.0 kWh   [2mz:[0m -8.99   [2mdesvio:[0m -90%   [2m(2 obs. fim_semana)[0m
2026-07-19 17:25:31 [INFO] 
2026-07-19 17:25:31 [INFO]   🔵 [94m[1mPT0002000115031201VQ[0m  [2m[Cluster 0][0m
2026-07-19 17:25:31 [INFO]      consumiu MENOS que o habitual às 13h
2026-07-19 17:25:31 [INFO]      [2mReal:[0m 4.0 kWh   [2mHabitual:[0m 39.5 ± 4.0 kWh   [2mz:[0m -8.99   [2mdesvio:[0m -90%   [2m(2 obs. fim_semana)[0m
2026-07-19 17:25:31 [INFO] 
2026-07-19 17:25:31 [INFO]   🔵 [94m[1mPT0002000107046231FW[0m  [2m[Cluster 0][0m
2026-07-19 17:25:31 [INFO]      consumiu MENOS que o habitual às 14h
2026-07-19 17:25:31 [INFO]      [2mReal:[0m 3.0 kWh   [2mHabitual:[0m 29.5 ± 3.0 kWh   [2mz:[0m -8.98   [2mdesvio:[0m -90%   [2m(2 obs. fim_semana)[0m
2026-07-19 17:25:31 [INFO] 
2026-07-19 17:25:31 [INFO]   🔵 [94m[1mPT0002000107046231FW[0m  [2m[Cluster 0][0m
2026-07-19 17:25:31 [INFO]      consumiu MENOS que o habitual às 12h
2026-07-19 17:25:31 [INFO]      [2mReal:[0m 2.0 kWh   [2mHabitual:[0m 33.5 ± 3.5 kWh   [2mz:[0m -8.91   [2mdesvio:[0m -94%   [2m(2 obs. fim_semana)[0m
2026-07-19 17:25:31 [INFO] 
2026-07-19 17:25:31 [INFO]   🔵 [94m[1mPT0002000075637532JB[0m  [2m[Cluster 0][0m
2026-07-19 17:25:31 [INFO]      consumiu MENOS que o habitual às 12h
2026-07-19 17:25:31 [INFO]      [2mReal:[0m 4.0 kWh   [2mHabitual:[0m 36.5 ± 3.6 kWh   [2mz:[0m -8.90   [2mdesvio:[0m -89%   [2m(2 obs. fim_semana)[0m
2026-07-19 17:25:31 [INFO] 
2026-07-19 17:25:31 [INFO]   🔵 [94m[1mPT0002000107046231FW[0m  [2m[Cluster 0][0m
2026-07-19 17:25:31 [INFO]      consumiu MENOS que o habitual às 15h
2026-07-19 17:25:31 [INFO]      [2mReal:[0m 3.0 kWh   [2mHabitual:[0m 26.5 ± 2.6 kWh   [2mz:[0m -8.87   [2mdesvio:[0m -89%   [2m(2 obs. fim_semana)[0m
2026-07-19 17:25:31 [INFO] 
2026-07-19 17:25:31 [INFO]   🔵 [94m[1mPT0002000111572054VT[0m  [2m[sem cluster][0m
2026-07-19 17:25:31 [INFO]      consumiu MENOS que o habitual às 17h
2026-07-19 17:25:31 [INFO]      [2mReal:[0m 3.0 kWh   [2mHabitual:[0m 26.0 ± 2.6 kWh   [2mz:[0m -8.85   [2mdesvio:[0m -88%   [2m(2 obs. fim_semana)[0m
2026-07-19 17:25:31 [INFO] 
2026-07-19 17:25:31 [INFO]   🔵 [94m[1mPT0002000119303492KB[0m  [2m[Cluster 0][0m
2026-07-19 17:25:31 [INFO]      consumiu MENOS que o habitual às 15h
2026-07-19 17:25:31 [INFO]      [2mReal:[0m 3.0 kWh   [2mHabitual:[0m 26.0 ± 2.6 kWh   [2mz:[0m -8.85   [2mdesvio:[0m -88%   [2m(2 obs. fim_semana)[0m
2026-07-19 17:25:31 [INFO] 
2026-07-19 17:25:31 [INFO]   🔵 [94m[1mPT0002000073481266XH[0m  [2m[Cluster 0][0m
2026-07-19 17:25:31 [INFO]      consumiu MENOS que o habitual às 11h
2026-07-19 17:25:31 [INFO]      [2mReal:[0m 5.0 kWh   [2mHabitual:[0m 40.0 ± 4.0 kWh   [2mz:[0m -8.75   [2mdesvio:[0m -88%   [2m(2 obs. fim_semana)[0m
2026-07-19 17:25:31 [INFO] 
2026-07-19 17:25:31 [INFO]   🔴 [91m[1mPT0002000077348081AG[0m  [2m[sem cluster][0m
2026-07-19 17:25:31 [INFO]      consumiu MAIS que o habitual às 10h
2026-07-19 17:25:31 [INFO]      [2mReal:[0m 299.0 kWh   [2mHabitual:[0m 159.5 ± 15.9 kWh   [2mz:[0m +8.75   [2mdesvio:[0m +87%   [2m(2 obs. fim_semana)[0m
2026-07-19 17:25:31 [INFO] 
2026-07-19 17:25:31 [INFO]   🔵 [94m[1mPT0002000123648159KR[0m  [2m[Cluster 0][0m
2026-07-19 17:25:31 [INFO]      consumiu MENOS que o habitual às 08h
2026-07-19 17:25:31 [INFO]      [2mReal:[0m 4.0 kWh   [2mHabitual:[0m 31.5 ± 3.1 kWh   [2mz:[0m -8.73   [2mdesvio:[0m -87%   [2m(2 obs. fim_semana)[0m
2026-07-19 17:25:31 [INFO] 
2026-07-19 17:25:31 [INFO]   🔵 [94m[1mPT0002000201038711LS[0m  [2m[sem cluster][0m
2026-07-19 17:25:31 [INFO]      consumiu MENOS que o habitual às 13h
2026-07-19 17:25:31 [INFO]      [2mReal:[0m 0.0 kWh   [2mHabitual:[0m 18.5 ± 2.1 kWh   [2mz:[0m -8.72   [2mdesvio:[0m -100%   [2m(2 obs. fim_semana)[0m
2026-07-19 17:25:31 [INFO] 
2026-07-19 17:25:31 [INFO]   🔵 [94m[1mPT0002000073481266XH[0m  [2m[Cluster 0][0m
2026-07-19 17:25:31 [INFO]      consumiu MENOS que o habitual às 13h
2026-07-19 17:25:31 [INFO]      [2mReal:[0m 5.0 kWh   [2mHabitual:[0m 37.5 ± 3.8 kWh   [2mz:[0m -8.67   [2mdesvio:[0m -87%   [2m(2 obs. fim_semana)[0m
2026-07-19 17:25:31 [INFO] 
2026-07-19 17:25:31 [INFO]   🔵 [94m[1mPT0002000123648159KR[0m  [2m[Cluster 0][0m
2026-07-19 17:25:31 [INFO]      consumiu MENOS que o habitual às 12h
2026-07-19 17:25:31 [INFO]      [2mReal:[0m 5.0 kWh   [2mHabitual:[0m 36.5 ± 3.6 kWh   [2mz:[0m -8.63   [2mdesvio:[0m -86%   [2m(2 obs. fim_semana)[0m
2026-07-19 17:25:31 [INFO] 
2026-07-19 17:25:31 [INFO]   🔵 [94m[1mPT0002000073481266XH[0m  [2m[Cluster 0][0m
2026-07-19 17:25:31 [INFO]      consumiu MENOS que o habitual às 12h
2026-07-19 17:25:31 [INFO]      [2mReal:[0m 6.0 kWh   [2mHabitual:[0m 43.0 ± 4.3 kWh   [2mz:[0m -8.60   [2mdesvio:[0m -86%   [2m(2 obs. fim_semana)[0m
2026-07-19 17:25:31 [INFO] 
2026-07-19 17:25:31 [INFO]   🔵 [94m[1mPT0002000071896778MT[0m  [2m[Cluster 0][0m
2026-07-19 17:25:31 [INFO]      consumiu MENOS que o habitual às 12h
2026-07-19 17:25:31 [INFO]      [2mReal:[0m 4.0 kWh   [2mHabitual:[0m 28.0 ± 2.8 kWh   [2mz:[0m -8.57   [2mdesvio:[0m -86%   [2m(2 obs. fim_semana)[0m
2026-07-19 17:25:31 [INFO] 
2026-07-19 17:25:31 [INFO]   🔵 [94m[1mPT0002000073481266XH[0m  [2m[Cluster 0][0m
2026-07-19 17:25:31 [INFO]      consumiu MENOS que o habitual às 14h
2026-07-19 17:25:31 [INFO]      [2mReal:[0m 6.0 kWh   [2mHabitual:[0m 41.5 ± 4.2 kWh   [2mz:[0m -8.55   [2mdesvio:[0m -86%   [2m(2 obs. fim_semana)[0m
2026-07-19 17:25:31 [INFO] 
2026-07-19 17:25:31 [INFO]   🔵 [94m[1mPT0002000110607652SB[0m  [2m[Cluster 0][0m
2026-07-19 17:25:31 [INFO]      consumiu MENOS que o habitual às 14h
2026-07-19 17:25:31 [INFO]      [2mReal:[0m 12.0 kWh   [2mHabitual:[0m 82.0 ± 8.2 kWh   [2mz:[0m -8.54   [2mdesvio:[0m -85%   [2m(2 obs. fim_semana)[0m
2026-07-19 17:25:31 [INFO] 
2026-07-19 17:25:31 [INFO]   🔵 [94m[1mPT0002000073481266XH[0m  [2m[Cluster 0][0m
2026-07-19 17:25:31 [INFO]      consumiu MENOS que o habitual às 16h
2026-07-19 17:25:31 [INFO]      [2mReal:[0m 5.0 kWh   [2mHabitual:[0m 34.0 ± 3.4 kWh   [2mz:[0m -8.53   [2mdesvio:[0m -85%   [2m(2 obs. fim_semana)[0m
2026-07-19 17:25:31 [INFO] 
2026-07-19 17:25:31 [INFO]   🔵 [94m[1mPT0002000123648159KR[0m  [2m[Cluster 0][0m
2026-07-19 17:25:31 [INFO]      consumiu MENOS que o habitual às 07h
2026-07-19 17:25:31 [INFO]      [2mReal:[0m 4.0 kWh   [2mHabitual:[0m 28.0 ± 2.8 kWh   [2mz:[0m -8.49   [2mdesvio:[0m -86%   [2m(2 obs. fim_semana)[0m
2026-07-19 17:25:31 [INFO] 
2026-07-19 17:25:31 [INFO]   🔵 [94m[1mPT0002000123648159KR[0m  [2m[Cluster 0][0m
2026-07-19 17:25:31 [INFO]      consumiu MENOS que o habitual às 11h
2026-07-19 17:25:31 [INFO]      [2mReal:[0m 5.0 kWh   [2mHabitual:[0m 32.5 ± 3.2 kWh   [2mz:[0m -8.46   [2mdesvio:[0m -85%   [2m(2 obs. fim_semana)[0m
2026-07-19 17:25:31 [INFO] 
2026-07-19 17:25:31 [INFO]   🔵 [94m[1mPT0002000115673471CB[0m  [2m[Cluster 0][0m
2026-07-19 17:25:31 [INFO]      consumiu MENOS que o habitual às 12h
2026-07-19 17:25:31 [INFO]      [2mReal:[0m 11.0 kWh   [2mHabitual:[0m 71.0 ± 7.1 kWh   [2mz:[0m -8.45   [2mdesvio:[0m -85%   [2m(2 obs. fim_semana)[0m
2026-07-19 17:25:31 [INFO] 
2026-07-19 17:25:31 [INFO]   🔵 [94m[1mPT0002000115031201VQ[0m  [2m[Cluster 0][0m
2026-07-19 17:25:31 [INFO]      consumiu MENOS que o habitual às 15h
2026-07-19 17:25:31 [INFO]      [2mReal:[0m 3.0 kWh   [2mHabitual:[0m 18.5 ± 1.9 kWh   [2mz:[0m -8.38   [2mdesvio:[0m -84%   [2m(2 obs. fim_semana)[0m
2026-07-19 17:25:31 [INFO] 
2026-07-19 17:25:31 [INFO]   🔵 [94m[1mPT0002000033074862LZ[0m  [2m[Cluster 0][0m
2026-07-19 17:25:31 [INFO]      consumiu MENOS que o habitual às 12h
2026-07-19 17:25:31 [INFO]      [2mReal:[0m 10.0 kWh   [2mHabitual:[0m 58.5 ± 5.8 kWh   [2mz:[0m -8.29   [2mdesvio:[0m -83%   [2m(2 obs. fim_semana)[0m
2026-07-19 17:25:31 [INFO] 
2026-07-19 17:25:31 [INFO]   🔵 [94m[1mPT0002000111572054VT[0m  [2m[sem cluster][0m
2026-07-19 17:25:31 [INFO]      consumiu MENOS que o habitual às 09h
2026-07-19 17:25:31 [INFO]      [2mReal:[0m 5.0 kWh   [2mHabitual:[0m 29.0 ± 2.9 kWh   [2mz:[0m -8.28   [2mdesvio:[0m -83%   [2m(2 obs. fim_semana)[0m
2026-07-19 17:25:31 [INFO] 
2026-07-19 17:25:31 [INFO]   🔵 [94m[1mPT0002000071896778MT[0m  [2m[Cluster 0][0m
2026-07-19 17:25:31 [INFO]      consumiu MENOS que o habitual às 13h
2026-07-19 17:25:31 [INFO]      [2mReal:[0m 4.0 kWh   [2mHabitual:[0m 22.0 ± 2.2 kWh   [2mz:[0m -8.18   [2mdesvio:[0m -82%   [2m(2 obs. fim_semana)[0m
2026-07-19 17:25:31 [INFO] 
2026-07-19 17:25:31 [INFO]   🔵 [94m[1mPT0002000115700602GW[0m  [2m[Cluster 0][0m
2026-07-19 17:25:31 [INFO]      consumiu MENOS que o habitual às 11h
2026-07-19 17:25:31 [INFO]      [2mReal:[0m 8.0 kWh   [2mHabitual:[0m 43.5 ± 4.3 kWh   [2mz:[0m -8.16   [2mdesvio:[0m -82%   [2m(2 obs. fim_semana)[0m
2026-07-19 17:25:31 [INFO] 
2026-07-19 17:25:31 [INFO]   🔵 [94m[1mPT0002000101964938LF[0m  [2m[Cluster 0][0m
2026-07-19 17:25:31 [INFO]      consumiu MENOS que o habitual às 15h
2026-07-19 17:25:31 [INFO]      [2mReal:[0m 10.0 kWh   [2mHabitual:[0m 54.0 ± 5.4 kWh   [2mz:[0m -8.15   [2mdesvio:[0m -81%   [2m(2 obs. fim_semana)[0m
2026-07-19 17:25:31 [INFO] 
2026-07-19 17:25:31 [INFO]   🔵 [94m[1mPT0002000115700602GW[0m  [2m[Cluster 0][0m
2026-07-19 17:25:31 [INFO]      consumiu MENOS que o habitual às 12h
2026-07-19 17:25:31 [INFO]      [2mReal:[0m 9.0 kWh   [2mHabitual:[0m 48.5 ± 4.8 kWh   [2mz:[0m -8.14   [2mdesvio:[0m -81%   [2m(2 obs. fim_semana)[0m
2026-07-19 17:25:31 [INFO] 
2026-07-19 17:25:31 [INFO]   🔵 [94m[1mPT0002000120237616VJ[0m  [2m[Cluster 0][0m
2026-07-19 17:25:31 [INFO]      consumiu MENOS que o habitual às 12h
2026-07-19 17:25:31 [INFO]      [2mReal:[0m 12.0 kWh   [2mHabitual:[0m 64.5 ± 6.5 kWh   [2mz:[0m -8.14   [2mdesvio:[0m -81%   [2m(2 obs. fim_semana)[0m
2026-07-19 17:25:31 [INFO] 
2026-07-19 17:25:31 [INFO]   🔵 [94m[1mPT0002000071896778MT[0m  [2m[Cluster 0][0m
2026-07-19 17:25:31 [INFO]      consumiu MENOS que o habitual às 08h
2026-07-19 17:25:31 [INFO]      [2mReal:[0m 4.0 kWh   [2mHabitual:[0m 27.0 ± 2.8 kWh   [2mz:[0m -8.13   [2mdesvio:[0m -85%   [2m(2 obs. fim_semana)[0m
2026-07-19 17:25:31 [INFO] 
2026-07-19 17:25:31 [INFO]   🔵 [94m[1mPT0002000120237616VJ[0m  [2m[Cluster 0][0m
2026-07-19 17:25:31 [INFO]      consumiu MENOS que o habitual às 08h
2026-07-19 17:25:31 [INFO]      [2mReal:[0m 11.0 kWh   [2mHabitual:[0m 57.5 ± 5.8 kWh   [2mz:[0m -8.09   [2mdesvio:[0m -81%   [2m(2 obs. fim_semana)[0m
2026-07-19 17:25:31 [INFO] 
2026-07-19 17:25:31 [INFO]   🔵 [94m[1mPT0002000115673389QK[0m  [2m[Cluster 0][0m
2026-07-19 17:25:31 [INFO]      consumiu MENOS que o habitual às 11h
2026-07-19 17:25:31 [INFO]      [2mReal:[0m 21.0 kWh   [2mHabitual:[0m 106.0 ± 10.6 kWh   [2mz:[0m -8.02   [2mdesvio:[0m -80%   [2m(2 obs. fim_semana)[0m
2026-07-19 17:25:31 [INFO] 
2026-07-19 17:25:31 [INFO]   🔵 [94m[1mPT0002000071896778MT[0m  [2m[Cluster 0][0m
2026-07-19 17:25:31 [INFO]      consumiu MENOS que o habitual às 11h
2026-07-19 17:25:31 [INFO]      [2mReal:[0m 4.0 kWh   [2mHabitual:[0m 20.0 ± 2.0 kWh   [2mz:[0m -8.00   [2mdesvio:[0m -80%   [2m(2 obs. fim_semana)[0m
2026-07-19 17:25:31 [INFO] 
2026-07-19 17:25:31 [INFO]   🔴 [91m[1mPT0002000078294957RQ[0m  [2m[Cluster 0][0m
2026-07-19 17:25:31 [INFO]      consumiu MAIS que o habitual às 23h
2026-07-19 17:25:31 [INFO]      [2mReal:[0m 12.0 kWh   [2mHabitual:[0m 6.7 ± 0.7 kWh   [2mz:[0m +8.00   [2mdesvio:[0m +80%   [2m(3 obs. fim_semana)[0m
2026-07-19 17:25:31 [INFO] 
2026-07-19 17:25:31 [INFO]   🔵 [94m[1mPT0002000110607652SB[0m  [2m[Cluster 0][0m
2026-07-19 17:25:31 [INFO]      consumiu MENOS que o habitual às 17h
2026-07-19 17:25:31 [INFO]      [2mReal:[0m 16.0 kWh   [2mHabitual:[0m 80.0 ± 8.0 kWh   [2mz:[0m -8.00   [2mdesvio:[0m -80%   [2m(2 obs. fim_semana)[0m
2026-07-19 17:25:31 [INFO] 
2026-07-19 17:25:31 [INFO]   🔵 [94m[1mPT0002000120237616VJ[0m  [2m[Cluster 0][0m
2026-07-19 17:25:31 [INFO]      consumiu MENOS que o habitual às 11h
2026-07-19 17:25:31 [INFO]      [2mReal:[0m 11.0 kWh   [2mHabitual:[0m 55.0 ± 5.5 kWh   [2mz:[0m -8.00   [2mdesvio:[0m -80%   [2m(2 obs. fim_semana)[0m
2026-07-19 17:25:31 [INFO] 
2026-07-19 17:25:31 [INFO]   🔵 [94m[1mPT0002000110607652SB[0m  [2m[Cluster 0][0m
2026-07-19 17:25:31 [INFO]      consumiu MENOS que o habitual às 16h
2026-07-19 17:25:31 [INFO]      [2mReal:[0m 16.0 kWh   [2mHabitual:[0m 78.0 ± 7.8 kWh   [2mz:[0m -7.95   [2mdesvio:[0m -79%   [2m(2 obs. fim_semana)[0m
2026-07-19 17:25:31 [INFO] 
2026-07-19 17:25:31 [INFO]   🔵 [94m[1mPT0002000068856655YV[0m  [2m[Cluster 0][0m
2026-07-19 17:25:31 [INFO]      consumiu MENOS que o habitual às 16h
2026-07-19 17:25:31 [INFO]      [2mReal:[0m 3.0 kWh   [2mHabitual:[0m 14.5 ± 1.4 kWh   [2mz:[0m -7.93   [2mdesvio:[0m -79%   [2m(2 obs. fim_semana)[0m
2026-07-19 17:25:31 [INFO] 
2026-07-19 17:25:31 [INFO]   🔵 [94m[1mPT0002000110607652SB[0m  [2m[Cluster 0][0m
2026-07-19 17:25:31 [INFO]      consumiu MENOS que o habitual às 13h
2026-07-19 17:25:31 [INFO]      [2mReal:[0m 16.0 kWh   [2mHabitual:[0m 76.0 ± 7.6 kWh   [2mz:[0m -7.89   [2mdesvio:[0m -79%   [2m(2 obs. fim_semana)[0m
2026-07-19 17:25:31 [INFO] 
2026-07-19 17:25:31 [INFO]   🔵 [94m[1mPT0002000115673471CB[0m  [2m[Cluster 0][0m
2026-07-19 17:25:31 [INFO]      consumiu MENOS que o habitual às 09h
2026-07-19 17:25:31 [INFO]      [2mReal:[0m 11.0 kWh   [2mHabitual:[0m 52.0 ± 5.2 kWh   [2mz:[0m -7.88   [2mdesvio:[0m -79%   [2m(2 obs. fim_semana)[0m
2026-07-19 17:25:31 [INFO] 
2026-07-19 17:25:31 [INFO]   🔵 [94m[1mPT0002000101964938LF[0m  [2m[Cluster 0][0m
2026-07-19 17:25:31 [INFO]      consumiu MENOS que o habitual às 14h
2026-07-19 17:25:31 [INFO]      [2mReal:[0m 11.0 kWh   [2mHabitual:[0m 51.5 ± 5.2 kWh   [2mz:[0m -7.86   [2mdesvio:[0m -79%   [2m(2 obs. fim_semana)[0m
2026-07-19 17:25:31 [INFO] 
2026-07-19 17:25:31 [INFO]   🔵 [94m[1mPT0002000068856655YV[0m  [2m[Cluster 0][0m
2026-07-19 17:25:31 [INFO]      consumiu MENOS que o habitual às 11h
2026-07-19 17:25:31 [INFO]      [2mReal:[0m 3.0 kWh   [2mHabitual:[0m 13.5 ± 1.4 kWh   [2mz:[0m -7.78   [2mdesvio:[0m -78%   [2m(2 obs. fim_semana)[0m
2026-07-19 17:25:31 [INFO] 
2026-07-19 17:25:31 [INFO]   🔵 [94m[1mPT0002000068856655YV[0m  [2m[Cluster 0][0m
2026-07-19 17:25:31 [INFO]      consumiu MENOS que o habitual às 14h
2026-07-19 17:25:31 [INFO]      [2mReal:[0m 3.0 kWh   [2mHabitual:[0m 13.5 ± 1.4 kWh   [2mz:[0m -7.78   [2mdesvio:[0m -78%   [2m(2 obs. fim_semana)[0m
2026-07-19 17:25:31 [INFO] 
2026-07-19 17:25:31 [INFO]   🔵 [94m[1mPT0002000078294957RQ[0m  [2m[Cluster 0][0m
2026-07-19 17:25:31 [INFO]      consumiu MENOS que o habitual às 12h
2026-07-19 17:25:31 [INFO]      [2mReal:[0m 7.0 kWh   [2mHabitual:[0m 45.5 ± 5.0 kWh   [2mz:[0m -7.78   [2mdesvio:[0m -85%   [2m(2 obs. fim_semana)[0m
2026-07-19 17:25:31 [INFO] 
2026-07-19 17:25:31 [INFO]   🔵 [94m[1mPT0002000110607652SB[0m  [2m[Cluster 0][0m
2026-07-19 17:25:31 [INFO]      consumiu MENOS que o habitual às 12h
2026-07-19 17:25:31 [INFO]      [2mReal:[0m 16.0 kWh   [2mHabitual:[0m 72.0 ± 7.2 kWh   [2mz:[0m -7.78   [2mdesvio:[0m -78%   [2m(2 obs. fim_semana)[0m
2026-07-19 17:25:31 [INFO] 
2026-07-19 17:25:31 [INFO]   🔵 [94m[1mPT0002000111572054VT[0m  [2m[sem cluster][0m
2026-07-19 17:25:31 [INFO]      consumiu MENOS que o habitual às 10h
2026-07-19 17:25:31 [INFO]      [2mReal:[0m 2.0 kWh   [2mHabitual:[0m 24.0 ± 2.8 kWh   [2mz:[0m -7.78   [2mdesvio:[0m -92%   [2m(2 obs. fim_semana)[0m
2026-07-19 17:25:31 [INFO] 
2026-07-19 17:25:31 [INFO]   🔵 [94m[1mPT0002000111572054VT[0m  [2m[sem cluster][0m
2026-07-19 17:25:31 [INFO]      consumiu MENOS que o habitual às 16h
2026-07-19 17:25:31 [INFO]      [2mReal:[0m 1.0 kWh   [2mHabitual:[0m 28.5 ± 3.5 kWh   [2mz:[0m -7.78   [2mdesvio:[0m -96%   [2m(2 obs. fim_semana)[0m
2026-07-19 17:25:31 [INFO] 
2026-07-19 17:25:31 [INFO]   🔵 [94m[1mPT0002000201038711LS[0m  [2m[sem cluster][0m
2026-07-19 17:25:31 [INFO]      consumiu MENOS que o habitual às 14h
2026-07-19 17:25:31 [INFO]      [2mReal:[0m 0.0 kWh   [2mHabitual:[0m 27.5 ± 3.5 kWh   [2mz:[0m -7.78   [2mdesvio:[0m -100%   [2m(2 obs. fim_semana)[0m
2026-07-19 17:25:31 [INFO] 
2026-07-19 17:25:31 [INFO]   🔵 [94m[1mPT0002000120237616VJ[0m  [2m[Cluster 0][0m
2026-07-19 17:25:31 [INFO]      consumiu MENOS que o habitual às 10h
2026-07-19 17:25:31 [INFO]      [2mReal:[0m 11.0 kWh   [2mHabitual:[0m 49.0 ± 4.9 kWh   [2mz:[0m -7.76   [2mdesvio:[0m -78%   [2m(2 obs. fim_semana)[0m
2026-07-19 17:25:31 [INFO] 
2026-07-19 17:25:31 [INFO]   🔵 [94m[1mPT0002000033074862LZ[0m  [2m[Cluster 0][0m
2026-07-19 17:25:31 [INFO]      consumiu MENOS que o habitual às 10h
2026-07-19 17:25:31 [INFO]      [2mReal:[0m 11.0 kWh   [2mHabitual:[0m 48.5 ± 4.8 kWh   [2mz:[0m -7.73   [2mdesvio:[0m -77%   [2m(2 obs. fim_semana)[0m
2026-07-19 17:25:31 [INFO] 
2026-07-19 17:25:31 [INFO]   🔵 [94m[1mPT0002000033074862LZ[0m  [2m[Cluster 0][0m
2026-07-19 17:25:31 [INFO]      consumiu MENOS que o habitual às 08h
2026-07-19 17:25:31 [INFO]      [2mReal:[0m 11.0 kWh   [2mHabitual:[0m 48.0 ± 4.8 kWh   [2mz:[0m -7.71   [2mdesvio:[0m -77%   [2m(2 obs. fim_semana)[0m
2026-07-19 17:25:31 [INFO] 
2026-07-19 17:25:31 [INFO]   🔵 [94m[1mPT0002000115673471CB[0m  [2m[Cluster 0][0m
2026-07-19 17:25:31 [INFO]      consumiu MENOS que o habitual às 08h
2026-07-19 17:25:31 [INFO]      [2mReal:[0m 11.0 kWh   [2mHabitual:[0m 47.5 ± 4.8 kWh   [2mz:[0m -7.68   [2mdesvio:[0m -77%   [2m(2 obs. fim_semana)[0m
2026-07-19 17:25:31 [INFO] 
2026-07-19 17:25:31 [INFO]   🔵 [94m[1mPT0002000115031201VQ[0m  [2m[Cluster 0][0m
2026-07-19 17:25:31 [INFO]      consumiu MENOS que o habitual às 14h
2026-07-19 17:25:31 [INFO]      [2mReal:[0m 5.0 kWh   [2mHabitual:[0m 21.5 ± 2.1 kWh   [2mz:[0m -7.67   [2mdesvio:[0m -77%   [2m(2 obs. fim_semana)[0m
2026-07-19 17:25:31 [INFO] 
2026-07-19 17:25:31 [INFO]   🔵 [94m[1mPT0002000115673471CB[0m  [2m[Cluster 0][0m
2026-07-19 17:25:31 [INFO]      consumiu MENOS que o habitual às 10h
2026-07-19 17:25:31 [INFO]      [2mReal:[0m 12.0 kWh   [2mHabitual:[0m 51.5 ± 5.2 kWh   [2mz:[0m -7.67   [2mdesvio:[0m -77%   [2m(2 obs. fim_semana)[0m
2026-07-19 17:25:31 [INFO] 
2026-07-19 17:25:31 [INFO]   🔵 [94m[1mPT0002000120237616VJ[0m  [2m[Cluster 0][0m
2026-07-19 17:25:31 [INFO]      consumiu MENOS que o habitual às 09h
2026-07-19 17:25:31 [INFO]      [2mReal:[0m 12.0 kWh   [2mHabitual:[0m 50.5 ± 5.0 kWh   [2mz:[0m -7.62   [2mdesvio:[0m -76%   [2m(2 obs. fim_semana)[0m
2026-07-19 17:25:31 [INFO] 
2026-07-19 17:25:31 [INFO]   🔵 [94m[1mPT0002000111572054VT[0m  [2m[sem cluster][0m
2026-07-19 17:25:31 [INFO]      consumiu MENOS que o habitual às 18h
2026-07-19 17:25:31 [INFO]      [2mReal:[0m 8.0 kWh   [2mHabitual:[0m 33.5 ± 3.4 kWh   [2mz:[0m -7.61   [2mdesvio:[0m -76%   [2m(2 obs. fim_semana)[0m
2026-07-19 17:25:31 [INFO] 
2026-07-19 17:25:31 [INFO]   🔵 [94m[1mPT0002000068856655YV[0m  [2m[Cluster 0][0m
2026-07-19 17:25:31 [INFO]      consumiu MENOS que o habitual às 13h
2026-07-19 17:25:31 [INFO]      [2mReal:[0m 3.0 kWh   [2mHabitual:[0m 12.5 ± 1.2 kWh   [2mz:[0m -7.60   [2mdesvio:[0m -76%   [2m(2 obs. fim_semana)[0m
2026-07-19 17:25:31 [INFO] 
2026-07-19 17:25:31 [INFO]   🔵 [94m[1mPT0002000119303492KB[0m  [2m[Cluster 0][0m
2026-07-19 17:25:31 [INFO]      consumiu MENOS que o habitual às 07h
2026-07-19 17:25:31 [INFO]      [2mReal:[0m 3.0 kWh   [2mHabitual:[0m 12.5 ± 1.2 kWh   [2mz:[0m -7.60   [2mdesvio:[0m -76%   [2m(2 obs. fim_semana)[0m
2026-07-19 17:25:31 [INFO] 
2026-07-19 17:25:31 [INFO]   🔵 [94m[1mPT0002000101964938LF[0m  [2m[Cluster 0][0m
2026-07-19 17:25:31 [INFO]      consumiu MENOS que o habitual às 13h
2026-07-19 17:25:31 [INFO]      [2mReal:[0m 11.0 kWh   [2mHabitual:[0m 48.5 ± 5.0 kWh   [2mz:[0m -7.58   [2mdesvio:[0m -77%   [2m(2 obs. fim_semana)[0m
2026-07-19 17:25:31 [INFO] 
2026-07-19 17:25:31 [INFO]   🔵 [94m[1mPT0002000110607652SB[0m  [2m[Cluster 0][0m
2026-07-19 17:25:31 [INFO]      consumiu MENOS que o habitual às 18h
2026-07-19 17:25:31 [INFO]      [2mReal:[0m 16.0 kWh   [2mHabitual:[0m 66.0 ± 6.6 kWh   [2mz:[0m -7.58   [2mdesvio:[0m -76%   [2m(2 obs. fim_semana)[0m
2026-07-19 17:25:31 [INFO] 
2026-07-19 17:25:31 [INFO]   🔴 [91m[1mPT0002000079469719HF[0m  [2m[sem cluster][0m
2026-07-19 17:25:31 [INFO]      consumiu MAIS que o habitual às 12h
2026-07-19 17:25:31 [INFO]      [2mReal:[0m 130.0 kWh   [2mHabitual:[0m 74.0 ± 7.4 kWh   [2mz:[0m +7.57   [2mdesvio:[0m +76%   [2m(2 obs. fim_semana)[0m
2026-07-19 17:25:31 [INFO] 
2026-07-19 17:25:31 [INFO]   🔵 [94m[1mPT0002000115673471CB[0m  [2m[Cluster 0][0m
2026-07-19 17:25:31 [INFO]      consumiu MENOS que o habitual às 11h
2026-07-19 17:25:31 [INFO]      [2mReal:[0m 13.0 kWh   [2mHabitual:[0m 53.5 ± 5.3 kWh   [2mz:[0m -7.57   [2mdesvio:[0m -76%   [2m(2 obs. fim_semana)[0m
2026-07-19 17:25:31 [INFO] 
2026-07-19 17:25:31 [INFO]   🔵 [94m[1mPT0002000120237616VJ[0m  [2m[Cluster 0][0m
2026-07-19 17:25:31 [INFO]      consumiu MENOS que o habitual às 13h
2026-07-19 17:25:31 [INFO]      [2mReal:[0m 12.0 kWh   [2mHabitual:[0m 48.5 ± 4.8 kWh   [2mz:[0m -7.53   [2mdesvio:[0m -75%   [2m(2 obs. fim_semana)[0m
2026-07-19 17:25:31 [INFO] 
2026-07-19 17:25:31 [INFO]   🔵 [94m[1mPT0002000075637532JB[0m  [2m[Cluster 0][0m
2026-07-19 17:25:31 [INFO]      consumiu MENOS que o habitual às 13h
2026-07-19 17:25:31 [INFO]      [2mReal:[0m 6.0 kWh   [2mHabitual:[0m 24.0 ± 2.4 kWh   [2mz:[0m -7.50   [2mdesvio:[0m -75%   [2m(2 obs. fim_semana)[0m
2026-07-19 17:25:31 [INFO] 
2026-07-19 17:25:31 [INFO]   🔵 [94m[1mPT0002000110607652SB[0m  [2m[Cluster 0][0m
2026-07-19 17:25:31 [INFO]      consumiu MENOS que o habitual às 15h
2026-07-19 17:25:31 [INFO]      [2mReal:[0m 20.0 kWh   [2mHabitual:[0m 80.0 ± 8.0 kWh   [2mz:[0m -7.50   [2mdesvio:[0m -75%   [2m(2 obs. fim_semana)[0m
2026-07-19 17:25:31 [INFO] 
2026-07-19 17:25:31 [INFO]   🔵 [94m[1mPT0002000115673389QK[0m  [2m[Cluster 0][0m
2026-07-19 17:25:31 [INFO]      consumiu MENOS que o habitual às 13h
2026-07-19 17:25:31 [INFO]      [2mReal:[0m 22.0 kWh   [2mHabitual:[0m 85.5 ± 8.6 kWh   [2mz:[0m -7.43   [2mdesvio:[0m -74%   [2m(2 obs. fim_semana)[0m
2026-07-19 17:25:31 [INFO] 
2026-07-19 17:25:31 [INFO]   🔵 [94m[1mPT0002000125379984SH[0m  [2m[Cluster 1][0m
2026-07-19 17:25:31 [INFO]      consumiu MENOS que o habitual às 16h
2026-07-19 17:25:31 [INFO]      [2mReal:[0m 4.0 kWh   [2mHabitual:[0m 15.5 ± 1.6 kWh   [2mz:[0m -7.42   [2mdesvio:[0m -74%   [2m(2 obs. fim_semana)[0m
2026-07-19 17:25:31 [INFO] 
2026-07-19 17:25:31 [INFO]   🔵 [94m[1mPT0002000120237616VJ[0m  [2m[Cluster 0][0m
2026-07-19 17:25:31 [INFO]      consumiu MENOS que o habitual às 07h
2026-07-19 17:25:31 [INFO]      [2mReal:[0m 11.0 kWh   [2mHabitual:[0m 42.5 ± 4.2 kWh   [2mz:[0m -7.41   [2mdesvio:[0m -74%   [2m(2 obs. fim_semana)[0m
2026-07-19 17:25:31 [INFO] 
2026-07-19 17:25:31 [INFO]   🔵 [94m[1mPT0002000068859393XH[0m  [2m[Cluster 1][0m
2026-07-19 17:25:31 [INFO]      consumiu MENOS que o habitual às 22h
2026-07-19 17:25:31 [INFO]      [2mReal:[0m 50.0 kWh   [2mHabitual:[0m 189.0 ± 18.9 kWh   [2mz:[0m -7.35   [2mdesvio:[0m -74%   [2m(3 obs. fim_semana)[0m
2026-07-19 17:25:31 [INFO] 
2026-07-19 17:25:31 [INFO]   🔵 [94m[1mPT0002000115031201VQ[0m  [2m[Cluster 0][0m
2026-07-19 17:25:31 [INFO]      consumiu MENOS que o habitual às 16h
2026-07-19 17:25:31 [INFO]      [2mReal:[0m 4.0 kWh   [2mHabitual:[0m 19.5 ± 2.1 kWh   [2mz:[0m -7.31   [2mdesvio:[0m -79%   [2m(2 obs. fim_semana)[0m
2026-07-19 17:25:31 [INFO] 
2026-07-19 17:25:31 [INFO]   🔵 [94m[1mPT0002000068856974CZ[0m  [2m[sem cluster][0m
2026-07-19 17:25:31 [INFO]      consumiu MENOS que o habitual às 11h
2026-07-19 17:25:31 [INFO]      [2mReal:[0m 11.0 kWh   [2mHabitual:[0m 40.5 ± 4.0 kWh   [2mz:[0m -7.28   [2mdesvio:[0m -73%   [2m(2 obs. fim_semana)[0m
2026-07-19 17:25:31 [INFO] 
2026-07-19 17:25:31 [INFO]   🔵 [94m[1mPT0002000033074862LZ[0m  [2m[Cluster 0][0m
2026-07-19 17:25:31 [INFO]      consumiu MENOS que o habitual às 14h
2026-07-19 17:25:31 [INFO]      [2mReal:[0m 10.0 kWh   [2mHabitual:[0m 36.5 ± 3.6 kWh   [2mz:[0m -7.26   [2mdesvio:[0m -73%   [2m(2 obs. fim_semana)[0m
2026-07-19 17:25:31 [INFO] 
2026-07-19 17:25:31 [INFO]   🔵 [94m[1mPT0002000115673389QK[0m  [2m[Cluster 0][0m
2026-07-19 17:25:31 [INFO]      consumiu MENOS que o habitual às 10h
2026-07-19 17:25:31 [INFO]      [2mReal:[0m 22.0 kWh   [2mHabitual:[0m 80.0 ± 8.0 kWh   [2mz:[0m -7.25   [2mdesvio:[0m -72%   [2m(2 obs. fim_semana)[0m
2026-07-19 17:25:31 [INFO] 
2026-07-19 17:25:31 [INFO]   🔵 [94m[1mPT0002000110607652SB[0m  [2m[Cluster 0][0m
2026-07-19 17:25:31 [INFO]      consumiu MENOS que o habitual às 19h
2026-07-19 17:25:31 [INFO]      [2mReal:[0m 16.0 kWh   [2mHabitual:[0m 58.0 ± 5.8 kWh   [2mz:[0m -7.24   [2mdesvio:[0m -72%   [2m(2 obs. fim_semana)[0m
2026-07-19 17:25:31 [INFO] 
2026-07-19 17:25:31 [INFO]   🔴 [91m[1mPT0002000073720434JD[0m  [2m[sem cluster][0m
2026-07-19 17:25:31 [INFO]      consumiu MAIS que o habitual às 13h
2026-07-19 17:25:31 [INFO]      [2mReal:[0m 31.0 kWh   [2mHabitual:[0m 18.0 ± 1.8 kWh   [2mz:[0m +7.22   [2mdesvio:[0m +72%   [2m(2 obs. fim_semana)[0m
2026-07-19 17:25:31 [INFO] 
2026-07-19 17:25:31 [INFO]   🔵 [94m[1mPT0002000119303492KB[0m  [2m[Cluster 0][0m
2026-07-19 17:25:31 [INFO]      consumiu MENOS que o habitual às 14h
2026-07-19 17:25:31 [INFO]      [2mReal:[0m 4.0 kWh   [2mHabitual:[0m 29.5 ± 3.5 kWh   [2mz:[0m -7.21   [2mdesvio:[0m -86%   [2m(2 obs. fim_semana)[0m
2026-07-19 17:25:31 [INFO] 
2026-07-19 17:25:31 [INFO]   🔵 [94m[1mPT0002000068858231YY[0m  [2m[sem cluster][0m
2026-07-19 17:25:31 [INFO]      consumiu MENOS que o habitual às 10h
2026-07-19 17:25:31 [INFO]      [2mReal:[0m 18.0 kWh   [2mHabitual:[0m 64.0 ± 6.4 kWh   [2mz:[0m -7.19   [2mdesvio:[0m -72%   [2m(2 obs. fim_semana)[0m
2026-07-19 17:25:31 [INFO] 
2026-07-19 17:25:31 [INFO]   🔵 [94m[1mPT0002000068856974CZ[0m  [2m[sem cluster][0m
2026-07-19 17:25:31 [INFO]      consumiu MENOS que o habitual às 10h
2026-07-19 17:25:31 [INFO]      [2mReal:[0m 11.0 kWh   [2mHabitual:[0m 39.0 ± 3.9 kWh   [2mz:[0m -7.18   [2mdesvio:[0m -72%   [2m(2 obs. fim_semana)[0m
2026-07-19 17:25:31 [INFO] 
2026-07-19 17:25:31 [INFO]   🔴 [91m[1mPT0002000077348081AG[0m  [2m[sem cluster][0m
2026-07-19 17:25:31 [INFO]      consumiu MAIS que o habitual às 22h
2026-07-19 17:25:31 [INFO]      [2mReal:[0m 214.0 kWh   [2mHabitual:[0m 42.7 ± 23.9 kWh   [2mz:[0m +7.18   [2mdesvio:[0m +402%   [2m(3 obs. fim_semana)[0m
2026-07-19 17:25:31 [INFO] 
2026-07-19 17:25:31 [INFO]   🔵 [94m[1mPT0002000068858231YY[0m  [2m[sem cluster][0m
2026-07-19 17:25:31 [INFO]      consumiu MENOS que o habitual às 09h
2026-07-19 17:25:31 [INFO]      [2mReal:[0m 18.0 kWh   [2mHabitual:[0m 63.5 ± 6.3 kWh   [2mz:[0m -7.17   [2mdesvio:[0m -72%   [2m(2 obs. fim_semana)[0m
2026-07-19 17:25:31 [INFO] 
2026-07-19 17:25:31 [INFO]   🔴 [91m[1mPT0002000102936404ME[0m  [2m[Cluster 1][0m
2026-07-19 17:25:31 [INFO]      consumiu MAIS que o habitual às 18h
2026-07-19 17:25:31 [INFO]      [2mReal:[0m 36.0 kWh   [2mHabitual:[0m 21.0 ± 2.1 kWh   [2mz:[0m +7.14   [2mdesvio:[0m +71%   [2m(2 obs. fim_semana)[0m
2026-07-19 17:25:31 [INFO] 
2026-07-19 17:25:31 [INFO]   🔵 [94m[1mPT0002000068856655YV[0m  [2m[Cluster 0][0m
2026-07-19 17:25:31 [INFO]      consumiu MENOS que o habitual às 15h
2026-07-19 17:25:31 [INFO]      [2mReal:[0m 4.0 kWh   [2mHabitual:[0m 14.0 ± 1.4 kWh   [2mz:[0m -7.07   [2mdesvio:[0m -71%   [2m(2 obs. fim_semana)[0m
2026-07-19 17:25:31 [INFO] 
2026-07-19 17:25:31 [INFO]   🔵 [94m[1mPT0002000068856974CZ[0m  [2m[sem cluster][0m
2026-07-19 17:25:31 [INFO]      consumiu MENOS que o habitual às 12h
2026-07-19 17:25:31 [INFO]      [2mReal:[0m 11.0 kWh   [2mHabitual:[0m 41.0 ± 4.2 kWh   [2mz:[0m -7.07   [2mdesvio:[0m -73%   [2m(2 obs. fim_semana)[0m
2026-07-19 17:25:31 [INFO] 
2026-07-19 17:25:31 [INFO]   🔵 [94m[1mPT0002000068859187RL[0m  [2m[Cluster 0][0m
2026-07-19 17:25:31 [INFO]      consumiu MENOS que o habitual às 16h
2026-07-19 17:25:31 [INFO]      [2mReal:[0m 17.0 kWh   [2mHabitual:[0m 58.0 ± 5.8 kWh   [2mz:[0m -7.07   [2mdesvio:[0m -71%   [2m(2 obs. fim_semana)[0m
2026-07-19 17:25:31 [INFO] 
2026-07-19 17:25:31 [INFO]   🔵 [94m[1mPT0002000115673471CB[0m  [2m[Cluster 0][0m
2026-07-19 17:25:31 [INFO]      consumiu MENOS que o habitual às 07h
2026-07-19 17:25:31 [INFO]      [2mReal:[0m 11.0 kWh   [2mHabitual:[0m 41.0 ± 4.2 kWh   [2mz:[0m -7.07   [2mdesvio:[0m -73%   [2m(2 obs. fim_semana)[0m
2026-07-19 17:25:31 [INFO] 
2026-07-19 17:25:31 [INFO]   🔵 [94m[1mPT0002000115700602GW[0m  [2m[Cluster 0][0m
2026-07-19 17:25:31 [INFO]      consumiu MENOS que o habitual às 13h
2026-07-19 17:25:31 [INFO]      [2mReal:[0m 8.0 kWh   [2mHabitual:[0m 38.0 ± 4.2 kWh   [2mz:[0m -7.07   [2mdesvio:[0m -79%   [2m(2 obs. fim_semana)[0m
2026-07-19 17:25:31 [INFO] 
2026-07-19 17:25:31 [INFO]   🔵 [94m[1mPT0002000119303492KB[0m  [2m[Cluster 0][0m
2026-07-19 17:25:31 [INFO]      consumiu MENOS que o habitual às 16h
2026-07-19 17:25:31 [INFO]      [2mReal:[0m 3.0 kWh   [2mHabitual:[0m 23.0 ± 2.8 kWh   [2mz:[0m -7.07   [2mdesvio:[0m -87%   [2m(2 obs. fim_semana)[0m
2026-07-19 17:25:31 [INFO] 
2026-07-19 17:25:31 [INFO]   🔵 [94m[1mPT0002000068856655YV[0m  [2m[Cluster 0][0m
2026-07-19 17:25:31 [INFO]      consumiu MENOS que o habitual às 12h
2026-07-19 17:25:31 [INFO]      [2mReal:[0m 4.0 kWh   [2mHabitual:[0m 13.5 ± 1.4 kWh   [2mz:[0m -7.04   [2mdesvio:[0m -70%   [2m(2 obs. fim_semana)[0m
2026-07-19 17:25:31 [INFO] 
2026-07-19 17:25:31 [INFO]   🔵 [94m[1mPT0002000115700602GW[0m  [2m[Cluster 0][0m
2026-07-19 17:25:31 [INFO]      consumiu MENOS que o habitual às 15h
2026-07-19 17:25:31 [INFO]      [2mReal:[0m 8.0 kWh   [2mHabitual:[0m 26.5 ± 2.6 kWh   [2mz:[0m -6.98   [2mdesvio:[0m -70%   [2m(2 obs. fim_semana)[0m
2026-07-19 17:25:31 [INFO] 
2026-07-19 17:25:31 [INFO]   🔵 [94m[1mPT0002000115700602GW[0m  [2m[Cluster 0][0m
2026-07-19 17:25:31 [INFO]      consumiu MENOS que o habitual às 16h
2026-07-19 17:25:31 [INFO]      [2mReal:[0m 8.0 kWh   [2mHabitual:[0m 26.5 ± 2.6 kWh   [2mz:[0m -6.98   [2mdesvio:[0m -70%   [2m(2 obs. fim_semana)[0m
2026-07-19 17:25:31 [INFO] 
2026-07-19 17:25:31 [INFO]   🔵 [94m[1mPT0002000071896778MT[0m  [2m[Cluster 0][0m
2026-07-19 17:25:31 [INFO]      consumiu MENOS que o habitual às 10h
2026-07-19 17:25:31 [INFO]      [2mReal:[0m 4.0 kWh   [2mHabitual:[0m 28.5 ± 3.5 kWh   [2mz:[0m -6.93   [2mdesvio:[0m -86%   [2m(2 obs. fim_semana)[0m
2026-07-19 17:25:31 [INFO] 
2026-07-19 17:25:31 [INFO]   🔵 [94m[1mPT0002000068856267NC[0m  [2m[sem cluster][0m
2026-07-19 17:25:31 [INFO]      consumiu MENOS que o habitual às 09h
2026-07-19 17:25:31 [INFO]      [2mReal:[0m 17.0 kWh   [2mHabitual:[0m 55.0 ± 5.5 kWh   [2mz:[0m -6.91   [2mdesvio:[0m -69%   [2m(2 obs. fim_semana)[0m
2026-07-19 17:25:31 [INFO] 
2026-07-19 17:25:31 [INFO]   🔴 [91m[1mPT0002000068859325FL[0m  [2m[Cluster 1][0m
2026-07-19 17:25:31 [INFO]      consumiu MAIS que o habitual às 09h
2026-07-19 17:25:31 [INFO]      [2mReal:[0m 328.0 kWh   [2mHabitual:[0m 172.0 ± 22.6 kWh   [2mz:[0m +6.89   [2mdesvio:[0m +91%   [2m(2 obs. fim_semana)[0m
2026-07-19 17:25:31 [INFO] 
2026-07-19 17:25:31 [INFO]   🔵 [94m[1mPT0002000073231742VK[0m  [2m[Cluster 0][0m
2026-07-19 17:25:31 [INFO]      consumiu MENOS que o habitual às 08h
2026-07-19 17:25:31 [INFO]      [2mReal:[0m 13.0 kWh   [2mHabitual:[0m 40.5 ± 4.0 kWh   [2mz:[0m -6.79   [2mdesvio:[0m -68%   [2m(2 obs. fim_semana)[0m
2026-07-19 17:25:31 [INFO] 
2026-07-19 17:25:31 [INFO]   🔴 [91m[1mPT0002000073720434JD[0m  [2m[sem cluster][0m
2026-07-19 17:25:31 [INFO]      consumiu MAIS que o habitual às 23h
2026-07-19 17:25:31 [INFO]      [2mReal:[0m 88.0 kWh   [2mHabitual:[0m 30.3 ± 8.5 kWh   [2mz:[0m +6.78   [2mdesvio:[0m +190%   [2m(3 obs. fim_semana)[0m
2026-07-19 17:25:31 [INFO] 
2026-07-19 17:25:31 [INFO]   🔵 [94m[1mPT0002000111572054VT[0m  [2m[sem cluster][0m
2026-07-19 17:25:31 [INFO]      consumiu MENOS que o habitual às 08h
2026-07-19 17:25:31 [INFO]      [2mReal:[0m 11.0 kWh   [2mHabitual:[0m 34.0 ± 3.4 kWh   [2mz:[0m -6.76   [2mdesvio:[0m -68%   [2m(2 obs. fim_semana)[0m
2026-07-19 17:25:31 [INFO] 
2026-07-19 17:25:31 [INFO]   🔵 [94m[1mPT0002000119303492KB[0m  [2m[Cluster 0][0m
2026-07-19 17:25:31 [INFO]      consumiu MENOS que o habitual às 08h
2026-07-19 17:25:31 [INFO]      [2mReal:[0m 3.0 kWh   [2mHabitual:[0m 22.0 ± 2.8 kWh   [2mz:[0m -6.72   [2mdesvio:[0m -86%   [2m(2 obs. fim_semana)[0m
2026-07-19 17:25:31 [INFO] 
2026-07-19 17:25:31 [INFO]   🔴 [91m[1mPT0002000068856655YV[0m  [2m[Cluster 0][0m
2026-07-19 17:25:31 [INFO]      consumiu MAIS que o habitual às 00h
2026-07-19 17:25:31 [INFO]      [2mReal:[0m 4.0 kWh   [2mHabitual:[0m 2.0 ± 0.3 kWh   [2mz:[0m +6.67   [2mdesvio:[0m +100%   [2m(2 obs. fim_semana)[0m
2026-07-19 17:25:31 [INFO] 
2026-07-19 17:25:31 [INFO]   🔴 [91m[1mPT0002000068856655YV[0m  [2m[Cluster 0][0m
2026-07-19 17:25:31 [INFO]      consumiu MAIS que o habitual às 01h
2026-07-19 17:25:31 [INFO]      [2mReal:[0m 4.0 kWh   [2mHabitual:[0m 2.0 ± 0.3 kWh   [2mz:[0m +6.67   [2mdesvio:[0m +100%   [2m(2 obs. fim_semana)[0m
2026-07-19 17:25:31 [INFO] 
2026-07-19 17:25:31 [INFO]   🔴 [91m[1mPT0002000068856655YV[0m  [2m[Cluster 0][0m
2026-07-19 17:25:31 [INFO]      consumiu MAIS que o habitual às 04h
2026-07-19 17:25:31 [INFO]      [2mReal:[0m 4.0 kWh   [2mHabitual:[0m 2.0 ± 0.3 kWh   [2mz:[0m +6.67   [2mdesvio:[0m +100%   [2m(2 obs. fim_semana)[0m
2026-07-19 17:25:31 [INFO] 
2026-07-19 17:25:31 [INFO]   🔴 [91m[1mPT0002000068856655YV[0m  [2m[Cluster 0][0m
2026-07-19 17:25:31 [INFO]      consumiu MAIS que o habitual às 05h
2026-07-19 17:25:31 [INFO]      [2mReal:[0m 4.0 kWh   [2mHabitual:[0m 2.0 ± 0.3 kWh   [2mz:[0m +6.67   [2mdesvio:[0m +100%   [2m(2 obs. fim_semana)[0m
2026-07-19 17:25:31 [INFO] 
2026-07-19 17:25:31 [INFO]   🔴 [91m[1mPT0002000068856872QG[0m  [2m[Cluster 1][0m
2026-07-19 17:25:31 [INFO]      consumiu MAIS que o habitual às 03h
2026-07-19 17:25:31 [INFO]      [2mReal:[0m 2.0 kWh   [2mHabitual:[0m 0.0 ± 0.3 kWh   [2mz:[0m +6.67   [2mdesvio:[0m +200000%   [2m(2 obs. fim_semana)[0m
2026-07-19 17:25:31 [INFO] 
2026-07-19 17:25:31 [INFO]   🔴 [91m[1mPT0002000078233981HJ[0m  [2m[Cluster 1][0m
2026-07-19 17:25:31 [INFO]      consumiu MAIS que o habitual às 14h
2026-07-19 17:25:31 [INFO]      [2mReal:[0m 4.0 kWh   [2mHabitual:[0m 2.0 ± 0.3 kWh   [2mz:[0m +6.67   [2mdesvio:[0m +100%   [2m(2 obs. fim_semana)[0m
2026-07-19 17:25:31 [INFO] 
2026-07-19 17:25:31 [INFO]   🔴 [91m[1mPT0002000078294957RQ[0m  [2m[Cluster 0][0m
2026-07-19 17:25:31 [INFO]      consumiu MAIS que o habitual às 20h
2026-07-19 17:25:31 [INFO]      [2mReal:[0m 10.0 kWh   [2mHabitual:[0m 6.0 ± 0.6 kWh   [2mz:[0m +6.67   [2mdesvio:[0m +67%   [2m(2 obs. fim_semana)[0m
2026-07-19 17:25:31 [INFO] 
2026-07-19 17:25:31 [INFO]   🔵 [94m[1mPT0002000101964938LF[0m  [2m[Cluster 0][0m
2026-07-19 17:25:31 [INFO]      consumiu MENOS que o habitual às 08h
2026-07-19 17:25:31 [INFO]      [2mReal:[0m 10.0 kWh   [2mHabitual:[0m 30.0 ± 3.0 kWh   [2mz:[0m -6.67   [2mdesvio:[0m -67%   [2m(2 obs. fim_semana)[0m
2026-07-19 17:25:31 [INFO] 
2026-07-19 17:25:31 [INFO]   🔵 [94m[1mPT0002000125379984SH[0m  [2m[Cluster 1][0m
2026-07-19 17:25:31 [INFO]      consumiu MENOS que o habitual às 09h
2026-07-19 17:25:31 [INFO]      [2mReal:[0m 4.0 kWh   [2mHabitual:[0m 12.0 ± 1.2 kWh   [2mz:[0m -6.67   [2mdesvio:[0m -67%   [2m(2 obs. fim_semana)[0m
2026-07-19 17:25:31 [INFO] 
2026-07-19 17:25:31 [INFO]   🔵 [94m[1mPT0002000068856974CZ[0m  [2m[sem cluster][0m
2026-07-19 17:25:31 [INFO]      consumiu MENOS que o habitual às 09h
2026-07-19 17:25:31 [INFO]      [2mReal:[0m 11.0 kWh   [2mHabitual:[0m 39.0 ± 4.2 kWh   [2mz:[0m -6.60   [2mdesvio:[0m -72%   [2m(2 obs. fim_semana)[0m
2026-07-19 17:25:31 [INFO] 
2026-07-19 17:25:31 [INFO]   🔵 [94m[1mPT0002000107046231FW[0m  [2m[Cluster 0][0m
2026-07-19 17:25:31 [INFO]      consumiu MENOS que o habitual às 10h
2026-07-19 17:25:31 [INFO]      [2mReal:[0m 3.0 kWh   [2mHabitual:[0m 31.0 ± 4.2 kWh   [2mz:[0m -6.60   [2mdesvio:[0m -90%   [2m(2 obs. fim_semana)[0m
2026-07-19 17:25:31 [INFO] 
2026-07-19 17:25:31 [INFO]   🔵 [94m[1mPT0002000115673389QK[0m  [2m[Cluster 0][0m
2026-07-19 17:25:31 [INFO]      consumiu MENOS que o habitual às 15h
2026-07-19 17:25:31 [INFO]      [2mReal:[0m 21.0 kWh   [2mHabitual:[0m 61.5 ± 6.2 kWh   [2mz:[0m -6.59   [2mdesvio:[0m -66%   [2m(2 obs. fim_semana)[0m
2026-07-19 17:25:31 [INFO] 
2026-07-19 17:25:31 [INFO]   🔵 [94m[1mPT0002000107046231FW[0m  [2m[Cluster 0][0m
2026-07-19 17:25:31 [INFO]      consumiu MENOS que o habitual às 11h
2026-07-19 17:25:31 [INFO]      [2mReal:[0m 2.0 kWh   [2mHabitual:[0m 34.5 ± 5.0 kWh   [2mz:[0m -6.57   [2mdesvio:[0m -94%   [2m(2 obs. fim_semana)[0m
2026-07-19 17:25:31 [INFO] 
2026-07-19 17:25:31 [INFO]   🔵 [94m[1mPT0002000071896778MT[0m  [2m[Cluster 0][0m
2026-07-19 17:25:31 [INFO]      consumiu MENOS que o habitual às 14h
2026-07-19 17:25:31 [INFO]      [2mReal:[0m 4.0 kWh   [2mHabitual:[0m 11.5 ± 1.1 kWh   [2mz:[0m -6.52   [2mdesvio:[0m -65%   [2m(2 obs. fim_semana)[0m
2026-07-19 17:25:31 [INFO] 
2026-07-19 17:25:31 [INFO]   🔵 [94m[1mPT0002000073231742VK[0m  [2m[Cluster 0][0m
2026-07-19 17:25:31 [INFO]      consumiu MENOS que o habitual às 09h
2026-07-19 17:25:31 [INFO]      [2mReal:[0m 13.0 kWh   [2mHabitual:[0m 37.0 ± 3.7 kWh   [2mz:[0m -6.49   [2mdesvio:[0m -65%   [2m(2 obs. fim_semana)[0m
2026-07-19 17:25:31 [INFO] 
2026-07-19 17:25:31 [INFO]   🔵 [94m[1mPT0002000110607652SB[0m  [2m[Cluster 0][0m
2026-07-19 17:25:31 [INFO]      consumiu MENOS que o habitual às 11h
2026-07-19 17:25:31 [INFO]      [2mReal:[0m 20.0 kWh   [2mHabitual:[0m 56.0 ± 5.6 kWh   [2mz:[0m -6.43   [2mdesvio:[0m -64%   [2m(2 obs. fim_semana)[0m
2026-07-19 17:25:31 [INFO] 
2026-07-19 17:25:31 [INFO]   🔵 [94m[1mPT0002000068859393XH[0m  [2m[Cluster 1][0m
2026-07-19 17:25:31 [INFO]      consumiu MENOS que o habitual às 20h
2026-07-19 17:25:31 [INFO]      [2mReal:[0m 78.0 kWh   [2mHabitual:[0m 217.0 ± 21.7 kWh   [2mz:[0m -6.41   [2mdesvio:[0m -64%   [2m(2 obs. fim_semana)[0m
2026-07-19 17:25:31 [INFO] 
2026-07-19 17:25:31 [INFO]   🔵 [94m[1mPT0002000068856267NC[0m  [2m[sem cluster][0m
2026-07-19 17:25:31 [INFO]      consumiu MENOS que o habitual às 16h
2026-07-19 17:25:31 [INFO]      [2mReal:[0m 17.0 kWh   [2mHabitual:[0m 47.0 ± 4.7 kWh   [2mz:[0m -6.38   [2mdesvio:[0m -64%   [2m(2 obs. fim_semana)[0m
2026-07-19 17:25:31 [INFO] 
2026-07-19 17:25:31 [INFO]   🔴 [91m[1mPT0002000109837807PE[0m  [2m[Cluster 1][0m
2026-07-19 17:25:31 [INFO]      consumiu MAIS que o habitual às 11h
2026-07-19 17:25:31 [INFO]      [2mReal:[0m 8.0 kWh   [2mHabitual:[0m 3.5 ± 0.7 kWh   [2mz:[0m +6.36   [2mdesvio:[0m +129%   [2m(2 obs. fim_semana)[0m
2026-07-19 17:25:31 [INFO] 
2026-07-19 17:25:31 [INFO]   🔵 [94m[1mPT0002000119303492KB[0m  [2m[Cluster 0][0m
2026-07-19 17:25:31 [INFO]      consumiu MENOS que o habitual às 10h
2026-07-19 17:25:31 [INFO]      [2mReal:[0m 4.0 kWh   [2mHabitual:[0m 44.5 ± 6.4 kWh   [2mz:[0m -6.36   [2mdesvio:[0m -91%   [2m(2 obs. fim_semana)[0m
2026-07-19 17:25:31 [INFO] 
2026-07-19 17:25:31 [INFO]   🔵 [94m[1mPT0002000123648159KR[0m  [2m[Cluster 0][0m
2026-07-19 17:25:31 [INFO]      consumiu MENOS que o habitual às 10h
2026-07-19 17:25:31 [INFO]      [2mReal:[0m 4.0 kWh   [2mHabitual:[0m 31.0 ± 4.2 kWh   [2mz:[0m -6.36   [2mdesvio:[0m -87%   [2m(2 obs. fim_semana)[0m
2026-07-19 17:25:31 [INFO] 
2026-07-19 17:25:31 [INFO]   🔵 [94m[1mPT0002000125379984SH[0m  [2m[Cluster 1][0m
2026-07-19 17:25:31 [INFO]      consumiu MENOS que o habitual às 18h
2026-07-19 17:25:31 [INFO]      [2mReal:[0m 3.0 kWh   [2mHabitual:[0m 12.0 ± 1.4 kWh   [2mz:[0m -6.36   [2mdesvio:[0m -75%   [2m(2 obs. fim_semana)[0m
2026-07-19 17:25:31 [INFO] 
2026-07-19 17:25:31 [INFO]   🔴 [91m[1mPT0002000203886452WB[0m  [2m[sem cluster][0m
2026-07-19 17:25:31 [INFO]      consumiu MAIS que o habitual às 09h
2026-07-19 17:25:31 [INFO]      [2mReal:[0m 20.0 kWh   [2mHabitual:[0m 2.0 ± 2.8 kWh   [2mz:[0m +6.36   [2mdesvio:[0m +900%   [2m(2 obs. fim_semana)[0m
2026-07-19 17:25:31 [INFO] 
2026-07-19 17:25:31 [INFO]   🔵 [94m[1mPT0002000115673389QK[0m  [2m[Cluster 0][0m
2026-07-19 17:25:31 [INFO]      consumiu MENOS que o habitual às 08h
2026-07-19 17:25:31 [INFO]      [2mReal:[0m 21.0 kWh   [2mHabitual:[0m 56.5 ± 5.7 kWh   [2mz:[0m -6.28   [2mdesvio:[0m -63%   [2m(2 obs. fim_semana)[0m
2026-07-19 17:25:31 [INFO] 
2026-07-19 17:25:31 [INFO]   🔵 [94m[1mPT0002000068857099AR[0m  [2m[Cluster 1][0m
2026-07-19 17:25:31 [INFO]      consumiu MENOS que o habitual às 19h
2026-07-19 17:25:31 [INFO]      [2mReal:[0m 3.0 kWh   [2mHabitual:[0m 8.0 ± 0.8 kWh   [2mz:[0m -6.25   [2mdesvio:[0m -62%   [2m(2 obs. fim_semana)[0m
2026-07-19 17:25:31 [INFO] 
2026-07-19 17:25:31 [INFO]   🔵 [94m[1mPT0002000115031201VQ[0m  [2m[Cluster 0][0m
2026-07-19 17:25:31 [INFO]      consumiu MENOS que o habitual às 07h
2026-07-19 17:25:31 [INFO]      [2mReal:[0m 3.0 kWh   [2mHabitual:[0m 8.0 ± 0.8 kWh   [2mz:[0m -6.25   [2mdesvio:[0m -62%   [2m(2 obs. fim_semana)[0m
2026-07-19 17:25:31 [INFO] 
2026-07-19 17:25:31 [INFO]   🔵 [94m[1mPT0002000068856267NC[0m  [2m[sem cluster][0m
2026-07-19 17:25:31 [INFO]      consumiu MENOS que o habitual às 11h
2026-07-19 17:25:31 [INFO]      [2mReal:[0m 17.0 kWh   [2mHabitual:[0m 65.5 ± 7.8 kWh   [2mz:[0m -6.24   [2mdesvio:[0m -74%   [2m(2 obs. fim_semana)[0m
2026-07-19 17:25:31 [INFO] 
2026-07-19 17:25:31 [INFO]   🔵 [94m[1mPT0002000033074862LZ[0m  [2m[Cluster 0][0m
2026-07-19 17:25:31 [INFO]      consumiu MENOS que o habitual às 13h
2026-07-19 17:25:31 [INFO]      [2mReal:[0m 11.0 kWh   [2mHabitual:[0m 46.0 ± 5.7 kWh   [2mz:[0m -6.19   [2mdesvio:[0m -76%   [2m(2 obs. fim_semana)[0m
2026-07-19 17:25:31 [INFO] 
2026-07-19 17:25:31 [INFO]   🔵 [94m[1mPT0002000068856655YV[0m  [2m[Cluster 0][0m
2026-07-19 17:25:31 [INFO]      consumiu MENOS que o habitual às 09h
2026-07-19 17:25:31 [INFO]      [2mReal:[0m 4.0 kWh   [2mHabitual:[0m 10.5 ± 1.1 kWh   [2mz:[0m -6.19   [2mdesvio:[0m -62%   [2m(2 obs. fim_semana)[0m
2026-07-19 17:25:31 [INFO] 
2026-07-19 17:25:31 [INFO]   🔵 [94m[1mPT0002000071896778MT[0m  [2m[Cluster 0][0m
2026-07-19 17:25:31 [INFO]      consumiu MENOS que o habitual às 15h
2026-07-19 17:25:31 [INFO]      [2mReal:[0m 4.0 kWh   [2mHabitual:[0m 10.5 ± 1.1 kWh   [2mz:[0m -6.19   [2mdesvio:[0m -62%   [2m(2 obs. fim_semana)[0m
2026-07-19 17:25:31 [INFO] 
2026-07-19 17:25:31 [INFO]   🔵 [94m[1mPT0002000120237616VJ[0m  [2m[Cluster 0][0m
2026-07-19 17:25:31 [INFO]      consumiu MENOS que o habitual às 16h
2026-07-19 17:25:31 [INFO]      [2mReal:[0m 12.0 kWh   [2mHabitual:[0m 31.5 ± 3.1 kWh   [2mz:[0m -6.19   [2mdesvio:[0m -62%   [2m(2 obs. fim_semana)[0m
2026-07-19 17:25:31 [INFO] 
2026-07-19 17:25:31 [INFO]   🔵 [94m[1mPT0002000075637532JB[0m  [2m[Cluster 0][0m
2026-07-19 17:25:31 [INFO]      consumiu MENOS que o habitual às 11h
2026-07-19 17:25:31 [INFO]      [2mReal:[0m 4.0 kWh   [2mHabitual:[0m 34.5 ± 5.0 kWh   [2mz:[0m -6.16   [2mdesvio:[0m -88%   [2m(2 obs. fim_semana)[0m
2026-07-19 17:25:31 [INFO] 
2026-07-19 17:25:31 [INFO]   🔵 [94m[1mPT0002000101964938LF[0m  [2m[Cluster 0][0m
2026-07-19 17:25:31 [INFO]      consumiu MENOS que o habitual às 10h
2026-07-19 17:25:31 [INFO]      [2mReal:[0m 10.0 kWh   [2mHabitual:[0m 40.5 ± 5.0 kWh   [2mz:[0m -6.16   [2mdesvio:[0m -75%   [2m(2 obs. fim_semana)[0m
2026-07-19 17:25:31 [INFO] 
2026-07-19 17:25:31 [INFO]   🔵 [94m[1mPT0002000068859393XH[0m  [2m[Cluster 1][0m
2026-07-19 17:25:31 [INFO]      consumiu MENOS que o habitual às 23h
2026-07-19 17:25:31 [INFO]      [2mReal:[0m 31.0 kWh   [2mHabitual:[0m 101.7 ± 11.6 kWh   [2mz:[0m -6.10   [2mdesvio:[0m -70%   [2m(3 obs. fim_semana)[0m
2026-07-19 17:25:31 [INFO] 
2026-07-19 17:25:31 [INFO]   🔵 [94m[1mPT0002000115031201VQ[0m  [2m[Cluster 0][0m
2026-07-19 17:25:31 [INFO]      consumiu MENOS que o habitual às 09h
2026-07-19 17:25:31 [INFO]      [2mReal:[0m 4.0 kWh   [2mHabitual:[0m 21.0 ± 2.8 kWh   [2mz:[0m -6.01   [2mdesvio:[0m -81%   [2m(2 obs. fim_semana)[0m
2026-07-19 17:25:31 [INFO] 
2026-07-19 17:25:31 [INFO]   🔵 [94m[1mPT0002000115700602GW[0m  [2m[Cluster 0][0m
2026-07-19 17:25:31 [INFO]      consumiu MENOS que o habitual às 14h
2026-07-19 17:25:31 [INFO]      [2mReal:[0m 9.0 kWh   [2mHabitual:[0m 26.0 ± 2.8 kWh   [2mz:[0m -6.01   [2mdesvio:[0m -65%   [2m(2 obs. fim_semana)[0m
2026-07-19 17:25:31 [INFO] 
2026-07-19 17:25:31 [INFO]   🔵 [94m[1mPT0002000033074862LZ[0m  [2m[Cluster 0][0m
2026-07-19 17:25:31 [INFO]      consumiu MENOS que o habitual às 15h
2026-07-19 17:25:31 [INFO]      [2mReal:[0m 10.0 kWh   [2mHabitual:[0m 25.0 ± 2.5 kWh   [2mz:[0m -6.00   [2mdesvio:[0m -60%   [2m(2 obs. fim_semana)[0m
2026-07-19 17:25:31 [INFO] 
2026-07-19 17:25:31 [INFO]   🔴 [91m[1mPT0002000123648159KR[0m  [2m[Cluster 0][0m
2026-07-19 17:25:31 [INFO]      consumiu MAIS que o habitual às 18h
2026-07-19 17:25:31 [INFO]      [2mReal:[0m 8.0 kWh   [2mHabitual:[0m 5.0 ± 0.5 kWh   [2mz:[0m +6.00   [2mdesvio:[0m +60%   [2m(2 obs. fim_semana)[0m
2026-07-19 17:25:31 [INFO] 
2026-07-19 17:25:31 [INFO]   🔵 [94m[1mPT0002000068856974CZ[0m  [2m[sem cluster][0m
2026-07-19 17:25:31 [INFO]      consumiu MENOS que o habitual às 08h
2026-07-19 17:25:31 [INFO]      [2mReal:[0m 13.0 kWh   [2mHabitual:[0m 38.0 ± 4.2 kWh   [2mz:[0m -5.89   [2mdesvio:[0m -66%   [2m(2 obs. fim_semana)[0m
2026-07-19 17:25:31 [INFO] 
2026-07-19 17:25:31 [INFO]   🔵 [94m[1mPT0002000115031201VQ[0m  [2m[Cluster 0][0m
2026-07-19 17:25:31 [INFO]      consumiu MENOS que o habitual às 08h
2026-07-19 17:25:31 [INFO]      [2mReal:[0m 6.0 kWh   [2mHabitual:[0m 14.5 ± 1.4 kWh   [2mz:[0m -5.86   [2mdesvio:[0m -59%   [2m(2 obs. fim_semana)[0m
2026-07-19 17:25:31 [INFO] 
2026-07-19 17:25:31 [INFO]   🔴 [91m[1mPT0002000068859325FL[0m  [2m[Cluster 1][0m
2026-07-19 17:25:31 [INFO]      consumiu MAIS que o habitual às 13h
2026-07-19 17:25:31 [INFO]      [2mReal:[0m 332.0 kWh   [2mHabitual:[0m 200.0 ± 22.6 kWh   [2mz:[0m +5.83   [2mdesvio:[0m +66%   [2m(2 obs. fim_semana)[0m
2026-07-19 17:25:31 [INFO] 
2026-07-19 17:25:31 [INFO]   🔵 [94m[1mPT0002000125379984SH[0m  [2m[Cluster 1][0m
2026-07-19 17:25:31 [INFO]      consumiu MENOS que o habitual às 10h
2026-07-19 17:25:31 [INFO]      [2mReal:[0m 5.0 kWh   [2mHabitual:[0m 12.0 ± 1.2 kWh   [2mz:[0m -5.83   [2mdesvio:[0m -58%   [2m(2 obs. fim_semana)[0m
2026-07-19 17:25:31 [INFO] 
2026-07-19 17:25:31 [INFO]   🔴 [91m[1mPT0002000077348081AG[0m  [2m[sem cluster][0m
2026-07-19 17:25:31 [INFO]      consumiu MAIS que o habitual às 21h
2026-07-19 17:25:31 [INFO]      [2mReal:[0m 242.0 kWh   [2mHabitual:[0m 62.3 ± 31.0 kWh   [2mz:[0m +5.80   [2mdesvio:[0m +288%   [2m(3 obs. fim_semana)[0m
2026-07-19 17:25:31 [INFO] 
2026-07-19 17:25:31 [INFO]   🔵 [94m[1mPT0002000115031201VQ[0m  [2m[Cluster 0][0m
2026-07-19 17:25:31 [INFO]      consumiu MENOS que o habitual às 10h
2026-07-19 17:25:31 [INFO]      [2mReal:[0m 3.0 kWh   [2mHabitual:[0m 23.5 ± 3.5 kWh   [2mz:[0m -5.80   [2mdesvio:[0m -87%   [2m(2 obs. fim_semana)[0m
2026-07-19 17:25:31 [INFO] 
2026-07-19 17:25:31 [INFO]   🔵 [94m[1mPT0002000071896778MT[0m  [2m[Cluster 0][0m
2026-07-19 17:25:31 [INFO]      consumiu MENOS que o habitual às 17h
2026-07-19 17:25:31 [INFO]      [2mReal:[0m 4.0 kWh   [2mHabitual:[0m 9.5 ± 0.9 kWh   [2mz:[0m -5.79   [2mdesvio:[0m -58%   [2m(2 obs. fim_semana)[0m
2026-07-19 17:25:31 [INFO] 
2026-07-19 17:25:31 [INFO]   🔵 [94m[1mPT0002000068856267NC[0m  [2m[sem cluster][0m
2026-07-19 17:25:31 [INFO]      consumiu MENOS que o habitual às 18h
2026-07-19 17:25:31 [INFO]      [2mReal:[0m 17.0 kWh   [2mHabitual:[0m 40.0 ± 4.0 kWh   [2mz:[0m -5.75   [2mdesvio:[0m -57%   [2m(2 obs. fim_semana)[0m
2026-07-19 17:25:31 [INFO] 
2026-07-19 17:25:31 [INFO]   🔵 [94m[1mPT0002000115673471CB[0m  [2m[Cluster 0][0m
2026-07-19 17:25:31 [INFO]      consumiu MENOS que o habitual às 13h
2026-07-19 17:25:31 [INFO]      [2mReal:[0m 12.0 kWh   [2mHabitual:[0m 48.5 ± 6.4 kWh   [2mz:[0m -5.74   [2mdesvio:[0m -75%   [2m(2 obs. fim_semana)[0m
2026-07-19 17:25:31 [INFO] 
2026-07-19 17:25:31 [INFO]   🔵 [94m[1mPT0002000068858674WN[0m  [2m[sem cluster][0m
2026-07-19 17:25:31 [INFO]      consumiu MENOS que o habitual às 18h
2026-07-19 17:25:31 [INFO]      [2mReal:[0m 12.0 kWh   [2mHabitual:[0m 28.0 ± 2.8 kWh   [2mz:[0m -5.71   [2mdesvio:[0m -57%   [2m(2 obs. fim_semana)[0m
2026-07-19 17:25:31 [INFO] 
2026-07-19 17:25:31 [INFO]   🔵 [94m[1mPT0002000068856655YV[0m  [2m[Cluster 0][0m
2026-07-19 17:25:31 [INFO]      consumiu MENOS que o habitual às 17h
2026-07-19 17:25:31 [INFO]      [2mReal:[0m 3.0 kWh   [2mHabitual:[0m 11.0 ± 1.4 kWh   [2mz:[0m -5.66   [2mdesvio:[0m -73%   [2m(2 obs. fim_semana)[0m
2026-07-19 17:25:31 [INFO] 
2026-07-19 17:25:31 [INFO]   🔵 [94m[1mPT0002000120237616VJ[0m  [2m[Cluster 0][0m
2026-07-19 17:25:31 [INFO]      consumiu MENOS que o habitual às 17h
2026-07-19 17:25:31 [INFO]      [2mReal:[0m 11.0 kWh   [2mHabitual:[0m 27.0 ± 2.8 kWh   [2mz:[0m -5.66   [2mdesvio:[0m -59%   [2m(2 obs. fim_semana)[0m
2026-07-19 17:25:31 [INFO] 
2026-07-19 17:25:31 [INFO]   🔵 [94m[1mPT0002000123648159KR[0m  [2m[Cluster 0][0m
2026-07-19 17:25:31 [INFO]      consumiu MENOS que o habitual às 15h
2026-07-19 17:25:31 [INFO]      [2mReal:[0m 5.0 kWh   [2mHabitual:[0m 13.0 ± 1.4 kWh   [2mz:[0m -5.66   [2mdesvio:[0m -62%   [2m(2 obs. fim_semana)[0m
2026-07-19 17:25:31 [INFO] 
2026-07-19 17:25:31 [INFO]   🔵 [94m[1mPT0002000110607652SB[0m  [2m[Cluster 0][0m
2026-07-19 17:25:31 [INFO]      consumiu MENOS que o habitual às 08h
2026-07-19 17:25:31 [INFO]      [2mReal:[0m 20.0 kWh   [2mHabitual:[0m 46.0 ± 4.6 kWh   [2mz:[0m -5.65   [2mdesvio:[0m -57%   [2m(2 obs. fim_semana)[0m
2026-07-19 17:25:31 [INFO] 
2026-07-19 17:25:31 [INFO]   🔵 [94m[1mPT0002000116530964LH[0m  [2m[sem cluster][0m
2026-07-19 17:25:31 [INFO]      consumiu MENOS que o habitual às 11h
2026-07-19 17:25:31 [INFO]      [2mReal:[0m 88.0 kWh   [2mHabitual:[0m 202.0 ± 20.2 kWh   [2mz:[0m -5.64   [2mdesvio:[0m -56%   [2m(2 obs. fim_semana)[0m
2026-07-19 17:25:31 [INFO] 
2026-07-19 17:25:31 [INFO]   🔴 [91m[1mPT0002000068859393XH[0m  [2m[Cluster 1][0m
2026-07-19 17:25:31 [INFO]      consumiu MAIS que o habitual às 12h
2026-07-19 17:25:31 [INFO]      [2mReal:[0m 179.0 kWh   [2mHabitual:[0m 114.5 ± 11.4 kWh   [2mz:[0m +5.63   [2mdesvio:[0m +56%   [2m(2 obs. fim_semana)[0m
2026-07-19 17:25:31 [INFO] 
2026-07-19 17:25:31 [INFO]   🔴 [91m[1mPT0002000201038711LS[0m  [2m[sem cluster][0m
2026-07-19 17:25:31 [INFO]      consumiu MAIS que o habitual às 19h
2026-07-19 17:25:31 [INFO]      [2mReal:[0m 75.0 kWh   [2mHabitual:[0m 48.0 ± 4.8 kWh   [2mz:[0m +5.62   [2mdesvio:[0m +56%   [2m(2 obs. fim_semana)[0m
2026-07-19 17:25:31 [INFO] 
2026-07-19 17:25:31 [INFO]   🔵 [94m[1mPT0002000068857897ZV[0m  [2m[Cluster 0][0m
2026-07-19 17:25:31 [INFO]      consumiu MENOS que o habitual às 10h
2026-07-19 17:25:31 [INFO]      [2mReal:[0m 26.0 kWh   [2mHabitual:[0m 59.0 ± 5.9 kWh   [2mz:[0m -5.59   [2mdesvio:[0m -56%   [2m(2 obs. fim_semana)[0m
2026-07-19 17:25:31 [INFO] 
2026-07-19 17:25:31 [INFO]   🔵 [94m[1mPT0002000201038711LS[0m  [2m[sem cluster][0m
2026-07-19 17:25:31 [INFO]      consumiu MENOS que o habitual às 22h
2026-07-19 17:25:31 [INFO]      [2mReal:[0m 0.0 kWh   [2mHabitual:[0m 42.3 ± 7.6 kWh   [2mz:[0m -5.59   [2mdesvio:[0m -100%   [2m(3 obs. fim_semana)[0m
2026-07-19 17:25:31 [INFO] 
2026-07-19 17:25:31 [INFO]   🔵 [94m[1mPT0002000068856267NC[0m  [2m[sem cluster][0m
2026-07-19 17:25:31 [INFO]      consumiu MENOS que o habitual às 17h
2026-07-19 17:25:31 [INFO]      [2mReal:[0m 18.0 kWh   [2mHabitual:[0m 40.5 ± 4.0 kWh   [2mz:[0m -5.56   [2mdesvio:[0m -56%   [2m(2 obs. fim_semana)[0m
2026-07-19 17:25:31 [INFO] 
2026-07-19 17:25:31 [INFO]   🔵 [94m[1mPT0002000068856267NC[0m  [2m[sem cluster][0m
2026-07-19 17:25:31 [INFO]      consumiu MENOS que o habitual às 08h
2026-07-19 17:25:31 [INFO]      [2mReal:[0m 17.0 kWh   [2mHabitual:[0m 37.5 ± 3.8 kWh   [2mz:[0m -5.47   [2mdesvio:[0m -55%   [2m(2 obs. fim_semana)[0m
2026-07-19 17:25:31 [INFO] 
2026-07-19 17:25:31 [INFO]   🔵 [94m[1mPT0002000115673389QK[0m  [2m[Cluster 0][0m
2026-07-19 17:25:31 [INFO]      consumiu MENOS que o habitual às 12h
2026-07-19 17:25:31 [INFO]      [2mReal:[0m 22.0 kWh   [2mHabitual:[0m 95.5 ± 13.4 kWh   [2mz:[0m -5.47   [2mdesvio:[0m -77%   [2m(2 obs. fim_semana)[0m
2026-07-19 17:25:31 [INFO] 
2026-07-19 17:25:31 [INFO]   🔵 [94m[1mPT0002000068859597LS[0m  [2m[Cluster 0][0m
2026-07-19 17:25:31 [INFO]      consumiu MENOS que o habitual às 15h
2026-07-19 17:25:31 [INFO]      [2mReal:[0m 32.0 kWh   [2mHabitual:[0m 70.0 ± 7.0 kWh   [2mz:[0m -5.43   [2mdesvio:[0m -54%   [2m(2 obs. fim_semana)[0m
2026-07-19 17:25:31 [INFO] 
2026-07-19 17:25:31 [INFO]   🔵 [94m[1mPT0002000068856267NC[0m  [2m[sem cluster][0m
2026-07-19 17:25:31 [INFO]      consumiu MENOS que o habitual às 15h
2026-07-19 17:25:31 [INFO]      [2mReal:[0m 17.0 kWh   [2mHabitual:[0m 37.0 ± 3.7 kWh   [2mz:[0m -5.41   [2mdesvio:[0m -54%   [2m(2 obs. fim_semana)[0m
2026-07-19 17:25:31 [INFO] 
2026-07-19 17:25:31 [INFO]   🔵 [94m[1mPT0002000068859597LS[0m  [2m[Cluster 0][0m
2026-07-19 17:25:31 [INFO]      consumiu MENOS que o habitual às 10h
2026-07-19 17:25:31 [INFO]      [2mReal:[0m 34.0 kWh   [2mHabitual:[0m 73.5 ± 7.3 kWh   [2mz:[0m -5.37   [2mdesvio:[0m -54%   [2m(2 obs. fim_semana)[0m
2026-07-19 17:25:31 [INFO] 
2026-07-19 17:25:31 [INFO]   🔵 [94m[1mPT0002000068859382XF[0m  [2m[Cluster 0][0m
2026-07-19 17:25:31 [INFO]      consumiu MENOS que o habitual às 10h
2026-07-19 17:25:31 [INFO]      [2mReal:[0m 39.0 kWh   [2mHabitual:[0m 83.5 ± 8.3 kWh   [2mz:[0m -5.33   [2mdesvio:[0m -53%   [2m(2 obs. fim_semana)[0m
2026-07-19 17:25:31 [INFO] 
2026-07-19 17:25:31 [INFO]   🔴 [91m[1mPT0002000068859325FL[0m  [2m[Cluster 1][0m
2026-07-19 17:25:31 [INFO]      consumiu MAIS que o habitual às 12h
2026-07-19 17:25:31 [INFO]      [2mReal:[0m 380.0 kWh   [2mHabitual:[0m 200.0 ± 33.9 kWh   [2mz:[0m +5.30   [2mdesvio:[0m +90%   [2m(2 obs. fim_semana)[0m
2026-07-19 17:25:31 [INFO] 
2026-07-19 17:25:31 [INFO]   🔵 [94m[1mPT0002000115673389QK[0m  [2m[Cluster 0][0m
2026-07-19 17:25:31 [INFO]      consumiu MENOS que o habitual às 16h
2026-07-19 17:25:31 [INFO]      [2mReal:[0m 23.0 kWh   [2mHabitual:[0m 53.0 ± 5.7 kWh   [2mz:[0m -5.30   [2mdesvio:[0m -57%   [2m(2 obs. fim_semana)[0m
2026-07-19 17:25:31 [INFO] 
2026-07-19 17:25:31 [INFO]   🔵 [94m[1mPT0002000116530964LH[0m  [2m[sem cluster][0m
2026-07-19 17:25:31 [INFO]      consumiu MENOS que o habitual às 10h
2026-07-19 17:25:31 [INFO]      [2mReal:[0m 90.0 kWh   [2mHabitual:[0m 191.5 ± 19.1 kWh   [2mz:[0m -5.30   [2mdesvio:[0m -53%   [2m(2 obs. fim_semana)[0m
2026-07-19 17:25:31 [INFO] 
2026-07-19 17:25:31 [INFO]   🔵 [94m[1mPT0002000115700602GW[0m  [2m[Cluster 0][0m
2026-07-19 17:25:31 [INFO]      consumiu MENOS que o habitual às 07h
2026-07-19 17:25:31 [INFO]      [2mReal:[0m 8.0 kWh   [2mHabitual:[0m 17.0 ± 1.7 kWh   [2mz:[0m -5.29   [2mdesvio:[0m -53%   [2m(2 obs. fim_semana)[0m
2026-07-19 17:25:31 [INFO] 
2026-07-19 17:25:31 [INFO]   🔵 [94m[1mPT0002000116530964LH[0m  [2m[sem cluster][0m
2026-07-19 17:25:31 [INFO]      consumiu MENOS que o habitual às 12h
2026-07-19 17:25:31 [INFO]      [2mReal:[0m 89.0 kWh   [2mHabitual:[0m 188.5 ± 18.9 kWh   [2mz:[0m -5.28   [2mdesvio:[0m -53%   [2m(2 obs. fim_semana)[0m
2026-07-19 17:25:31 [INFO] 
2026-07-19 17:25:31 [INFO]   🔵 [94m[1mPT0002000116530964LH[0m  [2m[sem cluster][0m
2026-07-19 17:25:31 [INFO]      consumiu MENOS que o habitual às 16h
2026-07-19 17:25:31 [INFO]      [2mReal:[0m 84.0 kWh   [2mHabitual:[0m 177.5 ± 17.8 kWh   [2mz:[0m -5.27   [2mdesvio:[0m -53%   [2m(2 obs. fim_semana)[0m
2026-07-19 17:25:31 [INFO] 
2026-07-19 17:25:31 [INFO]   🔵 [94m[1mPT0002000068856267NC[0m  [2m[sem cluster][0m
2026-07-19 17:25:31 [INFO]      consumiu MENOS que o habitual às 19h
2026-07-19 17:25:31 [INFO]      [2mReal:[0m 19.0 kWh   [2mHabitual:[0m 40.0 ± 4.0 kWh   [2mz:[0m -5.25   [2mdesvio:[0m -52%   [2m(2 obs. fim_semana)[0m
2026-07-19 17:25:31 [INFO] 
2026-07-19 17:25:31 [INFO]   🔵 [94m[1mPT0002000068859597LS[0m  [2m[Cluster 0][0m
2026-07-19 17:25:31 [INFO]      consumiu MENOS que o habitual às 14h
2026-07-19 17:25:31 [INFO]      [2mReal:[0m 33.0 kWh   [2mHabitual:[0m 69.5 ± 7.0 kWh   [2mz:[0m -5.25   [2mdesvio:[0m -53%   [2m(2 obs. fim_semana)[0m
2026-07-19 17:25:31 [INFO] 
2026-07-19 17:25:31 [INFO]   🔵 [94m[1mPT0002000068859382XF[0m  [2m[Cluster 0][0m
2026-07-19 17:25:31 [INFO]      consumiu MENOS que o habitual às 11h
2026-07-19 17:25:31 [INFO]      [2mReal:[0m 39.0 kWh   [2mHabitual:[0m 81.0 ± 8.1 kWh   [2mz:[0m -5.19   [2mdesvio:[0m -52%   [2m(2 obs. fim_semana)[0m
2026-07-19 17:25:31 [INFO] 
2026-07-19 17:25:31 [INFO]   🔵 [94m[1mPT0002000073481266XH[0m  [2m[Cluster 0][0m
2026-07-19 17:25:31 [INFO]      consumiu MENOS que o habitual às 17h
2026-07-19 17:25:31 [INFO]      [2mReal:[0m 8.0 kWh   [2mHabitual:[0m 30.0 ± 4.2 kWh   [2mz:[0m -5.19   [2mdesvio:[0m -73%   [2m(2 obs. fim_semana)[0m
2026-07-19 17:25:31 [INFO] 
2026-07-19 17:25:31 [INFO]   🔵 [94m[1mPT0002000119303492KB[0m  [2m[Cluster 0][0m
2026-07-19 17:25:31 [INFO]      consumiu MENOS que o habitual às 09h
2026-07-19 17:25:31 [INFO]      [2mReal:[0m 3.0 kWh   [2mHabitual:[0m 25.0 ± 4.2 kWh   [2mz:[0m -5.19   [2mdesvio:[0m -88%   [2m(2 obs. fim_semana)[0m
2026-07-19 17:25:31 [INFO] 
2026-07-19 17:25:31 [INFO]   🔵 [94m[1mPT0002000068857897ZV[0m  [2m[Cluster 0][0m
2026-07-19 17:25:31 [INFO]      consumiu MENOS que o habitual às 09h
2026-07-19 17:25:31 [INFO]      [2mReal:[0m 27.0 kWh   [2mHabitual:[0m 55.5 ± 5.5 kWh   [2mz:[0m -5.14   [2mdesvio:[0m -51%   [2m(2 obs. fim_semana)[0m
2026-07-19 17:25:31 [INFO] 
2026-07-19 17:25:31 [INFO]   🔵 [94m[1mPT0002000068859393XH[0m  [2m[Cluster 1][0m
2026-07-19 17:25:31 [INFO]      consumiu MENOS que o habitual às 07h
2026-07-19 17:25:31 [INFO]      [2mReal:[0m 17.0 kWh   [2mHabitual:[0m 35.0 ± 3.5 kWh   [2mz:[0m -5.14   [2mdesvio:[0m -51%   [2m(2 obs. fim_semana)[0m
2026-07-19 17:25:31 [INFO] 
2026-07-19 17:25:31 [INFO]   🔴 [91m[1mPT0002000073720434JD[0m  [2m[sem cluster][0m
2026-07-19 17:25:31 [INFO]      consumiu MAIS que o habitual às 16h
2026-07-19 17:25:31 [INFO]      [2mReal:[0m 87.0 kWh   [2mHabitual:[0m 29.0 ± 11.3 kWh   [2mz:[0m +5.13   [2mdesvio:[0m +200%   [2m(2 obs. fim_semana)[0m
2026-07-19 17:25:31 [INFO] 
2026-07-19 17:25:31 [INFO]   🔵 [94m[1mPT0002000068859597LS[0m  [2m[Cluster 0][0m
2026-07-19 17:25:31 [INFO]      consumiu MENOS que o habitual às 11h
2026-07-19 17:25:31 [INFO]      [2mReal:[0m 36.0 kWh   [2mHabitual:[0m 73.5 ± 7.3 kWh   [2mz:[0m -5.10   [2mdesvio:[0m -51%   [2m(2 obs. fim_semana)[0m
2026-07-19 17:25:31 [INFO] 
2026-07-19 17:25:31 [INFO]   🔵 [94m[1mPT0002000033074862LZ[0m  [2m[Cluster 0][0m
2026-07-19 17:25:31 [INFO]      consumiu MENOS que o habitual às 17h
2026-07-19 17:25:31 [INFO]      [2mReal:[0m 13.0 kWh   [2mHabitual:[0m 26.5 ± 2.6 kWh   [2mz:[0m -5.09   [2mdesvio:[0m -51%   [2m(2 obs. fim_semana)[0m
2026-07-19 17:25:31 [INFO] 
2026-07-19 17:25:31 [INFO]   🔵 [94m[1mPT0002000068859187RL[0m  [2m[Cluster 0][0m
2026-07-19 17:25:31 [INFO]      consumiu MENOS que o habitual às 15h
2026-07-19 17:25:31 [INFO]      [2mReal:[0m 20.0 kWh   [2mHabitual:[0m 63.0 ± 8.5 kWh   [2mz:[0m -5.07   [2mdesvio:[0m -68%   [2m(2 obs. fim_semana)[0m
2026-07-19 17:25:31 [INFO] 
2026-07-19 17:25:31 [INFO]   🔵 [94m[1mPT0002000101964938LF[0m  [2m[Cluster 0][0m
2026-07-19 17:25:31 [INFO]      consumiu MENOS que o habitual às 16h
2026-07-19 17:25:31 [INFO]      [2mReal:[0m 10.0 kWh   [2mHabitual:[0m 53.0 ± 8.5 kWh   [2mz:[0m -5.07   [2mdesvio:[0m -81%   [2m(2 obs. fim_semana)[0m
2026-07-19 17:25:31 [INFO] 
2026-07-19 17:25:31 [INFO]   🔵 [94m[1mPT0002000068859382XF[0m  [2m[Cluster 0][0m
2026-07-19 17:25:31 [INFO]      consumiu MENOS que o habitual às 15h
2026-07-19 17:25:31 [INFO]      [2mReal:[0m 39.0 kWh   [2mHabitual:[0m 78.5 ± 7.8 kWh   [2mz:[0m -5.03   [2mdesvio:[0m -50%   [2m(2 obs. fim_semana)[0m
2026-07-19 17:25:31 [INFO] 
2026-07-19 17:25:31 [INFO]   🔵 [94m[1mPT0002000116530964LH[0m  [2m[sem cluster][0m
2026-07-19 17:25:31 [INFO]      consumiu MENOS que o habitual às 14h
2026-07-19 17:25:31 [INFO]      [2mReal:[0m 85.0 kWh   [2mHabitual:[0m 171.0 ± 17.1 kWh   [2mz:[0m -5.03   [2mdesvio:[0m -50%   [2m(2 obs. fim_semana)[0m
2026-07-19 17:25:31 [INFO] 
2026-07-19 17:25:31 [INFO]   🔵 [94m[1mPT0002000111572054VT[0m  [2m[sem cluster][0m
2026-07-19 17:25:31 [INFO]      consumiu MENOS que o habitual às 19h
2026-07-19 17:25:31 [INFO]      [2mReal:[0m 16.0 kWh   [2mHabitual:[0m 32.0 ± 3.2 kWh   [2mz:[0m -5.00   [2mdesvio:[0m -50%   [2m(2 obs. fim_semana)[0m
2026-07-19 17:25:31 [INFO] 
2026-07-19 17:25:31 [INFO]   🔵 [94m[1mPT0002000125379984SH[0m  [2m[Cluster 1][0m
2026-07-19 17:25:31 [INFO]      consumiu MENOS que o habitual às 11h
2026-07-19 17:25:31 [INFO]      [2mReal:[0m 4.0 kWh   [2mHabitual:[0m 8.0 ± 0.8 kWh   [2mz:[0m -5.00   [2mdesvio:[0m -50%   [2m(2 obs. fim_semana)[0m
2026-07-19 17:25:31 [INFO] 
2026-07-19 17:25:31 [INFO]   🔵 [94m[1mPT0002000068856974CZ[0m  [2m[sem cluster][0m
2026-07-19 17:25:31 [INFO]      consumiu MENOS que o habitual às 15h
2026-07-19 17:25:31 [INFO]      [2mReal:[0m 23.0 kWh   [2mHabitual:[0m 45.5 ± 4.5 kWh   [2mz:[0m -4.95   [2mdesvio:[0m -49%   [2m(2 obs. fim_semana)[0m
2026-07-19 17:25:31 [INFO] 
2026-07-19 17:25:31 [INFO]   🔴 [91m[1mPT0002000073717386HC[0m  [2m[sem cluster][0m
2026-07-19 17:25:31 [INFO]      consumiu MAIS que o habitual às 13h
2026-07-19 17:25:31 [INFO]      [2mReal:[0m 8.0 kWh   [2mHabitual:[0m 4.5 ± 0.7 kWh   [2mz:[0m +4.95   [2mdesvio:[0m +78%   [2m(2 obs. fim_semana)[0m
2026-07-19 17:25:31 [INFO] 
2026-07-19 17:25:31 [INFO]   🔵 [94m[1mPT0002000078233981HJ[0m  [2m[Cluster 1][0m
2026-07-19 17:25:31 [INFO]      consumiu MENOS que o habitual às 17h
2026-07-19 17:25:31 [INFO]      [2mReal:[0m 2.0 kWh   [2mHabitual:[0m 12.5 ± 2.1 kWh   [2mz:[0m -4.95   [2mdesvio:[0m -84%   [2m(2 obs. fim_semana)[0m
2026-07-19 17:25:31 [INFO] 
2026-07-19 17:25:31 [INFO]   🔵 [94m[1mPT0002000078294957RQ[0m  [2m[Cluster 0][0m
2026-07-19 17:25:31 [INFO]      consumiu MENOS que o habitual às 09h
2026-07-19 17:25:31 [INFO]      [2mReal:[0m 8.0 kWh   [2mHabitual:[0m 18.5 ± 2.1 kWh   [2mz:[0m -4.95   [2mdesvio:[0m -57%   [2m(2 obs. fim_semana)[0m
2026-07-19 17:25:31 [INFO] 
2026-07-19 17:25:31 [INFO]   🔵 [94m[1mPT0002000078294957RQ[0m  [2m[Cluster 0][0m
2026-07-19 17:25:31 [INFO]      consumiu MENOS que o habitual às 18h
2026-07-19 17:25:31 [INFO]      [2mReal:[0m 7.0 kWh   [2mHabitual:[0m 14.0 ± 1.4 kWh   [2mz:[0m -4.95   [2mdesvio:[0m -50%   [2m(2 obs. fim_semana)[0m
2026-07-19 17:25:31 [INFO] 
2026-07-19 17:25:31 [INFO]   🔴 [91m[1mPT0002000081344542CP[0m  [2m[Cluster 1][0m
2026-07-19 17:25:31 [INFO]      consumiu MAIS que o habitual às 14h
2026-07-19 17:25:31 [INFO]      [2mReal:[0m 6.0 kWh   [2mHabitual:[0m 2.5 ± 0.7 kWh   [2mz:[0m +4.95   [2mdesvio:[0m +140%   [2m(2 obs. fim_semana)[0m
2026-07-19 17:25:31 [INFO] 
2026-07-19 17:25:31 [INFO]   🔵 [94m[1mPT0002000115673471CB[0m  [2m[Cluster 0][0m
2026-07-19 17:25:31 [INFO]      consumiu MENOS que o habitual às 15h
2026-07-19 17:25:31 [INFO]      [2mReal:[0m 11.0 kWh   [2mHabitual:[0m 32.0 ± 4.2 kWh   [2mz:[0m -4.95   [2mdesvio:[0m -66%   [2m(2 obs. fim_semana)[0m
2026-07-19 17:25:31 [INFO] 
2026-07-19 17:25:31 [INFO]   🔵 [94m[1mPT0002000115700602GW[0m  [2m[Cluster 0][0m
2026-07-19 17:25:31 [INFO]      consumiu MENOS que o habitual às 08h
2026-07-19 17:25:31 [INFO]      [2mReal:[0m 9.0 kWh   [2mHabitual:[0m 26.5 ± 3.5 kWh   [2mz:[0m -4.95   [2mdesvio:[0m -66%   [2m(2 obs. fim_semana)[0m
2026-07-19 17:25:31 [INFO] 
2026-07-19 17:25:31 [INFO]   🔵 [94m[1mPT0002000115700602GW[0m  [2m[Cluster 0][0m
2026-07-19 17:25:31 [INFO]      consumiu MENOS que o habitual às 17h
2026-07-19 17:25:31 [INFO]      [2mReal:[0m 8.0 kWh   [2mHabitual:[0m 25.5 ± 3.5 kWh   [2mz:[0m -4.95   [2mdesvio:[0m -69%   [2m(2 obs. fim_semana)[0m
2026-07-19 17:25:31 [INFO] 
2026-07-19 17:25:31 [INFO]   🔵 [94m[1mPT0002000119303492KB[0m  [2m[Cluster 0][0m
2026-07-19 17:25:31 [INFO]      consumiu MENOS que o habitual às 17h
2026-07-19 17:25:31 [INFO]      [2mReal:[0m 4.0 kWh   [2mHabitual:[0m 21.5 ± 3.5 kWh   [2mz:[0m -4.95   [2mdesvio:[0m -81%   [2m(2 obs. fim_semana)[0m
2026-07-19 17:25:31 [INFO] 
2026-07-19 17:25:31 [INFO]   🔵 [94m[1mPT0002000073231742VK[0m  [2m[Cluster 0][0m
2026-07-19 17:25:31 [INFO]      consumiu MENOS que o habitual às 14h
2026-07-19 17:25:31 [INFO]      [2mReal:[0m 12.0 kWh   [2mHabitual:[0m 23.5 ± 2.4 kWh   [2mz:[0m -4.89   [2mdesvio:[0m -49%   [2m(2 obs. fim_semana)[0m
2026-07-19 17:25:31 [INFO] 
2026-07-19 17:25:31 [INFO]   🔵 [94m[1mPT0002000116530964LH[0m  [2m[sem cluster][0m
2026-07-19 17:25:31 [INFO]      consumiu MENOS que o habitual às 09h
2026-07-19 17:25:31 [INFO]      [2mReal:[0m 89.0 kWh   [2mHabitual:[0m 174.0 ± 17.4 kWh   [2mz:[0m -4.89   [2mdesvio:[0m -49%   [2m(2 obs. fim_semana)[0m
2026-07-19 17:25:31 [INFO] 
2026-07-19 17:25:31 [INFO]   🔵 [94m[1mPT0002000116530964LH[0m  [2m[sem cluster][0m
2026-07-19 17:25:31 [INFO]      consumiu MENOS que o habitual às 15h
2026-07-19 17:25:31 [INFO]      [2mReal:[0m 87.0 kWh   [2mHabitual:[0m 170.0 ± 17.0 kWh   [2mz:[0m -4.88   [2mdesvio:[0m -49%   [2m(2 obs. fim_semana)[0m
2026-07-19 17:25:31 [INFO] 
2026-07-19 17:25:31 [INFO]   🔴 [91m[1mPT0002000068859393XH[0m  [2m[Cluster 1][0m
2026-07-19 17:25:31 [INFO]      consumiu MAIS que o habitual às 11h
2026-07-19 17:25:31 [INFO]      [2mReal:[0m 148.0 kWh   [2mHabitual:[0m 99.5 ± 9.9 kWh   [2mz:[0m +4.87   [2mdesvio:[0m +49%   [2m(2 obs. fim_semana)[0m
2026-07-19 17:25:31 [INFO] 
2026-07-19 17:25:31 [INFO]   🔴 [91m[1mPT0002000073720434JD[0m  [2m[sem cluster][0m
2026-07-19 17:25:31 [INFO]      consumiu MAIS que o habitual às 20h
2026-07-19 17:25:31 [INFO]      [2mReal:[0m 90.0 kWh   [2mHabitual:[0m 38.5 ± 10.6 kWh   [2mz:[0m +4.86   [2mdesvio:[0m +134%   [2m(2 obs. fim_semana)[0m
2026-07-19 17:25:31 [INFO] 
2026-07-19 17:25:31 [INFO]   🔵 [94m[1mPT0002000068859382XF[0m  [2m[Cluster 0][0m
2026-07-19 17:25:31 [INFO]      consumiu MENOS que o habitual às 09h
2026-07-19 17:25:31 [INFO]      [2mReal:[0m 39.0 kWh   [2mHabitual:[0m 75.5 ± 7.5 kWh   [2mz:[0m -4.83   [2mdesvio:[0m -48%   [2m(2 obs. fim_semana)[0m
2026-07-19 17:25:31 [INFO] 
2026-07-19 17:25:31 [INFO]   🔵 [94m[1mPT0002000112989585PH[0m  [2m[Cluster 0][0m
2026-07-19 17:25:31 [INFO]      consumiu MENOS que o habitual às 08h
2026-07-19 17:25:31 [INFO]      [2mReal:[0m 12.0 kWh   [2mHabitual:[0m 53.0 ± 8.5 kWh   [2mz:[0m -4.83   [2mdesvio:[0m -77%   [2m(2 obs. fim_semana)[0m
2026-07-19 17:25:31 [INFO] 
2026-07-19 17:25:31 [INFO]   🔵 [94m[1mPT0002000068856826ZG[0m  [2m[sem cluster][0m
2026-07-19 17:25:31 [INFO]      consumiu MENOS que o habitual às 11h
2026-07-19 17:25:31 [INFO]      [2mReal:[0m 184.0 kWh   [2mHabitual:[0m 354.0 ± 35.4 kWh   [2mz:[0m -4.80   [2mdesvio:[0m -48%   [2m(2 obs. fim_semana)[0m
2026-07-19 17:25:31 [INFO] 
2026-07-19 17:25:31 [INFO]   🔵 [94m[1mPT0002000068856974CZ[0m  [2m[sem cluster][0m
2026-07-19 17:25:31 [INFO]      consumiu MENOS que o habitual às 13h
2026-07-19 17:25:31 [INFO]      [2mReal:[0m 10.0 kWh   [2mHabitual:[0m 40.5 ± 6.4 kWh   [2mz:[0m -4.79   [2mdesvio:[0m -75%   [2m(2 obs. fim_semana)[0m
2026-07-19 17:25:31 [INFO] 
2026-07-19 17:25:31 [INFO]   🔵 [94m[1mPT0002000073231742VK[0m  [2m[Cluster 0][0m
2026-07-19 17:25:31 [INFO]      consumiu MENOS que o habitual às 13h
2026-07-19 17:25:31 [INFO]      [2mReal:[0m 12.0 kWh   [2mHabitual:[0m 23.0 ± 2.3 kWh   [2mz:[0m -4.78   [2mdesvio:[0m -48%   [2m(2 obs. fim_semana)[0m
2026-07-19 17:25:31 [INFO] 
2026-07-19 17:25:31 [INFO]   🔵 [94m[1mPT0002000115031201VQ[0m  [2m[Cluster 0][0m
2026-07-19 17:25:31 [INFO]      consumiu MENOS que o habitual às 18h
2026-07-19 17:25:31 [INFO]      [2mReal:[0m 6.0 kWh   [2mHabitual:[0m 11.5 ± 1.1 kWh   [2mz:[0m -4.78   [2mdesvio:[0m -48%   [2m(2 obs. fim_semana)[0m
2026-07-19 17:25:31 [INFO] 
2026-07-19 17:25:31 [INFO]   🔵 [94m[1mPT0002000073231742VK[0m  [2m[Cluster 0][0m
2026-07-19 17:25:31 [INFO]      consumiu MENOS que o habitual às 10h
2026-07-19 17:25:31 [INFO]      [2mReal:[0m 12.0 kWh   [2mHabitual:[0m 39.0 ± 5.7 kWh   [2mz:[0m -4.77   [2mdesvio:[0m -69%   [2m(2 obs. fim_semana)[0m
2026-07-19 17:25:31 [INFO] 
2026-07-19 17:25:31 [INFO]   🔵 [94m[1mPT0002000111572054VT[0m  [2m[sem cluster][0m
2026-07-19 17:25:31 [INFO]      consumiu MENOS que o habitual às 13h
2026-07-19 17:25:31 [INFO]      [2mReal:[0m 0.0 kWh   [2mHabitual:[0m 23.5 ± 5.0 kWh   [2mz:[0m -4.75   [2mdesvio:[0m -100%   [2m(2 obs. fim_semana)[0m
2026-07-19 17:25:31 [INFO] 
2026-07-19 17:25:31 [INFO]   🔴 [91m[1mPT0002000201936109ME[0m  [2m[Cluster 0][0m
2026-07-19 17:25:31 [INFO]      consumiu MAIS que o habitual às 00h
2026-07-19 17:25:31 [INFO]      [2mReal:[0m 136.0 kWh   [2mHabitual:[0m 19.5 ± 24.8 kWh   [2mz:[0m +4.71   [2mdesvio:[0m +597%   [2m(2 obs. fim_semana)[0m
2026-07-19 17:25:31 [INFO] 
2026-07-19 17:25:31 [INFO]   🔵 [94m[1mPT0002000068859597LS[0m  [2m[Cluster 0][0m
2026-07-19 17:25:31 [INFO]      consumiu MENOS que o habitual às 12h
2026-07-19 17:25:31 [INFO]      [2mReal:[0m 34.0 kWh   [2mHabitual:[0m 67.0 ± 7.1 kWh   [2mz:[0m -4.67   [2mdesvio:[0m -49%   [2m(2 obs. fim_semana)[0m
2026-07-19 17:25:31 [INFO] 
2026-07-19 17:25:31 [INFO]   🔵 [94m[1mPT0002000106102375RC[0m  [2m[sem cluster][0m
2026-07-19 17:25:31 [INFO]      consumiu MENOS que o habitual às 09h
2026-07-19 17:25:31 [INFO]      [2mReal:[0m 36.0 kWh   [2mHabitual:[0m 67.5 ± 6.8 kWh   [2mz:[0m -4.67   [2mdesvio:[0m -47%   [2m(2 obs. fim_semana)[0m
2026-07-19 17:25:31 [INFO] 
2026-07-19 17:25:31 [INFO]   🔵 [94m[1mPT0002000106102375RC[0m  [2m[sem cluster][0m
2026-07-19 17:25:31 [INFO]      consumiu MENOS que o habitual às 10h
2026-07-19 17:25:31 [INFO]      [2mReal:[0m 36.0 kWh   [2mHabitual:[0m 67.5 ± 6.8 kWh   [2mz:[0m -4.67   [2mdesvio:[0m -47%   [2m(2 obs. fim_semana)[0m
2026-07-19 17:25:31 [INFO] 
2026-07-19 17:25:31 [INFO]   🔵 [94m[1mPT0002000068859382XF[0m  [2m[Cluster 0][0m
2026-07-19 17:25:31 [INFO]      consumiu MENOS que o habitual às 14h
2026-07-19 17:25:31 [INFO]      [2mReal:[0m 39.0 kWh   [2mHabitual:[0m 73.0 ± 7.3 kWh   [2mz:[0m -4.66   [2mdesvio:[0m -47%   [2m(2 obs. fim_semana)[0m
2026-07-19 17:25:31 [INFO] 
2026-07-19 17:25:31 [INFO]   🔵 [94m[1mPT0002000068856826ZG[0m  [2m[sem cluster][0m
2026-07-19 17:25:31 [INFO]      consumiu MENOS que o habitual às 12h
2026-07-19 17:25:31 [INFO]      [2mReal:[0m 215.0 kWh   [2mHabitual:[0m 399.5 ± 40.0 kWh   [2mz:[0m -4.62   [2mdesvio:[0m -46%   [2m(2 obs. fim_semana)[0m
2026-07-19 17:25:31 [INFO] 
2026-07-19 17:25:31 [INFO]   🔵 [94m[1mPT0002000068856267NC[0m  [2m[sem cluster][0m
2026-07-19 17:25:31 [INFO]      consumiu MENOS que o habitual às 20h
2026-07-19 17:25:31 [INFO]      [2mReal:[0m 24.0 kWh   [2mHabitual:[0m 44.5 ± 4.5 kWh   [2mz:[0m -4.61   [2mdesvio:[0m -46%   [2m(2 obs. fim_semana)[0m
2026-07-19 17:25:31 [INFO] 
2026-07-19 17:25:31 [INFO]   🔵 [94m[1mPT0002000106102375RC[0m  [2m[sem cluster][0m
2026-07-19 17:25:31 [INFO]      consumiu MENOS que o habitual às 11h
2026-07-19 17:25:31 [INFO]      [2mReal:[0m 37.0 kWh   [2mHabitual:[0m 68.5 ± 6.8 kWh   [2mz:[0m -4.60   [2mdesvio:[0m -46%   [2m(2 obs. fim_semana)[0m
2026-07-19 17:25:31 [INFO] 
2026-07-19 17:25:31 [INFO]   🔵 [94m[1mPT0002000101964938LF[0m  [2m[Cluster 0][0m
2026-07-19 17:25:31 [INFO]      consumiu MENOS que o habitual às 07h
2026-07-19 17:25:31 [INFO]      [2mReal:[0m 10.0 kWh   [2mHabitual:[0m 18.5 ± 1.9 kWh   [2mz:[0m -4.59   [2mdesvio:[0m -46%   [2m(2 obs. fim_semana)[0m
2026-07-19 17:25:31 [INFO] 
2026-07-19 17:25:31 [INFO]   🔵 [94m[1mPT0002000112989585PH[0m  [2m[Cluster 0][0m
2026-07-19 17:25:31 [INFO]      consumiu MENOS que o habitual às 19h
2026-07-19 17:25:31 [INFO]      [2mReal:[0m 32.0 kWh   [2mHabitual:[0m 59.0 ± 5.9 kWh   [2mz:[0m -4.58   [2mdesvio:[0m -46%   [2m(2 obs. fim_semana)[0m
2026-07-19 17:25:31 [INFO] 
2026-07-19 17:25:31 [INFO]   🔵 [94m[1mPT0002000068859597LS[0m  [2m[Cluster 0][0m
2026-07-19 17:25:31 [INFO]      consumiu MENOS que o habitual às 13h
2026-07-19 17:25:31 [INFO]      [2mReal:[0m 35.0 kWh   [2mHabitual:[0m 64.5 ± 6.5 kWh   [2mz:[0m -4.57   [2mdesvio:[0m -46%   [2m(2 obs. fim_semana)[0m
2026-07-19 17:25:31 [INFO] 
2026-07-19 17:25:31 [INFO]   🔵 [94m[1mPT0002000116530964LH[0m  [2m[sem cluster][0m
2026-07-19 17:25:31 [INFO]      consumiu MENOS que o habitual às 13h
2026-07-19 17:25:31 [INFO]      [2mReal:[0m 89.0 kWh   [2mHabitual:[0m 164.0 ± 16.4 kWh   [2mz:[0m -4.57   [2mdesvio:[0m -46%   [2m(2 obs. fim_semana)[0m
2026-07-19 17:25:31 [INFO] 
2026-07-19 17:25:31 [INFO]   🔵 [94m[1mPT0002000101964938LF[0m  [2m[Cluster 0][0m
2026-07-19 17:25:31 [INFO]      consumiu MENOS que o habitual às 11h
2026-07-19 17:25:31 [INFO]      [2mReal:[0m 10.0 kWh   [2mHabitual:[0m 45.5 ± 7.8 kWh   [2mz:[0m -4.56   [2mdesvio:[0m -78%   [2m(2 obs. fim_semana)[0m
2026-07-19 17:25:31 [INFO] 
2026-07-19 17:25:31 [INFO]   🔵 [94m[1mPT0002000068859382XF[0m  [2m[Cluster 0][0m
2026-07-19 17:25:31 [INFO]      consumiu MENOS que o habitual às 12h
2026-07-19 17:25:31 [INFO]      [2mReal:[0m 40.0 kWh   [2mHabitual:[0m 73.0 ± 7.3 kWh   [2mz:[0m -4.52   [2mdesvio:[0m -45%   [2m(2 obs. fim_semana)[0m
2026-07-19 17:25:31 [INFO] 
2026-07-19 17:25:31 [INFO]   🔵 [94m[1mPT0002000106102375RC[0m  [2m[sem cluster][0m
2026-07-19 17:25:31 [INFO]      consumiu MENOS que o habitual às 13h
2026-07-19 17:25:31 [INFO]      [2mReal:[0m 39.0 kWh   [2mHabitual:[0m 71.0 ± 7.1 kWh   [2mz:[0m -4.51   [2mdesvio:[0m -45%   [2m(2 obs. fim_semana)[0m
2026-07-19 17:25:31 [INFO] 
2026-07-19 17:25:31 [INFO]   🔵 [94m[1mPT0002000068859382XF[0m  [2m[Cluster 0][0m
2026-07-19 17:25:31 [INFO]      consumiu MENOS que o habitual às 13h
2026-07-19 17:25:31 [INFO]      [2mReal:[0m 38.0 kWh   [2mHabitual:[0m 69.0 ± 6.9 kWh   [2mz:[0m -4.49   [2mdesvio:[0m -45%   [2m(2 obs. fim_semana)[0m
2026-07-19 17:25:31 [INFO] 
2026-07-19 17:25:31 [INFO]   🔵 [94m[1mPT0002000068856267NC[0m  [2m[sem cluster][0m
2026-07-19 17:25:31 [INFO]      consumiu MENOS que o habitual às 12h
2026-07-19 17:25:31 [INFO]      [2mReal:[0m 17.0 kWh   [2mHabitual:[0m 55.0 ± 8.5 kWh   [2mz:[0m -4.48   [2mdesvio:[0m -69%   [2m(2 obs. fim_semana)[0m
2026-07-19 17:25:31 [INFO] 
2026-07-19 17:25:31 [INFO]   🔵 [94m[1mPT0002000073481266XH[0m  [2m[Cluster 0][0m
2026-07-19 17:25:31 [INFO]      consumiu MENOS que o habitual às 18h
2026-07-19 17:25:31 [INFO]      [2mReal:[0m 7.0 kWh   [2mHabitual:[0m 16.5 ± 2.1 kWh   [2mz:[0m -4.48   [2mdesvio:[0m -58%   [2m(2 obs. fim_semana)[0m
2026-07-19 17:25:31 [INFO] 
2026-07-19 17:25:31 [INFO]   🔵 [94m[1mPT0002000106102375RC[0m  [2m[sem cluster][0m
2026-07-19 17:25:31 [INFO]      consumiu MENOS que o habitual às 12h
2026-07-19 17:25:31 [INFO]      [2mReal:[0m 40.0 kWh   [2mHabitual:[0m 72.5 ± 7.2 kWh   [2mz:[0m -4.48   [2mdesvio:[0m -45%   [2m(2 obs. fim_semana)[0m
2026-07-19 17:25:31 [INFO] 
2026-07-19 17:25:31 [INFO]   🔵 [94m[1mPT0002000119303492KB[0m  [2m[Cluster 0][0m
2026-07-19 17:25:31 [INFO]      consumiu MENOS que o habitual às 18h
2026-07-19 17:25:31 [INFO]      [2mReal:[0m 4.0 kWh   [2mHabitual:[0m 13.5 ± 2.1 kWh   [2mz:[0m -4.48   [2mdesvio:[0m -70%   [2m(2 obs. fim_semana)[0m
2026-07-19 17:25:31 [INFO] 
2026-07-19 17:25:31 [INFO]   🔵 [94m[1mPT0002000125379984SH[0m  [2m[Cluster 1][0m
2026-07-19 17:25:31 [INFO]      consumiu MENOS que o habitual às 17h
2026-07-19 17:25:31 [INFO]      [2mReal:[0m 4.0 kWh   [2mHabitual:[0m 13.5 ± 2.1 kWh   [2mz:[0m -4.48   [2mdesvio:[0m -70%   [2m(2 obs. fim_semana)[0m
2026-07-19 17:25:31 [INFO] 
2026-07-19 17:25:31 [INFO]   🔵 [94m[1mPT0002000068856267NC[0m  [2m[sem cluster][0m
2026-07-19 17:25:31 [INFO]      consumiu MENOS que o habitual às 10h
2026-07-19 17:25:31 [INFO]      [2mReal:[0m 17.0 kWh   [2mHabitual:[0m 61.0 ± 9.9 kWh   [2mz:[0m -4.44   [2mdesvio:[0m -72%   [2m(2 obs. fim_semana)[0m
2026-07-19 17:25:31 [INFO] 
2026-07-19 17:25:31 [INFO]   🔵 [94m[1mPT0002000068859382XF[0m  [2m[Cluster 0][0m
2026-07-19 17:25:31 [INFO]      consumiu MENOS que o habitual às 16h
2026-07-19 17:25:31 [INFO]      [2mReal:[0m 40.0 kWh   [2mHabitual:[0m 72.0 ± 7.2 kWh   [2mz:[0m -4.44   [2mdesvio:[0m -44%   [2m(2 obs. fim_semana)[0m
2026-07-19 17:25:31 [INFO] 
2026-07-19 17:25:31 [INFO]   🔵 [94m[1mPT0002000112989585PH[0m  [2m[Cluster 0][0m
2026-07-19 17:25:31 [INFO]      consumiu MENOS que o habitual às 07h
2026-07-19 17:25:31 [INFO]      [2mReal:[0m 29.0 kWh   [2mHabitual:[0m 51.5 ± 5.2 kWh   [2mz:[0m -4.37   [2mdesvio:[0m -44%   [2m(2 obs. fim_semana)[0m
2026-07-19 17:25:31 [INFO] 
2026-07-19 17:25:31 [INFO]   🔵 [94m[1mPT0002000033074862LZ[0m  [2m[Cluster 0][0m
2026-07-19 17:25:31 [INFO]      consumiu MENOS que o habitual às 16h
2026-07-19 17:25:31 [INFO]      [2mReal:[0m 11.0 kWh   [2mHabitual:[0m 19.5 ± 1.9 kWh   [2mz:[0m -4.36   [2mdesvio:[0m -44%   [2m(2 obs. fim_semana)[0m
2026-07-19 17:25:31 [INFO] 
2026-07-19 17:25:31 [INFO]   🔵 [94m[1mPT0002000101964938LF[0m  [2m[Cluster 0][0m
2026-07-19 17:25:31 [INFO]      consumiu MENOS que o habitual às 12h
2026-07-19 17:25:31 [INFO]      [2mReal:[0m 10.0 kWh   [2mHabitual:[0m 47.0 ± 8.5 kWh   [2mz:[0m -4.36   [2mdesvio:[0m -79%   [2m(2 obs. fim_semana)[0m
2026-07-19 17:25:31 [INFO] 
2026-07-19 17:25:31 [INFO]   🔵 [94m[1mPT0002000068855003AK[0m  [2m[sem cluster][0m
2026-07-19 17:25:31 [INFO]      consumiu MENOS que o habitual às 10h
2026-07-19 17:25:31 [INFO]      [2mReal:[0m 13.0 kWh   [2mHabitual:[0m 23.0 ± 2.3 kWh   [2mz:[0m -4.35   [2mdesvio:[0m -43%   [2m(2 obs. fim_semana)[0m
2026-07-19 17:25:31 [INFO] 
2026-07-19 17:25:31 [INFO]   🔵 [94m[1mPT0002000116530964LH[0m  [2m[sem cluster][0m
2026-07-19 17:25:31 [INFO]      consumiu MENOS que o habitual às 17h
2026-07-19 17:25:31 [INFO]      [2mReal:[0m 82.0 kWh   [2mHabitual:[0m 168.0 ± 19.8 kWh   [2mz:[0m -4.34   [2mdesvio:[0m -51%   [2m(2 obs. fim_semana)[0m
2026-07-19 17:25:31 [INFO] 
2026-07-19 17:25:31 [INFO]   🔵 [94m[1mPT0002000078294957RQ[0m  [2m[Cluster 0][0m
2026-07-19 17:25:31 [INFO]      consumiu MENOS que o habitual às 11h
2026-07-19 17:25:31 [INFO]      [2mReal:[0m 8.0 kWh   [2mHabitual:[0m 35.5 ± 6.4 kWh   [2mz:[0m -4.32   [2mdesvio:[0m -77%   [2m(2 obs. fim_semana)[0m
2026-07-19 17:25:31 [INFO] 
2026-07-19 17:25:31 [INFO]   🔵 [94m[1mPT0002000106102375RC[0m  [2m[sem cluster][0m
2026-07-19 17:25:31 [INFO]      consumiu MENOS que o habitual às 14h
2026-07-19 17:25:31 [INFO]      [2mReal:[0m 39.0 kWh   [2mHabitual:[0m 68.5 ± 6.8 kWh   [2mz:[0m -4.31   [2mdesvio:[0m -43%   [2m(2 obs. fim_semana)[0m
2026-07-19 17:25:31 [INFO] 
2026-07-19 17:25:31 [INFO]   🔵 [94m[1mPT0002000068855003AK[0m  [2m[sem cluster][0m
2026-07-19 17:25:31 [INFO]      consumiu MENOS que o habitual às 09h
2026-07-19 17:25:31 [INFO]      [2mReal:[0m 10.0 kWh   [2mHabitual:[0m 17.5 ± 1.8 kWh   [2mz:[0m -4.29   [2mdesvio:[0m -43%   [2m(2 obs. fim_semana)[0m
2026-07-19 17:25:31 [INFO] 
2026-07-19 17:25:31 [INFO]   🔵 [94m[1mPT0002000068856826ZG[0m  [2m[sem cluster][0m
2026-07-19 17:25:31 [INFO]      consumiu MENOS que o habitual às 10h
2026-07-19 17:25:31 [INFO]      [2mReal:[0m 258.0 kWh   [2mHabitual:[0m 451.5 ± 45.1 kWh   [2mz:[0m -4.29   [2mdesvio:[0m -43%   [2m(2 obs. fim_semana)[0m
2026-07-19 17:25:31 [INFO] 
2026-07-19 17:25:31 [INFO]   🔵 [94m[1mPT0002000077394934QY[0m  [2m[Cluster 0][0m
2026-07-19 17:25:31 [INFO]      consumiu MENOS que o habitual às 11h
2026-07-19 17:25:31 [INFO]      [2mReal:[0m 72.0 kWh   [2mHabitual:[0m 126.0 ± 12.6 kWh   [2mz:[0m -4.29   [2mdesvio:[0m -43%   [2m(2 obs. fim_semana)[0m
2026-07-19 17:25:31 [INFO] 
2026-07-19 17:25:31 [INFO]   🔵 [94m[1mPT0002000078294957RQ[0m  [2m[Cluster 0][0m
2026-07-19 17:25:31 [INFO]      consumiu MENOS que o habitual às 07h
2026-07-19 17:25:31 [INFO]      [2mReal:[0m 6.0 kWh   [2mHabitual:[0m 10.5 ± 1.1 kWh   [2mz:[0m -4.29   [2mdesvio:[0m -43%   [2m(2 obs. fim_semana)[0m
2026-07-19 17:25:31 [INFO] 
2026-07-19 17:25:31 [INFO]   🔵 [94m[1mPT0002000106102375RC[0m  [2m[sem cluster][0m
2026-07-19 17:25:31 [INFO]      consumiu MENOS que o habitual às 08h
2026-07-19 17:25:31 [INFO]      [2mReal:[0m 34.0 kWh   [2mHabitual:[0m 59.5 ± 6.0 kWh   [2mz:[0m -4.29   [2mdesvio:[0m -43%   [2m(2 obs. fim_semana)[0m
2026-07-19 17:25:31 [INFO] 
2026-07-19 17:25:31 [INFO]   🔵 [94m[1mPT0002000115700602GW[0m  [2m[Cluster 0][0m
2026-07-19 17:25:31 [INFO]      consumiu MENOS que o habitual às 18h
2026-07-19 17:25:31 [INFO]      [2mReal:[0m 8.0 kWh   [2mHabitual:[0m 14.0 ± 1.4 kWh   [2mz:[0m -4.29   [2mdesvio:[0m -43%   [2m(2 obs. fim_semana)[0m
2026-07-19 17:25:31 [INFO] 
2026-07-19 17:25:31 [INFO]   🔴 [91m[1mPT0002000068859393XH[0m  [2m[Cluster 1][0m
2026-07-19 17:25:31 [INFO]      consumiu MAIS que o habitual às 10h
2026-07-19 17:25:31 [INFO]      [2mReal:[0m 142.0 kWh   [2mHabitual:[0m 99.5 ± 9.9 kWh   [2mz:[0m +4.27   [2mdesvio:[0m +43%   [2m(2 obs. fim_semana)[0m
2026-07-19 17:25:31 [INFO] 
2026-07-19 17:25:31 [INFO]   🔵 [94m[1mPT0002000068855003AK[0m  [2m[sem cluster][0m
2026-07-19 17:25:31 [INFO]      consumiu MENOS que o habitual às 11h
2026-07-19 17:25:31 [INFO]      [2mReal:[0m 17.0 kWh   [2mHabitual:[0m 29.5 ± 3.0 kWh   [2mz:[0m -4.24   [2mdesvio:[0m -42%   [2m(2 obs. fim_semana)[0m
2026-07-19 17:25:31 [INFO] 
2026-07-19 17:25:31 [INFO]   🔵 [94m[1mPT0002000068856267NC[0m  [2m[sem cluster][0m
2026-07-19 17:25:31 [INFO]      consumiu MENOS que o habitual às 13h
2026-07-19 17:25:31 [INFO]      [2mReal:[0m 17.0 kWh   [2mHabitual:[0m 35.0 ± 4.2 kWh   [2mz:[0m -4.24   [2mdesvio:[0m -51%   [2m(2 obs. fim_semana)[0m
2026-07-19 17:25:31 [INFO] 
2026-07-19 17:25:31 [INFO]   🔵 [94m[1mPT0002000068859187RL[0m  [2m[Cluster 0][0m
2026-07-19 17:25:31 [INFO]      consumiu MENOS que o habitual às 08h
2026-07-19 17:25:31 [INFO]      [2mReal:[0m 18.0 kWh   [2mHabitual:[0m 66.0 ± 11.3 kWh   [2mz:[0m -4.24   [2mdesvio:[0m -73%   [2m(2 obs. fim_semana)[0m
2026-07-19 17:25:31 [INFO] 
2026-07-19 17:25:31 [INFO]   🔵 [94m[1mPT0002000073481266XH[0m  [2m[Cluster 0][0m
2026-07-19 17:25:31 [INFO]      consumiu MENOS que o habitual às 08h
2026-07-19 17:25:31 [INFO]      [2mReal:[0m 5.0 kWh   [2mHabitual:[0m 35.0 ± 7.1 kWh   [2mz:[0m -4.24   [2mdesvio:[0m -86%   [2m(2 obs. fim_semana)[0m
2026-07-19 17:25:31 [INFO] 
2026-07-19 17:25:31 [INFO]   🔵 [94m[1mPT0002000068859597LS[0m  [2m[Cluster 0][0m
2026-07-19 17:25:31 [INFO]      consumiu MENOS que o habitual às 16h
2026-07-19 17:25:31 [INFO]      [2mReal:[0m 33.0 kWh   [2mHabitual:[0m 57.0 ± 5.7 kWh   [2mz:[0m -4.21   [2mdesvio:[0m -42%   [2m(2 obs. fim_semana)[0m
2026-07-19 17:25:31 [INFO] 
2026-07-19 17:25:31 [INFO]   🔴 [91m[1mPT0002000116530964LH[0m  [2m[sem cluster][0m
2026-07-19 17:25:31 [INFO]      consumiu MAIS que o habitual às 00h
2026-07-19 17:25:31 [INFO]      [2mReal:[0m 125.0 kWh   [2mHabitual:[0m 88.0 ± 8.8 kWh   [2mz:[0m +4.20   [2mdesvio:[0m +42%   [2m(2 obs. fim_semana)[0m
2026-07-19 17:25:31 [INFO] 
2026-07-19 17:25:31 [INFO]   🔵 [94m[1mPT0002000068855003AK[0m  [2m[sem cluster][0m
2026-07-19 17:25:31 [INFO]      consumiu MENOS que o habitual às 08h
2026-07-19 17:25:31 [INFO]      [2mReal:[0m 9.0 kWh   [2mHabitual:[0m 15.5 ± 1.6 kWh   [2mz:[0m -4.19   [2mdesvio:[0m -42%   [2m(2 obs. fim_semana)[0m
2026-07-19 17:25:31 [INFO] 
2026-07-19 17:25:31 [INFO]   🔵 [94m[1mPT0002000115673471CB[0m  [2m[Cluster 0][0m
2026-07-19 17:25:31 [INFO]      consumiu MENOS que o habitual às 14h
2026-07-19 17:25:31 [INFO]      [2mReal:[0m 11.0 kWh   [2mHabitual:[0m 37.5 ± 6.4 kWh   [2mz:[0m -4.16   [2mdesvio:[0m -71%   [2m(2 obs. fim_semana)[0m
2026-07-19 17:25:31 [INFO] 
2026-07-19 17:25:31 [INFO]   🔵 [94m[1mPT0002000073231742VK[0m  [2m[Cluster 0][0m
2026-07-19 17:25:31 [INFO]      consumiu MENOS que o habitual às 15h
2026-07-19 17:25:31 [INFO]      [2mReal:[0m 12.0 kWh   [2mHabitual:[0m 20.5 ± 2.0 kWh   [2mz:[0m -4.15   [2mdesvio:[0m -41%   [2m(2 obs. fim_semana)[0m
2026-07-19 17:25:31 [INFO] 
2026-07-19 17:25:31 [INFO]   🔵 [94m[1mPT0002000073231742VK[0m  [2m[Cluster 0][0m
2026-07-19 17:25:31 [INFO]      consumiu MENOS que o habitual às 16h
2026-07-19 17:25:31 [INFO]      [2mReal:[0m 12.0 kWh   [2mHabitual:[0m 20.5 ± 2.0 kWh   [2mz:[0m -4.15   [2mdesvio:[0m -41%   [2m(2 obs. fim_semana)[0m
2026-07-19 17:25:31 [INFO] 
2026-07-19 17:25:31 [INFO]   🔵 [94m[1mPT0002000073231742VK[0m  [2m[Cluster 0][0m
2026-07-19 17:25:31 [INFO]      consumiu MENOS que o habitual às 11h
2026-07-19 17:25:31 [INFO]      [2mReal:[0m 12.0 kWh   [2mHabitual:[0m 32.5 ± 5.0 kWh   [2mz:[0m -4.14   [2mdesvio:[0m -63%   [2m(2 obs. fim_semana)[0m
2026-07-19 17:25:31 [INFO] 
2026-07-19 17:25:31 [INFO]   🔵 [94m[1mPT0002000112989585PH[0m  [2m[Cluster 0][0m
2026-07-19 17:25:31 [INFO]      consumiu MENOS que o habitual às 18h
2026-07-19 17:25:31 [INFO]      [2mReal:[0m 10.0 kWh   [2mHabitual:[0m 39.0 ± 7.1 kWh   [2mz:[0m -4.10   [2mdesvio:[0m -74%   [2m(2 obs. fim_semana)[0m
2026-07-19 17:25:31 [INFO] 
2026-07-19 17:25:31 [INFO]   🔵 [94m[1mPT0002000101964938LF[0m  [2m[Cluster 0][0m
2026-07-19 17:25:31 [INFO]      consumiu MENOS que o habitual às 09h
2026-07-19 17:25:31 [INFO]      [2mReal:[0m 10.0 kWh   [2mHabitual:[0m 33.0 ± 5.7 kWh   [2mz:[0m -4.07   [2mdesvio:[0m -70%   [2m(2 obs. fim_semana)[0m
2026-07-19 17:25:31 [INFO] 
2026-07-19 17:25:31 [INFO]   🔵 [94m[1mPT0002000111572054VT[0m  [2m[sem cluster][0m
2026-07-19 17:25:31 [INFO]      consumiu MENOS que o habitual às 15h
2026-07-19 17:25:31 [INFO]      [2mReal:[0m 0.0 kWh   [2mHabitual:[0m 31.5 ± 7.8 kWh   [2mz:[0m -4.05   [2mdesvio:[0m -100%   [2m(2 obs. fim_semana)[0m
2026-07-19 17:25:31 [INFO] 
2026-07-19 17:25:31 [INFO]   🔵 [94m[1mPT0002000073231742VK[0m  [2m[Cluster 0][0m
2026-07-19 17:25:31 [INFO]      consumiu MENOS que o habitual às 17h
2026-07-19 17:25:31 [INFO]      [2mReal:[0m 12.0 kWh   [2mHabitual:[0m 20.5 ± 2.1 kWh   [2mz:[0m -4.01   [2mdesvio:[0m -41%   [2m(2 obs. fim_semana)[0m
2026-07-19 17:25:31 [INFO] 
2026-07-19 17:25:31 [INFO]   🔵 [94m[1mPT0002000068857099AR[0m  [2m[Cluster 1][0m
2026-07-19 17:25:31 [INFO]      consumiu MENOS que o habitual às 02h
2026-07-19 17:25:31 [INFO]      [2mReal:[0m 3.0 kWh   [2mHabitual:[0m 5.0 ± 0.5 kWh   [2mz:[0m -4.00   [2mdesvio:[0m -40%   [2m(2 obs. fim_semana)[0m
2026-07-19 17:25:31 [INFO] 
2026-07-19 17:25:31 [INFO]   🔵 [94m[1mPT0002000068859597LS[0m  [2m[Cluster 0][0m
2026-07-19 17:25:31 [INFO]      consumiu MENOS que o habitual às 08h
2026-07-19 17:25:31 [INFO]      [2mReal:[0m 30.0 kWh   [2mHabitual:[0m 50.0 ± 5.0 kWh   [2mz:[0m -4.00   [2mdesvio:[0m -40%   [2m(2 obs. fim_semana)[0m
2026-07-19 17:25:31 [INFO] 
2026-07-19 17:25:31 [INFO]   🔴 [91m[1mPT0002000078294957RQ[0m  [2m[Cluster 0][0m
2026-07-19 17:25:31 [INFO]      consumiu MAIS que o habitual às 05h
2026-07-19 17:25:31 [INFO]      [2mReal:[0m 7.0 kWh   [2mHabitual:[0m 5.0 ± 0.5 kWh   [2mz:[0m +4.00   [2mdesvio:[0m +40%   [2m(2 obs. fim_semana)[0m
2026-07-19 17:25:31 [INFO] 
2026-07-19 17:25:31 [INFO]   🔴 [91m[1mPT0002000078294957RQ[0m  [2m[Cluster 0][0m
2026-07-19 17:25:31 [INFO]      consumiu MAIS que o habitual às 06h
2026-07-19 17:25:31 [INFO]      [2mReal:[0m 7.0 kWh   [2mHabitual:[0m 5.0 ± 0.5 kWh   [2mz:[0m +4.00   [2mdesvio:[0m +40%   [2m(2 obs. fim_semana)[0m
2026-07-19 17:25:31 [INFO] 
2026-07-19 17:25:31 [INFO]   🔵 [94m[1mPT0002000115031201VQ[0m  [2m[Cluster 0][0m
2026-07-19 17:25:31 [INFO]      consumiu MENOS que o habitual às 01h
2026-07-19 17:25:31 [INFO]      [2mReal:[0m 3.0 kWh   [2mHabitual:[0m 5.0 ± 0.5 kWh   [2mz:[0m -4.00   [2mdesvio:[0m -40%   [2m(2 obs. fim_semana)[0m
2026-07-19 17:25:31 [INFO] 
2026-07-19 17:25:31 [INFO]   🔵 [94m[1mPT0002000115031201VQ[0m  [2m[Cluster 0][0m
2026-07-19 17:25:31 [INFO]      consumiu MENOS que o habitual às 06h
2026-07-19 17:25:31 [INFO]      [2mReal:[0m 3.0 kWh   [2mHabitual:[0m 5.0 ± 0.5 kWh   [2mz:[0m -4.00   [2mdesvio:[0m -40%   [2m(2 obs. fim_semana)[0m
2026-07-19 17:25:31 [INFO] 
2026-07-19 17:25:31 [INFO]   🔵 [94m[1mPT0002000077394934QY[0m  [2m[Cluster 0][0m
2026-07-19 17:25:31 [INFO]      consumiu MENOS que o habitual às 15h
2026-07-19 17:25:31 [INFO]      [2mReal:[0m 73.0 kWh   [2mHabitual:[0m 121.5 ± 12.2 kWh   [2mz:[0m -3.99   [2mdesvio:[0m -40%   [2m(2 obs. fim_semana)[0m
2026-07-19 17:25:31 [INFO] 
2026-07-19 17:25:31 [INFO]   🔴 [91m[1mPT0002000077348081AG[0m  [2m[sem cluster][0m
2026-07-19 17:25:31 [INFO]      consumiu MAIS que o habitual às 08h
2026-07-19 17:25:31 [INFO]      [2mReal:[0m 135.0 kWh   [2mHabitual:[0m 81.5 ± 13.4 kWh   [2mz:[0m +3.98   [2mdesvio:[0m +66%   [2m(2 obs. fim_semana)[0m
2026-07-19 17:25:31 [INFO] 
2026-07-19 17:25:31 [INFO]   🔵 [94m[1mPT0002000033074862LZ[0m  [2m[Cluster 0][0m
2026-07-19 17:25:31 [INFO]      consumiu MENOS que o habitual às 09h
2026-07-19 17:25:31 [INFO]      [2mReal:[0m 11.0 kWh   [2mHabitual:[0m 50.0 ± 9.9 kWh   [2mz:[0m -3.94   [2mdesvio:[0m -78%   [2m(2 obs. fim_semana)[0m
2026-07-19 17:25:31 [INFO] 
2026-07-19 17:25:31 [INFO]   🔴 [91m[1mPT0002000068859325FL[0m  [2m[Cluster 1][0m
2026-07-19 17:25:31 [INFO]      consumiu MAIS que o habitual às 06h
2026-07-19 17:25:31 [INFO]      [2mReal:[0m 140.0 kWh   [2mHabitual:[0m 62.0 ± 19.8 kWh   [2mz:[0m +3.94   [2mdesvio:[0m +126%   [2m(2 obs. fim_semana)[0m
2026-07-19 17:25:31 [INFO] 
2026-07-19 17:25:31 [INFO]   🔵 [94m[1mPT0002000106102375RC[0m  [2m[sem cluster][0m
2026-07-19 17:25:31 [INFO]      consumiu MENOS que o habitual às 15h
2026-07-19 17:25:31 [INFO]      [2mReal:[0m 39.0 kWh   [2mHabitual:[0m 64.0 ± 6.4 kWh   [2mz:[0m -3.91   [2mdesvio:[0m -39%   [2m(2 obs. fim_semana)[0m
2026-07-19 17:25:31 [INFO] 
2026-07-19 17:25:31 [INFO]   🔵 [94m[1mPT0002000115673389QK[0m  [2m[Cluster 0][0m
2026-07-19 17:25:31 [INFO]      consumiu MENOS que o habitual às 09h
2026-07-19 17:25:31 [INFO]      [2mReal:[0m 23.0 kWh   [2mHabitual:[0m 64.5 ± 10.6 kWh   [2mz:[0m -3.91   [2mdesvio:[0m -64%   [2m(2 obs. fim_semana)[0m
2026-07-19 17:25:31 [INFO] 
2026-07-19 17:25:31 [INFO]   🔵 [94m[1mPT0002000115673389QK[0m  [2m[Cluster 0][0m
2026-07-19 17:25:31 [INFO]      consumiu MENOS que o habitual às 14h
2026-07-19 17:25:31 [INFO]      [2mReal:[0m 21.0 kWh   [2mHabitual:[0m 73.5 ± 13.4 kWh   [2mz:[0m -3.91   [2mdesvio:[0m -71%   [2m(2 obs. fim_semana)[0m
2026-07-19 17:25:31 [INFO] 
2026-07-19 17:25:31 [INFO]   🔵 [94m[1mPT0002000068859597LS[0m  [2m[Cluster 0][0m
2026-07-19 17:25:31 [INFO]      consumiu MENOS que o habitual às 09h
2026-07-19 17:25:31 [INFO]      [2mReal:[0m 31.0 kWh   [2mHabitual:[0m 64.0 ± 8.5 kWh   [2mz:[0m -3.89   [2mdesvio:[0m -52%   [2m(2 obs. fim_semana)[0m
2026-07-19 17:25:31 [INFO] 
2026-07-19 17:25:31 [INFO]   🔵 [94m[1mPT0002000101964938LF[0m  [2m[Cluster 0][0m
2026-07-19 17:25:31 [INFO]      consumiu MENOS que o habitual às 18h
2026-07-19 17:25:31 [INFO]      [2mReal:[0m 11.0 kWh   [2mHabitual:[0m 44.0 ± 8.5 kWh   [2mz:[0m -3.89   [2mdesvio:[0m -75%   [2m(2 obs. fim_semana)[0m
2026-07-19 17:25:31 [INFO] 
2026-07-19 17:25:31 [INFO]   🔵 [94m[1mPT0002000120237616VJ[0m  [2m[Cluster 0][0m
2026-07-19 17:25:31 [INFO]      consumiu MENOS que o habitual às 19h
2026-07-19 17:25:31 [INFO]      [2mReal:[0m 11.0 kWh   [2mHabitual:[0m 18.0 ± 1.8 kWh   [2mz:[0m -3.89   [2mdesvio:[0m -39%   [2m(2 obs. fim_semana)[0m
2026-07-19 17:25:31 [INFO] 
2026-07-19 17:25:31 [INFO]   🔵 [94m[1mPT0002000068859187RL[0m  [2m[Cluster 0][0m
2026-07-19 17:25:31 [INFO]      consumiu MENOS que o habitual às 07h
2026-07-19 17:25:31 [INFO]      [2mReal:[0m 16.0 kWh   [2mHabitual:[0m 26.0 ± 2.6 kWh   [2mz:[0m -3.85   [2mdesvio:[0m -38%   [2m(2 obs. fim_semana)[0m
2026-07-19 17:25:31 [INFO] 
2026-07-19 17:25:31 [INFO]   🔵 [94m[1mPT0002000068859187RL[0m  [2m[Cluster 0][0m
2026-07-19 17:25:31 [INFO]      consumiu MENOS que o habitual às 13h
2026-07-19 17:25:31 [INFO]      [2mReal:[0m 20.0 kWh   [2mHabitual:[0m 74.0 ± 14.1 kWh   [2mz:[0m -3.82   [2mdesvio:[0m -73%   [2m(2 obs. fim_semana)[0m
2026-07-19 17:25:31 [INFO] 
2026-07-19 17:25:31 [INFO]   🔵 [94m[1mPT0002000114613364CC[0m  [2m[sem cluster][0m
2026-07-19 17:25:31 [INFO]      consumiu MENOS que o habitual às 15h
2026-07-19 17:25:31 [INFO]      [2mReal:[0m 119.0 kWh   [2mHabitual:[0m 192.5 ± 19.2 kWh   [2mz:[0m -3.82   [2mdesvio:[0m -38%   [2m(2 obs. fim_semana)[0m
2026-07-19 17:25:31 [INFO] 
2026-07-19 17:25:31 [INFO]   🔵 [94m[1mPT0002000115031201VQ[0m  [2m[Cluster 0][0m
2026-07-19 17:25:31 [INFO]      consumiu MENOS que o habitual às 17h
2026-07-19 17:25:31 [INFO]      [2mReal:[0m 3.0 kWh   [2mHabitual:[0m 16.5 ± 3.5 kWh   [2mz:[0m -3.82   [2mdesvio:[0m -82%   [2m(2 obs. fim_semana)[0m
2026-07-19 17:25:31 [INFO] 
2026-07-19 17:25:31 [INFO]   🔵 [94m[1mPT0002000106102375RC[0m  [2m[sem cluster][0m
2026-07-19 17:25:31 [INFO]      consumiu MENOS que o habitual às 16h
2026-07-19 17:25:31 [INFO]      [2mReal:[0m 39.0 kWh   [2mHabitual:[0m 63.0 ± 6.3 kWh   [2mz:[0m -3.81   [2mdesvio:[0m -38%   [2m(2 obs. fim_semana)[0m
2026-07-19 17:25:31 [INFO] 
2026-07-19 17:25:31 [INFO]   🔵 [94m[1mPT0002000116530964LH[0m  [2m[sem cluster][0m
2026-07-19 17:25:31 [INFO]      consumiu MENOS que o habitual às 08h
2026-07-19 17:25:31 [INFO]      [2mReal:[0m 91.0 kWh   [2mHabitual:[0m 147.0 ± 14.7 kWh   [2mz:[0m -3.81   [2mdesvio:[0m -38%   [2m(2 obs. fim_semana)[0m
2026-07-19 17:25:31 [INFO] 
2026-07-19 17:25:31 [INFO]   🔵 [94m[1mPT0002000116530964LH[0m  [2m[sem cluster][0m
2026-07-19 17:25:31 [INFO]      consumiu MENOS que o habitual às 18h
2026-07-19 17:25:31 [INFO]      [2mReal:[0m 81.0 kWh   [2mHabitual:[0m 166.0 ± 22.6 kWh   [2mz:[0m -3.76   [2mdesvio:[0m -51%   [2m(2 obs. fim_semana)[0m
2026-07-19 17:25:31 [INFO] 
2026-07-19 17:25:31 [INFO]   🔴 [91m[1mPT0002000068856974CZ[0m  [2m[sem cluster][0m
2026-07-19 17:25:31 [INFO]      consumiu MAIS que o habitual às 23h
2026-07-19 17:25:31 [INFO]      [2mReal:[0m 14.0 kWh   [2mHabitual:[0m 9.7 ± 1.1 kWh   [2mz:[0m +3.75   [2mdesvio:[0m +45%   [2m(3 obs. fim_semana)[0m
2026-07-19 17:25:31 [INFO] 
2026-07-19 17:25:31 [INFO]   🔵 [94m[1mPT0002000068855003AK[0m  [2m[sem cluster][0m
2026-07-19 17:25:31 [INFO]      consumiu MENOS que o habitual às 15h
2026-07-19 17:25:31 [INFO]      [2mReal:[0m 26.0 kWh   [2mHabitual:[0m 44.5 ± 5.0 kWh   [2mz:[0m -3.74   [2mdesvio:[0m -42%   [2m(2 obs. fim_semana)[0m
2026-07-19 17:25:31 [INFO] 
2026-07-19 17:25:31 [INFO]   🔵 [94m[1mPT0002000114613364CC[0m  [2m[sem cluster][0m
2026-07-19 17:25:31 [INFO]      consumiu MENOS que o habitual às 14h
2026-07-19 17:25:31 [INFO]      [2mReal:[0m 118.0 kWh   [2mHabitual:[0m 188.5 ± 18.9 kWh   [2mz:[0m -3.74   [2mdesvio:[0m -37%   [2m(2 obs. fim_semana)[0m
2026-07-19 17:25:31 [INFO] 
2026-07-19 17:25:31 [INFO]   🔵 [94m[1mPT0002000114685657JR[0m  [2m[Cluster 0][0m
2026-07-19 17:25:31 [INFO]      consumiu MENOS que o habitual às 16h
2026-07-19 17:25:31 [INFO]      [2mReal:[0m 160.0 kWh   [2mHabitual:[0m 257.5 ± 26.2 kWh   [2mz:[0m -3.73   [2mdesvio:[0m -38%   [2m(2 obs. fim_semana)[0m
2026-07-19 17:25:31 [INFO] 
2026-07-19 17:25:31 [INFO]   🔵 [94m[1mPT0002000201038711LS[0m  [2m[sem cluster][0m
2026-07-19 17:25:31 [INFO]      consumiu MENOS que o habitual às 21h
2026-07-19 17:25:31 [INFO]      [2mReal:[0m 12.0 kWh   [2mHabitual:[0m 62.0 ± 13.4 kWh   [2mz:[0m -3.72   [2mdesvio:[0m -81%   [2m(3 obs. fim_semana)[0m
2026-07-19 17:25:31 [INFO] 
2026-07-19 17:25:31 [INFO]   🔴 [91m[1mPT0002000077348081AG[0m  [2m[sem cluster][0m
2026-07-19 17:25:31 [INFO]      consumiu MAIS que o habitual às 07h
2026-07-19 17:25:31 [INFO]      [2mReal:[0m 48.0 kWh   [2mHabitual:[0m 27.0 ± 5.7 kWh   [2mz:[0m +3.71   [2mdesvio:[0m +78%   [2m(2 obs. fim_semana)[0m
2026-07-19 17:25:31 [INFO] 
2026-07-19 17:25:31 [INFO]   🔵 [94m[1mPT0002000073231742VK[0m  [2m[Cluster 0][0m
2026-07-19 17:25:31 [INFO]      consumiu MENOS que o habitual às 12h
2026-07-19 17:25:31 [INFO]      [2mReal:[0m 12.0 kWh   [2mHabitual:[0m 35.5 ± 6.4 kWh   [2mz:[0m -3.69   [2mdesvio:[0m -66%   [2m(2 obs. fim_semana)[0m
2026-07-19 17:25:31 [INFO] 
2026-07-19 17:25:31 [INFO]   🔵 [94m[1mPT0002000077394934QY[0m  [2m[Cluster 0][0m
2026-07-19 17:25:31 [INFO]      consumiu MENOS que o habitual às 08h
2026-07-19 17:25:31 [INFO]      [2mReal:[0m 43.0 kWh   [2mHabitual:[0m 68.0 ± 6.8 kWh   [2mz:[0m -3.68   [2mdesvio:[0m -37%   [2m(2 obs. fim_semana)[0m
2026-07-19 17:25:31 [INFO] 
2026-07-19 17:25:31 [INFO]   🔵 [94m[1mPT0002000078294957RQ[0m  [2m[Cluster 0][0m
2026-07-19 17:25:31 [INFO]      consumiu MENOS que o habitual às 10h
2026-07-19 17:25:31 [INFO]      [2mReal:[0m 8.0 kWh   [2mHabitual:[0m 34.0 ± 7.1 kWh   [2mz:[0m -3.68   [2mdesvio:[0m -76%   [2m(2 obs. fim_semana)[0m
2026-07-19 17:25:31 [INFO] 
2026-07-19 17:25:31 [INFO]   🔵 [94m[1mPT0002000078294957RQ[0m  [2m[Cluster 0][0m
2026-07-19 17:25:31 [INFO]      consumiu MENOS que o habitual às 13h
2026-07-19 17:25:31 [INFO]      [2mReal:[0m 7.0 kWh   [2mHabitual:[0m 33.0 ± 7.1 kWh   [2mz:[0m -3.68   [2mdesvio:[0m -79%   [2m(2 obs. fim_semana)[0m
2026-07-19 17:25:31 [INFO] 
2026-07-19 17:25:31 [INFO]   🔵 [94m[1mPT0002000106102375RC[0m  [2m[sem cluster][0m
2026-07-19 17:25:31 [INFO]      consumiu MENOS que o habitual às 17h
2026-07-19 17:25:31 [INFO]      [2mReal:[0m 39.0 kWh   [2mHabitual:[0m 61.0 ± 6.1 kWh   [2mz:[0m -3.61   [2mdesvio:[0m -36%   [2m(2 obs. fim_semana)[0m
2026-07-19 17:25:31 [INFO] 
2026-07-19 17:25:31 [INFO]   🔴 [91m[1mPT0002000068859325FL[0m  [2m[Cluster 1][0m
2026-07-19 17:25:31 [INFO]      consumiu MAIS que o habitual às 14h
2026-07-19 17:25:31 [INFO]      [2mReal:[0m 304.0 kWh   [2mHabitual:[0m 224.0 ± 22.4 kWh   [2mz:[0m +3.57   [2mdesvio:[0m +36%   [2m(2 obs. fim_semana)[0m
2026-07-19 17:25:31 [INFO] 
2026-07-19 17:25:31 [INFO]   🔵 [94m[1mPT0002000114685657JR[0m  [2m[Cluster 0][0m
2026-07-19 17:25:31 [INFO]      consumiu MENOS que o habitual às 14h
2026-07-19 17:25:31 [INFO]      [2mReal:[0m 163.0 kWh   [2mHabitual:[0m 253.5 ± 25.4 kWh   [2mz:[0m -3.57   [2mdesvio:[0m -36%   [2m(2 obs. fim_semana)[0m
2026-07-19 17:25:31 [INFO] 
2026-07-19 17:25:31 [INFO]   🔵 [94m[1mPT0002000068856655YV[0m  [2m[Cluster 0][0m
2026-07-19 17:25:31 [INFO]      consumiu MENOS que o habitual às 10h
2026-07-19 17:25:31 [INFO]      [2mReal:[0m 3.0 kWh   [2mHabitual:[0m 13.0 ± 2.8 kWh   [2mz:[0m -3.54   [2mdesvio:[0m -77%   [2m(2 obs. fim_semana)[0m
2026-07-19 17:25:31 [INFO] 
2026-07-19 17:25:31 [INFO]   🔵 [94m[1mPT0002000068856655YV[0m  [2m[Cluster 0][0m
2026-07-19 17:25:31 [INFO]      consumiu MENOS que o habitual às 18h
2026-07-19 17:25:31 [INFO]      [2mReal:[0m 4.0 kWh   [2mHabitual:[0m 6.5 ± 0.7 kWh   [2mz:[0m -3.54   [2mdesvio:[0m -38%   [2m(2 obs. fim_semana)[0m
2026-07-19 17:25:31 [INFO] 
2026-07-19 17:25:31 [INFO]   🔵 [94m[1mPT0002000068857099AR[0m  [2m[Cluster 1][0m
2026-07-19 17:25:31 [INFO]      consumiu MENOS que o habitual às 06h
2026-07-19 17:25:31 [INFO]      [2mReal:[0m 2.0 kWh   [2mHabitual:[0m 4.5 ± 0.7 kWh   [2mz:[0m -3.54   [2mdesvio:[0m -56%   [2m(2 obs. fim_semana)[0m
2026-07-19 17:25:31 [INFO] 
2026-07-19 17:25:31 [INFO]   🔵 [94m[1mPT0002000068857897ZV[0m  [2m[Cluster 0][0m
2026-07-19 17:25:31 [INFO]      consumiu MENOS que o habitual às 13h
2026-07-19 17:25:31 [INFO]      [2mReal:[0m 25.0 kWh   [2mHabitual:[0m 50.0 ± 7.1 kWh   [2mz:[0m -3.54   [2mdesvio:[0m -50%   [2m(2 obs. fim_semana)[0m
2026-07-19 17:25:31 [INFO] 
2026-07-19 17:25:31 [INFO]   🔴 [91m[1mPT0002000068859325FL[0m  [2m[Cluster 1][0m
2026-07-19 17:25:31 [INFO]      consumiu MAIS que o habitual às 05h
2026-07-19 17:25:31 [INFO]      [2mReal:[0m 112.0 kWh   [2mHabitual:[0m 72.0 ± 11.3 kWh   [2mz:[0m +3.54   [2mdesvio:[0m +56%   [2m(2 obs. fim_semana)[0m
2026-07-19 17:25:31 [INFO] 
2026-07-19 17:25:31 [INFO]   🔵 [94m[1mPT0002000071896778MT[0m  [2m[Cluster 0][0m
2026-07-19 17:25:31 [INFO]      consumiu MENOS que o habitual às 16h
2026-07-19 17:25:31 [INFO]      [2mReal:[0m 4.0 kWh   [2mHabitual:[0m 9.0 ± 1.4 kWh   [2mz:[0m -3.54   [2mdesvio:[0m -56%   [2m(2 obs. fim_semana)[0m
2026-07-19 17:25:31 [INFO] 
2026-07-19 17:25:31 [INFO]   🔵 [94m[1mPT0002000071896778MT[0m  [2m[Cluster 0][0m
2026-07-19 17:25:31 [INFO]      consumiu MENOS que o habitual às 18h
2026-07-19 17:25:31 [INFO]      [2mReal:[0m 4.0 kWh   [2mHabitual:[0m 6.5 ± 0.7 kWh   [2mz:[0m -3.54   [2mdesvio:[0m -38%   [2m(2 obs. fim_semana)[0m
2026-07-19 17:25:31 [INFO] 
2026-07-19 17:25:31 [INFO]   🔴 [91m[1mPT0002000078294957RQ[0m  [2m[Cluster 0][0m
2026-07-19 17:25:31 [INFO]      consumiu MAIS que o habitual às 19h
2026-07-19 17:25:31 [INFO]      [2mReal:[0m 8.0 kWh   [2mHabitual:[0m 5.5 ± 0.7 kWh   [2mz:[0m +3.54   [2mdesvio:[0m +45%   [2m(2 obs. fim_semana)[0m
2026-07-19 17:25:31 [INFO] 
2026-07-19 17:25:31 [INFO]   🔵 [94m[1mPT0002000081344542CP[0m  [2m[Cluster 1][0m
2026-07-19 17:25:31 [INFO]      consumiu MENOS que o habitual às 01h
2026-07-19 17:25:31 [INFO]      [2mReal:[0m 2.0 kWh   [2mHabitual:[0m 4.5 ± 0.7 kWh   [2mz:[0m -3.54   [2mdesvio:[0m -56%   [2m(2 obs. fim_semana)[0m
2026-07-19 17:25:31 [INFO] 
2026-07-19 17:25:31 [INFO]   🔵 [94m[1mPT0002000081344542CP[0m  [2m[Cluster 1][0m
2026-07-19 17:25:31 [INFO]      consumiu MENOS que o habitual às 13h
2026-07-19 17:25:31 [INFO]      [2mReal:[0m 2.0 kWh   [2mHabitual:[0m 4.5 ± 0.7 kWh   [2mz:[0m -3.54   [2mdesvio:[0m -56%   [2m(2 obs. fim_semana)[0m
2026-07-19 17:25:31 [INFO] 
2026-07-19 17:25:31 [INFO]   🔵 [94m[1mPT0002000109837807PE[0m  [2m[Cluster 1][0m
2026-07-19 17:25:31 [INFO]      consumiu MENOS que o habitual às 20h
2026-07-19 17:25:31 [INFO]      [2mReal:[0m 7.0 kWh   [2mHabitual:[0m 22.0 ± 4.2 kWh   [2mz:[0m -3.54   [2mdesvio:[0m -68%   [2m(2 obs. fim_semana)[0m
2026-07-19 17:25:31 [INFO] 
2026-07-19 17:25:31 [INFO]   🔵 [94m[1mPT0002000110607652SB[0m  [2m[Cluster 0][0m
2026-07-19 17:25:31 [INFO]      consumiu MENOS que o habitual às 07h
2026-07-19 17:25:31 [INFO]      [2mReal:[0m 8.0 kWh   [2mHabitual:[0m 18.0 ± 2.8 kWh   [2mz:[0m -3.54   [2mdesvio:[0m -56%   [2m(2 obs. fim_semana)[0m
2026-07-19 17:25:31 [INFO] 
2026-07-19 17:25:31 [INFO]   🔵 [94m[1mPT0002000110607652SB[0m  [2m[Cluster 0][0m
2026-07-19 17:25:31 [INFO]      consumiu MENOS que o habitual às 09h
2026-07-19 17:25:31 [INFO]      [2mReal:[0m 28.0 kWh   [2mHabitual:[0m 48.0 ± 5.7 kWh   [2mz:[0m -3.54   [2mdesvio:[0m -42%   [2m(2 obs. fim_semana)[0m
2026-07-19 17:25:31 [INFO] 
2026-07-19 17:25:31 [INFO]   🔵 [94m[1mPT0002000112989585PH[0m  [2m[Cluster 0][0m
2026-07-19 17:25:31 [INFO]      consumiu MENOS que o habitual às 11h
2026-07-19 17:25:31 [INFO]      [2mReal:[0m 0.0 kWh   [2mHabitual:[0m 2.5 ± 0.7 kWh   [2mz:[0m -3.54   [2mdesvio:[0m -100%   [2m(2 obs. fim_semana)[0m
2026-07-19 17:25:31 [INFO] 
2026-07-19 17:25:31 [INFO]   🔵 [94m[1mPT0002000120237616VJ[0m  [2m[Cluster 0][0m
2026-07-19 17:25:31 [INFO]      consumiu MENOS que o habitual às 15h
2026-07-19 17:25:31 [INFO]      [2mReal:[0m 11.0 kWh   [2mHabitual:[0m 41.0 ± 8.5 kWh   [2mz:[0m -3.54   [2mdesvio:[0m -73%   [2m(2 obs. fim_semana)[0m
2026-07-19 17:25:31 [INFO] 
2026-07-19 17:25:31 [INFO]   🔵 [94m[1mPT0002000123648159KR[0m  [2m[Cluster 0][0m
2026-07-19 17:25:31 [INFO]      consumiu MENOS que o habitual às 16h
2026-07-19 17:25:31 [INFO]      [2mReal:[0m 7.0 kWh   [2mHabitual:[0m 12.0 ± 1.4 kWh   [2mz:[0m -3.54   [2mdesvio:[0m -42%   [2m(2 obs. fim_semana)[0m
2026-07-19 17:25:31 [INFO] 
2026-07-19 17:25:31 [INFO]   🔵 [94m[1mPT0002000115673471CB[0m  [2m[Cluster 0][0m
2026-07-19 17:25:31 [INFO]      consumiu MENOS que o habitual às 03h
2026-07-19 17:25:31 [INFO]      [2mReal:[0m 11.0 kWh   [2mHabitual:[0m 17.0 ± 1.7 kWh   [2mz:[0m -3.53   [2mdesvio:[0m -35%   [2m(2 obs. fim_semana)[0m
2026-07-19 17:25:31 [INFO] 
2026-07-19 17:25:31 [INFO]   🔵 [94m[1mPT0002000114613364CC[0m  [2m[sem cluster][0m
2026-07-19 17:25:31 [INFO]      consumiu MENOS que o habitual às 13h
2026-07-19 17:25:31 [INFO]      [2mReal:[0m 119.0 kWh   [2mHabitual:[0m 183.5 ± 18.4 kWh   [2mz:[0m -3.51   [2mdesvio:[0m -35%   [2m(2 obs. fim_semana)[0m
2026-07-19 17:25:31 [INFO] 
2026-07-19 17:25:31 [INFO]   🔴 [91m[1mPT0002000068856974CZ[0m  [2m[sem cluster][0m
2026-07-19 17:25:31 [INFO]      consumiu MAIS que o habitual às 21h
2026-07-19 17:25:31 [INFO]      [2mReal:[0m 14.0 kWh   [2mHabitual:[0m 8.7 ± 1.5 kWh   [2mz:[0m +3.49   [2mdesvio:[0m +61%   [2m(3 obs. fim_semana)[0m
2026-07-19 17:25:31 [INFO] 
2026-07-19 17:25:31 [INFO]   🔵 [94m[1mPT0002000068859382XF[0m  [2m[Cluster 0][0m
2026-07-19 17:25:31 [INFO]      consumiu MENOS que o habitual às 08h
2026-07-19 17:25:31 [INFO]      [2mReal:[0m 39.0 kWh   [2mHabitual:[0m 59.5 ± 6.0 kWh   [2mz:[0m -3.45   [2mdesvio:[0m -34%   [2m(2 obs. fim_semana)[0m
2026-07-19 17:25:31 [INFO] 
2026-07-19 17:25:31 [INFO]   🔵 [94m[1mPT0002000101964938LF[0m  [2m[Cluster 0][0m
2026-07-19 17:25:31 [INFO]      consumiu MENOS que o habitual às 17h
2026-07-19 17:25:31 [INFO]      [2mReal:[0m 11.0 kWh   [2mHabitual:[0m 47.5 ± 10.6 kWh   [2mz:[0m -3.44   [2mdesvio:[0m -77%   [2m(2 obs. fim_semana)[0m
2026-07-19 17:25:31 [INFO] 
2026-07-19 17:25:31 [INFO]   🔵 [94m[1mPT0002000114685657JR[0m  [2m[Cluster 0][0m
2026-07-19 17:25:31 [INFO]      consumiu MENOS que o habitual às 13h
2026-07-19 17:25:31 [INFO]      [2mReal:[0m 161.0 kWh   [2mHabitual:[0m 245.5 ± 24.6 kWh   [2mz:[0m -3.44   [2mdesvio:[0m -34%   [2m(2 obs. fim_semana)[0m
2026-07-19 17:25:31 [INFO] 
2026-07-19 17:25:31 [INFO]   🔴 [91m[1mPT0002000068859325FL[0m  [2m[Cluster 1][0m
2026-07-19 17:25:31 [INFO]      consumiu MAIS que o habitual às 16h
2026-07-19 17:25:31 [INFO]      [2mReal:[0m 412.0 kWh   [2mHabitual:[0m 276.0 ± 39.6 kWh   [2mz:[0m +3.43   [2mdesvio:[0m +49%   [2m(2 obs. fim_semana)[0m
2026-07-19 17:25:31 [INFO] 
2026-07-19 17:25:31 [INFO]   🔵 [94m[1mPT0002000073481266XH[0m  [2m[Cluster 0][0m
2026-07-19 17:25:31 [INFO]      consumiu MENOS que o habitual às 09h
2026-07-19 17:25:31 [INFO]      [2mReal:[0m 5.0 kWh   [2mHabitual:[0m 36.5 ± 9.2 kWh   [2mz:[0m -3.43   [2mdesvio:[0m -86%   [2m(2 obs. fim_semana)[0m
2026-07-19 17:25:31 [INFO] 
2026-07-19 17:25:31 [INFO]   🔵 [94m[1mPT0002000114613364CC[0m  [2m[sem cluster][0m
2026-07-19 17:25:31 [INFO]      consumiu MENOS que o habitual às 12h
2026-07-19 17:25:31 [INFO]      [2mReal:[0m 129.0 kWh   [2mHabitual:[0m 196.0 ± 19.6 kWh   [2mz:[0m -3.42   [2mdesvio:[0m -34%   [2m(2 obs. fim_semana)[0m
2026-07-19 17:25:31 [INFO] 
2026-07-19 17:25:31 [INFO]   🔵 [94m[1mPT0002000114685657JR[0m  [2m[Cluster 0][0m
2026-07-19 17:25:31 [INFO]      consumiu MENOS que o habitual às 15h
2026-07-19 17:25:31 [INFO]      [2mReal:[0m 168.0 kWh   [2mHabitual:[0m 255.5 ± 25.6 kWh   [2mz:[0m -3.42   [2mdesvio:[0m -34%   [2m(2 obs. fim_semana)[0m
2026-07-19 17:25:31 [INFO] 
2026-07-19 17:25:31 [INFO]   🔵 [94m[1mPT0002000114685657JR[0m  [2m[Cluster 0][0m
2026-07-19 17:25:31 [INFO]      consumiu MENOS que o habitual às 17h
2026-07-19 17:25:31 [INFO]      [2mReal:[0m 161.0 kWh   [2mHabitual:[0m 244.0 ± 24.4 kWh   [2mz:[0m -3.40   [2mdesvio:[0m -34%   [2m(2 obs. fim_semana)[0m
2026-07-19 17:25:31 [INFO] 
2026-07-19 17:25:31 [INFO]   🔵 [94m[1mPT0002000106102375RC[0m  [2m[sem cluster][0m
2026-07-19 17:25:31 [INFO]      consumiu MENOS que o habitual às 18h
2026-07-19 17:25:31 [INFO]      [2mReal:[0m 39.0 kWh   [2mHabitual:[0m 59.0 ± 5.9 kWh   [2mz:[0m -3.39   [2mdesvio:[0m -34%   [2m(2 obs. fim_semana)[0m
2026-07-19 17:25:31 [INFO] 
2026-07-19 17:25:31 [INFO]   🔵 [94m[1mPT0002000068856267NC[0m  [2m[sem cluster][0m
2026-07-19 17:25:31 [INFO]      consumiu MENOS que o habitual às 14h
2026-07-19 17:25:31 [INFO]      [2mReal:[0m 18.0 kWh   [2mHabitual:[0m 39.5 ± 6.4 kWh   [2mz:[0m -3.38   [2mdesvio:[0m -54%   [2m(2 obs. fim_semana)[0m
2026-07-19 17:25:31 [INFO] 
2026-07-19 17:25:31 [INFO]   🔵 [94m[1mPT0002000077394934QY[0m  [2m[Cluster 0][0m
2026-07-19 17:25:31 [INFO]      consumiu MENOS que o habitual às 12h
2026-07-19 17:25:31 [INFO]      [2mReal:[0m 76.0 kWh   [2mHabitual:[0m 114.5 ± 11.4 kWh   [2mz:[0m -3.36   [2mdesvio:[0m -34%   [2m(2 obs. fim_semana)[0m
2026-07-19 17:25:31 [INFO] 
2026-07-19 17:25:31 [INFO]   🔵 [94m[1mPT0002000120237616VJ[0m  [2m[Cluster 0][0m
2026-07-19 17:25:31 [INFO]      consumiu MENOS que o habitual às 14h
2026-07-19 17:25:31 [INFO]      [2mReal:[0m 12.0 kWh   [2mHabitual:[0m 50.0 ± 11.3 kWh   [2mz:[0m -3.36   [2mdesvio:[0m -76%   [2m(2 obs. fim_semana)[0m
2026-07-19 17:25:31 [INFO] 
2026-07-19 17:25:31 [INFO]   🔵 [94m[1mPT0002000068856872QG[0m  [2m[Cluster 1][0m
2026-07-19 17:25:31 [INFO]      consumiu MENOS que o habitual às 14h
2026-07-19 17:25:31 [INFO]      [2mReal:[0m 0.0 kWh   [2mHabitual:[0m 1.0 ± 0.3 kWh   [2mz:[0m -3.33   [2mdesvio:[0m -100%   [2m(2 obs. fim_semana)[0m
2026-07-19 17:25:31 [INFO] 
2026-07-19 17:25:31 [INFO]   🔵 [94m[1mPT0002000068856974CZ[0m  [2m[sem cluster][0m
2026-07-19 17:25:31 [INFO]      consumiu MENOS que o habitual às 07h
2026-07-19 17:25:31 [INFO]      [2mReal:[0m 9.0 kWh   [2mHabitual:[0m 13.5 ± 1.4 kWh   [2mz:[0m -3.33   [2mdesvio:[0m -33%   [2m(2 obs. fim_semana)[0m
2026-07-19 17:25:31 [INFO] 
2026-07-19 17:25:31 [INFO]   🔴 [91m[1mPT0002000068858674WN[0m  [2m[sem cluster][0m
2026-07-19 17:25:31 [INFO]      consumiu MAIS que o habitual às 05h
2026-07-19 17:25:31 [INFO]      [2mReal:[0m 16.0 kWh   [2mHabitual:[0m 12.0 ± 1.2 kWh   [2mz:[0m +3.33   [2mdesvio:[0m +33%   [2m(2 obs. fim_semana)[0m
2026-07-19 17:25:31 [INFO] 
2026-07-19 17:25:31 [INFO]   🔴 [91m[1mPT0002000068858674WN[0m  [2m[sem cluster][0m
2026-07-19 17:25:31 [INFO]      consumiu MAIS que o habitual às 06h
2026-07-19 17:25:31 [INFO]      [2mReal:[0m 16.0 kWh   [2mHabitual:[0m 12.0 ± 1.2 kWh   [2mz:[0m +3.33   [2mdesvio:[0m +33%   [2m(2 obs. fim_semana)[0m
2026-07-19 17:25:31 [INFO] 
2026-07-19 17:25:31 [INFO]   🔵 [94m[1mPT0002000073481266XH[0m  [2m[Cluster 0][0m
2026-07-19 17:25:31 [INFO]      consumiu MENOS que o habitual às 10h
2026-07-19 17:25:31 [INFO]      [2mReal:[0m 6.0 kWh   [2mHabitual:[0m 39.0 ± 9.9 kWh   [2mz:[0m -3.33   [2mdesvio:[0m -85%   [2m(2 obs. fim_semana)[0m
2026-07-19 17:25:31 [INFO] 
2026-07-19 17:25:31 [INFO]   🔴 [91m[1mPT0002000073717386HC[0m  [2m[sem cluster][0m
2026-07-19 17:25:31 [INFO]      consumiu MAIS que o habitual às 07h
2026-07-19 17:25:31 [INFO]      [2mReal:[0m 1.0 kWh   [2mHabitual:[0m 0.0 ± 0.3 kWh   [2mz:[0m +3.33   [2mdesvio:[0m +100000%   [2m(2 obs. fim_semana)[0m
2026-07-19 17:25:31 [INFO] 
2026-07-19 17:25:31 [INFO]   🔵 [94m[1mPT0002000073717386HC[0m  [2m[sem cluster][0m
2026-07-19 17:25:31 [INFO]      consumiu MENOS que o habitual às 22h
2026-07-19 17:25:31 [INFO]      [2mReal:[0m 4.0 kWh   [2mHabitual:[0m 6.0 ± 0.6 kWh   [2mz:[0m -3.33   [2mdesvio:[0m -33%   [2m(3 obs. fim_semana)[0m
2026-07-19 17:25:31 [INFO] 
2026-07-19 17:25:31 [INFO]   🔵 [94m[1mPT0002000073717386HC[0m  [2m[sem cluster][0m
2026-07-19 17:25:31 [INFO]      consumiu MENOS que o habitual às 23h
2026-07-19 17:25:31 [INFO]      [2mReal:[0m 0.0 kWh   [2mHabitual:[0m 1.0 ± 0.3 kWh   [2mz:[0m -3.33   [2mdesvio:[0m -100%   [2m(3 obs. fim_semana)[0m
2026-07-19 17:25:31 [INFO] 
2026-07-19 17:25:31 [INFO]   🔵 [94m[1mPT0002000075637532JB[0m  [2m[Cluster 0][0m
2026-07-19 17:25:31 [INFO]      consumiu MENOS que o habitual às 01h
2026-07-19 17:25:31 [INFO]      [2mReal:[0m 4.0 kWh   [2mHabitual:[0m 6.0 ± 0.6 kWh   [2mz:[0m -3.33   [2mdesvio:[0m -33%   [2m(2 obs. fim_semana)[0m
2026-07-19 17:25:31 [INFO] 
2026-07-19 17:25:31 [INFO]   🔵 [94m[1mPT0002000075637532JB[0m  [2m[Cluster 0][0m
2026-07-19 17:25:31 [INFO]      consumiu MENOS que o habitual às 02h
2026-07-19 17:25:31 [INFO]      [2mReal:[0m 4.0 kWh   [2mHabitual:[0m 6.0 ± 0.6 kWh   [2mz:[0m -3.33   [2mdesvio:[0m -33%   [2m(2 obs. fim_semana)[0m
2026-07-19 17:25:31 [INFO] 
2026-07-19 17:25:31 [INFO]   🔵 [94m[1mPT0002000075637532JB[0m  [2m[Cluster 0][0m
2026-07-19 17:25:31 [INFO]      consumiu MENOS que o habitual às 05h
2026-07-19 17:25:31 [INFO]      [2mReal:[0m 4.0 kWh   [2mHabitual:[0m 6.0 ± 0.6 kWh   [2mz:[0m -3.33   [2mdesvio:[0m -33%   [2m(2 obs. fim_semana)[0m
2026-07-19 17:25:31 [INFO] 
2026-07-19 17:25:31 [INFO]   🔵 [94m[1mPT0002000075637532JB[0m  [2m[Cluster 0][0m
2026-07-19 17:25:31 [INFO]      consumiu MENOS que o habitual às 07h
2026-07-19 17:25:31 [INFO]      [2mReal:[0m 5.0 kWh   [2mHabitual:[0m 7.5 ± 0.8 kWh   [2mz:[0m -3.33   [2mdesvio:[0m -33%   [2m(2 obs. fim_semana)[0m
2026-07-19 17:25:31 [INFO] 
2026-07-19 17:25:31 [INFO]   🔵 [94m[1mPT0002000077647404EM[0m  [2m[Cluster 1][0m
2026-07-19 17:25:31 [INFO]      consumiu MENOS que o habitual às 13h
2026-07-19 17:25:31 [INFO]      [2mReal:[0m 0.0 kWh   [2mHabitual:[0m 1.0 ± 0.3 kWh   [2mz:[0m -3.33   [2mdesvio:[0m -100%   [2m(2 obs. fim_semana)[0m
2026-07-19 17:25:31 [INFO] 
2026-07-19 17:25:31 [INFO]   🔵 [94m[1mPT0002000078207354XC[0m  [2m[Cluster 1][0m
2026-07-19 17:25:31 [INFO]      consumiu MENOS que o habitual às 14h
2026-07-19 17:25:31 [INFO]      [2mReal:[0m 5.0 kWh   [2mHabitual:[0m 7.5 ± 0.8 kWh   [2mz:[0m -3.33   [2mdesvio:[0m -33%   [2m(2 obs. fim_semana)[0m
2026-07-19 17:25:31 [INFO] 
2026-07-19 17:25:31 [INFO]   🔵 [94m[1mPT0002000078207354XC[0m  [2m[Cluster 1][0m
2026-07-19 17:25:31 [INFO]      consumiu MENOS que o habitual às 15h
2026-07-19 17:25:31 [INFO]      [2mReal:[0m 5.0 kWh   [2mHabitual:[0m 7.5 ± 0.8 kWh   [2mz:[0m -3.33   [2mdesvio:[0m -33%   [2m(2 obs. fim_semana)[0m
2026-07-19 17:25:31 [INFO] 
2026-07-19 17:25:31 [INFO]   🔴 [91m[1mPT0002000078233981HJ[0m  [2m[Cluster 1][0m
2026-07-19 17:25:31 [INFO]      consumiu MAIS que o habitual às 23h
2026-07-19 17:25:31 [INFO]      [2mReal:[0m 3.0 kWh   [2mHabitual:[0m 2.0 ± 0.3 kWh   [2mz:[0m +3.33   [2mdesvio:[0m +50%   [2m(3 obs. fim_semana)[0m
2026-07-19 17:25:31 [INFO] 
2026-07-19 17:25:31 [INFO]   🔵 [94m[1mPT0002000081344542CP[0m  [2m[Cluster 1][0m
2026-07-19 17:25:31 [INFO]      consumiu MENOS que o habitual às 06h
2026-07-19 17:25:31 [INFO]      [2mReal:[0m 1.0 kWh   [2mHabitual:[0m 2.0 ± 0.3 kWh   [2mz:[0m -3.33   [2mdesvio:[0m -50%   [2m(2 obs. fim_semana)[0m
2026-07-19 17:25:31 [INFO] 
2026-07-19 17:25:31 [INFO]   🔴 [91m[1mPT0002000081344542CP[0m  [2m[Cluster 1][0m
2026-07-19 17:25:31 [INFO]      consumiu MAIS que o habitual às 07h
2026-07-19 17:25:31 [INFO]      [2mReal:[0m 2.0 kWh   [2mHabitual:[0m 1.0 ± 0.3 kWh   [2mz:[0m +3.33   [2mdesvio:[0m +100%   [2m(2 obs. fim_semana)[0m
2026-07-19 17:25:31 [INFO] 
2026-07-19 17:25:31 [INFO]   🔵 [94m[1mPT0002000106102375RC[0m  [2m[sem cluster][0m
2026-07-19 17:25:31 [INFO]      consumiu MENOS que o habitual às 19h
2026-07-19 17:25:31 [INFO]      [2mReal:[0m 39.0 kWh   [2mHabitual:[0m 58.5 ± 5.8 kWh   [2mz:[0m -3.33   [2mdesvio:[0m -33%   [2m(2 obs. fim_semana)[0m
2026-07-19 17:25:31 [INFO] 
2026-07-19 17:25:31 [INFO]   🔵 [94m[1mPT0002000107046231FW[0m  [2m[Cluster 0][0m
2026-07-19 17:25:31 [INFO]      consumiu MENOS que o habitual às 00h
2026-07-19 17:25:31 [INFO]      [2mReal:[0m 2.0 kWh   [2mHabitual:[0m 3.0 ± 0.3 kWh   [2mz:[0m -3.33   [2mdesvio:[0m -33%   [2m(2 obs. fim_semana)[0m
2026-07-19 17:25:31 [INFO] 
2026-07-19 17:25:31 [INFO]   🔴 [91m[1mPT0002000107046231FW[0m  [2m[Cluster 0][0m
2026-07-19 17:25:31 [INFO]      consumiu MAIS que o habitual às 05h
2026-07-19 17:25:31 [INFO]      [2mReal:[0m 4.0 kWh   [2mHabitual:[0m 3.0 ± 0.3 kWh   [2mz:[0m +3.33   [2mdesvio:[0m +33%   [2m(2 obs. fim_semana)[0m
2026-07-19 17:25:31 [INFO] 
2026-07-19 17:25:31 [INFO]   🔵 [94m[1mPT0002000107046231FW[0m  [2m[Cluster 0][0m
2026-07-19 17:25:31 [INFO]      consumiu MENOS que o habitual às 20h
2026-07-19 17:25:31 [INFO]      [2mReal:[0m 2.0 kWh   [2mHabitual:[0m 3.0 ± 0.3 kWh   [2mz:[0m -3.33   [2mdesvio:[0m -33%   [2m(2 obs. fim_semana)[0m
2026-07-19 17:25:31 [INFO] 
2026-07-19 17:25:31 [INFO]   🔴 [91m[1mPT0002000109837807PE[0m  [2m[Cluster 1][0m
2026-07-19 17:25:31 [INFO]      consumiu MAIS que o habitual às 05h
2026-07-19 17:25:31 [INFO]      [2mReal:[0m 4.0 kWh   [2mHabitual:[0m 3.0 ± 0.3 kWh   [2mz:[0m +3.33   [2mdesvio:[0m +33%   [2m(2 obs. fim_semana)[0m
2026-07-19 17:25:31 [INFO] 
2026-07-19 17:25:31 [INFO]   🔴 [91m[1mPT0002000109837807PE[0m  [2m[Cluster 1][0m
2026-07-19 17:25:31 [INFO]      consumiu MAIS que o habitual às 07h
2026-07-19 17:25:31 [INFO]      [2mReal:[0m 4.0 kWh   [2mHabitual:[0m 3.0 ± 0.3 kWh   [2mz:[0m +3.33   [2mdesvio:[0m +33%   [2m(2 obs. fim_semana)[0m
2026-07-19 17:25:31 [INFO] 
2026-07-19 17:25:31 [INFO]   🔵 [94m[1mPT0002000110090564GD[0m  [2m[Cluster 1][0m
2026-07-19 17:25:31 [INFO]      consumiu MENOS que o habitual às 09h
2026-07-19 17:25:31 [INFO]      [2mReal:[0m 4.0 kWh   [2mHabitual:[0m 6.0 ± 0.6 kWh   [2mz:[0m -3.33   [2mdesvio:[0m -33%   [2m(2 obs. fim_semana)[0m
2026-07-19 17:25:31 [INFO] 
2026-07-19 17:25:31 [INFO]   🔵 [94m[1mPT0002000110090564GD[0m  [2m[Cluster 1][0m
2026-07-19 17:25:31 [INFO]      consumiu MENOS que o habitual às 12h
2026-07-19 17:25:31 [INFO]      [2mReal:[0m 4.0 kWh   [2mHabitual:[0m 6.0 ± 0.6 kWh   [2mz:[0m -3.33   [2mdesvio:[0m -33%   [2m(2 obs. fim_semana)[0m
2026-07-19 17:25:31 [INFO] 
2026-07-19 17:25:31 [INFO]   🔵 [94m[1mPT0002000115673471CB[0m  [2m[Cluster 0][0m
2026-07-19 17:25:31 [INFO]      consumiu MENOS que o habitual às 04h
2026-07-19 17:25:31 [INFO]      [2mReal:[0m 11.0 kWh   [2mHabitual:[0m 16.5 ± 1.6 kWh   [2mz:[0m -3.33   [2mdesvio:[0m -33%   [2m(2 obs. fim_semana)[0m
2026-07-19 17:25:31 [INFO] 
2026-07-19 17:25:31 [INFO]   🔵 [94m[1mPT0002000123648159KR[0m  [2m[Cluster 0][0m
2026-07-19 17:25:31 [INFO]      consumiu MENOS que o habitual às 01h
2026-07-19 17:25:31 [INFO]      [2mReal:[0m 2.0 kWh   [2mHabitual:[0m 3.0 ± 0.3 kWh   [2mz:[0m -3.33   [2mdesvio:[0m -33%   [2m(2 obs. fim_semana)[0m
2026-07-19 17:25:31 [INFO] 
2026-07-19 17:25:31 [INFO]   🔴 [91m[1mPT0002000123648159KR[0m  [2m[Cluster 0][0m
2026-07-19 17:25:31 [INFO]      consumiu MAIS que o habitual às 19h
2026-07-19 17:25:31 [INFO]      [2mReal:[0m 4.0 kWh   [2mHabitual:[0m 3.0 ± 0.3 kWh   [2mz:[0m +3.33   [2mdesvio:[0m +33%   [2m(2 obs. fim_semana)[0m
2026-07-19 17:25:31 [INFO] 
2026-07-19 17:25:31 [INFO]   🔴 [91m[1mPT0002000123648159KR[0m  [2m[Cluster 0][0m
2026-07-19 17:25:31 [INFO]      consumiu MAIS que o habitual às 20h
2026-07-19 17:25:31 [INFO]      [2mReal:[0m 4.0 kWh   [2mHabitual:[0m 3.0 ± 0.3 kWh   [2mz:[0m +3.33   [2mdesvio:[0m +33%   [2m(2 obs. fim_semana)[0m
2026-07-19 17:25:31 [INFO] 
2026-07-19 17:25:31 [INFO]   🔴 [91m[1mPT0002000123648159KR[0m  [2m[Cluster 0][0m
2026-07-19 17:25:31 [INFO]      consumiu MAIS que o habitual às 22h
2026-07-19 17:25:31 [INFO]      [2mReal:[0m 4.0 kWh   [2mHabitual:[0m 3.0 ± 0.3 kWh   [2mz:[0m +3.33   [2mdesvio:[0m +33%   [2m(3 obs. fim_semana)[0m
2026-07-19 17:25:31 [INFO] 
2026-07-19 17:25:31 [INFO]   🔴 [91m[1mPT0002000123648159KR[0m  [2m[Cluster 0][0m
2026-07-19 17:25:31 [INFO]      consumiu MAIS que o habitual às 23h
2026-07-19 17:25:31 [INFO]      [2mReal:[0m 4.0 kWh   [2mHabitual:[0m 3.0 ± 0.3 kWh   [2mz:[0m +3.33   [2mdesvio:[0m +33%   [2m(3 obs. fim_semana)[0m
2026-07-19 17:25:31 [INFO] 
2026-07-19 17:25:31 [INFO]   🔴 [91m[1mPT0002000125379984SH[0m  [2m[Cluster 1][0m
2026-07-19 17:25:31 [INFO]      consumiu MAIS que o habitual às 04h
2026-07-19 17:25:31 [INFO]      [2mReal:[0m 3.0 kWh   [2mHabitual:[0m 2.0 ± 0.3 kWh   [2mz:[0m +3.33   [2mdesvio:[0m +50%   [2m(2 obs. fim_semana)[0m
2026-07-19 17:25:31 [INFO] 
2026-07-19 17:25:31 [INFO]   🔴 [91m[1mPT0002000203886452WB[0m  [2m[sem cluster][0m
2026-07-19 17:25:31 [INFO]      consumiu MAIS que o habitual às 19h
2026-07-19 17:25:31 [INFO]      [2mReal:[0m 96.0 kWh   [2mHabitual:[0m 30.0 ± 19.8 kWh   [2mz:[0m +3.33   [2mdesvio:[0m +220%   [2m(2 obs. fim_semana)[0m
2026-07-19 17:25:31 [INFO] 
2026-07-19 17:25:31 [INFO]   🔵 [94m[1mPT0002000123648159KR[0m  [2m[Cluster 0][0m
2026-07-19 17:25:31 [INFO]      consumiu MENOS que o habitual às 09h
2026-07-19 17:25:31 [INFO]      [2mReal:[0m 4.0 kWh   [2mHabitual:[0m 34.5 ± 9.2 kWh   [2mz:[0m -3.32   [2mdesvio:[0m -88%   [2m(2 obs. fim_semana)[0m
2026-07-19 17:25:31 [INFO] 
2026-07-19 17:25:31 [INFO]   🔵 [94m[1mPT0002000114685657JR[0m  [2m[Cluster 0][0m
2026-07-19 17:25:31 [INFO]      consumiu MENOS que o habitual às 12h
2026-07-19 17:25:31 [INFO]      [2mReal:[0m 161.0 kWh   [2mHabitual:[0m 240.5 ± 24.1 kWh   [2mz:[0m -3.31   [2mdesvio:[0m -33%   [2m(2 obs. fim_semana)[0m
2026-07-19 17:25:31 [INFO] 
2026-07-19 17:25:31 [INFO]   🔵 [94m[1mPT0002000071896778MT[0m  [2m[Cluster 0][0m
2026-07-19 17:25:31 [INFO]      consumiu MENOS que o habitual às 09h
2026-07-19 17:25:31 [INFO]      [2mReal:[0m 4.0 kWh   [2mHabitual:[0m 32.0 ± 8.5 kWh   [2mz:[0m -3.30   [2mdesvio:[0m -88%   [2m(2 obs. fim_semana)[0m
2026-07-19 17:25:31 [INFO] 
2026-07-19 17:25:31 [INFO]   🔴 [91m[1mPT0002000203886452WB[0m  [2m[sem cluster][0m
2026-07-19 17:25:31 [INFO]      consumiu MAIS que o habitual às 20h
2026-07-19 17:25:31 [INFO]      [2mReal:[0m 84.0 kWh   [2mHabitual:[0m 28.0 ± 17.0 kWh   [2mz:[0m +3.30   [2mdesvio:[0m +200%   [2m(2 obs. fim_semana)[0m
2026-07-19 17:25:31 [INFO] 
2026-07-19 17:25:31 [INFO]   🔵 [94m[1mPT0002000114613364CC[0m  [2m[sem cluster][0m
2026-07-19 17:25:31 [INFO]      consumiu MENOS que o habitual às 11h
2026-07-19 17:25:31 [INFO]      [2mReal:[0m 138.0 kWh   [2mHabitual:[0m 204.0 ± 20.4 kWh   [2mz:[0m -3.24   [2mdesvio:[0m -32%   [2m(2 obs. fim_semana)[0m
2026-07-19 17:25:31 [INFO] 
2026-07-19 17:25:31 [INFO]   🔵 [94m[1mPT0002000068858231YY[0m  [2m[sem cluster][0m
2026-07-19 17:25:31 [INFO]      consumiu MENOS que o habitual às 07h
2026-07-19 17:25:31 [INFO]      [2mReal:[0m 20.0 kWh   [2mHabitual:[0m 29.5 ± 3.0 kWh   [2mz:[0m -3.22   [2mdesvio:[0m -32%   [2m(2 obs. fim_semana)[0m
2026-07-19 17:25:31 [INFO] 
2026-07-19 17:25:31 [INFO]   🔵 [94m[1mPT0002000033074862LZ[0m  [2m[Cluster 0][0m
2026-07-19 17:25:31 [INFO]      consumiu MENOS que o habitual às 11h
2026-07-19 17:25:31 [INFO]      [2mReal:[0m 10.0 kWh   [2mHabitual:[0m 48.5 ± 12.0 kWh   [2mz:[0m -3.20   [2mdesvio:[0m -79%   [2m(2 obs. fim_semana)[0m
2026-07-19 17:25:31 [INFO] 
2026-07-19 17:25:31 [INFO]   🔵 [94m[1mPT0002000079469719HF[0m  [2m[sem cluster][0m
2026-07-19 17:25:31 [INFO]      consumiu MENOS que o habitual às 19h
2026-07-19 17:25:31 [INFO]      [2mReal:[0m 129.0 kWh   [2mHabitual:[0m 189.5 ± 18.9 kWh   [2mz:[0m -3.19   [2mdesvio:[0m -32%   [2m(2 obs. fim_semana)[0m
2026-07-19 17:25:31 [INFO] 
2026-07-19 17:25:31 [INFO]   🔵 [94m[1mPT0002000068855003AK[0m  [2m[sem cluster][0m
2026-07-19 17:25:31 [INFO]      consumiu MENOS que o habitual às 13h
2026-07-19 17:25:31 [INFO]      [2mReal:[0m 24.0 kWh   [2mHabitual:[0m 42.0 ± 5.7 kWh   [2mz:[0m -3.18   [2mdesvio:[0m -43%   [2m(2 obs. fim_semana)[0m
2026-07-19 17:25:31 [INFO] 
2026-07-19 17:25:31 [INFO]   🔵 [94m[1mPT0002000114613364CC[0m  [2m[sem cluster][0m
2026-07-19 17:25:31 [INFO]      consumiu MENOS que o habitual às 09h
2026-07-19 17:25:31 [INFO]      [2mReal:[0m 131.0 kWh   [2mHabitual:[0m 192.0 ± 19.2 kWh   [2mz:[0m -3.18   [2mdesvio:[0m -32%   [2m(2 obs. fim_semana)[0m
2026-07-19 17:25:31 [INFO] 
2026-07-19 17:25:31 [INFO]   🔵 [94m[1mPT0002000033074862LZ[0m  [2m[Cluster 0][0m
2026-07-19 17:25:31 [INFO]      consumiu MENOS que o habitual às 18h
2026-07-19 17:25:31 [INFO]      [2mReal:[0m 13.0 kWh   [2mHabitual:[0m 19.0 ± 1.9 kWh   [2mz:[0m -3.16   [2mdesvio:[0m -32%   [2m(2 obs. fim_semana)[0m
2026-07-19 17:25:31 [INFO] 
2026-07-19 17:25:31 [INFO]   🔵 [94m[1mPT0002000077394934QY[0m  [2m[Cluster 0][0m
2026-07-19 17:25:31 [INFO]      consumiu MENOS que o habitual às 09h
2026-07-19 17:25:31 [INFO]      [2mReal:[0m 62.0 kWh   [2mHabitual:[0m 90.5 ± 9.1 kWh   [2mz:[0m -3.15   [2mdesvio:[0m -31%   [2m(2 obs. fim_semana)[0m
2026-07-19 17:25:31 [INFO] 
2026-07-19 17:25:31 [INFO]   🔵 [94m[1mPT0002000119303492KB[0m  [2m[Cluster 0][0m
2026-07-19 17:25:31 [INFO]      consumiu MENOS que o habitual às 12h
2026-07-19 17:25:31 [INFO]      [2mReal:[0m 3.0 kWh   [2mHabitual:[0m 52.0 ± 15.6 kWh   [2mz:[0m -3.15   [2mdesvio:[0m -94%   [2m(2 obs. fim_semana)[0m
2026-07-19 17:25:31 [INFO] 
2026-07-19 17:25:31 [INFO]   🔵 [94m[1mPT0002000115673471CB[0m  [2m[Cluster 0][0m
2026-07-19 17:25:31 [INFO]      consumiu MENOS que o habitual às 02h
2026-07-19 17:25:31 [INFO]      [2mReal:[0m 12.0 kWh   [2mHabitual:[0m 17.5 ± 1.8 kWh   [2mz:[0m -3.14   [2mdesvio:[0m -31%   [2m(2 obs. fim_semana)[0m
2026-07-19 17:25:31 [INFO] 
2026-07-19 17:25:31 [INFO]   🔴 [91m[1mPT0002000068856974CZ[0m  [2m[sem cluster][0m
2026-07-19 17:25:31 [INFO]      consumiu MAIS que o habitual às 22h
2026-07-19 17:25:31 [INFO]      [2mReal:[0m 14.0 kWh   [2mHabitual:[0m 10.7 ± 1.1 kWh   [2mz:[0m +3.13   [2mdesvio:[0m +31%   [2m(3 obs. fim_semana)[0m
2026-07-19 17:25:31 [INFO] 
2026-07-19 17:25:31 [INFO]   🔵 [94m[1mPT0002000078441876HB[0m  [2m[Cluster 0][0m
2026-07-19 17:25:31 [INFO]      consumiu MENOS que o habitual às 11h
2026-07-19 17:25:31 [INFO]      [2mReal:[0m 1207.0 kWh   [2mHabitual:[0m 1747.0 ± 174.7 kWh   [2mz:[0m -3.09   [2mdesvio:[0m -31%   [2m(2 obs. fim_semana)[0m
2026-07-19 17:25:31 [INFO] 
2026-07-19 17:25:31 [INFO]   🔵 [94m[1mPT0002000107046231FW[0m  [2m[Cluster 0][0m
2026-07-19 17:25:31 [INFO]      consumiu MENOS que o habitual às 13h
2026-07-19 17:25:31 [INFO]      [2mReal:[0m 2.0 kWh   [2mHabitual:[0m 37.0 ± 11.3 kWh   [2mz:[0m -3.09   [2mdesvio:[0m -95%   [2m(2 obs. fim_semana)[0m
2026-07-19 17:25:31 [INFO] 
2026-07-19 17:25:31 [INFO]   🔵 [94m[1mPT0002000114685657JR[0m  [2m[Cluster 0][0m
2026-07-19 17:25:31 [INFO]      consumiu MENOS que o habitual às 18h
2026-07-19 17:25:31 [INFO]      [2mReal:[0m 160.0 kWh   [2mHabitual:[0m 231.0 ± 23.1 kWh   [2mz:[0m -3.07   [2mdesvio:[0m -31%   [2m(2 obs. fim_semana)[0m
2026-07-19 17:25:31 [INFO] 
2026-07-19 17:25:31 [INFO]   🔵 [94m[1mPT0002000077394934QY[0m  [2m[Cluster 0][0m
2026-07-19 17:25:31 [INFO]      consumiu MENOS que o habitual às 16h
2026-07-19 17:25:31 [INFO]      [2mReal:[0m 76.0 kWh   [2mHabitual:[0m 109.5 ± 10.9 kWh   [2mz:[0m -3.06   [2mdesvio:[0m -31%   [2m(2 obs. fim_semana)[0m
2026-07-19 17:25:31 [INFO] 
2026-07-19 17:25:31 [INFO]   🔵 [94m[1mPT0002000078207354XC[0m  [2m[Cluster 1][0m
2026-07-19 17:25:31 [INFO]      consumiu MENOS que o habitual às 20h
2026-07-19 17:25:31 [INFO]      [2mReal:[0m 5.0 kWh   [2mHabitual:[0m 18.0 ± 4.2 kWh   [2mz:[0m -3.06   [2mdesvio:[0m -72%   [2m(2 obs. fim_semana)[0m
2026-07-19 17:25:31 [INFO] 
2026-07-19 17:25:31 [INFO]   🔵 [94m[1mPT0002000123648159KR[0m  [2m[Cluster 0][0m
2026-07-19 17:25:31 [INFO]      consumiu MENOS que o habitual às 13h
2026-07-19 17:25:31 [INFO]      [2mReal:[0m 5.0 kWh   [2mHabitual:[0m 18.0 ± 4.2 kWh   [2mz:[0m -3.06   [2mdesvio:[0m -72%   [2m(2 obs. fim_semana)[0m
2026-07-19 17:25:31 [INFO] 
2026-07-19 17:25:31 [INFO]   🔴 [91m[1mPT0002000203886452WB[0m  [2m[sem cluster][0m
2026-07-19 17:25:31 [INFO]      consumiu MAIS que o habitual às 21h
2026-07-19 17:25:31 [INFO]      [2mReal:[0m 88.0 kWh   [2mHabitual:[0m 20.0 ± 22.3 kWh   [2mz:[0m +3.05   [2mdesvio:[0m +340%   [2m(3 obs. fim_semana)[0m
2026-07-19 17:25:31 [INFO] 
2026-07-19 17:25:31 [INFO]   🔵 [94m[1mPT0002000079469719HF[0m  [2m[sem cluster][0m
2026-07-19 17:25:31 [INFO]      consumiu MENOS que o habitual às 18h
2026-07-19 17:25:31 [INFO]      [2mReal:[0m 111.0 kWh   [2mHabitual:[0m 159.5 ± 15.9 kWh   [2mz:[0m -3.04   [2mdesvio:[0m -30%   [2m(2 obs. fim_semana)[0m
2026-07-19 17:25:31 [INFO] 
2026-07-19 17:25:31 [INFO]   🔵 [94m[1mPT0002000068858231YY[0m  [2m[sem cluster][0m
2026-07-19 17:25:31 [INFO]      consumiu MENOS que o habitual às 12h
2026-07-19 17:25:31 [INFO]      [2mReal:[0m 18.0 kWh   [2mHabitual:[0m 48.0 ± 9.9 kWh   [2mz:[0m -3.03   [2mdesvio:[0m -62%   [2m(2 obs. fim_semana)[0m
2026-07-19 17:25:31 [INFO] 
2026-07-19 17:25:31 [INFO]   🔵 [94m[1mPT0002000068859382XF[0m  [2m[Cluster 0][0m
2026-07-19 17:25:31 [INFO]      consumiu MENOS que o habitual às 17h
2026-07-19 17:25:31 [INFO]      [2mReal:[0m 38.0 kWh   [2mHabitual:[0m 54.5 ± 5.5 kWh   [2mz:[0m -3.03   [2mdesvio:[0m -30%   [2m(2 obs. fim_semana)[0m
2026-07-19 17:25:31 [INFO] 
2026-07-19 17:25:31 [INFO]   🔵 [94m[1mPT0002000068857897ZV[0m  [2m[Cluster 0][0m
2026-07-19 17:25:31 [INFO]      consumiu MENOS que o habitual às 12h
2026-07-19 17:25:31 [INFO]      [2mReal:[0m 26.0 kWh   [2mHabitual:[0m 49.5 ± 7.8 kWh   [2mz:[0m -3.02   [2mdesvio:[0m -47%   [2m(2 obs. fim_semana)[0m
2026-07-19 17:25:31 [INFO] 
2026-07-19 17:25:31 [INFO]   🔵 [94m[1mPT0002000068857897ZV[0m  [2m[Cluster 0][0m
2026-07-19 17:25:31 [INFO]      consumiu MENOS que o habitual às 15h
2026-07-19 17:25:31 [INFO]      [2mReal:[0m 26.0 kWh   [2mHabitual:[0m 49.5 ± 7.8 kWh   [2mz:[0m -3.02   [2mdesvio:[0m -47%   [2m(2 obs. fim_semana)[0m
2026-07-19 17:25:31 [INFO] 
2026-07-19 17:25:31 [INFO]   🔵 [94m[1mPT0002000114685657JR[0m  [2m[Cluster 0][0m
2026-07-19 17:25:31 [INFO]      consumiu MENOS que o habitual às 09h
2026-07-19 17:25:31 [INFO]      [2mReal:[0m 170.0 kWh   [2mHabitual:[0m 243.5 ± 24.4 kWh   [2mz:[0m -3.02   [2mdesvio:[0m -30%   [2m(2 obs. fim_semana)[0m
2026-07-19 17:25:31 [INFO] 
2026-07-19 17:25:31 [INFO]   🔵 [94m[1mPT0002000078233981HJ[0m  [2m[Cluster 1][0m
2026-07-19 17:25:31 [INFO]      consumiu MENOS que o habitual às 19h
2026-07-19 17:25:31 [INFO]      [2mReal:[0m 2.0 kWh   [2mHabitual:[0m 19.0 ± 5.7 kWh   [2mz:[0m -3.01   [2mdesvio:[0m -89%   [2m(2 obs. fim_semana)[0m
2026-07-19 17:25:31 [INFO] 
2026-07-19 17:25:31 [INFO]   🔵 [94m[1mPT0002000114613364CC[0m  [2m[sem cluster][0m
2026-07-19 17:25:31 [INFO]      consumiu MENOS que o habitual às 10h
2026-07-19 17:25:31 [INFO]      [2mReal:[0m 135.0 kWh   [2mHabitual:[0m 193.0 ± 19.3 kWh   [2mz:[0m -3.01   [2mdesvio:[0m -30%   [2m(2 obs. fim_semana)[0m
2026-07-19 17:25:31 [INFO] 
2026-07-19 17:25:31 [INFO]   🔵 [94m[1mPT0002000201038711LS[0m  [2m[sem cluster][0m
2026-07-19 17:25:31 [INFO]      consumiu MENOS que o habitual às 15h
2026-07-19 17:25:31 [INFO]      [2mReal:[0m 1.0 kWh   [2mHabitual:[0m 35.0 ± 11.3 kWh   [2mz:[0m -3.01   [2mdesvio:[0m -97%   [2m(2 obs. fim_semana)[0m
2026-07-19 17:25:31 [INFO] 
2026-07-19 17:25:31 [INFO]   🔴 [91m[1mPT0002000078294957RQ[0m  [2m[Cluster 0][0m
2026-07-19 17:25:31 [INFO]      consumiu MAIS que o habitual às 21h
2026-07-19 17:25:31 [INFO]      [2mReal:[0m 12.0 kWh   [2mHabitual:[0m 9.0 ± 1.0 kWh   [2mz:[0m +3.00   [2mdesvio:[0m +33%   [2m(3 obs. fim_semana)[0m
2026-07-19 17:25:31 [INFO] 
2026-07-19 17:25:31 [INFO]   🔵 [94m[1mPT0002000114685657JR[0m  [2m[Cluster 0][0m
2026-07-19 17:25:31 [INFO]      consumiu MENOS que o habitual às 11h
2026-07-19 17:25:31 [INFO]      [2mReal:[0m 181.0 kWh   [2mHabitual:[0m 258.5 ± 25.9 kWh   [2mz:[0m -3.00   [2mdesvio:[0m -30%   [2m(2 obs. fim_semana)[0m
2026-07-19 17:25:31 [INFO] 
2026-07-19 17:25:31 [INFO]   🔴 [91m[1mPT0002000068859393XH[0m  [2m[Cluster 1][0m
2026-07-19 17:25:31 [INFO]      consumiu MAIS que o habitual às 09h
2026-07-19 17:25:31 [INFO]      [2mReal:[0m 135.0 kWh   [2mHabitual:[0m 97.0 ± 12.7 kWh   [2mz:[0m +2.99   [2mdesvio:[0m +39%   [2m(2 obs. fim_semana)[0m
2026-07-19 17:25:31 [INFO] 
2026-07-19 17:25:31 [INFO]   🔵 [94m[1mPT0002000068859187RL[0m  [2m[Cluster 0][0m
2026-07-19 17:25:31 [INFO]      consumiu MENOS que o habitual às 18h
2026-07-19 17:25:31 [INFO]      [2mReal:[0m 20.0 kWh   [2mHabitual:[0m 28.5 ± 2.9 kWh   [2mz:[0m -2.98   [2mdesvio:[0m -30%   [2m(2 obs. fim_semana)[0m
2026-07-19 17:25:31 [INFO] 
2026-07-19 17:25:31 [INFO]   🔴 [91m[1mPT0002000073720434JD[0m  [2m[sem cluster][0m
2026-07-19 17:25:31 [INFO]      consumiu MAIS que o habitual às 22h
2026-07-19 17:25:31 [INFO]      [2mReal:[0m 92.0 kWh   [2mHabitual:[0m 38.3 ± 18.0 kWh   [2mz:[0m +2.98   [2mdesvio:[0m +140%   [2m(3 obs. fim_semana)[0m
2026-07-19 17:25:31 [INFO] 
2026-07-19 17:25:31 [INFO]   🔵 [94m[1mPT0002000114685657JR[0m  [2m[Cluster 0][0m
2026-07-19 17:25:31 [INFO]      consumiu MENOS que o habitual às 08h
2026-07-19 17:25:31 [INFO]      [2mReal:[0m 159.0 kWh   [2mHabitual:[0m 226.5 ± 22.6 kWh   [2mz:[0m -2.98   [2mdesvio:[0m -30%   [2m(2 obs. fim_semana)[0m
2026-07-19 17:25:31 [INFO] 
2026-07-19 17:25:31 [INFO]   🔴 [91m[1mPT0002000068859325FL[0m  [2m[Cluster 1][0m
2026-07-19 17:25:31 [INFO]      consumiu MAIS que o habitual às 00h
2026-07-19 17:25:31 [INFO]      [2mReal:[0m 116.0 kWh   [2mHabitual:[0m 74.0 ± 14.1 kWh   [2mz:[0m +2.97   [2mdesvio:[0m +57%   [2m(2 obs. fim_semana)[0m
2026-07-19 17:25:31 [INFO] 
2026-07-19 17:25:31 [INFO]   🔵 [94m[1mPT0002000123648159KR[0m  [2m[Cluster 0][0m
2026-07-19 17:25:31 [INFO]      consumiu MENOS que o habitual às 14h
2026-07-19 17:25:31 [INFO]      [2mReal:[0m 4.0 kWh   [2mHabitual:[0m 14.5 ± 3.5 kWh   [2mz:[0m -2.97   [2mdesvio:[0m -72%   [2m(2 obs. fim_semana)[0m
2026-07-19 17:25:31 [INFO] 
2026-07-19 17:25:31 [INFO]   🔵 [94m[1mPT0002000078207354XC[0m  [2m[Cluster 1][0m
2026-07-19 17:25:31 [INFO]      consumiu MENOS que o habitual às 21h
2026-07-19 17:25:31 [INFO]      [2mReal:[0m 4.0 kWh   [2mHabitual:[0m 16.3 ± 4.2 kWh   [2mz:[0m -2.96   [2mdesvio:[0m -76%   [2m(3 obs. fim_semana)[0m
2026-07-19 17:25:31 [INFO] 
2026-07-19 17:25:31 [INFO]   🔵 [94m[1mPT0002000114613364CC[0m  [2m[sem cluster][0m
2026-07-19 17:25:31 [INFO]      consumiu MENOS que o habitual às 17h
2026-07-19 17:25:31 [INFO]      [2mReal:[0m 118.0 kWh   [2mHabitual:[0m 167.5 ± 16.8 kWh   [2mz:[0m -2.96   [2mdesvio:[0m -30%   [2m(2 obs. fim_semana)[0m
2026-07-19 17:25:31 [INFO] 
2026-07-19 17:25:31 [INFO]   🔵 [94m[1mPT0002000201038711LS[0m  [2m[sem cluster][0m
2026-07-19 17:25:31 [INFO]      consumiu MENOS que o habitual às 16h
2026-07-19 17:25:31 [INFO]      [2mReal:[0m 0.0 kWh   [2mHabitual:[0m 25.0 ± 8.5 kWh   [2mz:[0m -2.95   [2mdesvio:[0m -100%   [2m(2 obs. fim_semana)[0m
2026-07-19 17:25:31 [INFO] 
2026-07-19 17:25:31 [INFO]   🔵 [94m[1mPT0002000114685657JR[0m  [2m[Cluster 0][0m
2026-07-19 17:25:31 [INFO]      consumiu MENOS que o habitual às 10h
2026-07-19 17:25:31 [INFO]      [2mReal:[0m 180.0 kWh   [2mHabitual:[0m 254.5 ± 25.4 kWh   [2mz:[0m -2.93   [2mdesvio:[0m -29%   [2m(2 obs. fim_semana)[0m
2026-07-19 17:25:31 [INFO] 
2026-07-19 17:25:31 [INFO]   🔵 [94m[1mPT0002000073573036KH[0m  [2m[sem cluster][0m
2026-07-19 17:25:31 [INFO]      consumiu MENOS que o habitual às 20h
2026-07-19 17:25:31 [INFO]      [2mReal:[0m 202.0 kWh   [2mHabitual:[0m 284.5 ± 28.4 kWh   [2mz:[0m -2.90   [2mdesvio:[0m -29%   [2m(2 obs. fim_semana)[0m
2026-07-19 17:25:31 [INFO] 
2026-07-19 17:25:31 [INFO]   🔵 [94m[1mPT0002000125701614SQ[0m  [2m[sem cluster][0m
2026-07-19 17:25:31 [INFO]      consumiu MENOS que o habitual às 19h
2026-07-19 17:25:31 [INFO]      [2mReal:[0m 16.0 kWh   [2mHabitual:[0m 22.5 ± 2.2 kWh   [2mz:[0m -2.89   [2mdesvio:[0m -29%   [2m(2 obs. fim_semana)[0m
2026-07-19 17:25:31 [INFO] 
2026-07-19 17:25:31 [INFO]   🔵 [94m[1mPT0002000125701614SQ[0m  [2m[sem cluster][0m
2026-07-19 17:25:31 [INFO]      consumiu MENOS que o habitual às 20h
2026-07-19 17:25:31 [INFO]      [2mReal:[0m 15.0 kWh   [2mHabitual:[0m 21.0 ± 2.1 kWh   [2mz:[0m -2.86   [2mdesvio:[0m -29%   [2m(2 obs. fim_semana)[0m
2026-07-19 17:25:31 [INFO] 
2026-07-19 17:25:31 [INFO]   🔵 [94m[1mPT0002000068859393XH[0m  [2m[Cluster 1][0m
2026-07-19 17:25:31 [INFO]      consumiu MENOS que o habitual às 21h
2026-07-19 17:25:31 [INFO]      [2mReal:[0m 61.0 kWh   [2mHabitual:[0m 202.0 ± 49.7 kWh   [2mz:[0m -2.84   [2mdesvio:[0m -70%   [2m(3 obs. fim_semana)[0m
2026-07-19 17:25:31 [INFO] 
2026-07-19 17:25:31 [INFO]   🔵 [94m[1mPT0002000068856974CZ[0m  [2m[sem cluster][0m
2026-07-19 17:25:31 [INFO]      consumiu MENOS que o habitual às 14h
2026-07-19 17:25:31 [INFO]      [2mReal:[0m 11.0 kWh   [2mHabitual:[0m 39.0 ± 9.9 kWh   [2mz:[0m -2.83   [2mdesvio:[0m -72%   [2m(2 obs. fim_semana)[0m
2026-07-19 17:25:31 [INFO] 
2026-07-19 17:25:31 [INFO]   🔵 [94m[1mPT0002000068857099AR[0m  [2m[Cluster 1][0m
2026-07-19 17:25:31 [INFO]      consumiu MENOS que o habitual às 18h
2026-07-19 17:25:31 [INFO]      [2mReal:[0m 5.0 kWh   [2mHabitual:[0m 13.0 ± 2.8 kWh   [2mz:[0m -2.83   [2mdesvio:[0m -62%   [2m(2 obs. fim_semana)[0m
2026-07-19 17:25:31 [INFO] 
2026-07-19 17:25:31 [INFO]   🔵 [94m[1mPT0002000073231742VK[0m  [2m[Cluster 0][0m
2026-07-19 17:25:31 [INFO]      consumiu MENOS que o habitual às 07h
2026-07-19 17:25:31 [INFO]      [2mReal:[0m 12.0 kWh   [2mHabitual:[0m 24.0 ± 4.2 kWh   [2mz:[0m -2.83   [2mdesvio:[0m -50%   [2m(2 obs. fim_semana)[0m
2026-07-19 17:25:31 [INFO] 
2026-07-19 17:25:31 [INFO]   🔵 [94m[1mPT0002000073481266XH[0m  [2m[Cluster 0][0m
2026-07-19 17:25:31 [INFO]      consumiu MENOS que o habitual às 07h
2026-07-19 17:25:31 [INFO]      [2mReal:[0m 5.0 kWh   [2mHabitual:[0m 13.0 ± 2.8 kWh   [2mz:[0m -2.83   [2mdesvio:[0m -62%   [2m(2 obs. fim_semana)[0m
2026-07-19 17:25:31 [INFO] 
2026-07-19 17:25:31 [INFO]   🔵 [94m[1mPT0002000077394934QY[0m  [2m[Cluster 0][0m
2026-07-19 17:25:31 [INFO]      consumiu MENOS que o habitual às 13h
2026-07-19 17:25:31 [INFO]      [2mReal:[0m 69.0 kWh   [2mHabitual:[0m 113.0 ± 15.6 kWh   [2mz:[0m -2.83   [2mdesvio:[0m -39%   [2m(2 obs. fim_semana)[0m
2026-07-19 17:25:31 [INFO] 
2026-07-19 17:25:31 [INFO]   🔵 [94m[1mPT0002000077394934QY[0m  [2m[Cluster 0][0m
2026-07-19 17:25:31 [INFO]      consumiu MENOS que o habitual às 14h
2026-07-19 17:25:31 [INFO]      [2mReal:[0m 76.0 kWh   [2mHabitual:[0m 112.0 ± 12.7 kWh   [2mz:[0m -2.83   [2mdesvio:[0m -32%   [2m(2 obs. fim_semana)[0m
2026-07-19 17:25:31 [INFO] 
2026-07-19 17:25:31 [INFO]   🔵 [94m[1mPT0002000078207354XC[0m  [2m[Cluster 1][0m
2026-07-19 17:25:31 [INFO]      consumiu MENOS que o habitual às 10h
2026-07-19 17:25:31 [INFO]      [2mReal:[0m 4.0 kWh   [2mHabitual:[0m 8.0 ± 1.4 kWh   [2mz:[0m -2.83   [2mdesvio:[0m -50%   [2m(2 obs. fim_semana)[0m
2026-07-19 17:25:31 [INFO] 
2026-07-19 17:25:31 [INFO]   🔴 [91m[1mPT0002000081344542CP[0m  [2m[Cluster 1][0m
2026-07-19 17:25:31 [INFO]      consumiu MAIS que o habitual às 02h
2026-07-19 17:25:31 [INFO]      [2mReal:[0m 6.0 kWh   [2mHabitual:[0m 2.0 ± 1.4 kWh   [2mz:[0m +2.83   [2mdesvio:[0m +200%   [2m(2 obs. fim_semana)[0m
2026-07-19 17:25:31 [INFO] 
2026-07-19 17:25:31 [INFO]   🔵 [94m[1mPT0002000112989585PH[0m  [2m[Cluster 0][0m
2026-07-19 17:25:31 [INFO]      consumiu MENOS que o habitual às 17h
2026-07-19 17:25:31 [INFO]      [2mReal:[0m 0.0 kWh   [2mHabitual:[0m 8.0 ± 2.8 kWh   [2mz:[0m -2.83   [2mdesvio:[0m -100%   [2m(2 obs. fim_semana)[0m
2026-07-19 17:25:31 [INFO] 
2026-07-19 17:25:31 [INFO]   🔵 [94m[1mPT0002000115673471CB[0m  [2m[Cluster 0][0m
2026-07-19 17:25:31 [INFO]      consumiu MENOS que o habitual às 16h
2026-07-19 17:25:31 [INFO]      [2mReal:[0m 12.0 kWh   [2mHabitual:[0m 24.0 ± 4.2 kWh   [2mz:[0m -2.83   [2mdesvio:[0m -50%   [2m(2 obs. fim_semana)[0m
2026-07-19 17:25:31 [INFO] 
2026-07-19 17:25:31 [INFO]   🔵 [94m[1mPT0002000115700602GW[0m  [2m[Cluster 0][0m
2026-07-19 17:25:31 [INFO]      consumiu MENOS que o habitual às 10h
2026-07-19 17:25:31 [INFO]      [2mReal:[0m 8.0 kWh   [2mHabitual:[0m 48.0 ± 14.1 kWh   [2mz:[0m -2.83   [2mdesvio:[0m -83%   [2m(2 obs. fim_semana)[0m
2026-07-19 17:25:31 [INFO] 
2026-07-19 17:25:31 [INFO]   🔵 [94m[1mPT0002000120237616VJ[0m  [2m[Cluster 0][0m
2026-07-19 17:25:31 [INFO]      consumiu MENOS que o habitual às 18h
2026-07-19 17:25:31 [INFO]      [2mReal:[0m 11.0 kWh   [2mHabitual:[0m 23.0 ± 4.2 kWh   [2mz:[0m -2.83   [2mdesvio:[0m -52%   [2m(2 obs. fim_semana)[0m
2026-07-19 17:25:31 [INFO] 
2026-07-19 17:25:31 [INFO]   🔵 [94m[1mPT0002000068859187RL[0m  [2m[Cluster 0][0m
2026-07-19 17:25:31 [INFO]      consumiu MENOS que o habitual às 11h
2026-07-19 17:25:31 [INFO]      [2mReal:[0m 21.0 kWh   [2mHabitual:[0m 84.0 ± 22.6 kWh   [2mz:[0m -2.78   [2mdesvio:[0m -75%   [2m(2 obs. fim_semana)[0m
2026-07-19 17:25:31 [INFO] 
2026-07-19 17:25:31 [INFO]   🔵 [94m[1mPT0002000068857897ZV[0m  [2m[Cluster 0][0m
2026-07-19 17:25:31 [INFO]      consumiu MENOS que o habitual às 14h
2026-07-19 17:25:31 [INFO]      [2mReal:[0m 26.0 kWh   [2mHabitual:[0m 51.5 ± 9.2 kWh   [2mz:[0m -2.77   [2mdesvio:[0m -50%   [2m(2 obs. fim_semana)[0m
2026-07-19 17:25:31 [INFO] 
2026-07-19 17:25:31 [INFO]   🔵 [94m[1mPT0002000033074862LZ[0m  [2m[Cluster 0][0m
2026-07-19 17:25:31 [INFO]      consumiu MENOS que o habitual às 07h
2026-07-19 17:25:31 [INFO]      [2mReal:[0m 13.0 kWh   [2mHabitual:[0m 30.5 ± 6.4 kWh   [2mz:[0m -2.75   [2mdesvio:[0m -57%   [2m(2 obs. fim_semana)[0m
2026-07-19 17:25:31 [INFO] 
2026-07-19 17:25:31 [INFO]   🔵 [94m[1mPT0002000115673389QK[0m  [2m[Cluster 0][0m
2026-07-19 17:25:31 [INFO]      consumiu MENOS que o habitual às 17h
2026-07-19 17:25:31 [INFO]      [2mReal:[0m 21.0 kWh   [2mHabitual:[0m 38.5 ± 6.4 kWh   [2mz:[0m -2.75   [2mdesvio:[0m -45%   [2m(2 obs. fim_semana)[0m
2026-07-19 17:25:31 [INFO] 
2026-07-19 17:25:31 [INFO]   🔵 [94m[1mPT0002000114685657JR[0m  [2m[Cluster 0][0m
2026-07-19 17:25:31 [INFO]      consumiu MENOS que o habitual às 07h
2026-07-19 17:25:31 [INFO]      [2mReal:[0m 154.0 kWh   [2mHabitual:[0m 211.5 ± 21.1 kWh   [2mz:[0m -2.72   [2mdesvio:[0m -27%   [2m(2 obs. fim_semana)[0m
2026-07-19 17:25:31 [INFO] 
2026-07-19 17:25:31 [INFO]   🔵 [94m[1mPT0002000068855003AK[0m  [2m[sem cluster][0m
2026-07-19 17:25:31 [INFO]      consumiu MENOS que o habitual às 14h
2026-07-19 17:25:31 [INFO]      [2mReal:[0m 27.0 kWh   [2mHabitual:[0m 46.0 ± 7.1 kWh   [2mz:[0m -2.69   [2mdesvio:[0m -41%   [2m(2 obs. fim_semana)[0m
2026-07-19 17:25:31 [INFO] 
2026-07-19 17:25:31 [INFO]   🔵 [94m[1mPT0002000077394934QY[0m  [2m[Cluster 0][0m
2026-07-19 17:25:31 [INFO]      consumiu MENOS que o habitual às 10h
2026-07-19 17:25:31 [INFO]      [2mReal:[0m 70.0 kWh   [2mHabitual:[0m 127.0 ± 21.2 kWh   [2mz:[0m -2.69   [2mdesvio:[0m -45%   [2m(2 obs. fim_semana)[0m
2026-07-19 17:25:31 [INFO] 
2026-07-19 17:25:31 [INFO]   🔵 [94m[1mPT0002000107046231FW[0m  [2m[Cluster 0][0m
2026-07-19 17:25:31 [INFO]      consumiu MENOS que o habitual às 09h
2026-07-19 17:25:31 [INFO]      [2mReal:[0m 3.0 kWh   [2mHabitual:[0m 22.0 ± 7.1 kWh   [2mz:[0m -2.69   [2mdesvio:[0m -86%   [2m(2 obs. fim_semana)[0m
2026-07-19 17:25:31 [INFO] 
2026-07-19 17:25:31 [INFO]   🔵 [94m[1mPT0002000125379984SH[0m  [2m[Cluster 1][0m
2026-07-19 17:25:31 [INFO]      consumiu MENOS que o habitual às 20h
2026-07-19 17:25:31 [INFO]      [2mReal:[0m 5.0 kWh   [2mHabitual:[0m 14.5 ± 3.5 kWh   [2mz:[0m -2.69   [2mdesvio:[0m -66%   [2m(2 obs. fim_semana)[0m
2026-07-19 17:25:31 [INFO] 
2026-07-19 17:25:31 [INFO]   🔴 [91m[1mPT0002000201936109ME[0m  [2m[Cluster 0][0m
2026-07-19 17:25:31 [INFO]      consumiu MAIS que o habitual às 07h
2026-07-19 17:25:31 [INFO]      [2mReal:[0m 36.0 kWh   [2mHabitual:[0m 17.0 ± 7.1 kWh   [2mz:[0m +2.69   [2mdesvio:[0m +112%   [2m(2 obs. fim_semana)[0m
2026-07-19 17:25:31 [INFO] 
2026-07-19 17:25:31 [INFO]   🔵 [94m[1mPT0002000068858231YY[0m  [2m[sem cluster][0m
2026-07-19 17:25:31 [INFO]      consumiu MENOS que o habitual às 08h
2026-07-19 17:25:31 [INFO]      [2mReal:[0m 21.0 kWh   [2mHabitual:[0m 45.5 ± 9.2 kWh   [2mz:[0m -2.67   [2mdesvio:[0m -54%   [2m(2 obs. fim_semana)[0m
2026-07-19 17:25:31 [INFO] 
2026-07-19 17:25:31 [INFO]   🔵 [94m[1mPT0002000120237616VJ[0m  [2m[Cluster 0][0m
2026-07-19 17:25:31 [INFO]      consumiu MENOS que o habitual às 20h
2026-07-19 17:25:31 [INFO]      [2mReal:[0m 11.0 kWh   [2mHabitual:[0m 15.0 ± 1.5 kWh   [2mz:[0m -2.67   [2mdesvio:[0m -27%   [2m(2 obs. fim_semana)[0m
2026-07-19 17:25:31 [INFO] 
2026-07-19 17:25:31 [INFO]   🔵 [94m[1mPT0002000120237616VJ[0m  [2m[Cluster 0][0m
2026-07-19 17:25:31 [INFO]      consumiu MENOS que o habitual às 21h
2026-07-19 17:25:31 [INFO]      [2mReal:[0m 11.0 kWh   [2mHabitual:[0m 15.0 ± 1.5 kWh   [2mz:[0m -2.67   [2mdesvio:[0m -27%   [2m(3 obs. fim_semana)[0m
2026-07-19 17:25:31 [INFO] 
2026-07-19 17:25:31 [INFO]   🔴 [91m[1mPT0002000110814293YC[0m  [2m[sem cluster][0m
2026-07-19 17:25:31 [INFO]      consumiu MAIS que o habitual às 20h
2026-07-19 17:25:31 [INFO]      [2mReal:[0m 50.0 kWh   [2mHabitual:[0m 39.5 ± 4.0 kWh   [2mz:[0m +2.66   [2mdesvio:[0m +27%   [2m(2 obs. fim_semana)[0m
2026-07-19 17:25:31 [INFO] 
2026-07-19 17:25:31 [INFO]   🔵 [94m[1mPT0002000068857897ZV[0m  [2m[Cluster 0][0m
2026-07-19 17:25:31 [INFO]      consumiu MENOS que o habitual às 16h
2026-07-19 17:25:31 [INFO]      [2mReal:[0m 26.0 kWh   [2mHabitual:[0m 41.0 ± 5.7 kWh   [2mz:[0m -2.65   [2mdesvio:[0m -37%   [2m(2 obs. fim_semana)[0m
2026-07-19 17:25:31 [INFO] 
2026-07-19 17:25:31 [INFO]   🔵 [94m[1mPT0002000112989585PH[0m  [2m[Cluster 0][0m
2026-07-19 17:25:31 [INFO]      consumiu MENOS que o habitual às 20h
2026-07-19 17:25:31 [INFO]      [2mReal:[0m 39.0 kWh   [2mHabitual:[0m 53.0 ± 5.3 kWh   [2mz:[0m -2.64   [2mdesvio:[0m -26%   [2m(2 obs. fim_semana)[0m
2026-07-19 17:25:31 [INFO] 
2026-07-19 17:25:31 [INFO]   🔵 [94m[1mPT0002000114685657JR[0m  [2m[Cluster 0][0m
2026-07-19 17:25:31 [INFO]      consumiu MENOS que o habitual às 19h
2026-07-19 17:25:31 [INFO]      [2mReal:[0m 167.0 kWh   [2mHabitual:[0m 227.0 ± 22.7 kWh   [2mz:[0m -2.64   [2mdesvio:[0m -26%   [2m(2 obs. fim_semana)[0m
2026-07-19 17:25:31 [INFO] 
2026-07-19 17:25:31 [INFO]   🔴 [91m[1mPT0002000068856974CZ[0m  [2m[sem cluster][0m
2026-07-19 17:25:31 [INFO]      consumiu MAIS que o habitual às 05h
2026-07-19 17:25:31 [INFO]      [2mReal:[0m 12.0 kWh   [2mHabitual:[0m 9.5 ± 0.9 kWh   [2mz:[0m +2.63   [2mdesvio:[0m +26%   [2m(2 obs. fim_semana)[0m
2026-07-19 17:25:31 [INFO] 
2026-07-19 17:25:31 [INFO]   🔵 [94m[1mPT0002000114613364CC[0m  [2m[sem cluster][0m
2026-07-19 17:25:31 [INFO]      consumiu MENOS que o habitual às 18h
2026-07-19 17:25:31 [INFO]      [2mReal:[0m 118.0 kWh   [2mHabitual:[0m 160.0 ± 16.0 kWh   [2mz:[0m -2.62   [2mdesvio:[0m -26%   [2m(2 obs. fim_semana)[0m
2026-07-19 17:25:31 [INFO] 
2026-07-19 17:25:31 [INFO]   🔵 [94m[1mPT0002000068859187RL[0m  [2m[Cluster 0][0m
2026-07-19 17:25:31 [INFO]      consumiu MENOS que o habitual às 12h
2026-07-19 17:25:31 [INFO]      [2mReal:[0m 21.0 kWh   [2mHabitual:[0m 80.0 ± 22.6 kWh   [2mz:[0m -2.61   [2mdesvio:[0m -74%   [2m(2 obs. fim_semana)[0m
2026-07-19 17:25:31 [INFO] 
2026-07-19 17:25:31 [INFO]   🔵 [94m[1mPT0002000116530964LH[0m  [2m[sem cluster][0m
2026-07-19 17:25:31 [INFO]      consumiu MENOS que o habitual às 07h
2026-07-19 17:25:31 [INFO]      [2mReal:[0m 88.0 kWh   [2mHabitual:[0m 119.0 ± 11.9 kWh   [2mz:[0m -2.61   [2mdesvio:[0m -26%   [2m(2 obs. fim_semana)[0m
2026-07-19 17:25:31 [INFO] 
2026-07-19 17:25:31 [INFO]   🔴 [91m[1mPT0002000068859325FL[0m  [2m[Cluster 1][0m
2026-07-19 17:25:31 [INFO]      consumiu MAIS que o habitual às 01h
2026-07-19 17:25:31 [INFO]      [2mReal:[0m 116.0 kWh   [2mHabitual:[0m 72.0 ± 17.0 kWh   [2mz:[0m +2.59   [2mdesvio:[0m +61%   [2m(2 obs. fim_semana)[0m
2026-07-19 17:25:31 [INFO] 
2026-07-19 17:25:31 [INFO]   🔴 [91m[1mPT0002000068859325FL[0m  [2m[Cluster 1][0m
2026-07-19 17:25:31 [INFO]      consumiu MAIS que o habitual às 02h
2026-07-19 17:25:31 [INFO]      [2mReal:[0m 116.0 kWh   [2mHabitual:[0m 72.0 ± 17.0 kWh   [2mz:[0m +2.59   [2mdesvio:[0m +61%   [2m(2 obs. fim_semana)[0m
2026-07-19 17:25:31 [INFO] 
2026-07-19 17:25:31 [INFO]   🔴 [91m[1mPT0002000068859325FL[0m  [2m[Cluster 1][0m
2026-07-19 17:25:31 [INFO]      consumiu MAIS que o habitual às 03h
2026-07-19 17:25:31 [INFO]      [2mReal:[0m 116.0 kWh   [2mHabitual:[0m 72.0 ± 17.0 kWh   [2mz:[0m +2.59   [2mdesvio:[0m +61%   [2m(2 obs. fim_semana)[0m
2026-07-19 17:25:31 [INFO] 
2026-07-19 17:25:31 [INFO]   🔴 [91m[1mPT0002000068859325FL[0m  [2m[Cluster 1][0m
2026-07-19 17:25:31 [INFO]      consumiu MAIS que o habitual às 04h
2026-07-19 17:25:31 [INFO]      [2mReal:[0m 116.0 kWh   [2mHabitual:[0m 72.0 ± 17.0 kWh   [2mz:[0m +2.59   [2mdesvio:[0m +61%   [2m(2 obs. fim_semana)[0m
2026-07-19 17:25:31 [INFO] 
2026-07-19 17:25:31 [INFO]   🔵 [94m[1mPT0002000120237616VJ[0m  [2m[Cluster 0][0m
2026-07-19 17:25:31 [INFO]      consumiu MENOS que o habitual às 01h
2026-07-19 17:25:31 [INFO]      [2mReal:[0m 10.0 kWh   [2mHabitual:[0m 13.5 ± 1.4 kWh   [2mz:[0m -2.59   [2mdesvio:[0m -26%   [2m(2 obs. fim_semana)[0m
2026-07-19 17:25:31 [INFO] 
2026-07-19 17:25:31 [INFO]   🔵 [94m[1mPT0002000120237616VJ[0m  [2m[Cluster 0][0m
2026-07-19 17:25:31 [INFO]      consumiu MENOS que o habitual às 03h
2026-07-19 17:25:31 [INFO]      [2mReal:[0m 10.0 kWh   [2mHabitual:[0m 13.5 ± 1.4 kWh   [2mz:[0m -2.59   [2mdesvio:[0m -26%   [2m(2 obs. fim_semana)[0m
2026-07-19 17:25:31 [INFO] 
2026-07-19 17:25:31 [INFO]   🔵 [94m[1mPT0002000125701614SQ[0m  [2m[sem cluster][0m
2026-07-19 17:25:31 [INFO]      consumiu MENOS que o habitual às 16h
2026-07-19 17:25:31 [INFO]      [2mReal:[0m 15.0 kWh   [2mHabitual:[0m 20.5 ± 2.1 kWh   [2mz:[0m -2.59   [2mdesvio:[0m -27%   [2m(2 obs. fim_semana)[0m
2026-07-19 17:25:31 [INFO] 
2026-07-19 17:25:31 [INFO]   🔴 [91m[1mPT0002000201936109ME[0m  [2m[Cluster 0][0m
2026-07-19 17:25:31 [INFO]      consumiu MAIS que o habitual às 16h
2026-07-19 17:25:31 [INFO]      [2mReal:[0m 100.0 kWh   [2mHabitual:[0m 23.0 ± 29.7 kWh   [2mz:[0m +2.59   [2mdesvio:[0m +335%   [2m(2 obs. fim_semana)[0m
2026-07-19 17:25:31 [INFO] 
2026-07-19 17:25:31 [INFO]   🔴 [91m[1mPT0002000073720434JD[0m  [2m[sem cluster][0m
2026-07-19 17:25:31 [INFO]      consumiu MAIS que o habitual às 12h
2026-07-19 17:25:31 [INFO]      [2mReal:[0m 27.0 kWh   [2mHabitual:[0m 21.5 ± 2.1 kWh   [2mz:[0m +2.56   [2mdesvio:[0m +26%   [2m(2 obs. fim_semana)[0m
2026-07-19 17:25:31 [INFO] 
2026-07-19 17:25:31 [INFO]   🔵 [94m[1mPT0002000078233981HJ[0m  [2m[Cluster 1][0m
2026-07-19 17:25:31 [INFO]      consumiu MENOS que o habitual às 18h
2026-07-19 17:25:31 [INFO]      [2mReal:[0m 1.0 kWh   [2mHabitual:[0m 19.0 ± 7.1 kWh   [2mz:[0m -2.55   [2mdesvio:[0m -95%   [2m(2 obs. fim_semana)[0m
2026-07-19 17:25:31 [INFO] 
2026-07-19 17:25:31 [INFO]   🔴 [91m[1mPT0002000201936109ME[0m  [2m[Cluster 0][0m
2026-07-19 17:25:31 [INFO]      consumiu MAIS que o habitual às 08h
2026-07-19 17:25:31 [INFO]      [2mReal:[0m 37.0 kWh   [2mHabitual:[0m 19.0 ± 7.1 kWh   [2mz:[0m +2.55   [2mdesvio:[0m +95%   [2m(2 obs. fim_semana)[0m
2026-07-19 17:25:31 [INFO] 
2026-07-19 17:25:31 [INFO]   🔴 [91m[1mPT0002000068859325FL[0m  [2m[Cluster 1][0m
2026-07-19 17:25:31 [INFO]      consumiu MAIS que o habitual às 11h
2026-07-19 17:25:31 [INFO]      [2mReal:[0m 400.0 kWh   [2mHabitual:[0m 206.0 ± 76.4 kWh   [2mz:[0m +2.54   [2mdesvio:[0m +94%   [2m(2 obs. fim_semana)[0m
2026-07-19 17:25:31 [INFO] 
2026-07-19 17:25:31 [INFO]   🔵 [94m[1mPT0002000077394934QY[0m  [2m[Cluster 0][0m
2026-07-19 17:25:31 [INFO]      consumiu MENOS que o habitual às 07h
2026-07-19 17:25:31 [INFO]      [2mReal:[0m 50.0 kWh   [2mHabitual:[0m 67.0 ± 6.7 kWh   [2mz:[0m -2.54   [2mdesvio:[0m -25%   [2m(2 obs. fim_semana)[0m
2026-07-19 17:25:31 [INFO] 
2026-07-19 17:25:31 [INFO]   🔵 [94m[1mPT0002000079469719HF[0m  [2m[sem cluster][0m
2026-07-19 17:25:31 [INFO]      consumiu MENOS que o habitual às 20h
2026-07-19 17:25:31 [INFO]      [2mReal:[0m 125.0 kWh   [2mHabitual:[0m 167.5 ± 16.8 kWh   [2mz:[0m -2.54   [2mdesvio:[0m -25%   [2m(2 obs. fim_semana)[0m
2026-07-19 17:25:31 [INFO] 
2026-07-19 17:25:31 [INFO]   🔵 [94m[1mPT0002000107172384HT[0m  [2m[Cluster 1][0m
2026-07-19 17:25:31 [INFO]      consumiu MENOS que o habitual às 11h
2026-07-19 17:25:31 [INFO]      [2mReal:[0m 22.0 kWh   [2mHabitual:[0m 29.5 ± 3.0 kWh   [2mz:[0m -2.54   [2mdesvio:[0m -25%   [2m(2 obs. fim_semana)[0m
2026-07-19 17:25:31 [INFO] 
2026-07-19 17:25:31 [INFO]   🔴 [91m[1mPT0002000201936109ME[0m  [2m[Cluster 0][0m
2026-07-19 17:25:31 [INFO]      consumiu MAIS que o habitual às 17h
2026-07-19 17:25:31 [INFO]      [2mReal:[0m 122.0 kWh   [2mHabitual:[0m 30.5 ± 36.1 kWh   [2mz:[0m +2.54   [2mdesvio:[0m +300%   [2m(2 obs. fim_semana)[0m
2026-07-19 17:25:31 [INFO] 
2026-07-19 17:25:31 [INFO]   🔵 [94m[1mPT0002000078140706BA[0m  [2m[sem cluster][0m
2026-07-19 17:25:31 [INFO]      consumiu MENOS que o habitual às 08h
2026-07-19 17:25:31 [INFO]      [2mReal:[0m 7.0 kWh   [2mHabitual:[0m 168.0 ± 63.6 kWh   [2mz:[0m -2.53   [2mdesvio:[0m -96%   [2m(2 obs. fim_semana)[0m
2026-07-19 17:25:31 [INFO] 
2026-07-19 17:25:31 [INFO]   [2mCSV:[0m /home/runner/work/ts-anomaly-detection-dissertation/ts-anomaly-detection-dissertation/results/energia/realtime/alerts/analise_energia_2026-07-18.csv
2026-07-19 17:25:31 [INFO] 
2026-07-19 17:25:31 [INFO] [96m→ A prever consumo de 2026-07-19 para 276 CPEs...[0m
2026-07-19 17:25:36 [INFO] [1m══════════════════════════════════════════════════════════════════════[0m
2026-07-19 17:25:36 [INFO] [1m  PREDIÇÃO — 2026-07-19 [0m[2m(fim semana)[0m
2026-07-19 17:25:36 [INFO] [1m══════════════════════════════════════════════════════════════════════[0m
2026-07-19 17:25:36 [INFO]   [95m● CPEs previstos[0m          69 [2m(alta: 0, baixa: 1656)[0m
2026-07-19 17:25:36 [INFO]   [95m● Consumo total previsto[0m 99949.3 kWh [2m(±22871.6)[0m
2026-07-19 17:25:36 [INFO] 
2026-07-19 17:25:36 [INFO]   [2mPrevisão guardada:[0m /home/runner/work/ts-anomaly-detection-dissertation/ts-anomaly-detection-dissertation/results/energia/realtime/predictions/previsao_energia_2026-07-19.csv
2026-07-19 17:25:36 [INFO] 
2026-07-19 17:25:36 [INFO] [1m══════════════════════════════════════════════════════════════════════[0m
2026-07-19 17:25:36 [INFO] [1m  VALIDAÇÃO — qualidade das previsões anteriores[0m
2026-07-19 17:25:36 [INFO] [1m══════════════════════════════════════════════════════════════════════[0m
2026-07-19 17:25:36 [INFO]   [2mDias validados:[0m 4   [2mpendentes:[0m 34
2026-07-19 17:25:36 [INFO]   [2mÚltimo (2026-07-18):[0m MAE 17.70 kWh   RMSE 41.42   em ±1σ 48% [2m(esperado ~68%)[0m   em ±2σ 66% [2m(esperado ~95%)[0m
2026-07-19 17:25:36 [INFO]   [2mMédia acumulada:[0m MAE 13.24 kWh   RMSE 35.72   em ±1σ 62%   em ±2σ 80%
2026-07-19 17:25:36 [INFO]   [2mCSV:[0m /home/runner/work/ts-anomaly-detection-dissertation/ts-anomaly-detection-dissertation/results/energia/realtime/analysis/qualidade_previsoes_energia.csv
2026-07-19 17:25:36 [INFO] 
