2026-07-07 15:01:07 [INFO] [96m→ A pedir dados ao BaZe (276 CPEs)...[0m
2026-07-07 15:13:16 [INFO] 
2026-07-07 15:13:16 [INFO] [1m══════════════════════════════════════════════════════════════════════[0m
2026-07-07 15:13:16 [INFO] [1m  DETEÇÃO DE ANOMALIAS — 2026-07-06[0m
2026-07-07 15:13:16 [INFO] [1m══════════════════════════════════════════════════════════════════════[0m
2026-07-07 15:13:16 [INFO]   [2mTipo de dia:[0m  dia util
2026-07-07 15:13:16 [INFO]   [2mFonte:[0m        BAZE
2026-07-07 15:13:16 [INFO]   [2mCPEs c/ dados:[0m 69
2026-07-07 15:13:16 [INFO]   [2mThreshold:[0m    |z| > 2.0 [2m(adaptativo a este tipo de dia)[0m
2026-07-07 15:13:16 [INFO] 
2026-07-07 15:13:16 [INFO] [96m→ A analisar 69 CPEs / 1656 pontos horários (retrospetiva)...[0m
2026-07-07 15:13:18 [INFO] [1m─── Resumo ─────────────────────────────────────[0m
2026-07-07 15:13:18 [INFO]   [92m● Normal[0m                1045 [2m( 63.1%)[0m
2026-07-07 15:13:18 [INFO]   [91m● Desvio (alta confiança)[0m    0 [2m(  0.0%)[0m
2026-07-07 15:13:18 [INFO]   [93m● Desvio (baixa confiança)[0m 611 [2m( 36.9%)[0m
2026-07-07 15:13:18 [INFO]   [2mTempo: 731.3s[0m
2026-07-07 15:13:18 [INFO] 
2026-07-07 15:13:18 [INFO] [1m[93m─── Desvios de BAIXA confiança (611) ──────────────[0m
2026-07-07 15:13:18 [INFO]   [2m(poucos dados históricos — verificar manualmente)[0m
2026-07-07 15:13:18 [INFO] 
2026-07-07 15:13:18 [INFO]   🔴 [91m[1mPT0002000033074862LZ[0m  [2m[Cluster 0][0m
2026-07-07 15:13:18 [INFO]      consumiu MAIS que o habitual às 07h
2026-07-07 15:13:18 [INFO]      [2mReal:[0m 31.0 kWh   [2mHabitual:[0m 12.5 ± 1.2 kWh   [2mz:[0m +10.00⁺   [2mdesvio:[0m +148%   [2m(2 obs. dia_util)[0m
2026-07-07 15:13:18 [INFO] 
2026-07-07 15:13:18 [INFO]   🔴 [91m[1mPT0002000033074862LZ[0m  [2m[Cluster 0][0m
2026-07-07 15:13:18 [INFO]      consumiu MAIS que o habitual às 08h
2026-07-07 15:13:18 [INFO]      [2mReal:[0m 42.0 kWh   [2mHabitual:[0m 11.0 ± 1.1 kWh   [2mz:[0m +10.00⁺   [2mdesvio:[0m +282%   [2m(2 obs. dia_util)[0m
2026-07-07 15:13:18 [INFO] 
2026-07-07 15:13:18 [INFO]   🔴 [91m[1mPT0002000033074862LZ[0m  [2m[Cluster 0][0m
2026-07-07 15:13:18 [INFO]      consumiu MAIS que o habitual às 09h
2026-07-07 15:13:18 [INFO]      [2mReal:[0m 44.0 kWh   [2mHabitual:[0m 10.0 ± 1.0 kWh   [2mz:[0m +10.00⁺   [2mdesvio:[0m +340%   [2m(2 obs. dia_util)[0m
2026-07-07 15:13:18 [INFO] 
2026-07-07 15:13:18 [INFO]   🔴 [91m[1mPT0002000033074862LZ[0m  [2m[Cluster 0][0m
2026-07-07 15:13:18 [INFO]      consumiu MAIS que o habitual às 10h
2026-07-07 15:13:18 [INFO]      [2mReal:[0m 48.0 kWh   [2mHabitual:[0m 10.5 ± 1.1 kWh   [2mz:[0m +10.00⁺   [2mdesvio:[0m +357%   [2m(2 obs. dia_util)[0m
2026-07-07 15:13:18 [INFO] 
2026-07-07 15:13:18 [INFO]   🔴 [91m[1mPT0002000033074862LZ[0m  [2m[Cluster 0][0m
2026-07-07 15:13:18 [INFO]      consumiu MAIS que o habitual às 11h
2026-07-07 15:13:18 [INFO]      [2mReal:[0m 49.0 kWh   [2mHabitual:[0m 10.0 ± 1.0 kWh   [2mz:[0m +10.00⁺   [2mdesvio:[0m +390%   [2m(2 obs. dia_util)[0m
2026-07-07 15:13:18 [INFO] 
2026-07-07 15:13:18 [INFO]   🔴 [91m[1mPT0002000033074862LZ[0m  [2m[Cluster 0][0m
2026-07-07 15:13:18 [INFO]      consumiu MAIS que o habitual às 12h
2026-07-07 15:13:18 [INFO]      [2mReal:[0m 57.0 kWh   [2mHabitual:[0m 10.0 ± 1.0 kWh   [2mz:[0m +10.00⁺   [2mdesvio:[0m +470%   [2m(2 obs. dia_util)[0m
2026-07-07 15:13:18 [INFO] 
2026-07-07 15:13:18 [INFO]   🔴 [91m[1mPT0002000033074862LZ[0m  [2m[Cluster 0][0m
2026-07-07 15:13:18 [INFO]      consumiu MAIS que o habitual às 13h
2026-07-07 15:13:18 [INFO]      [2mReal:[0m 50.0 kWh   [2mHabitual:[0m 10.0 ± 1.0 kWh   [2mz:[0m +10.00⁺   [2mdesvio:[0m +400%   [2m(2 obs. dia_util)[0m
2026-07-07 15:13:18 [INFO] 
2026-07-07 15:13:18 [INFO]   🔴 [91m[1mPT0002000033074862LZ[0m  [2m[Cluster 0][0m
2026-07-07 15:13:18 [INFO]      consumiu MAIS que o habitual às 14h
2026-07-07 15:13:18 [INFO]      [2mReal:[0m 34.0 kWh   [2mHabitual:[0m 10.0 ± 1.0 kWh   [2mz:[0m +10.00⁺   [2mdesvio:[0m +240%   [2m(2 obs. dia_util)[0m
2026-07-07 15:13:18 [INFO] 
2026-07-07 15:13:18 [INFO]   🔴 [91m[1mPT0002000033074862LZ[0m  [2m[Cluster 0][0m
2026-07-07 15:13:18 [INFO]      consumiu MAIS que o habitual às 15h
2026-07-07 15:13:18 [INFO]      [2mReal:[0m 26.0 kWh   [2mHabitual:[0m 10.5 ± 1.1 kWh   [2mz:[0m +10.00⁺   [2mdesvio:[0m +148%   [2m(2 obs. dia_util)[0m
2026-07-07 15:13:18 [INFO] 
2026-07-07 15:13:18 [INFO]   🔴 [91m[1mPT0002000033074862LZ[0m  [2m[Cluster 0][0m
2026-07-07 15:13:18 [INFO]      consumiu MAIS que o habitual às 16h
2026-07-07 15:13:18 [INFO]      [2mReal:[0m 22.0 kWh   [2mHabitual:[0m 10.5 ± 1.1 kWh   [2mz:[0m +10.00⁺   [2mdesvio:[0m +110%   [2m(2 obs. dia_util)[0m
2026-07-07 15:13:18 [INFO] 
2026-07-07 15:13:18 [INFO]   🔴 [91m[1mPT0002000033074862LZ[0m  [2m[Cluster 0][0m
2026-07-07 15:13:18 [INFO]      consumiu MAIS que o habitual às 17h
2026-07-07 15:13:18 [INFO]      [2mReal:[0m 25.0 kWh   [2mHabitual:[0m 12.0 ± 1.2 kWh   [2mz:[0m +10.00⁺   [2mdesvio:[0m +108%   [2m(2 obs. dia_util)[0m
2026-07-07 15:13:18 [INFO] 
2026-07-07 15:13:18 [INFO]   🔴 [91m[1mPT0002000068856655YV[0m  [2m[Cluster 0][0m
2026-07-07 15:13:18 [INFO]      consumiu MAIS que o habitual às 08h
2026-07-07 15:13:18 [INFO]      [2mReal:[0m 5.0 kWh   [2mHabitual:[0m 2.0 ± 0.3 kWh   [2mz:[0m +10.00   [2mdesvio:[0m +150%   [2m(2 obs. dia_util)[0m
2026-07-07 15:13:18 [INFO] 
2026-07-07 15:13:18 [INFO]   🔴 [91m[1mPT0002000068856655YV[0m  [2m[Cluster 0][0m
2026-07-07 15:13:18 [INFO]      consumiu MAIS que o habitual às 09h
2026-07-07 15:13:18 [INFO]      [2mReal:[0m 10.0 kWh   [2mHabitual:[0m 2.0 ± 0.3 kWh   [2mz:[0m +10.00⁺   [2mdesvio:[0m +400%   [2m(2 obs. dia_util)[0m
2026-07-07 15:13:18 [INFO] 
2026-07-07 15:13:18 [INFO]   🔴 [91m[1mPT0002000068856655YV[0m  [2m[Cluster 0][0m
2026-07-07 15:13:18 [INFO]      consumiu MAIS que o habitual às 10h
2026-07-07 15:13:18 [INFO]      [2mReal:[0m 12.0 kWh   [2mHabitual:[0m 2.0 ± 0.3 kWh   [2mz:[0m +10.00⁺   [2mdesvio:[0m +500%   [2m(2 obs. dia_util)[0m
2026-07-07 15:13:18 [INFO] 
2026-07-07 15:13:18 [INFO]   🔴 [91m[1mPT0002000068856655YV[0m  [2m[Cluster 0][0m
2026-07-07 15:13:18 [INFO]      consumiu MAIS que o habitual às 11h
2026-07-07 15:13:18 [INFO]      [2mReal:[0m 12.0 kWh   [2mHabitual:[0m 1.0 ± 0.3 kWh   [2mz:[0m +10.00⁺   [2mdesvio:[0m +1100%   [2m(2 obs. dia_util)[0m
2026-07-07 15:13:18 [INFO] 
2026-07-07 15:13:18 [INFO]   🔴 [91m[1mPT0002000068856655YV[0m  [2m[Cluster 0][0m
2026-07-07 15:13:18 [INFO]      consumiu MAIS que o habitual às 12h
2026-07-07 15:13:18 [INFO]      [2mReal:[0m 11.0 kWh   [2mHabitual:[0m 2.0 ± 0.3 kWh   [2mz:[0m +10.00⁺   [2mdesvio:[0m +450%   [2m(2 obs. dia_util)[0m
2026-07-07 15:13:18 [INFO] 
2026-07-07 15:13:18 [INFO]   🔴 [91m[1mPT0002000068856655YV[0m  [2m[Cluster 0][0m
2026-07-07 15:13:18 [INFO]      consumiu MAIS que o habitual às 13h
2026-07-07 15:13:18 [INFO]      [2mReal:[0m 9.0 kWh   [2mHabitual:[0m 2.0 ± 0.3 kWh   [2mz:[0m +10.00⁺   [2mdesvio:[0m +350%   [2m(2 obs. dia_util)[0m
2026-07-07 15:13:18 [INFO] 
2026-07-07 15:13:18 [INFO]   🔴 [91m[1mPT0002000068856655YV[0m  [2m[Cluster 0][0m
2026-07-07 15:13:18 [INFO]      consumiu MAIS que o habitual às 14h
2026-07-07 15:13:18 [INFO]      [2mReal:[0m 9.0 kWh   [2mHabitual:[0m 2.0 ± 0.3 kWh   [2mz:[0m +10.00⁺   [2mdesvio:[0m +350%   [2m(2 obs. dia_util)[0m
2026-07-07 15:13:18 [INFO] 
2026-07-07 15:13:18 [INFO]   🔴 [91m[1mPT0002000068856655YV[0m  [2m[Cluster 0][0m
2026-07-07 15:13:18 [INFO]      consumiu MAIS que o habitual às 15h
2026-07-07 15:13:18 [INFO]      [2mReal:[0m 9.0 kWh   [2mHabitual:[0m 2.0 ± 0.3 kWh   [2mz:[0m +10.00⁺   [2mdesvio:[0m +350%   [2m(2 obs. dia_util)[0m
2026-07-07 15:13:18 [INFO] 
2026-07-07 15:13:18 [INFO]   🔴 [91m[1mPT0002000068856655YV[0m  [2m[Cluster 0][0m
2026-07-07 15:13:18 [INFO]      consumiu MAIS que o habitual às 17h
2026-07-07 15:13:18 [INFO]      [2mReal:[0m 9.0 kWh   [2mHabitual:[0m 2.0 ± 0.3 kWh   [2mz:[0m +10.00⁺   [2mdesvio:[0m +350%   [2m(2 obs. dia_util)[0m
2026-07-07 15:13:18 [INFO] 
2026-07-07 15:13:18 [INFO]   🔴 [91m[1mPT0002000068856655YV[0m  [2m[Cluster 0][0m
2026-07-07 15:13:18 [INFO]      consumiu MAIS que o habitual às 18h
2026-07-07 15:13:18 [INFO]      [2mReal:[0m 5.0 kWh   [2mHabitual:[0m 2.0 ± 0.3 kWh   [2mz:[0m +10.00   [2mdesvio:[0m +150%   [2m(2 obs. dia_util)[0m
2026-07-07 15:13:18 [INFO] 
2026-07-07 15:13:18 [INFO]   🔴 [91m[1mPT0002000068856655YV[0m  [2m[Cluster 0][0m
2026-07-07 15:13:18 [INFO]      consumiu MAIS que o habitual às 19h
2026-07-07 15:13:18 [INFO]      [2mReal:[0m 5.0 kWh   [2mHabitual:[0m 2.0 ± 0.3 kWh   [2mz:[0m +10.00   [2mdesvio:[0m +150%   [2m(2 obs. dia_util)[0m
2026-07-07 15:13:18 [INFO] 
2026-07-07 15:13:18 [INFO]   🔵 [94m[1mPT0002000068856872QG[0m  [2m[Cluster 1][0m
2026-07-07 15:13:18 [INFO]      consumiu MENOS que o habitual às 15h
2026-07-07 15:13:18 [INFO]      [2mReal:[0m 0.0 kWh   [2mHabitual:[0m 4.0 ± 0.4 kWh   [2mz:[0m -10.00   [2mdesvio:[0m -100%   [2m(2 obs. dia_util)[0m
2026-07-07 15:13:18 [INFO] 
2026-07-07 15:13:18 [INFO]   🔴 [91m[1mPT0002000068856872QG[0m  [2m[Cluster 1][0m
2026-07-07 15:13:18 [INFO]      consumiu MAIS que o habitual às 19h
2026-07-07 15:13:18 [INFO]      [2mReal:[0m 3.0 kWh   [2mHabitual:[0m 0.0 ± 0.3 kWh   [2mz:[0m +10.00   [2mdesvio:[0m +300000%   [2m(2 obs. dia_util)[0m
2026-07-07 15:13:18 [INFO] 
2026-07-07 15:13:18 [INFO]   🔴 [91m[1mPT0002000068856952LS[0m  [2m[Cluster 2][0m
2026-07-07 15:13:18 [INFO]      consumiu MAIS que o habitual às 17h
2026-07-07 15:13:18 [INFO]      [2mReal:[0m 4.0 kWh   [2mHabitual:[0m 0.0 ± 0.3 kWh   [2mz:[0m +10.00⁺   [2mdesvio:[0m +400000%   [2m(2 obs. dia_util)[0m
2026-07-07 15:13:18 [INFO] 
2026-07-07 15:13:18 [INFO]   🔴 [91m[1mPT0002000068856952LS[0m  [2m[Cluster 2][0m
2026-07-07 15:13:18 [INFO]      consumiu MAIS que o habitual às 18h
2026-07-07 15:13:18 [INFO]      [2mReal:[0m 4.0 kWh   [2mHabitual:[0m 0.0 ± 0.3 kWh   [2mz:[0m +10.00⁺   [2mdesvio:[0m +400000%   [2m(2 obs. dia_util)[0m
2026-07-07 15:13:18 [INFO] 
2026-07-07 15:13:18 [INFO]   🔴 [91m[1mPT0002000068856952LS[0m  [2m[Cluster 2][0m
2026-07-07 15:13:18 [INFO]      consumiu MAIS que o habitual às 19h
2026-07-07 15:13:18 [INFO]      [2mReal:[0m 4.0 kWh   [2mHabitual:[0m 0.0 ± 0.3 kWh   [2mz:[0m +10.00⁺   [2mdesvio:[0m +400000%   [2m(2 obs. dia_util)[0m
2026-07-07 15:13:18 [INFO] 
2026-07-07 15:13:18 [INFO]   🔴 [91m[1mPT0002000068856952LS[0m  [2m[Cluster 2][0m
2026-07-07 15:13:18 [INFO]      consumiu MAIS que o habitual às 20h
2026-07-07 15:13:18 [INFO]      [2mReal:[0m 4.0 kWh   [2mHabitual:[0m 0.0 ± 0.3 kWh   [2mz:[0m +10.00⁺   [2mdesvio:[0m +400000%   [2m(2 obs. dia_util)[0m
2026-07-07 15:13:18 [INFO] 
2026-07-07 15:13:18 [INFO]   🔴 [91m[1mPT0002000068856952LS[0m  [2m[Cluster 2][0m
2026-07-07 15:13:18 [INFO]      consumiu MAIS que o habitual às 22h
2026-07-07 15:13:18 [INFO]      [2mReal:[0m 3.0 kWh   [2mHabitual:[0m 0.0 ± 0.3 kWh   [2mz:[0m +10.00   [2mdesvio:[0m +300000%   [2m(3 obs. dia_util)[0m
2026-07-07 15:13:18 [INFO] 
2026-07-07 15:13:18 [INFO]   🔴 [91m[1mPT0002000068856952LS[0m  [2m[Cluster 2][0m
2026-07-07 15:13:18 [INFO]      consumiu MAIS que o habitual às 23h
2026-07-07 15:13:18 [INFO]      [2mReal:[0m 4.0 kWh   [2mHabitual:[0m 0.0 ± 0.3 kWh   [2mz:[0m +10.00⁺   [2mdesvio:[0m +400000%   [2m(3 obs. dia_util)[0m
2026-07-07 15:13:18 [INFO] 
2026-07-07 15:13:18 [INFO]   🔴 [91m[1mPT0002000068856974CZ[0m  [2m[sem cluster][0m
2026-07-07 15:13:18 [INFO]      consumiu MAIS que o habitual às 08h
2026-07-07 15:13:18 [INFO]      [2mReal:[0m 48.0 kWh   [2mHabitual:[0m 12.5 ± 1.2 kWh   [2mz:[0m +10.00⁺   [2mdesvio:[0m +284%   [2m(2 obs. dia_util)[0m
2026-07-07 15:13:18 [INFO] 
2026-07-07 15:13:18 [INFO]   🔴 [91m[1mPT0002000068856974CZ[0m  [2m[sem cluster][0m
2026-07-07 15:13:18 [INFO]      consumiu MAIS que o habitual às 09h
2026-07-07 15:13:18 [INFO]      [2mReal:[0m 70.0 kWh   [2mHabitual:[0m 11.0 ± 1.1 kWh   [2mz:[0m +10.00⁺   [2mdesvio:[0m +536%   [2m(2 obs. dia_util)[0m
2026-07-07 15:13:18 [INFO] 
2026-07-07 15:13:18 [INFO]   🔴 [91m[1mPT0002000068856974CZ[0m  [2m[sem cluster][0m
2026-07-07 15:13:18 [INFO]      consumiu MAIS que o habitual às 10h
2026-07-07 15:13:18 [INFO]      [2mReal:[0m 69.0 kWh   [2mHabitual:[0m 12.5 ± 1.2 kWh   [2mz:[0m +10.00⁺   [2mdesvio:[0m +452%   [2m(2 obs. dia_util)[0m
2026-07-07 15:13:18 [INFO] 
2026-07-07 15:13:18 [INFO]   🔴 [91m[1mPT0002000068856974CZ[0m  [2m[sem cluster][0m
2026-07-07 15:13:18 [INFO]      consumiu MAIS que o habitual às 11h
2026-07-07 15:13:18 [INFO]      [2mReal:[0m 64.0 kWh   [2mHabitual:[0m 12.5 ± 1.2 kWh   [2mz:[0m +10.00⁺   [2mdesvio:[0m +412%   [2m(2 obs. dia_util)[0m
2026-07-07 15:13:18 [INFO] 
2026-07-07 15:13:18 [INFO]   🔴 [91m[1mPT0002000068856974CZ[0m  [2m[sem cluster][0m
2026-07-07 15:13:18 [INFO]      consumiu MAIS que o habitual às 12h
2026-07-07 15:13:18 [INFO]      [2mReal:[0m 68.0 kWh   [2mHabitual:[0m 12.5 ± 1.2 kWh   [2mz:[0m +10.00⁺   [2mdesvio:[0m +444%   [2m(2 obs. dia_util)[0m
2026-07-07 15:13:18 [INFO] 
2026-07-07 15:13:18 [INFO]   🔴 [91m[1mPT0002000068856974CZ[0m  [2m[sem cluster][0m
2026-07-07 15:13:18 [INFO]      consumiu MAIS que o habitual às 13h
2026-07-07 15:13:18 [INFO]      [2mReal:[0m 80.0 kWh   [2mHabitual:[0m 19.0 ± 5.7 kWh   [2mz:[0m +10.00⁺   [2mdesvio:[0m +321%   [2m(2 obs. dia_util)[0m
2026-07-07 15:13:18 [INFO] 
2026-07-07 15:13:18 [INFO]   🔴 [91m[1mPT0002000068856974CZ[0m  [2m[sem cluster][0m
2026-07-07 15:13:18 [INFO]      consumiu MAIS que o habitual às 14h
2026-07-07 15:13:18 [INFO]      [2mReal:[0m 85.0 kWh   [2mHabitual:[0m 39.5 ± 4.0 kWh   [2mz:[0m +10.00⁺   [2mdesvio:[0m +115%   [2m(2 obs. dia_util)[0m
2026-07-07 15:13:18 [INFO] 
2026-07-07 15:13:18 [INFO]   🔴 [91m[1mPT0002000068858231YY[0m  [2m[sem cluster][0m
2026-07-07 15:13:18 [INFO]      consumiu MAIS que o habitual às 07h
2026-07-07 15:13:18 [INFO]      [2mReal:[0m 52.0 kWh   [2mHabitual:[0m 24.0 ± 2.4 kWh   [2mz:[0m +10.00⁺   [2mdesvio:[0m +117%   [2m(2 obs. dia_util)[0m
2026-07-07 15:13:18 [INFO] 
2026-07-07 15:13:18 [INFO]   🔴 [91m[1mPT0002000068858231YY[0m  [2m[sem cluster][0m
2026-07-07 15:13:18 [INFO]      consumiu MAIS que o habitual às 08h
2026-07-07 15:13:18 [INFO]      [2mReal:[0m 140.0 kWh   [2mHabitual:[0m 23.5 ± 2.4 kWh   [2mz:[0m +10.00⁺   [2mdesvio:[0m +496%   [2m(2 obs. dia_util)[0m
2026-07-07 15:13:18 [INFO] 
2026-07-07 15:13:18 [INFO]   🔴 [91m[1mPT0002000068858231YY[0m  [2m[sem cluster][0m
2026-07-07 15:13:18 [INFO]      consumiu MAIS que o habitual às 09h
2026-07-07 15:13:18 [INFO]      [2mReal:[0m 161.0 kWh   [2mHabitual:[0m 24.0 ± 2.4 kWh   [2mz:[0m +10.00⁺   [2mdesvio:[0m +571%   [2m(2 obs. dia_util)[0m
2026-07-07 15:13:18 [INFO] 
2026-07-07 15:13:18 [INFO]   🔴 [91m[1mPT0002000068858231YY[0m  [2m[sem cluster][0m
2026-07-07 15:13:18 [INFO]      consumiu MAIS que o habitual às 10h
2026-07-07 15:13:18 [INFO]      [2mReal:[0m 167.0 kWh   [2mHabitual:[0m 24.5 ± 2.5 kWh   [2mz:[0m +10.00⁺   [2mdesvio:[0m +582%   [2m(2 obs. dia_util)[0m
2026-07-07 15:13:18 [INFO] 
2026-07-07 15:13:18 [INFO]   🔴 [91m[1mPT0002000068858231YY[0m  [2m[sem cluster][0m
2026-07-07 15:13:18 [INFO]      consumiu MAIS que o habitual às 11h
2026-07-07 15:13:18 [INFO]      [2mReal:[0m 175.0 kWh   [2mHabitual:[0m 24.0 ± 2.4 kWh   [2mz:[0m +10.00⁺   [2mdesvio:[0m +629%   [2m(2 obs. dia_util)[0m
2026-07-07 15:13:18 [INFO] 
2026-07-07 15:13:18 [INFO]   🔴 [91m[1mPT0002000068858231YY[0m  [2m[sem cluster][0m
2026-07-07 15:13:18 [INFO]      consumiu MAIS que o habitual às 12h
2026-07-07 15:13:18 [INFO]      [2mReal:[0m 165.0 kWh   [2mHabitual:[0m 23.5 ± 2.4 kWh   [2mz:[0m +10.00⁺   [2mdesvio:[0m +602%   [2m(2 obs. dia_util)[0m
2026-07-07 15:13:18 [INFO] 
2026-07-07 15:13:18 [INFO]   🔴 [91m[1mPT0002000068858231YY[0m  [2m[sem cluster][0m
2026-07-07 15:13:18 [INFO]      consumiu MAIS que o habitual às 13h
2026-07-07 15:13:18 [INFO]      [2mReal:[0m 140.0 kWh   [2mHabitual:[0m 23.5 ± 2.4 kWh   [2mz:[0m +10.00⁺   [2mdesvio:[0m +496%   [2m(2 obs. dia_util)[0m
2026-07-07 15:13:18 [INFO] 
2026-07-07 15:13:18 [INFO]   🔴 [91m[1mPT0002000068858231YY[0m  [2m[sem cluster][0m
2026-07-07 15:13:18 [INFO]      consumiu MAIS que o habitual às 14h
2026-07-07 15:13:18 [INFO]      [2mReal:[0m 121.0 kWh   [2mHabitual:[0m 24.0 ± 2.4 kWh   [2mz:[0m +10.00⁺   [2mdesvio:[0m +404%   [2m(2 obs. dia_util)[0m
2026-07-07 15:13:18 [INFO] 
2026-07-07 15:13:18 [INFO]   🔴 [91m[1mPT0002000068858231YY[0m  [2m[sem cluster][0m
2026-07-07 15:13:18 [INFO]      consumiu MAIS que o habitual às 15h
2026-07-07 15:13:18 [INFO]      [2mReal:[0m 112.0 kWh   [2mHabitual:[0m 25.5 ± 2.5 kWh   [2mz:[0m +10.00⁺   [2mdesvio:[0m +339%   [2m(2 obs. dia_util)[0m
2026-07-07 15:13:18 [INFO] 
2026-07-07 15:13:18 [INFO]   🔴 [91m[1mPT0002000068858231YY[0m  [2m[sem cluster][0m
2026-07-07 15:13:18 [INFO]      consumiu MAIS que o habitual às 16h
2026-07-07 15:13:18 [INFO]      [2mReal:[0m 101.0 kWh   [2mHabitual:[0m 26.5 ± 3.5 kWh   [2mz:[0m +10.00⁺   [2mdesvio:[0m +281%   [2m(2 obs. dia_util)[0m
2026-07-07 15:13:18 [INFO] 
2026-07-07 15:13:18 [INFO]   🔴 [91m[1mPT0002000068858231YY[0m  [2m[sem cluster][0m
2026-07-07 15:13:18 [INFO]      consumiu MAIS que o habitual às 17h
2026-07-07 15:13:18 [INFO]      [2mReal:[0m 77.0 kWh   [2mHabitual:[0m 29.5 ± 3.0 kWh   [2mz:[0m +10.00⁺   [2mdesvio:[0m +161%   [2m(2 obs. dia_util)[0m
2026-07-07 15:13:18 [INFO] 
2026-07-07 15:13:18 [INFO]   🔴 [91m[1mPT0002000068859187RL[0m  [2m[Cluster 0][0m
2026-07-07 15:13:18 [INFO]      consumiu MAIS que o habitual às 00h
2026-07-07 15:13:18 [INFO]      [2mReal:[0m 30.0 kWh   [2mHabitual:[0m 12.5 ± 1.2 kWh   [2mz:[0m +10.00⁺   [2mdesvio:[0m +140%   [2m(2 obs. dia_util)[0m
2026-07-07 15:13:18 [INFO] 
2026-07-07 15:13:18 [INFO]   🔴 [91m[1mPT0002000068859187RL[0m  [2m[Cluster 0][0m
2026-07-07 15:13:18 [INFO]      consumiu MAIS que o habitual às 01h
2026-07-07 15:13:18 [INFO]      [2mReal:[0m 38.0 kWh   [2mHabitual:[0m 12.0 ± 1.2 kWh   [2mz:[0m +10.00⁺   [2mdesvio:[0m +217%   [2m(2 obs. dia_util)[0m
2026-07-07 15:13:18 [INFO] 
2026-07-07 15:13:18 [INFO]   🔴 [91m[1mPT0002000068859187RL[0m  [2m[Cluster 0][0m
2026-07-07 15:13:18 [INFO]      consumiu MAIS que o habitual às 02h
2026-07-07 15:13:18 [INFO]      [2mReal:[0m 36.0 kWh   [2mHabitual:[0m 12.0 ± 1.2 kWh   [2mz:[0m +10.00⁺   [2mdesvio:[0m +200%   [2m(2 obs. dia_util)[0m
2026-07-07 15:13:18 [INFO] 
2026-07-07 15:13:18 [INFO]   🔴 [91m[1mPT0002000068859187RL[0m  [2m[Cluster 0][0m
2026-07-07 15:13:18 [INFO]      consumiu MAIS que o habitual às 03h
2026-07-07 15:13:18 [INFO]      [2mReal:[0m 28.0 kWh   [2mHabitual:[0m 12.0 ± 1.2 kWh   [2mz:[0m +10.00⁺   [2mdesvio:[0m +133%   [2m(2 obs. dia_util)[0m
2026-07-07 15:13:18 [INFO] 
2026-07-07 15:13:18 [INFO]   🔴 [91m[1mPT0002000068859187RL[0m  [2m[Cluster 0][0m
2026-07-07 15:13:18 [INFO]      consumiu MAIS que o habitual às 04h
2026-07-07 15:13:18 [INFO]      [2mReal:[0m 28.0 kWh   [2mHabitual:[0m 12.0 ± 1.2 kWh   [2mz:[0m +10.00⁺   [2mdesvio:[0m +133%   [2m(2 obs. dia_util)[0m
2026-07-07 15:13:18 [INFO] 
2026-07-07 15:13:18 [INFO]   🔴 [91m[1mPT0002000068859187RL[0m  [2m[Cluster 0][0m
2026-07-07 15:13:18 [INFO]      consumiu MAIS que o habitual às 05h
2026-07-07 15:13:18 [INFO]      [2mReal:[0m 28.0 kWh   [2mHabitual:[0m 12.0 ± 1.2 kWh   [2mz:[0m +10.00⁺   [2mdesvio:[0m +133%   [2m(2 obs. dia_util)[0m
2026-07-07 15:13:18 [INFO] 
2026-07-07 15:13:18 [INFO]   🔴 [91m[1mPT0002000068859187RL[0m  [2m[Cluster 0][0m
2026-07-07 15:13:18 [INFO]      consumiu MAIS que o habitual às 06h
2026-07-07 15:13:18 [INFO]      [2mReal:[0m 27.0 kWh   [2mHabitual:[0m 12.0 ± 1.2 kWh   [2mz:[0m +10.00⁺   [2mdesvio:[0m +125%   [2m(2 obs. dia_util)[0m
2026-07-07 15:13:18 [INFO] 
2026-07-07 15:13:18 [INFO]   🔴 [91m[1mPT0002000068859187RL[0m  [2m[Cluster 0][0m
2026-07-07 15:13:18 [INFO]      consumiu MAIS que o habitual às 07h
2026-07-07 15:13:18 [INFO]      [2mReal:[0m 33.0 kWh   [2mHabitual:[0m 12.0 ± 1.2 kWh   [2mz:[0m +10.00⁺   [2mdesvio:[0m +175%   [2m(2 obs. dia_util)[0m
2026-07-07 15:13:18 [INFO] 
2026-07-07 15:13:18 [INFO]   🔴 [91m[1mPT0002000068859187RL[0m  [2m[Cluster 0][0m
2026-07-07 15:13:18 [INFO]      consumiu MAIS que o habitual às 08h
2026-07-07 15:13:18 [INFO]      [2mReal:[0m 56.0 kWh   [2mHabitual:[0m 12.0 ± 1.2 kWh   [2mz:[0m +10.00⁺   [2mdesvio:[0m +367%   [2m(2 obs. dia_util)[0m
2026-07-07 15:13:18 [INFO] 
2026-07-07 15:13:18 [INFO]   🔴 [91m[1mPT0002000068859187RL[0m  [2m[Cluster 0][0m
2026-07-07 15:13:18 [INFO]      consumiu MAIS que o habitual às 09h
2026-07-07 15:13:18 [INFO]      [2mReal:[0m 69.0 kWh   [2mHabitual:[0m 12.0 ± 1.2 kWh   [2mz:[0m +10.00⁺   [2mdesvio:[0m +475%   [2m(2 obs. dia_util)[0m
2026-07-07 15:13:18 [INFO] 
2026-07-07 15:13:18 [INFO]   🔴 [91m[1mPT0002000068859187RL[0m  [2m[Cluster 0][0m
2026-07-07 15:13:18 [INFO]      consumiu MAIS que o habitual às 10h
2026-07-07 15:13:18 [INFO]      [2mReal:[0m 82.0 kWh   [2mHabitual:[0m 12.0 ± 1.2 kWh   [2mz:[0m +10.00⁺   [2mdesvio:[0m +583%   [2m(2 obs. dia_util)[0m
2026-07-07 15:13:18 [INFO] 
2026-07-07 15:13:18 [INFO]   🔴 [91m[1mPT0002000068859187RL[0m  [2m[Cluster 0][0m
2026-07-07 15:13:18 [INFO]      consumiu MAIS que o habitual às 11h
2026-07-07 15:13:18 [INFO]      [2mReal:[0m 70.0 kWh   [2mHabitual:[0m 12.0 ± 1.2 kWh   [2mz:[0m +10.00⁺   [2mdesvio:[0m +483%   [2m(2 obs. dia_util)[0m
2026-07-07 15:13:18 [INFO] 
2026-07-07 15:13:18 [INFO]   🔴 [91m[1mPT0002000068859187RL[0m  [2m[Cluster 0][0m
2026-07-07 15:13:18 [INFO]      consumiu MAIS que o habitual às 12h
2026-07-07 15:13:18 [INFO]      [2mReal:[0m 69.0 kWh   [2mHabitual:[0m 12.0 ± 1.2 kWh   [2mz:[0m +10.00⁺   [2mdesvio:[0m +475%   [2m(2 obs. dia_util)[0m
2026-07-07 15:13:18 [INFO] 
2026-07-07 15:13:18 [INFO]   🔴 [91m[1mPT0002000068859187RL[0m  [2m[Cluster 0][0m
2026-07-07 15:13:18 [INFO]      consumiu MAIS que o habitual às 13h
2026-07-07 15:13:18 [INFO]      [2mReal:[0m 55.0 kWh   [2mHabitual:[0m 12.0 ± 1.2 kWh   [2mz:[0m +10.00⁺   [2mdesvio:[0m +358%   [2m(2 obs. dia_util)[0m
2026-07-07 15:13:18 [INFO] 
2026-07-07 15:13:18 [INFO]   🔴 [91m[1mPT0002000068859187RL[0m  [2m[Cluster 0][0m
2026-07-07 15:13:18 [INFO]      consumiu MAIS que o habitual às 14h
2026-07-07 15:13:18 [INFO]      [2mReal:[0m 47.0 kWh   [2mHabitual:[0m 12.0 ± 1.2 kWh   [2mz:[0m +10.00⁺   [2mdesvio:[0m +292%   [2m(2 obs. dia_util)[0m
2026-07-07 15:13:18 [INFO] 
2026-07-07 15:13:18 [INFO]   🔴 [91m[1mPT0002000068859187RL[0m  [2m[Cluster 0][0m
2026-07-07 15:13:18 [INFO]      consumiu MAIS que o habitual às 15h
2026-07-07 15:13:18 [INFO]      [2mReal:[0m 53.0 kWh   [2mHabitual:[0m 12.0 ± 1.2 kWh   [2mz:[0m +10.00⁺   [2mdesvio:[0m +342%   [2m(2 obs. dia_util)[0m
2026-07-07 15:13:18 [INFO] 
2026-07-07 15:13:18 [INFO]   🔴 [91m[1mPT0002000068859187RL[0m  [2m[Cluster 0][0m
2026-07-07 15:13:18 [INFO]      consumiu MAIS que o habitual às 16h
2026-07-07 15:13:18 [INFO]      [2mReal:[0m 45.0 kWh   [2mHabitual:[0m 12.0 ± 1.2 kWh   [2mz:[0m +10.00⁺   [2mdesvio:[0m +275%   [2m(2 obs. dia_util)[0m
2026-07-07 15:13:18 [INFO] 
2026-07-07 15:13:18 [INFO]   🔴 [91m[1mPT0002000068859187RL[0m  [2m[Cluster 0][0m
2026-07-07 15:13:18 [INFO]      consumiu MAIS que o habitual às 17h
2026-07-07 15:13:18 [INFO]      [2mReal:[0m 45.0 kWh   [2mHabitual:[0m 12.0 ± 1.2 kWh   [2mz:[0m +10.00⁺   [2mdesvio:[0m +275%   [2m(2 obs. dia_util)[0m
2026-07-07 15:13:18 [INFO] 
2026-07-07 15:13:18 [INFO]   🔴 [91m[1mPT0002000068859187RL[0m  [2m[Cluster 0][0m
2026-07-07 15:13:18 [INFO]      consumiu MAIS que o habitual às 18h
2026-07-07 15:13:18 [INFO]      [2mReal:[0m 37.0 kWh   [2mHabitual:[0m 12.0 ± 1.2 kWh   [2mz:[0m +10.00⁺   [2mdesvio:[0m +208%   [2m(2 obs. dia_util)[0m
2026-07-07 15:13:18 [INFO] 
2026-07-07 15:13:18 [INFO]   🔴 [91m[1mPT0002000068859187RL[0m  [2m[Cluster 0][0m
2026-07-07 15:13:18 [INFO]      consumiu MAIS que o habitual às 19h
2026-07-07 15:13:18 [INFO]      [2mReal:[0m 30.0 kWh   [2mHabitual:[0m 12.0 ± 1.2 kWh   [2mz:[0m +10.00⁺   [2mdesvio:[0m +150%   [2m(2 obs. dia_util)[0m
2026-07-07 15:13:18 [INFO] 
2026-07-07 15:13:18 [INFO]   🔴 [91m[1mPT0002000068859187RL[0m  [2m[Cluster 0][0m
2026-07-07 15:13:18 [INFO]      consumiu MAIS que o habitual às 20h
2026-07-07 15:13:18 [INFO]      [2mReal:[0m 28.0 kWh   [2mHabitual:[0m 12.0 ± 1.2 kWh   [2mz:[0m +10.00⁺   [2mdesvio:[0m +133%   [2m(2 obs. dia_util)[0m
2026-07-07 15:13:18 [INFO] 
2026-07-07 15:13:18 [INFO]   🔴 [91m[1mPT0002000068859187RL[0m  [2m[Cluster 0][0m
2026-07-07 15:13:18 [INFO]      consumiu MAIS que o habitual às 21h
2026-07-07 15:13:18 [INFO]      [2mReal:[0m 30.0 kWh   [2mHabitual:[0m 11.0 ± 1.7 kWh   [2mz:[0m +10.00⁺   [2mdesvio:[0m +173%   [2m(3 obs. dia_util)[0m
2026-07-07 15:13:18 [INFO] 
2026-07-07 15:13:18 [INFO]   🔴 [91m[1mPT0002000068859187RL[0m  [2m[Cluster 0][0m
2026-07-07 15:13:18 [INFO]      consumiu MAIS que o habitual às 22h
2026-07-07 15:13:18 [INFO]      [2mReal:[0m 33.0 kWh   [2mHabitual:[0m 12.0 ± 1.2 kWh   [2mz:[0m +10.00⁺   [2mdesvio:[0m +175%   [2m(3 obs. dia_util)[0m
2026-07-07 15:13:18 [INFO] 
2026-07-07 15:13:18 [INFO]   🔴 [91m[1mPT0002000068859187RL[0m  [2m[Cluster 0][0m
2026-07-07 15:13:18 [INFO]      consumiu MAIS que o habitual às 23h
2026-07-07 15:13:18 [INFO]      [2mReal:[0m 31.0 kWh   [2mHabitual:[0m 12.0 ± 1.2 kWh   [2mz:[0m +10.00⁺   [2mdesvio:[0m +158%   [2m(3 obs. dia_util)[0m
2026-07-07 15:13:18 [INFO] 
2026-07-07 15:13:18 [INFO]   🔴 [91m[1mPT0002000068859393XH[0m  [2m[Cluster 1][0m
2026-07-07 15:13:18 [INFO]      consumiu MAIS que o habitual às 07h
2026-07-07 15:13:18 [INFO]      [2mReal:[0m 75.0 kWh   [2mHabitual:[0m 17.0 ± 1.7 kWh   [2mz:[0m +10.00⁺   [2mdesvio:[0m +341%   [2m(2 obs. dia_util)[0m
2026-07-07 15:13:18 [INFO] 
2026-07-07 15:13:18 [INFO]   🔴 [91m[1mPT0002000068859597LS[0m  [2m[Cluster 0][0m
2026-07-07 15:13:18 [INFO]      consumiu MAIS que o habitual às 11h
2026-07-07 15:13:18 [INFO]      [2mReal:[0m 85.0 kWh   [2mHabitual:[0m 39.5 ± 4.0 kWh   [2mz:[0m +10.00⁺   [2mdesvio:[0m +115%   [2m(2 obs. dia_util)[0m
2026-07-07 15:13:18 [INFO] 
2026-07-07 15:13:18 [INFO]   🔴 [91m[1mPT0002000071896778MT[0m  [2m[Cluster 0][0m
2026-07-07 15:13:18 [INFO]      consumiu MAIS que o habitual às 06h
2026-07-07 15:13:18 [INFO]      [2mReal:[0m 19.0 kWh   [2mHabitual:[0m 5.5 ± 0.7 kWh   [2mz:[0m +10.00⁺   [2mdesvio:[0m +245%   [2m(2 obs. dia_util)[0m
2026-07-07 15:13:18 [INFO] 
2026-07-07 15:13:18 [INFO]   🔴 [91m[1mPT0002000071896778MT[0m  [2m[Cluster 0][0m
2026-07-07 15:13:18 [INFO]      consumiu MAIS que o habitual às 07h
2026-07-07 15:13:18 [INFO]      [2mReal:[0m 27.0 kWh   [2mHabitual:[0m 4.0 ± 0.4 kWh   [2mz:[0m +10.00⁺   [2mdesvio:[0m +575%   [2m(2 obs. dia_util)[0m
2026-07-07 15:13:18 [INFO] 
2026-07-07 15:13:18 [INFO]   🔴 [91m[1mPT0002000071896778MT[0m  [2m[Cluster 0][0m
2026-07-07 15:13:18 [INFO]      consumiu MAIS que o habitual às 08h
2026-07-07 15:13:18 [INFO]      [2mReal:[0m 29.0 kWh   [2mHabitual:[0m 6.0 ± 0.6 kWh   [2mz:[0m +10.00⁺   [2mdesvio:[0m +383%   [2m(2 obs. dia_util)[0m
2026-07-07 15:13:18 [INFO] 
2026-07-07 15:13:18 [INFO]   🔴 [91m[1mPT0002000071896778MT[0m  [2m[Cluster 0][0m
2026-07-07 15:13:18 [INFO]      consumiu MAIS que o habitual às 09h
2026-07-07 15:13:18 [INFO]      [2mReal:[0m 27.0 kWh   [2mHabitual:[0m 5.5 ± 0.7 kWh   [2mz:[0m +10.00⁺   [2mdesvio:[0m +391%   [2m(2 obs. dia_util)[0m
2026-07-07 15:13:18 [INFO] 
2026-07-07 15:13:18 [INFO]   🔴 [91m[1mPT0002000071896778MT[0m  [2m[Cluster 0][0m
2026-07-07 15:13:18 [INFO]      consumiu MAIS que o habitual às 10h
2026-07-07 15:13:18 [INFO]      [2mReal:[0m 30.0 kWh   [2mHabitual:[0m 5.0 ± 0.5 kWh   [2mz:[0m +10.00⁺   [2mdesvio:[0m +500%   [2m(2 obs. dia_util)[0m
2026-07-07 15:13:18 [INFO] 
2026-07-07 15:13:18 [INFO]   🔴 [91m[1mPT0002000071896778MT[0m  [2m[Cluster 0][0m
2026-07-07 15:13:18 [INFO]      consumiu MAIS que o habitual às 11h
2026-07-07 15:13:18 [INFO]      [2mReal:[0m 27.0 kWh   [2mHabitual:[0m 5.0 ± 0.5 kWh   [2mz:[0m +10.00⁺   [2mdesvio:[0m +440%   [2m(2 obs. dia_util)[0m
2026-07-07 15:13:18 [INFO] 
2026-07-07 15:13:18 [INFO]   🔴 [91m[1mPT0002000071896778MT[0m  [2m[Cluster 0][0m
2026-07-07 15:13:18 [INFO]      consumiu MAIS que o habitual às 12h
2026-07-07 15:13:18 [INFO]      [2mReal:[0m 32.0 kWh   [2mHabitual:[0m 5.5 ± 0.7 kWh   [2mz:[0m +10.00⁺   [2mdesvio:[0m +482%   [2m(2 obs. dia_util)[0m
2026-07-07 15:13:18 [INFO] 
2026-07-07 15:13:18 [INFO]   🔴 [91m[1mPT0002000071896778MT[0m  [2m[Cluster 0][0m
2026-07-07 15:13:18 [INFO]      consumiu MAIS que o habitual às 13h
2026-07-07 15:13:18 [INFO]      [2mReal:[0m 17.0 kWh   [2mHabitual:[0m 4.5 ± 0.7 kWh   [2mz:[0m +10.00⁺   [2mdesvio:[0m +278%   [2m(2 obs. dia_util)[0m
2026-07-07 15:13:18 [INFO] 
2026-07-07 15:13:18 [INFO]   🔴 [91m[1mPT0002000071896778MT[0m  [2m[Cluster 0][0m
2026-07-07 15:13:18 [INFO]      consumiu MAIS que o habitual às 14h
2026-07-07 15:13:18 [INFO]      [2mReal:[0m 19.0 kWh   [2mHabitual:[0m 5.0 ± 0.5 kWh   [2mz:[0m +10.00⁺   [2mdesvio:[0m +280%   [2m(2 obs. dia_util)[0m
2026-07-07 15:13:18 [INFO] 
2026-07-07 15:13:18 [INFO]   🔴 [91m[1mPT0002000071896778MT[0m  [2m[Cluster 0][0m
2026-07-07 15:13:18 [INFO]      consumiu MAIS que o habitual às 15h
2026-07-07 15:13:18 [INFO]      [2mReal:[0m 14.0 kWh   [2mHabitual:[0m 5.0 ± 0.5 kWh   [2mz:[0m +10.00⁺   [2mdesvio:[0m +180%   [2m(2 obs. dia_util)[0m
2026-07-07 15:13:18 [INFO] 
2026-07-07 15:13:18 [INFO]   🔴 [91m[1mPT0002000071896778MT[0m  [2m[Cluster 0][0m
2026-07-07 15:13:18 [INFO]      consumiu MAIS que o habitual às 16h
2026-07-07 15:13:18 [INFO]      [2mReal:[0m 13.0 kWh   [2mHabitual:[0m 6.0 ± 0.6 kWh   [2mz:[0m +10.00⁺   [2mdesvio:[0m +117%   [2m(2 obs. dia_util)[0m
2026-07-07 15:13:18 [INFO] 
2026-07-07 15:13:18 [INFO]   🔴 [91m[1mPT0002000073231742VK[0m  [2m[Cluster 0][0m
2026-07-07 15:13:18 [INFO]      consumiu MAIS que o habitual às 09h
2026-07-07 15:13:18 [INFO]      [2mReal:[0m 38.0 kWh   [2mHabitual:[0m 15.5 ± 1.6 kWh   [2mz:[0m +10.00⁺   [2mdesvio:[0m +145%   [2m(2 obs. dia_util)[0m
2026-07-07 15:13:18 [INFO] 
2026-07-07 15:13:18 [INFO]   🔴 [91m[1mPT0002000073231742VK[0m  [2m[Cluster 0][0m
2026-07-07 15:13:18 [INFO]      consumiu MAIS que o habitual às 10h
2026-07-07 15:13:18 [INFO]      [2mReal:[0m 36.0 kWh   [2mHabitual:[0m 16.0 ± 1.6 kWh   [2mz:[0m +10.00⁺   [2mdesvio:[0m +125%   [2m(2 obs. dia_util)[0m
2026-07-07 15:13:18 [INFO] 
2026-07-07 15:13:18 [INFO]   🔴 [91m[1mPT0002000073231742VK[0m  [2m[Cluster 0][0m
2026-07-07 15:13:18 [INFO]      consumiu MAIS que o habitual às 11h
2026-07-07 15:13:18 [INFO]      [2mReal:[0m 37.0 kWh   [2mHabitual:[0m 15.0 ± 1.5 kWh   [2mz:[0m +10.00⁺   [2mdesvio:[0m +147%   [2m(2 obs. dia_util)[0m
2026-07-07 15:13:18 [INFO] 
2026-07-07 15:13:18 [INFO]   🔴 [91m[1mPT0002000073231742VK[0m  [2m[Cluster 0][0m
2026-07-07 15:13:18 [INFO]      consumiu MAIS que o habitual às 12h
2026-07-07 15:13:18 [INFO]      [2mReal:[0m 33.0 kWh   [2mHabitual:[0m 15.5 ± 1.6 kWh   [2mz:[0m +10.00⁺   [2mdesvio:[0m +113%   [2m(2 obs. dia_util)[0m
2026-07-07 15:13:18 [INFO] 
2026-07-07 15:13:18 [INFO]   🔴 [91m[1mPT0002000073231742VK[0m  [2m[Cluster 0][0m
2026-07-07 15:13:18 [INFO]      consumiu MAIS que o habitual às 13h
2026-07-07 15:13:18 [INFO]      [2mReal:[0m 35.0 kWh   [2mHabitual:[0m 16.0 ± 1.6 kWh   [2mz:[0m +10.00⁺   [2mdesvio:[0m +119%   [2m(2 obs. dia_util)[0m
2026-07-07 15:13:18 [INFO] 
2026-07-07 15:13:18 [INFO]   🔴 [91m[1mPT0002000073481266XH[0m  [2m[Cluster 0][0m
2026-07-07 15:13:18 [INFO]      consumiu MAIS que o habitual às 07h
2026-07-07 15:13:18 [INFO]      [2mReal:[0m 13.0 kWh   [2mHabitual:[0m 6.0 ± 0.6 kWh   [2mz:[0m +10.00⁺   [2mdesvio:[0m +117%   [2m(2 obs. dia_util)[0m
2026-07-07 15:13:18 [INFO] 
2026-07-07 15:13:18 [INFO]   🔴 [91m[1mPT0002000073481266XH[0m  [2m[Cluster 0][0m
2026-07-07 15:13:18 [INFO]      consumiu MAIS que o habitual às 08h
2026-07-07 15:13:18 [INFO]      [2mReal:[0m 38.0 kWh   [2mHabitual:[0m 6.0 ± 0.6 kWh   [2mz:[0m +10.00⁺   [2mdesvio:[0m +533%   [2m(2 obs. dia_util)[0m
2026-07-07 15:13:18 [INFO] 
2026-07-07 15:13:18 [INFO]   🔴 [91m[1mPT0002000073481266XH[0m  [2m[Cluster 0][0m
2026-07-07 15:13:18 [INFO]      consumiu MAIS que o habitual às 09h
2026-07-07 15:13:18 [INFO]      [2mReal:[0m 41.0 kWh   [2mHabitual:[0m 6.0 ± 0.6 kWh   [2mz:[0m +10.00⁺   [2mdesvio:[0m +583%   [2m(2 obs. dia_util)[0m
2026-07-07 15:13:18 [INFO] 
2026-07-07 15:13:18 [INFO]   🔴 [91m[1mPT0002000073481266XH[0m  [2m[Cluster 0][0m
2026-07-07 15:13:18 [INFO]      consumiu MAIS que o habitual às 10h
2026-07-07 15:13:18 [INFO]      [2mReal:[0m 46.0 kWh   [2mHabitual:[0m 6.0 ± 0.6 kWh   [2mz:[0m +10.00⁺   [2mdesvio:[0m +667%   [2m(2 obs. dia_util)[0m
2026-07-07 15:13:18 [INFO] 
2026-07-07 15:13:18 [INFO]   🔴 [91m[1mPT0002000073481266XH[0m  [2m[Cluster 0][0m
2026-07-07 15:13:18 [INFO]      consumiu MAIS que o habitual às 11h
2026-07-07 15:13:18 [INFO]      [2mReal:[0m 43.0 kWh   [2mHabitual:[0m 6.5 ± 0.7 kWh   [2mz:[0m +10.00⁺   [2mdesvio:[0m +562%   [2m(2 obs. dia_util)[0m
2026-07-07 15:13:18 [INFO] 
2026-07-07 15:13:18 [INFO]   🔴 [91m[1mPT0002000073481266XH[0m  [2m[Cluster 0][0m
2026-07-07 15:13:18 [INFO]      consumiu MAIS que o habitual às 12h
2026-07-07 15:13:18 [INFO]      [2mReal:[0m 37.0 kWh   [2mHabitual:[0m 6.0 ± 0.6 kWh   [2mz:[0m +10.00⁺   [2mdesvio:[0m +517%   [2m(2 obs. dia_util)[0m
2026-07-07 15:13:18 [INFO] 
2026-07-07 15:13:18 [INFO]   🔴 [91m[1mPT0002000073481266XH[0m  [2m[Cluster 0][0m
2026-07-07 15:13:18 [INFO]      consumiu MAIS que o habitual às 13h
2026-07-07 15:13:18 [INFO]      [2mReal:[0m 33.0 kWh   [2mHabitual:[0m 6.5 ± 0.7 kWh   [2mz:[0m +10.00⁺   [2mdesvio:[0m +408%   [2m(2 obs. dia_util)[0m
2026-07-07 15:13:18 [INFO] 
2026-07-07 15:13:18 [INFO]   🔴 [91m[1mPT0002000073481266XH[0m  [2m[Cluster 0][0m
2026-07-07 15:13:18 [INFO]      consumiu MAIS que o habitual às 14h
2026-07-07 15:13:18 [INFO]      [2mReal:[0m 38.0 kWh   [2mHabitual:[0m 6.0 ± 0.6 kWh   [2mz:[0m +10.00⁺   [2mdesvio:[0m +533%   [2m(2 obs. dia_util)[0m
2026-07-07 15:13:18 [INFO] 
2026-07-07 15:13:18 [INFO]   🔴 [91m[1mPT0002000073481266XH[0m  [2m[Cluster 0][0m
2026-07-07 15:13:18 [INFO]      consumiu MAIS que o habitual às 15h
2026-07-07 15:13:18 [INFO]      [2mReal:[0m 43.0 kWh   [2mHabitual:[0m 6.5 ± 0.7 kWh   [2mz:[0m +10.00⁺   [2mdesvio:[0m +562%   [2m(2 obs. dia_util)[0m
2026-07-07 15:13:18 [INFO] 
2026-07-07 15:13:18 [INFO]   🔴 [91m[1mPT0002000073481266XH[0m  [2m[Cluster 0][0m
2026-07-07 15:13:18 [INFO]      consumiu MAIS que o habitual às 16h
2026-07-07 15:13:18 [INFO]      [2mReal:[0m 34.0 kWh   [2mHabitual:[0m 6.0 ± 0.6 kWh   [2mz:[0m +10.00⁺   [2mdesvio:[0m +467%   [2m(2 obs. dia_util)[0m
2026-07-07 15:13:18 [INFO] 
2026-07-07 15:13:18 [INFO]   🔴 [91m[1mPT0002000073481266XH[0m  [2m[Cluster 0][0m
2026-07-07 15:13:18 [INFO]      consumiu MAIS que o habitual às 17h
2026-07-07 15:13:18 [INFO]      [2mReal:[0m 30.0 kWh   [2mHabitual:[0m 6.0 ± 0.6 kWh   [2mz:[0m +10.00⁺   [2mdesvio:[0m +400%   [2m(2 obs. dia_util)[0m
2026-07-07 15:13:18 [INFO] 
2026-07-07 15:13:18 [INFO]   🔴 [91m[1mPT0002000073481266XH[0m  [2m[Cluster 0][0m
2026-07-07 15:13:18 [INFO]      consumiu MAIS que o habitual às 18h
2026-07-07 15:13:18 [INFO]      [2mReal:[0m 28.0 kWh   [2mHabitual:[0m 7.0 ± 1.4 kWh   [2mz:[0m +10.00⁺   [2mdesvio:[0m +300%   [2m(2 obs. dia_util)[0m
2026-07-07 15:13:18 [INFO] 
2026-07-07 15:13:18 [INFO]   🔴 [91m[1mPT0002000073720434JD[0m  [2m[sem cluster][0m
2026-07-07 15:13:18 [INFO]      consumiu MAIS que o habitual às 20h
2026-07-07 15:13:18 [INFO]      [2mReal:[0m 87.0 kWh   [2mHabitual:[0m 37.5 ± 5.0 kWh   [2mz:[0m +10.00   [2mdesvio:[0m +132%   [2m(2 obs. dia_util)[0m
2026-07-07 15:13:18 [INFO] 
2026-07-07 15:13:18 [INFO]   🔴 [91m[1mPT0002000073720434JD[0m  [2m[sem cluster][0m
2026-07-07 15:13:18 [INFO]      consumiu MAIS que o habitual às 22h
2026-07-07 15:13:18 [INFO]      [2mReal:[0m 89.0 kWh   [2mHabitual:[0m 31.0 ± 3.5 kWh   [2mz:[0m +10.00⁺   [2mdesvio:[0m +187%   [2m(3 obs. dia_util)[0m
2026-07-07 15:13:18 [INFO] 
2026-07-07 15:13:18 [INFO]   🔴 [91m[1mPT0002000075637532JB[0m  [2m[Cluster 0][0m
2026-07-07 15:13:18 [INFO]      consumiu MAIS que o habitual às 09h
2026-07-07 15:13:18 [INFO]      [2mReal:[0m 18.0 kWh   [2mHabitual:[0m 6.5 ± 0.7 kWh   [2mz:[0m +10.00⁺   [2mdesvio:[0m +177%   [2m(2 obs. dia_util)[0m
2026-07-07 15:13:18 [INFO] 
2026-07-07 15:13:18 [INFO]   🔴 [91m[1mPT0002000075637532JB[0m  [2m[Cluster 0][0m
2026-07-07 15:13:18 [INFO]      consumiu MAIS que o habitual às 10h
2026-07-07 15:13:18 [INFO]      [2mReal:[0m 22.0 kWh   [2mHabitual:[0m 6.0 ± 0.6 kWh   [2mz:[0m +10.00⁺   [2mdesvio:[0m +267%   [2m(2 obs. dia_util)[0m
2026-07-07 15:13:18 [INFO] 
2026-07-07 15:13:18 [INFO]   🔴 [91m[1mPT0002000075637532JB[0m  [2m[Cluster 0][0m
2026-07-07 15:13:18 [INFO]      consumiu MAIS que o habitual às 11h
2026-07-07 15:13:18 [INFO]      [2mReal:[0m 31.0 kWh   [2mHabitual:[0m 7.0 ± 0.7 kWh   [2mz:[0m +10.00⁺   [2mdesvio:[0m +343%   [2m(2 obs. dia_util)[0m
2026-07-07 15:13:18 [INFO] 
2026-07-07 15:13:18 [INFO]   🔴 [91m[1mPT0002000075637532JB[0m  [2m[Cluster 0][0m
2026-07-07 15:13:18 [INFO]      consumiu MAIS que o habitual às 12h
2026-07-07 15:13:18 [INFO]      [2mReal:[0m 27.0 kWh   [2mHabitual:[0m 6.0 ± 0.6 kWh   [2mz:[0m +10.00⁺   [2mdesvio:[0m +350%   [2m(2 obs. dia_util)[0m
2026-07-07 15:13:18 [INFO] 
2026-07-07 15:13:18 [INFO]   🔴 [91m[1mPT0002000075637532JB[0m  [2m[Cluster 0][0m
2026-07-07 15:13:18 [INFO]      consumiu MAIS que o habitual às 13h
2026-07-07 15:13:18 [INFO]      [2mReal:[0m 15.0 kWh   [2mHabitual:[0m 6.5 ± 0.7 kWh   [2mz:[0m +10.00⁺   [2mdesvio:[0m +131%   [2m(2 obs. dia_util)[0m
2026-07-07 15:13:18 [INFO] 
2026-07-07 15:13:18 [INFO]   🔴 [91m[1mPT0002000078140706BA[0m  [2m[sem cluster][0m
2026-07-07 15:13:18 [INFO]      consumiu MAIS que o habitual às 07h
2026-07-07 15:13:18 [INFO]      [2mReal:[0m 70.0 kWh   [2mHabitual:[0m 1.0 ± 1.4 kWh   [2mz:[0m +10.00⁺   [2mdesvio:[0m +6900%   [2m(2 obs. dia_util)[0m
2026-07-07 15:13:18 [INFO] 
2026-07-07 15:13:18 [INFO]   🔴 [91m[1mPT0002000078140706BA[0m  [2m[sem cluster][0m
2026-07-07 15:13:18 [INFO]      consumiu MAIS que o habitual às 08h
2026-07-07 15:13:18 [INFO]      [2mReal:[0m 188.0 kWh   [2mHabitual:[0m 0.0 ± 0.3 kWh   [2mz:[0m +10.00⁺   [2mdesvio:[0m +18800000%   [2m(2 obs. dia_util)[0m
2026-07-07 15:13:18 [INFO] 
2026-07-07 15:13:18 [INFO]   🔴 [91m[1mPT0002000078140706BA[0m  [2m[sem cluster][0m
2026-07-07 15:13:18 [INFO]      consumiu MAIS que o habitual às 09h
2026-07-07 15:13:18 [INFO]      [2mReal:[0m 57.0 kWh   [2mHabitual:[0m 0.0 ± 0.3 kWh   [2mz:[0m +10.00⁺   [2mdesvio:[0m +5700000%   [2m(2 obs. dia_util)[0m
2026-07-07 15:13:18 [INFO] 
2026-07-07 15:13:18 [INFO]   🔴 [91m[1mPT0002000078140706BA[0m  [2m[sem cluster][0m
2026-07-07 15:13:18 [INFO]      consumiu MAIS que o habitual às 10h
2026-07-07 15:13:18 [INFO]      [2mReal:[0m 32.0 kWh   [2mHabitual:[0m 0.0 ± 0.3 kWh   [2mz:[0m +10.00⁺   [2mdesvio:[0m +3200000%   [2m(2 obs. dia_util)[0m
2026-07-07 15:13:18 [INFO] 
2026-07-07 15:13:18 [INFO]   🔴 [91m[1mPT0002000078140706BA[0m  [2m[sem cluster][0m
2026-07-07 15:13:18 [INFO]      consumiu MAIS que o habitual às 11h
2026-07-07 15:13:18 [INFO]      [2mReal:[0m 26.0 kWh   [2mHabitual:[0m 0.0 ± 0.3 kWh   [2mz:[0m +10.00⁺   [2mdesvio:[0m +2600000%   [2m(2 obs. dia_util)[0m
2026-07-07 15:13:18 [INFO] 
2026-07-07 15:13:18 [INFO]   🔴 [91m[1mPT0002000078140706BA[0m  [2m[sem cluster][0m
2026-07-07 15:13:18 [INFO]      consumiu MAIS que o habitual às 12h
2026-07-07 15:13:18 [INFO]      [2mReal:[0m 5.0 kWh   [2mHabitual:[0m 0.0 ± 0.3 kWh   [2mz:[0m +10.00⁺   [2mdesvio:[0m +500000%   [2m(2 obs. dia_util)[0m
2026-07-07 15:13:18 [INFO] 
2026-07-07 15:13:18 [INFO]   🔴 [91m[1mPT0002000078140706BA[0m  [2m[sem cluster][0m
2026-07-07 15:13:18 [INFO]      consumiu MAIS que o habitual às 13h
2026-07-07 15:13:18 [INFO]      [2mReal:[0m 9.0 kWh   [2mHabitual:[0m 0.0 ± 0.3 kWh   [2mz:[0m +10.00⁺   [2mdesvio:[0m +900000%   [2m(2 obs. dia_util)[0m
2026-07-07 15:13:18 [INFO] 
2026-07-07 15:13:18 [INFO]   🔴 [91m[1mPT0002000078140706BA[0m  [2m[sem cluster][0m
2026-07-07 15:13:18 [INFO]      consumiu MAIS que o habitual às 14h
2026-07-07 15:13:18 [INFO]      [2mReal:[0m 18.0 kWh   [2mHabitual:[0m 0.0 ± 0.3 kWh   [2mz:[0m +10.00⁺   [2mdesvio:[0m +1800000%   [2m(2 obs. dia_util)[0m
2026-07-07 15:13:18 [INFO] 
2026-07-07 15:13:18 [INFO]   🔴 [91m[1mPT0002000078140706BA[0m  [2m[sem cluster][0m
2026-07-07 15:13:18 [INFO]      consumiu MAIS que o habitual às 15h
2026-07-07 15:13:18 [INFO]      [2mReal:[0m 28.0 kWh   [2mHabitual:[0m 0.0 ± 0.3 kWh   [2mz:[0m +10.00⁺   [2mdesvio:[0m +2800000%   [2m(2 obs. dia_util)[0m
2026-07-07 15:13:18 [INFO] 
2026-07-07 15:13:18 [INFO]   🔴 [91m[1mPT0002000078140706BA[0m  [2m[sem cluster][0m
2026-07-07 15:13:18 [INFO]      consumiu MAIS que o habitual às 16h
2026-07-07 15:13:18 [INFO]      [2mReal:[0m 28.0 kWh   [2mHabitual:[0m 1.5 ± 0.7 kWh   [2mz:[0m +10.00⁺   [2mdesvio:[0m +1767%   [2m(2 obs. dia_util)[0m
2026-07-07 15:13:18 [INFO] 
2026-07-07 15:13:18 [INFO]   🔴 [91m[1mPT0002000078233981HJ[0m  [2m[Cluster 1][0m
2026-07-07 15:13:18 [INFO]      consumiu MAIS que o habitual às 00h
2026-07-07 15:13:18 [INFO]      [2mReal:[0m 14.0 kWh   [2mHabitual:[0m 3.0 ± 0.3 kWh   [2mz:[0m +10.00⁺   [2mdesvio:[0m +367%   [2m(2 obs. dia_util)[0m
2026-07-07 15:13:18 [INFO] 
2026-07-07 15:13:18 [INFO]   🔴 [91m[1mPT0002000078294957RQ[0m  [2m[Cluster 0][0m
2026-07-07 15:13:18 [INFO]      consumiu MAIS que o habitual às 08h
2026-07-07 15:13:18 [INFO]      [2mReal:[0m 43.0 kWh   [2mHabitual:[0m 8.0 ± 0.8 kWh   [2mz:[0m +10.00⁺   [2mdesvio:[0m +438%   [2m(2 obs. dia_util)[0m
2026-07-07 15:13:18 [INFO] 
2026-07-07 15:13:18 [INFO]   🔴 [91m[1mPT0002000078294957RQ[0m  [2m[Cluster 0][0m
2026-07-07 15:13:18 [INFO]      consumiu MAIS que o habitual às 09h
2026-07-07 15:13:18 [INFO]      [2mReal:[0m 59.0 kWh   [2mHabitual:[0m 5.5 ± 0.7 kWh   [2mz:[0m +10.00⁺   [2mdesvio:[0m +973%   [2m(2 obs. dia_util)[0m
2026-07-07 15:13:18 [INFO] 
2026-07-07 15:13:18 [INFO]   🔴 [91m[1mPT0002000078294957RQ[0m  [2m[Cluster 0][0m
2026-07-07 15:13:18 [INFO]      consumiu MAIS que o habitual às 10h
2026-07-07 15:13:18 [INFO]      [2mReal:[0m 66.0 kWh   [2mHabitual:[0m 5.0 ± 0.5 kWh   [2mz:[0m +10.00⁺   [2mdesvio:[0m +1220%   [2m(2 obs. dia_util)[0m
2026-07-07 15:13:18 [INFO] 
2026-07-07 15:13:18 [INFO]   🔴 [91m[1mPT0002000078294957RQ[0m  [2m[Cluster 0][0m
2026-07-07 15:13:18 [INFO]      consumiu MAIS que o habitual às 11h
2026-07-07 15:13:18 [INFO]      [2mReal:[0m 63.0 kWh   [2mHabitual:[0m 5.5 ± 0.7 kWh   [2mz:[0m +10.00⁺   [2mdesvio:[0m +1045%   [2m(2 obs. dia_util)[0m
2026-07-07 15:13:18 [INFO] 
2026-07-07 15:13:18 [INFO]   🔴 [91m[1mPT0002000078294957RQ[0m  [2m[Cluster 0][0m
2026-07-07 15:13:18 [INFO]      consumiu MAIS que o habitual às 12h
2026-07-07 15:13:18 [INFO]      [2mReal:[0m 64.0 kWh   [2mHabitual:[0m 5.5 ± 0.7 kWh   [2mz:[0m +10.00⁺   [2mdesvio:[0m +1064%   [2m(2 obs. dia_util)[0m
2026-07-07 15:13:18 [INFO] 
2026-07-07 15:13:18 [INFO]   🔴 [91m[1mPT0002000078294957RQ[0m  [2m[Cluster 0][0m
2026-07-07 15:13:18 [INFO]      consumiu MAIS que o habitual às 13h
2026-07-07 15:13:18 [INFO]      [2mReal:[0m 52.0 kWh   [2mHabitual:[0m 4.5 ± 0.7 kWh   [2mz:[0m +10.00⁺   [2mdesvio:[0m +1056%   [2m(2 obs. dia_util)[0m
2026-07-07 15:13:18 [INFO] 
2026-07-07 15:13:18 [INFO]   🔴 [91m[1mPT0002000078294957RQ[0m  [2m[Cluster 0][0m
2026-07-07 15:13:18 [INFO]      consumiu MAIS que o habitual às 14h
2026-07-07 15:13:18 [INFO]      [2mReal:[0m 43.0 kWh   [2mHabitual:[0m 7.0 ± 0.7 kWh   [2mz:[0m +10.00⁺   [2mdesvio:[0m +514%   [2m(2 obs. dia_util)[0m
2026-07-07 15:13:18 [INFO] 
2026-07-07 15:13:18 [INFO]   🔴 [91m[1mPT0002000078294957RQ[0m  [2m[Cluster 0][0m
2026-07-07 15:13:18 [INFO]      consumiu MAIS que o habitual às 15h
2026-07-07 15:13:18 [INFO]      [2mReal:[0m 39.0 kWh   [2mHabitual:[0m 6.0 ± 0.6 kWh   [2mz:[0m +10.00⁺   [2mdesvio:[0m +550%   [2m(2 obs. dia_util)[0m
2026-07-07 15:13:18 [INFO] 
2026-07-07 15:13:18 [INFO]   🔴 [91m[1mPT0002000078294957RQ[0m  [2m[Cluster 0][0m
2026-07-07 15:13:18 [INFO]      consumiu MAIS que o habitual às 16h
2026-07-07 15:13:18 [INFO]      [2mReal:[0m 29.0 kWh   [2mHabitual:[0m 5.5 ± 0.7 kWh   [2mz:[0m +10.00⁺   [2mdesvio:[0m +427%   [2m(2 obs. dia_util)[0m
2026-07-07 15:13:18 [INFO] 
2026-07-07 15:13:18 [INFO]   🔴 [91m[1mPT0002000078294957RQ[0m  [2m[Cluster 0][0m
2026-07-07 15:13:18 [INFO]      consumiu MAIS que o habitual às 17h
2026-07-07 15:13:18 [INFO]      [2mReal:[0m 25.0 kWh   [2mHabitual:[0m 6.5 ± 0.7 kWh   [2mz:[0m +10.00⁺   [2mdesvio:[0m +285%   [2m(2 obs. dia_util)[0m
2026-07-07 15:13:18 [INFO] 
2026-07-07 15:13:18 [INFO]   🔴 [91m[1mPT0002000078294957RQ[0m  [2m[Cluster 0][0m
2026-07-07 15:13:18 [INFO]      consumiu MAIS que o habitual às 18h
2026-07-07 15:13:18 [INFO]      [2mReal:[0m 17.0 kWh   [2mHabitual:[0m 7.5 ± 0.8 kWh   [2mz:[0m +10.00⁺   [2mdesvio:[0m +127%   [2m(2 obs. dia_util)[0m
2026-07-07 15:13:18 [INFO] 
2026-07-07 15:13:18 [INFO]   🔴 [91m[1mPT0002000081344542CP[0m  [2m[Cluster 1][0m
2026-07-07 15:13:18 [INFO]      consumiu MAIS que o habitual às 18h
2026-07-07 15:13:18 [INFO]      [2mReal:[0m 4.0 kWh   [2mHabitual:[0m 1.0 ± 0.3 kWh   [2mz:[0m +10.00   [2mdesvio:[0m +300%   [2m(2 obs. dia_util)[0m
2026-07-07 15:13:18 [INFO] 
2026-07-07 15:13:18 [INFO]   🔴 [91m[1mPT0002000101964938LF[0m  [2m[Cluster 0][0m
2026-07-07 15:13:18 [INFO]      consumiu MAIS que o habitual às 07h
2026-07-07 15:13:18 [INFO]      [2mReal:[0m 27.0 kWh   [2mHabitual:[0m 12.0 ± 1.2 kWh   [2mz:[0m +10.00⁺   [2mdesvio:[0m +125%   [2m(2 obs. dia_util)[0m
2026-07-07 15:13:18 [INFO] 
2026-07-07 15:13:18 [INFO]   🔴 [91m[1mPT0002000101964938LF[0m  [2m[Cluster 0][0m
2026-07-07 15:13:18 [INFO]      consumiu MAIS que o habitual às 08h
2026-07-07 15:13:18 [INFO]      [2mReal:[0m 60.0 kWh   [2mHabitual:[0m 11.0 ± 1.1 kWh   [2mz:[0m +10.00⁺   [2mdesvio:[0m +445%   [2m(2 obs. dia_util)[0m
2026-07-07 15:13:18 [INFO] 
2026-07-07 15:13:18 [INFO]   🔴 [91m[1mPT0002000101964938LF[0m  [2m[Cluster 0][0m
2026-07-07 15:13:18 [INFO]      consumiu MAIS que o habitual às 09h
2026-07-07 15:13:18 [INFO]      [2mReal:[0m 61.0 kWh   [2mHabitual:[0m 11.5 ± 1.1 kWh   [2mz:[0m +10.00⁺   [2mdesvio:[0m +430%   [2m(2 obs. dia_util)[0m
2026-07-07 15:13:18 [INFO] 
2026-07-07 15:13:18 [INFO]   🔴 [91m[1mPT0002000101964938LF[0m  [2m[Cluster 0][0m
2026-07-07 15:13:18 [INFO]      consumiu MAIS que o habitual às 10h
2026-07-07 15:13:18 [INFO]      [2mReal:[0m 59.0 kWh   [2mHabitual:[0m 12.0 ± 1.2 kWh   [2mz:[0m +10.00⁺   [2mdesvio:[0m +392%   [2m(2 obs. dia_util)[0m
2026-07-07 15:13:18 [INFO] 
2026-07-07 15:13:18 [INFO]   🔴 [91m[1mPT0002000101964938LF[0m  [2m[Cluster 0][0m
2026-07-07 15:13:18 [INFO]      consumiu MAIS que o habitual às 11h
2026-07-07 15:13:18 [INFO]      [2mReal:[0m 57.0 kWh   [2mHabitual:[0m 13.0 ± 1.3 kWh   [2mz:[0m +10.00⁺   [2mdesvio:[0m +338%   [2m(2 obs. dia_util)[0m
2026-07-07 15:13:18 [INFO] 
2026-07-07 15:13:18 [INFO]   🔴 [91m[1mPT0002000101964938LF[0m  [2m[Cluster 0][0m
2026-07-07 15:13:18 [INFO]      consumiu MAIS que o habitual às 12h
2026-07-07 15:13:18 [INFO]      [2mReal:[0m 64.0 kWh   [2mHabitual:[0m 12.5 ± 1.2 kWh   [2mz:[0m +10.00⁺   [2mdesvio:[0m +412%   [2m(2 obs. dia_util)[0m
2026-07-07 15:13:18 [INFO] 
2026-07-07 15:13:18 [INFO]   🔴 [91m[1mPT0002000101964938LF[0m  [2m[Cluster 0][0m
2026-07-07 15:13:18 [INFO]      consumiu MAIS que o habitual às 13h
2026-07-07 15:13:18 [INFO]      [2mReal:[0m 70.0 kWh   [2mHabitual:[0m 13.0 ± 1.3 kWh   [2mz:[0m +10.00⁺   [2mdesvio:[0m +438%   [2m(2 obs. dia_util)[0m
2026-07-07 15:13:18 [INFO] 
2026-07-07 15:13:18 [INFO]   🔴 [91m[1mPT0002000101964938LF[0m  [2m[Cluster 0][0m
2026-07-07 15:13:18 [INFO]      consumiu MAIS que o habitual às 14h
2026-07-07 15:13:18 [INFO]      [2mReal:[0m 65.0 kWh   [2mHabitual:[0m 12.5 ± 1.2 kWh   [2mz:[0m +10.00⁺   [2mdesvio:[0m +420%   [2m(2 obs. dia_util)[0m
2026-07-07 15:13:18 [INFO] 
2026-07-07 15:13:18 [INFO]   🔴 [91m[1mPT0002000101964938LF[0m  [2m[Cluster 0][0m
2026-07-07 15:13:18 [INFO]      consumiu MAIS que o habitual às 15h
2026-07-07 15:13:18 [INFO]      [2mReal:[0m 74.0 kWh   [2mHabitual:[0m 13.0 ± 1.3 kWh   [2mz:[0m +10.00⁺   [2mdesvio:[0m +469%   [2m(2 obs. dia_util)[0m
2026-07-07 15:13:18 [INFO] 
2026-07-07 15:13:18 [INFO]   🔴 [91m[1mPT0002000101964938LF[0m  [2m[Cluster 0][0m
2026-07-07 15:13:18 [INFO]      consumiu MAIS que o habitual às 16h
2026-07-07 15:13:18 [INFO]      [2mReal:[0m 71.0 kWh   [2mHabitual:[0m 13.0 ± 1.3 kWh   [2mz:[0m +10.00⁺   [2mdesvio:[0m +446%   [2m(2 obs. dia_util)[0m
2026-07-07 15:13:18 [INFO] 
2026-07-07 15:13:18 [INFO]   🔴 [91m[1mPT0002000101964938LF[0m  [2m[Cluster 0][0m
2026-07-07 15:13:18 [INFO]      consumiu MAIS que o habitual às 17h
2026-07-07 15:13:18 [INFO]      [2mReal:[0m 70.0 kWh   [2mHabitual:[0m 12.5 ± 1.2 kWh   [2mz:[0m +10.00⁺   [2mdesvio:[0m +460%   [2m(2 obs. dia_util)[0m
2026-07-07 15:13:18 [INFO] 
2026-07-07 15:13:18 [INFO]   🔴 [91m[1mPT0002000101964938LF[0m  [2m[Cluster 0][0m
2026-07-07 15:13:18 [INFO]      consumiu MAIS que o habitual às 18h
2026-07-07 15:13:18 [INFO]      [2mReal:[0m 64.0 kWh   [2mHabitual:[0m 13.5 ± 1.4 kWh   [2mz:[0m +10.00⁺   [2mdesvio:[0m +374%   [2m(2 obs. dia_util)[0m
2026-07-07 15:13:18 [INFO] 
2026-07-07 15:13:18 [INFO]   🔴 [91m[1mPT0002000101964938LF[0m  [2m[Cluster 0][0m
2026-07-07 15:13:18 [INFO]      consumiu MAIS que o habitual às 19h
2026-07-07 15:13:18 [INFO]      [2mReal:[0m 41.0 kWh   [2mHabitual:[0m 13.0 ± 1.3 kWh   [2mz:[0m +10.00⁺   [2mdesvio:[0m +215%   [2m(2 obs. dia_util)[0m
2026-07-07 15:13:18 [INFO] 
2026-07-07 15:13:18 [INFO]   🔴 [91m[1mPT0002000107046231FW[0m  [2m[Cluster 0][0m
2026-07-07 15:13:18 [INFO]      consumiu MAIS que o habitual às 10h
2026-07-07 15:13:18 [INFO]      [2mReal:[0m 24.0 kWh   [2mHabitual:[0m 3.0 ± 0.3 kWh   [2mz:[0m +10.00⁺   [2mdesvio:[0m +700%   [2m(2 obs. dia_util)[0m
2026-07-07 15:13:18 [INFO] 
2026-07-07 15:13:18 [INFO]   🔴 [91m[1mPT0002000107046231FW[0m  [2m[Cluster 0][0m
2026-07-07 15:13:18 [INFO]      consumiu MAIS que o habitual às 11h
2026-07-07 15:13:18 [INFO]      [2mReal:[0m 22.0 kWh   [2mHabitual:[0m 1.5 ± 0.7 kWh   [2mz:[0m +10.00⁺   [2mdesvio:[0m +1367%   [2m(2 obs. dia_util)[0m
2026-07-07 15:13:18 [INFO] 
2026-07-07 15:13:18 [INFO]   🔴 [91m[1mPT0002000107046231FW[0m  [2m[Cluster 0][0m
2026-07-07 15:13:18 [INFO]      consumiu MAIS que o habitual às 12h
2026-07-07 15:13:18 [INFO]      [2mReal:[0m 27.0 kWh   [2mHabitual:[0m 2.0 ± 0.3 kWh   [2mz:[0m +10.00⁺   [2mdesvio:[0m +1250%   [2m(2 obs. dia_util)[0m
2026-07-07 15:13:18 [INFO] 
2026-07-07 15:13:18 [INFO]   🔴 [91m[1mPT0002000107046231FW[0m  [2m[Cluster 0][0m
2026-07-07 15:13:18 [INFO]      consumiu MAIS que o habitual às 13h
2026-07-07 15:13:18 [INFO]      [2mReal:[0m 38.0 kWh   [2mHabitual:[0m 2.5 ± 0.7 kWh   [2mz:[0m +10.00⁺   [2mdesvio:[0m +1420%   [2m(2 obs. dia_util)[0m
2026-07-07 15:13:18 [INFO] 
2026-07-07 15:13:18 [INFO]   🔴 [91m[1mPT0002000107046231FW[0m  [2m[Cluster 0][0m
2026-07-07 15:13:18 [INFO]      consumiu MAIS que o habitual às 14h
2026-07-07 15:13:18 [INFO]      [2mReal:[0m 40.0 kWh   [2mHabitual:[0m 2.0 ± 0.3 kWh   [2mz:[0m +10.00⁺   [2mdesvio:[0m +1900%   [2m(2 obs. dia_util)[0m
2026-07-07 15:13:18 [INFO] 
2026-07-07 15:13:18 [INFO]   🔴 [91m[1mPT0002000107046231FW[0m  [2m[Cluster 0][0m
2026-07-07 15:13:18 [INFO]      consumiu MAIS que o habitual às 15h
2026-07-07 15:13:18 [INFO]      [2mReal:[0m 26.0 kWh   [2mHabitual:[0m 3.5 ± 0.7 kWh   [2mz:[0m +10.00⁺   [2mdesvio:[0m +643%   [2m(2 obs. dia_util)[0m
2026-07-07 15:13:18 [INFO] 
2026-07-07 15:13:18 [INFO]   🔴 [91m[1mPT0002000107046231FW[0m  [2m[Cluster 0][0m
2026-07-07 15:13:18 [INFO]      consumiu MAIS que o habitual às 16h
2026-07-07 15:13:18 [INFO]      [2mReal:[0m 18.0 kWh   [2mHabitual:[0m 2.5 ± 0.7 kWh   [2mz:[0m +10.00⁺   [2mdesvio:[0m +620%   [2m(2 obs. dia_util)[0m
2026-07-07 15:13:18 [INFO] 
2026-07-07 15:13:18 [INFO]   🔴 [91m[1mPT0002000107046231FW[0m  [2m[Cluster 0][0m
2026-07-07 15:13:18 [INFO]      consumiu MAIS que o habitual às 17h
2026-07-07 15:13:18 [INFO]      [2mReal:[0m 12.0 kWh   [2mHabitual:[0m 2.0 ± 0.3 kWh   [2mz:[0m +10.00⁺   [2mdesvio:[0m +500%   [2m(2 obs. dia_util)[0m
2026-07-07 15:13:18 [INFO] 
2026-07-07 15:13:18 [INFO]   🔴 [91m[1mPT0002000109837807PE[0m  [2m[Cluster 1][0m
2026-07-07 15:13:18 [INFO]      consumiu MAIS que o habitual às 00h
2026-07-07 15:13:18 [INFO]      [2mReal:[0m 24.0 kWh   [2mHabitual:[0m 7.5 ± 0.8 kWh   [2mz:[0m +10.00⁺   [2mdesvio:[0m +220%   [2m(2 obs. dia_util)[0m
2026-07-07 15:13:18 [INFO] 
2026-07-07 15:13:18 [INFO]   🔴 [91m[1mPT0002000109837807PE[0m  [2m[Cluster 1][0m
2026-07-07 15:13:18 [INFO]      consumiu MAIS que o habitual às 01h
2026-07-07 15:13:18 [INFO]      [2mReal:[0m 22.0 kWh   [2mHabitual:[0m 7.0 ± 0.7 kWh   [2mz:[0m +10.00⁺   [2mdesvio:[0m +214%   [2m(2 obs. dia_util)[0m
2026-07-07 15:13:18 [INFO] 
2026-07-07 15:13:18 [INFO]   🔴 [91m[1mPT0002000109837807PE[0m  [2m[Cluster 1][0m
2026-07-07 15:13:18 [INFO]      consumiu MAIS que o habitual às 02h
2026-07-07 15:13:18 [INFO]      [2mReal:[0m 17.0 kWh   [2mHabitual:[0m 7.0 ± 0.7 kWh   [2mz:[0m +10.00⁺   [2mdesvio:[0m +143%   [2m(2 obs. dia_util)[0m
2026-07-07 15:13:18 [INFO] 
2026-07-07 15:13:18 [INFO]   🔴 [91m[1mPT0002000109837807PE[0m  [2m[Cluster 1][0m
2026-07-07 15:13:18 [INFO]      consumiu MAIS que o habitual às 13h
2026-07-07 15:13:18 [INFO]      [2mReal:[0m 21.0 kWh   [2mHabitual:[0m 4.0 ± 0.4 kWh   [2mz:[0m +10.00⁺   [2mdesvio:[0m +425%   [2m(2 obs. dia_util)[0m
2026-07-07 15:13:18 [INFO] 
2026-07-07 15:13:18 [INFO]   🔴 [91m[1mPT0002000109837807PE[0m  [2m[Cluster 1][0m
2026-07-07 15:13:18 [INFO]      consumiu MAIS que o habitual às 14h
2026-07-07 15:13:18 [INFO]      [2mReal:[0m 20.0 kWh   [2mHabitual:[0m 4.0 ± 0.4 kWh   [2mz:[0m +10.00⁺   [2mdesvio:[0m +400%   [2m(2 obs. dia_util)[0m
2026-07-07 15:13:18 [INFO] 
2026-07-07 15:13:18 [INFO]   🔴 [91m[1mPT0002000109837807PE[0m  [2m[Cluster 1][0m
2026-07-07 15:13:18 [INFO]      consumiu MAIS que o habitual às 15h
2026-07-07 15:13:18 [INFO]      [2mReal:[0m 21.0 kWh   [2mHabitual:[0m 4.0 ± 0.4 kWh   [2mz:[0m +10.00⁺   [2mdesvio:[0m +425%   [2m(2 obs. dia_util)[0m
2026-07-07 15:13:18 [INFO] 
2026-07-07 15:13:18 [INFO]   🔴 [91m[1mPT0002000109837807PE[0m  [2m[Cluster 1][0m
2026-07-07 15:13:18 [INFO]      consumiu MAIS que o habitual às 16h
2026-07-07 15:13:18 [INFO]      [2mReal:[0m 20.0 kWh   [2mHabitual:[0m 4.0 ± 0.4 kWh   [2mz:[0m +10.00⁺   [2mdesvio:[0m +400%   [2m(2 obs. dia_util)[0m
2026-07-07 15:13:18 [INFO] 
2026-07-07 15:13:18 [INFO]   🔴 [91m[1mPT0002000110090564GD[0m  [2m[Cluster 1][0m
2026-07-07 15:13:18 [INFO]      consumiu MAIS que o habitual às 14h
2026-07-07 15:13:18 [INFO]      [2mReal:[0m 30.0 kWh   [2mHabitual:[0m 5.0 ± 0.5 kWh   [2mz:[0m +10.00⁺   [2mdesvio:[0m +500%   [2m(2 obs. dia_util)[0m
2026-07-07 15:13:18 [INFO] 
2026-07-07 15:13:18 [INFO]   🔴 [91m[1mPT0002000110090564GD[0m  [2m[Cluster 1][0m
2026-07-07 15:13:18 [INFO]      consumiu MAIS que o habitual às 15h
2026-07-07 15:13:18 [INFO]      [2mReal:[0m 29.0 kWh   [2mHabitual:[0m 4.5 ± 0.7 kWh   [2mz:[0m +10.00⁺   [2mdesvio:[0m +544%   [2m(2 obs. dia_util)[0m
2026-07-07 15:13:18 [INFO] 
2026-07-07 15:13:18 [INFO]   🔴 [91m[1mPT0002000110090564GD[0m  [2m[Cluster 1][0m
2026-07-07 15:13:18 [INFO]      consumiu MAIS que o habitual às 16h
2026-07-07 15:13:18 [INFO]      [2mReal:[0m 30.0 kWh   [2mHabitual:[0m 5.0 ± 0.5 kWh   [2mz:[0m +10.00⁺   [2mdesvio:[0m +500%   [2m(2 obs. dia_util)[0m
2026-07-07 15:13:18 [INFO] 
2026-07-07 15:13:18 [INFO]   🔴 [91m[1mPT0002000110090564GD[0m  [2m[Cluster 1][0m
2026-07-07 15:13:18 [INFO]      consumiu MAIS que o habitual às 17h
2026-07-07 15:13:18 [INFO]      [2mReal:[0m 29.0 kWh   [2mHabitual:[0m 4.5 ± 0.7 kWh   [2mz:[0m +10.00⁺   [2mdesvio:[0m +544%   [2m(2 obs. dia_util)[0m
2026-07-07 15:13:18 [INFO] 
2026-07-07 15:13:18 [INFO]   🔴 [91m[1mPT0002000110090564GD[0m  [2m[Cluster 1][0m
2026-07-07 15:13:18 [INFO]      consumiu MAIS que o habitual às 18h
2026-07-07 15:13:18 [INFO]      [2mReal:[0m 30.0 kWh   [2mHabitual:[0m 5.0 ± 0.5 kWh   [2mz:[0m +10.00⁺   [2mdesvio:[0m +500%   [2m(2 obs. dia_util)[0m
2026-07-07 15:13:18 [INFO] 
2026-07-07 15:13:18 [INFO]   🔴 [91m[1mPT0002000110607652SB[0m  [2m[Cluster 0][0m
2026-07-07 15:13:18 [INFO]      consumiu MAIS que o habitual às 07h
2026-07-07 15:13:18 [INFO]      [2mReal:[0m 44.0 kWh   [2mHabitual:[0m 8.0 ± 0.8 kWh   [2mz:[0m +10.00⁺   [2mdesvio:[0m +450%   [2m(2 obs. dia_util)[0m
2026-07-07 15:13:18 [INFO] 
2026-07-07 15:13:18 [INFO]   🔴 [91m[1mPT0002000110607652SB[0m  [2m[Cluster 0][0m
2026-07-07 15:13:18 [INFO]      consumiu MAIS que o habitual às 08h
2026-07-07 15:13:18 [INFO]      [2mReal:[0m 96.0 kWh   [2mHabitual:[0m 8.0 ± 0.8 kWh   [2mz:[0m +10.00⁺   [2mdesvio:[0m +1100%   [2m(2 obs. dia_util)[0m
2026-07-07 15:13:18 [INFO] 
2026-07-07 15:13:18 [INFO]   🔴 [91m[1mPT0002000110607652SB[0m  [2m[Cluster 0][0m
2026-07-07 15:13:18 [INFO]      consumiu MAIS que o habitual às 09h
2026-07-07 15:13:18 [INFO]      [2mReal:[0m 96.0 kWh   [2mHabitual:[0m 8.0 ± 0.8 kWh   [2mz:[0m +10.00⁺   [2mdesvio:[0m +1100%   [2m(2 obs. dia_util)[0m
2026-07-07 15:13:18 [INFO] 
2026-07-07 15:13:18 [INFO]   🔴 [91m[1mPT0002000110607652SB[0m  [2m[Cluster 0][0m
2026-07-07 15:13:18 [INFO]      consumiu MAIS que o habitual às 10h
2026-07-07 15:13:18 [INFO]      [2mReal:[0m 104.0 kWh   [2mHabitual:[0m 10.0 ± 2.8 kWh   [2mz:[0m +10.00⁺   [2mdesvio:[0m +940%   [2m(2 obs. dia_util)[0m
2026-07-07 15:13:18 [INFO] 
2026-07-07 15:13:18 [INFO]   🔴 [91m[1mPT0002000110607652SB[0m  [2m[Cluster 0][0m
2026-07-07 15:13:18 [INFO]      consumiu MAIS que o habitual às 11h
2026-07-07 15:13:18 [INFO]      [2mReal:[0m 100.0 kWh   [2mHabitual:[0m 12.0 ± 1.2 kWh   [2mz:[0m +10.00⁺   [2mdesvio:[0m +733%   [2m(2 obs. dia_util)[0m
2026-07-07 15:13:18 [INFO] 
2026-07-07 15:13:18 [INFO]   🔴 [91m[1mPT0002000110607652SB[0m  [2m[Cluster 0][0m
2026-07-07 15:13:18 [INFO]      consumiu MAIS que o habitual às 12h
2026-07-07 15:13:18 [INFO]      [2mReal:[0m 104.0 kWh   [2mHabitual:[0m 8.0 ± 0.8 kWh   [2mz:[0m +10.00⁺   [2mdesvio:[0m +1200%   [2m(2 obs. dia_util)[0m
2026-07-07 15:13:18 [INFO] 
2026-07-07 15:13:18 [INFO]   🔴 [91m[1mPT0002000110607652SB[0m  [2m[Cluster 0][0m
2026-07-07 15:13:18 [INFO]      consumiu MAIS que o habitual às 13h
2026-07-07 15:13:18 [INFO]      [2mReal:[0m 100.0 kWh   [2mHabitual:[0m 12.0 ± 1.2 kWh   [2mz:[0m +10.00⁺   [2mdesvio:[0m +733%   [2m(2 obs. dia_util)[0m
2026-07-07 15:13:18 [INFO] 
2026-07-07 15:13:18 [INFO]   🔴 [91m[1mPT0002000110607652SB[0m  [2m[Cluster 0][0m
2026-07-07 15:13:18 [INFO]      consumiu MAIS que o habitual às 14h
2026-07-07 15:13:18 [INFO]      [2mReal:[0m 100.0 kWh   [2mHabitual:[0m 10.0 ± 2.8 kWh   [2mz:[0m +10.00⁺   [2mdesvio:[0m +900%   [2m(2 obs. dia_util)[0m
2026-07-07 15:13:18 [INFO] 
2026-07-07 15:13:18 [INFO]   🔴 [91m[1mPT0002000110607652SB[0m  [2m[Cluster 0][0m
2026-07-07 15:13:18 [INFO]      consumiu MAIS que o habitual às 15h
2026-07-07 15:13:18 [INFO]      [2mReal:[0m 104.0 kWh   [2mHabitual:[0m 12.0 ± 1.2 kWh   [2mz:[0m +10.00⁺   [2mdesvio:[0m +767%   [2m(2 obs. dia_util)[0m
2026-07-07 15:13:18 [INFO] 
2026-07-07 15:13:18 [INFO]   🔴 [91m[1mPT0002000110607652SB[0m  [2m[Cluster 0][0m
2026-07-07 15:13:18 [INFO]      consumiu MAIS que o habitual às 16h
2026-07-07 15:13:18 [INFO]      [2mReal:[0m 100.0 kWh   [2mHabitual:[0m 8.0 ± 0.8 kWh   [2mz:[0m +10.00⁺   [2mdesvio:[0m +1150%   [2m(2 obs. dia_util)[0m
2026-07-07 15:13:18 [INFO] 
2026-07-07 15:13:18 [INFO]   🔴 [91m[1mPT0002000110607652SB[0m  [2m[Cluster 0][0m
2026-07-07 15:13:18 [INFO]      consumiu MAIS que o habitual às 17h
2026-07-07 15:13:18 [INFO]      [2mReal:[0m 100.0 kWh   [2mHabitual:[0m 12.0 ± 1.2 kWh   [2mz:[0m +10.00⁺   [2mdesvio:[0m +733%   [2m(2 obs. dia_util)[0m
2026-07-07 15:13:18 [INFO] 
2026-07-07 15:13:18 [INFO]   🔴 [91m[1mPT0002000110607652SB[0m  [2m[Cluster 0][0m
2026-07-07 15:13:18 [INFO]      consumiu MAIS que o habitual às 18h
2026-07-07 15:13:18 [INFO]      [2mReal:[0m 92.0 kWh   [2mHabitual:[0m 8.0 ± 0.8 kWh   [2mz:[0m +10.00⁺   [2mdesvio:[0m +1050%   [2m(2 obs. dia_util)[0m
2026-07-07 15:13:18 [INFO] 
2026-07-07 15:13:18 [INFO]   🔴 [91m[1mPT0002000110607652SB[0m  [2m[Cluster 0][0m
2026-07-07 15:13:18 [INFO]      consumiu MAIS que o habitual às 19h
2026-07-07 15:13:18 [INFO]      [2mReal:[0m 68.0 kWh   [2mHabitual:[0m 12.0 ± 1.2 kWh   [2mz:[0m +10.00⁺   [2mdesvio:[0m +467%   [2m(2 obs. dia_util)[0m
2026-07-07 15:13:18 [INFO] 
2026-07-07 15:13:18 [INFO]   🔴 [91m[1mPT0002000110814293YC[0m  [2m[sem cluster][0m
2026-07-07 15:13:18 [INFO]      consumiu MAIS que o habitual às 11h
2026-07-07 15:13:18 [INFO]      [2mReal:[0m 53.0 kWh   [2mHabitual:[0m 21.5 ± 2.1 kWh   [2mz:[0m +10.00⁺   [2mdesvio:[0m +147%   [2m(2 obs. dia_util)[0m
2026-07-07 15:13:18 [INFO] 
2026-07-07 15:13:18 [INFO]   🔴 [91m[1mPT0002000110814293YC[0m  [2m[sem cluster][0m
2026-07-07 15:13:18 [INFO]      consumiu MAIS que o habitual às 12h
2026-07-07 15:13:18 [INFO]      [2mReal:[0m 73.0 kWh   [2mHabitual:[0m 22.0 ± 2.2 kWh   [2mz:[0m +10.00⁺   [2mdesvio:[0m +232%   [2m(2 obs. dia_util)[0m
2026-07-07 15:13:18 [INFO] 
2026-07-07 15:13:18 [INFO]   🔴 [91m[1mPT0002000110814293YC[0m  [2m[sem cluster][0m
2026-07-07 15:13:18 [INFO]      consumiu MAIS que o habitual às 13h
2026-07-07 15:13:18 [INFO]      [2mReal:[0m 73.0 kWh   [2mHabitual:[0m 22.0 ± 2.2 kWh   [2mz:[0m +10.00⁺   [2mdesvio:[0m +232%   [2m(2 obs. dia_util)[0m
2026-07-07 15:13:18 [INFO] 
2026-07-07 15:13:18 [INFO]   🔴 [91m[1mPT0002000110814293YC[0m  [2m[sem cluster][0m
2026-07-07 15:13:18 [INFO]      consumiu MAIS que o habitual às 14h
2026-07-07 15:13:18 [INFO]      [2mReal:[0m 75.0 kWh   [2mHabitual:[0m 22.5 ± 2.2 kWh   [2mz:[0m +10.00⁺   [2mdesvio:[0m +233%   [2m(2 obs. dia_util)[0m
2026-07-07 15:13:18 [INFO] 
2026-07-07 15:13:18 [INFO]   🔴 [91m[1mPT0002000110814293YC[0m  [2m[sem cluster][0m
2026-07-07 15:13:18 [INFO]      consumiu MAIS que o habitual às 15h
2026-07-07 15:13:18 [INFO]      [2mReal:[0m 73.0 kWh   [2mHabitual:[0m 22.0 ± 2.2 kWh   [2mz:[0m +10.00⁺   [2mdesvio:[0m +232%   [2m(2 obs. dia_util)[0m
2026-07-07 15:13:18 [INFO] 
2026-07-07 15:13:18 [INFO]   🔴 [91m[1mPT0002000110814293YC[0m  [2m[sem cluster][0m
2026-07-07 15:13:18 [INFO]      consumiu MAIS que o habitual às 16h
2026-07-07 15:13:18 [INFO]      [2mReal:[0m 73.0 kWh   [2mHabitual:[0m 20.5 ± 2.0 kWh   [2mz:[0m +10.00⁺   [2mdesvio:[0m +256%   [2m(2 obs. dia_util)[0m
2026-07-07 15:13:18 [INFO] 
2026-07-07 15:13:18 [INFO]   🔴 [91m[1mPT0002000110814293YC[0m  [2m[sem cluster][0m
2026-07-07 15:13:18 [INFO]      consumiu MAIS que o habitual às 17h
2026-07-07 15:13:18 [INFO]      [2mReal:[0m 72.0 kWh   [2mHabitual:[0m 21.0 ± 2.1 kWh   [2mz:[0m +10.00⁺   [2mdesvio:[0m +243%   [2m(2 obs. dia_util)[0m
2026-07-07 15:13:18 [INFO] 
2026-07-07 15:13:18 [INFO]   🔴 [91m[1mPT0002000110814293YC[0m  [2m[sem cluster][0m
2026-07-07 15:13:18 [INFO]      consumiu MAIS que o habitual às 18h
2026-07-07 15:13:18 [INFO]      [2mReal:[0m 70.0 kWh   [2mHabitual:[0m 21.5 ± 2.1 kWh   [2mz:[0m +10.00⁺   [2mdesvio:[0m +226%   [2m(2 obs. dia_util)[0m
2026-07-07 15:13:18 [INFO] 
2026-07-07 15:13:18 [INFO]   🔴 [91m[1mPT0002000110814293YC[0m  [2m[sem cluster][0m
2026-07-07 15:13:18 [INFO]      consumiu MAIS que o habitual às 19h
2026-07-07 15:13:18 [INFO]      [2mReal:[0m 69.0 kWh   [2mHabitual:[0m 21.0 ± 2.1 kWh   [2mz:[0m +10.00⁺   [2mdesvio:[0m +229%   [2m(2 obs. dia_util)[0m
2026-07-07 15:13:18 [INFO] 
2026-07-07 15:13:18 [INFO]   🔴 [91m[1mPT0002000110814293YC[0m  [2m[sem cluster][0m
2026-07-07 15:13:18 [INFO]      consumiu MAIS que o habitual às 20h
2026-07-07 15:13:18 [INFO]      [2mReal:[0m 63.0 kWh   [2mHabitual:[0m 20.5 ± 2.0 kWh   [2mz:[0m +10.00⁺   [2mdesvio:[0m +207%   [2m(2 obs. dia_util)[0m
2026-07-07 15:13:18 [INFO] 
2026-07-07 15:13:18 [INFO]   🔴 [91m[1mPT0002000110814293YC[0m  [2m[sem cluster][0m
2026-07-07 15:13:18 [INFO]      consumiu MAIS que o habitual às 21h
2026-07-07 15:13:18 [INFO]      [2mReal:[0m 60.0 kWh   [2mHabitual:[0m 19.7 ± 2.5 kWh   [2mz:[0m +10.00⁺   [2mdesvio:[0m +205%   [2m(3 obs. dia_util)[0m
2026-07-07 15:13:18 [INFO] 
2026-07-07 15:13:18 [INFO]   🔴 [91m[1mPT0002000110814293YC[0m  [2m[sem cluster][0m
2026-07-07 15:13:18 [INFO]      consumiu MAIS que o habitual às 22h
2026-07-07 15:13:18 [INFO]      [2mReal:[0m 61.0 kWh   [2mHabitual:[0m 22.0 ± 2.2 kWh   [2mz:[0m +10.00⁺   [2mdesvio:[0m +177%   [2m(3 obs. dia_util)[0m
2026-07-07 15:13:18 [INFO] 
2026-07-07 15:13:18 [INFO]   🔴 [91m[1mPT0002000110814293YC[0m  [2m[sem cluster][0m
2026-07-07 15:13:18 [INFO]      consumiu MAIS que o habitual às 23h
2026-07-07 15:13:18 [INFO]      [2mReal:[0m 61.0 kWh   [2mHabitual:[0m 21.7 ± 2.2 kWh   [2mz:[0m +10.00⁺   [2mdesvio:[0m +181%   [2m(3 obs. dia_util)[0m
2026-07-07 15:13:18 [INFO] 
2026-07-07 15:13:18 [INFO]   🔴 [91m[1mPT0002000111572054VT[0m  [2m[sem cluster][0m
2026-07-07 15:13:18 [INFO]      consumiu MAIS que o habitual às 08h
2026-07-07 15:13:18 [INFO]      [2mReal:[0m 18.0 kWh   [2mHabitual:[0m 6.5 ± 0.7 kWh   [2mz:[0m +10.00⁺   [2mdesvio:[0m +177%   [2m(2 obs. dia_util)[0m
2026-07-07 15:13:18 [INFO] 
2026-07-07 15:13:18 [INFO]   🔴 [91m[1mPT0002000111572054VT[0m  [2m[sem cluster][0m
2026-07-07 15:13:18 [INFO]      consumiu MAIS que o habitual às 09h
2026-07-07 15:13:18 [INFO]      [2mReal:[0m 9.0 kWh   [2mHabitual:[0m 1.0 ± 0.3 kWh   [2mz:[0m +10.00⁺   [2mdesvio:[0m +800%   [2m(2 obs. dia_util)[0m
2026-07-07 15:13:18 [INFO] 
2026-07-07 15:13:18 [INFO]   🔴 [91m[1mPT0002000111572054VT[0m  [2m[sem cluster][0m
2026-07-07 15:13:18 [INFO]      consumiu MAIS que o habitual às 10h
2026-07-07 15:13:18 [INFO]      [2mReal:[0m 7.0 kWh   [2mHabitual:[0m 0.0 ± 0.3 kWh   [2mz:[0m +10.00⁺   [2mdesvio:[0m +700000%   [2m(2 obs. dia_util)[0m
2026-07-07 15:13:18 [INFO] 
2026-07-07 15:13:18 [INFO]   🔴 [91m[1mPT0002000111572054VT[0m  [2m[sem cluster][0m
2026-07-07 15:13:18 [INFO]      consumiu MAIS que o habitual às 11h
2026-07-07 15:13:18 [INFO]      [2mReal:[0m 6.0 kWh   [2mHabitual:[0m 0.0 ± 0.3 kWh   [2mz:[0m +10.00⁺   [2mdesvio:[0m +600000%   [2m(2 obs. dia_util)[0m
2026-07-07 15:13:18 [INFO] 
2026-07-07 15:13:18 [INFO]   🔴 [91m[1mPT0002000111572054VT[0m  [2m[sem cluster][0m
2026-07-07 15:13:18 [INFO]      consumiu MAIS que o habitual às 12h
2026-07-07 15:13:18 [INFO]      [2mReal:[0m 6.0 kWh   [2mHabitual:[0m 0.0 ± 0.3 kWh   [2mz:[0m +10.00⁺   [2mdesvio:[0m +600000%   [2m(2 obs. dia_util)[0m
2026-07-07 15:13:18 [INFO] 
2026-07-07 15:13:18 [INFO]   🔴 [91m[1mPT0002000111572054VT[0m  [2m[sem cluster][0m
2026-07-07 15:13:18 [INFO]      consumiu MAIS que o habitual às 13h
2026-07-07 15:13:18 [INFO]      [2mReal:[0m 4.0 kWh   [2mHabitual:[0m 0.0 ± 0.3 kWh   [2mz:[0m +10.00⁺   [2mdesvio:[0m +400000%   [2m(2 obs. dia_util)[0m
2026-07-07 15:13:18 [INFO] 
2026-07-07 15:13:18 [INFO]   🔴 [91m[1mPT0002000111572054VT[0m  [2m[sem cluster][0m
2026-07-07 15:13:18 [INFO]      consumiu MAIS que o habitual às 14h
2026-07-07 15:13:18 [INFO]      [2mReal:[0m 6.0 kWh   [2mHabitual:[0m 0.0 ± 0.3 kWh   [2mz:[0m +10.00⁺   [2mdesvio:[0m +600000%   [2m(2 obs. dia_util)[0m
2026-07-07 15:13:18 [INFO] 
2026-07-07 15:13:18 [INFO]   🔴 [91m[1mPT0002000111572054VT[0m  [2m[sem cluster][0m
2026-07-07 15:13:18 [INFO]      consumiu MAIS que o habitual às 15h
2026-07-07 15:13:18 [INFO]      [2mReal:[0m 8.0 kWh   [2mHabitual:[0m 0.0 ± 0.3 kWh   [2mz:[0m +10.00⁺   [2mdesvio:[0m +800000%   [2m(2 obs. dia_util)[0m
2026-07-07 15:13:18 [INFO] 
2026-07-07 15:13:18 [INFO]   🔴 [91m[1mPT0002000111572054VT[0m  [2m[sem cluster][0m
2026-07-07 15:13:18 [INFO]      consumiu MAIS que o habitual às 16h
2026-07-07 15:13:18 [INFO]      [2mReal:[0m 9.0 kWh   [2mHabitual:[0m 0.0 ± 0.3 kWh   [2mz:[0m +10.00⁺   [2mdesvio:[0m +900000%   [2m(2 obs. dia_util)[0m
2026-07-07 15:13:18 [INFO] 
2026-07-07 15:13:18 [INFO]   🔴 [91m[1mPT0002000114613364CC[0m  [2m[sem cluster][0m
2026-07-07 15:13:18 [INFO]      consumiu MAIS que o habitual às 08h
2026-07-07 15:13:18 [INFO]      [2mReal:[0m 319.0 kWh   [2mHabitual:[0m 131.0 ± 13.1 kWh   [2mz:[0m +10.00⁺   [2mdesvio:[0m +144%   [2m(2 obs. dia_util)[0m
2026-07-07 15:13:18 [INFO] 
2026-07-07 15:13:18 [INFO]   🔴 [91m[1mPT0002000114613364CC[0m  [2m[sem cluster][0m
2026-07-07 15:13:18 [INFO]      consumiu MAIS que o habitual às 09h
2026-07-07 15:13:18 [INFO]      [2mReal:[0m 346.0 kWh   [2mHabitual:[0m 139.5 ± 13.9 kWh   [2mz:[0m +10.00⁺   [2mdesvio:[0m +148%   [2m(2 obs. dia_util)[0m
2026-07-07 15:13:18 [INFO] 
2026-07-07 15:13:18 [INFO]   🔴 [91m[1mPT0002000114613364CC[0m  [2m[sem cluster][0m
2026-07-07 15:13:18 [INFO]      consumiu MAIS que o habitual às 10h
2026-07-07 15:13:18 [INFO]      [2mReal:[0m 346.0 kWh   [2mHabitual:[0m 136.0 ± 13.6 kWh   [2mz:[0m +10.00⁺   [2mdesvio:[0m +154%   [2m(2 obs. dia_util)[0m
2026-07-07 15:13:18 [INFO] 
2026-07-07 15:13:18 [INFO]   🔴 [91m[1mPT0002000114613364CC[0m  [2m[sem cluster][0m
2026-07-07 15:13:18 [INFO]      consumiu MAIS que o habitual às 11h
2026-07-07 15:13:18 [INFO]      [2mReal:[0m 343.0 kWh   [2mHabitual:[0m 136.0 ± 13.6 kWh   [2mz:[0m +10.00⁺   [2mdesvio:[0m +152%   [2m(2 obs. dia_util)[0m
2026-07-07 15:13:18 [INFO] 
2026-07-07 15:13:18 [INFO]   🔴 [91m[1mPT0002000114613364CC[0m  [2m[sem cluster][0m
2026-07-07 15:13:18 [INFO]      consumiu MAIS que o habitual às 12h
2026-07-07 15:13:18 [INFO]      [2mReal:[0m 331.0 kWh   [2mHabitual:[0m 137.0 ± 13.7 kWh   [2mz:[0m +10.00⁺   [2mdesvio:[0m +142%   [2m(2 obs. dia_util)[0m
2026-07-07 15:13:18 [INFO] 
2026-07-07 15:13:18 [INFO]   🔴 [91m[1mPT0002000114613364CC[0m  [2m[sem cluster][0m
2026-07-07 15:13:18 [INFO]      consumiu MAIS que o habitual às 13h
2026-07-07 15:13:18 [INFO]      [2mReal:[0m 302.0 kWh   [2mHabitual:[0m 140.5 ± 14.1 kWh   [2mz:[0m +10.00⁺   [2mdesvio:[0m +115%   [2m(2 obs. dia_util)[0m
2026-07-07 15:13:18 [INFO] 
2026-07-07 15:13:18 [INFO]   🔴 [91m[1mPT0002000114613364CC[0m  [2m[sem cluster][0m
2026-07-07 15:13:18 [INFO]      consumiu MAIS que o habitual às 14h
2026-07-07 15:13:18 [INFO]      [2mReal:[0m 312.0 kWh   [2mHabitual:[0m 140.0 ± 14.0 kWh   [2mz:[0m +10.00⁺   [2mdesvio:[0m +123%   [2m(2 obs. dia_util)[0m
2026-07-07 15:13:18 [INFO] 
2026-07-07 15:13:18 [INFO]   🔴 [91m[1mPT0002000114613364CC[0m  [2m[sem cluster][0m
2026-07-07 15:13:18 [INFO]      consumiu MAIS que o habitual às 15h
2026-07-07 15:13:18 [INFO]      [2mReal:[0m 305.0 kWh   [2mHabitual:[0m 142.0 ± 14.2 kWh   [2mz:[0m +10.00⁺   [2mdesvio:[0m +115%   [2m(2 obs. dia_util)[0m
2026-07-07 15:13:18 [INFO] 
2026-07-07 15:13:18 [INFO]   🔴 [91m[1mPT0002000115031201VQ[0m  [2m[Cluster 0][0m
2026-07-07 15:13:18 [INFO]      consumiu MAIS que o habitual às 07h
2026-07-07 15:13:18 [INFO]      [2mReal:[0m 11.0 kWh   [2mHabitual:[0m 4.0 ± 0.4 kWh   [2mz:[0m +10.00⁺   [2mdesvio:[0m +175%   [2m(2 obs. dia_util)[0m
2026-07-07 15:13:18 [INFO] 
2026-07-07 15:13:18 [INFO]   🔴 [91m[1mPT0002000115031201VQ[0m  [2m[Cluster 0][0m
2026-07-07 15:13:18 [INFO]      consumiu MAIS que o habitual às 08h
2026-07-07 15:13:18 [INFO]      [2mReal:[0m 29.0 kWh   [2mHabitual:[0m 5.5 ± 0.7 kWh   [2mz:[0m +10.00⁺   [2mdesvio:[0m +427%   [2m(2 obs. dia_util)[0m
2026-07-07 15:13:18 [INFO] 
2026-07-07 15:13:18 [INFO]   🔴 [91m[1mPT0002000115031201VQ[0m  [2m[Cluster 0][0m
2026-07-07 15:13:18 [INFO]      consumiu MAIS que o habitual às 09h
2026-07-07 15:13:18 [INFO]      [2mReal:[0m 39.0 kWh   [2mHabitual:[0m 4.0 ± 0.4 kWh   [2mz:[0m +10.00⁺   [2mdesvio:[0m +875%   [2m(2 obs. dia_util)[0m
2026-07-07 15:13:18 [INFO] 
2026-07-07 15:13:18 [INFO]   🔴 [91m[1mPT0002000115031201VQ[0m  [2m[Cluster 0][0m
2026-07-07 15:13:18 [INFO]      consumiu MAIS que o habitual às 10h
2026-07-07 15:13:18 [INFO]      [2mReal:[0m 58.0 kWh   [2mHabitual:[0m 4.0 ± 0.4 kWh   [2mz:[0m +10.00⁺   [2mdesvio:[0m +1350%   [2m(2 obs. dia_util)[0m
2026-07-07 15:13:18 [INFO] 
2026-07-07 15:13:18 [INFO]   🔴 [91m[1mPT0002000115031201VQ[0m  [2m[Cluster 0][0m
2026-07-07 15:13:18 [INFO]      consumiu MAIS que o habitual às 11h
2026-07-07 15:13:18 [INFO]      [2mReal:[0m 65.0 kWh   [2mHabitual:[0m 4.0 ± 0.4 kWh   [2mz:[0m +10.00⁺   [2mdesvio:[0m +1525%   [2m(2 obs. dia_util)[0m
2026-07-07 15:13:18 [INFO] 
2026-07-07 15:13:18 [INFO]   🔴 [91m[1mPT0002000115031201VQ[0m  [2m[Cluster 0][0m
2026-07-07 15:13:18 [INFO]      consumiu MAIS que o habitual às 12h
2026-07-07 15:13:18 [INFO]      [2mReal:[0m 66.0 kWh   [2mHabitual:[0m 4.0 ± 0.4 kWh   [2mz:[0m +10.00⁺   [2mdesvio:[0m +1550%   [2m(2 obs. dia_util)[0m
2026-07-07 15:13:18 [INFO] 
2026-07-07 15:13:18 [INFO]   🔴 [91m[1mPT0002000115031201VQ[0m  [2m[Cluster 0][0m
2026-07-07 15:13:18 [INFO]      consumiu MAIS que o habitual às 13h
2026-07-07 15:13:18 [INFO]      [2mReal:[0m 62.0 kWh   [2mHabitual:[0m 4.0 ± 0.4 kWh   [2mz:[0m +10.00⁺   [2mdesvio:[0m +1450%   [2m(2 obs. dia_util)[0m
2026-07-07 15:13:18 [INFO] 
2026-07-07 15:13:18 [INFO]   🔴 [91m[1mPT0002000115031201VQ[0m  [2m[Cluster 0][0m
2026-07-07 15:13:18 [INFO]      consumiu MAIS que o habitual às 14h
2026-07-07 15:13:18 [INFO]      [2mReal:[0m 56.0 kWh   [2mHabitual:[0m 4.0 ± 0.4 kWh   [2mz:[0m +10.00⁺   [2mdesvio:[0m +1300%   [2m(2 obs. dia_util)[0m
2026-07-07 15:13:18 [INFO] 
2026-07-07 15:13:18 [INFO]   🔴 [91m[1mPT0002000115031201VQ[0m  [2m[Cluster 0][0m
2026-07-07 15:13:18 [INFO]      consumiu MAIS que o habitual às 15h
2026-07-07 15:13:18 [INFO]      [2mReal:[0m 42.0 kWh   [2mHabitual:[0m 4.0 ± 0.4 kWh   [2mz:[0m +10.00⁺   [2mdesvio:[0m +950%   [2m(2 obs. dia_util)[0m
2026-07-07 15:13:18 [INFO] 
2026-07-07 15:13:18 [INFO]   🔴 [91m[1mPT0002000115031201VQ[0m  [2m[Cluster 0][0m
2026-07-07 15:13:18 [INFO]      consumiu MAIS que o habitual às 16h
2026-07-07 15:13:18 [INFO]      [2mReal:[0m 33.0 kWh   [2mHabitual:[0m 4.0 ± 0.4 kWh   [2mz:[0m +10.00⁺   [2mdesvio:[0m +725%   [2m(2 obs. dia_util)[0m
2026-07-07 15:13:18 [INFO] 
2026-07-07 15:13:18 [INFO]   🔴 [91m[1mPT0002000115031201VQ[0m  [2m[Cluster 0][0m
2026-07-07 15:13:18 [INFO]      consumiu MAIS que o habitual às 17h
2026-07-07 15:13:18 [INFO]      [2mReal:[0m 30.0 kWh   [2mHabitual:[0m 4.0 ± 0.4 kWh   [2mz:[0m +10.00⁺   [2mdesvio:[0m +650%   [2m(2 obs. dia_util)[0m
2026-07-07 15:13:18 [INFO] 
2026-07-07 15:13:18 [INFO]   🔴 [91m[1mPT0002000115031201VQ[0m  [2m[Cluster 0][0m
2026-07-07 15:13:18 [INFO]      consumiu MAIS que o habitual às 18h
2026-07-07 15:13:18 [INFO]      [2mReal:[0m 26.0 kWh   [2mHabitual:[0m 6.0 ± 0.6 kWh   [2mz:[0m +10.00⁺   [2mdesvio:[0m +333%   [2m(2 obs. dia_util)[0m
2026-07-07 15:13:18 [INFO] 
2026-07-07 15:13:18 [INFO]   🔴 [91m[1mPT0002000115673389QK[0m  [2m[Cluster 0][0m
2026-07-07 15:13:18 [INFO]      consumiu MAIS que o habitual às 09h
2026-07-07 15:13:18 [INFO]      [2mReal:[0m 76.0 kWh   [2mHabitual:[0m 26.5 ± 5.0 kWh   [2mz:[0m +10.00   [2mdesvio:[0m +187%   [2m(2 obs. dia_util)[0m
2026-07-07 15:13:18 [INFO] 
2026-07-07 15:13:18 [INFO]   🔴 [91m[1mPT0002000115673389QK[0m  [2m[Cluster 0][0m
2026-07-07 15:13:18 [INFO]      consumiu MAIS que o habitual às 10h
2026-07-07 15:13:18 [INFO]      [2mReal:[0m 113.0 kWh   [2mHabitual:[0m 28.0 ± 5.7 kWh   [2mz:[0m +10.00⁺   [2mdesvio:[0m +304%   [2m(2 obs. dia_util)[0m
2026-07-07 15:13:18 [INFO] 
2026-07-07 15:13:18 [INFO]   🔴 [91m[1mPT0002000115673389QK[0m  [2m[Cluster 0][0m
2026-07-07 15:13:18 [INFO]      consumiu MAIS que o habitual às 11h
2026-07-07 15:13:18 [INFO]      [2mReal:[0m 131.0 kWh   [2mHabitual:[0m 29.5 ± 5.0 kWh   [2mz:[0m +10.00⁺   [2mdesvio:[0m +344%   [2m(2 obs. dia_util)[0m
2026-07-07 15:13:18 [INFO] 
2026-07-07 15:13:18 [INFO]   🔴 [91m[1mPT0002000115673389QK[0m  [2m[Cluster 0][0m
2026-07-07 15:13:18 [INFO]      consumiu MAIS que o habitual às 12h
2026-07-07 15:13:18 [INFO]      [2mReal:[0m 127.0 kWh   [2mHabitual:[0m 33.0 ± 5.7 kWh   [2mz:[0m +10.00⁺   [2mdesvio:[0m +285%   [2m(2 obs. dia_util)[0m
2026-07-07 15:13:18 [INFO] 
2026-07-07 15:13:18 [INFO]   🔴 [91m[1mPT0002000115673471CB[0m  [2m[Cluster 0][0m
2026-07-07 15:13:18 [INFO]      consumiu MAIS que o habitual às 09h
2026-07-07 15:13:18 [INFO]      [2mReal:[0m 69.0 kWh   [2mHabitual:[0m 28.0 ± 2.8 kWh   [2mz:[0m +10.00⁺   [2mdesvio:[0m +146%   [2m(2 obs. dia_util)[0m
2026-07-07 15:13:18 [INFO] 
2026-07-07 15:13:18 [INFO]   🔴 [91m[1mPT0002000115673471CB[0m  [2m[Cluster 0][0m
2026-07-07 15:13:18 [INFO]      consumiu MAIS que o habitual às 11h
2026-07-07 15:13:18 [INFO]      [2mReal:[0m 72.0 kWh   [2mHabitual:[0m 20.5 ± 5.0 kWh   [2mz:[0m +10.00⁺   [2mdesvio:[0m +251%   [2m(2 obs. dia_util)[0m
2026-07-07 15:13:18 [INFO] 
2026-07-07 15:13:18 [INFO]   🔴 [91m[1mPT0002000115673471CB[0m  [2m[Cluster 0][0m
2026-07-07 15:13:18 [INFO]      consumiu MAIS que o habitual às 12h
2026-07-07 15:13:18 [INFO]      [2mReal:[0m 80.0 kWh   [2mHabitual:[0m 19.0 ± 2.8 kWh   [2mz:[0m +10.00⁺   [2mdesvio:[0m +321%   [2m(2 obs. dia_util)[0m
2026-07-07 15:13:18 [INFO] 
2026-07-07 15:13:18 [INFO]   🔴 [91m[1mPT0002000115673471CB[0m  [2m[Cluster 0][0m
2026-07-07 15:13:18 [INFO]      consumiu MAIS que o habitual às 13h
2026-07-07 15:13:18 [INFO]      [2mReal:[0m 51.0 kWh   [2mHabitual:[0m 19.5 ± 1.9 kWh   [2mz:[0m +10.00⁺   [2mdesvio:[0m +162%   [2m(2 obs. dia_util)[0m
2026-07-07 15:13:18 [INFO] 
2026-07-07 15:13:18 [INFO]   🔴 [91m[1mPT0002000115700602GW[0m  [2m[Cluster 0][0m
2026-07-07 15:13:18 [INFO]      consumiu MAIS que o habitual às 07h
2026-07-07 15:13:18 [INFO]      [2mReal:[0m 48.0 kWh   [2mHabitual:[0m 8.0 ± 0.8 kWh   [2mz:[0m +10.00⁺   [2mdesvio:[0m +500%   [2m(2 obs. dia_util)[0m
2026-07-07 15:13:18 [INFO] 
2026-07-07 15:13:18 [INFO]   🔴 [91m[1mPT0002000115700602GW[0m  [2m[Cluster 0][0m
2026-07-07 15:13:18 [INFO]      consumiu MAIS que o habitual às 08h
2026-07-07 15:13:18 [INFO]      [2mReal:[0m 74.0 kWh   [2mHabitual:[0m 8.5 ± 0.8 kWh   [2mz:[0m +10.00⁺   [2mdesvio:[0m +771%   [2m(2 obs. dia_util)[0m
2026-07-07 15:13:18 [INFO] 
2026-07-07 15:13:18 [INFO]   🔴 [91m[1mPT0002000115700602GW[0m  [2m[Cluster 0][0m
2026-07-07 15:13:18 [INFO]      consumiu MAIS que o habitual às 09h
2026-07-07 15:13:18 [INFO]      [2mReal:[0m 85.0 kWh   [2mHabitual:[0m 8.5 ± 0.8 kWh   [2mz:[0m +10.00⁺   [2mdesvio:[0m +900%   [2m(2 obs. dia_util)[0m
2026-07-07 15:13:18 [INFO] 
2026-07-07 15:13:18 [INFO]   🔴 [91m[1mPT0002000115700602GW[0m  [2m[Cluster 0][0m
2026-07-07 15:13:18 [INFO]      consumiu MAIS que o habitual às 10h
2026-07-07 15:13:18 [INFO]      [2mReal:[0m 89.0 kWh   [2mHabitual:[0m 9.0 ± 0.9 kWh   [2mz:[0m +10.00⁺   [2mdesvio:[0m +889%   [2m(2 obs. dia_util)[0m
2026-07-07 15:13:18 [INFO] 
2026-07-07 15:13:18 [INFO]   🔴 [91m[1mPT0002000115700602GW[0m  [2m[Cluster 0][0m
2026-07-07 15:13:18 [INFO]      consumiu MAIS que o habitual às 11h
2026-07-07 15:13:18 [INFO]      [2mReal:[0m 81.0 kWh   [2mHabitual:[0m 8.5 ± 0.8 kWh   [2mz:[0m +10.00⁺   [2mdesvio:[0m +853%   [2m(2 obs. dia_util)[0m
2026-07-07 15:13:18 [INFO] 
2026-07-07 15:13:18 [INFO]   🔴 [91m[1mPT0002000115700602GW[0m  [2m[Cluster 0][0m
2026-07-07 15:13:18 [INFO]      consumiu MAIS que o habitual às 12h
2026-07-07 15:13:18 [INFO]      [2mReal:[0m 87.0 kWh   [2mHabitual:[0m 8.5 ± 0.8 kWh   [2mz:[0m +10.00⁺   [2mdesvio:[0m +924%   [2m(2 obs. dia_util)[0m
2026-07-07 15:13:18 [INFO] 
2026-07-07 15:13:18 [INFO]   🔴 [91m[1mPT0002000115700602GW[0m  [2m[Cluster 0][0m
2026-07-07 15:13:18 [INFO]      consumiu MAIS que o habitual às 13h
2026-07-07 15:13:18 [INFO]      [2mReal:[0m 67.0 kWh   [2mHabitual:[0m 8.0 ± 0.8 kWh   [2mz:[0m +10.00⁺   [2mdesvio:[0m +738%   [2m(2 obs. dia_util)[0m
2026-07-07 15:13:18 [INFO] 
2026-07-07 15:13:18 [INFO]   🔴 [91m[1mPT0002000115700602GW[0m  [2m[Cluster 0][0m
2026-07-07 15:13:18 [INFO]      consumiu MAIS que o habitual às 14h
2026-07-07 15:13:18 [INFO]      [2mReal:[0m 72.0 kWh   [2mHabitual:[0m 9.0 ± 0.9 kWh   [2mz:[0m +10.00⁺   [2mdesvio:[0m +700%   [2m(2 obs. dia_util)[0m
2026-07-07 15:13:18 [INFO] 
2026-07-07 15:13:18 [INFO]   🔴 [91m[1mPT0002000115700602GW[0m  [2m[Cluster 0][0m
2026-07-07 15:13:18 [INFO]      consumiu MAIS que o habitual às 15h
2026-07-07 15:13:18 [INFO]      [2mReal:[0m 65.0 kWh   [2mHabitual:[0m 8.5 ± 0.8 kWh   [2mz:[0m +10.00⁺   [2mdesvio:[0m +665%   [2m(2 obs. dia_util)[0m
2026-07-07 15:13:18 [INFO] 
2026-07-07 15:13:18 [INFO]   🔴 [91m[1mPT0002000115700602GW[0m  [2m[Cluster 0][0m
2026-07-07 15:13:18 [INFO]      consumiu MAIS que o habitual às 16h
2026-07-07 15:13:18 [INFO]      [2mReal:[0m 57.0 kWh   [2mHabitual:[0m 9.5 ± 0.9 kWh   [2mz:[0m +10.00⁺   [2mdesvio:[0m +500%   [2m(2 obs. dia_util)[0m
2026-07-07 15:13:18 [INFO] 
2026-07-07 15:13:18 [INFO]   🔴 [91m[1mPT0002000115700602GW[0m  [2m[Cluster 0][0m
2026-07-07 15:13:18 [INFO]      consumiu MAIS que o habitual às 17h
2026-07-07 15:13:18 [INFO]      [2mReal:[0m 40.0 kWh   [2mHabitual:[0m 9.0 ± 0.9 kWh   [2mz:[0m +10.00⁺   [2mdesvio:[0m +344%   [2m(2 obs. dia_util)[0m
2026-07-07 15:13:18 [INFO] 
2026-07-07 15:13:18 [INFO]   🔴 [91m[1mPT0002000115700602GW[0m  [2m[Cluster 0][0m
2026-07-07 15:13:18 [INFO]      consumiu MAIS que o habitual às 18h
2026-07-07 15:13:18 [INFO]      [2mReal:[0m 30.0 kWh   [2mHabitual:[0m 8.5 ± 0.8 kWh   [2mz:[0m +10.00⁺   [2mdesvio:[0m +253%   [2m(2 obs. dia_util)[0m
2026-07-07 15:13:18 [INFO] 
2026-07-07 15:13:18 [INFO]   🔴 [91m[1mPT0002000116530964LH[0m  [2m[sem cluster][0m
2026-07-07 15:13:18 [INFO]      consumiu MAIS que o habitual às 15h
2026-07-07 15:13:18 [INFO]      [2mReal:[0m 178.0 kWh   [2mHabitual:[0m 81.5 ± 8.2 kWh   [2mz:[0m +10.00⁺   [2mdesvio:[0m +118%   [2m(2 obs. dia_util)[0m
2026-07-07 15:13:18 [INFO] 
2026-07-07 15:13:18 [INFO]   🔴 [91m[1mPT0002000119303492KB[0m  [2m[Cluster 0][0m
2026-07-07 15:13:18 [INFO]      consumiu MAIS que o habitual às 07h
2026-07-07 15:13:18 [INFO]      [2mReal:[0m 14.0 kWh   [2mHabitual:[0m 3.5 ± 0.7 kWh   [2mz:[0m +10.00⁺   [2mdesvio:[0m +300%   [2m(2 obs. dia_util)[0m
2026-07-07 15:13:18 [INFO] 
2026-07-07 15:13:18 [INFO]   🔴 [91m[1mPT0002000119303492KB[0m  [2m[Cluster 0][0m
2026-07-07 15:13:18 [INFO]      consumiu MAIS que o habitual às 08h
2026-07-07 15:13:18 [INFO]      [2mReal:[0m 19.0 kWh   [2mHabitual:[0m 3.5 ± 0.7 kWh   [2mz:[0m +10.00⁺   [2mdesvio:[0m +443%   [2m(2 obs. dia_util)[0m
2026-07-07 15:13:18 [INFO] 
2026-07-07 15:13:18 [INFO]   🔴 [91m[1mPT0002000119303492KB[0m  [2m[Cluster 0][0m
2026-07-07 15:13:18 [INFO]      consumiu MAIS que o habitual às 09h
2026-07-07 15:13:18 [INFO]      [2mReal:[0m 11.0 kWh   [2mHabitual:[0m 3.5 ± 0.7 kWh   [2mz:[0m +10.00⁺   [2mdesvio:[0m +214%   [2m(2 obs. dia_util)[0m
2026-07-07 15:13:18 [INFO] 
2026-07-07 15:13:18 [INFO]   🔴 [91m[1mPT0002000119303492KB[0m  [2m[Cluster 0][0m
2026-07-07 15:13:18 [INFO]      consumiu MAIS que o habitual às 10h
2026-07-07 15:13:18 [INFO]      [2mReal:[0m 25.0 kWh   [2mHabitual:[0m 3.5 ± 0.7 kWh   [2mz:[0m +10.00⁺   [2mdesvio:[0m +614%   [2m(2 obs. dia_util)[0m
2026-07-07 15:13:18 [INFO] 
2026-07-07 15:13:18 [INFO]   🔴 [91m[1mPT0002000119303492KB[0m  [2m[Cluster 0][0m
2026-07-07 15:13:18 [INFO]      consumiu MAIS que o habitual às 11h
2026-07-07 15:13:18 [INFO]      [2mReal:[0m 35.0 kWh   [2mHabitual:[0m 3.0 ± 0.3 kWh   [2mz:[0m +10.00⁺   [2mdesvio:[0m +1067%   [2m(2 obs. dia_util)[0m
2026-07-07 15:13:18 [INFO] 
2026-07-07 15:13:18 [INFO]   🔴 [91m[1mPT0002000119303492KB[0m  [2m[Cluster 0][0m
2026-07-07 15:13:18 [INFO]      consumiu MAIS que o habitual às 12h
2026-07-07 15:13:18 [INFO]      [2mReal:[0m 44.0 kWh   [2mHabitual:[0m 3.0 ± 0.3 kWh   [2mz:[0m +10.00⁺   [2mdesvio:[0m +1367%   [2m(2 obs. dia_util)[0m
2026-07-07 15:13:18 [INFO] 
2026-07-07 15:13:18 [INFO]   🔴 [91m[1mPT0002000119303492KB[0m  [2m[Cluster 0][0m
2026-07-07 15:13:18 [INFO]      consumiu MAIS que o habitual às 13h
2026-07-07 15:13:18 [INFO]      [2mReal:[0m 60.0 kWh   [2mHabitual:[0m 4.0 ± 0.4 kWh   [2mz:[0m +10.00⁺   [2mdesvio:[0m +1400%   [2m(2 obs. dia_util)[0m
2026-07-07 15:13:18 [INFO] 
2026-07-07 15:13:18 [INFO]   🔴 [91m[1mPT0002000119303492KB[0m  [2m[Cluster 0][0m
2026-07-07 15:13:18 [INFO]      consumiu MAIS que o habitual às 14h
2026-07-07 15:13:18 [INFO]      [2mReal:[0m 50.0 kWh   [2mHabitual:[0m 3.0 ± 0.3 kWh   [2mz:[0m +10.00⁺   [2mdesvio:[0m +1567%   [2m(2 obs. dia_util)[0m
2026-07-07 15:13:18 [INFO] 
2026-07-07 15:13:18 [INFO]   🔴 [91m[1mPT0002000119303492KB[0m  [2m[Cluster 0][0m
2026-07-07 15:13:18 [INFO]      consumiu MAIS que o habitual às 15h
2026-07-07 15:13:18 [INFO]      [2mReal:[0m 36.0 kWh   [2mHabitual:[0m 4.0 ± 0.4 kWh   [2mz:[0m +10.00⁺   [2mdesvio:[0m +800%   [2m(2 obs. dia_util)[0m
2026-07-07 15:13:18 [INFO] 
2026-07-07 15:13:18 [INFO]   🔴 [91m[1mPT0002000119303492KB[0m  [2m[Cluster 0][0m
2026-07-07 15:13:18 [INFO]      consumiu MAIS que o habitual às 16h
2026-07-07 15:13:18 [INFO]      [2mReal:[0m 33.0 kWh   [2mHabitual:[0m 3.0 ± 0.3 kWh   [2mz:[0m +10.00⁺   [2mdesvio:[0m +1000%   [2m(2 obs. dia_util)[0m
2026-07-07 15:13:18 [INFO] 
2026-07-07 15:13:18 [INFO]   🔴 [91m[1mPT0002000119303492KB[0m  [2m[Cluster 0][0m
2026-07-07 15:13:18 [INFO]      consumiu MAIS que o habitual às 17h
2026-07-07 15:13:18 [INFO]      [2mReal:[0m 25.0 kWh   [2mHabitual:[0m 3.5 ± 0.7 kWh   [2mz:[0m +10.00⁺   [2mdesvio:[0m +614%   [2m(2 obs. dia_util)[0m
2026-07-07 15:13:18 [INFO] 
2026-07-07 15:13:18 [INFO]   🔴 [91m[1mPT0002000119303492KB[0m  [2m[Cluster 0][0m
2026-07-07 15:13:18 [INFO]      consumiu MAIS que o habitual às 18h
2026-07-07 15:13:18 [INFO]      [2mReal:[0m 14.0 kWh   [2mHabitual:[0m 4.5 ± 0.7 kWh   [2mz:[0m +10.00⁺   [2mdesvio:[0m +211%   [2m(2 obs. dia_util)[0m
2026-07-07 15:13:18 [INFO] 
2026-07-07 15:13:18 [INFO]   🔴 [91m[1mPT0002000120237616VJ[0m  [2m[Cluster 0][0m
2026-07-07 15:13:18 [INFO]      consumiu MAIS que o habitual às 07h
2026-07-07 15:13:18 [INFO]      [2mReal:[0m 34.0 kWh   [2mHabitual:[0m 15.0 ± 1.5 kWh   [2mz:[0m +10.00⁺   [2mdesvio:[0m +127%   [2m(2 obs. dia_util)[0m
2026-07-07 15:13:18 [INFO] 
2026-07-07 15:13:18 [INFO]   🔴 [91m[1mPT0002000120237616VJ[0m  [2m[Cluster 0][0m
2026-07-07 15:13:18 [INFO]      consumiu MAIS que o habitual às 08h
2026-07-07 15:13:18 [INFO]      [2mReal:[0m 48.0 kWh   [2mHabitual:[0m 16.0 ± 1.6 kWh   [2mz:[0m +10.00⁺   [2mdesvio:[0m +200%   [2m(2 obs. dia_util)[0m
2026-07-07 15:13:18 [INFO] 
2026-07-07 15:13:18 [INFO]   🔴 [91m[1mPT0002000120237616VJ[0m  [2m[Cluster 0][0m
2026-07-07 15:13:18 [INFO]      consumiu MAIS que o habitual às 09h
2026-07-07 15:13:18 [INFO]      [2mReal:[0m 57.0 kWh   [2mHabitual:[0m 13.0 ± 1.3 kWh   [2mz:[0m +10.00⁺   [2mdesvio:[0m +338%   [2m(2 obs. dia_util)[0m
2026-07-07 15:13:18 [INFO] 
2026-07-07 15:13:18 [INFO]   🔴 [91m[1mPT0002000120237616VJ[0m  [2m[Cluster 0][0m
2026-07-07 15:13:18 [INFO]      consumiu MAIS que o habitual às 10h
2026-07-07 15:13:18 [INFO]      [2mReal:[0m 57.0 kWh   [2mHabitual:[0m 15.0 ± 1.5 kWh   [2mz:[0m +10.00⁺   [2mdesvio:[0m +280%   [2m(2 obs. dia_util)[0m
2026-07-07 15:13:18 [INFO] 
2026-07-07 15:13:18 [INFO]   🔴 [91m[1mPT0002000120237616VJ[0m  [2m[Cluster 0][0m
2026-07-07 15:13:18 [INFO]      consumiu MAIS que o habitual às 11h
2026-07-07 15:13:18 [INFO]      [2mReal:[0m 66.0 kWh   [2mHabitual:[0m 15.0 ± 1.5 kWh   [2mz:[0m +10.00⁺   [2mdesvio:[0m +340%   [2m(2 obs. dia_util)[0m
2026-07-07 15:13:18 [INFO] 
2026-07-07 15:13:18 [INFO]   🔴 [91m[1mPT0002000120237616VJ[0m  [2m[Cluster 0][0m
2026-07-07 15:13:18 [INFO]      consumiu MAIS que o habitual às 12h
2026-07-07 15:13:18 [INFO]      [2mReal:[0m 71.0 kWh   [2mHabitual:[0m 16.0 ± 1.6 kWh   [2mz:[0m +10.00⁺   [2mdesvio:[0m +344%   [2m(2 obs. dia_util)[0m
2026-07-07 15:13:18 [INFO] 
2026-07-07 15:13:18 [INFO]   🔴 [91m[1mPT0002000120237616VJ[0m  [2m[Cluster 0][0m
2026-07-07 15:13:18 [INFO]      consumiu MAIS que o habitual às 13h
2026-07-07 15:13:18 [INFO]      [2mReal:[0m 63.0 kWh   [2mHabitual:[0m 15.5 ± 1.6 kWh   [2mz:[0m +10.00⁺   [2mdesvio:[0m +306%   [2m(2 obs. dia_util)[0m
2026-07-07 15:13:18 [INFO] 
2026-07-07 15:13:18 [INFO]   🔴 [91m[1mPT0002000120237616VJ[0m  [2m[Cluster 0][0m
2026-07-07 15:13:18 [INFO]      consumiu MAIS que o habitual às 14h
2026-07-07 15:13:18 [INFO]      [2mReal:[0m 51.0 kWh   [2mHabitual:[0m 14.0 ± 1.4 kWh   [2mz:[0m +10.00⁺   [2mdesvio:[0m +264%   [2m(2 obs. dia_util)[0m
2026-07-07 15:13:18 [INFO] 
2026-07-07 15:13:18 [INFO]   🔴 [91m[1mPT0002000120237616VJ[0m  [2m[Cluster 0][0m
2026-07-07 15:13:18 [INFO]      consumiu MAIS que o habitual às 15h
2026-07-07 15:13:18 [INFO]      [2mReal:[0m 56.0 kWh   [2mHabitual:[0m 16.0 ± 1.6 kWh   [2mz:[0m +10.00⁺   [2mdesvio:[0m +250%   [2m(2 obs. dia_util)[0m
2026-07-07 15:13:18 [INFO] 
2026-07-07 15:13:18 [INFO]   🔴 [91m[1mPT0002000120237616VJ[0m  [2m[Cluster 0][0m
2026-07-07 15:13:18 [INFO]      consumiu MAIS que o habitual às 16h
2026-07-07 15:13:18 [INFO]      [2mReal:[0m 41.0 kWh   [2mHabitual:[0m 15.0 ± 1.5 kWh   [2mz:[0m +10.00⁺   [2mdesvio:[0m +173%   [2m(2 obs. dia_util)[0m
2026-07-07 15:13:18 [INFO] 
2026-07-07 15:13:18 [INFO]   🔴 [91m[1mPT0002000120237616VJ[0m  [2m[Cluster 0][0m
2026-07-07 15:13:18 [INFO]      consumiu MAIS que o habitual às 17h
2026-07-07 15:13:18 [INFO]      [2mReal:[0m 38.0 kWh   [2mHabitual:[0m 14.5 ± 1.4 kWh   [2mz:[0m +10.00⁺   [2mdesvio:[0m +162%   [2m(2 obs. dia_util)[0m
2026-07-07 15:13:18 [INFO] 
2026-07-07 15:13:18 [INFO]   🔴 [91m[1mPT0002000120237616VJ[0m  [2m[Cluster 0][0m
2026-07-07 15:13:18 [INFO]      consumiu MAIS que o habitual às 18h
2026-07-07 15:13:18 [INFO]      [2mReal:[0m 32.0 kWh   [2mHabitual:[0m 15.0 ± 1.5 kWh   [2mz:[0m +10.00⁺   [2mdesvio:[0m +113%   [2m(2 obs. dia_util)[0m
2026-07-07 15:13:18 [INFO] 
2026-07-07 15:13:18 [INFO]   🔴 [91m[1mPT0002000125379984SH[0m  [2m[Cluster 1][0m
2026-07-07 15:13:18 [INFO]      consumiu MAIS que o habitual às 01h
2026-07-07 15:13:18 [INFO]      [2mReal:[0m 10.0 kWh   [2mHabitual:[0m 3.0 ± 0.3 kWh   [2mz:[0m +10.00⁺   [2mdesvio:[0m +233%   [2m(2 obs. dia_util)[0m
2026-07-07 15:13:18 [INFO] 
2026-07-07 15:13:18 [INFO]   🔴 [91m[1mPT0002000125379984SH[0m  [2m[Cluster 1][0m
2026-07-07 15:13:18 [INFO]      consumiu MAIS que o habitual às 02h
2026-07-07 15:13:18 [INFO]      [2mReal:[0m 9.0 kWh   [2mHabitual:[0m 3.0 ± 0.3 kWh   [2mz:[0m +10.00⁺   [2mdesvio:[0m +200%   [2m(2 obs. dia_util)[0m
2026-07-07 15:13:18 [INFO] 
2026-07-07 15:13:18 [INFO]   🔴 [91m[1mPT0002000125379984SH[0m  [2m[Cluster 1][0m
2026-07-07 15:13:18 [INFO]      consumiu MAIS que o habitual às 03h
2026-07-07 15:13:18 [INFO]      [2mReal:[0m 8.0 kWh   [2mHabitual:[0m 2.0 ± 0.3 kWh   [2mz:[0m +10.00⁺   [2mdesvio:[0m +300%   [2m(2 obs. dia_util)[0m
2026-07-07 15:13:18 [INFO] 
2026-07-07 15:13:18 [INFO]   🔴 [91m[1mPT0002000125379984SH[0m  [2m[Cluster 1][0m
2026-07-07 15:13:18 [INFO]      consumiu MAIS que o habitual às 04h
2026-07-07 15:13:18 [INFO]      [2mReal:[0m 9.0 kWh   [2mHabitual:[0m 2.0 ± 0.3 kWh   [2mz:[0m +10.00⁺   [2mdesvio:[0m +350%   [2m(2 obs. dia_util)[0m
2026-07-07 15:13:18 [INFO] 
2026-07-07 15:13:18 [INFO]   🔴 [91m[1mPT0002000125379984SH[0m  [2m[Cluster 1][0m
2026-07-07 15:13:18 [INFO]      consumiu MAIS que o habitual às 05h
2026-07-07 15:13:18 [INFO]      [2mReal:[0m 8.0 kWh   [2mHabitual:[0m 2.0 ± 0.3 kWh   [2mz:[0m +10.00⁺   [2mdesvio:[0m +300%   [2m(2 obs. dia_util)[0m
2026-07-07 15:13:18 [INFO] 
2026-07-07 15:13:18 [INFO]   🔴 [91m[1mPT0002000125379984SH[0m  [2m[Cluster 1][0m
2026-07-07 15:13:18 [INFO]      consumiu MAIS que o habitual às 07h
2026-07-07 15:13:18 [INFO]      [2mReal:[0m 8.0 kWh   [2mHabitual:[0m 2.0 ± 0.3 kWh   [2mz:[0m +10.00⁺   [2mdesvio:[0m +300%   [2m(2 obs. dia_util)[0m
2026-07-07 15:13:18 [INFO] 
2026-07-07 15:13:18 [INFO]   🔴 [91m[1mPT0002000125379984SH[0m  [2m[Cluster 1][0m
2026-07-07 15:13:18 [INFO]      consumiu MAIS que o habitual às 08h
2026-07-07 15:13:18 [INFO]      [2mReal:[0m 15.0 kWh   [2mHabitual:[0m 2.5 ± 0.7 kWh   [2mz:[0m +10.00⁺   [2mdesvio:[0m +500%   [2m(2 obs. dia_util)[0m
2026-07-07 15:13:18 [INFO] 
2026-07-07 15:13:18 [INFO]   🔴 [91m[1mPT0002000201038711LS[0m  [2m[sem cluster][0m
2026-07-07 15:13:18 [INFO]      consumiu MAIS que o habitual às 06h
2026-07-07 15:13:18 [INFO]      [2mReal:[0m 4.0 kWh   [2mHabitual:[0m 0.0 ± 0.3 kWh   [2mz:[0m +10.00⁺   [2mdesvio:[0m +400000%   [2m(2 obs. dia_util)[0m
2026-07-07 15:13:18 [INFO] 
2026-07-07 15:13:18 [INFO]   🔴 [91m[1mPT0002000201038711LS[0m  [2m[sem cluster][0m
2026-07-07 15:13:18 [INFO]      consumiu MAIS que o habitual às 12h
2026-07-07 15:13:18 [INFO]      [2mReal:[0m 8.0 kWh   [2mHabitual:[0m 0.0 ± 0.3 kWh   [2mz:[0m +10.00⁺   [2mdesvio:[0m +800000%   [2m(2 obs. dia_util)[0m
2026-07-07 15:13:18 [INFO] 
2026-07-07 15:13:18 [INFO]   🔴 [91m[1mPT0002000201038711LS[0m  [2m[sem cluster][0m
2026-07-07 15:13:18 [INFO]      consumiu MAIS que o habitual às 13h
2026-07-07 15:13:18 [INFO]      [2mReal:[0m 27.0 kWh   [2mHabitual:[0m 0.0 ± 0.3 kWh   [2mz:[0m +10.00⁺   [2mdesvio:[0m +2700000%   [2m(2 obs. dia_util)[0m
2026-07-07 15:13:18 [INFO] 
2026-07-07 15:13:18 [INFO]   🔴 [91m[1mPT0002000201038711LS[0m  [2m[sem cluster][0m
2026-07-07 15:13:18 [INFO]      consumiu MAIS que o habitual às 14h
2026-07-07 15:13:18 [INFO]      [2mReal:[0m 15.0 kWh   [2mHabitual:[0m 0.0 ± 0.3 kWh   [2mz:[0m +10.00⁺   [2mdesvio:[0m +1500000%   [2m(2 obs. dia_util)[0m
2026-07-07 15:13:18 [INFO] 
2026-07-07 15:13:18 [INFO]   🔴 [91m[1mPT0002000201038711LS[0m  [2m[sem cluster][0m
2026-07-07 15:13:18 [INFO]      consumiu MAIS que o habitual às 15h
2026-07-07 15:13:18 [INFO]      [2mReal:[0m 23.0 kWh   [2mHabitual:[0m 0.0 ± 0.3 kWh   [2mz:[0m +10.00⁺   [2mdesvio:[0m +2300000%   [2m(2 obs. dia_util)[0m
2026-07-07 15:13:18 [INFO] 
2026-07-07 15:13:18 [INFO]   🔴 [91m[1mPT0002000203886452WB[0m  [2m[sem cluster][0m
2026-07-07 15:13:18 [INFO]      consumiu MAIS que o habitual às 03h
2026-07-07 15:13:18 [INFO]      [2mReal:[0m 8.0 kWh   [2mHabitual:[0m 4.0 ± 0.4 kWh   [2mz:[0m +10.00   [2mdesvio:[0m +100%   [2m(2 obs. dia_util)[0m
2026-07-07 15:13:18 [INFO] 
2026-07-07 15:13:18 [INFO]   🔴 [91m[1mPT0002000203886452WB[0m  [2m[sem cluster][0m
2026-07-07 15:13:18 [INFO]      consumiu MAIS que o habitual às 12h
2026-07-07 15:13:18 [INFO]      [2mReal:[0m 8.0 kWh   [2mHabitual:[0m 4.0 ± 0.4 kWh   [2mz:[0m +10.00   [2mdesvio:[0m +100%   [2m(2 obs. dia_util)[0m
2026-07-07 15:13:18 [INFO] 
2026-07-07 15:13:18 [INFO]   🔴 [91m[1mPT0002000068857897ZV[0m  [2m[Cluster 0][0m
2026-07-07 15:13:18 [INFO]      consumiu MAIS que o habitual às 12h
2026-07-07 15:13:18 [INFO]      [2mReal:[0m 56.0 kWh   [2mHabitual:[0m 28.0 ± 2.8 kWh   [2mz:[0m +9.90   [2mdesvio:[0m +100%   [2m(2 obs. dia_util)[0m
2026-07-07 15:13:18 [INFO] 
2026-07-07 15:13:18 [INFO]   🔴 [91m[1mPT0002000116530964LH[0m  [2m[sem cluster][0m
2026-07-07 15:13:18 [INFO]      consumiu MAIS que o habitual às 14h
2026-07-07 15:13:18 [INFO]      [2mReal:[0m 163.0 kWh   [2mHabitual:[0m 82.0 ± 8.2 kWh   [2mz:[0m +9.88   [2mdesvio:[0m +99%   [2m(2 obs. dia_util)[0m
2026-07-07 15:13:18 [INFO] 
2026-07-07 15:13:18 [INFO]   🔴 [91m[1mPT0002000116530964LH[0m  [2m[sem cluster][0m
2026-07-07 15:13:18 [INFO]      consumiu MAIS que o habitual às 11h
2026-07-07 15:13:18 [INFO]      [2mReal:[0m 169.0 kWh   [2mHabitual:[0m 85.5 ± 8.6 kWh   [2mz:[0m +9.77   [2mdesvio:[0m +98%   [2m(2 obs. dia_util)[0m
2026-07-07 15:13:18 [INFO] 
2026-07-07 15:13:18 [INFO]   🔴 [91m[1mPT0002000201038711LS[0m  [2m[sem cluster][0m
2026-07-07 15:13:18 [INFO]      consumiu MAIS que o habitual às 23h
2026-07-07 15:13:18 [INFO]      [2mReal:[0m 22.0 kWh   [2mHabitual:[0m 1.7 ± 2.1 kWh   [2mz:[0m +9.77   [2mdesvio:[0m +1217%   [2m(3 obs. dia_util)[0m
2026-07-07 15:13:18 [INFO] 
2026-07-07 15:13:18 [INFO]   🔴 [91m[1mPT0002000116530964LH[0m  [2m[sem cluster][0m
2026-07-07 15:13:18 [INFO]      consumiu MAIS que o habitual às 09h
2026-07-07 15:13:18 [INFO]      [2mReal:[0m 167.0 kWh   [2mHabitual:[0m 84.5 ± 8.4 kWh   [2mz:[0m +9.76   [2mdesvio:[0m +98%   [2m(2 obs. dia_util)[0m
2026-07-07 15:13:18 [INFO] 
2026-07-07 15:13:18 [INFO]   🔴 [91m[1mPT0002000201038711LS[0m  [2m[sem cluster][0m
2026-07-07 15:13:18 [INFO]      consumiu MAIS que o habitual às 20h
2026-07-07 15:13:18 [INFO]      [2mReal:[0m 83.0 kWh   [2mHabitual:[0m 35.5 ± 5.0 kWh   [2mz:[0m +9.60   [2mdesvio:[0m +134%   [2m(2 obs. dia_util)[0m
2026-07-07 15:13:18 [INFO] 
2026-07-07 15:13:18 [INFO]   🔴 [91m[1mPT0002000116530964LH[0m  [2m[sem cluster][0m
2026-07-07 15:13:18 [INFO]      consumiu MAIS que o habitual às 10h
2026-07-07 15:13:18 [INFO]      [2mReal:[0m 168.0 kWh   [2mHabitual:[0m 86.0 ± 8.6 kWh   [2mz:[0m +9.53   [2mdesvio:[0m +95%   [2m(2 obs. dia_util)[0m
2026-07-07 15:13:18 [INFO] 
2026-07-07 15:13:18 [INFO]   🔴 [91m[1mPT0002000114613364CC[0m  [2m[sem cluster][0m
2026-07-07 15:13:18 [INFO]      consumiu MAIS que o habitual às 16h
2026-07-07 15:13:18 [INFO]      [2mReal:[0m 279.0 kWh   [2mHabitual:[0m 143.0 ± 14.3 kWh   [2mz:[0m +9.51   [2mdesvio:[0m +95%   [2m(2 obs. dia_util)[0m
2026-07-07 15:13:18 [INFO] 
2026-07-07 15:13:18 [INFO]   🔴 [91m[1mPT0002000115673389QK[0m  [2m[Cluster 0][0m
2026-07-07 15:13:18 [INFO]      consumiu MAIS que o habitual às 14h
2026-07-07 15:13:18 [INFO]      [2mReal:[0m 139.0 kWh   [2mHabitual:[0m 38.5 ± 10.6 kWh   [2mz:[0m +9.48   [2mdesvio:[0m +261%   [2m(2 obs. dia_util)[0m
2026-07-07 15:13:18 [INFO] 
2026-07-07 15:13:18 [INFO]   🔴 [91m[1mPT0002000068856655YV[0m  [2m[Cluster 0][0m
2026-07-07 15:13:18 [INFO]      consumiu MAIS que o habitual às 16h
2026-07-07 15:13:18 [INFO]      [2mReal:[0m 9.0 kWh   [2mHabitual:[0m 2.5 ± 0.7 kWh   [2mz:[0m +9.19   [2mdesvio:[0m +260%   [2m(2 obs. dia_util)[0m
2026-07-07 15:13:18 [INFO] 
2026-07-07 15:13:18 [INFO]   🔴 [91m[1mPT0002000068857897ZV[0m  [2m[Cluster 0][0m
2026-07-07 15:13:18 [INFO]      consumiu MAIS que o habitual às 09h
2026-07-07 15:13:18 [INFO]      [2mReal:[0m 54.0 kWh   [2mHabitual:[0m 28.0 ± 2.8 kWh   [2mz:[0m +9.19   [2mdesvio:[0m +93%   [2m(2 obs. dia_util)[0m
2026-07-07 15:13:18 [INFO] 
2026-07-07 15:13:18 [INFO]   🔴 [91m[1mPT0002000075637532JB[0m  [2m[Cluster 0][0m
2026-07-07 15:13:18 [INFO]      consumiu MAIS que o habitual às 08h
2026-07-07 15:13:18 [INFO]      [2mReal:[0m 13.0 kWh   [2mHabitual:[0m 6.5 ± 0.7 kWh   [2mz:[0m +9.19   [2mdesvio:[0m +100%   [2m(2 obs. dia_util)[0m
2026-07-07 15:13:18 [INFO] 
2026-07-07 15:13:18 [INFO]   🔴 [91m[1mPT0002000125379984SH[0m  [2m[Cluster 1][0m
2026-07-07 15:13:18 [INFO]      consumiu MAIS que o habitual às 00h
2026-07-07 15:13:18 [INFO]      [2mReal:[0m 9.0 kWh   [2mHabitual:[0m 2.5 ± 0.7 kWh   [2mz:[0m +9.19   [2mdesvio:[0m +260%   [2m(2 obs. dia_util)[0m
2026-07-07 15:13:18 [INFO] 
2026-07-07 15:13:18 [INFO]   🔴 [91m[1mPT0002000125379984SH[0m  [2m[Cluster 1][0m
2026-07-07 15:13:18 [INFO]      consumiu MAIS que o habitual às 06h
2026-07-07 15:13:18 [INFO]      [2mReal:[0m 9.0 kWh   [2mHabitual:[0m 2.5 ± 0.7 kWh   [2mz:[0m +9.19   [2mdesvio:[0m +260%   [2m(2 obs. dia_util)[0m
2026-07-07 15:13:18 [INFO] 
2026-07-07 15:13:18 [INFO]   🔴 [91m[1mPT0002000116530964LH[0m  [2m[sem cluster][0m
2026-07-07 15:13:18 [INFO]      consumiu MAIS que o habitual às 16h
2026-07-07 15:13:18 [INFO]      [2mReal:[0m 153.0 kWh   [2mHabitual:[0m 80.0 ± 8.0 kWh   [2mz:[0m +9.12   [2mdesvio:[0m +91%   [2m(2 obs. dia_util)[0m
2026-07-07 15:13:18 [INFO] 
2026-07-07 15:13:18 [INFO]   🔴 [91m[1mPT0002000073720434JD[0m  [2m[sem cluster][0m
2026-07-07 15:13:18 [INFO]      consumiu MAIS que o habitual às 23h
2026-07-07 15:13:18 [INFO]      [2mReal:[0m 90.0 kWh   [2mHabitual:[0m 31.7 ± 6.4 kWh   [2mz:[0m +9.07   [2mdesvio:[0m +184%   [2m(3 obs. dia_util)[0m
2026-07-07 15:13:18 [INFO] 
2026-07-07 15:13:18 [INFO]   🔴 [91m[1mPT0002000068859597LS[0m  [2m[Cluster 0][0m
2026-07-07 15:13:18 [INFO]      consumiu MAIS que o habitual às 10h
2026-07-07 15:13:18 [INFO]      [2mReal:[0m 80.0 kWh   [2mHabitual:[0m 42.0 ± 4.2 kWh   [2mz:[0m +8.96   [2mdesvio:[0m +90%   [2m(2 obs. dia_util)[0m
2026-07-07 15:13:18 [INFO] 
2026-07-07 15:13:18 [INFO]   🔴 [91m[1mPT0002000068859597LS[0m  [2m[Cluster 0][0m
2026-07-07 15:13:18 [INFO]      consumiu MAIS que o habitual às 14h
2026-07-07 15:13:18 [INFO]      [2mReal:[0m 79.0 kWh   [2mHabitual:[0m 41.0 ± 4.2 kWh   [2mz:[0m +8.96   [2mdesvio:[0m +93%   [2m(2 obs. dia_util)[0m
2026-07-07 15:13:18 [INFO] 
2026-07-07 15:13:18 [INFO]   🔴 [91m[1mPT0002000115700602GW[0m  [2m[Cluster 0][0m
2026-07-07 15:13:18 [INFO]      consumiu MAIS que o habitual às 20h
2026-07-07 15:13:18 [INFO]      [2mReal:[0m 16.0 kWh   [2mHabitual:[0m 8.5 ± 0.8 kWh   [2mz:[0m +8.82   [2mdesvio:[0m +88%   [2m(2 obs. dia_util)[0m
2026-07-07 15:13:18 [INFO] 
2026-07-07 15:13:18 [INFO]   🔴 [91m[1mPT0002000073231742VK[0m  [2m[Cluster 0][0m
2026-07-07 15:13:18 [INFO]      consumiu MAIS que o habitual às 08h
2026-07-07 15:13:18 [INFO]      [2mReal:[0m 29.0 kWh   [2mHabitual:[0m 15.5 ± 1.6 kWh   [2mz:[0m +8.71   [2mdesvio:[0m +87%   [2m(2 obs. dia_util)[0m
2026-07-07 15:13:18 [INFO] 
2026-07-07 15:13:18 [INFO]   🔴 [91m[1mPT0002000068856974CZ[0m  [2m[sem cluster][0m
2026-07-07 15:13:18 [INFO]      consumiu MAIS que o habitual às 16h
2026-07-07 15:13:18 [INFO]      [2mReal:[0m 70.0 kWh   [2mHabitual:[0m 37.5 ± 3.8 kWh   [2mz:[0m +8.67   [2mdesvio:[0m +87%   [2m(2 obs. dia_util)[0m
2026-07-07 15:13:18 [INFO] 
2026-07-07 15:13:18 [INFO]   🔴 [91m[1mPT0002000116530964LH[0m  [2m[sem cluster][0m
2026-07-07 15:13:18 [INFO]      consumiu MAIS que o habitual às 12h
2026-07-07 15:13:18 [INFO]      [2mReal:[0m 154.0 kWh   [2mHabitual:[0m 82.5 ± 8.2 kWh   [2mz:[0m +8.67   [2mdesvio:[0m +87%   [2m(2 obs. dia_util)[0m
2026-07-07 15:13:18 [INFO] 
2026-07-07 15:13:18 [INFO]   🔴 [91m[1mPT0002000114613364CC[0m  [2m[sem cluster][0m
2026-07-07 15:13:18 [INFO]      consumiu MAIS que o habitual às 17h
2026-07-07 15:13:18 [INFO]      [2mReal:[0m 265.0 kWh   [2mHabitual:[0m 142.5 ± 14.2 kWh   [2mz:[0m +8.60   [2mdesvio:[0m +86%   [2m(2 obs. dia_util)[0m
2026-07-07 15:13:18 [INFO] 
2026-07-07 15:13:18 [INFO]   🔴 [91m[1mPT0002000068856267NC[0m  [2m[sem cluster][0m
2026-07-07 15:13:18 [INFO]      consumiu MAIS que o habitual às 01h
2026-07-07 15:13:18 [INFO]      [2mReal:[0m 52.0 kWh   [2mHabitual:[0m 28.0 ± 2.8 kWh   [2mz:[0m +8.49   [2mdesvio:[0m +86%   [2m(2 obs. dia_util)[0m
2026-07-07 15:13:18 [INFO] 
2026-07-07 15:13:18 [INFO]   🔴 [91m[1mPT0002000115700602GW[0m  [2m[Cluster 0][0m
2026-07-07 15:13:18 [INFO]      consumiu MAIS que o habitual às 22h
2026-07-07 15:13:18 [INFO]      [2mReal:[0m 16.0 kWh   [2mHabitual:[0m 8.7 ± 0.9 kWh   [2mz:[0m +8.46   [2mdesvio:[0m +85%   [2m(3 obs. dia_util)[0m
2026-07-07 15:13:18 [INFO] 
2026-07-07 15:13:18 [INFO]   🔴 [91m[1mPT0002000068856826ZG[0m  [2m[sem cluster][0m
2026-07-07 15:13:18 [INFO]      consumiu MAIS que o habitual às 22h
2026-07-07 15:13:18 [INFO]      [2mReal:[0m 350.0 kWh   [2mHabitual:[0m 189.7 ± 19.0 kWh   [2mz:[0m +8.45   [2mdesvio:[0m +85%   [2m(3 obs. dia_util)[0m
2026-07-07 15:13:18 [INFO] 
2026-07-07 15:13:18 [INFO]   🔴 [91m[1mPT0002000115673389QK[0m  [2m[Cluster 0][0m
2026-07-07 15:13:18 [INFO]      consumiu MAIS que o habitual às 13h
2026-07-07 15:13:18 [INFO]      [2mReal:[0m 161.0 kWh   [2mHabitual:[0m 36.5 ± 14.8 kWh   [2mz:[0m +8.38   [2mdesvio:[0m +341%   [2m(2 obs. dia_util)[0m
2026-07-07 15:13:18 [INFO] 
2026-07-07 15:13:18 [INFO]   🔵 [94m[1mPT0002000068856872QG[0m  [2m[Cluster 1][0m
2026-07-07 15:13:18 [INFO]      consumiu MENOS que o habitual às 12h
2026-07-07 15:13:18 [INFO]      [2mReal:[0m 3.0 kWh   [2mHabitual:[0m 18.0 ± 1.8 kWh   [2mz:[0m -8.33   [2mdesvio:[0m -83%   [2m(2 obs. dia_util)[0m
2026-07-07 15:13:18 [INFO] 
2026-07-07 15:13:18 [INFO]   🔴 [91m[1mPT0002000068857897ZV[0m  [2m[Cluster 0][0m
2026-07-07 15:13:18 [INFO]      consumiu MAIS que o habitual às 13h
2026-07-07 15:13:18 [INFO]      [2mReal:[0m 55.0 kWh   [2mHabitual:[0m 30.0 ± 3.0 kWh   [2mz:[0m +8.33   [2mdesvio:[0m +83%   [2m(2 obs. dia_util)[0m
2026-07-07 15:13:18 [INFO] 
2026-07-07 15:13:18 [INFO]   🔴 [91m[1mPT0002000115031201VQ[0m  [2m[Cluster 0][0m
2026-07-07 15:13:18 [INFO]      consumiu MAIS que o habitual às 19h
2026-07-07 15:13:18 [INFO]      [2mReal:[0m 11.0 kWh   [2mHabitual:[0m 6.0 ± 0.6 kWh   [2mz:[0m +8.33   [2mdesvio:[0m +83%   [2m(2 obs. dia_util)[0m
2026-07-07 15:13:18 [INFO] 
2026-07-07 15:13:18 [INFO]   🔴 [91m[1mPT0002000068857897ZV[0m  [2m[Cluster 0][0m
2026-07-07 15:13:18 [INFO]      consumiu MAIS que o habitual às 16h
2026-07-07 15:13:18 [INFO]      [2mReal:[0m 64.0 kWh   [2mHabitual:[0m 29.0 ± 4.2 kWh   [2mz:[0m +8.25   [2mdesvio:[0m +121%   [2m(2 obs. dia_util)[0m
2026-07-07 15:13:18 [INFO] 
2026-07-07 15:13:18 [INFO]   🔴 [91m[1mPT0002000068857897ZV[0m  [2m[Cluster 0][0m
2026-07-07 15:13:18 [INFO]      consumiu MAIS que o habitual às 14h
2026-07-07 15:13:18 [INFO]      [2mReal:[0m 57.0 kWh   [2mHabitual:[0m 28.5 ± 3.5 kWh   [2mz:[0m +8.06   [2mdesvio:[0m +100%   [2m(2 obs. dia_util)[0m
2026-07-07 15:13:18 [INFO] 
2026-07-07 15:13:18 [INFO]   🔴 [91m[1mPT0002000071896778MT[0m  [2m[Cluster 0][0m
2026-07-07 15:13:18 [INFO]      consumiu MAIS que o habitual às 17h
2026-07-07 15:13:18 [INFO]      [2mReal:[0m 9.0 kWh   [2mHabitual:[0m 5.0 ± 0.5 kWh   [2mz:[0m +8.00   [2mdesvio:[0m +80%   [2m(2 obs. dia_util)[0m
2026-07-07 15:13:18 [INFO] 
2026-07-07 15:13:18 [INFO]   🔴 [91m[1mPT0002000110090564GD[0m  [2m[Cluster 1][0m
2026-07-07 15:13:18 [INFO]      consumiu MAIS que o habitual às 19h
2026-07-07 15:13:18 [INFO]      [2mReal:[0m 9.0 kWh   [2mHabitual:[0m 5.0 ± 0.5 kWh   [2mz:[0m +8.00   [2mdesvio:[0m +80%   [2m(2 obs. dia_util)[0m
2026-07-07 15:13:18 [INFO] 
2026-07-07 15:13:18 [INFO]   🔴 [91m[1mPT0002000068859597LS[0m  [2m[Cluster 0][0m
2026-07-07 15:13:18 [INFO]      consumiu MAIS que o habitual às 12h
2026-07-07 15:13:18 [INFO]      [2mReal:[0m 79.0 kWh   [2mHabitual:[0m 39.5 ± 5.0 kWh   [2mz:[0m +7.98   [2mdesvio:[0m +100%   [2m(2 obs. dia_util)[0m
2026-07-07 15:13:18 [INFO] 
2026-07-07 15:13:18 [INFO]   🔴 [91m[1mPT0002000116530964LH[0m  [2m[sem cluster][0m
2026-07-07 15:13:18 [INFO]      consumiu MAIS que o habitual às 17h
2026-07-07 15:13:18 [INFO]      [2mReal:[0m 142.0 kWh   [2mHabitual:[0m 79.0 ± 7.9 kWh   [2mz:[0m +7.97   [2mdesvio:[0m +80%   [2m(2 obs. dia_util)[0m
2026-07-07 15:13:18 [INFO] 
2026-07-07 15:13:18 [INFO]   🔴 [91m[1mPT0002000068859382XF[0m  [2m[Cluster 0][0m
2026-07-07 15:13:18 [INFO]      consumiu MAIS que o habitual às 15h
2026-07-07 15:13:18 [INFO]      [2mReal:[0m 78.0 kWh   [2mHabitual:[0m 43.5 ± 4.3 kWh   [2mz:[0m +7.93   [2mdesvio:[0m +79%   [2m(2 obs. dia_util)[0m
2026-07-07 15:13:18 [INFO] 
2026-07-07 15:13:18 [INFO]   🔴 [91m[1mPT0002000116530964LH[0m  [2m[sem cluster][0m
2026-07-07 15:13:18 [INFO]      consumiu MAIS que o habitual às 13h
2026-07-07 15:13:18 [INFO]      [2mReal:[0m 145.0 kWh   [2mHabitual:[0m 81.0 ± 8.1 kWh   [2mz:[0m +7.90   [2mdesvio:[0m +79%   [2m(2 obs. dia_util)[0m
2026-07-07 15:13:18 [INFO] 
2026-07-07 15:13:18 [INFO]   🔴 [91m[1mPT0002000068855003AK[0m  [2m[sem cluster][0m
2026-07-07 15:13:18 [INFO]      consumiu MAIS que o habitual às 14h
2026-07-07 15:13:18 [INFO]      [2mReal:[0m 84.0 kWh   [2mHabitual:[0m 47.0 ± 4.7 kWh   [2mz:[0m +7.87   [2mdesvio:[0m +79%   [2m(2 obs. dia_util)[0m
2026-07-07 15:13:18 [INFO] 
2026-07-07 15:13:18 [INFO]   🔵 [94m[1mPT0002000068856872QG[0m  [2m[Cluster 1][0m
2026-07-07 15:13:18 [INFO]      consumiu MENOS que o habitual às 10h
2026-07-07 15:13:18 [INFO]      [2mReal:[0m 3.0 kWh   [2mHabitual:[0m 14.0 ± 1.4 kWh   [2mz:[0m -7.86   [2mdesvio:[0m -79%   [2m(2 obs. dia_util)[0m
2026-07-07 15:13:18 [INFO] 
2026-07-07 15:13:18 [INFO]   🔴 [91m[1mPT0002000068857897ZV[0m  [2m[Cluster 0][0m
2026-07-07 15:13:18 [INFO]      consumiu MAIS que o habitual às 15h
2026-07-07 15:13:18 [INFO]      [2mReal:[0m 62.0 kWh   [2mHabitual:[0m 29.0 ± 4.2 kWh   [2mz:[0m +7.78   [2mdesvio:[0m +114%   [2m(2 obs. dia_util)[0m
2026-07-07 15:13:18 [INFO] 
2026-07-07 15:13:18 [INFO]   🔴 [91m[1mPT0002000068859382XF[0m  [2m[Cluster 0][0m
2026-07-07 15:13:18 [INFO]      consumiu MAIS que o habitual às 11h
2026-07-07 15:13:18 [INFO]      [2mReal:[0m 80.0 kWh   [2mHabitual:[0m 45.0 ± 4.5 kWh   [2mz:[0m +7.78   [2mdesvio:[0m +78%   [2m(2 obs. dia_util)[0m
2026-07-07 15:13:18 [INFO] 
2026-07-07 15:13:18 [INFO]   🔴 [91m[1mPT0002000075637532JB[0m  [2m[Cluster 0][0m
2026-07-07 15:13:18 [INFO]      consumiu MAIS que o habitual às 15h
2026-07-07 15:13:18 [INFO]      [2mReal:[0m 12.0 kWh   [2mHabitual:[0m 6.5 ± 0.7 kWh   [2mz:[0m +7.78   [2mdesvio:[0m +85%   [2m(2 obs. dia_util)[0m
2026-07-07 15:13:18 [INFO] 
2026-07-07 15:13:18 [INFO]   🔴 [91m[1mPT0002000075637532JB[0m  [2m[Cluster 0][0m
2026-07-07 15:13:18 [INFO]      consumiu MAIS que o habitual às 17h
2026-07-07 15:13:18 [INFO]      [2mReal:[0m 12.0 kWh   [2mHabitual:[0m 6.5 ± 0.7 kWh   [2mz:[0m +7.78   [2mdesvio:[0m +85%   [2m(2 obs. dia_util)[0m
2026-07-07 15:13:18 [INFO] 
2026-07-07 15:13:18 [INFO]   🔵 [94m[1mPT0002000078207354XC[0m  [2m[Cluster 1][0m
2026-07-07 15:13:18 [INFO]      consumiu MENOS que o habitual às 19h
2026-07-07 15:13:18 [INFO]      [2mReal:[0m 6.0 kWh   [2mHabitual:[0m 33.5 ± 3.5 kWh   [2mz:[0m -7.78   [2mdesvio:[0m -82%   [2m(2 obs. dia_util)[0m
2026-07-07 15:13:18 [INFO] 
2026-07-07 15:13:18 [INFO]   🔴 [91m[1mPT0002000115700602GW[0m  [2m[Cluster 0][0m
2026-07-07 15:13:18 [INFO]      consumiu MAIS que o habitual às 19h
2026-07-07 15:13:18 [INFO]      [2mReal:[0m 16.0 kWh   [2mHabitual:[0m 9.0 ± 0.9 kWh   [2mz:[0m +7.78   [2mdesvio:[0m +78%   [2m(2 obs. dia_util)[0m
2026-07-07 15:13:18 [INFO] 
2026-07-07 15:13:18 [INFO]   🔴 [91m[1mPT0002000115700602GW[0m  [2m[Cluster 0][0m
2026-07-07 15:13:18 [INFO]      consumiu MAIS que o habitual às 23h
2026-07-07 15:13:18 [INFO]      [2mReal:[0m 16.0 kWh   [2mHabitual:[0m 9.0 ± 0.9 kWh   [2mz:[0m +7.78   [2mdesvio:[0m +78%   [2m(3 obs. dia_util)[0m
2026-07-07 15:13:18 [INFO] 
2026-07-07 15:13:18 [INFO]   🔴 [91m[1mPT0002000201038711LS[0m  [2m[sem cluster][0m
2026-07-07 15:13:18 [INFO]      consumiu MAIS que o habitual às 08h
2026-07-07 15:13:18 [INFO]      [2mReal:[0m 6.0 kWh   [2mHabitual:[0m 0.5 ± 0.7 kWh   [2mz:[0m +7.78   [2mdesvio:[0m +1100%   [2m(2 obs. dia_util)[0m
2026-07-07 15:13:18 [INFO] 
2026-07-07 15:13:18 [INFO]   🔴 [91m[1mPT0002000068859382XF[0m  [2m[Cluster 0][0m
2026-07-07 15:13:18 [INFO]      consumiu MAIS que o habitual às 10h
2026-07-07 15:13:18 [INFO]      [2mReal:[0m 79.0 kWh   [2mHabitual:[0m 44.5 ± 4.5 kWh   [2mz:[0m +7.75   [2mdesvio:[0m +78%   [2m(2 obs. dia_util)[0m
2026-07-07 15:13:18 [INFO] 
2026-07-07 15:13:18 [INFO]   🔴 [91m[1mPT0002000068859597LS[0m  [2m[Cluster 0][0m
2026-07-07 15:13:18 [INFO]      consumiu MAIS que o habitual às 15h
2026-07-07 15:13:18 [INFO]      [2mReal:[0m 76.0 kWh   [2mHabitual:[0m 43.0 ± 4.3 kWh   [2mz:[0m +7.67   [2mdesvio:[0m +77%   [2m(2 obs. dia_util)[0m
2026-07-07 15:13:18 [INFO] 
2026-07-07 15:13:18 [INFO]   🔴 [91m[1mPT0002000068859597LS[0m  [2m[Cluster 0][0m
2026-07-07 15:13:18 [INFO]      consumiu MAIS que o habitual às 13h
2026-07-07 15:13:18 [INFO]      [2mReal:[0m 67.0 kWh   [2mHabitual:[0m 38.0 ± 3.8 kWh   [2mz:[0m +7.63   [2mdesvio:[0m +76%   [2m(2 obs. dia_util)[0m
2026-07-07 15:13:18 [INFO] 
2026-07-07 15:13:18 [INFO]   🔴 [91m[1mPT0002000073720434JD[0m  [2m[sem cluster][0m
2026-07-07 15:13:18 [INFO]      consumiu MAIS que o habitual às 21h
2026-07-07 15:13:18 [INFO]      [2mReal:[0m 88.0 kWh   [2mHabitual:[0m 30.3 ± 7.6 kWh   [2mz:[0m +7.62   [2mdesvio:[0m +190%   [2m(3 obs. dia_util)[0m
2026-07-07 15:13:18 [INFO] 
2026-07-07 15:13:18 [INFO]   🔴 [91m[1mPT0002000068855003AK[0m  [2m[sem cluster][0m
2026-07-07 15:13:18 [INFO]      consumiu MAIS que o habitual às 15h
2026-07-07 15:13:18 [INFO]      [2mReal:[0m 87.0 kWh   [2mHabitual:[0m 50.0 ± 5.0 kWh   [2mz:[0m +7.40   [2mdesvio:[0m +74%   [2m(2 obs. dia_util)[0m
2026-07-07 15:13:18 [INFO] 
2026-07-07 15:13:18 [INFO]   🔴 [91m[1mPT0002000075637532JB[0m  [2m[Cluster 0][0m
2026-07-07 15:13:18 [INFO]      consumiu MAIS que o habitual às 14h
2026-07-07 15:13:18 [INFO]      [2mReal:[0m 12.0 kWh   [2mHabitual:[0m 7.0 ± 0.7 kWh   [2mz:[0m +7.14   [2mdesvio:[0m +71%   [2m(2 obs. dia_util)[0m
2026-07-07 15:13:18 [INFO] 
2026-07-07 15:13:18 [INFO]   🔴 [91m[1mPT0002000068859382XF[0m  [2m[Cluster 0][0m
2026-07-07 15:13:18 [INFO]      consumiu MAIS que o habitual às 14h
2026-07-07 15:13:18 [INFO]      [2mReal:[0m 76.0 kWh   [2mHabitual:[0m 44.5 ± 4.5 kWh   [2mz:[0m +7.08   [2mdesvio:[0m +71%   [2m(2 obs. dia_util)[0m
2026-07-07 15:13:18 [INFO] 
2026-07-07 15:13:18 [INFO]   🔴 [91m[1mPT0002000068859597LS[0m  [2m[Cluster 0][0m
2026-07-07 15:13:18 [INFO]      consumiu MAIS que o habitual às 09h
2026-07-07 15:13:18 [INFO]      [2mReal:[0m 70.0 kWh   [2mHabitual:[0m 41.0 ± 4.1 kWh   [2mz:[0m +7.07   [2mdesvio:[0m +71%   [2m(2 obs. dia_util)[0m
2026-07-07 15:13:18 [INFO] 
2026-07-07 15:13:18 [INFO]   🔴 [91m[1mPT0002000111572054VT[0m  [2m[sem cluster][0m
2026-07-07 15:13:18 [INFO]      consumiu MAIS que o habitual às 17h
2026-07-07 15:13:18 [INFO]      [2mReal:[0m 12.0 kWh   [2mHabitual:[0m 2.0 ± 1.4 kWh   [2mz:[0m +7.07   [2mdesvio:[0m +500%   [2m(2 obs. dia_util)[0m
2026-07-07 15:13:18 [INFO] 
2026-07-07 15:13:18 [INFO]   🔴 [91m[1mPT0002000125701614SQ[0m  [2m[sem cluster][0m
2026-07-07 15:13:18 [INFO]      consumiu MAIS que o habitual às 15h
2026-07-07 15:13:18 [INFO]      [2mReal:[0m 105.0 kWh   [2mHabitual:[0m 25.0 ± 11.3 kWh   [2mz:[0m +7.07   [2mdesvio:[0m +320%   [2m(2 obs. dia_util)[0m
2026-07-07 15:13:18 [INFO] 
2026-07-07 15:13:18 [INFO]   🔴 [91m[1mPT0002000115673471CB[0m  [2m[Cluster 0][0m
2026-07-07 15:13:18 [INFO]      consumiu MAIS que o habitual às 10h
2026-07-07 15:13:18 [INFO]      [2mReal:[0m 70.0 kWh   [2mHabitual:[0m 25.5 ± 6.4 kWh   [2mz:[0m +6.99   [2mdesvio:[0m +175%   [2m(2 obs. dia_util)[0m
2026-07-07 15:13:18 [INFO] 
2026-07-07 15:13:18 [INFO]   🔴 [91m[1mPT0002000033074862LZ[0m  [2m[Cluster 0][0m
2026-07-07 15:13:18 [INFO]      consumiu MAIS que o habitual às 18h
2026-07-07 15:13:18 [INFO]      [2mReal:[0m 22.0 kWh   [2mHabitual:[0m 13.0 ± 1.3 kWh   [2mz:[0m +6.92   [2mdesvio:[0m +69%   [2m(2 obs. dia_util)[0m
2026-07-07 15:13:18 [INFO] 
2026-07-07 15:13:18 [INFO]   🔴 [91m[1mPT0002000114685657JR[0m  [2m[Cluster 0][0m
2026-07-07 15:13:18 [INFO]      consumiu MAIS que o habitual às 10h
2026-07-07 15:13:18 [INFO]      [2mReal:[0m 318.0 kWh   [2mHabitual:[0m 189.5 ± 18.9 kWh   [2mz:[0m +6.78   [2mdesvio:[0m +68%   [2m(2 obs. dia_util)[0m
2026-07-07 15:13:18 [INFO] 
2026-07-07 15:13:18 [INFO]   🔴 [91m[1mPT0002000068859597LS[0m  [2m[Cluster 0][0m
2026-07-07 15:13:18 [INFO]      consumiu MAIS que o habitual às 16h
2026-07-07 15:13:18 [INFO]      [2mReal:[0m 67.0 kWh   [2mHabitual:[0m 40.0 ± 4.0 kWh   [2mz:[0m +6.75   [2mdesvio:[0m +68%   [2m(2 obs. dia_util)[0m
2026-07-07 15:13:18 [INFO] 
2026-07-07 15:13:18 [INFO]   🔴 [91m[1mPT0002000068856872QG[0m  [2m[Cluster 1][0m
2026-07-07 15:13:18 [INFO]      consumiu MAIS que o habitual às 00h
2026-07-07 15:13:18 [INFO]      [2mReal:[0m 2.0 kWh   [2mHabitual:[0m 0.0 ± 0.3 kWh   [2mz:[0m +6.67   [2mdesvio:[0m +200000%   [2m(2 obs. dia_util)[0m
2026-07-07 15:13:18 [INFO] 
2026-07-07 15:13:18 [INFO]   🔴 [91m[1mPT0002000068856952LS[0m  [2m[Cluster 2][0m
2026-07-07 15:13:18 [INFO]      consumiu MAIS que o habitual às 16h
2026-07-07 15:13:18 [INFO]      [2mReal:[0m 2.0 kWh   [2mHabitual:[0m 0.0 ± 0.3 kWh   [2mz:[0m +6.67   [2mdesvio:[0m +200000%   [2m(2 obs. dia_util)[0m
2026-07-07 15:13:18 [INFO] 
2026-07-07 15:13:18 [INFO]   🔴 [91m[1mPT0002000075637532JB[0m  [2m[Cluster 0][0m
2026-07-07 15:13:18 [INFO]      consumiu MAIS que o habitual às 18h
2026-07-07 15:13:18 [INFO]      [2mReal:[0m 10.0 kWh   [2mHabitual:[0m 6.0 ± 0.6 kWh   [2mz:[0m +6.67   [2mdesvio:[0m +67%   [2m(2 obs. dia_util)[0m
2026-07-07 15:13:18 [INFO] 
2026-07-07 15:13:18 [INFO]   🔴 [91m[1mPT0002000081344542CP[0m  [2m[Cluster 1][0m
2026-07-07 15:13:18 [INFO]      consumiu MAIS que o habitual às 19h
2026-07-07 15:13:18 [INFO]      [2mReal:[0m 4.0 kWh   [2mHabitual:[0m 2.0 ± 0.3 kWh   [2mz:[0m +6.67   [2mdesvio:[0m +100%   [2m(2 obs. dia_util)[0m
2026-07-07 15:13:18 [INFO] 
2026-07-07 15:13:18 [INFO]   🔴 [91m[1mPT0002000105483259QH[0m  [2m[Cluster 1][0m
2026-07-07 15:13:18 [INFO]      consumiu MAIS que o habitual às 19h
2026-07-07 15:13:18 [INFO]      [2mReal:[0m 3.0 kWh   [2mHabitual:[0m 1.0 ± 0.3 kWh   [2mz:[0m +6.67   [2mdesvio:[0m +200%   [2m(2 obs. dia_util)[0m
2026-07-07 15:13:18 [INFO] 
2026-07-07 15:13:18 [INFO]   🔴 [91m[1mPT0002000201038711LS[0m  [2m[sem cluster][0m
2026-07-07 15:13:18 [INFO]      consumiu MAIS que o habitual às 10h
2026-07-07 15:13:18 [INFO]      [2mReal:[0m 2.0 kWh   [2mHabitual:[0m 0.0 ± 0.3 kWh   [2mz:[0m +6.67   [2mdesvio:[0m +200000%   [2m(2 obs. dia_util)[0m
2026-07-07 15:13:18 [INFO] 
2026-07-07 15:13:18 [INFO]   🔵 [94m[1mPT0002000107172384HT[0m  [2m[Cluster 1][0m
2026-07-07 15:13:18 [INFO]      consumiu MENOS que o habitual às 22h
2026-07-07 15:13:18 [INFO]      [2mReal:[0m 22.0 kWh   [2mHabitual:[0m 65.0 ± 6.5 kWh   [2mz:[0m -6.62   [2mdesvio:[0m -66%   [2m(3 obs. dia_util)[0m
2026-07-07 15:13:18 [INFO] 
2026-07-07 15:13:18 [INFO]   🔵 [94m[1mPT0002000107172384HT[0m  [2m[Cluster 1][0m
2026-07-07 15:13:18 [INFO]      consumiu MENOS que o habitual às 23h
2026-07-07 15:13:18 [INFO]      [2mReal:[0m 23.0 kWh   [2mHabitual:[0m 67.7 ± 6.8 kWh   [2mz:[0m -6.60   [2mdesvio:[0m -66%   [2m(3 obs. dia_util)[0m
2026-07-07 15:13:18 [INFO] 
2026-07-07 15:13:18 [INFO]   🔴 [91m[1mPT0002000116530964LH[0m  [2m[sem cluster][0m
2026-07-07 15:13:18 [INFO]      consumiu MAIS que o habitual às 18h
2026-07-07 15:13:18 [INFO]      [2mReal:[0m 129.0 kWh   [2mHabitual:[0m 78.0 ± 7.8 kWh   [2mz:[0m +6.54   [2mdesvio:[0m +65%   [2m(2 obs. dia_util)[0m
2026-07-07 15:13:18 [INFO] 
2026-07-07 15:13:18 [INFO]   🔴 [91m[1mPT0002000115673471CB[0m  [2m[Cluster 0][0m
2026-07-07 15:13:18 [INFO]      consumiu MAIS que o habitual às 08h
2026-07-07 15:13:18 [INFO]      [2mReal:[0m 71.0 kWh   [2mHabitual:[0m 25.0 ± 7.1 kWh   [2mz:[0m +6.51   [2mdesvio:[0m +184%   [2m(2 obs. dia_util)[0m
2026-07-07 15:13:18 [INFO] 
2026-07-07 15:13:18 [INFO]   🔴 [91m[1mPT0002000068856267NC[0m  [2m[sem cluster][0m
2026-07-07 15:13:18 [INFO]      consumiu MAIS que o habitual às 10h
2026-07-07 15:13:18 [INFO]      [2mReal:[0m 63.0 kWh   [2mHabitual:[0m 38.5 ± 3.9 kWh   [2mz:[0m +6.36   [2mdesvio:[0m +64%   [2m(2 obs. dia_util)[0m
2026-07-07 15:13:18 [INFO] 
2026-07-07 15:13:18 [INFO]   🔵 [94m[1mPT0002000078207354XC[0m  [2m[Cluster 1][0m
2026-07-07 15:13:18 [INFO]      consumiu MENOS que o habitual às 16h
2026-07-07 15:13:18 [INFO]      [2mReal:[0m 8.0 kWh   [2mHabitual:[0m 26.0 ± 2.8 kWh   [2mz:[0m -6.36   [2mdesvio:[0m -69%   [2m(2 obs. dia_util)[0m
2026-07-07 15:13:18 [INFO] 
2026-07-07 15:13:18 [INFO]   🔴 [91m[1mPT0002000078294957RQ[0m  [2m[Cluster 0][0m
2026-07-07 15:13:18 [INFO]      consumiu MAIS que o habitual às 07h
2026-07-07 15:13:18 [INFO]      [2mReal:[0m 15.0 kWh   [2mHabitual:[0m 6.0 ± 1.4 kWh   [2mz:[0m +6.36   [2mdesvio:[0m +150%   [2m(2 obs. dia_util)[0m
2026-07-07 15:13:18 [INFO] 
2026-07-07 15:13:18 [INFO]   🔴 [91m[1mPT0002000068856952LS[0m  [2m[Cluster 2][0m
2026-07-07 15:13:18 [INFO]      consumiu MAIS que o habitual às 21h
2026-07-07 15:13:18 [INFO]      [2mReal:[0m 4.0 kWh   [2mHabitual:[0m 0.3 ± 0.6 kWh   [2mz:[0m +6.35   [2mdesvio:[0m +1112%   [2m(3 obs. dia_util)[0m
2026-07-07 15:13:18 [INFO] 
2026-07-07 15:13:18 [INFO]   🔴 [91m[1mPT0002000068856267NC[0m  [2m[sem cluster][0m
2026-07-07 15:13:18 [INFO]      consumiu MAIS que o habitual às 09h
2026-07-07 15:13:18 [INFO]      [2mReal:[0m 62.0 kWh   [2mHabitual:[0m 38.0 ± 3.8 kWh   [2mz:[0m +6.32   [2mdesvio:[0m +63%   [2m(2 obs. dia_util)[0m
2026-07-07 15:13:18 [INFO] 
2026-07-07 15:13:18 [INFO]   🔴 [91m[1mPT0002000068856974CZ[0m  [2m[sem cluster][0m
2026-07-07 15:13:18 [INFO]      consumiu MAIS que o habitual às 15h
2026-07-07 15:13:18 [INFO]      [2mReal:[0m 84.0 kWh   [2mHabitual:[0m 40.0 ± 7.1 kWh   [2mz:[0m +6.22   [2mdesvio:[0m +110%   [2m(2 obs. dia_util)[0m
2026-07-07 15:13:18 [INFO] 
2026-07-07 15:13:18 [INFO]   🔴 [91m[1mPT0002000068859382XF[0m  [2m[Cluster 0][0m
2026-07-07 15:13:18 [INFO]      consumiu MAIS que o habitual às 09h
2026-07-07 15:13:18 [INFO]      [2mReal:[0m 78.0 kWh   [2mHabitual:[0m 43.0 ± 5.7 kWh   [2mz:[0m +6.19   [2mdesvio:[0m +81%   [2m(2 obs. dia_util)[0m
2026-07-07 15:13:18 [INFO] 
2026-07-07 15:13:18 [INFO]   🔴 [91m[1mPT0002000068857897ZV[0m  [2m[Cluster 0][0m
2026-07-07 15:13:18 [INFO]      consumiu MAIS que o habitual às 10h
2026-07-07 15:13:18 [INFO]      [2mReal:[0m 55.0 kWh   [2mHabitual:[0m 29.0 ± 4.2 kWh   [2mz:[0m +6.13   [2mdesvio:[0m +90%   [2m(2 obs. dia_util)[0m
2026-07-07 15:13:18 [INFO] 
2026-07-07 15:13:18 [INFO]   🔴 [91m[1mPT0002000068857897ZV[0m  [2m[Cluster 0][0m
2026-07-07 15:13:18 [INFO]      consumiu MAIS que o habitual às 11h
2026-07-07 15:13:18 [INFO]      [2mReal:[0m 54.0 kWh   [2mHabitual:[0m 28.0 ± 4.2 kWh   [2mz:[0m +6.13   [2mdesvio:[0m +93%   [2m(2 obs. dia_util)[0m
2026-07-07 15:13:18 [INFO] 
2026-07-07 15:13:18 [INFO]   🔴 [91m[1mPT0002000114685657JR[0m  [2m[Cluster 0][0m
2026-07-07 15:13:18 [INFO]      consumiu MAIS que o habitual às 17h
2026-07-07 15:13:18 [INFO]      [2mReal:[0m 313.0 kWh   [2mHabitual:[0m 194.0 ± 19.4 kWh   [2mz:[0m +6.13   [2mdesvio:[0m +61%   [2m(2 obs. dia_util)[0m
2026-07-07 15:13:18 [INFO] 
2026-07-07 15:13:18 [INFO]   🔵 [94m[1mPT0002000068855003AK[0m  [2m[sem cluster][0m
2026-07-07 15:13:18 [INFO]      consumiu MENOS que o habitual às 20h
2026-07-07 15:13:18 [INFO]      [2mReal:[0m 14.0 kWh   [2mHabitual:[0m 36.0 ± 3.6 kWh   [2mz:[0m -6.11   [2mdesvio:[0m -61%   [2m(2 obs. dia_util)[0m
2026-07-07 15:13:18 [INFO] 
2026-07-07 15:13:18 [INFO]   🔵 [94m[1mPT0002000068856872QG[0m  [2m[Cluster 1][0m
2026-07-07 15:13:18 [INFO]      consumiu MENOS que o habitual às 13h
2026-07-07 15:13:18 [INFO]      [2mReal:[0m 2.0 kWh   [2mHabitual:[0m 5.0 ± 0.5 kWh   [2mz:[0m -6.00   [2mdesvio:[0m -60%   [2m(2 obs. dia_util)[0m
2026-07-07 15:13:18 [INFO] 
2026-07-07 15:13:18 [INFO]   🔴 [91m[1mPT0002000110090564GD[0m  [2m[Cluster 1][0m
2026-07-07 15:13:18 [INFO]      consumiu MAIS que o habitual às 13h
2026-07-07 15:13:18 [INFO]      [2mReal:[0m 8.0 kWh   [2mHabitual:[0m 5.0 ± 0.5 kWh   [2mz:[0m +6.00   [2mdesvio:[0m +60%   [2m(2 obs. dia_util)[0m
2026-07-07 15:13:18 [INFO] 
2026-07-07 15:13:18 [INFO]   🔴 [91m[1mPT0002000114685657JR[0m  [2m[Cluster 0][0m
2026-07-07 15:13:18 [INFO]      consumiu MAIS que o habitual às 16h
2026-07-07 15:13:18 [INFO]      [2mReal:[0m 306.0 kWh   [2mHabitual:[0m 191.5 ± 19.1 kWh   [2mz:[0m +5.98   [2mdesvio:[0m +60%   [2m(2 obs. dia_util)[0m
2026-07-07 15:13:18 [INFO] 
2026-07-07 15:13:18 [INFO]   🔵 [94m[1mPT0002000107172384HT[0m  [2m[Cluster 1][0m
2026-07-07 15:13:18 [INFO]      consumiu MENOS que o habitual às 19h
2026-07-07 15:13:18 [INFO]      [2mReal:[0m 21.0 kWh   [2mHabitual:[0m 52.0 ± 5.2 kWh   [2mz:[0m -5.96   [2mdesvio:[0m -60%   [2m(2 obs. dia_util)[0m
2026-07-07 15:13:18 [INFO] 
2026-07-07 15:13:18 [INFO]   🔴 [91m[1mPT0002000115673389QK[0m  [2m[Cluster 0][0m
2026-07-07 15:13:18 [INFO]      consumiu MAIS que o habitual às 17h
2026-07-07 15:13:18 [INFO]      [2mReal:[0m 109.0 kWh   [2mHabitual:[0m 37.5 ± 12.0 kWh   [2mz:[0m +5.95   [2mdesvio:[0m +191%   [2m(2 obs. dia_util)[0m
2026-07-07 15:13:18 [INFO] 
2026-07-07 15:13:18 [INFO]   🔴 [91m[1mPT0002000116530964LH[0m  [2m[sem cluster][0m
2026-07-07 15:13:18 [INFO]      consumiu MAIS que o habitual às 19h
2026-07-07 15:13:18 [INFO]      [2mReal:[0m 126.0 kWh   [2mHabitual:[0m 79.0 ± 7.9 kWh   [2mz:[0m +5.95   [2mdesvio:[0m +59%   [2m(2 obs. dia_util)[0m
2026-07-07 15:13:18 [INFO] 
2026-07-07 15:13:18 [INFO]   🔴 [91m[1mPT0002000068859597LS[0m  [2m[Cluster 0][0m
2026-07-07 15:13:18 [INFO]      consumiu MAIS que o habitual às 08h
2026-07-07 15:13:18 [INFO]      [2mReal:[0m 54.0 kWh   [2mHabitual:[0m 34.0 ± 3.4 kWh   [2mz:[0m +5.88   [2mdesvio:[0m +59%   [2m(2 obs. dia_util)[0m
2026-07-07 15:13:18 [INFO] 
2026-07-07 15:13:18 [INFO]   🔴 [91m[1mPT0002000120237616VJ[0m  [2m[Cluster 0][0m
2026-07-07 15:13:18 [INFO]      consumiu MAIS que o habitual às 19h
2026-07-07 15:13:18 [INFO]      [2mReal:[0m 23.0 kWh   [2mHabitual:[0m 14.5 ± 1.4 kWh   [2mz:[0m +5.86   [2mdesvio:[0m +59%   [2m(2 obs. dia_util)[0m
2026-07-07 15:13:18 [INFO] 
2026-07-07 15:13:18 [INFO]   🔴 [91m[1mPT0002000114613364CC[0m  [2m[sem cluster][0m
2026-07-07 15:13:18 [INFO]      consumiu MAIS que o habitual às 18h
2026-07-07 15:13:18 [INFO]      [2mReal:[0m 221.0 kWh   [2mHabitual:[0m 139.5 ± 13.9 kWh   [2mz:[0m +5.84   [2mdesvio:[0m +58%   [2m(2 obs. dia_util)[0m
2026-07-07 15:13:18 [INFO] 
2026-07-07 15:13:18 [INFO]   🔴 [91m[1mPT0002000116530964LH[0m  [2m[sem cluster][0m
2026-07-07 15:13:18 [INFO]      consumiu MAIS que o habitual às 08h
2026-07-07 15:13:18 [INFO]      [2mReal:[0m 137.0 kWh   [2mHabitual:[0m 86.5 ± 8.7 kWh   [2mz:[0m +5.84   [2mdesvio:[0m +58%   [2m(2 obs. dia_util)[0m
2026-07-07 15:13:18 [INFO] 
2026-07-07 15:13:18 [INFO]   🔴 [91m[1mPT0002000068859382XF[0m  [2m[Cluster 0][0m
2026-07-07 15:13:18 [INFO]      consumiu MAIS que o habitual às 12h
2026-07-07 15:13:18 [INFO]      [2mReal:[0m 72.0 kWh   [2mHabitual:[0m 45.5 ± 4.5 kWh   [2mz:[0m +5.82   [2mdesvio:[0m +58%   [2m(2 obs. dia_util)[0m
2026-07-07 15:13:18 [INFO] 
2026-07-07 15:13:18 [INFO]   🔴 [91m[1mPT0002000068856826ZG[0m  [2m[sem cluster][0m
2026-07-07 15:13:18 [INFO]      consumiu MAIS que o habitual às 23h
2026-07-07 15:13:18 [INFO]      [2mReal:[0m 227.0 kWh   [2mHabitual:[0m 139.7 ± 15.2 kWh   [2mz:[0m +5.75   [2mdesvio:[0m +63%   [2m(3 obs. dia_util)[0m
2026-07-07 15:13:18 [INFO] 
2026-07-07 15:13:18 [INFO]   🔴 [91m[1mPT0002000068859393XH[0m  [2m[Cluster 1][0m
2026-07-07 15:13:18 [INFO]      consumiu MAIS que o habitual às 08h
2026-07-07 15:13:18 [INFO]      [2mReal:[0m 117.0 kWh   [2mHabitual:[0m 65.5 ± 9.2 kWh   [2mz:[0m +5.60   [2mdesvio:[0m +79%   [2m(2 obs. dia_util)[0m
2026-07-07 15:13:18 [INFO] 
2026-07-07 15:13:18 [INFO]   🔴 [91m[1mPT0002000115700602GW[0m  [2m[Cluster 0][0m
2026-07-07 15:13:18 [INFO]      consumiu MAIS que o habitual às 06h
2026-07-07 15:13:18 [INFO]      [2mReal:[0m 14.0 kWh   [2mHabitual:[0m 9.0 ± 0.9 kWh   [2mz:[0m +5.56   [2mdesvio:[0m +56%   [2m(2 obs. dia_util)[0m
2026-07-07 15:13:18 [INFO] 
2026-07-07 15:13:18 [INFO]   🔵 [94m[1mPT0002000123648159KR[0m  [2m[Cluster 0][0m
2026-07-07 15:13:18 [INFO]      consumiu MENOS que o habitual às 20h
2026-07-07 15:13:18 [INFO]      [2mReal:[0m 7.0 kWh   [2mHabitual:[0m 15.5 ± 1.6 kWh   [2mz:[0m -5.48   [2mdesvio:[0m -55%   [2m(2 obs. dia_util)[0m
2026-07-07 15:13:18 [INFO] 
2026-07-07 15:13:18 [INFO]   🔵 [94m[1mPT0002000111572054VT[0m  [2m[sem cluster][0m
2026-07-07 15:13:18 [INFO]      consumiu MENOS que o habitual às 06h
2026-07-07 15:13:18 [INFO]      [2mReal:[0m 13.0 kWh   [2mHabitual:[0m 28.5 ± 2.9 kWh   [2mz:[0m -5.44   [2mdesvio:[0m -54%   [2m(2 obs. dia_util)[0m
2026-07-07 15:13:18 [INFO] 
2026-07-07 15:13:18 [INFO]   🔴 [91m[1mPT0002000068856267NC[0m  [2m[sem cluster][0m
2026-07-07 15:13:18 [INFO]      consumiu MAIS que o habitual às 00h
2026-07-07 15:13:18 [INFO]      [2mReal:[0m 55.0 kWh   [2mHabitual:[0m 32.0 ± 4.2 kWh   [2mz:[0m +5.42   [2mdesvio:[0m +72%   [2m(2 obs. dia_util)[0m
2026-07-07 15:13:18 [INFO] 
2026-07-07 15:13:18 [INFO]   🔴 [91m[1mPT0002000068855003AK[0m  [2m[sem cluster][0m
2026-07-07 15:13:18 [INFO]      consumiu MAIS que o habitual às 13h
2026-07-07 15:13:18 [INFO]      [2mReal:[0m 71.0 kWh   [2mHabitual:[0m 44.5 ± 5.0 kWh   [2mz:[0m +5.35   [2mdesvio:[0m +60%   [2m(2 obs. dia_util)[0m
2026-07-07 15:13:18 [INFO] 
2026-07-07 15:13:18 [INFO]   🔴 [91m[1mPT0002000114685657JR[0m  [2m[Cluster 0][0m
2026-07-07 15:13:18 [INFO]      consumiu MAIS que o habitual às 11h
2026-07-07 15:13:18 [INFO]      [2mReal:[0m 306.0 kWh   [2mHabitual:[0m 199.5 ± 19.9 kWh   [2mz:[0m +5.34   [2mdesvio:[0m +53%   [2m(2 obs. dia_util)[0m
2026-07-07 15:13:18 [INFO] 
2026-07-07 15:13:18 [INFO]   🔵 [94m[1mPT0002000111572054VT[0m  [2m[sem cluster][0m
2026-07-07 15:13:18 [INFO]      consumiu MENOS que o habitual às 22h
2026-07-07 15:13:18 [INFO]      [2mReal:[0m 16.0 kWh   [2mHabitual:[0m 33.7 ± 3.4 kWh   [2mz:[0m -5.25   [2mdesvio:[0m -52%   [2m(3 obs. dia_util)[0m
2026-07-07 15:13:18 [INFO] 
2026-07-07 15:13:18 [INFO]   🔴 [91m[1mPT0002000068856974CZ[0m  [2m[sem cluster][0m
2026-07-07 15:13:18 [INFO]      consumiu MAIS que o habitual às 20h
2026-07-07 15:13:18 [INFO]      [2mReal:[0m 19.0 kWh   [2mHabitual:[0m 12.5 ± 1.2 kWh   [2mz:[0m +5.20   [2mdesvio:[0m +52%   [2m(2 obs. dia_util)[0m
2026-07-07 15:13:18 [INFO] 
2026-07-07 15:13:18 [INFO]   🔵 [94m[1mPT0002000078140706BA[0m  [2m[sem cluster][0m
2026-07-07 15:13:18 [INFO]      consumiu MENOS que o habitual às 18h
2026-07-07 15:13:18 [INFO]      [2mReal:[0m 51.0 kWh   [2mHabitual:[0m 106.0 ± 10.6 kWh   [2mz:[0m -5.19   [2mdesvio:[0m -52%   [2m(2 obs. dia_util)[0m
2026-07-07 15:13:18 [INFO] 
2026-07-07 15:13:18 [INFO]   🔵 [94m[1mPT0002000068855003AK[0m  [2m[sem cluster][0m
2026-07-07 15:13:18 [INFO]      consumiu MENOS que o habitual às 19h
2026-07-07 15:13:18 [INFO]      [2mReal:[0m 21.0 kWh   [2mHabitual:[0m 43.0 ± 4.3 kWh   [2mz:[0m -5.12   [2mdesvio:[0m -51%   [2m(2 obs. dia_util)[0m
2026-07-07 15:13:18 [INFO] 
2026-07-07 15:13:18 [INFO]   🔴 [91m[1mPT0002000125701614SQ[0m  [2m[sem cluster][0m
2026-07-07 15:13:18 [INFO]      consumiu MAIS que o habitual às 09h
2026-07-07 15:13:18 [INFO]      [2mReal:[0m 54.0 kWh   [2mHabitual:[0m 21.5 ± 6.4 kWh   [2mz:[0m +5.11   [2mdesvio:[0m +151%   [2m(2 obs. dia_util)[0m
2026-07-07 15:13:18 [INFO] 
2026-07-07 15:13:18 [INFO]   🔵 [94m[1mPT0002000111572054VT[0m  [2m[sem cluster][0m
2026-07-07 15:13:18 [INFO]      consumiu MENOS que o habitual às 23h
2026-07-07 15:13:18 [INFO]      [2mReal:[0m 16.0 kWh   [2mHabitual:[0m 32.7 ± 3.3 kWh   [2mz:[0m -5.10   [2mdesvio:[0m -51%   [2m(3 obs. dia_util)[0m
2026-07-07 15:13:18 [INFO] 
2026-07-07 15:13:18 [INFO]   🔴 [91m[1mPT0002000078207354XC[0m  [2m[Cluster 1][0m
2026-07-07 15:13:18 [INFO]      consumiu MAIS que o habitual às 23h
2026-07-07 15:13:18 [INFO]      [2mReal:[0m 27.0 kWh   [2mHabitual:[0m 6.7 ± 4.0 kWh   [2mz:[0m +5.03   [2mdesvio:[0m +305%   [2m(3 obs. dia_util)[0m
2026-07-07 15:13:18 [INFO] 
2026-07-07 15:13:18 [INFO]   🔴 [91m[1mPT0002000077394934QY[0m  [2m[Cluster 0][0m
2026-07-07 15:13:18 [INFO]      consumiu MAIS que o habitual às 14h
2026-07-07 15:13:18 [INFO]      [2mReal:[0m 111.0 kWh   [2mHabitual:[0m 74.0 ± 7.4 kWh   [2mz:[0m +5.00   [2mdesvio:[0m +50%   [2m(2 obs. dia_util)[0m
2026-07-07 15:13:18 [INFO] 
2026-07-07 15:13:18 [INFO]   🔴 [91m[1mPT0002000110607652SB[0m  [2m[Cluster 0][0m
2026-07-07 15:13:18 [INFO]      consumiu MAIS que o habitual às 01h
2026-07-07 15:13:18 [INFO]      [2mReal:[0m 12.0 kWh   [2mHabitual:[0m 8.0 ± 0.8 kWh   [2mz:[0m +5.00   [2mdesvio:[0m +50%   [2m(2 obs. dia_util)[0m
2026-07-07 15:13:18 [INFO] 
2026-07-07 15:13:18 [INFO]   🔴 [91m[1mPT0002000110607652SB[0m  [2m[Cluster 0][0m
2026-07-07 15:13:18 [INFO]      consumiu MAIS que o habitual às 03h
2026-07-07 15:13:18 [INFO]      [2mReal:[0m 12.0 kWh   [2mHabitual:[0m 8.0 ± 0.8 kWh   [2mz:[0m +5.00   [2mdesvio:[0m +50%   [2m(2 obs. dia_util)[0m
2026-07-07 15:13:18 [INFO] 
2026-07-07 15:13:18 [INFO]   🔴 [91m[1mPT0002000110607652SB[0m  [2m[Cluster 0][0m
2026-07-07 15:13:18 [INFO]      consumiu MAIS que o habitual às 21h
2026-07-07 15:13:18 [INFO]      [2mReal:[0m 12.0 kWh   [2mHabitual:[0m 8.0 ± 0.8 kWh   [2mz:[0m +5.00   [2mdesvio:[0m +50%   [2m(3 obs. dia_util)[0m
2026-07-07 15:13:18 [INFO] 
2026-07-07 15:13:18 [INFO]   🔵 [94m[1mPT0002000123648159KR[0m  [2m[Cluster 0][0m
2026-07-07 15:13:18 [INFO]      consumiu MENOS que o habitual às 21h
2026-07-07 15:13:18 [INFO]      [2mReal:[0m 7.0 kWh   [2mHabitual:[0m 14.0 ± 1.4 kWh   [2mz:[0m -5.00   [2mdesvio:[0m -50%   [2m(3 obs. dia_util)[0m
2026-07-07 15:13:18 [INFO] 
2026-07-07 15:13:18 [INFO]   🔵 [94m[1mPT0002000068856872QG[0m  [2m[Cluster 1][0m
2026-07-07 15:13:18 [INFO]      consumiu MENOS que o habitual às 09h
2026-07-07 15:13:18 [INFO]      [2mReal:[0m 0.0 kWh   [2mHabitual:[0m 3.5 ± 0.7 kWh   [2mz:[0m -4.95   [2mdesvio:[0m -100%   [2m(2 obs. dia_util)[0m
2026-07-07 15:13:18 [INFO] 
2026-07-07 15:13:18 [INFO]   🔵 [94m[1mPT0002000068856872QG[0m  [2m[Cluster 1][0m
2026-07-07 15:13:18 [INFO]      consumiu MENOS que o habitual às 14h
2026-07-07 15:13:18 [INFO]      [2mReal:[0m 0.0 kWh   [2mHabitual:[0m 3.5 ± 0.7 kWh   [2mz:[0m -4.95   [2mdesvio:[0m -100%   [2m(2 obs. dia_util)[0m
2026-07-07 15:13:18 [INFO] 
2026-07-07 15:13:18 [INFO]   🔵 [94m[1mPT0002000068856872QG[0m  [2m[Cluster 1][0m
2026-07-07 15:13:18 [INFO]      consumiu MENOS que o habitual às 16h
2026-07-07 15:13:18 [INFO]      [2mReal:[0m 0.0 kWh   [2mHabitual:[0m 3.5 ± 0.7 kWh   [2mz:[0m -4.95   [2mdesvio:[0m -100%   [2m(2 obs. dia_util)[0m
2026-07-07 15:13:18 [INFO] 
2026-07-07 15:13:18 [INFO]   🔴 [91m[1mPT0002000075637532JB[0m  [2m[Cluster 0][0m
2026-07-07 15:13:18 [INFO]      consumiu MAIS que o habitual às 16h
2026-07-07 15:13:18 [INFO]      [2mReal:[0m 10.0 kWh   [2mHabitual:[0m 6.5 ± 0.7 kWh   [2mz:[0m +4.95   [2mdesvio:[0m +54%   [2m(2 obs. dia_util)[0m
2026-07-07 15:13:18 [INFO] 
2026-07-07 15:13:18 [INFO]   🔴 [91m[1mPT0002000077394934QY[0m  [2m[Cluster 0][0m
2026-07-07 15:13:18 [INFO]      consumiu MAIS que o habitual às 15h
2026-07-07 15:13:18 [INFO]      [2mReal:[0m 109.0 kWh   [2mHabitual:[0m 73.0 ± 7.3 kWh   [2mz:[0m +4.93   [2mdesvio:[0m +49%   [2m(2 obs. dia_util)[0m
2026-07-07 15:13:18 [INFO] 
2026-07-07 15:13:18 [INFO]   🔴 [91m[1mPT0002000114685657JR[0m  [2m[Cluster 0][0m
2026-07-07 15:13:18 [INFO]      consumiu MAIS que o habitual às 09h
2026-07-07 15:13:18 [INFO]      [2mReal:[0m 289.0 kWh   [2mHabitual:[0m 194.5 ± 19.4 kWh   [2mz:[0m +4.86   [2mdesvio:[0m +49%   [2m(2 obs. dia_util)[0m
2026-07-07 15:13:18 [INFO] 
2026-07-07 15:13:18 [INFO]   🔴 [91m[1mPT0002000068859382XF[0m  [2m[Cluster 0][0m
2026-07-07 15:13:18 [INFO]      consumiu MAIS que o habitual às 13h
2026-07-07 15:13:18 [INFO]      [2mReal:[0m 69.0 kWh   [2mHabitual:[0m 46.5 ± 4.7 kWh   [2mz:[0m +4.84   [2mdesvio:[0m +48%   [2m(2 obs. dia_util)[0m
2026-07-07 15:13:18 [INFO] 
2026-07-07 15:13:18 [INFO]   🔴 [91m[1mPT0002000073231742VK[0m  [2m[Cluster 0][0m
2026-07-07 15:13:18 [INFO]      consumiu MAIS que o habitual às 14h
2026-07-07 15:13:18 [INFO]      [2mReal:[0m 23.0 kWh   [2mHabitual:[0m 15.5 ± 1.6 kWh   [2mz:[0m +4.84   [2mdesvio:[0m +48%   [2m(2 obs. dia_util)[0m
2026-07-07 15:13:18 [INFO] 
2026-07-07 15:13:18 [INFO]   🔴 [91m[1mPT0002000115700602GW[0m  [2m[Cluster 0][0m
2026-07-07 15:13:18 [INFO]      consumiu MAIS que o habitual às 21h
2026-07-07 15:13:18 [INFO]      [2mReal:[0m 16.0 kWh   [2mHabitual:[0m 8.7 ± 1.5 kWh   [2mz:[0m +4.80   [2mdesvio:[0m +85%   [2m(3 obs. dia_util)[0m
2026-07-07 15:13:18 [INFO] 
2026-07-07 15:13:18 [INFO]   🔵 [94m[1mPT0002000111572054VT[0m  [2m[sem cluster][0m
2026-07-07 15:13:18 [INFO]      consumiu MENOS que o habitual às 21h
2026-07-07 15:13:18 [INFO]      [2mReal:[0m 16.0 kWh   [2mHabitual:[0m 30.3 ± 3.0 kWh   [2mz:[0m -4.73   [2mdesvio:[0m -47%   [2m(3 obs. dia_util)[0m
2026-07-07 15:13:18 [INFO] 
2026-07-07 15:13:18 [INFO]   🔵 [94m[1mPT0002000068856826ZG[0m  [2m[sem cluster][0m
2026-07-07 15:13:18 [INFO]      consumiu MENOS que o habitual às 11h
2026-07-07 15:13:18 [INFO]      [2mReal:[0m 265.0 kWh   [2mHabitual:[0m 500.0 ± 50.0 kWh   [2mz:[0m -4.70   [2mdesvio:[0m -47%   [2m(2 obs. dia_util)[0m
2026-07-07 15:13:18 [INFO] 
2026-07-07 15:13:18 [INFO]   🔴 [91m[1mPT0002000114685657JR[0m  [2m[Cluster 0][0m
2026-07-07 15:13:18 [INFO]      consumiu MAIS que o habitual às 12h
2026-07-07 15:13:18 [INFO]      [2mReal:[0m 286.0 kWh   [2mHabitual:[0m 194.5 ± 19.4 kWh   [2mz:[0m +4.70   [2mdesvio:[0m +47%   [2m(2 obs. dia_util)[0m
2026-07-07 15:13:18 [INFO] 
2026-07-07 15:13:18 [INFO]   🔵 [94m[1mPT0002000078140706BA[0m  [2m[sem cluster][0m
2026-07-07 15:13:18 [INFO]      consumiu MENOS que o habitual às 20h
2026-07-07 15:13:18 [INFO]      [2mReal:[0m 57.0 kWh   [2mHabitual:[0m 106.5 ± 10.7 kWh   [2mz:[0m -4.65   [2mdesvio:[0m -46%   [2m(2 obs. dia_util)[0m
2026-07-07 15:13:18 [INFO] 
2026-07-07 15:13:18 [INFO]   🔵 [94m[1mPT0002000071896778MT[0m  [2m[Cluster 0][0m
2026-07-07 15:13:18 [INFO]      consumiu MENOS que o habitual às 23h
2026-07-07 15:13:18 [INFO]      [2mReal:[0m 3.0 kWh   [2mHabitual:[0m 5.7 ± 0.6 kWh   [2mz:[0m -4.62   [2mdesvio:[0m -47%   [2m(3 obs. dia_util)[0m
2026-07-07 15:13:18 [INFO] 
2026-07-07 15:13:18 [INFO]   🔴 [91m[1mPT0002000110090564GD[0m  [2m[Cluster 1][0m
2026-07-07 15:13:18 [INFO]      consumiu MAIS que o habitual às 21h
2026-07-07 15:13:18 [INFO]      [2mReal:[0m 7.0 kWh   [2mHabitual:[0m 4.3 ± 0.6 kWh   [2mz:[0m +4.62   [2mdesvio:[0m +62%   [2m(3 obs. dia_util)[0m
2026-07-07 15:13:18 [INFO] 
2026-07-07 15:13:18 [INFO]   🔴 [91m[1mPT0002000068856974CZ[0m  [2m[sem cluster][0m
2026-07-07 15:13:18 [INFO]      consumiu MAIS que o habitual às 17h
2026-07-07 15:13:18 [INFO]      [2mReal:[0m 65.0 kWh   [2mHabitual:[0m 39.0 ± 5.7 kWh   [2mz:[0m +4.60   [2mdesvio:[0m +67%   [2m(2 obs. dia_util)[0m
2026-07-07 15:13:18 [INFO] 
2026-07-07 15:13:18 [INFO]   🔵 [94m[1mPT0002000111572054VT[0m  [2m[sem cluster][0m
2026-07-07 15:13:18 [INFO]      consumiu MENOS que o habitual às 20h
2026-07-07 15:13:18 [INFO]      [2mReal:[0m 17.0 kWh   [2mHabitual:[0m 31.5 ± 3.1 kWh   [2mz:[0m -4.60   [2mdesvio:[0m -46%   [2m(2 obs. dia_util)[0m
2026-07-07 15:13:18 [INFO] 
2026-07-07 15:13:18 [INFO]   🔵 [94m[1mPT0002000107172384HT[0m  [2m[Cluster 1][0m
2026-07-07 15:13:18 [INFO]      consumiu MENOS que o habitual às 17h
2026-07-07 15:13:18 [INFO]      [2mReal:[0m 26.0 kWh   [2mHabitual:[0m 48.0 ± 4.8 kWh   [2mz:[0m -4.58   [2mdesvio:[0m -46%   [2m(2 obs. dia_util)[0m
2026-07-07 15:13:18 [INFO] 
2026-07-07 15:13:18 [INFO]   🔴 [91m[1mPT0002000114685657JR[0m  [2m[Cluster 0][0m
2026-07-07 15:13:18 [INFO]      consumiu MAIS que o habitual às 18h
2026-07-07 15:13:18 [INFO]      [2mReal:[0m 294.0 kWh   [2mHabitual:[0m 202.0 ± 20.2 kWh   [2mz:[0m +4.55   [2mdesvio:[0m +46%   [2m(2 obs. dia_util)[0m
2026-07-07 15:13:18 [INFO] 
2026-07-07 15:13:18 [INFO]   🔴 [91m[1mPT0002000068859382XF[0m  [2m[Cluster 0][0m
2026-07-07 15:13:18 [INFO]      consumiu MAIS que o habitual às 16h
2026-07-07 15:13:18 [INFO]      [2mReal:[0m 69.0 kWh   [2mHabitual:[0m 47.5 ± 4.8 kWh   [2mz:[0m +4.53   [2mdesvio:[0m +45%   [2m(2 obs. dia_util)[0m
2026-07-07 15:13:18 [INFO] 
2026-07-07 15:13:18 [INFO]   🔴 [91m[1mPT0002000077394934QY[0m  [2m[Cluster 0][0m
2026-07-07 15:13:18 [INFO]      consumiu MAIS que o habitual às 12h
2026-07-07 15:13:18 [INFO]      [2mReal:[0m 114.0 kWh   [2mHabitual:[0m 78.5 ± 7.8 kWh   [2mz:[0m +4.52   [2mdesvio:[0m +45%   [2m(2 obs. dia_util)[0m
2026-07-07 15:13:18 [INFO] 
2026-07-07 15:13:18 [INFO]   🔵 [94m[1mPT0002000068855003AK[0m  [2m[sem cluster][0m
2026-07-07 15:13:18 [INFO]      consumiu MENOS que o habitual às 18h
2026-07-07 15:13:18 [INFO]      [2mReal:[0m 25.0 kWh   [2mHabitual:[0m 45.5 ± 4.5 kWh   [2mz:[0m -4.51   [2mdesvio:[0m -45%   [2m(2 obs. dia_util)[0m
2026-07-07 15:13:18 [INFO] 
2026-07-07 15:13:18 [INFO]   🔴 [91m[1mPT0002000079469719HF[0m  [2m[sem cluster][0m
2026-07-07 15:13:18 [INFO]      consumiu MAIS que o habitual às 15h
2026-07-07 15:13:18 [INFO]      [2mReal:[0m 135.0 kWh   [2mHabitual:[0m 36.5 ± 21.9 kWh   [2mz:[0m +4.49   [2mdesvio:[0m +270%   [2m(2 obs. dia_util)[0m
2026-07-07 15:13:18 [INFO] 
2026-07-07 15:13:18 [INFO]   🔵 [94m[1mPT0002000107172384HT[0m  [2m[Cluster 1][0m
2026-07-07 15:13:18 [INFO]      consumiu MENOS que o habitual às 20h
2026-07-07 15:13:18 [INFO]      [2mReal:[0m 25.0 kWh   [2mHabitual:[0m 63.0 ± 8.5 kWh   [2mz:[0m -4.48   [2mdesvio:[0m -60%   [2m(2 obs. dia_util)[0m
2026-07-07 15:13:18 [INFO] 
2026-07-07 15:13:18 [INFO]   🔴 [91m[1mPT0002000114613364CC[0m  [2m[sem cluster][0m
2026-07-07 15:13:18 [INFO]      consumiu MAIS que o habitual às 07h
2026-07-07 15:13:18 [INFO]      [2mReal:[0m 189.0 kWh   [2mHabitual:[0m 131.0 ± 13.1 kWh   [2mz:[0m +4.43   [2mdesvio:[0m +44%   [2m(2 obs. dia_util)[0m
2026-07-07 15:13:18 [INFO] 
2026-07-07 15:13:18 [INFO]   🔴 [91m[1mPT0002000068856267NC[0m  [2m[sem cluster][0m
2026-07-07 15:13:18 [INFO]      consumiu MAIS que o habitual às 11h
2026-07-07 15:13:18 [INFO]      [2mReal:[0m 62.0 kWh   [2mHabitual:[0m 37.0 ± 5.7 kWh   [2mz:[0m +4.42   [2mdesvio:[0m +68%   [2m(2 obs. dia_util)[0m
2026-07-07 15:13:18 [INFO] 
2026-07-07 15:13:18 [INFO]   🔴 [91m[1mPT0002000068856974CZ[0m  [2m[sem cluster][0m
2026-07-07 15:13:18 [INFO]      consumiu MAIS que o habitual às 07h
2026-07-07 15:13:18 [INFO]      [2mReal:[0m 18.0 kWh   [2mHabitual:[0m 12.5 ± 1.2 kWh   [2mz:[0m +4.40   [2mdesvio:[0m +44%   [2m(2 obs. dia_util)[0m
2026-07-07 15:13:18 [INFO] 
2026-07-07 15:13:18 [INFO]   🔵 [94m[1mPT0002000112989585PH[0m  [2m[Cluster 0][0m
2026-07-07 15:13:18 [INFO]      consumiu MENOS que o habitual às 12h
2026-07-07 15:13:18 [INFO]      [2mReal:[0m 7.0 kWh   [2mHabitual:[0m 12.5 ± 1.2 kWh   [2mz:[0m -4.40   [2mdesvio:[0m -44%   [2m(2 obs. dia_util)[0m
2026-07-07 15:13:18 [INFO] 
2026-07-07 15:13:18 [INFO]   🔴 [91m[1mPT0002000123648159KR[0m  [2m[Cluster 0][0m
2026-07-07 15:13:18 [INFO]      consumiu MAIS que o habitual às 12h
2026-07-07 15:13:18 [INFO]      [2mReal:[0m 40.0 kWh   [2mHabitual:[0m 24.5 ± 3.5 kWh   [2mz:[0m +4.38   [2mdesvio:[0m +63%   [2m(2 obs. dia_util)[0m
2026-07-07 15:13:18 [INFO] 
2026-07-07 15:13:18 [INFO]   🔴 [91m[1mPT0002000115673389QK[0m  [2m[Cluster 0][0m
2026-07-07 15:13:18 [INFO]      consumiu MAIS que o habitual às 08h
2026-07-07 15:13:18 [INFO]      [2mReal:[0m 62.0 kWh   [2mHabitual:[0m 25.0 ± 8.5 kWh   [2mz:[0m +4.36   [2mdesvio:[0m +148%   [2m(2 obs. dia_util)[0m
2026-07-07 15:13:18 [INFO] 
2026-07-07 15:13:18 [INFO]   🔵 [94m[1mPT0002000111572054VT[0m  [2m[sem cluster][0m
2026-07-07 15:13:18 [INFO]      consumiu MENOS que o habitual às 05h
2026-07-07 15:13:18 [INFO]      [2mReal:[0m 17.0 kWh   [2mHabitual:[0m 30.0 ± 3.0 kWh   [2mz:[0m -4.33   [2mdesvio:[0m -43%   [2m(2 obs. dia_util)[0m
2026-07-07 15:13:18 [INFO] 
2026-07-07 15:13:18 [INFO]   🔴 [91m[1mPT0002000079469719HF[0m  [2m[sem cluster][0m
2026-07-07 15:13:18 [INFO]      consumiu MAIS que o habitual às 21h
2026-07-07 15:13:18 [INFO]      [2mReal:[0m 161.0 kWh   [2mHabitual:[0m 112.7 ± 11.3 kWh   [2mz:[0m +4.29   [2mdesvio:[0m +43%   [2m(3 obs. dia_util)[0m
2026-07-07 15:13:18 [INFO] 
2026-07-07 15:13:18 [INFO]   🔴 [91m[1mPT0002000111572054VT[0m  [2m[sem cluster][0m
2026-07-07 15:13:18 [INFO]      consumiu MAIS que o habitual às 18h
2026-07-07 15:13:18 [INFO]      [2mReal:[0m 20.0 kWh   [2mHabitual:[0m 14.0 ± 1.4 kWh   [2mz:[0m +4.29   [2mdesvio:[0m +43%   [2m(2 obs. dia_util)[0m
2026-07-07 15:13:18 [INFO] 
2026-07-07 15:13:18 [INFO]   🔴 [91m[1mPT0002000114685657JR[0m  [2m[Cluster 0][0m
2026-07-07 15:13:18 [INFO]      consumiu MAIS que o habitual às 15h
2026-07-07 15:13:18 [INFO]      [2mReal:[0m 277.0 kWh   [2mHabitual:[0m 194.0 ± 19.4 kWh   [2mz:[0m +4.28   [2mdesvio:[0m +43%   [2m(2 obs. dia_util)[0m
2026-07-07 15:13:18 [INFO] 
2026-07-07 15:13:18 [INFO]   🔴 [91m[1mPT0002000114685657JR[0m  [2m[Cluster 0][0m
2026-07-07 15:13:18 [INFO]      consumiu MAIS que o habitual às 14h
2026-07-07 15:13:18 [INFO]      [2mReal:[0m 278.0 kWh   [2mHabitual:[0m 195.0 ± 19.5 kWh   [2mz:[0m +4.26   [2mdesvio:[0m +43%   [2m(2 obs. dia_util)[0m
2026-07-07 15:13:18 [INFO] 
2026-07-07 15:13:18 [INFO]   🔴 [91m[1mPT0002000068857897ZV[0m  [2m[Cluster 0][0m
2026-07-07 15:13:18 [INFO]      consumiu MAIS que o habitual às 08h
2026-07-07 15:13:18 [INFO]      [2mReal:[0m 40.0 kWh   [2mHabitual:[0m 28.0 ± 2.8 kWh   [2mz:[0m +4.24   [2mdesvio:[0m +43%   [2m(2 obs. dia_util)[0m
2026-07-07 15:13:18 [INFO] 
2026-07-07 15:13:18 [INFO]   🔴 [91m[1mPT0002000115673389QK[0m  [2m[Cluster 0][0m
2026-07-07 15:13:18 [INFO]      consumiu MAIS que o habitual às 16h
2026-07-07 15:13:18 [INFO]      [2mReal:[0m 117.0 kWh   [2mHabitual:[0m 39.0 ± 18.4 kWh   [2mz:[0m +4.24   [2mdesvio:[0m +200%   [2m(2 obs. dia_util)[0m
2026-07-07 15:13:18 [INFO] 
2026-07-07 15:13:18 [INFO]   🔴 [91m[1mPT0002000073573036KH[0m  [2m[sem cluster][0m
2026-07-07 15:13:18 [INFO]      consumiu MAIS que o habitual às 20h
2026-07-07 15:13:18 [INFO]      [2mReal:[0m 291.0 kWh   [2mHabitual:[0m 204.5 ± 20.4 kWh   [2mz:[0m +4.23   [2mdesvio:[0m +42%   [2m(2 obs. dia_util)[0m
2026-07-07 15:13:18 [INFO] 
2026-07-07 15:13:18 [INFO]   🔴 [91m[1mPT0002000077394934QY[0m  [2m[Cluster 0][0m
2026-07-07 15:13:18 [INFO]      consumiu MAIS que o habitual às 11h
2026-07-07 15:13:18 [INFO]      [2mReal:[0m 110.0 kWh   [2mHabitual:[0m 77.5 ± 7.8 kWh   [2mz:[0m +4.19   [2mdesvio:[0m +42%   [2m(2 obs. dia_util)[0m
2026-07-07 15:13:18 [INFO] 
2026-07-07 15:13:18 [INFO]   🔴 [91m[1mPT0002000077394934QY[0m  [2m[Cluster 0][0m
2026-07-07 15:13:18 [INFO]      consumiu MAIS que o habitual às 13h
2026-07-07 15:13:18 [INFO]      [2mReal:[0m 109.0 kWh   [2mHabitual:[0m 77.0 ± 7.7 kWh   [2mz:[0m +4.16   [2mdesvio:[0m +42%   [2m(2 obs. dia_util)[0m
2026-07-07 15:13:18 [INFO] 
2026-07-07 15:13:18 [INFO]   🔴 [91m[1mPT0002000114685657JR[0m  [2m[Cluster 0][0m
2026-07-07 15:13:18 [INFO]      consumiu MAIS que o habitual às 13h
2026-07-07 15:13:18 [INFO]      [2mReal:[0m 282.0 kWh   [2mHabitual:[0m 199.5 ± 19.9 kWh   [2mz:[0m +4.14   [2mdesvio:[0m +41%   [2m(2 obs. dia_util)[0m
2026-07-07 15:13:18 [INFO] 
2026-07-07 15:13:18 [INFO]   🔵 [94m[1mPT0002000111572054VT[0m  [2m[sem cluster][0m
2026-07-07 15:13:18 [INFO]      consumiu MENOS que o habitual às 07h
2026-07-07 15:13:18 [INFO]      [2mReal:[0m 13.0 kWh   [2mHabitual:[0m 22.0 ± 2.2 kWh   [2mz:[0m -4.09   [2mdesvio:[0m -41%   [2m(2 obs. dia_util)[0m
2026-07-07 15:13:18 [INFO] 
2026-07-07 15:13:18 [INFO]   🔵 [94m[1mPT0002000071896778MT[0m  [2m[Cluster 0][0m
2026-07-07 15:13:18 [INFO]      consumiu MENOS que o habitual às 22h
2026-07-07 15:13:18 [INFO]      [2mReal:[0m 3.0 kWh   [2mHabitual:[0m 5.3 ± 0.6 kWh   [2mz:[0m -4.04   [2mdesvio:[0m -44%   [2m(3 obs. dia_util)[0m
2026-07-07 15:13:18 [INFO] 
2026-07-07 15:13:18 [INFO]   🔵 [94m[1mPT0002000107172384HT[0m  [2m[Cluster 1][0m
2026-07-07 15:13:18 [INFO]      consumiu MENOS que o habitual às 09h
2026-07-07 15:13:18 [INFO]      [2mReal:[0m 20.0 kWh   [2mHabitual:[0m 33.5 ± 3.4 kWh   [2mz:[0m -4.03   [2mdesvio:[0m -40%   [2m(2 obs. dia_util)[0m
2026-07-07 15:13:18 [INFO] 
2026-07-07 15:13:18 [INFO]   🔴 [91m[1mPT0002000115673389QK[0m  [2m[Cluster 0][0m
2026-07-07 15:13:18 [INFO]      consumiu MAIS que o habitual às 15h
2026-07-07 15:13:18 [INFO]      [2mReal:[0m 126.0 kWh   [2mHabitual:[0m 43.5 ± 20.5 kWh   [2mz:[0m +4.02   [2mdesvio:[0m +190%   [2m(2 obs. dia_util)[0m
2026-07-07 15:13:18 [INFO] 
2026-07-07 15:13:18 [INFO]   🔵 [94m[1mPT0002000071896778MT[0m  [2m[Cluster 0][0m
2026-07-07 15:13:18 [INFO]      consumiu MENOS que o habitual às 20h
2026-07-07 15:13:18 [INFO]      [2mReal:[0m 3.0 kWh   [2mHabitual:[0m 5.0 ± 0.5 kWh   [2mz:[0m -4.00   [2mdesvio:[0m -40%   [2m(2 obs. dia_util)[0m
2026-07-07 15:13:18 [INFO] 
2026-07-07 15:13:18 [INFO]   🔴 [91m[1mPT0002000073231742VK[0m  [2m[Cluster 0][0m
2026-07-07 15:13:18 [INFO]      consumiu MAIS que o habitual às 07h
2026-07-07 15:13:18 [INFO]      [2mReal:[0m 21.0 kWh   [2mHabitual:[0m 15.0 ± 1.5 kWh   [2mz:[0m +4.00   [2mdesvio:[0m +40%   [2m(2 obs. dia_util)[0m
2026-07-07 15:13:18 [INFO] 
2026-07-07 15:13:18 [INFO]   🔴 [91m[1mPT0002000120237616VJ[0m  [2m[Cluster 0][0m
2026-07-07 15:13:18 [INFO]      consumiu MAIS que o habitual às 20h
2026-07-07 15:13:18 [INFO]      [2mReal:[0m 21.0 kWh   [2mHabitual:[0m 15.0 ± 1.5 kWh   [2mz:[0m +4.00   [2mdesvio:[0m +40%   [2m(2 obs. dia_util)[0m
2026-07-07 15:13:18 [INFO] 
2026-07-07 15:13:18 [INFO]   🔵 [94m[1mPT0002000078207354XC[0m  [2m[Cluster 1][0m
2026-07-07 15:13:18 [INFO]      consumiu MENOS que o habitual às 18h
2026-07-07 15:13:18 [INFO]      [2mReal:[0m 7.0 kWh   [2mHabitual:[0m 37.5 ± 7.8 kWh   [2mz:[0m -3.92   [2mdesvio:[0m -81%   [2m(2 obs. dia_util)[0m
2026-07-07 15:13:18 [INFO] 
2026-07-07 15:13:18 [INFO]   🔴 [91m[1mPT0002000115673471CB[0m  [2m[Cluster 0][0m
2026-07-07 15:13:18 [INFO]      consumiu MAIS que o habitual às 14h
2026-07-07 15:13:18 [INFO]      [2mReal:[0m 36.0 kWh   [2mHabitual:[0m 26.0 ± 2.6 kWh   [2mz:[0m +3.85   [2mdesvio:[0m +38%   [2m(2 obs. dia_util)[0m
2026-07-07 15:13:18 [INFO] 
2026-07-07 15:13:18 [INFO]   🔴 [91m[1mPT0002000115673389QK[0m  [2m[Cluster 0][0m
2026-07-07 15:13:18 [INFO]      consumiu MAIS que o habitual às 07h
2026-07-07 15:13:18 [INFO]      [2mReal:[0m 52.0 kWh   [2mHabitual:[0m 25.0 ± 7.1 kWh   [2mz:[0m +3.82   [2mdesvio:[0m +108%   [2m(2 obs. dia_util)[0m
2026-07-07 15:13:18 [INFO] 
2026-07-07 15:13:18 [INFO]   🔴 [91m[1mPT0002000115673471CB[0m  [2m[Cluster 0][0m
2026-07-07 15:13:18 [INFO]      consumiu MAIS que o habitual às 15h
2026-07-07 15:13:18 [INFO]      [2mReal:[0m 40.0 kWh   [2mHabitual:[0m 29.0 ± 2.9 kWh   [2mz:[0m +3.79   [2mdesvio:[0m +38%   [2m(2 obs. dia_util)[0m
2026-07-07 15:13:18 [INFO] 
2026-07-07 15:13:18 [INFO]   🔴 [91m[1mPT0002000116530964LH[0m  [2m[sem cluster][0m
2026-07-07 15:13:18 [INFO]      consumiu MAIS que o habitual às 20h
2026-07-07 15:13:18 [INFO]      [2mReal:[0m 106.0 kWh   [2mHabitual:[0m 77.0 ± 7.7 kWh   [2mz:[0m +3.77   [2mdesvio:[0m +38%   [2m(2 obs. dia_util)[0m
2026-07-07 15:13:18 [INFO] 
2026-07-07 15:13:18 [INFO]   🔴 [91m[1mPT0002000078441876HB[0m  [2m[Cluster 0][0m
2026-07-07 15:13:18 [INFO]      consumiu MAIS que o habitual às 12h
2026-07-07 15:13:18 [INFO]      [2mReal:[0m 2065.0 kWh   [2mHabitual:[0m 1444.0 ± 166.9 kWh   [2mz:[0m +3.72   [2mdesvio:[0m +43%   [2m(2 obs. dia_util)[0m
2026-07-07 15:13:18 [INFO] 
2026-07-07 15:13:18 [INFO]   🔴 [91m[1mPT0002000125701614SQ[0m  [2m[sem cluster][0m
2026-07-07 15:13:18 [INFO]      consumiu MAIS que o habitual às 16h
2026-07-07 15:13:18 [INFO]      [2mReal:[0m 70.0 kWh   [2mHabitual:[0m 25.5 ± 12.0 kWh   [2mz:[0m +3.70   [2mdesvio:[0m +175%   [2m(2 obs. dia_util)[0m
2026-07-07 15:13:18 [INFO] 
2026-07-07 15:13:18 [INFO]   🔴 [91m[1mPT0002000078140706BA[0m  [2m[sem cluster][0m
2026-07-07 15:13:18 [INFO]      consumiu MAIS que o habitual às 06h
2026-07-07 15:13:18 [INFO]      [2mReal:[0m 39.0 kWh   [2mHabitual:[0m 28.5 ± 2.9 kWh   [2mz:[0m +3.68   [2mdesvio:[0m +37%   [2m(2 obs. dia_util)[0m
2026-07-07 15:13:18 [INFO] 
2026-07-07 15:13:18 [INFO]   🔴 [91m[1mPT0002000068857909SY[0m  [2m[Cluster 1][0m
2026-07-07 15:13:18 [INFO]      consumiu MAIS que o habitual às 22h
2026-07-07 15:13:18 [INFO]      [2mReal:[0m 37.0 kWh   [2mHabitual:[0m 6.3 ± 8.4 kWh   [2mz:[0m +3.66   [2mdesvio:[0m +485%   [2m(3 obs. dia_util)[0m
2026-07-07 15:13:18 [INFO] 
2026-07-07 15:13:18 [INFO]   🔴 [91m[1mPT0002000112989585PH[0m  [2m[Cluster 0][0m
2026-07-07 15:13:18 [INFO]      consumiu MAIS que o habitual às 08h
2026-07-07 15:13:18 [INFO]      [2mReal:[0m 114.0 kWh   [2mHabitual:[0m 83.5 ± 8.3 kWh   [2mz:[0m +3.65   [2mdesvio:[0m +37%   [2m(2 obs. dia_util)[0m
2026-07-07 15:13:18 [INFO] 
2026-07-07 15:13:18 [INFO]   🔵 [94m[1mPT0002000107172384HT[0m  [2m[Cluster 1][0m
2026-07-07 15:13:18 [INFO]      consumiu MENOS que o habitual às 18h
2026-07-07 15:13:18 [INFO]      [2mReal:[0m 22.0 kWh   [2mHabitual:[0m 55.5 ± 9.2 kWh   [2mz:[0m -3.64   [2mdesvio:[0m -60%   [2m(2 obs. dia_util)[0m
2026-07-07 15:13:18 [INFO] 
2026-07-07 15:13:18 [INFO]   🔴 [91m[1mPT0002000120237616VJ[0m  [2m[Cluster 0][0m
2026-07-07 15:13:18 [INFO]      consumiu MAIS que o habitual às 21h
2026-07-07 15:13:18 [INFO]      [2mReal:[0m 20.0 kWh   [2mHabitual:[0m 14.7 ± 1.5 kWh   [2mz:[0m +3.64   [2mdesvio:[0m +36%   [2m(3 obs. dia_util)[0m
2026-07-07 15:13:18 [INFO] 
2026-07-07 15:13:18 [INFO]   🔴 [91m[1mPT0002000068856655YV[0m  [2m[Cluster 0][0m
2026-07-07 15:13:18 [INFO]      consumiu MAIS que o habitual às 20h
2026-07-07 15:13:18 [INFO]      [2mReal:[0m 4.0 kWh   [2mHabitual:[0m 1.5 ± 0.7 kWh   [2mz:[0m +3.54   [2mdesvio:[0m +167%   [2m(2 obs. dia_util)[0m
2026-07-07 15:13:18 [INFO] 
2026-07-07 15:13:18 [INFO]   🔴 [91m[1mPT0002000068858674WN[0m  [2m[sem cluster][0m
2026-07-07 15:13:18 [INFO]      consumiu MAIS que o habitual às 18h
2026-07-07 15:13:18 [INFO]      [2mReal:[0m 20.0 kWh   [2mHabitual:[0m 10.0 ± 2.8 kWh   [2mz:[0m +3.54   [2mdesvio:[0m +100%   [2m(2 obs. dia_util)[0m
2026-07-07 15:13:18 [INFO] 
2026-07-07 15:13:18 [INFO]   🔴 [91m[1mPT0002000075637532JB[0m  [2m[Cluster 0][0m
2026-07-07 15:13:18 [INFO]      consumiu MAIS que o habitual às 07h
2026-07-07 15:13:18 [INFO]      [2mReal:[0m 9.0 kWh   [2mHabitual:[0m 6.5 ± 0.7 kWh   [2mz:[0m +3.54   [2mdesvio:[0m +38%   [2m(2 obs. dia_util)[0m
2026-07-07 15:13:18 [INFO] 
2026-07-07 15:13:18 [INFO]   🔴 [91m[1mPT0002000081344542CP[0m  [2m[Cluster 1][0m
2026-07-07 15:13:18 [INFO]      consumiu MAIS que o habitual às 02h
2026-07-07 15:13:18 [INFO]      [2mReal:[0m 4.0 kWh   [2mHabitual:[0m 1.5 ± 0.7 kWh   [2mz:[0m +3.54   [2mdesvio:[0m +167%   [2m(2 obs. dia_util)[0m
2026-07-07 15:13:18 [INFO] 
2026-07-07 15:13:18 [INFO]   🔵 [94m[1mPT0002000081344542CP[0m  [2m[Cluster 1][0m
2026-07-07 15:13:18 [INFO]      consumiu MENOS que o habitual às 12h
2026-07-07 15:13:18 [INFO]      [2mReal:[0m 2.0 kWh   [2mHabitual:[0m 4.5 ± 0.7 kWh   [2mz:[0m -3.54   [2mdesvio:[0m -56%   [2m(2 obs. dia_util)[0m
2026-07-07 15:13:18 [INFO] 
2026-07-07 15:13:18 [INFO]   🔴 [91m[1mPT0002000107046231FW[0m  [2m[Cluster 0][0m
2026-07-07 15:13:18 [INFO]      consumiu MAIS que o habitual às 08h
2026-07-07 15:13:18 [INFO]      [2mReal:[0m 7.0 kWh   [2mHabitual:[0m 4.5 ± 0.7 kWh   [2mz:[0m +3.54   [2mdesvio:[0m +56%   [2m(2 obs. dia_util)[0m
2026-07-07 15:13:18 [INFO] 
2026-07-07 15:13:18 [INFO]   🔴 [91m[1mPT0002000107046231FW[0m  [2m[Cluster 0][0m
2026-07-07 15:13:18 [INFO]      consumiu MAIS que o habitual às 18h
2026-07-07 15:13:18 [INFO]      [2mReal:[0m 5.0 kWh   [2mHabitual:[0m 2.5 ± 0.7 kWh   [2mz:[0m +3.54   [2mdesvio:[0m +100%   [2m(2 obs. dia_util)[0m
2026-07-07 15:13:18 [INFO] 
2026-07-07 15:13:18 [INFO]   🔴 [91m[1mPT0002000109837807PE[0m  [2m[Cluster 1][0m
2026-07-07 15:13:18 [INFO]      consumiu MAIS que o habitual às 12h
2026-07-07 15:13:18 [INFO]      [2mReal:[0m 12.0 kWh   [2mHabitual:[0m 4.5 ± 2.1 kWh   [2mz:[0m +3.54   [2mdesvio:[0m +167%   [2m(2 obs. dia_util)[0m
2026-07-07 15:13:18 [INFO] 
2026-07-07 15:13:18 [INFO]   🔴 [91m[1mPT0002000201038711LS[0m  [2m[sem cluster][0m
2026-07-07 15:13:18 [INFO]      consumiu MAIS que o habitual às 11h
2026-07-07 15:13:18 [INFO]      [2mReal:[0m 3.0 kWh   [2mHabitual:[0m 0.5 ± 0.7 kWh   [2mz:[0m +3.54   [2mdesvio:[0m +500%   [2m(2 obs. dia_util)[0m
2026-07-07 15:13:18 [INFO] 
2026-07-07 15:13:18 [INFO]   🔵 [94m[1mPT0002000107172384HT[0m  [2m[Cluster 1][0m
2026-07-07 15:13:18 [INFO]      consumiu MENOS que o habitual às 10h
2026-07-07 15:13:18 [INFO]      [2mReal:[0m 23.0 kWh   [2mHabitual:[0m 35.5 ± 3.5 kWh   [2mz:[0m -3.52   [2mdesvio:[0m -35%   [2m(2 obs. dia_util)[0m
2026-07-07 15:13:18 [INFO] 
2026-07-07 15:13:18 [INFO]   🔴 [91m[1mPT0002000114685657JR[0m  [2m[Cluster 0][0m
2026-07-07 15:13:18 [INFO]      consumiu MAIS que o habitual às 19h
2026-07-07 15:13:18 [INFO]      [2mReal:[0m 284.0 kWh   [2mHabitual:[0m 210.0 ± 21.0 kWh   [2mz:[0m +3.52   [2mdesvio:[0m +35%   [2m(2 obs. dia_util)[0m
2026-07-07 15:13:18 [INFO] 
2026-07-07 15:13:18 [INFO]   🔴 [91m[1mPT0002000079469719HF[0m  [2m[sem cluster][0m
2026-07-07 15:13:18 [INFO]      consumiu MAIS que o habitual às 20h
2026-07-07 15:13:18 [INFO]      [2mReal:[0m 158.0 kWh   [2mHabitual:[0m 114.0 ± 12.7 kWh   [2mz:[0m +3.46   [2mdesvio:[0m +39%   [2m(2 obs. dia_util)[0m
2026-07-07 15:13:18 [INFO] 
2026-07-07 15:13:18 [INFO]   🔴 [91m[1mPT0002000114685657JR[0m  [2m[Cluster 0][0m
2026-07-07 15:13:18 [INFO]      consumiu MAIS que o habitual às 20h
2026-07-07 15:13:18 [INFO]      [2mReal:[0m 282.0 kWh   [2mHabitual:[0m 209.5 ± 20.9 kWh   [2mz:[0m +3.46   [2mdesvio:[0m +35%   [2m(2 obs. dia_util)[0m
2026-07-07 15:13:18 [INFO] 
2026-07-07 15:13:18 [INFO]   🔴 [91m[1mPT0002000068856655YV[0m  [2m[Cluster 0][0m
2026-07-07 15:13:18 [INFO]      consumiu MAIS que o habitual às 00h
2026-07-07 15:13:18 [INFO]      [2mReal:[0m 3.0 kWh   [2mHabitual:[0m 2.0 ± 0.3 kWh   [2mz:[0m +3.33   [2mdesvio:[0m +50%   [2m(2 obs. dia_util)[0m
2026-07-07 15:13:18 [INFO] 
2026-07-07 15:13:18 [INFO]   🔴 [91m[1mPT0002000068856872QG[0m  [2m[Cluster 1][0m
2026-07-07 15:13:18 [INFO]      consumiu MAIS que o habitual às 01h
2026-07-07 15:13:18 [INFO]      [2mReal:[0m 1.0 kWh   [2mHabitual:[0m 0.0 ± 0.3 kWh   [2mz:[0m +3.33   [2mdesvio:[0m +100000%   [2m(2 obs. dia_util)[0m
2026-07-07 15:13:18 [INFO] 
2026-07-07 15:13:18 [INFO]   🔵 [94m[1mPT0002000068856872QG[0m  [2m[Cluster 1][0m
2026-07-07 15:13:18 [INFO]      consumiu MENOS que o habitual às 02h
2026-07-07 15:13:18 [INFO]      [2mReal:[0m 0.0 kWh   [2mHabitual:[0m 1.0 ± 0.3 kWh   [2mz:[0m -3.33   [2mdesvio:[0m -100%   [2m(2 obs. dia_util)[0m
2026-07-07 15:13:18 [INFO] 
2026-07-07 15:13:18 [INFO]   🔴 [91m[1mPT0002000068856872QG[0m  [2m[Cluster 1][0m
2026-07-07 15:13:18 [INFO]      consumiu MAIS que o habitual às 05h
2026-07-07 15:13:18 [INFO]      [2mReal:[0m 1.0 kWh   [2mHabitual:[0m 0.0 ± 0.3 kWh   [2mz:[0m +3.33   [2mdesvio:[0m +100000%   [2m(2 obs. dia_util)[0m
2026-07-07 15:13:18 [INFO] 
2026-07-07 15:13:18 [INFO]   🔴 [91m[1mPT0002000068856872QG[0m  [2m[Cluster 1][0m
2026-07-07 15:13:18 [INFO]      consumiu MAIS que o habitual às 06h
2026-07-07 15:13:18 [INFO]      [2mReal:[0m 2.0 kWh   [2mHabitual:[0m 1.0 ± 0.3 kWh   [2mz:[0m +3.33   [2mdesvio:[0m +100%   [2m(2 obs. dia_util)[0m
2026-07-07 15:13:18 [INFO] 
2026-07-07 15:13:18 [INFO]   🔴 [91m[1mPT0002000068856872QG[0m  [2m[Cluster 1][0m
2026-07-07 15:13:18 [INFO]      consumiu MAIS que o habitual às 07h
2026-07-07 15:13:18 [INFO]      [2mReal:[0m 1.0 kWh   [2mHabitual:[0m 0.0 ± 0.3 kWh   [2mz:[0m +3.33   [2mdesvio:[0m +100000%   [2m(2 obs. dia_util)[0m
2026-07-07 15:13:18 [INFO] 
2026-07-07 15:13:18 [INFO]   🔵 [94m[1mPT0002000068856872QG[0m  [2m[Cluster 1][0m
2026-07-07 15:13:18 [INFO]      consumiu MENOS que o habitual às 20h
2026-07-07 15:13:18 [INFO]      [2mReal:[0m 0.0 kWh   [2mHabitual:[0m 1.0 ± 0.3 kWh   [2mz:[0m -3.33   [2mdesvio:[0m -100%   [2m(2 obs. dia_util)[0m
2026-07-07 15:13:18 [INFO] 
2026-07-07 15:13:18 [INFO]   🔴 [91m[1mPT0002000068856952LS[0m  [2m[Cluster 2][0m
2026-07-07 15:13:18 [INFO]      consumiu MAIS que o habitual às 00h
2026-07-07 15:13:18 [INFO]      [2mReal:[0m 1.0 kWh   [2mHabitual:[0m 0.0 ± 0.3 kWh   [2mz:[0m +3.33   [2mdesvio:[0m +100000%   [2m(2 obs. dia_util)[0m
2026-07-07 15:13:18 [INFO] 
2026-07-07 15:13:18 [INFO]   🔵 [94m[1mPT0002000068857909SY[0m  [2m[Cluster 1][0m
2026-07-07 15:13:18 [INFO]      consumiu MENOS que o habitual às 01h
2026-07-07 15:13:18 [INFO]      [2mReal:[0m 1.0 kWh   [2mHabitual:[0m 2.0 ± 0.3 kWh   [2mz:[0m -3.33   [2mdesvio:[0m -50%   [2m(2 obs. dia_util)[0m
2026-07-07 15:13:18 [INFO] 
2026-07-07 15:13:18 [INFO]   🔵 [94m[1mPT0002000068857909SY[0m  [2m[Cluster 1][0m
2026-07-07 15:13:18 [INFO]      consumiu MENOS que o habitual às 04h
2026-07-07 15:13:18 [INFO]      [2mReal:[0m 1.0 kWh   [2mHabitual:[0m 2.0 ± 0.3 kWh   [2mz:[0m -3.33   [2mdesvio:[0m -50%   [2m(2 obs. dia_util)[0m
2026-07-07 15:13:18 [INFO] 
2026-07-07 15:13:18 [INFO]   🔴 [91m[1mPT0002000068857909SY[0m  [2m[Cluster 1][0m
2026-07-07 15:13:18 [INFO]      consumiu MAIS que o habitual às 05h
2026-07-07 15:13:18 [INFO]      [2mReal:[0m 2.0 kWh   [2mHabitual:[0m 1.0 ± 0.3 kWh   [2mz:[0m +3.33   [2mdesvio:[0m +100%   [2m(2 obs. dia_util)[0m
2026-07-07 15:13:18 [INFO] 
2026-07-07 15:13:18 [INFO]   🔵 [94m[1mPT0002000068858674WN[0m  [2m[sem cluster][0m
2026-07-07 15:13:18 [INFO]      consumiu MENOS que o habitual às 06h
2026-07-07 15:13:18 [INFO]      [2mReal:[0m 8.0 kWh   [2mHabitual:[0m 12.0 ± 1.2 kWh   [2mz:[0m -3.33   [2mdesvio:[0m -33%   [2m(2 obs. dia_util)[0m
2026-07-07 15:13:18 [INFO] 
2026-07-07 15:13:18 [INFO]   🔴 [91m[1mPT0002000068858674WN[0m  [2m[sem cluster][0m
2026-07-07 15:13:18 [INFO]      consumiu MAIS que o habitual às 08h
2026-07-07 15:13:18 [INFO]      [2mReal:[0m 16.0 kWh   [2mHabitual:[0m 12.0 ± 1.2 kWh   [2mz:[0m +3.33   [2mdesvio:[0m +33%   [2m(2 obs. dia_util)[0m
2026-07-07 15:13:18 [INFO] 
2026-07-07 15:13:18 [INFO]   🔴 [91m[1mPT0002000073717386HC[0m  [2m[sem cluster][0m
2026-07-07 15:13:18 [INFO]      consumiu MAIS que o habitual às 02h
2026-07-07 15:13:18 [INFO]      [2mReal:[0m 2.0 kWh   [2mHabitual:[0m 1.0 ± 0.3 kWh   [2mz:[0m +3.33   [2mdesvio:[0m +100%   [2m(2 obs. dia_util)[0m
2026-07-07 15:13:18 [INFO] 
2026-07-07 15:13:18 [INFO]   🔴 [91m[1mPT0002000073720434JD[0m  [2m[sem cluster][0m
2026-07-07 15:13:18 [INFO]      consumiu MAIS que o habitual às 19h
2026-07-07 15:13:18 [INFO]      [2mReal:[0m 85.0 kWh   [2mHabitual:[0m 35.5 ± 14.8 kWh   [2mz:[0m +3.33   [2mdesvio:[0m +139%   [2m(2 obs. dia_util)[0m
2026-07-07 15:13:18 [INFO] 
2026-07-07 15:13:18 [INFO]   🔴 [91m[1mPT0002000077394934QY[0m  [2m[Cluster 0][0m
2026-07-07 15:13:18 [INFO]      consumiu MAIS que o habitual às 10h
2026-07-07 15:13:18 [INFO]      [2mReal:[0m 102.0 kWh   [2mHabitual:[0m 76.5 ± 7.7 kWh   [2mz:[0m +3.33   [2mdesvio:[0m +33%   [2m(2 obs. dia_util)[0m
2026-07-07 15:13:18 [INFO] 
2026-07-07 15:13:18 [INFO]   🔵 [94m[1mPT0002000077647404EM[0m  [2m[Cluster 1][0m
2026-07-07 15:13:18 [INFO]      consumiu MENOS que o habitual às 12h
2026-07-07 15:13:18 [INFO]      [2mReal:[0m 0.0 kWh   [2mHabitual:[0m 1.0 ± 0.3 kWh   [2mz:[0m -3.33   [2mdesvio:[0m -100%   [2m(2 obs. dia_util)[0m
2026-07-07 15:13:18 [INFO] 
2026-07-07 15:13:18 [INFO]   🔴 [91m[1mPT0002000078233981HJ[0m  [2m[Cluster 1][0m
2026-07-07 15:13:18 [INFO]      consumiu MAIS que o habitual às 02h
2026-07-07 15:13:18 [INFO]      [2mReal:[0m 3.0 kWh   [2mHabitual:[0m 2.0 ± 0.3 kWh   [2mz:[0m +3.33   [2mdesvio:[0m +50%   [2m(2 obs. dia_util)[0m
2026-07-07 15:13:18 [INFO] 
2026-07-07 15:13:18 [INFO]   🔵 [94m[1mPT0002000078233981HJ[0m  [2m[Cluster 1][0m
2026-07-07 15:13:18 [INFO]      consumiu MENOS que o habitual às 03h
2026-07-07 15:13:18 [INFO]      [2mReal:[0m 2.0 kWh   [2mHabitual:[0m 3.0 ± 0.3 kWh   [2mz:[0m -3.33   [2mdesvio:[0m -33%   [2m(2 obs. dia_util)[0m
2026-07-07 15:13:18 [INFO] 
2026-07-07 15:13:18 [INFO]   🔴 [91m[1mPT0002000078233981HJ[0m  [2m[Cluster 1][0m
2026-07-07 15:13:18 [INFO]      consumiu MAIS que o habitual às 04h
2026-07-07 15:13:18 [INFO]      [2mReal:[0m 3.0 kWh   [2mHabitual:[0m 2.0 ± 0.3 kWh   [2mz:[0m +3.33   [2mdesvio:[0m +50%   [2m(2 obs. dia_util)[0m
2026-07-07 15:13:18 [INFO] 
2026-07-07 15:13:18 [INFO]   🔵 [94m[1mPT0002000081344542CP[0m  [2m[Cluster 1][0m
2026-07-07 15:13:18 [INFO]      consumiu MENOS que o habitual às 01h
2026-07-07 15:13:18 [INFO]      [2mReal:[0m 1.0 kWh   [2mHabitual:[0m 2.0 ± 0.3 kWh   [2mz:[0m -3.33   [2mdesvio:[0m -50%   [2m(2 obs. dia_util)[0m
2026-07-07 15:13:18 [INFO] 
2026-07-07 15:13:18 [INFO]   🔵 [94m[1mPT0002000103647515BL[0m  [2m[sem cluster][0m
2026-07-07 15:13:18 [INFO]      consumiu MENOS que o habitual às 23h
2026-07-07 15:13:18 [INFO]      [2mReal:[0m 2.0 kWh   [2mHabitual:[0m 3.0 ± 0.3 kWh   [2mz:[0m -3.33   [2mdesvio:[0m -33%   [2m(3 obs. dia_util)[0m
2026-07-07 15:13:18 [INFO] 
2026-07-07 15:13:18 [INFO]   🔴 [91m[1mPT0002000105483259QH[0m  [2m[Cluster 1][0m
2026-07-07 15:13:18 [INFO]      consumiu MAIS que o habitual às 02h
2026-07-07 15:13:18 [INFO]      [2mReal:[0m 1.0 kWh   [2mHabitual:[0m 0.0 ± 0.3 kWh   [2mz:[0m +3.33   [2mdesvio:[0m +100000%   [2m(2 obs. dia_util)[0m
2026-07-07 15:13:18 [INFO] 
2026-07-07 15:13:18 [INFO]   🔵 [94m[1mPT0002000105483259QH[0m  [2m[Cluster 1][0m
2026-07-07 15:13:18 [INFO]      consumiu MENOS que o habitual às 03h
2026-07-07 15:13:18 [INFO]      [2mReal:[0m 0.0 kWh   [2mHabitual:[0m 1.0 ± 0.3 kWh   [2mz:[0m -3.33   [2mdesvio:[0m -100%   [2m(2 obs. dia_util)[0m
2026-07-07 15:13:18 [INFO] 
2026-07-07 15:13:18 [INFO]   🔵 [94m[1mPT0002000105483259QH[0m  [2m[Cluster 1][0m
2026-07-07 15:13:18 [INFO]      consumiu MENOS que o habitual às 06h
2026-07-07 15:13:18 [INFO]      [2mReal:[0m 0.0 kWh   [2mHabitual:[0m 1.0 ± 0.3 kWh   [2mz:[0m -3.33   [2mdesvio:[0m -100%   [2m(2 obs. dia_util)[0m
2026-07-07 15:13:18 [INFO] 
2026-07-07 15:13:18 [INFO]   🔴 [91m[1mPT0002000105483259QH[0m  [2m[Cluster 1][0m
2026-07-07 15:13:18 [INFO]      consumiu MAIS que o habitual às 07h
2026-07-07 15:13:18 [INFO]      [2mReal:[0m 1.0 kWh   [2mHabitual:[0m 0.0 ± 0.3 kWh   [2mz:[0m +3.33   [2mdesvio:[0m +100000%   [2m(2 obs. dia_util)[0m
2026-07-07 15:13:18 [INFO] 
2026-07-07 15:13:18 [INFO]   🔵 [94m[1mPT0002000105483259QH[0m  [2m[Cluster 1][0m
2026-07-07 15:13:18 [INFO]      consumiu MENOS que o habitual às 08h
2026-07-07 15:13:18 [INFO]      [2mReal:[0m 0.0 kWh   [2mHabitual:[0m 1.0 ± 0.3 kWh   [2mz:[0m -3.33   [2mdesvio:[0m -100%   [2m(2 obs. dia_util)[0m
2026-07-07 15:13:18 [INFO] 
2026-07-07 15:13:18 [INFO]   🔵 [94m[1mPT0002000105483259QH[0m  [2m[Cluster 1][0m
2026-07-07 15:13:18 [INFO]      consumiu MENOS que o habitual às 11h
2026-07-07 15:13:18 [INFO]      [2mReal:[0m 0.0 kWh   [2mHabitual:[0m 1.0 ± 0.3 kWh   [2mz:[0m -3.33   [2mdesvio:[0m -100%   [2m(2 obs. dia_util)[0m
2026-07-07 15:13:18 [INFO] 
2026-07-07 15:13:18 [INFO]   🔵 [94m[1mPT0002000105483259QH[0m  [2m[Cluster 1][0m
2026-07-07 15:13:18 [INFO]      consumiu MENOS que o habitual às 13h
2026-07-07 15:13:18 [INFO]      [2mReal:[0m 0.0 kWh   [2mHabitual:[0m 1.0 ± 0.3 kWh   [2mz:[0m -3.33   [2mdesvio:[0m -100%   [2m(2 obs. dia_util)[0m
2026-07-07 15:13:18 [INFO] 
2026-07-07 15:13:18 [INFO]   🔴 [91m[1mPT0002000105483259QH[0m  [2m[Cluster 1][0m
2026-07-07 15:13:18 [INFO]      consumiu MAIS que o habitual às 15h
2026-07-07 15:13:18 [INFO]      [2mReal:[0m 2.0 kWh   [2mHabitual:[0m 1.0 ± 0.3 kWh   [2mz:[0m +3.33   [2mdesvio:[0m +100%   [2m(2 obs. dia_util)[0m
2026-07-07 15:13:18 [INFO] 
2026-07-07 15:13:18 [INFO]   🔴 [91m[1mPT0002000105483259QH[0m  [2m[Cluster 1][0m
2026-07-07 15:13:18 [INFO]      consumiu MAIS que o habitual às 23h
2026-07-07 15:13:18 [INFO]      [2mReal:[0m 3.0 kWh   [2mHabitual:[0m 2.0 ± 0.3 kWh   [2mz:[0m +3.33   [2mdesvio:[0m +50%   [2m(3 obs. dia_util)[0m
2026-07-07 15:13:18 [INFO] 
2026-07-07 15:13:18 [INFO]   🔴 [91m[1mPT0002000109837807PE[0m  [2m[Cluster 1][0m
2026-07-07 15:13:18 [INFO]      consumiu MAIS que o habitual às 06h
2026-07-07 15:13:18 [INFO]      [2mReal:[0m 4.0 kWh   [2mHabitual:[0m 3.0 ± 0.3 kWh   [2mz:[0m +3.33   [2mdesvio:[0m +33%   [2m(2 obs. dia_util)[0m
2026-07-07 15:13:18 [INFO] 
2026-07-07 15:13:18 [INFO]   🔵 [94m[1mPT0002000110607652SB[0m  [2m[Cluster 0][0m
2026-07-07 15:13:18 [INFO]      consumiu MENOS que o habitual às 02h
2026-07-07 15:13:18 [INFO]      [2mReal:[0m 8.0 kWh   [2mHabitual:[0m 12.0 ± 1.2 kWh   [2mz:[0m -3.33   [2mdesvio:[0m -33%   [2m(2 obs. dia_util)[0m
2026-07-07 15:13:18 [INFO] 
2026-07-07 15:13:18 [INFO]   🔵 [94m[1mPT0002000110607652SB[0m  [2m[Cluster 0][0m
2026-07-07 15:13:18 [INFO]      consumiu MENOS que o habitual às 05h
2026-07-07 15:13:18 [INFO]      [2mReal:[0m 8.0 kWh   [2mHabitual:[0m 12.0 ± 1.2 kWh   [2mz:[0m -3.33   [2mdesvio:[0m -33%   [2m(2 obs. dia_util)[0m
2026-07-07 15:13:18 [INFO] 
2026-07-07 15:13:18 [INFO]   🔵 [94m[1mPT0002000110607652SB[0m  [2m[Cluster 0][0m
2026-07-07 15:13:18 [INFO]      consumiu MENOS que o habitual às 23h
2026-07-07 15:13:18 [INFO]      [2mReal:[0m 8.0 kWh   [2mHabitual:[0m 12.0 ± 1.2 kWh   [2mz:[0m -3.33   [2mdesvio:[0m -33%   [2m(3 obs. dia_util)[0m
2026-07-07 15:13:18 [INFO] 
2026-07-07 15:13:18 [INFO]   🔵 [94m[1mPT0002000112989585PH[0m  [2m[Cluster 0][0m
2026-07-07 15:13:18 [INFO]      consumiu MENOS que o habitual às 11h
2026-07-07 15:13:18 [INFO]      [2mReal:[0m 15.0 kWh   [2mHabitual:[0m 22.5 ± 2.2 kWh   [2mz:[0m -3.33   [2mdesvio:[0m -33%   [2m(2 obs. dia_util)[0m
2026-07-07 15:13:18 [INFO] 
2026-07-07 15:13:18 [INFO]   🔴 [91m[1mPT0002000115700602GW[0m  [2m[Cluster 0][0m
2026-07-07 15:13:18 [INFO]      consumiu MAIS que o habitual às 05h
2026-07-07 15:13:18 [INFO]      [2mReal:[0m 12.0 kWh   [2mHabitual:[0m 9.0 ± 0.9 kWh   [2mz:[0m +3.33   [2mdesvio:[0m +33%   [2m(2 obs. dia_util)[0m
2026-07-07 15:13:18 [INFO] 
2026-07-07 15:13:18 [INFO]   🔴 [91m[1mPT0002000201038711LS[0m  [2m[sem cluster][0m
2026-07-07 15:13:18 [INFO]      consumiu MAIS que o habitual às 03h
2026-07-07 15:13:18 [INFO]      [2mReal:[0m 1.0 kWh   [2mHabitual:[0m 0.0 ± 0.3 kWh   [2mz:[0m +3.33   [2mdesvio:[0m +100000%   [2m(2 obs. dia_util)[0m
2026-07-07 15:13:18 [INFO] 
2026-07-07 15:13:18 [INFO]   🔴 [91m[1mPT0002000201936109ME[0m  [2m[Cluster 0][0m
2026-07-07 15:13:18 [INFO]      consumiu MAIS que o habitual às 01h
2026-07-07 15:13:18 [INFO]      [2mReal:[0m 1.0 kWh   [2mHabitual:[0m 0.0 ± 0.3 kWh   [2mz:[0m +3.33   [2mdesvio:[0m +100000%   [2m(2 obs. dia_util)[0m
2026-07-07 15:13:18 [INFO] 
2026-07-07 15:13:18 [INFO]   🔵 [94m[1mPT0002000201936109ME[0m  [2m[Cluster 0][0m
2026-07-07 15:13:18 [INFO]      consumiu MENOS que o habitual às 03h
2026-07-07 15:13:18 [INFO]      [2mReal:[0m 0.0 kWh   [2mHabitual:[0m 1.0 ± 0.3 kWh   [2mz:[0m -3.33   [2mdesvio:[0m -100%   [2m(2 obs. dia_util)[0m
2026-07-07 15:13:18 [INFO] 
2026-07-07 15:13:18 [INFO]   🔴 [91m[1mPT0002000077394934QY[0m  [2m[Cluster 0][0m
2026-07-07 15:13:18 [INFO]      consumiu MAIS que o habitual às 16h
2026-07-07 15:13:18 [INFO]      [2mReal:[0m 95.0 kWh   [2mHabitual:[0m 71.5 ± 7.2 kWh   [2mz:[0m +3.29   [2mdesvio:[0m +33%   [2m(2 obs. dia_util)[0m
2026-07-07 15:13:18 [INFO] 
2026-07-07 15:13:18 [INFO]   🔴 [91m[1mPT0002000106102375RC[0m  [2m[sem cluster][0m
2026-07-07 15:13:18 [INFO]      consumiu MAIS que o habitual às 11h
2026-07-07 15:13:18 [INFO]      [2mReal:[0m 89.0 kWh   [2mHabitual:[0m 67.0 ± 6.7 kWh   [2mz:[0m +3.28   [2mdesvio:[0m +33%   [2m(2 obs. dia_util)[0m
2026-07-07 15:13:18 [INFO] 
2026-07-07 15:13:18 [INFO]   🔴 [91m[1mPT0002000068856267NC[0m  [2m[sem cluster][0m
2026-07-07 15:13:18 [INFO]      consumiu MAIS que o habitual às 14h
2026-07-07 15:13:18 [INFO]      [2mReal:[0m 64.0 kWh   [2mHabitual:[0m 27.0 ± 11.3 kWh   [2mz:[0m +3.27   [2mdesvio:[0m +137%   [2m(2 obs. dia_util)[0m
2026-07-07 15:13:18 [INFO] 
2026-07-07 15:13:18 [INFO]   🔵 [94m[1mPT0002000078207354XC[0m  [2m[Cluster 1][0m
2026-07-07 15:13:18 [INFO]      consumiu MENOS que o habitual às 17h
2026-07-07 15:13:18 [INFO]      [2mReal:[0m 9.0 kWh   [2mHabitual:[0m 32.0 ± 7.1 kWh   [2mz:[0m -3.25   [2mdesvio:[0m -72%   [2m(2 obs. dia_util)[0m
2026-07-07 15:13:18 [INFO] 
2026-07-07 15:13:18 [INFO]   🔵 [94m[1mPT0002000123648159KR[0m  [2m[Cluster 0][0m
2026-07-07 15:13:18 [INFO]      consumiu MENOS que o habitual às 19h
2026-07-07 15:13:18 [INFO]      [2mReal:[0m 7.0 kWh   [2mHabitual:[0m 18.5 ± 3.5 kWh   [2mz:[0m -3.25   [2mdesvio:[0m -62%   [2m(2 obs. dia_util)[0m
2026-07-07 15:13:18 [INFO] 
2026-07-07 15:13:18 [INFO]   🔴 [91m[1mPT0002000068857909SY[0m  [2m[Cluster 1][0m
2026-07-07 15:13:18 [INFO]      consumiu MAIS que o habitual às 23h
2026-07-07 15:13:18 [INFO]      [2mReal:[0m 29.0 kWh   [2mHabitual:[0m 5.7 ± 7.2 kWh   [2mz:[0m +3.23   [2mdesvio:[0m +411%   [2m(3 obs. dia_util)[0m
2026-07-07 15:13:18 [INFO] 
2026-07-07 15:13:18 [INFO]   🔵 [94m[1mPT0002000107172384HT[0m  [2m[Cluster 1][0m
2026-07-07 15:13:18 [INFO]      consumiu MENOS que o habitual às 21h
2026-07-07 15:13:18 [INFO]      [2mReal:[0m 25.0 kWh   [2mHabitual:[0m 65.3 ± 12.5 kWh   [2mz:[0m -3.23   [2mdesvio:[0m -62%   [2m(3 obs. dia_util)[0m
2026-07-07 15:13:18 [INFO] 
2026-07-07 15:13:18 [INFO]   🔴 [91m[1mPT0002000068859393XH[0m  [2m[Cluster 1][0m
2026-07-07 15:13:18 [INFO]      consumiu MAIS que o habitual às 23h
2026-07-07 15:13:18 [INFO]      [2mReal:[0m 132.0 kWh   [2mHabitual:[0m 41.3 ± 28.3 kWh   [2mz:[0m +3.20   [2mdesvio:[0m +219%   [2m(3 obs. dia_util)[0m
2026-07-07 15:13:18 [INFO] 
2026-07-07 15:13:18 [INFO]   🔴 [91m[1mPT0002000114685657JR[0m  [2m[Cluster 0][0m
2026-07-07 15:13:18 [INFO]      consumiu MAIS que o habitual às 08h
2026-07-07 15:13:18 [INFO]      [2mReal:[0m 264.0 kWh   [2mHabitual:[0m 200.5 ± 20.1 kWh   [2mz:[0m +3.17   [2mdesvio:[0m +32%   [2m(2 obs. dia_util)[0m
2026-07-07 15:13:18 [INFO] 
2026-07-07 15:13:18 [INFO]   🔴 [91m[1mPT0002000201038711LS[0m  [2m[sem cluster][0m
2026-07-07 15:13:18 [INFO]      consumiu MAIS que o habitual às 21h
2026-07-07 15:13:18 [INFO]      [2mReal:[0m 68.0 kWh   [2mHabitual:[0m 18.7 ± 15.6 kWh   [2mz:[0m +3.17   [2mdesvio:[0m +264%   [2m(3 obs. dia_util)[0m
2026-07-07 15:13:18 [INFO] 
2026-07-07 15:13:18 [INFO]   🔴 [91m[1mPT0002000077394934QY[0m  [2m[Cluster 0][0m
2026-07-07 15:13:18 [INFO]      consumiu MAIS que o habitual às 09h
2026-07-07 15:13:18 [INFO]      [2mReal:[0m 92.0 kWh   [2mHabitual:[0m 67.5 ± 7.8 kWh   [2mz:[0m +3.15   [2mdesvio:[0m +36%   [2m(2 obs. dia_util)[0m
2026-07-07 15:13:18 [INFO] 
2026-07-07 15:13:18 [INFO]   🔵 [94m[1mPT0002000078140706BA[0m  [2m[sem cluster][0m
2026-07-07 15:13:18 [INFO]      consumiu MENOS que o habitual às 19h
2026-07-07 15:13:18 [INFO]      [2mReal:[0m 77.0 kWh   [2mHabitual:[0m 117.0 ± 12.7 kWh   [2mz:[0m -3.14   [2mdesvio:[0m -34%   [2m(2 obs. dia_util)[0m
2026-07-07 15:13:18 [INFO] 
2026-07-07 15:13:18 [INFO]   🔴 [91m[1mPT0002000114613364CC[0m  [2m[sem cluster][0m
2026-07-07 15:13:18 [INFO]      consumiu MAIS que o habitual às 19h
2026-07-07 15:13:18 [INFO]      [2mReal:[0m 178.0 kWh   [2mHabitual:[0m 135.5 ± 13.6 kWh   [2mz:[0m +3.14   [2mdesvio:[0m +31%   [2m(2 obs. dia_util)[0m
2026-07-07 15:13:18 [INFO] 
2026-07-07 15:13:18 [INFO]   🔴 [91m[1mPT0002000106102375RC[0m  [2m[sem cluster][0m
2026-07-07 15:13:18 [INFO]      consumiu MAIS que o habitual às 13h
2026-07-07 15:13:18 [INFO]      [2mReal:[0m 88.0 kWh   [2mHabitual:[0m 67.0 ± 6.7 kWh   [2mz:[0m +3.13   [2mdesvio:[0m +31%   [2m(2 obs. dia_util)[0m
2026-07-07 15:13:18 [INFO] 
2026-07-07 15:13:18 [INFO]   🔴 [91m[1mPT0002000073231742VK[0m  [2m[Cluster 0][0m
2026-07-07 15:13:18 [INFO]      consumiu MAIS que o habitual às 15h
2026-07-07 15:13:18 [INFO]      [2mReal:[0m 21.0 kWh   [2mHabitual:[0m 16.0 ± 1.6 kWh   [2mz:[0m +3.12   [2mdesvio:[0m +31%   [2m(2 obs. dia_util)[0m
2026-07-07 15:13:18 [INFO] 
2026-07-07 15:13:18 [INFO]   🔴 [91m[1mPT0002000078441876HB[0m  [2m[Cluster 0][0m
2026-07-07 15:13:18 [INFO]      consumiu MAIS que o habitual às 15h
2026-07-07 15:13:18 [INFO]      [2mReal:[0m 1767.0 kWh   [2mHabitual:[0m 1348.0 ± 134.8 kWh   [2mz:[0m +3.11   [2mdesvio:[0m +31%   [2m(2 obs. dia_util)[0m
2026-07-07 15:13:18 [INFO] 
2026-07-07 15:13:18 [INFO]   🔴 [91m[1mPT0002000068859325FL[0m  [2m[Cluster 1][0m
2026-07-07 15:13:18 [INFO]      consumiu MAIS que o habitual às 03h
2026-07-07 15:13:18 [INFO]      [2mReal:[0m 100.0 kWh   [2mHabitual:[0m 74.0 ± 8.5 kWh   [2mz:[0m +3.06   [2mdesvio:[0m +35%   [2m(2 obs. dia_util)[0m
2026-07-07 15:13:18 [INFO] 
2026-07-07 15:13:18 [INFO]   🔴 [91m[1mPT0002000073481266XH[0m  [2m[Cluster 0][0m
2026-07-07 15:13:18 [INFO]      consumiu MAIS que o habitual às 19h
2026-07-07 15:13:18 [INFO]      [2mReal:[0m 14.0 kWh   [2mHabitual:[0m 7.5 ± 2.1 kWh   [2mz:[0m +3.06   [2mdesvio:[0m +87%   [2m(2 obs. dia_util)[0m
2026-07-07 15:13:18 [INFO] 
2026-07-07 15:13:18 [INFO]   🔴 [91m[1mPT0002000102936404ME[0m  [2m[Cluster 1][0m
2026-07-07 15:13:18 [INFO]      consumiu MAIS que o habitual às 10h
2026-07-07 15:13:18 [INFO]      [2mReal:[0m 26.0 kWh   [2mHabitual:[0m 20.0 ± 2.0 kWh   [2mz:[0m +3.00   [2mdesvio:[0m +30%   [2m(2 obs. dia_util)[0m
2026-07-07 15:13:18 [INFO] 
2026-07-07 15:13:18 [INFO]   🔵 [94m[1mPT0002000112989585PH[0m  [2m[Cluster 0][0m
2026-07-07 15:13:18 [INFO]      consumiu MENOS que o habitual às 17h
2026-07-07 15:13:18 [INFO]      [2mReal:[0m 54.0 kWh   [2mHabitual:[0m 77.0 ± 7.7 kWh   [2mz:[0m -2.99   [2mdesvio:[0m -30%   [2m(2 obs. dia_util)[0m
2026-07-07 15:13:18 [INFO] 
2026-07-07 15:13:18 [INFO]   🔵 [94m[1mPT0002000068856826ZG[0m  [2m[sem cluster][0m
2026-07-07 15:13:18 [INFO]      consumiu MENOS que o habitual às 10h
2026-07-07 15:13:18 [INFO]      [2mReal:[0m 325.0 kWh   [2mHabitual:[0m 462.5 ± 46.2 kWh   [2mz:[0m -2.97   [2mdesvio:[0m -30%   [2m(2 obs. dia_util)[0m
2026-07-07 15:13:18 [INFO] 
2026-07-07 15:13:18 [INFO]   🔴 [91m[1mPT0002000068858231YY[0m  [2m[sem cluster][0m
2026-07-07 15:13:18 [INFO]      consumiu MAIS que o habitual às 18h
2026-07-07 15:13:18 [INFO]      [2mReal:[0m 35.0 kWh   [2mHabitual:[0m 27.0 ± 2.7 kWh   [2mz:[0m +2.96   [2mdesvio:[0m +30%   [2m(2 obs. dia_util)[0m
2026-07-07 15:13:18 [INFO] 
2026-07-07 15:13:18 [INFO]   🔵 [94m[1mPT0002000068856826ZG[0m  [2m[sem cluster][0m
2026-07-07 15:13:18 [INFO]      consumiu MENOS que o habitual às 12h
2026-07-07 15:13:18 [INFO]      [2mReal:[0m 343.0 kWh   [2mHabitual:[0m 486.5 ± 48.6 kWh   [2mz:[0m -2.95   [2mdesvio:[0m -29%   [2m(2 obs. dia_util)[0m
2026-07-07 15:13:18 [INFO] 
2026-07-07 15:13:18 [INFO]   🔴 [91m[1mPT0002000105483259QH[0m  [2m[Cluster 1][0m
2026-07-07 15:13:18 [INFO]      consumiu MAIS que o habitual às 21h
2026-07-07 15:13:18 [INFO]      [2mReal:[0m 3.0 kWh   [2mHabitual:[0m 1.3 ± 0.6 kWh   [2mz:[0m +2.89   [2mdesvio:[0m +126%   [2m(3 obs. dia_util)[0m
2026-07-07 15:13:18 [INFO] 
2026-07-07 15:13:18 [INFO]   🔴 [91m[1mPT0002000105483259QH[0m  [2m[Cluster 1][0m
2026-07-07 15:13:18 [INFO]      consumiu MAIS que o habitual às 22h
2026-07-07 15:13:18 [INFO]      [2mReal:[0m 3.0 kWh   [2mHabitual:[0m 1.3 ± 0.6 kWh   [2mz:[0m +2.89   [2mdesvio:[0m +126%   [2m(3 obs. dia_util)[0m
2026-07-07 15:13:18 [INFO] 
2026-07-07 15:13:18 [INFO]   🔴 [91m[1mPT0002000106102375RC[0m  [2m[sem cluster][0m
2026-07-07 15:13:18 [INFO]      consumiu MAIS que o habitual às 08h
2026-07-07 15:13:18 [INFO]      [2mReal:[0m 76.0 kWh   [2mHabitual:[0m 59.0 ± 5.9 kWh   [2mz:[0m +2.88   [2mdesvio:[0m +29%   [2m(2 obs. dia_util)[0m
2026-07-07 15:13:18 [INFO] 
2026-07-07 15:13:18 [INFO]   🔴 [91m[1mPT0002000077394934QY[0m  [2m[Cluster 0][0m
2026-07-07 15:13:18 [INFO]      consumiu MAIS que o habitual às 17h
2026-07-07 15:13:18 [INFO]      [2mReal:[0m 86.0 kWh   [2mHabitual:[0m 67.0 ± 6.7 kWh   [2mz:[0m +2.84   [2mdesvio:[0m +28%   [2m(2 obs. dia_util)[0m
2026-07-07 15:13:18 [INFO] 
2026-07-07 15:13:18 [INFO]   🔵 [94m[1mPT0002000068856872QG[0m  [2m[Cluster 1][0m
2026-07-07 15:13:18 [INFO]      consumiu MENOS que o habitual às 17h
2026-07-07 15:13:18 [INFO]      [2mReal:[0m 1.0 kWh   [2mHabitual:[0m 5.0 ± 1.4 kWh   [2mz:[0m -2.83   [2mdesvio:[0m -80%   [2m(2 obs. dia_util)[0m
2026-07-07 15:13:18 [INFO] 
2026-07-07 15:13:18 [INFO]   🔵 [94m[1mPT0002000068857099AR[0m  [2m[Cluster 1][0m
2026-07-07 15:13:18 [INFO]      consumiu MENOS que o habitual às 00h
2026-07-07 15:13:18 [INFO]      [2mReal:[0m 10.0 kWh   [2mHabitual:[0m 14.0 ± 1.4 kWh   [2mz:[0m -2.83   [2mdesvio:[0m -29%   [2m(2 obs. dia_util)[0m
2026-07-07 15:13:18 [INFO] 
2026-07-07 15:13:18 [INFO]   🔴 [91m[1mPT0002000078441876HB[0m  [2m[Cluster 0][0m
2026-07-07 15:13:18 [INFO]      consumiu MAIS que o habitual às 14h
2026-07-07 15:13:18 [INFO]      [2mReal:[0m 1869.0 kWh   [2mHabitual:[0m 1459.5 ± 145.9 kWh   [2mz:[0m +2.81   [2mdesvio:[0m +28%   [2m(2 obs. dia_util)[0m
2026-07-07 15:13:18 [INFO] 
2026-07-07 15:13:18 [INFO]   🔴 [91m[1mPT0002000068856974CZ[0m  [2m[sem cluster][0m
2026-07-07 15:13:18 [INFO]      consumiu MAIS que o habitual às 18h
2026-07-07 15:13:18 [INFO]      [2mReal:[0m 56.0 kWh   [2mHabitual:[0m 38.5 ± 6.4 kWh   [2mz:[0m +2.75   [2mdesvio:[0m +45%   [2m(2 obs. dia_util)[0m
2026-07-07 15:13:18 [INFO] 
2026-07-07 15:13:18 [INFO]   🔵 [94m[1mPT0002000107172384HT[0m  [2m[Cluster 1][0m
2026-07-07 15:13:18 [INFO]      consumiu MENOS que o habitual às 13h
2026-07-07 15:13:18 [INFO]      [2mReal:[0m 23.0 kWh   [2mHabitual:[0m 50.0 ± 9.9 kWh   [2mz:[0m -2.73   [2mdesvio:[0m -54%   [2m(2 obs. dia_util)[0m
2026-07-07 15:13:18 [INFO] 
2026-07-07 15:13:18 [INFO]   🔴 [91m[1mPT0002000106102375RC[0m  [2m[sem cluster][0m
2026-07-07 15:13:18 [INFO]      consumiu MAIS que o habitual às 12h
2026-07-07 15:13:18 [INFO]      [2mReal:[0m 89.0 kWh   [2mHabitual:[0m 70.0 ± 7.0 kWh   [2mz:[0m +2.71   [2mdesvio:[0m +27%   [2m(2 obs. dia_util)[0m
2026-07-07 15:13:18 [INFO] 
2026-07-07 15:13:18 [INFO]   🔵 [94m[1mPT0002000107172384HT[0m  [2m[Cluster 1][0m
2026-07-07 15:13:18 [INFO]      consumiu MENOS que o habitual às 12h
2026-07-07 15:13:18 [INFO]      [2mReal:[0m 23.0 kWh   [2mHabitual:[0m 55.5 ± 12.0 kWh   [2mz:[0m -2.70   [2mdesvio:[0m -59%   [2m(2 obs. dia_util)[0m
2026-07-07 15:13:18 [INFO] 
2026-07-07 15:13:18 [INFO]   🔵 [94m[1mPT0002000107172384HT[0m  [2m[Cluster 1][0m
2026-07-07 15:13:18 [INFO]      consumiu MENOS que o habitual às 15h
2026-07-07 15:13:18 [INFO]      [2mReal:[0m 28.0 kWh   [2mHabitual:[0m 47.0 ± 7.1 kWh   [2mz:[0m -2.69   [2mdesvio:[0m -40%   [2m(2 obs. dia_util)[0m
2026-07-07 15:13:18 [INFO] 
2026-07-07 15:13:18 [INFO]   🔴 [91m[1mPT0002000078441876HB[0m  [2m[Cluster 0][0m
2026-07-07 15:13:18 [INFO]      consumiu MAIS que o habitual às 11h
2026-07-07 15:13:18 [INFO]      [2mReal:[0m 1952.0 kWh   [2mHabitual:[0m 1541.0 ± 154.1 kWh   [2mz:[0m +2.67   [2mdesvio:[0m +27%   [2m(2 obs. dia_util)[0m
2026-07-07 15:13:18 [INFO] 
2026-07-07 15:13:18 [INFO]   🔴 [91m[1mPT0002000201038711LS[0m  [2m[sem cluster][0m
2026-07-07 15:13:18 [INFO]      consumiu MAIS que o habitual às 22h
2026-07-07 15:13:18 [INFO]      [2mReal:[0m 45.0 kWh   [2mHabitual:[0m 10.0 ± 13.2 kWh   [2mz:[0m +2.65   [2mdesvio:[0m +350%   [2m(3 obs. dia_util)[0m
2026-07-07 15:13:18 [INFO] 
2026-07-07 15:13:18 [INFO]   🔵 [94m[1mPT0002000081997398TD[0m  [2m[Cluster 0][0m
2026-07-07 15:13:18 [INFO]      consumiu MENOS que o habitual às 16h
2026-07-07 15:13:18 [INFO]      [2mReal:[0m 223.0 kWh   [2mHabitual:[0m 301.0 ± 30.1 kWh   [2mz:[0m -2.59   [2mdesvio:[0m -26%   [2m(2 obs. dia_util)[0m
2026-07-07 15:13:18 [INFO] 
2026-07-07 15:13:18 [INFO]   🔵 [94m[1mPT0002000107172384HT[0m  [2m[Cluster 1][0m
2026-07-07 15:13:18 [INFO]      consumiu MENOS que o habitual às 06h
2026-07-07 15:13:18 [INFO]      [2mReal:[0m 20.0 kWh   [2mHabitual:[0m 31.0 ± 4.2 kWh   [2mz:[0m -2.59   [2mdesvio:[0m -35%   [2m(2 obs. dia_util)[0m
2026-07-07 15:13:18 [INFO] 
2026-07-07 15:13:18 [INFO]   🔴 [91m[1mPT0002000077394934QY[0m  [2m[Cluster 0][0m
2026-07-07 15:13:18 [INFO]      consumiu MAIS que o habitual às 08h
2026-07-07 15:13:18 [INFO]      [2mReal:[0m 71.0 kWh   [2mHabitual:[0m 56.5 ± 5.7 kWh   [2mz:[0m +2.57   [2mdesvio:[0m +26%   [2m(2 obs. dia_util)[0m
2026-07-07 15:13:18 [INFO] 
2026-07-07 15:13:18 [INFO]   🔵 [94m[1mPT0002000078140706BA[0m  [2m[sem cluster][0m
2026-07-07 15:13:18 [INFO]      consumiu MENOS que o habitual às 22h
2026-07-07 15:13:18 [INFO]      [2mReal:[0m 49.0 kWh   [2mHabitual:[0m 66.3 ± 6.8 kWh   [2mz:[0m -2.55   [2mdesvio:[0m -26%   [2m(3 obs. dia_util)[0m
2026-07-07 15:13:18 [INFO] 
2026-07-07 15:13:18 [INFO]   🔴 [91m[1mPT0002000068856267NC[0m  [2m[sem cluster][0m
2026-07-07 15:13:18 [INFO]      consumiu MAIS que o habitual às 13h
2026-07-07 15:13:18 [INFO]      [2mReal:[0m 60.0 kWh   [2mHabitual:[0m 28.0 ± 12.7 kWh   [2mz:[0m +2.51   [2mdesvio:[0m +114%   [2m(2 obs. dia_util)[0m
2026-07-07 15:13:18 [INFO] 
2026-07-07 15:13:18 [INFO]   🔵 [94m[1mPT0002000075637532JB[0m  [2m[Cluster 0][0m
2026-07-07 15:13:18 [INFO]      consumiu MENOS que o habitual às 22h
2026-07-07 15:13:18 [INFO]      [2mReal:[0m 5.0 kWh   [2mHabitual:[0m 6.7 ± 0.7 kWh   [2mz:[0m -2.50   [2mdesvio:[0m -25%   [2m(3 obs. dia_util)[0m
2026-07-07 15:13:18 [INFO] 
2026-07-07 15:13:18 [INFO]   🔴 [91m[1mPT0002000077647404EM[0m  [2m[Cluster 1][0m
2026-07-07 15:13:18 [INFO]      consumiu MAIS que o habitual às 01h
2026-07-07 15:13:18 [INFO]      [2mReal:[0m 5.0 kWh   [2mHabitual:[0m 4.0 ± 0.4 kWh   [2mz:[0m +2.50   [2mdesvio:[0m +25%   [2m(2 obs. dia_util)[0m
2026-07-07 15:13:18 [INFO] 
2026-07-07 15:13:18 [INFO]   🔴 [91m[1mPT0002000107046231FW[0m  [2m[Cluster 0][0m
2026-07-07 15:13:18 [INFO]      consumiu MAIS que o habitual às 07h
2026-07-07 15:13:18 [INFO]      [2mReal:[0m 5.0 kWh   [2mHabitual:[0m 4.0 ± 0.4 kWh   [2mz:[0m +2.50   [2mdesvio:[0m +25%   [2m(2 obs. dia_util)[0m
2026-07-07 15:13:18 [INFO] 
2026-07-07 15:13:18 [INFO]   🔵 [94m[1mPT0002000109837807PE[0m  [2m[Cluster 1][0m
2026-07-07 15:13:18 [INFO]      consumiu MENOS que o habitual às 05h
2026-07-07 15:13:18 [INFO]      [2mReal:[0m 3.0 kWh   [2mHabitual:[0m 4.0 ± 0.4 kWh   [2mz:[0m -2.50   [2mdesvio:[0m -25%   [2m(2 obs. dia_util)[0m
2026-07-07 15:13:18 [INFO] 
2026-07-07 15:13:18 [INFO]   🔴 [91m[1mPT0002000115673471CB[0m  [2m[Cluster 0][0m
2026-07-07 15:13:18 [INFO]      consumiu MAIS que o habitual às 07h
2026-07-07 15:13:18 [INFO]      [2mReal:[0m 51.0 kWh   [2mHabitual:[0m 24.5 ± 10.6 kWh   [2mz:[0m +2.50   [2mdesvio:[0m +108%   [2m(2 obs. dia_util)[0m
2026-07-07 15:13:18 [INFO] 
2026-07-07 15:13:18 [INFO]   🔴 [91m[1mPT0002000119303492KB[0m  [2m[Cluster 0][0m
2026-07-07 15:13:18 [INFO]      consumiu MAIS que o habitual às 20h
2026-07-07 15:13:18 [INFO]      [2mReal:[0m 5.0 kWh   [2mHabitual:[0m 4.0 ± 0.4 kWh   [2mz:[0m +2.50   [2mdesvio:[0m +25%   [2m(2 obs. dia_util)[0m
2026-07-07 15:13:18 [INFO] 
2026-07-07 15:13:18 [INFO]   🔴 [91m[1mPT0002000106102375RC[0m  [2m[sem cluster][0m
2026-07-07 15:13:18 [INFO]      consumiu MAIS que o habitual às 14h
2026-07-07 15:13:18 [INFO]      [2mReal:[0m 88.0 kWh   [2mHabitual:[0m 70.5 ± 7.0 kWh   [2mz:[0m +2.48   [2mdesvio:[0m +25%   [2m(2 obs. dia_util)[0m
2026-07-07 15:13:18 [INFO] 
2026-07-07 15:13:18 [INFO]   🔴 [91m[1mPT0002000125701614SQ[0m  [2m[sem cluster][0m
2026-07-07 15:13:18 [INFO]      consumiu MAIS que o habitual às 14h
2026-07-07 15:13:18 [INFO]      [2mReal:[0m 73.0 kWh   [2mHabitual:[0m 29.5 ± 17.7 kWh   [2mz:[0m +2.46   [2mdesvio:[0m +147%   [2m(2 obs. dia_util)[0m
2026-07-07 15:13:18 [INFO] 
2026-07-07 15:13:18 [INFO]   🔵 [94m[1mPT0002000068856906VS[0m  [2m[Cluster 0][0m
2026-07-07 15:13:18 [INFO]      consumiu MENOS que o habitual às 11h
2026-07-07 15:13:18 [INFO]      [2mReal:[0m 37.0 kWh   [2mHabitual:[0m 49.0 ± 4.9 kWh   [2mz:[0m -2.45   [2mdesvio:[0m -24%   [2m(2 obs. dia_util)[0m
2026-07-07 15:13:18 [INFO] 
2026-07-07 15:13:18 [INFO]   🔴 [91m[1mPT0002000106102375RC[0m  [2m[sem cluster][0m
2026-07-07 15:13:18 [INFO]      consumiu MAIS que o habitual às 09h
2026-07-07 15:13:18 [INFO]      [2mReal:[0m 79.0 kWh   [2mHabitual:[0m 63.5 ± 6.3 kWh   [2mz:[0m +2.44   [2mdesvio:[0m +24%   [2m(2 obs. dia_util)[0m
2026-07-07 15:13:18 [INFO] 
2026-07-07 15:13:18 [INFO]   🔵 [94m[1mPT0002000068855003AK[0m  [2m[sem cluster][0m
2026-07-07 15:13:18 [INFO]      consumiu MENOS que o habitual às 23h
2026-07-07 15:13:18 [INFO]      [2mReal:[0m 11.0 kWh   [2mHabitual:[0m 24.3 ± 5.5 kWh   [2mz:[0m -2.42   [2mdesvio:[0m -55%   [2m(3 obs. dia_util)[0m
2026-07-07 15:13:18 [INFO] 
2026-07-07 15:13:18 [INFO]   🔵 [94m[1mPT0002000078441876HB[0m  [2m[Cluster 0][0m
2026-07-07 15:13:18 [INFO]      consumiu MENOS que o habitual às 23h
2026-07-07 15:13:18 [INFO]      [2mReal:[0m 688.0 kWh   [2mHabitual:[0m 907.0 ± 90.7 kWh   [2mz:[0m -2.41   [2mdesvio:[0m -24%   [2m(3 obs. dia_util)[0m
2026-07-07 15:13:18 [INFO] 
2026-07-07 15:13:18 [INFO]   🔴 [91m[1mPT0002000106102375RC[0m  [2m[sem cluster][0m
2026-07-07 15:13:18 [INFO]      consumiu MAIS que o habitual às 10h
2026-07-07 15:13:18 [INFO]      [2mReal:[0m 80.0 kWh   [2mHabitual:[0m 64.5 ± 6.5 kWh   [2mz:[0m +2.40   [2mdesvio:[0m +24%   [2m(2 obs. dia_util)[0m
2026-07-07 15:13:18 [INFO] 
2026-07-07 15:13:18 [INFO]   🔵 [94m[1mPT0002000068855003AK[0m  [2m[sem cluster][0m
2026-07-07 15:13:18 [INFO]      consumiu MENOS que o habitual às 22h
2026-07-07 15:13:18 [INFO]      [2mReal:[0m 12.0 kWh   [2mHabitual:[0m 25.7 ± 5.8 kWh   [2mz:[0m -2.37   [2mdesvio:[0m -53%   [2m(3 obs. dia_util)[0m
2026-07-07 15:13:18 [INFO] 
2026-07-07 15:13:18 [INFO]   🔵 [94m[1mPT0002000068855003AK[0m  [2m[sem cluster][0m
2026-07-07 15:13:18 [INFO]      consumiu MENOS que o habitual às 17h
2026-07-07 15:13:18 [INFO]      [2mReal:[0m 36.0 kWh   [2mHabitual:[0m 47.0 ± 4.7 kWh   [2mz:[0m -2.34   [2mdesvio:[0m -23%   [2m(2 obs. dia_util)[0m
2026-07-07 15:13:18 [INFO] 
2026-07-07 15:13:18 [INFO]   🔴 [91m[1mPT0002000068856826ZG[0m  [2m[sem cluster][0m
2026-07-07 15:13:18 [INFO]      consumiu MAIS que o habitual às 21h
2026-07-07 15:13:18 [INFO]      [2mReal:[0m 405.0 kWh   [2mHabitual:[0m 309.0 ± 41.1 kWh   [2mz:[0m +2.33   [2mdesvio:[0m +31%   [2m(3 obs. dia_util)[0m
2026-07-07 15:13:18 [INFO] 
2026-07-07 15:13:18 [INFO]   🔵 [94m[1mPT0002000078140706BA[0m  [2m[sem cluster][0m
2026-07-07 15:13:18 [INFO]      consumiu MENOS que o habitual às 23h
2026-07-07 15:13:18 [INFO]      [2mReal:[0m 45.0 kWh   [2mHabitual:[0m 58.7 ± 5.9 kWh   [2mz:[0m -2.33   [2mdesvio:[0m -23%   [2m(3 obs. dia_util)[0m
2026-07-07 15:13:18 [INFO] 
2026-07-07 15:13:18 [INFO]   🔴 [91m[1mPT0002000203886452WB[0m  [2m[sem cluster][0m
2026-07-07 15:13:18 [INFO]      consumiu MAIS que o habitual às 21h
2026-07-07 15:13:18 [INFO]      [2mReal:[0m 8.0 kWh   [2mHabitual:[0m 2.7 ± 2.3 kWh   [2mz:[0m +2.31   [2mdesvio:[0m +200%   [2m(3 obs. dia_util)[0m
2026-07-07 15:13:18 [INFO] 
2026-07-07 15:13:18 [INFO]   🔴 [91m[1mPT0002000068859597LS[0m  [2m[Cluster 0][0m
2026-07-07 15:13:18 [INFO]      consumiu MAIS que o habitual às 23h
2026-07-07 15:13:18 [INFO]      [2mReal:[0m 70.0 kWh   [2mHabitual:[0m 53.3 ± 7.2 kWh   [2mz:[0m +2.30   [2mdesvio:[0m +31%   [2m(3 obs. dia_util)[0m
2026-07-07 15:13:18 [INFO] 
2026-07-07 15:13:18 [INFO]   🔴 [91m[1mPT0002000109837807PE[0m  [2m[Cluster 1][0m
2026-07-07 15:13:18 [INFO]      consumiu MAIS que o habitual às 17h
2026-07-07 15:13:18 [INFO]      [2mReal:[0m 21.0 kWh   [2mHabitual:[0m 8.0 ± 5.7 kWh   [2mz:[0m +2.30   [2mdesvio:[0m +162%   [2m(2 obs. dia_util)[0m
2026-07-07 15:13:18 [INFO] 
2026-07-07 15:13:18 [INFO]   🔵 [94m[1mPT0002000068858231YY[0m  [2m[sem cluster][0m
2026-07-07 15:13:18 [INFO]      consumiu MENOS que o habitual às 20h
2026-07-07 15:13:18 [INFO]      [2mReal:[0m 22.0 kWh   [2mHabitual:[0m 28.5 ± 2.9 kWh   [2mz:[0m -2.28   [2mdesvio:[0m -23%   [2m(2 obs. dia_util)[0m
2026-07-07 15:13:18 [INFO] 
2026-07-07 15:13:18 [INFO]   🔴 [91m[1mPT0002000110814293YC[0m  [2m[sem cluster][0m
2026-07-07 15:13:18 [INFO]      consumiu MAIS que o habitual às 08h
2026-07-07 15:13:18 [INFO]      [2mReal:[0m 27.0 kWh   [2mHabitual:[0m 22.0 ± 2.2 kWh   [2mz:[0m +2.27   [2mdesvio:[0m +23%   [2m(2 obs. dia_util)[0m
2026-07-07 15:13:18 [INFO] 
2026-07-07 15:13:18 [INFO]   🔴 [91m[1mPT0002000115673471CB[0m  [2m[Cluster 0][0m
2026-07-07 15:13:18 [INFO]      consumiu MAIS que o habitual às 04h
2026-07-07 15:13:18 [INFO]      [2mReal:[0m 27.0 kWh   [2mHabitual:[0m 22.0 ± 2.2 kWh   [2mz:[0m +2.27   [2mdesvio:[0m +23%   [2m(2 obs. dia_util)[0m
2026-07-07 15:13:18 [INFO] 
2026-07-07 15:13:18 [INFO]   🔵 [94m[1mPT0002000107172384HT[0m  [2m[Cluster 1][0m
2026-07-07 15:13:18 [INFO]      consumiu MENOS que o habitual às 08h
2026-07-07 15:13:18 [INFO]      [2mReal:[0m 24.0 kWh   [2mHabitual:[0m 31.0 ± 3.1 kWh   [2mz:[0m -2.26   [2mdesvio:[0m -23%   [2m(2 obs. dia_util)[0m
2026-07-07 15:13:18 [INFO] 
2026-07-07 15:13:18 [INFO]   🔴 [91m[1mPT0002000109837807PE[0m  [2m[Cluster 1][0m
2026-07-07 15:13:18 [INFO]      consumiu MAIS que o habitual às 18h
2026-07-07 15:13:18 [INFO]      [2mReal:[0m 27.0 kWh   [2mHabitual:[0m 9.5 ± 7.8 kWh   [2mz:[0m +2.25   [2mdesvio:[0m +184%   [2m(2 obs. dia_util)[0m
2026-07-07 15:13:18 [INFO] 
2026-07-07 15:13:18 [INFO]   🔵 [94m[1mPT0002000125701614SQ[0m  [2m[sem cluster][0m
2026-07-07 15:13:18 [INFO]      consumiu MENOS que o habitual às 05h
2026-07-07 15:13:18 [INFO]      [2mReal:[0m 14.0 kWh   [2mHabitual:[0m 18.0 ± 1.8 kWh   [2mz:[0m -2.22   [2mdesvio:[0m -22%   [2m(2 obs. dia_util)[0m
2026-07-07 15:13:18 [INFO] 
2026-07-07 15:13:18 [INFO]   🔴 [91m[1mPT0002000116530964LH[0m  [2m[sem cluster][0m
2026-07-07 15:13:18 [INFO]      consumiu MAIS que o habitual às 07h
2026-07-07 15:13:18 [INFO]      [2mReal:[0m 107.0 kWh   [2mHabitual:[0m 88.0 ± 8.8 kWh   [2mz:[0m +2.16   [2mdesvio:[0m +22%   [2m(2 obs. dia_util)[0m
2026-07-07 15:13:18 [INFO] 
2026-07-07 15:13:18 [INFO]   🔵 [94m[1mPT0002000081997398TD[0m  [2m[Cluster 0][0m
2026-07-07 15:13:18 [INFO]      consumiu MENOS que o habitual às 20h
2026-07-07 15:13:18 [INFO]      [2mReal:[0m 399.0 kWh   [2mHabitual:[0m 508.5 ± 50.9 kWh   [2mz:[0m -2.15   [2mdesvio:[0m -22%   [2m(2 obs. dia_util)[0m
2026-07-07 15:13:18 [INFO] 
2026-07-07 15:13:18 [INFO]   🔵 [94m[1mPT0002000123648159KR[0m  [2m[Cluster 0][0m
2026-07-07 15:13:18 [INFO]      consumiu MENOS que o habitual às 01h
2026-07-07 15:13:18 [INFO]      [2mReal:[0m 11.0 kWh   [2mHabitual:[0m 14.0 ± 1.4 kWh   [2mz:[0m -2.14   [2mdesvio:[0m -21%   [2m(2 obs. dia_util)[0m
2026-07-07 15:13:18 [INFO] 
2026-07-07 15:13:18 [INFO]   🔴 [91m[1mPT0002000068856267NC[0m  [2m[sem cluster][0m
2026-07-07 15:13:18 [INFO]      consumiu MAIS que o habitual às 08h
2026-07-07 15:13:18 [INFO]      [2mReal:[0m 50.0 kWh   [2mHabitual:[0m 33.5 ± 7.8 kWh   [2mz:[0m +2.12   [2mdesvio:[0m +49%   [2m(2 obs. dia_util)[0m
2026-07-07 15:13:18 [INFO] 
2026-07-07 15:13:18 [INFO]   🔵 [94m[1mPT0002000068857099AR[0m  [2m[Cluster 1][0m
2026-07-07 15:13:18 [INFO]      consumiu MENOS que o habitual às 02h
2026-07-07 15:13:18 [INFO]      [2mReal:[0m 6.0 kWh   [2mHabitual:[0m 10.5 ± 2.1 kWh   [2mz:[0m -2.12   [2mdesvio:[0m -43%   [2m(2 obs. dia_util)[0m
2026-07-07 15:13:18 [INFO] 
2026-07-07 15:13:18 [INFO]   🔵 [94m[1mPT0002000068857909SY[0m  [2m[Cluster 1][0m
2026-07-07 15:13:18 [INFO]      consumiu MENOS que o habitual às 06h
2026-07-07 15:13:18 [INFO]      [2mReal:[0m 1.0 kWh   [2mHabitual:[0m 2.5 ± 0.7 kWh   [2mz:[0m -2.12   [2mdesvio:[0m -60%   [2m(2 obs. dia_util)[0m
2026-07-07 15:13:18 [INFO] 
2026-07-07 15:13:18 [INFO]   🔴 [91m[1mPT0002000068858674WN[0m  [2m[sem cluster][0m
2026-07-07 15:13:18 [INFO]      consumiu MAIS que o habitual às 10h
2026-07-07 15:13:18 [INFO]      [2mReal:[0m 16.0 kWh   [2mHabitual:[0m 10.0 ± 2.8 kWh   [2mz:[0m +2.12   [2mdesvio:[0m +60%   [2m(2 obs. dia_util)[0m
2026-07-07 15:13:18 [INFO] 
2026-07-07 15:13:18 [INFO]   🔴 [91m[1mPT0002000068858674WN[0m  [2m[sem cluster][0m
2026-07-07 15:13:18 [INFO]      consumiu MAIS que o habitual às 11h
2026-07-07 15:13:18 [INFO]      [2mReal:[0m 16.0 kWh   [2mHabitual:[0m 10.0 ± 2.8 kWh   [2mz:[0m +2.12   [2mdesvio:[0m +60%   [2m(2 obs. dia_util)[0m
2026-07-07 15:13:18 [INFO] 
2026-07-07 15:13:18 [INFO]   🔴 [91m[1mPT0002000068858674WN[0m  [2m[sem cluster][0m
2026-07-07 15:13:18 [INFO]      consumiu MAIS que o habitual às 13h
2026-07-07 15:13:18 [INFO]      [2mReal:[0m 16.0 kWh   [2mHabitual:[0m 10.0 ± 2.8 kWh   [2mz:[0m +2.12   [2mdesvio:[0m +60%   [2m(2 obs. dia_util)[0m
2026-07-07 15:13:18 [INFO] 
2026-07-07 15:13:18 [INFO]   🔴 [91m[1mPT0002000068858674WN[0m  [2m[sem cluster][0m
2026-07-07 15:13:18 [INFO]      consumiu MAIS que o habitual às 15h
2026-07-07 15:13:18 [INFO]      [2mReal:[0m 16.0 kWh   [2mHabitual:[0m 10.0 ± 2.8 kWh   [2mz:[0m +2.12   [2mdesvio:[0m +60%   [2m(2 obs. dia_util)[0m
2026-07-07 15:13:18 [INFO] 
2026-07-07 15:13:18 [INFO]   🔵 [94m[1mPT0002000071896778MT[0m  [2m[Cluster 0][0m
2026-07-07 15:13:18 [INFO]      consumiu MENOS que o habitual às 19h
2026-07-07 15:13:18 [INFO]      [2mReal:[0m 3.0 kWh   [2mHabitual:[0m 4.5 ± 0.7 kWh   [2mz:[0m -2.12   [2mdesvio:[0m -33%   [2m(2 obs. dia_util)[0m
2026-07-07 15:13:18 [INFO] 
2026-07-07 15:13:18 [INFO]   🔵 [94m[1mPT0002000075637532JB[0m  [2m[Cluster 0][0m
2026-07-07 15:13:18 [INFO]      consumiu MENOS que o habitual às 19h
2026-07-07 15:13:18 [INFO]      [2mReal:[0m 5.0 kWh   [2mHabitual:[0m 6.5 ± 0.7 kWh   [2mz:[0m -2.12   [2mdesvio:[0m -23%   [2m(2 obs. dia_util)[0m
2026-07-07 15:13:18 [INFO] 
2026-07-07 15:13:18 [INFO]   🔵 [94m[1mPT0002000078294957RQ[0m  [2m[Cluster 0][0m
2026-07-07 15:13:18 [INFO]      consumiu MENOS que o habitual às 03h
2026-07-07 15:13:18 [INFO]      [2mReal:[0m 5.0 kWh   [2mHabitual:[0m 6.5 ± 0.7 kWh   [2mz:[0m -2.12   [2mdesvio:[0m -23%   [2m(2 obs. dia_util)[0m
2026-07-07 15:13:18 [INFO] 
2026-07-07 15:13:18 [INFO]   🔵 [94m[1mPT0002000081344542CP[0m  [2m[Cluster 1][0m
2026-07-07 15:13:18 [INFO]      consumiu MENOS que o habitual às 17h
2026-07-07 15:13:18 [INFO]      [2mReal:[0m 1.0 kWh   [2mHabitual:[0m 2.5 ± 0.7 kWh   [2mz:[0m -2.12   [2mdesvio:[0m -60%   [2m(2 obs. dia_util)[0m
2026-07-07 15:13:18 [INFO] 
2026-07-07 15:13:18 [INFO]   🔴 [91m[1mPT0002000105483259QH[0m  [2m[Cluster 1][0m
2026-07-07 15:13:18 [INFO]      consumiu MAIS que o habitual às 18h
2026-07-07 15:13:18 [INFO]      [2mReal:[0m 3.0 kWh   [2mHabitual:[0m 1.5 ± 0.7 kWh   [2mz:[0m +2.12   [2mdesvio:[0m +100%   [2m(2 obs. dia_util)[0m
2026-07-07 15:13:18 [INFO] 
2026-07-07 15:13:18 [INFO]   🔴 [91m[1mPT0002000107046231FW[0m  [2m[Cluster 0][0m
2026-07-07 15:13:18 [INFO]      consumiu MAIS que o habitual às 05h
2026-07-07 15:13:18 [INFO]      [2mReal:[0m 5.0 kWh   [2mHabitual:[0m 3.5 ± 0.7 kWh   [2mz:[0m +2.12   [2mdesvio:[0m +43%   [2m(2 obs. dia_util)[0m
2026-07-07 15:13:18 [INFO] 
2026-07-07 15:13:18 [INFO]   🔵 [94m[1mPT0002000107172384HT[0m  [2m[Cluster 1][0m
2026-07-07 15:13:18 [INFO]      consumiu MENOS que o habitual às 07h
2026-07-07 15:13:18 [INFO]      [2mReal:[0m 22.0 kWh   [2mHabitual:[0m 31.0 ± 4.2 kWh   [2mz:[0m -2.12   [2mdesvio:[0m -29%   [2m(2 obs. dia_util)[0m
2026-07-07 15:13:18 [INFO] 
2026-07-07 15:13:18 [INFO]   🔴 [91m[1mPT0002000110090564GD[0m  [2m[Cluster 1][0m
2026-07-07 15:13:18 [INFO]      consumiu MAIS que o habitual às 09h
2026-07-07 15:13:18 [INFO]      [2mReal:[0m 6.0 kWh   [2mHabitual:[0m 4.5 ± 0.7 kWh   [2mz:[0m +2.12   [2mdesvio:[0m +33%   [2m(2 obs. dia_util)[0m
2026-07-07 15:13:18 [INFO] 
2026-07-07 15:13:18 [INFO]   🔴 [91m[1mPT0002000110090564GD[0m  [2m[Cluster 1][0m
2026-07-07 15:13:18 [INFO]      consumiu MAIS que o habitual às 11h
2026-07-07 15:13:18 [INFO]      [2mReal:[0m 6.0 kWh   [2mHabitual:[0m 4.5 ± 0.7 kWh   [2mz:[0m +2.12   [2mdesvio:[0m +33%   [2m(2 obs. dia_util)[0m
2026-07-07 15:13:18 [INFO] 
2026-07-07 15:13:18 [INFO]   🔴 [91m[1mPT0002000110090564GD[0m  [2m[Cluster 1][0m
2026-07-07 15:13:18 [INFO]      consumiu MAIS que o habitual às 20h
2026-07-07 15:13:18 [INFO]      [2mReal:[0m 6.0 kWh   [2mHabitual:[0m 4.5 ± 0.7 kWh   [2mz:[0m +2.12   [2mdesvio:[0m +33%   [2m(2 obs. dia_util)[0m
2026-07-07 15:13:18 [INFO] 
2026-07-07 15:13:18 [INFO]   🔴 [91m[1mPT0002000119303492KB[0m  [2m[Cluster 0][0m
2026-07-07 15:13:18 [INFO]      consumiu MAIS que o habitual às 05h
2026-07-07 15:13:18 [INFO]      [2mReal:[0m 7.0 kWh   [2mHabitual:[0m 5.5 ± 0.7 kWh   [2mz:[0m +2.12   [2mdesvio:[0m +27%   [2m(2 obs. dia_util)[0m
2026-07-07 15:13:18 [INFO] 
2026-07-07 15:13:18 [INFO]   🔵 [94m[1mPT0002000123648159KR[0m  [2m[Cluster 0][0m
2026-07-07 15:13:18 [INFO]      consumiu MENOS que o habitual às 18h
2026-07-07 15:13:18 [INFO]      [2mReal:[0m 10.0 kWh   [2mHabitual:[0m 23.5 ± 6.4 kWh   [2mz:[0m -2.12   [2mdesvio:[0m -57%   [2m(2 obs. dia_util)[0m
2026-07-07 15:13:18 [INFO] 
2026-07-07 15:13:18 [INFO]   🔴 [91m[1mPT0002000125701614SQ[0m  [2m[sem cluster][0m
2026-07-07 15:13:18 [INFO]      consumiu MAIS que o habitual às 10h
2026-07-07 15:13:18 [INFO]      [2mReal:[0m 40.0 kWh   [2mHabitual:[0m 23.5 ± 7.8 kWh   [2mz:[0m +2.12   [2mdesvio:[0m +70%   [2m(2 obs. dia_util)[0m
2026-07-07 15:13:18 [INFO] 
2026-07-07 15:13:18 [INFO]   🔴 [91m[1mPT0002000201038711LS[0m  [2m[sem cluster][0m
2026-07-07 15:13:18 [INFO]      consumiu MAIS que o habitual às 07h
2026-07-07 15:13:18 [INFO]      [2mReal:[0m 8.0 kWh   [2mHabitual:[0m 3.5 ± 2.1 kWh   [2mz:[0m +2.12   [2mdesvio:[0m +129%   [2m(2 obs. dia_util)[0m
2026-07-07 15:13:18 [INFO] 
2026-07-07 15:13:18 [INFO]   🔵 [94m[1mPT0002000201936109ME[0m  [2m[Cluster 0][0m
2026-07-07 15:13:18 [INFO]      consumiu MENOS que o habitual às 04h
2026-07-07 15:13:18 [INFO]      [2mReal:[0m 0.0 kWh   [2mHabitual:[0m 1.5 ± 0.7 kWh   [2mz:[0m -2.12   [2mdesvio:[0m -100%   [2m(2 obs. dia_util)[0m
2026-07-07 15:13:18 [INFO] 
2026-07-07 15:13:18 [INFO]   🔴 [91m[1mPT0002000073717386HC[0m  [2m[sem cluster][0m
2026-07-07 15:13:18 [INFO]      consumiu MAIS que o habitual às 17h
2026-07-07 15:13:18 [INFO]      [2mReal:[0m 66.0 kWh   [2mHabitual:[0m 54.5 ± 5.5 kWh   [2mz:[0m +2.11   [2mdesvio:[0m +21%   [2m(2 obs. dia_util)[0m
2026-07-07 15:13:18 [INFO] 
2026-07-07 15:13:18 [INFO]   🔵 [94m[1mPT0002000075637532JB[0m  [2m[Cluster 0][0m
2026-07-07 15:13:18 [INFO]      consumiu MENOS que o habitual às 21h
2026-07-07 15:13:18 [INFO]      [2mReal:[0m 5.0 kWh   [2mHabitual:[0m 6.3 ± 0.6 kWh   [2mz:[0m -2.11   [2mdesvio:[0m -21%   [2m(3 obs. dia_util)[0m
2026-07-07 15:13:18 [INFO] 
2026-07-07 15:13:18 [INFO]   🔴 [91m[1mPT0002000068859382XF[0m  [2m[Cluster 0][0m
2026-07-07 15:13:18 [INFO]      consumiu MAIS que o habitual às 08h
2026-07-07 15:13:18 [INFO]      [2mReal:[0m 52.0 kWh   [2mHabitual:[0m 43.0 ± 4.3 kWh   [2mz:[0m +2.09   [2mdesvio:[0m +21%   [2m(2 obs. dia_util)[0m
2026-07-07 15:13:18 [INFO] 
2026-07-07 15:13:18 [INFO]   🔴 [91m[1mPT0002000110814293YC[0m  [2m[sem cluster][0m
2026-07-07 15:13:18 [INFO]      consumiu MAIS que o habitual às 10h
2026-07-07 15:13:18 [INFO]      [2mReal:[0m 26.0 kWh   [2mHabitual:[0m 21.5 ± 2.1 kWh   [2mz:[0m +2.09   [2mdesvio:[0m +21%   [2m(2 obs. dia_util)[0m
2026-07-07 15:13:18 [INFO] 
2026-07-07 15:13:18 [INFO]   🔴 [91m[1mPT0002000068859325FL[0m  [2m[Cluster 1][0m
2026-07-07 15:13:18 [INFO]      consumiu MAIS que o habitual às 12h
2026-07-07 15:13:18 [INFO]      [2mReal:[0m 232.0 kWh   [2mHabitual:[0m 192.0 ± 19.2 kWh   [2mz:[0m +2.08   [2mdesvio:[0m +21%   [2m(2 obs. dia_util)[0m
2026-07-07 15:13:18 [INFO] 
2026-07-07 15:13:18 [INFO]   🔴 [91m[1mPT0002000068859393XH[0m  [2m[Cluster 1][0m
2026-07-07 15:13:18 [INFO]      consumiu MAIS que o habitual às 10h
2026-07-07 15:13:18 [INFO]      [2mReal:[0m 134.0 kWh   [2mHabitual:[0m 111.0 ± 11.1 kWh   [2mz:[0m +2.07   [2mdesvio:[0m +21%   [2m(2 obs. dia_util)[0m
2026-07-07 15:13:18 [INFO] 
2026-07-07 15:13:18 [INFO]   🔴 [91m[1mPT0002000068856267NC[0m  [2m[sem cluster][0m
2026-07-07 15:13:18 [INFO]      consumiu MAIS que o habitual às 15h
2026-07-07 15:13:18 [INFO]      [2mReal:[0m 59.0 kWh   [2mHabitual:[0m 30.0 ± 14.1 kWh   [2mz:[0m +2.05   [2mdesvio:[0m +97%   [2m(2 obs. dia_util)[0m
2026-07-07 15:13:18 [INFO] 
2026-07-07 15:13:18 [INFO]   🔴 [91m[1mPT0002000082549706RH[0m  [2m[Cluster 0][0m
2026-07-07 15:13:18 [INFO]      consumiu MAIS que o habitual às 10h
2026-07-07 15:13:18 [INFO]      [2mReal:[0m 132.0 kWh   [2mHabitual:[0m 109.5 ± 10.9 kWh   [2mz:[0m +2.05   [2mdesvio:[0m +21%   [2m(2 obs. dia_util)[0m
2026-07-07 15:13:18 [INFO] 
2026-07-07 15:13:18 [INFO]   🔵 [94m[1mPT0002000112989585PH[0m  [2m[Cluster 0][0m
2026-07-07 15:13:18 [INFO]      consumiu MENOS que o habitual às 10h
2026-07-07 15:13:18 [INFO]      [2mReal:[0m 31.0 kWh   [2mHabitual:[0m 39.0 ± 3.9 kWh   [2mz:[0m -2.05   [2mdesvio:[0m -21%   [2m(2 obs. dia_util)[0m
2026-07-07 15:13:18 [INFO] 
2026-07-07 15:13:18 [INFO]   🔴 [91m[1mPT0002000068855003AK[0m  [2m[sem cluster][0m
2026-07-07 15:13:18 [INFO]      consumiu MAIS que o habitual às 16h
2026-07-07 15:13:18 [INFO]      [2mReal:[0m 59.0 kWh   [2mHabitual:[0m 49.0 ± 4.9 kWh   [2mz:[0m +2.04   [2mdesvio:[0m +20%   [2m(2 obs. dia_util)[0m
2026-07-07 15:13:18 [INFO] 
2026-07-07 15:13:18 [INFO]   🔵 [94m[1mPT0002000106102375RC[0m  [2m[sem cluster][0m
2026-07-07 15:13:18 [INFO]      consumiu MENOS que o habitual às 23h
2026-07-07 15:13:18 [INFO]      [2mReal:[0m 48.0 kWh   [2mHabitual:[0m 60.3 ± 6.0 kWh   [2mz:[0m -2.04   [2mdesvio:[0m -20%   [2m(3 obs. dia_util)[0m
2026-07-07 15:13:18 [INFO] 
2026-07-07 15:13:18 [INFO]   🔵 [94m[1mPT0002000068856826ZG[0m  [2m[sem cluster][0m
2026-07-07 15:13:18 [INFO]      consumiu MENOS que o habitual às 09h
2026-07-07 15:13:18 [INFO]      [2mReal:[0m 349.0 kWh   [2mHabitual:[0m 436.5 ± 43.6 kWh   [2mz:[0m -2.00   [2mdesvio:[0m -20%   [2m(2 obs. dia_util)[0m
2026-07-07 15:13:18 [INFO] 
2026-07-07 15:13:18 [INFO]   [2mCSV:[0m /home/runner/work/ts-anomaly-detection-dissertation/ts-anomaly-detection-dissertation/results/energia/realtime/alerts/analise_energia_2026-07-06.csv
2026-07-07 15:13:18 [INFO] 
2026-07-07 15:13:18 [INFO] [96m→ A prever consumo de 2026-07-07 para 276 CPEs...[0m
2026-07-07 15:13:23 [INFO] [1m══════════════════════════════════════════════════════════════════════[0m
2026-07-07 15:13:23 [INFO] [1m  PREDIÇÃO — 2026-07-07 [0m[2m(dia util)[0m
2026-07-07 15:13:23 [INFO] [1m══════════════════════════════════════════════════════════════════════[0m
2026-07-07 15:13:23 [INFO]   [95m● CPEs previstos[0m          69 [2m(alta: 0, baixa: 1656)[0m
2026-07-07 15:13:23 [INFO]   [95m● Consumo total previsto[0m 105903.4 kWh [2m(±25913.3)[0m
2026-07-07 15:13:23 [INFO] 
2026-07-07 15:13:23 [INFO]   [2mPrevisão guardada:[0m /home/runner/work/ts-anomaly-detection-dissertation/ts-anomaly-detection-dissertation/results/energia/realtime/predictions/previsao_energia_2026-07-07.csv
2026-07-07 15:13:23 [INFO] 
2026-07-07 15:13:23 [INFO] [1m══════════════════════════════════════════════════════════════════════[0m
2026-07-07 15:13:23 [INFO] [1m  VALIDAÇÃO — qualidade das previsões anteriores[0m
2026-07-07 15:13:23 [INFO] [1m══════════════════════════════════════════════════════════════════════[0m
2026-07-07 15:13:23 [INFO]   [2mDias validados:[0m 4   [2mpendentes:[0m 22
2026-07-07 15:13:23 [INFO]   [2mÚltimo (2026-07-06):[0m MAE 16.10 kWh   RMSE 36.08   em ±1σ 60% [2m(esperado ~68%)[0m   em ±2σ 83% [2m(esperado ~95%)[0m
2026-07-07 15:13:23 [INFO]   [2mMédia acumulada:[0m MAE 17.82 kWh   RMSE 41.97   em ±1σ 56%   em ±2σ 81%
2026-07-07 15:13:23 [INFO]   [2mCSV:[0m /home/runner/work/ts-anomaly-detection-dissertation/ts-anomaly-detection-dissertation/results/energia/realtime/analysis/qualidade_previsoes_energia.csv
2026-07-07 15:13:23 [INFO] 
2026-07-07 16:41:14 [INFO] [96m→ A pedir dados ao BaZe (276 CPEs)...[0m
2026-07-07 16:54:14 [INFO] 
2026-07-07 16:54:14 [INFO] [1m══════════════════════════════════════════════════════════════════════[0m
2026-07-07 16:54:14 [INFO] [1m  DETEÇÃO DE ANOMALIAS — 2026-07-06[0m
2026-07-07 16:54:14 [INFO] [1m══════════════════════════════════════════════════════════════════════[0m
2026-07-07 16:54:14 [INFO]   [2mTipo de dia:[0m  dia util
2026-07-07 16:54:14 [INFO]   [2mFonte:[0m        BAZE
2026-07-07 16:54:14 [INFO]   [2mCPEs c/ dados:[0m 69
2026-07-07 16:54:14 [INFO]   [2mThreshold:[0m    |z| > 2.0 [2m(adaptativo a este tipo de dia)[0m
2026-07-07 16:54:14 [INFO] 
2026-07-07 16:54:14 [INFO] [96m→ A analisar 69 CPEs / 1656 pontos horários (retrospetiva)...[0m
2026-07-07 16:54:16 [INFO] [1m─── Resumo ─────────────────────────────────────[0m
2026-07-07 16:54:16 [INFO]   [92m● Normal[0m                1045 [2m( 63.1%)[0m
2026-07-07 16:54:16 [INFO]   [91m● Desvio (alta confiança)[0m    0 [2m(  0.0%)[0m
2026-07-07 16:54:16 [INFO]   [93m● Desvio (baixa confiança)[0m 611 [2m( 36.9%)[0m
2026-07-07 16:54:16 [INFO]   [2mTempo: 782.1s[0m
2026-07-07 16:54:16 [INFO] 
2026-07-07 16:54:16 [INFO] [1m[93m─── Desvios de BAIXA confiança (611) ──────────────[0m
2026-07-07 16:54:16 [INFO]   [2m(poucos dados históricos — verificar manualmente)[0m
2026-07-07 16:54:16 [INFO] 
2026-07-07 16:54:16 [INFO]   🔴 [91m[1mPT0002000033074862LZ[0m  [2m[Cluster 0][0m
2026-07-07 16:54:16 [INFO]      consumiu MAIS que o habitual às 07h
2026-07-07 16:54:16 [INFO]      [2mReal:[0m 31.0 kWh   [2mHabitual:[0m 12.5 ± 1.2 kWh   [2mz:[0m +10.00⁺   [2mdesvio:[0m +148%   [2m(2 obs. dia_util)[0m
2026-07-07 16:54:16 [INFO] 
2026-07-07 16:54:16 [INFO]   🔴 [91m[1mPT0002000033074862LZ[0m  [2m[Cluster 0][0m
2026-07-07 16:54:16 [INFO]      consumiu MAIS que o habitual às 08h
2026-07-07 16:54:16 [INFO]      [2mReal:[0m 42.0 kWh   [2mHabitual:[0m 11.0 ± 1.1 kWh   [2mz:[0m +10.00⁺   [2mdesvio:[0m +282%   [2m(2 obs. dia_util)[0m
2026-07-07 16:54:16 [INFO] 
2026-07-07 16:54:16 [INFO]   🔴 [91m[1mPT0002000033074862LZ[0m  [2m[Cluster 0][0m
2026-07-07 16:54:16 [INFO]      consumiu MAIS que o habitual às 09h
2026-07-07 16:54:16 [INFO]      [2mReal:[0m 44.0 kWh   [2mHabitual:[0m 10.0 ± 1.0 kWh   [2mz:[0m +10.00⁺   [2mdesvio:[0m +340%   [2m(2 obs. dia_util)[0m
2026-07-07 16:54:16 [INFO] 
2026-07-07 16:54:16 [INFO]   🔴 [91m[1mPT0002000033074862LZ[0m  [2m[Cluster 0][0m
2026-07-07 16:54:16 [INFO]      consumiu MAIS que o habitual às 10h
2026-07-07 16:54:16 [INFO]      [2mReal:[0m 48.0 kWh   [2mHabitual:[0m 10.5 ± 1.1 kWh   [2mz:[0m +10.00⁺   [2mdesvio:[0m +357%   [2m(2 obs. dia_util)[0m
2026-07-07 16:54:16 [INFO] 
2026-07-07 16:54:16 [INFO]   🔴 [91m[1mPT0002000033074862LZ[0m  [2m[Cluster 0][0m
2026-07-07 16:54:16 [INFO]      consumiu MAIS que o habitual às 11h
2026-07-07 16:54:16 [INFO]      [2mReal:[0m 49.0 kWh   [2mHabitual:[0m 10.0 ± 1.0 kWh   [2mz:[0m +10.00⁺   [2mdesvio:[0m +390%   [2m(2 obs. dia_util)[0m
2026-07-07 16:54:16 [INFO] 
2026-07-07 16:54:16 [INFO]   🔴 [91m[1mPT0002000033074862LZ[0m  [2m[Cluster 0][0m
2026-07-07 16:54:16 [INFO]      consumiu MAIS que o habitual às 12h
2026-07-07 16:54:16 [INFO]      [2mReal:[0m 57.0 kWh   [2mHabitual:[0m 10.0 ± 1.0 kWh   [2mz:[0m +10.00⁺   [2mdesvio:[0m +470%   [2m(2 obs. dia_util)[0m
2026-07-07 16:54:16 [INFO] 
2026-07-07 16:54:16 [INFO]   🔴 [91m[1mPT0002000033074862LZ[0m  [2m[Cluster 0][0m
2026-07-07 16:54:16 [INFO]      consumiu MAIS que o habitual às 13h
2026-07-07 16:54:16 [INFO]      [2mReal:[0m 50.0 kWh   [2mHabitual:[0m 10.0 ± 1.0 kWh   [2mz:[0m +10.00⁺   [2mdesvio:[0m +400%   [2m(2 obs. dia_util)[0m
2026-07-07 16:54:16 [INFO] 
2026-07-07 16:54:16 [INFO]   🔴 [91m[1mPT0002000033074862LZ[0m  [2m[Cluster 0][0m
2026-07-07 16:54:16 [INFO]      consumiu MAIS que o habitual às 14h
2026-07-07 16:54:16 [INFO]      [2mReal:[0m 34.0 kWh   [2mHabitual:[0m 10.0 ± 1.0 kWh   [2mz:[0m +10.00⁺   [2mdesvio:[0m +240%   [2m(2 obs. dia_util)[0m
2026-07-07 16:54:16 [INFO] 
2026-07-07 16:54:16 [INFO]   🔴 [91m[1mPT0002000033074862LZ[0m  [2m[Cluster 0][0m
2026-07-07 16:54:16 [INFO]      consumiu MAIS que o habitual às 15h
2026-07-07 16:54:16 [INFO]      [2mReal:[0m 26.0 kWh   [2mHabitual:[0m 10.5 ± 1.1 kWh   [2mz:[0m +10.00⁺   [2mdesvio:[0m +148%   [2m(2 obs. dia_util)[0m
2026-07-07 16:54:16 [INFO] 
2026-07-07 16:54:16 [INFO]   🔴 [91m[1mPT0002000033074862LZ[0m  [2m[Cluster 0][0m
2026-07-07 16:54:16 [INFO]      consumiu MAIS que o habitual às 16h
2026-07-07 16:54:16 [INFO]      [2mReal:[0m 22.0 kWh   [2mHabitual:[0m 10.5 ± 1.1 kWh   [2mz:[0m +10.00⁺   [2mdesvio:[0m +110%   [2m(2 obs. dia_util)[0m
2026-07-07 16:54:16 [INFO] 
2026-07-07 16:54:16 [INFO]   🔴 [91m[1mPT0002000033074862LZ[0m  [2m[Cluster 0][0m
2026-07-07 16:54:16 [INFO]      consumiu MAIS que o habitual às 17h
2026-07-07 16:54:16 [INFO]      [2mReal:[0m 25.0 kWh   [2mHabitual:[0m 12.0 ± 1.2 kWh   [2mz:[0m +10.00⁺   [2mdesvio:[0m +108%   [2m(2 obs. dia_util)[0m
2026-07-07 16:54:16 [INFO] 
2026-07-07 16:54:16 [INFO]   🔴 [91m[1mPT0002000068856655YV[0m  [2m[Cluster 0][0m
2026-07-07 16:54:16 [INFO]      consumiu MAIS que o habitual às 08h
2026-07-07 16:54:16 [INFO]      [2mReal:[0m 5.0 kWh   [2mHabitual:[0m 2.0 ± 0.3 kWh   [2mz:[0m +10.00   [2mdesvio:[0m +150%   [2m(2 obs. dia_util)[0m
2026-07-07 16:54:16 [INFO] 
2026-07-07 16:54:16 [INFO]   🔴 [91m[1mPT0002000068856655YV[0m  [2m[Cluster 0][0m
2026-07-07 16:54:16 [INFO]      consumiu MAIS que o habitual às 09h
2026-07-07 16:54:16 [INFO]      [2mReal:[0m 10.0 kWh   [2mHabitual:[0m 2.0 ± 0.3 kWh   [2mz:[0m +10.00⁺   [2mdesvio:[0m +400%   [2m(2 obs. dia_util)[0m
2026-07-07 16:54:16 [INFO] 
2026-07-07 16:54:16 [INFO]   🔴 [91m[1mPT0002000068856655YV[0m  [2m[Cluster 0][0m
2026-07-07 16:54:16 [INFO]      consumiu MAIS que o habitual às 10h
2026-07-07 16:54:16 [INFO]      [2mReal:[0m 12.0 kWh   [2mHabitual:[0m 2.0 ± 0.3 kWh   [2mz:[0m +10.00⁺   [2mdesvio:[0m +500%   [2m(2 obs. dia_util)[0m
2026-07-07 16:54:16 [INFO] 
2026-07-07 16:54:16 [INFO]   🔴 [91m[1mPT0002000068856655YV[0m  [2m[Cluster 0][0m
2026-07-07 16:54:16 [INFO]      consumiu MAIS que o habitual às 11h
2026-07-07 16:54:16 [INFO]      [2mReal:[0m 12.0 kWh   [2mHabitual:[0m 1.0 ± 0.3 kWh   [2mz:[0m +10.00⁺   [2mdesvio:[0m +1100%   [2m(2 obs. dia_util)[0m
2026-07-07 16:54:16 [INFO] 
2026-07-07 16:54:16 [INFO]   🔴 [91m[1mPT0002000068856655YV[0m  [2m[Cluster 0][0m
2026-07-07 16:54:16 [INFO]      consumiu MAIS que o habitual às 12h
2026-07-07 16:54:16 [INFO]      [2mReal:[0m 11.0 kWh   [2mHabitual:[0m 2.0 ± 0.3 kWh   [2mz:[0m +10.00⁺   [2mdesvio:[0m +450%   [2m(2 obs. dia_util)[0m
2026-07-07 16:54:16 [INFO] 
2026-07-07 16:54:16 [INFO]   🔴 [91m[1mPT0002000068856655YV[0m  [2m[Cluster 0][0m
2026-07-07 16:54:16 [INFO]      consumiu MAIS que o habitual às 13h
2026-07-07 16:54:16 [INFO]      [2mReal:[0m 9.0 kWh   [2mHabitual:[0m 2.0 ± 0.3 kWh   [2mz:[0m +10.00⁺   [2mdesvio:[0m +350%   [2m(2 obs. dia_util)[0m
2026-07-07 16:54:16 [INFO] 
2026-07-07 16:54:16 [INFO]   🔴 [91m[1mPT0002000068856655YV[0m  [2m[Cluster 0][0m
2026-07-07 16:54:16 [INFO]      consumiu MAIS que o habitual às 14h
2026-07-07 16:54:16 [INFO]      [2mReal:[0m 9.0 kWh   [2mHabitual:[0m 2.0 ± 0.3 kWh   [2mz:[0m +10.00⁺   [2mdesvio:[0m +350%   [2m(2 obs. dia_util)[0m
2026-07-07 16:54:16 [INFO] 
2026-07-07 16:54:16 [INFO]   🔴 [91m[1mPT0002000068856655YV[0m  [2m[Cluster 0][0m
2026-07-07 16:54:16 [INFO]      consumiu MAIS que o habitual às 15h
2026-07-07 16:54:16 [INFO]      [2mReal:[0m 9.0 kWh   [2mHabitual:[0m 2.0 ± 0.3 kWh   [2mz:[0m +10.00⁺   [2mdesvio:[0m +350%   [2m(2 obs. dia_util)[0m
2026-07-07 16:54:16 [INFO] 
2026-07-07 16:54:16 [INFO]   🔴 [91m[1mPT0002000068856655YV[0m  [2m[Cluster 0][0m
2026-07-07 16:54:16 [INFO]      consumiu MAIS que o habitual às 17h
2026-07-07 16:54:16 [INFO]      [2mReal:[0m 9.0 kWh   [2mHabitual:[0m 2.0 ± 0.3 kWh   [2mz:[0m +10.00⁺   [2mdesvio:[0m +350%   [2m(2 obs. dia_util)[0m
2026-07-07 16:54:16 [INFO] 
2026-07-07 16:54:16 [INFO]   🔴 [91m[1mPT0002000068856655YV[0m  [2m[Cluster 0][0m
2026-07-07 16:54:16 [INFO]      consumiu MAIS que o habitual às 18h
2026-07-07 16:54:16 [INFO]      [2mReal:[0m 5.0 kWh   [2mHabitual:[0m 2.0 ± 0.3 kWh   [2mz:[0m +10.00   [2mdesvio:[0m +150%   [2m(2 obs. dia_util)[0m
2026-07-07 16:54:16 [INFO] 
2026-07-07 16:54:16 [INFO]   🔴 [91m[1mPT0002000068856655YV[0m  [2m[Cluster 0][0m
2026-07-07 16:54:16 [INFO]      consumiu MAIS que o habitual às 19h
2026-07-07 16:54:16 [INFO]      [2mReal:[0m 5.0 kWh   [2mHabitual:[0m 2.0 ± 0.3 kWh   [2mz:[0m +10.00   [2mdesvio:[0m +150%   [2m(2 obs. dia_util)[0m
2026-07-07 16:54:16 [INFO] 
2026-07-07 16:54:16 [INFO]   🔵 [94m[1mPT0002000068856872QG[0m  [2m[Cluster 1][0m
2026-07-07 16:54:16 [INFO]      consumiu MENOS que o habitual às 15h
2026-07-07 16:54:16 [INFO]      [2mReal:[0m 0.0 kWh   [2mHabitual:[0m 4.0 ± 0.4 kWh   [2mz:[0m -10.00   [2mdesvio:[0m -100%   [2m(2 obs. dia_util)[0m
2026-07-07 16:54:16 [INFO] 
2026-07-07 16:54:16 [INFO]   🔴 [91m[1mPT0002000068856872QG[0m  [2m[Cluster 1][0m
2026-07-07 16:54:16 [INFO]      consumiu MAIS que o habitual às 19h
2026-07-07 16:54:16 [INFO]      [2mReal:[0m 3.0 kWh   [2mHabitual:[0m 0.0 ± 0.3 kWh   [2mz:[0m +10.00   [2mdesvio:[0m +300000%   [2m(2 obs. dia_util)[0m
2026-07-07 16:54:16 [INFO] 
2026-07-07 16:54:16 [INFO]   🔴 [91m[1mPT0002000068856952LS[0m  [2m[Cluster 2][0m
2026-07-07 16:54:16 [INFO]      consumiu MAIS que o habitual às 17h
2026-07-07 16:54:16 [INFO]      [2mReal:[0m 4.0 kWh   [2mHabitual:[0m 0.0 ± 0.3 kWh   [2mz:[0m +10.00⁺   [2mdesvio:[0m +400000%   [2m(2 obs. dia_util)[0m
2026-07-07 16:54:16 [INFO] 
2026-07-07 16:54:16 [INFO]   🔴 [91m[1mPT0002000068856952LS[0m  [2m[Cluster 2][0m
2026-07-07 16:54:16 [INFO]      consumiu MAIS que o habitual às 18h
2026-07-07 16:54:16 [INFO]      [2mReal:[0m 4.0 kWh   [2mHabitual:[0m 0.0 ± 0.3 kWh   [2mz:[0m +10.00⁺   [2mdesvio:[0m +400000%   [2m(2 obs. dia_util)[0m
2026-07-07 16:54:16 [INFO] 
2026-07-07 16:54:16 [INFO]   🔴 [91m[1mPT0002000068856952LS[0m  [2m[Cluster 2][0m
2026-07-07 16:54:16 [INFO]      consumiu MAIS que o habitual às 19h
2026-07-07 16:54:16 [INFO]      [2mReal:[0m 4.0 kWh   [2mHabitual:[0m 0.0 ± 0.3 kWh   [2mz:[0m +10.00⁺   [2mdesvio:[0m +400000%   [2m(2 obs. dia_util)[0m
2026-07-07 16:54:16 [INFO] 
2026-07-07 16:54:16 [INFO]   🔴 [91m[1mPT0002000068856952LS[0m  [2m[Cluster 2][0m
2026-07-07 16:54:16 [INFO]      consumiu MAIS que o habitual às 20h
2026-07-07 16:54:16 [INFO]      [2mReal:[0m 4.0 kWh   [2mHabitual:[0m 0.0 ± 0.3 kWh   [2mz:[0m +10.00⁺   [2mdesvio:[0m +400000%   [2m(2 obs. dia_util)[0m
2026-07-07 16:54:16 [INFO] 
2026-07-07 16:54:16 [INFO]   🔴 [91m[1mPT0002000068856952LS[0m  [2m[Cluster 2][0m
2026-07-07 16:54:16 [INFO]      consumiu MAIS que o habitual às 22h
2026-07-07 16:54:16 [INFO]      [2mReal:[0m 3.0 kWh   [2mHabitual:[0m 0.0 ± 0.3 kWh   [2mz:[0m +10.00   [2mdesvio:[0m +300000%   [2m(3 obs. dia_util)[0m
2026-07-07 16:54:16 [INFO] 
2026-07-07 16:54:16 [INFO]   🔴 [91m[1mPT0002000068856952LS[0m  [2m[Cluster 2][0m
2026-07-07 16:54:16 [INFO]      consumiu MAIS que o habitual às 23h
2026-07-07 16:54:16 [INFO]      [2mReal:[0m 4.0 kWh   [2mHabitual:[0m 0.0 ± 0.3 kWh   [2mz:[0m +10.00⁺   [2mdesvio:[0m +400000%   [2m(3 obs. dia_util)[0m
2026-07-07 16:54:16 [INFO] 
2026-07-07 16:54:16 [INFO]   🔴 [91m[1mPT0002000068856974CZ[0m  [2m[sem cluster][0m
2026-07-07 16:54:16 [INFO]      consumiu MAIS que o habitual às 08h
2026-07-07 16:54:16 [INFO]      [2mReal:[0m 48.0 kWh   [2mHabitual:[0m 12.5 ± 1.2 kWh   [2mz:[0m +10.00⁺   [2mdesvio:[0m +284%   [2m(2 obs. dia_util)[0m
2026-07-07 16:54:16 [INFO] 
2026-07-07 16:54:16 [INFO]   🔴 [91m[1mPT0002000068856974CZ[0m  [2m[sem cluster][0m
2026-07-07 16:54:16 [INFO]      consumiu MAIS que o habitual às 09h
2026-07-07 16:54:16 [INFO]      [2mReal:[0m 70.0 kWh   [2mHabitual:[0m 11.0 ± 1.1 kWh   [2mz:[0m +10.00⁺   [2mdesvio:[0m +536%   [2m(2 obs. dia_util)[0m
2026-07-07 16:54:16 [INFO] 
2026-07-07 16:54:16 [INFO]   🔴 [91m[1mPT0002000068856974CZ[0m  [2m[sem cluster][0m
2026-07-07 16:54:16 [INFO]      consumiu MAIS que o habitual às 10h
2026-07-07 16:54:16 [INFO]      [2mReal:[0m 69.0 kWh   [2mHabitual:[0m 12.5 ± 1.2 kWh   [2mz:[0m +10.00⁺   [2mdesvio:[0m +452%   [2m(2 obs. dia_util)[0m
2026-07-07 16:54:16 [INFO] 
2026-07-07 16:54:16 [INFO]   🔴 [91m[1mPT0002000068856974CZ[0m  [2m[sem cluster][0m
2026-07-07 16:54:16 [INFO]      consumiu MAIS que o habitual às 11h
2026-07-07 16:54:16 [INFO]      [2mReal:[0m 64.0 kWh   [2mHabitual:[0m 12.5 ± 1.2 kWh   [2mz:[0m +10.00⁺   [2mdesvio:[0m +412%   [2m(2 obs. dia_util)[0m
2026-07-07 16:54:16 [INFO] 
2026-07-07 16:54:16 [INFO]   🔴 [91m[1mPT0002000068856974CZ[0m  [2m[sem cluster][0m
2026-07-07 16:54:16 [INFO]      consumiu MAIS que o habitual às 12h
2026-07-07 16:54:16 [INFO]      [2mReal:[0m 68.0 kWh   [2mHabitual:[0m 12.5 ± 1.2 kWh   [2mz:[0m +10.00⁺   [2mdesvio:[0m +444%   [2m(2 obs. dia_util)[0m
2026-07-07 16:54:16 [INFO] 
2026-07-07 16:54:16 [INFO]   🔴 [91m[1mPT0002000068856974CZ[0m  [2m[sem cluster][0m
2026-07-07 16:54:16 [INFO]      consumiu MAIS que o habitual às 13h
2026-07-07 16:54:16 [INFO]      [2mReal:[0m 80.0 kWh   [2mHabitual:[0m 19.0 ± 5.7 kWh   [2mz:[0m +10.00⁺   [2mdesvio:[0m +321%   [2m(2 obs. dia_util)[0m
2026-07-07 16:54:16 [INFO] 
2026-07-07 16:54:16 [INFO]   🔴 [91m[1mPT0002000068856974CZ[0m  [2m[sem cluster][0m
2026-07-07 16:54:16 [INFO]      consumiu MAIS que o habitual às 14h
2026-07-07 16:54:16 [INFO]      [2mReal:[0m 85.0 kWh   [2mHabitual:[0m 39.5 ± 4.0 kWh   [2mz:[0m +10.00⁺   [2mdesvio:[0m +115%   [2m(2 obs. dia_util)[0m
2026-07-07 16:54:16 [INFO] 
2026-07-07 16:54:16 [INFO]   🔴 [91m[1mPT0002000068858231YY[0m  [2m[sem cluster][0m
2026-07-07 16:54:16 [INFO]      consumiu MAIS que o habitual às 07h
2026-07-07 16:54:16 [INFO]      [2mReal:[0m 52.0 kWh   [2mHabitual:[0m 24.0 ± 2.4 kWh   [2mz:[0m +10.00⁺   [2mdesvio:[0m +117%   [2m(2 obs. dia_util)[0m
2026-07-07 16:54:16 [INFO] 
2026-07-07 16:54:16 [INFO]   🔴 [91m[1mPT0002000068858231YY[0m  [2m[sem cluster][0m
2026-07-07 16:54:16 [INFO]      consumiu MAIS que o habitual às 08h
2026-07-07 16:54:16 [INFO]      [2mReal:[0m 140.0 kWh   [2mHabitual:[0m 23.5 ± 2.4 kWh   [2mz:[0m +10.00⁺   [2mdesvio:[0m +496%   [2m(2 obs. dia_util)[0m
2026-07-07 16:54:16 [INFO] 
2026-07-07 16:54:16 [INFO]   🔴 [91m[1mPT0002000068858231YY[0m  [2m[sem cluster][0m
2026-07-07 16:54:16 [INFO]      consumiu MAIS que o habitual às 09h
2026-07-07 16:54:16 [INFO]      [2mReal:[0m 161.0 kWh   [2mHabitual:[0m 24.0 ± 2.4 kWh   [2mz:[0m +10.00⁺   [2mdesvio:[0m +571%   [2m(2 obs. dia_util)[0m
2026-07-07 16:54:16 [INFO] 
2026-07-07 16:54:16 [INFO]   🔴 [91m[1mPT0002000068858231YY[0m  [2m[sem cluster][0m
2026-07-07 16:54:16 [INFO]      consumiu MAIS que o habitual às 10h
2026-07-07 16:54:16 [INFO]      [2mReal:[0m 167.0 kWh   [2mHabitual:[0m 24.5 ± 2.5 kWh   [2mz:[0m +10.00⁺   [2mdesvio:[0m +582%   [2m(2 obs. dia_util)[0m
2026-07-07 16:54:16 [INFO] 
2026-07-07 16:54:16 [INFO]   🔴 [91m[1mPT0002000068858231YY[0m  [2m[sem cluster][0m
2026-07-07 16:54:16 [INFO]      consumiu MAIS que o habitual às 11h
2026-07-07 16:54:16 [INFO]      [2mReal:[0m 175.0 kWh   [2mHabitual:[0m 24.0 ± 2.4 kWh   [2mz:[0m +10.00⁺   [2mdesvio:[0m +629%   [2m(2 obs. dia_util)[0m
2026-07-07 16:54:16 [INFO] 
2026-07-07 16:54:16 [INFO]   🔴 [91m[1mPT0002000068858231YY[0m  [2m[sem cluster][0m
2026-07-07 16:54:16 [INFO]      consumiu MAIS que o habitual às 12h
2026-07-07 16:54:16 [INFO]      [2mReal:[0m 165.0 kWh   [2mHabitual:[0m 23.5 ± 2.4 kWh   [2mz:[0m +10.00⁺   [2mdesvio:[0m +602%   [2m(2 obs. dia_util)[0m
2026-07-07 16:54:16 [INFO] 
2026-07-07 16:54:16 [INFO]   🔴 [91m[1mPT0002000068858231YY[0m  [2m[sem cluster][0m
2026-07-07 16:54:16 [INFO]      consumiu MAIS que o habitual às 13h
2026-07-07 16:54:16 [INFO]      [2mReal:[0m 140.0 kWh   [2mHabitual:[0m 23.5 ± 2.4 kWh   [2mz:[0m +10.00⁺   [2mdesvio:[0m +496%   [2m(2 obs. dia_util)[0m
2026-07-07 16:54:16 [INFO] 
2026-07-07 16:54:16 [INFO]   🔴 [91m[1mPT0002000068858231YY[0m  [2m[sem cluster][0m
2026-07-07 16:54:16 [INFO]      consumiu MAIS que o habitual às 14h
2026-07-07 16:54:16 [INFO]      [2mReal:[0m 121.0 kWh   [2mHabitual:[0m 24.0 ± 2.4 kWh   [2mz:[0m +10.00⁺   [2mdesvio:[0m +404%   [2m(2 obs. dia_util)[0m
2026-07-07 16:54:16 [INFO] 
2026-07-07 16:54:16 [INFO]   🔴 [91m[1mPT0002000068858231YY[0m  [2m[sem cluster][0m
2026-07-07 16:54:16 [INFO]      consumiu MAIS que o habitual às 15h
2026-07-07 16:54:16 [INFO]      [2mReal:[0m 112.0 kWh   [2mHabitual:[0m 25.5 ± 2.5 kWh   [2mz:[0m +10.00⁺   [2mdesvio:[0m +339%   [2m(2 obs. dia_util)[0m
2026-07-07 16:54:16 [INFO] 
2026-07-07 16:54:16 [INFO]   🔴 [91m[1mPT0002000068858231YY[0m  [2m[sem cluster][0m
2026-07-07 16:54:16 [INFO]      consumiu MAIS que o habitual às 16h
2026-07-07 16:54:16 [INFO]      [2mReal:[0m 101.0 kWh   [2mHabitual:[0m 26.5 ± 3.5 kWh   [2mz:[0m +10.00⁺   [2mdesvio:[0m +281%   [2m(2 obs. dia_util)[0m
2026-07-07 16:54:16 [INFO] 
2026-07-07 16:54:16 [INFO]   🔴 [91m[1mPT0002000068858231YY[0m  [2m[sem cluster][0m
2026-07-07 16:54:16 [INFO]      consumiu MAIS que o habitual às 17h
2026-07-07 16:54:16 [INFO]      [2mReal:[0m 77.0 kWh   [2mHabitual:[0m 29.5 ± 3.0 kWh   [2mz:[0m +10.00⁺   [2mdesvio:[0m +161%   [2m(2 obs. dia_util)[0m
2026-07-07 16:54:16 [INFO] 
2026-07-07 16:54:16 [INFO]   🔴 [91m[1mPT0002000068859187RL[0m  [2m[Cluster 0][0m
2026-07-07 16:54:16 [INFO]      consumiu MAIS que o habitual às 00h
2026-07-07 16:54:16 [INFO]      [2mReal:[0m 30.0 kWh   [2mHabitual:[0m 12.5 ± 1.2 kWh   [2mz:[0m +10.00⁺   [2mdesvio:[0m +140%   [2m(2 obs. dia_util)[0m
2026-07-07 16:54:16 [INFO] 
2026-07-07 16:54:16 [INFO]   🔴 [91m[1mPT0002000068859187RL[0m  [2m[Cluster 0][0m
2026-07-07 16:54:16 [INFO]      consumiu MAIS que o habitual às 01h
2026-07-07 16:54:16 [INFO]      [2mReal:[0m 38.0 kWh   [2mHabitual:[0m 12.0 ± 1.2 kWh   [2mz:[0m +10.00⁺   [2mdesvio:[0m +217%   [2m(2 obs. dia_util)[0m
2026-07-07 16:54:16 [INFO] 
2026-07-07 16:54:16 [INFO]   🔴 [91m[1mPT0002000068859187RL[0m  [2m[Cluster 0][0m
2026-07-07 16:54:16 [INFO]      consumiu MAIS que o habitual às 02h
2026-07-07 16:54:16 [INFO]      [2mReal:[0m 36.0 kWh   [2mHabitual:[0m 12.0 ± 1.2 kWh   [2mz:[0m +10.00⁺   [2mdesvio:[0m +200%   [2m(2 obs. dia_util)[0m
2026-07-07 16:54:16 [INFO] 
2026-07-07 16:54:16 [INFO]   🔴 [91m[1mPT0002000068859187RL[0m  [2m[Cluster 0][0m
2026-07-07 16:54:16 [INFO]      consumiu MAIS que o habitual às 03h
2026-07-07 16:54:16 [INFO]      [2mReal:[0m 28.0 kWh   [2mHabitual:[0m 12.0 ± 1.2 kWh   [2mz:[0m +10.00⁺   [2mdesvio:[0m +133%   [2m(2 obs. dia_util)[0m
2026-07-07 16:54:16 [INFO] 
2026-07-07 16:54:16 [INFO]   🔴 [91m[1mPT0002000068859187RL[0m  [2m[Cluster 0][0m
2026-07-07 16:54:16 [INFO]      consumiu MAIS que o habitual às 04h
2026-07-07 16:54:16 [INFO]      [2mReal:[0m 28.0 kWh   [2mHabitual:[0m 12.0 ± 1.2 kWh   [2mz:[0m +10.00⁺   [2mdesvio:[0m +133%   [2m(2 obs. dia_util)[0m
2026-07-07 16:54:16 [INFO] 
2026-07-07 16:54:16 [INFO]   🔴 [91m[1mPT0002000068859187RL[0m  [2m[Cluster 0][0m
2026-07-07 16:54:16 [INFO]      consumiu MAIS que o habitual às 05h
2026-07-07 16:54:16 [INFO]      [2mReal:[0m 28.0 kWh   [2mHabitual:[0m 12.0 ± 1.2 kWh   [2mz:[0m +10.00⁺   [2mdesvio:[0m +133%   [2m(2 obs. dia_util)[0m
2026-07-07 16:54:16 [INFO] 
2026-07-07 16:54:16 [INFO]   🔴 [91m[1mPT0002000068859187RL[0m  [2m[Cluster 0][0m
2026-07-07 16:54:16 [INFO]      consumiu MAIS que o habitual às 06h
2026-07-07 16:54:16 [INFO]      [2mReal:[0m 27.0 kWh   [2mHabitual:[0m 12.0 ± 1.2 kWh   [2mz:[0m +10.00⁺   [2mdesvio:[0m +125%   [2m(2 obs. dia_util)[0m
2026-07-07 16:54:16 [INFO] 
2026-07-07 16:54:16 [INFO]   🔴 [91m[1mPT0002000068859187RL[0m  [2m[Cluster 0][0m
2026-07-07 16:54:16 [INFO]      consumiu MAIS que o habitual às 07h
2026-07-07 16:54:16 [INFO]      [2mReal:[0m 33.0 kWh   [2mHabitual:[0m 12.0 ± 1.2 kWh   [2mz:[0m +10.00⁺   [2mdesvio:[0m +175%   [2m(2 obs. dia_util)[0m
2026-07-07 16:54:16 [INFO] 
2026-07-07 16:54:16 [INFO]   🔴 [91m[1mPT0002000068859187RL[0m  [2m[Cluster 0][0m
2026-07-07 16:54:16 [INFO]      consumiu MAIS que o habitual às 08h
2026-07-07 16:54:16 [INFO]      [2mReal:[0m 56.0 kWh   [2mHabitual:[0m 12.0 ± 1.2 kWh   [2mz:[0m +10.00⁺   [2mdesvio:[0m +367%   [2m(2 obs. dia_util)[0m
2026-07-07 16:54:16 [INFO] 
2026-07-07 16:54:16 [INFO]   🔴 [91m[1mPT0002000068859187RL[0m  [2m[Cluster 0][0m
2026-07-07 16:54:16 [INFO]      consumiu MAIS que o habitual às 09h
2026-07-07 16:54:16 [INFO]      [2mReal:[0m 69.0 kWh   [2mHabitual:[0m 12.0 ± 1.2 kWh   [2mz:[0m +10.00⁺   [2mdesvio:[0m +475%   [2m(2 obs. dia_util)[0m
2026-07-07 16:54:16 [INFO] 
2026-07-07 16:54:16 [INFO]   🔴 [91m[1mPT0002000068859187RL[0m  [2m[Cluster 0][0m
2026-07-07 16:54:16 [INFO]      consumiu MAIS que o habitual às 10h
2026-07-07 16:54:16 [INFO]      [2mReal:[0m 82.0 kWh   [2mHabitual:[0m 12.0 ± 1.2 kWh   [2mz:[0m +10.00⁺   [2mdesvio:[0m +583%   [2m(2 obs. dia_util)[0m
2026-07-07 16:54:16 [INFO] 
2026-07-07 16:54:16 [INFO]   🔴 [91m[1mPT0002000068859187RL[0m  [2m[Cluster 0][0m
2026-07-07 16:54:16 [INFO]      consumiu MAIS que o habitual às 11h
2026-07-07 16:54:16 [INFO]      [2mReal:[0m 70.0 kWh   [2mHabitual:[0m 12.0 ± 1.2 kWh   [2mz:[0m +10.00⁺   [2mdesvio:[0m +483%   [2m(2 obs. dia_util)[0m
2026-07-07 16:54:16 [INFO] 
2026-07-07 16:54:16 [INFO]   🔴 [91m[1mPT0002000068859187RL[0m  [2m[Cluster 0][0m
2026-07-07 16:54:16 [INFO]      consumiu MAIS que o habitual às 12h
2026-07-07 16:54:16 [INFO]      [2mReal:[0m 69.0 kWh   [2mHabitual:[0m 12.0 ± 1.2 kWh   [2mz:[0m +10.00⁺   [2mdesvio:[0m +475%   [2m(2 obs. dia_util)[0m
2026-07-07 16:54:16 [INFO] 
2026-07-07 16:54:16 [INFO]   🔴 [91m[1mPT0002000068859187RL[0m  [2m[Cluster 0][0m
2026-07-07 16:54:16 [INFO]      consumiu MAIS que o habitual às 13h
2026-07-07 16:54:16 [INFO]      [2mReal:[0m 55.0 kWh   [2mHabitual:[0m 12.0 ± 1.2 kWh   [2mz:[0m +10.00⁺   [2mdesvio:[0m +358%   [2m(2 obs. dia_util)[0m
2026-07-07 16:54:16 [INFO] 
2026-07-07 16:54:16 [INFO]   🔴 [91m[1mPT0002000068859187RL[0m  [2m[Cluster 0][0m
2026-07-07 16:54:16 [INFO]      consumiu MAIS que o habitual às 14h
2026-07-07 16:54:16 [INFO]      [2mReal:[0m 47.0 kWh   [2mHabitual:[0m 12.0 ± 1.2 kWh   [2mz:[0m +10.00⁺   [2mdesvio:[0m +292%   [2m(2 obs. dia_util)[0m
2026-07-07 16:54:16 [INFO] 
2026-07-07 16:54:16 [INFO]   🔴 [91m[1mPT0002000068859187RL[0m  [2m[Cluster 0][0m
2026-07-07 16:54:16 [INFO]      consumiu MAIS que o habitual às 15h
2026-07-07 16:54:16 [INFO]      [2mReal:[0m 53.0 kWh   [2mHabitual:[0m 12.0 ± 1.2 kWh   [2mz:[0m +10.00⁺   [2mdesvio:[0m +342%   [2m(2 obs. dia_util)[0m
2026-07-07 16:54:16 [INFO] 
2026-07-07 16:54:16 [INFO]   🔴 [91m[1mPT0002000068859187RL[0m  [2m[Cluster 0][0m
2026-07-07 16:54:16 [INFO]      consumiu MAIS que o habitual às 16h
2026-07-07 16:54:16 [INFO]      [2mReal:[0m 45.0 kWh   [2mHabitual:[0m 12.0 ± 1.2 kWh   [2mz:[0m +10.00⁺   [2mdesvio:[0m +275%   [2m(2 obs. dia_util)[0m
2026-07-07 16:54:16 [INFO] 
2026-07-07 16:54:16 [INFO]   🔴 [91m[1mPT0002000068859187RL[0m  [2m[Cluster 0][0m
2026-07-07 16:54:16 [INFO]      consumiu MAIS que o habitual às 17h
2026-07-07 16:54:16 [INFO]      [2mReal:[0m 45.0 kWh   [2mHabitual:[0m 12.0 ± 1.2 kWh   [2mz:[0m +10.00⁺   [2mdesvio:[0m +275%   [2m(2 obs. dia_util)[0m
2026-07-07 16:54:16 [INFO] 
2026-07-07 16:54:16 [INFO]   🔴 [91m[1mPT0002000068859187RL[0m  [2m[Cluster 0][0m
2026-07-07 16:54:16 [INFO]      consumiu MAIS que o habitual às 18h
2026-07-07 16:54:16 [INFO]      [2mReal:[0m 37.0 kWh   [2mHabitual:[0m 12.0 ± 1.2 kWh   [2mz:[0m +10.00⁺   [2mdesvio:[0m +208%   [2m(2 obs. dia_util)[0m
2026-07-07 16:54:16 [INFO] 
2026-07-07 16:54:16 [INFO]   🔴 [91m[1mPT0002000068859187RL[0m  [2m[Cluster 0][0m
2026-07-07 16:54:16 [INFO]      consumiu MAIS que o habitual às 19h
2026-07-07 16:54:16 [INFO]      [2mReal:[0m 30.0 kWh   [2mHabitual:[0m 12.0 ± 1.2 kWh   [2mz:[0m +10.00⁺   [2mdesvio:[0m +150%   [2m(2 obs. dia_util)[0m
2026-07-07 16:54:16 [INFO] 
2026-07-07 16:54:16 [INFO]   🔴 [91m[1mPT0002000068859187RL[0m  [2m[Cluster 0][0m
2026-07-07 16:54:16 [INFO]      consumiu MAIS que o habitual às 20h
2026-07-07 16:54:16 [INFO]      [2mReal:[0m 28.0 kWh   [2mHabitual:[0m 12.0 ± 1.2 kWh   [2mz:[0m +10.00⁺   [2mdesvio:[0m +133%   [2m(2 obs. dia_util)[0m
2026-07-07 16:54:16 [INFO] 
2026-07-07 16:54:16 [INFO]   🔴 [91m[1mPT0002000068859187RL[0m  [2m[Cluster 0][0m
2026-07-07 16:54:16 [INFO]      consumiu MAIS que o habitual às 21h
2026-07-07 16:54:16 [INFO]      [2mReal:[0m 30.0 kWh   [2mHabitual:[0m 11.0 ± 1.7 kWh   [2mz:[0m +10.00⁺   [2mdesvio:[0m +173%   [2m(3 obs. dia_util)[0m
2026-07-07 16:54:16 [INFO] 
2026-07-07 16:54:16 [INFO]   🔴 [91m[1mPT0002000068859187RL[0m  [2m[Cluster 0][0m
2026-07-07 16:54:16 [INFO]      consumiu MAIS que o habitual às 22h
2026-07-07 16:54:16 [INFO]      [2mReal:[0m 33.0 kWh   [2mHabitual:[0m 12.0 ± 1.2 kWh   [2mz:[0m +10.00⁺   [2mdesvio:[0m +175%   [2m(3 obs. dia_util)[0m
2026-07-07 16:54:16 [INFO] 
2026-07-07 16:54:16 [INFO]   🔴 [91m[1mPT0002000068859187RL[0m  [2m[Cluster 0][0m
2026-07-07 16:54:16 [INFO]      consumiu MAIS que o habitual às 23h
2026-07-07 16:54:16 [INFO]      [2mReal:[0m 31.0 kWh   [2mHabitual:[0m 12.0 ± 1.2 kWh   [2mz:[0m +10.00⁺   [2mdesvio:[0m +158%   [2m(3 obs. dia_util)[0m
2026-07-07 16:54:16 [INFO] 
2026-07-07 16:54:16 [INFO]   🔴 [91m[1mPT0002000068859393XH[0m  [2m[Cluster 1][0m
2026-07-07 16:54:16 [INFO]      consumiu MAIS que o habitual às 07h
2026-07-07 16:54:16 [INFO]      [2mReal:[0m 75.0 kWh   [2mHabitual:[0m 17.0 ± 1.7 kWh   [2mz:[0m +10.00⁺   [2mdesvio:[0m +341%   [2m(2 obs. dia_util)[0m
2026-07-07 16:54:16 [INFO] 
2026-07-07 16:54:16 [INFO]   🔴 [91m[1mPT0002000068859597LS[0m  [2m[Cluster 0][0m
2026-07-07 16:54:16 [INFO]      consumiu MAIS que o habitual às 11h
2026-07-07 16:54:16 [INFO]      [2mReal:[0m 85.0 kWh   [2mHabitual:[0m 39.5 ± 4.0 kWh   [2mz:[0m +10.00⁺   [2mdesvio:[0m +115%   [2m(2 obs. dia_util)[0m
2026-07-07 16:54:16 [INFO] 
2026-07-07 16:54:16 [INFO]   🔴 [91m[1mPT0002000071896778MT[0m  [2m[Cluster 0][0m
2026-07-07 16:54:16 [INFO]      consumiu MAIS que o habitual às 06h
2026-07-07 16:54:16 [INFO]      [2mReal:[0m 19.0 kWh   [2mHabitual:[0m 5.5 ± 0.7 kWh   [2mz:[0m +10.00⁺   [2mdesvio:[0m +245%   [2m(2 obs. dia_util)[0m
2026-07-07 16:54:16 [INFO] 
2026-07-07 16:54:16 [INFO]   🔴 [91m[1mPT0002000071896778MT[0m  [2m[Cluster 0][0m
2026-07-07 16:54:16 [INFO]      consumiu MAIS que o habitual às 07h
2026-07-07 16:54:16 [INFO]      [2mReal:[0m 27.0 kWh   [2mHabitual:[0m 4.0 ± 0.4 kWh   [2mz:[0m +10.00⁺   [2mdesvio:[0m +575%   [2m(2 obs. dia_util)[0m
2026-07-07 16:54:16 [INFO] 
2026-07-07 16:54:16 [INFO]   🔴 [91m[1mPT0002000071896778MT[0m  [2m[Cluster 0][0m
2026-07-07 16:54:16 [INFO]      consumiu MAIS que o habitual às 08h
2026-07-07 16:54:16 [INFO]      [2mReal:[0m 29.0 kWh   [2mHabitual:[0m 6.0 ± 0.6 kWh   [2mz:[0m +10.00⁺   [2mdesvio:[0m +383%   [2m(2 obs. dia_util)[0m
2026-07-07 16:54:16 [INFO] 
2026-07-07 16:54:16 [INFO]   🔴 [91m[1mPT0002000071896778MT[0m  [2m[Cluster 0][0m
2026-07-07 16:54:16 [INFO]      consumiu MAIS que o habitual às 09h
2026-07-07 16:54:16 [INFO]      [2mReal:[0m 27.0 kWh   [2mHabitual:[0m 5.5 ± 0.7 kWh   [2mz:[0m +10.00⁺   [2mdesvio:[0m +391%   [2m(2 obs. dia_util)[0m
2026-07-07 16:54:16 [INFO] 
2026-07-07 16:54:16 [INFO]   🔴 [91m[1mPT0002000071896778MT[0m  [2m[Cluster 0][0m
2026-07-07 16:54:16 [INFO]      consumiu MAIS que o habitual às 10h
2026-07-07 16:54:16 [INFO]      [2mReal:[0m 30.0 kWh   [2mHabitual:[0m 5.0 ± 0.5 kWh   [2mz:[0m +10.00⁺   [2mdesvio:[0m +500%   [2m(2 obs. dia_util)[0m
2026-07-07 16:54:16 [INFO] 
2026-07-07 16:54:16 [INFO]   🔴 [91m[1mPT0002000071896778MT[0m  [2m[Cluster 0][0m
2026-07-07 16:54:16 [INFO]      consumiu MAIS que o habitual às 11h
2026-07-07 16:54:16 [INFO]      [2mReal:[0m 27.0 kWh   [2mHabitual:[0m 5.0 ± 0.5 kWh   [2mz:[0m +10.00⁺   [2mdesvio:[0m +440%   [2m(2 obs. dia_util)[0m
2026-07-07 16:54:16 [INFO] 
2026-07-07 16:54:16 [INFO]   🔴 [91m[1mPT0002000071896778MT[0m  [2m[Cluster 0][0m
2026-07-07 16:54:16 [INFO]      consumiu MAIS que o habitual às 12h
2026-07-07 16:54:16 [INFO]      [2mReal:[0m 32.0 kWh   [2mHabitual:[0m 5.5 ± 0.7 kWh   [2mz:[0m +10.00⁺   [2mdesvio:[0m +482%   [2m(2 obs. dia_util)[0m
2026-07-07 16:54:16 [INFO] 
2026-07-07 16:54:16 [INFO]   🔴 [91m[1mPT0002000071896778MT[0m  [2m[Cluster 0][0m
2026-07-07 16:54:16 [INFO]      consumiu MAIS que o habitual às 13h
2026-07-07 16:54:16 [INFO]      [2mReal:[0m 17.0 kWh   [2mHabitual:[0m 4.5 ± 0.7 kWh   [2mz:[0m +10.00⁺   [2mdesvio:[0m +278%   [2m(2 obs. dia_util)[0m
2026-07-07 16:54:16 [INFO] 
2026-07-07 16:54:16 [INFO]   🔴 [91m[1mPT0002000071896778MT[0m  [2m[Cluster 0][0m
2026-07-07 16:54:16 [INFO]      consumiu MAIS que o habitual às 14h
2026-07-07 16:54:16 [INFO]      [2mReal:[0m 19.0 kWh   [2mHabitual:[0m 5.0 ± 0.5 kWh   [2mz:[0m +10.00⁺   [2mdesvio:[0m +280%   [2m(2 obs. dia_util)[0m
2026-07-07 16:54:16 [INFO] 
2026-07-07 16:54:16 [INFO]   🔴 [91m[1mPT0002000071896778MT[0m  [2m[Cluster 0][0m
2026-07-07 16:54:16 [INFO]      consumiu MAIS que o habitual às 15h
2026-07-07 16:54:16 [INFO]      [2mReal:[0m 14.0 kWh   [2mHabitual:[0m 5.0 ± 0.5 kWh   [2mz:[0m +10.00⁺   [2mdesvio:[0m +180%   [2m(2 obs. dia_util)[0m
2026-07-07 16:54:16 [INFO] 
2026-07-07 16:54:16 [INFO]   🔴 [91m[1mPT0002000071896778MT[0m  [2m[Cluster 0][0m
2026-07-07 16:54:16 [INFO]      consumiu MAIS que o habitual às 16h
2026-07-07 16:54:16 [INFO]      [2mReal:[0m 13.0 kWh   [2mHabitual:[0m 6.0 ± 0.6 kWh   [2mz:[0m +10.00⁺   [2mdesvio:[0m +117%   [2m(2 obs. dia_util)[0m
2026-07-07 16:54:16 [INFO] 
2026-07-07 16:54:16 [INFO]   🔴 [91m[1mPT0002000073231742VK[0m  [2m[Cluster 0][0m
2026-07-07 16:54:16 [INFO]      consumiu MAIS que o habitual às 09h
2026-07-07 16:54:16 [INFO]      [2mReal:[0m 38.0 kWh   [2mHabitual:[0m 15.5 ± 1.6 kWh   [2mz:[0m +10.00⁺   [2mdesvio:[0m +145%   [2m(2 obs. dia_util)[0m
2026-07-07 16:54:16 [INFO] 
2026-07-07 16:54:16 [INFO]   🔴 [91m[1mPT0002000073231742VK[0m  [2m[Cluster 0][0m
2026-07-07 16:54:16 [INFO]      consumiu MAIS que o habitual às 10h
2026-07-07 16:54:16 [INFO]      [2mReal:[0m 36.0 kWh   [2mHabitual:[0m 16.0 ± 1.6 kWh   [2mz:[0m +10.00⁺   [2mdesvio:[0m +125%   [2m(2 obs. dia_util)[0m
2026-07-07 16:54:16 [INFO] 
2026-07-07 16:54:16 [INFO]   🔴 [91m[1mPT0002000073231742VK[0m  [2m[Cluster 0][0m
2026-07-07 16:54:16 [INFO]      consumiu MAIS que o habitual às 11h
2026-07-07 16:54:16 [INFO]      [2mReal:[0m 37.0 kWh   [2mHabitual:[0m 15.0 ± 1.5 kWh   [2mz:[0m +10.00⁺   [2mdesvio:[0m +147%   [2m(2 obs. dia_util)[0m
2026-07-07 16:54:16 [INFO] 
2026-07-07 16:54:16 [INFO]   🔴 [91m[1mPT0002000073231742VK[0m  [2m[Cluster 0][0m
2026-07-07 16:54:16 [INFO]      consumiu MAIS que o habitual às 12h
2026-07-07 16:54:16 [INFO]      [2mReal:[0m 33.0 kWh   [2mHabitual:[0m 15.5 ± 1.6 kWh   [2mz:[0m +10.00⁺   [2mdesvio:[0m +113%   [2m(2 obs. dia_util)[0m
2026-07-07 16:54:16 [INFO] 
2026-07-07 16:54:16 [INFO]   🔴 [91m[1mPT0002000073231742VK[0m  [2m[Cluster 0][0m
2026-07-07 16:54:16 [INFO]      consumiu MAIS que o habitual às 13h
2026-07-07 16:54:16 [INFO]      [2mReal:[0m 35.0 kWh   [2mHabitual:[0m 16.0 ± 1.6 kWh   [2mz:[0m +10.00⁺   [2mdesvio:[0m +119%   [2m(2 obs. dia_util)[0m
2026-07-07 16:54:16 [INFO] 
2026-07-07 16:54:16 [INFO]   🔴 [91m[1mPT0002000073481266XH[0m  [2m[Cluster 0][0m
2026-07-07 16:54:16 [INFO]      consumiu MAIS que o habitual às 07h
2026-07-07 16:54:16 [INFO]      [2mReal:[0m 13.0 kWh   [2mHabitual:[0m 6.0 ± 0.6 kWh   [2mz:[0m +10.00⁺   [2mdesvio:[0m +117%   [2m(2 obs. dia_util)[0m
2026-07-07 16:54:16 [INFO] 
2026-07-07 16:54:16 [INFO]   🔴 [91m[1mPT0002000073481266XH[0m  [2m[Cluster 0][0m
2026-07-07 16:54:16 [INFO]      consumiu MAIS que o habitual às 08h
2026-07-07 16:54:16 [INFO]      [2mReal:[0m 38.0 kWh   [2mHabitual:[0m 6.0 ± 0.6 kWh   [2mz:[0m +10.00⁺   [2mdesvio:[0m +533%   [2m(2 obs. dia_util)[0m
2026-07-07 16:54:16 [INFO] 
2026-07-07 16:54:16 [INFO]   🔴 [91m[1mPT0002000073481266XH[0m  [2m[Cluster 0][0m
2026-07-07 16:54:16 [INFO]      consumiu MAIS que o habitual às 09h
2026-07-07 16:54:16 [INFO]      [2mReal:[0m 41.0 kWh   [2mHabitual:[0m 6.0 ± 0.6 kWh   [2mz:[0m +10.00⁺   [2mdesvio:[0m +583%   [2m(2 obs. dia_util)[0m
2026-07-07 16:54:16 [INFO] 
2026-07-07 16:54:16 [INFO]   🔴 [91m[1mPT0002000073481266XH[0m  [2m[Cluster 0][0m
2026-07-07 16:54:16 [INFO]      consumiu MAIS que o habitual às 10h
2026-07-07 16:54:16 [INFO]      [2mReal:[0m 46.0 kWh   [2mHabitual:[0m 6.0 ± 0.6 kWh   [2mz:[0m +10.00⁺   [2mdesvio:[0m +667%   [2m(2 obs. dia_util)[0m
2026-07-07 16:54:16 [INFO] 
2026-07-07 16:54:16 [INFO]   🔴 [91m[1mPT0002000073481266XH[0m  [2m[Cluster 0][0m
2026-07-07 16:54:16 [INFO]      consumiu MAIS que o habitual às 11h
2026-07-07 16:54:16 [INFO]      [2mReal:[0m 43.0 kWh   [2mHabitual:[0m 6.5 ± 0.7 kWh   [2mz:[0m +10.00⁺   [2mdesvio:[0m +562%   [2m(2 obs. dia_util)[0m
2026-07-07 16:54:16 [INFO] 
2026-07-07 16:54:16 [INFO]   🔴 [91m[1mPT0002000073481266XH[0m  [2m[Cluster 0][0m
2026-07-07 16:54:16 [INFO]      consumiu MAIS que o habitual às 12h
2026-07-07 16:54:16 [INFO]      [2mReal:[0m 37.0 kWh   [2mHabitual:[0m 6.0 ± 0.6 kWh   [2mz:[0m +10.00⁺   [2mdesvio:[0m +517%   [2m(2 obs. dia_util)[0m
2026-07-07 16:54:16 [INFO] 
2026-07-07 16:54:16 [INFO]   🔴 [91m[1mPT0002000073481266XH[0m  [2m[Cluster 0][0m
2026-07-07 16:54:16 [INFO]      consumiu MAIS que o habitual às 13h
2026-07-07 16:54:16 [INFO]      [2mReal:[0m 33.0 kWh   [2mHabitual:[0m 6.5 ± 0.7 kWh   [2mz:[0m +10.00⁺   [2mdesvio:[0m +408%   [2m(2 obs. dia_util)[0m
2026-07-07 16:54:16 [INFO] 
2026-07-07 16:54:16 [INFO]   🔴 [91m[1mPT0002000073481266XH[0m  [2m[Cluster 0][0m
2026-07-07 16:54:16 [INFO]      consumiu MAIS que o habitual às 14h
2026-07-07 16:54:16 [INFO]      [2mReal:[0m 38.0 kWh   [2mHabitual:[0m 6.0 ± 0.6 kWh   [2mz:[0m +10.00⁺   [2mdesvio:[0m +533%   [2m(2 obs. dia_util)[0m
2026-07-07 16:54:16 [INFO] 
2026-07-07 16:54:16 [INFO]   🔴 [91m[1mPT0002000073481266XH[0m  [2m[Cluster 0][0m
2026-07-07 16:54:16 [INFO]      consumiu MAIS que o habitual às 15h
2026-07-07 16:54:16 [INFO]      [2mReal:[0m 43.0 kWh   [2mHabitual:[0m 6.5 ± 0.7 kWh   [2mz:[0m +10.00⁺   [2mdesvio:[0m +562%   [2m(2 obs. dia_util)[0m
2026-07-07 16:54:16 [INFO] 
2026-07-07 16:54:16 [INFO]   🔴 [91m[1mPT0002000073481266XH[0m  [2m[Cluster 0][0m
2026-07-07 16:54:16 [INFO]      consumiu MAIS que o habitual às 16h
2026-07-07 16:54:16 [INFO]      [2mReal:[0m 34.0 kWh   [2mHabitual:[0m 6.0 ± 0.6 kWh   [2mz:[0m +10.00⁺   [2mdesvio:[0m +467%   [2m(2 obs. dia_util)[0m
2026-07-07 16:54:16 [INFO] 
2026-07-07 16:54:16 [INFO]   🔴 [91m[1mPT0002000073481266XH[0m  [2m[Cluster 0][0m
2026-07-07 16:54:16 [INFO]      consumiu MAIS que o habitual às 17h
2026-07-07 16:54:16 [INFO]      [2mReal:[0m 30.0 kWh   [2mHabitual:[0m 6.0 ± 0.6 kWh   [2mz:[0m +10.00⁺   [2mdesvio:[0m +400%   [2m(2 obs. dia_util)[0m
2026-07-07 16:54:16 [INFO] 
2026-07-07 16:54:16 [INFO]   🔴 [91m[1mPT0002000073481266XH[0m  [2m[Cluster 0][0m
2026-07-07 16:54:16 [INFO]      consumiu MAIS que o habitual às 18h
2026-07-07 16:54:16 [INFO]      [2mReal:[0m 28.0 kWh   [2mHabitual:[0m 7.0 ± 1.4 kWh   [2mz:[0m +10.00⁺   [2mdesvio:[0m +300%   [2m(2 obs. dia_util)[0m
2026-07-07 16:54:16 [INFO] 
2026-07-07 16:54:16 [INFO]   🔴 [91m[1mPT0002000073720434JD[0m  [2m[sem cluster][0m
2026-07-07 16:54:16 [INFO]      consumiu MAIS que o habitual às 20h
2026-07-07 16:54:16 [INFO]      [2mReal:[0m 87.0 kWh   [2mHabitual:[0m 37.5 ± 5.0 kWh   [2mz:[0m +10.00   [2mdesvio:[0m +132%   [2m(2 obs. dia_util)[0m
2026-07-07 16:54:16 [INFO] 
2026-07-07 16:54:16 [INFO]   🔴 [91m[1mPT0002000073720434JD[0m  [2m[sem cluster][0m
2026-07-07 16:54:16 [INFO]      consumiu MAIS que o habitual às 22h
2026-07-07 16:54:16 [INFO]      [2mReal:[0m 89.0 kWh   [2mHabitual:[0m 31.0 ± 3.5 kWh   [2mz:[0m +10.00⁺   [2mdesvio:[0m +187%   [2m(3 obs. dia_util)[0m
2026-07-07 16:54:16 [INFO] 
2026-07-07 16:54:16 [INFO]   🔴 [91m[1mPT0002000075637532JB[0m  [2m[Cluster 0][0m
2026-07-07 16:54:16 [INFO]      consumiu MAIS que o habitual às 09h
2026-07-07 16:54:16 [INFO]      [2mReal:[0m 18.0 kWh   [2mHabitual:[0m 6.5 ± 0.7 kWh   [2mz:[0m +10.00⁺   [2mdesvio:[0m +177%   [2m(2 obs. dia_util)[0m
2026-07-07 16:54:16 [INFO] 
2026-07-07 16:54:16 [INFO]   🔴 [91m[1mPT0002000075637532JB[0m  [2m[Cluster 0][0m
2026-07-07 16:54:16 [INFO]      consumiu MAIS que o habitual às 10h
2026-07-07 16:54:16 [INFO]      [2mReal:[0m 22.0 kWh   [2mHabitual:[0m 6.0 ± 0.6 kWh   [2mz:[0m +10.00⁺   [2mdesvio:[0m +267%   [2m(2 obs. dia_util)[0m
2026-07-07 16:54:16 [INFO] 
2026-07-07 16:54:16 [INFO]   🔴 [91m[1mPT0002000075637532JB[0m  [2m[Cluster 0][0m
2026-07-07 16:54:16 [INFO]      consumiu MAIS que o habitual às 11h
2026-07-07 16:54:16 [INFO]      [2mReal:[0m 31.0 kWh   [2mHabitual:[0m 7.0 ± 0.7 kWh   [2mz:[0m +10.00⁺   [2mdesvio:[0m +343%   [2m(2 obs. dia_util)[0m
2026-07-07 16:54:16 [INFO] 
2026-07-07 16:54:16 [INFO]   🔴 [91m[1mPT0002000075637532JB[0m  [2m[Cluster 0][0m
2026-07-07 16:54:16 [INFO]      consumiu MAIS que o habitual às 12h
2026-07-07 16:54:16 [INFO]      [2mReal:[0m 27.0 kWh   [2mHabitual:[0m 6.0 ± 0.6 kWh   [2mz:[0m +10.00⁺   [2mdesvio:[0m +350%   [2m(2 obs. dia_util)[0m
2026-07-07 16:54:16 [INFO] 
2026-07-07 16:54:16 [INFO]   🔴 [91m[1mPT0002000075637532JB[0m  [2m[Cluster 0][0m
2026-07-07 16:54:16 [INFO]      consumiu MAIS que o habitual às 13h
2026-07-07 16:54:16 [INFO]      [2mReal:[0m 15.0 kWh   [2mHabitual:[0m 6.5 ± 0.7 kWh   [2mz:[0m +10.00⁺   [2mdesvio:[0m +131%   [2m(2 obs. dia_util)[0m
2026-07-07 16:54:16 [INFO] 
2026-07-07 16:54:16 [INFO]   🔴 [91m[1mPT0002000078140706BA[0m  [2m[sem cluster][0m
2026-07-07 16:54:16 [INFO]      consumiu MAIS que o habitual às 07h
2026-07-07 16:54:16 [INFO]      [2mReal:[0m 70.0 kWh   [2mHabitual:[0m 1.0 ± 1.4 kWh   [2mz:[0m +10.00⁺   [2mdesvio:[0m +6900%   [2m(2 obs. dia_util)[0m
2026-07-07 16:54:16 [INFO] 
2026-07-07 16:54:16 [INFO]   🔴 [91m[1mPT0002000078140706BA[0m  [2m[sem cluster][0m
2026-07-07 16:54:16 [INFO]      consumiu MAIS que o habitual às 08h
2026-07-07 16:54:16 [INFO]      [2mReal:[0m 188.0 kWh   [2mHabitual:[0m 0.0 ± 0.3 kWh   [2mz:[0m +10.00⁺   [2mdesvio:[0m +18800000%   [2m(2 obs. dia_util)[0m
2026-07-07 16:54:16 [INFO] 
2026-07-07 16:54:16 [INFO]   🔴 [91m[1mPT0002000078140706BA[0m  [2m[sem cluster][0m
2026-07-07 16:54:16 [INFO]      consumiu MAIS que o habitual às 09h
2026-07-07 16:54:16 [INFO]      [2mReal:[0m 57.0 kWh   [2mHabitual:[0m 0.0 ± 0.3 kWh   [2mz:[0m +10.00⁺   [2mdesvio:[0m +5700000%   [2m(2 obs. dia_util)[0m
2026-07-07 16:54:16 [INFO] 
2026-07-07 16:54:16 [INFO]   🔴 [91m[1mPT0002000078140706BA[0m  [2m[sem cluster][0m
2026-07-07 16:54:16 [INFO]      consumiu MAIS que o habitual às 10h
2026-07-07 16:54:16 [INFO]      [2mReal:[0m 32.0 kWh   [2mHabitual:[0m 0.0 ± 0.3 kWh   [2mz:[0m +10.00⁺   [2mdesvio:[0m +3200000%   [2m(2 obs. dia_util)[0m
2026-07-07 16:54:16 [INFO] 
2026-07-07 16:54:16 [INFO]   🔴 [91m[1mPT0002000078140706BA[0m  [2m[sem cluster][0m
2026-07-07 16:54:16 [INFO]      consumiu MAIS que o habitual às 11h
2026-07-07 16:54:16 [INFO]      [2mReal:[0m 26.0 kWh   [2mHabitual:[0m 0.0 ± 0.3 kWh   [2mz:[0m +10.00⁺   [2mdesvio:[0m +2600000%   [2m(2 obs. dia_util)[0m
2026-07-07 16:54:16 [INFO] 
2026-07-07 16:54:16 [INFO]   🔴 [91m[1mPT0002000078140706BA[0m  [2m[sem cluster][0m
2026-07-07 16:54:16 [INFO]      consumiu MAIS que o habitual às 12h
2026-07-07 16:54:16 [INFO]      [2mReal:[0m 5.0 kWh   [2mHabitual:[0m 0.0 ± 0.3 kWh   [2mz:[0m +10.00⁺   [2mdesvio:[0m +500000%   [2m(2 obs. dia_util)[0m
2026-07-07 16:54:16 [INFO] 
2026-07-07 16:54:16 [INFO]   🔴 [91m[1mPT0002000078140706BA[0m  [2m[sem cluster][0m
2026-07-07 16:54:16 [INFO]      consumiu MAIS que o habitual às 13h
2026-07-07 16:54:16 [INFO]      [2mReal:[0m 9.0 kWh   [2mHabitual:[0m 0.0 ± 0.3 kWh   [2mz:[0m +10.00⁺   [2mdesvio:[0m +900000%   [2m(2 obs. dia_util)[0m
2026-07-07 16:54:16 [INFO] 
2026-07-07 16:54:16 [INFO]   🔴 [91m[1mPT0002000078140706BA[0m  [2m[sem cluster][0m
2026-07-07 16:54:16 [INFO]      consumiu MAIS que o habitual às 14h
2026-07-07 16:54:16 [INFO]      [2mReal:[0m 18.0 kWh   [2mHabitual:[0m 0.0 ± 0.3 kWh   [2mz:[0m +10.00⁺   [2mdesvio:[0m +1800000%   [2m(2 obs. dia_util)[0m
2026-07-07 16:54:16 [INFO] 
2026-07-07 16:54:16 [INFO]   🔴 [91m[1mPT0002000078140706BA[0m  [2m[sem cluster][0m
2026-07-07 16:54:16 [INFO]      consumiu MAIS que o habitual às 15h
2026-07-07 16:54:16 [INFO]      [2mReal:[0m 28.0 kWh   [2mHabitual:[0m 0.0 ± 0.3 kWh   [2mz:[0m +10.00⁺   [2mdesvio:[0m +2800000%   [2m(2 obs. dia_util)[0m
2026-07-07 16:54:16 [INFO] 
2026-07-07 16:54:16 [INFO]   🔴 [91m[1mPT0002000078140706BA[0m  [2m[sem cluster][0m
2026-07-07 16:54:16 [INFO]      consumiu MAIS que o habitual às 16h
2026-07-07 16:54:16 [INFO]      [2mReal:[0m 28.0 kWh   [2mHabitual:[0m 1.5 ± 0.7 kWh   [2mz:[0m +10.00⁺   [2mdesvio:[0m +1767%   [2m(2 obs. dia_util)[0m
2026-07-07 16:54:16 [INFO] 
2026-07-07 16:54:16 [INFO]   🔴 [91m[1mPT0002000078233981HJ[0m  [2m[Cluster 1][0m
2026-07-07 16:54:16 [INFO]      consumiu MAIS que o habitual às 00h
2026-07-07 16:54:16 [INFO]      [2mReal:[0m 14.0 kWh   [2mHabitual:[0m 3.0 ± 0.3 kWh   [2mz:[0m +10.00⁺   [2mdesvio:[0m +367%   [2m(2 obs. dia_util)[0m
2026-07-07 16:54:16 [INFO] 
2026-07-07 16:54:16 [INFO]   🔴 [91m[1mPT0002000078294957RQ[0m  [2m[Cluster 0][0m
2026-07-07 16:54:16 [INFO]      consumiu MAIS que o habitual às 08h
2026-07-07 16:54:16 [INFO]      [2mReal:[0m 43.0 kWh   [2mHabitual:[0m 8.0 ± 0.8 kWh   [2mz:[0m +10.00⁺   [2mdesvio:[0m +438%   [2m(2 obs. dia_util)[0m
2026-07-07 16:54:16 [INFO] 
2026-07-07 16:54:16 [INFO]   🔴 [91m[1mPT0002000078294957RQ[0m  [2m[Cluster 0][0m
2026-07-07 16:54:16 [INFO]      consumiu MAIS que o habitual às 09h
2026-07-07 16:54:16 [INFO]      [2mReal:[0m 59.0 kWh   [2mHabitual:[0m 5.5 ± 0.7 kWh   [2mz:[0m +10.00⁺   [2mdesvio:[0m +973%   [2m(2 obs. dia_util)[0m
2026-07-07 16:54:16 [INFO] 
2026-07-07 16:54:16 [INFO]   🔴 [91m[1mPT0002000078294957RQ[0m  [2m[Cluster 0][0m
2026-07-07 16:54:16 [INFO]      consumiu MAIS que o habitual às 10h
2026-07-07 16:54:16 [INFO]      [2mReal:[0m 66.0 kWh   [2mHabitual:[0m 5.0 ± 0.5 kWh   [2mz:[0m +10.00⁺   [2mdesvio:[0m +1220%   [2m(2 obs. dia_util)[0m
2026-07-07 16:54:16 [INFO] 
2026-07-07 16:54:16 [INFO]   🔴 [91m[1mPT0002000078294957RQ[0m  [2m[Cluster 0][0m
2026-07-07 16:54:16 [INFO]      consumiu MAIS que o habitual às 11h
2026-07-07 16:54:16 [INFO]      [2mReal:[0m 63.0 kWh   [2mHabitual:[0m 5.5 ± 0.7 kWh   [2mz:[0m +10.00⁺   [2mdesvio:[0m +1045%   [2m(2 obs. dia_util)[0m
2026-07-07 16:54:16 [INFO] 
2026-07-07 16:54:16 [INFO]   🔴 [91m[1mPT0002000078294957RQ[0m  [2m[Cluster 0][0m
2026-07-07 16:54:16 [INFO]      consumiu MAIS que o habitual às 12h
2026-07-07 16:54:16 [INFO]      [2mReal:[0m 64.0 kWh   [2mHabitual:[0m 5.5 ± 0.7 kWh   [2mz:[0m +10.00⁺   [2mdesvio:[0m +1064%   [2m(2 obs. dia_util)[0m
2026-07-07 16:54:16 [INFO] 
2026-07-07 16:54:16 [INFO]   🔴 [91m[1mPT0002000078294957RQ[0m  [2m[Cluster 0][0m
2026-07-07 16:54:16 [INFO]      consumiu MAIS que o habitual às 13h
2026-07-07 16:54:16 [INFO]      [2mReal:[0m 52.0 kWh   [2mHabitual:[0m 4.5 ± 0.7 kWh   [2mz:[0m +10.00⁺   [2mdesvio:[0m +1056%   [2m(2 obs. dia_util)[0m
2026-07-07 16:54:16 [INFO] 
2026-07-07 16:54:16 [INFO]   🔴 [91m[1mPT0002000078294957RQ[0m  [2m[Cluster 0][0m
2026-07-07 16:54:16 [INFO]      consumiu MAIS que o habitual às 14h
2026-07-07 16:54:16 [INFO]      [2mReal:[0m 43.0 kWh   [2mHabitual:[0m 7.0 ± 0.7 kWh   [2mz:[0m +10.00⁺   [2mdesvio:[0m +514%   [2m(2 obs. dia_util)[0m
2026-07-07 16:54:16 [INFO] 
2026-07-07 16:54:16 [INFO]   🔴 [91m[1mPT0002000078294957RQ[0m  [2m[Cluster 0][0m
2026-07-07 16:54:16 [INFO]      consumiu MAIS que o habitual às 15h
2026-07-07 16:54:16 [INFO]      [2mReal:[0m 39.0 kWh   [2mHabitual:[0m 6.0 ± 0.6 kWh   [2mz:[0m +10.00⁺   [2mdesvio:[0m +550%   [2m(2 obs. dia_util)[0m
2026-07-07 16:54:16 [INFO] 
2026-07-07 16:54:16 [INFO]   🔴 [91m[1mPT0002000078294957RQ[0m  [2m[Cluster 0][0m
2026-07-07 16:54:16 [INFO]      consumiu MAIS que o habitual às 16h
2026-07-07 16:54:16 [INFO]      [2mReal:[0m 29.0 kWh   [2mHabitual:[0m 5.5 ± 0.7 kWh   [2mz:[0m +10.00⁺   [2mdesvio:[0m +427%   [2m(2 obs. dia_util)[0m
2026-07-07 16:54:16 [INFO] 
2026-07-07 16:54:16 [INFO]   🔴 [91m[1mPT0002000078294957RQ[0m  [2m[Cluster 0][0m
2026-07-07 16:54:16 [INFO]      consumiu MAIS que o habitual às 17h
2026-07-07 16:54:16 [INFO]      [2mReal:[0m 25.0 kWh   [2mHabitual:[0m 6.5 ± 0.7 kWh   [2mz:[0m +10.00⁺   [2mdesvio:[0m +285%   [2m(2 obs. dia_util)[0m
2026-07-07 16:54:16 [INFO] 
2026-07-07 16:54:16 [INFO]   🔴 [91m[1mPT0002000078294957RQ[0m  [2m[Cluster 0][0m
2026-07-07 16:54:16 [INFO]      consumiu MAIS que o habitual às 18h
2026-07-07 16:54:16 [INFO]      [2mReal:[0m 17.0 kWh   [2mHabitual:[0m 7.5 ± 0.8 kWh   [2mz:[0m +10.00⁺   [2mdesvio:[0m +127%   [2m(2 obs. dia_util)[0m
2026-07-07 16:54:16 [INFO] 
2026-07-07 16:54:16 [INFO]   🔴 [91m[1mPT0002000081344542CP[0m  [2m[Cluster 1][0m
2026-07-07 16:54:16 [INFO]      consumiu MAIS que o habitual às 18h
2026-07-07 16:54:16 [INFO]      [2mReal:[0m 4.0 kWh   [2mHabitual:[0m 1.0 ± 0.3 kWh   [2mz:[0m +10.00   [2mdesvio:[0m +300%   [2m(2 obs. dia_util)[0m
2026-07-07 16:54:16 [INFO] 
2026-07-07 16:54:16 [INFO]   🔴 [91m[1mPT0002000101964938LF[0m  [2m[Cluster 0][0m
2026-07-07 16:54:16 [INFO]      consumiu MAIS que o habitual às 07h
2026-07-07 16:54:16 [INFO]      [2mReal:[0m 27.0 kWh   [2mHabitual:[0m 12.0 ± 1.2 kWh   [2mz:[0m +10.00⁺   [2mdesvio:[0m +125%   [2m(2 obs. dia_util)[0m
2026-07-07 16:54:16 [INFO] 
2026-07-07 16:54:16 [INFO]   🔴 [91m[1mPT0002000101964938LF[0m  [2m[Cluster 0][0m
2026-07-07 16:54:16 [INFO]      consumiu MAIS que o habitual às 08h
2026-07-07 16:54:16 [INFO]      [2mReal:[0m 60.0 kWh   [2mHabitual:[0m 11.0 ± 1.1 kWh   [2mz:[0m +10.00⁺   [2mdesvio:[0m +445%   [2m(2 obs. dia_util)[0m
2026-07-07 16:54:16 [INFO] 
2026-07-07 16:54:16 [INFO]   🔴 [91m[1mPT0002000101964938LF[0m  [2m[Cluster 0][0m
2026-07-07 16:54:16 [INFO]      consumiu MAIS que o habitual às 09h
2026-07-07 16:54:16 [INFO]      [2mReal:[0m 61.0 kWh   [2mHabitual:[0m 11.5 ± 1.1 kWh   [2mz:[0m +10.00⁺   [2mdesvio:[0m +430%   [2m(2 obs. dia_util)[0m
2026-07-07 16:54:16 [INFO] 
2026-07-07 16:54:16 [INFO]   🔴 [91m[1mPT0002000101964938LF[0m  [2m[Cluster 0][0m
2026-07-07 16:54:16 [INFO]      consumiu MAIS que o habitual às 10h
2026-07-07 16:54:16 [INFO]      [2mReal:[0m 59.0 kWh   [2mHabitual:[0m 12.0 ± 1.2 kWh   [2mz:[0m +10.00⁺   [2mdesvio:[0m +392%   [2m(2 obs. dia_util)[0m
2026-07-07 16:54:16 [INFO] 
2026-07-07 16:54:16 [INFO]   🔴 [91m[1mPT0002000101964938LF[0m  [2m[Cluster 0][0m
2026-07-07 16:54:16 [INFO]      consumiu MAIS que o habitual às 11h
2026-07-07 16:54:16 [INFO]      [2mReal:[0m 57.0 kWh   [2mHabitual:[0m 13.0 ± 1.3 kWh   [2mz:[0m +10.00⁺   [2mdesvio:[0m +338%   [2m(2 obs. dia_util)[0m
2026-07-07 16:54:16 [INFO] 
2026-07-07 16:54:16 [INFO]   🔴 [91m[1mPT0002000101964938LF[0m  [2m[Cluster 0][0m
2026-07-07 16:54:16 [INFO]      consumiu MAIS que o habitual às 12h
2026-07-07 16:54:16 [INFO]      [2mReal:[0m 64.0 kWh   [2mHabitual:[0m 12.5 ± 1.2 kWh   [2mz:[0m +10.00⁺   [2mdesvio:[0m +412%   [2m(2 obs. dia_util)[0m
2026-07-07 16:54:16 [INFO] 
2026-07-07 16:54:16 [INFO]   🔴 [91m[1mPT0002000101964938LF[0m  [2m[Cluster 0][0m
2026-07-07 16:54:16 [INFO]      consumiu MAIS que o habitual às 13h
2026-07-07 16:54:16 [INFO]      [2mReal:[0m 70.0 kWh   [2mHabitual:[0m 13.0 ± 1.3 kWh   [2mz:[0m +10.00⁺   [2mdesvio:[0m +438%   [2m(2 obs. dia_util)[0m
2026-07-07 16:54:16 [INFO] 
2026-07-07 16:54:16 [INFO]   🔴 [91m[1mPT0002000101964938LF[0m  [2m[Cluster 0][0m
2026-07-07 16:54:16 [INFO]      consumiu MAIS que o habitual às 14h
2026-07-07 16:54:16 [INFO]      [2mReal:[0m 65.0 kWh   [2mHabitual:[0m 12.5 ± 1.2 kWh   [2mz:[0m +10.00⁺   [2mdesvio:[0m +420%   [2m(2 obs. dia_util)[0m
2026-07-07 16:54:16 [INFO] 
2026-07-07 16:54:16 [INFO]   🔴 [91m[1mPT0002000101964938LF[0m  [2m[Cluster 0][0m
2026-07-07 16:54:16 [INFO]      consumiu MAIS que o habitual às 15h
2026-07-07 16:54:16 [INFO]      [2mReal:[0m 74.0 kWh   [2mHabitual:[0m 13.0 ± 1.3 kWh   [2mz:[0m +10.00⁺   [2mdesvio:[0m +469%   [2m(2 obs. dia_util)[0m
2026-07-07 16:54:16 [INFO] 
2026-07-07 16:54:16 [INFO]   🔴 [91m[1mPT0002000101964938LF[0m  [2m[Cluster 0][0m
2026-07-07 16:54:16 [INFO]      consumiu MAIS que o habitual às 16h
2026-07-07 16:54:16 [INFO]      [2mReal:[0m 71.0 kWh   [2mHabitual:[0m 13.0 ± 1.3 kWh   [2mz:[0m +10.00⁺   [2mdesvio:[0m +446%   [2m(2 obs. dia_util)[0m
2026-07-07 16:54:16 [INFO] 
2026-07-07 16:54:16 [INFO]   🔴 [91m[1mPT0002000101964938LF[0m  [2m[Cluster 0][0m
2026-07-07 16:54:16 [INFO]      consumiu MAIS que o habitual às 17h
2026-07-07 16:54:16 [INFO]      [2mReal:[0m 70.0 kWh   [2mHabitual:[0m 12.5 ± 1.2 kWh   [2mz:[0m +10.00⁺   [2mdesvio:[0m +460%   [2m(2 obs. dia_util)[0m
2026-07-07 16:54:16 [INFO] 
2026-07-07 16:54:16 [INFO]   🔴 [91m[1mPT0002000101964938LF[0m  [2m[Cluster 0][0m
2026-07-07 16:54:16 [INFO]      consumiu MAIS que o habitual às 18h
2026-07-07 16:54:16 [INFO]      [2mReal:[0m 64.0 kWh   [2mHabitual:[0m 13.5 ± 1.4 kWh   [2mz:[0m +10.00⁺   [2mdesvio:[0m +374%   [2m(2 obs. dia_util)[0m
2026-07-07 16:54:16 [INFO] 
2026-07-07 16:54:16 [INFO]   🔴 [91m[1mPT0002000101964938LF[0m  [2m[Cluster 0][0m
2026-07-07 16:54:16 [INFO]      consumiu MAIS que o habitual às 19h
2026-07-07 16:54:16 [INFO]      [2mReal:[0m 41.0 kWh   [2mHabitual:[0m 13.0 ± 1.3 kWh   [2mz:[0m +10.00⁺   [2mdesvio:[0m +215%   [2m(2 obs. dia_util)[0m
2026-07-07 16:54:16 [INFO] 
2026-07-07 16:54:16 [INFO]   🔴 [91m[1mPT0002000107046231FW[0m  [2m[Cluster 0][0m
2026-07-07 16:54:16 [INFO]      consumiu MAIS que o habitual às 10h
2026-07-07 16:54:16 [INFO]      [2mReal:[0m 24.0 kWh   [2mHabitual:[0m 3.0 ± 0.3 kWh   [2mz:[0m +10.00⁺   [2mdesvio:[0m +700%   [2m(2 obs. dia_util)[0m
2026-07-07 16:54:16 [INFO] 
2026-07-07 16:54:16 [INFO]   🔴 [91m[1mPT0002000107046231FW[0m  [2m[Cluster 0][0m
2026-07-07 16:54:16 [INFO]      consumiu MAIS que o habitual às 11h
2026-07-07 16:54:16 [INFO]      [2mReal:[0m 22.0 kWh   [2mHabitual:[0m 1.5 ± 0.7 kWh   [2mz:[0m +10.00⁺   [2mdesvio:[0m +1367%   [2m(2 obs. dia_util)[0m
2026-07-07 16:54:16 [INFO] 
2026-07-07 16:54:16 [INFO]   🔴 [91m[1mPT0002000107046231FW[0m  [2m[Cluster 0][0m
2026-07-07 16:54:16 [INFO]      consumiu MAIS que o habitual às 12h
2026-07-07 16:54:16 [INFO]      [2mReal:[0m 27.0 kWh   [2mHabitual:[0m 2.0 ± 0.3 kWh   [2mz:[0m +10.00⁺   [2mdesvio:[0m +1250%   [2m(2 obs. dia_util)[0m
2026-07-07 16:54:16 [INFO] 
2026-07-07 16:54:16 [INFO]   🔴 [91m[1mPT0002000107046231FW[0m  [2m[Cluster 0][0m
2026-07-07 16:54:16 [INFO]      consumiu MAIS que o habitual às 13h
2026-07-07 16:54:16 [INFO]      [2mReal:[0m 38.0 kWh   [2mHabitual:[0m 2.5 ± 0.7 kWh   [2mz:[0m +10.00⁺   [2mdesvio:[0m +1420%   [2m(2 obs. dia_util)[0m
2026-07-07 16:54:16 [INFO] 
2026-07-07 16:54:16 [INFO]   🔴 [91m[1mPT0002000107046231FW[0m  [2m[Cluster 0][0m
2026-07-07 16:54:16 [INFO]      consumiu MAIS que o habitual às 14h
2026-07-07 16:54:16 [INFO]      [2mReal:[0m 40.0 kWh   [2mHabitual:[0m 2.0 ± 0.3 kWh   [2mz:[0m +10.00⁺   [2mdesvio:[0m +1900%   [2m(2 obs. dia_util)[0m
2026-07-07 16:54:16 [INFO] 
2026-07-07 16:54:16 [INFO]   🔴 [91m[1mPT0002000107046231FW[0m  [2m[Cluster 0][0m
2026-07-07 16:54:16 [INFO]      consumiu MAIS que o habitual às 15h
2026-07-07 16:54:16 [INFO]      [2mReal:[0m 26.0 kWh   [2mHabitual:[0m 3.5 ± 0.7 kWh   [2mz:[0m +10.00⁺   [2mdesvio:[0m +643%   [2m(2 obs. dia_util)[0m
2026-07-07 16:54:16 [INFO] 
2026-07-07 16:54:16 [INFO]   🔴 [91m[1mPT0002000107046231FW[0m  [2m[Cluster 0][0m
2026-07-07 16:54:16 [INFO]      consumiu MAIS que o habitual às 16h
2026-07-07 16:54:16 [INFO]      [2mReal:[0m 18.0 kWh   [2mHabitual:[0m 2.5 ± 0.7 kWh   [2mz:[0m +10.00⁺   [2mdesvio:[0m +620%   [2m(2 obs. dia_util)[0m
2026-07-07 16:54:16 [INFO] 
2026-07-07 16:54:16 [INFO]   🔴 [91m[1mPT0002000107046231FW[0m  [2m[Cluster 0][0m
2026-07-07 16:54:16 [INFO]      consumiu MAIS que o habitual às 17h
2026-07-07 16:54:16 [INFO]      [2mReal:[0m 12.0 kWh   [2mHabitual:[0m 2.0 ± 0.3 kWh   [2mz:[0m +10.00⁺   [2mdesvio:[0m +500%   [2m(2 obs. dia_util)[0m
2026-07-07 16:54:16 [INFO] 
2026-07-07 16:54:16 [INFO]   🔴 [91m[1mPT0002000109837807PE[0m  [2m[Cluster 1][0m
2026-07-07 16:54:16 [INFO]      consumiu MAIS que o habitual às 00h
2026-07-07 16:54:16 [INFO]      [2mReal:[0m 24.0 kWh   [2mHabitual:[0m 7.5 ± 0.8 kWh   [2mz:[0m +10.00⁺   [2mdesvio:[0m +220%   [2m(2 obs. dia_util)[0m
2026-07-07 16:54:16 [INFO] 
2026-07-07 16:54:16 [INFO]   🔴 [91m[1mPT0002000109837807PE[0m  [2m[Cluster 1][0m
2026-07-07 16:54:16 [INFO]      consumiu MAIS que o habitual às 01h
2026-07-07 16:54:16 [INFO]      [2mReal:[0m 22.0 kWh   [2mHabitual:[0m 7.0 ± 0.7 kWh   [2mz:[0m +10.00⁺   [2mdesvio:[0m +214%   [2m(2 obs. dia_util)[0m
2026-07-07 16:54:16 [INFO] 
2026-07-07 16:54:16 [INFO]   🔴 [91m[1mPT0002000109837807PE[0m  [2m[Cluster 1][0m
2026-07-07 16:54:16 [INFO]      consumiu MAIS que o habitual às 02h
2026-07-07 16:54:16 [INFO]      [2mReal:[0m 17.0 kWh   [2mHabitual:[0m 7.0 ± 0.7 kWh   [2mz:[0m +10.00⁺   [2mdesvio:[0m +143%   [2m(2 obs. dia_util)[0m
2026-07-07 16:54:16 [INFO] 
2026-07-07 16:54:16 [INFO]   🔴 [91m[1mPT0002000109837807PE[0m  [2m[Cluster 1][0m
2026-07-07 16:54:16 [INFO]      consumiu MAIS que o habitual às 13h
2026-07-07 16:54:16 [INFO]      [2mReal:[0m 21.0 kWh   [2mHabitual:[0m 4.0 ± 0.4 kWh   [2mz:[0m +10.00⁺   [2mdesvio:[0m +425%   [2m(2 obs. dia_util)[0m
2026-07-07 16:54:16 [INFO] 
2026-07-07 16:54:16 [INFO]   🔴 [91m[1mPT0002000109837807PE[0m  [2m[Cluster 1][0m
2026-07-07 16:54:16 [INFO]      consumiu MAIS que o habitual às 14h
2026-07-07 16:54:16 [INFO]      [2mReal:[0m 20.0 kWh   [2mHabitual:[0m 4.0 ± 0.4 kWh   [2mz:[0m +10.00⁺   [2mdesvio:[0m +400%   [2m(2 obs. dia_util)[0m
2026-07-07 16:54:16 [INFO] 
2026-07-07 16:54:16 [INFO]   🔴 [91m[1mPT0002000109837807PE[0m  [2m[Cluster 1][0m
2026-07-07 16:54:16 [INFO]      consumiu MAIS que o habitual às 15h
2026-07-07 16:54:16 [INFO]      [2mReal:[0m 21.0 kWh   [2mHabitual:[0m 4.0 ± 0.4 kWh   [2mz:[0m +10.00⁺   [2mdesvio:[0m +425%   [2m(2 obs. dia_util)[0m
2026-07-07 16:54:16 [INFO] 
2026-07-07 16:54:16 [INFO]   🔴 [91m[1mPT0002000109837807PE[0m  [2m[Cluster 1][0m
2026-07-07 16:54:16 [INFO]      consumiu MAIS que o habitual às 16h
2026-07-07 16:54:16 [INFO]      [2mReal:[0m 20.0 kWh   [2mHabitual:[0m 4.0 ± 0.4 kWh   [2mz:[0m +10.00⁺   [2mdesvio:[0m +400%   [2m(2 obs. dia_util)[0m
2026-07-07 16:54:16 [INFO] 
2026-07-07 16:54:16 [INFO]   🔴 [91m[1mPT0002000110090564GD[0m  [2m[Cluster 1][0m
2026-07-07 16:54:16 [INFO]      consumiu MAIS que o habitual às 14h
2026-07-07 16:54:16 [INFO]      [2mReal:[0m 30.0 kWh   [2mHabitual:[0m 5.0 ± 0.5 kWh   [2mz:[0m +10.00⁺   [2mdesvio:[0m +500%   [2m(2 obs. dia_util)[0m
2026-07-07 16:54:16 [INFO] 
2026-07-07 16:54:16 [INFO]   🔴 [91m[1mPT0002000110090564GD[0m  [2m[Cluster 1][0m
2026-07-07 16:54:16 [INFO]      consumiu MAIS que o habitual às 15h
2026-07-07 16:54:16 [INFO]      [2mReal:[0m 29.0 kWh   [2mHabitual:[0m 4.5 ± 0.7 kWh   [2mz:[0m +10.00⁺   [2mdesvio:[0m +544%   [2m(2 obs. dia_util)[0m
2026-07-07 16:54:16 [INFO] 
2026-07-07 16:54:16 [INFO]   🔴 [91m[1mPT0002000110090564GD[0m  [2m[Cluster 1][0m
2026-07-07 16:54:16 [INFO]      consumiu MAIS que o habitual às 16h
2026-07-07 16:54:16 [INFO]      [2mReal:[0m 30.0 kWh   [2mHabitual:[0m 5.0 ± 0.5 kWh   [2mz:[0m +10.00⁺   [2mdesvio:[0m +500%   [2m(2 obs. dia_util)[0m
2026-07-07 16:54:16 [INFO] 
2026-07-07 16:54:16 [INFO]   🔴 [91m[1mPT0002000110090564GD[0m  [2m[Cluster 1][0m
2026-07-07 16:54:16 [INFO]      consumiu MAIS que o habitual às 17h
2026-07-07 16:54:16 [INFO]      [2mReal:[0m 29.0 kWh   [2mHabitual:[0m 4.5 ± 0.7 kWh   [2mz:[0m +10.00⁺   [2mdesvio:[0m +544%   [2m(2 obs. dia_util)[0m
2026-07-07 16:54:16 [INFO] 
2026-07-07 16:54:16 [INFO]   🔴 [91m[1mPT0002000110090564GD[0m  [2m[Cluster 1][0m
2026-07-07 16:54:16 [INFO]      consumiu MAIS que o habitual às 18h
2026-07-07 16:54:16 [INFO]      [2mReal:[0m 30.0 kWh   [2mHabitual:[0m 5.0 ± 0.5 kWh   [2mz:[0m +10.00⁺   [2mdesvio:[0m +500%   [2m(2 obs. dia_util)[0m
2026-07-07 16:54:16 [INFO] 
2026-07-07 16:54:16 [INFO]   🔴 [91m[1mPT0002000110607652SB[0m  [2m[Cluster 0][0m
2026-07-07 16:54:16 [INFO]      consumiu MAIS que o habitual às 07h
2026-07-07 16:54:16 [INFO]      [2mReal:[0m 44.0 kWh   [2mHabitual:[0m 8.0 ± 0.8 kWh   [2mz:[0m +10.00⁺   [2mdesvio:[0m +450%   [2m(2 obs. dia_util)[0m
2026-07-07 16:54:16 [INFO] 
2026-07-07 16:54:16 [INFO]   🔴 [91m[1mPT0002000110607652SB[0m  [2m[Cluster 0][0m
2026-07-07 16:54:16 [INFO]      consumiu MAIS que o habitual às 08h
2026-07-07 16:54:16 [INFO]      [2mReal:[0m 96.0 kWh   [2mHabitual:[0m 8.0 ± 0.8 kWh   [2mz:[0m +10.00⁺   [2mdesvio:[0m +1100%   [2m(2 obs. dia_util)[0m
2026-07-07 16:54:16 [INFO] 
2026-07-07 16:54:16 [INFO]   🔴 [91m[1mPT0002000110607652SB[0m  [2m[Cluster 0][0m
2026-07-07 16:54:16 [INFO]      consumiu MAIS que o habitual às 09h
2026-07-07 16:54:16 [INFO]      [2mReal:[0m 96.0 kWh   [2mHabitual:[0m 8.0 ± 0.8 kWh   [2mz:[0m +10.00⁺   [2mdesvio:[0m +1100%   [2m(2 obs. dia_util)[0m
2026-07-07 16:54:16 [INFO] 
2026-07-07 16:54:16 [INFO]   🔴 [91m[1mPT0002000110607652SB[0m  [2m[Cluster 0][0m
2026-07-07 16:54:16 [INFO]      consumiu MAIS que o habitual às 10h
2026-07-07 16:54:16 [INFO]      [2mReal:[0m 104.0 kWh   [2mHabitual:[0m 10.0 ± 2.8 kWh   [2mz:[0m +10.00⁺   [2mdesvio:[0m +940%   [2m(2 obs. dia_util)[0m
2026-07-07 16:54:16 [INFO] 
2026-07-07 16:54:16 [INFO]   🔴 [91m[1mPT0002000110607652SB[0m  [2m[Cluster 0][0m
2026-07-07 16:54:16 [INFO]      consumiu MAIS que o habitual às 11h
2026-07-07 16:54:16 [INFO]      [2mReal:[0m 100.0 kWh   [2mHabitual:[0m 12.0 ± 1.2 kWh   [2mz:[0m +10.00⁺   [2mdesvio:[0m +733%   [2m(2 obs. dia_util)[0m
2026-07-07 16:54:16 [INFO] 
2026-07-07 16:54:16 [INFO]   🔴 [91m[1mPT0002000110607652SB[0m  [2m[Cluster 0][0m
2026-07-07 16:54:16 [INFO]      consumiu MAIS que o habitual às 12h
2026-07-07 16:54:16 [INFO]      [2mReal:[0m 104.0 kWh   [2mHabitual:[0m 8.0 ± 0.8 kWh   [2mz:[0m +10.00⁺   [2mdesvio:[0m +1200%   [2m(2 obs. dia_util)[0m
2026-07-07 16:54:16 [INFO] 
2026-07-07 16:54:16 [INFO]   🔴 [91m[1mPT0002000110607652SB[0m  [2m[Cluster 0][0m
2026-07-07 16:54:16 [INFO]      consumiu MAIS que o habitual às 13h
2026-07-07 16:54:16 [INFO]      [2mReal:[0m 100.0 kWh   [2mHabitual:[0m 12.0 ± 1.2 kWh   [2mz:[0m +10.00⁺   [2mdesvio:[0m +733%   [2m(2 obs. dia_util)[0m
2026-07-07 16:54:16 [INFO] 
2026-07-07 16:54:16 [INFO]   🔴 [91m[1mPT0002000110607652SB[0m  [2m[Cluster 0][0m
2026-07-07 16:54:16 [INFO]      consumiu MAIS que o habitual às 14h
2026-07-07 16:54:16 [INFO]      [2mReal:[0m 100.0 kWh   [2mHabitual:[0m 10.0 ± 2.8 kWh   [2mz:[0m +10.00⁺   [2mdesvio:[0m +900%   [2m(2 obs. dia_util)[0m
2026-07-07 16:54:16 [INFO] 
2026-07-07 16:54:16 [INFO]   🔴 [91m[1mPT0002000110607652SB[0m  [2m[Cluster 0][0m
2026-07-07 16:54:16 [INFO]      consumiu MAIS que o habitual às 15h
2026-07-07 16:54:16 [INFO]      [2mReal:[0m 104.0 kWh   [2mHabitual:[0m 12.0 ± 1.2 kWh   [2mz:[0m +10.00⁺   [2mdesvio:[0m +767%   [2m(2 obs. dia_util)[0m
2026-07-07 16:54:16 [INFO] 
2026-07-07 16:54:16 [INFO]   🔴 [91m[1mPT0002000110607652SB[0m  [2m[Cluster 0][0m
2026-07-07 16:54:16 [INFO]      consumiu MAIS que o habitual às 16h
2026-07-07 16:54:16 [INFO]      [2mReal:[0m 100.0 kWh   [2mHabitual:[0m 8.0 ± 0.8 kWh   [2mz:[0m +10.00⁺   [2mdesvio:[0m +1150%   [2m(2 obs. dia_util)[0m
2026-07-07 16:54:16 [INFO] 
2026-07-07 16:54:16 [INFO]   🔴 [91m[1mPT0002000110607652SB[0m  [2m[Cluster 0][0m
2026-07-07 16:54:16 [INFO]      consumiu MAIS que o habitual às 17h
2026-07-07 16:54:16 [INFO]      [2mReal:[0m 100.0 kWh   [2mHabitual:[0m 12.0 ± 1.2 kWh   [2mz:[0m +10.00⁺   [2mdesvio:[0m +733%   [2m(2 obs. dia_util)[0m
2026-07-07 16:54:16 [INFO] 
2026-07-07 16:54:16 [INFO]   🔴 [91m[1mPT0002000110607652SB[0m  [2m[Cluster 0][0m
2026-07-07 16:54:16 [INFO]      consumiu MAIS que o habitual às 18h
2026-07-07 16:54:16 [INFO]      [2mReal:[0m 92.0 kWh   [2mHabitual:[0m 8.0 ± 0.8 kWh   [2mz:[0m +10.00⁺   [2mdesvio:[0m +1050%   [2m(2 obs. dia_util)[0m
2026-07-07 16:54:16 [INFO] 
2026-07-07 16:54:16 [INFO]   🔴 [91m[1mPT0002000110607652SB[0m  [2m[Cluster 0][0m
2026-07-07 16:54:16 [INFO]      consumiu MAIS que o habitual às 19h
2026-07-07 16:54:16 [INFO]      [2mReal:[0m 68.0 kWh   [2mHabitual:[0m 12.0 ± 1.2 kWh   [2mz:[0m +10.00⁺   [2mdesvio:[0m +467%   [2m(2 obs. dia_util)[0m
2026-07-07 16:54:16 [INFO] 
2026-07-07 16:54:16 [INFO]   🔴 [91m[1mPT0002000110814293YC[0m  [2m[sem cluster][0m
2026-07-07 16:54:16 [INFO]      consumiu MAIS que o habitual às 11h
2026-07-07 16:54:16 [INFO]      [2mReal:[0m 53.0 kWh   [2mHabitual:[0m 21.5 ± 2.1 kWh   [2mz:[0m +10.00⁺   [2mdesvio:[0m +147%   [2m(2 obs. dia_util)[0m
2026-07-07 16:54:16 [INFO] 
2026-07-07 16:54:16 [INFO]   🔴 [91m[1mPT0002000110814293YC[0m  [2m[sem cluster][0m
2026-07-07 16:54:16 [INFO]      consumiu MAIS que o habitual às 12h
2026-07-07 16:54:16 [INFO]      [2mReal:[0m 73.0 kWh   [2mHabitual:[0m 22.0 ± 2.2 kWh   [2mz:[0m +10.00⁺   [2mdesvio:[0m +232%   [2m(2 obs. dia_util)[0m
2026-07-07 16:54:16 [INFO] 
2026-07-07 16:54:16 [INFO]   🔴 [91m[1mPT0002000110814293YC[0m  [2m[sem cluster][0m
2026-07-07 16:54:16 [INFO]      consumiu MAIS que o habitual às 13h
2026-07-07 16:54:16 [INFO]      [2mReal:[0m 73.0 kWh   [2mHabitual:[0m 22.0 ± 2.2 kWh   [2mz:[0m +10.00⁺   [2mdesvio:[0m +232%   [2m(2 obs. dia_util)[0m
2026-07-07 16:54:16 [INFO] 
2026-07-07 16:54:16 [INFO]   🔴 [91m[1mPT0002000110814293YC[0m  [2m[sem cluster][0m
2026-07-07 16:54:16 [INFO]      consumiu MAIS que o habitual às 14h
2026-07-07 16:54:16 [INFO]      [2mReal:[0m 75.0 kWh   [2mHabitual:[0m 22.5 ± 2.2 kWh   [2mz:[0m +10.00⁺   [2mdesvio:[0m +233%   [2m(2 obs. dia_util)[0m
2026-07-07 16:54:16 [INFO] 
2026-07-07 16:54:16 [INFO]   🔴 [91m[1mPT0002000110814293YC[0m  [2m[sem cluster][0m
2026-07-07 16:54:16 [INFO]      consumiu MAIS que o habitual às 15h
2026-07-07 16:54:16 [INFO]      [2mReal:[0m 73.0 kWh   [2mHabitual:[0m 22.0 ± 2.2 kWh   [2mz:[0m +10.00⁺   [2mdesvio:[0m +232%   [2m(2 obs. dia_util)[0m
2026-07-07 16:54:16 [INFO] 
2026-07-07 16:54:16 [INFO]   🔴 [91m[1mPT0002000110814293YC[0m  [2m[sem cluster][0m
2026-07-07 16:54:16 [INFO]      consumiu MAIS que o habitual às 16h
2026-07-07 16:54:16 [INFO]      [2mReal:[0m 73.0 kWh   [2mHabitual:[0m 20.5 ± 2.0 kWh   [2mz:[0m +10.00⁺   [2mdesvio:[0m +256%   [2m(2 obs. dia_util)[0m
2026-07-07 16:54:16 [INFO] 
2026-07-07 16:54:16 [INFO]   🔴 [91m[1mPT0002000110814293YC[0m  [2m[sem cluster][0m
2026-07-07 16:54:16 [INFO]      consumiu MAIS que o habitual às 17h
2026-07-07 16:54:16 [INFO]      [2mReal:[0m 72.0 kWh   [2mHabitual:[0m 21.0 ± 2.1 kWh   [2mz:[0m +10.00⁺   [2mdesvio:[0m +243%   [2m(2 obs. dia_util)[0m
2026-07-07 16:54:16 [INFO] 
2026-07-07 16:54:16 [INFO]   🔴 [91m[1mPT0002000110814293YC[0m  [2m[sem cluster][0m
2026-07-07 16:54:16 [INFO]      consumiu MAIS que o habitual às 18h
2026-07-07 16:54:16 [INFO]      [2mReal:[0m 70.0 kWh   [2mHabitual:[0m 21.5 ± 2.1 kWh   [2mz:[0m +10.00⁺   [2mdesvio:[0m +226%   [2m(2 obs. dia_util)[0m
2026-07-07 16:54:16 [INFO] 
2026-07-07 16:54:16 [INFO]   🔴 [91m[1mPT0002000110814293YC[0m  [2m[sem cluster][0m
2026-07-07 16:54:16 [INFO]      consumiu MAIS que o habitual às 19h
2026-07-07 16:54:16 [INFO]      [2mReal:[0m 69.0 kWh   [2mHabitual:[0m 21.0 ± 2.1 kWh   [2mz:[0m +10.00⁺   [2mdesvio:[0m +229%   [2m(2 obs. dia_util)[0m
2026-07-07 16:54:16 [INFO] 
2026-07-07 16:54:16 [INFO]   🔴 [91m[1mPT0002000110814293YC[0m  [2m[sem cluster][0m
2026-07-07 16:54:16 [INFO]      consumiu MAIS que o habitual às 20h
2026-07-07 16:54:16 [INFO]      [2mReal:[0m 63.0 kWh   [2mHabitual:[0m 20.5 ± 2.0 kWh   [2mz:[0m +10.00⁺   [2mdesvio:[0m +207%   [2m(2 obs. dia_util)[0m
2026-07-07 16:54:16 [INFO] 
2026-07-07 16:54:16 [INFO]   🔴 [91m[1mPT0002000110814293YC[0m  [2m[sem cluster][0m
2026-07-07 16:54:16 [INFO]      consumiu MAIS que o habitual às 21h
2026-07-07 16:54:16 [INFO]      [2mReal:[0m 60.0 kWh   [2mHabitual:[0m 19.7 ± 2.5 kWh   [2mz:[0m +10.00⁺   [2mdesvio:[0m +205%   [2m(3 obs. dia_util)[0m
2026-07-07 16:54:16 [INFO] 
2026-07-07 16:54:16 [INFO]   🔴 [91m[1mPT0002000110814293YC[0m  [2m[sem cluster][0m
2026-07-07 16:54:16 [INFO]      consumiu MAIS que o habitual às 22h
2026-07-07 16:54:16 [INFO]      [2mReal:[0m 61.0 kWh   [2mHabitual:[0m 22.0 ± 2.2 kWh   [2mz:[0m +10.00⁺   [2mdesvio:[0m +177%   [2m(3 obs. dia_util)[0m
2026-07-07 16:54:16 [INFO] 
2026-07-07 16:54:16 [INFO]   🔴 [91m[1mPT0002000110814293YC[0m  [2m[sem cluster][0m
2026-07-07 16:54:16 [INFO]      consumiu MAIS que o habitual às 23h
2026-07-07 16:54:16 [INFO]      [2mReal:[0m 61.0 kWh   [2mHabitual:[0m 21.7 ± 2.2 kWh   [2mz:[0m +10.00⁺   [2mdesvio:[0m +181%   [2m(3 obs. dia_util)[0m
2026-07-07 16:54:16 [INFO] 
2026-07-07 16:54:16 [INFO]   🔴 [91m[1mPT0002000111572054VT[0m  [2m[sem cluster][0m
2026-07-07 16:54:16 [INFO]      consumiu MAIS que o habitual às 08h
2026-07-07 16:54:16 [INFO]      [2mReal:[0m 18.0 kWh   [2mHabitual:[0m 6.5 ± 0.7 kWh   [2mz:[0m +10.00⁺   [2mdesvio:[0m +177%   [2m(2 obs. dia_util)[0m
2026-07-07 16:54:16 [INFO] 
2026-07-07 16:54:16 [INFO]   🔴 [91m[1mPT0002000111572054VT[0m  [2m[sem cluster][0m
2026-07-07 16:54:16 [INFO]      consumiu MAIS que o habitual às 09h
2026-07-07 16:54:16 [INFO]      [2mReal:[0m 9.0 kWh   [2mHabitual:[0m 1.0 ± 0.3 kWh   [2mz:[0m +10.00⁺   [2mdesvio:[0m +800%   [2m(2 obs. dia_util)[0m
2026-07-07 16:54:16 [INFO] 
2026-07-07 16:54:16 [INFO]   🔴 [91m[1mPT0002000111572054VT[0m  [2m[sem cluster][0m
2026-07-07 16:54:16 [INFO]      consumiu MAIS que o habitual às 10h
2026-07-07 16:54:16 [INFO]      [2mReal:[0m 7.0 kWh   [2mHabitual:[0m 0.0 ± 0.3 kWh   [2mz:[0m +10.00⁺   [2mdesvio:[0m +700000%   [2m(2 obs. dia_util)[0m
2026-07-07 16:54:16 [INFO] 
2026-07-07 16:54:16 [INFO]   🔴 [91m[1mPT0002000111572054VT[0m  [2m[sem cluster][0m
2026-07-07 16:54:16 [INFO]      consumiu MAIS que o habitual às 11h
2026-07-07 16:54:16 [INFO]      [2mReal:[0m 6.0 kWh   [2mHabitual:[0m 0.0 ± 0.3 kWh   [2mz:[0m +10.00⁺   [2mdesvio:[0m +600000%   [2m(2 obs. dia_util)[0m
2026-07-07 16:54:16 [INFO] 
2026-07-07 16:54:16 [INFO]   🔴 [91m[1mPT0002000111572054VT[0m  [2m[sem cluster][0m
2026-07-07 16:54:16 [INFO]      consumiu MAIS que o habitual às 12h
2026-07-07 16:54:16 [INFO]      [2mReal:[0m 6.0 kWh   [2mHabitual:[0m 0.0 ± 0.3 kWh   [2mz:[0m +10.00⁺   [2mdesvio:[0m +600000%   [2m(2 obs. dia_util)[0m
2026-07-07 16:54:16 [INFO] 
2026-07-07 16:54:16 [INFO]   🔴 [91m[1mPT0002000111572054VT[0m  [2m[sem cluster][0m
2026-07-07 16:54:16 [INFO]      consumiu MAIS que o habitual às 13h
2026-07-07 16:54:16 [INFO]      [2mReal:[0m 4.0 kWh   [2mHabitual:[0m 0.0 ± 0.3 kWh   [2mz:[0m +10.00⁺   [2mdesvio:[0m +400000%   [2m(2 obs. dia_util)[0m
2026-07-07 16:54:16 [INFO] 
2026-07-07 16:54:16 [INFO]   🔴 [91m[1mPT0002000111572054VT[0m  [2m[sem cluster][0m
2026-07-07 16:54:16 [INFO]      consumiu MAIS que o habitual às 14h
2026-07-07 16:54:16 [INFO]      [2mReal:[0m 6.0 kWh   [2mHabitual:[0m 0.0 ± 0.3 kWh   [2mz:[0m +10.00⁺   [2mdesvio:[0m +600000%   [2m(2 obs. dia_util)[0m
2026-07-07 16:54:16 [INFO] 
2026-07-07 16:54:16 [INFO]   🔴 [91m[1mPT0002000111572054VT[0m  [2m[sem cluster][0m
2026-07-07 16:54:16 [INFO]      consumiu MAIS que o habitual às 15h
2026-07-07 16:54:16 [INFO]      [2mReal:[0m 8.0 kWh   [2mHabitual:[0m 0.0 ± 0.3 kWh   [2mz:[0m +10.00⁺   [2mdesvio:[0m +800000%   [2m(2 obs. dia_util)[0m
2026-07-07 16:54:16 [INFO] 
2026-07-07 16:54:16 [INFO]   🔴 [91m[1mPT0002000111572054VT[0m  [2m[sem cluster][0m
2026-07-07 16:54:16 [INFO]      consumiu MAIS que o habitual às 16h
2026-07-07 16:54:16 [INFO]      [2mReal:[0m 9.0 kWh   [2mHabitual:[0m 0.0 ± 0.3 kWh   [2mz:[0m +10.00⁺   [2mdesvio:[0m +900000%   [2m(2 obs. dia_util)[0m
2026-07-07 16:54:16 [INFO] 
2026-07-07 16:54:16 [INFO]   🔴 [91m[1mPT0002000114613364CC[0m  [2m[sem cluster][0m
2026-07-07 16:54:16 [INFO]      consumiu MAIS que o habitual às 08h
2026-07-07 16:54:16 [INFO]      [2mReal:[0m 319.0 kWh   [2mHabitual:[0m 131.0 ± 13.1 kWh   [2mz:[0m +10.00⁺   [2mdesvio:[0m +144%   [2m(2 obs. dia_util)[0m
2026-07-07 16:54:16 [INFO] 
2026-07-07 16:54:16 [INFO]   🔴 [91m[1mPT0002000114613364CC[0m  [2m[sem cluster][0m
2026-07-07 16:54:16 [INFO]      consumiu MAIS que o habitual às 09h
2026-07-07 16:54:16 [INFO]      [2mReal:[0m 346.0 kWh   [2mHabitual:[0m 139.5 ± 13.9 kWh   [2mz:[0m +10.00⁺   [2mdesvio:[0m +148%   [2m(2 obs. dia_util)[0m
2026-07-07 16:54:16 [INFO] 
2026-07-07 16:54:16 [INFO]   🔴 [91m[1mPT0002000114613364CC[0m  [2m[sem cluster][0m
2026-07-07 16:54:16 [INFO]      consumiu MAIS que o habitual às 10h
2026-07-07 16:54:16 [INFO]      [2mReal:[0m 346.0 kWh   [2mHabitual:[0m 136.0 ± 13.6 kWh   [2mz:[0m +10.00⁺   [2mdesvio:[0m +154%   [2m(2 obs. dia_util)[0m
2026-07-07 16:54:16 [INFO] 
2026-07-07 16:54:16 [INFO]   🔴 [91m[1mPT0002000114613364CC[0m  [2m[sem cluster][0m
2026-07-07 16:54:16 [INFO]      consumiu MAIS que o habitual às 11h
2026-07-07 16:54:16 [INFO]      [2mReal:[0m 343.0 kWh   [2mHabitual:[0m 136.0 ± 13.6 kWh   [2mz:[0m +10.00⁺   [2mdesvio:[0m +152%   [2m(2 obs. dia_util)[0m
2026-07-07 16:54:16 [INFO] 
2026-07-07 16:54:16 [INFO]   🔴 [91m[1mPT0002000114613364CC[0m  [2m[sem cluster][0m
2026-07-07 16:54:16 [INFO]      consumiu MAIS que o habitual às 12h
2026-07-07 16:54:16 [INFO]      [2mReal:[0m 331.0 kWh   [2mHabitual:[0m 137.0 ± 13.7 kWh   [2mz:[0m +10.00⁺   [2mdesvio:[0m +142%   [2m(2 obs. dia_util)[0m
2026-07-07 16:54:16 [INFO] 
2026-07-07 16:54:16 [INFO]   🔴 [91m[1mPT0002000114613364CC[0m  [2m[sem cluster][0m
2026-07-07 16:54:16 [INFO]      consumiu MAIS que o habitual às 13h
2026-07-07 16:54:16 [INFO]      [2mReal:[0m 302.0 kWh   [2mHabitual:[0m 140.5 ± 14.1 kWh   [2mz:[0m +10.00⁺   [2mdesvio:[0m +115%   [2m(2 obs. dia_util)[0m
2026-07-07 16:54:16 [INFO] 
2026-07-07 16:54:16 [INFO]   🔴 [91m[1mPT0002000114613364CC[0m  [2m[sem cluster][0m
2026-07-07 16:54:16 [INFO]      consumiu MAIS que o habitual às 14h
2026-07-07 16:54:16 [INFO]      [2mReal:[0m 312.0 kWh   [2mHabitual:[0m 140.0 ± 14.0 kWh   [2mz:[0m +10.00⁺   [2mdesvio:[0m +123%   [2m(2 obs. dia_util)[0m
2026-07-07 16:54:16 [INFO] 
2026-07-07 16:54:16 [INFO]   🔴 [91m[1mPT0002000114613364CC[0m  [2m[sem cluster][0m
2026-07-07 16:54:16 [INFO]      consumiu MAIS que o habitual às 15h
2026-07-07 16:54:16 [INFO]      [2mReal:[0m 305.0 kWh   [2mHabitual:[0m 142.0 ± 14.2 kWh   [2mz:[0m +10.00⁺   [2mdesvio:[0m +115%   [2m(2 obs. dia_util)[0m
2026-07-07 16:54:16 [INFO] 
2026-07-07 16:54:16 [INFO]   🔴 [91m[1mPT0002000115031201VQ[0m  [2m[Cluster 0][0m
2026-07-07 16:54:16 [INFO]      consumiu MAIS que o habitual às 07h
2026-07-07 16:54:16 [INFO]      [2mReal:[0m 11.0 kWh   [2mHabitual:[0m 4.0 ± 0.4 kWh   [2mz:[0m +10.00⁺   [2mdesvio:[0m +175%   [2m(2 obs. dia_util)[0m
2026-07-07 16:54:16 [INFO] 
2026-07-07 16:54:16 [INFO]   🔴 [91m[1mPT0002000115031201VQ[0m  [2m[Cluster 0][0m
2026-07-07 16:54:16 [INFO]      consumiu MAIS que o habitual às 08h
2026-07-07 16:54:16 [INFO]      [2mReal:[0m 29.0 kWh   [2mHabitual:[0m 5.5 ± 0.7 kWh   [2mz:[0m +10.00⁺   [2mdesvio:[0m +427%   [2m(2 obs. dia_util)[0m
2026-07-07 16:54:16 [INFO] 
2026-07-07 16:54:16 [INFO]   🔴 [91m[1mPT0002000115031201VQ[0m  [2m[Cluster 0][0m
2026-07-07 16:54:16 [INFO]      consumiu MAIS que o habitual às 09h
2026-07-07 16:54:16 [INFO]      [2mReal:[0m 39.0 kWh   [2mHabitual:[0m 4.0 ± 0.4 kWh   [2mz:[0m +10.00⁺   [2mdesvio:[0m +875%   [2m(2 obs. dia_util)[0m
2026-07-07 16:54:16 [INFO] 
2026-07-07 16:54:16 [INFO]   🔴 [91m[1mPT0002000115031201VQ[0m  [2m[Cluster 0][0m
2026-07-07 16:54:16 [INFO]      consumiu MAIS que o habitual às 10h
2026-07-07 16:54:16 [INFO]      [2mReal:[0m 58.0 kWh   [2mHabitual:[0m 4.0 ± 0.4 kWh   [2mz:[0m +10.00⁺   [2mdesvio:[0m +1350%   [2m(2 obs. dia_util)[0m
2026-07-07 16:54:16 [INFO] 
2026-07-07 16:54:16 [INFO]   🔴 [91m[1mPT0002000115031201VQ[0m  [2m[Cluster 0][0m
2026-07-07 16:54:16 [INFO]      consumiu MAIS que o habitual às 11h
2026-07-07 16:54:16 [INFO]      [2mReal:[0m 65.0 kWh   [2mHabitual:[0m 4.0 ± 0.4 kWh   [2mz:[0m +10.00⁺   [2mdesvio:[0m +1525%   [2m(2 obs. dia_util)[0m
2026-07-07 16:54:16 [INFO] 
2026-07-07 16:54:16 [INFO]   🔴 [91m[1mPT0002000115031201VQ[0m  [2m[Cluster 0][0m
2026-07-07 16:54:16 [INFO]      consumiu MAIS que o habitual às 12h
2026-07-07 16:54:16 [INFO]      [2mReal:[0m 66.0 kWh   [2mHabitual:[0m 4.0 ± 0.4 kWh   [2mz:[0m +10.00⁺   [2mdesvio:[0m +1550%   [2m(2 obs. dia_util)[0m
2026-07-07 16:54:16 [INFO] 
2026-07-07 16:54:16 [INFO]   🔴 [91m[1mPT0002000115031201VQ[0m  [2m[Cluster 0][0m
2026-07-07 16:54:16 [INFO]      consumiu MAIS que o habitual às 13h
2026-07-07 16:54:16 [INFO]      [2mReal:[0m 62.0 kWh   [2mHabitual:[0m 4.0 ± 0.4 kWh   [2mz:[0m +10.00⁺   [2mdesvio:[0m +1450%   [2m(2 obs. dia_util)[0m
2026-07-07 16:54:16 [INFO] 
2026-07-07 16:54:16 [INFO]   🔴 [91m[1mPT0002000115031201VQ[0m  [2m[Cluster 0][0m
2026-07-07 16:54:16 [INFO]      consumiu MAIS que o habitual às 14h
2026-07-07 16:54:16 [INFO]      [2mReal:[0m 56.0 kWh   [2mHabitual:[0m 4.0 ± 0.4 kWh   [2mz:[0m +10.00⁺   [2mdesvio:[0m +1300%   [2m(2 obs. dia_util)[0m
2026-07-07 16:54:16 [INFO] 
2026-07-07 16:54:16 [INFO]   🔴 [91m[1mPT0002000115031201VQ[0m  [2m[Cluster 0][0m
2026-07-07 16:54:16 [INFO]      consumiu MAIS que o habitual às 15h
2026-07-07 16:54:16 [INFO]      [2mReal:[0m 42.0 kWh   [2mHabitual:[0m 4.0 ± 0.4 kWh   [2mz:[0m +10.00⁺   [2mdesvio:[0m +950%   [2m(2 obs. dia_util)[0m
2026-07-07 16:54:16 [INFO] 
2026-07-07 16:54:16 [INFO]   🔴 [91m[1mPT0002000115031201VQ[0m  [2m[Cluster 0][0m
2026-07-07 16:54:16 [INFO]      consumiu MAIS que o habitual às 16h
2026-07-07 16:54:16 [INFO]      [2mReal:[0m 33.0 kWh   [2mHabitual:[0m 4.0 ± 0.4 kWh   [2mz:[0m +10.00⁺   [2mdesvio:[0m +725%   [2m(2 obs. dia_util)[0m
2026-07-07 16:54:16 [INFO] 
2026-07-07 16:54:16 [INFO]   🔴 [91m[1mPT0002000115031201VQ[0m  [2m[Cluster 0][0m
2026-07-07 16:54:16 [INFO]      consumiu MAIS que o habitual às 17h
2026-07-07 16:54:16 [INFO]      [2mReal:[0m 30.0 kWh   [2mHabitual:[0m 4.0 ± 0.4 kWh   [2mz:[0m +10.00⁺   [2mdesvio:[0m +650%   [2m(2 obs. dia_util)[0m
2026-07-07 16:54:16 [INFO] 
2026-07-07 16:54:16 [INFO]   🔴 [91m[1mPT0002000115031201VQ[0m  [2m[Cluster 0][0m
2026-07-07 16:54:16 [INFO]      consumiu MAIS que o habitual às 18h
2026-07-07 16:54:16 [INFO]      [2mReal:[0m 26.0 kWh   [2mHabitual:[0m 6.0 ± 0.6 kWh   [2mz:[0m +10.00⁺   [2mdesvio:[0m +333%   [2m(2 obs. dia_util)[0m
2026-07-07 16:54:16 [INFO] 
2026-07-07 16:54:16 [INFO]   🔴 [91m[1mPT0002000115673389QK[0m  [2m[Cluster 0][0m
2026-07-07 16:54:16 [INFO]      consumiu MAIS que o habitual às 09h
2026-07-07 16:54:16 [INFO]      [2mReal:[0m 76.0 kWh   [2mHabitual:[0m 26.5 ± 5.0 kWh   [2mz:[0m +10.00   [2mdesvio:[0m +187%   [2m(2 obs. dia_util)[0m
2026-07-07 16:54:16 [INFO] 
2026-07-07 16:54:16 [INFO]   🔴 [91m[1mPT0002000115673389QK[0m  [2m[Cluster 0][0m
2026-07-07 16:54:16 [INFO]      consumiu MAIS que o habitual às 10h
2026-07-07 16:54:16 [INFO]      [2mReal:[0m 113.0 kWh   [2mHabitual:[0m 28.0 ± 5.7 kWh   [2mz:[0m +10.00⁺   [2mdesvio:[0m +304%   [2m(2 obs. dia_util)[0m
2026-07-07 16:54:16 [INFO] 
2026-07-07 16:54:16 [INFO]   🔴 [91m[1mPT0002000115673389QK[0m  [2m[Cluster 0][0m
2026-07-07 16:54:16 [INFO]      consumiu MAIS que o habitual às 11h
2026-07-07 16:54:16 [INFO]      [2mReal:[0m 131.0 kWh   [2mHabitual:[0m 29.5 ± 5.0 kWh   [2mz:[0m +10.00⁺   [2mdesvio:[0m +344%   [2m(2 obs. dia_util)[0m
2026-07-07 16:54:16 [INFO] 
2026-07-07 16:54:16 [INFO]   🔴 [91m[1mPT0002000115673389QK[0m  [2m[Cluster 0][0m
2026-07-07 16:54:16 [INFO]      consumiu MAIS que o habitual às 12h
2026-07-07 16:54:16 [INFO]      [2mReal:[0m 127.0 kWh   [2mHabitual:[0m 33.0 ± 5.7 kWh   [2mz:[0m +10.00⁺   [2mdesvio:[0m +285%   [2m(2 obs. dia_util)[0m
2026-07-07 16:54:16 [INFO] 
2026-07-07 16:54:16 [INFO]   🔴 [91m[1mPT0002000115673471CB[0m  [2m[Cluster 0][0m
2026-07-07 16:54:16 [INFO]      consumiu MAIS que o habitual às 09h
2026-07-07 16:54:16 [INFO]      [2mReal:[0m 69.0 kWh   [2mHabitual:[0m 28.0 ± 2.8 kWh   [2mz:[0m +10.00⁺   [2mdesvio:[0m +146%   [2m(2 obs. dia_util)[0m
2026-07-07 16:54:16 [INFO] 
2026-07-07 16:54:16 [INFO]   🔴 [91m[1mPT0002000115673471CB[0m  [2m[Cluster 0][0m
2026-07-07 16:54:16 [INFO]      consumiu MAIS que o habitual às 11h
2026-07-07 16:54:16 [INFO]      [2mReal:[0m 72.0 kWh   [2mHabitual:[0m 20.5 ± 5.0 kWh   [2mz:[0m +10.00⁺   [2mdesvio:[0m +251%   [2m(2 obs. dia_util)[0m
2026-07-07 16:54:16 [INFO] 
2026-07-07 16:54:16 [INFO]   🔴 [91m[1mPT0002000115673471CB[0m  [2m[Cluster 0][0m
2026-07-07 16:54:16 [INFO]      consumiu MAIS que o habitual às 12h
2026-07-07 16:54:16 [INFO]      [2mReal:[0m 80.0 kWh   [2mHabitual:[0m 19.0 ± 2.8 kWh   [2mz:[0m +10.00⁺   [2mdesvio:[0m +321%   [2m(2 obs. dia_util)[0m
2026-07-07 16:54:16 [INFO] 
2026-07-07 16:54:16 [INFO]   🔴 [91m[1mPT0002000115673471CB[0m  [2m[Cluster 0][0m
2026-07-07 16:54:16 [INFO]      consumiu MAIS que o habitual às 13h
2026-07-07 16:54:16 [INFO]      [2mReal:[0m 51.0 kWh   [2mHabitual:[0m 19.5 ± 1.9 kWh   [2mz:[0m +10.00⁺   [2mdesvio:[0m +162%   [2m(2 obs. dia_util)[0m
2026-07-07 16:54:16 [INFO] 
2026-07-07 16:54:16 [INFO]   🔴 [91m[1mPT0002000115700602GW[0m  [2m[Cluster 0][0m
2026-07-07 16:54:16 [INFO]      consumiu MAIS que o habitual às 07h
2026-07-07 16:54:16 [INFO]      [2mReal:[0m 48.0 kWh   [2mHabitual:[0m 8.0 ± 0.8 kWh   [2mz:[0m +10.00⁺   [2mdesvio:[0m +500%   [2m(2 obs. dia_util)[0m
2026-07-07 16:54:16 [INFO] 
2026-07-07 16:54:16 [INFO]   🔴 [91m[1mPT0002000115700602GW[0m  [2m[Cluster 0][0m
2026-07-07 16:54:16 [INFO]      consumiu MAIS que o habitual às 08h
2026-07-07 16:54:16 [INFO]      [2mReal:[0m 74.0 kWh   [2mHabitual:[0m 8.5 ± 0.8 kWh   [2mz:[0m +10.00⁺   [2mdesvio:[0m +771%   [2m(2 obs. dia_util)[0m
2026-07-07 16:54:16 [INFO] 
2026-07-07 16:54:16 [INFO]   🔴 [91m[1mPT0002000115700602GW[0m  [2m[Cluster 0][0m
2026-07-07 16:54:16 [INFO]      consumiu MAIS que o habitual às 09h
2026-07-07 16:54:16 [INFO]      [2mReal:[0m 85.0 kWh   [2mHabitual:[0m 8.5 ± 0.8 kWh   [2mz:[0m +10.00⁺   [2mdesvio:[0m +900%   [2m(2 obs. dia_util)[0m
2026-07-07 16:54:16 [INFO] 
2026-07-07 16:54:16 [INFO]   🔴 [91m[1mPT0002000115700602GW[0m  [2m[Cluster 0][0m
2026-07-07 16:54:16 [INFO]      consumiu MAIS que o habitual às 10h
2026-07-07 16:54:16 [INFO]      [2mReal:[0m 89.0 kWh   [2mHabitual:[0m 9.0 ± 0.9 kWh   [2mz:[0m +10.00⁺   [2mdesvio:[0m +889%   [2m(2 obs. dia_util)[0m
2026-07-07 16:54:16 [INFO] 
2026-07-07 16:54:16 [INFO]   🔴 [91m[1mPT0002000115700602GW[0m  [2m[Cluster 0][0m
2026-07-07 16:54:16 [INFO]      consumiu MAIS que o habitual às 11h
2026-07-07 16:54:16 [INFO]      [2mReal:[0m 81.0 kWh   [2mHabitual:[0m 8.5 ± 0.8 kWh   [2mz:[0m +10.00⁺   [2mdesvio:[0m +853%   [2m(2 obs. dia_util)[0m
2026-07-07 16:54:16 [INFO] 
2026-07-07 16:54:16 [INFO]   🔴 [91m[1mPT0002000115700602GW[0m  [2m[Cluster 0][0m
2026-07-07 16:54:16 [INFO]      consumiu MAIS que o habitual às 12h
2026-07-07 16:54:16 [INFO]      [2mReal:[0m 87.0 kWh   [2mHabitual:[0m 8.5 ± 0.8 kWh   [2mz:[0m +10.00⁺   [2mdesvio:[0m +924%   [2m(2 obs. dia_util)[0m
2026-07-07 16:54:16 [INFO] 
2026-07-07 16:54:16 [INFO]   🔴 [91m[1mPT0002000115700602GW[0m  [2m[Cluster 0][0m
2026-07-07 16:54:16 [INFO]      consumiu MAIS que o habitual às 13h
2026-07-07 16:54:16 [INFO]      [2mReal:[0m 67.0 kWh   [2mHabitual:[0m 8.0 ± 0.8 kWh   [2mz:[0m +10.00⁺   [2mdesvio:[0m +738%   [2m(2 obs. dia_util)[0m
2026-07-07 16:54:16 [INFO] 
2026-07-07 16:54:16 [INFO]   🔴 [91m[1mPT0002000115700602GW[0m  [2m[Cluster 0][0m
2026-07-07 16:54:16 [INFO]      consumiu MAIS que o habitual às 14h
2026-07-07 16:54:16 [INFO]      [2mReal:[0m 72.0 kWh   [2mHabitual:[0m 9.0 ± 0.9 kWh   [2mz:[0m +10.00⁺   [2mdesvio:[0m +700%   [2m(2 obs. dia_util)[0m
2026-07-07 16:54:16 [INFO] 
2026-07-07 16:54:16 [INFO]   🔴 [91m[1mPT0002000115700602GW[0m  [2m[Cluster 0][0m
2026-07-07 16:54:16 [INFO]      consumiu MAIS que o habitual às 15h
2026-07-07 16:54:16 [INFO]      [2mReal:[0m 65.0 kWh   [2mHabitual:[0m 8.5 ± 0.8 kWh   [2mz:[0m +10.00⁺   [2mdesvio:[0m +665%   [2m(2 obs. dia_util)[0m
2026-07-07 16:54:16 [INFO] 
2026-07-07 16:54:16 [INFO]   🔴 [91m[1mPT0002000115700602GW[0m  [2m[Cluster 0][0m
2026-07-07 16:54:16 [INFO]      consumiu MAIS que o habitual às 16h
2026-07-07 16:54:16 [INFO]      [2mReal:[0m 57.0 kWh   [2mHabitual:[0m 9.5 ± 0.9 kWh   [2mz:[0m +10.00⁺   [2mdesvio:[0m +500%   [2m(2 obs. dia_util)[0m
2026-07-07 16:54:16 [INFO] 
2026-07-07 16:54:16 [INFO]   🔴 [91m[1mPT0002000115700602GW[0m  [2m[Cluster 0][0m
2026-07-07 16:54:16 [INFO]      consumiu MAIS que o habitual às 17h
2026-07-07 16:54:16 [INFO]      [2mReal:[0m 40.0 kWh   [2mHabitual:[0m 9.0 ± 0.9 kWh   [2mz:[0m +10.00⁺   [2mdesvio:[0m +344%   [2m(2 obs. dia_util)[0m
2026-07-07 16:54:16 [INFO] 
2026-07-07 16:54:16 [INFO]   🔴 [91m[1mPT0002000115700602GW[0m  [2m[Cluster 0][0m
2026-07-07 16:54:16 [INFO]      consumiu MAIS que o habitual às 18h
2026-07-07 16:54:16 [INFO]      [2mReal:[0m 30.0 kWh   [2mHabitual:[0m 8.5 ± 0.8 kWh   [2mz:[0m +10.00⁺   [2mdesvio:[0m +253%   [2m(2 obs. dia_util)[0m
2026-07-07 16:54:16 [INFO] 
2026-07-07 16:54:16 [INFO]   🔴 [91m[1mPT0002000116530964LH[0m  [2m[sem cluster][0m
2026-07-07 16:54:16 [INFO]      consumiu MAIS que o habitual às 15h
2026-07-07 16:54:16 [INFO]      [2mReal:[0m 178.0 kWh   [2mHabitual:[0m 81.5 ± 8.2 kWh   [2mz:[0m +10.00⁺   [2mdesvio:[0m +118%   [2m(2 obs. dia_util)[0m
2026-07-07 16:54:16 [INFO] 
2026-07-07 16:54:16 [INFO]   🔴 [91m[1mPT0002000119303492KB[0m  [2m[Cluster 0][0m
2026-07-07 16:54:16 [INFO]      consumiu MAIS que o habitual às 07h
2026-07-07 16:54:16 [INFO]      [2mReal:[0m 14.0 kWh   [2mHabitual:[0m 3.5 ± 0.7 kWh   [2mz:[0m +10.00⁺   [2mdesvio:[0m +300%   [2m(2 obs. dia_util)[0m
2026-07-07 16:54:16 [INFO] 
2026-07-07 16:54:16 [INFO]   🔴 [91m[1mPT0002000119303492KB[0m  [2m[Cluster 0][0m
2026-07-07 16:54:16 [INFO]      consumiu MAIS que o habitual às 08h
2026-07-07 16:54:16 [INFO]      [2mReal:[0m 19.0 kWh   [2mHabitual:[0m 3.5 ± 0.7 kWh   [2mz:[0m +10.00⁺   [2mdesvio:[0m +443%   [2m(2 obs. dia_util)[0m
2026-07-07 16:54:16 [INFO] 
2026-07-07 16:54:16 [INFO]   🔴 [91m[1mPT0002000119303492KB[0m  [2m[Cluster 0][0m
2026-07-07 16:54:16 [INFO]      consumiu MAIS que o habitual às 09h
2026-07-07 16:54:16 [INFO]      [2mReal:[0m 11.0 kWh   [2mHabitual:[0m 3.5 ± 0.7 kWh   [2mz:[0m +10.00⁺   [2mdesvio:[0m +214%   [2m(2 obs. dia_util)[0m
2026-07-07 16:54:16 [INFO] 
2026-07-07 16:54:16 [INFO]   🔴 [91m[1mPT0002000119303492KB[0m  [2m[Cluster 0][0m
2026-07-07 16:54:16 [INFO]      consumiu MAIS que o habitual às 10h
2026-07-07 16:54:16 [INFO]      [2mReal:[0m 25.0 kWh   [2mHabitual:[0m 3.5 ± 0.7 kWh   [2mz:[0m +10.00⁺   [2mdesvio:[0m +614%   [2m(2 obs. dia_util)[0m
2026-07-07 16:54:16 [INFO] 
2026-07-07 16:54:16 [INFO]   🔴 [91m[1mPT0002000119303492KB[0m  [2m[Cluster 0][0m
2026-07-07 16:54:16 [INFO]      consumiu MAIS que o habitual às 11h
2026-07-07 16:54:16 [INFO]      [2mReal:[0m 35.0 kWh   [2mHabitual:[0m 3.0 ± 0.3 kWh   [2mz:[0m +10.00⁺   [2mdesvio:[0m +1067%   [2m(2 obs. dia_util)[0m
2026-07-07 16:54:16 [INFO] 
2026-07-07 16:54:16 [INFO]   🔴 [91m[1mPT0002000119303492KB[0m  [2m[Cluster 0][0m
2026-07-07 16:54:16 [INFO]      consumiu MAIS que o habitual às 12h
2026-07-07 16:54:16 [INFO]      [2mReal:[0m 44.0 kWh   [2mHabitual:[0m 3.0 ± 0.3 kWh   [2mz:[0m +10.00⁺   [2mdesvio:[0m +1367%   [2m(2 obs. dia_util)[0m
2026-07-07 16:54:16 [INFO] 
2026-07-07 16:54:16 [INFO]   🔴 [91m[1mPT0002000119303492KB[0m  [2m[Cluster 0][0m
2026-07-07 16:54:16 [INFO]      consumiu MAIS que o habitual às 13h
2026-07-07 16:54:16 [INFO]      [2mReal:[0m 60.0 kWh   [2mHabitual:[0m 4.0 ± 0.4 kWh   [2mz:[0m +10.00⁺   [2mdesvio:[0m +1400%   [2m(2 obs. dia_util)[0m
2026-07-07 16:54:16 [INFO] 
2026-07-07 16:54:16 [INFO]   🔴 [91m[1mPT0002000119303492KB[0m  [2m[Cluster 0][0m
2026-07-07 16:54:16 [INFO]      consumiu MAIS que o habitual às 14h
2026-07-07 16:54:16 [INFO]      [2mReal:[0m 50.0 kWh   [2mHabitual:[0m 3.0 ± 0.3 kWh   [2mz:[0m +10.00⁺   [2mdesvio:[0m +1567%   [2m(2 obs. dia_util)[0m
2026-07-07 16:54:16 [INFO] 
2026-07-07 16:54:16 [INFO]   🔴 [91m[1mPT0002000119303492KB[0m  [2m[Cluster 0][0m
2026-07-07 16:54:16 [INFO]      consumiu MAIS que o habitual às 15h
2026-07-07 16:54:16 [INFO]      [2mReal:[0m 36.0 kWh   [2mHabitual:[0m 4.0 ± 0.4 kWh   [2mz:[0m +10.00⁺   [2mdesvio:[0m +800%   [2m(2 obs. dia_util)[0m
2026-07-07 16:54:16 [INFO] 
2026-07-07 16:54:16 [INFO]   🔴 [91m[1mPT0002000119303492KB[0m  [2m[Cluster 0][0m
2026-07-07 16:54:16 [INFO]      consumiu MAIS que o habitual às 16h
2026-07-07 16:54:16 [INFO]      [2mReal:[0m 33.0 kWh   [2mHabitual:[0m 3.0 ± 0.3 kWh   [2mz:[0m +10.00⁺   [2mdesvio:[0m +1000%   [2m(2 obs. dia_util)[0m
2026-07-07 16:54:16 [INFO] 
2026-07-07 16:54:16 [INFO]   🔴 [91m[1mPT0002000119303492KB[0m  [2m[Cluster 0][0m
2026-07-07 16:54:16 [INFO]      consumiu MAIS que o habitual às 17h
2026-07-07 16:54:16 [INFO]      [2mReal:[0m 25.0 kWh   [2mHabitual:[0m 3.5 ± 0.7 kWh   [2mz:[0m +10.00⁺   [2mdesvio:[0m +614%   [2m(2 obs. dia_util)[0m
2026-07-07 16:54:16 [INFO] 
2026-07-07 16:54:16 [INFO]   🔴 [91m[1mPT0002000119303492KB[0m  [2m[Cluster 0][0m
2026-07-07 16:54:16 [INFO]      consumiu MAIS que o habitual às 18h
2026-07-07 16:54:16 [INFO]      [2mReal:[0m 14.0 kWh   [2mHabitual:[0m 4.5 ± 0.7 kWh   [2mz:[0m +10.00⁺   [2mdesvio:[0m +211%   [2m(2 obs. dia_util)[0m
2026-07-07 16:54:16 [INFO] 
2026-07-07 16:54:16 [INFO]   🔴 [91m[1mPT0002000120237616VJ[0m  [2m[Cluster 0][0m
2026-07-07 16:54:16 [INFO]      consumiu MAIS que o habitual às 07h
2026-07-07 16:54:16 [INFO]      [2mReal:[0m 34.0 kWh   [2mHabitual:[0m 15.0 ± 1.5 kWh   [2mz:[0m +10.00⁺   [2mdesvio:[0m +127%   [2m(2 obs. dia_util)[0m
2026-07-07 16:54:16 [INFO] 
2026-07-07 16:54:16 [INFO]   🔴 [91m[1mPT0002000120237616VJ[0m  [2m[Cluster 0][0m
2026-07-07 16:54:16 [INFO]      consumiu MAIS que o habitual às 08h
2026-07-07 16:54:16 [INFO]      [2mReal:[0m 48.0 kWh   [2mHabitual:[0m 16.0 ± 1.6 kWh   [2mz:[0m +10.00⁺   [2mdesvio:[0m +200%   [2m(2 obs. dia_util)[0m
2026-07-07 16:54:16 [INFO] 
2026-07-07 16:54:16 [INFO]   🔴 [91m[1mPT0002000120237616VJ[0m  [2m[Cluster 0][0m
2026-07-07 16:54:16 [INFO]      consumiu MAIS que o habitual às 09h
2026-07-07 16:54:16 [INFO]      [2mReal:[0m 57.0 kWh   [2mHabitual:[0m 13.0 ± 1.3 kWh   [2mz:[0m +10.00⁺   [2mdesvio:[0m +338%   [2m(2 obs. dia_util)[0m
2026-07-07 16:54:16 [INFO] 
2026-07-07 16:54:16 [INFO]   🔴 [91m[1mPT0002000120237616VJ[0m  [2m[Cluster 0][0m
2026-07-07 16:54:16 [INFO]      consumiu MAIS que o habitual às 10h
2026-07-07 16:54:16 [INFO]      [2mReal:[0m 57.0 kWh   [2mHabitual:[0m 15.0 ± 1.5 kWh   [2mz:[0m +10.00⁺   [2mdesvio:[0m +280%   [2m(2 obs. dia_util)[0m
2026-07-07 16:54:16 [INFO] 
2026-07-07 16:54:16 [INFO]   🔴 [91m[1mPT0002000120237616VJ[0m  [2m[Cluster 0][0m
2026-07-07 16:54:16 [INFO]      consumiu MAIS que o habitual às 11h
2026-07-07 16:54:16 [INFO]      [2mReal:[0m 66.0 kWh   [2mHabitual:[0m 15.0 ± 1.5 kWh   [2mz:[0m +10.00⁺   [2mdesvio:[0m +340%   [2m(2 obs. dia_util)[0m
2026-07-07 16:54:16 [INFO] 
2026-07-07 16:54:16 [INFO]   🔴 [91m[1mPT0002000120237616VJ[0m  [2m[Cluster 0][0m
2026-07-07 16:54:16 [INFO]      consumiu MAIS que o habitual às 12h
2026-07-07 16:54:16 [INFO]      [2mReal:[0m 71.0 kWh   [2mHabitual:[0m 16.0 ± 1.6 kWh   [2mz:[0m +10.00⁺   [2mdesvio:[0m +344%   [2m(2 obs. dia_util)[0m
2026-07-07 16:54:16 [INFO] 
2026-07-07 16:54:16 [INFO]   🔴 [91m[1mPT0002000120237616VJ[0m  [2m[Cluster 0][0m
2026-07-07 16:54:16 [INFO]      consumiu MAIS que o habitual às 13h
2026-07-07 16:54:16 [INFO]      [2mReal:[0m 63.0 kWh   [2mHabitual:[0m 15.5 ± 1.6 kWh   [2mz:[0m +10.00⁺   [2mdesvio:[0m +306%   [2m(2 obs. dia_util)[0m
2026-07-07 16:54:16 [INFO] 
2026-07-07 16:54:16 [INFO]   🔴 [91m[1mPT0002000120237616VJ[0m  [2m[Cluster 0][0m
2026-07-07 16:54:16 [INFO]      consumiu MAIS que o habitual às 14h
2026-07-07 16:54:16 [INFO]      [2mReal:[0m 51.0 kWh   [2mHabitual:[0m 14.0 ± 1.4 kWh   [2mz:[0m +10.00⁺   [2mdesvio:[0m +264%   [2m(2 obs. dia_util)[0m
2026-07-07 16:54:16 [INFO] 
2026-07-07 16:54:16 [INFO]   🔴 [91m[1mPT0002000120237616VJ[0m  [2m[Cluster 0][0m
2026-07-07 16:54:16 [INFO]      consumiu MAIS que o habitual às 15h
2026-07-07 16:54:16 [INFO]      [2mReal:[0m 56.0 kWh   [2mHabitual:[0m 16.0 ± 1.6 kWh   [2mz:[0m +10.00⁺   [2mdesvio:[0m +250%   [2m(2 obs. dia_util)[0m
2026-07-07 16:54:16 [INFO] 
2026-07-07 16:54:16 [INFO]   🔴 [91m[1mPT0002000120237616VJ[0m  [2m[Cluster 0][0m
2026-07-07 16:54:16 [INFO]      consumiu MAIS que o habitual às 16h
2026-07-07 16:54:16 [INFO]      [2mReal:[0m 41.0 kWh   [2mHabitual:[0m 15.0 ± 1.5 kWh   [2mz:[0m +10.00⁺   [2mdesvio:[0m +173%   [2m(2 obs. dia_util)[0m
2026-07-07 16:54:16 [INFO] 
2026-07-07 16:54:16 [INFO]   🔴 [91m[1mPT0002000120237616VJ[0m  [2m[Cluster 0][0m
2026-07-07 16:54:16 [INFO]      consumiu MAIS que o habitual às 17h
2026-07-07 16:54:16 [INFO]      [2mReal:[0m 38.0 kWh   [2mHabitual:[0m 14.5 ± 1.4 kWh   [2mz:[0m +10.00⁺   [2mdesvio:[0m +162%   [2m(2 obs. dia_util)[0m
2026-07-07 16:54:16 [INFO] 
2026-07-07 16:54:16 [INFO]   🔴 [91m[1mPT0002000120237616VJ[0m  [2m[Cluster 0][0m
2026-07-07 16:54:16 [INFO]      consumiu MAIS que o habitual às 18h
2026-07-07 16:54:16 [INFO]      [2mReal:[0m 32.0 kWh   [2mHabitual:[0m 15.0 ± 1.5 kWh   [2mz:[0m +10.00⁺   [2mdesvio:[0m +113%   [2m(2 obs. dia_util)[0m
2026-07-07 16:54:16 [INFO] 
2026-07-07 16:54:16 [INFO]   🔴 [91m[1mPT0002000125379984SH[0m  [2m[Cluster 1][0m
2026-07-07 16:54:16 [INFO]      consumiu MAIS que o habitual às 01h
2026-07-07 16:54:16 [INFO]      [2mReal:[0m 10.0 kWh   [2mHabitual:[0m 3.0 ± 0.3 kWh   [2mz:[0m +10.00⁺   [2mdesvio:[0m +233%   [2m(2 obs. dia_util)[0m
2026-07-07 16:54:16 [INFO] 
2026-07-07 16:54:16 [INFO]   🔴 [91m[1mPT0002000125379984SH[0m  [2m[Cluster 1][0m
2026-07-07 16:54:16 [INFO]      consumiu MAIS que o habitual às 02h
2026-07-07 16:54:16 [INFO]      [2mReal:[0m 9.0 kWh   [2mHabitual:[0m 3.0 ± 0.3 kWh   [2mz:[0m +10.00⁺   [2mdesvio:[0m +200%   [2m(2 obs. dia_util)[0m
2026-07-07 16:54:16 [INFO] 
2026-07-07 16:54:16 [INFO]   🔴 [91m[1mPT0002000125379984SH[0m  [2m[Cluster 1][0m
2026-07-07 16:54:16 [INFO]      consumiu MAIS que o habitual às 03h
2026-07-07 16:54:16 [INFO]      [2mReal:[0m 8.0 kWh   [2mHabitual:[0m 2.0 ± 0.3 kWh   [2mz:[0m +10.00⁺   [2mdesvio:[0m +300%   [2m(2 obs. dia_util)[0m
2026-07-07 16:54:16 [INFO] 
2026-07-07 16:54:16 [INFO]   🔴 [91m[1mPT0002000125379984SH[0m  [2m[Cluster 1][0m
2026-07-07 16:54:16 [INFO]      consumiu MAIS que o habitual às 04h
2026-07-07 16:54:16 [INFO]      [2mReal:[0m 9.0 kWh   [2mHabitual:[0m 2.0 ± 0.3 kWh   [2mz:[0m +10.00⁺   [2mdesvio:[0m +350%   [2m(2 obs. dia_util)[0m
2026-07-07 16:54:16 [INFO] 
2026-07-07 16:54:16 [INFO]   🔴 [91m[1mPT0002000125379984SH[0m  [2m[Cluster 1][0m
2026-07-07 16:54:16 [INFO]      consumiu MAIS que o habitual às 05h
2026-07-07 16:54:16 [INFO]      [2mReal:[0m 8.0 kWh   [2mHabitual:[0m 2.0 ± 0.3 kWh   [2mz:[0m +10.00⁺   [2mdesvio:[0m +300%   [2m(2 obs. dia_util)[0m
2026-07-07 16:54:16 [INFO] 
2026-07-07 16:54:16 [INFO]   🔴 [91m[1mPT0002000125379984SH[0m  [2m[Cluster 1][0m
2026-07-07 16:54:16 [INFO]      consumiu MAIS que o habitual às 07h
2026-07-07 16:54:16 [INFO]      [2mReal:[0m 8.0 kWh   [2mHabitual:[0m 2.0 ± 0.3 kWh   [2mz:[0m +10.00⁺   [2mdesvio:[0m +300%   [2m(2 obs. dia_util)[0m
2026-07-07 16:54:16 [INFO] 
2026-07-07 16:54:16 [INFO]   🔴 [91m[1mPT0002000125379984SH[0m  [2m[Cluster 1][0m
2026-07-07 16:54:16 [INFO]      consumiu MAIS que o habitual às 08h
2026-07-07 16:54:16 [INFO]      [2mReal:[0m 15.0 kWh   [2mHabitual:[0m 2.5 ± 0.7 kWh   [2mz:[0m +10.00⁺   [2mdesvio:[0m +500%   [2m(2 obs. dia_util)[0m
2026-07-07 16:54:16 [INFO] 
2026-07-07 16:54:16 [INFO]   🔴 [91m[1mPT0002000201038711LS[0m  [2m[sem cluster][0m
2026-07-07 16:54:16 [INFO]      consumiu MAIS que o habitual às 06h
2026-07-07 16:54:16 [INFO]      [2mReal:[0m 4.0 kWh   [2mHabitual:[0m 0.0 ± 0.3 kWh   [2mz:[0m +10.00⁺   [2mdesvio:[0m +400000%   [2m(2 obs. dia_util)[0m
2026-07-07 16:54:16 [INFO] 
2026-07-07 16:54:16 [INFO]   🔴 [91m[1mPT0002000201038711LS[0m  [2m[sem cluster][0m
2026-07-07 16:54:16 [INFO]      consumiu MAIS que o habitual às 12h
2026-07-07 16:54:16 [INFO]      [2mReal:[0m 8.0 kWh   [2mHabitual:[0m 0.0 ± 0.3 kWh   [2mz:[0m +10.00⁺   [2mdesvio:[0m +800000%   [2m(2 obs. dia_util)[0m
2026-07-07 16:54:16 [INFO] 
2026-07-07 16:54:16 [INFO]   🔴 [91m[1mPT0002000201038711LS[0m  [2m[sem cluster][0m
2026-07-07 16:54:16 [INFO]      consumiu MAIS que o habitual às 13h
2026-07-07 16:54:16 [INFO]      [2mReal:[0m 27.0 kWh   [2mHabitual:[0m 0.0 ± 0.3 kWh   [2mz:[0m +10.00⁺   [2mdesvio:[0m +2700000%   [2m(2 obs. dia_util)[0m
2026-07-07 16:54:16 [INFO] 
2026-07-07 16:54:16 [INFO]   🔴 [91m[1mPT0002000201038711LS[0m  [2m[sem cluster][0m
2026-07-07 16:54:16 [INFO]      consumiu MAIS que o habitual às 14h
2026-07-07 16:54:16 [INFO]      [2mReal:[0m 15.0 kWh   [2mHabitual:[0m 0.0 ± 0.3 kWh   [2mz:[0m +10.00⁺   [2mdesvio:[0m +1500000%   [2m(2 obs. dia_util)[0m
2026-07-07 16:54:16 [INFO] 
2026-07-07 16:54:16 [INFO]   🔴 [91m[1mPT0002000201038711LS[0m  [2m[sem cluster][0m
2026-07-07 16:54:16 [INFO]      consumiu MAIS que o habitual às 15h
2026-07-07 16:54:16 [INFO]      [2mReal:[0m 23.0 kWh   [2mHabitual:[0m 0.0 ± 0.3 kWh   [2mz:[0m +10.00⁺   [2mdesvio:[0m +2300000%   [2m(2 obs. dia_util)[0m
2026-07-07 16:54:16 [INFO] 
2026-07-07 16:54:16 [INFO]   🔴 [91m[1mPT0002000203886452WB[0m  [2m[sem cluster][0m
2026-07-07 16:54:16 [INFO]      consumiu MAIS que o habitual às 03h
2026-07-07 16:54:16 [INFO]      [2mReal:[0m 8.0 kWh   [2mHabitual:[0m 4.0 ± 0.4 kWh   [2mz:[0m +10.00   [2mdesvio:[0m +100%   [2m(2 obs. dia_util)[0m
2026-07-07 16:54:16 [INFO] 
2026-07-07 16:54:16 [INFO]   🔴 [91m[1mPT0002000203886452WB[0m  [2m[sem cluster][0m
2026-07-07 16:54:16 [INFO]      consumiu MAIS que o habitual às 12h
2026-07-07 16:54:16 [INFO]      [2mReal:[0m 8.0 kWh   [2mHabitual:[0m 4.0 ± 0.4 kWh   [2mz:[0m +10.00   [2mdesvio:[0m +100%   [2m(2 obs. dia_util)[0m
2026-07-07 16:54:16 [INFO] 
2026-07-07 16:54:16 [INFO]   🔴 [91m[1mPT0002000068857897ZV[0m  [2m[Cluster 0][0m
2026-07-07 16:54:16 [INFO]      consumiu MAIS que o habitual às 12h
2026-07-07 16:54:16 [INFO]      [2mReal:[0m 56.0 kWh   [2mHabitual:[0m 28.0 ± 2.8 kWh   [2mz:[0m +9.90   [2mdesvio:[0m +100%   [2m(2 obs. dia_util)[0m
2026-07-07 16:54:16 [INFO] 
2026-07-07 16:54:16 [INFO]   🔴 [91m[1mPT0002000116530964LH[0m  [2m[sem cluster][0m
2026-07-07 16:54:16 [INFO]      consumiu MAIS que o habitual às 14h
2026-07-07 16:54:16 [INFO]      [2mReal:[0m 163.0 kWh   [2mHabitual:[0m 82.0 ± 8.2 kWh   [2mz:[0m +9.88   [2mdesvio:[0m +99%   [2m(2 obs. dia_util)[0m
2026-07-07 16:54:16 [INFO] 
2026-07-07 16:54:16 [INFO]   🔴 [91m[1mPT0002000116530964LH[0m  [2m[sem cluster][0m
2026-07-07 16:54:16 [INFO]      consumiu MAIS que o habitual às 11h
2026-07-07 16:54:16 [INFO]      [2mReal:[0m 169.0 kWh   [2mHabitual:[0m 85.5 ± 8.6 kWh   [2mz:[0m +9.77   [2mdesvio:[0m +98%   [2m(2 obs. dia_util)[0m
2026-07-07 16:54:16 [INFO] 
2026-07-07 16:54:16 [INFO]   🔴 [91m[1mPT0002000201038711LS[0m  [2m[sem cluster][0m
2026-07-07 16:54:16 [INFO]      consumiu MAIS que o habitual às 23h
2026-07-07 16:54:16 [INFO]      [2mReal:[0m 22.0 kWh   [2mHabitual:[0m 1.7 ± 2.1 kWh   [2mz:[0m +9.77   [2mdesvio:[0m +1217%   [2m(3 obs. dia_util)[0m
2026-07-07 16:54:16 [INFO] 
2026-07-07 16:54:16 [INFO]   🔴 [91m[1mPT0002000116530964LH[0m  [2m[sem cluster][0m
2026-07-07 16:54:16 [INFO]      consumiu MAIS que o habitual às 09h
2026-07-07 16:54:16 [INFO]      [2mReal:[0m 167.0 kWh   [2mHabitual:[0m 84.5 ± 8.4 kWh   [2mz:[0m +9.76   [2mdesvio:[0m +98%   [2m(2 obs. dia_util)[0m
2026-07-07 16:54:16 [INFO] 
2026-07-07 16:54:16 [INFO]   🔴 [91m[1mPT0002000201038711LS[0m  [2m[sem cluster][0m
2026-07-07 16:54:16 [INFO]      consumiu MAIS que o habitual às 20h
2026-07-07 16:54:16 [INFO]      [2mReal:[0m 83.0 kWh   [2mHabitual:[0m 35.5 ± 5.0 kWh   [2mz:[0m +9.60   [2mdesvio:[0m +134%   [2m(2 obs. dia_util)[0m
2026-07-07 16:54:16 [INFO] 
2026-07-07 16:54:16 [INFO]   🔴 [91m[1mPT0002000116530964LH[0m  [2m[sem cluster][0m
2026-07-07 16:54:16 [INFO]      consumiu MAIS que o habitual às 10h
2026-07-07 16:54:16 [INFO]      [2mReal:[0m 168.0 kWh   [2mHabitual:[0m 86.0 ± 8.6 kWh   [2mz:[0m +9.53   [2mdesvio:[0m +95%   [2m(2 obs. dia_util)[0m
2026-07-07 16:54:16 [INFO] 
2026-07-07 16:54:16 [INFO]   🔴 [91m[1mPT0002000114613364CC[0m  [2m[sem cluster][0m
2026-07-07 16:54:16 [INFO]      consumiu MAIS que o habitual às 16h
2026-07-07 16:54:16 [INFO]      [2mReal:[0m 279.0 kWh   [2mHabitual:[0m 143.0 ± 14.3 kWh   [2mz:[0m +9.51   [2mdesvio:[0m +95%   [2m(2 obs. dia_util)[0m
2026-07-07 16:54:16 [INFO] 
2026-07-07 16:54:16 [INFO]   🔴 [91m[1mPT0002000115673389QK[0m  [2m[Cluster 0][0m
2026-07-07 16:54:16 [INFO]      consumiu MAIS que o habitual às 14h
2026-07-07 16:54:16 [INFO]      [2mReal:[0m 139.0 kWh   [2mHabitual:[0m 38.5 ± 10.6 kWh   [2mz:[0m +9.48   [2mdesvio:[0m +261%   [2m(2 obs. dia_util)[0m
2026-07-07 16:54:16 [INFO] 
2026-07-07 16:54:16 [INFO]   🔴 [91m[1mPT0002000068856655YV[0m  [2m[Cluster 0][0m
2026-07-07 16:54:16 [INFO]      consumiu MAIS que o habitual às 16h
2026-07-07 16:54:16 [INFO]      [2mReal:[0m 9.0 kWh   [2mHabitual:[0m 2.5 ± 0.7 kWh   [2mz:[0m +9.19   [2mdesvio:[0m +260%   [2m(2 obs. dia_util)[0m
2026-07-07 16:54:16 [INFO] 
2026-07-07 16:54:16 [INFO]   🔴 [91m[1mPT0002000068857897ZV[0m  [2m[Cluster 0][0m
2026-07-07 16:54:16 [INFO]      consumiu MAIS que o habitual às 09h
2026-07-07 16:54:16 [INFO]      [2mReal:[0m 54.0 kWh   [2mHabitual:[0m 28.0 ± 2.8 kWh   [2mz:[0m +9.19   [2mdesvio:[0m +93%   [2m(2 obs. dia_util)[0m
2026-07-07 16:54:16 [INFO] 
2026-07-07 16:54:16 [INFO]   🔴 [91m[1mPT0002000075637532JB[0m  [2m[Cluster 0][0m
2026-07-07 16:54:16 [INFO]      consumiu MAIS que o habitual às 08h
2026-07-07 16:54:16 [INFO]      [2mReal:[0m 13.0 kWh   [2mHabitual:[0m 6.5 ± 0.7 kWh   [2mz:[0m +9.19   [2mdesvio:[0m +100%   [2m(2 obs. dia_util)[0m
2026-07-07 16:54:16 [INFO] 
2026-07-07 16:54:16 [INFO]   🔴 [91m[1mPT0002000125379984SH[0m  [2m[Cluster 1][0m
2026-07-07 16:54:16 [INFO]      consumiu MAIS que o habitual às 00h
2026-07-07 16:54:16 [INFO]      [2mReal:[0m 9.0 kWh   [2mHabitual:[0m 2.5 ± 0.7 kWh   [2mz:[0m +9.19   [2mdesvio:[0m +260%   [2m(2 obs. dia_util)[0m
2026-07-07 16:54:16 [INFO] 
2026-07-07 16:54:16 [INFO]   🔴 [91m[1mPT0002000125379984SH[0m  [2m[Cluster 1][0m
2026-07-07 16:54:16 [INFO]      consumiu MAIS que o habitual às 06h
2026-07-07 16:54:16 [INFO]      [2mReal:[0m 9.0 kWh   [2mHabitual:[0m 2.5 ± 0.7 kWh   [2mz:[0m +9.19   [2mdesvio:[0m +260%   [2m(2 obs. dia_util)[0m
2026-07-07 16:54:16 [INFO] 
2026-07-07 16:54:16 [INFO]   🔴 [91m[1mPT0002000116530964LH[0m  [2m[sem cluster][0m
2026-07-07 16:54:16 [INFO]      consumiu MAIS que o habitual às 16h
2026-07-07 16:54:16 [INFO]      [2mReal:[0m 153.0 kWh   [2mHabitual:[0m 80.0 ± 8.0 kWh   [2mz:[0m +9.12   [2mdesvio:[0m +91%   [2m(2 obs. dia_util)[0m
2026-07-07 16:54:16 [INFO] 
2026-07-07 16:54:16 [INFO]   🔴 [91m[1mPT0002000073720434JD[0m  [2m[sem cluster][0m
2026-07-07 16:54:16 [INFO]      consumiu MAIS que o habitual às 23h
2026-07-07 16:54:16 [INFO]      [2mReal:[0m 90.0 kWh   [2mHabitual:[0m 31.7 ± 6.4 kWh   [2mz:[0m +9.07   [2mdesvio:[0m +184%   [2m(3 obs. dia_util)[0m
2026-07-07 16:54:16 [INFO] 
2026-07-07 16:54:16 [INFO]   🔴 [91m[1mPT0002000068859597LS[0m  [2m[Cluster 0][0m
2026-07-07 16:54:16 [INFO]      consumiu MAIS que o habitual às 10h
2026-07-07 16:54:16 [INFO]      [2mReal:[0m 80.0 kWh   [2mHabitual:[0m 42.0 ± 4.2 kWh   [2mz:[0m +8.96   [2mdesvio:[0m +90%   [2m(2 obs. dia_util)[0m
2026-07-07 16:54:16 [INFO] 
2026-07-07 16:54:16 [INFO]   🔴 [91m[1mPT0002000068859597LS[0m  [2m[Cluster 0][0m
2026-07-07 16:54:16 [INFO]      consumiu MAIS que o habitual às 14h
2026-07-07 16:54:16 [INFO]      [2mReal:[0m 79.0 kWh   [2mHabitual:[0m 41.0 ± 4.2 kWh   [2mz:[0m +8.96   [2mdesvio:[0m +93%   [2m(2 obs. dia_util)[0m
2026-07-07 16:54:16 [INFO] 
2026-07-07 16:54:16 [INFO]   🔴 [91m[1mPT0002000115700602GW[0m  [2m[Cluster 0][0m
2026-07-07 16:54:16 [INFO]      consumiu MAIS que o habitual às 20h
2026-07-07 16:54:16 [INFO]      [2mReal:[0m 16.0 kWh   [2mHabitual:[0m 8.5 ± 0.8 kWh   [2mz:[0m +8.82   [2mdesvio:[0m +88%   [2m(2 obs. dia_util)[0m
2026-07-07 16:54:16 [INFO] 
2026-07-07 16:54:16 [INFO]   🔴 [91m[1mPT0002000073231742VK[0m  [2m[Cluster 0][0m
2026-07-07 16:54:16 [INFO]      consumiu MAIS que o habitual às 08h
2026-07-07 16:54:16 [INFO]      [2mReal:[0m 29.0 kWh   [2mHabitual:[0m 15.5 ± 1.6 kWh   [2mz:[0m +8.71   [2mdesvio:[0m +87%   [2m(2 obs. dia_util)[0m
2026-07-07 16:54:16 [INFO] 
2026-07-07 16:54:16 [INFO]   🔴 [91m[1mPT0002000068856974CZ[0m  [2m[sem cluster][0m
2026-07-07 16:54:16 [INFO]      consumiu MAIS que o habitual às 16h
2026-07-07 16:54:16 [INFO]      [2mReal:[0m 70.0 kWh   [2mHabitual:[0m 37.5 ± 3.8 kWh   [2mz:[0m +8.67   [2mdesvio:[0m +87%   [2m(2 obs. dia_util)[0m
2026-07-07 16:54:16 [INFO] 
2026-07-07 16:54:16 [INFO]   🔴 [91m[1mPT0002000116530964LH[0m  [2m[sem cluster][0m
2026-07-07 16:54:16 [INFO]      consumiu MAIS que o habitual às 12h
2026-07-07 16:54:16 [INFO]      [2mReal:[0m 154.0 kWh   [2mHabitual:[0m 82.5 ± 8.2 kWh   [2mz:[0m +8.67   [2mdesvio:[0m +87%   [2m(2 obs. dia_util)[0m
2026-07-07 16:54:16 [INFO] 
2026-07-07 16:54:16 [INFO]   🔴 [91m[1mPT0002000114613364CC[0m  [2m[sem cluster][0m
2026-07-07 16:54:16 [INFO]      consumiu MAIS que o habitual às 17h
2026-07-07 16:54:16 [INFO]      [2mReal:[0m 265.0 kWh   [2mHabitual:[0m 142.5 ± 14.2 kWh   [2mz:[0m +8.60   [2mdesvio:[0m +86%   [2m(2 obs. dia_util)[0m
2026-07-07 16:54:16 [INFO] 
2026-07-07 16:54:16 [INFO]   🔴 [91m[1mPT0002000068856267NC[0m  [2m[sem cluster][0m
2026-07-07 16:54:16 [INFO]      consumiu MAIS que o habitual às 01h
2026-07-07 16:54:16 [INFO]      [2mReal:[0m 52.0 kWh   [2mHabitual:[0m 28.0 ± 2.8 kWh   [2mz:[0m +8.49   [2mdesvio:[0m +86%   [2m(2 obs. dia_util)[0m
2026-07-07 16:54:16 [INFO] 
2026-07-07 16:54:16 [INFO]   🔴 [91m[1mPT0002000115700602GW[0m  [2m[Cluster 0][0m
2026-07-07 16:54:16 [INFO]      consumiu MAIS que o habitual às 22h
2026-07-07 16:54:16 [INFO]      [2mReal:[0m 16.0 kWh   [2mHabitual:[0m 8.7 ± 0.9 kWh   [2mz:[0m +8.46   [2mdesvio:[0m +85%   [2m(3 obs. dia_util)[0m
2026-07-07 16:54:16 [INFO] 
2026-07-07 16:54:16 [INFO]   🔴 [91m[1mPT0002000068856826ZG[0m  [2m[sem cluster][0m
2026-07-07 16:54:16 [INFO]      consumiu MAIS que o habitual às 22h
2026-07-07 16:54:16 [INFO]      [2mReal:[0m 350.0 kWh   [2mHabitual:[0m 189.7 ± 19.0 kWh   [2mz:[0m +8.45   [2mdesvio:[0m +85%   [2m(3 obs. dia_util)[0m
2026-07-07 16:54:16 [INFO] 
2026-07-07 16:54:16 [INFO]   🔴 [91m[1mPT0002000115673389QK[0m  [2m[Cluster 0][0m
2026-07-07 16:54:16 [INFO]      consumiu MAIS que o habitual às 13h
2026-07-07 16:54:16 [INFO]      [2mReal:[0m 161.0 kWh   [2mHabitual:[0m 36.5 ± 14.8 kWh   [2mz:[0m +8.38   [2mdesvio:[0m +341%   [2m(2 obs. dia_util)[0m
2026-07-07 16:54:16 [INFO] 
2026-07-07 16:54:16 [INFO]   🔵 [94m[1mPT0002000068856872QG[0m  [2m[Cluster 1][0m
2026-07-07 16:54:16 [INFO]      consumiu MENOS que o habitual às 12h
2026-07-07 16:54:16 [INFO]      [2mReal:[0m 3.0 kWh   [2mHabitual:[0m 18.0 ± 1.8 kWh   [2mz:[0m -8.33   [2mdesvio:[0m -83%   [2m(2 obs. dia_util)[0m
2026-07-07 16:54:16 [INFO] 
2026-07-07 16:54:16 [INFO]   🔴 [91m[1mPT0002000068857897ZV[0m  [2m[Cluster 0][0m
2026-07-07 16:54:16 [INFO]      consumiu MAIS que o habitual às 13h
2026-07-07 16:54:16 [INFO]      [2mReal:[0m 55.0 kWh   [2mHabitual:[0m 30.0 ± 3.0 kWh   [2mz:[0m +8.33   [2mdesvio:[0m +83%   [2m(2 obs. dia_util)[0m
2026-07-07 16:54:16 [INFO] 
2026-07-07 16:54:16 [INFO]   🔴 [91m[1mPT0002000115031201VQ[0m  [2m[Cluster 0][0m
2026-07-07 16:54:16 [INFO]      consumiu MAIS que o habitual às 19h
2026-07-07 16:54:16 [INFO]      [2mReal:[0m 11.0 kWh   [2mHabitual:[0m 6.0 ± 0.6 kWh   [2mz:[0m +8.33   [2mdesvio:[0m +83%   [2m(2 obs. dia_util)[0m
2026-07-07 16:54:16 [INFO] 
2026-07-07 16:54:16 [INFO]   🔴 [91m[1mPT0002000068857897ZV[0m  [2m[Cluster 0][0m
2026-07-07 16:54:16 [INFO]      consumiu MAIS que o habitual às 16h
2026-07-07 16:54:16 [INFO]      [2mReal:[0m 64.0 kWh   [2mHabitual:[0m 29.0 ± 4.2 kWh   [2mz:[0m +8.25   [2mdesvio:[0m +121%   [2m(2 obs. dia_util)[0m
2026-07-07 16:54:16 [INFO] 
2026-07-07 16:54:16 [INFO]   🔴 [91m[1mPT0002000068857897ZV[0m  [2m[Cluster 0][0m
2026-07-07 16:54:16 [INFO]      consumiu MAIS que o habitual às 14h
2026-07-07 16:54:16 [INFO]      [2mReal:[0m 57.0 kWh   [2mHabitual:[0m 28.5 ± 3.5 kWh   [2mz:[0m +8.06   [2mdesvio:[0m +100%   [2m(2 obs. dia_util)[0m
2026-07-07 16:54:16 [INFO] 
2026-07-07 16:54:16 [INFO]   🔴 [91m[1mPT0002000071896778MT[0m  [2m[Cluster 0][0m
2026-07-07 16:54:16 [INFO]      consumiu MAIS que o habitual às 17h
2026-07-07 16:54:16 [INFO]      [2mReal:[0m 9.0 kWh   [2mHabitual:[0m 5.0 ± 0.5 kWh   [2mz:[0m +8.00   [2mdesvio:[0m +80%   [2m(2 obs. dia_util)[0m
2026-07-07 16:54:16 [INFO] 
2026-07-07 16:54:16 [INFO]   🔴 [91m[1mPT0002000110090564GD[0m  [2m[Cluster 1][0m
2026-07-07 16:54:16 [INFO]      consumiu MAIS que o habitual às 19h
2026-07-07 16:54:16 [INFO]      [2mReal:[0m 9.0 kWh   [2mHabitual:[0m 5.0 ± 0.5 kWh   [2mz:[0m +8.00   [2mdesvio:[0m +80%   [2m(2 obs. dia_util)[0m
2026-07-07 16:54:16 [INFO] 
2026-07-07 16:54:16 [INFO]   🔴 [91m[1mPT0002000068859597LS[0m  [2m[Cluster 0][0m
2026-07-07 16:54:16 [INFO]      consumiu MAIS que o habitual às 12h
2026-07-07 16:54:16 [INFO]      [2mReal:[0m 79.0 kWh   [2mHabitual:[0m 39.5 ± 5.0 kWh   [2mz:[0m +7.98   [2mdesvio:[0m +100%   [2m(2 obs. dia_util)[0m
2026-07-07 16:54:16 [INFO] 
2026-07-07 16:54:16 [INFO]   🔴 [91m[1mPT0002000116530964LH[0m  [2m[sem cluster][0m
2026-07-07 16:54:16 [INFO]      consumiu MAIS que o habitual às 17h
2026-07-07 16:54:16 [INFO]      [2mReal:[0m 142.0 kWh   [2mHabitual:[0m 79.0 ± 7.9 kWh   [2mz:[0m +7.97   [2mdesvio:[0m +80%   [2m(2 obs. dia_util)[0m
2026-07-07 16:54:16 [INFO] 
2026-07-07 16:54:16 [INFO]   🔴 [91m[1mPT0002000068859382XF[0m  [2m[Cluster 0][0m
2026-07-07 16:54:16 [INFO]      consumiu MAIS que o habitual às 15h
2026-07-07 16:54:16 [INFO]      [2mReal:[0m 78.0 kWh   [2mHabitual:[0m 43.5 ± 4.3 kWh   [2mz:[0m +7.93   [2mdesvio:[0m +79%   [2m(2 obs. dia_util)[0m
2026-07-07 16:54:16 [INFO] 
2026-07-07 16:54:16 [INFO]   🔴 [91m[1mPT0002000116530964LH[0m  [2m[sem cluster][0m
2026-07-07 16:54:16 [INFO]      consumiu MAIS que o habitual às 13h
2026-07-07 16:54:16 [INFO]      [2mReal:[0m 145.0 kWh   [2mHabitual:[0m 81.0 ± 8.1 kWh   [2mz:[0m +7.90   [2mdesvio:[0m +79%   [2m(2 obs. dia_util)[0m
2026-07-07 16:54:16 [INFO] 
2026-07-07 16:54:16 [INFO]   🔴 [91m[1mPT0002000068855003AK[0m  [2m[sem cluster][0m
2026-07-07 16:54:16 [INFO]      consumiu MAIS que o habitual às 14h
2026-07-07 16:54:16 [INFO]      [2mReal:[0m 84.0 kWh   [2mHabitual:[0m 47.0 ± 4.7 kWh   [2mz:[0m +7.87   [2mdesvio:[0m +79%   [2m(2 obs. dia_util)[0m
2026-07-07 16:54:16 [INFO] 
2026-07-07 16:54:16 [INFO]   🔵 [94m[1mPT0002000068856872QG[0m  [2m[Cluster 1][0m
2026-07-07 16:54:16 [INFO]      consumiu MENOS que o habitual às 10h
2026-07-07 16:54:16 [INFO]      [2mReal:[0m 3.0 kWh   [2mHabitual:[0m 14.0 ± 1.4 kWh   [2mz:[0m -7.86   [2mdesvio:[0m -79%   [2m(2 obs. dia_util)[0m
2026-07-07 16:54:16 [INFO] 
2026-07-07 16:54:16 [INFO]   🔴 [91m[1mPT0002000068857897ZV[0m  [2m[Cluster 0][0m
2026-07-07 16:54:16 [INFO]      consumiu MAIS que o habitual às 15h
2026-07-07 16:54:16 [INFO]      [2mReal:[0m 62.0 kWh   [2mHabitual:[0m 29.0 ± 4.2 kWh   [2mz:[0m +7.78   [2mdesvio:[0m +114%   [2m(2 obs. dia_util)[0m
2026-07-07 16:54:16 [INFO] 
2026-07-07 16:54:16 [INFO]   🔴 [91m[1mPT0002000068859382XF[0m  [2m[Cluster 0][0m
2026-07-07 16:54:16 [INFO]      consumiu MAIS que o habitual às 11h
2026-07-07 16:54:16 [INFO]      [2mReal:[0m 80.0 kWh   [2mHabitual:[0m 45.0 ± 4.5 kWh   [2mz:[0m +7.78   [2mdesvio:[0m +78%   [2m(2 obs. dia_util)[0m
2026-07-07 16:54:16 [INFO] 
2026-07-07 16:54:16 [INFO]   🔴 [91m[1mPT0002000075637532JB[0m  [2m[Cluster 0][0m
2026-07-07 16:54:16 [INFO]      consumiu MAIS que o habitual às 15h
2026-07-07 16:54:16 [INFO]      [2mReal:[0m 12.0 kWh   [2mHabitual:[0m 6.5 ± 0.7 kWh   [2mz:[0m +7.78   [2mdesvio:[0m +85%   [2m(2 obs. dia_util)[0m
2026-07-07 16:54:16 [INFO] 
2026-07-07 16:54:16 [INFO]   🔴 [91m[1mPT0002000075637532JB[0m  [2m[Cluster 0][0m
2026-07-07 16:54:16 [INFO]      consumiu MAIS que o habitual às 17h
2026-07-07 16:54:16 [INFO]      [2mReal:[0m 12.0 kWh   [2mHabitual:[0m 6.5 ± 0.7 kWh   [2mz:[0m +7.78   [2mdesvio:[0m +85%   [2m(2 obs. dia_util)[0m
2026-07-07 16:54:16 [INFO] 
2026-07-07 16:54:16 [INFO]   🔵 [94m[1mPT0002000078207354XC[0m  [2m[Cluster 1][0m
2026-07-07 16:54:16 [INFO]      consumiu MENOS que o habitual às 19h
2026-07-07 16:54:16 [INFO]      [2mReal:[0m 6.0 kWh   [2mHabitual:[0m 33.5 ± 3.5 kWh   [2mz:[0m -7.78   [2mdesvio:[0m -82%   [2m(2 obs. dia_util)[0m
2026-07-07 16:54:16 [INFO] 
2026-07-07 16:54:16 [INFO]   🔴 [91m[1mPT0002000115700602GW[0m  [2m[Cluster 0][0m
2026-07-07 16:54:16 [INFO]      consumiu MAIS que o habitual às 19h
2026-07-07 16:54:16 [INFO]      [2mReal:[0m 16.0 kWh   [2mHabitual:[0m 9.0 ± 0.9 kWh   [2mz:[0m +7.78   [2mdesvio:[0m +78%   [2m(2 obs. dia_util)[0m
2026-07-07 16:54:16 [INFO] 
2026-07-07 16:54:16 [INFO]   🔴 [91m[1mPT0002000115700602GW[0m  [2m[Cluster 0][0m
2026-07-07 16:54:16 [INFO]      consumiu MAIS que o habitual às 23h
2026-07-07 16:54:16 [INFO]      [2mReal:[0m 16.0 kWh   [2mHabitual:[0m 9.0 ± 0.9 kWh   [2mz:[0m +7.78   [2mdesvio:[0m +78%   [2m(3 obs. dia_util)[0m
2026-07-07 16:54:16 [INFO] 
2026-07-07 16:54:16 [INFO]   🔴 [91m[1mPT0002000201038711LS[0m  [2m[sem cluster][0m
2026-07-07 16:54:16 [INFO]      consumiu MAIS que o habitual às 08h
2026-07-07 16:54:16 [INFO]      [2mReal:[0m 6.0 kWh   [2mHabitual:[0m 0.5 ± 0.7 kWh   [2mz:[0m +7.78   [2mdesvio:[0m +1100%   [2m(2 obs. dia_util)[0m
2026-07-07 16:54:16 [INFO] 
2026-07-07 16:54:16 [INFO]   🔴 [91m[1mPT0002000068859382XF[0m  [2m[Cluster 0][0m
2026-07-07 16:54:16 [INFO]      consumiu MAIS que o habitual às 10h
2026-07-07 16:54:16 [INFO]      [2mReal:[0m 79.0 kWh   [2mHabitual:[0m 44.5 ± 4.5 kWh   [2mz:[0m +7.75   [2mdesvio:[0m +78%   [2m(2 obs. dia_util)[0m
2026-07-07 16:54:16 [INFO] 
2026-07-07 16:54:16 [INFO]   🔴 [91m[1mPT0002000068859597LS[0m  [2m[Cluster 0][0m
2026-07-07 16:54:16 [INFO]      consumiu MAIS que o habitual às 15h
2026-07-07 16:54:16 [INFO]      [2mReal:[0m 76.0 kWh   [2mHabitual:[0m 43.0 ± 4.3 kWh   [2mz:[0m +7.67   [2mdesvio:[0m +77%   [2m(2 obs. dia_util)[0m
2026-07-07 16:54:16 [INFO] 
2026-07-07 16:54:16 [INFO]   🔴 [91m[1mPT0002000068859597LS[0m  [2m[Cluster 0][0m
2026-07-07 16:54:16 [INFO]      consumiu MAIS que o habitual às 13h
2026-07-07 16:54:16 [INFO]      [2mReal:[0m 67.0 kWh   [2mHabitual:[0m 38.0 ± 3.8 kWh   [2mz:[0m +7.63   [2mdesvio:[0m +76%   [2m(2 obs. dia_util)[0m
2026-07-07 16:54:16 [INFO] 
2026-07-07 16:54:16 [INFO]   🔴 [91m[1mPT0002000073720434JD[0m  [2m[sem cluster][0m
2026-07-07 16:54:16 [INFO]      consumiu MAIS que o habitual às 21h
2026-07-07 16:54:16 [INFO]      [2mReal:[0m 88.0 kWh   [2mHabitual:[0m 30.3 ± 7.6 kWh   [2mz:[0m +7.62   [2mdesvio:[0m +190%   [2m(3 obs. dia_util)[0m
2026-07-07 16:54:16 [INFO] 
2026-07-07 16:54:16 [INFO]   🔴 [91m[1mPT0002000068855003AK[0m  [2m[sem cluster][0m
2026-07-07 16:54:16 [INFO]      consumiu MAIS que o habitual às 15h
2026-07-07 16:54:16 [INFO]      [2mReal:[0m 87.0 kWh   [2mHabitual:[0m 50.0 ± 5.0 kWh   [2mz:[0m +7.40   [2mdesvio:[0m +74%   [2m(2 obs. dia_util)[0m
2026-07-07 16:54:16 [INFO] 
2026-07-07 16:54:16 [INFO]   🔴 [91m[1mPT0002000075637532JB[0m  [2m[Cluster 0][0m
2026-07-07 16:54:16 [INFO]      consumiu MAIS que o habitual às 14h
2026-07-07 16:54:16 [INFO]      [2mReal:[0m 12.0 kWh   [2mHabitual:[0m 7.0 ± 0.7 kWh   [2mz:[0m +7.14   [2mdesvio:[0m +71%   [2m(2 obs. dia_util)[0m
2026-07-07 16:54:16 [INFO] 
2026-07-07 16:54:16 [INFO]   🔴 [91m[1mPT0002000068859382XF[0m  [2m[Cluster 0][0m
2026-07-07 16:54:16 [INFO]      consumiu MAIS que o habitual às 14h
2026-07-07 16:54:16 [INFO]      [2mReal:[0m 76.0 kWh   [2mHabitual:[0m 44.5 ± 4.5 kWh   [2mz:[0m +7.08   [2mdesvio:[0m +71%   [2m(2 obs. dia_util)[0m
2026-07-07 16:54:16 [INFO] 
2026-07-07 16:54:16 [INFO]   🔴 [91m[1mPT0002000068859597LS[0m  [2m[Cluster 0][0m
2026-07-07 16:54:16 [INFO]      consumiu MAIS que o habitual às 09h
2026-07-07 16:54:16 [INFO]      [2mReal:[0m 70.0 kWh   [2mHabitual:[0m 41.0 ± 4.1 kWh   [2mz:[0m +7.07   [2mdesvio:[0m +71%   [2m(2 obs. dia_util)[0m
2026-07-07 16:54:16 [INFO] 
2026-07-07 16:54:16 [INFO]   🔴 [91m[1mPT0002000111572054VT[0m  [2m[sem cluster][0m
2026-07-07 16:54:16 [INFO]      consumiu MAIS que o habitual às 17h
2026-07-07 16:54:16 [INFO]      [2mReal:[0m 12.0 kWh   [2mHabitual:[0m 2.0 ± 1.4 kWh   [2mz:[0m +7.07   [2mdesvio:[0m +500%   [2m(2 obs. dia_util)[0m
2026-07-07 16:54:16 [INFO] 
2026-07-07 16:54:16 [INFO]   🔴 [91m[1mPT0002000125701614SQ[0m  [2m[sem cluster][0m
2026-07-07 16:54:16 [INFO]      consumiu MAIS que o habitual às 15h
2026-07-07 16:54:16 [INFO]      [2mReal:[0m 105.0 kWh   [2mHabitual:[0m 25.0 ± 11.3 kWh   [2mz:[0m +7.07   [2mdesvio:[0m +320%   [2m(2 obs. dia_util)[0m
2026-07-07 16:54:16 [INFO] 
2026-07-07 16:54:16 [INFO]   🔴 [91m[1mPT0002000115673471CB[0m  [2m[Cluster 0][0m
2026-07-07 16:54:16 [INFO]      consumiu MAIS que o habitual às 10h
2026-07-07 16:54:16 [INFO]      [2mReal:[0m 70.0 kWh   [2mHabitual:[0m 25.5 ± 6.4 kWh   [2mz:[0m +6.99   [2mdesvio:[0m +175%   [2m(2 obs. dia_util)[0m
2026-07-07 16:54:16 [INFO] 
2026-07-07 16:54:16 [INFO]   🔴 [91m[1mPT0002000033074862LZ[0m  [2m[Cluster 0][0m
2026-07-07 16:54:16 [INFO]      consumiu MAIS que o habitual às 18h
2026-07-07 16:54:16 [INFO]      [2mReal:[0m 22.0 kWh   [2mHabitual:[0m 13.0 ± 1.3 kWh   [2mz:[0m +6.92   [2mdesvio:[0m +69%   [2m(2 obs. dia_util)[0m
2026-07-07 16:54:16 [INFO] 
2026-07-07 16:54:16 [INFO]   🔴 [91m[1mPT0002000114685657JR[0m  [2m[Cluster 0][0m
2026-07-07 16:54:16 [INFO]      consumiu MAIS que o habitual às 10h
2026-07-07 16:54:16 [INFO]      [2mReal:[0m 318.0 kWh   [2mHabitual:[0m 189.5 ± 18.9 kWh   [2mz:[0m +6.78   [2mdesvio:[0m +68%   [2m(2 obs. dia_util)[0m
2026-07-07 16:54:16 [INFO] 
2026-07-07 16:54:16 [INFO]   🔴 [91m[1mPT0002000068859597LS[0m  [2m[Cluster 0][0m
2026-07-07 16:54:16 [INFO]      consumiu MAIS que o habitual às 16h
2026-07-07 16:54:16 [INFO]      [2mReal:[0m 67.0 kWh   [2mHabitual:[0m 40.0 ± 4.0 kWh   [2mz:[0m +6.75   [2mdesvio:[0m +68%   [2m(2 obs. dia_util)[0m
2026-07-07 16:54:16 [INFO] 
2026-07-07 16:54:16 [INFO]   🔴 [91m[1mPT0002000068856872QG[0m  [2m[Cluster 1][0m
2026-07-07 16:54:16 [INFO]      consumiu MAIS que o habitual às 00h
2026-07-07 16:54:16 [INFO]      [2mReal:[0m 2.0 kWh   [2mHabitual:[0m 0.0 ± 0.3 kWh   [2mz:[0m +6.67   [2mdesvio:[0m +200000%   [2m(2 obs. dia_util)[0m
2026-07-07 16:54:16 [INFO] 
2026-07-07 16:54:16 [INFO]   🔴 [91m[1mPT0002000068856952LS[0m  [2m[Cluster 2][0m
2026-07-07 16:54:16 [INFO]      consumiu MAIS que o habitual às 16h
2026-07-07 16:54:16 [INFO]      [2mReal:[0m 2.0 kWh   [2mHabitual:[0m 0.0 ± 0.3 kWh   [2mz:[0m +6.67   [2mdesvio:[0m +200000%   [2m(2 obs. dia_util)[0m
2026-07-07 16:54:16 [INFO] 
2026-07-07 16:54:16 [INFO]   🔴 [91m[1mPT0002000075637532JB[0m  [2m[Cluster 0][0m
2026-07-07 16:54:16 [INFO]      consumiu MAIS que o habitual às 18h
2026-07-07 16:54:16 [INFO]      [2mReal:[0m 10.0 kWh   [2mHabitual:[0m 6.0 ± 0.6 kWh   [2mz:[0m +6.67   [2mdesvio:[0m +67%   [2m(2 obs. dia_util)[0m
2026-07-07 16:54:16 [INFO] 
2026-07-07 16:54:16 [INFO]   🔴 [91m[1mPT0002000081344542CP[0m  [2m[Cluster 1][0m
2026-07-07 16:54:16 [INFO]      consumiu MAIS que o habitual às 19h
2026-07-07 16:54:16 [INFO]      [2mReal:[0m 4.0 kWh   [2mHabitual:[0m 2.0 ± 0.3 kWh   [2mz:[0m +6.67   [2mdesvio:[0m +100%   [2m(2 obs. dia_util)[0m
2026-07-07 16:54:16 [INFO] 
2026-07-07 16:54:16 [INFO]   🔴 [91m[1mPT0002000105483259QH[0m  [2m[Cluster 1][0m
2026-07-07 16:54:16 [INFO]      consumiu MAIS que o habitual às 19h
2026-07-07 16:54:16 [INFO]      [2mReal:[0m 3.0 kWh   [2mHabitual:[0m 1.0 ± 0.3 kWh   [2mz:[0m +6.67   [2mdesvio:[0m +200%   [2m(2 obs. dia_util)[0m
2026-07-07 16:54:16 [INFO] 
2026-07-07 16:54:16 [INFO]   🔴 [91m[1mPT0002000201038711LS[0m  [2m[sem cluster][0m
2026-07-07 16:54:16 [INFO]      consumiu MAIS que o habitual às 10h
2026-07-07 16:54:16 [INFO]      [2mReal:[0m 2.0 kWh   [2mHabitual:[0m 0.0 ± 0.3 kWh   [2mz:[0m +6.67   [2mdesvio:[0m +200000%   [2m(2 obs. dia_util)[0m
2026-07-07 16:54:16 [INFO] 
2026-07-07 16:54:16 [INFO]   🔵 [94m[1mPT0002000107172384HT[0m  [2m[Cluster 1][0m
2026-07-07 16:54:16 [INFO]      consumiu MENOS que o habitual às 22h
2026-07-07 16:54:16 [INFO]      [2mReal:[0m 22.0 kWh   [2mHabitual:[0m 65.0 ± 6.5 kWh   [2mz:[0m -6.62   [2mdesvio:[0m -66%   [2m(3 obs. dia_util)[0m
2026-07-07 16:54:16 [INFO] 
2026-07-07 16:54:16 [INFO]   🔵 [94m[1mPT0002000107172384HT[0m  [2m[Cluster 1][0m
2026-07-07 16:54:16 [INFO]      consumiu MENOS que o habitual às 23h
2026-07-07 16:54:16 [INFO]      [2mReal:[0m 23.0 kWh   [2mHabitual:[0m 67.7 ± 6.8 kWh   [2mz:[0m -6.60   [2mdesvio:[0m -66%   [2m(3 obs. dia_util)[0m
2026-07-07 16:54:16 [INFO] 
2026-07-07 16:54:16 [INFO]   🔴 [91m[1mPT0002000116530964LH[0m  [2m[sem cluster][0m
2026-07-07 16:54:16 [INFO]      consumiu MAIS que o habitual às 18h
2026-07-07 16:54:16 [INFO]      [2mReal:[0m 129.0 kWh   [2mHabitual:[0m 78.0 ± 7.8 kWh   [2mz:[0m +6.54   [2mdesvio:[0m +65%   [2m(2 obs. dia_util)[0m
2026-07-07 16:54:16 [INFO] 
2026-07-07 16:54:16 [INFO]   🔴 [91m[1mPT0002000115673471CB[0m  [2m[Cluster 0][0m
2026-07-07 16:54:16 [INFO]      consumiu MAIS que o habitual às 08h
2026-07-07 16:54:16 [INFO]      [2mReal:[0m 71.0 kWh   [2mHabitual:[0m 25.0 ± 7.1 kWh   [2mz:[0m +6.51   [2mdesvio:[0m +184%   [2m(2 obs. dia_util)[0m
2026-07-07 16:54:16 [INFO] 
2026-07-07 16:54:16 [INFO]   🔴 [91m[1mPT0002000068856267NC[0m  [2m[sem cluster][0m
2026-07-07 16:54:16 [INFO]      consumiu MAIS que o habitual às 10h
2026-07-07 16:54:16 [INFO]      [2mReal:[0m 63.0 kWh   [2mHabitual:[0m 38.5 ± 3.9 kWh   [2mz:[0m +6.36   [2mdesvio:[0m +64%   [2m(2 obs. dia_util)[0m
2026-07-07 16:54:16 [INFO] 
2026-07-07 16:54:16 [INFO]   🔵 [94m[1mPT0002000078207354XC[0m  [2m[Cluster 1][0m
2026-07-07 16:54:16 [INFO]      consumiu MENOS que o habitual às 16h
2026-07-07 16:54:16 [INFO]      [2mReal:[0m 8.0 kWh   [2mHabitual:[0m 26.0 ± 2.8 kWh   [2mz:[0m -6.36   [2mdesvio:[0m -69%   [2m(2 obs. dia_util)[0m
2026-07-07 16:54:16 [INFO] 
2026-07-07 16:54:16 [INFO]   🔴 [91m[1mPT0002000078294957RQ[0m  [2m[Cluster 0][0m
2026-07-07 16:54:16 [INFO]      consumiu MAIS que o habitual às 07h
2026-07-07 16:54:16 [INFO]      [2mReal:[0m 15.0 kWh   [2mHabitual:[0m 6.0 ± 1.4 kWh   [2mz:[0m +6.36   [2mdesvio:[0m +150%   [2m(2 obs. dia_util)[0m
2026-07-07 16:54:16 [INFO] 
2026-07-07 16:54:16 [INFO]   🔴 [91m[1mPT0002000068856952LS[0m  [2m[Cluster 2][0m
2026-07-07 16:54:16 [INFO]      consumiu MAIS que o habitual às 21h
2026-07-07 16:54:16 [INFO]      [2mReal:[0m 4.0 kWh   [2mHabitual:[0m 0.3 ± 0.6 kWh   [2mz:[0m +6.35   [2mdesvio:[0m +1112%   [2m(3 obs. dia_util)[0m
2026-07-07 16:54:16 [INFO] 
2026-07-07 16:54:16 [INFO]   🔴 [91m[1mPT0002000068856267NC[0m  [2m[sem cluster][0m
2026-07-07 16:54:16 [INFO]      consumiu MAIS que o habitual às 09h
2026-07-07 16:54:16 [INFO]      [2mReal:[0m 62.0 kWh   [2mHabitual:[0m 38.0 ± 3.8 kWh   [2mz:[0m +6.32   [2mdesvio:[0m +63%   [2m(2 obs. dia_util)[0m
2026-07-07 16:54:16 [INFO] 
2026-07-07 16:54:16 [INFO]   🔴 [91m[1mPT0002000068856974CZ[0m  [2m[sem cluster][0m
2026-07-07 16:54:16 [INFO]      consumiu MAIS que o habitual às 15h
2026-07-07 16:54:16 [INFO]      [2mReal:[0m 84.0 kWh   [2mHabitual:[0m 40.0 ± 7.1 kWh   [2mz:[0m +6.22   [2mdesvio:[0m +110%   [2m(2 obs. dia_util)[0m
2026-07-07 16:54:16 [INFO] 
2026-07-07 16:54:16 [INFO]   🔴 [91m[1mPT0002000068859382XF[0m  [2m[Cluster 0][0m
2026-07-07 16:54:16 [INFO]      consumiu MAIS que o habitual às 09h
2026-07-07 16:54:16 [INFO]      [2mReal:[0m 78.0 kWh   [2mHabitual:[0m 43.0 ± 5.7 kWh   [2mz:[0m +6.19   [2mdesvio:[0m +81%   [2m(2 obs. dia_util)[0m
2026-07-07 16:54:16 [INFO] 
2026-07-07 16:54:16 [INFO]   🔴 [91m[1mPT0002000068857897ZV[0m  [2m[Cluster 0][0m
2026-07-07 16:54:16 [INFO]      consumiu MAIS que o habitual às 10h
2026-07-07 16:54:16 [INFO]      [2mReal:[0m 55.0 kWh   [2mHabitual:[0m 29.0 ± 4.2 kWh   [2mz:[0m +6.13   [2mdesvio:[0m +90%   [2m(2 obs. dia_util)[0m
2026-07-07 16:54:16 [INFO] 
2026-07-07 16:54:16 [INFO]   🔴 [91m[1mPT0002000068857897ZV[0m  [2m[Cluster 0][0m
2026-07-07 16:54:16 [INFO]      consumiu MAIS que o habitual às 11h
2026-07-07 16:54:16 [INFO]      [2mReal:[0m 54.0 kWh   [2mHabitual:[0m 28.0 ± 4.2 kWh   [2mz:[0m +6.13   [2mdesvio:[0m +93%   [2m(2 obs. dia_util)[0m
2026-07-07 16:54:16 [INFO] 
2026-07-07 16:54:16 [INFO]   🔴 [91m[1mPT0002000114685657JR[0m  [2m[Cluster 0][0m
2026-07-07 16:54:16 [INFO]      consumiu MAIS que o habitual às 17h
2026-07-07 16:54:16 [INFO]      [2mReal:[0m 313.0 kWh   [2mHabitual:[0m 194.0 ± 19.4 kWh   [2mz:[0m +6.13   [2mdesvio:[0m +61%   [2m(2 obs. dia_util)[0m
2026-07-07 16:54:16 [INFO] 
2026-07-07 16:54:16 [INFO]   🔵 [94m[1mPT0002000068855003AK[0m  [2m[sem cluster][0m
2026-07-07 16:54:16 [INFO]      consumiu MENOS que o habitual às 20h
2026-07-07 16:54:16 [INFO]      [2mReal:[0m 14.0 kWh   [2mHabitual:[0m 36.0 ± 3.6 kWh   [2mz:[0m -6.11   [2mdesvio:[0m -61%   [2m(2 obs. dia_util)[0m
2026-07-07 16:54:16 [INFO] 
2026-07-07 16:54:16 [INFO]   🔵 [94m[1mPT0002000068856872QG[0m  [2m[Cluster 1][0m
2026-07-07 16:54:16 [INFO]      consumiu MENOS que o habitual às 13h
2026-07-07 16:54:16 [INFO]      [2mReal:[0m 2.0 kWh   [2mHabitual:[0m 5.0 ± 0.5 kWh   [2mz:[0m -6.00   [2mdesvio:[0m -60%   [2m(2 obs. dia_util)[0m
2026-07-07 16:54:16 [INFO] 
2026-07-07 16:54:16 [INFO]   🔴 [91m[1mPT0002000110090564GD[0m  [2m[Cluster 1][0m
2026-07-07 16:54:16 [INFO]      consumiu MAIS que o habitual às 13h
2026-07-07 16:54:16 [INFO]      [2mReal:[0m 8.0 kWh   [2mHabitual:[0m 5.0 ± 0.5 kWh   [2mz:[0m +6.00   [2mdesvio:[0m +60%   [2m(2 obs. dia_util)[0m
2026-07-07 16:54:16 [INFO] 
2026-07-07 16:54:16 [INFO]   🔴 [91m[1mPT0002000114685657JR[0m  [2m[Cluster 0][0m
2026-07-07 16:54:16 [INFO]      consumiu MAIS que o habitual às 16h
2026-07-07 16:54:16 [INFO]      [2mReal:[0m 306.0 kWh   [2mHabitual:[0m 191.5 ± 19.1 kWh   [2mz:[0m +5.98   [2mdesvio:[0m +60%   [2m(2 obs. dia_util)[0m
2026-07-07 16:54:16 [INFO] 
2026-07-07 16:54:16 [INFO]   🔵 [94m[1mPT0002000107172384HT[0m  [2m[Cluster 1][0m
2026-07-07 16:54:16 [INFO]      consumiu MENOS que o habitual às 19h
2026-07-07 16:54:16 [INFO]      [2mReal:[0m 21.0 kWh   [2mHabitual:[0m 52.0 ± 5.2 kWh   [2mz:[0m -5.96   [2mdesvio:[0m -60%   [2m(2 obs. dia_util)[0m
2026-07-07 16:54:16 [INFO] 
2026-07-07 16:54:16 [INFO]   🔴 [91m[1mPT0002000115673389QK[0m  [2m[Cluster 0][0m
2026-07-07 16:54:16 [INFO]      consumiu MAIS que o habitual às 17h
2026-07-07 16:54:16 [INFO]      [2mReal:[0m 109.0 kWh   [2mHabitual:[0m 37.5 ± 12.0 kWh   [2mz:[0m +5.95   [2mdesvio:[0m +191%   [2m(2 obs. dia_util)[0m
2026-07-07 16:54:16 [INFO] 
2026-07-07 16:54:16 [INFO]   🔴 [91m[1mPT0002000116530964LH[0m  [2m[sem cluster][0m
2026-07-07 16:54:16 [INFO]      consumiu MAIS que o habitual às 19h
2026-07-07 16:54:16 [INFO]      [2mReal:[0m 126.0 kWh   [2mHabitual:[0m 79.0 ± 7.9 kWh   [2mz:[0m +5.95   [2mdesvio:[0m +59%   [2m(2 obs. dia_util)[0m
2026-07-07 16:54:16 [INFO] 
2026-07-07 16:54:16 [INFO]   🔴 [91m[1mPT0002000068859597LS[0m  [2m[Cluster 0][0m
2026-07-07 16:54:16 [INFO]      consumiu MAIS que o habitual às 08h
2026-07-07 16:54:16 [INFO]      [2mReal:[0m 54.0 kWh   [2mHabitual:[0m 34.0 ± 3.4 kWh   [2mz:[0m +5.88   [2mdesvio:[0m +59%   [2m(2 obs. dia_util)[0m
2026-07-07 16:54:16 [INFO] 
2026-07-07 16:54:16 [INFO]   🔴 [91m[1mPT0002000120237616VJ[0m  [2m[Cluster 0][0m
2026-07-07 16:54:16 [INFO]      consumiu MAIS que o habitual às 19h
2026-07-07 16:54:16 [INFO]      [2mReal:[0m 23.0 kWh   [2mHabitual:[0m 14.5 ± 1.4 kWh   [2mz:[0m +5.86   [2mdesvio:[0m +59%   [2m(2 obs. dia_util)[0m
2026-07-07 16:54:16 [INFO] 
2026-07-07 16:54:16 [INFO]   🔴 [91m[1mPT0002000114613364CC[0m  [2m[sem cluster][0m
2026-07-07 16:54:16 [INFO]      consumiu MAIS que o habitual às 18h
2026-07-07 16:54:16 [INFO]      [2mReal:[0m 221.0 kWh   [2mHabitual:[0m 139.5 ± 13.9 kWh   [2mz:[0m +5.84   [2mdesvio:[0m +58%   [2m(2 obs. dia_util)[0m
2026-07-07 16:54:16 [INFO] 
2026-07-07 16:54:16 [INFO]   🔴 [91m[1mPT0002000116530964LH[0m  [2m[sem cluster][0m
2026-07-07 16:54:16 [INFO]      consumiu MAIS que o habitual às 08h
2026-07-07 16:54:16 [INFO]      [2mReal:[0m 137.0 kWh   [2mHabitual:[0m 86.5 ± 8.7 kWh   [2mz:[0m +5.84   [2mdesvio:[0m +58%   [2m(2 obs. dia_util)[0m
2026-07-07 16:54:16 [INFO] 
2026-07-07 16:54:16 [INFO]   🔴 [91m[1mPT0002000068859382XF[0m  [2m[Cluster 0][0m
2026-07-07 16:54:16 [INFO]      consumiu MAIS que o habitual às 12h
2026-07-07 16:54:16 [INFO]      [2mReal:[0m 72.0 kWh   [2mHabitual:[0m 45.5 ± 4.5 kWh   [2mz:[0m +5.82   [2mdesvio:[0m +58%   [2m(2 obs. dia_util)[0m
2026-07-07 16:54:16 [INFO] 
2026-07-07 16:54:16 [INFO]   🔴 [91m[1mPT0002000068856826ZG[0m  [2m[sem cluster][0m
2026-07-07 16:54:16 [INFO]      consumiu MAIS que o habitual às 23h
2026-07-07 16:54:16 [INFO]      [2mReal:[0m 227.0 kWh   [2mHabitual:[0m 139.7 ± 15.2 kWh   [2mz:[0m +5.75   [2mdesvio:[0m +63%   [2m(3 obs. dia_util)[0m
2026-07-07 16:54:16 [INFO] 
2026-07-07 16:54:16 [INFO]   🔴 [91m[1mPT0002000068859393XH[0m  [2m[Cluster 1][0m
2026-07-07 16:54:16 [INFO]      consumiu MAIS que o habitual às 08h
2026-07-07 16:54:16 [INFO]      [2mReal:[0m 117.0 kWh   [2mHabitual:[0m 65.5 ± 9.2 kWh   [2mz:[0m +5.60   [2mdesvio:[0m +79%   [2m(2 obs. dia_util)[0m
2026-07-07 16:54:16 [INFO] 
2026-07-07 16:54:16 [INFO]   🔴 [91m[1mPT0002000115700602GW[0m  [2m[Cluster 0][0m
2026-07-07 16:54:16 [INFO]      consumiu MAIS que o habitual às 06h
2026-07-07 16:54:16 [INFO]      [2mReal:[0m 14.0 kWh   [2mHabitual:[0m 9.0 ± 0.9 kWh   [2mz:[0m +5.56   [2mdesvio:[0m +56%   [2m(2 obs. dia_util)[0m
2026-07-07 16:54:16 [INFO] 
2026-07-07 16:54:16 [INFO]   🔵 [94m[1mPT0002000123648159KR[0m  [2m[Cluster 0][0m
2026-07-07 16:54:16 [INFO]      consumiu MENOS que o habitual às 20h
2026-07-07 16:54:16 [INFO]      [2mReal:[0m 7.0 kWh   [2mHabitual:[0m 15.5 ± 1.6 kWh   [2mz:[0m -5.48   [2mdesvio:[0m -55%   [2m(2 obs. dia_util)[0m
2026-07-07 16:54:16 [INFO] 
2026-07-07 16:54:16 [INFO]   🔵 [94m[1mPT0002000111572054VT[0m  [2m[sem cluster][0m
2026-07-07 16:54:16 [INFO]      consumiu MENOS que o habitual às 06h
2026-07-07 16:54:16 [INFO]      [2mReal:[0m 13.0 kWh   [2mHabitual:[0m 28.5 ± 2.9 kWh   [2mz:[0m -5.44   [2mdesvio:[0m -54%   [2m(2 obs. dia_util)[0m
2026-07-07 16:54:16 [INFO] 
2026-07-07 16:54:16 [INFO]   🔴 [91m[1mPT0002000068856267NC[0m  [2m[sem cluster][0m
2026-07-07 16:54:16 [INFO]      consumiu MAIS que o habitual às 00h
2026-07-07 16:54:16 [INFO]      [2mReal:[0m 55.0 kWh   [2mHabitual:[0m 32.0 ± 4.2 kWh   [2mz:[0m +5.42   [2mdesvio:[0m +72%   [2m(2 obs. dia_util)[0m
2026-07-07 16:54:16 [INFO] 
2026-07-07 16:54:16 [INFO]   🔴 [91m[1mPT0002000068855003AK[0m  [2m[sem cluster][0m
2026-07-07 16:54:16 [INFO]      consumiu MAIS que o habitual às 13h
2026-07-07 16:54:16 [INFO]      [2mReal:[0m 71.0 kWh   [2mHabitual:[0m 44.5 ± 5.0 kWh   [2mz:[0m +5.35   [2mdesvio:[0m +60%   [2m(2 obs. dia_util)[0m
2026-07-07 16:54:16 [INFO] 
2026-07-07 16:54:16 [INFO]   🔴 [91m[1mPT0002000114685657JR[0m  [2m[Cluster 0][0m
2026-07-07 16:54:16 [INFO]      consumiu MAIS que o habitual às 11h
2026-07-07 16:54:16 [INFO]      [2mReal:[0m 306.0 kWh   [2mHabitual:[0m 199.5 ± 19.9 kWh   [2mz:[0m +5.34   [2mdesvio:[0m +53%   [2m(2 obs. dia_util)[0m
2026-07-07 16:54:16 [INFO] 
2026-07-07 16:54:16 [INFO]   🔵 [94m[1mPT0002000111572054VT[0m  [2m[sem cluster][0m
2026-07-07 16:54:16 [INFO]      consumiu MENOS que o habitual às 22h
2026-07-07 16:54:16 [INFO]      [2mReal:[0m 16.0 kWh   [2mHabitual:[0m 33.7 ± 3.4 kWh   [2mz:[0m -5.25   [2mdesvio:[0m -52%   [2m(3 obs. dia_util)[0m
2026-07-07 16:54:16 [INFO] 
2026-07-07 16:54:16 [INFO]   🔴 [91m[1mPT0002000068856974CZ[0m  [2m[sem cluster][0m
2026-07-07 16:54:16 [INFO]      consumiu MAIS que o habitual às 20h
2026-07-07 16:54:16 [INFO]      [2mReal:[0m 19.0 kWh   [2mHabitual:[0m 12.5 ± 1.2 kWh   [2mz:[0m +5.20   [2mdesvio:[0m +52%   [2m(2 obs. dia_util)[0m
2026-07-07 16:54:16 [INFO] 
2026-07-07 16:54:16 [INFO]   🔵 [94m[1mPT0002000078140706BA[0m  [2m[sem cluster][0m
2026-07-07 16:54:16 [INFO]      consumiu MENOS que o habitual às 18h
2026-07-07 16:54:16 [INFO]      [2mReal:[0m 51.0 kWh   [2mHabitual:[0m 106.0 ± 10.6 kWh   [2mz:[0m -5.19   [2mdesvio:[0m -52%   [2m(2 obs. dia_util)[0m
2026-07-07 16:54:16 [INFO] 
2026-07-07 16:54:16 [INFO]   🔵 [94m[1mPT0002000068855003AK[0m  [2m[sem cluster][0m
2026-07-07 16:54:16 [INFO]      consumiu MENOS que o habitual às 19h
2026-07-07 16:54:16 [INFO]      [2mReal:[0m 21.0 kWh   [2mHabitual:[0m 43.0 ± 4.3 kWh   [2mz:[0m -5.12   [2mdesvio:[0m -51%   [2m(2 obs. dia_util)[0m
2026-07-07 16:54:16 [INFO] 
2026-07-07 16:54:16 [INFO]   🔴 [91m[1mPT0002000125701614SQ[0m  [2m[sem cluster][0m
2026-07-07 16:54:16 [INFO]      consumiu MAIS que o habitual às 09h
2026-07-07 16:54:16 [INFO]      [2mReal:[0m 54.0 kWh   [2mHabitual:[0m 21.5 ± 6.4 kWh   [2mz:[0m +5.11   [2mdesvio:[0m +151%   [2m(2 obs. dia_util)[0m
2026-07-07 16:54:16 [INFO] 
2026-07-07 16:54:16 [INFO]   🔵 [94m[1mPT0002000111572054VT[0m  [2m[sem cluster][0m
2026-07-07 16:54:16 [INFO]      consumiu MENOS que o habitual às 23h
2026-07-07 16:54:16 [INFO]      [2mReal:[0m 16.0 kWh   [2mHabitual:[0m 32.7 ± 3.3 kWh   [2mz:[0m -5.10   [2mdesvio:[0m -51%   [2m(3 obs. dia_util)[0m
2026-07-07 16:54:16 [INFO] 
2026-07-07 16:54:16 [INFO]   🔴 [91m[1mPT0002000078207354XC[0m  [2m[Cluster 1][0m
2026-07-07 16:54:16 [INFO]      consumiu MAIS que o habitual às 23h
2026-07-07 16:54:16 [INFO]      [2mReal:[0m 27.0 kWh   [2mHabitual:[0m 6.7 ± 4.0 kWh   [2mz:[0m +5.03   [2mdesvio:[0m +305%   [2m(3 obs. dia_util)[0m
2026-07-07 16:54:16 [INFO] 
2026-07-07 16:54:16 [INFO]   🔴 [91m[1mPT0002000077394934QY[0m  [2m[Cluster 0][0m
2026-07-07 16:54:16 [INFO]      consumiu MAIS que o habitual às 14h
2026-07-07 16:54:16 [INFO]      [2mReal:[0m 111.0 kWh   [2mHabitual:[0m 74.0 ± 7.4 kWh   [2mz:[0m +5.00   [2mdesvio:[0m +50%   [2m(2 obs. dia_util)[0m
2026-07-07 16:54:16 [INFO] 
2026-07-07 16:54:16 [INFO]   🔴 [91m[1mPT0002000110607652SB[0m  [2m[Cluster 0][0m
2026-07-07 16:54:16 [INFO]      consumiu MAIS que o habitual às 01h
2026-07-07 16:54:16 [INFO]      [2mReal:[0m 12.0 kWh   [2mHabitual:[0m 8.0 ± 0.8 kWh   [2mz:[0m +5.00   [2mdesvio:[0m +50%   [2m(2 obs. dia_util)[0m
2026-07-07 16:54:16 [INFO] 
2026-07-07 16:54:16 [INFO]   🔴 [91m[1mPT0002000110607652SB[0m  [2m[Cluster 0][0m
2026-07-07 16:54:16 [INFO]      consumiu MAIS que o habitual às 03h
2026-07-07 16:54:16 [INFO]      [2mReal:[0m 12.0 kWh   [2mHabitual:[0m 8.0 ± 0.8 kWh   [2mz:[0m +5.00   [2mdesvio:[0m +50%   [2m(2 obs. dia_util)[0m
2026-07-07 16:54:16 [INFO] 
2026-07-07 16:54:16 [INFO]   🔴 [91m[1mPT0002000110607652SB[0m  [2m[Cluster 0][0m
2026-07-07 16:54:16 [INFO]      consumiu MAIS que o habitual às 21h
2026-07-07 16:54:16 [INFO]      [2mReal:[0m 12.0 kWh   [2mHabitual:[0m 8.0 ± 0.8 kWh   [2mz:[0m +5.00   [2mdesvio:[0m +50%   [2m(3 obs. dia_util)[0m
2026-07-07 16:54:16 [INFO] 
2026-07-07 16:54:16 [INFO]   🔵 [94m[1mPT0002000123648159KR[0m  [2m[Cluster 0][0m
2026-07-07 16:54:16 [INFO]      consumiu MENOS que o habitual às 21h
2026-07-07 16:54:16 [INFO]      [2mReal:[0m 7.0 kWh   [2mHabitual:[0m 14.0 ± 1.4 kWh   [2mz:[0m -5.00   [2mdesvio:[0m -50%   [2m(3 obs. dia_util)[0m
2026-07-07 16:54:16 [INFO] 
2026-07-07 16:54:16 [INFO]   🔵 [94m[1mPT0002000068856872QG[0m  [2m[Cluster 1][0m
2026-07-07 16:54:16 [INFO]      consumiu MENOS que o habitual às 09h
2026-07-07 16:54:16 [INFO]      [2mReal:[0m 0.0 kWh   [2mHabitual:[0m 3.5 ± 0.7 kWh   [2mz:[0m -4.95   [2mdesvio:[0m -100%   [2m(2 obs. dia_util)[0m
2026-07-07 16:54:16 [INFO] 
2026-07-07 16:54:16 [INFO]   🔵 [94m[1mPT0002000068856872QG[0m  [2m[Cluster 1][0m
2026-07-07 16:54:16 [INFO]      consumiu MENOS que o habitual às 14h
2026-07-07 16:54:16 [INFO]      [2mReal:[0m 0.0 kWh   [2mHabitual:[0m 3.5 ± 0.7 kWh   [2mz:[0m -4.95   [2mdesvio:[0m -100%   [2m(2 obs. dia_util)[0m
2026-07-07 16:54:16 [INFO] 
2026-07-07 16:54:16 [INFO]   🔵 [94m[1mPT0002000068856872QG[0m  [2m[Cluster 1][0m
2026-07-07 16:54:16 [INFO]      consumiu MENOS que o habitual às 16h
2026-07-07 16:54:16 [INFO]      [2mReal:[0m 0.0 kWh   [2mHabitual:[0m 3.5 ± 0.7 kWh   [2mz:[0m -4.95   [2mdesvio:[0m -100%   [2m(2 obs. dia_util)[0m
2026-07-07 16:54:16 [INFO] 
2026-07-07 16:54:16 [INFO]   🔴 [91m[1mPT0002000075637532JB[0m  [2m[Cluster 0][0m
2026-07-07 16:54:16 [INFO]      consumiu MAIS que o habitual às 16h
2026-07-07 16:54:16 [INFO]      [2mReal:[0m 10.0 kWh   [2mHabitual:[0m 6.5 ± 0.7 kWh   [2mz:[0m +4.95   [2mdesvio:[0m +54%   [2m(2 obs. dia_util)[0m
2026-07-07 16:54:16 [INFO] 
2026-07-07 16:54:16 [INFO]   🔴 [91m[1mPT0002000077394934QY[0m  [2m[Cluster 0][0m
2026-07-07 16:54:16 [INFO]      consumiu MAIS que o habitual às 15h
2026-07-07 16:54:16 [INFO]      [2mReal:[0m 109.0 kWh   [2mHabitual:[0m 73.0 ± 7.3 kWh   [2mz:[0m +4.93   [2mdesvio:[0m +49%   [2m(2 obs. dia_util)[0m
2026-07-07 16:54:16 [INFO] 
2026-07-07 16:54:16 [INFO]   🔴 [91m[1mPT0002000114685657JR[0m  [2m[Cluster 0][0m
2026-07-07 16:54:16 [INFO]      consumiu MAIS que o habitual às 09h
2026-07-07 16:54:16 [INFO]      [2mReal:[0m 289.0 kWh   [2mHabitual:[0m 194.5 ± 19.4 kWh   [2mz:[0m +4.86   [2mdesvio:[0m +49%   [2m(2 obs. dia_util)[0m
2026-07-07 16:54:16 [INFO] 
2026-07-07 16:54:16 [INFO]   🔴 [91m[1mPT0002000068859382XF[0m  [2m[Cluster 0][0m
2026-07-07 16:54:16 [INFO]      consumiu MAIS que o habitual às 13h
2026-07-07 16:54:16 [INFO]      [2mReal:[0m 69.0 kWh   [2mHabitual:[0m 46.5 ± 4.7 kWh   [2mz:[0m +4.84   [2mdesvio:[0m +48%   [2m(2 obs. dia_util)[0m
2026-07-07 16:54:16 [INFO] 
2026-07-07 16:54:16 [INFO]   🔴 [91m[1mPT0002000073231742VK[0m  [2m[Cluster 0][0m
2026-07-07 16:54:16 [INFO]      consumiu MAIS que o habitual às 14h
2026-07-07 16:54:16 [INFO]      [2mReal:[0m 23.0 kWh   [2mHabitual:[0m 15.5 ± 1.6 kWh   [2mz:[0m +4.84   [2mdesvio:[0m +48%   [2m(2 obs. dia_util)[0m
2026-07-07 16:54:16 [INFO] 
2026-07-07 16:54:16 [INFO]   🔴 [91m[1mPT0002000115700602GW[0m  [2m[Cluster 0][0m
2026-07-07 16:54:16 [INFO]      consumiu MAIS que o habitual às 21h
2026-07-07 16:54:16 [INFO]      [2mReal:[0m 16.0 kWh   [2mHabitual:[0m 8.7 ± 1.5 kWh   [2mz:[0m +4.80   [2mdesvio:[0m +85%   [2m(3 obs. dia_util)[0m
2026-07-07 16:54:16 [INFO] 
2026-07-07 16:54:16 [INFO]   🔵 [94m[1mPT0002000111572054VT[0m  [2m[sem cluster][0m
2026-07-07 16:54:16 [INFO]      consumiu MENOS que o habitual às 21h
2026-07-07 16:54:16 [INFO]      [2mReal:[0m 16.0 kWh   [2mHabitual:[0m 30.3 ± 3.0 kWh   [2mz:[0m -4.73   [2mdesvio:[0m -47%   [2m(3 obs. dia_util)[0m
2026-07-07 16:54:16 [INFO] 
2026-07-07 16:54:16 [INFO]   🔵 [94m[1mPT0002000068856826ZG[0m  [2m[sem cluster][0m
2026-07-07 16:54:16 [INFO]      consumiu MENOS que o habitual às 11h
2026-07-07 16:54:16 [INFO]      [2mReal:[0m 265.0 kWh   [2mHabitual:[0m 500.0 ± 50.0 kWh   [2mz:[0m -4.70   [2mdesvio:[0m -47%   [2m(2 obs. dia_util)[0m
2026-07-07 16:54:16 [INFO] 
2026-07-07 16:54:16 [INFO]   🔴 [91m[1mPT0002000114685657JR[0m  [2m[Cluster 0][0m
2026-07-07 16:54:16 [INFO]      consumiu MAIS que o habitual às 12h
2026-07-07 16:54:16 [INFO]      [2mReal:[0m 286.0 kWh   [2mHabitual:[0m 194.5 ± 19.4 kWh   [2mz:[0m +4.70   [2mdesvio:[0m +47%   [2m(2 obs. dia_util)[0m
2026-07-07 16:54:16 [INFO] 
2026-07-07 16:54:16 [INFO]   🔵 [94m[1mPT0002000078140706BA[0m  [2m[sem cluster][0m
2026-07-07 16:54:16 [INFO]      consumiu MENOS que o habitual às 20h
2026-07-07 16:54:16 [INFO]      [2mReal:[0m 57.0 kWh   [2mHabitual:[0m 106.5 ± 10.7 kWh   [2mz:[0m -4.65   [2mdesvio:[0m -46%   [2m(2 obs. dia_util)[0m
2026-07-07 16:54:16 [INFO] 
2026-07-07 16:54:16 [INFO]   🔵 [94m[1mPT0002000071896778MT[0m  [2m[Cluster 0][0m
2026-07-07 16:54:16 [INFO]      consumiu MENOS que o habitual às 23h
2026-07-07 16:54:16 [INFO]      [2mReal:[0m 3.0 kWh   [2mHabitual:[0m 5.7 ± 0.6 kWh   [2mz:[0m -4.62   [2mdesvio:[0m -47%   [2m(3 obs. dia_util)[0m
2026-07-07 16:54:16 [INFO] 
2026-07-07 16:54:16 [INFO]   🔴 [91m[1mPT0002000110090564GD[0m  [2m[Cluster 1][0m
2026-07-07 16:54:16 [INFO]      consumiu MAIS que o habitual às 21h
2026-07-07 16:54:16 [INFO]      [2mReal:[0m 7.0 kWh   [2mHabitual:[0m 4.3 ± 0.6 kWh   [2mz:[0m +4.62   [2mdesvio:[0m +62%   [2m(3 obs. dia_util)[0m
2026-07-07 16:54:16 [INFO] 
2026-07-07 16:54:16 [INFO]   🔴 [91m[1mPT0002000068856974CZ[0m  [2m[sem cluster][0m
2026-07-07 16:54:16 [INFO]      consumiu MAIS que o habitual às 17h
2026-07-07 16:54:16 [INFO]      [2mReal:[0m 65.0 kWh   [2mHabitual:[0m 39.0 ± 5.7 kWh   [2mz:[0m +4.60   [2mdesvio:[0m +67%   [2m(2 obs. dia_util)[0m
2026-07-07 16:54:16 [INFO] 
2026-07-07 16:54:16 [INFO]   🔵 [94m[1mPT0002000111572054VT[0m  [2m[sem cluster][0m
2026-07-07 16:54:16 [INFO]      consumiu MENOS que o habitual às 20h
2026-07-07 16:54:16 [INFO]      [2mReal:[0m 17.0 kWh   [2mHabitual:[0m 31.5 ± 3.1 kWh   [2mz:[0m -4.60   [2mdesvio:[0m -46%   [2m(2 obs. dia_util)[0m
2026-07-07 16:54:16 [INFO] 
2026-07-07 16:54:16 [INFO]   🔵 [94m[1mPT0002000107172384HT[0m  [2m[Cluster 1][0m
2026-07-07 16:54:16 [INFO]      consumiu MENOS que o habitual às 17h
2026-07-07 16:54:16 [INFO]      [2mReal:[0m 26.0 kWh   [2mHabitual:[0m 48.0 ± 4.8 kWh   [2mz:[0m -4.58   [2mdesvio:[0m -46%   [2m(2 obs. dia_util)[0m
2026-07-07 16:54:16 [INFO] 
2026-07-07 16:54:16 [INFO]   🔴 [91m[1mPT0002000114685657JR[0m  [2m[Cluster 0][0m
2026-07-07 16:54:16 [INFO]      consumiu MAIS que o habitual às 18h
2026-07-07 16:54:16 [INFO]      [2mReal:[0m 294.0 kWh   [2mHabitual:[0m 202.0 ± 20.2 kWh   [2mz:[0m +4.55   [2mdesvio:[0m +46%   [2m(2 obs. dia_util)[0m
2026-07-07 16:54:16 [INFO] 
2026-07-07 16:54:16 [INFO]   🔴 [91m[1mPT0002000068859382XF[0m  [2m[Cluster 0][0m
2026-07-07 16:54:16 [INFO]      consumiu MAIS que o habitual às 16h
2026-07-07 16:54:16 [INFO]      [2mReal:[0m 69.0 kWh   [2mHabitual:[0m 47.5 ± 4.8 kWh   [2mz:[0m +4.53   [2mdesvio:[0m +45%   [2m(2 obs. dia_util)[0m
2026-07-07 16:54:16 [INFO] 
2026-07-07 16:54:16 [INFO]   🔴 [91m[1mPT0002000077394934QY[0m  [2m[Cluster 0][0m
2026-07-07 16:54:16 [INFO]      consumiu MAIS que o habitual às 12h
2026-07-07 16:54:16 [INFO]      [2mReal:[0m 114.0 kWh   [2mHabitual:[0m 78.5 ± 7.8 kWh   [2mz:[0m +4.52   [2mdesvio:[0m +45%   [2m(2 obs. dia_util)[0m
2026-07-07 16:54:16 [INFO] 
2026-07-07 16:54:16 [INFO]   🔵 [94m[1mPT0002000068855003AK[0m  [2m[sem cluster][0m
2026-07-07 16:54:16 [INFO]      consumiu MENOS que o habitual às 18h
2026-07-07 16:54:16 [INFO]      [2mReal:[0m 25.0 kWh   [2mHabitual:[0m 45.5 ± 4.5 kWh   [2mz:[0m -4.51   [2mdesvio:[0m -45%   [2m(2 obs. dia_util)[0m
2026-07-07 16:54:16 [INFO] 
2026-07-07 16:54:16 [INFO]   🔴 [91m[1mPT0002000079469719HF[0m  [2m[sem cluster][0m
2026-07-07 16:54:16 [INFO]      consumiu MAIS que o habitual às 15h
2026-07-07 16:54:16 [INFO]      [2mReal:[0m 135.0 kWh   [2mHabitual:[0m 36.5 ± 21.9 kWh   [2mz:[0m +4.49   [2mdesvio:[0m +270%   [2m(2 obs. dia_util)[0m
2026-07-07 16:54:16 [INFO] 
2026-07-07 16:54:16 [INFO]   🔵 [94m[1mPT0002000107172384HT[0m  [2m[Cluster 1][0m
2026-07-07 16:54:16 [INFO]      consumiu MENOS que o habitual às 20h
2026-07-07 16:54:16 [INFO]      [2mReal:[0m 25.0 kWh   [2mHabitual:[0m 63.0 ± 8.5 kWh   [2mz:[0m -4.48   [2mdesvio:[0m -60%   [2m(2 obs. dia_util)[0m
2026-07-07 16:54:16 [INFO] 
2026-07-07 16:54:16 [INFO]   🔴 [91m[1mPT0002000114613364CC[0m  [2m[sem cluster][0m
2026-07-07 16:54:16 [INFO]      consumiu MAIS que o habitual às 07h
2026-07-07 16:54:16 [INFO]      [2mReal:[0m 189.0 kWh   [2mHabitual:[0m 131.0 ± 13.1 kWh   [2mz:[0m +4.43   [2mdesvio:[0m +44%   [2m(2 obs. dia_util)[0m
2026-07-07 16:54:16 [INFO] 
2026-07-07 16:54:16 [INFO]   🔴 [91m[1mPT0002000068856267NC[0m  [2m[sem cluster][0m
2026-07-07 16:54:16 [INFO]      consumiu MAIS que o habitual às 11h
2026-07-07 16:54:16 [INFO]      [2mReal:[0m 62.0 kWh   [2mHabitual:[0m 37.0 ± 5.7 kWh   [2mz:[0m +4.42   [2mdesvio:[0m +68%   [2m(2 obs. dia_util)[0m
2026-07-07 16:54:16 [INFO] 
2026-07-07 16:54:16 [INFO]   🔴 [91m[1mPT0002000068856974CZ[0m  [2m[sem cluster][0m
2026-07-07 16:54:16 [INFO]      consumiu MAIS que o habitual às 07h
2026-07-07 16:54:16 [INFO]      [2mReal:[0m 18.0 kWh   [2mHabitual:[0m 12.5 ± 1.2 kWh   [2mz:[0m +4.40   [2mdesvio:[0m +44%   [2m(2 obs. dia_util)[0m
2026-07-07 16:54:16 [INFO] 
2026-07-07 16:54:16 [INFO]   🔵 [94m[1mPT0002000112989585PH[0m  [2m[Cluster 0][0m
2026-07-07 16:54:16 [INFO]      consumiu MENOS que o habitual às 12h
2026-07-07 16:54:16 [INFO]      [2mReal:[0m 7.0 kWh   [2mHabitual:[0m 12.5 ± 1.2 kWh   [2mz:[0m -4.40   [2mdesvio:[0m -44%   [2m(2 obs. dia_util)[0m
2026-07-07 16:54:16 [INFO] 
2026-07-07 16:54:16 [INFO]   🔴 [91m[1mPT0002000123648159KR[0m  [2m[Cluster 0][0m
2026-07-07 16:54:16 [INFO]      consumiu MAIS que o habitual às 12h
2026-07-07 16:54:16 [INFO]      [2mReal:[0m 40.0 kWh   [2mHabitual:[0m 24.5 ± 3.5 kWh   [2mz:[0m +4.38   [2mdesvio:[0m +63%   [2m(2 obs. dia_util)[0m
2026-07-07 16:54:16 [INFO] 
2026-07-07 16:54:16 [INFO]   🔴 [91m[1mPT0002000115673389QK[0m  [2m[Cluster 0][0m
2026-07-07 16:54:16 [INFO]      consumiu MAIS que o habitual às 08h
2026-07-07 16:54:16 [INFO]      [2mReal:[0m 62.0 kWh   [2mHabitual:[0m 25.0 ± 8.5 kWh   [2mz:[0m +4.36   [2mdesvio:[0m +148%   [2m(2 obs. dia_util)[0m
2026-07-07 16:54:16 [INFO] 
2026-07-07 16:54:16 [INFO]   🔵 [94m[1mPT0002000111572054VT[0m  [2m[sem cluster][0m
2026-07-07 16:54:16 [INFO]      consumiu MENOS que o habitual às 05h
2026-07-07 16:54:16 [INFO]      [2mReal:[0m 17.0 kWh   [2mHabitual:[0m 30.0 ± 3.0 kWh   [2mz:[0m -4.33   [2mdesvio:[0m -43%   [2m(2 obs. dia_util)[0m
2026-07-07 16:54:16 [INFO] 
2026-07-07 16:54:16 [INFO]   🔴 [91m[1mPT0002000079469719HF[0m  [2m[sem cluster][0m
2026-07-07 16:54:16 [INFO]      consumiu MAIS que o habitual às 21h
2026-07-07 16:54:16 [INFO]      [2mReal:[0m 161.0 kWh   [2mHabitual:[0m 112.7 ± 11.3 kWh   [2mz:[0m +4.29   [2mdesvio:[0m +43%   [2m(3 obs. dia_util)[0m
2026-07-07 16:54:16 [INFO] 
2026-07-07 16:54:16 [INFO]   🔴 [91m[1mPT0002000111572054VT[0m  [2m[sem cluster][0m
2026-07-07 16:54:16 [INFO]      consumiu MAIS que o habitual às 18h
2026-07-07 16:54:16 [INFO]      [2mReal:[0m 20.0 kWh   [2mHabitual:[0m 14.0 ± 1.4 kWh   [2mz:[0m +4.29   [2mdesvio:[0m +43%   [2m(2 obs. dia_util)[0m
2026-07-07 16:54:16 [INFO] 
2026-07-07 16:54:16 [INFO]   🔴 [91m[1mPT0002000114685657JR[0m  [2m[Cluster 0][0m
2026-07-07 16:54:16 [INFO]      consumiu MAIS que o habitual às 15h
2026-07-07 16:54:16 [INFO]      [2mReal:[0m 277.0 kWh   [2mHabitual:[0m 194.0 ± 19.4 kWh   [2mz:[0m +4.28   [2mdesvio:[0m +43%   [2m(2 obs. dia_util)[0m
2026-07-07 16:54:16 [INFO] 
2026-07-07 16:54:16 [INFO]   🔴 [91m[1mPT0002000114685657JR[0m  [2m[Cluster 0][0m
2026-07-07 16:54:16 [INFO]      consumiu MAIS que o habitual às 14h
2026-07-07 16:54:16 [INFO]      [2mReal:[0m 278.0 kWh   [2mHabitual:[0m 195.0 ± 19.5 kWh   [2mz:[0m +4.26   [2mdesvio:[0m +43%   [2m(2 obs. dia_util)[0m
2026-07-07 16:54:16 [INFO] 
2026-07-07 16:54:16 [INFO]   🔴 [91m[1mPT0002000068857897ZV[0m  [2m[Cluster 0][0m
2026-07-07 16:54:16 [INFO]      consumiu MAIS que o habitual às 08h
2026-07-07 16:54:16 [INFO]      [2mReal:[0m 40.0 kWh   [2mHabitual:[0m 28.0 ± 2.8 kWh   [2mz:[0m +4.24   [2mdesvio:[0m +43%   [2m(2 obs. dia_util)[0m
2026-07-07 16:54:16 [INFO] 
2026-07-07 16:54:16 [INFO]   🔴 [91m[1mPT0002000115673389QK[0m  [2m[Cluster 0][0m
2026-07-07 16:54:16 [INFO]      consumiu MAIS que o habitual às 16h
2026-07-07 16:54:16 [INFO]      [2mReal:[0m 117.0 kWh   [2mHabitual:[0m 39.0 ± 18.4 kWh   [2mz:[0m +4.24   [2mdesvio:[0m +200%   [2m(2 obs. dia_util)[0m
2026-07-07 16:54:16 [INFO] 
2026-07-07 16:54:16 [INFO]   🔴 [91m[1mPT0002000073573036KH[0m  [2m[sem cluster][0m
2026-07-07 16:54:16 [INFO]      consumiu MAIS que o habitual às 20h
2026-07-07 16:54:16 [INFO]      [2mReal:[0m 291.0 kWh   [2mHabitual:[0m 204.5 ± 20.4 kWh   [2mz:[0m +4.23   [2mdesvio:[0m +42%   [2m(2 obs. dia_util)[0m
2026-07-07 16:54:16 [INFO] 
2026-07-07 16:54:16 [INFO]   🔴 [91m[1mPT0002000077394934QY[0m  [2m[Cluster 0][0m
2026-07-07 16:54:16 [INFO]      consumiu MAIS que o habitual às 11h
2026-07-07 16:54:16 [INFO]      [2mReal:[0m 110.0 kWh   [2mHabitual:[0m 77.5 ± 7.8 kWh   [2mz:[0m +4.19   [2mdesvio:[0m +42%   [2m(2 obs. dia_util)[0m
2026-07-07 16:54:16 [INFO] 
2026-07-07 16:54:16 [INFO]   🔴 [91m[1mPT0002000077394934QY[0m  [2m[Cluster 0][0m
2026-07-07 16:54:16 [INFO]      consumiu MAIS que o habitual às 13h
2026-07-07 16:54:16 [INFO]      [2mReal:[0m 109.0 kWh   [2mHabitual:[0m 77.0 ± 7.7 kWh   [2mz:[0m +4.16   [2mdesvio:[0m +42%   [2m(2 obs. dia_util)[0m
2026-07-07 16:54:16 [INFO] 
2026-07-07 16:54:16 [INFO]   🔴 [91m[1mPT0002000114685657JR[0m  [2m[Cluster 0][0m
2026-07-07 16:54:16 [INFO]      consumiu MAIS que o habitual às 13h
2026-07-07 16:54:16 [INFO]      [2mReal:[0m 282.0 kWh   [2mHabitual:[0m 199.5 ± 19.9 kWh   [2mz:[0m +4.14   [2mdesvio:[0m +41%   [2m(2 obs. dia_util)[0m
2026-07-07 16:54:16 [INFO] 
2026-07-07 16:54:16 [INFO]   🔵 [94m[1mPT0002000111572054VT[0m  [2m[sem cluster][0m
2026-07-07 16:54:16 [INFO]      consumiu MENOS que o habitual às 07h
2026-07-07 16:54:16 [INFO]      [2mReal:[0m 13.0 kWh   [2mHabitual:[0m 22.0 ± 2.2 kWh   [2mz:[0m -4.09   [2mdesvio:[0m -41%   [2m(2 obs. dia_util)[0m
2026-07-07 16:54:16 [INFO] 
2026-07-07 16:54:16 [INFO]   🔵 [94m[1mPT0002000071896778MT[0m  [2m[Cluster 0][0m
2026-07-07 16:54:16 [INFO]      consumiu MENOS que o habitual às 22h
2026-07-07 16:54:16 [INFO]      [2mReal:[0m 3.0 kWh   [2mHabitual:[0m 5.3 ± 0.6 kWh   [2mz:[0m -4.04   [2mdesvio:[0m -44%   [2m(3 obs. dia_util)[0m
2026-07-07 16:54:16 [INFO] 
2026-07-07 16:54:16 [INFO]   🔵 [94m[1mPT0002000107172384HT[0m  [2m[Cluster 1][0m
2026-07-07 16:54:16 [INFO]      consumiu MENOS que o habitual às 09h
2026-07-07 16:54:16 [INFO]      [2mReal:[0m 20.0 kWh   [2mHabitual:[0m 33.5 ± 3.4 kWh   [2mz:[0m -4.03   [2mdesvio:[0m -40%   [2m(2 obs. dia_util)[0m
2026-07-07 16:54:16 [INFO] 
2026-07-07 16:54:16 [INFO]   🔴 [91m[1mPT0002000115673389QK[0m  [2m[Cluster 0][0m
2026-07-07 16:54:16 [INFO]      consumiu MAIS que o habitual às 15h
2026-07-07 16:54:16 [INFO]      [2mReal:[0m 126.0 kWh   [2mHabitual:[0m 43.5 ± 20.5 kWh   [2mz:[0m +4.02   [2mdesvio:[0m +190%   [2m(2 obs. dia_util)[0m
2026-07-07 16:54:16 [INFO] 
2026-07-07 16:54:16 [INFO]   🔵 [94m[1mPT0002000071896778MT[0m  [2m[Cluster 0][0m
2026-07-07 16:54:16 [INFO]      consumiu MENOS que o habitual às 20h
2026-07-07 16:54:16 [INFO]      [2mReal:[0m 3.0 kWh   [2mHabitual:[0m 5.0 ± 0.5 kWh   [2mz:[0m -4.00   [2mdesvio:[0m -40%   [2m(2 obs. dia_util)[0m
2026-07-07 16:54:16 [INFO] 
2026-07-07 16:54:16 [INFO]   🔴 [91m[1mPT0002000073231742VK[0m  [2m[Cluster 0][0m
2026-07-07 16:54:16 [INFO]      consumiu MAIS que o habitual às 07h
2026-07-07 16:54:16 [INFO]      [2mReal:[0m 21.0 kWh   [2mHabitual:[0m 15.0 ± 1.5 kWh   [2mz:[0m +4.00   [2mdesvio:[0m +40%   [2m(2 obs. dia_util)[0m
2026-07-07 16:54:16 [INFO] 
2026-07-07 16:54:16 [INFO]   🔴 [91m[1mPT0002000120237616VJ[0m  [2m[Cluster 0][0m
2026-07-07 16:54:16 [INFO]      consumiu MAIS que o habitual às 20h
2026-07-07 16:54:16 [INFO]      [2mReal:[0m 21.0 kWh   [2mHabitual:[0m 15.0 ± 1.5 kWh   [2mz:[0m +4.00   [2mdesvio:[0m +40%   [2m(2 obs. dia_util)[0m
2026-07-07 16:54:16 [INFO] 
2026-07-07 16:54:16 [INFO]   🔵 [94m[1mPT0002000078207354XC[0m  [2m[Cluster 1][0m
2026-07-07 16:54:16 [INFO]      consumiu MENOS que o habitual às 18h
2026-07-07 16:54:16 [INFO]      [2mReal:[0m 7.0 kWh   [2mHabitual:[0m 37.5 ± 7.8 kWh   [2mz:[0m -3.92   [2mdesvio:[0m -81%   [2m(2 obs. dia_util)[0m
2026-07-07 16:54:16 [INFO] 
2026-07-07 16:54:16 [INFO]   🔴 [91m[1mPT0002000115673471CB[0m  [2m[Cluster 0][0m
2026-07-07 16:54:16 [INFO]      consumiu MAIS que o habitual às 14h
2026-07-07 16:54:16 [INFO]      [2mReal:[0m 36.0 kWh   [2mHabitual:[0m 26.0 ± 2.6 kWh   [2mz:[0m +3.85   [2mdesvio:[0m +38%   [2m(2 obs. dia_util)[0m
2026-07-07 16:54:16 [INFO] 
2026-07-07 16:54:16 [INFO]   🔴 [91m[1mPT0002000115673389QK[0m  [2m[Cluster 0][0m
2026-07-07 16:54:16 [INFO]      consumiu MAIS que o habitual às 07h
2026-07-07 16:54:16 [INFO]      [2mReal:[0m 52.0 kWh   [2mHabitual:[0m 25.0 ± 7.1 kWh   [2mz:[0m +3.82   [2mdesvio:[0m +108%   [2m(2 obs. dia_util)[0m
2026-07-07 16:54:16 [INFO] 
2026-07-07 16:54:16 [INFO]   🔴 [91m[1mPT0002000115673471CB[0m  [2m[Cluster 0][0m
2026-07-07 16:54:16 [INFO]      consumiu MAIS que o habitual às 15h
2026-07-07 16:54:16 [INFO]      [2mReal:[0m 40.0 kWh   [2mHabitual:[0m 29.0 ± 2.9 kWh   [2mz:[0m +3.79   [2mdesvio:[0m +38%   [2m(2 obs. dia_util)[0m
2026-07-07 16:54:16 [INFO] 
2026-07-07 16:54:16 [INFO]   🔴 [91m[1mPT0002000116530964LH[0m  [2m[sem cluster][0m
2026-07-07 16:54:16 [INFO]      consumiu MAIS que o habitual às 20h
2026-07-07 16:54:16 [INFO]      [2mReal:[0m 106.0 kWh   [2mHabitual:[0m 77.0 ± 7.7 kWh   [2mz:[0m +3.77   [2mdesvio:[0m +38%   [2m(2 obs. dia_util)[0m
2026-07-07 16:54:16 [INFO] 
2026-07-07 16:54:16 [INFO]   🔴 [91m[1mPT0002000078441876HB[0m  [2m[Cluster 0][0m
2026-07-07 16:54:16 [INFO]      consumiu MAIS que o habitual às 12h
2026-07-07 16:54:16 [INFO]      [2mReal:[0m 2065.0 kWh   [2mHabitual:[0m 1444.0 ± 166.9 kWh   [2mz:[0m +3.72   [2mdesvio:[0m +43%   [2m(2 obs. dia_util)[0m
2026-07-07 16:54:16 [INFO] 
2026-07-07 16:54:16 [INFO]   🔴 [91m[1mPT0002000125701614SQ[0m  [2m[sem cluster][0m
2026-07-07 16:54:16 [INFO]      consumiu MAIS que o habitual às 16h
2026-07-07 16:54:16 [INFO]      [2mReal:[0m 70.0 kWh   [2mHabitual:[0m 25.5 ± 12.0 kWh   [2mz:[0m +3.70   [2mdesvio:[0m +175%   [2m(2 obs. dia_util)[0m
2026-07-07 16:54:16 [INFO] 
2026-07-07 16:54:16 [INFO]   🔴 [91m[1mPT0002000078140706BA[0m  [2m[sem cluster][0m
2026-07-07 16:54:16 [INFO]      consumiu MAIS que o habitual às 06h
2026-07-07 16:54:16 [INFO]      [2mReal:[0m 39.0 kWh   [2mHabitual:[0m 28.5 ± 2.9 kWh   [2mz:[0m +3.68   [2mdesvio:[0m +37%   [2m(2 obs. dia_util)[0m
2026-07-07 16:54:16 [INFO] 
2026-07-07 16:54:16 [INFO]   🔴 [91m[1mPT0002000068857909SY[0m  [2m[Cluster 1][0m
2026-07-07 16:54:16 [INFO]      consumiu MAIS que o habitual às 22h
2026-07-07 16:54:16 [INFO]      [2mReal:[0m 37.0 kWh   [2mHabitual:[0m 6.3 ± 8.4 kWh   [2mz:[0m +3.66   [2mdesvio:[0m +485%   [2m(3 obs. dia_util)[0m
2026-07-07 16:54:16 [INFO] 
2026-07-07 16:54:16 [INFO]   🔴 [91m[1mPT0002000112989585PH[0m  [2m[Cluster 0][0m
2026-07-07 16:54:16 [INFO]      consumiu MAIS que o habitual às 08h
2026-07-07 16:54:16 [INFO]      [2mReal:[0m 114.0 kWh   [2mHabitual:[0m 83.5 ± 8.3 kWh   [2mz:[0m +3.65   [2mdesvio:[0m +37%   [2m(2 obs. dia_util)[0m
2026-07-07 16:54:16 [INFO] 
2026-07-07 16:54:16 [INFO]   🔵 [94m[1mPT0002000107172384HT[0m  [2m[Cluster 1][0m
2026-07-07 16:54:16 [INFO]      consumiu MENOS que o habitual às 18h
2026-07-07 16:54:16 [INFO]      [2mReal:[0m 22.0 kWh   [2mHabitual:[0m 55.5 ± 9.2 kWh   [2mz:[0m -3.64   [2mdesvio:[0m -60%   [2m(2 obs. dia_util)[0m
2026-07-07 16:54:16 [INFO] 
2026-07-07 16:54:16 [INFO]   🔴 [91m[1mPT0002000120237616VJ[0m  [2m[Cluster 0][0m
2026-07-07 16:54:16 [INFO]      consumiu MAIS que o habitual às 21h
2026-07-07 16:54:16 [INFO]      [2mReal:[0m 20.0 kWh   [2mHabitual:[0m 14.7 ± 1.5 kWh   [2mz:[0m +3.64   [2mdesvio:[0m +36%   [2m(3 obs. dia_util)[0m
2026-07-07 16:54:16 [INFO] 
2026-07-07 16:54:16 [INFO]   🔴 [91m[1mPT0002000068856655YV[0m  [2m[Cluster 0][0m
2026-07-07 16:54:16 [INFO]      consumiu MAIS que o habitual às 20h
2026-07-07 16:54:16 [INFO]      [2mReal:[0m 4.0 kWh   [2mHabitual:[0m 1.5 ± 0.7 kWh   [2mz:[0m +3.54   [2mdesvio:[0m +167%   [2m(2 obs. dia_util)[0m
2026-07-07 16:54:16 [INFO] 
2026-07-07 16:54:16 [INFO]   🔴 [91m[1mPT0002000068858674WN[0m  [2m[sem cluster][0m
2026-07-07 16:54:16 [INFO]      consumiu MAIS que o habitual às 18h
2026-07-07 16:54:16 [INFO]      [2mReal:[0m 20.0 kWh   [2mHabitual:[0m 10.0 ± 2.8 kWh   [2mz:[0m +3.54   [2mdesvio:[0m +100%   [2m(2 obs. dia_util)[0m
2026-07-07 16:54:16 [INFO] 
2026-07-07 16:54:16 [INFO]   🔴 [91m[1mPT0002000075637532JB[0m  [2m[Cluster 0][0m
2026-07-07 16:54:16 [INFO]      consumiu MAIS que o habitual às 07h
2026-07-07 16:54:16 [INFO]      [2mReal:[0m 9.0 kWh   [2mHabitual:[0m 6.5 ± 0.7 kWh   [2mz:[0m +3.54   [2mdesvio:[0m +38%   [2m(2 obs. dia_util)[0m
2026-07-07 16:54:16 [INFO] 
2026-07-07 16:54:16 [INFO]   🔴 [91m[1mPT0002000081344542CP[0m  [2m[Cluster 1][0m
2026-07-07 16:54:16 [INFO]      consumiu MAIS que o habitual às 02h
2026-07-07 16:54:16 [INFO]      [2mReal:[0m 4.0 kWh   [2mHabitual:[0m 1.5 ± 0.7 kWh   [2mz:[0m +3.54   [2mdesvio:[0m +167%   [2m(2 obs. dia_util)[0m
2026-07-07 16:54:16 [INFO] 
2026-07-07 16:54:16 [INFO]   🔵 [94m[1mPT0002000081344542CP[0m  [2m[Cluster 1][0m
2026-07-07 16:54:16 [INFO]      consumiu MENOS que o habitual às 12h
2026-07-07 16:54:16 [INFO]      [2mReal:[0m 2.0 kWh   [2mHabitual:[0m 4.5 ± 0.7 kWh   [2mz:[0m -3.54   [2mdesvio:[0m -56%   [2m(2 obs. dia_util)[0m
2026-07-07 16:54:16 [INFO] 
2026-07-07 16:54:16 [INFO]   🔴 [91m[1mPT0002000107046231FW[0m  [2m[Cluster 0][0m
2026-07-07 16:54:16 [INFO]      consumiu MAIS que o habitual às 08h
2026-07-07 16:54:16 [INFO]      [2mReal:[0m 7.0 kWh   [2mHabitual:[0m 4.5 ± 0.7 kWh   [2mz:[0m +3.54   [2mdesvio:[0m +56%   [2m(2 obs. dia_util)[0m
2026-07-07 16:54:16 [INFO] 
2026-07-07 16:54:16 [INFO]   🔴 [91m[1mPT0002000107046231FW[0m  [2m[Cluster 0][0m
2026-07-07 16:54:16 [INFO]      consumiu MAIS que o habitual às 18h
2026-07-07 16:54:16 [INFO]      [2mReal:[0m 5.0 kWh   [2mHabitual:[0m 2.5 ± 0.7 kWh   [2mz:[0m +3.54   [2mdesvio:[0m +100%   [2m(2 obs. dia_util)[0m
2026-07-07 16:54:16 [INFO] 
2026-07-07 16:54:16 [INFO]   🔴 [91m[1mPT0002000109837807PE[0m  [2m[Cluster 1][0m
2026-07-07 16:54:16 [INFO]      consumiu MAIS que o habitual às 12h
2026-07-07 16:54:16 [INFO]      [2mReal:[0m 12.0 kWh   [2mHabitual:[0m 4.5 ± 2.1 kWh   [2mz:[0m +3.54   [2mdesvio:[0m +167%   [2m(2 obs. dia_util)[0m
2026-07-07 16:54:16 [INFO] 
2026-07-07 16:54:16 [INFO]   🔴 [91m[1mPT0002000201038711LS[0m  [2m[sem cluster][0m
2026-07-07 16:54:16 [INFO]      consumiu MAIS que o habitual às 11h
2026-07-07 16:54:16 [INFO]      [2mReal:[0m 3.0 kWh   [2mHabitual:[0m 0.5 ± 0.7 kWh   [2mz:[0m +3.54   [2mdesvio:[0m +500%   [2m(2 obs. dia_util)[0m
2026-07-07 16:54:16 [INFO] 
2026-07-07 16:54:16 [INFO]   🔵 [94m[1mPT0002000107172384HT[0m  [2m[Cluster 1][0m
2026-07-07 16:54:16 [INFO]      consumiu MENOS que o habitual às 10h
2026-07-07 16:54:16 [INFO]      [2mReal:[0m 23.0 kWh   [2mHabitual:[0m 35.5 ± 3.5 kWh   [2mz:[0m -3.52   [2mdesvio:[0m -35%   [2m(2 obs. dia_util)[0m
2026-07-07 16:54:16 [INFO] 
2026-07-07 16:54:16 [INFO]   🔴 [91m[1mPT0002000114685657JR[0m  [2m[Cluster 0][0m
2026-07-07 16:54:16 [INFO]      consumiu MAIS que o habitual às 19h
2026-07-07 16:54:16 [INFO]      [2mReal:[0m 284.0 kWh   [2mHabitual:[0m 210.0 ± 21.0 kWh   [2mz:[0m +3.52   [2mdesvio:[0m +35%   [2m(2 obs. dia_util)[0m
2026-07-07 16:54:16 [INFO] 
2026-07-07 16:54:16 [INFO]   🔴 [91m[1mPT0002000079469719HF[0m  [2m[sem cluster][0m
2026-07-07 16:54:16 [INFO]      consumiu MAIS que o habitual às 20h
2026-07-07 16:54:16 [INFO]      [2mReal:[0m 158.0 kWh   [2mHabitual:[0m 114.0 ± 12.7 kWh   [2mz:[0m +3.46   [2mdesvio:[0m +39%   [2m(2 obs. dia_util)[0m
2026-07-07 16:54:16 [INFO] 
2026-07-07 16:54:16 [INFO]   🔴 [91m[1mPT0002000114685657JR[0m  [2m[Cluster 0][0m
2026-07-07 16:54:16 [INFO]      consumiu MAIS que o habitual às 20h
2026-07-07 16:54:16 [INFO]      [2mReal:[0m 282.0 kWh   [2mHabitual:[0m 209.5 ± 20.9 kWh   [2mz:[0m +3.46   [2mdesvio:[0m +35%   [2m(2 obs. dia_util)[0m
2026-07-07 16:54:16 [INFO] 
2026-07-07 16:54:16 [INFO]   🔴 [91m[1mPT0002000068856655YV[0m  [2m[Cluster 0][0m
2026-07-07 16:54:16 [INFO]      consumiu MAIS que o habitual às 00h
2026-07-07 16:54:16 [INFO]      [2mReal:[0m 3.0 kWh   [2mHabitual:[0m 2.0 ± 0.3 kWh   [2mz:[0m +3.33   [2mdesvio:[0m +50%   [2m(2 obs. dia_util)[0m
2026-07-07 16:54:16 [INFO] 
2026-07-07 16:54:16 [INFO]   🔴 [91m[1mPT0002000068856872QG[0m  [2m[Cluster 1][0m
2026-07-07 16:54:16 [INFO]      consumiu MAIS que o habitual às 01h
2026-07-07 16:54:16 [INFO]      [2mReal:[0m 1.0 kWh   [2mHabitual:[0m 0.0 ± 0.3 kWh   [2mz:[0m +3.33   [2mdesvio:[0m +100000%   [2m(2 obs. dia_util)[0m
2026-07-07 16:54:16 [INFO] 
2026-07-07 16:54:16 [INFO]   🔵 [94m[1mPT0002000068856872QG[0m  [2m[Cluster 1][0m
2026-07-07 16:54:16 [INFO]      consumiu MENOS que o habitual às 02h
2026-07-07 16:54:16 [INFO]      [2mReal:[0m 0.0 kWh   [2mHabitual:[0m 1.0 ± 0.3 kWh   [2mz:[0m -3.33   [2mdesvio:[0m -100%   [2m(2 obs. dia_util)[0m
2026-07-07 16:54:16 [INFO] 
2026-07-07 16:54:16 [INFO]   🔴 [91m[1mPT0002000068856872QG[0m  [2m[Cluster 1][0m
2026-07-07 16:54:16 [INFO]      consumiu MAIS que o habitual às 05h
2026-07-07 16:54:16 [INFO]      [2mReal:[0m 1.0 kWh   [2mHabitual:[0m 0.0 ± 0.3 kWh   [2mz:[0m +3.33   [2mdesvio:[0m +100000%   [2m(2 obs. dia_util)[0m
2026-07-07 16:54:16 [INFO] 
2026-07-07 16:54:16 [INFO]   🔴 [91m[1mPT0002000068856872QG[0m  [2m[Cluster 1][0m
2026-07-07 16:54:16 [INFO]      consumiu MAIS que o habitual às 06h
2026-07-07 16:54:16 [INFO]      [2mReal:[0m 2.0 kWh   [2mHabitual:[0m 1.0 ± 0.3 kWh   [2mz:[0m +3.33   [2mdesvio:[0m +100%   [2m(2 obs. dia_util)[0m
2026-07-07 16:54:16 [INFO] 
2026-07-07 16:54:16 [INFO]   🔴 [91m[1mPT0002000068856872QG[0m  [2m[Cluster 1][0m
2026-07-07 16:54:16 [INFO]      consumiu MAIS que o habitual às 07h
2026-07-07 16:54:16 [INFO]      [2mReal:[0m 1.0 kWh   [2mHabitual:[0m 0.0 ± 0.3 kWh   [2mz:[0m +3.33   [2mdesvio:[0m +100000%   [2m(2 obs. dia_util)[0m
2026-07-07 16:54:16 [INFO] 
2026-07-07 16:54:16 [INFO]   🔵 [94m[1mPT0002000068856872QG[0m  [2m[Cluster 1][0m
2026-07-07 16:54:16 [INFO]      consumiu MENOS que o habitual às 20h
2026-07-07 16:54:16 [INFO]      [2mReal:[0m 0.0 kWh   [2mHabitual:[0m 1.0 ± 0.3 kWh   [2mz:[0m -3.33   [2mdesvio:[0m -100%   [2m(2 obs. dia_util)[0m
2026-07-07 16:54:16 [INFO] 
2026-07-07 16:54:16 [INFO]   🔴 [91m[1mPT0002000068856952LS[0m  [2m[Cluster 2][0m
2026-07-07 16:54:16 [INFO]      consumiu MAIS que o habitual às 00h
2026-07-07 16:54:16 [INFO]      [2mReal:[0m 1.0 kWh   [2mHabitual:[0m 0.0 ± 0.3 kWh   [2mz:[0m +3.33   [2mdesvio:[0m +100000%   [2m(2 obs. dia_util)[0m
2026-07-07 16:54:16 [INFO] 
2026-07-07 16:54:16 [INFO]   🔵 [94m[1mPT0002000068857909SY[0m  [2m[Cluster 1][0m
2026-07-07 16:54:16 [INFO]      consumiu MENOS que o habitual às 01h
2026-07-07 16:54:16 [INFO]      [2mReal:[0m 1.0 kWh   [2mHabitual:[0m 2.0 ± 0.3 kWh   [2mz:[0m -3.33   [2mdesvio:[0m -50%   [2m(2 obs. dia_util)[0m
2026-07-07 16:54:16 [INFO] 
2026-07-07 16:54:16 [INFO]   🔵 [94m[1mPT0002000068857909SY[0m  [2m[Cluster 1][0m
2026-07-07 16:54:16 [INFO]      consumiu MENOS que o habitual às 04h
2026-07-07 16:54:16 [INFO]      [2mReal:[0m 1.0 kWh   [2mHabitual:[0m 2.0 ± 0.3 kWh   [2mz:[0m -3.33   [2mdesvio:[0m -50%   [2m(2 obs. dia_util)[0m
2026-07-07 16:54:16 [INFO] 
2026-07-07 16:54:16 [INFO]   🔴 [91m[1mPT0002000068857909SY[0m  [2m[Cluster 1][0m
2026-07-07 16:54:16 [INFO]      consumiu MAIS que o habitual às 05h
2026-07-07 16:54:16 [INFO]      [2mReal:[0m 2.0 kWh   [2mHabitual:[0m 1.0 ± 0.3 kWh   [2mz:[0m +3.33   [2mdesvio:[0m +100%   [2m(2 obs. dia_util)[0m
2026-07-07 16:54:16 [INFO] 
2026-07-07 16:54:16 [INFO]   🔵 [94m[1mPT0002000068858674WN[0m  [2m[sem cluster][0m
2026-07-07 16:54:16 [INFO]      consumiu MENOS que o habitual às 06h
2026-07-07 16:54:16 [INFO]      [2mReal:[0m 8.0 kWh   [2mHabitual:[0m 12.0 ± 1.2 kWh   [2mz:[0m -3.33   [2mdesvio:[0m -33%   [2m(2 obs. dia_util)[0m
2026-07-07 16:54:16 [INFO] 
2026-07-07 16:54:16 [INFO]   🔴 [91m[1mPT0002000068858674WN[0m  [2m[sem cluster][0m
2026-07-07 16:54:16 [INFO]      consumiu MAIS que o habitual às 08h
2026-07-07 16:54:16 [INFO]      [2mReal:[0m 16.0 kWh   [2mHabitual:[0m 12.0 ± 1.2 kWh   [2mz:[0m +3.33   [2mdesvio:[0m +33%   [2m(2 obs. dia_util)[0m
2026-07-07 16:54:16 [INFO] 
2026-07-07 16:54:16 [INFO]   🔴 [91m[1mPT0002000073717386HC[0m  [2m[sem cluster][0m
2026-07-07 16:54:16 [INFO]      consumiu MAIS que o habitual às 02h
2026-07-07 16:54:16 [INFO]      [2mReal:[0m 2.0 kWh   [2mHabitual:[0m 1.0 ± 0.3 kWh   [2mz:[0m +3.33   [2mdesvio:[0m +100%   [2m(2 obs. dia_util)[0m
2026-07-07 16:54:16 [INFO] 
2026-07-07 16:54:16 [INFO]   🔴 [91m[1mPT0002000073720434JD[0m  [2m[sem cluster][0m
2026-07-07 16:54:16 [INFO]      consumiu MAIS que o habitual às 19h
2026-07-07 16:54:16 [INFO]      [2mReal:[0m 85.0 kWh   [2mHabitual:[0m 35.5 ± 14.8 kWh   [2mz:[0m +3.33   [2mdesvio:[0m +139%   [2m(2 obs. dia_util)[0m
2026-07-07 16:54:16 [INFO] 
2026-07-07 16:54:16 [INFO]   🔴 [91m[1mPT0002000077394934QY[0m  [2m[Cluster 0][0m
2026-07-07 16:54:16 [INFO]      consumiu MAIS que o habitual às 10h
2026-07-07 16:54:16 [INFO]      [2mReal:[0m 102.0 kWh   [2mHabitual:[0m 76.5 ± 7.7 kWh   [2mz:[0m +3.33   [2mdesvio:[0m +33%   [2m(2 obs. dia_util)[0m
2026-07-07 16:54:16 [INFO] 
2026-07-07 16:54:16 [INFO]   🔵 [94m[1mPT0002000077647404EM[0m  [2m[Cluster 1][0m
2026-07-07 16:54:16 [INFO]      consumiu MENOS que o habitual às 12h
2026-07-07 16:54:16 [INFO]      [2mReal:[0m 0.0 kWh   [2mHabitual:[0m 1.0 ± 0.3 kWh   [2mz:[0m -3.33   [2mdesvio:[0m -100%   [2m(2 obs. dia_util)[0m
2026-07-07 16:54:16 [INFO] 
2026-07-07 16:54:16 [INFO]   🔴 [91m[1mPT0002000078233981HJ[0m  [2m[Cluster 1][0m
2026-07-07 16:54:16 [INFO]      consumiu MAIS que o habitual às 02h
2026-07-07 16:54:16 [INFO]      [2mReal:[0m 3.0 kWh   [2mHabitual:[0m 2.0 ± 0.3 kWh   [2mz:[0m +3.33   [2mdesvio:[0m +50%   [2m(2 obs. dia_util)[0m
2026-07-07 16:54:16 [INFO] 
2026-07-07 16:54:16 [INFO]   🔵 [94m[1mPT0002000078233981HJ[0m  [2m[Cluster 1][0m
2026-07-07 16:54:16 [INFO]      consumiu MENOS que o habitual às 03h
2026-07-07 16:54:16 [INFO]      [2mReal:[0m 2.0 kWh   [2mHabitual:[0m 3.0 ± 0.3 kWh   [2mz:[0m -3.33   [2mdesvio:[0m -33%   [2m(2 obs. dia_util)[0m
2026-07-07 16:54:16 [INFO] 
2026-07-07 16:54:16 [INFO]   🔴 [91m[1mPT0002000078233981HJ[0m  [2m[Cluster 1][0m
2026-07-07 16:54:16 [INFO]      consumiu MAIS que o habitual às 04h
2026-07-07 16:54:16 [INFO]      [2mReal:[0m 3.0 kWh   [2mHabitual:[0m 2.0 ± 0.3 kWh   [2mz:[0m +3.33   [2mdesvio:[0m +50%   [2m(2 obs. dia_util)[0m
2026-07-07 16:54:16 [INFO] 
2026-07-07 16:54:16 [INFO]   🔵 [94m[1mPT0002000081344542CP[0m  [2m[Cluster 1][0m
2026-07-07 16:54:16 [INFO]      consumiu MENOS que o habitual às 01h
2026-07-07 16:54:16 [INFO]      [2mReal:[0m 1.0 kWh   [2mHabitual:[0m 2.0 ± 0.3 kWh   [2mz:[0m -3.33   [2mdesvio:[0m -50%   [2m(2 obs. dia_util)[0m
2026-07-07 16:54:16 [INFO] 
2026-07-07 16:54:16 [INFO]   🔵 [94m[1mPT0002000103647515BL[0m  [2m[sem cluster][0m
2026-07-07 16:54:16 [INFO]      consumiu MENOS que o habitual às 23h
2026-07-07 16:54:16 [INFO]      [2mReal:[0m 2.0 kWh   [2mHabitual:[0m 3.0 ± 0.3 kWh   [2mz:[0m -3.33   [2mdesvio:[0m -33%   [2m(3 obs. dia_util)[0m
2026-07-07 16:54:16 [INFO] 
2026-07-07 16:54:16 [INFO]   🔴 [91m[1mPT0002000105483259QH[0m  [2m[Cluster 1][0m
2026-07-07 16:54:16 [INFO]      consumiu MAIS que o habitual às 02h
2026-07-07 16:54:16 [INFO]      [2mReal:[0m 1.0 kWh   [2mHabitual:[0m 0.0 ± 0.3 kWh   [2mz:[0m +3.33   [2mdesvio:[0m +100000%   [2m(2 obs. dia_util)[0m
2026-07-07 16:54:16 [INFO] 
2026-07-07 16:54:16 [INFO]   🔵 [94m[1mPT0002000105483259QH[0m  [2m[Cluster 1][0m
2026-07-07 16:54:16 [INFO]      consumiu MENOS que o habitual às 03h
2026-07-07 16:54:16 [INFO]      [2mReal:[0m 0.0 kWh   [2mHabitual:[0m 1.0 ± 0.3 kWh   [2mz:[0m -3.33   [2mdesvio:[0m -100%   [2m(2 obs. dia_util)[0m
2026-07-07 16:54:16 [INFO] 
2026-07-07 16:54:16 [INFO]   🔵 [94m[1mPT0002000105483259QH[0m  [2m[Cluster 1][0m
2026-07-07 16:54:16 [INFO]      consumiu MENOS que o habitual às 06h
2026-07-07 16:54:16 [INFO]      [2mReal:[0m 0.0 kWh   [2mHabitual:[0m 1.0 ± 0.3 kWh   [2mz:[0m -3.33   [2mdesvio:[0m -100%   [2m(2 obs. dia_util)[0m
2026-07-07 16:54:16 [INFO] 
2026-07-07 16:54:16 [INFO]   🔴 [91m[1mPT0002000105483259QH[0m  [2m[Cluster 1][0m
2026-07-07 16:54:16 [INFO]      consumiu MAIS que o habitual às 07h
2026-07-07 16:54:16 [INFO]      [2mReal:[0m 1.0 kWh   [2mHabitual:[0m 0.0 ± 0.3 kWh   [2mz:[0m +3.33   [2mdesvio:[0m +100000%   [2m(2 obs. dia_util)[0m
2026-07-07 16:54:16 [INFO] 
2026-07-07 16:54:16 [INFO]   🔵 [94m[1mPT0002000105483259QH[0m  [2m[Cluster 1][0m
2026-07-07 16:54:16 [INFO]      consumiu MENOS que o habitual às 08h
2026-07-07 16:54:16 [INFO]      [2mReal:[0m 0.0 kWh   [2mHabitual:[0m 1.0 ± 0.3 kWh   [2mz:[0m -3.33   [2mdesvio:[0m -100%   [2m(2 obs. dia_util)[0m
2026-07-07 16:54:16 [INFO] 
2026-07-07 16:54:16 [INFO]   🔵 [94m[1mPT0002000105483259QH[0m  [2m[Cluster 1][0m
2026-07-07 16:54:16 [INFO]      consumiu MENOS que o habitual às 11h
2026-07-07 16:54:16 [INFO]      [2mReal:[0m 0.0 kWh   [2mHabitual:[0m 1.0 ± 0.3 kWh   [2mz:[0m -3.33   [2mdesvio:[0m -100%   [2m(2 obs. dia_util)[0m
2026-07-07 16:54:16 [INFO] 
2026-07-07 16:54:16 [INFO]   🔵 [94m[1mPT0002000105483259QH[0m  [2m[Cluster 1][0m
2026-07-07 16:54:16 [INFO]      consumiu MENOS que o habitual às 13h
2026-07-07 16:54:16 [INFO]      [2mReal:[0m 0.0 kWh   [2mHabitual:[0m 1.0 ± 0.3 kWh   [2mz:[0m -3.33   [2mdesvio:[0m -100%   [2m(2 obs. dia_util)[0m
2026-07-07 16:54:16 [INFO] 
2026-07-07 16:54:16 [INFO]   🔴 [91m[1mPT0002000105483259QH[0m  [2m[Cluster 1][0m
2026-07-07 16:54:16 [INFO]      consumiu MAIS que o habitual às 15h
2026-07-07 16:54:16 [INFO]      [2mReal:[0m 2.0 kWh   [2mHabitual:[0m 1.0 ± 0.3 kWh   [2mz:[0m +3.33   [2mdesvio:[0m +100%   [2m(2 obs. dia_util)[0m
2026-07-07 16:54:16 [INFO] 
2026-07-07 16:54:16 [INFO]   🔴 [91m[1mPT0002000105483259QH[0m  [2m[Cluster 1][0m
2026-07-07 16:54:16 [INFO]      consumiu MAIS que o habitual às 23h
2026-07-07 16:54:16 [INFO]      [2mReal:[0m 3.0 kWh   [2mHabitual:[0m 2.0 ± 0.3 kWh   [2mz:[0m +3.33   [2mdesvio:[0m +50%   [2m(3 obs. dia_util)[0m
2026-07-07 16:54:16 [INFO] 
2026-07-07 16:54:16 [INFO]   🔴 [91m[1mPT0002000109837807PE[0m  [2m[Cluster 1][0m
2026-07-07 16:54:16 [INFO]      consumiu MAIS que o habitual às 06h
2026-07-07 16:54:16 [INFO]      [2mReal:[0m 4.0 kWh   [2mHabitual:[0m 3.0 ± 0.3 kWh   [2mz:[0m +3.33   [2mdesvio:[0m +33%   [2m(2 obs. dia_util)[0m
2026-07-07 16:54:16 [INFO] 
2026-07-07 16:54:16 [INFO]   🔵 [94m[1mPT0002000110607652SB[0m  [2m[Cluster 0][0m
2026-07-07 16:54:16 [INFO]      consumiu MENOS que o habitual às 02h
2026-07-07 16:54:16 [INFO]      [2mReal:[0m 8.0 kWh   [2mHabitual:[0m 12.0 ± 1.2 kWh   [2mz:[0m -3.33   [2mdesvio:[0m -33%   [2m(2 obs. dia_util)[0m
2026-07-07 16:54:16 [INFO] 
2026-07-07 16:54:16 [INFO]   🔵 [94m[1mPT0002000110607652SB[0m  [2m[Cluster 0][0m
2026-07-07 16:54:16 [INFO]      consumiu MENOS que o habitual às 05h
2026-07-07 16:54:16 [INFO]      [2mReal:[0m 8.0 kWh   [2mHabitual:[0m 12.0 ± 1.2 kWh   [2mz:[0m -3.33   [2mdesvio:[0m -33%   [2m(2 obs. dia_util)[0m
2026-07-07 16:54:16 [INFO] 
2026-07-07 16:54:16 [INFO]   🔵 [94m[1mPT0002000110607652SB[0m  [2m[Cluster 0][0m
2026-07-07 16:54:16 [INFO]      consumiu MENOS que o habitual às 23h
2026-07-07 16:54:16 [INFO]      [2mReal:[0m 8.0 kWh   [2mHabitual:[0m 12.0 ± 1.2 kWh   [2mz:[0m -3.33   [2mdesvio:[0m -33%   [2m(3 obs. dia_util)[0m
2026-07-07 16:54:16 [INFO] 
2026-07-07 16:54:16 [INFO]   🔵 [94m[1mPT0002000112989585PH[0m  [2m[Cluster 0][0m
2026-07-07 16:54:16 [INFO]      consumiu MENOS que o habitual às 11h
2026-07-07 16:54:16 [INFO]      [2mReal:[0m 15.0 kWh   [2mHabitual:[0m 22.5 ± 2.2 kWh   [2mz:[0m -3.33   [2mdesvio:[0m -33%   [2m(2 obs. dia_util)[0m
2026-07-07 16:54:16 [INFO] 
2026-07-07 16:54:16 [INFO]   🔴 [91m[1mPT0002000115700602GW[0m  [2m[Cluster 0][0m
2026-07-07 16:54:16 [INFO]      consumiu MAIS que o habitual às 05h
2026-07-07 16:54:16 [INFO]      [2mReal:[0m 12.0 kWh   [2mHabitual:[0m 9.0 ± 0.9 kWh   [2mz:[0m +3.33   [2mdesvio:[0m +33%   [2m(2 obs. dia_util)[0m
2026-07-07 16:54:16 [INFO] 
2026-07-07 16:54:16 [INFO]   🔴 [91m[1mPT0002000201038711LS[0m  [2m[sem cluster][0m
2026-07-07 16:54:16 [INFO]      consumiu MAIS que o habitual às 03h
2026-07-07 16:54:16 [INFO]      [2mReal:[0m 1.0 kWh   [2mHabitual:[0m 0.0 ± 0.3 kWh   [2mz:[0m +3.33   [2mdesvio:[0m +100000%   [2m(2 obs. dia_util)[0m
2026-07-07 16:54:16 [INFO] 
2026-07-07 16:54:16 [INFO]   🔴 [91m[1mPT0002000201936109ME[0m  [2m[Cluster 0][0m
2026-07-07 16:54:16 [INFO]      consumiu MAIS que o habitual às 01h
2026-07-07 16:54:16 [INFO]      [2mReal:[0m 1.0 kWh   [2mHabitual:[0m 0.0 ± 0.3 kWh   [2mz:[0m +3.33   [2mdesvio:[0m +100000%   [2m(2 obs. dia_util)[0m
2026-07-07 16:54:16 [INFO] 
2026-07-07 16:54:16 [INFO]   🔵 [94m[1mPT0002000201936109ME[0m  [2m[Cluster 0][0m
2026-07-07 16:54:16 [INFO]      consumiu MENOS que o habitual às 03h
2026-07-07 16:54:16 [INFO]      [2mReal:[0m 0.0 kWh   [2mHabitual:[0m 1.0 ± 0.3 kWh   [2mz:[0m -3.33   [2mdesvio:[0m -100%   [2m(2 obs. dia_util)[0m
2026-07-07 16:54:16 [INFO] 
2026-07-07 16:54:16 [INFO]   🔴 [91m[1mPT0002000077394934QY[0m  [2m[Cluster 0][0m
2026-07-07 16:54:16 [INFO]      consumiu MAIS que o habitual às 16h
2026-07-07 16:54:16 [INFO]      [2mReal:[0m 95.0 kWh   [2mHabitual:[0m 71.5 ± 7.2 kWh   [2mz:[0m +3.29   [2mdesvio:[0m +33%   [2m(2 obs. dia_util)[0m
2026-07-07 16:54:16 [INFO] 
2026-07-07 16:54:16 [INFO]   🔴 [91m[1mPT0002000106102375RC[0m  [2m[sem cluster][0m
2026-07-07 16:54:16 [INFO]      consumiu MAIS que o habitual às 11h
2026-07-07 16:54:16 [INFO]      [2mReal:[0m 89.0 kWh   [2mHabitual:[0m 67.0 ± 6.7 kWh   [2mz:[0m +3.28   [2mdesvio:[0m +33%   [2m(2 obs. dia_util)[0m
2026-07-07 16:54:16 [INFO] 
2026-07-07 16:54:16 [INFO]   🔴 [91m[1mPT0002000068856267NC[0m  [2m[sem cluster][0m
2026-07-07 16:54:16 [INFO]      consumiu MAIS que o habitual às 14h
2026-07-07 16:54:16 [INFO]      [2mReal:[0m 64.0 kWh   [2mHabitual:[0m 27.0 ± 11.3 kWh   [2mz:[0m +3.27   [2mdesvio:[0m +137%   [2m(2 obs. dia_util)[0m
2026-07-07 16:54:16 [INFO] 
2026-07-07 16:54:16 [INFO]   🔵 [94m[1mPT0002000078207354XC[0m  [2m[Cluster 1][0m
2026-07-07 16:54:16 [INFO]      consumiu MENOS que o habitual às 17h
2026-07-07 16:54:16 [INFO]      [2mReal:[0m 9.0 kWh   [2mHabitual:[0m 32.0 ± 7.1 kWh   [2mz:[0m -3.25   [2mdesvio:[0m -72%   [2m(2 obs. dia_util)[0m
2026-07-07 16:54:16 [INFO] 
2026-07-07 16:54:16 [INFO]   🔵 [94m[1mPT0002000123648159KR[0m  [2m[Cluster 0][0m
2026-07-07 16:54:16 [INFO]      consumiu MENOS que o habitual às 19h
2026-07-07 16:54:16 [INFO]      [2mReal:[0m 7.0 kWh   [2mHabitual:[0m 18.5 ± 3.5 kWh   [2mz:[0m -3.25   [2mdesvio:[0m -62%   [2m(2 obs. dia_util)[0m
2026-07-07 16:54:16 [INFO] 
2026-07-07 16:54:16 [INFO]   🔴 [91m[1mPT0002000068857909SY[0m  [2m[Cluster 1][0m
2026-07-07 16:54:16 [INFO]      consumiu MAIS que o habitual às 23h
2026-07-07 16:54:16 [INFO]      [2mReal:[0m 29.0 kWh   [2mHabitual:[0m 5.7 ± 7.2 kWh   [2mz:[0m +3.23   [2mdesvio:[0m +411%   [2m(3 obs. dia_util)[0m
2026-07-07 16:54:16 [INFO] 
2026-07-07 16:54:16 [INFO]   🔵 [94m[1mPT0002000107172384HT[0m  [2m[Cluster 1][0m
2026-07-07 16:54:16 [INFO]      consumiu MENOS que o habitual às 21h
2026-07-07 16:54:16 [INFO]      [2mReal:[0m 25.0 kWh   [2mHabitual:[0m 65.3 ± 12.5 kWh   [2mz:[0m -3.23   [2mdesvio:[0m -62%   [2m(3 obs. dia_util)[0m
2026-07-07 16:54:16 [INFO] 
2026-07-07 16:54:16 [INFO]   🔴 [91m[1mPT0002000068859393XH[0m  [2m[Cluster 1][0m
2026-07-07 16:54:16 [INFO]      consumiu MAIS que o habitual às 23h
2026-07-07 16:54:16 [INFO]      [2mReal:[0m 132.0 kWh   [2mHabitual:[0m 41.3 ± 28.3 kWh   [2mz:[0m +3.20   [2mdesvio:[0m +219%   [2m(3 obs. dia_util)[0m
2026-07-07 16:54:16 [INFO] 
2026-07-07 16:54:16 [INFO]   🔴 [91m[1mPT0002000114685657JR[0m  [2m[Cluster 0][0m
2026-07-07 16:54:16 [INFO]      consumiu MAIS que o habitual às 08h
2026-07-07 16:54:16 [INFO]      [2mReal:[0m 264.0 kWh   [2mHabitual:[0m 200.5 ± 20.1 kWh   [2mz:[0m +3.17   [2mdesvio:[0m +32%   [2m(2 obs. dia_util)[0m
2026-07-07 16:54:16 [INFO] 
2026-07-07 16:54:16 [INFO]   🔴 [91m[1mPT0002000201038711LS[0m  [2m[sem cluster][0m
2026-07-07 16:54:16 [INFO]      consumiu MAIS que o habitual às 21h
2026-07-07 16:54:16 [INFO]      [2mReal:[0m 68.0 kWh   [2mHabitual:[0m 18.7 ± 15.6 kWh   [2mz:[0m +3.17   [2mdesvio:[0m +264%   [2m(3 obs. dia_util)[0m
2026-07-07 16:54:16 [INFO] 
2026-07-07 16:54:16 [INFO]   🔴 [91m[1mPT0002000077394934QY[0m  [2m[Cluster 0][0m
2026-07-07 16:54:16 [INFO]      consumiu MAIS que o habitual às 09h
2026-07-07 16:54:16 [INFO]      [2mReal:[0m 92.0 kWh   [2mHabitual:[0m 67.5 ± 7.8 kWh   [2mz:[0m +3.15   [2mdesvio:[0m +36%   [2m(2 obs. dia_util)[0m
2026-07-07 16:54:16 [INFO] 
2026-07-07 16:54:16 [INFO]   🔵 [94m[1mPT0002000078140706BA[0m  [2m[sem cluster][0m
2026-07-07 16:54:16 [INFO]      consumiu MENOS que o habitual às 19h
2026-07-07 16:54:16 [INFO]      [2mReal:[0m 77.0 kWh   [2mHabitual:[0m 117.0 ± 12.7 kWh   [2mz:[0m -3.14   [2mdesvio:[0m -34%   [2m(2 obs. dia_util)[0m
2026-07-07 16:54:16 [INFO] 
2026-07-07 16:54:16 [INFO]   🔴 [91m[1mPT0002000114613364CC[0m  [2m[sem cluster][0m
2026-07-07 16:54:16 [INFO]      consumiu MAIS que o habitual às 19h
2026-07-07 16:54:16 [INFO]      [2mReal:[0m 178.0 kWh   [2mHabitual:[0m 135.5 ± 13.6 kWh   [2mz:[0m +3.14   [2mdesvio:[0m +31%   [2m(2 obs. dia_util)[0m
2026-07-07 16:54:16 [INFO] 
2026-07-07 16:54:16 [INFO]   🔴 [91m[1mPT0002000106102375RC[0m  [2m[sem cluster][0m
2026-07-07 16:54:16 [INFO]      consumiu MAIS que o habitual às 13h
2026-07-07 16:54:16 [INFO]      [2mReal:[0m 88.0 kWh   [2mHabitual:[0m 67.0 ± 6.7 kWh   [2mz:[0m +3.13   [2mdesvio:[0m +31%   [2m(2 obs. dia_util)[0m
2026-07-07 16:54:16 [INFO] 
2026-07-07 16:54:16 [INFO]   🔴 [91m[1mPT0002000073231742VK[0m  [2m[Cluster 0][0m
2026-07-07 16:54:16 [INFO]      consumiu MAIS que o habitual às 15h
2026-07-07 16:54:16 [INFO]      [2mReal:[0m 21.0 kWh   [2mHabitual:[0m 16.0 ± 1.6 kWh   [2mz:[0m +3.12   [2mdesvio:[0m +31%   [2m(2 obs. dia_util)[0m
2026-07-07 16:54:16 [INFO] 
2026-07-07 16:54:16 [INFO]   🔴 [91m[1mPT0002000078441876HB[0m  [2m[Cluster 0][0m
2026-07-07 16:54:16 [INFO]      consumiu MAIS que o habitual às 15h
2026-07-07 16:54:16 [INFO]      [2mReal:[0m 1767.0 kWh   [2mHabitual:[0m 1348.0 ± 134.8 kWh   [2mz:[0m +3.11   [2mdesvio:[0m +31%   [2m(2 obs. dia_util)[0m
2026-07-07 16:54:16 [INFO] 
2026-07-07 16:54:16 [INFO]   🔴 [91m[1mPT0002000068859325FL[0m  [2m[Cluster 1][0m
2026-07-07 16:54:16 [INFO]      consumiu MAIS que o habitual às 03h
2026-07-07 16:54:16 [INFO]      [2mReal:[0m 100.0 kWh   [2mHabitual:[0m 74.0 ± 8.5 kWh   [2mz:[0m +3.06   [2mdesvio:[0m +35%   [2m(2 obs. dia_util)[0m
2026-07-07 16:54:16 [INFO] 
2026-07-07 16:54:16 [INFO]   🔴 [91m[1mPT0002000073481266XH[0m  [2m[Cluster 0][0m
2026-07-07 16:54:16 [INFO]      consumiu MAIS que o habitual às 19h
2026-07-07 16:54:16 [INFO]      [2mReal:[0m 14.0 kWh   [2mHabitual:[0m 7.5 ± 2.1 kWh   [2mz:[0m +3.06   [2mdesvio:[0m +87%   [2m(2 obs. dia_util)[0m
2026-07-07 16:54:16 [INFO] 
2026-07-07 16:54:16 [INFO]   🔴 [91m[1mPT0002000102936404ME[0m  [2m[Cluster 1][0m
2026-07-07 16:54:16 [INFO]      consumiu MAIS que o habitual às 10h
2026-07-07 16:54:16 [INFO]      [2mReal:[0m 26.0 kWh   [2mHabitual:[0m 20.0 ± 2.0 kWh   [2mz:[0m +3.00   [2mdesvio:[0m +30%   [2m(2 obs. dia_util)[0m
2026-07-07 16:54:16 [INFO] 
2026-07-07 16:54:16 [INFO]   🔵 [94m[1mPT0002000112989585PH[0m  [2m[Cluster 0][0m
2026-07-07 16:54:16 [INFO]      consumiu MENOS que o habitual às 17h
2026-07-07 16:54:16 [INFO]      [2mReal:[0m 54.0 kWh   [2mHabitual:[0m 77.0 ± 7.7 kWh   [2mz:[0m -2.99   [2mdesvio:[0m -30%   [2m(2 obs. dia_util)[0m
2026-07-07 16:54:16 [INFO] 
2026-07-07 16:54:16 [INFO]   🔵 [94m[1mPT0002000068856826ZG[0m  [2m[sem cluster][0m
2026-07-07 16:54:16 [INFO]      consumiu MENOS que o habitual às 10h
2026-07-07 16:54:16 [INFO]      [2mReal:[0m 325.0 kWh   [2mHabitual:[0m 462.5 ± 46.2 kWh   [2mz:[0m -2.97   [2mdesvio:[0m -30%   [2m(2 obs. dia_util)[0m
2026-07-07 16:54:16 [INFO] 
2026-07-07 16:54:16 [INFO]   🔴 [91m[1mPT0002000068858231YY[0m  [2m[sem cluster][0m
2026-07-07 16:54:16 [INFO]      consumiu MAIS que o habitual às 18h
2026-07-07 16:54:16 [INFO]      [2mReal:[0m 35.0 kWh   [2mHabitual:[0m 27.0 ± 2.7 kWh   [2mz:[0m +2.96   [2mdesvio:[0m +30%   [2m(2 obs. dia_util)[0m
2026-07-07 16:54:16 [INFO] 
2026-07-07 16:54:16 [INFO]   🔵 [94m[1mPT0002000068856826ZG[0m  [2m[sem cluster][0m
2026-07-07 16:54:16 [INFO]      consumiu MENOS que o habitual às 12h
2026-07-07 16:54:16 [INFO]      [2mReal:[0m 343.0 kWh   [2mHabitual:[0m 486.5 ± 48.6 kWh   [2mz:[0m -2.95   [2mdesvio:[0m -29%   [2m(2 obs. dia_util)[0m
2026-07-07 16:54:16 [INFO] 
2026-07-07 16:54:16 [INFO]   🔴 [91m[1mPT0002000105483259QH[0m  [2m[Cluster 1][0m
2026-07-07 16:54:16 [INFO]      consumiu MAIS que o habitual às 21h
2026-07-07 16:54:16 [INFO]      [2mReal:[0m 3.0 kWh   [2mHabitual:[0m 1.3 ± 0.6 kWh   [2mz:[0m +2.89   [2mdesvio:[0m +126%   [2m(3 obs. dia_util)[0m
2026-07-07 16:54:16 [INFO] 
2026-07-07 16:54:16 [INFO]   🔴 [91m[1mPT0002000105483259QH[0m  [2m[Cluster 1][0m
2026-07-07 16:54:16 [INFO]      consumiu MAIS que o habitual às 22h
2026-07-07 16:54:16 [INFO]      [2mReal:[0m 3.0 kWh   [2mHabitual:[0m 1.3 ± 0.6 kWh   [2mz:[0m +2.89   [2mdesvio:[0m +126%   [2m(3 obs. dia_util)[0m
2026-07-07 16:54:16 [INFO] 
2026-07-07 16:54:16 [INFO]   🔴 [91m[1mPT0002000106102375RC[0m  [2m[sem cluster][0m
2026-07-07 16:54:16 [INFO]      consumiu MAIS que o habitual às 08h
2026-07-07 16:54:16 [INFO]      [2mReal:[0m 76.0 kWh   [2mHabitual:[0m 59.0 ± 5.9 kWh   [2mz:[0m +2.88   [2mdesvio:[0m +29%   [2m(2 obs. dia_util)[0m
2026-07-07 16:54:16 [INFO] 
2026-07-07 16:54:16 [INFO]   🔴 [91m[1mPT0002000077394934QY[0m  [2m[Cluster 0][0m
2026-07-07 16:54:16 [INFO]      consumiu MAIS que o habitual às 17h
2026-07-07 16:54:16 [INFO]      [2mReal:[0m 86.0 kWh   [2mHabitual:[0m 67.0 ± 6.7 kWh   [2mz:[0m +2.84   [2mdesvio:[0m +28%   [2m(2 obs. dia_util)[0m
2026-07-07 16:54:16 [INFO] 
2026-07-07 16:54:16 [INFO]   🔵 [94m[1mPT0002000068856872QG[0m  [2m[Cluster 1][0m
2026-07-07 16:54:16 [INFO]      consumiu MENOS que o habitual às 17h
2026-07-07 16:54:16 [INFO]      [2mReal:[0m 1.0 kWh   [2mHabitual:[0m 5.0 ± 1.4 kWh   [2mz:[0m -2.83   [2mdesvio:[0m -80%   [2m(2 obs. dia_util)[0m
2026-07-07 16:54:16 [INFO] 
2026-07-07 16:54:16 [INFO]   🔵 [94m[1mPT0002000068857099AR[0m  [2m[Cluster 1][0m
2026-07-07 16:54:16 [INFO]      consumiu MENOS que o habitual às 00h
2026-07-07 16:54:16 [INFO]      [2mReal:[0m 10.0 kWh   [2mHabitual:[0m 14.0 ± 1.4 kWh   [2mz:[0m -2.83   [2mdesvio:[0m -29%   [2m(2 obs. dia_util)[0m
2026-07-07 16:54:16 [INFO] 
2026-07-07 16:54:16 [INFO]   🔴 [91m[1mPT0002000078441876HB[0m  [2m[Cluster 0][0m
2026-07-07 16:54:16 [INFO]      consumiu MAIS que o habitual às 14h
2026-07-07 16:54:16 [INFO]      [2mReal:[0m 1869.0 kWh   [2mHabitual:[0m 1459.5 ± 145.9 kWh   [2mz:[0m +2.81   [2mdesvio:[0m +28%   [2m(2 obs. dia_util)[0m
2026-07-07 16:54:16 [INFO] 
2026-07-07 16:54:16 [INFO]   🔴 [91m[1mPT0002000068856974CZ[0m  [2m[sem cluster][0m
2026-07-07 16:54:16 [INFO]      consumiu MAIS que o habitual às 18h
2026-07-07 16:54:16 [INFO]      [2mReal:[0m 56.0 kWh   [2mHabitual:[0m 38.5 ± 6.4 kWh   [2mz:[0m +2.75   [2mdesvio:[0m +45%   [2m(2 obs. dia_util)[0m
2026-07-07 16:54:16 [INFO] 
2026-07-07 16:54:16 [INFO]   🔵 [94m[1mPT0002000107172384HT[0m  [2m[Cluster 1][0m
2026-07-07 16:54:16 [INFO]      consumiu MENOS que o habitual às 13h
2026-07-07 16:54:16 [INFO]      [2mReal:[0m 23.0 kWh   [2mHabitual:[0m 50.0 ± 9.9 kWh   [2mz:[0m -2.73   [2mdesvio:[0m -54%   [2m(2 obs. dia_util)[0m
2026-07-07 16:54:16 [INFO] 
2026-07-07 16:54:16 [INFO]   🔴 [91m[1mPT0002000106102375RC[0m  [2m[sem cluster][0m
2026-07-07 16:54:16 [INFO]      consumiu MAIS que o habitual às 12h
2026-07-07 16:54:16 [INFO]      [2mReal:[0m 89.0 kWh   [2mHabitual:[0m 70.0 ± 7.0 kWh   [2mz:[0m +2.71   [2mdesvio:[0m +27%   [2m(2 obs. dia_util)[0m
2026-07-07 16:54:16 [INFO] 
2026-07-07 16:54:16 [INFO]   🔵 [94m[1mPT0002000107172384HT[0m  [2m[Cluster 1][0m
2026-07-07 16:54:16 [INFO]      consumiu MENOS que o habitual às 12h
2026-07-07 16:54:16 [INFO]      [2mReal:[0m 23.0 kWh   [2mHabitual:[0m 55.5 ± 12.0 kWh   [2mz:[0m -2.70   [2mdesvio:[0m -59%   [2m(2 obs. dia_util)[0m
2026-07-07 16:54:16 [INFO] 
2026-07-07 16:54:16 [INFO]   🔵 [94m[1mPT0002000107172384HT[0m  [2m[Cluster 1][0m
2026-07-07 16:54:16 [INFO]      consumiu MENOS que o habitual às 15h
2026-07-07 16:54:16 [INFO]      [2mReal:[0m 28.0 kWh   [2mHabitual:[0m 47.0 ± 7.1 kWh   [2mz:[0m -2.69   [2mdesvio:[0m -40%   [2m(2 obs. dia_util)[0m
2026-07-07 16:54:16 [INFO] 
2026-07-07 16:54:16 [INFO]   🔴 [91m[1mPT0002000078441876HB[0m  [2m[Cluster 0][0m
2026-07-07 16:54:16 [INFO]      consumiu MAIS que o habitual às 11h
2026-07-07 16:54:16 [INFO]      [2mReal:[0m 1952.0 kWh   [2mHabitual:[0m 1541.0 ± 154.1 kWh   [2mz:[0m +2.67   [2mdesvio:[0m +27%   [2m(2 obs. dia_util)[0m
2026-07-07 16:54:16 [INFO] 
2026-07-07 16:54:16 [INFO]   🔴 [91m[1mPT0002000201038711LS[0m  [2m[sem cluster][0m
2026-07-07 16:54:16 [INFO]      consumiu MAIS que o habitual às 22h
2026-07-07 16:54:16 [INFO]      [2mReal:[0m 45.0 kWh   [2mHabitual:[0m 10.0 ± 13.2 kWh   [2mz:[0m +2.65   [2mdesvio:[0m +350%   [2m(3 obs. dia_util)[0m
2026-07-07 16:54:16 [INFO] 
2026-07-07 16:54:16 [INFO]   🔵 [94m[1mPT0002000081997398TD[0m  [2m[Cluster 0][0m
2026-07-07 16:54:16 [INFO]      consumiu MENOS que o habitual às 16h
2026-07-07 16:54:16 [INFO]      [2mReal:[0m 223.0 kWh   [2mHabitual:[0m 301.0 ± 30.1 kWh   [2mz:[0m -2.59   [2mdesvio:[0m -26%   [2m(2 obs. dia_util)[0m
2026-07-07 16:54:16 [INFO] 
2026-07-07 16:54:16 [INFO]   🔵 [94m[1mPT0002000107172384HT[0m  [2m[Cluster 1][0m
2026-07-07 16:54:16 [INFO]      consumiu MENOS que o habitual às 06h
2026-07-07 16:54:16 [INFO]      [2mReal:[0m 20.0 kWh   [2mHabitual:[0m 31.0 ± 4.2 kWh   [2mz:[0m -2.59   [2mdesvio:[0m -35%   [2m(2 obs. dia_util)[0m
2026-07-07 16:54:16 [INFO] 
2026-07-07 16:54:16 [INFO]   🔴 [91m[1mPT0002000077394934QY[0m  [2m[Cluster 0][0m
2026-07-07 16:54:16 [INFO]      consumiu MAIS que o habitual às 08h
2026-07-07 16:54:16 [INFO]      [2mReal:[0m 71.0 kWh   [2mHabitual:[0m 56.5 ± 5.7 kWh   [2mz:[0m +2.57   [2mdesvio:[0m +26%   [2m(2 obs. dia_util)[0m
2026-07-07 16:54:16 [INFO] 
2026-07-07 16:54:16 [INFO]   🔵 [94m[1mPT0002000078140706BA[0m  [2m[sem cluster][0m
2026-07-07 16:54:16 [INFO]      consumiu MENOS que o habitual às 22h
2026-07-07 16:54:16 [INFO]      [2mReal:[0m 49.0 kWh   [2mHabitual:[0m 66.3 ± 6.8 kWh   [2mz:[0m -2.55   [2mdesvio:[0m -26%   [2m(3 obs. dia_util)[0m
2026-07-07 16:54:16 [INFO] 
2026-07-07 16:54:16 [INFO]   🔴 [91m[1mPT0002000068856267NC[0m  [2m[sem cluster][0m
2026-07-07 16:54:16 [INFO]      consumiu MAIS que o habitual às 13h
2026-07-07 16:54:16 [INFO]      [2mReal:[0m 60.0 kWh   [2mHabitual:[0m 28.0 ± 12.7 kWh   [2mz:[0m +2.51   [2mdesvio:[0m +114%   [2m(2 obs. dia_util)[0m
2026-07-07 16:54:16 [INFO] 
2026-07-07 16:54:16 [INFO]   🔵 [94m[1mPT0002000075637532JB[0m  [2m[Cluster 0][0m
2026-07-07 16:54:16 [INFO]      consumiu MENOS que o habitual às 22h
2026-07-07 16:54:16 [INFO]      [2mReal:[0m 5.0 kWh   [2mHabitual:[0m 6.7 ± 0.7 kWh   [2mz:[0m -2.50   [2mdesvio:[0m -25%   [2m(3 obs. dia_util)[0m
2026-07-07 16:54:16 [INFO] 
2026-07-07 16:54:16 [INFO]   🔴 [91m[1mPT0002000077647404EM[0m  [2m[Cluster 1][0m
2026-07-07 16:54:16 [INFO]      consumiu MAIS que o habitual às 01h
2026-07-07 16:54:16 [INFO]      [2mReal:[0m 5.0 kWh   [2mHabitual:[0m 4.0 ± 0.4 kWh   [2mz:[0m +2.50   [2mdesvio:[0m +25%   [2m(2 obs. dia_util)[0m
2026-07-07 16:54:16 [INFO] 
2026-07-07 16:54:16 [INFO]   🔴 [91m[1mPT0002000107046231FW[0m  [2m[Cluster 0][0m
2026-07-07 16:54:16 [INFO]      consumiu MAIS que o habitual às 07h
2026-07-07 16:54:16 [INFO]      [2mReal:[0m 5.0 kWh   [2mHabitual:[0m 4.0 ± 0.4 kWh   [2mz:[0m +2.50   [2mdesvio:[0m +25%   [2m(2 obs. dia_util)[0m
2026-07-07 16:54:16 [INFO] 
2026-07-07 16:54:16 [INFO]   🔵 [94m[1mPT0002000109837807PE[0m  [2m[Cluster 1][0m
2026-07-07 16:54:16 [INFO]      consumiu MENOS que o habitual às 05h
2026-07-07 16:54:16 [INFO]      [2mReal:[0m 3.0 kWh   [2mHabitual:[0m 4.0 ± 0.4 kWh   [2mz:[0m -2.50   [2mdesvio:[0m -25%   [2m(2 obs. dia_util)[0m
2026-07-07 16:54:16 [INFO] 
2026-07-07 16:54:16 [INFO]   🔴 [91m[1mPT0002000115673471CB[0m  [2m[Cluster 0][0m
2026-07-07 16:54:16 [INFO]      consumiu MAIS que o habitual às 07h
2026-07-07 16:54:16 [INFO]      [2mReal:[0m 51.0 kWh   [2mHabitual:[0m 24.5 ± 10.6 kWh   [2mz:[0m +2.50   [2mdesvio:[0m +108%   [2m(2 obs. dia_util)[0m
2026-07-07 16:54:16 [INFO] 
2026-07-07 16:54:16 [INFO]   🔴 [91m[1mPT0002000119303492KB[0m  [2m[Cluster 0][0m
2026-07-07 16:54:16 [INFO]      consumiu MAIS que o habitual às 20h
2026-07-07 16:54:16 [INFO]      [2mReal:[0m 5.0 kWh   [2mHabitual:[0m 4.0 ± 0.4 kWh   [2mz:[0m +2.50   [2mdesvio:[0m +25%   [2m(2 obs. dia_util)[0m
2026-07-07 16:54:16 [INFO] 
2026-07-07 16:54:16 [INFO]   🔴 [91m[1mPT0002000106102375RC[0m  [2m[sem cluster][0m
2026-07-07 16:54:16 [INFO]      consumiu MAIS que o habitual às 14h
2026-07-07 16:54:16 [INFO]      [2mReal:[0m 88.0 kWh   [2mHabitual:[0m 70.5 ± 7.0 kWh   [2mz:[0m +2.48   [2mdesvio:[0m +25%   [2m(2 obs. dia_util)[0m
2026-07-07 16:54:16 [INFO] 
2026-07-07 16:54:16 [INFO]   🔴 [91m[1mPT0002000125701614SQ[0m  [2m[sem cluster][0m
2026-07-07 16:54:16 [INFO]      consumiu MAIS que o habitual às 14h
2026-07-07 16:54:16 [INFO]      [2mReal:[0m 73.0 kWh   [2mHabitual:[0m 29.5 ± 17.7 kWh   [2mz:[0m +2.46   [2mdesvio:[0m +147%   [2m(2 obs. dia_util)[0m
2026-07-07 16:54:16 [INFO] 
2026-07-07 16:54:16 [INFO]   🔵 [94m[1mPT0002000068856906VS[0m  [2m[Cluster 0][0m
2026-07-07 16:54:16 [INFO]      consumiu MENOS que o habitual às 11h
2026-07-07 16:54:16 [INFO]      [2mReal:[0m 37.0 kWh   [2mHabitual:[0m 49.0 ± 4.9 kWh   [2mz:[0m -2.45   [2mdesvio:[0m -24%   [2m(2 obs. dia_util)[0m
2026-07-07 16:54:16 [INFO] 
2026-07-07 16:54:16 [INFO]   🔴 [91m[1mPT0002000106102375RC[0m  [2m[sem cluster][0m
2026-07-07 16:54:16 [INFO]      consumiu MAIS que o habitual às 09h
2026-07-07 16:54:16 [INFO]      [2mReal:[0m 79.0 kWh   [2mHabitual:[0m 63.5 ± 6.3 kWh   [2mz:[0m +2.44   [2mdesvio:[0m +24%   [2m(2 obs. dia_util)[0m
2026-07-07 16:54:16 [INFO] 
2026-07-07 16:54:16 [INFO]   🔵 [94m[1mPT0002000068855003AK[0m  [2m[sem cluster][0m
2026-07-07 16:54:16 [INFO]      consumiu MENOS que o habitual às 23h
2026-07-07 16:54:16 [INFO]      [2mReal:[0m 11.0 kWh   [2mHabitual:[0m 24.3 ± 5.5 kWh   [2mz:[0m -2.42   [2mdesvio:[0m -55%   [2m(3 obs. dia_util)[0m
2026-07-07 16:54:16 [INFO] 
2026-07-07 16:54:16 [INFO]   🔵 [94m[1mPT0002000078441876HB[0m  [2m[Cluster 0][0m
2026-07-07 16:54:16 [INFO]      consumiu MENOS que o habitual às 23h
2026-07-07 16:54:16 [INFO]      [2mReal:[0m 688.0 kWh   [2mHabitual:[0m 907.0 ± 90.7 kWh   [2mz:[0m -2.41   [2mdesvio:[0m -24%   [2m(3 obs. dia_util)[0m
2026-07-07 16:54:16 [INFO] 
2026-07-07 16:54:16 [INFO]   🔴 [91m[1mPT0002000106102375RC[0m  [2m[sem cluster][0m
2026-07-07 16:54:16 [INFO]      consumiu MAIS que o habitual às 10h
2026-07-07 16:54:16 [INFO]      [2mReal:[0m 80.0 kWh   [2mHabitual:[0m 64.5 ± 6.5 kWh   [2mz:[0m +2.40   [2mdesvio:[0m +24%   [2m(2 obs. dia_util)[0m
2026-07-07 16:54:16 [INFO] 
2026-07-07 16:54:16 [INFO]   🔵 [94m[1mPT0002000068855003AK[0m  [2m[sem cluster][0m
2026-07-07 16:54:16 [INFO]      consumiu MENOS que o habitual às 22h
2026-07-07 16:54:16 [INFO]      [2mReal:[0m 12.0 kWh   [2mHabitual:[0m 25.7 ± 5.8 kWh   [2mz:[0m -2.37   [2mdesvio:[0m -53%   [2m(3 obs. dia_util)[0m
2026-07-07 16:54:16 [INFO] 
2026-07-07 16:54:16 [INFO]   🔵 [94m[1mPT0002000068855003AK[0m  [2m[sem cluster][0m
2026-07-07 16:54:16 [INFO]      consumiu MENOS que o habitual às 17h
2026-07-07 16:54:16 [INFO]      [2mReal:[0m 36.0 kWh   [2mHabitual:[0m 47.0 ± 4.7 kWh   [2mz:[0m -2.34   [2mdesvio:[0m -23%   [2m(2 obs. dia_util)[0m
2026-07-07 16:54:16 [INFO] 
2026-07-07 16:54:16 [INFO]   🔴 [91m[1mPT0002000068856826ZG[0m  [2m[sem cluster][0m
2026-07-07 16:54:16 [INFO]      consumiu MAIS que o habitual às 21h
2026-07-07 16:54:16 [INFO]      [2mReal:[0m 405.0 kWh   [2mHabitual:[0m 309.0 ± 41.1 kWh   [2mz:[0m +2.33   [2mdesvio:[0m +31%   [2m(3 obs. dia_util)[0m
2026-07-07 16:54:16 [INFO] 
2026-07-07 16:54:16 [INFO]   🔵 [94m[1mPT0002000078140706BA[0m  [2m[sem cluster][0m
2026-07-07 16:54:16 [INFO]      consumiu MENOS que o habitual às 23h
2026-07-07 16:54:16 [INFO]      [2mReal:[0m 45.0 kWh   [2mHabitual:[0m 58.7 ± 5.9 kWh   [2mz:[0m -2.33   [2mdesvio:[0m -23%   [2m(3 obs. dia_util)[0m
2026-07-07 16:54:16 [INFO] 
2026-07-07 16:54:16 [INFO]   🔴 [91m[1mPT0002000203886452WB[0m  [2m[sem cluster][0m
2026-07-07 16:54:16 [INFO]      consumiu MAIS que o habitual às 21h
2026-07-07 16:54:16 [INFO]      [2mReal:[0m 8.0 kWh   [2mHabitual:[0m 2.7 ± 2.3 kWh   [2mz:[0m +2.31   [2mdesvio:[0m +200%   [2m(3 obs. dia_util)[0m
2026-07-07 16:54:16 [INFO] 
2026-07-07 16:54:16 [INFO]   🔴 [91m[1mPT0002000068859597LS[0m  [2m[Cluster 0][0m
2026-07-07 16:54:16 [INFO]      consumiu MAIS que o habitual às 23h
2026-07-07 16:54:16 [INFO]      [2mReal:[0m 70.0 kWh   [2mHabitual:[0m 53.3 ± 7.2 kWh   [2mz:[0m +2.30   [2mdesvio:[0m +31%   [2m(3 obs. dia_util)[0m
2026-07-07 16:54:16 [INFO] 
2026-07-07 16:54:16 [INFO]   🔴 [91m[1mPT0002000109837807PE[0m  [2m[Cluster 1][0m
2026-07-07 16:54:16 [INFO]      consumiu MAIS que o habitual às 17h
2026-07-07 16:54:16 [INFO]      [2mReal:[0m 21.0 kWh   [2mHabitual:[0m 8.0 ± 5.7 kWh   [2mz:[0m +2.30   [2mdesvio:[0m +162%   [2m(2 obs. dia_util)[0m
2026-07-07 16:54:16 [INFO] 
2026-07-07 16:54:16 [INFO]   🔵 [94m[1mPT0002000068858231YY[0m  [2m[sem cluster][0m
2026-07-07 16:54:16 [INFO]      consumiu MENOS que o habitual às 20h
2026-07-07 16:54:16 [INFO]      [2mReal:[0m 22.0 kWh   [2mHabitual:[0m 28.5 ± 2.9 kWh   [2mz:[0m -2.28   [2mdesvio:[0m -23%   [2m(2 obs. dia_util)[0m
2026-07-07 16:54:16 [INFO] 
2026-07-07 16:54:16 [INFO]   🔴 [91m[1mPT0002000110814293YC[0m  [2m[sem cluster][0m
2026-07-07 16:54:16 [INFO]      consumiu MAIS que o habitual às 08h
2026-07-07 16:54:16 [INFO]      [2mReal:[0m 27.0 kWh   [2mHabitual:[0m 22.0 ± 2.2 kWh   [2mz:[0m +2.27   [2mdesvio:[0m +23%   [2m(2 obs. dia_util)[0m
2026-07-07 16:54:16 [INFO] 
2026-07-07 16:54:16 [INFO]   🔴 [91m[1mPT0002000115673471CB[0m  [2m[Cluster 0][0m
2026-07-07 16:54:16 [INFO]      consumiu MAIS que o habitual às 04h
2026-07-07 16:54:16 [INFO]      [2mReal:[0m 27.0 kWh   [2mHabitual:[0m 22.0 ± 2.2 kWh   [2mz:[0m +2.27   [2mdesvio:[0m +23%   [2m(2 obs. dia_util)[0m
2026-07-07 16:54:16 [INFO] 
2026-07-07 16:54:16 [INFO]   🔵 [94m[1mPT0002000107172384HT[0m  [2m[Cluster 1][0m
2026-07-07 16:54:16 [INFO]      consumiu MENOS que o habitual às 08h
2026-07-07 16:54:16 [INFO]      [2mReal:[0m 24.0 kWh   [2mHabitual:[0m 31.0 ± 3.1 kWh   [2mz:[0m -2.26   [2mdesvio:[0m -23%   [2m(2 obs. dia_util)[0m
2026-07-07 16:54:16 [INFO] 
2026-07-07 16:54:16 [INFO]   🔴 [91m[1mPT0002000109837807PE[0m  [2m[Cluster 1][0m
2026-07-07 16:54:16 [INFO]      consumiu MAIS que o habitual às 18h
2026-07-07 16:54:16 [INFO]      [2mReal:[0m 27.0 kWh   [2mHabitual:[0m 9.5 ± 7.8 kWh   [2mz:[0m +2.25   [2mdesvio:[0m +184%   [2m(2 obs. dia_util)[0m
2026-07-07 16:54:16 [INFO] 
2026-07-07 16:54:16 [INFO]   🔵 [94m[1mPT0002000125701614SQ[0m  [2m[sem cluster][0m
2026-07-07 16:54:16 [INFO]      consumiu MENOS que o habitual às 05h
2026-07-07 16:54:16 [INFO]      [2mReal:[0m 14.0 kWh   [2mHabitual:[0m 18.0 ± 1.8 kWh   [2mz:[0m -2.22   [2mdesvio:[0m -22%   [2m(2 obs. dia_util)[0m
2026-07-07 16:54:16 [INFO] 
2026-07-07 16:54:16 [INFO]   🔴 [91m[1mPT0002000116530964LH[0m  [2m[sem cluster][0m
2026-07-07 16:54:16 [INFO]      consumiu MAIS que o habitual às 07h
2026-07-07 16:54:16 [INFO]      [2mReal:[0m 107.0 kWh   [2mHabitual:[0m 88.0 ± 8.8 kWh   [2mz:[0m +2.16   [2mdesvio:[0m +22%   [2m(2 obs. dia_util)[0m
2026-07-07 16:54:16 [INFO] 
2026-07-07 16:54:16 [INFO]   🔵 [94m[1mPT0002000081997398TD[0m  [2m[Cluster 0][0m
2026-07-07 16:54:16 [INFO]      consumiu MENOS que o habitual às 20h
2026-07-07 16:54:16 [INFO]      [2mReal:[0m 399.0 kWh   [2mHabitual:[0m 508.5 ± 50.9 kWh   [2mz:[0m -2.15   [2mdesvio:[0m -22%   [2m(2 obs. dia_util)[0m
2026-07-07 16:54:16 [INFO] 
2026-07-07 16:54:16 [INFO]   🔵 [94m[1mPT0002000123648159KR[0m  [2m[Cluster 0][0m
2026-07-07 16:54:16 [INFO]      consumiu MENOS que o habitual às 01h
2026-07-07 16:54:16 [INFO]      [2mReal:[0m 11.0 kWh   [2mHabitual:[0m 14.0 ± 1.4 kWh   [2mz:[0m -2.14   [2mdesvio:[0m -21%   [2m(2 obs. dia_util)[0m
2026-07-07 16:54:16 [INFO] 
2026-07-07 16:54:16 [INFO]   🔴 [91m[1mPT0002000068856267NC[0m  [2m[sem cluster][0m
2026-07-07 16:54:16 [INFO]      consumiu MAIS que o habitual às 08h
2026-07-07 16:54:16 [INFO]      [2mReal:[0m 50.0 kWh   [2mHabitual:[0m 33.5 ± 7.8 kWh   [2mz:[0m +2.12   [2mdesvio:[0m +49%   [2m(2 obs. dia_util)[0m
2026-07-07 16:54:16 [INFO] 
2026-07-07 16:54:16 [INFO]   🔵 [94m[1mPT0002000068857099AR[0m  [2m[Cluster 1][0m
2026-07-07 16:54:16 [INFO]      consumiu MENOS que o habitual às 02h
2026-07-07 16:54:16 [INFO]      [2mReal:[0m 6.0 kWh   [2mHabitual:[0m 10.5 ± 2.1 kWh   [2mz:[0m -2.12   [2mdesvio:[0m -43%   [2m(2 obs. dia_util)[0m
2026-07-07 16:54:16 [INFO] 
2026-07-07 16:54:16 [INFO]   🔵 [94m[1mPT0002000068857909SY[0m  [2m[Cluster 1][0m
2026-07-07 16:54:16 [INFO]      consumiu MENOS que o habitual às 06h
2026-07-07 16:54:16 [INFO]      [2mReal:[0m 1.0 kWh   [2mHabitual:[0m 2.5 ± 0.7 kWh   [2mz:[0m -2.12   [2mdesvio:[0m -60%   [2m(2 obs. dia_util)[0m
2026-07-07 16:54:16 [INFO] 
2026-07-07 16:54:16 [INFO]   🔴 [91m[1mPT0002000068858674WN[0m  [2m[sem cluster][0m
2026-07-07 16:54:16 [INFO]      consumiu MAIS que o habitual às 10h
2026-07-07 16:54:16 [INFO]      [2mReal:[0m 16.0 kWh   [2mHabitual:[0m 10.0 ± 2.8 kWh   [2mz:[0m +2.12   [2mdesvio:[0m +60%   [2m(2 obs. dia_util)[0m
2026-07-07 16:54:16 [INFO] 
2026-07-07 16:54:16 [INFO]   🔴 [91m[1mPT0002000068858674WN[0m  [2m[sem cluster][0m
2026-07-07 16:54:16 [INFO]      consumiu MAIS que o habitual às 11h
2026-07-07 16:54:16 [INFO]      [2mReal:[0m 16.0 kWh   [2mHabitual:[0m 10.0 ± 2.8 kWh   [2mz:[0m +2.12   [2mdesvio:[0m +60%   [2m(2 obs. dia_util)[0m
2026-07-07 16:54:16 [INFO] 
2026-07-07 16:54:16 [INFO]   🔴 [91m[1mPT0002000068858674WN[0m  [2m[sem cluster][0m
2026-07-07 16:54:16 [INFO]      consumiu MAIS que o habitual às 13h
2026-07-07 16:54:16 [INFO]      [2mReal:[0m 16.0 kWh   [2mHabitual:[0m 10.0 ± 2.8 kWh   [2mz:[0m +2.12   [2mdesvio:[0m +60%   [2m(2 obs. dia_util)[0m
2026-07-07 16:54:16 [INFO] 
2026-07-07 16:54:16 [INFO]   🔴 [91m[1mPT0002000068858674WN[0m  [2m[sem cluster][0m
2026-07-07 16:54:16 [INFO]      consumiu MAIS que o habitual às 15h
2026-07-07 16:54:16 [INFO]      [2mReal:[0m 16.0 kWh   [2mHabitual:[0m 10.0 ± 2.8 kWh   [2mz:[0m +2.12   [2mdesvio:[0m +60%   [2m(2 obs. dia_util)[0m
2026-07-07 16:54:16 [INFO] 
2026-07-07 16:54:16 [INFO]   🔵 [94m[1mPT0002000071896778MT[0m  [2m[Cluster 0][0m
2026-07-07 16:54:16 [INFO]      consumiu MENOS que o habitual às 19h
2026-07-07 16:54:16 [INFO]      [2mReal:[0m 3.0 kWh   [2mHabitual:[0m 4.5 ± 0.7 kWh   [2mz:[0m -2.12   [2mdesvio:[0m -33%   [2m(2 obs. dia_util)[0m
2026-07-07 16:54:16 [INFO] 
2026-07-07 16:54:16 [INFO]   🔵 [94m[1mPT0002000075637532JB[0m  [2m[Cluster 0][0m
2026-07-07 16:54:16 [INFO]      consumiu MENOS que o habitual às 19h
2026-07-07 16:54:16 [INFO]      [2mReal:[0m 5.0 kWh   [2mHabitual:[0m 6.5 ± 0.7 kWh   [2mz:[0m -2.12   [2mdesvio:[0m -23%   [2m(2 obs. dia_util)[0m
2026-07-07 16:54:16 [INFO] 
2026-07-07 16:54:16 [INFO]   🔵 [94m[1mPT0002000078294957RQ[0m  [2m[Cluster 0][0m
2026-07-07 16:54:16 [INFO]      consumiu MENOS que o habitual às 03h
2026-07-07 16:54:16 [INFO]      [2mReal:[0m 5.0 kWh   [2mHabitual:[0m 6.5 ± 0.7 kWh   [2mz:[0m -2.12   [2mdesvio:[0m -23%   [2m(2 obs. dia_util)[0m
2026-07-07 16:54:16 [INFO] 
2026-07-07 16:54:16 [INFO]   🔵 [94m[1mPT0002000081344542CP[0m  [2m[Cluster 1][0m
2026-07-07 16:54:16 [INFO]      consumiu MENOS que o habitual às 17h
2026-07-07 16:54:16 [INFO]      [2mReal:[0m 1.0 kWh   [2mHabitual:[0m 2.5 ± 0.7 kWh   [2mz:[0m -2.12   [2mdesvio:[0m -60%   [2m(2 obs. dia_util)[0m
2026-07-07 16:54:16 [INFO] 
2026-07-07 16:54:16 [INFO]   🔴 [91m[1mPT0002000105483259QH[0m  [2m[Cluster 1][0m
2026-07-07 16:54:16 [INFO]      consumiu MAIS que o habitual às 18h
2026-07-07 16:54:16 [INFO]      [2mReal:[0m 3.0 kWh   [2mHabitual:[0m 1.5 ± 0.7 kWh   [2mz:[0m +2.12   [2mdesvio:[0m +100%   [2m(2 obs. dia_util)[0m
2026-07-07 16:54:16 [INFO] 
2026-07-07 16:54:16 [INFO]   🔴 [91m[1mPT0002000107046231FW[0m  [2m[Cluster 0][0m
2026-07-07 16:54:16 [INFO]      consumiu MAIS que o habitual às 05h
2026-07-07 16:54:16 [INFO]      [2mReal:[0m 5.0 kWh   [2mHabitual:[0m 3.5 ± 0.7 kWh   [2mz:[0m +2.12   [2mdesvio:[0m +43%   [2m(2 obs. dia_util)[0m
2026-07-07 16:54:16 [INFO] 
2026-07-07 16:54:16 [INFO]   🔵 [94m[1mPT0002000107172384HT[0m  [2m[Cluster 1][0m
2026-07-07 16:54:16 [INFO]      consumiu MENOS que o habitual às 07h
2026-07-07 16:54:16 [INFO]      [2mReal:[0m 22.0 kWh   [2mHabitual:[0m 31.0 ± 4.2 kWh   [2mz:[0m -2.12   [2mdesvio:[0m -29%   [2m(2 obs. dia_util)[0m
2026-07-07 16:54:16 [INFO] 
2026-07-07 16:54:16 [INFO]   🔴 [91m[1mPT0002000110090564GD[0m  [2m[Cluster 1][0m
2026-07-07 16:54:16 [INFO]      consumiu MAIS que o habitual às 09h
2026-07-07 16:54:16 [INFO]      [2mReal:[0m 6.0 kWh   [2mHabitual:[0m 4.5 ± 0.7 kWh   [2mz:[0m +2.12   [2mdesvio:[0m +33%   [2m(2 obs. dia_util)[0m
2026-07-07 16:54:16 [INFO] 
2026-07-07 16:54:16 [INFO]   🔴 [91m[1mPT0002000110090564GD[0m  [2m[Cluster 1][0m
2026-07-07 16:54:16 [INFO]      consumiu MAIS que o habitual às 11h
2026-07-07 16:54:16 [INFO]      [2mReal:[0m 6.0 kWh   [2mHabitual:[0m 4.5 ± 0.7 kWh   [2mz:[0m +2.12   [2mdesvio:[0m +33%   [2m(2 obs. dia_util)[0m
2026-07-07 16:54:16 [INFO] 
2026-07-07 16:54:16 [INFO]   🔴 [91m[1mPT0002000110090564GD[0m  [2m[Cluster 1][0m
2026-07-07 16:54:16 [INFO]      consumiu MAIS que o habitual às 20h
2026-07-07 16:54:16 [INFO]      [2mReal:[0m 6.0 kWh   [2mHabitual:[0m 4.5 ± 0.7 kWh   [2mz:[0m +2.12   [2mdesvio:[0m +33%   [2m(2 obs. dia_util)[0m
2026-07-07 16:54:16 [INFO] 
2026-07-07 16:54:16 [INFO]   🔴 [91m[1mPT0002000119303492KB[0m  [2m[Cluster 0][0m
2026-07-07 16:54:16 [INFO]      consumiu MAIS que o habitual às 05h
2026-07-07 16:54:16 [INFO]      [2mReal:[0m 7.0 kWh   [2mHabitual:[0m 5.5 ± 0.7 kWh   [2mz:[0m +2.12   [2mdesvio:[0m +27%   [2m(2 obs. dia_util)[0m
2026-07-07 16:54:16 [INFO] 
2026-07-07 16:54:16 [INFO]   🔵 [94m[1mPT0002000123648159KR[0m  [2m[Cluster 0][0m
2026-07-07 16:54:16 [INFO]      consumiu MENOS que o habitual às 18h
2026-07-07 16:54:16 [INFO]      [2mReal:[0m 10.0 kWh   [2mHabitual:[0m 23.5 ± 6.4 kWh   [2mz:[0m -2.12   [2mdesvio:[0m -57%   [2m(2 obs. dia_util)[0m
2026-07-07 16:54:16 [INFO] 
2026-07-07 16:54:16 [INFO]   🔴 [91m[1mPT0002000125701614SQ[0m  [2m[sem cluster][0m
2026-07-07 16:54:16 [INFO]      consumiu MAIS que o habitual às 10h
2026-07-07 16:54:16 [INFO]      [2mReal:[0m 40.0 kWh   [2mHabitual:[0m 23.5 ± 7.8 kWh   [2mz:[0m +2.12   [2mdesvio:[0m +70%   [2m(2 obs. dia_util)[0m
2026-07-07 16:54:16 [INFO] 
2026-07-07 16:54:16 [INFO]   🔴 [91m[1mPT0002000201038711LS[0m  [2m[sem cluster][0m
2026-07-07 16:54:16 [INFO]      consumiu MAIS que o habitual às 07h
2026-07-07 16:54:16 [INFO]      [2mReal:[0m 8.0 kWh   [2mHabitual:[0m 3.5 ± 2.1 kWh   [2mz:[0m +2.12   [2mdesvio:[0m +129%   [2m(2 obs. dia_util)[0m
2026-07-07 16:54:16 [INFO] 
2026-07-07 16:54:16 [INFO]   🔵 [94m[1mPT0002000201936109ME[0m  [2m[Cluster 0][0m
2026-07-07 16:54:16 [INFO]      consumiu MENOS que o habitual às 04h
2026-07-07 16:54:16 [INFO]      [2mReal:[0m 0.0 kWh   [2mHabitual:[0m 1.5 ± 0.7 kWh   [2mz:[0m -2.12   [2mdesvio:[0m -100%   [2m(2 obs. dia_util)[0m
2026-07-07 16:54:16 [INFO] 
2026-07-07 16:54:16 [INFO]   🔴 [91m[1mPT0002000073717386HC[0m  [2m[sem cluster][0m
2026-07-07 16:54:16 [INFO]      consumiu MAIS que o habitual às 17h
2026-07-07 16:54:16 [INFO]      [2mReal:[0m 66.0 kWh   [2mHabitual:[0m 54.5 ± 5.5 kWh   [2mz:[0m +2.11   [2mdesvio:[0m +21%   [2m(2 obs. dia_util)[0m
2026-07-07 16:54:16 [INFO] 
2026-07-07 16:54:16 [INFO]   🔵 [94m[1mPT0002000075637532JB[0m  [2m[Cluster 0][0m
2026-07-07 16:54:16 [INFO]      consumiu MENOS que o habitual às 21h
2026-07-07 16:54:16 [INFO]      [2mReal:[0m 5.0 kWh   [2mHabitual:[0m 6.3 ± 0.6 kWh   [2mz:[0m -2.11   [2mdesvio:[0m -21%   [2m(3 obs. dia_util)[0m
2026-07-07 16:54:16 [INFO] 
2026-07-07 16:54:16 [INFO]   🔴 [91m[1mPT0002000068859382XF[0m  [2m[Cluster 0][0m
2026-07-07 16:54:16 [INFO]      consumiu MAIS que o habitual às 08h
2026-07-07 16:54:16 [INFO]      [2mReal:[0m 52.0 kWh   [2mHabitual:[0m 43.0 ± 4.3 kWh   [2mz:[0m +2.09   [2mdesvio:[0m +21%   [2m(2 obs. dia_util)[0m
2026-07-07 16:54:16 [INFO] 
2026-07-07 16:54:16 [INFO]   🔴 [91m[1mPT0002000110814293YC[0m  [2m[sem cluster][0m
2026-07-07 16:54:16 [INFO]      consumiu MAIS que o habitual às 10h
2026-07-07 16:54:16 [INFO]      [2mReal:[0m 26.0 kWh   [2mHabitual:[0m 21.5 ± 2.1 kWh   [2mz:[0m +2.09   [2mdesvio:[0m +21%   [2m(2 obs. dia_util)[0m
2026-07-07 16:54:16 [INFO] 
2026-07-07 16:54:16 [INFO]   🔴 [91m[1mPT0002000068859325FL[0m  [2m[Cluster 1][0m
2026-07-07 16:54:16 [INFO]      consumiu MAIS que o habitual às 12h
2026-07-07 16:54:16 [INFO]      [2mReal:[0m 232.0 kWh   [2mHabitual:[0m 192.0 ± 19.2 kWh   [2mz:[0m +2.08   [2mdesvio:[0m +21%   [2m(2 obs. dia_util)[0m
2026-07-07 16:54:16 [INFO] 
2026-07-07 16:54:16 [INFO]   🔴 [91m[1mPT0002000068859393XH[0m  [2m[Cluster 1][0m
2026-07-07 16:54:16 [INFO]      consumiu MAIS que o habitual às 10h
2026-07-07 16:54:16 [INFO]      [2mReal:[0m 134.0 kWh   [2mHabitual:[0m 111.0 ± 11.1 kWh   [2mz:[0m +2.07   [2mdesvio:[0m +21%   [2m(2 obs. dia_util)[0m
2026-07-07 16:54:16 [INFO] 
2026-07-07 16:54:16 [INFO]   🔴 [91m[1mPT0002000068856267NC[0m  [2m[sem cluster][0m
2026-07-07 16:54:16 [INFO]      consumiu MAIS que o habitual às 15h
2026-07-07 16:54:16 [INFO]      [2mReal:[0m 59.0 kWh   [2mHabitual:[0m 30.0 ± 14.1 kWh   [2mz:[0m +2.05   [2mdesvio:[0m +97%   [2m(2 obs. dia_util)[0m
2026-07-07 16:54:16 [INFO] 
2026-07-07 16:54:16 [INFO]   🔴 [91m[1mPT0002000082549706RH[0m  [2m[Cluster 0][0m
2026-07-07 16:54:16 [INFO]      consumiu MAIS que o habitual às 10h
2026-07-07 16:54:16 [INFO]      [2mReal:[0m 132.0 kWh   [2mHabitual:[0m 109.5 ± 10.9 kWh   [2mz:[0m +2.05   [2mdesvio:[0m +21%   [2m(2 obs. dia_util)[0m
2026-07-07 16:54:16 [INFO] 
2026-07-07 16:54:16 [INFO]   🔵 [94m[1mPT0002000112989585PH[0m  [2m[Cluster 0][0m
2026-07-07 16:54:16 [INFO]      consumiu MENOS que o habitual às 10h
2026-07-07 16:54:16 [INFO]      [2mReal:[0m 31.0 kWh   [2mHabitual:[0m 39.0 ± 3.9 kWh   [2mz:[0m -2.05   [2mdesvio:[0m -21%   [2m(2 obs. dia_util)[0m
2026-07-07 16:54:16 [INFO] 
2026-07-07 16:54:16 [INFO]   🔴 [91m[1mPT0002000068855003AK[0m  [2m[sem cluster][0m
2026-07-07 16:54:16 [INFO]      consumiu MAIS que o habitual às 16h
2026-07-07 16:54:16 [INFO]      [2mReal:[0m 59.0 kWh   [2mHabitual:[0m 49.0 ± 4.9 kWh   [2mz:[0m +2.04   [2mdesvio:[0m +20%   [2m(2 obs. dia_util)[0m
2026-07-07 16:54:16 [INFO] 
2026-07-07 16:54:16 [INFO]   🔵 [94m[1mPT0002000106102375RC[0m  [2m[sem cluster][0m
2026-07-07 16:54:16 [INFO]      consumiu MENOS que o habitual às 23h
2026-07-07 16:54:16 [INFO]      [2mReal:[0m 48.0 kWh   [2mHabitual:[0m 60.3 ± 6.0 kWh   [2mz:[0m -2.04   [2mdesvio:[0m -20%   [2m(3 obs. dia_util)[0m
2026-07-07 16:54:16 [INFO] 
2026-07-07 16:54:16 [INFO]   🔵 [94m[1mPT0002000068856826ZG[0m  [2m[sem cluster][0m
2026-07-07 16:54:16 [INFO]      consumiu MENOS que o habitual às 09h
2026-07-07 16:54:16 [INFO]      [2mReal:[0m 349.0 kWh   [2mHabitual:[0m 436.5 ± 43.6 kWh   [2mz:[0m -2.00   [2mdesvio:[0m -20%   [2m(2 obs. dia_util)[0m
2026-07-07 16:54:16 [INFO] 
2026-07-07 16:54:16 [INFO]   [2mCSV:[0m /home/runner/work/ts-anomaly-detection-dissertation/ts-anomaly-detection-dissertation/results/energia/realtime/alerts/analise_energia_2026-07-06.csv
2026-07-07 16:54:16 [INFO] 
2026-07-07 16:54:16 [INFO] [96m→ A prever consumo de 2026-07-07 para 276 CPEs...[0m
2026-07-07 16:54:20 [INFO] [1m══════════════════════════════════════════════════════════════════════[0m
2026-07-07 16:54:20 [INFO] [1m  PREDIÇÃO — 2026-07-07 [0m[2m(dia util)[0m
2026-07-07 16:54:20 [INFO] [1m══════════════════════════════════════════════════════════════════════[0m
2026-07-07 16:54:20 [INFO]   [95m● CPEs previstos[0m          69 [2m(alta: 0, baixa: 1656)[0m
2026-07-07 16:54:20 [INFO]   [95m● Consumo total previsto[0m 105903.4 kWh [2m(±25913.3)[0m
2026-07-07 16:54:20 [INFO] 
2026-07-07 16:54:20 [INFO]   [2mPrevisão guardada:[0m /home/runner/work/ts-anomaly-detection-dissertation/ts-anomaly-detection-dissertation/results/energia/realtime/predictions/previsao_energia_2026-07-07.csv
2026-07-07 16:54:20 [INFO] 
2026-07-07 16:54:20 [INFO] [1m══════════════════════════════════════════════════════════════════════[0m
2026-07-07 16:54:20 [INFO] [1m  VALIDAÇÃO — qualidade das previsões anteriores[0m
2026-07-07 16:54:20 [INFO] [1m══════════════════════════════════════════════════════════════════════[0m
2026-07-07 16:54:20 [INFO]   [2mDias validados:[0m 4   [2mpendentes:[0m 22
2026-07-07 16:54:20 [INFO]   [2mÚltimo (2026-07-06):[0m MAE 16.10 kWh   RMSE 36.08   em ±1σ 60% [2m(esperado ~68%)[0m   em ±2σ 83% [2m(esperado ~95%)[0m
2026-07-07 16:54:20 [INFO]   [2mMédia acumulada:[0m MAE 17.82 kWh   RMSE 41.97   em ±1σ 56%   em ±2σ 81%
2026-07-07 16:54:20 [INFO]   [2mCSV:[0m /home/runner/work/ts-anomaly-detection-dissertation/ts-anomaly-detection-dissertation/results/energia/realtime/analysis/qualidade_previsoes_energia.csv
2026-07-07 16:54:20 [INFO] 
