2026-07-13 15:14:54 [INFO] [96m→ A pedir dados ao BaZe (276 CPEs)...[0m
2026-07-13 15:28:31 [INFO] 
2026-07-13 15:28:31 [INFO] [1m══════════════════════════════════════════════════════════════════════[0m
2026-07-13 15:28:31 [INFO] [1m  DETEÇÃO DE ANOMALIAS — 2026-07-12[0m
2026-07-13 15:28:31 [INFO] [1m══════════════════════════════════════════════════════════════════════[0m
2026-07-13 15:28:31 [INFO]   [2mTipo de dia:[0m  fim semana
2026-07-13 15:28:31 [INFO]   [2mFonte:[0m        BAZE
2026-07-13 15:28:31 [INFO]   [2mCPEs c/ dados:[0m 69
2026-07-13 15:28:31 [INFO]   [2mThreshold:[0m    |z| > 2.5 [2m(adaptativo a este tipo de dia)[0m
2026-07-13 15:28:31 [INFO] 
2026-07-13 15:28:31 [INFO] [96m→ A analisar 69 CPEs / 1656 pontos horários (retrospetiva)...[0m
2026-07-13 15:28:33 [INFO] [1m─── Resumo ─────────────────────────────────────[0m
2026-07-13 15:28:33 [INFO]   [92m● Normal[0m                1487 [2m( 89.8%)[0m
2026-07-13 15:28:33 [INFO]   [91m● Desvio (alta confiança)[0m    0 [2m(  0.0%)[0m
2026-07-13 15:28:33 [INFO]   [93m● Desvio (baixa confiança)[0m 169 [2m( 10.2%)[0m
2026-07-13 15:28:33 [INFO]   [2mTempo: 818.4s[0m
2026-07-13 15:28:33 [INFO] 
2026-07-13 15:28:33 [INFO] [1m[93m─── Desvios de BAIXA confiança (169) ──────────────[0m
2026-07-13 15:28:33 [INFO]   [2m(poucos dados históricos — verificar manualmente)[0m
2026-07-13 15:28:33 [INFO] 
2026-07-13 15:28:33 [INFO]   🔴 [91m[1mPT0002000068856872QG[0m  [2m[Cluster 1][0m
2026-07-13 15:28:33 [INFO]      consumiu MAIS que o habitual às 22h
2026-07-13 15:28:33 [INFO]      [2mReal:[0m 3.0 kWh   [2mHabitual:[0m 0.0 ± 0.3 kWh   [2mz:[0m +10.00   [2mdesvio:[0m +300000%   [2m(3 obs. fim_semana)[0m
2026-07-13 15:28:33 [INFO] 
2026-07-13 15:28:33 [INFO]   🔴 [91m[1mPT0002000077348081AG[0m  [2m[sem cluster][0m
2026-07-13 15:28:33 [INFO]      consumiu MAIS que o habitual às 00h
2026-07-13 15:28:33 [INFO]      [2mReal:[0m 74.0 kWh   [2mHabitual:[0m 26.0 ± 2.6 kWh   [2mz:[0m +10.00⁺   [2mdesvio:[0m +185%   [2m(2 obs. fim_semana)[0m
2026-07-13 15:28:33 [INFO] 
2026-07-13 15:28:33 [INFO]   🔴 [91m[1mPT0002000081344542CP[0m  [2m[Cluster 1][0m
2026-07-13 15:28:33 [INFO]      consumiu MAIS que o habitual às 06h
2026-07-13 15:28:33 [INFO]      [2mReal:[0m 4.0 kWh   [2mHabitual:[0m 1.0 ± 0.3 kWh   [2mz:[0m +10.00   [2mdesvio:[0m +300%   [2m(2 obs. fim_semana)[0m
2026-07-13 15:28:33 [INFO] 
2026-07-13 15:28:33 [INFO]   🔴 [91m[1mPT0002000203419117SJ[0m  [2m[sem cluster][0m
2026-07-13 15:28:33 [INFO]      consumiu MAIS que o habitual às 01h
2026-07-13 15:28:33 [INFO]      [2mReal:[0m 4.0 kWh   [2mHabitual:[0m 0.0 ± 0.3 kWh   [2mz:[0m +10.00⁺   [2mdesvio:[0m +400000%   [2m(2 obs. fim_semana)[0m
2026-07-13 15:28:33 [INFO] 
2026-07-13 15:28:33 [INFO]   🔴 [91m[1mPT0002000203419117SJ[0m  [2m[sem cluster][0m
2026-07-13 15:28:33 [INFO]      consumiu MAIS que o habitual às 10h
2026-07-13 15:28:33 [INFO]      [2mReal:[0m 4.0 kWh   [2mHabitual:[0m 0.0 ± 0.3 kWh   [2mz:[0m +10.00⁺   [2mdesvio:[0m +400000%   [2m(2 obs. fim_semana)[0m
2026-07-13 15:28:33 [INFO] 
2026-07-13 15:28:33 [INFO]   🔴 [91m[1mPT0002000203419117SJ[0m  [2m[sem cluster][0m
2026-07-13 15:28:33 [INFO]      consumiu MAIS que o habitual às 13h
2026-07-13 15:28:33 [INFO]      [2mReal:[0m 8.0 kWh   [2mHabitual:[0m 4.0 ± 0.4 kWh   [2mz:[0m +10.00   [2mdesvio:[0m +100%   [2m(2 obs. fim_semana)[0m
2026-07-13 15:28:33 [INFO] 
2026-07-13 15:28:33 [INFO]   🔴 [91m[1mPT0002000203419117SJ[0m  [2m[sem cluster][0m
2026-07-13 15:28:33 [INFO]      consumiu MAIS que o habitual às 19h
2026-07-13 15:28:33 [INFO]      [2mReal:[0m 8.0 kWh   [2mHabitual:[0m 4.0 ± 0.4 kWh   [2mz:[0m +10.00   [2mdesvio:[0m +100%   [2m(2 obs. fim_semana)[0m
2026-07-13 15:28:33 [INFO] 
2026-07-13 15:28:33 [INFO]   🔴 [91m[1mPT0002000203886452WB[0m  [2m[sem cluster][0m
2026-07-13 15:28:33 [INFO]      consumiu MAIS que o habitual às 00h
2026-07-13 15:28:33 [INFO]      [2mReal:[0m 8.0 kWh   [2mHabitual:[0m 4.0 ± 0.4 kWh   [2mz:[0m +10.00   [2mdesvio:[0m +100%   [2m(2 obs. fim_semana)[0m
2026-07-13 15:28:33 [INFO] 
2026-07-13 15:28:33 [INFO]   🔴 [91m[1mPT0002000203886452WB[0m  [2m[sem cluster][0m
2026-07-13 15:28:33 [INFO]      consumiu MAIS que o habitual às 20h
2026-07-13 15:28:33 [INFO]      [2mReal:[0m 4.0 kWh   [2mHabitual:[0m 0.0 ± 0.3 kWh   [2mz:[0m +10.00⁺   [2mdesvio:[0m +400000%   [2m(2 obs. fim_semana)[0m
2026-07-13 15:28:33 [INFO] 
2026-07-13 15:28:33 [INFO]   🔵 [94m[1mPT0002000068857909SY[0m  [2m[Cluster 1][0m
2026-07-13 15:28:33 [INFO]      consumiu MENOS que o habitual às 10h
2026-07-13 15:28:33 [INFO]      [2mReal:[0m 1.0 kWh   [2mHabitual:[0m 32.5 ± 3.2 kWh   [2mz:[0m -9.69   [2mdesvio:[0m -97%   [2m(2 obs. fim_semana)[0m
2026-07-13 15:28:33 [INFO] 
2026-07-13 15:28:33 [INFO]   🔵 [94m[1mPT0002000079469719HF[0m  [2m[sem cluster][0m
2026-07-13 15:28:33 [INFO]      consumiu MENOS que o habitual às 14h
2026-07-13 15:28:33 [INFO]      [2mReal:[0m 6.0 kWh   [2mHabitual:[0m 47.5 ± 4.8 kWh   [2mz:[0m -8.74   [2mdesvio:[0m -87%   [2m(2 obs. fim_semana)[0m
2026-07-13 15:28:33 [INFO] 
2026-07-13 15:28:33 [INFO]   🔵 [94m[1mPT0002000109837807PE[0m  [2m[Cluster 1][0m
2026-07-13 15:28:33 [INFO]      consumiu MENOS que o habitual às 14h
2026-07-13 15:28:33 [INFO]      [2mReal:[0m 3.0 kWh   [2mHabitual:[0m 20.5 ± 2.0 kWh   [2mz:[0m -8.54   [2mdesvio:[0m -85%   [2m(2 obs. fim_semana)[0m
2026-07-13 15:28:33 [INFO] 
2026-07-13 15:28:33 [INFO]   🔵 [94m[1mPT0002000109837807PE[0m  [2m[Cluster 1][0m
2026-07-13 15:28:33 [INFO]      consumiu MENOS que o habitual às 09h
2026-07-13 15:28:33 [INFO]      [2mReal:[0m 3.0 kWh   [2mHabitual:[0m 20.0 ± 2.0 kWh   [2mz:[0m -8.50   [2mdesvio:[0m -85%   [2m(2 obs. fim_semana)[0m
2026-07-13 15:28:33 [INFO] 
2026-07-13 15:28:33 [INFO]   🔵 [94m[1mPT0002000109837807PE[0m  [2m[Cluster 1][0m
2026-07-13 15:28:33 [INFO]      consumiu MENOS que o habitual às 12h
2026-07-13 15:28:33 [INFO]      [2mReal:[0m 3.0 kWh   [2mHabitual:[0m 20.0 ± 2.0 kWh   [2mz:[0m -8.50   [2mdesvio:[0m -85%   [2m(2 obs. fim_semana)[0m
2026-07-13 15:28:33 [INFO] 
2026-07-13 15:28:33 [INFO]   🔵 [94m[1mPT0002000109837807PE[0m  [2m[Cluster 1][0m
2026-07-13 15:28:33 [INFO]      consumiu MENOS que o habitual às 16h
2026-07-13 15:28:33 [INFO]      [2mReal:[0m 3.0 kWh   [2mHabitual:[0m 20.0 ± 2.0 kWh   [2mz:[0m -8.50   [2mdesvio:[0m -85%   [2m(2 obs. fim_semana)[0m
2026-07-13 15:28:33 [INFO] 
2026-07-13 15:28:33 [INFO]   🔵 [94m[1mPT0002000109837807PE[0m  [2m[Cluster 1][0m
2026-07-13 15:28:33 [INFO]      consumiu MENOS que o habitual às 10h
2026-07-13 15:28:33 [INFO]      [2mReal:[0m 3.0 kWh   [2mHabitual:[0m 19.5 ± 1.9 kWh   [2mz:[0m -8.46   [2mdesvio:[0m -85%   [2m(2 obs. fim_semana)[0m
2026-07-13 15:28:33 [INFO] 
2026-07-13 15:28:33 [INFO]   🔵 [94m[1mPT0002000109837807PE[0m  [2m[Cluster 1][0m
2026-07-13 15:28:33 [INFO]      consumiu MENOS que o habitual às 11h
2026-07-13 15:28:33 [INFO]      [2mReal:[0m 4.0 kWh   [2mHabitual:[0m 20.5 ± 2.0 kWh   [2mz:[0m -8.05   [2mdesvio:[0m -80%   [2m(2 obs. fim_semana)[0m
2026-07-13 15:28:33 [INFO] 
2026-07-13 15:28:33 [INFO]   🔵 [94m[1mPT0002000109837807PE[0m  [2m[Cluster 1][0m
2026-07-13 15:28:33 [INFO]      consumiu MENOS que o habitual às 17h
2026-07-13 15:28:33 [INFO]      [2mReal:[0m 4.0 kWh   [2mHabitual:[0m 20.5 ± 2.0 kWh   [2mz:[0m -8.05   [2mdesvio:[0m -80%   [2m(2 obs. fim_semana)[0m
2026-07-13 15:28:33 [INFO] 
2026-07-13 15:28:33 [INFO]   🔵 [94m[1mPT0002000109837807PE[0m  [2m[Cluster 1][0m
2026-07-13 15:28:33 [INFO]      consumiu MENOS que o habitual às 15h
2026-07-13 15:28:33 [INFO]      [2mReal:[0m 4.0 kWh   [2mHabitual:[0m 20.0 ± 2.0 kWh   [2mz:[0m -8.00   [2mdesvio:[0m -80%   [2m(2 obs. fim_semana)[0m
2026-07-13 15:28:33 [INFO] 
2026-07-13 15:28:33 [INFO]   🔵 [94m[1mPT0002000109837807PE[0m  [2m[Cluster 1][0m
2026-07-13 15:28:33 [INFO]      consumiu MENOS que o habitual às 13h
2026-07-13 15:28:33 [INFO]      [2mReal:[0m 4.0 kWh   [2mHabitual:[0m 19.5 ± 1.9 kWh   [2mz:[0m -7.95   [2mdesvio:[0m -79%   [2m(2 obs. fim_semana)[0m
2026-07-13 15:28:33 [INFO] 
2026-07-13 15:28:33 [INFO]   🔵 [94m[1mPT0002000109837807PE[0m  [2m[Cluster 1][0m
2026-07-13 15:28:33 [INFO]      consumiu MENOS que o habitual às 18h
2026-07-13 15:28:33 [INFO]      [2mReal:[0m 4.0 kWh   [2mHabitual:[0m 19.5 ± 1.9 kWh   [2mz:[0m -7.95   [2mdesvio:[0m -79%   [2m(2 obs. fim_semana)[0m
2026-07-13 15:28:33 [INFO] 
2026-07-13 15:28:33 [INFO]   🔵 [94m[1mPT0002000073720434JD[0m  [2m[sem cluster][0m
2026-07-13 15:28:33 [INFO]      consumiu MENOS que o habitual às 19h
2026-07-13 15:28:33 [INFO]      [2mReal:[0m 21.0 kWh   [2mHabitual:[0m 85.0 ± 8.5 kWh   [2mz:[0m -7.53   [2mdesvio:[0m -75%   [2m(2 obs. fim_semana)[0m
2026-07-13 15:28:33 [INFO] 
2026-07-13 15:28:33 [INFO]   🔵 [94m[1mPT0002000110090564GD[0m  [2m[Cluster 1][0m
2026-07-13 15:28:33 [INFO]      consumiu MENOS que o habitual às 11h
2026-07-13 15:28:33 [INFO]      [2mReal:[0m 5.0 kWh   [2mHabitual:[0m 19.5 ± 1.9 kWh   [2mz:[0m -7.44   [2mdesvio:[0m -74%   [2m(2 obs. fim_semana)[0m
2026-07-13 15:28:33 [INFO] 
2026-07-13 15:28:33 [INFO]   🔵 [94m[1mPT0002000073720434JD[0m  [2m[sem cluster][0m
2026-07-13 15:28:33 [INFO]      consumiu MENOS que o habitual às 20h
2026-07-13 15:28:33 [INFO]      [2mReal:[0m 23.0 kWh   [2mHabitual:[0m 89.5 ± 8.9 kWh   [2mz:[0m -7.43   [2mdesvio:[0m -74%   [2m(2 obs. fim_semana)[0m
2026-07-13 15:28:33 [INFO] 
2026-07-13 15:28:33 [INFO]   🔵 [94m[1mPT0002000110090564GD[0m  [2m[Cluster 1][0m
2026-07-13 15:28:33 [INFO]      consumiu MENOS que o habitual às 09h
2026-07-13 15:28:33 [INFO]      [2mReal:[0m 5.0 kWh   [2mHabitual:[0m 19.0 ± 1.9 kWh   [2mz:[0m -7.37   [2mdesvio:[0m -74%   [2m(2 obs. fim_semana)[0m
2026-07-13 15:28:33 [INFO] 
2026-07-13 15:28:33 [INFO]   🔵 [94m[1mPT0002000109837807PE[0m  [2m[Cluster 1][0m
2026-07-13 15:28:33 [INFO]      consumiu MENOS que o habitual às 00h
2026-07-13 15:28:33 [INFO]      [2mReal:[0m 7.0 kWh   [2mHabitual:[0m 23.0 ± 2.3 kWh   [2mz:[0m -6.96   [2mdesvio:[0m -70%   [2m(2 obs. fim_semana)[0m
2026-07-13 15:28:33 [INFO] 
2026-07-13 15:28:33 [INFO]   🔵 [94m[1mPT0002000068859393XH[0m  [2m[Cluster 1][0m
2026-07-13 15:28:33 [INFO]      consumiu MENOS que o habitual às 18h
2026-07-13 15:28:33 [INFO]      [2mReal:[0m 44.0 kWh   [2mHabitual:[0m 135.5 ± 13.6 kWh   [2mz:[0m -6.75   [2mdesvio:[0m -68%   [2m(2 obs. fim_semana)[0m
2026-07-13 15:28:33 [INFO] 
2026-07-13 15:28:33 [INFO]   🔵 [94m[1mPT0002000073720434JD[0m  [2m[sem cluster][0m
2026-07-13 15:28:33 [INFO]      consumiu MENOS que o habitual às 21h
2026-07-13 15:28:33 [INFO]      [2mReal:[0m 31.0 kWh   [2mHabitual:[0m 93.3 ± 9.3 kWh   [2mz:[0m -6.68   [2mdesvio:[0m -67%   [2m(3 obs. fim_semana)[0m
2026-07-13 15:28:33 [INFO] 
2026-07-13 15:28:33 [INFO]   🔵 [94m[1mPT0002000068859393XH[0m  [2m[Cluster 1][0m
2026-07-13 15:28:33 [INFO]      consumiu MENOS que o habitual às 14h
2026-07-13 15:28:33 [INFO]      [2mReal:[0m 43.0 kWh   [2mHabitual:[0m 129.0 ± 12.9 kWh   [2mz:[0m -6.67   [2mdesvio:[0m -67%   [2m(2 obs. fim_semana)[0m
2026-07-13 15:28:33 [INFO] 
2026-07-13 15:28:33 [INFO]   🔵 [94m[1mPT0002000068859393XH[0m  [2m[Cluster 1][0m
2026-07-13 15:28:33 [INFO]      consumiu MENOS que o habitual às 15h
2026-07-13 15:28:33 [INFO]      [2mReal:[0m 43.0 kWh   [2mHabitual:[0m 129.0 ± 12.9 kWh   [2mz:[0m -6.67   [2mdesvio:[0m -67%   [2m(2 obs. fim_semana)[0m
2026-07-13 15:28:33 [INFO] 
2026-07-13 15:28:33 [INFO]   🔵 [94m[1mPT0002000068859393XH[0m  [2m[Cluster 1][0m
2026-07-13 15:28:33 [INFO]      consumiu MENOS que o habitual às 17h
2026-07-13 15:28:33 [INFO]      [2mReal:[0m 44.0 kWh   [2mHabitual:[0m 131.0 ± 13.1 kWh   [2mz:[0m -6.64   [2mdesvio:[0m -66%   [2m(2 obs. fim_semana)[0m
2026-07-13 15:28:33 [INFO] 
2026-07-13 15:28:33 [INFO]   🔵 [94m[1mPT0002000068859393XH[0m  [2m[Cluster 1][0m
2026-07-13 15:28:33 [INFO]      consumiu MENOS que o habitual às 16h
2026-07-13 15:28:33 [INFO]      [2mReal:[0m 44.0 kWh   [2mHabitual:[0m 128.5 ± 12.8 kWh   [2mz:[0m -6.58   [2mdesvio:[0m -66%   [2m(2 obs. fim_semana)[0m
2026-07-13 15:28:33 [INFO] 
2026-07-13 15:28:33 [INFO]   🔵 [94m[1mPT0002000073720434JD[0m  [2m[sem cluster][0m
2026-07-13 15:28:33 [INFO]      consumiu MENOS que o habitual às 22h
2026-07-13 15:28:33 [INFO]      [2mReal:[0m 30.0 kWh   [2mHabitual:[0m 83.7 ± 8.4 kWh   [2mz:[0m -6.40   [2mdesvio:[0m -64%   [2m(3 obs. fim_semana)[0m
2026-07-13 15:28:33 [INFO] 
2026-07-13 15:28:33 [INFO]   🔵 [94m[1mPT0002000123648159KR[0m  [2m[Cluster 0][0m
2026-07-13 15:28:33 [INFO]      consumiu MENOS que o habitual às 04h
2026-07-13 15:28:33 [INFO]      [2mReal:[0m 2.0 kWh   [2mHabitual:[0m 5.0 ± 0.5 kWh   [2mz:[0m -6.00   [2mdesvio:[0m -60%   [2m(2 obs. fim_semana)[0m
2026-07-13 15:28:33 [INFO] 
2026-07-13 15:28:33 [INFO]   🔵 [94m[1mPT0002000068859393XH[0m  [2m[Cluster 1][0m
2026-07-13 15:28:33 [INFO]      consumiu MENOS que o habitual às 13h
2026-07-13 15:28:33 [INFO]      [2mReal:[0m 53.0 kWh   [2mHabitual:[0m 131.0 ± 13.1 kWh   [2mz:[0m -5.95   [2mdesvio:[0m -60%   [2m(2 obs. fim_semana)[0m
2026-07-13 15:28:33 [INFO] 
2026-07-13 15:28:33 [INFO]   🔵 [94m[1mPT0002000068856267NC[0m  [2m[sem cluster][0m
2026-07-13 15:28:33 [INFO]      consumiu MENOS que o habitual às 17h
2026-07-13 15:28:33 [INFO]      [2mReal:[0m 16.0 kWh   [2mHabitual:[0m 39.0 ± 3.9 kWh   [2mz:[0m -5.90   [2mdesvio:[0m -59%   [2m(2 obs. fim_semana)[0m
2026-07-13 15:28:33 [INFO] 
2026-07-13 15:28:33 [INFO]   🔵 [94m[1mPT0002000068856267NC[0m  [2m[sem cluster][0m
2026-07-13 15:28:33 [INFO]      consumiu MENOS que o habitual às 18h
2026-07-13 15:28:33 [INFO]      [2mReal:[0m 16.0 kWh   [2mHabitual:[0m 38.5 ± 3.9 kWh   [2mz:[0m -5.84   [2mdesvio:[0m -58%   [2m(2 obs. fim_semana)[0m
2026-07-13 15:28:33 [INFO] 
2026-07-13 15:28:33 [INFO]   🔵 [94m[1mPT0002000123648159KR[0m  [2m[Cluster 0][0m
2026-07-13 15:28:33 [INFO]      consumiu MENOS que o habitual às 16h
2026-07-13 15:28:33 [INFO]      [2mReal:[0m 5.0 kWh   [2mHabitual:[0m 11.5 ± 1.1 kWh   [2mz:[0m -5.65   [2mdesvio:[0m -57%   [2m(2 obs. fim_semana)[0m
2026-07-13 15:28:33 [INFO] 
2026-07-13 15:28:33 [INFO]   🔵 [94m[1mPT0002000078441876HB[0m  [2m[Cluster 0][0m
2026-07-13 15:28:33 [INFO]      consumiu MENOS que o habitual às 13h
2026-07-13 15:28:33 [INFO]      [2mReal:[0m 636.0 kWh   [2mHabitual:[0m 1409.5 ± 140.9 kWh   [2mz:[0m -5.49   [2mdesvio:[0m -55%   [2m(2 obs. fim_semana)[0m
2026-07-13 15:28:33 [INFO] 
2026-07-13 15:28:33 [INFO]   🔵 [94m[1mPT0002000078294957RQ[0m  [2m[Cluster 0][0m
2026-07-13 15:28:33 [INFO]      consumiu MENOS que o habitual às 22h
2026-07-13 15:28:33 [INFO]      [2mReal:[0m 10.0 kWh   [2mHabitual:[0m 21.3 ± 2.1 kWh   [2mz:[0m -5.31   [2mdesvio:[0m -53%   [2m(3 obs. fim_semana)[0m
2026-07-13 15:28:33 [INFO] 
2026-07-13 15:28:33 [INFO]   🔵 [94m[1mPT0002000078441876HB[0m  [2m[Cluster 0][0m
2026-07-13 15:28:33 [INFO]      consumiu MENOS que o habitual às 09h
2026-07-13 15:28:33 [INFO]      [2mReal:[0m 588.0 kWh   [2mHabitual:[0m 1249.0 ± 124.9 kWh   [2mz:[0m -5.29   [2mdesvio:[0m -53%   [2m(2 obs. fim_semana)[0m
2026-07-13 15:28:33 [INFO] 
2026-07-13 15:28:33 [INFO]   🔵 [94m[1mPT0002000123648159KR[0m  [2m[Cluster 0][0m
2026-07-13 15:28:33 [INFO]      consumiu MENOS que o habitual às 17h
2026-07-13 15:28:33 [INFO]      [2mReal:[0m 5.0 kWh   [2mHabitual:[0m 10.5 ± 1.1 kWh   [2mz:[0m -5.24   [2mdesvio:[0m -52%   [2m(2 obs. fim_semana)[0m
2026-07-13 15:28:33 [INFO] 
2026-07-13 15:28:33 [INFO]   🔴 [91m[1mPT0002000110607652SB[0m  [2m[Cluster 0][0m
2026-07-13 15:28:33 [INFO]      consumiu MAIS que o habitual às 00h
2026-07-13 15:28:33 [INFO]      [2mReal:[0m 12.0 kWh   [2mHabitual:[0m 8.0 ± 0.8 kWh   [2mz:[0m +5.00   [2mdesvio:[0m +50%   [2m(2 obs. fim_semana)[0m
2026-07-13 15:28:33 [INFO] 
2026-07-13 15:28:33 [INFO]   🔴 [91m[1mPT0002000203419117SJ[0m  [2m[sem cluster][0m
2026-07-13 15:28:33 [INFO]      consumiu MAIS que o habitual às 14h
2026-07-13 15:28:33 [INFO]      [2mReal:[0m 12.0 kWh   [2mHabitual:[0m 8.0 ± 0.8 kWh   [2mz:[0m +5.00   [2mdesvio:[0m +50%   [2m(2 obs. fim_semana)[0m
2026-07-13 15:28:33 [INFO] 
2026-07-13 15:28:33 [INFO]   🔵 [94m[1mPT0002000203419117SJ[0m  [2m[sem cluster][0m
2026-07-13 15:28:33 [INFO]      consumiu MENOS que o habitual às 20h
2026-07-13 15:28:33 [INFO]      [2mReal:[0m 4.0 kWh   [2mHabitual:[0m 8.0 ± 0.8 kWh   [2mz:[0m -5.00   [2mdesvio:[0m -50%   [2m(2 obs. fim_semana)[0m
2026-07-13 15:28:33 [INFO] 
2026-07-13 15:28:33 [INFO]   🔵 [94m[1mPT0002000115673389QK[0m  [2m[Cluster 0][0m
2026-07-13 15:28:33 [INFO]      consumiu MENOS que o habitual às 01h
2026-07-13 15:28:33 [INFO]      [2mReal:[0m 19.0 kWh   [2mHabitual:[0m 37.5 ± 3.8 kWh   [2mz:[0m -4.93   [2mdesvio:[0m -49%   [2m(2 obs. fim_semana)[0m
2026-07-13 15:28:33 [INFO] 
2026-07-13 15:28:33 [INFO]   🔵 [94m[1mPT0002000078441876HB[0m  [2m[Cluster 0][0m
2026-07-13 15:28:33 [INFO]      consumiu MENOS que o habitual às 07h
2026-07-13 15:28:33 [INFO]      [2mReal:[0m 428.0 kWh   [2mHabitual:[0m 854.0 ± 87.7 kWh   [2mz:[0m -4.86   [2mdesvio:[0m -50%   [2m(2 obs. fim_semana)[0m
2026-07-13 15:28:33 [INFO] 
2026-07-13 15:28:33 [INFO]   🔵 [94m[1mPT0002000078441876HB[0m  [2m[Cluster 0][0m
2026-07-13 15:28:33 [INFO]      consumiu MENOS que o habitual às 06h
2026-07-13 15:28:33 [INFO]      [2mReal:[0m 377.0 kWh   [2mHabitual:[0m 699.5 ± 70.0 kWh   [2mz:[0m -4.61   [2mdesvio:[0m -46%   [2m(2 obs. fim_semana)[0m
2026-07-13 15:28:33 [INFO] 
2026-07-13 15:28:33 [INFO]   🔵 [94m[1mPT0002000068856267NC[0m  [2m[sem cluster][0m
2026-07-13 15:28:33 [INFO]      consumiu MENOS que o habitual às 16h
2026-07-13 15:28:33 [INFO]      [2mReal:[0m 15.0 kWh   [2mHabitual:[0m 41.0 ± 5.7 kWh   [2mz:[0m -4.60   [2mdesvio:[0m -63%   [2m(2 obs. fim_semana)[0m
2026-07-13 15:28:33 [INFO] 
2026-07-13 15:28:33 [INFO]   🔵 [94m[1mPT0002000068859597LS[0m  [2m[Cluster 0][0m
2026-07-13 15:28:33 [INFO]      consumiu MENOS que o habitual às 10h
2026-07-13 15:28:33 [INFO]      [2mReal:[0m 33.0 kWh   [2mHabitual:[0m 61.0 ± 6.1 kWh   [2mz:[0m -4.59   [2mdesvio:[0m -46%   [2m(2 obs. fim_semana)[0m
2026-07-13 15:28:33 [INFO] 
2026-07-13 15:28:33 [INFO]   🔵 [94m[1mPT0002000078441876HB[0m  [2m[Cluster 0][0m
2026-07-13 15:28:33 [INFO]      consumiu MENOS que o habitual às 02h
2026-07-13 15:28:33 [INFO]      [2mReal:[0m 357.0 kWh   [2mHabitual:[0m 654.5 ± 65.5 kWh   [2mz:[0m -4.55   [2mdesvio:[0m -45%   [2m(2 obs. fim_semana)[0m
2026-07-13 15:28:33 [INFO] 
2026-07-13 15:28:33 [INFO]   🔵 [94m[1mPT0002000078441876HB[0m  [2m[Cluster 0][0m
2026-07-13 15:28:33 [INFO]      consumiu MENOS que o habitual às 04h
2026-07-13 15:28:33 [INFO]      [2mReal:[0m 325.0 kWh   [2mHabitual:[0m 594.0 ± 59.4 kWh   [2mz:[0m -4.53   [2mdesvio:[0m -45%   [2m(2 obs. fim_semana)[0m
2026-07-13 15:28:33 [INFO] 
2026-07-13 15:28:33 [INFO]   🔵 [94m[1mPT0002000077348081AG[0m  [2m[sem cluster][0m
2026-07-13 15:28:33 [INFO]      consumiu MENOS que o habitual às 20h
2026-07-13 15:28:33 [INFO]      [2mReal:[0m 154.0 kWh   [2mHabitual:[0m 276.5 ± 27.6 kWh   [2mz:[0m -4.43   [2mdesvio:[0m -44%   [2m(2 obs. fim_semana)[0m
2026-07-13 15:28:33 [INFO] 
2026-07-13 15:28:33 [INFO]   🔵 [94m[1mPT0002000078441876HB[0m  [2m[Cluster 0][0m
2026-07-13 15:28:33 [INFO]      consumiu MENOS que o habitual às 14h
2026-07-13 15:28:33 [INFO]      [2mReal:[0m 669.0 kWh   [2mHabitual:[0m 1519.0 ± 202.2 kWh   [2mz:[0m -4.20   [2mdesvio:[0m -56%   [2m(2 obs. fim_semana)[0m
2026-07-13 15:28:33 [INFO] 
2026-07-13 15:28:33 [INFO]   🔵 [94m[1mPT0002000068859597LS[0m  [2m[Cluster 0][0m
2026-07-13 15:28:33 [INFO]      consumiu MENOS que o habitual às 16h
2026-07-13 15:28:33 [INFO]      [2mReal:[0m 33.0 kWh   [2mHabitual:[0m 56.0 ± 5.6 kWh   [2mz:[0m -4.11   [2mdesvio:[0m -41%   [2m(2 obs. fim_semana)[0m
2026-07-13 15:28:33 [INFO] 
2026-07-13 15:28:33 [INFO]   🔵 [94m[1mPT0002000078441876HB[0m  [2m[Cluster 0][0m
2026-07-13 15:28:33 [INFO]      consumiu MENOS que o habitual às 08h
2026-07-13 15:28:33 [INFO]      [2mReal:[0m 535.0 kWh   [2mHabitual:[0m 905.5 ± 90.5 kWh   [2mz:[0m -4.09   [2mdesvio:[0m -41%   [2m(2 obs. fim_semana)[0m
2026-07-13 15:28:33 [INFO] 
2026-07-13 15:28:33 [INFO]   🔵 [94m[1mPT0002000078441876HB[0m  [2m[Cluster 0][0m
2026-07-13 15:28:33 [INFO]      consumiu MENOS que o habitual às 03h
2026-07-13 15:28:33 [INFO]      [2mReal:[0m 340.0 kWh   [2mHabitual:[0m 572.0 ± 57.2 kWh   [2mz:[0m -4.06   [2mdesvio:[0m -41%   [2m(2 obs. fim_semana)[0m
2026-07-13 15:28:33 [INFO] 
2026-07-13 15:28:33 [INFO]   🔵 [94m[1mPT0002000078441876HB[0m  [2m[Cluster 0][0m
2026-07-13 15:28:33 [INFO]      consumiu MENOS que o habitual às 05h
2026-07-13 15:28:33 [INFO]      [2mReal:[0m 368.0 kWh   [2mHabitual:[0m 616.0 ± 61.6 kWh   [2mz:[0m -4.03   [2mdesvio:[0m -40%   [2m(2 obs. fim_semana)[0m
2026-07-13 15:28:33 [INFO] 
2026-07-13 15:28:33 [INFO]   🔵 [94m[1mPT0002000078441876HB[0m  [2m[Cluster 0][0m
2026-07-13 15:28:33 [INFO]      consumiu MENOS que o habitual às 10h
2026-07-13 15:28:33 [INFO]      [2mReal:[0m 589.0 kWh   [2mHabitual:[0m 1246.5 ± 164.8 kWh   [2mz:[0m -3.99   [2mdesvio:[0m -53%   [2m(2 obs. fim_semana)[0m
2026-07-13 15:28:33 [INFO] 
2026-07-13 15:28:33 [INFO]   🔵 [94m[1mPT0002000115673389QK[0m  [2m[Cluster 0][0m
2026-07-13 15:28:33 [INFO]      consumiu MENOS que o habitual às 03h
2026-07-13 15:28:33 [INFO]      [2mReal:[0m 19.0 kWh   [2mHabitual:[0m 31.5 ± 3.1 kWh   [2mz:[0m -3.97   [2mdesvio:[0m -40%   [2m(2 obs. fim_semana)[0m
2026-07-13 15:28:33 [INFO] 
2026-07-13 15:28:33 [INFO]   🔵 [94m[1mPT0002000115673389QK[0m  [2m[Cluster 0][0m
2026-07-13 15:28:33 [INFO]      consumiu MENOS que o habitual às 02h
2026-07-13 15:28:33 [INFO]      [2mReal:[0m 20.0 kWh   [2mHabitual:[0m 33.0 ± 3.3 kWh   [2mz:[0m -3.94   [2mdesvio:[0m -39%   [2m(2 obs. fim_semana)[0m
2026-07-13 15:28:33 [INFO] 
2026-07-13 15:28:33 [INFO]   🔵 [94m[1mPT0002000115673389QK[0m  [2m[Cluster 0][0m
2026-07-13 15:28:33 [INFO]      consumiu MENOS que o habitual às 15h
2026-07-13 15:28:33 [INFO]      [2mReal:[0m 20.0 kWh   [2mHabitual:[0m 50.5 ± 7.8 kWh   [2mz:[0m -3.92   [2mdesvio:[0m -60%   [2m(2 obs. fim_semana)[0m
2026-07-13 15:28:33 [INFO] 
2026-07-13 15:28:33 [INFO]   🔵 [94m[1mPT0002000078294957RQ[0m  [2m[Cluster 0][0m
2026-07-13 15:28:33 [INFO]      consumiu MENOS que o habitual às 19h
2026-07-13 15:28:33 [INFO]      [2mReal:[0m 4.0 kWh   [2mHabitual:[0m 15.0 ± 2.8 kWh   [2mz:[0m -3.89   [2mdesvio:[0m -73%   [2m(2 obs. fim_semana)[0m
2026-07-13 15:28:33 [INFO] 
2026-07-13 15:28:33 [INFO]   🔵 [94m[1mPT0002000068859325FL[0m  [2m[Cluster 1][0m
2026-07-13 15:28:33 [INFO]      consumiu MENOS que o habitual às 23h
2026-07-13 15:28:33 [INFO]      [2mReal:[0m 96.0 kWh   [2mHabitual:[0m 158.7 ± 16.2 kWh   [2mz:[0m -3.88   [2mdesvio:[0m -39%   [2m(3 obs. fim_semana)[0m
2026-07-13 15:28:33 [INFO] 
2026-07-13 15:28:33 [INFO]   🔵 [94m[1mPT0002000068859597LS[0m  [2m[Cluster 0][0m
2026-07-13 15:28:33 [INFO]      consumiu MENOS que o habitual às 19h
2026-07-13 15:28:33 [INFO]      [2mReal:[0m 34.0 kWh   [2mHabitual:[0m 55.0 ± 5.5 kWh   [2mz:[0m -3.82   [2mdesvio:[0m -38%   [2m(2 obs. fim_semana)[0m
2026-07-13 15:28:33 [INFO] 
2026-07-13 15:28:33 [INFO]   🔵 [94m[1mPT0002000078294957RQ[0m  [2m[Cluster 0][0m
2026-07-13 15:28:33 [INFO]      consumiu MENOS que o habitual às 21h
2026-07-13 15:28:33 [INFO]      [2mReal:[0m 9.0 kWh   [2mHabitual:[0m 19.0 ± 2.6 kWh   [2mz:[0m -3.78   [2mdesvio:[0m -53%   [2m(3 obs. fim_semana)[0m
2026-07-13 15:28:33 [INFO] 
2026-07-13 15:28:33 [INFO]   🔵 [94m[1mPT0002000068859597LS[0m  [2m[Cluster 0][0m
2026-07-13 15:28:33 [INFO]      consumiu MENOS que o habitual às 17h
2026-07-13 15:28:33 [INFO]      [2mReal:[0m 34.0 kWh   [2mHabitual:[0m 54.5 ± 5.5 kWh   [2mz:[0m -3.76   [2mdesvio:[0m -38%   [2m(2 obs. fim_semana)[0m
2026-07-13 15:28:33 [INFO] 
2026-07-13 15:28:33 [INFO]   🔵 [94m[1mPT0002000068859597LS[0m  [2m[Cluster 0][0m
2026-07-13 15:28:33 [INFO]      consumiu MENOS que o habitual às 18h
2026-07-13 15:28:33 [INFO]      [2mReal:[0m 34.0 kWh   [2mHabitual:[0m 54.5 ± 5.5 kWh   [2mz:[0m -3.76   [2mdesvio:[0m -38%   [2m(2 obs. fim_semana)[0m
2026-07-13 15:28:33 [INFO] 
2026-07-13 15:28:33 [INFO]   🔵 [94m[1mPT0002000068859597LS[0m  [2m[Cluster 0][0m
2026-07-13 15:28:33 [INFO]      consumiu MENOS que o habitual às 14h
2026-07-13 15:28:33 [INFO]      [2mReal:[0m 36.0 kWh   [2mHabitual:[0m 57.0 ± 5.7 kWh   [2mz:[0m -3.68   [2mdesvio:[0m -37%   [2m(2 obs. fim_semana)[0m
2026-07-13 15:28:33 [INFO] 
2026-07-13 15:28:33 [INFO]   🔴 [91m[1mPT0002000201038711LS[0m  [2m[sem cluster][0m
2026-07-13 15:28:33 [INFO]      consumiu MAIS que o habitual às 20h
2026-07-13 15:28:33 [INFO]      [2mReal:[0m 67.0 kWh   [2mHabitual:[0m 38.5 ± 7.8 kWh   [2mz:[0m +3.66   [2mdesvio:[0m +74%   [2m(2 obs. fim_semana)[0m
2026-07-13 15:28:33 [INFO] 
2026-07-13 15:28:33 [INFO]   🔵 [94m[1mPT0002000073720434JD[0m  [2m[sem cluster][0m
2026-07-13 15:28:33 [INFO]      consumiu MENOS que o habitual às 18h
2026-07-13 15:28:33 [INFO]      [2mReal:[0m 17.0 kWh   [2mHabitual:[0m 78.0 ± 17.0 kWh   [2mz:[0m -3.59   [2mdesvio:[0m -78%   [2m(2 obs. fim_semana)[0m
2026-07-13 15:28:33 [INFO] 
2026-07-13 15:28:33 [INFO]   🔴 [91m[1mPT0002000068856826ZG[0m  [2m[sem cluster][0m
2026-07-13 15:28:33 [INFO]      consumiu MAIS que o habitual às 10h
2026-07-13 15:28:33 [INFO]      [2mReal:[0m 177.0 kWh   [2mHabitual:[0m 130.5 ± 13.1 kWh   [2mz:[0m +3.56   [2mdesvio:[0m +36%   [2m(2 obs. fim_semana)[0m
2026-07-13 15:28:33 [INFO] 
2026-07-13 15:28:33 [INFO]   🔵 [94m[1mPT0002000079469719HF[0m  [2m[sem cluster][0m
2026-07-13 15:28:33 [INFO]      consumiu MENOS que o habitual às 17h
2026-07-13 15:28:33 [INFO]      [2mReal:[0m 49.0 kWh   [2mHabitual:[0m 99.0 ± 14.1 kWh   [2mz:[0m -3.54   [2mdesvio:[0m -51%   [2m(2 obs. fim_semana)[0m
2026-07-13 15:28:33 [INFO] 
2026-07-13 15:28:33 [INFO]   🔵 [94m[1mPT0002000115673389QK[0m  [2m[Cluster 0][0m
2026-07-13 15:28:33 [INFO]      consumiu MENOS que o habitual às 00h
2026-07-13 15:28:33 [INFO]      [2mReal:[0m 20.0 kWh   [2mHabitual:[0m 40.0 ± 5.7 kWh   [2mz:[0m -3.54   [2mdesvio:[0m -50%   [2m(2 obs. fim_semana)[0m
2026-07-13 15:28:33 [INFO] 
2026-07-13 15:28:33 [INFO]   🔵 [94m[1mPT0002000123648159KR[0m  [2m[Cluster 0][0m
2026-07-13 15:28:33 [INFO]      consumiu MENOS que o habitual às 01h
2026-07-13 15:28:33 [INFO]      [2mReal:[0m 3.0 kWh   [2mHabitual:[0m 5.5 ± 0.7 kWh   [2mz:[0m -3.54   [2mdesvio:[0m -45%   [2m(2 obs. fim_semana)[0m
2026-07-13 15:28:33 [INFO] 
2026-07-13 15:28:33 [INFO]   🔵 [94m[1mPT0002000123648159KR[0m  [2m[Cluster 0][0m
2026-07-13 15:28:33 [INFO]      consumiu MENOS que o habitual às 06h
2026-07-13 15:28:33 [INFO]      [2mReal:[0m 2.0 kWh   [2mHabitual:[0m 4.5 ± 0.7 kWh   [2mz:[0m -3.54   [2mdesvio:[0m -56%   [2m(2 obs. fim_semana)[0m
2026-07-13 15:28:33 [INFO] 
2026-07-13 15:28:33 [INFO]   🔵 [94m[1mPT0002000068859597LS[0m  [2m[Cluster 0][0m
2026-07-13 15:28:33 [INFO]      consumiu MENOS que o habitual às 13h
2026-07-13 15:28:33 [INFO]      [2mReal:[0m 35.0 kWh   [2mHabitual:[0m 54.0 ± 5.4 kWh   [2mz:[0m -3.52   [2mdesvio:[0m -35%   [2m(2 obs. fim_semana)[0m
2026-07-13 15:28:33 [INFO] 
2026-07-13 15:28:33 [INFO]   🔵 [94m[1mPT0002000068859597LS[0m  [2m[Cluster 0][0m
2026-07-13 15:28:33 [INFO]      consumiu MENOS que o habitual às 15h
2026-07-13 15:28:33 [INFO]      [2mReal:[0m 35.0 kWh   [2mHabitual:[0m 54.0 ± 5.4 kWh   [2mz:[0m -3.52   [2mdesvio:[0m -35%   [2m(2 obs. fim_semana)[0m
2026-07-13 15:28:33 [INFO] 
2026-07-13 15:28:33 [INFO]   🔵 [94m[1mPT0002000078294957RQ[0m  [2m[Cluster 0][0m
2026-07-13 15:28:33 [INFO]      consumiu MENOS que o habitual às 23h
2026-07-13 15:28:33 [INFO]      [2mReal:[0m 6.0 kWh   [2mHabitual:[0m 16.7 ± 3.1 kWh   [2mz:[0m -3.49   [2mdesvio:[0m -64%   [2m(3 obs. fim_semana)[0m
2026-07-13 15:28:33 [INFO] 
2026-07-13 15:28:33 [INFO]   🔵 [94m[1mPT0002000115673389QK[0m  [2m[Cluster 0][0m
2026-07-13 15:28:33 [INFO]      consumiu MENOS que o habitual às 05h
2026-07-13 15:28:33 [INFO]      [2mReal:[0m 19.0 kWh   [2mHabitual:[0m 29.0 ± 2.9 kWh   [2mz:[0m -3.45   [2mdesvio:[0m -34%   [2m(2 obs. fim_semana)[0m
2026-07-13 15:28:33 [INFO] 
2026-07-13 15:28:33 [INFO]   🔵 [94m[1mPT0002000073573036KH[0m  [2m[sem cluster][0m
2026-07-13 15:28:33 [INFO]      consumiu MENOS que o habitual às 15h
2026-07-13 15:28:33 [INFO]      [2mReal:[0m 199.0 kWh   [2mHabitual:[0m 303.0 ± 30.3 kWh   [2mz:[0m -3.43   [2mdesvio:[0m -34%   [2m(2 obs. fim_semana)[0m
2026-07-13 15:28:33 [INFO] 
2026-07-13 15:28:33 [INFO]   🔵 [94m[1mPT0002000073573036KH[0m  [2m[sem cluster][0m
2026-07-13 15:28:33 [INFO]      consumiu MENOS que o habitual às 16h
2026-07-13 15:28:33 [INFO]      [2mReal:[0m 200.0 kWh   [2mHabitual:[0m 303.0 ± 30.3 kWh   [2mz:[0m -3.40   [2mdesvio:[0m -34%   [2m(2 obs. fim_semana)[0m
2026-07-13 15:28:33 [INFO] 
2026-07-13 15:28:33 [INFO]   🔵 [94m[1mPT0002000110090564GD[0m  [2m[Cluster 1][0m
2026-07-13 15:28:33 [INFO]      consumiu MENOS que o habitual às 17h
2026-07-13 15:28:33 [INFO]      [2mReal:[0m 4.0 kWh   [2mHabitual:[0m 25.5 ± 6.4 kWh   [2mz:[0m -3.38   [2mdesvio:[0m -84%   [2m(2 obs. fim_semana)[0m
2026-07-13 15:28:33 [INFO] 
2026-07-13 15:28:33 [INFO]   🔵 [94m[1mPT0002000068856267NC[0m  [2m[sem cluster][0m
2026-07-13 15:28:33 [INFO]      consumiu MENOS que o habitual às 19h
2026-07-13 15:28:33 [INFO]      [2mReal:[0m 19.0 kWh   [2mHabitual:[0m 38.0 ± 5.7 kWh   [2mz:[0m -3.36   [2mdesvio:[0m -50%   [2m(2 obs. fim_semana)[0m
2026-07-13 15:28:33 [INFO] 
2026-07-13 15:28:33 [INFO]   🔵 [94m[1mPT0002000068859325FL[0m  [2m[Cluster 1][0m
2026-07-13 15:28:33 [INFO]      consumiu MENOS que o habitual às 22h
2026-07-13 15:28:33 [INFO]      [2mReal:[0m 96.0 kWh   [2mHabitual:[0m 184.0 ± 26.2 kWh   [2mz:[0m -3.35   [2mdesvio:[0m -48%   [2m(3 obs. fim_semana)[0m
2026-07-13 15:28:33 [INFO] 
2026-07-13 15:28:33 [INFO]   🔴 [91m[1mPT0002000068855003AK[0m  [2m[sem cluster][0m
2026-07-13 15:28:33 [INFO]      consumiu MAIS que o habitual às 02h
2026-07-13 15:28:33 [INFO]      [2mReal:[0m 8.0 kWh   [2mHabitual:[0m 6.0 ± 0.6 kWh   [2mz:[0m +3.33   [2mdesvio:[0m +33%   [2m(2 obs. fim_semana)[0m
2026-07-13 15:28:33 [INFO] 
2026-07-13 15:28:33 [INFO]   🔵 [94m[1mPT0002000068856655YV[0m  [2m[Cluster 0][0m
2026-07-13 15:28:33 [INFO]      consumiu MENOS que o habitual às 19h
2026-07-13 15:28:33 [INFO]      [2mReal:[0m 2.0 kWh   [2mHabitual:[0m 3.0 ± 0.3 kWh   [2mz:[0m -3.33   [2mdesvio:[0m -33%   [2m(2 obs. fim_semana)[0m
2026-07-13 15:28:33 [INFO] 
2026-07-13 15:28:33 [INFO]   🔵 [94m[1mPT0002000068856872QG[0m  [2m[Cluster 1][0m
2026-07-13 15:28:33 [INFO]      consumiu MENOS que o habitual às 01h
2026-07-13 15:28:33 [INFO]      [2mReal:[0m 0.0 kWh   [2mHabitual:[0m 1.0 ± 0.3 kWh   [2mz:[0m -3.33   [2mdesvio:[0m -100%   [2m(2 obs. fim_semana)[0m
2026-07-13 15:28:33 [INFO] 
2026-07-13 15:28:33 [INFO]   🔴 [91m[1mPT0002000068856872QG[0m  [2m[Cluster 1][0m
2026-07-13 15:28:33 [INFO]      consumiu MAIS que o habitual às 04h
2026-07-13 15:28:33 [INFO]      [2mReal:[0m 1.0 kWh   [2mHabitual:[0m 0.0 ± 0.3 kWh   [2mz:[0m +3.33   [2mdesvio:[0m +100000%   [2m(2 obs. fim_semana)[0m
2026-07-13 15:28:33 [INFO] 
2026-07-13 15:28:33 [INFO]   🔵 [94m[1mPT0002000068856952LS[0m  [2m[Cluster 2][0m
2026-07-13 15:28:33 [INFO]      consumiu MENOS que o habitual às 10h
2026-07-13 15:28:33 [INFO]      [2mReal:[0m 0.0 kWh   [2mHabitual:[0m 1.0 ± 0.3 kWh   [2mz:[0m -3.33   [2mdesvio:[0m -100%   [2m(2 obs. fim_semana)[0m
2026-07-13 15:28:33 [INFO] 
2026-07-13 15:28:33 [INFO]   🔴 [91m[1mPT0002000068856952LS[0m  [2m[Cluster 2][0m
2026-07-13 15:28:33 [INFO]      consumiu MAIS que o habitual às 11h
2026-07-13 15:28:33 [INFO]      [2mReal:[0m 1.0 kWh   [2mHabitual:[0m 0.0 ± 0.3 kWh   [2mz:[0m +3.33   [2mdesvio:[0m +100000%   [2m(2 obs. fim_semana)[0m
2026-07-13 15:28:33 [INFO] 
2026-07-13 15:28:33 [INFO]   🔵 [94m[1mPT0002000068857909SY[0m  [2m[Cluster 1][0m
2026-07-13 15:28:33 [INFO]      consumiu MENOS que o habitual às 01h
2026-07-13 15:28:33 [INFO]      [2mReal:[0m 1.0 kWh   [2mHabitual:[0m 2.0 ± 0.3 kWh   [2mz:[0m -3.33   [2mdesvio:[0m -50%   [2m(2 obs. fim_semana)[0m
2026-07-13 15:28:33 [INFO] 
2026-07-13 15:28:33 [INFO]   🔵 [94m[1mPT0002000068857909SY[0m  [2m[Cluster 1][0m
2026-07-13 15:28:33 [INFO]      consumiu MENOS que o habitual às 05h
2026-07-13 15:28:33 [INFO]      [2mReal:[0m 1.0 kWh   [2mHabitual:[0m 2.0 ± 0.3 kWh   [2mz:[0m -3.33   [2mdesvio:[0m -50%   [2m(2 obs. fim_semana)[0m
2026-07-13 15:28:33 [INFO] 
2026-07-13 15:28:33 [INFO]   🔴 [91m[1mPT0002000068858674WN[0m  [2m[sem cluster][0m
2026-07-13 15:28:33 [INFO]      consumiu MAIS que o habitual às 02h
2026-07-13 15:28:33 [INFO]      [2mReal:[0m 16.0 kWh   [2mHabitual:[0m 12.0 ± 1.2 kWh   [2mz:[0m +3.33   [2mdesvio:[0m +33%   [2m(2 obs. fim_semana)[0m
2026-07-13 15:28:33 [INFO] 
2026-07-13 15:28:33 [INFO]   🔴 [91m[1mPT0002000068858674WN[0m  [2m[sem cluster][0m
2026-07-13 15:28:33 [INFO]      consumiu MAIS que o habitual às 08h
2026-07-13 15:28:33 [INFO]      [2mReal:[0m 16.0 kWh   [2mHabitual:[0m 12.0 ± 1.2 kWh   [2mz:[0m +3.33   [2mdesvio:[0m +33%   [2m(2 obs. fim_semana)[0m
2026-07-13 15:28:33 [INFO] 
2026-07-13 15:28:33 [INFO]   🔴 [91m[1mPT0002000068858674WN[0m  [2m[sem cluster][0m
2026-07-13 15:28:33 [INFO]      consumiu MAIS que o habitual às 13h
2026-07-13 15:28:33 [INFO]      [2mReal:[0m 16.0 kWh   [2mHabitual:[0m 12.0 ± 1.2 kWh   [2mz:[0m +3.33   [2mdesvio:[0m +33%   [2m(2 obs. fim_semana)[0m
2026-07-13 15:28:33 [INFO] 
2026-07-13 15:28:33 [INFO]   🔵 [94m[1mPT0002000073573036KH[0m  [2m[sem cluster][0m
2026-07-13 15:28:33 [INFO]      consumiu MENOS que o habitual às 19h
2026-07-13 15:28:33 [INFO]      [2mReal:[0m 193.0 kWh   [2mHabitual:[0m 289.5 ± 28.9 kWh   [2mz:[0m -3.33   [2mdesvio:[0m -33%   [2m(2 obs. fim_semana)[0m
2026-07-13 15:28:33 [INFO] 
2026-07-13 15:28:33 [INFO]   🔴 [91m[1mPT0002000073717386HC[0m  [2m[sem cluster][0m
2026-07-13 15:28:33 [INFO]      consumiu MAIS que o habitual às 01h
2026-07-13 15:28:33 [INFO]      [2mReal:[0m 2.0 kWh   [2mHabitual:[0m 1.0 ± 0.3 kWh   [2mz:[0m +3.33   [2mdesvio:[0m +100%   [2m(2 obs. fim_semana)[0m
2026-07-13 15:28:33 [INFO] 
2026-07-13 15:28:33 [INFO]   🔴 [91m[1mPT0002000073717386HC[0m  [2m[sem cluster][0m
2026-07-13 15:28:33 [INFO]      consumiu MAIS que o habitual às 03h
2026-07-13 15:28:33 [INFO]      [2mReal:[0m 2.0 kWh   [2mHabitual:[0m 1.0 ± 0.3 kWh   [2mz:[0m +3.33   [2mdesvio:[0m +100%   [2m(2 obs. fim_semana)[0m
2026-07-13 15:28:33 [INFO] 
2026-07-13 15:28:33 [INFO]   🔴 [91m[1mPT0002000073717386HC[0m  [2m[sem cluster][0m
2026-07-13 15:28:33 [INFO]      consumiu MAIS que o habitual às 05h
2026-07-13 15:28:33 [INFO]      [2mReal:[0m 2.0 kWh   [2mHabitual:[0m 1.0 ± 0.3 kWh   [2mz:[0m +3.33   [2mdesvio:[0m +100%   [2m(2 obs. fim_semana)[0m
2026-07-13 15:28:33 [INFO] 
2026-07-13 15:28:33 [INFO]   🔵 [94m[1mPT0002000073717386HC[0m  [2m[sem cluster][0m
2026-07-13 15:28:33 [INFO]      consumiu MENOS que o habitual às 23h
2026-07-13 15:28:33 [INFO]      [2mReal:[0m 1.0 kWh   [2mHabitual:[0m 2.0 ± 0.3 kWh   [2mz:[0m -3.33   [2mdesvio:[0m -50%   [2m(3 obs. fim_semana)[0m
2026-07-13 15:28:33 [INFO] 
2026-07-13 15:28:33 [INFO]   🔵 [94m[1mPT0002000077647404EM[0m  [2m[Cluster 1][0m
2026-07-13 15:28:33 [INFO]      consumiu MENOS que o habitual às 12h
2026-07-13 15:28:33 [INFO]      [2mReal:[0m 0.0 kWh   [2mHabitual:[0m 1.0 ± 0.3 kWh   [2mz:[0m -3.33   [2mdesvio:[0m -100%   [2m(2 obs. fim_semana)[0m
2026-07-13 15:28:33 [INFO] 
2026-07-13 15:28:33 [INFO]   🔴 [91m[1mPT0002000077647404EM[0m  [2m[Cluster 1][0m
2026-07-13 15:28:33 [INFO]      consumiu MAIS que o habitual às 13h
2026-07-13 15:28:33 [INFO]      [2mReal:[0m 1.0 kWh   [2mHabitual:[0m 0.0 ± 0.3 kWh   [2mz:[0m +3.33   [2mdesvio:[0m +100000%   [2m(2 obs. fim_semana)[0m
2026-07-13 15:28:33 [INFO] 
2026-07-13 15:28:33 [INFO]   🔵 [94m[1mPT0002000077647404EM[0m  [2m[Cluster 1][0m
2026-07-13 15:28:33 [INFO]      consumiu MENOS que o habitual às 16h
2026-07-13 15:28:33 [INFO]      [2mReal:[0m 0.0 kWh   [2mHabitual:[0m 1.0 ± 0.3 kWh   [2mz:[0m -3.33   [2mdesvio:[0m -100%   [2m(2 obs. fim_semana)[0m
2026-07-13 15:28:33 [INFO] 
2026-07-13 15:28:33 [INFO]   🔴 [91m[1mPT0002000077647404EM[0m  [2m[Cluster 1][0m
2026-07-13 15:28:33 [INFO]      consumiu MAIS que o habitual às 17h
2026-07-13 15:28:33 [INFO]      [2mReal:[0m 3.0 kWh   [2mHabitual:[0m 2.0 ± 0.3 kWh   [2mz:[0m +3.33   [2mdesvio:[0m +50%   [2m(2 obs. fim_semana)[0m
2026-07-13 15:28:33 [INFO] 
2026-07-13 15:28:33 [INFO]   🔴 [91m[1mPT0002000078233981HJ[0m  [2m[Cluster 1][0m
2026-07-13 15:28:33 [INFO]      consumiu MAIS que o habitual às 02h
2026-07-13 15:28:33 [INFO]      [2mReal:[0m 3.0 kWh   [2mHabitual:[0m 2.0 ± 0.3 kWh   [2mz:[0m +3.33   [2mdesvio:[0m +50%   [2m(2 obs. fim_semana)[0m
2026-07-13 15:28:33 [INFO] 
2026-07-13 15:28:33 [INFO]   🔴 [91m[1mPT0002000078233981HJ[0m  [2m[Cluster 1][0m
2026-07-13 15:28:33 [INFO]      consumiu MAIS que o habitual às 03h
2026-07-13 15:28:33 [INFO]      [2mReal:[0m 3.0 kWh   [2mHabitual:[0m 2.0 ± 0.3 kWh   [2mz:[0m +3.33   [2mdesvio:[0m +50%   [2m(2 obs. fim_semana)[0m
2026-07-13 15:28:33 [INFO] 
2026-07-13 15:28:33 [INFO]   🔴 [91m[1mPT0002000078233981HJ[0m  [2m[Cluster 1][0m
2026-07-13 15:28:33 [INFO]      consumiu MAIS que o habitual às 06h
2026-07-13 15:28:33 [INFO]      [2mReal:[0m 3.0 kWh   [2mHabitual:[0m 2.0 ± 0.3 kWh   [2mz:[0m +3.33   [2mdesvio:[0m +50%   [2m(2 obs. fim_semana)[0m
2026-07-13 15:28:33 [INFO] 
2026-07-13 15:28:33 [INFO]   🔴 [91m[1mPT0002000078233981HJ[0m  [2m[Cluster 1][0m
2026-07-13 15:28:33 [INFO]      consumiu MAIS que o habitual às 07h
2026-07-13 15:28:33 [INFO]      [2mReal:[0m 3.0 kWh   [2mHabitual:[0m 2.0 ± 0.3 kWh   [2mz:[0m +3.33   [2mdesvio:[0m +50%   [2m(2 obs. fim_semana)[0m
2026-07-13 15:28:33 [INFO] 
2026-07-13 15:28:33 [INFO]   🔴 [91m[1mPT0002000081344542CP[0m  [2m[Cluster 1][0m
2026-07-13 15:28:33 [INFO]      consumiu MAIS que o habitual às 01h
2026-07-13 15:28:33 [INFO]      [2mReal:[0m 2.0 kWh   [2mHabitual:[0m 1.0 ± 0.3 kWh   [2mz:[0m +3.33   [2mdesvio:[0m +100%   [2m(2 obs. fim_semana)[0m
2026-07-13 15:28:33 [INFO] 
2026-07-13 15:28:33 [INFO]   🔵 [94m[1mPT0002000081344542CP[0m  [2m[Cluster 1][0m
2026-07-13 15:28:33 [INFO]      consumiu MENOS que o habitual às 02h
2026-07-13 15:28:33 [INFO]      [2mReal:[0m 1.0 kWh   [2mHabitual:[0m 2.0 ± 0.3 kWh   [2mz:[0m -3.33   [2mdesvio:[0m -50%   [2m(2 obs. fim_semana)[0m
2026-07-13 15:28:33 [INFO] 
2026-07-13 15:28:33 [INFO]   🔴 [91m[1mPT0002000081344542CP[0m  [2m[Cluster 1][0m
2026-07-13 15:28:33 [INFO]      consumiu MAIS que o habitual às 03h
2026-07-13 15:28:33 [INFO]      [2mReal:[0m 2.0 kWh   [2mHabitual:[0m 1.0 ± 0.3 kWh   [2mz:[0m +3.33   [2mdesvio:[0m +100%   [2m(2 obs. fim_semana)[0m
2026-07-13 15:28:33 [INFO] 
2026-07-13 15:28:33 [INFO]   🔴 [91m[1mPT0002000081344542CP[0m  [2m[Cluster 1][0m
2026-07-13 15:28:33 [INFO]      consumiu MAIS que o habitual às 05h
2026-07-13 15:28:33 [INFO]      [2mReal:[0m 3.0 kWh   [2mHabitual:[0m 2.0 ± 0.3 kWh   [2mz:[0m +3.33   [2mdesvio:[0m +50%   [2m(2 obs. fim_semana)[0m
2026-07-13 15:28:33 [INFO] 
2026-07-13 15:28:33 [INFO]   🔴 [91m[1mPT0002000081344542CP[0m  [2m[Cluster 1][0m
2026-07-13 15:28:33 [INFO]      consumiu MAIS que o habitual às 10h
2026-07-13 15:28:33 [INFO]      [2mReal:[0m 2.0 kWh   [2mHabitual:[0m 1.0 ± 0.3 kWh   [2mz:[0m +3.33   [2mdesvio:[0m +100%   [2m(2 obs. fim_semana)[0m
2026-07-13 15:28:33 [INFO] 
2026-07-13 15:28:33 [INFO]   🔴 [91m[1mPT0002000081344542CP[0m  [2m[Cluster 1][0m
2026-07-13 15:28:33 [INFO]      consumiu MAIS que o habitual às 14h
2026-07-13 15:28:33 [INFO]      [2mReal:[0m 2.0 kWh   [2mHabitual:[0m 1.0 ± 0.3 kWh   [2mz:[0m +3.33   [2mdesvio:[0m +100%   [2m(2 obs. fim_semana)[0m
2026-07-13 15:28:33 [INFO] 
2026-07-13 15:28:33 [INFO]   🔴 [91m[1mPT0002000081344542CP[0m  [2m[Cluster 1][0m
2026-07-13 15:28:33 [INFO]      consumiu MAIS que o habitual às 21h
2026-07-13 15:28:33 [INFO]      [2mReal:[0m 2.0 kWh   [2mHabitual:[0m 1.0 ± 0.3 kWh   [2mz:[0m +3.33   [2mdesvio:[0m +100%   [2m(3 obs. fim_semana)[0m
2026-07-13 15:28:33 [INFO] 
2026-07-13 15:28:33 [INFO]   🔴 [91m[1mPT0002000103647515BL[0m  [2m[sem cluster][0m
2026-07-13 15:28:33 [INFO]      consumiu MAIS que o habitual às 00h
2026-07-13 15:28:33 [INFO]      [2mReal:[0m 2.0 kWh   [2mHabitual:[0m 1.0 ± 0.3 kWh   [2mz:[0m +3.33   [2mdesvio:[0m +100%   [2m(2 obs. fim_semana)[0m
2026-07-13 15:28:33 [INFO] 
2026-07-13 15:28:33 [INFO]   🔴 [91m[1mPT0002000105483259QH[0m  [2m[Cluster 1][0m
2026-07-13 15:28:33 [INFO]      consumiu MAIS que o habitual às 01h
2026-07-13 15:28:33 [INFO]      [2mReal:[0m 2.0 kWh   [2mHabitual:[0m 1.0 ± 0.3 kWh   [2mz:[0m +3.33   [2mdesvio:[0m +100%   [2m(2 obs. fim_semana)[0m
2026-07-13 15:28:33 [INFO] 
2026-07-13 15:28:33 [INFO]   🔴 [91m[1mPT0002000105483259QH[0m  [2m[Cluster 1][0m
2026-07-13 15:28:33 [INFO]      consumiu MAIS que o habitual às 02h
2026-07-13 15:28:33 [INFO]      [2mReal:[0m 2.0 kWh   [2mHabitual:[0m 1.0 ± 0.3 kWh   [2mz:[0m +3.33   [2mdesvio:[0m +100%   [2m(2 obs. fim_semana)[0m
2026-07-13 15:28:33 [INFO] 
2026-07-13 15:28:33 [INFO]   🔴 [91m[1mPT0002000105483259QH[0m  [2m[Cluster 1][0m
2026-07-13 15:28:33 [INFO]      consumiu MAIS que o habitual às 04h
2026-07-13 15:28:33 [INFO]      [2mReal:[0m 1.0 kWh   [2mHabitual:[0m 0.0 ± 0.3 kWh   [2mz:[0m +3.33   [2mdesvio:[0m +100000%   [2m(2 obs. fim_semana)[0m
2026-07-13 15:28:33 [INFO] 
2026-07-13 15:28:33 [INFO]   🔵 [94m[1mPT0002000105483259QH[0m  [2m[Cluster 1][0m
2026-07-13 15:28:33 [INFO]      consumiu MENOS que o habitual às 13h
2026-07-13 15:28:33 [INFO]      [2mReal:[0m 1.0 kWh   [2mHabitual:[0m 2.0 ± 0.3 kWh   [2mz:[0m -3.33   [2mdesvio:[0m -50%   [2m(2 obs. fim_semana)[0m
2026-07-13 15:28:33 [INFO] 
2026-07-13 15:28:33 [INFO]   🔵 [94m[1mPT0002000105483259QH[0m  [2m[Cluster 1][0m
2026-07-13 15:28:33 [INFO]      consumiu MENOS que o habitual às 15h
2026-07-13 15:28:33 [INFO]      [2mReal:[0m 1.0 kWh   [2mHabitual:[0m 2.0 ± 0.3 kWh   [2mz:[0m -3.33   [2mdesvio:[0m -50%   [2m(2 obs. fim_semana)[0m
2026-07-13 15:28:33 [INFO] 
2026-07-13 15:28:33 [INFO]   🔵 [94m[1mPT0002000105483259QH[0m  [2m[Cluster 1][0m
2026-07-13 15:28:33 [INFO]      consumiu MENOS que o habitual às 18h
2026-07-13 15:28:33 [INFO]      [2mReal:[0m 1.0 kWh   [2mHabitual:[0m 2.0 ± 0.3 kWh   [2mz:[0m -3.33   [2mdesvio:[0m -50%   [2m(2 obs. fim_semana)[0m
2026-07-13 15:28:33 [INFO] 
2026-07-13 15:28:33 [INFO]   🔵 [94m[1mPT0002000105483259QH[0m  [2m[Cluster 1][0m
2026-07-13 15:28:33 [INFO]      consumiu MENOS que o habitual às 21h
2026-07-13 15:28:33 [INFO]      [2mReal:[0m 1.0 kWh   [2mHabitual:[0m 2.0 ± 0.3 kWh   [2mz:[0m -3.33   [2mdesvio:[0m -50%   [2m(3 obs. fim_semana)[0m
2026-07-13 15:28:33 [INFO] 
2026-07-13 15:28:33 [INFO]   🔵 [94m[1mPT0002000105483259QH[0m  [2m[Cluster 1][0m
2026-07-13 15:28:33 [INFO]      consumiu MENOS que o habitual às 23h
2026-07-13 15:28:33 [INFO]      [2mReal:[0m 1.0 kWh   [2mHabitual:[0m 2.0 ± 0.3 kWh   [2mz:[0m -3.33   [2mdesvio:[0m -50%   [2m(3 obs. fim_semana)[0m
2026-07-13 15:28:33 [INFO] 
2026-07-13 15:28:33 [INFO]   🔴 [91m[1mPT0002000107046231FW[0m  [2m[Cluster 0][0m
2026-07-13 15:28:33 [INFO]      consumiu MAIS que o habitual às 19h
2026-07-13 15:28:33 [INFO]      [2mReal:[0m 3.0 kWh   [2mHabitual:[0m 2.0 ± 0.3 kWh   [2mz:[0m +3.33   [2mdesvio:[0m +50%   [2m(2 obs. fim_semana)[0m
2026-07-13 15:28:33 [INFO] 
2026-07-13 15:28:33 [INFO]   🔵 [94m[1mPT0002000107046231FW[0m  [2m[Cluster 0][0m
2026-07-13 15:28:33 [INFO]      consumiu MENOS que o habitual às 20h
2026-07-13 15:28:33 [INFO]      [2mReal:[0m 2.0 kWh   [2mHabitual:[0m 3.0 ± 0.3 kWh   [2mz:[0m -3.33   [2mdesvio:[0m -33%   [2m(2 obs. fim_semana)[0m
2026-07-13 15:28:33 [INFO] 
2026-07-13 15:28:33 [INFO]   🔴 [91m[1mPT0002000109837807PE[0m  [2m[Cluster 1][0m
2026-07-13 15:28:33 [INFO]      consumiu MAIS que o habitual às 06h
2026-07-13 15:28:33 [INFO]      [2mReal:[0m 4.0 kWh   [2mHabitual:[0m 3.0 ± 0.3 kWh   [2mz:[0m +3.33   [2mdesvio:[0m +33%   [2m(2 obs. fim_semana)[0m
2026-07-13 15:28:33 [INFO] 
2026-07-13 15:28:33 [INFO]   🔴 [91m[1mPT0002000115031201VQ[0m  [2m[Cluster 0][0m
2026-07-13 15:28:33 [INFO]      consumiu MAIS que o habitual às 22h
2026-07-13 15:28:33 [INFO]      [2mReal:[0m 8.0 kWh   [2mHabitual:[0m 6.0 ± 0.6 kWh   [2mz:[0m +3.33   [2mdesvio:[0m +33%   [2m(3 obs. fim_semana)[0m
2026-07-13 15:28:33 [INFO] 
2026-07-13 15:28:33 [INFO]   🔵 [94m[1mPT0002000115673389QK[0m  [2m[Cluster 0][0m
2026-07-13 15:28:33 [INFO]      consumiu MENOS que o habitual às 20h
2026-07-13 15:28:33 [INFO]      [2mReal:[0m 20.0 kWh   [2mHabitual:[0m 30.0 ± 3.0 kWh   [2mz:[0m -3.33   [2mdesvio:[0m -33%   [2m(2 obs. fim_semana)[0m
2026-07-13 15:28:33 [INFO] 
2026-07-13 15:28:33 [INFO]   🔴 [91m[1mPT0002000201936109ME[0m  [2m[Cluster 0][0m
2026-07-13 15:28:33 [INFO]      consumiu MAIS que o habitual às 00h
2026-07-13 15:28:33 [INFO]      [2mReal:[0m 1.0 kWh   [2mHabitual:[0m 0.0 ± 0.3 kWh   [2mz:[0m +3.33   [2mdesvio:[0m +100000%   [2m(2 obs. fim_semana)[0m
2026-07-13 15:28:33 [INFO] 
2026-07-13 15:28:33 [INFO]   🔴 [91m[1mPT0002000201936109ME[0m  [2m[Cluster 0][0m
2026-07-13 15:28:33 [INFO]      consumiu MAIS que o habitual às 05h
2026-07-13 15:28:33 [INFO]      [2mReal:[0m 1.0 kWh   [2mHabitual:[0m 0.0 ± 0.3 kWh   [2mz:[0m +3.33   [2mdesvio:[0m +100000%   [2m(2 obs. fim_semana)[0m
2026-07-13 15:28:33 [INFO] 
2026-07-13 15:28:33 [INFO]   🔴 [91m[1mPT0002000201936109ME[0m  [2m[Cluster 0][0m
2026-07-13 15:28:33 [INFO]      consumiu MAIS que o habitual às 07h
2026-07-13 15:28:33 [INFO]      [2mReal:[0m 1.0 kWh   [2mHabitual:[0m 0.0 ± 0.3 kWh   [2mz:[0m +3.33   [2mdesvio:[0m +100000%   [2m(2 obs. fim_semana)[0m
2026-07-13 15:28:33 [INFO] 
2026-07-13 15:28:33 [INFO]   🔴 [91m[1mPT0002000201936109ME[0m  [2m[Cluster 0][0m
2026-07-13 15:28:33 [INFO]      consumiu MAIS que o habitual às 09h
2026-07-13 15:28:33 [INFO]      [2mReal:[0m 1.0 kWh   [2mHabitual:[0m 0.0 ± 0.3 kWh   [2mz:[0m +3.33   [2mdesvio:[0m +100000%   [2m(2 obs. fim_semana)[0m
2026-07-13 15:28:33 [INFO] 
2026-07-13 15:28:33 [INFO]   🔴 [91m[1mPT0002000201936109ME[0m  [2m[Cluster 0][0m
2026-07-13 15:28:33 [INFO]      consumiu MAIS que o habitual às 11h
2026-07-13 15:28:33 [INFO]      [2mReal:[0m 1.0 kWh   [2mHabitual:[0m 0.0 ± 0.3 kWh   [2mz:[0m +3.33   [2mdesvio:[0m +100000%   [2m(2 obs. fim_semana)[0m
2026-07-13 15:28:33 [INFO] 
2026-07-13 15:28:33 [INFO]   🔴 [91m[1mPT0002000201936109ME[0m  [2m[Cluster 0][0m
2026-07-13 15:28:33 [INFO]      consumiu MAIS que o habitual às 14h
2026-07-13 15:28:33 [INFO]      [2mReal:[0m 1.0 kWh   [2mHabitual:[0m 0.0 ± 0.3 kWh   [2mz:[0m +3.33   [2mdesvio:[0m +100000%   [2m(2 obs. fim_semana)[0m
2026-07-13 15:28:33 [INFO] 
2026-07-13 15:28:33 [INFO]   🔵 [94m[1mPT0002000114685657JR[0m  [2m[Cluster 0][0m
2026-07-13 15:28:33 [INFO]      consumiu MENOS que o habitual às 20h
2026-07-13 15:28:33 [INFO]      [2mReal:[0m 159.0 kWh   [2mHabitual:[0m 237.5 ± 23.8 kWh   [2mz:[0m -3.31   [2mdesvio:[0m -33%   [2m(2 obs. fim_semana)[0m
2026-07-13 15:28:33 [INFO] 
2026-07-13 15:28:33 [INFO]   🔵 [94m[1mPT0002000073573036KH[0m  [2m[sem cluster][0m
2026-07-13 15:28:33 [INFO]      consumiu MENOS que o habitual às 17h
2026-07-13 15:28:33 [INFO]      [2mReal:[0m 200.0 kWh   [2mHabitual:[0m 298.5 ± 29.9 kWh   [2mz:[0m -3.30   [2mdesvio:[0m -33%   [2m(2 obs. fim_semana)[0m
2026-07-13 15:28:33 [INFO] 
2026-07-13 15:28:33 [INFO]   🔵 [94m[1mPT0002000109837807PE[0m  [2m[Cluster 1][0m
2026-07-13 15:28:33 [INFO]      consumiu MENOS que o habitual às 08h
2026-07-13 15:28:33 [INFO]      [2mReal:[0m 4.0 kWh   [2mHabitual:[0m 18.0 ± 4.2 kWh   [2mz:[0m -3.30   [2mdesvio:[0m -78%   [2m(2 obs. fim_semana)[0m
2026-07-13 15:28:33 [INFO] 
2026-07-13 15:28:33 [INFO]   🔵 [94m[1mPT0002000073573036KH[0m  [2m[sem cluster][0m
2026-07-13 15:28:33 [INFO]      consumiu MENOS que o habitual às 18h
2026-07-13 15:28:33 [INFO]      [2mReal:[0m 203.0 kWh   [2mHabitual:[0m 302.0 ± 30.2 kWh   [2mz:[0m -3.28   [2mdesvio:[0m -33%   [2m(2 obs. fim_semana)[0m
2026-07-13 15:28:33 [INFO] 
2026-07-13 15:28:33 [INFO]   🔵 [94m[1mPT0002000068856267NC[0m  [2m[sem cluster][0m
2026-07-13 15:28:33 [INFO]      consumiu MENOS que o habitual às 15h
2026-07-13 15:28:33 [INFO]      [2mReal:[0m 16.0 kWh   [2mHabitual:[0m 45.5 ± 9.2 kWh   [2mz:[0m -3.21   [2mdesvio:[0m -65%   [2m(2 obs. fim_semana)[0m
2026-07-13 15:28:33 [INFO] 
2026-07-13 15:28:33 [INFO]   🔵 [94m[1mPT0002000078294957RQ[0m  [2m[Cluster 0][0m
2026-07-13 15:28:33 [INFO]      consumiu MENOS que o habitual às 18h
2026-07-13 15:28:33 [INFO]      [2mReal:[0m 5.0 kWh   [2mHabitual:[0m 14.0 ± 2.8 kWh   [2mz:[0m -3.18   [2mdesvio:[0m -64%   [2m(2 obs. fim_semana)[0m
2026-07-13 15:28:33 [INFO] 
2026-07-13 15:28:33 [INFO]   🔵 [94m[1mPT0002000068859393XH[0m  [2m[Cluster 1][0m
2026-07-13 15:28:33 [INFO]      consumiu MENOS que o habitual às 19h
2026-07-13 15:28:33 [INFO]      [2mReal:[0m 45.0 kWh   [2mHabitual:[0m 157.0 ± 35.4 kWh   [2mz:[0m -3.17   [2mdesvio:[0m -71%   [2m(2 obs. fim_semana)[0m
2026-07-13 15:28:33 [INFO] 
2026-07-13 15:28:33 [INFO]   🔵 [94m[1mPT0002000068858231YY[0m  [2m[sem cluster][0m
2026-07-13 15:28:33 [INFO]      consumiu MENOS que o habitual às 23h
2026-07-13 15:28:33 [INFO]      [2mReal:[0m 27.0 kWh   [2mHabitual:[0m 38.7 ± 3.9 kWh   [2mz:[0m -3.02   [2mdesvio:[0m -30%   [2m(3 obs. fim_semana)[0m
2026-07-13 15:28:33 [INFO] 
2026-07-13 15:28:33 [INFO]   🔵 [94m[1mPT0002000114685657JR[0m  [2m[Cluster 0][0m
2026-07-13 15:28:33 [INFO]      consumiu MENOS que o habitual às 22h
2026-07-13 15:28:33 [INFO]      [2mReal:[0m 163.0 kWh   [2mHabitual:[0m 233.7 ± 23.4 kWh   [2mz:[0m -3.02   [2mdesvio:[0m -30%   [2m(3 obs. fim_semana)[0m
2026-07-13 15:28:33 [INFO] 
2026-07-13 15:28:33 [INFO]   🔴 [91m[1mPT0002000068856974CZ[0m  [2m[sem cluster][0m
2026-07-13 15:28:33 [INFO]      consumiu MAIS que o habitual às 22h
2026-07-13 15:28:33 [INFO]      [2mReal:[0m 13.0 kWh   [2mHabitual:[0m 10.0 ± 1.0 kWh   [2mz:[0m +3.00   [2mdesvio:[0m +30%   [2m(3 obs. fim_semana)[0m
2026-07-13 15:28:33 [INFO] 
2026-07-13 15:28:33 [INFO]   🔵 [94m[1mPT0002000115673389QK[0m  [2m[Cluster 0][0m
2026-07-13 15:28:33 [INFO]      consumiu MENOS que o habitual às 07h
2026-07-13 15:28:33 [INFO]      [2mReal:[0m 20.0 kWh   [2mHabitual:[0m 28.5 ± 2.9 kWh   [2mz:[0m -2.98   [2mdesvio:[0m -30%   [2m(2 obs. fim_semana)[0m
2026-07-13 15:28:33 [INFO] 
2026-07-13 15:28:33 [INFO]   🔵 [94m[1mPT0002000110090564GD[0m  [2m[Cluster 1][0m
2026-07-13 15:28:33 [INFO]      consumiu MENOS que o habitual às 15h
2026-07-13 15:28:33 [INFO]      [2mReal:[0m 5.0 kWh   [2mHabitual:[0m 26.0 ± 7.1 kWh   [2mz:[0m -2.97   [2mdesvio:[0m -81%   [2m(2 obs. fim_semana)[0m
2026-07-13 15:28:33 [INFO] 
2026-07-13 15:28:33 [INFO]   🔵 [94m[1mPT0002000079469719HF[0m  [2m[sem cluster][0m
2026-07-13 15:28:33 [INFO]      consumiu MENOS que o habitual às 20h
2026-07-13 15:28:33 [INFO]      [2mReal:[0m 104.0 kWh   [2mHabitual:[0m 147.0 ± 14.7 kWh   [2mz:[0m -2.93   [2mdesvio:[0m -29%   [2m(2 obs. fim_semana)[0m
2026-07-13 15:28:33 [INFO] 
2026-07-13 15:28:33 [INFO]   🔴 [91m[1mPT0002000110814293YC[0m  [2m[sem cluster][0m
2026-07-13 15:28:33 [INFO]      consumiu MAIS que o habitual às 00h
2026-07-13 15:28:33 [INFO]      [2mReal:[0m 42.0 kWh   [2mHabitual:[0m 32.5 ± 3.2 kWh   [2mz:[0m +2.92   [2mdesvio:[0m +29%   [2m(2 obs. fim_semana)[0m
2026-07-13 15:28:33 [INFO] 
2026-07-13 15:28:33 [INFO]   🔴 [91m[1mPT0002000107046231FW[0m  [2m[Cluster 0][0m
2026-07-13 15:28:33 [INFO]      consumiu MAIS que o habitual às 21h
2026-07-13 15:28:33 [INFO]      [2mReal:[0m 4.0 kWh   [2mHabitual:[0m 2.3 ± 0.6 kWh   [2mz:[0m +2.89   [2mdesvio:[0m +72%   [2m(3 obs. fim_semana)[0m
2026-07-13 15:28:33 [INFO] 
2026-07-13 15:28:33 [INFO]   🔵 [94m[1mPT0002000068856267NC[0m  [2m[sem cluster][0m
2026-07-13 15:28:33 [INFO]      consumiu MENOS que o habitual às 13h
2026-07-13 15:28:33 [INFO]      [2mReal:[0m 17.0 kWh   [2mHabitual:[0m 43.5 ± 9.2 kWh   [2mz:[0m -2.88   [2mdesvio:[0m -61%   [2m(2 obs. fim_semana)[0m
2026-07-13 15:28:33 [INFO] 
2026-07-13 15:28:33 [INFO]   🔴 [91m[1mPT0002000073717386HC[0m  [2m[sem cluster][0m
2026-07-13 15:28:33 [INFO]      consumiu MAIS que o habitual às 19h
2026-07-13 15:28:33 [INFO]      [2mReal:[0m 65.0 kWh   [2mHabitual:[0m 50.5 ± 5.0 kWh   [2mz:[0m +2.87   [2mdesvio:[0m +29%   [2m(2 obs. fim_semana)[0m
2026-07-13 15:28:33 [INFO] 
2026-07-13 15:28:33 [INFO]   🔵 [94m[1mPT0002000068859597LS[0m  [2m[Cluster 0][0m
2026-07-13 15:28:33 [INFO]      consumiu MENOS que o habitual às 11h
2026-07-13 15:28:33 [INFO]      [2mReal:[0m 34.0 kWh   [2mHabitual:[0m 62.0 ± 9.9 kWh   [2mz:[0m -2.83   [2mdesvio:[0m -45%   [2m(2 obs. fim_semana)[0m
2026-07-13 15:28:33 [INFO] 
2026-07-13 15:28:33 [INFO]   🔵 [94m[1mPT0002000110090564GD[0m  [2m[Cluster 1][0m
2026-07-13 15:28:33 [INFO]      consumiu MENOS que o habitual às 10h
2026-07-13 15:28:33 [INFO]      [2mReal:[0m 4.0 kWh   [2mHabitual:[0m 24.0 ± 7.1 kWh   [2mz:[0m -2.83   [2mdesvio:[0m -83%   [2m(2 obs. fim_semana)[0m
2026-07-13 15:28:33 [INFO] 
2026-07-13 15:28:33 [INFO]   🔵 [94m[1mPT0002000123648159KR[0m  [2m[Cluster 0][0m
2026-07-13 15:28:33 [INFO]      consumiu MENOS que o habitual às 02h
2026-07-13 15:28:33 [INFO]      [2mReal:[0m 2.0 kWh   [2mHabitual:[0m 6.0 ± 1.4 kWh   [2mz:[0m -2.83   [2mdesvio:[0m -67%   [2m(2 obs. fim_semana)[0m
2026-07-13 15:28:33 [INFO] 
2026-07-13 15:28:33 [INFO]   🔵 [94m[1mPT0002000078294957RQ[0m  [2m[Cluster 0][0m
2026-07-13 15:28:33 [INFO]      consumiu MENOS que o habitual às 01h
2026-07-13 15:28:33 [INFO]      [2mReal:[0m 14.0 kWh   [2mHabitual:[0m 19.5 ± 1.9 kWh   [2mz:[0m -2.82   [2mdesvio:[0m -28%   [2m(2 obs. fim_semana)[0m
2026-07-13 15:28:33 [INFO] 
2026-07-13 15:28:33 [INFO]   🔵 [94m[1mPT0002000109837807PE[0m  [2m[Cluster 1][0m
2026-07-13 15:28:33 [INFO]      consumiu MENOS que o habitual às 19h
2026-07-13 15:28:33 [INFO]      [2mReal:[0m 5.0 kWh   [2mHabitual:[0m 26.5 ± 7.8 kWh   [2mz:[0m -2.76   [2mdesvio:[0m -81%   [2m(2 obs. fim_semana)[0m
2026-07-13 15:28:33 [INFO] 
2026-07-13 15:28:33 [INFO]   🔵 [94m[1mPT0002000068859325FL[0m  [2m[Cluster 1][0m
2026-07-13 15:28:33 [INFO]      consumiu MENOS que o habitual às 20h
2026-07-13 15:28:33 [INFO]      [2mReal:[0m 144.0 kWh   [2mHabitual:[0m 198.0 ± 19.8 kWh   [2mz:[0m -2.73   [2mdesvio:[0m -27%   [2m(2 obs. fim_semana)[0m
2026-07-13 15:28:33 [INFO] 
2026-07-13 15:28:33 [INFO]   🔵 [94m[1mPT0002000078441876HB[0m  [2m[Cluster 0][0m
2026-07-13 15:28:33 [INFO]      consumiu MENOS que o habitual às 11h
2026-07-13 15:28:33 [INFO]      [2mReal:[0m 705.0 kWh   [2mHabitual:[0m 1393.0 ± 256.0 kWh   [2mz:[0m -2.69   [2mdesvio:[0m -49%   [2m(2 obs. fim_semana)[0m
2026-07-13 15:28:33 [INFO] 
2026-07-13 15:28:33 [INFO]   🔵 [94m[1mPT0002000114685657JR[0m  [2m[Cluster 0][0m
2026-07-13 15:28:33 [INFO]      consumiu MENOS que o habitual às 23h
2026-07-13 15:28:33 [INFO]      [2mReal:[0m 162.0 kWh   [2mHabitual:[0m 221.3 ± 22.1 kWh   [2mz:[0m -2.68   [2mdesvio:[0m -27%   [2m(3 obs. fim_semana)[0m
2026-07-13 15:28:33 [INFO] 
2026-07-13 15:28:33 [INFO]   🔵 [94m[1mPT0002000068859382XF[0m  [2m[Cluster 0][0m
2026-07-13 15:28:33 [INFO]      consumiu MENOS que o habitual às 22h
2026-07-13 15:28:33 [INFO]      [2mReal:[0m 44.0 kWh   [2mHabitual:[0m 60.0 ± 6.0 kWh   [2mz:[0m -2.67   [2mdesvio:[0m -27%   [2m(3 obs. fim_semana)[0m
2026-07-13 15:28:33 [INFO] 
2026-07-13 15:28:33 [INFO]   🔵 [94m[1mPT0002000110090564GD[0m  [2m[Cluster 1][0m
2026-07-13 15:28:33 [INFO]      consumiu MENOS que o habitual às 16h
2026-07-13 15:28:33 [INFO]      [2mReal:[0m 5.0 kWh   [2mHabitual:[0m 25.5 ± 7.8 kWh   [2mz:[0m -2.64   [2mdesvio:[0m -80%   [2m(2 obs. fim_semana)[0m
2026-07-13 15:28:33 [INFO] 
2026-07-13 15:28:33 [INFO]   🔵 [94m[1mPT0002000068856267NC[0m  [2m[sem cluster][0m
2026-07-13 15:28:33 [INFO]      consumiu MENOS que o habitual às 14h
2026-07-13 15:28:33 [INFO]      [2mReal:[0m 17.0 kWh   [2mHabitual:[0m 44.5 ± 10.6 kWh   [2mz:[0m -2.59   [2mdesvio:[0m -62%   [2m(2 obs. fim_semana)[0m
2026-07-13 15:28:33 [INFO] 
2026-07-13 15:28:33 [INFO]   🔵 [94m[1mPT0002000078294957RQ[0m  [2m[Cluster 0][0m
2026-07-13 15:28:33 [INFO]      consumiu MENOS que o habitual às 20h
2026-07-13 15:28:33 [INFO]      [2mReal:[0m 5.0 kWh   [2mHabitual:[0m 16.0 ± 4.2 kWh   [2mz:[0m -2.59   [2mdesvio:[0m -69%   [2m(2 obs. fim_semana)[0m
2026-07-13 15:28:33 [INFO] 
2026-07-13 15:28:33 [INFO]   🔵 [94m[1mPT0002000115673389QK[0m  [2m[Cluster 0][0m
2026-07-13 15:28:33 [INFO]      consumiu MENOS que o habitual às 10h
2026-07-13 15:28:33 [INFO]      [2mReal:[0m 19.0 kWh   [2mHabitual:[0m 52.0 ± 12.7 kWh   [2mz:[0m -2.59   [2mdesvio:[0m -63%   [2m(2 obs. fim_semana)[0m
2026-07-13 15:28:33 [INFO] 
2026-07-13 15:28:33 [INFO]   🔵 [94m[1mPT0002000115673471CB[0m  [2m[Cluster 0][0m
2026-07-13 15:28:33 [INFO]      consumiu MENOS que o habitual às 06h
2026-07-13 15:28:33 [INFO]      [2mReal:[0m 13.0 kWh   [2mHabitual:[0m 18.5 ± 2.1 kWh   [2mz:[0m -2.59   [2mdesvio:[0m -30%   [2m(2 obs. fim_semana)[0m
2026-07-13 15:28:33 [INFO] 
2026-07-13 15:28:33 [INFO]   🔵 [94m[1mPT0002000114685657JR[0m  [2m[Cluster 0][0m
2026-07-13 15:28:33 [INFO]      consumiu MENOS que o habitual às 21h
2026-07-13 15:28:33 [INFO]      [2mReal:[0m 162.0 kWh   [2mHabitual:[0m 225.7 ± 25.2 kWh   [2mz:[0m -2.53   [2mdesvio:[0m -28%   [2m(3 obs. fim_semana)[0m
2026-07-13 15:28:33 [INFO] 
2026-07-13 15:28:33 [INFO]   🔵 [94m[1mPT0002000078441876HB[0m  [2m[Cluster 0][0m
2026-07-13 15:28:33 [INFO]      consumiu MENOS que o habitual às 00h
2026-07-13 15:28:33 [INFO]      [2mReal:[0m 455.0 kWh   [2mHabitual:[0m 608.5 ± 60.9 kWh   [2mz:[0m -2.52   [2mdesvio:[0m -25%   [2m(2 obs. fim_semana)[0m
2026-07-13 15:28:33 [INFO] 
2026-07-13 15:28:33 [INFO]   [2mCSV:[0m /home/runner/work/ts-anomaly-detection-dissertation/ts-anomaly-detection-dissertation/results/energia/realtime/alerts/analise_energia_2026-07-12.csv
2026-07-13 15:28:33 [INFO] 
2026-07-13 15:28:33 [INFO] [96m→ A prever consumo de 2026-07-13 para 276 CPEs...[0m
2026-07-13 15:28:36 [INFO] [1m══════════════════════════════════════════════════════════════════════[0m
2026-07-13 15:28:36 [INFO] [1m  PREDIÇÃO — 2026-07-13 [0m[2m(dia util)[0m
2026-07-13 15:28:36 [INFO] [1m══════════════════════════════════════════════════════════════════════[0m
2026-07-13 15:28:36 [INFO]   [95m● CPEs previstos[0m          69 [2m(alta: 0, baixa: 1656)[0m
2026-07-13 15:28:36 [INFO]   [95m● Consumo total previsto[0m 90118.1 kWh [2m(±24783.9)[0m
2026-07-13 15:28:36 [INFO] 
2026-07-13 15:28:36 [INFO]   [2mPrevisão guardada:[0m /home/runner/work/ts-anomaly-detection-dissertation/ts-anomaly-detection-dissertation/results/energia/realtime/predictions/previsao_energia_2026-07-13.csv
2026-07-13 15:28:36 [INFO] 
2026-07-13 15:28:36 [INFO] [1m══════════════════════════════════════════════════════════════════════[0m
2026-07-13 15:28:36 [INFO] [1m  VALIDAÇÃO — qualidade das previsões anteriores[0m
2026-07-13 15:28:36 [INFO] [1m══════════════════════════════════════════════════════════════════════[0m
2026-07-13 15:28:36 [INFO]   [2mDias validados:[0m 4   [2mpendentes:[0m 28
2026-07-13 15:28:36 [INFO]   [2mÚltimo (2026-07-12):[0m MAE 19.69 kWh   RMSE 67.82   em ±1σ 53% [2m(esperado ~68%)[0m   em ±2σ 89% [2m(esperado ~95%)[0m
2026-07-13 15:28:36 [INFO]   [2mMédia acumulada:[0m MAE 15.80 kWh   RMSE 45.19   em ±1σ 56%   em ±2σ 83%
2026-07-13 15:28:36 [INFO]   [2mCSV:[0m /home/runner/work/ts-anomaly-detection-dissertation/ts-anomaly-detection-dissertation/results/energia/realtime/analysis/qualidade_previsoes_energia.csv
2026-07-13 15:28:36 [INFO] 
2026-07-13 16:42:56 [INFO] [96m→ A pedir dados ao BaZe (276 CPEs)...[0m
2026-07-13 16:56:13 [INFO] 
2026-07-13 16:56:13 [INFO] [1m══════════════════════════════════════════════════════════════════════[0m
2026-07-13 16:56:13 [INFO] [1m  DETEÇÃO DE ANOMALIAS — 2026-07-12[0m
2026-07-13 16:56:13 [INFO] [1m══════════════════════════════════════════════════════════════════════[0m
2026-07-13 16:56:13 [INFO]   [2mTipo de dia:[0m  fim semana
2026-07-13 16:56:13 [INFO]   [2mFonte:[0m        BAZE
2026-07-13 16:56:13 [INFO]   [2mCPEs c/ dados:[0m 69
2026-07-13 16:56:13 [INFO]   [2mThreshold:[0m    |z| > 2.5 [2m(adaptativo a este tipo de dia)[0m
2026-07-13 16:56:13 [INFO] 
2026-07-13 16:56:13 [INFO] [96m→ A analisar 69 CPEs / 1656 pontos horários (retrospetiva)...[0m
2026-07-13 16:56:15 [INFO] [1m─── Resumo ─────────────────────────────────────[0m
2026-07-13 16:56:15 [INFO]   [92m● Normal[0m                1487 [2m( 89.8%)[0m
2026-07-13 16:56:15 [INFO]   [91m● Desvio (alta confiança)[0m    0 [2m(  0.0%)[0m
2026-07-13 16:56:15 [INFO]   [93m● Desvio (baixa confiança)[0m 169 [2m( 10.2%)[0m
2026-07-13 16:56:15 [INFO]   [2mTempo: 799.0s[0m
2026-07-13 16:56:15 [INFO] 
2026-07-13 16:56:15 [INFO] [1m[93m─── Desvios de BAIXA confiança (169) ──────────────[0m
2026-07-13 16:56:15 [INFO]   [2m(poucos dados históricos — verificar manualmente)[0m
2026-07-13 16:56:15 [INFO] 
2026-07-13 16:56:15 [INFO]   🔴 [91m[1mPT0002000068856872QG[0m  [2m[Cluster 1][0m
2026-07-13 16:56:15 [INFO]      consumiu MAIS que o habitual às 22h
2026-07-13 16:56:15 [INFO]      [2mReal:[0m 3.0 kWh   [2mHabitual:[0m 0.0 ± 0.3 kWh   [2mz:[0m +10.00   [2mdesvio:[0m +300000%   [2m(3 obs. fim_semana)[0m
2026-07-13 16:56:15 [INFO] 
2026-07-13 16:56:15 [INFO]   🔴 [91m[1mPT0002000077348081AG[0m  [2m[sem cluster][0m
2026-07-13 16:56:15 [INFO]      consumiu MAIS que o habitual às 00h
2026-07-13 16:56:15 [INFO]      [2mReal:[0m 74.0 kWh   [2mHabitual:[0m 26.0 ± 2.6 kWh   [2mz:[0m +10.00⁺   [2mdesvio:[0m +185%   [2m(2 obs. fim_semana)[0m
2026-07-13 16:56:15 [INFO] 
2026-07-13 16:56:15 [INFO]   🔴 [91m[1mPT0002000081344542CP[0m  [2m[Cluster 1][0m
2026-07-13 16:56:15 [INFO]      consumiu MAIS que o habitual às 06h
2026-07-13 16:56:15 [INFO]      [2mReal:[0m 4.0 kWh   [2mHabitual:[0m 1.0 ± 0.3 kWh   [2mz:[0m +10.00   [2mdesvio:[0m +300%   [2m(2 obs. fim_semana)[0m
2026-07-13 16:56:15 [INFO] 
2026-07-13 16:56:15 [INFO]   🔴 [91m[1mPT0002000203419117SJ[0m  [2m[sem cluster][0m
2026-07-13 16:56:15 [INFO]      consumiu MAIS que o habitual às 01h
2026-07-13 16:56:15 [INFO]      [2mReal:[0m 4.0 kWh   [2mHabitual:[0m 0.0 ± 0.3 kWh   [2mz:[0m +10.00⁺   [2mdesvio:[0m +400000%   [2m(2 obs. fim_semana)[0m
2026-07-13 16:56:15 [INFO] 
2026-07-13 16:56:15 [INFO]   🔴 [91m[1mPT0002000203419117SJ[0m  [2m[sem cluster][0m
2026-07-13 16:56:15 [INFO]      consumiu MAIS que o habitual às 10h
2026-07-13 16:56:15 [INFO]      [2mReal:[0m 4.0 kWh   [2mHabitual:[0m 0.0 ± 0.3 kWh   [2mz:[0m +10.00⁺   [2mdesvio:[0m +400000%   [2m(2 obs. fim_semana)[0m
2026-07-13 16:56:15 [INFO] 
2026-07-13 16:56:15 [INFO]   🔴 [91m[1mPT0002000203419117SJ[0m  [2m[sem cluster][0m
2026-07-13 16:56:15 [INFO]      consumiu MAIS que o habitual às 13h
2026-07-13 16:56:15 [INFO]      [2mReal:[0m 8.0 kWh   [2mHabitual:[0m 4.0 ± 0.4 kWh   [2mz:[0m +10.00   [2mdesvio:[0m +100%   [2m(2 obs. fim_semana)[0m
2026-07-13 16:56:15 [INFO] 
2026-07-13 16:56:15 [INFO]   🔴 [91m[1mPT0002000203419117SJ[0m  [2m[sem cluster][0m
2026-07-13 16:56:15 [INFO]      consumiu MAIS que o habitual às 19h
2026-07-13 16:56:15 [INFO]      [2mReal:[0m 8.0 kWh   [2mHabitual:[0m 4.0 ± 0.4 kWh   [2mz:[0m +10.00   [2mdesvio:[0m +100%   [2m(2 obs. fim_semana)[0m
2026-07-13 16:56:15 [INFO] 
2026-07-13 16:56:15 [INFO]   🔴 [91m[1mPT0002000203886452WB[0m  [2m[sem cluster][0m
2026-07-13 16:56:15 [INFO]      consumiu MAIS que o habitual às 00h
2026-07-13 16:56:15 [INFO]      [2mReal:[0m 8.0 kWh   [2mHabitual:[0m 4.0 ± 0.4 kWh   [2mz:[0m +10.00   [2mdesvio:[0m +100%   [2m(2 obs. fim_semana)[0m
2026-07-13 16:56:15 [INFO] 
2026-07-13 16:56:15 [INFO]   🔴 [91m[1mPT0002000203886452WB[0m  [2m[sem cluster][0m
2026-07-13 16:56:15 [INFO]      consumiu MAIS que o habitual às 20h
2026-07-13 16:56:15 [INFO]      [2mReal:[0m 4.0 kWh   [2mHabitual:[0m 0.0 ± 0.3 kWh   [2mz:[0m +10.00⁺   [2mdesvio:[0m +400000%   [2m(2 obs. fim_semana)[0m
2026-07-13 16:56:15 [INFO] 
2026-07-13 16:56:15 [INFO]   🔵 [94m[1mPT0002000068857909SY[0m  [2m[Cluster 1][0m
2026-07-13 16:56:15 [INFO]      consumiu MENOS que o habitual às 10h
2026-07-13 16:56:15 [INFO]      [2mReal:[0m 1.0 kWh   [2mHabitual:[0m 32.5 ± 3.2 kWh   [2mz:[0m -9.69   [2mdesvio:[0m -97%   [2m(2 obs. fim_semana)[0m
2026-07-13 16:56:15 [INFO] 
2026-07-13 16:56:15 [INFO]   🔵 [94m[1mPT0002000079469719HF[0m  [2m[sem cluster][0m
2026-07-13 16:56:15 [INFO]      consumiu MENOS que o habitual às 14h
2026-07-13 16:56:15 [INFO]      [2mReal:[0m 6.0 kWh   [2mHabitual:[0m 47.5 ± 4.8 kWh   [2mz:[0m -8.74   [2mdesvio:[0m -87%   [2m(2 obs. fim_semana)[0m
2026-07-13 16:56:15 [INFO] 
2026-07-13 16:56:15 [INFO]   🔵 [94m[1mPT0002000109837807PE[0m  [2m[Cluster 1][0m
2026-07-13 16:56:15 [INFO]      consumiu MENOS que o habitual às 14h
2026-07-13 16:56:15 [INFO]      [2mReal:[0m 3.0 kWh   [2mHabitual:[0m 20.5 ± 2.0 kWh   [2mz:[0m -8.54   [2mdesvio:[0m -85%   [2m(2 obs. fim_semana)[0m
2026-07-13 16:56:15 [INFO] 
2026-07-13 16:56:15 [INFO]   🔵 [94m[1mPT0002000109837807PE[0m  [2m[Cluster 1][0m
2026-07-13 16:56:15 [INFO]      consumiu MENOS que o habitual às 09h
2026-07-13 16:56:15 [INFO]      [2mReal:[0m 3.0 kWh   [2mHabitual:[0m 20.0 ± 2.0 kWh   [2mz:[0m -8.50   [2mdesvio:[0m -85%   [2m(2 obs. fim_semana)[0m
2026-07-13 16:56:15 [INFO] 
2026-07-13 16:56:15 [INFO]   🔵 [94m[1mPT0002000109837807PE[0m  [2m[Cluster 1][0m
2026-07-13 16:56:15 [INFO]      consumiu MENOS que o habitual às 12h
2026-07-13 16:56:15 [INFO]      [2mReal:[0m 3.0 kWh   [2mHabitual:[0m 20.0 ± 2.0 kWh   [2mz:[0m -8.50   [2mdesvio:[0m -85%   [2m(2 obs. fim_semana)[0m
2026-07-13 16:56:15 [INFO] 
2026-07-13 16:56:15 [INFO]   🔵 [94m[1mPT0002000109837807PE[0m  [2m[Cluster 1][0m
2026-07-13 16:56:15 [INFO]      consumiu MENOS que o habitual às 16h
2026-07-13 16:56:15 [INFO]      [2mReal:[0m 3.0 kWh   [2mHabitual:[0m 20.0 ± 2.0 kWh   [2mz:[0m -8.50   [2mdesvio:[0m -85%   [2m(2 obs. fim_semana)[0m
2026-07-13 16:56:15 [INFO] 
2026-07-13 16:56:15 [INFO]   🔵 [94m[1mPT0002000109837807PE[0m  [2m[Cluster 1][0m
2026-07-13 16:56:15 [INFO]      consumiu MENOS que o habitual às 10h
2026-07-13 16:56:15 [INFO]      [2mReal:[0m 3.0 kWh   [2mHabitual:[0m 19.5 ± 1.9 kWh   [2mz:[0m -8.46   [2mdesvio:[0m -85%   [2m(2 obs. fim_semana)[0m
2026-07-13 16:56:15 [INFO] 
2026-07-13 16:56:15 [INFO]   🔵 [94m[1mPT0002000109837807PE[0m  [2m[Cluster 1][0m
2026-07-13 16:56:15 [INFO]      consumiu MENOS que o habitual às 11h
2026-07-13 16:56:15 [INFO]      [2mReal:[0m 4.0 kWh   [2mHabitual:[0m 20.5 ± 2.0 kWh   [2mz:[0m -8.05   [2mdesvio:[0m -80%   [2m(2 obs. fim_semana)[0m
2026-07-13 16:56:15 [INFO] 
2026-07-13 16:56:15 [INFO]   🔵 [94m[1mPT0002000109837807PE[0m  [2m[Cluster 1][0m
2026-07-13 16:56:15 [INFO]      consumiu MENOS que o habitual às 17h
2026-07-13 16:56:15 [INFO]      [2mReal:[0m 4.0 kWh   [2mHabitual:[0m 20.5 ± 2.0 kWh   [2mz:[0m -8.05   [2mdesvio:[0m -80%   [2m(2 obs. fim_semana)[0m
2026-07-13 16:56:15 [INFO] 
2026-07-13 16:56:15 [INFO]   🔵 [94m[1mPT0002000109837807PE[0m  [2m[Cluster 1][0m
2026-07-13 16:56:15 [INFO]      consumiu MENOS que o habitual às 15h
2026-07-13 16:56:15 [INFO]      [2mReal:[0m 4.0 kWh   [2mHabitual:[0m 20.0 ± 2.0 kWh   [2mz:[0m -8.00   [2mdesvio:[0m -80%   [2m(2 obs. fim_semana)[0m
2026-07-13 16:56:15 [INFO] 
2026-07-13 16:56:15 [INFO]   🔵 [94m[1mPT0002000109837807PE[0m  [2m[Cluster 1][0m
2026-07-13 16:56:15 [INFO]      consumiu MENOS que o habitual às 13h
2026-07-13 16:56:15 [INFO]      [2mReal:[0m 4.0 kWh   [2mHabitual:[0m 19.5 ± 1.9 kWh   [2mz:[0m -7.95   [2mdesvio:[0m -79%   [2m(2 obs. fim_semana)[0m
2026-07-13 16:56:15 [INFO] 
2026-07-13 16:56:15 [INFO]   🔵 [94m[1mPT0002000109837807PE[0m  [2m[Cluster 1][0m
2026-07-13 16:56:15 [INFO]      consumiu MENOS que o habitual às 18h
2026-07-13 16:56:15 [INFO]      [2mReal:[0m 4.0 kWh   [2mHabitual:[0m 19.5 ± 1.9 kWh   [2mz:[0m -7.95   [2mdesvio:[0m -79%   [2m(2 obs. fim_semana)[0m
2026-07-13 16:56:15 [INFO] 
2026-07-13 16:56:15 [INFO]   🔵 [94m[1mPT0002000073720434JD[0m  [2m[sem cluster][0m
2026-07-13 16:56:15 [INFO]      consumiu MENOS que o habitual às 19h
2026-07-13 16:56:15 [INFO]      [2mReal:[0m 21.0 kWh   [2mHabitual:[0m 85.0 ± 8.5 kWh   [2mz:[0m -7.53   [2mdesvio:[0m -75%   [2m(2 obs. fim_semana)[0m
2026-07-13 16:56:15 [INFO] 
2026-07-13 16:56:15 [INFO]   🔵 [94m[1mPT0002000110090564GD[0m  [2m[Cluster 1][0m
2026-07-13 16:56:15 [INFO]      consumiu MENOS que o habitual às 11h
2026-07-13 16:56:15 [INFO]      [2mReal:[0m 5.0 kWh   [2mHabitual:[0m 19.5 ± 1.9 kWh   [2mz:[0m -7.44   [2mdesvio:[0m -74%   [2m(2 obs. fim_semana)[0m
2026-07-13 16:56:15 [INFO] 
2026-07-13 16:56:15 [INFO]   🔵 [94m[1mPT0002000073720434JD[0m  [2m[sem cluster][0m
2026-07-13 16:56:15 [INFO]      consumiu MENOS que o habitual às 20h
2026-07-13 16:56:15 [INFO]      [2mReal:[0m 23.0 kWh   [2mHabitual:[0m 89.5 ± 8.9 kWh   [2mz:[0m -7.43   [2mdesvio:[0m -74%   [2m(2 obs. fim_semana)[0m
2026-07-13 16:56:15 [INFO] 
2026-07-13 16:56:15 [INFO]   🔵 [94m[1mPT0002000110090564GD[0m  [2m[Cluster 1][0m
2026-07-13 16:56:15 [INFO]      consumiu MENOS que o habitual às 09h
2026-07-13 16:56:15 [INFO]      [2mReal:[0m 5.0 kWh   [2mHabitual:[0m 19.0 ± 1.9 kWh   [2mz:[0m -7.37   [2mdesvio:[0m -74%   [2m(2 obs. fim_semana)[0m
2026-07-13 16:56:15 [INFO] 
2026-07-13 16:56:15 [INFO]   🔵 [94m[1mPT0002000109837807PE[0m  [2m[Cluster 1][0m
2026-07-13 16:56:15 [INFO]      consumiu MENOS que o habitual às 00h
2026-07-13 16:56:15 [INFO]      [2mReal:[0m 7.0 kWh   [2mHabitual:[0m 23.0 ± 2.3 kWh   [2mz:[0m -6.96   [2mdesvio:[0m -70%   [2m(2 obs. fim_semana)[0m
2026-07-13 16:56:15 [INFO] 
2026-07-13 16:56:15 [INFO]   🔵 [94m[1mPT0002000068859393XH[0m  [2m[Cluster 1][0m
2026-07-13 16:56:15 [INFO]      consumiu MENOS que o habitual às 18h
2026-07-13 16:56:15 [INFO]      [2mReal:[0m 44.0 kWh   [2mHabitual:[0m 135.5 ± 13.6 kWh   [2mz:[0m -6.75   [2mdesvio:[0m -68%   [2m(2 obs. fim_semana)[0m
2026-07-13 16:56:15 [INFO] 
2026-07-13 16:56:15 [INFO]   🔵 [94m[1mPT0002000073720434JD[0m  [2m[sem cluster][0m
2026-07-13 16:56:15 [INFO]      consumiu MENOS que o habitual às 21h
2026-07-13 16:56:15 [INFO]      [2mReal:[0m 31.0 kWh   [2mHabitual:[0m 93.3 ± 9.3 kWh   [2mz:[0m -6.68   [2mdesvio:[0m -67%   [2m(3 obs. fim_semana)[0m
2026-07-13 16:56:15 [INFO] 
2026-07-13 16:56:15 [INFO]   🔵 [94m[1mPT0002000068859393XH[0m  [2m[Cluster 1][0m
2026-07-13 16:56:15 [INFO]      consumiu MENOS que o habitual às 14h
2026-07-13 16:56:15 [INFO]      [2mReal:[0m 43.0 kWh   [2mHabitual:[0m 129.0 ± 12.9 kWh   [2mz:[0m -6.67   [2mdesvio:[0m -67%   [2m(2 obs. fim_semana)[0m
2026-07-13 16:56:15 [INFO] 
2026-07-13 16:56:15 [INFO]   🔵 [94m[1mPT0002000068859393XH[0m  [2m[Cluster 1][0m
2026-07-13 16:56:15 [INFO]      consumiu MENOS que o habitual às 15h
2026-07-13 16:56:15 [INFO]      [2mReal:[0m 43.0 kWh   [2mHabitual:[0m 129.0 ± 12.9 kWh   [2mz:[0m -6.67   [2mdesvio:[0m -67%   [2m(2 obs. fim_semana)[0m
2026-07-13 16:56:15 [INFO] 
2026-07-13 16:56:15 [INFO]   🔵 [94m[1mPT0002000068859393XH[0m  [2m[Cluster 1][0m
2026-07-13 16:56:15 [INFO]      consumiu MENOS que o habitual às 17h
2026-07-13 16:56:15 [INFO]      [2mReal:[0m 44.0 kWh   [2mHabitual:[0m 131.0 ± 13.1 kWh   [2mz:[0m -6.64   [2mdesvio:[0m -66%   [2m(2 obs. fim_semana)[0m
2026-07-13 16:56:15 [INFO] 
2026-07-13 16:56:15 [INFO]   🔵 [94m[1mPT0002000068859393XH[0m  [2m[Cluster 1][0m
2026-07-13 16:56:15 [INFO]      consumiu MENOS que o habitual às 16h
2026-07-13 16:56:15 [INFO]      [2mReal:[0m 44.0 kWh   [2mHabitual:[0m 128.5 ± 12.8 kWh   [2mz:[0m -6.58   [2mdesvio:[0m -66%   [2m(2 obs. fim_semana)[0m
2026-07-13 16:56:15 [INFO] 
2026-07-13 16:56:15 [INFO]   🔵 [94m[1mPT0002000073720434JD[0m  [2m[sem cluster][0m
2026-07-13 16:56:15 [INFO]      consumiu MENOS que o habitual às 22h
2026-07-13 16:56:15 [INFO]      [2mReal:[0m 30.0 kWh   [2mHabitual:[0m 83.7 ± 8.4 kWh   [2mz:[0m -6.40   [2mdesvio:[0m -64%   [2m(3 obs. fim_semana)[0m
2026-07-13 16:56:15 [INFO] 
2026-07-13 16:56:15 [INFO]   🔵 [94m[1mPT0002000123648159KR[0m  [2m[Cluster 0][0m
2026-07-13 16:56:15 [INFO]      consumiu MENOS que o habitual às 04h
2026-07-13 16:56:15 [INFO]      [2mReal:[0m 2.0 kWh   [2mHabitual:[0m 5.0 ± 0.5 kWh   [2mz:[0m -6.00   [2mdesvio:[0m -60%   [2m(2 obs. fim_semana)[0m
2026-07-13 16:56:15 [INFO] 
2026-07-13 16:56:15 [INFO]   🔵 [94m[1mPT0002000068859393XH[0m  [2m[Cluster 1][0m
2026-07-13 16:56:15 [INFO]      consumiu MENOS que o habitual às 13h
2026-07-13 16:56:15 [INFO]      [2mReal:[0m 53.0 kWh   [2mHabitual:[0m 131.0 ± 13.1 kWh   [2mz:[0m -5.95   [2mdesvio:[0m -60%   [2m(2 obs. fim_semana)[0m
2026-07-13 16:56:15 [INFO] 
2026-07-13 16:56:15 [INFO]   🔵 [94m[1mPT0002000068856267NC[0m  [2m[sem cluster][0m
2026-07-13 16:56:15 [INFO]      consumiu MENOS que o habitual às 17h
2026-07-13 16:56:15 [INFO]      [2mReal:[0m 16.0 kWh   [2mHabitual:[0m 39.0 ± 3.9 kWh   [2mz:[0m -5.90   [2mdesvio:[0m -59%   [2m(2 obs. fim_semana)[0m
2026-07-13 16:56:15 [INFO] 
2026-07-13 16:56:15 [INFO]   🔵 [94m[1mPT0002000068856267NC[0m  [2m[sem cluster][0m
2026-07-13 16:56:15 [INFO]      consumiu MENOS que o habitual às 18h
2026-07-13 16:56:15 [INFO]      [2mReal:[0m 16.0 kWh   [2mHabitual:[0m 38.5 ± 3.9 kWh   [2mz:[0m -5.84   [2mdesvio:[0m -58%   [2m(2 obs. fim_semana)[0m
2026-07-13 16:56:15 [INFO] 
2026-07-13 16:56:15 [INFO]   🔵 [94m[1mPT0002000123648159KR[0m  [2m[Cluster 0][0m
2026-07-13 16:56:15 [INFO]      consumiu MENOS que o habitual às 16h
2026-07-13 16:56:15 [INFO]      [2mReal:[0m 5.0 kWh   [2mHabitual:[0m 11.5 ± 1.1 kWh   [2mz:[0m -5.65   [2mdesvio:[0m -57%   [2m(2 obs. fim_semana)[0m
2026-07-13 16:56:15 [INFO] 
2026-07-13 16:56:15 [INFO]   🔵 [94m[1mPT0002000078441876HB[0m  [2m[Cluster 0][0m
2026-07-13 16:56:15 [INFO]      consumiu MENOS que o habitual às 13h
2026-07-13 16:56:15 [INFO]      [2mReal:[0m 636.0 kWh   [2mHabitual:[0m 1409.5 ± 140.9 kWh   [2mz:[0m -5.49   [2mdesvio:[0m -55%   [2m(2 obs. fim_semana)[0m
2026-07-13 16:56:15 [INFO] 
2026-07-13 16:56:15 [INFO]   🔵 [94m[1mPT0002000078294957RQ[0m  [2m[Cluster 0][0m
2026-07-13 16:56:15 [INFO]      consumiu MENOS que o habitual às 22h
2026-07-13 16:56:15 [INFO]      [2mReal:[0m 10.0 kWh   [2mHabitual:[0m 21.3 ± 2.1 kWh   [2mz:[0m -5.31   [2mdesvio:[0m -53%   [2m(3 obs. fim_semana)[0m
2026-07-13 16:56:15 [INFO] 
2026-07-13 16:56:15 [INFO]   🔵 [94m[1mPT0002000078441876HB[0m  [2m[Cluster 0][0m
2026-07-13 16:56:15 [INFO]      consumiu MENOS que o habitual às 09h
2026-07-13 16:56:15 [INFO]      [2mReal:[0m 588.0 kWh   [2mHabitual:[0m 1249.0 ± 124.9 kWh   [2mz:[0m -5.29   [2mdesvio:[0m -53%   [2m(2 obs. fim_semana)[0m
2026-07-13 16:56:15 [INFO] 
2026-07-13 16:56:15 [INFO]   🔵 [94m[1mPT0002000123648159KR[0m  [2m[Cluster 0][0m
2026-07-13 16:56:15 [INFO]      consumiu MENOS que o habitual às 17h
2026-07-13 16:56:15 [INFO]      [2mReal:[0m 5.0 kWh   [2mHabitual:[0m 10.5 ± 1.1 kWh   [2mz:[0m -5.24   [2mdesvio:[0m -52%   [2m(2 obs. fim_semana)[0m
2026-07-13 16:56:15 [INFO] 
2026-07-13 16:56:15 [INFO]   🔴 [91m[1mPT0002000110607652SB[0m  [2m[Cluster 0][0m
2026-07-13 16:56:15 [INFO]      consumiu MAIS que o habitual às 00h
2026-07-13 16:56:15 [INFO]      [2mReal:[0m 12.0 kWh   [2mHabitual:[0m 8.0 ± 0.8 kWh   [2mz:[0m +5.00   [2mdesvio:[0m +50%   [2m(2 obs. fim_semana)[0m
2026-07-13 16:56:15 [INFO] 
2026-07-13 16:56:15 [INFO]   🔴 [91m[1mPT0002000203419117SJ[0m  [2m[sem cluster][0m
2026-07-13 16:56:15 [INFO]      consumiu MAIS que o habitual às 14h
2026-07-13 16:56:15 [INFO]      [2mReal:[0m 12.0 kWh   [2mHabitual:[0m 8.0 ± 0.8 kWh   [2mz:[0m +5.00   [2mdesvio:[0m +50%   [2m(2 obs. fim_semana)[0m
2026-07-13 16:56:15 [INFO] 
2026-07-13 16:56:15 [INFO]   🔵 [94m[1mPT0002000203419117SJ[0m  [2m[sem cluster][0m
2026-07-13 16:56:15 [INFO]      consumiu MENOS que o habitual às 20h
2026-07-13 16:56:15 [INFO]      [2mReal:[0m 4.0 kWh   [2mHabitual:[0m 8.0 ± 0.8 kWh   [2mz:[0m -5.00   [2mdesvio:[0m -50%   [2m(2 obs. fim_semana)[0m
2026-07-13 16:56:15 [INFO] 
2026-07-13 16:56:15 [INFO]   🔵 [94m[1mPT0002000115673389QK[0m  [2m[Cluster 0][0m
2026-07-13 16:56:15 [INFO]      consumiu MENOS que o habitual às 01h
2026-07-13 16:56:15 [INFO]      [2mReal:[0m 19.0 kWh   [2mHabitual:[0m 37.5 ± 3.8 kWh   [2mz:[0m -4.93   [2mdesvio:[0m -49%   [2m(2 obs. fim_semana)[0m
2026-07-13 16:56:15 [INFO] 
2026-07-13 16:56:15 [INFO]   🔵 [94m[1mPT0002000078441876HB[0m  [2m[Cluster 0][0m
2026-07-13 16:56:15 [INFO]      consumiu MENOS que o habitual às 07h
2026-07-13 16:56:15 [INFO]      [2mReal:[0m 428.0 kWh   [2mHabitual:[0m 854.0 ± 87.7 kWh   [2mz:[0m -4.86   [2mdesvio:[0m -50%   [2m(2 obs. fim_semana)[0m
2026-07-13 16:56:15 [INFO] 
2026-07-13 16:56:15 [INFO]   🔵 [94m[1mPT0002000078441876HB[0m  [2m[Cluster 0][0m
2026-07-13 16:56:15 [INFO]      consumiu MENOS que o habitual às 06h
2026-07-13 16:56:15 [INFO]      [2mReal:[0m 377.0 kWh   [2mHabitual:[0m 699.5 ± 70.0 kWh   [2mz:[0m -4.61   [2mdesvio:[0m -46%   [2m(2 obs. fim_semana)[0m
2026-07-13 16:56:15 [INFO] 
2026-07-13 16:56:15 [INFO]   🔵 [94m[1mPT0002000068856267NC[0m  [2m[sem cluster][0m
2026-07-13 16:56:15 [INFO]      consumiu MENOS que o habitual às 16h
2026-07-13 16:56:15 [INFO]      [2mReal:[0m 15.0 kWh   [2mHabitual:[0m 41.0 ± 5.7 kWh   [2mz:[0m -4.60   [2mdesvio:[0m -63%   [2m(2 obs. fim_semana)[0m
2026-07-13 16:56:15 [INFO] 
2026-07-13 16:56:15 [INFO]   🔵 [94m[1mPT0002000068859597LS[0m  [2m[Cluster 0][0m
2026-07-13 16:56:15 [INFO]      consumiu MENOS que o habitual às 10h
2026-07-13 16:56:15 [INFO]      [2mReal:[0m 33.0 kWh   [2mHabitual:[0m 61.0 ± 6.1 kWh   [2mz:[0m -4.59   [2mdesvio:[0m -46%   [2m(2 obs. fim_semana)[0m
2026-07-13 16:56:15 [INFO] 
2026-07-13 16:56:15 [INFO]   🔵 [94m[1mPT0002000078441876HB[0m  [2m[Cluster 0][0m
2026-07-13 16:56:15 [INFO]      consumiu MENOS que o habitual às 02h
2026-07-13 16:56:15 [INFO]      [2mReal:[0m 357.0 kWh   [2mHabitual:[0m 654.5 ± 65.5 kWh   [2mz:[0m -4.55   [2mdesvio:[0m -45%   [2m(2 obs. fim_semana)[0m
2026-07-13 16:56:15 [INFO] 
2026-07-13 16:56:15 [INFO]   🔵 [94m[1mPT0002000078441876HB[0m  [2m[Cluster 0][0m
2026-07-13 16:56:15 [INFO]      consumiu MENOS que o habitual às 04h
2026-07-13 16:56:15 [INFO]      [2mReal:[0m 325.0 kWh   [2mHabitual:[0m 594.0 ± 59.4 kWh   [2mz:[0m -4.53   [2mdesvio:[0m -45%   [2m(2 obs. fim_semana)[0m
2026-07-13 16:56:15 [INFO] 
2026-07-13 16:56:15 [INFO]   🔵 [94m[1mPT0002000077348081AG[0m  [2m[sem cluster][0m
2026-07-13 16:56:15 [INFO]      consumiu MENOS que o habitual às 20h
2026-07-13 16:56:15 [INFO]      [2mReal:[0m 154.0 kWh   [2mHabitual:[0m 276.5 ± 27.6 kWh   [2mz:[0m -4.43   [2mdesvio:[0m -44%   [2m(2 obs. fim_semana)[0m
2026-07-13 16:56:15 [INFO] 
2026-07-13 16:56:15 [INFO]   🔵 [94m[1mPT0002000078441876HB[0m  [2m[Cluster 0][0m
2026-07-13 16:56:15 [INFO]      consumiu MENOS que o habitual às 14h
2026-07-13 16:56:15 [INFO]      [2mReal:[0m 669.0 kWh   [2mHabitual:[0m 1519.0 ± 202.2 kWh   [2mz:[0m -4.20   [2mdesvio:[0m -56%   [2m(2 obs. fim_semana)[0m
2026-07-13 16:56:15 [INFO] 
2026-07-13 16:56:15 [INFO]   🔵 [94m[1mPT0002000068859597LS[0m  [2m[Cluster 0][0m
2026-07-13 16:56:15 [INFO]      consumiu MENOS que o habitual às 16h
2026-07-13 16:56:15 [INFO]      [2mReal:[0m 33.0 kWh   [2mHabitual:[0m 56.0 ± 5.6 kWh   [2mz:[0m -4.11   [2mdesvio:[0m -41%   [2m(2 obs. fim_semana)[0m
2026-07-13 16:56:15 [INFO] 
2026-07-13 16:56:15 [INFO]   🔵 [94m[1mPT0002000078441876HB[0m  [2m[Cluster 0][0m
2026-07-13 16:56:15 [INFO]      consumiu MENOS que o habitual às 08h
2026-07-13 16:56:15 [INFO]      [2mReal:[0m 535.0 kWh   [2mHabitual:[0m 905.5 ± 90.5 kWh   [2mz:[0m -4.09   [2mdesvio:[0m -41%   [2m(2 obs. fim_semana)[0m
2026-07-13 16:56:15 [INFO] 
2026-07-13 16:56:15 [INFO]   🔵 [94m[1mPT0002000078441876HB[0m  [2m[Cluster 0][0m
2026-07-13 16:56:15 [INFO]      consumiu MENOS que o habitual às 03h
2026-07-13 16:56:15 [INFO]      [2mReal:[0m 340.0 kWh   [2mHabitual:[0m 572.0 ± 57.2 kWh   [2mz:[0m -4.06   [2mdesvio:[0m -41%   [2m(2 obs. fim_semana)[0m
2026-07-13 16:56:15 [INFO] 
2026-07-13 16:56:15 [INFO]   🔵 [94m[1mPT0002000078441876HB[0m  [2m[Cluster 0][0m
2026-07-13 16:56:15 [INFO]      consumiu MENOS que o habitual às 05h
2026-07-13 16:56:15 [INFO]      [2mReal:[0m 368.0 kWh   [2mHabitual:[0m 616.0 ± 61.6 kWh   [2mz:[0m -4.03   [2mdesvio:[0m -40%   [2m(2 obs. fim_semana)[0m
2026-07-13 16:56:15 [INFO] 
2026-07-13 16:56:15 [INFO]   🔵 [94m[1mPT0002000078441876HB[0m  [2m[Cluster 0][0m
2026-07-13 16:56:15 [INFO]      consumiu MENOS que o habitual às 10h
2026-07-13 16:56:15 [INFO]      [2mReal:[0m 589.0 kWh   [2mHabitual:[0m 1246.5 ± 164.8 kWh   [2mz:[0m -3.99   [2mdesvio:[0m -53%   [2m(2 obs. fim_semana)[0m
2026-07-13 16:56:15 [INFO] 
2026-07-13 16:56:15 [INFO]   🔵 [94m[1mPT0002000115673389QK[0m  [2m[Cluster 0][0m
2026-07-13 16:56:15 [INFO]      consumiu MENOS que o habitual às 03h
2026-07-13 16:56:15 [INFO]      [2mReal:[0m 19.0 kWh   [2mHabitual:[0m 31.5 ± 3.1 kWh   [2mz:[0m -3.97   [2mdesvio:[0m -40%   [2m(2 obs. fim_semana)[0m
2026-07-13 16:56:15 [INFO] 
2026-07-13 16:56:15 [INFO]   🔵 [94m[1mPT0002000115673389QK[0m  [2m[Cluster 0][0m
2026-07-13 16:56:15 [INFO]      consumiu MENOS que o habitual às 02h
2026-07-13 16:56:15 [INFO]      [2mReal:[0m 20.0 kWh   [2mHabitual:[0m 33.0 ± 3.3 kWh   [2mz:[0m -3.94   [2mdesvio:[0m -39%   [2m(2 obs. fim_semana)[0m
2026-07-13 16:56:15 [INFO] 
2026-07-13 16:56:15 [INFO]   🔵 [94m[1mPT0002000115673389QK[0m  [2m[Cluster 0][0m
2026-07-13 16:56:15 [INFO]      consumiu MENOS que o habitual às 15h
2026-07-13 16:56:15 [INFO]      [2mReal:[0m 20.0 kWh   [2mHabitual:[0m 50.5 ± 7.8 kWh   [2mz:[0m -3.92   [2mdesvio:[0m -60%   [2m(2 obs. fim_semana)[0m
2026-07-13 16:56:15 [INFO] 
2026-07-13 16:56:15 [INFO]   🔵 [94m[1mPT0002000078294957RQ[0m  [2m[Cluster 0][0m
2026-07-13 16:56:15 [INFO]      consumiu MENOS que o habitual às 19h
2026-07-13 16:56:15 [INFO]      [2mReal:[0m 4.0 kWh   [2mHabitual:[0m 15.0 ± 2.8 kWh   [2mz:[0m -3.89   [2mdesvio:[0m -73%   [2m(2 obs. fim_semana)[0m
2026-07-13 16:56:15 [INFO] 
2026-07-13 16:56:15 [INFO]   🔵 [94m[1mPT0002000068859325FL[0m  [2m[Cluster 1][0m
2026-07-13 16:56:15 [INFO]      consumiu MENOS que o habitual às 23h
2026-07-13 16:56:15 [INFO]      [2mReal:[0m 96.0 kWh   [2mHabitual:[0m 158.7 ± 16.2 kWh   [2mz:[0m -3.88   [2mdesvio:[0m -39%   [2m(3 obs. fim_semana)[0m
2026-07-13 16:56:15 [INFO] 
2026-07-13 16:56:15 [INFO]   🔵 [94m[1mPT0002000068859597LS[0m  [2m[Cluster 0][0m
2026-07-13 16:56:15 [INFO]      consumiu MENOS que o habitual às 19h
2026-07-13 16:56:15 [INFO]      [2mReal:[0m 34.0 kWh   [2mHabitual:[0m 55.0 ± 5.5 kWh   [2mz:[0m -3.82   [2mdesvio:[0m -38%   [2m(2 obs. fim_semana)[0m
2026-07-13 16:56:15 [INFO] 
2026-07-13 16:56:15 [INFO]   🔵 [94m[1mPT0002000078294957RQ[0m  [2m[Cluster 0][0m
2026-07-13 16:56:15 [INFO]      consumiu MENOS que o habitual às 21h
2026-07-13 16:56:15 [INFO]      [2mReal:[0m 9.0 kWh   [2mHabitual:[0m 19.0 ± 2.6 kWh   [2mz:[0m -3.78   [2mdesvio:[0m -53%   [2m(3 obs. fim_semana)[0m
2026-07-13 16:56:15 [INFO] 
2026-07-13 16:56:15 [INFO]   🔵 [94m[1mPT0002000068859597LS[0m  [2m[Cluster 0][0m
2026-07-13 16:56:15 [INFO]      consumiu MENOS que o habitual às 17h
2026-07-13 16:56:15 [INFO]      [2mReal:[0m 34.0 kWh   [2mHabitual:[0m 54.5 ± 5.5 kWh   [2mz:[0m -3.76   [2mdesvio:[0m -38%   [2m(2 obs. fim_semana)[0m
2026-07-13 16:56:15 [INFO] 
2026-07-13 16:56:15 [INFO]   🔵 [94m[1mPT0002000068859597LS[0m  [2m[Cluster 0][0m
2026-07-13 16:56:15 [INFO]      consumiu MENOS que o habitual às 18h
2026-07-13 16:56:15 [INFO]      [2mReal:[0m 34.0 kWh   [2mHabitual:[0m 54.5 ± 5.5 kWh   [2mz:[0m -3.76   [2mdesvio:[0m -38%   [2m(2 obs. fim_semana)[0m
2026-07-13 16:56:15 [INFO] 
2026-07-13 16:56:15 [INFO]   🔵 [94m[1mPT0002000068859597LS[0m  [2m[Cluster 0][0m
2026-07-13 16:56:15 [INFO]      consumiu MENOS que o habitual às 14h
2026-07-13 16:56:15 [INFO]      [2mReal:[0m 36.0 kWh   [2mHabitual:[0m 57.0 ± 5.7 kWh   [2mz:[0m -3.68   [2mdesvio:[0m -37%   [2m(2 obs. fim_semana)[0m
2026-07-13 16:56:15 [INFO] 
2026-07-13 16:56:15 [INFO]   🔴 [91m[1mPT0002000201038711LS[0m  [2m[sem cluster][0m
2026-07-13 16:56:15 [INFO]      consumiu MAIS que o habitual às 20h
2026-07-13 16:56:15 [INFO]      [2mReal:[0m 67.0 kWh   [2mHabitual:[0m 38.5 ± 7.8 kWh   [2mz:[0m +3.66   [2mdesvio:[0m +74%   [2m(2 obs. fim_semana)[0m
2026-07-13 16:56:15 [INFO] 
2026-07-13 16:56:15 [INFO]   🔵 [94m[1mPT0002000073720434JD[0m  [2m[sem cluster][0m
2026-07-13 16:56:15 [INFO]      consumiu MENOS que o habitual às 18h
2026-07-13 16:56:15 [INFO]      [2mReal:[0m 17.0 kWh   [2mHabitual:[0m 78.0 ± 17.0 kWh   [2mz:[0m -3.59   [2mdesvio:[0m -78%   [2m(2 obs. fim_semana)[0m
2026-07-13 16:56:15 [INFO] 
2026-07-13 16:56:15 [INFO]   🔴 [91m[1mPT0002000068856826ZG[0m  [2m[sem cluster][0m
2026-07-13 16:56:15 [INFO]      consumiu MAIS que o habitual às 10h
2026-07-13 16:56:15 [INFO]      [2mReal:[0m 177.0 kWh   [2mHabitual:[0m 130.5 ± 13.1 kWh   [2mz:[0m +3.56   [2mdesvio:[0m +36%   [2m(2 obs. fim_semana)[0m
2026-07-13 16:56:15 [INFO] 
2026-07-13 16:56:15 [INFO]   🔵 [94m[1mPT0002000079469719HF[0m  [2m[sem cluster][0m
2026-07-13 16:56:15 [INFO]      consumiu MENOS que o habitual às 17h
2026-07-13 16:56:15 [INFO]      [2mReal:[0m 49.0 kWh   [2mHabitual:[0m 99.0 ± 14.1 kWh   [2mz:[0m -3.54   [2mdesvio:[0m -51%   [2m(2 obs. fim_semana)[0m
2026-07-13 16:56:15 [INFO] 
2026-07-13 16:56:15 [INFO]   🔵 [94m[1mPT0002000115673389QK[0m  [2m[Cluster 0][0m
2026-07-13 16:56:15 [INFO]      consumiu MENOS que o habitual às 00h
2026-07-13 16:56:15 [INFO]      [2mReal:[0m 20.0 kWh   [2mHabitual:[0m 40.0 ± 5.7 kWh   [2mz:[0m -3.54   [2mdesvio:[0m -50%   [2m(2 obs. fim_semana)[0m
2026-07-13 16:56:15 [INFO] 
2026-07-13 16:56:15 [INFO]   🔵 [94m[1mPT0002000123648159KR[0m  [2m[Cluster 0][0m
2026-07-13 16:56:15 [INFO]      consumiu MENOS que o habitual às 01h
2026-07-13 16:56:15 [INFO]      [2mReal:[0m 3.0 kWh   [2mHabitual:[0m 5.5 ± 0.7 kWh   [2mz:[0m -3.54   [2mdesvio:[0m -45%   [2m(2 obs. fim_semana)[0m
2026-07-13 16:56:15 [INFO] 
2026-07-13 16:56:15 [INFO]   🔵 [94m[1mPT0002000123648159KR[0m  [2m[Cluster 0][0m
2026-07-13 16:56:15 [INFO]      consumiu MENOS que o habitual às 06h
2026-07-13 16:56:15 [INFO]      [2mReal:[0m 2.0 kWh   [2mHabitual:[0m 4.5 ± 0.7 kWh   [2mz:[0m -3.54   [2mdesvio:[0m -56%   [2m(2 obs. fim_semana)[0m
2026-07-13 16:56:15 [INFO] 
2026-07-13 16:56:15 [INFO]   🔵 [94m[1mPT0002000068859597LS[0m  [2m[Cluster 0][0m
2026-07-13 16:56:15 [INFO]      consumiu MENOS que o habitual às 13h
2026-07-13 16:56:15 [INFO]      [2mReal:[0m 35.0 kWh   [2mHabitual:[0m 54.0 ± 5.4 kWh   [2mz:[0m -3.52   [2mdesvio:[0m -35%   [2m(2 obs. fim_semana)[0m
2026-07-13 16:56:15 [INFO] 
2026-07-13 16:56:15 [INFO]   🔵 [94m[1mPT0002000068859597LS[0m  [2m[Cluster 0][0m
2026-07-13 16:56:15 [INFO]      consumiu MENOS que o habitual às 15h
2026-07-13 16:56:15 [INFO]      [2mReal:[0m 35.0 kWh   [2mHabitual:[0m 54.0 ± 5.4 kWh   [2mz:[0m -3.52   [2mdesvio:[0m -35%   [2m(2 obs. fim_semana)[0m
2026-07-13 16:56:15 [INFO] 
2026-07-13 16:56:15 [INFO]   🔵 [94m[1mPT0002000078294957RQ[0m  [2m[Cluster 0][0m
2026-07-13 16:56:15 [INFO]      consumiu MENOS que o habitual às 23h
2026-07-13 16:56:15 [INFO]      [2mReal:[0m 6.0 kWh   [2mHabitual:[0m 16.7 ± 3.1 kWh   [2mz:[0m -3.49   [2mdesvio:[0m -64%   [2m(3 obs. fim_semana)[0m
2026-07-13 16:56:15 [INFO] 
2026-07-13 16:56:15 [INFO]   🔵 [94m[1mPT0002000115673389QK[0m  [2m[Cluster 0][0m
2026-07-13 16:56:15 [INFO]      consumiu MENOS que o habitual às 05h
2026-07-13 16:56:15 [INFO]      [2mReal:[0m 19.0 kWh   [2mHabitual:[0m 29.0 ± 2.9 kWh   [2mz:[0m -3.45   [2mdesvio:[0m -34%   [2m(2 obs. fim_semana)[0m
2026-07-13 16:56:15 [INFO] 
2026-07-13 16:56:15 [INFO]   🔵 [94m[1mPT0002000073573036KH[0m  [2m[sem cluster][0m
2026-07-13 16:56:15 [INFO]      consumiu MENOS que o habitual às 15h
2026-07-13 16:56:15 [INFO]      [2mReal:[0m 199.0 kWh   [2mHabitual:[0m 303.0 ± 30.3 kWh   [2mz:[0m -3.43   [2mdesvio:[0m -34%   [2m(2 obs. fim_semana)[0m
2026-07-13 16:56:15 [INFO] 
2026-07-13 16:56:15 [INFO]   🔵 [94m[1mPT0002000073573036KH[0m  [2m[sem cluster][0m
2026-07-13 16:56:15 [INFO]      consumiu MENOS que o habitual às 16h
2026-07-13 16:56:15 [INFO]      [2mReal:[0m 200.0 kWh   [2mHabitual:[0m 303.0 ± 30.3 kWh   [2mz:[0m -3.40   [2mdesvio:[0m -34%   [2m(2 obs. fim_semana)[0m
2026-07-13 16:56:15 [INFO] 
2026-07-13 16:56:15 [INFO]   🔵 [94m[1mPT0002000110090564GD[0m  [2m[Cluster 1][0m
2026-07-13 16:56:15 [INFO]      consumiu MENOS que o habitual às 17h
2026-07-13 16:56:15 [INFO]      [2mReal:[0m 4.0 kWh   [2mHabitual:[0m 25.5 ± 6.4 kWh   [2mz:[0m -3.38   [2mdesvio:[0m -84%   [2m(2 obs. fim_semana)[0m
2026-07-13 16:56:15 [INFO] 
2026-07-13 16:56:15 [INFO]   🔵 [94m[1mPT0002000068856267NC[0m  [2m[sem cluster][0m
2026-07-13 16:56:15 [INFO]      consumiu MENOS que o habitual às 19h
2026-07-13 16:56:15 [INFO]      [2mReal:[0m 19.0 kWh   [2mHabitual:[0m 38.0 ± 5.7 kWh   [2mz:[0m -3.36   [2mdesvio:[0m -50%   [2m(2 obs. fim_semana)[0m
2026-07-13 16:56:15 [INFO] 
2026-07-13 16:56:15 [INFO]   🔵 [94m[1mPT0002000068859325FL[0m  [2m[Cluster 1][0m
2026-07-13 16:56:15 [INFO]      consumiu MENOS que o habitual às 22h
2026-07-13 16:56:15 [INFO]      [2mReal:[0m 96.0 kWh   [2mHabitual:[0m 184.0 ± 26.2 kWh   [2mz:[0m -3.35   [2mdesvio:[0m -48%   [2m(3 obs. fim_semana)[0m
2026-07-13 16:56:15 [INFO] 
2026-07-13 16:56:15 [INFO]   🔴 [91m[1mPT0002000068855003AK[0m  [2m[sem cluster][0m
2026-07-13 16:56:15 [INFO]      consumiu MAIS que o habitual às 02h
2026-07-13 16:56:15 [INFO]      [2mReal:[0m 8.0 kWh   [2mHabitual:[0m 6.0 ± 0.6 kWh   [2mz:[0m +3.33   [2mdesvio:[0m +33%   [2m(2 obs. fim_semana)[0m
2026-07-13 16:56:15 [INFO] 
2026-07-13 16:56:15 [INFO]   🔵 [94m[1mPT0002000068856655YV[0m  [2m[Cluster 0][0m
2026-07-13 16:56:15 [INFO]      consumiu MENOS que o habitual às 19h
2026-07-13 16:56:15 [INFO]      [2mReal:[0m 2.0 kWh   [2mHabitual:[0m 3.0 ± 0.3 kWh   [2mz:[0m -3.33   [2mdesvio:[0m -33%   [2m(2 obs. fim_semana)[0m
2026-07-13 16:56:15 [INFO] 
2026-07-13 16:56:15 [INFO]   🔵 [94m[1mPT0002000068856872QG[0m  [2m[Cluster 1][0m
2026-07-13 16:56:15 [INFO]      consumiu MENOS que o habitual às 01h
2026-07-13 16:56:15 [INFO]      [2mReal:[0m 0.0 kWh   [2mHabitual:[0m 1.0 ± 0.3 kWh   [2mz:[0m -3.33   [2mdesvio:[0m -100%   [2m(2 obs. fim_semana)[0m
2026-07-13 16:56:15 [INFO] 
2026-07-13 16:56:15 [INFO]   🔴 [91m[1mPT0002000068856872QG[0m  [2m[Cluster 1][0m
2026-07-13 16:56:15 [INFO]      consumiu MAIS que o habitual às 04h
2026-07-13 16:56:15 [INFO]      [2mReal:[0m 1.0 kWh   [2mHabitual:[0m 0.0 ± 0.3 kWh   [2mz:[0m +3.33   [2mdesvio:[0m +100000%   [2m(2 obs. fim_semana)[0m
2026-07-13 16:56:15 [INFO] 
2026-07-13 16:56:15 [INFO]   🔵 [94m[1mPT0002000068856952LS[0m  [2m[Cluster 2][0m
2026-07-13 16:56:15 [INFO]      consumiu MENOS que o habitual às 10h
2026-07-13 16:56:15 [INFO]      [2mReal:[0m 0.0 kWh   [2mHabitual:[0m 1.0 ± 0.3 kWh   [2mz:[0m -3.33   [2mdesvio:[0m -100%   [2m(2 obs. fim_semana)[0m
2026-07-13 16:56:15 [INFO] 
2026-07-13 16:56:15 [INFO]   🔴 [91m[1mPT0002000068856952LS[0m  [2m[Cluster 2][0m
2026-07-13 16:56:15 [INFO]      consumiu MAIS que o habitual às 11h
2026-07-13 16:56:15 [INFO]      [2mReal:[0m 1.0 kWh   [2mHabitual:[0m 0.0 ± 0.3 kWh   [2mz:[0m +3.33   [2mdesvio:[0m +100000%   [2m(2 obs. fim_semana)[0m
2026-07-13 16:56:15 [INFO] 
2026-07-13 16:56:15 [INFO]   🔵 [94m[1mPT0002000068857909SY[0m  [2m[Cluster 1][0m
2026-07-13 16:56:15 [INFO]      consumiu MENOS que o habitual às 01h
2026-07-13 16:56:15 [INFO]      [2mReal:[0m 1.0 kWh   [2mHabitual:[0m 2.0 ± 0.3 kWh   [2mz:[0m -3.33   [2mdesvio:[0m -50%   [2m(2 obs. fim_semana)[0m
2026-07-13 16:56:15 [INFO] 
2026-07-13 16:56:15 [INFO]   🔵 [94m[1mPT0002000068857909SY[0m  [2m[Cluster 1][0m
2026-07-13 16:56:15 [INFO]      consumiu MENOS que o habitual às 05h
2026-07-13 16:56:15 [INFO]      [2mReal:[0m 1.0 kWh   [2mHabitual:[0m 2.0 ± 0.3 kWh   [2mz:[0m -3.33   [2mdesvio:[0m -50%   [2m(2 obs. fim_semana)[0m
2026-07-13 16:56:15 [INFO] 
2026-07-13 16:56:15 [INFO]   🔴 [91m[1mPT0002000068858674WN[0m  [2m[sem cluster][0m
2026-07-13 16:56:15 [INFO]      consumiu MAIS que o habitual às 02h
2026-07-13 16:56:15 [INFO]      [2mReal:[0m 16.0 kWh   [2mHabitual:[0m 12.0 ± 1.2 kWh   [2mz:[0m +3.33   [2mdesvio:[0m +33%   [2m(2 obs. fim_semana)[0m
2026-07-13 16:56:15 [INFO] 
2026-07-13 16:56:15 [INFO]   🔴 [91m[1mPT0002000068858674WN[0m  [2m[sem cluster][0m
2026-07-13 16:56:15 [INFO]      consumiu MAIS que o habitual às 08h
2026-07-13 16:56:15 [INFO]      [2mReal:[0m 16.0 kWh   [2mHabitual:[0m 12.0 ± 1.2 kWh   [2mz:[0m +3.33   [2mdesvio:[0m +33%   [2m(2 obs. fim_semana)[0m
2026-07-13 16:56:15 [INFO] 
2026-07-13 16:56:15 [INFO]   🔴 [91m[1mPT0002000068858674WN[0m  [2m[sem cluster][0m
2026-07-13 16:56:15 [INFO]      consumiu MAIS que o habitual às 13h
2026-07-13 16:56:15 [INFO]      [2mReal:[0m 16.0 kWh   [2mHabitual:[0m 12.0 ± 1.2 kWh   [2mz:[0m +3.33   [2mdesvio:[0m +33%   [2m(2 obs. fim_semana)[0m
2026-07-13 16:56:15 [INFO] 
2026-07-13 16:56:15 [INFO]   🔵 [94m[1mPT0002000073573036KH[0m  [2m[sem cluster][0m
2026-07-13 16:56:15 [INFO]      consumiu MENOS que o habitual às 19h
2026-07-13 16:56:15 [INFO]      [2mReal:[0m 193.0 kWh   [2mHabitual:[0m 289.5 ± 28.9 kWh   [2mz:[0m -3.33   [2mdesvio:[0m -33%   [2m(2 obs. fim_semana)[0m
2026-07-13 16:56:15 [INFO] 
2026-07-13 16:56:15 [INFO]   🔴 [91m[1mPT0002000073717386HC[0m  [2m[sem cluster][0m
2026-07-13 16:56:15 [INFO]      consumiu MAIS que o habitual às 01h
2026-07-13 16:56:15 [INFO]      [2mReal:[0m 2.0 kWh   [2mHabitual:[0m 1.0 ± 0.3 kWh   [2mz:[0m +3.33   [2mdesvio:[0m +100%   [2m(2 obs. fim_semana)[0m
2026-07-13 16:56:15 [INFO] 
2026-07-13 16:56:15 [INFO]   🔴 [91m[1mPT0002000073717386HC[0m  [2m[sem cluster][0m
2026-07-13 16:56:15 [INFO]      consumiu MAIS que o habitual às 03h
2026-07-13 16:56:15 [INFO]      [2mReal:[0m 2.0 kWh   [2mHabitual:[0m 1.0 ± 0.3 kWh   [2mz:[0m +3.33   [2mdesvio:[0m +100%   [2m(2 obs. fim_semana)[0m
2026-07-13 16:56:15 [INFO] 
2026-07-13 16:56:15 [INFO]   🔴 [91m[1mPT0002000073717386HC[0m  [2m[sem cluster][0m
2026-07-13 16:56:15 [INFO]      consumiu MAIS que o habitual às 05h
2026-07-13 16:56:15 [INFO]      [2mReal:[0m 2.0 kWh   [2mHabitual:[0m 1.0 ± 0.3 kWh   [2mz:[0m +3.33   [2mdesvio:[0m +100%   [2m(2 obs. fim_semana)[0m
2026-07-13 16:56:15 [INFO] 
2026-07-13 16:56:15 [INFO]   🔵 [94m[1mPT0002000073717386HC[0m  [2m[sem cluster][0m
2026-07-13 16:56:15 [INFO]      consumiu MENOS que o habitual às 23h
2026-07-13 16:56:15 [INFO]      [2mReal:[0m 1.0 kWh   [2mHabitual:[0m 2.0 ± 0.3 kWh   [2mz:[0m -3.33   [2mdesvio:[0m -50%   [2m(3 obs. fim_semana)[0m
2026-07-13 16:56:15 [INFO] 
2026-07-13 16:56:15 [INFO]   🔵 [94m[1mPT0002000077647404EM[0m  [2m[Cluster 1][0m
2026-07-13 16:56:15 [INFO]      consumiu MENOS que o habitual às 12h
2026-07-13 16:56:15 [INFO]      [2mReal:[0m 0.0 kWh   [2mHabitual:[0m 1.0 ± 0.3 kWh   [2mz:[0m -3.33   [2mdesvio:[0m -100%   [2m(2 obs. fim_semana)[0m
2026-07-13 16:56:15 [INFO] 
2026-07-13 16:56:15 [INFO]   🔴 [91m[1mPT0002000077647404EM[0m  [2m[Cluster 1][0m
2026-07-13 16:56:15 [INFO]      consumiu MAIS que o habitual às 13h
2026-07-13 16:56:15 [INFO]      [2mReal:[0m 1.0 kWh   [2mHabitual:[0m 0.0 ± 0.3 kWh   [2mz:[0m +3.33   [2mdesvio:[0m +100000%   [2m(2 obs. fim_semana)[0m
2026-07-13 16:56:15 [INFO] 
2026-07-13 16:56:15 [INFO]   🔵 [94m[1mPT0002000077647404EM[0m  [2m[Cluster 1][0m
2026-07-13 16:56:15 [INFO]      consumiu MENOS que o habitual às 16h
2026-07-13 16:56:15 [INFO]      [2mReal:[0m 0.0 kWh   [2mHabitual:[0m 1.0 ± 0.3 kWh   [2mz:[0m -3.33   [2mdesvio:[0m -100%   [2m(2 obs. fim_semana)[0m
2026-07-13 16:56:15 [INFO] 
2026-07-13 16:56:15 [INFO]   🔴 [91m[1mPT0002000077647404EM[0m  [2m[Cluster 1][0m
2026-07-13 16:56:15 [INFO]      consumiu MAIS que o habitual às 17h
2026-07-13 16:56:15 [INFO]      [2mReal:[0m 3.0 kWh   [2mHabitual:[0m 2.0 ± 0.3 kWh   [2mz:[0m +3.33   [2mdesvio:[0m +50%   [2m(2 obs. fim_semana)[0m
2026-07-13 16:56:15 [INFO] 
2026-07-13 16:56:15 [INFO]   🔴 [91m[1mPT0002000078233981HJ[0m  [2m[Cluster 1][0m
2026-07-13 16:56:15 [INFO]      consumiu MAIS que o habitual às 02h
2026-07-13 16:56:15 [INFO]      [2mReal:[0m 3.0 kWh   [2mHabitual:[0m 2.0 ± 0.3 kWh   [2mz:[0m +3.33   [2mdesvio:[0m +50%   [2m(2 obs. fim_semana)[0m
2026-07-13 16:56:15 [INFO] 
2026-07-13 16:56:15 [INFO]   🔴 [91m[1mPT0002000078233981HJ[0m  [2m[Cluster 1][0m
2026-07-13 16:56:15 [INFO]      consumiu MAIS que o habitual às 03h
2026-07-13 16:56:15 [INFO]      [2mReal:[0m 3.0 kWh   [2mHabitual:[0m 2.0 ± 0.3 kWh   [2mz:[0m +3.33   [2mdesvio:[0m +50%   [2m(2 obs. fim_semana)[0m
2026-07-13 16:56:15 [INFO] 
2026-07-13 16:56:15 [INFO]   🔴 [91m[1mPT0002000078233981HJ[0m  [2m[Cluster 1][0m
2026-07-13 16:56:15 [INFO]      consumiu MAIS que o habitual às 06h
2026-07-13 16:56:15 [INFO]      [2mReal:[0m 3.0 kWh   [2mHabitual:[0m 2.0 ± 0.3 kWh   [2mz:[0m +3.33   [2mdesvio:[0m +50%   [2m(2 obs. fim_semana)[0m
2026-07-13 16:56:15 [INFO] 
2026-07-13 16:56:15 [INFO]   🔴 [91m[1mPT0002000078233981HJ[0m  [2m[Cluster 1][0m
2026-07-13 16:56:15 [INFO]      consumiu MAIS que o habitual às 07h
2026-07-13 16:56:15 [INFO]      [2mReal:[0m 3.0 kWh   [2mHabitual:[0m 2.0 ± 0.3 kWh   [2mz:[0m +3.33   [2mdesvio:[0m +50%   [2m(2 obs. fim_semana)[0m
2026-07-13 16:56:15 [INFO] 
2026-07-13 16:56:15 [INFO]   🔴 [91m[1mPT0002000081344542CP[0m  [2m[Cluster 1][0m
2026-07-13 16:56:15 [INFO]      consumiu MAIS que o habitual às 01h
2026-07-13 16:56:15 [INFO]      [2mReal:[0m 2.0 kWh   [2mHabitual:[0m 1.0 ± 0.3 kWh   [2mz:[0m +3.33   [2mdesvio:[0m +100%   [2m(2 obs. fim_semana)[0m
2026-07-13 16:56:15 [INFO] 
2026-07-13 16:56:15 [INFO]   🔵 [94m[1mPT0002000081344542CP[0m  [2m[Cluster 1][0m
2026-07-13 16:56:15 [INFO]      consumiu MENOS que o habitual às 02h
2026-07-13 16:56:15 [INFO]      [2mReal:[0m 1.0 kWh   [2mHabitual:[0m 2.0 ± 0.3 kWh   [2mz:[0m -3.33   [2mdesvio:[0m -50%   [2m(2 obs. fim_semana)[0m
2026-07-13 16:56:15 [INFO] 
2026-07-13 16:56:15 [INFO]   🔴 [91m[1mPT0002000081344542CP[0m  [2m[Cluster 1][0m
2026-07-13 16:56:15 [INFO]      consumiu MAIS que o habitual às 03h
2026-07-13 16:56:15 [INFO]      [2mReal:[0m 2.0 kWh   [2mHabitual:[0m 1.0 ± 0.3 kWh   [2mz:[0m +3.33   [2mdesvio:[0m +100%   [2m(2 obs. fim_semana)[0m
2026-07-13 16:56:15 [INFO] 
2026-07-13 16:56:15 [INFO]   🔴 [91m[1mPT0002000081344542CP[0m  [2m[Cluster 1][0m
2026-07-13 16:56:15 [INFO]      consumiu MAIS que o habitual às 05h
2026-07-13 16:56:15 [INFO]      [2mReal:[0m 3.0 kWh   [2mHabitual:[0m 2.0 ± 0.3 kWh   [2mz:[0m +3.33   [2mdesvio:[0m +50%   [2m(2 obs. fim_semana)[0m
2026-07-13 16:56:15 [INFO] 
2026-07-13 16:56:15 [INFO]   🔴 [91m[1mPT0002000081344542CP[0m  [2m[Cluster 1][0m
2026-07-13 16:56:15 [INFO]      consumiu MAIS que o habitual às 10h
2026-07-13 16:56:15 [INFO]      [2mReal:[0m 2.0 kWh   [2mHabitual:[0m 1.0 ± 0.3 kWh   [2mz:[0m +3.33   [2mdesvio:[0m +100%   [2m(2 obs. fim_semana)[0m
2026-07-13 16:56:15 [INFO] 
2026-07-13 16:56:15 [INFO]   🔴 [91m[1mPT0002000081344542CP[0m  [2m[Cluster 1][0m
2026-07-13 16:56:15 [INFO]      consumiu MAIS que o habitual às 14h
2026-07-13 16:56:15 [INFO]      [2mReal:[0m 2.0 kWh   [2mHabitual:[0m 1.0 ± 0.3 kWh   [2mz:[0m +3.33   [2mdesvio:[0m +100%   [2m(2 obs. fim_semana)[0m
2026-07-13 16:56:15 [INFO] 
2026-07-13 16:56:15 [INFO]   🔴 [91m[1mPT0002000081344542CP[0m  [2m[Cluster 1][0m
2026-07-13 16:56:15 [INFO]      consumiu MAIS que o habitual às 21h
2026-07-13 16:56:15 [INFO]      [2mReal:[0m 2.0 kWh   [2mHabitual:[0m 1.0 ± 0.3 kWh   [2mz:[0m +3.33   [2mdesvio:[0m +100%   [2m(3 obs. fim_semana)[0m
2026-07-13 16:56:15 [INFO] 
2026-07-13 16:56:15 [INFO]   🔴 [91m[1mPT0002000103647515BL[0m  [2m[sem cluster][0m
2026-07-13 16:56:15 [INFO]      consumiu MAIS que o habitual às 00h
2026-07-13 16:56:15 [INFO]      [2mReal:[0m 2.0 kWh   [2mHabitual:[0m 1.0 ± 0.3 kWh   [2mz:[0m +3.33   [2mdesvio:[0m +100%   [2m(2 obs. fim_semana)[0m
2026-07-13 16:56:15 [INFO] 
2026-07-13 16:56:15 [INFO]   🔴 [91m[1mPT0002000105483259QH[0m  [2m[Cluster 1][0m
2026-07-13 16:56:15 [INFO]      consumiu MAIS que o habitual às 01h
2026-07-13 16:56:15 [INFO]      [2mReal:[0m 2.0 kWh   [2mHabitual:[0m 1.0 ± 0.3 kWh   [2mz:[0m +3.33   [2mdesvio:[0m +100%   [2m(2 obs. fim_semana)[0m
2026-07-13 16:56:15 [INFO] 
2026-07-13 16:56:15 [INFO]   🔴 [91m[1mPT0002000105483259QH[0m  [2m[Cluster 1][0m
2026-07-13 16:56:15 [INFO]      consumiu MAIS que o habitual às 02h
2026-07-13 16:56:15 [INFO]      [2mReal:[0m 2.0 kWh   [2mHabitual:[0m 1.0 ± 0.3 kWh   [2mz:[0m +3.33   [2mdesvio:[0m +100%   [2m(2 obs. fim_semana)[0m
2026-07-13 16:56:15 [INFO] 
2026-07-13 16:56:15 [INFO]   🔴 [91m[1mPT0002000105483259QH[0m  [2m[Cluster 1][0m
2026-07-13 16:56:15 [INFO]      consumiu MAIS que o habitual às 04h
2026-07-13 16:56:15 [INFO]      [2mReal:[0m 1.0 kWh   [2mHabitual:[0m 0.0 ± 0.3 kWh   [2mz:[0m +3.33   [2mdesvio:[0m +100000%   [2m(2 obs. fim_semana)[0m
2026-07-13 16:56:15 [INFO] 
2026-07-13 16:56:15 [INFO]   🔵 [94m[1mPT0002000105483259QH[0m  [2m[Cluster 1][0m
2026-07-13 16:56:15 [INFO]      consumiu MENOS que o habitual às 13h
2026-07-13 16:56:15 [INFO]      [2mReal:[0m 1.0 kWh   [2mHabitual:[0m 2.0 ± 0.3 kWh   [2mz:[0m -3.33   [2mdesvio:[0m -50%   [2m(2 obs. fim_semana)[0m
2026-07-13 16:56:15 [INFO] 
2026-07-13 16:56:15 [INFO]   🔵 [94m[1mPT0002000105483259QH[0m  [2m[Cluster 1][0m
2026-07-13 16:56:15 [INFO]      consumiu MENOS que o habitual às 15h
2026-07-13 16:56:15 [INFO]      [2mReal:[0m 1.0 kWh   [2mHabitual:[0m 2.0 ± 0.3 kWh   [2mz:[0m -3.33   [2mdesvio:[0m -50%   [2m(2 obs. fim_semana)[0m
2026-07-13 16:56:15 [INFO] 
2026-07-13 16:56:15 [INFO]   🔵 [94m[1mPT0002000105483259QH[0m  [2m[Cluster 1][0m
2026-07-13 16:56:15 [INFO]      consumiu MENOS que o habitual às 18h
2026-07-13 16:56:15 [INFO]      [2mReal:[0m 1.0 kWh   [2mHabitual:[0m 2.0 ± 0.3 kWh   [2mz:[0m -3.33   [2mdesvio:[0m -50%   [2m(2 obs. fim_semana)[0m
2026-07-13 16:56:15 [INFO] 
2026-07-13 16:56:15 [INFO]   🔵 [94m[1mPT0002000105483259QH[0m  [2m[Cluster 1][0m
2026-07-13 16:56:15 [INFO]      consumiu MENOS que o habitual às 21h
2026-07-13 16:56:15 [INFO]      [2mReal:[0m 1.0 kWh   [2mHabitual:[0m 2.0 ± 0.3 kWh   [2mz:[0m -3.33   [2mdesvio:[0m -50%   [2m(3 obs. fim_semana)[0m
2026-07-13 16:56:15 [INFO] 
2026-07-13 16:56:15 [INFO]   🔵 [94m[1mPT0002000105483259QH[0m  [2m[Cluster 1][0m
2026-07-13 16:56:15 [INFO]      consumiu MENOS que o habitual às 23h
2026-07-13 16:56:15 [INFO]      [2mReal:[0m 1.0 kWh   [2mHabitual:[0m 2.0 ± 0.3 kWh   [2mz:[0m -3.33   [2mdesvio:[0m -50%   [2m(3 obs. fim_semana)[0m
2026-07-13 16:56:15 [INFO] 
2026-07-13 16:56:15 [INFO]   🔴 [91m[1mPT0002000107046231FW[0m  [2m[Cluster 0][0m
2026-07-13 16:56:15 [INFO]      consumiu MAIS que o habitual às 19h
2026-07-13 16:56:15 [INFO]      [2mReal:[0m 3.0 kWh   [2mHabitual:[0m 2.0 ± 0.3 kWh   [2mz:[0m +3.33   [2mdesvio:[0m +50%   [2m(2 obs. fim_semana)[0m
2026-07-13 16:56:15 [INFO] 
2026-07-13 16:56:15 [INFO]   🔵 [94m[1mPT0002000107046231FW[0m  [2m[Cluster 0][0m
2026-07-13 16:56:15 [INFO]      consumiu MENOS que o habitual às 20h
2026-07-13 16:56:15 [INFO]      [2mReal:[0m 2.0 kWh   [2mHabitual:[0m 3.0 ± 0.3 kWh   [2mz:[0m -3.33   [2mdesvio:[0m -33%   [2m(2 obs. fim_semana)[0m
2026-07-13 16:56:15 [INFO] 
2026-07-13 16:56:15 [INFO]   🔴 [91m[1mPT0002000109837807PE[0m  [2m[Cluster 1][0m
2026-07-13 16:56:15 [INFO]      consumiu MAIS que o habitual às 06h
2026-07-13 16:56:15 [INFO]      [2mReal:[0m 4.0 kWh   [2mHabitual:[0m 3.0 ± 0.3 kWh   [2mz:[0m +3.33   [2mdesvio:[0m +33%   [2m(2 obs. fim_semana)[0m
2026-07-13 16:56:15 [INFO] 
2026-07-13 16:56:15 [INFO]   🔴 [91m[1mPT0002000115031201VQ[0m  [2m[Cluster 0][0m
2026-07-13 16:56:15 [INFO]      consumiu MAIS que o habitual às 22h
2026-07-13 16:56:15 [INFO]      [2mReal:[0m 8.0 kWh   [2mHabitual:[0m 6.0 ± 0.6 kWh   [2mz:[0m +3.33   [2mdesvio:[0m +33%   [2m(3 obs. fim_semana)[0m
2026-07-13 16:56:15 [INFO] 
2026-07-13 16:56:15 [INFO]   🔵 [94m[1mPT0002000115673389QK[0m  [2m[Cluster 0][0m
2026-07-13 16:56:15 [INFO]      consumiu MENOS que o habitual às 20h
2026-07-13 16:56:15 [INFO]      [2mReal:[0m 20.0 kWh   [2mHabitual:[0m 30.0 ± 3.0 kWh   [2mz:[0m -3.33   [2mdesvio:[0m -33%   [2m(2 obs. fim_semana)[0m
2026-07-13 16:56:15 [INFO] 
2026-07-13 16:56:15 [INFO]   🔴 [91m[1mPT0002000201936109ME[0m  [2m[Cluster 0][0m
2026-07-13 16:56:15 [INFO]      consumiu MAIS que o habitual às 00h
2026-07-13 16:56:15 [INFO]      [2mReal:[0m 1.0 kWh   [2mHabitual:[0m 0.0 ± 0.3 kWh   [2mz:[0m +3.33   [2mdesvio:[0m +100000%   [2m(2 obs. fim_semana)[0m
2026-07-13 16:56:15 [INFO] 
2026-07-13 16:56:15 [INFO]   🔴 [91m[1mPT0002000201936109ME[0m  [2m[Cluster 0][0m
2026-07-13 16:56:15 [INFO]      consumiu MAIS que o habitual às 05h
2026-07-13 16:56:15 [INFO]      [2mReal:[0m 1.0 kWh   [2mHabitual:[0m 0.0 ± 0.3 kWh   [2mz:[0m +3.33   [2mdesvio:[0m +100000%   [2m(2 obs. fim_semana)[0m
2026-07-13 16:56:15 [INFO] 
2026-07-13 16:56:15 [INFO]   🔴 [91m[1mPT0002000201936109ME[0m  [2m[Cluster 0][0m
2026-07-13 16:56:15 [INFO]      consumiu MAIS que o habitual às 07h
2026-07-13 16:56:15 [INFO]      [2mReal:[0m 1.0 kWh   [2mHabitual:[0m 0.0 ± 0.3 kWh   [2mz:[0m +3.33   [2mdesvio:[0m +100000%   [2m(2 obs. fim_semana)[0m
2026-07-13 16:56:15 [INFO] 
2026-07-13 16:56:15 [INFO]   🔴 [91m[1mPT0002000201936109ME[0m  [2m[Cluster 0][0m
2026-07-13 16:56:15 [INFO]      consumiu MAIS que o habitual às 09h
2026-07-13 16:56:15 [INFO]      [2mReal:[0m 1.0 kWh   [2mHabitual:[0m 0.0 ± 0.3 kWh   [2mz:[0m +3.33   [2mdesvio:[0m +100000%   [2m(2 obs. fim_semana)[0m
2026-07-13 16:56:15 [INFO] 
2026-07-13 16:56:15 [INFO]   🔴 [91m[1mPT0002000201936109ME[0m  [2m[Cluster 0][0m
2026-07-13 16:56:15 [INFO]      consumiu MAIS que o habitual às 11h
2026-07-13 16:56:15 [INFO]      [2mReal:[0m 1.0 kWh   [2mHabitual:[0m 0.0 ± 0.3 kWh   [2mz:[0m +3.33   [2mdesvio:[0m +100000%   [2m(2 obs. fim_semana)[0m
2026-07-13 16:56:15 [INFO] 
2026-07-13 16:56:15 [INFO]   🔴 [91m[1mPT0002000201936109ME[0m  [2m[Cluster 0][0m
2026-07-13 16:56:15 [INFO]      consumiu MAIS que o habitual às 14h
2026-07-13 16:56:15 [INFO]      [2mReal:[0m 1.0 kWh   [2mHabitual:[0m 0.0 ± 0.3 kWh   [2mz:[0m +3.33   [2mdesvio:[0m +100000%   [2m(2 obs. fim_semana)[0m
2026-07-13 16:56:15 [INFO] 
2026-07-13 16:56:15 [INFO]   🔵 [94m[1mPT0002000114685657JR[0m  [2m[Cluster 0][0m
2026-07-13 16:56:15 [INFO]      consumiu MENOS que o habitual às 20h
2026-07-13 16:56:15 [INFO]      [2mReal:[0m 159.0 kWh   [2mHabitual:[0m 237.5 ± 23.8 kWh   [2mz:[0m -3.31   [2mdesvio:[0m -33%   [2m(2 obs. fim_semana)[0m
2026-07-13 16:56:15 [INFO] 
2026-07-13 16:56:15 [INFO]   🔵 [94m[1mPT0002000073573036KH[0m  [2m[sem cluster][0m
2026-07-13 16:56:15 [INFO]      consumiu MENOS que o habitual às 17h
2026-07-13 16:56:15 [INFO]      [2mReal:[0m 200.0 kWh   [2mHabitual:[0m 298.5 ± 29.9 kWh   [2mz:[0m -3.30   [2mdesvio:[0m -33%   [2m(2 obs. fim_semana)[0m
2026-07-13 16:56:15 [INFO] 
2026-07-13 16:56:15 [INFO]   🔵 [94m[1mPT0002000109837807PE[0m  [2m[Cluster 1][0m
2026-07-13 16:56:15 [INFO]      consumiu MENOS que o habitual às 08h
2026-07-13 16:56:15 [INFO]      [2mReal:[0m 4.0 kWh   [2mHabitual:[0m 18.0 ± 4.2 kWh   [2mz:[0m -3.30   [2mdesvio:[0m -78%   [2m(2 obs. fim_semana)[0m
2026-07-13 16:56:15 [INFO] 
2026-07-13 16:56:15 [INFO]   🔵 [94m[1mPT0002000073573036KH[0m  [2m[sem cluster][0m
2026-07-13 16:56:15 [INFO]      consumiu MENOS que o habitual às 18h
2026-07-13 16:56:15 [INFO]      [2mReal:[0m 203.0 kWh   [2mHabitual:[0m 302.0 ± 30.2 kWh   [2mz:[0m -3.28   [2mdesvio:[0m -33%   [2m(2 obs. fim_semana)[0m
2026-07-13 16:56:15 [INFO] 
2026-07-13 16:56:15 [INFO]   🔵 [94m[1mPT0002000068856267NC[0m  [2m[sem cluster][0m
2026-07-13 16:56:15 [INFO]      consumiu MENOS que o habitual às 15h
2026-07-13 16:56:15 [INFO]      [2mReal:[0m 16.0 kWh   [2mHabitual:[0m 45.5 ± 9.2 kWh   [2mz:[0m -3.21   [2mdesvio:[0m -65%   [2m(2 obs. fim_semana)[0m
2026-07-13 16:56:15 [INFO] 
2026-07-13 16:56:15 [INFO]   🔵 [94m[1mPT0002000078294957RQ[0m  [2m[Cluster 0][0m
2026-07-13 16:56:15 [INFO]      consumiu MENOS que o habitual às 18h
2026-07-13 16:56:15 [INFO]      [2mReal:[0m 5.0 kWh   [2mHabitual:[0m 14.0 ± 2.8 kWh   [2mz:[0m -3.18   [2mdesvio:[0m -64%   [2m(2 obs. fim_semana)[0m
2026-07-13 16:56:15 [INFO] 
2026-07-13 16:56:15 [INFO]   🔵 [94m[1mPT0002000068859393XH[0m  [2m[Cluster 1][0m
2026-07-13 16:56:15 [INFO]      consumiu MENOS que o habitual às 19h
2026-07-13 16:56:15 [INFO]      [2mReal:[0m 45.0 kWh   [2mHabitual:[0m 157.0 ± 35.4 kWh   [2mz:[0m -3.17   [2mdesvio:[0m -71%   [2m(2 obs. fim_semana)[0m
2026-07-13 16:56:15 [INFO] 
2026-07-13 16:56:15 [INFO]   🔵 [94m[1mPT0002000068858231YY[0m  [2m[sem cluster][0m
2026-07-13 16:56:15 [INFO]      consumiu MENOS que o habitual às 23h
2026-07-13 16:56:15 [INFO]      [2mReal:[0m 27.0 kWh   [2mHabitual:[0m 38.7 ± 3.9 kWh   [2mz:[0m -3.02   [2mdesvio:[0m -30%   [2m(3 obs. fim_semana)[0m
2026-07-13 16:56:15 [INFO] 
2026-07-13 16:56:15 [INFO]   🔵 [94m[1mPT0002000114685657JR[0m  [2m[Cluster 0][0m
2026-07-13 16:56:15 [INFO]      consumiu MENOS que o habitual às 22h
2026-07-13 16:56:15 [INFO]      [2mReal:[0m 163.0 kWh   [2mHabitual:[0m 233.7 ± 23.4 kWh   [2mz:[0m -3.02   [2mdesvio:[0m -30%   [2m(3 obs. fim_semana)[0m
2026-07-13 16:56:15 [INFO] 
2026-07-13 16:56:15 [INFO]   🔴 [91m[1mPT0002000068856974CZ[0m  [2m[sem cluster][0m
2026-07-13 16:56:15 [INFO]      consumiu MAIS que o habitual às 22h
2026-07-13 16:56:15 [INFO]      [2mReal:[0m 13.0 kWh   [2mHabitual:[0m 10.0 ± 1.0 kWh   [2mz:[0m +3.00   [2mdesvio:[0m +30%   [2m(3 obs. fim_semana)[0m
2026-07-13 16:56:15 [INFO] 
2026-07-13 16:56:15 [INFO]   🔵 [94m[1mPT0002000115673389QK[0m  [2m[Cluster 0][0m
2026-07-13 16:56:15 [INFO]      consumiu MENOS que o habitual às 07h
2026-07-13 16:56:15 [INFO]      [2mReal:[0m 20.0 kWh   [2mHabitual:[0m 28.5 ± 2.9 kWh   [2mz:[0m -2.98   [2mdesvio:[0m -30%   [2m(2 obs. fim_semana)[0m
2026-07-13 16:56:15 [INFO] 
2026-07-13 16:56:15 [INFO]   🔵 [94m[1mPT0002000110090564GD[0m  [2m[Cluster 1][0m
2026-07-13 16:56:15 [INFO]      consumiu MENOS que o habitual às 15h
2026-07-13 16:56:15 [INFO]      [2mReal:[0m 5.0 kWh   [2mHabitual:[0m 26.0 ± 7.1 kWh   [2mz:[0m -2.97   [2mdesvio:[0m -81%   [2m(2 obs. fim_semana)[0m
2026-07-13 16:56:15 [INFO] 
2026-07-13 16:56:15 [INFO]   🔵 [94m[1mPT0002000079469719HF[0m  [2m[sem cluster][0m
2026-07-13 16:56:15 [INFO]      consumiu MENOS que o habitual às 20h
2026-07-13 16:56:15 [INFO]      [2mReal:[0m 104.0 kWh   [2mHabitual:[0m 147.0 ± 14.7 kWh   [2mz:[0m -2.93   [2mdesvio:[0m -29%   [2m(2 obs. fim_semana)[0m
2026-07-13 16:56:15 [INFO] 
2026-07-13 16:56:15 [INFO]   🔴 [91m[1mPT0002000110814293YC[0m  [2m[sem cluster][0m
2026-07-13 16:56:15 [INFO]      consumiu MAIS que o habitual às 00h
2026-07-13 16:56:15 [INFO]      [2mReal:[0m 42.0 kWh   [2mHabitual:[0m 32.5 ± 3.2 kWh   [2mz:[0m +2.92   [2mdesvio:[0m +29%   [2m(2 obs. fim_semana)[0m
2026-07-13 16:56:15 [INFO] 
2026-07-13 16:56:15 [INFO]   🔴 [91m[1mPT0002000107046231FW[0m  [2m[Cluster 0][0m
2026-07-13 16:56:15 [INFO]      consumiu MAIS que o habitual às 21h
2026-07-13 16:56:15 [INFO]      [2mReal:[0m 4.0 kWh   [2mHabitual:[0m 2.3 ± 0.6 kWh   [2mz:[0m +2.89   [2mdesvio:[0m +72%   [2m(3 obs. fim_semana)[0m
2026-07-13 16:56:15 [INFO] 
2026-07-13 16:56:15 [INFO]   🔵 [94m[1mPT0002000068856267NC[0m  [2m[sem cluster][0m
2026-07-13 16:56:15 [INFO]      consumiu MENOS que o habitual às 13h
2026-07-13 16:56:15 [INFO]      [2mReal:[0m 17.0 kWh   [2mHabitual:[0m 43.5 ± 9.2 kWh   [2mz:[0m -2.88   [2mdesvio:[0m -61%   [2m(2 obs. fim_semana)[0m
2026-07-13 16:56:15 [INFO] 
2026-07-13 16:56:15 [INFO]   🔴 [91m[1mPT0002000073717386HC[0m  [2m[sem cluster][0m
2026-07-13 16:56:15 [INFO]      consumiu MAIS que o habitual às 19h
2026-07-13 16:56:15 [INFO]      [2mReal:[0m 65.0 kWh   [2mHabitual:[0m 50.5 ± 5.0 kWh   [2mz:[0m +2.87   [2mdesvio:[0m +29%   [2m(2 obs. fim_semana)[0m
2026-07-13 16:56:15 [INFO] 
2026-07-13 16:56:15 [INFO]   🔵 [94m[1mPT0002000068859597LS[0m  [2m[Cluster 0][0m
2026-07-13 16:56:15 [INFO]      consumiu MENOS que o habitual às 11h
2026-07-13 16:56:15 [INFO]      [2mReal:[0m 34.0 kWh   [2mHabitual:[0m 62.0 ± 9.9 kWh   [2mz:[0m -2.83   [2mdesvio:[0m -45%   [2m(2 obs. fim_semana)[0m
2026-07-13 16:56:15 [INFO] 
2026-07-13 16:56:15 [INFO]   🔵 [94m[1mPT0002000110090564GD[0m  [2m[Cluster 1][0m
2026-07-13 16:56:15 [INFO]      consumiu MENOS que o habitual às 10h
2026-07-13 16:56:15 [INFO]      [2mReal:[0m 4.0 kWh   [2mHabitual:[0m 24.0 ± 7.1 kWh   [2mz:[0m -2.83   [2mdesvio:[0m -83%   [2m(2 obs. fim_semana)[0m
2026-07-13 16:56:15 [INFO] 
2026-07-13 16:56:15 [INFO]   🔵 [94m[1mPT0002000123648159KR[0m  [2m[Cluster 0][0m
2026-07-13 16:56:15 [INFO]      consumiu MENOS que o habitual às 02h
2026-07-13 16:56:15 [INFO]      [2mReal:[0m 2.0 kWh   [2mHabitual:[0m 6.0 ± 1.4 kWh   [2mz:[0m -2.83   [2mdesvio:[0m -67%   [2m(2 obs. fim_semana)[0m
2026-07-13 16:56:15 [INFO] 
2026-07-13 16:56:15 [INFO]   🔵 [94m[1mPT0002000078294957RQ[0m  [2m[Cluster 0][0m
2026-07-13 16:56:15 [INFO]      consumiu MENOS que o habitual às 01h
2026-07-13 16:56:15 [INFO]      [2mReal:[0m 14.0 kWh   [2mHabitual:[0m 19.5 ± 1.9 kWh   [2mz:[0m -2.82   [2mdesvio:[0m -28%   [2m(2 obs. fim_semana)[0m
2026-07-13 16:56:15 [INFO] 
2026-07-13 16:56:15 [INFO]   🔵 [94m[1mPT0002000109837807PE[0m  [2m[Cluster 1][0m
2026-07-13 16:56:15 [INFO]      consumiu MENOS que o habitual às 19h
2026-07-13 16:56:15 [INFO]      [2mReal:[0m 5.0 kWh   [2mHabitual:[0m 26.5 ± 7.8 kWh   [2mz:[0m -2.76   [2mdesvio:[0m -81%   [2m(2 obs. fim_semana)[0m
2026-07-13 16:56:15 [INFO] 
2026-07-13 16:56:15 [INFO]   🔵 [94m[1mPT0002000068859325FL[0m  [2m[Cluster 1][0m
2026-07-13 16:56:15 [INFO]      consumiu MENOS que o habitual às 20h
2026-07-13 16:56:15 [INFO]      [2mReal:[0m 144.0 kWh   [2mHabitual:[0m 198.0 ± 19.8 kWh   [2mz:[0m -2.73   [2mdesvio:[0m -27%   [2m(2 obs. fim_semana)[0m
2026-07-13 16:56:15 [INFO] 
2026-07-13 16:56:15 [INFO]   🔵 [94m[1mPT0002000078441876HB[0m  [2m[Cluster 0][0m
2026-07-13 16:56:15 [INFO]      consumiu MENOS que o habitual às 11h
2026-07-13 16:56:15 [INFO]      [2mReal:[0m 705.0 kWh   [2mHabitual:[0m 1393.0 ± 256.0 kWh   [2mz:[0m -2.69   [2mdesvio:[0m -49%   [2m(2 obs. fim_semana)[0m
2026-07-13 16:56:15 [INFO] 
2026-07-13 16:56:15 [INFO]   🔵 [94m[1mPT0002000114685657JR[0m  [2m[Cluster 0][0m
2026-07-13 16:56:15 [INFO]      consumiu MENOS que o habitual às 23h
2026-07-13 16:56:15 [INFO]      [2mReal:[0m 162.0 kWh   [2mHabitual:[0m 221.3 ± 22.1 kWh   [2mz:[0m -2.68   [2mdesvio:[0m -27%   [2m(3 obs. fim_semana)[0m
2026-07-13 16:56:15 [INFO] 
2026-07-13 16:56:15 [INFO]   🔵 [94m[1mPT0002000068859382XF[0m  [2m[Cluster 0][0m
2026-07-13 16:56:15 [INFO]      consumiu MENOS que o habitual às 22h
2026-07-13 16:56:15 [INFO]      [2mReal:[0m 44.0 kWh   [2mHabitual:[0m 60.0 ± 6.0 kWh   [2mz:[0m -2.67   [2mdesvio:[0m -27%   [2m(3 obs. fim_semana)[0m
2026-07-13 16:56:15 [INFO] 
2026-07-13 16:56:15 [INFO]   🔵 [94m[1mPT0002000110090564GD[0m  [2m[Cluster 1][0m
2026-07-13 16:56:15 [INFO]      consumiu MENOS que o habitual às 16h
2026-07-13 16:56:15 [INFO]      [2mReal:[0m 5.0 kWh   [2mHabitual:[0m 25.5 ± 7.8 kWh   [2mz:[0m -2.64   [2mdesvio:[0m -80%   [2m(2 obs. fim_semana)[0m
2026-07-13 16:56:15 [INFO] 
2026-07-13 16:56:15 [INFO]   🔵 [94m[1mPT0002000068856267NC[0m  [2m[sem cluster][0m
2026-07-13 16:56:15 [INFO]      consumiu MENOS que o habitual às 14h
2026-07-13 16:56:15 [INFO]      [2mReal:[0m 17.0 kWh   [2mHabitual:[0m 44.5 ± 10.6 kWh   [2mz:[0m -2.59   [2mdesvio:[0m -62%   [2m(2 obs. fim_semana)[0m
2026-07-13 16:56:15 [INFO] 
2026-07-13 16:56:15 [INFO]   🔵 [94m[1mPT0002000078294957RQ[0m  [2m[Cluster 0][0m
2026-07-13 16:56:15 [INFO]      consumiu MENOS que o habitual às 20h
2026-07-13 16:56:15 [INFO]      [2mReal:[0m 5.0 kWh   [2mHabitual:[0m 16.0 ± 4.2 kWh   [2mz:[0m -2.59   [2mdesvio:[0m -69%   [2m(2 obs. fim_semana)[0m
2026-07-13 16:56:15 [INFO] 
2026-07-13 16:56:15 [INFO]   🔵 [94m[1mPT0002000115673389QK[0m  [2m[Cluster 0][0m
2026-07-13 16:56:15 [INFO]      consumiu MENOS que o habitual às 10h
2026-07-13 16:56:15 [INFO]      [2mReal:[0m 19.0 kWh   [2mHabitual:[0m 52.0 ± 12.7 kWh   [2mz:[0m -2.59   [2mdesvio:[0m -63%   [2m(2 obs. fim_semana)[0m
2026-07-13 16:56:15 [INFO] 
2026-07-13 16:56:15 [INFO]   🔵 [94m[1mPT0002000115673471CB[0m  [2m[Cluster 0][0m
2026-07-13 16:56:15 [INFO]      consumiu MENOS que o habitual às 06h
2026-07-13 16:56:15 [INFO]      [2mReal:[0m 13.0 kWh   [2mHabitual:[0m 18.5 ± 2.1 kWh   [2mz:[0m -2.59   [2mdesvio:[0m -30%   [2m(2 obs. fim_semana)[0m
2026-07-13 16:56:15 [INFO] 
2026-07-13 16:56:15 [INFO]   🔵 [94m[1mPT0002000114685657JR[0m  [2m[Cluster 0][0m
2026-07-13 16:56:15 [INFO]      consumiu MENOS que o habitual às 21h
2026-07-13 16:56:15 [INFO]      [2mReal:[0m 162.0 kWh   [2mHabitual:[0m 225.7 ± 25.2 kWh   [2mz:[0m -2.53   [2mdesvio:[0m -28%   [2m(3 obs. fim_semana)[0m
2026-07-13 16:56:15 [INFO] 
2026-07-13 16:56:15 [INFO]   🔵 [94m[1mPT0002000078441876HB[0m  [2m[Cluster 0][0m
2026-07-13 16:56:15 [INFO]      consumiu MENOS que o habitual às 00h
2026-07-13 16:56:15 [INFO]      [2mReal:[0m 455.0 kWh   [2mHabitual:[0m 608.5 ± 60.9 kWh   [2mz:[0m -2.52   [2mdesvio:[0m -25%   [2m(2 obs. fim_semana)[0m
2026-07-13 16:56:15 [INFO] 
2026-07-13 16:56:15 [INFO]   [2mCSV:[0m /home/runner/work/ts-anomaly-detection-dissertation/ts-anomaly-detection-dissertation/results/energia/realtime/alerts/analise_energia_2026-07-12.csv
2026-07-13 16:56:15 [INFO] 
2026-07-13 16:56:15 [INFO] [96m→ A prever consumo de 2026-07-13 para 276 CPEs...[0m
2026-07-13 16:56:18 [INFO] [1m══════════════════════════════════════════════════════════════════════[0m
2026-07-13 16:56:18 [INFO] [1m  PREDIÇÃO — 2026-07-13 [0m[2m(dia util)[0m
2026-07-13 16:56:18 [INFO] [1m══════════════════════════════════════════════════════════════════════[0m
2026-07-13 16:56:18 [INFO]   [95m● CPEs previstos[0m          69 [2m(alta: 0, baixa: 1656)[0m
2026-07-13 16:56:18 [INFO]   [95m● Consumo total previsto[0m 90118.1 kWh [2m(±24783.9)[0m
2026-07-13 16:56:18 [INFO] 
2026-07-13 16:56:18 [INFO]   [2mPrevisão guardada:[0m /home/runner/work/ts-anomaly-detection-dissertation/ts-anomaly-detection-dissertation/results/energia/realtime/predictions/previsao_energia_2026-07-13.csv
2026-07-13 16:56:18 [INFO] 
2026-07-13 16:56:18 [INFO] [1m══════════════════════════════════════════════════════════════════════[0m
2026-07-13 16:56:18 [INFO] [1m  VALIDAÇÃO — qualidade das previsões anteriores[0m
2026-07-13 16:56:18 [INFO] [1m══════════════════════════════════════════════════════════════════════[0m
2026-07-13 16:56:19 [INFO]   [2mDias validados:[0m 4   [2mpendentes:[0m 28
2026-07-13 16:56:19 [INFO]   [2mÚltimo (2026-07-12):[0m MAE 19.69 kWh   RMSE 67.82   em ±1σ 53% [2m(esperado ~68%)[0m   em ±2σ 89% [2m(esperado ~95%)[0m
2026-07-13 16:56:19 [INFO]   [2mMédia acumulada:[0m MAE 15.80 kWh   RMSE 45.19   em ±1σ 56%   em ±2σ 83%
2026-07-13 16:56:19 [INFO]   [2mCSV:[0m /home/runner/work/ts-anomaly-detection-dissertation/ts-anomaly-detection-dissertation/results/energia/realtime/analysis/qualidade_previsoes_energia.csv
2026-07-13 16:56:19 [INFO] 
2026-07-13 17:21:16 [INFO] [96m→ A pedir dados ao BaZe (276 CPEs)...[0m
2026-07-13 17:33:51 [INFO] 
2026-07-13 17:33:51 [INFO] [1m══════════════════════════════════════════════════════════════════════[0m
2026-07-13 17:33:51 [INFO] [1m  DETEÇÃO DE ANOMALIAS — 2026-07-12[0m
2026-07-13 17:33:51 [INFO] [1m══════════════════════════════════════════════════════════════════════[0m
2026-07-13 17:33:51 [INFO]   [2mTipo de dia:[0m  fim semana
2026-07-13 17:33:51 [INFO]   [2mFonte:[0m        BAZE
2026-07-13 17:33:51 [INFO]   [2mCPEs c/ dados:[0m 69
2026-07-13 17:33:51 [INFO]   [2mThreshold:[0m    |z| > 2.5 [2m(adaptativo a este tipo de dia)[0m
2026-07-13 17:33:51 [INFO] 
2026-07-13 17:33:51 [INFO] [96m→ A analisar 69 CPEs / 1656 pontos horários (retrospetiva)...[0m
2026-07-13 17:33:52 [INFO] [1m─── Resumo ─────────────────────────────────────[0m
2026-07-13 17:33:52 [INFO]   [92m● Normal[0m                1487 [2m( 89.8%)[0m
2026-07-13 17:33:52 [INFO]   [91m● Desvio (alta confiança)[0m    0 [2m(  0.0%)[0m
2026-07-13 17:33:52 [INFO]   [93m● Desvio (baixa confiança)[0m 169 [2m( 10.2%)[0m
2026-07-13 17:33:52 [INFO]   [2mTempo: 756.6s[0m
2026-07-13 17:33:52 [INFO] 
2026-07-13 17:33:52 [INFO] [1m[93m─── Desvios de BAIXA confiança (169) ──────────────[0m
2026-07-13 17:33:52 [INFO]   [2m(poucos dados históricos — verificar manualmente)[0m
2026-07-13 17:33:52 [INFO] 
2026-07-13 17:33:52 [INFO]   🔴 [91m[1mPT0002000068856872QG[0m  [2m[Cluster 1][0m
2026-07-13 17:33:52 [INFO]      consumiu MAIS que o habitual às 22h
2026-07-13 17:33:52 [INFO]      [2mReal:[0m 3.0 kWh   [2mHabitual:[0m 0.0 ± 0.3 kWh   [2mz:[0m +10.00   [2mdesvio:[0m +300000%   [2m(3 obs. fim_semana)[0m
2026-07-13 17:33:52 [INFO] 
2026-07-13 17:33:52 [INFO]   🔴 [91m[1mPT0002000077348081AG[0m  [2m[sem cluster][0m
2026-07-13 17:33:52 [INFO]      consumiu MAIS que o habitual às 00h
2026-07-13 17:33:52 [INFO]      [2mReal:[0m 74.0 kWh   [2mHabitual:[0m 26.0 ± 2.6 kWh   [2mz:[0m +10.00⁺   [2mdesvio:[0m +185%   [2m(2 obs. fim_semana)[0m
2026-07-13 17:33:52 [INFO] 
2026-07-13 17:33:52 [INFO]   🔴 [91m[1mPT0002000081344542CP[0m  [2m[Cluster 1][0m
2026-07-13 17:33:52 [INFO]      consumiu MAIS que o habitual às 06h
2026-07-13 17:33:52 [INFO]      [2mReal:[0m 4.0 kWh   [2mHabitual:[0m 1.0 ± 0.3 kWh   [2mz:[0m +10.00   [2mdesvio:[0m +300%   [2m(2 obs. fim_semana)[0m
2026-07-13 17:33:52 [INFO] 
2026-07-13 17:33:52 [INFO]   🔴 [91m[1mPT0002000203419117SJ[0m  [2m[sem cluster][0m
2026-07-13 17:33:52 [INFO]      consumiu MAIS que o habitual às 01h
2026-07-13 17:33:52 [INFO]      [2mReal:[0m 4.0 kWh   [2mHabitual:[0m 0.0 ± 0.3 kWh   [2mz:[0m +10.00⁺   [2mdesvio:[0m +400000%   [2m(2 obs. fim_semana)[0m
2026-07-13 17:33:52 [INFO] 
2026-07-13 17:33:52 [INFO]   🔴 [91m[1mPT0002000203419117SJ[0m  [2m[sem cluster][0m
2026-07-13 17:33:52 [INFO]      consumiu MAIS que o habitual às 10h
2026-07-13 17:33:52 [INFO]      [2mReal:[0m 4.0 kWh   [2mHabitual:[0m 0.0 ± 0.3 kWh   [2mz:[0m +10.00⁺   [2mdesvio:[0m +400000%   [2m(2 obs. fim_semana)[0m
2026-07-13 17:33:52 [INFO] 
2026-07-13 17:33:52 [INFO]   🔴 [91m[1mPT0002000203419117SJ[0m  [2m[sem cluster][0m
2026-07-13 17:33:52 [INFO]      consumiu MAIS que o habitual às 13h
2026-07-13 17:33:52 [INFO]      [2mReal:[0m 8.0 kWh   [2mHabitual:[0m 4.0 ± 0.4 kWh   [2mz:[0m +10.00   [2mdesvio:[0m +100%   [2m(2 obs. fim_semana)[0m
2026-07-13 17:33:52 [INFO] 
2026-07-13 17:33:52 [INFO]   🔴 [91m[1mPT0002000203419117SJ[0m  [2m[sem cluster][0m
2026-07-13 17:33:52 [INFO]      consumiu MAIS que o habitual às 19h
2026-07-13 17:33:52 [INFO]      [2mReal:[0m 8.0 kWh   [2mHabitual:[0m 4.0 ± 0.4 kWh   [2mz:[0m +10.00   [2mdesvio:[0m +100%   [2m(2 obs. fim_semana)[0m
2026-07-13 17:33:52 [INFO] 
2026-07-13 17:33:52 [INFO]   🔴 [91m[1mPT0002000203886452WB[0m  [2m[sem cluster][0m
2026-07-13 17:33:52 [INFO]      consumiu MAIS que o habitual às 00h
2026-07-13 17:33:52 [INFO]      [2mReal:[0m 8.0 kWh   [2mHabitual:[0m 4.0 ± 0.4 kWh   [2mz:[0m +10.00   [2mdesvio:[0m +100%   [2m(2 obs. fim_semana)[0m
2026-07-13 17:33:52 [INFO] 
2026-07-13 17:33:52 [INFO]   🔴 [91m[1mPT0002000203886452WB[0m  [2m[sem cluster][0m
2026-07-13 17:33:52 [INFO]      consumiu MAIS que o habitual às 20h
2026-07-13 17:33:52 [INFO]      [2mReal:[0m 4.0 kWh   [2mHabitual:[0m 0.0 ± 0.3 kWh   [2mz:[0m +10.00⁺   [2mdesvio:[0m +400000%   [2m(2 obs. fim_semana)[0m
2026-07-13 17:33:52 [INFO] 
2026-07-13 17:33:52 [INFO]   🔵 [94m[1mPT0002000068857909SY[0m  [2m[Cluster 1][0m
2026-07-13 17:33:52 [INFO]      consumiu MENOS que o habitual às 10h
2026-07-13 17:33:52 [INFO]      [2mReal:[0m 1.0 kWh   [2mHabitual:[0m 32.5 ± 3.2 kWh   [2mz:[0m -9.69   [2mdesvio:[0m -97%   [2m(2 obs. fim_semana)[0m
2026-07-13 17:33:52 [INFO] 
2026-07-13 17:33:52 [INFO]   🔵 [94m[1mPT0002000079469719HF[0m  [2m[sem cluster][0m
2026-07-13 17:33:52 [INFO]      consumiu MENOS que o habitual às 14h
2026-07-13 17:33:52 [INFO]      [2mReal:[0m 6.0 kWh   [2mHabitual:[0m 47.5 ± 4.8 kWh   [2mz:[0m -8.74   [2mdesvio:[0m -87%   [2m(2 obs. fim_semana)[0m
2026-07-13 17:33:52 [INFO] 
2026-07-13 17:33:52 [INFO]   🔵 [94m[1mPT0002000109837807PE[0m  [2m[Cluster 1][0m
2026-07-13 17:33:52 [INFO]      consumiu MENOS que o habitual às 14h
2026-07-13 17:33:52 [INFO]      [2mReal:[0m 3.0 kWh   [2mHabitual:[0m 20.5 ± 2.0 kWh   [2mz:[0m -8.54   [2mdesvio:[0m -85%   [2m(2 obs. fim_semana)[0m
2026-07-13 17:33:52 [INFO] 
2026-07-13 17:33:52 [INFO]   🔵 [94m[1mPT0002000109837807PE[0m  [2m[Cluster 1][0m
2026-07-13 17:33:52 [INFO]      consumiu MENOS que o habitual às 09h
2026-07-13 17:33:52 [INFO]      [2mReal:[0m 3.0 kWh   [2mHabitual:[0m 20.0 ± 2.0 kWh   [2mz:[0m -8.50   [2mdesvio:[0m -85%   [2m(2 obs. fim_semana)[0m
2026-07-13 17:33:52 [INFO] 
2026-07-13 17:33:52 [INFO]   🔵 [94m[1mPT0002000109837807PE[0m  [2m[Cluster 1][0m
2026-07-13 17:33:52 [INFO]      consumiu MENOS que o habitual às 12h
2026-07-13 17:33:52 [INFO]      [2mReal:[0m 3.0 kWh   [2mHabitual:[0m 20.0 ± 2.0 kWh   [2mz:[0m -8.50   [2mdesvio:[0m -85%   [2m(2 obs. fim_semana)[0m
2026-07-13 17:33:52 [INFO] 
2026-07-13 17:33:52 [INFO]   🔵 [94m[1mPT0002000109837807PE[0m  [2m[Cluster 1][0m
2026-07-13 17:33:52 [INFO]      consumiu MENOS que o habitual às 16h
2026-07-13 17:33:52 [INFO]      [2mReal:[0m 3.0 kWh   [2mHabitual:[0m 20.0 ± 2.0 kWh   [2mz:[0m -8.50   [2mdesvio:[0m -85%   [2m(2 obs. fim_semana)[0m
2026-07-13 17:33:52 [INFO] 
2026-07-13 17:33:52 [INFO]   🔵 [94m[1mPT0002000109837807PE[0m  [2m[Cluster 1][0m
2026-07-13 17:33:52 [INFO]      consumiu MENOS que o habitual às 10h
2026-07-13 17:33:52 [INFO]      [2mReal:[0m 3.0 kWh   [2mHabitual:[0m 19.5 ± 1.9 kWh   [2mz:[0m -8.46   [2mdesvio:[0m -85%   [2m(2 obs. fim_semana)[0m
2026-07-13 17:33:52 [INFO] 
2026-07-13 17:33:52 [INFO]   🔵 [94m[1mPT0002000109837807PE[0m  [2m[Cluster 1][0m
2026-07-13 17:33:52 [INFO]      consumiu MENOS que o habitual às 11h
2026-07-13 17:33:52 [INFO]      [2mReal:[0m 4.0 kWh   [2mHabitual:[0m 20.5 ± 2.0 kWh   [2mz:[0m -8.05   [2mdesvio:[0m -80%   [2m(2 obs. fim_semana)[0m
2026-07-13 17:33:52 [INFO] 
2026-07-13 17:33:52 [INFO]   🔵 [94m[1mPT0002000109837807PE[0m  [2m[Cluster 1][0m
2026-07-13 17:33:52 [INFO]      consumiu MENOS que o habitual às 17h
2026-07-13 17:33:52 [INFO]      [2mReal:[0m 4.0 kWh   [2mHabitual:[0m 20.5 ± 2.0 kWh   [2mz:[0m -8.05   [2mdesvio:[0m -80%   [2m(2 obs. fim_semana)[0m
2026-07-13 17:33:52 [INFO] 
2026-07-13 17:33:52 [INFO]   🔵 [94m[1mPT0002000109837807PE[0m  [2m[Cluster 1][0m
2026-07-13 17:33:52 [INFO]      consumiu MENOS que o habitual às 15h
2026-07-13 17:33:52 [INFO]      [2mReal:[0m 4.0 kWh   [2mHabitual:[0m 20.0 ± 2.0 kWh   [2mz:[0m -8.00   [2mdesvio:[0m -80%   [2m(2 obs. fim_semana)[0m
2026-07-13 17:33:52 [INFO] 
2026-07-13 17:33:52 [INFO]   🔵 [94m[1mPT0002000109837807PE[0m  [2m[Cluster 1][0m
2026-07-13 17:33:52 [INFO]      consumiu MENOS que o habitual às 13h
2026-07-13 17:33:52 [INFO]      [2mReal:[0m 4.0 kWh   [2mHabitual:[0m 19.5 ± 1.9 kWh   [2mz:[0m -7.95   [2mdesvio:[0m -79%   [2m(2 obs. fim_semana)[0m
2026-07-13 17:33:52 [INFO] 
2026-07-13 17:33:52 [INFO]   🔵 [94m[1mPT0002000109837807PE[0m  [2m[Cluster 1][0m
2026-07-13 17:33:52 [INFO]      consumiu MENOS que o habitual às 18h
2026-07-13 17:33:52 [INFO]      [2mReal:[0m 4.0 kWh   [2mHabitual:[0m 19.5 ± 1.9 kWh   [2mz:[0m -7.95   [2mdesvio:[0m -79%   [2m(2 obs. fim_semana)[0m
2026-07-13 17:33:52 [INFO] 
2026-07-13 17:33:52 [INFO]   🔵 [94m[1mPT0002000073720434JD[0m  [2m[sem cluster][0m
2026-07-13 17:33:52 [INFO]      consumiu MENOS que o habitual às 19h
2026-07-13 17:33:52 [INFO]      [2mReal:[0m 21.0 kWh   [2mHabitual:[0m 85.0 ± 8.5 kWh   [2mz:[0m -7.53   [2mdesvio:[0m -75%   [2m(2 obs. fim_semana)[0m
2026-07-13 17:33:52 [INFO] 
2026-07-13 17:33:52 [INFO]   🔵 [94m[1mPT0002000110090564GD[0m  [2m[Cluster 1][0m
2026-07-13 17:33:52 [INFO]      consumiu MENOS que o habitual às 11h
2026-07-13 17:33:52 [INFO]      [2mReal:[0m 5.0 kWh   [2mHabitual:[0m 19.5 ± 1.9 kWh   [2mz:[0m -7.44   [2mdesvio:[0m -74%   [2m(2 obs. fim_semana)[0m
2026-07-13 17:33:52 [INFO] 
2026-07-13 17:33:52 [INFO]   🔵 [94m[1mPT0002000073720434JD[0m  [2m[sem cluster][0m
2026-07-13 17:33:52 [INFO]      consumiu MENOS que o habitual às 20h
2026-07-13 17:33:52 [INFO]      [2mReal:[0m 23.0 kWh   [2mHabitual:[0m 89.5 ± 8.9 kWh   [2mz:[0m -7.43   [2mdesvio:[0m -74%   [2m(2 obs. fim_semana)[0m
2026-07-13 17:33:52 [INFO] 
2026-07-13 17:33:52 [INFO]   🔵 [94m[1mPT0002000110090564GD[0m  [2m[Cluster 1][0m
2026-07-13 17:33:52 [INFO]      consumiu MENOS que o habitual às 09h
2026-07-13 17:33:52 [INFO]      [2mReal:[0m 5.0 kWh   [2mHabitual:[0m 19.0 ± 1.9 kWh   [2mz:[0m -7.37   [2mdesvio:[0m -74%   [2m(2 obs. fim_semana)[0m
2026-07-13 17:33:52 [INFO] 
2026-07-13 17:33:52 [INFO]   🔵 [94m[1mPT0002000109837807PE[0m  [2m[Cluster 1][0m
2026-07-13 17:33:52 [INFO]      consumiu MENOS que o habitual às 00h
2026-07-13 17:33:52 [INFO]      [2mReal:[0m 7.0 kWh   [2mHabitual:[0m 23.0 ± 2.3 kWh   [2mz:[0m -6.96   [2mdesvio:[0m -70%   [2m(2 obs. fim_semana)[0m
2026-07-13 17:33:52 [INFO] 
2026-07-13 17:33:52 [INFO]   🔵 [94m[1mPT0002000068859393XH[0m  [2m[Cluster 1][0m
2026-07-13 17:33:52 [INFO]      consumiu MENOS que o habitual às 18h
2026-07-13 17:33:52 [INFO]      [2mReal:[0m 44.0 kWh   [2mHabitual:[0m 135.5 ± 13.6 kWh   [2mz:[0m -6.75   [2mdesvio:[0m -68%   [2m(2 obs. fim_semana)[0m
2026-07-13 17:33:52 [INFO] 
2026-07-13 17:33:52 [INFO]   🔵 [94m[1mPT0002000073720434JD[0m  [2m[sem cluster][0m
2026-07-13 17:33:52 [INFO]      consumiu MENOS que o habitual às 21h
2026-07-13 17:33:52 [INFO]      [2mReal:[0m 31.0 kWh   [2mHabitual:[0m 93.3 ± 9.3 kWh   [2mz:[0m -6.68   [2mdesvio:[0m -67%   [2m(3 obs. fim_semana)[0m
2026-07-13 17:33:52 [INFO] 
2026-07-13 17:33:52 [INFO]   🔵 [94m[1mPT0002000068859393XH[0m  [2m[Cluster 1][0m
2026-07-13 17:33:52 [INFO]      consumiu MENOS que o habitual às 14h
2026-07-13 17:33:52 [INFO]      [2mReal:[0m 43.0 kWh   [2mHabitual:[0m 129.0 ± 12.9 kWh   [2mz:[0m -6.67   [2mdesvio:[0m -67%   [2m(2 obs. fim_semana)[0m
2026-07-13 17:33:52 [INFO] 
2026-07-13 17:33:52 [INFO]   🔵 [94m[1mPT0002000068859393XH[0m  [2m[Cluster 1][0m
2026-07-13 17:33:52 [INFO]      consumiu MENOS que o habitual às 15h
2026-07-13 17:33:52 [INFO]      [2mReal:[0m 43.0 kWh   [2mHabitual:[0m 129.0 ± 12.9 kWh   [2mz:[0m -6.67   [2mdesvio:[0m -67%   [2m(2 obs. fim_semana)[0m
2026-07-13 17:33:52 [INFO] 
2026-07-13 17:33:52 [INFO]   🔵 [94m[1mPT0002000068859393XH[0m  [2m[Cluster 1][0m
2026-07-13 17:33:52 [INFO]      consumiu MENOS que o habitual às 17h
2026-07-13 17:33:52 [INFO]      [2mReal:[0m 44.0 kWh   [2mHabitual:[0m 131.0 ± 13.1 kWh   [2mz:[0m -6.64   [2mdesvio:[0m -66%   [2m(2 obs. fim_semana)[0m
2026-07-13 17:33:52 [INFO] 
2026-07-13 17:33:52 [INFO]   🔵 [94m[1mPT0002000068859393XH[0m  [2m[Cluster 1][0m
2026-07-13 17:33:52 [INFO]      consumiu MENOS que o habitual às 16h
2026-07-13 17:33:52 [INFO]      [2mReal:[0m 44.0 kWh   [2mHabitual:[0m 128.5 ± 12.8 kWh   [2mz:[0m -6.58   [2mdesvio:[0m -66%   [2m(2 obs. fim_semana)[0m
2026-07-13 17:33:52 [INFO] 
2026-07-13 17:33:52 [INFO]   🔵 [94m[1mPT0002000073720434JD[0m  [2m[sem cluster][0m
2026-07-13 17:33:52 [INFO]      consumiu MENOS que o habitual às 22h
2026-07-13 17:33:52 [INFO]      [2mReal:[0m 30.0 kWh   [2mHabitual:[0m 83.7 ± 8.4 kWh   [2mz:[0m -6.40   [2mdesvio:[0m -64%   [2m(3 obs. fim_semana)[0m
2026-07-13 17:33:52 [INFO] 
2026-07-13 17:33:52 [INFO]   🔵 [94m[1mPT0002000123648159KR[0m  [2m[Cluster 0][0m
2026-07-13 17:33:52 [INFO]      consumiu MENOS que o habitual às 04h
2026-07-13 17:33:52 [INFO]      [2mReal:[0m 2.0 kWh   [2mHabitual:[0m 5.0 ± 0.5 kWh   [2mz:[0m -6.00   [2mdesvio:[0m -60%   [2m(2 obs. fim_semana)[0m
2026-07-13 17:33:52 [INFO] 
2026-07-13 17:33:52 [INFO]   🔵 [94m[1mPT0002000068859393XH[0m  [2m[Cluster 1][0m
2026-07-13 17:33:52 [INFO]      consumiu MENOS que o habitual às 13h
2026-07-13 17:33:52 [INFO]      [2mReal:[0m 53.0 kWh   [2mHabitual:[0m 131.0 ± 13.1 kWh   [2mz:[0m -5.95   [2mdesvio:[0m -60%   [2m(2 obs. fim_semana)[0m
2026-07-13 17:33:52 [INFO] 
2026-07-13 17:33:52 [INFO]   🔵 [94m[1mPT0002000068856267NC[0m  [2m[sem cluster][0m
2026-07-13 17:33:52 [INFO]      consumiu MENOS que o habitual às 17h
2026-07-13 17:33:52 [INFO]      [2mReal:[0m 16.0 kWh   [2mHabitual:[0m 39.0 ± 3.9 kWh   [2mz:[0m -5.90   [2mdesvio:[0m -59%   [2m(2 obs. fim_semana)[0m
2026-07-13 17:33:52 [INFO] 
2026-07-13 17:33:52 [INFO]   🔵 [94m[1mPT0002000068856267NC[0m  [2m[sem cluster][0m
2026-07-13 17:33:52 [INFO]      consumiu MENOS que o habitual às 18h
2026-07-13 17:33:52 [INFO]      [2mReal:[0m 16.0 kWh   [2mHabitual:[0m 38.5 ± 3.9 kWh   [2mz:[0m -5.84   [2mdesvio:[0m -58%   [2m(2 obs. fim_semana)[0m
2026-07-13 17:33:52 [INFO] 
2026-07-13 17:33:52 [INFO]   🔵 [94m[1mPT0002000123648159KR[0m  [2m[Cluster 0][0m
2026-07-13 17:33:52 [INFO]      consumiu MENOS que o habitual às 16h
2026-07-13 17:33:52 [INFO]      [2mReal:[0m 5.0 kWh   [2mHabitual:[0m 11.5 ± 1.1 kWh   [2mz:[0m -5.65   [2mdesvio:[0m -57%   [2m(2 obs. fim_semana)[0m
2026-07-13 17:33:52 [INFO] 
2026-07-13 17:33:52 [INFO]   🔵 [94m[1mPT0002000078441876HB[0m  [2m[Cluster 0][0m
2026-07-13 17:33:52 [INFO]      consumiu MENOS que o habitual às 13h
2026-07-13 17:33:52 [INFO]      [2mReal:[0m 636.0 kWh   [2mHabitual:[0m 1409.5 ± 140.9 kWh   [2mz:[0m -5.49   [2mdesvio:[0m -55%   [2m(2 obs. fim_semana)[0m
2026-07-13 17:33:52 [INFO] 
2026-07-13 17:33:52 [INFO]   🔵 [94m[1mPT0002000078294957RQ[0m  [2m[Cluster 0][0m
2026-07-13 17:33:52 [INFO]      consumiu MENOS que o habitual às 22h
2026-07-13 17:33:52 [INFO]      [2mReal:[0m 10.0 kWh   [2mHabitual:[0m 21.3 ± 2.1 kWh   [2mz:[0m -5.31   [2mdesvio:[0m -53%   [2m(3 obs. fim_semana)[0m
2026-07-13 17:33:52 [INFO] 
2026-07-13 17:33:52 [INFO]   🔵 [94m[1mPT0002000078441876HB[0m  [2m[Cluster 0][0m
2026-07-13 17:33:52 [INFO]      consumiu MENOS que o habitual às 09h
2026-07-13 17:33:52 [INFO]      [2mReal:[0m 588.0 kWh   [2mHabitual:[0m 1249.0 ± 124.9 kWh   [2mz:[0m -5.29   [2mdesvio:[0m -53%   [2m(2 obs. fim_semana)[0m
2026-07-13 17:33:52 [INFO] 
2026-07-13 17:33:52 [INFO]   🔵 [94m[1mPT0002000123648159KR[0m  [2m[Cluster 0][0m
2026-07-13 17:33:52 [INFO]      consumiu MENOS que o habitual às 17h
2026-07-13 17:33:52 [INFO]      [2mReal:[0m 5.0 kWh   [2mHabitual:[0m 10.5 ± 1.1 kWh   [2mz:[0m -5.24   [2mdesvio:[0m -52%   [2m(2 obs. fim_semana)[0m
2026-07-13 17:33:52 [INFO] 
2026-07-13 17:33:52 [INFO]   🔴 [91m[1mPT0002000110607652SB[0m  [2m[Cluster 0][0m
2026-07-13 17:33:52 [INFO]      consumiu MAIS que o habitual às 00h
2026-07-13 17:33:52 [INFO]      [2mReal:[0m 12.0 kWh   [2mHabitual:[0m 8.0 ± 0.8 kWh   [2mz:[0m +5.00   [2mdesvio:[0m +50%   [2m(2 obs. fim_semana)[0m
2026-07-13 17:33:52 [INFO] 
2026-07-13 17:33:52 [INFO]   🔴 [91m[1mPT0002000203419117SJ[0m  [2m[sem cluster][0m
2026-07-13 17:33:52 [INFO]      consumiu MAIS que o habitual às 14h
2026-07-13 17:33:52 [INFO]      [2mReal:[0m 12.0 kWh   [2mHabitual:[0m 8.0 ± 0.8 kWh   [2mz:[0m +5.00   [2mdesvio:[0m +50%   [2m(2 obs. fim_semana)[0m
2026-07-13 17:33:52 [INFO] 
2026-07-13 17:33:52 [INFO]   🔵 [94m[1mPT0002000203419117SJ[0m  [2m[sem cluster][0m
2026-07-13 17:33:52 [INFO]      consumiu MENOS que o habitual às 20h
2026-07-13 17:33:52 [INFO]      [2mReal:[0m 4.0 kWh   [2mHabitual:[0m 8.0 ± 0.8 kWh   [2mz:[0m -5.00   [2mdesvio:[0m -50%   [2m(2 obs. fim_semana)[0m
2026-07-13 17:33:52 [INFO] 
2026-07-13 17:33:52 [INFO]   🔵 [94m[1mPT0002000115673389QK[0m  [2m[Cluster 0][0m
2026-07-13 17:33:52 [INFO]      consumiu MENOS que o habitual às 01h
2026-07-13 17:33:52 [INFO]      [2mReal:[0m 19.0 kWh   [2mHabitual:[0m 37.5 ± 3.8 kWh   [2mz:[0m -4.93   [2mdesvio:[0m -49%   [2m(2 obs. fim_semana)[0m
2026-07-13 17:33:52 [INFO] 
2026-07-13 17:33:52 [INFO]   🔵 [94m[1mPT0002000078441876HB[0m  [2m[Cluster 0][0m
2026-07-13 17:33:52 [INFO]      consumiu MENOS que o habitual às 07h
2026-07-13 17:33:52 [INFO]      [2mReal:[0m 428.0 kWh   [2mHabitual:[0m 854.0 ± 87.7 kWh   [2mz:[0m -4.86   [2mdesvio:[0m -50%   [2m(2 obs. fim_semana)[0m
2026-07-13 17:33:52 [INFO] 
2026-07-13 17:33:52 [INFO]   🔵 [94m[1mPT0002000078441876HB[0m  [2m[Cluster 0][0m
2026-07-13 17:33:52 [INFO]      consumiu MENOS que o habitual às 06h
2026-07-13 17:33:52 [INFO]      [2mReal:[0m 377.0 kWh   [2mHabitual:[0m 699.5 ± 70.0 kWh   [2mz:[0m -4.61   [2mdesvio:[0m -46%   [2m(2 obs. fim_semana)[0m
2026-07-13 17:33:52 [INFO] 
2026-07-13 17:33:52 [INFO]   🔵 [94m[1mPT0002000068856267NC[0m  [2m[sem cluster][0m
2026-07-13 17:33:52 [INFO]      consumiu MENOS que o habitual às 16h
2026-07-13 17:33:52 [INFO]      [2mReal:[0m 15.0 kWh   [2mHabitual:[0m 41.0 ± 5.7 kWh   [2mz:[0m -4.60   [2mdesvio:[0m -63%   [2m(2 obs. fim_semana)[0m
2026-07-13 17:33:52 [INFO] 
2026-07-13 17:33:52 [INFO]   🔵 [94m[1mPT0002000068859597LS[0m  [2m[Cluster 0][0m
2026-07-13 17:33:52 [INFO]      consumiu MENOS que o habitual às 10h
2026-07-13 17:33:52 [INFO]      [2mReal:[0m 33.0 kWh   [2mHabitual:[0m 61.0 ± 6.1 kWh   [2mz:[0m -4.59   [2mdesvio:[0m -46%   [2m(2 obs. fim_semana)[0m
2026-07-13 17:33:52 [INFO] 
2026-07-13 17:33:52 [INFO]   🔵 [94m[1mPT0002000078441876HB[0m  [2m[Cluster 0][0m
2026-07-13 17:33:52 [INFO]      consumiu MENOS que o habitual às 02h
2026-07-13 17:33:52 [INFO]      [2mReal:[0m 357.0 kWh   [2mHabitual:[0m 654.5 ± 65.5 kWh   [2mz:[0m -4.55   [2mdesvio:[0m -45%   [2m(2 obs. fim_semana)[0m
2026-07-13 17:33:52 [INFO] 
2026-07-13 17:33:52 [INFO]   🔵 [94m[1mPT0002000078441876HB[0m  [2m[Cluster 0][0m
2026-07-13 17:33:52 [INFO]      consumiu MENOS que o habitual às 04h
2026-07-13 17:33:52 [INFO]      [2mReal:[0m 325.0 kWh   [2mHabitual:[0m 594.0 ± 59.4 kWh   [2mz:[0m -4.53   [2mdesvio:[0m -45%   [2m(2 obs. fim_semana)[0m
2026-07-13 17:33:52 [INFO] 
2026-07-13 17:33:52 [INFO]   🔵 [94m[1mPT0002000077348081AG[0m  [2m[sem cluster][0m
2026-07-13 17:33:52 [INFO]      consumiu MENOS que o habitual às 20h
2026-07-13 17:33:52 [INFO]      [2mReal:[0m 154.0 kWh   [2mHabitual:[0m 276.5 ± 27.6 kWh   [2mz:[0m -4.43   [2mdesvio:[0m -44%   [2m(2 obs. fim_semana)[0m
2026-07-13 17:33:52 [INFO] 
2026-07-13 17:33:52 [INFO]   🔵 [94m[1mPT0002000078441876HB[0m  [2m[Cluster 0][0m
2026-07-13 17:33:52 [INFO]      consumiu MENOS que o habitual às 14h
2026-07-13 17:33:52 [INFO]      [2mReal:[0m 669.0 kWh   [2mHabitual:[0m 1519.0 ± 202.2 kWh   [2mz:[0m -4.20   [2mdesvio:[0m -56%   [2m(2 obs. fim_semana)[0m
2026-07-13 17:33:52 [INFO] 
2026-07-13 17:33:52 [INFO]   🔵 [94m[1mPT0002000068859597LS[0m  [2m[Cluster 0][0m
2026-07-13 17:33:52 [INFO]      consumiu MENOS que o habitual às 16h
2026-07-13 17:33:52 [INFO]      [2mReal:[0m 33.0 kWh   [2mHabitual:[0m 56.0 ± 5.6 kWh   [2mz:[0m -4.11   [2mdesvio:[0m -41%   [2m(2 obs. fim_semana)[0m
2026-07-13 17:33:52 [INFO] 
2026-07-13 17:33:52 [INFO]   🔵 [94m[1mPT0002000078441876HB[0m  [2m[Cluster 0][0m
2026-07-13 17:33:52 [INFO]      consumiu MENOS que o habitual às 08h
2026-07-13 17:33:52 [INFO]      [2mReal:[0m 535.0 kWh   [2mHabitual:[0m 905.5 ± 90.5 kWh   [2mz:[0m -4.09   [2mdesvio:[0m -41%   [2m(2 obs. fim_semana)[0m
2026-07-13 17:33:52 [INFO] 
2026-07-13 17:33:52 [INFO]   🔵 [94m[1mPT0002000078441876HB[0m  [2m[Cluster 0][0m
2026-07-13 17:33:52 [INFO]      consumiu MENOS que o habitual às 03h
2026-07-13 17:33:52 [INFO]      [2mReal:[0m 340.0 kWh   [2mHabitual:[0m 572.0 ± 57.2 kWh   [2mz:[0m -4.06   [2mdesvio:[0m -41%   [2m(2 obs. fim_semana)[0m
2026-07-13 17:33:52 [INFO] 
2026-07-13 17:33:52 [INFO]   🔵 [94m[1mPT0002000078441876HB[0m  [2m[Cluster 0][0m
2026-07-13 17:33:52 [INFO]      consumiu MENOS que o habitual às 05h
2026-07-13 17:33:52 [INFO]      [2mReal:[0m 368.0 kWh   [2mHabitual:[0m 616.0 ± 61.6 kWh   [2mz:[0m -4.03   [2mdesvio:[0m -40%   [2m(2 obs. fim_semana)[0m
2026-07-13 17:33:52 [INFO] 
2026-07-13 17:33:52 [INFO]   🔵 [94m[1mPT0002000078441876HB[0m  [2m[Cluster 0][0m
2026-07-13 17:33:52 [INFO]      consumiu MENOS que o habitual às 10h
2026-07-13 17:33:52 [INFO]      [2mReal:[0m 589.0 kWh   [2mHabitual:[0m 1246.5 ± 164.8 kWh   [2mz:[0m -3.99   [2mdesvio:[0m -53%   [2m(2 obs. fim_semana)[0m
2026-07-13 17:33:52 [INFO] 
2026-07-13 17:33:52 [INFO]   🔵 [94m[1mPT0002000115673389QK[0m  [2m[Cluster 0][0m
2026-07-13 17:33:52 [INFO]      consumiu MENOS que o habitual às 03h
2026-07-13 17:33:52 [INFO]      [2mReal:[0m 19.0 kWh   [2mHabitual:[0m 31.5 ± 3.1 kWh   [2mz:[0m -3.97   [2mdesvio:[0m -40%   [2m(2 obs. fim_semana)[0m
2026-07-13 17:33:52 [INFO] 
2026-07-13 17:33:52 [INFO]   🔵 [94m[1mPT0002000115673389QK[0m  [2m[Cluster 0][0m
2026-07-13 17:33:52 [INFO]      consumiu MENOS que o habitual às 02h
2026-07-13 17:33:52 [INFO]      [2mReal:[0m 20.0 kWh   [2mHabitual:[0m 33.0 ± 3.3 kWh   [2mz:[0m -3.94   [2mdesvio:[0m -39%   [2m(2 obs. fim_semana)[0m
2026-07-13 17:33:52 [INFO] 
2026-07-13 17:33:52 [INFO]   🔵 [94m[1mPT0002000115673389QK[0m  [2m[Cluster 0][0m
2026-07-13 17:33:52 [INFO]      consumiu MENOS que o habitual às 15h
2026-07-13 17:33:52 [INFO]      [2mReal:[0m 20.0 kWh   [2mHabitual:[0m 50.5 ± 7.8 kWh   [2mz:[0m -3.92   [2mdesvio:[0m -60%   [2m(2 obs. fim_semana)[0m
2026-07-13 17:33:52 [INFO] 
2026-07-13 17:33:52 [INFO]   🔵 [94m[1mPT0002000078294957RQ[0m  [2m[Cluster 0][0m
2026-07-13 17:33:52 [INFO]      consumiu MENOS que o habitual às 19h
2026-07-13 17:33:52 [INFO]      [2mReal:[0m 4.0 kWh   [2mHabitual:[0m 15.0 ± 2.8 kWh   [2mz:[0m -3.89   [2mdesvio:[0m -73%   [2m(2 obs. fim_semana)[0m
2026-07-13 17:33:52 [INFO] 
2026-07-13 17:33:52 [INFO]   🔵 [94m[1mPT0002000068859325FL[0m  [2m[Cluster 1][0m
2026-07-13 17:33:52 [INFO]      consumiu MENOS que o habitual às 23h
2026-07-13 17:33:52 [INFO]      [2mReal:[0m 96.0 kWh   [2mHabitual:[0m 158.7 ± 16.2 kWh   [2mz:[0m -3.88   [2mdesvio:[0m -39%   [2m(3 obs. fim_semana)[0m
2026-07-13 17:33:52 [INFO] 
2026-07-13 17:33:52 [INFO]   🔵 [94m[1mPT0002000068859597LS[0m  [2m[Cluster 0][0m
2026-07-13 17:33:52 [INFO]      consumiu MENOS que o habitual às 19h
2026-07-13 17:33:52 [INFO]      [2mReal:[0m 34.0 kWh   [2mHabitual:[0m 55.0 ± 5.5 kWh   [2mz:[0m -3.82   [2mdesvio:[0m -38%   [2m(2 obs. fim_semana)[0m
2026-07-13 17:33:52 [INFO] 
2026-07-13 17:33:52 [INFO]   🔵 [94m[1mPT0002000078294957RQ[0m  [2m[Cluster 0][0m
2026-07-13 17:33:52 [INFO]      consumiu MENOS que o habitual às 21h
2026-07-13 17:33:52 [INFO]      [2mReal:[0m 9.0 kWh   [2mHabitual:[0m 19.0 ± 2.6 kWh   [2mz:[0m -3.78   [2mdesvio:[0m -53%   [2m(3 obs. fim_semana)[0m
2026-07-13 17:33:52 [INFO] 
2026-07-13 17:33:52 [INFO]   🔵 [94m[1mPT0002000068859597LS[0m  [2m[Cluster 0][0m
2026-07-13 17:33:52 [INFO]      consumiu MENOS que o habitual às 17h
2026-07-13 17:33:52 [INFO]      [2mReal:[0m 34.0 kWh   [2mHabitual:[0m 54.5 ± 5.5 kWh   [2mz:[0m -3.76   [2mdesvio:[0m -38%   [2m(2 obs. fim_semana)[0m
2026-07-13 17:33:52 [INFO] 
2026-07-13 17:33:52 [INFO]   🔵 [94m[1mPT0002000068859597LS[0m  [2m[Cluster 0][0m
2026-07-13 17:33:52 [INFO]      consumiu MENOS que o habitual às 18h
2026-07-13 17:33:52 [INFO]      [2mReal:[0m 34.0 kWh   [2mHabitual:[0m 54.5 ± 5.5 kWh   [2mz:[0m -3.76   [2mdesvio:[0m -38%   [2m(2 obs. fim_semana)[0m
2026-07-13 17:33:52 [INFO] 
2026-07-13 17:33:52 [INFO]   🔵 [94m[1mPT0002000068859597LS[0m  [2m[Cluster 0][0m
2026-07-13 17:33:52 [INFO]      consumiu MENOS que o habitual às 14h
2026-07-13 17:33:52 [INFO]      [2mReal:[0m 36.0 kWh   [2mHabitual:[0m 57.0 ± 5.7 kWh   [2mz:[0m -3.68   [2mdesvio:[0m -37%   [2m(2 obs. fim_semana)[0m
2026-07-13 17:33:52 [INFO] 
2026-07-13 17:33:52 [INFO]   🔴 [91m[1mPT0002000201038711LS[0m  [2m[sem cluster][0m
2026-07-13 17:33:52 [INFO]      consumiu MAIS que o habitual às 20h
2026-07-13 17:33:52 [INFO]      [2mReal:[0m 67.0 kWh   [2mHabitual:[0m 38.5 ± 7.8 kWh   [2mz:[0m +3.66   [2mdesvio:[0m +74%   [2m(2 obs. fim_semana)[0m
2026-07-13 17:33:52 [INFO] 
2026-07-13 17:33:52 [INFO]   🔵 [94m[1mPT0002000073720434JD[0m  [2m[sem cluster][0m
2026-07-13 17:33:52 [INFO]      consumiu MENOS que o habitual às 18h
2026-07-13 17:33:52 [INFO]      [2mReal:[0m 17.0 kWh   [2mHabitual:[0m 78.0 ± 17.0 kWh   [2mz:[0m -3.59   [2mdesvio:[0m -78%   [2m(2 obs. fim_semana)[0m
2026-07-13 17:33:52 [INFO] 
2026-07-13 17:33:52 [INFO]   🔴 [91m[1mPT0002000068856826ZG[0m  [2m[sem cluster][0m
2026-07-13 17:33:52 [INFO]      consumiu MAIS que o habitual às 10h
2026-07-13 17:33:52 [INFO]      [2mReal:[0m 177.0 kWh   [2mHabitual:[0m 130.5 ± 13.1 kWh   [2mz:[0m +3.56   [2mdesvio:[0m +36%   [2m(2 obs. fim_semana)[0m
2026-07-13 17:33:52 [INFO] 
2026-07-13 17:33:52 [INFO]   🔵 [94m[1mPT0002000079469719HF[0m  [2m[sem cluster][0m
2026-07-13 17:33:52 [INFO]      consumiu MENOS que o habitual às 17h
2026-07-13 17:33:52 [INFO]      [2mReal:[0m 49.0 kWh   [2mHabitual:[0m 99.0 ± 14.1 kWh   [2mz:[0m -3.54   [2mdesvio:[0m -51%   [2m(2 obs. fim_semana)[0m
2026-07-13 17:33:52 [INFO] 
2026-07-13 17:33:52 [INFO]   🔵 [94m[1mPT0002000115673389QK[0m  [2m[Cluster 0][0m
2026-07-13 17:33:52 [INFO]      consumiu MENOS que o habitual às 00h
2026-07-13 17:33:52 [INFO]      [2mReal:[0m 20.0 kWh   [2mHabitual:[0m 40.0 ± 5.7 kWh   [2mz:[0m -3.54   [2mdesvio:[0m -50%   [2m(2 obs. fim_semana)[0m
2026-07-13 17:33:52 [INFO] 
2026-07-13 17:33:52 [INFO]   🔵 [94m[1mPT0002000123648159KR[0m  [2m[Cluster 0][0m
2026-07-13 17:33:52 [INFO]      consumiu MENOS que o habitual às 01h
2026-07-13 17:33:52 [INFO]      [2mReal:[0m 3.0 kWh   [2mHabitual:[0m 5.5 ± 0.7 kWh   [2mz:[0m -3.54   [2mdesvio:[0m -45%   [2m(2 obs. fim_semana)[0m
2026-07-13 17:33:52 [INFO] 
2026-07-13 17:33:52 [INFO]   🔵 [94m[1mPT0002000123648159KR[0m  [2m[Cluster 0][0m
2026-07-13 17:33:52 [INFO]      consumiu MENOS que o habitual às 06h
2026-07-13 17:33:52 [INFO]      [2mReal:[0m 2.0 kWh   [2mHabitual:[0m 4.5 ± 0.7 kWh   [2mz:[0m -3.54   [2mdesvio:[0m -56%   [2m(2 obs. fim_semana)[0m
2026-07-13 17:33:52 [INFO] 
2026-07-13 17:33:52 [INFO]   🔵 [94m[1mPT0002000068859597LS[0m  [2m[Cluster 0][0m
2026-07-13 17:33:52 [INFO]      consumiu MENOS que o habitual às 13h
2026-07-13 17:33:52 [INFO]      [2mReal:[0m 35.0 kWh   [2mHabitual:[0m 54.0 ± 5.4 kWh   [2mz:[0m -3.52   [2mdesvio:[0m -35%   [2m(2 obs. fim_semana)[0m
2026-07-13 17:33:52 [INFO] 
2026-07-13 17:33:52 [INFO]   🔵 [94m[1mPT0002000068859597LS[0m  [2m[Cluster 0][0m
2026-07-13 17:33:52 [INFO]      consumiu MENOS que o habitual às 15h
2026-07-13 17:33:52 [INFO]      [2mReal:[0m 35.0 kWh   [2mHabitual:[0m 54.0 ± 5.4 kWh   [2mz:[0m -3.52   [2mdesvio:[0m -35%   [2m(2 obs. fim_semana)[0m
2026-07-13 17:33:52 [INFO] 
2026-07-13 17:33:52 [INFO]   🔵 [94m[1mPT0002000078294957RQ[0m  [2m[Cluster 0][0m
2026-07-13 17:33:52 [INFO]      consumiu MENOS que o habitual às 23h
2026-07-13 17:33:52 [INFO]      [2mReal:[0m 6.0 kWh   [2mHabitual:[0m 16.7 ± 3.1 kWh   [2mz:[0m -3.49   [2mdesvio:[0m -64%   [2m(3 obs. fim_semana)[0m
2026-07-13 17:33:52 [INFO] 
2026-07-13 17:33:52 [INFO]   🔵 [94m[1mPT0002000115673389QK[0m  [2m[Cluster 0][0m
2026-07-13 17:33:52 [INFO]      consumiu MENOS que o habitual às 05h
2026-07-13 17:33:52 [INFO]      [2mReal:[0m 19.0 kWh   [2mHabitual:[0m 29.0 ± 2.9 kWh   [2mz:[0m -3.45   [2mdesvio:[0m -34%   [2m(2 obs. fim_semana)[0m
2026-07-13 17:33:52 [INFO] 
2026-07-13 17:33:52 [INFO]   🔵 [94m[1mPT0002000073573036KH[0m  [2m[sem cluster][0m
2026-07-13 17:33:52 [INFO]      consumiu MENOS que o habitual às 15h
2026-07-13 17:33:52 [INFO]      [2mReal:[0m 199.0 kWh   [2mHabitual:[0m 303.0 ± 30.3 kWh   [2mz:[0m -3.43   [2mdesvio:[0m -34%   [2m(2 obs. fim_semana)[0m
2026-07-13 17:33:52 [INFO] 
2026-07-13 17:33:52 [INFO]   🔵 [94m[1mPT0002000073573036KH[0m  [2m[sem cluster][0m
2026-07-13 17:33:52 [INFO]      consumiu MENOS que o habitual às 16h
2026-07-13 17:33:52 [INFO]      [2mReal:[0m 200.0 kWh   [2mHabitual:[0m 303.0 ± 30.3 kWh   [2mz:[0m -3.40   [2mdesvio:[0m -34%   [2m(2 obs. fim_semana)[0m
2026-07-13 17:33:52 [INFO] 
2026-07-13 17:33:52 [INFO]   🔵 [94m[1mPT0002000110090564GD[0m  [2m[Cluster 1][0m
2026-07-13 17:33:52 [INFO]      consumiu MENOS que o habitual às 17h
2026-07-13 17:33:52 [INFO]      [2mReal:[0m 4.0 kWh   [2mHabitual:[0m 25.5 ± 6.4 kWh   [2mz:[0m -3.38   [2mdesvio:[0m -84%   [2m(2 obs. fim_semana)[0m
2026-07-13 17:33:52 [INFO] 
2026-07-13 17:33:52 [INFO]   🔵 [94m[1mPT0002000068856267NC[0m  [2m[sem cluster][0m
2026-07-13 17:33:52 [INFO]      consumiu MENOS que o habitual às 19h
2026-07-13 17:33:52 [INFO]      [2mReal:[0m 19.0 kWh   [2mHabitual:[0m 38.0 ± 5.7 kWh   [2mz:[0m -3.36   [2mdesvio:[0m -50%   [2m(2 obs. fim_semana)[0m
2026-07-13 17:33:52 [INFO] 
2026-07-13 17:33:52 [INFO]   🔵 [94m[1mPT0002000068859325FL[0m  [2m[Cluster 1][0m
2026-07-13 17:33:52 [INFO]      consumiu MENOS que o habitual às 22h
2026-07-13 17:33:52 [INFO]      [2mReal:[0m 96.0 kWh   [2mHabitual:[0m 184.0 ± 26.2 kWh   [2mz:[0m -3.35   [2mdesvio:[0m -48%   [2m(3 obs. fim_semana)[0m
2026-07-13 17:33:52 [INFO] 
2026-07-13 17:33:52 [INFO]   🔴 [91m[1mPT0002000068855003AK[0m  [2m[sem cluster][0m
2026-07-13 17:33:52 [INFO]      consumiu MAIS que o habitual às 02h
2026-07-13 17:33:52 [INFO]      [2mReal:[0m 8.0 kWh   [2mHabitual:[0m 6.0 ± 0.6 kWh   [2mz:[0m +3.33   [2mdesvio:[0m +33%   [2m(2 obs. fim_semana)[0m
2026-07-13 17:33:52 [INFO] 
2026-07-13 17:33:52 [INFO]   🔵 [94m[1mPT0002000068856655YV[0m  [2m[Cluster 0][0m
2026-07-13 17:33:52 [INFO]      consumiu MENOS que o habitual às 19h
2026-07-13 17:33:52 [INFO]      [2mReal:[0m 2.0 kWh   [2mHabitual:[0m 3.0 ± 0.3 kWh   [2mz:[0m -3.33   [2mdesvio:[0m -33%   [2m(2 obs. fim_semana)[0m
2026-07-13 17:33:52 [INFO] 
2026-07-13 17:33:52 [INFO]   🔵 [94m[1mPT0002000068856872QG[0m  [2m[Cluster 1][0m
2026-07-13 17:33:52 [INFO]      consumiu MENOS que o habitual às 01h
2026-07-13 17:33:52 [INFO]      [2mReal:[0m 0.0 kWh   [2mHabitual:[0m 1.0 ± 0.3 kWh   [2mz:[0m -3.33   [2mdesvio:[0m -100%   [2m(2 obs. fim_semana)[0m
2026-07-13 17:33:52 [INFO] 
2026-07-13 17:33:52 [INFO]   🔴 [91m[1mPT0002000068856872QG[0m  [2m[Cluster 1][0m
2026-07-13 17:33:52 [INFO]      consumiu MAIS que o habitual às 04h
2026-07-13 17:33:52 [INFO]      [2mReal:[0m 1.0 kWh   [2mHabitual:[0m 0.0 ± 0.3 kWh   [2mz:[0m +3.33   [2mdesvio:[0m +100000%   [2m(2 obs. fim_semana)[0m
2026-07-13 17:33:52 [INFO] 
2026-07-13 17:33:52 [INFO]   🔵 [94m[1mPT0002000068856952LS[0m  [2m[Cluster 2][0m
2026-07-13 17:33:52 [INFO]      consumiu MENOS que o habitual às 10h
2026-07-13 17:33:52 [INFO]      [2mReal:[0m 0.0 kWh   [2mHabitual:[0m 1.0 ± 0.3 kWh   [2mz:[0m -3.33   [2mdesvio:[0m -100%   [2m(2 obs. fim_semana)[0m
2026-07-13 17:33:52 [INFO] 
2026-07-13 17:33:52 [INFO]   🔴 [91m[1mPT0002000068856952LS[0m  [2m[Cluster 2][0m
2026-07-13 17:33:52 [INFO]      consumiu MAIS que o habitual às 11h
2026-07-13 17:33:52 [INFO]      [2mReal:[0m 1.0 kWh   [2mHabitual:[0m 0.0 ± 0.3 kWh   [2mz:[0m +3.33   [2mdesvio:[0m +100000%   [2m(2 obs. fim_semana)[0m
2026-07-13 17:33:52 [INFO] 
2026-07-13 17:33:52 [INFO]   🔵 [94m[1mPT0002000068857909SY[0m  [2m[Cluster 1][0m
2026-07-13 17:33:52 [INFO]      consumiu MENOS que o habitual às 01h
2026-07-13 17:33:52 [INFO]      [2mReal:[0m 1.0 kWh   [2mHabitual:[0m 2.0 ± 0.3 kWh   [2mz:[0m -3.33   [2mdesvio:[0m -50%   [2m(2 obs. fim_semana)[0m
2026-07-13 17:33:52 [INFO] 
2026-07-13 17:33:52 [INFO]   🔵 [94m[1mPT0002000068857909SY[0m  [2m[Cluster 1][0m
2026-07-13 17:33:52 [INFO]      consumiu MENOS que o habitual às 05h
2026-07-13 17:33:52 [INFO]      [2mReal:[0m 1.0 kWh   [2mHabitual:[0m 2.0 ± 0.3 kWh   [2mz:[0m -3.33   [2mdesvio:[0m -50%   [2m(2 obs. fim_semana)[0m
2026-07-13 17:33:52 [INFO] 
2026-07-13 17:33:52 [INFO]   🔴 [91m[1mPT0002000068858674WN[0m  [2m[sem cluster][0m
2026-07-13 17:33:52 [INFO]      consumiu MAIS que o habitual às 02h
2026-07-13 17:33:52 [INFO]      [2mReal:[0m 16.0 kWh   [2mHabitual:[0m 12.0 ± 1.2 kWh   [2mz:[0m +3.33   [2mdesvio:[0m +33%   [2m(2 obs. fim_semana)[0m
2026-07-13 17:33:52 [INFO] 
2026-07-13 17:33:52 [INFO]   🔴 [91m[1mPT0002000068858674WN[0m  [2m[sem cluster][0m
2026-07-13 17:33:52 [INFO]      consumiu MAIS que o habitual às 08h
2026-07-13 17:33:52 [INFO]      [2mReal:[0m 16.0 kWh   [2mHabitual:[0m 12.0 ± 1.2 kWh   [2mz:[0m +3.33   [2mdesvio:[0m +33%   [2m(2 obs. fim_semana)[0m
2026-07-13 17:33:52 [INFO] 
2026-07-13 17:33:52 [INFO]   🔴 [91m[1mPT0002000068858674WN[0m  [2m[sem cluster][0m
2026-07-13 17:33:52 [INFO]      consumiu MAIS que o habitual às 13h
2026-07-13 17:33:52 [INFO]      [2mReal:[0m 16.0 kWh   [2mHabitual:[0m 12.0 ± 1.2 kWh   [2mz:[0m +3.33   [2mdesvio:[0m +33%   [2m(2 obs. fim_semana)[0m
2026-07-13 17:33:52 [INFO] 
2026-07-13 17:33:52 [INFO]   🔵 [94m[1mPT0002000073573036KH[0m  [2m[sem cluster][0m
2026-07-13 17:33:52 [INFO]      consumiu MENOS que o habitual às 19h
2026-07-13 17:33:52 [INFO]      [2mReal:[0m 193.0 kWh   [2mHabitual:[0m 289.5 ± 28.9 kWh   [2mz:[0m -3.33   [2mdesvio:[0m -33%   [2m(2 obs. fim_semana)[0m
2026-07-13 17:33:52 [INFO] 
2026-07-13 17:33:52 [INFO]   🔴 [91m[1mPT0002000073717386HC[0m  [2m[sem cluster][0m
2026-07-13 17:33:52 [INFO]      consumiu MAIS que o habitual às 01h
2026-07-13 17:33:52 [INFO]      [2mReal:[0m 2.0 kWh   [2mHabitual:[0m 1.0 ± 0.3 kWh   [2mz:[0m +3.33   [2mdesvio:[0m +100%   [2m(2 obs. fim_semana)[0m
2026-07-13 17:33:52 [INFO] 
2026-07-13 17:33:52 [INFO]   🔴 [91m[1mPT0002000073717386HC[0m  [2m[sem cluster][0m
2026-07-13 17:33:52 [INFO]      consumiu MAIS que o habitual às 03h
2026-07-13 17:33:52 [INFO]      [2mReal:[0m 2.0 kWh   [2mHabitual:[0m 1.0 ± 0.3 kWh   [2mz:[0m +3.33   [2mdesvio:[0m +100%   [2m(2 obs. fim_semana)[0m
2026-07-13 17:33:52 [INFO] 
2026-07-13 17:33:52 [INFO]   🔴 [91m[1mPT0002000073717386HC[0m  [2m[sem cluster][0m
2026-07-13 17:33:52 [INFO]      consumiu MAIS que o habitual às 05h
2026-07-13 17:33:52 [INFO]      [2mReal:[0m 2.0 kWh   [2mHabitual:[0m 1.0 ± 0.3 kWh   [2mz:[0m +3.33   [2mdesvio:[0m +100%   [2m(2 obs. fim_semana)[0m
2026-07-13 17:33:52 [INFO] 
2026-07-13 17:33:52 [INFO]   🔵 [94m[1mPT0002000073717386HC[0m  [2m[sem cluster][0m
2026-07-13 17:33:52 [INFO]      consumiu MENOS que o habitual às 23h
2026-07-13 17:33:52 [INFO]      [2mReal:[0m 1.0 kWh   [2mHabitual:[0m 2.0 ± 0.3 kWh   [2mz:[0m -3.33   [2mdesvio:[0m -50%   [2m(3 obs. fim_semana)[0m
2026-07-13 17:33:52 [INFO] 
2026-07-13 17:33:52 [INFO]   🔵 [94m[1mPT0002000077647404EM[0m  [2m[Cluster 1][0m
2026-07-13 17:33:52 [INFO]      consumiu MENOS que o habitual às 12h
2026-07-13 17:33:52 [INFO]      [2mReal:[0m 0.0 kWh   [2mHabitual:[0m 1.0 ± 0.3 kWh   [2mz:[0m -3.33   [2mdesvio:[0m -100%   [2m(2 obs. fim_semana)[0m
2026-07-13 17:33:52 [INFO] 
2026-07-13 17:33:52 [INFO]   🔴 [91m[1mPT0002000077647404EM[0m  [2m[Cluster 1][0m
2026-07-13 17:33:52 [INFO]      consumiu MAIS que o habitual às 13h
2026-07-13 17:33:52 [INFO]      [2mReal:[0m 1.0 kWh   [2mHabitual:[0m 0.0 ± 0.3 kWh   [2mz:[0m +3.33   [2mdesvio:[0m +100000%   [2m(2 obs. fim_semana)[0m
2026-07-13 17:33:52 [INFO] 
2026-07-13 17:33:52 [INFO]   🔵 [94m[1mPT0002000077647404EM[0m  [2m[Cluster 1][0m
2026-07-13 17:33:52 [INFO]      consumiu MENOS que o habitual às 16h
2026-07-13 17:33:52 [INFO]      [2mReal:[0m 0.0 kWh   [2mHabitual:[0m 1.0 ± 0.3 kWh   [2mz:[0m -3.33   [2mdesvio:[0m -100%   [2m(2 obs. fim_semana)[0m
2026-07-13 17:33:52 [INFO] 
2026-07-13 17:33:52 [INFO]   🔴 [91m[1mPT0002000077647404EM[0m  [2m[Cluster 1][0m
2026-07-13 17:33:52 [INFO]      consumiu MAIS que o habitual às 17h
2026-07-13 17:33:52 [INFO]      [2mReal:[0m 3.0 kWh   [2mHabitual:[0m 2.0 ± 0.3 kWh   [2mz:[0m +3.33   [2mdesvio:[0m +50%   [2m(2 obs. fim_semana)[0m
2026-07-13 17:33:52 [INFO] 
2026-07-13 17:33:52 [INFO]   🔴 [91m[1mPT0002000078233981HJ[0m  [2m[Cluster 1][0m
2026-07-13 17:33:52 [INFO]      consumiu MAIS que o habitual às 02h
2026-07-13 17:33:52 [INFO]      [2mReal:[0m 3.0 kWh   [2mHabitual:[0m 2.0 ± 0.3 kWh   [2mz:[0m +3.33   [2mdesvio:[0m +50%   [2m(2 obs. fim_semana)[0m
2026-07-13 17:33:52 [INFO] 
2026-07-13 17:33:52 [INFO]   🔴 [91m[1mPT0002000078233981HJ[0m  [2m[Cluster 1][0m
2026-07-13 17:33:52 [INFO]      consumiu MAIS que o habitual às 03h
2026-07-13 17:33:52 [INFO]      [2mReal:[0m 3.0 kWh   [2mHabitual:[0m 2.0 ± 0.3 kWh   [2mz:[0m +3.33   [2mdesvio:[0m +50%   [2m(2 obs. fim_semana)[0m
2026-07-13 17:33:52 [INFO] 
2026-07-13 17:33:52 [INFO]   🔴 [91m[1mPT0002000078233981HJ[0m  [2m[Cluster 1][0m
2026-07-13 17:33:52 [INFO]      consumiu MAIS que o habitual às 06h
2026-07-13 17:33:52 [INFO]      [2mReal:[0m 3.0 kWh   [2mHabitual:[0m 2.0 ± 0.3 kWh   [2mz:[0m +3.33   [2mdesvio:[0m +50%   [2m(2 obs. fim_semana)[0m
2026-07-13 17:33:52 [INFO] 
2026-07-13 17:33:52 [INFO]   🔴 [91m[1mPT0002000078233981HJ[0m  [2m[Cluster 1][0m
2026-07-13 17:33:52 [INFO]      consumiu MAIS que o habitual às 07h
2026-07-13 17:33:52 [INFO]      [2mReal:[0m 3.0 kWh   [2mHabitual:[0m 2.0 ± 0.3 kWh   [2mz:[0m +3.33   [2mdesvio:[0m +50%   [2m(2 obs. fim_semana)[0m
2026-07-13 17:33:52 [INFO] 
2026-07-13 17:33:52 [INFO]   🔴 [91m[1mPT0002000081344542CP[0m  [2m[Cluster 1][0m
2026-07-13 17:33:52 [INFO]      consumiu MAIS que o habitual às 01h
2026-07-13 17:33:52 [INFO]      [2mReal:[0m 2.0 kWh   [2mHabitual:[0m 1.0 ± 0.3 kWh   [2mz:[0m +3.33   [2mdesvio:[0m +100%   [2m(2 obs. fim_semana)[0m
2026-07-13 17:33:52 [INFO] 
2026-07-13 17:33:52 [INFO]   🔵 [94m[1mPT0002000081344542CP[0m  [2m[Cluster 1][0m
2026-07-13 17:33:52 [INFO]      consumiu MENOS que o habitual às 02h
2026-07-13 17:33:52 [INFO]      [2mReal:[0m 1.0 kWh   [2mHabitual:[0m 2.0 ± 0.3 kWh   [2mz:[0m -3.33   [2mdesvio:[0m -50%   [2m(2 obs. fim_semana)[0m
2026-07-13 17:33:52 [INFO] 
2026-07-13 17:33:52 [INFO]   🔴 [91m[1mPT0002000081344542CP[0m  [2m[Cluster 1][0m
2026-07-13 17:33:52 [INFO]      consumiu MAIS que o habitual às 03h
2026-07-13 17:33:52 [INFO]      [2mReal:[0m 2.0 kWh   [2mHabitual:[0m 1.0 ± 0.3 kWh   [2mz:[0m +3.33   [2mdesvio:[0m +100%   [2m(2 obs. fim_semana)[0m
2026-07-13 17:33:52 [INFO] 
2026-07-13 17:33:52 [INFO]   🔴 [91m[1mPT0002000081344542CP[0m  [2m[Cluster 1][0m
2026-07-13 17:33:52 [INFO]      consumiu MAIS que o habitual às 05h
2026-07-13 17:33:52 [INFO]      [2mReal:[0m 3.0 kWh   [2mHabitual:[0m 2.0 ± 0.3 kWh   [2mz:[0m +3.33   [2mdesvio:[0m +50%   [2m(2 obs. fim_semana)[0m
2026-07-13 17:33:52 [INFO] 
2026-07-13 17:33:52 [INFO]   🔴 [91m[1mPT0002000081344542CP[0m  [2m[Cluster 1][0m
2026-07-13 17:33:52 [INFO]      consumiu MAIS que o habitual às 10h
2026-07-13 17:33:52 [INFO]      [2mReal:[0m 2.0 kWh   [2mHabitual:[0m 1.0 ± 0.3 kWh   [2mz:[0m +3.33   [2mdesvio:[0m +100%   [2m(2 obs. fim_semana)[0m
2026-07-13 17:33:52 [INFO] 
2026-07-13 17:33:52 [INFO]   🔴 [91m[1mPT0002000081344542CP[0m  [2m[Cluster 1][0m
2026-07-13 17:33:52 [INFO]      consumiu MAIS que o habitual às 14h
2026-07-13 17:33:52 [INFO]      [2mReal:[0m 2.0 kWh   [2mHabitual:[0m 1.0 ± 0.3 kWh   [2mz:[0m +3.33   [2mdesvio:[0m +100%   [2m(2 obs. fim_semana)[0m
2026-07-13 17:33:52 [INFO] 
2026-07-13 17:33:52 [INFO]   🔴 [91m[1mPT0002000081344542CP[0m  [2m[Cluster 1][0m
2026-07-13 17:33:52 [INFO]      consumiu MAIS que o habitual às 21h
2026-07-13 17:33:52 [INFO]      [2mReal:[0m 2.0 kWh   [2mHabitual:[0m 1.0 ± 0.3 kWh   [2mz:[0m +3.33   [2mdesvio:[0m +100%   [2m(3 obs. fim_semana)[0m
2026-07-13 17:33:52 [INFO] 
2026-07-13 17:33:52 [INFO]   🔴 [91m[1mPT0002000103647515BL[0m  [2m[sem cluster][0m
2026-07-13 17:33:52 [INFO]      consumiu MAIS que o habitual às 00h
2026-07-13 17:33:52 [INFO]      [2mReal:[0m 2.0 kWh   [2mHabitual:[0m 1.0 ± 0.3 kWh   [2mz:[0m +3.33   [2mdesvio:[0m +100%   [2m(2 obs. fim_semana)[0m
2026-07-13 17:33:52 [INFO] 
2026-07-13 17:33:52 [INFO]   🔴 [91m[1mPT0002000105483259QH[0m  [2m[Cluster 1][0m
2026-07-13 17:33:52 [INFO]      consumiu MAIS que o habitual às 01h
2026-07-13 17:33:52 [INFO]      [2mReal:[0m 2.0 kWh   [2mHabitual:[0m 1.0 ± 0.3 kWh   [2mz:[0m +3.33   [2mdesvio:[0m +100%   [2m(2 obs. fim_semana)[0m
2026-07-13 17:33:52 [INFO] 
2026-07-13 17:33:52 [INFO]   🔴 [91m[1mPT0002000105483259QH[0m  [2m[Cluster 1][0m
2026-07-13 17:33:52 [INFO]      consumiu MAIS que o habitual às 02h
2026-07-13 17:33:52 [INFO]      [2mReal:[0m 2.0 kWh   [2mHabitual:[0m 1.0 ± 0.3 kWh   [2mz:[0m +3.33   [2mdesvio:[0m +100%   [2m(2 obs. fim_semana)[0m
2026-07-13 17:33:52 [INFO] 
2026-07-13 17:33:52 [INFO]   🔴 [91m[1mPT0002000105483259QH[0m  [2m[Cluster 1][0m
2026-07-13 17:33:52 [INFO]      consumiu MAIS que o habitual às 04h
2026-07-13 17:33:52 [INFO]      [2mReal:[0m 1.0 kWh   [2mHabitual:[0m 0.0 ± 0.3 kWh   [2mz:[0m +3.33   [2mdesvio:[0m +100000%   [2m(2 obs. fim_semana)[0m
2026-07-13 17:33:52 [INFO] 
2026-07-13 17:33:52 [INFO]   🔵 [94m[1mPT0002000105483259QH[0m  [2m[Cluster 1][0m
2026-07-13 17:33:52 [INFO]      consumiu MENOS que o habitual às 13h
2026-07-13 17:33:52 [INFO]      [2mReal:[0m 1.0 kWh   [2mHabitual:[0m 2.0 ± 0.3 kWh   [2mz:[0m -3.33   [2mdesvio:[0m -50%   [2m(2 obs. fim_semana)[0m
2026-07-13 17:33:52 [INFO] 
2026-07-13 17:33:52 [INFO]   🔵 [94m[1mPT0002000105483259QH[0m  [2m[Cluster 1][0m
2026-07-13 17:33:52 [INFO]      consumiu MENOS que o habitual às 15h
2026-07-13 17:33:52 [INFO]      [2mReal:[0m 1.0 kWh   [2mHabitual:[0m 2.0 ± 0.3 kWh   [2mz:[0m -3.33   [2mdesvio:[0m -50%   [2m(2 obs. fim_semana)[0m
2026-07-13 17:33:52 [INFO] 
2026-07-13 17:33:52 [INFO]   🔵 [94m[1mPT0002000105483259QH[0m  [2m[Cluster 1][0m
2026-07-13 17:33:52 [INFO]      consumiu MENOS que o habitual às 18h
2026-07-13 17:33:52 [INFO]      [2mReal:[0m 1.0 kWh   [2mHabitual:[0m 2.0 ± 0.3 kWh   [2mz:[0m -3.33   [2mdesvio:[0m -50%   [2m(2 obs. fim_semana)[0m
2026-07-13 17:33:52 [INFO] 
2026-07-13 17:33:52 [INFO]   🔵 [94m[1mPT0002000105483259QH[0m  [2m[Cluster 1][0m
2026-07-13 17:33:52 [INFO]      consumiu MENOS que o habitual às 21h
2026-07-13 17:33:52 [INFO]      [2mReal:[0m 1.0 kWh   [2mHabitual:[0m 2.0 ± 0.3 kWh   [2mz:[0m -3.33   [2mdesvio:[0m -50%   [2m(3 obs. fim_semana)[0m
2026-07-13 17:33:52 [INFO] 
2026-07-13 17:33:52 [INFO]   🔵 [94m[1mPT0002000105483259QH[0m  [2m[Cluster 1][0m
2026-07-13 17:33:52 [INFO]      consumiu MENOS que o habitual às 23h
2026-07-13 17:33:52 [INFO]      [2mReal:[0m 1.0 kWh   [2mHabitual:[0m 2.0 ± 0.3 kWh   [2mz:[0m -3.33   [2mdesvio:[0m -50%   [2m(3 obs. fim_semana)[0m
2026-07-13 17:33:52 [INFO] 
2026-07-13 17:33:52 [INFO]   🔴 [91m[1mPT0002000107046231FW[0m  [2m[Cluster 0][0m
2026-07-13 17:33:52 [INFO]      consumiu MAIS que o habitual às 19h
2026-07-13 17:33:52 [INFO]      [2mReal:[0m 3.0 kWh   [2mHabitual:[0m 2.0 ± 0.3 kWh   [2mz:[0m +3.33   [2mdesvio:[0m +50%   [2m(2 obs. fim_semana)[0m
2026-07-13 17:33:52 [INFO] 
2026-07-13 17:33:52 [INFO]   🔵 [94m[1mPT0002000107046231FW[0m  [2m[Cluster 0][0m
2026-07-13 17:33:52 [INFO]      consumiu MENOS que o habitual às 20h
2026-07-13 17:33:52 [INFO]      [2mReal:[0m 2.0 kWh   [2mHabitual:[0m 3.0 ± 0.3 kWh   [2mz:[0m -3.33   [2mdesvio:[0m -33%   [2m(2 obs. fim_semana)[0m
2026-07-13 17:33:52 [INFO] 
2026-07-13 17:33:52 [INFO]   🔴 [91m[1mPT0002000109837807PE[0m  [2m[Cluster 1][0m
2026-07-13 17:33:52 [INFO]      consumiu MAIS que o habitual às 06h
2026-07-13 17:33:52 [INFO]      [2mReal:[0m 4.0 kWh   [2mHabitual:[0m 3.0 ± 0.3 kWh   [2mz:[0m +3.33   [2mdesvio:[0m +33%   [2m(2 obs. fim_semana)[0m
2026-07-13 17:33:52 [INFO] 
2026-07-13 17:33:52 [INFO]   🔴 [91m[1mPT0002000115031201VQ[0m  [2m[Cluster 0][0m
2026-07-13 17:33:52 [INFO]      consumiu MAIS que o habitual às 22h
2026-07-13 17:33:52 [INFO]      [2mReal:[0m 8.0 kWh   [2mHabitual:[0m 6.0 ± 0.6 kWh   [2mz:[0m +3.33   [2mdesvio:[0m +33%   [2m(3 obs. fim_semana)[0m
2026-07-13 17:33:52 [INFO] 
2026-07-13 17:33:52 [INFO]   🔵 [94m[1mPT0002000115673389QK[0m  [2m[Cluster 0][0m
2026-07-13 17:33:52 [INFO]      consumiu MENOS que o habitual às 20h
2026-07-13 17:33:52 [INFO]      [2mReal:[0m 20.0 kWh   [2mHabitual:[0m 30.0 ± 3.0 kWh   [2mz:[0m -3.33   [2mdesvio:[0m -33%   [2m(2 obs. fim_semana)[0m
2026-07-13 17:33:52 [INFO] 
2026-07-13 17:33:52 [INFO]   🔴 [91m[1mPT0002000201936109ME[0m  [2m[Cluster 0][0m
2026-07-13 17:33:52 [INFO]      consumiu MAIS que o habitual às 00h
2026-07-13 17:33:52 [INFO]      [2mReal:[0m 1.0 kWh   [2mHabitual:[0m 0.0 ± 0.3 kWh   [2mz:[0m +3.33   [2mdesvio:[0m +100000%   [2m(2 obs. fim_semana)[0m
2026-07-13 17:33:52 [INFO] 
2026-07-13 17:33:52 [INFO]   🔴 [91m[1mPT0002000201936109ME[0m  [2m[Cluster 0][0m
2026-07-13 17:33:52 [INFO]      consumiu MAIS que o habitual às 05h
2026-07-13 17:33:52 [INFO]      [2mReal:[0m 1.0 kWh   [2mHabitual:[0m 0.0 ± 0.3 kWh   [2mz:[0m +3.33   [2mdesvio:[0m +100000%   [2m(2 obs. fim_semana)[0m
2026-07-13 17:33:52 [INFO] 
2026-07-13 17:33:52 [INFO]   🔴 [91m[1mPT0002000201936109ME[0m  [2m[Cluster 0][0m
2026-07-13 17:33:52 [INFO]      consumiu MAIS que o habitual às 07h
2026-07-13 17:33:52 [INFO]      [2mReal:[0m 1.0 kWh   [2mHabitual:[0m 0.0 ± 0.3 kWh   [2mz:[0m +3.33   [2mdesvio:[0m +100000%   [2m(2 obs. fim_semana)[0m
2026-07-13 17:33:52 [INFO] 
2026-07-13 17:33:52 [INFO]   🔴 [91m[1mPT0002000201936109ME[0m  [2m[Cluster 0][0m
2026-07-13 17:33:52 [INFO]      consumiu MAIS que o habitual às 09h
2026-07-13 17:33:52 [INFO]      [2mReal:[0m 1.0 kWh   [2mHabitual:[0m 0.0 ± 0.3 kWh   [2mz:[0m +3.33   [2mdesvio:[0m +100000%   [2m(2 obs. fim_semana)[0m
2026-07-13 17:33:52 [INFO] 
2026-07-13 17:33:52 [INFO]   🔴 [91m[1mPT0002000201936109ME[0m  [2m[Cluster 0][0m
2026-07-13 17:33:52 [INFO]      consumiu MAIS que o habitual às 11h
2026-07-13 17:33:52 [INFO]      [2mReal:[0m 1.0 kWh   [2mHabitual:[0m 0.0 ± 0.3 kWh   [2mz:[0m +3.33   [2mdesvio:[0m +100000%   [2m(2 obs. fim_semana)[0m
2026-07-13 17:33:52 [INFO] 
2026-07-13 17:33:52 [INFO]   🔴 [91m[1mPT0002000201936109ME[0m  [2m[Cluster 0][0m
2026-07-13 17:33:52 [INFO]      consumiu MAIS que o habitual às 14h
2026-07-13 17:33:52 [INFO]      [2mReal:[0m 1.0 kWh   [2mHabitual:[0m 0.0 ± 0.3 kWh   [2mz:[0m +3.33   [2mdesvio:[0m +100000%   [2m(2 obs. fim_semana)[0m
2026-07-13 17:33:52 [INFO] 
2026-07-13 17:33:52 [INFO]   🔵 [94m[1mPT0002000114685657JR[0m  [2m[Cluster 0][0m
2026-07-13 17:33:52 [INFO]      consumiu MENOS que o habitual às 20h
2026-07-13 17:33:52 [INFO]      [2mReal:[0m 159.0 kWh   [2mHabitual:[0m 237.5 ± 23.8 kWh   [2mz:[0m -3.31   [2mdesvio:[0m -33%   [2m(2 obs. fim_semana)[0m
2026-07-13 17:33:52 [INFO] 
2026-07-13 17:33:52 [INFO]   🔵 [94m[1mPT0002000073573036KH[0m  [2m[sem cluster][0m
2026-07-13 17:33:52 [INFO]      consumiu MENOS que o habitual às 17h
2026-07-13 17:33:52 [INFO]      [2mReal:[0m 200.0 kWh   [2mHabitual:[0m 298.5 ± 29.9 kWh   [2mz:[0m -3.30   [2mdesvio:[0m -33%   [2m(2 obs. fim_semana)[0m
2026-07-13 17:33:52 [INFO] 
2026-07-13 17:33:52 [INFO]   🔵 [94m[1mPT0002000109837807PE[0m  [2m[Cluster 1][0m
2026-07-13 17:33:52 [INFO]      consumiu MENOS que o habitual às 08h
2026-07-13 17:33:52 [INFO]      [2mReal:[0m 4.0 kWh   [2mHabitual:[0m 18.0 ± 4.2 kWh   [2mz:[0m -3.30   [2mdesvio:[0m -78%   [2m(2 obs. fim_semana)[0m
2026-07-13 17:33:52 [INFO] 
2026-07-13 17:33:52 [INFO]   🔵 [94m[1mPT0002000073573036KH[0m  [2m[sem cluster][0m
2026-07-13 17:33:52 [INFO]      consumiu MENOS que o habitual às 18h
2026-07-13 17:33:52 [INFO]      [2mReal:[0m 203.0 kWh   [2mHabitual:[0m 302.0 ± 30.2 kWh   [2mz:[0m -3.28   [2mdesvio:[0m -33%   [2m(2 obs. fim_semana)[0m
2026-07-13 17:33:52 [INFO] 
2026-07-13 17:33:52 [INFO]   🔵 [94m[1mPT0002000068856267NC[0m  [2m[sem cluster][0m
2026-07-13 17:33:52 [INFO]      consumiu MENOS que o habitual às 15h
2026-07-13 17:33:52 [INFO]      [2mReal:[0m 16.0 kWh   [2mHabitual:[0m 45.5 ± 9.2 kWh   [2mz:[0m -3.21   [2mdesvio:[0m -65%   [2m(2 obs. fim_semana)[0m
2026-07-13 17:33:52 [INFO] 
2026-07-13 17:33:52 [INFO]   🔵 [94m[1mPT0002000078294957RQ[0m  [2m[Cluster 0][0m
2026-07-13 17:33:52 [INFO]      consumiu MENOS que o habitual às 18h
2026-07-13 17:33:52 [INFO]      [2mReal:[0m 5.0 kWh   [2mHabitual:[0m 14.0 ± 2.8 kWh   [2mz:[0m -3.18   [2mdesvio:[0m -64%   [2m(2 obs. fim_semana)[0m
2026-07-13 17:33:52 [INFO] 
2026-07-13 17:33:52 [INFO]   🔵 [94m[1mPT0002000068859393XH[0m  [2m[Cluster 1][0m
2026-07-13 17:33:52 [INFO]      consumiu MENOS que o habitual às 19h
2026-07-13 17:33:52 [INFO]      [2mReal:[0m 45.0 kWh   [2mHabitual:[0m 157.0 ± 35.4 kWh   [2mz:[0m -3.17   [2mdesvio:[0m -71%   [2m(2 obs. fim_semana)[0m
2026-07-13 17:33:52 [INFO] 
2026-07-13 17:33:52 [INFO]   🔵 [94m[1mPT0002000068858231YY[0m  [2m[sem cluster][0m
2026-07-13 17:33:52 [INFO]      consumiu MENOS que o habitual às 23h
2026-07-13 17:33:52 [INFO]      [2mReal:[0m 27.0 kWh   [2mHabitual:[0m 38.7 ± 3.9 kWh   [2mz:[0m -3.02   [2mdesvio:[0m -30%   [2m(3 obs. fim_semana)[0m
2026-07-13 17:33:52 [INFO] 
2026-07-13 17:33:52 [INFO]   🔵 [94m[1mPT0002000114685657JR[0m  [2m[Cluster 0][0m
2026-07-13 17:33:52 [INFO]      consumiu MENOS que o habitual às 22h
2026-07-13 17:33:52 [INFO]      [2mReal:[0m 163.0 kWh   [2mHabitual:[0m 233.7 ± 23.4 kWh   [2mz:[0m -3.02   [2mdesvio:[0m -30%   [2m(3 obs. fim_semana)[0m
2026-07-13 17:33:52 [INFO] 
2026-07-13 17:33:52 [INFO]   🔴 [91m[1mPT0002000068856974CZ[0m  [2m[sem cluster][0m
2026-07-13 17:33:52 [INFO]      consumiu MAIS que o habitual às 22h
2026-07-13 17:33:52 [INFO]      [2mReal:[0m 13.0 kWh   [2mHabitual:[0m 10.0 ± 1.0 kWh   [2mz:[0m +3.00   [2mdesvio:[0m +30%   [2m(3 obs. fim_semana)[0m
2026-07-13 17:33:52 [INFO] 
2026-07-13 17:33:52 [INFO]   🔵 [94m[1mPT0002000115673389QK[0m  [2m[Cluster 0][0m
2026-07-13 17:33:52 [INFO]      consumiu MENOS que o habitual às 07h
2026-07-13 17:33:52 [INFO]      [2mReal:[0m 20.0 kWh   [2mHabitual:[0m 28.5 ± 2.9 kWh   [2mz:[0m -2.98   [2mdesvio:[0m -30%   [2m(2 obs. fim_semana)[0m
2026-07-13 17:33:52 [INFO] 
2026-07-13 17:33:52 [INFO]   🔵 [94m[1mPT0002000110090564GD[0m  [2m[Cluster 1][0m
2026-07-13 17:33:52 [INFO]      consumiu MENOS que o habitual às 15h
2026-07-13 17:33:52 [INFO]      [2mReal:[0m 5.0 kWh   [2mHabitual:[0m 26.0 ± 7.1 kWh   [2mz:[0m -2.97   [2mdesvio:[0m -81%   [2m(2 obs. fim_semana)[0m
2026-07-13 17:33:52 [INFO] 
2026-07-13 17:33:52 [INFO]   🔵 [94m[1mPT0002000079469719HF[0m  [2m[sem cluster][0m
2026-07-13 17:33:52 [INFO]      consumiu MENOS que o habitual às 20h
2026-07-13 17:33:52 [INFO]      [2mReal:[0m 104.0 kWh   [2mHabitual:[0m 147.0 ± 14.7 kWh   [2mz:[0m -2.93   [2mdesvio:[0m -29%   [2m(2 obs. fim_semana)[0m
2026-07-13 17:33:52 [INFO] 
2026-07-13 17:33:52 [INFO]   🔴 [91m[1mPT0002000110814293YC[0m  [2m[sem cluster][0m
2026-07-13 17:33:52 [INFO]      consumiu MAIS que o habitual às 00h
2026-07-13 17:33:52 [INFO]      [2mReal:[0m 42.0 kWh   [2mHabitual:[0m 32.5 ± 3.2 kWh   [2mz:[0m +2.92   [2mdesvio:[0m +29%   [2m(2 obs. fim_semana)[0m
2026-07-13 17:33:52 [INFO] 
2026-07-13 17:33:52 [INFO]   🔴 [91m[1mPT0002000107046231FW[0m  [2m[Cluster 0][0m
2026-07-13 17:33:52 [INFO]      consumiu MAIS que o habitual às 21h
2026-07-13 17:33:52 [INFO]      [2mReal:[0m 4.0 kWh   [2mHabitual:[0m 2.3 ± 0.6 kWh   [2mz:[0m +2.89   [2mdesvio:[0m +72%   [2m(3 obs. fim_semana)[0m
2026-07-13 17:33:52 [INFO] 
2026-07-13 17:33:52 [INFO]   🔵 [94m[1mPT0002000068856267NC[0m  [2m[sem cluster][0m
2026-07-13 17:33:52 [INFO]      consumiu MENOS que o habitual às 13h
2026-07-13 17:33:52 [INFO]      [2mReal:[0m 17.0 kWh   [2mHabitual:[0m 43.5 ± 9.2 kWh   [2mz:[0m -2.88   [2mdesvio:[0m -61%   [2m(2 obs. fim_semana)[0m
2026-07-13 17:33:52 [INFO] 
2026-07-13 17:33:52 [INFO]   🔴 [91m[1mPT0002000073717386HC[0m  [2m[sem cluster][0m
2026-07-13 17:33:52 [INFO]      consumiu MAIS que o habitual às 19h
2026-07-13 17:33:52 [INFO]      [2mReal:[0m 65.0 kWh   [2mHabitual:[0m 50.5 ± 5.0 kWh   [2mz:[0m +2.87   [2mdesvio:[0m +29%   [2m(2 obs. fim_semana)[0m
2026-07-13 17:33:52 [INFO] 
2026-07-13 17:33:52 [INFO]   🔵 [94m[1mPT0002000068859597LS[0m  [2m[Cluster 0][0m
2026-07-13 17:33:52 [INFO]      consumiu MENOS que o habitual às 11h
2026-07-13 17:33:52 [INFO]      [2mReal:[0m 34.0 kWh   [2mHabitual:[0m 62.0 ± 9.9 kWh   [2mz:[0m -2.83   [2mdesvio:[0m -45%   [2m(2 obs. fim_semana)[0m
2026-07-13 17:33:52 [INFO] 
2026-07-13 17:33:52 [INFO]   🔵 [94m[1mPT0002000110090564GD[0m  [2m[Cluster 1][0m
2026-07-13 17:33:52 [INFO]      consumiu MENOS que o habitual às 10h
2026-07-13 17:33:52 [INFO]      [2mReal:[0m 4.0 kWh   [2mHabitual:[0m 24.0 ± 7.1 kWh   [2mz:[0m -2.83   [2mdesvio:[0m -83%   [2m(2 obs. fim_semana)[0m
2026-07-13 17:33:52 [INFO] 
2026-07-13 17:33:52 [INFO]   🔵 [94m[1mPT0002000123648159KR[0m  [2m[Cluster 0][0m
2026-07-13 17:33:52 [INFO]      consumiu MENOS que o habitual às 02h
2026-07-13 17:33:52 [INFO]      [2mReal:[0m 2.0 kWh   [2mHabitual:[0m 6.0 ± 1.4 kWh   [2mz:[0m -2.83   [2mdesvio:[0m -67%   [2m(2 obs. fim_semana)[0m
2026-07-13 17:33:52 [INFO] 
2026-07-13 17:33:52 [INFO]   🔵 [94m[1mPT0002000078294957RQ[0m  [2m[Cluster 0][0m
2026-07-13 17:33:52 [INFO]      consumiu MENOS que o habitual às 01h
2026-07-13 17:33:52 [INFO]      [2mReal:[0m 14.0 kWh   [2mHabitual:[0m 19.5 ± 1.9 kWh   [2mz:[0m -2.82   [2mdesvio:[0m -28%   [2m(2 obs. fim_semana)[0m
2026-07-13 17:33:52 [INFO] 
2026-07-13 17:33:52 [INFO]   🔵 [94m[1mPT0002000109837807PE[0m  [2m[Cluster 1][0m
2026-07-13 17:33:52 [INFO]      consumiu MENOS que o habitual às 19h
2026-07-13 17:33:52 [INFO]      [2mReal:[0m 5.0 kWh   [2mHabitual:[0m 26.5 ± 7.8 kWh   [2mz:[0m -2.76   [2mdesvio:[0m -81%   [2m(2 obs. fim_semana)[0m
2026-07-13 17:33:52 [INFO] 
2026-07-13 17:33:52 [INFO]   🔵 [94m[1mPT0002000068859325FL[0m  [2m[Cluster 1][0m
2026-07-13 17:33:52 [INFO]      consumiu MENOS que o habitual às 20h
2026-07-13 17:33:52 [INFO]      [2mReal:[0m 144.0 kWh   [2mHabitual:[0m 198.0 ± 19.8 kWh   [2mz:[0m -2.73   [2mdesvio:[0m -27%   [2m(2 obs. fim_semana)[0m
2026-07-13 17:33:52 [INFO] 
2026-07-13 17:33:52 [INFO]   🔵 [94m[1mPT0002000078441876HB[0m  [2m[Cluster 0][0m
2026-07-13 17:33:52 [INFO]      consumiu MENOS que o habitual às 11h
2026-07-13 17:33:52 [INFO]      [2mReal:[0m 705.0 kWh   [2mHabitual:[0m 1393.0 ± 256.0 kWh   [2mz:[0m -2.69   [2mdesvio:[0m -49%   [2m(2 obs. fim_semana)[0m
2026-07-13 17:33:52 [INFO] 
2026-07-13 17:33:52 [INFO]   🔵 [94m[1mPT0002000114685657JR[0m  [2m[Cluster 0][0m
2026-07-13 17:33:52 [INFO]      consumiu MENOS que o habitual às 23h
2026-07-13 17:33:52 [INFO]      [2mReal:[0m 162.0 kWh   [2mHabitual:[0m 221.3 ± 22.1 kWh   [2mz:[0m -2.68   [2mdesvio:[0m -27%   [2m(3 obs. fim_semana)[0m
2026-07-13 17:33:52 [INFO] 
2026-07-13 17:33:52 [INFO]   🔵 [94m[1mPT0002000068859382XF[0m  [2m[Cluster 0][0m
2026-07-13 17:33:52 [INFO]      consumiu MENOS que o habitual às 22h
2026-07-13 17:33:52 [INFO]      [2mReal:[0m 44.0 kWh   [2mHabitual:[0m 60.0 ± 6.0 kWh   [2mz:[0m -2.67   [2mdesvio:[0m -27%   [2m(3 obs. fim_semana)[0m
2026-07-13 17:33:52 [INFO] 
2026-07-13 17:33:52 [INFO]   🔵 [94m[1mPT0002000110090564GD[0m  [2m[Cluster 1][0m
2026-07-13 17:33:52 [INFO]      consumiu MENOS que o habitual às 16h
2026-07-13 17:33:52 [INFO]      [2mReal:[0m 5.0 kWh   [2mHabitual:[0m 25.5 ± 7.8 kWh   [2mz:[0m -2.64   [2mdesvio:[0m -80%   [2m(2 obs. fim_semana)[0m
2026-07-13 17:33:52 [INFO] 
2026-07-13 17:33:52 [INFO]   🔵 [94m[1mPT0002000068856267NC[0m  [2m[sem cluster][0m
2026-07-13 17:33:52 [INFO]      consumiu MENOS que o habitual às 14h
2026-07-13 17:33:52 [INFO]      [2mReal:[0m 17.0 kWh   [2mHabitual:[0m 44.5 ± 10.6 kWh   [2mz:[0m -2.59   [2mdesvio:[0m -62%   [2m(2 obs. fim_semana)[0m
2026-07-13 17:33:52 [INFO] 
2026-07-13 17:33:52 [INFO]   🔵 [94m[1mPT0002000078294957RQ[0m  [2m[Cluster 0][0m
2026-07-13 17:33:52 [INFO]      consumiu MENOS que o habitual às 20h
2026-07-13 17:33:52 [INFO]      [2mReal:[0m 5.0 kWh   [2mHabitual:[0m 16.0 ± 4.2 kWh   [2mz:[0m -2.59   [2mdesvio:[0m -69%   [2m(2 obs. fim_semana)[0m
2026-07-13 17:33:52 [INFO] 
2026-07-13 17:33:52 [INFO]   🔵 [94m[1mPT0002000115673389QK[0m  [2m[Cluster 0][0m
2026-07-13 17:33:52 [INFO]      consumiu MENOS que o habitual às 10h
2026-07-13 17:33:52 [INFO]      [2mReal:[0m 19.0 kWh   [2mHabitual:[0m 52.0 ± 12.7 kWh   [2mz:[0m -2.59   [2mdesvio:[0m -63%   [2m(2 obs. fim_semana)[0m
2026-07-13 17:33:52 [INFO] 
2026-07-13 17:33:52 [INFO]   🔵 [94m[1mPT0002000115673471CB[0m  [2m[Cluster 0][0m
2026-07-13 17:33:52 [INFO]      consumiu MENOS que o habitual às 06h
2026-07-13 17:33:52 [INFO]      [2mReal:[0m 13.0 kWh   [2mHabitual:[0m 18.5 ± 2.1 kWh   [2mz:[0m -2.59   [2mdesvio:[0m -30%   [2m(2 obs. fim_semana)[0m
2026-07-13 17:33:52 [INFO] 
2026-07-13 17:33:52 [INFO]   🔵 [94m[1mPT0002000114685657JR[0m  [2m[Cluster 0][0m
2026-07-13 17:33:52 [INFO]      consumiu MENOS que o habitual às 21h
2026-07-13 17:33:52 [INFO]      [2mReal:[0m 162.0 kWh   [2mHabitual:[0m 225.7 ± 25.2 kWh   [2mz:[0m -2.53   [2mdesvio:[0m -28%   [2m(3 obs. fim_semana)[0m
2026-07-13 17:33:52 [INFO] 
2026-07-13 17:33:52 [INFO]   🔵 [94m[1mPT0002000078441876HB[0m  [2m[Cluster 0][0m
2026-07-13 17:33:52 [INFO]      consumiu MENOS que o habitual às 00h
2026-07-13 17:33:52 [INFO]      [2mReal:[0m 455.0 kWh   [2mHabitual:[0m 608.5 ± 60.9 kWh   [2mz:[0m -2.52   [2mdesvio:[0m -25%   [2m(2 obs. fim_semana)[0m
2026-07-13 17:33:52 [INFO] 
2026-07-13 17:33:53 [INFO]   [2mCSV:[0m /home/runner/work/ts-anomaly-detection-dissertation/ts-anomaly-detection-dissertation/results/energia/realtime/alerts/analise_energia_2026-07-12.csv
2026-07-13 17:33:53 [INFO] 
2026-07-13 17:33:53 [INFO] [96m→ A prever consumo de 2026-07-13 para 276 CPEs...[0m
2026-07-13 17:33:56 [INFO] [1m══════════════════════════════════════════════════════════════════════[0m
2026-07-13 17:33:56 [INFO] [1m  PREDIÇÃO — 2026-07-13 [0m[2m(dia util)[0m
2026-07-13 17:33:56 [INFO] [1m══════════════════════════════════════════════════════════════════════[0m
2026-07-13 17:33:56 [INFO]   [95m● CPEs previstos[0m          69 [2m(alta: 0, baixa: 1656)[0m
2026-07-13 17:33:56 [INFO]   [95m● Consumo total previsto[0m 90118.1 kWh [2m(±24783.9)[0m
2026-07-13 17:33:56 [INFO] 
2026-07-13 17:33:56 [INFO]   [2mPrevisão guardada:[0m /home/runner/work/ts-anomaly-detection-dissertation/ts-anomaly-detection-dissertation/results/energia/realtime/predictions/previsao_energia_2026-07-13.csv
2026-07-13 17:33:56 [INFO] 
2026-07-13 17:33:56 [INFO] [1m══════════════════════════════════════════════════════════════════════[0m
2026-07-13 17:33:56 [INFO] [1m  VALIDAÇÃO — qualidade das previsões anteriores[0m
2026-07-13 17:33:56 [INFO] [1m══════════════════════════════════════════════════════════════════════[0m
2026-07-13 17:33:56 [INFO]   [2mDias validados:[0m 4   [2mpendentes:[0m 28
2026-07-13 17:33:56 [INFO]   [2mÚltimo (2026-07-12):[0m MAE 19.69 kWh   RMSE 67.82   em ±1σ 53% [2m(esperado ~68%)[0m   em ±2σ 89% [2m(esperado ~95%)[0m
2026-07-13 17:33:56 [INFO]   [2mMédia acumulada:[0m MAE 15.80 kWh   RMSE 45.19   em ±1σ 56%   em ±2σ 83%
2026-07-13 17:33:56 [INFO]   [2mCSV:[0m /home/runner/work/ts-anomaly-detection-dissertation/ts-anomaly-detection-dissertation/results/energia/realtime/analysis/qualidade_previsoes_energia.csv
2026-07-13 17:33:56 [INFO] 
