CPE,hora,cluster,tipo_dia,consumo_real,consumo_habitual,std,z_score,z_real,veredicto,direcao,confianca,n_dias_tipo,fonte_baseline,threshold
C15FA534254,0,,feriado,0.0,0.0,0.01,0.0,0.0,normal,normal,baixa,3,historico feriado (poucos dados),3.0
C15FA534254,1,,feriado,0.0,0.0,0.01,0.0,0.0,normal,normal,baixa,3,historico feriado (poucos dados),3.0
C15FA534254,2,,feriado,0.0,0.0,0.01,0.0,0.0,normal,normal,baixa,3,historico feriado (poucos dados),3.0
C15FA534254,3,,feriado,0.0,0.0,0.01,0.0,0.0,normal,normal,baixa,3,historico feriado (poucos dados),3.0
C15FA534254,4,,feriado,0.0,0.0,0.01,0.0,0.0,normal,normal,baixa,3,historico feriado (poucos dados),3.0
C15FA534254,5,,feriado,0.0,0.0,0.01,0.0,0.0,normal,normal,baixa,3,historico feriado (poucos dados),3.0
C15FA534254,6,,feriado,0.0,0.0,0.01,0.0,0.0,normal,normal,baixa,3,historico feriado (poucos dados),3.0
C15FA534254,7,,feriado,0.0,0.0,0.01,0.0,0.0,normal,normal,baixa,3,historico feriado (poucos dados),3.0
C15FA534254,8,,feriado,0.0,0.0,0.01,0.0,0.0,normal,normal,baixa,3,historico feriado (poucos dados),3.0
C15FA534254,9,,feriado,0.0,0.0,0.01,0.0,0.0,normal,normal,baixa,3,historico feriado (poucos dados),3.0
C15FA534254,10,,feriado,0.0,0.0,0.01,0.0,0.0,normal,normal,baixa,3,historico feriado (poucos dados),3.0
C15FA534254,11,,feriado,0.0,0.0,0.01,0.0,0.0,normal,normal,baixa,3,historico feriado (poucos dados),3.0
C15FA534254,12,,feriado,0.0,0.0,0.01,0.0,0.0,normal,normal,baixa,3,historico feriado (poucos dados),3.0
C15FA534254,13,,feriado,0.0,0.0,0.01,0.0,0.0,normal,normal,baixa,3,historico feriado (poucos dados),3.0
C15FA534254,14,,feriado,0.0,0.0,0.01,0.0,0.0,normal,normal,baixa,3,historico feriado (poucos dados),3.0
C15FA534254,15,,feriado,0.0,0.0,0.01,0.0,0.0,normal,normal,baixa,3,historico feriado (poucos dados),3.0
C15FA534254,16,,feriado,0.0,0.0,0.01,0.0,0.0,normal,normal,baixa,3,historico feriado (poucos dados),3.0
C15FA534254,17,,feriado,0.0,0.0,0.01,0.0,0.0,normal,normal,baixa,3,historico feriado (poucos dados),3.0
C15FA534254,18,,feriado,0.0,0.0,0.01,0.0,0.0,normal,normal,baixa,3,historico feriado (poucos dados),3.0
C15FA534254,19,,feriado,0.0,0.0,0.01,0.0,0.0,normal,normal,baixa,3,historico feriado (poucos dados),3.0
C15FA534254,20,,feriado,0.0,0.0,0.01,0.0,0.0,normal,normal,baixa,3,historico feriado (poucos dados),3.0
C15FA534254,21,,feriado,0.0,0.0,0.01,0.0,0.0,normal,normal,baixa,3,historico feriado (poucos dados),3.0
C15FA534254,22,,feriado,0.0,0.0,0.01,0.0,0.0,normal,normal,baixa,3,historico feriado (poucos dados),3.0
C15FA534254,23,,feriado,0.0,0.0,0.01,0.0,0.0,normal,normal,baixa,2,historico feriado (poucos dados),3.0
C16SB066962U,0,,feriado,0.0,0.0,0.01,0.0,0.0,normal,normal,baixa,2,historico feriado (poucos dados),3.0
C16SB066962U,1,,feriado,0.0,0.0,0.01,0.0,0.0,normal,normal,baixa,2,historico feriado (poucos dados),3.0
C16SB066962U,2,,feriado,0.0,0.0,0.01,0.0,0.0,normal,normal,baixa,2,historico feriado (poucos dados),3.0
C16SB066962U,3,,feriado,0.0,0.0,0.01,0.0,0.0,normal,normal,baixa,2,historico feriado (poucos dados),3.0
C16SB066962U,4,,feriado,0.0,0.0,0.01,0.0,0.0,normal,normal,baixa,3,historico feriado (poucos dados),3.0
C16SB066962U,5,,feriado,0.0,0.0,0.01,0.0,0.0,normal,normal,baixa,3,historico feriado (poucos dados),3.0
C16SB066962U,6,,feriado,0.0,0.0,0.01,0.0,0.0,normal,normal,baixa,3,historico feriado (poucos dados),3.0
C16SB066962U,7,,feriado,0.0,0.0,0.01,0.0,0.0,normal,normal,baixa,3,historico feriado (poucos dados),3.0
C16SB066962U,8,,feriado,0.0,0.0,0.01,0.0,0.0,normal,normal,baixa,3,historico feriado (poucos dados),3.0
C16SB066962U,9,,feriado,0.0,0.0,0.01,0.0,0.0,normal,normal,baixa,3,historico feriado (poucos dados),3.0
C16SB066962U,10,,feriado,0.0,0.0,0.01,0.0,0.0,normal,normal,baixa,3,historico feriado (poucos dados),3.0
C16SB066962U,11,,feriado,0.0,0.0,0.01,0.0,0.0,normal,normal,baixa,3,historico feriado (poucos dados),3.0
C16SB066962U,12,,feriado,0.0,0.0,0.01,0.0,0.0,normal,normal,baixa,3,historico feriado (poucos dados),3.0
C16SB066962U,13,,feriado,0.0,0.0,0.01,0.0,0.0,normal,normal,baixa,3,historico feriado (poucos dados),3.0
C16SB066962U,14,,feriado,0.0,0.0,0.01,0.0,0.0,normal,normal,baixa,3,historico feriado (poucos dados),3.0
C16SB066962U,15,,feriado,0.0,0.0,0.01,0.0,0.0,normal,normal,baixa,3,historico feriado (poucos dados),3.0
C16SB066962U,16,,feriado,0.0,0.0,0.01,0.0,0.0,normal,normal,baixa,3,historico feriado (poucos dados),3.0
C16SB066962U,17,,feriado,0.0,0.0,0.01,0.0,0.0,normal,normal,baixa,3,historico feriado (poucos dados),3.0
C16SB066962U,18,,feriado,0.0,0.0,0.01,0.0,0.0,normal,normal,baixa,3,historico feriado (poucos dados),3.0
C16SB066962U,19,,feriado,0.0,0.0,0.01,0.0,0.0,normal,normal,baixa,3,historico feriado (poucos dados),3.0
C16SC000825R,0,,feriado,0.0,0.0,0.01,0.0,0.0,normal,normal,baixa,3,historico feriado (poucos dados),3.0
C16SC000825R,1,,feriado,0.0,0.0,0.01,0.0,0.0,normal,normal,baixa,3,historico feriado (poucos dados),3.0
C16SC000825R,2,,feriado,0.0,0.0,0.01,0.0,0.0,normal,normal,baixa,3,historico feriado (poucos dados),3.0
C16SC000825R,3,,feriado,0.0,0.0,0.01,0.0,0.0,normal,normal,baixa,3,historico feriado (poucos dados),3.0
C16SC000825R,4,,feriado,0.0,0.0,0.01,0.0,0.0,normal,normal,baixa,3,historico feriado (poucos dados),3.0
C16SC000825R,5,,feriado,0.0,0.0,0.01,0.0,0.0,normal,normal,baixa,3,historico feriado (poucos dados),3.0
C16SC000825R,6,,feriado,0.0,0.0,0.01,0.0,0.0,normal,normal,baixa,3,historico feriado (poucos dados),3.0
C16SC000825R,7,,feriado,0.0,0.0,0.01,0.0,0.0,normal,normal,baixa,3,historico feriado (poucos dados),3.0
C16SC000825R,8,,feriado,0.0,0.0,0.01,0.0,0.0,normal,normal,baixa,3,historico feriado (poucos dados),3.0
C16SC000825R,9,,feriado,0.265,0.8213,0.3952,-1.41,-1.41,normal,normal,baixa,3,historico feriado (poucos dados),3.0
C16SC000825R,10,,feriado,1.039,1.23,0.3075,-0.62,-0.62,normal,normal,baixa,3,historico feriado (poucos dados),3.0
C16SC000825R,11,,feriado,0.88,0.9925,0.2481,-0.45,-0.45,normal,normal,baixa,2,historico feriado (poucos dados),3.0
C16SC000825R,12,,feriado,0.637,0.558,0.2432,0.32,0.32,normal,normal,baixa,2,historico feriado (poucos dados),3.0
C16SC000825R,13,,feriado,0.0,0.0,0.01,0.0,0.0,normal,normal,baixa,2,historico feriado (poucos dados),3.0
C16SC000825R,14,,feriado,0.0,0.0,0.01,0.0,0.0,normal,normal,baixa,2,historico feriado (poucos dados),3.0
C16SC000825R,15,,feriado,0.0,0.4127,0.7148,-0.58,-0.58,normal,normal,baixa,3,historico feriado (poucos dados),3.0
C16SC000825R,16,,feriado,0.117,0.184,0.1363,-0.49,-0.49,normal,normal,baixa,3,historico feriado (poucos dados),3.0
C16SC000825R,17,,feriado,0.524,0.557,0.478,-0.07,-0.07,normal,normal,baixa,3,historico feriado (poucos dados),3.0
C16SC000825R,18,,feriado,0.369,0.6023,0.5894,-0.4,-0.4,normal,normal,baixa,3,historico feriado (poucos dados),3.0
C16SC000825R,19,,feriado,0.851,0.6695,0.1674,1.08,1.08,normal,normal,baixa,2,historico feriado (poucos dados),3.0
C16SC000825R,20,,feriado,0.849,0.7975,0.1994,0.26,0.26,normal,normal,baixa,2,historico feriado (poucos dados),3.0
C16SC000825R,21,,feriado,0.702,0.5895,0.1474,0.76,0.76,normal,normal,baixa,2,historico feriado (poucos dados),3.0
C16SC000825R,22,,feriado,0.0,0.0,0.01,0.0,0.0,normal,normal,baixa,2,historico feriado (poucos dados),3.0
C16SC000825R,23,,feriado,0.0,0.4423,0.7661,-0.58,-0.58,normal,normal,baixa,3,historico feriado (poucos dados),3.0
C16SC003896,0,,feriado,0.0,0.0,0.01,0.0,0.0,normal,normal,baixa,3,historico feriado (poucos dados),3.0
C16SC003896,1,,feriado,0.0,0.0,0.01,0.0,0.0,normal,normal,baixa,3,historico feriado (poucos dados),3.0
C16SC003896,2,,feriado,0.0,0.0,0.01,0.0,0.0,normal,normal,baixa,25,fallback (30d recentes),3.0
C16SC003896,3,,feriado,0.0,0.0,0.01,0.0,0.0,normal,normal,baixa,3,historico feriado (poucos dados),3.0
C16SC003896,4,,feriado,0.0,0.0,0.01,0.0,0.0,normal,normal,baixa,3,historico feriado (poucos dados),3.0
C16SC003896,5,,feriado,0.0,0.0,0.01,0.0,0.0,normal,normal,baixa,3,historico feriado (poucos dados),3.0
C16SC003896,6,,feriado,0.0,0.0,0.01,0.0,0.0,normal,normal,baixa,2,historico feriado (poucos dados),3.0
C16SC003896,7,,feriado,0.0,0.0,0.01,0.0,0.0,normal,normal,baixa,3,historico feriado (poucos dados),3.0
C16SC003896,8,,feriado,0.0,0.0,0.01,0.0,0.0,normal,normal,baixa,3,historico feriado (poucos dados),3.0
C16SC003896,9,,feriado,0.0,0.0,0.01,0.0,0.0,normal,normal,baixa,3,historico feriado (poucos dados),3.0
C16SC003896,10,,feriado,0.0,0.0,0.01,0.0,0.0,normal,normal,baixa,3,historico feriado (poucos dados),3.0
C16SC003896,11,,feriado,0.0,0.0,0.01,0.0,0.0,normal,normal,baixa,3,historico feriado (poucos dados),3.0
C16SC003896,12,,feriado,0.0,0.0,0.01,0.0,0.0,normal,normal,baixa,3,historico feriado (poucos dados),3.0
C16SC003896,13,,feriado,0.0,0.0,0.01,0.0,0.0,normal,normal,baixa,3,historico feriado (poucos dados),3.0
C16SC003896,14,,feriado,0.0,0.0,0.01,0.0,0.0,normal,normal,baixa,27,fallback (30d recentes),3.0
C16SC003896,15,,feriado,0.0,0.0,0.01,0.0,0.0,normal,normal,baixa,3,historico feriado (poucos dados),3.0
C16SC003896,16,,feriado,0.0,0.0,0.01,0.0,0.0,normal,normal,baixa,3,historico feriado (poucos dados),3.0
C16SC003896,17,,feriado,0.0,0.0,0.01,0.0,0.0,normal,normal,baixa,3,historico feriado (poucos dados),3.0
C16SC003896,18,,feriado,0.0,0.0,0.01,0.0,0.0,normal,normal,baixa,3,historico feriado (poucos dados),3.0
C16SC003896,19,,feriado,0.0,0.0,0.01,0.0,0.0,normal,normal,baixa,3,historico feriado (poucos dados),3.0
C16SC003896,20,,feriado,0.0,0.0,0.01,0.0,0.0,normal,normal,baixa,3,historico feriado (poucos dados),3.0
C16SC003896,21,,feriado,0.0,0.0,0.01,0.0,0.0,normal,normal,baixa,3,historico feriado (poucos dados),3.0
C16SC003896,22,,feriado,0.0,0.0,0.01,0.0,0.0,normal,normal,baixa,2,historico feriado (poucos dados),3.0
C16SC003896,23,,feriado,0.0,0.0,0.01,0.0,0.0,normal,normal,baixa,3,historico feriado (poucos dados),3.0
C16SE010257A,0,,feriado,0.0,0.0,0.01,0.0,0.0,normal,normal,baixa,2,historico feriado (poucos dados),3.0
C16SE010257A,1,,feriado,0.0,0.0,0.01,0.0,0.0,normal,normal,baixa,2,historico feriado (poucos dados),3.0
C16SE010257A,2,,feriado,0.0,0.0,0.01,0.0,0.0,normal,normal,baixa,25,fallback (30d recentes),3.0
C16SE010257A,3,,feriado,0.0,0.0,0.01,0.0,0.0,normal,normal,baixa,3,historico feriado (poucos dados),3.0
C16SE010257A,4,,feriado,0.0,0.0,0.01,0.0,0.0,normal,normal,baixa,3,historico feriado (poucos dados),3.0
C16SE010257A,5,,feriado,0.0,0.0,0.01,0.0,0.0,normal,normal,baixa,3,historico feriado (poucos dados),3.0
C16SE010257A,6,,feriado,0.0,0.0,0.01,0.0,0.0,normal,normal,baixa,3,historico feriado (poucos dados),3.0
C16SE010257A,7,,feriado,0.0,0.0,0.01,0.0,0.0,normal,normal,baixa,3,historico feriado (poucos dados),3.0
C16SE010257A,8,,feriado,0.0,0.0,0.01,0.0,0.0,normal,normal,baixa,3,historico feriado (poucos dados),3.0
C16SE010257A,9,,feriado,0.0,0.0,0.01,0.0,0.0,normal,normal,baixa,3,historico feriado (poucos dados),3.0
C16SE010257A,10,,feriado,0.0,0.0,0.01,0.0,0.0,normal,normal,baixa,2,historico feriado (poucos dados),3.0
C16SE010257A,11,,feriado,0.0,0.0,0.01,0.0,0.0,normal,normal,baixa,3,historico feriado (poucos dados),3.0
C16SE010257A,12,,feriado,0.0,0.0,0.01,0.0,0.0,normal,normal,baixa,3,historico feriado (poucos dados),3.0
C16SE010257A,13,,feriado,0.0,0.0,0.01,0.0,0.0,normal,normal,baixa,3,historico feriado (poucos dados),3.0
C16SE010257A,15,,feriado,0.0,0.0,0.01,0.0,0.0,normal,normal,baixa,3,historico feriado (poucos dados),3.0
C16SE010257A,16,,feriado,0.0,0.0,0.01,0.0,0.0,normal,normal,baixa,3,historico feriado (poucos dados),3.0
C16SE010257A,17,,feriado,0.0,0.0,0.01,0.0,0.0,normal,normal,baixa,3,historico feriado (poucos dados),3.0
C16SE010257A,18,,feriado,0.0,0.0,0.01,0.0,0.0,normal,normal,baixa,27,fallback (30d recentes),3.0
C16SE010257A,19,,feriado,0.0,0.0,0.01,0.0,0.0,normal,normal,baixa,3,historico feriado (poucos dados),3.0
C16SE010257A,20,,feriado,0.0,0.0,0.01,0.0,0.0,normal,normal,baixa,3,historico feriado (poucos dados),3.0
C16SE010257A,21,,feriado,0.0,0.0,0.01,0.0,0.0,normal,normal,baixa,3,historico feriado (poucos dados),3.0
C16SE010257A,22,,feriado,0.0,0.0,0.01,0.0,0.0,normal,normal,baixa,3,historico feriado (poucos dados),3.0
C16SE010257A,23,,feriado,0.0,0.0,0.01,0.0,0.0,normal,normal,baixa,3,historico feriado (poucos dados),3.0
C17SC007379,0,,feriado,0.0,0.0,0.01,0.0,0.0,normal,normal,baixa,3,historico feriado (poucos dados),3.0
C17SC007379,1,,feriado,0.0,0.0,0.01,0.0,0.0,normal,normal,baixa,3,historico feriado (poucos dados),3.0
C17SC007379,2,,feriado,0.0,0.0,0.01,0.0,0.0,normal,normal,baixa,3,historico feriado (poucos dados),3.0
C17SC007379,3,,feriado,0.0,0.0,0.01,0.0,0.0,normal,normal,baixa,3,historico feriado (poucos dados),3.0
C17SC007379,4,,feriado,0.0,0.0,0.01,0.0,0.0,normal,normal,baixa,3,historico feriado (poucos dados),3.0
C17SC007379,5,,feriado,0.0,0.0,0.01,0.0,0.0,normal,normal,baixa,3,historico feriado (poucos dados),3.0
C17SC007379,6,,feriado,0.0,0.0,0.01,0.0,0.0,normal,normal,baixa,3,historico feriado (poucos dados),3.0
C17SC007379,7,,feriado,0.0,0.0,0.01,0.0,0.0,normal,normal,baixa,3,historico feriado (poucos dados),3.0
C17SC007379,8,,feriado,0.0,0.0,0.01,0.0,0.0,normal,normal,baixa,3,historico feriado (poucos dados),3.0
C17SC007379,9,,feriado,0.0,0.0,0.01,0.0,0.0,normal,normal,baixa,3,historico feriado (poucos dados),3.0
C17SC007379,10,,feriado,0.0,0.0,0.01,0.0,0.0,normal,normal,baixa,3,historico feriado (poucos dados),3.0
C17SC007379,11,,feriado,0.0,0.0,0.01,0.0,0.0,normal,normal,baixa,3,historico feriado (poucos dados),3.0
C17SC007379,12,,feriado,0.0,0.0,0.01,0.0,0.0,normal,normal,baixa,3,historico feriado (poucos dados),3.0
C17SC007379,13,,feriado,0.0,0.0,0.01,0.0,0.0,normal,normal,baixa,3,historico feriado (poucos dados),3.0
C17SC007379,14,,feriado,0.0,0.0,0.01,0.0,0.0,normal,normal,baixa,3,historico feriado (poucos dados),3.0
C17SC007379,15,,feriado,0.0,0.0,0.01,0.0,0.0,normal,normal,baixa,3,historico feriado (poucos dados),3.0
C17SC007379,16,,feriado,0.0,0.0,0.01,0.0,0.0,normal,normal,baixa,3,historico feriado (poucos dados),3.0
C17SC007379,17,,feriado,0.0,0.0,0.01,0.0,0.0,normal,normal,baixa,3,historico feriado (poucos dados),3.0
C17SC007379,18,,feriado,0.0,0.0,0.01,0.0,0.0,normal,normal,baixa,3,historico feriado (poucos dados),3.0
C17SC007379,19,,feriado,0.0,0.0,0.01,0.0,0.0,normal,normal,baixa,3,historico feriado (poucos dados),3.0
C17SC007379,20,,feriado,0.0,0.0,0.01,0.0,0.0,normal,normal,baixa,3,historico feriado (poucos dados),3.0
C17SC007379,21,,feriado,0.0,0.0,0.01,0.0,0.0,normal,normal,baixa,3,historico feriado (poucos dados),3.0
C17SC007379,22,,feriado,0.0,0.0,0.01,0.0,0.0,normal,normal,baixa,3,historico feriado (poucos dados),3.0
C17SC007379,23,,feriado,0.0,0.0,0.01,0.0,0.0,normal,normal,baixa,3,historico feriado (poucos dados),3.0
C17SC007397,0,,feriado,0.0,0.0,0.01,0.0,0.0,normal,normal,baixa,2,historico feriado (poucos dados),3.0
C17SC007432,0,,feriado,0.0,0.0,0.01,0.0,0.0,normal,normal,baixa,3,historico feriado (poucos dados),3.0
C17SC007432,1,,feriado,0.0,0.0,0.01,0.0,0.0,normal,normal,baixa,3,historico feriado (poucos dados),3.0
C17SC007432,2,,feriado,0.0,0.0,0.01,0.0,0.0,normal,normal,baixa,3,historico feriado (poucos dados),3.0
C17SC007432,3,,feriado,0.0,0.0,0.01,0.0,0.0,normal,normal,baixa,3,historico feriado (poucos dados),3.0
C17SC007432,4,,feriado,0.0,0.0,0.01,0.0,0.0,normal,normal,baixa,3,historico feriado (poucos dados),3.0
C17SC007432,5,,feriado,0.0,0.0,0.01,0.0,0.0,normal,normal,baixa,3,historico feriado (poucos dados),3.0
C17SC007432,6,,feriado,0.0,0.0,0.01,0.0,0.0,normal,normal,baixa,3,historico feriado (poucos dados),3.0
C17SC007432,7,,feriado,0.0,0.0093,0.0101,-0.93,-0.93,normal,normal,baixa,3,historico feriado (poucos dados),3.0
C17SC007432,8,,feriado,0.0,0.019,0.01,-1.9,-1.9,normal,normal,baixa,3,historico feriado (poucos dados),3.0
C17SC007432,9,,feriado,0.0,0.0073,0.01,-0.73,-0.73,normal,normal,baixa,3,historico feriado (poucos dados),3.0
C17SC007432,10,,feriado,0.0,0.0187,0.0214,-0.87,-0.87,normal,normal,baixa,3,historico feriado (poucos dados),3.0
C17SC007432,11,,feriado,0.0,0.0257,0.0127,-2.01,-2.01,normal,normal,baixa,3,historico feriado (poucos dados),3.0
C17SC007432,12,,feriado,0.0,0.0253,0.0278,-0.91,-0.91,normal,normal,baixa,3,historico feriado (poucos dados),3.0
C17SC007432,13,,feriado,0.027,0.0253,0.022,0.08,0.08,normal,normal,baixa,3,historico feriado (poucos dados),3.0
C17SC007432,14,,feriado,0.025,0.0027,0.01,2.23,2.23,normal,normal,baixa,3,historico feriado (poucos dados),3.0
C17SC007432,15,,feriado,0.036,0.0,0.01,3.6,3.6,desvio,acima,baixa,3,historico feriado (poucos dados),3.0
C17SC007432,16,,feriado,0.025,0.0,0.01,2.5,2.5,normal,normal,baixa,3,historico feriado (poucos dados),3.0
C17SC007432,17,,feriado,0.023,0.0,0.01,2.3,2.3,normal,normal,baixa,3,historico feriado (poucos dados),3.0
C17SC007432,18,,feriado,0.032,0.0,0.01,3.2,3.2,desvio,acima,baixa,3,historico feriado (poucos dados),3.0
C17SC007432,19,,feriado,0.042,0.0,0.01,4.2,4.2,desvio,acima,baixa,3,historico feriado (poucos dados),3.0
C17SC007432,20,,feriado,0.001,0.0,0.01,0.1,0.1,normal,normal,baixa,3,historico feriado (poucos dados),3.0
C17SC007432,21,,feriado,0.0,0.0,0.01,0.0,0.0,normal,normal,baixa,3,historico feriado (poucos dados),3.0
C17SC007432,22,,feriado,0.0,0.0,0.01,0.0,0.0,normal,normal,baixa,3,historico feriado (poucos dados),3.0
C17SC007432,23,,feriado,0.0,0.0,0.01,0.0,0.0,normal,normal,baixa,3,historico feriado (poucos dados),3.0
C17SC007452,0,,feriado,0.0,0.0,0.01,0.0,0.0,normal,normal,baixa,3,historico feriado (poucos dados),3.0
C17SC007452,1,,feriado,0.0,0.0,0.01,0.0,0.0,normal,normal,baixa,3,historico feriado (poucos dados),3.0
C17SC007452,2,,feriado,0.0,0.0,0.01,0.0,0.0,normal,normal,baixa,3,historico feriado (poucos dados),3.0
C17SC007452,3,,feriado,0.0,0.0,0.01,0.0,0.0,normal,normal,baixa,3,historico feriado (poucos dados),3.0
C17SC007452,4,,feriado,0.0,0.0,0.01,0.0,0.0,normal,normal,baixa,3,historico feriado (poucos dados),3.0
C17SC007452,5,,feriado,0.0,0.0,0.01,0.0,0.0,normal,normal,baixa,3,historico feriado (poucos dados),3.0
C17SC007452,6,,feriado,0.0,0.0,0.01,0.0,0.0,normal,normal,baixa,3,historico feriado (poucos dados),3.0
C17SC007452,7,,feriado,0.0,0.0,0.01,0.0,0.0,normal,normal,baixa,3,historico feriado (poucos dados),3.0
C17SC007452,8,,feriado,0.0,0.0,0.01,0.0,0.0,normal,normal,baixa,3,historico feriado (poucos dados),3.0
C17SC007452,9,,feriado,0.0,0.0,0.01,0.0,0.0,normal,normal,baixa,3,historico feriado (poucos dados),3.0
C17SC007452,10,,feriado,0.0,0.0,0.01,0.0,0.0,normal,normal,baixa,3,historico feriado (poucos dados),3.0
C17SC007452,11,,feriado,0.0,0.0,0.01,0.0,0.0,normal,normal,baixa,3,historico feriado (poucos dados),3.0
C17SC007452,12,,feriado,0.0,0.0,0.01,0.0,0.0,normal,normal,baixa,3,historico feriado (poucos dados),3.0
C17SC007452,13,,feriado,0.0,0.0,0.01,0.0,0.0,normal,normal,baixa,3,historico feriado (poucos dados),3.0
C17SC007452,14,,feriado,0.0,0.0,0.01,0.0,0.0,normal,normal,baixa,3,historico feriado (poucos dados),3.0
C17SC007452,15,,feriado,0.0,0.0,0.01,0.0,0.0,normal,normal,baixa,3,historico feriado (poucos dados),3.0
C17SC007452,16,,feriado,0.0,0.0,0.01,0.0,0.0,normal,normal,baixa,3,historico feriado (poucos dados),3.0
C17SC007452,17,,feriado,0.0,0.0,0.01,0.0,0.0,normal,normal,baixa,3,historico feriado (poucos dados),3.0
C17SC007452,18,,feriado,0.0,0.0,0.01,0.0,0.0,normal,normal,baixa,3,historico feriado (poucos dados),3.0
C17SC007452,19,,feriado,0.0,0.0,0.01,0.0,0.0,normal,normal,baixa,3,historico feriado (poucos dados),3.0
C17SC007452,20,,feriado,0.0,0.0,0.01,0.0,0.0,normal,normal,baixa,3,historico feriado (poucos dados),3.0
C17SC007452,21,,feriado,0.0,0.0,0.01,0.0,0.0,normal,normal,baixa,3,historico feriado (poucos dados),3.0
C17SC007452,22,,feriado,0.0,0.0,0.01,0.0,0.0,normal,normal,baixa,3,historico feriado (poucos dados),3.0
C17SC007452,23,,feriado,0.0,0.0,0.01,0.0,0.0,normal,normal,baixa,3,historico feriado (poucos dados),3.0
C17SC007472,0,,feriado,0.0,0.0,0.01,0.0,0.0,normal,normal,baixa,3,historico feriado (poucos dados),3.0
C17SC007472,1,,feriado,0.0,0.0,0.01,0.0,0.0,normal,normal,baixa,3,historico feriado (poucos dados),3.0
C17SC007472,2,,feriado,0.0,0.0,0.01,0.0,0.0,normal,normal,baixa,3,historico feriado (poucos dados),3.0
C17SC007472,3,,feriado,0.0,0.0,0.01,0.0,0.0,normal,normal,baixa,3,historico feriado (poucos dados),3.0
C17SC007472,4,,feriado,0.0,0.0,0.01,0.0,0.0,normal,normal,baixa,3,historico feriado (poucos dados),3.0
C17SC007472,5,,feriado,0.0,0.0,0.01,0.0,0.0,normal,normal,baixa,3,historico feriado (poucos dados),3.0
C17SC007472,6,,feriado,0.0,0.0,0.01,0.0,0.0,normal,normal,baixa,3,historico feriado (poucos dados),3.0
C17SC007472,7,,feriado,0.0,0.0,0.01,0.0,0.0,normal,normal,baixa,3,historico feriado (poucos dados),3.0
C17SC007472,8,,feriado,0.0,0.0,0.01,0.0,0.0,normal,normal,baixa,3,historico feriado (poucos dados),3.0
C17SC007472,9,,feriado,0.0,0.0,0.01,0.0,0.0,normal,normal,baixa,3,historico feriado (poucos dados),3.0
C17SC007472,10,,feriado,0.0,0.0,0.01,0.0,0.0,normal,normal,baixa,3,historico feriado (poucos dados),3.0
C17SC007472,11,,feriado,0.0,0.0,0.01,0.0,0.0,normal,normal,baixa,3,historico feriado (poucos dados),3.0
C17SC007472,12,,feriado,0.0,0.0,0.01,0.0,0.0,normal,normal,baixa,3,historico feriado (poucos dados),3.0
C17SC007472,13,,feriado,0.0,0.0,0.01,0.0,0.0,normal,normal,baixa,3,historico feriado (poucos dados),3.0
C17SC007472,14,,feriado,0.0,0.0,0.01,0.0,0.0,normal,normal,baixa,3,historico feriado (poucos dados),3.0
C17SC007472,15,,feriado,0.0,0.0,0.01,0.0,0.0,normal,normal,baixa,3,historico feriado (poucos dados),3.0
C17SC007472,16,,feriado,0.0,0.0,0.01,0.0,0.0,normal,normal,baixa,3,historico feriado (poucos dados),3.0
C17SC007472,17,,feriado,0.0,0.0,0.01,0.0,0.0,normal,normal,baixa,3,historico feriado (poucos dados),3.0
C17SC007472,18,,feriado,0.0,0.0,0.01,0.0,0.0,normal,normal,baixa,3,historico feriado (poucos dados),3.0
C17SC007472,19,,feriado,0.0,0.0,0.01,0.0,0.0,normal,normal,baixa,3,historico feriado (poucos dados),3.0
C17SC007472,20,,feriado,0.0,0.0,0.01,0.0,0.0,normal,normal,baixa,3,historico feriado (poucos dados),3.0
C17SC007472,21,,feriado,0.0,0.0,0.01,0.0,0.0,normal,normal,baixa,3,historico feriado (poucos dados),3.0
C17SC007472,22,,feriado,0.0,0.0,0.01,0.0,0.0,normal,normal,baixa,3,historico feriado (poucos dados),3.0
C17SC007472,23,,feriado,0.0,0.0,0.01,0.0,0.0,normal,normal,baixa,3,historico feriado (poucos dados),3.0
C17SC007473,1,,feriado,0.0,0.0,0.01,0.0,0.0,normal,normal,baixa,3,historico feriado (poucos dados),3.0
C17SC007473,2,,feriado,0.0,0.0,0.01,0.0,0.0,normal,normal,baixa,3,historico feriado (poucos dados),3.0
C17SC007473,3,,feriado,0.0,0.0,0.01,0.0,0.0,normal,normal,baixa,3,historico feriado (poucos dados),3.0
C17SC007473,4,,feriado,0.0,0.0,0.01,0.0,0.0,normal,normal,baixa,3,historico feriado (poucos dados),3.0
C17SC007473,5,,feriado,0.0,0.0,0.01,0.0,0.0,normal,normal,baixa,3,historico feriado (poucos dados),3.0
C17SC007473,6,,feriado,0.0,0.0,0.01,0.0,0.0,normal,normal,baixa,3,historico feriado (poucos dados),3.0
C17SC007473,7,,feriado,0.0,0.0,0.01,0.0,0.0,normal,normal,baixa,3,historico feriado (poucos dados),3.0
C17SC007473,8,,feriado,0.0,0.0,0.01,0.0,0.0,normal,normal,baixa,3,historico feriado (poucos dados),3.0
C17SC007473,9,,feriado,0.0,0.0,0.01,0.0,0.0,normal,normal,baixa,2,historico feriado (poucos dados),3.0
C17SC007473,10,,feriado,0.0,0.0,0.01,0.0,0.0,normal,normal,baixa,2,historico feriado (poucos dados),3.0
C17SC007473,11,,feriado,0.0,0.0,0.01,0.0,0.0,normal,normal,baixa,2,historico feriado (poucos dados),3.0
C17SC007473,12,,feriado,0.0,0.0,0.01,0.0,0.0,normal,normal,baixa,2,historico feriado (poucos dados),3.0
C17SC007473,16,,feriado,0.0,0.0,0.01,0.0,0.0,normal,normal,baixa,3,historico feriado (poucos dados),3.0
C17SC007473,17,,feriado,0.0,0.0,0.01,0.0,0.0,normal,normal,baixa,2,historico feriado (poucos dados),3.0
C17SC007473,18,,feriado,0.0,0.0,0.01,0.0,0.0,normal,normal,baixa,2,historico feriado (poucos dados),3.0
C17SC007473,19,,feriado,0.0,0.0,0.01,0.0,0.0,normal,normal,baixa,2,historico feriado (poucos dados),3.0
C17SC007473,21,,feriado,0.0,0.0,0.01,0.0,0.0,normal,normal,baixa,2,historico feriado (poucos dados),3.0
C17SC007473,22,,feriado,0.0,0.0,0.01,0.0,0.0,normal,normal,baixa,2,historico feriado (poucos dados),3.0
C17SC007473,23,,feriado,0.0,0.0,0.01,0.0,0.0,normal,normal,baixa,2,historico feriado (poucos dados),3.0
C17SC007487,0,,feriado,0.043,0.0593,0.028,-0.58,-0.58,normal,normal,baixa,3,historico feriado (poucos dados),3.0
C17SC007489,0,,feriado,0.0,0.0,0.01,0.0,0.0,normal,normal,baixa,3,historico feriado (poucos dados),3.0
C17SC007489,1,,feriado,0.0,0.0,0.01,0.0,0.0,normal,normal,baixa,3,historico feriado (poucos dados),3.0
C17SC007489,2,,feriado,0.0,0.0,0.01,0.0,0.0,normal,normal,baixa,3,historico feriado (poucos dados),3.0
C17SC007489,3,,feriado,0.0,0.0,0.01,0.0,0.0,normal,normal,baixa,3,historico feriado (poucos dados),3.0
C17SC007489,12,,feriado,0.0,0.0,0.01,0.0,0.0,normal,normal,baixa,2,historico feriado (poucos dados),3.0
C17SC007489,13,,feriado,0.0,0.0,0.01,0.0,0.0,normal,normal,baixa,2,historico feriado (poucos dados),3.0
C17SC007489,14,,feriado,0.0,0.0,0.01,0.0,0.0,normal,normal,baixa,2,historico feriado (poucos dados),3.0
C17SC007489,15,,feriado,0.0,0.0,0.01,0.0,0.0,normal,normal,baixa,2,historico feriado (poucos dados),3.0
C17SC007489,16,,feriado,0.0,0.0,0.01,0.0,0.0,normal,normal,baixa,2,historico feriado (poucos dados),3.0
C17SC007489,17,,feriado,0.0,0.0,0.01,0.0,0.0,normal,normal,baixa,3,historico feriado (poucos dados),3.0
C17SC007489,18,,feriado,0.0,0.0,0.01,0.0,0.0,normal,normal,baixa,3,historico feriado (poucos dados),3.0
C17SC007489,19,,feriado,0.0,0.0,0.01,0.0,0.0,normal,normal,baixa,3,historico feriado (poucos dados),3.0
C17SC007489,20,,feriado,0.0,0.0,0.01,0.0,0.0,normal,normal,baixa,3,historico feriado (poucos dados),3.0
C17SC007489,21,,feriado,0.0,0.0,0.01,0.0,0.0,normal,normal,baixa,3,historico feriado (poucos dados),3.0
C17SC007489,22,,feriado,0.0,0.0,0.01,0.0,0.0,normal,normal,baixa,3,historico feriado (poucos dados),3.0
C17SC007489,23,,feriado,0.0,0.0,0.01,0.0,0.0,normal,normal,baixa,3,historico feriado (poucos dados),3.0
C17SC007492,0,,feriado,0.0,0.0,0.01,0.0,0.0,normal,normal,baixa,3,historico feriado (poucos dados),3.0
C17SC007492,1,,feriado,0.0,0.0,0.01,0.0,0.0,normal,normal,baixa,3,historico feriado (poucos dados),3.0
C17SC007492,2,,feriado,0.0,0.0,0.01,0.0,0.0,normal,normal,baixa,3,historico feriado (poucos dados),3.0
C17SC007492,3,,feriado,0.0,0.0,0.01,0.0,0.0,normal,normal,baixa,3,historico feriado (poucos dados),3.0
C17SC007492,4,,feriado,0.0,0.0,0.01,0.0,0.0,normal,normal,baixa,3,historico feriado (poucos dados),3.0
C17SC007492,5,,feriado,0.0,0.0,0.01,0.0,0.0,normal,normal,baixa,3,historico feriado (poucos dados),3.0
C17SC007492,6,,feriado,0.0,0.0,0.01,0.0,0.0,normal,normal,baixa,3,historico feriado (poucos dados),3.0
C17SC007492,7,,feriado,0.0,0.0,0.01,0.0,0.0,normal,normal,baixa,3,historico feriado (poucos dados),3.0
C17SC007492,8,,feriado,0.0,0.0,0.01,0.0,0.0,normal,normal,baixa,3,historico feriado (poucos dados),3.0
C17SC007492,9,,feriado,0.0,0.0,0.01,0.0,0.0,normal,normal,baixa,3,historico feriado (poucos dados),3.0
C17SC007492,10,,feriado,0.0,0.0,0.01,0.0,0.0,normal,normal,baixa,3,historico feriado (poucos dados),3.0
C17SC007492,11,,feriado,0.0,0.0,0.01,0.0,0.0,normal,normal,baixa,3,historico feriado (poucos dados),3.0
C17SC007492,12,,feriado,0.0,0.0,0.01,0.0,0.0,normal,normal,baixa,3,historico feriado (poucos dados),3.0
C17SC007492,13,,feriado,0.0,0.0,0.01,0.0,0.0,normal,normal,baixa,3,historico feriado (poucos dados),3.0
C17SC007492,14,,feriado,0.0,0.0,0.01,0.0,0.0,normal,normal,baixa,3,historico feriado (poucos dados),3.0
C17SC007492,15,,feriado,0.0,0.0,0.01,0.0,0.0,normal,normal,baixa,3,historico feriado (poucos dados),3.0
C17SC007492,16,,feriado,0.0,0.0,0.01,0.0,0.0,normal,normal,baixa,3,historico feriado (poucos dados),3.0
C17SC007492,17,,feriado,0.0,0.0,0.01,0.0,0.0,normal,normal,baixa,3,historico feriado (poucos dados),3.0
C17SC007492,18,,feriado,0.0,0.0,0.01,0.0,0.0,normal,normal,baixa,3,historico feriado (poucos dados),3.0
C17SC007492,19,,feriado,0.0,0.0,0.01,0.0,0.0,normal,normal,baixa,3,historico feriado (poucos dados),3.0
C17SC007492,20,,feriado,0.0,0.0,0.01,0.0,0.0,normal,normal,baixa,3,historico feriado (poucos dados),3.0
C17SC007492,21,,feriado,0.0,0.0,0.01,0.0,0.0,normal,normal,baixa,3,historico feriado (poucos dados),3.0
C17SC007492,22,,feriado,0.0,0.0,0.01,0.0,0.0,normal,normal,baixa,3,historico feriado (poucos dados),3.0
C17SC007492,23,,feriado,0.0,0.0,0.01,0.0,0.0,normal,normal,baixa,3,historico feriado (poucos dados),3.0
C17SC007493,0,,feriado,0.0,0.0,0.01,0.0,0.0,normal,normal,baixa,3,historico feriado (poucos dados),3.0
C17SC007493,1,,feriado,0.0,0.0,0.01,0.0,0.0,normal,normal,baixa,3,historico feriado (poucos dados),3.0
C17SC007493,2,,feriado,0.0,0.0,0.01,0.0,0.0,normal,normal,baixa,3,historico feriado (poucos dados),3.0
C17SC007493,3,,feriado,0.0,0.0,0.01,0.0,0.0,normal,normal,baixa,3,historico feriado (poucos dados),3.0
C17SC007493,4,,feriado,0.0,0.0,0.01,0.0,0.0,normal,normal,baixa,3,historico feriado (poucos dados),3.0
C17SC007493,5,,feriado,0.0,0.0,0.01,0.0,0.0,normal,normal,baixa,3,historico feriado (poucos dados),3.0
C17SC007493,6,,feriado,0.0,0.0,0.01,0.0,0.0,normal,normal,baixa,3,historico feriado (poucos dados),3.0
C17SC007493,7,,feriado,0.0,0.0,0.01,0.0,0.0,normal,normal,baixa,3,historico feriado (poucos dados),3.0
C17SC007493,8,,feriado,0.0,0.0,0.01,0.0,0.0,normal,normal,baixa,3,historico feriado (poucos dados),3.0
C17SC007493,9,,feriado,0.0,0.0,0.01,0.0,0.0,normal,normal,baixa,3,historico feriado (poucos dados),3.0
C17SC007493,10,,feriado,0.0,0.0,0.01,0.0,0.0,normal,normal,baixa,3,historico feriado (poucos dados),3.0
C17SC007493,11,,feriado,0.0,0.0,0.01,0.0,0.0,normal,normal,baixa,3,historico feriado (poucos dados),3.0
C17SC007493,12,,feriado,0.0,0.0,0.01,0.0,0.0,normal,normal,baixa,3,historico feriado (poucos dados),3.0
C17SC007493,13,,feriado,0.0,0.0,0.01,0.0,0.0,normal,normal,baixa,3,historico feriado (poucos dados),3.0
C17SC007493,14,,feriado,0.0,0.0,0.01,0.0,0.0,normal,normal,baixa,3,historico feriado (poucos dados),3.0
C17SC007493,15,,feriado,0.0,0.0,0.01,0.0,0.0,normal,normal,baixa,3,historico feriado (poucos dados),3.0
C17SC007493,16,,feriado,0.0,0.0,0.01,0.0,0.0,normal,normal,baixa,3,historico feriado (poucos dados),3.0
C17SC007493,17,,feriado,0.0,0.0,0.01,0.0,0.0,normal,normal,baixa,3,historico feriado (poucos dados),3.0
C17SC007493,18,,feriado,0.0,0.0,0.01,0.0,0.0,normal,normal,baixa,3,historico feriado (poucos dados),3.0
C17SC007493,19,,feriado,0.0,0.0,0.01,0.0,0.0,normal,normal,baixa,3,historico feriado (poucos dados),3.0
C17SC007493,20,,feriado,0.0,0.0,0.01,0.0,0.0,normal,normal,baixa,3,historico feriado (poucos dados),3.0
C17SC007493,21,,feriado,0.0,0.0,0.01,0.0,0.0,normal,normal,baixa,3,historico feriado (poucos dados),3.0
C17SC007493,22,,feriado,0.0,0.0,0.01,0.0,0.0,normal,normal,baixa,2,historico feriado (poucos dados),3.0
C17SC007493,23,,feriado,0.0,0.0,0.01,0.0,0.0,normal,normal,baixa,2,historico feriado (poucos dados),3.0
C17SC007494,0,,feriado,0.0,0.0,0.01,0.0,0.0,normal,normal,baixa,3,historico feriado (poucos dados),3.0
C17SC007494,1,,feriado,0.0,0.0,0.01,0.0,0.0,normal,normal,baixa,3,historico feriado (poucos dados),3.0
C17SC007494,2,,feriado,0.0,0.0,0.01,0.0,0.0,normal,normal,baixa,3,historico feriado (poucos dados),3.0
C17SC007494,3,,feriado,0.0,0.0,0.01,0.0,0.0,normal,normal,baixa,3,historico feriado (poucos dados),3.0
C17SC007494,4,,feriado,0.0,0.0,0.01,0.0,0.0,normal,normal,baixa,3,historico feriado (poucos dados),3.0
C17SC007494,5,,feriado,0.0,0.0,0.01,0.0,0.0,normal,normal,baixa,3,historico feriado (poucos dados),3.0
C17SC007494,6,,feriado,0.0,0.0,0.01,0.0,0.0,normal,normal,baixa,3,historico feriado (poucos dados),3.0
C17SC007494,7,,feriado,0.0,0.0,0.01,0.0,0.0,normal,normal,baixa,3,historico feriado (poucos dados),3.0
C17SC007494,8,,feriado,0.0,0.0,0.01,0.0,0.0,normal,normal,baixa,3,historico feriado (poucos dados),3.0
C17SC007494,9,,feriado,0.0,0.0,0.01,0.0,0.0,normal,normal,baixa,3,historico feriado (poucos dados),3.0
C17SC007494,10,,feriado,0.0,0.0,0.01,0.0,0.0,normal,normal,baixa,3,historico feriado (poucos dados),3.0
C17SC007494,11,,feriado,0.0,0.0,0.01,0.0,0.0,normal,normal,baixa,3,historico feriado (poucos dados),3.0
C17SC007494,12,,feriado,0.0,0.0,0.01,0.0,0.0,normal,normal,baixa,3,historico feriado (poucos dados),3.0
C17SC007494,13,,feriado,0.0,0.0,0.01,0.0,0.0,normal,normal,baixa,3,historico feriado (poucos dados),3.0
C17SC007494,14,,feriado,0.0,0.0,0.01,0.0,0.0,normal,normal,baixa,3,historico feriado (poucos dados),3.0
C17SC007494,15,,feriado,0.0,0.0,0.01,0.0,0.0,normal,normal,baixa,3,historico feriado (poucos dados),3.0
C17SC007494,16,,feriado,0.0,0.0,0.01,0.0,0.0,normal,normal,baixa,3,historico feriado (poucos dados),3.0
C17SC007494,17,,feriado,0.0,0.0,0.01,0.0,0.0,normal,normal,baixa,3,historico feriado (poucos dados),3.0
C17SC007494,18,,feriado,0.0,0.0,0.01,0.0,0.0,normal,normal,baixa,3,historico feriado (poucos dados),3.0
C17SC007494,19,,feriado,0.0,0.0,0.01,0.0,0.0,normal,normal,baixa,3,historico feriado (poucos dados),3.0
C17SC007494,20,,feriado,0.0,0.0,0.01,0.0,0.0,normal,normal,baixa,3,historico feriado (poucos dados),3.0
C17SC007494,21,,feriado,0.0,0.0,0.01,0.0,0.0,normal,normal,baixa,3,historico feriado (poucos dados),3.0
C17SC007494,22,,feriado,0.0,0.0,0.01,0.0,0.0,normal,normal,baixa,3,historico feriado (poucos dados),3.0
C17SC007494,23,,feriado,0.0,0.0,0.01,0.0,0.0,normal,normal,baixa,3,historico feriado (poucos dados),3.0
C18LB000167,0,,feriado,0.0,0.0,0.01,0.0,0.0,normal,normal,baixa,2,historico feriado (poucos dados),3.0
C18LB000167,1,,feriado,0.0,0.0,0.01,0.0,0.0,normal,normal,baixa,2,historico feriado (poucos dados),3.0
C18LB000167,2,,feriado,0.0,0.0,0.01,0.0,0.0,normal,normal,baixa,2,historico feriado (poucos dados),3.0
C18LB000167,3,,feriado,0.0,0.0,0.01,0.0,0.0,normal,normal,baixa,2,historico feriado (poucos dados),3.0
C18LB000167,4,,feriado,0.0,0.0,0.01,0.0,0.0,normal,normal,baixa,2,historico feriado (poucos dados),3.0
C18LB000167,5,,feriado,0.0,0.0,0.01,0.0,0.0,normal,normal,baixa,3,historico feriado (poucos dados),3.0
C18LB000167,6,,feriado,0.0,0.0,0.01,0.0,0.0,normal,normal,baixa,3,historico feriado (poucos dados),3.0
C18LB000167,7,,feriado,0.0,0.0,0.01,0.0,0.0,normal,normal,baixa,3,historico feriado (poucos dados),3.0
C18LB000167,8,,feriado,0.0,0.0023,0.01,-0.23,-0.23,normal,normal,baixa,3,historico feriado (poucos dados),3.0
C18LB000167,9,,feriado,0.0,0.001,0.01,-0.1,-0.1,normal,normal,baixa,3,historico feriado (poucos dados),3.0
C18LB000167,10,,feriado,0.0,0.0003,0.01,-0.03,-0.03,normal,normal,baixa,3,historico feriado (poucos dados),3.0
C18LB000167,11,,feriado,0.0,0.0007,0.01,-0.07,-0.07,normal,normal,baixa,3,historico feriado (poucos dados),3.0
C18LB000167,12,,feriado,0.0,0.0007,0.01,-0.07,-0.07,normal,normal,baixa,3,historico feriado (poucos dados),3.0
C18LB000167,13,,feriado,0.0,0.0,0.01,0.0,0.0,normal,normal,baixa,3,historico feriado (poucos dados),3.0
C18LB000167,14,,feriado,0.0,0.0007,0.01,-0.07,-0.07,normal,normal,baixa,3,historico feriado (poucos dados),3.0
C18LB000167,15,,feriado,0.0,0.0,0.01,0.0,0.0,normal,normal,baixa,3,historico feriado (poucos dados),3.0
C18LB000167,16,,feriado,0.0,0.0,0.01,0.0,0.0,normal,normal,baixa,3,historico feriado (poucos dados),3.0
C18LB000167,17,,feriado,0.0,0.0,0.01,0.0,0.0,normal,normal,baixa,2,historico feriado (poucos dados),3.0
C18LB000167,18,,feriado,0.001,0.0,0.01,0.1,0.1,normal,normal,baixa,2,historico feriado (poucos dados),3.0
C18LB000167,19,,feriado,0.001,0.0,0.01,0.1,0.1,normal,normal,baixa,2,historico feriado (poucos dados),3.0
C18LB000167,20,,feriado,0.001,0.0,0.01,0.1,0.1,normal,normal,baixa,2,historico feriado (poucos dados),3.0
C18LB000167,21,,feriado,0.0,0.0,0.01,0.0,0.0,normal,normal,baixa,3,historico feriado (poucos dados),3.0
C18LB000167,22,,feriado,0.0,0.0,0.01,0.0,0.0,normal,normal,baixa,3,historico feriado (poucos dados),3.0
C18LB000167,23,,feriado,0.0,0.0,0.01,0.0,0.0,normal,normal,baixa,3,historico feriado (poucos dados),3.0
C18LB000173,0,,feriado,0.0,0.0,0.01,0.0,0.0,normal,normal,baixa,3,historico feriado (poucos dados),3.0
C18LB000173,1,,feriado,0.0,0.0,0.01,0.0,0.0,normal,normal,baixa,3,historico feriado (poucos dados),3.0
C18LB000173,2,,feriado,0.0,0.0,0.01,0.0,0.0,normal,normal,baixa,3,historico feriado (poucos dados),3.0
C18LB000173,3,,feriado,0.0,0.0,0.01,0.0,0.0,normal,normal,baixa,3,historico feriado (poucos dados),3.0
C18LB000173,4,,feriado,0.0,0.0,0.01,0.0,0.0,normal,normal,baixa,3,historico feriado (poucos dados),3.0
C18LB000173,5,,feriado,0.0,0.0,0.01,0.0,0.0,normal,normal,baixa,3,historico feriado (poucos dados),3.0
C18LB000173,6,,feriado,0.0,0.0,0.01,0.0,0.0,normal,normal,baixa,3,historico feriado (poucos dados),3.0
C18LB000173,7,,feriado,0.0,0.0,0.01,0.0,0.0,normal,normal,baixa,3,historico feriado (poucos dados),3.0
C18LB000173,8,,feriado,0.0,0.0,0.01,0.0,0.0,normal,normal,baixa,3,historico feriado (poucos dados),3.0
C18LB000173,9,,feriado,0.0,0.0,0.01,0.0,0.0,normal,normal,baixa,3,historico feriado (poucos dados),3.0
C18LB000173,10,,feriado,0.0,0.0,0.01,0.0,0.0,normal,normal,baixa,3,historico feriado (poucos dados),3.0
C18LB000173,11,,feriado,0.0,0.0,0.01,0.0,0.0,normal,normal,baixa,3,historico feriado (poucos dados),3.0
C18LB000173,12,,feriado,0.0,0.0,0.01,0.0,0.0,normal,normal,baixa,3,historico feriado (poucos dados),3.0
C18LB000173,13,,feriado,0.0,0.0,0.01,0.0,0.0,normal,normal,baixa,3,historico feriado (poucos dados),3.0
C18LB000173,14,,feriado,0.0,0.0,0.01,0.0,0.0,normal,normal,baixa,3,historico feriado (poucos dados),3.0
C18LB000173,15,,feriado,0.0,0.0,0.01,0.0,0.0,normal,normal,baixa,3,historico feriado (poucos dados),3.0
C18LB000173,16,,feriado,0.0,0.0,0.01,0.0,0.0,normal,normal,baixa,3,historico feriado (poucos dados),3.0
C18LB000173,17,,feriado,0.0,0.0,0.01,0.0,0.0,normal,normal,baixa,3,historico feriado (poucos dados),3.0
C18LB000173,18,,feriado,0.0,0.0,0.01,0.0,0.0,normal,normal,baixa,3,historico feriado (poucos dados),3.0
C18LB000173,19,,feriado,0.0,0.0,0.01,0.0,0.0,normal,normal,baixa,3,historico feriado (poucos dados),3.0
C18LB000173,20,,feriado,0.0,0.0,0.01,0.0,0.0,normal,normal,baixa,3,historico feriado (poucos dados),3.0
C18LB000173,21,,feriado,0.0,0.0,0.01,0.0,0.0,normal,normal,baixa,3,historico feriado (poucos dados),3.0
C18LB000173,22,,feriado,0.0,0.0,0.01,0.0,0.0,normal,normal,baixa,3,historico feriado (poucos dados),3.0
C18LB000173,23,,feriado,0.0,0.0,0.01,0.0,0.0,normal,normal,baixa,3,historico feriado (poucos dados),3.0
C18SC002011N,0,,feriado,0.0,0.0,0.01,0.0,0.0,normal,normal,baixa,3,historico feriado (poucos dados),3.0
C18SC002011N,1,,feriado,0.0,0.0,0.01,0.0,0.0,normal,normal,baixa,3,historico feriado (poucos dados),3.0
C18SC002011N,2,,feriado,0.0,0.0,0.01,0.0,0.0,normal,normal,baixa,3,historico feriado (poucos dados),3.0
C18SC002011N,3,,feriado,0.0,0.0,0.01,0.0,0.0,normal,normal,baixa,3,historico feriado (poucos dados),3.0
C18SC002011N,4,,feriado,0.0,0.0,0.01,0.0,0.0,normal,normal,baixa,3,historico feriado (poucos dados),3.0
C18SC002011N,5,,feriado,0.0,0.0,0.01,0.0,0.0,normal,normal,baixa,3,historico feriado (poucos dados),3.0
C18SC002011N,6,,feriado,0.0,0.0,0.01,0.0,0.0,normal,normal,baixa,3,historico feriado (poucos dados),3.0
C18SC002011N,7,,feriado,0.0,0.0,0.01,0.0,0.0,normal,normal,baixa,3,historico feriado (poucos dados),3.0
C18SC002011N,8,,feriado,0.0,0.0,0.01,0.0,0.0,normal,normal,baixa,3,historico feriado (poucos dados),3.0
C18SC002011N,9,,feriado,0.058,0.0367,0.0155,1.38,1.38,normal,normal,baixa,3,historico feriado (poucos dados),3.0
C18SC002011N,10,,feriado,0.089,0.0727,0.0182,0.9,0.9,normal,normal,baixa,3,historico feriado (poucos dados),3.0
C18SC002011N,11,,feriado,0.05,0.0333,0.0104,1.6,1.6,normal,normal,baixa,3,historico feriado (poucos dados),3.0
C18SC002011N,12,,feriado,0.032,0.023,0.01,0.9,0.9,normal,normal,baixa,3,historico feriado (poucos dados),3.0
C18SC002011N,13,,feriado,0.063,0.0663,0.035,-0.1,-0.1,normal,normal,baixa,3,historico feriado (poucos dados),3.0
C18SC002011N,14,,feriado,0.073,0.015,0.01,5.8,5.8,desvio,acima,baixa,3,historico feriado (poucos dados),3.0
C18SC002011N,15,,feriado,0.088,0.0813,0.026,0.26,0.26,normal,normal,baixa,3,historico feriado (poucos dados),3.0
C18SC002011N,16,,feriado,0.029,0.0433,0.0275,-0.52,-0.52,normal,normal,baixa,3,historico feriado (poucos dados),3.0
C18SC002011N,17,,feriado,0.039,0.0163,0.0142,1.6,1.6,normal,normal,baixa,3,historico feriado (poucos dados),3.0
C18SC002011N,18,,feriado,0.044,0.0313,0.0271,0.47,0.47,normal,normal,baixa,3,historico feriado (poucos dados),3.0
C18SC002011N,19,,feriado,0.044,0.0643,0.0402,-0.51,-0.51,normal,normal,baixa,3,historico feriado (poucos dados),3.0
C18SC002011N,20,,feriado,0.07,0.0473,0.0181,1.25,1.25,normal,normal,baixa,3,historico feriado (poucos dados),3.0
C18SC002011N,21,,feriado,0.058,0.058,0.0185,0.0,0.0,normal,normal,baixa,3,historico feriado (poucos dados),3.0
C18SC002011N,22,,feriado,0.125,0.0493,0.0503,1.5,1.5,normal,normal,baixa,3,historico feriado (poucos dados),3.0
C18SC002011N,23,,feriado,0.016,0.0,0.01,1.6,1.6,normal,normal,baixa,3,historico feriado (poucos dados),3.0
C18SC002021,0,,feriado,0.0,0.0,0.01,0.0,0.0,normal,normal,baixa,3,historico feriado (poucos dados),3.0
C18SC002021,1,,feriado,0.0,0.0,0.01,0.0,0.0,normal,normal,baixa,3,historico feriado (poucos dados),3.0
C18SC002021,2,,feriado,0.0,0.0,0.01,0.0,0.0,normal,normal,baixa,3,historico feriado (poucos dados),3.0
C18SC002021,3,,feriado,0.0,0.0,0.01,0.0,0.0,normal,normal,baixa,3,historico feriado (poucos dados),3.0
C18SC002021,4,,feriado,0.0,0.0,0.01,0.0,0.0,normal,normal,baixa,3,historico feriado (poucos dados),3.0
C18SC002021,5,,feriado,0.0,0.0,0.01,0.0,0.0,normal,normal,baixa,3,historico feriado (poucos dados),3.0
C18SC002021,6,,feriado,0.0,0.0,0.01,0.0,0.0,normal,normal,baixa,3,historico feriado (poucos dados),3.0
C18SC002021,7,,feriado,0.0,0.0,0.01,0.0,0.0,normal,normal,baixa,3,historico feriado (poucos dados),3.0
C18SC002021,8,,feriado,0.0,0.0,0.01,0.0,0.0,normal,normal,baixa,3,historico feriado (poucos dados),3.0
C18SC002021,9,,feriado,0.0,0.0,0.01,0.0,0.0,normal,normal,baixa,3,historico feriado (poucos dados),3.0
C18SC002021,10,,feriado,0.0,0.0,0.01,0.0,0.0,normal,normal,baixa,3,historico feriado (poucos dados),3.0
C18SC002021,11,,feriado,0.0,0.0,0.01,0.0,0.0,normal,normal,baixa,3,historico feriado (poucos dados),3.0
C18SC002021,12,,feriado,0.0,0.0,0.01,0.0,0.0,normal,normal,baixa,3,historico feriado (poucos dados),3.0
C18SC002021,13,,feriado,0.0,0.0,0.01,0.0,0.0,normal,normal,baixa,3,historico feriado (poucos dados),3.0
C18SC002021,14,,feriado,0.0,0.0,0.01,0.0,0.0,normal,normal,baixa,3,historico feriado (poucos dados),3.0
C18SC002021,15,,feriado,0.0,0.0,0.01,0.0,0.0,normal,normal,baixa,3,historico feriado (poucos dados),3.0
C18SC002021,16,,feriado,0.0,0.0,0.01,0.0,0.0,normal,normal,baixa,3,historico feriado (poucos dados),3.0
C18SC002021,17,,feriado,0.0,0.0,0.01,0.0,0.0,normal,normal,baixa,3,historico feriado (poucos dados),3.0
C18SC002021,18,,feriado,0.0,0.0,0.01,0.0,0.0,normal,normal,baixa,3,historico feriado (poucos dados),3.0
C18SC002021,19,,feriado,0.0,0.0,0.01,0.0,0.0,normal,normal,baixa,3,historico feriado (poucos dados),3.0
C18SC002021,20,,feriado,0.0,0.0,0.01,0.0,0.0,normal,normal,baixa,3,historico feriado (poucos dados),3.0
C18SC002021,21,,feriado,0.0,0.0,0.01,0.0,0.0,normal,normal,baixa,3,historico feriado (poucos dados),3.0
C18SC002021,22,,feriado,0.0,0.0,0.01,0.0,0.0,normal,normal,baixa,3,historico feriado (poucos dados),3.0
C18SC002021,23,,feriado,0.0,0.0,0.01,0.0,0.0,normal,normal,baixa,3,historico feriado (poucos dados),3.0
C18SC002022,0,,feriado,0.0,0.0,0.01,0.0,0.0,normal,normal,baixa,3,historico feriado (poucos dados),3.0
C18SC002022,1,,feriado,0.0,0.0,0.01,0.0,0.0,normal,normal,baixa,3,historico feriado (poucos dados),3.0
C18SC002022,2,,feriado,0.0,0.0,0.01,0.0,0.0,normal,normal,baixa,2,historico feriado (poucos dados),3.0
C18SC002022,3,,feriado,0.0,0.0,0.01,0.0,0.0,normal,normal,baixa,2,historico feriado (poucos dados),3.0
C18SC002022,4,,feriado,0.0,0.0,0.01,0.0,0.0,normal,normal,baixa,2,historico feriado (poucos dados),3.0
C18SC002022,5,,feriado,0.0,0.0,0.01,0.0,0.0,normal,normal,baixa,2,historico feriado (poucos dados),3.0
C18SC002022,6,,feriado,0.0,0.0,0.01,0.0,0.0,normal,normal,baixa,2,historico feriado (poucos dados),3.0
C18SC002022,7,,feriado,0.0,0.0,0.01,0.0,0.0,normal,normal,baixa,2,historico feriado (poucos dados),3.0
C18SC002022,8,,feriado,0.0,0.0,0.01,0.0,0.0,normal,normal,baixa,2,historico feriado (poucos dados),3.0
C18SC002022,9,,feriado,0.0,0.0,0.01,0.0,0.0,normal,normal,baixa,2,historico feriado (poucos dados),3.0
C18SC002022,10,,feriado,0.0,0.0,0.01,0.0,0.0,normal,normal,baixa,2,historico feriado (poucos dados),3.0
C18SC002022,11,,feriado,0.0,0.0,0.01,0.0,0.0,normal,normal,baixa,2,historico feriado (poucos dados),3.0
C18SC002022,12,,feriado,0.0,0.0,0.01,0.0,0.0,normal,normal,baixa,2,historico feriado (poucos dados),3.0
C18SC002022,13,,feriado,0.0,0.0,0.01,0.0,0.0,normal,normal,baixa,2,historico feriado (poucos dados),3.0
C18SC002022,14,,feriado,0.0,0.0,0.01,0.0,0.0,normal,normal,baixa,3,historico feriado (poucos dados),3.0
C18SC002022,15,,feriado,0.0,0.0,0.01,0.0,0.0,normal,normal,baixa,3,historico feriado (poucos dados),3.0
C18SC002022,16,,feriado,0.0,0.0,0.01,0.0,0.0,normal,normal,baixa,3,historico feriado (poucos dados),3.0
C18SC002022,17,,feriado,0.0,0.0,0.01,0.0,0.0,normal,normal,baixa,3,historico feriado (poucos dados),3.0
C18SC002022,18,,feriado,0.0,0.0,0.01,0.0,0.0,normal,normal,baixa,3,historico feriado (poucos dados),3.0
C18SC002022,19,,feriado,0.0,0.0,0.01,0.0,0.0,normal,normal,baixa,3,historico feriado (poucos dados),3.0
C18SC002022,20,,feriado,0.0,0.0,0.01,0.0,0.0,normal,normal,baixa,3,historico feriado (poucos dados),3.0
C18SC002022,21,,feriado,0.0,0.0,0.01,0.0,0.0,normal,normal,baixa,3,historico feriado (poucos dados),3.0
C18SC002022,22,,feriado,0.0,0.0,0.01,0.0,0.0,normal,normal,baixa,2,historico feriado (poucos dados),3.0
C18SC002022,23,,feriado,0.0,0.0,0.01,0.0,0.0,normal,normal,baixa,2,historico feriado (poucos dados),3.0
C18SC002034,0,,feriado,0.0,0.0,0.01,0.0,0.0,normal,normal,baixa,3,historico feriado (poucos dados),3.0
C18SC002034,1,,feriado,0.0,0.0,0.01,0.0,0.0,normal,normal,baixa,3,historico feriado (poucos dados),3.0
C18SC002034,3,,feriado,0.0,0.0,0.01,0.0,0.0,normal,normal,baixa,3,historico feriado (poucos dados),3.0
C18SC002034,4,,feriado,0.0,0.0,0.01,0.0,0.0,normal,normal,baixa,3,historico feriado (poucos dados),3.0
C18SC002034,5,,feriado,0.0,0.0,0.01,0.0,0.0,normal,normal,baixa,3,historico feriado (poucos dados),3.0
C18SC002034,6,,feriado,0.0,0.0,0.01,0.0,0.0,normal,normal,baixa,2,historico feriado (poucos dados),3.0
C18SC002034,7,,feriado,0.0,0.0,0.01,0.0,0.0,normal,normal,baixa,3,historico feriado (poucos dados),3.0
C18SC002034,8,,feriado,0.0,0.0,0.01,0.0,0.0,normal,normal,baixa,3,historico feriado (poucos dados),3.0
C18SC002034,9,,feriado,0.0,0.0,0.01,0.0,0.0,normal,normal,baixa,3,historico feriado (poucos dados),3.0
C18SC002034,11,,feriado,0.0,0.0,0.01,0.0,0.0,normal,normal,baixa,3,historico feriado (poucos dados),3.0
C18SC002034,12,,feriado,0.0,0.0,0.01,0.0,0.0,normal,normal,baixa,3,historico feriado (poucos dados),3.0
C18SC002034,13,,feriado,0.0,0.0,0.01,0.0,0.0,normal,normal,baixa,3,historico feriado (poucos dados),3.0
C18SC002034,14,,feriado,0.0,0.0,0.01,0.0,0.0,normal,normal,baixa,2,historico feriado (poucos dados),3.0
C18SC002034,15,,feriado,0.0,0.0,0.01,0.0,0.0,normal,normal,baixa,3,historico feriado (poucos dados),3.0
C18SC002034,16,,feriado,0.0,0.0,0.01,0.0,0.0,normal,normal,baixa,3,historico feriado (poucos dados),3.0
C18SC002034,17,,feriado,0.0,0.0,0.01,0.0,0.0,normal,normal,baixa,3,historico feriado (poucos dados),3.0
C18SC002034,18,,feriado,0.0,0.0,0.01,0.0,0.0,normal,normal,baixa,3,historico feriado (poucos dados),3.0
C18SC002034,19,,feriado,0.0,0.0,0.01,0.0,0.0,normal,normal,baixa,3,historico feriado (poucos dados),3.0
C18SC002034,20,,feriado,0.0,0.0,0.01,0.0,0.0,normal,normal,baixa,3,historico feriado (poucos dados),3.0
C18SC002034,21,,feriado,0.0,0.0,0.01,0.0,0.0,normal,normal,baixa,3,historico feriado (poucos dados),3.0
C18SC002034,22,,feriado,0.0,0.0,0.01,0.0,0.0,normal,normal,baixa,2,historico feriado (poucos dados),3.0
C18SC002034,23,,feriado,0.0,0.0,0.01,0.0,0.0,normal,normal,baixa,3,historico feriado (poucos dados),3.0
C18SC002050U,4,,feriado,0.075,0.109,0.0495,-0.69,-0.69,normal,normal,baixa,2,historico feriado (poucos dados),3.0
C18SC002050U,5,,feriado,0.001,0.006,0.01,-0.5,-0.5,normal,normal,baixa,2,historico feriado (poucos dados),3.0
C18SC002050U,6,,feriado,0.034,0.0195,0.01,1.45,1.45,normal,normal,baixa,2,historico feriado (poucos dados),3.0
C18SC002050U,7,,feriado,0.013,0.0195,0.0148,-0.44,-0.44,normal,normal,baixa,2,historico feriado (poucos dados),3.0
C18SC002050U,8,,feriado,0.019,0.1375,0.0431,-2.75,-2.75,normal,normal,baixa,2,historico feriado (poucos dados),3.0
C18SC002050U,9,,feriado,0.032,0.2225,0.0601,-3.17,-3.17,desvio,abaixo,baixa,2,historico feriado (poucos dados),3.0
C18SC002050U,10,,feriado,0.17,0.2105,0.0672,-0.6,-0.6,normal,normal,baixa,2,historico feriado (poucos dados),3.0
C18SC002050U,11,,feriado,0.142,0.103,0.0792,0.49,0.49,normal,normal,baixa,2,historico feriado (poucos dados),3.0
C18SC002050U,20,,feriado,1.011,0.3111,0.3181,2.2,2.2,normal,normal,baixa,14,fallback (30d recentes),3.0
C18SC002050U,21,,feriado,0.103,0.1736,0.1003,-0.7,-0.7,normal,normal,baixa,14,fallback (30d recentes),3.0
C18SC002050U,22,,feriado,0.048,0.1176,0.0648,-1.07,-1.07,normal,normal,baixa,14,fallback (30d recentes),3.0
C18SC002050U,23,,feriado,0.156,0.0948,0.0789,0.78,0.78,normal,normal,baixa,14,fallback (30d recentes),3.0
C18SC002069,0,,feriado,0.925,0.888,0.222,0.17,0.17,normal,normal,baixa,3,historico feriado (poucos dados),3.0
C18SC002069,1,,feriado,0.929,0.8927,0.2232,0.16,0.16,normal,normal,baixa,3,historico feriado (poucos dados),3.0
C18SC002069,2,,feriado,0.936,0.8973,0.2243,0.17,0.17,normal,normal,baixa,3,historico feriado (poucos dados),3.0
C18SC002069,3,,feriado,0.937,0.898,0.2245,0.17,0.17,normal,normal,baixa,3,historico feriado (poucos dados),3.0
C18SC002069,4,,feriado,0.938,0.901,0.2253,0.16,0.16,normal,normal,baixa,3,historico feriado (poucos dados),3.0
C18SC002069,5,,feriado,0.936,0.9007,0.2252,0.16,0.16,normal,normal,baixa,3,historico feriado (poucos dados),3.0
C18SC002069,6,,feriado,0.935,0.9003,0.2251,0.15,0.15,normal,normal,baixa,3,historico feriado (poucos dados),3.0
C18SC002069,7,,feriado,0.932,0.8953,0.2238,0.16,0.16,normal,normal,baixa,3,historico feriado (poucos dados),3.0
C18SC002069,8,,feriado,0.927,0.8867,0.2217,0.18,0.18,normal,normal,baixa,3,historico feriado (poucos dados),3.0
C18SC002069,9,,feriado,0.912,0.8747,0.2187,0.17,0.17,normal,normal,baixa,3,historico feriado (poucos dados),3.0
C18SC002069,10,,feriado,0.912,0.8713,0.2178,0.19,0.19,normal,normal,baixa,3,historico feriado (poucos dados),3.0
C18SC002069,11,,feriado,0.911,0.869,0.2173,0.19,0.19,normal,normal,baixa,3,historico feriado (poucos dados),3.0
C18SC002069,12,,feriado,0.906,0.8697,0.2174,0.17,0.17,normal,normal,baixa,3,historico feriado (poucos dados),3.0
C18SC002069,13,,feriado,0.907,0.8743,0.2186,0.15,0.15,normal,normal,baixa,3,historico feriado (poucos dados),3.0
C18SC002069,14,,feriado,0.914,0.8783,0.2196,0.16,0.16,normal,normal,baixa,3,historico feriado (poucos dados),3.0
C18SC002069,15,,feriado,0.914,0.8777,0.2194,0.17,0.17,normal,normal,baixa,3,historico feriado (poucos dados),3.0
C18SC002069,16,,feriado,0.921,0.8813,0.2203,0.18,0.18,normal,normal,baixa,3,historico feriado (poucos dados),3.0
C18SC002069,17,,feriado,0.921,0.8803,0.2201,0.18,0.18,normal,normal,baixa,3,historico feriado (poucos dados),3.0
C18SC002069,18,,feriado,0.917,0.876,0.219,0.19,0.19,normal,normal,baixa,3,historico feriado (poucos dados),3.0
C18SC002069,19,,feriado,0.918,0.876,0.219,0.19,0.19,normal,normal,baixa,3,historico feriado (poucos dados),3.0
C18SC002069,20,,feriado,0.915,0.8777,0.2194,0.17,0.17,normal,normal,baixa,3,historico feriado (poucos dados),3.0
C18SC002069,21,,feriado,0.913,0.879,0.2198,0.15,0.15,normal,normal,baixa,3,historico feriado (poucos dados),3.0
C18SC002069,22,,feriado,0.924,0.8843,0.2211,0.18,0.18,normal,normal,baixa,3,historico feriado (poucos dados),3.0
C18SC002069,23,,feriado,0.928,0.89,0.2225,0.17,0.17,normal,normal,baixa,3,historico feriado (poucos dados),3.0
C18SC002074,0,,feriado,0.0,0.0,0.01,0.0,0.0,normal,normal,baixa,2,historico feriado (poucos dados),3.0
C18SC002074,1,,feriado,0.0,0.0,0.01,0.0,0.0,normal,normal,baixa,2,historico feriado (poucos dados),3.0
C18SC002074,2,,feriado,0.0,0.0,0.01,0.0,0.0,normal,normal,baixa,2,historico feriado (poucos dados),3.0
C18SC002074,3,,feriado,0.0,0.0,0.01,0.0,0.0,normal,normal,baixa,3,historico feriado (poucos dados),3.0
C18SC002074,4,,feriado,0.0,0.0,0.01,0.0,0.0,normal,normal,baixa,3,historico feriado (poucos dados),3.0
C18SC002074,5,,feriado,0.0,0.0,0.01,0.0,0.0,normal,normal,baixa,3,historico feriado (poucos dados),3.0
C18SC002074,6,,feriado,0.0,0.0,0.01,0.0,0.0,normal,normal,baixa,3,historico feriado (poucos dados),3.0
C18SC002074,7,,feriado,0.0,0.0,0.01,0.0,0.0,normal,normal,baixa,2,historico feriado (poucos dados),3.0
C18SC002074,8,,feriado,0.0,0.0,0.01,0.0,0.0,normal,normal,baixa,2,historico feriado (poucos dados),3.0
C18SC002074,9,,feriado,0.0,0.0,0.01,0.0,0.0,normal,normal,baixa,2,historico feriado (poucos dados),3.0
C18SC002074,10,,feriado,0.0,0.0,0.01,0.0,0.0,normal,normal,baixa,2,historico feriado (poucos dados),3.0
C18SC002074,15,,feriado,0.0,0.0,0.01,0.0,0.0,normal,normal,baixa,3,historico feriado (poucos dados),3.0
C18SC002074,16,,feriado,0.0,0.0,0.01,0.0,0.0,normal,normal,baixa,3,historico feriado (poucos dados),3.0
C18SC002074,17,,feriado,0.0,0.0,0.01,0.0,0.0,normal,normal,baixa,3,historico feriado (poucos dados),3.0
C18SC002074,18,,feriado,0.0,0.0,0.01,0.0,0.0,normal,normal,baixa,3,historico feriado (poucos dados),3.0
C18SC002074,19,,feriado,0.0,0.0,0.01,0.0,0.0,normal,normal,baixa,3,historico feriado (poucos dados),3.0
C18SC002074,20,,feriado,0.0,0.0,0.01,0.0,0.0,normal,normal,baixa,3,historico feriado (poucos dados),3.0
C18SC002074,21,,feriado,0.0,0.0,0.01,0.0,0.0,normal,normal,baixa,3,historico feriado (poucos dados),3.0
C18SC002074,22,,feriado,0.0,0.0,0.01,0.0,0.0,normal,normal,baixa,3,historico feriado (poucos dados),3.0
C18SC002074,23,,feriado,0.0,0.0,0.01,0.0,0.0,normal,normal,baixa,2,historico feriado (poucos dados),3.0
C18SC002075,0,,feriado,0.0,0.0,0.01,0.0,0.0,normal,normal,baixa,2,historico feriado (poucos dados),3.0
C18SC002075,1,,feriado,0.0,0.0,0.01,0.0,0.0,normal,normal,baixa,2,historico feriado (poucos dados),3.0
C18SC002075,2,,feriado,0.0,0.0,0.01,0.0,0.0,normal,normal,baixa,3,historico feriado (poucos dados),3.0
C18SC002075,3,,feriado,0.0,0.0,0.01,0.0,0.0,normal,normal,baixa,3,historico feriado (poucos dados),3.0
C18SC002075,4,,feriado,0.0,0.0,0.01,0.0,0.0,normal,normal,baixa,3,historico feriado (poucos dados),3.0
C18SC002075,5,,feriado,0.0,0.0,0.01,0.0,0.0,normal,normal,baixa,3,historico feriado (poucos dados),3.0
C18SC002075,6,,feriado,0.0,0.0,0.01,0.0,0.0,normal,normal,baixa,3,historico feriado (poucos dados),3.0
C18SC002075,7,,feriado,0.0,0.0,0.01,0.0,0.0,normal,normal,baixa,3,historico feriado (poucos dados),3.0
C18SC002075,8,,feriado,0.0,0.0,0.01,0.0,0.0,normal,normal,baixa,3,historico feriado (poucos dados),3.0
C18SC002075,9,,feriado,0.0,0.0,0.01,0.0,0.0,normal,normal,baixa,3,historico feriado (poucos dados),3.0
C18SC002075,10,,feriado,0.0,0.0,0.01,0.0,0.0,normal,normal,baixa,3,historico feriado (poucos dados),3.0
C18SC002075,11,,feriado,0.0,0.0,0.01,0.0,0.0,normal,normal,baixa,3,historico feriado (poucos dados),3.0
C18SC002075,12,,feriado,0.0,0.0,0.01,0.0,0.0,normal,normal,baixa,3,historico feriado (poucos dados),3.0
C18SC002075,13,,feriado,0.0,0.0,0.01,0.0,0.0,normal,normal,baixa,3,historico feriado (poucos dados),3.0
C18SC002075,14,,feriado,0.0,0.0,0.01,0.0,0.0,normal,normal,baixa,3,historico feriado (poucos dados),3.0
C18SC002075,15,,feriado,0.0,0.0,0.01,0.0,0.0,normal,normal,baixa,3,historico feriado (poucos dados),3.0
C18SC002075,16,,feriado,0.0,0.0,0.01,0.0,0.0,normal,normal,baixa,3,historico feriado (poucos dados),3.0
C18SC002075,17,,feriado,0.0,0.0,0.01,0.0,0.0,normal,normal,baixa,3,historico feriado (poucos dados),3.0
C18SC002075,18,,feriado,0.0,0.0,0.01,0.0,0.0,normal,normal,baixa,3,historico feriado (poucos dados),3.0
C18SC002075,19,,feriado,0.0,0.0,0.01,0.0,0.0,normal,normal,baixa,3,historico feriado (poucos dados),3.0
C18SC002075,20,,feriado,0.0,0.0,0.01,0.0,0.0,normal,normal,baixa,3,historico feriado (poucos dados),3.0
C18SC002075,21,,feriado,0.0,0.0,0.01,0.0,0.0,normal,normal,baixa,3,historico feriado (poucos dados),3.0
C18SC002075,22,,feriado,0.0,0.0,0.01,0.0,0.0,normal,normal,baixa,3,historico feriado (poucos dados),3.0
C18SC002075,23,,feriado,0.0,0.0,0.01,0.0,0.0,normal,normal,baixa,3,historico feriado (poucos dados),3.0
C18SC002081,0,,feriado,0.0,0.0,0.01,0.0,0.0,normal,normal,baixa,2,historico feriado (poucos dados),3.0
C18SC002082,0,,feriado,0.0,0.0,0.01,0.0,0.0,normal,normal,baixa,3,historico feriado (poucos dados),3.0
C18SC002088,0,,feriado,0.0,0.0,0.01,0.0,0.0,normal,normal,baixa,3,historico feriado (poucos dados),3.0
C18SC002088,1,,feriado,0.0,0.0,0.01,0.0,0.0,normal,normal,baixa,3,historico feriado (poucos dados),3.0
C18SC002088,2,,feriado,0.0,0.0,0.01,0.0,0.0,normal,normal,baixa,3,historico feriado (poucos dados),3.0
C18SC002088,3,,feriado,0.0,0.0,0.01,0.0,0.0,normal,normal,baixa,3,historico feriado (poucos dados),3.0
C18SC002088,4,,feriado,0.0,0.0,0.01,0.0,0.0,normal,normal,baixa,3,historico feriado (poucos dados),3.0
C18SC002088,5,,feriado,0.0,0.0,0.01,0.0,0.0,normal,normal,baixa,3,historico feriado (poucos dados),3.0
C18SC002088,6,,feriado,0.0,0.0,0.01,0.0,0.0,normal,normal,baixa,3,historico feriado (poucos dados),3.0
C18SC002088,7,,feriado,0.0,0.0,0.01,0.0,0.0,normal,normal,baixa,3,historico feriado (poucos dados),3.0
C18SC002088,8,,feriado,0.0,0.0,0.01,0.0,0.0,normal,normal,baixa,3,historico feriado (poucos dados),3.0
C18SC002088,9,,feriado,0.0,0.0,0.01,0.0,0.0,normal,normal,baixa,3,historico feriado (poucos dados),3.0
C18SC002088,10,,feriado,0.0,0.0,0.01,0.0,0.0,normal,normal,baixa,3,historico feriado (poucos dados),3.0
C18SC002088,11,,feriado,0.0,0.0,0.01,0.0,0.0,normal,normal,baixa,2,historico feriado (poucos dados),3.0
C18SC002088,12,,feriado,0.0,0.0,0.01,0.0,0.0,normal,normal,baixa,2,historico feriado (poucos dados),3.0
C18SC002088,13,,feriado,0.0,0.0,0.01,0.0,0.0,normal,normal,baixa,2,historico feriado (poucos dados),3.0
C18SC002088,14,,feriado,0.0,0.0,0.01,0.0,0.0,normal,normal,baixa,2,historico feriado (poucos dados),3.0
C18SC002088,15,,feriado,0.0,0.0,0.01,0.0,0.0,normal,normal,baixa,3,historico feriado (poucos dados),3.0
C18SC002088,16,,feriado,0.0,0.0,0.01,0.0,0.0,normal,normal,baixa,3,historico feriado (poucos dados),3.0
C18SC002088,17,,feriado,0.0,0.0,0.01,0.0,0.0,normal,normal,baixa,3,historico feriado (poucos dados),3.0
C18SC002088,18,,feriado,0.0,0.0,0.01,0.0,0.0,normal,normal,baixa,3,historico feriado (poucos dados),3.0
C18SC002088,19,,feriado,0.0,0.0,0.01,0.0,0.0,normal,normal,baixa,3,historico feriado (poucos dados),3.0
C18SC002088,20,,feriado,0.0,0.0,0.01,0.0,0.0,normal,normal,baixa,3,historico feriado (poucos dados),3.0
C18SC002088,21,,feriado,0.0,0.0,0.01,0.0,0.0,normal,normal,baixa,3,historico feriado (poucos dados),3.0
C18SC002088,22,,feriado,0.0,0.0,0.01,0.0,0.0,normal,normal,baixa,3,historico feriado (poucos dados),3.0
C18SC002088,23,,feriado,0.0,0.0,0.01,0.0,0.0,normal,normal,baixa,3,historico feriado (poucos dados),3.0
C18SC002098,0,,feriado,0.0,0.0,0.01,0.0,0.0,normal,normal,baixa,3,historico feriado (poucos dados),3.0
C18SC002098,1,,feriado,0.0,0.0,0.01,0.0,0.0,normal,normal,baixa,3,historico feriado (poucos dados),3.0
C18SC002098,2,,feriado,0.0,0.0,0.01,0.0,0.0,normal,normal,baixa,3,historico feriado (poucos dados),3.0
C18SC002098,3,,feriado,0.0,0.0,0.01,0.0,0.0,normal,normal,baixa,3,historico feriado (poucos dados),3.0
C18SC002098,4,,feriado,0.0,0.0,0.01,0.0,0.0,normal,normal,baixa,3,historico feriado (poucos dados),3.0
C18SC002098,5,,feriado,0.0,0.0,0.01,0.0,0.0,normal,normal,baixa,3,historico feriado (poucos dados),3.0
C18SC002098,6,,feriado,0.0,0.0,0.01,0.0,0.0,normal,normal,baixa,3,historico feriado (poucos dados),3.0
C18SC002098,7,,feriado,0.0,0.0,0.01,0.0,0.0,normal,normal,baixa,3,historico feriado (poucos dados),3.0
C18SC002098,8,,feriado,0.0,0.0,0.01,0.0,0.0,normal,normal,baixa,3,historico feriado (poucos dados),3.0
C18SC002098,9,,feriado,0.0,0.0,0.01,0.0,0.0,normal,normal,baixa,3,historico feriado (poucos dados),3.0
C18SC002098,10,,feriado,0.0,0.0,0.01,0.0,0.0,normal,normal,baixa,3,historico feriado (poucos dados),3.0
C18SC002098,11,,feriado,0.0,0.0,0.01,0.0,0.0,normal,normal,baixa,3,historico feriado (poucos dados),3.0
C18SC002098,12,,feriado,0.0,0.0,0.01,0.0,0.0,normal,normal,baixa,3,historico feriado (poucos dados),3.0
C18SC002098,13,,feriado,0.0,0.0,0.01,0.0,0.0,normal,normal,baixa,3,historico feriado (poucos dados),3.0
C18SC002098,14,,feriado,0.0,0.0,0.01,0.0,0.0,normal,normal,baixa,3,historico feriado (poucos dados),3.0
C18SC002098,15,,feriado,0.0,0.0,0.01,0.0,0.0,normal,normal,baixa,3,historico feriado (poucos dados),3.0
C18SC002098,16,,feriado,0.0,0.0,0.01,0.0,0.0,normal,normal,baixa,3,historico feriado (poucos dados),3.0
C18SC002098,17,,feriado,0.0,0.0,0.01,0.0,0.0,normal,normal,baixa,3,historico feriado (poucos dados),3.0
C18SC002098,18,,feriado,0.0,0.0,0.01,0.0,0.0,normal,normal,baixa,3,historico feriado (poucos dados),3.0
C18SC002098,19,,feriado,0.0,0.0,0.01,0.0,0.0,normal,normal,baixa,3,historico feriado (poucos dados),3.0
C18SC002098,20,,feriado,0.0,0.0,0.01,0.0,0.0,normal,normal,baixa,3,historico feriado (poucos dados),3.0
C18SC002098,21,,feriado,0.0,0.0,0.01,0.0,0.0,normal,normal,baixa,3,historico feriado (poucos dados),3.0
C18SC002098,22,,feriado,0.0,0.0,0.01,0.0,0.0,normal,normal,baixa,3,historico feriado (poucos dados),3.0
C18SC002098,23,,feriado,0.0,0.0,0.01,0.0,0.0,normal,normal,baixa,3,historico feriado (poucos dados),3.0
C18SC002104,0,,feriado,0.0,0.0,0.01,0.0,0.0,normal,normal,baixa,3,historico feriado (poucos dados),3.0
C18SC002104,1,,feriado,0.0,0.0,0.01,0.0,0.0,normal,normal,baixa,3,historico feriado (poucos dados),3.0
C18SC002104,2,,feriado,0.0,0.0,0.01,0.0,0.0,normal,normal,baixa,3,historico feriado (poucos dados),3.0
C18SC002104,3,,feriado,0.0,0.0,0.01,0.0,0.0,normal,normal,baixa,3,historico feriado (poucos dados),3.0
C18SC002104,4,,feriado,0.0,0.0,0.01,0.0,0.0,normal,normal,baixa,3,historico feriado (poucos dados),3.0
C18SC002104,5,,feriado,0.0,0.0,0.01,0.0,0.0,normal,normal,baixa,3,historico feriado (poucos dados),3.0
C18SC002104,6,,feriado,0.0,0.0,0.01,0.0,0.0,normal,normal,baixa,3,historico feriado (poucos dados),3.0
C18SC002104,7,,feriado,0.0,0.0,0.01,0.0,0.0,normal,normal,baixa,3,historico feriado (poucos dados),3.0
C18SC002104,8,,feriado,0.0,0.0,0.01,0.0,0.0,normal,normal,baixa,3,historico feriado (poucos dados),3.0
C18SC002104,9,,feriado,0.0,0.0,0.01,0.0,0.0,normal,normal,baixa,3,historico feriado (poucos dados),3.0
C18SC002104,10,,feriado,0.0,0.0,0.01,0.0,0.0,normal,normal,baixa,3,historico feriado (poucos dados),3.0
C18SC002104,11,,feriado,0.0,0.0,0.01,0.0,0.0,normal,normal,baixa,27,fallback (30d recentes),3.0
C18SC002104,12,,feriado,0.0,0.0,0.01,0.0,0.0,normal,normal,baixa,27,fallback (30d recentes),3.0
C18SC002104,13,,feriado,0.0,0.0,0.01,0.0,0.0,normal,normal,baixa,27,fallback (30d recentes),3.0
C18SC002104,14,,feriado,0.0,0.0,0.01,0.0,0.0,normal,normal,baixa,27,fallback (30d recentes),3.0
C18SC002104,15,,feriado,0.0,0.0,0.01,0.0,0.0,normal,normal,baixa,2,historico feriado (poucos dados),3.0
C18SC002104,16,,feriado,0.0,0.0,0.01,0.0,0.0,normal,normal,baixa,2,historico feriado (poucos dados),3.0
C18SC002104,17,,feriado,0.0,0.0,0.01,0.0,0.0,normal,normal,baixa,2,historico feriado (poucos dados),3.0
C18SC002104,18,,feriado,0.0,0.0,0.01,0.0,0.0,normal,normal,baixa,2,historico feriado (poucos dados),3.0
C18SC002104,19,,feriado,0.0,0.0,0.01,0.0,0.0,normal,normal,baixa,2,historico feriado (poucos dados),3.0
C18SC002104,20,,feriado,0.0,0.0,0.01,0.0,0.0,normal,normal,baixa,2,historico feriado (poucos dados),3.0
C18SC002104,21,,feriado,0.0,0.0,0.01,0.0,0.0,normal,normal,baixa,2,historico feriado (poucos dados),3.0
C18SC002104,22,,feriado,0.0,0.0,0.01,0.0,0.0,normal,normal,baixa,2,historico feriado (poucos dados),3.0
C18SC002104,23,,feriado,0.0,0.0,0.01,0.0,0.0,normal,normal,baixa,3,historico feriado (poucos dados),3.0
C18SC002113,0,,feriado,0.737,0.8305,0.2076,-0.45,-0.45,normal,normal,baixa,2,historico feriado (poucos dados),3.0
C18SC002113,1,,feriado,0.729,0.767,0.1917,-0.2,-0.2,normal,normal,baixa,2,historico feriado (poucos dados),3.0
C18SC002113,2,,feriado,0.62,0.6655,0.1664,-0.27,-0.27,normal,normal,baixa,2,historico feriado (poucos dados),3.0
C18SC002113,3,,feriado,0.611,0.609,0.1522,0.01,0.01,normal,normal,baixa,2,historico feriado (poucos dados),3.0
C18SC002113,4,,feriado,0.613,1.586,1.7288,-0.56,-0.56,normal,normal,baixa,3,historico feriado (poucos dados),3.0
C18SC002113,5,,feriado,0.681,0.6273,0.1568,0.34,0.34,normal,normal,baixa,3,historico feriado (poucos dados),3.0
C18SC002113,6,,feriado,0.761,0.7217,0.1804,0.22,0.22,normal,normal,baixa,3,historico feriado (poucos dados),3.0
C18SC002113,7,,feriado,0.911,0.984,0.246,-0.3,-0.3,normal,normal,baixa,3,historico feriado (poucos dados),3.0
C18SC002113,9,,feriado,1.143,1.4333,0.3583,-0.81,-0.81,normal,normal,baixa,3,historico feriado (poucos dados),3.0
C18SC002113,10,,feriado,1.451,1.5073,0.3768,-0.15,-0.15,normal,normal,baixa,3,historico feriado (poucos dados),3.0
C18SC002113,11,,feriado,1.328,1.4947,0.3813,-0.44,-0.44,normal,normal,baixa,3,historico feriado (poucos dados),3.0
C18SC002113,12,,feriado,1.412,1.58,0.395,-0.43,-0.43,normal,normal,baixa,2,historico feriado (poucos dados),3.0
C18SC002113,13,,feriado,3.215,1.204,0.301,6.68,6.68,desvio,acima,baixa,2,historico feriado (poucos dados),3.0
C18SC002113,14,,feriado,1.38,1.3105,0.3276,0.21,0.21,normal,normal,baixa,2,historico feriado (poucos dados),3.0
C18SC002113,15,,feriado,1.174,1.13,0.2825,0.16,0.16,normal,normal,baixa,2,historico feriado (poucos dados),3.0
C18SC002113,20,,feriado,6.967,1.443,0.3607,10.0,15.31,desvio,acima,baixa,3,historico feriado (poucos dados),3.0
C18SC002113,21,,feriado,1.229,1.2333,0.3083,-0.01,-0.01,normal,normal,baixa,3,historico feriado (poucos dados),3.0
C18SC002113,22,,feriado,0.976,1.1153,0.2788,-0.5,-0.5,normal,normal,baixa,3,historico feriado (poucos dados),3.0
C18SC002113,23,,feriado,0.879,1.0143,0.2536,-0.53,-0.53,normal,normal,baixa,3,historico feriado (poucos dados),3.0
C18SC005951,0,,feriado,0.0,0.0,0.01,0.0,0.0,normal,normal,baixa,3,historico feriado (poucos dados),3.0
C18SC005951,1,,feriado,0.0,0.0,0.01,0.0,0.0,normal,normal,baixa,3,historico feriado (poucos dados),3.0
C18SC005951,3,,feriado,0.0,0.0,0.01,0.0,0.0,normal,normal,baixa,3,historico feriado (poucos dados),3.0
C18SC005951,4,,feriado,0.0,0.0,0.01,0.0,0.0,normal,normal,baixa,3,historico feriado (poucos dados),3.0
C18SC005951,5,,feriado,0.0,0.0,0.01,0.0,0.0,normal,normal,baixa,3,historico feriado (poucos dados),3.0
C18SC005951,6,,feriado,0.0,0.0,0.01,0.0,0.0,normal,normal,baixa,2,historico feriado (poucos dados),3.0
C18SC005951,11,,feriado,0.0,0.0,0.01,0.0,0.0,normal,normal,baixa,3,historico feriado (poucos dados),3.0
C18SC005951,12,,feriado,0.0,0.0,0.01,0.0,0.0,normal,normal,baixa,3,historico feriado (poucos dados),3.0
C18SC005951,13,,feriado,0.0,0.0,0.01,0.0,0.0,normal,normal,baixa,3,historico feriado (poucos dados),3.0
C18SC005951,14,,feriado,0.0,0.0,0.01,0.0,0.0,normal,normal,baixa,2,historico feriado (poucos dados),3.0
C18SC005951,15,,feriado,0.0,0.0,0.01,0.0,0.0,normal,normal,baixa,3,historico feriado (poucos dados),3.0
C18SC005951,16,,feriado,0.0,0.0,0.01,0.0,0.0,normal,normal,baixa,3,historico feriado (poucos dados),3.0
C18SC005951,17,,feriado,0.0,0.0,0.01,0.0,0.0,normal,normal,baixa,3,historico feriado (poucos dados),3.0
C18SC005951,18,,feriado,0.0,0.0,0.01,0.0,0.0,normal,normal,baixa,3,historico feriado (poucos dados),3.0
C18SC005951,19,,feriado,0.0,0.0,0.01,0.0,0.0,normal,normal,baixa,3,historico feriado (poucos dados),3.0
C18SC005951,20,,feriado,0.0,0.0,0.01,0.0,0.0,normal,normal,baixa,3,historico feriado (poucos dados),3.0
C18SC005951,21,,feriado,0.0,0.0,0.01,0.0,0.0,normal,normal,baixa,3,historico feriado (poucos dados),3.0
C18SC005955,0,,feriado,0.044,0.0,0.01,4.4,4.4,desvio,acima,baixa,3,historico feriado (poucos dados),3.0
C18SC005955,1,,feriado,0.044,0.0,0.01,4.4,4.4,desvio,acima,baixa,3,historico feriado (poucos dados),3.0
C18SC005955,2,,feriado,0.043,0.0,0.01,4.3,4.3,desvio,acima,baixa,3,historico feriado (poucos dados),3.0
C18SC005955,3,,feriado,0.702,0.1983,0.3435,1.47,1.47,normal,normal,baixa,3,historico feriado (poucos dados),3.0
C18SC005955,4,,feriado,0.474,0.1383,0.2396,1.4,1.4,normal,normal,baixa,3,historico feriado (poucos dados),3.0
C18SC005955,5,,feriado,0.046,0.0,0.01,4.6,4.6,desvio,acima,baixa,3,historico feriado (poucos dados),3.0
C18SC005955,6,,feriado,0.046,0.0,0.01,4.6,4.6,desvio,acima,baixa,3,historico feriado (poucos dados),3.0
C18SC005955,7,,feriado,0.046,0.0,0.01,4.6,4.6,desvio,acima,baixa,3,historico feriado (poucos dados),3.0
C18SC005955,8,,feriado,0.046,0.0,0.01,4.6,4.6,desvio,acima,baixa,3,historico feriado (poucos dados),3.0
C18SC005955,9,,feriado,0.046,0.0,0.01,4.6,4.6,desvio,acima,baixa,3,historico feriado (poucos dados),3.0
C18SC005955,10,,feriado,0.045,0.0,0.01,4.5,4.5,desvio,acima,baixa,3,historico feriado (poucos dados),3.0
C18SC005955,11,,feriado,0.045,0.0013,0.01,4.37,4.37,desvio,acima,baixa,3,historico feriado (poucos dados),3.0
C18SC005955,12,,feriado,0.045,0.0,0.01,4.5,4.5,desvio,acima,baixa,3,historico feriado (poucos dados),3.0
C18SC005955,13,,feriado,0.045,0.0,0.01,4.5,4.5,desvio,acima,baixa,3,historico feriado (poucos dados),3.0
C18SC005955,14,,feriado,0.044,0.0,0.01,4.4,4.4,desvio,acima,baixa,3,historico feriado (poucos dados),3.0
C18SC005955,15,,feriado,0.045,0.0,0.01,4.5,4.5,desvio,acima,baixa,3,historico feriado (poucos dados),3.0
C18SC005955,16,,feriado,0.044,0.0,0.01,4.4,4.4,desvio,acima,baixa,3,historico feriado (poucos dados),3.0
C18SC005955,17,,feriado,1.095,0.6383,0.5545,0.82,0.82,normal,normal,baixa,3,historico feriado (poucos dados),3.0
C18SC005955,18,,feriado,0.051,0.0,0.01,5.1,5.1,desvio,acima,baixa,3,historico feriado (poucos dados),3.0
C18SC005955,19,,feriado,0.049,0.0,0.01,4.9,4.9,desvio,acima,baixa,3,historico feriado (poucos dados),3.0
C18SC005955,20,,feriado,0.049,0.0,0.01,4.9,4.9,desvio,acima,baixa,3,historico feriado (poucos dados),3.0
C18SC005955,21,,feriado,0.049,0.0,0.01,4.9,4.9,desvio,acima,baixa,3,historico feriado (poucos dados),3.0
C18SC005955,22,,feriado,0.049,0.0,0.01,4.9,4.9,desvio,acima,baixa,3,historico feriado (poucos dados),3.0
C18SC005955,23,,feriado,0.048,0.0,0.01,4.8,4.8,desvio,acima,baixa,3,historico feriado (poucos dados),3.0
C18SC005956,0,,feriado,0.0,0.0,0.01,0.0,0.0,normal,normal,baixa,3,historico feriado (poucos dados),3.0
C18SC005956,1,,feriado,0.0,0.0,0.01,0.0,0.0,normal,normal,baixa,3,historico feriado (poucos dados),3.0
C18SC005956,2,,feriado,0.0,0.0,0.01,0.0,0.0,normal,normal,baixa,3,historico feriado (poucos dados),3.0
C18SC005956,3,,feriado,0.0,0.0,0.01,0.0,0.0,normal,normal,baixa,3,historico feriado (poucos dados),3.0
C18SC005956,4,,feriado,0.0,0.0,0.01,0.0,0.0,normal,normal,baixa,3,historico feriado (poucos dados),3.0
C18SC005956,5,,feriado,0.0,0.0,0.01,0.0,0.0,normal,normal,baixa,3,historico feriado (poucos dados),3.0
C18SC005956,6,,feriado,0.0,0.0,0.01,0.0,0.0,normal,normal,baixa,3,historico feriado (poucos dados),3.0
C18SC005956,7,,feriado,0.0,0.0,0.01,0.0,0.0,normal,normal,baixa,3,historico feriado (poucos dados),3.0
C18SC005956,8,,feriado,0.0,0.0,0.01,0.0,0.0,normal,normal,baixa,3,historico feriado (poucos dados),3.0
C18SC005956,9,,feriado,0.0,0.0,0.01,0.0,0.0,normal,normal,baixa,3,historico feriado (poucos dados),3.0
C18SC005956,10,,feriado,0.0,0.0,0.01,0.0,0.0,normal,normal,baixa,3,historico feriado (poucos dados),3.0
C18SC005956,11,,feriado,0.0,0.0,0.01,0.0,0.0,normal,normal,baixa,3,historico feriado (poucos dados),3.0
C18SC005956,12,,feriado,0.0,0.0,0.01,0.0,0.0,normal,normal,baixa,3,historico feriado (poucos dados),3.0
C18SC005956,13,,feriado,0.0,0.0,0.01,0.0,0.0,normal,normal,baixa,3,historico feriado (poucos dados),3.0
C18SC005956,14,,feriado,0.0,0.0,0.01,0.0,0.0,normal,normal,baixa,3,historico feriado (poucos dados),3.0
C18SC005956,15,,feriado,0.0,0.0,0.01,0.0,0.0,normal,normal,baixa,3,historico feriado (poucos dados),3.0
C18SC005956,16,,feriado,0.0,0.0,0.01,0.0,0.0,normal,normal,baixa,3,historico feriado (poucos dados),3.0
C18SC005956,17,,feriado,0.0,0.0,0.01,0.0,0.0,normal,normal,baixa,3,historico feriado (poucos dados),3.0
C18SC005956,18,,feriado,0.0,0.0,0.01,0.0,0.0,normal,normal,baixa,3,historico feriado (poucos dados),3.0
C18SC005956,19,,feriado,0.0,0.0,0.01,0.0,0.0,normal,normal,baixa,3,historico feriado (poucos dados),3.0
C18SC005956,20,,feriado,0.0,0.0,0.01,0.0,0.0,normal,normal,baixa,3,historico feriado (poucos dados),3.0
C18SC005956,21,,feriado,0.0,0.0,0.01,0.0,0.0,normal,normal,baixa,3,historico feriado (poucos dados),3.0
C18SC005956,22,,feriado,0.0,0.0,0.01,0.0,0.0,normal,normal,baixa,3,historico feriado (poucos dados),3.0
C18SC005956,23,,feriado,0.0,0.0,0.01,0.0,0.0,normal,normal,baixa,3,historico feriado (poucos dados),3.0
C18SC005960J,0,,feriado,0.033,0.0177,0.01,1.53,1.53,normal,normal,baixa,3,historico feriado (poucos dados),3.0
C18SC005963M,2,,feriado,2.377,1.611,1.9561,0.39,0.39,normal,normal,baixa,3,historico feriado (poucos dados),3.0
C18SC005963M,3,,feriado,0.041,0.0253,0.01,1.57,1.57,normal,normal,baixa,3,historico feriado (poucos dados),3.0
C18SC005963M,4,,feriado,0.033,0.0203,0.01,1.27,1.27,normal,normal,baixa,3,historico feriado (poucos dados),3.0
C18SC005963M,5,,feriado,0.018,0.014,0.01,0.4,0.4,normal,normal,baixa,3,historico feriado (poucos dados),3.0
C18SC005963M,6,,feriado,0.019,0.0135,0.01,0.55,0.55,normal,normal,baixa,2,historico feriado (poucos dados),3.0
C18SC005963M,7,,feriado,0.044,0.015,0.01,2.9,2.9,normal,normal,baixa,2,historico feriado (poucos dados),3.0
C18SC005963M,8,,feriado,0.302,0.2075,0.1011,0.93,0.93,normal,normal,baixa,2,historico feriado (poucos dados),3.0
C18SC005963M,9,,feriado,0.238,0.403,0.1008,-1.64,-1.64,normal,normal,baixa,2,historico feriado (poucos dados),3.0
C18SC005963M,14,,feriado,1.618,0.5585,0.1987,5.33,5.33,desvio,acima,baixa,2,historico feriado (poucos dados),3.0
C18SC005963M,15,,feriado,0.328,0.504,0.2828,-0.62,-0.62,normal,normal,baixa,2,historico feriado (poucos dados),3.0
C18SC005963M,16,,feriado,0.381,0.5205,0.1301,-1.07,-1.07,normal,normal,baixa,2,historico feriado (poucos dados),3.0
C18SC005963M,17,,feriado,0.189,0.453,0.1133,-2.33,-2.33,normal,normal,baixa,2,historico feriado (poucos dados),3.0
C18SC005963M,18,,feriado,0.205,0.6563,0.6692,-0.67,-0.67,normal,normal,baixa,3,historico feriado (poucos dados),3.0
C18SC005963M,19,,feriado,0.288,0.3773,0.0943,-0.95,-0.95,normal,normal,baixa,3,historico feriado (poucos dados),3.0
C18SC005963M,20,,feriado,0.387,0.3967,0.19,-0.05,-0.05,normal,normal,baixa,3,historico feriado (poucos dados),3.0
C18SC005963M,21,,feriado,0.458,0.358,0.0895,1.12,1.12,normal,normal,baixa,3,historico feriado (poucos dados),3.0
C18SC005963M,22,,feriado,0.339,0.4324,0.4313,-0.22,-0.22,normal,normal,baixa,16,fallback (30d recentes),3.0
C18SC005963M,23,,feriado,0.153,0.311,0.0805,-1.96,-1.96,normal,normal,baixa,16,fallback (30d recentes),3.0
C20LB001379,0,,feriado,0.005,0.0033,0.01,0.17,0.17,normal,normal,baixa,3,historico feriado (poucos dados),3.0
C20LB001379,1,,feriado,0.004,0.0033,0.01,0.07,0.07,normal,normal,baixa,3,historico feriado (poucos dados),3.0
C20LB001379,2,,feriado,0.004,0.0037,0.01,0.03,0.03,normal,normal,baixa,3,historico feriado (poucos dados),3.0
C20LB001379,3,,feriado,0.004,0.0037,0.01,0.03,0.03,normal,normal,baixa,3,historico feriado (poucos dados),3.0
C20LB001379,4,,feriado,0.004,0.0033,0.01,0.07,0.07,normal,normal,baixa,3,historico feriado (poucos dados),3.0
C20LB001379,5,,feriado,0.003,0.003,0.01,-0.0,-0.0,normal,normal,baixa,3,historico feriado (poucos dados),3.0
C20LB001379,6,,feriado,0.005,0.0037,0.01,0.13,0.13,normal,normal,baixa,3,historico feriado (poucos dados),3.0
C20LB001379,7,,feriado,0.004,0.0037,0.01,0.03,0.03,normal,normal,baixa,3,historico feriado (poucos dados),3.0
C20LB001379,8,,feriado,0.005,0.0037,0.01,0.13,0.13,normal,normal,baixa,3,historico feriado (poucos dados),3.0
C20LB001379,9,,feriado,0.004,0.0033,0.01,0.07,0.07,normal,normal,baixa,3,historico feriado (poucos dados),3.0
C20LB001379,10,,feriado,0.005,0.0027,0.01,0.23,0.23,normal,normal,baixa,3,historico feriado (poucos dados),3.0
C20LB001379,11,,feriado,0.004,0.0027,0.01,0.13,0.13,normal,normal,baixa,3,historico feriado (poucos dados),3.0
C20LB001379,12,,feriado,0.004,0.003,0.01,0.1,0.1,normal,normal,baixa,3,historico feriado (poucos dados),3.0
C20LB001379,13,,feriado,0.004,0.0033,0.01,0.07,0.07,normal,normal,baixa,3,historico feriado (poucos dados),3.0
C20LB001379,14,,feriado,0.005,0.003,0.01,0.2,0.2,normal,normal,baixa,3,historico feriado (poucos dados),3.0
C20LB001379,15,,feriado,0.004,0.003,0.01,0.1,0.1,normal,normal,baixa,3,historico feriado (poucos dados),3.0
C20LB001379,16,,feriado,0.004,0.003,0.01,0.1,0.1,normal,normal,baixa,3,historico feriado (poucos dados),3.0
C20LB001379,17,,feriado,0.005,0.0037,0.01,0.13,0.13,normal,normal,baixa,3,historico feriado (poucos dados),3.0
C20LB001379,18,,feriado,0.004,0.003,0.01,0.1,0.1,normal,normal,baixa,3,historico feriado (poucos dados),3.0
C20LB001379,19,,feriado,0.005,0.0033,0.01,0.17,0.17,normal,normal,baixa,3,historico feriado (poucos dados),3.0
C20LB001379,20,,feriado,0.004,0.0027,0.01,0.13,0.13,normal,normal,baixa,3,historico feriado (poucos dados),3.0
C20LB001379,21,,feriado,0.005,0.003,0.01,0.2,0.2,normal,normal,baixa,2,historico feriado (poucos dados),3.0
C20LB001379,22,,feriado,0.004,0.002,0.01,0.2,0.2,normal,normal,baixa,2,historico feriado (poucos dados),3.0
C20LB001379,23,,feriado,0.005,0.0025,0.01,0.25,0.25,normal,normal,baixa,2,historico feriado (poucos dados),3.0
C21FE001327,0,,feriado,0.0,0.0,0.01,0.0,0.0,normal,normal,baixa,3,historico feriado (poucos dados),3.0
C21FE001327,1,,feriado,0.0,0.0,0.01,0.0,0.0,normal,normal,baixa,3,historico feriado (poucos dados),3.0
C21FE001327,2,,feriado,0.0,0.0,0.01,0.0,0.0,normal,normal,baixa,3,historico feriado (poucos dados),3.0
C21FE001327,3,,feriado,0.0,0.0,0.01,0.0,0.0,normal,normal,baixa,3,historico feriado (poucos dados),3.0
C21FE001327,4,,feriado,0.0,0.0,0.01,0.0,0.0,normal,normal,baixa,3,historico feriado (poucos dados),3.0
C21FE001327,5,,feriado,0.0,0.0,0.01,0.0,0.0,normal,normal,baixa,3,historico feriado (poucos dados),3.0
C21FE001327,6,,feriado,0.0,0.0,0.01,0.0,0.0,normal,normal,baixa,3,historico feriado (poucos dados),3.0
C21FE001327,7,,feriado,0.0,0.0,0.01,0.0,0.0,normal,normal,baixa,3,historico feriado (poucos dados),3.0
C21FE001327,8,,feriado,0.0,0.0,0.01,0.0,0.0,normal,normal,baixa,3,historico feriado (poucos dados),3.0
C21FE001327,9,,feriado,0.0,0.0,0.01,0.0,0.0,normal,normal,baixa,3,historico feriado (poucos dados),3.0
C21FE001327,10,,feriado,0.0,0.0,0.01,0.0,0.0,normal,normal,baixa,3,historico feriado (poucos dados),3.0
C21FE001327,11,,feriado,0.0,0.0,0.01,0.0,0.0,normal,normal,baixa,3,historico feriado (poucos dados),3.0
C21FE001327,12,,feriado,0.0,0.0,0.01,0.0,0.0,normal,normal,baixa,3,historico feriado (poucos dados),3.0
C21FE001327,13,,feriado,0.0,0.0,0.01,0.0,0.0,normal,normal,baixa,3,historico feriado (poucos dados),3.0
C21FE001327,14,,feriado,0.0,0.0,0.01,0.0,0.0,normal,normal,baixa,3,historico feriado (poucos dados),3.0
C21FE001327,15,,feriado,0.0,0.0,0.01,0.0,0.0,normal,normal,baixa,3,historico feriado (poucos dados),3.0
C21FE001327,16,,feriado,0.0,0.0,0.01,0.0,0.0,normal,normal,baixa,3,historico feriado (poucos dados),3.0
C21FE001327,17,,feriado,0.0,0.0,0.01,0.0,0.0,normal,normal,baixa,3,historico feriado (poucos dados),3.0
C21FE001327,18,,feriado,0.0,0.0,0.01,0.0,0.0,normal,normal,baixa,3,historico feriado (poucos dados),3.0
C21FE001327,19,,feriado,0.0,0.0,0.01,0.0,0.0,normal,normal,baixa,3,historico feriado (poucos dados),3.0
C21FE001327,20,,feriado,0.0,0.0,0.01,0.0,0.0,normal,normal,baixa,3,historico feriado (poucos dados),3.0
C21FE001327,21,,feriado,0.0,0.0,0.01,0.0,0.0,normal,normal,baixa,3,historico feriado (poucos dados),3.0
C21FE001327,22,,feriado,0.0,0.0,0.01,0.0,0.0,normal,normal,baixa,3,historico feriado (poucos dados),3.0
C21FE001327,23,,feriado,0.0,0.0,0.01,0.0,0.0,normal,normal,baixa,3,historico feriado (poucos dados),3.0
C21FE004002H,0,,feriado,0.114,0.0377,0.011,6.96,6.96,desvio,acima,baixa,3,historico feriado (poucos dados),3.0
C21FE004002H,1,,feriado,0.124,0.065,0.0279,2.12,2.12,normal,normal,baixa,3,historico feriado (poucos dados),3.0
C21FE004002H,2,,feriado,0.05,0.0033,0.01,4.67,4.67,desvio,acima,baixa,3,historico feriado (poucos dados),3.0
C21FE004002H,3,,feriado,0.008,0.007,0.01,0.1,0.1,normal,normal,baixa,3,historico feriado (poucos dados),3.0
C21FE004002H,4,,feriado,0.005,0.0063,0.01,-0.13,-0.13,normal,normal,baixa,3,historico feriado (poucos dados),3.0
C21FE004002H,5,,feriado,0.004,0.0027,0.01,0.13,0.13,normal,normal,baixa,3,historico feriado (poucos dados),3.0
C21FE004002H,6,,feriado,0.015,0.002,0.01,1.3,1.3,normal,normal,baixa,3,historico feriado (poucos dados),3.0
C21FE004002H,7,,feriado,0.009,0.0023,0.01,0.67,0.67,normal,normal,baixa,3,historico feriado (poucos dados),3.0
C21FE004002H,8,,feriado,0.006,0.0033,0.01,0.27,0.27,normal,normal,baixa,3,historico feriado (poucos dados),3.0
C21FE004002H,9,,feriado,0.008,0.0037,0.01,0.43,0.43,normal,normal,baixa,3,historico feriado (poucos dados),3.0
C21FE004002H,10,,feriado,0.005,0.0053,0.01,-0.03,-0.03,normal,normal,baixa,3,historico feriado (poucos dados),3.0
C21FE004002H,11,,feriado,0.041,0.014,0.02,1.35,1.35,normal,normal,baixa,3,historico feriado (poucos dados),3.0
C21FE004002H,12,,feriado,0.066,0.0197,0.0254,1.82,1.82,normal,normal,baixa,3,historico feriado (poucos dados),3.0
C21FE004002H,13,,feriado,0.033,0.038,0.02,-0.25,-0.25,normal,normal,baixa,3,historico feriado (poucos dados),3.0
C21FE004002H,14,,feriado,0.068,0.055,0.0167,0.78,0.78,normal,normal,baixa,3,historico feriado (poucos dados),3.0
C21FE004002H,15,,feriado,0.121,0.0513,0.0128,5.43,5.43,desvio,acima,baixa,3,historico feriado (poucos dados),3.0
C21FE004002H,16,,feriado,0.109,0.0937,0.0738,0.21,0.21,normal,normal,baixa,3,historico feriado (poucos dados),3.0
C21FE004002H,17,,feriado,0.067,0.0853,0.033,-0.56,-0.56,normal,normal,baixa,3,historico feriado (poucos dados),3.0
C21FE004002H,18,,feriado,0.066,0.076,0.0295,-0.34,-0.34,normal,normal,baixa,3,historico feriado (poucos dados),3.0
C21FE004002H,19,,feriado,0.057,0.1003,0.0343,-1.26,-1.26,normal,normal,baixa,3,historico feriado (poucos dados),3.0
C21FE004002H,20,,feriado,0.052,0.054,0.0135,-0.15,-0.15,normal,normal,baixa,3,historico feriado (poucos dados),3.0
C21FE004002H,21,,feriado,0.028,0.0163,0.0153,0.76,0.76,normal,normal,baixa,3,historico feriado (poucos dados),3.0
C21FE004002H,22,,feriado,0.024,0.022,0.01,0.2,0.2,normal,normal,baixa,3,historico feriado (poucos dados),3.0
C21FE004002H,23,,feriado,0.01,0.0373,0.01,-2.73,-2.73,normal,normal,baixa,3,historico feriado (poucos dados),3.0
C21FE004003I,0,,feriado,0.0,0.0,0.01,0.0,0.0,normal,normal,baixa,3,historico feriado (poucos dados),3.0
C21FE004003I,1,,feriado,0.0,0.0,0.01,0.0,0.0,normal,normal,baixa,3,historico feriado (poucos dados),3.0
C21FE004003I,2,,feriado,0.0,0.0,0.01,0.0,0.0,normal,normal,baixa,3,historico feriado (poucos dados),3.0
C21FE004003I,3,,feriado,0.0,0.0,0.01,0.0,0.0,normal,normal,baixa,3,historico feriado (poucos dados),3.0
C21FE004003I,4,,feriado,0.0,0.0,0.01,0.0,0.0,normal,normal,baixa,3,historico feriado (poucos dados),3.0
C21FE004003I,5,,feriado,0.0,0.0,0.01,0.0,0.0,normal,normal,baixa,3,historico feriado (poucos dados),3.0
C21FE004003I,6,,feriado,0.0,0.0,0.01,0.0,0.0,normal,normal,baixa,2,historico feriado (poucos dados),3.0
C21FE004003I,7,,feriado,0.0,0.0,0.01,0.0,0.0,normal,normal,baixa,2,historico feriado (poucos dados),3.0
C21FE004003I,8,,feriado,0.0,0.0,0.01,0.0,0.0,normal,normal,baixa,2,historico feriado (poucos dados),3.0
C21FE004003I,9,,feriado,0.0,0.0,0.01,0.0,0.0,normal,normal,baixa,2,historico feriado (poucos dados),3.0
C21FE004003I,10,,feriado,0.0,0.0,0.01,0.0,0.0,normal,normal,baixa,2,historico feriado (poucos dados),3.0
C21FE004003I,11,,feriado,0.0,0.0,0.01,0.0,0.0,normal,normal,baixa,2,historico feriado (poucos dados),3.0
C21FE004003I,12,,feriado,0.0,0.0,0.01,0.0,0.0,normal,normal,baixa,2,historico feriado (poucos dados),3.0
C21FE004003I,13,,feriado,0.0,0.0,0.01,0.0,0.0,normal,normal,baixa,2,historico feriado (poucos dados),3.0
C21FE004003I,14,,feriado,0.0,0.0,0.01,0.0,0.0,normal,normal,baixa,3,historico feriado (poucos dados),3.0
C21FE004003I,15,,feriado,0.0,0.0,0.01,0.0,0.0,normal,normal,baixa,3,historico feriado (poucos dados),3.0
C21FE004003I,16,,feriado,0.0,0.0,0.01,0.0,0.0,normal,normal,baixa,3,historico feriado (poucos dados),3.0
C21FE004003I,17,,feriado,0.0,0.0,0.01,0.0,0.0,normal,normal,baixa,3,historico feriado (poucos dados),3.0
C21FE004003I,18,,feriado,0.0,0.0,0.01,0.0,0.0,normal,normal,baixa,3,historico feriado (poucos dados),3.0
C21FE004003I,19,,feriado,0.0,0.0,0.01,0.0,0.0,normal,normal,baixa,3,historico feriado (poucos dados),3.0
C21FE004003I,20,,feriado,0.0,0.0,0.01,0.0,0.0,normal,normal,baixa,3,historico feriado (poucos dados),3.0
C21FE004003I,21,,feriado,0.0,0.0,0.01,0.0,0.0,normal,normal,baixa,3,historico feriado (poucos dados),3.0
C21FE010286W,0,,feriado,0.0,0.0,0.01,0.0,0.0,normal,normal,baixa,3,historico feriado (poucos dados),3.0
C21FE010286W,1,,feriado,0.0,0.0,0.01,0.0,0.0,normal,normal,baixa,3,historico feriado (poucos dados),3.0
C21FE010286W,2,,feriado,0.0,0.0,0.01,0.0,0.0,normal,normal,baixa,3,historico feriado (poucos dados),3.0
C21FE010286W,3,,feriado,0.0,0.0,0.01,0.0,0.0,normal,normal,baixa,3,historico feriado (poucos dados),3.0
C21FE010286W,4,,feriado,0.0,0.0,0.01,0.0,0.0,normal,normal,baixa,3,historico feriado (poucos dados),3.0
C21FE010286W,5,,feriado,0.0,0.0,0.01,0.0,0.0,normal,normal,baixa,3,historico feriado (poucos dados),3.0
C21FE010286W,6,,feriado,0.0,0.0,0.01,0.0,0.0,normal,normal,baixa,3,historico feriado (poucos dados),3.0
C21FE010286W,7,,feriado,0.0,0.0,0.01,0.0,0.0,normal,normal,baixa,3,historico feriado (poucos dados),3.0
C21FE010286W,8,,feriado,0.0,0.0,0.01,0.0,0.0,normal,normal,baixa,3,historico feriado (poucos dados),3.0
C21FE010286W,9,,feriado,0.0,0.0,0.01,0.0,0.0,normal,normal,baixa,3,historico feriado (poucos dados),3.0
C21FE010286W,10,,feriado,0.0,0.0,0.01,0.0,0.0,normal,normal,baixa,3,historico feriado (poucos dados),3.0
C21FE010286W,11,,feriado,0.0,0.0,0.01,0.0,0.0,normal,normal,baixa,3,historico feriado (poucos dados),3.0
C21FE010286W,12,,feriado,0.0,0.0,0.01,0.0,0.0,normal,normal,baixa,3,historico feriado (poucos dados),3.0
C21FE010286W,13,,feriado,0.0,0.0,0.01,0.0,0.0,normal,normal,baixa,3,historico feriado (poucos dados),3.0
C21FE010286W,14,,feriado,0.0,0.0,0.01,0.0,0.0,normal,normal,baixa,3,historico feriado (poucos dados),3.0
C21FE010286W,15,,feriado,0.0,0.0,0.01,0.0,0.0,normal,normal,baixa,3,historico feriado (poucos dados),3.0
C21FE010286W,16,,feriado,0.0,0.0,0.01,0.0,0.0,normal,normal,baixa,3,historico feriado (poucos dados),3.0
C21FE010286W,17,,feriado,0.0,0.0,0.01,0.0,0.0,normal,normal,baixa,3,historico feriado (poucos dados),3.0
C21FE010286W,18,,feriado,0.0,0.0,0.01,0.0,0.0,normal,normal,baixa,3,historico feriado (poucos dados),3.0
C21FE010286W,19,,feriado,0.0,0.0,0.01,0.0,0.0,normal,normal,baixa,3,historico feriado (poucos dados),3.0
C21FE010286W,20,,feriado,0.0,0.0,0.01,0.0,0.0,normal,normal,baixa,3,historico feriado (poucos dados),3.0
C21FE010286W,21,,feriado,0.0,0.0,0.01,0.0,0.0,normal,normal,baixa,3,historico feriado (poucos dados),3.0
C21FE010286W,22,,feriado,0.0,0.0,0.01,0.0,0.0,normal,normal,baixa,3,historico feriado (poucos dados),3.0
C21FE010286W,23,,feriado,0.0,0.0,0.01,0.0,0.0,normal,normal,baixa,3,historico feriado (poucos dados),3.0
C21FE010289Z,0,,feriado,0.359,1.0493,0.7509,-0.92,-0.92,normal,normal,baixa,3,historico feriado (poucos dados),3.0
C21FE010289Z,1,,feriado,0.365,1.0703,0.7618,-0.93,-0.93,normal,normal,baixa,3,historico feriado (poucos dados),3.0
C21FE010289Z,2,,feriado,0.375,1.0927,0.7683,-0.93,-0.93,normal,normal,baixa,3,historico feriado (poucos dados),3.0
C21FE010289Z,3,,feriado,0.379,1.1027,0.7719,-0.94,-0.94,normal,normal,baixa,3,historico feriado (poucos dados),3.0
C21FE010289Z,4,,feriado,0.38,1.1073,0.7734,-0.94,-0.94,normal,normal,baixa,3,historico feriado (poucos dados),3.0
C21FE010289Z,5,,feriado,0.382,1.1147,0.7713,-0.95,-0.95,normal,normal,baixa,3,historico feriado (poucos dados),3.0
C21FE010289Z,6,,feriado,0.387,1.1123,0.7754,-0.94,-0.94,normal,normal,baixa,3,historico feriado (poucos dados),3.0
C21FE010289Z,7,,feriado,0.382,1.1077,0.7762,-0.93,-0.93,normal,normal,baixa,3,historico feriado (poucos dados),3.0
C21FE010289Z,8,,feriado,0.371,1.1427,0.6741,-1.14,-1.14,normal,normal,baixa,3,historico feriado (poucos dados),3.0
C21FE010289Z,9,,feriado,0.579,1.1717,0.5802,-1.02,-1.02,normal,normal,baixa,3,historico feriado (poucos dados),3.0
C21FE010289Z,10,,feriado,0.391,1.1367,0.6261,-1.19,-1.19,normal,normal,baixa,3,historico feriado (poucos dados),3.0
C21FE010289Z,11,,feriado,0.318,1.247,0.7888,-1.18,-1.18,normal,normal,baixa,3,historico feriado (poucos dados),3.0
C21FE010289Z,12,,feriado,0.311,1.0987,0.6793,-1.16,-1.16,normal,normal,baixa,3,historico feriado (poucos dados),3.0
C21FE010289Z,13,,feriado,0.327,1.036,0.6848,-1.04,-1.04,normal,normal,baixa,3,historico feriado (poucos dados),3.0
C21FE010289Z,14,,feriado,0.32,0.999,0.7335,-0.93,-0.93,normal,normal,baixa,3,historico feriado (poucos dados),3.0
C21FE010289Z,15,,feriado,0.343,1.1463,0.7391,-1.09,-1.09,normal,normal,baixa,3,historico feriado (poucos dados),3.0
C21FE010289Z,16,,feriado,0.367,1.2867,0.8288,-1.11,-1.11,normal,normal,baixa,3,historico feriado (poucos dados),3.0
C21FE010289Z,17,,feriado,0.384,1.4063,0.9411,-1.09,-1.09,normal,normal,baixa,3,historico feriado (poucos dados),3.0
C21FE010289Z,18,,feriado,0.376,1.312,0.8448,-1.11,-1.11,normal,normal,baixa,3,historico feriado (poucos dados),3.0
C21FE010289Z,19,,feriado,0.37,1.4027,0.9503,-1.09,-1.09,normal,normal,baixa,3,historico feriado (poucos dados),3.0
C21FE010289Z,20,,feriado,0.323,1.1883,0.7798,-1.11,-1.11,normal,normal,baixa,3,historico feriado (poucos dados),3.0
C21FE010289Z,21,,feriado,0.324,1.0837,0.7361,-1.03,-1.03,normal,normal,baixa,3,historico feriado (poucos dados),3.0
C21FE010289Z,22,,feriado,0.332,1.0933,0.7656,-0.99,-0.99,normal,normal,baixa,3,historico feriado (poucos dados),3.0
C21FE010289Z,23,,feriado,0.843,1.296,0.4619,-0.98,-0.98,normal,normal,baixa,3,historico feriado (poucos dados),3.0
C22FC001476U,0,,feriado,0.0,0.0,0.01,0.0,0.0,normal,normal,baixa,3,historico feriado (poucos dados),3.0
C22FC001476U,1,,feriado,0.0,0.0,0.01,0.0,0.0,normal,normal,baixa,3,historico feriado (poucos dados),3.0
C22FC001476U,2,,feriado,0.0,0.0,0.01,0.0,0.0,normal,normal,baixa,3,historico feriado (poucos dados),3.0
C22FC001476U,3,,feriado,0.0,0.0,0.01,0.0,0.0,normal,normal,baixa,3,historico feriado (poucos dados),3.0
C22FC001476U,4,,feriado,0.0,0.0,0.01,0.0,0.0,normal,normal,baixa,3,historico feriado (poucos dados),3.0
C22FC001476U,5,,feriado,0.0,0.0,0.01,0.0,0.0,normal,normal,baixa,3,historico feriado (poucos dados),3.0
C22FC001476U,6,,feriado,0.0,0.0,0.01,0.0,0.0,normal,normal,baixa,3,historico feriado (poucos dados),3.0
C22FC001476U,7,,feriado,0.0,0.0,0.01,0.0,0.0,normal,normal,baixa,3,historico feriado (poucos dados),3.0
C22FC001476U,8,,feriado,0.0,0.0,0.01,0.0,0.0,normal,normal,baixa,3,historico feriado (poucos dados),3.0
C22FC001476U,9,,feriado,0.0,0.0,0.01,0.0,0.0,normal,normal,baixa,3,historico feriado (poucos dados),3.0
C22FC001476U,10,,feriado,0.0,0.0,0.01,0.0,0.0,normal,normal,baixa,3,historico feriado (poucos dados),3.0
C22FC001476U,11,,feriado,0.0,0.0,0.01,0.0,0.0,normal,normal,baixa,3,historico feriado (poucos dados),3.0
C22FC001476U,12,,feriado,0.0,0.0,0.01,0.0,0.0,normal,normal,baixa,3,historico feriado (poucos dados),3.0
C22FC001476U,13,,feriado,0.0,0.0,0.01,0.0,0.0,normal,normal,baixa,3,historico feriado (poucos dados),3.0
C22FC001476U,14,,feriado,0.0,0.0,0.01,0.0,0.0,normal,normal,baixa,3,historico feriado (poucos dados),3.0
C22FC001476U,15,,feriado,0.0,0.0,0.01,0.0,0.0,normal,normal,baixa,3,historico feriado (poucos dados),3.0
C22FC001476U,16,,feriado,0.0,0.0,0.01,0.0,0.0,normal,normal,baixa,3,historico feriado (poucos dados),3.0
C22FC001476U,17,,feriado,0.0,0.0,0.01,0.0,0.0,normal,normal,baixa,3,historico feriado (poucos dados),3.0
C22FC001476U,18,,feriado,0.0,0.0,0.01,0.0,0.0,normal,normal,baixa,3,historico feriado (poucos dados),3.0
C22FC001476U,19,,feriado,0.0,0.0,0.01,0.0,0.0,normal,normal,baixa,3,historico feriado (poucos dados),3.0
C22FC001476U,20,,feriado,0.0,0.0,0.01,0.0,0.0,normal,normal,baixa,3,historico feriado (poucos dados),3.0
C22FC001476U,21,,feriado,0.0,0.0,0.01,0.0,0.0,normal,normal,baixa,3,historico feriado (poucos dados),3.0
C22FC001476U,22,,feriado,0.0,0.0,0.01,0.0,0.0,normal,normal,baixa,3,historico feriado (poucos dados),3.0
C22FC001476U,23,,feriado,0.0,0.0,0.01,0.0,0.0,normal,normal,baixa,3,historico feriado (poucos dados),3.0
C22FC002058K,0,,feriado,0.0,0.0,0.01,0.0,0.0,normal,normal,baixa,2,historico feriado (poucos dados),3.0
C22FC002164L,0,,feriado,0.032,0.9595,1.3216,-0.7,-0.7,normal,normal,baixa,2,historico feriado (poucos dados),3.0
C22FC002164L,1,,feriado,0.021,0.021,0.0156,0.0,0.0,normal,normal,baixa,2,historico feriado (poucos dados),3.0
C22FC002164L,2,,feriado,0.026,0.0345,0.046,-0.18,-0.18,normal,normal,baixa,2,historico feriado (poucos dados),3.0
C22FC002164L,3,,feriado,0.009,0.052,0.0679,-0.63,-0.63,normal,normal,baixa,2,historico feriado (poucos dados),3.0
C22FC002164L,4,,feriado,0.022,0.055,0.0401,-0.82,-0.82,normal,normal,baixa,3,historico feriado (poucos dados),3.0
C22FC002164L,5,,feriado,0.013,0.0393,0.0512,-0.51,-0.51,normal,normal,baixa,3,historico feriado (poucos dados),3.0
C22FC002164L,6,,feriado,0.019,0.0087,0.01,1.03,1.03,normal,normal,baixa,3,historico feriado (poucos dados),3.0
C22FC002164L,7,,feriado,0.036,0.038,0.028,-0.07,-0.07,normal,normal,baixa,3,historico feriado (poucos dados),3.0
C22FC002164L,8,,feriado,0.038,0.076,0.0481,-0.79,-0.79,normal,normal,baixa,2,historico feriado (poucos dados),3.0
C22FC002164L,9,,feriado,0.103,0.0845,0.0211,0.88,0.88,normal,normal,baixa,2,historico feriado (poucos dados),3.0
C22FC002164L,10,,feriado,0.3,0.1705,0.0856,1.51,1.51,normal,normal,baixa,2,historico feriado (poucos dados),3.0
C22FC002164L,11,,feriado,0.112,0.1695,0.0912,-0.63,-0.63,normal,normal,baixa,2,historico feriado (poucos dados),3.0
C22FC002164L,12,,feriado,0.245,0.147,0.0438,2.24,2.24,normal,normal,baixa,2,historico feriado (poucos dados),3.0
C22FC002164L,13,,feriado,0.123,0.0655,0.0164,3.51,3.51,desvio,acima,baixa,2,historico feriado (poucos dados),3.0
C22FC002164L,14,,feriado,0.104,0.1095,0.0274,-0.2,-0.2,normal,normal,baixa,2,historico feriado (poucos dados),3.0
C22FC002164L,15,,feriado,0.113,0.0995,0.0375,0.36,0.36,normal,normal,baixa,2,historico feriado (poucos dados),3.0
C22FC002164L,16,,feriado,0.033,0.1785,0.2405,-0.61,-0.61,normal,normal,baixa,15,fallback (30d recentes),3.0
C22FC002164L,17,,feriado,0.105,0.0744,0.0446,0.69,0.69,normal,normal,baixa,15,fallback (30d recentes),3.0
C22FC002164L,18,,feriado,0.063,0.1553,0.0984,-0.94,-0.94,normal,normal,baixa,15,fallback (30d recentes),3.0
C22FC002164L,19,,feriado,0.096,0.1161,0.0734,-0.27,-0.27,normal,normal,baixa,15,fallback (30d recentes),3.0
C22FC002165M,0,,feriado,0.007,0.0023,0.01,0.47,0.47,normal,normal,baixa,3,historico feriado (poucos dados),3.0
C22FC002165M,1,,feriado,0.064,0.005,0.01,5.9,5.9,desvio,acima,baixa,3,historico feriado (poucos dados),3.0
C22FC002165M,2,,feriado,0.003,0.0027,0.01,0.03,0.03,normal,normal,baixa,3,historico feriado (poucos dados),3.0
C22FC002165M,3,,feriado,0.001,0.0023,0.01,-0.13,-0.13,normal,normal,baixa,3,historico feriado (poucos dados),3.0
C22FC002165M,4,,feriado,0.001,0.001,0.01,0.0,0.0,normal,normal,baixa,3,historico feriado (poucos dados),3.0
C22FC002165M,5,,feriado,0.0,0.001,0.01,-0.1,-0.1,normal,normal,baixa,3,historico feriado (poucos dados),3.0
C22FC002165M,6,,feriado,0.033,0.0103,0.0107,2.12,2.12,normal,normal,baixa,3,historico feriado (poucos dados),3.0
C22FC002165M,7,,feriado,0.052,0.0553,0.0138,-0.24,-0.24,normal,normal,baixa,3,historico feriado (poucos dados),3.0
C22FC002165M,8,,feriado,0.067,0.093,0.0233,-1.12,-1.12,normal,normal,baixa,3,historico feriado (poucos dados),3.0
C22FC002165M,9,,feriado,0.072,0.1183,0.0797,-0.58,-0.58,normal,normal,baixa,3,historico feriado (poucos dados),3.0
C22FC002165M,10,,feriado,0.162,0.068,0.043,2.19,2.19,normal,normal,baixa,3,historico feriado (poucos dados),3.0
C22FC002165M,11,,feriado,0.07,0.101,0.0253,-1.23,-1.23,normal,normal,baixa,2,historico feriado (poucos dados),3.0
C22FC002165M,12,,feriado,0.052,0.1065,0.0266,-2.05,-2.05,normal,normal,baixa,2,historico feriado (poucos dados),3.0
C22FC002165M,13,,feriado,0.081,0.117,0.0292,-1.23,-1.23,normal,normal,baixa,2,historico feriado (poucos dados),3.0
C22FC002165M,14,,feriado,0.03,0.105,0.0693,-1.08,-1.08,normal,normal,baixa,2,historico feriado (poucos dados),3.0
C22FC002165M,15,,feriado,0.026,0.229,0.3214,-0.63,-0.63,normal,normal,baixa,3,historico feriado (poucos dados),3.0
C22FC002165M,16,,feriado,0.014,0.0463,0.0457,-0.71,-0.71,normal,normal,baixa,3,historico feriado (poucos dados),3.0
C22FC002165M,17,,feriado,0.057,0.082,0.0493,-0.51,-0.51,normal,normal,baixa,3,historico feriado (poucos dados),3.0
C22FC002165M,18,,feriado,0.07,0.0493,0.0123,1.68,1.68,normal,normal,baixa,3,historico feriado (poucos dados),3.0
C22FC002165M,19,,feriado,0.103,0.0893,0.0489,0.28,0.28,normal,normal,baixa,3,historico feriado (poucos dados),3.0
C22FC002165M,20,,feriado,0.01,0.1183,0.0468,-2.32,-2.32,normal,normal,baixa,3,historico feriado (poucos dados),3.0
C22FC002165M,21,,feriado,0.06,0.125,0.0312,-2.08,-2.08,normal,normal,baixa,3,historico feriado (poucos dados),3.0
C22FC002165M,22,,feriado,0.03,0.151,0.1036,-1.17,-1.17,normal,normal,baixa,3,historico feriado (poucos dados),3.0
C22FC002165M,23,,feriado,0.0,0.038,0.034,-1.12,-1.12,normal,normal,baixa,3,historico feriado (poucos dados),3.0
C22FC002170J,0,,feriado,0.197,0.1927,0.096,0.05,0.05,normal,normal,baixa,3,historico feriado (poucos dados),3.0
C22FC002170J,1,,feriado,0.128,0.115,0.0726,0.18,0.18,normal,normal,baixa,3,historico feriado (poucos dados),3.0
C22FC002170J,2,,feriado,0.077,0.0433,0.0189,1.78,1.78,normal,normal,baixa,3,historico feriado (poucos dados),3.0
C22FC002170J,3,,feriado,0.063,0.03,0.0161,2.05,2.05,normal,normal,baixa,3,historico feriado (poucos dados),3.0
C22FC002170J,4,,feriado,0.045,0.028,0.0177,0.96,0.96,normal,normal,baixa,3,historico feriado (poucos dados),3.0
C22FC002170J,5,,feriado,0.043,0.0277,0.0157,0.98,0.98,normal,normal,baixa,3,historico feriado (poucos dados),3.0
C22FC002170J,6,,feriado,0.042,0.0237,0.0101,1.82,1.82,normal,normal,baixa,3,historico feriado (poucos dados),3.0
C22FC002170J,7,,feriado,0.065,0.032,0.01,3.3,3.3,desvio,acima,baixa,3,historico feriado (poucos dados),3.0
C22FC002170J,8,,feriado,0.093,0.1103,0.0549,-0.32,-0.32,normal,normal,baixa,3,historico feriado (poucos dados),3.0
C22FC002170J,9,,feriado,0.288,0.2497,0.1197,0.32,0.32,normal,normal,baixa,3,historico feriado (poucos dados),3.0
C22FC002170J,10,,feriado,0.184,0.2557,0.0991,-0.72,-0.72,normal,normal,baixa,3,historico feriado (poucos dados),3.0
C22FC002170J,11,,feriado,0.177,0.3393,0.0958,-1.69,-1.69,normal,normal,baixa,3,historico feriado (poucos dados),3.0
C22FC002170J,12,,feriado,0.533,0.3427,0.1089,1.75,1.75,normal,normal,baixa,3,historico feriado (poucos dados),3.0
C22FC002170J,13,,feriado,0.364,0.2787,0.0697,1.22,1.22,normal,normal,baixa,3,historico feriado (poucos dados),3.0
C22FC002170J,14,,feriado,0.368,0.236,0.0871,1.52,1.52,normal,normal,baixa,3,historico feriado (poucos dados),3.0
C22FC002170J,15,,feriado,0.168,0.249,0.0622,-1.3,-1.3,normal,normal,baixa,3,historico feriado (poucos dados),3.0
C22FC002170J,16,,feriado,0.154,0.2253,0.0792,-0.9,-0.9,normal,normal,baixa,3,historico feriado (poucos dados),3.0
C22FC002170J,17,,feriado,0.227,0.2367,0.0954,-0.1,-0.1,normal,normal,baixa,3,historico feriado (poucos dados),3.0
C22FC002170J,18,,feriado,0.278,0.2033,0.0508,1.47,1.47,normal,normal,baixa,3,historico feriado (poucos dados),3.0
C22FC002170J,19,,feriado,0.275,0.172,0.0728,1.41,1.41,normal,normal,baixa,3,historico feriado (poucos dados),3.0
C22FC002170J,20,,feriado,0.244,0.237,0.0592,0.12,0.12,normal,normal,baixa,3,historico feriado (poucos dados),3.0
C22FC002170J,21,,feriado,0.282,0.3477,0.1931,-0.34,-0.34,normal,normal,baixa,3,historico feriado (poucos dados),3.0
C22FC002170J,22,,feriado,0.338,0.2413,0.0878,1.1,1.1,normal,normal,baixa,3,historico feriado (poucos dados),3.0
C22FC002170J,23,,feriado,0.161,0.1263,0.0316,1.1,1.1,normal,normal,baixa,3,historico feriado (poucos dados),3.0
C22FC002175O,0,,feriado,0.002,0.009,0.01,-0.7,-0.7,normal,normal,baixa,3,historico feriado (poucos dados),3.0
C22FC002175O,1,,feriado,0.037,0.0137,0.0228,1.02,1.02,normal,normal,baixa,3,historico feriado (poucos dados),3.0
C22FC002175O,2,,feriado,0.01,0.0,0.01,1.0,1.0,normal,normal,baixa,3,historico feriado (poucos dados),3.0
C22FC002175O,3,,feriado,0.0,0.0203,0.0184,-1.1,-1.1,normal,normal,baixa,3,historico feriado (poucos dados),3.0
C22FC002175O,4,,feriado,0.003,0.0005,0.01,0.25,0.25,normal,normal,baixa,2,historico feriado (poucos dados),3.0
C22FC002175O,5,,feriado,0.0,0.0145,0.0205,-0.71,-0.71,normal,normal,baixa,2,historico feriado (poucos dados),3.0
C22FC002175O,6,,feriado,0.013,0.002,0.01,1.1,1.1,normal,normal,baixa,2,historico feriado (poucos dados),3.0
C22FC002175O,7,,feriado,0.021,0.022,0.01,-0.1,-0.1,normal,normal,baixa,2,historico feriado (poucos dados),3.0
C22FC002175O,8,,feriado,0.017,0.0567,0.0165,-2.4,-2.4,normal,normal,baixa,3,historico feriado (poucos dados),3.0
C22FC002175O,9,,feriado,0.009,0.021,0.0118,-1.02,-1.02,normal,normal,baixa,3,historico feriado (poucos dados),3.0
C22FC002175O,10,,feriado,0.025,0.034,0.0161,-0.56,-0.56,normal,normal,baixa,3,historico feriado (poucos dados),3.0
C22FC002175O,11,,feriado,0.116,0.087,0.0351,0.83,0.83,normal,normal,baixa,3,historico feriado (poucos dados),3.0
C22FC002175O,12,,feriado,0.067,0.0874,0.0828,-0.25,-0.25,normal,normal,baixa,23,fallback (30d recentes),3.0
C22FC002175O,13,,feriado,0.05,0.0542,0.0413,-0.1,-0.1,normal,normal,baixa,23,fallback (30d recentes),3.0
C22FC002175O,14,,feriado,0.045,0.0491,0.0264,-0.15,-0.15,normal,normal,baixa,23,fallback (30d recentes),3.0
C22FC002175O,15,,feriado,0.076,0.0341,0.0303,1.38,1.38,normal,normal,baixa,24,fallback (30d recentes),3.0
C22FC002175O,16,,feriado,0.053,0.4625,0.2227,-1.84,-1.84,normal,normal,baixa,2,historico feriado (poucos dados),3.0
C22FC002175O,17,,feriado,0.065,0.0775,0.0375,-0.33,-0.33,normal,normal,baixa,2,historico feriado (poucos dados),3.0
C22FC002175O,18,,feriado,0.088,0.042,0.0255,1.81,1.81,normal,normal,baixa,2,historico feriado (poucos dados),3.0
C22FC002175O,19,,feriado,0.059,0.1005,0.0516,-0.8,-0.8,normal,normal,baixa,2,historico feriado (poucos dados),3.0
C22FC002175O,20,,feriado,0.023,0.2837,0.2396,-1.09,-1.09,normal,normal,baixa,3,historico feriado (poucos dados),3.0
C22FC002175O,21,,feriado,0.026,0.057,0.0142,-2.18,-2.18,normal,normal,baixa,3,historico feriado (poucos dados),3.0
C22FC002175O,22,,feriado,0.014,0.023,0.0316,-0.29,-0.29,normal,normal,baixa,3,historico feriado (poucos dados),3.0
C22FC002175O,23,,feriado,0.001,0.0093,0.01,-0.83,-0.83,normal,normal,baixa,3,historico feriado (poucos dados),3.0
C22FC002177Q,0,,feriado,0.001,0.0,0.01,0.1,0.1,normal,normal,baixa,3,historico feriado (poucos dados),3.0
C22FC002177Q,1,,feriado,0.0,0.0,0.01,0.0,0.0,normal,normal,baixa,3,historico feriado (poucos dados),3.0
C22FC002177Q,2,,feriado,0.0,0.0,0.01,0.0,0.0,normal,normal,baixa,3,historico feriado (poucos dados),3.0
C22FC002177Q,3,,feriado,0.001,0.0003,0.01,0.07,0.07,normal,normal,baixa,3,historico feriado (poucos dados),3.0
C22FC002177Q,4,,feriado,0.0,0.0003,0.01,-0.03,-0.03,normal,normal,baixa,3,historico feriado (poucos dados),3.0
C22FC002177Q,5,,feriado,0.001,0.0,0.01,0.1,0.1,normal,normal,baixa,3,historico feriado (poucos dados),3.0
C22FC002177Q,6,,feriado,0.0,0.0,0.01,0.0,0.0,normal,normal,baixa,3,historico feriado (poucos dados),3.0
C22FC002177Q,7,,feriado,0.0,0.0,0.01,0.0,0.0,normal,normal,baixa,3,historico feriado (poucos dados),3.0
C22FC002177Q,8,,feriado,0.0,0.0,0.01,0.0,0.0,normal,normal,baixa,3,historico feriado (poucos dados),3.0
C22FC002177Q,9,,feriado,0.001,0.0,0.01,0.1,0.1,normal,normal,baixa,3,historico feriado (poucos dados),3.0
C22FC002177Q,10,,feriado,0.0,0.005,0.01,-0.5,-0.5,normal,normal,baixa,3,historico feriado (poucos dados),3.0
C22FC002177Q,11,,feriado,0.001,0.0283,0.0482,-0.57,-0.57,normal,normal,baixa,3,historico feriado (poucos dados),3.0
C22FC002177Q,12,,feriado,0.001,0.0,0.01,0.1,0.1,normal,normal,baixa,3,historico feriado (poucos dados),3.0
C22FC002177Q,13,,feriado,0.0,0.0,0.01,0.0,0.0,normal,normal,baixa,3,historico feriado (poucos dados),3.0
C22FC002177Q,14,,feriado,0.0,0.0003,0.01,-0.03,-0.03,normal,normal,baixa,3,historico feriado (poucos dados),3.0
C22FC002177Q,15,,feriado,0.001,0.0003,0.01,0.07,0.07,normal,normal,baixa,3,historico feriado (poucos dados),3.0
C22FC002177Q,16,,feriado,0.0,0.0,0.01,0.0,0.0,normal,normal,baixa,3,historico feriado (poucos dados),3.0
C22FC002177Q,17,,feriado,0.0,0.0,0.01,0.0,0.0,normal,normal,baixa,3,historico feriado (poucos dados),3.0
C22FC002177Q,18,,feriado,0.001,0.0,0.01,0.1,0.1,normal,normal,baixa,3,historico feriado (poucos dados),3.0
C22FC002177Q,19,,feriado,0.0,0.0,0.01,0.0,0.0,normal,normal,baixa,3,historico feriado (poucos dados),3.0
C22FC002177Q,20,,feriado,0.001,0.0003,0.01,0.07,0.07,normal,normal,baixa,3,historico feriado (poucos dados),3.0
C22FC002177Q,21,,feriado,0.0,0.0003,0.01,-0.03,-0.03,normal,normal,baixa,3,historico feriado (poucos dados),3.0
C22FC002177Q,22,,feriado,0.0,0.0,0.01,0.0,0.0,normal,normal,baixa,3,historico feriado (poucos dados),3.0
C22FC002177Q,23,,feriado,0.0,0.0,0.01,0.0,0.0,normal,normal,baixa,3,historico feriado (poucos dados),3.0
C22FE011956,0,,feriado,0.0,0.0,0.01,0.0,0.0,normal,normal,baixa,3,historico feriado (poucos dados),3.0
C22FE011956,1,,feriado,0.0,0.0,0.01,0.0,0.0,normal,normal,baixa,3,historico feriado (poucos dados),3.0
C22FE011956,2,,feriado,0.0,0.0,0.01,0.0,0.0,normal,normal,baixa,3,historico feriado (poucos dados),3.0
C22FE011956,3,,feriado,0.0,0.0,0.01,0.0,0.0,normal,normal,baixa,3,historico feriado (poucos dados),3.0
C22FE011956,4,,feriado,0.0,0.0,0.01,0.0,0.0,normal,normal,baixa,3,historico feriado (poucos dados),3.0
C22FE011956,5,,feriado,0.0,0.0,0.01,0.0,0.0,normal,normal,baixa,3,historico feriado (poucos dados),3.0
C22FE011956,6,,feriado,0.0,0.0,0.01,0.0,0.0,normal,normal,baixa,3,historico feriado (poucos dados),3.0
C22FE011956,7,,feriado,0.0,0.0,0.01,0.0,0.0,normal,normal,baixa,3,historico feriado (poucos dados),3.0
C22FE011956,8,,feriado,0.0,0.0,0.01,0.0,0.0,normal,normal,baixa,3,historico feriado (poucos dados),3.0
C22FE011956,9,,feriado,0.0,0.0,0.01,0.0,0.0,normal,normal,baixa,3,historico feriado (poucos dados),3.0
C22FE011956,10,,feriado,0.0,0.0,0.01,0.0,0.0,normal,normal,baixa,3,historico feriado (poucos dados),3.0
C22FE011956,11,,feriado,0.0,0.0,0.01,0.0,0.0,normal,normal,baixa,3,historico feriado (poucos dados),3.0
C22FE011956,12,,feriado,0.0,0.0,0.01,0.0,0.0,normal,normal,baixa,3,historico feriado (poucos dados),3.0
C22FE011956,13,,feriado,0.0,0.0,0.01,0.0,0.0,normal,normal,baixa,3,historico feriado (poucos dados),3.0
C22FE011956,14,,feriado,0.0,0.0,0.01,0.0,0.0,normal,normal,baixa,3,historico feriado (poucos dados),3.0
C22FE011956,15,,feriado,0.0,0.0,0.01,0.0,0.0,normal,normal,baixa,3,historico feriado (poucos dados),3.0
C22FE011956,16,,feriado,0.0,0.0,0.01,0.0,0.0,normal,normal,baixa,3,historico feriado (poucos dados),3.0
C22FE011956,17,,feriado,0.0,0.0,0.01,0.0,0.0,normal,normal,baixa,3,historico feriado (poucos dados),3.0
C22FE011956,18,,feriado,0.0,0.0,0.01,0.0,0.0,normal,normal,baixa,3,historico feriado (poucos dados),3.0
C22FE011956,19,,feriado,0.0,0.0,0.01,0.0,0.0,normal,normal,baixa,3,historico feriado (poucos dados),3.0
C22FE011956,20,,feriado,0.0,0.0,0.01,0.0,0.0,normal,normal,baixa,3,historico feriado (poucos dados),3.0
C22FE011956,21,,feriado,0.0,0.0,0.01,0.0,0.0,normal,normal,baixa,3,historico feriado (poucos dados),3.0
C22FE011956,22,,feriado,0.0,0.0,0.01,0.0,0.0,normal,normal,baixa,3,historico feriado (poucos dados),3.0
C22FE011956,23,,feriado,0.0,0.0,0.01,0.0,0.0,normal,normal,baixa,3,historico feriado (poucos dados),3.0
C22FE011961V,0,,feriado,0.0,0.0,0.01,0.0,0.0,normal,normal,baixa,16,fallback (30d recentes),3.0
C22FE011961V,1,,feriado,0.0,0.0,0.01,0.0,0.0,normal,normal,baixa,16,fallback (30d recentes),3.0
C22FE011961V,3,,feriado,0.0,0.0,0.01,0.0,0.0,normal,normal,baixa,3,historico feriado (poucos dados),3.0
C22FE011961V,4,,feriado,0.0,0.0,0.01,0.0,0.0,normal,normal,baixa,3,historico feriado (poucos dados),3.0
C22FE011961V,5,,feriado,0.0,0.0,0.01,0.0,0.0,normal,normal,baixa,3,historico feriado (poucos dados),3.0
C22FE011961V,6,,feriado,0.0,0.0,0.01,0.0,0.0,normal,normal,baixa,3,historico feriado (poucos dados),3.0
C22FE011961V,7,,feriado,0.0,0.0,0.01,0.0,0.0,normal,normal,baixa,2,historico feriado (poucos dados),3.0
C22FE011961V,8,,feriado,0.0,0.0,0.01,0.0,0.0,normal,normal,baixa,2,historico feriado (poucos dados),3.0
C22FE011961V,9,,feriado,0.0,0.0,0.01,0.0,0.0,normal,normal,baixa,2,historico feriado (poucos dados),3.0
C22FE011961V,10,,feriado,0.0,0.0,0.01,0.0,0.0,normal,normal,baixa,2,historico feriado (poucos dados),3.0
C22FE011961V,11,,feriado,0.0,0.0,0.01,0.0,0.0,normal,normal,baixa,2,historico feriado (poucos dados),3.0
C22FE011961V,12,,feriado,0.0,0.0,0.01,0.0,0.0,normal,normal,baixa,2,historico feriado (poucos dados),3.0
C22FE011961V,13,,feriado,0.0,0.0,0.01,0.0,0.0,normal,normal,baixa,2,historico feriado (poucos dados),3.0
C22FE011961V,14,,feriado,0.0,0.0,0.01,0.0,0.0,normal,normal,baixa,2,historico feriado (poucos dados),3.0
C22FE011961V,15,,feriado,0.0,0.0,0.01,0.0,0.0,normal,normal,baixa,2,historico feriado (poucos dados),3.0
C22FE011961V,16,,feriado,0.0,0.0,0.01,0.0,0.0,normal,normal,baixa,2,historico feriado (poucos dados),3.0
C22FE011961V,17,,feriado,0.0,0.0,0.01,0.0,0.0,normal,normal,baixa,2,historico feriado (poucos dados),3.0
C22FE011961V,18,,feriado,0.0,0.0,0.01,0.0,0.0,normal,normal,baixa,2,historico feriado (poucos dados),3.0
C22FE011961V,19,,feriado,0.0,0.0,0.01,0.0,0.0,normal,normal,baixa,2,historico feriado (poucos dados),3.0
C22FE011961V,20,,feriado,0.0,0.0,0.01,0.0,0.0,normal,normal,baixa,2,historico feriado (poucos dados),3.0
C22FE011961V,21,,feriado,0.0,0.0,0.01,0.0,0.0,normal,normal,baixa,2,historico feriado (poucos dados),3.0
C22FE011961V,22,,feriado,0.0,0.0,0.01,0.0,0.0,normal,normal,baixa,2,historico feriado (poucos dados),3.0
C22FE011961V,23,,feriado,0.0,0.0,0.01,0.0,0.0,normal,normal,baixa,16,fallback (30d recentes),3.0
C22FE011963X,0,,feriado,0.0,0.0,0.01,0.0,0.0,normal,normal,baixa,3,historico feriado (poucos dados),3.0
C22FE011963X,1,,feriado,0.0,0.0,0.01,0.0,0.0,normal,normal,baixa,3,historico feriado (poucos dados),3.0
C22FE011963X,2,,feriado,0.0,0.0,0.01,0.0,0.0,normal,normal,baixa,3,historico feriado (poucos dados),3.0
C22FE011963X,3,,feriado,0.0,0.0,0.01,0.0,0.0,normal,normal,baixa,3,historico feriado (poucos dados),3.0
C22FE011963X,4,,feriado,0.0,0.0,0.01,0.0,0.0,normal,normal,baixa,3,historico feriado (poucos dados),3.0
C22FE011963X,5,,feriado,0.0,0.0,0.01,0.0,0.0,normal,normal,baixa,3,historico feriado (poucos dados),3.0
C22FE011963X,6,,feriado,0.0,0.0,0.01,0.0,0.0,normal,normal,baixa,3,historico feriado (poucos dados),3.0
C22FE011963X,7,,feriado,0.0,0.0,0.01,0.0,0.0,normal,normal,baixa,3,historico feriado (poucos dados),3.0
C22FE011963X,8,,feriado,0.0,0.0,0.01,0.0,0.0,normal,normal,baixa,3,historico feriado (poucos dados),3.0
C22FE011963X,9,,feriado,0.0,0.0,0.01,0.0,0.0,normal,normal,baixa,3,historico feriado (poucos dados),3.0
C22FE011963X,10,,feriado,0.0,0.0,0.01,0.0,0.0,normal,normal,baixa,3,historico feriado (poucos dados),3.0
C22FE011963X,11,,feriado,0.0,0.0,0.01,0.0,0.0,normal,normal,baixa,3,historico feriado (poucos dados),3.0
C22FE011963X,12,,feriado,0.0,0.0,0.01,0.0,0.0,normal,normal,baixa,3,historico feriado (poucos dados),3.0
C22FE011963X,13,,feriado,0.0,0.0,0.01,0.0,0.0,normal,normal,baixa,3,historico feriado (poucos dados),3.0
C22FE011963X,14,,feriado,0.0,0.0,0.01,0.0,0.0,normal,normal,baixa,3,historico feriado (poucos dados),3.0
C22FE011963X,15,,feriado,0.0,0.0,0.01,0.0,0.0,normal,normal,baixa,3,historico feriado (poucos dados),3.0
C22FE011963X,16,,feriado,0.0,0.0,0.01,0.0,0.0,normal,normal,baixa,3,historico feriado (poucos dados),3.0
C22FE011963X,17,,feriado,0.0,0.0,0.01,0.0,0.0,normal,normal,baixa,3,historico feriado (poucos dados),3.0
C22FE011963X,18,,feriado,0.0,0.0,0.01,0.0,0.0,normal,normal,baixa,3,historico feriado (poucos dados),3.0
C22FE011963X,19,,feriado,0.0,0.0,0.01,0.0,0.0,normal,normal,baixa,3,historico feriado (poucos dados),3.0
C22FE011963X,20,,feriado,0.0,0.0,0.01,0.0,0.0,normal,normal,baixa,3,historico feriado (poucos dados),3.0
C22FE011963X,21,,feriado,0.0,0.0,0.01,0.0,0.0,normal,normal,baixa,3,historico feriado (poucos dados),3.0
C22FE011963X,22,,feriado,0.0,0.0,0.01,0.0,0.0,normal,normal,baixa,3,historico feriado (poucos dados),3.0
C22FE011963X,23,,feriado,0.0,0.0,0.01,0.0,0.0,normal,normal,baixa,3,historico feriado (poucos dados),3.0
C23FC001331N,0,,feriado,0.018,0.3568,0.4733,-0.72,-0.72,normal,normal,baixa,15,fallback (30d recentes),3.0
C23FC001331N,1,,feriado,0.0,0.0064,0.01,-0.64,-0.64,normal,normal,baixa,15,fallback (30d recentes),3.0
C23FC001331N,2,,feriado,0.0,0.01,0.01,-1.0,-1.0,normal,normal,baixa,15,fallback (30d recentes),3.0
C23FC001331N,3,,feriado,0.028,0.0045,0.01,2.35,2.35,normal,normal,baixa,15,fallback (30d recentes),3.0
C23FC001331N,4,,feriado,0.006,0.0155,0.0219,-0.43,-0.43,normal,normal,baixa,2,historico feriado (poucos dados),3.0
C23FC001331N,5,,feriado,0.008,0.0095,0.0106,-0.14,-0.14,normal,normal,baixa,2,historico feriado (poucos dados),3.0
C23FC001331N,6,,feriado,0.009,0.018,0.01,-0.9,-0.9,normal,normal,baixa,2,historico feriado (poucos dados),3.0
C23FC001331N,7,,feriado,0.037,0.055,0.058,-0.31,-0.31,normal,normal,baixa,2,historico feriado (poucos dados),3.0
C23FC001331N,8,,feriado,0.155,0.1125,0.0672,0.63,0.63,normal,normal,baixa,2,historico feriado (poucos dados),3.0
C23FC001331N,9,,feriado,0.057,0.089,0.0863,-0.37,-0.37,normal,normal,baixa,2,historico feriado (poucos dados),3.0
C23FC001331N,10,,feriado,0.066,0.1535,0.0384,-2.28,-2.28,normal,normal,baixa,2,historico feriado (poucos dados),3.0
C23FC001331N,11,,feriado,0.223,0.187,0.0467,0.77,0.77,normal,normal,baixa,2,historico feriado (poucos dados),3.0
C23FC001331N,20,,feriado,1.608,0.6663,1.0201,0.92,0.92,normal,normal,baixa,3,historico feriado (poucos dados),3.0
C23FC001331N,21,,feriado,0.129,0.1503,0.0439,-0.49,-0.49,normal,normal,baixa,3,historico feriado (poucos dados),3.0
C23FC001331N,22,,feriado,0.168,0.0577,0.0144,7.65,7.65,desvio,acima,baixa,3,historico feriado (poucos dados),3.0
C23FC001331N,23,,feriado,0.045,0.102,0.0419,-1.36,-1.36,normal,normal,baixa,3,historico feriado (poucos dados),3.0
C23FC001333P,0,,feriado,0.061,0.007,0.01,5.4,5.4,desvio,acima,baixa,2,historico feriado (poucos dados),3.0
C23FC001333P,1,,feriado,0.035,0.019,0.0269,0.6,0.6,normal,normal,baixa,2,historico feriado (poucos dados),3.0
C23FC001333P,2,,feriado,0.029,0.1077,0.1804,-0.44,-0.44,normal,normal,baixa,3,historico feriado (poucos dados),3.0
C23FC001333P,3,,feriado,0.034,0.0037,0.01,3.03,3.03,desvio,acima,baixa,3,historico feriado (poucos dados),3.0
C23FC001333P,4,,feriado,0.017,0.0037,0.01,1.33,1.33,normal,normal,baixa,3,historico feriado (poucos dados),3.0
C23FC001333P,5,,feriado,0.001,0.0347,0.0127,-2.66,-2.66,normal,normal,baixa,3,historico feriado (poucos dados),3.0
C23FC001333P,6,,feriado,0.0,0.0187,0.0169,-1.11,-1.11,normal,normal,baixa,3,historico feriado (poucos dados),3.0
C23FC001333P,7,,feriado,0.039,0.052,0.0286,-0.45,-0.45,normal,normal,baixa,3,historico feriado (poucos dados),3.0
C23FC001333P,8,,feriado,0.032,0.0817,0.0405,-1.23,-1.23,normal,normal,baixa,3,historico feriado (poucos dados),3.0
C23FC001333P,9,,feriado,0.117,0.0667,0.0592,0.85,0.85,normal,normal,baixa,3,historico feriado (poucos dados),3.0
C23FC001333P,10,,feriado,0.044,0.084,0.0601,-0.67,-0.67,normal,normal,baixa,3,historico feriado (poucos dados),3.0
C23FC001333P,11,,feriado,0.06,0.075,0.0341,-0.44,-0.44,normal,normal,baixa,3,historico feriado (poucos dados),3.0
C23FC001333P,12,,feriado,0.106,0.0703,0.0176,2.03,2.03,normal,normal,baixa,3,historico feriado (poucos dados),3.0
C23FC001333P,13,,feriado,0.074,0.0503,0.0308,0.77,0.77,normal,normal,baixa,3,historico feriado (poucos dados),3.0
C23FC001333P,14,,feriado,0.024,0.0713,0.0178,-2.65,-2.65,normal,normal,baixa,3,historico feriado (poucos dados),3.0
C23FC001333P,15,,feriado,0.097,0.0183,0.01,7.87,7.87,desvio,acima,baixa,3,historico feriado (poucos dados),3.0
C23FC001333P,16,,feriado,0.015,0.0843,0.0555,-1.25,-1.25,normal,normal,baixa,3,historico feriado (poucos dados),3.0
C23FC001333P,17,,feriado,0.067,0.034,0.0161,2.05,2.05,normal,normal,baixa,3,historico feriado (poucos dados),3.0
C23FC001333P,18,,feriado,0.094,0.039,0.0339,1.62,1.62,normal,normal,baixa,2,historico feriado (poucos dados),3.0
C23FC001333P,19,,feriado,0.043,0.0615,0.029,-0.64,-0.64,normal,normal,baixa,2,historico feriado (poucos dados),3.0
C23FC001333P,20,,feriado,0.186,0.0635,0.0219,5.59,5.59,desvio,acima,baixa,2,historico feriado (poucos dados),3.0
C23FC001333P,21,,feriado,0.121,0.066,0.041,1.34,1.34,normal,normal,baixa,2,historico feriado (poucos dados),3.0
C23FC001333P,22,,feriado,0.043,0.1377,0.127,-0.75,-0.75,normal,normal,baixa,3,historico feriado (poucos dados),3.0
C23FC001333P,23,,feriado,0.058,0.034,0.0201,1.2,1.2,normal,normal,baixa,3,historico feriado (poucos dados),3.0
C23FE003151H,0,,feriado,0.0,6.3657,5.513,-1.15,-1.15,normal,normal,baixa,3,historico feriado (poucos dados),3.0
C23FE003151H,1,,feriado,0.0,4.0837,5.0726,-0.81,-0.81,normal,normal,baixa,3,historico feriado (poucos dados),3.0
C23FE003151H,2,,feriado,0.0,3.279,5.6794,-0.58,-0.58,normal,normal,baixa,3,historico feriado (poucos dados),3.0
C23FE003151H,3,,feriado,0.0,3.299,5.714,-0.58,-0.58,normal,normal,baixa,3,historico feriado (poucos dados),3.0
C23FE003151H,4,,feriado,0.0,3.3103,5.7337,-0.58,-0.58,normal,normal,baixa,3,historico feriado (poucos dados),3.0
C23FE003151H,5,,feriado,0.0,3.316,5.7435,-0.58,-0.58,normal,normal,baixa,3,historico feriado (poucos dados),3.0
C23FE003151H,6,,feriado,0.0,1.1543,1.9994,-0.58,-0.58,normal,normal,baixa,3,historico feriado (poucos dados),3.0
C23FE003151H,7,,feriado,0.0,0.0,0.01,0.0,0.0,normal,normal,baixa,3,historico feriado (poucos dados),3.0
C23FE003151H,8,,feriado,0.0,0.0,0.01,0.0,0.0,normal,normal,baixa,3,historico feriado (poucos dados),3.0
C23FE003151H,9,,feriado,0.0,0.0,0.01,0.0,0.0,normal,normal,baixa,3,historico feriado (poucos dados),3.0
C23FE003151H,10,,feriado,0.0,0.0,0.01,0.0,0.0,normal,normal,baixa,3,historico feriado (poucos dados),3.0
C23FE003151H,11,,feriado,0.0,0.0,0.01,0.0,0.0,normal,normal,baixa,3,historico feriado (poucos dados),3.0
C23FE003151H,12,,feriado,0.0,0.0003,0.01,-0.03,-0.03,normal,normal,baixa,3,historico feriado (poucos dados),3.0
C23FE003151H,13,,feriado,0.0,2.1587,3.7389,-0.58,-0.58,normal,normal,baixa,3,historico feriado (poucos dados),3.0
C23FE003151H,14,,feriado,0.0,2.9157,5.0492,-0.58,-0.58,normal,normal,baixa,3,historico feriado (poucos dados),3.0
C23FE003151H,15,,feriado,0.0,2.9903,5.1794,-0.58,-0.58,normal,normal,baixa,3,historico feriado (poucos dados),3.0
C23FE003151H,16,,feriado,0.0,3.05,5.2828,-0.58,-0.58,normal,normal,baixa,3,historico feriado (poucos dados),3.0
C23FE003151H,17,,feriado,0.0,3.066,5.3105,-0.58,-0.58,normal,normal,baixa,3,historico feriado (poucos dados),3.0
C23FE003151H,18,,feriado,0.0,5.9547,5.1618,-1.15,-1.15,normal,normal,baixa,3,historico feriado (poucos dados),3.0
C23FE003151H,19,,feriado,0.0,6.1583,5.3368,-1.15,-1.15,normal,normal,baixa,3,historico feriado (poucos dados),3.0
C23FE003151H,20,,feriado,0.0,6.03,5.2249,-1.15,-1.15,normal,normal,baixa,3,historico feriado (poucos dados),3.0
C23FE003151H,21,,feriado,0.0,6.048,5.238,-1.15,-1.15,normal,normal,baixa,3,historico feriado (poucos dados),3.0
C23FE003151H,22,,feriado,0.0,6.1637,5.3381,-1.15,-1.15,normal,normal,baixa,3,historico feriado (poucos dados),3.0
C23FE003151H,23,,feriado,0.0,6.3007,5.4565,-1.15,-1.15,normal,normal,baixa,3,historico feriado (poucos dados),3.0
C23FE003152I,0,,feriado,0.0,0.0,0.01,0.0,0.0,normal,normal,baixa,3,historico feriado (poucos dados),3.0
C23FE003152I,1,,feriado,0.0,0.0,0.01,0.0,0.0,normal,normal,baixa,3,historico feriado (poucos dados),3.0
C23FE003152I,2,,feriado,0.0,0.0,0.01,0.0,0.0,normal,normal,baixa,3,historico feriado (poucos dados),3.0
C23FE003152I,3,,feriado,0.0,0.0,0.01,0.0,0.0,normal,normal,baixa,3,historico feriado (poucos dados),3.0
C23FE003152I,4,,feriado,0.0,0.0,0.01,0.0,0.0,normal,normal,baixa,3,historico feriado (poucos dados),3.0
C23FE003152I,5,,feriado,0.0,0.0,0.01,0.0,0.0,normal,normal,baixa,3,historico feriado (poucos dados),3.0
C23FE003152I,6,,feriado,0.001,0.0003,0.01,0.07,0.07,normal,normal,baixa,3,historico feriado (poucos dados),3.0
C23FE003152I,7,,feriado,-0.001,-0.0003,0.01,-0.07,-0.07,normal,normal,baixa,3,historico feriado (poucos dados),3.0
C23FE003152I,8,,feriado,-0.001,0.0,0.01,-0.1,-0.1,normal,normal,baixa,3,historico feriado (poucos dados),3.0
C23FE003152I,9,,feriado,0.0,0.0,0.01,0.0,0.0,normal,normal,baixa,3,historico feriado (poucos dados),3.0
C23FE003152I,10,,feriado,0.0,-0.0007,0.01,0.07,0.07,normal,normal,baixa,3,historico feriado (poucos dados),3.0
C23FE003152I,11,,feriado,0.0,0.0337,0.0592,-0.57,-0.57,normal,normal,baixa,3,historico feriado (poucos dados),3.0
C23FE003152I,12,,feriado,-0.001,0.1083,0.1674,-0.65,-0.65,normal,normal,baixa,3,historico feriado (poucos dados),3.0
C23FE003152I,13,,feriado,0.0,0.0087,0.015,-0.58,-0.58,normal,normal,baixa,3,historico feriado (poucos dados),3.0
C23FE003152I,14,,feriado,0.0,0.0,0.01,0.0,0.0,normal,normal,baixa,3,historico feriado (poucos dados),3.0
C23FE003152I,15,,feriado,0.0,-0.0003,0.01,0.03,0.03,normal,normal,baixa,3,historico feriado (poucos dados),3.0
C23FE003152I,16,,feriado,0.001,0.0003,0.01,0.07,0.07,normal,normal,baixa,3,historico feriado (poucos dados),3.0
C23FE003152I,17,,feriado,0.0,-0.0003,0.01,0.03,0.03,normal,normal,baixa,3,historico feriado (poucos dados),3.0
C23FE003152I,18,,feriado,-0.001,0.0027,0.01,-0.37,-0.37,normal,normal,baixa,3,historico feriado (poucos dados),3.0
C23FE003152I,19,,feriado,0.0,0.0023,0.01,-0.23,-0.23,normal,normal,baixa,3,historico feriado (poucos dados),3.0
C23FE003152I,20,,feriado,0.0,-0.0003,0.01,0.03,0.03,normal,normal,baixa,3,historico feriado (poucos dados),3.0
C23FE003152I,21,,feriado,0.0,-0.0003,0.01,0.03,0.03,normal,normal,baixa,3,historico feriado (poucos dados),3.0
C23FE003152I,22,,feriado,0.0,-0.0003,0.01,0.03,0.03,normal,normal,baixa,3,historico feriado (poucos dados),3.0
C23FE003152I,23,,feriado,0.0,0.0,0.01,0.0,0.0,normal,normal,baixa,3,historico feriado (poucos dados),3.0
C23FE003153J,0,,feriado,0.002,0.0015,0.01,0.05,0.05,normal,normal,baixa,2,historico feriado (poucos dados),3.0
C23FE003153J,1,,feriado,0.0,0.0015,0.01,-0.15,-0.15,normal,normal,baixa,2,historico feriado (poucos dados),3.0
C23FE003153J,2,,feriado,0.001,0.0027,0.01,-0.17,-0.17,normal,normal,baixa,3,historico feriado (poucos dados),3.0
C23FE003153J,3,,feriado,0.001,0.0007,0.01,0.03,0.03,normal,normal,baixa,3,historico feriado (poucos dados),3.0
C23FE003153J,4,,feriado,0.0,0.0,0.01,0.0,0.0,normal,normal,baixa,3,historico feriado (poucos dados),3.0
C23FE003153J,5,,feriado,0.0,0.0,0.01,0.0,0.0,normal,normal,baixa,3,historico feriado (poucos dados),3.0
C23FE003153J,6,,feriado,0.0,0.0,0.01,0.0,0.0,normal,normal,baixa,3,historico feriado (poucos dados),3.0
C23FE003153J,7,,feriado,-0.001,0.0083,0.0144,-0.65,-0.65,normal,normal,baixa,3,historico feriado (poucos dados),3.0
C23FE003153J,8,,feriado,-0.001,0.009,0.0182,-0.55,-0.55,normal,normal,baixa,3,historico feriado (poucos dados),3.0
C23FE003153J,9,,feriado,-0.003,0.0103,0.024,-0.56,-0.56,normal,normal,baixa,3,historico feriado (poucos dados),3.0
C23FE003153J,10,,feriado,-0.003,-0.004,0.01,0.1,0.1,normal,normal,baixa,2,historico feriado (poucos dados),3.0
C23FE003153J,11,,feriado,-0.002,-0.003,0.01,0.1,0.1,normal,normal,baixa,2,historico feriado (poucos dados),3.0
C23FE003153J,12,,feriado,0.0,0.0005,0.01,-0.05,-0.05,normal,normal,baixa,2,historico feriado (poucos dados),3.0
C23FE003153J,13,,feriado,0.0,0.0035,0.01,-0.35,-0.35,normal,normal,baixa,2,historico feriado (poucos dados),3.0
C23FE003153J,14,,feriado,0.001,0.0433,0.0742,-0.57,-0.57,normal,normal,baixa,3,historico feriado (poucos dados),3.0
C23FE003153J,15,,feriado,0.001,0.0017,0.01,-0.07,-0.07,normal,normal,baixa,3,historico feriado (poucos dados),3.0
C23FE003153J,16,,feriado,0.001,0.0013,0.01,-0.03,-0.03,normal,normal,baixa,3,historico feriado (poucos dados),3.0
C23FE003153J,17,,feriado,0.001,0.0007,0.01,0.03,0.03,normal,normal,baixa,3,historico feriado (poucos dados),3.0
C23FE003153J,18,,feriado,0.0,-0.0007,0.01,0.07,0.07,normal,normal,baixa,3,historico feriado (poucos dados),3.0
C23FE003153J,19,,feriado,-0.002,-0.001,0.01,-0.1,-0.1,normal,normal,baixa,3,historico feriado (poucos dados),3.0
C23FE003153J,20,,feriado,0.0,-0.0013,0.01,0.13,0.13,normal,normal,baixa,3,historico feriado (poucos dados),3.0
C23FE003153J,21,,feriado,0.0,0.0,0.01,0.0,0.0,normal,normal,baixa,3,historico feriado (poucos dados),3.0
C23FE003153J,22,,feriado,0.001,0.0013,0.01,-0.03,-0.03,normal,normal,baixa,3,historico feriado (poucos dados),3.0
C23FE003153J,23,,feriado,0.001,0.001,0.01,0.0,0.0,normal,normal,baixa,3,historico feriado (poucos dados),3.0
C23FE003163L,0,,feriado,0.0,0.0,0.01,0.0,0.0,normal,normal,baixa,3,historico feriado (poucos dados),3.0
C23FE003164M,0,,feriado,0.0,0.0,0.01,0.0,0.0,normal,normal,baixa,2,historico feriado (poucos dados),3.0
C23FE003164M,1,,feriado,0.0,0.0,0.01,0.0,0.0,normal,normal,baixa,3,historico feriado (poucos dados),3.0
C23FE003164M,2,,feriado,0.0,0.0,0.01,0.0,0.0,normal,normal,baixa,3,historico feriado (poucos dados),3.0
C23FE003164M,3,,feriado,0.0,0.0,0.01,0.0,0.0,normal,normal,baixa,3,historico feriado (poucos dados),3.0
C23FE003164M,4,,feriado,0.0,0.0,0.01,0.0,0.0,normal,normal,baixa,3,historico feriado (poucos dados),3.0
C23FE003164M,5,,feriado,0.0,0.0,0.01,0.0,0.0,normal,normal,baixa,3,historico feriado (poucos dados),3.0
C23FE003164M,6,,feriado,0.0,0.0,0.01,0.0,0.0,normal,normal,baixa,3,historico feriado (poucos dados),3.0
C23FE003164M,7,,feriado,0.0,0.0,0.01,0.0,0.0,normal,normal,baixa,3,historico feriado (poucos dados),3.0
C23FE003164M,8,,feriado,0.0,0.0,0.01,0.0,0.0,normal,normal,baixa,3,historico feriado (poucos dados),3.0
C23FE003164M,9,,feriado,0.0,0.0,0.01,0.0,0.0,normal,normal,baixa,27,fallback (30d recentes),3.0
C23FE003164M,10,,feriado,0.0,0.0,0.01,0.0,0.0,normal,normal,baixa,27,fallback (30d recentes),3.0
C23FE003164M,11,,feriado,0.0,0.0,0.01,0.0,0.0,normal,normal,baixa,27,fallback (30d recentes),3.0
C23FE003164M,12,,feriado,0.0,0.0,0.01,0.0,0.0,normal,normal,baixa,27,fallback (30d recentes),3.0
C23FE003164M,13,,feriado,0.0,0.0,0.01,0.0,0.0,normal,normal,baixa,3,historico feriado (poucos dados),3.0
C23FE003164M,14,,feriado,0.0,0.0,0.01,0.0,0.0,normal,normal,baixa,3,historico feriado (poucos dados),3.0
C23FE003164M,15,,feriado,0.0,0.0,0.01,0.0,0.0,normal,normal,baixa,3,historico feriado (poucos dados),3.0
C23FE003164M,16,,feriado,0.0,0.0,0.01,0.0,0.0,normal,normal,baixa,3,historico feriado (poucos dados),3.0
C23FE003164M,17,,feriado,0.0,0.0,0.01,0.0,0.0,normal,normal,baixa,3,historico feriado (poucos dados),3.0
C23FE003164M,18,,feriado,0.0,0.0,0.01,0.0,0.0,normal,normal,baixa,3,historico feriado (poucos dados),3.0
C23FE003164M,19,,feriado,0.0,0.0,0.01,0.0,0.0,normal,normal,baixa,3,historico feriado (poucos dados),3.0
C23FE003164M,20,,feriado,0.0,0.0,0.01,0.0,0.0,normal,normal,baixa,3,historico feriado (poucos dados),3.0
C23FE003164M,21,,feriado,0.0,0.0,0.01,0.0,0.0,normal,normal,baixa,3,historico feriado (poucos dados),3.0
C23FE003164M,22,,feriado,0.0,0.0,0.01,0.0,0.0,normal,normal,baixa,3,historico feriado (poucos dados),3.0
C23FE003164M,23,,feriado,0.0,0.0,0.01,0.0,0.0,normal,normal,baixa,3,historico feriado (poucos dados),3.0
D01TE042969,0,,feriado,0.0,0.0,0.01,0.0,0.0,normal,normal,baixa,3,historico feriado (poucos dados),3.0
D01TE042969,1,,feriado,0.0,0.0,0.01,0.0,0.0,normal,normal,baixa,3,historico feriado (poucos dados),3.0
D01TE042969,2,,feriado,0.0,0.0,0.01,0.0,0.0,normal,normal,baixa,3,historico feriado (poucos dados),3.0
D01TE042969,3,,feriado,0.0,0.0,0.01,0.0,0.0,normal,normal,baixa,3,historico feriado (poucos dados),3.0
D01TE042969,4,,feriado,0.0,0.0,0.01,0.0,0.0,normal,normal,baixa,3,historico feriado (poucos dados),3.0
D01TE042969,5,,feriado,0.0,0.0,0.01,0.0,0.0,normal,normal,baixa,3,historico feriado (poucos dados),3.0
D01TE042969,6,,feriado,0.0,0.0,0.01,0.0,0.0,normal,normal,baixa,3,historico feriado (poucos dados),3.0
D01TE042969,7,,feriado,0.0,0.0,0.01,0.0,0.0,normal,normal,baixa,3,historico feriado (poucos dados),3.0
D01TE042969,8,,feriado,0.0,0.0,0.01,0.0,0.0,normal,normal,baixa,3,historico feriado (poucos dados),3.0
D01TE042969,9,,feriado,0.0,0.0,0.01,0.0,0.0,normal,normal,baixa,3,historico feriado (poucos dados),3.0
D01TE042969,10,,feriado,0.0,0.0,0.01,0.0,0.0,normal,normal,baixa,3,historico feriado (poucos dados),3.0
D01TE042969,11,,feriado,0.0,0.0,0.01,0.0,0.0,normal,normal,baixa,3,historico feriado (poucos dados),3.0
D01TE042969,12,,feriado,0.0,0.0,0.01,0.0,0.0,normal,normal,baixa,3,historico feriado (poucos dados),3.0
D01TE042969,13,,feriado,0.0,0.0,0.01,0.0,0.0,normal,normal,baixa,3,historico feriado (poucos dados),3.0
D01TE042969,14,,feriado,0.0,0.0,0.01,0.0,0.0,normal,normal,baixa,3,historico feriado (poucos dados),3.0
D01TE042969,15,,feriado,0.0,0.0,0.01,0.0,0.0,normal,normal,baixa,3,historico feriado (poucos dados),3.0
D01TE042969,16,,feriado,0.0,0.0,0.01,0.0,0.0,normal,normal,baixa,3,historico feriado (poucos dados),3.0
D01TE042969,17,,feriado,0.0,0.0,0.01,0.0,0.0,normal,normal,baixa,3,historico feriado (poucos dados),3.0
D01TE042969,18,,feriado,0.0,0.0,0.01,0.0,0.0,normal,normal,baixa,3,historico feriado (poucos dados),3.0
D01TE042969,19,,feriado,0.0,0.0,0.01,0.0,0.0,normal,normal,baixa,3,historico feriado (poucos dados),3.0
D01TE042969,20,,feriado,0.0,0.0,0.01,0.0,0.0,normal,normal,baixa,3,historico feriado (poucos dados),3.0
D01TE042969,21,,feriado,0.0,0.0,0.01,0.0,0.0,normal,normal,baixa,3,historico feriado (poucos dados),3.0
D01TE042969,22,,feriado,0.0,0.0,0.01,0.0,0.0,normal,normal,baixa,3,historico feriado (poucos dados),3.0
D01TE042969,23,,feriado,0.0,0.0,0.01,0.0,0.0,normal,normal,baixa,3,historico feriado (poucos dados),3.0
D01TE050163,2,,feriado,0.08,0.0967,0.1589,-0.1,-0.1,normal,normal,baixa,3,historico feriado (poucos dados),3.0
D01TE050163,3,,feriado,0.2,0.3,0.1273,-0.79,-0.79,normal,normal,baixa,2,historico feriado (poucos dados),3.0
D01TE050163,4,,feriado,0.0,0.03,0.0424,-0.71,-0.71,normal,normal,baixa,2,historico feriado (poucos dados),3.0
D01TE050163,5,,feriado,0.0,0.0,0.01,0.0,0.0,normal,normal,baixa,2,historico feriado (poucos dados),3.0
D01TE050163,6,,feriado,0.0,0.18,0.2546,-0.71,-0.71,normal,normal,baixa,2,historico feriado (poucos dados),3.0
D01TE050163,7,,feriado,0.0,0.0,0.01,0.0,0.0,normal,normal,baixa,3,historico feriado (poucos dados),3.0
D01TE050163,8,,feriado,0.0,0.0,0.01,0.0,0.0,normal,normal,baixa,3,historico feriado (poucos dados),3.0
D01TE050163,9,,feriado,0.0,0.0,0.01,0.0,0.0,normal,normal,baixa,3,historico feriado (poucos dados),3.0
D01TE050163,10,,feriado,0.0,-0.0033,0.01,0.33,0.33,normal,normal,baixa,3,historico feriado (poucos dados),3.0
D01TE050163,11,,feriado,0.0,0.0,0.01,0.0,0.0,normal,normal,baixa,3,historico feriado (poucos dados),3.0
D01TE050163,12,,feriado,0.0,0.0,0.01,0.0,0.0,normal,normal,baixa,3,historico feriado (poucos dados),3.0
D01TE050163,13,,feriado,0.0,0.0,0.01,0.0,0.0,normal,normal,baixa,3,historico feriado (poucos dados),3.0
D01TE050163,14,,feriado,0.0,-0.0026,0.01,0.26,0.26,normal,normal,baixa,27,fallback (30d recentes),3.0
D01TE050163,15,,feriado,0.0,-0.0019,0.01,0.19,0.19,normal,normal,baixa,27,fallback (30d recentes),3.0
D01TE050163,16,,feriado,0.0,-0.0011,0.01,0.11,0.11,normal,normal,baixa,27,fallback (30d recentes),3.0
D01TE050163,17,,feriado,0.0,-0.0011,0.01,0.11,0.11,normal,normal,baixa,27,fallback (30d recentes),3.0
D01WF051014,0,,feriado,0.38,0.875,0.8839,-0.56,-0.56,normal,normal,baixa,2,historico feriado (poucos dados),3.0
D01WF051014,1,,feriado,0.0,0.24,0.3253,-0.74,-0.74,normal,normal,baixa,2,historico feriado (poucos dados),3.0
D01WF051014,2,,feriado,0.01,0.01,0.0141,0.0,0.0,normal,normal,baixa,2,historico feriado (poucos dados),3.0
D01WF051014,3,,feriado,0.0,0.0233,0.0231,-1.01,-1.01,normal,normal,baixa,3,historico feriado (poucos dados),3.0
D01WF051014,4,,feriado,0.0,0.0,0.01,0.0,0.0,normal,normal,baixa,3,historico feriado (poucos dados),3.0
D01WF051014,5,,feriado,0.0,0.0033,0.01,-0.33,-0.33,normal,normal,baixa,3,historico feriado (poucos dados),3.0
D01WF051014,6,,feriado,0.01,0.0033,0.01,0.67,0.67,normal,normal,baixa,3,historico feriado (poucos dados),3.0
D01WF051014,7,,feriado,0.02,0.0167,0.01,0.33,0.33,normal,normal,baixa,3,historico feriado (poucos dados),3.0
D01WF051014,8,,feriado,0.0,0.02,0.0173,-1.15,-1.15,normal,normal,baixa,3,historico feriado (poucos dados),3.0
D01WF051014,9,,feriado,0.02,0.05,0.0436,-0.69,-0.69,normal,normal,baixa,3,historico feriado (poucos dados),3.0
D01WF051014,18,,feriado,0.61,0.195,0.1061,3.91,3.91,desvio,acima,baixa,2,historico feriado (poucos dados),3.0
D01WF051014,19,,feriado,0.01,1.185,1.4496,-0.81,-0.81,normal,normal,baixa,2,historico feriado (poucos dados),3.0
D01WF051014,20,,feriado,0.01,0.24,0.2263,-1.02,-1.02,normal,normal,baixa,2,historico feriado (poucos dados),3.0
D01WF051014,21,,feriado,0.01,1.535,0.3837,-3.97,-3.97,desvio,abaixo,baixa,2,historico feriado (poucos dados),3.0
D01WF051014,22,,feriado,0.01,0.04,0.01,-3.0,-3.0,normal,normal,baixa,2,historico feriado (poucos dados),3.0
D01WF051014,23,,feriado,0.01,0.03,0.0346,-0.58,-0.58,normal,normal,baixa,3,historico feriado (poucos dados),3.0
D03TD027211,0,,feriado,0.0,0.0007,0.01,-0.07,-0.07,normal,normal,baixa,3,historico feriado (poucos dados),3.0
D03TD027211,1,,feriado,0.0,0.0,0.01,0.0,0.0,normal,normal,baixa,3,historico feriado (poucos dados),3.0
D03TD027211,2,,feriado,0.0,0.0,0.01,0.0,0.0,normal,normal,baixa,3,historico feriado (poucos dados),3.0
D03TD027211,3,,feriado,0.0,0.0,0.01,0.0,0.0,normal,normal,baixa,3,historico feriado (poucos dados),3.0
D03TD027211,4,,feriado,0.0,0.0,0.01,0.0,0.0,normal,normal,baixa,3,historico feriado (poucos dados),3.0
D03TD027211,5,,feriado,0.001,0.0,0.01,0.1,0.1,normal,normal,baixa,3,historico feriado (poucos dados),3.0
D03TD027211,6,,feriado,0.0,0.0,0.01,0.0,0.0,normal,normal,baixa,3,historico feriado (poucos dados),3.0
D03TD027211,7,,feriado,0.0,0.0,0.01,0.0,0.0,normal,normal,baixa,3,historico feriado (poucos dados),3.0
D03TD027211,8,,feriado,0.0,0.0003,0.01,-0.03,-0.03,normal,normal,baixa,3,historico feriado (poucos dados),3.0
D03TD027211,9,,feriado,0.0,0.0,0.01,0.0,0.0,normal,normal,baixa,3,historico feriado (poucos dados),3.0
D03TD027211,10,,feriado,0.0,0.0003,0.01,-0.03,-0.03,normal,normal,baixa,3,historico feriado (poucos dados),3.0
D03TD027211,11,,feriado,0.0,0.0003,0.01,-0.03,-0.03,normal,normal,baixa,3,historico feriado (poucos dados),3.0
D03TD027211,12,,feriado,0.001,0.0003,0.01,0.07,0.07,normal,normal,baixa,3,historico feriado (poucos dados),3.0
D03TD027211,13,,feriado,0.0,0.0007,0.01,-0.07,-0.07,normal,normal,baixa,3,historico feriado (poucos dados),3.0
D03TD027211,14,,feriado,0.001,0.0003,0.01,0.07,0.07,normal,normal,baixa,3,historico feriado (poucos dados),3.0
D03TD027211,15,,feriado,0.001,0.0,0.01,0.1,0.1,normal,normal,baixa,3,historico feriado (poucos dados),3.0
D03TD027211,16,,feriado,0.0,0.0007,0.01,-0.07,-0.07,normal,normal,baixa,3,historico feriado (poucos dados),3.0
D03TD027211,17,,feriado,0.001,0.0,0.01,0.1,0.1,normal,normal,baixa,3,historico feriado (poucos dados),3.0
D03TD027211,18,,feriado,0.0,0.001,0.01,-0.1,-0.1,normal,normal,baixa,3,historico feriado (poucos dados),3.0
D03TD027211,19,,feriado,0.001,0.0,0.01,0.1,0.1,normal,normal,baixa,3,historico feriado (poucos dados),3.0
D03TD027211,20,,feriado,0.0,0.0007,0.01,-0.07,-0.07,normal,normal,baixa,3,historico feriado (poucos dados),3.0
D03TD027211,21,,feriado,0.0,0.0,0.01,0.0,0.0,normal,normal,baixa,3,historico feriado (poucos dados),3.0
D03TD027211,22,,feriado,0.0,0.0003,0.01,-0.03,-0.03,normal,normal,baixa,3,historico feriado (poucos dados),3.0
D03TD027211,23,,feriado,0.0,0.0,0.01,0.0,0.0,normal,normal,baixa,3,historico feriado (poucos dados),3.0
D03TD038363,0,,feriado,0.0,0.0,0.01,0.0,0.0,normal,normal,baixa,3,historico feriado (poucos dados),3.0
D03TD038363,1,,feriado,0.0,0.0,0.01,0.0,0.0,normal,normal,baixa,3,historico feriado (poucos dados),3.0
D03TD038363,2,,feriado,0.0,0.0,0.01,0.0,0.0,normal,normal,baixa,3,historico feriado (poucos dados),3.0
D03TD038363,3,,feriado,0.0,0.0,0.01,0.0,0.0,normal,normal,baixa,3,historico feriado (poucos dados),3.0
D03TD038363,4,,feriado,0.0,0.0,0.01,0.0,0.0,normal,normal,baixa,3,historico feriado (poucos dados),3.0
D03TD038363,5,,feriado,0.0,0.0,0.01,0.0,0.0,normal,normal,baixa,3,historico feriado (poucos dados),3.0
D03TD038363,6,,feriado,0.0,0.0,0.01,0.0,0.0,normal,normal,baixa,3,historico feriado (poucos dados),3.0
D03TD038363,7,,feriado,0.0,0.0,0.01,0.0,0.0,normal,normal,baixa,3,historico feriado (poucos dados),3.0
D03TD038363,8,,feriado,0.0,0.0,0.01,0.0,0.0,normal,normal,baixa,3,historico feriado (poucos dados),3.0
D03TD038363,9,,feriado,0.0,0.0,0.01,0.0,0.0,normal,normal,baixa,3,historico feriado (poucos dados),3.0
D03TD038363,10,,feriado,0.0,0.0,0.01,0.0,0.0,normal,normal,baixa,3,historico feriado (poucos dados),3.0
D03TD038363,11,,feriado,0.0,0.0,0.01,0.0,0.0,normal,normal,baixa,3,historico feriado (poucos dados),3.0
D03TD038363,12,,feriado,0.0,0.0,0.01,0.0,0.0,normal,normal,baixa,3,historico feriado (poucos dados),3.0
D03TD038363,13,,feriado,0.0,0.0,0.01,0.0,0.0,normal,normal,baixa,3,historico feriado (poucos dados),3.0
D03TD038363,14,,feriado,0.0,0.0,0.01,0.0,0.0,normal,normal,baixa,3,historico feriado (poucos dados),3.0
D03TD038363,15,,feriado,0.0,0.0,0.01,0.0,0.0,normal,normal,baixa,3,historico feriado (poucos dados),3.0
D03TD038363,16,,feriado,0.0,0.0,0.01,0.0,0.0,normal,normal,baixa,3,historico feriado (poucos dados),3.0
D03TD038363,17,,feriado,0.0,0.0,0.01,0.0,0.0,normal,normal,baixa,3,historico feriado (poucos dados),3.0
D03TD038363,18,,feriado,0.0,0.0,0.01,0.0,0.0,normal,normal,baixa,3,historico feriado (poucos dados),3.0
D03TD038363,19,,feriado,0.0,0.0,0.01,0.0,0.0,normal,normal,baixa,3,historico feriado (poucos dados),3.0
D03TD038363,20,,feriado,0.0,0.0,0.01,0.0,0.0,normal,normal,baixa,3,historico feriado (poucos dados),3.0
D03TD038363,21,,feriado,0.0,0.0,0.01,0.0,0.0,normal,normal,baixa,3,historico feriado (poucos dados),3.0
D03TD038363,22,,feriado,0.0,0.0,0.01,0.0,0.0,normal,normal,baixa,3,historico feriado (poucos dados),3.0
D03TD038363,23,,feriado,0.0,0.0,0.01,0.0,0.0,normal,normal,baixa,3,historico feriado (poucos dados),3.0
D05AE129685,0,,feriado,2.181,0.4919,0.84,2.01,2.01,normal,normal,baixa,7,fallback (30d recentes),3.0
D05AE129685,1,,feriado,1.103,0.0,0.01,10.0,110.3,desvio,acima,baixa,2,historico feriado (poucos dados),3.0
D05AE129685,2,,feriado,3.649,0.0,0.01,10.0,364.9,desvio,acima,baixa,2,historico feriado (poucos dados),3.0
D05AE129685,3,,feriado,1.027,0.0,0.01,10.0,102.7,desvio,acima,baixa,2,historico feriado (poucos dados),3.0
D05AE129685,4,,feriado,4.106,0.0,0.01,10.0,410.6,desvio,acima,baixa,2,historico feriado (poucos dados),3.0
D05AE129685,5,,feriado,2.867,5.3005,7.496,-0.32,-0.32,normal,normal,baixa,2,historico feriado (poucos dados),3.0
D05AE129685,6,,feriado,0.006,0.003,0.01,0.3,0.3,normal,normal,baixa,2,historico feriado (poucos dados),3.0
D05AE129685,7,,feriado,0.009,0.004,0.01,0.5,0.5,normal,normal,baixa,2,historico feriado (poucos dados),3.0
D05AE129685,8,,feriado,0.011,0.005,0.01,0.6,0.6,normal,normal,baixa,2,historico feriado (poucos dados),3.0
D05AE129685,9,,feriado,0.012,0.006,0.01,0.6,0.6,normal,normal,baixa,2,historico feriado (poucos dados),3.0
D05AE129685,10,,feriado,0.012,0.0065,0.01,0.55,0.55,normal,normal,baixa,2,historico feriado (poucos dados),3.0
D05AE129685,11,,feriado,0.012,0.0055,0.01,0.65,0.65,normal,normal,baixa,2,historico feriado (poucos dados),3.0
D05AE129685,12,,feriado,0.012,0.0065,0.01,0.55,0.55,normal,normal,baixa,2,historico feriado (poucos dados),3.0
D05AE129685,17,,feriado,0.051,0.0045,0.01,4.65,4.65,desvio,acima,baixa,2,historico feriado (poucos dados),3.0
D05AE129685,18,,feriado,0.008,0.0045,0.01,0.35,0.35,normal,normal,baixa,2,historico feriado (poucos dados),3.0
D05AE129685,19,,feriado,0.009,0.004,0.01,0.5,0.5,normal,normal,baixa,2,historico feriado (poucos dados),3.0
D05AE129685,20,,feriado,0.009,0.0035,0.01,0.55,0.55,normal,normal,baixa,2,historico feriado (poucos dados),3.0
D05AE129686,0,,feriado,0.0,0.0,0.01,0.0,0.0,normal,normal,baixa,2,historico feriado (poucos dados),3.0
D05AE129686,1,,feriado,0.0,0.0,0.01,0.0,0.0,normal,normal,baixa,2,historico feriado (poucos dados),3.0
D05AE129686,2,,feriado,0.0,1.453,0.3632,-4.0,-4.0,desvio,abaixo,baixa,2,historico feriado (poucos dados),3.0
D05AE129686,3,,feriado,0.0,0.5425,0.7672,-0.71,-0.71,normal,normal,baixa,2,historico feriado (poucos dados),3.0
D05AE129686,4,,feriado,0.0,1.8557,0.8652,-2.14,-2.14,normal,normal,baixa,3,historico feriado (poucos dados),3.0
D05AE129686,5,,feriado,0.0,0.2557,0.0639,-4.0,-4.0,desvio,abaixo,baixa,3,historico feriado (poucos dados),3.0
D05AE129686,6,,feriado,0.0,0.0,0.01,0.0,0.0,normal,normal,baixa,3,historico feriado (poucos dados),3.0
D05AE129686,7,,feriado,0.0,0.0,0.01,0.0,0.0,normal,normal,baixa,3,historico feriado (poucos dados),3.0
D05AE129686,8,,feriado,0.0,0.0,0.01,0.0,0.0,normal,normal,baixa,3,historico feriado (poucos dados),3.0
D05AE129686,9,,feriado,0.0,0.0,0.01,0.0,0.0,normal,normal,baixa,3,historico feriado (poucos dados),3.0
D05AE129686,10,,feriado,0.0,0.0,0.01,0.0,0.0,normal,normal,baixa,3,historico feriado (poucos dados),3.0
D05AE129686,11,,feriado,0.0,0.0,0.01,0.0,0.0,normal,normal,baixa,3,historico feriado (poucos dados),3.0
D05AE129686,12,,feriado,0.0,0.0,0.01,0.0,0.0,normal,normal,baixa,3,historico feriado (poucos dados),3.0
D05AE129686,13,,feriado,0.0,0.0,0.01,0.0,0.0,normal,normal,baixa,3,historico feriado (poucos dados),3.0
D05AE129686,14,,feriado,0.0,0.0,0.01,0.0,0.0,normal,normal,baixa,3,historico feriado (poucos dados),3.0
D05AE129686,15,,feriado,0.0,0.0,0.01,0.0,0.0,normal,normal,baixa,3,historico feriado (poucos dados),3.0
D05AE129686,16,,feriado,0.0,0.0,0.01,0.0,0.0,normal,normal,baixa,3,historico feriado (poucos dados),3.0
D05AE129686,17,,feriado,0.0,0.0,0.01,0.0,0.0,normal,normal,baixa,3,historico feriado (poucos dados),3.0
D05AE129686,18,,feriado,0.0,0.0,0.01,0.0,0.0,normal,normal,baixa,3,historico feriado (poucos dados),3.0
D05AE129686,19,,feriado,0.0,0.0,0.01,0.0,0.0,normal,normal,baixa,3,historico feriado (poucos dados),3.0
D05AE129686,20,,feriado,0.0,0.0,0.01,0.0,0.0,normal,normal,baixa,2,historico feriado (poucos dados),3.0
D05AE129686,21,,feriado,0.0,0.0005,0.01,-0.05,-0.05,normal,normal,baixa,2,historico feriado (poucos dados),3.0
D05AE129686,22,,feriado,0.0,0.0,0.01,0.0,0.0,normal,normal,baixa,2,historico feriado (poucos dados),3.0
D05AE129686,23,,feriado,0.0,0.0,0.01,0.0,0.0,normal,normal,baixa,2,historico feriado (poucos dados),3.0
D05AE130850,0,,feriado,0.003,0.0015,0.01,0.15,0.15,normal,normal,baixa,2,historico feriado (poucos dados),3.0
D05AE130852,0,,feriado,0.0,0.0,0.01,0.0,0.0,normal,normal,baixa,11,fallback (30d recentes),3.0
D05AE130852,1,,feriado,0.0,0.0,0.01,0.0,0.0,normal,normal,baixa,16,fallback (30d recentes),3.0
D05AE130852,2,,feriado,0.0,0.0,0.01,0.0,0.0,normal,normal,baixa,16,fallback (30d recentes),3.0
D05AE130852,3,,feriado,0.0,0.0,0.01,0.0,0.0,normal,normal,baixa,16,fallback (30d recentes),3.0
D05AE130852,4,,feriado,0.0,0.0,0.01,0.0,0.0,normal,normal,baixa,16,fallback (30d recentes),3.0
D05AE130852,5,,feriado,0.0,0.0,0.01,0.0,0.0,normal,normal,baixa,2,historico feriado (poucos dados),3.0
D05AE130852,6,,feriado,0.0,0.0,0.01,0.0,0.0,normal,normal,baixa,2,historico feriado (poucos dados),3.0
D05AE130852,7,,feriado,0.0,0.0,0.01,0.0,0.0,normal,normal,baixa,2,historico feriado (poucos dados),3.0
D05AE130852,8,,feriado,0.0,0.0,0.01,0.0,0.0,normal,normal,baixa,2,historico feriado (poucos dados),3.0
D05AE130852,9,,feriado,0.0,0.0,0.01,0.0,0.0,normal,normal,baixa,3,historico feriado (poucos dados),3.0
D05AE130852,10,,feriado,0.0,0.0,0.01,0.0,0.0,normal,normal,baixa,3,historico feriado (poucos dados),3.0
D05AE130852,11,,feriado,0.0,0.0,0.01,0.0,0.0,normal,normal,baixa,3,historico feriado (poucos dados),3.0
D05AE130852,12,,feriado,0.0,0.0,0.01,0.0,0.0,normal,normal,baixa,3,historico feriado (poucos dados),3.0
D05AE130852,13,,feriado,0.0,0.0,0.01,0.0,0.0,normal,normal,baixa,13,fallback (30d recentes),3.0
D05AE130852,14,,feriado,0.0,0.0,0.01,0.0,0.0,normal,normal,baixa,13,fallback (30d recentes),3.0
D05AE130852,15,,feriado,0.0,0.0,0.01,0.0,0.0,normal,normal,baixa,13,fallback (30d recentes),3.0
D05AE130852,16,,feriado,0.0,0.0,0.01,0.0,0.0,normal,normal,baixa,13,fallback (30d recentes),3.0
D05AE130852,17,,feriado,0.0,0.0,0.01,0.0,0.0,normal,normal,baixa,14,fallback (30d recentes),3.0
D05AE130852,18,,feriado,0.0,0.0,0.01,0.0,0.0,normal,normal,baixa,14,fallback (30d recentes),3.0
D05AE130852,19,,feriado,0.0,0.0,0.01,0.0,0.0,normal,normal,baixa,14,fallback (30d recentes),3.0
D05AE130852,20,,feriado,0.0,0.0,0.01,0.0,0.0,normal,normal,baixa,14,fallback (30d recentes),3.0
D05AE130852,21,,feriado,0.0,0.0,0.01,0.0,0.0,normal,normal,baixa,13,fallback (30d recentes),3.0
D05AE130852,22,,feriado,0.0,0.0,0.01,0.0,0.0,normal,normal,baixa,13,fallback (30d recentes),3.0
D05AE130852,23,,feriado,0.0,0.0,0.01,0.0,0.0,normal,normal,baixa,13,fallback (30d recentes),3.0
D06AE082862,0,,feriado,0.036,0.0333,0.0577,0.05,0.05,normal,normal,baixa,3,historico feriado (poucos dados),3.0
D06AE082862,1,,feriado,1.315,0.4613,0.7991,1.07,1.07,normal,normal,baixa,3,historico feriado (poucos dados),3.0
D06AE082862,2,,feriado,1.792,0.6467,1.1201,1.02,1.02,normal,normal,baixa,3,historico feriado (poucos dados),3.0
D06AE082862,3,,feriado,2.499,0.6987,1.2101,1.49,1.49,normal,normal,baixa,3,historico feriado (poucos dados),3.0
D06AE082862,4,,feriado,1.903,0.448,0.776,1.88,1.88,normal,normal,baixa,3,historico feriado (poucos dados),3.0
D06AE082862,5,,feriado,2.916,0.457,0.7915,3.11,3.11,desvio,acima,baixa,3,historico feriado (poucos dados),3.0
D06AE082862,6,,feriado,1.425,0.0,0.01,10.0,142.5,desvio,acima,baixa,2,historico feriado (poucos dados),3.0
D06AE082862,7,,feriado,1.204,0.0,0.01,10.0,120.4,desvio,acima,baixa,2,historico feriado (poucos dados),3.0
D06AE082862,8,,feriado,0.582,0.0,0.01,10.0,58.2,desvio,acima,baixa,2,historico feriado (poucos dados),3.0
D06AE082862,9,,feriado,0.04,0.0,0.01,4.0,4.0,desvio,acima,baixa,2,historico feriado (poucos dados),3.0
D06AE082862,10,,feriado,0.041,0.7193,1.2459,-0.54,-0.54,normal,normal,baixa,3,historico feriado (poucos dados),3.0
D06AE082862,11,,feriado,0.041,0.03,0.052,0.21,0.21,normal,normal,baixa,3,historico feriado (poucos dados),3.0
D06AE082862,12,,feriado,0.041,0.03,0.052,0.21,0.21,normal,normal,baixa,3,historico feriado (poucos dados),3.0
D06AE082862,13,,feriado,0.041,0.0303,0.0525,0.2,0.2,normal,normal,baixa,3,historico feriado (poucos dados),3.0
D06AE082862,14,,feriado,0.041,0.03,0.052,0.21,0.21,normal,normal,baixa,3,historico feriado (poucos dados),3.0
D06AE082862,15,,feriado,0.04,0.0297,0.0514,0.2,0.2,normal,normal,baixa,3,historico feriado (poucos dados),3.0
D06AE082862,16,,feriado,0.039,0.0297,0.0514,0.18,0.18,normal,normal,baixa,3,historico feriado (poucos dados),3.0
D06AE082862,17,,feriado,0.039,0.0293,0.0508,0.19,0.19,normal,normal,baixa,3,historico feriado (poucos dados),3.0
D06AE082862,18,,feriado,0.039,0.0297,0.0514,0.18,0.18,normal,normal,baixa,3,historico feriado (poucos dados),3.0
D06AE082862,19,,feriado,0.039,0.029,0.0502,0.2,0.2,normal,normal,baixa,3,historico feriado (poucos dados),3.0
D06AE082862,20,,feriado,0.04,0.0293,0.0508,0.21,0.21,normal,normal,baixa,3,historico feriado (poucos dados),3.0
D06AE082862,21,,feriado,0.037,0.029,0.0502,0.16,0.16,normal,normal,baixa,3,historico feriado (poucos dados),3.0
D06AE082862,22,,feriado,0.038,0.029,0.0502,0.18,0.18,normal,normal,baixa,3,historico feriado (poucos dados),3.0
D06AE082862,23,,feriado,0.037,0.0287,0.0497,0.17,0.17,normal,normal,baixa,3,historico feriado (poucos dados),3.0
D07AC001465N,0,,feriado,0.0,0.0,0.01,0.0,0.0,normal,normal,baixa,3,historico feriado (poucos dados),3.0
D07AC001465N,1,,feriado,0.0,0.0,0.01,0.0,0.0,normal,normal,baixa,3,historico feriado (poucos dados),3.0
D07AC001465N,2,,feriado,0.0,0.0,0.01,0.0,0.0,normal,normal,baixa,3,historico feriado (poucos dados),3.0
D07AC001465N,3,,feriado,0.0,0.0,0.01,0.0,0.0,normal,normal,baixa,3,historico feriado (poucos dados),3.0
D07AC001465N,4,,feriado,0.0,0.0,0.01,0.0,0.0,normal,normal,baixa,2,historico feriado (poucos dados),3.0
D07AC001465N,5,,feriado,0.0,0.0,0.01,0.0,0.0,normal,normal,baixa,2,historico feriado (poucos dados),3.0
D07AC001465N,6,,feriado,0.0,0.0,0.01,0.0,0.0,normal,normal,baixa,2,historico feriado (poucos dados),3.0
D07AC001465N,7,,feriado,0.0,0.0,0.01,0.0,0.0,normal,normal,baixa,2,historico feriado (poucos dados),3.0
D07AC001465N,8,,feriado,0.0,0.0,0.01,0.0,0.0,normal,normal,baixa,2,historico feriado (poucos dados),3.0
D07AC001465N,9,,feriado,0.0,0.0,0.01,0.0,0.0,normal,normal,baixa,2,historico feriado (poucos dados),3.0
D07AC001465N,10,,feriado,0.0,0.0,0.01,0.0,0.0,normal,normal,baixa,2,historico feriado (poucos dados),3.0
D07AC001465N,11,,feriado,0.0,0.0,0.01,0.0,0.0,normal,normal,baixa,2,historico feriado (poucos dados),3.0
D07AC001465N,16,,feriado,0.0,0.0,0.01,0.0,0.0,normal,normal,baixa,3,historico feriado (poucos dados),3.0
D07AC001465N,17,,feriado,0.0,0.0,0.01,0.0,0.0,normal,normal,baixa,3,historico feriado (poucos dados),3.0
D07AC001465N,18,,feriado,0.0,0.0,0.01,0.0,0.0,normal,normal,baixa,3,historico feriado (poucos dados),3.0
D07AC001465N,19,,feriado,0.0,0.0,0.01,0.0,0.0,normal,normal,baixa,3,historico feriado (poucos dados),3.0
D07AC001465N,20,,feriado,0.0,0.0,0.01,0.0,0.0,normal,normal,baixa,3,historico feriado (poucos dados),3.0
D07AC001465N,21,,feriado,0.0,0.0,0.01,0.0,0.0,normal,normal,baixa,3,historico feriado (poucos dados),3.0
D07AC001465N,22,,feriado,0.0,0.0,0.01,0.0,0.0,normal,normal,baixa,3,historico feriado (poucos dados),3.0
D07AC001465N,23,,feriado,0.0,0.0,0.01,0.0,0.0,normal,normal,baixa,3,historico feriado (poucos dados),3.0
D07AC001466O,0,,feriado,0.0,0.0,0.01,0.0,0.0,normal,normal,baixa,20,fallback (30d recentes),3.0
D07AC001466O,1,,feriado,0.0,0.0,0.01,0.0,0.0,normal,normal,baixa,2,historico feriado (poucos dados),3.0
D07AC001466O,2,,feriado,0.0,0.0,0.01,0.0,0.0,normal,normal,baixa,2,historico feriado (poucos dados),3.0
D07AC001466O,3,,feriado,0.0,0.0,0.01,0.0,0.0,normal,normal,baixa,2,historico feriado (poucos dados),3.0
D07AC001466O,4,,feriado,0.0,0.0,0.01,0.0,0.0,normal,normal,baixa,3,historico feriado (poucos dados),3.0
D07AC001466O,5,,feriado,0.0,0.0,0.01,0.0,0.0,normal,normal,baixa,3,historico feriado (poucos dados),3.0
D07AC001466O,6,,feriado,0.0,0.0,0.01,0.0,0.0,normal,normal,baixa,3,historico feriado (poucos dados),3.0
D07AC001466O,7,,feriado,0.0,0.0,0.01,0.0,0.0,normal,normal,baixa,3,historico feriado (poucos dados),3.0
D07AC001466O,8,,feriado,0.0,0.0,0.01,0.0,0.0,normal,normal,baixa,2,historico feriado (poucos dados),3.0
D07AC001466O,9,,feriado,0.0,0.0,0.01,0.0,0.0,normal,normal,baixa,19,fallback (30d recentes),3.0
D07AC001466O,10,,feriado,0.0,0.0,0.01,0.0,0.0,normal,normal,baixa,17,fallback (30d recentes),3.0
D07AC001466O,11,,feriado,0.0,0.0,0.01,0.0,0.0,normal,normal,baixa,14,fallback (30d recentes),3.0
D07AC001466O,12,,feriado,0.0,0.0,0.01,0.0,0.0,normal,normal,baixa,2,historico feriado (poucos dados),3.0
D07AC001466O,16,,feriado,0.0,0.0,0.01,0.0,0.0,normal,normal,baixa,3,historico feriado (poucos dados),3.0
D07AC001466O,17,,feriado,0.0,0.0,0.01,0.0,0.0,normal,normal,baixa,3,historico feriado (poucos dados),3.0
D07AC001466O,18,,feriado,0.0,0.0,0.01,0.0,0.0,normal,normal,baixa,3,historico feriado (poucos dados),3.0
D07AC001466O,19,,feriado,0.0,0.0,0.01,0.0,0.0,normal,normal,baixa,3,historico feriado (poucos dados),3.0
D07AC001466O,20,,feriado,0.0,0.0,0.01,0.0,0.0,normal,normal,baixa,2,historico feriado (poucos dados),3.0
D07AC001466O,21,,feriado,0.0,0.0,0.01,0.0,0.0,normal,normal,baixa,2,historico feriado (poucos dados),3.0
D07AC001466O,22,,feriado,0.0,0.0,0.01,0.0,0.0,normal,normal,baixa,2,historico feriado (poucos dados),3.0
D07AC001466O,23,,feriado,0.0,0.0,0.01,0.0,0.0,normal,normal,baixa,2,historico feriado (poucos dados),3.0
D07AC003358T,0,,feriado,0.0,0.0,0.01,0.0,0.0,normal,normal,baixa,3,historico feriado (poucos dados),3.0
D07AC003358T,1,,feriado,0.0,0.0,0.01,0.0,0.0,normal,normal,baixa,3,historico feriado (poucos dados),3.0
D07AC003358T,2,,feriado,0.0,0.0,0.01,0.0,0.0,normal,normal,baixa,3,historico feriado (poucos dados),3.0
D07AC003358T,3,,feriado,0.0,0.0,0.01,0.0,0.0,normal,normal,baixa,3,historico feriado (poucos dados),3.0
D07AC003358T,4,,feriado,0.0,0.0,0.01,0.0,0.0,normal,normal,baixa,3,historico feriado (poucos dados),3.0
D07AC003358T,5,,feriado,0.0,0.0,0.01,0.0,0.0,normal,normal,baixa,3,historico feriado (poucos dados),3.0
D07AC003358T,6,,feriado,0.0,0.0,0.01,0.0,0.0,normal,normal,baixa,3,historico feriado (poucos dados),3.0
D07AC003358T,7,,feriado,0.0,0.0,0.01,0.0,0.0,normal,normal,baixa,3,historico feriado (poucos dados),3.0
D07AC003358T,8,,feriado,0.0,0.0,0.01,0.0,0.0,normal,normal,baixa,3,historico feriado (poucos dados),3.0
D07AC003358T,9,,feriado,0.0,0.0,0.01,0.0,0.0,normal,normal,baixa,3,historico feriado (poucos dados),3.0
D07AC003358T,10,,feriado,0.0,0.0,0.01,0.0,0.0,normal,normal,baixa,3,historico feriado (poucos dados),3.0
D07AC003358T,11,,feriado,0.0,0.0,0.01,0.0,0.0,normal,normal,baixa,3,historico feriado (poucos dados),3.0
D07AC003358T,12,,feriado,0.0,0.0,0.01,0.0,0.0,normal,normal,baixa,3,historico feriado (poucos dados),3.0
D07AC003358T,13,,feriado,0.0,0.0,0.01,0.0,0.0,normal,normal,baixa,3,historico feriado (poucos dados),3.0
D07AC003358T,14,,feriado,0.0,0.0,0.01,0.0,0.0,normal,normal,baixa,3,historico feriado (poucos dados),3.0
D07AC003358T,15,,feriado,0.0,0.0,0.01,0.0,0.0,normal,normal,baixa,3,historico feriado (poucos dados),3.0
D07AC003358T,16,,feriado,0.0,0.0,0.01,0.0,0.0,normal,normal,baixa,3,historico feriado (poucos dados),3.0
D07AC003358T,17,,feriado,0.0,0.0,0.01,0.0,0.0,normal,normal,baixa,3,historico feriado (poucos dados),3.0
D07AC003358T,18,,feriado,0.0,0.0,0.01,0.0,0.0,normal,normal,baixa,3,historico feriado (poucos dados),3.0
D07AC003358T,19,,feriado,0.0,0.0,0.01,0.0,0.0,normal,normal,baixa,3,historico feriado (poucos dados),3.0
D07AC003358T,20,,feriado,0.0,0.0,0.01,0.0,0.0,normal,normal,baixa,3,historico feriado (poucos dados),3.0
D07AC003358T,21,,feriado,0.0,0.0,0.01,0.0,0.0,normal,normal,baixa,3,historico feriado (poucos dados),3.0
D07AC003358T,22,,feriado,0.0,0.0,0.01,0.0,0.0,normal,normal,baixa,3,historico feriado (poucos dados),3.0
D07AC003358T,23,,feriado,0.0,0.0,0.01,0.0,0.0,normal,normal,baixa,3,historico feriado (poucos dados),3.0
D07AC003363O,0,,feriado,0.0,0.0,0.01,0.0,0.0,normal,normal,baixa,3,historico feriado (poucos dados),3.0
D07AC003363O,1,,feriado,0.0,0.0,0.01,0.0,0.0,normal,normal,baixa,3,historico feriado (poucos dados),3.0
D07AC003363O,2,,feriado,0.0,0.0,0.01,0.0,0.0,normal,normal,baixa,3,historico feriado (poucos dados),3.0
D07AC003363O,3,,feriado,0.0,0.0,0.01,0.0,0.0,normal,normal,baixa,3,historico feriado (poucos dados),3.0
D07AC003363O,4,,feriado,0.0,0.0,0.01,0.0,0.0,normal,normal,baixa,3,historico feriado (poucos dados),3.0
D07AC003363O,5,,feriado,0.0,0.0,0.01,0.0,0.0,normal,normal,baixa,3,historico feriado (poucos dados),3.0
D07AC003363O,6,,feriado,0.0,0.0,0.01,0.0,0.0,normal,normal,baixa,3,historico feriado (poucos dados),3.0
D07AC003363O,7,,feriado,0.0,0.0,0.01,0.0,0.0,normal,normal,baixa,3,historico feriado (poucos dados),3.0
D07AC003363O,8,,feriado,0.0,0.0,0.01,0.0,0.0,normal,normal,baixa,3,historico feriado (poucos dados),3.0
D07AC003363O,9,,feriado,0.0,0.0,0.01,0.0,0.0,normal,normal,baixa,3,historico feriado (poucos dados),3.0
D07AC003363O,10,,feriado,0.0,0.0,0.01,0.0,0.0,normal,normal,baixa,3,historico feriado (poucos dados),3.0
D07AC003363O,11,,feriado,0.0,0.0,0.01,0.0,0.0,normal,normal,baixa,3,historico feriado (poucos dados),3.0
D07AC003363O,12,,feriado,0.0,0.0,0.01,0.0,0.0,normal,normal,baixa,3,historico feriado (poucos dados),3.0
D07AC003363O,13,,feriado,0.0,0.0,0.01,0.0,0.0,normal,normal,baixa,3,historico feriado (poucos dados),3.0
D07AC003363O,14,,feriado,0.0,0.0,0.01,0.0,0.0,normal,normal,baixa,3,historico feriado (poucos dados),3.0
D07AC003363O,15,,feriado,0.0,0.0,0.01,0.0,0.0,normal,normal,baixa,3,historico feriado (poucos dados),3.0
D07AC003363O,16,,feriado,0.0,0.0,0.01,0.0,0.0,normal,normal,baixa,3,historico feriado (poucos dados),3.0
D07AC003363O,17,,feriado,0.0,0.0,0.01,0.0,0.0,normal,normal,baixa,3,historico feriado (poucos dados),3.0
D07AC003363O,18,,feriado,0.0,0.0,0.01,0.0,0.0,normal,normal,baixa,3,historico feriado (poucos dados),3.0
D07AC003363O,19,,feriado,0.0,0.0,0.01,0.0,0.0,normal,normal,baixa,3,historico feriado (poucos dados),3.0
D07AC003363O,20,,feriado,0.0,0.0,0.01,0.0,0.0,normal,normal,baixa,3,historico feriado (poucos dados),3.0
D07AC003363O,21,,feriado,0.0,0.0,0.01,0.0,0.0,normal,normal,baixa,3,historico feriado (poucos dados),3.0
D07AC003363O,22,,feriado,0.0,0.0,0.01,0.0,0.0,normal,normal,baixa,3,historico feriado (poucos dados),3.0
D07AC003363O,23,,feriado,0.0,0.0,0.01,0.0,0.0,normal,normal,baixa,3,historico feriado (poucos dados),3.0
D07AC004101A,0,,feriado,0.0,0.0,0.01,0.0,0.0,normal,normal,baixa,3,historico feriado (poucos dados),3.0
D07AC004101A,1,,feriado,0.0,0.0,0.01,0.0,0.0,normal,normal,baixa,3,historico feriado (poucos dados),3.0
D07AC004101A,2,,feriado,0.0,0.0,0.01,0.0,0.0,normal,normal,baixa,3,historico feriado (poucos dados),3.0
D07AC004101A,3,,feriado,0.0,0.0,0.01,0.0,0.0,normal,normal,baixa,3,historico feriado (poucos dados),3.0
D07AC004101A,4,,feriado,0.0,0.0,0.01,0.0,0.0,normal,normal,baixa,3,historico feriado (poucos dados),3.0
D07AC004101A,5,,feriado,0.0,0.0,0.01,0.0,0.0,normal,normal,baixa,3,historico feriado (poucos dados),3.0
D07AC004101A,6,,feriado,0.0,0.0,0.01,0.0,0.0,normal,normal,baixa,3,historico feriado (poucos dados),3.0
D07AC004101A,7,,feriado,0.0,0.0,0.01,0.0,0.0,normal,normal,baixa,3,historico feriado (poucos dados),3.0
D07AC004101A,12,,feriado,0.0,0.0,0.01,0.0,0.0,normal,normal,baixa,3,historico feriado (poucos dados),3.0
D07AC004101A,13,,feriado,0.0,0.0,0.01,0.0,0.0,normal,normal,baixa,3,historico feriado (poucos dados),3.0
D07AC004101A,14,,feriado,0.0,0.0,0.01,0.0,0.0,normal,normal,baixa,3,historico feriado (poucos dados),3.0
D07AC004101A,15,,feriado,0.0,0.0,0.01,0.0,0.0,normal,normal,baixa,3,historico feriado (poucos dados),3.0
D07AC004101A,16,,feriado,0.0,0.0,0.01,0.0,0.0,normal,normal,baixa,3,historico feriado (poucos dados),3.0
D07AC004101A,17,,feriado,0.0,0.0,0.01,0.0,0.0,normal,normal,baixa,3,historico feriado (poucos dados),3.0
D07AC004101A,18,,feriado,0.0,0.0,0.01,0.0,0.0,normal,normal,baixa,3,historico feriado (poucos dados),3.0
D07AC004101A,19,,feriado,0.0,0.0,0.01,0.0,0.0,normal,normal,baixa,3,historico feriado (poucos dados),3.0
D07AC004101A,20,,feriado,0.0,0.0,0.01,0.0,0.0,normal,normal,baixa,3,historico feriado (poucos dados),3.0
D07AC004101A,21,,feriado,0.0,0.0,0.01,0.0,0.0,normal,normal,baixa,3,historico feriado (poucos dados),3.0
D07AC004101A,22,,feriado,0.0,0.0,0.01,0.0,0.0,normal,normal,baixa,3,historico feriado (poucos dados),3.0
D07AC004101A,23,,feriado,0.0,0.0,0.01,0.0,0.0,normal,normal,baixa,3,historico feriado (poucos dados),3.0
D07AC116408J,0,,feriado,0.0,0.0,0.01,0.0,0.0,normal,normal,baixa,3,historico feriado (poucos dados),3.0
D07AC116408J,1,,feriado,0.0,0.0,0.01,0.0,0.0,normal,normal,baixa,3,historico feriado (poucos dados),3.0
D07AC116408J,2,,feriado,0.0,0.0,0.01,0.0,0.0,normal,normal,baixa,3,historico feriado (poucos dados),3.0
D07AC116408J,3,,feriado,0.0,0.0,0.01,0.0,0.0,normal,normal,baixa,3,historico feriado (poucos dados),3.0
D07AC116408J,4,,feriado,0.0,0.0,0.01,0.0,0.0,normal,normal,baixa,3,historico feriado (poucos dados),3.0
D07AC116408J,5,,feriado,0.0,0.0,0.01,0.0,0.0,normal,normal,baixa,3,historico feriado (poucos dados),3.0
D07AC116408J,6,,feriado,0.0,0.0,0.01,0.0,0.0,normal,normal,baixa,3,historico feriado (poucos dados),3.0
D07AC116408J,7,,feriado,0.0,0.0,0.01,0.0,0.0,normal,normal,baixa,3,historico feriado (poucos dados),3.0
D07AC116408J,8,,feriado,0.0,0.0,0.01,0.0,0.0,normal,normal,baixa,3,historico feriado (poucos dados),3.0
D07AC116408J,9,,feriado,0.0,0.0,0.01,0.0,0.0,normal,normal,baixa,3,historico feriado (poucos dados),3.0
D07AC116408J,10,,feriado,0.0,0.0,0.01,0.0,0.0,normal,normal,baixa,3,historico feriado (poucos dados),3.0
D07AC116408J,11,,feriado,0.0,0.0,0.01,0.0,0.0,normal,normal,baixa,3,historico feriado (poucos dados),3.0
D07AC116408J,12,,feriado,0.0,0.0,0.01,0.0,0.0,normal,normal,baixa,3,historico feriado (poucos dados),3.0
D07AC116408J,13,,feriado,0.0,0.0,0.01,0.0,0.0,normal,normal,baixa,3,historico feriado (poucos dados),3.0
D07AC116408J,14,,feriado,0.0,0.0,0.01,0.0,0.0,normal,normal,baixa,3,historico feriado (poucos dados),3.0
D07AC116408J,15,,feriado,0.0,0.0,0.01,0.0,0.0,normal,normal,baixa,3,historico feriado (poucos dados),3.0
D07AC116408J,16,,feriado,0.0,0.0,0.01,0.0,0.0,normal,normal,baixa,3,historico feriado (poucos dados),3.0
D07AC116408J,17,,feriado,0.0,0.0,0.01,0.0,0.0,normal,normal,baixa,3,historico feriado (poucos dados),3.0
D07AC116408J,18,,feriado,0.0,0.0,0.01,0.0,0.0,normal,normal,baixa,3,historico feriado (poucos dados),3.0
D07AC116408J,19,,feriado,0.0,0.0,0.01,0.0,0.0,normal,normal,baixa,3,historico feriado (poucos dados),3.0
D07AC116408J,20,,feriado,0.0,0.0,0.01,0.0,0.0,normal,normal,baixa,3,historico feriado (poucos dados),3.0
D07AC116408J,21,,feriado,0.0,0.0,0.01,0.0,0.0,normal,normal,baixa,3,historico feriado (poucos dados),3.0
D07AC116408J,22,,feriado,0.0,0.0,0.01,0.0,0.0,normal,normal,baixa,3,historico feriado (poucos dados),3.0
D07AC116408J,23,,feriado,0.0,0.0,0.01,0.0,0.0,normal,normal,baixa,3,historico feriado (poucos dados),3.0
D07AE127769C,0,,feriado,0.0,0.0,0.01,0.0,0.0,normal,normal,baixa,3,historico feriado (poucos dados),3.0
D07AE127769C,1,,feriado,0.0,0.4543,0.7869,-0.58,-0.58,normal,normal,baixa,3,historico feriado (poucos dados),3.0
D07AE127769C,2,,feriado,0.0,0.0,0.01,0.0,0.0,normal,normal,baixa,3,historico feriado (poucos dados),3.0
D07AE127769C,3,,feriado,0.0,0.0,0.01,0.0,0.0,normal,normal,baixa,3,historico feriado (poucos dados),3.0
D07AE127769C,4,,feriado,0.0,0.46,0.7967,-0.58,-0.58,normal,normal,baixa,3,historico feriado (poucos dados),3.0
D07AE127769C,5,,feriado,0.0,0.0,0.01,0.0,0.0,normal,normal,baixa,3,historico feriado (poucos dados),3.0
D07AE127769C,6,,feriado,0.0,0.4487,0.7771,-0.58,-0.58,normal,normal,baixa,3,historico feriado (poucos dados),3.0
D07AE127769C,7,,feriado,0.0,0.0,0.01,0.0,0.0,normal,normal,baixa,3,historico feriado (poucos dados),3.0
D07AE127769C,8,,feriado,0.0,0.0,0.01,0.0,0.0,normal,normal,baixa,3,historico feriado (poucos dados),3.0
D07AE127769C,9,,feriado,0.0,0.9133,0.793,-1.15,-1.15,normal,normal,baixa,3,historico feriado (poucos dados),3.0
D07AE127769C,10,,feriado,0.0,0.0,0.01,0.0,0.0,normal,normal,baixa,3,historico feriado (poucos dados),3.0
D07AE127769C,11,,feriado,0.0,0.0,0.01,0.0,0.0,normal,normal,baixa,3,historico feriado (poucos dados),3.0
D07AE127769C,12,,feriado,0.0,0.5043,0.8735,-0.58,-0.58,normal,normal,baixa,3,historico feriado (poucos dados),3.0
D07AE127769C,13,,feriado,0.0,0.4007,0.694,-0.58,-0.58,normal,normal,baixa,3,historico feriado (poucos dados),3.0
D07AE127769C,14,,feriado,0.0,0.0,0.01,0.0,0.0,normal,normal,baixa,3,historico feriado (poucos dados),3.0
D07AE127769C,15,,feriado,0.0,0.0,0.01,0.0,0.0,normal,normal,baixa,3,historico feriado (poucos dados),3.0
D07AE127769C,16,,feriado,0.0,0.9573,0.8325,-1.15,-1.15,normal,normal,baixa,3,historico feriado (poucos dados),3.0
D07AE127769C,17,,feriado,0.0,0.0,0.01,0.0,0.0,normal,normal,baixa,3,historico feriado (poucos dados),3.0
D07AE127769C,18,,feriado,0.0,0.458,0.7933,-0.58,-0.58,normal,normal,baixa,3,historico feriado (poucos dados),3.0
D07AE127769C,19,,feriado,0.0,0.567,0.9821,-0.58,-0.58,normal,normal,baixa,3,historico feriado (poucos dados),3.0
D07AE127769C,20,,feriado,0.0,0.4327,0.7494,-0.58,-0.58,normal,normal,baixa,3,historico feriado (poucos dados),3.0
D07AE127769C,21,,feriado,0.0,0.0,0.01,0.0,0.0,normal,normal,baixa,3,historico feriado (poucos dados),3.0
D07AE127769C,22,,feriado,0.0,0.0,0.01,0.0,0.0,normal,normal,baixa,3,historico feriado (poucos dados),3.0
D07AE127769C,23,,feriado,0.0,0.4523,0.7835,-0.58,-0.58,normal,normal,baixa,3,historico feriado (poucos dados),3.0
D07AE127770V,0,,feriado,0.006,0.0297,0.01,-2.37,-2.37,normal,normal,baixa,3,historico feriado (poucos dados),3.0
D07AE127770V,1,,feriado,0.007,0.0303,0.01,-2.33,-2.33,normal,normal,baixa,3,historico feriado (poucos dados),3.0
D07AE127770V,2,,feriado,0.005,0.0307,0.01,-2.57,-2.57,normal,normal,baixa,3,historico feriado (poucos dados),3.0
D07AE127770V,3,,feriado,0.0,0.03,0.01,-3.0,-3.0,normal,normal,baixa,3,historico feriado (poucos dados),3.0
D07AE127770V,4,,feriado,0.0,0.0307,0.01,-3.07,-3.07,desvio,abaixo,baixa,3,historico feriado (poucos dados),3.0
D07AE127770V,5,,feriado,0.0,0.032,0.01,-3.2,-3.2,desvio,abaixo,baixa,2,historico feriado (poucos dados),3.0
D07AE127770V,6,,feriado,0.0,0.03,0.01,-3.0,-3.0,normal,normal,baixa,3,historico feriado (poucos dados),3.0
D07AE127770V,7,,feriado,0.0,0.0297,0.01,-2.97,-2.97,normal,normal,baixa,3,historico feriado (poucos dados),3.0
D07AE127770V,8,,feriado,0.0,0.0283,0.01,-2.83,-2.83,normal,normal,baixa,3,historico feriado (poucos dados),3.0
D07AE127770V,9,,feriado,0.0,0.0273,0.01,-2.73,-2.73,normal,normal,baixa,3,historico feriado (poucos dados),3.0
D07AE127770V,10,,feriado,0.0,0.0333,0.0119,-2.79,-2.79,normal,normal,baixa,3,historico feriado (poucos dados),3.0
D07AE127770V,11,,feriado,0.0,0.0257,0.01,-2.57,-2.57,normal,normal,baixa,3,historico feriado (poucos dados),3.0
D07AE127770V,12,,feriado,0.0,0.0267,0.01,-2.67,-2.67,normal,normal,baixa,3,historico feriado (poucos dados),3.0
D07AE127770V,13,,feriado,0.001,0.027,0.01,-2.6,-2.6,normal,normal,baixa,3,historico feriado (poucos dados),3.0
D07AE127770V,14,,feriado,0.0,0.0277,0.01,-2.77,-2.77,normal,normal,baixa,3,historico feriado (poucos dados),3.0
D07AE127770V,15,,feriado,0.0,0.028,0.01,-2.8,-2.8,normal,normal,baixa,3,historico feriado (poucos dados),3.0
D07AE127770V,16,,feriado,0.0,0.0287,0.01,-2.87,-2.87,normal,normal,baixa,3,historico feriado (poucos dados),3.0
D07AE127770V,17,,feriado,0.0,0.0283,0.01,-2.83,-2.83,normal,normal,baixa,3,historico feriado (poucos dados),3.0
D07AE127770V,18,,feriado,0.0,0.0283,0.01,-2.83,-2.83,normal,normal,baixa,3,historico feriado (poucos dados),3.0
D07AE127770V,19,,feriado,0.0,0.028,0.01,-2.8,-2.8,normal,normal,baixa,3,historico feriado (poucos dados),3.0
D07AE127770V,20,,feriado,0.001,0.028,0.01,-2.7,-2.7,normal,normal,baixa,3,historico feriado (poucos dados),3.0
D07AE127770V,21,,feriado,0.0,0.028,0.01,-2.8,-2.8,normal,normal,baixa,3,historico feriado (poucos dados),3.0
D07AE127770V,22,,feriado,0.0,0.029,0.01,-2.9,-2.9,normal,normal,baixa,3,historico feriado (poucos dados),3.0
D07AE127770V,23,,feriado,0.002,0.0293,0.01,-2.73,-2.73,normal,normal,baixa,3,historico feriado (poucos dados),3.0
D07AE137190M,0,,feriado,0.0,0.0,0.01,0.0,0.0,normal,normal,baixa,3,historico feriado (poucos dados),3.0
D07AE137190M,1,,feriado,0.0,0.0,0.01,0.0,0.0,normal,normal,baixa,3,historico feriado (poucos dados),3.0
D07AE137190M,2,,feriado,0.0,0.0,0.01,0.0,0.0,normal,normal,baixa,3,historico feriado (poucos dados),3.0
D07AE137190M,3,,feriado,0.0,0.0,0.01,0.0,0.0,normal,normal,baixa,3,historico feriado (poucos dados),3.0
D07AE137190M,4,,feriado,0.0,0.0,0.01,0.0,0.0,normal,normal,baixa,3,historico feriado (poucos dados),3.0
D07AE137190M,5,,feriado,0.0,0.0,0.01,0.0,0.0,normal,normal,baixa,3,historico feriado (poucos dados),3.0
D07AE137190M,6,,feriado,0.0,0.0,0.01,0.0,0.0,normal,normal,baixa,2,historico feriado (poucos dados),3.0
D07AE137190M,7,,feriado,0.0,0.0,0.01,0.0,0.0,normal,normal,baixa,3,historico feriado (poucos dados),3.0
D07AE137190M,8,,feriado,0.0,0.0,0.01,0.0,0.0,normal,normal,baixa,3,historico feriado (poucos dados),3.0
D07AE137190M,9,,feriado,0.0,0.0,0.01,0.0,0.0,normal,normal,baixa,3,historico feriado (poucos dados),3.0
D07AE137190M,11,,feriado,0.0,0.0,0.01,0.0,0.0,normal,normal,baixa,3,historico feriado (poucos dados),3.0
D07AE137190M,12,,feriado,0.0,0.0,0.01,0.0,0.0,normal,normal,baixa,3,historico feriado (poucos dados),3.0
D07AE137190M,13,,feriado,0.0,0.0,0.01,0.0,0.0,normal,normal,baixa,3,historico feriado (poucos dados),3.0
D07AE137190M,14,,feriado,0.0,0.0,0.01,0.0,0.0,normal,normal,baixa,3,historico feriado (poucos dados),3.0
D07AE137190M,15,,feriado,0.0,0.0,0.01,0.0,0.0,normal,normal,baixa,3,historico feriado (poucos dados),3.0
D07AE137190M,16,,feriado,0.0,0.0,0.01,0.0,0.0,normal,normal,baixa,3,historico feriado (poucos dados),3.0
D07AE137190M,17,,feriado,0.0,0.0,0.01,0.0,0.0,normal,normal,baixa,3,historico feriado (poucos dados),3.0
D07AE137190M,18,,feriado,0.0,0.0,0.01,0.0,0.0,normal,normal,baixa,2,historico feriado (poucos dados),3.0
D07AE137190M,19,,feriado,0.0,0.0,0.01,0.0,0.0,normal,normal,baixa,3,historico feriado (poucos dados),3.0
D07AE137190M,20,,feriado,0.0,0.0,0.01,0.0,0.0,normal,normal,baixa,3,historico feriado (poucos dados),3.0
D07AE137190M,21,,feriado,0.0,0.0,0.01,0.0,0.0,normal,normal,baixa,3,historico feriado (poucos dados),3.0
D07AE137190M,22,,feriado,0.0,0.0,0.01,0.0,0.0,normal,normal,baixa,3,historico feriado (poucos dados),3.0
D07AE137190M,23,,feriado,0.0,0.0,0.01,0.0,0.0,normal,normal,baixa,3,historico feriado (poucos dados),3.0
D07AE137191N,0,,feriado,0.0,0.0,0.01,0.0,0.0,normal,normal,baixa,3,historico feriado (poucos dados),3.0
D07AE137191N,1,,feriado,0.0,0.0,0.01,0.0,0.0,normal,normal,baixa,3,historico feriado (poucos dados),3.0
D07AE137191N,2,,feriado,0.0,0.0,0.01,0.0,0.0,normal,normal,baixa,3,historico feriado (poucos dados),3.0
D07AE137191N,3,,feriado,0.0,0.0,0.01,0.0,0.0,normal,normal,baixa,3,historico feriado (poucos dados),3.0
D07AE137191N,4,,feriado,0.0,0.0,0.01,0.0,0.0,normal,normal,baixa,3,historico feriado (poucos dados),3.0
D07AE137191N,5,,feriado,0.0,0.0,0.01,0.0,0.0,normal,normal,baixa,3,historico feriado (poucos dados),3.0
D07AE137191N,7,,feriado,0.0,0.0,0.01,0.0,0.0,normal,normal,baixa,3,historico feriado (poucos dados),3.0
D07AE137191N,8,,feriado,0.0,0.0,0.01,0.0,0.0,normal,normal,baixa,3,historico feriado (poucos dados),3.0
D07AE137191N,9,,feriado,0.0,0.0,0.01,0.0,0.0,normal,normal,baixa,3,historico feriado (poucos dados),3.0
D07AE137191N,10,,feriado,0.0,0.0,0.01,0.0,0.0,normal,normal,baixa,3,historico feriado (poucos dados),3.0
D07AE137191N,11,,feriado,0.0,0.0,0.01,0.0,0.0,normal,normal,baixa,3,historico feriado (poucos dados),3.0
D07AE137191N,12,,feriado,0.0,0.0,0.01,0.0,0.0,normal,normal,baixa,3,historico feriado (poucos dados),3.0
D07AE137191N,13,,feriado,0.0,0.0,0.01,0.0,0.0,normal,normal,baixa,3,historico feriado (poucos dados),3.0
D07AE137191N,14,,feriado,0.0,0.0,0.01,0.0,0.0,normal,normal,baixa,3,historico feriado (poucos dados),3.0
D07AE137191N,15,,feriado,0.0,0.0,0.01,0.0,0.0,normal,normal,baixa,3,historico feriado (poucos dados),3.0
D07AE137191N,16,,feriado,0.0,0.0,0.01,0.0,0.0,normal,normal,baixa,3,historico feriado (poucos dados),3.0
D07AE137191N,17,,feriado,0.0,0.0,0.01,0.0,0.0,normal,normal,baixa,3,historico feriado (poucos dados),3.0
D07AE137191N,18,,feriado,0.0,0.0,0.01,0.0,0.0,normal,normal,baixa,2,historico feriado (poucos dados),3.0
D07AE137191N,19,,feriado,0.0,0.0,0.01,0.0,0.0,normal,normal,baixa,3,historico feriado (poucos dados),3.0
D07AE137191N,20,,feriado,0.0,0.0,0.01,0.0,0.0,normal,normal,baixa,3,historico feriado (poucos dados),3.0
D07AE137191N,21,,feriado,0.0,0.0,0.01,0.0,0.0,normal,normal,baixa,3,historico feriado (poucos dados),3.0
D07AE137191N,22,,feriado,0.0,0.0,0.01,0.0,0.0,normal,normal,baixa,2,historico feriado (poucos dados),3.0
D07AE137191N,23,,feriado,0.0,0.0,0.01,0.0,0.0,normal,normal,baixa,3,historico feriado (poucos dados),3.0
D07AE137194,0,,feriado,0.0,0.0,0.01,0.0,0.0,normal,normal,baixa,2,historico feriado (poucos dados),3.0
D07AE137194,1,,feriado,0.0,0.0,0.01,0.0,0.0,normal,normal,baixa,2,historico feriado (poucos dados),3.0
D07AE137194,2,,feriado,0.0,0.0,0.01,0.0,0.0,normal,normal,baixa,2,historico feriado (poucos dados),3.0
D07AE137194,3,,feriado,0.0,0.0,0.01,0.0,0.0,normal,normal,baixa,2,historico feriado (poucos dados),3.0
D07AE137194,4,,feriado,0.0,0.0,0.01,0.0,0.0,normal,normal,baixa,2,historico feriado (poucos dados),3.0
D07AE137194,5,,feriado,0.0,0.0,0.01,0.0,0.0,normal,normal,baixa,2,historico feriado (poucos dados),3.0
D07AE137194,6,,feriado,0.0,0.0,0.01,0.0,0.0,normal,normal,baixa,2,historico feriado (poucos dados),3.0
D07AE137194,7,,feriado,0.0,0.0,0.01,0.0,0.0,normal,normal,baixa,2,historico feriado (poucos dados),3.0
D07AE137194,8,,feriado,0.0,0.0,0.01,0.0,0.0,normal,normal,baixa,2,historico feriado (poucos dados),3.0
D07AE137194,9,,feriado,0.0,0.0,0.01,0.0,0.0,normal,normal,baixa,2,historico feriado (poucos dados),3.0
D07AE137194,10,,feriado,0.0,0.0,0.01,0.0,0.0,normal,normal,baixa,2,historico feriado (poucos dados),3.0
D07AE137194,11,,feriado,0.0,0.0,0.01,0.0,0.0,normal,normal,baixa,22,fallback (30d recentes),3.0
D07AE137194,12,,feriado,0.0,0.0,0.01,0.0,0.0,normal,normal,baixa,22,fallback (30d recentes),3.0
D07AE137194,13,,feriado,0.0,0.0,0.01,0.0,0.0,normal,normal,baixa,22,fallback (30d recentes),3.0
D07AE137194,14,,feriado,0.0,0.0,0.01,0.0,0.0,normal,normal,baixa,22,fallback (30d recentes),3.0
D07AE137194,19,,feriado,0.0,0.0,0.01,0.0,0.0,normal,normal,baixa,3,historico feriado (poucos dados),3.0
D07AE137194,20,,feriado,0.0,0.0,0.01,0.0,0.0,normal,normal,baixa,3,historico feriado (poucos dados),3.0
D07AE137194,21,,feriado,0.0,0.0,0.01,0.0,0.0,normal,normal,baixa,3,historico feriado (poucos dados),3.0
D07AE137194,22,,feriado,0.0,0.0,0.01,0.0,0.0,normal,normal,baixa,3,historico feriado (poucos dados),3.0
D07AE137194,23,,feriado,0.0,0.0,0.01,0.0,0.0,normal,normal,baixa,25,fallback (30d recentes),3.0
D08AB044387,4,,feriado,0.033,0.0348,0.0841,-0.02,-0.02,normal,normal,baixa,13,fallback (30d recentes),3.0
D08AB044387,5,,feriado,0.009,0.0037,0.01,0.53,0.53,normal,normal,baixa,13,fallback (30d recentes),3.0
D08AB044387,6,,feriado,0.0,0.0073,0.01,-0.73,-0.73,normal,normal,baixa,13,fallback (30d recentes),3.0
D08AB044387,7,,feriado,0.0,0.0058,0.01,-0.58,-0.58,normal,normal,baixa,13,fallback (30d recentes),3.0
D08AC395031B,0,,feriado,0.006,0.0197,0.0146,-0.94,-0.94,normal,normal,baixa,3,historico feriado (poucos dados),3.0
D08AC395031B,1,,feriado,0.011,0.018,0.013,-0.54,-0.54,normal,normal,baixa,3,historico feriado (poucos dados),3.0
D08AC395031B,2,,feriado,0.021,0.016,0.0173,0.29,0.29,normal,normal,baixa,3,historico feriado (poucos dados),3.0
D08AC395031B,3,,feriado,0.001,0.0023,0.01,-0.13,-0.13,normal,normal,baixa,3,historico feriado (poucos dados),3.0
D08AC395031B,4,,feriado,0.0,0.0,0.01,0.0,0.0,normal,normal,baixa,3,historico feriado (poucos dados),3.0
D08AC395031B,5,,feriado,0.0,0.0,0.01,0.0,0.0,normal,normal,baixa,3,historico feriado (poucos dados),3.0
D08AC395031B,6,,feriado,0.001,0.0037,0.01,-0.27,-0.27,normal,normal,baixa,3,historico feriado (poucos dados),3.0
D08AC395031B,7,,feriado,0.025,0.0,0.01,2.5,2.5,normal,normal,baixa,3,historico feriado (poucos dados),3.0
D08AC395031B,8,,feriado,0.023,0.0323,0.0103,-0.91,-0.91,normal,normal,baixa,3,historico feriado (poucos dados),3.0
D08AC395031B,9,,feriado,0.035,0.0583,0.0533,-0.44,-0.44,normal,normal,baixa,3,historico feriado (poucos dados),3.0
D08AC395031B,10,,feriado,0.081,0.0463,0.0199,1.75,1.75,normal,normal,baixa,3,historico feriado (poucos dados),3.0
D08AC395031B,11,,feriado,0.026,0.0377,0.0238,-0.49,-0.49,normal,normal,baixa,3,historico feriado (poucos dados),3.0
D08AC395031B,12,,feriado,0.06,0.0247,0.0163,2.17,2.17,normal,normal,baixa,3,historico feriado (poucos dados),3.0
D08AC395031B,13,,feriado,0.122,0.0167,0.01,10.0,10.52,desvio,acima,baixa,3,historico feriado (poucos dados),3.0
D08AC395031B,14,,feriado,0.028,0.0083,0.01,1.97,1.97,normal,normal,baixa,3,historico feriado (poucos dados),3.0
D08AC395031B,15,,feriado,0.02,0.0343,0.0297,-0.48,-0.48,normal,normal,baixa,3,historico feriado (poucos dados),3.0
D08AC395031B,16,,feriado,0.014,0.03,0.0139,-1.15,-1.15,normal,normal,baixa,3,historico feriado (poucos dados),3.0
D08AC395031B,17,,feriado,0.026,0.034,0.0137,-0.58,-0.58,normal,normal,baixa,3,historico feriado (poucos dados),3.0
D08AC395031B,18,,feriado,0.088,0.0223,0.01,6.57,6.57,desvio,acima,baixa,3,historico feriado (poucos dados),3.0
D08AC395031B,19,,feriado,0.026,0.0193,0.02,0.33,0.33,normal,normal,baixa,3,historico feriado (poucos dados),3.0
D08AC395031B,20,,feriado,0.047,0.0353,0.0143,0.82,0.82,normal,normal,baixa,3,historico feriado (poucos dados),3.0
D08AC395031B,21,,feriado,0.031,0.0087,0.01,2.23,2.23,normal,normal,baixa,3,historico feriado (poucos dados),3.0
D08AC395031B,22,,feriado,0.104,0.0317,0.027,2.68,2.68,normal,normal,baixa,3,historico feriado (poucos dados),3.0
D08AC395031B,23,,feriado,0.016,0.0293,0.0195,-0.68,-0.68,normal,normal,baixa,3,historico feriado (poucos dados),3.0
D09AC220451,0,,feriado,0.0,0.0,0.01,0.0,0.0,normal,normal,baixa,3,historico feriado (poucos dados),3.0
D09AC220451,1,,feriado,0.0,0.0,0.01,0.0,0.0,normal,normal,baixa,3,historico feriado (poucos dados),3.0
D09AC220451,2,,feriado,0.0,0.0,0.01,0.0,0.0,normal,normal,baixa,3,historico feriado (poucos dados),3.0
D09AC220451,3,,feriado,0.0,0.0,0.01,0.0,0.0,normal,normal,baixa,3,historico feriado (poucos dados),3.0
D09AC220451,4,,feriado,0.0,0.0,0.01,0.0,0.0,normal,normal,baixa,3,historico feriado (poucos dados),3.0
D09AC220451,5,,feriado,0.0,0.0,0.01,0.0,0.0,normal,normal,baixa,3,historico feriado (poucos dados),3.0
D09AC220451,6,,feriado,0.0,0.0,0.01,0.0,0.0,normal,normal,baixa,3,historico feriado (poucos dados),3.0
D09AC220451,11,,feriado,0.0,0.0,0.01,0.0,0.0,normal,normal,baixa,3,historico feriado (poucos dados),3.0
D09AC220451,12,,feriado,0.0,0.0,0.01,0.0,0.0,normal,normal,baixa,3,historico feriado (poucos dados),3.0
D09AC220451,13,,feriado,0.0,0.0,0.01,0.0,0.0,normal,normal,baixa,3,historico feriado (poucos dados),3.0
D09AC220451,14,,feriado,0.0,0.0,0.01,0.0,0.0,normal,normal,baixa,3,historico feriado (poucos dados),3.0
D09AC220451,15,,feriado,0.0,0.0,0.01,0.0,0.0,normal,normal,baixa,3,historico feriado (poucos dados),3.0
D09AC220451,16,,feriado,0.0,0.0,0.01,0.0,0.0,normal,normal,baixa,3,historico feriado (poucos dados),3.0
D09AC220451,17,,feriado,0.0,0.0,0.01,0.0,0.0,normal,normal,baixa,3,historico feriado (poucos dados),3.0
D09AC220451,18,,feriado,0.0,0.0,0.01,0.0,0.0,normal,normal,baixa,3,historico feriado (poucos dados),3.0
D09AC220451,19,,feriado,0.0,0.0,0.01,0.0,0.0,normal,normal,baixa,3,historico feriado (poucos dados),3.0
D09AC220451,20,,feriado,0.0,0.0,0.01,0.0,0.0,normal,normal,baixa,3,historico feriado (poucos dados),3.0
D09AC220451,21,,feriado,0.0,0.0,0.01,0.0,0.0,normal,normal,baixa,3,historico feriado (poucos dados),3.0
D09AC220451,22,,feriado,0.0,0.0,0.01,0.0,0.0,normal,normal,baixa,3,historico feriado (poucos dados),3.0
D09AC220451,23,,feriado,0.0,0.0,0.01,0.0,0.0,normal,normal,baixa,3,historico feriado (poucos dados),3.0
D09OF265615K,0,,feriado,0.0,0.0,0.01,0.0,0.0,normal,normal,baixa,2,historico feriado (poucos dados),3.0
D09OF265615K,1,,feriado,0.0,0.0,0.01,0.0,0.0,normal,normal,baixa,2,historico feriado (poucos dados),3.0
D09OF265615K,2,,feriado,0.0,0.0,0.01,0.0,0.0,normal,normal,baixa,2,historico feriado (poucos dados),3.0
D09OF265615K,3,,feriado,0.0,0.0,0.01,0.0,0.0,normal,normal,baixa,2,historico feriado (poucos dados),3.0
D09OF265615K,12,,feriado,0.0,0.0,0.01,0.0,0.0,normal,normal,baixa,2,historico feriado (poucos dados),3.0
D09OF265615K,13,,feriado,0.0,0.0,0.01,0.0,0.0,normal,normal,baixa,2,historico feriado (poucos dados),3.0
D09OF265615K,14,,feriado,0.0,0.0,0.01,0.0,0.0,normal,normal,baixa,2,historico feriado (poucos dados),3.0
D09OF265615K,15,,feriado,0.0,0.0,0.01,0.0,0.0,normal,normal,baixa,2,historico feriado (poucos dados),3.0
D09OF265615K,20,,feriado,0.0,0.0,0.01,0.0,0.0,normal,normal,baixa,2,historico feriado (poucos dados),3.0
D09OF265615K,21,,feriado,0.0,0.0,0.01,0.0,0.0,normal,normal,baixa,2,historico feriado (poucos dados),3.0
D09OF265615K,22,,feriado,0.0,0.0,0.01,0.0,0.0,normal,normal,baixa,2,historico feriado (poucos dados),3.0
D09OF265615K,23,,feriado,0.0,0.0,0.01,0.0,0.0,normal,normal,baixa,2,historico feriado (poucos dados),3.0
D10JC069091G,0,,feriado,0.0,0.0,0.01,0.0,0.0,normal,normal,baixa,3,historico feriado (poucos dados),3.0
D10JC069091G,1,,feriado,0.0,0.0,0.01,0.0,0.0,normal,normal,baixa,3,historico feriado (poucos dados),3.0
D10JC069091G,2,,feriado,0.0,0.0,0.01,0.0,0.0,normal,normal,baixa,3,historico feriado (poucos dados),3.0
D10JC069091G,3,,feriado,0.0,0.0,0.01,0.0,0.0,normal,normal,baixa,3,historico feriado (poucos dados),3.0
D10JC069091G,4,,feriado,0.0,0.0,0.01,0.0,0.0,normal,normal,baixa,3,historico feriado (poucos dados),3.0
D10JC069091G,5,,feriado,0.0,0.0,0.01,0.0,0.0,normal,normal,baixa,3,historico feriado (poucos dados),3.0
D10JC069091G,6,,feriado,0.0,0.0,0.01,0.0,0.0,normal,normal,baixa,3,historico feriado (poucos dados),3.0
D10JC069091G,7,,feriado,0.0,0.0,0.01,0.0,0.0,normal,normal,baixa,3,historico feriado (poucos dados),3.0
D10JC069091G,8,,feriado,0.0,0.0,0.01,0.0,0.0,normal,normal,baixa,3,historico feriado (poucos dados),3.0
D10JC069091G,9,,feriado,0.0,0.0,0.01,0.0,0.0,normal,normal,baixa,3,historico feriado (poucos dados),3.0
D10JC069091G,10,,feriado,0.0,0.0,0.01,0.0,0.0,normal,normal,baixa,3,historico feriado (poucos dados),3.0
D10JC069091G,11,,feriado,0.0,0.0,0.01,0.0,0.0,normal,normal,baixa,3,historico feriado (poucos dados),3.0
D10JC069091G,12,,feriado,0.0,0.0,0.01,0.0,0.0,normal,normal,baixa,3,historico feriado (poucos dados),3.0
D10JC069091G,13,,feriado,0.001,0.0,0.01,0.1,0.1,normal,normal,baixa,3,historico feriado (poucos dados),3.0
D10JC069091G,14,,feriado,0.0,0.0,0.01,0.0,0.0,normal,normal,baixa,3,historico feriado (poucos dados),3.0
D10JC069091G,15,,feriado,0.0,0.0,0.01,0.0,0.0,normal,normal,baixa,3,historico feriado (poucos dados),3.0
D10JC069091G,16,,feriado,0.0,0.0,0.01,0.0,0.0,normal,normal,baixa,3,historico feriado (poucos dados),3.0
D10JC069091G,17,,feriado,0.0,0.0,0.01,0.0,0.0,normal,normal,baixa,3,historico feriado (poucos dados),3.0
D10JC069091G,18,,feriado,0.0,0.0007,0.01,-0.07,-0.07,normal,normal,baixa,3,historico feriado (poucos dados),3.0
D10JC069091G,19,,feriado,0.0,0.0,0.01,0.0,0.0,normal,normal,baixa,3,historico feriado (poucos dados),3.0
D10JC069091G,20,,feriado,0.0,0.0,0.01,0.0,0.0,normal,normal,baixa,3,historico feriado (poucos dados),3.0
D10JC069091G,21,,feriado,0.0,0.0,0.01,0.0,0.0,normal,normal,baixa,3,historico feriado (poucos dados),3.0
D10JC069091G,22,,feriado,0.0,0.0,0.01,0.0,0.0,normal,normal,baixa,3,historico feriado (poucos dados),3.0
D10JC069091G,23,,feriado,0.0,0.0,0.01,0.0,0.0,normal,normal,baixa,3,historico feriado (poucos dados),3.0
D10JC116614G,1,,feriado,0.0,0.0,0.01,0.0,0.0,normal,normal,baixa,3,historico feriado (poucos dados),3.0
D10JC116614G,2,,feriado,0.0,0.0,0.01,0.0,0.0,normal,normal,baixa,3,historico feriado (poucos dados),3.0
D10JC116614G,3,,feriado,0.0,0.0,0.01,0.0,0.0,normal,normal,baixa,3,historico feriado (poucos dados),3.0
D10JC116614G,4,,feriado,0.0,0.0,0.01,0.0,0.0,normal,normal,baixa,3,historico feriado (poucos dados),3.0
D10JC116614G,5,,feriado,0.0,0.0,0.01,0.0,0.0,normal,normal,baixa,3,historico feriado (poucos dados),3.0
D10JC116614G,6,,feriado,0.0,0.0,0.01,0.0,0.0,normal,normal,baixa,3,historico feriado (poucos dados),3.0
D10JC116614G,7,,feriado,0.0,0.0,0.01,0.0,0.0,normal,normal,baixa,3,historico feriado (poucos dados),3.0
D10JC116614G,9,,feriado,0.0,0.0,0.01,0.0,0.0,normal,normal,baixa,2,historico feriado (poucos dados),3.0
D10JC116614G,10,,feriado,0.0,0.0,0.01,0.0,0.0,normal,normal,baixa,2,historico feriado (poucos dados),3.0
D10JC116614G,11,,feriado,0.0,0.0,0.01,0.0,0.0,normal,normal,baixa,2,historico feriado (poucos dados),3.0
D10JC116614G,12,,feriado,0.0,0.0,0.01,0.0,0.0,normal,normal,baixa,2,historico feriado (poucos dados),3.0
D10JC116614G,16,,feriado,0.0,0.0,0.01,0.0,0.0,normal,normal,baixa,3,historico feriado (poucos dados),3.0
D10JC116614G,17,,feriado,0.0,0.0,0.01,0.0,0.0,normal,normal,baixa,3,historico feriado (poucos dados),3.0
D10JC116614G,18,,feriado,0.0,0.0,0.01,0.0,0.0,normal,normal,baixa,3,historico feriado (poucos dados),3.0
D10JC116614G,19,,feriado,0.0,0.0,0.01,0.0,0.0,normal,normal,baixa,3,historico feriado (poucos dados),3.0
D10JE044291W,0,,feriado,0.0,0.0,0.01,0.0,0.0,normal,normal,baixa,3,historico feriado (poucos dados),3.0
D10JE044291W,5,,feriado,0.0,0.0,0.01,0.0,0.0,normal,normal,baixa,3,historico feriado (poucos dados),3.0
D10JE044291W,6,,feriado,0.0,0.0,0.01,0.0,0.0,normal,normal,baixa,3,historico feriado (poucos dados),3.0
D10JE044291W,7,,feriado,0.0,0.0,0.01,0.0,0.0,normal,normal,baixa,3,historico feriado (poucos dados),3.0
D10JE044291W,8,,feriado,0.0,0.0,0.01,0.0,0.0,normal,normal,baixa,3,historico feriado (poucos dados),3.0
D10JE044291W,9,,feriado,0.0,0.0,0.01,0.0,0.0,normal,normal,baixa,3,historico feriado (poucos dados),3.0
D10JE044291W,10,,feriado,0.0,0.0,0.01,0.0,0.0,normal,normal,baixa,3,historico feriado (poucos dados),3.0
D10JE044291W,11,,feriado,0.0,0.0,0.01,0.0,0.0,normal,normal,baixa,3,historico feriado (poucos dados),3.0
D10JE044291W,12,,feriado,0.0,0.0,0.01,0.0,0.0,normal,normal,baixa,3,historico feriado (poucos dados),3.0
D10JE044291W,13,,feriado,0.0,0.0,0.01,0.0,0.0,normal,normal,baixa,3,historico feriado (poucos dados),3.0
D10JE044291W,14,,feriado,0.0,0.0,0.01,0.0,0.0,normal,normal,baixa,3,historico feriado (poucos dados),3.0
D10JE044291W,15,,feriado,0.0,0.0,0.01,0.0,0.0,normal,normal,baixa,3,historico feriado (poucos dados),3.0
D10JE044291W,16,,feriado,0.0,0.0,0.01,0.0,0.0,normal,normal,baixa,3,historico feriado (poucos dados),3.0
D10JE044291W,17,,feriado,0.0,0.0,0.01,0.0,0.0,normal,normal,baixa,3,historico feriado (poucos dados),3.0
D10JE044291W,18,,feriado,0.0,0.0,0.01,0.0,0.0,normal,normal,baixa,3,historico feriado (poucos dados),3.0
D10JE044291W,19,,feriado,0.0,0.0,0.01,0.0,0.0,normal,normal,baixa,3,historico feriado (poucos dados),3.0
D10JE044291W,20,,feriado,0.0,0.0,0.01,0.0,0.0,normal,normal,baixa,3,historico feriado (poucos dados),3.0
D10JE044291W,21,,feriado,0.0,0.0,0.01,0.0,0.0,normal,normal,baixa,3,historico feriado (poucos dados),3.0
D10JE044291W,22,,feriado,0.0,0.0,0.01,0.0,0.0,normal,normal,baixa,3,historico feriado (poucos dados),3.0
D10JE044291W,23,,feriado,0.0,0.0,0.01,0.0,0.0,normal,normal,baixa,3,historico feriado (poucos dados),3.0
D10JE067404J,0,,feriado,0.0,0.0,0.01,0.0,0.0,normal,normal,baixa,2,historico feriado (poucos dados),3.0
D10JE067404J,1,,feriado,0.0,0.0,0.01,0.0,0.0,normal,normal,baixa,2,historico feriado (poucos dados),3.0
D10JE067404J,2,,feriado,0.0,0.0,0.01,0.0,0.0,normal,normal,baixa,2,historico feriado (poucos dados),3.0
D10JE067404J,3,,feriado,0.0,0.0,0.01,0.0,0.0,normal,normal,baixa,2,historico feriado (poucos dados),3.0
D10JE067404J,20,,feriado,0.0,0.0,0.01,0.0,0.0,normal,normal,baixa,2,historico feriado (poucos dados),3.0
D10JE067404J,21,,feriado,0.0,0.0,0.01,0.0,0.0,normal,normal,baixa,2,historico feriado (poucos dados),3.0
D10JE067404J,22,,feriado,0.0,0.0,0.01,0.0,0.0,normal,normal,baixa,2,historico feriado (poucos dados),3.0
D10JE067404J,23,,feriado,0.0,0.0,0.01,0.0,0.0,normal,normal,baixa,2,historico feriado (poucos dados),3.0
D10JE102675,0,,feriado,0.0,0.0,0.01,0.0,0.0,normal,normal,baixa,2,historico feriado (poucos dados),3.0
D10JE102675,1,,feriado,0.0,0.0,0.01,0.0,0.0,normal,normal,baixa,2,historico feriado (poucos dados),3.0
D10JE102675,2,,feriado,0.0,0.0,0.01,0.0,0.0,normal,normal,baixa,3,historico feriado (poucos dados),3.0
D10JE102675,3,,feriado,0.0,0.0,0.01,0.0,0.0,normal,normal,baixa,3,historico feriado (poucos dados),3.0
D10JE102675,4,,feriado,0.0,0.0,0.01,0.0,0.0,normal,normal,baixa,3,historico feriado (poucos dados),3.0
D10JE102675,5,,feriado,0.0,0.0,0.01,0.0,0.0,normal,normal,baixa,3,historico feriado (poucos dados),3.0
D10JE102675,6,,feriado,0.0,0.0,0.01,0.0,0.0,normal,normal,baixa,3,historico feriado (poucos dados),3.0
D10JE102675,7,,feriado,0.0,0.0,0.01,0.0,0.0,normal,normal,baixa,3,historico feriado (poucos dados),3.0
D10JE102675,8,,feriado,0.0,0.0,0.01,0.0,0.0,normal,normal,baixa,3,historico feriado (poucos dados),3.0
D10JE102675,9,,feriado,0.0,0.0,0.01,0.0,0.0,normal,normal,baixa,3,historico feriado (poucos dados),3.0
D10JE102675,10,,feriado,0.0,0.0,0.01,0.0,0.0,normal,normal,baixa,2,historico feriado (poucos dados),3.0
D10JE102675,11,,feriado,0.0,0.0,0.01,0.0,0.0,normal,normal,baixa,2,historico feriado (poucos dados),3.0
D10JE102675,12,,feriado,0.0,0.0,0.01,0.0,0.0,normal,normal,baixa,2,historico feriado (poucos dados),3.0
D10JE102675,13,,feriado,0.0,0.0,0.01,0.0,0.0,normal,normal,baixa,2,historico feriado (poucos dados),3.0
D10JE102675,18,,feriado,0.0,0.0,0.01,0.0,0.0,normal,normal,baixa,3,historico feriado (poucos dados),3.0
D10JE102675,19,,feriado,0.0,0.0,0.01,0.0,0.0,normal,normal,baixa,3,historico feriado (poucos dados),3.0
D10JE102675,20,,feriado,0.0,0.0,0.01,0.0,0.0,normal,normal,baixa,3,historico feriado (poucos dados),3.0
D10JE102675,21,,feriado,0.0,0.0,0.01,0.0,0.0,normal,normal,baixa,3,historico feriado (poucos dados),3.0
D10JE102675,22,,feriado,0.0,0.0,0.01,0.0,0.0,normal,normal,baixa,2,historico feriado (poucos dados),3.0
D10JE102675,23,,feriado,0.0,0.0,0.01,0.0,0.0,normal,normal,baixa,2,historico feriado (poucos dados),3.0
D10OF068767,3,,feriado,0.0,0.0,0.01,0.0,0.0,normal,normal,baixa,3,historico feriado (poucos dados),3.0
D10OF068767,4,,feriado,0.0,0.0,0.01,0.0,0.0,normal,normal,baixa,3,historico feriado (poucos dados),3.0
D10OF068767,5,,feriado,0.0,0.0,0.01,0.0,0.0,normal,normal,baixa,3,historico feriado (poucos dados),3.0
D10OF068767,6,,feriado,0.0,0.0,0.01,0.0,0.0,normal,normal,baixa,3,historico feriado (poucos dados),3.0
D10OF068767,7,,feriado,0.0,0.0,0.01,0.0,0.0,normal,normal,baixa,3,historico feriado (poucos dados),3.0
D10OF068767,8,,feriado,0.0,0.0,0.01,0.0,0.0,normal,normal,baixa,3,historico feriado (poucos dados),3.0
D10OF068767,9,,feriado,0.0,0.0,0.01,0.0,0.0,normal,normal,baixa,3,historico feriado (poucos dados),3.0
D10OF068767,10,,feriado,0.0,0.0,0.01,0.0,0.0,normal,normal,baixa,3,historico feriado (poucos dados),3.0
D10OF068767,11,,feriado,0.0,0.0,0.01,0.0,0.0,normal,normal,baixa,3,historico feriado (poucos dados),3.0
D10OF068767,12,,feriado,0.0,0.0,0.01,0.0,0.0,normal,normal,baixa,3,historico feriado (poucos dados),3.0
D10OF068767,13,,feriado,0.0,0.0,0.01,0.0,0.0,normal,normal,baixa,3,historico feriado (poucos dados),3.0
D10OF068767,14,,feriado,0.0,0.0,0.01,0.0,0.0,normal,normal,baixa,3,historico feriado (poucos dados),3.0
D10OF068767,15,,feriado,0.0,0.0,0.01,0.0,0.0,normal,normal,baixa,3,historico feriado (poucos dados),3.0
D10OF068767,16,,feriado,0.0,0.0,0.01,0.0,0.0,normal,normal,baixa,3,historico feriado (poucos dados),3.0
D10OF068767,17,,feriado,0.0,0.0,0.01,0.0,0.0,normal,normal,baixa,3,historico feriado (poucos dados),3.0
D10OF068767,18,,feriado,0.0,0.0,0.01,0.0,0.0,normal,normal,baixa,3,historico feriado (poucos dados),3.0
D10OF068767,19,,feriado,0.0,0.0,0.01,0.0,0.0,normal,normal,baixa,3,historico feriado (poucos dados),3.0
D10OF068767,20,,feriado,0.0,0.0,0.01,0.0,0.0,normal,normal,baixa,3,historico feriado (poucos dados),3.0
D10OF068767,21,,feriado,0.0,0.0,0.01,0.0,0.0,normal,normal,baixa,3,historico feriado (poucos dados),3.0
D10OF068767,22,,feriado,0.0,0.0,0.01,0.0,0.0,normal,normal,baixa,3,historico feriado (poucos dados),3.0
D10OF068767,23,,feriado,0.0,0.0,0.01,0.0,0.0,normal,normal,baixa,3,historico feriado (poucos dados),3.0
D11JC109182T,0,,feriado,0.0,0.0,0.01,0.0,0.0,normal,normal,baixa,3,historico feriado (poucos dados),3.0
D11JC109182T,1,,feriado,0.0,0.0,0.01,0.0,0.0,normal,normal,baixa,3,historico feriado (poucos dados),3.0
D11JC109182T,6,,feriado,0.0,0.0,0.01,0.0,0.0,normal,normal,baixa,2,historico feriado (poucos dados),3.0
D11JC109182T,7,,feriado,0.0,0.0,0.01,0.0,0.0,normal,normal,baixa,2,historico feriado (poucos dados),3.0
D11JC109182T,8,,feriado,0.0,0.0,0.01,0.0,0.0,normal,normal,baixa,2,historico feriado (poucos dados),3.0
D11JC109182T,9,,feriado,0.0,0.0,0.01,0.0,0.0,normal,normal,baixa,2,historico feriado (poucos dados),3.0
D11JC109182T,18,,feriado,0.0,0.0,0.01,0.0,0.0,normal,normal,baixa,3,historico feriado (poucos dados),3.0
D11JC109182T,19,,feriado,0.0,0.0,0.01,0.0,0.0,normal,normal,baixa,3,historico feriado (poucos dados),3.0
D11JC109182T,20,,feriado,0.0,0.0,0.01,0.0,0.0,normal,normal,baixa,3,historico feriado (poucos dados),3.0
D11JC109182T,21,,feriado,0.0,0.0,0.01,0.0,0.0,normal,normal,baixa,3,historico feriado (poucos dados),3.0
D11JC109182T,22,,feriado,0.0,0.0,0.01,0.0,0.0,normal,normal,baixa,20,fallback (30d recentes),3.0
D11JC109182T,23,,feriado,0.0,0.0,0.01,0.0,0.0,normal,normal,baixa,20,fallback (30d recentes),3.0
D11JE117987H,0,,feriado,0.0,0.0,0.01,0.0,0.0,normal,normal,baixa,2,historico feriado (poucos dados),3.0
D11JE117987H,1,,feriado,0.0,0.0,0.01,0.0,0.0,normal,normal,baixa,2,historico feriado (poucos dados),3.0
D11JE117987H,2,,feriado,0.0,0.0,0.01,0.0,0.0,normal,normal,baixa,3,historico feriado (poucos dados),3.0
D11JE117987H,3,,feriado,0.0,0.0,0.01,0.0,0.0,normal,normal,baixa,3,historico feriado (poucos dados),3.0
D11JE117987H,4,,feriado,0.0,0.0,0.01,0.0,0.0,normal,normal,baixa,3,historico feriado (poucos dados),3.0
D11JE117987H,5,,feriado,0.0,0.0,0.01,0.0,0.0,normal,normal,baixa,3,historico feriado (poucos dados),3.0
D11JE117987H,6,,feriado,0.0,0.0,0.01,0.0,0.0,normal,normal,baixa,3,historico feriado (poucos dados),3.0
D11JE117987H,7,,feriado,0.0,0.0,0.01,0.0,0.0,normal,normal,baixa,3,historico feriado (poucos dados),3.0
D11JE117987H,8,,feriado,0.0,0.0,0.01,0.0,0.0,normal,normal,baixa,3,historico feriado (poucos dados),3.0
D11JE117987H,9,,feriado,0.0,0.0,0.01,0.0,0.0,normal,normal,baixa,3,historico feriado (poucos dados),3.0
D11JE117987H,10,,feriado,0.0,0.0,0.01,0.0,0.0,normal,normal,baixa,9,fallback (30d recentes),3.0
D11JE117987H,11,,feriado,0.0,0.0,0.01,0.0,0.0,normal,normal,baixa,9,fallback (30d recentes),3.0
D11JE117987H,12,,feriado,0.0,0.0,0.01,0.0,0.0,normal,normal,baixa,9,fallback (30d recentes),3.0
D11JE117987H,13,,feriado,0.0,0.0,0.01,0.0,0.0,normal,normal,baixa,9,fallback (30d recentes),3.0
D11JE117987H,14,,feriado,0.0,0.0,0.01,0.0,0.0,normal,normal,baixa,21,fallback (30d recentes),3.0
D11JE117987H,15,,feriado,0.0,0.0,0.01,0.0,0.0,normal,normal,baixa,21,fallback (30d recentes),3.0
D11JE117987H,16,,feriado,0.0,0.0,0.01,0.0,0.0,normal,normal,baixa,21,fallback (30d recentes),3.0
D11JE117987H,17,,feriado,0.0,0.0,0.01,0.0,0.0,normal,normal,baixa,21,fallback (30d recentes),3.0
D11JE117987H,18,,feriado,0.0,0.0,0.01,0.0,0.0,normal,normal,baixa,2,historico feriado (poucos dados),3.0
D11JE117987H,19,,feriado,0.0,0.0,0.01,0.0,0.0,normal,normal,baixa,2,historico feriado (poucos dados),3.0
D11JE117987H,20,,feriado,0.0,0.0,0.01,0.0,0.0,normal,normal,baixa,2,historico feriado (poucos dados),3.0
D11JE117987H,21,,feriado,0.0,0.0,0.01,0.0,0.0,normal,normal,baixa,2,historico feriado (poucos dados),3.0
D12JC097899,1,,feriado,0.0,0.0,0.01,0.0,0.0,normal,normal,baixa,3,historico feriado (poucos dados),3.0
D12JC097899,2,,feriado,0.0,0.0,0.01,0.0,0.0,normal,normal,baixa,3,historico feriado (poucos dados),3.0
D12JC097899,3,,feriado,0.0,0.0,0.01,0.0,0.0,normal,normal,baixa,3,historico feriado (poucos dados),3.0
D12JC097899,4,,feriado,0.0,0.0,0.01,0.0,0.0,normal,normal,baixa,3,historico feriado (poucos dados),3.0
D12JC097899,5,,feriado,0.0,0.0,0.01,0.0,0.0,normal,normal,baixa,3,historico feriado (poucos dados),3.0
D12JC097899,6,,feriado,0.0,0.0,0.01,0.0,0.0,normal,normal,baixa,3,historico feriado (poucos dados),3.0
D12JC097899,7,,feriado,0.0,0.0,0.01,0.0,0.0,normal,normal,baixa,3,historico feriado (poucos dados),3.0
D12JC097899,8,,feriado,0.0,0.0,0.01,0.0,0.0,normal,normal,baixa,3,historico feriado (poucos dados),3.0
D12JC097899,9,,feriado,0.0,0.0,0.01,0.0,0.0,normal,normal,baixa,3,historico feriado (poucos dados),3.0
D12JC097899,10,,feriado,0.0,0.0,0.01,0.0,0.0,normal,normal,baixa,3,historico feriado (poucos dados),3.0
D12JC097899,11,,feriado,0.0,0.0,0.01,0.0,0.0,normal,normal,baixa,3,historico feriado (poucos dados),3.0
D12JC097899,12,,feriado,0.0,0.0,0.01,0.0,0.0,normal,normal,baixa,3,historico feriado (poucos dados),3.0
D12JC097899,13,,feriado,0.0,0.0,0.01,0.0,0.0,normal,normal,baixa,3,historico feriado (poucos dados),3.0
D12JC097899,14,,feriado,0.0,0.0,0.01,0.0,0.0,normal,normal,baixa,3,historico feriado (poucos dados),3.0
D12JC097899,15,,feriado,0.0,0.0,0.01,0.0,0.0,normal,normal,baixa,3,historico feriado (poucos dados),3.0
D12JC097899,16,,feriado,0.0,0.0,0.01,0.0,0.0,normal,normal,baixa,3,historico feriado (poucos dados),3.0
D12JC097899,17,,feriado,0.0,0.0,0.01,0.0,0.0,normal,normal,baixa,3,historico feriado (poucos dados),3.0
D12JC097899,18,,feriado,0.0,0.0,0.01,0.0,0.0,normal,normal,baixa,3,historico feriado (poucos dados),3.0
D12JC097899,19,,feriado,0.0,0.0,0.01,0.0,0.0,normal,normal,baixa,3,historico feriado (poucos dados),3.0
D12JC097899,20,,feriado,0.0,0.0,0.01,0.0,0.0,normal,normal,baixa,3,historico feriado (poucos dados),3.0
D12JC097899,21,,feriado,0.0,0.0,0.01,0.0,0.0,normal,normal,baixa,3,historico feriado (poucos dados),3.0
D12JC097899,22,,feriado,0.0,0.0,0.01,0.0,0.0,normal,normal,baixa,3,historico feriado (poucos dados),3.0
D12JC097899,23,,feriado,0.0,0.0,0.01,0.0,0.0,normal,normal,baixa,3,historico feriado (poucos dados),3.0
D12JC113924X,0,,feriado,0.0,0.0,0.01,0.0,0.0,normal,normal,baixa,3,historico feriado (poucos dados),3.0
D12JC113924X,1,,feriado,0.0,0.0,0.01,0.0,0.0,normal,normal,baixa,3,historico feriado (poucos dados),3.0
D12JC113924X,2,,feriado,0.0,0.0,0.01,0.0,0.0,normal,normal,baixa,3,historico feriado (poucos dados),3.0
D12JC113924X,3,,feriado,0.0,0.0,0.01,0.0,0.0,normal,normal,baixa,3,historico feriado (poucos dados),3.0
D12JC113924X,4,,feriado,0.0,0.0,0.01,0.0,0.0,normal,normal,baixa,3,historico feriado (poucos dados),3.0
D12JC113924X,5,,feriado,0.0,0.0,0.01,0.0,0.0,normal,normal,baixa,3,historico feriado (poucos dados),3.0
D12JC113924X,6,,feriado,0.0,0.0,0.01,0.0,0.0,normal,normal,baixa,3,historico feriado (poucos dados),3.0
D12JC113924X,7,,feriado,0.0,0.0,0.01,0.0,0.0,normal,normal,baixa,3,historico feriado (poucos dados),3.0
D12JC113924X,8,,feriado,0.0,0.0,0.01,0.0,0.0,normal,normal,baixa,3,historico feriado (poucos dados),3.0
D12JC113924X,9,,feriado,0.0,0.0,0.01,0.0,0.0,normal,normal,baixa,3,historico feriado (poucos dados),3.0
D12JC113924X,10,,feriado,0.0,0.0,0.01,0.0,0.0,normal,normal,baixa,3,historico feriado (poucos dados),3.0
D12JC113924X,11,,feriado,0.0,0.0,0.01,0.0,0.0,normal,normal,baixa,3,historico feriado (poucos dados),3.0
D12JC113924X,16,,feriado,0.0,0.0,0.01,0.0,0.0,normal,normal,baixa,3,historico feriado (poucos dados),3.0
D12JC113924X,17,,feriado,0.0,0.0,0.01,0.0,0.0,normal,normal,baixa,3,historico feriado (poucos dados),3.0
D12JC113924X,18,,feriado,0.0,0.0,0.01,0.0,0.0,normal,normal,baixa,3,historico feriado (poucos dados),3.0
D12JC113924X,19,,feriado,0.0,0.0,0.01,0.0,0.0,normal,normal,baixa,3,historico feriado (poucos dados),3.0
D12JC113924X,20,,feriado,0.0,0.0,0.01,0.0,0.0,normal,normal,baixa,3,historico feriado (poucos dados),3.0
D12JC113924X,21,,feriado,0.0,0.0,0.01,0.0,0.0,normal,normal,baixa,3,historico feriado (poucos dados),3.0
D12JC113924X,22,,feriado,0.0,0.0,0.01,0.0,0.0,normal,normal,baixa,3,historico feriado (poucos dados),3.0
D12JC113924X,23,,feriado,0.0,0.0,0.01,0.0,0.0,normal,normal,baixa,3,historico feriado (poucos dados),3.0
D12XF094973V,0,,feriado,0.36,0.2733,0.1872,0.46,0.46,normal,normal,baixa,3,historico feriado (poucos dados),3.0
D12XF094973V,1,,feriado,0.23,0.11,0.1905,0.63,0.63,normal,normal,baixa,3,historico feriado (poucos dados),3.0
D12XF094973V,2,,feriado,0.15,0.0833,0.1358,0.49,0.49,normal,normal,baixa,3,historico feriado (poucos dados),3.0
D12XF094973V,3,,feriado,0.07,0.0533,0.0924,0.18,0.18,normal,normal,baixa,3,historico feriado (poucos dados),3.0
D12XF094973V,4,,feriado,0.05,0.0,0.01,5.0,5.0,desvio,acima,baixa,3,historico feriado (poucos dados),3.0
D12XF094973V,5,,feriado,0.04,0.0,0.01,4.0,4.0,desvio,acima,baixa,3,historico feriado (poucos dados),3.0
D12XF094973V,6,,feriado,0.04,0.0,0.01,4.0,4.0,desvio,acima,baixa,3,historico feriado (poucos dados),3.0
D12XF094973V,7,,feriado,0.03,0.0,0.01,3.0,3.0,normal,normal,baixa,3,historico feriado (poucos dados),3.0
D12XF094973V,8,,feriado,0.03,0.0167,0.0289,0.46,0.46,normal,normal,baixa,3,historico feriado (poucos dados),3.0
D12XF094973V,9,,feriado,0.03,0.0533,0.0924,-0.25,-0.25,normal,normal,baixa,3,historico feriado (poucos dados),3.0
D12XF094973V,10,,feriado,0.01,0.1,0.1732,-0.52,-0.52,normal,normal,baixa,3,historico feriado (poucos dados),3.0
D12XF094973V,11,,feriado,0.01,0.0067,0.0115,0.29,0.29,normal,normal,baixa,3,historico feriado (poucos dados),3.0
D12XF094973V,12,,feriado,0.01,0.0,0.01,1.0,1.0,normal,normal,baixa,3,historico feriado (poucos dados),3.0
D12XF094973V,13,,feriado,0.02,0.0,0.01,2.0,2.0,normal,normal,baixa,3,historico feriado (poucos dados),3.0
D12XF094973V,14,,feriado,0.01,0.0,0.01,1.0,1.0,normal,normal,baixa,3,historico feriado (poucos dados),3.0
D12XF094973V,15,,feriado,0.01,0.0,0.01,1.0,1.0,normal,normal,baixa,3,historico feriado (poucos dados),3.0
D12XF094973V,16,,feriado,0.01,0.0,0.01,1.0,1.0,normal,normal,baixa,3,historico feriado (poucos dados),3.0
D12XF094973V,17,,feriado,0.01,0.0,0.01,1.0,1.0,normal,normal,baixa,3,historico feriado (poucos dados),3.0
D12XF094973V,18,,feriado,0.02,0.0033,0.01,1.67,1.67,normal,normal,baixa,3,historico feriado (poucos dados),3.0
D12XF094973V,19,,feriado,0.01,0.0,0.01,1.0,1.0,normal,normal,baixa,3,historico feriado (poucos dados),3.0
D12XF094973V,20,,feriado,0.01,0.0,0.01,1.0,1.0,normal,normal,baixa,3,historico feriado (poucos dados),3.0
D12XF094973V,21,,feriado,0.01,0.0,0.01,1.0,1.0,normal,normal,baixa,3,historico feriado (poucos dados),3.0
D12XF094973V,22,,feriado,0.01,0.0,0.01,1.0,1.0,normal,normal,baixa,3,historico feriado (poucos dados),3.0
D12XF094973V,23,,feriado,0.01,0.0,0.01,1.0,1.0,normal,normal,baixa,3,historico feriado (poucos dados),3.0
D13XF126371P,0,,feriado,0.0,0.0,0.01,0.0,0.0,normal,normal,baixa,3,historico feriado (poucos dados),3.0
D13XF126371P,1,,feriado,0.0,0.0,0.01,0.0,0.0,normal,normal,baixa,3,historico feriado (poucos dados),3.0
D13XF126371P,2,,feriado,0.0,0.0,0.01,0.0,0.0,normal,normal,baixa,3,historico feriado (poucos dados),3.0
D13XF126371P,3,,feriado,0.0,0.0,0.01,0.0,0.0,normal,normal,baixa,3,historico feriado (poucos dados),3.0
D13XF126371P,4,,feriado,0.0,0.0,0.01,0.0,0.0,normal,normal,baixa,3,historico feriado (poucos dados),3.0
D13XF126371P,5,,feriado,0.0,0.0,0.01,0.0,0.0,normal,normal,baixa,3,historico feriado (poucos dados),3.0
D13XF126371P,6,,feriado,0.0,0.0,0.01,0.0,0.0,normal,normal,baixa,3,historico feriado (poucos dados),3.0
D13XF126371P,7,,feriado,0.0,0.0,0.01,0.0,0.0,normal,normal,baixa,3,historico feriado (poucos dados),3.0
D13XF126371P,8,,feriado,0.0,0.0,0.01,0.0,0.0,normal,normal,baixa,3,historico feriado (poucos dados),3.0
D13XF126371P,9,,feriado,0.0,0.0,0.01,0.0,0.0,normal,normal,baixa,3,historico feriado (poucos dados),3.0
D13XF126371P,10,,feriado,0.0,0.0,0.01,0.0,0.0,normal,normal,baixa,3,historico feriado (poucos dados),3.0
D13XF126371P,11,,feriado,0.0,0.0,0.01,0.0,0.0,normal,normal,baixa,3,historico feriado (poucos dados),3.0
D13XF126371P,12,,feriado,0.0,0.0,0.01,0.0,0.0,normal,normal,baixa,3,historico feriado (poucos dados),3.0
D13XF126371P,13,,feriado,0.0,0.0,0.01,0.0,0.0,normal,normal,baixa,3,historico feriado (poucos dados),3.0
D13XF126371P,14,,feriado,0.0,0.0,0.01,0.0,0.0,normal,normal,baixa,3,historico feriado (poucos dados),3.0
D13XF126371P,15,,feriado,0.0,0.0,0.01,0.0,0.0,normal,normal,baixa,3,historico feriado (poucos dados),3.0
D13XF126371P,16,,feriado,0.0,0.0,0.01,0.0,0.0,normal,normal,baixa,3,historico feriado (poucos dados),3.0
D13XF126371P,17,,feriado,0.0,0.0,0.01,0.0,0.0,normal,normal,baixa,3,historico feriado (poucos dados),3.0
D13XF126371P,18,,feriado,0.0,0.0,0.01,0.0,0.0,normal,normal,baixa,3,historico feriado (poucos dados),3.0
D13XF126371P,19,,feriado,0.0,0.0,0.01,0.0,0.0,normal,normal,baixa,3,historico feriado (poucos dados),3.0
D13XF126371P,20,,feriado,0.0,0.0,0.01,0.0,0.0,normal,normal,baixa,3,historico feriado (poucos dados),3.0
D13XF126371P,21,,feriado,0.0,0.0,0.01,0.0,0.0,normal,normal,baixa,3,historico feriado (poucos dados),3.0
D13XF126371P,22,,feriado,0.0,0.0,0.01,0.0,0.0,normal,normal,baixa,3,historico feriado (poucos dados),3.0
D13XF126371P,23,,feriado,0.0,0.0,0.01,0.0,0.0,normal,normal,baixa,3,historico feriado (poucos dados),3.0
D14XF111533Z,0,,feriado,0.0,0.0,0.01,0.0,0.0,normal,normal,baixa,3,historico feriado (poucos dados),3.0
D14XF111533Z,1,,feriado,0.0,0.0,0.01,0.0,0.0,normal,normal,baixa,3,historico feriado (poucos dados),3.0
D14XF111533Z,2,,feriado,0.0,0.0,0.01,0.0,0.0,normal,normal,baixa,3,historico feriado (poucos dados),3.0
D14XF111533Z,3,,feriado,0.0,0.0,0.01,0.0,0.0,normal,normal,baixa,3,historico feriado (poucos dados),3.0
D14XF111533Z,4,,feriado,0.0,0.0,0.01,0.0,0.0,normal,normal,baixa,3,historico feriado (poucos dados),3.0
D14XF111533Z,5,,feriado,0.0,0.0,0.01,0.0,0.0,normal,normal,baixa,3,historico feriado (poucos dados),3.0
D14XF111533Z,6,,feriado,0.0,0.0,0.01,0.0,0.0,normal,normal,baixa,3,historico feriado (poucos dados),3.0
D14XF111533Z,7,,feriado,0.0,0.0,0.01,0.0,0.0,normal,normal,baixa,3,historico feriado (poucos dados),3.0
D14XF111533Z,8,,feriado,0.0,0.0,0.01,0.0,0.0,normal,normal,baixa,3,historico feriado (poucos dados),3.0
D14XF111533Z,9,,feriado,0.0,0.0,0.01,0.0,0.0,normal,normal,baixa,3,historico feriado (poucos dados),3.0
D14XF111533Z,10,,feriado,0.0,0.0,0.01,0.0,0.0,normal,normal,baixa,3,historico feriado (poucos dados),3.0
D14XF111533Z,11,,feriado,0.0,0.0,0.01,0.0,0.0,normal,normal,baixa,3,historico feriado (poucos dados),3.0
D14XF111533Z,12,,feriado,0.0,0.0,0.01,0.0,0.0,normal,normal,baixa,3,historico feriado (poucos dados),3.0
D14XF111533Z,13,,feriado,0.0,0.0,0.01,0.0,0.0,normal,normal,baixa,3,historico feriado (poucos dados),3.0
D14XF111533Z,14,,feriado,0.0,0.0,0.01,0.0,0.0,normal,normal,baixa,3,historico feriado (poucos dados),3.0
D14XF111533Z,15,,feriado,0.0,0.0,0.01,0.0,0.0,normal,normal,baixa,3,historico feriado (poucos dados),3.0
D14XF111533Z,16,,feriado,0.0,0.0,0.01,0.0,0.0,normal,normal,baixa,3,historico feriado (poucos dados),3.0
D14XF111533Z,17,,feriado,0.0,0.0,0.01,0.0,0.0,normal,normal,baixa,3,historico feriado (poucos dados),3.0
D14XF111533Z,18,,feriado,0.0,0.0,0.01,0.0,0.0,normal,normal,baixa,3,historico feriado (poucos dados),3.0
D14XF111533Z,19,,feriado,0.0,0.0,0.01,0.0,0.0,normal,normal,baixa,3,historico feriado (poucos dados),3.0
D14XF111533Z,20,,feriado,0.0,0.0,0.01,0.0,0.0,normal,normal,baixa,3,historico feriado (poucos dados),3.0
D14XF111533Z,21,,feriado,0.0,0.0,0.01,0.0,0.0,normal,normal,baixa,3,historico feriado (poucos dados),3.0
D14XF111533Z,22,,feriado,0.0,0.0,0.01,0.0,0.0,normal,normal,baixa,3,historico feriado (poucos dados),3.0
D14XF111533Z,23,,feriado,0.0,0.0,0.01,0.0,0.0,normal,normal,baixa,3,historico feriado (poucos dados),3.0
D15XF072893,0,,feriado,0.0,0.0,0.01,0.0,0.0,normal,normal,baixa,3,historico feriado (poucos dados),3.0
D15XF072893,1,,feriado,0.0,0.0,0.01,0.0,0.0,normal,normal,baixa,3,historico feriado (poucos dados),3.0
D15XF072893,2,,feriado,0.0,0.0,0.01,0.0,0.0,normal,normal,baixa,3,historico feriado (poucos dados),3.0
D15XF072893,3,,feriado,0.0,0.0,0.01,0.0,0.0,normal,normal,baixa,3,historico feriado (poucos dados),3.0
D15XF072893,4,,feriado,0.0,0.0,0.01,0.0,0.0,normal,normal,baixa,3,historico feriado (poucos dados),3.0
D15XF072893,5,,feriado,0.0,0.0,0.01,0.0,0.0,normal,normal,baixa,3,historico feriado (poucos dados),3.0
D15XF072893,6,,feriado,0.0,0.0,0.01,0.0,0.0,normal,normal,baixa,3,historico feriado (poucos dados),3.0
D15XF072893,7,,feriado,0.0,0.0,0.01,0.0,0.0,normal,normal,baixa,3,historico feriado (poucos dados),3.0
D15XF072893,8,,feriado,0.01,0.0,0.01,1.0,1.0,normal,normal,baixa,3,historico feriado (poucos dados),3.0
D15XF072893,9,,feriado,0.01,0.0,0.01,1.0,1.0,normal,normal,baixa,2,historico feriado (poucos dados),3.0
D15XF072893,10,,feriado,0.29,0.0,0.01,10.0,29.0,desvio,acima,baixa,2,historico feriado (poucos dados),3.0
D15XF072893,11,,feriado,0.06,0.0,0.01,6.0,6.0,desvio,acima,baixa,2,historico feriado (poucos dados),3.0
D15XF072893,12,,feriado,0.04,0.0,0.01,4.0,4.0,desvio,acima,baixa,3,historico feriado (poucos dados),3.0
D15XF072893,13,,feriado,0.05,0.0,0.01,5.0,5.0,desvio,acima,baixa,3,historico feriado (poucos dados),3.0
D15XF072893,14,,feriado,0.09,0.0,0.01,9.0,9.0,desvio,acima,baixa,3,historico feriado (poucos dados),3.0
D15XF072893,15,,feriado,0.42,0.0,0.01,10.0,42.0,desvio,acima,baixa,3,historico feriado (poucos dados),3.0
D15XF072893,16,,feriado,0.17,0.0,0.01,10.0,17.0,desvio,acima,baixa,2,historico feriado (poucos dados),3.0
D15XF072893,17,,feriado,0.52,0.0,0.01,10.0,52.0,desvio,acima,baixa,3,historico feriado (poucos dados),3.0
D15XF072893,18,,feriado,0.25,0.0,0.01,10.0,25.0,desvio,acima,baixa,3,historico feriado (poucos dados),3.0
D15XF072893,19,,feriado,0.28,0.0,0.01,10.0,28.0,desvio,acima,baixa,3,historico feriado (poucos dados),3.0
D15XF072893,20,,feriado,0.58,0.0,0.01,10.0,58.0,desvio,acima,baixa,3,historico feriado (poucos dados),3.0
D15XF072893,21,,feriado,0.31,0.0,0.01,10.0,31.0,desvio,acima,baixa,3,historico feriado (poucos dados),3.0
D15XF072893,22,,feriado,0.45,0.0,0.01,10.0,45.0,desvio,acima,baixa,3,historico feriado (poucos dados),3.0
D15XF072893,23,,feriado,0.07,0.0,0.01,7.0,7.0,desvio,acima,baixa,3,historico feriado (poucos dados),3.0
D16BA133407,0,,feriado,0.0,0.0,0.01,0.0,0.0,normal,normal,baixa,3,historico feriado (poucos dados),3.0
D16BA133407,1,,feriado,0.0,0.0,0.01,0.0,0.0,normal,normal,baixa,3,historico feriado (poucos dados),3.0
D16BA133407,2,,feriado,0.0,0.0,0.01,0.0,0.0,normal,normal,baixa,3,historico feriado (poucos dados),3.0
D16BA133407,3,,feriado,0.0,0.0,0.01,0.0,0.0,normal,normal,baixa,3,historico feriado (poucos dados),3.0
D16BA133407,4,,feriado,0.0,0.0,0.01,0.0,0.0,normal,normal,baixa,3,historico feriado (poucos dados),3.0
D16BA133407,5,,feriado,0.0,0.0,0.01,0.0,0.0,normal,normal,baixa,3,historico feriado (poucos dados),3.0
D16BA133407,6,,feriado,0.0,0.0,0.01,0.0,0.0,normal,normal,baixa,3,historico feriado (poucos dados),3.0
D16BA133407,7,,feriado,0.0,0.0,0.01,0.0,0.0,normal,normal,baixa,3,historico feriado (poucos dados),3.0
D16BA133407,8,,feriado,0.0,0.1397,0.1212,-1.15,-1.15,normal,normal,baixa,3,historico feriado (poucos dados),3.0
D16BA133407,9,,feriado,0.024,1.083,0.8198,-1.29,-1.29,normal,normal,baixa,3,historico feriado (poucos dados),3.0
D16BA133407,10,,feriado,1.392,0.7357,0.8074,0.81,0.81,normal,normal,baixa,3,historico feriado (poucos dados),3.0
D16BA133407,11,,feriado,1.392,0.5393,0.909,0.94,0.94,normal,normal,baixa,3,historico feriado (poucos dados),3.0
D16BA133407,12,,feriado,0.479,0.0237,0.0116,10.0,39.29,desvio,acima,baixa,3,historico feriado (poucos dados),3.0
D16BA133407,13,,feriado,0.022,0.018,0.01,0.4,0.4,normal,normal,baixa,3,historico feriado (poucos dados),3.0
D16BA133407,14,,feriado,0.029,0.023,0.01,0.6,0.6,normal,normal,baixa,3,historico feriado (poucos dados),3.0
D16BA133407,15,,feriado,0.03,0.0287,0.01,0.13,0.13,normal,normal,baixa,3,historico feriado (poucos dados),3.0
D16BA133407,16,,feriado,0.028,0.0247,0.01,0.33,0.33,normal,normal,baixa,3,historico feriado (poucos dados),3.0
D16BA133407,17,,feriado,0.033,0.03,0.01,0.3,0.3,normal,normal,baixa,3,historico feriado (poucos dados),3.0
D16BA133407,18,,feriado,0.03,0.0317,0.01,-0.17,-0.17,normal,normal,baixa,3,historico feriado (poucos dados),3.0
D16BA133407,19,,feriado,0.0,0.0117,0.0102,-1.14,-1.14,normal,normal,baixa,3,historico feriado (poucos dados),3.0
D16BA133407,20,,feriado,0.0,0.0,0.01,0.0,0.0,normal,normal,baixa,3,historico feriado (poucos dados),3.0
D16BA133407,21,,feriado,0.0,0.0,0.01,0.0,0.0,normal,normal,baixa,3,historico feriado (poucos dados),3.0
D16BA133407,22,,feriado,0.0,0.0,0.01,0.0,0.0,normal,normal,baixa,3,historico feriado (poucos dados),3.0
D16BA133407,23,,feriado,0.0,0.0,0.01,0.0,0.0,normal,normal,baixa,3,historico feriado (poucos dados),3.0
D16BX009413,0,,feriado,0.0,0.0,0.01,0.0,0.0,normal,normal,baixa,2,historico feriado (poucos dados),3.0
D16BX009413,1,,feriado,0.0,0.0,0.01,0.0,0.0,normal,normal,baixa,2,historico feriado (poucos dados),3.0
D16BX009413,2,,feriado,0.0,0.0,0.01,0.0,0.0,normal,normal,baixa,3,historico feriado (poucos dados),3.0
D16BX009413,3,,feriado,0.0,0.0,0.01,0.0,0.0,normal,normal,baixa,3,historico feriado (poucos dados),3.0
D16BX009413,4,,feriado,0.0,0.0,0.01,0.0,0.0,normal,normal,baixa,3,historico feriado (poucos dados),3.0
D16BX009413,5,,feriado,0.0,0.0,0.01,0.0,0.0,normal,normal,baixa,3,historico feriado (poucos dados),3.0
D16BX009413,6,,feriado,0.0,0.0,0.01,0.0,0.0,normal,normal,baixa,3,historico feriado (poucos dados),3.0
D16BX009413,7,,feriado,0.0,0.0,0.01,0.0,0.0,normal,normal,baixa,3,historico feriado (poucos dados),3.0
D16BX009413,8,,feriado,0.0,0.0,0.01,0.0,0.0,normal,normal,baixa,3,historico feriado (poucos dados),3.0
D16BX009413,9,,feriado,0.0,0.0,0.01,0.0,0.0,normal,normal,baixa,3,historico feriado (poucos dados),3.0
D16BX009413,10,,feriado,0.0,0.0,0.01,0.0,0.0,normal,normal,baixa,3,historico feriado (poucos dados),3.0
D16BX009413,11,,feriado,0.0,0.0,0.01,0.0,0.0,normal,normal,baixa,3,historico feriado (poucos dados),3.0
D16BX009413,12,,feriado,0.0,0.0,0.01,0.0,0.0,normal,normal,baixa,3,historico feriado (poucos dados),3.0
D16BX009413,13,,feriado,0.0,0.0,0.01,0.0,0.0,normal,normal,baixa,3,historico feriado (poucos dados),3.0
D16BX009413,14,,feriado,0.0,0.0,0.01,0.0,0.0,normal,normal,baixa,3,historico feriado (poucos dados),3.0
D16BX009413,15,,feriado,0.0,0.0,0.01,0.0,0.0,normal,normal,baixa,3,historico feriado (poucos dados),3.0
D16BX009413,16,,feriado,0.0,0.0,0.01,0.0,0.0,normal,normal,baixa,3,historico feriado (poucos dados),3.0
D16BX009413,17,,feriado,0.0,0.0,0.01,0.0,0.0,normal,normal,baixa,3,historico feriado (poucos dados),3.0
D16BX009413,18,,feriado,0.0,0.0,0.01,0.0,0.0,normal,normal,baixa,3,historico feriado (poucos dados),3.0
D16BX009413,19,,feriado,0.0,0.0,0.01,0.0,0.0,normal,normal,baixa,3,historico feriado (poucos dados),3.0
D16BX009413,20,,feriado,0.0,0.0,0.01,0.0,0.0,normal,normal,baixa,3,historico feriado (poucos dados),3.0
D16BX009413,21,,feriado,0.0,0.0,0.01,0.0,0.0,normal,normal,baixa,3,historico feriado (poucos dados),3.0
D16BX009413,22,,feriado,0.0,0.0,0.01,0.0,0.0,normal,normal,baixa,2,historico feriado (poucos dados),3.0
D16BX009413,23,,feriado,0.0,0.0,0.01,0.0,0.0,normal,normal,baixa,2,historico feriado (poucos dados),3.0
D16BX009425,0,,feriado,0.0,0.0047,0.01,-0.47,-0.47,normal,normal,baixa,3,historico feriado (poucos dados),3.0
D16BX009425,1,,feriado,0.0,0.0027,0.01,-0.27,-0.27,normal,normal,baixa,3,historico feriado (poucos dados),3.0
D16BX009425,2,,feriado,0.0,0.0,0.01,0.0,0.0,normal,normal,baixa,3,historico feriado (poucos dados),3.0
D16BX009425,3,,feriado,0.0,0.0,0.01,0.0,0.0,normal,normal,baixa,3,historico feriado (poucos dados),3.0
D16BX009425,4,,feriado,0.0,0.0,0.01,0.0,0.0,normal,normal,baixa,3,historico feriado (poucos dados),3.0
D16BX009425,5,,feriado,0.0,0.0,0.01,0.0,0.0,normal,normal,baixa,3,historico feriado (poucos dados),3.0
D16BX009425,6,,feriado,0.0,0.0,0.01,0.0,0.0,normal,normal,baixa,2,historico feriado (poucos dados),3.0
D16BX009425,7,,feriado,0.0,0.0,0.01,0.0,0.0,normal,normal,baixa,2,historico feriado (poucos dados),3.0
D16BX009425,8,,feriado,0.0,0.0,0.01,0.0,0.0,normal,normal,baixa,2,historico feriado (poucos dados),3.0
D16BX009425,9,,feriado,0.0,0.0,0.01,0.0,0.0,normal,normal,baixa,2,historico feriado (poucos dados),3.0
D16BX009425,10,,feriado,0.013,0.0,0.01,1.3,1.3,normal,normal,baixa,2,historico feriado (poucos dados),3.0
D16BX009425,11,,feriado,0.185,0.0,0.01,10.0,18.5,desvio,acima,baixa,2,historico feriado (poucos dados),3.0
D16BX009425,12,,feriado,0.011,0.0,0.01,1.1,1.1,normal,normal,baixa,2,historico feriado (poucos dados),3.0
D16BX009425,13,,feriado,0.024,0.0,0.01,2.4,2.4,normal,normal,baixa,2,historico feriado (poucos dados),3.0
D16BX009425,14,,feriado,0.018,0.006,0.0104,1.15,1.15,normal,normal,baixa,3,historico feriado (poucos dados),3.0
D16BX009425,15,,feriado,0.02,0.001,0.01,1.9,1.9,normal,normal,baixa,3,historico feriado (poucos dados),3.0
D16BX009425,16,,feriado,0.022,0.0003,0.01,2.17,2.17,normal,normal,baixa,3,historico feriado (poucos dados),3.0
D16BX009425,17,,feriado,0.022,0.0,0.01,2.2,2.2,normal,normal,baixa,3,historico feriado (poucos dados),3.0
D16BX009425,22,,feriado,0.116,0.0135,0.0191,5.37,5.37,desvio,acima,baixa,2,historico feriado (poucos dados),3.0
D16BX009425,23,,feriado,0.0,0.0,0.01,0.0,0.0,normal,normal,baixa,2,historico feriado (poucos dados),3.0
D16BX009428,0,,feriado,0.932,0.1887,0.0472,10.0,15.76,desvio,acima,baixa,3,historico feriado (poucos dados),3.0
D16BX009428,1,,feriado,0.189,0.189,0.0472,0.0,0.0,normal,normal,baixa,3,historico feriado (poucos dados),3.0
D16BX009428,2,,feriado,0.188,0.1883,0.0471,-0.01,-0.01,normal,normal,baixa,3,historico feriado (poucos dados),3.0
D16BX009428,3,,feriado,0.185,0.1887,0.0472,-0.08,-0.08,normal,normal,baixa,3,historico feriado (poucos dados),3.0
D16BX009428,4,,feriado,0.186,0.1887,0.0472,-0.06,-0.06,normal,normal,baixa,3,historico feriado (poucos dados),3.0
D16BX009428,5,,feriado,0.185,0.189,0.0472,-0.08,-0.08,normal,normal,baixa,3,historico feriado (poucos dados),3.0
D16BX009428,6,,feriado,0.185,0.1883,0.0471,-0.07,-0.07,normal,normal,baixa,3,historico feriado (poucos dados),3.0
D16BX009428,7,,feriado,0.184,0.1877,0.0469,-0.08,-0.08,normal,normal,baixa,3,historico feriado (poucos dados),3.0
D16BX009428,8,,feriado,0.183,0.1855,0.0464,-0.05,-0.05,normal,normal,baixa,2,historico feriado (poucos dados),3.0
D16BX009428,9,,feriado,0.182,0.1835,0.0459,-0.03,-0.03,normal,normal,baixa,2,historico feriado (poucos dados),3.0
D16BX009428,10,,feriado,0.181,0.1835,0.0459,-0.05,-0.05,normal,normal,baixa,2,historico feriado (poucos dados),3.0
D16BX009428,11,,feriado,0.179,0.184,0.046,-0.11,-0.11,normal,normal,baixa,2,historico feriado (poucos dados),3.0
D16BX009428,12,,feriado,0.182,0.1845,0.0461,-0.05,-0.05,normal,normal,baixa,2,historico feriado (poucos dados),3.0
D16BX009428,13,,feriado,0.182,0.437,0.4365,-0.58,-0.58,normal,normal,baixa,3,historico feriado (poucos dados),3.0
D16BX009428,14,,feriado,0.184,0.1867,0.0467,-0.06,-0.06,normal,normal,baixa,3,historico feriado (poucos dados),3.0
D16BX009428,15,,feriado,0.183,0.187,0.0467,-0.09,-0.09,normal,normal,baixa,3,historico feriado (poucos dados),3.0
D16BX009428,16,,feriado,0.185,0.1873,0.0468,-0.05,-0.05,normal,normal,baixa,3,historico feriado (poucos dados),3.0
D16BX009428,17,,feriado,0.191,0.2553,0.1132,-0.57,-0.57,normal,normal,baixa,3,historico feriado (poucos dados),3.0
D16BX009428,18,,feriado,0.189,0.191,0.0477,-0.04,-0.04,normal,normal,baixa,3,historico feriado (poucos dados),3.0
D16BX009428,19,,feriado,0.188,0.1897,0.0474,-0.04,-0.04,normal,normal,baixa,3,historico feriado (poucos dados),3.0
D16BX009428,20,,feriado,0.187,0.187,0.0467,0.0,0.0,normal,normal,baixa,2,historico feriado (poucos dados),3.0
D16BX009428,21,,feriado,0.187,0.1875,0.0469,-0.01,-0.01,normal,normal,baixa,2,historico feriado (poucos dados),3.0
D16BX009428,22,,feriado,0.188,0.188,0.047,0.0,0.0,normal,normal,baixa,2,historico feriado (poucos dados),3.0
D16BX009428,23,,feriado,0.187,0.189,0.0473,-0.04,-0.04,normal,normal,baixa,2,historico feriado (poucos dados),3.0
D16XF077374,0,,feriado,0.09,0.215,0.1485,-0.84,-0.84,normal,normal,baixa,2,historico feriado (poucos dados),3.0
D16XF077374,1,,feriado,0.31,0.2133,0.2397,0.4,0.4,normal,normal,baixa,3,historico feriado (poucos dados),3.0
D16XF077374,2,,feriado,0.02,0.08,0.0265,-2.27,-2.27,normal,normal,baixa,3,historico feriado (poucos dados),3.0
D16XF077374,3,,feriado,0.0,0.0333,0.0416,-0.8,-0.8,normal,normal,baixa,3,historico feriado (poucos dados),3.0
D16XF077374,4,,feriado,0.0,0.02,0.0346,-0.58,-0.58,normal,normal,baixa,3,historico feriado (poucos dados),3.0
D16XF077374,5,,feriado,0.0,0.0,0.01,0.0,0.0,normal,normal,baixa,2,historico feriado (poucos dados),3.0
D16XF077374,6,,feriado,0.04,0.0,0.01,4.0,4.0,desvio,acima,baixa,2,historico feriado (poucos dados),3.0
D16XF077374,7,,feriado,0.02,0.0,0.01,2.0,2.0,normal,normal,baixa,2,historico feriado (poucos dados),3.0
D16XF077374,8,,feriado,0.02,0.065,0.0495,-0.91,-0.91,normal,normal,baixa,2,historico feriado (poucos dados),3.0
D16XF077374,9,,feriado,0.06,0.16,0.0954,-1.05,-1.05,normal,normal,baixa,3,historico feriado (poucos dados),3.0
D16XF077374,10,,feriado,0.06,0.0933,0.0233,-1.43,-1.43,normal,normal,baixa,3,historico feriado (poucos dados),3.0
D16XF077374,11,,feriado,0.06,0.0867,0.0217,-1.23,-1.23,normal,normal,baixa,3,historico feriado (poucos dados),3.0
D16XF077374,12,,feriado,0.07,0.0867,0.0217,-0.77,-0.77,normal,normal,baixa,3,historico feriado (poucos dados),3.0
D16XF077374,13,,feriado,0.07,0.0933,0.0233,-1.0,-1.0,normal,normal,baixa,3,historico feriado (poucos dados),3.0
D16XF077374,14,,feriado,0.08,0.1,0.025,-0.8,-0.8,normal,normal,baixa,3,historico feriado (poucos dados),3.0
D16XF077374,15,,feriado,0.08,0.0967,0.0242,-0.69,-0.69,normal,normal,baixa,3,historico feriado (poucos dados),3.0
D16XF077374,16,,feriado,0.07,0.1,0.025,-1.2,-1.2,normal,normal,baixa,3,historico feriado (poucos dados),3.0
D16XF077374,17,,feriado,0.08,0.1,0.025,-0.8,-0.8,normal,normal,baixa,3,historico feriado (poucos dados),3.0
D16XF077374,18,,feriado,0.08,0.0967,0.0242,-0.69,-0.69,normal,normal,baixa,3,historico feriado (poucos dados),3.0
D16XF077374,19,,feriado,0.07,0.0967,0.0242,-1.1,-1.1,normal,normal,baixa,3,historico feriado (poucos dados),3.0
D16XF077374,20,,feriado,0.08,0.0967,0.0242,-0.69,-0.69,normal,normal,baixa,3,historico feriado (poucos dados),3.0
D16XF077374,21,,feriado,0.08,0.0967,0.0242,-0.69,-0.69,normal,normal,baixa,3,historico feriado (poucos dados),3.0
D16XF077374,22,,feriado,0.08,0.1,0.025,-0.8,-0.8,normal,normal,baixa,3,historico feriado (poucos dados),3.0
D16XF077374,23,,feriado,0.08,0.0833,0.0208,-0.16,-0.16,normal,normal,baixa,3,historico feriado (poucos dados),3.0
D17BA019937,2,,feriado,0.682,0.0,0.01,10.0,68.2,desvio,acima,baixa,3,historico feriado (poucos dados),3.0
D17BA019937,3,,feriado,0.141,0.0,0.01,10.0,14.1,desvio,acima,baixa,3,historico feriado (poucos dados),3.0
D17BA019937,4,,feriado,0.141,0.0,0.01,10.0,14.1,desvio,acima,baixa,3,historico feriado (poucos dados),3.0
D17BA019937,5,,feriado,0.142,0.0,0.01,10.0,14.2,desvio,acima,baixa,3,historico feriado (poucos dados),3.0
D17BA019937,6,,feriado,0.141,0.0,0.01,10.0,14.1,desvio,acima,baixa,3,historico feriado (poucos dados),3.0
D17BA019937,7,,feriado,0.139,0.0,0.01,10.0,13.9,desvio,acima,baixa,3,historico feriado (poucos dados),3.0
D17BA019937,8,,feriado,0.136,0.0,0.01,10.0,13.6,desvio,acima,baixa,3,historico feriado (poucos dados),3.0
D17BA019937,9,,feriado,0.13,0.0,0.01,10.0,13.0,desvio,acima,baixa,3,historico feriado (poucos dados),3.0
D17BA019937,10,,feriado,0.116,0.0,0.01,10.0,11.6,desvio,acima,baixa,2,historico feriado (poucos dados),3.0
D17BA019937,11,,feriado,0.067,0.0,0.01,6.7,6.7,desvio,acima,baixa,2,historico feriado (poucos dados),3.0
D17BA019937,12,,feriado,0.001,0.0,0.01,0.1,0.1,normal,normal,baixa,2,historico feriado (poucos dados),3.0
D17BA019937,13,,feriado,0.001,0.0,0.01,0.1,0.1,normal,normal,baixa,2,historico feriado (poucos dados),3.0
D17BA019937,14,,feriado,0.0,0.0043,0.01,-0.43,-0.43,normal,normal,baixa,3,historico feriado (poucos dados),3.0
D17BA019937,15,,feriado,0.0,0.0,0.01,0.0,0.0,normal,normal,baixa,3,historico feriado (poucos dados),3.0
D17BA019937,16,,feriado,0.0,0.0,0.01,0.0,0.0,normal,normal,baixa,3,historico feriado (poucos dados),3.0
D17BA019937,17,,feriado,0.001,0.0,0.01,0.1,0.1,normal,normal,baixa,3,historico feriado (poucos dados),3.0
D17BA019937,18,,feriado,0.0,0.0,0.01,0.0,0.0,normal,normal,baixa,3,historico feriado (poucos dados),3.0
D17BA019937,19,,feriado,0.0,0.0,0.01,0.0,0.0,normal,normal,baixa,3,historico feriado (poucos dados),3.0
D17BA019937,20,,feriado,0.0,0.0,0.01,0.0,0.0,normal,normal,baixa,3,historico feriado (poucos dados),3.0
D17BA019937,21,,feriado,0.0,0.0,0.01,0.0,0.0,normal,normal,baixa,3,historico feriado (poucos dados),3.0
D17BA019937,22,,feriado,0.0,0.0,0.01,0.0,0.0,normal,normal,baixa,2,historico feriado (poucos dados),3.0
D17BA019937,23,,feriado,0.0,0.0,0.01,0.0,0.0,normal,normal,baixa,2,historico feriado (poucos dados),3.0
D17BA019938,0,,feriado,0.006,0.115,0.0288,-3.79,-3.79,desvio,abaixo,baixa,3,historico feriado (poucos dados),3.0
D17BA053783,0,,feriado,0.0,0.0,0.01,0.0,0.0,normal,normal,baixa,3,historico feriado (poucos dados),3.0
D17BA053783,1,,feriado,0.0,0.0,0.01,0.0,0.0,normal,normal,baixa,3,historico feriado (poucos dados),3.0
D17BA053783,2,,feriado,0.0,0.0,0.01,0.0,0.0,normal,normal,baixa,3,historico feriado (poucos dados),3.0
D17BA053783,3,,feriado,0.0,0.0,0.01,0.0,0.0,normal,normal,baixa,3,historico feriado (poucos dados),3.0
D17BA053783,4,,feriado,0.0,0.0,0.01,0.0,0.0,normal,normal,baixa,3,historico feriado (poucos dados),3.0
D17BA053783,5,,feriado,0.0,0.0,0.01,0.0,0.0,normal,normal,baixa,3,historico feriado (poucos dados),3.0
D17BA053783,6,,feriado,0.0,0.0,0.01,0.0,0.0,normal,normal,baixa,3,historico feriado (poucos dados),3.0
D17BA053783,7,,feriado,0.0,0.0,0.01,0.0,0.0,normal,normal,baixa,3,historico feriado (poucos dados),3.0
D17BA053783,8,,feriado,0.0,0.0,0.01,0.0,0.0,normal,normal,baixa,3,historico feriado (poucos dados),3.0
D17BA053783,9,,feriado,0.0,0.0,0.01,0.0,0.0,normal,normal,baixa,3,historico feriado (poucos dados),3.0
D17BA053783,10,,feriado,0.0,0.0,0.01,0.0,0.0,normal,normal,baixa,3,historico feriado (poucos dados),3.0
D17BA053783,11,,feriado,0.0,0.0,0.01,0.0,0.0,normal,normal,baixa,3,historico feriado (poucos dados),3.0
D17BA053783,12,,feriado,0.0,0.0,0.01,0.0,0.0,normal,normal,baixa,3,historico feriado (poucos dados),3.0
D17BA053783,13,,feriado,0.0,0.0,0.01,0.0,0.0,normal,normal,baixa,3,historico feriado (poucos dados),3.0
D17BA053783,14,,feriado,0.0,0.0,0.01,0.0,0.0,normal,normal,baixa,3,historico feriado (poucos dados),3.0
D17BA053783,15,,feriado,0.0,0.0,0.01,0.0,0.0,normal,normal,baixa,3,historico feriado (poucos dados),3.0
D17BA053783,16,,feriado,0.0,0.0,0.01,0.0,0.0,normal,normal,baixa,3,historico feriado (poucos dados),3.0
D17BA053783,17,,feriado,0.0,0.0,0.01,0.0,0.0,normal,normal,baixa,3,historico feriado (poucos dados),3.0
D17BA053783,18,,feriado,0.0,0.0,0.01,0.0,0.0,normal,normal,baixa,3,historico feriado (poucos dados),3.0
D17BA053783,19,,feriado,0.0,0.0,0.01,0.0,0.0,normal,normal,baixa,3,historico feriado (poucos dados),3.0
D17BA053783,20,,feriado,0.0,0.0,0.01,0.0,0.0,normal,normal,baixa,3,historico feriado (poucos dados),3.0
D17BA053783,21,,feriado,0.0,0.0,0.01,0.0,0.0,normal,normal,baixa,3,historico feriado (poucos dados),3.0
D17BA053783,22,,feriado,0.0,0.0,0.01,0.0,0.0,normal,normal,baixa,3,historico feriado (poucos dados),3.0
D17BA053783,23,,feriado,0.0,0.0,0.01,0.0,0.0,normal,normal,baixa,3,historico feriado (poucos dados),3.0
D18BA316162,0,,feriado,0.0,0.0,0.01,0.0,0.0,normal,normal,baixa,3,historico feriado (poucos dados),3.0
D18BA316162,1,,feriado,0.0,0.0,0.01,0.0,0.0,normal,normal,baixa,2,historico feriado (poucos dados),3.0
D18BA316162,2,,feriado,0.0,0.0,0.01,0.0,0.0,normal,normal,baixa,2,historico feriado (poucos dados),3.0
D18BA316162,3,,feriado,0.0,0.0,0.01,0.0,0.0,normal,normal,baixa,2,historico feriado (poucos dados),3.0
D18BA316162,4,,feriado,0.0,0.0,0.01,0.0,0.0,normal,normal,baixa,2,historico feriado (poucos dados),3.0
D18BA316162,9,,feriado,0.0,0.0,0.01,0.0,0.0,normal,normal,baixa,2,historico feriado (poucos dados),3.0
D18BA316162,10,,feriado,0.0,0.0,0.01,0.0,0.0,normal,normal,baixa,2,historico feriado (poucos dados),3.0
D18BA316162,11,,feriado,0.0,0.0,0.01,0.0,0.0,normal,normal,baixa,2,historico feriado (poucos dados),3.0
D18BA316162,12,,feriado,0.0,0.0,0.01,0.0,0.0,normal,normal,baixa,2,historico feriado (poucos dados),3.0
D18BA316162,13,,feriado,0.0,0.0,0.01,0.0,0.0,normal,normal,baixa,3,historico feriado (poucos dados),3.0
D18BA316162,14,,feriado,0.0,0.0,0.01,0.0,0.0,normal,normal,baixa,3,historico feriado (poucos dados),3.0
D18BA316162,15,,feriado,0.0,0.0,0.01,0.0,0.0,normal,normal,baixa,3,historico feriado (poucos dados),3.0
D18BA316162,16,,feriado,0.0,0.0,0.01,0.0,0.0,normal,normal,baixa,3,historico feriado (poucos dados),3.0
D18BA316162,17,,feriado,0.0,0.0,0.01,0.0,0.0,normal,normal,baixa,3,historico feriado (poucos dados),3.0
D18BA316162,18,,feriado,0.0,0.0,0.01,0.0,0.0,normal,normal,baixa,3,historico feriado (poucos dados),3.0
D18BA316162,19,,feriado,0.0,0.0,0.01,0.0,0.0,normal,normal,baixa,3,historico feriado (poucos dados),3.0
D18BA316162,20,,feriado,0.0,0.0,0.01,0.0,0.0,normal,normal,baixa,3,historico feriado (poucos dados),3.0
D18BX003233,0,,feriado,0.0,0.0645,0.0912,-0.71,-0.71,normal,normal,baixa,2,historico feriado (poucos dados),3.0
D18BX003233,1,,feriado,0.0,0.0,0.01,0.0,0.0,normal,normal,baixa,2,historico feriado (poucos dados),3.0
D18BX003233,2,,feriado,0.0,0.0,0.01,0.0,0.0,normal,normal,baixa,2,historico feriado (poucos dados),3.0
D18BX003233,3,,feriado,0.0,0.0,0.01,0.0,0.0,normal,normal,baixa,2,historico feriado (poucos dados),3.0
D18BX003233,4,,feriado,0.0,0.0003,0.01,-0.03,-0.03,normal,normal,baixa,3,historico feriado (poucos dados),3.0
D18BX003233,5,,feriado,0.0,0.0,0.01,0.0,0.0,normal,normal,baixa,3,historico feriado (poucos dados),3.0
D18BX003233,6,,feriado,0.0,0.0,0.01,0.0,0.0,normal,normal,baixa,3,historico feriado (poucos dados),3.0
D18BX003233,7,,feriado,0.0,0.0,0.01,0.0,0.0,normal,normal,baixa,3,historico feriado (poucos dados),3.0
D18BX003237,0,,feriado,0.0,0.0,0.01,0.0,0.0,normal,normal,baixa,2,historico feriado (poucos dados),3.0
D18BX003237,1,,feriado,0.0,0.0,0.01,0.0,0.0,normal,normal,baixa,2,historico feriado (poucos dados),3.0
D18BX003237,2,,feriado,0.0,0.0,0.01,0.0,0.0,normal,normal,baixa,2,historico feriado (poucos dados),3.0
D18BX003237,3,,feriado,0.0,0.0,0.01,0.0,0.0,normal,normal,baixa,2,historico feriado (poucos dados),3.0
D18BX003237,4,,feriado,0.0,0.0,0.01,0.0,0.0,normal,normal,baixa,3,historico feriado (poucos dados),3.0
D18BX003237,5,,feriado,0.0,0.0,0.01,0.0,0.0,normal,normal,baixa,3,historico feriado (poucos dados),3.0
D18BX003237,6,,feriado,0.0,0.0,0.01,0.0,0.0,normal,normal,baixa,3,historico feriado (poucos dados),3.0
D18BX003237,7,,feriado,0.0,0.0,0.01,0.0,0.0,normal,normal,baixa,3,historico feriado (poucos dados),3.0
D18BX003237,16,,feriado,0.0,0.0,0.01,0.0,0.0,normal,normal,baixa,3,historico feriado (poucos dados),3.0
D18BX003237,17,,feriado,0.0,0.0,0.01,0.0,0.0,normal,normal,baixa,3,historico feriado (poucos dados),3.0
D18BX003237,18,,feriado,0.0,0.0,0.01,0.0,0.0,normal,normal,baixa,3,historico feriado (poucos dados),3.0
D18BX003237,19,,feriado,0.0,0.0,0.01,0.0,0.0,normal,normal,baixa,3,historico feriado (poucos dados),3.0
D18BX003237,20,,feriado,0.0,0.0,0.01,0.0,0.0,normal,normal,baixa,3,historico feriado (poucos dados),3.0
D18BX003237,21,,feriado,0.0,0.0,0.01,0.0,0.0,normal,normal,baixa,3,historico feriado (poucos dados),3.0
D18BX003237,22,,feriado,0.0,0.0,0.01,0.0,0.0,normal,normal,baixa,3,historico feriado (poucos dados),3.0
D18BX003237,23,,feriado,0.0,0.0,0.01,0.0,0.0,normal,normal,baixa,3,historico feriado (poucos dados),3.0
D18BX003239,0,,feriado,0.006,0.0,0.01,0.6,0.6,normal,normal,baixa,3,historico feriado (poucos dados),3.0
D18BX003239,1,,feriado,0.0,0.0,0.01,0.0,0.0,normal,normal,baixa,3,historico feriado (poucos dados),3.0
D18BX003239,2,,feriado,0.0,0.0,0.01,0.0,0.0,normal,normal,baixa,3,historico feriado (poucos dados),3.0
D18BX003239,3,,feriado,0.0,0.0,0.01,0.0,0.0,normal,normal,baixa,3,historico feriado (poucos dados),3.0
D18BX003239,4,,feriado,0.0,0.0,0.01,0.0,0.0,normal,normal,baixa,3,historico feriado (poucos dados),3.0
D18BX003239,5,,feriado,0.0,0.0,0.01,0.0,0.0,normal,normal,baixa,3,historico feriado (poucos dados),3.0
D18BX003239,6,,feriado,0.0,0.0,0.01,0.0,0.0,normal,normal,baixa,3,historico feriado (poucos dados),3.0
D18BX003239,7,,feriado,0.0,0.0,0.01,0.0,0.0,normal,normal,baixa,3,historico feriado (poucos dados),3.0
D18BX003239,8,,feriado,0.0,0.0127,0.0219,-0.58,-0.58,normal,normal,baixa,3,historico feriado (poucos dados),3.0
D18BX003239,9,,feriado,0.0,0.0,0.01,0.0,0.0,normal,normal,baixa,3,historico feriado (poucos dados),3.0
D18BX003239,10,,feriado,0.0,0.0053,0.01,-0.53,-0.53,normal,normal,baixa,3,historico feriado (poucos dados),3.0
D18BX003239,11,,feriado,0.0,0.0,0.01,0.0,0.0,normal,normal,baixa,3,historico feriado (poucos dados),3.0
D18BX003239,12,,feriado,0.0,0.0,0.01,0.0,0.0,normal,normal,baixa,3,historico feriado (poucos dados),3.0
D18BX003239,13,,feriado,0.0,0.0023,0.01,-0.23,-0.23,normal,normal,baixa,3,historico feriado (poucos dados),3.0
D18BX003239,14,,feriado,0.0,0.0,0.01,0.0,0.0,normal,normal,baixa,3,historico feriado (poucos dados),3.0
D18BX003239,15,,feriado,0.0,0.0,0.01,0.0,0.0,normal,normal,baixa,3,historico feriado (poucos dados),3.0
D18BX003239,16,,feriado,0.0,0.0,0.01,0.0,0.0,normal,normal,baixa,3,historico feriado (poucos dados),3.0
D18BX003239,17,,feriado,0.0,0.0,0.01,0.0,0.0,normal,normal,baixa,3,historico feriado (poucos dados),3.0
D18BX003239,18,,feriado,0.03,0.0,0.01,3.0,3.0,normal,normal,baixa,3,historico feriado (poucos dados),3.0
D18BX003239,19,,feriado,0.349,0.0,0.01,10.0,34.9,desvio,acima,baixa,3,historico feriado (poucos dados),3.0
D18BX003239,20,,feriado,0.339,0.0,0.01,10.0,33.9,desvio,acima,baixa,3,historico feriado (poucos dados),3.0
D18BX003239,21,,feriado,0.323,0.0,0.01,10.0,32.3,desvio,acima,baixa,3,historico feriado (poucos dados),3.0
D18BX003239,22,,feriado,0.243,0.0,0.01,10.0,24.3,desvio,acima,baixa,3,historico feriado (poucos dados),3.0
D18BX003239,23,,feriado,0.148,0.0,0.01,10.0,14.8,desvio,acima,baixa,3,historico feriado (poucos dados),3.0
D18BX003260,0,,feriado,0.0,0.0,0.01,0.0,0.0,normal,normal,baixa,2,historico feriado (poucos dados),3.0
D18BX003260,1,,feriado,0.0,0.0,0.01,0.0,0.0,normal,normal,baixa,2,historico feriado (poucos dados),3.0
D18BX003260,2,,feriado,0.0,0.0,0.01,0.0,0.0,normal,normal,baixa,2,historico feriado (poucos dados),3.0
D18BX003260,3,,feriado,0.0,0.0,0.01,0.0,0.0,normal,normal,baixa,2,historico feriado (poucos dados),3.0
D18BX003260,4,,feriado,0.0,0.0,0.01,0.0,0.0,normal,normal,baixa,3,historico feriado (poucos dados),3.0
D18BX003260,5,,feriado,0.0,0.0,0.01,0.0,0.0,normal,normal,baixa,3,historico feriado (poucos dados),3.0
D18BX003260,6,,feriado,0.0,0.0,0.01,0.0,0.0,normal,normal,baixa,3,historico feriado (poucos dados),3.0
D18BX003260,7,,feriado,0.0,0.0,0.01,0.0,0.0,normal,normal,baixa,3,historico feriado (poucos dados),3.0
D18BX003260,8,,feriado,0.0,0.0,0.01,0.0,0.0,normal,normal,baixa,24,fallback (30d recentes),3.0
D18BX003260,9,,feriado,0.0,0.0,0.01,0.0,0.0,normal,normal,baixa,24,fallback (30d recentes),3.0
D18BX003260,10,,feriado,0.0,0.0,0.01,0.0,0.0,normal,normal,baixa,24,fallback (30d recentes),3.0
D18BX003260,11,,feriado,0.0,0.0,0.01,0.0,0.0,normal,normal,baixa,22,fallback (30d recentes),3.0
D18BX003260,12,,feriado,0.0,0.0,0.01,0.0,0.0,normal,normal,baixa,3,historico feriado (poucos dados),3.0
D18BX003260,13,,feriado,0.0,0.0,0.01,0.0,0.0,normal,normal,baixa,3,historico feriado (poucos dados),3.0
D18BX003260,14,,feriado,0.0,0.0,0.01,0.0,0.0,normal,normal,baixa,3,historico feriado (poucos dados),3.0
D18BX003260,15,,feriado,0.0,0.0,0.01,0.0,0.0,normal,normal,baixa,3,historico feriado (poucos dados),3.0
D18BX003260,16,,feriado,0.0,0.0,0.01,0.0,0.0,normal,normal,baixa,3,historico feriado (poucos dados),3.0
D18BX003260,17,,feriado,0.0,0.0,0.01,0.0,0.0,normal,normal,baixa,3,historico feriado (poucos dados),3.0
D18BX003260,18,,feriado,0.0,0.0,0.01,0.0,0.0,normal,normal,baixa,3,historico feriado (poucos dados),3.0
D18BX003260,19,,feriado,0.0,0.0,0.01,0.0,0.0,normal,normal,baixa,3,historico feriado (poucos dados),3.0
D18BX003260,20,,feriado,0.0,0.0,0.01,0.0,0.0,normal,normal,baixa,23,fallback (30d recentes),3.0
D18BX003260,21,,feriado,0.0,0.0,0.01,0.0,0.0,normal,normal,baixa,23,fallback (30d recentes),3.0
D18BX003260,22,,feriado,0.0,0.0,0.01,0.0,0.0,normal,normal,baixa,23,fallback (30d recentes),3.0
D18BX003260,23,,feriado,0.0,0.0,0.01,0.0,0.0,normal,normal,baixa,22,fallback (30d recentes),3.0
D18BX003284,0,,feriado,0.0,0.0003,0.01,-0.03,-0.03,normal,normal,baixa,3,historico feriado (poucos dados),3.0
D18BX003284,1,,feriado,0.0,0.0,0.01,0.0,0.0,normal,normal,baixa,3,historico feriado (poucos dados),3.0
D18BX003284,2,,feriado,0.0,0.0,0.01,0.0,0.0,normal,normal,baixa,3,historico feriado (poucos dados),3.0
D18BX003284,3,,feriado,0.0,0.0,0.01,0.0,0.0,normal,normal,baixa,3,historico feriado (poucos dados),3.0
D18BX003284,4,,feriado,0.0,0.0,0.01,0.0,0.0,normal,normal,baixa,3,historico feriado (poucos dados),3.0
D18BX003284,5,,feriado,0.0,0.0,0.01,0.0,0.0,normal,normal,baixa,3,historico feriado (poucos dados),3.0
D18BX003284,6,,feriado,0.0,0.0003,0.01,-0.03,-0.03,normal,normal,baixa,3,historico feriado (poucos dados),3.0
D18BX003284,7,,feriado,0.0,0.0,0.01,0.0,0.0,normal,normal,baixa,3,historico feriado (poucos dados),3.0
D18BX003284,8,,feriado,0.0,0.0,0.01,0.0,0.0,normal,normal,baixa,3,historico feriado (poucos dados),3.0
D18BX003284,9,,feriado,0.0,0.0003,0.01,-0.03,-0.03,normal,normal,baixa,3,historico feriado (poucos dados),3.0
D18BX003284,10,,feriado,0.0,0.0,0.01,0.0,0.0,normal,normal,baixa,2,historico feriado (poucos dados),3.0
D18BX003284,11,,feriado,0.0,0.0005,0.01,-0.05,-0.05,normal,normal,baixa,2,historico feriado (poucos dados),3.0
D18BX003284,12,,feriado,0.001,0.0,0.01,0.1,0.1,normal,normal,baixa,2,historico feriado (poucos dados),3.0
D18BX003284,13,,feriado,0.0,0.001,0.01,-0.1,-0.1,normal,normal,baixa,2,historico feriado (poucos dados),3.0
D18BX003284,14,,feriado,0.0,0.0003,0.01,-0.03,-0.03,normal,normal,baixa,3,historico feriado (poucos dados),3.0
D18BX003284,15,,feriado,0.001,0.0,0.01,0.1,0.1,normal,normal,baixa,3,historico feriado (poucos dados),3.0
D18BX003284,16,,feriado,0.0,0.0003,0.01,-0.03,-0.03,normal,normal,baixa,3,historico feriado (poucos dados),3.0
D18BX003284,17,,feriado,0.0,0.0,0.01,0.0,0.0,normal,normal,baixa,3,historico feriado (poucos dados),3.0
D18BX003284,18,,feriado,0.0,0.0003,0.01,-0.03,-0.03,normal,normal,baixa,3,historico feriado (poucos dados),3.0
D18BX003284,19,,feriado,0.001,0.0003,0.01,0.07,0.07,normal,normal,baixa,3,historico feriado (poucos dados),3.0
D18BX003284,20,,feriado,0.0,0.0,0.01,0.0,0.0,normal,normal,baixa,3,historico feriado (poucos dados),3.0
D18BX003284,21,,feriado,0.0,0.0,0.01,0.0,0.0,normal,normal,baixa,3,historico feriado (poucos dados),3.0
D18BX003284,22,,feriado,0.0,0.0003,0.01,-0.03,-0.03,normal,normal,baixa,3,historico feriado (poucos dados),3.0
D18BX003284,23,,feriado,0.0,0.0003,0.01,-0.03,-0.03,normal,normal,baixa,3,historico feriado (poucos dados),3.0
D19BA000196,0,,feriado,0.0,0.0,0.01,0.0,0.0,normal,normal,baixa,3,historico feriado (poucos dados),3.0
D19BA063983,0,,feriado,0.0,0.0,0.01,0.0,0.0,normal,normal,baixa,3,historico feriado (poucos dados),3.0
D19BA063983,1,,feriado,0.0,0.0,0.01,0.0,0.0,normal,normal,baixa,3,historico feriado (poucos dados),3.0
D19BA063983,2,,feriado,0.0,0.0,0.01,0.0,0.0,normal,normal,baixa,3,historico feriado (poucos dados),3.0
D19BA063983,3,,feriado,0.0,0.0,0.01,0.0,0.0,normal,normal,baixa,3,historico feriado (poucos dados),3.0
D19BA063983,4,,feriado,0.0,0.0,0.01,0.0,0.0,normal,normal,baixa,3,historico feriado (poucos dados),3.0
D19BA063983,5,,feriado,0.0,0.0,0.01,0.0,0.0,normal,normal,baixa,3,historico feriado (poucos dados),3.0
D19BA063983,6,,feriado,0.0,0.0,0.01,0.0,0.0,normal,normal,baixa,3,historico feriado (poucos dados),3.0
D19BA063983,7,,feriado,0.0,0.0,0.01,0.0,0.0,normal,normal,baixa,3,historico feriado (poucos dados),3.0
D19BA063983,8,,feriado,0.0,0.0,0.01,0.0,0.0,normal,normal,baixa,3,historico feriado (poucos dados),3.0
D19BA063983,9,,feriado,0.0,0.0,0.01,0.0,0.0,normal,normal,baixa,3,historico feriado (poucos dados),3.0
D19BA063983,10,,feriado,0.0,0.0,0.01,0.0,0.0,normal,normal,baixa,3,historico feriado (poucos dados),3.0
D19BA063983,11,,feriado,0.0,0.0,0.01,0.0,0.0,normal,normal,baixa,3,historico feriado (poucos dados),3.0
D19BA063983,12,,feriado,0.0,0.0,0.01,0.0,0.0,normal,normal,baixa,3,historico feriado (poucos dados),3.0
D19BA063983,13,,feriado,0.0,0.0,0.01,0.0,0.0,normal,normal,baixa,3,historico feriado (poucos dados),3.0
D19BA063983,14,,feriado,0.0,0.0,0.01,0.0,0.0,normal,normal,baixa,3,historico feriado (poucos dados),3.0
D19BA063983,15,,feriado,0.0,0.0,0.01,0.0,0.0,normal,normal,baixa,3,historico feriado (poucos dados),3.0
D19BA063983,16,,feriado,0.0,0.0,0.01,0.0,0.0,normal,normal,baixa,3,historico feriado (poucos dados),3.0
D19BA063983,17,,feriado,0.0,0.0,0.01,0.0,0.0,normal,normal,baixa,3,historico feriado (poucos dados),3.0
D19BA063983,18,,feriado,0.0,0.0,0.01,0.0,0.0,normal,normal,baixa,3,historico feriado (poucos dados),3.0
D19BA063983,19,,feriado,0.0,0.0,0.01,0.0,0.0,normal,normal,baixa,3,historico feriado (poucos dados),3.0
D19BA063983,20,,feriado,0.0,0.0,0.01,0.0,0.0,normal,normal,baixa,3,historico feriado (poucos dados),3.0
D19BA063983,21,,feriado,0.0,0.0,0.01,0.0,0.0,normal,normal,baixa,3,historico feriado (poucos dados),3.0
D19BA063983,22,,feriado,0.0,0.0,0.01,0.0,0.0,normal,normal,baixa,3,historico feriado (poucos dados),3.0
D19BA063983,23,,feriado,0.0,0.0,0.01,0.0,0.0,normal,normal,baixa,3,historico feriado (poucos dados),3.0
D19BA093038,0,,feriado,0.0,0.0,0.01,0.0,0.0,normal,normal,baixa,3,historico feriado (poucos dados),3.0
D19BA093038,1,,feriado,0.0,0.0,0.01,0.0,0.0,normal,normal,baixa,3,historico feriado (poucos dados),3.0
D19BA093038,2,,feriado,0.0,0.0,0.01,0.0,0.0,normal,normal,baixa,3,historico feriado (poucos dados),3.0
D19BA093038,3,,feriado,0.0,0.0,0.01,0.0,0.0,normal,normal,baixa,3,historico feriado (poucos dados),3.0
D19BA093038,4,,feriado,0.0,0.0,0.01,0.0,0.0,normal,normal,baixa,3,historico feriado (poucos dados),3.0
D19BA093038,5,,feriado,0.0,0.0,0.01,0.0,0.0,normal,normal,baixa,3,historico feriado (poucos dados),3.0
D19BA093038,6,,feriado,0.0,0.0,0.01,0.0,0.0,normal,normal,baixa,3,historico feriado (poucos dados),3.0
D19BA093038,7,,feriado,0.0,0.0,0.01,0.0,0.0,normal,normal,baixa,3,historico feriado (poucos dados),3.0
D19BA093038,8,,feriado,0.0,0.0,0.01,0.0,0.0,normal,normal,baixa,3,historico feriado (poucos dados),3.0
D19BA093038,9,,feriado,0.0,0.0,0.01,0.0,0.0,normal,normal,baixa,3,historico feriado (poucos dados),3.0
D19BA093038,10,,feriado,0.0,0.0,0.01,0.0,0.0,normal,normal,baixa,3,historico feriado (poucos dados),3.0
D19BA093038,11,,feriado,0.0,0.0,0.01,0.0,0.0,normal,normal,baixa,3,historico feriado (poucos dados),3.0
D19BA093038,12,,feriado,0.0,0.0,0.01,0.0,0.0,normal,normal,baixa,3,historico feriado (poucos dados),3.0
D19BA093038,13,,feriado,0.0,0.0,0.01,0.0,0.0,normal,normal,baixa,3,historico feriado (poucos dados),3.0
D19BA093038,14,,feriado,0.0,0.0,0.01,0.0,0.0,normal,normal,baixa,3,historico feriado (poucos dados),3.0
D19BA093038,15,,feriado,0.0,0.0,0.01,0.0,0.0,normal,normal,baixa,3,historico feriado (poucos dados),3.0
D19BA093038,16,,feriado,0.0,0.0,0.01,0.0,0.0,normal,normal,baixa,3,historico feriado (poucos dados),3.0
D19BA093038,17,,feriado,0.0,0.0,0.01,0.0,0.0,normal,normal,baixa,3,historico feriado (poucos dados),3.0
D19BA093038,18,,feriado,0.0,0.0,0.01,0.0,0.0,normal,normal,baixa,3,historico feriado (poucos dados),3.0
D19BA093038,19,,feriado,0.0,0.0,0.01,0.0,0.0,normal,normal,baixa,3,historico feriado (poucos dados),3.0
D19BA093038,20,,feriado,0.0,0.0,0.01,0.0,0.0,normal,normal,baixa,3,historico feriado (poucos dados),3.0
D19BA093038,21,,feriado,0.0,0.0,0.01,0.0,0.0,normal,normal,baixa,3,historico feriado (poucos dados),3.0
D19BA093038,22,,feriado,0.0,0.0,0.01,0.0,0.0,normal,normal,baixa,3,historico feriado (poucos dados),3.0
D19BA093038,23,,feriado,0.0,0.0,0.01,0.0,0.0,normal,normal,baixa,3,historico feriado (poucos dados),3.0
D19BA093039,0,,feriado,0.0,0.0,0.01,0.0,0.0,normal,normal,baixa,3,historico feriado (poucos dados),3.0
D19BA093039,1,,feriado,0.0,0.0,0.01,0.0,0.0,normal,normal,baixa,3,historico feriado (poucos dados),3.0
D19BA093039,2,,feriado,0.0,0.0,0.01,0.0,0.0,normal,normal,baixa,3,historico feriado (poucos dados),3.0
D19BA093039,3,,feriado,0.0,0.0,0.01,0.0,0.0,normal,normal,baixa,3,historico feriado (poucos dados),3.0
D19BA093039,4,,feriado,0.0,0.0,0.01,0.0,0.0,normal,normal,baixa,3,historico feriado (poucos dados),3.0
D19BA093039,5,,feriado,0.0,0.0,0.01,0.0,0.0,normal,normal,baixa,3,historico feriado (poucos dados),3.0
D19BA093039,6,,feriado,0.0,0.0,0.01,0.0,0.0,normal,normal,baixa,3,historico feriado (poucos dados),3.0
D19BA093039,7,,feriado,0.0,0.0,0.01,0.0,0.0,normal,normal,baixa,3,historico feriado (poucos dados),3.0
D19BA093039,8,,feriado,0.0,0.0,0.01,0.0,0.0,normal,normal,baixa,3,historico feriado (poucos dados),3.0
D19BA093039,9,,feriado,0.0,0.0,0.01,0.0,0.0,normal,normal,baixa,3,historico feriado (poucos dados),3.0
D19BA093039,10,,feriado,0.0,0.0,0.01,0.0,0.0,normal,normal,baixa,3,historico feriado (poucos dados),3.0
D19BA093039,11,,feriado,0.0,0.0,0.01,0.0,0.0,normal,normal,baixa,3,historico feriado (poucos dados),3.0
D19BA093039,12,,feriado,0.0,0.0,0.01,0.0,0.0,normal,normal,baixa,3,historico feriado (poucos dados),3.0
D19BA093039,13,,feriado,0.0,0.0,0.01,0.0,0.0,normal,normal,baixa,3,historico feriado (poucos dados),3.0
D19BA093039,14,,feriado,0.0,0.0,0.01,0.0,0.0,normal,normal,baixa,3,historico feriado (poucos dados),3.0
D19BA093039,15,,feriado,0.0,0.0,0.01,0.0,0.0,normal,normal,baixa,3,historico feriado (poucos dados),3.0
D19BA093039,16,,feriado,0.0,0.0,0.01,0.0,0.0,normal,normal,baixa,3,historico feriado (poucos dados),3.0
D19BA093039,17,,feriado,0.0,0.0,0.01,0.0,0.0,normal,normal,baixa,3,historico feriado (poucos dados),3.0
D19BA093039,18,,feriado,0.0,0.0,0.01,0.0,0.0,normal,normal,baixa,3,historico feriado (poucos dados),3.0
D19BA093039,19,,feriado,0.0,0.0,0.01,0.0,0.0,normal,normal,baixa,3,historico feriado (poucos dados),3.0
D19BA093039,20,,feriado,0.0,0.0,0.01,0.0,0.0,normal,normal,baixa,3,historico feriado (poucos dados),3.0
D19BA093039,21,,feriado,0.0,0.0,0.01,0.0,0.0,normal,normal,baixa,3,historico feriado (poucos dados),3.0
D19BA093039,22,,feriado,0.0,0.0,0.01,0.0,0.0,normal,normal,baixa,3,historico feriado (poucos dados),3.0
D19BA093039,23,,feriado,0.0,0.0,0.01,0.0,0.0,normal,normal,baixa,3,historico feriado (poucos dados),3.0
D19BA310748,5,,feriado,0.0,0.0,0.01,0.0,0.0,normal,normal,baixa,16,fallback (30d recentes),3.0
D19BA310748,6,,feriado,0.0,0.0,0.01,0.0,0.0,normal,normal,baixa,16,fallback (30d recentes),3.0
D19BA310748,7,,feriado,0.0,0.0,0.01,0.0,0.0,normal,normal,baixa,16,fallback (30d recentes),3.0
D19BA310748,8,,feriado,0.0,0.0,0.01,0.0,0.0,normal,normal,baixa,14,fallback (30d recentes),3.0
D19BA310748,17,,feriado,0.0,0.0,0.01,0.0,0.0,normal,normal,baixa,18,fallback (30d recentes),3.0
D19BA310748,18,,feriado,0.0,0.0,0.01,0.0,0.0,normal,normal,baixa,18,fallback (30d recentes),3.0
D19BA310748,19,,feriado,0.0,0.0,0.01,0.0,0.0,normal,normal,baixa,18,fallback (30d recentes),3.0
D19BA310748,20,,feriado,0.0,0.0,0.01,0.0,0.0,normal,normal,baixa,17,fallback (30d recentes),3.0
D19BA310997,0,,feriado,0.001,0.0003,0.01,0.07,0.07,normal,normal,baixa,3,historico feriado (poucos dados),3.0
D19BA310997,1,,feriado,0.0,0.001,0.01,-0.1,-0.1,normal,normal,baixa,3,historico feriado (poucos dados),3.0
D19BA310997,2,,feriado,0.001,0.0007,0.01,0.03,0.03,normal,normal,baixa,3,historico feriado (poucos dados),3.0
D19BA310997,3,,feriado,0.0,0.0007,0.01,-0.07,-0.07,normal,normal,baixa,3,historico feriado (poucos dados),3.0
D19BA310997,4,,feriado,0.001,0.001,0.01,0.0,0.0,normal,normal,baixa,3,historico feriado (poucos dados),3.0
D19BA310997,5,,feriado,0.0,0.0007,0.01,-0.07,-0.07,normal,normal,baixa,3,historico feriado (poucos dados),3.0
D19BA310997,6,,feriado,0.001,0.001,0.01,0.0,0.0,normal,normal,baixa,3,historico feriado (poucos dados),3.0
D19BA310997,7,,feriado,0.0,0.001,0.01,-0.1,-0.1,normal,normal,baixa,3,historico feriado (poucos dados),3.0
D19BA310997,8,,feriado,0.001,0.0003,0.01,0.07,0.07,normal,normal,baixa,3,historico feriado (poucos dados),3.0
D19BA310997,9,,feriado,0.0,0.0007,0.01,-0.07,-0.07,normal,normal,baixa,3,historico feriado (poucos dados),3.0
D19BA310997,10,,feriado,0.0,0.0003,0.01,-0.03,-0.03,normal,normal,baixa,3,historico feriado (poucos dados),3.0
D19BA310997,11,,feriado,0.001,0.0003,0.01,0.07,0.07,normal,normal,baixa,3,historico feriado (poucos dados),3.0
D19BA310997,12,,feriado,0.0,0.0007,0.01,-0.07,-0.07,normal,normal,baixa,3,historico feriado (poucos dados),3.0
D19BA310997,13,,feriado,0.0,0.0003,0.01,-0.03,-0.03,normal,normal,baixa,3,historico feriado (poucos dados),3.0
D19BA310997,14,,feriado,0.0,0.0003,0.01,-0.03,-0.03,normal,normal,baixa,3,historico feriado (poucos dados),3.0
D19BA310997,15,,feriado,0.001,0.001,0.01,0.0,0.0,normal,normal,baixa,3,historico feriado (poucos dados),3.0
D19BA310997,16,,feriado,0.0,0.0,0.01,0.0,0.0,normal,normal,baixa,3,historico feriado (poucos dados),3.0
D19BA310997,17,,feriado,0.0,0.0007,0.01,-0.07,-0.07,normal,normal,baixa,3,historico feriado (poucos dados),3.0
D19BA310997,18,,feriado,0.001,0.0007,0.01,0.03,0.03,normal,normal,baixa,3,historico feriado (poucos dados),3.0
D19BA310997,19,,feriado,0.0,0.0007,0.01,-0.07,-0.07,normal,normal,baixa,3,historico feriado (poucos dados),3.0
D19BA310997,20,,feriado,0.0,0.0,0.01,0.0,0.0,normal,normal,baixa,3,historico feriado (poucos dados),3.0
D19BA310997,21,,feriado,0.001,0.001,0.01,0.0,0.0,normal,normal,baixa,3,historico feriado (poucos dados),3.0
D19BA310997,22,,feriado,0.0,0.0,0.01,0.0,0.0,normal,normal,baixa,3,historico feriado (poucos dados),3.0
D19BA310997,23,,feriado,0.0,0.001,0.01,-0.1,-0.1,normal,normal,baixa,3,historico feriado (poucos dados),3.0
D19BA341196,0,,feriado,0.001,0.0013,0.01,-0.03,-0.03,normal,normal,baixa,3,historico feriado (poucos dados),3.0
D19BA341196,1,,feriado,0.002,0.0017,0.01,0.03,0.03,normal,normal,baixa,3,historico feriado (poucos dados),3.0
D19BA341196,2,,feriado,0.001,0.001,0.01,0.0,0.0,normal,normal,baixa,3,historico feriado (poucos dados),3.0
D19BA341196,3,,feriado,0.001,0.0013,0.01,-0.03,-0.03,normal,normal,baixa,3,historico feriado (poucos dados),3.0
D19BA341196,4,,feriado,0.002,0.0017,0.01,0.03,0.03,normal,normal,baixa,3,historico feriado (poucos dados),3.0
D19BA341196,5,,feriado,0.001,0.0013,0.01,-0.03,-0.03,normal,normal,baixa,3,historico feriado (poucos dados),3.0
D19BA341196,6,,feriado,0.002,0.0017,0.01,0.03,0.03,normal,normal,baixa,3,historico feriado (poucos dados),3.0
D19BA341196,7,,feriado,0.001,0.0013,0.01,-0.03,-0.03,normal,normal,baixa,3,historico feriado (poucos dados),3.0
D19BA341196,8,,feriado,0.002,0.0013,0.01,0.07,0.07,normal,normal,baixa,3,historico feriado (poucos dados),3.0
D19BA341196,9,,feriado,0.001,0.002,0.01,-0.1,-0.1,normal,normal,baixa,3,historico feriado (poucos dados),3.0
D19BA341196,10,,feriado,0.002,0.037,0.0403,-0.87,-0.87,normal,normal,baixa,3,historico feriado (poucos dados),3.0
D19BA341196,11,,feriado,0.054,0.025,0.0235,1.23,1.23,normal,normal,baixa,3,historico feriado (poucos dados),3.0
D19BA341196,12,,feriado,0.08,0.0273,0.0439,1.2,1.2,normal,normal,baixa,3,historico feriado (poucos dados),3.0
D19BA341196,13,,feriado,0.091,0.0317,0.0424,1.4,1.4,normal,normal,baixa,3,historico feriado (poucos dados),3.0
D19BA341196,14,,feriado,0.103,0.0647,0.0728,0.53,0.53,normal,normal,baixa,3,historico feriado (poucos dados),3.0
D19BA341196,15,,feriado,0.132,0.0683,0.0675,0.94,0.94,normal,normal,baixa,3,historico feriado (poucos dados),3.0
D19BA341196,16,,feriado,0.029,0.0083,0.0101,2.04,2.04,normal,normal,baixa,3,historico feriado (poucos dados),3.0
D19BA341196,17,,feriado,0.015,0.0113,0.0123,0.3,0.3,normal,normal,baixa,3,historico feriado (poucos dados),3.0
D19BA341196,18,,feriado,0.029,0.0063,0.01,2.27,2.27,normal,normal,baixa,3,historico feriado (poucos dados),3.0
D19BA341196,19,,feriado,0.008,0.0043,0.01,0.37,0.37,normal,normal,baixa,3,historico feriado (poucos dados),3.0
D19BA341196,20,,feriado,0.002,0.0017,0.01,0.03,0.03,normal,normal,baixa,3,historico feriado (poucos dados),3.0
D19BA341196,21,,feriado,0.001,0.0013,0.01,-0.03,-0.03,normal,normal,baixa,3,historico feriado (poucos dados),3.0
D19BA341196,22,,feriado,0.001,0.0017,0.01,-0.07,-0.07,normal,normal,baixa,3,historico feriado (poucos dados),3.0
D19BA341196,23,,feriado,0.002,0.0013,0.01,0.07,0.07,normal,normal,baixa,3,historico feriado (poucos dados),3.0
D19BA343472,0,,feriado,0.0,0.0,0.01,0.0,0.0,normal,normal,baixa,3,historico feriado (poucos dados),3.0
D19BA343472,1,,feriado,0.0,0.0,0.01,0.0,0.0,normal,normal,baixa,3,historico feriado (poucos dados),3.0
D19BA343472,2,,feriado,0.0,0.0,0.01,0.0,0.0,normal,normal,baixa,3,historico feriado (poucos dados),3.0
D19BA343472,3,,feriado,0.0,0.0,0.01,0.0,0.0,normal,normal,baixa,3,historico feriado (poucos dados),3.0
D19BA343472,4,,feriado,0.0,0.0,0.01,0.0,0.0,normal,normal,baixa,3,historico feriado (poucos dados),3.0
D19BA343472,5,,feriado,0.0,0.0,0.01,0.0,0.0,normal,normal,baixa,3,historico feriado (poucos dados),3.0
D19BA343472,6,,feriado,0.0,0.0,0.01,0.0,0.0,normal,normal,baixa,3,historico feriado (poucos dados),3.0
D19BA343472,7,,feriado,0.0,0.0,0.01,0.0,0.0,normal,normal,baixa,3,historico feriado (poucos dados),3.0
D19BA343472,8,,feriado,0.0,0.0,0.01,0.0,0.0,normal,normal,baixa,3,historico feriado (poucos dados),3.0
D19BA343472,9,,feriado,0.001,0.0003,0.01,0.07,0.07,normal,normal,baixa,3,historico feriado (poucos dados),3.0
D19BA343472,10,,feriado,0.0,0.0017,0.01,-0.17,-0.17,normal,normal,baixa,3,historico feriado (poucos dados),3.0
D19BA343472,11,,feriado,0.405,0.3267,0.5649,0.14,0.14,normal,normal,baixa,3,historico feriado (poucos dados),3.0
D19BA343472,12,,feriado,0.0,0.003,0.01,-0.3,-0.3,normal,normal,baixa,3,historico feriado (poucos dados),3.0
D19BA343472,13,,feriado,0.0,0.227,0.3932,-0.58,-0.58,normal,normal,baixa,3,historico feriado (poucos dados),3.0
D19BA343472,14,,feriado,0.0,0.023,0.0308,-0.75,-0.75,normal,normal,baixa,3,historico feriado (poucos dados),3.0
D19BA343472,15,,feriado,0.0,0.0,0.01,0.0,0.0,normal,normal,baixa,3,historico feriado (poucos dados),3.0
D19BA343472,16,,feriado,0.0,0.0047,0.01,-0.47,-0.47,normal,normal,baixa,3,historico feriado (poucos dados),3.0
D19BA343472,17,,feriado,0.277,0.0,0.01,10.0,27.7,desvio,acima,baixa,3,historico feriado (poucos dados),3.0
D19BA343472,18,,feriado,0.079,0.0007,0.01,7.83,7.83,desvio,acima,baixa,3,historico feriado (poucos dados),3.0
D19BA343472,19,,feriado,0.0,0.009,0.01,-0.9,-0.9,normal,normal,baixa,3,historico feriado (poucos dados),3.0
D19BA343472,20,,feriado,0.0,0.0,0.01,0.0,0.0,normal,normal,baixa,3,historico feriado (poucos dados),3.0
D19BA343472,21,,feriado,0.0,0.016,0.0277,-0.58,-0.58,normal,normal,baixa,3,historico feriado (poucos dados),3.0
D19BA343472,22,,feriado,0.0,0.0,0.01,0.0,0.0,normal,normal,baixa,3,historico feriado (poucos dados),3.0
D19BA343472,23,,feriado,0.0,0.0073,0.0127,-0.58,-0.58,normal,normal,baixa,3,historico feriado (poucos dados),3.0
D19BA343473,0,,feriado,0.0,0.0,0.01,0.0,0.0,normal,normal,baixa,3,historico feriado (poucos dados),3.0
D19BA343473,1,,feriado,0.0,0.0,0.01,0.0,0.0,normal,normal,baixa,3,historico feriado (poucos dados),3.0
D19BA343473,2,,feriado,0.0,0.0,0.01,0.0,0.0,normal,normal,baixa,3,historico feriado (poucos dados),3.0
D19BA343473,3,,feriado,0.0,0.0,0.01,0.0,0.0,normal,normal,baixa,3,historico feriado (poucos dados),3.0
D19BA343473,4,,feriado,0.0,0.0,0.01,0.0,0.0,normal,normal,baixa,3,historico feriado (poucos dados),3.0
D19BA343473,5,,feriado,0.0,0.0,0.01,0.0,0.0,normal,normal,baixa,3,historico feriado (poucos dados),3.0
D19BA343473,6,,feriado,0.0,0.0,0.01,0.0,0.0,normal,normal,baixa,3,historico feriado (poucos dados),3.0
D19BA343473,7,,feriado,0.0,0.0,0.01,0.0,0.0,normal,normal,baixa,3,historico feriado (poucos dados),3.0
D19BA343473,8,,feriado,0.0,0.0,0.01,0.0,0.0,normal,normal,baixa,3,historico feriado (poucos dados),3.0
D19BA343473,9,,feriado,0.0,0.0037,0.01,-0.37,-0.37,normal,normal,baixa,3,historico feriado (poucos dados),3.0
D19BA343473,10,,feriado,0.0,0.062,0.1074,-0.58,-0.58,normal,normal,baixa,3,historico feriado (poucos dados),3.0
D19BA343473,11,,feriado,0.246,0.2737,0.474,-0.06,-0.06,normal,normal,baixa,3,historico feriado (poucos dados),3.0
D19BA343473,12,,feriado,0.0,0.0,0.01,0.0,0.0,normal,normal,baixa,3,historico feriado (poucos dados),3.0
D19BA343473,13,,feriado,0.0,0.0387,0.067,-0.58,-0.58,normal,normal,baixa,3,historico feriado (poucos dados),3.0
D19BA343473,14,,feriado,0.0,0.0,0.01,0.0,0.0,normal,normal,baixa,3,historico feriado (poucos dados),3.0
D19BA343473,15,,feriado,0.0,0.0,0.01,0.0,0.0,normal,normal,baixa,3,historico feriado (poucos dados),3.0
D19BA343473,16,,feriado,0.333,0.0087,0.015,10.0,21.61,desvio,acima,baixa,3,historico feriado (poucos dados),3.0
D19BA343473,17,,feriado,0.0,0.0507,0.0869,-0.58,-0.58,normal,normal,baixa,3,historico feriado (poucos dados),3.0
D19BA343473,18,,feriado,0.007,0.2267,0.3428,-0.64,-0.64,normal,normal,baixa,3,historico feriado (poucos dados),3.0
D19BA343473,19,,feriado,0.0,0.0,0.01,0.0,0.0,normal,normal,baixa,3,historico feriado (poucos dados),3.0
D19BA343473,20,,feriado,0.0,0.004,0.01,-0.4,-0.4,normal,normal,baixa,3,historico feriado (poucos dados),3.0
D19BA343473,21,,feriado,0.0,0.0,0.01,0.0,0.0,normal,normal,baixa,3,historico feriado (poucos dados),3.0
D19BA343473,22,,feriado,0.0,0.0,0.01,0.0,0.0,normal,normal,baixa,3,historico feriado (poucos dados),3.0
D19BA343473,23,,feriado,0.0,0.0,0.01,0.0,0.0,normal,normal,baixa,3,historico feriado (poucos dados),3.0
D19BA343474,0,,feriado,0.0,0.0,0.01,0.0,0.0,normal,normal,baixa,3,historico feriado (poucos dados),3.0
D19BA343474,1,,feriado,0.0,0.0,0.01,0.0,0.0,normal,normal,baixa,3,historico feriado (poucos dados),3.0
D19BA343474,2,,feriado,0.0,0.0,0.01,0.0,0.0,normal,normal,baixa,3,historico feriado (poucos dados),3.0
D19BA343474,3,,feriado,0.0,0.0,0.01,0.0,0.0,normal,normal,baixa,3,historico feriado (poucos dados),3.0
D19BA343474,4,,feriado,0.0,0.0,0.01,0.0,0.0,normal,normal,baixa,3,historico feriado (poucos dados),3.0
D19BA343474,5,,feriado,0.0,0.0,0.01,0.0,0.0,normal,normal,baixa,3,historico feriado (poucos dados),3.0
D19BA343474,6,,feriado,0.0,0.0,0.01,0.0,0.0,normal,normal,baixa,3,historico feriado (poucos dados),3.0
D19BA343474,7,,feriado,0.0,0.0,0.01,0.0,0.0,normal,normal,baixa,3,historico feriado (poucos dados),3.0
D19BA343474,8,,feriado,0.0,0.0,0.01,0.0,0.0,normal,normal,baixa,3,historico feriado (poucos dados),3.0
D19BA343474,9,,feriado,0.0,0.0,0.01,0.0,0.0,normal,normal,baixa,3,historico feriado (poucos dados),3.0
D19BA343474,10,,feriado,0.0,0.0,0.01,0.0,0.0,normal,normal,baixa,3,historico feriado (poucos dados),3.0
D19BA343474,11,,feriado,0.0,0.0027,0.01,-0.27,-0.27,normal,normal,baixa,3,historico feriado (poucos dados),3.0
D19BA343474,12,,feriado,0.0,0.0037,0.01,-0.37,-0.37,normal,normal,baixa,3,historico feriado (poucos dados),3.0
D19BA343474,13,,feriado,0.0,0.0,0.01,0.0,0.0,normal,normal,baixa,3,historico feriado (poucos dados),3.0
D19BA343474,14,,feriado,0.0,0.0,0.01,0.0,0.0,normal,normal,baixa,3,historico feriado (poucos dados),3.0
D19BA343474,15,,feriado,0.0,0.0,0.01,0.0,0.0,normal,normal,baixa,3,historico feriado (poucos dados),3.0
D19BA343474,16,,feriado,0.0,0.1067,0.1848,-0.58,-0.58,normal,normal,baixa,3,historico feriado (poucos dados),3.0
D19BA343474,17,,feriado,0.108,0.009,0.0156,6.35,6.35,desvio,acima,baixa,3,historico feriado (poucos dados),3.0
D19BA343474,18,,feriado,0.213,0.0,0.01,10.0,21.3,desvio,acima,baixa,3,historico feriado (poucos dados),3.0
D19BA343474,19,,feriado,0.0,0.0817,0.0805,-1.01,-1.01,normal,normal,baixa,3,historico feriado (poucos dados),3.0
D19BA343474,20,,feriado,0.252,0.0,0.01,10.0,25.2,desvio,acima,baixa,3,historico feriado (poucos dados),3.0
D19BA343474,21,,feriado,0.0,0.0677,0.1172,-0.58,-0.58,normal,normal,baixa,3,historico feriado (poucos dados),3.0
D19BA343474,22,,feriado,0.0,0.0,0.01,0.0,0.0,normal,normal,baixa,3,historico feriado (poucos dados),3.0
D19BA343474,23,,feriado,0.0,0.0,0.01,0.0,0.0,normal,normal,baixa,3,historico feriado (poucos dados),3.0
D19BA343504,0,,feriado,0.0,0.0,0.01,0.0,0.0,normal,normal,baixa,3,historico feriado (poucos dados),3.0
D19BA343504,1,,feriado,0.0,0.0,0.01,0.0,0.0,normal,normal,baixa,2,historico feriado (poucos dados),3.0
D19BA343504,2,,feriado,0.0,0.0,0.01,0.0,0.0,normal,normal,baixa,3,historico feriado (poucos dados),3.0
D19BA343504,3,,feriado,0.0,0.0,0.01,0.0,0.0,normal,normal,baixa,3,historico feriado (poucos dados),3.0
D19BA343504,4,,feriado,0.0,0.0,0.01,0.0,0.0,normal,normal,baixa,3,historico feriado (poucos dados),3.0
D19BA343504,5,,feriado,0.0,0.0,0.01,0.0,0.0,normal,normal,baixa,2,historico feriado (poucos dados),3.0
D19BA343504,6,,feriado,0.0,0.0,0.01,0.0,0.0,normal,normal,baixa,3,historico feriado (poucos dados),3.0
D19BA343504,7,,feriado,0.0,0.0,0.01,0.0,0.0,normal,normal,baixa,3,historico feriado (poucos dados),3.0
D19BA343504,8,,feriado,0.077,0.0,0.01,7.7,7.7,desvio,acima,baixa,3,historico feriado (poucos dados),3.0
D19BA343504,9,,feriado,0.0,0.0177,0.0225,-0.79,-0.79,normal,normal,baixa,3,historico feriado (poucos dados),3.0
D19BA343504,10,,feriado,0.0,0.0013,0.01,-0.13,-0.13,normal,normal,baixa,3,historico feriado (poucos dados),3.0
D19BA343504,11,,feriado,0.052,0.004,0.01,4.8,4.8,desvio,acima,baixa,3,historico feriado (poucos dados),3.0
D19BA343504,12,,feriado,0.003,0.01,0.0173,-0.4,-0.4,normal,normal,baixa,3,historico feriado (poucos dados),3.0
D19BA343504,13,,feriado,0.0,0.0,0.01,0.0,0.0,normal,normal,baixa,2,historico feriado (poucos dados),3.0
D19BA343504,14,,feriado,0.01,0.0,0.01,1.0,1.0,normal,normal,baixa,3,historico feriado (poucos dados),3.0
D19BA343504,15,,feriado,0.0,0.0017,0.01,-0.17,-0.17,normal,normal,baixa,3,historico feriado (poucos dados),3.0
D19BA343504,16,,feriado,0.0,0.0003,0.01,-0.03,-0.03,normal,normal,baixa,3,historico feriado (poucos dados),3.0
D19BA343504,17,,feriado,0.0,0.0,0.01,0.0,0.0,normal,normal,baixa,2,historico feriado (poucos dados),3.0
D19BA343504,18,,feriado,0.0,0.018,0.0312,-0.58,-0.58,normal,normal,baixa,3,historico feriado (poucos dados),3.0
D19BA343504,19,,feriado,0.0,0.0,0.01,0.0,0.0,normal,normal,baixa,3,historico feriado (poucos dados),3.0
D19BA343504,20,,feriado,0.0,0.0103,0.0179,-0.58,-0.58,normal,normal,baixa,3,historico feriado (poucos dados),3.0
D19BA343504,22,,feriado,0.0,0.0,0.01,0.0,0.0,normal,normal,baixa,3,historico feriado (poucos dados),3.0
D19BA343504,23,,feriado,0.0,0.0,0.01,0.0,0.0,normal,normal,baixa,3,historico feriado (poucos dados),3.0
D19BX000010,1,,feriado,0.0,0.0,0.01,0.0,0.0,normal,normal,baixa,2,historico feriado (poucos dados),3.0
D19BX000010,2,,feriado,0.0,0.0,0.01,0.0,0.0,normal,normal,baixa,2,historico feriado (poucos dados),3.0
D19BX000010,3,,feriado,0.0,0.0,0.01,0.0,0.0,normal,normal,baixa,2,historico feriado (poucos dados),3.0
D19BX000010,4,,feriado,0.0,0.0,0.01,0.0,0.0,normal,normal,baixa,2,historico feriado (poucos dados),3.0
D19BX000010,5,,feriado,0.0,0.0,0.01,0.0,0.0,normal,normal,baixa,2,historico feriado (poucos dados),3.0
D19BX000010,6,,feriado,0.0,0.0,0.01,0.0,0.0,normal,normal,baixa,2,historico feriado (poucos dados),3.0
D19BX000010,7,,feriado,0.0,0.0,0.01,0.0,0.0,normal,normal,baixa,2,historico feriado (poucos dados),3.0
D19BX000010,8,,feriado,0.0,0.0,0.01,0.0,0.0,normal,normal,baixa,2,historico feriado (poucos dados),3.0
D19BX000010,9,,feriado,0.0,0.0,0.01,0.0,0.0,normal,normal,baixa,2,historico feriado (poucos dados),3.0
D19BX000010,10,,feriado,0.0,0.0,0.01,0.0,0.0,normal,normal,baixa,2,historico feriado (poucos dados),3.0
D19BX000010,11,,feriado,0.0,0.0,0.01,0.0,0.0,normal,normal,baixa,2,historico feriado (poucos dados),3.0
D19BX000010,12,,feriado,0.0,0.0,0.01,0.0,0.0,normal,normal,baixa,2,historico feriado (poucos dados),3.0
D19BX000010,13,,feriado,0.0,0.0,0.01,0.0,0.0,normal,normal,baixa,23,fallback (30d recentes),3.0
D19BX000010,14,,feriado,0.0,0.0,0.01,0.0,0.0,normal,normal,baixa,23,fallback (30d recentes),3.0
D19BX000010,15,,feriado,0.0,0.0,0.01,0.0,0.0,normal,normal,baixa,23,fallback (30d recentes),3.0
D19BX000010,16,,feriado,0.0,0.0,0.01,0.0,0.0,normal,normal,baixa,23,fallback (30d recentes),3.0
D19BX000010,21,,feriado,0.0,0.0,0.01,0.0,0.0,normal,normal,baixa,2,historico feriado (poucos dados),3.0
D19BX000010,22,,feriado,0.0,0.0,0.01,0.0,0.0,normal,normal,baixa,2,historico feriado (poucos dados),3.0
D19BX000010,23,,feriado,0.0,0.0,0.01,0.0,0.0,normal,normal,baixa,2,historico feriado (poucos dados),3.0
D19BX000034,0,,feriado,0.001,0.0063,0.011,-0.49,-0.49,normal,normal,baixa,3,historico feriado (poucos dados),3.0
D19BX000034,1,,feriado,0.002,0.0063,0.011,-0.4,-0.4,normal,normal,baixa,3,historico feriado (poucos dados),3.0
D19BX000034,2,,feriado,0.001,0.0067,0.0115,-0.49,-0.49,normal,normal,baixa,3,historico feriado (poucos dados),3.0
D19BX000034,3,,feriado,0.002,0.0063,0.011,-0.4,-0.4,normal,normal,baixa,3,historico feriado (poucos dados),3.0
D19BX000034,4,,feriado,0.001,0.0067,0.0115,-0.49,-0.49,normal,normal,baixa,3,historico feriado (poucos dados),3.0
D19BX000034,5,,feriado,0.001,0.0063,0.011,-0.49,-0.49,normal,normal,baixa,3,historico feriado (poucos dados),3.0
D19BX000034,6,,feriado,0.002,0.0063,0.011,-0.4,-0.4,normal,normal,baixa,3,historico feriado (poucos dados),3.0
D19BX000034,7,,feriado,0.002,0.0367,0.0473,-0.73,-0.73,normal,normal,baixa,3,historico feriado (poucos dados),3.0
D19BX000034,8,,feriado,0.002,0.006,0.0104,-0.38,-0.38,normal,normal,baixa,3,historico feriado (poucos dados),3.0
D19BX000034,9,,feriado,0.002,0.1453,0.2363,-0.61,-0.61,normal,normal,baixa,3,historico feriado (poucos dados),3.0
D19BX000034,10,,feriado,0.18,0.065,0.0631,1.82,1.82,normal,normal,baixa,3,historico feriado (poucos dados),3.0
D19BX000034,11,,feriado,0.002,0.0197,0.0211,-0.84,-0.84,normal,normal,baixa,3,historico feriado (poucos dados),3.0
D19BX000034,12,,feriado,0.001,0.0117,0.0101,-1.05,-1.05,normal,normal,baixa,3,historico feriado (poucos dados),3.0
D19BX000034,13,,feriado,0.002,0.006,0.0104,-0.38,-0.38,normal,normal,baixa,3,historico feriado (poucos dados),3.0
D19BX000034,14,,feriado,0.106,0.005,0.01,10.0,10.1,desvio,acima,baixa,3,historico feriado (poucos dados),3.0
D19BX000034,15,,feriado,0.158,0.0343,0.0595,2.08,2.08,normal,normal,baixa,3,historico feriado (poucos dados),3.0
D19BX000034,16,,feriado,0.002,0.0313,0.0543,-0.54,-0.54,normal,normal,baixa,3,historico feriado (poucos dados),3.0
D19BX000034,17,,feriado,0.002,0.0267,0.0462,-0.53,-0.53,normal,normal,baixa,3,historico feriado (poucos dados),3.0
D19BX000034,18,,feriado,0.211,0.1163,0.1431,0.66,0.66,normal,normal,baixa,3,historico feriado (poucos dados),3.0
D19BX000034,19,,feriado,0.276,0.1853,0.0828,1.09,1.09,normal,normal,baixa,3,historico feriado (poucos dados),3.0
D19BX000034,20,,feriado,0.034,0.1453,0.189,-0.59,-0.59,normal,normal,baixa,3,historico feriado (poucos dados),3.0
D19BX000034,21,,feriado,0.002,0.002,0.01,0.0,0.0,normal,normal,baixa,3,historico feriado (poucos dados),3.0
D19BX000034,22,,feriado,0.002,0.0,0.01,0.2,0.2,normal,normal,baixa,3,historico feriado (poucos dados),3.0
D19BX000034,23,,feriado,0.002,0.0,0.01,0.2,0.2,normal,normal,baixa,2,historico feriado (poucos dados),3.0
D19BX000038,0,,feriado,0.0,0.0,0.01,0.0,0.0,normal,normal,baixa,20,fallback (30d recentes),3.0
D19BX000038,1,,feriado,0.0,0.0,0.01,0.0,0.0,normal,normal,baixa,3,historico feriado (poucos dados),3.0
D19BX000038,2,,feriado,0.0,0.0,0.01,0.0,0.0,normal,normal,baixa,3,historico feriado (poucos dados),3.0
D19BX000038,3,,feriado,0.0,0.0,0.01,0.0,0.0,normal,normal,baixa,3,historico feriado (poucos dados),3.0
D19BX000038,4,,feriado,0.0,0.0,0.01,0.0,0.0,normal,normal,baixa,3,historico feriado (poucos dados),3.0
D19BX000038,5,,feriado,0.0,0.0,0.01,0.0,0.0,normal,normal,baixa,3,historico feriado (poucos dados),3.0
D19BX000038,6,,feriado,0.0,0.0,0.01,0.0,0.0,normal,normal,baixa,3,historico feriado (poucos dados),3.0
D19BX000038,7,,feriado,0.0,0.0,0.01,0.0,0.0,normal,normal,baixa,3,historico feriado (poucos dados),3.0
D19BX000038,8,,feriado,0.0,0.0,0.01,0.0,0.0,normal,normal,baixa,3,historico feriado (poucos dados),3.0
D19BX000038,9,,feriado,0.0,0.0,0.01,0.0,0.0,normal,normal,baixa,2,historico feriado (poucos dados),3.0
D19BX000038,10,,feriado,0.0,0.0,0.01,0.0,0.0,normal,normal,baixa,2,historico feriado (poucos dados),3.0
D19BX000038,11,,feriado,0.0,0.0,0.01,0.0,0.0,normal,normal,baixa,2,historico feriado (poucos dados),3.0
D19BX000038,12,,feriado,0.0,0.0,0.01,0.0,0.0,normal,normal,baixa,2,historico feriado (poucos dados),3.0
D19BX000038,13,,feriado,0.0,0.0,0.01,0.0,0.0,normal,normal,baixa,3,historico feriado (poucos dados),3.0
D19BX000038,14,,feriado,0.0,0.0,0.01,0.0,0.0,normal,normal,baixa,3,historico feriado (poucos dados),3.0
D19BX000038,15,,feriado,0.0,0.0,0.01,0.0,0.0,normal,normal,baixa,3,historico feriado (poucos dados),3.0
D19BX000038,16,,feriado,0.0,0.0,0.01,0.0,0.0,normal,normal,baixa,3,historico feriado (poucos dados),3.0
D19BX000038,17,,feriado,0.0,0.0,0.01,0.0,0.0,normal,normal,baixa,3,historico feriado (poucos dados),3.0
D19BX000038,18,,feriado,0.0,0.0,0.01,0.0,0.0,normal,normal,baixa,3,historico feriado (poucos dados),3.0
D19BX000038,19,,feriado,0.0,0.0,0.01,0.0,0.0,normal,normal,baixa,3,historico feriado (poucos dados),3.0
D19BX000038,20,,feriado,0.0,0.0,0.01,0.0,0.0,normal,normal,baixa,3,historico feriado (poucos dados),3.0
D19BX000038,21,,feriado,0.0,0.0,0.01,0.0,0.0,normal,normal,baixa,2,historico feriado (poucos dados),3.0
D19BX000038,22,,feriado,0.0,0.0,0.01,0.0,0.0,normal,normal,baixa,2,historico feriado (poucos dados),3.0
D19BX000038,23,,feriado,0.0,0.0,0.01,0.0,0.0,normal,normal,baixa,2,historico feriado (poucos dados),3.0
D19BX000040,0,,feriado,0.006,0.0,0.01,0.6,0.6,normal,normal,baixa,3,historico feriado (poucos dados),3.0
D19BX000040,1,,feriado,0.007,0.0,0.01,0.7,0.7,normal,normal,baixa,3,historico feriado (poucos dados),3.0
D19BX000040,2,,feriado,0.006,0.0,0.01,0.6,0.6,normal,normal,baixa,3,historico feriado (poucos dados),3.0
D19BX000040,3,,feriado,0.007,0.0,0.01,0.7,0.7,normal,normal,baixa,3,historico feriado (poucos dados),3.0
D19BX000040,4,,feriado,0.007,0.0,0.01,0.7,0.7,normal,normal,baixa,3,historico feriado (poucos dados),3.0
D19BX000040,5,,feriado,0.006,0.0,0.01,0.6,0.6,normal,normal,baixa,3,historico feriado (poucos dados),3.0
D19BX000040,6,,feriado,0.007,0.0,0.01,0.7,0.7,normal,normal,baixa,3,historico feriado (poucos dados),3.0
D19BX000040,7,,feriado,0.009,0.0,0.01,0.9,0.9,normal,normal,baixa,3,historico feriado (poucos dados),3.0
D19BX000040,8,,feriado,0.01,0.0,0.01,1.0,1.0,normal,normal,baixa,3,historico feriado (poucos dados),3.0
D19BX000040,9,,feriado,0.009,0.0,0.01,0.9,0.9,normal,normal,baixa,3,historico feriado (poucos dados),3.0
D19BX000040,10,,feriado,0.01,0.0,0.01,1.0,1.0,normal,normal,baixa,3,historico feriado (poucos dados),3.0
D19BX000040,11,,feriado,0.01,0.0,0.01,1.0,1.0,normal,normal,baixa,3,historico feriado (poucos dados),3.0
D19BX000040,12,,feriado,0.01,0.0,0.01,1.0,1.0,normal,normal,baixa,3,historico feriado (poucos dados),3.0
D19BX000040,14,,feriado,0.01,0.0,0.01,1.0,1.0,normal,normal,baixa,3,historico feriado (poucos dados),3.0
D19BX000040,15,,feriado,0.01,0.0,0.01,1.0,1.0,normal,normal,baixa,3,historico feriado (poucos dados),3.0
D19BX000040,16,,feriado,0.01,0.0,0.01,1.0,1.0,normal,normal,baixa,3,historico feriado (poucos dados),3.0
D19BX000040,17,,feriado,0.009,0.0,0.01,0.9,0.9,normal,normal,baixa,3,historico feriado (poucos dados),3.0
D19BX000040,18,,feriado,0.02,0.0,0.01,2.0,2.0,normal,normal,baixa,3,historico feriado (poucos dados),3.0
D19BX000040,19,,feriado,0.01,0.0,0.01,1.0,1.0,normal,normal,baixa,3,historico feriado (poucos dados),3.0
D19BX000040,20,,feriado,0.009,0.0,0.01,0.9,0.9,normal,normal,baixa,3,historico feriado (poucos dados),3.0
D19BX000040,21,,feriado,0.01,0.0,0.01,1.0,1.0,normal,normal,baixa,3,historico feriado (poucos dados),3.0
D19BX000040,22,,feriado,0.009,0.0,0.01,0.9,0.9,normal,normal,baixa,3,historico feriado (poucos dados),3.0
D19BX000040,23,,feriado,0.008,0.0,0.01,0.8,0.8,normal,normal,baixa,3,historico feriado (poucos dados),3.0
D19BX000041,4,,feriado,0.0,0.0,0.01,0.0,0.0,normal,normal,baixa,2,historico feriado (poucos dados),3.0
D19BX000041,5,,feriado,0.0,0.0,0.01,0.0,0.0,normal,normal,baixa,2,historico feriado (poucos dados),3.0
D19BX000041,6,,feriado,0.0,0.001,0.01,-0.1,-0.1,normal,normal,baixa,2,historico feriado (poucos dados),3.0
D19BX000041,7,,feriado,0.0,0.02,0.0226,-0.88,-0.88,normal,normal,baixa,2,historico feriado (poucos dados),3.0
D19BX000041,8,,feriado,0.0,0.0025,0.01,-0.25,-0.25,normal,normal,baixa,2,historico feriado (poucos dados),3.0
D19BX000041,9,,feriado,0.0,0.0,0.01,0.0,0.0,normal,normal,baixa,2,historico feriado (poucos dados),3.0
D19BX000041,10,,feriado,0.0,0.0,0.01,0.0,0.0,normal,normal,baixa,2,historico feriado (poucos dados),3.0
D19BX000041,11,,feriado,0.0,0.0,0.01,0.0,0.0,normal,normal,baixa,2,historico feriado (poucos dados),3.0
D19BX000041,12,,feriado,0.001,0.0073,0.011,-0.57,-0.57,normal,normal,baixa,3,historico feriado (poucos dados),3.0
D19BX000041,13,,feriado,0.005,0.0003,0.01,0.47,0.47,normal,normal,baixa,3,historico feriado (poucos dados),3.0
D19BX000041,14,,feriado,0.0,0.0047,0.01,-0.47,-0.47,normal,normal,baixa,3,historico feriado (poucos dados),3.0
D19BX000041,15,,feriado,0.0,0.0037,0.01,-0.37,-0.37,normal,normal,baixa,3,historico feriado (poucos dados),3.0
D19BX000041,16,,feriado,0.011,0.0067,0.01,0.43,0.43,normal,normal,baixa,3,historico feriado (poucos dados),3.0
D19BX000041,17,,feriado,0.004,0.0123,0.0136,-0.61,-0.61,normal,normal,baixa,3,historico feriado (poucos dados),3.0
D19BX000041,18,,feriado,0.005,0.0017,0.01,0.33,0.33,normal,normal,baixa,3,historico feriado (poucos dados),3.0
D19BX000041,19,,feriado,0.005,0.005,0.01,0.0,0.0,normal,normal,baixa,3,historico feriado (poucos dados),3.0
D19BX000041,20,,feriado,0.001,0.003,0.01,-0.2,-0.2,normal,normal,baixa,3,historico feriado (poucos dados),3.0
D19BX000041,21,,feriado,0.004,0.004,0.01,0.0,0.0,normal,normal,baixa,3,historico feriado (poucos dados),3.0
D19BX000041,22,,feriado,0.002,0.0,0.01,0.2,0.2,normal,normal,baixa,3,historico feriado (poucos dados),3.0
D19BX000041,23,,feriado,0.0,0.0,0.01,0.0,0.0,normal,normal,baixa,3,historico feriado (poucos dados),3.0
D19BX000057,0,,feriado,0.008,0.0013,0.01,0.67,0.67,normal,normal,baixa,3,historico feriado (poucos dados),3.0
D19BX000057,1,,feriado,0.009,0.001,0.01,0.8,0.8,normal,normal,baixa,3,historico feriado (poucos dados),3.0
D19BX000057,2,,feriado,0.009,0.0007,0.01,0.83,0.83,normal,normal,baixa,3,historico feriado (poucos dados),3.0
D19BX000057,3,,feriado,0.01,0.0,0.01,1.0,1.0,normal,normal,baixa,3,historico feriado (poucos dados),3.0
D19BX000057,4,,feriado,0.01,0.0007,0.01,0.93,0.93,normal,normal,baixa,3,historico feriado (poucos dados),3.0
D19BX000057,5,,feriado,0.019,0.0007,0.01,1.83,1.83,normal,normal,baixa,3,historico feriado (poucos dados),3.0
D19BX000057,6,,feriado,0.009,0.0007,0.01,0.83,0.83,normal,normal,baixa,3,historico feriado (poucos dados),3.0
D19BX000057,7,,feriado,0.01,0.0003,0.01,0.97,0.97,normal,normal,baixa,3,historico feriado (poucos dados),3.0
D19BX000057,9,,feriado,0.008,0.001,0.01,0.7,0.7,normal,normal,baixa,3,historico feriado (poucos dados),3.0
D19BX000057,10,,feriado,0.007,0.008,0.0121,-0.08,-0.08,normal,normal,baixa,3,historico feriado (poucos dados),3.0
D19BX000057,11,,feriado,0.006,0.0007,0.01,0.53,0.53,normal,normal,baixa,3,historico feriado (poucos dados),3.0
D19BX000057,12,,feriado,0.006,0.005,0.01,0.1,0.1,normal,normal,baixa,3,historico feriado (poucos dados),3.0
D19BX000057,13,,feriado,0.006,0.0057,0.01,0.03,0.03,normal,normal,baixa,3,historico feriado (poucos dados),3.0
D19BX000057,14,,feriado,0.006,0.004,0.01,0.2,0.2,normal,normal,baixa,3,historico feriado (poucos dados),3.0
D19BX000057,15,,feriado,0.006,0.001,0.01,0.5,0.5,normal,normal,baixa,3,historico feriado (poucos dados),3.0
D19BX000057,16,,feriado,0.007,0.0095,0.012,-0.21,-0.21,normal,normal,baixa,2,historico feriado (poucos dados),3.0
D19BX000057,17,,feriado,0.007,0.0047,0.01,0.23,0.23,normal,normal,baixa,3,historico feriado (poucos dados),3.0
D19BX000057,18,,feriado,0.007,0.0027,0.01,0.43,0.43,normal,normal,baixa,3,historico feriado (poucos dados),3.0
D19BX000057,19,,feriado,0.008,0.0077,0.0115,0.03,0.03,normal,normal,baixa,3,historico feriado (poucos dados),3.0
D19BX000057,20,,feriado,0.007,0.0007,0.01,0.63,0.63,normal,normal,baixa,3,historico feriado (poucos dados),3.0
D19BX000057,21,,feriado,0.014,0.0013,0.01,1.27,1.27,normal,normal,baixa,3,historico feriado (poucos dados),3.0
D19BX000057,22,,feriado,0.008,0.0007,0.01,0.73,0.73,normal,normal,baixa,3,historico feriado (poucos dados),3.0
D19BX000057,23,,feriado,0.008,0.0007,0.01,0.73,0.73,normal,normal,baixa,3,historico feriado (poucos dados),3.0
D20BA029351,0,,feriado,0.0,0.0,0.01,0.0,0.0,normal,normal,baixa,3,historico feriado (poucos dados),3.0
D20BA029351,1,,feriado,0.0,0.0,0.01,0.0,0.0,normal,normal,baixa,3,historico feriado (poucos dados),3.0
D20BA029351,2,,feriado,0.0,0.0,0.01,0.0,0.0,normal,normal,baixa,3,historico feriado (poucos dados),3.0
D20BA029351,3,,feriado,0.0,0.0,0.01,0.0,0.0,normal,normal,baixa,3,historico feriado (poucos dados),3.0
D20BA029351,4,,feriado,0.0,0.0,0.01,0.0,0.0,normal,normal,baixa,3,historico feriado (poucos dados),3.0
D20BA029351,5,,feriado,0.0,0.0,0.01,0.0,0.0,normal,normal,baixa,3,historico feriado (poucos dados),3.0
D20BA029351,6,,feriado,0.0,0.0,0.01,0.0,0.0,normal,normal,baixa,3,historico feriado (poucos dados),3.0
D20BA029351,7,,feriado,0.0,0.0,0.01,0.0,0.0,normal,normal,baixa,3,historico feriado (poucos dados),3.0
D20BA029351,8,,feriado,0.0,0.0,0.01,0.0,0.0,normal,normal,baixa,3,historico feriado (poucos dados),3.0
D20BA029351,9,,feriado,0.0,0.0,0.01,0.0,0.0,normal,normal,baixa,3,historico feriado (poucos dados),3.0
D20BA029351,10,,feriado,0.0,0.0,0.01,0.0,0.0,normal,normal,baixa,3,historico feriado (poucos dados),3.0
D20BA029351,11,,feriado,0.0,0.0,0.01,0.0,0.0,normal,normal,baixa,3,historico feriado (poucos dados),3.0
D20BA029351,12,,feriado,0.0,0.0,0.01,0.0,0.0,normal,normal,baixa,3,historico feriado (poucos dados),3.0
D20BA029351,13,,feriado,0.0,0.0,0.01,0.0,0.0,normal,normal,baixa,3,historico feriado (poucos dados),3.0
D20BA029351,14,,feriado,0.0,0.0,0.01,0.0,0.0,normal,normal,baixa,3,historico feriado (poucos dados),3.0
D20BA029351,15,,feriado,0.0,0.0,0.01,0.0,0.0,normal,normal,baixa,3,historico feriado (poucos dados),3.0
D20BA029351,16,,feriado,0.0,0.0,0.01,0.0,0.0,normal,normal,baixa,3,historico feriado (poucos dados),3.0
D20BA029351,17,,feriado,0.0,0.0,0.01,0.0,0.0,normal,normal,baixa,3,historico feriado (poucos dados),3.0
D20BA029351,18,,feriado,0.0,0.0,0.01,0.0,0.0,normal,normal,baixa,3,historico feriado (poucos dados),3.0
D20BA029351,19,,feriado,0.0,0.0,0.01,0.0,0.0,normal,normal,baixa,3,historico feriado (poucos dados),3.0
D20BA029351,20,,feriado,0.0,0.0,0.01,0.0,0.0,normal,normal,baixa,3,historico feriado (poucos dados),3.0
D20BA029351,21,,feriado,0.0,0.0,0.01,0.0,0.0,normal,normal,baixa,3,historico feriado (poucos dados),3.0
D20BA029351,22,,feriado,0.0,0.0,0.01,0.0,0.0,normal,normal,baixa,3,historico feriado (poucos dados),3.0
D20BA029351,23,,feriado,0.0,0.0,0.01,0.0,0.0,normal,normal,baixa,3,historico feriado (poucos dados),3.0
H19VA232210,0,,feriado,0.0,0.0,0.01,0.0,0.0,normal,normal,baixa,3,historico feriado (poucos dados),3.0
H19VA232210,1,,feriado,0.0,0.0,0.01,0.0,0.0,normal,normal,baixa,3,historico feriado (poucos dados),3.0
H19VA232210,2,,feriado,0.0,0.0,0.01,0.0,0.0,normal,normal,baixa,3,historico feriado (poucos dados),3.0
H19VA232210,3,,feriado,0.0,0.0,0.01,0.0,0.0,normal,normal,baixa,3,historico feriado (poucos dados),3.0
H19VA232210,4,,feriado,0.0,0.0,0.01,0.0,0.0,normal,normal,baixa,3,historico feriado (poucos dados),3.0
H19VA232210,5,,feriado,0.0,0.0,0.01,0.0,0.0,normal,normal,baixa,3,historico feriado (poucos dados),3.0
H19VA232210,6,,feriado,0.0,0.0,0.01,0.0,0.0,normal,normal,baixa,3,historico feriado (poucos dados),3.0
H19VA232210,7,,feriado,0.0,0.0,0.01,0.0,0.0,normal,normal,baixa,3,historico feriado (poucos dados),3.0
H19VA232210,8,,feriado,0.03,0.0197,0.017,0.61,0.61,normal,normal,baixa,3,historico feriado (poucos dados),3.0
H19VA232210,9,,feriado,0.0,0.0,0.01,0.0,0.0,normal,normal,baixa,3,historico feriado (poucos dados),3.0
H19VA232210,10,,feriado,0.027,0.0,0.01,2.7,2.7,normal,normal,baixa,3,historico feriado (poucos dados),3.0
H19VA232210,11,,feriado,0.0,0.0,0.01,0.0,0.0,normal,normal,baixa,3,historico feriado (poucos dados),3.0
H19VA232210,12,,feriado,0.0,0.0423,0.015,-2.82,-2.82,normal,normal,baixa,3,historico feriado (poucos dados),3.0
H19VA232210,13,,feriado,0.026,0.0093,0.0162,1.03,1.03,normal,normal,baixa,3,historico feriado (poucos dados),3.0
H19VA232210,14,,feriado,0.0,0.0,0.01,0.0,0.0,normal,normal,baixa,3,historico feriado (poucos dados),3.0
H19VA232210,15,,feriado,0.0,0.0277,0.01,-2.77,-2.77,normal,normal,baixa,3,historico feriado (poucos dados),3.0
H19VA232210,16,,feriado,0.0,0.0187,0.0323,-0.58,-0.58,normal,normal,baixa,3,historico feriado (poucos dados),3.0
H19VA232210,17,,feriado,0.041,0.0093,0.0153,2.07,2.07,normal,normal,baixa,3,historico feriado (poucos dados),3.0
H19VA232210,18,,feriado,0.0,0.005,0.01,-0.5,-0.5,normal,normal,baixa,3,historico feriado (poucos dados),3.0
H19VA232210,19,,feriado,0.0,0.0037,0.01,-0.37,-0.37,normal,normal,baixa,3,historico feriado (poucos dados),3.0
H19VA232210,20,,feriado,0.0,0.0087,0.015,-0.58,-0.58,normal,normal,baixa,3,historico feriado (poucos dados),3.0
H19VA232210,21,,feriado,0.0,0.0,0.01,0.0,0.0,normal,normal,baixa,3,historico feriado (poucos dados),3.0
H19VA232210,22,,feriado,0.0,0.0,0.01,0.0,0.0,normal,normal,baixa,3,historico feriado (poucos dados),3.0
H19VA232210,23,,feriado,0.0,0.0,0.01,0.0,0.0,normal,normal,baixa,3,historico feriado (poucos dados),3.0
H20VA222003,0,,feriado,0.0,0.0,0.01,0.0,0.0,normal,normal,baixa,2,historico feriado (poucos dados),3.0
H20VA222003,1,,feriado,0.0,0.0,0.01,0.0,0.0,normal,normal,baixa,2,historico feriado (poucos dados),3.0
H20VA222003,2,,feriado,0.0,0.0,0.01,0.0,0.0,normal,normal,baixa,2,historico feriado (poucos dados),3.0
H20VA222003,7,,feriado,0.0,0.0,0.01,0.0,0.0,normal,normal,baixa,26,fallback (30d recentes),3.0
H20VA222003,8,,feriado,0.0,0.0013,0.01,-0.13,-0.13,normal,normal,baixa,26,fallback (30d recentes),3.0
H20VA222003,9,,feriado,0.027,0.0018,0.01,2.52,2.52,normal,normal,baixa,26,fallback (30d recentes),3.0
H20VA222003,10,,feriado,0.0,0.0015,0.01,-0.15,-0.15,normal,normal,baixa,26,fallback (30d recentes),3.0
H20VA222003,15,,feriado,0.014,0.0,0.01,1.4,1.4,normal,normal,baixa,3,historico feriado (poucos dados),3.0
H20VA222003,16,,feriado,0.0,0.0093,0.0162,-0.58,-0.58,normal,normal,baixa,3,historico feriado (poucos dados),3.0
H20VA222003,17,,feriado,0.005,0.0407,0.0587,-0.61,-0.61,normal,normal,baixa,3,historico feriado (poucos dados),3.0
H20VA222003,18,,feriado,0.0,0.0433,0.0751,-0.58,-0.58,normal,normal,baixa,3,historico feriado (poucos dados),3.0
H20VA222003,19,,feriado,0.0,0.127,0.1796,-0.71,-0.71,normal,normal,baixa,2,historico feriado (poucos dados),3.0
H20VA222003,20,,feriado,0.0,0.0295,0.0417,-0.71,-0.71,normal,normal,baixa,2,historico feriado (poucos dados),3.0
H20VA222003,21,,feriado,0.0,0.0,0.01,0.0,0.0,normal,normal,baixa,2,historico feriado (poucos dados),3.0
H20VA222003,22,,feriado,0.0,0.0,0.01,0.0,0.0,normal,normal,baixa,2,historico feriado (poucos dados),3.0
H20VA222003,23,,feriado,0.0,0.021,0.0364,-0.58,-0.58,normal,normal,baixa,3,historico feriado (poucos dados),3.0
H20VA222016,0,,feriado,0.002,0.0003,0.01,0.17,0.17,normal,normal,baixa,3,historico feriado (poucos dados),3.0
H20VA222016,1,,feriado,0.002,0.0007,0.01,0.13,0.13,normal,normal,baixa,3,historico feriado (poucos dados),3.0
H20VA222016,2,,feriado,0.001,0.0003,0.01,0.07,0.07,normal,normal,baixa,3,historico feriado (poucos dados),3.0
H20VA222016,3,,feriado,0.002,0.0003,0.01,0.17,0.17,normal,normal,baixa,3,historico feriado (poucos dados),3.0
H20VA222016,4,,feriado,0.002,0.0003,0.01,0.17,0.17,normal,normal,baixa,3,historico feriado (poucos dados),3.0
H20VA222016,5,,feriado,0.001,0.0003,0.01,0.07,0.07,normal,normal,baixa,3,historico feriado (poucos dados),3.0
H20VA222016,6,,feriado,0.002,0.0007,0.01,0.13,0.13,normal,normal,baixa,3,historico feriado (poucos dados),3.0
H20VA222016,7,,feriado,0.002,0.0003,0.01,0.17,0.17,normal,normal,baixa,3,historico feriado (poucos dados),3.0
H20VA222016,8,,feriado,0.001,0.0003,0.01,0.07,0.07,normal,normal,baixa,3,historico feriado (poucos dados),3.0
H20VA222016,9,,feriado,0.002,0.0003,0.01,0.17,0.17,normal,normal,baixa,3,historico feriado (poucos dados),3.0
H20VA222016,10,,feriado,0.002,0.0003,0.01,0.17,0.17,normal,normal,baixa,3,historico feriado (poucos dados),3.0
H20VA222016,11,,feriado,0.001,0.0007,0.01,0.03,0.03,normal,normal,baixa,3,historico feriado (poucos dados),3.0
H20VA222016,12,,feriado,0.002,0.0003,0.01,0.17,0.17,normal,normal,baixa,3,historico feriado (poucos dados),3.0
H20VA222016,13,,feriado,0.002,0.0003,0.01,0.17,0.17,normal,normal,baixa,3,historico feriado (poucos dados),3.0
H20VA222016,14,,feriado,0.001,0.0003,0.01,0.07,0.07,normal,normal,baixa,3,historico feriado (poucos dados),3.0
H20VA222016,15,,feriado,0.002,0.0007,0.01,0.13,0.13,normal,normal,baixa,3,historico feriado (poucos dados),3.0
H20VA222016,16,,feriado,0.002,0.0003,0.01,0.17,0.17,normal,normal,baixa,3,historico feriado (poucos dados),3.0
H20VA222016,17,,feriado,0.001,0.0003,0.01,0.07,0.07,normal,normal,baixa,3,historico feriado (poucos dados),3.0
H20VA222016,18,,feriado,0.002,0.0003,0.01,0.17,0.17,normal,normal,baixa,3,historico feriado (poucos dados),3.0
H20VA222016,19,,feriado,0.002,0.0007,0.01,0.13,0.13,normal,normal,baixa,3,historico feriado (poucos dados),3.0
H20VA222016,20,,feriado,0.001,0.0003,0.01,0.07,0.07,normal,normal,baixa,3,historico feriado (poucos dados),3.0
H20VA222016,21,,feriado,0.002,0.0003,0.01,0.17,0.17,normal,normal,baixa,3,historico feriado (poucos dados),3.0
H20VA222016,22,,feriado,0.001,0.0003,0.01,0.07,0.07,normal,normal,baixa,3,historico feriado (poucos dados),3.0
H20VA222016,23,,feriado,0.002,0.0003,0.01,0.17,0.17,normal,normal,baixa,3,historico feriado (poucos dados),3.0
H20VA543760,0,,feriado,0.0,0.0,0.01,0.0,0.0,normal,normal,baixa,2,historico feriado (poucos dados),3.0
H20VA543760,1,,feriado,0.0,0.0,0.01,0.0,0.0,normal,normal,baixa,3,historico feriado (poucos dados),3.0
H20VA543760,2,,feriado,0.0,0.0,0.01,0.0,0.0,normal,normal,baixa,3,historico feriado (poucos dados),3.0
H20VA543760,3,,feriado,0.0,0.0003,0.01,-0.03,-0.03,normal,normal,baixa,3,historico feriado (poucos dados),3.0
H20VA543760,4,,feriado,0.0,0.0,0.01,0.0,0.0,normal,normal,baixa,3,historico feriado (poucos dados),3.0
H20VA543760,5,,feriado,0.0,0.0,0.01,0.0,0.0,normal,normal,baixa,3,historico feriado (poucos dados),3.0
H20VA543760,6,,feriado,0.0,0.0,0.01,0.0,0.0,normal,normal,baixa,3,historico feriado (poucos dados),3.0
H20VA543760,7,,feriado,0.0,0.0,0.01,0.0,0.0,normal,normal,baixa,3,historico feriado (poucos dados),3.0
H20VA543760,8,,feriado,0.0,0.0,0.01,0.0,0.0,normal,normal,baixa,3,historico feriado (poucos dados),3.0
H20VA543760,9,,feriado,0.0,0.0,0.01,0.0,0.0,normal,normal,baixa,3,historico feriado (poucos dados),3.0
H20VA543760,10,,feriado,0.0,0.0,0.01,0.0,0.0,normal,normal,baixa,3,historico feriado (poucos dados),3.0
H20VA543760,11,,feriado,0.0,0.0,0.01,0.0,0.0,normal,normal,baixa,3,historico feriado (poucos dados),3.0
H20VA543760,12,,feriado,0.0,0.0,0.01,0.0,0.0,normal,normal,baixa,3,historico feriado (poucos dados),3.0
H20VA543760,13,,feriado,0.0,0.0,0.01,0.0,0.0,normal,normal,baixa,3,historico feriado (poucos dados),3.0
H20VA543760,14,,feriado,0.0,0.0,0.01,0.0,0.0,normal,normal,baixa,3,historico feriado (poucos dados),3.0
H20VA543760,15,,feriado,0.0,0.0,0.01,0.0,0.0,normal,normal,baixa,3,historico feriado (poucos dados),3.0
H20VA543760,16,,feriado,0.0,0.0,0.01,0.0,0.0,normal,normal,baixa,3,historico feriado (poucos dados),3.0
H20VA543760,17,,feriado,0.0,0.0,0.01,0.0,0.0,normal,normal,baixa,3,historico feriado (poucos dados),3.0
H20VA543760,18,,feriado,0.0,0.0,0.01,0.0,0.0,normal,normal,baixa,3,historico feriado (poucos dados),3.0
H20VA543760,19,,feriado,0.0,0.0,0.01,0.0,0.0,normal,normal,baixa,3,historico feriado (poucos dados),3.0
H20VA543760,20,,feriado,0.0,0.0,0.01,0.0,0.0,normal,normal,baixa,3,historico feriado (poucos dados),3.0
H20VA543760,21,,feriado,0.0,0.0,0.01,0.0,0.0,normal,normal,baixa,3,historico feriado (poucos dados),3.0
H20VA543760,22,,feriado,0.0,0.0,0.01,0.0,0.0,normal,normal,baixa,3,historico feriado (poucos dados),3.0
H20VA543760,23,,feriado,0.0,0.0,0.01,0.0,0.0,normal,normal,baixa,3,historico feriado (poucos dados),3.0
H21OF823215Y,0,,feriado,0.0,0.0,0.01,0.0,0.0,normal,normal,baixa,3,historico feriado (poucos dados),3.0
H21OF823215Y,1,,feriado,0.0,0.0,0.01,0.0,0.0,normal,normal,baixa,3,historico feriado (poucos dados),3.0
H21OF823215Y,2,,feriado,0.0,0.0,0.01,0.0,0.0,normal,normal,baixa,3,historico feriado (poucos dados),3.0
H21OF823215Y,3,,feriado,0.0,0.0,0.01,0.0,0.0,normal,normal,baixa,3,historico feriado (poucos dados),3.0
H21OF823215Y,4,,feriado,0.0,0.0,0.01,0.0,0.0,normal,normal,baixa,3,historico feriado (poucos dados),3.0
H21OF823215Y,5,,feriado,0.0,0.0,0.01,0.0,0.0,normal,normal,baixa,3,historico feriado (poucos dados),3.0
H21OF823215Y,6,,feriado,0.0,0.0,0.01,0.0,0.0,normal,normal,baixa,3,historico feriado (poucos dados),3.0
H21OF823215Y,7,,feriado,0.0,0.0,0.01,0.0,0.0,normal,normal,baixa,3,historico feriado (poucos dados),3.0
H21OF823215Y,8,,feriado,0.0,0.0,0.01,0.0,0.0,normal,normal,baixa,3,historico feriado (poucos dados),3.0
H21OF823215Y,9,,feriado,0.0,0.0,0.01,0.0,0.0,normal,normal,baixa,3,historico feriado (poucos dados),3.0
H21OF823215Y,10,,feriado,0.0,0.0,0.01,0.0,0.0,normal,normal,baixa,3,historico feriado (poucos dados),3.0
H21OF823215Y,11,,feriado,0.0,0.0,0.01,0.0,0.0,normal,normal,baixa,3,historico feriado (poucos dados),3.0
H21OF823215Y,12,,feriado,0.0,0.0,0.01,0.0,0.0,normal,normal,baixa,3,historico feriado (poucos dados),3.0
H21OF823215Y,13,,feriado,0.0,0.0,0.01,0.0,0.0,normal,normal,baixa,3,historico feriado (poucos dados),3.0
H21OF823215Y,14,,feriado,0.0,0.0,0.01,0.0,0.0,normal,normal,baixa,3,historico feriado (poucos dados),3.0
H21OF823215Y,15,,feriado,0.0,0.0,0.01,0.0,0.0,normal,normal,baixa,3,historico feriado (poucos dados),3.0
H21OF823215Y,16,,feriado,0.0,0.0,0.01,0.0,0.0,normal,normal,baixa,3,historico feriado (poucos dados),3.0
H21OF823215Y,17,,feriado,0.0,0.0,0.01,0.0,0.0,normal,normal,baixa,3,historico feriado (poucos dados),3.0
H21OF823215Y,18,,feriado,0.0,0.0,0.01,0.0,0.0,normal,normal,baixa,3,historico feriado (poucos dados),3.0
H21OF823215Y,19,,feriado,0.0,0.0,0.01,0.0,0.0,normal,normal,baixa,3,historico feriado (poucos dados),3.0
H21OF823215Y,20,,feriado,0.0,0.0,0.01,0.0,0.0,normal,normal,baixa,3,historico feriado (poucos dados),3.0
H21OF823215Y,21,,feriado,0.0,0.0,0.01,0.0,0.0,normal,normal,baixa,3,historico feriado (poucos dados),3.0
H21OF823215Y,22,,feriado,0.0,0.0,0.01,0.0,0.0,normal,normal,baixa,3,historico feriado (poucos dados),3.0
H21OF823215Y,23,,feriado,0.0,0.0,0.01,0.0,0.0,normal,normal,baixa,3,historico feriado (poucos dados),3.0
H21OF824724S,0,,feriado,0.0,0.0,0.01,0.0,0.0,normal,normal,baixa,3,historico feriado (poucos dados),3.0
H21OF824724S,1,,feriado,0.0,0.0,0.01,0.0,0.0,normal,normal,baixa,3,historico feriado (poucos dados),3.0
H21OF824724S,2,,feriado,0.0,0.0,0.01,0.0,0.0,normal,normal,baixa,3,historico feriado (poucos dados),3.0
H21OF824724S,3,,feriado,0.0,0.0,0.01,0.0,0.0,normal,normal,baixa,3,historico feriado (poucos dados),3.0
H21OF824724S,4,,feriado,0.0,0.0,0.01,0.0,0.0,normal,normal,baixa,3,historico feriado (poucos dados),3.0
H21OF824724S,5,,feriado,0.0,0.0,0.01,0.0,0.0,normal,normal,baixa,3,historico feriado (poucos dados),3.0
H21OF824724S,6,,feriado,0.0,0.0,0.01,0.0,0.0,normal,normal,baixa,3,historico feriado (poucos dados),3.0
H21OF824724S,7,,feriado,0.0,0.0,0.01,0.0,0.0,normal,normal,baixa,3,historico feriado (poucos dados),3.0
H21OF824724S,8,,feriado,0.0,0.0,0.01,0.0,0.0,normal,normal,baixa,3,historico feriado (poucos dados),3.0
H21OF824724S,9,,feriado,0.0,0.0,0.01,0.0,0.0,normal,normal,baixa,3,historico feriado (poucos dados),3.0
H21OF824724S,10,,feriado,0.0,0.0,0.01,0.0,0.0,normal,normal,baixa,3,historico feriado (poucos dados),3.0
H21OF824724S,11,,feriado,0.0,0.0,0.01,0.0,0.0,normal,normal,baixa,3,historico feriado (poucos dados),3.0
H21OF824724S,12,,feriado,0.0,0.0,0.01,0.0,0.0,normal,normal,baixa,3,historico feriado (poucos dados),3.0
H21OF824724S,13,,feriado,0.0,0.0,0.01,0.0,0.0,normal,normal,baixa,3,historico feriado (poucos dados),3.0
H21OF824724S,14,,feriado,0.0,0.0,0.01,0.0,0.0,normal,normal,baixa,3,historico feriado (poucos dados),3.0
H21OF824724S,15,,feriado,0.0,0.0,0.01,0.0,0.0,normal,normal,baixa,3,historico feriado (poucos dados),3.0
H21OF824724S,16,,feriado,0.0,0.0,0.01,0.0,0.0,normal,normal,baixa,3,historico feriado (poucos dados),3.0
H21OF824724S,17,,feriado,0.0,0.0,0.01,0.0,0.0,normal,normal,baixa,3,historico feriado (poucos dados),3.0
H21OF824724S,18,,feriado,0.0,0.0,0.01,0.0,0.0,normal,normal,baixa,3,historico feriado (poucos dados),3.0
H21OF824724S,19,,feriado,0.0,0.0,0.01,0.0,0.0,normal,normal,baixa,3,historico feriado (poucos dados),3.0
H21OF824724S,20,,feriado,0.0,0.0,0.01,0.0,0.0,normal,normal,baixa,3,historico feriado (poucos dados),3.0
H21OF824724S,21,,feriado,0.0,0.0,0.01,0.0,0.0,normal,normal,baixa,3,historico feriado (poucos dados),3.0
H21OF824724S,22,,feriado,0.0,0.0,0.01,0.0,0.0,normal,normal,baixa,3,historico feriado (poucos dados),3.0
H21OF824724S,23,,feriado,0.0,0.0,0.01,0.0,0.0,normal,normal,baixa,3,historico feriado (poucos dados),3.0
H21OF834686I,0,,feriado,0.34,0.0,0.01,10.0,34.0,desvio,acima,baixa,3,historico feriado (poucos dados),3.0
H21OF834686I,1,,feriado,0.0,0.0,0.01,0.0,0.0,normal,normal,baixa,3,historico feriado (poucos dados),3.0
H21OF834686I,2,,feriado,0.0,0.0,0.01,0.0,0.0,normal,normal,baixa,3,historico feriado (poucos dados),3.0
H21OF834686I,3,,feriado,0.0,0.0,0.01,0.0,0.0,normal,normal,baixa,3,historico feriado (poucos dados),3.0
H21OF834686I,4,,feriado,0.0,0.0,0.01,0.0,0.0,normal,normal,baixa,3,historico feriado (poucos dados),3.0
H21OF834686I,5,,feriado,0.0,0.0,0.01,0.0,0.0,normal,normal,baixa,3,historico feriado (poucos dados),3.0
H21OF834686I,6,,feriado,0.0,0.0,0.01,0.0,0.0,normal,normal,baixa,3,historico feriado (poucos dados),3.0
H21OF834686I,7,,feriado,0.0,0.0,0.01,0.0,0.0,normal,normal,baixa,3,historico feriado (poucos dados),3.0
H21OF834686I,8,,feriado,0.0,0.0167,0.0289,-0.58,-0.58,normal,normal,baixa,3,historico feriado (poucos dados),3.0
H21OF834686I,9,,feriado,0.0,0.0,0.01,0.0,0.0,normal,normal,baixa,3,historico feriado (poucos dados),3.0
H21OF834686I,10,,feriado,0.0,0.02,0.0346,-0.58,-0.58,normal,normal,baixa,3,historico feriado (poucos dados),3.0
H21OF834686I,11,,feriado,0.0,0.0833,0.1443,-0.58,-0.58,normal,normal,baixa,3,historico feriado (poucos dados),3.0
H21OF834686I,12,,feriado,0.0,0.0533,0.0924,-0.58,-0.58,normal,normal,baixa,3,historico feriado (poucos dados),3.0
H21OF834686I,13,,feriado,0.0,0.0,0.01,0.0,0.0,normal,normal,baixa,3,historico feriado (poucos dados),3.0
H21OF834686I,14,,feriado,0.0,0.0,0.01,0.0,0.0,normal,normal,baixa,3,historico feriado (poucos dados),3.0
H21OF834686I,15,,feriado,0.09,0.0167,0.0289,2.54,2.54,normal,normal,baixa,3,historico feriado (poucos dados),3.0
H21OF834686I,16,,feriado,0.09,0.0633,0.085,0.31,0.31,normal,normal,baixa,3,historico feriado (poucos dados),3.0
H21OF834686I,17,,feriado,0.06,0.15,0.2179,-0.41,-0.41,normal,normal,baixa,3,historico feriado (poucos dados),3.0
H21OF834686I,18,,feriado,0.73,0.04,0.0608,10.0,11.34,desvio,acima,baixa,3,historico feriado (poucos dados),3.0
H21OF834686I,19,,feriado,0.01,0.2667,0.4532,-0.57,-0.57,normal,normal,baixa,3,historico feriado (poucos dados),3.0
H21OF834686I,20,,feriado,0.0,0.1233,0.2136,-0.58,-0.58,normal,normal,baixa,3,historico feriado (poucos dados),3.0
H21OF834686I,21,,feriado,0.0,0.0733,0.127,-0.58,-0.58,normal,normal,baixa,3,historico feriado (poucos dados),3.0
H21OF834686I,22,,feriado,0.0,0.03,0.052,-0.58,-0.58,normal,normal,baixa,3,historico feriado (poucos dados),3.0
H21OF834686I,23,,feriado,0.0,0.2733,0.4734,-0.58,-0.58,normal,normal,baixa,3,historico feriado (poucos dados),3.0
H21OF834689L,0,,feriado,0.0,0.0,0.01,0.0,0.0,normal,normal,baixa,3,historico feriado (poucos dados),3.0
H21OF834689L,1,,feriado,0.0,0.0,0.01,0.0,0.0,normal,normal,baixa,3,historico feriado (poucos dados),3.0
H21OF834689L,2,,feriado,0.0,0.0,0.01,0.0,0.0,normal,normal,baixa,3,historico feriado (poucos dados),3.0
H21OF834689L,3,,feriado,0.0,0.0,0.01,0.0,0.0,normal,normal,baixa,3,historico feriado (poucos dados),3.0
H21OF834689L,4,,feriado,0.0,0.0,0.01,0.0,0.0,normal,normal,baixa,3,historico feriado (poucos dados),3.0
H21OF834689L,5,,feriado,0.0,0.0,0.01,0.0,0.0,normal,normal,baixa,3,historico feriado (poucos dados),3.0
H21OF834689L,6,,feriado,0.0,0.0,0.01,0.0,0.0,normal,normal,baixa,3,historico feriado (poucos dados),3.0
H21OF834689L,7,,feriado,0.0,0.0,0.01,0.0,0.0,normal,normal,baixa,3,historico feriado (poucos dados),3.0
H21OF834689L,8,,feriado,0.0,0.0,0.01,0.0,0.0,normal,normal,baixa,3,historico feriado (poucos dados),3.0
H21OF834689L,9,,feriado,0.0,0.0,0.01,0.0,0.0,normal,normal,baixa,3,historico feriado (poucos dados),3.0
H21OF834689L,10,,feriado,0.0,0.0,0.01,0.0,0.0,normal,normal,baixa,3,historico feriado (poucos dados),3.0
H21OF834689L,11,,feriado,0.0,0.0,0.01,0.0,0.0,normal,normal,baixa,2,historico feriado (poucos dados),3.0
H21OF834689L,12,,feriado,0.0,0.0,0.01,0.0,0.0,normal,normal,baixa,2,historico feriado (poucos dados),3.0
H21OF834689L,13,,feriado,0.0,0.0,0.01,0.0,0.0,normal,normal,baixa,2,historico feriado (poucos dados),3.0
H21OF834689L,14,,feriado,0.0,0.0,0.01,0.0,0.0,normal,normal,baixa,2,historico feriado (poucos dados),3.0
H21OF834689L,15,,feriado,0.0,0.0,0.01,0.0,0.0,normal,normal,baixa,3,historico feriado (poucos dados),3.0
H21OF834689L,16,,feriado,0.0,0.0,0.01,0.0,0.0,normal,normal,baixa,3,historico feriado (poucos dados),3.0
H21OF834689L,17,,feriado,0.0,0.0,0.01,0.0,0.0,normal,normal,baixa,3,historico feriado (poucos dados),3.0
H21OF834689L,18,,feriado,0.0,0.0,0.01,0.0,0.0,normal,normal,baixa,3,historico feriado (poucos dados),3.0
H21OF834689L,19,,feriado,0.0,0.0,0.01,0.0,0.0,normal,normal,baixa,3,historico feriado (poucos dados),3.0
H21OF834689L,20,,feriado,0.0,0.0,0.01,0.0,0.0,normal,normal,baixa,3,historico feriado (poucos dados),3.0
H21OF834689L,21,,feriado,0.0,0.0,0.01,0.0,0.0,normal,normal,baixa,3,historico feriado (poucos dados),3.0
H21OF834689L,22,,feriado,0.0,0.0,0.01,0.0,0.0,normal,normal,baixa,3,historico feriado (poucos dados),3.0
H21OF834689L,23,,feriado,0.0,0.0,0.01,0.0,0.0,normal,normal,baixa,3,historico feriado (poucos dados),3.0
H21OF834691F,0,,feriado,0.0,0.0,0.01,0.0,0.0,normal,normal,baixa,3,historico feriado (poucos dados),3.0
H21OF834691F,1,,feriado,0.0,0.0,0.01,0.0,0.0,normal,normal,baixa,3,historico feriado (poucos dados),3.0
H21OF834691F,2,,feriado,0.0,0.0,0.01,0.0,0.0,normal,normal,baixa,3,historico feriado (poucos dados),3.0
H21OF834691F,3,,feriado,0.0,0.0,0.01,0.0,0.0,normal,normal,baixa,3,historico feriado (poucos dados),3.0
H21OF834691F,4,,feriado,0.0,0.0,0.01,0.0,0.0,normal,normal,baixa,3,historico feriado (poucos dados),3.0
H21OF834691F,5,,feriado,0.0,0.0,0.01,0.0,0.0,normal,normal,baixa,3,historico feriado (poucos dados),3.0
H21OF834691F,6,,feriado,0.0,0.0,0.01,0.0,0.0,normal,normal,baixa,3,historico feriado (poucos dados),3.0
H21OF834691F,7,,feriado,0.0,0.0,0.01,0.0,0.0,normal,normal,baixa,3,historico feriado (poucos dados),3.0
H21OF834691F,8,,feriado,0.0,0.0,0.01,0.0,0.0,normal,normal,baixa,3,historico feriado (poucos dados),3.0
H21OF834691F,9,,feriado,0.0,0.0,0.01,0.0,0.0,normal,normal,baixa,3,historico feriado (poucos dados),3.0
H21OF834691F,10,,feriado,0.0,0.0,0.01,0.0,0.0,normal,normal,baixa,3,historico feriado (poucos dados),3.0
H21OF834691F,11,,feriado,0.0,0.0,0.01,0.0,0.0,normal,normal,baixa,3,historico feriado (poucos dados),3.0
H21OF834691F,12,,feriado,0.0,0.0,0.01,0.0,0.0,normal,normal,baixa,3,historico feriado (poucos dados),3.0
H21OF834691F,13,,feriado,0.0,0.0,0.01,0.0,0.0,normal,normal,baixa,3,historico feriado (poucos dados),3.0
H21OF834691F,14,,feriado,0.0,0.0,0.01,0.0,0.0,normal,normal,baixa,3,historico feriado (poucos dados),3.0
H21OF834691F,15,,feriado,0.0,0.0,0.01,0.0,0.0,normal,normal,baixa,3,historico feriado (poucos dados),3.0
H21OF834691F,16,,feriado,0.0,0.0,0.01,0.0,0.0,normal,normal,baixa,3,historico feriado (poucos dados),3.0
H21OF834691F,17,,feriado,0.0,0.0,0.01,0.0,0.0,normal,normal,baixa,3,historico feriado (poucos dados),3.0
H21OF834691F,18,,feriado,0.0,0.0,0.01,0.0,0.0,normal,normal,baixa,3,historico feriado (poucos dados),3.0
H21OF834691F,19,,feriado,0.0,0.0,0.01,0.0,0.0,normal,normal,baixa,3,historico feriado (poucos dados),3.0
H21OF834691F,20,,feriado,0.0,0.0,0.01,0.0,0.0,normal,normal,baixa,3,historico feriado (poucos dados),3.0
H21OF834691F,21,,feriado,0.0,0.0,0.01,0.0,0.0,normal,normal,baixa,3,historico feriado (poucos dados),3.0
H21OF834691F,22,,feriado,0.0,0.0,0.01,0.0,0.0,normal,normal,baixa,3,historico feriado (poucos dados),3.0
H21OF834691F,23,,feriado,0.0,0.0,0.01,0.0,0.0,normal,normal,baixa,3,historico feriado (poucos dados),3.0
H21OF834748,0,,feriado,0.0,0.0,0.01,0.0,0.0,normal,normal,baixa,3,historico feriado (poucos dados),3.0
H21OF834748,1,,feriado,0.0,0.0,0.01,0.0,0.0,normal,normal,baixa,3,historico feriado (poucos dados),3.0
H21OF834748,2,,feriado,0.0,0.0,0.01,0.0,0.0,normal,normal,baixa,3,historico feriado (poucos dados),3.0
H21OF834748,3,,feriado,0.0,0.0,0.01,0.0,0.0,normal,normal,baixa,3,historico feriado (poucos dados),3.0
H21OF834748,4,,feriado,0.0,0.0,0.01,0.0,0.0,normal,normal,baixa,3,historico feriado (poucos dados),3.0
H21OF834748,5,,feriado,0.0,0.0,0.01,0.0,0.0,normal,normal,baixa,3,historico feriado (poucos dados),3.0
H21OF834748,6,,feriado,0.0,0.0,0.01,0.0,0.0,normal,normal,baixa,3,historico feriado (poucos dados),3.0
H21OF834748,8,,feriado,0.0,0.0,0.01,0.0,0.0,normal,normal,baixa,2,historico feriado (poucos dados),3.0
H21OF834748,9,,feriado,0.0,0.0,0.01,0.0,0.0,normal,normal,baixa,2,historico feriado (poucos dados),3.0
H21OF834748,10,,feriado,0.0,0.0,0.01,0.0,0.0,normal,normal,baixa,2,historico feriado (poucos dados),3.0
H21OF834748,11,,feriado,0.0,0.0,0.01,0.0,0.0,normal,normal,baixa,3,historico feriado (poucos dados),3.0
H21OF834748,12,,feriado,0.0,0.0,0.01,0.0,0.0,normal,normal,baixa,3,historico feriado (poucos dados),3.0
H21OF834748,13,,feriado,0.0,0.0,0.01,0.0,0.0,normal,normal,baixa,3,historico feriado (poucos dados),3.0
H21OF834748,14,,feriado,0.0,0.0,0.01,0.0,0.0,normal,normal,baixa,3,historico feriado (poucos dados),3.0
H21OF834748,16,,feriado,0.0,0.0,0.01,0.0,0.0,normal,normal,baixa,3,historico feriado (poucos dados),3.0
H21OF834748,17,,feriado,0.0,0.0,0.01,0.0,0.0,normal,normal,baixa,3,historico feriado (poucos dados),3.0
H21OF834748,18,,feriado,0.0,0.0,0.01,0.0,0.0,normal,normal,baixa,3,historico feriado (poucos dados),3.0
H21OF834748,19,,feriado,0.0,0.0,0.01,0.0,0.0,normal,normal,baixa,3,historico feriado (poucos dados),3.0
H21OF834748,20,,feriado,0.0,0.0,0.01,0.0,0.0,normal,normal,baixa,3,historico feriado (poucos dados),3.0
H21OF834748,21,,feriado,0.0,0.0,0.01,0.0,0.0,normal,normal,baixa,3,historico feriado (poucos dados),3.0
H21OF834748,22,,feriado,0.0,0.0,0.01,0.0,0.0,normal,normal,baixa,3,historico feriado (poucos dados),3.0
H21OF834748,23,,feriado,0.0,0.0,0.01,0.0,0.0,normal,normal,baixa,19,fallback (30d recentes),3.0
H21OF834752B,0,,feriado,1.45,1.295,0.3237,0.48,0.48,normal,normal,baixa,2,historico feriado (poucos dados),3.0
H21OF834752B,1,,feriado,2.83,1.77,1.5274,0.69,0.69,normal,normal,baixa,2,historico feriado (poucos dados),3.0
H21OF834752B,2,,feriado,4.01,4.005,1.0012,0.0,0.0,normal,normal,baixa,2,historico feriado (poucos dados),3.0
H21OF834752B,3,,feriado,0.5,3.8133,5.9643,-0.56,-0.56,normal,normal,baixa,3,historico feriado (poucos dados),3.0
H21OF834752B,4,,feriado,3.24,3.26,0.815,-0.02,-0.02,normal,normal,baixa,3,historico feriado (poucos dados),3.0
H21OF834752B,5,,feriado,0.29,0.1767,0.0473,2.4,2.4,normal,normal,baixa,3,historico feriado (poucos dados),3.0
H21OF834752B,6,,feriado,2.86,2.1467,1.2529,0.57,0.57,normal,normal,baixa,3,historico feriado (poucos dados),3.0
H21OF834752B,7,,feriado,4.0,4.0,1.0,0.0,0.0,normal,normal,baixa,3,historico feriado (poucos dados),3.0
H21OF834752B,8,,feriado,0.48,0.34,0.085,1.65,1.65,normal,normal,baixa,3,historico feriado (poucos dados),3.0
H21OF834752B,9,,feriado,0.28,0.1567,0.0603,2.05,2.05,normal,normal,baixa,3,historico feriado (poucos dados),3.0
H21OF834752B,10,,feriado,0.26,0.1533,0.0651,1.64,1.64,normal,normal,baixa,3,historico feriado (poucos dados),3.0
H21OF834752B,11,,feriado,0.26,0.15,0.06,1.83,1.83,normal,normal,baixa,3,historico feriado (poucos dados),3.0
H21OF834752B,12,,feriado,0.25,0.1467,0.0551,1.88,1.88,normal,normal,baixa,3,historico feriado (poucos dados),3.0
H21OF834752B,13,,feriado,0.26,0.1567,0.0651,1.59,1.59,normal,normal,baixa,3,historico feriado (poucos dados),3.0
H21OF834752B,14,,feriado,0.25,0.1533,0.0603,1.6,1.6,normal,normal,baixa,3,historico feriado (poucos dados),3.0
H21OF834752B,15,,feriado,0.28,0.1567,0.0651,1.9,1.9,normal,normal,baixa,3,historico feriado (poucos dados),3.0
H21OF834752B,16,,feriado,0.27,0.17,0.05,2.0,2.0,normal,normal,baixa,3,historico feriado (poucos dados),3.0
H21OF834752B,17,,feriado,0.28,0.17,0.0557,1.98,1.98,normal,normal,baixa,3,historico feriado (poucos dados),3.0
H21OF834752B,18,,feriado,0.27,0.1733,0.0551,1.76,1.76,normal,normal,baixa,3,historico feriado (poucos dados),3.0
H21OF834752B,19,,feriado,0.28,0.1667,0.0503,2.25,2.25,normal,normal,baixa,3,historico feriado (poucos dados),3.0
H21OF834752B,20,,feriado,0.27,0.1733,0.0513,1.88,1.88,normal,normal,baixa,3,historico feriado (poucos dados),3.0
H21OF834752B,21,,feriado,0.27,0.1733,0.0513,1.88,1.88,normal,normal,baixa,3,historico feriado (poucos dados),3.0
H21OF834752B,22,,feriado,0.27,0.17,0.0529,1.89,1.89,normal,normal,baixa,3,historico feriado (poucos dados),3.0
H21OF834752B,23,,feriado,2.28,2.34,0.585,-0.1,-0.1,normal,normal,baixa,3,historico feriado (poucos dados),3.0
H21VA420473Z,0,,feriado,0.008,0.2367,0.1998,-1.14,-1.14,normal,normal,baixa,3,historico feriado (poucos dados),3.0
H21VA420473Z,1,,feriado,0.008,0.2373,0.1986,-1.15,-1.15,normal,normal,baixa,3,historico feriado (poucos dados),3.0
H21VA420473Z,2,,feriado,0.007,0.2383,0.2003,-1.15,-1.15,normal,normal,baixa,3,historico feriado (poucos dados),3.0
H21VA420473Z,3,,feriado,0.007,0.2377,0.2006,-1.15,-1.15,normal,normal,baixa,3,historico feriado (poucos dados),3.0
H21VA420473Z,4,,feriado,0.007,0.2383,0.2012,-1.15,-1.15,normal,normal,baixa,3,historico feriado (poucos dados),3.0
H21VA420473Z,5,,feriado,0.008,0.2383,0.2003,-1.15,-1.15,normal,normal,baixa,3,historico feriado (poucos dados),3.0
H21VA420473Z,6,,feriado,0.007,0.2387,0.2015,-1.15,-1.15,normal,normal,baixa,3,historico feriado (poucos dados),3.0
H21VA420473Z,7,,feriado,0.007,0.2383,0.2003,-1.15,-1.15,normal,normal,baixa,3,historico feriado (poucos dados),3.0
H21VA420473Z,8,,feriado,0.006,0.2377,0.2006,-1.15,-1.15,normal,normal,baixa,3,historico feriado (poucos dados),3.0
H21VA420473Z,9,,feriado,0.007,0.2337,0.1972,-1.15,-1.15,normal,normal,baixa,3,historico feriado (poucos dados),3.0
H21VA420473Z,10,,feriado,0.008,0.2337,0.1963,-1.15,-1.15,normal,normal,baixa,3,historico feriado (poucos dados),3.0
H21VA420473Z,11,,feriado,0.007,0.2333,0.1969,-1.15,-1.15,normal,normal,baixa,3,historico feriado (poucos dados),3.0
H21VA420473Z,12,,feriado,0.007,0.2323,0.196,-1.15,-1.15,normal,normal,baixa,3,historico feriado (poucos dados),3.0
H21VA420473Z,13,,feriado,0.007,0.233,0.1966,-1.15,-1.15,normal,normal,baixa,3,historico feriado (poucos dados),3.0
H21VA420473Z,14,,feriado,0.007,0.235,0.1983,-1.15,-1.15,normal,normal,baixa,3,historico feriado (poucos dados),3.0
H21VA420473Z,15,,feriado,0.007,0.234,0.1975,-1.15,-1.15,normal,normal,baixa,3,historico feriado (poucos dados),3.0
H21VA420473Z,16,,feriado,0.007,0.2343,0.1977,-1.15,-1.15,normal,normal,baixa,3,historico feriado (poucos dados),3.0
H21VA420473Z,17,,feriado,0.006,0.234,0.1975,-1.15,-1.15,normal,normal,baixa,3,historico feriado (poucos dados),3.0
H21VA420473Z,18,,feriado,0.007,0.2357,0.1989,-1.15,-1.15,normal,normal,baixa,3,historico feriado (poucos dados),3.0
H21VA420473Z,19,,feriado,0.007,0.2353,0.1986,-1.15,-1.15,normal,normal,baixa,3,historico feriado (poucos dados),3.0
H21VA420473Z,20,,feriado,0.007,0.2347,0.198,-1.15,-1.15,normal,normal,baixa,3,historico feriado (poucos dados),3.0
H21VA420473Z,21,,feriado,0.006,0.2353,0.1986,-1.15,-1.15,normal,normal,baixa,3,historico feriado (poucos dados),3.0
H21VA420473Z,22,,feriado,0.008,0.2343,0.1977,-1.14,-1.14,normal,normal,baixa,3,historico feriado (poucos dados),3.0
H21VA420473Z,23,,feriado,0.007,0.2363,0.1995,-1.15,-1.15,normal,normal,baixa,3,historico feriado (poucos dados),3.0
H21VA420783K,0,,feriado,0.003,0.0033,0.01,-0.03,-0.03,normal,normal,baixa,3,historico feriado (poucos dados),3.0
H21VA420783K,1,,feriado,0.003,0.003,0.01,-0.0,-0.0,normal,normal,baixa,3,historico feriado (poucos dados),3.0
H21VA420783K,2,,feriado,0.003,0.002,0.01,0.1,0.1,normal,normal,baixa,3,historico feriado (poucos dados),3.0
H21VA420783K,3,,feriado,0.003,0.003,0.01,-0.0,-0.0,normal,normal,baixa,3,historico feriado (poucos dados),3.0
H21VA420783K,4,,feriado,0.006,0.0027,0.01,0.33,0.33,normal,normal,baixa,3,historico feriado (poucos dados),3.0
H21VA420783K,5,,feriado,0.002,0.003,0.01,-0.1,-0.1,normal,normal,baixa,3,historico feriado (poucos dados),3.0
H21VA420783K,6,,feriado,0.003,0.003,0.01,-0.0,-0.0,normal,normal,baixa,3,historico feriado (poucos dados),3.0
H21VA420783K,7,,feriado,0.003,0.003,0.01,-0.0,-0.0,normal,normal,baixa,3,historico feriado (poucos dados),3.0
H21VA420783K,8,,feriado,0.003,0.0027,0.01,0.03,0.03,normal,normal,baixa,3,historico feriado (poucos dados),3.0
H21VA420783K,9,,feriado,0.003,0.0027,0.01,0.03,0.03,normal,normal,baixa,3,historico feriado (poucos dados),3.0
H21VA420783K,10,,feriado,0.003,0.0027,0.01,0.03,0.03,normal,normal,baixa,3,historico feriado (poucos dados),3.0
H21VA420783K,12,,feriado,0.003,0.0027,0.01,0.03,0.03,normal,normal,baixa,3,historico feriado (poucos dados),3.0
H21VA420783K,13,,feriado,0.003,0.003,0.01,-0.0,-0.0,normal,normal,baixa,3,historico feriado (poucos dados),3.0
H21VA420783K,14,,feriado,0.003,0.0027,0.01,0.03,0.03,normal,normal,baixa,3,historico feriado (poucos dados),3.0
H21VA420783K,15,,feriado,0.025,0.003,0.01,2.2,2.2,normal,normal,baixa,3,historico feriado (poucos dados),3.0
H21VA420783K,16,,feriado,0.21,0.0027,0.01,10.0,20.73,desvio,acima,baixa,3,historico feriado (poucos dados),3.0
H21VA420783K,17,,feriado,0.119,0.003,0.01,10.0,11.6,desvio,acima,baixa,3,historico feriado (poucos dados),3.0
H21VA420783K,18,,feriado,0.124,0.003,0.01,10.0,12.1,desvio,acima,baixa,3,historico feriado (poucos dados),3.0
H21VA420783K,19,,feriado,0.019,0.003,0.01,1.6,1.6,normal,normal,baixa,3,historico feriado (poucos dados),3.0
H21VA420783K,20,,feriado,0.003,0.003,0.01,-0.0,-0.0,normal,normal,baixa,3,historico feriado (poucos dados),3.0
H21VA420783K,21,,feriado,0.003,0.0027,0.01,0.03,0.03,normal,normal,baixa,3,historico feriado (poucos dados),3.0
H21VA420783K,22,,feriado,0.003,0.003,0.01,-0.0,-0.0,normal,normal,baixa,3,historico feriado (poucos dados),3.0
H21VA420783K,23,,feriado,0.003,0.003,0.01,-0.0,-0.0,normal,normal,baixa,3,historico feriado (poucos dados),3.0
H21VA421023H,0,,feriado,0.0,0.0,0.01,0.0,0.0,normal,normal,baixa,3,historico feriado (poucos dados),3.0
H21VA421030G,0,,feriado,0.0,0.0,0.01,0.0,0.0,normal,normal,baixa,2,historico feriado (poucos dados),3.0
H21VA421042K,0,,feriado,0.0,0.0,0.01,0.0,0.0,normal,normal,baixa,3,historico feriado (poucos dados),3.0
H21VA421068U,0,,feriado,0.0,0.0,0.01,0.0,0.0,normal,normal,baixa,3,historico feriado (poucos dados),3.0
H21VA421091T,0,,feriado,0.0,0.0,0.01,0.0,0.0,normal,normal,baixa,2,historico feriado (poucos dados),3.0
H21VA421092U,0,,feriado,0.0,0.0,0.01,0.0,0.0,normal,normal,baixa,3,historico feriado (poucos dados),3.0
I11JB001828,0,,feriado,0.0,0.0003,0.01,-0.03,-0.03,normal,normal,baixa,3,historico feriado (poucos dados),3.0
I13JA277279,8,,feriado,0.0,0.0,0.01,0.0,0.0,normal,normal,baixa,18,fallback (30d recentes),3.0
I13JA277279,9,,feriado,0.0,0.0,0.01,0.0,0.0,normal,normal,baixa,20,fallback (30d recentes),3.0
I13JA277279,10,,feriado,0.0,0.0,0.01,0.0,0.0,normal,normal,baixa,20,fallback (30d recentes),3.0
I13JA277279,11,,feriado,0.0,0.0,0.01,0.0,0.0,normal,normal,baixa,20,fallback (30d recentes),3.0
I13JA277279,12,,feriado,0.0,0.0,0.01,0.0,0.0,normal,normal,baixa,8,fallback (30d recentes),3.0
I13JA277279,13,,feriado,0.0,0.0,0.01,0.0,0.0,normal,normal,baixa,7,fallback (30d recentes),3.0
I13JA277279,14,,feriado,0.0,0.0,0.01,0.0,0.0,normal,normal,baixa,7,fallback (30d recentes),3.0
I13JA277279,15,,feriado,0.0,0.0,0.01,0.0,0.0,normal,normal,baixa,7,fallback (30d recentes),3.0
I13JA277279,20,,feriado,0.0,0.0,0.01,0.0,0.0,normal,normal,baixa,21,fallback (30d recentes),3.0
I13JA277279,21,,feriado,0.0,0.0,0.01,0.0,0.0,normal,normal,baixa,21,fallback (30d recentes),3.0
I13JA277279,22,,feriado,0.0,0.0,0.01,0.0,0.0,normal,normal,baixa,21,fallback (30d recentes),3.0
I13JA277279,23,,feriado,0.0,0.0,0.01,0.0,0.0,normal,normal,baixa,21,fallback (30d recentes),3.0
I13JA277280,1,,feriado,0.0,0.0,0.01,0.0,0.0,normal,normal,baixa,2,historico feriado (poucos dados),3.0
I13JA277280,2,,feriado,0.0,0.0,0.01,0.0,0.0,normal,normal,baixa,2,historico feriado (poucos dados),3.0
I13JA277280,3,,feriado,0.0,0.0,0.01,0.0,0.0,normal,normal,baixa,2,historico feriado (poucos dados),3.0
I13JA277280,4,,feriado,0.0,0.0,0.01,0.0,0.0,normal,normal,baixa,2,historico feriado (poucos dados),3.0
I13JA277280,5,,feriado,0.0,0.0,0.01,0.0,0.0,normal,normal,baixa,2,historico feriado (poucos dados),3.0
I13JA277280,6,,feriado,0.0,0.0,0.01,0.0,0.0,normal,normal,baixa,2,historico feriado (poucos dados),3.0
I13JA277280,7,,feriado,0.0,0.0,0.01,0.0,0.0,normal,normal,baixa,2,historico feriado (poucos dados),3.0
I13JA277280,8,,feriado,0.0,0.0,0.01,0.0,0.0,normal,normal,baixa,2,historico feriado (poucos dados),3.0
I13JA277280,13,,feriado,0.0,0.0,0.01,0.0,0.0,normal,normal,baixa,15,fallback (30d recentes),3.0
I13JA277280,14,,feriado,0.0,0.0,0.01,0.0,0.0,normal,normal,baixa,15,fallback (30d recentes),3.0
I13JA277280,15,,feriado,0.0,0.0,0.01,0.0,0.0,normal,normal,baixa,15,fallback (30d recentes),3.0
I13JA277280,16,,feriado,0.0,0.0,0.01,0.0,0.0,normal,normal,baixa,15,fallback (30d recentes),3.0
I13JA277295,1,,feriado,0.0,0.0,0.01,0.0,0.0,normal,normal,baixa,3,historico feriado (poucos dados),3.0
I13JA277295,2,,feriado,0.0,0.0,0.01,0.0,0.0,normal,normal,baixa,3,historico feriado (poucos dados),3.0
I13JA277295,3,,feriado,0.0,0.0,0.01,0.0,0.0,normal,normal,baixa,3,historico feriado (poucos dados),3.0
I13JA277295,4,,feriado,0.0,0.0,0.01,0.0,0.0,normal,normal,baixa,3,historico feriado (poucos dados),3.0
I13JA277295,5,,feriado,0.0,0.0,0.01,0.0,0.0,normal,normal,baixa,2,historico feriado (poucos dados),3.0
I13JA277295,6,,feriado,0.0,0.0,0.01,0.0,0.0,normal,normal,baixa,2,historico feriado (poucos dados),3.0
I13JA277295,7,,feriado,0.0,0.0,0.01,0.0,0.0,normal,normal,baixa,2,historico feriado (poucos dados),3.0
I13JA277295,8,,feriado,0.0,0.0,0.01,0.0,0.0,normal,normal,baixa,2,historico feriado (poucos dados),3.0
I13JA277295,13,,feriado,0.0,0.0,0.01,0.0,0.0,normal,normal,baixa,3,historico feriado (poucos dados),3.0
I13JA277295,14,,feriado,0.0,0.0,0.01,0.0,0.0,normal,normal,baixa,3,historico feriado (poucos dados),3.0
I13JA277295,15,,feriado,0.0,0.0,0.01,0.0,0.0,normal,normal,baixa,3,historico feriado (poucos dados),3.0
I13JA277295,16,,feriado,0.0,0.0,0.01,0.0,0.0,normal,normal,baixa,3,historico feriado (poucos dados),3.0
I13JA277295,17,,feriado,0.0,0.0,0.01,0.0,0.0,normal,normal,baixa,3,historico feriado (poucos dados),3.0
I13JA277295,18,,feriado,0.0,0.0,0.01,0.0,0.0,normal,normal,baixa,3,historico feriado (poucos dados),3.0
I13JA277295,19,,feriado,0.0,0.0,0.01,0.0,0.0,normal,normal,baixa,3,historico feriado (poucos dados),3.0
I13JA277295,20,,feriado,0.0,0.0,0.01,0.0,0.0,normal,normal,baixa,3,historico feriado (poucos dados),3.0
I13JA277295,21,,feriado,0.0,0.0,0.01,0.0,0.0,normal,normal,baixa,2,historico feriado (poucos dados),3.0
I13JA277295,22,,feriado,0.0,0.0,0.01,0.0,0.0,normal,normal,baixa,2,historico feriado (poucos dados),3.0
I13JA277295,23,,feriado,0.0,0.0,0.01,0.0,0.0,normal,normal,baixa,2,historico feriado (poucos dados),3.0
I13JA287987,0,,feriado,0.01,0.0085,0.01,0.15,0.15,normal,normal,baixa,2,historico feriado (poucos dados),3.0
I13JA287987,1,,feriado,0.009,0.0095,0.01,-0.05,-0.05,normal,normal,baixa,2,historico feriado (poucos dados),3.0
I13JA287987,2,,feriado,0.01,0.0153,0.0137,-0.39,-0.39,normal,normal,baixa,23,fallback (30d recentes),3.0
I13JA287987,3,,feriado,0.01,0.0096,0.01,0.04,0.04,normal,normal,baixa,23,fallback (30d recentes),3.0
I13JA287987,4,,feriado,0.009,0.0097,0.01,-0.07,-0.07,normal,normal,baixa,23,fallback (30d recentes),3.0
I13JA287987,5,,feriado,0.01,0.0096,0.01,0.04,0.04,normal,normal,baixa,22,fallback (30d recentes),3.0
I13JA287987,6,,feriado,0.01,0.047,0.038,-0.97,-0.97,normal,normal,baixa,3,historico feriado (poucos dados),3.0
I13JA287987,7,,feriado,0.009,0.0093,0.01,-0.03,-0.03,normal,normal,baixa,3,historico feriado (poucos dados),3.0
I13JA287987,8,,feriado,0.01,0.009,0.01,0.1,0.1,normal,normal,baixa,3,historico feriado (poucos dados),3.0
I13JA287987,9,,feriado,0.009,0.0093,0.01,-0.03,-0.03,normal,normal,baixa,3,historico feriado (poucos dados),3.0
I13JA287987,10,,feriado,0.01,0.0213,0.0101,-1.11,-1.11,normal,normal,baixa,22,fallback (30d recentes),3.0
I13JA287987,11,,feriado,0.01,0.0236,0.0182,-0.75,-0.75,normal,normal,baixa,22,fallback (30d recentes),3.0
I13JA287987,12,,feriado,0.01,0.0162,0.0181,-0.34,-0.34,normal,normal,baixa,22,fallback (30d recentes),3.0
I13JA287987,13,,feriado,0.009,0.0183,0.0242,-0.38,-0.38,normal,normal,baixa,22,fallback (30d recentes),3.0
I13JA287987,14,,feriado,0.01,0.035,0.0225,-1.11,-1.11,normal,normal,baixa,3,historico feriado (poucos dados),3.0
I13JA287987,15,,feriado,0.01,0.0097,0.01,0.03,0.03,normal,normal,baixa,3,historico feriado (poucos dados),3.0
I13JA287987,16,,feriado,0.01,0.009,0.01,0.1,0.1,normal,normal,baixa,3,historico feriado (poucos dados),3.0
I13JA287987,17,,feriado,0.01,0.0097,0.01,0.03,0.03,normal,normal,baixa,3,historico feriado (poucos dados),3.0
I13JA287987,18,,feriado,0.009,0.0093,0.01,-0.03,-0.03,normal,normal,baixa,3,historico feriado (poucos dados),3.0
I13JA287987,19,,feriado,0.01,0.0097,0.01,0.03,0.03,normal,normal,baixa,3,historico feriado (poucos dados),3.0
I13JA287987,20,,feriado,0.01,0.0093,0.01,0.07,0.07,normal,normal,baixa,3,historico feriado (poucos dados),3.0
I13JA287987,21,,feriado,0.01,0.0093,0.01,0.07,0.07,normal,normal,baixa,3,historico feriado (poucos dados),3.0
I13JA287996,1,,feriado,0.0,0.0,0.01,0.0,0.0,normal,normal,baixa,3,historico feriado (poucos dados),3.0
I13JA287996,2,,feriado,0.0,0.0,0.01,0.0,0.0,normal,normal,baixa,3,historico feriado (poucos dados),3.0
I13JA287996,3,,feriado,0.0,0.0,0.01,0.0,0.0,normal,normal,baixa,3,historico feriado (poucos dados),3.0
I13JA287996,4,,feriado,0.0,0.0,0.01,0.0,0.0,normal,normal,baixa,3,historico feriado (poucos dados),3.0
I13JA287996,5,,feriado,0.0,0.0,0.01,0.0,0.0,normal,normal,baixa,3,historico feriado (poucos dados),3.0
I13JA287996,6,,feriado,0.0,0.0,0.01,0.0,0.0,normal,normal,baixa,3,historico feriado (poucos dados),3.0
I13JA287996,7,,feriado,0.0,0.0,0.01,0.0,0.0,normal,normal,baixa,3,historico feriado (poucos dados),3.0
I13JA287996,8,,feriado,0.0,0.0,0.01,0.0,0.0,normal,normal,baixa,3,historico feriado (poucos dados),3.0
I13JA287996,9,,feriado,0.0,0.0,0.01,0.0,0.0,normal,normal,baixa,3,historico feriado (poucos dados),3.0
I13JA287996,10,,feriado,0.0,0.0,0.01,0.0,0.0,normal,normal,baixa,3,historico feriado (poucos dados),3.0
I13JA287996,11,,feriado,0.0,0.0,0.01,0.0,0.0,normal,normal,baixa,3,historico feriado (poucos dados),3.0
I13JA287996,12,,feriado,0.0,0.0,0.01,0.0,0.0,normal,normal,baixa,3,historico feriado (poucos dados),3.0
I13JA287996,13,,feriado,0.0,0.0,0.01,0.0,0.0,normal,normal,baixa,3,historico feriado (poucos dados),3.0
I13JA287996,14,,feriado,0.0,0.0,0.01,0.0,0.0,normal,normal,baixa,3,historico feriado (poucos dados),3.0
I13JA287996,15,,feriado,0.0,0.0,0.01,0.0,0.0,normal,normal,baixa,3,historico feriado (poucos dados),3.0
I13JA287996,16,,feriado,0.0,0.0,0.01,0.0,0.0,normal,normal,baixa,3,historico feriado (poucos dados),3.0
I13JA287996,17,,feriado,0.0,0.0,0.01,0.0,0.0,normal,normal,baixa,2,historico feriado (poucos dados),3.0
I13JA287996,18,,feriado,0.0,0.0,0.01,0.0,0.0,normal,normal,baixa,3,historico feriado (poucos dados),3.0
I13JA287996,19,,feriado,0.0,0.0,0.01,0.0,0.0,normal,normal,baixa,3,historico feriado (poucos dados),3.0
I13JA287996,20,,feriado,0.0,0.0,0.01,0.0,0.0,normal,normal,baixa,3,historico feriado (poucos dados),3.0
I13JC094216,0,,feriado,0.0,0.0,0.01,0.0,0.0,normal,normal,baixa,3,historico feriado (poucos dados),3.0
I13JC094216,1,,feriado,0.0,0.0,0.01,0.0,0.0,normal,normal,baixa,3,historico feriado (poucos dados),3.0
I13JC094216,2,,feriado,0.0,0.0,0.01,0.0,0.0,normal,normal,baixa,3,historico feriado (poucos dados),3.0
I13JC094216,3,,feriado,0.0,0.0,0.01,0.0,0.0,normal,normal,baixa,3,historico feriado (poucos dados),3.0
I13JC094216,4,,feriado,0.0,0.0,0.01,0.0,0.0,normal,normal,baixa,3,historico feriado (poucos dados),3.0
I13JC094216,5,,feriado,0.0,0.0,0.01,0.0,0.0,normal,normal,baixa,3,historico feriado (poucos dados),3.0
I13JC094216,6,,feriado,0.0,0.0,0.01,0.0,0.0,normal,normal,baixa,3,historico feriado (poucos dados),3.0
I13JC094216,7,,feriado,0.0,0.0,0.01,0.0,0.0,normal,normal,baixa,3,historico feriado (poucos dados),3.0
I13JC094216,8,,feriado,0.0,0.0,0.01,0.0,0.0,normal,normal,baixa,3,historico feriado (poucos dados),3.0
I13JC094216,9,,feriado,0.0,0.0,0.01,0.0,0.0,normal,normal,baixa,3,historico feriado (poucos dados),3.0
I13JC094216,10,,feriado,0.0,0.0,0.01,0.0,0.0,normal,normal,baixa,3,historico feriado (poucos dados),3.0
I13JC094216,11,,feriado,0.0,0.0,0.01,0.0,0.0,normal,normal,baixa,3,historico feriado (poucos dados),3.0
I13JC094216,12,,feriado,0.0,0.0,0.01,0.0,0.0,normal,normal,baixa,3,historico feriado (poucos dados),3.0
I13JC094216,13,,feriado,0.0,0.0,0.01,0.0,0.0,normal,normal,baixa,3,historico feriado (poucos dados),3.0
I13JC094216,14,,feriado,0.0,0.0,0.01,0.0,0.0,normal,normal,baixa,3,historico feriado (poucos dados),3.0
I13JC094216,15,,feriado,0.0,0.0,0.01,0.0,0.0,normal,normal,baixa,3,historico feriado (poucos dados),3.0
I13JC094216,16,,feriado,0.0,0.0,0.01,0.0,0.0,normal,normal,baixa,3,historico feriado (poucos dados),3.0
I13JC094216,17,,feriado,0.0,0.0,0.01,0.0,0.0,normal,normal,baixa,3,historico feriado (poucos dados),3.0
I13JC094216,18,,feriado,0.0,0.0,0.01,0.0,0.0,normal,normal,baixa,3,historico feriado (poucos dados),3.0
I13JC094216,19,,feriado,0.0,0.0,0.01,0.0,0.0,normal,normal,baixa,3,historico feriado (poucos dados),3.0
I13JC094216,20,,feriado,0.0,0.0,0.01,0.0,0.0,normal,normal,baixa,3,historico feriado (poucos dados),3.0
I13JC114242U,0,,feriado,0.0,0.0,0.01,0.0,0.0,normal,normal,baixa,3,historico feriado (poucos dados),3.0
I13JC114242U,1,,feriado,0.0,0.0,0.01,0.0,0.0,normal,normal,baixa,3,historico feriado (poucos dados),3.0
I13JC114242U,2,,feriado,0.0,0.0,0.01,0.0,0.0,normal,normal,baixa,3,historico feriado (poucos dados),3.0
I13JC114242U,3,,feriado,0.0,0.0,0.01,0.0,0.0,normal,normal,baixa,3,historico feriado (poucos dados),3.0
I13JC114242U,4,,feriado,0.0,0.0,0.01,0.0,0.0,normal,normal,baixa,3,historico feriado (poucos dados),3.0
I13JC114242U,5,,feriado,0.0,0.0,0.01,0.0,0.0,normal,normal,baixa,3,historico feriado (poucos dados),3.0
I13JC114242U,6,,feriado,0.0,0.0,0.01,0.0,0.0,normal,normal,baixa,3,historico feriado (poucos dados),3.0
I13JC114242U,7,,feriado,0.0,0.0,0.01,0.0,0.0,normal,normal,baixa,3,historico feriado (poucos dados),3.0
I13JC114242U,8,,feriado,0.0,0.0,0.01,0.0,0.0,normal,normal,baixa,3,historico feriado (poucos dados),3.0
I13JC114242U,9,,feriado,0.0,0.0,0.01,0.0,0.0,normal,normal,baixa,3,historico feriado (poucos dados),3.0
I13JC114242U,10,,feriado,0.0,0.0,0.01,0.0,0.0,normal,normal,baixa,3,historico feriado (poucos dados),3.0
I13JC114242U,11,,feriado,0.0,0.0,0.01,0.0,0.0,normal,normal,baixa,3,historico feriado (poucos dados),3.0
I13JC114242U,12,,feriado,0.0,0.0,0.01,0.0,0.0,normal,normal,baixa,3,historico feriado (poucos dados),3.0
I13JC114242U,13,,feriado,0.0,0.0,0.01,0.0,0.0,normal,normal,baixa,3,historico feriado (poucos dados),3.0
I13JC114242U,14,,feriado,0.0,0.0,0.01,0.0,0.0,normal,normal,baixa,3,historico feriado (poucos dados),3.0
I13JC114242U,15,,feriado,0.0,0.0,0.01,0.0,0.0,normal,normal,baixa,3,historico feriado (poucos dados),3.0
I13JC114242U,16,,feriado,0.0,0.0,0.01,0.0,0.0,normal,normal,baixa,3,historico feriado (poucos dados),3.0
I13JC114242U,17,,feriado,0.0,0.0,0.01,0.0,0.0,normal,normal,baixa,3,historico feriado (poucos dados),3.0
I13JC114242U,18,,feriado,0.0,0.0,0.01,0.0,0.0,normal,normal,baixa,3,historico feriado (poucos dados),3.0
I13JC114242U,19,,feriado,0.0,0.0,0.01,0.0,0.0,normal,normal,baixa,3,historico feriado (poucos dados),3.0
I13JC114242U,20,,feriado,0.0,0.0,0.01,0.0,0.0,normal,normal,baixa,3,historico feriado (poucos dados),3.0
I13JC114242U,21,,feriado,0.0,0.0,0.01,0.0,0.0,normal,normal,baixa,3,historico feriado (poucos dados),3.0
I13JC114242U,22,,feriado,0.0,0.0,0.01,0.0,0.0,normal,normal,baixa,3,historico feriado (poucos dados),3.0
I13JC114242U,23,,feriado,0.0,0.0,0.01,0.0,0.0,normal,normal,baixa,3,historico feriado (poucos dados),3.0
I13JE090461J,0,,feriado,0.0,0.0,0.01,0.0,0.0,normal,normal,baixa,3,historico feriado (poucos dados),3.0
I13JE090461J,1,,feriado,0.0,0.0,0.01,0.0,0.0,normal,normal,baixa,3,historico feriado (poucos dados),3.0
I13JE090461J,2,,feriado,0.0,0.0,0.01,0.0,0.0,normal,normal,baixa,3,historico feriado (poucos dados),3.0
I13JE090461J,3,,feriado,0.0,0.0,0.01,0.0,0.0,normal,normal,baixa,3,historico feriado (poucos dados),3.0
I13JE090461J,4,,feriado,0.0,0.0,0.01,0.0,0.0,normal,normal,baixa,3,historico feriado (poucos dados),3.0
I13JE090461J,5,,feriado,0.0,0.0,0.01,0.0,0.0,normal,normal,baixa,3,historico feriado (poucos dados),3.0
I13JE090461J,6,,feriado,0.0,0.0,0.01,0.0,0.0,normal,normal,baixa,3,historico feriado (poucos dados),3.0
I13JE090461J,7,,feriado,0.0,0.0,0.01,0.0,0.0,normal,normal,baixa,3,historico feriado (poucos dados),3.0
I13JE090461J,8,,feriado,0.0,0.0007,0.01,-0.07,-0.07,normal,normal,baixa,3,historico feriado (poucos dados),3.0
I13JE090461J,9,,feriado,0.0,0.002,0.01,-0.2,-0.2,normal,normal,baixa,3,historico feriado (poucos dados),3.0
I13JE090461J,10,,feriado,0.0,0.0,0.01,0.0,0.0,normal,normal,baixa,3,historico feriado (poucos dados),3.0
I13JE090461J,11,,feriado,0.0,0.0,0.01,0.0,0.0,normal,normal,baixa,3,historico feriado (poucos dados),3.0
I13JE090461J,12,,feriado,0.0,0.002,0.01,-0.2,-0.2,normal,normal,baixa,3,historico feriado (poucos dados),3.0
I13JE090461J,13,,feriado,0.0,0.0017,0.01,-0.17,-0.17,normal,normal,baixa,3,historico feriado (poucos dados),3.0
I13JE090461J,14,,feriado,0.0,0.0023,0.01,-0.23,-0.23,normal,normal,baixa,3,historico feriado (poucos dados),3.0
I13JE090461J,15,,feriado,0.0,0.0003,0.01,-0.03,-0.03,normal,normal,baixa,3,historico feriado (poucos dados),3.0
I13JE090461J,16,,feriado,0.0,0.002,0.01,-0.2,-0.2,normal,normal,baixa,3,historico feriado (poucos dados),3.0
I13JE090461J,17,,feriado,0.0,0.0017,0.01,-0.17,-0.17,normal,normal,baixa,3,historico feriado (poucos dados),3.0
I13JE090461J,18,,feriado,0.0,0.0,0.01,0.0,0.0,normal,normal,baixa,3,historico feriado (poucos dados),3.0
I13JE090461J,19,,feriado,0.0,0.0,0.01,0.0,0.0,normal,normal,baixa,3,historico feriado (poucos dados),3.0
I13JE090461J,20,,feriado,0.0,0.0,0.01,0.0,0.0,normal,normal,baixa,3,historico feriado (poucos dados),3.0
I13JE090461J,21,,feriado,0.0,0.0,0.01,0.0,0.0,normal,normal,baixa,3,historico feriado (poucos dados),3.0
I13JE090461J,22,,feriado,0.0,0.0,0.01,0.0,0.0,normal,normal,baixa,3,historico feriado (poucos dados),3.0
I13JE090461J,23,,feriado,0.0,0.0,0.01,0.0,0.0,normal,normal,baixa,3,historico feriado (poucos dados),3.0
I13JE090462,0,,feriado,0.0,0.0,0.01,0.0,0.0,normal,normal,baixa,3,historico feriado (poucos dados),3.0
I13JE090462,1,,feriado,0.0,0.0,0.01,0.0,0.0,normal,normal,baixa,3,historico feriado (poucos dados),3.0
I13JE090462,2,,feriado,0.0,0.0,0.01,0.0,0.0,normal,normal,baixa,2,historico feriado (poucos dados),3.0
I13JE090462,3,,feriado,0.0,0.0,0.01,0.0,0.0,normal,normal,baixa,26,fallback (30d recentes),3.0
I13JE090462,4,,feriado,0.0,0.0,0.01,0.0,0.0,normal,normal,baixa,26,fallback (30d recentes),3.0
I13JE090462,5,,feriado,0.0,0.0,0.01,0.0,0.0,normal,normal,baixa,26,fallback (30d recentes),3.0
I13JE090462,6,,feriado,0.0,0.0,0.01,0.0,0.0,normal,normal,baixa,3,historico feriado (poucos dados),3.0
I13JE090462,7,,feriado,0.0,0.0,0.01,0.0,0.0,normal,normal,baixa,3,historico feriado (poucos dados),3.0
I13JE090462,8,,feriado,0.0,0.0,0.01,0.0,0.0,normal,normal,baixa,3,historico feriado (poucos dados),3.0
I13JE090462,9,,feriado,0.0,0.0,0.01,0.0,0.0,normal,normal,baixa,3,historico feriado (poucos dados),3.0
I13JE090462,10,,feriado,0.0,0.0,0.01,0.0,0.0,normal,normal,baixa,2,historico feriado (poucos dados),3.0
I13JE090462,11,,feriado,0.0,0.0,0.01,0.0,0.0,normal,normal,baixa,2,historico feriado (poucos dados),3.0
I13JE090462,12,,feriado,0.0,0.0,0.01,0.0,0.0,normal,normal,baixa,2,historico feriado (poucos dados),3.0
I13JE090462,13,,feriado,0.0,0.0,0.01,0.0,0.0,normal,normal,baixa,2,historico feriado (poucos dados),3.0
I13JE090462,14,,feriado,0.0,0.0,0.01,0.0,0.0,normal,normal,baixa,3,historico feriado (poucos dados),3.0
I13JE090462,15,,feriado,0.0,0.0,0.01,0.0,0.0,normal,normal,baixa,3,historico feriado (poucos dados),3.0
I13JE090462,16,,feriado,0.0,0.0,0.01,0.0,0.0,normal,normal,baixa,3,historico feriado (poucos dados),3.0
I13JE090462,17,,feriado,0.0,0.0,0.01,0.0,0.0,normal,normal,baixa,3,historico feriado (poucos dados),3.0
I13JE090462,18,,feriado,0.0,0.0,0.01,0.0,0.0,normal,normal,baixa,3,historico feriado (poucos dados),3.0
I13JE090462,19,,feriado,0.0,0.0,0.01,0.0,0.0,normal,normal,baixa,3,historico feriado (poucos dados),3.0
I13JE090462,20,,feriado,0.0,0.0,0.01,0.0,0.0,normal,normal,baixa,3,historico feriado (poucos dados),3.0
I13JE090462,21,,feriado,0.0,0.0,0.01,0.0,0.0,normal,normal,baixa,3,historico feriado (poucos dados),3.0
I13JE090462,23,,feriado,0.0,0.0,0.01,0.0,0.0,normal,normal,baixa,3,historico feriado (poucos dados),3.0
I13JE090464M,0,,feriado,0.0,0.0,0.01,0.0,0.0,normal,normal,baixa,3,historico feriado (poucos dados),3.0
I13JE090464M,1,,feriado,0.0,0.0,0.01,0.0,0.0,normal,normal,baixa,3,historico feriado (poucos dados),3.0
I13JE090464M,2,,feriado,0.0,0.0,0.01,0.0,0.0,normal,normal,baixa,3,historico feriado (poucos dados),3.0
I13JE090464M,3,,feriado,0.0,0.0,0.01,0.0,0.0,normal,normal,baixa,3,historico feriado (poucos dados),3.0
I13JE090464M,4,,feriado,0.0,0.0,0.01,0.0,0.0,normal,normal,baixa,3,historico feriado (poucos dados),3.0
I13JE090464M,5,,feriado,0.0,0.0,0.01,0.0,0.0,normal,normal,baixa,3,historico feriado (poucos dados),3.0
I13JE090464M,6,,feriado,0.0,0.0,0.01,0.0,0.0,normal,normal,baixa,3,historico feriado (poucos dados),3.0
I13JE090464M,8,,feriado,0.0,0.0,0.01,0.0,0.0,normal,normal,baixa,3,historico feriado (poucos dados),3.0
I13JE090464M,9,,feriado,-0.001,-0.0007,0.01,-0.03,-0.03,normal,normal,baixa,3,historico feriado (poucos dados),3.0
I13JE090464M,10,,feriado,0.0,-0.0007,0.01,0.07,0.07,normal,normal,baixa,3,historico feriado (poucos dados),3.0
I13JE090464M,11,,feriado,0.0,-0.0003,0.01,0.03,0.03,normal,normal,baixa,3,historico feriado (poucos dados),3.0
I13JE090464M,12,,feriado,-0.001,0.0,0.01,-0.1,-0.1,normal,normal,baixa,3,historico feriado (poucos dados),3.0
I13JE090464M,13,,feriado,0.0,0.0,0.01,0.0,0.0,normal,normal,baixa,3,historico feriado (poucos dados),3.0
I13JE090464M,14,,feriado,0.0,0.0,0.01,0.0,0.0,normal,normal,baixa,3,historico feriado (poucos dados),3.0
I13JE090464M,15,,feriado,0.0,0.0,0.01,0.0,0.0,normal,normal,baixa,2,historico feriado (poucos dados),3.0
I13JE090464M,16,,feriado,0.0,0.0,0.01,0.0,0.0,normal,normal,baixa,3,historico feriado (poucos dados),3.0
I13JE090464M,17,,feriado,0.0,0.0,0.01,0.0,0.0,normal,normal,baixa,3,historico feriado (poucos dados),3.0
I13JE090464M,18,,feriado,0.0,0.0,0.01,0.0,0.0,normal,normal,baixa,3,historico feriado (poucos dados),3.0
I13JE090464M,19,,feriado,0.0,0.0,0.01,0.0,0.0,normal,normal,baixa,3,historico feriado (poucos dados),3.0
I13JE090464M,20,,feriado,0.0,0.0,0.01,0.0,0.0,normal,normal,baixa,3,historico feriado (poucos dados),3.0
I13JE090464M,21,,feriado,0.0,0.0,0.01,0.0,0.0,normal,normal,baixa,3,historico feriado (poucos dados),3.0
I13JE090464M,22,,feriado,0.0,0.0,0.01,0.0,0.0,normal,normal,baixa,3,historico feriado (poucos dados),3.0
I13JE090464M,23,,feriado,0.0,0.0,0.01,0.0,0.0,normal,normal,baixa,3,historico feriado (poucos dados),3.0
I13JE128947D,0,,feriado,0.0,0.0,0.01,0.0,0.0,normal,normal,baixa,3,historico feriado (poucos dados),3.0
I13JE128947D,1,,feriado,0.0,0.0,0.01,0.0,0.0,normal,normal,baixa,3,historico feriado (poucos dados),3.0
I13JE128947D,2,,feriado,0.0,0.0,0.01,0.0,0.0,normal,normal,baixa,3,historico feriado (poucos dados),3.0
I13JE128947D,3,,feriado,0.0,0.0,0.01,0.0,0.0,normal,normal,baixa,3,historico feriado (poucos dados),3.0
I13JE128947D,5,,feriado,0.0,0.0,0.01,0.0,0.0,normal,normal,baixa,2,historico feriado (poucos dados),3.0
I13JE128947D,6,,feriado,0.0,0.0,0.01,0.0,0.0,normal,normal,baixa,2,historico feriado (poucos dados),3.0
I13JE128947D,7,,feriado,0.0,0.0,0.01,0.0,0.0,normal,normal,baixa,2,historico feriado (poucos dados),3.0
I13JE128947D,8,,feriado,0.0,0.0,0.01,0.0,0.0,normal,normal,baixa,3,historico feriado (poucos dados),3.0
I13JE128947D,9,,feriado,0.0,0.0,0.01,0.0,0.0,normal,normal,baixa,3,historico feriado (poucos dados),3.0
I13JE128947D,10,,feriado,0.0,0.0,0.01,0.0,0.0,normal,normal,baixa,3,historico feriado (poucos dados),3.0
I13JE128947D,11,,feriado,0.0,0.0,0.01,0.0,0.0,normal,normal,baixa,3,historico feriado (poucos dados),3.0
I13JE128947D,13,,feriado,0.0,0.0,0.01,0.0,0.0,normal,normal,baixa,3,historico feriado (poucos dados),3.0
I13JE128947D,14,,feriado,0.0,0.0,0.01,0.0,0.0,normal,normal,baixa,3,historico feriado (poucos dados),3.0
I13JE128947D,15,,feriado,0.0,0.0,0.01,0.0,0.0,normal,normal,baixa,3,historico feriado (poucos dados),3.0
I13JE128947D,16,,feriado,0.0,0.0,0.01,0.0,0.0,normal,normal,baixa,3,historico feriado (poucos dados),3.0
I13JE128947D,20,,feriado,0.0,0.0,0.01,0.0,0.0,normal,normal,baixa,3,historico feriado (poucos dados),3.0
I13JE128947D,21,,feriado,0.0,0.0,0.01,0.0,0.0,normal,normal,baixa,2,historico feriado (poucos dados),3.0
I13JE128947D,22,,feriado,0.0,0.0,0.01,0.0,0.0,normal,normal,baixa,2,historico feriado (poucos dados),3.0
I13JE128947D,23,,feriado,0.0,0.0,0.01,0.0,0.0,normal,normal,baixa,2,historico feriado (poucos dados),3.0
I13JE133572D,0,,feriado,0.0,0.0,0.01,0.0,0.0,normal,normal,baixa,3,historico feriado (poucos dados),3.0
I13JE133572D,1,,feriado,0.0,0.0,0.01,0.0,0.0,normal,normal,baixa,3,historico feriado (poucos dados),3.0
I13JE133572D,2,,feriado,0.0,0.0,0.01,0.0,0.0,normal,normal,baixa,3,historico feriado (poucos dados),3.0
I13JE133572D,3,,feriado,0.0,0.0,0.01,0.0,0.0,normal,normal,baixa,3,historico feriado (poucos dados),3.0
I13JE133572D,4,,feriado,0.0,0.0,0.01,0.0,0.0,normal,normal,baixa,3,historico feriado (poucos dados),3.0
I13JE133572D,5,,feriado,0.0,0.0,0.01,0.0,0.0,normal,normal,baixa,3,historico feriado (poucos dados),3.0
I13JE133572D,6,,feriado,0.0,0.0,0.01,0.0,0.0,normal,normal,baixa,3,historico feriado (poucos dados),3.0
I13JE133572D,7,,feriado,0.0,0.0,0.01,0.0,0.0,normal,normal,baixa,3,historico feriado (poucos dados),3.0
I13JE133572D,8,,feriado,0.0,0.0,0.01,0.0,0.0,normal,normal,baixa,3,historico feriado (poucos dados),3.0
I13JE133572D,9,,feriado,0.0,0.0,0.01,0.0,0.0,normal,normal,baixa,3,historico feriado (poucos dados),3.0
I13JE133572D,10,,feriado,0.0,0.0,0.01,0.0,0.0,normal,normal,baixa,3,historico feriado (poucos dados),3.0
I13JE133572D,11,,feriado,0.0,0.0,0.01,0.0,0.0,normal,normal,baixa,3,historico feriado (poucos dados),3.0
I13JE133572D,12,,feriado,0.0,0.0,0.01,0.0,0.0,normal,normal,baixa,3,historico feriado (poucos dados),3.0
I13JE133572D,13,,feriado,0.0,0.0,0.01,0.0,0.0,normal,normal,baixa,3,historico feriado (poucos dados),3.0
I13JE133572D,14,,feriado,0.0,0.0,0.01,0.0,0.0,normal,normal,baixa,3,historico feriado (poucos dados),3.0
I13JE133572D,15,,feriado,0.0,0.0,0.01,0.0,0.0,normal,normal,baixa,3,historico feriado (poucos dados),3.0
I13JE133572D,16,,feriado,0.0,0.0,0.01,0.0,0.0,normal,normal,baixa,3,historico feriado (poucos dados),3.0
I13JE133572D,17,,feriado,0.0,0.0,0.01,0.0,0.0,normal,normal,baixa,3,historico feriado (poucos dados),3.0
I13JE133572D,18,,feriado,0.0,0.0,0.01,0.0,0.0,normal,normal,baixa,3,historico feriado (poucos dados),3.0
I13JE133572D,19,,feriado,0.0,0.0,0.01,0.0,0.0,normal,normal,baixa,3,historico feriado (poucos dados),3.0
I13JE133572D,20,,feriado,0.0,0.0,0.01,0.0,0.0,normal,normal,baixa,3,historico feriado (poucos dados),3.0
I13JE133572D,21,,feriado,0.0,0.0,0.01,0.0,0.0,normal,normal,baixa,3,historico feriado (poucos dados),3.0
I13JE133572D,22,,feriado,0.0,0.0,0.01,0.0,0.0,normal,normal,baixa,3,historico feriado (poucos dados),3.0
I13JE133572D,23,,feriado,0.0,0.0,0.01,0.0,0.0,normal,normal,baixa,3,historico feriado (poucos dados),3.0
I14JC000553,4,,feriado,0.0,0.0,0.01,0.0,0.0,normal,normal,baixa,2,historico feriado (poucos dados),3.0
I14JC000553,5,,feriado,0.0,0.0,0.01,0.0,0.0,normal,normal,baixa,2,historico feriado (poucos dados),3.0
I14JC000553,6,,feriado,0.0,0.0,0.01,0.0,0.0,normal,normal,baixa,2,historico feriado (poucos dados),3.0
I14JC000553,7,,feriado,0.0,0.0,0.01,0.0,0.0,normal,normal,baixa,2,historico feriado (poucos dados),3.0
I14JC000553,16,,feriado,0.0,0.0,0.01,0.0,0.0,normal,normal,baixa,3,historico feriado (poucos dados),3.0
I14JC000553,17,,feriado,0.0,0.0,0.01,0.0,0.0,normal,normal,baixa,3,historico feriado (poucos dados),3.0
I14JC000553,18,,feriado,0.0,0.0,0.01,0.0,0.0,normal,normal,baixa,3,historico feriado (poucos dados),3.0
I14JC000553,19,,feriado,0.0,0.0,0.01,0.0,0.0,normal,normal,baixa,3,historico feriado (poucos dados),3.0
I14JC000554,0,,feriado,0.0,0.0,0.01,0.0,0.0,normal,normal,baixa,3,historico feriado (poucos dados),3.0
I14JC000554,1,,feriado,0.0,0.0,0.01,0.0,0.0,normal,normal,baixa,3,historico feriado (poucos dados),3.0
I14JC000554,2,,feriado,0.0,0.0,0.01,0.0,0.0,normal,normal,baixa,3,historico feriado (poucos dados),3.0
I14JC000554,3,,feriado,0.0,0.0,0.01,0.0,0.0,normal,normal,baixa,3,historico feriado (poucos dados),3.0
I14JC000554,4,,feriado,0.0,0.0,0.01,0.0,0.0,normal,normal,baixa,3,historico feriado (poucos dados),3.0
I14JC000554,5,,feriado,0.0,0.0,0.01,0.0,0.0,normal,normal,baixa,3,historico feriado (poucos dados),3.0
I14JC000554,6,,feriado,0.0,0.0,0.01,0.0,0.0,normal,normal,baixa,3,historico feriado (poucos dados),3.0
I14JC000554,7,,feriado,0.0,0.0,0.01,0.0,0.0,normal,normal,baixa,3,historico feriado (poucos dados),3.0
I14JC000554,8,,feriado,0.0,0.0,0.01,0.0,0.0,normal,normal,baixa,3,historico feriado (poucos dados),3.0
I14JC000554,9,,feriado,0.0,0.0,0.01,0.0,0.0,normal,normal,baixa,3,historico feriado (poucos dados),3.0
I14JC000554,10,,feriado,0.0,0.0,0.01,0.0,0.0,normal,normal,baixa,3,historico feriado (poucos dados),3.0
I14JC000554,11,,feriado,0.0,0.0,0.01,0.0,0.0,normal,normal,baixa,3,historico feriado (poucos dados),3.0
I14JC000554,12,,feriado,0.0,0.0,0.01,0.0,0.0,normal,normal,baixa,3,historico feriado (poucos dados),3.0
I14JC000554,13,,feriado,0.0,0.0,0.01,0.0,0.0,normal,normal,baixa,3,historico feriado (poucos dados),3.0
I14JC000554,14,,feriado,0.0,0.0,0.01,0.0,0.0,normal,normal,baixa,3,historico feriado (poucos dados),3.0
I14JC000554,15,,feriado,0.0,0.0,0.01,0.0,0.0,normal,normal,baixa,3,historico feriado (poucos dados),3.0
I14JC000554,16,,feriado,0.0,0.0,0.01,0.0,0.0,normal,normal,baixa,3,historico feriado (poucos dados),3.0
I14JC000554,17,,feriado,0.0,0.0,0.01,0.0,0.0,normal,normal,baixa,3,historico feriado (poucos dados),3.0
I14JC000554,18,,feriado,0.0,0.0,0.01,0.0,0.0,normal,normal,baixa,3,historico feriado (poucos dados),3.0
I14JC000554,19,,feriado,0.0,0.0,0.01,0.0,0.0,normal,normal,baixa,3,historico feriado (poucos dados),3.0
I14JC000554,20,,feriado,0.0,0.0,0.01,0.0,0.0,normal,normal,baixa,3,historico feriado (poucos dados),3.0
I14JC000554,21,,feriado,0.0,0.0,0.01,0.0,0.0,normal,normal,baixa,3,historico feriado (poucos dados),3.0
I14JC000554,22,,feriado,0.0,0.0,0.01,0.0,0.0,normal,normal,baixa,19,fallback (30d recentes),3.0
I14JC000554,23,,feriado,0.0,0.0,0.01,0.0,0.0,normal,normal,baixa,19,fallback (30d recentes),3.0
I14JC000555,0,,feriado,0.0,0.0,0.01,0.0,0.0,normal,normal,baixa,3,historico feriado (poucos dados),3.0
I14JC000555,1,,feriado,0.0,0.0,0.01,0.0,0.0,normal,normal,baixa,3,historico feriado (poucos dados),3.0
I14JC000555,2,,feriado,0.0,0.0,0.01,0.0,0.0,normal,normal,baixa,3,historico feriado (poucos dados),3.0
I14JC000555,3,,feriado,0.0,0.0,0.01,0.0,0.0,normal,normal,baixa,3,historico feriado (poucos dados),3.0
I14JC000555,4,,feriado,0.0,0.0,0.01,0.0,0.0,normal,normal,baixa,3,historico feriado (poucos dados),3.0
I14JC000555,5,,feriado,0.0,0.0,0.01,0.0,0.0,normal,normal,baixa,3,historico feriado (poucos dados),3.0
I14JC000555,6,,feriado,0.0,0.0,0.01,0.0,0.0,normal,normal,baixa,3,historico feriado (poucos dados),3.0
I14JC000555,7,,feriado,0.0,0.0,0.01,0.0,0.0,normal,normal,baixa,3,historico feriado (poucos dados),3.0
I14JC000555,8,,feriado,0.0,0.0,0.01,0.0,0.0,normal,normal,baixa,3,historico feriado (poucos dados),3.0
I14JC000555,9,,feriado,0.0,0.0,0.01,0.0,0.0,normal,normal,baixa,3,historico feriado (poucos dados),3.0
I14JC000555,10,,feriado,0.0,0.0,0.01,0.0,0.0,normal,normal,baixa,3,historico feriado (poucos dados),3.0
I14JC000555,11,,feriado,0.0,0.0,0.01,0.0,0.0,normal,normal,baixa,3,historico feriado (poucos dados),3.0
I14JC000555,12,,feriado,0.0,0.0,0.01,0.0,0.0,normal,normal,baixa,3,historico feriado (poucos dados),3.0
I14JC000555,13,,feriado,0.0,0.0,0.01,0.0,0.0,normal,normal,baixa,3,historico feriado (poucos dados),3.0
I14JC000555,14,,feriado,0.0,0.0,0.01,0.0,0.0,normal,normal,baixa,3,historico feriado (poucos dados),3.0
I14JC000555,15,,feriado,0.0,0.0,0.01,0.0,0.0,normal,normal,baixa,3,historico feriado (poucos dados),3.0
I14JC000555,16,,feriado,0.0,0.0,0.01,0.0,0.0,normal,normal,baixa,3,historico feriado (poucos dados),3.0
I14JC000555,17,,feriado,0.0,0.0,0.01,0.0,0.0,normal,normal,baixa,3,historico feriado (poucos dados),3.0
I14JC000555,18,,feriado,0.0,0.0,0.01,0.0,0.0,normal,normal,baixa,2,historico feriado (poucos dados),3.0
I14JC000555,19,,feriado,0.0,0.0,0.01,0.0,0.0,normal,normal,baixa,2,historico feriado (poucos dados),3.0
I14JC000555,20,,feriado,0.0,0.0,0.01,0.0,0.0,normal,normal,baixa,2,historico feriado (poucos dados),3.0
I14JC000555,21,,feriado,0.0,0.0,0.01,0.0,0.0,normal,normal,baixa,2,historico feriado (poucos dados),3.0
I14JC000555,22,,feriado,0.0,0.0,0.01,0.0,0.0,normal,normal,baixa,3,historico feriado (poucos dados),3.0
I14JC000555,23,,feriado,0.0,0.0,0.01,0.0,0.0,normal,normal,baixa,3,historico feriado (poucos dados),3.0
I14JC000558,0,,feriado,0.0,0.0,0.01,0.0,0.0,normal,normal,baixa,3,historico feriado (poucos dados),3.0
I14JC000558,1,,feriado,0.0,0.0,0.01,0.0,0.0,normal,normal,baixa,3,historico feriado (poucos dados),3.0
I14JC000558,2,,feriado,0.0,0.0,0.01,0.0,0.0,normal,normal,baixa,2,historico feriado (poucos dados),3.0
I14JC000558,3,,feriado,0.0,0.0,0.01,0.0,0.0,normal,normal,baixa,2,historico feriado (poucos dados),3.0
I14JC000558,4,,feriado,0.0,0.0,0.01,0.0,0.0,normal,normal,baixa,2,historico feriado (poucos dados),3.0
I14JC000558,5,,feriado,0.0,0.0,0.01,0.0,0.0,normal,normal,baixa,2,historico feriado (poucos dados),3.0
I14JC000558,6,,feriado,0.0,0.0,0.01,0.0,0.0,normal,normal,baixa,3,historico feriado (poucos dados),3.0
I14JC000558,7,,feriado,0.0,0.0,0.01,0.0,0.0,normal,normal,baixa,3,historico feriado (poucos dados),3.0
I14JC000558,8,,feriado,0.0,0.0,0.01,0.0,0.0,normal,normal,baixa,3,historico feriado (poucos dados),3.0
I14JC000558,9,,feriado,0.0,0.0,0.01,0.0,0.0,normal,normal,baixa,3,historico feriado (poucos dados),3.0
I14JC000558,10,,feriado,0.0,0.0,0.01,0.0,0.0,normal,normal,baixa,3,historico feriado (poucos dados),3.0
I14JC000558,11,,feriado,0.0,0.0,0.01,0.0,0.0,normal,normal,baixa,3,historico feriado (poucos dados),3.0
I14JC000558,12,,feriado,0.0,0.0,0.01,0.0,0.0,normal,normal,baixa,3,historico feriado (poucos dados),3.0
I14JC000558,13,,feriado,0.0,0.0,0.01,0.0,0.0,normal,normal,baixa,3,historico feriado (poucos dados),3.0
I14JC000558,18,,feriado,0.0,0.0,0.01,0.0,0.0,normal,normal,baixa,3,historico feriado (poucos dados),3.0
I14JC000558,19,,feriado,0.0,0.0,0.01,0.0,0.0,normal,normal,baixa,3,historico feriado (poucos dados),3.0
I14JC000558,20,,feriado,0.0,0.0,0.01,0.0,0.0,normal,normal,baixa,3,historico feriado (poucos dados),3.0
I14JC000558,21,,feriado,0.0,0.0,0.01,0.0,0.0,normal,normal,baixa,3,historico feriado (poucos dados),3.0
I14JC000558,22,,feriado,0.0,0.0,0.01,0.0,0.0,normal,normal,baixa,25,fallback (30d recentes),3.0
I14JC000558,23,,feriado,0.0,0.0,0.01,0.0,0.0,normal,normal,baixa,25,fallback (30d recentes),3.0
I14JC000574,0,,feriado,0.0,0.0,0.01,0.0,0.0,normal,normal,baixa,3,historico feriado (poucos dados),3.0
I14JC000574,1,,feriado,0.0,0.0,0.01,0.0,0.0,normal,normal,baixa,3,historico feriado (poucos dados),3.0
I14JC000574,2,,feriado,0.0,0.0,0.01,0.0,0.0,normal,normal,baixa,3,historico feriado (poucos dados),3.0
I14JC000574,3,,feriado,0.0,0.0,0.01,0.0,0.0,normal,normal,baixa,3,historico feriado (poucos dados),3.0
I14JC000574,4,,feriado,0.0,0.0,0.01,0.0,0.0,normal,normal,baixa,3,historico feriado (poucos dados),3.0
I14JC000574,5,,feriado,0.0,0.0,0.01,0.0,0.0,normal,normal,baixa,3,historico feriado (poucos dados),3.0
I14JC000574,6,,feriado,0.0,0.0,0.01,0.0,0.0,normal,normal,baixa,3,historico feriado (poucos dados),3.0
I14JC000574,7,,feriado,0.0,0.0,0.01,0.0,0.0,normal,normal,baixa,3,historico feriado (poucos dados),3.0
I14JC000574,8,,feriado,0.0,0.0,0.01,0.0,0.0,normal,normal,baixa,3,historico feriado (poucos dados),3.0
I14JC000574,9,,feriado,0.0,0.0,0.01,0.0,0.0,normal,normal,baixa,3,historico feriado (poucos dados),3.0
I14JC000574,10,,feriado,0.0,0.0,0.01,0.0,0.0,normal,normal,baixa,3,historico feriado (poucos dados),3.0
I14JC000574,11,,feriado,0.0,0.0,0.01,0.0,0.0,normal,normal,baixa,3,historico feriado (poucos dados),3.0
I14JC000574,12,,feriado,0.0,0.0,0.01,0.0,0.0,normal,normal,baixa,3,historico feriado (poucos dados),3.0
I14JC000574,13,,feriado,0.0,0.0,0.01,0.0,0.0,normal,normal,baixa,3,historico feriado (poucos dados),3.0
I14JC000574,14,,feriado,0.0,0.0,0.01,0.0,0.0,normal,normal,baixa,3,historico feriado (poucos dados),3.0
I14JC000574,15,,feriado,0.0,0.0,0.01,0.0,0.0,normal,normal,baixa,3,historico feriado (poucos dados),3.0
I14JC000574,16,,feriado,0.0,0.0,0.01,0.0,0.0,normal,normal,baixa,3,historico feriado (poucos dados),3.0
I14JC000574,17,,feriado,0.0,0.0,0.01,0.0,0.0,normal,normal,baixa,3,historico feriado (poucos dados),3.0
I14JC000574,18,,feriado,0.0,0.0,0.01,0.0,0.0,normal,normal,baixa,3,historico feriado (poucos dados),3.0
I14JC000574,19,,feriado,0.0,0.0,0.01,0.0,0.0,normal,normal,baixa,3,historico feriado (poucos dados),3.0
I14JC000574,20,,feriado,0.0,0.0,0.01,0.0,0.0,normal,normal,baixa,3,historico feriado (poucos dados),3.0
I14JC000574,22,,feriado,0.0,0.0,0.01,0.0,0.0,normal,normal,baixa,3,historico feriado (poucos dados),3.0
I14JC000574,23,,feriado,0.0,0.0,0.01,0.0,0.0,normal,normal,baixa,3,historico feriado (poucos dados),3.0
I14JC000600,0,,feriado,0.0,0.0,0.01,0.0,0.0,normal,normal,baixa,21,fallback (30d recentes),3.0
I14JC000600,1,,feriado,0.0,0.0,0.01,0.0,0.0,normal,normal,baixa,21,fallback (30d recentes),3.0
I14JC000600,2,,feriado,0.0,0.0,0.01,0.0,0.0,normal,normal,baixa,2,historico feriado (poucos dados),3.0
I14JC000600,3,,feriado,0.0,0.0,0.01,0.0,0.0,normal,normal,baixa,2,historico feriado (poucos dados),3.0
I14JC000600,4,,feriado,0.0,0.0,0.01,0.0,0.0,normal,normal,baixa,2,historico feriado (poucos dados),3.0
I14JC000600,5,,feriado,0.0,0.0,0.01,0.0,0.0,normal,normal,baixa,2,historico feriado (poucos dados),3.0
I14JC000600,6,,feriado,0.0,0.0,0.01,0.0,0.0,normal,normal,baixa,3,historico feriado (poucos dados),3.0
I14JC000600,7,,feriado,0.0,0.0,0.01,0.0,0.0,normal,normal,baixa,3,historico feriado (poucos dados),3.0
I14JC000600,8,,feriado,0.0,0.0,0.01,0.0,0.0,normal,normal,baixa,3,historico feriado (poucos dados),3.0
I14JC000600,9,,feriado,0.0,0.0,0.01,0.0,0.0,normal,normal,baixa,3,historico feriado (poucos dados),3.0
I14JC000600,10,,feriado,0.0,0.0,0.01,0.0,0.0,normal,normal,baixa,2,historico feriado (poucos dados),3.0
I14JC000600,11,,feriado,0.0,0.0,0.01,0.0,0.0,normal,normal,baixa,2,historico feriado (poucos dados),3.0
I14JC000600,12,,feriado,0.0,0.0,0.01,0.0,0.0,normal,normal,baixa,2,historico feriado (poucos dados),3.0
I14JC000600,13,,feriado,0.0,0.0,0.01,0.0,0.0,normal,normal,baixa,2,historico feriado (poucos dados),3.0
I14JC000600,14,,feriado,0.0,0.0,0.01,0.0,0.0,normal,normal,baixa,3,historico feriado (poucos dados),3.0
I14JC000600,15,,feriado,0.0,0.0,0.01,0.0,0.0,normal,normal,baixa,3,historico feriado (poucos dados),3.0
I14JC000600,16,,feriado,0.0,0.0,0.01,0.0,0.0,normal,normal,baixa,3,historico feriado (poucos dados),3.0
I14JC000600,17,,feriado,0.0,0.0,0.01,0.0,0.0,normal,normal,baixa,3,historico feriado (poucos dados),3.0
I14JC000600,18,,feriado,0.0,0.0,0.01,0.0,0.0,normal,normal,baixa,3,historico feriado (poucos dados),3.0
I14JC000600,19,,feriado,0.0,0.0,0.01,0.0,0.0,normal,normal,baixa,3,historico feriado (poucos dados),3.0
I14JC000600,20,,feriado,0.0,0.0,0.01,0.0,0.0,normal,normal,baixa,3,historico feriado (poucos dados),3.0
I14JC000600,21,,feriado,0.0,0.0,0.01,0.0,0.0,normal,normal,baixa,3,historico feriado (poucos dados),3.0
I14JC000600,22,,feriado,0.0,0.0,0.01,0.0,0.0,normal,normal,baixa,3,historico feriado (poucos dados),3.0
I14JC000600,23,,feriado,0.0,0.0,0.01,0.0,0.0,normal,normal,baixa,3,historico feriado (poucos dados),3.0
I14JC001558X,0,,feriado,0.0,0.0,0.01,0.0,0.0,normal,normal,baixa,3,historico feriado (poucos dados),3.0
I14JC001558X,1,,feriado,0.0,0.0,0.01,0.0,0.0,normal,normal,baixa,3,historico feriado (poucos dados),3.0
I14JC001558X,2,,feriado,0.0,0.0,0.01,0.0,0.0,normal,normal,baixa,3,historico feriado (poucos dados),3.0
I14JC001558X,3,,feriado,0.0,0.0,0.01,0.0,0.0,normal,normal,baixa,3,historico feriado (poucos dados),3.0
I14JC001558X,4,,feriado,0.0,0.0,0.01,0.0,0.0,normal,normal,baixa,3,historico feriado (poucos dados),3.0
I14JC001558X,5,,feriado,0.0,0.0,0.01,0.0,0.0,normal,normal,baixa,3,historico feriado (poucos dados),3.0
I14JC001558X,6,,feriado,0.0,0.0,0.01,0.0,0.0,normal,normal,baixa,3,historico feriado (poucos dados),3.0
I14JC001558X,7,,feriado,0.0,0.0,0.01,0.0,0.0,normal,normal,baixa,3,historico feriado (poucos dados),3.0
I14JC001558X,8,,feriado,0.0,0.0,0.01,0.0,0.0,normal,normal,baixa,3,historico feriado (poucos dados),3.0
I14JC001558X,9,,feriado,0.0,0.0,0.01,0.0,0.0,normal,normal,baixa,3,historico feriado (poucos dados),3.0
I14JC001558X,10,,feriado,0.0,0.0,0.01,0.0,0.0,normal,normal,baixa,3,historico feriado (poucos dados),3.0
I14JC001558X,11,,feriado,0.0,0.0,0.01,0.0,0.0,normal,normal,baixa,3,historico feriado (poucos dados),3.0
I14JC001558X,12,,feriado,0.0,0.0,0.01,0.0,0.0,normal,normal,baixa,3,historico feriado (poucos dados),3.0
I14JC001558X,13,,feriado,0.0,0.0,0.01,0.0,0.0,normal,normal,baixa,3,historico feriado (poucos dados),3.0
I14JC001558X,14,,feriado,0.0,0.0,0.01,0.0,0.0,normal,normal,baixa,3,historico feriado (poucos dados),3.0
I14JC001558X,15,,feriado,0.0,0.0,0.01,0.0,0.0,normal,normal,baixa,3,historico feriado (poucos dados),3.0
I14JC001558X,16,,feriado,0.0,0.0,0.01,0.0,0.0,normal,normal,baixa,3,historico feriado (poucos dados),3.0
I14JC001558X,17,,feriado,0.0,0.0,0.01,0.0,0.0,normal,normal,baixa,3,historico feriado (poucos dados),3.0
I14JC001558X,18,,feriado,0.0,0.0,0.01,0.0,0.0,normal,normal,baixa,3,historico feriado (poucos dados),3.0
I14JC001558X,19,,feriado,0.0,0.0,0.01,0.0,0.0,normal,normal,baixa,3,historico feriado (poucos dados),3.0
I14JC001558X,20,,feriado,0.0,0.0,0.01,0.0,0.0,normal,normal,baixa,3,historico feriado (poucos dados),3.0
I14JC001558X,21,,feriado,0.0,0.0,0.01,0.0,0.0,normal,normal,baixa,3,historico feriado (poucos dados),3.0
I14JC001558X,22,,feriado,0.0,0.0,0.01,0.0,0.0,normal,normal,baixa,3,historico feriado (poucos dados),3.0
I14JC001558X,23,,feriado,0.0,0.0,0.01,0.0,0.0,normal,normal,baixa,3,historico feriado (poucos dados),3.0
I14JC024663T,0,,feriado,0.0,0.0,0.01,0.0,0.0,normal,normal,baixa,3,historico feriado (poucos dados),3.0
I14JC024663T,1,,feriado,0.0,0.0,0.01,0.0,0.0,normal,normal,baixa,3,historico feriado (poucos dados),3.0
I14JC024663T,2,,feriado,0.0,0.0,0.01,0.0,0.0,normal,normal,baixa,3,historico feriado (poucos dados),3.0
I14JC024663T,3,,feriado,0.0,0.0,0.01,0.0,0.0,normal,normal,baixa,3,historico feriado (poucos dados),3.0
I14JC024663T,4,,feriado,0.0,0.0,0.01,0.0,0.0,normal,normal,baixa,3,historico feriado (poucos dados),3.0
I14JC024663T,5,,feriado,0.0,0.0,0.01,0.0,0.0,normal,normal,baixa,3,historico feriado (poucos dados),3.0
I14JC024663T,6,,feriado,0.0,0.0,0.01,0.0,0.0,normal,normal,baixa,3,historico feriado (poucos dados),3.0
I14JC024663T,7,,feriado,0.0,0.0,0.01,0.0,0.0,normal,normal,baixa,3,historico feriado (poucos dados),3.0
I14JC024663T,8,,feriado,0.0,0.0,0.01,0.0,0.0,normal,normal,baixa,2,historico feriado (poucos dados),3.0
I14JC024663T,9,,feriado,0.0,0.0,0.01,0.0,0.0,normal,normal,baixa,2,historico feriado (poucos dados),3.0
I14JC024663T,10,,feriado,0.0,0.0,0.01,0.0,0.0,normal,normal,baixa,2,historico feriado (poucos dados),3.0
I14JC024663T,11,,feriado,0.0,0.0,0.01,0.0,0.0,normal,normal,baixa,2,historico feriado (poucos dados),3.0
I14JC024663T,12,,feriado,0.0,0.0,0.01,0.0,0.0,normal,normal,baixa,3,historico feriado (poucos dados),3.0
I14JC024663T,13,,feriado,0.0,0.0,0.01,0.0,0.0,normal,normal,baixa,3,historico feriado (poucos dados),3.0
I14JC024663T,14,,feriado,0.0,0.0,0.01,0.0,0.0,normal,normal,baixa,3,historico feriado (poucos dados),3.0
I14JC024663T,15,,feriado,0.0,0.0,0.01,0.0,0.0,normal,normal,baixa,3,historico feriado (poucos dados),3.0
I14JC024663T,16,,feriado,0.0,0.0,0.01,0.0,0.0,normal,normal,baixa,3,historico feriado (poucos dados),3.0
I14JC024663T,17,,feriado,0.0,0.0,0.01,0.0,0.0,normal,normal,baixa,3,historico feriado (poucos dados),3.0
I14JC024663T,18,,feriado,0.0,0.0,0.01,0.0,0.0,normal,normal,baixa,3,historico feriado (poucos dados),3.0
I14JC024663T,19,,feriado,0.0,0.0,0.01,0.0,0.0,normal,normal,baixa,3,historico feriado (poucos dados),3.0
I14JC024663T,20,,feriado,0.0,0.0,0.01,0.0,0.0,normal,normal,baixa,3,historico feriado (poucos dados),3.0
I14JC024663T,21,,feriado,0.0,0.0,0.01,0.0,0.0,normal,normal,baixa,3,historico feriado (poucos dados),3.0
I14JC024663T,22,,feriado,0.0,0.0,0.01,0.0,0.0,normal,normal,baixa,3,historico feriado (poucos dados),3.0
I14JC024663T,23,,feriado,0.0,0.0,0.01,0.0,0.0,normal,normal,baixa,3,historico feriado (poucos dados),3.0
I14JC024664U,0,,feriado,0.0,0.0,0.01,0.0,0.0,normal,normal,baixa,25,fallback (30d recentes),3.0
I14JC024664U,1,,feriado,0.0,0.0,0.01,0.0,0.0,normal,normal,baixa,25,fallback (30d recentes),3.0
I14JC024664U,2,,feriado,0.0,0.0,0.01,0.0,0.0,normal,normal,baixa,25,fallback (30d recentes),3.0
I14JC024664U,3,,feriado,0.0,0.0,0.01,0.0,0.0,normal,normal,baixa,2,historico feriado (poucos dados),3.0
I14JC024664U,4,,feriado,0.0,0.0,0.01,0.0,0.0,normal,normal,baixa,2,historico feriado (poucos dados),3.0
I14JC024664U,5,,feriado,0.0,0.0,0.01,0.0,0.0,normal,normal,baixa,2,historico feriado (poucos dados),3.0
I14JC024664U,6,,feriado,0.0,0.0,0.01,0.0,0.0,normal,normal,baixa,2,historico feriado (poucos dados),3.0
I14JC024664U,7,,feriado,0.0,0.0,0.01,0.0,0.0,normal,normal,baixa,2,historico feriado (poucos dados),3.0
I14JC024664U,8,,feriado,0.0,0.0,0.01,0.0,0.0,normal,normal,baixa,2,historico feriado (poucos dados),3.0
I14JC024664U,9,,feriado,0.0,0.0,0.01,0.0,0.0,normal,normal,baixa,2,historico feriado (poucos dados),3.0
I14JC024664U,10,,feriado,0.0,0.0,0.01,0.0,0.0,normal,normal,baixa,2,historico feriado (poucos dados),3.0
I14JC024664U,11,,feriado,0.0,0.0,0.01,0.0,0.0,normal,normal,baixa,2,historico feriado (poucos dados),3.0
I14JC024664U,12,,feriado,0.0,0.0,0.01,0.0,0.0,normal,normal,baixa,2,historico feriado (poucos dados),3.0
I14JC024664U,13,,feriado,0.0,0.0,0.01,0.0,0.0,normal,normal,baixa,2,historico feriado (poucos dados),3.0
I14JC024664U,14,,feriado,0.0,0.0,0.01,0.0,0.0,normal,normal,baixa,2,historico feriado (poucos dados),3.0
I14JC024664U,15,,feriado,0.0,0.0,0.01,0.0,0.0,normal,normal,baixa,25,fallback (30d recentes),3.0
I14JC024664U,16,,feriado,0.0,0.0,0.01,0.0,0.0,normal,normal,baixa,25,fallback (30d recentes),3.0
I14JC024664U,17,,feriado,0.0,0.0,0.01,0.0,0.0,normal,normal,baixa,25,fallback (30d recentes),3.0
I14JC024664U,18,,feriado,0.0,0.0,0.01,0.0,0.0,normal,normal,baixa,25,fallback (30d recentes),3.0
I14JC024664U,19,,feriado,0.0,0.0,0.01,0.0,0.0,normal,normal,baixa,3,historico feriado (poucos dados),3.0
I14JC024664U,20,,feriado,0.0,0.0,0.01,0.0,0.0,normal,normal,baixa,3,historico feriado (poucos dados),3.0
I14JC024664U,21,,feriado,0.0,0.0,0.01,0.0,0.0,normal,normal,baixa,3,historico feriado (poucos dados),3.0
I14JC024664U,22,,feriado,0.0,0.0,0.01,0.0,0.0,normal,normal,baixa,3,historico feriado (poucos dados),3.0
I14JC025288,0,,feriado,0.0,0.0,0.01,0.0,0.0,normal,normal,baixa,2,historico feriado (poucos dados),3.0
I14JC025288,1,,feriado,0.0,0.0,0.01,0.0,0.0,normal,normal,baixa,2,historico feriado (poucos dados),3.0
I14JC025288,2,,feriado,0.0,0.0,0.01,0.0,0.0,normal,normal,baixa,2,historico feriado (poucos dados),3.0
I14JC025288,3,,feriado,0.0,0.0,0.01,0.0,0.0,normal,normal,baixa,2,historico feriado (poucos dados),3.0
I14JC025288,4,,feriado,0.0,0.0,0.01,0.0,0.0,normal,normal,baixa,3,historico feriado (poucos dados),3.0
I14JC025288,5,,feriado,0.0,0.0,0.01,0.0,0.0,normal,normal,baixa,3,historico feriado (poucos dados),3.0
I14JC025288,6,,feriado,0.0,0.0,0.01,0.0,0.0,normal,normal,baixa,3,historico feriado (poucos dados),3.0
I14JC025288,7,,feriado,0.0,0.0,0.01,0.0,0.0,normal,normal,baixa,3,historico feriado (poucos dados),3.0
I14JC025288,8,,feriado,0.0,0.0,0.01,0.0,0.0,normal,normal,baixa,3,historico feriado (poucos dados),3.0
I14JC025288,9,,feriado,0.0,0.0,0.01,0.0,0.0,normal,normal,baixa,3,historico feriado (poucos dados),3.0
I14JC025288,10,,feriado,0.0,0.0,0.01,0.0,0.0,normal,normal,baixa,3,historico feriado (poucos dados),3.0
I14JC025288,11,,feriado,0.0,0.0,0.01,0.0,0.0,normal,normal,baixa,3,historico feriado (poucos dados),3.0
I14JC025288,12,,feriado,0.0,0.0,0.01,0.0,0.0,normal,normal,baixa,3,historico feriado (poucos dados),3.0
I14JC025288,13,,feriado,0.0,0.0,0.01,0.0,0.0,normal,normal,baixa,3,historico feriado (poucos dados),3.0
I14JC025288,14,,feriado,0.0,0.0,0.01,0.0,0.0,normal,normal,baixa,3,historico feriado (poucos dados),3.0
I14JC025288,15,,feriado,0.0,0.0,0.01,0.0,0.0,normal,normal,baixa,3,historico feriado (poucos dados),3.0
I14JC025288,16,,feriado,0.0,0.0,0.01,0.0,0.0,normal,normal,baixa,3,historico feriado (poucos dados),3.0
I14JC025288,17,,feriado,0.0,0.0,0.01,0.0,0.0,normal,normal,baixa,3,historico feriado (poucos dados),3.0
I14JC025288,18,,feriado,0.0,0.0,0.01,0.0,0.0,normal,normal,baixa,3,historico feriado (poucos dados),3.0
I14JC025288,19,,feriado,0.0,0.0,0.01,0.0,0.0,normal,normal,baixa,3,historico feriado (poucos dados),3.0
I14JC025288,20,,feriado,0.0,0.0,0.01,0.0,0.0,normal,normal,baixa,3,historico feriado (poucos dados),3.0
I14JC025288,21,,feriado,0.0,0.0,0.01,0.0,0.0,normal,normal,baixa,3,historico feriado (poucos dados),3.0
I14JC025288,22,,feriado,0.0,0.0,0.01,0.0,0.0,normal,normal,baixa,3,historico feriado (poucos dados),3.0
I14JC025288,23,,feriado,0.0,0.0,0.01,0.0,0.0,normal,normal,baixa,3,historico feriado (poucos dados),3.0
I14JC032911,0,,feriado,0.0,0.0,0.01,0.0,0.0,normal,normal,baixa,3,historico feriado (poucos dados),3.0
I14JC032911,1,,feriado,0.0,0.0,0.01,0.0,0.0,normal,normal,baixa,3,historico feriado (poucos dados),3.0
I14JC032911,2,,feriado,0.0,0.0,0.01,0.0,0.0,normal,normal,baixa,3,historico feriado (poucos dados),3.0
I14JC032911,3,,feriado,0.0,0.0,0.01,0.0,0.0,normal,normal,baixa,3,historico feriado (poucos dados),3.0
I14JC032911,4,,feriado,0.0,0.0,0.01,0.0,0.0,normal,normal,baixa,3,historico feriado (poucos dados),3.0
I14JC032911,5,,feriado,0.0,0.0,0.01,0.0,0.0,normal,normal,baixa,3,historico feriado (poucos dados),3.0
I14JC032911,6,,feriado,0.0,0.0,0.01,0.0,0.0,normal,normal,baixa,3,historico feriado (poucos dados),3.0
I14JC032911,7,,feriado,0.0,0.0,0.01,0.0,0.0,normal,normal,baixa,3,historico feriado (poucos dados),3.0
I14JC032911,8,,feriado,0.0,0.0,0.01,0.0,0.0,normal,normal,baixa,3,historico feriado (poucos dados),3.0
I14JC032911,9,,feriado,0.0,0.0,0.01,0.0,0.0,normal,normal,baixa,3,historico feriado (poucos dados),3.0
I14JC032911,10,,feriado,0.0,0.0,0.01,0.0,0.0,normal,normal,baixa,3,historico feriado (poucos dados),3.0
I14JC032911,11,,feriado,0.0,0.0,0.01,0.0,0.0,normal,normal,baixa,3,historico feriado (poucos dados),3.0
I14JC032911,16,,feriado,0.0,0.0,0.01,0.0,0.0,normal,normal,baixa,3,historico feriado (poucos dados),3.0
I14JC032911,17,,feriado,0.0,0.0,0.01,0.0,0.0,normal,normal,baixa,3,historico feriado (poucos dados),3.0
I14JC032911,18,,feriado,0.0,0.0,0.01,0.0,0.0,normal,normal,baixa,3,historico feriado (poucos dados),3.0
I14JC032911,19,,feriado,0.0,0.0,0.01,0.0,0.0,normal,normal,baixa,2,historico feriado (poucos dados),3.0
I14JC032911,20,,feriado,0.0,0.0,0.01,0.0,0.0,normal,normal,baixa,3,historico feriado (poucos dados),3.0
I14JC032911,21,,feriado,0.0,0.0,0.01,0.0,0.0,normal,normal,baixa,3,historico feriado (poucos dados),3.0
I14JC032911,22,,feriado,0.0,0.0,0.01,0.0,0.0,normal,normal,baixa,3,historico feriado (poucos dados),3.0
I14JC032911,23,,feriado,0.0,0.0,0.01,0.0,0.0,normal,normal,baixa,3,historico feriado (poucos dados),3.0
I14JE002614G,0,,feriado,0.0,0.0,0.01,0.0,0.0,normal,normal,baixa,3,historico feriado (poucos dados),3.0
I14JE002614G,1,,feriado,0.0,0.0,0.01,0.0,0.0,normal,normal,baixa,3,historico feriado (poucos dados),3.0
I14JE002614G,2,,feriado,0.0,0.0,0.01,0.0,0.0,normal,normal,baixa,3,historico feriado (poucos dados),3.0
I14JE002614G,3,,feriado,0.0,0.0,0.01,0.0,0.0,normal,normal,baixa,3,historico feriado (poucos dados),3.0
I14JE002614G,4,,feriado,0.0,0.0,0.01,0.0,0.0,normal,normal,baixa,3,historico feriado (poucos dados),3.0
I14JE002614G,5,,feriado,0.0,0.0,0.01,0.0,0.0,normal,normal,baixa,3,historico feriado (poucos dados),3.0
I14JE002614G,6,,feriado,0.0,0.0,0.01,0.0,0.0,normal,normal,baixa,3,historico feriado (poucos dados),3.0
I14JE002614G,7,,feriado,0.0,0.0,0.01,0.0,0.0,normal,normal,baixa,3,historico feriado (poucos dados),3.0
I14JE002614G,9,,feriado,0.0,0.0,0.01,0.0,0.0,normal,normal,baixa,2,historico feriado (poucos dados),3.0
I14JE002614G,10,,feriado,0.0,0.0,0.01,0.0,0.0,normal,normal,baixa,2,historico feriado (poucos dados),3.0
I14JE002614G,11,,feriado,0.0,0.0,0.01,0.0,0.0,normal,normal,baixa,2,historico feriado (poucos dados),3.0
I14JE002614G,12,,feriado,0.0,0.0,0.01,0.0,0.0,normal,normal,baixa,3,historico feriado (poucos dados),3.0
I14JE002614G,13,,feriado,0.0,0.0,0.01,0.0,0.0,normal,normal,baixa,3,historico feriado (poucos dados),3.0
I14JE002614G,14,,feriado,0.0,0.0,0.01,0.0,0.0,normal,normal,baixa,3,historico feriado (poucos dados),3.0
I14JE002614G,15,,feriado,0.0,0.0,0.01,0.0,0.0,normal,normal,baixa,3,historico feriado (poucos dados),3.0
I14JE002614G,16,,feriado,0.0,0.0,0.01,0.0,0.0,normal,normal,baixa,3,historico feriado (poucos dados),3.0
I14JE002614G,17,,feriado,0.0,0.0,0.01,0.0,0.0,normal,normal,baixa,3,historico feriado (poucos dados),3.0
I14JE002614G,18,,feriado,0.0,0.0,0.01,0.0,0.0,normal,normal,baixa,3,historico feriado (poucos dados),3.0
I14JE002614G,19,,feriado,0.0,0.0,0.01,0.0,0.0,normal,normal,baixa,3,historico feriado (poucos dados),3.0
I14JE002614G,20,,feriado,0.0,0.0,0.01,0.0,0.0,normal,normal,baixa,3,historico feriado (poucos dados),3.0
I14JE002614G,21,,feriado,0.0,0.0,0.01,0.0,0.0,normal,normal,baixa,3,historico feriado (poucos dados),3.0
I14JE002614G,22,,feriado,0.0,0.0,0.01,0.0,0.0,normal,normal,baixa,3,historico feriado (poucos dados),3.0
I14JE002614G,23,,feriado,0.0,0.0,0.01,0.0,0.0,normal,normal,baixa,3,historico feriado (poucos dados),3.0
I14JE002622G,0,,feriado,0.0,0.0,0.01,0.0,0.0,normal,normal,baixa,3,historico feriado (poucos dados),3.0
I14JE002622G,1,,feriado,0.0,0.0,0.01,0.0,0.0,normal,normal,baixa,3,historico feriado (poucos dados),3.0
I14JE002622G,2,,feriado,0.0,0.0,0.01,0.0,0.0,normal,normal,baixa,3,historico feriado (poucos dados),3.0
I14JE002622G,3,,feriado,0.0,0.0,0.01,0.0,0.0,normal,normal,baixa,3,historico feriado (poucos dados),3.0
I14JE002622G,4,,feriado,0.0,0.0,0.01,0.0,0.0,normal,normal,baixa,3,historico feriado (poucos dados),3.0
I14JE002622G,5,,feriado,0.0,0.0,0.01,0.0,0.0,normal,normal,baixa,3,historico feriado (poucos dados),3.0
I14JE002622G,6,,feriado,0.0,0.0,0.01,0.0,0.0,normal,normal,baixa,3,historico feriado (poucos dados),3.0
I14JE002622G,7,,feriado,0.0,0.0,0.01,0.0,0.0,normal,normal,baixa,3,historico feriado (poucos dados),3.0
I14JE002622G,8,,feriado,0.0,0.0,0.01,0.0,0.0,normal,normal,baixa,3,historico feriado (poucos dados),3.0
I14JE002622G,9,,feriado,0.0,0.0,0.01,0.0,0.0,normal,normal,baixa,3,historico feriado (poucos dados),3.0
I14JE002622G,10,,feriado,0.0,0.0,0.01,0.0,0.0,normal,normal,baixa,3,historico feriado (poucos dados),3.0
I14JE002622G,11,,feriado,0.0,0.0003,0.01,-0.03,-0.03,normal,normal,baixa,3,historico feriado (poucos dados),3.0
I14JE002622G,12,,feriado,0.0,0.001,0.01,-0.1,-0.1,normal,normal,baixa,3,historico feriado (poucos dados),3.0
I14JE002622G,13,,feriado,0.0,0.0,0.01,0.0,0.0,normal,normal,baixa,3,historico feriado (poucos dados),3.0
I14JE002622G,14,,feriado,0.0,0.0,0.01,0.0,0.0,normal,normal,baixa,3,historico feriado (poucos dados),3.0
I14JE002622G,15,,feriado,0.0,0.0,0.01,0.0,0.0,normal,normal,baixa,3,historico feriado (poucos dados),3.0
I14JE002622G,16,,feriado,0.0,0.0,0.01,0.0,0.0,normal,normal,baixa,3,historico feriado (poucos dados),3.0
I14JE002622G,17,,feriado,0.0,0.0,0.01,0.0,0.0,normal,normal,baixa,3,historico feriado (poucos dados),3.0
I14JE002622G,18,,feriado,0.0,0.0,0.01,0.0,0.0,normal,normal,baixa,3,historico feriado (poucos dados),3.0
I14JE002622G,19,,feriado,0.0,0.0,0.01,0.0,0.0,normal,normal,baixa,3,historico feriado (poucos dados),3.0
I14JE002622G,20,,feriado,0.0,0.0,0.01,0.0,0.0,normal,normal,baixa,3,historico feriado (poucos dados),3.0
I14JE002622G,21,,feriado,0.0,0.0,0.01,0.0,0.0,normal,normal,baixa,3,historico feriado (poucos dados),3.0
I14JE002622G,22,,feriado,0.0,0.0,0.01,0.0,0.0,normal,normal,baixa,3,historico feriado (poucos dados),3.0
I14JE002622G,23,,feriado,0.0,0.0,0.01,0.0,0.0,normal,normal,baixa,3,historico feriado (poucos dados),3.0
I15JC065279,0,,feriado,0.0,0.0,0.01,0.0,0.0,normal,normal,baixa,3,historico feriado (poucos dados),3.0
I15JC065279,1,,feriado,0.0,0.0,0.01,0.0,0.0,normal,normal,baixa,3,historico feriado (poucos dados),3.0
I15JC065279,2,,feriado,0.0,0.0,0.01,0.0,0.0,normal,normal,baixa,3,historico feriado (poucos dados),3.0
I15JC065279,3,,feriado,0.0,0.0,0.01,0.0,0.0,normal,normal,baixa,3,historico feriado (poucos dados),3.0
I15JC065279,4,,feriado,0.0,0.0,0.01,0.0,0.0,normal,normal,baixa,3,historico feriado (poucos dados),3.0
I15JC065279,5,,feriado,0.0,0.0,0.01,0.0,0.0,normal,normal,baixa,3,historico feriado (poucos dados),3.0
I15JC065279,6,,feriado,0.0,0.0,0.01,0.0,0.0,normal,normal,baixa,3,historico feriado (poucos dados),3.0
I15JC065279,7,,feriado,0.0,0.0,0.01,0.0,0.0,normal,normal,baixa,3,historico feriado (poucos dados),3.0
I15JC065279,8,,feriado,0.0,0.0,0.01,0.0,0.0,normal,normal,baixa,3,historico feriado (poucos dados),3.0
I15JC065279,13,,feriado,0.0,0.0,0.01,0.0,0.0,normal,normal,baixa,3,historico feriado (poucos dados),3.0
I15JC065279,14,,feriado,0.0,0.0,0.01,0.0,0.0,normal,normal,baixa,3,historico feriado (poucos dados),3.0
I15JC065279,15,,feriado,0.0,0.0,0.01,0.0,0.0,normal,normal,baixa,3,historico feriado (poucos dados),3.0
I15JC065279,16,,feriado,0.0,0.0,0.01,0.0,0.0,normal,normal,baixa,3,historico feriado (poucos dados),3.0
I15JC065279,17,,feriado,0.0,0.0,0.01,0.0,0.0,normal,normal,baixa,3,historico feriado (poucos dados),3.0
I15JC065279,18,,feriado,0.0,0.0,0.01,0.0,0.0,normal,normal,baixa,3,historico feriado (poucos dados),3.0
I15JC065279,19,,feriado,0.0,0.0,0.01,0.0,0.0,normal,normal,baixa,3,historico feriado (poucos dados),3.0
I15JC065279,20,,feriado,0.0,0.0,0.01,0.0,0.0,normal,normal,baixa,3,historico feriado (poucos dados),3.0
I15JC065279,21,,feriado,0.0,0.0,0.01,0.0,0.0,normal,normal,baixa,2,historico feriado (poucos dados),3.0
I15JC065279,22,,feriado,0.0,0.0,0.01,0.0,0.0,normal,normal,baixa,2,historico feriado (poucos dados),3.0
I15JC065279,23,,feriado,0.0,0.0,0.01,0.0,0.0,normal,normal,baixa,2,historico feriado (poucos dados),3.0
I16JC097380,2,,feriado,0.0,0.0,0.01,0.0,0.0,normal,normal,baixa,2,historico feriado (poucos dados),3.0
I16JC097380,3,,feriado,0.0,0.0,0.01,0.0,0.0,normal,normal,baixa,2,historico feriado (poucos dados),3.0
I16JC097380,4,,feriado,0.0,0.0,0.01,0.0,0.0,normal,normal,baixa,2,historico feriado (poucos dados),3.0
I16JC097380,5,,feriado,0.0,0.0,0.01,0.0,0.0,normal,normal,baixa,2,historico feriado (poucos dados),3.0
I16JC097380,6,,feriado,0.0,0.0,0.01,0.0,0.0,normal,normal,baixa,3,historico feriado (poucos dados),3.0
I16JC097380,7,,feriado,0.0,0.0,0.01,0.0,0.0,normal,normal,baixa,3,historico feriado (poucos dados),3.0
I16JC097380,8,,feriado,0.0,0.0,0.01,0.0,0.0,normal,normal,baixa,3,historico feriado (poucos dados),3.0
I16JC097380,9,,feriado,0.0,0.0,0.01,0.0,0.0,normal,normal,baixa,3,historico feriado (poucos dados),3.0
I16JC097380,10,,feriado,0.0,0.0,0.01,0.0,0.0,normal,normal,baixa,3,historico feriado (poucos dados),3.0
I16JC097380,11,,feriado,0.0,0.0,0.01,0.0,0.0,normal,normal,baixa,3,historico feriado (poucos dados),3.0
I16JC097380,12,,feriado,0.0,0.0,0.01,0.0,0.0,normal,normal,baixa,3,historico feriado (poucos dados),3.0
I16JC097380,13,,feriado,0.0,0.0,0.01,0.0,0.0,normal,normal,baixa,3,historico feriado (poucos dados),3.0
I16JC097380,14,,feriado,0.0,0.0,0.01,0.0,0.0,normal,normal,baixa,2,historico feriado (poucos dados),3.0
I16JC097380,15,,feriado,0.0,0.0,0.01,0.0,0.0,normal,normal,baixa,2,historico feriado (poucos dados),3.0
I16JC097380,16,,feriado,0.0,0.0,0.01,0.0,0.0,normal,normal,baixa,2,historico feriado (poucos dados),3.0
I16JC097380,17,,feriado,0.0,0.0,0.01,0.0,0.0,normal,normal,baixa,2,historico feriado (poucos dados),3.0
I16JC097380,18,,feriado,0.0,0.0,0.01,0.0,0.0,normal,normal,baixa,3,historico feriado (poucos dados),3.0
I16JC097380,19,,feriado,0.0,0.0,0.01,0.0,0.0,normal,normal,baixa,3,historico feriado (poucos dados),3.0
I16JC097380,20,,feriado,0.0,0.0,0.01,0.0,0.0,normal,normal,baixa,3,historico feriado (poucos dados),3.0
I16JC097380,21,,feriado,0.0,0.0,0.01,0.0,0.0,normal,normal,baixa,3,historico feriado (poucos dados),3.0
I16JC097380,22,,feriado,0.0,0.0,0.01,0.0,0.0,normal,normal,baixa,3,historico feriado (poucos dados),3.0
I16JC097380,23,,feriado,0.0,0.0,0.01,0.0,0.0,normal,normal,baixa,3,historico feriado (poucos dados),3.0
I16JC098524,0,,feriado,0.0,0.002,0.01,-0.2,-0.2,normal,normal,baixa,3,historico feriado (poucos dados),3.0
I16JC098524,1,,feriado,0.0,0.0017,0.01,-0.17,-0.17,normal,normal,baixa,3,historico feriado (poucos dados),3.0
I16JC098524,2,,feriado,0.0,0.0013,0.01,-0.13,-0.13,normal,normal,baixa,3,historico feriado (poucos dados),3.0
I16JC098524,3,,feriado,0.0,0.001,0.01,-0.1,-0.1,normal,normal,baixa,3,historico feriado (poucos dados),3.0
I16JC098524,4,,feriado,0.0,0.0013,0.01,-0.13,-0.13,normal,normal,baixa,3,historico feriado (poucos dados),3.0
I16JC098524,5,,feriado,0.0,0.001,0.01,-0.1,-0.1,normal,normal,baixa,3,historico feriado (poucos dados),3.0
I16JC098524,6,,feriado,0.0,0.0013,0.01,-0.13,-0.13,normal,normal,baixa,3,historico feriado (poucos dados),3.0
I16JC098524,7,,feriado,0.0,0.0013,0.01,-0.13,-0.13,normal,normal,baixa,3,historico feriado (poucos dados),3.0
I16JC098524,8,,feriado,0.0,0.0017,0.01,-0.17,-0.17,normal,normal,baixa,3,historico feriado (poucos dados),3.0
I16JC098524,9,,feriado,0.0,0.001,0.01,-0.1,-0.1,normal,normal,baixa,3,historico feriado (poucos dados),3.0
I16JC098524,10,,feriado,0.0,0.0013,0.01,-0.13,-0.13,normal,normal,baixa,3,historico feriado (poucos dados),3.0
I16JC098524,11,,feriado,0.0,0.0017,0.01,-0.17,-0.17,normal,normal,baixa,3,historico feriado (poucos dados),3.0
I16JC098524,12,,feriado,0.0,0.0013,0.01,-0.13,-0.13,normal,normal,baixa,3,historico feriado (poucos dados),3.0
I16JC098524,13,,feriado,0.0,0.0017,0.01,-0.17,-0.17,normal,normal,baixa,3,historico feriado (poucos dados),3.0
I16JC098524,14,,feriado,0.0,0.002,0.01,-0.2,-0.2,normal,normal,baixa,3,historico feriado (poucos dados),3.0
I16JC098524,15,,feriado,0.0,0.0017,0.01,-0.17,-0.17,normal,normal,baixa,3,historico feriado (poucos dados),3.0
I16JC098524,16,,feriado,0.0,0.0017,0.01,-0.17,-0.17,normal,normal,baixa,3,historico feriado (poucos dados),3.0
I16JC098524,17,,feriado,0.0,0.0017,0.01,-0.17,-0.17,normal,normal,baixa,3,historico feriado (poucos dados),3.0
I16JC098524,18,,feriado,0.0,0.0017,0.01,-0.17,-0.17,normal,normal,baixa,3,historico feriado (poucos dados),3.0
I16JC098524,19,,feriado,0.0,0.0013,0.01,-0.13,-0.13,normal,normal,baixa,3,historico feriado (poucos dados),3.0
I16JC098524,20,,feriado,0.0,0.0017,0.01,-0.17,-0.17,normal,normal,baixa,3,historico feriado (poucos dados),3.0
I16JC098524,21,,feriado,0.0,0.002,0.01,-0.2,-0.2,normal,normal,baixa,3,historico feriado (poucos dados),3.0
I16JC098524,22,,feriado,0.0,0.002,0.01,-0.2,-0.2,normal,normal,baixa,3,historico feriado (poucos dados),3.0
I16JC098524,23,,feriado,0.0,0.0017,0.01,-0.17,-0.17,normal,normal,baixa,3,historico feriado (poucos dados),3.0
I16JC098541,0,,feriado,0.0,0.0,0.01,0.0,0.0,normal,normal,baixa,3,historico feriado (poucos dados),3.0
I16JC098541,1,,feriado,0.0,0.0,0.01,0.0,0.0,normal,normal,baixa,3,historico feriado (poucos dados),3.0
I16JC098541,2,,feriado,0.0,0.0,0.01,0.0,0.0,normal,normal,baixa,3,historico feriado (poucos dados),3.0
I16JC098541,3,,feriado,0.0,0.0,0.01,0.0,0.0,normal,normal,baixa,3,historico feriado (poucos dados),3.0
I16JC098541,4,,feriado,0.0,0.0,0.01,0.0,0.0,normal,normal,baixa,3,historico feriado (poucos dados),3.0
I16JC098541,5,,feriado,0.0,0.0,0.01,0.0,0.0,normal,normal,baixa,3,historico feriado (poucos dados),3.0
I16JC098541,6,,feriado,0.0,0.0,0.01,0.0,0.0,normal,normal,baixa,3,historico feriado (poucos dados),3.0
I16JC098541,7,,feriado,0.0,0.0,0.01,0.0,0.0,normal,normal,baixa,3,historico feriado (poucos dados),3.0
I16JC098541,8,,feriado,0.0,0.0,0.01,0.0,0.0,normal,normal,baixa,3,historico feriado (poucos dados),3.0
I16JC098541,9,,feriado,0.0,0.0,0.01,0.0,0.0,normal,normal,baixa,3,historico feriado (poucos dados),3.0
I16JC098541,10,,feriado,0.0,0.0,0.01,0.0,0.0,normal,normal,baixa,3,historico feriado (poucos dados),3.0
I16JC098541,11,,feriado,0.0,0.0,0.01,0.0,0.0,normal,normal,baixa,3,historico feriado (poucos dados),3.0
I16JC098541,12,,feriado,0.0,0.0,0.01,0.0,0.0,normal,normal,baixa,3,historico feriado (poucos dados),3.0
I16JC098541,13,,feriado,0.0,0.0,0.01,0.0,0.0,normal,normal,baixa,3,historico feriado (poucos dados),3.0
I16JC098541,14,,feriado,0.0,0.0,0.01,0.0,0.0,normal,normal,baixa,3,historico feriado (poucos dados),3.0
I16JC098541,15,,feriado,0.0,0.0,0.01,0.0,0.0,normal,normal,baixa,3,historico feriado (poucos dados),3.0
I16JC098541,16,,feriado,0.0,0.0,0.01,0.0,0.0,normal,normal,baixa,3,historico feriado (poucos dados),3.0
I16JC098541,17,,feriado,0.0,0.0,0.01,0.0,0.0,normal,normal,baixa,3,historico feriado (poucos dados),3.0
I16JC098541,18,,feriado,0.0,0.0,0.01,0.0,0.0,normal,normal,baixa,3,historico feriado (poucos dados),3.0
I16JC098541,19,,feriado,0.0,0.0,0.01,0.0,0.0,normal,normal,baixa,3,historico feriado (poucos dados),3.0
I16JC098541,20,,feriado,0.0,0.0,0.01,0.0,0.0,normal,normal,baixa,3,historico feriado (poucos dados),3.0
I16JC098541,21,,feriado,0.0,0.0,0.01,0.0,0.0,normal,normal,baixa,3,historico feriado (poucos dados),3.0
I16JC098541,22,,feriado,0.0,0.0,0.01,0.0,0.0,normal,normal,baixa,3,historico feriado (poucos dados),3.0
I16JC098541,23,,feriado,0.0,0.0,0.01,0.0,0.0,normal,normal,baixa,3,historico feriado (poucos dados),3.0
I17JC061030,0,,feriado,0.0,0.0,0.01,0.0,0.0,normal,normal,baixa,3,historico feriado (poucos dados),3.0
I17JC061030,1,,feriado,0.0,0.0,0.01,0.0,0.0,normal,normal,baixa,3,historico feriado (poucos dados),3.0
I17JC061030,2,,feriado,0.0,0.0,0.01,0.0,0.0,normal,normal,baixa,3,historico feriado (poucos dados),3.0
I17JC061030,3,,feriado,0.0,0.0,0.01,0.0,0.0,normal,normal,baixa,3,historico feriado (poucos dados),3.0
I17JC061030,4,,feriado,0.0,0.0,0.01,0.0,0.0,normal,normal,baixa,3,historico feriado (poucos dados),3.0
I17JC061030,5,,feriado,0.0,0.0,0.01,0.0,0.0,normal,normal,baixa,3,historico feriado (poucos dados),3.0
I17JC061030,6,,feriado,0.0,0.0,0.01,0.0,0.0,normal,normal,baixa,3,historico feriado (poucos dados),3.0
I17JC061030,7,,feriado,0.0,0.0,0.01,0.0,0.0,normal,normal,baixa,3,historico feriado (poucos dados),3.0
I17JC061030,8,,feriado,0.0,0.0,0.01,0.0,0.0,normal,normal,baixa,3,historico feriado (poucos dados),3.0
I17JC061030,9,,feriado,0.0,0.0,0.01,0.0,0.0,normal,normal,baixa,3,historico feriado (poucos dados),3.0
I17JC061030,10,,feriado,0.0,0.0,0.01,0.0,0.0,normal,normal,baixa,3,historico feriado (poucos dados),3.0
I17JC061030,11,,feriado,0.0,0.0,0.01,0.0,0.0,normal,normal,baixa,3,historico feriado (poucos dados),3.0
I17JC061030,12,,feriado,0.0,0.0,0.01,0.0,0.0,normal,normal,baixa,3,historico feriado (poucos dados),3.0
I17JC061030,13,,feriado,0.0,0.0,0.01,0.0,0.0,normal,normal,baixa,3,historico feriado (poucos dados),3.0
I17JC061030,14,,feriado,0.0,0.0,0.01,0.0,0.0,normal,normal,baixa,3,historico feriado (poucos dados),3.0
I17JC061030,15,,feriado,0.0,0.0,0.01,0.0,0.0,normal,normal,baixa,3,historico feriado (poucos dados),3.0
I17JC061030,16,,feriado,0.0,0.0,0.01,0.0,0.0,normal,normal,baixa,3,historico feriado (poucos dados),3.0
I17JC061030,17,,feriado,0.0,0.0,0.01,0.0,0.0,normal,normal,baixa,3,historico feriado (poucos dados),3.0
I17JC061030,18,,feriado,0.0,0.0,0.01,0.0,0.0,normal,normal,baixa,3,historico feriado (poucos dados),3.0
I17JC061030,19,,feriado,0.0,0.0,0.01,0.0,0.0,normal,normal,baixa,3,historico feriado (poucos dados),3.0
I17JC061030,20,,feriado,0.0,0.0,0.01,0.0,0.0,normal,normal,baixa,3,historico feriado (poucos dados),3.0
I17JC061030,21,,feriado,0.0,0.0,0.01,0.0,0.0,normal,normal,baixa,3,historico feriado (poucos dados),3.0
I17JC061030,22,,feriado,0.0,0.0,0.01,0.0,0.0,normal,normal,baixa,3,historico feriado (poucos dados),3.0
I17JC061030,23,,feriado,0.0,0.0,0.01,0.0,0.0,normal,normal,baixa,3,historico feriado (poucos dados),3.0
I17JC061031,0,,feriado,0.0,0.0,0.01,0.0,0.0,normal,normal,baixa,2,historico feriado (poucos dados),3.0
I17JC061031,1,,feriado,0.0,0.0,0.01,0.0,0.0,normal,normal,baixa,2,historico feriado (poucos dados),3.0
I17JC061031,2,,feriado,0.0,0.0,0.01,0.0,0.0,normal,normal,baixa,2,historico feriado (poucos dados),3.0
I17JC061031,3,,feriado,0.0,0.0,0.01,0.0,0.0,normal,normal,baixa,3,historico feriado (poucos dados),3.0
I17JC061031,4,,feriado,0.0,0.0,0.01,0.0,0.0,normal,normal,baixa,3,historico feriado (poucos dados),3.0
I17JC061031,5,,feriado,0.0,0.0,0.01,0.0,0.0,normal,normal,baixa,3,historico feriado (poucos dados),3.0
I17JC061031,6,,feriado,0.0,0.0,0.01,0.0,0.0,normal,normal,baixa,3,historico feriado (poucos dados),3.0
I17JC061031,7,,feriado,0.0,0.0,0.01,0.0,0.0,normal,normal,baixa,2,historico feriado (poucos dados),3.0
I17JC061031,8,,feriado,0.0,0.0,0.01,0.0,0.0,normal,normal,baixa,2,historico feriado (poucos dados),3.0
I17JC061031,9,,feriado,0.0,0.0,0.01,0.0,0.0,normal,normal,baixa,2,historico feriado (poucos dados),3.0
I17JC061031,10,,feriado,0.0,0.0,0.01,0.0,0.0,normal,normal,baixa,2,historico feriado (poucos dados),3.0
I17JC061031,11,,feriado,0.0,0.0,0.01,0.0,0.0,normal,normal,baixa,3,historico feriado (poucos dados),3.0
I17JC061031,12,,feriado,0.0,0.0,0.01,0.0,0.0,normal,normal,baixa,3,historico feriado (poucos dados),3.0
I17JC061031,13,,feriado,0.0,0.0,0.01,0.0,0.0,normal,normal,baixa,3,historico feriado (poucos dados),3.0
I17JC061031,14,,feriado,0.0,0.0,0.01,0.0,0.0,normal,normal,baixa,3,historico feriado (poucos dados),3.0
I17JC061031,15,,feriado,0.0,0.0,0.01,0.0,0.0,normal,normal,baixa,3,historico feriado (poucos dados),3.0
I17JC061031,16,,feriado,0.0,0.0,0.01,0.0,0.0,normal,normal,baixa,3,historico feriado (poucos dados),3.0
I17JC061031,17,,feriado,0.0,0.0,0.01,0.0,0.0,normal,normal,baixa,3,historico feriado (poucos dados),3.0
I17JC061031,18,,feriado,0.0,0.0,0.01,0.0,0.0,normal,normal,baixa,3,historico feriado (poucos dados),3.0
I17JC061031,19,,feriado,0.0,0.0,0.01,0.0,0.0,normal,normal,baixa,2,historico feriado (poucos dados),3.0
I17JC061031,20,,feriado,0.0,0.0,0.01,0.0,0.0,normal,normal,baixa,2,historico feriado (poucos dados),3.0
I17JC061031,21,,feriado,0.0,0.0,0.01,0.0,0.0,normal,normal,baixa,2,historico feriado (poucos dados),3.0
I17JC061031,22,,feriado,0.0,0.0,0.01,0.0,0.0,normal,normal,baixa,2,historico feriado (poucos dados),3.0
I17JC061031,23,,feriado,0.0,0.0,0.01,0.0,0.0,normal,normal,baixa,3,historico feriado (poucos dados),3.0
I17JC061038,0,,feriado,0.0,0.0,0.01,0.0,0.0,normal,normal,baixa,19,fallback (30d recentes),3.0
I17JC061038,1,,feriado,0.0,0.0,0.01,0.0,0.0,normal,normal,baixa,19,fallback (30d recentes),3.0
I17JC061038,2,,feriado,0.0,0.0,0.01,0.0,0.0,normal,normal,baixa,19,fallback (30d recentes),3.0
I17JC061038,3,,feriado,0.0,0.0,0.01,0.0,0.0,normal,normal,baixa,3,historico feriado (poucos dados),3.0
I17JC061038,4,,feriado,0.0,0.0,0.01,0.0,0.0,normal,normal,baixa,3,historico feriado (poucos dados),3.0
I17JC061038,5,,feriado,0.0,0.0,0.01,0.0,0.0,normal,normal,baixa,3,historico feriado (poucos dados),3.0
I17JC061038,6,,feriado,0.0,0.0,0.01,0.0,0.0,normal,normal,baixa,3,historico feriado (poucos dados),3.0
I17JC061038,7,,feriado,0.0,0.0,0.01,0.0,0.0,normal,normal,baixa,3,historico feriado (poucos dados),3.0
I17JC061038,8,,feriado,0.0,0.0,0.01,0.0,0.0,normal,normal,baixa,3,historico feriado (poucos dados),3.0
I17JC061038,9,,feriado,0.0,0.0,0.01,0.0,0.0,normal,normal,baixa,3,historico feriado (poucos dados),3.0
I17JC061038,10,,feriado,0.0,0.0,0.01,0.0,0.0,normal,normal,baixa,3,historico feriado (poucos dados),3.0
I17JC061038,11,,feriado,0.0,0.0,0.01,0.0,0.0,normal,normal,baixa,2,historico feriado (poucos dados),3.0
I17JC061038,12,,feriado,0.0,0.0,0.01,0.0,0.0,normal,normal,baixa,3,historico feriado (poucos dados),3.0
I17JC061038,13,,feriado,0.0,0.0,0.01,0.0,0.0,normal,normal,baixa,3,historico feriado (poucos dados),3.0
I17JC061038,14,,feriado,0.0,0.0,0.01,0.0,0.0,normal,normal,baixa,3,historico feriado (poucos dados),3.0
I17JC061038,19,,feriado,0.0,0.0,0.01,0.0,0.0,normal,normal,baixa,2,historico feriado (poucos dados),3.0
I17JC061038,20,,feriado,0.0,0.0,0.01,0.0,0.0,normal,normal,baixa,2,historico feriado (poucos dados),3.0
I17JC061038,21,,feriado,0.0,0.0,0.01,0.0,0.0,normal,normal,baixa,2,historico feriado (poucos dados),3.0
I17JC061038,22,,feriado,0.0,0.0,0.01,0.0,0.0,normal,normal,baixa,2,historico feriado (poucos dados),3.0
I17JC061038,23,,feriado,0.0,0.0,0.01,0.0,0.0,normal,normal,baixa,2,historico feriado (poucos dados),3.0
I17JE060870R,0,,feriado,0.0,0.0,0.01,0.0,0.0,normal,normal,baixa,3,historico feriado (poucos dados),3.0
I17JE060870R,1,,feriado,0.024,0.0037,0.01,2.03,2.03,normal,normal,baixa,3,historico feriado (poucos dados),3.0
I17JE060870R,2,,feriado,0.0,0.0003,0.01,-0.03,-0.03,normal,normal,baixa,3,historico feriado (poucos dados),3.0
I17JE060870R,3,,feriado,0.001,0.0,0.01,0.1,0.1,normal,normal,baixa,3,historico feriado (poucos dados),3.0
I17JE060870R,4,,feriado,0.0,0.0,0.01,0.0,0.0,normal,normal,baixa,3,historico feriado (poucos dados),3.0
I17JE060870R,5,,feriado,0.0,0.0,0.01,0.0,0.0,normal,normal,baixa,3,historico feriado (poucos dados),3.0
I17JE060870R,6,,feriado,0.0,0.0,0.01,0.0,0.0,normal,normal,baixa,3,historico feriado (poucos dados),3.0
I17JE060870R,7,,feriado,0.0,0.012,0.0208,-0.58,-0.58,normal,normal,baixa,3,historico feriado (poucos dados),3.0
I17JE060870R,8,,feriado,0.0,0.0,0.01,0.0,0.0,normal,normal,baixa,3,historico feriado (poucos dados),3.0
I17JE060870R,9,,feriado,0.0,0.0,0.01,0.0,0.0,normal,normal,baixa,3,historico feriado (poucos dados),3.0
I17JE060870R,10,,feriado,0.02,0.0,0.01,2.0,2.0,normal,normal,baixa,3,historico feriado (poucos dados),3.0
I17JE060870R,11,,feriado,0.0,0.0387,0.067,-0.58,-0.58,normal,normal,baixa,3,historico feriado (poucos dados),3.0
I17JE060870R,12,,feriado,0.0,0.0,0.01,0.0,0.0,normal,normal,baixa,3,historico feriado (poucos dados),3.0
I17JE060870R,13,,feriado,0.01,0.0,0.01,1.0,1.0,normal,normal,baixa,3,historico feriado (poucos dados),3.0
I17JE060870R,14,,feriado,0.0,0.0,0.01,0.0,0.0,normal,normal,baixa,3,historico feriado (poucos dados),3.0
I17JE060870R,15,,feriado,0.0,0.0,0.01,0.0,0.0,normal,normal,baixa,3,historico feriado (poucos dados),3.0
I17JE060870R,16,,feriado,0.016,0.0,0.01,1.6,1.6,normal,normal,baixa,3,historico feriado (poucos dados),3.0
I17JE060870R,17,,feriado,0.047,0.0,0.01,4.7,4.7,desvio,acima,baixa,3,historico feriado (poucos dados),3.0
I17JE060870R,18,,feriado,0.0,0.0,0.01,0.0,0.0,normal,normal,baixa,3,historico feriado (poucos dados),3.0
I17JE060870R,19,,feriado,0.0,0.0,0.01,0.0,0.0,normal,normal,baixa,3,historico feriado (poucos dados),3.0
I17JE060870R,20,,feriado,0.036,0.0,0.01,3.6,3.6,desvio,acima,baixa,3,historico feriado (poucos dados),3.0
I17JE060870R,21,,feriado,0.007,0.0003,0.01,0.67,0.67,normal,normal,baixa,3,historico feriado (poucos dados),3.0
I17JE060870R,22,,feriado,0.0,0.0,0.01,0.0,0.0,normal,normal,baixa,3,historico feriado (poucos dados),3.0
I17JE060870R,23,,feriado,0.0,0.006,0.0104,-0.58,-0.58,normal,normal,baixa,3,historico feriado (poucos dados),3.0
I17JE060874,0,,feriado,0.002,0.003,0.01,-0.1,-0.1,normal,normal,baixa,3,historico feriado (poucos dados),3.0
I17JE060874,1,,feriado,0.002,0.0023,0.01,-0.03,-0.03,normal,normal,baixa,3,historico feriado (poucos dados),3.0
I17JE060874,2,,feriado,0.002,0.0023,0.01,-0.03,-0.03,normal,normal,baixa,3,historico feriado (poucos dados),3.0
I17JE060874,3,,feriado,0.002,0.0023,0.01,-0.03,-0.03,normal,normal,baixa,3,historico feriado (poucos dados),3.0
I17JE060874,4,,feriado,0.001,0.0023,0.01,-0.13,-0.13,normal,normal,baixa,3,historico feriado (poucos dados),3.0
I17JE060874,5,,feriado,0.0,0.002,0.01,-0.2,-0.2,normal,normal,baixa,3,historico feriado (poucos dados),3.0
I17JE060874,6,,feriado,0.001,0.0013,0.01,-0.03,-0.03,normal,normal,baixa,3,historico feriado (poucos dados),3.0
I17JE060874,7,,feriado,0.001,0.0013,0.01,-0.03,-0.03,normal,normal,baixa,3,historico feriado (poucos dados),3.0
I17JE060874,8,,feriado,0.002,0.0023,0.01,-0.03,-0.03,normal,normal,baixa,3,historico feriado (poucos dados),3.0
I17JE060874,9,,feriado,0.002,0.0033,0.01,-0.13,-0.13,normal,normal,baixa,3,historico feriado (poucos dados),3.0
I17JE060874,10,,feriado,0.002,0.003,0.01,-0.1,-0.1,normal,normal,baixa,3,historico feriado (poucos dados),3.0
I17JE060874,11,,feriado,0.003,0.002,0.01,0.1,0.1,normal,normal,baixa,2,historico feriado (poucos dados),3.0
I17JE060874,12,,feriado,0.002,0.003,0.01,-0.1,-0.1,normal,normal,baixa,2,historico feriado (poucos dados),3.0
I17JE060874,13,,feriado,0.003,0.004,0.01,-0.1,-0.1,normal,normal,baixa,2,historico feriado (poucos dados),3.0
I17JE060874,14,,feriado,0.002,0.003,0.01,-0.1,-0.1,normal,normal,baixa,2,historico feriado (poucos dados),3.0
I17JE060874,15,,feriado,0.003,0.009,0.0104,-0.58,-0.58,normal,normal,baixa,3,historico feriado (poucos dados),3.0
I17JE060874,16,,feriado,0.003,0.0033,0.01,-0.03,-0.03,normal,normal,baixa,3,historico feriado (poucos dados),3.0
I17JE060874,17,,feriado,0.002,0.003,0.01,-0.1,-0.1,normal,normal,baixa,3,historico feriado (poucos dados),3.0
I17JE060874,18,,feriado,0.003,0.003,0.01,-0.0,-0.0,normal,normal,baixa,3,historico feriado (poucos dados),3.0
I17JE060874,19,,feriado,0.002,0.0033,0.01,-0.13,-0.13,normal,normal,baixa,3,historico feriado (poucos dados),3.0
I17JE060874,20,,feriado,0.003,0.003,0.01,-0.0,-0.0,normal,normal,baixa,3,historico feriado (poucos dados),3.0
I17JE060874,21,,feriado,0.003,0.0037,0.01,-0.07,-0.07,normal,normal,baixa,3,historico feriado (poucos dados),3.0
I17JE060874,22,,feriado,0.003,0.0033,0.01,-0.03,-0.03,normal,normal,baixa,3,historico feriado (poucos dados),3.0
I17JE060874,23,,feriado,0.003,0.0037,0.01,-0.07,-0.07,normal,normal,baixa,3,historico feriado (poucos dados),3.0
I17JE060876,0,,feriado,0.009,0.0083,0.01,0.07,0.07,normal,normal,baixa,3,historico feriado (poucos dados),3.0
I17JE060876,1,,feriado,0.01,0.009,0.01,0.1,0.1,normal,normal,baixa,3,historico feriado (poucos dados),3.0
I17JE060876,2,,feriado,0.01,0.0083,0.01,0.17,0.17,normal,normal,baixa,3,historico feriado (poucos dados),3.0
I17JE060876,3,,feriado,0.009,0.0087,0.01,0.03,0.03,normal,normal,baixa,3,historico feriado (poucos dados),3.0
I17JE060876,4,,feriado,0.01,0.009,0.01,0.1,0.1,normal,normal,baixa,3,historico feriado (poucos dados),3.0
I17JE060876,5,,feriado,0.01,0.0083,0.01,0.17,0.17,normal,normal,baixa,3,historico feriado (poucos dados),3.0
I17JE060876,6,,feriado,0.01,0.009,0.01,0.1,0.1,normal,normal,baixa,3,historico feriado (poucos dados),3.0
I17JE060876,7,,feriado,0.011,0.009,0.01,0.2,0.2,normal,normal,baixa,3,historico feriado (poucos dados),3.0
I17JE060876,8,,feriado,0.01,0.0093,0.01,0.07,0.07,normal,normal,baixa,3,historico feriado (poucos dados),3.0
I17JE060876,9,,feriado,0.01,0.009,0.01,0.1,0.1,normal,normal,baixa,3,historico feriado (poucos dados),3.0
I17JE060876,10,,feriado,0.01,0.0093,0.01,0.07,0.07,normal,normal,baixa,3,historico feriado (poucos dados),3.0
I17JE060876,11,,feriado,0.01,0.0097,0.01,0.03,0.03,normal,normal,baixa,3,historico feriado (poucos dados),3.0
I17JE060876,12,,feriado,0.01,0.009,0.01,0.1,0.1,normal,normal,baixa,3,historico feriado (poucos dados),3.0
I17JE060876,13,,feriado,0.01,0.009,0.01,0.1,0.1,normal,normal,baixa,3,historico feriado (poucos dados),3.0
I17JE060876,14,,feriado,0.01,0.0087,0.01,0.13,0.13,normal,normal,baixa,3,historico feriado (poucos dados),3.0
I17JE060876,15,,feriado,0.01,0.009,0.01,0.1,0.1,normal,normal,baixa,3,historico feriado (poucos dados),3.0
I17JE060876,16,,feriado,0.01,0.009,0.01,0.1,0.1,normal,normal,baixa,3,historico feriado (poucos dados),3.0
I17JE060876,17,,feriado,0.01,0.009,0.01,0.1,0.1,normal,normal,baixa,3,historico feriado (poucos dados),3.0
I17JE060876,18,,feriado,0.01,0.0087,0.01,0.13,0.13,normal,normal,baixa,3,historico feriado (poucos dados),3.0
I17JE060876,19,,feriado,0.01,0.0087,0.01,0.13,0.13,normal,normal,baixa,3,historico feriado (poucos dados),3.0
I17JE060876,20,,feriado,0.01,0.009,0.01,0.1,0.1,normal,normal,baixa,3,historico feriado (poucos dados),3.0
I17JE060876,21,,feriado,0.01,0.009,0.01,0.1,0.1,normal,normal,baixa,3,historico feriado (poucos dados),3.0
I17JE060876,22,,feriado,0.01,0.009,0.01,0.1,0.1,normal,normal,baixa,3,historico feriado (poucos dados),3.0
I17JE060876,23,,feriado,0.009,0.009,0.01,-0.0,-0.0,normal,normal,baixa,3,historico feriado (poucos dados),3.0
I17JE060878,0,,feriado,0.0,0.0,0.01,0.0,0.0,normal,normal,baixa,3,historico feriado (poucos dados),3.0
I17JE060878,1,,feriado,0.0,0.0,0.01,0.0,0.0,normal,normal,baixa,3,historico feriado (poucos dados),3.0
I17JE060878,2,,feriado,0.0,0.0,0.01,0.0,0.0,normal,normal,baixa,3,historico feriado (poucos dados),3.0
I17JE060878,3,,feriado,0.0,0.0,0.01,0.0,0.0,normal,normal,baixa,3,historico feriado (poucos dados),3.0
I17JE060878,4,,feriado,0.0,0.0,0.01,0.0,0.0,normal,normal,baixa,3,historico feriado (poucos dados),3.0
I17JE060878,5,,feriado,0.0,0.0,0.01,0.0,0.0,normal,normal,baixa,3,historico feriado (poucos dados),3.0
I17JE060878,6,,feriado,0.0,0.0,0.01,0.0,0.0,normal,normal,baixa,3,historico feriado (poucos dados),3.0
I17JE060878,7,,feriado,0.0,0.0,0.01,0.0,0.0,normal,normal,baixa,3,historico feriado (poucos dados),3.0
I17JE060878,8,,feriado,0.0,0.0,0.01,0.0,0.0,normal,normal,baixa,3,historico feriado (poucos dados),3.0
I17JE060878,9,,feriado,0.0,0.0,0.01,0.0,0.0,normal,normal,baixa,3,historico feriado (poucos dados),3.0
I17JE060878,10,,feriado,0.0,0.0,0.01,0.0,0.0,normal,normal,baixa,3,historico feriado (poucos dados),3.0
I17JE060878,11,,feriado,0.0,0.0,0.01,0.0,0.0,normal,normal,baixa,3,historico feriado (poucos dados),3.0
I17JE060878,12,,feriado,0.0,0.0,0.01,0.0,0.0,normal,normal,baixa,3,historico feriado (poucos dados),3.0
I17JE060878,13,,feriado,0.0,0.0,0.01,0.0,0.0,normal,normal,baixa,3,historico feriado (poucos dados),3.0
I17JE060878,14,,feriado,0.0,0.0,0.01,0.0,0.0,normal,normal,baixa,3,historico feriado (poucos dados),3.0
I17JE060878,15,,feriado,0.0,0.0,0.01,0.0,0.0,normal,normal,baixa,3,historico feriado (poucos dados),3.0
I17JE060878,16,,feriado,0.0,0.0,0.01,0.0,0.0,normal,normal,baixa,3,historico feriado (poucos dados),3.0
I17JE060878,17,,feriado,0.0,0.0,0.01,0.0,0.0,normal,normal,baixa,3,historico feriado (poucos dados),3.0
I17JE060878,18,,feriado,0.0,0.0,0.01,0.0,0.0,normal,normal,baixa,3,historico feriado (poucos dados),3.0
I17JE060878,19,,feriado,0.0,0.0,0.01,0.0,0.0,normal,normal,baixa,3,historico feriado (poucos dados),3.0
I17JE060878,20,,feriado,0.0,0.0,0.01,0.0,0.0,normal,normal,baixa,3,historico feriado (poucos dados),3.0
I17JE060878,21,,feriado,0.0,0.0,0.01,0.0,0.0,normal,normal,baixa,3,historico feriado (poucos dados),3.0
I17JE060878,22,,feriado,0.0,0.0,0.01,0.0,0.0,normal,normal,baixa,3,historico feriado (poucos dados),3.0
I17JE060878,23,,feriado,0.0,0.0,0.01,0.0,0.0,normal,normal,baixa,3,historico feriado (poucos dados),3.0
I17JE060879,0,,feriado,0.033,0.0,0.01,3.3,3.3,desvio,acima,baixa,2,historico feriado (poucos dados),3.0
I17JE096910V,0,,feriado,0.0,0.0,0.01,0.0,0.0,normal,normal,baixa,15,fallback (30d recentes),3.0
I17JE096912X,0,,feriado,0.0,0.0,0.01,0.0,0.0,normal,normal,baixa,2,historico feriado (poucos dados),3.0
I17JE096912X,1,,feriado,0.0,0.0,0.01,0.0,0.0,normal,normal,baixa,3,historico feriado (poucos dados),3.0
I17JE096912X,2,,feriado,0.0,0.0,0.01,0.0,0.0,normal,normal,baixa,3,historico feriado (poucos dados),3.0
I17JE096912X,3,,feriado,0.0,0.0,0.01,0.0,0.0,normal,normal,baixa,3,historico feriado (poucos dados),3.0
I17JE096912X,4,,feriado,0.0,0.0,0.01,0.0,0.0,normal,normal,baixa,3,historico feriado (poucos dados),3.0
I17JE096912X,5,,feriado,0.0,0.0,0.01,0.0,0.0,normal,normal,baixa,3,historico feriado (poucos dados),3.0
I17JE096912X,6,,feriado,0.0,0.0,0.01,0.0,0.0,normal,normal,baixa,3,historico feriado (poucos dados),3.0
I17JE096912X,7,,feriado,0.0,0.0,0.01,0.0,0.0,normal,normal,baixa,3,historico feriado (poucos dados),3.0
I17JE096912X,8,,feriado,0.0,0.0,0.01,0.0,0.0,normal,normal,baixa,3,historico feriado (poucos dados),3.0
I17JE096912X,9,,feriado,0.0,0.0,0.01,0.0,0.0,normal,normal,baixa,3,historico feriado (poucos dados),3.0
I17JE096912X,10,,feriado,0.0,0.0,0.01,0.0,0.0,normal,normal,baixa,3,historico feriado (poucos dados),3.0
I17JE096912X,11,,feriado,0.0,0.0,0.01,0.0,0.0,normal,normal,baixa,3,historico feriado (poucos dados),3.0
I17JE096912X,12,,feriado,0.0,0.0,0.01,0.0,0.0,normal,normal,baixa,3,historico feriado (poucos dados),3.0
I17JE096912X,14,,feriado,0.0,0.0,0.01,0.0,0.0,normal,normal,baixa,3,historico feriado (poucos dados),3.0
I17JE096912X,15,,feriado,0.0,0.0,0.01,0.0,0.0,normal,normal,baixa,3,historico feriado (poucos dados),3.0
I17JE096912X,16,,feriado,0.0,0.0,0.01,0.0,0.0,normal,normal,baixa,3,historico feriado (poucos dados),3.0
I17JE096912X,17,,feriado,0.0,0.0,0.01,0.0,0.0,normal,normal,baixa,2,historico feriado (poucos dados),3.0
I17JE096912X,18,,feriado,0.0,0.0,0.01,0.0,0.0,normal,normal,baixa,2,historico feriado (poucos dados),3.0
I17JE096912X,19,,feriado,0.0,0.0,0.01,0.0,0.0,normal,normal,baixa,2,historico feriado (poucos dados),3.0
I17JE096912X,20,,feriado,0.0,0.0,0.01,0.0,0.0,normal,normal,baixa,2,historico feriado (poucos dados),3.0
I17JE096912X,21,,feriado,0.0,0.0,0.01,0.0,0.0,normal,normal,baixa,2,historico feriado (poucos dados),3.0
I17JE096912X,22,,feriado,0.0,0.0,0.01,0.0,0.0,normal,normal,baixa,3,historico feriado (poucos dados),3.0
I17JE096912X,23,,feriado,0.0,0.0,0.01,0.0,0.0,normal,normal,baixa,3,historico feriado (poucos dados),3.0
I17JE096914,0,,feriado,0.0,0.0,0.01,0.0,0.0,normal,normal,baixa,2,historico feriado (poucos dados),3.0
I17JE096914,1,,feriado,0.0,0.0003,0.01,-0.03,-0.03,normal,normal,baixa,3,historico feriado (poucos dados),3.0
I17JE096914,2,,feriado,0.0,0.0,0.01,0.0,0.0,normal,normal,baixa,3,historico feriado (poucos dados),3.0
I17JE096914,3,,feriado,0.0,0.0,0.01,0.0,0.0,normal,normal,baixa,3,historico feriado (poucos dados),3.0
I17JE096914,4,,feriado,0.001,0.0,0.01,0.1,0.1,normal,normal,baixa,3,historico feriado (poucos dados),3.0
I17JE096914,5,,feriado,0.0,0.0003,0.01,-0.03,-0.03,normal,normal,baixa,3,historico feriado (poucos dados),3.0
I17JE096914,6,,feriado,0.0,0.0,0.01,0.0,0.0,normal,normal,baixa,3,historico feriado (poucos dados),3.0
I17JE096914,7,,feriado,0.0,0.0,0.01,0.0,0.0,normal,normal,baixa,3,historico feriado (poucos dados),3.0
I17JE096914,8,,feriado,0.0,0.0003,0.01,-0.03,-0.03,normal,normal,baixa,3,historico feriado (poucos dados),3.0
I17JE096914,9,,feriado,0.0,0.0,0.01,0.0,0.0,normal,normal,baixa,3,historico feriado (poucos dados),3.0
I17JE096914,10,,feriado,0.0,0.0,0.01,0.0,0.0,normal,normal,baixa,3,historico feriado (poucos dados),3.0
I17JE096914,11,,feriado,0.0,0.0003,0.01,-0.03,-0.03,normal,normal,baixa,3,historico feriado (poucos dados),3.0
I17JE096914,12,,feriado,0.001,0.0,0.01,0.1,0.1,normal,normal,baixa,3,historico feriado (poucos dados),3.0
I17JE096914,13,,feriado,0.0,0.0,0.01,0.0,0.0,normal,normal,baixa,3,historico feriado (poucos dados),3.0
I17JE096914,14,,feriado,0.0,0.0,0.01,0.0,0.0,normal,normal,baixa,3,historico feriado (poucos dados),3.0
I17JE096914,15,,feriado,0.0,0.0,0.01,0.0,0.0,normal,normal,baixa,3,historico feriado (poucos dados),3.0
I17JE096914,16,,feriado,0.0,0.0003,0.01,-0.03,-0.03,normal,normal,baixa,3,historico feriado (poucos dados),3.0
I17JE096914,17,,feriado,0.0,0.0007,0.01,-0.07,-0.07,normal,normal,baixa,3,historico feriado (poucos dados),3.0
I17JE096914,18,,feriado,0.0,0.0,0.01,0.0,0.0,normal,normal,baixa,3,historico feriado (poucos dados),3.0
I17JE096914,19,,feriado,0.001,0.0,0.01,0.1,0.1,normal,normal,baixa,3,historico feriado (poucos dados),3.0
I17JE096914,20,,feriado,0.0,0.0,0.01,0.0,0.0,normal,normal,baixa,3,historico feriado (poucos dados),3.0
I17JE096914,21,,feriado,0.0,0.0,0.01,0.0,0.0,normal,normal,baixa,3,historico feriado (poucos dados),3.0
I17JE096914,22,,feriado,0.0,0.0,0.01,0.0,0.0,normal,normal,baixa,3,historico feriado (poucos dados),3.0
I17JE096914,23,,feriado,0.0,0.0003,0.01,-0.03,-0.03,normal,normal,baixa,3,historico feriado (poucos dados),3.0
I18JC059402,0,,feriado,0.0,0.0,0.01,0.0,0.0,normal,normal,baixa,2,historico feriado (poucos dados),3.0
I18JC059402,1,,feriado,0.0,0.0,0.01,0.0,0.0,normal,normal,baixa,2,historico feriado (poucos dados),3.0
I18JC059402,2,,feriado,0.0,0.0,0.01,0.0,0.0,normal,normal,baixa,3,historico feriado (poucos dados),3.0
I18JC059402,3,,feriado,0.0,0.0,0.01,0.0,0.0,normal,normal,baixa,3,historico feriado (poucos dados),3.0
I18JC059402,4,,feriado,0.0,0.0,0.01,0.0,0.0,normal,normal,baixa,3,historico feriado (poucos dados),3.0
I18JC059402,5,,feriado,0.0,0.0,0.01,0.0,0.0,normal,normal,baixa,3,historico feriado (poucos dados),3.0
I18JC059402,6,,feriado,0.0,0.0,0.01,0.0,0.0,normal,normal,baixa,3,historico feriado (poucos dados),3.0
I18JC059402,7,,feriado,0.0,0.0,0.01,0.0,0.0,normal,normal,baixa,3,historico feriado (poucos dados),3.0
I18JC059402,8,,feriado,0.0,0.0,0.01,0.0,0.0,normal,normal,baixa,3,historico feriado (poucos dados),3.0
I18JC059402,9,,feriado,0.0,0.0,0.01,0.0,0.0,normal,normal,baixa,3,historico feriado (poucos dados),3.0
I18JC059402,10,,feriado,0.0,0.0,0.01,0.0,0.0,normal,normal,baixa,3,historico feriado (poucos dados),3.0
I18JC059402,11,,feriado,0.0,0.0,0.01,0.0,0.0,normal,normal,baixa,3,historico feriado (poucos dados),3.0
I18JC059402,12,,feriado,0.0,0.0,0.01,0.0,0.0,normal,normal,baixa,3,historico feriado (poucos dados),3.0
I18JC059402,13,,feriado,0.0,0.0,0.01,0.0,0.0,normal,normal,baixa,3,historico feriado (poucos dados),3.0
I18JC059402,14,,feriado,0.0,0.0,0.01,0.0,0.0,normal,normal,baixa,2,historico feriado (poucos dados),3.0
I18JC059402,15,,feriado,0.0,0.0,0.01,0.0,0.0,normal,normal,baixa,2,historico feriado (poucos dados),3.0
I18JC059402,16,,feriado,0.0,0.0,0.01,0.0,0.0,normal,normal,baixa,2,historico feriado (poucos dados),3.0
I18JC059402,17,,feriado,0.0,0.0,0.01,0.0,0.0,normal,normal,baixa,2,historico feriado (poucos dados),3.0
I18JC059402,18,,feriado,0.0,0.0,0.01,0.0,0.0,normal,normal,baixa,3,historico feriado (poucos dados),3.0
I18JC059402,19,,feriado,0.0,0.0,0.01,0.0,0.0,normal,normal,baixa,3,historico feriado (poucos dados),3.0
I18JC059402,20,,feriado,0.0,0.0,0.01,0.0,0.0,normal,normal,baixa,3,historico feriado (poucos dados),3.0
I18JC059402,21,,feriado,0.0,0.0,0.01,0.0,0.0,normal,normal,baixa,3,historico feriado (poucos dados),3.0
I18JC059402,22,,feriado,0.0,0.0,0.01,0.0,0.0,normal,normal,baixa,3,historico feriado (poucos dados),3.0
I18JC059402,23,,feriado,0.0,0.0,0.01,0.0,0.0,normal,normal,baixa,3,historico feriado (poucos dados),3.0
I18JC067674,4,,feriado,0.0,0.0,0.01,0.0,0.0,normal,normal,baixa,3,historico feriado (poucos dados),3.0
I18JC067674,5,,feriado,0.0,0.0,0.01,0.0,0.0,normal,normal,baixa,3,historico feriado (poucos dados),3.0
I18JC067674,6,,feriado,0.0,0.0,0.01,0.0,0.0,normal,normal,baixa,3,historico feriado (poucos dados),3.0
I18JC067674,7,,feriado,0.0,0.0,0.01,0.0,0.0,normal,normal,baixa,3,historico feriado (poucos dados),3.0
I18JC067674,8,,feriado,0.0,0.0,0.01,0.0,0.0,normal,normal,baixa,23,fallback (30d recentes),3.0
I18JC067674,9,,feriado,0.0,0.0,0.01,0.0,0.0,normal,normal,baixa,23,fallback (30d recentes),3.0
I18JC067674,10,,feriado,0.0,0.0,0.01,0.0,0.0,normal,normal,baixa,23,fallback (30d recentes),3.0
I18JC067674,11,,feriado,0.0,0.0,0.01,0.0,0.0,normal,normal,baixa,23,fallback (30d recentes),3.0
I18JC067674,12,,feriado,0.0,0.0,0.01,0.0,0.0,normal,normal,baixa,2,historico feriado (poucos dados),3.0
I18JC067674,13,,feriado,0.0,0.0,0.01,0.0,0.0,normal,normal,baixa,2,historico feriado (poucos dados),3.0
I18JC067674,14,,feriado,0.0,0.0,0.01,0.0,0.0,normal,normal,baixa,2,historico feriado (poucos dados),3.0
I18JC067674,15,,feriado,0.0,0.0,0.01,0.0,0.0,normal,normal,baixa,2,historico feriado (poucos dados),3.0
I18JC067674,16,,feriado,0.0,0.0,0.01,0.0,0.0,normal,normal,baixa,24,fallback (30d recentes),3.0
I18JC067674,17,,feriado,0.0,0.0,0.01,0.0,0.0,normal,normal,baixa,24,fallback (30d recentes),3.0
I18JC067674,18,,feriado,0.0,0.0,0.01,0.0,0.0,normal,normal,baixa,24,fallback (30d recentes),3.0
I18JC067674,19,,feriado,0.0,0.0,0.01,0.0,0.0,normal,normal,baixa,24,fallback (30d recentes),3.0
I18JC067674,20,,feriado,0.0,0.0,0.01,0.0,0.0,normal,normal,baixa,2,historico feriado (poucos dados),3.0
I18JC067674,21,,feriado,0.0,0.0,0.01,0.0,0.0,normal,normal,baixa,2,historico feriado (poucos dados),3.0
I18JC067674,22,,feriado,0.0,0.0,0.01,0.0,0.0,normal,normal,baixa,2,historico feriado (poucos dados),3.0
I18JC067674,23,,feriado,0.0,0.0,0.01,0.0,0.0,normal,normal,baixa,2,historico feriado (poucos dados),3.0
I18JC067687,6,,feriado,0.0,0.0,0.01,0.0,0.0,normal,normal,baixa,18,fallback (30d recentes),3.0
I18JC067687,7,,feriado,0.0,0.0,0.01,0.0,0.0,normal,normal,baixa,18,fallback (30d recentes),3.0
I18JC067687,8,,feriado,0.0,0.0,0.01,0.0,0.0,normal,normal,baixa,18,fallback (30d recentes),3.0
I18JC067687,9,,feriado,0.142,0.0078,0.0332,4.04,4.04,desvio,acima,baixa,18,fallback (30d recentes),3.0
I18JC067687,10,,feriado,0.071,0.0,0.01,7.1,7.1,desvio,acima,baixa,2,historico feriado (poucos dados),3.0
I18JC067687,11,,feriado,0.117,0.0,0.01,10.0,11.7,desvio,acima,baixa,2,historico feriado (poucos dados),3.0
I18JC067687,12,,feriado,0.081,0.0,0.01,8.1,8.1,desvio,acima,baixa,2,historico feriado (poucos dados),3.0
I18JC067687,13,,feriado,0.109,0.0,0.01,10.0,10.9,desvio,acima,baixa,2,historico feriado (poucos dados),3.0
I18JC067687,14,,feriado,0.228,0.0,0.01,10.0,22.8,desvio,acima,baixa,2,historico feriado (poucos dados),3.0
I18JC067687,15,,feriado,0.188,0.0,0.01,10.0,18.8,desvio,acima,baixa,2,historico feriado (poucos dados),3.0
I18JC067687,16,,feriado,0.125,0.0,0.01,10.0,12.5,desvio,acima,baixa,2,historico feriado (poucos dados),3.0
I18JC067687,17,,feriado,0.197,0.0,0.01,10.0,19.7,desvio,acima,baixa,2,historico feriado (poucos dados),3.0
I18JC067698,0,,feriado,0.0,0.0,0.01,0.0,0.0,normal,normal,baixa,2,historico feriado (poucos dados),3.0
I18JC067698,1,,feriado,0.0,0.0,0.01,0.0,0.0,normal,normal,baixa,2,historico feriado (poucos dados),3.0
I18JC067698,2,,feriado,0.0,0.0,0.01,0.0,0.0,normal,normal,baixa,2,historico feriado (poucos dados),3.0
I18JC067698,3,,feriado,0.0,0.0,0.01,0.0,0.0,normal,normal,baixa,2,historico feriado (poucos dados),3.0
I18JC067698,8,,feriado,0.0,0.0,0.01,0.0,0.0,normal,normal,baixa,3,historico feriado (poucos dados),3.0
I18JC067698,9,,feriado,0.0,0.0,0.01,0.0,0.0,normal,normal,baixa,3,historico feriado (poucos dados),3.0
I18JC067698,10,,feriado,0.0,0.0,0.01,0.0,0.0,normal,normal,baixa,3,historico feriado (poucos dados),3.0
I18JC067698,11,,feriado,0.0,0.0,0.01,0.0,0.0,normal,normal,baixa,3,historico feriado (poucos dados),3.0
I18JC067698,12,,feriado,0.0,0.0,0.01,0.0,0.0,normal,normal,baixa,3,historico feriado (poucos dados),3.0
I18JC067698,13,,feriado,0.0,0.0,0.01,0.0,0.0,normal,normal,baixa,3,historico feriado (poucos dados),3.0
I18JC067698,14,,feriado,0.0,0.0,0.01,0.0,0.0,normal,normal,baixa,3,historico feriado (poucos dados),3.0
I18JC067698,15,,feriado,0.0,0.0,0.01,0.0,0.0,normal,normal,baixa,3,historico feriado (poucos dados),3.0
I18JC067698,16,,feriado,0.0,0.0,0.01,0.0,0.0,normal,normal,baixa,3,historico feriado (poucos dados),3.0
I18JC067698,17,,feriado,0.0,0.0,0.01,0.0,0.0,normal,normal,baixa,3,historico feriado (poucos dados),3.0
I18JC067698,18,,feriado,0.0,0.0,0.01,0.0,0.0,normal,normal,baixa,3,historico feriado (poucos dados),3.0
I18JC067698,19,,feriado,0.0,0.0,0.01,0.0,0.0,normal,normal,baixa,3,historico feriado (poucos dados),3.0
I18JC067698,20,,feriado,0.0,0.0,0.01,0.0,0.0,normal,normal,baixa,3,historico feriado (poucos dados),3.0
I18JC067698,21,,feriado,0.0,0.0,0.01,0.0,0.0,normal,normal,baixa,3,historico feriado (poucos dados),3.0
I18JC067698,22,,feriado,0.0,0.0,0.01,0.0,0.0,normal,normal,baixa,3,historico feriado (poucos dados),3.0
I18JC067698,23,,feriado,0.0,0.0,0.01,0.0,0.0,normal,normal,baixa,3,historico feriado (poucos dados),3.0
I18JC080663,0,,feriado,0.0,0.0,0.01,0.0,0.0,normal,normal,baixa,3,historico feriado (poucos dados),3.0
I18JC080663,1,,feriado,0.0,0.0,0.01,0.0,0.0,normal,normal,baixa,3,historico feriado (poucos dados),3.0
I18JC080663,2,,feriado,0.0,0.0,0.01,0.0,0.0,normal,normal,baixa,3,historico feriado (poucos dados),3.0
I18JC080663,3,,feriado,0.0,0.0,0.01,0.0,0.0,normal,normal,baixa,3,historico feriado (poucos dados),3.0
I18JC080663,4,,feriado,0.0,0.0,0.01,0.0,0.0,normal,normal,baixa,3,historico feriado (poucos dados),3.0
I18JC080663,5,,feriado,0.0,0.0,0.01,0.0,0.0,normal,normal,baixa,3,historico feriado (poucos dados),3.0
I18JC080663,6,,feriado,0.0,0.0,0.01,0.0,0.0,normal,normal,baixa,2,historico feriado (poucos dados),3.0
I18JC080663,7,,feriado,0.0,0.0,0.01,0.0,0.0,normal,normal,baixa,2,historico feriado (poucos dados),3.0
I18JC080663,8,,feriado,0.0,0.0,0.01,0.0,0.0,normal,normal,baixa,2,historico feriado (poucos dados),3.0
I18JC080663,9,,feriado,0.0,0.0,0.01,0.0,0.0,normal,normal,baixa,2,historico feriado (poucos dados),3.0
I18JC080663,10,,feriado,0.0,0.0,0.01,0.0,0.0,normal,normal,baixa,3,historico feriado (poucos dados),3.0
I18JC080663,11,,feriado,0.0,0.0,0.01,0.0,0.0,normal,normal,baixa,3,historico feriado (poucos dados),3.0
I18JC080663,12,,feriado,0.0,0.0,0.01,0.0,0.0,normal,normal,baixa,3,historico feriado (poucos dados),3.0
I18JC080663,13,,feriado,0.0,0.0,0.01,0.0,0.0,normal,normal,baixa,3,historico feriado (poucos dados),3.0
I18JC080663,14,,feriado,0.0,0.0,0.01,0.0,0.0,normal,normal,baixa,3,historico feriado (poucos dados),3.0
I18JC080663,15,,feriado,0.0,0.0,0.01,0.0,0.0,normal,normal,baixa,3,historico feriado (poucos dados),3.0
I18JC080663,16,,feriado,0.0,0.0,0.01,0.0,0.0,normal,normal,baixa,3,historico feriado (poucos dados),3.0
I18JC080663,17,,feriado,0.0,0.0,0.01,0.0,0.0,normal,normal,baixa,3,historico feriado (poucos dados),3.0
I18JC080663,18,,feriado,0.0,0.0,0.01,0.0,0.0,normal,normal,baixa,3,historico feriado (poucos dados),3.0
I18JC080663,19,,feriado,0.0,0.0,0.01,0.0,0.0,normal,normal,baixa,3,historico feriado (poucos dados),3.0
I18JC080663,20,,feriado,0.0,0.0,0.01,0.0,0.0,normal,normal,baixa,3,historico feriado (poucos dados),3.0
I18JC080663,21,,feriado,0.0,0.0,0.01,0.0,0.0,normal,normal,baixa,3,historico feriado (poucos dados),3.0
I18JC080663,22,,feriado,0.0,0.0,0.01,0.0,0.0,normal,normal,baixa,3,historico feriado (poucos dados),3.0
I18JC080663,23,,feriado,0.0,0.0,0.01,0.0,0.0,normal,normal,baixa,3,historico feriado (poucos dados),3.0
I18JE068310,0,,feriado,0.0,0.0,0.01,0.0,0.0,normal,normal,baixa,22,fallback (30d recentes),3.0
I18MF912111K,0,,feriado,0.28,0.265,0.0663,0.23,0.23,normal,normal,baixa,2,historico feriado (poucos dados),3.0
I18MF912111K,1,,feriado,0.27,0.26,0.065,0.15,0.15,normal,normal,baixa,2,historico feriado (poucos dados),3.0
I18MF912111K,2,,feriado,0.25,0.6667,0.7304,-0.57,-0.57,normal,normal,baixa,3,historico feriado (poucos dados),3.0
I18MF912111K,3,,feriado,0.25,0.25,0.0625,0.0,0.0,normal,normal,baixa,3,historico feriado (poucos dados),3.0
I18MF912111K,4,,feriado,0.23,0.2367,0.0592,-0.11,-0.11,normal,normal,baixa,3,historico feriado (poucos dados),3.0
I18MF912111K,5,,feriado,0.24,0.24,0.06,0.0,0.0,normal,normal,baixa,3,historico feriado (poucos dados),3.0
I18MF912111K,6,,feriado,0.22,0.2267,0.0567,-0.12,-0.12,normal,normal,baixa,3,historico feriado (poucos dados),3.0
I18MF912111K,7,,feriado,0.2,0.2133,0.0533,-0.25,-0.25,normal,normal,baixa,3,historico feriado (poucos dados),3.0
I18MF912111K,8,,feriado,0.17,0.1667,0.0493,0.07,0.07,normal,normal,baixa,3,historico feriado (poucos dados),3.0
I18MF912111K,9,,feriado,0.0,0.0467,0.0404,-1.15,-1.15,normal,normal,baixa,3,historico feriado (poucos dados),3.0
I18MF912111K,10,,feriado,0.0,0.0,0.01,0.0,0.0,normal,normal,baixa,2,historico feriado (poucos dados),3.0
I18MF912111K,11,,feriado,0.0,0.0,0.01,0.0,0.0,normal,normal,baixa,2,historico feriado (poucos dados),3.0
I18MF912111K,12,,feriado,0.0,0.065,0.0919,-0.71,-0.71,normal,normal,baixa,2,historico feriado (poucos dados),3.0
I18MF912111K,13,,feriado,0.08,0.155,0.1202,-0.62,-0.62,normal,normal,baixa,2,historico feriado (poucos dados),3.0
I18MF912111K,14,,feriado,0.19,0.33,0.1819,-0.77,-0.77,normal,normal,baixa,3,historico feriado (poucos dados),3.0
I18MF912111K,15,,feriado,0.25,0.2533,0.0633,-0.05,-0.05,normal,normal,baixa,3,historico feriado (poucos dados),3.0
I18MF912111K,16,,feriado,0.27,0.2667,0.0667,0.05,0.05,normal,normal,baixa,3,historico feriado (poucos dados),3.0
I18MF912111K,17,,feriado,0.27,0.2533,0.0633,0.26,0.26,normal,normal,baixa,3,historico feriado (poucos dados),3.0
I18MF912111K,18,,feriado,0.24,0.335,0.1202,-0.79,-0.79,normal,normal,baixa,2,historico feriado (poucos dados),3.0
I18MF912111K,19,,feriado,0.21,0.195,0.0495,0.3,0.3,normal,normal,baixa,2,historico feriado (poucos dados),3.0
I18MF912111K,20,,feriado,0.19,0.17,0.0425,0.47,0.47,normal,normal,baixa,2,historico feriado (poucos dados),3.0
I18MF912111K,21,,feriado,0.21,0.3322,0.1826,-0.67,-0.67,normal,normal,baixa,23,fallback (30d recentes),3.0
I18MF912111K,22,,feriado,0.24,0.48,0.4341,-0.55,-0.55,normal,normal,baixa,3,historico feriado (poucos dados),3.0
I18MF912111K,23,,feriado,0.26,0.2533,0.0633,0.11,0.11,normal,normal,baixa,3,historico feriado (poucos dados),3.0
I18MF914138D,0,,feriado,0.0,0.0,0.01,0.0,0.0,normal,normal,baixa,2,historico feriado (poucos dados),3.0
I18MF914138D,1,,feriado,0.0,0.0,0.01,0.0,0.0,normal,normal,baixa,3,historico feriado (poucos dados),3.0
I18MF914138D,2,,feriado,0.0,0.0,0.01,0.0,0.0,normal,normal,baixa,3,historico feriado (poucos dados),3.0
I18MF914138D,3,,feriado,0.0,0.0,0.01,0.0,0.0,normal,normal,baixa,3,historico feriado (poucos dados),3.0
I18MF914138D,4,,feriado,0.0,0.0,0.01,0.0,0.0,normal,normal,baixa,3,historico feriado (poucos dados),3.0
I18MF914138D,5,,feriado,0.0,0.0,0.01,0.0,0.0,normal,normal,baixa,3,historico feriado (poucos dados),3.0
I18MF914138D,6,,feriado,0.0,0.0,0.01,0.0,0.0,normal,normal,baixa,3,historico feriado (poucos dados),3.0
I18MF914138D,7,,feriado,0.0,0.0,0.01,0.0,0.0,normal,normal,baixa,3,historico feriado (poucos dados),3.0
I18MF914138D,8,,feriado,0.0,0.0,0.01,0.0,0.0,normal,normal,baixa,3,historico feriado (poucos dados),3.0
I18MF914138D,9,,feriado,0.0,0.0,0.01,0.0,0.0,normal,normal,baixa,26,fallback (30d recentes),3.0
I18MF914138D,10,,feriado,0.0,0.0,0.01,0.0,0.0,normal,normal,baixa,26,fallback (30d recentes),3.0
I18MF914138D,11,,feriado,0.0,0.0,0.01,0.0,0.0,normal,normal,baixa,26,fallback (30d recentes),3.0
I18MF914138D,12,,feriado,0.0,0.0,0.01,0.0,0.0,normal,normal,baixa,26,fallback (30d recentes),3.0
I18MF914138D,13,,feriado,0.0,0.0,0.01,0.0,0.0,normal,normal,baixa,3,historico feriado (poucos dados),3.0
I18MF914138D,14,,feriado,0.0,0.0,0.01,0.0,0.0,normal,normal,baixa,3,historico feriado (poucos dados),3.0
I18MF914138D,15,,feriado,0.0,0.0,0.01,0.0,0.0,normal,normal,baixa,3,historico feriado (poucos dados),3.0
I18MF914138D,16,,feriado,0.0,0.0,0.01,0.0,0.0,normal,normal,baixa,3,historico feriado (poucos dados),3.0
I18MF914138D,17,,feriado,0.0,0.0,0.01,0.0,0.0,normal,normal,baixa,3,historico feriado (poucos dados),3.0
I18MF914138D,18,,feriado,0.0,0.0,0.01,0.0,0.0,normal,normal,baixa,3,historico feriado (poucos dados),3.0
I18MF914138D,19,,feriado,0.0,0.0,0.01,0.0,0.0,normal,normal,baixa,3,historico feriado (poucos dados),3.0
I18MF914138D,20,,feriado,0.0,0.0,0.01,0.0,0.0,normal,normal,baixa,3,historico feriado (poucos dados),3.0
I18MF914138D,21,,feriado,0.0,0.0,0.01,0.0,0.0,normal,normal,baixa,3,historico feriado (poucos dados),3.0
I18MF914138D,22,,feriado,0.0,0.0,0.01,0.0,0.0,normal,normal,baixa,3,historico feriado (poucos dados),3.0
I18MF914138D,23,,feriado,0.0,0.0,0.01,0.0,0.0,normal,normal,baixa,3,historico feriado (poucos dados),3.0
I18MF914139E,0,,feriado,0.0,0.0,0.01,0.0,0.0,normal,normal,baixa,3,historico feriado (poucos dados),3.0
I18MF914139E,1,,feriado,0.0,0.0,0.01,0.0,0.0,normal,normal,baixa,3,historico feriado (poucos dados),3.0
I18MF914139E,2,,feriado,0.0,0.0,0.01,0.0,0.0,normal,normal,baixa,3,historico feriado (poucos dados),3.0
I18MF914139E,3,,feriado,0.0,0.0,0.01,0.0,0.0,normal,normal,baixa,3,historico feriado (poucos dados),3.0
I18MF914139E,4,,feriado,0.0,0.0,0.01,0.0,0.0,normal,normal,baixa,3,historico feriado (poucos dados),3.0
I18MF914139E,5,,feriado,0.0,0.0,0.01,0.0,0.0,normal,normal,baixa,3,historico feriado (poucos dados),3.0
I18MF914139E,6,,feriado,0.0,0.0,0.01,0.0,0.0,normal,normal,baixa,3,historico feriado (poucos dados),3.0
I18MF914139E,7,,feriado,0.0,0.0,0.01,0.0,0.0,normal,normal,baixa,3,historico feriado (poucos dados),3.0
I18MF914139E,8,,feriado,0.0,0.0,0.01,0.0,0.0,normal,normal,baixa,3,historico feriado (poucos dados),3.0
I18MF914139E,9,,feriado,0.0,0.0,0.01,0.0,0.0,normal,normal,baixa,3,historico feriado (poucos dados),3.0
I18MF914139E,10,,feriado,0.0,0.0,0.01,0.0,0.0,normal,normal,baixa,3,historico feriado (poucos dados),3.0
I18MF914139E,11,,feriado,0.0,0.0,0.01,0.0,0.0,normal,normal,baixa,3,historico feriado (poucos dados),3.0
I18MF914139E,12,,feriado,0.0,0.0,0.01,0.0,0.0,normal,normal,baixa,3,historico feriado (poucos dados),3.0
I18MF914139E,13,,feriado,0.0,0.0,0.01,0.0,0.0,normal,normal,baixa,3,historico feriado (poucos dados),3.0
I18MF914139E,14,,feriado,0.0,0.0,0.01,0.0,0.0,normal,normal,baixa,3,historico feriado (poucos dados),3.0
I18MF914139E,15,,feriado,0.0,0.0,0.01,0.0,0.0,normal,normal,baixa,3,historico feriado (poucos dados),3.0
I18MF914139E,16,,feriado,0.0,0.0,0.01,0.0,0.0,normal,normal,baixa,3,historico feriado (poucos dados),3.0
I18MF914139E,17,,feriado,0.0,0.0,0.01,0.0,0.0,normal,normal,baixa,3,historico feriado (poucos dados),3.0
I18MF914139E,18,,feriado,0.0,0.0,0.01,0.0,0.0,normal,normal,baixa,3,historico feriado (poucos dados),3.0
I18MF914139E,19,,feriado,0.0,0.0,0.01,0.0,0.0,normal,normal,baixa,3,historico feriado (poucos dados),3.0
I18MF914139E,20,,feriado,0.0,0.0,0.01,0.0,0.0,normal,normal,baixa,3,historico feriado (poucos dados),3.0
I18MF914139E,21,,feriado,0.0,0.0,0.01,0.0,0.0,normal,normal,baixa,3,historico feriado (poucos dados),3.0
I18MF914139E,22,,feriado,0.0,0.0,0.01,0.0,0.0,normal,normal,baixa,3,historico feriado (poucos dados),3.0
I18MF914139E,23,,feriado,0.0,0.0,0.01,0.0,0.0,normal,normal,baixa,3,historico feriado (poucos dados),3.0
I19JC019975,0,,feriado,0.0,0.0,0.01,0.0,0.0,normal,normal,baixa,19,fallback (30d recentes),3.0
I19JC019975,1,,feriado,0.0,0.0,0.01,0.0,0.0,normal,normal,baixa,2,historico feriado (poucos dados),3.0
I19JC019975,2,,feriado,0.0,0.0,0.01,0.0,0.0,normal,normal,baixa,2,historico feriado (poucos dados),3.0
I19JC019975,3,,feriado,0.0,0.0,0.01,0.0,0.0,normal,normal,baixa,2,historico feriado (poucos dados),3.0
I19JC019975,4,,feriado,0.0,0.0,0.01,0.0,0.0,normal,normal,baixa,2,historico feriado (poucos dados),3.0
I19JC019975,17,,feriado,0.0,0.0297,0.1294,-0.23,-0.23,normal,normal,baixa,19,fallback (30d recentes),3.0
I19JC019975,18,,feriado,0.0,0.0,0.01,0.0,0.0,normal,normal,baixa,22,fallback (30d recentes),3.0
I19JC019975,19,,feriado,0.0,0.0,0.01,0.0,0.0,normal,normal,baixa,22,fallback (30d recentes),3.0
I19JC019975,20,,feriado,0.0,0.0,0.01,0.0,0.0,normal,normal,baixa,22,fallback (30d recentes),3.0
I19JC019975,22,,feriado,0.0,0.0,0.01,0.0,0.0,normal,normal,baixa,3,historico feriado (poucos dados),3.0
I19JC019975,23,,feriado,0.0,0.0,0.01,0.0,0.0,normal,normal,baixa,3,historico feriado (poucos dados),3.0
I19JC020003,0,,feriado,0.118,0.0987,0.0501,0.39,0.39,normal,normal,baixa,3,historico feriado (poucos dados),3.0
I19JC020003,1,,feriado,0.056,0.0807,0.0491,-0.5,-0.5,normal,normal,baixa,3,historico feriado (poucos dados),3.0
I19JC020003,2,,feriado,0.034,0.061,0.087,-0.31,-0.31,normal,normal,baixa,3,historico feriado (poucos dados),3.0
I19JC020003,3,,feriado,0.029,0.0297,0.0161,-0.04,-0.04,normal,normal,baixa,3,historico feriado (poucos dados),3.0
I19JC020003,4,,feriado,0.021,0.0087,0.01,1.23,1.23,normal,normal,baixa,3,historico feriado (poucos dados),3.0
I19JC020003,5,,feriado,0.021,0.008,0.0104,1.25,1.25,normal,normal,baixa,3,historico feriado (poucos dados),3.0
I19JC020003,6,,feriado,0.029,0.033,0.0168,-0.24,-0.24,normal,normal,baixa,3,historico feriado (poucos dados),3.0
I19JC020003,7,,feriado,0.07,0.028,0.01,4.2,4.2,desvio,acima,baixa,2,historico feriado (poucos dados),3.0
I19JC020003,8,,feriado,0.025,0.0687,0.0215,-2.03,-2.03,normal,normal,baixa,3,historico feriado (poucos dados),3.0
I19JC020003,9,,feriado,0.038,0.0707,0.0229,-1.43,-1.43,normal,normal,baixa,3,historico feriado (poucos dados),3.0
I19JC020003,10,,feriado,0.028,0.06,0.015,-2.13,-2.13,normal,normal,baixa,3,historico feriado (poucos dados),3.0
I19JC020003,11,,feriado,0.064,0.0713,0.0696,-0.11,-0.11,normal,normal,baixa,3,historico feriado (poucos dados),3.0
I19JC020003,12,,feriado,0.25,0.1167,0.0882,1.51,1.51,normal,normal,baixa,3,historico feriado (poucos dados),3.0
I19JC020003,13,,feriado,0.34,0.12,0.0786,2.8,2.8,normal,normal,baixa,3,historico feriado (poucos dados),3.0
I19JC020003,14,,feriado,0.26,0.081,0.0372,4.82,4.82,desvio,acima,baixa,3,historico feriado (poucos dados),3.0
I19JC020003,15,,feriado,0.168,0.1453,0.0936,0.24,0.24,normal,normal,baixa,3,historico feriado (poucos dados),3.0
I19JC020003,16,,feriado,0.017,0.1227,0.0807,-1.31,-1.31,normal,normal,baixa,3,historico feriado (poucos dados),3.0
I19JC020003,17,,feriado,0.176,0.1323,0.1028,0.42,0.42,normal,normal,baixa,3,historico feriado (poucos dados),3.0
I19JC020003,18,,feriado,0.153,0.198,0.09,-0.5,-0.5,normal,normal,baixa,3,historico feriado (poucos dados),3.0
I19JC020003,19,,feriado,0.218,0.088,0.022,5.91,5.91,desvio,acima,baixa,3,historico feriado (poucos dados),3.0
I19JC020003,20,,feriado,0.107,0.0957,0.0239,0.47,0.47,normal,normal,baixa,3,historico feriado (poucos dados),3.0
I19JC020003,21,,feriado,0.072,0.0973,0.0686,-0.37,-0.37,normal,normal,baixa,3,historico feriado (poucos dados),3.0
I19JC020003,22,,feriado,0.068,0.07,0.0175,-0.11,-0.11,normal,normal,baixa,3,historico feriado (poucos dados),3.0
I19JC020003,23,,feriado,0.064,0.084,0.0793,-0.25,-0.25,normal,normal,baixa,3,historico feriado (poucos dados),3.0
I19JC029813,4,,feriado,0.0,0.0,0.01,0.0,0.0,normal,normal,baixa,2,historico feriado (poucos dados),3.0
I19JC029813,5,,feriado,0.0,0.0,0.01,0.0,0.0,normal,normal,baixa,2,historico feriado (poucos dados),3.0
I19JC029813,6,,feriado,0.0,0.0,0.01,0.0,0.0,normal,normal,baixa,2,historico feriado (poucos dados),3.0
I19JC029813,7,,feriado,0.0,0.0,0.01,0.0,0.0,normal,normal,baixa,2,historico feriado (poucos dados),3.0
I19JC029813,16,,feriado,0.0,0.0,0.01,0.0,0.0,normal,normal,baixa,19,fallback (30d recentes),3.0
I19JC029813,17,,feriado,0.0,0.0,0.01,0.0,0.0,normal,normal,baixa,19,fallback (30d recentes),3.0
I19JC029813,18,,feriado,0.0,0.0,0.01,0.0,0.0,normal,normal,baixa,19,fallback (30d recentes),3.0
I19JC029813,19,,feriado,0.0,0.0,0.01,0.0,0.0,normal,normal,baixa,19,fallback (30d recentes),3.0
I19JC029815,0,,feriado,0.0,0.0,0.01,0.0,0.0,normal,normal,baixa,3,historico feriado (poucos dados),3.0
I19JC029846L,0,,feriado,1.327,1.5232,4.0731,-0.05,-0.05,normal,normal,baixa,17,fallback (30d recentes),3.0
I19JC029846L,1,,feriado,0.379,2.3625,2.6722,-0.74,-0.74,normal,normal,baixa,2,historico feriado (poucos dados),3.0
I19JC029846L,2,,feriado,0.383,0.5165,0.1291,-1.03,-1.03,normal,normal,baixa,2,historico feriado (poucos dados),3.0
I19JC029846L,3,,feriado,0.386,0.521,0.1303,-1.04,-1.04,normal,normal,baixa,2,historico feriado (poucos dados),3.0
I19JC029846L,4,,feriado,0.387,0.522,0.1305,-1.03,-1.03,normal,normal,baixa,2,historico feriado (poucos dados),3.0
I19JC029846L,5,,feriado,0.39,2.5808,3.7159,-0.59,-0.59,normal,normal,baixa,20,fallback (30d recentes),3.0
I19JC029846L,6,,feriado,0.39,0.4592,0.1148,-0.6,-0.6,normal,normal,baixa,20,fallback (30d recentes),3.0
I19JC029846L,7,,feriado,0.384,0.5341,0.2849,-0.53,-0.53,normal,normal,baixa,20,fallback (30d recentes),3.0
I19JC029846L,8,,feriado,0.591,1.1473,1.2303,-0.45,-0.45,normal,normal,baixa,19,fallback (30d recentes),3.0
I19JC029846L,17,,feriado,7.057,1.8665,1.2693,4.09,4.09,desvio,acima,baixa,2,historico feriado (poucos dados),3.0
I19JC029846L,18,,feriado,1.026,0.754,0.2701,1.01,1.01,normal,normal,baixa,2,historico feriado (poucos dados),3.0
I19JC029846L,19,,feriado,0.91,0.732,0.2531,0.7,0.7,normal,normal,baixa,2,historico feriado (poucos dados),3.0
I19JC029846L,20,,feriado,1.004,1.584,1.4991,-0.39,-0.39,normal,normal,baixa,2,historico feriado (poucos dados),3.0
I19JC029855,0,,feriado,0.018,0.0095,0.01,0.85,0.85,normal,normal,baixa,2,historico feriado (poucos dados),3.0
I19JC029855,1,,feriado,0.017,0.01,0.01,0.7,0.7,normal,normal,baixa,2,historico feriado (poucos dados),3.0
I19JC029855,2,,feriado,0.017,0.009,0.01,0.8,0.8,normal,normal,baixa,2,historico feriado (poucos dados),3.0
I19JC029855,3,,feriado,0.018,0.01,0.01,0.8,0.8,normal,normal,baixa,2,historico feriado (poucos dados),3.0
I19JC029855,4,,feriado,0.017,0.0216,0.0224,-0.2,-0.2,normal,normal,baixa,21,fallback (30d recentes),3.0
I19JC029855,5,,feriado,0.017,0.804,1.1257,-0.7,-0.7,normal,normal,baixa,2,historico feriado (poucos dados),3.0
I19JC029855,6,,feriado,0.015,0.1665,0.2227,-0.68,-0.68,normal,normal,baixa,2,historico feriado (poucos dados),3.0
I19JC029855,7,,feriado,0.029,0.166,0.222,-0.62,-0.62,normal,normal,baixa,2,historico feriado (poucos dados),3.0
I19JC029855,8,,feriado,0.412,0.1243,0.1703,1.69,1.69,normal,normal,baixa,3,historico feriado (poucos dados),3.0
I19JC029855,9,,feriado,0.111,0.2073,0.3392,-0.28,-0.28,normal,normal,baixa,3,historico feriado (poucos dados),3.0
I19JC029855,10,,feriado,0.387,0.097,0.1576,1.84,1.84,normal,normal,baixa,3,historico feriado (poucos dados),3.0
I19JC029855,11,,feriado,0.093,0.0957,0.1553,-0.02,-0.02,normal,normal,baixa,3,historico feriado (poucos dados),3.0
I19JC029855,12,,feriado,0.14,0.097,0.1576,0.27,0.27,normal,normal,baixa,3,historico feriado (poucos dados),3.0
I19JC029855,13,,feriado,0.135,0.099,0.1594,0.23,0.23,normal,normal,baixa,3,historico feriado (poucos dados),3.0
I19JC029855,14,,feriado,0.497,0.0997,0.1588,2.5,2.5,normal,normal,baixa,3,historico feriado (poucos dados),3.0
I19JC029855,15,,feriado,0.15,0.1023,0.1634,0.29,0.29,normal,normal,baixa,3,historico feriado (poucos dados),3.0
I19JC029855,20,,feriado,1.248,0.024,0.0255,10.0,48.08,desvio,acima,baixa,2,historico feriado (poucos dados),3.0
I19JC029855,21,,feriado,0.292,0.008,0.01,10.0,28.4,desvio,acima,baixa,2,historico feriado (poucos dados),3.0
I19JC029855,22,,feriado,0.162,0.008,0.01,10.0,15.4,desvio,acima,baixa,2,historico feriado (poucos dados),3.0
I19JC029855,23,,feriado,0.017,0.0085,0.01,0.85,0.85,normal,normal,baixa,2,historico feriado (poucos dados),3.0
I19JC029856,0,,feriado,1.954,0.6417,1.1114,1.18,1.18,normal,normal,baixa,3,historico feriado (poucos dados),3.0
I19JC029856,1,,feriado,1.973,0.6483,1.1229,1.18,1.18,normal,normal,baixa,3,historico feriado (poucos dados),3.0
I19JC029856,2,,feriado,1.987,0.6537,1.1322,1.18,1.18,normal,normal,baixa,3,historico feriado (poucos dados),3.0
I19JC029856,3,,feriado,1.993,0.6547,1.1339,1.18,1.18,normal,normal,baixa,3,historico feriado (poucos dados),3.0
I19JC029856,4,,feriado,1.999,0.655,1.1345,1.18,1.18,normal,normal,baixa,3,historico feriado (poucos dados),3.0
I19JC029856,5,,feriado,1.996,0.6553,1.1351,1.18,1.18,normal,normal,baixa,3,historico feriado (poucos dados),3.0
I19JC029856,6,,feriado,1.976,0.6523,1.1299,1.17,1.17,normal,normal,baixa,3,historico feriado (poucos dados),3.0
I19JC029856,7,,feriado,1.95,0.6377,1.1045,1.19,1.19,normal,normal,baixa,3,historico feriado (poucos dados),3.0
I19JC029856,8,,feriado,1.87,0.6087,1.0542,1.2,1.2,normal,normal,baixa,3,historico feriado (poucos dados),3.0
I19JC029856,9,,feriado,1.784,0.577,0.9994,1.21,1.21,normal,normal,baixa,3,historico feriado (poucos dados),3.0
I19JC029856,10,,feriado,1.761,0.5657,0.9798,1.22,1.22,normal,normal,baixa,3,historico feriado (poucos dados),3.0
I19JC029856,13,,feriado,1.737,0.5713,0.9896,1.18,1.18,normal,normal,baixa,3,historico feriado (poucos dados),3.0
I19JC029856,14,,feriado,1.746,0.583,1.0098,1.15,1.15,normal,normal,baixa,3,historico feriado (poucos dados),3.0
I19JC029856,15,,feriado,1.741,0.5977,1.0352,1.1,1.1,normal,normal,baixa,3,historico feriado (poucos dados),3.0
I19JC029856,16,,feriado,1.798,0.6097,1.056,1.13,1.13,normal,normal,baixa,3,historico feriado (poucos dados),3.0
I19JC029856,17,,feriado,3.731,0.606,1.0496,2.98,2.98,normal,normal,baixa,3,historico feriado (poucos dados),3.0
I19JC029856,18,,feriado,1.872,0.598,1.0358,1.23,1.23,normal,normal,baixa,3,historico feriado (poucos dados),3.0
I19JC029856,19,,feriado,1.857,0.589,1.0202,1.24,1.24,normal,normal,baixa,3,historico feriado (poucos dados),3.0
I19JC029856,20,,feriado,3.65,0.5853,1.0138,3.02,3.02,desvio,acima,baixa,3,historico feriado (poucos dados),3.0
I19JC029856,21,,feriado,1.858,0.6037,1.0456,1.2,1.2,normal,normal,baixa,3,historico feriado (poucos dados),3.0
I19JC029856,22,,feriado,1.897,0.6193,1.0727,1.19,1.19,normal,normal,baixa,3,historico feriado (poucos dados),3.0
I19JC029856,23,,feriado,1.929,0.633,1.0964,1.18,1.18,normal,normal,baixa,3,historico feriado (poucos dados),3.0
I19JC029867,0,,feriado,0.0,0.0,0.01,0.0,0.0,normal,normal,baixa,2,historico feriado (poucos dados),3.0
I19JC029867,1,,feriado,0.0,0.0,0.01,0.0,0.0,normal,normal,baixa,3,historico feriado (poucos dados),3.0
I19JC029867,2,,feriado,0.0,0.0,0.01,0.0,0.0,normal,normal,baixa,3,historico feriado (poucos dados),3.0
I19JC029867,3,,feriado,0.0,0.0,0.01,0.0,0.0,normal,normal,baixa,3,historico feriado (poucos dados),3.0
I19JC029867,4,,feriado,0.0,0.0,0.01,0.0,0.0,normal,normal,baixa,3,historico feriado (poucos dados),3.0
I19JC029867,5,,feriado,0.0,0.0,0.01,0.0,0.0,normal,normal,baixa,3,historico feriado (poucos dados),3.0
I19JC029867,6,,feriado,0.0,0.0,0.01,0.0,0.0,normal,normal,baixa,3,historico feriado (poucos dados),3.0
I19JC029867,7,,feriado,0.0,0.0,0.01,0.0,0.0,normal,normal,baixa,3,historico feriado (poucos dados),3.0
I19JC029867,8,,feriado,0.0,0.0,0.01,0.0,0.0,normal,normal,baixa,3,historico feriado (poucos dados),3.0
I19JC029867,9,,feriado,0.0,0.0,0.01,0.0,0.0,normal,normal,baixa,2,historico feriado (poucos dados),3.0
I19JC029867,10,,feriado,0.0,0.0,0.01,0.0,0.0,normal,normal,baixa,2,historico feriado (poucos dados),3.0
I19JC029867,11,,feriado,0.0,0.0,0.01,0.0,0.0,normal,normal,baixa,2,historico feriado (poucos dados),3.0
I19JC029867,12,,feriado,0.0,0.0,0.01,0.0,0.0,normal,normal,baixa,2,historico feriado (poucos dados),3.0
I19JC029867,13,,feriado,0.0,0.0,0.01,0.0,0.0,normal,normal,baixa,3,historico feriado (poucos dados),3.0
I19JC029867,14,,feriado,0.0,0.0,0.01,0.0,0.0,normal,normal,baixa,3,historico feriado (poucos dados),3.0
I19JC029867,15,,feriado,0.0,0.0,0.01,0.0,0.0,normal,normal,baixa,3,historico feriado (poucos dados),3.0
I19JC029867,16,,feriado,0.0,0.0,0.01,0.0,0.0,normal,normal,baixa,3,historico feriado (poucos dados),3.0
I19JC029867,17,,feriado,0.0,0.0,0.01,0.0,0.0,normal,normal,baixa,3,historico feriado (poucos dados),3.0
I19JC029867,18,,feriado,0.0,0.0,0.01,0.0,0.0,normal,normal,baixa,3,historico feriado (poucos dados),3.0
I19JC029867,19,,feriado,0.0,0.0,0.01,0.0,0.0,normal,normal,baixa,3,historico feriado (poucos dados),3.0
I19JC029867,20,,feriado,0.0,0.0,0.01,0.0,0.0,normal,normal,baixa,3,historico feriado (poucos dados),3.0
I19JC029867,21,,feriado,0.0,0.0,0.01,0.0,0.0,normal,normal,baixa,3,historico feriado (poucos dados),3.0
I19JC029867,22,,feriado,0.0,0.0,0.01,0.0,0.0,normal,normal,baixa,3,historico feriado (poucos dados),3.0
I19JC029867,23,,feriado,0.0,0.0,0.01,0.0,0.0,normal,normal,baixa,3,historico feriado (poucos dados),3.0
I19JC029868,0,,feriado,0.0,0.0,0.01,0.0,0.0,normal,normal,baixa,2,historico feriado (poucos dados),3.0
I19JC029874,0,,feriado,0.0,0.0,0.01,0.0,0.0,normal,normal,baixa,3,historico feriado (poucos dados),3.0
I19JC029874,1,,feriado,0.0,0.0,0.01,0.0,0.0,normal,normal,baixa,3,historico feriado (poucos dados),3.0
I19JC029874,2,,feriado,0.0,0.0,0.01,0.0,0.0,normal,normal,baixa,3,historico feriado (poucos dados),3.0
I19JC029874,3,,feriado,0.0,0.0,0.01,0.0,0.0,normal,normal,baixa,3,historico feriado (poucos dados),3.0
I19JC029874,4,,feriado,0.0,0.0,0.01,0.0,0.0,normal,normal,baixa,3,historico feriado (poucos dados),3.0
I19JC029874,5,,feriado,0.0,0.0,0.01,0.0,0.0,normal,normal,baixa,3,historico feriado (poucos dados),3.0
I19JC029874,6,,feriado,0.0,0.0,0.01,0.0,0.0,normal,normal,baixa,3,historico feriado (poucos dados),3.0
I19JC029874,7,,feriado,0.0,0.0,0.01,0.0,0.0,normal,normal,baixa,3,historico feriado (poucos dados),3.0
I19JC029874,8,,feriado,0.001,0.0,0.01,0.1,0.1,normal,normal,baixa,3,historico feriado (poucos dados),3.0
I19JC029874,9,,feriado,0.0,0.0,0.01,0.0,0.0,normal,normal,baixa,3,historico feriado (poucos dados),3.0
I19JC029874,10,,feriado,0.0,0.0,0.01,0.0,0.0,normal,normal,baixa,3,historico feriado (poucos dados),3.0
I19JC029874,11,,feriado,0.0,0.0,0.01,0.0,0.0,normal,normal,baixa,3,historico feriado (poucos dados),3.0
I19JC029874,12,,feriado,0.0,0.0,0.01,0.0,0.0,normal,normal,baixa,3,historico feriado (poucos dados),3.0
I19JC029874,13,,feriado,0.0,0.0,0.01,0.0,0.0,normal,normal,baixa,3,historico feriado (poucos dados),3.0
I19JC029874,14,,feriado,0.0,0.0,0.01,0.0,0.0,normal,normal,baixa,3,historico feriado (poucos dados),3.0
I19JC029874,15,,feriado,0.001,0.0,0.01,0.1,0.1,normal,normal,baixa,3,historico feriado (poucos dados),3.0
I19JC029874,16,,feriado,0.0,0.0,0.01,0.0,0.0,normal,normal,baixa,3,historico feriado (poucos dados),3.0
I19JC029874,17,,feriado,0.0,0.0,0.01,0.0,0.0,normal,normal,baixa,3,historico feriado (poucos dados),3.0
I19JC029874,18,,feriado,0.0,0.0,0.01,0.0,0.0,normal,normal,baixa,3,historico feriado (poucos dados),3.0
I19JC029874,19,,feriado,0.0,0.0,0.01,0.0,0.0,normal,normal,baixa,3,historico feriado (poucos dados),3.0
I19JC029874,20,,feriado,0.0,0.0,0.01,0.0,0.0,normal,normal,baixa,3,historico feriado (poucos dados),3.0
I19JC029874,21,,feriado,0.0,0.0,0.01,0.0,0.0,normal,normal,baixa,3,historico feriado (poucos dados),3.0
I19JC029874,22,,feriado,0.0,0.0,0.01,0.0,0.0,normal,normal,baixa,3,historico feriado (poucos dados),3.0
I19JC029874,23,,feriado,0.0,0.0,0.01,0.0,0.0,normal,normal,baixa,3,historico feriado (poucos dados),3.0
I19JC029877,0,,feriado,0.005,0.0063,0.01,-0.13,-0.13,normal,normal,baixa,3,historico feriado (poucos dados),3.0
I19JC029877,1,,feriado,0.005,0.0067,0.01,-0.17,-0.17,normal,normal,baixa,3,historico feriado (poucos dados),3.0
I19JC029877,2,,feriado,0.006,0.0063,0.01,-0.03,-0.03,normal,normal,baixa,3,historico feriado (poucos dados),3.0
I19JC029877,3,,feriado,0.004,0.006,0.01,-0.2,-0.2,normal,normal,baixa,3,historico feriado (poucos dados),3.0
I19JC029877,4,,feriado,0.006,0.0067,0.01,-0.07,-0.07,normal,normal,baixa,3,historico feriado (poucos dados),3.0
I19JC029877,5,,feriado,0.005,0.006,0.01,-0.1,-0.1,normal,normal,baixa,3,historico feriado (poucos dados),3.0
I19JC029877,6,,feriado,0.005,0.0063,0.01,-0.13,-0.13,normal,normal,baixa,3,historico feriado (poucos dados),3.0
I19JC029877,7,,feriado,0.005,0.0063,0.01,-0.13,-0.13,normal,normal,baixa,3,historico feriado (poucos dados),3.0
I19JC029877,8,,feriado,0.005,0.0065,0.01,-0.15,-0.15,normal,normal,baixa,2,historico feriado (poucos dados),3.0
I19JC029877,9,,feriado,0.006,0.007,0.01,-0.1,-0.1,normal,normal,baixa,3,historico feriado (poucos dados),3.0
I19JC029877,10,,feriado,0.005,0.0063,0.01,-0.13,-0.13,normal,normal,baixa,3,historico feriado (poucos dados),3.0
I19JC029877,11,,feriado,0.005,0.0063,0.01,-0.13,-0.13,normal,normal,baixa,3,historico feriado (poucos dados),3.0
I19JC029877,12,,feriado,0.006,0.0063,0.01,-0.03,-0.03,normal,normal,baixa,3,historico feriado (poucos dados),3.0
I19JC029877,13,,feriado,0.005,0.009,0.01,-0.4,-0.4,normal,normal,baixa,3,historico feriado (poucos dados),3.0
I19JC029877,14,,feriado,0.005,0.0067,0.01,-0.17,-0.17,normal,normal,baixa,3,historico feriado (poucos dados),3.0
I19JC029877,15,,feriado,0.005,0.0067,0.01,-0.17,-0.17,normal,normal,baixa,3,historico feriado (poucos dados),3.0
I19JC029877,16,,feriado,0.005,0.007,0.01,-0.2,-0.2,normal,normal,baixa,3,historico feriado (poucos dados),3.0
I19JC029877,17,,feriado,0.006,0.0053,0.01,0.07,0.07,normal,normal,baixa,3,historico feriado (poucos dados),3.0
I19JC029877,18,,feriado,0.005,0.005,0.01,0.0,0.0,normal,normal,baixa,3,historico feriado (poucos dados),3.0
I19JC029877,19,,feriado,0.005,0.0067,0.01,-0.17,-0.17,normal,normal,baixa,3,historico feriado (poucos dados),3.0
I19JC029877,20,,feriado,0.005,0.006,0.01,-0.1,-0.1,normal,normal,baixa,3,historico feriado (poucos dados),3.0
I19JC029877,21,,feriado,0.005,0.0063,0.01,-0.13,-0.13,normal,normal,baixa,3,historico feriado (poucos dados),3.0
I19JC029877,22,,feriado,0.005,0.006,0.01,-0.1,-0.1,normal,normal,baixa,3,historico feriado (poucos dados),3.0
I19JC029877,23,,feriado,0.005,0.0067,0.01,-0.17,-0.17,normal,normal,baixa,3,historico feriado (poucos dados),3.0
I19JC029878,0,,feriado,0.0,0.0,0.01,0.0,0.0,normal,normal,baixa,3,historico feriado (poucos dados),3.0
I19JC029878,1,,feriado,0.0,0.0,0.01,0.0,0.0,normal,normal,baixa,3,historico feriado (poucos dados),3.0
I19JC029878,2,,feriado,0.0,0.0,0.01,0.0,0.0,normal,normal,baixa,3,historico feriado (poucos dados),3.0
I19JC029878,3,,feriado,0.0,0.0,0.01,0.0,0.0,normal,normal,baixa,3,historico feriado (poucos dados),3.0
I19JC029878,4,,feriado,0.0,0.0,0.01,0.0,0.0,normal,normal,baixa,3,historico feriado (poucos dados),3.0
I19JC029878,5,,feriado,0.0,0.0,0.01,0.0,0.0,normal,normal,baixa,3,historico feriado (poucos dados),3.0
I19JC029878,6,,feriado,0.0,0.0,0.01,0.0,0.0,normal,normal,baixa,3,historico feriado (poucos dados),3.0
I19JC029878,7,,feriado,0.0,0.0,0.01,0.0,0.0,normal,normal,baixa,3,historico feriado (poucos dados),3.0
I19JC029878,8,,feriado,0.0,0.0,0.01,0.0,0.0,normal,normal,baixa,3,historico feriado (poucos dados),3.0
I19JC029878,9,,feriado,0.0,0.0,0.01,0.0,0.0,normal,normal,baixa,3,historico feriado (poucos dados),3.0
I19JC029878,10,,feriado,0.0,0.0,0.01,0.0,0.0,normal,normal,baixa,3,historico feriado (poucos dados),3.0
I19JC029878,11,,feriado,0.0,0.0,0.01,0.0,0.0,normal,normal,baixa,3,historico feriado (poucos dados),3.0
I19JC029878,12,,feriado,0.0,0.0,0.01,0.0,0.0,normal,normal,baixa,3,historico feriado (poucos dados),3.0
I19JC029878,13,,feriado,0.0,0.0,0.01,0.0,0.0,normal,normal,baixa,3,historico feriado (poucos dados),3.0
I19JC029878,14,,feriado,0.0,0.0,0.01,0.0,0.0,normal,normal,baixa,3,historico feriado (poucos dados),3.0
I19JC029878,15,,feriado,0.0,0.0,0.01,0.0,0.0,normal,normal,baixa,3,historico feriado (poucos dados),3.0
I19JC029878,16,,feriado,0.0,0.0,0.01,0.0,0.0,normal,normal,baixa,3,historico feriado (poucos dados),3.0
I19JC029878,17,,feriado,0.0,0.0,0.01,0.0,0.0,normal,normal,baixa,3,historico feriado (poucos dados),3.0
I19JC029878,18,,feriado,0.0,0.0,0.01,0.0,0.0,normal,normal,baixa,3,historico feriado (poucos dados),3.0
I19JC029878,19,,feriado,0.0,0.0,0.01,0.0,0.0,normal,normal,baixa,3,historico feriado (poucos dados),3.0
I19JC029878,20,,feriado,0.0,0.0,0.01,0.0,0.0,normal,normal,baixa,3,historico feriado (poucos dados),3.0
I19JC029878,21,,feriado,0.0,0.0,0.01,0.0,0.0,normal,normal,baixa,3,historico feriado (poucos dados),3.0
I19JC029878,22,,feriado,0.0,0.0,0.01,0.0,0.0,normal,normal,baixa,3,historico feriado (poucos dados),3.0
I19JC029878,23,,feriado,0.0,0.0,0.01,0.0,0.0,normal,normal,baixa,3,historico feriado (poucos dados),3.0
I19JC029884,0,,feriado,0.0,0.0,0.01,0.0,0.0,normal,normal,baixa,3,historico feriado (poucos dados),3.0
I19JC029884,5,,feriado,0.0,0.0,0.01,0.0,0.0,normal,normal,baixa,3,historico feriado (poucos dados),3.0
I19JC029884,6,,feriado,0.0,0.0,0.01,0.0,0.0,normal,normal,baixa,3,historico feriado (poucos dados),3.0
I19JC029884,7,,feriado,0.0,0.0,0.01,0.0,0.0,normal,normal,baixa,3,historico feriado (poucos dados),3.0
I19JC029884,8,,feriado,0.0,0.0,0.01,0.0,0.0,normal,normal,baixa,3,historico feriado (poucos dados),3.0
I19JC029884,9,,feriado,0.0,0.0,0.01,0.0,0.0,normal,normal,baixa,3,historico feriado (poucos dados),3.0
I19JC029884,10,,feriado,0.0,0.0,0.01,0.0,0.0,normal,normal,baixa,3,historico feriado (poucos dados),3.0
I19JC029884,11,,feriado,0.0,0.0,0.01,0.0,0.0,normal,normal,baixa,3,historico feriado (poucos dados),3.0
I19JC029884,12,,feriado,0.0,0.0,0.01,0.0,0.0,normal,normal,baixa,3,historico feriado (poucos dados),3.0
I19JC029884,13,,feriado,0.0,0.0,0.01,0.0,0.0,normal,normal,baixa,2,historico feriado (poucos dados),3.0
I19JC029884,14,,feriado,0.0,0.0,0.01,0.0,0.0,normal,normal,baixa,2,historico feriado (poucos dados),3.0
I19JC029884,15,,feriado,0.0,0.0,0.01,0.0,0.0,normal,normal,baixa,2,historico feriado (poucos dados),3.0
I19JC029884,16,,feriado,0.0,0.0,0.01,0.0,0.0,normal,normal,baixa,2,historico feriado (poucos dados),3.0
I19JC029884,17,,feriado,0.0,0.0,0.01,0.0,0.0,normal,normal,baixa,3,historico feriado (poucos dados),3.0
I19JC029884,18,,feriado,0.0,0.0,0.01,0.0,0.0,normal,normal,baixa,3,historico feriado (poucos dados),3.0
I19JC029884,19,,feriado,0.0,0.0,0.01,0.0,0.0,normal,normal,baixa,3,historico feriado (poucos dados),3.0
I19JC029884,20,,feriado,0.0,0.0,0.01,0.0,0.0,normal,normal,baixa,3,historico feriado (poucos dados),3.0
I19JC029884,21,,feriado,0.0,0.0,0.01,0.0,0.0,normal,normal,baixa,3,historico feriado (poucos dados),3.0
I19JC029884,22,,feriado,0.0,0.0,0.01,0.0,0.0,normal,normal,baixa,3,historico feriado (poucos dados),3.0
I19JC029884,23,,feriado,0.0,0.0,0.01,0.0,0.0,normal,normal,baixa,3,historico feriado (poucos dados),3.0
I19JC029885,0,,feriado,0.0,0.0,0.01,0.0,0.0,normal,normal,baixa,3,historico feriado (poucos dados),3.0
I19JC029885,1,,feriado,0.0,0.0,0.01,0.0,0.0,normal,normal,baixa,3,historico feriado (poucos dados),3.0
I19JC029885,2,,feriado,0.0,0.0,0.01,0.0,0.0,normal,normal,baixa,3,historico feriado (poucos dados),3.0
I19JC029885,3,,feriado,0.0,0.0,0.01,0.0,0.0,normal,normal,baixa,3,historico feriado (poucos dados),3.0
I19JC029885,4,,feriado,0.0,0.0,0.01,0.0,0.0,normal,normal,baixa,3,historico feriado (poucos dados),3.0
I19JC029885,5,,feriado,0.0,0.0,0.01,0.0,0.0,normal,normal,baixa,2,historico feriado (poucos dados),3.0
I19JC029885,6,,feriado,0.0,0.0,0.01,0.0,0.0,normal,normal,baixa,3,historico feriado (poucos dados),3.0
I19JC029885,7,,feriado,0.0,0.0,0.01,0.0,0.0,normal,normal,baixa,3,historico feriado (poucos dados),3.0
I19JC029885,8,,feriado,0.0,0.0,0.01,0.0,0.0,normal,normal,baixa,3,historico feriado (poucos dados),3.0
I19JC029885,9,,feriado,0.0,0.0,0.01,0.0,0.0,normal,normal,baixa,3,historico feriado (poucos dados),3.0
I19JC029885,10,,feriado,0.0,0.0,0.01,0.0,0.0,normal,normal,baixa,3,historico feriado (poucos dados),3.0
I19JC029885,11,,feriado,0.0,0.0,0.01,0.0,0.0,normal,normal,baixa,3,historico feriado (poucos dados),3.0
I19JC029885,12,,feriado,0.0,0.0,0.01,0.0,0.0,normal,normal,baixa,3,historico feriado (poucos dados),3.0
I19JC029885,13,,feriado,0.0,0.0,0.01,0.0,0.0,normal,normal,baixa,3,historico feriado (poucos dados),3.0
I19JC029885,14,,feriado,0.0,0.0,0.01,0.0,0.0,normal,normal,baixa,3,historico feriado (poucos dados),3.0
I19JC029885,15,,feriado,0.0,0.0,0.01,0.0,0.0,normal,normal,baixa,3,historico feriado (poucos dados),3.0
I19JC029885,16,,feriado,0.0,0.0,0.01,0.0,0.0,normal,normal,baixa,3,historico feriado (poucos dados),3.0
I19JC029885,17,,feriado,0.0,0.0,0.01,0.0,0.0,normal,normal,baixa,3,historico feriado (poucos dados),3.0
I19JC029885,18,,feriado,0.0,0.0,0.01,0.0,0.0,normal,normal,baixa,3,historico feriado (poucos dados),3.0
I19JC029885,19,,feriado,0.0,0.0,0.01,0.0,0.0,normal,normal,baixa,3,historico feriado (poucos dados),3.0
I19JC029885,20,,feriado,0.0,0.0,0.01,0.0,0.0,normal,normal,baixa,3,historico feriado (poucos dados),3.0
I19JC029885,21,,feriado,0.0,0.0,0.01,0.0,0.0,normal,normal,baixa,3,historico feriado (poucos dados),3.0
I19JC029885,22,,feriado,0.0,0.0,0.01,0.0,0.0,normal,normal,baixa,3,historico feriado (poucos dados),3.0
I19JC029885,23,,feriado,0.0,0.0,0.01,0.0,0.0,normal,normal,baixa,3,historico feriado (poucos dados),3.0
I19JC065474,0,,feriado,0.072,0.0735,0.0184,-0.08,-0.08,normal,normal,baixa,2,historico feriado (poucos dados),3.0
I19JC065474,1,,feriado,0.072,0.073,0.0182,-0.05,-0.05,normal,normal,baixa,2,historico feriado (poucos dados),3.0
I19JC065474,2,,feriado,0.072,0.0735,0.0184,-0.08,-0.08,normal,normal,baixa,2,historico feriado (poucos dados),3.0
I19JC065474,3,,feriado,0.071,0.287,0.3041,-0.71,-0.71,normal,normal,baixa,2,historico feriado (poucos dados),3.0
I19JC065474,4,,feriado,0.071,0.3227,0.4307,-0.58,-0.58,normal,normal,baixa,3,historico feriado (poucos dados),3.0
I19JC065474,5,,feriado,0.071,0.075,0.0187,-0.21,-0.21,normal,normal,baixa,3,historico feriado (poucos dados),3.0
I19JC065474,6,,feriado,0.071,0.075,0.0187,-0.21,-0.21,normal,normal,baixa,3,historico feriado (poucos dados),3.0
I19JC065474,7,,feriado,0.071,0.0747,0.0187,-0.2,-0.2,normal,normal,baixa,3,historico feriado (poucos dados),3.0
I19JC065474,8,,feriado,0.07,0.287,0.2998,-0.72,-0.72,normal,normal,baixa,2,historico feriado (poucos dados),3.0
I19JC065474,9,,feriado,0.071,0.074,0.0185,-0.16,-0.16,normal,normal,baixa,2,historico feriado (poucos dados),3.0
I19JC065474,10,,feriado,0.481,0.073,0.0182,10.0,22.36,desvio,acima,baixa,2,historico feriado (poucos dados),3.0
I19JC065474,11,,feriado,0.072,0.0735,0.0184,-0.08,-0.08,normal,normal,baixa,2,historico feriado (poucos dados),3.0
I19JC065474,12,,feriado,0.071,0.177,0.1793,-0.59,-0.59,normal,normal,baixa,3,historico feriado (poucos dados),3.0
I19JC065474,13,,feriado,0.071,0.217,0.2486,-0.59,-0.59,normal,normal,baixa,3,historico feriado (poucos dados),3.0
I19JC065474,14,,feriado,0.071,0.2173,0.2457,-0.6,-0.6,normal,normal,baixa,3,historico feriado (poucos dados),3.0
I19JC065474,15,,feriado,0.071,0.076,0.019,-0.26,-0.26,normal,normal,baixa,3,historico feriado (poucos dados),3.0
I19JC065474,16,,feriado,0.07,0.075,0.0187,-0.27,-0.27,normal,normal,baixa,3,historico feriado (poucos dados),3.0
I19JC065474,17,,feriado,0.071,0.2177,0.2445,-0.6,-0.6,normal,normal,baixa,3,historico feriado (poucos dados),3.0
I19JC065474,18,,feriado,0.07,0.0753,0.0188,-0.28,-0.28,normal,normal,baixa,3,historico feriado (poucos dados),3.0
I19JC065474,19,,feriado,0.069,0.0747,0.0187,-0.3,-0.3,normal,normal,baixa,3,historico feriado (poucos dados),3.0
I19JC065474,20,,feriado,0.506,0.0743,0.0186,10.0,23.23,desvio,acima,baixa,3,historico feriado (poucos dados),3.0
I19JC065474,21,,feriado,0.072,0.215,0.2468,-0.58,-0.58,normal,normal,baixa,3,historico feriado (poucos dados),3.0
I19JC065474,22,,feriado,0.071,0.2207,0.2523,-0.59,-0.59,normal,normal,baixa,3,historico feriado (poucos dados),3.0
I19JC065474,23,,feriado,0.071,0.0757,0.0189,-0.25,-0.25,normal,normal,baixa,3,historico feriado (poucos dados),3.0
I19JC065475,0,,feriado,0.0,0.0,0.01,0.0,0.0,normal,normal,baixa,3,historico feriado (poucos dados),3.0
I19JC065475,1,,feriado,0.0,0.0,0.01,0.0,0.0,normal,normal,baixa,3,historico feriado (poucos dados),3.0
I19JC065475,2,,feriado,0.0,0.0,0.01,0.0,0.0,normal,normal,baixa,3,historico feriado (poucos dados),3.0
I19JC065475,3,,feriado,0.0,0.0,0.01,0.0,0.0,normal,normal,baixa,3,historico feriado (poucos dados),3.0
I19JC065475,4,,feriado,0.0,0.0,0.01,0.0,0.0,normal,normal,baixa,3,historico feriado (poucos dados),3.0
I19JC065475,5,,feriado,0.0,0.0,0.01,0.0,0.0,normal,normal,baixa,3,historico feriado (poucos dados),3.0
I19JC065475,6,,feriado,0.0,0.0,0.01,0.0,0.0,normal,normal,baixa,3,historico feriado (poucos dados),3.0
I19JC065475,7,,feriado,0.0,0.0,0.01,0.0,0.0,normal,normal,baixa,3,historico feriado (poucos dados),3.0
I19JC065475,8,,feriado,0.0,0.0,0.01,0.0,0.0,normal,normal,baixa,3,historico feriado (poucos dados),3.0
I19JC065475,9,,feriado,0.0,0.0,0.01,0.0,0.0,normal,normal,baixa,3,historico feriado (poucos dados),3.0
I19JC065475,10,,feriado,0.0,0.0,0.01,0.0,0.0,normal,normal,baixa,3,historico feriado (poucos dados),3.0
I19JC065475,11,,feriado,0.0,0.0,0.01,0.0,0.0,normal,normal,baixa,3,historico feriado (poucos dados),3.0
I19JC065475,12,,feriado,0.0,0.0,0.01,0.0,0.0,normal,normal,baixa,2,historico feriado (poucos dados),3.0
I19JC065475,13,,feriado,0.0,0.0,0.01,0.0,0.0,normal,normal,baixa,2,historico feriado (poucos dados),3.0
I19JC065475,14,,feriado,0.0,0.0,0.01,0.0,0.0,normal,normal,baixa,2,historico feriado (poucos dados),3.0
I19JC065475,15,,feriado,0.0,0.0,0.01,0.0,0.0,normal,normal,baixa,2,historico feriado (poucos dados),3.0
I19JC065475,16,,feriado,0.0,0.0,0.01,0.0,0.0,normal,normal,baixa,3,historico feriado (poucos dados),3.0
I19JC065475,17,,feriado,0.0,0.0,0.01,0.0,0.0,normal,normal,baixa,3,historico feriado (poucos dados),3.0
I19JC065475,18,,feriado,0.0,0.0,0.01,0.0,0.0,normal,normal,baixa,3,historico feriado (poucos dados),3.0
I19JC065475,19,,feriado,0.0,0.0,0.01,0.0,0.0,normal,normal,baixa,3,historico feriado (poucos dados),3.0
I19JC065475,20,,feriado,0.0,0.0,0.01,0.0,0.0,normal,normal,baixa,3,historico feriado (poucos dados),3.0
I19JC065475,21,,feriado,0.0,0.0,0.01,0.0,0.0,normal,normal,baixa,3,historico feriado (poucos dados),3.0
I19JC065475,22,,feriado,0.0,0.0,0.01,0.0,0.0,normal,normal,baixa,3,historico feriado (poucos dados),3.0
I19JC065475,23,,feriado,0.0,0.0,0.01,0.0,0.0,normal,normal,baixa,3,historico feriado (poucos dados),3.0
I19JC065506,0,,feriado,0.0,0.0,0.01,0.0,0.0,normal,normal,baixa,3,historico feriado (poucos dados),3.0
I19JC065506,1,,feriado,0.0,0.0,0.01,0.0,0.0,normal,normal,baixa,3,historico feriado (poucos dados),3.0
I19JC065506,2,,feriado,0.0,0.0,0.01,0.0,0.0,normal,normal,baixa,3,historico feriado (poucos dados),3.0
I19JC065506,3,,feriado,0.0,0.0,0.01,0.0,0.0,normal,normal,baixa,3,historico feriado (poucos dados),3.0
I19JC065506,4,,feriado,0.0,0.0,0.01,0.0,0.0,normal,normal,baixa,3,historico feriado (poucos dados),3.0
I19JC065506,5,,feriado,0.0,0.0,0.01,0.0,0.0,normal,normal,baixa,3,historico feriado (poucos dados),3.0
I19JC065506,6,,feriado,0.127,0.0523,0.0259,2.88,2.88,normal,normal,baixa,3,historico feriado (poucos dados),3.0
I19JC065506,7,,feriado,0.701,0.5863,0.1466,0.78,0.78,normal,normal,baixa,3,historico feriado (poucos dados),3.0
I19JC065506,8,,feriado,0.268,0.193,0.2067,0.36,0.36,normal,normal,baixa,3,historico feriado (poucos dados),3.0
I19JC065506,9,,feriado,0.0,0.011,0.0191,-0.58,-0.58,normal,normal,baixa,3,historico feriado (poucos dados),3.0
I19JC065506,10,,feriado,0.0,0.0157,0.0214,-0.73,-0.73,normal,normal,baixa,3,historico feriado (poucos dados),3.0
I19JC065506,11,,feriado,0.125,0.028,0.0485,2.0,2.0,normal,normal,baixa,3,historico feriado (poucos dados),3.0
I19JC065506,12,,feriado,0.119,0.061,0.0691,0.84,0.84,normal,normal,baixa,3,historico feriado (poucos dados),3.0
I19JC065506,13,,feriado,0.051,0.059,0.0531,-0.15,-0.15,normal,normal,baixa,3,historico feriado (poucos dados),3.0
I19JC065506,14,,feriado,0.0,0.0,0.01,0.0,0.0,normal,normal,baixa,3,historico feriado (poucos dados),3.0
I19JC065506,15,,feriado,0.0,0.0,0.01,0.0,0.0,normal,normal,baixa,3,historico feriado (poucos dados),3.0
I19JC065506,16,,feriado,0.0,0.0,0.01,0.0,0.0,normal,normal,baixa,3,historico feriado (poucos dados),3.0
I19JC065506,17,,feriado,0.0,0.0,0.01,0.0,0.0,normal,normal,baixa,3,historico feriado (poucos dados),3.0
I19JC065506,18,,feriado,0.0,0.0,0.01,0.0,0.0,normal,normal,baixa,3,historico feriado (poucos dados),3.0
I19JC065506,19,,feriado,0.0,0.0,0.01,0.0,0.0,normal,normal,baixa,3,historico feriado (poucos dados),3.0
I19JC065506,20,,feriado,0.0,0.0,0.01,0.0,0.0,normal,normal,baixa,3,historico feriado (poucos dados),3.0
I19JC065506,21,,feriado,0.0,0.0,0.01,0.0,0.0,normal,normal,baixa,3,historico feriado (poucos dados),3.0
I19JC065506,22,,feriado,0.0,0.0,0.01,0.0,0.0,normal,normal,baixa,3,historico feriado (poucos dados),3.0
I19JC065506,23,,feriado,0.0,0.0,0.01,0.0,0.0,normal,normal,baixa,3,historico feriado (poucos dados),3.0
I19JC065518,0,,feriado,0.0,0.0,0.01,0.0,0.0,normal,normal,baixa,3,historico feriado (poucos dados),3.0
I19JC065518,1,,feriado,0.0,0.0,0.01,0.0,0.0,normal,normal,baixa,3,historico feriado (poucos dados),3.0
I19JC065518,2,,feriado,0.0,0.0,0.01,0.0,0.0,normal,normal,baixa,3,historico feriado (poucos dados),3.0
I19JC065518,3,,feriado,0.0,0.0,0.01,0.0,0.0,normal,normal,baixa,3,historico feriado (poucos dados),3.0
I19JC065518,4,,feriado,0.0,0.0,0.01,0.0,0.0,normal,normal,baixa,3,historico feriado (poucos dados),3.0
I19JC065518,5,,feriado,0.0,0.0,0.01,0.0,0.0,normal,normal,baixa,3,historico feriado (poucos dados),3.0
I19JC065518,6,,feriado,0.0,0.0,0.01,0.0,0.0,normal,normal,baixa,3,historico feriado (poucos dados),3.0
I19JC065518,7,,feriado,0.0,0.0,0.01,0.0,0.0,normal,normal,baixa,3,historico feriado (poucos dados),3.0
I19JC065518,8,,feriado,0.0,0.0,0.01,0.0,0.0,normal,normal,baixa,3,historico feriado (poucos dados),3.0
I19JC065518,9,,feriado,0.0,0.0,0.01,0.0,0.0,normal,normal,baixa,3,historico feriado (poucos dados),3.0
I19JC065518,10,,feriado,0.0,0.0,0.01,0.0,0.0,normal,normal,baixa,3,historico feriado (poucos dados),3.0
I19JC065518,11,,feriado,0.0,0.0,0.01,0.0,0.0,normal,normal,baixa,3,historico feriado (poucos dados),3.0
I19JC065518,12,,feriado,0.0,0.0,0.01,0.0,0.0,normal,normal,baixa,3,historico feriado (poucos dados),3.0
I19JC065518,13,,feriado,0.0,0.0,0.01,0.0,0.0,normal,normal,baixa,3,historico feriado (poucos dados),3.0
I19JC065518,14,,feriado,0.0,0.0,0.01,0.0,0.0,normal,normal,baixa,3,historico feriado (poucos dados),3.0
I19JC065518,15,,feriado,0.0,0.0,0.01,0.0,0.0,normal,normal,baixa,3,historico feriado (poucos dados),3.0
I19JC065518,16,,feriado,0.0,0.0,0.01,0.0,0.0,normal,normal,baixa,3,historico feriado (poucos dados),3.0
I19JC065518,17,,feriado,0.0,0.0,0.01,0.0,0.0,normal,normal,baixa,3,historico feriado (poucos dados),3.0
I19JC065518,18,,feriado,0.0,0.0,0.01,0.0,0.0,normal,normal,baixa,3,historico feriado (poucos dados),3.0
I19JC065518,19,,feriado,0.0,0.0,0.01,0.0,0.0,normal,normal,baixa,3,historico feriado (poucos dados),3.0
I19JC065518,20,,feriado,0.0,0.0,0.01,0.0,0.0,normal,normal,baixa,3,historico feriado (poucos dados),3.0
I19JC065518,21,,feriado,0.0,0.0,0.01,0.0,0.0,normal,normal,baixa,3,historico feriado (poucos dados),3.0
I19JC065518,22,,feriado,0.0,0.0,0.01,0.0,0.0,normal,normal,baixa,3,historico feriado (poucos dados),3.0
I19JC065518,23,,feriado,0.0,0.0,0.01,0.0,0.0,normal,normal,baixa,3,historico feriado (poucos dados),3.0
I19JC065519,0,,feriado,0.0,0.0,0.01,0.0,0.0,normal,normal,baixa,3,historico feriado (poucos dados),3.0
I19JC065519,1,,feriado,0.0,0.0,0.01,0.0,0.0,normal,normal,baixa,3,historico feriado (poucos dados),3.0
I19JC065519,2,,feriado,0.0,0.0,0.01,0.0,0.0,normal,normal,baixa,3,historico feriado (poucos dados),3.0
I19JC065519,3,,feriado,0.0,0.0,0.01,0.0,0.0,normal,normal,baixa,3,historico feriado (poucos dados),3.0
I19JC065519,4,,feriado,0.007,0.006,0.01,0.1,0.1,normal,normal,baixa,3,historico feriado (poucos dados),3.0
I19JC065519,5,,feriado,0.0,0.0,0.01,0.0,0.0,normal,normal,baixa,3,historico feriado (poucos dados),3.0
I19JC065519,6,,feriado,0.0,0.0,0.01,0.0,0.0,normal,normal,baixa,3,historico feriado (poucos dados),3.0
I19JC065519,7,,feriado,0.0,0.0,0.01,0.0,0.0,normal,normal,baixa,3,historico feriado (poucos dados),3.0
I19JC065519,8,,feriado,0.963,0.9477,0.2369,0.06,0.06,normal,normal,baixa,3,historico feriado (poucos dados),3.0
I19JC065519,9,,feriado,0.0,0.0,0.01,0.0,0.0,normal,normal,baixa,3,historico feriado (poucos dados),3.0
I19JC065519,10,,feriado,0.0,0.0,0.01,0.0,0.0,normal,normal,baixa,3,historico feriado (poucos dados),3.0
I19JC065519,11,,feriado,0.0,0.0,0.01,0.0,0.0,normal,normal,baixa,3,historico feriado (poucos dados),3.0
I19JC065519,12,,feriado,0.0,0.0,0.01,0.0,0.0,normal,normal,baixa,3,historico feriado (poucos dados),3.0
I19JC065519,13,,feriado,0.0,0.0,0.01,0.0,0.0,normal,normal,baixa,3,historico feriado (poucos dados),3.0
I19JC065519,14,,feriado,0.0,0.0,0.01,0.0,0.0,normal,normal,baixa,3,historico feriado (poucos dados),3.0
I19JC065519,15,,feriado,0.0,0.0,0.01,0.0,0.0,normal,normal,baixa,3,historico feriado (poucos dados),3.0
I19JC065519,16,,feriado,0.0,0.0,0.01,0.0,0.0,normal,normal,baixa,3,historico feriado (poucos dados),3.0
I19JC065519,17,,feriado,0.0,0.0,0.01,0.0,0.0,normal,normal,baixa,3,historico feriado (poucos dados),3.0
I19JC065519,18,,feriado,0.0,0.0,0.01,0.0,0.0,normal,normal,baixa,3,historico feriado (poucos dados),3.0
I19JC065519,19,,feriado,0.0,0.0,0.01,0.0,0.0,normal,normal,baixa,3,historico feriado (poucos dados),3.0
I19JC065519,20,,feriado,0.0,0.0,0.01,0.0,0.0,normal,normal,baixa,3,historico feriado (poucos dados),3.0
I19JC065519,21,,feriado,0.964,0.944,0.236,0.08,0.08,normal,normal,baixa,3,historico feriado (poucos dados),3.0
I19JC065519,22,,feriado,0.0,0.0,0.01,0.0,0.0,normal,normal,baixa,3,historico feriado (poucos dados),3.0
I19JC065519,23,,feriado,0.0,0.0,0.01,0.0,0.0,normal,normal,baixa,3,historico feriado (poucos dados),3.0
I19JC065533,0,,feriado,0.0,0.0001,0.01,-0.01,-0.01,normal,normal,baixa,17,fallback (30d recentes),3.0
I19JC065533,1,,feriado,0.0,0.0,0.01,0.0,0.0,normal,normal,baixa,3,historico feriado (poucos dados),3.0
I19JC065533,2,,feriado,0.0,0.0,0.01,0.0,0.0,normal,normal,baixa,3,historico feriado (poucos dados),3.0
I19JC065533,3,,feriado,0.0,0.0,0.01,0.0,0.0,normal,normal,baixa,3,historico feriado (poucos dados),3.0
I19JC065533,4,,feriado,0.0,0.0,0.01,0.0,0.0,normal,normal,baixa,3,historico feriado (poucos dados),3.0
I19JC065533,5,,feriado,0.001,0.0,0.01,0.1,0.1,normal,normal,baixa,3,historico feriado (poucos dados),3.0
I19JC065533,6,,feriado,0.0,0.0,0.01,0.0,0.0,normal,normal,baixa,3,historico feriado (poucos dados),3.0
I19JC065533,7,,feriado,0.0,0.0,0.01,0.0,0.0,normal,normal,baixa,3,historico feriado (poucos dados),3.0
I19JC065533,8,,feriado,0.0,0.0,0.01,0.0,0.0,normal,normal,baixa,3,historico feriado (poucos dados),3.0
I19JC065533,13,,feriado,0.0,0.0853,0.3995,-0.21,-0.21,normal,normal,baixa,22,fallback (30d recentes),3.0
I19JC065533,14,,feriado,0.0,0.0774,0.3629,-0.21,-0.21,normal,normal,baixa,22,fallback (30d recentes),3.0
I19JC065533,15,,feriado,0.0,0.0001,0.01,-0.01,-0.01,normal,normal,baixa,22,fallback (30d recentes),3.0
I19JC065533,16,,feriado,0.0,0.0001,0.01,-0.01,-0.01,normal,normal,baixa,22,fallback (30d recentes),3.0
I19JC065533,17,,feriado,0.0,0.001,0.01,-0.1,-0.1,normal,normal,baixa,2,historico feriado (poucos dados),3.0
I19JC065533,18,,feriado,0.0,0.0,0.01,0.0,0.0,normal,normal,baixa,2,historico feriado (poucos dados),3.0
I19JC065533,19,,feriado,0.0,0.0,0.01,0.0,0.0,normal,normal,baixa,2,historico feriado (poucos dados),3.0
I19JC065533,20,,feriado,0.0,0.0,0.01,0.0,0.0,normal,normal,baixa,2,historico feriado (poucos dados),3.0
I19JC065533,21,,feriado,0.001,0.0,0.01,0.1,0.1,normal,normal,baixa,17,fallback (30d recentes),3.0
I19JC065533,22,,feriado,0.0,0.0,0.01,0.0,0.0,normal,normal,baixa,17,fallback (30d recentes),3.0
I19JC065533,23,,feriado,0.0,0.0,0.01,0.0,0.0,normal,normal,baixa,17,fallback (30d recentes),3.0
I19JC065537,0,,feriado,0.007,0.0087,0.01,-0.17,-0.17,normal,normal,baixa,3,historico feriado (poucos dados),3.0
I19JC065537,1,,feriado,0.007,0.0083,0.01,-0.13,-0.13,normal,normal,baixa,3,historico feriado (poucos dados),3.0
I19JC065537,2,,feriado,0.008,0.008,0.01,0.0,0.0,normal,normal,baixa,3,historico feriado (poucos dados),3.0
I19JC065537,3,,feriado,0.007,0.0083,0.01,-0.13,-0.13,normal,normal,baixa,3,historico feriado (poucos dados),3.0
I19JC065537,4,,feriado,0.007,0.0087,0.01,-0.17,-0.17,normal,normal,baixa,3,historico feriado (poucos dados),3.0
I19JC065537,5,,feriado,0.007,0.008,0.01,-0.1,-0.1,normal,normal,baixa,3,historico feriado (poucos dados),3.0
I19JC065537,6,,feriado,0.007,0.0083,0.01,-0.13,-0.13,normal,normal,baixa,3,historico feriado (poucos dados),3.0
I19JC065537,7,,feriado,0.007,0.008,0.01,-0.1,-0.1,normal,normal,baixa,3,historico feriado (poucos dados),3.0
I19JC065537,8,,feriado,0.007,0.0347,0.0462,-0.6,-0.6,normal,normal,baixa,3,historico feriado (poucos dados),3.0
I19JC065537,9,,feriado,0.015,0.1087,0.1744,-0.54,-0.54,normal,normal,baixa,3,historico feriado (poucos dados),3.0
I19JC065537,10,,feriado,0.007,0.1445,0.193,-0.71,-0.71,normal,normal,baixa,2,historico feriado (poucos dados),3.0
I19JC065537,11,,feriado,0.007,0.089,0.1394,-0.59,-0.59,normal,normal,baixa,3,historico feriado (poucos dados),3.0
I19JC065537,12,,feriado,0.007,0.0703,0.1088,-0.58,-0.58,normal,normal,baixa,3,historico feriado (poucos dados),3.0
I19JC065537,13,,feriado,0.007,0.069,0.1057,-0.59,-0.59,normal,normal,baixa,3,historico feriado (poucos dados),3.0
I19JC065537,14,,feriado,0.007,0.0737,0.1137,-0.59,-0.59,normal,normal,baixa,3,historico feriado (poucos dados),3.0
I19JC065537,15,,feriado,0.007,0.014,0.01,-0.7,-0.7,normal,normal,baixa,3,historico feriado (poucos dados),3.0
I19JC065537,16,,feriado,0.007,0.0077,0.01,-0.07,-0.07,normal,normal,baixa,3,historico feriado (poucos dados),3.0
I19JC065537,17,,feriado,0.007,0.0357,0.0479,-0.6,-0.6,normal,normal,baixa,3,historico feriado (poucos dados),3.0
I19JC065537,18,,feriado,0.007,0.0533,0.0785,-0.59,-0.59,normal,normal,baixa,3,historico feriado (poucos dados),3.0
I19JC065537,19,,feriado,0.007,0.031,0.039,-0.62,-0.62,normal,normal,baixa,3,historico feriado (poucos dados),3.0
I19JC065537,20,,feriado,0.007,0.15,0.246,-0.58,-0.58,normal,normal,baixa,3,historico feriado (poucos dados),3.0
I19JC065537,21,,feriado,0.007,0.0093,0.01,-0.23,-0.23,normal,normal,baixa,3,historico feriado (poucos dados),3.0
I19JC065537,22,,feriado,0.007,0.0073,0.01,-0.03,-0.03,normal,normal,baixa,3,historico feriado (poucos dados),3.0
I19JC065537,23,,feriado,0.007,0.007,0.01,0.0,0.0,normal,normal,baixa,3,historico feriado (poucos dados),3.0
I19JC065564I,0,,feriado,0.127,0.031,0.01,9.6,9.6,desvio,acima,baixa,2,historico feriado (poucos dados),3.0
I19JC065564I,1,,feriado,0.0,0.068,0.041,-1.66,-1.66,normal,normal,baixa,2,historico feriado (poucos dados),3.0
I19JC065564I,2,,feriado,0.001,0.008,0.01,-0.7,-0.7,normal,normal,baixa,2,historico feriado (poucos dados),3.0
I19JC065564I,3,,feriado,0.006,0.0105,0.01,-0.45,-0.45,normal,normal,baixa,2,historico feriado (poucos dados),3.0
I19JC065564I,8,,feriado,0.263,0.1225,0.0306,4.59,4.59,desvio,acima,baixa,2,historico feriado (poucos dados),3.0
I19JC065564I,9,,feriado,0.122,0.101,0.0253,0.83,0.83,normal,normal,baixa,2,historico feriado (poucos dados),3.0
I19JC065564I,10,,feriado,0.14,0.081,0.0202,2.91,2.91,normal,normal,baixa,2,historico feriado (poucos dados),3.0
I19JC065564I,11,,feriado,0.083,0.111,0.0382,-0.73,-0.73,normal,normal,baixa,2,historico feriado (poucos dados),3.0
I19JC065564I,12,,feriado,0.148,0.319,0.1646,-1.04,-1.04,normal,normal,baixa,3,historico feriado (poucos dados),3.0
I19JC065564I,13,,feriado,0.087,0.092,0.023,-0.22,-0.22,normal,normal,baixa,3,historico feriado (poucos dados),3.0
I19JC065564I,14,,feriado,0.098,0.0627,0.0255,1.39,1.39,normal,normal,baixa,3,historico feriado (poucos dados),3.0
I19JC065564I,15,,feriado,0.22,0.1027,0.0341,3.44,3.44,desvio,acima,baixa,3,historico feriado (poucos dados),3.0
I19JC065564I,16,,feriado,0.031,0.117,0.0314,-2.74,-2.74,normal,normal,baixa,3,historico feriado (poucos dados),3.0
I19JC065564I,17,,feriado,0.02,0.0933,0.0743,-0.99,-0.99,normal,normal,baixa,3,historico feriado (poucos dados),3.0
I19JC065564I,18,,feriado,0.045,0.0793,0.0304,-1.13,-1.13,normal,normal,baixa,3,historico feriado (poucos dados),3.0
I19JC065564I,19,,feriado,0.056,0.111,0.0624,-0.88,-0.88,normal,normal,baixa,3,historico feriado (poucos dados),3.0
I19JC065564I,20,,feriado,0.297,0.0963,0.0336,5.98,5.98,desvio,acima,baixa,3,historico feriado (poucos dados),3.0
I19JC065564I,21,,feriado,0.031,0.101,0.0252,-2.77,-2.77,normal,normal,baixa,3,historico feriado (poucos dados),3.0
I19JC065564I,22,,feriado,0.056,0.0287,0.01,2.73,2.73,normal,normal,baixa,3,historico feriado (poucos dados),3.0
I19JC065564I,23,,feriado,0.024,0.0637,0.0601,-0.66,-0.66,normal,normal,baixa,3,historico feriado (poucos dados),3.0
I19JE047347N,0,,feriado,0.007,0.01,0.01,-0.3,-0.3,normal,normal,baixa,3,historico feriado (poucos dados),3.0
I19JE047347N,1,,feriado,0.007,0.0103,0.01,-0.33,-0.33,normal,normal,baixa,3,historico feriado (poucos dados),3.0
I19JE047347N,2,,feriado,0.006,0.0105,0.01,-0.45,-0.45,normal,normal,baixa,2,historico feriado (poucos dados),3.0
I19JE047347N,3,,feriado,0.006,0.009,0.01,-0.3,-0.3,normal,normal,baixa,3,historico feriado (poucos dados),3.0
I19JE047347N,4,,feriado,0.006,0.009,0.01,-0.3,-0.3,normal,normal,baixa,3,historico feriado (poucos dados),3.0
I19JE047347N,5,,feriado,0.006,0.0093,0.01,-0.33,-0.33,normal,normal,baixa,3,historico feriado (poucos dados),3.0
I19JE047347N,6,,feriado,0.007,0.01,0.01,-0.3,-0.3,normal,normal,baixa,3,historico feriado (poucos dados),3.0
I19JE047347N,7,,feriado,0.008,0.013,0.01,-0.5,-0.5,normal,normal,baixa,3,historico feriado (poucos dados),3.0
I19JE047347N,8,,feriado,0.007,0.0107,0.01,-0.37,-0.37,normal,normal,baixa,3,historico feriado (poucos dados),3.0
I19JE047347N,9,,feriado,0.008,0.0107,0.01,-0.27,-0.27,normal,normal,baixa,3,historico feriado (poucos dados),3.0
I19JE047347N,10,,feriado,0.007,0.0107,0.01,-0.37,-0.37,normal,normal,baixa,3,historico feriado (poucos dados),3.0
I19JE047347N,11,,feriado,0.008,0.0117,0.01,-0.37,-0.37,normal,normal,baixa,3,historico feriado (poucos dados),3.0
I19JE047347N,12,,feriado,0.007,0.0107,0.01,-0.37,-0.37,normal,normal,baixa,3,historico feriado (poucos dados),3.0
I19JE047347N,13,,feriado,0.009,0.0113,0.01,-0.23,-0.23,normal,normal,baixa,3,historico feriado (poucos dados),3.0
I19JE047347N,14,,feriado,0.007,0.011,0.01,-0.4,-0.4,normal,normal,baixa,3,historico feriado (poucos dados),3.0
I19JE047347N,15,,feriado,0.008,0.0107,0.01,-0.27,-0.27,normal,normal,baixa,3,historico feriado (poucos dados),3.0
I19JE047347N,16,,feriado,0.007,0.011,0.01,-0.4,-0.4,normal,normal,baixa,3,historico feriado (poucos dados),3.0
I19JE047347N,17,,feriado,0.008,0.0103,0.01,-0.23,-0.23,normal,normal,baixa,3,historico feriado (poucos dados),3.0
I19JE047347N,18,,feriado,0.008,0.011,0.01,-0.3,-0.3,normal,normal,baixa,3,historico feriado (poucos dados),3.0
I19JE047347N,19,,feriado,0.008,0.0107,0.01,-0.27,-0.27,normal,normal,baixa,3,historico feriado (poucos dados),3.0
I19JE047347N,20,,feriado,0.008,0.0107,0.01,-0.27,-0.27,normal,normal,baixa,3,historico feriado (poucos dados),3.0
I19JE047347N,21,,feriado,0.007,0.0107,0.01,-0.37,-0.37,normal,normal,baixa,3,historico feriado (poucos dados),3.0
I19JE047347N,22,,feriado,0.007,0.0103,0.01,-0.33,-0.33,normal,normal,baixa,3,historico feriado (poucos dados),3.0
I19JE047347N,23,,feriado,0.007,0.0107,0.01,-0.37,-0.37,normal,normal,baixa,3,historico feriado (poucos dados),3.0
I19JE047349,0,,feriado,0.0,0.0,0.01,0.0,0.0,normal,normal,baixa,3,historico feriado (poucos dados),3.0
I19JE055638,0,,feriado,0.0,0.0,0.01,0.0,0.0,normal,normal,baixa,18,fallback (30d recentes),3.0
I19JE055638,1,,feriado,0.0,0.0,0.01,0.0,0.0,normal,normal,baixa,21,fallback (30d recentes),3.0
I19JE055638,2,,feriado,0.0,0.0,0.01,0.0,0.0,normal,normal,baixa,21,fallback (30d recentes),3.0
I19JE055638,3,,feriado,0.0,0.0,0.01,0.0,0.0,normal,normal,baixa,22,fallback (30d recentes),3.0
I19JE055638,4,,feriado,0.0,0.0,0.01,0.0,0.0,normal,normal,baixa,3,historico feriado (poucos dados),3.0
I19JE055638,5,,feriado,0.0,0.0,0.01,0.0,0.0,normal,normal,baixa,3,historico feriado (poucos dados),3.0
I19JE055638,6,,feriado,0.0,0.0,0.01,0.0,0.0,normal,normal,baixa,3,historico feriado (poucos dados),3.0
I19JE055638,7,,feriado,0.0,0.0,0.01,0.0,0.0,normal,normal,baixa,3,historico feriado (poucos dados),3.0
I19JE055638,8,,feriado,0.0,0.0,0.01,0.0,0.0,normal,normal,baixa,3,historico feriado (poucos dados),3.0
I19JE055638,9,,feriado,0.0,0.0,0.01,0.0,0.0,normal,normal,baixa,3,historico feriado (poucos dados),3.0
I19JE055638,10,,feriado,0.0,0.0,0.01,0.0,0.0,normal,normal,baixa,3,historico feriado (poucos dados),3.0
I19JE055638,11,,feriado,0.0,0.0,0.01,0.0,0.0,normal,normal,baixa,3,historico feriado (poucos dados),3.0
I19JE055638,12,,feriado,0.0,0.0,0.01,0.0,0.0,normal,normal,baixa,3,historico feriado (poucos dados),3.0
I19JE055638,13,,feriado,0.0,0.0,0.01,0.0,0.0,normal,normal,baixa,3,historico feriado (poucos dados),3.0
I19JE055638,14,,feriado,0.0,0.0,0.01,0.0,0.0,normal,normal,baixa,3,historico feriado (poucos dados),3.0
I19JE055638,15,,feriado,0.0,0.0,0.01,0.0,0.0,normal,normal,baixa,3,historico feriado (poucos dados),3.0
I19JE055638,16,,feriado,0.0,0.0,0.01,0.0,0.0,normal,normal,baixa,3,historico feriado (poucos dados),3.0
I19JE055638,17,,feriado,0.0,0.0,0.01,0.0,0.0,normal,normal,baixa,3,historico feriado (poucos dados),3.0
I19JE055638,18,,feriado,0.0,0.0,0.01,0.0,0.0,normal,normal,baixa,3,historico feriado (poucos dados),3.0
I19JE055638,19,,feriado,0.0,0.0,0.01,0.0,0.0,normal,normal,baixa,3,historico feriado (poucos dados),3.0
I19MF924543A,0,,feriado,0.0,0.0,0.01,0.0,0.0,normal,normal,baixa,3,historico feriado (poucos dados),3.0
I19MF924543A,1,,feriado,0.0,0.0,0.01,0.0,0.0,normal,normal,baixa,3,historico feriado (poucos dados),3.0
I19MF924543A,2,,feriado,0.0,0.0,0.01,0.0,0.0,normal,normal,baixa,3,historico feriado (poucos dados),3.0
I19MF924543A,3,,feriado,0.0,0.0,0.01,0.0,0.0,normal,normal,baixa,3,historico feriado (poucos dados),3.0
I19MF924543A,4,,feriado,0.0,0.0,0.01,0.0,0.0,normal,normal,baixa,3,historico feriado (poucos dados),3.0
I19MF924543A,5,,feriado,0.0,0.0,0.01,0.0,0.0,normal,normal,baixa,3,historico feriado (poucos dados),3.0
I19MF924543A,6,,feriado,0.0,0.0,0.01,0.0,0.0,normal,normal,baixa,3,historico feriado (poucos dados),3.0
I19MF924543A,7,,feriado,0.0,0.0,0.01,0.0,0.0,normal,normal,baixa,2,historico feriado (poucos dados),3.0
I19MF924543A,8,,feriado,0.0,0.0,0.01,0.0,0.0,normal,normal,baixa,3,historico feriado (poucos dados),3.0
I19MF924543A,9,,feriado,0.0,0.0,0.01,0.0,0.0,normal,normal,baixa,3,historico feriado (poucos dados),3.0
I19MF924543A,10,,feriado,0.0,0.0,0.01,0.0,0.0,normal,normal,baixa,3,historico feriado (poucos dados),3.0
I19MF924543A,11,,feriado,0.0,0.0,0.01,0.0,0.0,normal,normal,baixa,3,historico feriado (poucos dados),3.0
I19MF924543A,12,,feriado,0.0,0.0,0.01,0.0,0.0,normal,normal,baixa,3,historico feriado (poucos dados),3.0
I19MF924543A,13,,feriado,0.0,0.0,0.01,0.0,0.0,normal,normal,baixa,3,historico feriado (poucos dados),3.0
I19MF924543A,14,,feriado,0.0,0.0,0.01,0.0,0.0,normal,normal,baixa,3,historico feriado (poucos dados),3.0
I19MF924543A,15,,feriado,0.0,0.0,0.01,0.0,0.0,normal,normal,baixa,2,historico feriado (poucos dados),3.0
I19MF924543A,16,,feriado,0.0,0.0,0.01,0.0,0.0,normal,normal,baixa,3,historico feriado (poucos dados),3.0
I19MF924543A,17,,feriado,0.0,0.0,0.01,0.0,0.0,normal,normal,baixa,3,historico feriado (poucos dados),3.0
I19MF924543A,18,,feriado,0.0,0.0,0.01,0.0,0.0,normal,normal,baixa,3,historico feriado (poucos dados),3.0
I19MF924543A,19,,feriado,0.0,0.0,0.01,0.0,0.0,normal,normal,baixa,3,historico feriado (poucos dados),3.0
I19MF924543A,20,,feriado,0.0,0.0,0.01,0.0,0.0,normal,normal,baixa,3,historico feriado (poucos dados),3.0
I19MF924543A,21,,feriado,0.0,0.0,0.01,0.0,0.0,normal,normal,baixa,3,historico feriado (poucos dados),3.0
I19MF924543A,22,,feriado,0.0,0.0,0.01,0.0,0.0,normal,normal,baixa,3,historico feriado (poucos dados),3.0
I19MF924543A,23,,feriado,0.0,0.0,0.01,0.0,0.0,normal,normal,baixa,3,historico feriado (poucos dados),3.0
I19MF927865,0,,feriado,5.96,6.0133,5.2873,-0.01,-0.01,normal,normal,baixa,3,historico feriado (poucos dados),3.0
I19MF927865,1,,feriado,0.0,0.0,0.01,0.0,0.0,normal,normal,baixa,3,historico feriado (poucos dados),3.0
I19MF927865,2,,feriado,0.0,0.0,0.01,0.0,0.0,normal,normal,baixa,3,historico feriado (poucos dados),3.0
I19MF927865,3,,feriado,0.0,0.0,0.01,0.0,0.0,normal,normal,baixa,3,historico feriado (poucos dados),3.0
I19MF927865,4,,feriado,0.0,0.0,0.01,0.0,0.0,normal,normal,baixa,3,historico feriado (poucos dados),3.0
I19MF927865,5,,feriado,0.0,0.1271,0.6728,-0.19,-0.19,normal,normal,baixa,28,fallback (30d recentes),3.0
I19MF927865,6,,feriado,0.0,0.1982,1.0489,-0.19,-0.19,normal,normal,baixa,28,fallback (30d recentes),3.0
I19MF927865,7,,feriado,0.0,0.1121,0.5411,-0.21,-0.21,normal,normal,baixa,28,fallback (30d recentes),3.0
I19MF927865,8,,feriado,5.06,0.1004,0.5175,9.58,9.58,desvio,acima,baixa,28,fallback (30d recentes),3.0
I19MF927865,9,,feriado,0.0,0.0,0.01,0.0,0.0,normal,normal,baixa,3,historico feriado (poucos dados),3.0
I19MF927865,10,,feriado,0.0,0.7533,1.3048,-0.58,-0.58,normal,normal,baixa,3,historico feriado (poucos dados),3.0
I19MF927865,11,,feriado,0.0,1.0767,1.8648,-0.58,-0.58,normal,normal,baixa,3,historico feriado (poucos dados),3.0
I19MF927865,12,,feriado,0.0,1.6867,2.9214,-0.58,-0.58,normal,normal,baixa,3,historico feriado (poucos dados),3.0
I19MF927865,13,,feriado,0.0,0.06,0.1039,-0.58,-0.58,normal,normal,baixa,3,historico feriado (poucos dados),3.0
I19MF927865,14,,feriado,0.0,0.0,0.01,0.0,0.0,normal,normal,baixa,3,historico feriado (poucos dados),3.0
I19MF927865,15,,feriado,0.0,0.0,0.01,0.0,0.0,normal,normal,baixa,3,historico feriado (poucos dados),3.0
I19MF927865,16,,feriado,0.0,0.0,0.01,0.0,0.0,normal,normal,baixa,3,historico feriado (poucos dados),3.0
I19MF927865,17,,feriado,0.0,1.1,1.9053,-0.58,-0.58,normal,normal,baixa,3,historico feriado (poucos dados),3.0
I19MF927865,18,,feriado,0.0,0.65,1.1258,-0.58,-0.58,normal,normal,baixa,3,historico feriado (poucos dados),3.0
I19MF927865,19,,feriado,0.0,0.0,0.01,0.0,0.0,normal,normal,baixa,3,historico feriado (poucos dados),3.0
I19MF927865,20,,feriado,0.0,0.0,0.01,0.0,0.0,normal,normal,baixa,3,historico feriado (poucos dados),3.0
I19MF927865,21,,feriado,0.0,0.0,0.01,0.0,0.0,normal,normal,baixa,3,historico feriado (poucos dados),3.0
I19MF927865,22,,feriado,0.0,1.29,2.2343,-0.58,-0.58,normal,normal,baixa,3,historico feriado (poucos dados),3.0
I19MF927865,23,,feriado,0.0,4.56,7.8982,-0.58,-0.58,normal,normal,baixa,3,historico feriado (poucos dados),3.0
I19MF927868E,0,,feriado,0.0,0.0,0.01,0.0,0.0,normal,normal,baixa,3,historico feriado (poucos dados),3.0
I19MF927868E,1,,feriado,0.0,0.0,0.01,0.0,0.0,normal,normal,baixa,3,historico feriado (poucos dados),3.0
I19MF927868E,2,,feriado,0.0,0.0,0.01,0.0,0.0,normal,normal,baixa,3,historico feriado (poucos dados),3.0
I19MF927868E,3,,feriado,0.0,0.0,0.01,0.0,0.0,normal,normal,baixa,3,historico feriado (poucos dados),3.0
I19MF927868E,4,,feriado,0.0,0.0,0.01,0.0,0.0,normal,normal,baixa,3,historico feriado (poucos dados),3.0
I19MF927868E,5,,feriado,0.0,0.0,0.01,0.0,0.0,normal,normal,baixa,3,historico feriado (poucos dados),3.0
I19MF927868E,6,,feriado,0.0,0.0,0.01,0.0,0.0,normal,normal,baixa,3,historico feriado (poucos dados),3.0
I19MF927868E,7,,feriado,0.0,0.0,0.01,0.0,0.0,normal,normal,baixa,3,historico feriado (poucos dados),3.0
I19MF927868E,8,,feriado,0.0,0.0,0.01,0.0,0.0,normal,normal,baixa,3,historico feriado (poucos dados),3.0
I19MF927868E,9,,feriado,0.0,0.0,0.01,0.0,0.0,normal,normal,baixa,3,historico feriado (poucos dados),3.0
I19MF927868E,10,,feriado,0.0,0.0,0.01,0.0,0.0,normal,normal,baixa,2,historico feriado (poucos dados),3.0
I19MF927868E,11,,feriado,0.0,0.0,0.01,0.0,0.0,normal,normal,baixa,3,historico feriado (poucos dados),3.0
I19MF927868E,12,,feriado,0.0,0.0,0.01,0.0,0.0,normal,normal,baixa,3,historico feriado (poucos dados),3.0
I19MF927868E,13,,feriado,0.0,0.0,0.01,0.0,0.0,normal,normal,baixa,3,historico feriado (poucos dados),3.0
I19MF927868E,14,,feriado,0.0,0.0,0.01,0.0,0.0,normal,normal,baixa,2,historico feriado (poucos dados),3.0
I19MF927868E,15,,feriado,0.0,0.0,0.01,0.0,0.0,normal,normal,baixa,2,historico feriado (poucos dados),3.0
I19MF927868E,16,,feriado,0.0,0.0,0.01,0.0,0.0,normal,normal,baixa,2,historico feriado (poucos dados),3.0
I19MF927868E,17,,feriado,0.0,0.0,0.01,0.0,0.0,normal,normal,baixa,2,historico feriado (poucos dados),3.0
I19MF927868E,18,,feriado,0.0,0.0,0.01,0.0,0.0,normal,normal,baixa,3,historico feriado (poucos dados),3.0
I19MF927868E,19,,feriado,0.0,0.0,0.01,0.0,0.0,normal,normal,baixa,3,historico feriado (poucos dados),3.0
I19MF927868E,20,,feriado,0.0,0.0,0.01,0.0,0.0,normal,normal,baixa,3,historico feriado (poucos dados),3.0
I19MF927868E,21,,feriado,0.0,0.0,0.01,0.0,0.0,normal,normal,baixa,3,historico feriado (poucos dados),3.0
I19MF927868E,22,,feriado,0.0,0.0,0.01,0.0,0.0,normal,normal,baixa,3,historico feriado (poucos dados),3.0
I19MF927868E,23,,feriado,0.0,0.0,0.01,0.0,0.0,normal,normal,baixa,3,historico feriado (poucos dados),3.0
I20JE060955,0,,feriado,0.0,0.0,0.01,0.0,0.0,normal,normal,baixa,3,historico feriado (poucos dados),3.0
I20JE060957,0,,feriado,0.072,0.0753,0.037,-0.09,-0.09,normal,normal,baixa,3,historico feriado (poucos dados),3.0
I20JE060957,1,,feriado,0.041,0.0253,0.01,1.57,1.57,normal,normal,baixa,3,historico feriado (poucos dados),3.0
I20JE060957,2,,feriado,0.027,0.0233,0.01,0.37,0.37,normal,normal,baixa,3,historico feriado (poucos dados),3.0
I20JE060957,3,,feriado,0.019,0.0143,0.01,0.47,0.47,normal,normal,baixa,3,historico feriado (poucos dados),3.0
I20JE060957,4,,feriado,0.017,0.013,0.01,0.4,0.4,normal,normal,baixa,3,historico feriado (poucos dados),3.0
I20JE060957,5,,feriado,0.019,0.0167,0.01,0.23,0.23,normal,normal,baixa,3,historico feriado (poucos dados),3.0
I20JE060957,6,,feriado,0.022,0.0433,0.0287,-0.74,-0.74,normal,normal,baixa,3,historico feriado (poucos dados),3.0
I20JE060957,7,,feriado,0.023,0.0723,0.054,-0.91,-0.91,normal,normal,baixa,3,historico feriado (poucos dados),3.0
I20JE060957,8,,feriado,0.079,0.1205,0.0728,-0.57,-0.57,normal,normal,baixa,2,historico feriado (poucos dados),3.0
I20JE060957,9,,feriado,0.13,0.092,0.0339,1.12,1.12,normal,normal,baixa,2,historico feriado (poucos dados),3.0
I20JE060957,10,,feriado,0.184,0.1275,0.0319,1.77,1.77,normal,normal,baixa,2,historico feriado (poucos dados),3.0
I20JE060957,11,,feriado,0.167,0.1055,0.0264,2.33,2.33,normal,normal,baixa,2,historico feriado (poucos dados),3.0
I20JE060957,12,,feriado,0.205,0.29,0.2021,-0.42,-0.42,normal,normal,baixa,3,historico feriado (poucos dados),3.0
I20JE060957,13,,feriado,0.182,0.179,0.0448,0.07,0.07,normal,normal,baixa,3,historico feriado (poucos dados),3.0
I20JE060957,14,,feriado,0.135,0.3017,0.143,-1.17,-1.17,normal,normal,baixa,3,historico feriado (poucos dados),3.0
I20JE060957,15,,feriado,0.075,0.2343,0.1464,-1.09,-1.09,normal,normal,baixa,3,historico feriado (poucos dados),3.0
I20JE060957,16,,feriado,0.05,0.172,0.0743,-1.64,-1.64,normal,normal,baixa,3,historico feriado (poucos dados),3.0
I20JE060957,17,,feriado,0.044,0.1053,0.0344,-1.78,-1.78,normal,normal,baixa,3,historico feriado (poucos dados),3.0
I20JE060957,18,,feriado,0.058,0.1837,0.2272,-0.55,-0.55,normal,normal,baixa,3,historico feriado (poucos dados),3.0
I20JE060957,19,,feriado,0.081,0.1197,0.0522,-0.74,-0.74,normal,normal,baixa,3,historico feriado (poucos dados),3.0
I20JE060957,20,,feriado,0.168,0.175,0.0437,-0.16,-0.16,normal,normal,baixa,3,historico feriado (poucos dados),3.0
I20JE060957,21,,feriado,0.156,0.186,0.0565,-0.53,-0.53,normal,normal,baixa,3,historico feriado (poucos dados),3.0
I20JE060957,22,,feriado,0.156,0.1107,0.0884,0.51,0.51,normal,normal,baixa,3,historico feriado (poucos dados),3.0
I20JE060957,23,,feriado,0.108,0.084,0.037,0.65,0.65,normal,normal,baixa,3,historico feriado (poucos dados),3.0
I20JE060958,16,,feriado,0.0,0.0,0.01,0.0,0.0,normal,normal,baixa,3,historico feriado (poucos dados),3.0
I20JE060958,17,,feriado,0.0,0.0,0.01,0.0,0.0,normal,normal,baixa,3,historico feriado (poucos dados),3.0
I20JE060958,18,,feriado,0.0,0.0,0.01,0.0,0.0,normal,normal,baixa,3,historico feriado (poucos dados),3.0
I20JE060958,19,,feriado,0.0,0.0,0.01,0.0,0.0,normal,normal,baixa,3,historico feriado (poucos dados),3.0
I20JE060958,20,,feriado,0.0,0.0,0.01,0.0,0.0,normal,normal,baixa,3,historico feriado (poucos dados),3.0
I20JE060958,21,,feriado,0.0,0.0,0.01,0.0,0.0,normal,normal,baixa,3,historico feriado (poucos dados),3.0
I20JE060958,22,,feriado,0.0,0.0,0.01,0.0,0.0,normal,normal,baixa,3,historico feriado (poucos dados),3.0
I20JE060958,23,,feriado,0.0,0.0,0.01,0.0,0.0,normal,normal,baixa,3,historico feriado (poucos dados),3.0
I20JE060959,0,,feriado,0.076,0.0753,0.0188,0.04,0.04,normal,normal,baixa,3,historico feriado (poucos dados),3.0
I20JE060959,1,,feriado,0.076,0.0757,0.0189,0.02,0.02,normal,normal,baixa,3,historico feriado (poucos dados),3.0
I20JE060959,2,,feriado,0.077,0.0763,0.0191,0.03,0.03,normal,normal,baixa,3,historico feriado (poucos dados),3.0
I20JE060959,3,,feriado,0.077,0.076,0.019,0.05,0.05,normal,normal,baixa,3,historico feriado (poucos dados),3.0
I20JE060959,4,,feriado,0.077,0.0767,0.0192,0.02,0.02,normal,normal,baixa,3,historico feriado (poucos dados),3.0
I20JE060959,5,,feriado,0.077,0.076,0.019,0.05,0.05,normal,normal,baixa,3,historico feriado (poucos dados),3.0
I20JE060959,6,,feriado,0.076,0.0767,0.0192,-0.03,-0.03,normal,normal,baixa,3,historico feriado (poucos dados),3.0
I20JE060959,7,,feriado,0.076,0.076,0.019,0.0,0.0,normal,normal,baixa,3,historico feriado (poucos dados),3.0
I20JE060959,8,,feriado,0.076,0.0753,0.0188,0.04,0.04,normal,normal,baixa,3,historico feriado (poucos dados),3.0
I20JE060959,9,,feriado,0.075,0.0743,0.0186,0.04,0.04,normal,normal,baixa,3,historico feriado (poucos dados),3.0
I20JE060959,10,,feriado,0.076,0.0747,0.0187,0.07,0.07,normal,normal,baixa,3,historico feriado (poucos dados),3.0
I20JE060959,11,,feriado,0.075,0.4567,0.3644,-1.05,-1.05,normal,normal,baixa,21,fallback (30d recentes),3.0
I20JE060959,12,,feriado,0.074,0.2471,0.1344,-1.29,-1.29,normal,normal,baixa,21,fallback (30d recentes),3.0
I20JE060959,13,,feriado,0.075,0.2949,0.208,-1.06,-1.06,normal,normal,baixa,21,fallback (30d recentes),3.0
I20JE060959,14,,feriado,0.075,0.233,0.1383,-1.14,-1.14,normal,normal,baixa,21,fallback (30d recentes),3.0
I20JE060959,15,,feriado,0.075,0.2727,0.1713,-1.15,-1.15,normal,normal,baixa,3,historico feriado (poucos dados),3.0
I20JE060959,16,,feriado,0.075,0.0747,0.0187,0.02,0.02,normal,normal,baixa,3,historico feriado (poucos dados),3.0
I20JE060959,17,,feriado,0.076,0.0747,0.0187,0.07,0.07,normal,normal,baixa,3,historico feriado (poucos dados),3.0
I20JE060959,18,,feriado,0.075,0.0747,0.0187,0.02,0.02,normal,normal,baixa,3,historico feriado (poucos dados),3.0
I20JE060959,19,,feriado,0.076,0.0743,0.0186,0.09,0.09,normal,normal,baixa,3,historico feriado (poucos dados),3.0
I20JE060959,20,,feriado,0.075,0.0747,0.0187,0.02,0.02,normal,normal,baixa,3,historico feriado (poucos dados),3.0
I20JE060959,21,,feriado,0.075,0.0747,0.0187,0.02,0.02,normal,normal,baixa,3,historico feriado (poucos dados),3.0
I20JE060959,22,,feriado,0.075,0.0747,0.0187,0.02,0.02,normal,normal,baixa,3,historico feriado (poucos dados),3.0
I20JE060959,23,,feriado,0.076,0.0753,0.0188,0.04,0.04,normal,normal,baixa,3,historico feriado (poucos dados),3.0
I20JE067857,0,,feriado,0.182,0.0243,0.0202,7.8,7.8,desvio,acima,baixa,3,historico feriado (poucos dados),3.0
I20JE067857,1,,feriado,0.001,0.008,0.01,-0.7,-0.7,normal,normal,baixa,3,historico feriado (poucos dados),3.0
I20JE067857,2,,feriado,0.0,0.0063,0.0101,-0.63,-0.63,normal,normal,baixa,3,historico feriado (poucos dados),3.0
I20JE067857,3,,feriado,0.0,0.0063,0.01,-0.63,-0.63,normal,normal,baixa,3,historico feriado (poucos dados),3.0
I20JE067857,4,,feriado,0.0,0.008,0.01,-0.8,-0.8,normal,normal,baixa,3,historico feriado (poucos dados),3.0
I20JE067857,5,,feriado,0.0,0.0077,0.01,-0.77,-0.77,normal,normal,baixa,3,historico feriado (poucos dados),3.0
I20JE067857,6,,feriado,0.001,0.0123,0.01,-1.13,-1.13,normal,normal,baixa,3,historico feriado (poucos dados),3.0
I20JE067857,7,,feriado,0.189,0.0843,0.0609,1.72,1.72,normal,normal,baixa,3,historico feriado (poucos dados),3.0
I20JE067857,8,,feriado,0.104,0.211,0.0527,-2.03,-2.03,normal,normal,baixa,3,historico feriado (poucos dados),3.0
I20JE067857,9,,feriado,0.147,0.157,0.1393,-0.07,-0.07,normal,normal,baixa,3,historico feriado (poucos dados),3.0
I20JE067857,10,,feriado,0.041,0.2007,0.1022,-1.56,-1.56,normal,normal,baixa,3,historico feriado (poucos dados),3.0
I20JE067857,11,,feriado,0.202,0.1463,0.1356,0.41,0.41,normal,normal,baixa,3,historico feriado (poucos dados),3.0
I20JE067857,12,,feriado,0.301,0.118,0.0595,3.08,3.08,desvio,acima,baixa,3,historico feriado (poucos dados),3.0
I20JE067857,13,,feriado,0.14,0.123,0.047,0.36,0.36,normal,normal,baixa,3,historico feriado (poucos dados),3.0
I20JE067857,14,,feriado,0.207,0.1657,0.0414,1.0,1.0,normal,normal,baixa,3,historico feriado (poucos dados),3.0
I20JE067857,15,,feriado,0.054,0.103,0.0915,-0.54,-0.54,normal,normal,baixa,3,historico feriado (poucos dados),3.0
I20JE067857,16,,feriado,0.074,0.0997,0.08,-0.32,-0.32,normal,normal,baixa,3,historico feriado (poucos dados),3.0
I20JE067857,17,,feriado,0.072,0.147,0.0535,-1.4,-1.4,normal,normal,baixa,3,historico feriado (poucos dados),3.0
I20JE067857,18,,feriado,0.07,0.0817,0.081,-0.14,-0.14,normal,normal,baixa,3,historico feriado (poucos dados),3.0
I20JE067857,19,,feriado,0.11,0.122,0.0439,-0.27,-0.27,normal,normal,baixa,3,historico feriado (poucos dados),3.0
I20JE067857,20,,feriado,0.15,0.069,0.0632,1.28,1.28,normal,normal,baixa,3,historico feriado (poucos dados),3.0
I20JE067857,21,,feriado,0.042,0.0537,0.0447,-0.26,-0.26,normal,normal,baixa,3,historico feriado (poucos dados),3.0
I20JE067857,22,,feriado,0.157,0.156,0.0652,0.02,0.02,normal,normal,baixa,3,historico feriado (poucos dados),3.0
I20JE067857,23,,feriado,0.001,0.0443,0.0404,-1.07,-1.07,normal,normal,baixa,3,historico feriado (poucos dados),3.0
I20JE067858,0,,feriado,0.069,0.214,0.1348,-1.08,-1.08,normal,normal,baixa,3,historico feriado (poucos dados),3.0
I20JE067858,1,,feriado,0.037,0.1297,0.1233,-0.75,-0.75,normal,normal,baixa,3,historico feriado (poucos dados),3.0
I20JE067858,2,,feriado,0.019,0.0493,0.0222,-1.36,-1.36,normal,normal,baixa,3,historico feriado (poucos dados),3.0
I20JE067858,3,,feriado,0.017,0.0387,0.0185,-1.17,-1.17,normal,normal,baixa,3,historico feriado (poucos dados),3.0
I20JE067858,4,,feriado,0.003,0.019,0.0295,-0.54,-0.54,normal,normal,baixa,3,historico feriado (poucos dados),3.0
I20JE067858,5,,feriado,0.014,0.0363,0.0445,-0.5,-0.5,normal,normal,baixa,3,historico feriado (poucos dados),3.0
I20JE067858,6,,feriado,0.058,0.1407,0.1475,-0.56,-0.56,normal,normal,baixa,3,historico feriado (poucos dados),3.0
I20JE067858,7,,feriado,1.234,0.7327,0.5484,0.91,0.91,normal,normal,baixa,3,historico feriado (poucos dados),3.0
I20JE067858,8,,feriado,0.447,0.4253,0.1063,0.2,0.2,normal,normal,baixa,3,historico feriado (poucos dados),3.0
I20JE067858,9,,feriado,0.494,0.5653,0.1413,-0.5,-0.5,normal,normal,baixa,3,historico feriado (poucos dados),3.0
I20JE067858,10,,feriado,0.591,0.812,0.4246,-0.52,-0.52,normal,normal,baixa,3,historico feriado (poucos dados),3.0
I20JE067858,11,,feriado,0.348,0.5233,0.1308,-1.34,-1.34,normal,normal,baixa,3,historico feriado (poucos dados),3.0
I20JE067858,12,,feriado,0.38,0.4633,0.1158,-0.72,-0.72,normal,normal,baixa,3,historico feriado (poucos dados),3.0
I20JE067858,13,,feriado,0.674,0.4383,0.1096,2.15,2.15,normal,normal,baixa,3,historico feriado (poucos dados),3.0
I20JE067858,14,,feriado,0.521,0.3647,0.157,1.0,1.0,normal,normal,baixa,3,historico feriado (poucos dados),3.0
I20JE067858,15,,feriado,0.55,0.3163,0.0872,2.68,2.68,normal,normal,baixa,3,historico feriado (poucos dados),3.0
I20JE067858,16,,feriado,0.698,0.2657,0.1644,2.63,2.63,normal,normal,baixa,3,historico feriado (poucos dados),3.0
I20JE067858,17,,feriado,0.619,0.341,0.1542,1.8,1.8,normal,normal,baixa,3,historico feriado (poucos dados),3.0
I20JE067858,18,,feriado,0.449,0.3397,0.1438,0.76,0.76,normal,normal,baixa,3,historico feriado (poucos dados),3.0
I20JE067858,19,,feriado,0.383,0.2677,0.0669,1.72,1.72,normal,normal,baixa,3,historico feriado (poucos dados),3.0
I20JE067858,20,,feriado,0.479,0.423,0.1607,0.35,0.35,normal,normal,baixa,3,historico feriado (poucos dados),3.0
I20JE067858,21,,feriado,0.439,0.5947,0.1487,-1.05,-1.05,normal,normal,baixa,3,historico feriado (poucos dados),3.0
I20JE067858,22,,feriado,0.295,0.4703,0.1641,-1.07,-1.07,normal,normal,baixa,3,historico feriado (poucos dados),3.0
I20JE067858,23,,feriado,0.255,0.2347,0.0672,0.3,0.3,normal,normal,baixa,3,historico feriado (poucos dados),3.0
I20JE067859,0,,feriado,0.0,0.4907,0.1227,-4.0,-4.0,desvio,abaixo,baixa,3,historico feriado (poucos dados),3.0
I20JE067859,1,,feriado,0.0,0.3637,0.0909,-4.0,-4.0,desvio,abaixo,baixa,3,historico feriado (poucos dados),3.0
I20JE067859,2,,feriado,0.0,0.2967,0.0742,-4.0,-4.0,desvio,abaixo,baixa,3,historico feriado (poucos dados),3.0
I20JE067859,3,,feriado,0.0,0.2683,0.0671,-4.0,-4.0,desvio,abaixo,baixa,3,historico feriado (poucos dados),3.0
I20JE067859,4,,feriado,0.0,0.259,0.0711,-3.64,-3.64,desvio,abaixo,baixa,3,historico feriado (poucos dados),3.0
I20JE067859,5,,feriado,0.0,0.2687,0.101,-2.66,-2.66,normal,normal,baixa,3,historico feriado (poucos dados),3.0
I20JE067859,6,,feriado,0.0,0.2747,0.117,-2.35,-2.35,normal,normal,baixa,3,historico feriado (poucos dados),3.0
I20JE067859,7,,feriado,0.0,0.266,0.1035,-2.57,-2.57,normal,normal,baixa,3,historico feriado (poucos dados),3.0
I20JE067859,8,,feriado,0.0,0.326,0.1409,-2.31,-2.31,normal,normal,baixa,3,historico feriado (poucos dados),3.0
I20JE067859,9,,feriado,0.0,0.5153,0.1754,-2.94,-2.94,normal,normal,baixa,3,historico feriado (poucos dados),3.0
I20JE067859,10,,feriado,0.0,0.4653,0.1163,-4.0,-4.0,desvio,abaixo,baixa,3,historico feriado (poucos dados),3.0
I20JE067859,11,,feriado,0.0,0.5553,0.1388,-4.0,-4.0,desvio,abaixo,baixa,3,historico feriado (poucos dados),3.0
I20JE067859,12,,feriado,0.0,0.453,0.1133,-4.0,-4.0,desvio,abaixo,baixa,3,historico feriado (poucos dados),3.0
I20JE067859,13,,feriado,0.0,0.54,0.135,-4.0,-4.0,desvio,abaixo,baixa,3,historico feriado (poucos dados),3.0
I20JE067859,14,,feriado,0.0,0.652,0.163,-4.0,-4.0,desvio,abaixo,baixa,3,historico feriado (poucos dados),3.0
I20JE067859,15,,feriado,0.0,0.5453,0.1363,-4.0,-4.0,desvio,abaixo,baixa,3,historico feriado (poucos dados),3.0
I20JE067859,16,,feriado,0.0,0.4927,0.1232,-4.0,-4.0,desvio,abaixo,baixa,3,historico feriado (poucos dados),3.0
I20JE067859,17,,feriado,0.0,0.426,0.1143,-3.73,-3.73,desvio,abaixo,baixa,3,historico feriado (poucos dados),3.0
I20JE067859,18,,feriado,0.0,0.6077,0.2812,-2.16,-2.16,normal,normal,baixa,3,historico feriado (poucos dados),3.0
I20JE067859,19,,feriado,0.0,0.6267,0.1999,-3.13,-3.13,desvio,abaixo,baixa,3,historico feriado (poucos dados),3.0
I20JE067859,20,,feriado,0.0,0.6137,0.1534,-4.0,-4.0,desvio,abaixo,baixa,3,historico feriado (poucos dados),3.0
I20JE067859,21,,feriado,0.0,0.5977,0.2064,-2.9,-2.9,normal,normal,baixa,3,historico feriado (poucos dados),3.0
I20JE067859,22,,feriado,0.0,0.5017,0.1254,-4.0,-4.0,desvio,abaixo,baixa,3,historico feriado (poucos dados),3.0
I20JE067859,23,,feriado,0.0,0.48,0.12,-4.0,-4.0,desvio,abaixo,baixa,3,historico feriado (poucos dados),3.0
I20MF944347P,0,,feriado,0.94,0.0567,0.0142,10.0,62.35,desvio,acima,baixa,3,historico feriado (poucos dados),3.0
I20MF944348Q,0,,feriado,0.0,0.0,0.01,0.0,0.0,normal,normal,baixa,3,historico feriado (poucos dados),3.0
I20MF944348Q,1,,feriado,0.0,0.0,0.01,0.0,0.0,normal,normal,baixa,3,historico feriado (poucos dados),3.0
I20MF944348Q,2,,feriado,0.0,0.0,0.01,0.0,0.0,normal,normal,baixa,3,historico feriado (poucos dados),3.0
I20MF944348Q,3,,feriado,0.0,0.0,0.01,0.0,0.0,normal,normal,baixa,3,historico feriado (poucos dados),3.0
I20MF944348Q,4,,feriado,0.0,0.0,0.01,0.0,0.0,normal,normal,baixa,3,historico feriado (poucos dados),3.0
I20MF944348Q,5,,feriado,0.0,0.0,0.01,0.0,0.0,normal,normal,baixa,3,historico feriado (poucos dados),3.0
I20MF944348Q,6,,feriado,0.0,-0.0033,0.01,0.33,0.33,normal,normal,baixa,3,historico feriado (poucos dados),3.0
I20MF944348Q,7,,feriado,0.0,-0.0033,0.01,0.33,0.33,normal,normal,baixa,3,historico feriado (poucos dados),3.0
I20MF944348Q,8,,feriado,-0.01,0.0,0.01,-1.0,-1.0,normal,normal,baixa,3,historico feriado (poucos dados),3.0
I20MF944348Q,9,,feriado,0.0,-0.0033,0.01,0.33,0.33,normal,normal,baixa,3,historico feriado (poucos dados),3.0
I20MF944348Q,10,,feriado,-0.01,-0.0067,0.01,-0.33,-0.33,normal,normal,baixa,3,historico feriado (poucos dados),3.0
I20MF944348Q,11,,feriado,0.0,-0.0033,0.01,0.33,0.33,normal,normal,baixa,3,historico feriado (poucos dados),3.0
I20MF944348Q,12,,feriado,0.0,0.0,0.01,0.0,0.0,normal,normal,baixa,3,historico feriado (poucos dados),3.0
I20MF944348Q,13,,feriado,-0.01,-0.01,0.01,0.0,0.0,normal,normal,baixa,3,historico feriado (poucos dados),3.0
I20MF944348Q,14,,feriado,0.0,0.0,0.01,0.0,0.0,normal,normal,baixa,3,historico feriado (poucos dados),3.0
I20MF944348Q,15,,feriado,0.0,-0.0033,0.01,0.33,0.33,normal,normal,baixa,3,historico feriado (poucos dados),3.0
I20MF944348Q,16,,feriado,0.0,-0.0067,0.01,0.67,0.67,normal,normal,baixa,3,historico feriado (poucos dados),3.0
I20MF944348Q,17,,feriado,-0.01,0.0,0.01,-1.0,-1.0,normal,normal,baixa,3,historico feriado (poucos dados),3.0
I20MF944348Q,18,,feriado,0.0,-0.0067,0.01,0.67,0.67,normal,normal,baixa,3,historico feriado (poucos dados),3.0
I20MF944348Q,19,,feriado,-0.01,0.0,0.01,-1.0,-1.0,normal,normal,baixa,3,historico feriado (poucos dados),3.0
I20MF944348Q,20,,feriado,0.0,-0.0067,0.01,0.67,0.67,normal,normal,baixa,3,historico feriado (poucos dados),3.0
I20MF944348Q,21,,feriado,0.0,-0.0033,0.01,0.33,0.33,normal,normal,baixa,3,historico feriado (poucos dados),3.0
I20MF944348Q,22,,feriado,0.0,0.0,0.01,0.0,0.0,normal,normal,baixa,3,historico feriado (poucos dados),3.0
I20MF944348Q,23,,feriado,0.0,0.0,0.01,0.0,0.0,normal,normal,baixa,3,historico feriado (poucos dados),3.0
I20MF945856,0,,feriado,0.0,0.0,0.01,0.0,0.0,normal,normal,baixa,3,historico feriado (poucos dados),3.0
I20MF945856,1,,feriado,0.0,0.0,0.01,0.0,0.0,normal,normal,baixa,3,historico feriado (poucos dados),3.0
I20MF945856,2,,feriado,0.0,0.0,0.01,0.0,0.0,normal,normal,baixa,3,historico feriado (poucos dados),3.0
I20MF945856,3,,feriado,0.0,0.0,0.01,0.0,0.0,normal,normal,baixa,3,historico feriado (poucos dados),3.0
I20MF945856,12,,feriado,0.0,0.0,0.01,0.0,0.0,normal,normal,baixa,2,historico feriado (poucos dados),3.0
I20MF945856,13,,feriado,0.0,0.0,0.01,0.0,0.0,normal,normal,baixa,3,historico feriado (poucos dados),3.0
I20MF945856,14,,feriado,0.0,0.0,0.01,0.0,0.0,normal,normal,baixa,3,historico feriado (poucos dados),3.0
I20MF945856,15,,feriado,0.0,0.0,0.01,0.0,0.0,normal,normal,baixa,3,historico feriado (poucos dados),3.0
I20MF945856,18,,feriado,0.0,0.0,0.01,0.0,0.0,normal,normal,baixa,3,historico feriado (poucos dados),3.0
I20MF945856,19,,feriado,0.0,0.0,0.01,0.0,0.0,normal,normal,baixa,3,historico feriado (poucos dados),3.0
I20MF945856,20,,feriado,0.0,0.0,0.01,0.0,0.0,normal,normal,baixa,3,historico feriado (poucos dados),3.0
I20MF945856,21,,feriado,0.0,0.0,0.01,0.0,0.0,normal,normal,baixa,2,historico feriado (poucos dados),3.0
I20MF945856,22,,feriado,0.0,0.0,0.01,0.0,0.0,normal,normal,baixa,2,historico feriado (poucos dados),3.0
I20MF945856,23,,feriado,0.0,0.0,0.01,0.0,0.0,normal,normal,baixa,2,historico feriado (poucos dados),3.0
I20MF945857,0,,feriado,0.0,0.0,0.01,0.0,0.0,normal,normal,baixa,3,historico feriado (poucos dados),3.0
I20MF945857,1,,feriado,0.0,0.0,0.01,0.0,0.0,normal,normal,baixa,3,historico feriado (poucos dados),3.0
I20MF945857,2,,feriado,0.0,0.0,0.01,0.0,0.0,normal,normal,baixa,3,historico feriado (poucos dados),3.0
I20MF945857,3,,feriado,0.0,0.0,0.01,0.0,0.0,normal,normal,baixa,3,historico feriado (poucos dados),3.0
I20MF945857,4,,feriado,0.0,0.0,0.01,0.0,0.0,normal,normal,baixa,3,historico feriado (poucos dados),3.0
I20MF945857,5,,feriado,0.0,0.0,0.01,0.0,0.0,normal,normal,baixa,3,historico feriado (poucos dados),3.0
I20MF945857,6,,feriado,0.0,0.0,0.01,0.0,0.0,normal,normal,baixa,3,historico feriado (poucos dados),3.0
I20MF945857,7,,feriado,0.0,0.0,0.01,0.0,0.0,normal,normal,baixa,3,historico feriado (poucos dados),3.0
I20MF945857,8,,feriado,0.0,0.0,0.01,0.0,0.0,normal,normal,baixa,2,historico feriado (poucos dados),3.0
I20MF945857,9,,feriado,0.0,0.0,0.01,0.0,0.0,normal,normal,baixa,2,historico feriado (poucos dados),3.0
I20MF945857,10,,feriado,0.0,0.0,0.01,0.0,0.0,normal,normal,baixa,2,historico feriado (poucos dados),3.0
I20MF945857,11,,feriado,0.0,0.0,0.01,0.0,0.0,normal,normal,baixa,2,historico feriado (poucos dados),3.0
I20MF945857,12,,feriado,0.0,0.0,0.01,0.0,0.0,normal,normal,baixa,2,historico feriado (poucos dados),3.0
I20MF945857,13,,feriado,0.0,0.0,0.01,0.0,0.0,normal,normal,baixa,2,historico feriado (poucos dados),3.0
I20MF945857,14,,feriado,0.0,0.0,0.01,0.0,0.0,normal,normal,baixa,2,historico feriado (poucos dados),3.0
I20MF945857,15,,feriado,0.0,0.0,0.01,0.0,0.0,normal,normal,baixa,2,historico feriado (poucos dados),3.0
I20MF945857,16,,feriado,0.0,0.0,0.01,0.0,0.0,normal,normal,baixa,3,historico feriado (poucos dados),3.0
I20MF945857,17,,feriado,0.0,0.0,0.01,0.0,0.0,normal,normal,baixa,3,historico feriado (poucos dados),3.0
I20MF945857,18,,feriado,0.0,0.0,0.01,0.0,0.0,normal,normal,baixa,3,historico feriado (poucos dados),3.0
I20MF945857,19,,feriado,0.0,0.0,0.01,0.0,0.0,normal,normal,baixa,3,historico feriado (poucos dados),3.0
I20MF945857,20,,feriado,0.0,0.0,0.01,0.0,0.0,normal,normal,baixa,3,historico feriado (poucos dados),3.0
I20MF945857,21,,feriado,0.0,0.0,0.01,0.0,0.0,normal,normal,baixa,3,historico feriado (poucos dados),3.0
I20MF945857,22,,feriado,0.0,0.0,0.01,0.0,0.0,normal,normal,baixa,3,historico feriado (poucos dados),3.0
I20MF945857,23,,feriado,0.0,0.0,0.01,0.0,0.0,normal,normal,baixa,3,historico feriado (poucos dados),3.0
I21JC023968M,3,,feriado,0.0,0.0,0.01,0.0,0.0,normal,normal,baixa,18,fallback (30d recentes),3.0
I21JC023968M,4,,feriado,0.0,0.0,0.01,0.0,0.0,normal,normal,baixa,18,fallback (30d recentes),3.0
I21JC023968M,5,,feriado,0.0,0.0,0.01,0.0,0.0,normal,normal,baixa,18,fallback (30d recentes),3.0
I21JC023968M,6,,feriado,0.0,0.0,0.01,0.0,0.0,normal,normal,baixa,18,fallback (30d recentes),3.0
I21JC023968M,7,,feriado,0.0,0.0,0.01,0.0,0.0,normal,normal,baixa,18,fallback (30d recentes),3.0
I21JC023968M,8,,feriado,0.0,0.0,0.01,0.0,0.0,normal,normal,baixa,18,fallback (30d recentes),3.0
I21JC023968M,9,,feriado,0.0,0.0,0.01,0.0,0.0,normal,normal,baixa,18,fallback (30d recentes),3.0
I21JC023968M,10,,feriado,0.0,0.0,0.01,0.0,0.0,normal,normal,baixa,18,fallback (30d recentes),3.0
I21JC023968M,11,,feriado,0.0,0.0,0.01,0.0,0.0,normal,normal,baixa,17,fallback (30d recentes),3.0
I21JC023968M,12,,feriado,0.0,0.0,0.01,0.0,0.0,normal,normal,baixa,17,fallback (30d recentes),3.0
I21JC023968M,13,,feriado,0.0,0.0,0.01,0.0,0.0,normal,normal,baixa,17,fallback (30d recentes),3.0
I21JC023968M,14,,feriado,0.0,0.0,0.01,0.0,0.0,normal,normal,baixa,17,fallback (30d recentes),3.0
I21JC023968M,16,,feriado,0.0,0.0,0.01,0.0,0.0,normal,normal,baixa,19,fallback (30d recentes),3.0
I21JC023968M,17,,feriado,0.0,0.0,0.01,0.0,0.0,normal,normal,baixa,19,fallback (30d recentes),3.0
I21JC023968M,18,,feriado,0.0,0.0,0.01,0.0,0.0,normal,normal,baixa,19,fallback (30d recentes),3.0
I21JC023968M,19,,feriado,0.0,0.0,0.01,0.0,0.0,normal,normal,baixa,19,fallback (30d recentes),3.0
I21JC023968M,20,,feriado,0.0,0.0,0.01,0.0,0.0,normal,normal,baixa,19,fallback (30d recentes),3.0
I21JC023968M,21,,feriado,0.0,0.0,0.01,0.0,0.0,normal,normal,baixa,19,fallback (30d recentes),3.0
I21JC023968M,22,,feriado,0.0,0.0,0.01,0.0,0.0,normal,normal,baixa,19,fallback (30d recentes),3.0
I21JC023968M,23,,feriado,0.0,0.0,0.01,0.0,0.0,normal,normal,baixa,18,fallback (30d recentes),3.0
I21JC029084J,0,,feriado,0.0,0.0,0.01,0.0,0.0,normal,normal,baixa,3,historico feriado (poucos dados),3.0
I21JC029084J,1,,feriado,0.0,0.0,0.01,0.0,0.0,normal,normal,baixa,3,historico feriado (poucos dados),3.0
I21JC029084J,2,,feriado,0.0,0.0,0.01,0.0,0.0,normal,normal,baixa,3,historico feriado (poucos dados),3.0
I21JC029084J,3,,feriado,0.0,0.0,0.01,0.0,0.0,normal,normal,baixa,3,historico feriado (poucos dados),3.0
I21JC029084J,4,,feriado,0.0,0.0,0.01,0.0,0.0,normal,normal,baixa,3,historico feriado (poucos dados),3.0
I21JC029084J,5,,feriado,0.0,0.0,0.01,0.0,0.0,normal,normal,baixa,3,historico feriado (poucos dados),3.0
I21JC029084J,6,,feriado,0.0,0.0,0.01,0.0,0.0,normal,normal,baixa,3,historico feriado (poucos dados),3.0
I21JC029084J,7,,feriado,0.0,0.0,0.01,0.0,0.0,normal,normal,baixa,3,historico feriado (poucos dados),3.0
I21JC029084J,8,,feriado,0.0,0.0,0.01,0.0,0.0,normal,normal,baixa,3,historico feriado (poucos dados),3.0
I21JC029084J,9,,feriado,0.0,0.0,0.01,0.0,0.0,normal,normal,baixa,3,historico feriado (poucos dados),3.0
I21JC029084J,10,,feriado,0.0,0.0,0.01,0.0,0.0,normal,normal,baixa,3,historico feriado (poucos dados),3.0
I21JC029084J,11,,feriado,0.0,0.0,0.01,0.0,0.0,normal,normal,baixa,3,historico feriado (poucos dados),3.0
I21JC029084J,12,,feriado,0.0,0.0,0.01,0.0,0.0,normal,normal,baixa,3,historico feriado (poucos dados),3.0
I21JC029084J,13,,feriado,0.0,0.0,0.01,0.0,0.0,normal,normal,baixa,3,historico feriado (poucos dados),3.0
I21JC029084J,14,,feriado,0.0,0.0,0.01,0.0,0.0,normal,normal,baixa,3,historico feriado (poucos dados),3.0
I21JC029084J,15,,feriado,0.0,0.0,0.01,0.0,0.0,normal,normal,baixa,3,historico feriado (poucos dados),3.0
I21JC029084J,16,,feriado,0.0,0.0,0.01,0.0,0.0,normal,normal,baixa,3,historico feriado (poucos dados),3.0
I21JC029084J,17,,feriado,0.0,0.0,0.01,0.0,0.0,normal,normal,baixa,3,historico feriado (poucos dados),3.0
I21JC029084J,18,,feriado,0.0,0.0,0.01,0.0,0.0,normal,normal,baixa,3,historico feriado (poucos dados),3.0
I21JC029084J,19,,feriado,0.0,0.0,0.01,0.0,0.0,normal,normal,baixa,3,historico feriado (poucos dados),3.0
I21JC029084J,20,,feriado,0.0,0.0,0.01,0.0,0.0,normal,normal,baixa,3,historico feriado (poucos dados),3.0
I21JC029084J,21,,feriado,0.0,0.0,0.01,0.0,0.0,normal,normal,baixa,3,historico feriado (poucos dados),3.0
I21JC029084J,22,,feriado,0.0,0.0,0.01,0.0,0.0,normal,normal,baixa,3,historico feriado (poucos dados),3.0
I21JC029084J,23,,feriado,0.0,0.0,0.01,0.0,0.0,normal,normal,baixa,3,historico feriado (poucos dados),3.0
I21JC029093K,0,,feriado,0.0,0.001,0.01,-0.1,-0.1,normal,normal,baixa,3,historico feriado (poucos dados),3.0
I21JC029093K,1,,feriado,0.0,0.001,0.01,-0.1,-0.1,normal,normal,baixa,3,historico feriado (poucos dados),3.0
I21JC029093K,2,,feriado,0.0,0.0007,0.01,-0.07,-0.07,normal,normal,baixa,3,historico feriado (poucos dados),3.0
I21JC029093K,3,,feriado,0.0,0.0007,0.01,-0.07,-0.07,normal,normal,baixa,3,historico feriado (poucos dados),3.0
I21JC029093K,4,,feriado,0.0,0.001,0.01,-0.1,-0.1,normal,normal,baixa,3,historico feriado (poucos dados),3.0
I21JC029093K,5,,feriado,0.0,0.0,0.01,0.0,0.0,normal,normal,baixa,3,historico feriado (poucos dados),3.0
I21JC029093K,6,,feriado,0.0,0.0007,0.01,-0.07,-0.07,normal,normal,baixa,3,historico feriado (poucos dados),3.0
I21JC029093K,7,,feriado,0.0,0.0017,0.01,-0.17,-0.17,normal,normal,baixa,3,historico feriado (poucos dados),3.0
I21JC029093K,8,,feriado,0.0,0.0017,0.01,-0.17,-0.17,normal,normal,baixa,3,historico feriado (poucos dados),3.0
I21JC029093K,9,,feriado,0.0,0.0023,0.01,-0.23,-0.23,normal,normal,baixa,3,historico feriado (poucos dados),3.0
I21JC029093K,10,,feriado,0.0,0.0017,0.01,-0.17,-0.17,normal,normal,baixa,3,historico feriado (poucos dados),3.0
I21JC029093K,11,,feriado,0.0,0.0023,0.01,-0.23,-0.23,normal,normal,baixa,3,historico feriado (poucos dados),3.0
I21JC029093K,12,,feriado,0.004,0.002,0.01,0.2,0.2,normal,normal,baixa,3,historico feriado (poucos dados),3.0
I21JC029093K,13,,feriado,0.0,0.0023,0.01,-0.23,-0.23,normal,normal,baixa,3,historico feriado (poucos dados),3.0
I21JC029093K,14,,feriado,0.0,0.0023,0.01,-0.23,-0.23,normal,normal,baixa,3,historico feriado (poucos dados),3.0
I21JC029093K,15,,feriado,0.0,0.002,0.01,-0.2,-0.2,normal,normal,baixa,3,historico feriado (poucos dados),3.0
I21JC029093K,16,,feriado,0.0,0.002,0.01,-0.2,-0.2,normal,normal,baixa,3,historico feriado (poucos dados),3.0
I21JC029093K,17,,feriado,0.0,0.002,0.01,-0.2,-0.2,normal,normal,baixa,3,historico feriado (poucos dados),3.0
I21JC029093K,18,,feriado,0.0,0.0017,0.01,-0.17,-0.17,normal,normal,baixa,3,historico feriado (poucos dados),3.0
I21JC029093K,19,,feriado,0.015,0.0023,0.01,1.27,1.27,normal,normal,baixa,3,historico feriado (poucos dados),3.0
I21JC029093K,20,,feriado,0.066,0.0023,0.01,6.37,6.37,desvio,acima,baixa,3,historico feriado (poucos dados),3.0
I21JC029093K,21,,feriado,0.212,0.002,0.01,10.0,21.0,desvio,acima,baixa,3,historico feriado (poucos dados),3.0
I21JC029093K,22,,feriado,0.024,0.0023,0.01,2.17,2.17,normal,normal,baixa,3,historico feriado (poucos dados),3.0
I21JC029093K,23,,feriado,0.433,0.0037,0.01,10.0,42.93,desvio,acima,baixa,3,historico feriado (poucos dados),3.0
I21JC029094L,0,,feriado,0.0,0.0,0.01,0.0,0.0,normal,normal,baixa,3,historico feriado (poucos dados),3.0
I21JC029107Z,0,,feriado,0.0,0.0,0.01,0.0,0.0,normal,normal,baixa,3,historico feriado (poucos dados),3.0
I21JC029107Z,1,,feriado,0.0,0.0,0.01,0.0,0.0,normal,normal,baixa,3,historico feriado (poucos dados),3.0
I21JC029107Z,2,,feriado,0.0,0.0,0.01,0.0,0.0,normal,normal,baixa,3,historico feriado (poucos dados),3.0
I21JC029107Z,3,,feriado,0.0,0.0,0.01,0.0,0.0,normal,normal,baixa,2,historico feriado (poucos dados),3.0
I21JC029107Z,4,,feriado,0.0,0.0,0.01,0.0,0.0,normal,normal,baixa,2,historico feriado (poucos dados),3.0
I21JC029107Z,5,,feriado,0.0,0.0,0.01,0.0,0.0,normal,normal,baixa,2,historico feriado (poucos dados),3.0
I21JC029107Z,6,,feriado,0.0,0.0,0.01,0.0,0.0,normal,normal,baixa,2,historico feriado (poucos dados),3.0
I21JC029107Z,7,,feriado,0.0,0.0,0.01,0.0,0.0,normal,normal,baixa,3,historico feriado (poucos dados),3.0
I21JC029107Z,8,,feriado,0.0,0.0,0.01,0.0,0.0,normal,normal,baixa,3,historico feriado (poucos dados),3.0
I21JC029107Z,9,,feriado,0.0,0.0,0.01,0.0,0.0,normal,normal,baixa,3,historico feriado (poucos dados),3.0
I21JC029107Z,10,,feriado,0.0,0.0,0.01,0.0,0.0,normal,normal,baixa,3,historico feriado (poucos dados),3.0
I21JC029107Z,11,,feriado,0.0,0.0,0.01,0.0,0.0,normal,normal,baixa,3,historico feriado (poucos dados),3.0
I21JC029107Z,12,,feriado,0.0,0.0,0.01,0.0,0.0,normal,normal,baixa,3,historico feriado (poucos dados),3.0
I21JC029107Z,13,,feriado,0.0,0.0,0.01,0.0,0.0,normal,normal,baixa,3,historico feriado (poucos dados),3.0
I21JC029107Z,14,,feriado,0.0,0.0,0.01,0.0,0.0,normal,normal,baixa,3,historico feriado (poucos dados),3.0
I21JC029107Z,15,,feriado,0.0,0.0,0.01,0.0,0.0,normal,normal,baixa,3,historico feriado (poucos dados),3.0
I21JC029107Z,16,,feriado,0.0,0.0,0.01,0.0,0.0,normal,normal,baixa,3,historico feriado (poucos dados),3.0
I21JC029107Z,17,,feriado,0.0,0.0,0.01,0.0,0.0,normal,normal,baixa,3,historico feriado (poucos dados),3.0
I21JC029107Z,18,,feriado,0.0,0.0,0.01,0.0,0.0,normal,normal,baixa,3,historico feriado (poucos dados),3.0
I21JC029107Z,19,,feriado,4.875,0.0,0.01,10.0,487.5,desvio,acima,baixa,3,historico feriado (poucos dados),3.0
I21JC029107Z,20,,feriado,11.35,0.0,0.01,10.0,1135.0,desvio,acima,baixa,3,historico feriado (poucos dados),3.0
I21JC029107Z,21,,feriado,5.454,0.0,0.01,10.0,545.4,desvio,acima,baixa,3,historico feriado (poucos dados),3.0
I21JC029107Z,22,,feriado,0.0,0.0,0.01,0.0,0.0,normal,normal,baixa,3,historico feriado (poucos dados),3.0
I21JC029107Z,23,,feriado,0.0,0.0,0.01,0.0,0.0,normal,normal,baixa,3,historico feriado (poucos dados),3.0
I21JC029118C,0,,feriado,0.009,0.0033,0.01,0.57,0.57,normal,normal,baixa,3,historico feriado (poucos dados),3.0
I21JC029118C,1,,feriado,0.009,0.003,0.01,0.6,0.6,normal,normal,baixa,3,historico feriado (poucos dados),3.0
I21JC029118C,2,,feriado,0.008,0.0033,0.01,0.47,0.47,normal,normal,baixa,3,historico feriado (poucos dados),3.0
I21JC029118C,3,,feriado,0.009,0.003,0.01,0.6,0.6,normal,normal,baixa,3,historico feriado (poucos dados),3.0
I21JC029118C,4,,feriado,0.009,0.003,0.01,0.6,0.6,normal,normal,baixa,3,historico feriado (poucos dados),3.0
I21JC029118C,5,,feriado,0.009,0.003,0.01,0.6,0.6,normal,normal,baixa,3,historico feriado (poucos dados),3.0
I21JC029118C,6,,feriado,0.008,0.0037,0.01,0.43,0.43,normal,normal,baixa,3,historico feriado (poucos dados),3.0
I21JC029118C,7,,feriado,0.01,0.0033,0.01,0.67,0.67,normal,normal,baixa,3,historico feriado (poucos dados),3.0
I21JC029118C,8,,feriado,0.01,0.0033,0.01,0.67,0.67,normal,normal,baixa,3,historico feriado (poucos dados),3.0
I21JC029118C,9,,feriado,0.009,0.004,0.01,0.5,0.5,normal,normal,baixa,3,historico feriado (poucos dados),3.0
I21JC029118C,10,,feriado,0.01,0.0033,0.01,0.67,0.67,normal,normal,baixa,3,historico feriado (poucos dados),3.0
I21JC029118C,11,,feriado,0.01,0.0055,0.01,0.45,0.45,normal,normal,baixa,2,historico feriado (poucos dados),3.0
I21JC029118C,12,,feriado,0.01,0.005,0.01,0.5,0.5,normal,normal,baixa,2,historico feriado (poucos dados),3.0
I21JC029118C,13,,feriado,0.011,0.0055,0.01,0.55,0.55,normal,normal,baixa,2,historico feriado (poucos dados),3.0
I21JC029118C,14,,feriado,0.01,0.0055,0.01,0.45,0.45,normal,normal,baixa,2,historico feriado (poucos dados),3.0
I21JC029118C,15,,feriado,0.01,0.0033,0.01,0.67,0.67,normal,normal,baixa,3,historico feriado (poucos dados),3.0
I21JC029118C,16,,feriado,0.01,0.0037,0.01,0.63,0.63,normal,normal,baixa,3,historico feriado (poucos dados),3.0
I21JC029118C,17,,feriado,0.01,0.0037,0.01,0.63,0.63,normal,normal,baixa,3,historico feriado (poucos dados),3.0
I21JC029118C,18,,feriado,0.011,0.0033,0.01,0.77,0.77,normal,normal,baixa,3,historico feriado (poucos dados),3.0
I21JC029118C,19,,feriado,0.01,0.0037,0.01,0.63,0.63,normal,normal,baixa,3,historico feriado (poucos dados),3.0
I21JC029118C,20,,feriado,0.01,0.0037,0.01,0.63,0.63,normal,normal,baixa,3,historico feriado (poucos dados),3.0
I21JC029118C,21,,feriado,0.01,0.0037,0.01,0.63,0.63,normal,normal,baixa,3,historico feriado (poucos dados),3.0
I21JC029118C,22,,feriado,0.01,0.0033,0.01,0.67,0.67,normal,normal,baixa,3,historico feriado (poucos dados),3.0
I21JC029118C,23,,feriado,0.01,0.0037,0.01,0.63,0.63,normal,normal,baixa,3,historico feriado (poucos dados),3.0
I21JC029120W,0,,feriado,0.0,0.0003,0.01,-0.03,-0.03,normal,normal,baixa,3,historico feriado (poucos dados),3.0
I21JC029120W,1,,feriado,0.0,0.0,0.01,0.0,0.0,normal,normal,baixa,3,historico feriado (poucos dados),3.0
I21JC029120W,2,,feriado,0.0,0.0,0.01,0.0,0.0,normal,normal,baixa,3,historico feriado (poucos dados),3.0
I21JC029120W,3,,feriado,0.0,0.0,0.01,0.0,0.0,normal,normal,baixa,3,historico feriado (poucos dados),3.0
I21JC029120W,4,,feriado,0.0,0.0,0.01,0.0,0.0,normal,normal,baixa,3,historico feriado (poucos dados),3.0
I21JC029120W,5,,feriado,0.0,0.0,0.01,0.0,0.0,normal,normal,baixa,3,historico feriado (poucos dados),3.0
I21JC029120W,6,,feriado,0.0,0.0,0.01,0.0,0.0,normal,normal,baixa,3,historico feriado (poucos dados),3.0
I21JC029120W,7,,feriado,0.0,0.0,0.01,0.0,0.0,normal,normal,baixa,3,historico feriado (poucos dados),3.0
I21JC029120W,8,,feriado,0.0,0.0,0.01,0.0,0.0,normal,normal,baixa,3,historico feriado (poucos dados),3.0
I21JC029120W,9,,feriado,0.0,0.0,0.01,0.0,0.0,normal,normal,baixa,3,historico feriado (poucos dados),3.0
I21JC029120W,10,,feriado,0.0,0.0043,0.01,-0.43,-0.43,normal,normal,baixa,3,historico feriado (poucos dados),3.0
I21JC029120W,11,,feriado,0.002,0.015,0.026,-0.5,-0.5,normal,normal,baixa,3,historico feriado (poucos dados),3.0
I21JC029120W,12,,feriado,0.0,0.0137,0.0237,-0.58,-0.58,normal,normal,baixa,3,historico feriado (poucos dados),3.0
I21JC029120W,13,,feriado,0.0,0.0273,0.0473,-0.58,-0.58,normal,normal,baixa,3,historico feriado (poucos dados),3.0
I21JC029120W,14,,feriado,0.074,0.0147,0.0245,2.42,2.42,normal,normal,baixa,3,historico feriado (poucos dados),3.0
I21JC029120W,15,,feriado,0.004,0.04,0.0693,-0.52,-0.52,normal,normal,baixa,3,historico feriado (poucos dados),3.0
I21JC029120W,16,,feriado,0.363,0.0767,0.1302,2.2,2.2,normal,normal,baixa,3,historico feriado (poucos dados),3.0
I21JC029120W,17,,feriado,0.026,0.0477,0.0826,-0.26,-0.26,normal,normal,baixa,3,historico feriado (poucos dados),3.0
I21JC029120W,18,,feriado,0.09,0.0793,0.1085,0.1,0.1,normal,normal,baixa,3,historico feriado (poucos dados),3.0
I21JC029120W,19,,feriado,0.017,0.0153,0.0257,0.06,0.06,normal,normal,baixa,3,historico feriado (poucos dados),3.0
I21JC029120W,20,,feriado,0.0,0.0333,0.0577,-0.58,-0.58,normal,normal,baixa,3,historico feriado (poucos dados),3.0
I21JC029120W,21,,feriado,0.0,0.0517,0.0895,-0.58,-0.58,normal,normal,baixa,3,historico feriado (poucos dados),3.0
I21JC029120W,22,,feriado,0.0,0.0123,0.0214,-0.58,-0.58,normal,normal,baixa,3,historico feriado (poucos dados),3.0
I21JC029120W,23,,feriado,0.0,0.0,0.01,0.0,0.0,normal,normal,baixa,3,historico feriado (poucos dados),3.0
I21JC029122Y,0,,feriado,0.0,0.154,0.1334,-1.15,-1.15,normal,normal,baixa,3,historico feriado (poucos dados),3.0
I21JC029122Y,1,,feriado,0.0,0.153,0.1325,-1.15,-1.15,normal,normal,baixa,3,historico feriado (poucos dados),3.0
I21JC029122Y,2,,feriado,0.0,0.157,0.136,-1.15,-1.15,normal,normal,baixa,3,historico feriado (poucos dados),3.0
I21JC029122Y,3,,feriado,0.0,0.16,0.1386,-1.15,-1.15,normal,normal,baixa,3,historico feriado (poucos dados),3.0
I21JC029122Y,4,,feriado,0.0,0.1597,0.1383,-1.15,-1.15,normal,normal,baixa,3,historico feriado (poucos dados),3.0
I21JC029122Y,5,,feriado,0.0,0.1587,0.1374,-1.15,-1.15,normal,normal,baixa,3,historico feriado (poucos dados),3.0
I21JC029122Y,6,,feriado,0.0,0.1563,0.1354,-1.15,-1.15,normal,normal,baixa,3,historico feriado (poucos dados),3.0
I21JC029122Y,7,,feriado,0.001,0.1527,0.1322,-1.15,-1.15,normal,normal,baixa,3,historico feriado (poucos dados),3.0
I21JC029122Y,8,,feriado,0.0,0.1433,0.1241,-1.15,-1.15,normal,normal,baixa,3,historico feriado (poucos dados),3.0
I21JC029122Y,9,,feriado,0.0,0.1203,0.1043,-1.15,-1.15,normal,normal,baixa,3,historico feriado (poucos dados),3.0
I21JC029122Y,10,,feriado,0.0,0.0997,0.0864,-1.15,-1.15,normal,normal,baixa,3,historico feriado (poucos dados),3.0
I21JC029122Y,11,,feriado,0.0,0.1053,0.0913,-1.15,-1.15,normal,normal,baixa,3,historico feriado (poucos dados),3.0
I21JC029122Y,12,,feriado,0.0,0.1183,0.1038,-1.14,-1.14,normal,normal,baixa,3,historico feriado (poucos dados),3.0
I21JC029122Y,13,,feriado,0.0,0.1293,0.1129,-1.15,-1.15,normal,normal,baixa,3,historico feriado (poucos dados),3.0
I21JC029122Y,14,,feriado,0.0,0.1323,0.1159,-1.14,-1.14,normal,normal,baixa,3,historico feriado (poucos dados),3.0
I21JC029122Y,15,,feriado,0.0,0.1387,0.1207,-1.15,-1.15,normal,normal,baixa,3,historico feriado (poucos dados),3.0
I21JC029122Y,16,,feriado,0.0,0.1393,0.1214,-1.15,-1.15,normal,normal,baixa,3,historico feriado (poucos dados),3.0
I21JC029122Y,17,,feriado,0.0,0.142,0.1231,-1.15,-1.15,normal,normal,baixa,3,historico feriado (poucos dados),3.0
I21JC029122Y,18,,feriado,0.0,0.1433,0.1243,-1.15,-1.15,normal,normal,baixa,3,historico feriado (poucos dados),3.0
I21JC029122Y,19,,feriado,0.0,0.1387,0.1206,-1.15,-1.15,normal,normal,baixa,3,historico feriado (poucos dados),3.0
I21JC029122Y,20,,feriado,0.0,0.1343,0.1163,-1.15,-1.15,normal,normal,baixa,3,historico feriado (poucos dados),3.0
I21JC029122Y,21,,feriado,0.0,0.1343,0.1155,-1.16,-1.16,normal,normal,baixa,3,historico feriado (poucos dados),3.0
I21JC029122Y,22,,feriado,0.0,0.1443,0.125,-1.15,-1.15,normal,normal,baixa,3,historico feriado (poucos dados),3.0
I21JC029122Y,23,,feriado,0.0,0.1507,0.1305,-1.15,-1.15,normal,normal,baixa,3,historico feriado (poucos dados),3.0
I21JC029129F,0,,feriado,0.113,0.0953,0.034,0.52,0.52,normal,normal,baixa,3,historico feriado (poucos dados),3.0
I21JC029129F,1,,feriado,0.089,0.0493,0.0167,2.38,2.38,normal,normal,baixa,3,historico feriado (poucos dados),3.0
I21JC029129F,2,,feriado,0.041,0.0373,0.0231,0.16,0.16,normal,normal,baixa,3,historico feriado (poucos dados),3.0
I21JC029129F,3,,feriado,0.037,0.0197,0.0297,0.58,0.58,normal,normal,baixa,3,historico feriado (poucos dados),3.0
I21JC029129F,4,,feriado,0.045,0.0127,0.0211,1.53,1.53,normal,normal,baixa,3,historico feriado (poucos dados),3.0
I21JC029129F,5,,feriado,0.047,0.0057,0.01,4.13,4.13,desvio,acima,baixa,3,historico feriado (poucos dados),3.0
I21JC029129F,6,,feriado,0.065,0.0087,0.01,5.63,5.63,desvio,acima,baixa,3,historico feriado (poucos dados),3.0
I21JC029129F,7,,feriado,0.147,0.116,0.0588,0.53,0.53,normal,normal,baixa,3,historico feriado (poucos dados),3.0
I21JC029129F,8,,feriado,0.279,0.321,0.0803,-0.52,-0.52,normal,normal,baixa,3,historico feriado (poucos dados),3.0
I21JC029129F,9,,feriado,0.255,0.3107,0.0777,-0.72,-0.72,normal,normal,baixa,3,historico feriado (poucos dados),3.0
I21JC029129F,10,,feriado,0.419,0.294,0.1534,0.81,0.81,normal,normal,baixa,3,historico feriado (poucos dados),3.0
I21JC029129F,11,,feriado,0.294,0.2583,0.0646,0.55,0.55,normal,normal,baixa,3,historico feriado (poucos dados),3.0
I21JC029129F,12,,feriado,0.29,0.226,0.0678,0.94,0.94,normal,normal,baixa,3,historico feriado (poucos dados),3.0
I21JC029129F,13,,feriado,0.268,0.23,0.0739,0.51,0.51,normal,normal,baixa,3,historico feriado (poucos dados),3.0
I21JC029129F,14,,feriado,0.252,0.1393,0.0348,3.23,3.23,desvio,acima,baixa,3,historico feriado (poucos dados),3.0
I21JC029129F,15,,feriado,0.258,0.0977,0.0244,6.57,6.57,desvio,acima,baixa,3,historico feriado (poucos dados),3.0
I21JC029129F,16,,feriado,0.212,0.0627,0.0321,4.65,4.65,desvio,acima,baixa,3,historico feriado (poucos dados),3.0
I21JC029129F,17,,feriado,0.132,0.037,0.0356,2.67,2.67,normal,normal,baixa,3,historico feriado (poucos dados),3.0
I21JC029129F,18,,feriado,0.122,0.0733,0.0867,0.56,0.56,normal,normal,baixa,3,historico feriado (poucos dados),3.0
I21JC029129F,19,,feriado,0.12,0.1113,0.1209,0.07,0.07,normal,normal,baixa,3,historico feriado (poucos dados),3.0
I21JC029129F,20,,feriado,0.171,0.1533,0.1361,0.13,0.13,normal,normal,baixa,3,historico feriado (poucos dados),3.0
I21JC029129F,21,,feriado,0.099,0.1733,0.0538,-1.38,-1.38,normal,normal,baixa,3,historico feriado (poucos dados),3.0
I21JC029129F,22,,feriado,0.09,0.1747,0.0501,-1.69,-1.69,normal,normal,baixa,3,historico feriado (poucos dados),3.0
I21JC029129F,23,,feriado,0.086,0.103,0.0656,-0.26,-0.26,normal,normal,baixa,3,historico feriado (poucos dados),3.0
I21JC029134C,0,,feriado,0.007,0.0367,0.0257,-1.15,-1.15,normal,normal,baixa,3,historico feriado (poucos dados),3.0
I21JC029134C,1,,feriado,0.006,0.037,0.0251,-1.23,-1.23,normal,normal,baixa,3,historico feriado (poucos dados),3.0
I21JC029134C,2,,feriado,0.006,0.037,0.026,-1.19,-1.19,normal,normal,baixa,3,historico feriado (poucos dados),3.0
I21JC029134C,3,,feriado,0.006,0.0363,0.0254,-1.19,-1.19,normal,normal,baixa,3,historico feriado (poucos dados),3.0
I21JC029134C,4,,feriado,0.006,0.037,0.026,-1.19,-1.19,normal,normal,baixa,3,historico feriado (poucos dados),3.0
I21JC029134C,5,,feriado,0.007,0.037,0.0251,-1.19,-1.19,normal,normal,baixa,3,historico feriado (poucos dados),3.0
I21JC029134C,6,,feriado,0.006,0.0367,0.0257,-1.19,-1.19,normal,normal,baixa,3,historico feriado (poucos dados),3.0
I21JC029134C,7,,feriado,0.006,0.0363,0.0254,-1.19,-1.19,normal,normal,baixa,3,historico feriado (poucos dados),3.0
I21JC029134C,8,,feriado,0.004,0.0353,0.0254,-1.23,-1.23,normal,normal,baixa,3,historico feriado (poucos dados),3.0
I21JC029134C,9,,feriado,0.004,0.037,0.0208,-1.59,-1.59,normal,normal,baixa,3,historico feriado (poucos dados),3.0
I21JC029134C,10,,feriado,0.006,0.0357,0.0214,-1.39,-1.39,normal,normal,baixa,3,historico feriado (poucos dados),3.0
I21JC029134C,11,,feriado,0.004,0.04,0.0165,-2.19,-2.19,normal,normal,baixa,3,historico feriado (poucos dados),3.0
I21JC029134C,12,,feriado,0.005,0.045,0.0113,-3.56,-3.56,desvio,abaixo,baixa,3,historico feriado (poucos dados),3.0
I21JC029134C,13,,feriado,0.005,0.041,0.0147,-2.44,-2.44,normal,normal,baixa,3,historico feriado (poucos dados),3.0
I21JC029134C,14,,feriado,0.006,0.0407,0.0136,-2.55,-2.55,normal,normal,baixa,3,historico feriado (poucos dados),3.0
I21JC029134C,15,,feriado,0.004,0.0363,0.0146,-2.22,-2.22,normal,normal,baixa,3,historico feriado (poucos dados),3.0
I21JC029134C,16,,feriado,0.006,0.0417,0.0153,-2.33,-2.33,normal,normal,baixa,3,historico feriado (poucos dados),3.0
I21JC029134C,17,,feriado,0.006,0.038,0.0291,-1.1,-1.1,normal,normal,baixa,3,historico feriado (poucos dados),3.0
I21JC029134C,18,,feriado,0.006,0.035,0.026,-1.12,-1.12,normal,normal,baixa,3,historico feriado (poucos dados),3.0
I21JC029134C,19,,feriado,0.005,0.0347,0.0257,-1.15,-1.15,normal,normal,baixa,3,historico feriado (poucos dados),3.0
I21JC029134C,20,,feriado,0.006,0.035,0.026,-1.12,-1.12,normal,normal,baixa,3,historico feriado (poucos dados),3.0
I21JC029134C,21,,feriado,0.006,0.0353,0.0254,-1.15,-1.15,normal,normal,baixa,3,historico feriado (poucos dados),3.0
I21JC029134C,22,,feriado,0.006,0.0357,0.0248,-1.19,-1.19,normal,normal,baixa,3,historico feriado (poucos dados),3.0
I21JC029134C,23,,feriado,0.006,0.0363,0.0263,-1.15,-1.15,normal,normal,baixa,3,historico feriado (poucos dados),3.0
I21JC029136E,0,,feriado,0.003,0.0,0.01,0.3,0.3,normal,normal,baixa,3,historico feriado (poucos dados),3.0
I21JC029136E,1,,feriado,0.002,0.0,0.01,0.2,0.2,normal,normal,baixa,3,historico feriado (poucos dados),3.0
I21JC029136E,2,,feriado,0.001,0.0,0.01,0.1,0.1,normal,normal,baixa,3,historico feriado (poucos dados),3.0
I21JC029136E,3,,feriado,0.002,0.0,0.01,0.2,0.2,normal,normal,baixa,3,historico feriado (poucos dados),3.0
I21JC029136E,4,,feriado,0.001,0.0,0.01,0.1,0.1,normal,normal,baixa,3,historico feriado (poucos dados),3.0
I21JC029136E,5,,feriado,0.0,0.0,0.01,0.0,0.0,normal,normal,baixa,3,historico feriado (poucos dados),3.0
I21JC029136E,6,,feriado,0.001,0.0,0.01,0.1,0.1,normal,normal,baixa,3,historico feriado (poucos dados),3.0
I21JC029136E,7,,feriado,0.0,0.0,0.01,0.0,0.0,normal,normal,baixa,3,historico feriado (poucos dados),3.0
I21JC029136E,8,,feriado,0.0,0.0,0.01,0.0,0.0,normal,normal,baixa,3,historico feriado (poucos dados),3.0
I21JC029136E,9,,feriado,0.0,0.0,0.01,0.0,0.0,normal,normal,baixa,3,historico feriado (poucos dados),3.0
I21JC029136E,10,,feriado,0.0,0.0,0.01,0.0,0.0,normal,normal,baixa,3,historico feriado (poucos dados),3.0
I21JC029136E,11,,feriado,0.0,0.0,0.01,0.0,0.0,normal,normal,baixa,3,historico feriado (poucos dados),3.0
I21JC029136E,12,,feriado,0.0,0.0,0.01,0.0,0.0,normal,normal,baixa,3,historico feriado (poucos dados),3.0
I21JC029136E,13,,feriado,0.0,0.0,0.01,0.0,0.0,normal,normal,baixa,3,historico feriado (poucos dados),3.0
I21JC029136E,14,,feriado,0.0,0.0,0.01,0.0,0.0,normal,normal,baixa,3,historico feriado (poucos dados),3.0
I21JC029136E,15,,feriado,0.0,0.0,0.01,0.0,0.0,normal,normal,baixa,3,historico feriado (poucos dados),3.0
I21JC029136E,16,,feriado,0.0,0.385,0.6668,-0.58,-0.58,normal,normal,baixa,3,historico feriado (poucos dados),3.0
I21JC029136E,17,,feriado,0.373,0.0,0.01,10.0,37.3,desvio,acima,baixa,3,historico feriado (poucos dados),3.0
I21JC029136E,18,,feriado,0.032,0.0,0.01,3.2,3.2,desvio,acima,baixa,3,historico feriado (poucos dados),3.0
I21JC029136E,19,,feriado,2.01,0.0,0.01,10.0,201.0,desvio,acima,baixa,3,historico feriado (poucos dados),3.0
I21JC029136E,20,,feriado,0.973,0.0,0.01,10.0,97.3,desvio,acima,baixa,3,historico feriado (poucos dados),3.0
I21JC029136E,21,,feriado,0.011,0.0,0.01,1.1,1.1,normal,normal,baixa,3,historico feriado (poucos dados),3.0
I21JC029136E,22,,feriado,0.007,0.0,0.01,0.7,0.7,normal,normal,baixa,3,historico feriado (poucos dados),3.0
I21JC029136E,23,,feriado,0.0,0.0,0.01,0.0,0.0,normal,normal,baixa,3,historico feriado (poucos dados),3.0
I21JC029147H,8,,feriado,0.0,0.0,0.01,0.0,0.0,normal,normal,baixa,3,historico feriado (poucos dados),3.0
I21JC029147H,9,,feriado,0.0,0.0,0.01,0.0,0.0,normal,normal,baixa,3,historico feriado (poucos dados),3.0
I21JC029147H,10,,feriado,0.0,0.0,0.01,0.0,0.0,normal,normal,baixa,3,historico feriado (poucos dados),3.0
I21JC029147H,11,,feriado,0.0,0.0,0.01,0.0,0.0,normal,normal,baixa,2,historico feriado (poucos dados),3.0
I21JC029147H,15,,feriado,0.0,0.0,0.01,0.0,0.0,normal,normal,baixa,3,historico feriado (poucos dados),3.0
I21JC029147H,16,,feriado,0.0,0.0,0.01,0.0,0.0,normal,normal,baixa,3,historico feriado (poucos dados),3.0
I21JC029147H,17,,feriado,0.0,0.0,0.01,0.0,0.0,normal,normal,baixa,3,historico feriado (poucos dados),3.0
I21JC029147H,18,,feriado,0.0,0.0,0.01,0.0,0.0,normal,normal,baixa,3,historico feriado (poucos dados),3.0
I21JC029147H,19,,feriado,0.0,0.0,0.01,0.0,0.0,normal,normal,baixa,3,historico feriado (poucos dados),3.0
I21JC029147H,20,,feriado,0.0,0.0,0.01,0.0,0.0,normal,normal,baixa,3,historico feriado (poucos dados),3.0
I21JC029147H,21,,feriado,0.0,0.0,0.01,0.0,0.0,normal,normal,baixa,3,historico feriado (poucos dados),3.0
I21JC029147H,22,,feriado,0.0,0.0,0.01,0.0,0.0,normal,normal,baixa,2,historico feriado (poucos dados),3.0
I21JC029147H,23,,feriado,0.0,0.0,0.01,0.0,0.0,normal,normal,baixa,2,historico feriado (poucos dados),3.0
I21JC029148I,0,,feriado,0.03,0.6973,0.1884,-3.54,-3.54,desvio,abaixo,baixa,3,historico feriado (poucos dados),3.0
I21JC029148I,1,,feriado,0.024,0.3487,0.2372,-1.37,-1.37,normal,normal,baixa,3,historico feriado (poucos dados),3.0
I21JC029148I,2,,feriado,0.023,0.357,0.2746,-1.22,-1.22,normal,normal,baixa,3,historico feriado (poucos dados),3.0
I21JC029148I,3,,feriado,0.024,0.336,0.2598,-1.2,-1.2,normal,normal,baixa,3,historico feriado (poucos dados),3.0
I21JC029148I,4,,feriado,0.023,0.3363,0.2584,-1.21,-1.21,normal,normal,baixa,3,historico feriado (poucos dados),3.0
I21JC029148I,5,,feriado,0.023,0.3363,0.2575,-1.22,-1.22,normal,normal,baixa,3,historico feriado (poucos dados),3.0
I21JC029148I,6,,feriado,0.022,0.3367,0.2578,-1.22,-1.22,normal,normal,baixa,3,historico feriado (poucos dados),3.0
I21JC029148I,7,,feriado,0.023,0.3357,0.2561,-1.22,-1.22,normal,normal,baixa,3,historico feriado (poucos dados),3.0
I21JC029148I,8,,feriado,0.022,0.365,0.1931,-1.78,-1.78,normal,normal,baixa,3,historico feriado (poucos dados),3.0
I21JC029148I,9,,feriado,0.059,0.3337,0.2214,-1.24,-1.24,normal,normal,baixa,3,historico feriado (poucos dados),3.0
I21JC029148I,10,,feriado,0.014,0.344,0.1956,-1.69,-1.69,normal,normal,baixa,3,historico feriado (poucos dados),3.0
I21JC029148I,11,,feriado,0.156,0.3893,0.1916,-1.22,-1.22,normal,normal,baixa,3,historico feriado (poucos dados),3.0
I21JC029148I,12,,feriado,0.883,0.3667,0.1444,3.58,3.58,desvio,acima,baixa,3,historico feriado (poucos dados),3.0
I21JC029148I,13,,feriado,0.603,0.6523,0.4549,-0.11,-0.11,normal,normal,baixa,3,historico feriado (poucos dados),3.0
I21JC029148I,14,,feriado,0.087,0.3847,0.2645,-1.13,-1.13,normal,normal,baixa,3,historico feriado (poucos dados),3.0
I21JC029148I,15,,feriado,0.09,0.432,0.2004,-1.71,-1.71,normal,normal,baixa,3,historico feriado (poucos dados),3.0
I21JC029148I,16,,feriado,0.216,0.41,0.1618,-1.2,-1.2,normal,normal,baixa,3,historico feriado (poucos dados),3.0
I21JC029148I,17,,feriado,0.518,0.9547,1.0535,-0.41,-0.41,normal,normal,baixa,3,historico feriado (poucos dados),3.0
I21JC029148I,18,,feriado,0.34,0.927,0.4394,-1.34,-1.34,normal,normal,baixa,3,historico feriado (poucos dados),3.0
I21JC029148I,19,,feriado,0.272,0.785,0.7648,-0.67,-0.67,normal,normal,baixa,3,historico feriado (poucos dados),3.0
I21JC029148I,20,,feriado,1.08,0.8587,0.4541,0.49,0.49,normal,normal,baixa,3,historico feriado (poucos dados),3.0
I21JC029148I,21,,feriado,0.042,0.6187,0.635,-0.91,-0.91,normal,normal,baixa,3,historico feriado (poucos dados),3.0
I21JC029148I,22,,feriado,0.058,0.6153,0.6549,-0.85,-0.85,normal,normal,baixa,3,historico feriado (poucos dados),3.0
I21JC029148I,23,,feriado,0.045,0.6233,0.666,-0.87,-0.87,normal,normal,baixa,3,historico feriado (poucos dados),3.0
I21JC029153F,0,,feriado,0.0,0.0,0.01,0.0,0.0,normal,normal,baixa,3,historico feriado (poucos dados),3.0
I21JC029153F,1,,feriado,0.0,0.0,0.01,0.0,0.0,normal,normal,baixa,3,historico feriado (poucos dados),3.0
I21JC029153F,2,,feriado,0.0,0.0,0.01,0.0,0.0,normal,normal,baixa,3,historico feriado (poucos dados),3.0
I21JC029153F,3,,feriado,0.0,0.0,0.01,0.0,0.0,normal,normal,baixa,3,historico feriado (poucos dados),3.0
I21JC029153F,4,,feriado,0.0,0.0,0.01,0.0,0.0,normal,normal,baixa,3,historico feriado (poucos dados),3.0
I21JC029153F,5,,feriado,0.0,0.0,0.01,0.0,0.0,normal,normal,baixa,3,historico feriado (poucos dados),3.0
I21JC029153F,6,,feriado,0.645,0.0,0.01,10.0,64.5,desvio,acima,baixa,3,historico feriado (poucos dados),3.0
I21JC029153F,7,,feriado,0.0,0.0,0.01,0.0,0.0,normal,normal,baixa,3,historico feriado (poucos dados),3.0
I21JC029153F,8,,feriado,0.368,0.0,0.01,10.0,36.8,desvio,acima,baixa,3,historico feriado (poucos dados),3.0
I21JC029153F,9,,feriado,0.0,0.0,0.01,0.0,0.0,normal,normal,baixa,3,historico feriado (poucos dados),3.0
I21JC029153F,10,,feriado,0.0,0.0,0.01,0.0,0.0,normal,normal,baixa,3,historico feriado (poucos dados),3.0
I21JC029153F,11,,feriado,0.0,0.0,0.01,0.0,0.0,normal,normal,baixa,3,historico feriado (poucos dados),3.0
I21JC029153F,12,,feriado,0.0,0.0,0.01,0.0,0.0,normal,normal,baixa,3,historico feriado (poucos dados),3.0
I21JC029153F,13,,feriado,0.0,0.0,0.01,0.0,0.0,normal,normal,baixa,3,historico feriado (poucos dados),3.0
I21JC029153F,14,,feriado,0.0,0.0,0.01,0.0,0.0,normal,normal,baixa,3,historico feriado (poucos dados),3.0
I21JC029153F,15,,feriado,0.0,0.0,0.01,0.0,0.0,normal,normal,baixa,3,historico feriado (poucos dados),3.0
I21JC029153F,16,,feriado,0.0,0.0,0.01,0.0,0.0,normal,normal,baixa,3,historico feriado (poucos dados),3.0
I21JC029153F,17,,feriado,0.0,0.0,0.01,0.0,0.0,normal,normal,baixa,3,historico feriado (poucos dados),3.0
I21JC029153F,18,,feriado,0.0,0.0,0.01,0.0,0.0,normal,normal,baixa,3,historico feriado (poucos dados),3.0
I21JC029153F,19,,feriado,0.0,0.0,0.01,0.0,0.0,normal,normal,baixa,3,historico feriado (poucos dados),3.0
I21JC029153F,20,,feriado,0.0,0.0,0.01,0.0,0.0,normal,normal,baixa,3,historico feriado (poucos dados),3.0
I21JC029153F,21,,feriado,0.0,0.0,0.01,0.0,0.0,normal,normal,baixa,3,historico feriado (poucos dados),3.0
I21JC029153F,22,,feriado,1.869,0.0,0.01,10.0,186.9,desvio,acima,baixa,3,historico feriado (poucos dados),3.0
I21JC029153F,23,,feriado,1.208,0.0,0.01,10.0,120.8,desvio,acima,baixa,3,historico feriado (poucos dados),3.0
I21JC029154G,0,,feriado,0.0,0.0,0.01,0.0,0.0,normal,normal,baixa,3,historico feriado (poucos dados),3.0
I21JC029154G,1,,feriado,0.0,0.0,0.01,0.0,0.0,normal,normal,baixa,3,historico feriado (poucos dados),3.0
I21JC029154G,2,,feriado,0.0,0.0,0.01,0.0,0.0,normal,normal,baixa,3,historico feriado (poucos dados),3.0
I21JC029154G,3,,feriado,0.0,0.0,0.01,0.0,0.0,normal,normal,baixa,3,historico feriado (poucos dados),3.0
I21JC029154G,4,,feriado,0.0,0.0,0.01,0.0,0.0,normal,normal,baixa,3,historico feriado (poucos dados),3.0
I21JC029154G,5,,feriado,0.0,0.0,0.01,0.0,0.0,normal,normal,baixa,3,historico feriado (poucos dados),3.0
I21JC029154G,6,,feriado,0.0,0.0,0.01,0.0,0.0,normal,normal,baixa,3,historico feriado (poucos dados),3.0
I21JC029154G,7,,feriado,0.0,0.0,0.01,0.0,0.0,normal,normal,baixa,3,historico feriado (poucos dados),3.0
I21JC029154G,8,,feriado,0.0,0.0,0.01,0.0,0.0,normal,normal,baixa,3,historico feriado (poucos dados),3.0
I21JC029154G,9,,feriado,0.0,0.0,0.01,0.0,0.0,normal,normal,baixa,3,historico feriado (poucos dados),3.0
I21JC029154G,10,,feriado,0.0,0.0,0.01,0.0,0.0,normal,normal,baixa,3,historico feriado (poucos dados),3.0
I21JC029154G,11,,feriado,0.0,0.0,0.01,0.0,0.0,normal,normal,baixa,3,historico feriado (poucos dados),3.0
I21JC029154G,12,,feriado,0.0,0.0,0.01,0.0,0.0,normal,normal,baixa,3,historico feriado (poucos dados),3.0
I21JC029154G,13,,feriado,0.0,0.0,0.01,0.0,0.0,normal,normal,baixa,3,historico feriado (poucos dados),3.0
I21JC029154G,14,,feriado,0.0,0.0,0.01,0.0,0.0,normal,normal,baixa,3,historico feriado (poucos dados),3.0
I21JC029154G,15,,feriado,0.0,0.0,0.01,0.0,0.0,normal,normal,baixa,3,historico feriado (poucos dados),3.0
I21JC029154G,16,,feriado,0.0,0.0,0.01,0.0,0.0,normal,normal,baixa,3,historico feriado (poucos dados),3.0
I21JC029154G,17,,feriado,0.0,0.0,0.01,0.0,0.0,normal,normal,baixa,3,historico feriado (poucos dados),3.0
I21JC029154G,18,,feriado,0.0,0.0,0.01,0.0,0.0,normal,normal,baixa,3,historico feriado (poucos dados),3.0
I21JC029154G,19,,feriado,0.0,0.0,0.01,0.0,0.0,normal,normal,baixa,3,historico feriado (poucos dados),3.0
I21JC029154G,20,,feriado,0.0,0.0,0.01,0.0,0.0,normal,normal,baixa,3,historico feriado (poucos dados),3.0
I21JC029154G,21,,feriado,0.0,0.0,0.01,0.0,0.0,normal,normal,baixa,3,historico feriado (poucos dados),3.0
I21JC029154G,22,,feriado,0.0,0.0,0.01,0.0,0.0,normal,normal,baixa,3,historico feriado (poucos dados),3.0
I21JC029154G,23,,feriado,0.0,0.0,0.01,0.0,0.0,normal,normal,baixa,3,historico feriado (poucos dados),3.0
I21JC029164I,0,,feriado,0.0,0.0,0.01,0.0,0.0,normal,normal,baixa,3,historico feriado (poucos dados),3.0
I21JC029164I,2,,feriado,0.0,0.0,0.01,0.0,0.0,normal,normal,baixa,3,historico feriado (poucos dados),3.0
I21JC029164I,3,,feriado,0.0,0.0,0.01,0.0,0.0,normal,normal,baixa,3,historico feriado (poucos dados),3.0
I21JC029164I,4,,feriado,0.0,0.0,0.01,0.0,0.0,normal,normal,baixa,3,historico feriado (poucos dados),3.0
I21JC029164I,5,,feriado,0.0,0.0,0.01,0.0,0.0,normal,normal,baixa,3,historico feriado (poucos dados),3.0
I21JC029164I,6,,feriado,0.0,0.0,0.01,0.0,0.0,normal,normal,baixa,3,historico feriado (poucos dados),3.0
I21JC029164I,7,,feriado,0.0,0.0,0.01,0.0,0.0,normal,normal,baixa,3,historico feriado (poucos dados),3.0
I21JC029164I,8,,feriado,0.0,0.0,0.01,0.0,0.0,normal,normal,baixa,3,historico feriado (poucos dados),3.0
I21JC029164I,9,,feriado,0.0,0.0,0.01,0.0,0.0,normal,normal,baixa,3,historico feriado (poucos dados),3.0
I21JC029164I,10,,feriado,0.0,0.0,0.01,0.0,0.0,normal,normal,baixa,3,historico feriado (poucos dados),3.0
I21JC029164I,11,,feriado,0.0,0.0,0.01,0.0,0.0,normal,normal,baixa,3,historico feriado (poucos dados),3.0
I21JC029164I,12,,feriado,0.0,0.0,0.01,0.0,0.0,normal,normal,baixa,3,historico feriado (poucos dados),3.0
I21JC029164I,14,,feriado,0.0,0.0,0.01,0.0,0.0,normal,normal,baixa,3,historico feriado (poucos dados),3.0
I21JC029164I,15,,feriado,0.0,0.0,0.01,0.0,0.0,normal,normal,baixa,3,historico feriado (poucos dados),3.0
I21JC029164I,16,,feriado,0.0,0.0,0.01,0.0,0.0,normal,normal,baixa,3,historico feriado (poucos dados),3.0
I21JC029164I,17,,feriado,0.0,0.0,0.01,0.0,0.0,normal,normal,baixa,3,historico feriado (poucos dados),3.0
I21JC029164I,18,,feriado,0.0,0.0,0.01,0.0,0.0,normal,normal,baixa,3,historico feriado (poucos dados),3.0
I21JC029164I,19,,feriado,0.0,0.0,0.01,0.0,0.0,normal,normal,baixa,3,historico feriado (poucos dados),3.0
I21JC029164I,20,,feriado,0.0,0.0,0.01,0.0,0.0,normal,normal,baixa,3,historico feriado (poucos dados),3.0
I21JC029164I,21,,feriado,0.0,0.0,0.01,0.0,0.0,normal,normal,baixa,3,historico feriado (poucos dados),3.0
I21JC029164I,22,,feriado,0.0,0.0,0.01,0.0,0.0,normal,normal,baixa,3,historico feriado (poucos dados),3.0
I21JC029164I,23,,feriado,0.0,0.0,0.01,0.0,0.0,normal,normal,baixa,3,historico feriado (poucos dados),3.0
I21JC029165J,0,,feriado,0.192,0.165,0.0413,0.65,0.65,normal,normal,baixa,3,historico feriado (poucos dados),3.0
I21JC029165J,1,,feriado,0.193,0.1663,0.0416,0.64,0.64,normal,normal,baixa,3,historico feriado (poucos dados),3.0
I21JC029165J,2,,feriado,0.194,0.1677,0.0419,0.63,0.63,normal,normal,baixa,3,historico feriado (poucos dados),3.0
I21JC029165J,3,,feriado,0.194,0.169,0.0423,0.59,0.59,normal,normal,baixa,3,historico feriado (poucos dados),3.0
I21JC029165J,4,,feriado,0.196,0.1697,0.0424,0.62,0.62,normal,normal,baixa,3,historico feriado (poucos dados),3.0
I21JC029165J,5,,feriado,0.888,0.5315,0.5155,0.69,0.69,normal,normal,baixa,2,historico feriado (poucos dados),3.0
I21JC029165J,6,,feriado,0.199,0.1717,0.0429,0.64,0.64,normal,normal,baixa,3,historico feriado (poucos dados),3.0
I21JC029165J,7,,feriado,0.199,0.1707,0.0427,0.66,0.66,normal,normal,baixa,3,historico feriado (poucos dados),3.0
I21JC029165J,8,,feriado,0.197,0.1703,0.0426,0.63,0.63,normal,normal,baixa,3,historico feriado (poucos dados),3.0
I21JC029165J,9,,feriado,0.192,0.1687,0.0422,0.55,0.55,normal,normal,baixa,3,historico feriado (poucos dados),3.0
I21JC029165J,10,,feriado,0.19,0.1665,0.0416,0.56,0.56,normal,normal,baixa,2,historico feriado (poucos dados),3.0
I21JC029165J,11,,feriado,0.189,0.166,0.0415,0.55,0.55,normal,normal,baixa,2,historico feriado (poucos dados),3.0
I21JC029165J,12,,feriado,0.187,0.1655,0.0414,0.52,0.52,normal,normal,baixa,2,historico feriado (poucos dados),3.0
I21JC029165J,14,,feriado,0.187,0.3783,0.3687,-0.52,-0.52,normal,normal,baixa,3,historico feriado (poucos dados),3.0
I21JC029165J,15,,feriado,0.188,0.1643,0.0411,0.58,0.58,normal,normal,baixa,3,historico feriado (poucos dados),3.0
I21JC029165J,16,,feriado,0.188,0.164,0.041,0.59,0.59,normal,normal,baixa,3,historico feriado (poucos dados),3.0
I21JC029165J,17,,feriado,0.188,0.1643,0.0411,0.58,0.58,normal,normal,baixa,3,historico feriado (poucos dados),3.0
I21JC029165J,18,,feriado,0.379,0.3283,0.0821,0.62,0.62,normal,normal,baixa,3,historico feriado (poucos dados),3.0
I21JC029165J,19,,feriado,0.191,0.1627,0.0407,0.7,0.7,normal,normal,baixa,3,historico feriado (poucos dados),3.0
I21JC029165J,20,,feriado,0.192,0.1627,0.0407,0.72,0.72,normal,normal,baixa,3,historico feriado (poucos dados),3.0
I21JC029165J,21,,feriado,0.865,0.35,0.4703,1.1,1.1,normal,normal,baixa,25,fallback (30d recentes),3.0
I21JC029165J,22,,feriado,0.195,0.5005,0.4787,-0.64,-0.64,normal,normal,baixa,2,historico feriado (poucos dados),3.0
I21JC029165J,23,,feriado,1.772,0.165,0.0413,10.0,38.96,desvio,acima,baixa,2,historico feriado (poucos dados),3.0
I21JC029166K,0,,feriado,0.006,0.0073,0.01,-0.13,-0.13,normal,normal,baixa,3,historico feriado (poucos dados),3.0
I21JC029166K,1,,feriado,0.005,0.0067,0.01,-0.17,-0.17,normal,normal,baixa,3,historico feriado (poucos dados),3.0
I21JC029166K,2,,feriado,0.005,0.0057,0.01,-0.07,-0.07,normal,normal,baixa,3,historico feriado (poucos dados),3.0
I21JC029166K,3,,feriado,0.003,0.006,0.01,-0.3,-0.3,normal,normal,baixa,3,historico feriado (poucos dados),3.0
I21JC029166K,4,,feriado,0.004,0.0057,0.01,-0.17,-0.17,normal,normal,baixa,3,historico feriado (poucos dados),3.0
I21JC029166K,5,,feriado,0.004,0.006,0.01,-0.2,-0.2,normal,normal,baixa,3,historico feriado (poucos dados),3.0
I21JC029166K,6,,feriado,0.005,0.0057,0.01,-0.07,-0.07,normal,normal,baixa,3,historico feriado (poucos dados),3.0
I21JC029166K,7,,feriado,0.006,0.0073,0.01,-0.13,-0.13,normal,normal,baixa,3,historico feriado (poucos dados),3.0
I21JC029166K,8,,feriado,0.006,0.008,0.01,-0.2,-0.2,normal,normal,baixa,3,historico feriado (poucos dados),3.0
I21JC029166K,9,,feriado,0.758,0.873,0.2183,-0.53,-0.53,normal,normal,baixa,3,historico feriado (poucos dados),3.0
I21JC029166K,10,,feriado,0.963,1.0623,0.2656,-0.37,-0.37,normal,normal,baixa,3,historico feriado (poucos dados),3.0
I21JC029166K,11,,feriado,0.007,0.009,0.01,-0.2,-0.2,normal,normal,baixa,3,historico feriado (poucos dados),3.0
I21JC029166K,12,,feriado,0.008,0.009,0.01,-0.1,-0.1,normal,normal,baixa,3,historico feriado (poucos dados),3.0
I21JC029166K,13,,feriado,0.008,0.0087,0.01,-0.07,-0.07,normal,normal,baixa,3,historico feriado (poucos dados),3.0
I21JC029166K,14,,feriado,0.007,0.0087,0.01,-0.17,-0.17,normal,normal,baixa,3,historico feriado (poucos dados),3.0
I21JC029166K,15,,feriado,0.007,0.0083,0.01,-0.13,-0.13,normal,normal,baixa,3,historico feriado (poucos dados),3.0
I21JC029166K,16,,feriado,0.008,0.0087,0.01,-0.07,-0.07,normal,normal,baixa,3,historico feriado (poucos dados),3.0
I21JC029166K,17,,feriado,0.006,0.0087,0.01,-0.27,-0.27,normal,normal,baixa,3,historico feriado (poucos dados),3.0
I21JC029166K,18,,feriado,0.007,0.0117,0.01,-0.47,-0.47,normal,normal,baixa,3,historico feriado (poucos dados),3.0
I21JC029166K,19,,feriado,0.007,0.0087,0.01,-0.17,-0.17,normal,normal,baixa,3,historico feriado (poucos dados),3.0
I21JC029166K,20,,feriado,0.007,0.009,0.01,-0.2,-0.2,normal,normal,baixa,3,historico feriado (poucos dados),3.0
I21JC029166K,21,,feriado,0.007,0.0085,0.01,-0.15,-0.15,normal,normal,baixa,2,historico feriado (poucos dados),3.0
I21JC029166K,22,,feriado,0.006,0.0087,0.01,-0.27,-0.27,normal,normal,baixa,3,historico feriado (poucos dados),3.0
I21JC029166K,23,,feriado,0.007,0.008,0.01,-0.1,-0.1,normal,normal,baixa,3,historico feriado (poucos dados),3.0
I21JC029167L,1,,feriado,0.0,0.0,0.01,0.0,0.0,normal,normal,baixa,3,historico feriado (poucos dados),3.0
I21JC029167L,2,,feriado,0.0,0.0,0.01,0.0,0.0,normal,normal,baixa,3,historico feriado (poucos dados),3.0
I21JC029167L,3,,feriado,0.0,0.0,0.01,0.0,0.0,normal,normal,baixa,3,historico feriado (poucos dados),3.0
I21JC029167L,4,,feriado,0.0,0.0,0.01,0.0,0.0,normal,normal,baixa,22,fallback (30d recentes),3.0
I21JC029167L,5,,feriado,0.0,0.0,0.01,0.0,0.0,normal,normal,baixa,3,historico feriado (poucos dados),3.0
I21JC029167L,6,,feriado,0.0,0.0,0.01,0.0,0.0,normal,normal,baixa,3,historico feriado (poucos dados),3.0
I21JC029167L,7,,feriado,0.0,0.0,0.01,0.0,0.0,normal,normal,baixa,3,historico feriado (poucos dados),3.0
I21JC029167L,8,,feriado,0.0,0.0,0.01,0.0,0.0,normal,normal,baixa,3,historico feriado (poucos dados),3.0
I21JC029167L,9,,feriado,0.0,0.0,0.01,0.0,0.0,normal,normal,baixa,3,historico feriado (poucos dados),3.0
I21JC029167L,10,,feriado,0.0,0.0,0.01,0.0,0.0,normal,normal,baixa,3,historico feriado (poucos dados),3.0
I21JC029167L,11,,feriado,0.0,0.0,0.01,0.0,0.0,normal,normal,baixa,3,historico feriado (poucos dados),3.0
I21JC029167L,12,,feriado,0.0,0.0,0.01,0.0,0.0,normal,normal,baixa,3,historico feriado (poucos dados),3.0
I21JC029167L,13,,feriado,0.0,0.0,0.01,0.0,0.0,normal,normal,baixa,3,historico feriado (poucos dados),3.0
I21JC029167L,14,,feriado,0.0,0.0,0.01,0.0,0.0,normal,normal,baixa,3,historico feriado (poucos dados),3.0
I21JC029167L,15,,feriado,0.0,0.0,0.01,0.0,0.0,normal,normal,baixa,3,historico feriado (poucos dados),3.0
I21JC029167L,17,,feriado,0.0,0.0,0.01,0.0,0.0,normal,normal,baixa,3,historico feriado (poucos dados),3.0
I21JC029167L,18,,feriado,0.0,0.0,0.01,0.0,0.0,normal,normal,baixa,3,historico feriado (poucos dados),3.0
I21JC029167L,19,,feriado,0.0,0.0,0.01,0.0,0.0,normal,normal,baixa,3,historico feriado (poucos dados),3.0
I21JC029167L,20,,feriado,0.0,0.0,0.01,0.0,0.0,normal,normal,baixa,3,historico feriado (poucos dados),3.0
I21JC029167L,21,,feriado,0.0,0.0,0.01,0.0,0.0,normal,normal,baixa,3,historico feriado (poucos dados),3.0
I21JC029167L,22,,feriado,0.0,0.0,0.01,0.0,0.0,normal,normal,baixa,3,historico feriado (poucos dados),3.0
I21JC029167L,23,,feriado,0.0,0.0,0.01,0.0,0.0,normal,normal,baixa,3,historico feriado (poucos dados),3.0
I21JC029323F,0,,feriado,0.37,0.2357,0.0589,2.28,2.28,normal,normal,baixa,3,historico feriado (poucos dados),3.0
I21JC029323F,1,,feriado,0.283,0.1583,0.0396,3.15,3.15,desvio,acima,baixa,3,historico feriado (poucos dados),3.0
I21JC029323F,2,,feriado,0.06,0.1333,0.0333,-2.2,-2.2,normal,normal,baixa,3,historico feriado (poucos dados),3.0
I21JC029323F,3,,feriado,0.039,0.098,0.0397,-1.49,-1.49,normal,normal,baixa,3,historico feriado (poucos dados),3.0
I21JC029323F,4,,feriado,0.101,0.0713,0.0227,1.3,1.3,normal,normal,baixa,3,historico feriado (poucos dados),3.0
I21JC029323F,5,,feriado,0.11,0.0673,0.0274,1.56,1.56,normal,normal,baixa,3,historico feriado (poucos dados),3.0
I21JC029323F,6,,feriado,0.087,0.0647,0.0162,1.38,1.38,normal,normal,baixa,3,historico feriado (poucos dados),3.0
I21JC029323F,7,,feriado,0.308,0.094,0.0235,9.11,9.11,desvio,acima,baixa,3,historico feriado (poucos dados),3.0
I21JC029323F,8,,feriado,0.232,0.3747,0.0937,-1.52,-1.52,normal,normal,baixa,3,historico feriado (poucos dados),3.0
I21JC029323F,9,,feriado,0.381,0.5427,0.236,-0.68,-0.68,normal,normal,baixa,3,historico feriado (poucos dados),3.0
I21JC029323F,10,,feriado,0.416,0.5733,0.1433,-1.1,-1.1,normal,normal,baixa,3,historico feriado (poucos dados),3.0
I21JC029323F,11,,feriado,0.483,0.3593,0.0898,1.38,1.38,normal,normal,baixa,3,historico feriado (poucos dados),3.0
I21JC029323F,12,,feriado,0.389,0.4357,0.1618,-0.29,-0.29,normal,normal,baixa,3,historico feriado (poucos dados),3.0
I21JC029323F,13,,feriado,0.359,0.4983,0.1616,-0.86,-0.86,normal,normal,baixa,3,historico feriado (poucos dados),3.0
I21JC029323F,14,,feriado,0.497,0.3647,0.0912,1.45,1.45,normal,normal,baixa,3,historico feriado (poucos dados),3.0
I21JC029323F,15,,feriado,0.576,0.3117,0.1256,2.1,2.1,normal,normal,baixa,3,historico feriado (poucos dados),3.0
I21JC029323F,16,,feriado,0.568,0.473,0.1183,0.8,0.8,normal,normal,baixa,3,historico feriado (poucos dados),3.0
I21JC029323F,17,,feriado,0.28,0.352,0.0883,-0.82,-0.82,normal,normal,baixa,3,historico feriado (poucos dados),3.0
I21JC029323F,18,,feriado,0.24,0.424,0.106,-1.74,-1.74,normal,normal,baixa,3,historico feriado (poucos dados),3.0
I21JC029323F,19,,feriado,0.275,0.4313,0.1078,-1.45,-1.45,normal,normal,baixa,3,historico feriado (poucos dados),3.0
I21JC029323F,20,,feriado,0.267,0.347,0.0867,-0.92,-0.92,normal,normal,baixa,2,historico feriado (poucos dados),3.0
I21JC029323F,21,,feriado,0.627,0.5555,0.1389,0.51,0.51,normal,normal,baixa,2,historico feriado (poucos dados),3.0
I21JC029323F,22,,feriado,0.485,0.4505,0.1973,0.17,0.17,normal,normal,baixa,2,historico feriado (poucos dados),3.0
I21JC029323F,23,,feriado,0.369,0.3115,0.2425,0.24,0.24,normal,normal,baixa,2,historico feriado (poucos dados),3.0
I21JC029325H,0,,feriado,0.092,0.0487,0.0122,3.56,3.56,desvio,acima,baixa,3,historico feriado (poucos dados),3.0
I21JC029325H,1,,feriado,0.022,0.0247,0.01,-0.27,-0.27,normal,normal,baixa,3,historico feriado (poucos dados),3.0
I21JC029325H,2,,feriado,0.027,0.0237,0.01,0.33,0.33,normal,normal,baixa,3,historico feriado (poucos dados),3.0
I21JC029325H,3,,feriado,0.027,0.0207,0.01,0.63,0.63,normal,normal,baixa,3,historico feriado (poucos dados),3.0
I21JC029325H,4,,feriado,0.034,0.033,0.024,0.04,0.04,normal,normal,baixa,2,historico feriado (poucos dados),3.0
I21JC029325H,5,,feriado,0.046,0.017,0.01,2.9,2.9,normal,normal,baixa,2,historico feriado (poucos dados),3.0
I21JC029325H,6,,feriado,0.043,0.0505,0.0163,-0.46,-0.46,normal,normal,baixa,2,historico feriado (poucos dados),3.0
I21JC029325H,7,,feriado,0.065,0.0365,0.0191,1.49,1.49,normal,normal,baixa,2,historico feriado (poucos dados),3.0
I21JC029325H,8,,feriado,0.138,0.1805,0.0451,-0.94,-0.94,normal,normal,baixa,2,historico feriado (poucos dados),3.0
I21JC029325H,9,,feriado,0.088,0.1623,0.0898,-0.83,-0.83,normal,normal,baixa,3,historico feriado (poucos dados),3.0
I21JC029325H,10,,feriado,0.055,0.138,0.1501,-0.55,-0.55,normal,normal,baixa,3,historico feriado (poucos dados),3.0
I21JC029325H,11,,feriado,0.053,0.0997,0.0378,-1.23,-1.23,normal,normal,baixa,3,historico feriado (poucos dados),3.0
I21JC029325H,12,,feriado,0.063,0.0905,0.0226,-1.22,-1.22,normal,normal,baixa,2,historico feriado (poucos dados),3.0
I21JC029325H,13,,feriado,0.149,0.19,0.1457,-0.28,-0.28,normal,normal,baixa,2,historico feriado (poucos dados),3.0
I21JC029325H,14,,feriado,0.136,0.1455,0.0364,-0.26,-0.26,normal,normal,baixa,2,historico feriado (poucos dados),3.0
I21JC029325H,15,,feriado,0.116,0.201,0.0503,-1.69,-1.69,normal,normal,baixa,2,historico feriado (poucos dados),3.0
I21JC029325H,16,,feriado,0.071,0.224,0.239,-0.64,-0.64,normal,normal,baixa,3,historico feriado (poucos dados),3.0
I21JC029325H,17,,feriado,0.059,0.1033,0.0613,-0.72,-0.72,normal,normal,baixa,3,historico feriado (poucos dados),3.0
I21JC029325H,18,,feriado,0.044,0.1447,0.0581,-1.73,-1.73,normal,normal,baixa,3,historico feriado (poucos dados),3.0
I21JC029325H,19,,feriado,0.048,0.1073,0.0268,-2.21,-2.21,normal,normal,baixa,3,historico feriado (poucos dados),3.0
I21JC029325H,20,,feriado,0.156,0.123,0.0307,1.07,1.07,normal,normal,baixa,3,historico feriado (poucos dados),3.0
I21JC029325H,21,,feriado,0.22,0.18,0.1188,0.34,0.34,normal,normal,baixa,3,historico feriado (poucos dados),3.0
I21JC029325H,22,,feriado,0.209,0.0507,0.0411,3.85,3.85,desvio,acima,baixa,3,historico feriado (poucos dados),3.0
I21JC029325H,23,,feriado,0.054,0.1197,0.1217,-0.54,-0.54,normal,normal,baixa,3,historico feriado (poucos dados),3.0
I21JC029328K,0,,feriado,0.05,0.035,0.01,1.5,1.5,normal,normal,baixa,2,historico feriado (poucos dados),3.0
I21JC029328K,1,,feriado,0.049,0.034,0.01,1.5,1.5,normal,normal,baixa,2,historico feriado (poucos dados),3.0
I21JC029328K,2,,feriado,0.048,0.092,0.1013,-0.43,-0.43,normal,normal,baixa,3,historico feriado (poucos dados),3.0
I21JC029328K,3,,feriado,0.049,0.0357,0.01,1.33,1.33,normal,normal,baixa,3,historico feriado (poucos dados),3.0
I21JC029328K,4,,feriado,0.048,0.0353,0.01,1.27,1.27,normal,normal,baixa,3,historico feriado (poucos dados),3.0
I21JC029328K,5,,feriado,0.048,0.0353,0.01,1.27,1.27,normal,normal,baixa,3,historico feriado (poucos dados),3.0
I21JC029328K,6,,feriado,0.048,0.0367,0.01,1.13,1.13,normal,normal,baixa,3,historico feriado (poucos dados),3.0
I21JC029328K,7,,feriado,0.05,0.0373,0.01,1.27,1.27,normal,normal,baixa,3,historico feriado (poucos dados),3.0
I21JC029328K,8,,feriado,0.052,0.039,0.01,1.3,1.3,normal,normal,baixa,3,historico feriado (poucos dados),3.0
I21JC029328K,9,,feriado,0.053,0.0403,0.0101,1.26,1.26,normal,normal,baixa,3,historico feriado (poucos dados),3.0
I21JC029328K,10,,feriado,0.054,0.426,0.5501,-0.68,-0.68,normal,normal,baixa,2,historico feriado (poucos dados),3.0
I21JC029328K,11,,feriado,0.055,0.088,0.0857,-0.38,-0.38,normal,normal,baixa,3,historico feriado (poucos dados),3.0
I21JC029328K,12,,feriado,0.057,0.041,0.0103,1.56,1.56,normal,normal,baixa,3,historico feriado (poucos dados),3.0
I21JC029328K,13,,feriado,0.055,0.0407,0.0102,1.41,1.41,normal,normal,baixa,3,historico feriado (poucos dados),3.0
I21JC029328K,14,,feriado,0.056,0.0403,0.0101,1.55,1.55,normal,normal,baixa,3,historico feriado (poucos dados),3.0
I21JC029328K,15,,feriado,0.055,0.0527,0.018,0.13,0.13,normal,normal,baixa,3,historico feriado (poucos dados),3.0
I21JC029328K,16,,feriado,0.054,0.04,0.01,1.4,1.4,normal,normal,baixa,3,historico feriado (poucos dados),3.0
I21JC029328K,17,,feriado,0.055,0.0397,0.01,1.53,1.53,normal,normal,baixa,3,historico feriado (poucos dados),3.0
I21JC029328K,18,,feriado,0.054,0.0393,0.01,1.47,1.47,normal,normal,baixa,3,historico feriado (poucos dados),3.0
I21JC029328K,19,,feriado,0.054,0.0397,0.01,1.43,1.43,normal,normal,baixa,3,historico feriado (poucos dados),3.0
I21JC029328K,20,,feriado,0.054,0.0397,0.01,1.43,1.43,normal,normal,baixa,3,historico feriado (poucos dados),3.0
I21JC029328K,21,,feriado,0.054,0.0393,0.01,1.47,1.47,normal,normal,baixa,3,historico feriado (poucos dados),3.0
I21JC029328K,22,,feriado,0.053,0.0383,0.01,1.47,1.47,normal,normal,baixa,3,historico feriado (poucos dados),3.0
I21JC029328K,23,,feriado,0.052,0.038,0.01,1.4,1.4,normal,normal,baixa,3,historico feriado (poucos dados),3.0
I21JC029332G,0,,feriado,0.027,0.0321,0.0413,-0.12,-0.12,normal,normal,baixa,18,fallback (30d recentes),3.0
I21JC029333H,0,,feriado,0.004,0.042,0.0105,-3.62,-3.62,desvio,abaixo,baixa,2,historico feriado (poucos dados),3.0
I21JC029336K,0,,feriado,0.074,0.0275,0.0134,3.46,3.46,desvio,acima,baixa,2,historico feriado (poucos dados),3.0
I21JC029357P,0,,feriado,0.0,0.0,0.01,0.0,0.0,normal,normal,baixa,3,historico feriado (poucos dados),3.0
I21JC029357P,1,,feriado,0.0,0.0,0.01,0.0,0.0,normal,normal,baixa,3,historico feriado (poucos dados),3.0
I21JC029357P,2,,feriado,0.0,0.0,0.01,0.0,0.0,normal,normal,baixa,3,historico feriado (poucos dados),3.0
I21JC029357P,3,,feriado,0.0,0.0,0.01,0.0,0.0,normal,normal,baixa,3,historico feriado (poucos dados),3.0
I21JC029357P,4,,feriado,0.0,0.0,0.01,0.0,0.0,normal,normal,baixa,3,historico feriado (poucos dados),3.0
I21JC029357P,5,,feriado,0.0,0.0,0.01,0.0,0.0,normal,normal,baixa,3,historico feriado (poucos dados),3.0
I21JC029357P,6,,feriado,0.0,0.0,0.01,0.0,0.0,normal,normal,baixa,3,historico feriado (poucos dados),3.0
I21JC029357P,7,,feriado,0.0,0.0,0.01,0.0,0.0,normal,normal,baixa,3,historico feriado (poucos dados),3.0
I21JC029357P,8,,feriado,0.0,0.0,0.01,0.0,0.0,normal,normal,baixa,3,historico feriado (poucos dados),3.0
I21JC029357P,9,,feriado,0.0,0.0,0.01,0.0,0.0,normal,normal,baixa,3,historico feriado (poucos dados),3.0
I21JC029357P,10,,feriado,0.0,0.0,0.01,0.0,0.0,normal,normal,baixa,3,historico feriado (poucos dados),3.0
I21JC029357P,11,,feriado,0.0,0.0,0.01,0.0,0.0,normal,normal,baixa,3,historico feriado (poucos dados),3.0
I21JC029357P,12,,feriado,0.0,0.0,0.01,0.0,0.0,normal,normal,baixa,3,historico feriado (poucos dados),3.0
I21JC029357P,13,,feriado,0.0,0.0,0.01,0.0,0.0,normal,normal,baixa,3,historico feriado (poucos dados),3.0
I21JC029357P,14,,feriado,0.0,0.0,0.01,0.0,0.0,normal,normal,baixa,3,historico feriado (poucos dados),3.0
I21JC029357P,15,,feriado,0.0,0.0,0.01,0.0,0.0,normal,normal,baixa,3,historico feriado (poucos dados),3.0
I21JC029357P,16,,feriado,0.0,0.0,0.01,0.0,0.0,normal,normal,baixa,3,historico feriado (poucos dados),3.0
I21JC029357P,17,,feriado,0.0,0.0,0.01,0.0,0.0,normal,normal,baixa,3,historico feriado (poucos dados),3.0
I21JC029357P,18,,feriado,0.0,0.0,0.01,0.0,0.0,normal,normal,baixa,3,historico feriado (poucos dados),3.0
I21JC029357P,19,,feriado,0.0,0.0,0.01,0.0,0.0,normal,normal,baixa,3,historico feriado (poucos dados),3.0
I21JC029357P,20,,feriado,0.0,0.0,0.01,0.0,0.0,normal,normal,baixa,2,historico feriado (poucos dados),3.0
I21JC029357P,21,,feriado,0.0,0.0,0.01,0.0,0.0,normal,normal,baixa,2,historico feriado (poucos dados),3.0
I21JC029357P,22,,feriado,0.0,0.0,0.01,0.0,0.0,normal,normal,baixa,2,historico feriado (poucos dados),3.0
I21JC029357P,23,,feriado,0.0,0.0,0.01,0.0,0.0,normal,normal,baixa,2,historico feriado (poucos dados),3.0
I21JC029360K,0,,feriado,0.0,0.0,0.01,0.0,0.0,normal,normal,baixa,3,historico feriado (poucos dados),3.0
I21JC029360K,1,,feriado,0.0,0.0,0.01,0.0,0.0,normal,normal,baixa,3,historico feriado (poucos dados),3.0
I21JC029360K,2,,feriado,0.0,0.0,0.01,0.0,0.0,normal,normal,baixa,3,historico feriado (poucos dados),3.0
I21JC029360K,3,,feriado,0.0,0.0,0.01,0.0,0.0,normal,normal,baixa,3,historico feriado (poucos dados),3.0
I21JC029360K,4,,feriado,0.0,0.0,0.01,0.0,0.0,normal,normal,baixa,3,historico feriado (poucos dados),3.0
I21JC029360K,5,,feriado,0.0,0.0,0.01,0.0,0.0,normal,normal,baixa,3,historico feriado (poucos dados),3.0
I21JC029360K,6,,feriado,0.0,0.0,0.01,0.0,0.0,normal,normal,baixa,3,historico feriado (poucos dados),3.0
I21JC029360K,7,,feriado,0.0,0.0,0.01,0.0,0.0,normal,normal,baixa,3,historico feriado (poucos dados),3.0
I21JC029360K,8,,feriado,0.0,0.0,0.01,0.0,0.0,normal,normal,baixa,3,historico feriado (poucos dados),3.0
I21JC029360K,9,,feriado,0.0,0.0,0.01,0.0,0.0,normal,normal,baixa,3,historico feriado (poucos dados),3.0
I21JC029360K,10,,feriado,0.0,0.0,0.01,0.0,0.0,normal,normal,baixa,3,historico feriado (poucos dados),3.0
I21JC029360K,11,,feriado,0.0,0.0,0.01,0.0,0.0,normal,normal,baixa,3,historico feriado (poucos dados),3.0
I21JC029360K,12,,feriado,0.0,0.0,0.01,0.0,0.0,normal,normal,baixa,3,historico feriado (poucos dados),3.0
I21JC029360K,13,,feriado,0.0,0.0,0.01,0.0,0.0,normal,normal,baixa,3,historico feriado (poucos dados),3.0
I21JC029360K,14,,feriado,0.0,0.0,0.01,0.0,0.0,normal,normal,baixa,3,historico feriado (poucos dados),3.0
I21JC029360K,15,,feriado,0.0,0.0,0.01,0.0,0.0,normal,normal,baixa,3,historico feriado (poucos dados),3.0
I21JC029360K,16,,feriado,0.0,0.0,0.01,0.0,0.0,normal,normal,baixa,3,historico feriado (poucos dados),3.0
I21JC029360K,17,,feriado,0.0,0.0,0.01,0.0,0.0,normal,normal,baixa,3,historico feriado (poucos dados),3.0
I21JC029360K,18,,feriado,0.0,0.0,0.01,0.0,0.0,normal,normal,baixa,3,historico feriado (poucos dados),3.0
I21JC029360K,19,,feriado,0.0,0.0,0.01,0.0,0.0,normal,normal,baixa,3,historico feriado (poucos dados),3.0
I21JC029360K,20,,feriado,0.0,0.0,0.01,0.0,0.0,normal,normal,baixa,3,historico feriado (poucos dados),3.0
I21JC029360K,21,,feriado,0.0,0.0,0.01,0.0,0.0,normal,normal,baixa,3,historico feriado (poucos dados),3.0
I21JC029360K,22,,feriado,0.0,0.0,0.01,0.0,0.0,normal,normal,baixa,3,historico feriado (poucos dados),3.0
I21JC029360K,23,,feriado,0.0,0.0,0.01,0.0,0.0,normal,normal,baixa,3,historico feriado (poucos dados),3.0
I21JC029361L,0,,feriado,0.037,0.0686,0.1103,-0.29,-0.29,normal,normal,baixa,25,fallback (30d recentes),3.0
I21JC029361L,1,,feriado,0.035,0.0283,0.0193,0.35,0.35,normal,normal,baixa,3,historico feriado (poucos dados),3.0
I21JC029361L,2,,feriado,0.038,0.0253,0.0136,0.93,0.93,normal,normal,baixa,3,historico feriado (poucos dados),3.0
I21JC029361L,3,,feriado,0.046,0.015,0.01,3.1,3.1,desvio,acima,baixa,3,historico feriado (poucos dados),3.0
I21JC029361L,4,,feriado,0.043,0.0133,0.01,2.97,2.97,normal,normal,baixa,3,historico feriado (poucos dados),3.0
I21JC029361L,5,,feriado,0.049,0.0243,0.01,2.47,2.47,normal,normal,baixa,3,historico feriado (poucos dados),3.0
I21JC029361L,6,,feriado,0.055,0.0213,0.01,3.37,3.37,desvio,acima,baixa,3,historico feriado (poucos dados),3.0
I21JC029361L,7,,feriado,0.074,0.037,0.019,1.95,1.95,normal,normal,baixa,3,historico feriado (poucos dados),3.0
I21JC029361L,8,,feriado,0.114,0.103,0.0257,0.43,0.43,normal,normal,baixa,3,historico feriado (poucos dados),3.0
I21JC029361L,9,,feriado,0.138,0.134,0.0335,0.12,0.12,normal,normal,baixa,3,historico feriado (poucos dados),3.0
I21JC029361L,10,,feriado,0.152,0.089,0.036,1.75,1.75,normal,normal,baixa,3,historico feriado (poucos dados),3.0
I21JC029361L,11,,feriado,0.099,0.0627,0.0188,1.94,1.94,normal,normal,baixa,3,historico feriado (poucos dados),3.0
I21JC029361L,12,,feriado,0.06,0.0837,0.0649,-0.36,-0.36,normal,normal,baixa,3,historico feriado (poucos dados),3.0
I21JC029361L,13,,feriado,0.117,0.08,0.0427,0.87,0.87,normal,normal,baixa,3,historico feriado (poucos dados),3.0
I21JC029361L,14,,feriado,0.234,0.0827,0.0623,2.43,2.43,normal,normal,baixa,3,historico feriado (poucos dados),3.0
I21JC029361L,15,,feriado,0.04,0.079,0.0198,-1.97,-1.97,normal,normal,baixa,3,historico feriado (poucos dados),3.0
I21JC029361L,16,,feriado,0.067,0.0305,0.01,3.65,3.65,desvio,acima,baixa,2,historico feriado (poucos dados),3.0
I21JC029361L,17,,feriado,0.051,0.0315,0.012,1.62,1.62,normal,normal,baixa,2,historico feriado (poucos dados),3.0
I21JC029361L,18,,feriado,0.101,0.04,0.01,6.1,6.1,desvio,acima,baixa,2,historico feriado (poucos dados),3.0
I21JC029361L,19,,feriado,0.052,0.0925,0.0231,-1.75,-1.75,normal,normal,baixa,2,historico feriado (poucos dados),3.0
I21JC029361L,20,,feriado,0.127,0.215,0.2246,-0.39,-0.39,normal,normal,baixa,3,historico feriado (poucos dados),3.0
I21JC029361L,21,,feriado,0.121,0.1227,0.0811,-0.02,-0.02,normal,normal,baixa,3,historico feriado (poucos dados),3.0
I21JC029361L,22,,feriado,0.056,0.0953,0.0441,-0.89,-0.89,normal,normal,baixa,3,historico feriado (poucos dados),3.0
I21JC029361L,23,,feriado,0.066,0.065,0.0354,0.03,0.03,normal,normal,baixa,3,historico feriado (poucos dados),3.0
I21JC029405G,0,,feriado,0.0,0.0,0.01,0.0,0.0,normal,normal,baixa,3,historico feriado (poucos dados),3.0
I21JC029405G,1,,feriado,0.0,0.0,0.01,0.0,0.0,normal,normal,baixa,3,historico feriado (poucos dados),3.0
I21JC029405G,2,,feriado,0.0,0.0,0.01,0.0,0.0,normal,normal,baixa,3,historico feriado (poucos dados),3.0
I21JC029405G,3,,feriado,0.0,0.0,0.01,0.0,0.0,normal,normal,baixa,3,historico feriado (poucos dados),3.0
I21JC029405G,4,,feriado,0.0,0.0,0.01,0.0,0.0,normal,normal,baixa,3,historico feriado (poucos dados),3.0
I21JC029405G,5,,feriado,0.0,0.0,0.01,0.0,0.0,normal,normal,baixa,3,historico feriado (poucos dados),3.0
I21JC029405G,6,,feriado,0.0,0.0,0.01,0.0,0.0,normal,normal,baixa,3,historico feriado (poucos dados),3.0
I21JC029405G,7,,feriado,0.0,0.0,0.01,0.0,0.0,normal,normal,baixa,3,historico feriado (poucos dados),3.0
I21JC029405G,8,,feriado,0.0,0.0,0.01,0.0,0.0,normal,normal,baixa,3,historico feriado (poucos dados),3.0
I21JC029405G,9,,feriado,0.0,0.0,0.01,0.0,0.0,normal,normal,baixa,3,historico feriado (poucos dados),3.0
I21JC029405G,10,,feriado,0.0,0.0,0.01,0.0,0.0,normal,normal,baixa,3,historico feriado (poucos dados),3.0
I21JC029405G,11,,feriado,0.0,0.0,0.01,0.0,0.0,normal,normal,baixa,3,historico feriado (poucos dados),3.0
I21JC029405G,12,,feriado,0.0,0.0,0.01,0.0,0.0,normal,normal,baixa,3,historico feriado (poucos dados),3.0
I21JC029405G,13,,feriado,0.0,0.0,0.01,0.0,0.0,normal,normal,baixa,3,historico feriado (poucos dados),3.0
I21JC029405G,14,,feriado,0.0,0.0,0.01,0.0,0.0,normal,normal,baixa,3,historico feriado (poucos dados),3.0
I21JC029405G,15,,feriado,0.0,0.0,0.01,0.0,0.0,normal,normal,baixa,3,historico feriado (poucos dados),3.0
I21JC029405G,16,,feriado,0.0,0.0,0.01,0.0,0.0,normal,normal,baixa,3,historico feriado (poucos dados),3.0
I21JC029405G,17,,feriado,0.0,0.0,0.01,0.0,0.0,normal,normal,baixa,3,historico feriado (poucos dados),3.0
I21JC029405G,18,,feriado,0.0,0.0,0.01,0.0,0.0,normal,normal,baixa,3,historico feriado (poucos dados),3.0
I21JC029405G,19,,feriado,0.0,0.0,0.01,0.0,0.0,normal,normal,baixa,3,historico feriado (poucos dados),3.0
I21JC029405G,20,,feriado,0.0,0.0,0.01,0.0,0.0,normal,normal,baixa,3,historico feriado (poucos dados),3.0
I21JC029405G,21,,feriado,0.0,0.0,0.01,0.0,0.0,normal,normal,baixa,3,historico feriado (poucos dados),3.0
I21JC029405G,22,,feriado,0.0,0.0,0.01,0.0,0.0,normal,normal,baixa,3,historico feriado (poucos dados),3.0
I21JC029405G,23,,feriado,0.0,0.0,0.01,0.0,0.0,normal,normal,baixa,3,historico feriado (poucos dados),3.0
I21JC029424J,0,,feriado,0.0,0.0,0.01,0.0,0.0,normal,normal,baixa,2,historico feriado (poucos dados),3.0
I21JC029424J,1,,feriado,0.0,0.0,0.01,0.0,0.0,normal,normal,baixa,3,historico feriado (poucos dados),3.0
I21JC029424J,2,,feriado,0.0,0.0,0.01,0.0,0.0,normal,normal,baixa,3,historico feriado (poucos dados),3.0
I21JC029424J,3,,feriado,0.0,0.0,0.01,0.0,0.0,normal,normal,baixa,3,historico feriado (poucos dados),3.0
I21JC029424J,4,,feriado,0.0,0.0,0.01,0.0,0.0,normal,normal,baixa,3,historico feriado (poucos dados),3.0
I21JC029424J,5,,feriado,0.0,0.0,0.01,0.0,0.0,normal,normal,baixa,2,historico feriado (poucos dados),3.0
I21JC029424J,6,,feriado,0.0,0.0,0.01,0.0,0.0,normal,normal,baixa,2,historico feriado (poucos dados),3.0
I21JC029424J,7,,feriado,0.0,0.0,0.01,0.0,0.0,normal,normal,baixa,2,historico feriado (poucos dados),3.0
I21JC029424J,8,,feriado,0.0,0.0,0.01,0.0,0.0,normal,normal,baixa,2,historico feriado (poucos dados),3.0
I21JC029424J,17,,feriado,0.0,0.0,0.01,0.0,0.0,normal,normal,baixa,14,fallback (30d recentes),3.0
I21JC029424J,18,,feriado,0.0,0.0,0.01,0.0,0.0,normal,normal,baixa,14,fallback (30d recentes),3.0
I21JC029424J,19,,feriado,0.0,0.0,0.01,0.0,0.0,normal,normal,baixa,14,fallback (30d recentes),3.0
I21JC029424J,20,,feriado,0.0,0.0,0.01,0.0,0.0,normal,normal,baixa,12,fallback (30d recentes),3.0
I21JC029424J,21,,feriado,0.0,0.0,0.01,0.0,0.0,normal,normal,baixa,13,fallback (30d recentes),3.0
I21JC029424J,22,,feriado,0.0,0.0,0.01,0.0,0.0,normal,normal,baixa,13,fallback (30d recentes),3.0
I21JC029424J,23,,feriado,0.0,0.0,0.01,0.0,0.0,normal,normal,baixa,13,fallback (30d recentes),3.0
I21JC029429O,0,,feriado,0.0,0.0,0.01,0.0,0.0,normal,normal,baixa,3,historico feriado (poucos dados),3.0
I21JC029429O,1,,feriado,0.0,0.0,0.01,0.0,0.0,normal,normal,baixa,3,historico feriado (poucos dados),3.0
I21JC029429O,2,,feriado,0.0,0.0,0.01,0.0,0.0,normal,normal,baixa,3,historico feriado (poucos dados),3.0
I21JC029429O,3,,feriado,0.0,0.0,0.01,0.0,0.0,normal,normal,baixa,3,historico feriado (poucos dados),3.0
I21JC029429O,4,,feriado,0.0,0.0,0.01,0.0,0.0,normal,normal,baixa,3,historico feriado (poucos dados),3.0
I21JC029429O,5,,feriado,0.0,0.0,0.01,0.0,0.0,normal,normal,baixa,3,historico feriado (poucos dados),3.0
I21JC029429O,6,,feriado,0.0,0.0,0.01,0.0,0.0,normal,normal,baixa,3,historico feriado (poucos dados),3.0
I21JC029429O,7,,feriado,0.0,0.0,0.01,0.0,0.0,normal,normal,baixa,3,historico feriado (poucos dados),3.0
I21JC029429O,8,,feriado,0.0,0.0,0.01,0.0,0.0,normal,normal,baixa,3,historico feriado (poucos dados),3.0
I21JC029429O,9,,feriado,0.0,0.0,0.01,0.0,0.0,normal,normal,baixa,3,historico feriado (poucos dados),3.0
I21JC029429O,10,,feriado,0.0,0.0,0.01,0.0,0.0,normal,normal,baixa,3,historico feriado (poucos dados),3.0
I21JC029429O,11,,feriado,0.0,0.0,0.01,0.0,0.0,normal,normal,baixa,3,historico feriado (poucos dados),3.0
I21JC029429O,12,,feriado,0.0,0.0,0.01,0.0,0.0,normal,normal,baixa,3,historico feriado (poucos dados),3.0
I21JC029429O,13,,feriado,0.0,0.0,0.01,0.0,0.0,normal,normal,baixa,3,historico feriado (poucos dados),3.0
I21JC029429O,14,,feriado,0.0,0.0,0.01,0.0,0.0,normal,normal,baixa,3,historico feriado (poucos dados),3.0
I21JC029429O,15,,feriado,0.0,0.0,0.01,0.0,0.0,normal,normal,baixa,3,historico feriado (poucos dados),3.0
I21JC029429O,16,,feriado,0.0,0.0,0.01,0.0,0.0,normal,normal,baixa,3,historico feriado (poucos dados),3.0
I21JC029429O,17,,feriado,0.0,0.0,0.01,0.0,0.0,normal,normal,baixa,3,historico feriado (poucos dados),3.0
I21JC029429O,18,,feriado,0.0,0.0,0.01,0.0,0.0,normal,normal,baixa,3,historico feriado (poucos dados),3.0
I21JC029429O,19,,feriado,0.0,0.0,0.01,0.0,0.0,normal,normal,baixa,3,historico feriado (poucos dados),3.0
I21JC029429O,20,,feriado,0.0,0.0,0.01,0.0,0.0,normal,normal,baixa,3,historico feriado (poucos dados),3.0
I21JC029429O,21,,feriado,0.0,0.0,0.01,0.0,0.0,normal,normal,baixa,3,historico feriado (poucos dados),3.0
I21JC029429O,22,,feriado,0.0,0.0,0.01,0.0,0.0,normal,normal,baixa,3,historico feriado (poucos dados),3.0
I21JC029429O,23,,feriado,0.0,0.0,0.01,0.0,0.0,normal,normal,baixa,3,historico feriado (poucos dados),3.0
I21JC029445O,0,,feriado,0.0,0.0,0.01,0.0,0.0,normal,normal,baixa,3,historico feriado (poucos dados),3.0
I21JC029445O,1,,feriado,0.0,0.0,0.01,0.0,0.0,normal,normal,baixa,3,historico feriado (poucos dados),3.0
I21JC029445O,2,,feriado,0.0,0.0,0.01,0.0,0.0,normal,normal,baixa,3,historico feriado (poucos dados),3.0
I21JC029445O,3,,feriado,0.0,0.0,0.01,0.0,0.0,normal,normal,baixa,3,historico feriado (poucos dados),3.0
I21JC029445O,4,,feriado,0.0,0.0,0.01,0.0,0.0,normal,normal,baixa,3,historico feriado (poucos dados),3.0
I21JC029445O,5,,feriado,0.0,0.0,0.01,0.0,0.0,normal,normal,baixa,3,historico feriado (poucos dados),3.0
I21JC029445O,6,,feriado,0.0,0.0,0.01,0.0,0.0,normal,normal,baixa,3,historico feriado (poucos dados),3.0
I21JC029445O,7,,feriado,0.0,0.0,0.01,0.0,0.0,normal,normal,baixa,3,historico feriado (poucos dados),3.0
I21JC029445O,8,,feriado,0.0,0.0,0.01,0.0,0.0,normal,normal,baixa,3,historico feriado (poucos dados),3.0
I21JC029445O,9,,feriado,0.0,0.0,0.01,0.0,0.0,normal,normal,baixa,3,historico feriado (poucos dados),3.0
I21JC029445O,10,,feriado,0.0,0.0,0.01,0.0,0.0,normal,normal,baixa,3,historico feriado (poucos dados),3.0
I21JC029445O,11,,feriado,0.0,0.0,0.01,0.0,0.0,normal,normal,baixa,25,fallback (30d recentes),3.0
I21JC029445O,12,,feriado,0.0,0.0,0.01,0.0,0.0,normal,normal,baixa,25,fallback (30d recentes),3.0
I21JC029445O,13,,feriado,0.0,0.0,0.01,0.0,0.0,normal,normal,baixa,25,fallback (30d recentes),3.0
I21JC029445O,14,,feriado,0.0,0.0,0.01,0.0,0.0,normal,normal,baixa,25,fallback (30d recentes),3.0
I21JC029445O,15,,feriado,0.0,0.0,0.01,0.0,0.0,normal,normal,baixa,3,historico feriado (poucos dados),3.0
I21JC029445O,16,,feriado,0.0,0.0,0.01,0.0,0.0,normal,normal,baixa,3,historico feriado (poucos dados),3.0
I21JC029445O,17,,feriado,0.0,0.0,0.01,0.0,0.0,normal,normal,baixa,3,historico feriado (poucos dados),3.0
I21JC029445O,18,,feriado,0.0,0.0,0.01,0.0,0.0,normal,normal,baixa,3,historico feriado (poucos dados),3.0
I21JC029445O,19,,feriado,0.0,0.0,0.01,0.0,0.0,normal,normal,baixa,3,historico feriado (poucos dados),3.0
I21JC029445O,20,,feriado,0.0,0.0,0.01,0.0,0.0,normal,normal,baixa,3,historico feriado (poucos dados),3.0
I21JC029445O,21,,feriado,0.0,0.0,0.01,0.0,0.0,normal,normal,baixa,3,historico feriado (poucos dados),3.0
I21JC029445O,22,,feriado,0.0,0.0,0.01,0.0,0.0,normal,normal,baixa,3,historico feriado (poucos dados),3.0
I21JC029459U,0,,feriado,0.0,0.0,0.01,0.0,0.0,normal,normal,baixa,3,historico feriado (poucos dados),3.0
I21JC029459U,1,,feriado,0.0,0.0,0.01,0.0,0.0,normal,normal,baixa,3,historico feriado (poucos dados),3.0
I21JC029459U,2,,feriado,0.0,0.0,0.01,0.0,0.0,normal,normal,baixa,3,historico feriado (poucos dados),3.0
I21JC029459U,3,,feriado,0.0,0.0,0.01,0.0,0.0,normal,normal,baixa,3,historico feriado (poucos dados),3.0
I21JC029459U,4,,feriado,0.0,0.0,0.01,0.0,0.0,normal,normal,baixa,2,historico feriado (poucos dados),3.0
I21JC029459U,5,,feriado,0.0,0.0,0.01,0.0,0.0,normal,normal,baixa,2,historico feriado (poucos dados),3.0
I21JC029459U,6,,feriado,0.0,0.0,0.01,0.0,0.0,normal,normal,baixa,2,historico feriado (poucos dados),3.0
I21JC029459U,7,,feriado,0.0,0.0,0.01,0.0,0.0,normal,normal,baixa,2,historico feriado (poucos dados),3.0
I21JC029459U,12,,feriado,0.0,0.0,0.01,0.0,0.0,normal,normal,baixa,3,historico feriado (poucos dados),3.0
I21JC029459U,13,,feriado,0.0,0.0,0.01,0.0,0.0,normal,normal,baixa,3,historico feriado (poucos dados),3.0
I21JC029459U,14,,feriado,0.0,0.0,0.01,0.0,0.0,normal,normal,baixa,3,historico feriado (poucos dados),3.0
I21JC029459U,15,,feriado,0.0,0.0,0.01,0.0,0.0,normal,normal,baixa,3,historico feriado (poucos dados),3.0
I21JC029459U,16,,feriado,0.0,0.0,0.01,0.0,0.0,normal,normal,baixa,3,historico feriado (poucos dados),3.0
I21JC029459U,17,,feriado,0.0,0.0,0.01,0.0,0.0,normal,normal,baixa,3,historico feriado (poucos dados),3.0
I21JC029459U,18,,feriado,0.0,0.0,0.01,0.0,0.0,normal,normal,baixa,3,historico feriado (poucos dados),3.0
I21JC029459U,19,,feriado,0.0,0.0,0.01,0.0,0.0,normal,normal,baixa,3,historico feriado (poucos dados),3.0
I21JC029465S,0,,feriado,0.424,0.5507,0.1377,-0.92,-0.92,normal,normal,baixa,3,historico feriado (poucos dados),3.0
I21JC029465S,1,,feriado,0.32,0.338,0.0845,-0.21,-0.21,normal,normal,baixa,3,historico feriado (poucos dados),3.0
I21JC029465S,2,,feriado,0.49,0.294,0.0735,2.67,2.67,normal,normal,baixa,3,historico feriado (poucos dados),3.0
I21JC029465S,3,,feriado,0.258,0.2403,0.0601,0.29,0.29,normal,normal,baixa,3,historico feriado (poucos dados),3.0
I21JC029465S,4,,feriado,0.188,0.295,0.0737,-1.45,-1.45,normal,normal,baixa,3,historico feriado (poucos dados),3.0
I21JC029465S,5,,feriado,0.282,0.2745,0.0686,0.11,0.11,normal,normal,baixa,2,historico feriado (poucos dados),3.0
I21JC029465S,6,,feriado,0.317,0.306,0.0765,0.14,0.14,normal,normal,baixa,3,historico feriado (poucos dados),3.0
I21JC029465S,7,,feriado,0.43,0.472,0.1205,-0.35,-0.35,normal,normal,baixa,3,historico feriado (poucos dados),3.0
I21JC029465S,8,,feriado,1.073,1.039,0.2964,0.11,0.11,normal,normal,baixa,3,historico feriado (poucos dados),3.0
I21JC029465S,9,,feriado,1.144,0.926,0.2315,0.94,0.94,normal,normal,baixa,2,historico feriado (poucos dados),3.0
I21JC029465S,10,,feriado,1.127,1.5283,0.4972,-0.81,-0.81,normal,normal,baixa,3,historico feriado (poucos dados),3.0
I21JC029465S,11,,feriado,0.905,1.1033,0.2758,-0.72,-0.72,normal,normal,baixa,3,historico feriado (poucos dados),3.0
I21JC029465S,12,,feriado,0.996,1.0057,0.2514,-0.04,-0.04,normal,normal,baixa,3,historico feriado (poucos dados),3.0
I21JC029465S,13,,feriado,1.093,0.9617,0.2404,0.55,0.55,normal,normal,baixa,3,historico feriado (poucos dados),3.0
I21JC029465S,14,,feriado,0.98,1.028,0.3097,-0.16,-0.16,normal,normal,baixa,3,historico feriado (poucos dados),3.0
I21JC029465S,15,,feriado,0.678,0.8297,0.2267,-0.67,-0.67,normal,normal,baixa,3,historico feriado (poucos dados),3.0
I21JC029465S,16,,feriado,0.724,0.7073,0.1768,0.09,0.09,normal,normal,baixa,3,historico feriado (poucos dados),3.0
I21JC029465S,17,,feriado,0.688,0.677,0.1693,0.06,0.06,normal,normal,baixa,3,historico feriado (poucos dados),3.0
I21JC029465S,18,,feriado,0.614,0.7483,0.2013,-0.67,-0.67,normal,normal,baixa,3,historico feriado (poucos dados),3.0
I21JC029465S,19,,feriado,0.639,0.88,0.2881,-0.84,-0.84,normal,normal,baixa,3,historico feriado (poucos dados),3.0
I21JC029465S,20,,feriado,0.688,0.791,0.1978,-0.52,-0.52,normal,normal,baixa,3,historico feriado (poucos dados),3.0
I21JC029465S,21,,feriado,0.76,0.6747,0.1687,0.51,0.51,normal,normal,baixa,3,historico feriado (poucos dados),3.0
I21JC029465S,22,,feriado,0.935,0.6237,0.1559,2.0,2.0,normal,normal,baixa,3,historico feriado (poucos dados),3.0
I21JC029465S,23,,feriado,0.621,0.5867,0.1467,0.23,0.23,normal,normal,baixa,3,historico feriado (poucos dados),3.0
I21JC029474T,0,,feriado,0.0,0.0,0.01,0.0,0.0,normal,normal,baixa,3,historico feriado (poucos dados),3.0
I21JC029474T,1,,feriado,0.0,0.0,0.01,0.0,0.0,normal,normal,baixa,3,historico feriado (poucos dados),3.0
I21JC029474T,2,,feriado,0.0,0.0,0.01,0.0,0.0,normal,normal,baixa,3,historico feriado (poucos dados),3.0
I21JC029474T,3,,feriado,0.0,0.0,0.01,0.0,0.0,normal,normal,baixa,3,historico feriado (poucos dados),3.0
I21JC029474T,4,,feriado,0.0,0.0,0.01,0.0,0.0,normal,normal,baixa,3,historico feriado (poucos dados),3.0
I21JC029474T,5,,feriado,0.0,0.0,0.01,0.0,0.0,normal,normal,baixa,3,historico feriado (poucos dados),3.0
I21JC029474T,6,,feriado,0.0,0.0,0.01,0.0,0.0,normal,normal,baixa,3,historico feriado (poucos dados),3.0
I21JC029474T,7,,feriado,0.0,0.0,0.01,0.0,0.0,normal,normal,baixa,2,historico feriado (poucos dados),3.0
I21JC029474T,8,,feriado,0.0,0.0,0.01,0.0,0.0,normal,normal,baixa,2,historico feriado (poucos dados),3.0
I21JC029474T,9,,feriado,0.0,0.0,0.01,0.0,0.0,normal,normal,baixa,2,historico feriado (poucos dados),3.0
I21JC029474T,10,,feriado,0.0,0.0,0.01,0.0,0.0,normal,normal,baixa,2,historico feriado (poucos dados),3.0
I21JC029474T,11,,feriado,0.0,0.0,0.01,0.0,0.0,normal,normal,baixa,3,historico feriado (poucos dados),3.0
I21JC029474T,12,,feriado,0.0,0.0,0.01,0.0,0.0,normal,normal,baixa,3,historico feriado (poucos dados),3.0
I21JC029474T,13,,feriado,0.0,0.0,0.01,0.0,0.0,normal,normal,baixa,3,historico feriado (poucos dados),3.0
I21JC029474T,14,,feriado,0.0,0.0,0.01,0.0,0.0,normal,normal,baixa,3,historico feriado (poucos dados),3.0
I21JC029474T,15,,feriado,0.0,0.0,0.01,0.0,0.0,normal,normal,baixa,3,historico feriado (poucos dados),3.0
I21JC029474T,16,,feriado,0.0,0.0,0.01,0.0,0.0,normal,normal,baixa,3,historico feriado (poucos dados),3.0
I21JC029474T,17,,feriado,0.0,0.0,0.01,0.0,0.0,normal,normal,baixa,3,historico feriado (poucos dados),3.0
I21JC029474T,18,,feriado,0.0,0.0,0.01,0.0,0.0,normal,normal,baixa,3,historico feriado (poucos dados),3.0
I21JC029474T,19,,feriado,0.0,0.0,0.01,0.0,0.0,normal,normal,baixa,3,historico feriado (poucos dados),3.0
I21JC029474T,20,,feriado,0.0,0.0,0.01,0.0,0.0,normal,normal,baixa,3,historico feriado (poucos dados),3.0
I21JC029474T,21,,feriado,0.0,0.0,0.01,0.0,0.0,normal,normal,baixa,3,historico feriado (poucos dados),3.0
I21JC029474T,22,,feriado,0.0,0.0,0.01,0.0,0.0,normal,normal,baixa,3,historico feriado (poucos dados),3.0
I21JC029474T,23,,feriado,0.0,0.0,0.01,0.0,0.0,normal,normal,baixa,3,historico feriado (poucos dados),3.0
I21JC029494X,0,,feriado,0.0,0.0,0.01,0.0,0.0,normal,normal,baixa,3,historico feriado (poucos dados),3.0
I21JC029494X,1,,feriado,0.0,0.0,0.01,0.0,0.0,normal,normal,baixa,3,historico feriado (poucos dados),3.0
I21JC029494X,2,,feriado,0.0,0.0,0.01,0.0,0.0,normal,normal,baixa,3,historico feriado (poucos dados),3.0
I21JC029494X,3,,feriado,0.0,0.0,0.01,0.0,0.0,normal,normal,baixa,3,historico feriado (poucos dados),3.0
I21JC029494X,4,,feriado,0.0,0.0,0.01,0.0,0.0,normal,normal,baixa,3,historico feriado (poucos dados),3.0
I21JC029494X,5,,feriado,0.0,0.0,0.01,0.0,0.0,normal,normal,baixa,3,historico feriado (poucos dados),3.0
I21JC029494X,6,,feriado,0.0,0.0,0.01,0.0,0.0,normal,normal,baixa,3,historico feriado (poucos dados),3.0
I21JC029494X,7,,feriado,0.0,0.0,0.01,0.0,0.0,normal,normal,baixa,3,historico feriado (poucos dados),3.0
I21JC029494X,8,,feriado,0.0,0.0,0.01,0.0,0.0,normal,normal,baixa,3,historico feriado (poucos dados),3.0
I21JC029494X,9,,feriado,0.0,0.0,0.01,0.0,0.0,normal,normal,baixa,3,historico feriado (poucos dados),3.0
I21JC029494X,10,,feriado,0.0,0.0,0.01,0.0,0.0,normal,normal,baixa,3,historico feriado (poucos dados),3.0
I21JC029494X,11,,feriado,0.0,0.0,0.01,0.0,0.0,normal,normal,baixa,3,historico feriado (poucos dados),3.0
I21JC029494X,12,,feriado,0.0,0.0,0.01,0.0,0.0,normal,normal,baixa,3,historico feriado (poucos dados),3.0
I21JC029494X,13,,feriado,0.0,0.0,0.01,0.0,0.0,normal,normal,baixa,2,historico feriado (poucos dados),3.0
I21JC029494X,14,,feriado,0.0,0.0,0.01,0.0,0.0,normal,normal,baixa,2,historico feriado (poucos dados),3.0
I21JC029494X,15,,feriado,0.0,0.0,0.01,0.0,0.0,normal,normal,baixa,2,historico feriado (poucos dados),3.0
I21JC029494X,16,,feriado,0.0,0.0,0.01,0.0,0.0,normal,normal,baixa,2,historico feriado (poucos dados),3.0
I21JC029494X,17,,feriado,0.0,0.0,0.01,0.0,0.0,normal,normal,baixa,3,historico feriado (poucos dados),3.0
I21JC029494X,18,,feriado,0.0,0.0,0.01,0.0,0.0,normal,normal,baixa,3,historico feriado (poucos dados),3.0
I21JC029494X,19,,feriado,0.0,0.0,0.01,0.0,0.0,normal,normal,baixa,3,historico feriado (poucos dados),3.0
I21JC029494X,20,,feriado,0.0,0.0,0.01,0.0,0.0,normal,normal,baixa,3,historico feriado (poucos dados),3.0
I21JC029494X,21,,feriado,0.0,0.0,0.01,0.0,0.0,normal,normal,baixa,3,historico feriado (poucos dados),3.0
I21JC029494X,22,,feriado,0.0,0.0,0.01,0.0,0.0,normal,normal,baixa,3,historico feriado (poucos dados),3.0
I21JC029494X,23,,feriado,0.0,0.0,0.01,0.0,0.0,normal,normal,baixa,3,historico feriado (poucos dados),3.0
I21JC029495Y,0,,feriado,0.0,0.0,0.01,0.0,0.0,normal,normal,baixa,3,historico feriado (poucos dados),3.0
I21JC029495Y,1,,feriado,0.0,0.0,0.01,0.0,0.0,normal,normal,baixa,3,historico feriado (poucos dados),3.0
I21JC029495Y,2,,feriado,0.0,0.0,0.01,0.0,0.0,normal,normal,baixa,3,historico feriado (poucos dados),3.0
I21JC029495Y,3,,feriado,0.0,0.0,0.01,0.0,0.0,normal,normal,baixa,3,historico feriado (poucos dados),3.0
I21JC029495Y,4,,feriado,0.0,0.0,0.01,0.0,0.0,normal,normal,baixa,3,historico feriado (poucos dados),3.0
I21JC029495Y,5,,feriado,0.0,0.0,0.01,0.0,0.0,normal,normal,baixa,3,historico feriado (poucos dados),3.0
I21JC029495Y,6,,feriado,0.0,0.0,0.01,0.0,0.0,normal,normal,baixa,3,historico feriado (poucos dados),3.0
I21JC029495Y,7,,feriado,0.0,0.0,0.01,0.0,0.0,normal,normal,baixa,3,historico feriado (poucos dados),3.0
I21JC029495Y,8,,feriado,0.0,0.0,0.01,0.0,0.0,normal,normal,baixa,3,historico feriado (poucos dados),3.0
I21JC029495Y,9,,feriado,0.0,0.0,0.01,0.0,0.0,normal,normal,baixa,3,historico feriado (poucos dados),3.0
I21JC029495Y,14,,feriado,0.0,0.0,0.01,0.0,0.0,normal,normal,baixa,3,historico feriado (poucos dados),3.0
I21JC029495Y,15,,feriado,0.0,0.0,0.01,0.0,0.0,normal,normal,baixa,3,historico feriado (poucos dados),3.0
I21JC029495Y,16,,feriado,0.0,0.0,0.01,0.0,0.0,normal,normal,baixa,3,historico feriado (poucos dados),3.0
I21JC029495Y,17,,feriado,0.0,0.0,0.01,0.0,0.0,normal,normal,baixa,3,historico feriado (poucos dados),3.0
I21JC029495Y,18,,feriado,0.0,0.0,0.01,0.0,0.0,normal,normal,baixa,3,historico feriado (poucos dados),3.0
I21JC029495Y,19,,feriado,0.0,0.0,0.01,0.0,0.0,normal,normal,baixa,3,historico feriado (poucos dados),3.0
I21JC029495Y,20,,feriado,0.0,0.0,0.01,0.0,0.0,normal,normal,baixa,3,historico feriado (poucos dados),3.0
I21JC029495Y,21,,feriado,0.0,0.0,0.01,0.0,0.0,normal,normal,baixa,3,historico feriado (poucos dados),3.0
I21JC029495Y,22,,feriado,0.0,0.0,0.01,0.0,0.0,normal,normal,baixa,3,historico feriado (poucos dados),3.0
I21JC029495Y,23,,feriado,0.0,0.0,0.01,0.0,0.0,normal,normal,baixa,3,historico feriado (poucos dados),3.0
I21JC029541N,0,,feriado,0.0,0.0,0.01,0.0,0.0,normal,normal,baixa,3,historico feriado (poucos dados),3.0
I21JC029541N,1,,feriado,0.0,0.0,0.01,0.0,0.0,normal,normal,baixa,3,historico feriado (poucos dados),3.0
I21JC029541N,7,,feriado,0.0,0.0,0.01,0.0,0.0,normal,normal,baixa,3,historico feriado (poucos dados),3.0
I21JC029541N,8,,feriado,0.0,0.0,0.01,0.0,0.0,normal,normal,baixa,3,historico feriado (poucos dados),3.0
I21JC029541N,9,,feriado,0.0,0.0,0.01,0.0,0.0,normal,normal,baixa,3,historico feriado (poucos dados),3.0
I21JC029541N,10,,feriado,0.0,0.0,0.01,0.0,0.0,normal,normal,baixa,3,historico feriado (poucos dados),3.0
I21JC029541N,11,,feriado,0.0,0.0,0.01,0.0,0.0,normal,normal,baixa,3,historico feriado (poucos dados),3.0
I21JC029541N,12,,feriado,0.0,0.0,0.01,0.0,0.0,normal,normal,baixa,3,historico feriado (poucos dados),3.0
I21JC029541N,13,,feriado,0.0,0.0,0.01,0.0,0.0,normal,normal,baixa,3,historico feriado (poucos dados),3.0
I21JC029541N,14,,feriado,0.0,0.0,0.01,0.0,0.0,normal,normal,baixa,3,historico feriado (poucos dados),3.0
I21JC029541N,15,,feriado,0.0,0.0,0.01,0.0,0.0,normal,normal,baixa,3,historico feriado (poucos dados),3.0
I21JC029541N,16,,feriado,0.0,0.0,0.01,0.0,0.0,normal,normal,baixa,3,historico feriado (poucos dados),3.0
I21JC029541N,17,,feriado,0.0,0.0,0.01,0.0,0.0,normal,normal,baixa,3,historico feriado (poucos dados),3.0
I21JC029541N,18,,feriado,0.0,0.0,0.01,0.0,0.0,normal,normal,baixa,3,historico feriado (poucos dados),3.0
I21JC029541N,19,,feriado,0.0,0.0,0.01,0.0,0.0,normal,normal,baixa,3,historico feriado (poucos dados),3.0
I21JC029541N,20,,feriado,0.0,0.0,0.01,0.0,0.0,normal,normal,baixa,3,historico feriado (poucos dados),3.0
I21JC029541N,21,,feriado,0.0,0.0,0.01,0.0,0.0,normal,normal,baixa,3,historico feriado (poucos dados),3.0
I21JC029553R,0,,feriado,0.03,0.0233,0.01,0.67,0.67,normal,normal,baixa,3,historico feriado (poucos dados),3.0
I21JC029553R,1,,feriado,0.029,0.024,0.01,0.5,0.5,normal,normal,baixa,3,historico feriado (poucos dados),3.0
I21JC029553R,2,,feriado,0.029,0.025,0.01,0.4,0.4,normal,normal,baixa,3,historico feriado (poucos dados),3.0
I21JC029553R,3,,feriado,0.03,0.0293,0.01,0.07,0.07,normal,normal,baixa,3,historico feriado (poucos dados),3.0
I21JC029553R,4,,feriado,0.03,0.031,0.0104,-0.1,-0.1,normal,normal,baixa,3,historico feriado (poucos dados),3.0
I21JC029553R,5,,feriado,0.03,0.0317,0.0107,-0.16,-0.16,normal,normal,baixa,3,historico feriado (poucos dados),3.0
I21JC029553R,6,,feriado,0.029,0.0323,0.0118,-0.28,-0.28,normal,normal,baixa,3,historico feriado (poucos dados),3.0
I21JC029553R,7,,feriado,0.03,0.032,0.0121,-0.16,-0.16,normal,normal,baixa,3,historico feriado (poucos dados),3.0
I21JC029553R,8,,feriado,0.027,0.0335,0.0148,-0.44,-0.44,normal,normal,baixa,2,historico feriado (poucos dados),3.0
I21JC029553R,9,,feriado,0.027,0.033,0.0141,-0.42,-0.42,normal,normal,baixa,2,historico feriado (poucos dados),3.0
I21JC029553R,10,,feriado,0.028,0.0325,0.0134,-0.33,-0.33,normal,normal,baixa,2,historico feriado (poucos dados),3.0
I21JC029553R,11,,feriado,0.027,0.032,0.0127,-0.39,-0.39,normal,normal,baixa,2,historico feriado (poucos dados),3.0
I21JC029553R,12,,feriado,0.027,0.126,0.1622,-0.61,-0.61,normal,normal,baixa,3,historico feriado (poucos dados),3.0
I21JC029553R,13,,feriado,0.027,0.0293,0.01,-0.23,-0.23,normal,normal,baixa,3,historico feriado (poucos dados),3.0
I21JC029553R,14,,feriado,0.027,0.028,0.0104,-0.1,-0.1,normal,normal,baixa,3,historico feriado (poucos dados),3.0
I21JC029553R,15,,feriado,0.028,0.0283,0.0101,-0.03,-0.03,normal,normal,baixa,3,historico feriado (poucos dados),3.0
I21JC029553R,16,,feriado,0.027,0.0273,0.01,-0.03,-0.03,normal,normal,baixa,3,historico feriado (poucos dados),3.0
I21JC029553R,17,,feriado,0.027,0.0273,0.01,-0.03,-0.03,normal,normal,baixa,3,historico feriado (poucos dados),3.0
I21JC029553R,18,,feriado,0.025,0.0273,0.01,-0.23,-0.23,normal,normal,baixa,3,historico feriado (poucos dados),3.0
I21JC029553R,19,,feriado,0.027,0.0267,0.01,0.03,0.03,normal,normal,baixa,3,historico feriado (poucos dados),3.0
I21JC029553R,20,,feriado,0.027,0.0295,0.01,-0.25,-0.25,normal,normal,baixa,2,historico feriado (poucos dados),3.0
I21JC029553R,21,,feriado,0.026,0.0285,0.01,-0.25,-0.25,normal,normal,baixa,2,historico feriado (poucos dados),3.0
I21JC029553R,22,,feriado,0.027,0.0295,0.01,-0.25,-0.25,normal,normal,baixa,2,historico feriado (poucos dados),3.0
I21JC029553R,23,,feriado,0.028,0.031,0.01,-0.3,-0.3,normal,normal,baixa,2,historico feriado (poucos dados),3.0
I21JC029555T,0,,feriado,0.0,0.0,0.01,0.0,0.0,normal,normal,baixa,3,historico feriado (poucos dados),3.0
I21JC029555T,1,,feriado,0.0,0.0,0.01,0.0,0.0,normal,normal,baixa,3,historico feriado (poucos dados),3.0
I21JC029555T,2,,feriado,0.0,0.0,0.01,0.0,0.0,normal,normal,baixa,3,historico feriado (poucos dados),3.0
I21JC029555T,3,,feriado,0.0,0.0,0.01,0.0,0.0,normal,normal,baixa,3,historico feriado (poucos dados),3.0
I21JC029555T,4,,feriado,0.0,0.0,0.01,0.0,0.0,normal,normal,baixa,3,historico feriado (poucos dados),3.0
I21JC029555T,5,,feriado,0.0,0.0,0.01,0.0,0.0,normal,normal,baixa,3,historico feriado (poucos dados),3.0
I21JC029555T,6,,feriado,0.0,0.0,0.01,0.0,0.0,normal,normal,baixa,3,historico feriado (poucos dados),3.0
I21JC029555T,7,,feriado,0.0,0.0,0.01,0.0,0.0,normal,normal,baixa,3,historico feriado (poucos dados),3.0
I21JC029555T,8,,feriado,0.0,0.0,0.01,0.0,0.0,normal,normal,baixa,3,historico feriado (poucos dados),3.0
I21JC029555T,9,,feriado,0.0,0.0,0.01,0.0,0.0,normal,normal,baixa,3,historico feriado (poucos dados),3.0
I21JC029555T,10,,feriado,0.0,0.0,0.01,0.0,0.0,normal,normal,baixa,3,historico feriado (poucos dados),3.0
I21JC029555T,11,,feriado,0.0,0.0,0.01,0.0,0.0,normal,normal,baixa,3,historico feriado (poucos dados),3.0
I21JC029555T,12,,feriado,0.0,0.0,0.01,0.0,0.0,normal,normal,baixa,3,historico feriado (poucos dados),3.0
I21JC029555T,13,,feriado,0.0,0.0,0.01,0.0,0.0,normal,normal,baixa,3,historico feriado (poucos dados),3.0
I21JC029555T,14,,feriado,0.0,0.0,0.01,0.0,0.0,normal,normal,baixa,3,historico feriado (poucos dados),3.0
I21JC029555T,15,,feriado,0.0,0.0,0.01,0.0,0.0,normal,normal,baixa,3,historico feriado (poucos dados),3.0
I21JC029555T,16,,feriado,0.0,0.0,0.01,0.0,0.0,normal,normal,baixa,3,historico feriado (poucos dados),3.0
I21JC029555T,17,,feriado,0.0,0.0,0.01,0.0,0.0,normal,normal,baixa,3,historico feriado (poucos dados),3.0
I21JC029555T,18,,feriado,0.0,0.0,0.01,0.0,0.0,normal,normal,baixa,3,historico feriado (poucos dados),3.0
I21JC029555T,19,,feriado,0.0,0.0,0.01,0.0,0.0,normal,normal,baixa,3,historico feriado (poucos dados),3.0
I21JC029555T,20,,feriado,0.0,0.0,0.01,0.0,0.0,normal,normal,baixa,3,historico feriado (poucos dados),3.0
I21JC029555T,21,,feriado,0.0,0.0,0.01,0.0,0.0,normal,normal,baixa,3,historico feriado (poucos dados),3.0
I21JC029555T,22,,feriado,0.0,0.0,0.01,0.0,0.0,normal,normal,baixa,3,historico feriado (poucos dados),3.0
I21JC029555T,23,,feriado,0.0,0.0,0.01,0.0,0.0,normal,normal,baixa,3,historico feriado (poucos dados),3.0
I21JC029567X,0,,feriado,0.0,0.0,0.01,0.0,0.0,normal,normal,baixa,3,historico feriado (poucos dados),3.0
I21JC029567X,1,,feriado,0.0,0.0,0.01,0.0,0.0,normal,normal,baixa,3,historico feriado (poucos dados),3.0
I21JC029567X,2,,feriado,0.0,0.0,0.01,0.0,0.0,normal,normal,baixa,3,historico feriado (poucos dados),3.0
I21JC029567X,3,,feriado,0.0,0.0,0.01,0.0,0.0,normal,normal,baixa,3,historico feriado (poucos dados),3.0
I21JC029567X,4,,feriado,0.0,0.0,0.01,0.0,0.0,normal,normal,baixa,3,historico feriado (poucos dados),3.0
I21JC029567X,5,,feriado,0.0,0.0,0.01,0.0,0.0,normal,normal,baixa,3,historico feriado (poucos dados),3.0
I21JC029567X,6,,feriado,0.0,0.0,0.01,0.0,0.0,normal,normal,baixa,3,historico feriado (poucos dados),3.0
I21JC029567X,7,,feriado,0.0,0.0,0.01,0.0,0.0,normal,normal,baixa,3,historico feriado (poucos dados),3.0
I21JC029567X,8,,feriado,0.0,0.0,0.01,0.0,0.0,normal,normal,baixa,2,historico feriado (poucos dados),3.0
I21JC029567X,9,,feriado,0.0,0.0,0.01,0.0,0.0,normal,normal,baixa,3,historico feriado (poucos dados),3.0
I21JC029567X,10,,feriado,0.0,0.0,0.01,0.0,0.0,normal,normal,baixa,3,historico feriado (poucos dados),3.0
I21JC029567X,11,,feriado,0.0,0.0,0.01,0.0,0.0,normal,normal,baixa,3,historico feriado (poucos dados),3.0
I21JC029567X,12,,feriado,0.0,0.0,0.01,0.0,0.0,normal,normal,baixa,3,historico feriado (poucos dados),3.0
I21JC029567X,13,,feriado,0.0,0.0,0.01,0.0,0.0,normal,normal,baixa,3,historico feriado (poucos dados),3.0
I21JC029567X,14,,feriado,0.0,0.0,0.01,0.0,0.0,normal,normal,baixa,3,historico feriado (poucos dados),3.0
I21JC029567X,15,,feriado,0.0,0.0,0.01,0.0,0.0,normal,normal,baixa,3,historico feriado (poucos dados),3.0
I21JC029567X,16,,feriado,0.0,0.0,0.01,0.0,0.0,normal,normal,baixa,2,historico feriado (poucos dados),3.0
I21JC029567X,17,,feriado,0.0,0.0,0.01,0.0,0.0,normal,normal,baixa,3,historico feriado (poucos dados),3.0
I21JC029567X,18,,feriado,0.0,0.0,0.01,0.0,0.0,normal,normal,baixa,3,historico feriado (poucos dados),3.0
I21JC029567X,19,,feriado,0.0,0.0,0.01,0.0,0.0,normal,normal,baixa,3,historico feriado (poucos dados),3.0
I21JC029567X,20,,feriado,0.0,0.0,0.01,0.0,0.0,normal,normal,baixa,3,historico feriado (poucos dados),3.0
I21JC029567X,21,,feriado,0.0,0.0,0.01,0.0,0.0,normal,normal,baixa,3,historico feriado (poucos dados),3.0
I21JC029567X,22,,feriado,0.0,0.0,0.01,0.0,0.0,normal,normal,baixa,3,historico feriado (poucos dados),3.0
I21JC029567X,23,,feriado,0.0,0.0,0.01,0.0,0.0,normal,normal,baixa,3,historico feriado (poucos dados),3.0
I21JC029576Y,0,,feriado,0.0,0.0,0.01,0.0,0.0,normal,normal,baixa,3,historico feriado (poucos dados),3.0
I21JC029576Y,1,,feriado,0.0,0.0,0.01,0.0,0.0,normal,normal,baixa,3,historico feriado (poucos dados),3.0
I21JC029576Y,2,,feriado,0.0,0.0,0.01,0.0,0.0,normal,normal,baixa,3,historico feriado (poucos dados),3.0
I21JC029576Y,3,,feriado,0.0,0.0,0.01,0.0,0.0,normal,normal,baixa,3,historico feriado (poucos dados),3.0
I21JC029576Y,4,,feriado,0.0,0.0,0.01,0.0,0.0,normal,normal,baixa,3,historico feriado (poucos dados),3.0
I21JC029576Y,5,,feriado,0.0,0.0,0.01,0.0,0.0,normal,normal,baixa,3,historico feriado (poucos dados),3.0
I21JC029576Y,6,,feriado,0.0,0.0,0.01,0.0,0.0,normal,normal,baixa,3,historico feriado (poucos dados),3.0
I21JC029576Y,7,,feriado,0.0,0.0,0.01,0.0,0.0,normal,normal,baixa,3,historico feriado (poucos dados),3.0
I21JC029576Y,8,,feriado,0.0,0.0,0.01,0.0,0.0,normal,normal,baixa,3,historico feriado (poucos dados),3.0
I21JC029576Y,9,,feriado,0.0,0.0,0.01,0.0,0.0,normal,normal,baixa,3,historico feriado (poucos dados),3.0
I21JC029576Y,10,,feriado,0.0,0.0,0.01,0.0,0.0,normal,normal,baixa,3,historico feriado (poucos dados),3.0
I21JC029576Y,11,,feriado,0.0,0.0,0.01,0.0,0.0,normal,normal,baixa,3,historico feriado (poucos dados),3.0
I21JC029576Y,12,,feriado,0.0,0.0,0.01,0.0,0.0,normal,normal,baixa,3,historico feriado (poucos dados),3.0
I21JC029576Y,13,,feriado,0.0,0.0,0.01,0.0,0.0,normal,normal,baixa,3,historico feriado (poucos dados),3.0
I21JC029576Y,14,,feriado,0.0,0.0,0.01,0.0,0.0,normal,normal,baixa,3,historico feriado (poucos dados),3.0
I21JC029576Y,15,,feriado,0.0,0.0,0.01,0.0,0.0,normal,normal,baixa,3,historico feriado (poucos dados),3.0
I21JC029576Y,16,,feriado,0.0,0.0,0.01,0.0,0.0,normal,normal,baixa,3,historico feriado (poucos dados),3.0
I21JC029576Y,17,,feriado,0.0,0.0,0.01,0.0,0.0,normal,normal,baixa,3,historico feriado (poucos dados),3.0
I21JC029576Y,18,,feriado,0.0,0.0,0.01,0.0,0.0,normal,normal,baixa,3,historico feriado (poucos dados),3.0
I21JC029576Y,19,,feriado,0.0,0.0,0.01,0.0,0.0,normal,normal,baixa,3,historico feriado (poucos dados),3.0
I21JC029576Y,20,,feriado,0.0,0.0,0.01,0.0,0.0,normal,normal,baixa,3,historico feriado (poucos dados),3.0
I21JC029576Y,21,,feriado,0.0,0.0,0.01,0.0,0.0,normal,normal,baixa,3,historico feriado (poucos dados),3.0
I21JC029576Y,22,,feriado,0.0,0.0,0.01,0.0,0.0,normal,normal,baixa,3,historico feriado (poucos dados),3.0
I21JC029576Y,23,,feriado,0.0,0.0,0.01,0.0,0.0,normal,normal,baixa,3,historico feriado (poucos dados),3.0
I21JC029599F,0,,feriado,0.0,0.0,0.01,0.0,0.0,normal,normal,baixa,23,fallback (30d recentes),3.0
I21JC029599F,1,,feriado,0.0,0.0,0.01,0.0,0.0,normal,normal,baixa,3,historico feriado (poucos dados),3.0
I21JC029599F,2,,feriado,0.0,0.0,0.01,0.0,0.0,normal,normal,baixa,3,historico feriado (poucos dados),3.0
I21JC029599F,3,,feriado,0.0,0.0,0.01,0.0,0.0,normal,normal,baixa,3,historico feriado (poucos dados),3.0
I21JC029599F,4,,feriado,0.0,0.0,0.01,0.0,0.0,normal,normal,baixa,3,historico feriado (poucos dados),3.0
I21JC029599F,5,,feriado,0.0,0.0,0.01,0.0,0.0,normal,normal,baixa,3,historico feriado (poucos dados),3.0
I21JC029599F,6,,feriado,0.0,0.0,0.01,0.0,0.0,normal,normal,baixa,3,historico feriado (poucos dados),3.0
I21JC029599F,7,,feriado,0.0,0.0,0.01,0.0,0.0,normal,normal,baixa,3,historico feriado (poucos dados),3.0
I21JC029599F,8,,feriado,0.0,0.0,0.01,0.0,0.0,normal,normal,baixa,2,historico feriado (poucos dados),3.0
I21JC029599F,9,,feriado,0.0,0.0,0.01,0.0,0.0,normal,normal,baixa,2,historico feriado (poucos dados),3.0
I21JC029599F,10,,feriado,0.0,0.0,0.01,0.0,0.0,normal,normal,baixa,2,historico feriado (poucos dados),3.0
I21JC029599F,11,,feriado,0.0,0.0,0.01,0.0,0.0,normal,normal,baixa,2,historico feriado (poucos dados),3.0
I21JC029599F,12,,feriado,0.0,0.0,0.01,0.0,0.0,normal,normal,baixa,2,historico feriado (poucos dados),3.0
I21JC029599F,13,,feriado,0.0,0.0,0.01,0.0,0.0,normal,normal,baixa,3,historico feriado (poucos dados),3.0
I21JC029599F,14,,feriado,0.0,0.0,0.01,0.0,0.0,normal,normal,baixa,3,historico feriado (poucos dados),3.0
I21JC029599F,15,,feriado,0.0,0.0,0.01,0.0,0.0,normal,normal,baixa,3,historico feriado (poucos dados),3.0
I21JC029599F,16,,feriado,0.0,0.0,0.01,0.0,0.0,normal,normal,baixa,3,historico feriado (poucos dados),3.0
I21JC029599F,17,,feriado,0.0,0.0,0.01,0.0,0.0,normal,normal,baixa,3,historico feriado (poucos dados),3.0
I21JC029599F,18,,feriado,0.0,0.0,0.01,0.0,0.0,normal,normal,baixa,3,historico feriado (poucos dados),3.0
I21JC029599F,19,,feriado,0.0,0.0,0.01,0.0,0.0,normal,normal,baixa,3,historico feriado (poucos dados),3.0
I21JC029599F,20,,feriado,0.0,0.0,0.01,0.0,0.0,normal,normal,baixa,2,historico feriado (poucos dados),3.0
I21JC029599F,21,,feriado,0.0,0.0,0.01,0.0,0.0,normal,normal,baixa,2,historico feriado (poucos dados),3.0
I21JC029599F,22,,feriado,0.0,0.0,0.01,0.0,0.0,normal,normal,baixa,2,historico feriado (poucos dados),3.0
I21JC029599F,23,,feriado,0.0,0.0,0.01,0.0,0.0,normal,normal,baixa,2,historico feriado (poucos dados),3.0
I21JC029600H,0,,feriado,0.008,0.0153,0.01,-0.73,-0.73,normal,normal,baixa,3,historico feriado (poucos dados),3.0
I21JC029600H,1,,feriado,0.009,0.016,0.01,-0.7,-0.7,normal,normal,baixa,3,historico feriado (poucos dados),3.0
I21JC029600H,2,,feriado,0.008,0.0153,0.01,-0.73,-0.73,normal,normal,baixa,3,historico feriado (poucos dados),3.0
I21JC029600H,3,,feriado,0.009,0.0157,0.01,-0.67,-0.67,normal,normal,baixa,3,historico feriado (poucos dados),3.0
I21JC029600H,4,,feriado,0.009,0.0153,0.01,-0.63,-0.63,normal,normal,baixa,3,historico feriado (poucos dados),3.0
I21JC029600H,5,,feriado,0.008,0.0153,0.01,-0.73,-0.73,normal,normal,baixa,3,historico feriado (poucos dados),3.0
I21JC029600H,6,,feriado,0.009,0.015,0.01,-0.6,-0.6,normal,normal,baixa,3,historico feriado (poucos dados),3.0
I21JC029600H,7,,feriado,0.008,0.015,0.01,-0.7,-0.7,normal,normal,baixa,3,historico feriado (poucos dados),3.0
I21JC029600H,8,,feriado,0.008,0.014,0.01,-0.6,-0.6,normal,normal,baixa,3,historico feriado (poucos dados),3.0
I21JC029600H,9,,feriado,0.008,0.013,0.01,-0.5,-0.5,normal,normal,baixa,3,historico feriado (poucos dados),3.0
I21JC029600H,10,,feriado,0.007,0.013,0.01,-0.6,-0.6,normal,normal,baixa,3,historico feriado (poucos dados),3.0
I21JC029600H,11,,feriado,0.007,0.0125,0.01,-0.55,-0.55,normal,normal,baixa,2,historico feriado (poucos dados),3.0
I21JC029600H,12,,feriado,0.008,0.013,0.01,-0.5,-0.5,normal,normal,baixa,2,historico feriado (poucos dados),3.0
I21JC029600H,13,,feriado,0.007,0.012,0.01,-0.5,-0.5,normal,normal,baixa,2,historico feriado (poucos dados),3.0
I21JC029600H,14,,feriado,0.008,0.013,0.01,-0.5,-0.5,normal,normal,baixa,2,historico feriado (poucos dados),3.0
I21JC029600H,15,,feriado,0.008,0.0393,0.0458,-0.68,-0.68,normal,normal,baixa,3,historico feriado (poucos dados),3.0
I21JC029600H,16,,feriado,0.008,0.015,0.01,-0.7,-0.7,normal,normal,baixa,3,historico feriado (poucos dados),3.0
I21JC029600H,17,,feriado,0.008,0.0147,0.01,-0.67,-0.67,normal,normal,baixa,3,historico feriado (poucos dados),3.0
I21JC029600H,18,,feriado,0.008,0.0147,0.01,-0.67,-0.67,normal,normal,baixa,3,historico feriado (poucos dados),3.0
I21JC029600H,19,,feriado,0.008,0.0143,0.01,-0.63,-0.63,normal,normal,baixa,3,historico feriado (poucos dados),3.0
I21JC029600H,20,,feriado,0.008,0.014,0.01,-0.6,-0.6,normal,normal,baixa,3,historico feriado (poucos dados),3.0
I21JC029600H,21,,feriado,0.008,0.0143,0.01,-0.63,-0.63,normal,normal,baixa,3,historico feriado (poucos dados),3.0
I21JC029600H,22,,feriado,0.008,0.0147,0.01,-0.67,-0.67,normal,normal,baixa,3,historico feriado (poucos dados),3.0
I21JC029600H,23,,feriado,0.008,0.0153,0.01,-0.73,-0.73,normal,normal,baixa,3,historico feriado (poucos dados),3.0
I21JC029603K,0,,feriado,0.0,0.0,0.01,0.0,0.0,normal,normal,baixa,2,historico feriado (poucos dados),3.0
I21JC029611K,0,,feriado,0.0,0.0,0.01,0.0,0.0,normal,normal,baixa,3,historico feriado (poucos dados),3.0
I21JC029611K,1,,feriado,0.0,0.0,0.01,0.0,0.0,normal,normal,baixa,3,historico feriado (poucos dados),3.0
I21JC029611K,2,,feriado,0.0,0.0,0.01,0.0,0.0,normal,normal,baixa,3,historico feriado (poucos dados),3.0
I21JC029611K,3,,feriado,0.0,0.0,0.01,0.0,0.0,normal,normal,baixa,3,historico feriado (poucos dados),3.0
I21JC029611K,4,,feriado,0.0,0.0,0.01,0.0,0.0,normal,normal,baixa,3,historico feriado (poucos dados),3.0
I21JC029611K,5,,feriado,0.0,0.0,0.01,0.0,0.0,normal,normal,baixa,3,historico feriado (poucos dados),3.0
I21JC029611K,6,,feriado,0.0,0.0,0.01,0.0,0.0,normal,normal,baixa,3,historico feriado (poucos dados),3.0
I21JC029611K,7,,feriado,0.0,0.0,0.01,0.0,0.0,normal,normal,baixa,2,historico feriado (poucos dados),3.0
I21JC029611K,8,,feriado,0.0,0.0,0.01,0.0,0.0,normal,normal,baixa,2,historico feriado (poucos dados),3.0
I21JC029611K,9,,feriado,0.0,0.0,0.01,0.0,0.0,normal,normal,baixa,2,historico feriado (poucos dados),3.0
I21JC029611K,10,,feriado,0.0,0.0,0.01,0.0,0.0,normal,normal,baixa,2,historico feriado (poucos dados),3.0
I21JC029611K,11,,feriado,0.0,0.0,0.01,0.0,0.0,normal,normal,baixa,3,historico feriado (poucos dados),3.0
I21JC029611K,12,,feriado,0.0,0.0,0.01,0.0,0.0,normal,normal,baixa,3,historico feriado (poucos dados),3.0
I21JC029611K,13,,feriado,0.0,0.0,0.01,0.0,0.0,normal,normal,baixa,3,historico feriado (poucos dados),3.0
I21JC029611K,14,,feriado,0.0,0.0,0.01,0.0,0.0,normal,normal,baixa,3,historico feriado (poucos dados),3.0
I21JC029611K,15,,feriado,0.0,0.0,0.01,0.0,0.0,normal,normal,baixa,3,historico feriado (poucos dados),3.0
I21JC029611K,16,,feriado,0.0,0.0,0.01,0.0,0.0,normal,normal,baixa,3,historico feriado (poucos dados),3.0
I21JC029611K,17,,feriado,0.0,0.0,0.01,0.0,0.0,normal,normal,baixa,3,historico feriado (poucos dados),3.0
I21JC029611K,18,,feriado,0.0,0.0,0.01,0.0,0.0,normal,normal,baixa,3,historico feriado (poucos dados),3.0
I21JC029611K,19,,feriado,0.0,0.0,0.01,0.0,0.0,normal,normal,baixa,2,historico feriado (poucos dados),3.0
I21JC029611K,20,,feriado,0.0,0.0,0.01,0.0,0.0,normal,normal,baixa,2,historico feriado (poucos dados),3.0
I21JC029611K,21,,feriado,0.0,0.0,0.01,0.0,0.0,normal,normal,baixa,2,historico feriado (poucos dados),3.0
I21JC029611K,22,,feriado,0.0,0.0,0.01,0.0,0.0,normal,normal,baixa,2,historico feriado (poucos dados),3.0
I21JC029632P,0,,feriado,0.0,0.0,0.01,0.0,0.0,normal,normal,baixa,3,historico feriado (poucos dados),3.0
I21JC029632P,1,,feriado,0.0,0.0,0.01,0.0,0.0,normal,normal,baixa,3,historico feriado (poucos dados),3.0
I21JC029632P,2,,feriado,0.0,0.0,0.01,0.0,0.0,normal,normal,baixa,3,historico feriado (poucos dados),3.0
I21JC029632P,3,,feriado,0.0,0.0,0.01,0.0,0.0,normal,normal,baixa,3,historico feriado (poucos dados),3.0
I21JC029632P,4,,feriado,0.0,0.0,0.01,0.0,0.0,normal,normal,baixa,3,historico feriado (poucos dados),3.0
I21JC029632P,5,,feriado,0.0,0.0,0.01,0.0,0.0,normal,normal,baixa,3,historico feriado (poucos dados),3.0
I21JC029632P,6,,feriado,0.0,0.0,0.01,0.0,0.0,normal,normal,baixa,3,historico feriado (poucos dados),3.0
I21JC029632P,7,,feriado,0.0,0.0,0.01,0.0,0.0,normal,normal,baixa,3,historico feriado (poucos dados),3.0
I21JC029632P,8,,feriado,0.0,0.0,0.01,0.0,0.0,normal,normal,baixa,3,historico feriado (poucos dados),3.0
I21JC029632P,9,,feriado,0.0,0.0,0.01,0.0,0.0,normal,normal,baixa,3,historico feriado (poucos dados),3.0
I21JC029632P,10,,feriado,0.0,0.0,0.01,0.0,0.0,normal,normal,baixa,3,historico feriado (poucos dados),3.0
I21JC029632P,11,,feriado,0.0,0.0,0.01,0.0,0.0,normal,normal,baixa,3,historico feriado (poucos dados),3.0
I21JC029632P,12,,feriado,0.0,0.0,0.01,0.0,0.0,normal,normal,baixa,3,historico feriado (poucos dados),3.0
I21JC029632P,14,,feriado,0.0,0.0,0.01,0.0,0.0,normal,normal,baixa,3,historico feriado (poucos dados),3.0
I21JC029632P,15,,feriado,0.0,0.0,0.01,0.0,0.0,normal,normal,baixa,3,historico feriado (poucos dados),3.0
I21JC029632P,16,,feriado,0.0,0.0,0.01,0.0,0.0,normal,normal,baixa,3,historico feriado (poucos dados),3.0
I21JC029632P,17,,feriado,0.0,0.0,0.01,0.0,0.0,normal,normal,baixa,3,historico feriado (poucos dados),3.0
I21JC029632P,18,,feriado,0.0,0.0,0.01,0.0,0.0,normal,normal,baixa,3,historico feriado (poucos dados),3.0
I21JC029632P,19,,feriado,0.0,0.0,0.01,0.0,0.0,normal,normal,baixa,3,historico feriado (poucos dados),3.0
I21JC029632P,20,,feriado,0.0,0.0,0.01,0.0,0.0,normal,normal,baixa,3,historico feriado (poucos dados),3.0
I21JC029632P,21,,feriado,0.0,0.0,0.01,0.0,0.0,normal,normal,baixa,3,historico feriado (poucos dados),3.0
I21JC029632P,22,,feriado,0.0,0.0,0.01,0.0,0.0,normal,normal,baixa,3,historico feriado (poucos dados),3.0
I21JC029632P,23,,feriado,0.0,0.0,0.01,0.0,0.0,normal,normal,baixa,3,historico feriado (poucos dados),3.0
I21JC029635S,0,,feriado,0.0,0.0183,0.0159,-1.15,-1.15,normal,normal,baixa,3,historico feriado (poucos dados),3.0
I21JC029733T,0,,feriado,0.0,0.0,0.01,0.0,0.0,normal,normal,baixa,3,historico feriado (poucos dados),3.0
I21JC029735V,0,,feriado,0.0,0.0,0.01,0.0,0.0,normal,normal,baixa,3,historico feriado (poucos dados),3.0
I21JC029735V,1,,feriado,0.0,0.0,0.01,0.0,0.0,normal,normal,baixa,3,historico feriado (poucos dados),3.0
I21JC029735V,2,,feriado,0.0,0.0,0.01,0.0,0.0,normal,normal,baixa,3,historico feriado (poucos dados),3.0
I21JC029735V,3,,feriado,0.0,0.0,0.01,0.0,0.0,normal,normal,baixa,3,historico feriado (poucos dados),3.0
I21JC029735V,4,,feriado,0.0,0.0,0.01,0.0,0.0,normal,normal,baixa,3,historico feriado (poucos dados),3.0
I21JC029735V,5,,feriado,0.0,0.0,0.01,0.0,0.0,normal,normal,baixa,3,historico feriado (poucos dados),3.0
I21JC029735V,6,,feriado,0.0,0.0,0.01,0.0,0.0,normal,normal,baixa,3,historico feriado (poucos dados),3.0
I21JC029735V,7,,feriado,0.0,0.0,0.01,0.0,0.0,normal,normal,baixa,3,historico feriado (poucos dados),3.0
I21JC029735V,8,,feriado,0.0,0.0,0.01,0.0,0.0,normal,normal,baixa,3,historico feriado (poucos dados),3.0
I21JC029735V,9,,feriado,0.0,0.0,0.01,0.0,0.0,normal,normal,baixa,3,historico feriado (poucos dados),3.0
I21JC029735V,10,,feriado,0.0,0.0,0.01,0.0,0.0,normal,normal,baixa,3,historico feriado (poucos dados),3.0
I21JC029735V,11,,feriado,0.0,0.0,0.01,0.0,0.0,normal,normal,baixa,3,historico feriado (poucos dados),3.0
I21JC029735V,12,,feriado,0.0,0.0,0.01,0.0,0.0,normal,normal,baixa,3,historico feriado (poucos dados),3.0
I21JC029735V,13,,feriado,0.0,0.0,0.01,0.0,0.0,normal,normal,baixa,3,historico feriado (poucos dados),3.0
I21JC029735V,14,,feriado,0.0,0.0,0.01,0.0,0.0,normal,normal,baixa,3,historico feriado (poucos dados),3.0
I21JC029735V,15,,feriado,0.0,0.0,0.01,0.0,0.0,normal,normal,baixa,3,historico feriado (poucos dados),3.0
I21JC029735V,16,,feriado,0.0,0.0,0.01,0.0,0.0,normal,normal,baixa,3,historico feriado (poucos dados),3.0
I21JC029735V,17,,feriado,0.0,0.0,0.01,0.0,0.0,normal,normal,baixa,3,historico feriado (poucos dados),3.0
I21JC029735V,18,,feriado,0.0,0.0,0.01,0.0,0.0,normal,normal,baixa,3,historico feriado (poucos dados),3.0
I21JC029735V,19,,feriado,0.0,0.0,0.01,0.0,0.0,normal,normal,baixa,3,historico feriado (poucos dados),3.0
I21JC029735V,20,,feriado,0.0,0.0,0.01,0.0,0.0,normal,normal,baixa,3,historico feriado (poucos dados),3.0
I21JC029735V,21,,feriado,0.0,0.0,0.01,0.0,0.0,normal,normal,baixa,3,historico feriado (poucos dados),3.0
I21JC029735V,22,,feriado,0.0,0.0,0.01,0.0,0.0,normal,normal,baixa,3,historico feriado (poucos dados),3.0
I21JC029735V,23,,feriado,0.0,0.0,0.01,0.0,0.0,normal,normal,baixa,3,historico feriado (poucos dados),3.0
I21JC029745X,0,,feriado,0.0,0.0,0.01,0.0,0.0,normal,normal,baixa,3,historico feriado (poucos dados),3.0
I21JC029745X,1,,feriado,0.0,0.0,0.01,0.0,0.0,normal,normal,baixa,3,historico feriado (poucos dados),3.0
I21JC029745X,2,,feriado,0.0,0.0,0.01,0.0,0.0,normal,normal,baixa,3,historico feriado (poucos dados),3.0
I21JC029745X,3,,feriado,0.0,0.0,0.01,0.0,0.0,normal,normal,baixa,3,historico feriado (poucos dados),3.0
I21JC029745X,4,,feriado,0.0,0.0,0.01,0.0,0.0,normal,normal,baixa,3,historico feriado (poucos dados),3.0
I21JC029745X,5,,feriado,0.0,0.0,0.01,0.0,0.0,normal,normal,baixa,3,historico feriado (poucos dados),3.0
I21JC029745X,6,,feriado,0.0,0.0,0.01,0.0,0.0,normal,normal,baixa,3,historico feriado (poucos dados),3.0
I21JC029745X,7,,feriado,0.0,0.0,0.01,0.0,0.0,normal,normal,baixa,3,historico feriado (poucos dados),3.0
I21JC029745X,8,,feriado,0.0,0.0,0.01,0.0,0.0,normal,normal,baixa,3,historico feriado (poucos dados),3.0
I21JC029745X,9,,feriado,0.0,0.0,0.01,0.0,0.0,normal,normal,baixa,3,historico feriado (poucos dados),3.0
I21JC029745X,10,,feriado,0.0,0.0,0.01,0.0,0.0,normal,normal,baixa,3,historico feriado (poucos dados),3.0
I21JC029745X,11,,feriado,0.0,0.0,0.01,0.0,0.0,normal,normal,baixa,3,historico feriado (poucos dados),3.0
I21JC029745X,12,,feriado,0.0,0.0,0.01,0.0,0.0,normal,normal,baixa,3,historico feriado (poucos dados),3.0
I21JC029745X,13,,feriado,0.0,0.0,0.01,0.0,0.0,normal,normal,baixa,3,historico feriado (poucos dados),3.0
I21JC029745X,14,,feriado,0.0,0.0,0.01,0.0,0.0,normal,normal,baixa,3,historico feriado (poucos dados),3.0
I21JC029745X,15,,feriado,0.0,0.0,0.01,0.0,0.0,normal,normal,baixa,3,historico feriado (poucos dados),3.0
I21JC029745X,16,,feriado,0.0,0.0,0.01,0.0,0.0,normal,normal,baixa,3,historico feriado (poucos dados),3.0
I21JC029745X,17,,feriado,0.0,0.0,0.01,0.0,0.0,normal,normal,baixa,3,historico feriado (poucos dados),3.0
I21JC029745X,18,,feriado,0.0,0.0,0.01,0.0,0.0,normal,normal,baixa,3,historico feriado (poucos dados),3.0
I21JC029745X,19,,feriado,0.0,0.0,0.01,0.0,0.0,normal,normal,baixa,3,historico feriado (poucos dados),3.0
I21JC029745X,20,,feriado,0.0,0.0,0.01,0.0,0.0,normal,normal,baixa,3,historico feriado (poucos dados),3.0
I21JC029745X,21,,feriado,0.0,0.0,0.01,0.0,0.0,normal,normal,baixa,3,historico feriado (poucos dados),3.0
I21JC029745X,22,,feriado,0.0,0.0,0.01,0.0,0.0,normal,normal,baixa,3,historico feriado (poucos dados),3.0
I21JC029745X,23,,feriado,0.0,0.0,0.01,0.0,0.0,normal,normal,baixa,3,historico feriado (poucos dados),3.0
I21JC029765B,0,,feriado,0.083,0.108,0.027,-0.93,-0.93,normal,normal,baixa,3,historico feriado (poucos dados),3.0
I21JC029765B,1,,feriado,0.083,0.1087,0.0272,-0.94,-0.94,normal,normal,baixa,3,historico feriado (poucos dados),3.0
I21JC029765B,2,,feriado,0.082,0.1087,0.0272,-0.98,-0.98,normal,normal,baixa,3,historico feriado (poucos dados),3.0
I21JC029765B,3,,feriado,0.083,0.1087,0.0272,-0.94,-0.94,normal,normal,baixa,3,historico feriado (poucos dados),3.0
I21JC029765B,4,,feriado,0.082,0.1083,0.0271,-0.97,-0.97,normal,normal,baixa,3,historico feriado (poucos dados),3.0
I21JC029765B,5,,feriado,0.083,0.1083,0.0271,-0.94,-0.94,normal,normal,baixa,3,historico feriado (poucos dados),3.0
I21JC029765B,6,,feriado,0.082,0.1083,0.0271,-0.97,-0.97,normal,normal,baixa,3,historico feriado (poucos dados),3.0
I21JC029765B,7,,feriado,0.082,0.109,0.0272,-0.99,-0.99,normal,normal,baixa,3,historico feriado (poucos dados),3.0
I21JC029765B,8,,feriado,0.083,0.1083,0.0271,-0.94,-0.94,normal,normal,baixa,3,historico feriado (poucos dados),3.0
I21JC029765B,9,,feriado,0.082,0.1077,0.0269,-0.95,-0.95,normal,normal,baixa,3,historico feriado (poucos dados),3.0
I21JC029765B,10,,feriado,0.082,0.1083,0.0271,-0.97,-0.97,normal,normal,baixa,3,historico feriado (poucos dados),3.0
I21JC029765B,11,,feriado,0.082,0.108,0.027,-0.96,-0.96,normal,normal,baixa,3,historico feriado (poucos dados),3.0
I21JC029765B,12,,feriado,0.083,0.1077,0.0269,-0.92,-0.92,normal,normal,baixa,3,historico feriado (poucos dados),3.0
I21JC029765B,13,,feriado,0.082,0.108,0.027,-0.96,-0.96,normal,normal,baixa,3,historico feriado (poucos dados),3.0
I21JC029765B,14,,feriado,0.082,0.1083,0.0271,-0.97,-0.97,normal,normal,baixa,3,historico feriado (poucos dados),3.0
I21JC029765B,15,,feriado,0.083,0.1083,0.0271,-0.94,-0.94,normal,normal,baixa,3,historico feriado (poucos dados),3.0
I21JC029765B,16,,feriado,0.082,0.1077,0.0269,-0.95,-0.95,normal,normal,baixa,3,historico feriado (poucos dados),3.0
I21JC029765B,17,,feriado,0.083,0.1087,0.0272,-0.94,-0.94,normal,normal,baixa,3,historico feriado (poucos dados),3.0
I21JC029765B,18,,feriado,0.082,0.1087,0.0272,-0.98,-0.98,normal,normal,baixa,3,historico feriado (poucos dados),3.0
I21JC029765B,19,,feriado,0.083,0.1083,0.0271,-0.94,-0.94,normal,normal,baixa,3,historico feriado (poucos dados),3.0
I21JC029765B,20,,feriado,0.082,0.1083,0.0271,-0.97,-0.97,normal,normal,baixa,3,historico feriado (poucos dados),3.0
I21JC029765B,21,,feriado,0.082,0.1083,0.0271,-0.97,-0.97,normal,normal,baixa,3,historico feriado (poucos dados),3.0
I21JC029765B,22,,feriado,0.082,0.108,0.027,-0.96,-0.96,normal,normal,baixa,3,historico feriado (poucos dados),3.0
I21JC029765B,23,,feriado,0.083,0.108,0.027,-0.93,-0.93,normal,normal,baixa,3,historico feriado (poucos dados),3.0
I21JC037657V,0,,feriado,0.051,0.002,0.01,4.9,4.9,desvio,acima,baixa,2,historico feriado (poucos dados),3.0
I21JC037657V,1,,feriado,0.005,0.0035,0.01,0.15,0.15,normal,normal,baixa,2,historico feriado (poucos dados),3.0
I21JC037657V,2,,feriado,0.0,0.0,0.01,0.0,0.0,normal,normal,baixa,2,historico feriado (poucos dados),3.0
I21JC037657V,3,,feriado,0.0,0.0005,0.01,-0.05,-0.05,normal,normal,baixa,2,historico feriado (poucos dados),3.0
I21JC037657V,4,,feriado,0.0,0.0007,0.01,-0.07,-0.07,normal,normal,baixa,3,historico feriado (poucos dados),3.0
I21JC037657V,5,,feriado,0.001,0.0,0.01,0.1,0.1,normal,normal,baixa,3,historico feriado (poucos dados),3.0
I21JC037657V,6,,feriado,0.0,0.005,0.01,-0.5,-0.5,normal,normal,baixa,3,historico feriado (poucos dados),3.0
I21JC037657V,7,,feriado,0.057,0.0747,0.0373,-0.47,-0.47,normal,normal,baixa,3,historico feriado (poucos dados),3.0
I21JC037657V,8,,feriado,0.029,0.0285,0.0134,0.04,0.04,normal,normal,baixa,2,historico feriado (poucos dados),3.0
I21JC037657V,9,,feriado,0.112,0.026,0.01,8.6,8.6,desvio,acima,baixa,3,historico feriado (poucos dados),3.0
I21JC037657V,10,,feriado,0.18,0.039,0.0173,8.13,8.13,desvio,acima,baixa,3,historico feriado (poucos dados),3.0
I21JC037657V,11,,feriado,0.126,0.066,0.0243,2.47,2.47,normal,normal,baixa,3,historico feriado (poucos dados),3.0
I21JC037657V,12,,feriado,0.097,0.0663,0.0232,1.32,1.32,normal,normal,baixa,3,historico feriado (poucos dados),3.0
I21JC037657V,13,,feriado,0.154,0.147,0.144,0.05,0.05,normal,normal,baixa,3,historico feriado (poucos dados),3.0
I21JC037657V,14,,feriado,0.146,0.0713,0.0395,1.89,1.89,normal,normal,baixa,3,historico feriado (poucos dados),3.0
I21JC037657V,15,,feriado,0.048,0.06,0.0295,-0.41,-0.41,normal,normal,baixa,3,historico feriado (poucos dados),3.0
I21JC037657V,16,,feriado,0.079,0.095,0.101,-0.16,-0.16,normal,normal,baixa,3,historico feriado (poucos dados),3.0
I21JC037657V,17,,feriado,0.079,0.1217,0.0965,-0.44,-0.44,normal,normal,baixa,3,historico feriado (poucos dados),3.0
I21JC037657V,18,,feriado,0.068,0.075,0.0281,-0.25,-0.25,normal,normal,baixa,3,historico feriado (poucos dados),3.0
I21JC037657V,19,,feriado,0.179,0.0207,0.0121,10.0,13.13,desvio,acima,baixa,3,historico feriado (poucos dados),3.0
I21JC037657V,21,,feriado,0.065,0.0623,0.0309,0.09,0.09,normal,normal,baixa,3,historico feriado (poucos dados),3.0
I21JC037657V,22,,feriado,0.015,0.037,0.0509,-0.43,-0.43,normal,normal,baixa,3,historico feriado (poucos dados),3.0
I21JC037657V,23,,feriado,0.008,0.0067,0.01,0.13,0.13,normal,normal,baixa,3,historico feriado (poucos dados),3.0
I21JC037658W,2,,feriado,0.036,0.0023,0.01,3.37,3.37,desvio,acima,baixa,3,historico feriado (poucos dados),3.0
I21JC037658W,3,,feriado,0.0,0.001,0.01,-0.1,-0.1,normal,normal,baixa,3,historico feriado (poucos dados),3.0
I21JC037658W,4,,feriado,0.0,0.002,0.01,-0.2,-0.2,normal,normal,baixa,3,historico feriado (poucos dados),3.0
I21JC037658W,5,,feriado,0.0,0.013,0.01,-1.3,-1.3,normal,normal,baixa,2,historico feriado (poucos dados),3.0
I21JC037658W,6,,feriado,0.014,0.003,0.01,1.1,1.1,normal,normal,baixa,2,historico feriado (poucos dados),3.0
I21JC037658W,7,,feriado,0.18,0.0405,0.0101,10.0,13.78,desvio,acima,baixa,2,historico feriado (poucos dados),3.0
I21JC037658W,8,,feriado,0.015,0.05,0.0125,-2.8,-2.8,normal,normal,baixa,2,historico feriado (poucos dados),3.0
I21JC037658W,10,,feriado,0.054,0.052,0.0439,0.05,0.05,normal,normal,baixa,3,historico feriado (poucos dados),3.0
I21JC037658W,11,,feriado,0.125,0.019,0.0118,8.99,8.99,desvio,acima,baixa,3,historico feriado (poucos dados),3.0
I21JC037658W,12,,feriado,0.033,0.0633,0.0184,-1.64,-1.64,normal,normal,baixa,3,historico feriado (poucos dados),3.0
I21JC037658W,13,,feriado,0.091,0.0826,0.05,0.17,0.17,normal,normal,baixa,23,fallback (30d recentes),3.0
I21JC037658W,14,,feriado,0.064,0.083,0.0368,-0.52,-0.52,normal,normal,baixa,2,historico feriado (poucos dados),3.0
I21JC037658W,15,,feriado,0.028,0.0845,0.0997,-0.57,-0.57,normal,normal,baixa,2,historico feriado (poucos dados),3.0
I21JC037658W,16,,feriado,0.019,0.0235,0.0148,-0.3,-0.3,normal,normal,baixa,2,historico feriado (poucos dados),3.0
I21JC037658W,17,,feriado,0.02,0.0393,0.0491,-0.39,-0.39,normal,normal,baixa,3,historico feriado (poucos dados),3.0
I21JC037658W,18,,feriado,0.032,0.05,0.0555,-0.32,-0.32,normal,normal,baixa,3,historico feriado (poucos dados),3.0
I21JC037658W,19,,feriado,0.047,0.0537,0.0134,-0.5,-0.5,normal,normal,baixa,3,historico feriado (poucos dados),3.0
I21JC037658W,20,,feriado,0.007,0.03,0.0252,-0.91,-0.91,normal,normal,baixa,3,historico feriado (poucos dados),3.0
I21JC037658W,21,,feriado,0.047,0.0133,0.0233,1.45,1.45,normal,normal,baixa,20,fallback (30d recentes),3.0
I21JC037658W,22,,feriado,0.017,0.012,0.0191,0.26,0.26,normal,normal,baixa,3,historico feriado (poucos dados),3.0
I21JC037658W,23,,feriado,0.0,0.0147,0.01,-1.47,-1.47,normal,normal,baixa,3,historico feriado (poucos dados),3.0
I21JC037659X,0,,feriado,0.001,0.0,0.01,0.1,0.1,normal,normal,baixa,3,historico feriado (poucos dados),3.0
I21JC037659X,1,,feriado,0.0,0.0003,0.01,-0.03,-0.03,normal,normal,baixa,3,historico feriado (poucos dados),3.0
I21JC037659X,2,,feriado,0.0,0.0003,0.01,-0.03,-0.03,normal,normal,baixa,3,historico feriado (poucos dados),3.0
I21JC037659X,3,,feriado,0.0,0.0057,0.01,-0.57,-0.57,normal,normal,baixa,3,historico feriado (poucos dados),3.0
I21JC037659X,4,,feriado,0.013,0.0,0.01,1.3,1.3,normal,normal,baixa,3,historico feriado (poucos dados),3.0
I21JC037659X,5,,feriado,0.0,0.0007,0.01,-0.07,-0.07,normal,normal,baixa,3,historico feriado (poucos dados),3.0
I21JC037659X,6,,feriado,0.005,0.01,0.0101,-0.49,-0.49,normal,normal,baixa,3,historico feriado (poucos dados),3.0
I21JC037659X,7,,feriado,0.042,0.041,0.0412,0.02,0.02,normal,normal,baixa,3,historico feriado (poucos dados),3.0
I21JC037659X,8,,feriado,0.032,0.1053,0.0582,-1.26,-1.26,normal,normal,baixa,3,historico feriado (poucos dados),3.0
I21JC037659X,9,,feriado,0.085,0.0313,0.0257,2.09,2.09,normal,normal,baixa,3,historico feriado (poucos dados),3.0
I21JC037659X,10,,feriado,0.091,0.046,0.0115,3.91,3.91,desvio,acima,baixa,3,historico feriado (poucos dados),3.0
I21JC037659X,11,,feriado,0.084,0.0573,0.0143,1.86,1.86,normal,normal,baixa,3,historico feriado (poucos dados),3.0
I21JC037659X,12,,feriado,0.066,0.0507,0.0327,0.47,0.47,normal,normal,baixa,3,historico feriado (poucos dados),3.0
I21JC037659X,13,,feriado,0.054,0.0373,0.0241,0.69,0.69,normal,normal,baixa,3,historico feriado (poucos dados),3.0
I21JC037659X,14,,feriado,0.009,0.0443,0.0278,-1.27,-1.27,normal,normal,baixa,3,historico feriado (poucos dados),3.0
I21JC037659X,15,,feriado,0.023,0.0427,0.0359,-0.55,-0.55,normal,normal,baixa,3,historico feriado (poucos dados),3.0
I21JC037659X,16,,feriado,0.029,0.001,0.01,2.8,2.8,normal,normal,baixa,3,historico feriado (poucos dados),3.0
I21JC037659X,17,,feriado,0.031,0.012,0.0208,0.91,0.91,normal,normal,baixa,3,historico feriado (poucos dados),3.0
I21JC037659X,18,,feriado,0.019,0.044,0.0246,-1.02,-1.02,normal,normal,baixa,3,historico feriado (poucos dados),3.0
I21JC037659X,19,,feriado,0.036,0.0383,0.0245,-0.1,-0.1,normal,normal,baixa,3,historico feriado (poucos dados),3.0
I21JC037659X,20,,feriado,0.009,0.0475,0.0119,-3.24,-3.24,desvio,abaixo,baixa,2,historico feriado (poucos dados),3.0
I21JC037659X,21,,feriado,0.025,0.0313,0.01,-0.63,-0.63,normal,normal,baixa,3,historico feriado (poucos dados),3.0
I21JC037659X,22,,feriado,0.007,0.019,0.0171,-0.7,-0.7,normal,normal,baixa,3,historico feriado (poucos dados),3.0
I21JC037659X,23,,feriado,0.012,0.0107,0.0136,0.1,0.1,normal,normal,baixa,3,historico feriado (poucos dados),3.0
I21JC037660Q,0,,feriado,0.0,0.1067,0.1379,-0.77,-0.77,normal,normal,baixa,3,historico feriado (poucos dados),3.0
I21JC037660Q,1,,feriado,0.0,0.003,0.01,-0.3,-0.3,normal,normal,baixa,3,historico feriado (poucos dados),3.0
I21JC037660Q,2,,feriado,0.0,0.0003,0.01,-0.03,-0.03,normal,normal,baixa,3,historico feriado (poucos dados),3.0
I21JC037660Q,3,,feriado,0.0,0.0,0.01,0.0,0.0,normal,normal,baixa,3,historico feriado (poucos dados),3.0
I21JC037660Q,4,,feriado,0.0,0.0,0.01,0.0,0.0,normal,normal,baixa,3,historico feriado (poucos dados),3.0
I21JC037660Q,5,,feriado,0.022,0.0013,0.01,2.07,2.07,normal,normal,baixa,3,historico feriado (poucos dados),3.0
I21JC037660Q,6,,feriado,0.007,0.032,0.0495,-0.51,-0.51,normal,normal,baixa,3,historico feriado (poucos dados),3.0
I21JC037660Q,7,,feriado,0.025,0.022,0.0276,0.11,0.11,normal,normal,baixa,3,historico feriado (poucos dados),3.0
I21JC037660Q,8,,feriado,0.209,0.003,0.01,10.0,20.6,desvio,acima,baixa,2,historico feriado (poucos dados),3.0
I21JC037660Q,9,,feriado,0.068,0.0747,0.0529,-0.13,-0.13,normal,normal,baixa,3,historico feriado (poucos dados),3.0
I21JC037660Q,10,,feriado,0.206,0.0767,0.0316,4.1,4.1,desvio,acima,baixa,3,historico feriado (poucos dados),3.0
I21JC037660Q,11,,feriado,0.06,0.106,0.0265,-1.74,-1.74,normal,normal,baixa,3,historico feriado (poucos dados),3.0
I21JC037660Q,12,,feriado,0.037,0.052,0.0358,-0.42,-0.42,normal,normal,baixa,3,historico feriado (poucos dados),3.0
I21JC037660Q,13,,feriado,0.055,0.1027,0.0784,-0.61,-0.61,normal,normal,baixa,3,historico feriado (poucos dados),3.0
I21JC037660Q,14,,feriado,0.019,0.0297,0.0342,-0.31,-0.31,normal,normal,baixa,3,historico feriado (poucos dados),3.0
I21JC037660Q,15,,feriado,0.011,0.0203,0.0249,-0.37,-0.37,normal,normal,baixa,3,historico feriado (poucos dados),3.0
I21JC037660Q,16,,feriado,0.035,0.03,0.0325,0.15,0.15,normal,normal,baixa,2,historico feriado (poucos dados),3.0
I21JC037660Q,17,,feriado,0.067,0.073,0.0905,-0.07,-0.07,normal,normal,baixa,2,historico feriado (poucos dados),3.0
I21JC037660Q,18,,feriado,0.275,0.025,0.01,10.0,25.0,desvio,acima,baixa,2,historico feriado (poucos dados),3.0
I21JC037660Q,19,,feriado,0.114,0.0465,0.0247,2.73,2.73,normal,normal,baixa,2,historico feriado (poucos dados),3.0
I21JC037660Q,20,,feriado,0.056,0.1933,0.1829,-0.75,-0.75,normal,normal,baixa,3,historico feriado (poucos dados),3.0
I21JC037660Q,21,,feriado,0.091,0.086,0.0442,0.11,0.11,normal,normal,baixa,3,historico feriado (poucos dados),3.0
I21JC037660Q,22,,feriado,0.084,0.0353,0.0197,2.48,2.48,normal,normal,baixa,3,historico feriado (poucos dados),3.0
I21JC037660Q,23,,feriado,0.056,0.051,0.024,0.21,0.21,normal,normal,baixa,3,historico feriado (poucos dados),3.0
I21JC037663T,0,,feriado,0.277,0.228,0.057,0.86,0.86,normal,normal,baixa,3,historico feriado (poucos dados),3.0
I21JC037663T,1,,feriado,0.218,0.2173,0.0543,0.01,0.01,normal,normal,baixa,3,historico feriado (poucos dados),3.0
I21JC037663T,2,,feriado,0.158,0.1707,0.0427,-0.3,-0.3,normal,normal,baixa,3,historico feriado (poucos dados),3.0
I21JC037663T,3,,feriado,0.127,0.137,0.0343,-0.29,-0.29,normal,normal,baixa,3,historico feriado (poucos dados),3.0
I21JC037663T,4,,feriado,0.118,0.1237,0.0309,-0.18,-0.18,normal,normal,baixa,3,historico feriado (poucos dados),3.0
I21JC037663T,5,,feriado,0.119,0.115,0.0287,0.14,0.14,normal,normal,baixa,3,historico feriado (poucos dados),3.0
I21JC037663T,6,,feriado,0.126,0.119,0.0297,0.24,0.24,normal,normal,baixa,3,historico feriado (poucos dados),3.0
I21JC037663T,7,,feriado,0.343,0.2087,0.0522,2.58,2.58,normal,normal,baixa,3,historico feriado (poucos dados),3.0
I21JC037663T,8,,feriado,0.567,0.424,0.106,1.35,1.35,normal,normal,baixa,3,historico feriado (poucos dados),3.0
I21JC037663T,9,,feriado,0.593,0.5817,0.1454,0.08,0.08,normal,normal,baixa,3,historico feriado (poucos dados),3.0
I21JC037663T,10,,feriado,1.065,0.704,0.176,2.05,2.05,normal,normal,baixa,3,historico feriado (poucos dados),3.0
I21JC037663T,11,,feriado,1.09,0.72,0.18,2.06,2.06,normal,normal,baixa,3,historico feriado (poucos dados),3.0
I21JC037663T,12,,feriado,0.717,0.6293,0.1573,0.56,0.56,normal,normal,baixa,3,historico feriado (poucos dados),3.0
I21JC037663T,13,,feriado,0.7,0.697,0.1743,0.02,0.02,normal,normal,baixa,3,historico feriado (poucos dados),3.0
I21JC037663T,14,,feriado,0.565,0.6713,0.1763,-0.6,-0.6,normal,normal,baixa,3,historico feriado (poucos dados),3.0
I21JC037663T,15,,feriado,0.341,0.5533,0.1383,-1.53,-1.53,normal,normal,baixa,3,historico feriado (poucos dados),3.0
I21JC037663T,16,,feriado,0.333,0.4303,0.1076,-0.9,-0.9,normal,normal,baixa,3,historico feriado (poucos dados),3.0
I21JC037663T,17,,feriado,0.441,0.488,0.1627,-0.29,-0.29,normal,normal,baixa,3,historico feriado (poucos dados),3.0
I21JC037663T,18,,feriado,0.637,0.558,0.1395,0.57,0.57,normal,normal,baixa,3,historico feriado (poucos dados),3.0
I21JC037663T,19,,feriado,0.808,0.5687,0.1872,1.28,1.28,normal,normal,baixa,3,historico feriado (poucos dados),3.0
I21JC037663T,20,,feriado,0.614,0.5803,0.1451,0.23,0.23,normal,normal,baixa,3,historico feriado (poucos dados),3.0
I21JC037663T,21,,feriado,0.512,0.4547,0.1137,0.5,0.5,normal,normal,baixa,3,historico feriado (poucos dados),3.0
I21JC037663T,22,,feriado,0.488,0.3437,0.0859,1.68,1.68,normal,normal,baixa,3,historico feriado (poucos dados),3.0
I21JC037663T,23,,feriado,0.425,0.3877,0.0969,0.39,0.39,normal,normal,baixa,3,historico feriado (poucos dados),3.0
I21JC043488L,0,,feriado,0.051,0.0577,0.0514,-0.13,-0.13,normal,normal,baixa,3,historico feriado (poucos dados),3.0
I21JC043488L,1,,feriado,0.007,0.077,0.0599,-1.17,-1.17,normal,normal,baixa,3,historico feriado (poucos dados),3.0
I21JC043488L,6,,feriado,0.009,0.0083,0.01,0.07,0.07,normal,normal,baixa,3,historico feriado (poucos dados),3.0
I21JC043488L,7,,feriado,0.002,0.0147,0.01,-1.27,-1.27,normal,normal,baixa,3,historico feriado (poucos dados),3.0
I21JC043488L,8,,feriado,0.067,0.0493,0.0613,0.29,0.29,normal,normal,baixa,3,historico feriado (poucos dados),3.0
I21JC043488L,9,,feriado,0.088,0.067,0.0488,0.43,0.43,normal,normal,baixa,3,historico feriado (poucos dados),3.0
I21JC043488L,10,,feriado,0.259,0.191,0.0478,1.42,1.42,normal,normal,baixa,2,historico feriado (poucos dados),3.0
I21JC043488L,11,,feriado,0.153,0.183,0.0807,-0.37,-0.37,normal,normal,baixa,3,historico feriado (poucos dados),3.0
I21JC043488L,12,,feriado,0.086,0.1127,0.0482,-0.55,-0.55,normal,normal,baixa,3,historico feriado (poucos dados),3.0
I21JC043488L,13,,feriado,0.159,0.133,0.038,0.68,0.68,normal,normal,baixa,3,historico feriado (poucos dados),3.0
I21JC043488L,14,,feriado,0.073,0.224,0.1821,-0.83,-0.83,normal,normal,baixa,3,historico feriado (poucos dados),3.0
I21JC043488L,15,,feriado,0.024,0.1557,0.183,-0.72,-0.72,normal,normal,baixa,3,historico feriado (poucos dados),3.0
I21JC043488L,16,,feriado,0.083,0.069,0.0661,0.21,0.21,normal,normal,baixa,3,historico feriado (poucos dados),3.0
I21JC043488L,17,,feriado,0.085,0.1363,0.0898,-0.57,-0.57,normal,normal,baixa,3,historico feriado (poucos dados),3.0
I21JC043488L,18,,feriado,0.087,0.1,0.0636,-0.2,-0.2,normal,normal,baixa,2,historico feriado (poucos dados),3.0
I21JC043488L,19,,feriado,0.124,0.18,0.0509,-1.1,-1.1,normal,normal,baixa,2,historico feriado (poucos dados),3.0
I21JC043488L,20,,feriado,0.122,0.113,0.0905,0.1,0.1,normal,normal,baixa,2,historico feriado (poucos dados),3.0
I21JC043488L,21,,feriado,0.132,0.0415,0.0375,2.41,2.41,normal,normal,baixa,2,historico feriado (poucos dados),3.0
I21JC043488L,22,,feriado,0.046,0.2047,0.3121,-0.51,-0.51,normal,normal,baixa,3,historico feriado (poucos dados),3.0
I21JC043488L,23,,feriado,0.157,0.039,0.0225,5.24,5.24,desvio,acima,baixa,3,historico feriado (poucos dados),3.0
I21JC043489M,0,,feriado,0.011,0.0183,0.0136,-0.54,-0.54,normal,normal,baixa,3,historico feriado (poucos dados),3.0
I21JC043489M,1,,feriado,0.001,0.0043,0.01,-0.33,-0.33,normal,normal,baixa,3,historico feriado (poucos dados),3.0
I21JC043489M,2,,feriado,0.0,0.0007,0.01,-0.07,-0.07,normal,normal,baixa,3,historico feriado (poucos dados),3.0
I21JC043489M,3,,feriado,0.001,0.0203,0.0111,-1.75,-1.75,normal,normal,baixa,3,historico feriado (poucos dados),3.0
I21JC043489M,4,,feriado,0.01,0.001,0.01,0.9,0.9,normal,normal,baixa,3,historico feriado (poucos dados),3.0
I21JC043489M,5,,feriado,0.011,0.0113,0.01,-0.03,-0.03,normal,normal,baixa,3,historico feriado (poucos dados),3.0
I21JC043489M,6,,feriado,0.04,0.0233,0.0289,0.58,0.58,normal,normal,baixa,3,historico feriado (poucos dados),3.0
I21JC043489M,7,,feriado,0.075,0.0233,0.01,5.17,5.17,desvio,acima,baixa,3,historico feriado (poucos dados),3.0
I21JC043489M,8,,feriado,0.036,0.063,0.0434,-0.62,-0.62,normal,normal,baixa,3,historico feriado (poucos dados),3.0
I21JC043489M,9,,feriado,0.041,0.1103,0.0551,-1.26,-1.26,normal,normal,baixa,3,historico feriado (poucos dados),3.0
I21JC043489M,10,,feriado,0.139,0.1497,0.0421,-0.25,-0.25,normal,normal,baixa,3,historico feriado (poucos dados),3.0
I21JC043489M,11,,feriado,0.28,0.04,0.01,10.0,24.0,desvio,acima,baixa,3,historico feriado (poucos dados),3.0
I21JC043489M,12,,feriado,0.058,0.0713,0.0406,-0.33,-0.33,normal,normal,baixa,3,historico feriado (poucos dados),3.0
I21JC043489M,13,,feriado,0.057,0.119,0.089,-0.7,-0.7,normal,normal,baixa,3,historico feriado (poucos dados),3.0
I21JC043489M,14,,feriado,0.018,0.0937,0.0687,-1.1,-1.1,normal,normal,baixa,3,historico feriado (poucos dados),3.0
I21JC043489M,15,,feriado,0.065,0.0173,0.0146,3.27,3.27,desvio,acima,baixa,3,historico feriado (poucos dados),3.0
I21JC043489M,16,,feriado,0.074,0.081,0.1012,-0.07,-0.07,normal,normal,baixa,3,historico feriado (poucos dados),3.0
I21JC043489M,17,,feriado,0.001,0.02,0.0121,-1.57,-1.57,normal,normal,baixa,3,historico feriado (poucos dados),3.0
I21JC043489M,18,,feriado,0.002,0.0373,0.0188,-1.88,-1.88,normal,normal,baixa,3,historico feriado (poucos dados),3.0
I21JC043489M,19,,feriado,0.058,0.0403,0.0255,0.69,0.69,normal,normal,baixa,3,historico feriado (poucos dados),3.0
I21JC043489M,20,,feriado,0.024,0.0493,0.0135,-1.88,-1.88,normal,normal,baixa,3,historico feriado (poucos dados),3.0
I21JC043489M,21,,feriado,0.05,0.0377,0.0249,0.49,0.49,normal,normal,baixa,3,historico feriado (poucos dados),3.0
I21JC043489M,22,,feriado,0.137,0.051,0.0596,1.44,1.44,normal,normal,baixa,3,historico feriado (poucos dados),3.0
I21JC043489M,23,,feriado,0.013,0.0043,0.01,0.87,0.87,normal,normal,baixa,3,historico feriado (poucos dados),3.0
I21JC043490F,0,,feriado,0.046,0.0223,0.0164,1.44,1.44,normal,normal,baixa,3,historico feriado (poucos dados),3.0
I21JC043490F,1,,feriado,0.015,0.006,0.01,0.9,0.9,normal,normal,baixa,3,historico feriado (poucos dados),3.0
I21JC043490F,2,,feriado,0.006,0.0057,0.01,0.03,0.03,normal,normal,baixa,3,historico feriado (poucos dados),3.0
I21JC043490F,3,,feriado,0.006,0.016,0.0114,-0.88,-0.88,normal,normal,baixa,3,historico feriado (poucos dados),3.0
I21JC043490F,4,,feriado,0.027,0.0443,0.0565,-0.31,-0.31,normal,normal,baixa,3,historico feriado (poucos dados),3.0
I21JC043490F,5,,feriado,0.123,0.0673,0.0761,0.73,0.73,normal,normal,baixa,3,historico feriado (poucos dados),3.0
I21JC043490F,6,,feriado,0.053,0.0313,0.015,1.44,1.44,normal,normal,baixa,3,historico feriado (poucos dados),3.0
I21JC043490F,11,,feriado,0.3,0.076,0.0262,8.56,8.56,desvio,acima,baixa,3,historico feriado (poucos dados),3.0
I21JC043490F,12,,feriado,0.034,0.059,0.0252,-0.99,-0.99,normal,normal,baixa,3,historico feriado (poucos dados),3.0
I21JC043490F,13,,feriado,0.001,0.084,0.0555,-1.5,-1.5,normal,normal,baixa,3,historico feriado (poucos dados),3.0
I21JC043490F,14,,feriado,0.03,0.028,0.01,0.2,0.2,normal,normal,baixa,3,historico feriado (poucos dados),3.0
I21JC043490F,15,,feriado,0.001,0.0263,0.0439,-0.58,-0.58,normal,normal,baixa,3,historico feriado (poucos dados),3.0
I21JC043490F,16,,feriado,0.069,0.0367,0.0446,0.73,0.73,normal,normal,baixa,3,historico feriado (poucos dados),3.0
I21JC043490F,17,,feriado,0.082,0.0807,0.1174,0.01,0.01,normal,normal,baixa,3,historico feriado (poucos dados),3.0
I21JC043490F,18,,feriado,0.087,0.1167,0.1675,-0.18,-0.18,normal,normal,baixa,3,historico feriado (poucos dados),3.0
I21JC043490F,19,,feriado,0.078,0.036,0.0123,3.42,3.42,desvio,acima,baixa,3,historico feriado (poucos dados),3.0
I21JC043490F,20,,feriado,0.1,0.0337,0.024,2.76,2.76,normal,normal,baixa,3,historico feriado (poucos dados),3.0
I21JC043490F,21,,feriado,0.012,0.0173,0.01,-0.53,-0.53,normal,normal,baixa,3,historico feriado (poucos dados),3.0
I21JC043490F,22,,feriado,0.035,0.0647,0.0361,-0.82,-0.82,normal,normal,baixa,3,historico feriado (poucos dados),3.0
I21JC043490F,23,,feriado,0.022,0.1963,0.1911,-0.91,-0.91,normal,normal,baixa,3,historico feriado (poucos dados),3.0
I21JC043496L,0,,feriado,0.004,0.0037,0.01,0.03,0.03,normal,normal,baixa,3,historico feriado (poucos dados),3.0
I21JC043496L,1,,feriado,0.002,0.0027,0.01,-0.07,-0.07,normal,normal,baixa,3,historico feriado (poucos dados),3.0
I21JC043496L,2,,feriado,0.002,0.0027,0.01,-0.07,-0.07,normal,normal,baixa,3,historico feriado (poucos dados),3.0
I21JC043496L,3,,feriado,0.001,0.0017,0.01,-0.07,-0.07,normal,normal,baixa,3,historico feriado (poucos dados),3.0
I21JC043496L,4,,feriado,0.002,0.002,0.01,0.0,0.0,normal,normal,baixa,3,historico feriado (poucos dados),3.0
I21JC043496L,5,,feriado,0.002,0.002,0.01,0.0,0.0,normal,normal,baixa,3,historico feriado (poucos dados),3.0
I21JC043496L,6,,feriado,0.003,0.0027,0.01,0.03,0.03,normal,normal,baixa,3,historico feriado (poucos dados),3.0
I21JC043496L,7,,feriado,0.003,0.021,0.0303,-0.59,-0.59,normal,normal,baixa,3,historico feriado (poucos dados),3.0
I21JC043496L,8,,feriado,0.002,0.016,0.0154,-0.91,-0.91,normal,normal,baixa,3,historico feriado (poucos dados),3.0
I21JC043496L,9,,feriado,0.002,0.0463,0.0546,-0.81,-0.81,normal,normal,baixa,3,historico feriado (poucos dados),3.0
I21JC043496L,10,,feriado,0.002,0.4703,0.7114,-0.66,-0.66,normal,normal,baixa,3,historico feriado (poucos dados),3.0
I21JC043496L,11,,feriado,0.001,1.956,3.3042,-0.59,-0.59,normal,normal,baixa,3,historico feriado (poucos dados),3.0
I21JC043496L,12,,feriado,0.003,0.8843,1.5231,-0.58,-0.58,normal,normal,baixa,3,historico feriado (poucos dados),3.0
I21JC043496L,13,,feriado,0.002,0.0943,0.1539,-0.6,-0.6,normal,normal,baixa,3,historico feriado (poucos dados),3.0
I21JC043496L,14,,feriado,0.003,0.1433,0.2405,-0.58,-0.58,normal,normal,baixa,3,historico feriado (poucos dados),3.0
I21JC043496L,15,,feriado,0.0,2.0663,3.5703,-0.58,-0.58,normal,normal,baixa,3,historico feriado (poucos dados),3.0
I21JC043496L,16,,feriado,0.002,2.0803,3.5946,-0.58,-0.58,normal,normal,baixa,3,historico feriado (poucos dados),3.0
I21JC043496L,17,,feriado,0.003,1.0907,1.8813,-0.58,-0.58,normal,normal,baixa,3,historico feriado (poucos dados),3.0
I21JC043496L,18,,feriado,0.031,0.0473,0.0751,-0.22,-0.22,normal,normal,baixa,3,historico feriado (poucos dados),3.0
I21JC043496L,19,,feriado,1.608,0.0317,0.0471,10.0,33.5,desvio,acima,baixa,3,historico feriado (poucos dados),3.0
I21JC043496L,20,,feriado,0.261,0.0163,0.0214,10.0,11.44,desvio,acima,baixa,3,historico feriado (poucos dados),3.0
I21JC043496L,21,,feriado,0.003,0.0043,0.01,-0.13,-0.13,normal,normal,baixa,3,historico feriado (poucos dados),3.0
I21JC043496L,22,,feriado,0.003,0.004,0.01,-0.1,-0.1,normal,normal,baixa,3,historico feriado (poucos dados),3.0
I21JC043496L,23,,feriado,0.003,0.0037,0.01,-0.07,-0.07,normal,normal,baixa,3,historico feriado (poucos dados),3.0
I21JE003864,0,,feriado,0.0,0.0,0.01,0.0,0.0,normal,normal,baixa,3,historico feriado (poucos dados),3.0
I21JE003864,1,,feriado,0.0,0.0,0.01,0.0,0.0,normal,normal,baixa,3,historico feriado (poucos dados),3.0
I21JE003864,2,,feriado,0.0,0.0,0.01,0.0,0.0,normal,normal,baixa,3,historico feriado (poucos dados),3.0
I21JE003864,3,,feriado,0.0,0.0,0.01,0.0,0.0,normal,normal,baixa,3,historico feriado (poucos dados),3.0
I21JE003864,4,,feriado,0.0,0.0,0.01,0.0,0.0,normal,normal,baixa,3,historico feriado (poucos dados),3.0
I21JE003864,5,,feriado,0.0,0.0,0.01,0.0,0.0,normal,normal,baixa,3,historico feriado (poucos dados),3.0
I21JE003864,6,,feriado,0.0,0.0,0.01,0.0,0.0,normal,normal,baixa,3,historico feriado (poucos dados),3.0
I21JE003864,7,,feriado,0.0,0.0,0.01,0.0,0.0,normal,normal,baixa,3,historico feriado (poucos dados),3.0
I21JE003864,8,,feriado,0.0,0.0,0.01,0.0,0.0,normal,normal,baixa,3,historico feriado (poucos dados),3.0
I21JE003864,9,,feriado,0.0,0.0,0.01,0.0,0.0,normal,normal,baixa,3,historico feriado (poucos dados),3.0
I21JE003864,10,,feriado,0.0,0.0,0.01,0.0,0.0,normal,normal,baixa,3,historico feriado (poucos dados),3.0
I21JE003864,12,,feriado,0.0,0.0,0.01,0.0,0.0,normal,normal,baixa,3,historico feriado (poucos dados),3.0
I21JE003864,13,,feriado,0.0,0.0,0.01,0.0,0.0,normal,normal,baixa,3,historico feriado (poucos dados),3.0
I21JE003864,14,,feriado,0.0,0.0,0.01,0.0,0.0,normal,normal,baixa,3,historico feriado (poucos dados),3.0
I21JE003864,15,,feriado,0.0,0.0,0.01,0.0,0.0,normal,normal,baixa,3,historico feriado (poucos dados),3.0
I21JE003864,16,,feriado,0.0,0.0,0.01,0.0,0.0,normal,normal,baixa,3,historico feriado (poucos dados),3.0
I21JE003864,17,,feriado,0.0,0.0,0.01,0.0,0.0,normal,normal,baixa,3,historico feriado (poucos dados),3.0
I21JE003864,18,,feriado,0.0,0.0,0.01,0.0,0.0,normal,normal,baixa,3,historico feriado (poucos dados),3.0
I21JE003864,19,,feriado,0.0,0.0,0.01,0.0,0.0,normal,normal,baixa,3,historico feriado (poucos dados),3.0
I21JE003864,20,,feriado,0.0,0.0,0.01,0.0,0.0,normal,normal,baixa,3,historico feriado (poucos dados),3.0
I21JE003864,21,,feriado,0.0,0.0,0.01,0.0,0.0,normal,normal,baixa,3,historico feriado (poucos dados),3.0
I21JE003864,22,,feriado,0.0,0.0,0.01,0.0,0.0,normal,normal,baixa,3,historico feriado (poucos dados),3.0
I21JE003864,23,,feriado,0.0,0.0,0.01,0.0,0.0,normal,normal,baixa,3,historico feriado (poucos dados),3.0
I21JE003865,0,,feriado,0.0,0.0,0.01,0.0,0.0,normal,normal,baixa,3,historico feriado (poucos dados),3.0
I21JE003865,1,,feriado,0.0,0.0,0.01,0.0,0.0,normal,normal,baixa,3,historico feriado (poucos dados),3.0
I21JE003865,2,,feriado,0.0,0.0,0.01,0.0,0.0,normal,normal,baixa,3,historico feriado (poucos dados),3.0
I21JE003865,3,,feriado,0.0,0.0,0.01,0.0,0.0,normal,normal,baixa,3,historico feriado (poucos dados),3.0
I21JE003865,4,,feriado,0.0,0.0,0.01,0.0,0.0,normal,normal,baixa,3,historico feriado (poucos dados),3.0
I21JE003865,5,,feriado,0.0,0.0,0.01,0.0,0.0,normal,normal,baixa,3,historico feriado (poucos dados),3.0
I21JE003865,6,,feriado,0.0,0.0,0.01,0.0,0.0,normal,normal,baixa,3,historico feriado (poucos dados),3.0
I21JE003865,7,,feriado,0.0,0.0,0.01,0.0,0.0,normal,normal,baixa,3,historico feriado (poucos dados),3.0
I21JE003865,8,,feriado,0.0,0.0,0.01,0.0,0.0,normal,normal,baixa,3,historico feriado (poucos dados),3.0
I21JE003865,9,,feriado,0.0,0.0,0.01,0.0,0.0,normal,normal,baixa,3,historico feriado (poucos dados),3.0
I21JE003865,10,,feriado,0.0,0.0,0.01,0.0,0.0,normal,normal,baixa,3,historico feriado (poucos dados),3.0
I21JE003865,11,,feriado,0.0,0.0,0.01,0.0,0.0,normal,normal,baixa,3,historico feriado (poucos dados),3.0
I21JE003865,12,,feriado,0.0,0.0,0.01,0.0,0.0,normal,normal,baixa,3,historico feriado (poucos dados),3.0
I21JE003865,13,,feriado,0.0,0.0,0.01,0.0,0.0,normal,normal,baixa,3,historico feriado (poucos dados),3.0
I21JE003865,14,,feriado,0.0,0.0,0.01,0.0,0.0,normal,normal,baixa,3,historico feriado (poucos dados),3.0
I21JE003865,15,,feriado,0.0,0.0,0.01,0.0,0.0,normal,normal,baixa,3,historico feriado (poucos dados),3.0
I21JE003865,16,,feriado,0.0,0.0,0.01,0.0,0.0,normal,normal,baixa,3,historico feriado (poucos dados),3.0
I21JE003865,17,,feriado,0.0,0.0,0.01,0.0,0.0,normal,normal,baixa,3,historico feriado (poucos dados),3.0
I21JE003865,18,,feriado,0.0,0.0,0.01,0.0,0.0,normal,normal,baixa,3,historico feriado (poucos dados),3.0
I21JE003865,19,,feriado,0.0,0.0,0.01,0.0,0.0,normal,normal,baixa,3,historico feriado (poucos dados),3.0
I21JE003865,20,,feriado,0.0,0.0,0.01,0.0,0.0,normal,normal,baixa,3,historico feriado (poucos dados),3.0
I21JE003865,21,,feriado,0.0,0.0,0.01,0.0,0.0,normal,normal,baixa,3,historico feriado (poucos dados),3.0
I21JE003865,22,,feriado,0.0,0.0,0.01,0.0,0.0,normal,normal,baixa,3,historico feriado (poucos dados),3.0
I21JE003865,23,,feriado,0.0,0.0,0.01,0.0,0.0,normal,normal,baixa,3,historico feriado (poucos dados),3.0
I21JE030622,0,,feriado,0.147,0.2603,0.0651,-1.74,-1.74,normal,normal,baixa,3,historico feriado (poucos dados),3.0
I21JE043613M,0,,feriado,0.0,0.0,0.01,0.0,0.0,normal,normal,baixa,3,historico feriado (poucos dados),3.0
I21JE043613M,1,,feriado,0.0,0.0,0.01,0.0,0.0,normal,normal,baixa,3,historico feriado (poucos dados),3.0
I21JE043613M,2,,feriado,0.0,0.0,0.01,0.0,0.0,normal,normal,baixa,3,historico feriado (poucos dados),3.0
I21JE043613M,3,,feriado,0.0,0.0,0.01,0.0,0.0,normal,normal,baixa,3,historico feriado (poucos dados),3.0
I21JE043613M,4,,feriado,0.0,0.0,0.01,0.0,0.0,normal,normal,baixa,3,historico feriado (poucos dados),3.0
I21JE043613M,5,,feriado,0.0,0.0,0.01,0.0,0.0,normal,normal,baixa,3,historico feriado (poucos dados),3.0
I21JE043613M,6,,feriado,0.0,0.0,0.01,0.0,0.0,normal,normal,baixa,3,historico feriado (poucos dados),3.0
I21JE043613M,7,,feriado,0.0,0.0,0.01,0.0,0.0,normal,normal,baixa,2,historico feriado (poucos dados),3.0
I21JE043613M,8,,feriado,0.0,0.0,0.01,0.0,0.0,normal,normal,baixa,3,historico feriado (poucos dados),3.0
I21JE043613M,9,,feriado,0.0,0.0,0.01,0.0,0.0,normal,normal,baixa,3,historico feriado (poucos dados),3.0
I21JE043613M,10,,feriado,0.0,0.0,0.01,0.0,0.0,normal,normal,baixa,3,historico feriado (poucos dados),3.0
I21JE043613M,11,,feriado,0.0,0.0,0.01,0.0,0.0,normal,normal,baixa,3,historico feriado (poucos dados),3.0
I21JE043613M,12,,feriado,0.0,0.0,0.01,0.0,0.0,normal,normal,baixa,3,historico feriado (poucos dados),3.0
I21JE043613M,13,,feriado,0.0,0.0,0.01,0.0,0.0,normal,normal,baixa,3,historico feriado (poucos dados),3.0
I21JE043613M,14,,feriado,0.0,0.0,0.01,0.0,0.0,normal,normal,baixa,3,historico feriado (poucos dados),3.0
I21JE043613M,15,,feriado,0.0,0.0,0.01,0.0,0.0,normal,normal,baixa,3,historico feriado (poucos dados),3.0
I21JE043613M,16,,feriado,0.0,0.0,0.01,0.0,0.0,normal,normal,baixa,3,historico feriado (poucos dados),3.0
I21JE043613M,17,,feriado,0.0,0.0,0.01,0.0,0.0,normal,normal,baixa,3,historico feriado (poucos dados),3.0
I21JE043613M,18,,feriado,0.0,0.0,0.01,0.0,0.0,normal,normal,baixa,3,historico feriado (poucos dados),3.0
I21JE043613M,19,,feriado,0.0,0.0,0.01,0.0,0.0,normal,normal,baixa,3,historico feriado (poucos dados),3.0
I21JE043613M,20,,feriado,0.0,0.0,0.01,0.0,0.0,normal,normal,baixa,3,historico feriado (poucos dados),3.0
I21JE043613M,21,,feriado,0.0,0.0,0.01,0.0,0.0,normal,normal,baixa,3,historico feriado (poucos dados),3.0
I21JE043613M,22,,feriado,0.0,0.0,0.01,0.0,0.0,normal,normal,baixa,3,historico feriado (poucos dados),3.0
I21JE043613M,23,,feriado,0.0,0.0,0.01,0.0,0.0,normal,normal,baixa,3,historico feriado (poucos dados),3.0
I21JE043615O,0,,feriado,0.0,0.0,0.01,0.0,0.0,normal,normal,baixa,3,historico feriado (poucos dados),3.0
I21JE043617Q,0,,feriado,0.0,0.0,0.01,0.0,0.0,normal,normal,baixa,3,historico feriado (poucos dados),3.0
I21JE043617Q,1,,feriado,0.0,0.0,0.01,0.0,0.0,normal,normal,baixa,3,historico feriado (poucos dados),3.0
I21JE043617Q,2,,feriado,0.0,0.0,0.01,0.0,0.0,normal,normal,baixa,3,historico feriado (poucos dados),3.0
I21JE043617Q,3,,feriado,0.0,0.0,0.01,0.0,0.0,normal,normal,baixa,3,historico feriado (poucos dados),3.0
I21JE043617Q,4,,feriado,0.0,0.0,0.01,0.0,0.0,normal,normal,baixa,3,historico feriado (poucos dados),3.0
I21JE043617Q,5,,feriado,0.0,0.0,0.01,0.0,0.0,normal,normal,baixa,3,historico feriado (poucos dados),3.0
I21JE043617Q,6,,feriado,0.0,0.0,0.01,0.0,0.0,normal,normal,baixa,3,historico feriado (poucos dados),3.0
I21JE043617Q,7,,feriado,0.0,0.0,0.01,0.0,0.0,normal,normal,baixa,3,historico feriado (poucos dados),3.0
I21JE043617Q,8,,feriado,0.0,0.0,0.01,0.0,0.0,normal,normal,baixa,3,historico feriado (poucos dados),3.0
I21JE043617Q,9,,feriado,0.0,0.0,0.01,0.0,0.0,normal,normal,baixa,3,historico feriado (poucos dados),3.0
I21JE043617Q,10,,feriado,0.0,0.0,0.01,0.0,0.0,normal,normal,baixa,3,historico feriado (poucos dados),3.0
I21JE043617Q,11,,feriado,0.0,0.0,0.01,0.0,0.0,normal,normal,baixa,3,historico feriado (poucos dados),3.0
I21JE043617Q,12,,feriado,0.0,0.0,0.01,0.0,0.0,normal,normal,baixa,3,historico feriado (poucos dados),3.0
I21JE043617Q,13,,feriado,0.0,0.0,0.01,0.0,0.0,normal,normal,baixa,3,historico feriado (poucos dados),3.0
I21JE043617Q,14,,feriado,0.0,0.0,0.01,0.0,0.0,normal,normal,baixa,3,historico feriado (poucos dados),3.0
I21JE043617Q,15,,feriado,0.0,0.0,0.01,0.0,0.0,normal,normal,baixa,3,historico feriado (poucos dados),3.0
I21JE043617Q,16,,feriado,0.0,0.0,0.01,0.0,0.0,normal,normal,baixa,3,historico feriado (poucos dados),3.0
I21JE043617Q,17,,feriado,0.0,0.0,0.01,0.0,0.0,normal,normal,baixa,3,historico feriado (poucos dados),3.0
I21JE043617Q,18,,feriado,0.0,0.0,0.01,0.0,0.0,normal,normal,baixa,3,historico feriado (poucos dados),3.0
I21JE043617Q,19,,feriado,0.0,0.0,0.01,0.0,0.0,normal,normal,baixa,3,historico feriado (poucos dados),3.0
I21JE043617Q,20,,feriado,0.0,0.0,0.01,0.0,0.0,normal,normal,baixa,3,historico feriado (poucos dados),3.0
I21JE043617Q,21,,feriado,0.0,0.0,0.01,0.0,0.0,normal,normal,baixa,3,historico feriado (poucos dados),3.0
I21JE043617Q,22,,feriado,0.0,0.0,0.01,0.0,0.0,normal,normal,baixa,3,historico feriado (poucos dados),3.0
I21JE043617Q,23,,feriado,0.0,0.0,0.01,0.0,0.0,normal,normal,baixa,3,historico feriado (poucos dados),3.0
I21JE074440C,0,,feriado,0.0,0.0,0.01,0.0,0.0,normal,normal,baixa,3,historico feriado (poucos dados),3.0
I21JE074440C,1,,feriado,0.0,0.0,0.01,0.0,0.0,normal,normal,baixa,3,historico feriado (poucos dados),3.0
I21JE074440C,2,,feriado,0.0,0.0,0.01,0.0,0.0,normal,normal,baixa,3,historico feriado (poucos dados),3.0
I21JE074440C,3,,feriado,0.0,0.0,0.01,0.0,0.0,normal,normal,baixa,3,historico feriado (poucos dados),3.0
I21JE074440C,4,,feriado,0.0,0.0,0.01,0.0,0.0,normal,normal,baixa,3,historico feriado (poucos dados),3.0
I21JE074440C,5,,feriado,0.0,0.0,0.01,0.0,0.0,normal,normal,baixa,2,historico feriado (poucos dados),3.0
I21JE074440C,6,,feriado,0.0,0.0,0.01,0.0,0.0,normal,normal,baixa,2,historico feriado (poucos dados),3.0
I21JE074440C,7,,feriado,0.0,0.0,0.01,0.0,0.0,normal,normal,baixa,2,historico feriado (poucos dados),3.0
I21JE074440C,8,,feriado,0.0,0.0,0.01,0.0,0.0,normal,normal,baixa,25,fallback (30d recentes),3.0
I21JE074440C,9,,feriado,0.0,0.0,0.01,0.0,0.0,normal,normal,baixa,3,historico feriado (poucos dados),3.0
I21JE074440C,10,,feriado,0.0,0.0,0.01,0.0,0.0,normal,normal,baixa,3,historico feriado (poucos dados),3.0
I21JE074440C,11,,feriado,0.0,0.0,0.01,0.0,0.0,normal,normal,baixa,3,historico feriado (poucos dados),3.0
I21JE074440C,12,,feriado,0.0,0.0,0.01,0.0,0.0,normal,normal,baixa,3,historico feriado (poucos dados),3.0
I21JE074440C,13,,feriado,0.0,0.0,0.01,0.0,0.0,normal,normal,baixa,3,historico feriado (poucos dados),3.0
I21JE074440C,14,,feriado,0.0,0.0,0.01,0.0,0.0,normal,normal,baixa,3,historico feriado (poucos dados),3.0
I21JE074440C,15,,feriado,0.0,0.0,0.01,0.0,0.0,normal,normal,baixa,3,historico feriado (poucos dados),3.0
I21JE074440C,16,,feriado,0.0,0.0,0.01,0.0,0.0,normal,normal,baixa,3,historico feriado (poucos dados),3.0
I21JE074440C,17,,feriado,0.0,0.0,0.01,0.0,0.0,normal,normal,baixa,3,historico feriado (poucos dados),3.0
I21JE074440C,18,,feriado,0.0,0.0,0.01,0.0,0.0,normal,normal,baixa,3,historico feriado (poucos dados),3.0
I21JE074440C,19,,feriado,0.0,0.0,0.01,0.0,0.0,normal,normal,baixa,3,historico feriado (poucos dados),3.0
I21JE074440C,20,,feriado,0.0,0.0,0.01,0.0,0.0,normal,normal,baixa,3,historico feriado (poucos dados),3.0
I21JE074440C,21,,feriado,0.0,0.0,0.01,0.0,0.0,normal,normal,baixa,3,historico feriado (poucos dados),3.0
I21JE074440C,22,,feriado,0.0,0.0,0.01,0.0,0.0,normal,normal,baixa,3,historico feriado (poucos dados),3.0
I21JE074440C,23,,feriado,0.0,0.0,0.01,0.0,0.0,normal,normal,baixa,3,historico feriado (poucos dados),3.0
I21JE074442E,0,,feriado,0.0,0.0,0.01,0.0,0.0,normal,normal,baixa,3,historico feriado (poucos dados),3.0
I21JE074442E,1,,feriado,0.0,0.0,0.01,0.0,0.0,normal,normal,baixa,3,historico feriado (poucos dados),3.0
I21JE074442E,2,,feriado,0.0,0.0,0.01,0.0,0.0,normal,normal,baixa,3,historico feriado (poucos dados),3.0
I21JE074442E,3,,feriado,0.0,0.0,0.01,0.0,0.0,normal,normal,baixa,3,historico feriado (poucos dados),3.0
I21JE074442E,4,,feriado,0.0,0.0,0.01,0.0,0.0,normal,normal,baixa,3,historico feriado (poucos dados),3.0
I21JE074442E,5,,feriado,0.0,0.0,0.01,0.0,0.0,normal,normal,baixa,3,historico feriado (poucos dados),3.0
I21JE074442E,6,,feriado,0.0,0.0,0.01,0.0,0.0,normal,normal,baixa,3,historico feriado (poucos dados),3.0
I21JE074442E,7,,feriado,0.0,0.0,0.01,0.0,0.0,normal,normal,baixa,3,historico feriado (poucos dados),3.0
I21JE074442E,8,,feriado,0.0,0.0,0.01,0.0,0.0,normal,normal,baixa,3,historico feriado (poucos dados),3.0
I21JE074442E,9,,feriado,0.0,0.0,0.01,0.0,0.0,normal,normal,baixa,3,historico feriado (poucos dados),3.0
I21JE074442E,10,,feriado,0.0,0.0,0.01,0.0,0.0,normal,normal,baixa,3,historico feriado (poucos dados),3.0
I21JE074442E,11,,feriado,0.0,0.0,0.01,0.0,0.0,normal,normal,baixa,3,historico feriado (poucos dados),3.0
I21JE074442E,12,,feriado,0.0,0.0,0.01,0.0,0.0,normal,normal,baixa,3,historico feriado (poucos dados),3.0
I21JE074442E,13,,feriado,0.0,0.0,0.01,0.0,0.0,normal,normal,baixa,3,historico feriado (poucos dados),3.0
I21JE074442E,14,,feriado,0.0,0.0,0.01,0.0,0.0,normal,normal,baixa,3,historico feriado (poucos dados),3.0
I21JE074442E,15,,feriado,0.0,0.0,0.01,0.0,0.0,normal,normal,baixa,3,historico feriado (poucos dados),3.0
I21JE074442E,16,,feriado,0.0,0.0,0.01,0.0,0.0,normal,normal,baixa,3,historico feriado (poucos dados),3.0
I21JE074442E,17,,feriado,0.0,0.0,0.01,0.0,0.0,normal,normal,baixa,3,historico feriado (poucos dados),3.0
I21JE074442E,18,,feriado,0.0,0.0,0.01,0.0,0.0,normal,normal,baixa,3,historico feriado (poucos dados),3.0
I21JE074442E,19,,feriado,0.0,0.0,0.01,0.0,0.0,normal,normal,baixa,3,historico feriado (poucos dados),3.0
I21JE074442E,20,,feriado,0.0,0.0,0.01,0.0,0.0,normal,normal,baixa,3,historico feriado (poucos dados),3.0
I21JE074442E,21,,feriado,0.0,0.0,0.01,0.0,0.0,normal,normal,baixa,3,historico feriado (poucos dados),3.0
I21JE074442E,22,,feriado,0.0,0.0,0.01,0.0,0.0,normal,normal,baixa,3,historico feriado (poucos dados),3.0
I21JE074442E,23,,feriado,0.0,0.0,0.01,0.0,0.0,normal,normal,baixa,3,historico feriado (poucos dados),3.0
I21JE074443F,0,,feriado,0.0,0.0,0.01,0.0,0.0,normal,normal,baixa,3,historico feriado (poucos dados),3.0
I21JE074443F,1,,feriado,0.0,0.0,0.01,0.0,0.0,normal,normal,baixa,3,historico feriado (poucos dados),3.0
I21JE074443F,2,,feriado,0.0,0.0,0.01,0.0,0.0,normal,normal,baixa,3,historico feriado (poucos dados),3.0
I21JE074443F,3,,feriado,0.0,0.0,0.01,0.0,0.0,normal,normal,baixa,3,historico feriado (poucos dados),3.0
I21JE074443F,4,,feriado,0.0,0.0,0.01,0.0,0.0,normal,normal,baixa,3,historico feriado (poucos dados),3.0
I21JE074443F,5,,feriado,0.0,0.0,0.01,0.0,0.0,normal,normal,baixa,3,historico feriado (poucos dados),3.0
I21JE074443F,6,,feriado,0.0,0.0,0.01,0.0,0.0,normal,normal,baixa,3,historico feriado (poucos dados),3.0
I21JE074443F,7,,feriado,0.0,0.0,0.01,0.0,0.0,normal,normal,baixa,3,historico feriado (poucos dados),3.0
I21JE074443F,8,,feriado,0.0,0.0,0.01,0.0,0.0,normal,normal,baixa,2,historico feriado (poucos dados),3.0
I21JE074443F,9,,feriado,0.0,0.0,0.01,0.0,0.0,normal,normal,baixa,2,historico feriado (poucos dados),3.0
I21JE074443F,10,,feriado,0.0,0.0,0.01,0.0,0.0,normal,normal,baixa,2,historico feriado (poucos dados),3.0
I21JE074443F,11,,feriado,0.0,0.0,0.01,0.0,0.0,normal,normal,baixa,2,historico feriado (poucos dados),3.0
I21JE074443F,12,,feriado,0.0,0.0,0.01,0.0,0.0,normal,normal,baixa,3,historico feriado (poucos dados),3.0
I21JE074443F,13,,feriado,0.0,0.0,0.01,0.0,0.0,normal,normal,baixa,3,historico feriado (poucos dados),3.0
I21JE074443F,14,,feriado,0.0,0.0,0.01,0.0,0.0,normal,normal,baixa,3,historico feriado (poucos dados),3.0
I21JE074443F,15,,feriado,0.0,0.0,0.01,0.0,0.0,normal,normal,baixa,3,historico feriado (poucos dados),3.0
I21JE074443F,16,,feriado,0.0,0.0,0.01,0.0,0.0,normal,normal,baixa,2,historico feriado (poucos dados),3.0
I21JE074443F,17,,feriado,0.0,0.0,0.01,0.0,0.0,normal,normal,baixa,3,historico feriado (poucos dados),3.0
I21JE074443F,18,,feriado,0.0,0.0,0.01,0.0,0.0,normal,normal,baixa,3,historico feriado (poucos dados),3.0
I21JE074443F,19,,feriado,0.0,0.0,0.01,0.0,0.0,normal,normal,baixa,3,historico feriado (poucos dados),3.0
I21JE074443F,20,,feriado,0.0,0.0,0.01,0.0,0.0,normal,normal,baixa,3,historico feriado (poucos dados),3.0
I21JE074443F,21,,feriado,0.0,0.0,0.01,0.0,0.0,normal,normal,baixa,3,historico feriado (poucos dados),3.0
I21JE074443F,22,,feriado,0.0,0.0,0.01,0.0,0.0,normal,normal,baixa,3,historico feriado (poucos dados),3.0
I21JE074443F,23,,feriado,0.0,0.0,0.01,0.0,0.0,normal,normal,baixa,3,historico feriado (poucos dados),3.0
I21LA091899,0,,feriado,0.0,0.0,0.01,0.0,0.0,normal,normal,baixa,3,historico feriado (poucos dados),3.0
I21LA091899,1,,feriado,0.0,0.0,0.01,0.0,0.0,normal,normal,baixa,3,historico feriado (poucos dados),3.0
I21LA091899,2,,feriado,0.0,0.0,0.01,0.0,0.0,normal,normal,baixa,3,historico feriado (poucos dados),3.0
I21LA091899,3,,feriado,0.0,0.0,0.01,0.0,0.0,normal,normal,baixa,3,historico feriado (poucos dados),3.0
I21LA091899,4,,feriado,0.0,0.0,0.01,0.0,0.0,normal,normal,baixa,3,historico feriado (poucos dados),3.0
I21LA091899,5,,feriado,0.0,0.0,0.01,0.0,0.0,normal,normal,baixa,3,historico feriado (poucos dados),3.0
I21LA091899,6,,feriado,0.0,0.0,0.01,0.0,0.0,normal,normal,baixa,3,historico feriado (poucos dados),3.0
I21LA091899,7,,feriado,0.0,0.0,0.01,0.0,0.0,normal,normal,baixa,3,historico feriado (poucos dados),3.0
I21LA091899,8,,feriado,0.0,0.0,0.01,0.0,0.0,normal,normal,baixa,3,historico feriado (poucos dados),3.0
I21LA091899,9,,feriado,0.0,0.0,0.01,0.0,0.0,normal,normal,baixa,2,historico feriado (poucos dados),3.0
I21LA091899,10,,feriado,0.0,0.0,0.01,0.0,0.0,normal,normal,baixa,3,historico feriado (poucos dados),3.0
I21LA091899,11,,feriado,0.0,0.0,0.01,0.0,0.0,normal,normal,baixa,3,historico feriado (poucos dados),3.0
I21LA091899,12,,feriado,0.0,0.0,0.01,0.0,0.0,normal,normal,baixa,3,historico feriado (poucos dados),3.0
I21LA091899,13,,feriado,0.0,0.0,0.01,0.0,0.0,normal,normal,baixa,2,historico feriado (poucos dados),3.0
I21LA091899,14,,feriado,0.0,0.0,0.01,0.0,0.0,normal,normal,baixa,2,historico feriado (poucos dados),3.0
I21LA091899,15,,feriado,0.0,0.0,0.01,0.0,0.0,normal,normal,baixa,2,historico feriado (poucos dados),3.0
I21LA091899,16,,feriado,0.0,0.0,0.01,0.0,0.0,normal,normal,baixa,2,historico feriado (poucos dados),3.0
I21LA091899,17,,feriado,0.0,0.0,0.01,0.0,0.0,normal,normal,baixa,3,historico feriado (poucos dados),3.0
I21LA091899,18,,feriado,0.0,0.0,0.01,0.0,0.0,normal,normal,baixa,3,historico feriado (poucos dados),3.0
I21LA091899,19,,feriado,0.0,0.0,0.01,0.0,0.0,normal,normal,baixa,3,historico feriado (poucos dados),3.0
I21LA091899,20,,feriado,0.0,0.0,0.01,0.0,0.0,normal,normal,baixa,3,historico feriado (poucos dados),3.0
I21LA091899,21,,feriado,0.0,0.0,0.01,0.0,0.0,normal,normal,baixa,3,historico feriado (poucos dados),3.0
I21LA091899,22,,feriado,0.0,0.0,0.01,0.0,0.0,normal,normal,baixa,3,historico feriado (poucos dados),3.0
I21LA091899,23,,feriado,0.0,0.0,0.01,0.0,0.0,normal,normal,baixa,3,historico feriado (poucos dados),3.0
I21LA148189,0,,feriado,0.0,0.0,0.01,0.0,0.0,normal,normal,baixa,3,historico feriado (poucos dados),3.0
I21LA148189,1,,feriado,0.0,0.0,0.01,0.0,0.0,normal,normal,baixa,3,historico feriado (poucos dados),3.0
I21LA148189,2,,feriado,0.0,0.0,0.01,0.0,0.0,normal,normal,baixa,2,historico feriado (poucos dados),3.0
I21LA148189,3,,feriado,0.0,0.0,0.01,0.0,0.0,normal,normal,baixa,2,historico feriado (poucos dados),3.0
I21LA148189,4,,feriado,0.0,0.0,0.01,0.0,0.0,normal,normal,baixa,2,historico feriado (poucos dados),3.0
I21LA148189,5,,feriado,0.0,0.0,0.01,0.0,0.0,normal,normal,baixa,2,historico feriado (poucos dados),3.0
I21LA148189,6,,feriado,0.0,0.0,0.01,0.0,0.0,normal,normal,baixa,3,historico feriado (poucos dados),3.0
I21LA148189,7,,feriado,0.005,0.0,0.01,0.5,0.5,normal,normal,baixa,3,historico feriado (poucos dados),3.0
I21LA148189,8,,feriado,0.0,0.0007,0.01,-0.07,-0.07,normal,normal,baixa,3,historico feriado (poucos dados),3.0
I21LA148189,9,,feriado,0.001,0.002,0.01,-0.1,-0.1,normal,normal,baixa,3,historico feriado (poucos dados),3.0
I21LA148189,10,,feriado,0.006,0.0043,0.01,0.17,0.17,normal,normal,baixa,3,historico feriado (poucos dados),3.0
I21LA148189,11,,feriado,0.003,0.004,0.01,-0.1,-0.1,normal,normal,baixa,3,historico feriado (poucos dados),3.0
I21LA148189,12,,feriado,0.004,0.0057,0.01,-0.17,-0.17,normal,normal,baixa,3,historico feriado (poucos dados),3.0
I21LA148189,13,,feriado,0.0,0.003,0.01,-0.3,-0.3,normal,normal,baixa,3,historico feriado (poucos dados),3.0
I21LA148189,14,,feriado,0.0,0.0015,0.01,-0.15,-0.15,normal,normal,baixa,2,historico feriado (poucos dados),3.0
I21LA148189,15,,feriado,0.002,0.0045,0.01,-0.25,-0.25,normal,normal,baixa,2,historico feriado (poucos dados),3.0
I21LA148189,16,,feriado,0.003,0.0045,0.01,-0.15,-0.15,normal,normal,baixa,2,historico feriado (poucos dados),3.0
I21LA148189,17,,feriado,0.004,0.005,0.01,-0.1,-0.1,normal,normal,baixa,2,historico feriado (poucos dados),3.0
I21LA148189,18,,feriado,0.002,0.008,0.01,-0.6,-0.6,normal,normal,baixa,3,historico feriado (poucos dados),3.0
I21LA148189,19,,feriado,0.0,0.0063,0.01,-0.63,-0.63,normal,normal,baixa,3,historico feriado (poucos dados),3.0
I21LA148189,20,,feriado,0.001,0.002,0.01,-0.1,-0.1,normal,normal,baixa,3,historico feriado (poucos dados),3.0
I21LA148189,21,,feriado,0.0,0.0007,0.01,-0.07,-0.07,normal,normal,baixa,3,historico feriado (poucos dados),3.0
I21LA148189,22,,feriado,0.001,0.0,0.01,0.1,0.1,normal,normal,baixa,3,historico feriado (poucos dados),3.0
I21LA148189,23,,feriado,0.0,0.0003,0.01,-0.03,-0.03,normal,normal,baixa,3,historico feriado (poucos dados),3.0
I21LA152238,0,,feriado,0.0,0.0,0.01,0.0,0.0,normal,normal,baixa,3,historico feriado (poucos dados),3.0
I21LA152238,1,,feriado,0.0,0.0,0.01,0.0,0.0,normal,normal,baixa,3,historico feriado (poucos dados),3.0
I21LA152238,2,,feriado,0.0,0.0,0.01,0.0,0.0,normal,normal,baixa,3,historico feriado (poucos dados),3.0
I21LA152238,3,,feriado,0.0,0.0,0.01,0.0,0.0,normal,normal,baixa,3,historico feriado (poucos dados),3.0
I21LA152238,4,,feriado,0.0,0.0,0.01,0.0,0.0,normal,normal,baixa,3,historico feriado (poucos dados),3.0
I21LA152238,5,,feriado,0.0,0.0,0.01,0.0,0.0,normal,normal,baixa,3,historico feriado (poucos dados),3.0
I21LA152238,6,,feriado,0.0,0.0,0.01,0.0,0.0,normal,normal,baixa,3,historico feriado (poucos dados),3.0
I21LA152238,7,,feriado,0.0,0.0,0.01,0.0,0.0,normal,normal,baixa,3,historico feriado (poucos dados),3.0
I21LA152238,8,,feriado,0.0,0.0,0.01,0.0,0.0,normal,normal,baixa,3,historico feriado (poucos dados),3.0
I21LA152238,9,,feriado,0.0,0.0,0.01,0.0,0.0,normal,normal,baixa,3,historico feriado (poucos dados),3.0
I21LA152238,10,,feriado,0.0,0.0,0.01,0.0,0.0,normal,normal,baixa,3,historico feriado (poucos dados),3.0
I21LA152238,11,,feriado,0.0,0.0,0.01,0.0,0.0,normal,normal,baixa,3,historico feriado (poucos dados),3.0
I21LA152238,12,,feriado,0.006,0.0,0.01,0.6,0.6,normal,normal,baixa,3,historico feriado (poucos dados),3.0
I21LA152238,14,,feriado,0.0,0.0,0.01,0.0,0.0,normal,normal,baixa,3,historico feriado (poucos dados),3.0
I21LA152238,15,,feriado,0.0,0.0,0.01,0.0,0.0,normal,normal,baixa,3,historico feriado (poucos dados),3.0
I21LA152238,16,,feriado,0.0,0.0,0.01,0.0,0.0,normal,normal,baixa,3,historico feriado (poucos dados),3.0
I21LA152238,17,,feriado,0.0,0.0,0.01,0.0,0.0,normal,normal,baixa,3,historico feriado (poucos dados),3.0
I21LA152238,18,,feriado,0.0,0.0,0.01,0.0,0.0,normal,normal,baixa,3,historico feriado (poucos dados),3.0
I21LA152238,19,,feriado,0.0,0.0097,0.0167,-0.58,-0.58,normal,normal,baixa,3,historico feriado (poucos dados),3.0
I21LA152238,20,,feriado,0.0,0.0,0.01,0.0,0.0,normal,normal,baixa,3,historico feriado (poucos dados),3.0
I21LA152238,21,,feriado,0.0,0.0,0.01,0.0,0.0,normal,normal,baixa,3,historico feriado (poucos dados),3.0
I21LA152238,22,,feriado,0.0,0.0077,0.0133,-0.58,-0.58,normal,normal,baixa,3,historico feriado (poucos dados),3.0
I21LA152238,23,,feriado,0.0,0.004,0.01,-0.4,-0.4,normal,normal,baixa,3,historico feriado (poucos dados),3.0
I21LA152381,0,,feriado,0.001,0.0,0.01,0.1,0.1,normal,normal,baixa,3,historico feriado (poucos dados),3.0
I21LA152381,1,,feriado,0.0,0.0,0.01,0.0,0.0,normal,normal,baixa,3,historico feriado (poucos dados),3.0
I21LA152381,2,,feriado,0.0,0.0003,0.01,-0.03,-0.03,normal,normal,baixa,3,historico feriado (poucos dados),3.0
I21LA152381,3,,feriado,0.001,0.0,0.01,0.1,0.1,normal,normal,baixa,3,historico feriado (poucos dados),3.0
I21LA152381,4,,feriado,0.0,0.0,0.01,0.0,0.0,normal,normal,baixa,3,historico feriado (poucos dados),3.0
I21LA152381,5,,feriado,0.0,0.0,0.01,0.0,0.0,normal,normal,baixa,3,historico feriado (poucos dados),3.0
I21LA152381,6,,feriado,0.001,0.0003,0.01,0.07,0.07,normal,normal,baixa,3,historico feriado (poucos dados),3.0
I21LA152381,7,,feriado,0.001,0.0,0.01,0.1,0.1,normal,normal,baixa,3,historico feriado (poucos dados),3.0
I21LA152381,8,,feriado,0.0,0.0,0.01,0.0,0.0,normal,normal,baixa,3,historico feriado (poucos dados),3.0
I21LA152381,9,,feriado,0.0,0.0,0.01,0.0,0.0,normal,normal,baixa,3,historico feriado (poucos dados),3.0
I21LA152381,10,,feriado,0.0,0.0003,0.01,-0.03,-0.03,normal,normal,baixa,3,historico feriado (poucos dados),3.0
I21LA152381,11,,feriado,0.001,0.0007,0.01,0.03,0.03,normal,normal,baixa,3,historico feriado (poucos dados),3.0
I21LA152381,12,,feriado,0.0,0.0003,0.01,-0.03,-0.03,normal,normal,baixa,3,historico feriado (poucos dados),3.0
I21LA152381,13,,feriado,0.002,0.0007,0.01,0.13,0.13,normal,normal,baixa,3,historico feriado (poucos dados),3.0
I21LA152381,14,,feriado,0.001,0.0003,0.01,0.07,0.07,normal,normal,baixa,3,historico feriado (poucos dados),3.0
I21LA152381,15,,feriado,0.001,0.001,0.01,0.0,0.0,normal,normal,baixa,3,historico feriado (poucos dados),3.0
I21LA152381,16,,feriado,0.002,0.0003,0.01,0.17,0.17,normal,normal,baixa,3,historico feriado (poucos dados),3.0
I21LA152381,17,,feriado,0.0,0.0003,0.01,-0.03,-0.03,normal,normal,baixa,3,historico feriado (poucos dados),3.0
I21LA152381,18,,feriado,0.001,0.0003,0.01,0.07,0.07,normal,normal,baixa,3,historico feriado (poucos dados),3.0
I21LA152381,19,,feriado,0.001,0.0003,0.01,0.07,0.07,normal,normal,baixa,3,historico feriado (poucos dados),3.0
I21LA152381,20,,feriado,0.002,0.0003,0.01,0.17,0.17,normal,normal,baixa,3,historico feriado (poucos dados),3.0
I21LA152381,21,,feriado,0.001,0.0007,0.01,0.03,0.03,normal,normal,baixa,3,historico feriado (poucos dados),3.0
I21LA152381,22,,feriado,0.001,0.0003,0.01,0.07,0.07,normal,normal,baixa,3,historico feriado (poucos dados),3.0
I21LA152381,23,,feriado,0.001,0.0007,0.01,0.03,0.03,normal,normal,baixa,3,historico feriado (poucos dados),3.0
I21LA162615,0,,feriado,0.0,0.0,0.01,0.0,0.0,normal,normal,baixa,3,historico feriado (poucos dados),3.0
I21LA162615,1,,feriado,0.0,0.0,0.01,0.0,0.0,normal,normal,baixa,3,historico feriado (poucos dados),3.0
I21LA162615,2,,feriado,0.0,0.0,0.01,0.0,0.0,normal,normal,baixa,3,historico feriado (poucos dados),3.0
I21LA162615,3,,feriado,0.0,0.0,0.01,0.0,0.0,normal,normal,baixa,3,historico feriado (poucos dados),3.0
I21LA162615,4,,feriado,0.0,0.0,0.01,0.0,0.0,normal,normal,baixa,3,historico feriado (poucos dados),3.0
I21LA162615,5,,feriado,0.0,0.0,0.01,0.0,0.0,normal,normal,baixa,3,historico feriado (poucos dados),3.0
I21LA162615,6,,feriado,0.0,0.0,0.01,0.0,0.0,normal,normal,baixa,3,historico feriado (poucos dados),3.0
I21LA162615,7,,feriado,0.0,0.0,0.01,0.0,0.0,normal,normal,baixa,3,historico feriado (poucos dados),3.0
I21LA162615,8,,feriado,0.0,0.0,0.01,0.0,0.0,normal,normal,baixa,3,historico feriado (poucos dados),3.0
I21LA162615,9,,feriado,0.0,0.0007,0.01,-0.07,-0.07,normal,normal,baixa,3,historico feriado (poucos dados),3.0
I21LA162615,10,,feriado,0.0,0.0,0.01,0.0,0.0,normal,normal,baixa,3,historico feriado (poucos dados),3.0
I21LA162615,11,,feriado,0.0,0.0,0.01,0.0,0.0,normal,normal,baixa,3,historico feriado (poucos dados),3.0
I21LA162615,12,,feriado,0.0,0.0,0.01,0.0,0.0,normal,normal,baixa,3,historico feriado (poucos dados),3.0
I21LA162615,13,,feriado,0.0,0.0,0.01,0.0,0.0,normal,normal,baixa,3,historico feriado (poucos dados),3.0
I21LA162615,14,,feriado,0.0,0.0,0.01,0.0,0.0,normal,normal,baixa,3,historico feriado (poucos dados),3.0
I21LA162615,15,,feriado,0.0,0.0,0.01,0.0,0.0,normal,normal,baixa,3,historico feriado (poucos dados),3.0
I21LA162615,16,,feriado,0.0,0.0,0.01,0.0,0.0,normal,normal,baixa,3,historico feriado (poucos dados),3.0
I21LA162615,17,,feriado,0.0,0.0,0.01,0.0,0.0,normal,normal,baixa,3,historico feriado (poucos dados),3.0
I21LA162615,18,,feriado,0.0,0.0,0.01,0.0,0.0,normal,normal,baixa,3,historico feriado (poucos dados),3.0
I21LA162615,19,,feriado,0.0,0.0,0.01,0.0,0.0,normal,normal,baixa,3,historico feriado (poucos dados),3.0
I21LA162615,20,,feriado,0.0,0.0,0.01,0.0,0.0,normal,normal,baixa,3,historico feriado (poucos dados),3.0
I21LA162615,21,,feriado,0.0,0.0,0.01,0.0,0.0,normal,normal,baixa,3,historico feriado (poucos dados),3.0
I21LA162615,22,,feriado,0.0,0.0,0.01,0.0,0.0,normal,normal,baixa,3,historico feriado (poucos dados),3.0
I21LA162615,23,,feriado,0.0,0.0,0.01,0.0,0.0,normal,normal,baixa,3,historico feriado (poucos dados),3.0
I21LA173715,0,,feriado,0.0,0.0,0.01,0.0,0.0,normal,normal,baixa,3,historico feriado (poucos dados),3.0
I21LA173715,1,,feriado,0.0,0.0,0.01,0.0,0.0,normal,normal,baixa,3,historico feriado (poucos dados),3.0
I21LA173715,2,,feriado,0.0,0.0,0.01,0.0,0.0,normal,normal,baixa,3,historico feriado (poucos dados),3.0
I21LA173715,3,,feriado,0.0,0.0,0.01,0.0,0.0,normal,normal,baixa,3,historico feriado (poucos dados),3.0
I21LA173715,4,,feriado,0.0,0.0,0.01,0.0,0.0,normal,normal,baixa,3,historico feriado (poucos dados),3.0
I21LA173715,5,,feriado,0.0,0.0,0.01,0.0,0.0,normal,normal,baixa,3,historico feriado (poucos dados),3.0
I21LA173715,6,,feriado,0.0,0.0,0.01,0.0,0.0,normal,normal,baixa,3,historico feriado (poucos dados),3.0
I21LA173715,7,,feriado,0.005,0.0,0.01,0.5,0.5,normal,normal,baixa,3,historico feriado (poucos dados),3.0
I21LA173715,8,,feriado,0.0,0.0,0.01,0.0,0.0,normal,normal,baixa,3,historico feriado (poucos dados),3.0
I21LA173715,9,,feriado,0.0,0.0,0.01,0.0,0.0,normal,normal,baixa,3,historico feriado (poucos dados),3.0
I21LA173715,10,,feriado,0.0,0.0,0.01,0.0,0.0,normal,normal,baixa,3,historico feriado (poucos dados),3.0
I21LA173715,11,,feriado,0.0,0.0,0.01,0.0,0.0,normal,normal,baixa,3,historico feriado (poucos dados),3.0
I21LA173715,12,,feriado,0.0,0.003,0.01,-0.3,-0.3,normal,normal,baixa,3,historico feriado (poucos dados),3.0
I21LA173715,13,,feriado,0.0,0.0037,0.01,-0.37,-0.37,normal,normal,baixa,3,historico feriado (poucos dados),3.0
I21LA173715,14,,feriado,0.0,0.0,0.01,0.0,0.0,normal,normal,baixa,3,historico feriado (poucos dados),3.0
I21LA173715,15,,feriado,0.0,0.0,0.01,0.0,0.0,normal,normal,baixa,3,historico feriado (poucos dados),3.0
I21LA173715,16,,feriado,0.0,0.0,0.01,0.0,0.0,normal,normal,baixa,3,historico feriado (poucos dados),3.0
I21LA173715,17,,feriado,0.0,0.0,0.01,0.0,0.0,normal,normal,baixa,3,historico feriado (poucos dados),3.0
I21LA173715,18,,feriado,0.0,0.0,0.01,0.0,0.0,normal,normal,baixa,3,historico feriado (poucos dados),3.0
I21LA173715,19,,feriado,0.0,0.0,0.01,0.0,0.0,normal,normal,baixa,3,historico feriado (poucos dados),3.0
I21LA173758,0,,feriado,0.0,0.0,0.01,0.0,0.0,normal,normal,baixa,2,historico feriado (poucos dados),3.0
I21LA173758,1,,feriado,0.0,0.0,0.01,0.0,0.0,normal,normal,baixa,2,historico feriado (poucos dados),3.0
I21LA173758,2,,feriado,0.0,0.0,0.01,0.0,0.0,normal,normal,baixa,2,historico feriado (poucos dados),3.0
I21LA173758,3,,feriado,0.0,0.0,0.01,0.0,0.0,normal,normal,baixa,3,historico feriado (poucos dados),3.0
I21LA173758,4,,feriado,0.0,0.0,0.01,0.0,0.0,normal,normal,baixa,3,historico feriado (poucos dados),3.0
I21LA173758,5,,feriado,0.0,0.0,0.01,0.0,0.0,normal,normal,baixa,3,historico feriado (poucos dados),3.0
I21LA173758,6,,feriado,0.0,0.0,0.01,0.0,0.0,normal,normal,baixa,3,historico feriado (poucos dados),3.0
I21LA173758,7,,feriado,0.0,0.0,0.01,0.0,0.0,normal,normal,baixa,2,historico feriado (poucos dados),3.0
I21LA173758,8,,feriado,0.0,0.0,0.01,0.0,0.0,normal,normal,baixa,2,historico feriado (poucos dados),3.0
I21LA173758,9,,feriado,0.0,0.0,0.01,0.0,0.0,normal,normal,baixa,2,historico feriado (poucos dados),3.0
I21LA173758,10,,feriado,0.0,0.0,0.01,0.0,0.0,normal,normal,baixa,2,historico feriado (poucos dados),3.0
I21LA173758,11,,feriado,0.0,0.0,0.01,0.0,0.0,normal,normal,baixa,3,historico feriado (poucos dados),3.0
I21LA173758,12,,feriado,0.0,0.0,0.01,0.0,0.0,normal,normal,baixa,3,historico feriado (poucos dados),3.0
I21LA173758,13,,feriado,0.0,0.0,0.01,0.0,0.0,normal,normal,baixa,3,historico feriado (poucos dados),3.0
I21LA173758,14,,feriado,0.0,0.0,0.01,0.0,0.0,normal,normal,baixa,3,historico feriado (poucos dados),3.0
I21LA173758,15,,feriado,0.0,0.0,0.01,0.0,0.0,normal,normal,baixa,3,historico feriado (poucos dados),3.0
I21LA173758,16,,feriado,0.0,0.0,0.01,0.0,0.0,normal,normal,baixa,3,historico feriado (poucos dados),3.0
I21LA173758,17,,feriado,0.0,0.0,0.01,0.0,0.0,normal,normal,baixa,3,historico feriado (poucos dados),3.0
I21LA173758,18,,feriado,0.0,0.0,0.01,0.0,0.0,normal,normal,baixa,3,historico feriado (poucos dados),3.0
I21LA173758,19,,feriado,0.0,0.0,0.01,0.0,0.0,normal,normal,baixa,3,historico feriado (poucos dados),3.0
I21LA173758,20,,feriado,0.0,0.0,0.01,0.0,0.0,normal,normal,baixa,3,historico feriado (poucos dados),3.0
I21LA173758,21,,feriado,0.0,0.0,0.01,0.0,0.0,normal,normal,baixa,3,historico feriado (poucos dados),3.0
I21LA173758,22,,feriado,0.0,0.0,0.01,0.0,0.0,normal,normal,baixa,3,historico feriado (poucos dados),3.0
I21LA173758,23,,feriado,0.0,0.0,0.01,0.0,0.0,normal,normal,baixa,3,historico feriado (poucos dados),3.0
I21LA173760,0,,feriado,0.0,0.0,0.01,0.0,0.0,normal,normal,baixa,2,historico feriado (poucos dados),3.0
I21LA173760,1,,feriado,0.0,0.0,0.01,0.0,0.0,normal,normal,baixa,3,historico feriado (poucos dados),3.0
I21LA173760,2,,feriado,0.0,0.0,0.01,0.0,0.0,normal,normal,baixa,3,historico feriado (poucos dados),3.0
I21LA173760,3,,feriado,0.0,0.0,0.01,0.0,0.0,normal,normal,baixa,3,historico feriado (poucos dados),3.0
I21LA173760,4,,feriado,0.0,0.0,0.01,0.0,0.0,normal,normal,baixa,3,historico feriado (poucos dados),3.0
I21LA173760,5,,feriado,0.0,0.0,0.01,0.0,0.0,normal,normal,baixa,3,historico feriado (poucos dados),3.0
I21LA173760,6,,feriado,0.0,0.0,0.01,0.0,0.0,normal,normal,baixa,3,historico feriado (poucos dados),3.0
I21LA173760,7,,feriado,0.0,0.0,0.01,0.0,0.0,normal,normal,baixa,3,historico feriado (poucos dados),3.0
I21LA173760,8,,feriado,0.0,0.0,0.01,0.0,0.0,normal,normal,baixa,3,historico feriado (poucos dados),3.0
I21LA173760,9,,feriado,0.0,0.0,0.01,0.0,0.0,normal,normal,baixa,3,historico feriado (poucos dados),3.0
I21LA173760,10,,feriado,0.0,0.0,0.01,0.0,0.0,normal,normal,baixa,3,historico feriado (poucos dados),3.0
I21LA173760,11,,feriado,0.0,0.0,0.01,0.0,0.0,normal,normal,baixa,3,historico feriado (poucos dados),3.0
I21LA173760,12,,feriado,0.0,0.0,0.01,0.0,0.0,normal,normal,baixa,3,historico feriado (poucos dados),3.0
I21LA173760,13,,feriado,0.0,0.0,0.01,0.0,0.0,normal,normal,baixa,3,historico feriado (poucos dados),3.0
I21LA173760,14,,feriado,0.0,0.0,0.01,0.0,0.0,normal,normal,baixa,3,historico feriado (poucos dados),3.0
I21LA173760,15,,feriado,0.0,0.0,0.01,0.0,0.0,normal,normal,baixa,3,historico feriado (poucos dados),3.0
I21LA173760,16,,feriado,0.0,0.0,0.01,0.0,0.0,normal,normal,baixa,3,historico feriado (poucos dados),3.0
I21LA173760,17,,feriado,0.0,0.0,0.01,0.0,0.0,normal,normal,baixa,3,historico feriado (poucos dados),3.0
I21LA173760,18,,feriado,0.0,0.0,0.01,0.0,0.0,normal,normal,baixa,3,historico feriado (poucos dados),3.0
I21LA173760,19,,feriado,0.0,0.0,0.01,0.0,0.0,normal,normal,baixa,3,historico feriado (poucos dados),3.0
I21LA173760,20,,feriado,0.0,0.0,0.01,0.0,0.0,normal,normal,baixa,3,historico feriado (poucos dados),3.0
I21LA173760,21,,feriado,0.0,0.0,0.01,0.0,0.0,normal,normal,baixa,2,historico feriado (poucos dados),3.0
I21LA173760,22,,feriado,0.0,0.0,0.01,0.0,0.0,normal,normal,baixa,2,historico feriado (poucos dados),3.0
I21LA173760,23,,feriado,0.0,0.0,0.01,0.0,0.0,normal,normal,baixa,2,historico feriado (poucos dados),3.0
I21LA173770,0,,feriado,0.0,0.0,0.01,0.0,0.0,normal,normal,baixa,2,historico feriado (poucos dados),3.0
I21LA173770,1,,feriado,0.0,0.0,0.01,0.0,0.0,normal,normal,baixa,3,historico feriado (poucos dados),3.0
I21LA173770,2,,feriado,0.0,0.0,0.01,0.0,0.0,normal,normal,baixa,3,historico feriado (poucos dados),3.0
I21LA173770,3,,feriado,0.0,0.0,0.01,0.0,0.0,normal,normal,baixa,3,historico feriado (poucos dados),3.0
I21LA173770,4,,feriado,0.0,0.0,0.01,0.0,0.0,normal,normal,baixa,3,historico feriado (poucos dados),3.0
I21LA173770,5,,feriado,0.0,0.0,0.01,0.0,0.0,normal,normal,baixa,3,historico feriado (poucos dados),3.0
I21LA173770,6,,feriado,0.0,0.0,0.01,0.0,0.0,normal,normal,baixa,3,historico feriado (poucos dados),3.0
I21LA173770,7,,feriado,0.0,0.0023,0.01,-0.23,-0.23,normal,normal,baixa,3,historico feriado (poucos dados),3.0
I21LA173770,8,,feriado,0.0,0.005,0.01,-0.5,-0.5,normal,normal,baixa,3,historico feriado (poucos dados),3.0
I21LA173770,9,,feriado,0.0,0.0,0.01,0.0,0.0,normal,normal,baixa,3,historico feriado (poucos dados),3.0
I21LA173770,10,,feriado,0.0,0.0,0.01,0.0,0.0,normal,normal,baixa,3,historico feriado (poucos dados),3.0
I21LA173770,11,,feriado,0.0,0.0023,0.01,-0.23,-0.23,normal,normal,baixa,3,historico feriado (poucos dados),3.0
I21LA173770,12,,feriado,0.0,0.0,0.01,0.0,0.0,normal,normal,baixa,3,historico feriado (poucos dados),3.0
I21LA173770,13,,feriado,0.0,0.0,0.01,0.0,0.0,normal,normal,baixa,3,historico feriado (poucos dados),3.0
I21LA173770,14,,feriado,0.0,0.0,0.01,0.0,0.0,normal,normal,baixa,3,historico feriado (poucos dados),3.0
I21LA173770,15,,feriado,0.0,0.0,0.01,0.0,0.0,normal,normal,baixa,3,historico feriado (poucos dados),3.0
I21LA173770,16,,feriado,0.0,0.0,0.01,0.0,0.0,normal,normal,baixa,3,historico feriado (poucos dados),3.0
I21LA173770,17,,feriado,0.0,0.0,0.01,0.0,0.0,normal,normal,baixa,3,historico feriado (poucos dados),3.0
I21LA173770,18,,feriado,0.0,0.0,0.01,0.0,0.0,normal,normal,baixa,3,historico feriado (poucos dados),3.0
I21LA173770,19,,feriado,0.0,0.0,0.01,0.0,0.0,normal,normal,baixa,3,historico feriado (poucos dados),3.0
I21LA173770,20,,feriado,0.0,0.0,0.01,0.0,0.0,normal,normal,baixa,3,historico feriado (poucos dados),3.0
I21LA173770,21,,feriado,0.0,0.0,0.01,0.0,0.0,normal,normal,baixa,3,historico feriado (poucos dados),3.0
I21LA173770,22,,feriado,0.0,0.0,0.01,0.0,0.0,normal,normal,baixa,3,historico feriado (poucos dados),3.0
I21LA173770,23,,feriado,0.0,0.0,0.01,0.0,0.0,normal,normal,baixa,3,historico feriado (poucos dados),3.0
I21LA173780,4,,feriado,0.0,0.0,0.01,-0.0,-0.0,normal,normal,baixa,27,fallback (30d recentes),3.0
I21LA173780,5,,feriado,0.0,0.0001,0.01,-0.01,-0.01,normal,normal,baixa,26,fallback (30d recentes),3.0
I21LA173780,6,,feriado,0.0,0.0,0.01,-0.0,-0.0,normal,normal,baixa,26,fallback (30d recentes),3.0
I21LA173780,7,,feriado,0.0,0.0001,0.01,-0.01,-0.01,normal,normal,baixa,26,fallback (30d recentes),3.0
I21LA173780,9,,feriado,0.0,0.0,0.01,0.0,0.0,normal,normal,baixa,3,historico feriado (poucos dados),3.0
I21LA173780,10,,feriado,0.0,0.002,0.01,-0.2,-0.2,normal,normal,baixa,3,historico feriado (poucos dados),3.0
I21LA173780,11,,feriado,0.0,0.0,0.01,0.0,0.0,normal,normal,baixa,3,historico feriado (poucos dados),3.0
I21LA173780,12,,feriado,0.0,0.0,0.01,0.0,0.0,normal,normal,baixa,3,historico feriado (poucos dados),3.0
I21LA173780,13,,feriado,0.0,0.0,0.01,0.0,0.0,normal,normal,baixa,3,historico feriado (poucos dados),3.0
I21LA173780,14,,feriado,0.0,0.0,0.01,0.0,0.0,normal,normal,baixa,3,historico feriado (poucos dados),3.0
I21LA173780,15,,feriado,0.0,0.0,0.01,0.0,0.0,normal,normal,baixa,3,historico feriado (poucos dados),3.0
I21LA173780,16,,feriado,0.0,0.0,0.01,0.0,0.0,normal,normal,baixa,3,historico feriado (poucos dados),3.0
I21LA173780,17,,feriado,0.0,0.0,0.01,0.0,0.0,normal,normal,baixa,3,historico feriado (poucos dados),3.0
I21LA173780,18,,feriado,0.0,0.0,0.01,0.0,0.0,normal,normal,baixa,3,historico feriado (poucos dados),3.0
I21LA173780,19,,feriado,0.0,0.0,0.01,0.0,0.0,normal,normal,baixa,3,historico feriado (poucos dados),3.0
I21LA173780,20,,feriado,0.0,0.0,0.01,0.0,0.0,normal,normal,baixa,3,historico feriado (poucos dados),3.0
I21LA173780,21,,feriado,0.0,0.0,0.01,0.0,0.0,normal,normal,baixa,3,historico feriado (poucos dados),3.0
I21LA173780,22,,feriado,0.0,0.0,0.01,0.0,0.0,normal,normal,baixa,3,historico feriado (poucos dados),3.0
I21LA173780,23,,feriado,0.0,0.0,0.01,0.0,0.0,normal,normal,baixa,3,historico feriado (poucos dados),3.0
I21LA173785,0,,feriado,0.0,0.0003,0.01,-0.03,-0.03,normal,normal,baixa,3,historico feriado (poucos dados),3.0
I21LA173785,1,,feriado,0.0,0.0,0.01,0.0,0.0,normal,normal,baixa,3,historico feriado (poucos dados),3.0
I21LA173785,2,,feriado,0.0,0.0,0.01,0.0,0.0,normal,normal,baixa,3,historico feriado (poucos dados),3.0
I21LA173785,3,,feriado,0.0,0.0,0.01,0.0,0.0,normal,normal,baixa,3,historico feriado (poucos dados),3.0
I21LA173785,4,,feriado,0.0,0.0,0.01,0.0,0.0,normal,normal,baixa,3,historico feriado (poucos dados),3.0
I21LA173785,5,,feriado,0.0,0.0,0.01,0.0,0.0,normal,normal,baixa,3,historico feriado (poucos dados),3.0
I21LA173785,6,,feriado,0.0,0.0,0.01,0.0,0.0,normal,normal,baixa,3,historico feriado (poucos dados),3.0
I21LA173785,7,,feriado,0.0,0.0,0.01,0.0,0.0,normal,normal,baixa,3,historico feriado (poucos dados),3.0
I21LA173785,12,,feriado,0.002,0.0,0.01,0.2,0.2,normal,normal,baixa,3,historico feriado (poucos dados),3.0
I21LA173785,13,,feriado,0.0,0.0,0.01,0.0,0.0,normal,normal,baixa,3,historico feriado (poucos dados),3.0
I21LA173785,14,,feriado,0.0,0.0003,0.01,-0.03,-0.03,normal,normal,baixa,3,historico feriado (poucos dados),3.0
I21LA173785,15,,feriado,0.0,0.0003,0.01,-0.03,-0.03,normal,normal,baixa,3,historico feriado (poucos dados),3.0
I21LA173785,16,,feriado,0.0,0.0007,0.01,-0.07,-0.07,normal,normal,baixa,3,historico feriado (poucos dados),3.0
I21LA173785,17,,feriado,0.0,0.017,0.0294,-0.58,-0.58,normal,normal,baixa,3,historico feriado (poucos dados),3.0
I21LA173785,18,,feriado,0.001,0.0,0.01,0.1,0.1,normal,normal,baixa,3,historico feriado (poucos dados),3.0
I21LA173785,19,,feriado,0.0,0.0,0.01,0.0,0.0,normal,normal,baixa,3,historico feriado (poucos dados),3.0
I21LA173785,20,,feriado,0.0,0.0,0.01,0.0,0.0,normal,normal,baixa,3,historico feriado (poucos dados),3.0
I21LA173785,21,,feriado,0.0,0.0003,0.01,-0.03,-0.03,normal,normal,baixa,3,historico feriado (poucos dados),3.0
I21LA173785,22,,feriado,0.0,0.0,0.01,0.0,0.0,normal,normal,baixa,3,historico feriado (poucos dados),3.0
I21LA173785,23,,feriado,0.0,0.0,0.01,0.0,0.0,normal,normal,baixa,3,historico feriado (poucos dados),3.0
I21LA173790,0,,feriado,0.0,0.0,0.01,0.0,0.0,normal,normal,baixa,3,historico feriado (poucos dados),3.0
I21LA173790,1,,feriado,0.0,0.0,0.01,0.0,0.0,normal,normal,baixa,3,historico feriado (poucos dados),3.0
I21LA173790,2,,feriado,0.0,0.0,0.01,0.0,0.0,normal,normal,baixa,3,historico feriado (poucos dados),3.0
I21LA173790,3,,feriado,0.0,0.0,0.01,0.0,0.0,normal,normal,baixa,3,historico feriado (poucos dados),3.0
I21LA173790,4,,feriado,0.0,0.0,0.01,0.0,0.0,normal,normal,baixa,3,historico feriado (poucos dados),3.0
I21LA173790,5,,feriado,0.0,0.0,0.01,0.0,0.0,normal,normal,baixa,3,historico feriado (poucos dados),3.0
I21LA173790,6,,feriado,0.0,0.0,0.01,0.0,0.0,normal,normal,baixa,3,historico feriado (poucos dados),3.0
I21LA173790,7,,feriado,0.0,0.0,0.01,0.0,0.0,normal,normal,baixa,3,historico feriado (poucos dados),3.0
I21LA173790,8,,feriado,0.0,0.0,0.01,0.0,0.0,normal,normal,baixa,3,historico feriado (poucos dados),3.0
I21LA173790,9,,feriado,0.0,0.0,0.01,0.0,0.0,normal,normal,baixa,3,historico feriado (poucos dados),3.0
I21LA173790,10,,feriado,0.0,0.0,0.01,0.0,0.0,normal,normal,baixa,2,historico feriado (poucos dados),3.0
I21LA173790,11,,feriado,0.0,0.001,0.01,-0.1,-0.1,normal,normal,baixa,3,historico feriado (poucos dados),3.0
I21LA173790,12,,feriado,0.0,0.0,0.01,0.0,0.0,normal,normal,baixa,3,historico feriado (poucos dados),3.0
I21LA173790,13,,feriado,0.0,0.0,0.01,0.0,0.0,normal,normal,baixa,3,historico feriado (poucos dados),3.0
I21LA173790,14,,feriado,0.0,0.0,0.01,0.0,0.0,normal,normal,baixa,3,historico feriado (poucos dados),3.0
I21LA173790,15,,feriado,0.0,0.0,0.01,0.0,0.0,normal,normal,baixa,3,historico feriado (poucos dados),3.0
I21LA173790,16,,feriado,0.0,0.0,0.01,0.0,0.0,normal,normal,baixa,3,historico feriado (poucos dados),3.0
I21LA173790,17,,feriado,0.0,0.0,0.01,0.0,0.0,normal,normal,baixa,3,historico feriado (poucos dados),3.0
I21LA173790,18,,feriado,0.0,0.0,0.01,0.0,0.0,normal,normal,baixa,3,historico feriado (poucos dados),3.0
I21LA173790,19,,feriado,0.0,0.0,0.01,0.0,0.0,normal,normal,baixa,3,historico feriado (poucos dados),3.0
I21LA173790,20,,feriado,0.0,0.0,0.01,0.0,0.0,normal,normal,baixa,3,historico feriado (poucos dados),3.0
I21LA173790,21,,feriado,0.0,0.0,0.01,0.0,0.0,normal,normal,baixa,3,historico feriado (poucos dados),3.0
I21LA173790,22,,feriado,0.0,0.0,0.01,0.0,0.0,normal,normal,baixa,2,historico feriado (poucos dados),3.0
I21LA173790,23,,feriado,0.0,0.0,0.01,0.0,0.0,normal,normal,baixa,2,historico feriado (poucos dados),3.0
I21LA173814,0,,feriado,0.0,0.0,0.01,0.0,0.0,normal,normal,baixa,3,historico feriado (poucos dados),3.0
I21LA173814,1,,feriado,0.0,0.0,0.01,0.0,0.0,normal,normal,baixa,3,historico feriado (poucos dados),3.0
I21LA173814,2,,feriado,0.0,0.0,0.01,0.0,0.0,normal,normal,baixa,3,historico feriado (poucos dados),3.0
I21LA173814,3,,feriado,0.0,0.0,0.01,0.0,0.0,normal,normal,baixa,3,historico feriado (poucos dados),3.0
I21LA173814,4,,feriado,0.0,0.0,0.01,0.0,0.0,normal,normal,baixa,3,historico feriado (poucos dados),3.0
I21LA173814,5,,feriado,0.0,0.0,0.01,0.0,0.0,normal,normal,baixa,3,historico feriado (poucos dados),3.0
I21LA173814,6,,feriado,0.0,0.0,0.01,0.0,0.0,normal,normal,baixa,3,historico feriado (poucos dados),3.0
I21LA173814,7,,feriado,0.0,0.0,0.01,0.0,0.0,normal,normal,baixa,3,historico feriado (poucos dados),3.0
I21LA173814,8,,feriado,0.0,0.0,0.01,0.0,0.0,normal,normal,baixa,3,historico feriado (poucos dados),3.0
I21LA173814,9,,feriado,0.0,0.0,0.01,0.0,0.0,normal,normal,baixa,3,historico feriado (poucos dados),3.0
I21LA173814,10,,feriado,0.0,0.0,0.01,0.0,0.0,normal,normal,baixa,3,historico feriado (poucos dados),3.0
I21LA173814,11,,feriado,0.0,0.0,0.01,0.0,0.0,normal,normal,baixa,3,historico feriado (poucos dados),3.0
I21LA173814,12,,feriado,0.0,0.0,0.01,0.0,0.0,normal,normal,baixa,3,historico feriado (poucos dados),3.0
I21LA173814,13,,feriado,0.0,0.0,0.01,0.0,0.0,normal,normal,baixa,3,historico feriado (poucos dados),3.0
I21LA173814,14,,feriado,0.0,0.0,0.01,0.0,0.0,normal,normal,baixa,3,historico feriado (poucos dados),3.0
I21LA173814,15,,feriado,0.0,0.0,0.01,0.0,0.0,normal,normal,baixa,3,historico feriado (poucos dados),3.0
I21LA173814,16,,feriado,0.0,0.0017,0.01,-0.17,-0.17,normal,normal,baixa,3,historico feriado (poucos dados),3.0
I21LA173814,17,,feriado,0.0,0.0,0.01,0.0,0.0,normal,normal,baixa,3,historico feriado (poucos dados),3.0
I21LA173814,18,,feriado,0.0,0.0,0.01,0.0,0.0,normal,normal,baixa,3,historico feriado (poucos dados),3.0
I21LA173814,19,,feriado,0.0,0.0,0.01,0.0,0.0,normal,normal,baixa,3,historico feriado (poucos dados),3.0
I21LA173814,20,,feriado,0.0,0.0,0.01,0.0,0.0,normal,normal,baixa,3,historico feriado (poucos dados),3.0
I21LA173814,21,,feriado,0.0,0.0,0.01,0.0,0.0,normal,normal,baixa,3,historico feriado (poucos dados),3.0
I21LA173814,22,,feriado,0.0,0.0,0.01,0.0,0.0,normal,normal,baixa,3,historico feriado (poucos dados),3.0
I21LA173814,23,,feriado,0.0,0.0,0.01,0.0,0.0,normal,normal,baixa,3,historico feriado (poucos dados),3.0
I21LA173852,2,,feriado,0.0,0.0,0.01,0.0,0.0,normal,normal,baixa,2,historico feriado (poucos dados),3.0
I21LA173852,3,,feriado,0.0,0.0,0.01,0.0,0.0,normal,normal,baixa,2,historico feriado (poucos dados),3.0
I21LA173852,4,,feriado,0.0,0.0,0.01,0.0,0.0,normal,normal,baixa,2,historico feriado (poucos dados),3.0
I21LA173852,5,,feriado,0.0,0.0,0.01,0.0,0.0,normal,normal,baixa,2,historico feriado (poucos dados),3.0
I21LA173852,6,,feriado,0.0,0.0,0.01,0.0,0.0,normal,normal,baixa,3,historico feriado (poucos dados),3.0
I21LA173852,7,,feriado,0.0,0.0,0.01,0.0,0.0,normal,normal,baixa,3,historico feriado (poucos dados),3.0
I21LA173852,8,,feriado,0.0,0.0,0.01,0.0,0.0,normal,normal,baixa,3,historico feriado (poucos dados),3.0
I21LA173852,9,,feriado,0.0,0.0,0.01,0.0,0.0,normal,normal,baixa,3,historico feriado (poucos dados),3.0
I21LA173852,10,,feriado,0.0,0.0,0.01,0.0,0.0,normal,normal,baixa,3,historico feriado (poucos dados),3.0
I21LA173852,11,,feriado,0.0,0.0,0.01,0.0,0.0,normal,normal,baixa,3,historico feriado (poucos dados),3.0
I21LA173852,12,,feriado,0.0,0.0,0.01,0.0,0.0,normal,normal,baixa,3,historico feriado (poucos dados),3.0
I21LA173852,13,,feriado,0.0,0.0,0.01,0.0,0.0,normal,normal,baixa,3,historico feriado (poucos dados),3.0
I21LA173852,14,,feriado,0.0,0.0,0.01,0.0,0.0,normal,normal,baixa,3,historico feriado (poucos dados),3.0
I21LA173852,15,,feriado,0.0,0.0,0.01,0.0,0.0,normal,normal,baixa,3,historico feriado (poucos dados),3.0
I21LA173852,16,,feriado,0.0,0.0,0.01,0.0,0.0,normal,normal,baixa,3,historico feriado (poucos dados),3.0
I21LA173852,17,,feriado,0.0,0.0,0.01,0.0,0.0,normal,normal,baixa,3,historico feriado (poucos dados),3.0
I21LA173852,18,,feriado,0.0,0.0,0.01,0.0,0.0,normal,normal,baixa,3,historico feriado (poucos dados),3.0
I21LA173852,19,,feriado,0.0,0.0,0.01,0.0,0.0,normal,normal,baixa,3,historico feriado (poucos dados),3.0
I21LA173852,20,,feriado,0.0,0.0,0.01,0.0,0.0,normal,normal,baixa,3,historico feriado (poucos dados),3.0
I21LA173852,21,,feriado,0.0,0.0,0.01,0.0,0.0,normal,normal,baixa,3,historico feriado (poucos dados),3.0
I21LA173852,22,,feriado,0.0,0.0,0.01,0.0,0.0,normal,normal,baixa,3,historico feriado (poucos dados),3.0
I21LA173852,23,,feriado,0.0,0.0,0.01,0.0,0.0,normal,normal,baixa,3,historico feriado (poucos dados),3.0
I21LA173859,0,,feriado,0.0,0.0,0.01,0.0,0.0,normal,normal,baixa,3,historico feriado (poucos dados),3.0
I21LA173859,1,,feriado,0.0,0.0,0.01,0.0,0.0,normal,normal,baixa,3,historico feriado (poucos dados),3.0
I21LA173859,2,,feriado,0.0,0.0,0.01,0.0,0.0,normal,normal,baixa,2,historico feriado (poucos dados),3.0
I21LA173859,3,,feriado,0.0,0.0,0.01,0.0,0.0,normal,normal,baixa,2,historico feriado (poucos dados),3.0
I21LA173859,4,,feriado,0.0,0.0,0.01,0.0,0.0,normal,normal,baixa,2,historico feriado (poucos dados),3.0
I21LA173859,5,,feriado,0.0,0.0,0.01,0.0,0.0,normal,normal,baixa,2,historico feriado (poucos dados),3.0
I21LA173859,6,,feriado,0.0,0.0,0.01,0.0,0.0,normal,normal,baixa,3,historico feriado (poucos dados),3.0
I21LA173859,7,,feriado,0.0,0.0,0.01,0.0,0.0,normal,normal,baixa,3,historico feriado (poucos dados),3.0
I21LA173859,8,,feriado,0.0,0.0,0.01,0.0,0.0,normal,normal,baixa,3,historico feriado (poucos dados),3.0
I21LA173859,9,,feriado,0.0,0.0,0.01,0.0,0.0,normal,normal,baixa,3,historico feriado (poucos dados),3.0
I21LA173859,10,,feriado,0.0,0.0,0.01,0.0,0.0,normal,normal,baixa,2,historico feriado (poucos dados),3.0
I21LA173859,11,,feriado,0.0,0.0,0.01,0.0,0.0,normal,normal,baixa,2,historico feriado (poucos dados),3.0
I21LA173859,12,,feriado,0.0,0.0,0.01,0.0,0.0,normal,normal,baixa,2,historico feriado (poucos dados),3.0
I21LA173859,13,,feriado,0.0,0.0,0.01,0.0,0.0,normal,normal,baixa,2,historico feriado (poucos dados),3.0
I21LA173859,14,,feriado,0.0,0.0,0.01,0.0,0.0,normal,normal,baixa,3,historico feriado (poucos dados),3.0
I21LA173859,15,,feriado,0.0,0.0,0.01,0.0,0.0,normal,normal,baixa,3,historico feriado (poucos dados),3.0
I21LA173859,16,,feriado,0.0,0.0,0.01,0.0,0.0,normal,normal,baixa,3,historico feriado (poucos dados),3.0
I21LA173859,17,,feriado,0.0,0.0,0.01,0.0,0.0,normal,normal,baixa,3,historico feriado (poucos dados),3.0
I21LA173859,18,,feriado,0.0,0.0,0.01,0.0,0.0,normal,normal,baixa,3,historico feriado (poucos dados),3.0
I21LA173859,19,,feriado,0.0,0.0,0.01,0.0,0.0,normal,normal,baixa,3,historico feriado (poucos dados),3.0
I21LA173859,20,,feriado,0.0,0.0,0.01,0.0,0.0,normal,normal,baixa,3,historico feriado (poucos dados),3.0
I21LA173859,21,,feriado,0.0,0.0,0.01,0.0,0.0,normal,normal,baixa,3,historico feriado (poucos dados),3.0
I21LA173876,0,,feriado,0.0,0.0,0.01,0.0,0.0,normal,normal,baixa,3,historico feriado (poucos dados),3.0
I21LA173876,1,,feriado,0.0,0.0,0.01,0.0,0.0,normal,normal,baixa,3,historico feriado (poucos dados),3.0
I21LA173876,6,,feriado,0.0,0.0,0.01,0.0,0.0,normal,normal,baixa,3,historico feriado (poucos dados),3.0
I21LA173876,7,,feriado,0.0,0.0,0.01,0.0,0.0,normal,normal,baixa,3,historico feriado (poucos dados),3.0
I21LA173876,8,,feriado,0.0,0.0,0.01,0.0,0.0,normal,normal,baixa,3,historico feriado (poucos dados),3.0
I21LA173876,9,,feriado,0.0,0.0,0.01,0.0,0.0,normal,normal,baixa,3,historico feriado (poucos dados),3.0
I21LA173876,10,,feriado,0.0,0.0,0.01,0.0,0.0,normal,normal,baixa,3,historico feriado (poucos dados),3.0
I21LA173876,11,,feriado,0.0,0.0,0.01,0.0,0.0,normal,normal,baixa,3,historico feriado (poucos dados),3.0
I21LA173876,12,,feriado,0.0,0.0,0.01,0.0,0.0,normal,normal,baixa,3,historico feriado (poucos dados),3.0
I21LA173876,13,,feriado,0.0,0.0,0.01,0.0,0.0,normal,normal,baixa,3,historico feriado (poucos dados),3.0
I21LA173876,14,,feriado,0.0,0.0,0.01,0.0,0.0,normal,normal,baixa,3,historico feriado (poucos dados),3.0
I21LA173876,15,,feriado,0.0,0.0,0.01,0.0,0.0,normal,normal,baixa,3,historico feriado (poucos dados),3.0
I21LA173876,16,,feriado,0.0,0.0,0.01,0.0,0.0,normal,normal,baixa,3,historico feriado (poucos dados),3.0
I21LA173876,17,,feriado,0.0,0.0,0.01,0.0,0.0,normal,normal,baixa,3,historico feriado (poucos dados),3.0
I21LA173876,18,,feriado,0.0,0.0,0.01,0.0,0.0,normal,normal,baixa,3,historico feriado (poucos dados),3.0
I21LA173876,19,,feriado,0.0,0.0,0.01,0.0,0.0,normal,normal,baixa,3,historico feriado (poucos dados),3.0
I21LA173876,20,,feriado,0.0,0.0,0.01,0.0,0.0,normal,normal,baixa,3,historico feriado (poucos dados),3.0
I21LA173876,21,,feriado,0.0,0.0,0.01,0.0,0.0,normal,normal,baixa,3,historico feriado (poucos dados),3.0
I21LA173876,23,,feriado,0.0,0.0,0.01,0.0,0.0,normal,normal,baixa,3,historico feriado (poucos dados),3.0
I21LA173877,0,,feriado,0.0,0.0,0.01,0.0,0.0,normal,normal,baixa,3,historico feriado (poucos dados),3.0
I21LA173877,1,,feriado,0.0,0.0,0.01,0.0,0.0,normal,normal,baixa,3,historico feriado (poucos dados),3.0
I21LA173877,2,,feriado,0.0,0.0,0.01,0.0,0.0,normal,normal,baixa,3,historico feriado (poucos dados),3.0
I21LA173877,3,,feriado,0.0,0.0,0.01,0.0,0.0,normal,normal,baixa,3,historico feriado (poucos dados),3.0
I21LA173877,4,,feriado,0.0,0.0,0.01,0.0,0.0,normal,normal,baixa,3,historico feriado (poucos dados),3.0
I21LA173877,5,,feriado,0.0,0.0,0.01,0.0,0.0,normal,normal,baixa,3,historico feriado (poucos dados),3.0
I21LA173877,10,,feriado,0.0,0.0,0.01,0.0,0.0,normal,normal,baixa,2,historico feriado (poucos dados),3.0
I21LA173877,11,,feriado,0.0,0.0,0.01,0.0,0.0,normal,normal,baixa,2,historico feriado (poucos dados),3.0
I21LA173877,12,,feriado,0.0,0.0,0.01,0.0,0.0,normal,normal,baixa,2,historico feriado (poucos dados),3.0
I21LA173877,13,,feriado,0.0,0.0,0.01,0.0,0.0,normal,normal,baixa,2,historico feriado (poucos dados),3.0
I21LA173877,14,,feriado,0.0,0.0,0.01,0.0,0.0,normal,normal,baixa,3,historico feriado (poucos dados),3.0
I21LA173877,15,,feriado,0.0,0.0,0.01,0.0,0.0,normal,normal,baixa,3,historico feriado (poucos dados),3.0
I21LA173877,16,,feriado,0.0,0.0,0.01,0.0,0.0,normal,normal,baixa,3,historico feriado (poucos dados),3.0
I21LA173877,17,,feriado,0.0,0.0,0.01,0.0,0.0,normal,normal,baixa,3,historico feriado (poucos dados),3.0
I21LA173877,18,,feriado,0.0,0.0,0.01,0.0,0.0,normal,normal,baixa,2,historico feriado (poucos dados),3.0
I21LA173877,19,,feriado,0.0,0.0,0.01,0.0,0.0,normal,normal,baixa,2,historico feriado (poucos dados),3.0
I21LA173877,20,,feriado,0.0,0.0,0.01,0.0,0.0,normal,normal,baixa,2,historico feriado (poucos dados),3.0
I21LA173877,21,,feriado,0.0,0.0,0.01,0.0,0.0,normal,normal,baixa,2,historico feriado (poucos dados),3.0
I21LA173999,0,,feriado,0.0,0.0,0.01,0.0,0.0,normal,normal,baixa,3,historico feriado (poucos dados),3.0
I21LA173999,1,,feriado,0.0,0.0,0.01,0.0,0.0,normal,normal,baixa,3,historico feriado (poucos dados),3.0
I21LA173999,2,,feriado,0.0,0.0,0.01,0.0,0.0,normal,normal,baixa,3,historico feriado (poucos dados),3.0
I21LA173999,3,,feriado,0.0,0.0,0.01,0.0,0.0,normal,normal,baixa,3,historico feriado (poucos dados),3.0
I21LA173999,4,,feriado,0.0,0.0,0.01,0.0,0.0,normal,normal,baixa,3,historico feriado (poucos dados),3.0
I21LA173999,5,,feriado,0.0,0.0,0.01,0.0,0.0,normal,normal,baixa,3,historico feriado (poucos dados),3.0
I21LA173999,6,,feriado,0.0,0.0,0.01,0.0,0.0,normal,normal,baixa,3,historico feriado (poucos dados),3.0
I21LA173999,7,,feriado,0.0,0.0,0.01,0.0,0.0,normal,normal,baixa,3,historico feriado (poucos dados),3.0
I21LA173999,8,,feriado,0.0,0.0,0.01,0.0,0.0,normal,normal,baixa,3,historico feriado (poucos dados),3.0
I21LA173999,9,,feriado,0.0,0.02,0.0584,-0.34,-0.34,normal,normal,baixa,22,fallback (30d recentes),3.0
I21LA173999,10,,feriado,0.0,0.0082,0.0186,-0.44,-0.44,normal,normal,baixa,22,fallback (30d recentes),3.0
I21LA173999,11,,feriado,0.0,0.0085,0.0192,-0.44,-0.44,normal,normal,baixa,22,fallback (30d recentes),3.0
I21LA173999,12,,feriado,0.0,0.0087,0.0194,-0.45,-0.45,normal,normal,baixa,22,fallback (30d recentes),3.0
I21LA173999,13,,feriado,0.0,0.0,0.01,0.0,0.0,normal,normal,baixa,3,historico feriado (poucos dados),3.0
I21LA173999,14,,feriado,0.0,0.0,0.01,0.0,0.0,normal,normal,baixa,3,historico feriado (poucos dados),3.0
I21LA173999,15,,feriado,0.0,0.0,0.01,0.0,0.0,normal,normal,baixa,3,historico feriado (poucos dados),3.0
I21LA173999,16,,feriado,0.0,0.0,0.01,0.0,0.0,normal,normal,baixa,3,historico feriado (poucos dados),3.0
I21LA173999,17,,feriado,0.0,0.0,0.01,0.0,0.0,normal,normal,baixa,2,historico feriado (poucos dados),3.0
I21LA173999,18,,feriado,0.0,0.0,0.01,0.0,0.0,normal,normal,baixa,2,historico feriado (poucos dados),3.0
I21LA173999,19,,feriado,0.0,0.0025,0.01,-0.25,-0.25,normal,normal,baixa,2,historico feriado (poucos dados),3.0
I21LA173999,20,,feriado,0.0,0.0,0.01,0.0,0.0,normal,normal,baixa,2,historico feriado (poucos dados),3.0
I21LA173999,21,,feriado,0.0,0.0,0.01,0.0,0.0,normal,normal,baixa,3,historico feriado (poucos dados),3.0
I21LA173999,22,,feriado,0.0,0.0,0.01,0.0,0.0,normal,normal,baixa,3,historico feriado (poucos dados),3.0
I21LA173999,23,,feriado,0.0,0.0,0.01,0.0,0.0,normal,normal,baixa,3,historico feriado (poucos dados),3.0
I21LA174020,0,,feriado,0.0,0.0,0.01,0.0,0.0,normal,normal,baixa,3,historico feriado (poucos dados),3.0
I21LA174020,1,,feriado,0.0,0.0,0.01,0.0,0.0,normal,normal,baixa,3,historico feriado (poucos dados),3.0
I21LA174020,2,,feriado,0.0,0.0,0.01,0.0,0.0,normal,normal,baixa,3,historico feriado (poucos dados),3.0
I21LA174020,3,,feriado,0.0,0.0,0.01,0.0,0.0,normal,normal,baixa,3,historico feriado (poucos dados),3.0
I21LA174020,8,,feriado,0.0,0.0,0.01,0.0,0.0,normal,normal,baixa,3,historico feriado (poucos dados),3.0
I21LA174020,9,,feriado,0.0,0.0033,0.01,-0.33,-0.33,normal,normal,baixa,3,historico feriado (poucos dados),3.0
I21LA174020,10,,feriado,0.0,0.0,0.01,0.0,0.0,normal,normal,baixa,3,historico feriado (poucos dados),3.0
I21LA174020,11,,feriado,0.0,0.0,0.01,0.0,0.0,normal,normal,baixa,3,historico feriado (poucos dados),3.0
I21LA174020,12,,feriado,0.0,0.0003,0.01,-0.03,-0.03,normal,normal,baixa,3,historico feriado (poucos dados),3.0
I21LA174020,13,,feriado,0.0,0.0,0.01,0.0,0.0,normal,normal,baixa,3,historico feriado (poucos dados),3.0
I21LA174020,14,,feriado,0.0,0.0,0.01,0.0,0.0,normal,normal,baixa,3,historico feriado (poucos dados),3.0
I21LA174020,15,,feriado,0.0,0.0,0.01,0.0,0.0,normal,normal,baixa,3,historico feriado (poucos dados),3.0
I21LA174020,16,,feriado,0.0,0.0,0.01,0.0,0.0,normal,normal,baixa,3,historico feriado (poucos dados),3.0
I21LA174020,17,,feriado,0.0,0.0,0.01,0.0,0.0,normal,normal,baixa,3,historico feriado (poucos dados),3.0
I21LA174020,18,,feriado,0.0,0.0,0.01,0.0,0.0,normal,normal,baixa,3,historico feriado (poucos dados),3.0
I21LA174020,19,,feriado,0.0,0.0,0.01,0.0,0.0,normal,normal,baixa,3,historico feriado (poucos dados),3.0
I21LA174020,20,,feriado,0.0,0.0,0.01,0.0,0.0,normal,normal,baixa,3,historico feriado (poucos dados),3.0
I21LA174020,21,,feriado,0.0,0.0,0.01,0.0,0.0,normal,normal,baixa,3,historico feriado (poucos dados),3.0
I21LA174020,22,,feriado,0.0,0.0,0.01,0.0,0.0,normal,normal,baixa,3,historico feriado (poucos dados),3.0
I21LA174020,23,,feriado,0.0,0.0,0.01,0.0,0.0,normal,normal,baixa,3,historico feriado (poucos dados),3.0
I21LA180227,0,,feriado,0.0,0.0,0.01,0.0,0.0,normal,normal,baixa,3,historico feriado (poucos dados),3.0
I21LA180227,1,,feriado,0.0,0.0,0.01,0.0,0.0,normal,normal,baixa,3,historico feriado (poucos dados),3.0
I21LA180227,2,,feriado,0.0,0.0,0.01,0.0,0.0,normal,normal,baixa,3,historico feriado (poucos dados),3.0
I21LA180227,3,,feriado,0.0,0.0,0.01,0.0,0.0,normal,normal,baixa,3,historico feriado (poucos dados),3.0
I21LA180227,4,,feriado,0.0,0.0,0.01,0.0,0.0,normal,normal,baixa,3,historico feriado (poucos dados),3.0
I21LA180227,5,,feriado,0.0,0.0,0.01,0.0,0.0,normal,normal,baixa,3,historico feriado (poucos dados),3.0
I21LA180227,6,,feriado,0.0,0.0,0.01,0.0,0.0,normal,normal,baixa,3,historico feriado (poucos dados),3.0
I21LA180227,7,,feriado,0.0,0.0,0.01,0.0,0.0,normal,normal,baixa,3,historico feriado (poucos dados),3.0
I21LA180227,8,,feriado,0.0,0.0,0.01,0.0,0.0,normal,normal,baixa,3,historico feriado (poucos dados),3.0
I21LA180227,9,,feriado,0.0,0.0,0.01,0.0,0.0,normal,normal,baixa,3,historico feriado (poucos dados),3.0
I21LA180227,10,,feriado,0.0,0.0,0.01,0.0,0.0,normal,normal,baixa,2,historico feriado (poucos dados),3.0
I21LA180227,11,,feriado,0.0,0.0,0.01,0.0,0.0,normal,normal,baixa,3,historico feriado (poucos dados),3.0
I21LA180227,12,,feriado,0.0,0.0,0.01,0.0,0.0,normal,normal,baixa,3,historico feriado (poucos dados),3.0
I21LA180227,13,,feriado,0.0,0.0,0.01,0.0,0.0,normal,normal,baixa,3,historico feriado (poucos dados),3.0
I21LA180227,14,,feriado,0.0,0.0,0.01,0.0,0.0,normal,normal,baixa,3,historico feriado (poucos dados),3.0
I21LA180227,15,,feriado,0.0,0.0,0.01,0.0,0.0,normal,normal,baixa,3,historico feriado (poucos dados),3.0
I21LA180227,16,,feriado,0.0,0.0,0.01,0.0,0.0,normal,normal,baixa,3,historico feriado (poucos dados),3.0
I21LA180227,17,,feriado,0.0,0.0,0.01,0.0,0.0,normal,normal,baixa,3,historico feriado (poucos dados),3.0
I21LA180227,18,,feriado,0.0,0.0,0.01,0.0,0.0,normal,normal,baixa,3,historico feriado (poucos dados),3.0
I21LA180227,19,,feriado,0.0,0.0,0.01,0.0,0.0,normal,normal,baixa,3,historico feriado (poucos dados),3.0
I21LA180227,20,,feriado,0.0,0.0,0.01,0.0,0.0,normal,normal,baixa,3,historico feriado (poucos dados),3.0
I21LA180227,21,,feriado,0.0,0.0,0.01,0.0,0.0,normal,normal,baixa,3,historico feriado (poucos dados),3.0
I21LA180227,22,,feriado,0.0,0.0,0.01,0.0,0.0,normal,normal,baixa,3,historico feriado (poucos dados),3.0
I21LA180227,23,,feriado,0.0,0.0,0.01,0.0,0.0,normal,normal,baixa,3,historico feriado (poucos dados),3.0
I21LA182611,0,,feriado,0.0,0.0,0.01,0.0,0.0,normal,normal,baixa,3,historico feriado (poucos dados),3.0
I21LA183439,0,,feriado,0.035,0.02,0.01,1.5,1.5,normal,normal,baixa,3,historico feriado (poucos dados),3.0
I21LA183439,1,,feriado,0.034,0.02,0.01,1.4,1.4,normal,normal,baixa,3,historico feriado (poucos dados),3.0
I21LA183439,2,,feriado,0.035,0.019,0.01,1.6,1.6,normal,normal,baixa,3,historico feriado (poucos dados),3.0
I21LA183439,3,,feriado,0.034,0.0193,0.01,1.47,1.47,normal,normal,baixa,3,historico feriado (poucos dados),3.0
I21LA183439,4,,feriado,0.034,0.0197,0.01,1.43,1.43,normal,normal,baixa,3,historico feriado (poucos dados),3.0
I21LA183439,5,,feriado,0.034,0.019,0.01,1.5,1.5,normal,normal,baixa,3,historico feriado (poucos dados),3.0
I21LA183439,6,,feriado,0.034,0.0193,0.01,1.47,1.47,normal,normal,baixa,3,historico feriado (poucos dados),3.0
I21LA183439,7,,feriado,0.034,0.019,0.01,1.5,1.5,normal,normal,baixa,3,historico feriado (poucos dados),3.0
I21LA183439,8,,feriado,0.033,0.019,0.01,1.4,1.4,normal,normal,baixa,3,historico feriado (poucos dados),3.0
I21LA183439,9,,feriado,0.034,0.0187,0.01,1.53,1.53,normal,normal,baixa,3,historico feriado (poucos dados),3.0
I21LA183439,10,,feriado,0.034,0.0193,0.01,1.47,1.47,normal,normal,baixa,3,historico feriado (poucos dados),3.0
I21LA183439,11,,feriado,0.033,0.0183,0.01,1.47,1.47,normal,normal,baixa,3,historico feriado (poucos dados),3.0
I21LA183439,12,,feriado,0.033,0.0193,0.01,1.37,1.37,normal,normal,baixa,3,historico feriado (poucos dados),3.0
I21LA183439,13,,feriado,0.034,0.0187,0.01,1.53,1.53,normal,normal,baixa,3,historico feriado (poucos dados),3.0
I21LA183439,14,,feriado,0.033,0.019,0.01,1.4,1.4,normal,normal,baixa,3,historico feriado (poucos dados),3.0
I21LA183439,15,,feriado,0.034,0.0187,0.01,1.53,1.53,normal,normal,baixa,3,historico feriado (poucos dados),3.0
I21LA183439,16,,feriado,0.033,0.0183,0.01,1.47,1.47,normal,normal,baixa,3,historico feriado (poucos dados),3.0
I21LA183439,17,,feriado,0.033,0.019,0.01,1.4,1.4,normal,normal,baixa,3,historico feriado (poucos dados),3.0
I21LA183439,18,,feriado,0.033,0.0183,0.01,1.47,1.47,normal,normal,baixa,3,historico feriado (poucos dados),3.0
I21LA183439,19,,feriado,0.033,0.0187,0.01,1.43,1.43,normal,normal,baixa,3,historico feriado (poucos dados),3.0
I21LA183439,20,,feriado,0.033,0.0187,0.01,1.43,1.43,normal,normal,baixa,3,historico feriado (poucos dados),3.0
I21LA183439,21,,feriado,0.033,0.0183,0.01,1.47,1.47,normal,normal,baixa,3,historico feriado (poucos dados),3.0
I21LA183439,22,,feriado,0.033,0.0187,0.01,1.43,1.43,normal,normal,baixa,3,historico feriado (poucos dados),3.0
I21LA183439,23,,feriado,0.033,0.0187,0.01,1.43,1.43,normal,normal,baixa,3,historico feriado (poucos dados),3.0
I21LA184421,0,,feriado,0.0,0.0,0.01,0.0,0.0,normal,normal,baixa,3,historico feriado (poucos dados),3.0
I21LA184421,1,,feriado,0.0,0.0,0.01,0.0,0.0,normal,normal,baixa,3,historico feriado (poucos dados),3.0
I21LA184421,2,,feriado,0.0,0.0,0.01,0.0,0.0,normal,normal,baixa,3,historico feriado (poucos dados),3.0
I21LA184421,3,,feriado,0.0,0.0,0.01,0.0,0.0,normal,normal,baixa,3,historico feriado (poucos dados),3.0
I21LA184421,4,,feriado,0.0,0.0,0.01,0.0,0.0,normal,normal,baixa,3,historico feriado (poucos dados),3.0
I21LA184421,5,,feriado,0.0,0.0,0.01,0.0,0.0,normal,normal,baixa,3,historico feriado (poucos dados),3.0
I21LA184421,6,,feriado,0.0,0.0,0.01,0.0,0.0,normal,normal,baixa,3,historico feriado (poucos dados),3.0
I21LA184421,7,,feriado,0.0,0.0,0.01,0.0,0.0,normal,normal,baixa,3,historico feriado (poucos dados),3.0
I21LA184421,8,,feriado,0.001,0.0017,0.01,-0.07,-0.07,normal,normal,baixa,3,historico feriado (poucos dados),3.0
I21LA184421,9,,feriado,0.008,0.0013,0.01,0.67,0.67,normal,normal,baixa,3,historico feriado (poucos dados),3.0
I21LA184421,10,,feriado,0.003,0.0053,0.01,-0.23,-0.23,normal,normal,baixa,3,historico feriado (poucos dados),3.0
I21LA184421,15,,feriado,0.014,0.003,0.01,1.1,1.1,normal,normal,baixa,3,historico feriado (poucos dados),3.0
I21LA184421,16,,feriado,0.011,0.0087,0.01,0.23,0.23,normal,normal,baixa,3,historico feriado (poucos dados),3.0
I21LA184421,17,,feriado,0.008,0.009,0.01,-0.1,-0.1,normal,normal,baixa,3,historico feriado (poucos dados),3.0
I21LA184421,18,,feriado,0.005,0.0083,0.01,-0.33,-0.33,normal,normal,baixa,3,historico feriado (poucos dados),3.0
I21LA184421,19,,feriado,0.0,0.0017,0.01,-0.17,-0.17,normal,normal,baixa,3,historico feriado (poucos dados),3.0
I21LA184421,20,,feriado,0.0,0.002,0.01,-0.2,-0.2,normal,normal,baixa,3,historico feriado (poucos dados),3.0
I21LA184421,21,,feriado,0.0,0.0,0.01,0.0,0.0,normal,normal,baixa,3,historico feriado (poucos dados),3.0
I21LA184421,22,,feriado,0.0,0.0,0.01,0.0,0.0,normal,normal,baixa,3,historico feriado (poucos dados),3.0
I21LA184421,23,,feriado,0.001,0.0,0.01,0.1,0.1,normal,normal,baixa,3,historico feriado (poucos dados),3.0
I21LA184424,0,,feriado,0.0,0.0,0.01,0.0,0.0,normal,normal,baixa,3,historico feriado (poucos dados),3.0
I21LA184424,1,,feriado,0.0,0.0,0.01,0.0,0.0,normal,normal,baixa,3,historico feriado (poucos dados),3.0
I21LA184424,2,,feriado,0.0,0.0,0.01,0.0,0.0,normal,normal,baixa,3,historico feriado (poucos dados),3.0
I21LA184424,3,,feriado,0.0,0.0,0.01,0.0,0.0,normal,normal,baixa,3,historico feriado (poucos dados),3.0
I21LA184424,4,,feriado,0.0,0.0,0.01,0.0,0.0,normal,normal,baixa,2,historico feriado (poucos dados),3.0
I21LA184424,5,,feriado,0.0,0.0,0.01,0.0,0.0,normal,normal,baixa,2,historico feriado (poucos dados),3.0
I21LA184424,6,,feriado,0.0,0.0,0.01,0.0,0.0,normal,normal,baixa,2,historico feriado (poucos dados),3.0
I21LA184424,7,,feriado,0.0,0.0,0.01,0.0,0.0,normal,normal,baixa,2,historico feriado (poucos dados),3.0
I21LA184424,8,,feriado,0.0,0.0,0.01,0.0,0.0,normal,normal,baixa,24,fallback (30d recentes),3.0
I21LA184424,9,,feriado,0.0,0.0,0.01,0.0,0.0,normal,normal,baixa,24,fallback (30d recentes),3.0
I21LA184424,10,,feriado,0.0,0.0003,0.01,-0.03,-0.03,normal,normal,baixa,24,fallback (30d recentes),3.0
I21LA184424,11,,feriado,0.0,0.0,0.01,0.0,0.0,normal,normal,baixa,24,fallback (30d recentes),3.0
I21LA184424,12,,feriado,0.0,0.0,0.01,0.0,0.0,normal,normal,baixa,2,historico feriado (poucos dados),3.0
I21LA184424,13,,feriado,0.0,0.0,0.01,0.0,0.0,normal,normal,baixa,2,historico feriado (poucos dados),3.0
I21LA184424,14,,feriado,0.0,0.0,0.01,0.0,0.0,normal,normal,baixa,2,historico feriado (poucos dados),3.0
I21LA184424,15,,feriado,0.0,0.0,0.01,0.0,0.0,normal,normal,baixa,2,historico feriado (poucos dados),3.0
I21LA184424,16,,feriado,0.008,0.0,0.01,0.8,0.8,normal,normal,baixa,2,historico feriado (poucos dados),3.0
I21LA184424,17,,feriado,0.0,0.0,0.01,0.0,0.0,normal,normal,baixa,2,historico feriado (poucos dados),3.0
I21LA184424,18,,feriado,0.0,0.0,0.01,0.0,0.0,normal,normal,baixa,2,historico feriado (poucos dados),3.0
I21LA184424,19,,feriado,0.0,0.0,0.01,0.0,0.0,normal,normal,baixa,2,historico feriado (poucos dados),3.0
I21LA184424,20,,feriado,0.0,0.0,0.01,0.0,0.0,normal,normal,baixa,22,fallback (30d recentes),3.0
I21LA184424,21,,feriado,0.0,0.0,0.01,0.0,0.0,normal,normal,baixa,22,fallback (30d recentes),3.0
I21LA184424,22,,feriado,0.0,0.0,0.01,0.0,0.0,normal,normal,baixa,22,fallback (30d recentes),3.0
I21LA184424,23,,feriado,0.0,0.0,0.01,-0.0,-0.0,normal,normal,baixa,22,fallback (30d recentes),3.0
I21LA184504,0,,feriado,0.0,0.0,0.01,0.0,0.0,normal,normal,baixa,3,historico feriado (poucos dados),3.0
I21LA184504,1,,feriado,0.0,0.0,0.01,0.0,0.0,normal,normal,baixa,3,historico feriado (poucos dados),3.0
I21LA184504,2,,feriado,0.0,0.0,0.01,0.0,0.0,normal,normal,baixa,3,historico feriado (poucos dados),3.0
I21LA184504,3,,feriado,0.0,0.0,0.01,0.0,0.0,normal,normal,baixa,3,historico feriado (poucos dados),3.0
I21LA184504,4,,feriado,0.0,0.0,0.01,0.0,0.0,normal,normal,baixa,3,historico feriado (poucos dados),3.0
I21LA184504,5,,feriado,0.0,0.0,0.01,0.0,0.0,normal,normal,baixa,3,historico feriado (poucos dados),3.0
I21LA184504,6,,feriado,0.0,0.0,0.01,0.0,0.0,normal,normal,baixa,3,historico feriado (poucos dados),3.0
I21LA184504,7,,feriado,0.0,0.0,0.01,0.0,0.0,normal,normal,baixa,3,historico feriado (poucos dados),3.0
I21LA184504,8,,feriado,0.0,0.0,0.01,0.0,0.0,normal,normal,baixa,3,historico feriado (poucos dados),3.0
I21LA184504,9,,feriado,0.0,0.0,0.01,0.0,0.0,normal,normal,baixa,2,historico feriado (poucos dados),3.0
I21LA184504,10,,feriado,0.0,0.0,0.01,0.0,0.0,normal,normal,baixa,2,historico feriado (poucos dados),3.0
I21LA184504,11,,feriado,0.0,0.0,0.01,0.0,0.0,normal,normal,baixa,2,historico feriado (poucos dados),3.0
I21LA184504,12,,feriado,0.0,0.0,0.01,0.0,0.0,normal,normal,baixa,2,historico feriado (poucos dados),3.0
I21LA184504,13,,feriado,0.0,0.0,0.01,0.0,0.0,normal,normal,baixa,3,historico feriado (poucos dados),3.0
I21LA184504,14,,feriado,0.0,0.0,0.01,0.0,0.0,normal,normal,baixa,3,historico feriado (poucos dados),3.0
I21LA184504,15,,feriado,0.0,0.0,0.01,0.0,0.0,normal,normal,baixa,3,historico feriado (poucos dados),3.0
I21LA184504,16,,feriado,0.0,0.0,0.01,0.0,0.0,normal,normal,baixa,3,historico feriado (poucos dados),3.0
I21LA184504,17,,feriado,0.008,0.0,0.01,0.8,0.8,normal,normal,baixa,3,historico feriado (poucos dados),3.0
I21LA184504,18,,feriado,0.0,0.0,0.01,0.0,0.0,normal,normal,baixa,3,historico feriado (poucos dados),3.0
I21LA184504,19,,feriado,0.0,0.0,0.01,0.0,0.0,normal,normal,baixa,3,historico feriado (poucos dados),3.0
I21LA184504,20,,feriado,0.0,0.0,0.01,0.0,0.0,normal,normal,baixa,3,historico feriado (poucos dados),3.0
I21LA184504,21,,feriado,0.0,0.0,0.01,0.0,0.0,normal,normal,baixa,3,historico feriado (poucos dados),3.0
I21LA184504,22,,feriado,0.0,0.0,0.01,0.0,0.0,normal,normal,baixa,3,historico feriado (poucos dados),3.0
I21LA184504,23,,feriado,0.0,0.0,0.01,0.0,0.0,normal,normal,baixa,3,historico feriado (poucos dados),3.0
I21LA184517,0,,feriado,0.0,0.0,0.01,0.0,0.0,normal,normal,baixa,3,historico feriado (poucos dados),3.0
I21LA184517,1,,feriado,0.0,0.0,0.01,0.0,0.0,normal,normal,baixa,3,historico feriado (poucos dados),3.0
I21LA184517,2,,feriado,0.0,0.0,0.01,0.0,0.0,normal,normal,baixa,3,historico feriado (poucos dados),3.0
I21LA184517,3,,feriado,0.0,0.0,0.01,0.0,0.0,normal,normal,baixa,3,historico feriado (poucos dados),3.0
I21LA184517,4,,feriado,0.0,0.0,0.01,0.0,0.0,normal,normal,baixa,3,historico feriado (poucos dados),3.0
I21LA184517,5,,feriado,0.0,0.0,0.01,0.0,0.0,normal,normal,baixa,3,historico feriado (poucos dados),3.0
I21LA184517,6,,feriado,0.0,0.0,0.01,0.0,0.0,normal,normal,baixa,3,historico feriado (poucos dados),3.0
I21LA184517,7,,feriado,0.0,0.0,0.01,0.0,0.0,normal,normal,baixa,3,historico feriado (poucos dados),3.0
I21LA184517,8,,feriado,0.0,0.0,0.01,0.0,0.0,normal,normal,baixa,3,historico feriado (poucos dados),3.0
I21LA184517,9,,feriado,0.0,0.0,0.01,0.0,0.0,normal,normal,baixa,3,historico feriado (poucos dados),3.0
I21LA184517,10,,feriado,0.0,0.0,0.01,0.0,0.0,normal,normal,baixa,3,historico feriado (poucos dados),3.0
I21LA184517,11,,feriado,0.0,0.0,0.01,0.0,0.0,normal,normal,baixa,3,historico feriado (poucos dados),3.0
I21LA184517,12,,feriado,0.0,0.0,0.01,0.0,0.0,normal,normal,baixa,2,historico feriado (poucos dados),3.0
I21LA184517,13,,feriado,0.0,0.0,0.01,0.0,0.0,normal,normal,baixa,2,historico feriado (poucos dados),3.0
I21LA184517,14,,feriado,0.0,0.0,0.01,0.0,0.0,normal,normal,baixa,2,historico feriado (poucos dados),3.0
I21LA184517,15,,feriado,0.0,0.0,0.01,0.0,0.0,normal,normal,baixa,2,historico feriado (poucos dados),3.0
I21LA184517,16,,feriado,0.0,0.0,0.01,0.0,0.0,normal,normal,baixa,3,historico feriado (poucos dados),3.0
I21LA184517,17,,feriado,0.0,0.0,0.01,0.0,0.0,normal,normal,baixa,3,historico feriado (poucos dados),3.0
I21LA184517,18,,feriado,0.0,0.0,0.01,0.0,0.0,normal,normal,baixa,3,historico feriado (poucos dados),3.0
I21LA184517,19,,feriado,0.0,0.0,0.01,0.0,0.0,normal,normal,baixa,3,historico feriado (poucos dados),3.0
I21LA184517,20,,feriado,0.0,0.0,0.01,0.0,0.0,normal,normal,baixa,3,historico feriado (poucos dados),3.0
I21LA184517,21,,feriado,0.0,0.0,0.01,0.0,0.0,normal,normal,baixa,3,historico feriado (poucos dados),3.0
I21LA184517,22,,feriado,0.0,0.0,0.01,0.0,0.0,normal,normal,baixa,3,historico feriado (poucos dados),3.0
I21LA184517,23,,feriado,0.0,0.0,0.01,0.0,0.0,normal,normal,baixa,3,historico feriado (poucos dados),3.0
I21LA185911,0,,feriado,0.0,0.0,0.01,0.0,0.0,normal,normal,baixa,3,historico feriado (poucos dados),3.0
I21LA185911,1,,feriado,0.0,0.0,0.01,0.0,0.0,normal,normal,baixa,3,historico feriado (poucos dados),3.0
I21LA185911,2,,feriado,0.0,0.0,0.01,0.0,0.0,normal,normal,baixa,3,historico feriado (poucos dados),3.0
I21LA185911,3,,feriado,0.0,0.0,0.01,0.0,0.0,normal,normal,baixa,3,historico feriado (poucos dados),3.0
I21LA185911,4,,feriado,0.0,0.0,0.01,0.0,0.0,normal,normal,baixa,2,historico feriado (poucos dados),3.0
I21LA185911,5,,feriado,0.0,0.0,0.01,0.0,0.0,normal,normal,baixa,2,historico feriado (poucos dados),3.0
I21LA185911,6,,feriado,0.0,0.0,0.01,0.0,0.0,normal,normal,baixa,2,historico feriado (poucos dados),3.0
I21LA185911,7,,feriado,0.0,0.0,0.01,0.0,0.0,normal,normal,baixa,2,historico feriado (poucos dados),3.0
I21LA185911,8,,feriado,0.0,0.0,0.01,0.0,0.0,normal,normal,baixa,3,historico feriado (poucos dados),3.0
I21LA185911,9,,feriado,0.0,0.0,0.01,0.0,0.0,normal,normal,baixa,3,historico feriado (poucos dados),3.0
I21LA185911,10,,feriado,0.0,0.0,0.01,0.0,0.0,normal,normal,baixa,3,historico feriado (poucos dados),3.0
I21LA185911,11,,feriado,0.0,0.0,0.01,0.0,0.0,normal,normal,baixa,3,historico feriado (poucos dados),3.0
I21LA185911,12,,feriado,0.0,0.0,0.01,0.0,0.0,normal,normal,baixa,3,historico feriado (poucos dados),3.0
I21LA185911,13,,feriado,0.0,0.0,0.01,0.0,0.0,normal,normal,baixa,3,historico feriado (poucos dados),3.0
I21LA185911,14,,feriado,0.0,0.0,0.01,0.0,0.0,normal,normal,baixa,3,historico feriado (poucos dados),3.0
I21LA185911,15,,feriado,0.0,0.0,0.01,0.0,0.0,normal,normal,baixa,3,historico feriado (poucos dados),3.0
I21LA185911,20,,feriado,0.0,0.0,0.01,0.0,0.0,normal,normal,baixa,2,historico feriado (poucos dados),3.0
I21LA185911,21,,feriado,0.0,0.0,0.01,0.0,0.0,normal,normal,baixa,2,historico feriado (poucos dados),3.0
I21LA185911,22,,feriado,0.0,0.0,0.01,0.0,0.0,normal,normal,baixa,2,historico feriado (poucos dados),3.0
I21LA185911,23,,feriado,0.0,0.0,0.01,0.0,0.0,normal,normal,baixa,2,historico feriado (poucos dados),3.0
I21LA186120,0,,feriado,0.089,0.0833,0.0208,0.27,0.27,normal,normal,baixa,3,historico feriado (poucos dados),3.0
I21LA186120,1,,feriado,0.09,0.0843,0.0211,0.27,0.27,normal,normal,baixa,3,historico feriado (poucos dados),3.0
I21LA186120,2,,feriado,0.088,0.085,0.0213,0.14,0.14,normal,normal,baixa,3,historico feriado (poucos dados),3.0
I21LA186120,3,,feriado,0.09,0.0847,0.0212,0.25,0.25,normal,normal,baixa,3,historico feriado (poucos dados),3.0
I21LA186120,4,,feriado,0.088,0.0833,0.0208,0.22,0.22,normal,normal,baixa,3,historico feriado (poucos dados),3.0
I21LA186120,5,,feriado,0.088,0.0833,0.0208,0.22,0.22,normal,normal,baixa,3,historico feriado (poucos dados),3.0
I21LA186120,6,,feriado,0.088,0.0853,0.0213,0.12,0.12,normal,normal,baixa,3,historico feriado (poucos dados),3.0
I21LA186120,7,,feriado,0.087,0.0863,0.0216,0.03,0.03,normal,normal,baixa,3,historico feriado (poucos dados),3.0
I21LA186120,8,,feriado,0.088,0.0863,0.0216,0.08,0.08,normal,normal,baixa,3,historico feriado (poucos dados),3.0
I21LA186120,9,,feriado,0.088,0.0833,0.0208,0.22,0.22,normal,normal,baixa,3,historico feriado (poucos dados),3.0
I21LA186120,10,,feriado,0.095,0.0863,0.0216,0.4,0.4,normal,normal,baixa,3,historico feriado (poucos dados),3.0
I21LA186120,11,,feriado,0.103,0.0867,0.0217,0.75,0.75,normal,normal,baixa,3,historico feriado (poucos dados),3.0
I21LA186120,12,,feriado,0.099,0.086,0.0215,0.6,0.6,normal,normal,baixa,3,historico feriado (poucos dados),3.0
I21LA186120,13,,feriado,0.098,0.0937,0.0234,0.19,0.19,normal,normal,baixa,3,historico feriado (poucos dados),3.0
I21LA186120,14,,feriado,0.109,0.0907,0.0227,0.81,0.81,normal,normal,baixa,3,historico feriado (poucos dados),3.0
I21LA186120,15,,feriado,0.156,0.1,0.025,2.24,2.24,normal,normal,baixa,3,historico feriado (poucos dados),3.0
I21LA186120,16,,feriado,0.119,0.0877,0.0219,1.43,1.43,normal,normal,baixa,3,historico feriado (poucos dados),3.0
I21LA186120,17,,feriado,0.103,0.094,0.0235,0.38,0.38,normal,normal,baixa,3,historico feriado (poucos dados),3.0
I21LA186120,18,,feriado,0.102,0.0897,0.0224,0.55,0.55,normal,normal,baixa,3,historico feriado (poucos dados),3.0
I21LA186120,19,,feriado,0.101,0.087,0.0218,0.64,0.64,normal,normal,baixa,3,historico feriado (poucos dados),3.0
I21LA186120,20,,feriado,0.089,0.086,0.0215,0.14,0.14,normal,normal,baixa,3,historico feriado (poucos dados),3.0
I21LA186120,21,,feriado,0.09,0.0843,0.0211,0.27,0.27,normal,normal,baixa,3,historico feriado (poucos dados),3.0
I21LA186120,22,,feriado,0.09,0.0857,0.0214,0.2,0.2,normal,normal,baixa,3,historico feriado (poucos dados),3.0
I21LA186120,23,,feriado,0.09,0.084,0.021,0.29,0.29,normal,normal,baixa,3,historico feriado (poucos dados),3.0
I21LA186299,0,,feriado,0.0,0.0,0.01,0.0,0.0,normal,normal,baixa,3,historico feriado (poucos dados),3.0
I21LA186299,1,,feriado,0.0,0.0,0.01,0.0,0.0,normal,normal,baixa,3,historico feriado (poucos dados),3.0
I21LA186299,2,,feriado,0.0,0.0,0.01,0.0,0.0,normal,normal,baixa,3,historico feriado (poucos dados),3.0
I21LA186299,3,,feriado,0.0,0.0,0.01,0.0,0.0,normal,normal,baixa,3,historico feriado (poucos dados),3.0
I21LA186299,4,,feriado,0.0,0.0,0.01,0.0,0.0,normal,normal,baixa,3,historico feriado (poucos dados),3.0
I21LA186299,5,,feriado,0.0,0.0,0.01,0.0,0.0,normal,normal,baixa,3,historico feriado (poucos dados),3.0
I21LA186299,6,,feriado,0.0,0.0,0.01,0.0,0.0,normal,normal,baixa,3,historico feriado (poucos dados),3.0
I21LA186299,7,,feriado,0.0,0.0,0.01,0.0,0.0,normal,normal,baixa,3,historico feriado (poucos dados),3.0
I21LA186299,8,,feriado,0.0,0.0,0.01,0.0,0.0,normal,normal,baixa,3,historico feriado (poucos dados),3.0
I21LA186299,9,,feriado,0.0,0.0,0.01,0.0,0.0,normal,normal,baixa,3,historico feriado (poucos dados),3.0
I21LA186299,10,,feriado,0.0,0.0,0.01,0.0,0.0,normal,normal,baixa,3,historico feriado (poucos dados),3.0
I21LA186299,11,,feriado,0.0,0.0,0.01,0.0,0.0,normal,normal,baixa,3,historico feriado (poucos dados),3.0
I21LA186299,12,,feriado,0.0,0.0,0.01,0.0,0.0,normal,normal,baixa,3,historico feriado (poucos dados),3.0
I21LA186299,13,,feriado,0.0,0.0,0.01,0.0,0.0,normal,normal,baixa,3,historico feriado (poucos dados),3.0
I21LA186299,14,,feriado,0.0,0.0,0.01,0.0,0.0,normal,normal,baixa,3,historico feriado (poucos dados),3.0
I21LA186299,15,,feriado,0.0,0.0,0.01,0.0,0.0,normal,normal,baixa,3,historico feriado (poucos dados),3.0
I21LA186299,16,,feriado,0.0,0.0,0.01,0.0,0.0,normal,normal,baixa,2,historico feriado (poucos dados),3.0
I21LA186299,17,,feriado,0.0,0.0,0.01,0.0,0.0,normal,normal,baixa,2,historico feriado (poucos dados),3.0
I21LA186299,18,,feriado,0.0,0.0,0.01,0.0,0.0,normal,normal,baixa,2,historico feriado (poucos dados),3.0
I21LA186299,19,,feriado,0.0,0.0,0.01,0.0,0.0,normal,normal,baixa,2,historico feriado (poucos dados),3.0
I21LA186299,20,,feriado,0.0,0.0,0.01,0.0,0.0,normal,normal,baixa,3,historico feriado (poucos dados),3.0
I21LA186299,21,,feriado,0.0,0.0,0.01,0.0,0.0,normal,normal,baixa,3,historico feriado (poucos dados),3.0
I21LA186299,22,,feriado,0.0,0.0,0.01,0.0,0.0,normal,normal,baixa,3,historico feriado (poucos dados),3.0
I21LA186299,23,,feriado,0.0,0.0,0.01,0.0,0.0,normal,normal,baixa,3,historico feriado (poucos dados),3.0
I21LA186317,0,,feriado,0.0,0.0,0.01,0.0,0.0,normal,normal,baixa,3,historico feriado (poucos dados),3.0
I21LA186317,1,,feriado,0.0,0.0,0.01,0.0,0.0,normal,normal,baixa,3,historico feriado (poucos dados),3.0
I21LA186317,2,,feriado,0.0,0.0,0.01,0.0,0.0,normal,normal,baixa,3,historico feriado (poucos dados),3.0
I21LA186317,3,,feriado,0.0,0.0,0.01,0.0,0.0,normal,normal,baixa,3,historico feriado (poucos dados),3.0
I21LA186317,4,,feriado,0.0,0.0,0.01,0.0,0.0,normal,normal,baixa,3,historico feriado (poucos dados),3.0
I21LA186317,5,,feriado,0.0,0.0,0.01,0.0,0.0,normal,normal,baixa,3,historico feriado (poucos dados),3.0
I21LA186317,6,,feriado,0.0,0.0,0.01,0.0,0.0,normal,normal,baixa,3,historico feriado (poucos dados),3.0
I21LA186317,7,,feriado,0.0,0.0,0.01,0.0,0.0,normal,normal,baixa,3,historico feriado (poucos dados),3.0
I21LA186317,8,,feriado,0.0,0.0,0.01,0.0,0.0,normal,normal,baixa,3,historico feriado (poucos dados),3.0
I21LA186317,9,,feriado,0.0,0.001,0.01,-0.1,-0.1,normal,normal,baixa,3,historico feriado (poucos dados),3.0
I21LA186317,10,,feriado,0.059,0.012,0.01,4.7,4.7,desvio,acima,baixa,3,historico feriado (poucos dados),3.0
I21LA186317,11,,feriado,0.048,0.0183,0.0161,1.85,1.85,normal,normal,baixa,3,historico feriado (poucos dados),3.0
I21LA186317,16,,feriado,0.035,0.015,0.0173,1.15,1.15,normal,normal,baixa,3,historico feriado (poucos dados),3.0
I21LA186317,17,,feriado,0.044,0.0283,0.0248,0.63,0.63,normal,normal,baixa,3,historico feriado (poucos dados),3.0
I21LA186317,18,,feriado,0.029,0.072,0.0626,-0.69,-0.69,normal,normal,baixa,3,historico feriado (poucos dados),3.0
I21LA186317,19,,feriado,0.014,0.0013,0.01,1.27,1.27,normal,normal,baixa,3,historico feriado (poucos dados),3.0
I21LA186317,20,,feriado,0.0,0.001,0.01,-0.1,-0.1,normal,normal,baixa,3,historico feriado (poucos dados),3.0
I21LA186317,21,,feriado,0.0,0.001,0.01,-0.1,-0.1,normal,normal,baixa,3,historico feriado (poucos dados),3.0
I21LA186317,22,,feriado,0.0,0.001,0.01,-0.1,-0.1,normal,normal,baixa,3,historico feriado (poucos dados),3.0
I21LA186317,23,,feriado,0.0,0.0067,0.01,-0.67,-0.67,normal,normal,baixa,3,historico feriado (poucos dados),3.0
I21LA190301,0,,feriado,0.0,0.0,0.01,0.0,0.0,normal,normal,baixa,3,historico feriado (poucos dados),3.0
I21LA190301,1,,feriado,0.0,0.0,0.01,0.0,0.0,normal,normal,baixa,2,historico feriado (poucos dados),3.0
I21LA190301,2,,feriado,0.0,0.0,0.01,0.0,0.0,normal,normal,baixa,2,historico feriado (poucos dados),3.0
I21LA190301,3,,feriado,0.0,0.0,0.01,0.0,0.0,normal,normal,baixa,2,historico feriado (poucos dados),3.0
I21LA190301,4,,feriado,0.0,0.0,0.01,0.0,0.0,normal,normal,baixa,2,historico feriado (poucos dados),3.0
I21LA190301,5,,feriado,0.0,0.0,0.01,0.0,0.0,normal,normal,baixa,2,historico feriado (poucos dados),3.0
I21LA190301,6,,feriado,0.0,0.0,0.01,0.0,0.0,normal,normal,baixa,2,historico feriado (poucos dados),3.0
I21LA190301,7,,feriado,0.0,0.0,0.01,0.0,0.0,normal,normal,baixa,2,historico feriado (poucos dados),3.0
I21LA190301,8,,feriado,0.0,0.0,0.01,0.0,0.0,normal,normal,baixa,2,historico feriado (poucos dados),3.0
I21LA190301,13,,feriado,0.0,0.0,0.01,0.0,0.0,normal,normal,baixa,3,historico feriado (poucos dados),3.0
I21LA190301,14,,feriado,0.0,0.0,0.01,0.0,0.0,normal,normal,baixa,3,historico feriado (poucos dados),3.0
I21LA190301,15,,feriado,0.0,0.0,0.01,0.0,0.0,normal,normal,baixa,3,historico feriado (poucos dados),3.0
I21LA190301,16,,feriado,0.0,0.0,0.01,0.0,0.0,normal,normal,baixa,3,historico feriado (poucos dados),3.0
I21LA190301,17,,feriado,0.0,0.0,0.01,0.0,0.0,normal,normal,baixa,2,historico feriado (poucos dados),3.0
I21LA190301,18,,feriado,0.0,0.0,0.01,0.0,0.0,normal,normal,baixa,2,historico feriado (poucos dados),3.0
I21LA190301,19,,feriado,0.0,0.0,0.01,0.0,0.0,normal,normal,baixa,2,historico feriado (poucos dados),3.0
I21LA190301,20,,feriado,0.0,0.0,0.01,0.0,0.0,normal,normal,baixa,2,historico feriado (poucos dados),3.0
I21LA190301,21,,feriado,0.0,0.0,0.01,0.0,0.0,normal,normal,baixa,3,historico feriado (poucos dados),3.0
I21LA190301,22,,feriado,0.0,0.0,0.01,0.0,0.0,normal,normal,baixa,3,historico feriado (poucos dados),3.0
I21LA190301,23,,feriado,0.0,0.0,0.01,0.0,0.0,normal,normal,baixa,3,historico feriado (poucos dados),3.0
I21LA327835,0,,feriado,0.0,0.0,0.01,0.0,0.0,normal,normal,baixa,3,historico feriado (poucos dados),3.0
I21LA327835,1,,feriado,0.0,0.0,0.01,0.0,0.0,normal,normal,baixa,3,historico feriado (poucos dados),3.0
I21LA327835,2,,feriado,0.0,0.0,0.01,0.0,0.0,normal,normal,baixa,3,historico feriado (poucos dados),3.0
I21LA327835,3,,feriado,0.0,0.0,0.01,0.0,0.0,normal,normal,baixa,3,historico feriado (poucos dados),3.0
I21LA327835,4,,feriado,0.0,0.0,0.01,0.0,0.0,normal,normal,baixa,3,historico feriado (poucos dados),3.0
I21LA327835,5,,feriado,0.0,0.0,0.01,0.0,0.0,normal,normal,baixa,3,historico feriado (poucos dados),3.0
I21LA327835,6,,feriado,0.0,0.0753,0.1305,-0.58,-0.58,normal,normal,baixa,3,historico feriado (poucos dados),3.0
I21LA327835,7,,feriado,0.0,0.0273,0.0253,-1.08,-1.08,normal,normal,baixa,3,historico feriado (poucos dados),3.0
I21LA327835,8,,feriado,0.022,0.027,0.0417,-0.12,-0.12,normal,normal,baixa,3,historico feriado (poucos dados),3.0
I21LA327835,9,,feriado,0.006,0.012,0.0111,-0.54,-0.54,normal,normal,baixa,3,historico feriado (poucos dados),3.0
I21LA327835,10,,feriado,0.008,0.022,0.0231,-0.61,-0.61,normal,normal,baixa,3,historico feriado (poucos dados),3.0
I21LA327835,11,,feriado,0.0,0.0003,0.01,-0.03,-0.03,normal,normal,baixa,3,historico feriado (poucos dados),3.0
I21LA327835,12,,feriado,0.0,0.0,0.01,0.0,0.0,normal,normal,baixa,3,historico feriado (poucos dados),3.0
I21LA327835,17,,feriado,0.014,0.0185,0.0163,-0.28,-0.28,normal,normal,baixa,2,historico feriado (poucos dados),3.0
I21LA327835,18,,feriado,0.0,0.0,0.01,0.0,0.0,normal,normal,baixa,2,historico feriado (poucos dados),3.0
I21LA327835,19,,feriado,0.0,0.0015,0.01,-0.15,-0.15,normal,normal,baixa,2,historico feriado (poucos dados),3.0
I21LA327835,20,,feriado,0.0,0.0,0.01,0.0,0.0,normal,normal,baixa,2,historico feriado (poucos dados),3.0
I21LA327835,21,,feriado,0.0,0.005,0.01,-0.5,-0.5,normal,normal,baixa,3,historico feriado (poucos dados),3.0
I21LA327835,22,,feriado,0.0,0.0,0.01,0.0,0.0,normal,normal,baixa,3,historico feriado (poucos dados),3.0
I21LA327835,23,,feriado,0.0,0.0,0.01,0.0,0.0,normal,normal,baixa,3,historico feriado (poucos dados),3.0
I21LA327883,0,,feriado,0.0,0.0,0.01,0.0,0.0,normal,normal,baixa,2,historico feriado (poucos dados),3.0
I21LA327884,0,,feriado,0.0,0.0,0.01,0.0,0.0,normal,normal,baixa,3,historico feriado (poucos dados),3.0
I21LA327884,1,,feriado,0.0,0.0,0.01,0.0,0.0,normal,normal,baixa,3,historico feriado (poucos dados),3.0
I21LA327884,2,,feriado,0.0,0.0,0.01,0.0,0.0,normal,normal,baixa,3,historico feriado (poucos dados),3.0
I21LA327884,3,,feriado,0.0,0.0,0.01,0.0,0.0,normal,normal,baixa,3,historico feriado (poucos dados),3.0
I21LA327884,4,,feriado,0.0,0.0,0.01,0.0,0.0,normal,normal,baixa,3,historico feriado (poucos dados),3.0
I21LA327884,5,,feriado,0.0,0.0,0.01,0.0,0.0,normal,normal,baixa,3,historico feriado (poucos dados),3.0
I21LA327884,6,,feriado,0.0,0.0,0.01,0.0,0.0,normal,normal,baixa,3,historico feriado (poucos dados),3.0
I21LA327884,7,,feriado,0.0,0.0003,0.01,-0.03,-0.03,normal,normal,baixa,3,historico feriado (poucos dados),3.0
I21LA327884,8,,feriado,0.0,0.0,0.01,0.0,0.0,normal,normal,baixa,3,historico feriado (poucos dados),3.0
I21LA327884,9,,feriado,0.0,0.0,0.01,0.0,0.0,normal,normal,baixa,3,historico feriado (poucos dados),3.0
I21LA327884,10,,feriado,0.0,0.0,0.01,0.0,0.0,normal,normal,baixa,3,historico feriado (poucos dados),3.0
I21LA327884,11,,feriado,0.0,0.0007,0.01,-0.07,-0.07,normal,normal,baixa,3,historico feriado (poucos dados),3.0
I21LA327884,12,,feriado,0.002,0.0,0.01,0.2,0.2,normal,normal,baixa,3,historico feriado (poucos dados),3.0
I21LA327884,13,,feriado,0.0,0.0,0.01,0.0,0.0,normal,normal,baixa,3,historico feriado (poucos dados),3.0
I21LA327884,14,,feriado,0.0,0.0,0.01,0.0,0.0,normal,normal,baixa,3,historico feriado (poucos dados),3.0
I21LA327884,15,,feriado,0.0,0.0,0.01,0.0,0.0,normal,normal,baixa,3,historico feriado (poucos dados),3.0
I21LA327884,16,,feriado,0.0,0.001,0.01,-0.1,-0.1,normal,normal,baixa,3,historico feriado (poucos dados),3.0
I21LA327884,17,,feriado,0.0,0.0,0.01,0.0,0.0,normal,normal,baixa,3,historico feriado (poucos dados),3.0
I21LA327884,18,,feriado,0.002,0.001,0.01,0.1,0.1,normal,normal,baixa,3,historico feriado (poucos dados),3.0
I21LA327884,19,,feriado,0.0,0.0,0.01,0.0,0.0,normal,normal,baixa,3,historico feriado (poucos dados),3.0
I21LA327884,20,,feriado,0.0,0.0,0.01,0.0,0.0,normal,normal,baixa,3,historico feriado (poucos dados),3.0
I21LA327884,21,,feriado,0.0,0.0,0.01,0.0,0.0,normal,normal,baixa,3,historico feriado (poucos dados),3.0
I21LA327884,22,,feriado,0.0,0.0017,0.01,-0.17,-0.17,normal,normal,baixa,3,historico feriado (poucos dados),3.0
I21LA327884,23,,feriado,0.0,0.0007,0.01,-0.07,-0.07,normal,normal,baixa,3,historico feriado (poucos dados),3.0
I21LA389336,0,,feriado,0.0,0.0,0.01,0.0,0.0,normal,normal,baixa,3,historico feriado (poucos dados),3.0
I21LA389336,1,,feriado,0.0,0.0,0.01,0.0,0.0,normal,normal,baixa,3,historico feriado (poucos dados),3.0
I21LA389336,2,,feriado,0.0,0.0,0.01,0.0,0.0,normal,normal,baixa,3,historico feriado (poucos dados),3.0
I21LA389336,3,,feriado,0.0,0.0,0.01,0.0,0.0,normal,normal,baixa,3,historico feriado (poucos dados),3.0
I21LA389336,4,,feriado,0.0,0.0,0.01,0.0,0.0,normal,normal,baixa,3,historico feriado (poucos dados),3.0
I21LA389336,5,,feriado,0.0,0.0,0.01,0.0,0.0,normal,normal,baixa,3,historico feriado (poucos dados),3.0
I21LA389336,6,,feriado,0.0,0.0,0.01,0.0,0.0,normal,normal,baixa,3,historico feriado (poucos dados),3.0
I21LA389336,7,,feriado,0.0,0.0,0.01,0.0,0.0,normal,normal,baixa,3,historico feriado (poucos dados),3.0
I21LA389336,8,,feriado,0.0,0.0,0.01,0.0,0.0,normal,normal,baixa,3,historico feriado (poucos dados),3.0
I21LA389336,9,,feriado,0.0,0.0,0.01,0.0,0.0,normal,normal,baixa,3,historico feriado (poucos dados),3.0
I21LA389336,10,,feriado,0.0,0.0,0.01,0.0,0.0,normal,normal,baixa,3,historico feriado (poucos dados),3.0
I21LA389336,11,,feriado,0.0,0.0,0.01,0.0,0.0,normal,normal,baixa,3,historico feriado (poucos dados),3.0
I21LA389336,12,,feriado,0.0,0.0,0.01,0.0,0.0,normal,normal,baixa,3,historico feriado (poucos dados),3.0
I21LA389336,13,,feriado,0.0,0.0,0.01,0.0,0.0,normal,normal,baixa,2,historico feriado (poucos dados),3.0
I21LA389336,14,,feriado,0.0,0.0,0.01,0.0,0.0,normal,normal,baixa,2,historico feriado (poucos dados),3.0
I21LA389336,15,,feriado,0.0,0.0,0.01,0.0,0.0,normal,normal,baixa,2,historico feriado (poucos dados),3.0
I21LA389336,16,,feriado,0.0,0.0,0.01,0.0,0.0,normal,normal,baixa,2,historico feriado (poucos dados),3.0
I21LA389336,17,,feriado,0.0,0.0,0.01,0.0,0.0,normal,normal,baixa,3,historico feriado (poucos dados),3.0
I21LA389336,18,,feriado,0.0,0.0,0.01,0.0,0.0,normal,normal,baixa,3,historico feriado (poucos dados),3.0
I21LA389336,19,,feriado,0.0,0.0,0.01,0.0,0.0,normal,normal,baixa,3,historico feriado (poucos dados),3.0
I21LA389336,20,,feriado,0.0,0.0,0.01,0.0,0.0,normal,normal,baixa,3,historico feriado (poucos dados),3.0
I21LA389336,21,,feriado,0.0,0.0,0.01,0.0,0.0,normal,normal,baixa,3,historico feriado (poucos dados),3.0
I21LA389336,22,,feriado,0.0,0.0,0.01,0.0,0.0,normal,normal,baixa,3,historico feriado (poucos dados),3.0
I21LA389336,23,,feriado,0.0,0.0,0.01,0.0,0.0,normal,normal,baixa,3,historico feriado (poucos dados),3.0
I21MF951608T,0,,feriado,0.0,0.0,0.01,0.0,0.0,normal,normal,baixa,3,historico feriado (poucos dados),3.0
I21MF951608T,1,,feriado,0.0,0.0,0.01,0.0,0.0,normal,normal,baixa,3,historico feriado (poucos dados),3.0
I21MF951608T,2,,feriado,0.0,0.0,0.01,0.0,0.0,normal,normal,baixa,3,historico feriado (poucos dados),3.0
I21MF951608T,3,,feriado,0.0,0.0,0.01,0.0,0.0,normal,normal,baixa,3,historico feriado (poucos dados),3.0
I21MF951608T,4,,feriado,0.0,0.0,0.01,0.0,0.0,normal,normal,baixa,3,historico feriado (poucos dados),3.0
I21MF951608T,5,,feriado,0.0,0.0,0.01,0.0,0.0,normal,normal,baixa,3,historico feriado (poucos dados),3.0
I21MF951608T,6,,feriado,0.0,0.0,0.01,0.0,0.0,normal,normal,baixa,3,historico feriado (poucos dados),3.0
I21MF951608T,7,,feriado,0.0,0.0,0.01,0.0,0.0,normal,normal,baixa,2,historico feriado (poucos dados),3.0
I21MF951608T,8,,feriado,0.0,0.0,0.01,0.0,0.0,normal,normal,baixa,2,historico feriado (poucos dados),3.0
I21MF951608T,9,,feriado,0.0,0.0,0.01,0.0,0.0,normal,normal,baixa,2,historico feriado (poucos dados),3.0
I21MF951608T,10,,feriado,0.0,0.0,0.01,0.0,0.0,normal,normal,baixa,2,historico feriado (poucos dados),3.0
I21MF951608T,11,,feriado,0.0,0.0,0.01,0.0,0.0,normal,normal,baixa,3,historico feriado (poucos dados),3.0
I21MF951608T,12,,feriado,0.0,0.0,0.01,0.0,0.0,normal,normal,baixa,3,historico feriado (poucos dados),3.0
I21MF951608T,13,,feriado,0.0,0.0,0.01,0.0,0.0,normal,normal,baixa,3,historico feriado (poucos dados),3.0
I21MF951608T,14,,feriado,0.0,0.0,0.01,0.0,0.0,normal,normal,baixa,3,historico feriado (poucos dados),3.0
I21MF951608T,15,,feriado,0.0,0.0,0.01,0.0,0.0,normal,normal,baixa,3,historico feriado (poucos dados),3.0
I21MF951608T,16,,feriado,0.0,0.0,0.01,0.0,0.0,normal,normal,baixa,3,historico feriado (poucos dados),3.0
I21MF951608T,17,,feriado,0.0,0.0,0.01,0.0,0.0,normal,normal,baixa,3,historico feriado (poucos dados),3.0
I21MF951608T,18,,feriado,0.0,0.0,0.01,0.0,0.0,normal,normal,baixa,3,historico feriado (poucos dados),3.0
I21MF951608T,19,,feriado,0.0,0.0,0.01,0.0,0.0,normal,normal,baixa,2,historico feriado (poucos dados),3.0
I21MF951608T,20,,feriado,0.0,0.0,0.01,0.0,0.0,normal,normal,baixa,2,historico feriado (poucos dados),3.0
I21MF951608T,21,,feriado,0.0,0.0,0.01,0.0,0.0,normal,normal,baixa,2,historico feriado (poucos dados),3.0
I21MF951608T,22,,feriado,0.0,0.0,0.01,0.0,0.0,normal,normal,baixa,2,historico feriado (poucos dados),3.0
I21MF951608T,23,,feriado,0.0,0.0,0.01,0.0,0.0,normal,normal,baixa,2,historico feriado (poucos dados),3.0
I22JC014382A,0,,feriado,0.0,0.0,0.01,0.0,0.0,normal,normal,baixa,3,historico feriado (poucos dados),3.0
I22JC014382A,1,,feriado,0.0,0.0,0.01,0.0,0.0,normal,normal,baixa,3,historico feriado (poucos dados),3.0
I22JC014382A,2,,feriado,0.0,0.0,0.01,0.0,0.0,normal,normal,baixa,3,historico feriado (poucos dados),3.0
I22JC014382A,3,,feriado,0.0,0.0,0.01,0.0,0.0,normal,normal,baixa,3,historico feriado (poucos dados),3.0
I22JC014382A,4,,feriado,0.0,0.0,0.01,0.0,0.0,normal,normal,baixa,3,historico feriado (poucos dados),3.0
I22JC014382A,5,,feriado,0.0,0.0,0.01,0.0,0.0,normal,normal,baixa,3,historico feriado (poucos dados),3.0
I22JC014382A,6,,feriado,0.0,0.0,0.01,0.0,0.0,normal,normal,baixa,3,historico feriado (poucos dados),3.0
I22JC014382A,7,,feriado,0.0,0.0003,0.01,-0.03,-0.03,normal,normal,baixa,3,historico feriado (poucos dados),3.0
I22JC014382A,8,,feriado,0.0,0.0,0.01,0.0,0.0,normal,normal,baixa,3,historico feriado (poucos dados),3.0
I22JC014382A,9,,feriado,0.0,0.0,0.01,0.0,0.0,normal,normal,baixa,3,historico feriado (poucos dados),3.0
I22JC014382A,10,,feriado,0.0,0.0,0.01,0.0,0.0,normal,normal,baixa,3,historico feriado (poucos dados),3.0
I22JC014382A,11,,feriado,0.0,0.0,0.01,0.0,0.0,normal,normal,baixa,3,historico feriado (poucos dados),3.0
I22JC014382A,12,,feriado,0.0,0.0,0.01,0.0,0.0,normal,normal,baixa,3,historico feriado (poucos dados),3.0
I22JC014382A,13,,feriado,0.0,0.0,0.01,0.0,0.0,normal,normal,baixa,3,historico feriado (poucos dados),3.0
I22JC014382A,15,,feriado,0.0,0.0,0.01,0.0,0.0,normal,normal,baixa,3,historico feriado (poucos dados),3.0
I22JC014382A,16,,feriado,0.0,0.0,0.01,0.0,0.0,normal,normal,baixa,3,historico feriado (poucos dados),3.0
I22JC014382A,17,,feriado,0.0,0.0,0.01,0.0,0.0,normal,normal,baixa,3,historico feriado (poucos dados),3.0
I22JC014382A,18,,feriado,0.0,0.0,0.01,0.0,0.0,normal,normal,baixa,3,historico feriado (poucos dados),3.0
I22JC014382A,19,,feriado,0.0,0.0,0.01,0.0,0.0,normal,normal,baixa,3,historico feriado (poucos dados),3.0
I22JC014382A,20,,feriado,0.0,0.0,0.01,0.0,0.0,normal,normal,baixa,3,historico feriado (poucos dados),3.0
I22JC014382A,21,,feriado,0.0,0.0,0.01,0.0,0.0,normal,normal,baixa,3,historico feriado (poucos dados),3.0
I22JC014382A,22,,feriado,0.0,0.0,0.01,0.0,0.0,normal,normal,baixa,3,historico feriado (poucos dados),3.0
I22JC014382A,23,,feriado,0.0,0.0,0.01,0.0,0.0,normal,normal,baixa,3,historico feriado (poucos dados),3.0
I22JC094262H,0,,feriado,0.0,0.0,0.01,0.0,0.0,normal,normal,baixa,3,historico feriado (poucos dados),3.0
I22JC094262H,1,,feriado,0.0,0.0,0.01,0.0,0.0,normal,normal,baixa,3,historico feriado (poucos dados),3.0
I22JC094262H,2,,feriado,0.0,0.0,0.01,0.0,0.0,normal,normal,baixa,2,historico feriado (poucos dados),3.0
I22JC094262H,3,,feriado,0.0,0.0,0.01,0.0,0.0,normal,normal,baixa,2,historico feriado (poucos dados),3.0
I22JC094262H,4,,feriado,0.0,0.0,0.01,0.0,0.0,normal,normal,baixa,2,historico feriado (poucos dados),3.0
I22JC094262H,5,,feriado,0.0,0.0,0.01,0.0,0.0,normal,normal,baixa,2,historico feriado (poucos dados),3.0
I22JC094262H,6,,feriado,0.0,0.0,0.01,0.0,0.0,normal,normal,baixa,3,historico feriado (poucos dados),3.0
I22JC094262H,7,,feriado,0.0,0.0,0.01,0.0,0.0,normal,normal,baixa,3,historico feriado (poucos dados),3.0
I22JC094262H,8,,feriado,0.0,0.0,0.01,0.0,0.0,normal,normal,baixa,3,historico feriado (poucos dados),3.0
I22JC094262H,9,,feriado,0.0,0.0,0.01,0.0,0.0,normal,normal,baixa,3,historico feriado (poucos dados),3.0
I22JC094262H,10,,feriado,0.0,0.0,0.01,0.0,0.0,normal,normal,baixa,27,fallback (30d recentes),3.0
I22JC094262H,11,,feriado,0.0,0.0,0.01,0.0,0.0,normal,normal,baixa,27,fallback (30d recentes),3.0
I22JC094262H,12,,feriado,0.0,0.0,0.01,0.0,0.0,normal,normal,baixa,27,fallback (30d recentes),3.0
I22JC094262H,13,,feriado,0.0,0.0,0.01,0.0,0.0,normal,normal,baixa,27,fallback (30d recentes),3.0
I22JC094262H,14,,feriado,0.0,0.0,0.01,0.0,0.0,normal,normal,baixa,3,historico feriado (poucos dados),3.0
I22JC094262H,15,,feriado,0.0,0.0,0.01,0.0,0.0,normal,normal,baixa,3,historico feriado (poucos dados),3.0
I22JC094262H,16,,feriado,0.0,0.0,0.01,0.0,0.0,normal,normal,baixa,3,historico feriado (poucos dados),3.0
I22JC094262H,17,,feriado,0.0,0.0,0.01,0.0,0.0,normal,normal,baixa,3,historico feriado (poucos dados),3.0
I22JC094262H,18,,feriado,0.0,0.0,0.01,0.0,0.0,normal,normal,baixa,3,historico feriado (poucos dados),3.0
I22JC094262H,19,,feriado,0.0,0.0,0.01,0.0,0.0,normal,normal,baixa,3,historico feriado (poucos dados),3.0
I22JC094262H,20,,feriado,0.0,0.0,0.01,0.0,0.0,normal,normal,baixa,3,historico feriado (poucos dados),3.0
I22JC094262H,21,,feriado,0.0,0.0,0.01,0.0,0.0,normal,normal,baixa,3,historico feriado (poucos dados),3.0
I22JC094262H,22,,feriado,0.0,0.0,0.01,0.0,0.0,normal,normal,baixa,3,historico feriado (poucos dados),3.0
I22JC094262H,23,,feriado,0.0,0.0,0.01,0.0,0.0,normal,normal,baixa,3,historico feriado (poucos dados),3.0
I22JC094273K,0,,feriado,0.096,0.1013,0.0599,-0.09,-0.09,normal,normal,baixa,3,historico feriado (poucos dados),3.0
I22JC094273K,1,,feriado,0.018,0.0513,0.0454,-0.73,-0.73,normal,normal,baixa,3,historico feriado (poucos dados),3.0
I22JC094273K,2,,feriado,0.018,0.0183,0.0175,-0.02,-0.02,normal,normal,baixa,3,historico feriado (poucos dados),3.0
I22JC094273K,3,,feriado,0.017,0.0217,0.01,-0.47,-0.47,normal,normal,baixa,3,historico feriado (poucos dados),3.0
I22JC094273K,4,,feriado,0.004,0.0063,0.01,-0.23,-0.23,normal,normal,baixa,3,historico feriado (poucos dados),3.0
I22JC094273K,5,,feriado,0.006,0.0083,0.0136,-0.17,-0.17,normal,normal,baixa,3,historico feriado (poucos dados),3.0
I22JC094273K,6,,feriado,0.003,0.0103,0.01,-0.73,-0.73,normal,normal,baixa,3,historico feriado (poucos dados),3.0
I22JC094273K,7,,feriado,0.045,0.0263,0.0176,1.06,1.06,normal,normal,baixa,3,historico feriado (poucos dados),3.0
I22JC094273K,8,,feriado,0.08,0.053,0.0185,1.46,1.46,normal,normal,baixa,3,historico feriado (poucos dados),3.0
I22JC094273K,9,,feriado,0.083,0.164,0.041,-1.98,-1.98,normal,normal,baixa,2,historico feriado (poucos dados),3.0
I22JC094273K,10,,feriado,0.116,0.231,0.0577,-1.99,-1.99,normal,normal,baixa,2,historico feriado (poucos dados),3.0
I22JC094273K,11,,feriado,0.246,0.19,0.164,0.34,0.34,normal,normal,baixa,2,historico feriado (poucos dados),3.0
I22JC094273K,12,,feriado,0.197,0.211,0.0636,-0.22,-0.22,normal,normal,baixa,2,historico feriado (poucos dados),3.0
I22JC094273K,13,,feriado,0.387,0.5047,0.3413,-0.34,-0.34,normal,normal,baixa,3,historico feriado (poucos dados),3.0
I22JC094273K,14,,feriado,0.395,0.3143,0.0786,1.03,1.03,normal,normal,baixa,3,historico feriado (poucos dados),3.0
I22JC094273K,15,,feriado,0.281,0.219,0.0548,1.13,1.13,normal,normal,baixa,3,historico feriado (poucos dados),3.0
I22JC094273K,16,,feriado,0.108,0.215,0.1026,-1.04,-1.04,normal,normal,baixa,3,historico feriado (poucos dados),3.0
I22JC094273K,17,,feriado,0.277,0.2107,0.1,0.66,0.66,normal,normal,baixa,3,historico feriado (poucos dados),3.0
I22JC094273K,18,,feriado,0.179,0.3257,0.1792,-0.82,-0.82,normal,normal,baixa,3,historico feriado (poucos dados),3.0
I22JC094273K,19,,feriado,0.134,0.184,0.046,-1.09,-1.09,normal,normal,baixa,3,historico feriado (poucos dados),3.0
I22JC094273K,20,,feriado,0.17,0.209,0.0522,-0.75,-0.75,normal,normal,baixa,3,historico feriado (poucos dados),3.0
I22JC094273K,21,,feriado,0.287,0.266,0.0976,0.22,0.22,normal,normal,baixa,2,historico feriado (poucos dados),3.0
I22JC094273K,22,,feriado,0.506,0.217,0.0542,5.33,5.33,desvio,acima,baixa,2,historico feriado (poucos dados),3.0
I22JC094273K,23,,feriado,0.409,0.146,0.0877,3.0,3.0,normal,normal,baixa,2,historico feriado (poucos dados),3.0
I22JC094275M,0,,feriado,0.0,0.0,0.01,0.0,0.0,normal,normal,baixa,3,historico feriado (poucos dados),3.0
I22JC094275M,1,,feriado,0.0,0.0,0.01,0.0,0.0,normal,normal,baixa,3,historico feriado (poucos dados),3.0
I22JC094275M,2,,feriado,0.0,0.0,0.01,0.0,0.0,normal,normal,baixa,3,historico feriado (poucos dados),3.0
I22JC094275M,3,,feriado,0.0,0.0,0.01,0.0,0.0,normal,normal,baixa,3,historico feriado (poucos dados),3.0
I22JC094275M,4,,feriado,0.0,0.0,0.01,0.0,0.0,normal,normal,baixa,3,historico feriado (poucos dados),3.0
I22JC094275M,5,,feriado,0.0,0.0,0.01,0.0,0.0,normal,normal,baixa,3,historico feriado (poucos dados),3.0
I22JC094275M,6,,feriado,0.0,0.0,0.01,0.0,0.0,normal,normal,baixa,3,historico feriado (poucos dados),3.0
I22JC094275M,7,,feriado,0.0,0.0,0.01,0.0,0.0,normal,normal,baixa,3,historico feriado (poucos dados),3.0
I22JC094275M,8,,feriado,0.0,0.0,0.01,0.0,0.0,normal,normal,baixa,3,historico feriado (poucos dados),3.0
I22JC094275M,9,,feriado,0.0,0.0,0.01,0.0,0.0,normal,normal,baixa,3,historico feriado (poucos dados),3.0
I22JC094275M,10,,feriado,0.0,0.0,0.01,0.0,0.0,normal,normal,baixa,3,historico feriado (poucos dados),3.0
I22JC094275M,11,,feriado,0.0,0.0,0.01,0.0,0.0,normal,normal,baixa,3,historico feriado (poucos dados),3.0
I22JC094275M,12,,feriado,0.0,0.0,0.01,0.0,0.0,normal,normal,baixa,3,historico feriado (poucos dados),3.0
I22JC094275M,13,,feriado,0.0,0.0,0.01,0.0,0.0,normal,normal,baixa,3,historico feriado (poucos dados),3.0
I22JC094275M,14,,feriado,0.0,0.0,0.01,0.0,0.0,normal,normal,baixa,3,historico feriado (poucos dados),3.0
I22JC094275M,15,,feriado,0.0,0.0,0.01,0.0,0.0,normal,normal,baixa,3,historico feriado (poucos dados),3.0
I22JC094275M,16,,feriado,0.0,0.0,0.01,0.0,0.0,normal,normal,baixa,3,historico feriado (poucos dados),3.0
I22JC094275M,17,,feriado,0.0,0.0,0.01,0.0,0.0,normal,normal,baixa,3,historico feriado (poucos dados),3.0
I22JC094275M,18,,feriado,0.0,0.0,0.01,0.0,0.0,normal,normal,baixa,3,historico feriado (poucos dados),3.0
I22JC094275M,19,,feriado,0.0,0.0,0.01,0.0,0.0,normal,normal,baixa,3,historico feriado (poucos dados),3.0
I22JC094275M,20,,feriado,0.0,0.0,0.01,0.0,0.0,normal,normal,baixa,3,historico feriado (poucos dados),3.0
I22JC094275M,21,,feriado,0.0,0.0,0.01,0.0,0.0,normal,normal,baixa,3,historico feriado (poucos dados),3.0
I22JC094275M,22,,feriado,0.0,0.0,0.01,0.0,0.0,normal,normal,baixa,3,historico feriado (poucos dados),3.0
I22JC094275M,23,,feriado,0.0,0.0,0.01,0.0,0.0,normal,normal,baixa,3,historico feriado (poucos dados),3.0
I22JC094276N,0,,feriado,0.637,0.0273,0.0327,10.0,18.67,desvio,acima,baixa,3,historico feriado (poucos dados),3.0
I22JC094276N,1,,feriado,0.002,0.0103,0.01,-0.83,-0.83,normal,normal,baixa,3,historico feriado (poucos dados),3.0
I22JC094276N,2,,feriado,0.009,0.0047,0.01,0.43,0.43,normal,normal,baixa,3,historico feriado (poucos dados),3.0
I22JC094276N,3,,feriado,0.013,0.009,0.01,0.4,0.4,normal,normal,baixa,3,historico feriado (poucos dados),3.0
I22JC094276N,4,,feriado,0.0,0.0035,0.01,-0.35,-0.35,normal,normal,baixa,2,historico feriado (poucos dados),3.0
I22JC094276N,5,,feriado,0.016,0.0075,0.01,0.85,0.85,normal,normal,baixa,2,historico feriado (poucos dados),3.0
I22JC094276N,6,,feriado,0.063,0.0225,0.0233,1.74,1.74,normal,normal,baixa,2,historico feriado (poucos dados),3.0
I22JC094276N,7,,feriado,0.061,0.028,0.01,3.3,3.3,desvio,acima,baixa,2,historico feriado (poucos dados),3.0
I22JC094276N,8,,feriado,0.104,0.1517,0.0394,-1.21,-1.21,normal,normal,baixa,3,historico feriado (poucos dados),3.0
I22JC094276N,9,,feriado,0.269,0.2403,0.0878,0.33,0.33,normal,normal,baixa,3,historico feriado (poucos dados),3.0
I22JC094276N,10,,feriado,0.128,0.1933,0.0483,-1.35,-1.35,normal,normal,baixa,3,historico feriado (poucos dados),3.0
I22JC094276N,11,,feriado,0.09,0.1407,0.0352,-1.44,-1.44,normal,normal,baixa,3,historico feriado (poucos dados),3.0
I22JC094277O,0,,feriado,0.0,0.5113,0.444,-1.15,-1.15,normal,normal,baixa,3,historico feriado (poucos dados),3.0
I22JC094277O,1,,feriado,0.0,0.3993,0.3473,-1.15,-1.15,normal,normal,baixa,3,historico feriado (poucos dados),3.0
I22JC094277O,2,,feriado,0.0,0.3053,0.2728,-1.12,-1.12,normal,normal,baixa,3,historico feriado (poucos dados),3.0
I22JC094277O,3,,feriado,0.0,0.2473,0.2204,-1.12,-1.12,normal,normal,baixa,3,historico feriado (poucos dados),3.0
I22JC094277O,4,,feriado,0.0,0.2303,0.2032,-1.13,-1.13,normal,normal,baixa,3,historico feriado (poucos dados),3.0
I22JC094277O,5,,feriado,0.0,0.221,0.1931,-1.14,-1.14,normal,normal,baixa,3,historico feriado (poucos dados),3.0
I22JC094277O,6,,feriado,0.0,0.252,0.2224,-1.13,-1.13,normal,normal,baixa,3,historico feriado (poucos dados),3.0
I22JC094277O,7,,feriado,0.0,0.2943,0.2782,-1.06,-1.06,normal,normal,baixa,3,historico feriado (poucos dados),3.0
I22JC094277O,8,,feriado,0.0,0.5033,0.4418,-1.14,-1.14,normal,normal,baixa,3,historico feriado (poucos dados),3.0
I22JC094277O,9,,feriado,0.0,0.8703,0.7856,-1.11,-1.11,normal,normal,baixa,3,historico feriado (poucos dados),3.0
I22JC094277O,10,,feriado,0.0,1.101,1.0792,-1.02,-1.02,normal,normal,baixa,3,historico feriado (poucos dados),3.0
I22JC094277O,11,,feriado,0.0,1.077,1.0174,-1.06,-1.06,normal,normal,baixa,3,historico feriado (poucos dados),3.0
I22JC094277O,12,,feriado,0.0,1.016,0.9268,-1.1,-1.1,normal,normal,baixa,3,historico feriado (poucos dados),3.0
I22JC094277O,13,,feriado,0.0,1.0437,0.9042,-1.15,-1.15,normal,normal,baixa,3,historico feriado (poucos dados),3.0
I22JC094277O,14,,feriado,0.0,0.9783,0.8637,-1.13,-1.13,normal,normal,baixa,3,historico feriado (poucos dados),3.0
I22JC094277O,15,,feriado,0.0,0.892,0.7786,-1.15,-1.15,normal,normal,baixa,3,historico feriado (poucos dados),3.0
I22JC094277O,16,,feriado,0.0,0.7597,0.6592,-1.15,-1.15,normal,normal,baixa,3,historico feriado (poucos dados),3.0
I22JC094277O,17,,feriado,0.0,0.7533,0.6779,-1.11,-1.11,normal,normal,baixa,3,historico feriado (poucos dados),3.0
I22JC094277O,18,,feriado,0.0,0.7013,0.6099,-1.15,-1.15,normal,normal,baixa,3,historico feriado (poucos dados),3.0
I22JC094277O,19,,feriado,0.0,0.8207,0.7276,-1.13,-1.13,normal,normal,baixa,3,historico feriado (poucos dados),3.0
I22JC094277O,20,,feriado,0.0,0.9183,0.8563,-1.07,-1.07,normal,normal,baixa,3,historico feriado (poucos dados),3.0
I22JC094277O,21,,feriado,0.0,0.9423,0.8331,-1.13,-1.13,normal,normal,baixa,3,historico feriado (poucos dados),3.0
I22JC094277O,22,,feriado,0.0,0.8627,0.7535,-1.14,-1.14,normal,normal,baixa,3,historico feriado (poucos dados),3.0
I22JC094277O,23,,feriado,0.0,0.6427,0.5711,-1.13,-1.13,normal,normal,baixa,3,historico feriado (poucos dados),3.0
I22JC094278P,0,,feriado,0.009,0.0263,0.0118,-1.46,-1.46,normal,normal,baixa,3,historico feriado (poucos dados),3.0
I22JC094278P,1,,feriado,0.009,0.0233,0.02,-0.72,-0.72,normal,normal,baixa,3,historico feriado (poucos dados),3.0
I22JC094278P,2,,feriado,0.054,0.0093,0.01,4.47,4.47,desvio,acima,baixa,3,historico feriado (poucos dados),3.0
I22JC094278P,3,,feriado,0.04,0.0093,0.01,3.07,3.07,desvio,acima,baixa,3,historico feriado (poucos dados),3.0
I22JC094278P,4,,feriado,0.019,0.0167,0.0125,0.19,0.19,normal,normal,baixa,3,historico feriado (poucos dados),3.0
I22JC094278P,5,,feriado,0.012,0.0177,0.01,-0.57,-0.57,normal,normal,baixa,3,historico feriado (poucos dados),3.0
I22JC094278P,6,,feriado,0.051,0.0427,0.0277,0.3,0.3,normal,normal,baixa,3,historico feriado (poucos dados),3.0
I22JC094278P,7,,feriado,0.124,0.1113,0.0278,0.46,0.46,normal,normal,baixa,3,historico feriado (poucos dados),3.0
I22JC094278P,12,,feriado,0.903,0.258,0.072,8.96,8.96,desvio,acima,baixa,3,historico feriado (poucos dados),3.0
I22JC094278P,13,,feriado,0.201,0.1557,0.0468,0.97,0.97,normal,normal,baixa,3,historico feriado (poucos dados),3.0
I22JC094278P,14,,feriado,0.094,0.116,0.0318,-0.69,-0.69,normal,normal,baixa,3,historico feriado (poucos dados),3.0
I22JC094278P,15,,feriado,0.126,0.0723,0.0265,2.03,2.03,normal,normal,baixa,3,historico feriado (poucos dados),3.0
I22JC094278P,16,,feriado,0.202,0.075,0.0278,4.56,4.56,desvio,acima,baixa,3,historico feriado (poucos dados),3.0
I22JC094278P,17,,feriado,0.123,0.0987,0.0677,0.36,0.36,normal,normal,baixa,3,historico feriado (poucos dados),3.0
I22JC094278P,18,,feriado,0.138,0.19,0.0653,-0.8,-0.8,normal,normal,baixa,3,historico feriado (poucos dados),3.0
I22JC094278P,19,,feriado,0.193,0.169,0.1325,0.18,0.18,normal,normal,baixa,3,historico feriado (poucos dados),3.0
I22JC094278P,20,,feriado,0.22,0.0797,0.0396,3.54,3.54,desvio,acima,baixa,3,historico feriado (poucos dados),3.0
I22JC094278P,21,,feriado,0.138,0.1373,0.0488,0.01,0.01,normal,normal,baixa,3,historico feriado (poucos dados),3.0
I22JC094278P,22,,feriado,0.163,0.0827,0.0295,2.72,2.72,normal,normal,baixa,3,historico feriado (poucos dados),3.0
I22JC094278P,23,,feriado,0.057,0.0497,0.0575,0.13,0.13,normal,normal,baixa,3,historico feriado (poucos dados),3.0
I22JC094280J,0,,feriado,0.004,0.0343,0.0482,-0.63,-0.63,normal,normal,baixa,3,historico feriado (poucos dados),3.0
I22JC094280J,1,,feriado,0.005,0.0053,0.01,-0.03,-0.03,normal,normal,baixa,3,historico feriado (poucos dados),3.0
I22JC094280J,10,,feriado,0.423,0.1028,0.103,3.11,3.11,desvio,acima,baixa,13,fallback (30d recentes),3.0
I22JC094280J,11,,feriado,0.029,0.0529,0.0586,-0.41,-0.41,normal,normal,baixa,13,fallback (30d recentes),3.0
I22JC094280J,12,,feriado,0.063,0.0592,0.0481,0.08,0.08,normal,normal,baixa,13,fallback (30d recentes),3.0
I22JC094280J,13,,feriado,0.114,0.0542,0.042,1.43,1.43,normal,normal,baixa,12,fallback (30d recentes),3.0
I22JC094280J,14,,feriado,0.121,0.1813,0.1601,-0.38,-0.38,normal,normal,baixa,13,fallback (30d recentes),3.0
I22JC094280J,15,,feriado,0.06,0.0574,0.039,0.07,0.07,normal,normal,baixa,13,fallback (30d recentes),3.0
I22JC094280J,16,,feriado,0.107,0.0816,0.0794,0.32,0.32,normal,normal,baixa,13,fallback (30d recentes),3.0
I22JC094280J,17,,feriado,0.299,0.1302,0.109,1.55,1.55,normal,normal,baixa,14,fallback (30d recentes),3.0
I22JC094280J,18,,feriado,0.293,0.544,0.6053,-0.41,-0.41,normal,normal,baixa,2,historico feriado (poucos dados),3.0
I22JC094280J,19,,feriado,0.055,0.243,0.0607,-3.09,-3.09,desvio,abaixo,baixa,2,historico feriado (poucos dados),3.0
I22JC094280J,20,,feriado,0.081,0.2265,0.1421,-1.02,-1.02,normal,normal,baixa,2,historico feriado (poucos dados),3.0
I22JC094280J,22,,feriado,0.038,0.1485,0.1011,-1.09,-1.09,normal,normal,baixa,2,historico feriado (poucos dados),3.0
I22JC094280J,23,,feriado,0.02,0.0315,0.0134,-0.86,-0.86,normal,normal,baixa,2,historico feriado (poucos dados),3.0
I22JC094282L,4,,feriado,0.103,0.0043,0.01,9.87,9.87,desvio,acima,baixa,3,historico feriado (poucos dados),3.0
I22JC094282L,5,,feriado,0.01,0.0173,0.0121,-0.61,-0.61,normal,normal,baixa,3,historico feriado (poucos dados),3.0
I22JC094282L,6,,feriado,0.034,0.0377,0.0136,-0.27,-0.27,normal,normal,baixa,3,historico feriado (poucos dados),3.0
I22JC094282L,7,,feriado,0.091,0.077,0.0745,0.19,0.19,normal,normal,baixa,3,historico feriado (poucos dados),3.0
I22JC094282L,8,,feriado,0.1,0.3605,0.1704,-1.53,-1.53,normal,normal,baixa,2,historico feriado (poucos dados),3.0
I22JC094282L,9,,feriado,0.198,0.261,0.1117,-0.56,-0.56,normal,normal,baixa,2,historico feriado (poucos dados),3.0
I22JC094282L,10,,feriado,0.144,0.143,0.0358,0.03,0.03,normal,normal,baixa,2,historico feriado (poucos dados),3.0
I22JC094282L,11,,feriado,0.15,0.2335,0.2114,-0.39,-0.39,normal,normal,baixa,2,historico feriado (poucos dados),3.0
I22JC094282L,12,,feriado,0.272,0.3763,0.2674,-0.39,-0.39,normal,normal,baixa,3,historico feriado (poucos dados),3.0
I22JC094282L,13,,feriado,0.195,0.162,0.0521,0.63,0.63,normal,normal,baixa,3,historico feriado (poucos dados),3.0
I22JC094282L,14,,feriado,0.153,0.104,0.026,1.88,1.88,normal,normal,baixa,3,historico feriado (poucos dados),3.0
I22JC094282L,15,,feriado,0.095,0.139,0.0734,-0.6,-0.6,normal,normal,baixa,3,historico feriado (poucos dados),3.0
I22JC094282L,16,,feriado,0.109,0.1355,0.0339,-0.78,-0.78,normal,normal,baixa,2,historico feriado (poucos dados),3.0
I22JC094282L,17,,feriado,0.046,0.128,0.0424,-1.93,-1.93,normal,normal,baixa,2,historico feriado (poucos dados),3.0
I22JC094282L,18,,feriado,0.127,0.2475,0.0619,-1.95,-1.95,normal,normal,baixa,2,historico feriado (poucos dados),3.0
I22JC094282L,19,,feriado,0.049,0.086,0.0339,-1.09,-1.09,normal,normal,baixa,2,historico feriado (poucos dados),3.0
I22JC094282L,20,,feriado,0.099,0.109,0.041,-0.24,-0.24,normal,normal,baixa,2,historico feriado (poucos dados),3.0
I22JC094282L,21,,feriado,0.106,0.1025,0.0256,0.14,0.14,normal,normal,baixa,2,historico feriado (poucos dados),3.0
I22JC094282L,22,,feriado,0.018,0.027,0.01,-0.9,-0.9,normal,normal,baixa,2,historico feriado (poucos dados),3.0
I22JC094282L,23,,feriado,0.017,0.0295,0.0318,-0.39,-0.39,normal,normal,baixa,2,historico feriado (poucos dados),3.0
I22JC094284N,0,,feriado,0.0,0.0,0.01,0.0,0.0,normal,normal,baixa,3,historico feriado (poucos dados),3.0
I22JC094284N,1,,feriado,0.0,0.0,0.01,0.0,0.0,normal,normal,baixa,3,historico feriado (poucos dados),3.0
I22JC094284N,2,,feriado,0.0,0.0,0.01,0.0,0.0,normal,normal,baixa,3,historico feriado (poucos dados),3.0
I22JC094284N,3,,feriado,0.0,0.0,0.01,0.0,0.0,normal,normal,baixa,3,historico feriado (poucos dados),3.0
I22JC094284N,4,,feriado,0.0,0.0,0.01,0.0,0.0,normal,normal,baixa,3,historico feriado (poucos dados),3.0
I22JC094284N,5,,feriado,0.0,0.0,0.01,0.0,0.0,normal,normal,baixa,3,historico feriado (poucos dados),3.0
I22JC094284N,6,,feriado,0.0,0.0,0.01,0.0,0.0,normal,normal,baixa,3,historico feriado (poucos dados),3.0
I22JC094284N,7,,feriado,0.0,0.0,0.01,0.0,0.0,normal,normal,baixa,3,historico feriado (poucos dados),3.0
I22JC094284N,8,,feriado,0.0,0.0,0.01,0.0,0.0,normal,normal,baixa,3,historico feriado (poucos dados),3.0
I22JC094284N,9,,feriado,0.0,0.0,0.01,0.0,0.0,normal,normal,baixa,3,historico feriado (poucos dados),3.0
I22JC094284N,10,,feriado,0.0,0.0,0.01,0.0,0.0,normal,normal,baixa,3,historico feriado (poucos dados),3.0
I22JC094284N,11,,feriado,0.0,0.0,0.01,0.0,0.0,normal,normal,baixa,3,historico feriado (poucos dados),3.0
I22JC094284N,12,,feriado,0.0,0.0,0.01,0.0,0.0,normal,normal,baixa,3,historico feriado (poucos dados),3.0
I22JC094284N,13,,feriado,0.0,0.0,0.01,0.0,0.0,normal,normal,baixa,3,historico feriado (poucos dados),3.0
I22JC094284N,14,,feriado,0.0,0.0,0.01,0.0,0.0,normal,normal,baixa,3,historico feriado (poucos dados),3.0
I22JC094284N,15,,feriado,0.0,0.0,0.01,0.0,0.0,normal,normal,baixa,3,historico feriado (poucos dados),3.0
I22JC094284N,16,,feriado,0.0,0.0,0.01,0.0,0.0,normal,normal,baixa,3,historico feriado (poucos dados),3.0
I22JC094284N,17,,feriado,0.0,0.0,0.01,0.0,0.0,normal,normal,baixa,3,historico feriado (poucos dados),3.0
I22JC094284N,18,,feriado,0.0,0.0,0.01,0.0,0.0,normal,normal,baixa,3,historico feriado (poucos dados),3.0
I22JC094284N,19,,feriado,0.0,0.0,0.01,0.0,0.0,normal,normal,baixa,3,historico feriado (poucos dados),3.0
I22JC094284N,20,,feriado,0.0,0.0,0.01,0.0,0.0,normal,normal,baixa,3,historico feriado (poucos dados),3.0
I22JC094284N,21,,feriado,0.0,0.0,0.01,0.0,0.0,normal,normal,baixa,3,historico feriado (poucos dados),3.0
I22JC094284N,22,,feriado,0.0,0.0,0.01,0.0,0.0,normal,normal,baixa,3,historico feriado (poucos dados),3.0
I22JC094284N,23,,feriado,0.0,0.0,0.01,0.0,0.0,normal,normal,baixa,3,historico feriado (poucos dados),3.0
I22JC094285O,9,,feriado,0.692,0.103,0.1004,5.87,5.87,desvio,acima,baixa,2,historico feriado (poucos dados),3.0
I22JC094285O,10,,feriado,0.123,0.0565,0.0141,4.71,4.71,desvio,acima,baixa,2,historico feriado (poucos dados),3.0
I22JC094285O,11,,feriado,0.206,0.0625,0.0488,2.94,2.94,normal,normal,baixa,2,historico feriado (poucos dados),3.0
I22JC094285O,12,,feriado,0.082,0.105,0.0263,-0.88,-0.88,normal,normal,baixa,2,historico feriado (poucos dados),3.0
I22JC094286P,4,,feriado,0.111,0.033,0.0303,2.57,2.57,normal,normal,baixa,3,historico feriado (poucos dados),3.0
I22JC094286P,5,,feriado,0.043,0.0217,0.0215,0.99,0.99,normal,normal,baixa,3,historico feriado (poucos dados),3.0
I22JC094286P,6,,feriado,0.047,0.0353,0.0321,0.36,0.36,normal,normal,baixa,3,historico feriado (poucos dados),3.0
I22JC094286P,7,,feriado,0.024,0.045,0.0324,-0.65,-0.65,normal,normal,baixa,3,historico feriado (poucos dados),3.0
I22JC094286P,8,,feriado,0.394,0.1367,0.0408,6.31,6.31,desvio,acima,baixa,3,historico feriado (poucos dados),3.0
I22JC094286P,9,,feriado,0.147,0.0903,0.0514,1.1,1.1,normal,normal,baixa,3,historico feriado (poucos dados),3.0
I22JC094286P,10,,feriado,0.085,0.158,0.1266,-0.58,-0.58,normal,normal,baixa,3,historico feriado (poucos dados),3.0
I22JC094286P,11,,feriado,0.099,0.1473,0.1062,-0.45,-0.45,normal,normal,baixa,3,historico feriado (poucos dados),3.0
I22JC094286P,12,,feriado,0.209,0.1417,0.0359,1.87,1.87,normal,normal,baixa,3,historico feriado (poucos dados),3.0
I22JC094286P,13,,feriado,0.306,0.1417,0.0354,4.64,4.64,desvio,acima,baixa,3,historico feriado (poucos dados),3.0
I22JC094286P,14,,feriado,0.162,0.2267,0.1576,-0.41,-0.41,normal,normal,baixa,3,historico feriado (poucos dados),3.0
I22JC094286P,15,,feriado,0.107,0.1147,0.082,-0.09,-0.09,normal,normal,baixa,3,historico feriado (poucos dados),3.0
I22JC094286P,16,,feriado,0.216,0.1477,0.0595,1.15,1.15,normal,normal,baixa,3,historico feriado (poucos dados),3.0
I22JC094286P,17,,feriado,0.254,0.0747,0.047,3.82,3.82,desvio,acima,baixa,3,historico feriado (poucos dados),3.0
I22JC094286P,18,,feriado,0.082,0.1467,0.071,-0.91,-0.91,normal,normal,baixa,3,historico feriado (poucos dados),3.0
I22JC094286P,19,,feriado,0.064,0.17,0.0537,-1.97,-1.97,normal,normal,baixa,3,historico feriado (poucos dados),3.0
I22JC094286P,20,,feriado,0.062,0.2123,0.15,-1.0,-1.0,normal,normal,baixa,3,historico feriado (poucos dados),3.0
I22JC094286P,21,,feriado,0.254,0.2237,0.0559,0.54,0.54,normal,normal,baixa,3,historico feriado (poucos dados),3.0
I22JC094286P,22,,feriado,0.124,0.1947,0.1245,-0.57,-0.57,normal,normal,baixa,3,historico feriado (poucos dados),3.0
I22JC094286P,23,,feriado,0.085,0.106,0.0586,-0.36,-0.36,normal,normal,baixa,3,historico feriado (poucos dados),3.0
I22JC094287Q,0,,feriado,0.065,0.0725,0.0181,-0.41,-0.41,normal,normal,baixa,2,historico feriado (poucos dados),3.0
I22LA224628,0,,feriado,0.0,0.0,0.01,0.0,0.0,normal,normal,baixa,3,historico feriado (poucos dados),3.0
I22LA224628,1,,feriado,0.0,0.0,0.01,0.0,0.0,normal,normal,baixa,3,historico feriado (poucos dados),3.0
I22LA224628,2,,feriado,0.0,0.0,0.01,0.0,0.0,normal,normal,baixa,3,historico feriado (poucos dados),3.0
I22LA224628,3,,feriado,0.0,0.0,0.01,0.0,0.0,normal,normal,baixa,3,historico feriado (poucos dados),3.0
I22LA224628,4,,feriado,0.0,0.0,0.01,0.0,0.0,normal,normal,baixa,3,historico feriado (poucos dados),3.0
I22LA224628,5,,feriado,0.0,0.0,0.01,0.0,0.0,normal,normal,baixa,3,historico feriado (poucos dados),3.0
I22LA224628,6,,feriado,0.0,0.0,0.01,0.0,0.0,normal,normal,baixa,3,historico feriado (poucos dados),3.0
I22LA224628,7,,feriado,0.0,0.0,0.01,0.0,0.0,normal,normal,baixa,3,historico feriado (poucos dados),3.0
I22LA224628,8,,feriado,0.0,0.0,0.01,0.0,0.0,normal,normal,baixa,3,historico feriado (poucos dados),3.0
I22LA224628,9,,feriado,0.0,0.0,0.01,0.0,0.0,normal,normal,baixa,2,historico feriado (poucos dados),3.0
I22LA224628,10,,feriado,0.0,0.0,0.01,0.0,0.0,normal,normal,baixa,2,historico feriado (poucos dados),3.0
I22LA224628,11,,feriado,0.0,0.0,0.01,0.0,0.0,normal,normal,baixa,2,historico feriado (poucos dados),3.0
I22LA224628,12,,feriado,0.0,0.018,0.0255,-0.71,-0.71,normal,normal,baixa,2,historico feriado (poucos dados),3.0
I22LA224628,13,,feriado,0.0,0.0007,0.01,-0.07,-0.07,normal,normal,baixa,3,historico feriado (poucos dados),3.0
I22LA224628,14,,feriado,0.0,0.0,0.01,0.0,0.0,normal,normal,baixa,3,historico feriado (poucos dados),3.0
I22LA224628,15,,feriado,0.0,0.0,0.01,0.0,0.0,normal,normal,baixa,3,historico feriado (poucos dados),3.0
I22LA224628,16,,feriado,0.0,0.0,0.01,0.0,0.0,normal,normal,baixa,3,historico feriado (poucos dados),3.0
I22LA224628,17,,feriado,0.0,0.0,0.01,0.0,0.0,normal,normal,baixa,3,historico feriado (poucos dados),3.0
I22LA224628,18,,feriado,0.0,0.0,0.01,0.0,0.0,normal,normal,baixa,3,historico feriado (poucos dados),3.0
I22LA224628,19,,feriado,0.0,0.0,0.01,0.0,0.0,normal,normal,baixa,3,historico feriado (poucos dados),3.0
I22LA224628,20,,feriado,0.0,0.0,0.01,0.0,0.0,normal,normal,baixa,3,historico feriado (poucos dados),3.0
I22LA224628,21,,feriado,0.0,0.0,0.01,0.0,0.0,normal,normal,baixa,3,historico feriado (poucos dados),3.0
I22LA224628,22,,feriado,0.0,0.0,0.01,0.0,0.0,normal,normal,baixa,3,historico feriado (poucos dados),3.0
I22LA224628,23,,feriado,0.0,0.0,0.01,0.0,0.0,normal,normal,baixa,3,historico feriado (poucos dados),3.0
I22LA303411,0,,feriado,0.0,0.0,0.01,0.0,0.0,normal,normal,baixa,3,historico feriado (poucos dados),3.0
I22LA303427,0,,feriado,0.0,0.0,0.01,0.0,0.0,normal,normal,baixa,3,historico feriado (poucos dados),3.0
I22LA303573,0,,feriado,0.0,0.0,0.01,0.0,0.0,normal,normal,baixa,3,historico feriado (poucos dados),3.0
I22LA304258,0,,feriado,0.0,0.0,0.01,0.0,0.0,normal,normal,baixa,3,historico feriado (poucos dados),3.0
I22LA304258,1,,feriado,0.0,0.0,0.01,0.0,0.0,normal,normal,baixa,3,historico feriado (poucos dados),3.0
I22LA304258,2,,feriado,0.0,0.0,0.01,0.0,0.0,normal,normal,baixa,3,historico feriado (poucos dados),3.0
I22LA304258,3,,feriado,0.0,0.0,0.01,0.0,0.0,normal,normal,baixa,3,historico feriado (poucos dados),3.0
I22LA304258,4,,feriado,0.0,0.0,0.01,0.0,0.0,normal,normal,baixa,3,historico feriado (poucos dados),3.0
I22LA304258,5,,feriado,0.0,0.0,0.01,0.0,0.0,normal,normal,baixa,3,historico feriado (poucos dados),3.0
I22LA304258,6,,feriado,0.0,0.0,0.01,0.0,0.0,normal,normal,baixa,3,historico feriado (poucos dados),3.0
I22LA304258,7,,feriado,0.0,0.0,0.01,0.0,0.0,normal,normal,baixa,3,historico feriado (poucos dados),3.0
I22LA304258,8,,feriado,0.0,0.0,0.01,0.0,0.0,normal,normal,baixa,3,historico feriado (poucos dados),3.0
I22LA304258,9,,feriado,0.0,0.0,0.01,0.0,0.0,normal,normal,baixa,3,historico feriado (poucos dados),3.0
I22LA304258,10,,feriado,0.0,0.0,0.01,0.0,0.0,normal,normal,baixa,3,historico feriado (poucos dados),3.0
I22LA304258,11,,feriado,0.0,0.0,0.01,0.0,0.0,normal,normal,baixa,3,historico feriado (poucos dados),3.0
I22LA304258,12,,feriado,0.0,0.0,0.01,0.0,0.0,normal,normal,baixa,3,historico feriado (poucos dados),3.0
I22LA304258,13,,feriado,0.0,0.0,0.01,0.0,0.0,normal,normal,baixa,3,historico feriado (poucos dados),3.0
I22LA304258,14,,feriado,0.0,0.0,0.01,0.0,0.0,normal,normal,baixa,3,historico feriado (poucos dados),3.0
I22LA304258,15,,feriado,0.0,0.0,0.01,0.0,0.0,normal,normal,baixa,3,historico feriado (poucos dados),3.0
I22LA304258,16,,feriado,0.0,0.0,0.01,0.0,0.0,normal,normal,baixa,3,historico feriado (poucos dados),3.0
I22LA304258,17,,feriado,0.0,0.0,0.01,0.0,0.0,normal,normal,baixa,3,historico feriado (poucos dados),3.0
I22LA304258,18,,feriado,0.0,0.0,0.01,0.0,0.0,normal,normal,baixa,3,historico feriado (poucos dados),3.0
I22LA304258,19,,feriado,0.0,0.0,0.01,0.0,0.0,normal,normal,baixa,3,historico feriado (poucos dados),3.0
I22LA304258,20,,feriado,0.0,0.0,0.01,0.0,0.0,normal,normal,baixa,3,historico feriado (poucos dados),3.0
I22LA304258,21,,feriado,0.0,0.0,0.01,0.0,0.0,normal,normal,baixa,3,historico feriado (poucos dados),3.0
I22LA304258,22,,feriado,0.0,0.0,0.01,0.0,0.0,normal,normal,baixa,3,historico feriado (poucos dados),3.0
I22LA304258,23,,feriado,0.0,0.0,0.01,0.0,0.0,normal,normal,baixa,3,historico feriado (poucos dados),3.0
I22LA306555,0,,feriado,0.0,0.0,0.01,0.0,0.0,normal,normal,baixa,3,historico feriado (poucos dados),3.0
I22LA306555,1,,feriado,0.0,0.0,0.01,0.0,0.0,normal,normal,baixa,3,historico feriado (poucos dados),3.0
I22LA306555,2,,feriado,0.0,0.0,0.01,0.0,0.0,normal,normal,baixa,3,historico feriado (poucos dados),3.0
I22LA306555,3,,feriado,0.0,0.0,0.01,0.0,0.0,normal,normal,baixa,3,historico feriado (poucos dados),3.0
I22LA306555,4,,feriado,0.0,0.0,0.01,0.0,0.0,normal,normal,baixa,3,historico feriado (poucos dados),3.0
I22LA306555,5,,feriado,0.0,0.0,0.01,0.0,0.0,normal,normal,baixa,3,historico feriado (poucos dados),3.0
I22LA306555,6,,feriado,0.0,0.0,0.01,0.0,0.0,normal,normal,baixa,3,historico feriado (poucos dados),3.0
I22LA306555,7,,feriado,0.0,0.0,0.01,0.0,0.0,normal,normal,baixa,3,historico feriado (poucos dados),3.0
I22LA306555,8,,feriado,0.0,0.0,0.01,0.0,0.0,normal,normal,baixa,3,historico feriado (poucos dados),3.0
I22LA306555,9,,feriado,0.0,0.0,0.01,0.0,0.0,normal,normal,baixa,3,historico feriado (poucos dados),3.0
I22LA306555,10,,feriado,0.0,0.0,0.01,0.0,0.0,normal,normal,baixa,3,historico feriado (poucos dados),3.0
I22LA306555,11,,feriado,0.0,0.0,0.01,0.0,0.0,normal,normal,baixa,3,historico feriado (poucos dados),3.0
I22LA306555,12,,feriado,0.0,0.0,0.01,0.0,0.0,normal,normal,baixa,3,historico feriado (poucos dados),3.0
I22LA306555,13,,feriado,0.0,0.0,0.01,0.0,0.0,normal,normal,baixa,3,historico feriado (poucos dados),3.0
I22LA306555,14,,feriado,0.0,0.0,0.01,0.0,0.0,normal,normal,baixa,3,historico feriado (poucos dados),3.0
I22LA306555,15,,feriado,0.0,0.0,0.01,0.0,0.0,normal,normal,baixa,3,historico feriado (poucos dados),3.0
I22LA306555,16,,feriado,0.0,0.0,0.01,0.0,0.0,normal,normal,baixa,3,historico feriado (poucos dados),3.0
I22LA306555,17,,feriado,0.0,0.0,0.01,0.0,0.0,normal,normal,baixa,3,historico feriado (poucos dados),3.0
I22LA306555,18,,feriado,0.0,0.0,0.01,0.0,0.0,normal,normal,baixa,3,historico feriado (poucos dados),3.0
I22LA306555,19,,feriado,0.0,0.0,0.01,0.0,0.0,normal,normal,baixa,3,historico feriado (poucos dados),3.0
I22LA306555,20,,feriado,0.0,0.0,0.01,0.0,0.0,normal,normal,baixa,3,historico feriado (poucos dados),3.0
I22LA306555,21,,feriado,0.0,0.0,0.01,0.0,0.0,normal,normal,baixa,3,historico feriado (poucos dados),3.0
I22LA306555,22,,feriado,0.0,0.0,0.01,0.0,0.0,normal,normal,baixa,3,historico feriado (poucos dados),3.0
I22LA306555,23,,feriado,0.0,0.0,0.01,0.0,0.0,normal,normal,baixa,3,historico feriado (poucos dados),3.0
I23JC012768P,3,,feriado,0.0,0.0,0.01,0.0,0.0,normal,normal,baixa,3,historico feriado (poucos dados),3.0
I23JC012768P,4,,feriado,0.0,0.0,0.01,0.0,0.0,normal,normal,baixa,3,historico feriado (poucos dados),3.0
I23JC012768P,5,,feriado,0.0,0.0,0.01,0.0,0.0,normal,normal,baixa,3,historico feriado (poucos dados),3.0
I23JC012768P,6,,feriado,0.0,0.0,0.01,0.0,0.0,normal,normal,baixa,3,historico feriado (poucos dados),3.0
I23JC012768P,7,,feriado,0.0,0.0,0.01,0.0,0.0,normal,normal,baixa,2,historico feriado (poucos dados),3.0
I23JC012768P,8,,feriado,0.0,0.0,0.01,0.0,0.0,normal,normal,baixa,2,historico feriado (poucos dados),3.0
I23JC012768P,9,,feriado,0.0,0.0,0.01,0.0,0.0,normal,normal,baixa,2,historico feriado (poucos dados),3.0
I23JC012768P,10,,feriado,0.0,0.0,0.01,0.0,0.0,normal,normal,baixa,2,historico feriado (poucos dados),3.0
I23JC012768P,15,,feriado,0.0,0.0,0.01,0.0,0.0,normal,normal,baixa,2,historico feriado (poucos dados),3.0
I23JC012768P,16,,feriado,0.0,0.0,0.01,0.0,0.0,normal,normal,baixa,2,historico feriado (poucos dados),3.0
I23JC012768P,17,,feriado,0.0,0.0,0.01,0.0,0.0,normal,normal,baixa,2,historico feriado (poucos dados),3.0
I23JC012768P,18,,feriado,0.0,0.0,0.01,0.0,0.0,normal,normal,baixa,2,historico feriado (poucos dados),3.0
I23JC012768P,19,,feriado,0.0,0.0,0.01,0.0,0.0,normal,normal,baixa,3,historico feriado (poucos dados),3.0
I23JC012768P,20,,feriado,0.0,0.0,0.01,0.0,0.0,normal,normal,baixa,3,historico feriado (poucos dados),3.0
I23JC012768P,21,,feriado,0.0,0.0,0.01,0.0,0.0,normal,normal,baixa,3,historico feriado (poucos dados),3.0
I23JC012768P,22,,feriado,0.0,0.0,0.01,0.0,0.0,normal,normal,baixa,3,historico feriado (poucos dados),3.0
I23JC012768P,23,,feriado,0.0,0.0,0.01,0.0,0.0,normal,normal,baixa,3,historico feriado (poucos dados),3.0
I23JC012769Q,0,,feriado,0.0,0.0,0.01,0.0,0.0,normal,normal,baixa,3,historico feriado (poucos dados),3.0
I23JC012769Q,1,,feriado,0.0,0.0,0.01,0.0,0.0,normal,normal,baixa,3,historico feriado (poucos dados),3.0
I23JC012769Q,2,,feriado,0.0,0.0,0.01,0.0,0.0,normal,normal,baixa,3,historico feriado (poucos dados),3.0
I23JC012769Q,3,,feriado,0.0,0.0,0.01,0.0,0.0,normal,normal,baixa,3,historico feriado (poucos dados),3.0
I23JC012769Q,4,,feriado,0.0,0.0,0.01,0.0,0.0,normal,normal,baixa,3,historico feriado (poucos dados),3.0
I23JC012769Q,5,,feriado,0.0,0.0,0.01,0.0,0.0,normal,normal,baixa,3,historico feriado (poucos dados),3.0
I23JC012769Q,6,,feriado,0.0,0.0,0.01,0.0,0.0,normal,normal,baixa,3,historico feriado (poucos dados),3.0
I23JC012769Q,7,,feriado,0.0,0.0,0.01,0.0,0.0,normal,normal,baixa,3,historico feriado (poucos dados),3.0
I23JC012769Q,8,,feriado,0.0,0.0,0.01,0.0,0.0,normal,normal,baixa,3,historico feriado (poucos dados),3.0
I23JC012769Q,9,,feriado,0.0,0.0,0.01,0.0,0.0,normal,normal,baixa,3,historico feriado (poucos dados),3.0
I23JC012769Q,10,,feriado,0.0,0.0,0.01,0.0,0.0,normal,normal,baixa,3,historico feriado (poucos dados),3.0
I23JC012769Q,11,,feriado,0.0,0.0,0.01,0.0,0.0,normal,normal,baixa,2,historico feriado (poucos dados),3.0
I23JC012769Q,12,,feriado,0.0,0.0,0.01,0.0,0.0,normal,normal,baixa,2,historico feriado (poucos dados),3.0
I23JC012769Q,13,,feriado,0.0,0.0,0.01,0.0,0.0,normal,normal,baixa,2,historico feriado (poucos dados),3.0
I23JC012769Q,14,,feriado,0.0,0.0,0.01,0.0,0.0,normal,normal,baixa,2,historico feriado (poucos dados),3.0
I23JC012769Q,15,,feriado,0.0,0.0,0.01,0.0,0.0,normal,normal,baixa,3,historico feriado (poucos dados),3.0
I23JC012769Q,16,,feriado,0.0,0.0,0.01,0.0,0.0,normal,normal,baixa,3,historico feriado (poucos dados),3.0
I23JC012769Q,17,,feriado,0.0,0.0,0.01,0.0,0.0,normal,normal,baixa,3,historico feriado (poucos dados),3.0
I23JC012769Q,18,,feriado,0.0,0.0,0.01,0.0,0.0,normal,normal,baixa,3,historico feriado (poucos dados),3.0
I23JC012769Q,19,,feriado,0.0,0.0,0.01,0.0,0.0,normal,normal,baixa,2,historico feriado (poucos dados),3.0
I23JC012769Q,20,,feriado,0.0,0.0,0.01,0.0,0.0,normal,normal,baixa,2,historico feriado (poucos dados),3.0
I23JC012769Q,21,,feriado,0.0,0.0,0.01,0.0,0.0,normal,normal,baixa,2,historico feriado (poucos dados),3.0
I23JC012769Q,22,,feriado,0.0,0.0,0.01,0.0,0.0,normal,normal,baixa,2,historico feriado (poucos dados),3.0
I23JC012769Q,23,,feriado,0.0,0.0,0.01,0.0,0.0,normal,normal,baixa,2,historico feriado (poucos dados),3.0
I23JC095866,0,,feriado,0.096,0.0637,0.0159,2.03,2.03,normal,normal,baixa,3,historico feriado (poucos dados),3.0
I23JC095867,0,,feriado,0.143,0.054,0.0376,2.36,2.36,normal,normal,baixa,3,historico feriado (poucos dados),3.0
I23JC095869,0,,feriado,0.094,0.084,0.021,0.48,0.48,normal,normal,baixa,2,historico feriado (poucos dados),3.0
I23JC095870,0,,feriado,0.077,0.1293,0.0381,-1.37,-1.37,normal,normal,baixa,3,historico feriado (poucos dados),3.0
I23JC095961O,0,,feriado,0.036,0.0797,0.0626,-0.7,-0.7,normal,normal,baixa,3,historico feriado (poucos dados),3.0
I23JC096059X,0,,feriado,0.061,0.119,0.065,-0.89,-0.89,normal,normal,baixa,3,historico feriado (poucos dados),3.0
I23JC096059X,1,,feriado,0.017,0.064,0.0195,-2.41,-2.41,normal,normal,baixa,3,historico feriado (poucos dados),3.0
I23JC096059X,2,,feriado,0.017,0.025,0.0106,-0.76,-0.76,normal,normal,baixa,3,historico feriado (poucos dados),3.0
I23JC096059X,3,,feriado,0.006,0.009,0.01,-0.3,-0.3,normal,normal,baixa,3,historico feriado (poucos dados),3.0
I23JC096059X,4,,feriado,0.018,0.03,0.0297,-0.4,-0.4,normal,normal,baixa,3,historico feriado (poucos dados),3.0
I23JC096059X,5,,feriado,0.015,0.034,0.0246,-0.77,-0.77,normal,normal,baixa,3,historico feriado (poucos dados),3.0
I23JC096059X,6,,feriado,0.2,0.0567,0.0144,9.98,9.98,desvio,acima,baixa,3,historico feriado (poucos dados),3.0
I23JC096059X,7,,feriado,0.138,0.1427,0.0357,-0.13,-0.13,normal,normal,baixa,3,historico feriado (poucos dados),3.0
I23JC096059X,8,,feriado,0.25,0.2697,0.0674,-0.29,-0.29,normal,normal,baixa,3,historico feriado (poucos dados),3.0
I23JC096059X,9,,feriado,0.275,0.2883,0.0892,-0.15,-0.15,normal,normal,baixa,3,historico feriado (poucos dados),3.0
I23JC096059X,10,,feriado,0.143,0.4153,0.1045,-2.61,-2.61,normal,normal,baixa,3,historico feriado (poucos dados),3.0
I23JC096059X,11,,feriado,0.38,0.2907,0.0727,1.23,1.23,normal,normal,baixa,3,historico feriado (poucos dados),3.0
I23JC096059X,12,,feriado,0.238,0.3087,0.0772,-0.92,-0.92,normal,normal,baixa,3,historico feriado (poucos dados),3.0
I23JC096059X,13,,feriado,0.289,0.321,0.0803,-0.4,-0.4,normal,normal,baixa,3,historico feriado (poucos dados),3.0
I23JC096059X,14,,feriado,0.215,0.3907,0.1715,-1.02,-1.02,normal,normal,baixa,3,historico feriado (poucos dados),3.0
I23JC096059X,15,,feriado,0.075,0.2787,0.0697,-2.92,-2.92,normal,normal,baixa,3,historico feriado (poucos dados),3.0
I23JC096059X,16,,feriado,0.149,0.115,0.0287,1.18,1.18,normal,normal,baixa,3,historico feriado (poucos dados),3.0
I23JC096059X,17,,feriado,0.235,0.3093,0.1541,-0.48,-0.48,normal,normal,baixa,3,historico feriado (poucos dados),3.0
I23JC096059X,18,,feriado,0.451,0.4033,0.1635,0.29,0.29,normal,normal,baixa,3,historico feriado (poucos dados),3.0
I23JC096059X,19,,feriado,0.411,0.24,0.06,2.85,2.85,normal,normal,baixa,3,historico feriado (poucos dados),3.0
I23JC096059X,20,,feriado,0.515,0.431,0.1634,0.51,0.51,normal,normal,baixa,3,historico feriado (poucos dados),3.0
I23JC096059X,21,,feriado,0.231,0.318,0.0795,-1.09,-1.09,normal,normal,baixa,3,historico feriado (poucos dados),3.0
I23JC096059X,22,,feriado,0.307,0.306,0.1791,0.01,0.01,normal,normal,baixa,3,historico feriado (poucos dados),3.0
I23JC096059X,23,,feriado,0.126,0.19,0.0475,-1.35,-1.35,normal,normal,baixa,3,historico feriado (poucos dados),3.0
I23JC096060Q,8,,feriado,0.334,0.0743,0.0337,7.7,7.7,desvio,acima,baixa,3,historico feriado (poucos dados),3.0
I23JC096060Q,9,,feriado,0.071,0.1457,0.0576,-1.3,-1.3,normal,normal,baixa,3,historico feriado (poucos dados),3.0
I23JC096060Q,10,,feriado,0.13,0.097,0.0433,0.76,0.76,normal,normal,baixa,3,historico feriado (poucos dados),3.0
I23JC096060Q,11,,feriado,0.1,0.0707,0.0242,1.21,1.21,normal,normal,baixa,3,historico feriado (poucos dados),3.0
I23JC096060Q,12,,feriado,0.207,0.0993,0.0353,3.05,3.05,desvio,acima,baixa,3,historico feriado (poucos dados),3.0
I23JC096060Q,13,,feriado,0.114,0.136,0.0964,-0.23,-0.23,normal,normal,baixa,3,historico feriado (poucos dados),3.0
I23JC096060Q,14,,feriado,0.061,0.0867,0.0345,-0.74,-0.74,normal,normal,baixa,3,historico feriado (poucos dados),3.0
I23JC096060Q,15,,feriado,0.052,0.084,0.0384,-0.83,-0.83,normal,normal,baixa,3,historico feriado (poucos dados),3.0
I23JC096060Q,16,,feriado,0.032,0.092,0.0485,-1.24,-1.24,normal,normal,baixa,3,historico feriado (poucos dados),3.0
I23JC096060Q,17,,feriado,0.059,0.055,0.0259,0.15,0.15,normal,normal,baixa,3,historico feriado (poucos dados),3.0
I23JC096060Q,18,,feriado,0.045,0.0993,0.0469,-1.16,-1.16,normal,normal,baixa,3,historico feriado (poucos dados),3.0
I23JC096060Q,19,,feriado,0.087,0.0557,0.0163,1.93,1.93,normal,normal,baixa,3,historico feriado (poucos dados),3.0
I23JC096060Q,20,,feriado,0.163,0.1107,0.0725,0.72,0.72,normal,normal,baixa,3,historico feriado (poucos dados),3.0
I23JC096060Q,21,,feriado,0.032,0.0733,0.0662,-0.62,-0.62,normal,normal,baixa,3,historico feriado (poucos dados),3.0
I23JC096060Q,22,,feriado,0.05,0.1153,0.0396,-1.65,-1.65,normal,normal,baixa,3,historico feriado (poucos dados),3.0
I23JC096060Q,23,,feriado,0.033,0.0707,0.0708,-0.53,-0.53,normal,normal,baixa,3,historico feriado (poucos dados),3.0
I23JC096061R,0,,feriado,0.112,0.0297,0.0228,3.61,3.61,desvio,acima,baixa,3,historico feriado (poucos dados),3.0
I23JC096061R,1,,feriado,0.01,0.0087,0.01,0.13,0.13,normal,normal,baixa,3,historico feriado (poucos dados),3.0
I23JC096061R,2,,feriado,0.015,0.003,0.01,1.2,1.2,normal,normal,baixa,3,historico feriado (poucos dados),3.0
I23JC096061R,3,,feriado,0.013,0.0047,0.01,0.83,0.83,normal,normal,baixa,3,historico feriado (poucos dados),3.0
I23JC096061R,4,,feriado,0.0,0.0113,0.01,-1.13,-1.13,normal,normal,baixa,3,historico feriado (poucos dados),3.0
I23JC096061R,5,,feriado,0.005,0.0077,0.01,-0.27,-0.27,normal,normal,baixa,3,historico feriado (poucos dados),3.0
I23JC096061R,6,,feriado,0.0,0.003,0.01,-0.3,-0.3,normal,normal,baixa,3,historico feriado (poucos dados),3.0
I23JC096061R,7,,feriado,0.04,0.0547,0.0408,-0.36,-0.36,normal,normal,baixa,3,historico feriado (poucos dados),3.0
I23JC096061R,8,,feriado,0.064,0.0657,0.0525,-0.03,-0.03,normal,normal,baixa,3,historico feriado (poucos dados),3.0
I23JC096061R,9,,feriado,0.043,0.0583,0.0278,-0.55,-0.55,normal,normal,baixa,3,historico feriado (poucos dados),3.0
I23JC096061R,10,,feriado,0.073,0.1047,0.0861,-0.37,-0.37,normal,normal,baixa,3,historico feriado (poucos dados),3.0
I23JC096061R,11,,feriado,0.066,0.0907,0.0371,-0.67,-0.67,normal,normal,baixa,3,historico feriado (poucos dados),3.0
I23JC096061R,12,,feriado,0.173,0.1473,0.0871,0.29,0.29,normal,normal,baixa,3,historico feriado (poucos dados),3.0
I23JC096061R,13,,feriado,0.135,0.1163,0.0291,0.64,0.64,normal,normal,baixa,3,historico feriado (poucos dados),3.0
I23JC096061R,14,,feriado,0.1,0.1823,0.106,-0.78,-0.78,normal,normal,baixa,3,historico feriado (poucos dados),3.0
I23JC096061R,15,,feriado,0.152,0.0817,0.0204,3.44,3.44,desvio,acima,baixa,3,historico feriado (poucos dados),3.0
I23JC096061R,16,,feriado,0.083,0.0453,0.0113,3.32,3.32,desvio,acima,baixa,3,historico feriado (poucos dados),3.0
I23JC096061R,17,,feriado,0.092,0.02,0.0176,4.1,4.1,desvio,acima,baixa,3,historico feriado (poucos dados),3.0
I23JC096061R,18,,feriado,0.088,0.047,0.0313,1.31,1.31,normal,normal,baixa,3,historico feriado (poucos dados),3.0
I23JC096061R,19,,feriado,0.077,0.0583,0.0275,0.68,0.68,normal,normal,baixa,3,historico feriado (poucos dados),3.0
I23JC096061R,20,,feriado,0.131,0.0777,0.0194,2.75,2.75,normal,normal,baixa,3,historico feriado (poucos dados),3.0
I23JC096061R,21,,feriado,0.08,0.0713,0.0178,0.49,0.49,normal,normal,baixa,3,historico feriado (poucos dados),3.0
I23JC096061R,22,,feriado,0.085,0.0337,0.01,5.13,5.13,desvio,acima,baixa,3,historico feriado (poucos dados),3.0
I23JC096061R,23,,feriado,0.076,0.0357,0.0268,1.5,1.5,normal,normal,baixa,3,historico feriado (poucos dados),3.0
I23JC096062S,0,,feriado,0.004,0.0095,0.01,-0.55,-0.55,normal,normal,baixa,2,historico feriado (poucos dados),3.0
I23JC096063T,0,,feriado,0.038,0.147,0.123,-0.89,-0.89,normal,normal,baixa,3,historico feriado (poucos dados),3.0
I23JC096063T,5,,feriado,0.126,0.035,0.0381,2.39,2.39,normal,normal,baixa,3,historico feriado (poucos dados),3.0
I23JC096063T,6,,feriado,0.025,0.046,0.0115,-1.83,-1.83,normal,normal,baixa,3,historico feriado (poucos dados),3.0
I23JC096063T,7,,feriado,0.026,0.047,0.0118,-1.79,-1.79,normal,normal,baixa,3,historico feriado (poucos dados),3.0
I23JC096063T,8,,feriado,0.103,0.138,0.1043,-0.34,-0.34,normal,normal,baixa,3,historico feriado (poucos dados),3.0
I23JC096063T,9,,feriado,0.267,0.1737,0.0586,1.59,1.59,normal,normal,baixa,3,historico feriado (poucos dados),3.0
I23JC096063T,10,,feriado,0.179,0.1853,0.077,-0.08,-0.08,normal,normal,baixa,3,historico feriado (poucos dados),3.0
I23JC096063T,11,,feriado,0.194,0.2543,0.0636,-0.95,-0.95,normal,normal,baixa,3,historico feriado (poucos dados),3.0
I23JC096063T,12,,feriado,0.313,0.2297,0.128,0.65,0.65,normal,normal,baixa,3,historico feriado (poucos dados),3.0
I23JC096063T,13,,feriado,0.377,0.2753,0.0688,1.48,1.48,normal,normal,baixa,3,historico feriado (poucos dados),3.0
I23JC096063T,14,,feriado,0.435,0.3337,0.0834,1.21,1.21,normal,normal,baixa,3,historico feriado (poucos dados),3.0
I23JC096063T,15,,feriado,0.401,0.331,0.0828,0.85,0.85,normal,normal,baixa,3,historico feriado (poucos dados),3.0
I23JC096063T,16,,feriado,0.204,0.22,0.0864,-0.19,-0.19,normal,normal,baixa,3,historico feriado (poucos dados),3.0
I23JC096063T,17,,feriado,0.371,0.157,0.0902,2.37,2.37,normal,normal,baixa,3,historico feriado (poucos dados),3.0
I23JC096063T,18,,feriado,0.211,0.2137,0.1599,-0.02,-0.02,normal,normal,baixa,3,historico feriado (poucos dados),3.0
I23JC096063T,19,,feriado,0.202,0.203,0.0997,-0.01,-0.01,normal,normal,baixa,3,historico feriado (poucos dados),3.0
I23JC096063T,20,,feriado,0.218,0.1897,0.048,0.59,0.59,normal,normal,baixa,3,historico feriado (poucos dados),3.0
I23JC096063T,21,,feriado,0.25,0.183,0.0457,1.46,1.46,normal,normal,baixa,3,historico feriado (poucos dados),3.0
I23JC096063T,22,,feriado,0.324,0.334,0.0835,-0.12,-0.12,normal,normal,baixa,3,historico feriado (poucos dados),3.0
I23JC096063T,23,,feriado,0.111,0.1397,0.0451,-0.64,-0.64,normal,normal,baixa,3,historico feriado (poucos dados),3.0
I23JE044621,0,,feriado,0.012,0.0183,0.01,-0.63,-0.63,normal,normal,baixa,3,historico feriado (poucos dados),3.0
I23JE044621,1,,feriado,0.004,0.0073,0.01,-0.33,-0.33,normal,normal,baixa,3,historico feriado (poucos dados),3.0
I23JE044621,2,,feriado,0.011,-0.001,0.01,1.2,1.2,normal,normal,baixa,3,historico feriado (poucos dados),3.0
I23JE044621,3,,feriado,0.001,0.008,0.01,-0.7,-0.7,normal,normal,baixa,3,historico feriado (poucos dados),3.0
I23JE044621,4,,feriado,0.004,0.001,0.01,0.3,0.3,normal,normal,baixa,3,historico feriado (poucos dados),3.0
I23JE044621,5,,feriado,0.013,0.003,0.01,1.0,1.0,normal,normal,baixa,3,historico feriado (poucos dados),3.0
I23JE044621,6,,feriado,0.004,0.0093,0.01,-0.53,-0.53,normal,normal,baixa,3,historico feriado (poucos dados),3.0
I23JE044621,7,,feriado,0.015,0.02,0.0131,-0.38,-0.38,normal,normal,baixa,3,historico feriado (poucos dados),3.0
I23JE044621,8,,feriado,0.069,0.0137,0.0172,3.21,3.21,desvio,acima,baixa,3,historico feriado (poucos dados),3.0
I23JE044621,9,,feriado,0.031,0.0347,0.0403,-0.09,-0.09,normal,normal,baixa,3,historico feriado (poucos dados),3.0
I23JE044621,10,,feriado,0.056,0.0303,0.0343,0.75,0.75,normal,normal,baixa,3,historico feriado (poucos dados),3.0
I23JE044621,11,,feriado,0.024,0.05,0.049,-0.53,-0.53,normal,normal,baixa,3,historico feriado (poucos dados),3.0
I23JE044621,12,,feriado,0.118,0.0523,0.0486,1.35,1.35,normal,normal,baixa,3,historico feriado (poucos dados),3.0
I23JE044621,13,,feriado,0.128,0.056,0.035,2.06,2.06,normal,normal,baixa,3,historico feriado (poucos dados),3.0
I23JE044621,14,,feriado,0.36,0.0617,0.0505,5.91,5.91,desvio,acima,baixa,3,historico feriado (poucos dados),3.0
I23JE044621,15,,feriado,0.176,0.0463,0.0428,3.03,3.03,desvio,acima,baixa,3,historico feriado (poucos dados),3.0
I23JE044621,16,,feriado,0.066,0.018,0.0132,3.63,3.63,desvio,acima,baixa,3,historico feriado (poucos dados),3.0
I23JE044621,17,,feriado,0.015,0.0257,0.0172,-0.62,-0.62,normal,normal,baixa,3,historico feriado (poucos dados),3.0
I23JE044621,18,,feriado,0.03,0.0287,0.0223,0.06,0.06,normal,normal,baixa,3,historico feriado (poucos dados),3.0
I23JE044621,19,,feriado,0.104,0.0323,0.0323,2.22,2.22,normal,normal,baixa,3,historico feriado (poucos dados),3.0
I23JE044621,20,,feriado,0.02,0.009,0.01,1.1,1.1,normal,normal,baixa,3,historico feriado (poucos dados),3.0
I23JE044621,21,,feriado,0.019,0.0033,0.01,1.57,1.57,normal,normal,baixa,3,historico feriado (poucos dados),3.0
I23JE044621,22,,feriado,0.005,0.0,0.01,0.5,0.5,normal,normal,baixa,3,historico feriado (poucos dados),3.0
I23JE044621,23,,feriado,0.028,0.011,0.01,1.7,1.7,normal,normal,baixa,3,historico feriado (poucos dados),3.0
I23LA005760,0,,feriado,0.0,0.0,0.01,0.0,0.0,normal,normal,baixa,3,historico feriado (poucos dados),3.0
I23LA005956,0,,feriado,0.0,0.0,0.01,0.0,0.0,normal,normal,baixa,3,historico feriado (poucos dados),3.0
I23LA005956,1,,feriado,0.0,0.0,0.01,0.0,0.0,normal,normal,baixa,3,historico feriado (poucos dados),3.0
I23LA005956,2,,feriado,0.0,0.0,0.01,0.0,0.0,normal,normal,baixa,3,historico feriado (poucos dados),3.0
I23LA005956,3,,feriado,0.0,0.0,0.01,0.0,0.0,normal,normal,baixa,3,historico feriado (poucos dados),3.0
I23LA005956,4,,feriado,0.0,0.0,0.01,0.0,0.0,normal,normal,baixa,3,historico feriado (poucos dados),3.0
I23LA005956,5,,feriado,0.0,0.0,0.01,0.0,0.0,normal,normal,baixa,3,historico feriado (poucos dados),3.0
I23LA005956,6,,feriado,0.0,0.0,0.01,0.0,0.0,normal,normal,baixa,3,historico feriado (poucos dados),3.0
I23LA005956,7,,feriado,0.0,0.0,0.01,0.0,0.0,normal,normal,baixa,3,historico feriado (poucos dados),3.0
I23LA005956,8,,feriado,0.0,0.0033,0.01,-0.33,-0.33,normal,normal,baixa,3,historico feriado (poucos dados),3.0
I23LA005956,9,,feriado,0.0,0.0,0.01,0.0,0.0,normal,normal,baixa,22,fallback (30d recentes),3.0
I23LA005956,10,,feriado,0.0,0.0005,0.01,-0.05,-0.05,normal,normal,baixa,22,fallback (30d recentes),3.0
I23LA005956,11,,feriado,0.0,0.0003,0.01,-0.03,-0.03,normal,normal,baixa,22,fallback (30d recentes),3.0
I23LA005956,12,,feriado,0.0,0.0,0.01,0.0,0.0,normal,normal,baixa,22,fallback (30d recentes),3.0
I23LA005956,13,,feriado,0.0,0.0,0.01,0.0,0.0,normal,normal,baixa,3,historico feriado (poucos dados),3.0
I23LA005956,14,,feriado,0.0,0.0,0.01,0.0,0.0,normal,normal,baixa,3,historico feriado (poucos dados),3.0
I23LA005956,15,,feriado,0.0,0.0,0.01,0.0,0.0,normal,normal,baixa,3,historico feriado (poucos dados),3.0
I23LA005956,16,,feriado,0.0,0.0,0.01,0.0,0.0,normal,normal,baixa,3,historico feriado (poucos dados),3.0
I23LA005956,17,,feriado,0.0,0.0,0.01,0.0,0.0,normal,normal,baixa,3,historico feriado (poucos dados),3.0
I23LA005956,18,,feriado,0.0,0.0,0.01,0.0,0.0,normal,normal,baixa,3,historico feriado (poucos dados),3.0
I23LA005956,19,,feriado,0.0,0.0,0.01,0.0,0.0,normal,normal,baixa,3,historico feriado (poucos dados),3.0
I23LA005956,20,,feriado,0.0,0.0,0.01,0.0,0.0,normal,normal,baixa,3,historico feriado (poucos dados),3.0
I23LA005956,21,,feriado,0.0,0.0,0.01,0.0,0.0,normal,normal,baixa,3,historico feriado (poucos dados),3.0
I23LA005956,22,,feriado,0.0,0.0,0.01,0.0,0.0,normal,normal,baixa,3,historico feriado (poucos dados),3.0
I23LA005956,23,,feriado,0.0,0.0,0.01,0.0,0.0,normal,normal,baixa,3,historico feriado (poucos dados),3.0
I23LA005984,0,,feriado,0.0,0.0,0.01,0.0,0.0,normal,normal,baixa,2,historico feriado (poucos dados),3.0
I23LA005984,1,,feriado,0.0,0.0,0.01,0.0,0.0,normal,normal,baixa,3,historico feriado (poucos dados),3.0
I23LA005984,2,,feriado,0.0,0.0,0.01,0.0,0.0,normal,normal,baixa,3,historico feriado (poucos dados),3.0
I23LA005984,3,,feriado,0.0,0.0,0.01,0.0,0.0,normal,normal,baixa,3,historico feriado (poucos dados),3.0
I23LA005984,4,,feriado,0.0,0.0,0.01,0.0,0.0,normal,normal,baixa,3,historico feriado (poucos dados),3.0
I23LA005984,5,,feriado,0.0,0.0,0.01,0.0,0.0,normal,normal,baixa,2,historico feriado (poucos dados),3.0
I23LA005984,6,,feriado,0.0,0.0,0.01,0.0,0.0,normal,normal,baixa,2,historico feriado (poucos dados),3.0
I23LA005984,7,,feriado,0.0,0.0,0.01,0.0,0.0,normal,normal,baixa,2,historico feriado (poucos dados),3.0
I23LA005984,8,,feriado,0.0,0.0,0.01,0.0,0.0,normal,normal,baixa,2,historico feriado (poucos dados),3.0
I23LA005984,17,,feriado,0.0,0.0036,0.01,-0.36,-0.36,normal,normal,baixa,25,fallback (30d recentes),3.0
I23LA005984,18,,feriado,0.0,0.0008,0.01,-0.08,-0.08,normal,normal,baixa,25,fallback (30d recentes),3.0
I23LA005984,19,,feriado,0.0,0.0039,0.0114,-0.34,-0.34,normal,normal,baixa,25,fallback (30d recentes),3.0
I23LA005984,20,,feriado,0.0,0.0002,0.01,-0.02,-0.02,normal,normal,baixa,25,fallback (30d recentes),3.0
I23LA005984,21,,feriado,0.0,0.0,0.01,0.0,0.0,normal,normal,baixa,2,historico feriado (poucos dados),3.0
I23LA005984,22,,feriado,0.0,0.0,0.01,0.0,0.0,normal,normal,baixa,2,historico feriado (poucos dados),3.0
I23LA005984,23,,feriado,0.0,0.0,0.01,0.0,0.0,normal,normal,baixa,2,historico feriado (poucos dados),3.0
I23LA005997,0,,feriado,0.0,0.0,0.01,0.0,0.0,normal,normal,baixa,3,historico feriado (poucos dados),3.0
I23LA005997,1,,feriado,0.0,0.0,0.01,0.0,0.0,normal,normal,baixa,3,historico feriado (poucos dados),3.0
I23LA005997,2,,feriado,0.0,0.0,0.01,0.0,0.0,normal,normal,baixa,3,historico feriado (poucos dados),3.0
I23LA005997,3,,feriado,0.0,0.0,0.01,0.0,0.0,normal,normal,baixa,3,historico feriado (poucos dados),3.0
I23LA005997,4,,feriado,0.0,0.0,0.01,0.0,0.0,normal,normal,baixa,3,historico feriado (poucos dados),3.0
I23LA005997,5,,feriado,0.0,0.0,0.01,0.0,0.0,normal,normal,baixa,3,historico feriado (poucos dados),3.0
I23LA005997,6,,feriado,0.0,0.0,0.01,0.0,0.0,normal,normal,baixa,3,historico feriado (poucos dados),3.0
I23LA005997,7,,feriado,0.0,0.0,0.01,0.0,0.0,normal,normal,baixa,2,historico feriado (poucos dados),3.0
I23LA005997,8,,feriado,0.0,0.0,0.01,0.0,0.0,normal,normal,baixa,2,historico feriado (poucos dados),3.0
I23LA005997,9,,feriado,0.004,0.0,0.01,0.4,0.4,normal,normal,baixa,2,historico feriado (poucos dados),3.0
I23LA005997,10,,feriado,0.0,0.0,0.01,0.0,0.0,normal,normal,baixa,2,historico feriado (poucos dados),3.0
I23LA005997,11,,feriado,0.0,0.0003,0.01,-0.03,-0.03,normal,normal,baixa,3,historico feriado (poucos dados),3.0
I23LA005997,12,,feriado,0.0,0.0,0.01,0.0,0.0,normal,normal,baixa,3,historico feriado (poucos dados),3.0
I23LA005997,13,,feriado,0.0,0.0,0.01,0.0,0.0,normal,normal,baixa,3,historico feriado (poucos dados),3.0
I23LA005997,14,,feriado,0.0,0.0,0.01,0.0,0.0,normal,normal,baixa,3,historico feriado (poucos dados),3.0
I23LA005997,15,,feriado,0.0,0.004,0.01,-0.4,-0.4,normal,normal,baixa,3,historico feriado (poucos dados),3.0
I23LA005997,16,,feriado,0.0,0.004,0.01,-0.4,-0.4,normal,normal,baixa,3,historico feriado (poucos dados),3.0
I23LA005997,17,,feriado,0.0,0.0,0.01,0.0,0.0,normal,normal,baixa,3,historico feriado (poucos dados),3.0
I23LA005997,18,,feriado,0.0,0.0,0.01,0.0,0.0,normal,normal,baixa,3,historico feriado (poucos dados),3.0
I23LA005997,19,,feriado,0.0,0.0013,0.01,-0.13,-0.13,normal,normal,baixa,3,historico feriado (poucos dados),3.0
I23LA005997,20,,feriado,0.0,0.0,0.01,0.0,0.0,normal,normal,baixa,3,historico feriado (poucos dados),3.0
I23LA005997,21,,feriado,0.0,0.0,0.01,0.0,0.0,normal,normal,baixa,3,historico feriado (poucos dados),3.0
I23LA005997,22,,feriado,0.0,0.0,0.01,0.0,0.0,normal,normal,baixa,3,historico feriado (poucos dados),3.0
I23LA005997,23,,feriado,0.0,0.0,0.01,0.0,0.0,normal,normal,baixa,3,historico feriado (poucos dados),3.0
I23LA006021,7,,feriado,0.0,0.0,0.01,0.0,0.0,normal,normal,baixa,3,historico feriado (poucos dados),3.0
I23LA006021,8,,feriado,0.0,0.0,0.01,0.0,0.0,normal,normal,baixa,3,historico feriado (poucos dados),3.0
I23LA006021,9,,feriado,0.0,0.0,0.01,0.0,0.0,normal,normal,baixa,3,historico feriado (poucos dados),3.0
I23LA006021,10,,feriado,0.0,0.0,0.01,0.0,0.0,normal,normal,baixa,3,historico feriado (poucos dados),3.0
I23LA007145,1,,feriado,0.0,0.0,0.01,0.0,0.0,normal,normal,baixa,19,fallback (30d recentes),3.0
I23LA007145,2,,feriado,0.0,0.0,0.01,0.0,0.0,normal,normal,baixa,3,historico feriado (poucos dados),3.0
I23LA007145,3,,feriado,0.0,0.0,0.01,0.0,0.0,normal,normal,baixa,3,historico feriado (poucos dados),3.0
I23LA007145,4,,feriado,0.0,0.0,0.01,0.0,0.0,normal,normal,baixa,3,historico feriado (poucos dados),3.0
I23LA007145,5,,feriado,0.0,0.0,0.01,0.0,0.0,normal,normal,baixa,2,historico feriado (poucos dados),3.0
I23LA007145,6,,feriado,0.0,0.0,0.01,0.0,0.0,normal,normal,baixa,2,historico feriado (poucos dados),3.0
I23LA007145,7,,feriado,0.0,0.0,0.01,0.0,0.0,normal,normal,baixa,2,historico feriado (poucos dados),3.0
I23LA007145,8,,feriado,0.0,0.0,0.01,0.0,0.0,normal,normal,baixa,2,historico feriado (poucos dados),3.0
I23LA007145,9,,feriado,0.0,0.0,0.01,0.0,0.0,normal,normal,baixa,3,historico feriado (poucos dados),3.0
I23LA007145,10,,feriado,0.0,0.0,0.01,0.0,0.0,normal,normal,baixa,3,historico feriado (poucos dados),3.0
I23LA007145,11,,feriado,0.0,0.0,0.01,0.0,0.0,normal,normal,baixa,3,historico feriado (poucos dados),3.0
I23LA007145,12,,feriado,0.0,0.0,0.01,0.0,0.0,normal,normal,baixa,3,historico feriado (poucos dados),3.0
I23LA007145,13,,feriado,0.0,0.0,0.01,0.0,0.0,normal,normal,baixa,2,historico feriado (poucos dados),3.0
I23LA007145,14,,feriado,0.0,0.0,0.01,0.0,0.0,normal,normal,baixa,2,historico feriado (poucos dados),3.0
I23LA007145,15,,feriado,0.0,0.0,0.01,0.0,0.0,normal,normal,baixa,2,historico feriado (poucos dados),3.0
I23LA007145,16,,feriado,0.0,0.0,0.01,0.0,0.0,normal,normal,baixa,2,historico feriado (poucos dados),3.0
I23LA007145,17,,feriado,0.0,0.0,0.01,0.0,0.0,normal,normal,baixa,3,historico feriado (poucos dados),3.0
I23LA007145,18,,feriado,0.0,0.0,0.01,0.0,0.0,normal,normal,baixa,3,historico feriado (poucos dados),3.0
I23LA007145,19,,feriado,0.0,0.0,0.01,0.0,0.0,normal,normal,baixa,3,historico feriado (poucos dados),3.0
I23LA007145,20,,feriado,0.0,0.0,0.01,0.0,0.0,normal,normal,baixa,3,historico feriado (poucos dados),3.0
I23LA007231,0,,feriado,0.0,0.0,0.01,0.0,0.0,normal,normal,baixa,3,historico feriado (poucos dados),3.0
I23LA007231,1,,feriado,0.0,0.0,0.01,0.0,0.0,normal,normal,baixa,3,historico feriado (poucos dados),3.0
I23LA007231,2,,feriado,0.0,0.0,0.01,0.0,0.0,normal,normal,baixa,3,historico feriado (poucos dados),3.0
I23LA007231,3,,feriado,0.0,0.0,0.01,0.0,0.0,normal,normal,baixa,3,historico feriado (poucos dados),3.0
I23LA007231,4,,feriado,0.0,0.0,0.01,0.0,0.0,normal,normal,baixa,3,historico feriado (poucos dados),3.0
I23LA007231,5,,feriado,0.0,0.0,0.01,0.0,0.0,normal,normal,baixa,3,historico feriado (poucos dados),3.0
I23LA007231,6,,feriado,0.0,0.0,0.01,0.0,0.0,normal,normal,baixa,3,historico feriado (poucos dados),3.0
I23LA007231,7,,feriado,0.0,0.0,0.01,0.0,0.0,normal,normal,baixa,3,historico feriado (poucos dados),3.0
I23LA007231,8,,feriado,0.0,0.0,0.01,0.0,0.0,normal,normal,baixa,3,historico feriado (poucos dados),3.0
I23LA007231,9,,feriado,0.0,0.0,0.01,0.0,0.0,normal,normal,baixa,3,historico feriado (poucos dados),3.0
I23LA007231,14,,feriado,0.0,0.0,0.01,0.0,0.0,normal,normal,baixa,3,historico feriado (poucos dados),3.0
I23LA007231,15,,feriado,0.0,0.0,0.01,0.0,0.0,normal,normal,baixa,3,historico feriado (poucos dados),3.0
I23LA007231,16,,feriado,0.0,0.0,0.01,0.0,0.0,normal,normal,baixa,3,historico feriado (poucos dados),3.0
I23LA007231,17,,feriado,0.0,0.0,0.01,0.0,0.0,normal,normal,baixa,3,historico feriado (poucos dados),3.0
I23LA007231,18,,feriado,0.0,0.0,0.01,0.0,0.0,normal,normal,baixa,3,historico feriado (poucos dados),3.0
I23LA007231,19,,feriado,0.0,0.0,0.01,0.0,0.0,normal,normal,baixa,3,historico feriado (poucos dados),3.0
I23LA007231,20,,feriado,0.0,0.0,0.01,0.0,0.0,normal,normal,baixa,3,historico feriado (poucos dados),3.0
I23LA007231,21,,feriado,0.0,0.0,0.01,0.0,0.0,normal,normal,baixa,3,historico feriado (poucos dados),3.0
I23LA007231,22,,feriado,0.0,0.0,0.01,0.0,0.0,normal,normal,baixa,3,historico feriado (poucos dados),3.0
I23LA007231,23,,feriado,0.0,0.0,0.01,0.0,0.0,normal,normal,baixa,3,historico feriado (poucos dados),3.0
I23LA009785,0,,feriado,0.11,0.0977,0.0244,0.51,0.51,normal,normal,baixa,3,historico feriado (poucos dados),3.0
I23LA009785,1,,feriado,0.111,0.0983,0.0246,0.52,0.52,normal,normal,baixa,3,historico feriado (poucos dados),3.0
I23LA009785,2,,feriado,0.112,0.098,0.0245,0.57,0.57,normal,normal,baixa,3,historico feriado (poucos dados),3.0
I23LA009785,3,,feriado,0.113,0.099,0.0247,0.57,0.57,normal,normal,baixa,3,historico feriado (poucos dados),3.0
I23LA009785,4,,feriado,0.112,0.0987,0.0247,0.54,0.54,normal,normal,baixa,3,historico feriado (poucos dados),3.0
I23LA009785,5,,feriado,0.113,0.099,0.0247,0.57,0.57,normal,normal,baixa,3,historico feriado (poucos dados),3.0
I23LA009785,6,,feriado,0.112,0.098,0.0245,0.57,0.57,normal,normal,baixa,3,historico feriado (poucos dados),3.0
I23LA009785,7,,feriado,0.111,0.0977,0.0244,0.55,0.55,normal,normal,baixa,3,historico feriado (poucos dados),3.0
I23LA009785,8,,feriado,0.108,0.096,0.024,0.5,0.5,normal,normal,baixa,3,historico feriado (poucos dados),3.0
I23LA009785,9,,feriado,0.108,0.0943,0.0236,0.58,0.58,normal,normal,baixa,3,historico feriado (poucos dados),3.0
I23LA009785,10,,feriado,0.107,0.0943,0.0236,0.54,0.54,normal,normal,baixa,3,historico feriado (poucos dados),3.0
I23LA009785,11,,feriado,0.106,0.094,0.0235,0.51,0.51,normal,normal,baixa,3,historico feriado (poucos dados),3.0
I23LA009785,12,,feriado,0.107,0.0947,0.0237,0.52,0.52,normal,normal,baixa,3,historico feriado (poucos dados),3.0
I23LA009785,13,,feriado,0.109,0.0957,0.0239,0.56,0.56,normal,normal,baixa,3,historico feriado (poucos dados),3.0
I23LA009785,14,,feriado,0.112,0.0957,0.0239,0.68,0.68,normal,normal,baixa,3,historico feriado (poucos dados),3.0
I23LA009785,15,,feriado,0.121,0.0957,0.0239,1.06,1.06,normal,normal,baixa,3,historico feriado (poucos dados),3.0
I23LA009785,16,,feriado,0.12,0.0963,0.0241,0.98,0.98,normal,normal,baixa,3,historico feriado (poucos dados),3.0
I23LA009785,17,,feriado,0.11,0.096,0.024,0.58,0.58,normal,normal,baixa,3,historico feriado (poucos dados),3.0
I23LA009785,18,,feriado,0.109,0.0957,0.0239,0.56,0.56,normal,normal,baixa,3,historico feriado (poucos dados),3.0
I23LA009785,19,,feriado,0.107,0.095,0.0237,0.51,0.51,normal,normal,baixa,3,historico feriado (poucos dados),3.0
I23LA009785,20,,feriado,0.109,0.0957,0.0239,0.56,0.56,normal,normal,baixa,3,historico feriado (poucos dados),3.0
I23LA009785,21,,feriado,0.109,0.0957,0.0239,0.56,0.56,normal,normal,baixa,3,historico feriado (poucos dados),3.0
I23LA009785,22,,feriado,0.109,0.096,0.024,0.54,0.54,normal,normal,baixa,3,historico feriado (poucos dados),3.0
I23LA009785,23,,feriado,0.11,0.097,0.0242,0.54,0.54,normal,normal,baixa,3,historico feriado (poucos dados),3.0
I23LA009886,0,,feriado,0.0,0.0283,0.01,-2.83,-2.83,normal,normal,baixa,3,historico feriado (poucos dados),3.0
I23LA009886,1,,feriado,0.0,0.0285,0.01,-2.85,-2.85,normal,normal,baixa,2,historico feriado (poucos dados),3.0
I23LA009886,2,,feriado,0.0,0.028,0.01,-2.8,-2.8,normal,normal,baixa,2,historico feriado (poucos dados),3.0
I23LA009886,3,,feriado,0.0,0.0285,0.01,-2.85,-2.85,normal,normal,baixa,2,historico feriado (poucos dados),3.0
I23LA009886,4,,feriado,0.0,0.028,0.01,-2.8,-2.8,normal,normal,baixa,2,historico feriado (poucos dados),3.0
I23LA009886,5,,feriado,0.0,0.065,0.0624,-1.04,-1.04,normal,normal,baixa,3,historico feriado (poucos dados),3.0
I23LA009886,6,,feriado,0.0,0.0277,0.01,-2.77,-2.77,normal,normal,baixa,3,historico feriado (poucos dados),3.0
I23LA009886,7,,feriado,0.0,0.028,0.01,-2.8,-2.8,normal,normal,baixa,3,historico feriado (poucos dados),3.0
I23LA009886,8,,feriado,0.0,0.0287,0.01,-2.87,-2.87,normal,normal,baixa,3,historico feriado (poucos dados),3.0
I23LA009886,9,,feriado,0.0,0.0307,0.01,-3.07,-3.07,desvio,abaixo,baixa,3,historico feriado (poucos dados),3.0
I23LA009886,10,,feriado,0.0,0.028,0.01,-2.8,-2.8,normal,normal,baixa,3,historico feriado (poucos dados),3.0
I23LA009886,11,,feriado,0.0,0.0283,0.01,-2.83,-2.83,normal,normal,baixa,3,historico feriado (poucos dados),3.0
I23LA009886,12,,feriado,0.0,0.0287,0.01,-2.87,-2.87,normal,normal,baixa,3,historico feriado (poucos dados),3.0
I23LA009886,13,,feriado,0.0,0.028,0.01,-2.8,-2.8,normal,normal,baixa,3,historico feriado (poucos dados),3.0
I23LA009886,14,,feriado,0.0,0.0283,0.01,-2.83,-2.83,normal,normal,baixa,3,historico feriado (poucos dados),3.0
I23LA009886,15,,feriado,0.0,0.028,0.01,-2.8,-2.8,normal,normal,baixa,3,historico feriado (poucos dados),3.0
I23LA009886,16,,feriado,0.0,0.0287,0.01,-2.87,-2.87,normal,normal,baixa,3,historico feriado (poucos dados),3.0
I23LA009886,17,,feriado,0.0,0.0277,0.01,-2.77,-2.77,normal,normal,baixa,3,historico feriado (poucos dados),3.0
I23LA009886,18,,feriado,0.0,0.0287,0.01,-2.87,-2.87,normal,normal,baixa,3,historico feriado (poucos dados),3.0
I23LA009886,19,,feriado,0.0,0.0323,0.01,-3.23,-3.23,desvio,abaixo,baixa,3,historico feriado (poucos dados),3.0
I23LA009886,20,,feriado,0.0,0.0283,0.01,-2.83,-2.83,normal,normal,baixa,3,historico feriado (poucos dados),3.0
I23LA009886,21,,feriado,0.0,0.0285,0.01,-2.85,-2.85,normal,normal,baixa,2,historico feriado (poucos dados),3.0
I23LA009886,22,,feriado,0.0,0.0275,0.01,-2.75,-2.75,normal,normal,baixa,2,historico feriado (poucos dados),3.0
I23LA009886,23,,feriado,0.0,0.028,0.01,-2.8,-2.8,normal,normal,baixa,2,historico feriado (poucos dados),3.0
I23LA009888,0,,feriado,0.0,0.0,0.01,0.0,0.0,normal,normal,baixa,2,historico feriado (poucos dados),3.0
I23LA009888,1,,feriado,0.0,0.0,0.01,0.0,0.0,normal,normal,baixa,3,historico feriado (poucos dados),3.0
I23LA009888,2,,feriado,0.0,0.0,0.01,0.0,0.0,normal,normal,baixa,3,historico feriado (poucos dados),3.0
I23LA009888,3,,feriado,0.0,0.0,0.01,0.0,0.0,normal,normal,baixa,3,historico feriado (poucos dados),3.0
I23LA009888,4,,feriado,0.0,0.0,0.01,0.0,0.0,normal,normal,baixa,3,historico feriado (poucos dados),3.0
I23LA009888,9,,feriado,0.0,0.0,0.01,0.0,0.0,normal,normal,baixa,3,historico feriado (poucos dados),3.0
I23LA009888,10,,feriado,0.0,0.0,0.01,0.0,0.0,normal,normal,baixa,3,historico feriado (poucos dados),3.0
I23LA009888,11,,feriado,0.0,0.0,0.01,0.0,0.0,normal,normal,baixa,3,historico feriado (poucos dados),3.0
I23LA009888,12,,feriado,0.0,0.0,0.01,0.0,0.0,normal,normal,baixa,3,historico feriado (poucos dados),3.0
I23LA009888,13,,feriado,0.0,0.0,0.01,0.0,0.0,normal,normal,baixa,3,historico feriado (poucos dados),3.0
I23LA009888,14,,feriado,0.0,0.0,0.01,0.0,0.0,normal,normal,baixa,3,historico feriado (poucos dados),3.0
I23LA009888,15,,feriado,0.0,0.0,0.01,0.0,0.0,normal,normal,baixa,3,historico feriado (poucos dados),3.0
I23LA009888,16,,feriado,0.0,0.0,0.01,0.0,0.0,normal,normal,baixa,3,historico feriado (poucos dados),3.0
I23LA211678,0,,feriado,0.0,0.0,0.01,0.0,0.0,normal,normal,baixa,3,historico feriado (poucos dados),3.0
I23LA211678,1,,feriado,0.0,0.0,0.01,0.0,0.0,normal,normal,baixa,3,historico feriado (poucos dados),3.0
I23LA211678,2,,feriado,0.0,0.0,0.01,0.0,0.0,normal,normal,baixa,3,historico feriado (poucos dados),3.0
I23LA211678,3,,feriado,0.0,0.0,0.01,0.0,0.0,normal,normal,baixa,3,historico feriado (poucos dados),3.0
I23LA211678,4,,feriado,0.0,0.0,0.01,0.0,0.0,normal,normal,baixa,3,historico feriado (poucos dados),3.0
I23LA211678,5,,feriado,0.0,0.0,0.01,0.0,0.0,normal,normal,baixa,3,historico feriado (poucos dados),3.0
I23LA211678,6,,feriado,0.0,0.0,0.01,0.0,0.0,normal,normal,baixa,3,historico feriado (poucos dados),3.0
I23LA211678,7,,feriado,0.0,0.0,0.01,0.0,0.0,normal,normal,baixa,3,historico feriado (poucos dados),3.0
I23LA211678,8,,feriado,0.0,0.0,0.01,0.0,0.0,normal,normal,baixa,3,historico feriado (poucos dados),3.0
I23LA211678,9,,feriado,0.0,0.0,0.01,0.0,0.0,normal,normal,baixa,3,historico feriado (poucos dados),3.0
I23LA211678,10,,feriado,0.0,0.0,0.01,0.0,0.0,normal,normal,baixa,3,historico feriado (poucos dados),3.0
I23LA211678,11,,feriado,0.0,0.0,0.01,0.0,0.0,normal,normal,baixa,3,historico feriado (poucos dados),3.0
I23LA211678,12,,feriado,0.0,0.0,0.01,0.0,0.0,normal,normal,baixa,3,historico feriado (poucos dados),3.0
I23LA211678,13,,feriado,0.0,0.0,0.01,0.0,0.0,normal,normal,baixa,3,historico feriado (poucos dados),3.0
I23LA211678,14,,feriado,0.0,0.0,0.01,0.0,0.0,normal,normal,baixa,3,historico feriado (poucos dados),3.0
I23LA211678,15,,feriado,0.0,0.0,0.01,0.0,0.0,normal,normal,baixa,2,historico feriado (poucos dados),3.0
I23LA211678,16,,feriado,0.0,0.0,0.01,0.0,0.0,normal,normal,baixa,2,historico feriado (poucos dados),3.0
I23LA211678,17,,feriado,0.0,0.0,0.01,0.0,0.0,normal,normal,baixa,2,historico feriado (poucos dados),3.0
I23LA211678,18,,feriado,0.0,0.0,0.01,0.0,0.0,normal,normal,baixa,2,historico feriado (poucos dados),3.0
I23LA211678,19,,feriado,0.0,0.0,0.01,0.0,0.0,normal,normal,baixa,3,historico feriado (poucos dados),3.0
I23LA211678,20,,feriado,0.0,0.0,0.01,0.0,0.0,normal,normal,baixa,3,historico feriado (poucos dados),3.0
I23LA211678,21,,feriado,0.0,0.0,0.01,0.0,0.0,normal,normal,baixa,3,historico feriado (poucos dados),3.0
I23LA211678,22,,feriado,0.0,0.0,0.01,0.0,0.0,normal,normal,baixa,3,historico feriado (poucos dados),3.0
I23LA211678,23,,feriado,0.0,0.0,0.01,0.0,0.0,normal,normal,baixa,3,historico feriado (poucos dados),3.0
I23LA212338,0,,feriado,0.0,0.0,0.01,0.0,0.0,normal,normal,baixa,3,historico feriado (poucos dados),3.0
I23LA212338,1,,feriado,0.0,0.0,0.01,0.0,0.0,normal,normal,baixa,3,historico feriado (poucos dados),3.0
I23LA212338,2,,feriado,0.0,0.0,0.01,0.0,0.0,normal,normal,baixa,3,historico feriado (poucos dados),3.0
I23LA212338,3,,feriado,0.0,0.0,0.01,0.0,0.0,normal,normal,baixa,3,historico feriado (poucos dados),3.0
I23LA212338,4,,feriado,0.0,0.0,0.01,0.0,0.0,normal,normal,baixa,3,historico feriado (poucos dados),3.0
I23LA212338,5,,feriado,0.0,0.0,0.01,0.0,0.0,normal,normal,baixa,3,historico feriado (poucos dados),3.0
I23LA212338,6,,feriado,0.0,0.0,0.01,0.0,0.0,normal,normal,baixa,3,historico feriado (poucos dados),3.0
I23LA212338,7,,feriado,0.0,0.0,0.01,0.0,0.0,normal,normal,baixa,3,historico feriado (poucos dados),3.0
I23LA212338,8,,feriado,0.0,0.0,0.01,0.0,0.0,normal,normal,baixa,3,historico feriado (poucos dados),3.0
I23LA212338,9,,feriado,0.0,0.0,0.01,0.0,0.0,normal,normal,baixa,3,historico feriado (poucos dados),3.0
I23LA212338,10,,feriado,0.0,0.0,0.01,0.0,0.0,normal,normal,baixa,3,historico feriado (poucos dados),3.0
I23LA212338,11,,feriado,0.0,0.0,0.01,0.0,0.0,normal,normal,baixa,2,historico feriado (poucos dados),3.0
I23LA212338,12,,feriado,0.0,0.0,0.01,0.0,0.0,normal,normal,baixa,2,historico feriado (poucos dados),3.0
I23LA212338,13,,feriado,0.0,0.0,0.01,0.0,0.0,normal,normal,baixa,2,historico feriado (poucos dados),3.0
I23LA212338,14,,feriado,0.0,0.0,0.01,0.0,0.0,normal,normal,baixa,2,historico feriado (poucos dados),3.0
I23LA212338,23,,feriado,0.0,0.0,0.01,0.0,0.0,normal,normal,baixa,27,fallback (30d recentes),3.0
I23LA212355,0,,feriado,0.0,0.0,0.01,0.0,0.0,normal,normal,baixa,3,historico feriado (poucos dados),3.0
I23LA212355,1,,feriado,0.0,0.0,0.01,0.0,0.0,normal,normal,baixa,3,historico feriado (poucos dados),3.0
I23LA212355,2,,feriado,0.0,0.0,0.01,0.0,0.0,normal,normal,baixa,3,historico feriado (poucos dados),3.0
I23LA212355,3,,feriado,0.0,0.0,0.01,0.0,0.0,normal,normal,baixa,3,historico feriado (poucos dados),3.0
I23LA212355,4,,feriado,0.0,0.0,0.01,0.0,0.0,normal,normal,baixa,3,historico feriado (poucos dados),3.0
I23LA212355,5,,feriado,0.0,0.0,0.01,0.0,0.0,normal,normal,baixa,3,historico feriado (poucos dados),3.0
I23LA212355,6,,feriado,0.0,0.0,0.01,0.0,0.0,normal,normal,baixa,3,historico feriado (poucos dados),3.0
I23LA212355,7,,feriado,0.0,0.0,0.01,0.0,0.0,normal,normal,baixa,3,historico feriado (poucos dados),3.0
I23LA212355,8,,feriado,0.0,0.0,0.01,0.0,0.0,normal,normal,baixa,3,historico feriado (poucos dados),3.0
I23LA212355,13,,feriado,0.0,0.0,0.01,0.0,0.0,normal,normal,baixa,3,historico feriado (poucos dados),3.0
I23LA212355,14,,feriado,0.0,0.0,0.01,0.0,0.0,normal,normal,baixa,3,historico feriado (poucos dados),3.0
I23LA212355,15,,feriado,0.0,0.0,0.01,0.0,0.0,normal,normal,baixa,3,historico feriado (poucos dados),3.0
I23LA212355,16,,feriado,0.0,0.0,0.01,0.0,0.0,normal,normal,baixa,3,historico feriado (poucos dados),3.0
I23LA212355,17,,feriado,0.0,0.0,0.01,0.0,0.0,normal,normal,baixa,3,historico feriado (poucos dados),3.0
I23LA212355,18,,feriado,0.0,0.0,0.01,0.0,0.0,normal,normal,baixa,3,historico feriado (poucos dados),3.0
I23LA212355,19,,feriado,0.0,0.0,0.01,0.0,0.0,normal,normal,baixa,3,historico feriado (poucos dados),3.0
I23LA212355,20,,feriado,0.0,0.0,0.01,0.0,0.0,normal,normal,baixa,3,historico feriado (poucos dados),3.0
I23LA212355,21,,feriado,0.0,0.0,0.01,0.0,0.0,normal,normal,baixa,3,historico feriado (poucos dados),3.0
I23LA212355,22,,feriado,0.0,0.0,0.01,0.0,0.0,normal,normal,baixa,3,historico feriado (poucos dados),3.0
I23LA212355,23,,feriado,0.0,0.0,0.01,0.0,0.0,normal,normal,baixa,3,historico feriado (poucos dados),3.0
I23LA212359,2,,feriado,0.0,0.0,0.01,0.0,0.0,normal,normal,baixa,11,fallback (30d recentes),3.0
I23LA212359,3,,feriado,0.0,0.0,0.01,0.0,0.0,normal,normal,baixa,11,fallback (30d recentes),3.0
I23LA212359,4,,feriado,0.0,0.0,0.01,0.0,0.0,normal,normal,baixa,11,fallback (30d recentes),3.0
I23LA212359,5,,feriado,0.0,0.0,0.01,0.0,0.0,normal,normal,baixa,11,fallback (30d recentes),3.0
I23LA212359,6,,feriado,0.0,0.0,0.01,0.0,0.0,normal,normal,baixa,10,fallback (30d recentes),3.0
I23LA212359,7,,feriado,0.0,0.0,0.01,0.0,0.0,normal,normal,baixa,10,fallback (30d recentes),3.0
I23LA212359,8,,feriado,0.0,0.0,0.01,0.0,0.0,normal,normal,baixa,10,fallback (30d recentes),3.0
I23LA212359,9,,feriado,0.0,0.0,0.01,0.0,0.0,normal,normal,baixa,10,fallback (30d recentes),3.0
I23LA212366,0,,feriado,0.0,0.0,0.01,0.0,0.0,normal,normal,baixa,2,historico feriado (poucos dados),3.0
I23LA212366,1,,feriado,0.0,0.0,0.01,0.0,0.0,normal,normal,baixa,2,historico feriado (poucos dados),3.0
I23LA212366,2,,feriado,0.0,0.0,0.01,0.0,0.0,normal,normal,baixa,2,historico feriado (poucos dados),3.0
I23LA212366,3,,feriado,0.0,0.0,0.01,0.0,0.0,normal,normal,baixa,2,historico feriado (poucos dados),3.0
I23LA212366,8,,feriado,0.0,0.0,0.01,0.0,0.0,normal,normal,baixa,22,fallback (30d recentes),3.0
I23LA212366,9,,feriado,0.0,0.0,0.01,0.0,0.0,normal,normal,baixa,22,fallback (30d recentes),3.0
I23LA212366,10,,feriado,0.0,0.0,0.01,0.0,0.0,normal,normal,baixa,22,fallback (30d recentes),3.0
I23LA212366,11,,feriado,0.0,0.0,0.01,0.0,0.0,normal,normal,baixa,22,fallback (30d recentes),3.0
I23LA212366,12,,feriado,0.0,0.0,0.01,0.0,0.0,normal,normal,baixa,3,historico feriado (poucos dados),3.0
I23LA212366,13,,feriado,0.0,0.0,0.01,0.0,0.0,normal,normal,baixa,3,historico feriado (poucos dados),3.0
I23LA212366,14,,feriado,0.0,0.0,0.01,0.0,0.0,normal,normal,baixa,3,historico feriado (poucos dados),3.0
I23LA212366,15,,feriado,0.0,0.0,0.01,0.0,0.0,normal,normal,baixa,3,historico feriado (poucos dados),3.0
I23LA212366,20,,feriado,0.0,0.0,0.01,0.0,0.0,normal,normal,baixa,3,historico feriado (poucos dados),3.0
I23LA212366,21,,feriado,0.0,0.0,0.01,0.0,0.0,normal,normal,baixa,3,historico feriado (poucos dados),3.0
I23LA212366,22,,feriado,0.0,0.0,0.01,0.0,0.0,normal,normal,baixa,3,historico feriado (poucos dados),3.0
I23LA212366,23,,feriado,0.0,0.0,0.01,0.0,0.0,normal,normal,baixa,3,historico feriado (poucos dados),3.0
I23LA213007,0,,feriado,0.009,0.0053,0.01,0.37,0.37,normal,normal,baixa,3,historico feriado (poucos dados),3.0
I23LA213007,1,,feriado,0.0,0.0003,0.01,-0.03,-0.03,normal,normal,baixa,3,historico feriado (poucos dados),3.0
I23LA213007,2,,feriado,0.0,0.0047,0.01,-0.47,-0.47,normal,normal,baixa,3,historico feriado (poucos dados),3.0
I23LA213007,3,,feriado,0.01,0.0,0.01,1.0,1.0,normal,normal,baixa,3,historico feriado (poucos dados),3.0
I23LA213007,4,,feriado,0.0,0.003,0.01,-0.3,-0.3,normal,normal,baixa,3,historico feriado (poucos dados),3.0
I23LA213007,5,,feriado,0.001,0.001,0.01,0.0,0.0,normal,normal,baixa,3,historico feriado (poucos dados),3.0
I23LA213007,6,,feriado,0.0,0.0023,0.01,-0.23,-0.23,normal,normal,baixa,3,historico feriado (poucos dados),3.0
I23LA213007,7,,feriado,0.001,0.0,0.01,0.1,0.1,normal,normal,baixa,3,historico feriado (poucos dados),3.0
I23LA213007,8,,feriado,0.013,0.0113,0.01,0.17,0.17,normal,normal,baixa,3,historico feriado (poucos dados),3.0
I23LA213007,9,,feriado,0.004,0.0007,0.01,0.33,0.33,normal,normal,baixa,3,historico feriado (poucos dados),3.0
I23LA213007,10,,feriado,0.003,0.0227,0.0315,-0.62,-0.62,normal,normal,baixa,3,historico feriado (poucos dados),3.0
I23LA213007,11,,feriado,0.008,0.003,0.01,0.5,0.5,normal,normal,baixa,3,historico feriado (poucos dados),3.0
I23LA213007,12,,feriado,0.014,0.0027,0.01,1.13,1.13,normal,normal,baixa,3,historico feriado (poucos dados),3.0
I23LA213007,13,,feriado,0.003,0.0055,0.01,-0.25,-0.25,normal,normal,baixa,2,historico feriado (poucos dados),3.0
I23LA213007,14,,feriado,0.004,0.008,0.01,-0.4,-0.4,normal,normal,baixa,3,historico feriado (poucos dados),3.0
I23LA213007,15,,feriado,0.012,0.0047,0.01,0.73,0.73,normal,normal,baixa,3,historico feriado (poucos dados),3.0
I23LA213007,16,,feriado,0.156,0.0037,0.01,10.0,15.23,desvio,acima,baixa,3,historico feriado (poucos dados),3.0
I23LA213007,17,,feriado,0.003,0.004,0.01,-0.1,-0.1,normal,normal,baixa,3,historico feriado (poucos dados),3.0
I23LA213007,18,,feriado,0.011,0.001,0.01,1.0,1.0,normal,normal,baixa,3,historico feriado (poucos dados),3.0
I23LA213007,19,,feriado,0.004,0.0037,0.01,0.03,0.03,normal,normal,baixa,3,historico feriado (poucos dados),3.0
I23LA213007,20,,feriado,0.014,0.007,0.01,0.7,0.7,normal,normal,baixa,3,historico feriado (poucos dados),3.0
I23LA213007,21,,feriado,0.01,0.0147,0.0237,-0.2,-0.2,normal,normal,baixa,3,historico feriado (poucos dados),3.0
I23LA213007,22,,feriado,0.007,0.0047,0.01,0.23,0.23,normal,normal,baixa,3,historico feriado (poucos dados),3.0
I23LA213007,23,,feriado,0.006,0.0367,0.0592,-0.52,-0.52,normal,normal,baixa,3,historico feriado (poucos dados),3.0
I23LA213385,1,,feriado,0.0,0.0,0.01,0.0,0.0,normal,normal,baixa,2,historico feriado (poucos dados),3.0
I23LA213385,2,,feriado,0.0,0.0,0.01,0.0,0.0,normal,normal,baixa,2,historico feriado (poucos dados),3.0
I23LA213385,3,,feriado,0.0,0.0005,0.01,-0.05,-0.05,normal,normal,baixa,2,historico feriado (poucos dados),3.0
I23LA213385,4,,feriado,0.0,0.0003,0.01,-0.03,-0.03,normal,normal,baixa,3,historico feriado (poucos dados),3.0
I23LA213385,5,,feriado,0.0,0.0,0.01,0.0,0.0,normal,normal,baixa,3,historico feriado (poucos dados),3.0
I23LA213385,6,,feriado,0.0,0.0,0.01,0.0,0.0,normal,normal,baixa,3,historico feriado (poucos dados),3.0
I23LA213385,7,,feriado,0.001,0.0,0.01,0.1,0.1,normal,normal,baixa,3,historico feriado (poucos dados),3.0
I23LA213385,9,,feriado,0.0,0.0005,0.01,-0.05,-0.05,normal,normal,baixa,2,historico feriado (poucos dados),3.0
I23LA213385,10,,feriado,0.0,0.0,0.01,0.0,0.0,normal,normal,baixa,2,historico feriado (poucos dados),3.0
I23LA213385,11,,feriado,0.0,0.001,0.01,-0.1,-0.1,normal,normal,baixa,2,historico feriado (poucos dados),3.0
I23LA213385,12,,feriado,0.0,0.0003,0.01,-0.03,-0.03,normal,normal,baixa,3,historico feriado (poucos dados),3.0
I23LA213385,13,,feriado,0.001,0.0007,0.01,0.03,0.03,normal,normal,baixa,3,historico feriado (poucos dados),3.0
I23LA213385,14,,feriado,0.0,0.0003,0.01,-0.03,-0.03,normal,normal,baixa,3,historico feriado (poucos dados),3.0
I23LA213385,15,,feriado,0.0,0.0,0.01,0.0,0.0,normal,normal,baixa,3,historico feriado (poucos dados),3.0
I23LA213385,16,,feriado,0.001,0.0005,0.01,0.05,0.05,normal,normal,baixa,2,historico feriado (poucos dados),3.0
I23LA213385,17,,feriado,0.0,0.0,0.01,0.0,0.0,normal,normal,baixa,2,historico feriado (poucos dados),3.0
I23LA213385,18,,feriado,0.0,0.0,0.01,0.0,0.0,normal,normal,baixa,2,historico feriado (poucos dados),3.0
I23LA213385,19,,feriado,0.0,0.0005,0.01,-0.05,-0.05,normal,normal,baixa,2,historico feriado (poucos dados),3.0
I23LA454934,0,,feriado,0.0,0.2887,0.25,-1.15,-1.15,normal,normal,baixa,3,historico feriado (poucos dados),3.0
I23LA454934,1,,feriado,0.0,0.29,0.2512,-1.15,-1.15,normal,normal,baixa,3,historico feriado (poucos dados),3.0
I23LA454934,2,,feriado,0.0,0.291,0.252,-1.15,-1.15,normal,normal,baixa,3,historico feriado (poucos dados),3.0
I23LA454934,3,,feriado,0.0,0.2913,0.2523,-1.15,-1.15,normal,normal,baixa,3,historico feriado (poucos dados),3.0
I23LA454934,4,,feriado,0.0,0.2913,0.2523,-1.15,-1.15,normal,normal,baixa,3,historico feriado (poucos dados),3.0
I23LA454934,5,,feriado,0.0,0.292,0.2529,-1.15,-1.15,normal,normal,baixa,3,historico feriado (poucos dados),3.0
I23LA454934,6,,feriado,0.0,0.292,0.2529,-1.15,-1.15,normal,normal,baixa,3,historico feriado (poucos dados),3.0
I23LA454934,7,,feriado,0.0,0.2917,0.2526,-1.15,-1.15,normal,normal,baixa,3,historico feriado (poucos dados),3.0
I23LA454934,8,,feriado,0.0,0.288,0.2494,-1.15,-1.15,normal,normal,baixa,3,historico feriado (poucos dados),3.0
I23LA454934,9,,feriado,0.0,0.2823,0.2445,-1.15,-1.15,normal,normal,baixa,3,historico feriado (poucos dados),3.0
I23LA454934,10,,feriado,0.0,0.2797,0.2422,-1.15,-1.15,normal,normal,baixa,3,historico feriado (poucos dados),3.0
I23LA454934,11,,feriado,0.0,0.2777,0.2405,-1.15,-1.15,normal,normal,baixa,3,historico feriado (poucos dados),3.0
I23LA454934,12,,feriado,0.0,0.4185,0.1046,-4.0,-4.0,desvio,abaixo,baixa,2,historico feriado (poucos dados),3.0
I23LA454934,13,,feriado,0.0,0.424,0.106,-4.0,-4.0,desvio,abaixo,baixa,2,historico feriado (poucos dados),3.0
I23LA454934,14,,feriado,0.0,0.4255,0.1064,-4.0,-4.0,desvio,abaixo,baixa,2,historico feriado (poucos dados),3.0
I23LA454934,15,,feriado,0.0,0.4275,0.1069,-4.0,-4.0,desvio,abaixo,baixa,2,historico feriado (poucos dados),3.0
I23LA454934,16,,feriado,0.0,0.286,0.2478,-1.15,-1.15,normal,normal,baixa,3,historico feriado (poucos dados),3.0
I23LA454934,17,,feriado,0.0,0.2867,0.2484,-1.15,-1.15,normal,normal,baixa,3,historico feriado (poucos dados),3.0
I23LA454934,18,,feriado,0.0,0.2867,0.2484,-1.15,-1.15,normal,normal,baixa,3,historico feriado (poucos dados),3.0
I23LA454934,19,,feriado,0.0,0.2847,0.2466,-1.15,-1.15,normal,normal,baixa,3,historico feriado (poucos dados),3.0
I23LA454934,20,,feriado,0.0,0.2837,0.2457,-1.15,-1.15,normal,normal,baixa,3,historico feriado (poucos dados),3.0
I23LA454934,21,,feriado,0.0,0.2843,0.2463,-1.15,-1.15,normal,normal,baixa,3,historico feriado (poucos dados),3.0
I23LA454934,22,,feriado,0.0,0.287,0.2486,-1.15,-1.15,normal,normal,baixa,3,historico feriado (poucos dados),3.0
I23LA454934,23,,feriado,0.0,0.289,0.2503,-1.15,-1.15,normal,normal,baixa,3,historico feriado (poucos dados),3.0
I23LA459839,2,,feriado,0.0,0.059,0.1022,-0.58,-0.58,normal,normal,baixa,3,historico feriado (poucos dados),3.0
I23LA459839,3,,feriado,0.0,0.0,0.01,0.0,0.0,normal,normal,baixa,3,historico feriado (poucos dados),3.0
I23LA459839,4,,feriado,0.0,0.0,0.01,0.0,0.0,normal,normal,baixa,3,historico feriado (poucos dados),3.0
I23LA459839,5,,feriado,0.0,0.0,0.01,0.0,0.0,normal,normal,baixa,3,historico feriado (poucos dados),3.0
I23LA459839,6,,feriado,0.0,0.0,0.01,0.0,0.0,normal,normal,baixa,18,fallback (30d recentes),3.0
I23LA459839,7,,feriado,0.0,0.0,0.01,0.0,0.0,normal,normal,baixa,18,fallback (30d recentes),3.0
I23LA459839,8,,feriado,0.0,0.0,0.01,0.0,0.0,normal,normal,baixa,18,fallback (30d recentes),3.0
I23LA459839,9,,feriado,0.0,0.0,0.01,0.0,0.0,normal,normal,baixa,18,fallback (30d recentes),3.0
I23LA459839,14,,feriado,0.0,0.0,0.01,0.0,0.0,normal,normal,baixa,2,historico feriado (poucos dados),3.0
I23LA459839,15,,feriado,0.0,0.0,0.01,0.0,0.0,normal,normal,baixa,2,historico feriado (poucos dados),3.0
I23LA459839,16,,feriado,0.0,0.0,0.01,0.0,0.0,normal,normal,baixa,2,historico feriado (poucos dados),3.0
I23LA459839,17,,feriado,0.0,0.094,0.0235,-4.0,-4.0,desvio,abaixo,baixa,2,historico feriado (poucos dados),3.0
I23LA459839,22,,feriado,0.024,0.157,0.0393,-3.39,-3.39,desvio,abaixo,baixa,2,historico feriado (poucos dados),3.0
I23LA459839,23,,feriado,0.0,0.0,0.01,0.0,0.0,normal,normal,baixa,2,historico feriado (poucos dados),3.0
I23LA465873,0,,feriado,0.001,0.0,0.01,0.1,0.1,normal,normal,baixa,3,historico feriado (poucos dados),3.0
I23LA465873,1,,feriado,0.001,0.0,0.01,0.1,0.1,normal,normal,baixa,3,historico feriado (poucos dados),3.0
I23LA465873,2,,feriado,0.001,0.0,0.01,0.1,0.1,normal,normal,baixa,3,historico feriado (poucos dados),3.0
I23LA465873,3,,feriado,0.001,0.0,0.01,0.1,0.1,normal,normal,baixa,3,historico feriado (poucos dados),3.0
I23LA465873,4,,feriado,0.001,0.0,0.01,0.1,0.1,normal,normal,baixa,3,historico feriado (poucos dados),3.0
I23LA465873,5,,feriado,0.001,0.0,0.01,0.1,0.1,normal,normal,baixa,3,historico feriado (poucos dados),3.0
I23LA465873,6,,feriado,0.001,0.0,0.01,0.1,0.1,normal,normal,baixa,3,historico feriado (poucos dados),3.0
I23LA465873,7,,feriado,0.001,0.0,0.01,0.1,0.1,normal,normal,baixa,3,historico feriado (poucos dados),3.0
I23LA465873,8,,feriado,0.001,0.0,0.01,0.1,0.1,normal,normal,baixa,3,historico feriado (poucos dados),3.0
I23LA465873,9,,feriado,0.001,0.0,0.01,0.1,0.1,normal,normal,baixa,3,historico feriado (poucos dados),3.0
I23LA465873,10,,feriado,0.002,0.0,0.01,0.2,0.2,normal,normal,baixa,3,historico feriado (poucos dados),3.0
I23LA465873,11,,feriado,0.001,0.0,0.01,0.1,0.1,normal,normal,baixa,3,historico feriado (poucos dados),3.0
I23LA465873,12,,feriado,0.001,0.0,0.01,0.1,0.1,normal,normal,baixa,3,historico feriado (poucos dados),3.0
I23LA465873,13,,feriado,0.002,0.0,0.01,0.2,0.2,normal,normal,baixa,3,historico feriado (poucos dados),3.0
I23LA465873,14,,feriado,0.001,0.0,0.01,0.1,0.1,normal,normal,baixa,3,historico feriado (poucos dados),3.0
I23LA465873,15,,feriado,0.001,0.0,0.01,0.1,0.1,normal,normal,baixa,3,historico feriado (poucos dados),3.0
I23LA465873,16,,feriado,0.002,0.0003,0.01,0.17,0.17,normal,normal,baixa,3,historico feriado (poucos dados),3.0
I23LA465873,17,,feriado,0.001,0.0,0.01,0.1,0.1,normal,normal,baixa,3,historico feriado (poucos dados),3.0
I23LA465873,18,,feriado,0.001,0.0,0.01,0.1,0.1,normal,normal,baixa,3,historico feriado (poucos dados),3.0
I23LA465873,19,,feriado,0.002,0.0003,0.01,0.17,0.17,normal,normal,baixa,3,historico feriado (poucos dados),3.0
I23LA465873,20,,feriado,0.001,0.0,0.01,0.1,0.1,normal,normal,baixa,3,historico feriado (poucos dados),3.0
I23LA465873,21,,feriado,0.001,0.0,0.01,0.1,0.1,normal,normal,baixa,3,historico feriado (poucos dados),3.0
I23LA465873,22,,feriado,0.001,0.0,0.01,0.1,0.1,normal,normal,baixa,3,historico feriado (poucos dados),3.0
I23LA465873,23,,feriado,0.002,0.0,0.01,0.2,0.2,normal,normal,baixa,3,historico feriado (poucos dados),3.0
I23LA545728,0,,feriado,0.0,0.0,0.01,0.0,0.0,normal,normal,baixa,2,historico feriado (poucos dados),3.0
I23LA545728,1,,feriado,0.0,0.0,0.01,0.0,0.0,normal,normal,baixa,2,historico feriado (poucos dados),3.0
I23LA545728,2,,feriado,0.0,0.0,0.01,0.0,0.0,normal,normal,baixa,3,historico feriado (poucos dados),3.0
I23LA545728,3,,feriado,0.0,0.0,0.01,0.0,0.0,normal,normal,baixa,3,historico feriado (poucos dados),3.0
I23LA545728,4,,feriado,0.0,0.0,0.01,0.0,0.0,normal,normal,baixa,3,historico feriado (poucos dados),3.0
I23LA545728,5,,feriado,0.0,0.0,0.01,0.0,0.0,normal,normal,baixa,3,historico feriado (poucos dados),3.0
I23LA545728,6,,feriado,0.0,0.0,0.01,0.0,0.0,normal,normal,baixa,2,historico feriado (poucos dados),3.0
I23LA545728,7,,feriado,0.0,0.0,0.01,0.0,0.0,normal,normal,baixa,2,historico feriado (poucos dados),3.0
I23LA545728,8,,feriado,0.0,0.0,0.01,0.0,0.0,normal,normal,baixa,2,historico feriado (poucos dados),3.0
I23LA545728,9,,feriado,0.0,0.0,0.01,0.0,0.0,normal,normal,baixa,2,historico feriado (poucos dados),3.0
I23LA545728,10,,feriado,0.0,0.0,0.01,0.0,0.0,normal,normal,baixa,2,historico feriado (poucos dados),3.0
I23LA545728,11,,feriado,0.001,0.001,0.01,0.0,0.0,normal,normal,baixa,2,historico feriado (poucos dados),3.0
I23LA545728,12,,feriado,0.0,0.0,0.01,0.0,0.0,normal,normal,baixa,2,historico feriado (poucos dados),3.0
I23LA545728,13,,feriado,0.0,0.0,0.01,0.0,0.0,normal,normal,baixa,2,historico feriado (poucos dados),3.0
I23LA545728,18,,feriado,0.0,0.001,0.01,-0.1,-0.1,normal,normal,baixa,3,historico feriado (poucos dados),3.0
I23LA545728,19,,feriado,0.0,0.0003,0.01,-0.03,-0.03,normal,normal,baixa,3,historico feriado (poucos dados),3.0
I23LA545728,20,,feriado,0.0,0.0003,0.01,-0.03,-0.03,normal,normal,baixa,3,historico feriado (poucos dados),3.0
I23LA545728,21,,feriado,0.0,0.0,0.01,0.0,0.0,normal,normal,baixa,3,historico feriado (poucos dados),3.0
I23LA545728,22,,feriado,0.0,0.0,0.01,0.0,0.0,normal,normal,baixa,2,historico feriado (poucos dados),3.0
I23LA545728,23,,feriado,0.0,0.0,0.01,0.0,0.0,normal,normal,baixa,2,historico feriado (poucos dados),3.0
I23LA547069,0,,feriado,0.0,0.0,0.01,0.0,0.0,normal,normal,baixa,3,historico feriado (poucos dados),3.0
I23LA547069,1,,feriado,0.0,0.0,0.01,0.0,0.0,normal,normal,baixa,3,historico feriado (poucos dados),3.0
I23LA547069,2,,feriado,0.0,0.0,0.01,0.0,0.0,normal,normal,baixa,3,historico feriado (poucos dados),3.0
I23LA547069,3,,feriado,0.0,0.0,0.01,0.0,0.0,normal,normal,baixa,3,historico feriado (poucos dados),3.0
I23LA547069,4,,feriado,0.0,0.0,0.01,0.0,0.0,normal,normal,baixa,3,historico feriado (poucos dados),3.0
I23LA547069,5,,feriado,0.0,0.0,0.01,0.0,0.0,normal,normal,baixa,3,historico feriado (poucos dados),3.0
I23LA547069,6,,feriado,0.0,0.0,0.01,0.0,0.0,normal,normal,baixa,3,historico feriado (poucos dados),3.0
I23LA547069,7,,feriado,0.0,0.0,0.01,0.0,0.0,normal,normal,baixa,3,historico feriado (poucos dados),3.0
I23LA547069,8,,feriado,0.0,0.0,0.01,0.0,0.0,normal,normal,baixa,3,historico feriado (poucos dados),3.0
I23LA547069,9,,feriado,0.0,0.0,0.01,0.0,0.0,normal,normal,baixa,3,historico feriado (poucos dados),3.0
I23LA547069,10,,feriado,0.0,0.0,0.01,0.0,0.0,normal,normal,baixa,3,historico feriado (poucos dados),3.0
I23LA547069,15,,feriado,0.0,0.0,0.01,0.0,0.0,normal,normal,baixa,3,historico feriado (poucos dados),3.0
I23LA547069,16,,feriado,0.0,0.0,0.01,0.0,0.0,normal,normal,baixa,3,historico feriado (poucos dados),3.0
I23LA547069,17,,feriado,0.0,0.0,0.01,0.0,0.0,normal,normal,baixa,3,historico feriado (poucos dados),3.0
I23LA547069,18,,feriado,0.0,0.0,0.01,0.0,0.0,normal,normal,baixa,3,historico feriado (poucos dados),3.0
I23LA547069,19,,feriado,0.0,0.0,0.01,0.0,0.0,normal,normal,baixa,3,historico feriado (poucos dados),3.0
I23LA547069,20,,feriado,0.0,0.0,0.01,0.0,0.0,normal,normal,baixa,3,historico feriado (poucos dados),3.0
I23LA547069,21,,feriado,0.0,0.0,0.01,0.0,0.0,normal,normal,baixa,3,historico feriado (poucos dados),3.0
I23LA547069,22,,feriado,0.0,0.0,0.01,0.0,0.0,normal,normal,baixa,3,historico feriado (poucos dados),3.0
I23LA547069,23,,feriado,0.0,0.0,0.01,0.0,0.0,normal,normal,baixa,3,historico feriado (poucos dados),3.0
I24LA025413,2,,feriado,0.0,0.0,0.01,0.0,0.0,normal,normal,baixa,3,historico feriado (poucos dados),3.0
I24LA025413,3,,feriado,0.0,0.0,0.01,0.0,0.0,normal,normal,baixa,3,historico feriado (poucos dados),3.0
I24LA025413,4,,feriado,0.0,0.0,0.01,0.0,0.0,normal,normal,baixa,3,historico feriado (poucos dados),3.0
I24LA025413,5,,feriado,0.0,0.0,0.01,0.0,0.0,normal,normal,baixa,3,historico feriado (poucos dados),3.0
I24LA025413,6,,feriado,0.0,0.0,0.01,0.0,0.0,normal,normal,baixa,3,historico feriado (poucos dados),3.0
I24LA025413,7,,feriado,0.0,0.0,0.01,0.0,0.0,normal,normal,baixa,3,historico feriado (poucos dados),3.0
I24LA025413,8,,feriado,0.0,0.0,0.01,0.0,0.0,normal,normal,baixa,3,historico feriado (poucos dados),3.0
I24LA025413,9,,feriado,0.0,0.0027,0.01,-0.27,-0.27,normal,normal,baixa,3,historico feriado (poucos dados),3.0
I24LA025413,10,,feriado,0.291,0.0,0.01,10.0,29.1,desvio,acima,baixa,3,historico feriado (poucos dados),3.0
I24LA025413,11,,feriado,0.0,0.0,0.01,0.0,0.0,normal,normal,baixa,3,historico feriado (poucos dados),3.0
I24LA025413,12,,feriado,0.0,0.0003,0.01,-0.03,-0.03,normal,normal,baixa,3,historico feriado (poucos dados),3.0
I24LA025413,13,,feriado,0.007,0.0027,0.01,0.43,0.43,normal,normal,baixa,3,historico feriado (poucos dados),3.0
I24LA025413,14,,feriado,0.0,0.0,0.01,0.0,0.0,normal,normal,baixa,3,historico feriado (poucos dados),3.0
I24LA025413,15,,feriado,0.004,0.1657,0.2869,-0.56,-0.56,normal,normal,baixa,3,historico feriado (poucos dados),3.0
I24LA025413,16,,feriado,0.0,0.1343,0.2327,-0.58,-0.58,normal,normal,baixa,3,historico feriado (poucos dados),3.0
I24LA025413,17,,feriado,0.0,0.0013,0.01,-0.13,-0.13,normal,normal,baixa,3,historico feriado (poucos dados),3.0
I24LA025413,18,,feriado,0.0,0.006,0.01,-0.6,-0.6,normal,normal,baixa,3,historico feriado (poucos dados),3.0
I24LA025413,19,,feriado,0.016,0.003,0.01,1.3,1.3,normal,normal,baixa,3,historico feriado (poucos dados),3.0
I24LA025413,20,,feriado,0.009,0.003,0.01,0.6,0.6,normal,normal,baixa,3,historico feriado (poucos dados),3.0
I24LA025413,21,,feriado,0.0,0.0007,0.01,-0.07,-0.07,normal,normal,baixa,3,historico feriado (poucos dados),3.0
I24LA025413,22,,feriado,0.0,0.0,0.01,0.0,0.0,normal,normal,baixa,3,historico feriado (poucos dados),3.0
I24LA025413,23,,feriado,0.0,0.0,0.01,0.0,0.0,normal,normal,baixa,3,historico feriado (poucos dados),3.0
I24LA025871,3,,feriado,0.0,0.0,0.01,0.0,0.0,normal,normal,baixa,2,historico feriado (poucos dados),3.0
I24LA025871,4,,feriado,0.0,0.0,0.01,0.0,0.0,normal,normal,baixa,2,historico feriado (poucos dados),3.0
I24LA025871,5,,feriado,0.0,0.0,0.01,0.0,0.0,normal,normal,baixa,2,historico feriado (poucos dados),3.0
I24LA025871,6,,feriado,0.0,0.0,0.01,0.0,0.0,normal,normal,baixa,2,historico feriado (poucos dados),3.0
I24LA025871,15,,feriado,0.0,0.0,0.01,0.0,0.0,normal,normal,baixa,3,historico feriado (poucos dados),3.0
I24LA025871,16,,feriado,0.0,0.0,0.01,0.0,0.0,normal,normal,baixa,3,historico feriado (poucos dados),3.0
I24LA025871,17,,feriado,0.0,0.0,0.01,0.0,0.0,normal,normal,baixa,3,historico feriado (poucos dados),3.0
I24LA025871,18,,feriado,0.0,0.0,0.01,0.0,0.0,normal,normal,baixa,3,historico feriado (poucos dados),3.0
I24LA025871,19,,feriado,0.0,0.0,0.01,0.0,0.0,normal,normal,baixa,3,historico feriado (poucos dados),3.0
I24LA025871,20,,feriado,0.0,0.0,0.01,0.0,0.0,normal,normal,baixa,3,historico feriado (poucos dados),3.0
I24LA025871,21,,feriado,0.0,0.0,0.01,0.0,0.0,normal,normal,baixa,3,historico feriado (poucos dados),3.0
I24LA025871,22,,feriado,0.0,0.0,0.01,0.0,0.0,normal,normal,baixa,3,historico feriado (poucos dados),3.0
I24LA025880,0,,feriado,0.0,0.0,0.01,0.0,0.0,normal,normal,baixa,3,historico feriado (poucos dados),3.0
I24LA025880,1,,feriado,0.0,0.0,0.01,0.0,0.0,normal,normal,baixa,3,historico feriado (poucos dados),3.0
I24LA025880,2,,feriado,0.0,0.0,0.01,0.0,0.0,normal,normal,baixa,3,historico feriado (poucos dados),3.0
I24LA025880,3,,feriado,0.0,0.0,0.01,0.0,0.0,normal,normal,baixa,3,historico feriado (poucos dados),3.0
I24LA025880,4,,feriado,0.0,0.0,0.01,0.0,0.0,normal,normal,baixa,3,historico feriado (poucos dados),3.0
I24LA025880,5,,feriado,0.0,0.0,0.01,0.0,0.0,normal,normal,baixa,3,historico feriado (poucos dados),3.0
I24LA025880,6,,feriado,0.0,0.0,0.01,0.0,0.0,normal,normal,baixa,3,historico feriado (poucos dados),3.0
I24LA025880,7,,feriado,0.0,0.0,0.01,0.0,0.0,normal,normal,baixa,3,historico feriado (poucos dados),3.0
I24LA025880,8,,feriado,0.0,0.0,0.01,0.0,0.0,normal,normal,baixa,3,historico feriado (poucos dados),3.0
I24LA025880,9,,feriado,0.0,0.0003,0.01,-0.03,-0.03,normal,normal,baixa,3,historico feriado (poucos dados),3.0
I24LA025880,10,,feriado,0.0,0.0,0.01,0.0,0.0,normal,normal,baixa,3,historico feriado (poucos dados),3.0
I24LA025880,11,,feriado,0.0,0.0,0.01,0.0,0.0,normal,normal,baixa,3,historico feriado (poucos dados),3.0
I24LA025880,12,,feriado,0.002,0.005,0.01,-0.3,-0.3,normal,normal,baixa,3,historico feriado (poucos dados),3.0
I24LA025880,13,,feriado,0.0,0.0,0.01,0.0,0.0,normal,normal,baixa,3,historico feriado (poucos dados),3.0
I24LA025880,14,,feriado,0.0,0.1007,0.1744,-0.58,-0.58,normal,normal,baixa,3,historico feriado (poucos dados),3.0
I24LA025880,15,,feriado,0.0,0.0047,0.01,-0.47,-0.47,normal,normal,baixa,3,historico feriado (poucos dados),3.0
I24LA025880,16,,feriado,0.0,0.0,0.01,0.0,0.0,normal,normal,baixa,3,historico feriado (poucos dados),3.0
I24LA025880,17,,feriado,0.0,0.0,0.01,0.0,0.0,normal,normal,baixa,3,historico feriado (poucos dados),3.0
I24LA025880,18,,feriado,0.0,0.0,0.01,0.0,0.0,normal,normal,baixa,3,historico feriado (poucos dados),3.0
I24LA025880,19,,feriado,0.0,0.0023,0.01,-0.23,-0.23,normal,normal,baixa,3,historico feriado (poucos dados),3.0
I24LA025880,20,,feriado,0.0,0.0,0.01,0.0,0.0,normal,normal,baixa,3,historico feriado (poucos dados),3.0
I24LA025880,21,,feriado,0.0,0.0,0.01,0.0,0.0,normal,normal,baixa,3,historico feriado (poucos dados),3.0
I24LA025880,22,,feriado,0.0,0.0,0.01,0.0,0.0,normal,normal,baixa,3,historico feriado (poucos dados),3.0
I24LA025880,23,,feriado,0.0,0.0,0.01,0.0,0.0,normal,normal,baixa,3,historico feriado (poucos dados),3.0
I24LA026648,2,,feriado,0.0,0.0,0.01,0.0,0.0,normal,normal,baixa,3,historico feriado (poucos dados),3.0
I24LA026648,3,,feriado,0.0,0.0,0.01,0.0,0.0,normal,normal,baixa,3,historico feriado (poucos dados),3.0
I24LA026648,4,,feriado,0.0,0.0,0.01,0.0,0.0,normal,normal,baixa,3,historico feriado (poucos dados),3.0
I24LA026648,5,,feriado,0.0,0.0,0.01,0.0,0.0,normal,normal,baixa,3,historico feriado (poucos dados),3.0
I24LA026648,6,,feriado,0.0,0.0,0.01,0.0,0.0,normal,normal,baixa,3,historico feriado (poucos dados),3.0
I24LA026648,7,,feriado,0.0,0.0,0.01,0.0,0.0,normal,normal,baixa,3,historico feriado (poucos dados),3.0
I24LA026648,8,,feriado,0.0,0.0,0.01,0.0,0.0,normal,normal,baixa,3,historico feriado (poucos dados),3.0
I24LA026648,9,,feriado,0.0,0.0,0.01,0.0,0.0,normal,normal,baixa,3,historico feriado (poucos dados),3.0
I24LA026648,14,,feriado,0.003,0.0,0.01,0.3,0.3,normal,normal,baixa,3,historico feriado (poucos dados),3.0
I24LA026648,15,,feriado,0.0,0.001,0.01,-0.1,-0.1,normal,normal,baixa,3,historico feriado (poucos dados),3.0
I24LA026648,16,,feriado,0.0,0.0033,0.01,-0.33,-0.33,normal,normal,baixa,3,historico feriado (poucos dados),3.0
I24LA026648,17,,feriado,0.0,0.0,0.01,0.0,0.0,normal,normal,baixa,3,historico feriado (poucos dados),3.0
I24LA026648,18,,feriado,0.0,0.0,0.01,0.0,0.0,normal,normal,baixa,3,historico feriado (poucos dados),3.0
I24LA026648,19,,feriado,0.0,0.001,0.01,-0.1,-0.1,normal,normal,baixa,3,historico feriado (poucos dados),3.0
I24LA026648,20,,feriado,0.0,0.0,0.01,0.0,0.0,normal,normal,baixa,3,historico feriado (poucos dados),3.0
I24LA026648,21,,feriado,0.0,0.0,0.01,0.0,0.0,normal,normal,baixa,3,historico feriado (poucos dados),3.0
I24LA026648,22,,feriado,0.0,0.0,0.01,0.0,0.0,normal,normal,baixa,3,historico feriado (poucos dados),3.0
I24LA026648,23,,feriado,0.0,0.0,0.01,0.0,0.0,normal,normal,baixa,3,historico feriado (poucos dados),3.0
I24LA027028,0,,feriado,0.0,0.0,0.01,0.0,0.0,normal,normal,baixa,3,historico feriado (poucos dados),3.0
I24LA028096,0,,feriado,0.007,0.0063,0.01,0.07,0.07,normal,normal,baixa,3,historico feriado (poucos dados),3.0
I24LA028096,1,,feriado,0.008,0.0057,0.01,0.23,0.23,normal,normal,baixa,3,historico feriado (poucos dados),3.0
I24LA028096,2,,feriado,0.007,0.005,0.01,0.2,0.2,normal,normal,baixa,3,historico feriado (poucos dados),3.0
I24LA028096,3,,feriado,0.007,0.0057,0.01,0.13,0.13,normal,normal,baixa,3,historico feriado (poucos dados),3.0
I24LA028096,4,,feriado,0.007,0.006,0.01,0.1,0.1,normal,normal,baixa,3,historico feriado (poucos dados),3.0
I24LA028096,5,,feriado,0.008,0.0053,0.01,0.27,0.27,normal,normal,baixa,3,historico feriado (poucos dados),3.0
I24LA028096,6,,feriado,0.007,0.0057,0.01,0.13,0.13,normal,normal,baixa,3,historico feriado (poucos dados),3.0
I24LA028096,7,,feriado,0.007,0.0053,0.01,0.17,0.17,normal,normal,baixa,3,historico feriado (poucos dados),3.0
I24LA028096,8,,feriado,0.006,0.005,0.01,0.1,0.1,normal,normal,baixa,3,historico feriado (poucos dados),3.0
I24LA028096,9,,feriado,0.007,0.0053,0.01,0.17,0.17,normal,normal,baixa,3,historico feriado (poucos dados),3.0
I24LA028096,10,,feriado,0.007,0.0057,0.01,0.13,0.13,normal,normal,baixa,3,historico feriado (poucos dados),3.0
I24LA028096,11,,feriado,0.007,0.005,0.01,0.2,0.2,normal,normal,baixa,3,historico feriado (poucos dados),3.0
I24LA028096,12,,feriado,0.007,0.0057,0.01,0.13,0.13,normal,normal,baixa,3,historico feriado (poucos dados),3.0
I24LA028096,13,,feriado,0.007,0.0057,0.01,0.13,0.13,normal,normal,baixa,3,historico feriado (poucos dados),3.0
I24LA028096,14,,feriado,0.007,0.006,0.01,0.1,0.1,normal,normal,baixa,3,historico feriado (poucos dados),3.0
I24LA028096,15,,feriado,0.007,0.0057,0.01,0.13,0.13,normal,normal,baixa,3,historico feriado (poucos dados),3.0
I24LA028096,16,,feriado,0.008,0.0057,0.01,0.23,0.23,normal,normal,baixa,3,historico feriado (poucos dados),3.0
I24LA028096,17,,feriado,0.007,0.0057,0.01,0.13,0.13,normal,normal,baixa,3,historico feriado (poucos dados),3.0
I24LA028096,18,,feriado,0.007,0.005,0.01,0.2,0.2,normal,normal,baixa,3,historico feriado (poucos dados),3.0
I24LA028096,19,,feriado,0.006,0.0053,0.01,0.07,0.07,normal,normal,baixa,3,historico feriado (poucos dados),3.0
I24LA028096,20,,feriado,0.007,0.006,0.01,0.1,0.1,normal,normal,baixa,3,historico feriado (poucos dados),3.0
I24LA028096,21,,feriado,0.008,0.005,0.01,0.3,0.3,normal,normal,baixa,3,historico feriado (poucos dados),3.0
I24LA028096,22,,feriado,0.007,0.006,0.01,0.1,0.1,normal,normal,baixa,3,historico feriado (poucos dados),3.0
I24LA028096,23,,feriado,0.007,0.0053,0.01,0.17,0.17,normal,normal,baixa,3,historico feriado (poucos dados),3.0
I24LA028098,0,,feriado,0.039,0.0,0.01,3.9,3.9,desvio,acima,baixa,3,historico feriado (poucos dados),3.0
I24LA028098,1,,feriado,0.0,0.0,0.01,0.0,0.0,normal,normal,baixa,3,historico feriado (poucos dados),3.0
I24LA028098,2,,feriado,0.0,0.0,0.01,0.0,0.0,normal,normal,baixa,3,historico feriado (poucos dados),3.0
I24LA028098,3,,feriado,0.0,0.0,0.01,0.0,0.0,normal,normal,baixa,3,historico feriado (poucos dados),3.0
I24LA028098,4,,feriado,0.0,0.0,0.01,0.0,0.0,normal,normal,baixa,2,historico feriado (poucos dados),3.0
I24LA028098,5,,feriado,0.0,0.0,0.01,0.0,0.0,normal,normal,baixa,2,historico feriado (poucos dados),3.0
I24LA028098,6,,feriado,0.0,0.0,0.01,0.0,0.0,normal,normal,baixa,2,historico feriado (poucos dados),3.0
I24LA028098,7,,feriado,0.0,0.0,0.01,0.0,0.0,normal,normal,baixa,2,historico feriado (poucos dados),3.0
I24LA028098,8,,feriado,0.012,0.0,0.01,1.2,1.2,normal,normal,baixa,3,historico feriado (poucos dados),3.0
I24LA028098,9,,feriado,0.056,0.0277,0.0291,0.97,0.97,normal,normal,baixa,3,historico feriado (poucos dados),3.0
I24LA028098,10,,feriado,0.03,0.0087,0.01,2.13,2.13,normal,normal,baixa,3,historico feriado (poucos dados),3.0
I24LA028098,11,,feriado,0.016,0.0493,0.0752,-0.44,-0.44,normal,normal,baixa,3,historico feriado (poucos dados),3.0
I24LA028098,12,,feriado,0.032,0.044,0.0381,-0.31,-0.31,normal,normal,baixa,3,historico feriado (poucos dados),3.0
I24LA028098,13,,feriado,0.156,0.0397,0.0369,3.15,3.15,desvio,acima,baixa,3,historico feriado (poucos dados),3.0
I24LA028098,14,,feriado,0.023,0.0247,0.0133,-0.13,-0.13,normal,normal,baixa,3,historico feriado (poucos dados),3.0
I24LA028098,15,,feriado,0.038,0.0543,0.034,-0.48,-0.48,normal,normal,baixa,3,historico feriado (poucos dados),3.0
I24LA028098,16,,feriado,0.071,0.071,0.0177,0.0,0.0,normal,normal,baixa,3,historico feriado (poucos dados),3.0
I24LA028098,17,,feriado,0.029,0.0603,0.0411,-0.76,-0.76,normal,normal,baixa,3,historico feriado (poucos dados),3.0
I24LA028098,18,,feriado,0.0,0.009,0.0156,-0.58,-0.58,normal,normal,baixa,3,historico feriado (poucos dados),3.0
I24LA028098,19,,feriado,0.0,0.034,0.01,-3.4,-3.4,desvio,abaixo,baixa,3,historico feriado (poucos dados),3.0
I24LA028098,20,,feriado,0.047,0.045,0.0562,0.04,0.04,normal,normal,baixa,3,historico feriado (poucos dados),3.0
I24LA028098,21,,feriado,0.046,0.036,0.0191,0.52,0.52,normal,normal,baixa,3,historico feriado (poucos dados),3.0
I24LA028098,22,,feriado,0.044,0.0127,0.011,2.86,2.86,normal,normal,baixa,3,historico feriado (poucos dados),3.0
I24LA028098,23,,feriado,0.0,0.0063,0.011,-0.58,-0.58,normal,normal,baixa,3,historico feriado (poucos dados),3.0
I24LA028157,0,,feriado,0.0,0.0,0.01,0.0,0.0,normal,normal,baixa,3,historico feriado (poucos dados),3.0
I24LA028157,1,,feriado,0.0,0.0,0.01,0.0,0.0,normal,normal,baixa,3,historico feriado (poucos dados),3.0
I24LA028157,2,,feriado,0.0,0.0,0.01,0.0,0.0,normal,normal,baixa,3,historico feriado (poucos dados),3.0
I24LA028157,3,,feriado,0.0,0.0,0.01,0.0,0.0,normal,normal,baixa,3,historico feriado (poucos dados),3.0
I24LA028157,4,,feriado,0.0,0.0,0.01,0.0,0.0,normal,normal,baixa,3,historico feriado (poucos dados),3.0
I24LA028157,5,,feriado,0.0,0.0,0.01,0.0,0.0,normal,normal,baixa,3,historico feriado (poucos dados),3.0
I24LA028157,6,,feriado,0.0,0.0,0.01,0.0,0.0,normal,normal,baixa,3,historico feriado (poucos dados),3.0
I24LA028157,7,,feriado,0.0,0.0,0.01,0.0,0.0,normal,normal,baixa,3,historico feriado (poucos dados),3.0
I24LA028157,8,,feriado,0.0,0.0,0.01,0.0,0.0,normal,normal,baixa,3,historico feriado (poucos dados),3.0
I24LA028157,9,,feriado,0.0,0.0,0.01,0.0,0.0,normal,normal,baixa,3,historico feriado (poucos dados),3.0
I24LA028157,10,,feriado,0.0,0.0,0.01,0.0,0.0,normal,normal,baixa,3,historico feriado (poucos dados),3.0
I24LA028157,11,,feriado,0.0,0.0087,0.015,-0.58,-0.58,normal,normal,baixa,3,historico feriado (poucos dados),3.0
I24LA028157,12,,feriado,0.0,0.0,0.01,0.0,0.0,normal,normal,baixa,3,historico feriado (poucos dados),3.0
I24LA028157,13,,feriado,0.0,0.0,0.01,0.0,0.0,normal,normal,baixa,3,historico feriado (poucos dados),3.0
I24LA028157,14,,feriado,0.0,0.0,0.01,0.0,0.0,normal,normal,baixa,3,historico feriado (poucos dados),3.0
I24LA028157,15,,feriado,0.0,0.006,0.0104,-0.58,-0.58,normal,normal,baixa,3,historico feriado (poucos dados),3.0
I24LA028157,16,,feriado,0.0,0.0,0.01,0.0,0.0,normal,normal,baixa,3,historico feriado (poucos dados),3.0
I24LA028157,17,,feriado,0.0,0.0,0.01,0.0,0.0,normal,normal,baixa,3,historico feriado (poucos dados),3.0
I24LA028157,18,,feriado,0.0,0.0,0.01,0.0,0.0,normal,normal,baixa,3,historico feriado (poucos dados),3.0
I24LA028157,19,,feriado,0.0,0.0,0.01,0.0,0.0,normal,normal,baixa,3,historico feriado (poucos dados),3.0
I24LA028157,20,,feriado,0.0,0.0,0.01,0.0,0.0,normal,normal,baixa,3,historico feriado (poucos dados),3.0
I24LA028157,21,,feriado,0.0,0.0,0.01,0.0,0.0,normal,normal,baixa,3,historico feriado (poucos dados),3.0
I24LA028157,22,,feriado,0.0,0.0,0.01,0.0,0.0,normal,normal,baixa,3,historico feriado (poucos dados),3.0
I24LA028157,23,,feriado,0.0,0.0,0.01,0.0,0.0,normal,normal,baixa,3,historico feriado (poucos dados),3.0
I24LA028258,0,,feriado,0.011,0.01,0.01,0.1,0.1,normal,normal,baixa,3,historico feriado (poucos dados),3.0
I24LA028258,1,,feriado,0.011,0.0107,0.01,0.03,0.03,normal,normal,baixa,3,historico feriado (poucos dados),3.0
I24LA028258,2,,feriado,0.012,0.0107,0.01,0.13,0.13,normal,normal,baixa,3,historico feriado (poucos dados),3.0
I24LA028258,3,,feriado,0.011,0.0103,0.01,0.07,0.07,normal,normal,baixa,3,historico feriado (poucos dados),3.0
I24LA028258,4,,feriado,0.011,0.0103,0.01,0.07,0.07,normal,normal,baixa,3,historico feriado (poucos dados),3.0
I24LA028258,5,,feriado,0.01,0.0107,0.01,-0.07,-0.07,normal,normal,baixa,3,historico feriado (poucos dados),3.0
I24LA028258,6,,feriado,0.01,0.01,0.01,0.0,0.0,normal,normal,baixa,3,historico feriado (poucos dados),3.0
I24LA028258,7,,feriado,0.01,0.011,0.01,-0.1,-0.1,normal,normal,baixa,3,historico feriado (poucos dados),3.0
I24LA028258,8,,feriado,0.01,0.0107,0.01,-0.07,-0.07,normal,normal,baixa,3,historico feriado (poucos dados),3.0
I24LA028258,9,,feriado,0.011,0.011,0.01,-0.0,-0.0,normal,normal,baixa,3,historico feriado (poucos dados),3.0
I24LA028258,10,,feriado,0.01,0.0103,0.01,-0.03,-0.03,normal,normal,baixa,3,historico feriado (poucos dados),3.0
I24LA028258,11,,feriado,0.011,0.011,0.01,-0.0,-0.0,normal,normal,baixa,3,historico feriado (poucos dados),3.0
I24LA028258,12,,feriado,0.01,0.0107,0.01,-0.07,-0.07,normal,normal,baixa,3,historico feriado (poucos dados),3.0
I24LA028258,13,,feriado,0.011,0.0107,0.01,0.03,0.03,normal,normal,baixa,3,historico feriado (poucos dados),3.0
I24LA028258,14,,feriado,0.012,0.0103,0.01,0.17,0.17,normal,normal,baixa,3,historico feriado (poucos dados),3.0
I24LA028258,15,,feriado,0.01,0.0103,0.01,-0.03,-0.03,normal,normal,baixa,3,historico feriado (poucos dados),3.0
I24LA028258,16,,feriado,0.01,0.0103,0.01,-0.03,-0.03,normal,normal,baixa,3,historico feriado (poucos dados),3.0
I24LA028258,17,,feriado,0.011,0.0107,0.01,0.03,0.03,normal,normal,baixa,3,historico feriado (poucos dados),3.0
I24LA028258,18,,feriado,0.011,0.0107,0.01,0.03,0.03,normal,normal,baixa,3,historico feriado (poucos dados),3.0
I24LA028258,19,,feriado,0.01,0.011,0.01,-0.1,-0.1,normal,normal,baixa,3,historico feriado (poucos dados),3.0
I24LA028258,20,,feriado,0.011,0.01,0.01,0.1,0.1,normal,normal,baixa,3,historico feriado (poucos dados),3.0
I24LA028258,21,,feriado,0.011,0.0103,0.01,0.07,0.07,normal,normal,baixa,3,historico feriado (poucos dados),3.0
I24LA028258,22,,feriado,0.012,0.0093,0.01,0.27,0.27,normal,normal,baixa,3,historico feriado (poucos dados),3.0
I24LA028258,23,,feriado,0.012,0.0093,0.01,0.27,0.27,normal,normal,baixa,3,historico feriado (poucos dados),3.0
I24LA029109,0,,feriado,0.0,0.0,0.01,0.0,0.0,normal,normal,baixa,3,historico feriado (poucos dados),3.0
I24LA029109,1,,feriado,0.0,0.0,0.01,0.0,0.0,normal,normal,baixa,3,historico feriado (poucos dados),3.0
I24LA029109,2,,feriado,0.0,0.0,0.01,0.0,0.0,normal,normal,baixa,3,historico feriado (poucos dados),3.0
I24LA029109,3,,feriado,0.0,0.0,0.01,0.0,0.0,normal,normal,baixa,3,historico feriado (poucos dados),3.0
I24LA029109,4,,feriado,0.0,0.0,0.01,0.0,0.0,normal,normal,baixa,3,historico feriado (poucos dados),3.0
I24LA029109,5,,feriado,0.0,0.0,0.01,0.0,0.0,normal,normal,baixa,3,historico feriado (poucos dados),3.0
I24LA029109,6,,feriado,0.0,0.0,0.01,0.0,0.0,normal,normal,baixa,3,historico feriado (poucos dados),3.0
I24LA029109,7,,feriado,0.0,0.0127,0.0219,-0.58,-0.58,normal,normal,baixa,3,historico feriado (poucos dados),3.0
I24LA029109,8,,feriado,0.0,0.0153,0.0248,-0.62,-0.62,normal,normal,baixa,3,historico feriado (poucos dados),3.0
I24LA029109,9,,feriado,0.097,0.0183,0.0275,2.86,2.86,normal,normal,baixa,3,historico feriado (poucos dados),3.0
I24LA029109,10,,feriado,0.024,0.0103,0.0179,0.76,0.76,normal,normal,baixa,3,historico feriado (poucos dados),3.0
I24LA029109,11,,feriado,0.0,0.5473,0.948,-0.58,-0.58,normal,normal,baixa,3,historico feriado (poucos dados),3.0
I24LA029109,12,,feriado,0.0,0.413,0.67,-0.62,-0.62,normal,normal,baixa,3,historico feriado (poucos dados),3.0
I24LA029109,13,,feriado,0.0,0.1743,0.2165,-0.81,-0.81,normal,normal,baixa,3,historico feriado (poucos dados),3.0
I24LA029109,14,,feriado,0.0,0.024,0.0416,-0.58,-0.58,normal,normal,baixa,3,historico feriado (poucos dados),3.0
I24LA029109,15,,feriado,0.0,0.0013,0.01,-0.13,-0.13,normal,normal,baixa,3,historico feriado (poucos dados),3.0
I24LA029109,16,,feriado,0.0,0.0,0.01,0.0,0.0,normal,normal,baixa,3,historico feriado (poucos dados),3.0
I24LA029109,17,,feriado,0.0,0.0403,0.0664,-0.61,-0.61,normal,normal,baixa,3,historico feriado (poucos dados),3.0
I24LA029109,18,,feriado,0.0,0.0153,0.0266,-0.58,-0.58,normal,normal,baixa,3,historico feriado (poucos dados),3.0
I24LA029109,19,,feriado,0.199,0.026,0.0433,3.99,3.99,desvio,acima,baixa,3,historico feriado (poucos dados),3.0
I24LA029109,20,,feriado,0.013,0.0743,0.1244,-0.49,-0.49,normal,normal,baixa,3,historico feriado (poucos dados),3.0
I24LA029109,21,,feriado,0.0,0.004,0.01,-0.4,-0.4,normal,normal,baixa,3,historico feriado (poucos dados),3.0
I24LA029109,22,,feriado,0.0,0.0047,0.01,-0.47,-0.47,normal,normal,baixa,3,historico feriado (poucos dados),3.0
I24LA029109,23,,feriado,0.0,0.0033,0.01,-0.33,-0.33,normal,normal,baixa,3,historico feriado (poucos dados),3.0
