CPE,hora,cluster,tipo_dia,consumo_real,consumo_habitual,std,z_score,z_real,veredicto,direcao,confianca,n_dias_tipo,fonte_baseline,threshold
C15FA534254,0,,fim_semana,0.0,0.0,0.01,0.0,0.0,normal,normal,alta,8,historico fim_semana,4.0
C15FA534254,1,,fim_semana,0.0,0.0,0.01,0.0,0.0,normal,normal,alta,8,historico fim_semana,4.0
C15FA534254,2,,fim_semana,0.0,0.0,0.01,0.0,0.0,normal,normal,alta,8,historico fim_semana,4.0
C15FA534254,3,,fim_semana,0.0,0.0,0.01,0.0,0.0,normal,normal,alta,8,historico fim_semana,4.0
C15FA534254,4,,fim_semana,0.0,0.0,0.01,0.0,0.0,normal,normal,alta,8,historico fim_semana,4.0
C15FA534254,5,,fim_semana,0.0,0.0,0.01,0.0,0.0,normal,normal,alta,8,historico fim_semana,4.0
C15FA534254,6,,fim_semana,0.0,0.0,0.01,0.0,0.0,normal,normal,alta,8,historico fim_semana,4.0
C15FA534254,7,,fim_semana,0.0,0.0,0.01,0.0,0.0,normal,normal,alta,7,historico fim_semana,4.0
C15FA534254,8,,fim_semana,0.0,0.0,0.01,0.0,0.0,normal,normal,alta,8,historico fim_semana,4.0
C15FA534254,9,,fim_semana,0.0,0.0,0.01,0.0,0.0,normal,normal,alta,8,historico fim_semana,4.0
C15FA534254,10,,fim_semana,0.0,0.0,0.01,0.0,0.0,normal,normal,alta,8,historico fim_semana,4.0
C15FA534254,11,,fim_semana,0.0,0.0,0.01,0.0,0.0,normal,normal,alta,8,historico fim_semana,4.0
C15FA534254,12,,fim_semana,0.0,0.0,0.01,0.0,0.0,normal,normal,alta,8,historico fim_semana,4.0
C15FA534254,13,,fim_semana,0.0,0.0,0.01,0.0,0.0,normal,normal,alta,8,historico fim_semana,4.0
C15FA534254,14,,fim_semana,0.0,0.0,0.01,0.0,0.0,normal,normal,alta,8,historico fim_semana,4.0
C15FA534254,15,,fim_semana,0.0,0.0,0.01,0.0,0.0,normal,normal,alta,7,historico fim_semana,4.0
C15FA534254,16,,fim_semana,0.0,0.0,0.01,0.0,0.0,normal,normal,alta,8,historico fim_semana,4.0
C15FA534254,17,,fim_semana,0.0,0.0,0.01,0.0,0.0,normal,normal,alta,8,historico fim_semana,4.0
C15FA534254,18,,fim_semana,0.0,0.0,0.01,0.0,0.0,normal,normal,alta,8,historico fim_semana,4.0
C15FA534254,19,,fim_semana,0.0,0.0,0.01,0.0,0.0,normal,normal,alta,8,historico fim_semana,4.0
C15FA534254,20,,fim_semana,0.0,0.0,0.01,0.0,0.0,normal,normal,alta,8,historico fim_semana,4.0
C15FA534254,21,,fim_semana,0.0,0.0,0.01,0.0,0.0,normal,normal,alta,8,historico fim_semana,4.0
C15FA534254,22,,fim_semana,0.0,0.0,0.01,0.0,0.0,normal,normal,alta,8,historico fim_semana,4.0
C16SB066962U,4,,fim_semana,0.0,0.0,0.01,0.0,0.0,normal,normal,alta,6,historico fim_semana,4.0
C16SB066962U,5,,fim_semana,0.0,0.0,0.01,0.0,0.0,normal,normal,alta,6,historico fim_semana,4.0
C16SB066962U,6,,fim_semana,0.0,0.0,0.01,0.0,0.0,normal,normal,alta,6,historico fim_semana,4.0
C16SB066962U,7,,fim_semana,0.0,0.0,0.01,0.0,0.0,normal,normal,alta,6,historico fim_semana,4.0
C16SB066962U,8,,fim_semana,0.0,0.0,0.01,0.0,0.0,normal,normal,alta,6,historico fim_semana,4.0
C16SB066962U,9,,fim_semana,0.0,0.0,0.01,0.0,0.0,normal,normal,alta,6,historico fim_semana,4.0
C16SB066962U,10,,fim_semana,0.0,0.0,0.01,0.0,0.0,normal,normal,alta,6,historico fim_semana,4.0
C16SB066962U,11,,fim_semana,0.0,0.0,0.01,0.0,0.0,normal,normal,alta,6,historico fim_semana,4.0
C16SB066962U,12,,fim_semana,0.0,0.0,0.01,0.0,0.0,normal,normal,alta,5,historico fim_semana,4.0
C16SB066962U,13,,fim_semana,0.0,0.0,0.01,0.0,0.0,normal,normal,alta,5,historico fim_semana,4.0
C16SB066962U,14,,fim_semana,0.0,0.0,0.01,0.0,0.0,normal,normal,alta,5,historico fim_semana,4.0
C16SB066962U,15,,fim_semana,0.0,0.0,0.01,0.0,0.0,normal,normal,alta,5,historico fim_semana,4.0
C16SB066962U,20,,fim_semana,0.0,0.0,0.01,0.0,0.0,normal,normal,baixa,4,historico fim_semana (poucos dados),4.0
C16SB066962U,21,,fim_semana,0.0,0.0,0.01,0.0,0.0,normal,normal,baixa,4,historico fim_semana (poucos dados),4.0
C16SB066962U,22,,fim_semana,0.0,0.0,0.01,0.0,0.0,normal,normal,baixa,4,historico fim_semana (poucos dados),4.0
C16SB066962U,23,,fim_semana,0.0,0.0,0.01,0.0,0.0,normal,normal,baixa,4,historico fim_semana (poucos dados),4.0
C16SC000825R,0,,fim_semana,0.0,0.0,0.01,0.0,0.0,normal,normal,alta,8,historico fim_semana,4.0
C16SC000825R,1,,fim_semana,0.0,0.0,0.01,0.0,0.0,normal,normal,alta,8,historico fim_semana,4.0
C16SC000825R,2,,fim_semana,0.0,0.0,0.01,0.0,0.0,normal,normal,alta,8,historico fim_semana,4.0
C16SC000825R,3,,fim_semana,0.0,0.0,0.01,0.0,0.0,normal,normal,alta,6,historico fim_semana,4.0
C16SC000825R,4,,fim_semana,0.0,0.0,0.01,0.0,0.0,normal,normal,alta,6,historico fim_semana,4.0
C16SC000825R,5,,fim_semana,0.0,0.0,0.01,0.0,0.0,normal,normal,alta,6,historico fim_semana,4.0
C16SC000825R,6,,fim_semana,0.0,0.0,0.01,0.0,0.0,normal,normal,alta,6,historico fim_semana,4.0
C16SC000825R,7,,fim_semana,0.0,0.0,0.01,0.0,0.0,normal,normal,alta,8,historico fim_semana,4.0
C16SC000825R,8,,fim_semana,0.0,0.0,0.01,0.0,0.0,normal,normal,alta,8,historico fim_semana,4.0
C16SC000825R,9,,fim_semana,1.624,0.5694,0.3906,2.7,2.7,normal,normal,alta,8,historico fim_semana,4.0
C16SC000825R,10,,fim_semana,4.176,1.0633,0.2658,10.0,11.71,desvio,acima,alta,8,historico fim_semana,4.0
C16SC000825R,11,,fim_semana,0.0,0.5585,0.4759,-1.17,-1.17,normal,normal,alta,6,historico fim_semana,4.0
C16SC000825R,12,,fim_semana,0.746,0.3697,0.3284,1.15,1.15,normal,normal,alta,6,historico fim_semana,4.0
C16SC000825R,13,,fim_semana,0.0,0.0,0.01,0.0,0.0,normal,normal,alta,6,historico fim_semana,4.0
C16SC000825R,14,,fim_semana,0.0,0.0,0.01,0.0,0.0,normal,normal,alta,6,historico fim_semana,4.0
C16SC000825R,15,,fim_semana,0.0,0.4848,0.9046,-0.54,-0.54,normal,normal,alta,8,historico fim_semana,4.0
C16SC000825R,16,,fim_semana,0.0,0.1741,0.1992,-0.87,-0.87,normal,normal,alta,8,historico fim_semana,4.0
C16SC000825R,17,,fim_semana,0.0,0.4211,0.4516,-0.93,-0.93,normal,normal,alta,8,historico fim_semana,4.0
C16SC000825R,18,,fim_semana,0.0,0.4385,0.3874,-1.13,-1.13,normal,normal,alta,8,historico fim_semana,4.0
C16SC000825R,19,,fim_semana,0.0,0.6262,0.3843,-1.63,-1.63,normal,normal,alta,8,historico fim_semana,4.0
C16SC000825R,20,,fim_semana,0.464,0.6022,0.3752,-0.37,-0.37,normal,normal,alta,8,historico fim_semana,4.0
C16SC000825R,21,,fim_semana,1.136,0.5867,0.3357,1.64,1.64,normal,normal,alta,8,historico fim_semana,4.0
C16SC000825R,22,,fim_semana,0.0,0.0,0.01,0.0,0.0,normal,normal,alta,8,historico fim_semana,4.0
C16SC000825R,23,,fim_semana,0.0,0.0,0.01,0.0,0.0,normal,normal,alta,8,historico fim_semana,4.0
C16SC003896,0,,fim_semana,0.0,0.0,0.01,0.0,0.0,normal,normal,alta,8,historico fim_semana,4.0
C16SC003896,1,,fim_semana,0.0,0.0,0.01,0.0,0.0,normal,normal,alta,8,historico fim_semana,4.0
C16SC003896,2,,fim_semana,0.0,0.0,0.01,0.0,0.0,normal,normal,alta,8,historico fim_semana,4.0
C16SC003896,3,,fim_semana,0.0,0.0,0.01,0.0,0.0,normal,normal,alta,8,historico fim_semana,4.0
C16SC003896,4,,fim_semana,0.0,0.0,0.01,0.0,0.0,normal,normal,alta,8,historico fim_semana,4.0
C16SC003896,5,,fim_semana,0.0,0.0,0.01,0.0,0.0,normal,normal,alta,8,historico fim_semana,4.0
C16SC003896,6,,fim_semana,0.0,0.0,0.01,0.0,0.0,normal,normal,alta,8,historico fim_semana,4.0
C16SC003896,7,,fim_semana,0.0,0.0,0.01,0.0,0.0,normal,normal,alta,8,historico fim_semana,4.0
C16SC003896,8,,fim_semana,0.0,0.0,0.01,0.0,0.0,normal,normal,alta,8,historico fim_semana,4.0
C16SC003896,9,,fim_semana,0.0,0.0,0.01,0.0,0.0,normal,normal,alta,8,historico fim_semana,4.0
C16SC003896,10,,fim_semana,0.0,0.0,0.01,0.0,0.0,normal,normal,alta,6,historico fim_semana,4.0
C16SC003896,11,,fim_semana,0.0,0.0,0.01,0.0,0.0,normal,normal,alta,8,historico fim_semana,4.0
C16SC003896,12,,fim_semana,0.0,0.0,0.01,0.0,0.0,normal,normal,alta,8,historico fim_semana,4.0
C16SC003896,13,,fim_semana,0.0,0.0,0.01,0.0,0.0,normal,normal,alta,8,historico fim_semana,4.0
C16SC003896,14,,fim_semana,0.0,0.0,0.01,0.0,0.0,normal,normal,alta,8,historico fim_semana,4.0
C16SC003896,15,,fim_semana,0.0,0.0,0.01,0.0,0.0,normal,normal,alta,8,historico fim_semana,4.0
C16SC003896,16,,fim_semana,0.0,0.0,0.01,0.0,0.0,normal,normal,alta,8,historico fim_semana,4.0
C16SC003896,17,,fim_semana,0.0,0.0,0.01,0.0,0.0,normal,normal,alta,8,historico fim_semana,4.0
C16SC003896,18,,fim_semana,0.0,0.0,0.01,0.0,0.0,normal,normal,alta,7,historico fim_semana,4.0
C16SC003896,19,,fim_semana,0.0,0.0,0.01,0.0,0.0,normal,normal,alta,8,historico fim_semana,4.0
C16SC003896,20,,fim_semana,0.0,0.0,0.01,0.0,0.0,normal,normal,alta,8,historico fim_semana,4.0
C16SC003896,21,,fim_semana,0.0,0.0,0.01,0.0,0.0,normal,normal,alta,8,historico fim_semana,4.0
C16SC003896,22,,fim_semana,0.0,0.0,0.01,0.0,0.0,normal,normal,alta,7,historico fim_semana,4.0
C16SC003896,23,,fim_semana,0.0,0.0,0.01,0.0,0.0,normal,normal,alta,8,historico fim_semana,4.0
C16SE010255,0,,fim_semana,0.006,0.0048,0.01,0.12,0.12,normal,normal,alta,5,historico fim_semana,4.0
C16SE010255,1,,fim_semana,0.003,0.0036,0.01,-0.06,-0.06,normal,normal,alta,5,historico fim_semana,4.0
C16SE010255,2,,fim_semana,0.003,0.001,0.01,0.2,0.2,normal,normal,alta,5,historico fim_semana,4.0
C16SE010255,3,,fim_semana,0.005,0.0034,0.01,0.16,0.16,normal,normal,alta,5,historico fim_semana,4.0
C16SE010255,4,,fim_semana,0.004,0.0046,0.01,-0.06,-0.06,normal,normal,alta,5,historico fim_semana,4.0
C16SE010255,5,,fim_semana,0.006,0.0054,0.01,0.06,0.06,normal,normal,alta,5,historico fim_semana,4.0
C16SE010255,6,,fim_semana,0.007,0.0058,0.01,0.12,0.12,normal,normal,alta,5,historico fim_semana,4.0
C16SE010255,7,,fim_semana,0.01,0.008,0.01,0.2,0.2,normal,normal,alta,5,historico fim_semana,4.0
C16SE010255,8,,fim_semana,0.008,0.0094,0.01,-0.14,-0.14,normal,normal,alta,5,historico fim_semana,4.0
C16SE010255,9,,fim_semana,0.011,0.0102,0.01,0.08,0.08,normal,normal,alta,5,historico fim_semana,4.0
C16SE010255,10,,fim_semana,0.009,0.0098,0.01,-0.08,-0.08,normal,normal,alta,5,historico fim_semana,4.0
C16SE010255,11,,fim_semana,0.009,0.0102,0.01,-0.12,-0.12,normal,normal,alta,5,historico fim_semana,4.0
C16SE010255,12,,fim_semana,0.007,0.009,0.01,-0.2,-0.2,normal,normal,alta,5,historico fim_semana,4.0
C16SE010255,13,,fim_semana,0.01,0.0106,0.01,-0.06,-0.06,normal,normal,alta,5,historico fim_semana,4.0
C16SE010255,14,,fim_semana,0.01,0.011,0.01,-0.1,-0.1,normal,normal,alta,5,historico fim_semana,4.0
C16SE010255,15,,fim_semana,0.008,0.0096,0.01,-0.16,-0.16,normal,normal,alta,5,historico fim_semana,4.0
C16SE010255,16,,fim_semana,0.008,0.0092,0.01,-0.12,-0.12,normal,normal,alta,5,historico fim_semana,4.0
C16SE010255,17,,fim_semana,0.01,0.0096,0.01,0.04,0.04,normal,normal,alta,5,historico fim_semana,4.0
C16SE010255,18,,fim_semana,0.012,0.0094,0.01,0.26,0.26,normal,normal,alta,5,historico fim_semana,4.0
C16SE010255,19,,fim_semana,0.01,0.0092,0.01,0.08,0.08,normal,normal,alta,5,historico fim_semana,4.0
C16SE010255,20,,fim_semana,0.007,0.0092,0.01,-0.22,-0.22,normal,normal,alta,5,historico fim_semana,4.0
C16SE010255,21,,fim_semana,0.008,0.009,0.01,-0.1,-0.1,normal,normal,alta,5,historico fim_semana,4.0
C16SE010255,22,,fim_semana,0.008,0.008,0.01,0.0,0.0,normal,normal,alta,5,historico fim_semana,4.0
C16SE010255,23,,fim_semana,0.007,0.0068,0.01,0.02,0.02,normal,normal,alta,5,historico fim_semana,4.0
C16SE010257A,0,,fim_semana,0.0,0.0,0.01,0.0,0.0,normal,normal,alta,8,historico fim_semana,4.0
C16SE010257A,1,,fim_semana,0.0,0.0,0.01,0.0,0.0,normal,normal,alta,8,historico fim_semana,4.0
C16SE010257A,2,,fim_semana,0.0,0.0,0.01,0.0,0.0,normal,normal,alta,7,historico fim_semana,4.0
C16SE010257A,3,,fim_semana,0.0,0.0,0.01,0.0,0.0,normal,normal,alta,8,historico fim_semana,4.0
C16SE010257A,4,,fim_semana,0.0,0.0,0.01,0.0,0.0,normal,normal,alta,8,historico fim_semana,4.0
C16SE010257A,5,,fim_semana,0.0,0.0,0.01,0.0,0.0,normal,normal,alta,8,historico fim_semana,4.0
C16SE010257A,6,,fim_semana,0.0,0.0,0.01,0.0,0.0,normal,normal,alta,8,historico fim_semana,4.0
C16SE010257A,7,,fim_semana,0.0,0.0,0.01,0.0,0.0,normal,normal,alta,8,historico fim_semana,4.0
C16SE010257A,8,,fim_semana,0.0,0.0,0.01,0.0,0.0,normal,normal,alta,8,historico fim_semana,4.0
C16SE010257A,9,,fim_semana,0.0,0.0,0.01,0.0,0.0,normal,normal,alta,8,historico fim_semana,4.0
C16SE010257A,11,,fim_semana,0.0,0.0,0.01,0.0,0.0,normal,normal,alta,8,historico fim_semana,4.0
C16SE010257A,12,,fim_semana,0.0,0.0,0.01,0.0,0.0,normal,normal,alta,8,historico fim_semana,4.0
C16SE010257A,13,,fim_semana,0.0,0.0,0.01,0.0,0.0,normal,normal,alta,8,historico fim_semana,4.0
C16SE010257A,14,,fim_semana,0.0,0.0,0.01,0.0,0.0,normal,normal,alta,6,historico fim_semana,4.0
C16SE010257A,15,,fim_semana,0.0,0.0,0.01,0.0,0.0,normal,normal,alta,8,historico fim_semana,4.0
C16SE010257A,16,,fim_semana,0.0,0.0,0.01,0.0,0.0,normal,normal,alta,8,historico fim_semana,4.0
C16SE010257A,17,,fim_semana,0.0,0.0,0.01,0.0,0.0,normal,normal,alta,8,historico fim_semana,4.0
C16SE010257A,18,,fim_semana,0.0,0.0,0.01,0.0,0.0,normal,normal,alta,8,historico fim_semana,4.0
C16SE010257A,19,,fim_semana,0.0,0.0,0.01,0.0,0.0,normal,normal,alta,8,historico fim_semana,4.0
C16SE010257A,20,,fim_semana,0.0,0.0,0.01,0.0,0.0,normal,normal,alta,8,historico fim_semana,4.0
C16SE010257A,21,,fim_semana,0.0,0.0,0.01,0.0,0.0,normal,normal,alta,8,historico fim_semana,4.0
C16SE010257A,23,,fim_semana,0.0,0.0,0.01,0.0,0.0,normal,normal,alta,8,historico fim_semana,4.0
C17SC007379,0,,fim_semana,0.0,0.0,0.01,0.0,0.0,normal,normal,alta,6,historico fim_semana,4.0
C17SC007379,1,,fim_semana,0.0,0.0,0.01,0.0,0.0,normal,normal,alta,6,historico fim_semana,4.0
C17SC007379,2,,fim_semana,0.0,0.0,0.01,0.0,0.0,normal,normal,alta,6,historico fim_semana,4.0
C17SC007379,3,,fim_semana,0.0,0.0,0.01,0.0,0.0,normal,normal,alta,8,historico fim_semana,4.0
C17SC007379,4,,fim_semana,0.0,0.0,0.01,0.0,0.0,normal,normal,alta,8,historico fim_semana,4.0
C17SC007379,5,,fim_semana,0.0,0.0,0.01,0.0,0.0,normal,normal,alta,8,historico fim_semana,4.0
C17SC007379,6,,fim_semana,0.0,0.0,0.01,0.0,0.0,normal,normal,alta,8,historico fim_semana,4.0
C17SC007379,7,,fim_semana,0.0,0.0,0.01,0.0,0.0,normal,normal,alta,8,historico fim_semana,4.0
C17SC007379,8,,fim_semana,0.0,0.0,0.01,0.0,0.0,normal,normal,alta,8,historico fim_semana,4.0
C17SC007379,9,,fim_semana,0.0,0.0,0.01,0.0,0.0,normal,normal,alta,8,historico fim_semana,4.0
C17SC007379,10,,fim_semana,0.0,0.0,0.01,0.0,0.0,normal,normal,alta,8,historico fim_semana,4.0
C17SC007379,11,,fim_semana,0.0,0.0,0.01,0.0,0.0,normal,normal,alta,8,historico fim_semana,4.0
C17SC007379,12,,fim_semana,0.0,0.0,0.01,0.0,0.0,normal,normal,alta,8,historico fim_semana,4.0
C17SC007379,13,,fim_semana,0.0,0.0,0.01,0.0,0.0,normal,normal,alta,8,historico fim_semana,4.0
C17SC007379,14,,fim_semana,0.0,0.0,0.01,0.0,0.0,normal,normal,alta,8,historico fim_semana,4.0
C17SC007379,15,,fim_semana,0.0,0.0,0.01,0.0,0.0,normal,normal,alta,8,historico fim_semana,4.0
C17SC007379,16,,fim_semana,0.0,0.0,0.01,0.0,0.0,normal,normal,alta,8,historico fim_semana,4.0
C17SC007379,17,,fim_semana,0.0,0.0,0.01,0.0,0.0,normal,normal,alta,8,historico fim_semana,4.0
C17SC007379,18,,fim_semana,0.0,0.0,0.01,0.0,0.0,normal,normal,alta,8,historico fim_semana,4.0
C17SC007379,19,,fim_semana,0.0,0.0,0.01,0.0,0.0,normal,normal,alta,8,historico fim_semana,4.0
C17SC007379,20,,fim_semana,0.0,0.0,0.01,0.0,0.0,normal,normal,alta,8,historico fim_semana,4.0
C17SC007379,21,,fim_semana,0.0,0.0,0.01,0.0,0.0,normal,normal,alta,8,historico fim_semana,4.0
C17SC007379,22,,fim_semana,0.0,0.0,0.01,0.0,0.0,normal,normal,alta,8,historico fim_semana,4.0
C17SC007379,23,,fim_semana,0.0,0.0,0.01,0.0,0.0,normal,normal,alta,6,historico fim_semana,4.0
C17SC007397,0,,fim_semana,0.0,0.0,0.01,0.0,0.0,normal,normal,alta,6,historico fim_semana,4.0
C17SC007397,1,,fim_semana,0.0,0.0,0.01,0.0,0.0,normal,normal,alta,6,historico fim_semana,4.0
C17SC007397,2,,fim_semana,0.0,0.0,0.01,0.0,0.0,normal,normal,alta,6,historico fim_semana,4.0
C17SC007397,3,,fim_semana,0.0,0.0,0.01,0.0,0.0,normal,normal,alta,6,historico fim_semana,4.0
C17SC007397,4,,fim_semana,0.0,0.0,0.01,0.0,0.0,normal,normal,alta,6,historico fim_semana,4.0
C17SC007397,5,,fim_semana,0.0,0.0,0.01,0.0,0.0,normal,normal,alta,6,historico fim_semana,4.0
C17SC007397,6,,fim_semana,0.0,0.0,0.01,0.0,0.0,normal,normal,alta,6,historico fim_semana,4.0
C17SC007397,7,,fim_semana,0.0,0.0,0.01,0.0,0.0,normal,normal,alta,6,historico fim_semana,4.0
C17SC007397,8,,fim_semana,0.0,0.0,0.01,0.0,0.0,normal,normal,alta,6,historico fim_semana,4.0
C17SC007397,9,,fim_semana,0.0,0.0,0.01,0.0,0.0,normal,normal,alta,6,historico fim_semana,4.0
C17SC007397,10,,fim_semana,0.0,0.0,0.01,0.0,0.0,normal,normal,alta,6,historico fim_semana,4.0
C17SC007397,11,,fim_semana,0.0,0.0,0.01,0.0,0.0,normal,normal,alta,6,historico fim_semana,4.0
C17SC007397,12,,fim_semana,0.0,0.0,0.01,0.0,0.0,normal,normal,alta,6,historico fim_semana,4.0
C17SC007397,13,,fim_semana,0.0,0.0,0.01,0.0,0.0,normal,normal,alta,6,historico fim_semana,4.0
C17SC007397,14,,fim_semana,0.0,0.0,0.01,0.0,0.0,normal,normal,alta,6,historico fim_semana,4.0
C17SC007397,15,,fim_semana,0.0,0.0,0.01,0.0,0.0,normal,normal,alta,6,historico fim_semana,4.0
C17SC007397,16,,fim_semana,0.0,0.0,0.01,0.0,0.0,normal,normal,alta,6,historico fim_semana,4.0
C17SC007397,17,,fim_semana,0.0,0.0,0.01,0.0,0.0,normal,normal,alta,6,historico fim_semana,4.0
C17SC007397,18,,fim_semana,0.0,0.0,0.01,0.0,0.0,normal,normal,alta,6,historico fim_semana,4.0
C17SC007397,19,,fim_semana,0.0,0.0,0.01,0.0,0.0,normal,normal,alta,6,historico fim_semana,4.0
C17SC007397,20,,fim_semana,0.0,0.0,0.01,0.0,0.0,normal,normal,alta,6,historico fim_semana,4.0
C17SC007397,21,,fim_semana,0.0,0.0,0.01,0.0,0.0,normal,normal,alta,6,historico fim_semana,4.0
C17SC007397,22,,fim_semana,0.0,0.0,0.01,0.0,0.0,normal,normal,alta,6,historico fim_semana,4.0
C17SC007397,23,,fim_semana,0.0,0.0,0.01,0.0,0.0,normal,normal,alta,6,historico fim_semana,4.0
C17SC007432,0,,fim_semana,0.0,0.0,0.01,0.0,0.0,normal,normal,alta,7,historico fim_semana,4.0
C17SC007432,1,,fim_semana,0.0,0.0,0.01,0.0,0.0,normal,normal,alta,8,historico fim_semana,4.0
C17SC007432,2,,fim_semana,0.0,0.0,0.01,0.0,0.0,normal,normal,alta,8,historico fim_semana,4.0
C17SC007432,3,,fim_semana,0.0,0.0,0.01,0.0,0.0,normal,normal,alta,8,historico fim_semana,4.0
C17SC007432,4,,fim_semana,0.0,0.0,0.01,0.0,0.0,normal,normal,alta,8,historico fim_semana,4.0
C17SC007432,5,,fim_semana,0.0,0.0,0.01,0.0,0.0,normal,normal,alta,8,historico fim_semana,4.0
C17SC007432,6,,fim_semana,0.0,0.0,0.01,0.0,0.0,normal,normal,alta,8,historico fim_semana,4.0
C17SC007432,7,,fim_semana,0.0,0.001,0.01,-0.1,-0.1,normal,normal,alta,8,historico fim_semana,4.0
C17SC007432,8,,fim_semana,0.0,0.0049,0.01,-0.49,-0.49,normal,normal,alta,8,historico fim_semana,4.0
C17SC007432,9,,fim_semana,0.0,0.0065,0.01,-0.65,-0.65,normal,normal,alta,8,historico fim_semana,4.0
C17SC007432,10,,fim_semana,0.0,0.0049,0.01,-0.49,-0.49,normal,normal,alta,8,historico fim_semana,4.0
C17SC007432,11,,fim_semana,0.0,0.0085,0.0126,-0.67,-0.67,normal,normal,alta,8,historico fim_semana,4.0
C17SC007432,12,,fim_semana,0.0,0.0099,0.0154,-0.64,-0.64,normal,normal,alta,8,historico fim_semana,4.0
C17SC007432,13,,fim_semana,0.004,0.008,0.01,-0.4,-0.4,normal,normal,alta,8,historico fim_semana,4.0
C17SC007432,14,,fim_semana,0.041,0.0251,0.0432,0.37,0.37,normal,normal,alta,8,historico fim_semana,4.0
C17SC007432,15,,fim_semana,0.049,0.0116,0.0102,3.68,3.68,normal,normal,alta,8,historico fim_semana,4.0
C17SC007432,16,,fim_semana,0.06,0.0128,0.0162,2.91,2.91,normal,normal,alta,8,historico fim_semana,4.0
C17SC007432,18,,fim_semana,0.01,0.0155,0.0129,-0.43,-0.43,normal,normal,alta,8,historico fim_semana,4.0
C17SC007432,19,,fim_semana,0.064,0.0136,0.0159,3.18,3.18,normal,normal,alta,8,historico fim_semana,4.0
C17SC007432,20,,fim_semana,0.049,0.0009,0.01,4.81,4.81,desvio,acima,alta,8,historico fim_semana,4.0
C17SC007432,21,,fim_semana,0.001,0.0008,0.01,0.03,0.03,normal,normal,alta,8,historico fim_semana,4.0
C17SC007432,22,,fim_semana,0.0,0.0009,0.01,-0.09,-0.09,normal,normal,alta,8,historico fim_semana,4.0
C17SC007432,23,,fim_semana,0.0,0.0005,0.01,-0.05,-0.05,normal,normal,alta,8,historico fim_semana,4.0
C17SC007452,0,,fim_semana,0.0,0.0,0.01,0.0,0.0,normal,normal,alta,8,historico fim_semana,4.0
C17SC007452,1,,fim_semana,0.0,0.0,0.01,0.0,0.0,normal,normal,alta,8,historico fim_semana,4.0
C17SC007452,2,,fim_semana,0.0,0.0,0.01,0.0,0.0,normal,normal,alta,8,historico fim_semana,4.0
C17SC007452,3,,fim_semana,0.0,0.0,0.01,0.0,0.0,normal,normal,alta,8,historico fim_semana,4.0
C17SC007452,4,,fim_semana,0.422,0.156,0.2153,1.24,1.24,normal,normal,alta,8,historico fim_semana,4.0
C17SC007452,5,,fim_semana,1.116,0.3179,0.5429,1.47,1.47,normal,normal,alta,7,historico fim_semana,4.0
C17SC007452,6,,fim_semana,2.03,0.5749,0.9818,1.48,1.48,normal,normal,alta,7,historico fim_semana,4.0
C17SC007452,7,,fim_semana,1.809,0.5097,0.8705,1.49,1.49,normal,normal,alta,7,historico fim_semana,4.0
C17SC007452,8,,fim_semana,0.0,0.0,0.01,0.0,0.0,normal,normal,alta,7,historico fim_semana,4.0
C17SC007452,17,,fim_semana,0.0,0.6138,1.7359,-0.35,-0.35,normal,normal,alta,8,historico fim_semana,4.0
C17SC007452,18,,fim_semana,0.0,0.0,0.01,0.0,0.0,normal,normal,alta,8,historico fim_semana,4.0
C17SC007452,19,,fim_semana,0.0,0.0,0.01,0.0,0.0,normal,normal,alta,8,historico fim_semana,4.0
C17SC007452,20,,fim_semana,0.0,0.0,0.01,0.0,0.0,normal,normal,alta,8,historico fim_semana,4.0
C17SC007452,21,,fim_semana,0.0,0.0,0.01,0.0,0.0,normal,normal,alta,8,historico fim_semana,4.0
C17SC007452,22,,fim_semana,0.0,0.0,0.01,0.0,0.0,normal,normal,alta,8,historico fim_semana,4.0
C17SC007452,23,,fim_semana,0.0,0.0,0.01,0.0,0.0,normal,normal,alta,8,historico fim_semana,4.0
C17SC007472,0,,fim_semana,0.0,0.0,0.01,0.0,0.0,normal,normal,alta,8,historico fim_semana,4.0
C17SC007472,1,,fim_semana,0.0,0.0,0.01,0.0,0.0,normal,normal,alta,8,historico fim_semana,4.0
C17SC007472,2,,fim_semana,0.0,0.0,0.01,0.0,0.0,normal,normal,alta,8,historico fim_semana,4.0
C17SC007472,3,,fim_semana,0.0,0.0,0.01,0.0,0.0,normal,normal,alta,8,historico fim_semana,4.0
C17SC007472,4,,fim_semana,0.0,0.0,0.01,0.0,0.0,normal,normal,alta,8,historico fim_semana,4.0
C17SC007472,5,,fim_semana,0.0,0.0,0.01,0.0,0.0,normal,normal,alta,8,historico fim_semana,4.0
C17SC007472,6,,fim_semana,0.0,0.0,0.01,0.0,0.0,normal,normal,alta,8,historico fim_semana,4.0
C17SC007472,7,,fim_semana,0.0,0.0,0.01,0.0,0.0,normal,normal,alta,8,historico fim_semana,4.0
C17SC007472,8,,fim_semana,0.0,0.0,0.01,0.0,0.0,normal,normal,alta,8,historico fim_semana,4.0
C17SC007472,9,,fim_semana,0.0,0.0,0.01,0.0,0.0,normal,normal,alta,8,historico fim_semana,4.0
C17SC007472,10,,fim_semana,0.0,0.0,0.01,0.0,0.0,normal,normal,alta,7,historico fim_semana,4.0
C17SC007472,11,,fim_semana,0.0,0.0,0.01,0.0,0.0,normal,normal,alta,7,historico fim_semana,4.0
C17SC007472,12,,fim_semana,0.0,0.0,0.01,0.0,0.0,normal,normal,alta,7,historico fim_semana,4.0
C17SC007472,13,,fim_semana,0.0,0.0,0.01,0.0,0.0,normal,normal,alta,7,historico fim_semana,4.0
C17SC007472,14,,fim_semana,0.0,0.0,0.01,0.0,0.0,normal,normal,alta,7,historico fim_semana,4.0
C17SC007472,15,,fim_semana,0.0,0.0,0.01,0.0,0.0,normal,normal,alta,7,historico fim_semana,4.0
C17SC007472,16,,fim_semana,0.0,0.0,0.01,0.0,0.0,normal,normal,alta,7,historico fim_semana,4.0
C17SC007472,17,,fim_semana,0.0,0.0,0.01,0.0,0.0,normal,normal,alta,7,historico fim_semana,4.0
C17SC007472,18,,fim_semana,0.0,0.0,0.01,0.0,0.0,normal,normal,alta,8,historico fim_semana,4.0
C17SC007472,19,,fim_semana,0.0,0.0,0.01,0.0,0.0,normal,normal,alta,8,historico fim_semana,4.0
C17SC007472,20,,fim_semana,0.0,0.0,0.01,0.0,0.0,normal,normal,alta,8,historico fim_semana,4.0
C17SC007472,21,,fim_semana,0.0,0.0,0.01,0.0,0.0,normal,normal,alta,8,historico fim_semana,4.0
C17SC007472,22,,fim_semana,0.0,0.0,0.01,0.0,0.0,normal,normal,alta,8,historico fim_semana,4.0
C17SC007472,23,,fim_semana,0.0,0.0,0.01,0.0,0.0,normal,normal,alta,8,historico fim_semana,4.0
C17SC007473,0,,fim_semana,0.0,0.0,0.01,0.0,0.0,normal,normal,alta,5,historico fim_semana,4.0
C17SC007473,5,,fim_semana,0.0,0.0,0.01,0.0,0.0,normal,normal,alta,7,historico fim_semana,4.0
C17SC007473,6,,fim_semana,0.0,0.0,0.01,0.0,0.0,normal,normal,alta,7,historico fim_semana,4.0
C17SC007473,7,,fim_semana,0.0,0.0,0.01,0.0,0.0,normal,normal,alta,7,historico fim_semana,4.0
C17SC007473,8,,fim_semana,0.0,0.0,0.01,0.0,0.0,normal,normal,alta,7,historico fim_semana,4.0
C17SC007473,9,,fim_semana,0.0,0.0,0.01,0.0,0.0,normal,normal,alta,5,historico fim_semana,4.0
C17SC007473,10,,fim_semana,0.0,0.0,0.01,0.0,0.0,normal,normal,alta,5,historico fim_semana,4.0
C17SC007473,11,,fim_semana,0.0,0.0,0.01,0.0,0.0,normal,normal,alta,5,historico fim_semana,4.0
C17SC007473,12,,fim_semana,0.0,0.0,0.01,0.0,0.0,normal,normal,alta,5,historico fim_semana,4.0
C17SC007473,13,,fim_semana,0.0,0.0,0.01,0.0,0.0,normal,normal,alta,5,historico fim_semana,4.0
C17SC007473,14,,fim_semana,0.0,0.0,0.01,0.0,0.0,normal,normal,alta,5,historico fim_semana,4.0
C17SC007473,15,,fim_semana,0.0,0.0,0.01,0.0,0.0,normal,normal,alta,5,historico fim_semana,4.0
C17SC007473,16,,fim_semana,0.0,0.0,0.01,0.0,0.0,normal,normal,alta,6,historico fim_semana,4.0
C17SC007473,17,,fim_semana,0.0,0.0,0.01,0.0,0.0,normal,normal,alta,8,historico fim_semana,4.0
C17SC007473,18,,fim_semana,0.0,0.0,0.01,0.0,0.0,normal,normal,alta,8,historico fim_semana,4.0
C17SC007473,19,,fim_semana,0.0,0.0,0.01,0.0,0.0,normal,normal,alta,8,historico fim_semana,4.0
C17SC007473,20,,fim_semana,0.0,0.0,0.01,0.0,0.0,normal,normal,alta,7,historico fim_semana,4.0
C17SC007473,21,,fim_semana,0.0,0.0,0.01,0.0,0.0,normal,normal,alta,5,historico fim_semana,4.0
C17SC007473,22,,fim_semana,0.0,0.0,0.01,0.0,0.0,normal,normal,alta,5,historico fim_semana,4.0
C17SC007473,23,,fim_semana,0.0,0.0,0.01,0.0,0.0,normal,normal,alta,5,historico fim_semana,4.0
C17SC007487,0,,fim_semana,0.006,0.0238,0.0184,-0.97,-0.97,normal,normal,alta,6,historico fim_semana,4.0
C17SC007487,1,,fim_semana,0.003,0.0145,0.0133,-0.86,-0.86,normal,normal,alta,6,historico fim_semana,4.0
C17SC007487,2,,fim_semana,0.001,0.0062,0.01,-0.52,-0.52,normal,normal,alta,6,historico fim_semana,4.0
C17SC007487,3,,fim_semana,0.0,0.0017,0.01,-0.17,-0.17,normal,normal,alta,6,historico fim_semana,4.0
C17SC007487,4,,fim_semana,0.001,0.0,0.01,0.1,0.1,normal,normal,alta,6,historico fim_semana,4.0
C17SC007487,5,,fim_semana,0.0,0.0,0.01,0.0,0.0,normal,normal,alta,6,historico fim_semana,4.0
C17SC007487,6,,fim_semana,0.0,0.0002,0.01,-0.02,-0.02,normal,normal,alta,6,historico fim_semana,4.0
C17SC007487,7,,fim_semana,0.0,0.0,0.01,0.0,0.0,normal,normal,alta,6,historico fim_semana,4.0
C17SC007487,8,,fim_semana,0.0,0.0002,0.01,-0.02,-0.02,normal,normal,alta,6,historico fim_semana,4.0
C17SC007487,9,,fim_semana,0.0,0.0005,0.01,-0.05,-0.05,normal,normal,alta,6,historico fim_semana,4.0
C17SC007487,10,,fim_semana,0.0,0.0227,0.0555,-0.41,-0.41,normal,normal,alta,6,historico fim_semana,4.0
C17SC007487,11,,fim_semana,0.0,0.0092,0.022,-0.42,-0.42,normal,normal,alta,6,historico fim_semana,4.0
C17SC007487,12,,fim_semana,0.0,0.0115,0.0182,-0.63,-0.63,normal,normal,alta,6,historico fim_semana,4.0
C17SC007487,13,,fim_semana,0.0,0.017,0.0264,-0.64,-0.64,normal,normal,alta,6,historico fim_semana,4.0
C17SC007487,14,,fim_semana,0.0,0.0177,0.0283,-0.63,-0.63,normal,normal,alta,6,historico fim_semana,4.0
C17SC007487,15,,fim_semana,0.0,0.0198,0.0299,-0.66,-0.66,normal,normal,alta,6,historico fim_semana,4.0
C17SC007487,16,,fim_semana,0.0,0.029,0.0347,-0.84,-0.84,normal,normal,alta,6,historico fim_semana,4.0
C17SC007487,17,,fim_semana,0.0,0.0245,0.028,-0.88,-0.88,normal,normal,alta,6,historico fim_semana,4.0
C17SC007487,18,,fim_semana,0.0,0.0093,0.0152,-0.61,-0.61,normal,normal,alta,6,historico fim_semana,4.0
C17SC007487,19,,fim_semana,0.0,0.003,0.01,-0.3,-0.3,normal,normal,alta,6,historico fim_semana,4.0
C17SC007487,20,,fim_semana,0.0,0.0027,0.01,-0.27,-0.27,normal,normal,alta,6,historico fim_semana,4.0
C17SC007487,21,,fim_semana,0.0,0.0015,0.01,-0.15,-0.15,normal,normal,alta,6,historico fim_semana,4.0
C17SC007487,22,,fim_semana,0.0,0.0015,0.01,-0.15,-0.15,normal,normal,alta,6,historico fim_semana,4.0
C17SC007487,23,,fim_semana,0.0,0.0033,0.01,-0.33,-0.33,normal,normal,alta,6,historico fim_semana,4.0
C17SC007489,0,,fim_semana,0.0,0.0,0.01,0.0,0.0,normal,normal,alta,7,historico fim_semana,4.0
C17SC007489,1,,fim_semana,0.0,0.0,0.01,0.0,0.0,normal,normal,alta,7,historico fim_semana,4.0
C17SC007489,2,,fim_semana,0.0,0.0,0.01,0.0,0.0,normal,normal,alta,7,historico fim_semana,4.0
C17SC007489,3,,fim_semana,0.0,0.0,0.01,0.0,0.0,normal,normal,alta,7,historico fim_semana,4.0
C17SC007489,4,,fim_semana,0.0,0.0,0.01,0.0,0.0,normal,normal,alta,6,historico fim_semana,4.0
C17SC007489,5,,fim_semana,0.0,0.0,0.01,0.0,0.0,normal,normal,alta,8,historico fim_semana,4.0
C17SC007489,6,,fim_semana,0.0,0.0,0.01,0.0,0.0,normal,normal,alta,8,historico fim_semana,4.0
C17SC007489,7,,fim_semana,0.0,0.0,0.01,0.0,0.0,normal,normal,alta,8,historico fim_semana,4.0
C17SC007489,8,,fim_semana,0.0,0.0,0.01,0.0,0.0,normal,normal,alta,6,historico fim_semana,4.0
C17SC007489,9,,fim_semana,0.0,0.0,0.01,0.0,0.0,normal,normal,alta,7,historico fim_semana,4.0
C17SC007489,10,,fim_semana,0.0,0.0,0.01,0.0,0.0,normal,normal,alta,7,historico fim_semana,4.0
C17SC007489,11,,fim_semana,0.0,0.0,0.01,0.0,0.0,normal,normal,alta,7,historico fim_semana,4.0
C17SC007489,12,,fim_semana,0.0,0.0,0.01,0.0,0.0,normal,normal,alta,8,historico fim_semana,4.0
C17SC007489,13,,fim_semana,0.0,0.0,0.01,0.0,0.0,normal,normal,alta,8,historico fim_semana,4.0
C17SC007489,14,,fim_semana,0.0,0.0,0.01,0.0,0.0,normal,normal,alta,8,historico fim_semana,4.0
C17SC007489,15,,fim_semana,0.0,0.0,0.01,0.0,0.0,normal,normal,alta,8,historico fim_semana,4.0
C17SC007489,16,,fim_semana,0.0,0.0,0.01,0.0,0.0,normal,normal,alta,6,historico fim_semana,4.0
C17SC007489,17,,fim_semana,0.0,0.0,0.01,0.0,0.0,normal,normal,alta,8,historico fim_semana,4.0
C17SC007489,18,,fim_semana,0.0,0.0,0.01,0.0,0.0,normal,normal,alta,8,historico fim_semana,4.0
C17SC007489,19,,fim_semana,0.0,0.0,0.01,0.0,0.0,normal,normal,alta,8,historico fim_semana,4.0
C17SC007489,20,,fim_semana,0.0,0.0,0.01,0.0,0.0,normal,normal,alta,7,historico fim_semana,4.0
C17SC007489,21,,fim_semana,0.0,0.0,0.01,0.0,0.0,normal,normal,alta,7,historico fim_semana,4.0
C17SC007489,22,,fim_semana,0.0,0.0,0.01,0.0,0.0,normal,normal,alta,7,historico fim_semana,4.0
C17SC007489,23,,fim_semana,0.0,0.0,0.01,0.0,0.0,normal,normal,alta,7,historico fim_semana,4.0
C17SC007492,0,,fim_semana,0.0,0.0,0.01,0.0,0.0,normal,normal,alta,7,historico fim_semana,4.0
C17SC007492,1,,fim_semana,0.0,0.0,0.01,0.0,0.0,normal,normal,alta,6,historico fim_semana,4.0
C17SC007492,2,,fim_semana,0.0,0.0,0.01,0.0,0.0,normal,normal,alta,6,historico fim_semana,4.0
C17SC007492,3,,fim_semana,0.0,0.0,0.01,0.0,0.0,normal,normal,alta,6,historico fim_semana,4.0
C17SC007492,4,,fim_semana,0.0,0.0,0.01,0.0,0.0,normal,normal,alta,6,historico fim_semana,4.0
C17SC007492,5,,fim_semana,0.0,0.0,0.01,0.0,0.0,normal,normal,alta,8,historico fim_semana,4.0
C17SC007492,6,,fim_semana,0.0,0.0,0.01,0.0,0.0,normal,normal,alta,8,historico fim_semana,4.0
C17SC007492,7,,fim_semana,0.0,0.0,0.01,0.0,0.0,normal,normal,alta,8,historico fim_semana,4.0
C17SC007492,8,,fim_semana,0.0,0.0,0.01,0.0,0.0,normal,normal,alta,8,historico fim_semana,4.0
C17SC007492,13,,fim_semana,0.0,0.0,0.01,0.0,0.0,normal,normal,alta,6,historico fim_semana,4.0
C17SC007492,14,,fim_semana,0.0,0.0,0.01,0.0,0.0,normal,normal,alta,6,historico fim_semana,4.0
C17SC007492,15,,fim_semana,0.0,0.0,0.01,0.0,0.0,normal,normal,alta,6,historico fim_semana,4.0
C17SC007492,16,,fim_semana,0.0,0.0,0.01,0.0,0.0,normal,normal,alta,6,historico fim_semana,4.0
C17SC007492,17,,fim_semana,0.0,0.0,0.01,0.0,0.0,normal,normal,alta,8,historico fim_semana,4.0
C17SC007492,18,,fim_semana,0.0,0.0,0.01,0.0,0.0,normal,normal,alta,8,historico fim_semana,4.0
C17SC007492,19,,fim_semana,0.0,0.0,0.01,0.0,0.0,normal,normal,alta,8,historico fim_semana,4.0
C17SC007492,20,,fim_semana,0.0,0.0,0.01,0.0,0.0,normal,normal,alta,8,historico fim_semana,4.0
C17SC007492,21,,fim_semana,0.0,0.0,0.01,0.0,0.0,normal,normal,alta,8,historico fim_semana,4.0
C17SC007492,22,,fim_semana,0.0,0.0,0.01,0.0,0.0,normal,normal,alta,8,historico fim_semana,4.0
C17SC007492,23,,fim_semana,0.0,0.0,0.01,0.0,0.0,normal,normal,alta,8,historico fim_semana,4.0
C17SC007493,2,,fim_semana,0.0,0.0,0.01,0.0,0.0,normal,normal,alta,8,historico fim_semana,4.0
C17SC007493,3,,fim_semana,0.0,0.0,0.01,0.0,0.0,normal,normal,alta,8,historico fim_semana,4.0
C17SC007493,4,,fim_semana,0.0,0.0,0.01,0.0,0.0,normal,normal,alta,8,historico fim_semana,4.0
C17SC007493,5,,fim_semana,0.0,0.0,0.01,0.0,0.0,normal,normal,alta,8,historico fim_semana,4.0
C17SC007493,6,,fim_semana,0.0,0.0,0.01,0.0,0.0,normal,normal,alta,8,historico fim_semana,4.0
C17SC007493,7,,fim_semana,0.0,0.0,0.01,0.0,0.0,normal,normal,alta,8,historico fim_semana,4.0
C17SC007493,8,,fim_semana,0.0,0.0,0.01,0.0,0.0,normal,normal,alta,8,historico fim_semana,4.0
C17SC007493,9,,fim_semana,0.0,0.0,0.01,0.0,0.0,normal,normal,alta,8,historico fim_semana,4.0
C17SC007493,18,,fim_semana,0.0,0.0,0.01,0.0,0.0,normal,normal,alta,8,historico fim_semana,4.0
C17SC007493,19,,fim_semana,0.0,0.0,0.01,0.0,0.0,normal,normal,alta,8,historico fim_semana,4.0
C17SC007493,20,,fim_semana,0.0,0.0,0.01,0.0,0.0,normal,normal,alta,8,historico fim_semana,4.0
C17SC007493,21,,fim_semana,0.0,0.0,0.01,0.0,0.0,normal,normal,alta,8,historico fim_semana,4.0
C17SC007493,22,,fim_semana,0.0,0.0,0.01,0.0,0.0,normal,normal,alta,7,historico fim_semana,4.0
C17SC007493,23,,fim_semana,0.0,0.0,0.01,0.0,0.0,normal,normal,alta,7,historico fim_semana,4.0
C17SC007494,0,,fim_semana,0.0,0.0,0.01,0.0,0.0,normal,normal,alta,8,historico fim_semana,4.0
C17SC007494,1,,fim_semana,0.0,0.0,0.01,0.0,0.0,normal,normal,alta,8,historico fim_semana,4.0
C17SC007494,2,,fim_semana,0.0,0.0,0.01,0.0,0.0,normal,normal,alta,8,historico fim_semana,4.0
C17SC007494,3,,fim_semana,0.0,0.0,0.01,0.0,0.0,normal,normal,alta,8,historico fim_semana,4.0
C17SC007494,4,,fim_semana,0.0,0.0,0.01,0.0,0.0,normal,normal,alta,8,historico fim_semana,4.0
C17SC007494,5,,fim_semana,0.0,0.0,0.01,0.0,0.0,normal,normal,alta,8,historico fim_semana,4.0
C17SC007494,6,,fim_semana,0.0,0.0,0.01,0.0,0.0,normal,normal,alta,8,historico fim_semana,4.0
C17SC007494,7,,fim_semana,0.0,0.0,0.01,0.0,0.0,normal,normal,alta,8,historico fim_semana,4.0
C17SC007494,8,,fim_semana,0.0,0.0,0.01,0.0,0.0,normal,normal,alta,8,historico fim_semana,4.0
C17SC007494,9,,fim_semana,0.0,0.0,0.01,0.0,0.0,normal,normal,alta,8,historico fim_semana,4.0
C17SC007494,10,,fim_semana,0.0,0.0,0.01,0.0,0.0,normal,normal,alta,8,historico fim_semana,4.0
C17SC007494,11,,fim_semana,0.0,0.0,0.01,0.0,0.0,normal,normal,alta,8,historico fim_semana,4.0
C17SC007494,12,,fim_semana,0.0,0.0,0.01,0.0,0.0,normal,normal,alta,8,historico fim_semana,4.0
C17SC007494,13,,fim_semana,0.0,0.0,0.01,0.0,0.0,normal,normal,alta,8,historico fim_semana,4.0
C17SC007494,14,,fim_semana,0.0,0.0,0.01,0.0,0.0,normal,normal,alta,8,historico fim_semana,4.0
C17SC007494,15,,fim_semana,0.0,0.0,0.01,0.0,0.0,normal,normal,alta,8,historico fim_semana,4.0
C17SC007494,16,,fim_semana,0.0,0.0,0.01,0.0,0.0,normal,normal,alta,8,historico fim_semana,4.0
C17SC007494,17,,fim_semana,0.0,0.0,0.01,0.0,0.0,normal,normal,alta,8,historico fim_semana,4.0
C17SC007494,18,,fim_semana,0.0,0.0,0.01,0.0,0.0,normal,normal,alta,8,historico fim_semana,4.0
C17SC007494,19,,fim_semana,0.0,0.0,0.01,0.0,0.0,normal,normal,alta,7,historico fim_semana,4.0
C17SC007494,20,,fim_semana,0.0,0.0,0.01,0.0,0.0,normal,normal,alta,7,historico fim_semana,4.0
C17SC007494,21,,fim_semana,0.0,0.0,0.01,0.0,0.0,normal,normal,alta,7,historico fim_semana,4.0
C17SC007494,22,,fim_semana,0.0,0.0,0.01,0.0,0.0,normal,normal,alta,7,historico fim_semana,4.0
C17SC007494,23,,fim_semana,0.0,0.0,0.01,0.0,0.0,normal,normal,alta,8,historico fim_semana,4.0
C18LB000167,0,,fim_semana,0.0,0.0,0.01,0.0,0.0,normal,normal,alta,8,historico fim_semana,4.0
C18LB000167,5,,fim_semana,0.0,0.0001,0.01,-0.01,-0.01,normal,normal,alta,8,historico fim_semana,4.0
C18LB000167,6,,fim_semana,0.0,0.0,0.01,0.0,0.0,normal,normal,alta,8,historico fim_semana,4.0
C18LB000167,7,,fim_semana,0.0,0.0,0.01,0.0,0.0,normal,normal,alta,8,historico fim_semana,4.0
C18LB000167,8,,fim_semana,0.0,0.0009,0.01,-0.09,-0.09,normal,normal,alta,8,historico fim_semana,4.0
C18LB000167,9,,fim_semana,0.0,0.0004,0.01,-0.04,-0.04,normal,normal,alta,7,historico fim_semana,4.0
C18LB000167,10,,fim_semana,0.0,0.0006,0.01,-0.06,-0.06,normal,normal,alta,7,historico fim_semana,4.0
C18LB000167,11,,fim_semana,0.0,0.0006,0.01,-0.06,-0.06,normal,normal,alta,7,historico fim_semana,4.0
C18LB000167,12,,fim_semana,0.0,0.0004,0.01,-0.04,-0.04,normal,normal,alta,7,historico fim_semana,4.0
C18LB000167,13,,fim_semana,0.0,0.0001,0.01,-0.01,-0.01,normal,normal,alta,7,historico fim_semana,4.0
C18LB000167,14,,fim_semana,0.0,0.0003,0.01,-0.03,-0.03,normal,normal,alta,7,historico fim_semana,4.0
C18LB000167,15,,fim_semana,0.0,0.0017,0.01,-0.17,-0.17,normal,normal,alta,7,historico fim_semana,4.0
C18LB000167,16,,fim_semana,0.0,0.0021,0.01,-0.21,-0.21,normal,normal,alta,7,historico fim_semana,4.0
C18LB000167,17,,fim_semana,0.001,0.0011,0.01,-0.01,-0.01,normal,normal,alta,8,historico fim_semana,4.0
C18LB000167,18,,fim_semana,0.001,0.0016,0.01,-0.06,-0.06,normal,normal,alta,8,historico fim_semana,4.0
C18LB000167,19,,fim_semana,0.0,0.0001,0.01,-0.01,-0.01,normal,normal,alta,8,historico fim_semana,4.0
C18LB000167,20,,fim_semana,0.0,0.0003,0.01,-0.03,-0.03,normal,normal,alta,8,historico fim_semana,4.0
C18LB000167,21,,fim_semana,0.0,0.0,0.01,0.0,0.0,normal,normal,alta,8,historico fim_semana,4.0
C18LB000167,22,,fim_semana,0.0,0.0,0.01,0.0,0.0,normal,normal,alta,8,historico fim_semana,4.0
C18LB000167,23,,fim_semana,0.0,0.0004,0.01,-0.04,-0.04,normal,normal,alta,8,historico fim_semana,4.0
C18LB000173,1,,fim_semana,0.0,0.0,0.01,0.0,0.0,normal,normal,alta,8,historico fim_semana,4.0
C18LB000173,2,,fim_semana,0.0,0.0,0.01,0.0,0.0,normal,normal,alta,8,historico fim_semana,4.0
C18LB000173,3,,fim_semana,0.0,0.0,0.01,0.0,0.0,normal,normal,alta,8,historico fim_semana,4.0
C18LB000173,4,,fim_semana,0.0,0.0,0.01,0.0,0.0,normal,normal,alta,8,historico fim_semana,4.0
C18LB000173,5,,fim_semana,0.0,0.0,0.01,0.0,0.0,normal,normal,alta,8,historico fim_semana,4.0
C18LB000173,6,,fim_semana,0.0,0.0,0.01,0.0,0.0,normal,normal,alta,8,historico fim_semana,4.0
C18LB000173,7,,fim_semana,0.0,0.0,0.01,0.0,0.0,normal,normal,alta,8,historico fim_semana,4.0
C18LB000173,8,,fim_semana,0.0,0.0,0.01,0.0,0.0,normal,normal,alta,8,historico fim_semana,4.0
C18LB000173,9,,fim_semana,0.0,0.0,0.01,0.0,0.0,normal,normal,alta,8,historico fim_semana,4.0
C18LB000173,10,,fim_semana,0.0,0.0,0.01,0.0,0.0,normal,normal,alta,8,historico fim_semana,4.0
C18LB000173,11,,fim_semana,0.004,0.0,0.01,0.4,0.4,normal,normal,alta,8,historico fim_semana,4.0
C18LB000173,12,,fim_semana,0.054,0.0,0.01,5.4,5.4,desvio,acima,alta,8,historico fim_semana,4.0
C18LB000173,13,,fim_semana,0.128,0.0,0.01,10.0,12.8,desvio,acima,alta,8,historico fim_semana,4.0
C18LB000173,14,,fim_semana,0.182,0.0,0.01,10.0,18.2,desvio,acima,alta,8,historico fim_semana,4.0
C18LB000173,15,,fim_semana,0.083,0.0,0.01,8.3,8.3,desvio,acima,alta,8,historico fim_semana,4.0
C18LB000173,16,,fim_semana,0.08,0.0,0.01,8.0,8.0,desvio,acima,alta,8,historico fim_semana,4.0
C18LB000173,17,,fim_semana,0.073,0.0003,0.01,7.27,7.27,desvio,acima,alta,7,historico fim_semana,4.0
C18LB000173,18,,fim_semana,0.019,0.0019,0.01,1.71,1.71,normal,normal,alta,7,historico fim_semana,4.0
C18LB000173,19,,fim_semana,0.025,0.0037,0.01,2.13,2.13,normal,normal,alta,7,historico fim_semana,4.0
C18LB000173,20,,fim_semana,0.0,0.0,0.01,0.0,0.0,normal,normal,alta,7,historico fim_semana,4.0
C18LB000173,21,,fim_semana,0.0,0.0,0.01,0.0,0.0,normal,normal,alta,7,historico fim_semana,4.0
C18LB000173,22,,fim_semana,0.0,0.0,0.01,0.0,0.0,normal,normal,alta,7,historico fim_semana,4.0
C18LB000173,23,,fim_semana,0.0,0.0,0.01,0.0,0.0,normal,normal,alta,7,historico fim_semana,4.0
C18SC002011N,0,,fim_semana,0.0,0.0011,0.01,-0.11,-0.11,normal,normal,alta,8,historico fim_semana,4.0
C18SC002011N,1,,fim_semana,0.0,0.0001,0.01,-0.01,-0.01,normal,normal,alta,8,historico fim_semana,4.0
C18SC002011N,2,,fim_semana,0.0,0.0005,0.01,-0.05,-0.05,normal,normal,alta,8,historico fim_semana,4.0
C18SC002011N,3,,fim_semana,0.0,0.0004,0.01,-0.04,-0.04,normal,normal,alta,8,historico fim_semana,4.0
C18SC002011N,4,,fim_semana,0.0,0.0,0.01,0.0,0.0,normal,normal,alta,8,historico fim_semana,4.0
C18SC002011N,5,,fim_semana,0.0,0.0,0.01,0.0,0.0,normal,normal,alta,8,historico fim_semana,4.0
C18SC002011N,6,,fim_semana,0.0,0.0,0.01,0.0,0.0,normal,normal,alta,8,historico fim_semana,4.0
C18SC002011N,7,,fim_semana,0.0,0.0,0.01,0.0,0.0,normal,normal,alta,8,historico fim_semana,4.0
C18SC002011N,8,,fim_semana,0.0,0.0,0.01,0.0,0.0,normal,normal,alta,8,historico fim_semana,4.0
C18SC002011N,9,,fim_semana,0.008,0.0331,0.022,-1.14,-1.14,normal,normal,alta,8,historico fim_semana,4.0
C18SC002011N,10,,fim_semana,0.071,0.0447,0.0301,0.87,0.87,normal,normal,alta,8,historico fim_semana,4.0
C18SC002011N,11,,fim_semana,0.016,0.0537,0.0157,-2.4,-2.4,normal,normal,alta,7,historico fim_semana,4.0
C18SC002011N,12,,fim_semana,0.072,0.0309,0.0121,3.39,3.39,normal,normal,alta,7,historico fim_semana,4.0
C18SC002011N,13,,fim_semana,0.039,0.0466,0.026,-0.29,-0.29,normal,normal,alta,7,historico fim_semana,4.0
C18SC002011N,14,,fim_semana,0.07,0.0341,0.0232,1.55,1.55,normal,normal,alta,7,historico fim_semana,4.0
C18SC002011N,15,,fim_semana,0.062,0.0617,0.0562,0.0,0.0,normal,normal,alta,8,historico fim_semana,4.0
C18SC002011N,16,,fim_semana,0.065,0.0406,0.0479,0.51,0.51,normal,normal,alta,8,historico fim_semana,4.0
C18SC002011N,17,,fim_semana,0.008,0.0315,0.0279,-0.84,-0.84,normal,normal,alta,8,historico fim_semana,4.0
C18SC002011N,18,,fim_semana,0.013,0.0807,0.0826,-0.82,-0.82,normal,normal,alta,8,historico fim_semana,4.0
C18SC002011N,19,,fim_semana,0.025,0.0729,0.0599,-0.8,-0.8,normal,normal,alta,8,historico fim_semana,4.0
C18SC002011N,20,,fim_semana,0.1,0.0641,0.0227,1.58,1.58,normal,normal,alta,8,historico fim_semana,4.0
C18SC002011N,21,,fim_semana,0.047,0.059,0.0235,-0.51,-0.51,normal,normal,alta,8,historico fim_semana,4.0
C18SC002011N,22,,fim_semana,0.02,0.0638,0.0495,-0.88,-0.88,normal,normal,alta,8,historico fim_semana,4.0
C18SC002011N,23,,fim_semana,0.0,0.0133,0.0355,-0.37,-0.37,normal,normal,alta,8,historico fim_semana,4.0
C18SC002021,0,,fim_semana,0.0,0.0,0.01,0.0,0.0,normal,normal,alta,8,historico fim_semana,4.0
C18SC002021,1,,fim_semana,0.0,0.0,0.01,0.0,0.0,normal,normal,alta,8,historico fim_semana,4.0
C18SC002021,2,,fim_semana,0.0,0.0,0.01,0.0,0.0,normal,normal,alta,8,historico fim_semana,4.0
C18SC002021,3,,fim_semana,0.0,0.0,0.01,0.0,0.0,normal,normal,alta,8,historico fim_semana,4.0
C18SC002021,4,,fim_semana,0.0,0.0,0.01,0.0,0.0,normal,normal,alta,8,historico fim_semana,4.0
C18SC002021,5,,fim_semana,0.0,0.0,0.01,0.0,0.0,normal,normal,alta,8,historico fim_semana,4.0
C18SC002021,6,,fim_semana,0.0,0.0,0.01,0.0,0.0,normal,normal,alta,8,historico fim_semana,4.0
C18SC002021,7,,fim_semana,0.0,0.0,0.01,0.0,0.0,normal,normal,alta,8,historico fim_semana,4.0
C18SC002021,8,,fim_semana,0.0,0.0,0.01,0.0,0.0,normal,normal,alta,8,historico fim_semana,4.0
C18SC002021,9,,fim_semana,0.0,0.0,0.01,0.0,0.0,normal,normal,alta,8,historico fim_semana,4.0
C18SC002021,10,,fim_semana,0.0,0.0,0.01,0.0,0.0,normal,normal,alta,8,historico fim_semana,4.0
C18SC002021,11,,fim_semana,0.0,0.0,0.01,0.0,0.0,normal,normal,alta,8,historico fim_semana,4.0
C18SC002021,12,,fim_semana,0.0,0.0,0.01,0.0,0.0,normal,normal,alta,8,historico fim_semana,4.0
C18SC002021,13,,fim_semana,0.0,0.0,0.01,0.0,0.0,normal,normal,alta,8,historico fim_semana,4.0
C18SC002021,14,,fim_semana,0.0,0.0,0.01,0.0,0.0,normal,normal,alta,8,historico fim_semana,4.0
C18SC002021,15,,fim_semana,0.0,0.0,0.01,0.0,0.0,normal,normal,alta,8,historico fim_semana,4.0
C18SC002021,16,,fim_semana,0.0,0.0,0.01,0.0,0.0,normal,normal,alta,8,historico fim_semana,4.0
C18SC002021,17,,fim_semana,0.0,0.0,0.01,0.0,0.0,normal,normal,alta,8,historico fim_semana,4.0
C18SC002021,18,,fim_semana,0.0,0.0,0.01,0.0,0.0,normal,normal,alta,8,historico fim_semana,4.0
C18SC002021,19,,fim_semana,0.0,0.0,0.01,0.0,0.0,normal,normal,alta,8,historico fim_semana,4.0
C18SC002021,20,,fim_semana,0.0,0.0,0.01,0.0,0.0,normal,normal,alta,8,historico fim_semana,4.0
C18SC002021,21,,fim_semana,0.0,0.0,0.01,0.0,0.0,normal,normal,alta,8,historico fim_semana,4.0
C18SC002021,22,,fim_semana,0.0,0.0,0.01,0.0,0.0,normal,normal,alta,8,historico fim_semana,4.0
C18SC002021,23,,fim_semana,0.0,0.0,0.01,0.0,0.0,normal,normal,alta,6,historico fim_semana,4.0
C18SC002022,2,,fim_semana,0.0,0.0,0.01,0.0,0.0,normal,normal,alta,8,historico fim_semana,4.0
C18SC002022,3,,fim_semana,0.0,0.0,0.01,0.0,0.0,normal,normal,alta,8,historico fim_semana,4.0
C18SC002022,4,,fim_semana,0.0,0.0,0.01,0.0,0.0,normal,normal,alta,8,historico fim_semana,4.0
C18SC002022,5,,fim_semana,0.0,0.0,0.01,0.0,0.0,normal,normal,alta,8,historico fim_semana,4.0
C18SC002022,6,,fim_semana,0.0,0.0,0.01,0.0,0.0,normal,normal,alta,7,historico fim_semana,4.0
C18SC002022,7,,fim_semana,0.0,0.0,0.01,0.0,0.0,normal,normal,alta,7,historico fim_semana,4.0
C18SC002022,8,,fim_semana,0.0,0.0,0.01,0.0,0.0,normal,normal,alta,7,historico fim_semana,4.0
C18SC002022,9,,fim_semana,0.0,0.0,0.01,0.0,0.0,normal,normal,alta,7,historico fim_semana,4.0
C18SC002022,10,,fim_semana,0.0,0.0,0.01,0.0,0.0,normal,normal,alta,6,historico fim_semana,4.0
C18SC002022,11,,fim_semana,0.0,0.0,0.01,0.0,0.0,normal,normal,alta,6,historico fim_semana,4.0
C18SC002022,12,,fim_semana,0.0,0.0,0.01,0.0,0.0,normal,normal,alta,6,historico fim_semana,4.0
C18SC002022,13,,fim_semana,0.0,0.0,0.01,0.0,0.0,normal,normal,alta,6,historico fim_semana,4.0
C18SC002022,14,,fim_semana,0.0,0.0,0.01,0.0,0.0,normal,normal,alta,8,historico fim_semana,4.0
C18SC002022,15,,fim_semana,0.0,0.0,0.01,0.0,0.0,normal,normal,alta,8,historico fim_semana,4.0
C18SC002022,16,,fim_semana,0.0,0.0,0.01,0.0,0.0,normal,normal,alta,8,historico fim_semana,4.0
C18SC002022,17,,fim_semana,0.0,0.0,0.01,0.0,0.0,normal,normal,alta,8,historico fim_semana,4.0
C18SC002022,18,,fim_semana,0.0,0.0,0.01,0.0,0.0,normal,normal,alta,8,historico fim_semana,4.0
C18SC002022,19,,fim_semana,0.0,0.0,0.01,0.0,0.0,normal,normal,alta,8,historico fim_semana,4.0
C18SC002022,20,,fim_semana,0.0,0.0,0.01,0.0,0.0,normal,normal,alta,8,historico fim_semana,4.0
C18SC002022,21,,fim_semana,0.0,0.0,0.01,0.0,0.0,normal,normal,alta,8,historico fim_semana,4.0
C18SC002022,22,,fim_semana,0.0,0.0,0.01,0.0,0.0,normal,normal,alta,5,historico fim_semana,4.0
C18SC002022,23,,fim_semana,0.0,0.0,0.01,0.0,0.0,normal,normal,alta,5,historico fim_semana,4.0
C18SC002026,0,,fim_semana,0.0,0.0,0.01,0.0,0.0,normal,normal,baixa,4,historico fim_semana (poucos dados),4.0
C18SC002026,1,,fim_semana,0.0,0.0,0.01,0.0,0.0,normal,normal,baixa,4,historico fim_semana (poucos dados),4.0
C18SC002026,2,,fim_semana,0.0,0.0,0.01,0.0,0.0,normal,normal,baixa,4,historico fim_semana (poucos dados),4.0
C18SC002026,3,,fim_semana,0.0,0.0,0.01,0.0,0.0,normal,normal,baixa,4,historico fim_semana (poucos dados),4.0
C18SC002026,4,,fim_semana,0.0,0.0,0.01,0.0,0.0,normal,normal,baixa,4,historico fim_semana (poucos dados),4.0
C18SC002026,5,,fim_semana,0.0,0.0,0.01,0.0,0.0,normal,normal,baixa,4,historico fim_semana (poucos dados),4.0
C18SC002026,6,,fim_semana,0.0,0.0,0.01,0.0,0.0,normal,normal,baixa,4,historico fim_semana (poucos dados),4.0
C18SC002026,7,,fim_semana,0.0,0.0,0.01,0.0,0.0,normal,normal,baixa,4,historico fim_semana (poucos dados),4.0
C18SC002026,8,,fim_semana,0.0,0.0,0.01,0.0,0.0,normal,normal,alta,5,historico fim_semana,4.0
C18SC002026,9,,fim_semana,0.0,0.0,0.01,0.0,0.0,normal,normal,alta,5,historico fim_semana,4.0
C18SC002026,10,,fim_semana,0.0,0.0,0.01,0.0,0.0,normal,normal,alta,5,historico fim_semana,4.0
C18SC002026,11,,fim_semana,0.0,0.0,0.01,0.0,0.0,normal,normal,alta,5,historico fim_semana,4.0
C18SC002026,12,,fim_semana,0.0,0.0,0.01,0.0,0.0,normal,normal,alta,5,historico fim_semana,4.0
C18SC002026,13,,fim_semana,0.0,0.0,0.01,0.0,0.0,normal,normal,alta,5,historico fim_semana,4.0
C18SC002026,14,,fim_semana,0.0,0.0,0.01,0.0,0.0,normal,normal,alta,5,historico fim_semana,4.0
C18SC002026,15,,fim_semana,0.0,0.0,0.01,0.0,0.0,normal,normal,alta,5,historico fim_semana,4.0
C18SC002026,16,,fim_semana,0.0,0.0,0.01,0.0,0.0,normal,normal,alta,5,historico fim_semana,4.0
C18SC002026,17,,fim_semana,0.0,0.0,0.01,0.0,0.0,normal,normal,alta,5,historico fim_semana,4.0
C18SC002026,18,,fim_semana,0.0,0.0,0.01,0.0,0.0,normal,normal,alta,5,historico fim_semana,4.0
C18SC002026,19,,fim_semana,0.0,0.0,0.01,0.0,0.0,normal,normal,alta,5,historico fim_semana,4.0
C18SC002026,20,,fim_semana,0.0,0.0,0.01,0.0,0.0,normal,normal,baixa,4,historico fim_semana (poucos dados),4.0
C18SC002026,21,,fim_semana,0.0,0.0,0.01,0.0,0.0,normal,normal,baixa,4,historico fim_semana (poucos dados),4.0
C18SC002026,22,,fim_semana,0.0,0.0,0.01,0.0,0.0,normal,normal,baixa,4,historico fim_semana (poucos dados),4.0
C18SC002026,23,,fim_semana,0.0,0.0,0.01,0.0,0.0,normal,normal,baixa,4,historico fim_semana (poucos dados),4.0
C18SC002034,0,,fim_semana,0.0,0.0,0.01,0.0,0.0,normal,normal,alta,8,historico fim_semana,4.0
C18SC002034,1,,fim_semana,0.0,0.0,0.01,0.0,0.0,normal,normal,alta,8,historico fim_semana,4.0
C18SC002034,2,,fim_semana,0.0,0.0,0.01,0.0,0.0,normal,normal,alta,6,historico fim_semana,4.0
C18SC002034,3,,fim_semana,0.0,0.0,0.01,0.0,0.0,normal,normal,alta,8,historico fim_semana,4.0
C18SC002034,4,,fim_semana,0.0,0.0,0.01,0.0,0.0,normal,normal,alta,8,historico fim_semana,4.0
C18SC002034,5,,fim_semana,0.0,0.0,0.01,0.0,0.0,normal,normal,alta,8,historico fim_semana,4.0
C18SC002034,7,,fim_semana,0.0,0.0,0.01,0.0,0.0,normal,normal,alta,8,historico fim_semana,4.0
C18SC002034,8,,fim_semana,0.0,0.0,0.01,0.0,0.0,normal,normal,alta,8,historico fim_semana,4.0
C18SC002034,9,,fim_semana,0.0,0.0,0.01,0.0,0.0,normal,normal,alta,8,historico fim_semana,4.0
C18SC002034,10,,fim_semana,0.0,0.0,0.01,0.0,0.0,normal,normal,alta,5,historico fim_semana,4.0
C18SC002034,11,,fim_semana,0.0,0.0,0.01,0.0,0.0,normal,normal,alta,8,historico fim_semana,4.0
C18SC002034,12,,fim_semana,0.0,0.0,0.01,0.0,0.0,normal,normal,alta,8,historico fim_semana,4.0
C18SC002034,13,,fim_semana,0.0,0.0,0.01,0.0,0.0,normal,normal,alta,8,historico fim_semana,4.0
C18SC002034,15,,fim_semana,0.0,0.0,0.01,0.0,0.0,normal,normal,alta,8,historico fim_semana,4.0
C18SC002034,16,,fim_semana,0.0,0.0,0.01,0.0,0.0,normal,normal,alta,8,historico fim_semana,4.0
C18SC002034,17,,fim_semana,0.0,0.0,0.01,0.0,0.0,normal,normal,alta,8,historico fim_semana,4.0
C18SC002034,18,,fim_semana,0.0,0.0,0.01,0.0,0.0,normal,normal,alta,8,historico fim_semana,4.0
C18SC002034,19,,fim_semana,0.0,0.0,0.01,0.0,0.0,normal,normal,alta,8,historico fim_semana,4.0
C18SC002034,20,,fim_semana,0.0,0.0,0.01,0.0,0.0,normal,normal,alta,8,historico fim_semana,4.0
C18SC002034,21,,fim_semana,0.0,0.0,0.01,0.0,0.0,normal,normal,alta,8,historico fim_semana,4.0
C18SC002034,22,,fim_semana,0.0,0.0,0.01,0.0,0.0,normal,normal,alta,6,historico fim_semana,4.0
C18SC002034,23,,fim_semana,0.0,0.0,0.01,0.0,0.0,normal,normal,alta,8,historico fim_semana,4.0
C18SC002050U,0,,fim_semana,0.221,0.5733,0.9114,-0.39,-0.39,normal,normal,baixa,3,historico fim_semana (poucos dados),4.0
C18SC002050U,1,,fim_semana,0.086,0.057,0.0741,0.39,0.39,normal,normal,baixa,4,historico fim_semana (poucos dados),4.0
C18SC002050U,2,,fim_semana,0.036,0.0325,0.0326,0.11,0.11,normal,normal,baixa,4,historico fim_semana (poucos dados),4.0
C18SC002050U,3,,fim_semana,0.0,0.0093,0.0105,-0.88,-0.88,normal,normal,baixa,4,historico fim_semana (poucos dados),4.0
C18SC002050U,4,,fim_semana,0.007,0.635,1.1915,-0.53,-0.53,normal,normal,alta,7,historico fim_semana,4.0
C18SC002050U,5,,fim_semana,0.005,0.0129,0.0255,-0.31,-0.31,normal,normal,alta,7,historico fim_semana,4.0
C18SC002050U,6,,fim_semana,0.018,0.0127,0.01,0.53,0.53,normal,normal,alta,7,historico fim_semana,4.0
C18SC002050U,7,,fim_semana,0.012,0.0436,0.0212,-1.49,-1.49,normal,normal,alta,7,historico fim_semana,4.0
C18SC002050U,8,,fim_semana,0.049,0.4928,1.047,-0.42,-0.42,normal,normal,alta,6,historico fim_semana,4.0
C18SC002050U,9,,fim_semana,0.064,0.0793,0.0436,-0.35,-0.35,normal,normal,alta,6,historico fim_semana,4.0
C18SC002050U,10,,fim_semana,0.129,0.1,0.0512,0.57,0.57,normal,normal,alta,6,historico fim_semana,4.0
C18SC002050U,11,,fim_semana,0.089,0.0988,0.0686,-0.14,-0.14,normal,normal,alta,6,historico fim_semana,4.0
C18SC002050U,12,,fim_semana,0.092,0.0942,0.037,-0.06,-0.06,normal,normal,alta,5,historico fim_semana,4.0
C18SC002050U,13,,fim_semana,0.109,0.1118,0.0307,-0.09,-0.09,normal,normal,alta,5,historico fim_semana,4.0
C18SC002050U,14,,fim_semana,0.16,0.1016,0.0725,0.81,0.81,normal,normal,alta,5,historico fim_semana,4.0
C18SC002050U,15,,fim_semana,0.053,0.0952,0.0436,-0.97,-0.97,normal,normal,alta,5,historico fim_semana,4.0
C18SC002050U,16,,fim_semana,0.168,0.1127,0.0625,0.88,0.88,normal,normal,baixa,4,historico fim_semana (poucos dados),4.0
C18SC002050U,17,,fim_semana,0.105,0.0333,0.0276,2.6,2.6,normal,normal,baixa,4,historico fim_semana (poucos dados),4.0
C18SC002050U,18,,fim_semana,0.137,0.15,0.0578,-0.23,-0.23,normal,normal,baixa,4,historico fim_semana (poucos dados),4.0
C18SC002050U,19,,fim_semana,0.23,0.1728,0.1486,0.39,0.39,normal,normal,baixa,4,historico fim_semana (poucos dados),4.0
C18SC002050U,20,,fim_semana,0.282,0.2625,0.3757,0.05,0.05,normal,normal,baixa,4,historico fim_semana (poucos dados),4.0
C18SC002050U,21,,fim_semana,0.193,0.1815,0.1043,0.11,0.11,normal,normal,baixa,4,historico fim_semana (poucos dados),4.0
C18SC002050U,22,,fim_semana,0.196,0.106,0.0364,2.47,2.47,normal,normal,baixa,4,historico fim_semana (poucos dados),4.0
C18SC002050U,23,,fim_semana,0.05,0.1802,0.1651,-0.79,-0.79,normal,normal,baixa,4,historico fim_semana (poucos dados),4.0
C18SC002069,0,,fim_semana,0.957,0.9255,0.2314,0.14,0.14,normal,normal,alta,8,historico fim_semana,4.0
C18SC002069,1,,fim_semana,0.966,0.9309,0.2327,0.15,0.15,normal,normal,alta,8,historico fim_semana,4.0
C18SC002069,2,,fim_semana,0.971,0.9373,0.2343,0.14,0.14,normal,normal,alta,8,historico fim_semana,4.0
C18SC002069,3,,fim_semana,0.973,0.9385,0.2346,0.15,0.15,normal,normal,alta,8,historico fim_semana,4.0
C18SC002069,4,,fim_semana,0.976,0.9394,0.2348,0.16,0.16,normal,normal,alta,8,historico fim_semana,4.0
C18SC002069,5,,fim_semana,0.974,0.9395,0.2349,0.15,0.15,normal,normal,alta,8,historico fim_semana,4.0
C18SC002069,6,,fim_semana,0.975,0.9384,0.2346,0.16,0.16,normal,normal,alta,8,historico fim_semana,4.0
C18SC002069,7,,fim_semana,0.972,0.9344,0.2336,0.16,0.16,normal,normal,alta,8,historico fim_semana,4.0
C18SC002069,8,,fim_semana,0.965,0.9275,0.2319,0.16,0.16,normal,normal,alta,8,historico fim_semana,4.0
C18SC002069,9,,fim_semana,0.953,0.9166,0.2292,0.16,0.16,normal,normal,alta,8,historico fim_semana,4.0
C18SC002069,10,,fim_semana,0.949,0.9133,0.2283,0.16,0.16,normal,normal,alta,8,historico fim_semana,4.0
C18SC002069,11,,fim_semana,0.946,0.9109,0.2277,0.15,0.15,normal,normal,alta,8,historico fim_semana,4.0
C18SC002069,12,,fim_semana,0.947,0.91,0.2275,0.16,0.16,normal,normal,alta,8,historico fim_semana,4.0
C18SC002069,13,,fim_semana,0.947,0.9134,0.2283,0.15,0.15,normal,normal,alta,8,historico fim_semana,4.0
C18SC002069,14,,fim_semana,0.955,0.9178,0.2294,0.16,0.16,normal,normal,alta,8,historico fim_semana,4.0
C18SC002069,15,,fim_semana,0.954,0.9174,0.2293,0.16,0.16,normal,normal,alta,8,historico fim_semana,4.0
C18SC002069,16,,fim_semana,0.956,0.9213,0.2303,0.15,0.15,normal,normal,alta,8,historico fim_semana,4.0
C18SC002069,17,,fim_semana,0.959,0.9207,0.2302,0.17,0.17,normal,normal,alta,8,historico fim_semana,4.0
C18SC002069,18,,fim_semana,0.957,0.9203,0.2301,0.16,0.16,normal,normal,alta,8,historico fim_semana,4.0
C18SC002069,19,,fim_semana,0.957,0.9171,0.2293,0.17,0.17,normal,normal,alta,8,historico fim_semana,4.0
C18SC002069,20,,fim_semana,0.953,0.9161,0.229,0.16,0.16,normal,normal,alta,8,historico fim_semana,4.0
C18SC002069,21,,fim_semana,0.956,0.9158,0.2289,0.18,0.18,normal,normal,alta,8,historico fim_semana,4.0
C18SC002069,22,,fim_semana,0.961,0.9224,0.2306,0.17,0.17,normal,normal,alta,8,historico fim_semana,4.0
C18SC002069,23,,fim_semana,0.961,0.928,0.232,0.14,0.14,normal,normal,alta,8,historico fim_semana,4.0
C18SC002074,0,,fim_semana,0.0,0.0,0.01,0.0,0.0,normal,normal,alta,6,historico fim_semana,4.0
C18SC002074,1,,fim_semana,0.0,0.0,0.01,0.0,0.0,normal,normal,alta,6,historico fim_semana,4.0
C18SC002074,2,,fim_semana,0.0,0.0,0.01,0.0,0.0,normal,normal,alta,6,historico fim_semana,4.0
C18SC002074,3,,fim_semana,0.0,0.0,0.01,0.0,0.0,normal,normal,alta,6,historico fim_semana,4.0
C18SC002074,4,,fim_semana,0.0,0.0,0.01,0.0,0.0,normal,normal,alta,6,historico fim_semana,4.0
C18SC002074,5,,fim_semana,0.0,0.0,0.01,0.0,0.0,normal,normal,alta,6,historico fim_semana,4.0
C18SC002074,6,,fim_semana,0.0,0.0,0.01,0.0,0.0,normal,normal,alta,6,historico fim_semana,4.0
C18SC002074,7,,fim_semana,0.0,0.0,0.01,0.0,0.0,normal,normal,alta,7,historico fim_semana,4.0
C18SC002074,8,,fim_semana,0.0,0.0,0.01,0.0,0.0,normal,normal,alta,7,historico fim_semana,4.0
C18SC002074,9,,fim_semana,0.0,0.0,0.01,0.0,0.0,normal,normal,alta,7,historico fim_semana,4.0
C18SC002074,10,,fim_semana,0.0,0.0,0.01,0.0,0.0,normal,normal,alta,7,historico fim_semana,4.0
C18SC002074,15,,fim_semana,0.0,0.0,0.01,0.0,0.0,normal,normal,alta,7,historico fim_semana,4.0
C18SC002074,16,,fim_semana,0.0,0.0,0.01,0.0,0.0,normal,normal,alta,7,historico fim_semana,4.0
C18SC002074,17,,fim_semana,0.0,0.0,0.01,0.0,0.0,normal,normal,alta,7,historico fim_semana,4.0
C18SC002074,18,,fim_semana,0.0,0.0,0.01,0.0,0.0,normal,normal,alta,7,historico fim_semana,4.0
C18SC002074,19,,fim_semana,0.0,0.0,0.01,0.0,0.0,normal,normal,alta,8,historico fim_semana,4.0
C18SC002074,20,,fim_semana,0.0,0.0,0.01,0.0,0.0,normal,normal,alta,8,historico fim_semana,4.0
C18SC002074,21,,fim_semana,0.0,0.0,0.01,0.0,0.0,normal,normal,alta,8,historico fim_semana,4.0
C18SC002074,22,,fim_semana,0.0,0.0,0.01,0.0,0.0,normal,normal,alta,8,historico fim_semana,4.0
C18SC002074,23,,fim_semana,0.0,0.0,0.01,0.0,0.0,normal,normal,alta,6,historico fim_semana,4.0
C18SC002075,0,,fim_semana,0.0,0.0,0.01,0.0,0.0,normal,normal,alta,7,historico fim_semana,4.0
C18SC002075,1,,fim_semana,0.0,0.0,0.01,0.0,0.0,normal,normal,alta,7,historico fim_semana,4.0
C18SC002075,2,,fim_semana,0.0,0.0,0.01,0.0,0.0,normal,normal,alta,8,historico fim_semana,4.0
C18SC002075,3,,fim_semana,0.0,0.0,0.01,0.0,0.0,normal,normal,alta,8,historico fim_semana,4.0
C18SC002075,4,,fim_semana,0.0,0.0,0.01,0.0,0.0,normal,normal,alta,8,historico fim_semana,4.0
C18SC002075,5,,fim_semana,0.0,0.0,0.01,0.0,0.0,normal,normal,alta,8,historico fim_semana,4.0
C18SC002075,6,,fim_semana,0.0,0.0,0.01,0.0,0.0,normal,normal,alta,8,historico fim_semana,4.0
C18SC002075,7,,fim_semana,0.0,0.0,0.01,0.0,0.0,normal,normal,alta,8,historico fim_semana,4.0
C18SC002075,8,,fim_semana,0.0,0.0,0.01,0.0,0.0,normal,normal,alta,8,historico fim_semana,4.0
C18SC002075,9,,fim_semana,0.0,0.0,0.01,0.0,0.0,normal,normal,alta,8,historico fim_semana,4.0
C18SC002075,10,,fim_semana,0.0,0.0,0.01,0.0,0.0,normal,normal,alta,8,historico fim_semana,4.0
C18SC002075,11,,fim_semana,0.0,0.0,0.01,0.0,0.0,normal,normal,alta,8,historico fim_semana,4.0
C18SC002075,12,,fim_semana,0.0,0.0,0.01,0.0,0.0,normal,normal,alta,8,historico fim_semana,4.0
C18SC002075,13,,fim_semana,0.0,0.0,0.01,0.0,0.0,normal,normal,alta,8,historico fim_semana,4.0
C18SC002075,14,,fim_semana,0.0,0.0,0.01,0.0,0.0,normal,normal,alta,8,historico fim_semana,4.0
C18SC002075,15,,fim_semana,0.0,0.0,0.01,0.0,0.0,normal,normal,alta,8,historico fim_semana,4.0
C18SC002075,16,,fim_semana,0.0,0.0,0.01,0.0,0.0,normal,normal,alta,8,historico fim_semana,4.0
C18SC002075,17,,fim_semana,0.0,0.0,0.01,0.0,0.0,normal,normal,alta,8,historico fim_semana,4.0
C18SC002075,18,,fim_semana,0.0,0.0,0.01,0.0,0.0,normal,normal,alta,8,historico fim_semana,4.0
C18SC002075,19,,fim_semana,0.0,0.0,0.01,0.0,0.0,normal,normal,alta,8,historico fim_semana,4.0
C18SC002075,20,,fim_semana,0.0,0.0,0.01,0.0,0.0,normal,normal,alta,8,historico fim_semana,4.0
C18SC002075,21,,fim_semana,0.0,0.0,0.01,0.0,0.0,normal,normal,alta,8,historico fim_semana,4.0
C18SC002075,22,,fim_semana,0.0,0.0,0.01,0.0,0.0,normal,normal,alta,7,historico fim_semana,4.0
C18SC002075,23,,fim_semana,0.0,0.0,0.01,0.0,0.0,normal,normal,alta,7,historico fim_semana,4.0
C18SC002081,0,,fim_semana,0.0,0.0,0.01,0.0,0.0,normal,normal,alta,6,historico fim_semana,4.0
C18SC002081,1,,fim_semana,0.0,0.0,0.01,0.0,0.0,normal,normal,alta,6,historico fim_semana,4.0
C18SC002081,2,,fim_semana,0.0,0.0,0.01,0.0,0.0,normal,normal,alta,6,historico fim_semana,4.0
C18SC002081,3,,fim_semana,0.0,0.0,0.01,0.0,0.0,normal,normal,alta,6,historico fim_semana,4.0
C18SC002081,4,,fim_semana,0.0,0.0,0.01,0.0,0.0,normal,normal,alta,6,historico fim_semana,4.0
C18SC002081,5,,fim_semana,0.0,0.0,0.01,0.0,0.0,normal,normal,alta,6,historico fim_semana,4.0
C18SC002081,6,,fim_semana,0.0,0.0,0.01,0.0,0.0,normal,normal,alta,6,historico fim_semana,4.0
C18SC002081,7,,fim_semana,0.0,0.0,0.01,0.0,0.0,normal,normal,alta,6,historico fim_semana,4.0
C18SC002081,8,,fim_semana,0.0,0.0,0.01,0.0,0.0,normal,normal,alta,6,historico fim_semana,4.0
C18SC002081,9,,fim_semana,0.0,0.0,0.01,0.0,0.0,normal,normal,alta,6,historico fim_semana,4.0
C18SC002081,10,,fim_semana,0.0,0.0,0.01,0.0,0.0,normal,normal,alta,6,historico fim_semana,4.0
C18SC002081,11,,fim_semana,0.0,0.0,0.01,0.0,0.0,normal,normal,alta,6,historico fim_semana,4.0
C18SC002081,12,,fim_semana,0.0,0.0,0.01,0.0,0.0,normal,normal,alta,6,historico fim_semana,4.0
C18SC002081,13,,fim_semana,0.0,0.0,0.01,0.0,0.0,normal,normal,alta,5,historico fim_semana,4.0
C18SC002081,14,,fim_semana,0.0,0.0,0.01,0.0,0.0,normal,normal,alta,5,historico fim_semana,4.0
C18SC002081,15,,fim_semana,0.0,0.0,0.01,0.0,0.0,normal,normal,alta,5,historico fim_semana,4.0
C18SC002081,16,,fim_semana,0.0,0.0,0.01,0.0,0.0,normal,normal,alta,5,historico fim_semana,4.0
C18SC002081,17,,fim_semana,0.0,0.0,0.01,0.0,0.0,normal,normal,alta,6,historico fim_semana,4.0
C18SC002081,18,,fim_semana,0.0,0.0,0.01,0.0,0.0,normal,normal,alta,6,historico fim_semana,4.0
C18SC002081,19,,fim_semana,0.0,0.0,0.01,0.0,0.0,normal,normal,alta,6,historico fim_semana,4.0
C18SC002081,20,,fim_semana,0.0,0.0,0.01,0.0,0.0,normal,normal,alta,6,historico fim_semana,4.0
C18SC002081,21,,fim_semana,0.0,0.0,0.01,0.0,0.0,normal,normal,baixa,4,historico fim_semana (poucos dados),4.0
C18SC002081,22,,fim_semana,0.0,0.0,0.01,0.0,0.0,normal,normal,baixa,4,historico fim_semana (poucos dados),4.0
C18SC002081,23,,fim_semana,0.0,0.0,0.01,0.0,0.0,normal,normal,baixa,4,historico fim_semana (poucos dados),4.0
C18SC002082,0,,fim_semana,0.0,0.0,0.01,0.0,0.0,normal,normal,alta,6,historico fim_semana,4.0
C18SC002082,1,,fim_semana,0.0,0.0,0.01,0.0,0.0,normal,normal,alta,6,historico fim_semana,4.0
C18SC002082,2,,fim_semana,0.0,0.0,0.01,0.0,0.0,normal,normal,baixa,4,historico fim_semana (poucos dados),4.0
C18SC002082,3,,fim_semana,0.0,0.0,0.01,0.0,0.0,normal,normal,baixa,4,historico fim_semana (poucos dados),4.0
C18SC002082,4,,fim_semana,0.0,0.0,0.01,0.0,0.0,normal,normal,baixa,4,historico fim_semana (poucos dados),4.0
C18SC002082,5,,fim_semana,0.0,0.0,0.01,0.0,0.0,normal,normal,baixa,4,historico fim_semana (poucos dados),4.0
C18SC002082,6,,fim_semana,0.0,0.0,0.01,0.0,0.0,normal,normal,alta,6,historico fim_semana,4.0
C18SC002082,7,,fim_semana,0.0,0.0,0.01,0.0,0.0,normal,normal,alta,6,historico fim_semana,4.0
C18SC002082,8,,fim_semana,0.0,0.0,0.01,0.0,0.0,normal,normal,alta,6,historico fim_semana,4.0
C18SC002082,9,,fim_semana,0.0,0.0,0.01,0.0,0.0,normal,normal,alta,6,historico fim_semana,4.0
C18SC002082,10,,fim_semana,0.0,0.0,0.01,0.0,0.0,normal,normal,alta,6,historico fim_semana,4.0
C18SC002082,11,,fim_semana,0.0,0.0,0.01,0.0,0.0,normal,normal,alta,6,historico fim_semana,4.0
C18SC002082,12,,fim_semana,0.0,0.0,0.01,0.0,0.0,normal,normal,alta,6,historico fim_semana,4.0
C18SC002082,13,,fim_semana,0.0,0.0,0.01,0.0,0.0,normal,normal,alta,6,historico fim_semana,4.0
C18SC002082,14,,fim_semana,0.0,0.0,0.01,0.0,0.0,normal,normal,alta,6,historico fim_semana,4.0
C18SC002082,15,,fim_semana,0.0,0.0,0.01,0.0,0.0,normal,normal,alta,6,historico fim_semana,4.0
C18SC002082,16,,fim_semana,0.0,0.0,0.01,0.0,0.0,normal,normal,alta,6,historico fim_semana,4.0
C18SC002082,17,,fim_semana,0.0,0.0,0.01,0.0,0.0,normal,normal,alta,6,historico fim_semana,4.0
C18SC002082,18,,fim_semana,0.0,0.0,0.01,0.0,0.0,normal,normal,alta,6,historico fim_semana,4.0
C18SC002082,19,,fim_semana,0.0,0.0,0.01,0.0,0.0,normal,normal,alta,6,historico fim_semana,4.0
C18SC002082,20,,fim_semana,0.0,0.0,0.01,0.0,0.0,normal,normal,alta,6,historico fim_semana,4.0
C18SC002082,21,,fim_semana,0.0,0.0,0.01,0.0,0.0,normal,normal,alta,6,historico fim_semana,4.0
C18SC002082,22,,fim_semana,0.0,0.0,0.01,0.0,0.0,normal,normal,alta,6,historico fim_semana,4.0
C18SC002082,23,,fim_semana,0.0,0.0,0.01,0.0,0.0,normal,normal,alta,6,historico fim_semana,4.0
C18SC002088,0,,fim_semana,0.0,0.0,0.01,0.0,0.0,normal,normal,alta,8,historico fim_semana,4.0
C18SC002088,1,,fim_semana,0.0,0.0,0.01,0.0,0.0,normal,normal,alta,8,historico fim_semana,4.0
C18SC002088,2,,fim_semana,0.0,0.0,0.01,0.0,0.0,normal,normal,alta,8,historico fim_semana,4.0
C18SC002088,3,,fim_semana,0.0,0.0,0.01,0.0,0.0,normal,normal,alta,7,historico fim_semana,4.0
C18SC002088,4,,fim_semana,0.0,0.0,0.01,0.0,0.0,normal,normal,alta,8,historico fim_semana,4.0
C18SC002088,5,,fim_semana,0.0,0.0,0.01,0.0,0.0,normal,normal,alta,8,historico fim_semana,4.0
C18SC002088,6,,fim_semana,0.0,0.0,0.01,0.0,0.0,normal,normal,alta,8,historico fim_semana,4.0
C18SC002088,7,,fim_semana,0.0,0.0,0.01,0.0,0.0,normal,normal,alta,8,historico fim_semana,4.0
C18SC002088,8,,fim_semana,0.0,0.0,0.01,0.0,0.0,normal,normal,alta,8,historico fim_semana,4.0
C18SC002088,9,,fim_semana,0.0,0.0,0.01,0.0,0.0,normal,normal,alta,8,historico fim_semana,4.0
C18SC002088,10,,fim_semana,0.0,0.0,0.01,0.0,0.0,normal,normal,alta,8,historico fim_semana,4.0
C18SC002088,11,,fim_semana,0.0,0.0,0.01,0.0,0.0,normal,normal,alta,8,historico fim_semana,4.0
C18SC002088,12,,fim_semana,0.0,0.0,0.01,0.0,0.0,normal,normal,alta,8,historico fim_semana,4.0
C18SC002088,13,,fim_semana,0.0,0.0,0.01,0.0,0.0,normal,normal,alta,8,historico fim_semana,4.0
C18SC002088,14,,fim_semana,0.0,0.0,0.01,0.0,0.0,normal,normal,alta,8,historico fim_semana,4.0
C18SC002088,15,,fim_semana,0.0,0.0,0.01,0.0,0.0,normal,normal,alta,8,historico fim_semana,4.0
C18SC002088,16,,fim_semana,0.0,0.0,0.01,0.0,0.0,normal,normal,alta,8,historico fim_semana,4.0
C18SC002088,17,,fim_semana,0.0,0.0,0.01,0.0,0.0,normal,normal,alta,8,historico fim_semana,4.0
C18SC002088,18,,fim_semana,0.0,0.0,0.01,0.0,0.0,normal,normal,alta,8,historico fim_semana,4.0
C18SC002088,19,,fim_semana,0.0,0.0,0.01,0.0,0.0,normal,normal,alta,8,historico fim_semana,4.0
C18SC002088,20,,fim_semana,0.0,0.0,0.01,0.0,0.0,normal,normal,alta,8,historico fim_semana,4.0
C18SC002088,21,,fim_semana,0.0,0.0,0.01,0.0,0.0,normal,normal,alta,8,historico fim_semana,4.0
C18SC002088,22,,fim_semana,0.0,0.0,0.01,0.0,0.0,normal,normal,alta,8,historico fim_semana,4.0
C18SC002088,23,,fim_semana,0.0,0.0,0.01,0.0,0.0,normal,normal,alta,8,historico fim_semana,4.0
C18SC002098,0,,fim_semana,0.0,0.0,0.01,0.0,0.0,normal,normal,alta,7,historico fim_semana,4.0
C18SC002098,1,,fim_semana,0.0,0.0,0.01,0.0,0.0,normal,normal,alta,7,historico fim_semana,4.0
C18SC002098,2,,fim_semana,0.0,0.0,0.01,0.0,0.0,normal,normal,alta,7,historico fim_semana,4.0
C18SC002098,3,,fim_semana,0.0,0.0,0.01,0.0,0.0,normal,normal,alta,8,historico fim_semana,4.0
C18SC002098,4,,fim_semana,0.0,0.0,0.01,0.0,0.0,normal,normal,alta,8,historico fim_semana,4.0
C18SC002098,5,,fim_semana,0.0,0.0,0.01,0.0,0.0,normal,normal,alta,8,historico fim_semana,4.0
C18SC002098,6,,fim_semana,0.0,0.0,0.01,0.0,0.0,normal,normal,alta,8,historico fim_semana,4.0
C18SC002098,7,,fim_semana,0.0,0.0,0.01,0.0,0.0,normal,normal,alta,8,historico fim_semana,4.0
C18SC002098,8,,fim_semana,0.0,0.0,0.01,0.0,0.0,normal,normal,alta,8,historico fim_semana,4.0
C18SC002098,9,,fim_semana,0.0,0.0,0.01,0.0,0.0,normal,normal,alta,8,historico fim_semana,4.0
C18SC002098,10,,fim_semana,0.0,0.0,0.01,0.0,0.0,normal,normal,alta,8,historico fim_semana,4.0
C18SC002098,11,,fim_semana,0.0,0.0,0.01,0.0,0.0,normal,normal,alta,8,historico fim_semana,4.0
C18SC002098,12,,fim_semana,0.0,0.0,0.01,0.0,0.0,normal,normal,alta,8,historico fim_semana,4.0
C18SC002098,13,,fim_semana,0.0,0.0,0.01,0.0,0.0,normal,normal,alta,8,historico fim_semana,4.0
C18SC002098,14,,fim_semana,0.0,0.0,0.01,0.0,0.0,normal,normal,alta,8,historico fim_semana,4.0
C18SC002098,15,,fim_semana,0.0,0.0,0.01,0.0,0.0,normal,normal,alta,8,historico fim_semana,4.0
C18SC002098,16,,fim_semana,0.0,0.0,0.01,0.0,0.0,normal,normal,alta,8,historico fim_semana,4.0
C18SC002098,17,,fim_semana,0.0,0.0,0.01,0.0,0.0,normal,normal,alta,8,historico fim_semana,4.0
C18SC002098,18,,fim_semana,0.0,0.0,0.01,0.0,0.0,normal,normal,alta,8,historico fim_semana,4.0
C18SC002098,19,,fim_semana,0.0,0.0,0.01,0.0,0.0,normal,normal,alta,8,historico fim_semana,4.0
C18SC002098,20,,fim_semana,0.0,0.0,0.01,0.0,0.0,normal,normal,alta,8,historico fim_semana,4.0
C18SC002098,21,,fim_semana,0.0,0.0,0.01,0.0,0.0,normal,normal,alta,8,historico fim_semana,4.0
C18SC002098,22,,fim_semana,0.0,0.0,0.01,0.0,0.0,normal,normal,alta,8,historico fim_semana,4.0
C18SC002098,23,,fim_semana,0.0,0.0,0.01,0.0,0.0,normal,normal,alta,8,historico fim_semana,4.0
C18SC002104,0,,fim_semana,0.0,0.0,0.01,0.0,0.0,normal,normal,alta,8,historico fim_semana,4.0
C18SC002104,1,,fim_semana,0.0,0.0,0.01,0.0,0.0,normal,normal,alta,8,historico fim_semana,4.0
C18SC002104,2,,fim_semana,0.0,0.0,0.01,0.0,0.0,normal,normal,alta,8,historico fim_semana,4.0
C18SC002104,3,,fim_semana,0.0,0.0,0.01,0.0,0.0,normal,normal,alta,7,historico fim_semana,4.0
C18SC002104,4,,fim_semana,0.0,0.0,0.01,0.0,0.0,normal,normal,alta,7,historico fim_semana,4.0
C18SC002104,5,,fim_semana,0.0,0.0,0.01,0.0,0.0,normal,normal,alta,7,historico fim_semana,4.0
C18SC002104,6,,fim_semana,0.0,0.0,0.01,0.0,0.0,normal,normal,alta,7,historico fim_semana,4.0
C18SC002104,7,,fim_semana,0.0,0.0,0.01,0.0,0.0,normal,normal,alta,8,historico fim_semana,4.0
C18SC002104,8,,fim_semana,0.0,0.0,0.01,0.0,0.0,normal,normal,alta,8,historico fim_semana,4.0
C18SC002104,9,,fim_semana,0.0,0.0,0.01,0.0,0.0,normal,normal,alta,8,historico fim_semana,4.0
C18SC002104,10,,fim_semana,0.0,0.0,0.01,0.0,0.0,normal,normal,alta,8,historico fim_semana,4.0
C18SC002104,11,,fim_semana,0.0,0.0,0.01,0.0,0.0,normal,normal,alta,8,historico fim_semana,4.0
C18SC002104,12,,fim_semana,0.0,0.0,0.01,0.0,0.0,normal,normal,alta,8,historico fim_semana,4.0
C18SC002104,13,,fim_semana,0.0,0.0,0.01,0.0,0.0,normal,normal,alta,8,historico fim_semana,4.0
C18SC002104,14,,fim_semana,0.0,0.0,0.01,0.0,0.0,normal,normal,alta,8,historico fim_semana,4.0
C18SC002104,15,,fim_semana,0.0,0.0,0.01,0.0,0.0,normal,normal,alta,8,historico fim_semana,4.0
C18SC002104,16,,fim_semana,0.0,0.0,0.01,0.0,0.0,normal,normal,alta,8,historico fim_semana,4.0
C18SC002104,17,,fim_semana,0.0,0.0,0.01,0.0,0.0,normal,normal,alta,8,historico fim_semana,4.0
C18SC002104,18,,fim_semana,0.0,0.0,0.01,0.0,0.0,normal,normal,alta,8,historico fim_semana,4.0
C18SC002104,19,,fim_semana,0.0,0.0,0.01,0.0,0.0,normal,normal,alta,7,historico fim_semana,4.0
C18SC002104,20,,fim_semana,0.0,0.0,0.01,0.0,0.0,normal,normal,alta,7,historico fim_semana,4.0
C18SC002104,21,,fim_semana,0.0,0.0,0.01,0.0,0.0,normal,normal,alta,7,historico fim_semana,4.0
C18SC002104,22,,fim_semana,0.0,0.0,0.01,0.0,0.0,normal,normal,alta,7,historico fim_semana,4.0
C18SC002104,23,,fim_semana,0.0,0.0,0.01,0.0,0.0,normal,normal,alta,7,historico fim_semana,4.0
C18SC002113,0,,fim_semana,0.661,0.8758,0.2189,-0.98,-0.98,normal,normal,alta,8,historico fim_semana,4.0
C18SC002113,1,,fim_semana,0.726,0.8184,0.2046,-0.45,-0.45,normal,normal,alta,8,historico fim_semana,4.0
C18SC002113,2,,fim_semana,0.658,0.659,0.1648,-0.01,-0.01,normal,normal,alta,8,historico fim_semana,4.0
C18SC002113,3,,fim_semana,0.61,0.6382,0.1596,-0.18,-0.18,normal,normal,alta,8,historico fim_semana,4.0
C18SC002113,4,,fim_semana,0.665,0.6203,0.1551,0.29,0.29,normal,normal,alta,7,historico fim_semana,4.0
C18SC002113,5,,fim_semana,0.687,0.669,0.1672,0.11,0.11,normal,normal,alta,7,historico fim_semana,4.0
C18SC002113,6,,fim_semana,0.716,0.8044,0.2011,-0.44,-0.44,normal,normal,alta,7,historico fim_semana,4.0
C18SC002113,7,,fim_semana,0.963,0.933,0.2332,0.13,0.13,normal,normal,alta,7,historico fim_semana,4.0
C18SC002113,8,,fim_semana,1.146,1.5975,1.0376,-0.44,-0.44,normal,normal,alta,8,historico fim_semana,4.0
C18SC002113,9,,fim_semana,1.247,1.2894,0.3223,-0.13,-0.13,normal,normal,alta,8,historico fim_semana,4.0
C18SC002113,10,,fim_semana,1.49,1.3939,0.3485,0.28,0.28,normal,normal,alta,8,historico fim_semana,4.0
C18SC002113,11,,fim_semana,1.887,1.384,0.346,1.45,1.45,normal,normal,alta,8,historico fim_semana,4.0
C18SC002113,12,,fim_semana,1.543,1.557,0.3892,-0.04,-0.04,normal,normal,alta,5,historico fim_semana,4.0
C18SC002113,13,,fim_semana,1.188,1.3324,0.3331,-0.43,-0.43,normal,normal,alta,5,historico fim_semana,4.0
C18SC002113,14,,fim_semana,1.468,1.3066,0.3266,0.49,0.49,normal,normal,alta,5,historico fim_semana,4.0
C18SC002113,15,,fim_semana,1.069,1.343,0.3357,-0.82,-0.82,normal,normal,alta,5,historico fim_semana,4.0
C18SC002113,16,,fim_semana,1.17,3.1507,2.6151,-0.76,-0.76,normal,normal,alta,8,historico fim_semana,4.0
C18SC002113,17,,fim_semana,1.294,1.3239,0.331,-0.09,-0.09,normal,normal,alta,8,historico fim_semana,4.0
C18SC002113,18,,fim_semana,1.377,1.5151,0.3788,-0.36,-0.36,normal,normal,alta,8,historico fim_semana,4.0
C18SC002113,19,,fim_semana,1.481,1.3936,0.3484,0.25,0.25,normal,normal,alta,8,historico fim_semana,4.0
C18SC002113,20,,fim_semana,1.416,1.3524,0.3381,0.19,0.19,normal,normal,alta,8,historico fim_semana,4.0
C18SC002113,21,,fim_semana,1.259,1.2944,0.3236,-0.11,-0.11,normal,normal,alta,8,historico fim_semana,4.0
C18SC002113,22,,fim_semana,1.052,1.1414,0.2853,-0.31,-0.31,normal,normal,alta,8,historico fim_semana,4.0
C18SC002113,23,,fim_semana,1.001,0.9535,0.2384,0.2,0.2,normal,normal,alta,8,historico fim_semana,4.0
C18SC005951,0,,fim_semana,0.0,0.0,0.01,0.0,0.0,normal,normal,alta,7,historico fim_semana,4.0
C18SC005951,1,,fim_semana,0.0,0.0,0.01,0.0,0.0,normal,normal,alta,7,historico fim_semana,4.0
C18SC005951,2,,fim_semana,0.0,0.0,0.01,0.0,0.0,normal,normal,alta,7,historico fim_semana,4.0
C18SC005951,3,,fim_semana,0.0,0.0,0.01,0.0,0.0,normal,normal,alta,8,historico fim_semana,4.0
C18SC005951,4,,fim_semana,0.0,0.0,0.01,0.0,0.0,normal,normal,alta,8,historico fim_semana,4.0
C18SC005951,5,,fim_semana,0.0,0.0,0.01,0.0,0.0,normal,normal,alta,8,historico fim_semana,4.0
C18SC005951,7,,fim_semana,0.0,0.0,0.01,0.0,0.0,normal,normal,alta,8,historico fim_semana,4.0
C18SC005951,8,,fim_semana,0.0,0.0,0.01,0.0,0.0,normal,normal,alta,8,historico fim_semana,4.0
C18SC005951,9,,fim_semana,0.0,0.0,0.01,0.0,0.0,normal,normal,alta,8,historico fim_semana,4.0
C18SC005951,10,,fim_semana,0.0,0.0,0.01,0.0,0.0,normal,normal,alta,5,historico fim_semana,4.0
C18SC005951,11,,fim_semana,0.0,0.0,0.01,0.0,0.0,normal,normal,alta,8,historico fim_semana,4.0
C18SC005951,12,,fim_semana,0.0,0.0,0.01,0.0,0.0,normal,normal,alta,8,historico fim_semana,4.0
C18SC005951,13,,fim_semana,0.0,0.0,0.01,0.0,0.0,normal,normal,alta,8,historico fim_semana,4.0
C18SC005951,14,,fim_semana,0.0,0.0,0.01,0.0,0.0,normal,normal,alta,8,historico fim_semana,4.0
C18SC005951,15,,fim_semana,0.0,0.0,0.01,0.0,0.0,normal,normal,alta,8,historico fim_semana,4.0
C18SC005951,16,,fim_semana,0.0,0.0,0.01,0.0,0.0,normal,normal,alta,8,historico fim_semana,4.0
C18SC005951,17,,fim_semana,0.0,0.0,0.01,0.0,0.0,normal,normal,alta,8,historico fim_semana,4.0
C18SC005951,18,,fim_semana,0.0,0.0,0.01,0.0,0.0,normal,normal,alta,8,historico fim_semana,4.0
C18SC005951,19,,fim_semana,0.0,0.0,0.01,0.0,0.0,normal,normal,alta,8,historico fim_semana,4.0
C18SC005951,20,,fim_semana,0.0,0.0,0.01,0.0,0.0,normal,normal,alta,8,historico fim_semana,4.0
C18SC005951,21,,fim_semana,0.0,0.0,0.01,0.0,0.0,normal,normal,alta,8,historico fim_semana,4.0
C18SC005951,22,,fim_semana,0.0,0.0,0.01,0.0,0.0,normal,normal,alta,6,historico fim_semana,4.0
C18SC005951,23,,fim_semana,0.0,0.0,0.01,0.0,0.0,normal,normal,alta,8,historico fim_semana,4.0
C18SC005955,0,,fim_semana,0.0,0.0231,0.0247,-0.93,-0.93,normal,normal,alta,8,historico fim_semana,4.0
C18SC005955,1,,fim_semana,0.0,0.0235,0.0251,-0.93,-0.93,normal,normal,alta,8,historico fim_semana,4.0
C18SC005955,2,,fim_semana,0.0,0.0232,0.0249,-0.94,-0.94,normal,normal,alta,8,historico fim_semana,4.0
C18SC005955,3,,fim_semana,0.0,0.5249,0.324,-1.62,-1.62,normal,normal,alta,8,historico fim_semana,4.0
C18SC005955,4,,fim_semana,0.0,0.3422,0.2125,-1.61,-1.61,normal,normal,alta,8,historico fim_semana,4.0
C18SC005955,5,,fim_semana,0.0,0.024,0.0257,-0.94,-0.94,normal,normal,alta,8,historico fim_semana,4.0
C18SC005955,6,,fim_semana,0.0,0.0239,0.0255,-0.93,-0.93,normal,normal,alta,8,historico fim_semana,4.0
C18SC005955,7,,fim_semana,0.0,0.0235,0.0251,-0.93,-0.93,normal,normal,alta,8,historico fim_semana,4.0
C18SC005955,8,,fim_semana,0.0,0.0236,0.0253,-0.94,-0.94,normal,normal,alta,8,historico fim_semana,4.0
C18SC005955,9,,fim_semana,0.0,0.023,0.0246,-0.93,-0.93,normal,normal,alta,8,historico fim_semana,4.0
C18SC005955,10,,fim_semana,0.0,0.0231,0.0247,-0.94,-0.94,normal,normal,alta,8,historico fim_semana,4.0
C18SC005955,11,,fim_semana,0.0,0.0232,0.0249,-0.93,-0.93,normal,normal,alta,8,historico fim_semana,4.0
C18SC005955,12,,fim_semana,0.0,0.0231,0.0247,-0.94,-0.94,normal,normal,alta,8,historico fim_semana,4.0
C18SC005955,13,,fim_semana,0.0,0.0232,0.0249,-0.94,-0.94,normal,normal,alta,8,historico fim_semana,4.0
C18SC005955,14,,fim_semana,0.0,0.0232,0.0249,-0.93,-0.93,normal,normal,alta,8,historico fim_semana,4.0
C18SC005955,15,,fim_semana,0.0,0.0232,0.0249,-0.93,-0.93,normal,normal,alta,8,historico fim_semana,4.0
C18SC005955,16,,fim_semana,0.0,0.023,0.0246,-0.94,-0.94,normal,normal,alta,8,historico fim_semana,4.0
C18SC005955,17,,fim_semana,0.0,0.7891,0.4902,-1.61,-1.61,normal,normal,alta,8,historico fim_semana,4.0
C18SC005955,18,,fim_semana,0.0,0.0234,0.025,-0.93,-0.93,normal,normal,alta,8,historico fim_semana,4.0
C18SC005955,19,,fim_semana,0.0,0.0234,0.025,-0.93,-0.93,normal,normal,alta,8,historico fim_semana,4.0
C18SC005955,20,,fim_semana,0.0,0.0235,0.0251,-0.93,-0.93,normal,normal,alta,8,historico fim_semana,4.0
C18SC005955,21,,fim_semana,0.0,0.0234,0.025,-0.94,-0.94,normal,normal,alta,8,historico fim_semana,4.0
C18SC005955,22,,fim_semana,0.0,0.0231,0.0247,-0.94,-0.94,normal,normal,alta,8,historico fim_semana,4.0
C18SC005955,23,,fim_semana,0.0,0.0232,0.0249,-0.94,-0.94,normal,normal,alta,8,historico fim_semana,4.0
C18SC005956,0,,fim_semana,0.0,0.0,0.01,0.0,0.0,normal,normal,alta,8,historico fim_semana,4.0
C18SC005956,1,,fim_semana,0.0,0.0,0.01,0.0,0.0,normal,normal,alta,8,historico fim_semana,4.0
C18SC005956,2,,fim_semana,0.0,0.0,0.01,0.0,0.0,normal,normal,alta,8,historico fim_semana,4.0
C18SC005956,3,,fim_semana,0.0,0.0,0.01,0.0,0.0,normal,normal,alta,8,historico fim_semana,4.0
C18SC005956,4,,fim_semana,0.0,0.0,0.01,0.0,0.0,normal,normal,alta,8,historico fim_semana,4.0
C18SC005956,5,,fim_semana,0.0,0.0,0.01,0.0,0.0,normal,normal,alta,8,historico fim_semana,4.0
C18SC005956,6,,fim_semana,0.0,0.0,0.01,0.0,0.0,normal,normal,alta,8,historico fim_semana,4.0
C18SC005956,7,,fim_semana,0.0,0.0,0.01,0.0,0.0,normal,normal,alta,7,historico fim_semana,4.0
C18SC005956,8,,fim_semana,0.0,0.0,0.01,0.0,0.0,normal,normal,alta,7,historico fim_semana,4.0
C18SC005956,9,,fim_semana,0.0,0.0,0.01,0.0,0.0,normal,normal,alta,7,historico fim_semana,4.0
C18SC005956,10,,fim_semana,0.0,0.0,0.01,0.0,0.0,normal,normal,alta,7,historico fim_semana,4.0
C18SC005956,11,,fim_semana,0.0,0.0,0.01,0.0,0.0,normal,normal,alta,8,historico fim_semana,4.0
C18SC005956,12,,fim_semana,0.0,0.0,0.01,0.0,0.0,normal,normal,alta,8,historico fim_semana,4.0
C18SC005956,13,,fim_semana,0.0,0.0,0.01,0.0,0.0,normal,normal,alta,8,historico fim_semana,4.0
C18SC005956,14,,fim_semana,0.0,0.0,0.01,0.0,0.0,normal,normal,alta,8,historico fim_semana,4.0
C18SC005956,15,,fim_semana,0.0,0.0,0.01,0.0,0.0,normal,normal,alta,8,historico fim_semana,4.0
C18SC005956,16,,fim_semana,0.0,0.0,0.01,0.0,0.0,normal,normal,alta,8,historico fim_semana,4.0
C18SC005956,17,,fim_semana,0.0,0.0,0.01,0.0,0.0,normal,normal,alta,8,historico fim_semana,4.0
C18SC005956,18,,fim_semana,0.0,0.0,0.01,0.0,0.0,normal,normal,alta,8,historico fim_semana,4.0
C18SC005956,19,,fim_semana,0.0,0.0,0.01,0.0,0.0,normal,normal,alta,8,historico fim_semana,4.0
C18SC005956,20,,fim_semana,0.0,0.0,0.01,0.0,0.0,normal,normal,alta,8,historico fim_semana,4.0
C18SC005956,21,,fim_semana,0.0,0.0,0.01,0.0,0.0,normal,normal,alta,8,historico fim_semana,4.0
C18SC005956,22,,fim_semana,0.0,0.0,0.01,0.0,0.0,normal,normal,alta,8,historico fim_semana,4.0
C18SC005956,23,,fim_semana,0.0,0.0,0.01,0.0,0.0,normal,normal,alta,8,historico fim_semana,4.0
C18SC005960J,0,,fim_semana,0.029,0.0737,0.1026,-0.44,-0.44,normal,normal,alta,6,historico fim_semana,4.0
C18SC005960J,1,,fim_semana,0.029,0.0743,0.1033,-0.44,-0.44,normal,normal,alta,6,historico fim_semana,4.0
C18SC005960J,2,,fim_semana,0.029,0.0742,0.1034,-0.44,-0.44,normal,normal,alta,6,historico fim_semana,4.0
C18SC005960J,3,,fim_semana,0.029,0.0743,0.1038,-0.44,-0.44,normal,normal,alta,6,historico fim_semana,4.0
C18SC005960J,4,,fim_semana,0.029,0.0748,0.1035,-0.44,-0.44,normal,normal,alta,6,historico fim_semana,4.0
C18SC005960J,5,,fim_semana,0.03,0.0743,0.1038,-0.43,-0.43,normal,normal,alta,6,historico fim_semana,4.0
C18SC005960J,6,,fim_semana,0.029,0.0747,0.1036,-0.44,-0.44,normal,normal,alta,6,historico fim_semana,4.0
C18SC005960J,7,,fim_semana,0.029,0.0747,0.1036,-0.44,-0.44,normal,normal,alta,6,historico fim_semana,4.0
C18SC005960J,8,,fim_semana,0.03,0.046,0.0277,-0.58,-0.58,normal,normal,alta,6,historico fim_semana,4.0
C18SC005960J,9,,fim_semana,0.031,0.0428,0.0154,-0.77,-0.77,normal,normal,alta,6,historico fim_semana,4.0
C18SC005960J,10,,fim_semana,0.085,0.0495,0.0238,1.49,1.49,normal,normal,alta,6,historico fim_semana,4.0
C18SC005960J,11,,fim_semana,0.054,0.0813,0.1037,-0.26,-0.26,normal,normal,alta,6,historico fim_semana,4.0
C18SC005960J,12,,fim_semana,0.119,0.1015,0.1116,0.16,0.16,normal,normal,alta,6,historico fim_semana,4.0
C18SC005960J,13,,fim_semana,0.056,0.103,0.1769,-0.27,-0.27,normal,normal,alta,6,historico fim_semana,4.0
C18SC005960J,14,,fim_semana,0.025,0.0378,0.013,-0.98,-0.98,normal,normal,alta,6,historico fim_semana,4.0
C18SC005960J,15,,fim_semana,0.025,0.0507,0.0292,-0.88,-0.88,normal,normal,alta,6,historico fim_semana,4.0
C18SC005960J,16,,fim_semana,0.025,0.1002,0.1509,-0.5,-0.5,normal,normal,alta,6,historico fim_semana,4.0
C18SC005960J,17,,fim_semana,0.025,0.2243,0.4424,-0.45,-0.45,normal,normal,alta,6,historico fim_semana,4.0
C18SC005960J,18,,fim_semana,0.025,0.2053,0.3022,-0.6,-0.6,normal,normal,alta,6,historico fim_semana,4.0
C18SC005960J,19,,fim_semana,0.025,0.1393,0.1718,-0.67,-0.67,normal,normal,alta,6,historico fim_semana,4.0
C18SC005960J,20,,fim_semana,0.025,0.2518,0.4954,-0.46,-0.46,normal,normal,alta,6,historico fim_semana,4.0
C18SC005960J,21,,fim_semana,0.025,0.1658,0.3342,-0.42,-0.42,normal,normal,alta,6,historico fim_semana,4.0
C18SC005960J,22,,fim_semana,0.025,0.1223,0.2262,-0.43,-0.43,normal,normal,alta,6,historico fim_semana,4.0
C18SC005960J,23,,fim_semana,0.025,0.03,0.01,-0.5,-0.5,normal,normal,alta,6,historico fim_semana,4.0
C18SC005963M,2,,fim_semana,0.701,0.2734,0.4985,0.86,0.86,normal,normal,alta,5,historico fim_semana,4.0
C18SC005963M,3,,fim_semana,0.017,0.0328,0.01,-1.58,-1.58,normal,normal,alta,5,historico fim_semana,4.0
C18SC005963M,4,,fim_semana,0.007,0.0222,0.0113,-1.35,-1.35,normal,normal,alta,5,historico fim_semana,4.0
C18SC005963M,5,,fim_semana,0.001,0.0194,0.0114,-1.61,-1.61,normal,normal,alta,5,historico fim_semana,4.0
C18SC005963M,6,,fim_semana,0.001,0.2488,0.4231,-0.59,-0.59,normal,normal,alta,5,historico fim_semana,4.0
C18SC005963M,7,,fim_semana,0.023,0.0376,0.0107,-1.37,-1.37,normal,normal,alta,5,historico fim_semana,4.0
C18SC005963M,8,,fim_semana,0.33,0.1844,0.0556,2.62,2.62,normal,normal,alta,5,historico fim_semana,4.0
C18SC005963M,9,,fim_semana,0.392,0.3388,0.0847,0.63,0.63,normal,normal,alta,5,historico fim_semana,4.0
C18SC005963M,10,,fim_semana,0.488,0.4855,0.4084,0.01,0.01,normal,normal,alta,6,historico fim_semana,4.0
C18SC005963M,11,,fim_semana,0.575,0.3122,0.112,2.35,2.35,normal,normal,alta,6,historico fim_semana,4.0
C18SC005963M,12,,fim_semana,0.681,0.5128,0.1986,0.85,0.85,normal,normal,alta,6,historico fim_semana,4.0
C18SC005963M,13,,fim_semana,0.237,0.3945,0.1239,-1.27,-1.27,normal,normal,alta,6,historico fim_semana,4.0
C18SC005963M,18,,fim_semana,1.134,0.5122,0.3576,1.74,1.74,normal,normal,alta,6,historico fim_semana,4.0
C18SC005963M,19,,fim_semana,0.272,0.3353,0.0867,-0.73,-0.73,normal,normal,alta,6,historico fim_semana,4.0
C18SC005963M,20,,fim_semana,0.455,0.4987,0.1247,-0.35,-0.35,normal,normal,alta,6,historico fim_semana,4.0
C18SC005963M,21,,fim_semana,0.44,0.332,0.1173,0.92,0.92,normal,normal,alta,6,historico fim_semana,4.0
C18SC005963M,22,,fim_semana,0.159,1.0064,1.0013,-0.85,-0.85,normal,normal,alta,5,historico fim_semana,4.0
C18SC005963M,23,,fim_semana,0.213,0.2344,0.0875,-0.24,-0.24,normal,normal,alta,5,historico fim_semana,4.0
C20LB001379,0,,fim_semana,0.006,0.0093,0.0124,-0.26,-0.26,normal,normal,alta,7,historico fim_semana,4.0
C20LB001379,1,,fim_semana,0.006,0.0129,0.0169,-0.41,-0.41,normal,normal,alta,8,historico fim_semana,4.0
C20LB001379,2,,fim_semana,0.005,0.0049,0.01,0.01,0.01,normal,normal,alta,8,historico fim_semana,4.0
C20LB001379,3,,fim_semana,0.005,0.0045,0.01,0.05,0.05,normal,normal,alta,8,historico fim_semana,4.0
C20LB001379,4,,fim_semana,0.006,0.0046,0.01,0.14,0.14,normal,normal,alta,8,historico fim_semana,4.0
C20LB001379,5,,fim_semana,0.005,0.0046,0.01,0.04,0.04,normal,normal,alta,8,historico fim_semana,4.0
C20LB001379,6,,fim_semana,0.006,0.005,0.01,0.1,0.1,normal,normal,alta,8,historico fim_semana,4.0
C20LB001379,7,,fim_semana,0.005,0.0049,0.01,0.01,0.01,normal,normal,alta,8,historico fim_semana,4.0
C20LB001379,8,,fim_semana,0.006,0.0047,0.01,0.13,0.13,normal,normal,alta,8,historico fim_semana,4.0
C20LB001379,9,,fim_semana,0.006,0.0046,0.01,0.14,0.14,normal,normal,alta,8,historico fim_semana,4.0
C20LB001379,10,,fim_semana,0.005,0.0044,0.01,0.06,0.06,normal,normal,alta,8,historico fim_semana,4.0
C20LB001379,11,,fim_semana,0.006,0.0044,0.01,0.16,0.16,normal,normal,alta,8,historico fim_semana,4.0
C20LB001379,12,,fim_semana,0.005,0.0043,0.01,0.07,0.07,normal,normal,alta,8,historico fim_semana,4.0
C20LB001379,13,,fim_semana,0.005,0.0044,0.01,0.06,0.06,normal,normal,alta,8,historico fim_semana,4.0
C20LB001379,14,,fim_semana,0.006,0.0044,0.01,0.16,0.16,normal,normal,alta,8,historico fim_semana,4.0
C20LB001379,15,,fim_semana,0.006,0.0047,0.01,0.13,0.13,normal,normal,alta,8,historico fim_semana,4.0
C20LB001379,16,,fim_semana,0.005,0.0101,0.0166,-0.31,-0.31,normal,normal,alta,8,historico fim_semana,4.0
C20LB001379,17,,fim_semana,0.006,0.005,0.01,0.1,0.1,normal,normal,alta,8,historico fim_semana,4.0
C20LB001379,18,,fim_semana,0.005,0.0045,0.01,0.05,0.05,normal,normal,alta,8,historico fim_semana,4.0
C20LB001379,19,,fim_semana,0.006,0.0043,0.01,0.17,0.17,normal,normal,alta,8,historico fim_semana,4.0
C20LB001379,20,,fim_semana,0.005,0.0043,0.01,0.07,0.07,normal,normal,alta,8,historico fim_semana,4.0
C20LB001379,21,,fim_semana,0.006,0.0041,0.01,0.19,0.19,normal,normal,alta,7,historico fim_semana,4.0
C20LB001379,22,,fim_semana,0.005,0.0041,0.01,0.09,0.09,normal,normal,alta,7,historico fim_semana,4.0
C20LB001379,23,,fim_semana,0.005,0.0043,0.01,0.07,0.07,normal,normal,alta,7,historico fim_semana,4.0
C21FE001327,0,,fim_semana,0.0,0.0,0.01,0.0,0.0,normal,normal,alta,8,historico fim_semana,4.0
C21FE001327,1,,fim_semana,0.0,0.0,0.01,0.0,0.0,normal,normal,alta,8,historico fim_semana,4.0
C21FE001327,2,,fim_semana,0.0,0.0,0.01,0.0,0.0,normal,normal,alta,8,historico fim_semana,4.0
C21FE001327,3,,fim_semana,0.0,0.0,0.01,0.0,0.0,normal,normal,alta,8,historico fim_semana,4.0
C21FE001327,4,,fim_semana,0.0,0.0,0.01,0.0,0.0,normal,normal,alta,8,historico fim_semana,4.0
C21FE001327,5,,fim_semana,0.0,0.0,0.01,0.0,0.0,normal,normal,alta,8,historico fim_semana,4.0
C21FE001327,6,,fim_semana,0.0,0.0,0.01,0.0,0.0,normal,normal,alta,8,historico fim_semana,4.0
C21FE001327,7,,fim_semana,0.0,0.0,0.01,0.0,0.0,normal,normal,alta,8,historico fim_semana,4.0
C21FE001327,8,,fim_semana,0.0,0.0,0.01,0.0,0.0,normal,normal,alta,8,historico fim_semana,4.0
C21FE001327,9,,fim_semana,0.0,0.0,0.01,0.0,0.0,normal,normal,alta,8,historico fim_semana,4.0
C21FE001327,10,,fim_semana,0.0,0.0,0.01,0.0,0.0,normal,normal,alta,8,historico fim_semana,4.0
C21FE001327,11,,fim_semana,0.0,0.0,0.01,0.0,0.0,normal,normal,alta,8,historico fim_semana,4.0
C21FE001327,12,,fim_semana,0.0,0.0,0.01,0.0,0.0,normal,normal,alta,8,historico fim_semana,4.0
C21FE001327,13,,fim_semana,0.0,0.0,0.01,0.0,0.0,normal,normal,alta,8,historico fim_semana,4.0
C21FE001327,14,,fim_semana,0.0,0.0,0.01,0.0,0.0,normal,normal,alta,8,historico fim_semana,4.0
C21FE001327,15,,fim_semana,0.0,0.0,0.01,0.0,0.0,normal,normal,alta,8,historico fim_semana,4.0
C21FE001327,16,,fim_semana,0.0,0.0,0.01,0.0,0.0,normal,normal,alta,8,historico fim_semana,4.0
C21FE001327,17,,fim_semana,0.0,0.0,0.01,0.0,0.0,normal,normal,alta,8,historico fim_semana,4.0
C21FE001327,18,,fim_semana,0.0,0.0,0.01,0.0,0.0,normal,normal,alta,8,historico fim_semana,4.0
C21FE001327,19,,fim_semana,0.0,0.0,0.01,0.0,0.0,normal,normal,alta,8,historico fim_semana,4.0
C21FE001327,20,,fim_semana,0.0,0.0,0.01,0.0,0.0,normal,normal,alta,8,historico fim_semana,4.0
C21FE001327,21,,fim_semana,0.0,0.0,0.01,0.0,0.0,normal,normal,alta,8,historico fim_semana,4.0
C21FE001327,22,,fim_semana,0.0,0.0,0.01,0.0,0.0,normal,normal,alta,6,historico fim_semana,4.0
C21FE001327,23,,fim_semana,0.0,0.0,0.01,0.0,0.0,normal,normal,alta,6,historico fim_semana,4.0
C21FE004002H,0,,fim_semana,0.012,0.0668,0.0702,-0.78,-0.78,normal,normal,alta,8,historico fim_semana,4.0
C21FE004002H,1,,fim_semana,0.037,0.0654,0.0568,-0.5,-0.5,normal,normal,alta,8,historico fim_semana,4.0
C21FE004002H,2,,fim_semana,0.002,0.0215,0.0352,-0.55,-0.55,normal,normal,alta,8,historico fim_semana,4.0
C21FE004002H,3,,fim_semana,0.004,0.0053,0.01,-0.13,-0.13,normal,normal,alta,8,historico fim_semana,4.0
C21FE004002H,4,,fim_semana,0.006,0.0052,0.01,0.08,0.08,normal,normal,alta,8,historico fim_semana,4.0
C21FE004002H,5,,fim_semana,0.003,0.0061,0.01,-0.31,-0.31,normal,normal,alta,8,historico fim_semana,4.0
C21FE004002H,6,,fim_semana,0.002,0.0035,0.01,-0.15,-0.15,normal,normal,alta,8,historico fim_semana,4.0
C21FE004002H,7,,fim_semana,0.002,0.0075,0.01,-0.55,-0.55,normal,normal,alta,8,historico fim_semana,4.0
C21FE004002H,8,,fim_semana,0.001,0.004,0.01,-0.3,-0.3,normal,normal,alta,8,historico fim_semana,4.0
C21FE004002H,9,,fim_semana,0.003,0.0064,0.01,-0.34,-0.34,normal,normal,alta,8,historico fim_semana,4.0
C21FE004002H,10,,fim_semana,0.03,0.0066,0.01,2.34,2.34,normal,normal,alta,8,historico fim_semana,4.0
C21FE004002H,11,,fim_semana,0.065,0.0175,0.0234,2.03,2.03,normal,normal,alta,8,historico fim_semana,4.0
C21FE004002H,12,,fim_semana,0.024,0.0274,0.0183,-0.18,-0.18,normal,normal,alta,8,historico fim_semana,4.0
C21FE004002H,13,,fim_semana,0.1,0.0437,0.0349,1.61,1.61,normal,normal,alta,8,historico fim_semana,4.0
C21FE004002H,14,,fim_semana,0.079,0.032,0.0291,1.61,1.61,normal,normal,alta,8,historico fim_semana,4.0
C21FE004002H,15,,fim_semana,0.198,0.0466,0.023,6.57,6.57,desvio,acima,alta,8,historico fim_semana,4.0
C21FE004002H,16,,fim_semana,0.284,0.0794,0.0584,3.5,3.5,normal,normal,alta,8,historico fim_semana,4.0
C21FE004002H,17,,fim_semana,0.225,0.0938,0.0603,2.18,2.18,normal,normal,alta,8,historico fim_semana,4.0
C21FE004002H,18,,fim_semana,0.251,0.0811,0.0422,4.02,4.02,desvio,acima,alta,8,historico fim_semana,4.0
C21FE004002H,19,,fim_semana,0.107,0.0576,0.0371,1.33,1.33,normal,normal,alta,8,historico fim_semana,4.0
C21FE004002H,20,,fim_semana,0.085,0.0604,0.0573,0.43,0.43,normal,normal,alta,8,historico fim_semana,4.0
C21FE004002H,21,,fim_semana,0.007,0.0302,0.017,-1.37,-1.37,normal,normal,alta,8,historico fim_semana,4.0
C21FE004002H,22,,fim_semana,0.031,0.0579,0.0618,-0.43,-0.43,normal,normal,alta,8,historico fim_semana,4.0
C21FE004002H,23,,fim_semana,0.089,0.0774,0.1047,0.11,0.11,normal,normal,alta,8,historico fim_semana,4.0
C21FE004003I,0,,fim_semana,0.0,0.0,0.01,0.0,0.0,normal,normal,alta,6,historico fim_semana,4.0
C21FE004003I,1,,fim_semana,0.0,0.0,0.01,0.0,0.0,normal,normal,alta,6,historico fim_semana,4.0
C21FE004003I,2,,fim_semana,0.0,0.0,0.01,0.0,0.0,normal,normal,alta,8,historico fim_semana,4.0
C21FE004003I,3,,fim_semana,0.0,0.0,0.01,0.0,0.0,normal,normal,alta,8,historico fim_semana,4.0
C21FE004003I,4,,fim_semana,0.0,0.0,0.01,0.0,0.0,normal,normal,alta,8,historico fim_semana,4.0
C21FE004003I,5,,fim_semana,0.0,0.0,0.01,0.0,0.0,normal,normal,alta,8,historico fim_semana,4.0
C21FE004003I,6,,fim_semana,0.0,0.0,0.01,0.0,0.0,normal,normal,alta,8,historico fim_semana,4.0
C21FE004003I,7,,fim_semana,0.0,0.0,0.01,0.0,0.0,normal,normal,alta,8,historico fim_semana,4.0
C21FE004003I,8,,fim_semana,0.0,0.0,0.01,0.0,0.0,normal,normal,alta,8,historico fim_semana,4.0
C21FE004003I,9,,fim_semana,0.0,0.0,0.01,0.0,0.0,normal,normal,alta,8,historico fim_semana,4.0
C21FE004003I,10,,fim_semana,0.0,0.0,0.01,0.0,0.0,normal,normal,alta,6,historico fim_semana,4.0
C21FE004003I,11,,fim_semana,0.0,0.0,0.01,0.0,0.0,normal,normal,alta,6,historico fim_semana,4.0
C21FE004003I,12,,fim_semana,0.0,0.0,0.01,0.0,0.0,normal,normal,alta,6,historico fim_semana,4.0
C21FE004003I,13,,fim_semana,0.0,0.0,0.01,0.0,0.0,normal,normal,alta,6,historico fim_semana,4.0
C21FE004003I,22,,fim_semana,0.0,0.0,0.01,0.0,0.0,normal,normal,alta,8,historico fim_semana,4.0
C21FE004003I,23,,fim_semana,0.0,0.0,0.01,0.0,0.0,normal,normal,alta,8,historico fim_semana,4.0
C21FE010286W,0,,fim_semana,0.0,0.0,0.01,0.0,0.0,normal,normal,alta,8,historico fim_semana,4.0
C21FE010286W,1,,fim_semana,0.0,0.0,0.01,0.0,0.0,normal,normal,alta,8,historico fim_semana,4.0
C21FE010286W,2,,fim_semana,0.0,0.0,0.01,0.0,0.0,normal,normal,alta,8,historico fim_semana,4.0
C21FE010286W,3,,fim_semana,0.0,0.0,0.01,0.0,0.0,normal,normal,alta,8,historico fim_semana,4.0
C21FE010286W,4,,fim_semana,0.0,0.0,0.01,0.0,0.0,normal,normal,alta,8,historico fim_semana,4.0
C21FE010286W,5,,fim_semana,0.0,0.0,0.01,0.0,0.0,normal,normal,alta,8,historico fim_semana,4.0
C21FE010286W,6,,fim_semana,0.0,0.0,0.01,0.0,0.0,normal,normal,alta,8,historico fim_semana,4.0
C21FE010286W,7,,fim_semana,0.0,0.0,0.01,0.0,0.0,normal,normal,alta,8,historico fim_semana,4.0
C21FE010286W,8,,fim_semana,0.0,0.0,0.01,0.0,0.0,normal,normal,alta,8,historico fim_semana,4.0
C21FE010286W,9,,fim_semana,0.0,0.0,0.01,0.0,0.0,normal,normal,alta,8,historico fim_semana,4.0
C21FE010286W,10,,fim_semana,0.0,0.0,0.01,0.0,0.0,normal,normal,alta,8,historico fim_semana,4.0
C21FE010286W,11,,fim_semana,0.0,0.0,0.01,0.0,0.0,normal,normal,alta,8,historico fim_semana,4.0
C21FE010286W,12,,fim_semana,0.0,0.0,0.01,0.0,0.0,normal,normal,alta,8,historico fim_semana,4.0
C21FE010286W,13,,fim_semana,0.0,0.0,0.01,0.0,0.0,normal,normal,alta,8,historico fim_semana,4.0
C21FE010286W,14,,fim_semana,0.0,0.0,0.01,0.0,0.0,normal,normal,alta,8,historico fim_semana,4.0
C21FE010286W,15,,fim_semana,0.0,0.0,0.01,0.0,0.0,normal,normal,alta,8,historico fim_semana,4.0
C21FE010286W,16,,fim_semana,0.0,0.0,0.01,0.0,0.0,normal,normal,alta,8,historico fim_semana,4.0
C21FE010286W,17,,fim_semana,0.0,0.0,0.01,0.0,0.0,normal,normal,alta,8,historico fim_semana,4.0
C21FE010286W,18,,fim_semana,0.0,0.0,0.01,0.0,0.0,normal,normal,alta,8,historico fim_semana,4.0
C21FE010286W,19,,fim_semana,0.0,0.0,0.01,0.0,0.0,normal,normal,alta,8,historico fim_semana,4.0
C21FE010286W,20,,fim_semana,0.0,0.0,0.01,0.0,0.0,normal,normal,alta,8,historico fim_semana,4.0
C21FE010286W,21,,fim_semana,0.0,0.0,0.01,0.0,0.0,normal,normal,alta,8,historico fim_semana,4.0
C21FE010286W,22,,fim_semana,0.0,0.0,0.01,0.0,0.0,normal,normal,alta,8,historico fim_semana,4.0
C21FE010286W,23,,fim_semana,0.0,0.0,0.01,0.0,0.0,normal,normal,alta,8,historico fim_semana,4.0
C21FE010289Z,0,,fim_semana,0.247,0.2524,0.1355,-0.04,-0.04,normal,normal,alta,7,historico fim_semana,4.0
C21FE010289Z,1,,fim_semana,0.25,0.9027,1.8357,-0.36,-0.36,normal,normal,alta,8,historico fim_semana,4.0
C21FE010289Z,2,,fim_semana,0.258,0.3691,0.3208,-0.35,-0.35,normal,normal,alta,8,historico fim_semana,4.0
C21FE010289Z,3,,fim_semana,0.262,0.374,0.3243,-0.35,-0.35,normal,normal,alta,8,historico fim_semana,4.0
C21FE010289Z,4,,fim_semana,0.264,0.3761,0.3268,-0.34,-0.34,normal,normal,alta,8,historico fim_semana,4.0
C21FE010289Z,5,,fim_semana,0.265,0.3784,0.3296,-0.34,-0.34,normal,normal,alta,8,historico fim_semana,4.0
C21FE010289Z,6,,fim_semana,0.268,0.378,0.3291,-0.33,-0.33,normal,normal,alta,8,historico fim_semana,4.0
C21FE010289Z,7,,fim_semana,0.271,0.3761,0.3268,-0.32,-0.32,normal,normal,alta,8,historico fim_semana,4.0
C21FE010289Z,8,,fim_semana,0.291,0.5675,0.2935,-0.94,-0.94,normal,normal,alta,8,historico fim_semana,4.0
C21FE010289Z,9,,fim_semana,0.343,0.9196,0.3945,-1.46,-1.46,normal,normal,alta,8,historico fim_semana,4.0
C21FE010289Z,10,,fim_semana,0.368,0.9141,0.3997,-1.37,-1.37,normal,normal,alta,8,historico fim_semana,4.0
C21FE010289Z,11,,fim_semana,0.387,1.0333,0.3218,-2.01,-2.01,normal,normal,alta,8,historico fim_semana,4.0
C21FE010289Z,12,,fim_semana,0.366,0.79,0.3403,-1.25,-1.25,normal,normal,alta,8,historico fim_semana,4.0
C21FE010289Z,13,,fim_semana,0.319,0.7249,0.3818,-1.06,-1.06,normal,normal,alta,8,historico fim_semana,4.0
C21FE010289Z,14,,fim_semana,0.506,0.761,0.3358,-0.76,-0.76,normal,normal,alta,8,historico fim_semana,4.0
C21FE010289Z,15,,fim_semana,0.258,0.884,0.3964,-1.58,-1.58,normal,normal,alta,8,historico fim_semana,4.0
C21FE010289Z,16,,fim_semana,0.301,0.8104,0.4417,-1.15,-1.15,normal,normal,alta,8,historico fim_semana,4.0
C21FE010289Z,17,,fim_semana,0.287,0.844,0.4489,-1.24,-1.24,normal,normal,alta,7,historico fim_semana,4.0
C21FE010289Z,18,,fim_semana,0.317,0.8936,0.5116,-1.13,-1.13,normal,normal,alta,7,historico fim_semana,4.0
C21FE010289Z,19,,fim_semana,0.249,0.7281,0.471,-1.02,-1.02,normal,normal,alta,7,historico fim_semana,4.0
C21FE010289Z,20,,fim_semana,0.236,0.5757,0.3511,-0.97,-0.97,normal,normal,alta,7,historico fim_semana,4.0
C21FE010289Z,21,,fim_semana,0.236,0.7086,1.0543,-0.45,-0.45,normal,normal,alta,7,historico fim_semana,4.0
C21FE010289Z,22,,fim_semana,0.241,0.3114,0.2014,-0.35,-0.35,normal,normal,alta,7,historico fim_semana,4.0
C21FE010289Z,23,,fim_semana,0.932,0.5791,0.3387,1.04,1.04,normal,normal,alta,7,historico fim_semana,4.0
C22FC001476U,0,,fim_semana,0.0,0.0,0.01,0.0,0.0,normal,normal,alta,8,historico fim_semana,4.0
C22FC001476U,1,,fim_semana,0.0,0.0,0.01,0.0,0.0,normal,normal,alta,8,historico fim_semana,4.0
C22FC001476U,2,,fim_semana,0.0,0.0,0.01,0.0,0.0,normal,normal,alta,8,historico fim_semana,4.0
C22FC001476U,3,,fim_semana,0.0,0.0,0.01,0.0,0.0,normal,normal,alta,8,historico fim_semana,4.0
C22FC001476U,4,,fim_semana,0.0,0.0,0.01,0.0,0.0,normal,normal,alta,8,historico fim_semana,4.0
C22FC001476U,5,,fim_semana,0.0,0.0,0.01,0.0,0.0,normal,normal,alta,8,historico fim_semana,4.0
C22FC001476U,6,,fim_semana,0.0,0.0,0.01,0.0,0.0,normal,normal,alta,8,historico fim_semana,4.0
C22FC001476U,7,,fim_semana,0.0,0.0,0.01,0.0,0.0,normal,normal,alta,8,historico fim_semana,4.0
C22FC001476U,8,,fim_semana,0.0,0.0,0.01,0.0,0.0,normal,normal,alta,8,historico fim_semana,4.0
C22FC001476U,9,,fim_semana,0.0,0.0,0.01,0.0,0.0,normal,normal,alta,8,historico fim_semana,4.0
C22FC001476U,10,,fim_semana,0.0,0.0,0.01,0.0,0.0,normal,normal,alta,8,historico fim_semana,4.0
C22FC001476U,11,,fim_semana,0.0,0.0,0.01,0.0,0.0,normal,normal,alta,8,historico fim_semana,4.0
C22FC001476U,12,,fim_semana,0.0,0.0,0.01,0.0,0.0,normal,normal,alta,8,historico fim_semana,4.0
C22FC001476U,13,,fim_semana,0.0,0.0,0.01,0.0,0.0,normal,normal,alta,8,historico fim_semana,4.0
C22FC001476U,14,,fim_semana,0.0,0.0,0.01,0.0,0.0,normal,normal,alta,8,historico fim_semana,4.0
C22FC001476U,15,,fim_semana,0.0,0.0,0.01,0.0,0.0,normal,normal,alta,8,historico fim_semana,4.0
C22FC001476U,16,,fim_semana,0.0,0.0,0.01,0.0,0.0,normal,normal,alta,8,historico fim_semana,4.0
C22FC001476U,17,,fim_semana,0.0,0.0,0.01,0.0,0.0,normal,normal,alta,8,historico fim_semana,4.0
C22FC001476U,18,,fim_semana,0.0,0.0,0.01,0.0,0.0,normal,normal,alta,8,historico fim_semana,4.0
C22FC001476U,19,,fim_semana,0.0,0.0,0.01,0.0,0.0,normal,normal,alta,8,historico fim_semana,4.0
C22FC001476U,20,,fim_semana,0.0,0.0,0.01,0.0,0.0,normal,normal,alta,8,historico fim_semana,4.0
C22FC001476U,21,,fim_semana,0.0,0.0,0.01,0.0,0.0,normal,normal,alta,8,historico fim_semana,4.0
C22FC001476U,22,,fim_semana,0.0,0.0,0.01,0.0,0.0,normal,normal,alta,8,historico fim_semana,4.0
C22FC001476U,23,,fim_semana,0.0,0.0,0.01,0.0,0.0,normal,normal,alta,8,historico fim_semana,4.0
C22FC002058K,1,,fim_semana,0.0,0.0,0.01,0.0,0.0,normal,normal,baixa,4,historico fim_semana (poucos dados),4.0
C22FC002058K,2,,fim_semana,0.0,0.0,0.01,0.0,0.0,normal,normal,baixa,4,historico fim_semana (poucos dados),4.0
C22FC002058K,3,,fim_semana,0.0,0.0,0.01,0.0,0.0,normal,normal,baixa,4,historico fim_semana (poucos dados),4.0
C22FC002058K,4,,fim_semana,0.0,0.0,0.01,0.0,0.0,normal,normal,baixa,4,historico fim_semana (poucos dados),4.0
C22FC002058K,5,,fim_semana,0.0,0.0,0.01,0.0,0.0,normal,normal,baixa,4,historico fim_semana (poucos dados),4.0
C22FC002058K,6,,fim_semana,0.0,0.0,0.01,0.0,0.0,normal,normal,baixa,4,historico fim_semana (poucos dados),4.0
C22FC002058K,7,,fim_semana,0.0,0.0,0.01,0.0,0.0,normal,normal,baixa,4,historico fim_semana (poucos dados),4.0
C22FC002058K,8,,fim_semana,0.0,0.0,0.01,0.0,0.0,normal,normal,baixa,4,historico fim_semana (poucos dados),4.0
C22FC002058K,13,,fim_semana,0.0,0.0,0.01,0.0,0.0,normal,normal,alta,5,historico fim_semana,4.0
C22FC002058K,14,,fim_semana,0.0,0.0,0.01,0.0,0.0,normal,normal,alta,5,historico fim_semana,4.0
C22FC002058K,15,,fim_semana,0.0,0.0,0.01,0.0,0.0,normal,normal,alta,5,historico fim_semana,4.0
C22FC002058K,16,,fim_semana,0.0,0.0,0.01,0.0,0.0,normal,normal,alta,5,historico fim_semana,4.0
C22FC002058K,17,,fim_semana,0.0,0.0,0.01,0.0,0.0,normal,normal,alta,5,historico fim_semana,4.0
C22FC002058K,18,,fim_semana,0.0,0.0,0.01,0.0,0.0,normal,normal,alta,5,historico fim_semana,4.0
C22FC002058K,19,,fim_semana,0.0,0.0,0.01,0.0,0.0,normal,normal,alta,5,historico fim_semana,4.0
C22FC002058K,20,,fim_semana,0.0,0.0,0.01,0.0,0.0,normal,normal,alta,5,historico fim_semana,4.0
C22FC002058K,21,,fim_semana,0.0,0.0,0.01,0.0,0.0,normal,normal,alta,5,historico fim_semana,4.0
C22FC002058K,22,,fim_semana,0.0,0.0,0.01,0.0,0.0,normal,normal,alta,5,historico fim_semana,4.0
C22FC002058K,23,,fim_semana,0.0,0.0,0.01,0.0,0.0,normal,normal,alta,5,historico fim_semana,4.0
C22FC002164L,0,,fim_semana,1.732,0.0549,0.1053,10.0,15.93,desvio,acima,alta,7,historico fim_semana,4.0
C22FC002164L,1,,fim_semana,0.064,0.022,0.01,4.2,4.2,desvio,acima,alta,7,historico fim_semana,4.0
C22FC002164L,2,,fim_semana,0.02,0.0164,0.01,0.36,0.36,normal,normal,alta,7,historico fim_semana,4.0
C22FC002164L,3,,fim_semana,0.012,0.0141,0.01,-0.21,-0.21,normal,normal,alta,7,historico fim_semana,4.0
C22FC002164L,4,,fim_semana,0.014,0.0343,0.0423,-0.48,-0.48,normal,normal,alta,8,historico fim_semana,4.0
C22FC002164L,5,,fim_semana,0.011,0.0163,0.01,-0.53,-0.53,normal,normal,alta,8,historico fim_semana,4.0
C22FC002164L,6,,fim_semana,0.046,0.019,0.01,2.7,2.7,normal,normal,alta,8,historico fim_semana,4.0
C22FC002164L,7,,fim_semana,0.031,0.0369,0.0132,-0.45,-0.45,normal,normal,alta,8,historico fim_semana,4.0
C22FC002164L,8,,fim_semana,0.113,0.0657,0.0228,2.08,2.08,normal,normal,baixa,3,historico fim_semana (poucos dados),4.0
C22FC002164L,9,,fim_semana,0.232,0.117,0.0292,3.93,3.93,normal,normal,baixa,3,historico fim_semana (poucos dados),4.0
C22FC002164L,10,,fim_semana,0.158,0.1143,0.0286,1.53,1.53,normal,normal,baixa,3,historico fim_semana (poucos dados),4.0
C22FC002164L,11,,fim_semana,0.165,0.1667,0.0417,-0.04,-0.04,normal,normal,baixa,3,historico fim_semana (poucos dados),4.0
C22FC002164L,12,,fim_semana,0.083,0.3332,0.2286,-1.09,-1.09,normal,normal,alta,6,historico fim_semana,4.0
C22FC002164L,13,,fim_semana,0.072,0.2652,0.1363,-1.42,-1.42,normal,normal,alta,6,historico fim_semana,4.0
C22FC002164L,14,,fim_semana,0.038,0.0627,0.0339,-0.73,-0.73,normal,normal,alta,6,historico fim_semana,4.0
C22FC002164L,15,,fim_semana,0.021,0.0582,0.038,-0.98,-0.98,normal,normal,alta,6,historico fim_semana,4.0
C22FC002164L,16,,fim_semana,0.027,0.2067,0.2655,-0.68,-0.68,normal,normal,baixa,4,historico fim_semana (poucos dados),4.0
C22FC002164L,17,,fim_semana,0.059,0.0945,0.0804,-0.44,-0.44,normal,normal,baixa,4,historico fim_semana (poucos dados),4.0
C22FC002164L,18,,fim_semana,0.037,0.112,0.0821,-0.91,-0.91,normal,normal,baixa,4,historico fim_semana (poucos dados),4.0
C22FC002164L,19,,fim_semana,0.054,0.0592,0.0349,-0.15,-0.15,normal,normal,baixa,4,historico fim_semana (poucos dados),4.0
C22FC002164L,20,,fim_semana,0.045,0.4796,0.7189,-0.6,-0.6,normal,normal,alta,7,historico fim_semana,4.0
C22FC002164L,21,,fim_semana,0.094,0.0774,0.0467,0.36,0.36,normal,normal,alta,7,historico fim_semana,4.0
C22FC002164L,22,,fim_semana,0.035,0.0863,0.0508,-1.01,-1.01,normal,normal,alta,7,historico fim_semana,4.0
C22FC002164L,23,,fim_semana,0.078,0.0553,0.0358,0.63,0.63,normal,normal,alta,7,historico fim_semana,4.0
C22FC002165M,3,,fim_semana,0.048,0.0057,0.01,4.23,4.23,desvio,acima,alta,8,historico fim_semana,4.0
C22FC002165M,4,,fim_semana,0.005,0.0013,0.01,0.38,0.38,normal,normal,alta,8,historico fim_semana,4.0
C22FC002165M,5,,fim_semana,0.001,0.0033,0.01,-0.23,-0.23,normal,normal,alta,8,historico fim_semana,4.0
C22FC002165M,6,,fim_semana,0.007,0.0096,0.01,-0.26,-0.26,normal,normal,alta,8,historico fim_semana,4.0
C22FC002165M,7,,fim_semana,0.042,0.0626,0.0157,-1.32,-1.32,normal,normal,alta,8,historico fim_semana,4.0
C22FC002165M,8,,fim_semana,0.067,0.069,0.0244,-0.08,-0.08,normal,normal,alta,8,historico fim_semana,4.0
C22FC002165M,9,,fim_semana,0.077,0.1274,0.0506,-0.99,-0.99,normal,normal,alta,8,historico fim_semana,4.0
C22FC002165M,10,,fim_semana,0.068,0.1283,0.0424,-1.42,-1.42,normal,normal,alta,8,historico fim_semana,4.0
C22FC002165M,11,,fim_semana,0.279,0.053,0.0132,10.0,17.06,desvio,acima,baixa,4,historico fim_semana (poucos dados),4.0
C22FC002165M,12,,fim_semana,0.113,0.0895,0.0246,0.95,0.95,normal,normal,baixa,4,historico fim_semana (poucos dados),4.0
C22FC002165M,13,,fim_semana,0.06,0.1135,0.0417,-1.28,-1.28,normal,normal,baixa,4,historico fim_semana (poucos dados),4.0
C22FC002165M,14,,fim_semana,0.094,0.11,0.0275,-0.58,-0.58,normal,normal,baixa,4,historico fim_semana (poucos dados),4.0
C22FC002165M,15,,fim_semana,0.106,0.2816,0.2459,-0.71,-0.71,normal,normal,alta,8,historico fim_semana,4.0
C22FC002165M,16,,fim_semana,0.126,0.0414,0.0394,2.15,2.15,normal,normal,alta,8,historico fim_semana,4.0
C22FC002165M,17,,fim_semana,0.025,0.0805,0.0495,-1.12,-1.12,normal,normal,alta,8,historico fim_semana,4.0
C22FC002165M,18,,fim_semana,0.022,0.0931,0.0687,-1.04,-1.04,normal,normal,alta,8,historico fim_semana,4.0
C22FC002165M,19,,fim_semana,0.054,0.0653,0.0346,-0.33,-0.33,normal,normal,alta,8,historico fim_semana,4.0
C22FC002165M,20,,fim_semana,0.033,0.1391,0.0931,-1.14,-1.14,normal,normal,alta,8,historico fim_semana,4.0
C22FC002165M,21,,fim_semana,0.049,0.0742,0.0589,-0.43,-0.43,normal,normal,alta,8,historico fim_semana,4.0
C22FC002165M,22,,fim_semana,0.035,0.0323,0.0275,0.1,0.1,normal,normal,alta,8,historico fim_semana,4.0
C22FC002165M,23,,fim_semana,0.014,0.0222,0.0276,-0.3,-0.3,normal,normal,alta,5,historico fim_semana,4.0
C22FC002170J,0,,fim_semana,0.124,0.108,0.027,0.59,0.59,normal,normal,alta,8,historico fim_semana,4.0
C22FC002170J,1,,fim_semana,0.043,0.0948,0.0278,-1.86,-1.86,normal,normal,alta,8,historico fim_semana,4.0
C22FC002170J,2,,fim_semana,0.036,0.0622,0.0206,-1.27,-1.27,normal,normal,alta,8,historico fim_semana,4.0
C22FC002170J,3,,fim_semana,0.037,0.0414,0.0191,-0.23,-0.23,normal,normal,alta,8,historico fim_semana,4.0
C22FC002170J,4,,fim_semana,0.038,0.0351,0.0177,0.16,0.16,normal,normal,alta,8,historico fim_semana,4.0
C22FC002170J,5,,fim_semana,0.035,0.027,0.0107,0.75,0.75,normal,normal,alta,8,historico fim_semana,4.0
C22FC002170J,6,,fim_semana,0.022,0.0231,0.01,-0.11,-0.11,normal,normal,alta,8,historico fim_semana,4.0
C22FC002170J,7,,fim_semana,0.012,0.0243,0.01,-1.23,-1.23,normal,normal,alta,8,historico fim_semana,4.0
C22FC002170J,8,,fim_semana,0.048,0.1322,0.0689,-1.22,-1.22,normal,normal,alta,8,historico fim_semana,4.0
C22FC002170J,9,,fim_semana,0.265,0.2571,0.1108,0.07,0.07,normal,normal,alta,8,historico fim_semana,4.0
C22FC002170J,10,,fim_semana,0.273,0.2268,0.0633,0.73,0.73,normal,normal,alta,8,historico fim_semana,4.0
C22FC002170J,11,,fim_semana,0.188,0.2722,0.0681,-1.24,-1.24,normal,normal,alta,8,historico fim_semana,4.0
C22FC002170J,12,,fim_semana,0.26,0.3301,0.0985,-0.71,-0.71,normal,normal,alta,8,historico fim_semana,4.0
C22FC002170J,13,,fim_semana,0.41,0.386,0.1057,0.23,0.23,normal,normal,alta,8,historico fim_semana,4.0
C22FC002170J,14,,fim_semana,0.217,0.2409,0.0602,-0.4,-0.4,normal,normal,alta,8,historico fim_semana,4.0
C22FC002170J,15,,fim_semana,0.177,0.2204,0.0551,-0.79,-0.79,normal,normal,alta,8,historico fim_semana,4.0
C22FC002170J,16,,fim_semana,0.182,0.224,0.056,-0.75,-0.75,normal,normal,alta,8,historico fim_semana,4.0
C22FC002170J,17,,fim_semana,0.105,0.1643,0.0411,-1.44,-1.44,normal,normal,alta,8,historico fim_semana,4.0
C22FC002170J,18,,fim_semana,0.103,0.204,0.0887,-1.14,-1.14,normal,normal,alta,8,historico fim_semana,4.0
C22FC002170J,19,,fim_semana,0.124,0.1705,0.0472,-0.98,-0.98,normal,normal,alta,8,historico fim_semana,4.0
C22FC002170J,20,,fim_semana,0.343,0.2746,0.0827,0.83,0.83,normal,normal,alta,8,historico fim_semana,4.0
C22FC002170J,21,,fim_semana,0.137,0.2915,0.0729,-2.12,-2.12,normal,normal,alta,8,historico fim_semana,4.0
C22FC002170J,22,,fim_semana,0.487,0.3017,0.0754,2.46,2.46,normal,normal,alta,8,historico fim_semana,4.0
C22FC002170J,23,,fim_semana,0.206,0.2131,0.0867,-0.08,-0.08,normal,normal,alta,8,historico fim_semana,4.0
C22FC002175O,0,,fim_semana,0.0,0.0229,0.0427,-0.54,-0.54,normal,normal,alta,7,historico fim_semana,4.0
C22FC002175O,1,,fim_semana,0.0,0.0274,0.0392,-0.7,-0.7,normal,normal,alta,7,historico fim_semana,4.0
C22FC002175O,2,,fim_semana,0.055,0.0197,0.021,1.68,1.68,normal,normal,alta,7,historico fim_semana,4.0
C22FC002175O,3,,fim_semana,0.0,0.0206,0.0189,-1.09,-1.09,normal,normal,alta,7,historico fim_semana,4.0
C22FC002175O,4,,fim_semana,0.0,0.0076,0.0171,-0.45,-0.45,normal,normal,alta,8,historico fim_semana,4.0
C22FC002175O,5,,fim_semana,0.002,0.0016,0.01,0.04,0.04,normal,normal,alta,8,historico fim_semana,4.0
C22FC002175O,6,,fim_semana,0.001,0.0079,0.0101,-0.68,-0.68,normal,normal,alta,8,historico fim_semana,4.0
C22FC002175O,7,,fim_semana,0.017,0.0409,0.0354,-0.67,-0.67,normal,normal,alta,8,historico fim_semana,4.0
C22FC002175O,8,,fim_semana,0.059,0.0337,0.0175,1.45,1.45,normal,normal,alta,7,historico fim_semana,4.0
C22FC002175O,9,,fim_semana,0.02,0.0303,0.0123,-0.83,-0.83,normal,normal,alta,7,historico fim_semana,4.0
C22FC002175O,10,,fim_semana,0.059,0.0449,0.0266,0.53,0.53,normal,normal,alta,7,historico fim_semana,4.0
C22FC002175O,11,,fim_semana,0.031,0.067,0.0505,-0.71,-0.71,normal,normal,alta,7,historico fim_semana,4.0
C22FC002175O,16,,fim_semana,0.471,0.0476,0.0362,10.0,11.7,desvio,acima,alta,8,historico fim_semana,4.0
C22FC002175O,17,,fim_semana,0.028,0.0789,0.0401,-1.27,-1.27,normal,normal,alta,8,historico fim_semana,4.0
C22FC002175O,18,,fim_semana,0.012,0.0408,0.0326,-0.88,-0.88,normal,normal,alta,8,historico fim_semana,4.0
C22FC002175O,19,,fim_semana,0.024,0.126,0.1078,-0.95,-0.95,normal,normal,alta,8,historico fim_semana,4.0
C22FC002175O,20,,fim_semana,0.005,0.0979,0.0628,-1.48,-1.48,normal,normal,alta,8,historico fim_semana,4.0
C22FC002175O,21,,fim_semana,0.123,0.0974,0.0661,0.39,0.39,normal,normal,alta,8,historico fim_semana,4.0
C22FC002175O,22,,fim_semana,0.049,0.0622,0.0549,-0.24,-0.24,normal,normal,alta,8,historico fim_semana,4.0
C22FC002175O,23,,fim_semana,0.012,0.0289,0.0352,-0.48,-0.48,normal,normal,alta,8,historico fim_semana,4.0
C22FC002177Q,0,,fim_semana,0.0,0.0001,0.01,-0.01,-0.01,normal,normal,alta,8,historico fim_semana,4.0
C22FC002177Q,1,,fim_semana,0.0,0.0001,0.01,-0.01,-0.01,normal,normal,alta,8,historico fim_semana,4.0
C22FC002177Q,2,,fim_semana,0.0,0.0003,0.01,-0.03,-0.03,normal,normal,alta,8,historico fim_semana,4.0
C22FC002177Q,3,,fim_semana,0.0,0.0003,0.01,-0.03,-0.03,normal,normal,alta,8,historico fim_semana,4.0
C22FC002177Q,4,,fim_semana,0.0,0.0003,0.01,-0.03,-0.03,normal,normal,alta,8,historico fim_semana,4.0
C22FC002177Q,5,,fim_semana,0.0,0.0001,0.01,-0.01,-0.01,normal,normal,alta,8,historico fim_semana,4.0
C22FC002177Q,6,,fim_semana,0.0,0.0,0.01,0.0,0.0,normal,normal,alta,8,historico fim_semana,4.0
C22FC002177Q,7,,fim_semana,0.0,0.001,0.01,-0.1,-0.1,normal,normal,alta,8,historico fim_semana,4.0
C22FC002177Q,8,,fim_semana,0.0,0.0,0.01,0.0,0.0,normal,normal,alta,8,historico fim_semana,4.0
C22FC002177Q,9,,fim_semana,0.001,0.0027,0.01,-0.17,-0.17,normal,normal,alta,8,historico fim_semana,4.0
C22FC002177Q,10,,fim_semana,0.0,0.0004,0.01,-0.04,-0.04,normal,normal,alta,8,historico fim_semana,4.0
C22FC002177Q,11,,fim_semana,0.0,0.0003,0.01,-0.03,-0.03,normal,normal,alta,8,historico fim_semana,4.0
C22FC002177Q,12,,fim_semana,0.0,0.0001,0.01,-0.01,-0.01,normal,normal,alta,8,historico fim_semana,4.0
C22FC002177Q,13,,fim_semana,0.0,0.0496,0.1404,-0.35,-0.35,normal,normal,alta,8,historico fim_semana,4.0
C22FC002177Q,14,,fim_semana,0.0,0.0164,0.0459,-0.36,-0.36,normal,normal,alta,8,historico fim_semana,4.0
C22FC002177Q,15,,fim_semana,0.0,0.0001,0.01,-0.01,-0.01,normal,normal,alta,8,historico fim_semana,4.0
C22FC002177Q,16,,fim_semana,0.0,0.0004,0.01,-0.04,-0.04,normal,normal,alta,8,historico fim_semana,4.0
C22FC002177Q,17,,fim_semana,0.0,0.0001,0.01,-0.01,-0.01,normal,normal,alta,8,historico fim_semana,4.0
C22FC002177Q,18,,fim_semana,0.0,0.0001,0.01,-0.01,-0.01,normal,normal,alta,8,historico fim_semana,4.0
C22FC002177Q,19,,fim_semana,0.0,0.0001,0.01,-0.01,-0.01,normal,normal,alta,8,historico fim_semana,4.0
C22FC002177Q,20,,fim_semana,0.001,0.0,0.01,0.1,0.1,normal,normal,alta,8,historico fim_semana,4.0
C22FC002177Q,21,,fim_semana,0.0,0.0003,0.01,-0.03,-0.03,normal,normal,alta,8,historico fim_semana,4.0
C22FC002177Q,22,,fim_semana,0.0,0.0003,0.01,-0.03,-0.03,normal,normal,alta,8,historico fim_semana,4.0
C22FC002177Q,23,,fim_semana,0.0,0.0001,0.01,-0.01,-0.01,normal,normal,alta,8,historico fim_semana,4.0
C22FE011956,0,,fim_semana,0.0,0.0,0.01,0.0,0.0,normal,normal,alta,8,historico fim_semana,4.0
C22FE011956,1,,fim_semana,0.0,0.0,0.01,0.0,0.0,normal,normal,alta,8,historico fim_semana,4.0
C22FE011956,2,,fim_semana,0.0,0.0,0.01,0.0,0.0,normal,normal,alta,8,historico fim_semana,4.0
C22FE011956,3,,fim_semana,0.0,0.0,0.01,0.0,0.0,normal,normal,alta,8,historico fim_semana,4.0
C22FE011956,4,,fim_semana,0.0,0.0,0.01,0.0,0.0,normal,normal,alta,8,historico fim_semana,4.0
C22FE011956,5,,fim_semana,0.0,0.0,0.01,0.0,0.0,normal,normal,alta,8,historico fim_semana,4.0
C22FE011956,6,,fim_semana,0.0,0.0,0.01,0.0,0.0,normal,normal,alta,8,historico fim_semana,4.0
C22FE011956,7,,fim_semana,0.0,0.0,0.01,0.0,0.0,normal,normal,alta,8,historico fim_semana,4.0
C22FE011956,8,,fim_semana,0.0,0.0,0.01,0.0,0.0,normal,normal,alta,7,historico fim_semana,4.0
C22FE011956,9,,fim_semana,0.0,0.0,0.01,0.0,0.0,normal,normal,alta,7,historico fim_semana,4.0
C22FE011956,10,,fim_semana,0.0,0.0,0.01,0.0,0.0,normal,normal,alta,7,historico fim_semana,4.0
C22FE011956,11,,fim_semana,0.0,0.0,0.01,0.0,0.0,normal,normal,alta,7,historico fim_semana,4.0
C22FE011956,12,,fim_semana,0.0,0.0,0.01,0.0,0.0,normal,normal,alta,8,historico fim_semana,4.0
C22FE011956,13,,fim_semana,0.0,0.0,0.01,0.0,0.0,normal,normal,alta,8,historico fim_semana,4.0
C22FE011956,14,,fim_semana,0.0,0.0,0.01,0.0,0.0,normal,normal,alta,8,historico fim_semana,4.0
C22FE011956,15,,fim_semana,0.0,0.0,0.01,0.0,0.0,normal,normal,alta,8,historico fim_semana,4.0
C22FE011956,16,,fim_semana,0.0,0.0,0.01,0.0,0.0,normal,normal,alta,8,historico fim_semana,4.0
C22FE011956,17,,fim_semana,0.0,0.0,0.01,0.0,0.0,normal,normal,alta,8,historico fim_semana,4.0
C22FE011956,18,,fim_semana,0.0,0.0,0.01,0.0,0.0,normal,normal,alta,8,historico fim_semana,4.0
C22FE011956,19,,fim_semana,0.0,0.0,0.01,0.0,0.0,normal,normal,alta,8,historico fim_semana,4.0
C22FE011956,20,,fim_semana,0.0,0.0,0.01,0.0,0.0,normal,normal,alta,7,historico fim_semana,4.0
C22FE011956,21,,fim_semana,0.0,0.0,0.01,0.0,0.0,normal,normal,alta,7,historico fim_semana,4.0
C22FE011956,22,,fim_semana,0.0,0.0,0.01,0.0,0.0,normal,normal,alta,7,historico fim_semana,4.0
C22FE011956,23,,fim_semana,0.0,0.0,0.01,0.0,0.0,normal,normal,alta,7,historico fim_semana,4.0
C22FE011961V,0,,fim_semana,0.0,0.0,0.01,0.0,0.0,normal,normal,alta,7,historico fim_semana,4.0
C22FE011961V,1,,fim_semana,0.0,0.0,0.01,0.0,0.0,normal,normal,alta,7,historico fim_semana,4.0
C22FE011961V,2,,fim_semana,0.0,0.0,0.01,0.0,0.0,normal,normal,alta,7,historico fim_semana,4.0
C22FE011961V,3,,fim_semana,0.0,0.0,0.01,0.0,0.0,normal,normal,alta,7,historico fim_semana,4.0
C22FE011961V,4,,fim_semana,0.0,0.0,0.01,0.0,0.0,normal,normal,alta,7,historico fim_semana,4.0
C22FE011961V,5,,fim_semana,0.0,0.0,0.01,0.0,0.0,normal,normal,alta,7,historico fim_semana,4.0
C22FE011961V,6,,fim_semana,0.0,0.0,0.01,0.0,0.0,normal,normal,alta,7,historico fim_semana,4.0
C22FE011961V,7,,fim_semana,0.0,0.0,0.01,0.0,0.0,normal,normal,alta,8,historico fim_semana,4.0
C22FE011961V,8,,fim_semana,0.0,0.0,0.01,0.0,0.0,normal,normal,alta,8,historico fim_semana,4.0
C22FE011961V,9,,fim_semana,0.0,0.0,0.01,0.0,0.0,normal,normal,alta,8,historico fim_semana,4.0
C22FE011961V,10,,fim_semana,0.0,0.0,0.01,0.0,0.0,normal,normal,alta,8,historico fim_semana,4.0
C22FE011961V,11,,fim_semana,0.0,0.0,0.01,0.0,0.0,normal,normal,alta,8,historico fim_semana,4.0
C22FE011961V,12,,fim_semana,0.0,0.0,0.01,0.0,0.0,normal,normal,alta,8,historico fim_semana,4.0
C22FE011961V,13,,fim_semana,0.0,0.0,0.01,0.0,0.0,normal,normal,alta,8,historico fim_semana,4.0
C22FE011961V,14,,fim_semana,0.0,0.0,0.01,0.0,0.0,normal,normal,alta,8,historico fim_semana,4.0
C22FE011961V,15,,fim_semana,0.0,0.0,0.01,0.0,0.0,normal,normal,alta,7,historico fim_semana,4.0
C22FE011961V,16,,fim_semana,0.0,0.0,0.01,0.0,0.0,normal,normal,alta,7,historico fim_semana,4.0
C22FE011961V,17,,fim_semana,0.0,0.0,0.01,0.0,0.0,normal,normal,alta,7,historico fim_semana,4.0
C22FE011961V,18,,fim_semana,0.0,0.0,0.01,0.0,0.0,normal,normal,alta,7,historico fim_semana,4.0
C22FE011961V,19,,fim_semana,0.0,0.0,0.01,0.0,0.0,normal,normal,alta,8,historico fim_semana,4.0
C22FE011961V,20,,fim_semana,0.0,0.0,0.01,0.0,0.0,normal,normal,alta,8,historico fim_semana,4.0
C22FE011961V,21,,fim_semana,0.0,0.0,0.01,0.0,0.0,normal,normal,alta,8,historico fim_semana,4.0
C22FE011961V,22,,fim_semana,0.0,0.0,0.01,0.0,0.0,normal,normal,alta,8,historico fim_semana,4.0
C22FE011961V,23,,fim_semana,0.0,0.0,0.01,0.0,0.0,normal,normal,alta,7,historico fim_semana,4.0
C22FE011963X,0,,fim_semana,0.0,0.0,0.01,0.0,0.0,normal,normal,alta,8,historico fim_semana,4.0
C22FE011963X,1,,fim_semana,0.0,0.0,0.01,0.0,0.0,normal,normal,alta,8,historico fim_semana,4.0
C22FE011963X,2,,fim_semana,0.0,0.0,0.01,0.0,0.0,normal,normal,alta,8,historico fim_semana,4.0
C22FE011963X,3,,fim_semana,0.0,0.0,0.01,0.0,0.0,normal,normal,alta,7,historico fim_semana,4.0
C22FE011963X,4,,fim_semana,0.0,0.0,0.01,0.0,0.0,normal,normal,alta,7,historico fim_semana,4.0
C22FE011963X,5,,fim_semana,0.0,0.0,0.01,0.0,0.0,normal,normal,alta,7,historico fim_semana,4.0
C22FE011963X,6,,fim_semana,0.0,0.0,0.01,0.0,0.0,normal,normal,alta,7,historico fim_semana,4.0
C22FE011963X,7,,fim_semana,0.0,0.0,0.01,0.0,0.0,normal,normal,alta,6,historico fim_semana,4.0
C22FE011963X,8,,fim_semana,0.0,0.0,0.01,0.0,0.0,normal,normal,alta,6,historico fim_semana,4.0
C22FE011963X,9,,fim_semana,0.0,0.0,0.01,0.0,0.0,normal,normal,alta,6,historico fim_semana,4.0
C22FE011963X,10,,fim_semana,0.0,0.0,0.01,0.0,0.0,normal,normal,alta,6,historico fim_semana,4.0
C22FE011963X,11,,fim_semana,0.0,0.0,0.01,0.0,0.0,normal,normal,alta,8,historico fim_semana,4.0
C22FE011963X,12,,fim_semana,0.0,0.0,0.01,0.0,0.0,normal,normal,alta,8,historico fim_semana,4.0
C22FE011963X,13,,fim_semana,0.0,0.0,0.01,0.0,0.0,normal,normal,alta,8,historico fim_semana,4.0
C22FE011963X,14,,fim_semana,0.0,0.0,0.01,0.0,0.0,normal,normal,alta,8,historico fim_semana,4.0
C22FE011963X,15,,fim_semana,0.0,0.0,0.01,0.0,0.0,normal,normal,alta,7,historico fim_semana,4.0
C22FE011963X,16,,fim_semana,0.0,0.0,0.01,0.0,0.0,normal,normal,alta,7,historico fim_semana,4.0
C22FE011963X,17,,fim_semana,0.0,0.0,0.01,0.0,0.0,normal,normal,alta,7,historico fim_semana,4.0
C22FE011963X,18,,fim_semana,0.0,0.0,0.01,0.0,0.0,normal,normal,alta,7,historico fim_semana,4.0
C22FE011963X,19,,fim_semana,0.0,0.0,0.01,0.0,0.0,normal,normal,alta,8,historico fim_semana,4.0
C22FE011963X,20,,fim_semana,0.0,0.0,0.01,0.0,0.0,normal,normal,alta,8,historico fim_semana,4.0
C22FE011963X,21,,fim_semana,0.0,0.0,0.01,0.0,0.0,normal,normal,alta,8,historico fim_semana,4.0
C22FE011963X,22,,fim_semana,0.0,0.0,0.01,0.0,0.0,normal,normal,alta,8,historico fim_semana,4.0
C22FE011963X,23,,fim_semana,0.0,0.0,0.01,0.0,0.0,normal,normal,alta,8,historico fim_semana,4.0
C23FC001331N,0,,fim_semana,0.294,0.1378,0.2057,0.76,0.76,normal,normal,baixa,4,historico fim_semana (poucos dados),4.0
C23FC001331N,1,,fim_semana,0.026,0.01,0.0135,1.19,1.19,normal,normal,baixa,4,historico fim_semana (poucos dados),4.0
C23FC001331N,2,,fim_semana,0.001,0.0147,0.0123,-1.12,-1.12,normal,normal,baixa,4,historico fim_semana (poucos dados),4.0
C23FC001331N,3,,fim_semana,0.004,0.0077,0.0136,-0.28,-0.28,normal,normal,baixa,4,historico fim_semana (poucos dados),4.0
C23FC001331N,4,,fim_semana,0.009,0.1449,0.1845,-0.74,-0.74,normal,normal,alta,7,historico fim_semana,4.0
C23FC001331N,5,,fim_semana,0.0,0.0056,0.01,-0.56,-0.56,normal,normal,alta,7,historico fim_semana,4.0
C23FC001331N,6,,fim_semana,0.021,0.0156,0.0202,0.27,0.27,normal,normal,alta,7,historico fim_semana,4.0
C23FC001331N,7,,fim_semana,0.078,0.0287,0.0123,4.02,4.02,desvio,acima,alta,7,historico fim_semana,4.0
C23FC001331N,8,,fim_semana,0.043,0.124,0.0607,-1.34,-1.34,normal,normal,baixa,18,fallback (30d recentes),4.0
C23FC001331N,9,,fim_semana,0.071,0.0674,0.0373,0.1,0.1,normal,normal,baixa,18,fallback (30d recentes),4.0
C23FC001331N,10,,fim_semana,0.107,0.0773,0.0403,0.74,0.74,normal,normal,baixa,18,fallback (30d recentes),4.0
C23FC001331N,11,,fim_semana,0.156,0.1,0.054,1.04,1.04,normal,normal,baixa,18,fallback (30d recentes),4.0
C23FC001331N,12,,fim_semana,0.145,0.6583,0.1646,-3.12,-3.12,normal,normal,baixa,3,historico fim_semana (poucos dados),4.0
C23FC001331N,13,,fim_semana,0.054,0.1177,0.0294,-2.16,-2.16,normal,normal,baixa,3,historico fim_semana (poucos dados),4.0
C23FC001331N,14,,fim_semana,0.072,0.172,0.043,-2.33,-2.33,normal,normal,baixa,3,historico fim_semana (poucos dados),4.0
C23FC001331N,15,,fim_semana,0.063,0.097,0.0562,-0.6,-0.6,normal,normal,baixa,3,historico fim_semana (poucos dados),4.0
C23FC001331N,20,,fim_semana,0.534,0.1773,0.0892,4.0,4.0,normal,normal,baixa,3,historico fim_semana (poucos dados),4.0
C23FC001331N,21,,fim_semana,0.195,0.1143,0.0528,1.53,1.53,normal,normal,baixa,3,historico fim_semana (poucos dados),4.0
C23FC001331N,22,,fim_semana,0.071,0.0833,0.0378,-0.33,-0.33,normal,normal,baixa,3,historico fim_semana (poucos dados),4.0
C23FC001331N,23,,fim_semana,0.089,0.0383,0.01,5.06,5.06,desvio,acima,baixa,3,historico fim_semana (poucos dados),4.0
C23FC001333P,0,,fim_semana,0.018,0.0263,0.011,-0.75,-0.75,normal,normal,alta,7,historico fim_semana,4.0
C23FC001333P,1,,fim_semana,0.009,0.0071,0.01,0.19,0.19,normal,normal,alta,7,historico fim_semana,4.0
C23FC001333P,2,,fim_semana,0.01,0.0146,0.0277,-0.17,-0.17,normal,normal,alta,8,historico fim_semana,4.0
C23FC001333P,3,,fim_semana,0.001,0.0084,0.01,-0.74,-0.74,normal,normal,alta,8,historico fim_semana,4.0
C23FC001333P,4,,fim_semana,0.0,0.0084,0.0104,-0.8,-0.8,normal,normal,alta,8,historico fim_semana,4.0
C23FC001333P,5,,fim_semana,0.0,0.0071,0.0105,-0.68,-0.68,normal,normal,alta,8,historico fim_semana,4.0
C23FC001333P,6,,fim_semana,0.005,0.0124,0.01,-0.74,-0.74,normal,normal,alta,7,historico fim_semana,4.0
C23FC001333P,7,,fim_semana,0.054,0.0569,0.0175,-0.16,-0.16,normal,normal,alta,7,historico fim_semana,4.0
C23FC001333P,8,,fim_semana,0.074,0.0737,0.0205,0.01,0.01,normal,normal,alta,7,historico fim_semana,4.0
C23FC001333P,9,,fim_semana,0.042,0.0919,0.0433,-1.15,-1.15,normal,normal,alta,7,historico fim_semana,4.0
C23FC001333P,10,,fim_semana,0.09,0.1091,0.1299,-0.15,-0.15,normal,normal,alta,8,historico fim_semana,4.0
C23FC001333P,11,,fim_semana,0.069,0.1141,0.058,-0.78,-0.78,normal,normal,alta,8,historico fim_semana,4.0
C23FC001333P,12,,fim_semana,0.063,0.1116,0.0603,-0.81,-0.81,normal,normal,alta,8,historico fim_semana,4.0
C23FC001333P,13,,fim_semana,0.098,0.065,0.0163,2.03,2.03,normal,normal,alta,8,historico fim_semana,4.0
C23FC001333P,14,,fim_semana,0.079,0.0693,0.0183,0.53,0.53,normal,normal,alta,8,historico fim_semana,4.0
C23FC001333P,15,,fim_semana,0.012,0.0594,0.0289,-1.64,-1.64,normal,normal,alta,8,historico fim_semana,4.0
C23FC001333P,16,,fim_semana,0.02,0.0483,0.021,-1.35,-1.35,normal,normal,alta,8,historico fim_semana,4.0
C23FC001333P,17,,fim_semana,0.04,0.041,0.0243,-0.04,-0.04,normal,normal,alta,8,historico fim_semana,4.0
C23FC001333P,18,,fim_semana,0.062,0.0464,0.0237,0.66,0.66,normal,normal,alta,8,historico fim_semana,4.0
C23FC001333P,19,,fim_semana,0.065,0.0756,0.0415,-0.26,-0.26,normal,normal,alta,8,historico fim_semana,4.0
C23FC001333P,20,,fim_semana,0.069,0.0784,0.0257,-0.37,-0.37,normal,normal,alta,8,historico fim_semana,4.0
C23FC001333P,21,,fim_semana,0.131,0.1179,0.0497,0.26,0.26,normal,normal,alta,8,historico fim_semana,4.0
C23FC001333P,22,,fim_semana,0.11,0.0739,0.0464,0.78,0.78,normal,normal,alta,7,historico fim_semana,4.0
C23FC001333P,23,,fim_semana,0.037,0.0389,0.0316,-0.06,-0.06,normal,normal,alta,7,historico fim_semana,4.0
C23FE003151H,0,,fim_semana,0.0,2.4383,4.5148,-0.54,-0.54,normal,normal,alta,8,historico fim_semana,4.0
C23FE003151H,1,,fim_semana,0.0,2.476,4.5848,-0.54,-0.54,normal,normal,alta,8,historico fim_semana,4.0
C23FE003151H,2,,fim_semana,0.0,2.4996,4.6287,-0.54,-0.54,normal,normal,alta,8,historico fim_semana,4.0
C23FE003151H,7,,fim_semana,0.0,2.4777,4.5879,-0.54,-0.54,normal,normal,alta,8,historico fim_semana,4.0
C23FE003151H,8,,fim_semana,0.0,2.3653,4.3796,-0.54,-0.54,normal,normal,alta,8,historico fim_semana,4.0
C23FE003151H,9,,fim_semana,0.0,1.1178,3.1611,-0.35,-0.35,normal,normal,alta,8,historico fim_semana,4.0
C23FE003151H,10,,fim_semana,0.0,1.0709,3.0289,-0.35,-0.35,normal,normal,alta,8,historico fim_semana,4.0
C23FE003151H,11,,fim_semana,0.0,1.0386,2.9377,-0.35,-0.35,normal,normal,alta,8,historico fim_semana,4.0
C23FE003151H,12,,fim_semana,0.0,1.0497,2.9691,-0.35,-0.35,normal,normal,alta,8,historico fim_semana,4.0
C23FE003151H,13,,fim_semana,0.0,1.0546,2.9829,-0.35,-0.35,normal,normal,alta,8,historico fim_semana,4.0
C23FE003151H,14,,fim_semana,0.0,1.0593,2.996,-0.35,-0.35,normal,normal,alta,8,historico fim_semana,4.0
C23FE003151H,15,,fim_semana,0.0,1.0941,3.0947,-0.35,-0.35,normal,normal,alta,8,historico fim_semana,4.0
C23FE003151H,16,,fim_semana,0.0,1.1384,3.2198,-0.35,-0.35,normal,normal,alta,8,historico fim_semana,4.0
C23FE003151H,17,,fim_semana,0.0,1.1464,3.2424,-0.35,-0.35,normal,normal,alta,8,historico fim_semana,4.0
C23FE003151H,18,,fim_semana,0.0,1.1418,3.2294,-0.35,-0.35,normal,normal,alta,8,historico fim_semana,4.0
C23FE003151H,19,,fim_semana,0.0,1.1279,3.1901,-0.35,-0.35,normal,normal,alta,8,historico fim_semana,4.0
C23FE003151H,20,,fim_semana,0.0,1.8803,3.5697,-0.53,-0.53,normal,normal,alta,8,historico fim_semana,4.0
C23FE003151H,21,,fim_semana,0.0,2.2585,4.1821,-0.54,-0.54,normal,normal,alta,8,historico fim_semana,4.0
C23FE003151H,22,,fim_semana,0.0,2.3251,4.3054,-0.54,-0.54,normal,normal,alta,8,historico fim_semana,4.0
C23FE003151H,23,,fim_semana,0.0,2.3805,4.4078,-0.54,-0.54,normal,normal,alta,8,historico fim_semana,4.0
C23FE003152I,0,,fim_semana,0.0,0.0,0.01,0.0,0.0,normal,normal,alta,8,historico fim_semana,4.0
C23FE003152I,1,,fim_semana,0.0,0.0,0.01,0.0,0.0,normal,normal,alta,7,historico fim_semana,4.0
C23FE003152I,2,,fim_semana,0.0,0.0,0.01,0.0,0.0,normal,normal,alta,7,historico fim_semana,4.0
C23FE003152I,3,,fim_semana,0.0,0.0,0.01,0.0,0.0,normal,normal,alta,7,historico fim_semana,4.0
C23FE003152I,4,,fim_semana,0.0,0.0,0.01,0.0,0.0,normal,normal,alta,7,historico fim_semana,4.0
C23FE003152I,5,,fim_semana,0.0,0.0001,0.01,-0.01,-0.01,normal,normal,alta,8,historico fim_semana,4.0
C23FE003152I,6,,fim_semana,0.0,0.0,0.01,0.0,0.0,normal,normal,alta,8,historico fim_semana,4.0
C23FE003152I,7,,fim_semana,0.0,-0.0001,0.01,0.01,0.01,normal,normal,alta,8,historico fim_semana,4.0
C23FE003152I,8,,fim_semana,0.0,0.0,0.01,0.0,0.0,normal,normal,alta,8,historico fim_semana,4.0
C23FE003152I,9,,fim_semana,0.0,-0.0001,0.01,0.01,0.01,normal,normal,alta,8,historico fim_semana,4.0
C23FE003152I,10,,fim_semana,0.0,-0.0006,0.01,0.06,0.06,normal,normal,alta,8,historico fim_semana,4.0
C23FE003152I,11,,fim_semana,0.0,0.0109,0.0308,-0.35,-0.35,normal,normal,alta,8,historico fim_semana,4.0
C23FE003152I,12,,fim_semana,0.0,0.0346,0.0979,-0.35,-0.35,normal,normal,alta,8,historico fim_semana,4.0
C23FE003152I,13,,fim_semana,0.0,0.0106,0.0305,-0.35,-0.35,normal,normal,alta,8,historico fim_semana,4.0
C23FE003152I,14,,fim_semana,0.0,0.0,0.01,0.0,0.0,normal,normal,alta,8,historico fim_semana,4.0
C23FE003152I,15,,fim_semana,0.0,-0.0001,0.01,0.01,0.01,normal,normal,alta,8,historico fim_semana,4.0
C23FE003152I,16,,fim_semana,0.0,0.0068,0.0175,-0.39,-0.39,normal,normal,alta,8,historico fim_semana,4.0
C23FE003152I,17,,fim_semana,-0.001,0.0044,0.0109,-0.49,-0.49,normal,normal,alta,8,historico fim_semana,4.0
C23FE003152I,18,,fim_semana,0.008,0.0006,0.01,0.74,0.74,normal,normal,alta,8,historico fim_semana,4.0
C23FE003152I,19,,fim_semana,0.025,0.0,0.01,2.5,2.5,normal,normal,alta,8,historico fim_semana,4.0
C23FE003152I,20,,fim_semana,0.001,-0.0004,0.01,0.14,0.14,normal,normal,alta,8,historico fim_semana,4.0
C23FE003152I,21,,fim_semana,-0.001,-0.0001,0.01,-0.09,-0.09,normal,normal,alta,8,historico fim_semana,4.0
C23FE003152I,22,,fim_semana,0.0,0.0,0.01,0.0,0.0,normal,normal,alta,8,historico fim_semana,4.0
C23FE003152I,23,,fim_semana,0.0,0.0,0.01,0.0,0.0,normal,normal,alta,8,historico fim_semana,4.0
C23FE003153J,0,,fim_semana,0.002,0.0013,0.01,0.07,0.07,normal,normal,alta,8,historico fim_semana,4.0
C23FE003153J,1,,fim_semana,0.0,0.0004,0.01,-0.04,-0.04,normal,normal,alta,8,historico fim_semana,4.0
C23FE003153J,2,,fim_semana,0.001,0.001,0.01,0.0,0.0,normal,normal,alta,7,historico fim_semana,4.0
C23FE003153J,3,,fim_semana,0.0,0.0004,0.01,-0.04,-0.04,normal,normal,alta,7,historico fim_semana,4.0
C23FE003153J,4,,fim_semana,0.0,0.0001,0.01,-0.01,-0.01,normal,normal,alta,7,historico fim_semana,4.0
C23FE003153J,5,,fim_semana,0.0,0.0,0.01,0.0,0.0,normal,normal,alta,7,historico fim_semana,4.0
C23FE003153J,10,,fim_semana,-0.006,0.0281,0.0357,-0.96,-0.96,normal,normal,alta,8,historico fim_semana,4.0
C23FE003153J,11,,fim_semana,-0.002,0.0249,0.0307,-0.88,-0.88,normal,normal,alta,8,historico fim_semana,4.0
C23FE003153J,12,,fim_semana,-0.003,0.0394,0.045,-0.94,-0.94,normal,normal,alta,8,historico fim_semana,4.0
C23FE003153J,13,,fim_semana,0.001,0.0015,0.01,-0.05,-0.05,normal,normal,alta,8,historico fim_semana,4.0
C23FE003153J,14,,fim_semana,0.002,0.0012,0.01,0.08,0.08,normal,normal,alta,5,historico fim_semana,4.0
C23FE003153J,15,,fim_semana,0.001,0.0004,0.01,0.06,0.06,normal,normal,alta,5,historico fim_semana,4.0
C23FE003153J,16,,fim_semana,0.001,0.0016,0.01,-0.06,-0.06,normal,normal,alta,5,historico fim_semana,4.0
C23FE003153J,17,,fim_semana,0.0,0.0006,0.01,-0.06,-0.06,normal,normal,alta,5,historico fim_semana,4.0
C23FE003153J,18,,fim_semana,0.0,0.0018,0.01,-0.17,-0.17,normal,normal,baixa,4,historico fim_semana (poucos dados),4.0
C23FE003153J,19,,fim_semana,-0.001,-0.001,0.01,0.0,0.0,normal,normal,baixa,4,historico fim_semana (poucos dados),4.0
C23FE003153J,20,,fim_semana,-0.002,-0.0008,0.01,-0.12,-0.12,normal,normal,baixa,4,historico fim_semana (poucos dados),4.0
C23FE003153J,21,,fim_semana,0.0,-0.0005,0.01,0.05,0.05,normal,normal,baixa,4,historico fim_semana (poucos dados),4.0
C23FE003153J,22,,fim_semana,0.002,0.0004,0.01,0.16,0.16,normal,normal,alta,8,historico fim_semana,4.0
C23FE003153J,23,,fim_semana,0.0,0.001,0.01,-0.1,-0.1,normal,normal,alta,8,historico fim_semana,4.0
C23FE003163L,0,,fim_semana,0.0,0.0,0.01,0.0,0.0,normal,normal,baixa,4,historico fim_semana (poucos dados),4.0
C23FE003163L,1,,fim_semana,0.0,0.0,0.01,0.0,0.0,normal,normal,alta,6,historico fim_semana,4.0
C23FE003163L,2,,fim_semana,0.0,0.0,0.01,0.0,0.0,normal,normal,alta,6,historico fim_semana,4.0
C23FE003163L,3,,fim_semana,0.0,0.0,0.01,0.0,0.0,normal,normal,alta,6,historico fim_semana,4.0
C23FE003163L,4,,fim_semana,0.0,0.0,0.01,0.0,0.0,normal,normal,baixa,3,historico fim_semana (poucos dados),4.0
C23FE003163L,5,,fim_semana,0.0,0.0,0.01,0.0,0.0,normal,normal,alta,6,historico fim_semana,4.0
C23FE003163L,6,,fim_semana,0.0,0.0,0.01,0.0,0.0,normal,normal,alta,6,historico fim_semana,4.0
C23FE003163L,7,,fim_semana,0.0,0.0,0.01,0.0,0.0,normal,normal,alta,6,historico fim_semana,4.0
C23FE003163L,9,,fim_semana,0.0,0.0,0.01,0.0,0.0,normal,normal,alta,6,historico fim_semana,4.0
C23FE003163L,10,,fim_semana,0.0,0.0,0.01,0.0,0.0,normal,normal,alta,6,historico fim_semana,4.0
C23FE003163L,11,,fim_semana,0.0,0.0,0.01,0.0,0.0,normal,normal,alta,6,historico fim_semana,4.0
C23FE003163L,12,,fim_semana,0.0,0.0,0.01,0.0,0.0,normal,normal,alta,5,historico fim_semana,4.0
C23FE003163L,13,,fim_semana,0.0,0.0,0.01,0.0,0.0,normal,normal,alta,6,historico fim_semana,4.0
C23FE003163L,14,,fim_semana,0.0,0.0,0.01,0.0,0.0,normal,normal,alta,6,historico fim_semana,4.0
C23FE003163L,15,,fim_semana,0.0,0.0,0.01,0.0,0.0,normal,normal,alta,6,historico fim_semana,4.0
C23FE003163L,16,,fim_semana,0.0,0.0,0.01,0.0,0.0,normal,normal,baixa,3,historico fim_semana (poucos dados),4.0
C23FE003163L,17,,fim_semana,0.0,0.0,0.01,0.0,0.0,normal,normal,alta,6,historico fim_semana,4.0
C23FE003163L,18,,fim_semana,0.0,0.0,0.01,0.0,0.0,normal,normal,alta,6,historico fim_semana,4.0
C23FE003163L,19,,fim_semana,0.0,0.0,0.01,0.0,0.0,normal,normal,alta,6,historico fim_semana,4.0
C23FE003163L,20,,fim_semana,0.0,0.0,0.01,0.0,0.0,normal,normal,alta,6,historico fim_semana,4.0
C23FE003163L,21,,fim_semana,0.0,0.0,0.01,0.0,0.0,normal,normal,alta,6,historico fim_semana,4.0
C23FE003163L,22,,fim_semana,0.0,0.0,0.01,0.0,0.0,normal,normal,alta,6,historico fim_semana,4.0
C23FE003163L,23,,fim_semana,0.0,0.0,0.01,0.0,0.0,normal,normal,alta,6,historico fim_semana,4.0
C23FE003164M,0,,fim_semana,0.0,0.0,0.01,0.0,0.0,normal,normal,alta,7,historico fim_semana,4.0
C23FE003164M,1,,fim_semana,0.0,0.0,0.01,0.0,0.0,normal,normal,alta,8,historico fim_semana,4.0
C23FE003164M,2,,fim_semana,0.0,0.0,0.01,0.0,0.0,normal,normal,alta,8,historico fim_semana,4.0
C23FE003164M,3,,fim_semana,0.0,0.0,0.01,0.0,0.0,normal,normal,alta,8,historico fim_semana,4.0
C23FE003164M,4,,fim_semana,0.0,0.0,0.01,0.0,0.0,normal,normal,alta,8,historico fim_semana,4.0
C23FE003164M,5,,fim_semana,0.0,0.0,0.01,0.0,0.0,normal,normal,alta,8,historico fim_semana,4.0
C23FE003164M,6,,fim_semana,0.0,0.0,0.01,0.0,0.0,normal,normal,alta,8,historico fim_semana,4.0
C23FE003164M,7,,fim_semana,0.0,0.0,0.01,0.0,0.0,normal,normal,alta,8,historico fim_semana,4.0
C23FE003164M,8,,fim_semana,0.0,0.0,0.01,0.0,0.0,normal,normal,alta,8,historico fim_semana,4.0
C23FE003164M,9,,fim_semana,0.0,0.0,0.01,0.0,0.0,normal,normal,alta,7,historico fim_semana,4.0
C23FE003164M,10,,fim_semana,0.0,0.0,0.01,0.0,0.0,normal,normal,alta,7,historico fim_semana,4.0
C23FE003164M,11,,fim_semana,0.0,0.0,0.01,0.0,0.0,normal,normal,alta,7,historico fim_semana,4.0
C23FE003164M,12,,fim_semana,0.0,0.0,0.01,0.0,0.0,normal,normal,alta,7,historico fim_semana,4.0
C23FE003164M,13,,fim_semana,0.0,0.0,0.01,0.0,0.0,normal,normal,alta,8,historico fim_semana,4.0
C23FE003164M,14,,fim_semana,0.0,0.0,0.01,0.0,0.0,normal,normal,alta,8,historico fim_semana,4.0
C23FE003164M,15,,fim_semana,0.0,0.0,0.01,0.0,0.0,normal,normal,alta,8,historico fim_semana,4.0
C23FE003164M,16,,fim_semana,0.0,0.0,0.01,0.0,0.0,normal,normal,alta,8,historico fim_semana,4.0
C23FE003164M,17,,fim_semana,0.0,0.0,0.01,0.0,0.0,normal,normal,alta,7,historico fim_semana,4.0
C23FE003164M,18,,fim_semana,0.0,0.0,0.01,0.0,0.0,normal,normal,alta,7,historico fim_semana,4.0
C23FE003164M,19,,fim_semana,0.0,0.0,0.01,0.0,0.0,normal,normal,alta,7,historico fim_semana,4.0
C23FE003164M,20,,fim_semana,0.0,0.0,0.01,0.0,0.0,normal,normal,alta,7,historico fim_semana,4.0
C23FE003164M,21,,fim_semana,0.0,0.0,0.01,0.0,0.0,normal,normal,alta,8,historico fim_semana,4.0
C23FE003164M,22,,fim_semana,0.0,0.0,0.01,0.0,0.0,normal,normal,alta,8,historico fim_semana,4.0
C23FE003164M,23,,fim_semana,0.0,0.0,0.01,0.0,0.0,normal,normal,alta,8,historico fim_semana,4.0
D01TE042969,0,,fim_semana,0.0,0.0,0.01,0.0,0.0,normal,normal,alta,7,historico fim_semana,4.0
D01TE042969,1,,fim_semana,0.0,0.0,0.01,0.0,0.0,normal,normal,alta,7,historico fim_semana,4.0
D01TE042969,2,,fim_semana,0.0,0.0,0.01,0.0,0.0,normal,normal,alta,8,historico fim_semana,4.0
D01TE042969,3,,fim_semana,0.0,0.0,0.01,0.0,0.0,normal,normal,alta,8,historico fim_semana,4.0
D01TE042969,4,,fim_semana,0.0,0.0,0.01,0.0,0.0,normal,normal,alta,8,historico fim_semana,4.0
D01TE042969,5,,fim_semana,0.0,0.0,0.01,0.0,0.0,normal,normal,alta,8,historico fim_semana,4.0
D01TE042969,10,,fim_semana,0.0,0.0,0.01,0.0,0.0,normal,normal,alta,7,historico fim_semana,4.0
D01TE042969,11,,fim_semana,0.0,0.0,0.01,0.0,0.0,normal,normal,alta,7,historico fim_semana,4.0
D01TE042969,12,,fim_semana,0.0,0.0,0.01,0.0,0.0,normal,normal,alta,7,historico fim_semana,4.0
D01TE042969,13,,fim_semana,0.0,0.0,0.01,0.0,0.0,normal,normal,alta,7,historico fim_semana,4.0
D01TE042969,14,,fim_semana,0.0,0.0,0.01,0.0,0.0,normal,normal,alta,8,historico fim_semana,4.0
D01TE042969,15,,fim_semana,0.0,0.0,0.01,0.0,0.0,normal,normal,alta,8,historico fim_semana,4.0
D01TE042969,16,,fim_semana,0.0,0.0,0.01,0.0,0.0,normal,normal,alta,8,historico fim_semana,4.0
D01TE042969,17,,fim_semana,0.0,0.0,0.01,0.0,0.0,normal,normal,alta,8,historico fim_semana,4.0
D01TE042969,18,,fim_semana,0.0,0.0,0.01,0.0,0.0,normal,normal,alta,8,historico fim_semana,4.0
D01TE042969,19,,fim_semana,0.0,0.0,0.01,0.0,0.0,normal,normal,alta,8,historico fim_semana,4.0
D01TE042969,20,,fim_semana,0.0,0.0,0.01,0.0,0.0,normal,normal,alta,8,historico fim_semana,4.0
D01TE042969,21,,fim_semana,0.0,0.0,0.01,0.0,0.0,normal,normal,alta,8,historico fim_semana,4.0
D01TE042969,22,,fim_semana,0.0,0.0,0.01,0.0,0.0,normal,normal,alta,8,historico fim_semana,4.0
D01TE042969,23,,fim_semana,0.0,0.0,0.01,0.0,0.0,normal,normal,alta,8,historico fim_semana,4.0
D01TE050163,0,,fim_semana,0.0,0.1217,0.1885,-0.65,-0.65,normal,normal,alta,6,historico fim_semana,4.0
D01TE050163,1,,fim_semana,0.0,0.0683,0.1059,-0.65,-0.65,normal,normal,alta,6,historico fim_semana,4.0
D01TE050163,2,,fim_semana,0.01,0.3271,0.377,-0.84,-0.84,normal,normal,alta,7,historico fim_semana,4.0
D01TE050163,3,,fim_semana,0.2,0.3057,0.0959,-1.1,-1.1,normal,normal,alta,7,historico fim_semana,4.0
D01TE050163,4,,fim_semana,0.0,0.0343,0.0321,-1.07,-1.07,normal,normal,alta,7,historico fim_semana,4.0
D01TE050163,5,,fim_semana,0.0,0.0,0.01,0.0,0.0,normal,normal,alta,7,historico fim_semana,4.0
D01TE050163,6,,fim_semana,0.0,0.0,0.01,0.0,0.0,normal,normal,alta,7,historico fim_semana,4.0
D01TE050163,7,,fim_semana,0.0,0.0,0.01,0.0,0.0,normal,normal,alta,7,historico fim_semana,4.0
D01TE050163,8,,fim_semana,0.0,0.0,0.01,0.0,0.0,normal,normal,alta,7,historico fim_semana,4.0
D01TE050163,9,,fim_semana,0.0,0.0,0.01,0.0,0.0,normal,normal,alta,7,historico fim_semana,4.0
D01TE050163,10,,fim_semana,0.0,0.0,0.01,0.0,0.0,normal,normal,baixa,3,historico fim_semana (poucos dados),4.0
D01TE050163,11,,fim_semana,0.0,0.055,0.11,-0.5,-0.5,normal,normal,baixa,4,historico fim_semana (poucos dados),4.0
D01TE050163,12,,fim_semana,0.0,0.0,0.01,0.0,0.0,normal,normal,baixa,4,historico fim_semana (poucos dados),4.0
D01TE050163,13,,fim_semana,0.0,-0.0025,0.01,0.25,0.25,normal,normal,baixa,4,historico fim_semana (poucos dados),4.0
D01TE050163,14,,fim_semana,0.0,-0.0013,0.01,0.12,0.12,normal,normal,alta,8,historico fim_semana,4.0
D01TE050163,15,,fim_semana,0.0,-0.0025,0.01,0.25,0.25,normal,normal,alta,8,historico fim_semana,4.0
D01TE050163,16,,fim_semana,0.0,0.0,0.01,0.0,0.0,normal,normal,alta,8,historico fim_semana,4.0
D01TE050163,17,,fim_semana,0.0,-0.0013,0.01,0.12,0.12,normal,normal,alta,8,historico fim_semana,4.0
D01TE050163,18,,fim_semana,0.0,0.0,0.01,0.0,0.0,normal,normal,alta,6,historico fim_semana,4.0
D01TE050163,19,,fim_semana,0.0,0.0,0.01,0.0,0.0,normal,normal,alta,7,historico fim_semana,4.0
D01TE050163,20,,fim_semana,0.0,0.0,0.01,0.0,0.0,normal,normal,alta,7,historico fim_semana,4.0
D01TE050163,21,,fim_semana,0.0,0.0,0.01,0.0,0.0,normal,normal,alta,7,historico fim_semana,4.0
D01TE050163,23,,fim_semana,0.0,0.025,0.0267,-0.94,-0.94,normal,normal,alta,8,historico fim_semana,4.0
D01WF051014,0,,fim_semana,0.05,0.3229,0.5536,-0.49,-0.49,normal,normal,alta,7,historico fim_semana,4.0
D01WF051014,1,,fim_semana,0.04,0.1671,0.2194,-0.58,-0.58,normal,normal,alta,7,historico fim_semana,4.0
D01WF051014,2,,fim_semana,0.03,0.11,0.1563,-0.51,-0.51,normal,normal,alta,6,historico fim_semana,4.0
D01WF051014,3,,fim_semana,0.02,0.198,0.2994,-0.59,-0.59,normal,normal,alta,5,historico fim_semana,4.0
D01WF051014,4,,fim_semana,0.02,0.134,0.1679,-0.68,-0.68,normal,normal,alta,5,historico fim_semana,4.0
D01WF051014,5,,fim_semana,0.03,0.13,0.1748,-0.57,-0.57,normal,normal,alta,5,historico fim_semana,4.0
D01WF051014,6,,fim_semana,0.04,0.1229,0.1444,-0.57,-0.57,normal,normal,alta,7,historico fim_semana,4.0
D01WF051014,7,,fim_semana,0.08,0.0643,0.1225,0.13,0.13,normal,normal,alta,7,historico fim_semana,4.0
D01WF051014,8,,fim_semana,0.21,0.1171,0.1359,0.68,0.68,normal,normal,alta,7,historico fim_semana,4.0
D01WF051014,9,,fim_semana,0.13,0.14,0.108,-0.09,-0.09,normal,normal,alta,7,historico fim_semana,4.0
D01WF051014,10,,fim_semana,0.17,0.5717,0.3646,-1.1,-1.1,normal,normal,alta,6,historico fim_semana,4.0
D01WF051014,11,,fim_semana,1.31,0.845,0.8084,0.58,0.58,normal,normal,alta,6,historico fim_semana,4.0
D01WF051014,12,,fim_semana,0.59,0.2733,0.3016,1.05,1.05,normal,normal,alta,6,historico fim_semana,4.0
D01WF051014,13,,fim_semana,0.05,0.5783,0.4083,-1.29,-1.29,normal,normal,alta,6,historico fim_semana,4.0
D01WF051014,14,,fim_semana,0.06,0.9217,0.7511,-1.15,-1.15,normal,normal,alta,6,historico fim_semana,4.0
D01WF051014,15,,fim_semana,0.07,1.15,1.3373,-0.81,-0.81,normal,normal,alta,8,historico fim_semana,4.0
D01WF051014,16,,fim_semana,0.06,0.69,0.5074,-1.24,-1.24,normal,normal,alta,8,historico fim_semana,4.0
D01WF051014,17,,fim_semana,0.06,0.6788,0.5382,-1.15,-1.15,normal,normal,alta,8,historico fim_semana,4.0
D01WF051014,18,,fim_semana,0.08,0.37,0.5583,-0.52,-0.52,normal,normal,alta,8,historico fim_semana,4.0
D01WF051014,19,,fim_semana,0.06,0.3214,0.2806,-0.93,-0.93,normal,normal,alta,7,historico fim_semana,4.0
D01WF051014,20,,fim_semana,0.05,0.29,0.5261,-0.46,-0.46,normal,normal,alta,7,historico fim_semana,4.0
D01WF051014,21,,fim_semana,0.05,0.2429,0.3821,-0.5,-0.5,normal,normal,alta,7,historico fim_semana,4.0
D01WF051014,22,,fim_semana,0.06,0.4525,0.375,-1.05,-1.05,normal,normal,baixa,4,historico fim_semana (poucos dados),4.0
D01WF051014,23,,fim_semana,0.04,0.8833,1.5812,-0.53,-0.53,normal,normal,alta,6,historico fim_semana,4.0
D01WF056237,0,,fim_semana,0.0,0.0,0.01,0.0,0.0,normal,normal,alta,5,historico fim_semana,4.0
D01WF056237,1,,fim_semana,0.0,0.0,0.01,0.0,0.0,normal,normal,alta,5,historico fim_semana,4.0
D01WF056237,2,,fim_semana,0.0,0.0,0.01,0.0,0.0,normal,normal,alta,6,historico fim_semana,4.0
D01WF056237,3,,fim_semana,0.0,0.0,0.01,0.0,0.0,normal,normal,alta,6,historico fim_semana,4.0
D01WF056237,4,,fim_semana,0.0,0.0,0.01,0.0,0.0,normal,normal,alta,6,historico fim_semana,4.0
D01WF056237,5,,fim_semana,0.0,0.0,0.01,0.0,0.0,normal,normal,alta,6,historico fim_semana,4.0
D01WF056237,6,,fim_semana,0.0,0.0,0.01,0.0,0.0,normal,normal,alta,5,historico fim_semana,4.0
D01WF056237,7,,fim_semana,0.0,0.0,0.01,0.0,0.0,normal,normal,alta,5,historico fim_semana,4.0
D01WF056237,8,,fim_semana,0.0,0.0,0.01,0.0,0.0,normal,normal,alta,5,historico fim_semana,4.0
D01WF056237,9,,fim_semana,0.0,0.0,0.01,0.0,0.0,normal,normal,alta,5,historico fim_semana,4.0
D01WF056237,10,,fim_semana,0.0,0.0,0.01,0.0,0.0,normal,normal,alta,6,historico fim_semana,4.0
D01WF056237,11,,fim_semana,0.0,0.0,0.01,0.0,0.0,normal,normal,alta,6,historico fim_semana,4.0
D01WF056237,12,,fim_semana,0.0,0.0,0.01,0.0,0.0,normal,normal,alta,6,historico fim_semana,4.0
D01WF056237,13,,fim_semana,0.0,0.0,0.01,0.0,0.0,normal,normal,alta,6,historico fim_semana,4.0
D01WF056237,14,,fim_semana,0.0,0.0,0.01,0.0,0.0,normal,normal,alta,5,historico fim_semana,4.0
D01WF056237,15,,fim_semana,0.0,0.0,0.01,0.0,0.0,normal,normal,alta,5,historico fim_semana,4.0
D01WF056237,16,,fim_semana,0.0,0.0,0.01,0.0,0.0,normal,normal,alta,5,historico fim_semana,4.0
D01WF056237,17,,fim_semana,0.0,0.0,0.01,0.0,0.0,normal,normal,alta,5,historico fim_semana,4.0
D01WF056237,18,,fim_semana,0.0,0.0,0.01,0.0,0.0,normal,normal,alta,6,historico fim_semana,4.0
D01WF056237,19,,fim_semana,0.0,0.0,0.01,0.0,0.0,normal,normal,alta,6,historico fim_semana,4.0
D01WF056237,20,,fim_semana,0.0,0.0,0.01,0.0,0.0,normal,normal,alta,6,historico fim_semana,4.0
D01WF056237,21,,fim_semana,0.0,0.0,0.01,0.0,0.0,normal,normal,alta,6,historico fim_semana,4.0
D01WF056237,22,,fim_semana,0.0,0.0,0.01,0.0,0.0,normal,normal,alta,6,historico fim_semana,4.0
D01WF056237,23,,fim_semana,0.0,0.0,0.01,0.0,0.0,normal,normal,alta,6,historico fim_semana,4.0
D03TD027211,0,,fim_semana,0.0,0.0,0.01,0.0,0.0,normal,normal,alta,7,historico fim_semana,4.0
D03TD027211,1,,fim_semana,0.0,0.0,0.01,0.0,0.0,normal,normal,alta,7,historico fim_semana,4.0
D03TD027211,2,,fim_semana,0.0,0.0,0.01,0.0,0.0,normal,normal,alta,7,historico fim_semana,4.0
D03TD027211,3,,fim_semana,0.0,0.0,0.01,0.0,0.0,normal,normal,alta,7,historico fim_semana,4.0
D03TD027211,4,,fim_semana,0.0,0.0001,0.01,-0.01,-0.01,normal,normal,alta,8,historico fim_semana,4.0
D03TD027211,5,,fim_semana,0.0,0.0,0.01,0.0,0.0,normal,normal,alta,8,historico fim_semana,4.0
D03TD027211,6,,fim_semana,0.0,0.0,0.01,0.0,0.0,normal,normal,alta,8,historico fim_semana,4.0
D03TD027211,7,,fim_semana,0.0,0.0001,0.01,-0.01,-0.01,normal,normal,alta,8,historico fim_semana,4.0
D03TD027211,8,,fim_semana,0.0,0.0,0.01,0.0,0.0,normal,normal,alta,8,historico fim_semana,4.0
D03TD027211,9,,fim_semana,0.0,0.0,0.01,0.0,0.0,normal,normal,alta,8,historico fim_semana,4.0
D03TD027211,10,,fim_semana,0.0,0.0,0.01,0.0,0.0,normal,normal,alta,8,historico fim_semana,4.0
D03TD027211,11,,fim_semana,0.001,0.0003,0.01,0.07,0.07,normal,normal,alta,8,historico fim_semana,4.0
D03TD027211,12,,fim_semana,0.0,0.0,0.01,0.0,0.0,normal,normal,alta,8,historico fim_semana,4.0
D03TD027211,13,,fim_semana,0.0,0.0003,0.01,-0.03,-0.03,normal,normal,alta,8,historico fim_semana,4.0
D03TD027211,14,,fim_semana,0.0,0.0004,0.01,-0.04,-0.04,normal,normal,alta,8,historico fim_semana,4.0
D03TD027211,15,,fim_semana,0.001,0.0003,0.01,0.07,0.07,normal,normal,alta,8,historico fim_semana,4.0
D03TD027211,16,,fim_semana,0.0,0.0004,0.01,-0.04,-0.04,normal,normal,alta,8,historico fim_semana,4.0
D03TD027211,17,,fim_semana,0.0,0.0005,0.01,-0.05,-0.05,normal,normal,alta,8,historico fim_semana,4.0
D03TD027211,18,,fim_semana,0.0,0.0001,0.01,-0.01,-0.01,normal,normal,alta,8,historico fim_semana,4.0
D03TD027211,19,,fim_semana,0.0,0.0003,0.01,-0.03,-0.03,normal,normal,alta,8,historico fim_semana,4.0
D03TD027211,20,,fim_semana,0.0,0.0001,0.01,-0.01,-0.01,normal,normal,alta,8,historico fim_semana,4.0
D03TD027211,21,,fim_semana,0.0,0.0001,0.01,-0.01,-0.01,normal,normal,alta,8,historico fim_semana,4.0
D03TD027211,22,,fim_semana,0.0,0.0001,0.01,-0.01,-0.01,normal,normal,alta,8,historico fim_semana,4.0
D03TD027211,23,,fim_semana,0.0,0.0001,0.01,-0.01,-0.01,normal,normal,alta,8,historico fim_semana,4.0
D03TD038363,0,,fim_semana,0.0,0.0,0.01,0.0,0.0,normal,normal,alta,8,historico fim_semana,4.0
D03TD038363,1,,fim_semana,0.0,0.0,0.01,0.0,0.0,normal,normal,alta,8,historico fim_semana,4.0
D03TD038363,2,,fim_semana,0.0,0.0,0.01,0.0,0.0,normal,normal,alta,8,historico fim_semana,4.0
D03TD038363,3,,fim_semana,0.0,0.0,0.01,0.0,0.0,normal,normal,alta,8,historico fim_semana,4.0
D03TD038363,4,,fim_semana,0.0,0.0,0.01,0.0,0.0,normal,normal,alta,8,historico fim_semana,4.0
D03TD038363,5,,fim_semana,0.0,0.0,0.01,0.0,0.0,normal,normal,alta,8,historico fim_semana,4.0
D03TD038363,6,,fim_semana,0.0,0.0,0.01,0.0,0.0,normal,normal,alta,8,historico fim_semana,4.0
D03TD038363,7,,fim_semana,0.0,0.0,0.01,0.0,0.0,normal,normal,alta,8,historico fim_semana,4.0
D03TD038363,8,,fim_semana,0.0,0.0,0.01,0.0,0.0,normal,normal,alta,8,historico fim_semana,4.0
D03TD038363,9,,fim_semana,0.0,0.0,0.01,0.0,0.0,normal,normal,alta,8,historico fim_semana,4.0
D03TD038363,10,,fim_semana,0.0,0.0,0.01,0.0,0.0,normal,normal,alta,8,historico fim_semana,4.0
D03TD038363,11,,fim_semana,0.0,0.0,0.01,0.0,0.0,normal,normal,alta,8,historico fim_semana,4.0
D03TD038363,12,,fim_semana,0.0,0.0,0.01,0.0,0.0,normal,normal,alta,8,historico fim_semana,4.0
D03TD038363,13,,fim_semana,0.0,0.0,0.01,0.0,0.0,normal,normal,alta,8,historico fim_semana,4.0
D03TD038363,14,,fim_semana,0.0,0.0,0.01,0.0,0.0,normal,normal,alta,8,historico fim_semana,4.0
D03TD038363,15,,fim_semana,0.0,0.0,0.01,0.0,0.0,normal,normal,alta,8,historico fim_semana,4.0
D03TD038363,16,,fim_semana,0.0,0.0,0.01,0.0,0.0,normal,normal,alta,8,historico fim_semana,4.0
D03TD038363,17,,fim_semana,0.0,0.0,0.01,0.0,0.0,normal,normal,alta,8,historico fim_semana,4.0
D03TD038363,18,,fim_semana,0.0,0.0,0.01,0.0,0.0,normal,normal,alta,8,historico fim_semana,4.0
D03TD038363,19,,fim_semana,0.0,0.0,0.01,0.0,0.0,normal,normal,alta,8,historico fim_semana,4.0
D03TD038363,20,,fim_semana,0.0,0.0,0.01,0.0,0.0,normal,normal,alta,8,historico fim_semana,4.0
D03TD038363,21,,fim_semana,0.0,0.0,0.01,0.0,0.0,normal,normal,alta,8,historico fim_semana,4.0
D03TD038363,22,,fim_semana,0.0,0.0,0.01,0.0,0.0,normal,normal,alta,8,historico fim_semana,4.0
D03TD038363,23,,fim_semana,0.0,0.0,0.01,0.0,0.0,normal,normal,alta,8,historico fim_semana,4.0
D05AE129685,0,,fim_semana,2.147,2.0478,0.512,0.19,0.19,normal,normal,baixa,6,fallback (30d recentes),4.0
D05AE129685,1,,fim_semana,1.146,2.5188,1.9918,-0.69,-0.69,normal,normal,alta,5,historico fim_semana,4.0
D05AE129685,2,,fim_semana,2.159,2.5732,1.5695,-0.26,-0.26,normal,normal,alta,5,historico fim_semana,4.0
D05AE129685,3,,fim_semana,1.142,0.8482,0.4765,0.62,0.62,normal,normal,alta,5,historico fim_semana,4.0
D05AE129685,4,,fim_semana,4.052,3.2976,1.8441,0.41,0.41,normal,normal,alta,5,historico fim_semana,4.0
D05AE129685,5,,fim_semana,2.916,6.0323,5.4418,-0.57,-0.57,normal,normal,baixa,3,historico fim_semana (poucos dados),4.0
D05AE129685,6,,fim_semana,0.005,0.0053,0.01,-0.03,-0.03,normal,normal,baixa,3,historico fim_semana (poucos dados),4.0
D05AE129685,7,,fim_semana,0.008,0.0073,0.01,0.07,0.07,normal,normal,baixa,3,historico fim_semana (poucos dados),4.0
D05AE129685,8,,fim_semana,0.009,0.0087,0.01,0.03,0.03,normal,normal,baixa,3,historico fim_semana (poucos dados),4.0
D05AE129685,13,,fim_semana,0.052,0.736,1.4222,-0.48,-0.48,normal,normal,baixa,4,historico fim_semana (poucos dados),4.0
D05AE129685,14,,fim_semana,0.01,0.0103,0.01,-0.03,-0.03,normal,normal,baixa,4,historico fim_semana (poucos dados),4.0
D05AE129685,15,,fim_semana,0.009,0.0095,0.01,-0.05,-0.05,normal,normal,baixa,4,historico fim_semana (poucos dados),4.0
D05AE129685,16,,fim_semana,0.009,0.0097,0.01,-0.08,-0.08,normal,normal,baixa,4,historico fim_semana (poucos dados),4.0
D05AE129686,0,,fim_semana,0.0,0.0,0.01,0.0,0.0,normal,normal,alta,6,historico fim_semana,4.0
D05AE129686,1,,fim_semana,0.0,0.0,0.01,0.0,0.0,normal,normal,alta,6,historico fim_semana,4.0
D05AE129686,2,,fim_semana,0.0,0.4843,0.7503,-0.65,-0.65,normal,normal,alta,6,historico fim_semana,4.0
D05AE129686,3,,fim_semana,0.0,0.1875,0.4593,-0.41,-0.41,normal,normal,alta,6,historico fim_semana,4.0
D05AE129686,4,,fim_semana,0.0,0.7848,0.8962,-0.88,-0.88,normal,normal,alta,6,historico fim_semana,4.0
D05AE129686,5,,fim_semana,0.0,0.1387,0.1527,-0.91,-0.91,normal,normal,alta,6,historico fim_semana,4.0
D05AE129686,6,,fim_semana,0.0,0.0,0.01,0.0,0.0,normal,normal,alta,6,historico fim_semana,4.0
D05AE129686,7,,fim_semana,0.0,0.0,0.01,0.0,0.0,normal,normal,alta,6,historico fim_semana,4.0
D05AE129686,12,,fim_semana,0.0,0.0001,0.01,-0.01,-0.01,normal,normal,alta,7,historico fim_semana,4.0
D05AE129686,13,,fim_semana,0.0,0.0,0.01,0.0,0.0,normal,normal,alta,7,historico fim_semana,4.0
D05AE129686,14,,fim_semana,0.0,0.0,0.01,0.0,0.0,normal,normal,alta,7,historico fim_semana,4.0
D05AE129686,15,,fim_semana,0.0,0.0,0.01,0.0,0.0,normal,normal,alta,7,historico fim_semana,4.0
D05AE129686,16,,fim_semana,0.0,0.0,0.01,0.0,0.0,normal,normal,alta,8,historico fim_semana,4.0
D05AE129686,17,,fim_semana,0.0,0.0,0.01,0.0,0.0,normal,normal,alta,8,historico fim_semana,4.0
D05AE129686,18,,fim_semana,0.0,0.0,0.01,0.0,0.0,normal,normal,alta,8,historico fim_semana,4.0
D05AE129686,19,,fim_semana,0.0,0.0,0.01,0.0,0.0,normal,normal,alta,8,historico fim_semana,4.0
D05AE129686,20,,fim_semana,0.0,0.0,0.01,0.0,0.0,normal,normal,alta,8,historico fim_semana,4.0
D05AE129686,21,,fim_semana,0.0,0.0,0.01,0.0,0.0,normal,normal,alta,8,historico fim_semana,4.0
D05AE129686,22,,fim_semana,0.0,0.0001,0.01,-0.01,-0.01,normal,normal,alta,8,historico fim_semana,4.0
D05AE129686,23,,fim_semana,0.0,0.0,0.01,0.0,0.0,normal,normal,alta,8,historico fim_semana,4.0
D05AE130850,0,,fim_semana,0.003,0.0023,0.01,0.07,0.07,normal,normal,alta,6,historico fim_semana,4.0
D05AE130850,1,,fim_semana,0.002,0.0013,0.01,0.07,0.07,normal,normal,alta,6,historico fim_semana,4.0
D05AE130850,2,,fim_semana,0.003,0.0013,0.01,0.17,0.17,normal,normal,alta,6,historico fim_semana,4.0
D05AE130850,3,,fim_semana,0.0,0.0008,0.01,-0.08,-0.08,normal,normal,alta,6,historico fim_semana,4.0
D05AE130850,4,,fim_semana,0.001,0.0007,0.01,0.03,0.03,normal,normal,alta,6,historico fim_semana,4.0
D05AE130850,5,,fim_semana,0.002,0.001,0.01,0.1,0.1,normal,normal,baixa,4,historico fim_semana (poucos dados),4.0
D05AE130850,6,,fim_semana,0.001,0.0007,0.01,0.03,0.03,normal,normal,alta,6,historico fim_semana,4.0
D05AE130850,7,,fim_semana,0.002,0.0018,0.01,0.02,0.02,normal,normal,alta,6,historico fim_semana,4.0
D05AE130850,8,,fim_semana,0.004,0.004,0.01,0.0,0.0,normal,normal,alta,6,historico fim_semana,4.0
D05AE130850,9,,fim_semana,0.005,0.0042,0.01,0.08,0.08,normal,normal,alta,6,historico fim_semana,4.0
D05AE130850,10,,fim_semana,0.005,0.0053,0.01,-0.03,-0.03,normal,normal,alta,6,historico fim_semana,4.0
D05AE130850,11,,fim_semana,0.006,0.005,0.01,0.1,0.1,normal,normal,alta,6,historico fim_semana,4.0
D05AE130850,12,,fim_semana,0.006,0.0043,0.01,0.17,0.17,normal,normal,alta,6,historico fim_semana,4.0
D05AE130850,13,,fim_semana,0.005,0.0047,0.01,0.03,0.03,normal,normal,alta,6,historico fim_semana,4.0
D05AE130850,14,,fim_semana,0.005,0.005,0.01,0.0,0.0,normal,normal,alta,6,historico fim_semana,4.0
D05AE130850,15,,fim_semana,0.004,0.004,0.01,0.0,0.0,normal,normal,alta,6,historico fim_semana,4.0
D05AE130850,16,,fim_semana,0.004,0.0038,0.01,0.02,0.02,normal,normal,alta,6,historico fim_semana,4.0
D05AE130850,17,,fim_semana,0.003,0.0033,0.01,-0.03,-0.03,normal,normal,alta,6,historico fim_semana,4.0
D05AE130850,18,,fim_semana,0.003,0.0037,0.01,-0.07,-0.07,normal,normal,alta,6,historico fim_semana,4.0
D05AE130850,19,,fim_semana,0.006,0.0033,0.01,0.27,0.27,normal,normal,alta,6,historico fim_semana,4.0
D05AE130850,20,,fim_semana,0.005,0.0035,0.01,0.15,0.15,normal,normal,alta,6,historico fim_semana,4.0
D05AE130850,21,,fim_semana,0.004,0.0034,0.01,0.06,0.06,normal,normal,alta,5,historico fim_semana,4.0
D05AE130850,22,,fim_semana,0.004,0.003,0.01,0.1,0.1,normal,normal,alta,6,historico fim_semana,4.0
D05AE130850,23,,fim_semana,0.004,0.0025,0.01,0.15,0.15,normal,normal,alta,6,historico fim_semana,4.0
D05AE130852,1,,fim_semana,0.0,0.0,0.01,0.0,0.0,normal,normal,alta,5,historico fim_semana,4.0
D05AE130852,2,,fim_semana,0.0,0.0,0.01,0.0,0.0,normal,normal,alta,5,historico fim_semana,4.0
D05AE130852,3,,fim_semana,0.0,0.0,0.01,0.0,0.0,normal,normal,alta,5,historico fim_semana,4.0
D05AE130852,4,,fim_semana,0.0,0.0,0.01,0.0,0.0,normal,normal,alta,5,historico fim_semana,4.0
D05AE130852,5,,fim_semana,0.0,0.0,0.01,0.0,0.0,normal,normal,alta,5,historico fim_semana,4.0
D05AE130852,6,,fim_semana,0.0,0.0,0.01,0.0,0.0,normal,normal,alta,5,historico fim_semana,4.0
D05AE130852,7,,fim_semana,0.0,0.0,0.01,0.0,0.0,normal,normal,alta,5,historico fim_semana,4.0
D05AE130852,8,,fim_semana,0.0,0.0,0.01,0.0,0.0,normal,normal,alta,5,historico fim_semana,4.0
D05AE130852,13,,fim_semana,0.0,0.0,0.01,0.0,0.0,normal,normal,baixa,4,historico fim_semana (poucos dados),4.0
D05AE130852,14,,fim_semana,0.0,0.0,0.01,0.0,0.0,normal,normal,baixa,4,historico fim_semana (poucos dados),4.0
D05AE130852,15,,fim_semana,0.0,0.0,0.01,0.0,0.0,normal,normal,baixa,4,historico fim_semana (poucos dados),4.0
D05AE130852,16,,fim_semana,0.0,0.0,0.01,0.0,0.0,normal,normal,baixa,4,historico fim_semana (poucos dados),4.0
D05AE130852,17,,fim_semana,0.0,0.0,0.01,0.0,0.0,normal,normal,baixa,3,historico fim_semana (poucos dados),4.0
D05AE130852,18,,fim_semana,0.0,0.0,0.01,0.0,0.0,normal,normal,baixa,3,historico fim_semana (poucos dados),4.0
D05AE130852,19,,fim_semana,0.0,0.0,0.01,0.0,0.0,normal,normal,baixa,3,historico fim_semana (poucos dados),4.0
D05AE130852,20,,fim_semana,0.0,0.0,0.01,0.0,0.0,normal,normal,baixa,3,historico fim_semana (poucos dados),4.0
D06AE082862,2,,fim_semana,4.072,1.365,0.9456,2.86,2.86,normal,normal,alta,7,historico fim_semana,4.0
D06AE082862,3,,fim_semana,2.579,1.1144,0.8884,1.65,1.65,normal,normal,alta,7,historico fim_semana,4.0
D06AE082862,4,,fim_semana,0.756,0.1466,0.2715,2.24,2.24,normal,normal,alta,7,historico fim_semana,4.0
D06AE082862,5,,fim_semana,1.746,1.0169,0.7107,1.03,1.03,normal,normal,alta,7,historico fim_semana,4.0
D06AE082862,6,,fim_semana,0.758,1.4025,1.785,-0.36,-0.36,normal,normal,alta,8,historico fim_semana,4.0
D06AE082862,7,,fim_semana,0.034,0.1023,0.2151,-0.32,-0.32,normal,normal,alta,8,historico fim_semana,4.0
D06AE082862,8,,fim_semana,0.036,0.1705,0.256,-0.53,-0.53,normal,normal,alta,8,historico fim_semana,4.0
D06AE082862,9,,fim_semana,0.036,0.0346,0.0273,0.05,0.05,normal,normal,alta,8,historico fim_semana,4.0
D06AE082862,14,,fim_semana,0.189,0.0412,0.0276,5.36,5.36,desvio,acima,alta,6,historico fim_semana,4.0
D06AE082862,15,,fim_semana,0.038,0.0412,0.0279,-0.11,-0.11,normal,normal,alta,6,historico fim_semana,4.0
D06AE082862,16,,fim_semana,0.037,0.0408,0.0276,-0.14,-0.14,normal,normal,alta,6,historico fim_semana,4.0
D06AE082862,17,,fim_semana,0.036,0.0405,0.0276,-0.16,-0.16,normal,normal,alta,6,historico fim_semana,4.0
D06AE082862,18,,fim_semana,0.037,0.0529,0.0575,-0.28,-0.28,normal,normal,alta,8,historico fim_semana,4.0
D06AE082862,19,,fim_semana,0.036,0.0344,0.027,0.06,0.06,normal,normal,alta,8,historico fim_semana,4.0
D06AE082862,20,,fim_semana,0.037,0.0346,0.0268,0.09,0.09,normal,normal,alta,8,historico fim_semana,4.0
D06AE082862,21,,fim_semana,0.036,0.0341,0.0267,0.07,0.07,normal,normal,alta,8,historico fim_semana,4.0
D06AE082862,22,,fim_semana,0.035,0.033,0.0312,0.06,0.06,normal,normal,alta,6,historico fim_semana,4.0
D06AE082862,23,,fim_semana,0.034,0.0323,0.031,0.05,0.05,normal,normal,alta,6,historico fim_semana,4.0
D07AC001465N,4,,fim_semana,0.0,0.0,0.01,0.0,0.0,normal,normal,alta,8,historico fim_semana,4.0
D07AC001465N,5,,fim_semana,0.0,0.0,0.01,0.0,0.0,normal,normal,alta,8,historico fim_semana,4.0
D07AC001465N,6,,fim_semana,0.0,0.0,0.01,0.0,0.0,normal,normal,alta,8,historico fim_semana,4.0
D07AC001465N,7,,fim_semana,0.0,0.0,0.01,0.0,0.0,normal,normal,alta,8,historico fim_semana,4.0
D07AC001465N,8,,fim_semana,0.0,0.0,0.01,0.0,0.0,normal,normal,baixa,3,historico fim_semana (poucos dados),4.0
D07AC001465N,9,,fim_semana,0.0,0.0,0.01,0.0,0.0,normal,normal,baixa,3,historico fim_semana (poucos dados),4.0
D07AC001465N,10,,fim_semana,0.0,0.0,0.01,0.0,0.0,normal,normal,baixa,3,historico fim_semana (poucos dados),4.0
D07AC001465N,11,,fim_semana,0.0,0.0,0.01,0.0,0.0,normal,normal,baixa,3,historico fim_semana (poucos dados),4.0
D07AC001465N,16,,fim_semana,0.0,0.0,0.01,0.0,0.0,normal,normal,alta,7,historico fim_semana,4.0
D07AC001465N,17,,fim_semana,0.0,0.0,0.01,0.0,0.0,normal,normal,alta,7,historico fim_semana,4.0
D07AC001465N,18,,fim_semana,0.0,0.0,0.01,0.0,0.0,normal,normal,alta,7,historico fim_semana,4.0
D07AC001465N,19,,fim_semana,0.0,0.0,0.01,0.0,0.0,normal,normal,alta,7,historico fim_semana,4.0
D07AC001465N,20,,fim_semana,0.0,0.0,0.01,0.0,0.0,normal,normal,alta,8,historico fim_semana,4.0
D07AC001465N,21,,fim_semana,0.0,0.0,0.01,0.0,0.0,normal,normal,alta,8,historico fim_semana,4.0
D07AC001465N,22,,fim_semana,0.0,0.0,0.01,0.0,0.0,normal,normal,alta,8,historico fim_semana,4.0
D07AC001465N,23,,fim_semana,0.0,0.0,0.01,0.0,0.0,normal,normal,alta,8,historico fim_semana,4.0
D07AC001466O,0,,fim_semana,0.0,0.0,0.01,0.0,0.0,normal,normal,baixa,4,historico fim_semana (poucos dados),4.0
D07AC001466O,1,,fim_semana,0.0,0.0,0.01,0.0,0.0,normal,normal,baixa,4,historico fim_semana (poucos dados),4.0
D07AC001466O,2,,fim_semana,0.0,0.0,0.01,0.0,0.0,normal,normal,alta,5,historico fim_semana,4.0
D07AC001466O,3,,fim_semana,0.0,0.0,0.01,0.0,0.0,normal,normal,alta,5,historico fim_semana,4.0
D07AC001466O,4,,fim_semana,0.0,0.0,0.01,0.0,0.0,normal,normal,alta,8,historico fim_semana,4.0
D07AC001466O,5,,fim_semana,0.0,0.0,0.01,0.0,0.0,normal,normal,alta,8,historico fim_semana,4.0
D07AC001466O,6,,fim_semana,0.0,0.0,0.01,0.0,0.0,normal,normal,alta,7,historico fim_semana,4.0
D07AC001466O,7,,fim_semana,0.0,0.0,0.01,0.0,0.0,normal,normal,alta,7,historico fim_semana,4.0
D07AC001466O,8,,fim_semana,0.0,0.0,0.01,0.0,0.0,normal,normal,alta,5,historico fim_semana,4.0
D07AC001466O,9,,fim_semana,0.0,0.0,0.01,0.0,0.0,normal,normal,baixa,3,historico fim_semana (poucos dados),4.0
D07AC001466O,10,,fim_semana,0.0,0.0,0.01,0.0,0.0,normal,normal,baixa,3,historico fim_semana (poucos dados),4.0
D07AC001466O,11,,fim_semana,0.0,0.0,0.01,0.0,0.0,normal,normal,baixa,2,historico fim_semana (poucos dados),4.0
D07AC001466O,12,,fim_semana,0.0,0.0,0.01,0.0,0.0,normal,normal,baixa,7,fallback (30d recentes),4.0
D07AC001466O,13,,fim_semana,0.0,0.0,0.01,0.0,0.0,normal,normal,baixa,10,fallback (30d recentes),4.0
D07AC001466O,14,,fim_semana,0.0,0.0,0.01,0.0,0.0,normal,normal,baixa,3,historico fim_semana (poucos dados),4.0
D07AC001466O,15,,fim_semana,0.0,0.0002,0.01,-0.02,-0.02,normal,normal,alta,5,historico fim_semana,4.0
D07AC001466O,16,,fim_semana,0.0,0.0,0.01,0.0,0.0,normal,normal,alta,6,historico fim_semana,4.0
D07AC001466O,17,,fim_semana,0.0,0.0,0.01,0.0,0.0,normal,normal,alta,8,historico fim_semana,4.0
D07AC001466O,18,,fim_semana,0.0,0.0,0.01,0.0,0.0,normal,normal,alta,8,historico fim_semana,4.0
D07AC001466O,19,,fim_semana,0.0,0.0,0.01,0.0,0.0,normal,normal,alta,8,historico fim_semana,4.0
D07AC001466O,20,,fim_semana,0.0,0.0,0.01,0.0,0.0,normal,normal,alta,8,historico fim_semana,4.0
D07AC001466O,21,,fim_semana,0.0,0.0,0.01,0.0,0.0,normal,normal,alta,8,historico fim_semana,4.0
D07AC001466O,22,,fim_semana,0.0,0.0,0.01,0.0,0.0,normal,normal,alta,7,historico fim_semana,4.0
D07AC001466O,23,,fim_semana,0.0,0.0,0.01,0.0,0.0,normal,normal,alta,7,historico fim_semana,4.0
D07AC003358T,0,,fim_semana,0.0,0.0,0.01,0.0,0.0,normal,normal,alta,8,historico fim_semana,4.0
D07AC003358T,1,,fim_semana,0.0,0.0,0.01,0.0,0.0,normal,normal,alta,8,historico fim_semana,4.0
D07AC003358T,2,,fim_semana,0.0,0.0,0.01,0.0,0.0,normal,normal,alta,8,historico fim_semana,4.0
D07AC003358T,3,,fim_semana,0.0,0.0,0.01,0.0,0.0,normal,normal,alta,8,historico fim_semana,4.0
D07AC003358T,4,,fim_semana,0.0,0.0,0.01,0.0,0.0,normal,normal,alta,8,historico fim_semana,4.0
D07AC003358T,5,,fim_semana,0.0,0.0,0.01,0.0,0.0,normal,normal,alta,8,historico fim_semana,4.0
D07AC003358T,6,,fim_semana,0.0,0.0,0.01,0.0,0.0,normal,normal,alta,8,historico fim_semana,4.0
D07AC003358T,7,,fim_semana,0.0,0.0,0.01,0.0,0.0,normal,normal,alta,8,historico fim_semana,4.0
D07AC003358T,8,,fim_semana,0.0,0.0,0.01,0.0,0.0,normal,normal,alta,8,historico fim_semana,4.0
D07AC003358T,9,,fim_semana,0.0,0.0,0.01,0.0,0.0,normal,normal,alta,8,historico fim_semana,4.0
D07AC003358T,10,,fim_semana,0.0,0.0,0.01,0.0,0.0,normal,normal,alta,8,historico fim_semana,4.0
D07AC003358T,11,,fim_semana,0.0,0.0,0.01,0.0,0.0,normal,normal,alta,8,historico fim_semana,4.0
D07AC003358T,12,,fim_semana,0.0,0.0,0.01,0.0,0.0,normal,normal,alta,8,historico fim_semana,4.0
D07AC003358T,13,,fim_semana,0.0,0.0,0.01,0.0,0.0,normal,normal,alta,8,historico fim_semana,4.0
D07AC003358T,14,,fim_semana,0.0,0.0,0.01,0.0,0.0,normal,normal,alta,8,historico fim_semana,4.0
D07AC003358T,15,,fim_semana,0.0,0.0,0.01,0.0,0.0,normal,normal,alta,8,historico fim_semana,4.0
D07AC003358T,16,,fim_semana,0.0,0.0,0.01,0.0,0.0,normal,normal,alta,8,historico fim_semana,4.0
D07AC003358T,17,,fim_semana,0.0,0.0,0.01,0.0,0.0,normal,normal,alta,8,historico fim_semana,4.0
D07AC003358T,18,,fim_semana,0.0,0.0,0.01,0.0,0.0,normal,normal,alta,8,historico fim_semana,4.0
D07AC003358T,19,,fim_semana,0.0,0.0,0.01,0.0,0.0,normal,normal,alta,8,historico fim_semana,4.0
D07AC003358T,20,,fim_semana,0.0,0.0,0.01,0.0,0.0,normal,normal,alta,8,historico fim_semana,4.0
D07AC003358T,21,,fim_semana,0.0,0.0,0.01,0.0,0.0,normal,normal,alta,8,historico fim_semana,4.0
D07AC003358T,22,,fim_semana,0.0,0.0,0.01,0.0,0.0,normal,normal,alta,8,historico fim_semana,4.0
D07AC003358T,23,,fim_semana,0.0,0.0,0.01,0.0,0.0,normal,normal,alta,8,historico fim_semana,4.0
D07AC003363O,0,,fim_semana,0.0,0.0,0.01,0.0,0.0,normal,normal,alta,8,historico fim_semana,4.0
D07AC003363O,1,,fim_semana,0.0,0.0,0.01,0.0,0.0,normal,normal,alta,8,historico fim_semana,4.0
D07AC003363O,2,,fim_semana,0.0,0.0,0.01,0.0,0.0,normal,normal,alta,8,historico fim_semana,4.0
D07AC003363O,3,,fim_semana,0.0,0.0,0.01,0.0,0.0,normal,normal,alta,8,historico fim_semana,4.0
D07AC003363O,4,,fim_semana,0.0,0.0,0.01,0.0,0.0,normal,normal,alta,8,historico fim_semana,4.0
D07AC003363O,5,,fim_semana,0.0,0.0,0.01,0.0,0.0,normal,normal,alta,8,historico fim_semana,4.0
D07AC003363O,6,,fim_semana,0.0,0.0,0.01,0.0,0.0,normal,normal,alta,8,historico fim_semana,4.0
D07AC003363O,7,,fim_semana,0.0,0.0,0.01,0.0,0.0,normal,normal,alta,8,historico fim_semana,4.0
D07AC003363O,8,,fim_semana,0.0,0.0,0.01,0.0,0.0,normal,normal,alta,8,historico fim_semana,4.0
D07AC003363O,9,,fim_semana,0.0,0.0,0.01,0.0,0.0,normal,normal,alta,8,historico fim_semana,4.0
D07AC003363O,10,,fim_semana,0.0,0.0,0.01,0.0,0.0,normal,normal,alta,8,historico fim_semana,4.0
D07AC003363O,11,,fim_semana,0.0,0.0,0.01,0.0,0.0,normal,normal,alta,8,historico fim_semana,4.0
D07AC003363O,12,,fim_semana,0.0,0.0,0.01,0.0,0.0,normal,normal,alta,8,historico fim_semana,4.0
D07AC003363O,13,,fim_semana,0.0,0.0,0.01,0.0,0.0,normal,normal,alta,8,historico fim_semana,4.0
D07AC003363O,14,,fim_semana,0.0,0.0,0.01,0.0,0.0,normal,normal,alta,8,historico fim_semana,4.0
D07AC003363O,15,,fim_semana,0.0,0.0,0.01,0.0,0.0,normal,normal,alta,8,historico fim_semana,4.0
D07AC003363O,16,,fim_semana,0.0,0.0,0.01,0.0,0.0,normal,normal,alta,8,historico fim_semana,4.0
D07AC003363O,17,,fim_semana,0.0,0.0,0.01,0.0,0.0,normal,normal,alta,8,historico fim_semana,4.0
D07AC003363O,18,,fim_semana,0.0,0.0,0.01,0.0,0.0,normal,normal,alta,8,historico fim_semana,4.0
D07AC003363O,19,,fim_semana,0.0,0.0,0.01,0.0,0.0,normal,normal,alta,8,historico fim_semana,4.0
D07AC003363O,20,,fim_semana,0.0,0.0,0.01,0.0,0.0,normal,normal,alta,8,historico fim_semana,4.0
D07AC003363O,21,,fim_semana,0.0,0.0,0.01,0.0,0.0,normal,normal,alta,8,historico fim_semana,4.0
D07AC003363O,22,,fim_semana,0.0,0.0,0.01,0.0,0.0,normal,normal,alta,8,historico fim_semana,4.0
D07AC003363O,23,,fim_semana,0.0,0.0,0.01,0.0,0.0,normal,normal,alta,8,historico fim_semana,4.0
D07AC004101A,0,,fim_semana,0.0,0.0,0.01,0.0,0.0,normal,normal,alta,7,historico fim_semana,4.0
D07AC004101A,1,,fim_semana,0.0,0.0,0.01,0.0,0.0,normal,normal,alta,8,historico fim_semana,4.0
D07AC004101A,2,,fim_semana,0.0,0.0,0.01,0.0,0.0,normal,normal,alta,8,historico fim_semana,4.0
D07AC004101A,3,,fim_semana,0.0,0.0,0.01,0.0,0.0,normal,normal,alta,8,historico fim_semana,4.0
D07AC004101A,4,,fim_semana,0.0,0.0,0.01,0.0,0.0,normal,normal,alta,8,historico fim_semana,4.0
D07AC004101A,5,,fim_semana,0.0,0.0,0.01,0.0,0.0,normal,normal,alta,8,historico fim_semana,4.0
D07AC004101A,6,,fim_semana,0.0,0.0,0.01,0.0,0.0,normal,normal,alta,8,historico fim_semana,4.0
D07AC004101A,7,,fim_semana,0.0,0.0,0.01,0.0,0.0,normal,normal,alta,8,historico fim_semana,4.0
D07AC004101A,8,,fim_semana,0.0,0.0,0.01,0.0,0.0,normal,normal,alta,8,historico fim_semana,4.0
D07AC004101A,9,,fim_semana,0.0,0.0,0.01,0.0,0.0,normal,normal,alta,8,historico fim_semana,4.0
D07AC004101A,10,,fim_semana,0.0,0.0,0.01,0.0,0.0,normal,normal,alta,8,historico fim_semana,4.0
D07AC004101A,11,,fim_semana,0.0,0.0,0.01,0.0,0.0,normal,normal,alta,8,historico fim_semana,4.0
D07AC004101A,12,,fim_semana,0.0,0.0,0.01,0.0,0.0,normal,normal,alta,7,historico fim_semana,4.0
D07AC004101A,13,,fim_semana,0.0,0.0,0.01,0.0,0.0,normal,normal,alta,8,historico fim_semana,4.0
D07AC004101A,14,,fim_semana,0.0,0.0,0.01,0.0,0.0,normal,normal,alta,8,historico fim_semana,4.0
D07AC004101A,15,,fim_semana,0.0,0.0,0.01,0.0,0.0,normal,normal,alta,8,historico fim_semana,4.0
D07AC004101A,16,,fim_semana,0.0,0.0,0.01,0.0,0.0,normal,normal,alta,8,historico fim_semana,4.0
D07AC004101A,17,,fim_semana,0.0,0.0,0.01,0.0,0.0,normal,normal,alta,8,historico fim_semana,4.0
D07AC004101A,18,,fim_semana,0.0,0.0,0.01,0.0,0.0,normal,normal,alta,8,historico fim_semana,4.0
D07AC004101A,19,,fim_semana,0.0,0.0,0.01,0.0,0.0,normal,normal,alta,8,historico fim_semana,4.0
D07AC004101A,20,,fim_semana,0.0,0.0,0.01,0.0,0.0,normal,normal,alta,8,historico fim_semana,4.0
D07AC004101A,21,,fim_semana,0.0,0.0,0.01,0.0,0.0,normal,normal,alta,8,historico fim_semana,4.0
D07AC004101A,22,,fim_semana,0.0,0.0,0.01,0.0,0.0,normal,normal,alta,8,historico fim_semana,4.0
D07AC004101A,23,,fim_semana,0.0,0.0,0.01,0.0,0.0,normal,normal,alta,8,historico fim_semana,4.0
D07AC116408J,0,,fim_semana,0.0,0.0,0.01,0.0,0.0,normal,normal,alta,8,historico fim_semana,4.0
D07AC116408J,1,,fim_semana,0.0,0.0,0.01,0.0,0.0,normal,normal,alta,8,historico fim_semana,4.0
D07AC116408J,2,,fim_semana,0.0,0.0,0.01,0.0,0.0,normal,normal,alta,8,historico fim_semana,4.0
D07AC116408J,3,,fim_semana,0.0,0.0,0.01,0.0,0.0,normal,normal,alta,8,historico fim_semana,4.0
D07AC116408J,4,,fim_semana,0.0,0.0,0.01,0.0,0.0,normal,normal,alta,8,historico fim_semana,4.0
D07AC116408J,5,,fim_semana,0.0,0.0,0.01,0.0,0.0,normal,normal,alta,8,historico fim_semana,4.0
D07AC116408J,6,,fim_semana,0.0,0.0,0.01,0.0,0.0,normal,normal,alta,8,historico fim_semana,4.0
D07AC116408J,7,,fim_semana,0.0,0.0,0.01,0.0,0.0,normal,normal,alta,8,historico fim_semana,4.0
D07AC116408J,8,,fim_semana,0.0,0.0,0.01,0.0,0.0,normal,normal,alta,8,historico fim_semana,4.0
D07AC116408J,10,,fim_semana,0.0,0.0,0.01,0.0,0.0,normal,normal,alta,8,historico fim_semana,4.0
D07AC116408J,11,,fim_semana,0.0,0.0,0.01,0.0,0.0,normal,normal,alta,8,historico fim_semana,4.0
D07AC116408J,12,,fim_semana,0.0,0.0,0.01,0.0,0.0,normal,normal,alta,8,historico fim_semana,4.0
D07AC116408J,13,,fim_semana,0.0,0.0,0.01,0.0,0.0,normal,normal,alta,8,historico fim_semana,4.0
D07AC116408J,14,,fim_semana,0.0,0.0,0.01,0.0,0.0,normal,normal,alta,8,historico fim_semana,4.0
D07AC116408J,15,,fim_semana,0.0,0.0,0.01,0.0,0.0,normal,normal,alta,8,historico fim_semana,4.0
D07AC116408J,16,,fim_semana,0.0,0.0,0.01,0.0,0.0,normal,normal,alta,8,historico fim_semana,4.0
D07AC116408J,17,,fim_semana,0.0,0.0,0.01,0.0,0.0,normal,normal,alta,8,historico fim_semana,4.0
D07AC116408J,18,,fim_semana,0.0,0.0,0.01,0.0,0.0,normal,normal,alta,8,historico fim_semana,4.0
D07AC116408J,19,,fim_semana,0.0,0.0,0.01,0.0,0.0,normal,normal,alta,8,historico fim_semana,4.0
D07AC116408J,20,,fim_semana,0.0,0.0,0.01,0.0,0.0,normal,normal,alta,8,historico fim_semana,4.0
D07AC116408J,21,,fim_semana,0.0,0.0,0.01,0.0,0.0,normal,normal,alta,7,historico fim_semana,4.0
D07AC116408J,22,,fim_semana,0.0,0.0,0.01,0.0,0.0,normal,normal,alta,8,historico fim_semana,4.0
D07AC116408J,23,,fim_semana,0.0,0.0,0.01,0.0,0.0,normal,normal,alta,8,historico fim_semana,4.0
D07AE127769C,0,,fim_semana,0.0,0.0,0.01,0.0,0.0,normal,normal,alta,8,historico fim_semana,4.0
D07AE127769C,1,,fim_semana,0.0,0.1628,0.4603,-0.35,-0.35,normal,normal,alta,8,historico fim_semana,4.0
D07AE127769C,2,,fim_semana,0.0,0.1706,0.4513,-0.38,-0.38,normal,normal,alta,7,historico fim_semana,4.0
D07AE127769C,3,,fim_semana,0.0,0.0,0.01,0.0,0.0,normal,normal,alta,7,historico fim_semana,4.0
D07AE127769C,4,,fim_semana,0.0,0.0,0.01,0.0,0.0,normal,normal,alta,7,historico fim_semana,4.0
D07AE127769C,5,,fim_semana,0.0,0.0753,0.1992,-0.38,-0.38,normal,normal,alta,7,historico fim_semana,4.0
D07AE127769C,6,,fim_semana,0.0,0.1452,0.2714,-0.54,-0.54,normal,normal,alta,8,historico fim_semana,4.0
D07AE127769C,7,,fim_semana,0.0,0.0,0.01,0.0,0.0,normal,normal,alta,8,historico fim_semana,4.0
D07AE127769C,8,,fim_semana,0.0,0.0,0.01,0.0,0.0,normal,normal,alta,8,historico fim_semana,4.0
D07AE127769C,9,,fim_semana,0.0,0.1658,0.4688,-0.35,-0.35,normal,normal,alta,8,historico fim_semana,4.0
D07AE127769C,10,,fim_semana,0.0,0.3522,0.6523,-0.54,-0.54,normal,normal,alta,8,historico fim_semana,4.0
D07AE127769C,11,,fim_semana,0.0,0.1575,0.4455,-0.35,-0.35,normal,normal,alta,8,historico fim_semana,4.0
D07AE127769C,12,,fim_semana,0.0,0.1605,0.454,-0.35,-0.35,normal,normal,alta,8,historico fim_semana,4.0
D07AE127769C,13,,fim_semana,0.0,0.0,0.01,0.0,0.0,normal,normal,alta,8,historico fim_semana,4.0
D07AE127769C,14,,fim_semana,0.0,0.1319,0.373,-0.35,-0.35,normal,normal,alta,8,historico fim_semana,4.0
D07AE127769C,15,,fim_semana,0.0,0.1461,0.4133,-0.35,-0.35,normal,normal,alta,8,historico fim_semana,4.0
D07AE127769C,16,,fim_semana,0.0,0.0,0.01,0.0,0.0,normal,normal,alta,8,historico fim_semana,4.0
D07AE127769C,17,,fim_semana,0.0,0.2948,0.571,-0.52,-0.52,normal,normal,alta,8,historico fim_semana,4.0
D07AE127769C,18,,fim_semana,0.0,0.2229,0.5284,-0.42,-0.42,normal,normal,alta,8,historico fim_semana,4.0
D07AE127769C,19,,fim_semana,0.0,0.2146,0.4587,-0.47,-0.47,normal,normal,alta,8,historico fim_semana,4.0
D07AE127769C,20,,fim_semana,0.0,0.2303,0.6512,-0.35,-0.35,normal,normal,alta,8,historico fim_semana,4.0
D07AE127769C,21,,fim_semana,0.0,0.1603,0.4533,-0.35,-0.35,normal,normal,alta,8,historico fim_semana,4.0
D07AE127769C,22,,fim_semana,0.0,0.0,0.01,0.0,0.0,normal,normal,alta,8,historico fim_semana,4.0
D07AE127769C,23,,fim_semana,0.0,0.1202,0.3401,-0.35,-0.35,normal,normal,alta,8,historico fim_semana,4.0
D07AE127770V,0,,fim_semana,0.0,0.0114,0.0137,-0.83,-0.83,normal,normal,alta,8,historico fim_semana,4.0
D07AE127770V,2,,fim_semana,0.0,0.0114,0.0142,-0.8,-0.8,normal,normal,alta,8,historico fim_semana,4.0
D07AE127770V,3,,fim_semana,0.0,0.0115,0.0141,-0.81,-0.81,normal,normal,alta,8,historico fim_semana,4.0
D07AE127770V,4,,fim_semana,0.0,0.0112,0.0137,-0.82,-0.82,normal,normal,alta,8,historico fim_semana,4.0
D07AE127770V,5,,fim_semana,0.0,0.0115,0.0142,-0.81,-0.81,normal,normal,alta,8,historico fim_semana,4.0
D07AE127770V,6,,fim_semana,0.0,0.0112,0.014,-0.8,-0.8,normal,normal,alta,8,historico fim_semana,4.0
D07AE127770V,7,,fim_semana,0.0,0.0104,0.0135,-0.77,-0.77,normal,normal,alta,8,historico fim_semana,4.0
D07AE127770V,8,,fim_semana,0.0,0.0102,0.0133,-0.77,-0.77,normal,normal,alta,8,historico fim_semana,4.0
D07AE127770V,9,,fim_semana,0.0,0.0107,0.0134,-0.8,-0.8,normal,normal,alta,7,historico fim_semana,4.0
D07AE127770V,10,,fim_semana,0.0,0.01,0.0125,-0.8,-0.8,normal,normal,alta,7,historico fim_semana,4.0
D07AE127770V,11,,fim_semana,0.0,0.0103,0.0126,-0.82,-0.82,normal,normal,alta,7,historico fim_semana,4.0
D07AE127770V,12,,fim_semana,0.0,0.0104,0.013,-0.8,-0.8,normal,normal,alta,7,historico fim_semana,4.0
D07AE127770V,13,,fim_semana,0.0,0.0093,0.0128,-0.72,-0.72,normal,normal,alta,8,historico fim_semana,4.0
D07AE127770V,14,,fim_semana,0.0,0.0097,0.0129,-0.75,-0.75,normal,normal,alta,8,historico fim_semana,4.0
D07AE127770V,15,,fim_semana,0.0,0.01,0.013,-0.77,-0.77,normal,normal,alta,8,historico fim_semana,4.0
D07AE127770V,16,,fim_semana,0.0,0.01,0.0133,-0.75,-0.75,normal,normal,alta,8,historico fim_semana,4.0
D07AE127770V,17,,fim_semana,0.0,0.01,0.0135,-0.74,-0.74,normal,normal,alta,8,historico fim_semana,4.0
D07AE127770V,18,,fim_semana,0.0,0.0096,0.013,-0.74,-0.74,normal,normal,alta,8,historico fim_semana,4.0
D07AE127770V,19,,fim_semana,0.0,0.0097,0.0132,-0.74,-0.74,normal,normal,alta,8,historico fim_semana,4.0
D07AE127770V,20,,fim_semana,0.0,0.0094,0.0127,-0.74,-0.74,normal,normal,alta,8,historico fim_semana,4.0
D07AE127770V,21,,fim_semana,0.0,0.0114,0.0137,-0.84,-0.84,normal,normal,alta,7,historico fim_semana,4.0
D07AE127770V,22,,fim_semana,0.0,0.0104,0.0135,-0.77,-0.77,normal,normal,alta,8,historico fim_semana,4.0
D07AE127770V,23,,fim_semana,0.0,0.0104,0.0132,-0.78,-0.78,normal,normal,alta,8,historico fim_semana,4.0
D07AE137190M,0,,fim_semana,0.0,0.0,0.01,0.0,0.0,normal,normal,alta,8,historico fim_semana,4.0
D07AE137190M,1,,fim_semana,0.0,0.0,0.01,0.0,0.0,normal,normal,alta,8,historico fim_semana,4.0
D07AE137190M,2,,fim_semana,0.0,0.0,0.01,0.0,0.0,normal,normal,alta,6,historico fim_semana,4.0
D07AE137190M,3,,fim_semana,0.0,0.0,0.01,0.0,0.0,normal,normal,alta,8,historico fim_semana,4.0
D07AE137190M,4,,fim_semana,0.0,0.0,0.01,0.0,0.0,normal,normal,alta,8,historico fim_semana,4.0
D07AE137190M,5,,fim_semana,0.0,0.0,0.01,0.0,0.0,normal,normal,alta,8,historico fim_semana,4.0
D07AE137190M,6,,fim_semana,0.0,0.0,0.01,0.0,0.0,normal,normal,alta,8,historico fim_semana,4.0
D07AE137190M,7,,fim_semana,0.0,0.0,0.01,0.0,0.0,normal,normal,alta,8,historico fim_semana,4.0
D07AE137190M,8,,fim_semana,0.0,0.0,0.01,0.0,0.0,normal,normal,alta,8,historico fim_semana,4.0
D07AE137190M,9,,fim_semana,0.0,0.0,0.01,0.0,0.0,normal,normal,alta,8,historico fim_semana,4.0
D07AE137190M,10,,fim_semana,0.0,0.0,0.01,0.0,0.0,normal,normal,alta,7,historico fim_semana,4.0
D07AE137190M,11,,fim_semana,0.0,0.0,0.01,0.0,0.0,normal,normal,alta,7,historico fim_semana,4.0
D07AE137190M,12,,fim_semana,0.0,0.0,0.01,0.0,0.0,normal,normal,alta,7,historico fim_semana,4.0
D07AE137190M,13,,fim_semana,0.0,0.0,0.01,0.0,0.0,normal,normal,alta,7,historico fim_semana,4.0
D07AE137190M,14,,fim_semana,0.0,0.0,0.01,0.0,0.0,normal,normal,alta,7,historico fim_semana,4.0
D07AE137190M,15,,fim_semana,0.0,0.0,0.01,0.0,0.0,normal,normal,alta,7,historico fim_semana,4.0
D07AE137190M,16,,fim_semana,0.0,0.0,0.01,0.0,0.0,normal,normal,alta,7,historico fim_semana,4.0
D07AE137190M,17,,fim_semana,0.0,0.0,0.01,0.0,0.0,normal,normal,alta,7,historico fim_semana,4.0
D07AE137190M,18,,fim_semana,0.0,0.0,0.01,0.0,0.0,normal,normal,alta,6,historico fim_semana,4.0
D07AE137190M,19,,fim_semana,0.0,0.0,0.01,0.0,0.0,normal,normal,alta,8,historico fim_semana,4.0
D07AE137190M,20,,fim_semana,0.0,0.0,0.01,0.0,0.0,normal,normal,alta,8,historico fim_semana,4.0
D07AE137190M,21,,fim_semana,0.0,0.0,0.01,0.0,0.0,normal,normal,alta,8,historico fim_semana,4.0
D07AE137190M,22,,fim_semana,0.0,0.0,0.01,0.0,0.0,normal,normal,alta,6,historico fim_semana,4.0
D07AE137190M,23,,fim_semana,0.0,0.0,0.01,0.0,0.0,normal,normal,alta,7,historico fim_semana,4.0
D07AE137191N,0,,fim_semana,0.0,0.0,0.01,0.0,0.0,normal,normal,alta,7,historico fim_semana,4.0
D07AE137191N,1,,fim_semana,0.0,0.0,0.01,0.0,0.0,normal,normal,alta,7,historico fim_semana,4.0
D07AE137191N,2,,fim_semana,0.0,0.0,0.01,0.0,0.0,normal,normal,alta,7,historico fim_semana,4.0
D07AE137191N,3,,fim_semana,0.0,0.0,0.01,0.0,0.0,normal,normal,alta,8,historico fim_semana,4.0
D07AE137191N,4,,fim_semana,0.0,0.0,0.01,0.0,0.0,normal,normal,alta,8,historico fim_semana,4.0
D07AE137191N,5,,fim_semana,0.0,0.0,0.01,0.0,0.0,normal,normal,alta,8,historico fim_semana,4.0
D07AE137191N,6,,fim_semana,0.0,0.0,0.01,0.0,0.0,normal,normal,alta,6,historico fim_semana,4.0
D07AE137191N,7,,fim_semana,0.0,0.0,0.01,0.0,0.0,normal,normal,alta,8,historico fim_semana,4.0
D07AE137191N,8,,fim_semana,0.0,0.0,0.01,0.0,0.0,normal,normal,alta,8,historico fim_semana,4.0
D07AE137191N,9,,fim_semana,0.0,0.0,0.01,0.0,0.0,normal,normal,alta,8,historico fim_semana,4.0
D07AE137191N,10,,fim_semana,0.0,0.0,0.01,0.0,0.0,normal,normal,alta,7,historico fim_semana,4.0
D07AE137191N,11,,fim_semana,0.0,0.0,0.01,0.0,0.0,normal,normal,alta,8,historico fim_semana,4.0
D07AE137191N,12,,fim_semana,0.0,0.0,0.01,0.0,0.0,normal,normal,alta,8,historico fim_semana,4.0
D07AE137191N,13,,fim_semana,0.0,0.0,0.01,0.0,0.0,normal,normal,alta,8,historico fim_semana,4.0
D07AE137191N,14,,fim_semana,0.0,0.0,0.01,0.0,0.0,normal,normal,alta,7,historico fim_semana,4.0
D07AE137191N,15,,fim_semana,0.0,0.0,0.01,0.0,0.0,normal,normal,alta,8,historico fim_semana,4.0
D07AE137191N,16,,fim_semana,0.0,0.0,0.01,0.0,0.0,normal,normal,alta,8,historico fim_semana,4.0
D07AE137191N,17,,fim_semana,0.0,0.0,0.01,0.0,0.0,normal,normal,alta,8,historico fim_semana,4.0
D07AE137191N,19,,fim_semana,0.0,0.0,0.01,0.0,0.0,normal,normal,alta,8,historico fim_semana,4.0
D07AE137191N,20,,fim_semana,0.0,0.0,0.01,0.0,0.0,normal,normal,alta,8,historico fim_semana,4.0
D07AE137191N,21,,fim_semana,0.0,0.0,0.01,0.0,0.0,normal,normal,alta,8,historico fim_semana,4.0
D07AE137191N,22,,fim_semana,0.0,0.0,0.01,0.0,0.0,normal,normal,alta,6,historico fim_semana,4.0
D07AE137191N,23,,fim_semana,0.0,0.0,0.01,0.0,0.0,normal,normal,alta,7,historico fim_semana,4.0
D07AE137194,0,,fim_semana,0.0,0.0,0.01,0.0,0.0,normal,normal,alta,7,historico fim_semana,4.0
D07AE137194,1,,fim_semana,0.0,0.0,0.01,0.0,0.0,normal,normal,alta,7,historico fim_semana,4.0
D07AE137194,2,,fim_semana,0.0,0.0,0.01,0.0,0.0,normal,normal,alta,7,historico fim_semana,4.0
D07AE137194,7,,fim_semana,0.0,0.0,0.01,0.0,0.0,normal,normal,alta,7,historico fim_semana,4.0
D07AE137194,8,,fim_semana,0.0,0.0,0.01,0.0,0.0,normal,normal,alta,7,historico fim_semana,4.0
D07AE137194,9,,fim_semana,0.0,0.0,0.01,0.0,0.0,normal,normal,alta,7,historico fim_semana,4.0
D07AE137194,10,,fim_semana,0.0,0.0,0.01,0.0,0.0,normal,normal,alta,7,historico fim_semana,4.0
D07AE137194,11,,fim_semana,0.0,0.0,0.01,0.0,0.0,normal,normal,alta,5,historico fim_semana,4.0
D07AE137194,12,,fim_semana,0.0,0.0,0.01,0.0,0.0,normal,normal,alta,5,historico fim_semana,4.0
D07AE137194,13,,fim_semana,0.0,0.0,0.01,0.0,0.0,normal,normal,alta,5,historico fim_semana,4.0
D07AE137194,14,,fim_semana,0.0,0.0,0.01,0.0,0.0,normal,normal,alta,5,historico fim_semana,4.0
D07AE137194,15,,fim_semana,0.0,0.0,0.01,0.0,0.0,normal,normal,alta,8,historico fim_semana,4.0
D07AE137194,16,,fim_semana,0.0,0.0,0.01,0.0,0.0,normal,normal,alta,8,historico fim_semana,4.0
D07AE137194,17,,fim_semana,0.0,0.0,0.01,0.0,0.0,normal,normal,alta,8,historico fim_semana,4.0
D07AE137194,18,,fim_semana,0.0,0.0,0.01,0.0,0.0,normal,normal,alta,8,historico fim_semana,4.0
D07AE137194,23,,fim_semana,0.0,0.0,0.01,0.0,0.0,normal,normal,alta,7,historico fim_semana,4.0
D08AB044387,0,,fim_semana,0.097,0.2158,0.2685,-0.44,-0.44,normal,normal,alta,6,historico fim_semana,4.0
D08AB044387,1,,fim_semana,0.009,0.0003,0.01,0.87,0.87,normal,normal,alta,6,historico fim_semana,4.0
D08AB044387,2,,fim_semana,0.0,0.003,0.01,-0.3,-0.3,normal,normal,alta,6,historico fim_semana,4.0
D08AB044387,3,,fim_semana,0.0,0.0045,0.01,-0.45,-0.45,normal,normal,alta,6,historico fim_semana,4.0
D08AB044387,20,,fim_semana,0.148,0.0192,0.0156,8.24,8.24,desvio,acima,alta,6,historico fim_semana,4.0
D08AB044387,21,,fim_semana,0.0,0.0028,0.01,-0.28,-0.28,normal,normal,alta,6,historico fim_semana,4.0
D08AB044387,22,,fim_semana,0.015,0.0058,0.01,0.92,0.92,normal,normal,alta,6,historico fim_semana,4.0
D08AB044387,23,,fim_semana,0.01,0.005,0.01,0.5,0.5,normal,normal,alta,6,historico fim_semana,4.0
D08AC357150V,0,,fim_semana,0.007,0.0068,0.01,0.02,0.02,normal,normal,alta,5,historico fim_semana,4.0
D08AC357150V,1,,fim_semana,0.001,0.002,0.01,-0.1,-0.1,normal,normal,alta,5,historico fim_semana,4.0
D08AC357150V,2,,fim_semana,0.001,0.0022,0.01,-0.12,-0.12,normal,normal,alta,5,historico fim_semana,4.0
D08AC357150V,3,,fim_semana,0.0,0.1156,0.2551,-0.45,-0.45,normal,normal,alta,5,historico fim_semana,4.0
D08AC357150V,4,,fim_semana,0.0,0.0046,0.01,-0.46,-0.46,normal,normal,alta,5,historico fim_semana,4.0
D08AC357150V,5,,fim_semana,0.018,0.0082,0.01,0.98,0.98,normal,normal,alta,5,historico fim_semana,4.0
D08AC357150V,6,,fim_semana,0.03,0.0284,0.01,0.16,0.16,normal,normal,alta,5,historico fim_semana,4.0
D08AC357150V,15,,fim_semana,0.995,0.2552,0.2206,3.35,3.35,normal,normal,alta,6,historico fim_semana,4.0
D08AC357150V,16,,fim_semana,0.096,0.0668,0.0352,0.83,0.83,normal,normal,alta,6,historico fim_semana,4.0
D08AC357150V,17,,fim_semana,0.11,0.0467,0.0504,1.26,1.26,normal,normal,alta,6,historico fim_semana,4.0
D08AC357150V,18,,fim_semana,0.113,0.09,0.027,0.85,0.85,normal,normal,alta,6,historico fim_semana,4.0
D08AC357150V,19,,fim_semana,0.08,0.1402,0.0351,-1.72,-1.72,normal,normal,alta,5,historico fim_semana,4.0
D08AC357150V,20,,fim_semana,0.131,0.0786,0.0222,2.36,2.36,normal,normal,alta,5,historico fim_semana,4.0
D08AC357150V,21,,fim_semana,0.139,0.068,0.0415,1.71,1.71,normal,normal,alta,5,historico fim_semana,4.0
D08AC357150V,22,,fim_semana,0.063,0.0418,0.0312,0.68,0.68,normal,normal,alta,5,historico fim_semana,4.0
D08AC395031B,0,,fim_semana,0.025,0.0318,0.0315,-0.21,-0.21,normal,normal,alta,8,historico fim_semana,4.0
D08AC395031B,1,,fim_semana,0.139,0.0206,0.024,4.93,4.93,desvio,acima,alta,8,historico fim_semana,4.0
D08AC395031B,2,,fim_semana,0.041,0.0279,0.0323,0.41,0.41,normal,normal,alta,8,historico fim_semana,4.0
D08AC395031B,3,,fim_semana,0.072,0.0068,0.01,6.52,6.52,desvio,acima,alta,8,historico fim_semana,4.0
D08AC395031B,4,,fim_semana,0.072,0.0037,0.01,6.82,6.82,desvio,acima,alta,8,historico fim_semana,4.0
D08AC395031B,5,,fim_semana,0.16,0.0044,0.01,10.0,15.56,desvio,acima,alta,8,historico fim_semana,4.0
D08AC395031B,6,,fim_semana,0.037,0.0084,0.0123,2.32,2.32,normal,normal,alta,8,historico fim_semana,4.0
D08AC395031B,7,,fim_semana,0.07,0.0199,0.0237,2.12,2.12,normal,normal,alta,8,historico fim_semana,4.0
D08AC395031B,8,,fim_semana,0.032,0.0293,0.0188,0.15,0.15,normal,normal,alta,8,historico fim_semana,4.0
D08AC395031B,9,,fim_semana,0.024,0.08,0.0883,-0.63,-0.63,normal,normal,alta,8,historico fim_semana,4.0
D08AC395031B,10,,fim_semana,0.038,0.0924,0.074,-0.73,-0.73,normal,normal,alta,8,historico fim_semana,4.0
D08AC395031B,11,,fim_semana,0.023,0.0516,0.0301,-0.95,-0.95,normal,normal,alta,8,historico fim_semana,4.0
D08AC395031B,12,,fim_semana,0.136,0.0432,0.026,3.57,3.57,normal,normal,alta,8,historico fim_semana,4.0
D08AC395031B,13,,fim_semana,0.058,0.0585,0.0444,-0.01,-0.01,normal,normal,alta,8,historico fim_semana,4.0
D08AC395031B,14,,fim_semana,0.052,0.0333,0.033,0.57,0.57,normal,normal,alta,8,historico fim_semana,4.0
D08AC395031B,15,,fim_semana,0.057,0.0149,0.0121,3.49,3.49,normal,normal,alta,8,historico fim_semana,4.0
D08AC395031B,16,,fim_semana,0.026,0.0326,0.0452,-0.15,-0.15,normal,normal,alta,8,historico fim_semana,4.0
D08AC395031B,17,,fim_semana,0.001,0.0183,0.0194,-0.89,-0.89,normal,normal,alta,8,historico fim_semana,4.0
D08AC395031B,18,,fim_semana,0.049,0.0349,0.0382,0.37,0.37,normal,normal,alta,8,historico fim_semana,4.0
D08AC395031B,19,,fim_semana,0.118,0.052,0.0383,1.72,1.72,normal,normal,alta,8,historico fim_semana,4.0
D08AC395031B,20,,fim_semana,0.068,0.0485,0.0437,0.45,0.45,normal,normal,alta,8,historico fim_semana,4.0
D08AC395031B,21,,fim_semana,0.022,0.0229,0.0199,-0.04,-0.04,normal,normal,alta,8,historico fim_semana,4.0
D08AC395031B,22,,fim_semana,0.006,0.0387,0.0321,-1.02,-1.02,normal,normal,alta,8,historico fim_semana,4.0
D08AC395031B,23,,fim_semana,0.015,0.0234,0.0198,-0.43,-0.43,normal,normal,alta,7,historico fim_semana,4.0
D09AC220451,0,,fim_semana,0.0,0.0,0.01,0.0,0.0,normal,normal,alta,8,historico fim_semana,4.0
D09AC220451,1,,fim_semana,0.0,0.0,0.01,0.0,0.0,normal,normal,alta,8,historico fim_semana,4.0
D09AC220451,2,,fim_semana,0.0,0.0,0.01,0.0,0.0,normal,normal,alta,8,historico fim_semana,4.0
D09AC220451,3,,fim_semana,0.0,0.0,0.01,0.0,0.0,normal,normal,alta,8,historico fim_semana,4.0
D09AC220451,4,,fim_semana,0.0,0.0,0.01,0.0,0.0,normal,normal,alta,8,historico fim_semana,4.0
D09AC220451,5,,fim_semana,0.0,0.0,0.01,0.0,0.0,normal,normal,alta,8,historico fim_semana,4.0
D09AC220451,6,,fim_semana,0.0,0.0,0.01,0.0,0.0,normal,normal,alta,8,historico fim_semana,4.0
D09AC220451,7,,fim_semana,0.0,0.0,0.01,0.0,0.0,normal,normal,alta,8,historico fim_semana,4.0
D09AC220451,8,,fim_semana,0.0,0.0,0.01,0.0,0.0,normal,normal,alta,8,historico fim_semana,4.0
D09AC220451,9,,fim_semana,0.0,0.0,0.01,0.0,0.0,normal,normal,alta,8,historico fim_semana,4.0
D09AC220451,10,,fim_semana,0.0,0.0,0.01,0.0,0.0,normal,normal,alta,8,historico fim_semana,4.0
D09AC220451,11,,fim_semana,0.0,0.0,0.01,0.0,0.0,normal,normal,alta,7,historico fim_semana,4.0
D09AC220451,12,,fim_semana,0.0,0.0,0.01,0.0,0.0,normal,normal,alta,8,historico fim_semana,4.0
D09AC220451,13,,fim_semana,0.0,0.0,0.01,0.0,0.0,normal,normal,alta,8,historico fim_semana,4.0
D09AC220451,14,,fim_semana,0.0,0.0,0.01,0.0,0.0,normal,normal,alta,8,historico fim_semana,4.0
D09AC220451,15,,fim_semana,0.0,0.0,0.01,0.0,0.0,normal,normal,alta,8,historico fim_semana,4.0
D09AC220451,16,,fim_semana,0.0,0.0,0.01,0.0,0.0,normal,normal,alta,8,historico fim_semana,4.0
D09AC220451,17,,fim_semana,0.0,0.0,0.01,0.0,0.0,normal,normal,alta,8,historico fim_semana,4.0
D09AC220451,18,,fim_semana,0.0,0.0,0.01,0.0,0.0,normal,normal,alta,8,historico fim_semana,4.0
D09AC220451,19,,fim_semana,0.0,0.0,0.01,0.0,0.0,normal,normal,alta,8,historico fim_semana,4.0
D09AC220451,20,,fim_semana,0.0,0.0,0.01,0.0,0.0,normal,normal,alta,8,historico fim_semana,4.0
D09AC220451,21,,fim_semana,0.0,0.0,0.01,0.0,0.0,normal,normal,alta,8,historico fim_semana,4.0
D09AC220451,22,,fim_semana,0.0,0.0,0.01,0.0,0.0,normal,normal,alta,8,historico fim_semana,4.0
D09AC220451,23,,fim_semana,0.0,0.0,0.01,0.0,0.0,normal,normal,alta,8,historico fim_semana,4.0
D09AE219774A,0,,fim_semana,0.0,0.0,0.01,0.0,0.0,normal,normal,alta,5,historico fim_semana,4.0
D09AE219774A,1,,fim_semana,0.0,0.0,0.01,0.0,0.0,normal,normal,alta,5,historico fim_semana,4.0
D09AE219774A,2,,fim_semana,0.0,0.0,0.01,0.0,0.0,normal,normal,alta,5,historico fim_semana,4.0
D09AE219774A,3,,fim_semana,0.0,0.0,0.01,0.0,0.0,normal,normal,alta,5,historico fim_semana,4.0
D09AE219774A,4,,fim_semana,0.0,0.0,0.01,0.0,0.0,normal,normal,alta,5,historico fim_semana,4.0
D09AE219774A,5,,fim_semana,0.0,0.0,0.01,0.0,0.0,normal,normal,alta,5,historico fim_semana,4.0
D09AE219774A,6,,fim_semana,0.0,0.0,0.01,0.0,0.0,normal,normal,baixa,4,historico fim_semana (poucos dados),4.0
D09AE219774A,7,,fim_semana,0.0,0.0,0.01,0.0,0.0,normal,normal,alta,5,historico fim_semana,4.0
D09AE219774A,8,,fim_semana,0.0,0.0,0.01,0.0,0.0,normal,normal,alta,5,historico fim_semana,4.0
D09AE219774A,9,,fim_semana,0.0,0.0,0.01,0.0,0.0,normal,normal,alta,5,historico fim_semana,4.0
D09AE219774A,10,,fim_semana,0.0,0.0,0.01,0.0,0.0,normal,normal,alta,5,historico fim_semana,4.0
D09AE219774A,11,,fim_semana,0.0,0.0,0.01,0.0,0.0,normal,normal,alta,5,historico fim_semana,4.0
D09AE219774A,12,,fim_semana,0.0,0.0,0.01,0.0,0.0,normal,normal,alta,5,historico fim_semana,4.0
D09AE219774A,13,,fim_semana,0.0,0.0,0.01,0.0,0.0,normal,normal,alta,5,historico fim_semana,4.0
D09AE219774A,14,,fim_semana,0.0,0.0,0.01,0.0,0.0,normal,normal,alta,5,historico fim_semana,4.0
D09AE219774A,15,,fim_semana,0.0,0.0,0.01,0.0,0.0,normal,normal,alta,5,historico fim_semana,4.0
D09AE219774A,16,,fim_semana,0.0,0.0,0.01,0.0,0.0,normal,normal,alta,5,historico fim_semana,4.0
D09AE219774A,17,,fim_semana,0.0,0.0,0.01,0.0,0.0,normal,normal,alta,5,historico fim_semana,4.0
D09AE219774A,18,,fim_semana,0.0,0.0,0.01,0.0,0.0,normal,normal,alta,5,historico fim_semana,4.0
D09AE219774A,19,,fim_semana,0.0,0.0,0.01,0.0,0.0,normal,normal,alta,5,historico fim_semana,4.0
D09AE219774A,20,,fim_semana,0.0,0.0,0.01,0.0,0.0,normal,normal,alta,5,historico fim_semana,4.0
D09AE219774A,21,,fim_semana,0.0,0.0,0.01,0.0,0.0,normal,normal,alta,5,historico fim_semana,4.0
D09AE219774A,22,,fim_semana,0.0,0.0,0.01,0.0,0.0,normal,normal,alta,5,historico fim_semana,4.0
D09AE219774A,23,,fim_semana,0.0,0.0,0.01,0.0,0.0,normal,normal,alta,5,historico fim_semana,4.0
D09JE246112R,0,,fim_semana,0.0,0.0,0.01,0.0,0.0,normal,normal,alta,5,historico fim_semana,4.0
D09JE246112R,1,,fim_semana,0.0,0.0,0.01,0.0,0.0,normal,normal,alta,5,historico fim_semana,4.0
D09JE246112R,2,,fim_semana,0.0,0.0,0.01,0.0,0.0,normal,normal,alta,5,historico fim_semana,4.0
D09JE246112R,3,,fim_semana,0.0,0.0,0.01,0.0,0.0,normal,normal,alta,5,historico fim_semana,4.0
D09JE246112R,4,,fim_semana,0.0,0.0,0.01,0.0,0.0,normal,normal,alta,5,historico fim_semana,4.0
D09JE246112R,5,,fim_semana,0.0,0.0,0.01,0.0,0.0,normal,normal,alta,5,historico fim_semana,4.0
D09JE246112R,6,,fim_semana,0.0,0.0,0.01,0.0,0.0,normal,normal,alta,5,historico fim_semana,4.0
D09JE246112R,7,,fim_semana,0.0,0.0,0.01,0.0,0.0,normal,normal,alta,5,historico fim_semana,4.0
D09JE246112R,8,,fim_semana,0.0,0.0,0.01,0.0,0.0,normal,normal,alta,5,historico fim_semana,4.0
D09JE246112R,9,,fim_semana,0.0,0.0,0.01,0.0,0.0,normal,normal,alta,5,historico fim_semana,4.0
D09JE246112R,10,,fim_semana,0.0,0.0,0.01,0.0,0.0,normal,normal,alta,5,historico fim_semana,4.0
D09JE246112R,11,,fim_semana,0.0,0.0,0.01,0.0,0.0,normal,normal,alta,5,historico fim_semana,4.0
D09JE246112R,12,,fim_semana,0.0,0.0,0.01,0.0,0.0,normal,normal,alta,5,historico fim_semana,4.0
D09JE246112R,13,,fim_semana,0.0,0.0,0.01,0.0,0.0,normal,normal,alta,5,historico fim_semana,4.0
D09JE246112R,14,,fim_semana,0.0,0.0,0.01,0.0,0.0,normal,normal,alta,5,historico fim_semana,4.0
D09JE246112R,15,,fim_semana,0.0,0.0,0.01,0.0,0.0,normal,normal,alta,5,historico fim_semana,4.0
D09JE246112R,16,,fim_semana,0.0,0.0,0.01,0.0,0.0,normal,normal,alta,5,historico fim_semana,4.0
D09JE246112R,17,,fim_semana,0.0,0.0,0.01,0.0,0.0,normal,normal,alta,5,historico fim_semana,4.0
D09JE246112R,18,,fim_semana,0.0,0.0,0.01,0.0,0.0,normal,normal,alta,5,historico fim_semana,4.0
D09JE246112R,19,,fim_semana,0.0,0.0,0.01,0.0,0.0,normal,normal,alta,5,historico fim_semana,4.0
D09JE246112R,20,,fim_semana,0.0,0.0,0.01,0.0,0.0,normal,normal,alta,5,historico fim_semana,4.0
D09JE246112R,21,,fim_semana,0.0,0.0,0.01,0.0,0.0,normal,normal,alta,5,historico fim_semana,4.0
D09JE246112R,22,,fim_semana,0.0,0.0,0.01,0.0,0.0,normal,normal,alta,5,historico fim_semana,4.0
D09JE246112R,23,,fim_semana,0.0,0.0,0.01,0.0,0.0,normal,normal,alta,5,historico fim_semana,4.0
D09OF265615K,0,,fim_semana,0.0,0.0,0.01,0.0,0.0,normal,normal,alta,8,historico fim_semana,4.0
D09OF265615K,1,,fim_semana,0.0,0.0,0.01,0.0,0.0,normal,normal,alta,8,historico fim_semana,4.0
D09OF265615K,2,,fim_semana,0.0,0.0,0.01,0.0,0.0,normal,normal,alta,8,historico fim_semana,4.0
D09OF265615K,3,,fim_semana,0.0,0.0,0.01,0.0,0.0,normal,normal,alta,8,historico fim_semana,4.0
D09OF265615K,4,,fim_semana,0.0,0.0,0.01,0.0,0.0,normal,normal,alta,8,historico fim_semana,4.0
D09OF265615K,5,,fim_semana,0.0,0.0,0.01,0.0,0.0,normal,normal,alta,8,historico fim_semana,4.0
D09OF265615K,6,,fim_semana,0.0,0.0,0.01,0.0,0.0,normal,normal,alta,8,historico fim_semana,4.0
D09OF265615K,7,,fim_semana,0.0,0.0,0.01,0.0,0.0,normal,normal,alta,8,historico fim_semana,4.0
D09OF265615K,8,,fim_semana,0.0,0.0,0.01,0.0,0.0,normal,normal,alta,8,historico fim_semana,4.0
D09OF265615K,9,,fim_semana,0.0,0.0,0.01,0.0,0.0,normal,normal,alta,8,historico fim_semana,4.0
D09OF265615K,10,,fim_semana,0.0,0.0,0.01,0.0,0.0,normal,normal,alta,8,historico fim_semana,4.0
D09OF265615K,11,,fim_semana,0.0,0.0,0.01,0.0,0.0,normal,normal,alta,8,historico fim_semana,4.0
D09OF265615K,12,,fim_semana,0.0,0.0,0.01,0.0,0.0,normal,normal,alta,7,historico fim_semana,4.0
D09OF265615K,13,,fim_semana,0.0,0.0,0.01,0.0,0.0,normal,normal,alta,7,historico fim_semana,4.0
D09OF265615K,14,,fim_semana,0.0,0.0,0.01,0.0,0.0,normal,normal,alta,7,historico fim_semana,4.0
D09OF265615K,15,,fim_semana,0.0,0.0,0.01,0.0,0.0,normal,normal,alta,7,historico fim_semana,4.0
D09OF265615K,16,,fim_semana,0.0,0.0,0.01,0.0,0.0,normal,normal,alta,8,historico fim_semana,4.0
D09OF265615K,17,,fim_semana,0.0,0.0,0.01,0.0,0.0,normal,normal,alta,8,historico fim_semana,4.0
D09OF265615K,18,,fim_semana,0.0,0.0,0.01,0.0,0.0,normal,normal,alta,8,historico fim_semana,4.0
D09OF265615K,19,,fim_semana,0.0,0.0,0.01,0.0,0.0,normal,normal,alta,8,historico fim_semana,4.0
D09OF265615K,20,,fim_semana,0.0,0.0,0.01,0.0,0.0,normal,normal,alta,7,historico fim_semana,4.0
D09OF265615K,21,,fim_semana,0.0,0.0,0.01,0.0,0.0,normal,normal,alta,7,historico fim_semana,4.0
D09OF265615K,22,,fim_semana,0.0,0.0,0.01,0.0,0.0,normal,normal,alta,7,historico fim_semana,4.0
D09OF265615K,23,,fim_semana,0.0,0.0,0.01,0.0,0.0,normal,normal,alta,7,historico fim_semana,4.0
D10JC069091G,0,,fim_semana,0.0,0.0,0.01,0.0,0.0,normal,normal,alta,8,historico fim_semana,4.0
D10JC069091G,1,,fim_semana,0.0,0.0,0.01,0.0,0.0,normal,normal,alta,8,historico fim_semana,4.0
D10JC069091G,2,,fim_semana,0.0,0.0,0.01,0.0,0.0,normal,normal,alta,8,historico fim_semana,4.0
D10JC069091G,3,,fim_semana,0.0,0.0,0.01,0.0,0.0,normal,normal,alta,8,historico fim_semana,4.0
D10JC069091G,4,,fim_semana,0.0,0.0,0.01,0.0,0.0,normal,normal,alta,8,historico fim_semana,4.0
D10JC069091G,5,,fim_semana,0.0,0.0,0.01,0.0,0.0,normal,normal,alta,8,historico fim_semana,4.0
D10JC069091G,6,,fim_semana,0.0,0.0,0.01,0.0,0.0,normal,normal,alta,8,historico fim_semana,4.0
D10JC069091G,7,,fim_semana,0.0,0.0,0.01,0.0,0.0,normal,normal,alta,8,historico fim_semana,4.0
D10JC069091G,8,,fim_semana,0.0,0.0,0.01,0.0,0.0,normal,normal,alta,8,historico fim_semana,4.0
D10JC069091G,9,,fim_semana,0.0,0.0,0.01,0.0,0.0,normal,normal,alta,8,historico fim_semana,4.0
D10JC069091G,10,,fim_semana,0.0,0.0,0.01,0.0,0.0,normal,normal,alta,8,historico fim_semana,4.0
D10JC069091G,11,,fim_semana,0.0,0.0,0.01,0.0,0.0,normal,normal,alta,8,historico fim_semana,4.0
D10JC069091G,12,,fim_semana,0.001,0.0004,0.01,0.06,0.06,normal,normal,alta,8,historico fim_semana,4.0
D10JC069091G,13,,fim_semana,0.0,0.0001,0.01,-0.01,-0.01,normal,normal,alta,8,historico fim_semana,4.0
D10JC069091G,14,,fim_semana,0.0,0.0001,0.01,-0.01,-0.01,normal,normal,alta,8,historico fim_semana,4.0
D10JC069091G,15,,fim_semana,0.0,0.0,0.01,0.0,0.0,normal,normal,alta,8,historico fim_semana,4.0
D10JC069091G,16,,fim_semana,0.0,0.0003,0.01,-0.03,-0.03,normal,normal,alta,8,historico fim_semana,4.0
D10JC069091G,17,,fim_semana,0.0,0.0001,0.01,-0.01,-0.01,normal,normal,alta,8,historico fim_semana,4.0
D10JC069091G,18,,fim_semana,0.001,0.0,0.01,0.1,0.1,normal,normal,alta,8,historico fim_semana,4.0
D10JC069091G,19,,fim_semana,0.0,0.0,0.01,0.0,0.0,normal,normal,alta,8,historico fim_semana,4.0
D10JC069091G,20,,fim_semana,0.0,0.0,0.01,0.0,0.0,normal,normal,alta,8,historico fim_semana,4.0
D10JC069091G,21,,fim_semana,0.0,0.0,0.01,0.0,0.0,normal,normal,alta,8,historico fim_semana,4.0
D10JC069091G,22,,fim_semana,0.0,0.0,0.01,0.0,0.0,normal,normal,alta,8,historico fim_semana,4.0
D10JC069091G,23,,fim_semana,0.0,0.0001,0.01,-0.01,-0.01,normal,normal,alta,8,historico fim_semana,4.0
D10JC116614G,0,,fim_semana,0.0,0.0,0.01,0.0,0.0,normal,normal,alta,6,historico fim_semana,4.0
D10JC116614G,4,,fim_semana,0.0,0.0,0.01,0.0,0.0,normal,normal,alta,6,historico fim_semana,4.0
D10JC116614G,5,,fim_semana,0.0,0.0,0.01,0.0,0.0,normal,normal,alta,6,historico fim_semana,4.0
D10JC116614G,6,,fim_semana,0.0,0.0,0.01,0.0,0.0,normal,normal,alta,6,historico fim_semana,4.0
D10JC116614G,7,,fim_semana,0.0,0.0,0.01,0.0,0.0,normal,normal,alta,6,historico fim_semana,4.0
D10JC116614G,12,,fim_semana,0.0,0.0,0.01,0.0,0.0,normal,normal,baixa,4,historico fim_semana (poucos dados),4.0
D10JC116614G,13,,fim_semana,0.0,0.0,0.01,0.0,0.0,normal,normal,alta,6,historico fim_semana,4.0
D10JC116614G,14,,fim_semana,0.0,0.0,0.01,0.0,0.0,normal,normal,alta,6,historico fim_semana,4.0
D10JC116614G,15,,fim_semana,0.0,0.0,0.01,0.0,0.0,normal,normal,alta,6,historico fim_semana,4.0
D10JC116614G,16,,fim_semana,0.0,0.0,0.01,0.0,0.0,normal,normal,alta,6,historico fim_semana,4.0
D10JC116614G,17,,fim_semana,0.0,0.0,0.01,0.0,0.0,normal,normal,alta,8,historico fim_semana,4.0
D10JC116614G,18,,fim_semana,0.0,0.0,0.01,0.0,0.0,normal,normal,alta,8,historico fim_semana,4.0
D10JC116614G,19,,fim_semana,0.0,0.0,0.01,0.0,0.0,normal,normal,alta,8,historico fim_semana,4.0
D10JE044291W,0,,fim_semana,0.0,0.0,0.01,0.0,0.0,normal,normal,alta,5,historico fim_semana,4.0
D10JE044291W,1,,fim_semana,0.0,0.0,0.01,0.0,0.0,normal,normal,alta,7,historico fim_semana,4.0
D10JE044291W,2,,fim_semana,0.0,0.0,0.01,0.0,0.0,normal,normal,alta,7,historico fim_semana,4.0
D10JE044291W,3,,fim_semana,0.0,0.0,0.01,0.0,0.0,normal,normal,alta,7,historico fim_semana,4.0
D10JE044291W,4,,fim_semana,0.0,0.0,0.01,0.0,0.0,normal,normal,alta,7,historico fim_semana,4.0
D10JE044291W,5,,fim_semana,0.0,0.0,0.01,0.0,0.0,normal,normal,alta,7,historico fim_semana,4.0
D10JE044291W,6,,fim_semana,0.0,0.0,0.01,0.0,0.0,normal,normal,alta,7,historico fim_semana,4.0
D10JE044291W,7,,fim_semana,0.0,0.0,0.01,0.0,0.0,normal,normal,alta,7,historico fim_semana,4.0
D10JE044291W,8,,fim_semana,0.0,0.0,0.01,0.0,0.0,normal,normal,alta,7,historico fim_semana,4.0
D10JE044291W,9,,fim_semana,0.0,0.0,0.01,0.0,0.0,normal,normal,alta,5,historico fim_semana,4.0
D10JE044291W,10,,fim_semana,0.0,0.0,0.01,0.0,0.0,normal,normal,alta,5,historico fim_semana,4.0
D10JE044291W,11,,fim_semana,0.0,0.0,0.01,0.0,0.0,normal,normal,alta,5,historico fim_semana,4.0
D10JE044291W,12,,fim_semana,0.0,0.0,0.01,0.0,0.0,normal,normal,alta,5,historico fim_semana,4.0
D10JE044291W,13,,fim_semana,0.0,0.0,0.01,0.0,0.0,normal,normal,alta,8,historico fim_semana,4.0
D10JE044291W,14,,fim_semana,0.0,0.0,0.01,0.0,0.0,normal,normal,alta,8,historico fim_semana,4.0
D10JE044291W,15,,fim_semana,0.0,0.0,0.01,0.0,0.0,normal,normal,alta,8,historico fim_semana,4.0
D10JE044291W,16,,fim_semana,0.0,0.0,0.01,0.0,0.0,normal,normal,alta,8,historico fim_semana,4.0
D10JE044291W,17,,fim_semana,0.0,0.0,0.01,0.0,0.0,normal,normal,alta,6,historico fim_semana,4.0
D10JE044291W,18,,fim_semana,0.0,0.0,0.01,0.0,0.0,normal,normal,alta,6,historico fim_semana,4.0
D10JE044291W,19,,fim_semana,0.0,0.0,0.01,0.0,0.0,normal,normal,alta,6,historico fim_semana,4.0
D10JE044291W,20,,fim_semana,0.0,0.0,0.01,0.0,0.0,normal,normal,alta,6,historico fim_semana,4.0
D10JE044291W,21,,fim_semana,0.0,0.0,0.01,0.0,0.0,normal,normal,alta,6,historico fim_semana,4.0
D10JE044291W,22,,fim_semana,0.0,0.0,0.01,0.0,0.0,normal,normal,alta,6,historico fim_semana,4.0
D10JE044291W,23,,fim_semana,0.0,0.0,0.01,0.0,0.0,normal,normal,alta,6,historico fim_semana,4.0
D10JE067404J,0,,fim_semana,0.0,0.0,0.01,0.0,0.0,normal,normal,alta,6,historico fim_semana,4.0
D10JE067404J,1,,fim_semana,0.0,0.0,0.01,0.0,0.0,normal,normal,alta,6,historico fim_semana,4.0
D10JE067404J,2,,fim_semana,0.0,0.0,0.01,0.0,0.0,normal,normal,alta,6,historico fim_semana,4.0
D10JE067404J,3,,fim_semana,0.0,0.0,0.01,0.0,0.0,normal,normal,alta,6,historico fim_semana,4.0
D10JE067404J,8,,fim_semana,0.0,0.0,0.01,0.0,0.0,normal,normal,baixa,3,historico fim_semana (poucos dados),4.0
D10JE067404J,9,,fim_semana,0.0,0.0,0.01,0.0,0.0,normal,normal,baixa,4,historico fim_semana (poucos dados),4.0
D10JE067404J,10,,fim_semana,0.0,0.0,0.01,0.0,0.0,normal,normal,baixa,4,historico fim_semana (poucos dados),4.0
D10JE067404J,11,,fim_semana,0.0,0.0,0.01,0.0,0.0,normal,normal,baixa,4,historico fim_semana (poucos dados),4.0
D10JE067404J,16,,fim_semana,0.0,0.0,0.01,0.0,0.0,normal,normal,alta,8,historico fim_semana,4.0
D10JE067404J,17,,fim_semana,0.0,0.0,0.01,0.0,0.0,normal,normal,alta,6,historico fim_semana,4.0
D10JE067404J,18,,fim_semana,0.0,0.0,0.01,0.0,0.0,normal,normal,alta,6,historico fim_semana,4.0
D10JE067404J,19,,fim_semana,0.0,0.0,0.01,0.0,0.0,normal,normal,alta,6,historico fim_semana,4.0
D10JE102675,0,,fim_semana,0.0,0.0,0.01,0.0,0.0,normal,normal,alta,6,historico fim_semana,4.0
D10JE102675,1,,fim_semana,0.0,0.0,0.01,0.0,0.0,normal,normal,alta,6,historico fim_semana,4.0
D10JE102675,2,,fim_semana,0.0,0.0,0.01,0.0,0.0,normal,normal,alta,8,historico fim_semana,4.0
D10JE102675,3,,fim_semana,0.0,0.0,0.01,0.0,0.0,normal,normal,alta,8,historico fim_semana,4.0
D10JE102675,4,,fim_semana,0.0,0.0,0.01,0.0,0.0,normal,normal,alta,8,historico fim_semana,4.0
D10JE102675,5,,fim_semana,0.0,0.0,0.01,0.0,0.0,normal,normal,alta,8,historico fim_semana,4.0
D10JE102675,6,,fim_semana,0.0,0.0,0.01,0.0,0.0,normal,normal,alta,6,historico fim_semana,4.0
D10JE102675,7,,fim_semana,0.0,0.0,0.01,0.0,0.0,normal,normal,alta,6,historico fim_semana,4.0
D10JE102675,8,,fim_semana,0.0,0.0,0.01,0.0,0.0,normal,normal,alta,6,historico fim_semana,4.0
D10JE102675,9,,fim_semana,0.0,0.0,0.01,0.0,0.0,normal,normal,alta,6,historico fim_semana,4.0
D10JE102675,14,,fim_semana,0.0,0.0,0.01,0.0,0.0,normal,normal,alta,6,historico fim_semana,4.0
D10JE102675,15,,fim_semana,0.0,0.0,0.01,0.0,0.0,normal,normal,alta,6,historico fim_semana,4.0
D10JE102675,16,,fim_semana,0.0,0.0,0.01,0.0,0.0,normal,normal,alta,6,historico fim_semana,4.0
D10JE102675,17,,fim_semana,0.0,0.0,0.01,0.0,0.0,normal,normal,alta,6,historico fim_semana,4.0
D10JE102675,18,,fim_semana,0.0,0.0,0.01,0.0,0.0,normal,normal,alta,7,historico fim_semana,4.0
D10JE102675,19,,fim_semana,0.0,0.0,0.01,0.0,0.0,normal,normal,alta,7,historico fim_semana,4.0
D10JE102675,20,,fim_semana,0.0,0.0,0.01,0.0,0.0,normal,normal,alta,7,historico fim_semana,4.0
D10JE102675,21,,fim_semana,0.0,0.0,0.01,0.0,0.0,normal,normal,alta,7,historico fim_semana,4.0
D10JE102675,22,,fim_semana,0.0,0.0,0.01,0.0,0.0,normal,normal,alta,7,historico fim_semana,4.0
D10JE102675,23,,fim_semana,0.0,0.0,0.01,0.0,0.0,normal,normal,alta,7,historico fim_semana,4.0
D10OF068767,0,,fim_semana,0.0,0.0,0.01,0.0,0.0,normal,normal,alta,8,historico fim_semana,4.0
D10OF068767,1,,fim_semana,0.0,0.0,0.01,0.0,0.0,normal,normal,alta,8,historico fim_semana,4.0
D10OF068767,2,,fim_semana,0.0,0.0,0.01,0.0,0.0,normal,normal,alta,8,historico fim_semana,4.0
D10OF068767,3,,fim_semana,0.0,0.0,0.01,0.0,0.0,normal,normal,alta,8,historico fim_semana,4.0
D10OF068767,4,,fim_semana,0.0,0.0,0.01,0.0,0.0,normal,normal,alta,8,historico fim_semana,4.0
D10OF068767,5,,fim_semana,0.0,0.0,0.01,0.0,0.0,normal,normal,alta,8,historico fim_semana,4.0
D10OF068767,6,,fim_semana,0.0,0.0,0.01,0.0,0.0,normal,normal,alta,8,historico fim_semana,4.0
D10OF068767,7,,fim_semana,0.0,0.0,0.01,0.0,0.0,normal,normal,alta,8,historico fim_semana,4.0
D10OF068767,8,,fim_semana,0.0,0.0,0.01,0.0,0.0,normal,normal,alta,8,historico fim_semana,4.0
D10OF068767,9,,fim_semana,0.0,0.0,0.01,0.0,0.0,normal,normal,alta,8,historico fim_semana,4.0
D10OF068767,10,,fim_semana,0.0,0.75,2.1213,-0.35,-0.35,normal,normal,alta,8,historico fim_semana,4.0
D10OF068767,11,,fim_semana,0.0,0.3125,0.8839,-0.35,-0.35,normal,normal,alta,8,historico fim_semana,4.0
D10OF068767,12,,fim_semana,0.0,0.35,0.9899,-0.35,-0.35,normal,normal,alta,8,historico fim_semana,4.0
D10OF068767,13,,fim_semana,0.0,0.325,0.9192,-0.35,-0.35,normal,normal,alta,8,historico fim_semana,4.0
D10OF068767,14,,fim_semana,0.0,0.325,0.9192,-0.35,-0.35,normal,normal,alta,8,historico fim_semana,4.0
D10OF068767,15,,fim_semana,0.0,0.35,0.9899,-0.35,-0.35,normal,normal,alta,8,historico fim_semana,4.0
D10OF068767,16,,fim_semana,0.0,0.325,0.9192,-0.35,-0.35,normal,normal,alta,8,historico fim_semana,4.0
D10OF068767,17,,fim_semana,0.0,0.3875,1.096,-0.35,-0.35,normal,normal,alta,8,historico fim_semana,4.0
D10OF068767,18,,fim_semana,0.0,0.0125,0.0354,-0.35,-0.35,normal,normal,alta,8,historico fim_semana,4.0
D10OF068767,19,,fim_semana,0.0,0.0,0.01,0.0,0.0,normal,normal,alta,8,historico fim_semana,4.0
D10OF068767,20,,fim_semana,0.0,0.0,0.01,0.0,0.0,normal,normal,alta,8,historico fim_semana,4.0
D10OF068767,21,,fim_semana,0.0,0.0,0.01,0.0,0.0,normal,normal,alta,8,historico fim_semana,4.0
D10OF068767,22,,fim_semana,0.0,0.0,0.01,0.0,0.0,normal,normal,alta,8,historico fim_semana,4.0
D10OF068767,23,,fim_semana,0.0,0.0,0.01,0.0,0.0,normal,normal,alta,8,historico fim_semana,4.0
D11JC109182T,2,,fim_semana,0.0,0.0,0.01,0.0,0.0,normal,normal,alta,7,historico fim_semana,4.0
D11JC109182T,3,,fim_semana,0.0,0.0,0.01,0.0,0.0,normal,normal,alta,7,historico fim_semana,4.0
D11JC109182T,4,,fim_semana,0.0,0.0,0.01,0.0,0.0,normal,normal,alta,7,historico fim_semana,4.0
D11JC109182T,5,,fim_semana,0.0,0.0,0.01,0.0,0.0,normal,normal,alta,7,historico fim_semana,4.0
D11JC109182T,6,,fim_semana,0.0,0.0,0.01,0.0,0.0,normal,normal,baixa,4,historico fim_semana (poucos dados),4.0
D11JC109182T,7,,fim_semana,0.0,0.0,0.01,0.0,0.0,normal,normal,baixa,4,historico fim_semana (poucos dados),4.0
D11JC109182T,8,,fim_semana,0.0,0.0,0.01,0.0,0.0,normal,normal,baixa,4,historico fim_semana (poucos dados),4.0
D11JC109182T,9,,fim_semana,0.0,0.0,0.01,0.0,0.0,normal,normal,baixa,4,historico fim_semana (poucos dados),4.0
D11JC109182T,10,,fim_semana,0.0,0.0,0.01,0.0,0.0,normal,normal,alta,5,historico fim_semana,4.0
D11JC109182T,11,,fim_semana,0.0,0.0,0.01,0.0,0.0,normal,normal,alta,5,historico fim_semana,4.0
D11JC109182T,12,,fim_semana,0.0,0.0,0.01,0.0,0.0,normal,normal,alta,5,historico fim_semana,4.0
D11JC109182T,13,,fim_semana,0.0,0.0,0.01,0.0,0.0,normal,normal,alta,5,historico fim_semana,4.0
D11JC109182T,18,,fim_semana,0.0,0.0,0.01,0.0,0.0,normal,normal,baixa,4,historico fim_semana (poucos dados),4.0
D11JC109182T,19,,fim_semana,0.0,0.0,0.01,0.0,0.0,normal,normal,baixa,4,historico fim_semana (poucos dados),4.0
D11JC109182T,20,,fim_semana,0.0,0.0,0.01,0.0,0.0,normal,normal,baixa,4,historico fim_semana (poucos dados),4.0
D11JC109182T,21,,fim_semana,0.0,0.0,0.01,0.0,0.0,normal,normal,baixa,4,historico fim_semana (poucos dados),4.0
D11JC109182T,22,,fim_semana,0.0,0.0,0.01,0.0,0.0,normal,normal,alta,7,historico fim_semana,4.0
D11JC109182T,23,,fim_semana,0.0,0.0,0.01,0.0,0.0,normal,normal,alta,7,historico fim_semana,4.0
D11JE109235D,0,,fim_semana,0.089,0.0983,0.0246,-0.38,-0.38,normal,normal,baixa,4,historico fim_semana (poucos dados),4.0
D11JE109235D,1,,fim_semana,0.093,0.1028,0.0257,-0.38,-0.38,normal,normal,baixa,4,historico fim_semana (poucos dados),4.0
D11JE109235D,2,,fim_semana,0.095,0.1068,0.0267,-0.44,-0.44,normal,normal,baixa,4,historico fim_semana (poucos dados),4.0
D11JE109235D,3,,fim_semana,0.097,0.3152,0.376,-0.58,-0.58,normal,normal,alta,6,historico fim_semana,4.0
D11JE109235D,4,,fim_semana,0.098,0.1107,0.0277,-0.46,-0.46,normal,normal,alta,6,historico fim_semana,4.0
D11JE109235D,5,,fim_semana,0.099,0.111,0.0277,-0.43,-0.43,normal,normal,alta,6,historico fim_semana,4.0
D11JE109235D,6,,fim_semana,0.415,0.4658,0.2038,-0.25,-0.25,normal,normal,alta,6,historico fim_semana,4.0
D11JE109235D,7,,fim_semana,0.11,0.2368,0.2832,-0.45,-0.45,normal,normal,alta,6,historico fim_semana,4.0
D11JE109235D,8,,fim_semana,0.181,0.1583,0.0784,0.29,0.29,normal,normal,alta,6,historico fim_semana,4.0
D11JE109235D,9,,fim_semana,0.128,0.3587,0.2034,-1.13,-1.13,normal,normal,alta,6,historico fim_semana,4.0
D11JE109235D,10,,fim_semana,1.085,0.6712,0.5135,0.81,0.81,normal,normal,alta,6,historico fim_semana,4.0
D11JE109235D,11,,fim_semana,0.147,0.192,0.0602,-0.75,-0.75,normal,normal,alta,6,historico fim_semana,4.0
D11JE109235D,12,,fim_semana,0.91,0.909,0.3598,0.0,0.0,normal,normal,alta,6,historico fim_semana,4.0
D11JE109235D,13,,fim_semana,0.148,0.5727,0.3975,-1.07,-1.07,normal,normal,alta,6,historico fim_semana,4.0
D11JE109235D,14,,fim_semana,0.085,0.4548,0.3851,-0.96,-0.96,normal,normal,alta,6,historico fim_semana,4.0
D11JE109235D,15,,fim_semana,0.074,0.2856,0.1089,-1.94,-1.94,normal,normal,alta,5,historico fim_semana,4.0
D11JE109235D,16,,fim_semana,0.08,0.5644,0.3535,-1.37,-1.37,normal,normal,alta,5,historico fim_semana,4.0
D11JE109235D,17,,fim_semana,0.097,0.698,0.7781,-0.77,-0.77,normal,normal,alta,5,historico fim_semana,4.0
D11JE109235D,18,,fim_semana,0.101,0.2824,0.1862,-0.97,-0.97,normal,normal,alta,5,historico fim_semana,4.0
D11JE109235D,19,,fim_semana,0.068,0.8964,1.0341,-0.8,-0.8,normal,normal,alta,5,historico fim_semana,4.0
D11JE109235D,20,,fim_semana,0.066,0.5002,0.6111,-0.71,-0.71,normal,normal,alta,5,historico fim_semana,4.0
D11JE109235D,21,,fim_semana,0.144,0.498,0.7719,-0.46,-0.46,normal,normal,alta,5,historico fim_semana,4.0
D11JE109235D,22,,fim_semana,0.085,0.0866,0.0217,-0.07,-0.07,normal,normal,alta,5,historico fim_semana,4.0
D11JE109235D,23,,fim_semana,0.083,0.2588,0.3978,-0.44,-0.44,normal,normal,alta,6,historico fim_semana,4.0
D11JE117987H,10,,fim_semana,0.0,0.0,0.01,0.0,0.0,normal,normal,baixa,3,historico fim_semana (poucos dados),4.0
D11JE117987H,11,,fim_semana,0.0,0.0,0.01,0.0,0.0,normal,normal,baixa,3,historico fim_semana (poucos dados),4.0
D11JE117987H,12,,fim_semana,0.0,0.0,0.01,0.0,0.0,normal,normal,baixa,3,historico fim_semana (poucos dados),4.0
D11JE117987H,13,,fim_semana,0.0,0.0,0.01,0.0,0.0,normal,normal,baixa,3,historico fim_semana (poucos dados),4.0
D11JE117987H,14,,fim_semana,0.0,0.0,0.01,0.0,0.0,normal,normal,alta,6,historico fim_semana,4.0
D11JE117987H,15,,fim_semana,0.0,0.0,0.01,0.0,0.0,normal,normal,alta,6,historico fim_semana,4.0
D11JE117987H,16,,fim_semana,0.0,0.0,0.01,0.0,0.0,normal,normal,alta,6,historico fim_semana,4.0
D11JE117987H,17,,fim_semana,0.0,0.0,0.01,0.0,0.0,normal,normal,alta,6,historico fim_semana,4.0
D12JC097899,0,,fim_semana,0.0,0.0,0.01,0.0,0.0,normal,normal,alta,7,historico fim_semana,4.0
D12JC097899,1,,fim_semana,0.0,0.0,0.01,0.0,0.0,normal,normal,alta,8,historico fim_semana,4.0
D12JC097899,2,,fim_semana,0.0,0.0,0.01,0.0,0.0,normal,normal,alta,8,historico fim_semana,4.0
D12JC097899,3,,fim_semana,0.0,0.0,0.01,0.0,0.0,normal,normal,alta,8,historico fim_semana,4.0
D12JC097899,4,,fim_semana,0.0,0.0,0.01,0.0,0.0,normal,normal,alta,8,historico fim_semana,4.0
D12JC097899,5,,fim_semana,0.0,0.0,0.01,0.0,0.0,normal,normal,alta,7,historico fim_semana,4.0
D12JC097899,6,,fim_semana,0.0,0.0,0.01,0.0,0.0,normal,normal,alta,7,historico fim_semana,4.0
D12JC097899,7,,fim_semana,0.0,0.0,0.01,0.0,0.0,normal,normal,alta,7,historico fim_semana,4.0
D12JC097899,8,,fim_semana,0.0,0.0,0.01,0.0,0.0,normal,normal,alta,7,historico fim_semana,4.0
D12JC097899,9,,fim_semana,0.0,0.0,0.01,0.0,0.0,normal,normal,baixa,4,historico fim_semana (poucos dados),4.0
D12JC097899,10,,fim_semana,0.0,0.0,0.01,0.0,0.0,normal,normal,alta,5,historico fim_semana,4.0
D12JC097899,11,,fim_semana,0.0,0.0,0.01,0.0,0.0,normal,normal,alta,5,historico fim_semana,4.0
D12JC097899,12,,fim_semana,0.0,0.0,0.01,0.0,0.0,normal,normal,alta,5,historico fim_semana,4.0
D12JC097899,13,,fim_semana,0.0,0.0,0.01,0.0,0.0,normal,normal,alta,6,historico fim_semana,4.0
D12JC097899,14,,fim_semana,0.0,0.0,0.01,0.0,0.0,normal,normal,alta,6,historico fim_semana,4.0
D12JC097899,15,,fim_semana,0.0,0.0,0.01,0.0,0.0,normal,normal,alta,6,historico fim_semana,4.0
D12JC097899,16,,fim_semana,0.0,0.0,0.01,0.0,0.0,normal,normal,alta,6,historico fim_semana,4.0
D12JC097899,18,,fim_semana,0.0,0.0,0.01,0.0,0.0,normal,normal,alta,8,historico fim_semana,4.0
D12JC097899,19,,fim_semana,0.0,0.0,0.01,0.0,0.0,normal,normal,alta,8,historico fim_semana,4.0
D12JC097899,20,,fim_semana,0.0,0.0,0.01,0.0,0.0,normal,normal,alta,8,historico fim_semana,4.0
D12JC097899,21,,fim_semana,0.0,0.0,0.01,0.0,0.0,normal,normal,alta,6,historico fim_semana,4.0
D12JC113924X,0,,fim_semana,0.0,0.0,0.01,0.0,0.0,normal,normal,alta,7,historico fim_semana,4.0
D12JC113924X,1,,fim_semana,0.0,0.0,0.01,0.0,0.0,normal,normal,alta,7,historico fim_semana,4.0
D12JC113924X,2,,fim_semana,0.0,0.0,0.01,0.0,0.0,normal,normal,alta,7,historico fim_semana,4.0
D12JC113924X,3,,fim_semana,0.0,0.0,0.01,0.0,0.0,normal,normal,alta,7,historico fim_semana,4.0
D12JC113924X,4,,fim_semana,0.0,0.0,0.01,0.0,0.0,normal,normal,alta,8,historico fim_semana,4.0
D12JC113924X,5,,fim_semana,0.0,0.0,0.01,0.0,0.0,normal,normal,alta,8,historico fim_semana,4.0
D12JC113924X,6,,fim_semana,0.0,0.0,0.01,0.0,0.0,normal,normal,alta,8,historico fim_semana,4.0
D12JC113924X,7,,fim_semana,0.0,0.0,0.01,0.0,0.0,normal,normal,alta,8,historico fim_semana,4.0
D12JC113924X,8,,fim_semana,0.0,0.0,0.01,0.0,0.0,normal,normal,alta,7,historico fim_semana,4.0
D12JC113924X,9,,fim_semana,0.0,0.0,0.01,0.0,0.0,normal,normal,alta,7,historico fim_semana,4.0
D12JC113924X,10,,fim_semana,0.0,0.0,0.01,0.0,0.0,normal,normal,alta,7,historico fim_semana,4.0
D12JC113924X,11,,fim_semana,0.0,0.0,0.01,0.0,0.0,normal,normal,alta,7,historico fim_semana,4.0
D12JC113924X,12,,fim_semana,0.0,0.0,0.01,0.0,0.0,normal,normal,alta,8,historico fim_semana,4.0
D12JC113924X,13,,fim_semana,0.0,0.0,0.01,0.0,0.0,normal,normal,alta,8,historico fim_semana,4.0
D12JC113924X,14,,fim_semana,0.0,0.0,0.01,0.0,0.0,normal,normal,alta,8,historico fim_semana,4.0
D12JC113924X,15,,fim_semana,0.0,0.0,0.01,0.0,0.0,normal,normal,alta,8,historico fim_semana,4.0
D12JC113924X,16,,fim_semana,0.0,0.0,0.01,0.0,0.0,normal,normal,alta,8,historico fim_semana,4.0
D12JC113924X,17,,fim_semana,0.0,0.0,0.01,0.0,0.0,normal,normal,alta,8,historico fim_semana,4.0
D12JC113924X,18,,fim_semana,0.0,0.0,0.01,0.0,0.0,normal,normal,alta,8,historico fim_semana,4.0
D12JC113924X,19,,fim_semana,0.0,0.0,0.01,0.0,0.0,normal,normal,alta,8,historico fim_semana,4.0
D12JC113924X,20,,fim_semana,0.0,0.0,0.01,0.0,0.0,normal,normal,alta,8,historico fim_semana,4.0
D12JC113924X,21,,fim_semana,0.0,0.0,0.01,0.0,0.0,normal,normal,alta,8,historico fim_semana,4.0
D12JC113924X,22,,fim_semana,0.0,0.0,0.01,0.0,0.0,normal,normal,alta,8,historico fim_semana,4.0
D12JC113924X,23,,fim_semana,0.0,0.0,0.01,0.0,0.0,normal,normal,alta,8,historico fim_semana,4.0
D12XF094973V,0,,fim_semana,0.28,0.29,0.2423,-0.04,-0.04,normal,normal,alta,8,historico fim_semana,4.0
D12XF094973V,1,,fim_semana,0.05,0.2338,0.2294,-0.8,-0.8,normal,normal,alta,8,historico fim_semana,4.0
D12XF094973V,2,,fim_semana,0.0,0.18,0.2147,-0.84,-0.84,normal,normal,alta,8,historico fim_semana,4.0
D12XF094973V,3,,fim_semana,0.0,0.1363,0.2104,-0.65,-0.65,normal,normal,alta,8,historico fim_semana,4.0
D12XF094973V,4,,fim_semana,0.0,0.0975,0.2125,-0.46,-0.46,normal,normal,alta,8,historico fim_semana,4.0
D12XF094973V,5,,fim_semana,0.0,0.0875,0.2121,-0.41,-0.41,normal,normal,alta,8,historico fim_semana,4.0
D12XF094973V,6,,fim_semana,0.0,0.0862,0.2123,-0.41,-0.41,normal,normal,alta,8,historico fim_semana,4.0
D12XF094973V,7,,fim_semana,0.0,0.0937,0.2022,-0.46,-0.46,normal,normal,alta,8,historico fim_semana,4.0
D12XF094973V,8,,fim_semana,0.23,1.3388,1.397,-0.79,-0.79,normal,normal,alta,8,historico fim_semana,4.0
D12XF094973V,9,,fim_semana,0.66,2.4387,2.4385,-0.73,-0.73,normal,normal,alta,8,historico fim_semana,4.0
D12XF094973V,10,,fim_semana,0.58,2.1187,1.8139,-0.85,-0.85,normal,normal,alta,8,historico fim_semana,4.0
D12XF094973V,11,,fim_semana,2.35,2.8925,2.1158,-0.26,-0.26,normal,normal,alta,8,historico fim_semana,4.0
D12XF094973V,12,,fim_semana,6.74,3.8775,2.0805,1.38,1.38,normal,normal,alta,8,historico fim_semana,4.0
D12XF094973V,13,,fim_semana,5.01,3.4663,1.614,0.96,0.96,normal,normal,alta,8,historico fim_semana,4.0
D12XF094973V,14,,fim_semana,2.83,2.5213,1.7357,0.18,0.18,normal,normal,alta,8,historico fim_semana,4.0
D12XF094973V,15,,fim_semana,1.63,1.595,1.3897,0.03,0.03,normal,normal,alta,8,historico fim_semana,4.0
D12XF094973V,16,,fim_semana,0.87,1.1325,0.8336,-0.31,-0.31,normal,normal,alta,8,historico fim_semana,4.0
D12XF094973V,17,,fim_semana,0.54,0.8375,0.5124,-0.58,-0.58,normal,normal,alta,8,historico fim_semana,4.0
D12XF094973V,18,,fim_semana,0.37,0.755,0.528,-0.73,-0.73,normal,normal,alta,8,historico fim_semana,4.0
D12XF094973V,19,,fim_semana,0.25,1.1063,1.0041,-0.85,-0.85,normal,normal,alta,8,historico fim_semana,4.0
D12XF094973V,20,,fim_semana,0.0,1.1938,1.181,-1.01,-1.01,normal,normal,alta,8,historico fim_semana,4.0
D12XF094973V,21,,fim_semana,0.0,0.6575,0.6643,-0.99,-0.99,normal,normal,alta,8,historico fim_semana,4.0
D12XF094973V,22,,fim_semana,0.0,0.2963,0.3294,-0.9,-0.9,normal,normal,alta,8,historico fim_semana,4.0
D12XF094973V,23,,fim_semana,0.0,0.23,0.2771,-0.83,-0.83,normal,normal,alta,8,historico fim_semana,4.0
D13XF126371P,0,,fim_semana,0.0,0.0,0.01,0.0,0.0,normal,normal,alta,8,historico fim_semana,4.0
D13XF126371P,1,,fim_semana,0.0,0.0,0.01,0.0,0.0,normal,normal,alta,8,historico fim_semana,4.0
D13XF126371P,2,,fim_semana,0.0,0.0,0.01,0.0,0.0,normal,normal,alta,8,historico fim_semana,4.0
D13XF126371P,3,,fim_semana,0.0,0.0,0.01,0.0,0.0,normal,normal,alta,8,historico fim_semana,4.0
D13XF126371P,4,,fim_semana,0.0,0.0,0.01,0.0,0.0,normal,normal,alta,8,historico fim_semana,4.0
D13XF126371P,5,,fim_semana,0.0,0.0,0.01,0.0,0.0,normal,normal,alta,8,historico fim_semana,4.0
D13XF126371P,6,,fim_semana,0.0,0.0037,0.0106,-0.35,-0.35,normal,normal,alta,8,historico fim_semana,4.0
D13XF126371P,7,,fim_semana,0.0,0.005,0.0141,-0.35,-0.35,normal,normal,alta,8,historico fim_semana,4.0
D13XF126371P,8,,fim_semana,0.0,0.0513,0.141,-0.36,-0.36,normal,normal,alta,8,historico fim_semana,4.0
D13XF126371P,9,,fim_semana,0.0,0.0063,0.0177,-0.35,-0.35,normal,normal,alta,8,historico fim_semana,4.0
D13XF126371P,10,,fim_semana,0.0,0.0238,0.0672,-0.35,-0.35,normal,normal,alta,8,historico fim_semana,4.0
D13XF126371P,11,,fim_semana,0.0,0.04,0.1092,-0.37,-0.37,normal,normal,alta,8,historico fim_semana,4.0
D13XF126371P,12,,fim_semana,0.0,0.0075,0.0212,-0.35,-0.35,normal,normal,alta,8,historico fim_semana,4.0
D13XF126371P,13,,fim_semana,0.0,0.0037,0.01,-0.38,-0.38,normal,normal,alta,8,historico fim_semana,4.0
D13XF126371P,14,,fim_semana,0.0,0.0025,0.01,-0.25,-0.25,normal,normal,alta,8,historico fim_semana,4.0
D13XF126371P,15,,fim_semana,0.0,0.01,0.0185,-0.54,-0.54,normal,normal,alta,8,historico fim_semana,4.0
D13XF126371P,16,,fim_semana,0.0,0.0013,0.01,-0.12,-0.12,normal,normal,alta,8,historico fim_semana,4.0
D13XF126371P,17,,fim_semana,0.0,0.0,0.01,0.0,0.0,normal,normal,alta,8,historico fim_semana,4.0
D13XF126371P,18,,fim_semana,0.0,0.0,0.01,0.0,0.0,normal,normal,alta,8,historico fim_semana,4.0
D13XF126371P,19,,fim_semana,0.0,0.0,0.01,0.0,0.0,normal,normal,alta,8,historico fim_semana,4.0
D13XF126371P,20,,fim_semana,0.0,0.0,0.01,0.0,0.0,normal,normal,alta,8,historico fim_semana,4.0
D13XF126371P,21,,fim_semana,0.0,0.0,0.01,0.0,0.0,normal,normal,alta,8,historico fim_semana,4.0
D13XF126371P,22,,fim_semana,0.0,0.0,0.01,0.0,0.0,normal,normal,alta,8,historico fim_semana,4.0
D13XF126371P,23,,fim_semana,0.0,0.0,0.01,0.0,0.0,normal,normal,alta,8,historico fim_semana,4.0
D14XF111533Z,0,,fim_semana,0.0,0.0,0.01,0.0,0.0,normal,normal,alta,8,historico fim_semana,4.0
D14XF111533Z,1,,fim_semana,0.0,0.0,0.01,0.0,0.0,normal,normal,alta,8,historico fim_semana,4.0
D14XF111533Z,2,,fim_semana,0.0,0.0,0.01,0.0,0.0,normal,normal,alta,8,historico fim_semana,4.0
D14XF111533Z,3,,fim_semana,0.0,0.0,0.01,0.0,0.0,normal,normal,alta,8,historico fim_semana,4.0
D14XF111533Z,4,,fim_semana,0.0,0.0,0.01,0.0,0.0,normal,normal,alta,8,historico fim_semana,4.0
D14XF111533Z,5,,fim_semana,0.0,0.0,0.01,0.0,0.0,normal,normal,alta,8,historico fim_semana,4.0
D14XF111533Z,6,,fim_semana,0.0,0.0,0.01,0.0,0.0,normal,normal,alta,8,historico fim_semana,4.0
D14XF111533Z,7,,fim_semana,0.0,0.0,0.01,0.0,0.0,normal,normal,alta,8,historico fim_semana,4.0
D14XF111533Z,8,,fim_semana,0.0,0.0,0.01,0.0,0.0,normal,normal,alta,8,historico fim_semana,4.0
D14XF111533Z,9,,fim_semana,0.0,0.0,0.01,0.0,0.0,normal,normal,alta,8,historico fim_semana,4.0
D14XF111533Z,10,,fim_semana,0.0,0.0,0.01,0.0,0.0,normal,normal,alta,8,historico fim_semana,4.0
D14XF111533Z,11,,fim_semana,0.0,0.0,0.01,0.0,0.0,normal,normal,alta,8,historico fim_semana,4.0
D14XF111533Z,12,,fim_semana,0.0,0.0,0.01,0.0,0.0,normal,normal,alta,8,historico fim_semana,4.0
D14XF111533Z,13,,fim_semana,0.0,0.0,0.01,0.0,0.0,normal,normal,alta,8,historico fim_semana,4.0
D14XF111533Z,14,,fim_semana,0.0,0.0,0.01,0.0,0.0,normal,normal,alta,8,historico fim_semana,4.0
D14XF111533Z,15,,fim_semana,0.0,0.0,0.01,0.0,0.0,normal,normal,alta,8,historico fim_semana,4.0
D14XF111533Z,16,,fim_semana,0.0,0.0,0.01,0.0,0.0,normal,normal,alta,8,historico fim_semana,4.0
D14XF111533Z,17,,fim_semana,0.0,0.0,0.01,0.0,0.0,normal,normal,alta,8,historico fim_semana,4.0
D14XF111533Z,18,,fim_semana,0.0,0.0,0.01,0.0,0.0,normal,normal,alta,8,historico fim_semana,4.0
D14XF111533Z,19,,fim_semana,0.0,0.0,0.01,0.0,0.0,normal,normal,alta,8,historico fim_semana,4.0
D14XF111533Z,20,,fim_semana,0.0,0.0,0.01,0.0,0.0,normal,normal,alta,8,historico fim_semana,4.0
D14XF111533Z,21,,fim_semana,0.0,0.0,0.01,0.0,0.0,normal,normal,alta,8,historico fim_semana,4.0
D14XF111533Z,22,,fim_semana,0.0,0.0,0.01,0.0,0.0,normal,normal,alta,8,historico fim_semana,4.0
D14XF111533Z,23,,fim_semana,0.0,0.0,0.01,0.0,0.0,normal,normal,alta,8,historico fim_semana,4.0
D15XF072893,1,,fim_semana,0.0,0.0,0.01,0.0,0.0,normal,normal,alta,8,historico fim_semana,4.0
D15XF072893,2,,fim_semana,0.0,0.0,0.01,0.0,0.0,normal,normal,alta,8,historico fim_semana,4.0
D15XF072893,3,,fim_semana,0.0,0.0,0.01,0.0,0.0,normal,normal,alta,8,historico fim_semana,4.0
D15XF072893,4,,fim_semana,0.0,0.0,0.01,0.0,0.0,normal,normal,alta,8,historico fim_semana,4.0
D15XF072893,13,,fim_semana,1.67,0.2175,0.1571,9.25,9.25,desvio,acima,alta,8,historico fim_semana,4.0
D15XF072893,14,,fim_semana,0.28,0.2213,0.2549,0.23,0.23,normal,normal,alta,8,historico fim_semana,4.0
D15XF072893,15,,fim_semana,0.46,0.3713,0.3763,0.24,0.24,normal,normal,alta,8,historico fim_semana,4.0
D15XF072893,16,,fim_semana,0.22,0.3025,0.2881,-0.29,-0.29,normal,normal,alta,8,historico fim_semana,4.0
D15XF072893,17,,fim_semana,0.55,0.2225,0.3335,0.98,0.98,normal,normal,alta,8,historico fim_semana,4.0
D15XF072893,18,,fim_semana,0.24,0.24,0.311,0.0,0.0,normal,normal,alta,8,historico fim_semana,4.0
D15XF072893,19,,fim_semana,0.46,0.1425,0.2314,1.37,1.37,normal,normal,alta,8,historico fim_semana,4.0
D15XF072893,20,,fim_semana,0.39,0.125,0.1475,1.8,1.8,normal,normal,alta,6,historico fim_semana,4.0
D15XF072893,21,,fim_semana,0.38,0.0312,0.0806,4.33,4.33,desvio,acima,alta,8,historico fim_semana,4.0
D15XF072893,22,,fim_semana,0.4,0.0,0.01,10.0,40.0,desvio,acima,alta,8,historico fim_semana,4.0
D15XF072893,23,,fim_semana,0.4,0.0,0.01,10.0,40.0,desvio,acima,alta,8,historico fim_semana,4.0
D16BA133407,0,,fim_semana,0.0,0.0,0.01,0.0,0.0,normal,normal,alta,8,historico fim_semana,4.0
D16BA133407,1,,fim_semana,0.0,0.0,0.01,0.0,0.0,normal,normal,alta,8,historico fim_semana,4.0
D16BA133407,2,,fim_semana,0.0,0.0,0.01,0.0,0.0,normal,normal,alta,8,historico fim_semana,4.0
D16BA133407,3,,fim_semana,0.0,0.0,0.01,0.0,0.0,normal,normal,alta,8,historico fim_semana,4.0
D16BA133407,4,,fim_semana,0.0,0.0,0.01,0.0,0.0,normal,normal,alta,8,historico fim_semana,4.0
D16BA133407,5,,fim_semana,0.0,0.0,0.01,0.0,0.0,normal,normal,alta,8,historico fim_semana,4.0
D16BA133407,6,,fim_semana,0.0,0.0,0.01,0.0,0.0,normal,normal,alta,8,historico fim_semana,4.0
D16BA133407,7,,fim_semana,0.0,0.0,0.01,0.0,0.0,normal,normal,alta,8,historico fim_semana,4.0
D16BA133407,8,,fim_semana,0.0,0.0,0.01,0.0,0.0,normal,normal,alta,8,historico fim_semana,4.0
D16BA133407,9,,fim_semana,0.158,0.0889,0.044,1.57,1.57,normal,normal,alta,8,historico fim_semana,4.0
D16BA133407,10,,fim_semana,1.658,1.5215,0.3804,0.36,0.36,normal,normal,alta,8,historico fim_semana,4.0
D16BA133407,11,,fim_semana,1.55,1.0146,0.556,0.96,0.96,normal,normal,alta,8,historico fim_semana,4.0
D16BA133407,12,,fim_semana,0.024,0.1686,0.2926,-0.49,-0.49,normal,normal,alta,8,historico fim_semana,4.0
D16BA133407,13,,fim_semana,0.026,0.0215,0.01,0.45,0.45,normal,normal,alta,8,historico fim_semana,4.0
D16BA133407,14,,fim_semana,0.031,0.0232,0.01,0.78,0.78,normal,normal,alta,8,historico fim_semana,4.0
D16BA133407,15,,fim_semana,0.038,0.024,0.0127,1.1,1.1,normal,normal,alta,8,historico fim_semana,4.0
D16BA133407,16,,fim_semana,0.032,0.0276,0.0128,0.34,0.34,normal,normal,alta,8,historico fim_semana,4.0
D16BA133407,17,,fim_semana,0.038,0.027,0.0122,0.9,0.9,normal,normal,alta,8,historico fim_semana,4.0
D16BA133407,18,,fim_semana,0.034,0.0198,0.0108,1.31,1.31,normal,normal,alta,8,historico fim_semana,4.0
D16BA133407,19,,fim_semana,0.0,0.0,0.01,0.0,0.0,normal,normal,alta,8,historico fim_semana,4.0
D16BA133407,20,,fim_semana,0.0,0.0,0.01,0.0,0.0,normal,normal,alta,8,historico fim_semana,4.0
D16BA133407,21,,fim_semana,0.0,0.0,0.01,0.0,0.0,normal,normal,alta,8,historico fim_semana,4.0
D16BA133407,22,,fim_semana,0.0,0.0,0.01,0.0,0.0,normal,normal,alta,8,historico fim_semana,4.0
D16BA133407,23,,fim_semana,0.0,0.0,0.01,0.0,0.0,normal,normal,alta,8,historico fim_semana,4.0
D16BX009413,0,,fim_semana,0.0,0.0,0.01,0.0,0.0,normal,normal,alta,8,historico fim_semana,4.0
D16BX009413,1,,fim_semana,0.0,0.0,0.01,0.0,0.0,normal,normal,alta,8,historico fim_semana,4.0
D16BX009413,2,,fim_semana,0.0,0.0,0.01,0.0,0.0,normal,normal,alta,8,historico fim_semana,4.0
D16BX009413,3,,fim_semana,0.0,0.0,0.01,0.0,0.0,normal,normal,alta,8,historico fim_semana,4.0
D16BX009413,4,,fim_semana,0.0,0.0,0.01,0.0,0.0,normal,normal,alta,8,historico fim_semana,4.0
D16BX009413,5,,fim_semana,0.0,0.0,0.01,0.0,0.0,normal,normal,alta,8,historico fim_semana,4.0
D16BX009413,6,,fim_semana,0.0,0.0,0.01,0.0,0.0,normal,normal,alta,8,historico fim_semana,4.0
D16BX009413,7,,fim_semana,0.0,0.0,0.01,0.0,0.0,normal,normal,alta,8,historico fim_semana,4.0
D16BX009413,8,,fim_semana,0.0,0.0,0.01,0.0,0.0,normal,normal,alta,8,historico fim_semana,4.0
D16BX009413,9,,fim_semana,0.0,0.0,0.01,0.0,0.0,normal,normal,alta,8,historico fim_semana,4.0
D16BX009413,10,,fim_semana,0.0,0.0,0.01,0.0,0.0,normal,normal,alta,8,historico fim_semana,4.0
D16BX009413,11,,fim_semana,0.0,0.0,0.01,0.0,0.0,normal,normal,alta,8,historico fim_semana,4.0
D16BX009413,12,,fim_semana,0.0,0.0,0.01,0.0,0.0,normal,normal,alta,8,historico fim_semana,4.0
D16BX009413,13,,fim_semana,0.0,0.0,0.01,0.0,0.0,normal,normal,alta,8,historico fim_semana,4.0
D16BX009413,14,,fim_semana,0.0,0.0,0.01,0.0,0.0,normal,normal,alta,8,historico fim_semana,4.0
D16BX009413,15,,fim_semana,0.0,0.0,0.01,0.0,0.0,normal,normal,alta,8,historico fim_semana,4.0
D16BX009413,16,,fim_semana,0.0,0.0,0.01,0.0,0.0,normal,normal,alta,8,historico fim_semana,4.0
D16BX009413,17,,fim_semana,0.0,0.0,0.01,0.0,0.0,normal,normal,alta,8,historico fim_semana,4.0
D16BX009413,18,,fim_semana,0.0,0.0,0.01,0.0,0.0,normal,normal,alta,8,historico fim_semana,4.0
D16BX009413,19,,fim_semana,0.0,0.0,0.01,0.0,0.0,normal,normal,alta,8,historico fim_semana,4.0
D16BX009413,20,,fim_semana,0.0,0.0,0.01,0.0,0.0,normal,normal,alta,8,historico fim_semana,4.0
D16BX009413,21,,fim_semana,0.0,0.0,0.01,0.0,0.0,normal,normal,alta,8,historico fim_semana,4.0
D16BX009413,22,,fim_semana,0.0,0.0,0.01,0.0,0.0,normal,normal,alta,8,historico fim_semana,4.0
D16BX009413,23,,fim_semana,0.0,0.0,0.01,0.0,0.0,normal,normal,alta,8,historico fim_semana,4.0
D16BX009425,2,,fim_semana,0.0,0.0178,0.0437,-0.41,-0.41,normal,normal,alta,6,historico fim_semana,4.0
D16BX009425,3,,fim_semana,0.0,0.0,0.01,0.0,0.0,normal,normal,alta,6,historico fim_semana,4.0
D16BX009425,4,,fim_semana,0.0,0.0,0.01,0.0,0.0,normal,normal,alta,6,historico fim_semana,4.0
D16BX009425,5,,fim_semana,0.0,0.0,0.01,0.0,0.0,normal,normal,alta,6,historico fim_semana,4.0
D16BX009425,6,,fim_semana,0.0,0.0,0.01,0.0,0.0,normal,normal,alta,6,historico fim_semana,4.0
D16BX009425,7,,fim_semana,0.0,0.0,0.01,0.0,0.0,normal,normal,alta,6,historico fim_semana,4.0
D16BX009425,8,,fim_semana,0.0,0.0,0.01,0.0,0.0,normal,normal,alta,6,historico fim_semana,4.0
D16BX009425,9,,fim_semana,0.002,0.0,0.01,0.2,0.2,normal,normal,alta,6,historico fim_semana,4.0
D16BX009425,10,,fim_semana,0.002,0.0,0.01,0.2,0.2,normal,normal,alta,5,historico fim_semana,4.0
D16BX009425,11,,fim_semana,0.016,0.0032,0.01,1.28,1.28,normal,normal,alta,5,historico fim_semana,4.0
D16BX009425,12,,fim_semana,0.042,0.0014,0.01,4.06,4.06,desvio,acima,alta,5,historico fim_semana,4.0
D16BX009425,13,,fim_semana,0.04,0.0018,0.01,3.82,3.82,normal,normal,alta,5,historico fim_semana,4.0
D16BX009425,14,,fim_semana,0.018,0.0036,0.01,1.44,1.44,normal,normal,alta,7,historico fim_semana,4.0
D16BX009425,15,,fim_semana,0.008,0.0106,0.0198,-0.13,-0.13,normal,normal,alta,7,historico fim_semana,4.0
D16BX009425,16,,fim_semana,0.026,0.0094,0.0169,0.98,0.98,normal,normal,alta,7,historico fim_semana,4.0
D16BX009425,17,,fim_semana,0.058,0.0206,0.0277,1.35,1.35,normal,normal,alta,7,historico fim_semana,4.0
D16BX009425,18,,fim_semana,0.017,0.0211,0.0266,-0.16,-0.16,normal,normal,alta,7,historico fim_semana,4.0
D16BX009425,19,,fim_semana,0.094,0.0174,0.0415,1.85,1.85,normal,normal,alta,7,historico fim_semana,4.0
D16BX009425,20,,fim_semana,0.0,0.0166,0.0315,-0.53,-0.53,normal,normal,alta,7,historico fim_semana,4.0
D16BX009425,21,,fim_semana,0.0,0.0117,0.0177,-0.66,-0.66,normal,normal,alta,7,historico fim_semana,4.0
D16BX009425,22,,fim_semana,0.0,0.0122,0.0262,-0.47,-0.47,normal,normal,alta,5,historico fim_semana,4.0
D16BX009425,23,,fim_semana,0.0,0.0002,0.01,-0.02,-0.02,normal,normal,alta,5,historico fim_semana,4.0
D16BX009428,0,,fim_semana,0.185,0.1863,0.0466,-0.03,-0.03,normal,normal,alta,7,historico fim_semana,4.0
D16BX009428,1,,fim_semana,0.186,0.187,0.0467,-0.02,-0.02,normal,normal,alta,8,historico fim_semana,4.0
D16BX009428,2,,fim_semana,0.184,0.1872,0.0468,-0.07,-0.07,normal,normal,alta,8,historico fim_semana,4.0
D16BX009428,3,,fim_semana,0.185,0.1871,0.0468,-0.05,-0.05,normal,normal,alta,8,historico fim_semana,4.0
D16BX009428,4,,fim_semana,0.184,0.1874,0.0468,-0.07,-0.07,normal,normal,alta,8,historico fim_semana,4.0
D16BX009428,5,,fim_semana,0.185,0.21,0.0667,-0.37,-0.37,normal,normal,alta,8,historico fim_semana,4.0
D16BX009428,6,,fim_semana,0.184,0.1857,0.0464,-0.04,-0.04,normal,normal,alta,8,historico fim_semana,4.0
D16BX009428,7,,fim_semana,0.185,0.185,0.0462,0.0,0.0,normal,normal,alta,8,historico fim_semana,4.0
D16BX009428,9,,fim_semana,0.183,0.1837,0.0459,-0.02,-0.02,normal,normal,alta,7,historico fim_semana,4.0
D16BX009428,10,,fim_semana,0.182,0.182,0.0455,0.0,0.0,normal,normal,alta,7,historico fim_semana,4.0
D16BX009428,11,,fim_semana,0.179,0.1844,0.0461,-0.12,-0.12,normal,normal,alta,7,historico fim_semana,4.0
D16BX009428,12,,fim_semana,0.179,0.2776,0.2641,-0.37,-0.37,normal,normal,alta,8,historico fim_semana,4.0
D16BX009428,13,,fim_semana,0.36,0.1894,0.0473,3.6,3.6,normal,normal,alta,8,historico fim_semana,4.0
D16BX009428,14,,fim_semana,0.184,0.1864,0.0466,-0.05,-0.05,normal,normal,alta,8,historico fim_semana,4.0
D16BX009428,15,,fim_semana,0.184,0.1895,0.0474,-0.12,-0.12,normal,normal,alta,8,historico fim_semana,4.0
D16BX009428,16,,fim_semana,0.184,0.1963,0.0491,-0.25,-0.25,normal,normal,alta,7,historico fim_semana,4.0
D16BX009428,17,,fim_semana,0.187,0.1933,0.0483,-0.13,-0.13,normal,normal,alta,8,historico fim_semana,4.0
D16BX009428,18,,fim_semana,0.186,0.1955,0.0489,-0.19,-0.19,normal,normal,alta,8,historico fim_semana,4.0
D16BX009428,19,,fim_semana,0.185,0.1901,0.0475,-0.11,-0.11,normal,normal,alta,8,historico fim_semana,4.0
D16BX009428,20,,fim_semana,0.183,0.188,0.047,-0.11,-0.11,normal,normal,alta,8,historico fim_semana,4.0
D16BX009428,21,,fim_semana,0.184,0.2085,0.0649,-0.38,-0.38,normal,normal,alta,8,historico fim_semana,4.0
D16BX009428,22,,fim_semana,0.185,0.1888,0.0472,-0.08,-0.08,normal,normal,alta,8,historico fim_semana,4.0
D16BX009428,23,,fim_semana,0.187,0.1851,0.0463,0.04,0.04,normal,normal,alta,8,historico fim_semana,4.0
D16XF077374,0,,fim_semana,0.08,0.1087,0.0669,-0.43,-0.43,normal,normal,alta,8,historico fim_semana,4.0
D16XF077374,1,,fim_semana,0.07,0.0683,0.0223,0.07,0.07,normal,normal,alta,6,historico fim_semana,4.0
D16XF077374,2,,fim_semana,0.07,0.0733,0.0207,-0.16,-0.16,normal,normal,alta,6,historico fim_semana,4.0
D16XF077374,3,,fim_semana,0.06,0.065,0.0327,-0.15,-0.15,normal,normal,alta,6,historico fim_semana,4.0
D16XF077374,4,,fim_semana,0.06,0.0483,0.0337,0.35,0.35,normal,normal,alta,6,historico fim_semana,4.0
D16XF077374,5,,fim_semana,0.04,0.125,0.1386,-0.61,-0.61,normal,normal,alta,8,historico fim_semana,4.0
D16XF077374,6,,fim_semana,0.05,0.0462,0.0302,0.12,0.12,normal,normal,alta,8,historico fim_semana,4.0
D16XF077374,7,,fim_semana,0.07,0.0475,0.0315,0.71,0.71,normal,normal,alta,8,historico fim_semana,4.0
D16XF077374,8,,fim_semana,0.07,0.07,0.0175,0.0,0.0,normal,normal,alta,8,historico fim_semana,4.0
D16XF077374,9,,fim_semana,0.07,0.0775,0.0194,-0.39,-0.39,normal,normal,alta,8,historico fim_semana,4.0
D16XF077374,10,,fim_semana,0.08,0.095,0.0238,-0.63,-0.63,normal,normal,alta,8,historico fim_semana,4.0
D16XF077374,11,,fim_semana,0.07,0.11,0.0776,-0.52,-0.52,normal,normal,alta,8,historico fim_semana,4.0
D16XF077374,12,,fim_semana,0.07,0.2762,0.5471,-0.38,-0.38,normal,normal,alta,8,historico fim_semana,4.0
D16XF077374,13,,fim_semana,0.08,0.0875,0.0219,-0.34,-0.34,normal,normal,alta,8,historico fim_semana,4.0
D16XF077374,14,,fim_semana,0.07,0.0887,0.0222,-0.85,-0.85,normal,normal,alta,8,historico fim_semana,4.0
D16XF077374,15,,fim_semana,0.08,0.18,0.2748,-0.36,-0.36,normal,normal,alta,8,historico fim_semana,4.0
D16XF077374,16,,fim_semana,0.09,0.1537,0.1805,-0.35,-0.35,normal,normal,alta,8,historico fim_semana,4.0
D16XF077374,17,,fim_semana,0.08,0.0838,0.0209,-0.18,-0.18,normal,normal,alta,8,historico fim_semana,4.0
D16XF077374,18,,fim_semana,0.07,0.0875,0.0219,-0.8,-0.8,normal,normal,alta,8,historico fim_semana,4.0
D16XF077374,19,,fim_semana,0.08,0.0825,0.0206,-0.12,-0.12,normal,normal,alta,8,historico fim_semana,4.0
D16XF077374,20,,fim_semana,0.06,0.08,0.02,-1.0,-1.0,normal,normal,alta,8,historico fim_semana,4.0
D16XF077374,21,,fim_semana,0.07,0.0775,0.0194,-0.39,-0.39,normal,normal,alta,8,historico fim_semana,4.0
D16XF077374,22,,fim_semana,0.08,0.0775,0.0194,0.13,0.13,normal,normal,alta,8,historico fim_semana,4.0
D16XF077374,23,,fim_semana,0.06,0.075,0.0188,-0.8,-0.8,normal,normal,alta,8,historico fim_semana,4.0
D17BA019937,0,,fim_semana,0.001,0.0003,0.01,0.07,0.07,normal,normal,alta,7,historico fim_semana,4.0
D17BA019937,1,,fim_semana,0.001,0.0001,0.01,0.09,0.09,normal,normal,alta,7,historico fim_semana,4.0
D17BA019937,2,,fim_semana,0.0,0.0001,0.01,-0.01,-0.01,normal,normal,alta,8,historico fim_semana,4.0
D17BA019937,3,,fim_semana,0.001,0.0001,0.01,0.09,0.09,normal,normal,alta,8,historico fim_semana,4.0
D17BA019937,4,,fim_semana,0.001,0.0003,0.01,0.07,0.07,normal,normal,alta,8,historico fim_semana,4.0
D17BA019937,5,,fim_semana,0.0,0.0001,0.01,-0.01,-0.01,normal,normal,alta,8,historico fim_semana,4.0
D17BA019937,6,,fim_semana,0.001,0.0001,0.01,0.09,0.09,normal,normal,alta,7,historico fim_semana,4.0
D17BA019937,7,,fim_semana,0.001,0.0001,0.01,0.09,0.09,normal,normal,alta,7,historico fim_semana,4.0
D17BA019937,8,,fim_semana,0.001,0.0003,0.01,0.07,0.07,normal,normal,alta,7,historico fim_semana,4.0
D17BA019937,9,,fim_semana,0.001,0.0001,0.01,0.09,0.09,normal,normal,alta,7,historico fim_semana,4.0
D17BA019937,10,,fim_semana,0.001,0.0001,0.01,0.09,0.09,normal,normal,alta,8,historico fim_semana,4.0
D17BA019937,11,,fim_semana,0.001,0.001,0.01,0.0,0.0,normal,normal,alta,8,historico fim_semana,4.0
D17BA019937,12,,fim_semana,0.001,0.0001,0.01,0.09,0.09,normal,normal,alta,8,historico fim_semana,4.0
D17BA019937,13,,fim_semana,0.001,0.0018,0.01,-0.07,-0.07,normal,normal,alta,8,historico fim_semana,4.0
D17BA019937,14,,fim_semana,0.0,0.0001,0.01,-0.01,-0.01,normal,normal,alta,8,historico fim_semana,4.0
D17BA019937,15,,fim_semana,0.001,0.0001,0.01,0.09,0.09,normal,normal,alta,8,historico fim_semana,4.0
D17BA019937,16,,fim_semana,0.001,0.0001,0.01,0.09,0.09,normal,normal,alta,8,historico fim_semana,4.0
D17BA019937,17,,fim_semana,0.001,0.0001,0.01,0.09,0.09,normal,normal,alta,8,historico fim_semana,4.0
D17BA019937,18,,fim_semana,0.001,0.0001,0.01,0.09,0.09,normal,normal,alta,7,historico fim_semana,4.0
D17BA019937,19,,fim_semana,0.001,0.0001,0.01,0.09,0.09,normal,normal,alta,7,historico fim_semana,4.0
D17BA019937,20,,fim_semana,0.001,0.0003,0.01,0.07,0.07,normal,normal,alta,7,historico fim_semana,4.0
D17BA019937,21,,fim_semana,0.0,0.0001,0.01,-0.01,-0.01,normal,normal,alta,7,historico fim_semana,4.0
D17BA019938,0,,fim_semana,0.025,0.0475,0.0942,-0.24,-0.24,normal,normal,alta,6,historico fim_semana,4.0
D17BA019938,1,,fim_semana,0.0,0.0457,0.0892,-0.51,-0.51,normal,normal,alta,6,historico fim_semana,4.0
D17BA019938,2,,fim_semana,0.001,0.0465,0.0949,-0.48,-0.48,normal,normal,alta,6,historico fim_semana,4.0
D17BA019938,3,,fim_semana,0.0,0.0473,0.0927,-0.51,-0.51,normal,normal,alta,6,historico fim_semana,4.0
D17BA019938,4,,fim_semana,0.017,0.0405,0.0943,-0.25,-0.25,normal,normal,alta,6,historico fim_semana,4.0
D17BA019938,5,,fim_semana,0.012,0.04,0.0975,-0.29,-0.29,normal,normal,alta,6,historico fim_semana,4.0
D17BA019938,6,,fim_semana,0.0,0.0397,0.0947,-0.42,-0.42,normal,normal,alta,6,historico fim_semana,4.0
D17BA019938,7,,fim_semana,0.071,0.0528,0.0889,0.2,0.2,normal,normal,alta,6,historico fim_semana,4.0
D17BA019938,8,,fim_semana,0.0,0.0287,0.0352,-0.81,-0.81,normal,normal,alta,6,historico fim_semana,4.0
D17BA019938,9,,fim_semana,0.001,0.0158,0.0185,-0.8,-0.8,normal,normal,alta,6,historico fim_semana,4.0
D17BA019938,10,,fim_semana,0.0,0.0055,0.01,-0.55,-0.55,normal,normal,alta,6,historico fim_semana,4.0
D17BA019938,11,,fim_semana,0.001,0.0238,0.0253,-0.9,-0.9,normal,normal,alta,6,historico fim_semana,4.0
D17BA019938,12,,fim_semana,0.009,0.023,0.0333,-0.42,-0.42,normal,normal,alta,6,historico fim_semana,4.0
D17BA019938,13,,fim_semana,0.047,0.0172,0.0176,1.7,1.7,normal,normal,alta,6,historico fim_semana,4.0
D17BA019938,14,,fim_semana,0.002,0.0353,0.0353,-0.94,-0.94,normal,normal,alta,6,historico fim_semana,4.0
D17BA019938,15,,fim_semana,0.014,0.0347,0.0403,-0.51,-0.51,normal,normal,alta,6,historico fim_semana,4.0
D17BA019938,16,,fim_semana,0.002,0.0343,0.0299,-1.08,-1.08,normal,normal,alta,6,historico fim_semana,4.0
D17BA019938,17,,fim_semana,0.005,0.0195,0.0325,-0.45,-0.45,normal,normal,alta,6,historico fim_semana,4.0
D17BA019938,22,,fim_semana,0.14,0.014,0.0113,10.0,11.19,desvio,acima,alta,6,historico fim_semana,4.0
D17BA019938,23,,fim_semana,0.002,0.0022,0.01,-0.02,-0.02,normal,normal,alta,6,historico fim_semana,4.0
D17BA053783,0,,fim_semana,0.0,0.0,0.01,0.0,0.0,normal,normal,alta,8,historico fim_semana,4.0
D17BA053783,1,,fim_semana,0.0,0.0,0.01,0.0,0.0,normal,normal,alta,8,historico fim_semana,4.0
D17BA053783,2,,fim_semana,0.0,0.0,0.01,0.0,0.0,normal,normal,alta,8,historico fim_semana,4.0
D17BA053783,3,,fim_semana,0.0,0.0,0.01,0.0,0.0,normal,normal,alta,8,historico fim_semana,4.0
D17BA053783,4,,fim_semana,0.0,0.0,0.01,0.0,0.0,normal,normal,alta,8,historico fim_semana,4.0
D17BA053783,5,,fim_semana,0.0,0.0,0.01,0.0,0.0,normal,normal,alta,7,historico fim_semana,4.0
D17BA053783,6,,fim_semana,0.0,0.0,0.01,0.0,0.0,normal,normal,alta,7,historico fim_semana,4.0
D17BA053783,7,,fim_semana,0.0,0.0,0.01,0.0,0.0,normal,normal,alta,7,historico fim_semana,4.0
D17BA053783,8,,fim_semana,0.0,0.0,0.01,0.0,0.0,normal,normal,alta,7,historico fim_semana,4.0
D17BA053783,9,,fim_semana,0.0,0.0,0.01,0.0,0.0,normal,normal,alta,8,historico fim_semana,4.0
D17BA053783,10,,fim_semana,0.0,0.0,0.01,0.0,0.0,normal,normal,alta,8,historico fim_semana,4.0
D17BA053783,11,,fim_semana,0.0,0.0,0.01,0.0,0.0,normal,normal,alta,8,historico fim_semana,4.0
D17BA053783,12,,fim_semana,0.0,0.0,0.01,0.0,0.0,normal,normal,alta,8,historico fim_semana,4.0
D17BA053783,13,,fim_semana,0.0,0.0,0.01,0.0,0.0,normal,normal,alta,8,historico fim_semana,4.0
D17BA053783,14,,fim_semana,0.0,0.0,0.01,0.0,0.0,normal,normal,alta,8,historico fim_semana,4.0
D17BA053783,15,,fim_semana,0.0,0.0,0.01,0.0,0.0,normal,normal,alta,8,historico fim_semana,4.0
D17BA053783,16,,fim_semana,0.0,0.0,0.01,0.0,0.0,normal,normal,alta,8,historico fim_semana,4.0
D17BA053783,17,,fim_semana,0.0,0.0,0.01,0.0,0.0,normal,normal,alta,8,historico fim_semana,4.0
D17BA053783,18,,fim_semana,0.0,0.0,0.01,0.0,0.0,normal,normal,alta,8,historico fim_semana,4.0
D17BA053783,19,,fim_semana,0.0,0.0,0.01,0.0,0.0,normal,normal,alta,8,historico fim_semana,4.0
D17BA053783,20,,fim_semana,0.0,0.0,0.01,0.0,0.0,normal,normal,alta,8,historico fim_semana,4.0
D17BA053783,21,,fim_semana,0.0,0.0,0.01,0.0,0.0,normal,normal,alta,8,historico fim_semana,4.0
D17BA053783,22,,fim_semana,0.0,0.0,0.01,0.0,0.0,normal,normal,alta,8,historico fim_semana,4.0
D17BA053783,23,,fim_semana,0.0,0.0,0.01,0.0,0.0,normal,normal,alta,8,historico fim_semana,4.0
D18BA316162,0,,fim_semana,0.0,0.0,0.01,0.0,0.0,normal,normal,baixa,4,historico fim_semana (poucos dados),4.0
D18BA316162,13,,fim_semana,0.0,0.0,0.01,0.0,0.0,normal,normal,alta,5,historico fim_semana,4.0
D18BA316162,14,,fim_semana,0.0,0.0,0.01,0.0,0.0,normal,normal,alta,5,historico fim_semana,4.0
D18BA316162,15,,fim_semana,0.0,0.0,0.01,0.0,0.0,normal,normal,alta,5,historico fim_semana,4.0
D18BA316162,16,,fim_semana,0.0,0.0,0.01,0.0,0.0,normal,normal,alta,5,historico fim_semana,4.0
D18BA316162,17,,fim_semana,0.0,0.0,0.01,0.0,0.0,normal,normal,alta,5,historico fim_semana,4.0
D18BA316162,18,,fim_semana,0.0,0.0,0.01,0.0,0.0,normal,normal,alta,5,historico fim_semana,4.0
D18BA316162,19,,fim_semana,0.0,0.0,0.01,0.0,0.0,normal,normal,alta,5,historico fim_semana,4.0
D18BA316162,20,,fim_semana,0.0,0.0,0.01,0.0,0.0,normal,normal,alta,5,historico fim_semana,4.0
D18BX003233,0,,fim_semana,0.0,0.0262,0.0516,-0.51,-0.51,normal,normal,alta,6,historico fim_semana,4.0
D18BX003233,1,,fim_semana,0.0,0.0005,0.01,-0.05,-0.05,normal,normal,alta,6,historico fim_semana,4.0
D18BX003233,2,,fim_semana,0.0,0.0002,0.01,-0.02,-0.02,normal,normal,alta,6,historico fim_semana,4.0
D18BX003233,3,,fim_semana,0.0,0.0002,0.01,-0.02,-0.02,normal,normal,alta,6,historico fim_semana,4.0
D18BX003233,4,,fim_semana,0.0,0.0,0.01,0.0,0.0,normal,normal,alta,5,historico fim_semana,4.0
D18BX003233,5,,fim_semana,0.0,0.0,0.01,0.0,0.0,normal,normal,alta,5,historico fim_semana,4.0
D18BX003233,6,,fim_semana,0.0,0.0,0.01,0.0,0.0,normal,normal,alta,5,historico fim_semana,4.0
D18BX003233,7,,fim_semana,0.0,0.0,0.01,0.0,0.0,normal,normal,alta,5,historico fim_semana,4.0
D18BX003233,8,,fim_semana,0.0,0.0001,0.01,-0.01,-0.01,normal,normal,baixa,8,fallback (30d recentes),4.0
D18BX003233,9,,fim_semana,0.0,0.0001,0.01,-0.01,-0.01,normal,normal,baixa,8,fallback (30d recentes),4.0
D18BX003233,10,,fim_semana,0.0,0.0,0.01,0.0,0.0,normal,normal,baixa,8,fallback (30d recentes),4.0
D18BX003233,11,,fim_semana,0.0,0.0077,0.0215,-0.36,-0.36,normal,normal,baixa,8,fallback (30d recentes),4.0
D18BX003233,16,,fim_semana,0.0,0.0013,0.01,-0.13,-0.13,normal,normal,baixa,3,historico fim_semana (poucos dados),4.0
D18BX003233,17,,fim_semana,0.0,0.0,0.01,0.0,0.0,normal,normal,baixa,3,historico fim_semana (poucos dados),4.0
D18BX003233,18,,fim_semana,0.0,0.0003,0.01,-0.03,-0.03,normal,normal,baixa,3,historico fim_semana (poucos dados),4.0
D18BX003233,19,,fim_semana,0.0,0.0,0.01,0.0,0.0,normal,normal,baixa,3,historico fim_semana (poucos dados),4.0
D18BX003237,0,,fim_semana,0.0,0.0,0.01,0.0,0.0,normal,normal,baixa,4,historico fim_semana (poucos dados),4.0
D18BX003237,1,,fim_semana,0.0,0.0,0.01,0.0,0.0,normal,normal,baixa,4,historico fim_semana (poucos dados),4.0
D18BX003237,2,,fim_semana,0.0,0.0,0.01,0.0,0.0,normal,normal,baixa,4,historico fim_semana (poucos dados),4.0
D18BX003237,3,,fim_semana,0.0,0.0,0.01,0.0,0.0,normal,normal,baixa,4,historico fim_semana (poucos dados),4.0
D18BX003237,4,,fim_semana,0.0,0.0,0.01,0.0,0.0,normal,normal,alta,8,historico fim_semana,4.0
D18BX003237,5,,fim_semana,0.0,0.0,0.01,0.0,0.0,normal,normal,alta,8,historico fim_semana,4.0
D18BX003237,6,,fim_semana,0.0,0.0,0.01,0.0,0.0,normal,normal,alta,8,historico fim_semana,4.0
D18BX003237,7,,fim_semana,0.0,0.0,0.01,0.0,0.0,normal,normal,alta,8,historico fim_semana,4.0
D18BX003237,8,,fim_semana,0.0,0.0,0.01,0.0,0.0,normal,normal,alta,8,historico fim_semana,4.0
D18BX003237,9,,fim_semana,0.0,0.0,0.01,0.0,0.0,normal,normal,alta,8,historico fim_semana,4.0
D18BX003237,10,,fim_semana,0.0,0.0,0.01,0.0,0.0,normal,normal,alta,8,historico fim_semana,4.0
D18BX003237,11,,fim_semana,0.0,0.0,0.01,0.0,0.0,normal,normal,alta,8,historico fim_semana,4.0
D18BX003237,16,,fim_semana,0.0,0.0,0.01,0.0,0.0,normal,normal,alta,7,historico fim_semana,4.0
D18BX003237,17,,fim_semana,0.0,0.0,0.01,0.0,0.0,normal,normal,alta,7,historico fim_semana,4.0
D18BX003237,18,,fim_semana,0.0,0.0,0.01,0.0,0.0,normal,normal,alta,7,historico fim_semana,4.0
D18BX003237,19,,fim_semana,0.0,0.0,0.01,0.0,0.0,normal,normal,alta,7,historico fim_semana,4.0
D18BX003237,20,,fim_semana,0.0,0.0,0.01,0.0,0.0,normal,normal,alta,7,historico fim_semana,4.0
D18BX003237,21,,fim_semana,0.0,0.0,0.01,0.0,0.0,normal,normal,alta,7,historico fim_semana,4.0
D18BX003237,22,,fim_semana,0.0,0.0,0.01,0.0,0.0,normal,normal,alta,7,historico fim_semana,4.0
D18BX003237,23,,fim_semana,0.0,0.0,0.01,0.0,0.0,normal,normal,alta,7,historico fim_semana,4.0
D18BX003239,0,,fim_semana,0.0,0.0956,0.1298,-0.74,-0.74,normal,normal,alta,7,historico fim_semana,4.0
D18BX003239,1,,fim_semana,0.0,0.0739,0.1253,-0.59,-0.59,normal,normal,alta,7,historico fim_semana,4.0
D18BX003239,2,,fim_semana,0.0,0.0526,0.0918,-0.57,-0.57,normal,normal,alta,7,historico fim_semana,4.0
D18BX003239,3,,fim_semana,0.0,0.0309,0.0756,-0.41,-0.41,normal,normal,alta,7,historico fim_semana,4.0
D18BX003239,4,,fim_semana,0.0,0.3402,0.916,-0.37,-0.37,normal,normal,alta,8,historico fim_semana,4.0
D18BX003239,5,,fim_semana,0.0,0.0,0.01,0.0,0.0,normal,normal,alta,8,historico fim_semana,4.0
D18BX003239,6,,fim_semana,0.0,0.0,0.01,0.0,0.0,normal,normal,alta,8,historico fim_semana,4.0
D18BX003239,7,,fim_semana,0.0,0.0,0.01,0.0,0.0,normal,normal,alta,8,historico fim_semana,4.0
D18BX003239,8,,fim_semana,0.0,0.0043,0.012,-0.35,-0.35,normal,normal,alta,8,historico fim_semana,4.0
D18BX003239,9,,fim_semana,0.0,0.0,0.01,0.0,0.0,normal,normal,alta,8,historico fim_semana,4.0
D18BX003239,10,,fim_semana,0.0,0.0,0.01,0.0,0.0,normal,normal,alta,8,historico fim_semana,4.0
D18BX003239,11,,fim_semana,0.0,0.0,0.01,0.0,0.0,normal,normal,alta,8,historico fim_semana,4.0
D18BX003239,12,,fim_semana,0.0,0.0006,0.01,-0.06,-0.06,normal,normal,alta,7,historico fim_semana,4.0
D18BX003239,13,,fim_semana,0.0,0.0009,0.01,-0.09,-0.09,normal,normal,alta,7,historico fim_semana,4.0
D18BX003239,14,,fim_semana,0.0,0.0764,0.2022,-0.38,-0.38,normal,normal,alta,7,historico fim_semana,4.0
D18BX003239,15,,fim_semana,0.0,0.114,0.3016,-0.38,-0.38,normal,normal,alta,7,historico fim_semana,4.0
D18BX003239,16,,fim_semana,0.0,0.1154,0.2983,-0.39,-0.39,normal,normal,alta,8,historico fim_semana,4.0
D18BX003239,17,,fim_semana,0.0,0.1365,0.2898,-0.47,-0.47,normal,normal,alta,8,historico fim_semana,4.0
D18BX003239,18,,fim_semana,0.0,0.1331,0.2097,-0.63,-0.63,normal,normal,alta,8,historico fim_semana,4.0
D18BX003239,19,,fim_semana,0.0,0.1052,0.1492,-0.71,-0.71,normal,normal,alta,8,historico fim_semana,4.0
D18BX003239,20,,fim_semana,0.0,0.0794,0.1394,-0.57,-0.57,normal,normal,alta,7,historico fim_semana,4.0
D18BX003239,21,,fim_semana,0.0,0.0737,0.1287,-0.57,-0.57,normal,normal,alta,7,historico fim_semana,4.0
D18BX003239,22,,fim_semana,0.0,0.0736,0.1281,-0.57,-0.57,normal,normal,alta,7,historico fim_semana,4.0
D18BX003239,23,,fim_semana,0.0,0.0703,0.1251,-0.56,-0.56,normal,normal,alta,7,historico fim_semana,4.0
D18BX003260,4,,fim_semana,0.0,0.0,0.01,0.0,0.0,normal,normal,alta,6,historico fim_semana,4.0
D18BX003260,5,,fim_semana,0.0,0.0,0.01,0.0,0.0,normal,normal,alta,6,historico fim_semana,4.0
D18BX003260,6,,fim_semana,0.0,0.0,0.01,0.0,0.0,normal,normal,alta,6,historico fim_semana,4.0
D18BX003260,7,,fim_semana,0.0,0.0,0.01,0.0,0.0,normal,normal,alta,6,historico fim_semana,4.0
D18BX003260,12,,fim_semana,0.0,0.0,0.01,0.0,0.0,normal,normal,baixa,4,historico fim_semana (poucos dados),4.0
D18BX003260,13,,fim_semana,0.0,0.0,0.01,0.0,0.0,normal,normal,baixa,4,historico fim_semana (poucos dados),4.0
D18BX003260,14,,fim_semana,0.0,0.0,0.01,0.0,0.0,normal,normal,baixa,4,historico fim_semana (poucos dados),4.0
D18BX003260,15,,fim_semana,0.0,0.0,0.01,0.0,0.0,normal,normal,baixa,4,historico fim_semana (poucos dados),4.0
D18BX003260,20,,fim_semana,0.0,0.0,0.01,0.0,0.0,normal,normal,alta,5,historico fim_semana,4.0
D18BX003260,21,,fim_semana,0.0,0.0,0.01,0.0,0.0,normal,normal,alta,5,historico fim_semana,4.0
D18BX003260,22,,fim_semana,0.0,0.0,0.01,0.0,0.0,normal,normal,alta,5,historico fim_semana,4.0
D18BX003260,23,,fim_semana,0.0,0.0,0.01,0.0,0.0,normal,normal,alta,5,historico fim_semana,4.0
D18BX003284,0,,fim_semana,0.0,0.0,0.01,0.0,0.0,normal,normal,alta,7,historico fim_semana,4.0
D18BX003284,1,,fim_semana,0.0,0.0,0.01,0.0,0.0,normal,normal,alta,6,historico fim_semana,4.0
D18BX003284,2,,fim_semana,0.0,0.0001,0.01,-0.01,-0.01,normal,normal,alta,8,historico fim_semana,4.0
D18BX003284,3,,fim_semana,0.0,0.0,0.01,0.0,0.0,normal,normal,alta,8,historico fim_semana,4.0
D18BX003284,4,,fim_semana,0.0,0.0,0.01,0.0,0.0,normal,normal,alta,8,historico fim_semana,4.0
D18BX003284,5,,fim_semana,0.0,0.0,0.01,0.0,0.0,normal,normal,alta,8,historico fim_semana,4.0
D18BX003284,6,,fim_semana,0.0,0.0,0.01,0.0,0.0,normal,normal,alta,8,historico fim_semana,4.0
D18BX003284,7,,fim_semana,0.0,0.0,0.01,0.0,0.0,normal,normal,alta,8,historico fim_semana,4.0
D18BX003284,8,,fim_semana,0.0,0.0,0.01,0.0,0.0,normal,normal,alta,8,historico fim_semana,4.0
D18BX003284,9,,fim_semana,0.0,0.0,0.01,0.0,0.0,normal,normal,alta,8,historico fim_semana,4.0
D18BX003284,10,,fim_semana,0.0,0.0005,0.01,-0.05,-0.05,normal,normal,alta,8,historico fim_semana,4.0
D18BX003284,11,,fim_semana,0.0,0.0001,0.01,-0.01,-0.01,normal,normal,alta,8,historico fim_semana,4.0
D18BX003284,12,,fim_semana,0.0,0.0003,0.01,-0.03,-0.03,normal,normal,alta,8,historico fim_semana,4.0
D18BX003284,13,,fim_semana,0.0,0.0001,0.01,-0.01,-0.01,normal,normal,alta,7,historico fim_semana,4.0
D18BX003284,14,,fim_semana,0.0,0.0001,0.01,-0.01,-0.01,normal,normal,alta,8,historico fim_semana,4.0
D18BX003284,15,,fim_semana,0.0,0.0003,0.01,-0.03,-0.03,normal,normal,alta,8,historico fim_semana,4.0
D18BX003284,16,,fim_semana,0.0,0.0,0.01,0.0,0.0,normal,normal,alta,8,historico fim_semana,4.0
D18BX003284,17,,fim_semana,0.0,0.0001,0.01,-0.01,-0.01,normal,normal,alta,8,historico fim_semana,4.0
D18BX003284,18,,fim_semana,0.0,0.0003,0.01,-0.03,-0.03,normal,normal,alta,8,historico fim_semana,4.0
D18BX003284,19,,fim_semana,0.0,0.0003,0.01,-0.03,-0.03,normal,normal,alta,8,historico fim_semana,4.0
D18BX003284,20,,fim_semana,0.0,0.0,0.01,0.0,0.0,normal,normal,alta,8,historico fim_semana,4.0
D18BX003284,21,,fim_semana,0.0,0.0,0.01,0.0,0.0,normal,normal,alta,8,historico fim_semana,4.0
D18BX003284,22,,fim_semana,0.0,0.0001,0.01,-0.01,-0.01,normal,normal,alta,7,historico fim_semana,4.0
D18BX003284,23,,fim_semana,0.0,0.0,0.01,0.0,0.0,normal,normal,alta,7,historico fim_semana,4.0
D19BA000196,0,,fim_semana,0.0,0.0,0.01,0.0,0.0,normal,normal,alta,6,historico fim_semana,4.0
D19BA000196,1,,fim_semana,0.0,0.0,0.01,0.0,0.0,normal,normal,alta,6,historico fim_semana,4.0
D19BA000196,2,,fim_semana,0.0,0.0,0.01,0.0,0.0,normal,normal,alta,6,historico fim_semana,4.0
D19BA000196,3,,fim_semana,0.0,0.0,0.01,0.0,0.0,normal,normal,alta,6,historico fim_semana,4.0
D19BA000196,4,,fim_semana,0.0,0.0,0.01,0.0,0.0,normal,normal,alta,6,historico fim_semana,4.0
D19BA000196,5,,fim_semana,0.0,0.0,0.01,0.0,0.0,normal,normal,alta,6,historico fim_semana,4.0
D19BA000196,6,,fim_semana,0.0,0.0,0.01,0.0,0.0,normal,normal,alta,6,historico fim_semana,4.0
D19BA000196,7,,fim_semana,0.0,0.0,0.01,0.0,0.0,normal,normal,alta,6,historico fim_semana,4.0
D19BA000196,8,,fim_semana,0.0,0.0,0.01,0.0,0.0,normal,normal,alta,6,historico fim_semana,4.0
D19BA000196,9,,fim_semana,0.0,0.0018,0.01,-0.18,-0.18,normal,normal,alta,6,historico fim_semana,4.0
D19BA000196,10,,fim_semana,0.007,0.0162,0.0125,-0.73,-0.73,normal,normal,alta,6,historico fim_semana,4.0
D19BA000196,11,,fim_semana,0.005,0.0075,0.0114,-0.22,-0.22,normal,normal,alta,6,historico fim_semana,4.0
D19BA000196,12,,fim_semana,0.004,0.02,0.0153,-1.04,-1.04,normal,normal,alta,6,historico fim_semana,4.0
D19BA000196,13,,fim_semana,0.007,0.0015,0.01,0.55,0.55,normal,normal,alta,6,historico fim_semana,4.0
D19BA000196,14,,fim_semana,0.007,0.002,0.01,0.5,0.5,normal,normal,alta,6,historico fim_semana,4.0
D19BA000196,15,,fim_semana,0.0,0.0048,0.01,-0.48,-0.48,normal,normal,alta,6,historico fim_semana,4.0
D19BA000196,16,,fim_semana,0.007,0.0042,0.01,0.28,0.28,normal,normal,alta,6,historico fim_semana,4.0
D19BA000196,17,,fim_semana,0.0,0.0013,0.01,-0.13,-0.13,normal,normal,alta,6,historico fim_semana,4.0
D19BA000196,18,,fim_semana,0.0,0.0,0.01,0.0,0.0,normal,normal,alta,6,historico fim_semana,4.0
D19BA000196,19,,fim_semana,0.0,0.0,0.01,0.0,0.0,normal,normal,alta,6,historico fim_semana,4.0
D19BA000196,20,,fim_semana,0.001,0.0,0.01,0.1,0.1,normal,normal,alta,6,historico fim_semana,4.0
D19BA000196,21,,fim_semana,0.0,0.0,0.01,0.0,0.0,normal,normal,alta,6,historico fim_semana,4.0
D19BA000196,22,,fim_semana,0.0,0.0,0.01,0.0,0.0,normal,normal,alta,6,historico fim_semana,4.0
D19BA000196,23,,fim_semana,0.0,0.0,0.01,0.0,0.0,normal,normal,alta,6,historico fim_semana,4.0
D19BA063983,0,,fim_semana,0.0,0.0,0.01,0.0,0.0,normal,normal,alta,8,historico fim_semana,4.0
D19BA063983,1,,fim_semana,0.0,0.0,0.01,0.0,0.0,normal,normal,alta,8,historico fim_semana,4.0
D19BA063983,2,,fim_semana,0.0,0.0,0.01,0.0,0.0,normal,normal,alta,8,historico fim_semana,4.0
D19BA063983,3,,fim_semana,0.0,0.0,0.01,0.0,0.0,normal,normal,alta,8,historico fim_semana,4.0
D19BA063983,4,,fim_semana,0.0,0.0,0.01,0.0,0.0,normal,normal,alta,8,historico fim_semana,4.0
D19BA063983,5,,fim_semana,0.0,0.0,0.01,0.0,0.0,normal,normal,alta,8,historico fim_semana,4.0
D19BA063983,6,,fim_semana,0.0,0.0,0.01,0.0,0.0,normal,normal,alta,8,historico fim_semana,4.0
D19BA063983,7,,fim_semana,0.0,0.0,0.01,0.0,0.0,normal,normal,alta,8,historico fim_semana,4.0
D19BA063983,8,,fim_semana,0.0,0.0,0.01,0.0,0.0,normal,normal,alta,8,historico fim_semana,4.0
D19BA063983,9,,fim_semana,0.0,0.0,0.01,0.0,0.0,normal,normal,alta,8,historico fim_semana,4.0
D19BA063983,10,,fim_semana,0.0,0.0,0.01,0.0,0.0,normal,normal,alta,8,historico fim_semana,4.0
D19BA063983,11,,fim_semana,0.0,0.0,0.01,0.0,0.0,normal,normal,alta,8,historico fim_semana,4.0
D19BA063983,12,,fim_semana,0.0,0.0,0.01,0.0,0.0,normal,normal,alta,8,historico fim_semana,4.0
D19BA063983,13,,fim_semana,0.0,0.0,0.01,0.0,0.0,normal,normal,alta,8,historico fim_semana,4.0
D19BA063983,14,,fim_semana,0.0,0.0,0.01,0.0,0.0,normal,normal,alta,8,historico fim_semana,4.0
D19BA063983,15,,fim_semana,0.0,0.0,0.01,0.0,0.0,normal,normal,alta,8,historico fim_semana,4.0
D19BA063983,16,,fim_semana,0.0,0.0,0.01,0.0,0.0,normal,normal,alta,8,historico fim_semana,4.0
D19BA063983,17,,fim_semana,0.0,0.0,0.01,0.0,0.0,normal,normal,alta,8,historico fim_semana,4.0
D19BA063983,18,,fim_semana,0.0,0.0,0.01,0.0,0.0,normal,normal,alta,8,historico fim_semana,4.0
D19BA063983,19,,fim_semana,0.0,0.0,0.01,0.0,0.0,normal,normal,alta,8,historico fim_semana,4.0
D19BA063983,20,,fim_semana,0.0,0.0,0.01,0.0,0.0,normal,normal,alta,8,historico fim_semana,4.0
D19BA063983,21,,fim_semana,0.0,0.0,0.01,0.0,0.0,normal,normal,alta,8,historico fim_semana,4.0
D19BA063983,22,,fim_semana,0.0,0.0,0.01,0.0,0.0,normal,normal,alta,8,historico fim_semana,4.0
D19BA063983,23,,fim_semana,0.0,0.0,0.01,0.0,0.0,normal,normal,alta,8,historico fim_semana,4.0
D19BA093038,0,,fim_semana,0.0,0.0,0.01,0.0,0.0,normal,normal,alta,8,historico fim_semana,4.0
D19BA093038,1,,fim_semana,0.0,0.0,0.01,0.0,0.0,normal,normal,alta,8,historico fim_semana,4.0
D19BA093038,2,,fim_semana,0.0,0.0,0.01,0.0,0.0,normal,normal,alta,8,historico fim_semana,4.0
D19BA093038,3,,fim_semana,0.0,0.0,0.01,0.0,0.0,normal,normal,alta,8,historico fim_semana,4.0
D19BA093038,4,,fim_semana,0.0,0.0,0.01,0.0,0.0,normal,normal,alta,8,historico fim_semana,4.0
D19BA093038,5,,fim_semana,0.0,0.0,0.01,0.0,0.0,normal,normal,alta,8,historico fim_semana,4.0
D19BA093038,6,,fim_semana,0.0,0.0,0.01,0.0,0.0,normal,normal,alta,8,historico fim_semana,4.0
D19BA093038,7,,fim_semana,0.0,0.0,0.01,0.0,0.0,normal,normal,alta,8,historico fim_semana,4.0
D19BA093038,8,,fim_semana,0.0,0.0,0.01,0.0,0.0,normal,normal,alta,8,historico fim_semana,4.0
D19BA093038,9,,fim_semana,0.0,0.0,0.01,0.0,0.0,normal,normal,alta,8,historico fim_semana,4.0
D19BA093038,10,,fim_semana,0.0,0.0,0.01,0.0,0.0,normal,normal,alta,8,historico fim_semana,4.0
D19BA093038,11,,fim_semana,0.0,0.0,0.01,0.0,0.0,normal,normal,alta,7,historico fim_semana,4.0
D19BA093038,12,,fim_semana,0.0,0.0,0.01,0.0,0.0,normal,normal,alta,7,historico fim_semana,4.0
D19BA093038,13,,fim_semana,0.0,0.0,0.01,0.0,0.0,normal,normal,alta,7,historico fim_semana,4.0
D19BA093038,14,,fim_semana,0.0,0.0,0.01,0.0,0.0,normal,normal,alta,7,historico fim_semana,4.0
D19BA093038,15,,fim_semana,0.0,0.0,0.01,0.0,0.0,normal,normal,alta,8,historico fim_semana,4.0
D19BA093038,16,,fim_semana,0.0,0.0,0.01,0.0,0.0,normal,normal,alta,8,historico fim_semana,4.0
D19BA093038,17,,fim_semana,0.0,0.0,0.01,0.0,0.0,normal,normal,alta,8,historico fim_semana,4.0
D19BA093038,18,,fim_semana,0.0,0.0,0.01,0.0,0.0,normal,normal,alta,8,historico fim_semana,4.0
D19BA093038,19,,fim_semana,0.0,0.0,0.01,0.0,0.0,normal,normal,alta,8,historico fim_semana,4.0
D19BA093038,20,,fim_semana,0.0,0.0,0.01,0.0,0.0,normal,normal,alta,8,historico fim_semana,4.0
D19BA093038,21,,fim_semana,0.0,0.0,0.01,0.0,0.0,normal,normal,alta,8,historico fim_semana,4.0
D19BA093038,22,,fim_semana,0.0,0.0,0.01,0.0,0.0,normal,normal,alta,8,historico fim_semana,4.0
D19BA093039,0,,fim_semana,0.0,0.0,0.01,0.0,0.0,normal,normal,alta,8,historico fim_semana,4.0
D19BA093039,1,,fim_semana,0.0,0.0,0.01,0.0,0.0,normal,normal,alta,8,historico fim_semana,4.0
D19BA093039,2,,fim_semana,0.0,0.0,0.01,0.0,0.0,normal,normal,alta,8,historico fim_semana,4.0
D19BA093039,3,,fim_semana,0.0,0.0,0.01,0.0,0.0,normal,normal,alta,8,historico fim_semana,4.0
D19BA093039,4,,fim_semana,0.0,0.0,0.01,0.0,0.0,normal,normal,alta,8,historico fim_semana,4.0
D19BA093039,5,,fim_semana,0.0,0.0,0.01,0.0,0.0,normal,normal,alta,8,historico fim_semana,4.0
D19BA093039,6,,fim_semana,0.0,0.0,0.01,0.0,0.0,normal,normal,alta,8,historico fim_semana,4.0
D19BA093039,7,,fim_semana,0.0,0.0,0.01,0.0,0.0,normal,normal,alta,8,historico fim_semana,4.0
D19BA093039,8,,fim_semana,0.0,0.0,0.01,0.0,0.0,normal,normal,alta,8,historico fim_semana,4.0
D19BA093039,9,,fim_semana,0.0,0.0,0.01,0.0,0.0,normal,normal,alta,8,historico fim_semana,4.0
D19BA093039,10,,fim_semana,0.0,0.0,0.01,0.0,0.0,normal,normal,alta,8,historico fim_semana,4.0
D19BA093039,11,,fim_semana,0.0,0.0,0.01,0.0,0.0,normal,normal,alta,8,historico fim_semana,4.0
D19BA093039,12,,fim_semana,0.0,0.0,0.01,0.0,0.0,normal,normal,alta,8,historico fim_semana,4.0
D19BA093039,13,,fim_semana,0.0,0.0,0.01,0.0,0.0,normal,normal,alta,8,historico fim_semana,4.0
D19BA093039,14,,fim_semana,0.0,0.0,0.01,0.0,0.0,normal,normal,alta,8,historico fim_semana,4.0
D19BA093039,15,,fim_semana,0.0,0.0,0.01,0.0,0.0,normal,normal,alta,8,historico fim_semana,4.0
D19BA093039,16,,fim_semana,0.0,0.0,0.01,0.0,0.0,normal,normal,alta,8,historico fim_semana,4.0
D19BA093039,17,,fim_semana,0.0,0.0,0.01,0.0,0.0,normal,normal,alta,8,historico fim_semana,4.0
D19BA093039,18,,fim_semana,0.0,0.0,0.01,0.0,0.0,normal,normal,alta,8,historico fim_semana,4.0
D19BA093039,19,,fim_semana,0.0,0.0,0.01,0.0,0.0,normal,normal,alta,8,historico fim_semana,4.0
D19BA093039,20,,fim_semana,0.0,0.0,0.01,0.0,0.0,normal,normal,alta,8,historico fim_semana,4.0
D19BA093039,21,,fim_semana,0.0,0.0,0.01,0.0,0.0,normal,normal,alta,8,historico fim_semana,4.0
D19BA093039,22,,fim_semana,0.0,0.0,0.01,0.0,0.0,normal,normal,alta,8,historico fim_semana,4.0
D19BA093039,23,,fim_semana,0.0,0.0003,0.01,-0.03,-0.03,normal,normal,alta,8,historico fim_semana,4.0
D19BA310748,0,,fim_semana,0.0,0.0,0.01,0.0,0.0,normal,normal,baixa,2,historico fim_semana (poucos dados),4.0
D19BA310748,1,,fim_semana,0.0,0.0,0.01,0.0,0.0,normal,normal,baixa,4,historico fim_semana (poucos dados),4.0
D19BA310748,2,,fim_semana,0.0,0.0,0.01,0.0,0.0,normal,normal,baixa,4,historico fim_semana (poucos dados),4.0
D19BA310748,3,,fim_semana,0.0,0.0,0.01,0.0,0.0,normal,normal,baixa,4,historico fim_semana (poucos dados),4.0
D19BA310748,4,,fim_semana,0.0,0.0,0.01,0.0,0.0,normal,normal,baixa,4,historico fim_semana (poucos dados),4.0
D19BA310748,5,,fim_semana,0.0,0.0,0.01,0.0,0.0,normal,normal,baixa,4,historico fim_semana (poucos dados),4.0
D19BA310748,6,,fim_semana,0.0,0.0,0.01,0.0,0.0,normal,normal,baixa,4,historico fim_semana (poucos dados),4.0
D19BA310748,7,,fim_semana,0.0,0.0,0.01,0.0,0.0,normal,normal,baixa,4,historico fim_semana (poucos dados),4.0
D19BA310748,8,,fim_semana,0.0,0.0,0.01,0.0,0.0,normal,normal,baixa,4,historico fim_semana (poucos dados),4.0
D19BA310748,9,,fim_semana,0.0,0.0,0.01,0.0,0.0,normal,normal,baixa,2,historico fim_semana (poucos dados),4.0
D19BA310748,10,,fim_semana,0.0,0.0,0.01,0.0,0.0,normal,normal,baixa,2,historico fim_semana (poucos dados),4.0
D19BA310748,11,,fim_semana,0.0,0.0,0.01,0.0,0.0,normal,normal,baixa,2,historico fim_semana (poucos dados),4.0
D19BA310748,12,,fim_semana,0.0,0.0,0.01,0.0,0.0,normal,normal,baixa,2,historico fim_semana (poucos dados),4.0
D19BA310748,17,,fim_semana,0.0,0.0,0.01,0.0,0.0,normal,normal,alta,6,historico fim_semana,4.0
D19BA310748,18,,fim_semana,0.0,0.0,0.01,0.0,0.0,normal,normal,alta,6,historico fim_semana,4.0
D19BA310748,19,,fim_semana,0.0,0.0,0.01,0.0,0.0,normal,normal,alta,6,historico fim_semana,4.0
D19BA310748,20,,fim_semana,0.0,0.0,0.01,0.0,0.0,normal,normal,alta,6,historico fim_semana,4.0
D19BA310997,0,,fim_semana,0.0,0.0002,0.01,-0.02,-0.02,normal,normal,alta,5,historico fim_semana,4.0
D19BA310997,1,,fim_semana,0.001,0.0008,0.01,0.02,0.02,normal,normal,alta,5,historico fim_semana,4.0
D19BA310997,2,,fim_semana,0.001,0.0006,0.01,0.04,0.04,normal,normal,alta,5,historico fim_semana,4.0
D19BA310997,3,,fim_semana,0.001,0.0008,0.01,0.02,0.02,normal,normal,alta,5,historico fim_semana,4.0
D19BA310997,4,,fim_semana,0.0,0.0002,0.01,-0.02,-0.02,normal,normal,alta,5,historico fim_semana,4.0
D19BA310997,5,,fim_semana,0.001,0.0006,0.01,0.04,0.04,normal,normal,alta,5,historico fim_semana,4.0
D19BA310997,6,,fim_semana,0.001,0.001,0.01,0.0,0.0,normal,normal,alta,5,historico fim_semana,4.0
D19BA310997,7,,fim_semana,0.0,0.0002,0.01,-0.02,-0.02,normal,normal,alta,5,historico fim_semana,4.0
D19BA310997,8,,fim_semana,0.001,0.0008,0.01,0.02,0.02,normal,normal,alta,5,historico fim_semana,4.0
D19BA310997,9,,fim_semana,0.0,0.0002,0.01,-0.02,-0.02,normal,normal,alta,5,historico fim_semana,4.0
D19BA310997,10,,fim_semana,0.0,0.0004,0.01,-0.04,-0.04,normal,normal,alta,5,historico fim_semana,4.0
D19BA310997,11,,fim_semana,0.001,0.0004,0.01,0.06,0.06,normal,normal,alta,5,historico fim_semana,4.0
D19BA310997,12,,fim_semana,0.0,0.0002,0.01,-0.02,-0.02,normal,normal,alta,5,historico fim_semana,4.0
D19BA310997,13,,fim_semana,0.0,0.0002,0.01,-0.02,-0.02,normal,normal,alta,5,historico fim_semana,4.0
D19BA310997,14,,fim_semana,0.001,0.0004,0.01,0.06,0.06,normal,normal,alta,5,historico fim_semana,4.0
D19BA310997,15,,fim_semana,0.0,0.0004,0.01,-0.04,-0.04,normal,normal,alta,5,historico fim_semana,4.0
D19BA310997,16,,fim_semana,0.0,0.0002,0.01,-0.02,-0.02,normal,normal,alta,5,historico fim_semana,4.0
D19BA310997,17,,fim_semana,0.001,0.0006,0.01,0.04,0.04,normal,normal,alta,5,historico fim_semana,4.0
D19BA310997,18,,fim_semana,0.0,0.0004,0.01,-0.04,-0.04,normal,normal,alta,5,historico fim_semana,4.0
D19BA310997,19,,fim_semana,0.0,0.0002,0.01,-0.02,-0.02,normal,normal,alta,5,historico fim_semana,4.0
D19BA310997,20,,fim_semana,0.001,0.0002,0.01,0.08,0.08,normal,normal,alta,5,historico fim_semana,4.0
D19BA310997,21,,fim_semana,0.0,0.0004,0.01,-0.04,-0.04,normal,normal,alta,5,historico fim_semana,4.0
D19BA310997,22,,fim_semana,0.0,0.0004,0.01,-0.04,-0.04,normal,normal,alta,5,historico fim_semana,4.0
D19BA310997,23,,fim_semana,0.001,0.0004,0.01,0.06,0.06,normal,normal,alta,5,historico fim_semana,4.0
D19BA341196,0,,fim_semana,0.002,0.0015,0.01,0.05,0.05,normal,normal,baixa,2,fallback (30d recentes),4.0
D19BA341196,1,,fim_semana,0.001,0.002,0.01,-0.1,-0.1,normal,normal,baixa,2,fallback (30d recentes),4.0
D19BA341196,2,,fim_semana,0.002,0.001,0.01,0.1,0.1,normal,normal,baixa,2,fallback (30d recentes),4.0
D19BA341196,3,,fim_semana,0.002,0.002,0.01,0.0,0.0,normal,normal,baixa,2,fallback (30d recentes),4.0
D19BA341196,4,,fim_semana,0.001,0.002,0.01,-0.1,-0.1,normal,normal,baixa,2,fallback (30d recentes),4.0
D19BA341196,5,,fim_semana,0.002,0.001,0.01,0.1,0.1,normal,normal,baixa,2,fallback (30d recentes),4.0
D19BA341196,6,,fim_semana,0.002,0.002,0.01,0.0,0.0,normal,normal,baixa,2,fallback (30d recentes),4.0
D19BA341196,7,,fim_semana,0.001,0.002,0.01,-0.1,-0.1,normal,normal,baixa,2,fallback (30d recentes),4.0
D19BA341196,8,,fim_semana,0.002,0.014,0.017,-0.71,-0.71,normal,normal,baixa,2,fallback (30d recentes),4.0
D19BA341196,9,,fim_semana,0.029,0.0185,0.0247,0.42,0.42,normal,normal,baixa,2,fallback (30d recentes),4.0
D19BA341196,10,,fim_semana,0.096,0.0465,0.0516,0.96,0.96,normal,normal,baixa,2,fallback (30d recentes),4.0
D19BA341196,11,,fim_semana,0.016,0.0675,0.0827,-0.62,-0.62,normal,normal,baixa,2,fallback (30d recentes),4.0
D19BA341196,12,,fim_semana,0.005,0.124,0.031,-3.84,-3.84,normal,normal,baixa,2,fallback (30d recentes),4.0
D19BA341196,13,,fim_semana,0.013,0.148,0.1245,-1.08,-1.08,normal,normal,baixa,2,fallback (30d recentes),4.0
D19BA341196,14,,fim_semana,0.006,0.0605,0.0785,-0.69,-0.69,normal,normal,baixa,2,fallback (30d recentes),4.0
D19BA341196,15,,fim_semana,0.012,0.0125,0.01,-0.05,-0.05,normal,normal,baixa,2,fallback (30d recentes),4.0
D19BA341196,16,,fim_semana,0.02,0.016,0.0127,0.31,0.31,normal,normal,baixa,2,fallback (30d recentes),4.0
D19BA341196,17,,fim_semana,0.021,0.018,0.0127,0.24,0.24,normal,normal,baixa,2,fallback (30d recentes),4.0
D19BA341196,18,,fim_semana,0.124,0.129,0.0905,-0.06,-0.06,normal,normal,baixa,2,fallback (30d recentes),4.0
D19BA341196,19,,fim_semana,0.029,0.0055,0.01,2.35,2.35,normal,normal,baixa,2,fallback (30d recentes),4.0
D19BA341196,20,,fim_semana,0.001,0.0015,0.01,-0.05,-0.05,normal,normal,baixa,2,fallback (30d recentes),4.0
D19BA341196,21,,fim_semana,0.002,0.0015,0.01,0.05,0.05,normal,normal,baixa,2,fallback (30d recentes),4.0
D19BA341196,22,,fim_semana,0.002,0.0015,0.01,0.05,0.05,normal,normal,baixa,2,fallback (30d recentes),4.0
D19BA341196,23,,fim_semana,0.001,0.002,0.01,-0.1,-0.1,normal,normal,baixa,2,fallback (30d recentes),4.0
D19BA343472,0,,fim_semana,0.0,0.0,0.01,0.0,0.0,normal,normal,alta,8,historico fim_semana,4.0
D19BA343472,1,,fim_semana,0.0,0.0,0.01,0.0,0.0,normal,normal,alta,8,historico fim_semana,4.0
D19BA343472,2,,fim_semana,0.0,0.0,0.01,0.0,0.0,normal,normal,alta,8,historico fim_semana,4.0
D19BA343472,3,,fim_semana,0.0,0.0,0.01,0.0,0.0,normal,normal,alta,8,historico fim_semana,4.0
D19BA343472,4,,fim_semana,0.0,0.0,0.01,0.0,0.0,normal,normal,alta,8,historico fim_semana,4.0
D19BA343472,5,,fim_semana,0.0,0.0,0.01,0.0,0.0,normal,normal,alta,8,historico fim_semana,4.0
D19BA343472,6,,fim_semana,0.0,0.0,0.01,0.0,0.0,normal,normal,alta,8,historico fim_semana,4.0
D19BA343472,7,,fim_semana,0.0,0.002,0.01,-0.2,-0.2,normal,normal,alta,8,historico fim_semana,4.0
D19BA343472,8,,fim_semana,0.045,0.0217,0.0291,0.8,0.8,normal,normal,alta,8,historico fim_semana,4.0
D19BA343472,9,,fim_semana,0.0,0.0056,0.0159,-0.35,-0.35,normal,normal,alta,8,historico fim_semana,4.0
D19BA343472,10,,fim_semana,0.0,0.0015,0.01,-0.15,-0.15,normal,normal,alta,8,historico fim_semana,4.0
D19BA343472,11,,fim_semana,0.0,0.0019,0.01,-0.19,-0.19,normal,normal,alta,8,historico fim_semana,4.0
D19BA343472,12,,fim_semana,0.0,0.0019,0.01,-0.19,-0.19,normal,normal,alta,8,historico fim_semana,4.0
D19BA343472,13,,fim_semana,0.0,0.0049,0.0126,-0.39,-0.39,normal,normal,alta,8,historico fim_semana,4.0
D19BA343472,14,,fim_semana,0.0,0.0,0.01,0.0,0.0,normal,normal,alta,8,historico fim_semana,4.0
D19BA343472,15,,fim_semana,0.0,0.0119,0.0336,-0.35,-0.35,normal,normal,alta,8,historico fim_semana,4.0
D19BA343472,16,,fim_semana,0.0,0.0,0.01,0.0,0.0,normal,normal,alta,8,historico fim_semana,4.0
D19BA343472,17,,fim_semana,0.0,0.0001,0.01,-0.01,-0.01,normal,normal,alta,8,historico fim_semana,4.0
D19BA343472,18,,fim_semana,0.0,0.0129,0.0247,-0.52,-0.52,normal,normal,alta,8,historico fim_semana,4.0
D19BA343472,19,,fim_semana,0.0,0.0,0.01,0.0,0.0,normal,normal,alta,8,historico fim_semana,4.0
D19BA343472,20,,fim_semana,0.0,0.0,0.01,0.0,0.0,normal,normal,alta,8,historico fim_semana,4.0
D19BA343472,21,,fim_semana,0.0,0.0,0.01,0.0,0.0,normal,normal,alta,8,historico fim_semana,4.0
D19BA343472,22,,fim_semana,0.0,0.0,0.01,0.0,0.0,normal,normal,alta,8,historico fim_semana,4.0
D19BA343472,23,,fim_semana,0.0,0.0,0.01,0.0,0.0,normal,normal,alta,8,historico fim_semana,4.0
D19BA343474,0,,fim_semana,0.0,0.0,0.01,0.0,0.0,normal,normal,alta,8,historico fim_semana,4.0
D19BA343474,1,,fim_semana,0.0,0.0,0.01,0.0,0.0,normal,normal,alta,8,historico fim_semana,4.0
D19BA343474,2,,fim_semana,0.0,0.0,0.01,0.0,0.0,normal,normal,alta,8,historico fim_semana,4.0
D19BA343474,3,,fim_semana,0.0,0.0,0.01,0.0,0.0,normal,normal,alta,8,historico fim_semana,4.0
D19BA343474,4,,fim_semana,0.0,0.0,0.01,0.0,0.0,normal,normal,alta,8,historico fim_semana,4.0
D19BA343474,5,,fim_semana,0.0,0.0,0.01,0.0,0.0,normal,normal,alta,8,historico fim_semana,4.0
D19BA343474,6,,fim_semana,0.0,0.0,0.01,0.0,0.0,normal,normal,alta,8,historico fim_semana,4.0
D19BA343474,7,,fim_semana,0.0,0.0,0.01,0.0,0.0,normal,normal,alta,8,historico fim_semana,4.0
D19BA343474,8,,fim_semana,0.0,0.0,0.01,0.0,0.0,normal,normal,alta,8,historico fim_semana,4.0
D19BA343474,9,,fim_semana,0.0,0.0,0.01,0.0,0.0,normal,normal,alta,8,historico fim_semana,4.0
D19BA343474,10,,fim_semana,0.0,0.0,0.01,0.0,0.0,normal,normal,alta,8,historico fim_semana,4.0
D19BA343474,11,,fim_semana,0.0,0.0165,0.0467,-0.35,-0.35,normal,normal,alta,8,historico fim_semana,4.0
D19BA343474,12,,fim_semana,0.0,0.0005,0.01,-0.05,-0.05,normal,normal,alta,8,historico fim_semana,4.0
D19BA343474,13,,fim_semana,0.0,0.0,0.01,0.0,0.0,normal,normal,alta,8,historico fim_semana,4.0
D19BA343474,14,,fim_semana,0.0,0.0,0.01,0.0,0.0,normal,normal,alta,8,historico fim_semana,4.0
D19BA343474,15,,fim_semana,0.0,0.0,0.01,0.0,0.0,normal,normal,alta,8,historico fim_semana,4.0
D19BA343474,16,,fim_semana,0.0,0.0,0.01,0.0,0.0,normal,normal,alta,8,historico fim_semana,4.0
D19BA343474,17,,fim_semana,0.0,0.0,0.01,0.0,0.0,normal,normal,alta,8,historico fim_semana,4.0
D19BA343474,18,,fim_semana,0.0,0.0,0.01,0.0,0.0,normal,normal,alta,8,historico fim_semana,4.0
D19BA343474,19,,fim_semana,0.0,0.0,0.01,0.0,0.0,normal,normal,alta,8,historico fim_semana,4.0
D19BA343474,20,,fim_semana,0.0,0.0,0.01,0.0,0.0,normal,normal,alta,8,historico fim_semana,4.0
D19BA343474,21,,fim_semana,0.0,0.0,0.01,0.0,0.0,normal,normal,alta,8,historico fim_semana,4.0
D19BA343474,22,,fim_semana,0.0,0.0,0.01,0.0,0.0,normal,normal,alta,8,historico fim_semana,4.0
D19BA343474,23,,fim_semana,0.0,0.0,0.01,0.0,0.0,normal,normal,alta,8,historico fim_semana,4.0
D19BA343504,0,,fim_semana,0.0,0.0,0.01,0.0,0.0,normal,normal,alta,8,historico fim_semana,4.0
D19BA343504,2,,fim_semana,0.0,0.0015,0.01,-0.15,-0.15,normal,normal,alta,8,historico fim_semana,4.0
D19BA343504,3,,fim_semana,0.0,0.0,0.01,0.0,0.0,normal,normal,alta,8,historico fim_semana,4.0
D19BA343504,4,,fim_semana,0.0,0.0,0.01,0.0,0.0,normal,normal,alta,8,historico fim_semana,4.0
D19BA343504,5,,fim_semana,0.0,0.0,0.01,0.0,0.0,normal,normal,alta,6,historico fim_semana,4.0
D19BA343504,6,,fim_semana,0.0,0.0,0.01,0.0,0.0,normal,normal,alta,8,historico fim_semana,4.0
D19BA343504,7,,fim_semana,0.0,0.0,0.01,0.0,0.0,normal,normal,alta,8,historico fim_semana,4.0
D19BA343504,8,,fim_semana,0.0,0.0,0.01,0.0,0.0,normal,normal,alta,8,historico fim_semana,4.0
D19BA343504,9,,fim_semana,0.0,0.0004,0.01,-0.04,-0.04,normal,normal,alta,8,historico fim_semana,4.0
D19BA343504,10,,fim_semana,0.012,0.0223,0.0597,-0.17,-0.17,normal,normal,alta,8,historico fim_semana,4.0
D19BA343504,11,,fim_semana,0.0,0.0239,0.0475,-0.5,-0.5,normal,normal,alta,8,historico fim_semana,4.0
D19BA343504,12,,fim_semana,0.0,0.001,0.01,-0.1,-0.1,normal,normal,alta,8,historico fim_semana,4.0
D19BA343504,13,,fim_semana,0.0,0.0,0.01,0.0,0.0,normal,normal,alta,6,historico fim_semana,4.0
D19BA343504,14,,fim_semana,0.0,0.0019,0.01,-0.19,-0.19,normal,normal,alta,8,historico fim_semana,4.0
D19BA343504,15,,fim_semana,0.0,0.0025,0.01,-0.25,-0.25,normal,normal,alta,8,historico fim_semana,4.0
D19BA343504,16,,fim_semana,0.014,0.001,0.01,1.3,1.3,normal,normal,alta,8,historico fim_semana,4.0
D19BA343504,17,,fim_semana,0.0,0.0,0.01,0.0,0.0,normal,normal,alta,6,historico fim_semana,4.0
D19BA343504,18,,fim_semana,0.0,0.013,0.0333,-0.39,-0.39,normal,normal,alta,8,historico fim_semana,4.0
D19BA343504,19,,fim_semana,0.0,0.0011,0.01,-0.11,-0.11,normal,normal,alta,8,historico fim_semana,4.0
D19BA343504,20,,fim_semana,0.0,0.008,0.0125,-0.64,-0.64,normal,normal,alta,8,historico fim_semana,4.0
D19BA343504,21,,fim_semana,0.0,0.0,0.01,0.0,0.0,normal,normal,alta,7,historico fim_semana,4.0
D19BA343504,22,,fim_semana,0.0,0.0,0.01,0.0,0.0,normal,normal,alta,8,historico fim_semana,4.0
D19BA343504,23,,fim_semana,0.0,0.0,0.01,0.0,0.0,normal,normal,alta,8,historico fim_semana,4.0
D19BX000010,0,,fim_semana,0.0,0.0,0.01,0.0,0.0,normal,normal,alta,7,historico fim_semana,4.0
D19BX000010,1,,fim_semana,0.0,0.0,0.01,0.0,0.0,normal,normal,alta,8,historico fim_semana,4.0
D19BX000010,2,,fim_semana,0.0,0.0,0.01,0.0,0.0,normal,normal,alta,8,historico fim_semana,4.0
D19BX000010,3,,fim_semana,0.0,0.0,0.01,0.0,0.0,normal,normal,alta,8,historico fim_semana,4.0
D19BX000010,4,,fim_semana,0.0,0.0,0.01,0.0,0.0,normal,normal,alta,8,historico fim_semana,4.0
D19BX000010,5,,fim_semana,0.0,0.0,0.01,0.0,0.0,normal,normal,alta,6,historico fim_semana,4.0
D19BX000010,6,,fim_semana,0.0,0.0,0.01,0.0,0.0,normal,normal,alta,6,historico fim_semana,4.0
D19BX000010,7,,fim_semana,0.0,0.0,0.01,0.0,0.0,normal,normal,alta,6,historico fim_semana,4.0
D19BX000010,8,,fim_semana,0.0,0.0,0.01,0.0,0.0,normal,normal,alta,6,historico fim_semana,4.0
D19BX000010,9,,fim_semana,0.0,0.0,0.01,0.0,0.0,normal,normal,baixa,4,historico fim_semana (poucos dados),4.0
D19BX000010,10,,fim_semana,0.0,0.0,0.01,0.0,0.0,normal,normal,baixa,4,historico fim_semana (poucos dados),4.0
D19BX000010,11,,fim_semana,0.0,0.0,0.01,0.0,0.0,normal,normal,baixa,4,historico fim_semana (poucos dados),4.0
D19BX000010,12,,fim_semana,0.0,0.0,0.01,0.0,0.0,normal,normal,baixa,4,historico fim_semana (poucos dados),4.0
D19BX000010,13,,fim_semana,0.0,0.0,0.01,0.0,0.0,normal,normal,alta,6,historico fim_semana,4.0
D19BX000010,14,,fim_semana,0.0,0.0,0.01,0.0,0.0,normal,normal,alta,6,historico fim_semana,4.0
D19BX000010,15,,fim_semana,0.0,0.0,0.01,0.0,0.0,normal,normal,alta,6,historico fim_semana,4.0
D19BX000010,16,,fim_semana,0.0,0.0,0.01,0.0,0.0,normal,normal,alta,6,historico fim_semana,4.0
D19BX000010,17,,fim_semana,0.0,0.0,0.01,0.0,0.0,normal,normal,alta,7,historico fim_semana,4.0
D19BX000010,18,,fim_semana,0.0,0.0,0.01,0.0,0.0,normal,normal,alta,7,historico fim_semana,4.0
D19BX000010,19,,fim_semana,0.0,0.0,0.01,0.0,0.0,normal,normal,alta,7,historico fim_semana,4.0
D19BX000010,20,,fim_semana,0.0,0.0,0.01,0.0,0.0,normal,normal,alta,7,historico fim_semana,4.0
D19BX000010,21,,fim_semana,0.0,0.0,0.01,0.0,0.0,normal,normal,alta,7,historico fim_semana,4.0
D19BX000010,22,,fim_semana,0.0,0.0,0.01,0.0,0.0,normal,normal,alta,7,historico fim_semana,4.0
D19BX000010,23,,fim_semana,0.0,0.0,0.01,0.0,0.0,normal,normal,alta,7,historico fim_semana,4.0
D19BX000034,0,,fim_semana,0.0,0.0,0.01,0.0,0.0,normal,normal,baixa,2,fallback (30d recentes),4.0
D19BX000034,1,,fim_semana,0.0,0.0,0.01,0.0,0.0,normal,normal,baixa,2,fallback (30d recentes),4.0
D19BX000034,2,,fim_semana,0.0,0.0,0.01,0.0,0.0,normal,normal,baixa,2,fallback (30d recentes),4.0
D19BX000034,7,,fim_semana,0.157,0.0,0.01,10.0,15.7,desvio,acima,baixa,2,fallback (30d recentes),4.0
D19BX000034,8,,fim_semana,0.505,0.0005,0.01,10.0,50.45,desvio,acima,baixa,2,fallback (30d recentes),4.0
D19BX000034,9,,fim_semana,0.065,0.0,0.01,6.5,6.5,desvio,acima,baixa,2,fallback (30d recentes),4.0
D19BX000034,10,,fim_semana,0.45,0.0025,0.01,10.0,44.75,desvio,acima,baixa,2,fallback (30d recentes),4.0
D19BX000034,12,,fim_semana,0.0,0.0075,0.0106,-0.71,-0.71,normal,normal,baixa,2,fallback (30d recentes),4.0
D19BX000034,13,,fim_semana,0.0,0.0,0.01,0.0,0.0,normal,normal,baixa,2,fallback (30d recentes),4.0
D19BX000034,14,,fim_semana,0.0,0.0,0.01,0.0,0.0,normal,normal,baixa,2,fallback (30d recentes),4.0
D19BX000034,15,,fim_semana,0.0,0.1405,0.1987,-0.71,-0.71,normal,normal,baixa,2,fallback (30d recentes),4.0
D19BX000034,19,,fim_semana,0.201,0.043,0.058,2.72,2.72,normal,normal,baixa,2,fallback (30d recentes),4.0
D19BX000034,20,,fim_semana,0.305,0.105,0.1485,1.35,1.35,normal,normal,baixa,2,fallback (30d recentes),4.0
D19BX000034,21,,fim_semana,0.0,0.0,0.01,0.0,0.0,normal,normal,baixa,2,fallback (30d recentes),4.0
D19BX000034,22,,fim_semana,0.0,0.0,0.01,0.0,0.0,normal,normal,baixa,2,fallback (30d recentes),4.0
D19BX000034,23,,fim_semana,0.0,0.0,0.01,0.0,0.0,normal,normal,baixa,2,fallback (30d recentes),4.0
D19BX000038,1,,fim_semana,0.0,0.0,0.01,0.0,0.0,normal,normal,alta,7,historico fim_semana,4.0
D19BX000038,2,,fim_semana,0.0,0.0,0.01,0.0,0.0,normal,normal,alta,7,historico fim_semana,4.0
D19BX000038,3,,fim_semana,0.0,0.0,0.01,0.0,0.0,normal,normal,alta,7,historico fim_semana,4.0
D19BX000038,4,,fim_semana,0.0,0.0,0.01,0.0,0.0,normal,normal,alta,7,historico fim_semana,4.0
D19BX000038,5,,fim_semana,0.0,0.0,0.01,0.0,0.0,normal,normal,alta,8,historico fim_semana,4.0
D19BX000038,6,,fim_semana,0.0,0.0,0.01,0.0,0.0,normal,normal,alta,8,historico fim_semana,4.0
D19BX000038,7,,fim_semana,0.0,0.0,0.01,0.0,0.0,normal,normal,alta,8,historico fim_semana,4.0
D19BX000038,8,,fim_semana,0.0,0.0,0.01,0.0,0.0,normal,normal,alta,8,historico fim_semana,4.0
D19BX000038,9,,fim_semana,0.0,0.0,0.01,0.0,0.0,normal,normal,alta,6,historico fim_semana,4.0
D19BX000038,10,,fim_semana,0.0,0.0,0.01,0.0,0.0,normal,normal,alta,6,historico fim_semana,4.0
D19BX000038,11,,fim_semana,0.0,0.0,0.01,0.0,0.0,normal,normal,alta,6,historico fim_semana,4.0
D19BX000038,12,,fim_semana,0.0,0.0,0.01,0.0,0.0,normal,normal,alta,6,historico fim_semana,4.0
D19BX000038,13,,fim_semana,0.0,0.0,0.01,0.0,0.0,normal,normal,alta,6,historico fim_semana,4.0
D19BX000038,14,,fim_semana,0.0,0.0,0.01,0.0,0.0,normal,normal,alta,6,historico fim_semana,4.0
D19BX000038,15,,fim_semana,0.0,0.0,0.01,0.0,0.0,normal,normal,alta,6,historico fim_semana,4.0
D19BX000038,16,,fim_semana,0.0,0.0,0.01,0.0,0.0,normal,normal,alta,6,historico fim_semana,4.0
D19BX000040,0,,fim_semana,0.001,0.0035,0.01,-0.25,-0.25,normal,normal,alta,8,historico fim_semana,4.0
D19BX000040,1,,fim_semana,0.0,0.0029,0.01,-0.29,-0.29,normal,normal,alta,8,historico fim_semana,4.0
D19BX000040,2,,fim_semana,0.001,0.0024,0.01,-0.14,-0.14,normal,normal,alta,8,historico fim_semana,4.0
D19BX000040,3,,fim_semana,0.0,0.0026,0.01,-0.26,-0.26,normal,normal,alta,8,historico fim_semana,4.0
D19BX000040,4,,fim_semana,0.0,0.0024,0.01,-0.24,-0.24,normal,normal,alta,8,historico fim_semana,4.0
D19BX000040,5,,fim_semana,0.0,0.002,0.01,-0.2,-0.2,normal,normal,alta,7,historico fim_semana,4.0
D19BX000040,6,,fim_semana,0.0,0.0029,0.01,-0.29,-0.29,normal,normal,alta,8,historico fim_semana,4.0
D19BX000040,7,,fim_semana,0.001,0.0039,0.01,-0.29,-0.29,normal,normal,alta,8,historico fim_semana,4.0
D19BX000040,8,,fim_semana,0.002,0.0046,0.01,-0.26,-0.26,normal,normal,alta,8,historico fim_semana,4.0
D19BX000040,9,,fim_semana,0.003,0.0047,0.01,-0.17,-0.17,normal,normal,alta,8,historico fim_semana,4.0
D19BX000040,10,,fim_semana,0.002,0.0069,0.01,-0.49,-0.49,normal,normal,alta,8,historico fim_semana,4.0
D19BX000040,11,,fim_semana,0.002,0.0052,0.01,-0.32,-0.32,normal,normal,alta,8,historico fim_semana,4.0
D19BX000040,12,,fim_semana,0.002,0.0052,0.01,-0.32,-0.32,normal,normal,alta,8,historico fim_semana,4.0
D19BX000040,13,,fim_semana,0.002,0.0051,0.01,-0.31,-0.31,normal,normal,alta,8,historico fim_semana,4.0
D19BX000040,14,,fim_semana,0.002,0.0052,0.01,-0.32,-0.32,normal,normal,alta,8,historico fim_semana,4.0
D19BX000040,15,,fim_semana,0.002,0.0047,0.01,-0.27,-0.27,normal,normal,alta,8,historico fim_semana,4.0
D19BX000040,16,,fim_semana,0.002,0.0047,0.01,-0.27,-0.27,normal,normal,alta,8,historico fim_semana,4.0
D19BX000040,17,,fim_semana,0.001,0.0048,0.01,-0.38,-0.38,normal,normal,alta,8,historico fim_semana,4.0
D19BX000040,18,,fim_semana,0.002,0.005,0.01,-0.3,-0.3,normal,normal,alta,8,historico fim_semana,4.0
D19BX000040,19,,fim_semana,0.001,0.005,0.01,-0.4,-0.4,normal,normal,alta,8,historico fim_semana,4.0
D19BX000040,20,,fim_semana,0.002,0.0052,0.01,-0.32,-0.32,normal,normal,alta,8,historico fim_semana,4.0
D19BX000040,21,,fim_semana,0.002,0.0044,0.01,-0.24,-0.24,normal,normal,alta,8,historico fim_semana,4.0
D19BX000040,22,,fim_semana,0.001,0.0044,0.01,-0.34,-0.34,normal,normal,alta,8,historico fim_semana,4.0
D19BX000040,23,,fim_semana,0.0,0.0041,0.01,-0.41,-0.41,normal,normal,alta,8,historico fim_semana,4.0
D19BX000041,12,,fim_semana,0.701,0.0625,0.0883,7.23,7.23,desvio,acima,alta,6,historico fim_semana,4.0
D19BX000041,13,,fim_semana,0.195,0.0672,0.0838,1.52,1.52,normal,normal,alta,6,historico fim_semana,4.0
D19BX000041,14,,fim_semana,0.207,0.0405,0.0779,2.14,2.14,normal,normal,alta,6,historico fim_semana,4.0
D19BX000041,15,,fim_semana,0.192,0.0645,0.0895,1.42,1.42,normal,normal,alta,6,historico fim_semana,4.0
D19BX000041,16,,fim_semana,0.217,0.1612,0.2912,0.19,0.19,normal,normal,alta,6,historico fim_semana,4.0
D19BX000041,17,,fim_semana,0.163,0.0595,0.0881,1.17,1.17,normal,normal,alta,6,historico fim_semana,4.0
D19BX000041,18,,fim_semana,0.189,0.0407,0.062,2.39,2.39,normal,normal,alta,6,historico fim_semana,4.0
D19BX000041,19,,fim_semana,0.157,0.0255,0.0576,2.28,2.28,normal,normal,alta,6,historico fim_semana,4.0
D19BX000041,20,,fim_semana,0.184,0.1469,0.3232,0.11,0.11,normal,normal,alta,7,historico fim_semana,4.0
D19BX000041,21,,fim_semana,0.173,0.0517,0.0839,1.45,1.45,normal,normal,alta,7,historico fim_semana,4.0
D19BX000041,22,,fim_semana,0.051,0.0253,0.0478,0.54,0.54,normal,normal,alta,7,historico fim_semana,4.0
D19BX000041,23,,fim_semana,0.0,0.0114,0.0302,-0.38,-0.38,normal,normal,alta,7,historico fim_semana,4.0
D19BX000057,0,,fim_semana,0.008,0.0044,0.01,0.36,0.36,normal,normal,alta,5,historico fim_semana,4.0
D19BX000057,1,,fim_semana,0.008,0.0104,0.0128,-0.19,-0.19,normal,normal,alta,8,historico fim_semana,4.0
D19BX000057,2,,fim_semana,0.008,0.0054,0.01,0.26,0.26,normal,normal,alta,8,historico fim_semana,4.0
D19BX000057,3,,fim_semana,0.009,0.0057,0.01,0.32,0.32,normal,normal,alta,8,historico fim_semana,4.0
D19BX000057,5,,fim_semana,0.008,0.0059,0.01,0.21,0.21,normal,normal,alta,8,historico fim_semana,4.0
D19BX000057,6,,fim_semana,0.009,0.0056,0.01,0.34,0.34,normal,normal,alta,8,historico fim_semana,4.0
D19BX000057,7,,fim_semana,0.008,0.0056,0.01,0.24,0.24,normal,normal,alta,8,historico fim_semana,4.0
D19BX000057,8,,fim_semana,0.008,0.0063,0.01,0.17,0.17,normal,normal,alta,7,historico fim_semana,4.0
D19BX000057,9,,fim_semana,0.014,0.0051,0.01,0.89,0.89,normal,normal,alta,8,historico fim_semana,4.0
D19BX000057,10,,fim_semana,0.006,0.0044,0.01,0.16,0.16,normal,normal,alta,8,historico fim_semana,4.0
D19BX000057,11,,fim_semana,0.004,0.0039,0.01,0.01,0.01,normal,normal,alta,8,historico fim_semana,4.0
D19BX000057,13,,fim_semana,0.004,0.0061,0.01,-0.21,-0.21,normal,normal,alta,8,historico fim_semana,4.0
D19BX000057,14,,fim_semana,0.005,0.004,0.01,0.1,0.1,normal,normal,alta,8,historico fim_semana,4.0
D19BX000057,15,,fim_semana,0.005,0.004,0.01,0.1,0.1,normal,normal,alta,8,historico fim_semana,4.0
D19BX000057,16,,fim_semana,0.006,0.0046,0.01,0.14,0.14,normal,normal,alta,5,historico fim_semana,4.0
D19BX000057,17,,fim_semana,0.007,0.0053,0.01,0.17,0.17,normal,normal,alta,7,historico fim_semana,4.0
D19BX000057,18,,fim_semana,0.006,0.0044,0.01,0.16,0.16,normal,normal,alta,7,historico fim_semana,4.0
D19BX000057,19,,fim_semana,0.007,0.0043,0.01,0.27,0.27,normal,normal,alta,7,historico fim_semana,4.0
D19BX000057,20,,fim_semana,0.006,0.0077,0.0127,-0.13,-0.13,normal,normal,alta,6,historico fim_semana,4.0
D19BX000057,21,,fim_semana,0.005,0.0043,0.01,0.07,0.07,normal,normal,alta,7,historico fim_semana,4.0
D19BX000057,22,,fim_semana,0.005,0.004,0.01,0.1,0.1,normal,normal,alta,7,historico fim_semana,4.0
D19BX000057,23,,fim_semana,0.007,0.0043,0.01,0.27,0.27,normal,normal,alta,7,historico fim_semana,4.0
D20BA029351,0,,fim_semana,0.0,0.0,0.01,0.0,0.0,normal,normal,alta,6,historico fim_semana,4.0
D20BA029351,1,,fim_semana,0.0,0.0,0.01,0.0,0.0,normal,normal,alta,6,historico fim_semana,4.0
D20BA029351,2,,fim_semana,0.0,0.0,0.01,0.0,0.0,normal,normal,alta,7,historico fim_semana,4.0
D20BA029351,3,,fim_semana,0.0,0.0,0.01,0.0,0.0,normal,normal,alta,7,historico fim_semana,4.0
D20BA029351,4,,fim_semana,0.0,0.0,0.01,0.0,0.0,normal,normal,alta,7,historico fim_semana,4.0
D20BA029351,5,,fim_semana,0.0,0.0,0.01,0.0,0.0,normal,normal,alta,7,historico fim_semana,4.0
D20BA029351,6,,fim_semana,0.0,0.0,0.01,0.0,0.0,normal,normal,alta,7,historico fim_semana,4.0
D20BA029351,7,,fim_semana,0.0,0.0,0.01,0.0,0.0,normal,normal,alta,7,historico fim_semana,4.0
D20BA029351,8,,fim_semana,0.0,0.0,0.01,0.0,0.0,normal,normal,alta,7,historico fim_semana,4.0
D20BA029351,9,,fim_semana,0.0,0.0,0.01,0.0,0.0,normal,normal,alta,7,historico fim_semana,4.0
D20BA029351,10,,fim_semana,0.0,0.0,0.01,0.0,0.0,normal,normal,alta,6,historico fim_semana,4.0
D20BA029351,11,,fim_semana,0.0,0.0,0.01,0.0,0.0,normal,normal,alta,6,historico fim_semana,4.0
D20BA029351,12,,fim_semana,0.0,0.0,0.01,0.0,0.0,normal,normal,alta,6,historico fim_semana,4.0
D20BA029351,13,,fim_semana,0.0,0.0,0.01,0.0,0.0,normal,normal,alta,6,historico fim_semana,4.0
D20BA029351,14,,fim_semana,0.0,0.0,0.01,0.0,0.0,normal,normal,alta,7,historico fim_semana,4.0
D20BA029351,15,,fim_semana,0.0,0.0,0.01,0.0,0.0,normal,normal,alta,7,historico fim_semana,4.0
D20BA029351,16,,fim_semana,0.0,0.0,0.01,0.0,0.0,normal,normal,alta,7,historico fim_semana,4.0
D20BA029351,17,,fim_semana,0.0,0.0,0.01,0.0,0.0,normal,normal,alta,7,historico fim_semana,4.0
D20BA029351,18,,fim_semana,0.0,0.0,0.01,0.0,0.0,normal,normal,alta,7,historico fim_semana,4.0
D20BA029351,19,,fim_semana,0.0,0.0,0.01,0.0,0.0,normal,normal,alta,7,historico fim_semana,4.0
D20BA029351,20,,fim_semana,0.0,0.0,0.01,0.0,0.0,normal,normal,alta,7,historico fim_semana,4.0
D20BA029351,21,,fim_semana,0.0,0.0,0.01,0.0,0.0,normal,normal,alta,7,historico fim_semana,4.0
H19VA232210,0,,fim_semana,0.0,0.0,0.01,0.0,0.0,normal,normal,alta,8,historico fim_semana,4.0
H19VA232210,1,,fim_semana,0.0,0.0001,0.01,-0.01,-0.01,normal,normal,alta,8,historico fim_semana,4.0
H19VA232210,2,,fim_semana,0.0,0.0,0.01,0.0,0.0,normal,normal,alta,8,historico fim_semana,4.0
H19VA232210,3,,fim_semana,0.0,0.0,0.01,0.0,0.0,normal,normal,alta,8,historico fim_semana,4.0
H19VA232210,4,,fim_semana,0.0,0.0,0.01,0.0,0.0,normal,normal,alta,8,historico fim_semana,4.0
H19VA232210,5,,fim_semana,0.0,0.0,0.01,0.0,0.0,normal,normal,alta,7,historico fim_semana,4.0
H19VA232210,6,,fim_semana,0.0,0.0,0.01,0.0,0.0,normal,normal,alta,7,historico fim_semana,4.0
H19VA232210,7,,fim_semana,0.0,0.0,0.01,0.0,0.0,normal,normal,alta,7,historico fim_semana,4.0
H19VA232210,8,,fim_semana,0.0,0.0197,0.0261,-0.75,-0.75,normal,normal,alta,7,historico fim_semana,4.0
H19VA232210,9,,fim_semana,0.0,0.0,0.01,0.0,0.0,normal,normal,alta,8,historico fim_semana,4.0
H19VA232210,10,,fim_semana,0.0,0.0,0.01,0.0,0.0,normal,normal,alta,8,historico fim_semana,4.0
H19VA232210,11,,fim_semana,0.0,0.0069,0.0128,-0.54,-0.54,normal,normal,alta,8,historico fim_semana,4.0
H19VA232210,12,,fim_semana,0.026,0.013,0.0197,0.66,0.66,normal,normal,alta,8,historico fim_semana,4.0
H19VA232210,13,,fim_semana,0.0,0.023,0.0261,-0.88,-0.88,normal,normal,alta,8,historico fim_semana,4.0
H19VA232210,14,,fim_semana,0.065,0.0066,0.0123,4.76,4.76,desvio,acima,alta,8,historico fim_semana,4.0
H19VA232210,15,,fim_semana,0.0,0.009,0.0172,-0.52,-0.52,normal,normal,alta,8,historico fim_semana,4.0
H19VA232210,16,,fim_semana,0.045,0.0035,0.01,4.15,4.15,desvio,acima,alta,8,historico fim_semana,4.0
H19VA232210,17,,fim_semana,0.07,0.015,0.0308,1.78,1.78,normal,normal,alta,8,historico fim_semana,4.0
H19VA232210,18,,fim_semana,0.0,0.0035,0.01,-0.35,-0.35,normal,normal,alta,8,historico fim_semana,4.0
H19VA232210,19,,fim_semana,0.0,0.0041,0.0117,-0.35,-0.35,normal,normal,alta,8,historico fim_semana,4.0
H19VA232210,20,,fim_semana,0.0,0.0,0.01,0.0,0.0,normal,normal,alta,8,historico fim_semana,4.0
H19VA232210,21,,fim_semana,0.0,0.0034,0.01,-0.34,-0.34,normal,normal,alta,8,historico fim_semana,4.0
H19VA232210,22,,fim_semana,0.0,0.0034,0.01,-0.34,-0.34,normal,normal,alta,8,historico fim_semana,4.0
H19VA232210,23,,fim_semana,0.0,0.0,0.01,0.0,0.0,normal,normal,alta,8,historico fim_semana,4.0
H20VA222003,0,,fim_semana,0.0,0.0,0.01,0.0,0.0,normal,normal,alta,8,historico fim_semana,4.0
H20VA222003,1,,fim_semana,0.0,0.0,0.01,0.0,0.0,normal,normal,alta,8,historico fim_semana,4.0
H20VA222003,2,,fim_semana,0.0,0.0,0.01,0.0,0.0,normal,normal,alta,8,historico fim_semana,4.0
H20VA222003,3,,fim_semana,0.0,0.0,0.01,0.0,0.0,normal,normal,alta,7,historico fim_semana,4.0
H20VA222003,4,,fim_semana,0.0,0.0,0.01,0.0,0.0,normal,normal,alta,7,historico fim_semana,4.0
H20VA222003,5,,fim_semana,0.0,0.0,0.01,0.0,0.0,normal,normal,alta,7,historico fim_semana,4.0
H20VA222003,6,,fim_semana,0.0,0.0,0.01,0.0,0.0,normal,normal,alta,7,historico fim_semana,4.0
H20VA222003,7,,fim_semana,0.0,0.0,0.01,0.0,0.0,normal,normal,alta,7,historico fim_semana,4.0
H20VA222003,8,,fim_semana,0.0,0.0011,0.01,-0.11,-0.11,normal,normal,alta,7,historico fim_semana,4.0
H20VA222003,9,,fim_semana,0.0,0.0013,0.01,-0.13,-0.13,normal,normal,alta,7,historico fim_semana,4.0
H20VA222003,10,,fim_semana,0.0,0.0024,0.01,-0.24,-0.24,normal,normal,alta,7,historico fim_semana,4.0
H20VA222003,11,,fim_semana,0.0,0.0083,0.0219,-0.38,-0.38,normal,normal,alta,7,historico fim_semana,4.0
H20VA222003,12,,fim_semana,0.0,0.0021,0.01,-0.21,-0.21,normal,normal,alta,7,historico fim_semana,4.0
H20VA222003,13,,fim_semana,0.0,0.0017,0.01,-0.17,-0.17,normal,normal,alta,7,historico fim_semana,4.0
H20VA222003,14,,fim_semana,0.0,0.0,0.01,0.0,0.0,normal,normal,alta,7,historico fim_semana,4.0
H20VA222003,15,,fim_semana,0.019,0.007,0.0186,0.64,0.64,normal,normal,alta,8,historico fim_semana,4.0
H20VA222003,16,,fim_semana,0.0,0.0003,0.01,-0.03,-0.03,normal,normal,alta,8,historico fim_semana,4.0
H20VA222003,17,,fim_semana,0.0,0.0047,0.01,-0.47,-0.47,normal,normal,alta,8,historico fim_semana,4.0
H20VA222003,18,,fim_semana,0.005,0.0182,0.0516,-0.26,-0.26,normal,normal,alta,8,historico fim_semana,4.0
H20VA222003,19,,fim_semana,0.0,0.0034,0.01,-0.34,-0.34,normal,normal,alta,8,historico fim_semana,4.0
H20VA222003,20,,fim_semana,0.0,0.006,0.0162,-0.37,-0.37,normal,normal,alta,8,historico fim_semana,4.0
H20VA222003,21,,fim_semana,0.0,0.0001,0.01,-0.01,-0.01,normal,normal,alta,8,historico fim_semana,4.0
H20VA222003,22,,fim_semana,0.0,0.0,0.01,0.0,0.0,normal,normal,alta,8,historico fim_semana,4.0
H20VA222003,23,,fim_semana,0.0,0.0012,0.01,-0.12,-0.12,normal,normal,alta,6,historico fim_semana,4.0
H20VA222016,0,,fim_semana,0.001,0.0011,0.01,-0.01,-0.01,normal,normal,alta,8,historico fim_semana,4.0
H20VA222016,1,,fim_semana,0.0,0.0011,0.01,-0.11,-0.11,normal,normal,alta,8,historico fim_semana,4.0
H20VA222016,2,,fim_semana,0.001,0.0013,0.01,-0.03,-0.03,normal,normal,alta,8,historico fim_semana,4.0
H20VA222016,3,,fim_semana,0.001,0.0006,0.01,0.04,0.04,normal,normal,alta,8,historico fim_semana,4.0
H20VA222016,4,,fim_semana,0.0,0.0011,0.01,-0.11,-0.11,normal,normal,alta,8,historico fim_semana,4.0
H20VA222016,5,,fim_semana,0.001,0.0009,0.01,0.01,0.01,normal,normal,alta,8,historico fim_semana,4.0
H20VA222016,6,,fim_semana,0.0,0.001,0.01,-0.1,-0.1,normal,normal,alta,8,historico fim_semana,4.0
H20VA222016,7,,fim_semana,0.001,0.001,0.01,0.0,0.0,normal,normal,alta,8,historico fim_semana,4.0
H20VA222016,8,,fim_semana,0.001,0.001,0.01,0.0,0.0,normal,normal,alta,8,historico fim_semana,4.0
H20VA222016,9,,fim_semana,0.0,0.001,0.01,-0.1,-0.1,normal,normal,alta,8,historico fim_semana,4.0
H20VA222016,10,,fim_semana,0.001,0.0014,0.01,-0.04,-0.04,normal,normal,alta,8,historico fim_semana,4.0
H20VA222016,11,,fim_semana,0.0,0.0011,0.01,-0.11,-0.11,normal,normal,alta,8,historico fim_semana,4.0
H20VA222016,12,,fim_semana,0.001,0.001,0.01,0.0,0.0,normal,normal,alta,8,historico fim_semana,4.0
H20VA222016,13,,fim_semana,0.001,0.0011,0.01,-0.01,-0.01,normal,normal,alta,8,historico fim_semana,4.0
H20VA222016,14,,fim_semana,0.0,0.0011,0.01,-0.11,-0.11,normal,normal,alta,8,historico fim_semana,4.0
H20VA222016,15,,fim_semana,0.001,0.0019,0.01,-0.09,-0.09,normal,normal,alta,8,historico fim_semana,4.0
H20VA222016,16,,fim_semana,0.001,0.001,0.01,0.0,0.0,normal,normal,alta,8,historico fim_semana,4.0
H20VA222016,17,,fim_semana,0.0,0.001,0.01,-0.1,-0.1,normal,normal,alta,8,historico fim_semana,4.0
H20VA222016,18,,fim_semana,0.001,0.001,0.01,0.0,0.0,normal,normal,alta,8,historico fim_semana,4.0
H20VA222016,19,,fim_semana,0.001,0.0013,0.01,-0.03,-0.03,normal,normal,alta,8,historico fim_semana,4.0
H20VA222016,20,,fim_semana,0.0,0.0013,0.01,-0.12,-0.12,normal,normal,alta,8,historico fim_semana,4.0
H20VA222016,21,,fim_semana,0.001,0.001,0.01,0.0,0.0,normal,normal,alta,8,historico fim_semana,4.0
H20VA222016,22,,fim_semana,0.001,0.0009,0.01,0.01,0.01,normal,normal,alta,8,historico fim_semana,4.0
H20VA222016,23,,fim_semana,0.0,0.001,0.01,-0.1,-0.1,normal,normal,alta,8,historico fim_semana,4.0
H20VA543760,0,,fim_semana,0.0,0.0,0.01,0.0,0.0,normal,normal,alta,8,historico fim_semana,4.0
H20VA543760,1,,fim_semana,0.0,0.0,0.01,0.0,0.0,normal,normal,alta,8,historico fim_semana,4.0
H20VA543760,2,,fim_semana,0.0,0.0,0.01,0.0,0.0,normal,normal,alta,8,historico fim_semana,4.0
H20VA543760,3,,fim_semana,0.0,0.0,0.01,0.0,0.0,normal,normal,alta,8,historico fim_semana,4.0
H20VA543760,4,,fim_semana,0.0,0.0,0.01,0.0,0.0,normal,normal,alta,8,historico fim_semana,4.0
H20VA543760,5,,fim_semana,0.0,0.0,0.01,0.0,0.0,normal,normal,alta,8,historico fim_semana,4.0
H20VA543760,6,,fim_semana,0.0,0.0,0.01,0.0,0.0,normal,normal,alta,8,historico fim_semana,4.0
H20VA543760,7,,fim_semana,0.0,0.0,0.01,0.0,0.0,normal,normal,alta,8,historico fim_semana,4.0
H20VA543760,8,,fim_semana,0.0,0.0,0.01,0.0,0.0,normal,normal,alta,8,historico fim_semana,4.0
H20VA543760,9,,fim_semana,0.0,0.0,0.01,0.0,0.0,normal,normal,alta,8,historico fim_semana,4.0
H20VA543760,10,,fim_semana,0.0,0.0,0.01,0.0,0.0,normal,normal,alta,8,historico fim_semana,4.0
H20VA543760,11,,fim_semana,0.0,0.0,0.01,0.0,0.0,normal,normal,alta,8,historico fim_semana,4.0
H20VA543760,12,,fim_semana,0.0,0.0,0.01,0.0,0.0,normal,normal,alta,8,historico fim_semana,4.0
H20VA543760,13,,fim_semana,0.0,0.0,0.01,0.0,0.0,normal,normal,alta,8,historico fim_semana,4.0
H20VA543760,14,,fim_semana,0.0,0.0,0.01,0.0,0.0,normal,normal,alta,8,historico fim_semana,4.0
H20VA543760,15,,fim_semana,0.0,0.0,0.01,0.0,0.0,normal,normal,alta,8,historico fim_semana,4.0
H20VA543760,16,,fim_semana,0.0,0.0,0.01,0.0,0.0,normal,normal,alta,8,historico fim_semana,4.0
H20VA543760,17,,fim_semana,0.0,0.0,0.01,0.0,0.0,normal,normal,alta,8,historico fim_semana,4.0
H20VA543760,18,,fim_semana,0.0,0.0,0.01,0.0,0.0,normal,normal,alta,8,historico fim_semana,4.0
H20VA543760,19,,fim_semana,0.0,0.0,0.01,0.0,0.0,normal,normal,alta,8,historico fim_semana,4.0
H20VA543760,20,,fim_semana,0.0,0.0,0.01,0.0,0.0,normal,normal,alta,8,historico fim_semana,4.0
H20VA543760,21,,fim_semana,0.0,0.0,0.01,0.0,0.0,normal,normal,alta,8,historico fim_semana,4.0
H20VA543760,22,,fim_semana,0.0,0.0,0.01,0.0,0.0,normal,normal,alta,8,historico fim_semana,4.0
H20VA543760,23,,fim_semana,0.0,0.0,0.01,0.0,0.0,normal,normal,alta,8,historico fim_semana,4.0
H21OF823215Y,0,,fim_semana,0.0,0.0,0.01,0.0,0.0,normal,normal,alta,8,historico fim_semana,4.0
H21OF823215Y,1,,fim_semana,0.0,0.0,0.01,0.0,0.0,normal,normal,alta,8,historico fim_semana,4.0
H21OF823215Y,2,,fim_semana,0.0,0.0,0.01,0.0,0.0,normal,normal,alta,8,historico fim_semana,4.0
H21OF823215Y,3,,fim_semana,0.0,0.0,0.01,0.0,0.0,normal,normal,alta,8,historico fim_semana,4.0
H21OF823215Y,4,,fim_semana,0.0,0.0,0.01,0.0,0.0,normal,normal,alta,8,historico fim_semana,4.0
H21OF823215Y,5,,fim_semana,0.0,0.0,0.01,0.0,0.0,normal,normal,alta,8,historico fim_semana,4.0
H21OF823215Y,6,,fim_semana,0.0,0.0,0.01,0.0,0.0,normal,normal,alta,8,historico fim_semana,4.0
H21OF823215Y,7,,fim_semana,0.0,0.0,0.01,0.0,0.0,normal,normal,alta,8,historico fim_semana,4.0
H21OF823215Y,8,,fim_semana,0.0,0.0,0.01,0.0,0.0,normal,normal,alta,8,historico fim_semana,4.0
H21OF823215Y,9,,fim_semana,0.0,0.0,0.01,0.0,0.0,normal,normal,alta,7,historico fim_semana,4.0
H21OF823215Y,10,,fim_semana,0.0,0.0,0.01,0.0,0.0,normal,normal,alta,7,historico fim_semana,4.0
H21OF823215Y,11,,fim_semana,0.0,0.0,0.01,0.0,0.0,normal,normal,alta,7,historico fim_semana,4.0
H21OF823215Y,12,,fim_semana,0.0,0.0,0.01,0.0,0.0,normal,normal,alta,7,historico fim_semana,4.0
H21OF823215Y,13,,fim_semana,0.0,0.0,0.01,0.0,0.0,normal,normal,alta,8,historico fim_semana,4.0
H21OF823215Y,14,,fim_semana,0.0,0.0,0.01,0.0,0.0,normal,normal,alta,8,historico fim_semana,4.0
H21OF823215Y,15,,fim_semana,0.0,0.0,0.01,0.0,0.0,normal,normal,alta,8,historico fim_semana,4.0
H21OF823215Y,16,,fim_semana,0.0,0.0,0.01,0.0,0.0,normal,normal,alta,8,historico fim_semana,4.0
H21OF823215Y,17,,fim_semana,0.0,0.0,0.01,0.0,0.0,normal,normal,alta,8,historico fim_semana,4.0
H21OF823215Y,18,,fim_semana,0.0,0.0,0.01,0.0,0.0,normal,normal,alta,8,historico fim_semana,4.0
H21OF823215Y,19,,fim_semana,0.0,0.0,0.01,0.0,0.0,normal,normal,alta,8,historico fim_semana,4.0
H21OF823215Y,20,,fim_semana,0.0,0.0,0.01,0.0,0.0,normal,normal,alta,8,historico fim_semana,4.0
H21OF823215Y,21,,fim_semana,0.0,0.0,0.01,0.0,0.0,normal,normal,alta,8,historico fim_semana,4.0
H21OF823215Y,22,,fim_semana,0.0,0.0,0.01,0.0,0.0,normal,normal,alta,8,historico fim_semana,4.0
H21OF823215Y,23,,fim_semana,0.0,0.0,0.01,0.0,0.0,normal,normal,alta,8,historico fim_semana,4.0
H21OF824724S,0,,fim_semana,0.0,0.0,0.01,0.0,0.0,normal,normal,alta,8,historico fim_semana,4.0
H21OF824724S,1,,fim_semana,0.0,0.0,0.01,0.0,0.0,normal,normal,alta,8,historico fim_semana,4.0
H21OF824724S,2,,fim_semana,0.0,0.0,0.01,0.0,0.0,normal,normal,alta,8,historico fim_semana,4.0
H21OF824724S,3,,fim_semana,0.0,0.0,0.01,0.0,0.0,normal,normal,alta,8,historico fim_semana,4.0
H21OF824724S,4,,fim_semana,0.0,0.0,0.01,0.0,0.0,normal,normal,alta,8,historico fim_semana,4.0
H21OF824724S,5,,fim_semana,0.0,0.0,0.01,0.0,0.0,normal,normal,alta,8,historico fim_semana,4.0
H21OF824724S,6,,fim_semana,0.0,0.0,0.01,0.0,0.0,normal,normal,alta,8,historico fim_semana,4.0
H21OF824724S,7,,fim_semana,0.0,0.0,0.01,0.0,0.0,normal,normal,alta,8,historico fim_semana,4.0
H21OF824724S,8,,fim_semana,0.0,0.0,0.01,0.0,0.0,normal,normal,alta,8,historico fim_semana,4.0
H21OF824724S,9,,fim_semana,0.0,0.0,0.01,0.0,0.0,normal,normal,alta,8,historico fim_semana,4.0
H21OF824724S,10,,fim_semana,0.0,0.0,0.01,0.0,0.0,normal,normal,alta,8,historico fim_semana,4.0
H21OF824724S,11,,fim_semana,0.0,0.0,0.01,0.0,0.0,normal,normal,alta,8,historico fim_semana,4.0
H21OF824724S,12,,fim_semana,0.0,0.0,0.01,0.0,0.0,normal,normal,alta,8,historico fim_semana,4.0
H21OF824724S,13,,fim_semana,0.0,0.0,0.01,0.0,0.0,normal,normal,alta,8,historico fim_semana,4.0
H21OF824724S,14,,fim_semana,0.0,0.0,0.01,0.0,0.0,normal,normal,alta,8,historico fim_semana,4.0
H21OF824724S,15,,fim_semana,0.0,0.0,0.01,0.0,0.0,normal,normal,alta,8,historico fim_semana,4.0
H21OF824724S,16,,fim_semana,0.0,0.0,0.01,0.0,0.0,normal,normal,alta,8,historico fim_semana,4.0
H21OF824724S,17,,fim_semana,0.0,0.0,0.01,0.0,0.0,normal,normal,alta,8,historico fim_semana,4.0
H21OF824724S,18,,fim_semana,0.0,0.0,0.01,0.0,0.0,normal,normal,alta,8,historico fim_semana,4.0
H21OF824724S,19,,fim_semana,0.0,0.0,0.01,0.0,0.0,normal,normal,alta,8,historico fim_semana,4.0
H21OF824724S,20,,fim_semana,0.0,0.0,0.01,0.0,0.0,normal,normal,alta,8,historico fim_semana,4.0
H21OF824724S,21,,fim_semana,0.0,0.0,0.01,0.0,0.0,normal,normal,alta,8,historico fim_semana,4.0
H21OF824724S,22,,fim_semana,0.0,0.0,0.01,0.0,0.0,normal,normal,alta,8,historico fim_semana,4.0
H21OF824724S,23,,fim_semana,0.0,0.0,0.01,0.0,0.0,normal,normal,alta,8,historico fim_semana,4.0
H21OF834686I,0,,fim_semana,0.0,0.0013,0.01,-0.12,-0.12,normal,normal,alta,8,historico fim_semana,4.0
H21OF834686I,1,,fim_semana,0.0,0.0,0.01,0.0,0.0,normal,normal,alta,8,historico fim_semana,4.0
H21OF834686I,2,,fim_semana,0.0,0.0,0.01,0.0,0.0,normal,normal,alta,8,historico fim_semana,4.0
H21OF834686I,3,,fim_semana,0.0,0.0,0.01,0.0,0.0,normal,normal,alta,8,historico fim_semana,4.0
H21OF834686I,4,,fim_semana,0.0,0.0,0.01,0.0,0.0,normal,normal,alta,8,historico fim_semana,4.0
H21OF834686I,5,,fim_semana,0.0,0.0,0.01,0.0,0.0,normal,normal,alta,8,historico fim_semana,4.0
H21OF834686I,6,,fim_semana,0.0,0.0,0.01,0.0,0.0,normal,normal,alta,8,historico fim_semana,4.0
H21OF834686I,7,,fim_semana,0.0,0.0,0.01,0.0,0.0,normal,normal,alta,8,historico fim_semana,4.0
H21OF834686I,8,,fim_semana,0.0,0.01,0.0193,-0.52,-0.52,normal,normal,alta,8,historico fim_semana,4.0
H21OF834686I,9,,fim_semana,0.02,0.0525,0.0345,-0.94,-0.94,normal,normal,alta,8,historico fim_semana,4.0
H21OF834686I,10,,fim_semana,0.02,0.0825,0.2013,-0.31,-0.31,normal,normal,alta,8,historico fim_semana,4.0
H21OF834686I,11,,fim_semana,0.03,0.0462,0.0469,-0.35,-0.35,normal,normal,alta,8,historico fim_semana,4.0
H21OF834686I,12,,fim_semana,0.52,0.2438,0.406,0.68,0.68,normal,normal,alta,8,historico fim_semana,4.0
H21OF834686I,13,,fim_semana,0.1,0.29,0.5858,-0.32,-0.32,normal,normal,alta,8,historico fim_semana,4.0
H21OF834686I,14,,fim_semana,0.03,0.0238,0.0267,0.23,0.23,normal,normal,alta,8,historico fim_semana,4.0
H21OF834686I,15,,fim_semana,0.03,0.1225,0.2215,-0.42,-0.42,normal,normal,alta,8,historico fim_semana,4.0
H21OF834686I,16,,fim_semana,0.09,0.2387,0.4512,-0.33,-0.33,normal,normal,alta,8,historico fim_semana,4.0
H21OF834686I,17,,fim_semana,1.56,0.1013,0.1563,9.33,9.33,desvio,acima,alta,8,historico fim_semana,4.0
H21OF834686I,18,,fim_semana,0.01,0.1825,0.284,-0.61,-0.61,normal,normal,alta,8,historico fim_semana,4.0
H21OF834686I,19,,fim_semana,0.0,0.3337,0.3163,-1.06,-1.06,normal,normal,alta,8,historico fim_semana,4.0
H21OF834686I,20,,fim_semana,0.0,0.4012,0.4827,-0.83,-0.83,normal,normal,alta,8,historico fim_semana,4.0
H21OF834686I,21,,fim_semana,0.0,0.0338,0.04,-0.84,-0.84,normal,normal,alta,8,historico fim_semana,4.0
H21OF834686I,22,,fim_semana,0.0,0.1288,0.2863,-0.45,-0.45,normal,normal,alta,8,historico fim_semana,4.0
H21OF834686I,23,,fim_semana,0.0,0.3788,0.5816,-0.65,-0.65,normal,normal,alta,8,historico fim_semana,4.0
H21OF834689L,0,,fim_semana,0.0,0.0,0.01,0.0,0.0,normal,normal,alta,8,historico fim_semana,4.0
H21OF834689L,1,,fim_semana,0.0,0.0,0.01,0.0,0.0,normal,normal,alta,8,historico fim_semana,4.0
H21OF834689L,2,,fim_semana,0.0,0.0,0.01,0.0,0.0,normal,normal,alta,8,historico fim_semana,4.0
H21OF834689L,3,,fim_semana,0.0,0.0,0.01,0.0,0.0,normal,normal,alta,8,historico fim_semana,4.0
H21OF834689L,4,,fim_semana,0.0,0.0,0.01,0.0,0.0,normal,normal,alta,8,historico fim_semana,4.0
H21OF834689L,5,,fim_semana,0.0,0.0,0.01,0.0,0.0,normal,normal,alta,8,historico fim_semana,4.0
H21OF834689L,6,,fim_semana,0.0,0.0,0.01,0.0,0.0,normal,normal,alta,8,historico fim_semana,4.0
H21OF834689L,7,,fim_semana,0.0,0.0,0.01,0.0,0.0,normal,normal,alta,8,historico fim_semana,4.0
H21OF834689L,8,,fim_semana,0.0,0.0,0.01,0.0,0.0,normal,normal,alta,8,historico fim_semana,4.0
H21OF834689L,9,,fim_semana,0.0,0.0,0.01,0.0,0.0,normal,normal,alta,8,historico fim_semana,4.0
H21OF834689L,10,,fim_semana,0.0,0.0,0.01,0.0,0.0,normal,normal,alta,8,historico fim_semana,4.0
H21OF834689L,11,,fim_semana,0.0,0.0,0.01,0.0,0.0,normal,normal,alta,8,historico fim_semana,4.0
H21OF834689L,12,,fim_semana,0.0,0.0,0.01,0.0,0.0,normal,normal,alta,8,historico fim_semana,4.0
H21OF834689L,13,,fim_semana,0.0,0.0,0.01,0.0,0.0,normal,normal,alta,8,historico fim_semana,4.0
H21OF834689L,14,,fim_semana,0.0,0.0,0.01,0.0,0.0,normal,normal,alta,8,historico fim_semana,4.0
H21OF834689L,15,,fim_semana,0.0,0.0,0.01,0.0,0.0,normal,normal,alta,8,historico fim_semana,4.0
H21OF834689L,16,,fim_semana,0.0,0.0,0.01,0.0,0.0,normal,normal,alta,8,historico fim_semana,4.0
H21OF834689L,17,,fim_semana,0.0,0.0,0.01,0.0,0.0,normal,normal,alta,8,historico fim_semana,4.0
H21OF834689L,18,,fim_semana,0.0,0.0,0.01,0.0,0.0,normal,normal,alta,8,historico fim_semana,4.0
H21OF834689L,19,,fim_semana,0.0,0.0,0.01,0.0,0.0,normal,normal,alta,8,historico fim_semana,4.0
H21OF834689L,20,,fim_semana,0.0,0.0,0.01,0.0,0.0,normal,normal,alta,8,historico fim_semana,4.0
H21OF834689L,21,,fim_semana,0.0,0.0,0.01,0.0,0.0,normal,normal,alta,8,historico fim_semana,4.0
H21OF834689L,22,,fim_semana,0.0,0.0,0.01,0.0,0.0,normal,normal,alta,8,historico fim_semana,4.0
H21OF834689L,23,,fim_semana,0.0,0.0,0.01,0.0,0.0,normal,normal,alta,7,historico fim_semana,4.0
H21OF834691F,0,,fim_semana,0.0,0.0,0.01,0.0,0.0,normal,normal,alta,8,historico fim_semana,4.0
H21OF834691F,1,,fim_semana,0.0,0.0,0.01,0.0,0.0,normal,normal,alta,8,historico fim_semana,4.0
H21OF834691F,2,,fim_semana,0.0,0.0,0.01,0.0,0.0,normal,normal,alta,8,historico fim_semana,4.0
H21OF834691F,3,,fim_semana,0.0,0.0,0.01,0.0,0.0,normal,normal,alta,8,historico fim_semana,4.0
H21OF834691F,4,,fim_semana,0.0,0.0,0.01,0.0,0.0,normal,normal,alta,8,historico fim_semana,4.0
H21OF834691F,5,,fim_semana,0.0,0.0,0.01,0.0,0.0,normal,normal,alta,8,historico fim_semana,4.0
H21OF834691F,6,,fim_semana,0.0,0.0,0.01,0.0,0.0,normal,normal,alta,8,historico fim_semana,4.0
H21OF834691F,7,,fim_semana,0.0,0.0,0.01,0.0,0.0,normal,normal,alta,8,historico fim_semana,4.0
H21OF834691F,8,,fim_semana,0.0,0.0,0.01,0.0,0.0,normal,normal,alta,8,historico fim_semana,4.0
H21OF834691F,9,,fim_semana,0.0,0.0,0.01,0.0,0.0,normal,normal,alta,8,historico fim_semana,4.0
H21OF834691F,10,,fim_semana,0.0,0.0,0.01,0.0,0.0,normal,normal,alta,8,historico fim_semana,4.0
H21OF834691F,11,,fim_semana,0.0,0.0,0.01,0.0,0.0,normal,normal,alta,8,historico fim_semana,4.0
H21OF834691F,12,,fim_semana,0.0,0.0,0.01,0.0,0.0,normal,normal,alta,8,historico fim_semana,4.0
H21OF834691F,13,,fim_semana,0.0,0.0,0.01,0.0,0.0,normal,normal,alta,8,historico fim_semana,4.0
H21OF834691F,14,,fim_semana,0.0,0.0,0.01,0.0,0.0,normal,normal,alta,8,historico fim_semana,4.0
H21OF834691F,15,,fim_semana,0.0,0.0,0.01,0.0,0.0,normal,normal,alta,8,historico fim_semana,4.0
H21OF834691F,16,,fim_semana,0.0,0.0,0.01,0.0,0.0,normal,normal,alta,8,historico fim_semana,4.0
H21OF834691F,17,,fim_semana,0.0,0.0,0.01,0.0,0.0,normal,normal,alta,8,historico fim_semana,4.0
H21OF834691F,18,,fim_semana,0.0,0.0,0.01,0.0,0.0,normal,normal,alta,8,historico fim_semana,4.0
H21OF834691F,19,,fim_semana,0.0,0.0,0.01,0.0,0.0,normal,normal,alta,8,historico fim_semana,4.0
H21OF834691F,20,,fim_semana,0.0,0.0,0.01,0.0,0.0,normal,normal,alta,8,historico fim_semana,4.0
H21OF834691F,21,,fim_semana,0.0,0.0,0.01,0.0,0.0,normal,normal,alta,8,historico fim_semana,4.0
H21OF834691F,22,,fim_semana,0.0,0.0,0.01,0.0,0.0,normal,normal,alta,8,historico fim_semana,4.0
H21OF834691F,23,,fim_semana,0.0,0.0,0.01,0.0,0.0,normal,normal,alta,8,historico fim_semana,4.0
H21OF834748,0,,fim_semana,0.0,0.0,0.01,0.0,0.0,normal,normal,alta,5,historico fim_semana,4.0
H21OF834748,1,,fim_semana,0.0,0.0,0.01,0.0,0.0,normal,normal,alta,5,historico fim_semana,4.0
H21OF834748,2,,fim_semana,0.0,0.0,0.01,0.0,0.0,normal,normal,alta,5,historico fim_semana,4.0
H21OF834748,3,,fim_semana,0.0,0.0,0.01,0.0,0.0,normal,normal,alta,6,historico fim_semana,4.0
H21OF834748,4,,fim_semana,0.0,0.0,0.01,0.0,0.0,normal,normal,alta,7,historico fim_semana,4.0
H21OF834748,5,,fim_semana,0.0,0.0,0.01,0.0,0.0,normal,normal,alta,7,historico fim_semana,4.0
H21OF834748,6,,fim_semana,0.0,0.0,0.01,0.0,0.0,normal,normal,alta,7,historico fim_semana,4.0
H21OF834748,7,,fim_semana,0.0,0.0,0.01,0.0,0.0,normal,normal,alta,6,historico fim_semana,4.0
H21OF834748,8,,fim_semana,0.0,0.0,0.01,0.0,0.0,normal,normal,alta,7,historico fim_semana,4.0
H21OF834748,9,,fim_semana,0.0,0.0,0.01,0.0,0.0,normal,normal,alta,7,historico fim_semana,4.0
H21OF834748,10,,fim_semana,0.0,0.0,0.01,0.0,0.0,normal,normal,alta,7,historico fim_semana,4.0
H21OF834748,11,,fim_semana,0.0,0.0,0.01,0.0,0.0,normal,normal,alta,6,historico fim_semana,4.0
H21OF834748,12,,fim_semana,0.0,0.0,0.01,0.0,0.0,normal,normal,alta,7,historico fim_semana,4.0
H21OF834748,13,,fim_semana,0.0,0.0,0.01,0.0,0.0,normal,normal,alta,7,historico fim_semana,4.0
H21OF834748,14,,fim_semana,0.0,0.0,0.01,0.0,0.0,normal,normal,alta,7,historico fim_semana,4.0
H21OF834748,15,,fim_semana,0.0,0.0,0.01,0.0,0.0,normal,normal,alta,8,historico fim_semana,4.0
H21OF834748,16,,fim_semana,0.0,0.0,0.01,0.0,0.0,normal,normal,alta,8,historico fim_semana,4.0
H21OF834748,17,,fim_semana,0.0,0.0,0.01,0.0,0.0,normal,normal,alta,8,historico fim_semana,4.0
H21OF834748,18,,fim_semana,0.0,0.0,0.01,0.0,0.0,normal,normal,alta,8,historico fim_semana,4.0
H21OF834748,19,,fim_semana,0.0,0.0,0.01,0.0,0.0,normal,normal,alta,8,historico fim_semana,4.0
H21OF834748,20,,fim_semana,0.0,0.0,0.01,0.0,0.0,normal,normal,alta,8,historico fim_semana,4.0
H21OF834748,21,,fim_semana,0.0,0.0,0.01,0.0,0.0,normal,normal,alta,8,historico fim_semana,4.0
H21OF834748,22,,fim_semana,0.0,0.0,0.01,0.0,0.0,normal,normal,alta,8,historico fim_semana,4.0
H21OF834748,23,,fim_semana,0.0,0.0,0.01,0.0,0.0,normal,normal,baixa,14,fallback (30d recentes),4.0
H21OF834752B,0,,fim_semana,0.0,0.9329,0.5783,-1.61,-1.61,normal,normal,alta,7,historico fim_semana,4.0
H21OF834752B,1,,fim_semana,0.0,1.5014,1.1769,-1.28,-1.28,normal,normal,alta,7,historico fim_semana,4.0
H21OF834752B,2,,fim_semana,0.0,3.0,1.7264,-1.74,-1.74,normal,normal,alta,7,historico fim_semana,4.0
H21OF834752B,3,,fim_semana,0.0,1.4912,3.0257,-0.49,-0.49,normal,normal,alta,8,historico fim_semana,4.0
H21OF834752B,4,,fim_semana,0.0,1.86,1.5257,-1.22,-1.22,normal,normal,alta,8,historico fim_semana,4.0
H21OF834752B,5,,fim_semana,0.0,0.3225,0.212,-1.52,-1.52,normal,normal,alta,8,historico fim_semana,4.0
H21OF834752B,6,,fim_semana,0.0,1.6975,1.2124,-1.4,-1.4,normal,normal,alta,8,historico fim_semana,4.0
H21OF834752B,7,,fim_semana,0.0,3.13,1.6349,-1.91,-1.91,normal,normal,alta,8,historico fim_semana,4.0
H21OF834752B,8,,fim_semana,0.0,0.4688,0.2583,-1.81,-1.81,normal,normal,alta,8,historico fim_semana,4.0
H21OF834752B,9,,fim_semana,0.0,0.3125,0.212,-1.47,-1.47,normal,normal,alta,8,historico fim_semana,4.0
H21OF834752B,10,,fim_semana,0.0,0.3075,0.2106,-1.46,-1.46,normal,normal,alta,8,historico fim_semana,4.0
H21OF834752B,11,,fim_semana,0.0,0.3214,0.2154,-1.49,-1.49,normal,normal,alta,7,historico fim_semana,4.0
H21OF834752B,12,,fim_semana,0.0,0.3129,0.211,-1.48,-1.48,normal,normal,alta,7,historico fim_semana,4.0
H21OF834752B,13,,fim_semana,0.0,0.3157,0.2131,-1.48,-1.48,normal,normal,alta,7,historico fim_semana,4.0
H21OF834752B,14,,fim_semana,0.0,0.3214,0.2172,-1.48,-1.48,normal,normal,alta,7,historico fim_semana,4.0
H21OF834752B,15,,fim_semana,0.0,0.3912,0.2734,-1.43,-1.43,normal,normal,alta,8,historico fim_semana,4.0
H21OF834752B,16,,fim_semana,0.0,0.3112,0.2106,-1.48,-1.48,normal,normal,alta,8,historico fim_semana,4.0
H21OF834752B,17,,fim_semana,0.0,0.315,0.2106,-1.5,-1.5,normal,normal,alta,8,historico fim_semana,4.0
H21OF834752B,18,,fim_semana,0.0,0.3125,0.2108,-1.48,-1.48,normal,normal,alta,8,historico fim_semana,4.0
H21OF834752B,19,,fim_semana,0.0,0.275,0.2359,-1.17,-1.17,normal,normal,alta,8,historico fim_semana,4.0
H21OF834752B,20,,fim_semana,0.0,0.2737,0.2313,-1.18,-1.18,normal,normal,alta,8,historico fim_semana,4.0
H21OF834752B,21,,fim_semana,0.0,0.3075,0.2067,-1.49,-1.49,normal,normal,alta,8,historico fim_semana,4.0
H21OF834752B,22,,fim_semana,0.0,0.3287,0.2115,-1.55,-1.55,normal,normal,alta,8,historico fim_semana,4.0
H21OF834752B,23,,fim_semana,0.0,1.2029,1.0284,-1.17,-1.17,normal,normal,alta,7,historico fim_semana,4.0
H21VA420473Z,0,,fim_semana,0.007,0.0067,0.01,0.03,0.03,normal,normal,alta,8,historico fim_semana,4.0
H21VA420473Z,1,,fim_semana,0.008,0.0067,0.01,0.13,0.13,normal,normal,alta,8,historico fim_semana,4.0
H21VA420473Z,2,,fim_semana,0.008,0.0065,0.01,0.15,0.15,normal,normal,alta,8,historico fim_semana,4.0
H21VA420473Z,3,,fim_semana,0.007,0.0069,0.01,0.01,0.01,normal,normal,alta,8,historico fim_semana,4.0
H21VA420473Z,4,,fim_semana,0.008,0.0065,0.01,0.15,0.15,normal,normal,alta,8,historico fim_semana,4.0
H21VA420473Z,5,,fim_semana,0.007,0.0064,0.01,0.06,0.06,normal,normal,alta,8,historico fim_semana,4.0
H21VA420473Z,6,,fim_semana,0.008,0.0065,0.01,0.15,0.15,normal,normal,alta,8,historico fim_semana,4.0
H21VA420473Z,7,,fim_semana,0.008,0.0063,0.01,0.17,0.17,normal,normal,alta,8,historico fim_semana,4.0
H21VA420473Z,8,,fim_semana,0.008,0.0067,0.01,0.13,0.13,normal,normal,alta,8,historico fim_semana,4.0
H21VA420473Z,9,,fim_semana,0.008,0.0066,0.01,0.14,0.14,normal,normal,alta,8,historico fim_semana,4.0
H21VA420473Z,10,,fim_semana,0.008,0.0065,0.01,0.15,0.15,normal,normal,alta,8,historico fim_semana,4.0
H21VA420473Z,11,,fim_semana,0.008,0.0069,0.01,0.11,0.11,normal,normal,alta,7,historico fim_semana,4.0
H21VA420473Z,12,,fim_semana,0.009,0.0064,0.01,0.26,0.26,normal,normal,alta,7,historico fim_semana,4.0
H21VA420473Z,13,,fim_semana,0.008,0.0069,0.01,0.11,0.11,normal,normal,alta,7,historico fim_semana,4.0
H21VA420473Z,14,,fim_semana,0.008,0.0097,0.01,-0.17,-0.17,normal,normal,alta,8,historico fim_semana,4.0
H21VA420473Z,15,,fim_semana,0.009,0.0074,0.01,0.16,0.16,normal,normal,alta,8,historico fim_semana,4.0
H21VA420473Z,16,,fim_semana,0.008,0.0069,0.01,0.11,0.11,normal,normal,alta,8,historico fim_semana,4.0
H21VA420473Z,17,,fim_semana,0.008,0.0064,0.01,0.16,0.16,normal,normal,alta,8,historico fim_semana,4.0
H21VA420473Z,18,,fim_semana,0.008,0.0065,0.01,0.15,0.15,normal,normal,alta,6,historico fim_semana,4.0
H21VA420473Z,19,,fim_semana,0.008,0.0065,0.01,0.15,0.15,normal,normal,alta,8,historico fim_semana,4.0
H21VA420473Z,20,,fim_semana,0.009,0.0068,0.01,0.22,0.22,normal,normal,alta,8,historico fim_semana,4.0
H21VA420473Z,21,,fim_semana,0.008,0.0064,0.01,0.16,0.16,normal,normal,alta,8,historico fim_semana,4.0
H21VA420473Z,22,,fim_semana,0.007,0.0065,0.01,0.05,0.05,normal,normal,alta,8,historico fim_semana,4.0
H21VA420473Z,23,,fim_semana,0.008,0.0065,0.01,0.15,0.15,normal,normal,alta,8,historico fim_semana,4.0
H21VA420783K,0,,fim_semana,0.004,0.003,0.01,0.1,0.1,normal,normal,alta,8,historico fim_semana,4.0
H21VA420783K,1,,fim_semana,0.003,0.0031,0.01,-0.01,-0.01,normal,normal,alta,8,historico fim_semana,4.0
H21VA420783K,2,,fim_semana,0.003,0.0031,0.01,-0.01,-0.01,normal,normal,alta,8,historico fim_semana,4.0
H21VA420783K,3,,fim_semana,0.004,0.0026,0.01,0.14,0.14,normal,normal,alta,8,historico fim_semana,4.0
H21VA420783K,4,,fim_semana,0.003,0.0035,0.01,-0.05,-0.05,normal,normal,alta,8,historico fim_semana,4.0
H21VA420783K,5,,fim_semana,0.003,0.0031,0.01,-0.01,-0.01,normal,normal,alta,8,historico fim_semana,4.0
H21VA420783K,6,,fim_semana,0.004,0.0029,0.01,0.11,0.11,normal,normal,alta,8,historico fim_semana,4.0
H21VA420783K,7,,fim_semana,0.003,0.003,0.01,0.0,0.0,normal,normal,alta,8,historico fim_semana,4.0
H21VA420783K,8,,fim_semana,0.003,0.003,0.01,0.0,0.0,normal,normal,alta,8,historico fim_semana,4.0
H21VA420783K,9,,fim_semana,0.004,0.003,0.01,0.1,0.1,normal,normal,alta,8,historico fim_semana,4.0
H21VA420783K,10,,fim_semana,0.003,0.0031,0.01,-0.01,-0.01,normal,normal,alta,8,historico fim_semana,4.0
H21VA420783K,11,,fim_semana,0.003,0.003,0.01,0.0,0.0,normal,normal,alta,8,historico fim_semana,4.0
H21VA420783K,12,,fim_semana,0.003,0.003,0.01,0.0,0.0,normal,normal,alta,8,historico fim_semana,4.0
H21VA420783K,13,,fim_semana,0.004,0.0034,0.01,0.06,0.06,normal,normal,alta,8,historico fim_semana,4.0
H21VA420783K,14,,fim_semana,0.004,0.003,0.01,0.1,0.1,normal,normal,alta,8,historico fim_semana,4.0
H21VA420783K,15,,fim_semana,0.003,0.0031,0.01,-0.01,-0.01,normal,normal,alta,8,historico fim_semana,4.0
H21VA420783K,16,,fim_semana,0.003,0.0031,0.01,-0.01,-0.01,normal,normal,alta,8,historico fim_semana,4.0
H21VA420783K,17,,fim_semana,0.004,0.0029,0.01,0.11,0.11,normal,normal,alta,8,historico fim_semana,4.0
H21VA420783K,18,,fim_semana,0.003,0.003,0.01,0.0,0.0,normal,normal,alta,8,historico fim_semana,4.0
H21VA420783K,19,,fim_semana,0.004,0.003,0.01,0.1,0.1,normal,normal,alta,8,historico fim_semana,4.0
H21VA420783K,20,,fim_semana,0.003,0.0031,0.01,-0.01,-0.01,normal,normal,alta,8,historico fim_semana,4.0
H21VA420783K,21,,fim_semana,0.003,0.0029,0.01,0.01,0.01,normal,normal,alta,8,historico fim_semana,4.0
H21VA420783K,22,,fim_semana,0.004,0.0031,0.01,0.09,0.09,normal,normal,alta,8,historico fim_semana,4.0
H21VA420783K,23,,fim_semana,0.003,0.003,0.01,0.0,0.0,normal,normal,alta,6,historico fim_semana,4.0
H21VA421023H,0,,fim_semana,0.0,0.0,0.01,0.0,0.0,normal,normal,alta,6,historico fim_semana,4.0
H21VA421023H,1,,fim_semana,0.0,0.0,0.01,0.0,0.0,normal,normal,alta,6,historico fim_semana,4.0
H21VA421023H,2,,fim_semana,0.0,0.0,0.01,0.0,0.0,normal,normal,alta,6,historico fim_semana,4.0
H21VA421023H,3,,fim_semana,0.0,0.0,0.01,0.0,0.0,normal,normal,baixa,4,historico fim_semana (poucos dados),4.0
H21VA421023H,4,,fim_semana,0.0,0.0,0.01,0.0,0.0,normal,normal,baixa,4,historico fim_semana (poucos dados),4.0
H21VA421023H,5,,fim_semana,0.0,0.0,0.01,0.0,0.0,normal,normal,baixa,4,historico fim_semana (poucos dados),4.0
H21VA421023H,6,,fim_semana,0.0,0.0,0.01,0.0,0.0,normal,normal,baixa,4,historico fim_semana (poucos dados),4.0
H21VA421023H,7,,fim_semana,0.0,0.0,0.01,0.0,0.0,normal,normal,baixa,4,historico fim_semana (poucos dados),4.0
H21VA421023H,8,,fim_semana,0.0,0.0,0.01,0.0,0.0,normal,normal,baixa,4,historico fim_semana (poucos dados),4.0
H21VA421023H,9,,fim_semana,0.0,0.0,0.01,0.0,0.0,normal,normal,baixa,4,historico fim_semana (poucos dados),4.0
H21VA421023H,10,,fim_semana,0.0,0.0,0.01,0.0,0.0,normal,normal,baixa,4,historico fim_semana (poucos dados),4.0
H21VA421030G,0,,fim_semana,0.0,0.0,0.01,0.0,0.0,normal,normal,baixa,3,historico fim_semana (poucos dados),4.0
H21VA421030G,1,,fim_semana,0.0,0.0,0.01,0.0,0.0,normal,normal,baixa,3,historico fim_semana (poucos dados),4.0
H21VA421030G,2,,fim_semana,0.0,0.0,0.01,0.0,0.0,normal,normal,baixa,3,historico fim_semana (poucos dados),4.0
H21VA421030G,3,,fim_semana,0.0,0.0,0.01,0.0,0.0,normal,normal,baixa,3,historico fim_semana (poucos dados),4.0
H21VA421030G,4,,fim_semana,0.0,0.0,0.01,0.0,0.0,normal,normal,baixa,3,historico fim_semana (poucos dados),4.0
H21VA421030G,5,,fim_semana,0.0,0.0,0.01,0.0,0.0,normal,normal,baixa,3,historico fim_semana (poucos dados),4.0
H21VA421030G,6,,fim_semana,0.0,0.0,0.01,0.0,0.0,normal,normal,baixa,4,historico fim_semana (poucos dados),4.0
H21VA421030G,7,,fim_semana,0.0,0.0,0.01,0.0,0.0,normal,normal,baixa,4,historico fim_semana (poucos dados),4.0
H21VA421030G,8,,fim_semana,0.0,0.0,0.01,0.0,0.0,normal,normal,baixa,4,historico fim_semana (poucos dados),4.0
H21VA421030G,9,,fim_semana,0.0,0.0,0.01,0.0,0.0,normal,normal,baixa,4,historico fim_semana (poucos dados),4.0
H21VA421030G,14,,fim_semana,0.0,0.0,0.01,0.0,0.0,normal,normal,baixa,4,historico fim_semana (poucos dados),4.0
H21VA421030G,15,,fim_semana,0.0,0.0,0.01,0.0,0.0,normal,normal,baixa,4,historico fim_semana (poucos dados),4.0
H21VA421030G,16,,fim_semana,0.0,0.0,0.01,0.0,0.0,normal,normal,baixa,4,historico fim_semana (poucos dados),4.0
H21VA421030G,17,,fim_semana,0.0,0.0,0.01,0.0,0.0,normal,normal,baixa,4,historico fim_semana (poucos dados),4.0
H21VA421030G,18,,fim_semana,0.0,0.0,0.01,0.0,0.0,normal,normal,baixa,4,historico fim_semana (poucos dados),4.0
H21VA421030G,19,,fim_semana,0.0,0.0,0.01,0.0,0.0,normal,normal,baixa,4,historico fim_semana (poucos dados),4.0
H21VA421030G,20,,fim_semana,0.0,0.0,0.01,0.0,0.0,normal,normal,baixa,4,historico fim_semana (poucos dados),4.0
H21VA421030G,21,,fim_semana,0.0,0.0,0.01,0.0,0.0,normal,normal,baixa,4,historico fim_semana (poucos dados),4.0
H21VA421030G,22,,fim_semana,0.0,0.0,0.01,0.0,0.0,normal,normal,baixa,4,historico fim_semana (poucos dados),4.0
H21VA421030G,23,,fim_semana,0.0,0.0,0.01,0.0,0.0,normal,normal,baixa,4,historico fim_semana (poucos dados),4.0
H21VA421042K,0,,fim_semana,0.0,0.0,0.01,0.0,0.0,normal,normal,alta,6,historico fim_semana,4.0
H21VA421042K,1,,fim_semana,0.0,0.0,0.01,0.0,0.0,normal,normal,alta,6,historico fim_semana,4.0
H21VA421042K,2,,fim_semana,0.0,0.0,0.01,0.0,0.0,normal,normal,alta,6,historico fim_semana,4.0
H21VA421042K,3,,fim_semana,0.0,0.0,0.01,0.0,0.0,normal,normal,alta,6,historico fim_semana,4.0
H21VA421042K,4,,fim_semana,0.0,0.0,0.01,0.0,0.0,normal,normal,alta,6,historico fim_semana,4.0
H21VA421042K,5,,fim_semana,0.0,0.0,0.01,0.0,0.0,normal,normal,alta,6,historico fim_semana,4.0
H21VA421042K,10,,fim_semana,0.0,0.0,0.01,0.0,0.0,normal,normal,baixa,4,historico fim_semana (poucos dados),4.0
H21VA421042K,11,,fim_semana,0.0,0.0,0.01,0.0,0.0,normal,normal,baixa,4,historico fim_semana (poucos dados),4.0
H21VA421042K,12,,fim_semana,0.0,0.0,0.01,0.0,0.0,normal,normal,baixa,4,historico fim_semana (poucos dados),4.0
H21VA421042K,13,,fim_semana,0.0,0.0,0.01,0.0,0.0,normal,normal,baixa,4,historico fim_semana (poucos dados),4.0
H21VA421042K,14,,fim_semana,0.0,0.0,0.01,0.0,0.0,normal,normal,alta,5,historico fim_semana,4.0
H21VA421042K,15,,fim_semana,0.0,0.0,0.01,0.0,0.0,normal,normal,alta,5,historico fim_semana,4.0
H21VA421042K,16,,fim_semana,0.0,0.0,0.01,0.0,0.0,normal,normal,alta,5,historico fim_semana,4.0
H21VA421042K,17,,fim_semana,0.0,0.0,0.01,0.0,0.0,normal,normal,alta,5,historico fim_semana,4.0
H21VA421042K,18,,fim_semana,0.0,0.0,0.01,0.0,0.0,normal,normal,alta,6,historico fim_semana,4.0
H21VA421042K,19,,fim_semana,0.0,0.0,0.01,0.0,0.0,normal,normal,alta,6,historico fim_semana,4.0
H21VA421042K,20,,fim_semana,0.0,0.0,0.01,0.0,0.0,normal,normal,alta,6,historico fim_semana,4.0
H21VA421042K,21,,fim_semana,0.0,0.0,0.01,0.0,0.0,normal,normal,alta,6,historico fim_semana,4.0
H21VA421042K,22,,fim_semana,0.0,0.0,0.01,0.0,0.0,normal,normal,alta,5,historico fim_semana,4.0
H21VA421042K,23,,fim_semana,0.0,0.0,0.01,0.0,0.0,normal,normal,alta,5,historico fim_semana,4.0
H21VA421068U,0,,fim_semana,0.0,0.0,0.01,0.0,0.0,normal,normal,alta,5,historico fim_semana,4.0
H21VA421068U,1,,fim_semana,0.0,0.0,0.01,0.0,0.0,normal,normal,alta,5,historico fim_semana,4.0
H21VA421068U,2,,fim_semana,0.0,0.0,0.01,0.0,0.0,normal,normal,alta,5,historico fim_semana,4.0
H21VA421068U,3,,fim_semana,0.0,0.0,0.01,0.0,0.0,normal,normal,alta,6,historico fim_semana,4.0
H21VA421068U,4,,fim_semana,0.0,0.0,0.01,0.0,0.0,normal,normal,alta,6,historico fim_semana,4.0
H21VA421068U,5,,fim_semana,0.0,0.0,0.01,0.0,0.0,normal,normal,alta,6,historico fim_semana,4.0
H21VA421068U,6,,fim_semana,0.0,0.0,0.01,0.0,0.0,normal,normal,alta,6,historico fim_semana,4.0
H21VA421068U,7,,fim_semana,0.0,0.0,0.01,0.0,0.0,normal,normal,alta,6,historico fim_semana,4.0
H21VA421068U,8,,fim_semana,0.0,0.0,0.01,0.0,0.0,normal,normal,alta,6,historico fim_semana,4.0
H21VA421068U,9,,fim_semana,0.0,0.0,0.01,0.0,0.0,normal,normal,alta,6,historico fim_semana,4.0
H21VA421068U,10,,fim_semana,0.0,0.0,0.01,0.0,0.0,normal,normal,alta,6,historico fim_semana,4.0
H21VA421068U,11,,fim_semana,0.0,0.0,0.01,0.0,0.0,normal,normal,alta,5,historico fim_semana,4.0
H21VA421068U,12,,fim_semana,0.0,0.0,0.01,0.0,0.0,normal,normal,alta,5,historico fim_semana,4.0
H21VA421068U,13,,fim_semana,0.0,0.0,0.01,0.0,0.0,normal,normal,alta,5,historico fim_semana,4.0
H21VA421068U,14,,fim_semana,0.0,0.0,0.01,0.0,0.0,normal,normal,alta,5,historico fim_semana,4.0
H21VA421068U,15,,fim_semana,0.0,0.0,0.01,0.0,0.0,normal,normal,alta,6,historico fim_semana,4.0
H21VA421068U,16,,fim_semana,0.0,0.0,0.01,0.0,0.0,normal,normal,alta,6,historico fim_semana,4.0
H21VA421068U,17,,fim_semana,0.0,0.0,0.01,0.0,0.0,normal,normal,alta,6,historico fim_semana,4.0
H21VA421068U,18,,fim_semana,0.0,0.0,0.01,0.0,0.0,normal,normal,alta,6,historico fim_semana,4.0
H21VA421068U,23,,fim_semana,0.0,0.0,0.01,0.0,0.0,normal,normal,alta,5,historico fim_semana,4.0
H21VA421091T,0,,fim_semana,0.0,0.0,0.01,0.0,0.0,normal,normal,baixa,5,fallback (30d recentes),4.0
H21VA421091T,1,,fim_semana,0.0,0.0,0.01,0.0,0.0,normal,normal,baixa,4,fallback (30d recentes),4.0
H21VA421091T,2,,fim_semana,0.0,0.0,0.01,0.0,0.0,normal,normal,baixa,4,fallback (30d recentes),4.0
H21VA421091T,3,,fim_semana,0.0,0.0,0.01,0.0,0.0,normal,normal,baixa,4,fallback (30d recentes),4.0
H21VA421091T,4,,fim_semana,0.0,0.0,0.01,0.0,0.0,normal,normal,baixa,3,historico fim_semana (poucos dados),4.0
H21VA421091T,5,,fim_semana,0.0,0.0,0.01,0.0,0.0,normal,normal,baixa,3,historico fim_semana (poucos dados),4.0
H21VA421091T,6,,fim_semana,0.0,0.0,0.01,0.0,0.0,normal,normal,baixa,3,historico fim_semana (poucos dados),4.0
H21VA421091T,7,,fim_semana,0.0,0.0,0.01,0.0,0.0,normal,normal,baixa,3,historico fim_semana (poucos dados),4.0
H21VA421091T,8,,fim_semana,0.0,0.0,0.01,0.0,0.0,normal,normal,baixa,2,historico fim_semana (poucos dados),4.0
H21VA421091T,9,,fim_semana,0.0,0.0,0.01,0.0,0.0,normal,normal,baixa,2,historico fim_semana (poucos dados),4.0
H21VA421091T,10,,fim_semana,0.0,0.0,0.01,0.0,0.0,normal,normal,baixa,2,historico fim_semana (poucos dados),4.0
H21VA421091T,11,,fim_semana,0.0,0.0,0.01,0.0,0.0,normal,normal,baixa,2,historico fim_semana (poucos dados),4.0
H21VA421091T,16,,fim_semana,0.0,0.0,0.01,0.0,0.0,normal,normal,baixa,2,historico fim_semana (poucos dados),4.0
H21VA421091T,17,,fim_semana,0.0,0.0,0.01,0.0,0.0,normal,normal,baixa,2,historico fim_semana (poucos dados),4.0
H21VA421091T,18,,fim_semana,0.0,0.0,0.01,0.0,0.0,normal,normal,baixa,2,historico fim_semana (poucos dados),4.0
H21VA421091T,19,,fim_semana,0.0,0.0,0.01,0.0,0.0,normal,normal,baixa,2,historico fim_semana (poucos dados),4.0
H21VA421091T,20,,fim_semana,0.0,0.0,0.01,0.0,0.0,normal,normal,baixa,4,historico fim_semana (poucos dados),4.0
H21VA421091T,21,,fim_semana,0.0,0.0,0.01,0.0,0.0,normal,normal,baixa,4,historico fim_semana (poucos dados),4.0
H21VA421091T,22,,fim_semana,0.0,0.0,0.01,0.0,0.0,normal,normal,baixa,4,historico fim_semana (poucos dados),4.0
H21VA421091T,23,,fim_semana,0.0,0.0,0.01,0.0,0.0,normal,normal,baixa,4,historico fim_semana (poucos dados),4.0
H21VA421092U,0,,fim_semana,0.0,0.0,0.01,0.0,0.0,normal,normal,alta,5,historico fim_semana,4.0
H21VA421092U,1,,fim_semana,0.0,0.0,0.01,0.0,0.0,normal,normal,alta,5,historico fim_semana,4.0
H21VA421092U,2,,fim_semana,0.0,0.0,0.01,0.0,0.0,normal,normal,alta,5,historico fim_semana,4.0
H21VA421092U,3,,fim_semana,0.0,0.0,0.01,0.0,0.0,normal,normal,alta,5,historico fim_semana,4.0
H21VA421092U,4,,fim_semana,0.0,0.0,0.01,0.0,0.0,normal,normal,alta,6,historico fim_semana,4.0
H21VA421092U,5,,fim_semana,0.0,0.0,0.01,0.0,0.0,normal,normal,alta,6,historico fim_semana,4.0
H21VA421092U,6,,fim_semana,0.0,0.0,0.01,0.0,0.0,normal,normal,alta,6,historico fim_semana,4.0
H21VA421092U,7,,fim_semana,0.0,0.0,0.01,0.0,0.0,normal,normal,alta,6,historico fim_semana,4.0
H21VA421092U,8,,fim_semana,0.0,0.0,0.01,0.0,0.0,normal,normal,alta,6,historico fim_semana,4.0
H21VA421092U,9,,fim_semana,0.0,0.0,0.01,0.0,0.0,normal,normal,alta,6,historico fim_semana,4.0
H21VA421092U,10,,fim_semana,0.0,0.0,0.01,0.0,0.0,normal,normal,alta,6,historico fim_semana,4.0
H21VA421092U,11,,fim_semana,0.0,0.0,0.01,0.0,0.0,normal,normal,alta,6,historico fim_semana,4.0
H21VA421092U,12,,fim_semana,0.0,0.0072,0.0171,-0.42,-0.42,normal,normal,alta,6,historico fim_semana,4.0
H21VA421092U,13,,fim_semana,0.001,0.0002,0.01,0.08,0.08,normal,normal,alta,6,historico fim_semana,4.0
H21VA421092U,14,,fim_semana,0.0,0.0,0.01,0.0,0.0,normal,normal,alta,6,historico fim_semana,4.0
H21VA421092U,15,,fim_semana,0.0,0.0,0.01,0.0,0.0,normal,normal,alta,6,historico fim_semana,4.0
H21VA421092U,16,,fim_semana,0.0,0.0,0.01,0.0,0.0,normal,normal,alta,6,historico fim_semana,4.0
H21VA421092U,17,,fim_semana,0.0,0.0005,0.01,-0.05,-0.05,normal,normal,alta,6,historico fim_semana,4.0
H21VA421092U,18,,fim_semana,0.0,0.0,0.01,0.0,0.0,normal,normal,alta,6,historico fim_semana,4.0
H21VA421092U,19,,fim_semana,0.0,0.0,0.01,0.0,0.0,normal,normal,alta,6,historico fim_semana,4.0
H21VA421092U,20,,fim_semana,0.0,0.0,0.01,0.0,0.0,normal,normal,alta,6,historico fim_semana,4.0
H21VA421092U,21,,fim_semana,0.0,0.0,0.01,0.0,0.0,normal,normal,alta,6,historico fim_semana,4.0
H21VA421092U,22,,fim_semana,0.0,0.0,0.01,0.0,0.0,normal,normal,alta,6,historico fim_semana,4.0
H21VA421092U,23,,fim_semana,0.0,0.0,0.01,0.0,0.0,normal,normal,alta,6,historico fim_semana,4.0
I11JB001828,0,,fim_semana,0.0,0.0,0.01,0.0,0.0,normal,normal,alta,6,historico fim_semana,4.0
I11JB001828,1,,fim_semana,0.0,0.0005,0.01,-0.05,-0.05,normal,normal,alta,6,historico fim_semana,4.0
I11JB001828,2,,fim_semana,0.0,0.0,0.01,0.0,0.0,normal,normal,alta,6,historico fim_semana,4.0
I11JB001828,3,,fim_semana,0.0,0.0,0.01,0.0,0.0,normal,normal,alta,6,historico fim_semana,4.0
I11JB001828,4,,fim_semana,0.0,0.0,0.01,0.0,0.0,normal,normal,alta,6,historico fim_semana,4.0
I11JB001828,5,,fim_semana,0.012,0.0017,0.01,1.03,1.03,normal,normal,alta,6,historico fim_semana,4.0
I11JB001828,6,,fim_semana,0.009,0.0087,0.01,0.03,0.03,normal,normal,alta,6,historico fim_semana,4.0
I11JB001828,7,,fim_semana,0.0,0.0,0.01,0.0,0.0,normal,normal,alta,6,historico fim_semana,4.0
I11JB001828,8,,fim_semana,0.0,0.0,0.01,0.0,0.0,normal,normal,alta,6,historico fim_semana,4.0
I11JB001828,9,,fim_semana,0.0,0.0002,0.01,-0.02,-0.02,normal,normal,alta,6,historico fim_semana,4.0
I11JB001828,10,,fim_semana,0.0,0.0,0.01,0.0,0.0,normal,normal,alta,6,historico fim_semana,4.0
I11JB001828,11,,fim_semana,0.0,0.0002,0.01,-0.02,-0.02,normal,normal,alta,6,historico fim_semana,4.0
I11JB001828,12,,fim_semana,0.0,0.0,0.01,0.0,0.0,normal,normal,alta,6,historico fim_semana,4.0
I11JB001828,13,,fim_semana,0.0,0.0,0.01,0.0,0.0,normal,normal,alta,6,historico fim_semana,4.0
I11JB001828,14,,fim_semana,0.0,0.0,0.01,0.0,0.0,normal,normal,alta,6,historico fim_semana,4.0
I11JB001828,15,,fim_semana,0.0,0.0,0.01,0.0,0.0,normal,normal,alta,6,historico fim_semana,4.0
I11JB001828,16,,fim_semana,0.001,0.0002,0.01,0.08,0.08,normal,normal,alta,6,historico fim_semana,4.0
I11JB001828,17,,fim_semana,0.0,0.0,0.01,0.0,0.0,normal,normal,alta,6,historico fim_semana,4.0
I11JB001828,18,,fim_semana,0.0,0.0,0.01,0.0,0.0,normal,normal,alta,6,historico fim_semana,4.0
I11JB001828,19,,fim_semana,0.0,0.0,0.01,0.0,0.0,normal,normal,alta,6,historico fim_semana,4.0
I11JB001828,20,,fim_semana,0.0,0.0002,0.01,-0.02,-0.02,normal,normal,alta,6,historico fim_semana,4.0
I11JB001828,21,,fim_semana,0.0,0.0015,0.01,-0.15,-0.15,normal,normal,alta,6,historico fim_semana,4.0
I11JB001828,22,,fim_semana,0.008,0.003,0.01,0.5,0.5,normal,normal,alta,6,historico fim_semana,4.0
I11JB001828,23,,fim_semana,0.0,0.0,0.01,0.0,0.0,normal,normal,alta,6,historico fim_semana,4.0
I13JA277279,0,,fim_semana,0.0,0.0,0.01,0.0,0.0,normal,normal,baixa,3,historico fim_semana (poucos dados),4.0
I13JA277279,1,,fim_semana,0.0,0.0,0.01,0.0,0.0,normal,normal,baixa,3,historico fim_semana (poucos dados),4.0
I13JA277279,2,,fim_semana,0.0,0.0,0.01,0.0,0.0,normal,normal,baixa,3,historico fim_semana (poucos dados),4.0
I13JA277279,3,,fim_semana,0.0,0.0,0.01,0.0,0.0,normal,normal,baixa,3,historico fim_semana (poucos dados),4.0
I13JA277279,4,,fim_semana,0.0,0.0,0.01,0.0,0.0,normal,normal,baixa,3,historico fim_semana (poucos dados),4.0
I13JA277279,5,,fim_semana,0.0,0.0,0.01,0.0,0.0,normal,normal,baixa,3,historico fim_semana (poucos dados),4.0
I13JA277279,6,,fim_semana,0.0,0.0,0.01,0.0,0.0,normal,normal,baixa,3,historico fim_semana (poucos dados),4.0
I13JA277279,7,,fim_semana,0.0,0.0,0.01,0.0,0.0,normal,normal,baixa,3,historico fim_semana (poucos dados),4.0
I13JA277279,12,,fim_semana,0.0,0.0,0.01,0.0,0.0,normal,normal,baixa,4,historico fim_semana (poucos dados),4.0
I13JA277279,13,,fim_semana,0.0,0.0,0.01,0.0,0.0,normal,normal,baixa,4,historico fim_semana (poucos dados),4.0
I13JA277279,14,,fim_semana,0.0,0.0,0.01,0.0,0.0,normal,normal,baixa,4,historico fim_semana (poucos dados),4.0
I13JA277279,15,,fim_semana,0.0,0.0,0.01,0.0,0.0,normal,normal,baixa,4,historico fim_semana (poucos dados),4.0
I13JA277279,16,,fim_semana,0.0,0.0,0.01,0.0,0.0,normal,normal,baixa,4,historico fim_semana (poucos dados),4.0
I13JA277279,17,,fim_semana,0.0,0.0,0.01,0.0,0.0,normal,normal,baixa,4,historico fim_semana (poucos dados),4.0
I13JA277279,18,,fim_semana,0.0,0.0,0.01,0.0,0.0,normal,normal,baixa,4,historico fim_semana (poucos dados),4.0
I13JA277279,19,,fim_semana,0.0,0.0,0.01,0.0,0.0,normal,normal,baixa,4,historico fim_semana (poucos dados),4.0
I13JA277280,1,,fim_semana,0.0,0.0,0.01,0.0,0.0,normal,normal,baixa,4,historico fim_semana (poucos dados),4.0
I13JA277280,2,,fim_semana,0.0,0.0,0.01,0.0,0.0,normal,normal,baixa,4,historico fim_semana (poucos dados),4.0
I13JA277280,3,,fim_semana,0.0,0.0,0.01,0.0,0.0,normal,normal,baixa,4,historico fim_semana (poucos dados),4.0
I13JA277280,4,,fim_semana,0.0,0.0,0.01,0.0,0.0,normal,normal,baixa,4,historico fim_semana (poucos dados),4.0
I13JA277280,5,,fim_semana,0.0,0.0,0.01,0.0,0.0,normal,normal,baixa,3,historico fim_semana (poucos dados),4.0
I13JA277280,6,,fim_semana,0.0,0.0,0.01,0.0,0.0,normal,normal,baixa,3,historico fim_semana (poucos dados),4.0
I13JA277280,7,,fim_semana,0.0,0.0,0.01,0.0,0.0,normal,normal,baixa,3,historico fim_semana (poucos dados),4.0
I13JA277280,8,,fim_semana,0.0,0.0,0.01,0.0,0.0,normal,normal,baixa,3,historico fim_semana (poucos dados),4.0
I13JA277280,17,,fim_semana,0.0,0.0,0.01,0.0,0.0,normal,normal,alta,7,historico fim_semana,4.0
I13JA277280,18,,fim_semana,0.0,0.0,0.01,0.0,0.0,normal,normal,alta,7,historico fim_semana,4.0
I13JA277280,19,,fim_semana,0.0,0.0,0.01,0.0,0.0,normal,normal,alta,7,historico fim_semana,4.0
I13JA277280,20,,fim_semana,0.0,0.0,0.01,0.0,0.0,normal,normal,alta,7,historico fim_semana,4.0
I13JA277295,0,,fim_semana,0.0,0.0,0.01,0.0,0.0,normal,normal,alta,7,historico fim_semana,4.0
I13JA277295,1,,fim_semana,0.0,0.0,0.01,0.0,0.0,normal,normal,alta,5,historico fim_semana,4.0
I13JA277295,2,,fim_semana,0.0,0.0,0.01,0.0,0.0,normal,normal,alta,5,historico fim_semana,4.0
I13JA277295,3,,fim_semana,0.0,0.0,0.01,0.0,0.0,normal,normal,alta,5,historico fim_semana,4.0
I13JA277295,4,,fim_semana,0.0,0.0,0.01,0.0,0.0,normal,normal,alta,5,historico fim_semana,4.0
I13JA277295,5,,fim_semana,0.0,0.0,0.01,0.0,0.0,normal,normal,alta,8,historico fim_semana,4.0
I13JA277295,6,,fim_semana,0.0,0.0,0.01,0.0,0.0,normal,normal,alta,8,historico fim_semana,4.0
I13JA277295,7,,fim_semana,0.0,0.0,0.01,0.0,0.0,normal,normal,alta,8,historico fim_semana,4.0
I13JA277295,8,,fim_semana,0.0,0.0,0.01,0.0,0.0,normal,normal,alta,8,historico fim_semana,4.0
I13JA277295,9,,fim_semana,0.0,0.0,0.01,0.0,0.0,normal,normal,alta,5,historico fim_semana,4.0
I13JA277295,10,,fim_semana,0.0,0.0,0.01,0.0,0.0,normal,normal,alta,5,historico fim_semana,4.0
I13JA277295,11,,fim_semana,0.0,0.0,0.01,0.0,0.0,normal,normal,alta,5,historico fim_semana,4.0
I13JA277295,12,,fim_semana,0.0,0.0,0.01,0.0,0.0,normal,normal,alta,5,historico fim_semana,4.0
I13JA277295,13,,fim_semana,0.0,0.0,0.01,0.0,0.0,normal,normal,alta,6,historico fim_semana,4.0
I13JA277295,14,,fim_semana,0.0,0.0,0.01,0.0,0.0,normal,normal,alta,6,historico fim_semana,4.0
I13JA277295,15,,fim_semana,0.0,0.0,0.01,0.0,0.0,normal,normal,alta,6,historico fim_semana,4.0
I13JA277295,16,,fim_semana,0.0,0.0,0.01,0.0,0.0,normal,normal,alta,6,historico fim_semana,4.0
I13JA277295,17,,fim_semana,0.0,0.0,0.01,0.0,0.0,normal,normal,alta,7,historico fim_semana,4.0
I13JA277295,18,,fim_semana,0.0,0.0,0.01,0.0,0.0,normal,normal,alta,7,historico fim_semana,4.0
I13JA277295,19,,fim_semana,0.0,0.0,0.01,0.0,0.0,normal,normal,alta,7,historico fim_semana,4.0
I13JA277295,20,,fim_semana,0.0,0.0,0.01,0.0,0.0,normal,normal,alta,7,historico fim_semana,4.0
I13JA277295,21,,fim_semana,0.0,0.0,0.01,0.0,0.0,normal,normal,alta,7,historico fim_semana,4.0
I13JA277295,22,,fim_semana,0.0,0.0,0.01,0.0,0.0,normal,normal,alta,7,historico fim_semana,4.0
I13JA277295,23,,fim_semana,0.0,0.0,0.01,0.0,0.0,normal,normal,alta,7,historico fim_semana,4.0
I13JA287987,0,,fim_semana,0.009,0.0095,0.01,-0.05,-0.05,normal,normal,baixa,4,historico fim_semana (poucos dados),4.0
I13JA287987,1,,fim_semana,0.01,0.0097,0.01,0.03,0.03,normal,normal,baixa,3,historico fim_semana (poucos dados),4.0
I13JA287987,2,,fim_semana,0.009,0.031,0.0203,-1.08,-1.08,normal,normal,alta,6,historico fim_semana,4.0
I13JA287987,3,,fim_semana,0.009,0.0095,0.01,-0.05,-0.05,normal,normal,alta,6,historico fim_semana,4.0
I13JA287987,4,,fim_semana,0.009,0.0095,0.01,-0.05,-0.05,normal,normal,alta,6,historico fim_semana,4.0
I13JA287987,5,,fim_semana,0.009,0.0094,0.01,-0.04,-0.04,normal,normal,alta,5,historico fim_semana,4.0
I13JA287987,6,,fim_semana,0.01,0.0249,0.0306,-0.49,-0.49,normal,normal,alta,8,historico fim_semana,4.0
I13JA287987,7,,fim_semana,0.009,0.0099,0.01,-0.09,-0.09,normal,normal,alta,8,historico fim_semana,4.0
I13JA287987,8,,fim_semana,0.009,0.0095,0.01,-0.05,-0.05,normal,normal,alta,8,historico fim_semana,4.0
I13JA287987,9,,fim_semana,0.009,0.0099,0.01,-0.09,-0.09,normal,normal,alta,8,historico fim_semana,4.0
I13JA287987,10,,fim_semana,0.009,0.0109,0.01,-0.19,-0.19,normal,normal,alta,7,historico fim_semana,4.0
I13JA287987,11,,fim_semana,0.01,0.01,0.01,0.0,0.0,normal,normal,alta,7,historico fim_semana,4.0
I13JA287987,12,,fim_semana,0.009,0.0097,0.01,-0.07,-0.07,normal,normal,alta,7,historico fim_semana,4.0
I13JA287987,13,,fim_semana,0.009,0.0095,0.01,-0.05,-0.05,normal,normal,alta,6,historico fim_semana,4.0
I13JA287987,14,,fim_semana,0.009,0.0098,0.01,-0.08,-0.08,normal,normal,alta,6,historico fim_semana,4.0
I13JA287987,15,,fim_semana,0.01,0.0098,0.01,0.02,0.02,normal,normal,alta,6,historico fim_semana,4.0
I13JA287987,16,,fim_semana,0.009,0.0097,0.01,-0.07,-0.07,normal,normal,alta,6,historico fim_semana,4.0
I13JA287987,17,,fim_semana,0.009,0.0098,0.01,-0.08,-0.08,normal,normal,alta,6,historico fim_semana,4.0
I13JA287987,18,,fim_semana,0.009,0.0276,0.0296,-0.63,-0.63,normal,normal,alta,8,historico fim_semana,4.0
I13JA287987,19,,fim_semana,0.009,0.0099,0.01,-0.09,-0.09,normal,normal,alta,8,historico fim_semana,4.0
I13JA287987,20,,fim_semana,0.01,0.0101,0.01,-0.01,-0.01,normal,normal,alta,8,historico fim_semana,4.0
I13JA287987,21,,fim_semana,0.009,0.0097,0.01,-0.07,-0.07,normal,normal,alta,6,historico fim_semana,4.0
I13JA287996,0,,fim_semana,0.0,0.0,0.01,0.0,0.0,normal,normal,alta,7,historico fim_semana,4.0
I13JA287996,1,,fim_semana,0.0,0.0,0.01,0.0,0.0,normal,normal,alta,8,historico fim_semana,4.0
I13JA287996,2,,fim_semana,0.0,0.0,0.01,0.0,0.0,normal,normal,alta,8,historico fim_semana,4.0
I13JA287996,3,,fim_semana,0.0,0.0,0.01,0.0,0.0,normal,normal,alta,8,historico fim_semana,4.0
I13JA287996,4,,fim_semana,0.0,0.0,0.01,0.0,0.0,normal,normal,alta,8,historico fim_semana,4.0
I13JA287996,5,,fim_semana,0.0,0.0,0.01,0.0,0.0,normal,normal,alta,8,historico fim_semana,4.0
I13JA287996,6,,fim_semana,0.0,0.0,0.01,0.0,0.0,normal,normal,alta,8,historico fim_semana,4.0
I13JA287996,7,,fim_semana,0.0,0.0,0.01,0.0,0.0,normal,normal,alta,8,historico fim_semana,4.0
I13JA287996,8,,fim_semana,0.0,0.0,0.01,0.0,0.0,normal,normal,alta,8,historico fim_semana,4.0
I13JA287996,9,,fim_semana,0.0,0.0,0.01,0.0,0.0,normal,normal,alta,8,historico fim_semana,4.0
I13JA287996,10,,fim_semana,0.0,0.0,0.01,0.0,0.0,normal,normal,alta,8,historico fim_semana,4.0
I13JA287996,11,,fim_semana,0.0,0.0,0.01,0.0,0.0,normal,normal,alta,8,historico fim_semana,4.0
I13JA287996,12,,fim_semana,0.0,0.0,0.01,0.0,0.0,normal,normal,alta,8,historico fim_semana,4.0
I13JA287996,13,,fim_semana,0.0,0.0,0.01,0.0,0.0,normal,normal,alta,8,historico fim_semana,4.0
I13JA287996,14,,fim_semana,0.0,0.0,0.01,0.0,0.0,normal,normal,alta,8,historico fim_semana,4.0
I13JA287996,15,,fim_semana,0.0,0.0,0.01,0.0,0.0,normal,normal,alta,8,historico fim_semana,4.0
I13JA287996,16,,fim_semana,0.0,0.0,0.01,0.0,0.0,normal,normal,alta,8,historico fim_semana,4.0
I13JA287996,17,,fim_semana,0.0,0.0,0.01,0.0,0.0,normal,normal,alta,7,historico fim_semana,4.0
I13JA287996,18,,fim_semana,0.0,0.0,0.01,0.0,0.0,normal,normal,alta,8,historico fim_semana,4.0
I13JA287996,19,,fim_semana,0.0,0.0,0.01,0.0,0.0,normal,normal,alta,8,historico fim_semana,4.0
I13JA287996,20,,fim_semana,0.0,0.0,0.01,0.0,0.0,normal,normal,alta,8,historico fim_semana,4.0
I13JA287996,21,,fim_semana,0.0,0.0,0.01,0.0,0.0,normal,normal,alta,7,historico fim_semana,4.0
I13JA287996,22,,fim_semana,0.0,0.0,0.01,0.0,0.0,normal,normal,alta,7,historico fim_semana,4.0
I13JA287996,23,,fim_semana,0.0,0.0,0.01,0.0,0.0,normal,normal,alta,7,historico fim_semana,4.0
I13JC094216,0,,fim_semana,0.0,0.0,0.01,0.0,0.0,normal,normal,alta,6,historico fim_semana,4.0
I13JC094216,1,,fim_semana,0.0,0.0,0.01,0.0,0.0,normal,normal,alta,8,historico fim_semana,4.0
I13JC094216,2,,fim_semana,0.0,0.0,0.01,0.0,0.0,normal,normal,alta,8,historico fim_semana,4.0
I13JC094216,3,,fim_semana,0.0,0.0,0.01,0.0,0.0,normal,normal,alta,8,historico fim_semana,4.0
I13JC094216,4,,fim_semana,0.0,0.0,0.01,0.0,0.0,normal,normal,alta,8,historico fim_semana,4.0
I13JC094216,5,,fim_semana,0.0,0.0,0.01,0.0,0.0,normal,normal,alta,7,historico fim_semana,4.0
I13JC094216,6,,fim_semana,0.0,0.0,0.01,0.0,0.0,normal,normal,alta,7,historico fim_semana,4.0
I13JC094216,7,,fim_semana,0.0,0.0,0.01,0.0,0.0,normal,normal,alta,7,historico fim_semana,4.0
I13JC094216,8,,fim_semana,0.0,0.0,0.01,0.0,0.0,normal,normal,alta,7,historico fim_semana,4.0
I13JC094216,9,,fim_semana,0.0,0.0,0.01,0.0,0.0,normal,normal,alta,6,historico fim_semana,4.0
I13JC094216,10,,fim_semana,0.0,0.0,0.01,0.0,0.0,normal,normal,alta,6,historico fim_semana,4.0
I13JC094216,11,,fim_semana,0.0,0.0,0.01,0.0,0.0,normal,normal,alta,6,historico fim_semana,4.0
I13JC094216,12,,fim_semana,0.0,0.0,0.01,0.0,0.0,normal,normal,alta,6,historico fim_semana,4.0
I13JC094216,13,,fim_semana,0.0,0.0,0.01,0.0,0.0,normal,normal,alta,8,historico fim_semana,4.0
I13JC094216,14,,fim_semana,0.0,0.0,0.01,0.0,0.0,normal,normal,alta,8,historico fim_semana,4.0
I13JC094216,15,,fim_semana,0.0,0.0,0.01,0.0,0.0,normal,normal,alta,8,historico fim_semana,4.0
I13JC094216,16,,fim_semana,0.0,0.0,0.01,0.0,0.0,normal,normal,alta,8,historico fim_semana,4.0
I13JC094216,17,,fim_semana,0.0,0.0,0.01,0.0,0.0,normal,normal,alta,7,historico fim_semana,4.0
I13JC094216,18,,fim_semana,0.0,0.0,0.01,0.0,0.0,normal,normal,alta,7,historico fim_semana,4.0
I13JC094216,19,,fim_semana,0.0,0.0,0.01,0.0,0.0,normal,normal,alta,7,historico fim_semana,4.0
I13JC094216,20,,fim_semana,0.0,0.0,0.01,0.0,0.0,normal,normal,alta,7,historico fim_semana,4.0
I13JC094216,21,,fim_semana,0.0,0.0,0.01,0.0,0.0,normal,normal,alta,8,historico fim_semana,4.0
I13JC094216,22,,fim_semana,0.0,0.0,0.01,0.0,0.0,normal,normal,alta,8,historico fim_semana,4.0
I13JC094216,23,,fim_semana,0.0,0.0,0.01,0.0,0.0,normal,normal,alta,8,historico fim_semana,4.0
I13JC114242U,0,,fim_semana,0.0,0.0,0.01,0.0,0.0,normal,normal,alta,8,historico fim_semana,4.0
I13JC114242U,1,,fim_semana,0.0,0.0,0.01,0.0,0.0,normal,normal,alta,8,historico fim_semana,4.0
I13JC114242U,2,,fim_semana,0.0,0.0,0.01,0.0,0.0,normal,normal,alta,8,historico fim_semana,4.0
I13JC114242U,3,,fim_semana,0.0,0.0,0.01,0.0,0.0,normal,normal,alta,8,historico fim_semana,4.0
I13JC114242U,4,,fim_semana,0.0,0.0,0.01,0.0,0.0,normal,normal,alta,8,historico fim_semana,4.0
I13JC114242U,5,,fim_semana,0.0,0.0,0.01,0.0,0.0,normal,normal,alta,8,historico fim_semana,4.0
I13JC114242U,6,,fim_semana,0.0,0.0,0.01,0.0,0.0,normal,normal,alta,8,historico fim_semana,4.0
I13JC114242U,7,,fim_semana,0.0,0.0,0.01,0.0,0.0,normal,normal,alta,8,historico fim_semana,4.0
I13JC114242U,8,,fim_semana,0.0,0.0,0.01,0.0,0.0,normal,normal,alta,8,historico fim_semana,4.0
I13JC114242U,13,,fim_semana,0.0,0.0,0.01,0.0,0.0,normal,normal,alta,8,historico fim_semana,4.0
I13JC114242U,14,,fim_semana,0.0,0.0,0.01,0.0,0.0,normal,normal,alta,8,historico fim_semana,4.0
I13JC114242U,15,,fim_semana,0.0,0.0,0.01,0.0,0.0,normal,normal,alta,8,historico fim_semana,4.0
I13JC114242U,16,,fim_semana,0.0,0.0,0.01,0.0,0.0,normal,normal,alta,8,historico fim_semana,4.0
I13JC114242U,17,,fim_semana,0.0,0.0,0.01,0.0,0.0,normal,normal,alta,8,historico fim_semana,4.0
I13JC114242U,18,,fim_semana,0.0,0.0,0.01,0.0,0.0,normal,normal,alta,8,historico fim_semana,4.0
I13JC114242U,19,,fim_semana,0.0,0.0,0.01,0.0,0.0,normal,normal,alta,8,historico fim_semana,4.0
I13JC114242U,20,,fim_semana,0.0,0.0,0.01,0.0,0.0,normal,normal,alta,8,historico fim_semana,4.0
I13JC114242U,21,,fim_semana,0.0,0.0,0.01,0.0,0.0,normal,normal,alta,8,historico fim_semana,4.0
I13JC114242U,22,,fim_semana,0.0,0.0,0.01,0.0,0.0,normal,normal,alta,8,historico fim_semana,4.0
I13JC114242U,23,,fim_semana,0.0,0.0,0.01,0.0,0.0,normal,normal,alta,8,historico fim_semana,4.0
I13JE090461J,0,,fim_semana,0.0,0.0016,0.01,-0.16,-0.16,normal,normal,alta,8,historico fim_semana,4.0
I13JE090461J,1,,fim_semana,0.0,0.0001,0.01,-0.01,-0.01,normal,normal,alta,8,historico fim_semana,4.0
I13JE090461J,2,,fim_semana,0.0,0.0001,0.01,-0.01,-0.01,normal,normal,alta,8,historico fim_semana,4.0
I13JE090461J,3,,fim_semana,0.0,0.0,0.01,0.0,0.0,normal,normal,alta,8,historico fim_semana,4.0
I13JE090461J,4,,fim_semana,0.0,0.0003,0.01,-0.03,-0.03,normal,normal,alta,8,historico fim_semana,4.0
I13JE090461J,5,,fim_semana,0.0,0.0003,0.01,-0.03,-0.03,normal,normal,alta,8,historico fim_semana,4.0
I13JE090461J,6,,fim_semana,0.0,0.0001,0.01,-0.01,-0.01,normal,normal,alta,8,historico fim_semana,4.0
I13JE090461J,7,,fim_semana,0.0,0.0003,0.01,-0.03,-0.03,normal,normal,alta,8,historico fim_semana,4.0
I13JE090461J,8,,fim_semana,0.0,0.0006,0.01,-0.06,-0.06,normal,normal,alta,8,historico fim_semana,4.0
I13JE090461J,9,,fim_semana,0.0,0.001,0.01,-0.1,-0.1,normal,normal,alta,8,historico fim_semana,4.0
I13JE090461J,10,,fim_semana,0.0,0.0003,0.01,-0.03,-0.03,normal,normal,alta,8,historico fim_semana,4.0
I13JE090461J,11,,fim_semana,0.0,0.001,0.01,-0.1,-0.1,normal,normal,alta,8,historico fim_semana,4.0
I13JE090461J,12,,fim_semana,0.0,0.0003,0.01,-0.03,-0.03,normal,normal,alta,8,historico fim_semana,4.0
I13JE090461J,13,,fim_semana,0.006,0.0014,0.01,0.46,0.46,normal,normal,alta,8,historico fim_semana,4.0
I13JE090461J,14,,fim_semana,0.005,0.0014,0.01,0.36,0.36,normal,normal,alta,8,historico fim_semana,4.0
I13JE090461J,15,,fim_semana,0.01,0.0033,0.01,0.67,0.67,normal,normal,alta,6,historico fim_semana,4.0
I13JE090461J,16,,fim_semana,0.023,0.0007,0.01,2.23,2.23,normal,normal,alta,7,historico fim_semana,4.0
I13JE090461J,17,,fim_semana,0.016,0.0003,0.01,1.57,1.57,normal,normal,alta,7,historico fim_semana,4.0
I13JE090461J,18,,fim_semana,0.017,0.0,0.01,1.7,1.7,normal,normal,alta,7,historico fim_semana,4.0
I13JE090461J,19,,fim_semana,0.001,0.002,0.01,-0.1,-0.1,normal,normal,alta,8,historico fim_semana,4.0
I13JE090461J,20,,fim_semana,0.0,0.001,0.01,-0.1,-0.1,normal,normal,alta,8,historico fim_semana,4.0
I13JE090461J,21,,fim_semana,0.0,0.0011,0.01,-0.11,-0.11,normal,normal,alta,8,historico fim_semana,4.0
I13JE090461J,22,,fim_semana,0.0,0.0005,0.01,-0.05,-0.05,normal,normal,alta,8,historico fim_semana,4.0
I13JE090461J,23,,fim_semana,0.0,0.0004,0.01,-0.04,-0.04,normal,normal,alta,8,historico fim_semana,4.0
I13JE090462,0,,fim_semana,0.0,0.0,0.01,0.0,0.0,normal,normal,alta,7,historico fim_semana,4.0
I13JE090462,1,,fim_semana,0.0,0.0,0.01,0.0,0.0,normal,normal,alta,7,historico fim_semana,4.0
I13JE090462,2,,fim_semana,0.0,0.0,0.01,0.0,0.0,normal,normal,alta,8,historico fim_semana,4.0
I13JE090462,3,,fim_semana,0.0,0.0,0.01,0.0,0.0,normal,normal,alta,8,historico fim_semana,4.0
I13JE090462,4,,fim_semana,0.0,0.0,0.01,0.0,0.0,normal,normal,alta,8,historico fim_semana,4.0
I13JE090462,5,,fim_semana,0.0,0.0,0.01,0.0,0.0,normal,normal,alta,8,historico fim_semana,4.0
I13JE090462,6,,fim_semana,0.0,0.0,0.01,0.0,0.0,normal,normal,alta,8,historico fim_semana,4.0
I13JE090462,7,,fim_semana,0.0,0.0,0.01,0.0,0.0,normal,normal,alta,8,historico fim_semana,4.0
I13JE090462,8,,fim_semana,0.0,0.0,0.01,0.0,0.0,normal,normal,alta,8,historico fim_semana,4.0
I13JE090462,9,,fim_semana,0.0,0.0,0.01,0.0,0.0,normal,normal,alta,8,historico fim_semana,4.0
I13JE090462,10,,fim_semana,0.0,0.0,0.01,0.0,0.0,normal,normal,alta,7,historico fim_semana,4.0
I13JE090462,11,,fim_semana,0.0,0.0,0.01,0.0,0.0,normal,normal,alta,7,historico fim_semana,4.0
I13JE090462,12,,fim_semana,0.0,0.0,0.01,0.0,0.0,normal,normal,alta,7,historico fim_semana,4.0
I13JE090462,13,,fim_semana,0.0,0.0,0.01,0.0,0.0,normal,normal,alta,7,historico fim_semana,4.0
I13JE090462,14,,fim_semana,0.0,0.0,0.01,0.0,0.0,normal,normal,alta,8,historico fim_semana,4.0
I13JE090462,15,,fim_semana,0.0,0.0,0.01,0.0,0.0,normal,normal,alta,8,historico fim_semana,4.0
I13JE090462,16,,fim_semana,0.0,0.0,0.01,0.0,0.0,normal,normal,alta,8,historico fim_semana,4.0
I13JE090462,17,,fim_semana,0.0,0.0,0.01,0.0,0.0,normal,normal,alta,8,historico fim_semana,4.0
I13JE090462,18,,fim_semana,0.0,0.0,0.01,0.0,0.0,normal,normal,alta,7,historico fim_semana,4.0
I13JE090462,19,,fim_semana,0.0,0.0,0.01,0.0,0.0,normal,normal,alta,7,historico fim_semana,4.0
I13JE090462,20,,fim_semana,0.0,0.0,0.01,0.0,0.0,normal,normal,alta,7,historico fim_semana,4.0
I13JE090462,21,,fim_semana,0.0,0.0,0.01,0.0,0.0,normal,normal,alta,7,historico fim_semana,4.0
I13JE090462,22,,fim_semana,0.0,0.0,0.01,0.0,0.0,normal,normal,alta,5,historico fim_semana,4.0
I13JE090462,23,,fim_semana,0.0,0.0,0.01,0.0,0.0,normal,normal,alta,7,historico fim_semana,4.0
I13JE090464M,0,,fim_semana,0.0,0.0,0.01,0.0,0.0,normal,normal,alta,8,historico fim_semana,4.0
I13JE090464M,1,,fim_semana,0.0,0.0,0.01,0.0,0.0,normal,normal,alta,8,historico fim_semana,4.0
I13JE090464M,2,,fim_semana,0.0,0.0,0.01,0.0,0.0,normal,normal,alta,8,historico fim_semana,4.0
I13JE090464M,3,,fim_semana,0.0,0.0,0.01,0.0,0.0,normal,normal,alta,7,historico fim_semana,4.0
I13JE090464M,4,,fim_semana,0.0,0.0,0.01,0.0,0.0,normal,normal,alta,8,historico fim_semana,4.0
I13JE090464M,5,,fim_semana,-0.001,0.0,0.01,-0.1,-0.1,normal,normal,alta,8,historico fim_semana,4.0
I13JE090464M,6,,fim_semana,0.0,0.0,0.01,0.0,0.0,normal,normal,alta,8,historico fim_semana,4.0
I13JE090464M,7,,fim_semana,0.0,0.0,0.01,0.0,0.0,normal,normal,alta,8,historico fim_semana,4.0
I13JE090464M,8,,fim_semana,0.0,-0.0001,0.01,0.01,0.01,normal,normal,alta,8,historico fim_semana,4.0
I13JE090464M,9,,fim_semana,0.0,-0.0004,0.01,0.04,0.04,normal,normal,alta,8,historico fim_semana,4.0
I13JE090464M,10,,fim_semana,0.0,-0.0004,0.01,0.04,0.04,normal,normal,alta,8,historico fim_semana,4.0
I13JE090464M,11,,fim_semana,0.0,-0.0001,0.01,0.01,0.01,normal,normal,alta,8,historico fim_semana,4.0
I13JE090464M,12,,fim_semana,0.0,-0.0001,0.01,0.01,0.01,normal,normal,alta,8,historico fim_semana,4.0
I13JE090464M,13,,fim_semana,0.0,-0.0001,0.01,0.01,0.01,normal,normal,alta,8,historico fim_semana,4.0
I13JE090464M,14,,fim_semana,0.0,0.0,0.01,0.0,0.0,normal,normal,alta,8,historico fim_semana,4.0
I13JE090464M,15,,fim_semana,0.0,-0.0003,0.01,0.03,0.03,normal,normal,alta,7,historico fim_semana,4.0
I13JE090464M,16,,fim_semana,0.0,0.0,0.01,0.0,0.0,normal,normal,alta,8,historico fim_semana,4.0
I13JE090464M,17,,fim_semana,0.0,0.0,0.01,0.0,0.0,normal,normal,alta,8,historico fim_semana,4.0
I13JE090464M,18,,fim_semana,0.0,-0.0001,0.01,0.01,0.01,normal,normal,alta,8,historico fim_semana,4.0
I13JE090464M,19,,fim_semana,0.0,-0.0001,0.01,0.01,0.01,normal,normal,alta,7,historico fim_semana,4.0
I13JE090464M,20,,fim_semana,0.0,0.0,0.01,0.0,0.0,normal,normal,alta,7,historico fim_semana,4.0
I13JE090464M,21,,fim_semana,0.0,0.0,0.01,0.0,0.0,normal,normal,alta,7,historico fim_semana,4.0
I13JE090464M,22,,fim_semana,-0.001,0.0,0.01,-0.1,-0.1,normal,normal,alta,7,historico fim_semana,4.0
I13JE090464M,23,,fim_semana,0.0,0.0,0.01,0.0,0.0,normal,normal,alta,6,historico fim_semana,4.0
I13JE128947D,0,,fim_semana,0.0,0.0,0.01,0.0,0.0,normal,normal,alta,6,historico fim_semana,4.0
I13JE128947D,1,,fim_semana,0.0,0.0,0.01,0.0,0.0,normal,normal,alta,8,historico fim_semana,4.0
I13JE128947D,2,,fim_semana,0.0,0.0,0.01,0.0,0.0,normal,normal,alta,8,historico fim_semana,4.0
I13JE128947D,3,,fim_semana,0.0,0.0,0.01,0.0,0.0,normal,normal,alta,8,historico fim_semana,4.0
I13JE128947D,4,,fim_semana,0.0,0.0,0.01,0.0,0.0,normal,normal,alta,8,historico fim_semana,4.0
I13JE128947D,5,,fim_semana,0.0,0.0,0.01,0.0,0.0,normal,normal,alta,8,historico fim_semana,4.0
I13JE128947D,6,,fim_semana,0.0,0.0,0.01,0.0,0.0,normal,normal,alta,8,historico fim_semana,4.0
I13JE128947D,7,,fim_semana,0.0,0.0,0.01,0.0,0.0,normal,normal,alta,8,historico fim_semana,4.0
I13JE128947D,8,,fim_semana,0.0,0.0,0.01,0.0,0.0,normal,normal,alta,7,historico fim_semana,4.0
I13JE128947D,9,,fim_semana,0.0,0.0,0.01,0.0,0.0,normal,normal,alta,5,historico fim_semana,4.0
I13JE128947D,10,,fim_semana,0.0,0.0,0.01,0.0,0.0,normal,normal,alta,5,historico fim_semana,4.0
I13JE128947D,11,,fim_semana,0.0,0.0,0.01,0.0,0.0,normal,normal,alta,5,historico fim_semana,4.0
I13JE128947D,13,,fim_semana,0.0,0.0,0.01,0.0,0.0,normal,normal,alta,8,historico fim_semana,4.0
I13JE128947D,14,,fim_semana,0.0,0.0,0.01,0.0,0.0,normal,normal,alta,8,historico fim_semana,4.0
I13JE128947D,15,,fim_semana,0.0,0.0,0.01,0.0,0.0,normal,normal,alta,8,historico fim_semana,4.0
I13JE128947D,16,,fim_semana,0.0,0.0,0.01,0.0,0.0,normal,normal,alta,7,historico fim_semana,4.0
I13JE128947D,17,,fim_semana,0.0,0.0,0.01,0.0,0.0,normal,normal,alta,7,historico fim_semana,4.0
I13JE128947D,18,,fim_semana,0.0,0.0,0.01,0.0,0.0,normal,normal,alta,7,historico fim_semana,4.0
I13JE128947D,19,,fim_semana,0.0,0.0,0.01,0.0,0.0,normal,normal,alta,7,historico fim_semana,4.0
I13JE128947D,20,,fim_semana,0.0,0.0,0.01,0.0,0.0,normal,normal,alta,6,historico fim_semana,4.0
I13JE128947D,21,,fim_semana,0.0,0.0,0.01,0.0,0.0,normal,normal,alta,7,historico fim_semana,4.0
I13JE128947D,22,,fim_semana,0.0,0.0,0.01,0.0,0.0,normal,normal,alta,7,historico fim_semana,4.0
I13JE128947D,23,,fim_semana,0.0,0.0,0.01,0.0,0.0,normal,normal,alta,7,historico fim_semana,4.0
I13JE133572D,0,,fim_semana,0.0,0.0,0.01,0.0,0.0,normal,normal,alta,8,historico fim_semana,4.0
I13JE133572D,1,,fim_semana,0.0,0.0,0.01,0.0,0.0,normal,normal,alta,8,historico fim_semana,4.0
I13JE133572D,2,,fim_semana,0.0,0.0,0.01,0.0,0.0,normal,normal,alta,8,historico fim_semana,4.0
I13JE133572D,3,,fim_semana,0.0,0.0,0.01,0.0,0.0,normal,normal,alta,8,historico fim_semana,4.0
I13JE133572D,4,,fim_semana,0.0,0.0,0.01,0.0,0.0,normal,normal,alta,8,historico fim_semana,4.0
I13JE133572D,5,,fim_semana,0.0,0.0,0.01,0.0,0.0,normal,normal,alta,8,historico fim_semana,4.0
I13JE133572D,6,,fim_semana,0.0,0.0,0.01,0.0,0.0,normal,normal,alta,8,historico fim_semana,4.0
I13JE133572D,7,,fim_semana,0.0,0.0,0.01,0.0,0.0,normal,normal,alta,8,historico fim_semana,4.0
I13JE133572D,8,,fim_semana,0.0,0.0,0.01,0.0,0.0,normal,normal,alta,8,historico fim_semana,4.0
I13JE133572D,9,,fim_semana,0.0,0.0,0.01,0.0,0.0,normal,normal,alta,8,historico fim_semana,4.0
I13JE133572D,10,,fim_semana,0.0,0.0,0.01,0.0,0.0,normal,normal,alta,8,historico fim_semana,4.0
I13JE133572D,11,,fim_semana,0.0,0.0,0.01,0.0,0.0,normal,normal,alta,8,historico fim_semana,4.0
I13JE133572D,12,,fim_semana,0.0,0.0,0.01,0.0,0.0,normal,normal,alta,8,historico fim_semana,4.0
I13JE133572D,13,,fim_semana,0.0,0.0,0.01,0.0,0.0,normal,normal,alta,8,historico fim_semana,4.0
I13JE133572D,14,,fim_semana,0.0,0.0,0.01,0.0,0.0,normal,normal,alta,8,historico fim_semana,4.0
I13JE133572D,15,,fim_semana,0.0,0.0,0.01,0.0,0.0,normal,normal,alta,8,historico fim_semana,4.0
I13JE133572D,16,,fim_semana,0.0,0.0,0.01,0.0,0.0,normal,normal,alta,8,historico fim_semana,4.0
I13JE133572D,17,,fim_semana,0.0,0.0,0.01,0.0,0.0,normal,normal,alta,8,historico fim_semana,4.0
I13JE133572D,18,,fim_semana,0.0,0.0,0.01,0.0,0.0,normal,normal,alta,8,historico fim_semana,4.0
I13JE133572D,19,,fim_semana,0.0,0.0,0.01,0.0,0.0,normal,normal,alta,8,historico fim_semana,4.0
I13JE133572D,20,,fim_semana,0.0,0.0,0.01,0.0,0.0,normal,normal,alta,8,historico fim_semana,4.0
I13JE133572D,21,,fim_semana,0.0,0.0,0.01,0.0,0.0,normal,normal,alta,8,historico fim_semana,4.0
I13JE133572D,22,,fim_semana,0.0,0.0,0.01,0.0,0.0,normal,normal,alta,8,historico fim_semana,4.0
I13JE133572D,23,,fim_semana,0.0,0.0,0.01,0.0,0.0,normal,normal,alta,8,historico fim_semana,4.0
I14JC000553,0,,fim_semana,0.0,0.0,0.01,0.0,0.0,normal,normal,alta,5,historico fim_semana,4.0
I14JC000553,1,,fim_semana,0.0,0.0,0.01,0.0,0.0,normal,normal,alta,5,historico fim_semana,4.0
I14JC000553,2,,fim_semana,0.0,0.0,0.01,0.0,0.0,normal,normal,alta,5,historico fim_semana,4.0
I14JC000553,3,,fim_semana,0.0,0.0,0.01,0.0,0.0,normal,normal,alta,5,historico fim_semana,4.0
I14JC000553,4,,fim_semana,0.0,0.0,0.01,0.0,0.0,normal,normal,alta,5,historico fim_semana,4.0
I14JC000553,5,,fim_semana,0.0,0.0,0.01,0.0,0.0,normal,normal,alta,5,historico fim_semana,4.0
I14JC000553,6,,fim_semana,0.0,0.0,0.01,0.0,0.0,normal,normal,alta,5,historico fim_semana,4.0
I14JC000553,7,,fim_semana,0.0,0.0,0.01,0.0,0.0,normal,normal,alta,5,historico fim_semana,4.0
I14JC000553,8,,fim_semana,0.0,0.0,0.01,0.0,0.0,normal,normal,alta,6,historico fim_semana,4.0
I14JC000553,9,,fim_semana,0.0,0.0,0.01,0.0,0.0,normal,normal,alta,6,historico fim_semana,4.0
I14JC000553,10,,fim_semana,0.0,0.0,0.01,0.0,0.0,normal,normal,alta,6,historico fim_semana,4.0
I14JC000553,11,,fim_semana,0.0,0.0,0.01,0.0,0.0,normal,normal,alta,6,historico fim_semana,4.0
I14JC000553,12,,fim_semana,0.0,0.0,0.01,0.0,0.0,normal,normal,alta,6,historico fim_semana,4.0
I14JC000553,13,,fim_semana,0.0,0.0,0.01,0.0,0.0,normal,normal,alta,6,historico fim_semana,4.0
I14JC000553,14,,fim_semana,0.0,0.0,0.01,0.0,0.0,normal,normal,alta,6,historico fim_semana,4.0
I14JC000553,15,,fim_semana,0.0,0.0,0.01,0.0,0.0,normal,normal,alta,6,historico fim_semana,4.0
I14JC000553,20,,fim_semana,0.0,0.0,0.01,0.0,0.0,normal,normal,alta,5,historico fim_semana,4.0
I14JC000553,21,,fim_semana,0.0,0.0,0.01,0.0,0.0,normal,normal,alta,5,historico fim_semana,4.0
I14JC000553,22,,fim_semana,0.0,0.0,0.01,0.0,0.0,normal,normal,alta,5,historico fim_semana,4.0
I14JC000553,23,,fim_semana,0.0,0.0,0.01,0.0,0.0,normal,normal,alta,5,historico fim_semana,4.0
I14JC000554,0,,fim_semana,0.0,0.0,0.01,0.0,0.0,normal,normal,alta,6,historico fim_semana,4.0
I14JC000554,1,,fim_semana,0.0,0.0,0.01,0.0,0.0,normal,normal,alta,6,historico fim_semana,4.0
I14JC000554,2,,fim_semana,0.0,0.0,0.01,0.0,0.0,normal,normal,alta,7,historico fim_semana,4.0
I14JC000554,3,,fim_semana,0.0,0.0,0.01,0.0,0.0,normal,normal,alta,7,historico fim_semana,4.0
I14JC000554,4,,fim_semana,0.0,0.0,0.01,0.0,0.0,normal,normal,alta,7,historico fim_semana,4.0
I14JC000554,5,,fim_semana,0.0,0.0,0.01,0.0,0.0,normal,normal,alta,7,historico fim_semana,4.0
I14JC000554,6,,fim_semana,0.0,0.0,0.01,0.0,0.0,normal,normal,alta,8,historico fim_semana,4.0
I14JC000554,7,,fim_semana,0.0,0.0,0.01,0.0,0.0,normal,normal,alta,8,historico fim_semana,4.0
I14JC000554,8,,fim_semana,0.0,0.0,0.01,0.0,0.0,normal,normal,alta,8,historico fim_semana,4.0
I14JC000554,9,,fim_semana,0.0,0.0,0.01,0.0,0.0,normal,normal,alta,8,historico fim_semana,4.0
I14JC000554,10,,fim_semana,0.0,0.0,0.01,0.0,0.0,normal,normal,alta,8,historico fim_semana,4.0
I14JC000554,11,,fim_semana,0.0,0.0,0.01,0.0,0.0,normal,normal,alta,8,historico fim_semana,4.0
I14JC000554,12,,fim_semana,0.0,0.0,0.01,0.0,0.0,normal,normal,alta,8,historico fim_semana,4.0
I14JC000554,13,,fim_semana,0.0,0.0,0.01,0.0,0.0,normal,normal,alta,8,historico fim_semana,4.0
I14JC000554,14,,fim_semana,0.0,0.0,0.01,0.0,0.0,normal,normal,alta,8,historico fim_semana,4.0
I14JC000554,15,,fim_semana,0.0,0.0,0.01,0.0,0.0,normal,normal,alta,8,historico fim_semana,4.0
I14JC000554,16,,fim_semana,0.0,0.0,0.01,0.0,0.0,normal,normal,alta,8,historico fim_semana,4.0
I14JC000554,17,,fim_semana,0.0,0.0,0.01,0.0,0.0,normal,normal,alta,8,historico fim_semana,4.0
I14JC000554,18,,fim_semana,0.0,0.0,0.01,0.0,0.0,normal,normal,alta,8,historico fim_semana,4.0
I14JC000554,19,,fim_semana,0.0,0.0,0.01,0.0,0.0,normal,normal,alta,8,historico fim_semana,4.0
I14JC000554,20,,fim_semana,0.0,0.0,0.01,0.0,0.0,normal,normal,alta,8,historico fim_semana,4.0
I14JC000554,21,,fim_semana,0.0,0.0,0.01,0.0,0.0,normal,normal,alta,8,historico fim_semana,4.0
I14JC000554,22,,fim_semana,0.0,0.0,0.01,0.0,0.0,normal,normal,alta,5,historico fim_semana,4.0
I14JC000554,23,,fim_semana,0.0,0.0,0.01,0.0,0.0,normal,normal,alta,5,historico fim_semana,4.0
I14JC000555,0,,fim_semana,0.0,0.0,0.01,0.0,0.0,normal,normal,alta,8,historico fim_semana,4.0
I14JC000555,1,,fim_semana,0.0,0.0,0.01,0.0,0.0,normal,normal,alta,8,historico fim_semana,4.0
I14JC000555,2,,fim_semana,0.0,0.0,0.01,0.0,0.0,normal,normal,alta,7,historico fim_semana,4.0
I14JC000555,3,,fim_semana,0.0,0.0,0.01,0.0,0.0,normal,normal,alta,7,historico fim_semana,4.0
I14JC000555,4,,fim_semana,0.0,0.0,0.01,0.0,0.0,normal,normal,alta,7,historico fim_semana,4.0
I14JC000555,5,,fim_semana,0.0,0.0,0.01,0.0,0.0,normal,normal,alta,7,historico fim_semana,4.0
I14JC000555,6,,fim_semana,0.0,0.0,0.01,0.0,0.0,normal,normal,alta,8,historico fim_semana,4.0
I14JC000555,7,,fim_semana,0.0,0.0,0.01,0.0,0.0,normal,normal,alta,8,historico fim_semana,4.0
I14JC000555,8,,fim_semana,0.0,0.0,0.01,0.0,0.0,normal,normal,alta,8,historico fim_semana,4.0
I14JC000555,9,,fim_semana,0.0,0.0,0.01,0.0,0.0,normal,normal,alta,8,historico fim_semana,4.0
I14JC000555,10,,fim_semana,0.0,0.0,0.01,0.0,0.0,normal,normal,alta,8,historico fim_semana,4.0
I14JC000555,11,,fim_semana,0.0,0.0,0.01,0.0,0.0,normal,normal,alta,8,historico fim_semana,4.0
I14JC000555,12,,fim_semana,0.0,0.0,0.01,0.0,0.0,normal,normal,alta,8,historico fim_semana,4.0
I14JC000555,13,,fim_semana,0.0,0.0,0.01,0.0,0.0,normal,normal,alta,8,historico fim_semana,4.0
I14JC000555,14,,fim_semana,0.0,0.0,0.01,0.0,0.0,normal,normal,alta,7,historico fim_semana,4.0
I14JC000555,15,,fim_semana,0.0,0.0,0.01,0.0,0.0,normal,normal,alta,7,historico fim_semana,4.0
I14JC000555,16,,fim_semana,0.0,0.0,0.01,0.0,0.0,normal,normal,alta,7,historico fim_semana,4.0
I14JC000555,17,,fim_semana,0.0,0.0,0.01,0.0,0.0,normal,normal,alta,7,historico fim_semana,4.0
I14JC000555,18,,fim_semana,0.0,0.0,0.01,0.0,0.0,normal,normal,alta,7,historico fim_semana,4.0
I14JC000555,19,,fim_semana,0.0,0.0,0.01,0.0,0.0,normal,normal,alta,7,historico fim_semana,4.0
I14JC000555,20,,fim_semana,0.0,0.0,0.01,0.0,0.0,normal,normal,alta,7,historico fim_semana,4.0
I14JC000555,21,,fim_semana,0.0,0.0,0.01,0.0,0.0,normal,normal,alta,7,historico fim_semana,4.0
I14JC000555,22,,fim_semana,0.0,0.0,0.01,0.0,0.0,normal,normal,alta,8,historico fim_semana,4.0
I14JC000555,23,,fim_semana,0.0,0.0,0.01,0.0,0.0,normal,normal,alta,8,historico fim_semana,4.0
I14JC000558,0,,fim_semana,0.0,0.0,0.01,0.0,0.0,normal,normal,alta,6,historico fim_semana,4.0
I14JC000558,1,,fim_semana,0.0,0.0,0.01,0.0,0.0,normal,normal,alta,6,historico fim_semana,4.0
I14JC000558,2,,fim_semana,0.0,0.0,0.01,0.0,0.0,normal,normal,alta,7,historico fim_semana,4.0
I14JC000558,3,,fim_semana,0.0,0.0,0.01,0.0,0.0,normal,normal,alta,7,historico fim_semana,4.0
I14JC000558,4,,fim_semana,0.0,0.0,0.01,0.0,0.0,normal,normal,alta,7,historico fim_semana,4.0
I14JC000558,5,,fim_semana,0.0,0.0,0.01,0.0,0.0,normal,normal,alta,7,historico fim_semana,4.0
I14JC000558,6,,fim_semana,0.0,0.0,0.01,0.0,0.0,normal,normal,alta,8,historico fim_semana,4.0
I14JC000558,7,,fim_semana,0.0,0.0,0.01,0.0,0.0,normal,normal,alta,8,historico fim_semana,4.0
I14JC000558,8,,fim_semana,0.0,0.0,0.01,0.0,0.0,normal,normal,alta,8,historico fim_semana,4.0
I14JC000558,9,,fim_semana,0.0,0.0,0.01,0.0,0.0,normal,normal,alta,8,historico fim_semana,4.0
I14JC000558,10,,fim_semana,0.0,0.0,0.01,0.0,0.0,normal,normal,alta,8,historico fim_semana,4.0
I14JC000558,11,,fim_semana,0.0,0.0,0.01,0.0,0.0,normal,normal,alta,8,historico fim_semana,4.0
I14JC000558,12,,fim_semana,0.0,0.0,0.01,0.0,0.0,normal,normal,alta,8,historico fim_semana,4.0
I14JC000558,13,,fim_semana,0.0,0.0,0.01,0.0,0.0,normal,normal,alta,8,historico fim_semana,4.0
I14JC000558,14,,fim_semana,0.0,0.0,0.01,0.0,0.0,normal,normal,alta,8,historico fim_semana,4.0
I14JC000558,15,,fim_semana,0.0,0.0,0.01,0.0,0.0,normal,normal,alta,8,historico fim_semana,4.0
I14JC000558,16,,fim_semana,0.0,0.0,0.01,0.0,0.0,normal,normal,alta,8,historico fim_semana,4.0
I14JC000558,17,,fim_semana,0.0,0.0,0.01,0.0,0.0,normal,normal,alta,8,historico fim_semana,4.0
I14JC000558,18,,fim_semana,0.0,0.0,0.01,0.0,0.0,normal,normal,alta,6,historico fim_semana,4.0
I14JC000558,19,,fim_semana,0.0,0.0,0.01,0.0,0.0,normal,normal,alta,6,historico fim_semana,4.0
I14JC000558,20,,fim_semana,0.0,0.0,0.01,0.0,0.0,normal,normal,alta,6,historico fim_semana,4.0
I14JC000558,21,,fim_semana,0.0,0.0,0.01,0.0,0.0,normal,normal,alta,6,historico fim_semana,4.0
I14JC000558,22,,fim_semana,0.0,0.0,0.01,0.0,0.0,normal,normal,alta,6,historico fim_semana,4.0
I14JC000558,23,,fim_semana,0.0,0.0,0.01,0.0,0.0,normal,normal,alta,6,historico fim_semana,4.0
I14JC000570,0,,fim_semana,0.0,0.0,0.01,0.0,0.0,normal,normal,alta,6,historico fim_semana,4.0
I14JC000570,1,,fim_semana,0.0,0.0,0.01,0.0,0.0,normal,normal,alta,6,historico fim_semana,4.0
I14JC000570,2,,fim_semana,0.0,0.0,0.01,0.0,0.0,normal,normal,alta,6,historico fim_semana,4.0
I14JC000570,3,,fim_semana,0.0,0.0,0.01,0.0,0.0,normal,normal,alta,5,historico fim_semana,4.0
I14JC000570,4,,fim_semana,0.0,0.0,0.01,0.0,0.0,normal,normal,alta,5,historico fim_semana,4.0
I14JC000570,5,,fim_semana,0.0,0.0,0.01,0.0,0.0,normal,normal,alta,5,historico fim_semana,4.0
I14JC000570,6,,fim_semana,0.0,0.0,0.01,0.0,0.0,normal,normal,alta,5,historico fim_semana,4.0
I14JC000570,7,,fim_semana,0.0,0.0,0.01,0.0,0.0,normal,normal,alta,6,historico fim_semana,4.0
I14JC000570,8,,fim_semana,0.0,0.0,0.01,0.0,0.0,normal,normal,alta,6,historico fim_semana,4.0
I14JC000570,9,,fim_semana,0.0,0.0,0.01,0.0,0.0,normal,normal,alta,6,historico fim_semana,4.0
I14JC000570,10,,fim_semana,0.0,0.0,0.01,0.0,0.0,normal,normal,alta,6,historico fim_semana,4.0
I14JC000570,11,,fim_semana,0.0,0.0,0.01,0.0,0.0,normal,normal,baixa,4,historico fim_semana (poucos dados),4.0
I14JC000570,12,,fim_semana,0.0,0.0,0.01,0.0,0.0,normal,normal,baixa,4,historico fim_semana (poucos dados),4.0
I14JC000570,13,,fim_semana,0.0,0.0,0.01,0.0,0.0,normal,normal,baixa,4,historico fim_semana (poucos dados),4.0
I14JC000570,14,,fim_semana,0.0,0.0,0.01,0.0,0.0,normal,normal,baixa,4,historico fim_semana (poucos dados),4.0
I14JC000570,15,,fim_semana,0.0,0.0,0.01,0.0,0.0,normal,normal,alta,6,historico fim_semana,4.0
I14JC000570,16,,fim_semana,0.0,0.0,0.01,0.0,0.0,normal,normal,alta,6,historico fim_semana,4.0
I14JC000570,17,,fim_semana,0.0,0.0,0.01,0.0,0.0,normal,normal,alta,6,historico fim_semana,4.0
I14JC000570,18,,fim_semana,0.0,0.0,0.01,0.0,0.0,normal,normal,alta,6,historico fim_semana,4.0
I14JC000570,19,,fim_semana,0.0,0.0,0.01,0.0,0.0,normal,normal,alta,6,historico fim_semana,4.0
I14JC000570,20,,fim_semana,0.0,0.0,0.01,0.0,0.0,normal,normal,alta,6,historico fim_semana,4.0
I14JC000570,21,,fim_semana,0.0,0.0,0.01,0.0,0.0,normal,normal,alta,6,historico fim_semana,4.0
I14JC000570,22,,fim_semana,0.0,0.0,0.01,0.0,0.0,normal,normal,alta,6,historico fim_semana,4.0
I14JC000570,23,,fim_semana,0.0,0.0,0.01,0.0,0.0,normal,normal,alta,5,historico fim_semana,4.0
I14JC000574,0,,fim_semana,0.0,0.0,0.01,0.0,0.0,normal,normal,alta,8,historico fim_semana,4.0
I14JC000574,1,,fim_semana,0.0,0.0,0.01,0.0,0.0,normal,normal,alta,7,historico fim_semana,4.0
I14JC000574,2,,fim_semana,0.0,0.0,0.01,0.0,0.0,normal,normal,alta,7,historico fim_semana,4.0
I14JC000574,3,,fim_semana,0.0,0.0,0.01,0.0,0.0,normal,normal,alta,7,historico fim_semana,4.0
I14JC000574,4,,fim_semana,0.0,0.0,0.01,0.0,0.0,normal,normal,alta,7,historico fim_semana,4.0
I14JC000574,5,,fim_semana,0.0,0.0,0.01,0.0,0.0,normal,normal,alta,8,historico fim_semana,4.0
I14JC000574,6,,fim_semana,0.0,0.0,0.01,0.0,0.0,normal,normal,alta,8,historico fim_semana,4.0
I14JC000574,7,,fim_semana,0.0,0.0,0.01,0.0,0.0,normal,normal,alta,8,historico fim_semana,4.0
I14JC000574,8,,fim_semana,0.0,0.0,0.01,0.0,0.0,normal,normal,alta,8,historico fim_semana,4.0
I14JC000574,9,,fim_semana,0.0,0.0,0.01,0.0,0.0,normal,normal,alta,6,historico fim_semana,4.0
I14JC000574,10,,fim_semana,0.0,0.0,0.01,0.0,0.0,normal,normal,alta,7,historico fim_semana,4.0
I14JC000574,11,,fim_semana,0.0,0.0,0.01,0.0,0.0,normal,normal,alta,7,historico fim_semana,4.0
I14JC000574,12,,fim_semana,0.0,0.0,0.01,0.0,0.0,normal,normal,alta,7,historico fim_semana,4.0
I14JC000574,13,,fim_semana,0.0,0.0,0.01,0.0,0.0,normal,normal,alta,8,historico fim_semana,4.0
I14JC000574,14,,fim_semana,0.0,0.0,0.01,0.0,0.0,normal,normal,alta,8,historico fim_semana,4.0
I14JC000574,15,,fim_semana,0.0,0.0,0.01,0.0,0.0,normal,normal,alta,8,historico fim_semana,4.0
I14JC000574,16,,fim_semana,0.0,0.0,0.01,0.0,0.0,normal,normal,alta,8,historico fim_semana,4.0
I14JC000574,17,,fim_semana,0.0,0.0,0.01,0.0,0.0,normal,normal,alta,8,historico fim_semana,4.0
I14JC000574,18,,fim_semana,0.0,0.0,0.01,0.0,0.0,normal,normal,alta,8,historico fim_semana,4.0
I14JC000574,19,,fim_semana,0.0,0.0,0.01,0.0,0.0,normal,normal,alta,8,historico fim_semana,4.0
I14JC000574,20,,fim_semana,0.0,0.0,0.01,0.0,0.0,normal,normal,alta,8,historico fim_semana,4.0
I14JC000574,21,,fim_semana,0.0,0.0,0.01,0.0,0.0,normal,normal,alta,6,historico fim_semana,4.0
I14JC000574,22,,fim_semana,0.0,0.0,0.01,0.0,0.0,normal,normal,alta,8,historico fim_semana,4.0
I14JC000574,23,,fim_semana,0.0,0.0,0.01,0.0,0.0,normal,normal,alta,8,historico fim_semana,4.0
I14JC000600,0,,fim_semana,0.0,0.0,0.01,0.0,0.0,normal,normal,alta,7,historico fim_semana,4.0
I14JC000600,1,,fim_semana,0.0,0.0,0.01,0.0,0.0,normal,normal,alta,7,historico fim_semana,4.0
I14JC000600,2,,fim_semana,0.0,0.0,0.01,0.0,0.0,normal,normal,alta,6,historico fim_semana,4.0
I14JC000600,3,,fim_semana,0.0,0.0,0.01,0.0,0.0,normal,normal,alta,6,historico fim_semana,4.0
I14JC000600,4,,fim_semana,0.0,0.0,0.01,0.0,0.0,normal,normal,alta,6,historico fim_semana,4.0
I14JC000600,5,,fim_semana,0.0,0.0,0.01,0.0,0.0,normal,normal,alta,6,historico fim_semana,4.0
I14JC000600,6,,fim_semana,0.0,0.0,0.01,0.0,0.0,normal,normal,alta,8,historico fim_semana,4.0
I14JC000600,7,,fim_semana,0.0,0.0,0.01,0.0,0.0,normal,normal,alta,8,historico fim_semana,4.0
I14JC000600,8,,fim_semana,0.0,0.0,0.01,0.0,0.0,normal,normal,alta,8,historico fim_semana,4.0
I14JC000600,9,,fim_semana,0.0,0.0,0.01,0.0,0.0,normal,normal,alta,8,historico fim_semana,4.0
I14JC000600,10,,fim_semana,0.0,0.0,0.01,0.0,0.0,normal,normal,alta,6,historico fim_semana,4.0
I14JC000600,11,,fim_semana,0.0,0.0,0.01,0.0,0.0,normal,normal,alta,6,historico fim_semana,4.0
I14JC000600,12,,fim_semana,0.0,0.0,0.01,0.0,0.0,normal,normal,alta,6,historico fim_semana,4.0
I14JC000600,13,,fim_semana,0.0,0.0,0.01,0.0,0.0,normal,normal,alta,6,historico fim_semana,4.0
I14JC000600,14,,fim_semana,0.0,0.0,0.01,0.0,0.0,normal,normal,alta,8,historico fim_semana,4.0
I14JC000600,15,,fim_semana,0.0,0.0,0.01,0.0,0.0,normal,normal,alta,8,historico fim_semana,4.0
I14JC000600,16,,fim_semana,0.0,0.0,0.01,0.0,0.0,normal,normal,alta,8,historico fim_semana,4.0
I14JC000600,17,,fim_semana,0.0,0.0,0.01,0.0,0.0,normal,normal,alta,8,historico fim_semana,4.0
I14JC000600,18,,fim_semana,0.0,0.0,0.01,0.0,0.0,normal,normal,alta,8,historico fim_semana,4.0
I14JC000600,19,,fim_semana,0.0,0.0,0.01,0.0,0.0,normal,normal,alta,8,historico fim_semana,4.0
I14JC000600,20,,fim_semana,0.0,0.0,0.01,0.0,0.0,normal,normal,alta,8,historico fim_semana,4.0
I14JC000600,21,,fim_semana,0.0,0.0,0.01,0.0,0.0,normal,normal,alta,8,historico fim_semana,4.0
I14JC000600,22,,fim_semana,0.0,0.0,0.01,0.0,0.0,normal,normal,alta,8,historico fim_semana,4.0
I14JC000600,23,,fim_semana,0.0,0.0,0.01,0.0,0.0,normal,normal,alta,8,historico fim_semana,4.0
I14JC001558X,0,,fim_semana,0.0,0.0,0.01,0.0,0.0,normal,normal,alta,7,historico fim_semana,4.0
I14JC001558X,1,,fim_semana,0.0,0.0,0.01,0.0,0.0,normal,normal,alta,8,historico fim_semana,4.0
I14JC001558X,2,,fim_semana,0.0,0.0,0.01,0.0,0.0,normal,normal,alta,8,historico fim_semana,4.0
I14JC001558X,3,,fim_semana,0.0,0.0,0.01,0.0,0.0,normal,normal,alta,8,historico fim_semana,4.0
I14JC001558X,4,,fim_semana,0.0,0.0,0.01,0.0,0.0,normal,normal,alta,8,historico fim_semana,4.0
I14JC001558X,5,,fim_semana,0.0,0.0,0.01,0.0,0.0,normal,normal,alta,8,historico fim_semana,4.0
I14JC001558X,6,,fim_semana,0.0,0.0,0.01,0.0,0.0,normal,normal,alta,8,historico fim_semana,4.0
I14JC001558X,7,,fim_semana,0.0,0.0,0.01,0.0,0.0,normal,normal,alta,8,historico fim_semana,4.0
I14JC001558X,8,,fim_semana,0.0,0.0,0.01,0.0,0.0,normal,normal,alta,8,historico fim_semana,4.0
I14JC001558X,9,,fim_semana,0.0,0.0,0.01,0.0,0.0,normal,normal,alta,8,historico fim_semana,4.0
I14JC001558X,10,,fim_semana,0.0,0.0,0.01,0.0,0.0,normal,normal,alta,8,historico fim_semana,4.0
I14JC001558X,11,,fim_semana,0.0,0.0,0.01,0.0,0.0,normal,normal,alta,8,historico fim_semana,4.0
I14JC001558X,12,,fim_semana,0.0,0.0,0.01,0.0,0.0,normal,normal,alta,8,historico fim_semana,4.0
I14JC001558X,17,,fim_semana,0.0,0.0,0.01,0.0,0.0,normal,normal,alta,8,historico fim_semana,4.0
I14JC001558X,18,,fim_semana,0.0,0.0,0.01,0.0,0.0,normal,normal,alta,8,historico fim_semana,4.0
I14JC001558X,19,,fim_semana,0.0,0.0,0.01,0.0,0.0,normal,normal,alta,8,historico fim_semana,4.0
I14JC001558X,20,,fim_semana,0.0,0.0,0.01,0.0,0.0,normal,normal,alta,8,historico fim_semana,4.0
I14JC001558X,21,,fim_semana,0.0,0.0,0.01,0.0,0.0,normal,normal,alta,7,historico fim_semana,4.0
I14JC001558X,22,,fim_semana,0.0,0.0,0.01,0.0,0.0,normal,normal,alta,7,historico fim_semana,4.0
I14JC001558X,23,,fim_semana,0.0,0.0,0.01,0.0,0.0,normal,normal,alta,7,historico fim_semana,4.0
I14JC024663T,0,,fim_semana,0.0,0.0,0.01,0.0,0.0,normal,normal,alta,7,historico fim_semana,4.0
I14JC024663T,1,,fim_semana,0.0,0.0,0.01,0.0,0.0,normal,normal,alta,7,historico fim_semana,4.0
I14JC024663T,2,,fim_semana,0.0,0.0,0.01,0.0,0.0,normal,normal,alta,7,historico fim_semana,4.0
I14JC024663T,3,,fim_semana,0.0,0.0,0.01,0.0,0.0,normal,normal,alta,7,historico fim_semana,4.0
I14JC024663T,4,,fim_semana,0.0,0.0,0.01,0.0,0.0,normal,normal,alta,8,historico fim_semana,4.0
I14JC024663T,5,,fim_semana,0.0,0.0,0.01,0.0,0.0,normal,normal,alta,8,historico fim_semana,4.0
I14JC024663T,6,,fim_semana,0.0,0.0,0.01,0.0,0.0,normal,normal,alta,8,historico fim_semana,4.0
I14JC024663T,7,,fim_semana,0.0,0.0,0.01,0.0,0.0,normal,normal,alta,8,historico fim_semana,4.0
I14JC024663T,8,,fim_semana,0.0,0.0,0.01,0.0,0.0,normal,normal,alta,7,historico fim_semana,4.0
I14JC024663T,9,,fim_semana,0.0,0.0,0.01,0.0,0.0,normal,normal,alta,7,historico fim_semana,4.0
I14JC024663T,10,,fim_semana,0.0,0.0,0.01,0.0,0.0,normal,normal,alta,7,historico fim_semana,4.0
I14JC024663T,11,,fim_semana,0.0,0.0,0.01,0.0,0.0,normal,normal,alta,7,historico fim_semana,4.0
I14JC024663T,12,,fim_semana,0.0,0.0,0.01,0.0,0.0,normal,normal,alta,8,historico fim_semana,4.0
I14JC024663T,13,,fim_semana,0.0,0.0,0.01,0.0,0.0,normal,normal,alta,8,historico fim_semana,4.0
I14JC024663T,14,,fim_semana,0.0,0.0,0.01,0.0,0.0,normal,normal,alta,8,historico fim_semana,4.0
I14JC024663T,15,,fim_semana,0.0,0.0,0.01,0.0,0.0,normal,normal,alta,8,historico fim_semana,4.0
I14JC024663T,16,,fim_semana,0.0,0.0,0.01,0.0,0.0,normal,normal,alta,8,historico fim_semana,4.0
I14JC024663T,17,,fim_semana,0.0,0.0,0.01,0.0,0.0,normal,normal,alta,8,historico fim_semana,4.0
I14JC024663T,18,,fim_semana,0.0,0.0,0.01,0.0,0.0,normal,normal,alta,8,historico fim_semana,4.0
I14JC024663T,19,,fim_semana,0.0,0.0,0.01,0.0,0.0,normal,normal,alta,8,historico fim_semana,4.0
I14JC024663T,20,,fim_semana,0.0,0.0,0.01,0.0,0.0,normal,normal,alta,8,historico fim_semana,4.0
I14JC024663T,21,,fim_semana,0.0,0.0,0.01,0.0,0.0,normal,normal,alta,8,historico fim_semana,4.0
I14JC024663T,22,,fim_semana,0.0,0.0,0.01,0.0,0.0,normal,normal,alta,8,historico fim_semana,4.0
I14JC024663T,23,,fim_semana,0.0,0.0,0.01,0.0,0.0,normal,normal,alta,8,historico fim_semana,4.0
I14JC024664U,0,,fim_semana,0.0,0.0,0.01,0.0,0.0,normal,normal,alta,6,historico fim_semana,4.0
I14JC024664U,1,,fim_semana,0.0,0.0,0.01,0.0,0.0,normal,normal,alta,6,historico fim_semana,4.0
I14JC024664U,2,,fim_semana,0.0,0.0,0.01,0.0,0.0,normal,normal,alta,6,historico fim_semana,4.0
I14JC024664U,7,,fim_semana,0.0,0.0,0.01,0.0,0.0,normal,normal,alta,8,historico fim_semana,4.0
I14JC024664U,8,,fim_semana,0.0,0.0,0.01,0.0,0.0,normal,normal,alta,8,historico fim_semana,4.0
I14JC024664U,9,,fim_semana,0.0,0.0,0.01,0.0,0.0,normal,normal,alta,8,historico fim_semana,4.0
I14JC024664U,10,,fim_semana,0.0,0.0,0.01,0.0,0.0,normal,normal,alta,8,historico fim_semana,4.0
I14JC024664U,11,,fim_semana,0.0,0.0,0.01,0.0,0.0,normal,normal,baixa,4,historico fim_semana (poucos dados),4.0
I14JC024664U,12,,fim_semana,0.0,0.0,0.01,0.0,0.0,normal,normal,baixa,4,historico fim_semana (poucos dados),4.0
I14JC024664U,13,,fim_semana,0.0,0.0,0.01,0.0,0.0,normal,normal,baixa,4,historico fim_semana (poucos dados),4.0
I14JC024664U,14,,fim_semana,0.0,0.0,0.01,0.0,0.0,normal,normal,baixa,4,historico fim_semana (poucos dados),4.0
I14JC024664U,15,,fim_semana,0.0,0.0,0.01,0.0,0.0,normal,normal,alta,7,historico fim_semana,4.0
I14JC024664U,16,,fim_semana,0.0,0.0,0.01,0.0,0.0,normal,normal,alta,7,historico fim_semana,4.0
I14JC024664U,17,,fim_semana,0.0,0.0,0.01,0.0,0.0,normal,normal,alta,7,historico fim_semana,4.0
I14JC024664U,18,,fim_semana,0.0,0.0,0.01,0.0,0.0,normal,normal,alta,7,historico fim_semana,4.0
I14JC024664U,23,,fim_semana,0.0,0.0,0.01,0.0,0.0,normal,normal,alta,7,historico fim_semana,4.0
I14JC025288,0,,fim_semana,0.0,0.0,0.01,0.0,0.0,normal,normal,alta,7,historico fim_semana,4.0
I14JC025288,1,,fim_semana,0.0,0.0,0.01,0.0,0.0,normal,normal,alta,7,historico fim_semana,4.0
I14JC025288,2,,fim_semana,0.0,0.0,0.01,0.0,0.0,normal,normal,alta,7,historico fim_semana,4.0
I14JC025288,3,,fim_semana,0.0,0.0,0.01,0.0,0.0,normal,normal,alta,7,historico fim_semana,4.0
I14JC025288,4,,fim_semana,0.0,0.0,0.01,0.0,0.0,normal,normal,alta,7,historico fim_semana,4.0
I14JC025288,5,,fim_semana,0.0,0.0,0.01,0.0,0.0,normal,normal,alta,7,historico fim_semana,4.0
I14JC025288,6,,fim_semana,0.0,0.0,0.01,0.0,0.0,normal,normal,alta,7,historico fim_semana,4.0
I14JC025288,7,,fim_semana,0.0,0.0,0.01,0.0,0.0,normal,normal,alta,7,historico fim_semana,4.0
I14JC025288,8,,fim_semana,0.0,0.0,0.01,0.0,0.0,normal,normal,alta,8,historico fim_semana,4.0
I14JC025288,9,,fim_semana,0.0,0.0,0.01,0.0,0.0,normal,normal,alta,8,historico fim_semana,4.0
I14JC025288,10,,fim_semana,0.0,0.0,0.01,0.0,0.0,normal,normal,alta,8,historico fim_semana,4.0
I14JC025288,11,,fim_semana,0.0,0.0,0.01,0.0,0.0,normal,normal,alta,8,historico fim_semana,4.0
I14JC025288,12,,fim_semana,0.0,0.0,0.01,0.0,0.0,normal,normal,alta,7,historico fim_semana,4.0
I14JC025288,13,,fim_semana,0.0,0.0,0.01,0.0,0.0,normal,normal,alta,7,historico fim_semana,4.0
I14JC025288,14,,fim_semana,0.0,0.0,0.01,0.0,0.0,normal,normal,alta,7,historico fim_semana,4.0
I14JC025288,15,,fim_semana,0.0,0.0,0.01,0.0,0.0,normal,normal,alta,7,historico fim_semana,4.0
I14JC025288,16,,fim_semana,0.0,0.0,0.01,0.0,0.0,normal,normal,alta,6,historico fim_semana,4.0
I14JC025288,17,,fim_semana,0.0,0.0,0.01,0.0,0.0,normal,normal,alta,6,historico fim_semana,4.0
I14JC025288,18,,fim_semana,0.0,0.0,0.01,0.0,0.0,normal,normal,alta,6,historico fim_semana,4.0
I14JC025288,19,,fim_semana,0.0,0.0,0.01,0.0,0.0,normal,normal,alta,6,historico fim_semana,4.0
I14JC025288,20,,fim_semana,0.0,0.0,0.01,0.0,0.0,normal,normal,alta,7,historico fim_semana,4.0
I14JC025288,21,,fim_semana,0.0,0.0,0.01,0.0,0.0,normal,normal,alta,7,historico fim_semana,4.0
I14JC025288,22,,fim_semana,0.0,0.0,0.01,0.0,0.0,normal,normal,alta,7,historico fim_semana,4.0
I14JC025288,23,,fim_semana,0.0,0.0,0.01,0.0,0.0,normal,normal,alta,7,historico fim_semana,4.0
I14JC032911,0,,fim_semana,0.0,0.0,0.01,0.0,0.0,normal,normal,alta,7,historico fim_semana,4.0
I14JC032911,1,,fim_semana,0.0,0.0,0.01,0.0,0.0,normal,normal,alta,7,historico fim_semana,4.0
I14JC032911,2,,fim_semana,0.0,0.0,0.01,0.0,0.0,normal,normal,alta,7,historico fim_semana,4.0
I14JC032911,3,,fim_semana,0.0,0.0,0.01,0.0,0.0,normal,normal,alta,7,historico fim_semana,4.0
I14JC032911,4,,fim_semana,0.0,0.0,0.01,0.0,0.0,normal,normal,alta,8,historico fim_semana,4.0
I14JC032911,5,,fim_semana,0.0,0.0,0.01,0.0,0.0,normal,normal,alta,8,historico fim_semana,4.0
I14JC032911,6,,fim_semana,0.0,0.0,0.01,0.0,0.0,normal,normal,alta,8,historico fim_semana,4.0
I14JC032911,7,,fim_semana,0.0,0.0,0.01,0.0,0.0,normal,normal,alta,8,historico fim_semana,4.0
I14JC032911,8,,fim_semana,0.0,0.0,0.01,0.0,0.0,normal,normal,alta,7,historico fim_semana,4.0
I14JC032911,9,,fim_semana,0.0,0.0,0.01,0.0,0.0,normal,normal,alta,7,historico fim_semana,4.0
I14JC032911,10,,fim_semana,0.0,0.0,0.01,0.0,0.0,normal,normal,alta,7,historico fim_semana,4.0
I14JC032911,11,,fim_semana,0.0,0.0,0.01,0.0,0.0,normal,normal,alta,7,historico fim_semana,4.0
I14JC032911,12,,fim_semana,0.0,0.0,0.01,0.0,0.0,normal,normal,alta,8,historico fim_semana,4.0
I14JC032911,13,,fim_semana,0.0,0.0,0.01,0.0,0.0,normal,normal,alta,8,historico fim_semana,4.0
I14JC032911,14,,fim_semana,0.0,0.0,0.01,0.0,0.0,normal,normal,alta,8,historico fim_semana,4.0
I14JC032911,15,,fim_semana,0.0,0.0,0.01,0.0,0.0,normal,normal,alta,8,historico fim_semana,4.0
I14JC032911,16,,fim_semana,0.0,0.0,0.01,0.0,0.0,normal,normal,alta,8,historico fim_semana,4.0
I14JC032911,17,,fim_semana,0.0,0.0,0.01,0.0,0.0,normal,normal,alta,8,historico fim_semana,4.0
I14JC032911,18,,fim_semana,0.0,0.0,0.01,0.0,0.0,normal,normal,alta,8,historico fim_semana,4.0
I14JC032911,19,,fim_semana,0.0,0.0,0.01,0.0,0.0,normal,normal,alta,8,historico fim_semana,4.0
I14JC032911,20,,fim_semana,0.0,0.0,0.01,0.0,0.0,normal,normal,alta,7,historico fim_semana,4.0
I14JC032911,21,,fim_semana,0.0,0.0,0.01,0.0,0.0,normal,normal,alta,7,historico fim_semana,4.0
I14JC032911,22,,fim_semana,0.0,0.0,0.01,0.0,0.0,normal,normal,alta,7,historico fim_semana,4.0
I14JC032911,23,,fim_semana,0.0,0.0,0.01,0.0,0.0,normal,normal,alta,7,historico fim_semana,4.0
I14JE002614G,0,,fim_semana,0.0,0.0,0.01,0.0,0.0,normal,normal,alta,7,historico fim_semana,4.0
I14JE002614G,1,,fim_semana,0.0,0.0,0.01,0.0,0.0,normal,normal,alta,8,historico fim_semana,4.0
I14JE002614G,2,,fim_semana,0.0,0.0,0.01,0.0,0.0,normal,normal,alta,8,historico fim_semana,4.0
I14JE002614G,3,,fim_semana,0.0,0.0,0.01,0.0,0.0,normal,normal,alta,8,historico fim_semana,4.0
I14JE002614G,4,,fim_semana,0.0,0.0,0.01,0.0,0.0,normal,normal,alta,7,historico fim_semana,4.0
I14JE002614G,5,,fim_semana,0.0,0.0,0.01,0.0,0.0,normal,normal,alta,7,historico fim_semana,4.0
I14JE002614G,6,,fim_semana,0.0,0.0,0.01,0.0,0.0,normal,normal,alta,7,historico fim_semana,4.0
I14JE002614G,7,,fim_semana,0.0,0.0,0.01,0.0,0.0,normal,normal,alta,7,historico fim_semana,4.0
I14JE002614G,8,,fim_semana,0.0,0.0,0.01,0.0,0.0,normal,normal,alta,5,historico fim_semana,4.0
I14JE002614G,9,,fim_semana,0.0,0.0,0.01,0.0,0.0,normal,normal,alta,5,historico fim_semana,4.0
I14JE002614G,10,,fim_semana,0.0,0.0,0.01,0.0,0.0,normal,normal,alta,5,historico fim_semana,4.0
I14JE002614G,11,,fim_semana,0.0,0.0,0.01,0.0,0.0,normal,normal,alta,5,historico fim_semana,4.0
I14JE002614G,12,,fim_semana,0.0,0.0,0.01,0.0,0.0,normal,normal,alta,7,historico fim_semana,4.0
I14JE002614G,13,,fim_semana,0.0,0.0,0.01,0.0,0.0,normal,normal,alta,7,historico fim_semana,4.0
I14JE002614G,14,,fim_semana,0.0,0.0,0.01,0.0,0.0,normal,normal,alta,7,historico fim_semana,4.0
I14JE002614G,15,,fim_semana,0.0,0.0,0.01,0.0,0.0,normal,normal,alta,7,historico fim_semana,4.0
I14JE002614G,16,,fim_semana,0.0,0.0,0.01,0.0,0.0,normal,normal,alta,8,historico fim_semana,4.0
I14JE002614G,17,,fim_semana,0.0,0.0,0.01,0.0,0.0,normal,normal,alta,8,historico fim_semana,4.0
I14JE002614G,18,,fim_semana,0.0,0.0,0.01,0.0,0.0,normal,normal,alta,8,historico fim_semana,4.0
I14JE002614G,19,,fim_semana,0.0,0.0,0.01,0.0,0.0,normal,normal,alta,8,historico fim_semana,4.0
I14JE002614G,20,,fim_semana,0.0,0.0,0.01,0.0,0.0,normal,normal,alta,7,historico fim_semana,4.0
I14JE002614G,21,,fim_semana,0.0,0.0,0.01,0.0,0.0,normal,normal,alta,7,historico fim_semana,4.0
I14JE002614G,22,,fim_semana,0.0,0.0,0.01,0.0,0.0,normal,normal,alta,7,historico fim_semana,4.0
I14JE002614G,23,,fim_semana,0.0,0.0,0.01,0.0,0.0,normal,normal,alta,7,historico fim_semana,4.0
I14JE002622G,0,,fim_semana,0.0,0.0,0.01,0.0,0.0,normal,normal,alta,8,historico fim_semana,4.0
I14JE002622G,1,,fim_semana,0.0,0.0,0.01,0.0,0.0,normal,normal,alta,8,historico fim_semana,4.0
I14JE002622G,2,,fim_semana,0.0,0.0,0.01,0.0,0.0,normal,normal,alta,8,historico fim_semana,4.0
I14JE002622G,3,,fim_semana,0.0,0.0,0.01,0.0,0.0,normal,normal,alta,8,historico fim_semana,4.0
I14JE002622G,4,,fim_semana,0.0,0.0,0.01,0.0,0.0,normal,normal,alta,8,historico fim_semana,4.0
I14JE002622G,5,,fim_semana,0.0,0.0,0.01,0.0,0.0,normal,normal,alta,8,historico fim_semana,4.0
I14JE002622G,6,,fim_semana,0.0,0.0,0.01,0.0,0.0,normal,normal,alta,8,historico fim_semana,4.0
I14JE002622G,7,,fim_semana,0.0,0.0,0.01,0.0,0.0,normal,normal,alta,8,historico fim_semana,4.0
I14JE002622G,8,,fim_semana,0.0,0.0,0.01,0.0,0.0,normal,normal,alta,8,historico fim_semana,4.0
I14JE002622G,9,,fim_semana,0.0,0.0,0.01,0.0,0.0,normal,normal,alta,8,historico fim_semana,4.0
I14JE002622G,10,,fim_semana,0.0,0.0,0.01,0.0,0.0,normal,normal,alta,8,historico fim_semana,4.0
I14JE002622G,11,,fim_semana,0.0,0.0,0.01,0.0,0.0,normal,normal,alta,8,historico fim_semana,4.0
I14JE002622G,12,,fim_semana,0.0,0.0,0.01,0.0,0.0,normal,normal,alta,8,historico fim_semana,4.0
I14JE002622G,13,,fim_semana,0.0,0.0,0.01,0.0,0.0,normal,normal,alta,8,historico fim_semana,4.0
I14JE002622G,14,,fim_semana,0.0,0.0,0.01,0.0,0.0,normal,normal,alta,8,historico fim_semana,4.0
I14JE002622G,15,,fim_semana,0.0,0.0,0.01,0.0,0.0,normal,normal,alta,8,historico fim_semana,4.0
I14JE002622G,16,,fim_semana,0.0,0.0,0.01,0.0,0.0,normal,normal,alta,8,historico fim_semana,4.0
I14JE002622G,17,,fim_semana,0.0,0.0,0.01,0.0,0.0,normal,normal,alta,8,historico fim_semana,4.0
I14JE002622G,18,,fim_semana,0.0,0.0,0.01,0.0,0.0,normal,normal,alta,8,historico fim_semana,4.0
I14JE002622G,19,,fim_semana,0.0,0.0,0.01,0.0,0.0,normal,normal,alta,8,historico fim_semana,4.0
I14JE002622G,20,,fim_semana,0.0,0.0,0.01,0.0,0.0,normal,normal,alta,8,historico fim_semana,4.0
I14JE002622G,21,,fim_semana,0.0,0.0,0.01,0.0,0.0,normal,normal,alta,8,historico fim_semana,4.0
I14JE002622G,22,,fim_semana,0.0,0.0,0.01,0.0,0.0,normal,normal,alta,8,historico fim_semana,4.0
I14JE002622G,23,,fim_semana,0.0,0.0,0.01,0.0,0.0,normal,normal,alta,8,historico fim_semana,4.0
I15JC065279,1,,fim_semana,0.0,0.0,0.01,0.0,0.0,normal,normal,alta,6,historico fim_semana,4.0
I15JC065279,2,,fim_semana,0.0,0.0,0.01,0.0,0.0,normal,normal,alta,6,historico fim_semana,4.0
I15JC065279,3,,fim_semana,0.0,0.0,0.01,0.0,0.0,normal,normal,alta,6,historico fim_semana,4.0
I15JC065279,4,,fim_semana,0.0,0.0,0.01,0.0,0.0,normal,normal,alta,6,historico fim_semana,4.0
I15JC065279,5,,fim_semana,0.0,0.0,0.01,0.0,0.0,normal,normal,alta,8,historico fim_semana,4.0
I15JC065279,6,,fim_semana,0.0,0.0,0.01,0.0,0.0,normal,normal,alta,8,historico fim_semana,4.0
I15JC065279,7,,fim_semana,0.0,0.0,0.01,0.0,0.0,normal,normal,alta,8,historico fim_semana,4.0
I15JC065279,8,,fim_semana,0.0,0.0,0.01,0.0,0.0,normal,normal,alta,8,historico fim_semana,4.0
I15JC065279,9,,fim_semana,0.0,0.0,0.01,0.0,0.0,normal,normal,alta,8,historico fim_semana,4.0
I15JC065279,10,,fim_semana,0.0,0.0,0.01,0.0,0.0,normal,normal,alta,8,historico fim_semana,4.0
I15JC065279,11,,fim_semana,0.0,0.0,0.01,0.0,0.0,normal,normal,alta,8,historico fim_semana,4.0
I15JC065279,12,,fim_semana,0.0,0.0,0.01,0.0,0.0,normal,normal,alta,8,historico fim_semana,4.0
I15JC065279,13,,fim_semana,0.0,0.0,0.01,0.0,0.0,normal,normal,alta,8,historico fim_semana,4.0
I15JC065279,14,,fim_semana,0.0,0.0,0.01,0.0,0.0,normal,normal,alta,8,historico fim_semana,4.0
I15JC065279,15,,fim_semana,0.0,0.0,0.01,0.0,0.0,normal,normal,alta,8,historico fim_semana,4.0
I15JC065279,16,,fim_semana,0.0,0.0,0.01,0.0,0.0,normal,normal,alta,8,historico fim_semana,4.0
I15JC065279,17,,fim_semana,0.0,0.0,0.01,0.0,0.0,normal,normal,alta,7,historico fim_semana,4.0
I15JC065279,18,,fim_semana,0.0,0.0,0.01,0.0,0.0,normal,normal,alta,7,historico fim_semana,4.0
I15JC065279,19,,fim_semana,0.0,0.0,0.01,0.0,0.0,normal,normal,alta,7,historico fim_semana,4.0
I15JC065279,20,,fim_semana,0.0,0.0,0.01,0.0,0.0,normal,normal,alta,7,historico fim_semana,4.0
I15JC065279,21,,fim_semana,0.0,0.0,0.01,0.0,0.0,normal,normal,alta,7,historico fim_semana,4.0
I15JC065279,22,,fim_semana,0.0,0.0,0.01,0.0,0.0,normal,normal,alta,7,historico fim_semana,4.0
I15JC065279,23,,fim_semana,0.0,0.0,0.01,0.0,0.0,normal,normal,alta,7,historico fim_semana,4.0
I16JC097380,0,,fim_semana,0.0,0.0,0.01,0.0,0.0,normal,normal,alta,7,historico fim_semana,4.0
I16JC097380,1,,fim_semana,0.0,0.0,0.01,0.0,0.0,normal,normal,alta,7,historico fim_semana,4.0
I16JC097380,2,,fim_semana,0.0,0.0,0.01,0.0,0.0,normal,normal,alta,8,historico fim_semana,4.0
I16JC097380,3,,fim_semana,0.0,0.0,0.01,0.0,0.0,normal,normal,alta,8,historico fim_semana,4.0
I16JC097380,4,,fim_semana,0.0,0.0,0.01,0.0,0.0,normal,normal,alta,8,historico fim_semana,4.0
I16JC097380,5,,fim_semana,0.0,0.0,0.01,0.0,0.0,normal,normal,alta,8,historico fim_semana,4.0
I16JC097380,6,,fim_semana,0.0,0.0,0.01,0.0,0.0,normal,normal,alta,8,historico fim_semana,4.0
I16JC097380,7,,fim_semana,0.0,0.0,0.01,0.0,0.0,normal,normal,alta,8,historico fim_semana,4.0
I16JC097380,8,,fim_semana,0.0,0.0,0.01,0.0,0.0,normal,normal,alta,8,historico fim_semana,4.0
I16JC097380,9,,fim_semana,0.0,0.0,0.01,0.0,0.0,normal,normal,alta,8,historico fim_semana,4.0
I16JC097380,10,,fim_semana,0.0,0.0,0.01,0.0,0.0,normal,normal,alta,5,historico fim_semana,4.0
I16JC097380,11,,fim_semana,0.0,0.0,0.01,0.0,0.0,normal,normal,alta,5,historico fim_semana,4.0
I16JC097380,12,,fim_semana,0.0,0.0,0.01,0.0,0.0,normal,normal,alta,5,historico fim_semana,4.0
I16JC097380,13,,fim_semana,0.0,0.0,0.01,0.0,0.0,normal,normal,alta,5,historico fim_semana,4.0
I16JC097380,14,,fim_semana,0.0,0.0,0.01,0.0,0.0,normal,normal,alta,8,historico fim_semana,4.0
I16JC097380,15,,fim_semana,0.0,0.0,0.01,0.0,0.0,normal,normal,alta,8,historico fim_semana,4.0
I16JC097380,16,,fim_semana,0.0,0.0,0.01,0.0,0.0,normal,normal,alta,8,historico fim_semana,4.0
I16JC097380,17,,fim_semana,0.0,0.0,0.01,0.0,0.0,normal,normal,alta,8,historico fim_semana,4.0
I16JC097380,18,,fim_semana,0.0,0.0,0.01,0.0,0.0,normal,normal,alta,8,historico fim_semana,4.0
I16JC097380,19,,fim_semana,0.0,0.0,0.01,0.0,0.0,normal,normal,alta,8,historico fim_semana,4.0
I16JC097380,20,,fim_semana,0.0,0.0,0.01,0.0,0.0,normal,normal,alta,8,historico fim_semana,4.0
I16JC097380,21,,fim_semana,0.0,0.0,0.01,0.0,0.0,normal,normal,alta,8,historico fim_semana,4.0
I16JC097380,22,,fim_semana,0.0,0.0,0.01,0.0,0.0,normal,normal,alta,6,historico fim_semana,4.0
I16JC097380,23,,fim_semana,0.0,0.0,0.01,0.0,0.0,normal,normal,alta,6,historico fim_semana,4.0
I16JC098524,0,,fim_semana,0.0,0.0006,0.01,-0.06,-0.06,normal,normal,alta,8,historico fim_semana,4.0
I16JC098524,1,,fim_semana,0.0,0.0006,0.01,-0.06,-0.06,normal,normal,alta,8,historico fim_semana,4.0
I16JC098524,2,,fim_semana,0.0,0.0005,0.01,-0.05,-0.05,normal,normal,alta,8,historico fim_semana,4.0
I16JC098524,3,,fim_semana,0.0,0.0005,0.01,-0.05,-0.05,normal,normal,alta,8,historico fim_semana,4.0
I16JC098524,4,,fim_semana,0.0,0.0005,0.01,-0.05,-0.05,normal,normal,alta,8,historico fim_semana,4.0
I16JC098524,5,,fim_semana,0.0,0.0004,0.01,-0.04,-0.04,normal,normal,alta,8,historico fim_semana,4.0
I16JC098524,6,,fim_semana,0.0,0.0005,0.01,-0.05,-0.05,normal,normal,alta,8,historico fim_semana,4.0
I16JC098524,7,,fim_semana,0.0,0.0005,0.01,-0.05,-0.05,normal,normal,alta,8,historico fim_semana,4.0
I16JC098524,8,,fim_semana,0.0,0.0106,0.0285,-0.37,-0.37,normal,normal,alta,8,historico fim_semana,4.0
I16JC098524,9,,fim_semana,0.0,0.0048,0.0119,-0.4,-0.4,normal,normal,alta,8,historico fim_semana,4.0
I16JC098524,10,,fim_semana,0.0,0.008,0.0211,-0.38,-0.38,normal,normal,alta,8,historico fim_semana,4.0
I16JC098524,11,,fim_semana,0.0,0.01,0.0267,-0.37,-0.37,normal,normal,alta,8,historico fim_semana,4.0
I16JC098524,12,,fim_semana,0.0,0.0008,0.01,-0.07,-0.07,normal,normal,alta,8,historico fim_semana,4.0
I16JC098524,13,,fim_semana,0.0,0.0008,0.01,-0.07,-0.07,normal,normal,alta,8,historico fim_semana,4.0
I16JC098524,14,,fim_semana,0.0,0.0006,0.01,-0.06,-0.06,normal,normal,alta,8,historico fim_semana,4.0
I16JC098524,15,,fim_semana,0.0,0.0006,0.01,-0.06,-0.06,normal,normal,alta,8,historico fim_semana,4.0
I16JC098524,16,,fim_semana,0.0,0.0006,0.01,-0.06,-0.06,normal,normal,alta,8,historico fim_semana,4.0
I16JC098524,17,,fim_semana,0.0,0.0006,0.01,-0.06,-0.06,normal,normal,alta,8,historico fim_semana,4.0
I16JC098524,18,,fim_semana,0.0,0.0005,0.01,-0.05,-0.05,normal,normal,alta,8,historico fim_semana,4.0
I16JC098524,19,,fim_semana,0.0,0.0006,0.01,-0.06,-0.06,normal,normal,alta,8,historico fim_semana,4.0
I16JC098524,20,,fim_semana,0.0,0.0005,0.01,-0.05,-0.05,normal,normal,alta,8,historico fim_semana,4.0
I16JC098524,21,,fim_semana,0.0,0.0006,0.01,-0.06,-0.06,normal,normal,alta,8,historico fim_semana,4.0
I16JC098524,22,,fim_semana,0.0,0.001,0.01,-0.1,-0.1,normal,normal,alta,6,historico fim_semana,4.0
I16JC098524,23,,fim_semana,0.0,0.0006,0.01,-0.06,-0.06,normal,normal,alta,8,historico fim_semana,4.0
I16JC098541,0,,fim_semana,0.0,0.0,0.01,0.0,0.0,normal,normal,alta,7,historico fim_semana,4.0
I16JC098541,1,,fim_semana,0.0,0.0,0.01,0.0,0.0,normal,normal,alta,7,historico fim_semana,4.0
I16JC098541,2,,fim_semana,0.0,0.0,0.01,0.0,0.0,normal,normal,alta,7,historico fim_semana,4.0
I16JC098541,3,,fim_semana,0.0,0.0,0.01,0.0,0.0,normal,normal,alta,7,historico fim_semana,4.0
I16JC098541,4,,fim_semana,0.0,0.0,0.01,0.0,0.0,normal,normal,alta,7,historico fim_semana,4.0
I16JC098541,5,,fim_semana,0.0,0.0,0.01,0.0,0.0,normal,normal,alta,8,historico fim_semana,4.0
I16JC098541,6,,fim_semana,0.0,0.0,0.01,0.0,0.0,normal,normal,alta,8,historico fim_semana,4.0
I16JC098541,7,,fim_semana,0.0,0.0,0.01,0.0,0.0,normal,normal,alta,8,historico fim_semana,4.0
I16JC098541,8,,fim_semana,0.0,0.0,0.01,0.0,0.0,normal,normal,alta,8,historico fim_semana,4.0
I16JC098541,9,,fim_semana,0.0,0.0,0.01,0.0,0.0,normal,normal,alta,6,historico fim_semana,4.0
I16JC098541,10,,fim_semana,0.0,0.0,0.01,0.0,0.0,normal,normal,alta,6,historico fim_semana,4.0
I16JC098541,11,,fim_semana,0.0,0.0,0.01,0.0,0.0,normal,normal,alta,6,historico fim_semana,4.0
I16JC098541,12,,fim_semana,0.0,0.0,0.01,0.0,0.0,normal,normal,alta,6,historico fim_semana,4.0
I16JC098541,13,,fim_semana,0.0,0.0,0.01,0.0,0.0,normal,normal,alta,8,historico fim_semana,4.0
I16JC098541,14,,fim_semana,0.0,0.0,0.01,0.0,0.0,normal,normal,alta,8,historico fim_semana,4.0
I16JC098541,15,,fim_semana,0.0,0.0,0.01,0.0,0.0,normal,normal,alta,8,historico fim_semana,4.0
I16JC098541,16,,fim_semana,0.0,0.0,0.01,0.0,0.0,normal,normal,alta,8,historico fim_semana,4.0
I16JC098541,17,,fim_semana,0.0,0.0,0.01,0.0,0.0,normal,normal,alta,8,historico fim_semana,4.0
I16JC098541,18,,fim_semana,0.0,0.0,0.01,0.0,0.0,normal,normal,alta,8,historico fim_semana,4.0
I16JC098541,19,,fim_semana,0.0,0.0,0.01,0.0,0.0,normal,normal,alta,8,historico fim_semana,4.0
I16JC098541,20,,fim_semana,0.0,0.0,0.01,0.0,0.0,normal,normal,alta,8,historico fim_semana,4.0
I16JC098541,21,,fim_semana,0.0,0.0,0.01,0.0,0.0,normal,normal,alta,6,historico fim_semana,4.0
I16JC098541,22,,fim_semana,0.0,0.0,0.01,0.0,0.0,normal,normal,alta,6,historico fim_semana,4.0
I16JC098541,23,,fim_semana,0.0,0.0,0.01,0.0,0.0,normal,normal,alta,6,historico fim_semana,4.0
I17JC061030,0,,fim_semana,0.0,0.0,0.01,0.0,0.0,normal,normal,alta,6,historico fim_semana,4.0
I17JC061030,1,,fim_semana,0.0,0.0,0.01,0.0,0.0,normal,normal,alta,7,historico fim_semana,4.0
I17JC061030,2,,fim_semana,0.0,0.0,0.01,0.0,0.0,normal,normal,alta,7,historico fim_semana,4.0
I17JC061030,3,,fim_semana,0.0,0.0,0.01,0.0,0.0,normal,normal,alta,7,historico fim_semana,4.0
I17JC061030,4,,fim_semana,0.0,0.0,0.01,0.0,0.0,normal,normal,alta,7,historico fim_semana,4.0
I17JC061030,5,,fim_semana,0.0,0.0,0.01,0.0,0.0,normal,normal,alta,8,historico fim_semana,4.0
I17JC061030,6,,fim_semana,0.0,0.0,0.01,0.0,0.0,normal,normal,alta,8,historico fim_semana,4.0
I17JC061030,7,,fim_semana,0.0,0.0,0.01,0.0,0.0,normal,normal,alta,8,historico fim_semana,4.0
I17JC061030,8,,fim_semana,0.0,0.0,0.01,0.0,0.0,normal,normal,alta,8,historico fim_semana,4.0
I17JC061030,9,,fim_semana,0.0,0.0,0.01,0.0,0.0,normal,normal,alta,8,historico fim_semana,4.0
I17JC061030,10,,fim_semana,0.0,0.0,0.01,0.0,0.0,normal,normal,alta,8,historico fim_semana,4.0
I17JC061030,11,,fim_semana,0.0,0.0,0.01,0.0,0.0,normal,normal,alta,8,historico fim_semana,4.0
I17JC061030,12,,fim_semana,0.0,0.0,0.01,0.0,0.0,normal,normal,alta,8,historico fim_semana,4.0
I17JC061030,13,,fim_semana,0.0,0.0,0.01,0.0,0.0,normal,normal,alta,8,historico fim_semana,4.0
I17JC061030,14,,fim_semana,0.0,0.0,0.01,0.0,0.0,normal,normal,alta,8,historico fim_semana,4.0
I17JC061030,15,,fim_semana,0.0,0.0,0.01,0.0,0.0,normal,normal,alta,8,historico fim_semana,4.0
I17JC061030,16,,fim_semana,0.0,0.0,0.01,0.0,0.0,normal,normal,alta,8,historico fim_semana,4.0
I17JC061030,17,,fim_semana,0.0,0.0,0.01,0.0,0.0,normal,normal,alta,8,historico fim_semana,4.0
I17JC061030,18,,fim_semana,0.0,0.0,0.01,0.0,0.0,normal,normal,alta,8,historico fim_semana,4.0
I17JC061030,19,,fim_semana,0.0,0.0,0.01,0.0,0.0,normal,normal,alta,8,historico fim_semana,4.0
I17JC061030,20,,fim_semana,0.0,0.0,0.01,0.0,0.0,normal,normal,alta,8,historico fim_semana,4.0
I17JC061030,21,,fim_semana,0.0,0.0,0.01,0.0,0.0,normal,normal,alta,7,historico fim_semana,4.0
I17JC061030,22,,fim_semana,0.0,0.0,0.01,0.0,0.0,normal,normal,alta,7,historico fim_semana,4.0
I17JC061030,23,,fim_semana,0.0,0.0,0.01,0.0,0.0,normal,normal,alta,7,historico fim_semana,4.0
I17JC061031,0,,fim_semana,0.0,0.0,0.01,0.0,0.0,normal,normal,alta,6,historico fim_semana,4.0
I17JC061031,1,,fim_semana,0.0,0.0,0.01,0.0,0.0,normal,normal,alta,6,historico fim_semana,4.0
I17JC061031,2,,fim_semana,0.0,0.0,0.01,0.0,0.0,normal,normal,alta,6,historico fim_semana,4.0
I17JC061031,3,,fim_semana,0.0,0.0,0.01,0.0,0.0,normal,normal,alta,7,historico fim_semana,4.0
I17JC061031,4,,fim_semana,0.0,0.0,0.01,0.0,0.0,normal,normal,alta,7,historico fim_semana,4.0
I17JC061031,5,,fim_semana,0.0,0.0,0.01,0.0,0.0,normal,normal,alta,7,historico fim_semana,4.0
I17JC061031,6,,fim_semana,0.0,0.0,0.01,0.0,0.0,normal,normal,alta,7,historico fim_semana,4.0
I17JC061031,7,,fim_semana,0.0,0.0,0.01,0.0,0.0,normal,normal,alta,7,historico fim_semana,4.0
I17JC061031,8,,fim_semana,0.0,0.0,0.01,0.0,0.0,normal,normal,alta,7,historico fim_semana,4.0
I17JC061031,9,,fim_semana,0.0,0.0,0.01,0.0,0.0,normal,normal,alta,7,historico fim_semana,4.0
I17JC061031,10,,fim_semana,0.0,0.0,0.01,0.0,0.0,normal,normal,alta,7,historico fim_semana,4.0
I17JC061031,11,,fim_semana,0.0,0.0,0.01,0.0,0.0,normal,normal,alta,5,historico fim_semana,4.0
I17JC061031,12,,fim_semana,0.0,0.0,0.01,0.0,0.0,normal,normal,alta,5,historico fim_semana,4.0
I17JC061031,13,,fim_semana,0.0,0.0,0.01,0.0,0.0,normal,normal,alta,5,historico fim_semana,4.0
I17JC061031,14,,fim_semana,0.0,0.0,0.01,0.0,0.0,normal,normal,alta,5,historico fim_semana,4.0
I17JC061031,15,,fim_semana,0.0,0.0,0.01,0.0,0.0,normal,normal,alta,7,historico fim_semana,4.0
I17JC061031,16,,fim_semana,0.0,0.0,0.01,0.0,0.0,normal,normal,alta,7,historico fim_semana,4.0
I17JC061031,17,,fim_semana,0.0,0.0,0.01,0.0,0.0,normal,normal,alta,7,historico fim_semana,4.0
I17JC061031,18,,fim_semana,0.0,0.0,0.01,0.0,0.0,normal,normal,alta,7,historico fim_semana,4.0
I17JC061031,19,,fim_semana,0.0,0.0,0.01,0.0,0.0,normal,normal,alta,8,historico fim_semana,4.0
I17JC061031,20,,fim_semana,0.0,0.0,0.01,0.0,0.0,normal,normal,alta,8,historico fim_semana,4.0
I17JC061031,21,,fim_semana,0.0,0.0,0.01,0.0,0.0,normal,normal,alta,8,historico fim_semana,4.0
I17JC061031,22,,fim_semana,0.0,0.0,0.01,0.0,0.0,normal,normal,alta,8,historico fim_semana,4.0
I17JC061031,23,,fim_semana,0.0,0.0,0.01,0.0,0.0,normal,normal,alta,5,historico fim_semana,4.0
I17JC061038,0,,fim_semana,0.0,0.0,0.01,0.0,0.0,normal,normal,alta,7,historico fim_semana,4.0
I17JC061038,1,,fim_semana,0.0,0.0,0.01,0.0,0.0,normal,normal,alta,7,historico fim_semana,4.0
I17JC061038,2,,fim_semana,0.0,0.0,0.01,0.0,0.0,normal,normal,alta,7,historico fim_semana,4.0
I17JC061038,7,,fim_semana,0.0,0.0,0.01,0.0,0.0,normal,normal,alta,6,historico fim_semana,4.0
I17JC061038,8,,fim_semana,0.0,0.0,0.01,0.0,0.0,normal,normal,alta,7,historico fim_semana,4.0
I17JC061038,9,,fim_semana,0.0,0.0,0.01,0.0,0.0,normal,normal,alta,7,historico fim_semana,4.0
I17JC061038,10,,fim_semana,0.0,0.0,0.01,0.0,0.0,normal,normal,alta,7,historico fim_semana,4.0
I17JC061038,11,,fim_semana,0.0,0.0,0.01,0.0,0.0,normal,normal,alta,6,historico fim_semana,4.0
I17JC061038,12,,fim_semana,0.0,0.0,0.01,0.0,0.0,normal,normal,alta,6,historico fim_semana,4.0
I17JC061038,13,,fim_semana,0.0,0.0,0.01,0.0,0.0,normal,normal,alta,6,historico fim_semana,4.0
I17JC061038,14,,fim_semana,0.0,0.0,0.01,0.0,0.0,normal,normal,alta,6,historico fim_semana,4.0
I17JC061038,15,,fim_semana,0.0,0.0,0.01,0.0,0.0,normal,normal,alta,7,historico fim_semana,4.0
I17JC061038,16,,fim_semana,0.0,0.0,0.01,0.0,0.0,normal,normal,alta,7,historico fim_semana,4.0
I17JC061038,17,,fim_semana,0.0,0.0,0.01,0.0,0.0,normal,normal,alta,7,historico fim_semana,4.0
I17JC061038,18,,fim_semana,0.0,0.0,0.01,0.0,0.0,normal,normal,alta,7,historico fim_semana,4.0
I17JC061038,19,,fim_semana,0.0,0.0,0.01,0.0,0.0,normal,normal,alta,5,historico fim_semana,4.0
I17JC061038,20,,fim_semana,0.0,0.0,0.01,0.0,0.0,normal,normal,alta,5,historico fim_semana,4.0
I17JC061038,21,,fim_semana,0.0,0.0,0.01,0.0,0.0,normal,normal,alta,5,historico fim_semana,4.0
I17JC061038,22,,fim_semana,0.0,0.0,0.01,0.0,0.0,normal,normal,alta,5,historico fim_semana,4.0
I17JC061038,23,,fim_semana,0.0,0.0,0.01,0.0,0.0,normal,normal,alta,6,historico fim_semana,4.0
I17JE060870R,0,,fim_semana,0.0,0.0017,0.01,-0.17,-0.17,normal,normal,alta,8,historico fim_semana,4.0
I17JE060870R,1,,fim_semana,0.0,0.0141,0.0274,-0.52,-0.52,normal,normal,alta,8,historico fim_semana,4.0
I17JE060870R,2,,fim_semana,0.0,0.0015,0.01,-0.15,-0.15,normal,normal,alta,8,historico fim_semana,4.0
I17JE060870R,3,,fim_semana,0.0,0.0,0.01,0.0,0.0,normal,normal,alta,8,historico fim_semana,4.0
I17JE060870R,4,,fim_semana,0.0,0.002,0.01,-0.2,-0.2,normal,normal,alta,8,historico fim_semana,4.0
I17JE060870R,5,,fim_semana,0.0,0.0003,0.01,-0.03,-0.03,normal,normal,alta,8,historico fim_semana,4.0
I17JE060870R,6,,fim_semana,0.02,0.0163,0.0154,0.24,0.24,normal,normal,alta,8,historico fim_semana,4.0
I17JE060870R,7,,fim_semana,0.0,0.004,0.01,-0.4,-0.4,normal,normal,alta,8,historico fim_semana,4.0
I17JE060870R,8,,fim_semana,0.0,0.001,0.01,-0.1,-0.1,normal,normal,alta,8,historico fim_semana,4.0
I17JE060870R,9,,fim_semana,0.0,0.0,0.01,0.0,0.0,normal,normal,alta,8,historico fim_semana,4.0
I17JE060870R,10,,fim_semana,0.0,0.0008,0.01,-0.07,-0.07,normal,normal,alta,8,historico fim_semana,4.0
I17JE060870R,11,,fim_semana,0.0,0.0,0.01,0.0,0.0,normal,normal,alta,8,historico fim_semana,4.0
I17JE060870R,12,,fim_semana,0.021,0.0121,0.0136,0.65,0.65,normal,normal,alta,8,historico fim_semana,4.0
I17JE060870R,13,,fim_semana,0.197,0.0596,0.0645,2.13,2.13,normal,normal,alta,8,historico fim_semana,4.0
I17JE060870R,14,,fim_semana,0.015,0.0031,0.01,1.19,1.19,normal,normal,alta,8,historico fim_semana,4.0
I17JE060870R,15,,fim_semana,0.0,0.0001,0.01,-0.01,-0.01,normal,normal,alta,8,historico fim_semana,4.0
I17JE060870R,16,,fim_semana,0.0,0.0,0.01,0.0,0.0,normal,normal,alta,8,historico fim_semana,4.0
I17JE060870R,17,,fim_semana,0.0,0.0,0.01,0.0,0.0,normal,normal,alta,8,historico fim_semana,4.0
I17JE060870R,18,,fim_semana,0.0,0.0006,0.01,-0.06,-0.06,normal,normal,alta,8,historico fim_semana,4.0
I17JE060870R,19,,fim_semana,0.057,0.0451,0.0667,0.18,0.18,normal,normal,alta,8,historico fim_semana,4.0
I17JE060870R,20,,fim_semana,0.0,0.0024,0.01,-0.24,-0.24,normal,normal,alta,8,historico fim_semana,4.0
I17JE060870R,21,,fim_semana,0.0,0.0,0.01,0.0,0.0,normal,normal,alta,8,historico fim_semana,4.0
I17JE060870R,22,,fim_semana,0.0,0.0,0.01,0.0,0.0,normal,normal,alta,8,historico fim_semana,4.0
I17JE060870R,23,,fim_semana,0.0,0.0,0.01,0.0,0.0,normal,normal,alta,8,historico fim_semana,4.0
I17JE060874,0,,fim_semana,0.003,0.003,0.01,0.0,0.0,normal,normal,alta,7,historico fim_semana,4.0
I17JE060874,1,,fim_semana,0.003,0.0023,0.01,0.07,0.07,normal,normal,alta,7,historico fim_semana,4.0
I17JE060874,2,,fim_semana,0.002,0.0021,0.01,-0.01,-0.01,normal,normal,alta,7,historico fim_semana,4.0
I17JE060874,3,,fim_semana,0.002,0.0051,0.01,-0.31,-0.31,normal,normal,alta,8,historico fim_semana,4.0
I17JE060874,4,,fim_semana,0.003,0.0019,0.01,0.11,0.11,normal,normal,alta,8,historico fim_semana,4.0
I17JE060874,5,,fim_semana,0.001,0.0011,0.01,-0.01,-0.01,normal,normal,alta,8,historico fim_semana,4.0
I17JE060874,6,,fim_semana,0.001,0.0009,0.01,0.01,0.01,normal,normal,alta,8,historico fim_semana,4.0
I17JE060874,7,,fim_semana,0.002,0.0015,0.01,0.05,0.05,normal,normal,alta,6,historico fim_semana,4.0
I17JE060874,8,,fim_semana,0.003,0.0027,0.01,0.03,0.03,normal,normal,alta,6,historico fim_semana,4.0
I17JE060874,9,,fim_semana,0.003,0.0027,0.01,0.03,0.03,normal,normal,alta,6,historico fim_semana,4.0
I17JE060874,10,,fim_semana,0.003,0.0028,0.01,0.02,0.02,normal,normal,alta,6,historico fim_semana,4.0
I17JE060874,15,,fim_semana,0.017,0.0051,0.01,1.19,1.19,normal,normal,alta,8,historico fim_semana,4.0
I17JE060874,16,,fim_semana,0.003,0.0031,0.01,-0.01,-0.01,normal,normal,alta,8,historico fim_semana,4.0
I17JE060874,17,,fim_semana,0.003,0.0031,0.01,-0.01,-0.01,normal,normal,alta,8,historico fim_semana,4.0
I17JE060874,18,,fim_semana,0.004,0.0029,0.01,0.11,0.11,normal,normal,alta,8,historico fim_semana,4.0
I17JE060874,19,,fim_semana,0.003,0.0032,0.01,-0.02,-0.02,normal,normal,alta,6,historico fim_semana,4.0
I17JE060874,20,,fim_semana,0.003,0.0035,0.01,-0.05,-0.05,normal,normal,alta,6,historico fim_semana,4.0
I17JE060874,21,,fim_semana,0.003,0.0032,0.01,-0.02,-0.02,normal,normal,alta,6,historico fim_semana,4.0
I17JE060874,22,,fim_semana,0.004,0.0038,0.01,0.02,0.02,normal,normal,alta,6,historico fim_semana,4.0
I17JE060874,23,,fim_semana,0.004,0.0055,0.01,-0.15,-0.15,normal,normal,alta,6,historico fim_semana,4.0
I17JE060876,0,,fim_semana,0.01,0.01,0.01,0.0,0.0,normal,normal,alta,8,historico fim_semana,4.0
I17JE060876,1,,fim_semana,0.01,0.01,0.01,0.0,0.0,normal,normal,alta,8,historico fim_semana,4.0
I17JE060876,2,,fim_semana,0.01,0.0101,0.01,-0.01,-0.01,normal,normal,alta,8,historico fim_semana,4.0
I17JE060876,3,,fim_semana,0.01,0.0102,0.01,-0.02,-0.02,normal,normal,alta,8,historico fim_semana,4.0
I17JE060876,4,,fim_semana,0.01,0.0097,0.01,0.03,0.03,normal,normal,alta,8,historico fim_semana,4.0
I17JE060876,5,,fim_semana,0.01,0.0104,0.01,-0.04,-0.04,normal,normal,alta,8,historico fim_semana,4.0
I17JE060876,6,,fim_semana,0.01,0.0097,0.01,0.03,0.03,normal,normal,alta,8,historico fim_semana,4.0
I17JE060876,7,,fim_semana,0.01,0.0101,0.01,-0.01,-0.01,normal,normal,alta,8,historico fim_semana,4.0
I17JE060876,8,,fim_semana,0.011,0.0104,0.01,0.06,0.06,normal,normal,alta,8,historico fim_semana,4.0
I17JE060876,9,,fim_semana,0.01,0.0106,0.01,-0.06,-0.06,normal,normal,alta,8,historico fim_semana,4.0
I17JE060876,10,,fim_semana,0.01,0.0104,0.01,-0.04,-0.04,normal,normal,alta,8,historico fim_semana,4.0
I17JE060876,11,,fim_semana,0.01,0.0104,0.01,-0.04,-0.04,normal,normal,alta,8,historico fim_semana,4.0
I17JE060876,12,,fim_semana,0.011,0.0104,0.01,0.06,0.06,normal,normal,alta,8,historico fim_semana,4.0
I17JE060876,13,,fim_semana,0.01,0.01,0.01,0.0,0.0,normal,normal,alta,8,historico fim_semana,4.0
I17JE060876,14,,fim_semana,0.01,0.0104,0.01,-0.04,-0.04,normal,normal,alta,8,historico fim_semana,4.0
I17JE060876,15,,fim_semana,0.01,0.0104,0.01,-0.04,-0.04,normal,normal,alta,8,historico fim_semana,4.0
I17JE060876,16,,fim_semana,0.01,0.0102,0.01,-0.02,-0.02,normal,normal,alta,8,historico fim_semana,4.0
I17JE060876,17,,fim_semana,0.009,0.0104,0.01,-0.14,-0.14,normal,normal,alta,8,historico fim_semana,4.0
I17JE060876,18,,fim_semana,0.011,0.0099,0.01,0.11,0.11,normal,normal,alta,8,historico fim_semana,4.0
I17JE060876,19,,fim_semana,0.009,0.0105,0.01,-0.15,-0.15,normal,normal,alta,8,historico fim_semana,4.0
I17JE060876,20,,fim_semana,0.01,0.0101,0.01,-0.01,-0.01,normal,normal,alta,8,historico fim_semana,4.0
I17JE060876,21,,fim_semana,0.01,0.0102,0.01,-0.02,-0.02,normal,normal,alta,8,historico fim_semana,4.0
I17JE060876,22,,fim_semana,0.01,0.0102,0.01,-0.02,-0.02,normal,normal,alta,8,historico fim_semana,4.0
I17JE060876,23,,fim_semana,0.01,0.0101,0.01,-0.01,-0.01,normal,normal,alta,8,historico fim_semana,4.0
I17JE060878,0,,fim_semana,0.0,0.0,0.01,0.0,0.0,normal,normal,alta,8,historico fim_semana,4.0
I17JE060878,1,,fim_semana,0.0,0.0,0.01,0.0,0.0,normal,normal,alta,8,historico fim_semana,4.0
I17JE060878,2,,fim_semana,0.0,0.0,0.01,0.0,0.0,normal,normal,alta,8,historico fim_semana,4.0
I17JE060878,3,,fim_semana,0.0,0.0,0.01,0.0,0.0,normal,normal,alta,8,historico fim_semana,4.0
I17JE060878,4,,fim_semana,0.0,0.0,0.01,0.0,0.0,normal,normal,alta,8,historico fim_semana,4.0
I17JE060878,5,,fim_semana,0.0,0.0,0.01,0.0,0.0,normal,normal,alta,8,historico fim_semana,4.0
I17JE060878,6,,fim_semana,0.0,0.0,0.01,0.0,0.0,normal,normal,alta,8,historico fim_semana,4.0
I17JE060878,7,,fim_semana,0.0,0.0,0.01,0.0,0.0,normal,normal,alta,8,historico fim_semana,4.0
I17JE060878,8,,fim_semana,0.0,0.0,0.01,0.0,0.0,normal,normal,alta,8,historico fim_semana,4.0
I17JE060878,9,,fim_semana,0.0,0.0,0.01,0.0,0.0,normal,normal,alta,8,historico fim_semana,4.0
I17JE060878,10,,fim_semana,0.0,0.0,0.01,0.0,0.0,normal,normal,alta,8,historico fim_semana,4.0
I17JE060878,11,,fim_semana,0.0,0.0,0.01,0.0,0.0,normal,normal,alta,8,historico fim_semana,4.0
I17JE060878,12,,fim_semana,0.0,0.0,0.01,0.0,0.0,normal,normal,alta,8,historico fim_semana,4.0
I17JE060878,13,,fim_semana,0.0,0.0,0.01,0.0,0.0,normal,normal,alta,8,historico fim_semana,4.0
I17JE060878,14,,fim_semana,0.0,0.0,0.01,0.0,0.0,normal,normal,alta,8,historico fim_semana,4.0
I17JE060878,15,,fim_semana,0.0,0.0,0.01,0.0,0.0,normal,normal,alta,8,historico fim_semana,4.0
I17JE060878,16,,fim_semana,0.0,0.0,0.01,0.0,0.0,normal,normal,alta,8,historico fim_semana,4.0
I17JE060878,17,,fim_semana,0.0,0.0,0.01,0.0,0.0,normal,normal,alta,8,historico fim_semana,4.0
I17JE060878,18,,fim_semana,0.0,0.0,0.01,0.0,0.0,normal,normal,alta,8,historico fim_semana,4.0
I17JE060878,19,,fim_semana,0.0,0.0,0.01,0.0,0.0,normal,normal,alta,8,historico fim_semana,4.0
I17JE060878,20,,fim_semana,0.0,0.0,0.01,0.0,0.0,normal,normal,alta,8,historico fim_semana,4.0
I17JE060878,21,,fim_semana,0.0,0.0,0.01,0.0,0.0,normal,normal,alta,8,historico fim_semana,4.0
I17JE060878,22,,fim_semana,0.0,0.0,0.01,0.0,0.0,normal,normal,alta,8,historico fim_semana,4.0
I17JE060878,23,,fim_semana,0.0,0.0,0.01,0.0,0.0,normal,normal,alta,8,historico fim_semana,4.0
I17JE060879,0,,fim_semana,0.018,0.0258,0.01,-0.78,-0.78,normal,normal,alta,6,historico fim_semana,4.0
I17JE060879,1,,fim_semana,0.017,0.0232,0.01,-0.62,-0.62,normal,normal,alta,6,historico fim_semana,4.0
I17JE060879,2,,fim_semana,0.015,0.0222,0.01,-0.72,-0.72,normal,normal,alta,6,historico fim_semana,4.0
I17JE060879,3,,fim_semana,0.012,0.022,0.01,-1.0,-1.0,normal,normal,alta,6,historico fim_semana,4.0
I17JE060879,4,,fim_semana,0.012,0.0215,0.01,-0.95,-0.95,normal,normal,alta,6,historico fim_semana,4.0
I17JE060879,5,,fim_semana,0.013,0.0233,0.01,-1.03,-1.03,normal,normal,alta,6,historico fim_semana,4.0
I17JE060879,6,,fim_semana,0.013,0.0225,0.01,-0.95,-0.95,normal,normal,alta,6,historico fim_semana,4.0
I17JE060879,7,,fim_semana,0.015,0.0235,0.01,-0.85,-0.85,normal,normal,alta,6,historico fim_semana,4.0
I17JE060879,8,,fim_semana,0.018,0.025,0.01,-0.7,-0.7,normal,normal,alta,6,historico fim_semana,4.0
I17JE060879,9,,fim_semana,0.018,0.0243,0.01,-0.63,-0.63,normal,normal,alta,6,historico fim_semana,4.0
I17JE060879,10,,fim_semana,0.018,0.0242,0.01,-0.62,-0.62,normal,normal,alta,6,historico fim_semana,4.0
I17JE060879,11,,fim_semana,0.016,0.0225,0.01,-0.65,-0.65,normal,normal,alta,6,historico fim_semana,4.0
I17JE060879,12,,fim_semana,0.016,0.0223,0.01,-0.63,-0.63,normal,normal,alta,6,historico fim_semana,4.0
I17JE060879,13,,fim_semana,0.017,0.0225,0.01,-0.55,-0.55,normal,normal,alta,6,historico fim_semana,4.0
I17JE060879,14,,fim_semana,0.017,0.0248,0.01,-0.78,-0.78,normal,normal,alta,6,historico fim_semana,4.0
I17JE060879,15,,fim_semana,0.017,0.0235,0.01,-0.65,-0.65,normal,normal,alta,6,historico fim_semana,4.0
I17JE060879,16,,fim_semana,0.018,0.0235,0.01,-0.55,-0.55,normal,normal,alta,6,historico fim_semana,4.0
I17JE060879,17,,fim_semana,0.017,0.024,0.01,-0.7,-0.7,normal,normal,alta,6,historico fim_semana,4.0
I17JE060879,18,,fim_semana,0.018,0.024,0.01,-0.6,-0.6,normal,normal,alta,6,historico fim_semana,4.0
I17JE060879,19,,fim_semana,0.034,0.0237,0.01,1.03,1.03,normal,normal,alta,6,historico fim_semana,4.0
I17JE060879,20,,fim_semana,0.017,0.0247,0.01,-0.77,-0.77,normal,normal,alta,6,historico fim_semana,4.0
I17JE060879,21,,fim_semana,0.017,0.0238,0.01,-0.68,-0.68,normal,normal,alta,6,historico fim_semana,4.0
I17JE060879,22,,fim_semana,0.017,0.0238,0.01,-0.68,-0.68,normal,normal,alta,6,historico fim_semana,4.0
I17JE060879,23,,fim_semana,0.017,0.0238,0.01,-0.68,-0.68,normal,normal,alta,6,historico fim_semana,4.0
I17JE096910V,0,,fim_semana,0.0,0.0,0.01,0.0,0.0,normal,normal,baixa,7,fallback (30d recentes),4.0
I17JE096910V,1,,fim_semana,0.0,0.0,0.01,0.0,0.0,normal,normal,baixa,4,historico fim_semana (poucos dados),4.0
I17JE096910V,2,,fim_semana,0.0,0.0,0.01,0.0,0.0,normal,normal,baixa,4,historico fim_semana (poucos dados),4.0
I17JE096910V,3,,fim_semana,0.0,0.0,0.01,0.0,0.0,normal,normal,baixa,4,historico fim_semana (poucos dados),4.0
I17JE096910V,4,,fim_semana,0.0,0.0,0.01,0.0,0.0,normal,normal,baixa,4,historico fim_semana (poucos dados),4.0
I17JE096910V,5,,fim_semana,0.0,0.0,0.01,0.0,0.0,normal,normal,baixa,3,historico fim_semana (poucos dados),4.0
I17JE096910V,6,,fim_semana,0.0,0.0,0.01,0.0,0.0,normal,normal,baixa,3,historico fim_semana (poucos dados),4.0
I17JE096910V,7,,fim_semana,0.0,0.0,0.01,0.0,0.0,normal,normal,baixa,3,historico fim_semana (poucos dados),4.0
I17JE096910V,8,,fim_semana,0.0,0.0,0.01,0.0,0.0,normal,normal,baixa,3,historico fim_semana (poucos dados),4.0
I17JE096910V,13,,fim_semana,0.0,0.0,0.01,0.0,0.0,normal,normal,alta,5,historico fim_semana,4.0
I17JE096910V,14,,fim_semana,0.0,0.0,0.01,0.0,0.0,normal,normal,alta,5,historico fim_semana,4.0
I17JE096910V,15,,fim_semana,0.0,0.0,0.01,0.0,0.0,normal,normal,alta,5,historico fim_semana,4.0
I17JE096910V,16,,fim_semana,0.0,0.0,0.01,0.0,0.0,normal,normal,alta,5,historico fim_semana,4.0
I17JE096910V,17,,fim_semana,0.0,0.0,0.01,0.0,0.0,normal,normal,alta,5,historico fim_semana,4.0
I17JE096910V,18,,fim_semana,0.0,0.0,0.01,0.0,0.0,normal,normal,alta,5,historico fim_semana,4.0
I17JE096910V,19,,fim_semana,0.0,0.0,0.01,0.0,0.0,normal,normal,alta,5,historico fim_semana,4.0
I17JE096910V,20,,fim_semana,0.0,0.0,0.01,0.0,0.0,normal,normal,alta,5,historico fim_semana,4.0
I17JE096910V,21,,fim_semana,0.0,0.0,0.01,0.0,0.0,normal,normal,baixa,8,fallback (30d recentes),4.0
I17JE096910V,22,,fim_semana,0.0,0.0,0.01,0.0,0.0,normal,normal,baixa,8,fallback (30d recentes),4.0
I17JE096910V,23,,fim_semana,0.0,0.0,0.01,0.0,0.0,normal,normal,baixa,8,fallback (30d recentes),4.0
I17JE096912X,0,,fim_semana,0.0,0.0,0.01,0.0,0.0,normal,normal,alta,6,historico fim_semana,4.0
I17JE096912X,1,,fim_semana,0.0,0.0,0.01,0.0,0.0,normal,normal,alta,8,historico fim_semana,4.0
I17JE096912X,2,,fim_semana,0.0,0.0,0.01,0.0,0.0,normal,normal,alta,8,historico fim_semana,4.0
I17JE096912X,3,,fim_semana,0.0,0.0,0.01,0.0,0.0,normal,normal,alta,8,historico fim_semana,4.0
I17JE096912X,4,,fim_semana,0.0,0.0,0.01,0.0,0.0,normal,normal,alta,8,historico fim_semana,4.0
I17JE096912X,9,,fim_semana,0.0,0.0,0.01,0.0,0.0,normal,normal,alta,5,historico fim_semana,4.0
I17JE096912X,10,,fim_semana,0.0,0.0,0.01,0.0,0.0,normal,normal,alta,7,historico fim_semana,4.0
I17JE096912X,11,,fim_semana,0.0,0.0,0.01,0.0,0.0,normal,normal,alta,7,historico fim_semana,4.0
I17JE096912X,12,,fim_semana,0.0,0.0,0.01,0.0,0.0,normal,normal,alta,7,historico fim_semana,4.0
I17JE096912X,13,,fim_semana,0.0,0.0,0.01,0.0,0.0,normal,normal,alta,7,historico fim_semana,4.0
I17JE096912X,14,,fim_semana,0.0,0.0,0.01,0.0,0.0,normal,normal,alta,6,historico fim_semana,4.0
I17JE096912X,15,,fim_semana,0.0,0.0,0.01,0.0,0.0,normal,normal,alta,6,historico fim_semana,4.0
I17JE096912X,16,,fim_semana,0.0,0.0,0.01,0.0,0.0,normal,normal,alta,6,historico fim_semana,4.0
I17JE096912X,17,,fim_semana,0.0,0.0,0.01,0.0,0.0,normal,normal,alta,6,historico fim_semana,4.0
I17JE096912X,18,,fim_semana,0.0,0.0,0.01,0.0,0.0,normal,normal,alta,7,historico fim_semana,4.0
I17JE096912X,19,,fim_semana,0.0,0.0,0.01,0.0,0.0,normal,normal,alta,7,historico fim_semana,4.0
I17JE096912X,20,,fim_semana,0.0,0.0,0.01,0.0,0.0,normal,normal,alta,7,historico fim_semana,4.0
I17JE096912X,21,,fim_semana,0.0,0.0,0.01,0.0,0.0,normal,normal,alta,7,historico fim_semana,4.0
I17JE096912X,22,,fim_semana,0.0,0.0,0.01,0.0,0.0,normal,normal,alta,7,historico fim_semana,4.0
I17JE096912X,23,,fim_semana,0.0,0.0,0.01,0.0,0.0,normal,normal,alta,7,historico fim_semana,4.0
I17JE096914,0,,fim_semana,0.0,0.0001,0.01,-0.01,-0.01,normal,normal,alta,8,historico fim_semana,4.0
I17JE096914,1,,fim_semana,0.0,0.0001,0.01,-0.01,-0.01,normal,normal,alta,8,historico fim_semana,4.0
I17JE096914,2,,fim_semana,0.0,0.0,0.01,0.0,0.0,normal,normal,alta,8,historico fim_semana,4.0
I17JE096914,3,,fim_semana,0.0,0.0,0.01,0.0,0.0,normal,normal,alta,8,historico fim_semana,4.0
I17JE096914,4,,fim_semana,0.0,0.0003,0.01,-0.03,-0.03,normal,normal,alta,8,historico fim_semana,4.0
I17JE096914,5,,fim_semana,0.0,0.0003,0.01,-0.03,-0.03,normal,normal,alta,8,historico fim_semana,4.0
I17JE096914,6,,fim_semana,0.0,0.0001,0.01,-0.01,-0.01,normal,normal,alta,8,historico fim_semana,4.0
I17JE096914,7,,fim_semana,0.0,0.0,0.01,0.0,0.0,normal,normal,alta,8,historico fim_semana,4.0
I17JE096914,8,,fim_semana,0.0,0.0,0.01,0.0,0.0,normal,normal,alta,8,historico fim_semana,4.0
I17JE096914,9,,fim_semana,0.0,0.0,0.01,0.0,0.0,normal,normal,alta,8,historico fim_semana,4.0
I17JE096914,10,,fim_semana,0.001,0.0001,0.01,0.09,0.09,normal,normal,alta,8,historico fim_semana,4.0
I17JE096914,11,,fim_semana,0.0,0.0003,0.01,-0.03,-0.03,normal,normal,alta,8,historico fim_semana,4.0
I17JE096914,12,,fim_semana,0.0,0.0001,0.01,-0.01,-0.01,normal,normal,alta,8,historico fim_semana,4.0
I17JE096914,13,,fim_semana,0.0,0.0001,0.01,-0.01,-0.01,normal,normal,alta,8,historico fim_semana,4.0
I17JE096914,14,,fim_semana,0.0,0.0,0.01,0.0,0.0,normal,normal,alta,8,historico fim_semana,4.0
I17JE096914,15,,fim_semana,0.0,0.0,0.01,0.0,0.0,normal,normal,alta,8,historico fim_semana,4.0
I17JE096914,16,,fim_semana,0.0,0.0,0.01,0.0,0.0,normal,normal,alta,8,historico fim_semana,4.0
I17JE096914,17,,fim_semana,0.0,0.0001,0.01,-0.01,-0.01,normal,normal,alta,8,historico fim_semana,4.0
I17JE096914,18,,fim_semana,0.0,0.0001,0.01,-0.01,-0.01,normal,normal,alta,8,historico fim_semana,4.0
I17JE096914,19,,fim_semana,0.0,0.0003,0.01,-0.03,-0.03,normal,normal,alta,8,historico fim_semana,4.0
I17JE096914,20,,fim_semana,0.0,0.0,0.01,0.0,0.0,normal,normal,alta,8,historico fim_semana,4.0
I17JE096914,21,,fim_semana,0.0,0.0001,0.01,-0.01,-0.01,normal,normal,alta,8,historico fim_semana,4.0
I17JE096914,22,,fim_semana,0.0,0.0,0.01,0.0,0.0,normal,normal,alta,8,historico fim_semana,4.0
I17JE096914,23,,fim_semana,0.0,0.0,0.01,0.0,0.0,normal,normal,alta,8,historico fim_semana,4.0
I18JC059402,0,,fim_semana,0.0,0.0,0.01,0.0,0.0,normal,normal,alta,8,historico fim_semana,4.0
I18JC059402,1,,fim_semana,0.0,0.0,0.01,0.0,0.0,normal,normal,alta,8,historico fim_semana,4.0
I18JC059402,2,,fim_semana,0.0,0.0,0.01,0.0,0.0,normal,normal,alta,8,historico fim_semana,4.0
I18JC059402,3,,fim_semana,0.0,0.0,0.01,0.0,0.0,normal,normal,alta,8,historico fim_semana,4.0
I18JC059402,4,,fim_semana,0.0,0.0,0.01,0.0,0.0,normal,normal,alta,8,historico fim_semana,4.0
I18JC059402,5,,fim_semana,0.0,0.0,0.01,0.0,0.0,normal,normal,alta,8,historico fim_semana,4.0
I18JC059402,6,,fim_semana,0.0,0.0,0.01,0.0,0.0,normal,normal,alta,6,historico fim_semana,4.0
I18JC059402,7,,fim_semana,0.0,0.0,0.01,0.0,0.0,normal,normal,alta,6,historico fim_semana,4.0
I18JC059402,8,,fim_semana,0.0,0.0,0.01,0.0,0.0,normal,normal,alta,6,historico fim_semana,4.0
I18JC059402,9,,fim_semana,0.0,0.0,0.01,0.0,0.0,normal,normal,alta,6,historico fim_semana,4.0
I18JC059402,10,,fim_semana,0.0,0.0,0.01,0.0,0.0,normal,normal,alta,7,historico fim_semana,4.0
I18JC059402,11,,fim_semana,0.0,0.0,0.01,0.0,0.0,normal,normal,alta,7,historico fim_semana,4.0
I18JC059402,12,,fim_semana,0.0,0.0,0.01,0.0,0.0,normal,normal,alta,7,historico fim_semana,4.0
I18JC059402,13,,fim_semana,0.0,0.0,0.01,0.0,0.0,normal,normal,alta,7,historico fim_semana,4.0
I18JC059402,14,,fim_semana,0.0,0.0,0.01,0.0,0.0,normal,normal,alta,7,historico fim_semana,4.0
I18JC059402,15,,fim_semana,0.0,0.0,0.01,0.0,0.0,normal,normal,alta,7,historico fim_semana,4.0
I18JC059402,16,,fim_semana,0.0,0.0,0.01,0.0,0.0,normal,normal,alta,7,historico fim_semana,4.0
I18JC059402,17,,fim_semana,0.0,0.0,0.01,0.0,0.0,normal,normal,alta,7,historico fim_semana,4.0
I18JC059402,18,,fim_semana,0.0,0.0,0.01,0.0,0.0,normal,normal,alta,8,historico fim_semana,4.0
I18JC059402,19,,fim_semana,0.0,0.0,0.01,0.0,0.0,normal,normal,alta,8,historico fim_semana,4.0
I18JC059402,20,,fim_semana,0.0,0.0,0.01,0.0,0.0,normal,normal,alta,8,historico fim_semana,4.0
I18JC059402,21,,fim_semana,0.0,0.0,0.01,0.0,0.0,normal,normal,alta,8,historico fim_semana,4.0
I18JC059402,22,,fim_semana,0.0,0.0,0.01,0.0,0.0,normal,normal,alta,7,historico fim_semana,4.0
I18JC059402,23,,fim_semana,0.0,0.0,0.01,0.0,0.0,normal,normal,alta,7,historico fim_semana,4.0
I18JC067674,4,,fim_semana,0.0,0.0,0.01,0.0,0.0,normal,normal,alta,8,historico fim_semana,4.0
I18JC067674,5,,fim_semana,0.0,0.0,0.01,0.0,0.0,normal,normal,alta,8,historico fim_semana,4.0
I18JC067674,6,,fim_semana,0.0,0.0,0.01,0.0,0.0,normal,normal,alta,8,historico fim_semana,4.0
I18JC067674,7,,fim_semana,0.0,0.0,0.01,0.0,0.0,normal,normal,alta,8,historico fim_semana,4.0
I18JC067674,8,,fim_semana,0.0,0.0,0.01,0.0,0.0,normal,normal,alta,7,historico fim_semana,4.0
I18JC067674,9,,fim_semana,0.0,0.0,0.01,0.0,0.0,normal,normal,alta,7,historico fim_semana,4.0
I18JC067674,10,,fim_semana,0.0,0.0,0.01,0.0,0.0,normal,normal,alta,7,historico fim_semana,4.0
I18JC067674,11,,fim_semana,0.0,0.0,0.01,0.0,0.0,normal,normal,alta,7,historico fim_semana,4.0
I18JC067674,16,,fim_semana,0.0,0.0,0.01,0.0,0.0,normal,normal,alta,8,historico fim_semana,4.0
I18JC067674,17,,fim_semana,0.0,0.0,0.01,0.0,0.0,normal,normal,alta,8,historico fim_semana,4.0
I18JC067674,18,,fim_semana,0.0,0.0,0.01,0.0,0.0,normal,normal,alta,8,historico fim_semana,4.0
I18JC067674,19,,fim_semana,0.0,0.0,0.01,0.0,0.0,normal,normal,alta,8,historico fim_semana,4.0
I18JC067674,20,,fim_semana,0.0,0.0,0.01,0.0,0.0,normal,normal,alta,7,historico fim_semana,4.0
I18JC067674,21,,fim_semana,0.0,0.0,0.01,0.0,0.0,normal,normal,alta,7,historico fim_semana,4.0
I18JC067674,22,,fim_semana,0.0,0.0,0.01,0.0,0.0,normal,normal,alta,7,historico fim_semana,4.0
I18JC067674,23,,fim_semana,0.0,0.0,0.01,0.0,0.0,normal,normal,alta,7,historico fim_semana,4.0
I18JC067687,0,,fim_semana,0.0,0.0,0.01,0.0,0.0,normal,normal,baixa,4,historico fim_semana (poucos dados),4.0
I18JC067687,1,,fim_semana,0.0,0.0,0.01,0.0,0.0,normal,normal,baixa,4,historico fim_semana (poucos dados),4.0
I18JC067687,2,,fim_semana,0.0,0.1286,0.2876,-0.45,-0.45,normal,normal,alta,5,historico fim_semana,4.0
I18JC067687,3,,fim_semana,0.0,0.0,0.01,0.0,0.0,normal,normal,alta,5,historico fim_semana,4.0
I18JC067687,4,,fim_semana,0.0,0.0,0.01,0.0,0.0,normal,normal,alta,5,historico fim_semana,4.0
I18JC067687,5,,fim_semana,0.0,0.0,0.01,0.0,0.0,normal,normal,alta,5,historico fim_semana,4.0
I18JC067687,10,,fim_semana,0.305,0.0392,0.0633,4.2,4.2,desvio,acima,alta,6,historico fim_semana,4.0
I18JC067687,11,,fim_semana,0.241,0.0385,0.0597,3.39,3.39,normal,normal,alta,6,historico fim_semana,4.0
I18JC067687,12,,fim_semana,0.046,0.0307,0.0544,0.28,0.28,normal,normal,alta,6,historico fim_semana,4.0
I18JC067687,13,,fim_semana,0.104,0.0077,0.0188,5.13,5.13,desvio,acima,alta,6,historico fim_semana,4.0
I18JC067687,22,,fim_semana,1.058,0.0,0.01,10.0,105.8,desvio,acima,baixa,4,historico fim_semana (poucos dados),4.0
I18JC067687,23,,fim_semana,0.0,0.0,0.01,0.0,0.0,normal,normal,baixa,4,historico fim_semana (poucos dados),4.0
I18JC067698,0,,fim_semana,0.0,0.0,0.01,0.0,0.0,normal,normal,alta,7,historico fim_semana,4.0
I18JC067698,1,,fim_semana,0.0,0.0,0.01,0.0,0.0,normal,normal,alta,7,historico fim_semana,4.0
I18JC067698,2,,fim_semana,0.0,0.0,0.01,0.0,0.0,normal,normal,alta,7,historico fim_semana,4.0
I18JC067698,3,,fim_semana,0.0,0.0,0.01,0.0,0.0,normal,normal,alta,7,historico fim_semana,4.0
I18JC067698,4,,fim_semana,0.0,0.0,0.01,0.0,0.0,normal,normal,alta,8,historico fim_semana,4.0
I18JC067698,5,,fim_semana,0.0,0.0,0.01,0.0,0.0,normal,normal,alta,8,historico fim_semana,4.0
I18JC067698,6,,fim_semana,0.0,0.0,0.01,0.0,0.0,normal,normal,alta,8,historico fim_semana,4.0
I18JC067698,7,,fim_semana,0.0,0.0,0.01,0.0,0.0,normal,normal,alta,8,historico fim_semana,4.0
I18JC067698,8,,fim_semana,0.0,0.0,0.01,0.0,0.0,normal,normal,alta,8,historico fim_semana,4.0
I18JC067698,9,,fim_semana,0.0,0.0,0.01,0.0,0.0,normal,normal,alta,8,historico fim_semana,4.0
I18JC067698,10,,fim_semana,0.0,0.0,0.01,0.0,0.0,normal,normal,alta,8,historico fim_semana,4.0
I18JC067698,11,,fim_semana,0.0,0.0,0.01,0.0,0.0,normal,normal,alta,8,historico fim_semana,4.0
I18JC067698,12,,fim_semana,0.0,0.0,0.01,0.0,0.0,normal,normal,alta,8,historico fim_semana,4.0
I18JC067698,13,,fim_semana,0.0,0.0,0.01,0.0,0.0,normal,normal,alta,8,historico fim_semana,4.0
I18JC067698,14,,fim_semana,0.0,0.0,0.01,0.0,0.0,normal,normal,alta,8,historico fim_semana,4.0
I18JC067698,15,,fim_semana,0.0,0.0,0.01,0.0,0.0,normal,normal,alta,8,historico fim_semana,4.0
I18JC067698,16,,fim_semana,0.0,0.0,0.01,0.0,0.0,normal,normal,alta,8,historico fim_semana,4.0
I18JC067698,17,,fim_semana,0.0,0.0,0.01,0.0,0.0,normal,normal,alta,8,historico fim_semana,4.0
I18JC067698,18,,fim_semana,0.0,0.0,0.01,0.0,0.0,normal,normal,alta,8,historico fim_semana,4.0
I18JC067698,19,,fim_semana,0.0,0.0,0.01,0.0,0.0,normal,normal,alta,8,historico fim_semana,4.0
I18JC067698,20,,fim_semana,0.0,0.0,0.01,0.0,0.0,normal,normal,alta,8,historico fim_semana,4.0
I18JC067698,21,,fim_semana,0.0,0.0,0.01,0.0,0.0,normal,normal,alta,8,historico fim_semana,4.0
I18JC067698,22,,fim_semana,0.0,0.0,0.01,0.0,0.0,normal,normal,alta,8,historico fim_semana,4.0
I18JC067698,23,,fim_semana,0.0,0.0,0.01,0.0,0.0,normal,normal,alta,8,historico fim_semana,4.0
I18JC080663,0,,fim_semana,0.0,0.0,0.01,0.0,0.0,normal,normal,alta,8,historico fim_semana,4.0
I18JC080663,1,,fim_semana,0.0,0.0,0.01,0.0,0.0,normal,normal,alta,8,historico fim_semana,4.0
I18JC080663,2,,fim_semana,0.0,0.0,0.01,0.0,0.0,normal,normal,alta,8,historico fim_semana,4.0
I18JC080663,3,,fim_semana,0.0,0.0,0.01,0.0,0.0,normal,normal,alta,8,historico fim_semana,4.0
I18JC080663,4,,fim_semana,0.0,0.0,0.01,0.0,0.0,normal,normal,alta,8,historico fim_semana,4.0
I18JC080663,5,,fim_semana,0.0,0.0,0.01,0.0,0.0,normal,normal,alta,8,historico fim_semana,4.0
I18JC080663,6,,fim_semana,0.0,0.0,0.01,0.0,0.0,normal,normal,alta,7,historico fim_semana,4.0
I18JC080663,7,,fim_semana,0.0,0.0,0.01,0.0,0.0,normal,normal,alta,7,historico fim_semana,4.0
I18JC080663,8,,fim_semana,0.0,0.0,0.01,0.0,0.0,normal,normal,alta,7,historico fim_semana,4.0
I18JC080663,9,,fim_semana,0.0,0.0,0.01,0.0,0.0,normal,normal,alta,7,historico fim_semana,4.0
I18JC080663,10,,fim_semana,0.0,0.0,0.01,0.0,0.0,normal,normal,alta,8,historico fim_semana,4.0
I18JC080663,11,,fim_semana,0.0,0.0,0.01,0.0,0.0,normal,normal,alta,8,historico fim_semana,4.0
I18JC080663,12,,fim_semana,0.0,0.0,0.01,0.0,0.0,normal,normal,alta,8,historico fim_semana,4.0
I18JC080663,13,,fim_semana,0.0,0.0,0.01,0.0,0.0,normal,normal,alta,8,historico fim_semana,4.0
I18JC080663,14,,fim_semana,0.0,0.0,0.01,0.0,0.0,normal,normal,alta,8,historico fim_semana,4.0
I18JC080663,15,,fim_semana,0.0,0.0,0.01,0.0,0.0,normal,normal,alta,8,historico fim_semana,4.0
I18JC080663,16,,fim_semana,0.0,0.0,0.01,0.0,0.0,normal,normal,alta,8,historico fim_semana,4.0
I18JC080663,17,,fim_semana,0.0,0.0,0.01,0.0,0.0,normal,normal,alta,8,historico fim_semana,4.0
I18JC080663,18,,fim_semana,0.0,0.0,0.01,0.0,0.0,normal,normal,alta,7,historico fim_semana,4.0
I18JC080663,19,,fim_semana,0.0,0.0,0.01,0.0,0.0,normal,normal,alta,7,historico fim_semana,4.0
I18JC080663,20,,fim_semana,0.0,0.0,0.01,0.0,0.0,normal,normal,alta,7,historico fim_semana,4.0
I18JC080663,21,,fim_semana,0.0,0.0,0.01,0.0,0.0,normal,normal,alta,7,historico fim_semana,4.0
I18JC080663,22,,fim_semana,0.0,0.0,0.01,0.0,0.0,normal,normal,alta,8,historico fim_semana,4.0
I18JC080663,23,,fim_semana,0.0,0.0,0.01,0.0,0.0,normal,normal,alta,8,historico fim_semana,4.0
I18JE068310,1,,fim_semana,0.0,0.0,0.01,0.0,0.0,normal,normal,alta,5,historico fim_semana,4.0
I18JE068310,2,,fim_semana,0.0,0.0,0.01,0.0,0.0,normal,normal,alta,5,historico fim_semana,4.0
I18JE068310,3,,fim_semana,0.0,0.0,0.01,0.0,0.0,normal,normal,alta,5,historico fim_semana,4.0
I18JE068310,4,,fim_semana,0.0,0.0,0.01,0.0,0.0,normal,normal,alta,5,historico fim_semana,4.0
I18JE068310,5,,fim_semana,0.0,0.0,0.01,0.0,0.0,normal,normal,alta,6,historico fim_semana,4.0
I18JE068310,6,,fim_semana,0.0,0.0,0.01,0.0,0.0,normal,normal,alta,6,historico fim_semana,4.0
I18JE068310,7,,fim_semana,0.0,0.0,0.01,0.0,0.0,normal,normal,alta,6,historico fim_semana,4.0
I18JE068310,8,,fim_semana,0.0,0.0,0.01,0.0,0.0,normal,normal,alta,6,historico fim_semana,4.0
I18JE068310,13,,fim_semana,0.0,0.0,0.01,0.0,0.0,normal,normal,alta,5,historico fim_semana,4.0
I18JE068310,14,,fim_semana,0.0,0.0,0.01,0.0,0.0,normal,normal,alta,5,historico fim_semana,4.0
I18JE068310,15,,fim_semana,0.0,0.0,0.01,0.0,0.0,normal,normal,alta,5,historico fim_semana,4.0
I18JE068310,16,,fim_semana,0.0,0.0,0.01,0.0,0.0,normal,normal,alta,5,historico fim_semana,4.0
I18JE068310,21,,fim_semana,0.0,0.0,0.01,0.0,0.0,normal,normal,baixa,3,historico fim_semana (poucos dados),4.0
I18JE068310,22,,fim_semana,0.0,0.0,0.01,0.0,0.0,normal,normal,baixa,3,historico fim_semana (poucos dados),4.0
I18JE068310,23,,fim_semana,0.0,0.0,0.01,0.0,0.0,normal,normal,baixa,3,historico fim_semana (poucos dados),4.0
I18MF912111K,0,,fim_semana,0.78,0.3343,0.2061,2.16,2.16,normal,normal,alta,7,historico fim_semana,4.0
I18MF912111K,1,,fim_semana,0.78,0.33,0.2036,2.21,2.21,normal,normal,alta,7,historico fim_semana,4.0
I18MF912111K,2,,fim_semana,0.77,0.4886,0.4697,0.6,0.6,normal,normal,alta,7,historico fim_semana,4.0
I18MF912111K,3,,fim_semana,0.76,0.3171,0.2006,2.21,2.21,normal,normal,alta,7,historico fim_semana,4.0
I18MF912111K,4,,fim_semana,0.77,0.3071,0.205,2.26,2.26,normal,normal,alta,7,historico fim_semana,4.0
I18MF912111K,5,,fim_semana,0.76,0.3014,0.2073,2.21,2.21,normal,normal,alta,7,historico fim_semana,4.0
I18MF912111K,6,,fim_semana,0.75,0.4017,0.4601,0.76,0.76,normal,normal,alta,6,historico fim_semana,4.0
I18MF912111K,7,,fim_semana,0.75,0.21,0.0525,10.0,10.29,desvio,acima,alta,6,historico fim_semana,4.0
I18MF912111K,8,,fim_semana,0.73,0.1817,0.0454,10.0,12.07,desvio,acima,alta,6,historico fim_semana,4.0
I18MF912111K,9,,fim_semana,0.7,0.0867,0.0804,7.63,7.63,desvio,acima,alta,6,historico fim_semana,4.0
I18MF912111K,10,,fim_semana,0.71,0.1325,0.2518,2.29,2.29,normal,normal,baixa,4,historico fim_semana (poucos dados),4.0
I18MF912111K,11,,fim_semana,0.72,0.01,0.02,10.0,35.5,desvio,acima,baixa,4,historico fim_semana (poucos dados),4.0
I18MF912111K,12,,fim_semana,0.74,0.045,0.0526,10.0,13.21,desvio,acima,baixa,4,historico fim_semana (poucos dados),4.0
I18MF912111K,13,,fim_semana,0.78,0.165,0.0656,9.38,9.38,desvio,acima,baixa,4,historico fim_semana (poucos dados),4.0
I18MF912111K,14,,fim_semana,0.79,1.2025,2.2766,-0.18,-0.18,normal,normal,alta,8,historico fim_semana,4.0
I18MF912111K,15,,fim_semana,0.77,0.32,0.2011,2.24,2.24,normal,normal,alta,8,historico fim_semana,4.0
I18MF912111K,16,,fim_semana,0.78,0.3363,0.1935,2.29,2.29,normal,normal,alta,8,historico fim_semana,4.0
I18MF912111K,17,,fim_semana,0.77,0.3237,0.1902,2.35,2.35,normal,normal,alta,8,historico fim_semana,4.0
I18MF912111K,18,,fim_semana,0.76,0.3187,0.1846,2.39,2.39,normal,normal,alta,8,historico fim_semana,4.0
I18MF912111K,19,,fim_semana,0.73,0.2562,0.2083,2.27,2.27,normal,normal,alta,8,historico fim_semana,4.0
I18MF912111K,20,,fim_semana,0.71,0.215,0.2378,2.08,2.08,normal,normal,alta,8,historico fim_semana,4.0
I18MF912111K,21,,fim_semana,0.75,0.24,0.2538,2.01,2.01,normal,normal,alta,7,historico fim_semana,4.0
I18MF912111K,22,,fim_semana,0.78,0.2686,0.2369,2.16,2.16,normal,normal,alta,7,historico fim_semana,4.0
I18MF912111K,23,,fim_semana,0.8,0.3186,0.2048,2.35,2.35,normal,normal,alta,7,historico fim_semana,4.0
I18MF914138D,0,,fim_semana,0.0,0.0,0.01,0.0,0.0,normal,normal,alta,8,historico fim_semana,4.0
I18MF914138D,1,,fim_semana,0.0,0.0,0.01,0.0,0.0,normal,normal,alta,8,historico fim_semana,4.0
I18MF914138D,2,,fim_semana,0.0,0.0,0.01,0.0,0.0,normal,normal,alta,8,historico fim_semana,4.0
I18MF914138D,3,,fim_semana,0.0,0.0,0.01,0.0,0.0,normal,normal,alta,8,historico fim_semana,4.0
I18MF914138D,4,,fim_semana,0.0,0.0,0.01,0.0,0.0,normal,normal,alta,8,historico fim_semana,4.0
I18MF914138D,5,,fim_semana,0.0,0.0,0.01,0.0,0.0,normal,normal,alta,7,historico fim_semana,4.0
I18MF914138D,6,,fim_semana,0.0,0.0,0.01,0.0,0.0,normal,normal,alta,7,historico fim_semana,4.0
I18MF914138D,7,,fim_semana,0.0,0.0,0.01,0.0,0.0,normal,normal,alta,7,historico fim_semana,4.0
I18MF914138D,8,,fim_semana,0.0,0.0,0.01,0.0,0.0,normal,normal,alta,7,historico fim_semana,4.0
I18MF914138D,9,,fim_semana,0.0,0.0,0.01,0.0,0.0,normal,normal,alta,8,historico fim_semana,4.0
I18MF914138D,10,,fim_semana,0.0,0.0,0.01,0.0,0.0,normal,normal,alta,8,historico fim_semana,4.0
I18MF914138D,11,,fim_semana,0.0,0.0,0.01,0.0,0.0,normal,normal,alta,8,historico fim_semana,4.0
I18MF914138D,12,,fim_semana,0.0,0.0,0.01,0.0,0.0,normal,normal,alta,8,historico fim_semana,4.0
I18MF914138D,13,,fim_semana,0.0,0.0,0.01,0.0,0.0,normal,normal,alta,8,historico fim_semana,4.0
I18MF914138D,14,,fim_semana,0.0,0.0,0.01,0.0,0.0,normal,normal,alta,8,historico fim_semana,4.0
I18MF914138D,15,,fim_semana,0.0,0.0,0.01,0.0,0.0,normal,normal,alta,8,historico fim_semana,4.0
I18MF914138D,16,,fim_semana,0.0,0.0,0.01,0.0,0.0,normal,normal,alta,8,historico fim_semana,4.0
I18MF914138D,17,,fim_semana,0.0,0.0,0.01,0.0,0.0,normal,normal,alta,8,historico fim_semana,4.0
I18MF914138D,18,,fim_semana,0.0,0.0,0.01,0.0,0.0,normal,normal,alta,8,historico fim_semana,4.0
I18MF914138D,19,,fim_semana,0.0,0.0,0.01,0.0,0.0,normal,normal,alta,8,historico fim_semana,4.0
I18MF914138D,20,,fim_semana,0.0,0.0,0.01,0.0,0.0,normal,normal,alta,8,historico fim_semana,4.0
I18MF914138D,21,,fim_semana,0.0,0.0,0.01,0.0,0.0,normal,normal,alta,8,historico fim_semana,4.0
I18MF914138D,22,,fim_semana,0.0,0.0,0.01,0.0,0.0,normal,normal,alta,8,historico fim_semana,4.0
I18MF914138D,23,,fim_semana,0.0,0.0,0.01,0.0,0.0,normal,normal,alta,8,historico fim_semana,4.0
I18MF914139E,0,,fim_semana,0.0,0.0,0.01,0.0,0.0,normal,normal,alta,8,historico fim_semana,4.0
I18MF914139E,1,,fim_semana,0.0,0.0,0.01,0.0,0.0,normal,normal,alta,8,historico fim_semana,4.0
I18MF914139E,2,,fim_semana,0.0,0.0,0.01,0.0,0.0,normal,normal,alta,8,historico fim_semana,4.0
I18MF914139E,3,,fim_semana,0.0,0.0,0.01,0.0,0.0,normal,normal,alta,8,historico fim_semana,4.0
I18MF914139E,4,,fim_semana,0.0,0.0,0.01,0.0,0.0,normal,normal,alta,8,historico fim_semana,4.0
I18MF914139E,5,,fim_semana,0.0,0.0,0.01,0.0,0.0,normal,normal,alta,7,historico fim_semana,4.0
I18MF914139E,6,,fim_semana,0.0,0.0,0.01,0.0,0.0,normal,normal,alta,8,historico fim_semana,4.0
I18MF914139E,7,,fim_semana,0.0,0.0,0.01,0.0,0.0,normal,normal,alta,8,historico fim_semana,4.0
I18MF914139E,8,,fim_semana,0.0,0.0,0.01,0.0,0.0,normal,normal,alta,8,historico fim_semana,4.0
I18MF914139E,9,,fim_semana,0.0,0.0,0.01,0.0,0.0,normal,normal,alta,8,historico fim_semana,4.0
I18MF914139E,10,,fim_semana,0.0,0.0,0.01,0.0,0.0,normal,normal,alta,8,historico fim_semana,4.0
I18MF914139E,11,,fim_semana,0.0,0.0,0.01,0.0,0.0,normal,normal,alta,8,historico fim_semana,4.0
I18MF914139E,12,,fim_semana,0.0,0.0,0.01,0.0,0.0,normal,normal,alta,8,historico fim_semana,4.0
I18MF914139E,13,,fim_semana,0.0,0.0,0.01,0.0,0.0,normal,normal,alta,8,historico fim_semana,4.0
I18MF914139E,14,,fim_semana,0.0,0.0,0.01,0.0,0.0,normal,normal,alta,8,historico fim_semana,4.0
I18MF914139E,15,,fim_semana,0.0,0.0,0.01,0.0,0.0,normal,normal,alta,8,historico fim_semana,4.0
I18MF914139E,16,,fim_semana,0.0,0.0,0.01,0.0,0.0,normal,normal,alta,8,historico fim_semana,4.0
I18MF914139E,17,,fim_semana,0.0,0.0,0.01,0.0,0.0,normal,normal,alta,8,historico fim_semana,4.0
I18MF914139E,18,,fim_semana,0.0,0.0,0.01,0.0,0.0,normal,normal,alta,8,historico fim_semana,4.0
I18MF914139E,19,,fim_semana,0.0,0.0,0.01,0.0,0.0,normal,normal,alta,8,historico fim_semana,4.0
I18MF914139E,20,,fim_semana,0.0,0.0,0.01,0.0,0.0,normal,normal,alta,8,historico fim_semana,4.0
I18MF914139E,21,,fim_semana,0.0,0.0,0.01,0.0,0.0,normal,normal,alta,8,historico fim_semana,4.0
I18MF914139E,22,,fim_semana,0.0,0.0,0.01,0.0,0.0,normal,normal,alta,8,historico fim_semana,4.0
I18MF914139E,23,,fim_semana,0.0,0.0,0.01,0.0,0.0,normal,normal,alta,8,historico fim_semana,4.0
I19JC020003,0,,fim_semana,0.033,0.0966,0.046,-1.38,-1.38,normal,normal,alta,8,historico fim_semana,4.0
I19JC020003,1,,fim_semana,0.052,0.08,0.0607,-0.46,-0.46,normal,normal,alta,8,historico fim_semana,4.0
I19JC020003,2,,fim_semana,0.004,0.074,0.1119,-0.63,-0.63,normal,normal,alta,8,historico fim_semana,4.0
I19JC020003,3,,fim_semana,0.033,0.0548,0.055,-0.4,-0.4,normal,normal,alta,8,historico fim_semana,4.0
I19JC020003,4,,fim_semana,0.023,0.0185,0.0154,0.29,0.29,normal,normal,alta,8,historico fim_semana,4.0
I19JC020003,5,,fim_semana,0.003,0.0096,0.01,-0.66,-0.66,normal,normal,alta,8,historico fim_semana,4.0
I19JC020003,6,,fim_semana,0.003,0.0145,0.01,-1.15,-1.15,normal,normal,alta,8,historico fim_semana,4.0
I19JC020003,7,,fim_semana,0.011,0.0437,0.0198,-1.66,-1.66,normal,normal,alta,8,historico fim_semana,4.0
I19JC020003,8,,fim_semana,0.002,0.0575,0.0322,-1.73,-1.73,normal,normal,alta,8,historico fim_semana,4.0
I19JC020003,9,,fim_semana,0.053,0.0821,0.0528,-0.55,-0.55,normal,normal,alta,8,historico fim_semana,4.0
I19JC020003,10,,fim_semana,0.031,0.1429,0.0618,-1.81,-1.81,normal,normal,alta,8,historico fim_semana,4.0
I19JC020003,11,,fim_semana,0.093,0.1171,0.075,-0.32,-0.32,normal,normal,alta,8,historico fim_semana,4.0
I19JC020003,12,,fim_semana,0.03,0.1416,0.0742,-1.5,-1.5,normal,normal,alta,8,historico fim_semana,4.0
I19JC020003,13,,fim_semana,0.136,0.124,0.0769,0.16,0.16,normal,normal,alta,8,historico fim_semana,4.0
I19JC020003,14,,fim_semana,0.197,0.1822,0.1372,0.11,0.11,normal,normal,alta,8,historico fim_semana,4.0
I19JC020003,15,,fim_semana,0.37,0.2231,0.1964,0.75,0.75,normal,normal,alta,8,historico fim_semana,4.0
I19JC020003,16,,fim_semana,0.33,0.1549,0.0764,2.29,2.29,normal,normal,alta,8,historico fim_semana,4.0
I19JC020003,17,,fim_semana,0.352,0.319,0.2262,0.15,0.15,normal,normal,alta,8,historico fim_semana,4.0
I19JC020003,18,,fim_semana,0.131,0.2005,0.1006,-0.69,-0.69,normal,normal,alta,8,historico fim_semana,4.0
I19JC020003,19,,fim_semana,0.196,0.1886,0.1387,0.05,0.05,normal,normal,alta,8,historico fim_semana,4.0
I19JC020003,20,,fim_semana,0.253,0.174,0.1823,0.43,0.43,normal,normal,alta,8,historico fim_semana,4.0
I19JC020003,21,,fim_semana,0.186,0.1183,0.0672,1.01,1.01,normal,normal,alta,8,historico fim_semana,4.0
I19JC020003,22,,fim_semana,0.141,0.1011,0.0505,0.79,0.79,normal,normal,alta,8,historico fim_semana,4.0
I19JC020003,23,,fim_semana,0.08,0.1005,0.0565,-0.36,-0.36,normal,normal,alta,8,historico fim_semana,4.0
I19JC029813,4,,fim_semana,0.0,0.0,0.01,0.0,0.0,normal,normal,alta,5,historico fim_semana,4.0
I19JC029813,5,,fim_semana,0.0,0.0,0.01,0.0,0.0,normal,normal,alta,5,historico fim_semana,4.0
I19JC029813,6,,fim_semana,0.0,0.0,0.01,0.0,0.0,normal,normal,alta,5,historico fim_semana,4.0
I19JC029813,7,,fim_semana,0.0,0.0,0.01,0.0,0.0,normal,normal,alta,5,historico fim_semana,4.0
I19JC029813,12,,fim_semana,0.0,0.0,0.01,0.0,0.0,normal,normal,alta,5,historico fim_semana,4.0
I19JC029813,13,,fim_semana,0.0,0.0,0.01,0.0,0.0,normal,normal,alta,5,historico fim_semana,4.0
I19JC029813,14,,fim_semana,0.0,0.0,0.01,0.0,0.0,normal,normal,alta,5,historico fim_semana,4.0
I19JC029813,15,,fim_semana,0.0,0.0,0.01,0.0,0.0,normal,normal,alta,5,historico fim_semana,4.0
I19JC029813,20,,fim_semana,0.0,0.0,0.01,0.0,0.0,normal,normal,baixa,4,historico fim_semana (poucos dados),4.0
I19JC029813,21,,fim_semana,0.0,0.0,0.01,0.0,0.0,normal,normal,baixa,4,historico fim_semana (poucos dados),4.0
I19JC029813,22,,fim_semana,0.0,0.0,0.01,0.0,0.0,normal,normal,baixa,4,historico fim_semana (poucos dados),4.0
I19JC029813,23,,fim_semana,0.0,0.0,0.01,0.0,0.0,normal,normal,baixa,4,historico fim_semana (poucos dados),4.0
I19JC029815,0,,fim_semana,0.0,0.0,0.01,0.0,0.0,normal,normal,alta,6,historico fim_semana,4.0
I19JC029815,1,,fim_semana,0.0,0.0,0.01,0.0,0.0,normal,normal,alta,6,historico fim_semana,4.0
I19JC029815,2,,fim_semana,0.0,0.0,0.01,0.0,0.0,normal,normal,alta,6,historico fim_semana,4.0
I19JC029815,3,,fim_semana,0.0,0.0,0.01,0.0,0.0,normal,normal,alta,6,historico fim_semana,4.0
I19JC029815,4,,fim_semana,0.0,0.0,0.01,0.0,0.0,normal,normal,alta,6,historico fim_semana,4.0
I19JC029815,5,,fim_semana,0.0,0.0,0.01,0.0,0.0,normal,normal,alta,6,historico fim_semana,4.0
I19JC029815,6,,fim_semana,0.0,0.0,0.01,0.0,0.0,normal,normal,alta,6,historico fim_semana,4.0
I19JC029815,7,,fim_semana,0.0,0.0,0.01,0.0,0.0,normal,normal,alta,6,historico fim_semana,4.0
I19JC029815,8,,fim_semana,0.0,0.0,0.01,0.0,0.0,normal,normal,alta,6,historico fim_semana,4.0
I19JC029815,9,,fim_semana,0.0,0.0,0.01,0.0,0.0,normal,normal,alta,6,historico fim_semana,4.0
I19JC029815,10,,fim_semana,0.0,0.0,0.01,0.0,0.0,normal,normal,alta,6,historico fim_semana,4.0
I19JC029815,11,,fim_semana,0.0,0.0,0.01,0.0,0.0,normal,normal,alta,6,historico fim_semana,4.0
I19JC029815,12,,fim_semana,0.0,0.0,0.01,0.0,0.0,normal,normal,alta,6,historico fim_semana,4.0
I19JC029815,13,,fim_semana,0.0,0.0,0.01,0.0,0.0,normal,normal,alta,6,historico fim_semana,4.0
I19JC029815,14,,fim_semana,0.0,0.0,0.01,0.0,0.0,normal,normal,alta,6,historico fim_semana,4.0
I19JC029815,15,,fim_semana,0.0,0.0,0.01,0.0,0.0,normal,normal,alta,6,historico fim_semana,4.0
I19JC029815,16,,fim_semana,0.0,0.0,0.01,0.0,0.0,normal,normal,alta,6,historico fim_semana,4.0
I19JC029815,17,,fim_semana,0.0,0.0,0.01,0.0,0.0,normal,normal,alta,6,historico fim_semana,4.0
I19JC029815,18,,fim_semana,0.0,0.0,0.01,0.0,0.0,normal,normal,alta,6,historico fim_semana,4.0
I19JC029815,19,,fim_semana,0.0,0.0,0.01,0.0,0.0,normal,normal,alta,6,historico fim_semana,4.0
I19JC029815,20,,fim_semana,0.0,0.0,0.01,0.0,0.0,normal,normal,alta,6,historico fim_semana,4.0
I19JC029815,21,,fim_semana,0.0,0.0,0.01,0.0,0.0,normal,normal,alta,6,historico fim_semana,4.0
I19JC029815,22,,fim_semana,0.0,0.0,0.01,0.0,0.0,normal,normal,alta,6,historico fim_semana,4.0
I19JC029815,23,,fim_semana,0.0,0.0,0.01,0.0,0.0,normal,normal,alta,6,historico fim_semana,4.0
I19JC029846L,4,,fim_semana,4.845,0.481,0.1202,10.0,36.29,desvio,acima,baixa,2,historico fim_semana (poucos dados),4.0
I19JC029846L,5,,fim_semana,0.467,4.2292,4.4993,-0.84,-0.84,normal,normal,alta,6,historico fim_semana,4.0
I19JC029846L,6,,fim_semana,0.483,0.4652,0.1163,0.15,0.15,normal,normal,alta,6,historico fim_semana,4.0
I19JC029846L,7,,fim_semana,0.625,0.4828,0.1207,1.18,1.18,normal,normal,alta,6,historico fim_semana,4.0
I19JC029846L,17,,fim_semana,11.385,3.694,4.1677,1.85,1.85,normal,normal,alta,7,historico fim_semana,4.0
I19JC029846L,18,,fim_semana,0.473,1.1886,0.7587,-0.94,-0.94,normal,normal,alta,7,historico fim_semana,4.0
I19JC029846L,19,,fim_semana,0.457,1.324,0.7585,-1.14,-1.14,normal,normal,alta,7,historico fim_semana,4.0
I19JC029846L,20,,fim_semana,0.429,1.5323,0.8422,-1.31,-1.31,normal,normal,alta,6,historico fim_semana,4.0
I19JC029855,0,,fim_semana,0.018,0.022,0.0159,-0.25,-0.25,normal,normal,alta,5,historico fim_semana,4.0
I19JC029855,1,,fim_semana,0.017,0.0324,0.0379,-0.41,-0.41,normal,normal,alta,5,historico fim_semana,4.0
I19JC029855,2,,fim_semana,0.016,0.0232,0.017,-0.42,-0.42,normal,normal,alta,5,historico fim_semana,4.0
I19JC029855,3,,fim_semana,0.018,0.0232,0.0179,-0.29,-0.29,normal,normal,alta,5,historico fim_semana,4.0
I19JC029855,4,,fim_semana,0.016,0.05,0.0269,-1.26,-1.26,normal,normal,alta,6,historico fim_semana,4.0
I19JC029855,5,,fim_semana,0.017,0.0218,0.0151,-0.32,-0.32,normal,normal,alta,6,historico fim_semana,4.0
I19JC029855,6,,fim_semana,0.017,0.0222,0.0152,-0.34,-0.34,normal,normal,alta,6,historico fim_semana,4.0
I19JC029855,7,,fim_semana,0.016,0.0457,0.0559,-0.53,-0.53,normal,normal,alta,6,historico fim_semana,4.0
I19JC029855,8,,fim_semana,0.516,0.174,0.2138,1.6,1.6,normal,normal,alta,6,historico fim_semana,4.0
I19JC029855,9,,fim_semana,0.064,0.1294,0.1866,-0.35,-0.35,normal,normal,alta,7,historico fim_semana,4.0
I19JC029855,10,,fim_semana,0.582,0.2257,0.2444,1.46,1.46,normal,normal,alta,7,historico fim_semana,4.0
I19JC029855,11,,fim_semana,0.44,0.1377,0.1067,2.83,2.83,normal,normal,alta,7,historico fim_semana,4.0
I19JC029855,12,,fim_semana,0.174,0.3937,0.4495,-0.49,-0.49,normal,normal,alta,8,historico fim_semana,4.0
I19JC029855,13,,fim_semana,0.246,0.2576,0.1916,-0.06,-0.06,normal,normal,alta,7,historico fim_semana,4.0
I19JC029855,14,,fim_semana,0.532,0.1799,0.1885,1.87,1.87,normal,normal,alta,7,historico fim_semana,4.0
I19JC029855,15,,fim_semana,0.266,0.3759,0.2774,-0.4,-0.4,normal,normal,alta,7,historico fim_semana,4.0
I19JC029855,16,,fim_semana,0.056,0.2704,0.2578,-0.83,-0.83,normal,normal,alta,7,historico fim_semana,4.0
I19JC029855,17,,fim_semana,0.051,0.291,0.3189,-0.75,-0.75,normal,normal,alta,7,historico fim_semana,4.0
I19JC029855,18,,fim_semana,0.041,0.1876,0.1885,-0.78,-0.78,normal,normal,alta,7,historico fim_semana,4.0
I19JC029855,19,,fim_semana,0.019,0.106,0.1401,-0.62,-0.62,normal,normal,alta,7,historico fim_semana,4.0
I19JC029855,20,,fim_semana,0.019,0.2678,0.506,-0.49,-0.49,normal,normal,alta,5,historico fim_semana,4.0
I19JC029855,21,,fim_semana,0.018,0.0242,0.0295,-0.21,-0.21,normal,normal,alta,6,historico fim_semana,4.0
I19JC029855,22,,fim_semana,0.021,0.018,0.0132,0.23,0.23,normal,normal,alta,6,historico fim_semana,4.0
I19JC029855,23,,fim_semana,0.02,0.0188,0.0137,0.09,0.09,normal,normal,alta,6,historico fim_semana,4.0
I19JC029856,0,,fim_semana,1.953,1.3982,0.8695,0.64,0.64,normal,normal,alta,6,historico fim_semana,4.0
I19JC029856,1,,fim_semana,1.977,1.5019,0.8074,0.59,0.59,normal,normal,alta,7,historico fim_semana,4.0
I19JC029856,2,,fim_semana,1.993,1.5923,0.6664,0.6,0.6,normal,normal,alta,7,historico fim_semana,4.0
I19JC029856,3,,fim_semana,2.003,2.642,3.0118,-0.21,-0.21,normal,normal,alta,8,historico fim_semana,4.0
I19JC029856,4,,fim_semana,4.036,1.7327,0.5219,4.41,4.41,desvio,acima,alta,8,historico fim_semana,4.0
I19JC029856,5,,fim_semana,2.021,2.1549,1.6827,-0.08,-0.08,normal,normal,alta,8,historico fim_semana,4.0
I19JC029856,6,,fim_semana,2.012,1.6404,0.6317,0.59,0.59,normal,normal,alta,8,historico fim_semana,4.0
I19JC029856,7,,fim_semana,1.989,1.5087,0.7005,0.69,0.69,normal,normal,alta,6,historico fim_semana,4.0
I19JC029856,8,,fim_semana,1.916,1.529,0.6483,0.6,0.6,normal,normal,alta,7,historico fim_semana,4.0
I19JC029856,9,,fim_semana,1.828,1.4687,0.6276,0.57,0.57,normal,normal,alta,7,historico fim_semana,4.0
I19JC029856,10,,fim_semana,1.743,1.421,0.6055,0.53,0.53,normal,normal,alta,7,historico fim_semana,4.0
I19JC029856,11,,fim_semana,1.715,1.4007,0.5946,0.53,0.53,normal,normal,alta,7,historico fim_semana,4.0
I19JC029856,12,,fim_semana,1.737,2.58,2.7465,-0.31,-0.31,normal,normal,alta,8,historico fim_semana,4.0
I19JC029856,13,,fim_semana,1.795,1.4705,0.5699,0.57,0.57,normal,normal,alta,8,historico fim_semana,4.0
I19JC029856,14,,fim_semana,1.822,1.4922,0.5773,0.57,0.57,normal,normal,alta,8,historico fim_semana,4.0
I19JC029856,19,,fim_semana,9.307,1.6155,0.5149,10.0,14.94,desvio,acima,alta,6,historico fim_semana,4.0
I19JC029856,20,,fim_semana,1.802,1.9132,1.0018,-0.11,-0.11,normal,normal,alta,6,historico fim_semana,4.0
I19JC029856,21,,fim_semana,1.829,1.6385,0.5251,0.36,0.36,normal,normal,alta,6,historico fim_semana,4.0
I19JC029856,22,,fim_semana,1.886,1.6758,0.5346,0.39,0.39,normal,normal,alta,6,historico fim_semana,4.0
I19JC029856,23,,fim_semana,1.943,3.4698,3.2264,-0.47,-0.47,normal,normal,alta,6,historico fim_semana,4.0
I19JC029867,0,,fim_semana,0.0,0.0,0.01,0.0,0.0,normal,normal,alta,8,historico fim_semana,4.0
I19JC029867,1,,fim_semana,0.0,0.0,0.01,0.0,0.0,normal,normal,alta,8,historico fim_semana,4.0
I19JC029867,2,,fim_semana,0.0,0.0,0.01,0.0,0.0,normal,normal,alta,8,historico fim_semana,4.0
I19JC029867,3,,fim_semana,0.0,0.0,0.01,0.0,0.0,normal,normal,alta,8,historico fim_semana,4.0
I19JC029867,4,,fim_semana,0.0,0.0,0.01,0.0,0.0,normal,normal,alta,8,historico fim_semana,4.0
I19JC029867,5,,fim_semana,0.0,0.0,0.01,0.0,0.0,normal,normal,alta,8,historico fim_semana,4.0
I19JC029867,6,,fim_semana,0.0,0.0,0.01,0.0,0.0,normal,normal,alta,8,historico fim_semana,4.0
I19JC029867,7,,fim_semana,0.0,0.0,0.01,0.0,0.0,normal,normal,alta,8,historico fim_semana,4.0
I19JC029867,8,,fim_semana,0.0,0.0,0.01,0.0,0.0,normal,normal,alta,8,historico fim_semana,4.0
I19JC029867,9,,fim_semana,0.0,0.0,0.01,0.0,0.0,normal,normal,alta,7,historico fim_semana,4.0
I19JC029867,10,,fim_semana,0.0,0.0,0.01,0.0,0.0,normal,normal,alta,7,historico fim_semana,4.0
I19JC029867,11,,fim_semana,0.0,0.0,0.01,0.0,0.0,normal,normal,alta,7,historico fim_semana,4.0
I19JC029867,12,,fim_semana,0.0,0.0,0.01,0.0,0.0,normal,normal,alta,7,historico fim_semana,4.0
I19JC029867,13,,fim_semana,0.0,0.0,0.01,0.0,0.0,normal,normal,alta,7,historico fim_semana,4.0
I19JC029867,14,,fim_semana,0.0,0.0,0.01,0.0,0.0,normal,normal,alta,7,historico fim_semana,4.0
I19JC029867,15,,fim_semana,0.0,0.0,0.01,0.0,0.0,normal,normal,alta,7,historico fim_semana,4.0
I19JC029867,16,,fim_semana,0.0,0.0,0.01,0.0,0.0,normal,normal,alta,7,historico fim_semana,4.0
I19JC029867,17,,fim_semana,0.0,0.0,0.01,0.0,0.0,normal,normal,alta,8,historico fim_semana,4.0
I19JC029867,18,,fim_semana,0.0,0.0,0.01,0.0,0.0,normal,normal,alta,8,historico fim_semana,4.0
I19JC029867,19,,fim_semana,0.0,0.0,0.01,0.0,0.0,normal,normal,alta,8,historico fim_semana,4.0
I19JC029867,20,,fim_semana,0.0,0.0,0.01,0.0,0.0,normal,normal,alta,8,historico fim_semana,4.0
I19JC029867,21,,fim_semana,0.0,0.0,0.01,0.0,0.0,normal,normal,alta,7,historico fim_semana,4.0
I19JC029867,22,,fim_semana,0.0,0.0,0.01,0.0,0.0,normal,normal,alta,8,historico fim_semana,4.0
I19JC029867,23,,fim_semana,0.0,0.0,0.01,0.0,0.0,normal,normal,alta,8,historico fim_semana,4.0
I19JC029868,0,,fim_semana,0.0,0.1453,0.2251,-0.65,-0.65,normal,normal,alta,6,historico fim_semana,4.0
I19JC029868,1,,fim_semana,0.0,0.1463,0.2267,-0.65,-0.65,normal,normal,alta,6,historico fim_semana,4.0
I19JC029868,2,,fim_semana,0.0,0.1472,0.228,-0.65,-0.65,normal,normal,alta,6,historico fim_semana,4.0
I19JC029868,3,,fim_semana,0.0,0.1477,0.2288,-0.65,-0.65,normal,normal,alta,6,historico fim_semana,4.0
I19JC029868,4,,fim_semana,0.0,0.1478,0.229,-0.65,-0.65,normal,normal,alta,6,historico fim_semana,4.0
I19JC029868,5,,fim_semana,0.0,0.148,0.2293,-0.65,-0.65,normal,normal,alta,6,historico fim_semana,4.0
I19JC029868,6,,fim_semana,0.0,0.1475,0.2285,-0.65,-0.65,normal,normal,alta,6,historico fim_semana,4.0
I19JC029868,7,,fim_semana,0.0,0.1463,0.2267,-0.65,-0.65,normal,normal,alta,6,historico fim_semana,4.0
I19JC029868,12,,fim_semana,0.0,0.1327,0.2055,-0.65,-0.65,normal,normal,alta,6,historico fim_semana,4.0
I19JC029868,13,,fim_semana,0.0,0.1345,0.2084,-0.65,-0.65,normal,normal,alta,6,historico fim_semana,4.0
I19JC029868,14,,fim_semana,0.0,0.1362,0.211,-0.65,-0.65,normal,normal,alta,6,historico fim_semana,4.0
I19JC029868,15,,fim_semana,0.0,0.1383,0.2143,-0.65,-0.65,normal,normal,alta,6,historico fim_semana,4.0
I19JC029868,16,,fim_semana,0.0,0.1405,0.2177,-0.65,-0.65,normal,normal,alta,6,historico fim_semana,4.0
I19JC029868,17,,fim_semana,0.0,0.141,0.2184,-0.65,-0.65,normal,normal,alta,6,historico fim_semana,4.0
I19JC029868,18,,fim_semana,0.0,0.14,0.2169,-0.65,-0.65,normal,normal,alta,6,historico fim_semana,4.0
I19JC029868,19,,fim_semana,0.0,0.1383,0.2143,-0.65,-0.65,normal,normal,alta,6,historico fim_semana,4.0
I19JC029868,20,,fim_semana,0.0,0.1642,0.2248,-0.73,-0.73,normal,normal,alta,5,historico fim_semana,4.0
I19JC029868,21,,fim_semana,0.0,0.1378,0.2135,-0.65,-0.65,normal,normal,alta,6,historico fim_semana,4.0
I19JC029868,22,,fim_semana,0.0,0.1403,0.2174,-0.65,-0.65,normal,normal,alta,6,historico fim_semana,4.0
I19JC029868,23,,fim_semana,0.0,0.1423,0.2205,-0.65,-0.65,normal,normal,alta,6,historico fim_semana,4.0
I19JC029874,0,,fim_semana,0.0,0.0,0.01,0.0,0.0,normal,normal,alta,8,historico fim_semana,4.0
I19JC029874,1,,fim_semana,0.0,0.0,0.01,0.0,0.0,normal,normal,alta,8,historico fim_semana,4.0
I19JC029874,2,,fim_semana,0.0,0.0,0.01,0.0,0.0,normal,normal,alta,8,historico fim_semana,4.0
I19JC029874,3,,fim_semana,0.0,0.0,0.01,0.0,0.0,normal,normal,alta,8,historico fim_semana,4.0
I19JC029874,4,,fim_semana,0.0,0.0,0.01,0.0,0.0,normal,normal,alta,8,historico fim_semana,4.0
I19JC029874,5,,fim_semana,0.0,0.0001,0.01,-0.01,-0.01,normal,normal,alta,8,historico fim_semana,4.0
I19JC029874,6,,fim_semana,0.0,0.0,0.01,0.0,0.0,normal,normal,alta,8,historico fim_semana,4.0
I19JC029874,7,,fim_semana,0.0,0.0,0.01,0.0,0.0,normal,normal,alta,8,historico fim_semana,4.0
I19JC029874,8,,fim_semana,0.0,0.0,0.01,0.0,0.0,normal,normal,alta,8,historico fim_semana,4.0
I19JC029874,9,,fim_semana,0.0,0.0,0.01,0.0,0.0,normal,normal,alta,8,historico fim_semana,4.0
I19JC029874,10,,fim_semana,0.0,0.0,0.01,0.0,0.0,normal,normal,alta,8,historico fim_semana,4.0
I19JC029874,11,,fim_semana,0.0,0.0,0.01,0.0,0.0,normal,normal,alta,8,historico fim_semana,4.0
I19JC029874,12,,fim_semana,0.0,0.0,0.01,0.0,0.0,normal,normal,alta,8,historico fim_semana,4.0
I19JC029874,13,,fim_semana,0.0,0.0,0.01,0.0,0.0,normal,normal,alta,8,historico fim_semana,4.0
I19JC029874,14,,fim_semana,0.0,0.0,0.01,0.0,0.0,normal,normal,alta,8,historico fim_semana,4.0
I19JC029874,15,,fim_semana,0.0,0.0,0.01,0.0,0.0,normal,normal,alta,8,historico fim_semana,4.0
I19JC029874,16,,fim_semana,0.0,0.0,0.01,0.0,0.0,normal,normal,alta,8,historico fim_semana,4.0
I19JC029874,17,,fim_semana,0.0,0.0,0.01,0.0,0.0,normal,normal,alta,8,historico fim_semana,4.0
I19JC029874,18,,fim_semana,0.0,0.0,0.01,0.0,0.0,normal,normal,alta,8,historico fim_semana,4.0
I19JC029874,19,,fim_semana,0.0,0.0001,0.01,-0.01,-0.01,normal,normal,alta,8,historico fim_semana,4.0
I19JC029874,20,,fim_semana,0.0,0.0001,0.01,-0.01,-0.01,normal,normal,alta,8,historico fim_semana,4.0
I19JC029874,21,,fim_semana,0.0,0.0,0.01,0.0,0.0,normal,normal,alta,8,historico fim_semana,4.0
I19JC029874,22,,fim_semana,0.0,0.0,0.01,0.0,0.0,normal,normal,alta,8,historico fim_semana,4.0
I19JC029874,23,,fim_semana,0.0,0.0,0.01,0.0,0.0,normal,normal,alta,8,historico fim_semana,4.0
I19JC029877,0,,fim_semana,0.005,0.0059,0.01,-0.09,-0.09,normal,normal,alta,8,historico fim_semana,4.0
I19JC029877,1,,fim_semana,0.006,0.006,0.01,0.0,0.0,normal,normal,alta,8,historico fim_semana,4.0
I19JC029877,2,,fim_semana,0.005,0.0055,0.01,-0.05,-0.05,normal,normal,alta,8,historico fim_semana,4.0
I19JC029877,3,,fim_semana,0.006,0.006,0.01,0.0,0.0,normal,normal,alta,8,historico fim_semana,4.0
I19JC029877,4,,fim_semana,0.006,0.0057,0.01,0.03,0.03,normal,normal,alta,8,historico fim_semana,4.0
I19JC029877,5,,fim_semana,0.005,0.0056,0.01,-0.06,-0.06,normal,normal,alta,8,historico fim_semana,4.0
I19JC029877,6,,fim_semana,0.005,0.006,0.01,-0.1,-0.1,normal,normal,alta,8,historico fim_semana,4.0
I19JC029877,7,,fim_semana,0.006,0.0057,0.01,0.03,0.03,normal,normal,alta,8,historico fim_semana,4.0
I19JC029877,8,,fim_semana,0.006,0.0056,0.01,0.04,0.04,normal,normal,alta,8,historico fim_semana,4.0
I19JC029877,9,,fim_semana,0.006,0.0063,0.01,-0.03,-0.03,normal,normal,alta,8,historico fim_semana,4.0
I19JC029877,10,,fim_semana,0.005,0.0059,0.01,-0.09,-0.09,normal,normal,alta,8,historico fim_semana,4.0
I19JC029877,11,,fim_semana,0.005,0.0054,0.01,-0.04,-0.04,normal,normal,alta,8,historico fim_semana,4.0
I19JC029877,12,,fim_semana,0.006,0.006,0.01,0.0,0.0,normal,normal,alta,8,historico fim_semana,4.0
I19JC029877,13,,fim_semana,0.005,0.0065,0.01,-0.15,-0.15,normal,normal,alta,8,historico fim_semana,4.0
I19JC029877,14,,fim_semana,0.006,0.0063,0.01,-0.03,-0.03,normal,normal,alta,8,historico fim_semana,4.0
I19JC029877,15,,fim_semana,0.005,0.0057,0.01,-0.07,-0.07,normal,normal,alta,8,historico fim_semana,4.0
I19JC029877,16,,fim_semana,0.005,0.0059,0.01,-0.09,-0.09,normal,normal,alta,8,historico fim_semana,4.0
I19JC029877,17,,fim_semana,0.006,0.0049,0.01,0.11,0.11,normal,normal,alta,8,historico fim_semana,4.0
I19JC029877,18,,fim_semana,0.005,0.0055,0.01,-0.05,-0.05,normal,normal,alta,8,historico fim_semana,4.0
I19JC029877,19,,fim_semana,0.005,0.0054,0.01,-0.04,-0.04,normal,normal,alta,8,historico fim_semana,4.0
I19JC029877,20,,fim_semana,0.006,0.0056,0.01,0.04,0.04,normal,normal,alta,8,historico fim_semana,4.0
I19JC029877,21,,fim_semana,0.006,0.0057,0.01,0.03,0.03,normal,normal,alta,8,historico fim_semana,4.0
I19JC029877,22,,fim_semana,0.005,0.006,0.01,-0.1,-0.1,normal,normal,alta,8,historico fim_semana,4.0
I19JC029877,23,,fim_semana,0.006,0.0056,0.01,0.04,0.04,normal,normal,alta,8,historico fim_semana,4.0
I19JC029878,0,,fim_semana,0.0,0.0,0.01,0.0,0.0,normal,normal,alta,7,historico fim_semana,4.0
I19JC029878,1,,fim_semana,0.0,0.0,0.01,0.0,0.0,normal,normal,alta,7,historico fim_semana,4.0
I19JC029878,2,,fim_semana,0.0,0.0,0.01,0.0,0.0,normal,normal,alta,7,historico fim_semana,4.0
I19JC029878,3,,fim_semana,0.0,0.0,0.01,0.0,0.0,normal,normal,alta,7,historico fim_semana,4.0
I19JC029878,4,,fim_semana,0.0,0.0,0.01,0.0,0.0,normal,normal,alta,8,historico fim_semana,4.0
I19JC029878,5,,fim_semana,0.0,0.0,0.01,0.0,0.0,normal,normal,alta,8,historico fim_semana,4.0
I19JC029878,6,,fim_semana,0.0,0.0,0.01,0.0,0.0,normal,normal,alta,8,historico fim_semana,4.0
I19JC029878,7,,fim_semana,0.0,0.0,0.01,0.0,0.0,normal,normal,alta,8,historico fim_semana,4.0
I19JC029878,8,,fim_semana,0.0,0.0,0.01,0.0,0.0,normal,normal,alta,6,historico fim_semana,4.0
I19JC029878,9,,fim_semana,0.0,0.0,0.01,0.0,0.0,normal,normal,alta,6,historico fim_semana,4.0
I19JC029878,10,,fim_semana,0.0,0.0,0.01,0.0,0.0,normal,normal,alta,6,historico fim_semana,4.0
I19JC029878,11,,fim_semana,0.0,0.0,0.01,0.0,0.0,normal,normal,alta,6,historico fim_semana,4.0
I19JC029878,12,,fim_semana,0.0,0.0,0.01,0.0,0.0,normal,normal,alta,8,historico fim_semana,4.0
I19JC029878,13,,fim_semana,0.0,0.0,0.01,0.0,0.0,normal,normal,alta,8,historico fim_semana,4.0
I19JC029878,14,,fim_semana,0.0,0.0,0.01,0.0,0.0,normal,normal,alta,8,historico fim_semana,4.0
I19JC029878,15,,fim_semana,0.0,0.0,0.01,0.0,0.0,normal,normal,alta,8,historico fim_semana,4.0
I19JC029878,16,,fim_semana,0.0,0.0,0.01,0.0,0.0,normal,normal,alta,8,historico fim_semana,4.0
I19JC029878,17,,fim_semana,0.0,0.0,0.01,0.0,0.0,normal,normal,alta,8,historico fim_semana,4.0
I19JC029878,18,,fim_semana,0.0,0.0,0.01,0.0,0.0,normal,normal,alta,8,historico fim_semana,4.0
I19JC029878,19,,fim_semana,0.0,0.0,0.01,0.0,0.0,normal,normal,alta,8,historico fim_semana,4.0
I19JC029878,20,,fim_semana,0.0,0.0,0.01,0.0,0.0,normal,normal,alta,8,historico fim_semana,4.0
I19JC029878,21,,fim_semana,0.0,0.0,0.01,0.0,0.0,normal,normal,alta,8,historico fim_semana,4.0
I19JC029878,22,,fim_semana,0.0,0.0,0.01,0.0,0.0,normal,normal,alta,8,historico fim_semana,4.0
I19JC029878,23,,fim_semana,0.0,0.0,0.01,0.0,0.0,normal,normal,alta,8,historico fim_semana,4.0
I19JC029884,0,,fim_semana,0.0,0.0,0.01,0.0,0.0,normal,normal,alta,7,historico fim_semana,4.0
I19JC029884,1,,fim_semana,0.0,0.0,0.01,0.0,0.0,normal,normal,alta,6,historico fim_semana,4.0
I19JC029884,2,,fim_semana,0.0,0.0,0.01,0.0,0.0,normal,normal,alta,6,historico fim_semana,4.0
I19JC029884,3,,fim_semana,0.0,0.0,0.01,0.0,0.0,normal,normal,alta,6,historico fim_semana,4.0
I19JC029884,4,,fim_semana,0.0,0.0,0.01,0.0,0.0,normal,normal,alta,6,historico fim_semana,4.0
I19JC029884,5,,fim_semana,0.0,0.0,0.01,0.0,0.0,normal,normal,alta,7,historico fim_semana,4.0
I19JC029884,6,,fim_semana,0.0,0.0,0.01,0.0,0.0,normal,normal,alta,7,historico fim_semana,4.0
I19JC029884,7,,fim_semana,0.0,0.0,0.01,0.0,0.0,normal,normal,alta,7,historico fim_semana,4.0
I19JC029884,8,,fim_semana,0.0,0.0,0.01,0.0,0.0,normal,normal,alta,7,historico fim_semana,4.0
I19JC029884,9,,fim_semana,0.0,0.0,0.01,0.0,0.0,normal,normal,alta,7,historico fim_semana,4.0
I19JC029884,10,,fim_semana,0.0,0.0,0.01,0.0,0.0,normal,normal,alta,7,historico fim_semana,4.0
I19JC029884,11,,fim_semana,0.0,0.0,0.01,0.0,0.0,normal,normal,alta,7,historico fim_semana,4.0
I19JC029884,12,,fim_semana,0.0,0.0,0.01,0.0,0.0,normal,normal,alta,7,historico fim_semana,4.0
I19JC029884,17,,fim_semana,0.0,0.0,0.01,0.0,0.0,normal,normal,alta,7,historico fim_semana,4.0
I19JC029884,18,,fim_semana,0.0,0.0,0.01,0.0,0.0,normal,normal,alta,7,historico fim_semana,4.0
I19JC029884,19,,fim_semana,0.0,0.0,0.01,0.0,0.0,normal,normal,alta,7,historico fim_semana,4.0
I19JC029884,20,,fim_semana,0.0,0.0,0.01,0.0,0.0,normal,normal,alta,7,historico fim_semana,4.0
I19JC029884,21,,fim_semana,0.0,0.0,0.01,0.0,0.0,normal,normal,alta,7,historico fim_semana,4.0
I19JC029884,22,,fim_semana,0.0,0.0,0.01,0.0,0.0,normal,normal,alta,7,historico fim_semana,4.0
I19JC029884,23,,fim_semana,0.0,0.0,0.01,0.0,0.0,normal,normal,alta,7,historico fim_semana,4.0
I19JC029885,0,,fim_semana,0.0,0.0665,0.1231,-0.54,-0.54,normal,normal,alta,8,historico fim_semana,4.0
I19JC029885,1,,fim_semana,0.0,0.0678,0.1254,-0.54,-0.54,normal,normal,alta,8,historico fim_semana,4.0
I19JC029885,2,,fim_semana,0.0,0.0681,0.1261,-0.54,-0.54,normal,normal,alta,8,historico fim_semana,4.0
I19JC029885,3,,fim_semana,0.0,0.0683,0.1264,-0.54,-0.54,normal,normal,alta,8,historico fim_semana,4.0
I19JC029885,4,,fim_semana,0.0,0.0683,0.1264,-0.54,-0.54,normal,normal,alta,8,historico fim_semana,4.0
I19JC029885,5,,fim_semana,0.0,0.0679,0.1257,-0.54,-0.54,normal,normal,alta,8,historico fim_semana,4.0
I19JC029885,6,,fim_semana,0.0,0.0675,0.125,-0.54,-0.54,normal,normal,alta,8,historico fim_semana,4.0
I19JC029885,7,,fim_semana,0.0,0.0663,0.1227,-0.54,-0.54,normal,normal,alta,8,historico fim_semana,4.0
I19JC029885,8,,fim_semana,0.0,0.0639,0.1183,-0.54,-0.54,normal,normal,alta,8,historico fim_semana,4.0
I19JC029885,9,,fim_semana,0.0,0.061,0.113,-0.54,-0.54,normal,normal,alta,8,historico fim_semana,4.0
I19JC029885,10,,fim_semana,0.0,0.0587,0.1088,-0.54,-0.54,normal,normal,alta,8,historico fim_semana,4.0
I19JC029885,11,,fim_semana,0.0,0.0582,0.1079,-0.54,-0.54,normal,normal,alta,8,historico fim_semana,4.0
I19JC029885,12,,fim_semana,0.0,0.0585,0.1083,-0.54,-0.54,normal,normal,alta,8,historico fim_semana,4.0
I19JC029885,13,,fim_semana,0.0,0.0595,0.1102,-0.54,-0.54,normal,normal,alta,8,historico fim_semana,4.0
I19JC029885,14,,fim_semana,0.0,0.0606,0.1123,-0.54,-0.54,normal,normal,alta,8,historico fim_semana,4.0
I19JC029885,15,,fim_semana,0.0,0.0626,0.116,-0.54,-0.54,normal,normal,alta,8,historico fim_semana,4.0
I19JC029885,16,,fim_semana,0.0,0.0635,0.1176,-0.54,-0.54,normal,normal,alta,8,historico fim_semana,4.0
I19JC029885,17,,fim_semana,0.0,0.0631,0.1169,-0.54,-0.54,normal,normal,alta,8,historico fim_semana,4.0
I19JC029885,18,,fim_semana,0.0,0.0624,0.1155,-0.54,-0.54,normal,normal,alta,8,historico fim_semana,4.0
I19JC029885,19,,fim_semana,0.0,0.0615,0.1139,-0.54,-0.54,normal,normal,alta,8,historico fim_semana,4.0
I19JC029885,20,,fim_semana,0.0,0.0614,0.1136,-0.54,-0.54,normal,normal,alta,8,historico fim_semana,4.0
I19JC029885,21,,fim_semana,0.0,0.0713,0.1218,-0.59,-0.59,normal,normal,alta,7,historico fim_semana,4.0
I19JC029885,22,,fim_semana,0.0,0.0644,0.1192,-0.54,-0.54,normal,normal,alta,8,historico fim_semana,4.0
I19JC029885,23,,fim_semana,0.0,0.066,0.1222,-0.54,-0.54,normal,normal,alta,8,historico fim_semana,4.0
I19JC065474,0,,fim_semana,0.0,0.1658,0.302,-0.55,-0.55,normal,normal,alta,6,historico fim_semana,4.0
I19JC065474,1,,fim_semana,0.0,0.0473,0.0367,-1.29,-1.29,normal,normal,alta,6,historico fim_semana,4.0
I19JC065474,2,,fim_semana,0.0,0.0478,0.0371,-1.29,-1.29,normal,normal,alta,6,historico fim_semana,4.0
I19JC065474,3,,fim_semana,0.0,0.1865,0.2368,-0.79,-0.79,normal,normal,alta,6,historico fim_semana,4.0
I19JC065474,4,,fim_semana,0.0,0.1434,0.2844,-0.5,-0.5,normal,normal,alta,7,historico fim_semana,4.0
I19JC065474,5,,fim_semana,0.0,0.0411,0.0385,-1.07,-1.07,normal,normal,alta,7,historico fim_semana,4.0
I19JC065474,6,,fim_semana,0.0,0.1016,0.1756,-0.58,-0.58,normal,normal,alta,7,historico fim_semana,4.0
I19JC065474,7,,fim_semana,0.0,0.0414,0.0388,-1.07,-1.07,normal,normal,alta,7,historico fim_semana,4.0
I19JC065474,8,,fim_semana,0.0,0.0434,0.0396,-1.1,-1.1,normal,normal,alta,5,historico fim_semana,4.0
I19JC065474,9,,fim_semana,0.0,0.0943,0.1293,-0.73,-0.73,normal,normal,alta,6,historico fim_semana,4.0
I19JC065474,10,,fim_semana,0.0,0.0477,0.0369,-1.29,-1.29,normal,normal,alta,6,historico fim_semana,4.0
I19JC065474,11,,fim_semana,0.0,0.0477,0.037,-1.29,-1.29,normal,normal,alta,6,historico fim_semana,4.0
I19JC065474,16,,fim_semana,0.0,0.0477,0.0413,-1.15,-1.15,normal,normal,baixa,3,historico fim_semana (poucos dados),4.0
I19JC065474,17,,fim_semana,0.0,0.188,0.2673,-0.7,-0.7,normal,normal,baixa,3,historico fim_semana (poucos dados),4.0
I19JC065474,18,,fim_semana,0.0,0.0483,0.042,-1.15,-1.15,normal,normal,baixa,3,historico fim_semana (poucos dados),4.0
I19JC065474,19,,fim_semana,0.0,0.0473,0.041,-1.15,-1.15,normal,normal,baixa,3,historico fim_semana (poucos dados),4.0
I19JC065474,20,,fim_semana,0.0,0.9691,1.8858,-0.51,-0.51,normal,normal,alta,7,historico fim_semana,4.0
I19JC065474,21,,fim_semana,0.0,0.0416,0.0389,-1.07,-1.07,normal,normal,alta,7,historico fim_semana,4.0
I19JC065474,22,,fim_semana,0.0,0.0414,0.0388,-1.07,-1.07,normal,normal,alta,7,historico fim_semana,4.0
I19JC065474,23,,fim_semana,0.0,0.0413,0.0386,-1.07,-1.07,normal,normal,alta,7,historico fim_semana,4.0
I19JC065475,0,,fim_semana,0.0,0.0,0.01,0.0,0.0,normal,normal,alta,8,historico fim_semana,4.0
I19JC065475,1,,fim_semana,0.0,0.0,0.01,0.0,0.0,normal,normal,alta,8,historico fim_semana,4.0
I19JC065475,2,,fim_semana,0.0,0.0,0.01,0.0,0.0,normal,normal,alta,8,historico fim_semana,4.0
I19JC065475,3,,fim_semana,0.0,0.0,0.01,0.0,0.0,normal,normal,alta,8,historico fim_semana,4.0
I19JC065475,4,,fim_semana,0.0,0.0,0.01,0.0,0.0,normal,normal,alta,7,historico fim_semana,4.0
I19JC065475,5,,fim_semana,0.0,0.0,0.01,0.0,0.0,normal,normal,alta,7,historico fim_semana,4.0
I19JC065475,6,,fim_semana,0.0,0.0,0.01,0.0,0.0,normal,normal,alta,7,historico fim_semana,4.0
I19JC065475,7,,fim_semana,0.0,0.0,0.01,0.0,0.0,normal,normal,alta,7,historico fim_semana,4.0
I19JC065475,8,,fim_semana,0.0,0.0,0.01,0.0,0.0,normal,normal,alta,7,historico fim_semana,4.0
I19JC065475,9,,fim_semana,0.0,0.0,0.01,0.0,0.0,normal,normal,alta,7,historico fim_semana,4.0
I19JC065475,10,,fim_semana,0.0,0.0,0.01,0.0,0.0,normal,normal,alta,7,historico fim_semana,4.0
I19JC065475,11,,fim_semana,0.0,0.0,0.01,0.0,0.0,normal,normal,alta,7,historico fim_semana,4.0
I19JC065475,12,,fim_semana,0.0,0.0,0.01,0.0,0.0,normal,normal,alta,7,historico fim_semana,4.0
I19JC065475,13,,fim_semana,0.0,0.0,0.01,0.0,0.0,normal,normal,alta,7,historico fim_semana,4.0
I19JC065475,14,,fim_semana,0.0,0.0,0.01,0.0,0.0,normal,normal,alta,7,historico fim_semana,4.0
I19JC065475,15,,fim_semana,0.0,0.0,0.01,0.0,0.0,normal,normal,alta,7,historico fim_semana,4.0
I19JC065475,16,,fim_semana,0.0,0.0,0.01,0.0,0.0,normal,normal,alta,8,historico fim_semana,4.0
I19JC065475,17,,fim_semana,0.0,0.0,0.01,0.0,0.0,normal,normal,alta,8,historico fim_semana,4.0
I19JC065475,18,,fim_semana,0.0,0.0,0.01,0.0,0.0,normal,normal,alta,8,historico fim_semana,4.0
I19JC065475,19,,fim_semana,0.0,0.0,0.01,0.0,0.0,normal,normal,alta,8,historico fim_semana,4.0
I19JC065475,20,,fim_semana,0.0,0.0,0.01,0.0,0.0,normal,normal,alta,8,historico fim_semana,4.0
I19JC065475,21,,fim_semana,0.0,0.0,0.01,0.0,0.0,normal,normal,alta,8,historico fim_semana,4.0
I19JC065475,22,,fim_semana,0.0,0.0,0.01,0.0,0.0,normal,normal,alta,8,historico fim_semana,4.0
I19JC065475,23,,fim_semana,0.0,0.0,0.01,0.0,0.0,normal,normal,alta,8,historico fim_semana,4.0
I19JC065506,0,,fim_semana,0.0,0.0,0.01,0.0,0.0,normal,normal,alta,8,historico fim_semana,4.0
I19JC065506,1,,fim_semana,0.0,0.0,0.01,0.0,0.0,normal,normal,alta,8,historico fim_semana,4.0
I19JC065506,2,,fim_semana,0.0,0.0,0.01,0.0,0.0,normal,normal,alta,8,historico fim_semana,4.0
I19JC065506,3,,fim_semana,0.0,0.0,0.01,0.0,0.0,normal,normal,alta,8,historico fim_semana,4.0
I19JC065506,4,,fim_semana,0.0,0.0,0.01,0.0,0.0,normal,normal,alta,8,historico fim_semana,4.0
I19JC065506,5,,fim_semana,0.0,0.0,0.01,0.0,0.0,normal,normal,alta,8,historico fim_semana,4.0
I19JC065506,6,,fim_semana,0.0,0.0524,0.0466,-1.12,-1.12,normal,normal,alta,8,historico fim_semana,4.0
I19JC065506,7,,fim_semana,0.58,0.5427,0.1357,0.27,0.27,normal,normal,alta,8,historico fim_semana,4.0
I19JC065506,8,,fim_semana,0.184,0.1786,0.1504,0.04,0.04,normal,normal,alta,8,historico fim_semana,4.0
I19JC065506,9,,fim_semana,0.0,0.0319,0.0361,-0.88,-0.88,normal,normal,alta,8,historico fim_semana,4.0
I19JC065506,10,,fim_semana,0.002,0.0507,0.0748,-0.65,-0.65,normal,normal,alta,8,historico fim_semana,4.0
I19JC065506,11,,fim_semana,0.0,0.0877,0.0713,-1.23,-1.23,normal,normal,alta,8,historico fim_semana,4.0
I19JC065506,12,,fim_semana,0.244,0.0658,0.0465,3.83,3.83,normal,normal,alta,8,historico fim_semana,4.0
I19JC065506,13,,fim_semana,0.03,0.0504,0.0312,-0.65,-0.65,normal,normal,alta,8,historico fim_semana,4.0
I19JC065506,14,,fim_semana,0.0,0.0,0.01,0.0,0.0,normal,normal,alta,8,historico fim_semana,4.0
I19JC065506,15,,fim_semana,0.0,0.0,0.01,0.0,0.0,normal,normal,alta,8,historico fim_semana,4.0
I19JC065506,16,,fim_semana,0.0,0.0,0.01,0.0,0.0,normal,normal,alta,8,historico fim_semana,4.0
I19JC065506,17,,fim_semana,0.0,0.0,0.01,0.0,0.0,normal,normal,alta,8,historico fim_semana,4.0
I19JC065506,18,,fim_semana,0.0,0.0,0.01,0.0,0.0,normal,normal,alta,8,historico fim_semana,4.0
I19JC065506,19,,fim_semana,0.0,0.0,0.01,0.0,0.0,normal,normal,alta,8,historico fim_semana,4.0
I19JC065506,20,,fim_semana,0.0,0.0,0.01,0.0,0.0,normal,normal,alta,8,historico fim_semana,4.0
I19JC065506,21,,fim_semana,0.0,0.0,0.01,0.0,0.0,normal,normal,alta,8,historico fim_semana,4.0
I19JC065506,22,,fim_semana,0.0,0.0,0.01,0.0,0.0,normal,normal,alta,8,historico fim_semana,4.0
I19JC065506,23,,fim_semana,0.0,0.0,0.01,0.0,0.0,normal,normal,alta,8,historico fim_semana,4.0
I19JC065518,0,,fim_semana,0.0,0.0,0.01,0.0,0.0,normal,normal,alta,8,historico fim_semana,4.0
I19JC065518,1,,fim_semana,0.0,0.0,0.01,0.0,0.0,normal,normal,alta,8,historico fim_semana,4.0
I19JC065518,2,,fim_semana,0.0,0.0,0.01,0.0,0.0,normal,normal,alta,8,historico fim_semana,4.0
I19JC065518,3,,fim_semana,0.0,0.0,0.01,0.0,0.0,normal,normal,alta,8,historico fim_semana,4.0
I19JC065518,4,,fim_semana,0.0,0.0,0.01,0.0,0.0,normal,normal,alta,8,historico fim_semana,4.0
I19JC065518,5,,fim_semana,0.0,0.0,0.01,0.0,0.0,normal,normal,alta,8,historico fim_semana,4.0
I19JC065518,6,,fim_semana,0.0,0.0,0.01,0.0,0.0,normal,normal,alta,8,historico fim_semana,4.0
I19JC065518,7,,fim_semana,0.0,0.0,0.01,0.0,0.0,normal,normal,alta,8,historico fim_semana,4.0
I19JC065518,8,,fim_semana,0.0,0.0,0.01,0.0,0.0,normal,normal,alta,8,historico fim_semana,4.0
I19JC065518,9,,fim_semana,0.0,0.0,0.01,0.0,0.0,normal,normal,alta,8,historico fim_semana,4.0
I19JC065518,10,,fim_semana,0.0,0.0,0.01,0.0,0.0,normal,normal,alta,8,historico fim_semana,4.0
I19JC065518,11,,fim_semana,0.0,0.0,0.01,0.0,0.0,normal,normal,alta,8,historico fim_semana,4.0
I19JC065518,12,,fim_semana,0.0,0.0,0.01,0.0,0.0,normal,normal,alta,8,historico fim_semana,4.0
I19JC065518,13,,fim_semana,0.0,0.0,0.01,0.0,0.0,normal,normal,alta,8,historico fim_semana,4.0
I19JC065518,14,,fim_semana,0.0,0.0,0.01,0.0,0.0,normal,normal,alta,8,historico fim_semana,4.0
I19JC065518,15,,fim_semana,0.0,0.0,0.01,0.0,0.0,normal,normal,alta,8,historico fim_semana,4.0
I19JC065518,16,,fim_semana,0.0,0.0,0.01,0.0,0.0,normal,normal,alta,8,historico fim_semana,4.0
I19JC065518,17,,fim_semana,0.0,0.0,0.01,0.0,0.0,normal,normal,alta,8,historico fim_semana,4.0
I19JC065518,18,,fim_semana,0.0,0.0,0.01,0.0,0.0,normal,normal,alta,8,historico fim_semana,4.0
I19JC065518,19,,fim_semana,0.0,0.0,0.01,0.0,0.0,normal,normal,alta,8,historico fim_semana,4.0
I19JC065518,20,,fim_semana,0.0,0.0,0.01,0.0,0.0,normal,normal,alta,8,historico fim_semana,4.0
I19JC065518,21,,fim_semana,0.0,0.0,0.01,0.0,0.0,normal,normal,alta,8,historico fim_semana,4.0
I19JC065518,22,,fim_semana,0.0,0.0,0.01,0.0,0.0,normal,normal,alta,8,historico fim_semana,4.0
I19JC065518,23,,fim_semana,0.0,0.0,0.01,0.0,0.0,normal,normal,alta,8,historico fim_semana,4.0
I19JC065519,0,,fim_semana,0.0,0.0,0.01,0.0,0.0,normal,normal,alta,8,historico fim_semana,4.0
I19JC065519,1,,fim_semana,0.0,0.0,0.01,0.0,0.0,normal,normal,alta,8,historico fim_semana,4.0
I19JC065519,2,,fim_semana,0.0,0.0,0.01,0.0,0.0,normal,normal,alta,8,historico fim_semana,4.0
I19JC065519,3,,fim_semana,0.0,0.0,0.01,0.0,0.0,normal,normal,alta,8,historico fim_semana,4.0
I19JC065519,4,,fim_semana,0.007,0.0023,0.01,0.47,0.47,normal,normal,alta,8,historico fim_semana,4.0
I19JC065519,5,,fim_semana,0.0,0.0,0.01,0.0,0.0,normal,normal,alta,8,historico fim_semana,4.0
I19JC065519,6,,fim_semana,0.0,0.0,0.01,0.0,0.0,normal,normal,alta,8,historico fim_semana,4.0
I19JC065519,7,,fim_semana,0.0,0.0,0.01,0.0,0.0,normal,normal,alta,8,historico fim_semana,4.0
I19JC065519,8,,fim_semana,0.971,0.3593,0.4958,1.23,1.23,normal,normal,alta,8,historico fim_semana,4.0
I19JC065519,9,,fim_semana,0.0,0.0,0.01,0.0,0.0,normal,normal,alta,8,historico fim_semana,4.0
I19JC065519,10,,fim_semana,0.0,0.0,0.01,0.0,0.0,normal,normal,alta,8,historico fim_semana,4.0
I19JC065519,11,,fim_semana,0.0,0.0,0.01,0.0,0.0,normal,normal,alta,8,historico fim_semana,4.0
I19JC065519,12,,fim_semana,0.0,0.0,0.01,0.0,0.0,normal,normal,alta,8,historico fim_semana,4.0
I19JC065519,13,,fim_semana,0.0,0.0,0.01,0.0,0.0,normal,normal,alta,8,historico fim_semana,4.0
I19JC065519,14,,fim_semana,0.0,0.0,0.01,0.0,0.0,normal,normal,alta,8,historico fim_semana,4.0
I19JC065519,15,,fim_semana,0.0,0.0,0.01,0.0,0.0,normal,normal,alta,8,historico fim_semana,4.0
I19JC065519,16,,fim_semana,0.0,0.0,0.01,0.0,0.0,normal,normal,alta,8,historico fim_semana,4.0
I19JC065519,17,,fim_semana,0.0,0.0,0.01,0.0,0.0,normal,normal,alta,8,historico fim_semana,4.0
I19JC065519,18,,fim_semana,0.0,0.0,0.01,0.0,0.0,normal,normal,alta,8,historico fim_semana,4.0
I19JC065519,19,,fim_semana,0.0,0.0,0.01,0.0,0.0,normal,normal,alta,8,historico fim_semana,4.0
I19JC065519,20,,fim_semana,0.0,0.0,0.01,0.0,0.0,normal,normal,alta,8,historico fim_semana,4.0
I19JC065519,21,,fim_semana,0.941,0.358,0.4941,1.18,1.18,normal,normal,alta,8,historico fim_semana,4.0
I19JC065519,22,,fim_semana,0.0,0.0,0.01,0.0,0.0,normal,normal,alta,8,historico fim_semana,4.0
I19JC065519,23,,fim_semana,0.0,0.0,0.01,0.0,0.0,normal,normal,alta,8,historico fim_semana,4.0
I19JC065533,0,,fim_semana,0.001,0.0,0.01,0.1,0.1,normal,normal,alta,6,historico fim_semana,4.0
I19JC065533,1,,fim_semana,0.0,0.3933,1.0401,-0.38,-0.38,normal,normal,alta,7,historico fim_semana,4.0
I19JC065533,2,,fim_semana,0.0,0.0,0.01,0.0,0.0,normal,normal,alta,7,historico fim_semana,4.0
I19JC065533,3,,fim_semana,0.0,0.0001,0.01,-0.01,-0.01,normal,normal,alta,7,historico fim_semana,4.0
I19JC065533,4,,fim_semana,0.0,0.0,0.01,0.0,0.0,normal,normal,alta,7,historico fim_semana,4.0
I19JC065533,5,,fim_semana,0.0,0.0002,0.01,-0.02,-0.02,normal,normal,alta,6,historico fim_semana,4.0
I19JC065533,6,,fim_semana,0.147,0.0512,0.0793,1.21,1.21,normal,normal,alta,6,historico fim_semana,4.0
I19JC065533,7,,fim_semana,2.788,0.9245,1.4318,1.3,1.3,normal,normal,alta,6,historico fim_semana,4.0
I19JC065533,8,,fim_semana,0.145,0.0505,0.0783,1.21,1.21,normal,normal,alta,6,historico fim_semana,4.0
I19JC065533,13,,fim_semana,8.571,2.0101,3.1632,2.07,2.07,normal,normal,alta,7,historico fim_semana,4.0
I19JC065533,14,,fim_semana,0.144,0.0664,0.0829,0.94,0.94,normal,normal,alta,7,historico fim_semana,4.0
I19JC065533,15,,fim_semana,2.777,1.1824,1.4748,1.08,1.08,normal,normal,alta,7,historico fim_semana,4.0
I19JC065533,16,,fim_semana,0.146,0.0666,0.0828,0.96,0.96,normal,normal,alta,7,historico fim_semana,4.0
I19JC065533,17,,fim_semana,2.786,1.041,1.4362,1.22,1.22,normal,normal,alta,8,historico fim_semana,4.0
I19JC065533,18,,fim_semana,0.146,0.0576,0.0796,1.11,1.11,normal,normal,alta,8,historico fim_semana,4.0
I19JC065533,19,,fim_semana,2.781,1.0332,1.426,1.23,1.23,normal,normal,alta,8,historico fim_semana,4.0
I19JC065533,20,,fim_semana,0.143,0.0579,0.08,1.06,1.06,normal,normal,alta,8,historico fim_semana,4.0
I19JC065537,0,,fim_semana,0.006,0.0077,0.01,-0.17,-0.17,normal,normal,alta,8,historico fim_semana,4.0
I19JC065537,1,,fim_semana,0.006,0.0074,0.01,-0.14,-0.14,normal,normal,alta,8,historico fim_semana,4.0
I19JC065537,2,,fim_semana,0.006,0.0076,0.01,-0.16,-0.16,normal,normal,alta,8,historico fim_semana,4.0
I19JC065537,3,,fim_semana,0.005,0.0076,0.01,-0.26,-0.26,normal,normal,alta,8,historico fim_semana,4.0
I19JC065537,4,,fim_semana,0.006,0.0075,0.01,-0.15,-0.15,normal,normal,alta,8,historico fim_semana,4.0
I19JC065537,5,,fim_semana,0.006,0.0077,0.01,-0.17,-0.17,normal,normal,alta,8,historico fim_semana,4.0
I19JC065537,6,,fim_semana,0.006,0.0074,0.01,-0.14,-0.14,normal,normal,alta,8,historico fim_semana,4.0
I19JC065537,7,,fim_semana,0.006,0.0245,0.0159,-1.16,-1.16,normal,normal,alta,8,historico fim_semana,4.0
I19JC065537,8,,fim_semana,0.006,0.0622,0.0423,-1.33,-1.33,normal,normal,alta,8,historico fim_semana,4.0
I19JC065537,9,,fim_semana,0.005,0.1727,0.0972,-1.73,-1.73,normal,normal,alta,8,historico fim_semana,4.0
I19JC065537,10,,fim_semana,0.006,0.2884,0.211,-1.34,-1.34,normal,normal,alta,8,historico fim_semana,4.0
I19JC065537,11,,fim_semana,0.006,0.1851,0.1898,-0.94,-0.94,normal,normal,alta,8,historico fim_semana,4.0
I19JC065537,12,,fim_semana,0.006,0.1504,0.1517,-0.95,-0.95,normal,normal,alta,8,historico fim_semana,4.0
I19JC065537,13,,fim_semana,0.006,0.0874,0.0843,-0.97,-0.97,normal,normal,alta,8,historico fim_semana,4.0
I19JC065537,14,,fim_semana,0.006,0.0924,0.0862,-1.0,-1.0,normal,normal,alta,7,historico fim_semana,4.0
I19JC065537,15,,fim_semana,0.005,0.1038,0.1341,-0.74,-0.74,normal,normal,alta,8,historico fim_semana,4.0
I19JC065537,16,,fim_semana,0.006,0.0855,0.152,-0.52,-0.52,normal,normal,alta,8,historico fim_semana,4.0
I19JC065537,17,,fim_semana,0.006,0.1098,0.2217,-0.47,-0.47,normal,normal,alta,8,historico fim_semana,4.0
I19JC065537,18,,fim_semana,0.006,0.0978,0.1735,-0.53,-0.53,normal,normal,alta,8,historico fim_semana,4.0
I19JC065537,19,,fim_semana,0.006,0.1111,0.191,-0.55,-0.55,normal,normal,alta,8,historico fim_semana,4.0
I19JC065537,20,,fim_semana,0.005,0.0099,0.01,-0.49,-0.49,normal,normal,alta,8,historico fim_semana,4.0
I19JC065537,21,,fim_semana,0.006,0.007,0.01,-0.1,-0.1,normal,normal,alta,8,historico fim_semana,4.0
I19JC065537,22,,fim_semana,0.006,0.0074,0.01,-0.14,-0.14,normal,normal,alta,8,historico fim_semana,4.0
I19JC065537,23,,fim_semana,0.006,0.0071,0.01,-0.11,-0.11,normal,normal,alta,8,historico fim_semana,4.0
I19JC065564I,0,,fim_semana,0.099,0.0511,0.0545,0.88,0.88,normal,normal,alta,8,historico fim_semana,4.0
I19JC065564I,1,,fim_semana,0.026,0.0189,0.0126,0.57,0.57,normal,normal,alta,8,historico fim_semana,4.0
I19JC065564I,2,,fim_semana,0.005,0.0074,0.01,-0.24,-0.24,normal,normal,alta,8,historico fim_semana,4.0
I19JC065564I,3,,fim_semana,0.0,0.005,0.01,-0.5,-0.5,normal,normal,alta,8,historico fim_semana,4.0
I19JC065564I,4,,fim_semana,0.021,0.0125,0.01,0.85,0.85,normal,normal,baixa,4,historico fim_semana (poucos dados),4.0
I19JC065564I,5,,fim_semana,0.013,0.024,0.0199,-0.55,-0.55,normal,normal,baixa,4,historico fim_semana (poucos dados),4.0
I19JC065564I,6,,fim_semana,0.06,0.0422,0.0106,1.68,1.68,normal,normal,baixa,4,historico fim_semana (poucos dados),4.0
I19JC065564I,7,,fim_semana,0.072,0.104,0.026,-1.23,-1.23,normal,normal,baixa,4,historico fim_semana (poucos dados),4.0
I19JC065564I,12,,fim_semana,0.481,0.2078,0.2125,1.29,1.29,normal,normal,alta,5,historico fim_semana,4.0
I19JC065564I,13,,fim_semana,0.145,0.0986,0.0246,1.88,1.88,normal,normal,alta,5,historico fim_semana,4.0
I19JC065564I,14,,fim_semana,0.068,0.0818,0.025,-0.55,-0.55,normal,normal,alta,5,historico fim_semana,4.0
I19JC065564I,15,,fim_semana,0.058,0.059,0.0244,-0.04,-0.04,normal,normal,alta,5,historico fim_semana,4.0
I19JC065564I,20,,fim_semana,0.623,0.2166,0.3603,1.13,1.13,normal,normal,alta,7,historico fim_semana,4.0
I19JC065564I,21,,fim_semana,0.055,0.0994,0.0665,-0.67,-0.67,normal,normal,alta,7,historico fim_semana,4.0
I19JC065564I,22,,fim_semana,0.036,0.0556,0.0471,-0.42,-0.42,normal,normal,alta,7,historico fim_semana,4.0
I19JC065564I,23,,fim_semana,0.161,0.0587,0.0543,1.88,1.88,normal,normal,alta,7,historico fim_semana,4.0
I19JE047347N,0,,fim_semana,0.0,0.0039,0.01,-0.39,-0.39,normal,normal,alta,8,historico fim_semana,4.0
I19JE047347N,1,,fim_semana,0.0,0.0035,0.01,-0.35,-0.35,normal,normal,alta,8,historico fim_semana,4.0
I19JE047347N,3,,fim_semana,0.0,0.0031,0.01,-0.31,-0.31,normal,normal,alta,8,historico fim_semana,4.0
I19JE047347N,4,,fim_semana,0.0,0.003,0.01,-0.3,-0.3,normal,normal,alta,8,historico fim_semana,4.0
I19JE047347N,5,,fim_semana,0.0,0.0034,0.01,-0.34,-0.34,normal,normal,alta,8,historico fim_semana,4.0
I19JE047347N,6,,fim_semana,0.0,0.0035,0.01,-0.35,-0.35,normal,normal,alta,8,historico fim_semana,4.0
I19JE047347N,7,,fim_semana,0.001,0.0043,0.01,-0.33,-0.33,normal,normal,alta,8,historico fim_semana,4.0
I19JE047347N,8,,fim_semana,0.001,0.0046,0.01,-0.36,-0.36,normal,normal,alta,8,historico fim_semana,4.0
I19JE047347N,9,,fim_semana,0.0,0.0044,0.01,-0.44,-0.44,normal,normal,alta,8,historico fim_semana,4.0
I19JE047347N,10,,fim_semana,0.002,0.0049,0.01,-0.29,-0.29,normal,normal,alta,8,historico fim_semana,4.0
I19JE047347N,11,,fim_semana,0.0,0.0051,0.01,-0.51,-0.51,normal,normal,alta,8,historico fim_semana,4.0
I19JE047347N,12,,fim_semana,0.001,0.0053,0.01,-0.43,-0.43,normal,normal,alta,8,historico fim_semana,4.0
I19JE047347N,13,,fim_semana,0.001,0.0051,0.01,-0.41,-0.41,normal,normal,alta,8,historico fim_semana,4.0
I19JE047347N,14,,fim_semana,0.0,0.0049,0.01,-0.49,-0.49,normal,normal,alta,8,historico fim_semana,4.0
I19JE047347N,15,,fim_semana,0.0,0.0051,0.01,-0.51,-0.51,normal,normal,alta,8,historico fim_semana,4.0
I19JE047347N,16,,fim_semana,0.001,0.0048,0.01,-0.38,-0.38,normal,normal,alta,8,historico fim_semana,4.0
I19JE047347N,17,,fim_semana,0.001,0.0049,0.01,-0.39,-0.39,normal,normal,alta,8,historico fim_semana,4.0
I19JE047347N,18,,fim_semana,0.0,0.0049,0.01,-0.49,-0.49,normal,normal,alta,8,historico fim_semana,4.0
I19JE047347N,19,,fim_semana,0.0,0.0046,0.01,-0.46,-0.46,normal,normal,alta,8,historico fim_semana,4.0
I19JE047347N,20,,fim_semana,0.0,0.0049,0.01,-0.49,-0.49,normal,normal,alta,8,historico fim_semana,4.0
I19JE047347N,21,,fim_semana,0.0,0.0046,0.01,-0.46,-0.46,normal,normal,alta,8,historico fim_semana,4.0
I19JE047347N,22,,fim_semana,0.0,0.004,0.01,-0.4,-0.4,normal,normal,alta,8,historico fim_semana,4.0
I19JE047347N,23,,fim_semana,0.0,0.0039,0.01,-0.39,-0.39,normal,normal,alta,8,historico fim_semana,4.0
I19JE047349,0,,fim_semana,0.0,0.0,0.01,0.0,0.0,normal,normal,alta,6,historico fim_semana,4.0
I19JE047349,1,,fim_semana,0.0,0.0,0.01,0.0,0.0,normal,normal,alta,6,historico fim_semana,4.0
I19JE047349,2,,fim_semana,0.0,0.0,0.01,0.0,0.0,normal,normal,alta,6,historico fim_semana,4.0
I19JE047349,3,,fim_semana,0.0,0.0,0.01,0.0,0.0,normal,normal,alta,6,historico fim_semana,4.0
I19JE047349,4,,fim_semana,0.0,0.0,0.01,0.0,0.0,normal,normal,alta,6,historico fim_semana,4.0
I19JE047349,5,,fim_semana,0.0,0.0,0.01,0.0,0.0,normal,normal,alta,6,historico fim_semana,4.0
I19JE047349,6,,fim_semana,0.0,0.0,0.01,0.0,0.0,normal,normal,alta,6,historico fim_semana,4.0
I19JE047349,7,,fim_semana,0.0,0.0,0.01,0.0,0.0,normal,normal,alta,6,historico fim_semana,4.0
I19JE047349,8,,fim_semana,0.0,0.0,0.01,0.0,0.0,normal,normal,alta,6,historico fim_semana,4.0
I19JE047349,9,,fim_semana,0.0,0.0,0.01,0.0,0.0,normal,normal,alta,6,historico fim_semana,4.0
I19JE047349,10,,fim_semana,0.0,0.0,0.01,0.0,0.0,normal,normal,alta,5,historico fim_semana,4.0
I19JE047349,11,,fim_semana,0.0,0.0,0.01,0.0,0.0,normal,normal,alta,5,historico fim_semana,4.0
I19JE047349,12,,fim_semana,0.0,0.0,0.01,0.0,0.0,normal,normal,alta,5,historico fim_semana,4.0
I19JE047349,13,,fim_semana,0.0,0.0,0.01,0.0,0.0,normal,normal,alta,5,historico fim_semana,4.0
I19JE047349,14,,fim_semana,0.0,0.0,0.01,0.0,0.0,normal,normal,alta,6,historico fim_semana,4.0
I19JE047349,15,,fim_semana,0.0,0.0,0.01,0.0,0.0,normal,normal,alta,6,historico fim_semana,4.0
I19JE047349,16,,fim_semana,0.0,0.0,0.01,0.0,0.0,normal,normal,alta,6,historico fim_semana,4.0
I19JE047349,17,,fim_semana,0.0,0.0,0.01,0.0,0.0,normal,normal,alta,6,historico fim_semana,4.0
I19JE047349,18,,fim_semana,0.0,0.0,0.01,0.0,0.0,normal,normal,alta,6,historico fim_semana,4.0
I19JE047349,19,,fim_semana,0.0,0.0,0.01,0.0,0.0,normal,normal,alta,6,historico fim_semana,4.0
I19JE047349,20,,fim_semana,0.0,0.0,0.01,0.0,0.0,normal,normal,alta,6,historico fim_semana,4.0
I19JE047349,21,,fim_semana,0.0,0.0,0.01,0.0,0.0,normal,normal,alta,6,historico fim_semana,4.0
I19JE047349,22,,fim_semana,0.0,0.0,0.01,0.0,0.0,normal,normal,alta,6,historico fim_semana,4.0
I19JE047349,23,,fim_semana,0.0,0.0,0.01,0.0,0.0,normal,normal,alta,6,historico fim_semana,4.0
I19JE055638,8,,fim_semana,0.0,0.0,0.01,0.0,0.0,normal,normal,alta,6,historico fim_semana,4.0
I19JE055638,9,,fim_semana,0.0,0.0,0.01,0.0,0.0,normal,normal,alta,6,historico fim_semana,4.0
I19JE055638,10,,fim_semana,0.0,0.0,0.01,0.0,0.0,normal,normal,alta,6,historico fim_semana,4.0
I19JE055638,11,,fim_semana,0.0,0.0,0.01,0.0,0.0,normal,normal,alta,6,historico fim_semana,4.0
I19JE055638,12,,fim_semana,0.0,0.0,0.01,0.0,0.0,normal,normal,alta,6,historico fim_semana,4.0
I19JE055638,13,,fim_semana,0.0,0.0,0.01,0.0,0.0,normal,normal,alta,6,historico fim_semana,4.0
I19JE055638,14,,fim_semana,0.0,0.0,0.01,0.0,0.0,normal,normal,alta,6,historico fim_semana,4.0
I19JE055638,15,,fim_semana,0.0,0.0,0.01,0.0,0.0,normal,normal,alta,5,historico fim_semana,4.0
I19JE055638,16,,fim_semana,0.0,0.0,0.01,0.0,0.0,normal,normal,alta,5,historico fim_semana,4.0
I19JE055638,17,,fim_semana,0.0,0.0,0.01,0.0,0.0,normal,normal,alta,6,historico fim_semana,4.0
I19JE055638,18,,fim_semana,0.0,0.0,0.01,0.0,0.0,normal,normal,alta,6,historico fim_semana,4.0
I19JE055638,19,,fim_semana,0.0,0.0,0.01,0.0,0.0,normal,normal,alta,5,historico fim_semana,4.0
I19JE055638,20,,fim_semana,0.0,0.0,0.01,0.0,0.0,normal,normal,alta,7,historico fim_semana,4.0
I19JE055638,21,,fim_semana,0.0,0.0,0.01,0.0,0.0,normal,normal,alta,7,historico fim_semana,4.0
I19JE055638,22,,fim_semana,0.0,0.0,0.01,0.0,0.0,normal,normal,alta,7,historico fim_semana,4.0
I19JE055638,23,,fim_semana,0.0,0.0,0.01,0.0,0.0,normal,normal,alta,6,historico fim_semana,4.0
I19MF924543A,0,,fim_semana,0.0,0.0,0.01,0.0,0.0,normal,normal,alta,7,historico fim_semana,4.0
I19MF924543A,1,,fim_semana,0.0,0.0,0.01,0.0,0.0,normal,normal,alta,7,historico fim_semana,4.0
I19MF924543A,2,,fim_semana,0.0,0.0,0.01,0.0,0.0,normal,normal,alta,7,historico fim_semana,4.0
I19MF924543A,3,,fim_semana,0.0,0.0,0.01,0.0,0.0,normal,normal,alta,7,historico fim_semana,4.0
I19MF924543A,4,,fim_semana,0.0,0.0,0.01,0.0,0.0,normal,normal,alta,7,historico fim_semana,4.0
I19MF924543A,5,,fim_semana,0.0,0.0,0.01,0.0,0.0,normal,normal,alta,7,historico fim_semana,4.0
I19MF924543A,6,,fim_semana,0.0,0.0,0.01,0.0,0.0,normal,normal,alta,7,historico fim_semana,4.0
I19MF924543A,7,,fim_semana,0.0,0.0,0.01,0.0,0.0,normal,normal,alta,7,historico fim_semana,4.0
I19MF924543A,8,,fim_semana,0.0,0.0,0.01,0.0,0.0,normal,normal,alta,7,historico fim_semana,4.0
I19MF924543A,9,,fim_semana,0.0,0.0,0.01,0.0,0.0,normal,normal,alta,7,historico fim_semana,4.0
I19MF924543A,10,,fim_semana,0.0,0.0,0.01,0.0,0.0,normal,normal,alta,7,historico fim_semana,4.0
I19MF924543A,11,,fim_semana,0.0,0.0,0.01,0.0,0.0,normal,normal,alta,7,historico fim_semana,4.0
I19MF924543A,12,,fim_semana,0.0,0.0,0.01,0.0,0.0,normal,normal,alta,7,historico fim_semana,4.0
I19MF924543A,13,,fim_semana,0.0,0.0,0.01,0.0,0.0,normal,normal,alta,7,historico fim_semana,4.0
I19MF924543A,14,,fim_semana,0.0,0.0,0.01,0.0,0.0,normal,normal,alta,7,historico fim_semana,4.0
I19MF924543A,15,,fim_semana,0.0,0.0,0.01,0.0,0.0,normal,normal,alta,6,historico fim_semana,4.0
I19MF924543A,16,,fim_semana,0.0,0.0,0.01,0.0,0.0,normal,normal,alta,7,historico fim_semana,4.0
I19MF924543A,17,,fim_semana,0.0,0.0,0.01,0.0,0.0,normal,normal,alta,7,historico fim_semana,4.0
I19MF924543A,18,,fim_semana,0.0,0.0,0.01,0.0,0.0,normal,normal,alta,7,historico fim_semana,4.0
I19MF924543A,19,,fim_semana,0.0,0.0,0.01,0.0,0.0,normal,normal,alta,7,historico fim_semana,4.0
I19MF924543A,20,,fim_semana,0.0,0.0,0.01,0.0,0.0,normal,normal,alta,7,historico fim_semana,4.0
I19MF924543A,21,,fim_semana,0.0,0.0,0.01,0.0,0.0,normal,normal,alta,7,historico fim_semana,4.0
I19MF924543A,22,,fim_semana,0.0,0.0,0.01,0.0,0.0,normal,normal,alta,7,historico fim_semana,4.0
I19MF924543A,23,,fim_semana,0.0,0.0,0.01,0.0,0.0,normal,normal,alta,7,historico fim_semana,4.0
I19MF927865,0,,fim_semana,3.02,4.5243,4.7997,-0.31,-0.31,normal,normal,alta,7,historico fim_semana,4.0
I19MF927865,1,,fim_semana,0.0,3.75,8.7627,-0.43,-0.43,normal,normal,alta,8,historico fim_semana,4.0
I19MF927865,2,,fim_semana,0.0,0.0,0.01,0.0,0.0,normal,normal,alta,8,historico fim_semana,4.0
I19MF927865,3,,fim_semana,0.0,0.0,0.01,0.0,0.0,normal,normal,alta,8,historico fim_semana,4.0
I19MF927865,4,,fim_semana,0.0,0.0,0.01,0.0,0.0,normal,normal,alta,8,historico fim_semana,4.0
I19MF927865,5,,fim_semana,0.0,0.0,0.01,0.0,0.0,normal,normal,alta,8,historico fim_semana,4.0
I19MF927865,6,,fim_semana,0.0,0.6937,1.9622,-0.35,-0.35,normal,normal,alta,8,historico fim_semana,4.0
I19MF927865,7,,fim_semana,0.0,0.6738,1.7952,-0.38,-0.38,normal,normal,alta,8,historico fim_semana,4.0
I19MF927865,8,,fim_semana,0.0,0.0,0.01,0.0,0.0,normal,normal,alta,8,historico fim_semana,4.0
I19MF927865,9,,fim_semana,0.03,2.91,3.4243,-0.84,-0.84,normal,normal,alta,8,historico fim_semana,4.0
I19MF927865,10,,fim_semana,0.0,1.9538,3.0261,-0.65,-0.65,normal,normal,alta,8,historico fim_semana,4.0
I19MF927865,11,,fim_semana,0.0,0.7812,2.2016,-0.35,-0.35,normal,normal,alta,8,historico fim_semana,4.0
I19MF927865,12,,fim_semana,5.46,0.6763,1.7826,2.68,2.68,normal,normal,alta,8,historico fim_semana,4.0
I19MF927865,13,,fim_semana,0.0,1.9962,2.7842,-0.72,-0.72,normal,normal,alta,8,historico fim_semana,4.0
I19MF927865,14,,fim_semana,0.0,0.0938,0.2652,-0.35,-0.35,normal,normal,alta,8,historico fim_semana,4.0
I19MF927865,15,,fim_semana,0.0,0.6775,1.9163,-0.35,-0.35,normal,normal,alta,8,historico fim_semana,4.0
I19MF927865,16,,fim_semana,0.0,0.6687,1.8915,-0.35,-0.35,normal,normal,alta,8,historico fim_semana,4.0
I19MF927865,17,,fim_semana,0.0,1.425,3.4437,-0.41,-0.41,normal,normal,alta,8,historico fim_semana,4.0
I19MF927865,18,,fim_semana,0.0,3.2537,5.0376,-0.65,-0.65,normal,normal,alta,8,historico fim_semana,4.0
I19MF927865,19,,fim_semana,0.0,3.5275,5.4227,-0.65,-0.65,normal,normal,alta,8,historico fim_semana,4.0
I19MF927865,20,,fim_semana,0.0,1.0762,2.0351,-0.53,-0.53,normal,normal,alta,8,historico fim_semana,4.0
I19MF927865,21,,fim_semana,0.0,0.2338,0.6611,-0.35,-0.35,normal,normal,alta,8,historico fim_semana,4.0
I19MF927865,22,,fim_semana,3.95,4.1612,2.1231,-0.1,-0.1,normal,normal,alta,8,historico fim_semana,4.0
I19MF927865,23,,fim_semana,13.33,9.7725,6.1596,0.58,0.58,normal,normal,alta,8,historico fim_semana,4.0
I19MF927868E,0,,fim_semana,0.0,0.0,0.01,0.0,0.0,normal,normal,alta,8,historico fim_semana,4.0
I19MF927868E,1,,fim_semana,0.0,0.0,0.01,0.0,0.0,normal,normal,alta,8,historico fim_semana,4.0
I19MF927868E,7,,fim_semana,0.0,0.0,0.01,0.0,0.0,normal,normal,alta,8,historico fim_semana,4.0
I19MF927868E,8,,fim_semana,0.0,0.0,0.01,0.0,0.0,normal,normal,alta,8,historico fim_semana,4.0
I19MF927868E,9,,fim_semana,0.0,0.0,0.01,0.0,0.0,normal,normal,alta,8,historico fim_semana,4.0
I19MF927868E,10,,fim_semana,0.0,0.0,0.01,0.0,0.0,normal,normal,alta,8,historico fim_semana,4.0
I19MF927868E,11,,fim_semana,0.0,0.0,0.01,0.0,0.0,normal,normal,alta,8,historico fim_semana,4.0
I19MF927868E,12,,fim_semana,0.0,0.0,0.01,0.0,0.0,normal,normal,alta,8,historico fim_semana,4.0
I19MF927868E,13,,fim_semana,0.0,0.0,0.01,0.0,0.0,normal,normal,alta,8,historico fim_semana,4.0
I19MF927868E,14,,fim_semana,0.0,0.0,0.01,0.0,0.0,normal,normal,alta,6,historico fim_semana,4.0
I19MF927868E,15,,fim_semana,0.0,0.0,0.01,0.0,0.0,normal,normal,alta,6,historico fim_semana,4.0
I19MF927868E,16,,fim_semana,0.0,0.0,0.01,0.0,0.0,normal,normal,alta,6,historico fim_semana,4.0
I19MF927868E,17,,fim_semana,0.0,0.0,0.01,0.0,0.0,normal,normal,alta,6,historico fim_semana,4.0
I19MF927868E,18,,fim_semana,0.0,0.0,0.01,0.0,0.0,normal,normal,alta,7,historico fim_semana,4.0
I19MF927868E,19,,fim_semana,0.0,0.0,0.01,0.0,0.0,normal,normal,alta,7,historico fim_semana,4.0
I19MF927868E,20,,fim_semana,0.0,0.0,0.01,0.0,0.0,normal,normal,alta,7,historico fim_semana,4.0
I19MF927868E,21,,fim_semana,0.0,0.0,0.01,0.0,0.0,normal,normal,alta,7,historico fim_semana,4.0
I20JE060955,0,,fim_semana,0.0,0.0,0.01,0.0,0.0,normal,normal,alta,6,historico fim_semana,4.0
I20JE060955,1,,fim_semana,0.0,0.0,0.01,0.0,0.0,normal,normal,alta,6,historico fim_semana,4.0
I20JE060955,2,,fim_semana,0.0,0.0,0.01,0.0,0.0,normal,normal,alta,6,historico fim_semana,4.0
I20JE060955,3,,fim_semana,0.0,0.0,0.01,0.0,0.0,normal,normal,alta,6,historico fim_semana,4.0
I20JE060955,4,,fim_semana,0.0,0.0,0.01,0.0,0.0,normal,normal,alta,6,historico fim_semana,4.0
I20JE060955,5,,fim_semana,0.0,0.0,0.01,0.0,0.0,normal,normal,alta,6,historico fim_semana,4.0
I20JE060955,6,,fim_semana,0.0,0.0,0.01,0.0,0.0,normal,normal,alta,6,historico fim_semana,4.0
I20JE060955,7,,fim_semana,0.0,0.0,0.01,0.0,0.0,normal,normal,alta,6,historico fim_semana,4.0
I20JE060955,8,,fim_semana,0.0,0.0,0.01,0.0,0.0,normal,normal,alta,6,historico fim_semana,4.0
I20JE060955,9,,fim_semana,0.0,0.0,0.01,0.0,0.0,normal,normal,alta,6,historico fim_semana,4.0
I20JE060955,10,,fim_semana,0.0,0.0,0.01,0.0,0.0,normal,normal,alta,6,historico fim_semana,4.0
I20JE060955,11,,fim_semana,0.0,0.0,0.01,0.0,0.0,normal,normal,alta,6,historico fim_semana,4.0
I20JE060955,12,,fim_semana,0.0,0.0,0.01,0.0,0.0,normal,normal,alta,6,historico fim_semana,4.0
I20JE060955,13,,fim_semana,0.0,0.0,0.01,0.0,0.0,normal,normal,alta,6,historico fim_semana,4.0
I20JE060955,14,,fim_semana,0.0,0.0,0.01,0.0,0.0,normal,normal,alta,6,historico fim_semana,4.0
I20JE060955,15,,fim_semana,0.0,0.0,0.01,0.0,0.0,normal,normal,alta,6,historico fim_semana,4.0
I20JE060955,16,,fim_semana,0.0,0.0,0.01,0.0,0.0,normal,normal,alta,6,historico fim_semana,4.0
I20JE060955,17,,fim_semana,0.0,0.0,0.01,0.0,0.0,normal,normal,alta,6,historico fim_semana,4.0
I20JE060955,18,,fim_semana,0.0,0.0,0.01,0.0,0.0,normal,normal,alta,6,historico fim_semana,4.0
I20JE060955,19,,fim_semana,0.0,0.0,0.01,0.0,0.0,normal,normal,alta,6,historico fim_semana,4.0
I20JE060955,20,,fim_semana,0.0,0.0,0.01,0.0,0.0,normal,normal,alta,6,historico fim_semana,4.0
I20JE060955,21,,fim_semana,0.0,0.0,0.01,0.0,0.0,normal,normal,alta,6,historico fim_semana,4.0
I20JE060955,22,,fim_semana,0.0,0.0,0.01,0.0,0.0,normal,normal,alta,6,historico fim_semana,4.0
I20JE060955,23,,fim_semana,0.0,0.0,0.01,0.0,0.0,normal,normal,alta,6,historico fim_semana,4.0
I20JE060957,0,,fim_semana,0.042,0.0485,0.0246,-0.26,-0.26,normal,normal,alta,8,historico fim_semana,4.0
I20JE060957,1,,fim_semana,0.084,0.0391,0.0121,3.71,3.71,normal,normal,alta,8,historico fim_semana,4.0
I20JE060957,2,,fim_semana,0.039,0.0266,0.01,1.24,1.24,normal,normal,alta,8,historico fim_semana,4.0
I20JE060957,3,,fim_semana,0.049,0.0216,0.01,2.74,2.74,normal,normal,alta,8,historico fim_semana,4.0
I20JE060957,4,,fim_semana,0.103,0.0281,0.0167,4.49,4.49,desvio,acima,alta,8,historico fim_semana,4.0
I20JE060957,5,,fim_semana,0.046,0.0251,0.0132,1.58,1.58,normal,normal,alta,8,historico fim_semana,4.0
I20JE060957,6,,fim_semana,0.03,0.024,0.0102,0.59,0.59,normal,normal,alta,8,historico fim_semana,4.0
I20JE060957,7,,fim_semana,0.153,0.0777,0.0501,1.5,1.5,normal,normal,alta,8,historico fim_semana,4.0
I20JE060957,8,,fim_semana,0.055,0.1041,0.0465,-1.06,-1.06,normal,normal,alta,8,historico fim_semana,4.0
I20JE060957,9,,fim_semana,0.275,0.2057,0.0734,0.94,0.94,normal,normal,alta,8,historico fim_semana,4.0
I20JE060957,10,,fim_semana,0.203,0.1749,0.0565,0.5,0.5,normal,normal,alta,8,historico fim_semana,4.0
I20JE060957,11,,fim_semana,0.108,0.1348,0.0441,-0.61,-0.61,normal,normal,alta,8,historico fim_semana,4.0
I20JE060957,12,,fim_semana,0.113,0.1644,0.0574,-0.89,-0.89,normal,normal,alta,8,historico fim_semana,4.0
I20JE060957,13,,fim_semana,0.428,0.2136,0.0662,3.24,3.24,normal,normal,alta,8,historico fim_semana,4.0
I20JE060957,14,,fim_semana,0.146,0.1939,0.0485,-0.99,-0.99,normal,normal,alta,8,historico fim_semana,4.0
I20JE060957,15,,fim_semana,0.161,0.1969,0.1096,-0.33,-0.33,normal,normal,alta,8,historico fim_semana,4.0
I20JE060957,16,,fim_semana,0.194,0.1966,0.0754,-0.03,-0.03,normal,normal,alta,8,historico fim_semana,4.0
I20JE060957,17,,fim_semana,0.132,0.1346,0.0554,-0.05,-0.05,normal,normal,alta,8,historico fim_semana,4.0
I20JE060957,18,,fim_semana,0.167,0.1309,0.0414,0.87,0.87,normal,normal,alta,8,historico fim_semana,4.0
I20JE060957,19,,fim_semana,0.211,0.1524,0.0604,0.97,0.97,normal,normal,alta,8,historico fim_semana,4.0
I20JE060957,20,,fim_semana,0.126,0.235,0.1253,-0.87,-0.87,normal,normal,alta,8,historico fim_semana,4.0
I20JE060957,21,,fim_semana,0.132,0.1679,0.076,-0.47,-0.47,normal,normal,alta,8,historico fim_semana,4.0
I20JE060957,22,,fim_semana,0.156,0.1329,0.0611,0.38,0.38,normal,normal,alta,8,historico fim_semana,4.0
I20JE060957,23,,fim_semana,0.055,0.0756,0.0423,-0.49,-0.49,normal,normal,alta,8,historico fim_semana,4.0
I20JE060958,0,,fim_semana,0.0,0.0,0.01,0.0,0.0,normal,normal,alta,8,historico fim_semana,4.0
I20JE060958,1,,fim_semana,0.0,0.0,0.01,0.0,0.0,normal,normal,alta,8,historico fim_semana,4.0
I20JE060958,2,,fim_semana,0.0,0.0,0.01,0.0,0.0,normal,normal,alta,8,historico fim_semana,4.0
I20JE060958,3,,fim_semana,0.0,0.0,0.01,0.0,0.0,normal,normal,alta,8,historico fim_semana,4.0
I20JE060958,4,,fim_semana,0.0,0.0,0.01,0.0,0.0,normal,normal,alta,7,historico fim_semana,4.0
I20JE060958,5,,fim_semana,0.0,0.0,0.01,0.0,0.0,normal,normal,alta,7,historico fim_semana,4.0
I20JE060958,6,,fim_semana,0.0,0.0,0.01,0.0,0.0,normal,normal,alta,7,historico fim_semana,4.0
I20JE060958,7,,fim_semana,0.0,0.0,0.01,0.0,0.0,normal,normal,alta,7,historico fim_semana,4.0
I20JE060958,8,,fim_semana,0.0,0.0,0.01,0.0,0.0,normal,normal,alta,8,historico fim_semana,4.0
I20JE060958,9,,fim_semana,0.0,0.0,0.01,0.0,0.0,normal,normal,alta,8,historico fim_semana,4.0
I20JE060958,10,,fim_semana,0.0,0.0,0.01,0.0,0.0,normal,normal,alta,8,historico fim_semana,4.0
I20JE060958,11,,fim_semana,0.0,0.0,0.01,0.0,0.0,normal,normal,alta,8,historico fim_semana,4.0
I20JE060958,12,,fim_semana,0.0,0.0,0.01,0.0,0.0,normal,normal,alta,8,historico fim_semana,4.0
I20JE060958,13,,fim_semana,0.0,0.0,0.01,0.0,0.0,normal,normal,alta,8,historico fim_semana,4.0
I20JE060958,14,,fim_semana,0.0,0.0,0.01,0.0,0.0,normal,normal,alta,8,historico fim_semana,4.0
I20JE060958,15,,fim_semana,0.0,0.0,0.01,0.0,0.0,normal,normal,alta,8,historico fim_semana,4.0
I20JE060958,16,,fim_semana,0.0,0.0,0.01,0.0,0.0,normal,normal,alta,8,historico fim_semana,4.0
I20JE060958,17,,fim_semana,0.0,0.0,0.01,0.0,0.0,normal,normal,alta,8,historico fim_semana,4.0
I20JE060958,18,,fim_semana,0.0,0.0,0.01,0.0,0.0,normal,normal,alta,8,historico fim_semana,4.0
I20JE060958,19,,fim_semana,0.0,0.0,0.01,0.0,0.0,normal,normal,alta,8,historico fim_semana,4.0
I20JE060958,20,,fim_semana,0.0,0.0,0.01,0.0,0.0,normal,normal,alta,6,historico fim_semana,4.0
I20JE060958,21,,fim_semana,0.0,0.0,0.01,0.0,0.0,normal,normal,alta,6,historico fim_semana,4.0
I20JE060958,22,,fim_semana,0.0,0.0,0.01,0.0,0.0,normal,normal,alta,6,historico fim_semana,4.0
I20JE060958,23,,fim_semana,0.0,0.0,0.01,0.0,0.0,normal,normal,alta,6,historico fim_semana,4.0
I20JE060959,0,,fim_semana,0.004,0.0753,0.0188,-3.79,-3.79,normal,normal,alta,6,historico fim_semana,4.0
I20JE060959,1,,fim_semana,0.004,0.0755,0.0189,-3.79,-3.79,normal,normal,alta,6,historico fim_semana,4.0
I20JE060959,2,,fim_semana,0.004,0.0763,0.0191,-3.79,-3.79,normal,normal,alta,6,historico fim_semana,4.0
I20JE060959,3,,fim_semana,0.004,0.1546,0.2326,-0.65,-0.65,normal,normal,alta,7,historico fim_semana,4.0
I20JE060959,4,,fim_semana,0.004,0.0657,0.0272,-2.27,-2.27,normal,normal,alta,7,historico fim_semana,4.0
I20JE060959,5,,fim_semana,0.004,0.066,0.0273,-2.27,-2.27,normal,normal,alta,7,historico fim_semana,4.0
I20JE060959,6,,fim_semana,0.004,0.0659,0.0273,-2.27,-2.27,normal,normal,alta,7,historico fim_semana,4.0
I20JE060959,15,,fim_semana,0.043,0.1096,0.1159,-0.57,-0.57,normal,normal,alta,7,historico fim_semana,4.0
I20JE060959,16,,fim_semana,0.004,0.0647,0.0263,-2.3,-2.3,normal,normal,alta,7,historico fim_semana,4.0
I20JE060959,17,,fim_semana,0.005,0.0649,0.0269,-2.23,-2.23,normal,normal,alta,7,historico fim_semana,4.0
I20JE060959,18,,fim_semana,0.004,0.0646,0.0267,-2.27,-2.27,normal,normal,alta,7,historico fim_semana,4.0
I20JE060959,19,,fim_semana,0.005,0.175,0.2474,-0.69,-0.69,normal,normal,alta,6,historico fim_semana,4.0
I20JE060959,20,,fim_semana,0.005,0.0747,0.0187,-3.73,-3.73,normal,normal,alta,6,historico fim_semana,4.0
I20JE060959,21,,fim_semana,0.004,0.0745,0.0186,-3.79,-3.79,normal,normal,alta,6,historico fim_semana,4.0
I20JE060959,22,,fim_semana,0.005,0.0743,0.0186,-3.73,-3.73,normal,normal,alta,6,historico fim_semana,4.0
I20JE060959,23,,fim_semana,0.005,0.0676,0.0197,-3.18,-3.18,normal,normal,alta,7,historico fim_semana,4.0
I20JE067857,0,,fim_semana,0.021,0.0201,0.0261,0.03,0.03,normal,normal,alta,8,historico fim_semana,4.0
I20JE067857,1,,fim_semana,0.007,0.0144,0.0169,-0.44,-0.44,normal,normal,alta,8,historico fim_semana,4.0
I20JE067857,2,,fim_semana,0.02,0.0092,0.0157,0.68,0.68,normal,normal,alta,8,historico fim_semana,4.0
I20JE067857,3,,fim_semana,0.012,0.0091,0.0119,0.24,0.24,normal,normal,alta,8,historico fim_semana,4.0
I20JE067857,4,,fim_semana,0.018,0.0043,0.01,1.37,1.37,normal,normal,alta,8,historico fim_semana,4.0
I20JE067857,5,,fim_semana,0.006,0.0057,0.01,0.03,0.03,normal,normal,alta,8,historico fim_semana,4.0
I20JE067857,6,,fim_semana,0.027,0.0124,0.0146,1.0,1.0,normal,normal,alta,8,historico fim_semana,4.0
I20JE067857,7,,fim_semana,0.044,0.0777,0.0419,-0.81,-0.81,normal,normal,alta,8,historico fim_semana,4.0
I20JE067857,8,,fim_semana,0.121,0.1983,0.1189,-0.65,-0.65,normal,normal,alta,8,historico fim_semana,4.0
I20JE067857,9,,fim_semana,0.202,0.2109,0.0939,-0.09,-0.09,normal,normal,alta,8,historico fim_semana,4.0
I20JE067857,10,,fim_semana,0.103,0.1506,0.0618,-0.77,-0.77,normal,normal,alta,8,historico fim_semana,4.0
I20JE067857,11,,fim_semana,0.101,0.1585,0.0699,-0.82,-0.82,normal,normal,alta,8,historico fim_semana,4.0
I20JE067857,12,,fim_semana,0.097,0.0974,0.0671,-0.01,-0.01,normal,normal,alta,8,historico fim_semana,4.0
I20JE067857,13,,fim_semana,0.113,0.1231,0.0466,-0.22,-0.22,normal,normal,alta,8,historico fim_semana,4.0
I20JE067857,14,,fim_semana,0.03,0.0924,0.0462,-1.35,-1.35,normal,normal,alta,8,historico fim_semana,4.0
I20JE067857,15,,fim_semana,0.092,0.1511,0.0936,-0.63,-0.63,normal,normal,alta,8,historico fim_semana,4.0
I20JE067857,16,,fim_semana,0.107,0.0826,0.0559,0.44,0.44,normal,normal,alta,8,historico fim_semana,4.0
I20JE067857,17,,fim_semana,0.061,0.1439,0.0691,-1.2,-1.2,normal,normal,alta,8,historico fim_semana,4.0
I20JE067857,18,,fim_semana,0.15,0.148,0.062,0.03,0.03,normal,normal,alta,8,historico fim_semana,4.0
I20JE067857,19,,fim_semana,0.098,0.0636,0.0395,0.87,0.87,normal,normal,alta,8,historico fim_semana,4.0
I20JE067857,20,,fim_semana,0.105,0.089,0.0611,0.26,0.26,normal,normal,alta,8,historico fim_semana,4.0
I20JE067857,21,,fim_semana,0.042,0.0494,0.0382,-0.19,-0.19,normal,normal,alta,8,historico fim_semana,4.0
I20JE067857,22,,fim_semana,0.042,0.0729,0.0703,-0.44,-0.44,normal,normal,alta,8,historico fim_semana,4.0
I20JE067857,23,,fim_semana,0.004,0.0607,0.0473,-1.2,-1.2,normal,normal,alta,8,historico fim_semana,4.0
I20JE067858,0,,fim_semana,0.194,0.297,0.4811,-0.21,-0.21,normal,normal,alta,8,historico fim_semana,4.0
I20JE067858,1,,fim_semana,0.088,0.0565,0.0259,1.21,1.21,normal,normal,alta,8,historico fim_semana,4.0
I20JE067858,2,,fim_semana,0.068,0.0302,0.01,3.78,3.78,normal,normal,alta,8,historico fim_semana,4.0
I20JE067858,3,,fim_semana,0.025,0.0238,0.01,0.13,0.13,normal,normal,alta,8,historico fim_semana,4.0
I20JE067858,4,,fim_semana,0.018,0.016,0.0116,0.17,0.17,normal,normal,alta,8,historico fim_semana,4.0
I20JE067858,5,,fim_semana,0.017,0.0304,0.0261,-0.51,-0.51,normal,normal,alta,8,historico fim_semana,4.0
I20JE067858,6,,fim_semana,0.034,0.0536,0.0373,-0.53,-0.53,normal,normal,alta,8,historico fim_semana,4.0
I20JE067858,7,,fim_semana,0.158,0.3415,0.1155,-1.59,-1.59,normal,normal,alta,8,historico fim_semana,4.0
I20JE067858,8,,fim_semana,0.284,0.3728,0.1061,-0.84,-0.84,normal,normal,alta,8,historico fim_semana,4.0
I20JE067858,9,,fim_semana,0.344,0.4507,0.1799,-0.59,-0.59,normal,normal,alta,8,historico fim_semana,4.0
I20JE067858,10,,fim_semana,0.424,0.4672,0.1445,-0.3,-0.3,normal,normal,alta,8,historico fim_semana,4.0
I20JE067858,11,,fim_semana,0.379,0.4161,0.1096,-0.34,-0.34,normal,normal,alta,8,historico fim_semana,4.0
I20JE067858,12,,fim_semana,0.416,0.4089,0.1268,0.06,0.06,normal,normal,alta,8,historico fim_semana,4.0
I20JE067858,13,,fim_semana,0.546,0.5185,0.1358,0.2,0.2,normal,normal,alta,8,historico fim_semana,4.0
I20JE067858,14,,fim_semana,0.383,0.4179,0.1287,-0.27,-0.27,normal,normal,alta,8,historico fim_semana,4.0
I20JE067858,15,,fim_semana,0.622,0.2497,0.0677,5.5,5.5,desvio,acima,alta,8,historico fim_semana,4.0
I20JE067858,16,,fim_semana,0.414,0.2744,0.1291,1.08,1.08,normal,normal,alta,8,historico fim_semana,4.0
I20JE067858,17,,fim_semana,0.79,0.2496,0.1415,3.82,3.82,normal,normal,alta,8,historico fim_semana,4.0
I20JE067858,18,,fim_semana,0.34,0.3666,0.2068,-0.13,-0.13,normal,normal,alta,8,historico fim_semana,4.0
I20JE067858,19,,fim_semana,0.327,0.4626,0.1978,-0.69,-0.69,normal,normal,alta,8,historico fim_semana,4.0
I20JE067858,20,,fim_semana,0.785,0.489,0.1222,2.42,2.42,normal,normal,alta,8,historico fim_semana,4.0
I20JE067858,21,,fim_semana,0.465,0.5334,0.2221,-0.31,-0.31,normal,normal,alta,8,historico fim_semana,4.0
I20JE067858,22,,fim_semana,0.186,0.2662,0.1303,-0.62,-0.62,normal,normal,alta,8,historico fim_semana,4.0
I20JE067858,23,,fim_semana,0.177,0.237,0.0808,-0.74,-0.74,normal,normal,alta,8,historico fim_semana,4.0
I20JE067859,0,,fim_semana,0.254,0.272,0.1833,-0.1,-0.1,normal,normal,alta,8,historico fim_semana,4.0
I20JE067859,1,,fim_semana,0.18,0.2461,0.1837,-0.36,-0.36,normal,normal,alta,8,historico fim_semana,4.0
I20JE067859,2,,fim_semana,0.113,0.1864,0.1525,-0.48,-0.48,normal,normal,alta,8,historico fim_semana,4.0
I20JE067859,3,,fim_semana,0.11,0.1751,0.1391,-0.47,-0.47,normal,normal,alta,8,historico fim_semana,4.0
I20JE067859,4,,fim_semana,0.125,0.1771,0.1314,-0.4,-0.4,normal,normal,alta,8,historico fim_semana,4.0
I20JE067859,5,,fim_semana,0.12,0.1549,0.1306,-0.27,-0.27,normal,normal,alta,8,historico fim_semana,4.0
I20JE067859,6,,fim_semana,0.106,0.1496,0.1245,-0.35,-0.35,normal,normal,alta,8,historico fim_semana,4.0
I20JE067859,7,,fim_semana,0.105,0.188,0.1466,-0.57,-0.57,normal,normal,alta,8,historico fim_semana,4.0
I20JE067859,8,,fim_semana,0.128,0.248,0.1422,-0.84,-0.84,normal,normal,alta,8,historico fim_semana,4.0
I20JE067859,9,,fim_semana,0.171,0.3142,0.1773,-0.81,-0.81,normal,normal,alta,8,historico fim_semana,4.0
I20JE067859,10,,fim_semana,0.279,0.3321,0.1561,-0.34,-0.34,normal,normal,alta,8,historico fim_semana,4.0
I20JE067859,11,,fim_semana,0.257,0.3709,0.1842,-0.62,-0.62,normal,normal,alta,8,historico fim_semana,4.0
I20JE067859,12,,fim_semana,0.36,0.3821,0.2217,-0.1,-0.1,normal,normal,alta,8,historico fim_semana,4.0
I20JE067859,13,,fim_semana,0.352,0.3721,0.244,-0.08,-0.08,normal,normal,alta,8,historico fim_semana,4.0
I20JE067859,14,,fim_semana,0.303,0.4319,0.2129,-0.61,-0.61,normal,normal,alta,8,historico fim_semana,4.0
I20JE067859,15,,fim_semana,0.311,0.4075,0.226,-0.43,-0.43,normal,normal,alta,8,historico fim_semana,4.0
I20JE067859,16,,fim_semana,0.23,0.3834,0.1837,-0.83,-0.83,normal,normal,alta,8,historico fim_semana,4.0
I20JE067859,17,,fim_semana,0.217,0.2974,0.1828,-0.44,-0.44,normal,normal,alta,8,historico fim_semana,4.0
I20JE067859,18,,fim_semana,0.254,0.3311,0.1611,-0.48,-0.48,normal,normal,alta,8,historico fim_semana,4.0
I20JE067859,19,,fim_semana,0.5,0.9121,1.4469,-0.28,-0.28,normal,normal,alta,8,historico fim_semana,4.0
I20JE067859,20,,fim_semana,0.392,1.1891,1.6834,-0.47,-0.47,normal,normal,alta,8,historico fim_semana,4.0
I20JE067859,21,,fim_semana,0.313,0.9833,1.4132,-0.47,-0.47,normal,normal,alta,8,historico fim_semana,4.0
I20JE067859,22,,fim_semana,0.249,0.3744,0.1577,-0.79,-0.79,normal,normal,alta,8,historico fim_semana,4.0
I20JE067859,23,,fim_semana,0.315,0.3595,0.161,-0.28,-0.28,normal,normal,alta,8,historico fim_semana,4.0
I20MF944347P,0,,fim_semana,0.05,0.0467,0.0117,0.29,0.29,normal,normal,alta,6,historico fim_semana,4.0
I20MF944347P,1,,fim_semana,0.06,0.0433,0.0121,1.38,1.38,normal,normal,alta,6,historico fim_semana,4.0
I20MF944347P,2,,fim_semana,0.05,0.045,0.0113,0.44,0.44,normal,normal,alta,6,historico fim_semana,4.0
I20MF944347P,3,,fim_semana,0.06,0.0417,0.0133,1.38,1.38,normal,normal,alta,6,historico fim_semana,4.0
I20MF944347P,4,,fim_semana,0.06,0.0433,0.0121,1.38,1.38,normal,normal,alta,6,historico fim_semana,4.0
I20MF944347P,5,,fim_semana,0.05,0.045,0.0113,0.44,0.44,normal,normal,alta,6,historico fim_semana,4.0
I20MF944347P,6,,fim_semana,0.04,0.05,0.0179,-0.56,-0.56,normal,normal,alta,6,historico fim_semana,4.0
I20MF944347P,7,,fim_semana,0.07,0.0533,0.0133,1.25,1.25,normal,normal,alta,6,historico fim_semana,4.0
I20MF944347P,8,,fim_semana,0.07,0.0817,0.0454,-0.26,-0.26,normal,normal,alta,6,historico fim_semana,4.0
I20MF944347P,9,,fim_semana,0.26,0.0567,0.0151,10.0,13.51,desvio,acima,alta,6,historico fim_semana,4.0
I20MF944347P,10,,fim_semana,0.13,0.105,0.0677,0.37,0.37,normal,normal,alta,6,historico fim_semana,4.0
I20MF944347P,11,,fim_semana,0.13,0.0917,0.0508,0.76,0.76,normal,normal,alta,6,historico fim_semana,4.0
I20MF944347P,12,,fim_semana,0.17,0.2467,0.3564,-0.22,-0.22,normal,normal,alta,6,historico fim_semana,4.0
I20MF944347P,13,,fim_semana,0.32,0.2417,0.3587,0.22,0.22,normal,normal,alta,6,historico fim_semana,4.0
I20MF944347P,14,,fim_semana,0.17,0.2633,0.3743,-0.25,-0.25,normal,normal,alta,6,historico fim_semana,4.0
I20MF944347P,15,,fim_semana,0.26,0.3083,0.4103,-0.12,-0.12,normal,normal,alta,6,historico fim_semana,4.0
I20MF944347P,16,,fim_semana,0.19,0.3167,0.385,-0.33,-0.33,normal,normal,alta,6,historico fim_semana,4.0
I20MF944347P,17,,fim_semana,0.16,0.3,0.3868,-0.36,-0.36,normal,normal,alta,6,historico fim_semana,4.0
I20MF944347P,18,,fim_semana,0.22,0.2767,0.3885,-0.15,-0.15,normal,normal,alta,6,historico fim_semana,4.0
I20MF944347P,19,,fim_semana,0.11,0.2283,0.3226,-0.37,-0.37,normal,normal,alta,6,historico fim_semana,4.0
I20MF944347P,20,,fim_semana,0.09,0.195,0.3359,-0.31,-0.31,normal,normal,alta,6,historico fim_semana,4.0
I20MF944347P,21,,fim_semana,0.06,0.195,0.3358,-0.4,-0.4,normal,normal,alta,6,historico fim_semana,4.0
I20MF944347P,22,,fim_semana,0.08,0.1933,0.3318,-0.34,-0.34,normal,normal,alta,6,historico fim_semana,4.0
I20MF944347P,23,,fim_semana,0.09,0.1933,0.3365,-0.31,-0.31,normal,normal,alta,6,historico fim_semana,4.0
I20MF944348Q,0,,fim_semana,0.0,0.0,0.01,0.0,0.0,normal,normal,alta,8,historico fim_semana,4.0
I20MF944348Q,1,,fim_semana,0.0,0.0,0.01,0.0,0.0,normal,normal,alta,8,historico fim_semana,4.0
I20MF944348Q,2,,fim_semana,0.0,-0.0013,0.01,0.12,0.12,normal,normal,alta,8,historico fim_semana,4.0
I20MF944348Q,3,,fim_semana,0.0,-0.0013,0.01,0.12,0.12,normal,normal,alta,8,historico fim_semana,4.0
I20MF944348Q,4,,fim_semana,0.0,0.0,0.01,0.0,0.0,normal,normal,alta,8,historico fim_semana,4.0
I20MF944348Q,5,,fim_semana,0.0,0.0,0.01,0.0,0.0,normal,normal,alta,8,historico fim_semana,4.0
I20MF944348Q,6,,fim_semana,0.0,0.0,0.01,0.0,0.0,normal,normal,alta,8,historico fim_semana,4.0
I20MF944348Q,7,,fim_semana,0.0,-0.0013,0.01,0.12,0.12,normal,normal,alta,8,historico fim_semana,4.0
I20MF944348Q,8,,fim_semana,0.0,-0.0075,0.01,0.75,0.75,normal,normal,alta,8,historico fim_semana,4.0
I20MF944348Q,9,,fim_semana,-0.01,-0.0025,0.01,-0.75,-0.75,normal,normal,alta,8,historico fim_semana,4.0
I20MF944348Q,10,,fim_semana,0.0,-0.0037,0.01,0.38,0.38,normal,normal,alta,8,historico fim_semana,4.0
I20MF944348Q,11,,fim_semana,-0.01,-0.0075,0.01,-0.25,-0.25,normal,normal,alta,8,historico fim_semana,4.0
I20MF944348Q,12,,fim_semana,0.0,-0.0037,0.01,0.38,0.38,normal,normal,alta,8,historico fim_semana,4.0
I20MF944348Q,13,,fim_semana,-0.01,-0.0025,0.01,-0.75,-0.75,normal,normal,alta,8,historico fim_semana,4.0
I20MF944348Q,14,,fim_semana,0.0,-0.0063,0.01,0.62,0.62,normal,normal,alta,8,historico fim_semana,4.0
I20MF944348Q,15,,fim_semana,-0.01,-0.0037,0.01,-0.62,-0.62,normal,normal,alta,8,historico fim_semana,4.0
I20MF944348Q,16,,fim_semana,0.0,-0.0013,0.01,0.12,0.12,normal,normal,alta,8,historico fim_semana,4.0
I20MF944348Q,17,,fim_semana,-0.01,-0.005,0.01,-0.5,-0.5,normal,normal,alta,8,historico fim_semana,4.0
I20MF944348Q,18,,fim_semana,0.0,-0.005,0.01,0.5,0.5,normal,normal,alta,8,historico fim_semana,4.0
I20MF944348Q,19,,fim_semana,-0.01,-0.0025,0.01,-0.75,-0.75,normal,normal,alta,8,historico fim_semana,4.0
I20MF944348Q,20,,fim_semana,0.0,-0.0037,0.01,0.38,0.38,normal,normal,alta,8,historico fim_semana,4.0
I20MF944348Q,21,,fim_semana,-0.01,-0.0037,0.01,-0.62,-0.62,normal,normal,alta,8,historico fim_semana,4.0
I20MF944348Q,22,,fim_semana,0.0,-0.0013,0.01,0.12,0.12,normal,normal,alta,8,historico fim_semana,4.0
I20MF944348Q,23,,fim_semana,0.0,0.0,0.01,0.0,0.0,normal,normal,alta,8,historico fim_semana,4.0
I20MF945856,1,,fim_semana,0.0,0.0,0.01,0.0,0.0,normal,normal,alta,7,historico fim_semana,4.0
I20MF945856,2,,fim_semana,0.0,0.0,0.01,0.0,0.0,normal,normal,alta,7,historico fim_semana,4.0
I20MF945856,3,,fim_semana,0.0,0.0,0.01,0.0,0.0,normal,normal,alta,7,historico fim_semana,4.0
I20MF945856,4,,fim_semana,0.0,0.0,0.01,0.0,0.0,normal,normal,alta,6,historico fim_semana,4.0
I20MF945856,9,,fim_semana,0.0,0.0,0.01,0.0,0.0,normal,normal,baixa,4,historico fim_semana (poucos dados),4.0
I20MF945856,10,,fim_semana,0.0,0.0,0.01,0.0,0.0,normal,normal,baixa,4,historico fim_semana (poucos dados),4.0
I20MF945856,11,,fim_semana,0.0,0.0,0.01,0.0,0.0,normal,normal,baixa,4,historico fim_semana (poucos dados),4.0
I20MF945856,12,,fim_semana,0.0,0.0,0.01,0.0,0.0,normal,normal,alta,7,historico fim_semana,4.0
I20MF945857,0,,fim_semana,0.0,0.0,0.01,0.0,0.0,normal,normal,alta,7,historico fim_semana,4.0
I20MF945857,1,,fim_semana,0.0,0.0,0.01,0.0,0.0,normal,normal,alta,7,historico fim_semana,4.0
I20MF945857,2,,fim_semana,0.0,0.0,0.01,0.0,0.0,normal,normal,alta,7,historico fim_semana,4.0
I20MF945857,3,,fim_semana,0.0,0.0,0.01,0.0,0.0,normal,normal,alta,7,historico fim_semana,4.0
I20MF945857,4,,fim_semana,0.0,0.0,0.01,0.0,0.0,normal,normal,alta,8,historico fim_semana,4.0
I20MF945857,5,,fim_semana,0.0,0.0,0.01,0.0,0.0,normal,normal,alta,8,historico fim_semana,4.0
I20MF945857,6,,fim_semana,0.0,0.0,0.01,0.0,0.0,normal,normal,alta,8,historico fim_semana,4.0
I20MF945857,7,,fim_semana,0.0,0.0,0.01,0.0,0.0,normal,normal,alta,8,historico fim_semana,4.0
I20MF945857,8,,fim_semana,0.0,0.0013,0.01,-0.12,-0.12,normal,normal,alta,8,historico fim_semana,4.0
I20MF945857,9,,fim_semana,0.0,0.0,0.01,0.0,0.0,normal,normal,alta,8,historico fim_semana,4.0
I20MF945857,10,,fim_semana,0.0,0.0,0.01,0.0,0.0,normal,normal,alta,8,historico fim_semana,4.0
I20MF945857,11,,fim_semana,0.0,0.0,0.01,0.0,0.0,normal,normal,alta,8,historico fim_semana,4.0
I20MF945857,12,,fim_semana,0.0,0.0,0.01,0.0,0.0,normal,normal,alta,7,historico fim_semana,4.0
I20MF945857,13,,fim_semana,0.0,0.0,0.01,0.0,0.0,normal,normal,alta,7,historico fim_semana,4.0
I20MF945857,14,,fim_semana,0.0,0.0,0.01,0.0,0.0,normal,normal,alta,7,historico fim_semana,4.0
I20MF945857,15,,fim_semana,0.01,0.0,0.01,1.0,1.0,normal,normal,alta,7,historico fim_semana,4.0
I20MF945857,16,,fim_semana,0.0,0.0013,0.01,-0.12,-0.12,normal,normal,alta,8,historico fim_semana,4.0
I20MF945857,17,,fim_semana,0.0,0.0,0.01,0.0,0.0,normal,normal,alta,8,historico fim_semana,4.0
I20MF945857,18,,fim_semana,0.0,0.0,0.01,0.0,0.0,normal,normal,alta,8,historico fim_semana,4.0
I20MF945857,19,,fim_semana,0.0,0.0013,0.01,-0.12,-0.12,normal,normal,alta,8,historico fim_semana,4.0
I20MF945857,20,,fim_semana,0.0,0.0,0.01,0.0,0.0,normal,normal,alta,8,historico fim_semana,4.0
I20MF945857,21,,fim_semana,0.0,0.0,0.01,0.0,0.0,normal,normal,alta,8,historico fim_semana,4.0
I20MF945857,22,,fim_semana,0.0,0.0,0.01,0.0,0.0,normal,normal,alta,8,historico fim_semana,4.0
I20MF945857,23,,fim_semana,0.0,0.0,0.01,0.0,0.0,normal,normal,alta,8,historico fim_semana,4.0
I21JC023968M,0,,fim_semana,0.0,0.0,0.01,0.0,0.0,normal,normal,alta,8,historico fim_semana,4.0
I21JC023968M,1,,fim_semana,0.0,0.0,0.01,0.0,0.0,normal,normal,alta,8,historico fim_semana,4.0
I21JC023968M,2,,fim_semana,0.0,0.0,0.01,0.0,0.0,normal,normal,alta,8,historico fim_semana,4.0
I21JC023968M,3,,fim_semana,0.0,0.0,0.01,0.0,0.0,normal,normal,alta,8,historico fim_semana,4.0
I21JC023968M,4,,fim_semana,0.0,0.0,0.01,0.0,0.0,normal,normal,alta,8,historico fim_semana,4.0
I21JC023968M,5,,fim_semana,0.0,0.0,0.01,0.0,0.0,normal,normal,alta,8,historico fim_semana,4.0
I21JC023968M,6,,fim_semana,0.0,0.0,0.01,0.0,0.0,normal,normal,alta,8,historico fim_semana,4.0
I21JC023968M,7,,fim_semana,0.0,0.0,0.01,0.0,0.0,normal,normal,alta,8,historico fim_semana,4.0
I21JC023968M,8,,fim_semana,0.0,0.0,0.01,0.0,0.0,normal,normal,alta,8,historico fim_semana,4.0
I21JC023968M,9,,fim_semana,0.0,0.0,0.01,0.0,0.0,normal,normal,alta,8,historico fim_semana,4.0
I21JC023968M,10,,fim_semana,0.0,0.0,0.01,0.0,0.0,normal,normal,alta,8,historico fim_semana,4.0
I21JC023968M,11,,fim_semana,0.0,0.0,0.01,0.0,0.0,normal,normal,alta,8,historico fim_semana,4.0
I21JC023968M,12,,fim_semana,0.0,0.0,0.01,0.0,0.0,normal,normal,alta,8,historico fim_semana,4.0
I21JC023968M,13,,fim_semana,0.0,0.0,0.01,0.0,0.0,normal,normal,alta,8,historico fim_semana,4.0
I21JC023968M,14,,fim_semana,0.0,0.0,0.01,0.0,0.0,normal,normal,alta,8,historico fim_semana,4.0
I21JC023968M,15,,fim_semana,0.0,0.0,0.01,0.0,0.0,normal,normal,alta,8,historico fim_semana,4.0
I21JC023968M,16,,fim_semana,0.0,0.0,0.01,0.0,0.0,normal,normal,alta,8,historico fim_semana,4.0
I21JC023968M,17,,fim_semana,0.0,0.0,0.01,0.0,0.0,normal,normal,alta,8,historico fim_semana,4.0
I21JC023968M,18,,fim_semana,0.0,0.0,0.01,0.0,0.0,normal,normal,alta,8,historico fim_semana,4.0
I21JC023968M,19,,fim_semana,0.0,0.0,0.01,0.0,0.0,normal,normal,alta,8,historico fim_semana,4.0
I21JC023968M,20,,fim_semana,0.0,0.0,0.01,0.0,0.0,normal,normal,alta,8,historico fim_semana,4.0
I21JC023968M,21,,fim_semana,0.0,0.0,0.01,0.0,0.0,normal,normal,alta,8,historico fim_semana,4.0
I21JC023968M,22,,fim_semana,0.0,0.0,0.01,0.0,0.0,normal,normal,alta,8,historico fim_semana,4.0
I21JC023968M,23,,fim_semana,0.0,0.0,0.01,0.0,0.0,normal,normal,alta,8,historico fim_semana,4.0
I21JC029084J,0,,fim_semana,0.0,0.0,0.01,0.0,0.0,normal,normal,alta,8,historico fim_semana,4.0
I21JC029084J,1,,fim_semana,0.0,0.0,0.01,0.0,0.0,normal,normal,alta,8,historico fim_semana,4.0
I21JC029084J,2,,fim_semana,0.0,0.0,0.01,0.0,0.0,normal,normal,alta,8,historico fim_semana,4.0
I21JC029084J,3,,fim_semana,0.0,0.0,0.01,0.0,0.0,normal,normal,alta,8,historico fim_semana,4.0
I21JC029084J,4,,fim_semana,0.0,0.0,0.01,0.0,0.0,normal,normal,alta,8,historico fim_semana,4.0
I21JC029084J,5,,fim_semana,0.0,0.0,0.01,0.0,0.0,normal,normal,alta,8,historico fim_semana,4.0
I21JC029084J,6,,fim_semana,0.0,0.0,0.01,0.0,0.0,normal,normal,alta,8,historico fim_semana,4.0
I21JC029084J,7,,fim_semana,0.0,0.0,0.01,0.0,0.0,normal,normal,alta,8,historico fim_semana,4.0
I21JC029084J,8,,fim_semana,0.0,0.0,0.01,0.0,0.0,normal,normal,alta,8,historico fim_semana,4.0
I21JC029084J,9,,fim_semana,0.0,0.0,0.01,0.0,0.0,normal,normal,alta,8,historico fim_semana,4.0
I21JC029084J,10,,fim_semana,0.0,0.0,0.01,0.0,0.0,normal,normal,alta,8,historico fim_semana,4.0
I21JC029084J,11,,fim_semana,0.0,0.0,0.01,0.0,0.0,normal,normal,alta,8,historico fim_semana,4.0
I21JC029084J,12,,fim_semana,0.0,0.0,0.01,0.0,0.0,normal,normal,alta,8,historico fim_semana,4.0
I21JC029084J,13,,fim_semana,0.0,0.0,0.01,0.0,0.0,normal,normal,alta,8,historico fim_semana,4.0
I21JC029084J,14,,fim_semana,0.0,0.0,0.01,0.0,0.0,normal,normal,alta,8,historico fim_semana,4.0
I21JC029084J,15,,fim_semana,0.0,0.0,0.01,0.0,0.0,normal,normal,alta,8,historico fim_semana,4.0
I21JC029084J,16,,fim_semana,0.0,0.0,0.01,0.0,0.0,normal,normal,alta,8,historico fim_semana,4.0
I21JC029084J,17,,fim_semana,0.0,0.0,0.01,0.0,0.0,normal,normal,alta,8,historico fim_semana,4.0
I21JC029084J,18,,fim_semana,0.0,0.0,0.01,0.0,0.0,normal,normal,alta,8,historico fim_semana,4.0
I21JC029084J,19,,fim_semana,0.0,0.0,0.01,0.0,0.0,normal,normal,alta,8,historico fim_semana,4.0
I21JC029084J,20,,fim_semana,0.0,0.0,0.01,0.0,0.0,normal,normal,alta,8,historico fim_semana,4.0
I21JC029084J,21,,fim_semana,0.0,0.0,0.01,0.0,0.0,normal,normal,alta,8,historico fim_semana,4.0
I21JC029084J,22,,fim_semana,0.0,0.0,0.01,0.0,0.0,normal,normal,alta,8,historico fim_semana,4.0
I21JC029084J,23,,fim_semana,0.0,0.0,0.01,0.0,0.0,normal,normal,alta,8,historico fim_semana,4.0
I21JC029093K,0,,fim_semana,0.0,0.0088,0.0224,-0.39,-0.39,normal,normal,alta,8,historico fim_semana,4.0
I21JC029093K,1,,fim_semana,0.0,0.0015,0.01,-0.15,-0.15,normal,normal,alta,8,historico fim_semana,4.0
I21JC029093K,2,,fim_semana,0.0,0.0005,0.01,-0.05,-0.05,normal,normal,alta,8,historico fim_semana,4.0
I21JC029093K,3,,fim_semana,0.0,0.0005,0.01,-0.05,-0.05,normal,normal,alta,8,historico fim_semana,4.0
I21JC029093K,4,,fim_semana,0.0,0.0004,0.01,-0.04,-0.04,normal,normal,alta,8,historico fim_semana,4.0
I21JC029093K,5,,fim_semana,0.0,0.0001,0.01,-0.01,-0.01,normal,normal,alta,8,historico fim_semana,4.0
I21JC029093K,6,,fim_semana,0.0,0.0005,0.01,-0.05,-0.05,normal,normal,alta,8,historico fim_semana,4.0
I21JC029093K,7,,fim_semana,0.0,0.0008,0.01,-0.07,-0.07,normal,normal,alta,8,historico fim_semana,4.0
I21JC029093K,8,,fim_semana,0.0,0.0008,0.01,-0.07,-0.07,normal,normal,alta,8,historico fim_semana,4.0
I21JC029093K,9,,fim_semana,0.0,0.0046,0.0116,-0.4,-0.4,normal,normal,alta,8,historico fim_semana,4.0
I21JC029093K,10,,fim_semana,0.0,0.0004,0.01,-0.04,-0.04,normal,normal,alta,8,historico fim_semana,4.0
I21JC029093K,11,,fim_semana,0.0,0.0004,0.01,-0.04,-0.04,normal,normal,alta,8,historico fim_semana,4.0
I21JC029093K,12,,fim_semana,0.004,0.0004,0.01,0.36,0.36,normal,normal,alta,8,historico fim_semana,4.0
I21JC029093K,13,,fim_semana,0.0,0.0004,0.01,-0.04,-0.04,normal,normal,alta,8,historico fim_semana,4.0
I21JC029093K,14,,fim_semana,0.0,0.0005,0.01,-0.05,-0.05,normal,normal,alta,8,historico fim_semana,4.0
I21JC029093K,15,,fim_semana,0.0,0.0004,0.01,-0.04,-0.04,normal,normal,alta,8,historico fim_semana,4.0
I21JC029093K,16,,fim_semana,0.0,0.0005,0.01,-0.05,-0.05,normal,normal,alta,8,historico fim_semana,4.0
I21JC029093K,17,,fim_semana,0.0,0.0004,0.01,-0.04,-0.04,normal,normal,alta,8,historico fim_semana,4.0
I21JC029093K,18,,fim_semana,0.0,0.0034,0.01,-0.34,-0.34,normal,normal,alta,8,historico fim_semana,4.0
I21JC029093K,19,,fim_semana,0.0,0.0046,0.0131,-0.35,-0.35,normal,normal,alta,8,historico fim_semana,4.0
I21JC029093K,20,,fim_semana,0.0,0.0011,0.01,-0.11,-0.11,normal,normal,alta,8,historico fim_semana,4.0
I21JC029093K,21,,fim_semana,0.0,0.0045,0.0127,-0.35,-0.35,normal,normal,alta,8,historico fim_semana,4.0
I21JC029093K,22,,fim_semana,0.0,0.0059,0.0166,-0.35,-0.35,normal,normal,alta,8,historico fim_semana,4.0
I21JC029093K,23,,fim_semana,0.0,0.0022,0.01,-0.22,-0.22,normal,normal,alta,8,historico fim_semana,4.0
I21JC029094L,0,,fim_semana,0.0,0.0,0.01,0.0,0.0,normal,normal,alta,6,historico fim_semana,4.0
I21JC029094L,1,,fim_semana,0.0,0.0,0.01,0.0,0.0,normal,normal,alta,6,historico fim_semana,4.0
I21JC029094L,2,,fim_semana,0.0,0.0,0.01,0.0,0.0,normal,normal,alta,6,historico fim_semana,4.0
I21JC029094L,3,,fim_semana,0.0,0.0,0.01,0.0,0.0,normal,normal,alta,6,historico fim_semana,4.0
I21JC029094L,4,,fim_semana,0.0,0.0,0.01,0.0,0.0,normal,normal,alta,6,historico fim_semana,4.0
I21JC029094L,5,,fim_semana,0.0,0.0,0.01,0.0,0.0,normal,normal,alta,6,historico fim_semana,4.0
I21JC029094L,6,,fim_semana,0.0,0.0,0.01,0.0,0.0,normal,normal,alta,6,historico fim_semana,4.0
I21JC029094L,7,,fim_semana,0.0,0.0,0.01,0.0,0.0,normal,normal,alta,6,historico fim_semana,4.0
I21JC029094L,8,,fim_semana,0.0,0.0,0.01,0.0,0.0,normal,normal,baixa,4,historico fim_semana (poucos dados),4.0
I21JC029094L,9,,fim_semana,0.0,0.0,0.01,0.0,0.0,normal,normal,baixa,4,historico fim_semana (poucos dados),4.0
I21JC029094L,10,,fim_semana,0.0,0.0,0.01,0.0,0.0,normal,normal,baixa,4,historico fim_semana (poucos dados),4.0
I21JC029094L,11,,fim_semana,0.0,0.0,0.01,0.0,0.0,normal,normal,baixa,4,historico fim_semana (poucos dados),4.0
I21JC029094L,12,,fim_semana,0.0,0.0,0.01,0.0,0.0,normal,normal,alta,6,historico fim_semana,4.0
I21JC029094L,13,,fim_semana,0.0,0.0,0.01,0.0,0.0,normal,normal,alta,6,historico fim_semana,4.0
I21JC029094L,14,,fim_semana,0.0,0.0,0.01,0.0,0.0,normal,normal,alta,6,historico fim_semana,4.0
I21JC029094L,15,,fim_semana,0.0,0.0,0.01,0.0,0.0,normal,normal,alta,6,historico fim_semana,4.0
I21JC029094L,16,,fim_semana,0.0,0.0,0.01,0.0,0.0,normal,normal,alta,5,historico fim_semana,4.0
I21JC029094L,17,,fim_semana,0.0,0.0,0.01,0.0,0.0,normal,normal,alta,5,historico fim_semana,4.0
I21JC029094L,18,,fim_semana,0.0,0.0,0.01,0.0,0.0,normal,normal,alta,5,historico fim_semana,4.0
I21JC029094L,19,,fim_semana,0.0,0.0,0.01,0.0,0.0,normal,normal,alta,5,historico fim_semana,4.0
I21JC029094L,20,,fim_semana,0.0,0.0,0.01,0.0,0.0,normal,normal,alta,5,historico fim_semana,4.0
I21JC029094L,21,,fim_semana,0.0,0.0,0.01,0.0,0.0,normal,normal,alta,5,historico fim_semana,4.0
I21JC029094L,22,,fim_semana,0.0,0.0,0.01,0.0,0.0,normal,normal,alta,5,historico fim_semana,4.0
I21JC029094L,23,,fim_semana,0.0,0.0,0.01,0.0,0.0,normal,normal,alta,5,historico fim_semana,4.0
I21JC029107Z,0,,fim_semana,0.0,0.0,0.01,0.0,0.0,normal,normal,alta,8,historico fim_semana,4.0
I21JC029107Z,1,,fim_semana,0.0,0.0,0.01,0.0,0.0,normal,normal,alta,8,historico fim_semana,4.0
I21JC029107Z,2,,fim_semana,0.0,0.0,0.01,0.0,0.0,normal,normal,alta,8,historico fim_semana,4.0
I21JC029107Z,3,,fim_semana,0.0,0.0,0.01,0.0,0.0,normal,normal,alta,8,historico fim_semana,4.0
I21JC029107Z,4,,fim_semana,0.0,0.0,0.01,0.0,0.0,normal,normal,alta,8,historico fim_semana,4.0
I21JC029107Z,5,,fim_semana,1.595,0.0,0.01,10.0,159.5,desvio,acima,alta,8,historico fim_semana,4.0
I21JC029107Z,6,,fim_semana,8.151,0.7095,2.0068,3.71,3.71,normal,normal,alta,8,historico fim_semana,4.0
I21JC029107Z,7,,fim_semana,2.137,0.0,0.01,10.0,213.7,desvio,acima,alta,8,historico fim_semana,4.0
I21JC029107Z,8,,fim_semana,0.0,0.0,0.01,0.0,0.0,normal,normal,alta,8,historico fim_semana,4.0
I21JC029107Z,9,,fim_semana,0.0,0.0,0.01,0.0,0.0,normal,normal,alta,8,historico fim_semana,4.0
I21JC029107Z,10,,fim_semana,0.0,0.0,0.01,0.0,0.0,normal,normal,alta,8,historico fim_semana,4.0
I21JC029107Z,11,,fim_semana,0.0,0.0,0.01,0.0,0.0,normal,normal,alta,8,historico fim_semana,4.0
I21JC029107Z,12,,fim_semana,0.0,0.0,0.01,0.0,0.0,normal,normal,alta,8,historico fim_semana,4.0
I21JC029107Z,13,,fim_semana,0.0,0.0,0.01,0.0,0.0,normal,normal,alta,8,historico fim_semana,4.0
I21JC029107Z,14,,fim_semana,0.0,0.0,0.01,0.0,0.0,normal,normal,alta,8,historico fim_semana,4.0
I21JC029107Z,15,,fim_semana,0.0,0.0,0.01,0.0,0.0,normal,normal,alta,8,historico fim_semana,4.0
I21JC029107Z,16,,fim_semana,0.0,0.0,0.01,0.0,0.0,normal,normal,alta,8,historico fim_semana,4.0
I21JC029107Z,17,,fim_semana,0.0,0.0,0.01,0.0,0.0,normal,normal,alta,8,historico fim_semana,4.0
I21JC029107Z,18,,fim_semana,0.0,0.0,0.01,0.0,0.0,normal,normal,alta,8,historico fim_semana,4.0
I21JC029107Z,19,,fim_semana,0.28,0.2883,0.8153,-0.01,-0.01,normal,normal,alta,8,historico fim_semana,4.0
I21JC029107Z,20,,fim_semana,3.154,0.5526,1.5631,1.66,1.66,normal,normal,alta,8,historico fim_semana,4.0
I21JC029107Z,21,,fim_semana,0.0,0.0,0.01,0.0,0.0,normal,normal,alta,8,historico fim_semana,4.0
I21JC029107Z,22,,fim_semana,0.0,0.0,0.01,0.0,0.0,normal,normal,alta,8,historico fim_semana,4.0
I21JC029107Z,23,,fim_semana,0.0,0.0,0.01,0.0,0.0,normal,normal,alta,8,historico fim_semana,4.0
I21JC029118C,0,,fim_semana,0.01,0.0069,0.01,0.31,0.31,normal,normal,alta,7,historico fim_semana,4.0
I21JC029118C,1,,fim_semana,0.009,0.0064,0.01,0.26,0.26,normal,normal,alta,7,historico fim_semana,4.0
I21JC029118C,2,,fim_semana,0.008,0.0064,0.01,0.16,0.16,normal,normal,alta,7,historico fim_semana,4.0
I21JC029118C,3,,fim_semana,0.008,0.011,0.0146,-0.2,-0.2,normal,normal,alta,8,historico fim_semana,4.0
I21JC029118C,4,,fim_semana,0.008,0.0064,0.01,0.16,0.16,normal,normal,alta,8,historico fim_semana,4.0
I21JC029118C,5,,fim_semana,0.009,0.0065,0.01,0.25,0.25,normal,normal,alta,8,historico fim_semana,4.0
I21JC029118C,6,,fim_semana,0.008,0.0068,0.01,0.12,0.12,normal,normal,alta,8,historico fim_semana,4.0
I21JC029118C,7,,fim_semana,0.009,0.007,0.01,0.2,0.2,normal,normal,alta,8,historico fim_semana,4.0
I21JC029118C,8,,fim_semana,0.01,0.0072,0.01,0.28,0.28,normal,normal,alta,8,historico fim_semana,4.0
I21JC029118C,9,,fim_semana,0.009,0.0072,0.01,0.17,0.17,normal,normal,alta,8,historico fim_semana,4.0
I21JC029118C,10,,fim_semana,0.009,0.0074,0.01,0.16,0.16,normal,normal,alta,8,historico fim_semana,4.0
I21JC029118C,11,,fim_semana,0.01,0.0074,0.01,0.26,0.26,normal,normal,alta,8,historico fim_semana,4.0
I21JC029118C,12,,fim_semana,0.01,0.0077,0.01,0.23,0.23,normal,normal,alta,8,historico fim_semana,4.0
I21JC029118C,13,,fim_semana,0.01,0.0075,0.01,0.25,0.25,normal,normal,alta,8,historico fim_semana,4.0
I21JC029118C,14,,fim_semana,0.01,0.0077,0.01,0.23,0.23,normal,normal,alta,8,historico fim_semana,4.0
I21JC029118C,15,,fim_semana,0.009,0.0074,0.01,0.16,0.16,normal,normal,alta,8,historico fim_semana,4.0
I21JC029118C,16,,fim_semana,0.01,0.0076,0.01,0.24,0.24,normal,normal,alta,8,historico fim_semana,4.0
I21JC029118C,17,,fim_semana,0.009,0.0074,0.01,0.16,0.16,normal,normal,alta,8,historico fim_semana,4.0
I21JC029118C,18,,fim_semana,0.01,0.0075,0.01,0.25,0.25,normal,normal,alta,8,historico fim_semana,4.0
I21JC029118C,19,,fim_semana,0.01,0.0075,0.01,0.25,0.25,normal,normal,alta,8,historico fim_semana,4.0
I21JC029118C,20,,fim_semana,0.01,0.0075,0.01,0.25,0.25,normal,normal,alta,8,historico fim_semana,4.0
I21JC029118C,21,,fim_semana,0.009,0.0072,0.01,0.17,0.17,normal,normal,alta,8,historico fim_semana,4.0
I21JC029118C,22,,fim_semana,0.01,0.0074,0.01,0.26,0.26,normal,normal,alta,8,historico fim_semana,4.0
I21JC029118C,23,,fim_semana,0.009,0.0071,0.01,0.19,0.19,normal,normal,alta,7,historico fim_semana,4.0
I21JC029120W,0,,fim_semana,0.0,0.0076,0.0216,-0.35,-0.35,normal,normal,alta,8,historico fim_semana,4.0
I21JC029120W,1,,fim_semana,0.0,0.0,0.01,0.0,0.0,normal,normal,alta,8,historico fim_semana,4.0
I21JC029120W,2,,fim_semana,0.0,0.0,0.01,0.0,0.0,normal,normal,alta,8,historico fim_semana,4.0
I21JC029120W,3,,fim_semana,0.0,0.0,0.01,0.0,0.0,normal,normal,alta,8,historico fim_semana,4.0
I21JC029120W,4,,fim_semana,0.0,0.0,0.01,0.0,0.0,normal,normal,alta,7,historico fim_semana,4.0
I21JC029120W,5,,fim_semana,0.0,0.0,0.01,0.0,0.0,normal,normal,alta,7,historico fim_semana,4.0
I21JC029120W,6,,fim_semana,0.0,0.0,0.01,0.0,0.0,normal,normal,alta,7,historico fim_semana,4.0
I21JC029120W,7,,fim_semana,0.0,0.0,0.01,0.0,0.0,normal,normal,alta,7,historico fim_semana,4.0
I21JC029120W,8,,fim_semana,0.04,0.0145,0.0209,1.22,1.22,normal,normal,alta,8,historico fim_semana,4.0
I21JC029120W,9,,fim_semana,0.023,0.0155,0.0161,0.46,0.46,normal,normal,alta,8,historico fim_semana,4.0
I21JC029120W,10,,fim_semana,0.157,0.2479,0.6453,-0.14,-0.14,normal,normal,alta,8,historico fim_semana,4.0
I21JC029120W,11,,fim_semana,0.176,0.0549,0.0361,3.35,3.35,normal,normal,alta,8,historico fim_semana,4.0
I21JC029120W,12,,fim_semana,0.019,0.05,0.0345,-0.9,-0.9,normal,normal,alta,8,historico fim_semana,4.0
I21JC029120W,13,,fim_semana,0.009,0.0639,0.0306,-1.79,-1.79,normal,normal,alta,8,historico fim_semana,4.0
I21JC029120W,14,,fim_semana,0.138,0.0436,0.0377,2.5,2.5,normal,normal,alta,8,historico fim_semana,4.0
I21JC029120W,15,,fim_semana,0.032,0.0537,0.0299,-0.73,-0.73,normal,normal,alta,8,historico fim_semana,4.0
I21JC029120W,16,,fim_semana,0.067,0.0597,0.0409,0.18,0.18,normal,normal,alta,8,historico fim_semana,4.0
I21JC029120W,17,,fim_semana,0.027,0.0671,0.0403,-1.0,-1.0,normal,normal,alta,8,historico fim_semana,4.0
I21JC029120W,18,,fim_semana,0.047,0.0688,0.0609,-0.36,-0.36,normal,normal,alta,8,historico fim_semana,4.0
I21JC029120W,19,,fim_semana,0.0,0.0575,0.078,-0.74,-0.74,normal,normal,alta,8,historico fim_semana,4.0
I21JC029120W,20,,fim_semana,0.0,0.0349,0.0345,-1.01,-1.01,normal,normal,alta,8,historico fim_semana,4.0
I21JC029120W,21,,fim_semana,0.0,0.0211,0.0309,-0.68,-0.68,normal,normal,alta,8,historico fim_semana,4.0
I21JC029120W,22,,fim_semana,0.0,0.0023,0.01,-0.23,-0.23,normal,normal,alta,8,historico fim_semana,4.0
I21JC029120W,23,,fim_semana,0.0,0.0057,0.0163,-0.35,-0.35,normal,normal,alta,8,historico fim_semana,4.0
I21JC029122Y,0,,fim_semana,0.0,0.0,0.01,0.0,0.0,normal,normal,alta,8,historico fim_semana,4.0
I21JC029122Y,1,,fim_semana,0.0,0.0,0.01,0.0,0.0,normal,normal,alta,8,historico fim_semana,4.0
I21JC029122Y,2,,fim_semana,0.0,0.0,0.01,0.0,0.0,normal,normal,alta,8,historico fim_semana,4.0
I21JC029122Y,3,,fim_semana,0.0,0.0,0.01,0.0,0.0,normal,normal,alta,8,historico fim_semana,4.0
I21JC029122Y,4,,fim_semana,0.0,0.0,0.01,0.0,0.0,normal,normal,alta,8,historico fim_semana,4.0
I21JC029122Y,5,,fim_semana,0.0,0.0,0.01,0.0,0.0,normal,normal,alta,8,historico fim_semana,4.0
I21JC029122Y,6,,fim_semana,0.0,0.0003,0.01,-0.03,-0.03,normal,normal,alta,8,historico fim_semana,4.0
I21JC029122Y,7,,fim_semana,0.0,0.0,0.01,0.0,0.0,normal,normal,alta,8,historico fim_semana,4.0
I21JC029122Y,8,,fim_semana,0.0,0.0,0.01,0.0,0.0,normal,normal,alta,8,historico fim_semana,4.0
I21JC029122Y,9,,fim_semana,0.0,0.0004,0.01,-0.04,-0.04,normal,normal,alta,8,historico fim_semana,4.0
I21JC029122Y,10,,fim_semana,0.0,0.0043,0.012,-0.35,-0.35,normal,normal,alta,8,historico fim_semana,4.0
I21JC029122Y,11,,fim_semana,0.0,0.0027,0.01,-0.27,-0.27,normal,normal,alta,8,historico fim_semana,4.0
I21JC029122Y,12,,fim_semana,0.0,0.0022,0.01,-0.22,-0.22,normal,normal,alta,8,historico fim_semana,4.0
I21JC029122Y,13,,fim_semana,0.0,0.0014,0.01,-0.14,-0.14,normal,normal,alta,8,historico fim_semana,4.0
I21JC029122Y,14,,fim_semana,0.0,0.0025,0.01,-0.25,-0.25,normal,normal,alta,8,historico fim_semana,4.0
I21JC029122Y,15,,fim_semana,0.0,0.0054,0.0152,-0.35,-0.35,normal,normal,alta,8,historico fim_semana,4.0
I21JC029122Y,16,,fim_semana,0.0,0.0331,0.0937,-0.35,-0.35,normal,normal,alta,8,historico fim_semana,4.0
I21JC029122Y,17,,fim_semana,0.0,0.0205,0.058,-0.35,-0.35,normal,normal,alta,8,historico fim_semana,4.0
I21JC029122Y,18,,fim_semana,0.0,0.0,0.01,0.0,0.0,normal,normal,alta,8,historico fim_semana,4.0
I21JC029122Y,19,,fim_semana,0.0,0.0,0.01,0.0,0.0,normal,normal,alta,8,historico fim_semana,4.0
I21JC029122Y,20,,fim_semana,0.0,0.0001,0.01,-0.01,-0.01,normal,normal,alta,8,historico fim_semana,4.0
I21JC029122Y,21,,fim_semana,0.0,0.0,0.01,0.0,0.0,normal,normal,alta,8,historico fim_semana,4.0
I21JC029122Y,22,,fim_semana,0.0,0.0,0.01,0.0,0.0,normal,normal,alta,8,historico fim_semana,4.0
I21JC029122Y,23,,fim_semana,0.0,0.0,0.01,0.0,0.0,normal,normal,alta,8,historico fim_semana,4.0
I21JC029129F,0,,fim_semana,0.055,0.0991,0.0464,-0.95,-0.95,normal,normal,alta,8,historico fim_semana,4.0
I21JC029129F,1,,fim_semana,0.038,0.046,0.0115,-0.7,-0.7,normal,normal,alta,8,historico fim_semana,4.0
I21JC029129F,2,,fim_semana,0.033,0.0229,0.0149,0.68,0.68,normal,normal,alta,8,historico fim_semana,4.0
I21JC029129F,3,,fim_semana,0.02,0.0117,0.0174,0.48,0.48,normal,normal,alta,7,historico fim_semana,4.0
I21JC029129F,4,,fim_semana,0.019,0.009,0.0149,0.67,0.67,normal,normal,alta,7,historico fim_semana,4.0
I21JC029129F,5,,fim_semana,0.019,0.0087,0.014,0.74,0.74,normal,normal,alta,7,historico fim_semana,4.0
I21JC029129F,6,,fim_semana,0.019,0.0067,0.0113,1.09,1.09,normal,normal,alta,7,historico fim_semana,4.0
I21JC029129F,7,,fim_semana,0.02,0.0794,0.0559,-1.06,-1.06,normal,normal,alta,8,historico fim_semana,4.0
I21JC029129F,8,,fim_semana,0.122,0.2234,0.0558,-1.82,-1.82,normal,normal,alta,8,historico fim_semana,4.0
I21JC029129F,9,,fim_semana,0.45,0.3187,0.1185,1.11,1.11,normal,normal,alta,8,historico fim_semana,4.0
I21JC029129F,10,,fim_semana,0.299,0.3333,0.0861,-0.4,-0.4,normal,normal,alta,8,historico fim_semana,4.0
I21JC029129F,11,,fim_semana,0.326,0.2795,0.0875,0.53,0.53,normal,normal,alta,8,historico fim_semana,4.0
I21JC029129F,12,,fim_semana,0.258,0.2541,0.0635,0.06,0.06,normal,normal,alta,8,historico fim_semana,4.0
I21JC029129F,13,,fim_semana,0.189,0.2064,0.0869,-0.2,-0.2,normal,normal,alta,8,historico fim_semana,4.0
I21JC029129F,14,,fim_semana,0.329,0.1779,0.0445,3.4,3.4,normal,normal,alta,8,historico fim_semana,4.0
I21JC029129F,15,,fim_semana,0.298,0.2052,0.1141,0.81,0.81,normal,normal,alta,8,historico fim_semana,4.0
I21JC029129F,16,,fim_semana,0.212,0.1849,0.1019,0.27,0.27,normal,normal,alta,8,historico fim_semana,4.0
I21JC029129F,17,,fim_semana,0.219,0.1662,0.0584,0.9,0.9,normal,normal,alta,8,historico fim_semana,4.0
I21JC029129F,18,,fim_semana,0.155,0.186,0.1102,-0.28,-0.28,normal,normal,alta,8,historico fim_semana,4.0
I21JC029129F,19,,fim_semana,0.151,0.2009,0.0905,-0.55,-0.55,normal,normal,alta,8,historico fim_semana,4.0
I21JC029129F,20,,fim_semana,0.217,0.2318,0.0929,-0.16,-0.16,normal,normal,alta,8,historico fim_semana,4.0
I21JC029129F,21,,fim_semana,0.308,0.1679,0.0539,2.6,2.6,normal,normal,alta,8,historico fim_semana,4.0
I21JC029129F,22,,fim_semana,0.34,0.2105,0.065,1.99,1.99,normal,normal,alta,8,historico fim_semana,4.0
I21JC029129F,23,,fim_semana,0.28,0.1773,0.0901,1.14,1.14,normal,normal,alta,8,historico fim_semana,4.0
I21JC029134C,0,,fim_semana,0.017,0.0214,0.0208,-0.21,-0.21,normal,normal,alta,8,historico fim_semana,4.0
I21JC029134C,1,,fim_semana,0.017,0.0216,0.0206,-0.22,-0.22,normal,normal,alta,8,historico fim_semana,4.0
I21JC029134C,2,,fim_semana,0.017,0.0219,0.0207,-0.24,-0.24,normal,normal,alta,8,historico fim_semana,4.0
I21JC029134C,3,,fim_semana,0.017,0.0214,0.0204,-0.21,-0.21,normal,normal,alta,8,historico fim_semana,4.0
I21JC029134C,4,,fim_semana,0.017,0.0219,0.0208,-0.23,-0.23,normal,normal,alta,8,historico fim_semana,4.0
I21JC029134C,5,,fim_semana,0.017,0.0215,0.0203,-0.22,-0.22,normal,normal,alta,8,historico fim_semana,4.0
I21JC029134C,6,,fim_semana,0.018,0.0214,0.0204,-0.17,-0.17,normal,normal,alta,8,historico fim_semana,4.0
I21JC029134C,7,,fim_semana,0.016,0.0214,0.0205,-0.26,-0.26,normal,normal,alta,8,historico fim_semana,4.0
I21JC029134C,8,,fim_semana,0.016,0.0232,0.0198,-0.37,-0.37,normal,normal,alta,8,historico fim_semana,4.0
I21JC029134C,9,,fim_semana,0.016,0.0774,0.1109,-0.55,-0.55,normal,normal,alta,8,historico fim_semana,4.0
I21JC029134C,10,,fim_semana,0.016,0.0868,0.1064,-0.67,-0.67,normal,normal,alta,8,historico fim_semana,4.0
I21JC029134C,11,,fim_semana,0.015,0.0653,0.1083,-0.46,-0.46,normal,normal,alta,8,historico fim_semana,4.0
I21JC029134C,12,,fim_semana,0.015,0.0586,0.0601,-0.73,-0.73,normal,normal,alta,8,historico fim_semana,4.0
I21JC029134C,13,,fim_semana,0.017,0.022,0.0192,-0.26,-0.26,normal,normal,alta,8,historico fim_semana,4.0
I21JC029134C,14,,fim_semana,0.016,0.0287,0.027,-0.47,-0.47,normal,normal,alta,8,historico fim_semana,4.0
I21JC029134C,15,,fim_semana,0.016,0.0284,0.0278,-0.44,-0.44,normal,normal,alta,8,historico fim_semana,4.0
I21JC029134C,16,,fim_semana,0.016,0.0256,0.0223,-0.43,-0.43,normal,normal,alta,8,historico fim_semana,4.0
I21JC029134C,17,,fim_semana,0.015,0.0214,0.02,-0.32,-0.32,normal,normal,alta,8,historico fim_semana,4.0
I21JC029134C,18,,fim_semana,0.016,0.0216,0.0195,-0.29,-0.29,normal,normal,alta,8,historico fim_semana,4.0
I21JC029134C,19,,fim_semana,0.016,0.0211,0.0199,-0.26,-0.26,normal,normal,alta,8,historico fim_semana,4.0
I21JC029134C,20,,fim_semana,0.016,0.0216,0.0202,-0.28,-0.28,normal,normal,alta,8,historico fim_semana,4.0
I21JC029134C,21,,fim_semana,0.016,0.022,0.0196,-0.31,-0.31,normal,normal,alta,8,historico fim_semana,4.0
I21JC029134C,22,,fim_semana,0.017,0.0221,0.0205,-0.25,-0.25,normal,normal,alta,8,historico fim_semana,4.0
I21JC029134C,23,,fim_semana,0.017,0.0224,0.02,-0.27,-0.27,normal,normal,alta,8,historico fim_semana,4.0
I21JC029136E,0,,fim_semana,0.003,0.0014,0.01,0.16,0.16,normal,normal,alta,8,historico fim_semana,4.0
I21JC029136E,1,,fim_semana,0.0,0.0009,0.01,-0.09,-0.09,normal,normal,alta,8,historico fim_semana,4.0
I21JC029136E,2,,fim_semana,0.0,0.0006,0.01,-0.06,-0.06,normal,normal,alta,8,historico fim_semana,4.0
I21JC029136E,3,,fim_semana,0.0,0.0004,0.01,-0.04,-0.04,normal,normal,alta,8,historico fim_semana,4.0
I21JC029136E,4,,fim_semana,0.0,0.0,0.01,0.0,0.0,normal,normal,alta,7,historico fim_semana,4.0
I21JC029136E,5,,fim_semana,0.0,0.0001,0.01,-0.01,-0.01,normal,normal,alta,7,historico fim_semana,4.0
I21JC029136E,6,,fim_semana,0.0,0.0,0.01,0.0,0.0,normal,normal,alta,7,historico fim_semana,4.0
I21JC029136E,7,,fim_semana,0.0,0.0,0.01,0.0,0.0,normal,normal,alta,7,historico fim_semana,4.0
I21JC029136E,8,,fim_semana,0.0,0.0001,0.01,-0.01,-0.01,normal,normal,alta,8,historico fim_semana,4.0
I21JC029136E,9,,fim_semana,0.0,0.0,0.01,0.0,0.0,normal,normal,alta,8,historico fim_semana,4.0
I21JC029136E,10,,fim_semana,0.0,0.0,0.01,0.0,0.0,normal,normal,alta,8,historico fim_semana,4.0
I21JC029136E,11,,fim_semana,0.0,0.0,0.01,0.0,0.0,normal,normal,alta,8,historico fim_semana,4.0
I21JC029136E,12,,fim_semana,0.0,0.0,0.01,0.0,0.0,normal,normal,alta,8,historico fim_semana,4.0
I21JC029136E,13,,fim_semana,0.0,0.0,0.01,0.0,0.0,normal,normal,alta,8,historico fim_semana,4.0
I21JC029136E,14,,fim_semana,0.0,0.0,0.01,0.0,0.0,normal,normal,alta,8,historico fim_semana,4.0
I21JC029136E,15,,fim_semana,0.0,0.0,0.01,0.0,0.0,normal,normal,alta,8,historico fim_semana,4.0
I21JC029136E,16,,fim_semana,0.0,0.0,0.01,0.0,0.0,normal,normal,alta,8,historico fim_semana,4.0
I21JC029136E,17,,fim_semana,0.0,0.0,0.01,0.0,0.0,normal,normal,alta,8,historico fim_semana,4.0
I21JC029136E,18,,fim_semana,0.0,0.0,0.01,0.0,0.0,normal,normal,alta,8,historico fim_semana,4.0
I21JC029136E,19,,fim_semana,0.0,0.3709,0.6789,-0.55,-0.55,normal,normal,alta,8,historico fim_semana,4.0
I21JC029136E,20,,fim_semana,0.0,0.1829,0.3569,-0.51,-0.51,normal,normal,alta,8,historico fim_semana,4.0
I21JC029136E,21,,fim_semana,2.86,0.3581,1.0008,2.5,2.5,normal,normal,alta,8,historico fim_semana,4.0
I21JC029136E,22,,fim_semana,0.125,0.0175,0.0412,2.61,2.61,normal,normal,alta,8,historico fim_semana,4.0
I21JC029136E,23,,fim_semana,0.005,0.0026,0.01,0.24,0.24,normal,normal,alta,8,historico fim_semana,4.0
I21JC029147H,3,,fim_semana,0.0,0.0,0.01,0.0,0.0,normal,normal,alta,7,historico fim_semana,4.0
I21JC029147H,4,,fim_semana,0.0,0.0,0.01,0.0,0.0,normal,normal,alta,8,historico fim_semana,4.0
I21JC029147H,5,,fim_semana,0.0,0.0,0.01,0.0,0.0,normal,normal,alta,8,historico fim_semana,4.0
I21JC029147H,6,,fim_semana,0.0,0.0,0.01,0.0,0.0,normal,normal,alta,8,historico fim_semana,4.0
I21JC029147H,7,,fim_semana,0.0,0.0,0.01,0.0,0.0,normal,normal,alta,6,historico fim_semana,4.0
I21JC029147H,8,,fim_semana,0.0,0.0,0.01,0.0,0.0,normal,normal,alta,6,historico fim_semana,4.0
I21JC029147H,9,,fim_semana,0.0,0.0,0.01,0.0,0.0,normal,normal,alta,6,historico fim_semana,4.0
I21JC029147H,10,,fim_semana,0.0,0.0,0.01,0.0,0.0,normal,normal,alta,6,historico fim_semana,4.0
I21JC029147H,11,,fim_semana,0.0,0.0,0.01,0.0,0.0,normal,normal,alta,5,historico fim_semana,4.0
I21JC029147H,12,,fim_semana,0.0,0.0,0.01,0.0,0.0,normal,normal,alta,5,historico fim_semana,4.0
I21JC029147H,13,,fim_semana,0.0,0.0,0.01,0.0,0.0,normal,normal,alta,5,historico fim_semana,4.0
I21JC029147H,14,,fim_semana,0.0,0.0,0.01,0.0,0.0,normal,normal,alta,5,historico fim_semana,4.0
I21JC029147H,15,,fim_semana,0.0,0.0,0.01,0.0,0.0,normal,normal,baixa,4,historico fim_semana (poucos dados),4.0
I21JC029147H,16,,fim_semana,0.0,0.0,0.01,0.0,0.0,normal,normal,baixa,4,historico fim_semana (poucos dados),4.0
I21JC029147H,17,,fim_semana,0.0,0.0,0.01,0.0,0.0,normal,normal,baixa,4,historico fim_semana (poucos dados),4.0
I21JC029147H,18,,fim_semana,0.0,0.0,0.01,0.0,0.0,normal,normal,baixa,4,historico fim_semana (poucos dados),4.0
I21JC029147H,19,,fim_semana,0.0,0.0,0.01,0.0,0.0,normal,normal,alta,6,historico fim_semana,4.0
I21JC029147H,20,,fim_semana,0.0,0.0,0.01,0.0,0.0,normal,normal,alta,8,historico fim_semana,4.0
I21JC029147H,21,,fim_semana,0.0,0.0,0.01,0.0,0.0,normal,normal,alta,8,historico fim_semana,4.0
I21JC029147H,22,,fim_semana,0.0,0.0,0.01,0.0,0.0,normal,normal,alta,8,historico fim_semana,4.0
I21JC029147H,23,,fim_semana,0.0,0.0,0.01,0.0,0.0,normal,normal,alta,5,historico fim_semana,4.0
I21JC029148I,0,,fim_semana,0.007,0.2055,0.2907,-0.68,-0.68,normal,normal,alta,8,historico fim_semana,4.0
I21JC029148I,1,,fim_semana,0.015,0.0088,0.0158,0.4,0.4,normal,normal,alta,8,historico fim_semana,4.0
I21JC029148I,2,,fim_semana,0.023,0.0169,0.0264,0.23,0.23,normal,normal,alta,8,historico fim_semana,4.0
I21JC029148I,3,,fim_semana,0.055,0.0089,0.0147,3.14,3.14,normal,normal,alta,8,historico fim_semana,4.0
I21JC029148I,4,,fim_semana,0.063,0.0077,0.0162,3.42,3.42,normal,normal,alta,8,historico fim_semana,4.0
I21JC029148I,5,,fim_semana,0.072,0.0076,0.0154,4.19,4.19,desvio,acima,alta,8,historico fim_semana,4.0
I21JC029148I,6,,fim_semana,0.078,0.0086,0.0152,4.57,4.57,desvio,acima,alta,8,historico fim_semana,4.0
I21JC029148I,7,,fim_semana,0.08,0.0411,0.0633,0.61,0.61,normal,normal,alta,8,historico fim_semana,4.0
I21JC029148I,8,,fim_semana,0.077,0.0382,0.0304,1.28,1.28,normal,normal,alta,8,historico fim_semana,4.0
I21JC029148I,9,,fim_semana,0.071,0.0491,0.0314,0.7,0.7,normal,normal,alta,7,historico fim_semana,4.0
I21JC029148I,10,,fim_semana,0.051,0.0629,0.0481,-0.25,-0.25,normal,normal,alta,8,historico fim_semana,4.0
I21JC029148I,11,,fim_semana,0.08,0.2391,0.29,-0.55,-0.55,normal,normal,alta,8,historico fim_semana,4.0
I21JC029148I,12,,fim_semana,0.041,0.4519,0.2969,-1.38,-1.38,normal,normal,alta,8,historico fim_semana,4.0
I21JC029148I,13,,fim_semana,1.024,0.3079,0.2613,2.74,2.74,normal,normal,alta,8,historico fim_semana,4.0
I21JC029148I,14,,fim_semana,0.048,0.5381,0.3419,-1.43,-1.43,normal,normal,alta,8,historico fim_semana,4.0
I21JC029148I,15,,fim_semana,0.361,0.107,0.0664,3.83,3.83,normal,normal,alta,8,historico fim_semana,4.0
I21JC029148I,16,,fim_semana,0.412,0.3274,0.4485,0.19,0.19,normal,normal,alta,8,historico fim_semana,4.0
I21JC029148I,17,,fim_semana,0.13,0.538,0.4698,-0.87,-0.87,normal,normal,alta,7,historico fim_semana,4.0
I21JC029148I,18,,fim_semana,0.341,0.2002,0.326,0.43,0.43,normal,normal,alta,8,historico fim_semana,4.0
I21JC029148I,19,,fim_semana,0.234,0.6345,0.3103,-1.29,-1.29,normal,normal,alta,8,historico fim_semana,4.0
I21JC029148I,20,,fim_semana,0.0,0.1055,0.1194,-0.88,-0.88,normal,normal,alta,8,historico fim_semana,4.0
I21JC029148I,21,,fim_semana,0.0,0.1217,0.1402,-0.87,-0.87,normal,normal,alta,7,historico fim_semana,4.0
I21JC029148I,22,,fim_semana,0.0,0.197,0.3665,-0.54,-0.54,normal,normal,alta,8,historico fim_semana,4.0
I21JC029148I,23,,fim_semana,0.008,0.304,0.4095,-0.72,-0.72,normal,normal,alta,8,historico fim_semana,4.0
I21JC029153F,0,,fim_semana,0.0,0.0,0.01,0.0,0.0,normal,normal,alta,7,historico fim_semana,4.0
I21JC029153F,1,,fim_semana,0.0,0.3896,1.102,-0.35,-0.35,normal,normal,alta,8,historico fim_semana,4.0
I21JC029153F,2,,fim_semana,0.0,0.0,0.01,0.0,0.0,normal,normal,alta,8,historico fim_semana,4.0
I21JC029153F,3,,fim_semana,0.0,0.0,0.01,0.0,0.0,normal,normal,alta,8,historico fim_semana,4.0
I21JC029153F,4,,fim_semana,0.0,0.0,0.01,0.0,0.0,normal,normal,alta,8,historico fim_semana,4.0
I21JC029153F,5,,fim_semana,0.0,0.0,0.01,0.0,0.0,normal,normal,alta,8,historico fim_semana,4.0
I21JC029153F,6,,fim_semana,0.64,0.4059,0.3362,0.7,0.7,normal,normal,alta,8,historico fim_semana,4.0
I21JC029153F,7,,fim_semana,0.0,0.0,0.01,0.0,0.0,normal,normal,alta,8,historico fim_semana,4.0
I21JC029153F,8,,fim_semana,0.368,0.2305,0.1909,0.72,0.72,normal,normal,alta,8,historico fim_semana,4.0
I21JC029153F,9,,fim_semana,0.0,0.0,0.01,0.0,0.0,normal,normal,alta,8,historico fim_semana,4.0
I21JC029153F,10,,fim_semana,0.0,0.0,0.01,0.0,0.0,normal,normal,alta,8,historico fim_semana,4.0
I21JC029153F,11,,fim_semana,0.0,0.0,0.01,0.0,0.0,normal,normal,alta,8,historico fim_semana,4.0
I21JC029153F,12,,fim_semana,0.0,0.0,0.01,0.0,0.0,normal,normal,alta,8,historico fim_semana,4.0
I21JC029153F,13,,fim_semana,0.0,0.0,0.01,0.0,0.0,normal,normal,alta,8,historico fim_semana,4.0
I21JC029153F,14,,fim_semana,0.0,0.0,0.01,0.0,0.0,normal,normal,alta,8,historico fim_semana,4.0
I21JC029153F,15,,fim_semana,0.0,0.0,0.01,0.0,0.0,normal,normal,alta,8,historico fim_semana,4.0
I21JC029153F,16,,fim_semana,0.0,0.0,0.01,0.0,0.0,normal,normal,alta,8,historico fim_semana,4.0
I21JC029153F,17,,fim_semana,0.0,0.0,0.01,0.0,0.0,normal,normal,alta,8,historico fim_semana,4.0
I21JC029153F,18,,fim_semana,0.0,0.0,0.01,0.0,0.0,normal,normal,alta,8,historico fim_semana,4.0
I21JC029153F,19,,fim_semana,0.0,0.0,0.01,0.0,0.0,normal,normal,alta,8,historico fim_semana,4.0
I21JC029153F,20,,fim_semana,0.0,0.0,0.01,0.0,0.0,normal,normal,alta,8,historico fim_semana,4.0
I21JC029153F,21,,fim_semana,0.0,0.0,0.01,0.0,0.0,normal,normal,alta,7,historico fim_semana,4.0
I21JC029153F,22,,fim_semana,1.84,1.062,0.9935,0.78,0.78,normal,normal,alta,7,historico fim_semana,4.0
I21JC029153F,23,,fim_semana,1.256,0.703,0.6577,0.84,0.84,normal,normal,alta,7,historico fim_semana,4.0
I21JC029154G,0,,fim_semana,0.0,0.0,0.01,0.0,0.0,normal,normal,alta,8,historico fim_semana,4.0
I21JC029154G,1,,fim_semana,0.0,0.0,0.01,0.0,0.0,normal,normal,alta,8,historico fim_semana,4.0
I21JC029154G,2,,fim_semana,0.0,0.0,0.01,0.0,0.0,normal,normal,alta,8,historico fim_semana,4.0
I21JC029154G,3,,fim_semana,0.0,0.0,0.01,0.0,0.0,normal,normal,alta,8,historico fim_semana,4.0
I21JC029154G,4,,fim_semana,0.0,0.0,0.01,0.0,0.0,normal,normal,alta,8,historico fim_semana,4.0
I21JC029154G,5,,fim_semana,0.0,0.0,0.01,0.0,0.0,normal,normal,alta,8,historico fim_semana,4.0
I21JC029154G,6,,fim_semana,0.0,0.0,0.01,0.0,0.0,normal,normal,alta,8,historico fim_semana,4.0
I21JC029154G,7,,fim_semana,0.0,0.0,0.01,0.0,0.0,normal,normal,alta,8,historico fim_semana,4.0
I21JC029154G,8,,fim_semana,0.0,0.0,0.01,0.0,0.0,normal,normal,alta,8,historico fim_semana,4.0
I21JC029154G,9,,fim_semana,0.0,0.0,0.01,0.0,0.0,normal,normal,alta,8,historico fim_semana,4.0
I21JC029154G,10,,fim_semana,0.0,0.0,0.01,0.0,0.0,normal,normal,alta,8,historico fim_semana,4.0
I21JC029154G,11,,fim_semana,0.0,0.0,0.01,0.0,0.0,normal,normal,alta,8,historico fim_semana,4.0
I21JC029154G,12,,fim_semana,0.0,0.0,0.01,0.0,0.0,normal,normal,alta,8,historico fim_semana,4.0
I21JC029154G,13,,fim_semana,0.0,0.0,0.01,0.0,0.0,normal,normal,alta,8,historico fim_semana,4.0
I21JC029154G,14,,fim_semana,0.0,0.0,0.01,0.0,0.0,normal,normal,alta,8,historico fim_semana,4.0
I21JC029154G,15,,fim_semana,0.0,0.0,0.01,0.0,0.0,normal,normal,alta,8,historico fim_semana,4.0
I21JC029154G,16,,fim_semana,0.0,0.0,0.01,0.0,0.0,normal,normal,alta,8,historico fim_semana,4.0
I21JC029154G,17,,fim_semana,0.0,0.0,0.01,0.0,0.0,normal,normal,alta,8,historico fim_semana,4.0
I21JC029154G,18,,fim_semana,0.0,0.0,0.01,0.0,0.0,normal,normal,alta,8,historico fim_semana,4.0
I21JC029154G,19,,fim_semana,0.0,0.0,0.01,0.0,0.0,normal,normal,alta,8,historico fim_semana,4.0
I21JC029154G,20,,fim_semana,0.0,0.0,0.01,0.0,0.0,normal,normal,alta,8,historico fim_semana,4.0
I21JC029154G,21,,fim_semana,0.0,0.0,0.01,0.0,0.0,normal,normal,alta,8,historico fim_semana,4.0
I21JC029154G,22,,fim_semana,0.0,0.0,0.01,0.0,0.0,normal,normal,alta,8,historico fim_semana,4.0
I21JC029154G,23,,fim_semana,0.0,0.0,0.01,0.0,0.0,normal,normal,alta,8,historico fim_semana,4.0
I21JC029164I,0,,fim_semana,0.0,0.0,0.01,0.0,0.0,normal,normal,alta,7,historico fim_semana,4.0
I21JC029164I,1,,fim_semana,0.0,0.0,0.01,0.0,0.0,normal,normal,alta,8,historico fim_semana,4.0
I21JC029164I,2,,fim_semana,0.0,0.0,0.01,0.0,0.0,normal,normal,alta,8,historico fim_semana,4.0
I21JC029164I,3,,fim_semana,0.0,0.0,0.01,0.0,0.0,normal,normal,alta,8,historico fim_semana,4.0
I21JC029164I,4,,fim_semana,0.0,0.0,0.01,0.0,0.0,normal,normal,alta,8,historico fim_semana,4.0
I21JC029164I,6,,fim_semana,0.0,0.0,0.01,0.0,0.0,normal,normal,alta,8,historico fim_semana,4.0
I21JC029164I,7,,fim_semana,0.0,0.0,0.01,0.0,0.0,normal,normal,alta,8,historico fim_semana,4.0
I21JC029164I,8,,fim_semana,0.0,0.0,0.01,0.0,0.0,normal,normal,alta,8,historico fim_semana,4.0
I21JC029164I,9,,fim_semana,0.0,0.0,0.01,0.0,0.0,normal,normal,alta,8,historico fim_semana,4.0
I21JC029164I,10,,fim_semana,0.0,0.0,0.01,0.0,0.0,normal,normal,alta,8,historico fim_semana,4.0
I21JC029164I,11,,fim_semana,0.0,0.0,0.01,0.0,0.0,normal,normal,alta,8,historico fim_semana,4.0
I21JC029164I,12,,fim_semana,0.0,0.0,0.01,0.0,0.0,normal,normal,alta,8,historico fim_semana,4.0
I21JC029164I,13,,fim_semana,0.0,0.0,0.01,0.0,0.0,normal,normal,alta,8,historico fim_semana,4.0
I21JC029164I,14,,fim_semana,0.0,0.0,0.01,0.0,0.0,normal,normal,alta,8,historico fim_semana,4.0
I21JC029164I,15,,fim_semana,0.0,0.0,0.01,0.0,0.0,normal,normal,alta,8,historico fim_semana,4.0
I21JC029164I,16,,fim_semana,0.0,0.0,0.01,0.0,0.0,normal,normal,alta,8,historico fim_semana,4.0
I21JC029164I,17,,fim_semana,0.0,0.0,0.01,0.0,0.0,normal,normal,alta,8,historico fim_semana,4.0
I21JC029164I,18,,fim_semana,0.0,0.0,0.01,0.0,0.0,normal,normal,alta,8,historico fim_semana,4.0
I21JC029164I,19,,fim_semana,0.0,0.0,0.01,0.0,0.0,normal,normal,alta,8,historico fim_semana,4.0
I21JC029164I,20,,fim_semana,0.0,0.0,0.01,0.0,0.0,normal,normal,alta,8,historico fim_semana,4.0
I21JC029164I,21,,fim_semana,0.0,0.0,0.01,0.0,0.0,normal,normal,alta,8,historico fim_semana,4.0
I21JC029164I,22,,fim_semana,0.0,0.0,0.01,0.0,0.0,normal,normal,alta,8,historico fim_semana,4.0
I21JC029164I,23,,fim_semana,0.0,0.0,0.01,0.0,0.0,normal,normal,alta,8,historico fim_semana,4.0
I21JC029165J,0,,fim_semana,0.184,1.0686,0.8393,-1.05,-1.05,normal,normal,alta,7,historico fim_semana,4.0
I21JC029165J,1,,fim_semana,0.186,0.6079,1.1387,-0.37,-0.37,normal,normal,alta,7,historico fim_semana,4.0
I21JC029165J,2,,fim_semana,0.188,0.253,0.0988,-0.66,-0.66,normal,normal,alta,8,historico fim_semana,4.0
I21JC029165J,3,,fim_semana,0.189,0.1851,0.0463,0.08,0.08,normal,normal,alta,8,historico fim_semana,4.0
I21JC029165J,4,,fim_semana,0.188,0.1857,0.0464,0.05,0.05,normal,normal,alta,8,historico fim_semana,4.0
I21JC029165J,6,,fim_semana,0.872,0.5586,0.4145,0.76,0.76,normal,normal,alta,8,historico fim_semana,4.0
I21JC029165J,7,,fim_semana,0.189,0.1874,0.0468,0.03,0.03,normal,normal,alta,8,historico fim_semana,4.0
I21JC029165J,8,,fim_semana,0.19,0.1867,0.0467,0.07,0.07,normal,normal,alta,8,historico fim_semana,4.0
I21JC029165J,9,,fim_semana,0.19,0.1833,0.0458,0.15,0.15,normal,normal,alta,7,historico fim_semana,4.0
I21JC029165J,10,,fim_semana,0.371,0.2054,0.0676,2.45,2.45,normal,normal,alta,8,historico fim_semana,4.0
I21JC029165J,11,,fim_semana,0.181,0.18,0.045,0.02,0.02,normal,normal,alta,8,historico fim_semana,4.0
I21JC029165J,12,,fim_semana,0.18,0.1792,0.0448,0.02,0.02,normal,normal,alta,8,historico fim_semana,4.0
I21JC029165J,14,,fim_semana,0.181,0.251,0.111,-0.63,-0.63,normal,normal,alta,8,historico fim_semana,4.0
I21JC029165J,15,,fim_semana,0.181,0.1794,0.0448,0.04,0.04,normal,normal,alta,8,historico fim_semana,4.0
I21JC029165J,16,,fim_semana,0.182,0.1796,0.0449,0.05,0.05,normal,normal,alta,8,historico fim_semana,4.0
I21JC029165J,17,,fim_semana,0.182,0.1788,0.0447,0.07,0.07,normal,normal,baixa,4,historico fim_semana (poucos dados),4.0
I21JC029165J,18,,fim_semana,0.363,0.2015,0.0602,2.68,2.68,normal,normal,alta,8,historico fim_semana,4.0
I21JC029165J,19,,fim_semana,0.181,0.4914,0.88,-0.35,-0.35,normal,normal,alta,8,historico fim_semana,4.0
I21JC029165J,20,,fim_semana,0.18,0.6621,1.3637,-0.35,-0.35,normal,normal,alta,8,historico fim_semana,4.0
I21JC029165J,21,,fim_semana,0.83,0.5225,0.8533,0.36,0.36,normal,normal,alta,6,historico fim_semana,4.0
I21JC029165J,22,,fim_semana,0.178,0.7129,0.3114,-1.72,-1.72,normal,normal,alta,7,historico fim_semana,4.0
I21JC029165J,23,,fim_semana,1.751,0.8997,0.9123,0.93,0.93,normal,normal,alta,7,historico fim_semana,4.0
I21JC029166K,0,,fim_semana,0.006,0.0063,0.01,-0.03,-0.03,normal,normal,alta,7,historico fim_semana,4.0
I21JC029166K,1,,fim_semana,0.004,0.006,0.01,-0.2,-0.2,normal,normal,alta,7,historico fim_semana,4.0
I21JC029166K,2,,fim_semana,0.005,0.009,0.0117,-0.34,-0.34,normal,normal,alta,8,historico fim_semana,4.0
I21JC029166K,3,,fim_semana,0.004,0.0046,0.01,-0.06,-0.06,normal,normal,alta,8,historico fim_semana,4.0
I21JC029166K,4,,fim_semana,0.003,0.0045,0.01,-0.15,-0.15,normal,normal,alta,8,historico fim_semana,4.0
I21JC029166K,5,,fim_semana,0.005,0.0046,0.01,0.04,0.04,normal,normal,alta,8,historico fim_semana,4.0
I21JC029166K,6,,fim_semana,0.003,0.0049,0.01,-0.19,-0.19,normal,normal,alta,8,historico fim_semana,4.0
I21JC029166K,7,,fim_semana,0.005,0.0063,0.01,-0.13,-0.13,normal,normal,alta,8,historico fim_semana,4.0
I21JC029166K,8,,fim_semana,0.006,0.0067,0.01,-0.07,-0.07,normal,normal,alta,8,historico fim_semana,4.0
I21JC029166K,9,,fim_semana,0.744,0.804,0.201,-0.3,-0.3,normal,normal,alta,8,historico fim_semana,4.0
I21JC029166K,10,,fim_semana,0.972,1.0159,0.254,-0.17,-0.17,normal,normal,alta,8,historico fim_semana,4.0
I21JC029166K,11,,fim_semana,0.008,0.0081,0.01,-0.01,-0.01,normal,normal,alta,8,historico fim_semana,4.0
I21JC029166K,12,,fim_semana,0.008,0.0083,0.01,-0.03,-0.03,normal,normal,alta,8,historico fim_semana,4.0
I21JC029166K,13,,fim_semana,0.007,0.0081,0.01,-0.11,-0.11,normal,normal,alta,8,historico fim_semana,4.0
I21JC029166K,14,,fim_semana,0.008,0.008,0.01,0.0,0.0,normal,normal,alta,8,historico fim_semana,4.0
I21JC029166K,15,,fim_semana,0.007,0.008,0.01,-0.1,-0.1,normal,normal,alta,8,historico fim_semana,4.0
I21JC029166K,16,,fim_semana,0.007,0.0077,0.01,-0.07,-0.07,normal,normal,alta,8,historico fim_semana,4.0
I21JC029166K,17,,fim_semana,0.007,0.0075,0.01,-0.05,-0.05,normal,normal,alta,8,historico fim_semana,4.0
I21JC029166K,18,,fim_semana,0.007,0.0076,0.01,-0.06,-0.06,normal,normal,alta,8,historico fim_semana,4.0
I21JC029166K,19,,fim_semana,0.007,0.0077,0.01,-0.07,-0.07,normal,normal,alta,8,historico fim_semana,4.0
I21JC029166K,20,,fim_semana,0.008,0.008,0.01,0.0,0.0,normal,normal,alta,8,historico fim_semana,4.0
I21JC029166K,21,,fim_semana,0.007,0.0077,0.01,-0.07,-0.07,normal,normal,alta,8,historico fim_semana,4.0
I21JC029166K,22,,fim_semana,0.007,0.0076,0.01,-0.06,-0.06,normal,normal,alta,8,historico fim_semana,4.0
I21JC029166K,23,,fim_semana,0.006,0.0067,0.01,-0.07,-0.07,normal,normal,alta,8,historico fim_semana,4.0
I21JC029167L,0,,fim_semana,0.0,0.0,0.01,0.0,0.0,normal,normal,alta,5,historico fim_semana,4.0
I21JC029167L,1,,fim_semana,0.0,0.0,0.01,0.0,0.0,normal,normal,alta,8,historico fim_semana,4.0
I21JC029167L,2,,fim_semana,0.0,0.0,0.01,0.0,0.0,normal,normal,alta,8,historico fim_semana,4.0
I21JC029167L,3,,fim_semana,0.0,0.0,0.01,0.0,0.0,normal,normal,alta,8,historico fim_semana,4.0
I21JC029167L,5,,fim_semana,0.0,0.0,0.01,0.0,0.0,normal,normal,alta,8,historico fim_semana,4.0
I21JC029167L,6,,fim_semana,0.0,0.0,0.01,0.0,0.0,normal,normal,alta,8,historico fim_semana,4.0
I21JC029167L,7,,fim_semana,0.0,0.0,0.01,0.0,0.0,normal,normal,alta,8,historico fim_semana,4.0
I21JC029167L,8,,fim_semana,0.0,0.0,0.01,0.0,0.0,normal,normal,alta,7,historico fim_semana,4.0
I21JC029167L,9,,fim_semana,0.0,0.0,0.01,0.0,0.0,normal,normal,alta,8,historico fim_semana,4.0
I21JC029167L,10,,fim_semana,0.0,0.0,0.01,0.0,0.0,normal,normal,alta,8,historico fim_semana,4.0
I21JC029167L,11,,fim_semana,0.0,0.0,0.01,0.0,0.0,normal,normal,alta,8,historico fim_semana,4.0
I21JC029167L,12,,fim_semana,0.0,0.0,0.01,0.0,0.0,normal,normal,alta,8,historico fim_semana,4.0
I21JC029167L,13,,fim_semana,0.0,0.0,0.01,0.0,0.0,normal,normal,alta,8,historico fim_semana,4.0
I21JC029167L,14,,fim_semana,0.0,0.0,0.01,0.0,0.0,normal,normal,alta,8,historico fim_semana,4.0
I21JC029167L,15,,fim_semana,0.0,0.0,0.01,0.0,0.0,normal,normal,alta,8,historico fim_semana,4.0
I21JC029167L,16,,fim_semana,0.0,0.0,0.01,0.0,0.0,normal,normal,alta,6,historico fim_semana,4.0
I21JC029167L,17,,fim_semana,0.0,0.0,0.01,0.0,0.0,normal,normal,alta,8,historico fim_semana,4.0
I21JC029167L,18,,fim_semana,0.0,0.0,0.01,0.0,0.0,normal,normal,alta,8,historico fim_semana,4.0
I21JC029167L,19,,fim_semana,0.0,0.0,0.01,0.0,0.0,normal,normal,alta,8,historico fim_semana,4.0
I21JC029167L,21,,fim_semana,0.0,0.0,0.01,0.0,0.0,normal,normal,alta,7,historico fim_semana,4.0
I21JC029167L,22,,fim_semana,0.0,0.0,0.01,0.0,0.0,normal,normal,alta,7,historico fim_semana,4.0
I21JC029167L,23,,fim_semana,0.0,0.0,0.01,0.0,0.0,normal,normal,alta,7,historico fim_semana,4.0
I21JC029323F,0,,fim_semana,0.341,0.7863,0.8175,-0.54,-0.54,normal,normal,alta,8,historico fim_semana,4.0
I21JC029323F,1,,fim_semana,0.371,0.1864,0.1038,1.78,1.78,normal,normal,alta,8,historico fim_semana,4.0
I21JC029323F,2,,fim_semana,0.122,0.1157,0.0356,0.18,0.18,normal,normal,alta,8,historico fim_semana,4.0
I21JC029323F,3,,fim_semana,0.084,0.0661,0.0348,0.51,0.51,normal,normal,alta,8,historico fim_semana,4.0
I21JC029323F,4,,fim_semana,0.046,0.0567,0.0142,-0.76,-0.76,normal,normal,alta,7,historico fim_semana,4.0
I21JC029323F,5,,fim_semana,0.048,0.0649,0.0162,-1.04,-1.04,normal,normal,alta,7,historico fim_semana,4.0
I21JC029323F,6,,fim_semana,0.057,0.0606,0.0151,-0.24,-0.24,normal,normal,alta,7,historico fim_semana,4.0
I21JC029323F,7,,fim_semana,0.086,0.1391,0.0762,-0.7,-0.7,normal,normal,alta,7,historico fim_semana,4.0
I21JC029323F,8,,fim_semana,0.148,0.2981,0.1119,-1.34,-1.34,normal,normal,alta,8,historico fim_semana,4.0
I21JC029323F,9,,fim_semana,0.346,0.3825,0.14,-0.26,-0.26,normal,normal,alta,8,historico fim_semana,4.0
I21JC029323F,10,,fim_semana,0.254,0.3879,0.1175,-1.14,-1.14,normal,normal,alta,8,historico fim_semana,4.0
I21JC029323F,11,,fim_semana,0.272,0.411,0.1027,-1.35,-1.35,normal,normal,alta,8,historico fim_semana,4.0
I21JC029323F,12,,fim_semana,0.33,0.3965,0.1492,-0.45,-0.45,normal,normal,alta,8,historico fim_semana,4.0
I21JC029323F,13,,fim_semana,0.656,0.4386,0.1097,1.98,1.98,normal,normal,alta,8,historico fim_semana,4.0
I21JC029323F,14,,fim_semana,0.466,0.4206,0.1368,0.33,0.33,normal,normal,alta,8,historico fim_semana,4.0
I21JC029323F,15,,fim_semana,0.458,0.3575,0.0894,1.12,1.12,normal,normal,alta,8,historico fim_semana,4.0
I21JC029323F,16,,fim_semana,0.263,0.3822,0.1008,-1.18,-1.18,normal,normal,alta,8,historico fim_semana,4.0
I21JC029323F,17,,fim_semana,0.463,0.3631,0.1513,0.66,0.66,normal,normal,alta,8,historico fim_semana,4.0
I21JC029323F,18,,fim_semana,0.217,0.3409,0.1327,-0.93,-0.93,normal,normal,alta,8,historico fim_semana,4.0
I21JC029323F,19,,fim_semana,0.44,0.5201,0.1819,-0.44,-0.44,normal,normal,alta,8,historico fim_semana,4.0
I21JC029323F,20,,fim_semana,0.755,0.4775,0.2108,1.32,1.32,normal,normal,alta,6,historico fim_semana,4.0
I21JC029323F,21,,fim_semana,0.589,0.5098,0.1298,0.61,0.61,normal,normal,alta,6,historico fim_semana,4.0
I21JC029323F,22,,fim_semana,0.389,0.4107,0.1068,-0.2,-0.2,normal,normal,alta,6,historico fim_semana,4.0
I21JC029323F,23,,fim_semana,0.25,0.37,0.1042,-1.15,-1.15,normal,normal,alta,6,historico fim_semana,4.0
I21JC029325H,1,,fim_semana,0.029,0.0343,0.011,-0.48,-0.48,normal,normal,alta,8,historico fim_semana,4.0
I21JC029325H,2,,fim_semana,0.042,0.0239,0.01,1.81,1.81,normal,normal,alta,8,historico fim_semana,4.0
I21JC029325H,3,,fim_semana,0.031,0.0211,0.01,0.99,0.99,normal,normal,alta,8,historico fim_semana,4.0
I21JC029325H,4,,fim_semana,0.018,0.0251,0.01,-0.71,-0.71,normal,normal,alta,7,historico fim_semana,4.0
I21JC029325H,5,,fim_semana,0.075,0.032,0.0236,1.82,1.82,normal,normal,alta,7,historico fim_semana,4.0
I21JC029325H,6,,fim_semana,0.043,0.0426,0.0203,0.02,0.02,normal,normal,alta,7,historico fim_semana,4.0
I21JC029325H,7,,fim_semana,0.029,0.0404,0.0187,-0.61,-0.61,normal,normal,alta,7,historico fim_semana,4.0
I21JC029325H,8,,fim_semana,0.056,0.1313,0.1032,-0.73,-0.73,normal,normal,alta,7,historico fim_semana,4.0
I21JC029325H,9,,fim_semana,0.054,0.1249,0.0853,-0.83,-0.83,normal,normal,alta,7,historico fim_semana,4.0
I21JC029325H,10,,fim_semana,0.064,0.1107,0.0772,-0.61,-0.61,normal,normal,alta,7,historico fim_semana,4.0
I21JC029325H,11,,fim_semana,0.054,0.1,0.0359,-1.28,-1.28,normal,normal,alta,7,historico fim_semana,4.0
I21JC029325H,12,,fim_semana,0.071,0.1745,0.2278,-0.45,-0.45,normal,normal,alta,8,historico fim_semana,4.0
I21JC029325H,13,,fim_semana,0.194,0.1234,0.0406,1.74,1.74,normal,normal,alta,8,historico fim_semana,4.0
I21JC029325H,14,,fim_semana,0.24,0.1126,0.1133,1.12,1.12,normal,normal,alta,8,historico fim_semana,4.0
I21JC029325H,15,,fim_semana,0.082,0.1152,0.066,-0.5,-0.5,normal,normal,alta,8,historico fim_semana,4.0
I21JC029325H,16,,fim_semana,0.115,0.0969,0.0549,0.33,0.33,normal,normal,alta,8,historico fim_semana,4.0
I21JC029325H,17,,fim_semana,0.085,0.0912,0.0503,-0.12,-0.12,normal,normal,alta,8,historico fim_semana,4.0
I21JC029325H,18,,fim_semana,0.1,0.1001,0.0603,-0.0,-0.0,normal,normal,alta,8,historico fim_semana,4.0
I21JC029325H,19,,fim_semana,0.144,0.0828,0.067,0.91,0.91,normal,normal,alta,8,historico fim_semana,4.0
I21JC029325H,20,,fim_semana,0.351,0.1495,0.062,3.25,3.25,normal,normal,alta,8,historico fim_semana,4.0
I21JC029325H,21,,fim_semana,0.067,0.1136,0.0623,-0.75,-0.75,normal,normal,alta,8,historico fim_semana,4.0
I21JC029325H,22,,fim_semana,0.064,0.0922,0.0568,-0.5,-0.5,normal,normal,alta,8,historico fim_semana,4.0
I21JC029325H,23,,fim_semana,0.025,0.0499,0.0371,-0.67,-0.67,normal,normal,alta,8,historico fim_semana,4.0
I21JC029328K,0,,fim_semana,0.114,0.0641,0.0281,1.77,1.77,normal,normal,alta,8,historico fim_semana,4.0
I21JC029328K,1,,fim_semana,0.114,0.0639,0.0285,1.76,1.76,normal,normal,alta,8,historico fim_semana,4.0
I21JC029328K,2,,fim_semana,0.113,0.0636,0.0287,1.72,1.72,normal,normal,alta,8,historico fim_semana,4.0
I21JC029328K,3,,fim_semana,0.113,0.0633,0.0288,1.73,1.73,normal,normal,alta,8,historico fim_semana,4.0
I21JC029328K,4,,fim_semana,0.114,0.0635,0.0289,1.75,1.75,normal,normal,alta,8,historico fim_semana,4.0
I21JC029328K,5,,fim_semana,0.112,0.0636,0.0289,1.68,1.68,normal,normal,alta,8,historico fim_semana,4.0
I21JC029328K,6,,fim_semana,0.114,0.0645,0.0291,1.7,1.7,normal,normal,alta,8,historico fim_semana,4.0
I21JC029328K,7,,fim_semana,0.113,0.065,0.0287,1.67,1.67,normal,normal,alta,8,historico fim_semana,4.0
I21JC029328K,8,,fim_semana,0.113,0.0663,0.0285,1.64,1.64,normal,normal,alta,8,historico fim_semana,4.0
I21JC029328K,9,,fim_semana,0.115,0.0684,0.0293,1.59,1.59,normal,normal,alta,8,historico fim_semana,4.0
I21JC029328K,10,,fim_semana,0.119,0.0739,0.0303,1.49,1.49,normal,normal,alta,7,historico fim_semana,4.0
I21JC029328K,11,,fim_semana,0.119,0.074,0.0301,1.49,1.49,normal,normal,alta,7,historico fim_semana,4.0
I21JC029328K,12,,fim_semana,0.12,0.0756,0.0307,1.45,1.45,normal,normal,alta,7,historico fim_semana,4.0
I21JC029328K,13,,fim_semana,0.119,0.0751,0.0306,1.43,1.43,normal,normal,alta,7,historico fim_semana,4.0
I21JC029328K,14,,fim_semana,0.118,0.08,0.0297,1.28,1.28,normal,normal,alta,6,historico fim_semana,4.0
I21JC029328K,15,,fim_semana,0.117,0.0792,0.0295,1.28,1.28,normal,normal,alta,6,historico fim_semana,4.0
I21JC029328K,16,,fim_semana,0.117,0.079,0.0296,1.28,1.28,normal,normal,alta,6,historico fim_semana,4.0
I21JC029328K,17,,fim_semana,0.116,0.0785,0.0293,1.28,1.28,normal,normal,alta,6,historico fim_semana,4.0
I21JC029328K,18,,fim_semana,0.115,0.1309,0.1094,-0.15,-0.15,normal,normal,alta,8,historico fim_semana,4.0
I21JC029328K,19,,fim_semana,0.116,0.0688,0.0301,1.57,1.57,normal,normal,alta,8,historico fim_semana,4.0
I21JC029328K,20,,fim_semana,0.116,0.0691,0.0306,1.53,1.53,normal,normal,alta,8,historico fim_semana,4.0
I21JC029328K,21,,fim_semana,0.117,0.0691,0.0307,1.56,1.56,normal,normal,alta,8,historico fim_semana,4.0
I21JC029328K,23,,fim_semana,0.116,0.0679,0.0315,1.53,1.53,normal,normal,alta,8,historico fim_semana,4.0
I21JC029332G,1,,fim_semana,0.352,0.099,0.1483,1.71,1.71,normal,normal,baixa,4,historico fim_semana (poucos dados),4.0
I21JC029332G,2,,fim_semana,0.02,0.0102,0.0111,0.87,0.87,normal,normal,baixa,4,historico fim_semana (poucos dados),4.0
I21JC029332G,3,,fim_semana,0.009,0.0055,0.01,0.35,0.35,normal,normal,baixa,4,historico fim_semana (poucos dados),4.0
I21JC029332G,4,,fim_semana,0.068,0.0025,0.01,6.55,6.55,desvio,acima,baixa,4,historico fim_semana (poucos dados),4.0
I21JC029332G,13,,fim_semana,1.397,0.9685,0.3684,1.16,1.16,normal,normal,alta,6,historico fim_semana,4.0
I21JC029332G,14,,fim_semana,0.13,0.132,0.033,-0.06,-0.06,normal,normal,alta,6,historico fim_semana,4.0
I21JC029332G,15,,fim_semana,0.047,0.1078,0.0449,-1.36,-1.36,normal,normal,alta,6,historico fim_semana,4.0
I21JC029332G,16,,fim_semana,0.036,0.1207,0.0881,-0.96,-0.96,normal,normal,alta,6,historico fim_semana,4.0
I21JC029332G,21,,fim_semana,0.963,0.6505,0.2891,1.08,1.08,normal,normal,baixa,4,historico fim_semana (poucos dados),4.0
I21JC029332G,22,,fim_semana,0.092,0.1147,0.0922,-0.25,-0.25,normal,normal,baixa,4,historico fim_semana (poucos dados),4.0
I21JC029332G,23,,fim_semana,0.014,0.0653,0.0419,-1.22,-1.22,normal,normal,baixa,4,historico fim_semana (poucos dados),4.0
I21JC029333H,5,,fim_semana,0.241,0.0603,0.0486,3.72,3.72,normal,normal,baixa,3,historico fim_semana (poucos dados),4.0
I21JC029333H,6,,fim_semana,0.058,0.0697,0.0174,-0.67,-0.67,normal,normal,baixa,3,historico fim_semana (poucos dados),4.0
I21JC029333H,7,,fim_semana,0.041,0.1203,0.0781,-1.02,-1.02,normal,normal,baixa,3,historico fim_semana (poucos dados),4.0
I21JC029333H,8,,fim_semana,0.058,0.1147,0.0506,-1.12,-1.12,normal,normal,baixa,3,historico fim_semana (poucos dados),4.0
I21JC029333H,9,,fim_semana,0.048,0.3341,0.4381,-0.65,-0.65,normal,normal,baixa,11,fallback (30d recentes),4.0
I21JC029333H,10,,fim_semana,0.121,0.0898,0.0512,0.61,0.61,normal,normal,baixa,11,fallback (30d recentes),4.0
I21JC029333H,11,,fim_semana,0.04,0.0864,0.0412,-1.13,-1.13,normal,normal,baixa,11,fallback (30d recentes),4.0
I21JC029333H,12,,fim_semana,0.041,0.0675,0.0433,-0.61,-0.61,normal,normal,baixa,11,fallback (30d recentes),4.0
I21JC029333H,13,,fim_semana,0.051,0.8007,0.3427,-2.19,-2.19,normal,normal,alta,6,historico fim_semana,4.0
I21JC029333H,14,,fim_semana,0.047,0.2012,0.1957,-0.79,-0.79,normal,normal,alta,6,historico fim_semana,4.0
I21JC029333H,15,,fim_semana,0.151,0.1335,0.0932,0.19,0.19,normal,normal,alta,6,historico fim_semana,4.0
I21JC029333H,16,,fim_semana,0.051,0.097,0.0961,-0.48,-0.48,normal,normal,alta,6,historico fim_semana,4.0
I21JC029333H,17,,fim_semana,0.063,0.1018,0.043,-0.9,-0.9,normal,normal,alta,5,historico fim_semana,4.0
I21JC029333H,18,,fim_semana,0.078,0.1336,0.0698,-0.8,-0.8,normal,normal,alta,5,historico fim_semana,4.0
I21JC029333H,19,,fim_semana,0.099,0.1282,0.1217,-0.24,-0.24,normal,normal,alta,5,historico fim_semana,4.0
I21JC029333H,20,,fim_semana,0.081,0.073,0.0313,0.26,0.26,normal,normal,alta,5,historico fim_semana,4.0
I21JC029333H,21,,fim_semana,0.157,0.187,0.2643,-0.11,-0.11,normal,normal,baixa,4,historico fim_semana (poucos dados),4.0
I21JC029333H,22,,fim_semana,0.178,0.134,0.0966,0.46,0.46,normal,normal,baixa,4,historico fim_semana (poucos dados),4.0
I21JC029333H,23,,fim_semana,0.018,0.0747,0.0505,-1.12,-1.12,normal,normal,baixa,4,historico fim_semana (poucos dados),4.0
I21JC029335J,0,,fim_semana,0.011,0.0835,0.0669,-1.08,-1.08,normal,normal,baixa,4,historico fim_semana (poucos dados),4.0
I21JC029335J,1,,fim_semana,0.108,0.077,0.0621,0.5,0.5,normal,normal,baixa,4,historico fim_semana (poucos dados),4.0
I21JC029335J,6,,fim_semana,0.013,0.0482,0.0565,-0.62,-0.62,normal,normal,alta,5,historico fim_semana,4.0
I21JC029335J,7,,fim_semana,0.026,0.0652,0.0637,-0.62,-0.62,normal,normal,alta,5,historico fim_semana,4.0
I21JC029335J,8,,fim_semana,0.065,0.0542,0.0166,0.65,0.65,normal,normal,alta,5,historico fim_semana,4.0
I21JC029335J,9,,fim_semana,0.013,0.0784,0.0406,-1.61,-1.61,normal,normal,alta,5,historico fim_semana,4.0
I21JC029335J,10,,fim_semana,0.02,0.0492,0.0925,-0.32,-0.32,normal,normal,alta,5,historico fim_semana,4.0
I21JC029335J,11,,fim_semana,0.011,0.0288,0.0231,-0.77,-0.77,normal,normal,alta,5,historico fim_semana,4.0
I21JC029335J,12,,fim_semana,0.005,0.0224,0.0262,-0.66,-0.66,normal,normal,alta,5,historico fim_semana,4.0
I21JC029335J,13,,fim_semana,0.006,0.0446,0.0377,-1.02,-1.02,normal,normal,alta,5,historico fim_semana,4.0
I21JC029335J,22,,fim_semana,0.499,0.032,0.0402,10.0,11.61,desvio,acima,baixa,4,historico fim_semana (poucos dados),4.0
I21JC029335J,23,,fim_semana,0.011,0.0605,0.0802,-0.62,-0.62,normal,normal,baixa,4,historico fim_semana (poucos dados),4.0
I21JC029357P,0,,fim_semana,0.0,0.0,0.01,0.0,0.0,normal,normal,alta,8,historico fim_semana,4.0
I21JC029357P,1,,fim_semana,0.0,0.0,0.01,0.0,0.0,normal,normal,alta,8,historico fim_semana,4.0
I21JC029357P,2,,fim_semana,0.0,0.0,0.01,0.0,0.0,normal,normal,alta,8,historico fim_semana,4.0
I21JC029357P,3,,fim_semana,0.0,0.0,0.01,0.0,0.0,normal,normal,alta,8,historico fim_semana,4.0
I21JC029357P,8,,fim_semana,0.0,0.0,0.01,0.0,0.0,normal,normal,alta,7,historico fim_semana,4.0
I21JC029357P,9,,fim_semana,0.0,0.0,0.01,0.0,0.0,normal,normal,alta,7,historico fim_semana,4.0
I21JC029357P,10,,fim_semana,0.0,0.0,0.01,0.0,0.0,normal,normal,alta,7,historico fim_semana,4.0
I21JC029357P,11,,fim_semana,0.0,0.0,0.01,0.0,0.0,normal,normal,alta,7,historico fim_semana,4.0
I21JC029357P,12,,fim_semana,0.0,0.0,0.01,0.0,0.0,normal,normal,alta,7,historico fim_semana,4.0
I21JC029357P,13,,fim_semana,0.0,0.0,0.01,0.0,0.0,normal,normal,alta,7,historico fim_semana,4.0
I21JC029357P,14,,fim_semana,0.0,0.0,0.01,0.0,0.0,normal,normal,alta,7,historico fim_semana,4.0
I21JC029357P,15,,fim_semana,0.0,0.0,0.01,0.0,0.0,normal,normal,alta,7,historico fim_semana,4.0
I21JC029360K,0,,fim_semana,0.0,0.0,0.01,0.0,0.0,normal,normal,alta,8,historico fim_semana,4.0
I21JC029360K,1,,fim_semana,0.0,0.0,0.01,0.0,0.0,normal,normal,alta,8,historico fim_semana,4.0
I21JC029360K,2,,fim_semana,0.0,0.0,0.01,0.0,0.0,normal,normal,alta,8,historico fim_semana,4.0
I21JC029360K,3,,fim_semana,0.0,0.0,0.01,0.0,0.0,normal,normal,alta,8,historico fim_semana,4.0
I21JC029360K,4,,fim_semana,0.0,0.0,0.01,0.0,0.0,normal,normal,alta,8,historico fim_semana,4.0
I21JC029360K,5,,fim_semana,0.0,0.0,0.01,0.0,0.0,normal,normal,alta,8,historico fim_semana,4.0
I21JC029360K,6,,fim_semana,0.0,0.0,0.01,0.0,0.0,normal,normal,alta,8,historico fim_semana,4.0
I21JC029360K,7,,fim_semana,0.0,0.0,0.01,0.0,0.0,normal,normal,alta,8,historico fim_semana,4.0
I21JC029360K,8,,fim_semana,0.0,0.0,0.01,0.0,0.0,normal,normal,alta,8,historico fim_semana,4.0
I21JC029360K,9,,fim_semana,0.0,0.0,0.01,0.0,0.0,normal,normal,alta,8,historico fim_semana,4.0
I21JC029360K,10,,fim_semana,0.0,0.0,0.01,0.0,0.0,normal,normal,alta,8,historico fim_semana,4.0
I21JC029360K,11,,fim_semana,0.0,0.0,0.01,0.0,0.0,normal,normal,alta,8,historico fim_semana,4.0
I21JC029360K,12,,fim_semana,0.0,0.0,0.01,0.0,0.0,normal,normal,alta,8,historico fim_semana,4.0
I21JC029360K,13,,fim_semana,0.0,0.0,0.01,0.0,0.0,normal,normal,alta,8,historico fim_semana,4.0
I21JC029360K,14,,fim_semana,0.0,0.0,0.01,0.0,0.0,normal,normal,alta,8,historico fim_semana,4.0
I21JC029360K,15,,fim_semana,0.0,0.0,0.01,0.0,0.0,normal,normal,alta,8,historico fim_semana,4.0
I21JC029360K,16,,fim_semana,0.0,0.0,0.01,0.0,0.0,normal,normal,alta,8,historico fim_semana,4.0
I21JC029360K,17,,fim_semana,0.0,0.0,0.01,0.0,0.0,normal,normal,alta,8,historico fim_semana,4.0
I21JC029360K,18,,fim_semana,0.0,0.0,0.01,0.0,0.0,normal,normal,alta,8,historico fim_semana,4.0
I21JC029360K,19,,fim_semana,0.0,0.0,0.01,0.0,0.0,normal,normal,alta,8,historico fim_semana,4.0
I21JC029360K,20,,fim_semana,0.0,0.0,0.01,0.0,0.0,normal,normal,alta,8,historico fim_semana,4.0
I21JC029360K,21,,fim_semana,0.0,0.0,0.01,0.0,0.0,normal,normal,alta,8,historico fim_semana,4.0
I21JC029360K,22,,fim_semana,0.0,0.0,0.01,0.0,0.0,normal,normal,alta,8,historico fim_semana,4.0
I21JC029360K,23,,fim_semana,0.0,0.0,0.01,0.0,0.0,normal,normal,alta,8,historico fim_semana,4.0
I21JC029405G,0,,fim_semana,0.005,0.002,0.01,0.3,0.3,normal,normal,alta,8,historico fim_semana,4.0
I21JC029405G,1,,fim_semana,0.005,0.0019,0.01,0.31,0.31,normal,normal,alta,8,historico fim_semana,4.0
I21JC029405G,2,,fim_semana,0.005,0.002,0.01,0.3,0.3,normal,normal,alta,8,historico fim_semana,4.0
I21JC029405G,3,,fim_semana,0.004,0.0019,0.01,0.21,0.21,normal,normal,alta,8,historico fim_semana,4.0
I21JC029405G,4,,fim_semana,0.005,0.002,0.01,0.3,0.3,normal,normal,alta,8,historico fim_semana,4.0
I21JC029405G,5,,fim_semana,0.005,0.0019,0.01,0.31,0.31,normal,normal,alta,8,historico fim_semana,4.0
I21JC029405G,6,,fim_semana,0.005,0.0023,0.01,0.27,0.27,normal,normal,alta,8,historico fim_semana,4.0
I21JC029405G,7,,fim_semana,0.006,0.0021,0.01,0.39,0.39,normal,normal,alta,8,historico fim_semana,4.0
I21JC029405G,8,,fim_semana,0.007,0.0025,0.01,0.45,0.45,normal,normal,alta,8,historico fim_semana,4.0
I21JC029405G,9,,fim_semana,0.007,0.0025,0.01,0.45,0.45,normal,normal,alta,8,historico fim_semana,4.0
I21JC029405G,10,,fim_semana,0.007,0.0026,0.01,0.44,0.44,normal,normal,alta,8,historico fim_semana,4.0
I21JC029405G,11,,fim_semana,0.007,0.0026,0.01,0.44,0.44,normal,normal,alta,8,historico fim_semana,4.0
I21JC029405G,12,,fim_semana,0.008,0.0027,0.01,0.53,0.53,normal,normal,alta,8,historico fim_semana,4.0
I21JC029405G,13,,fim_semana,0.007,0.0024,0.01,0.46,0.46,normal,normal,alta,8,historico fim_semana,4.0
I21JC029405G,14,,fim_semana,0.006,0.0024,0.01,0.36,0.36,normal,normal,alta,8,historico fim_semana,4.0
I21JC029405G,15,,fim_semana,0.005,0.0023,0.01,0.27,0.27,normal,normal,alta,8,historico fim_semana,4.0
I21JC029405G,16,,fim_semana,0.006,0.0023,0.01,0.38,0.38,normal,normal,alta,8,historico fim_semana,4.0
I21JC029405G,17,,fim_semana,0.005,0.0023,0.01,0.27,0.27,normal,normal,alta,8,historico fim_semana,4.0
I21JC029405G,18,,fim_semana,0.006,0.0021,0.01,0.39,0.39,normal,normal,alta,8,historico fim_semana,4.0
I21JC029405G,19,,fim_semana,0.005,0.0021,0.01,0.29,0.29,normal,normal,alta,8,historico fim_semana,4.0
I21JC029405G,20,,fim_semana,0.005,0.0021,0.01,0.29,0.29,normal,normal,alta,8,historico fim_semana,4.0
I21JC029405G,21,,fim_semana,0.542,0.2049,0.2828,1.19,1.19,normal,normal,alta,8,historico fim_semana,4.0
I21JC029405G,22,,fim_semana,0.726,0.2699,0.3725,1.22,1.22,normal,normal,alta,8,historico fim_semana,4.0
I21JC029405G,23,,fim_semana,1.309,0.4904,0.6768,1.21,1.21,normal,normal,alta,8,historico fim_semana,4.0
I21JC029424J,0,,fim_semana,0.0,0.0,0.01,0.0,0.0,normal,normal,baixa,4,historico fim_semana (poucos dados),4.0
I21JC029424J,5,,fim_semana,0.0,0.0,0.01,0.0,0.0,normal,normal,alta,5,historico fim_semana,4.0
I21JC029424J,6,,fim_semana,0.0,0.0,0.01,0.0,0.0,normal,normal,alta,5,historico fim_semana,4.0
I21JC029424J,7,,fim_semana,0.0,0.0,0.01,0.0,0.0,normal,normal,alta,5,historico fim_semana,4.0
I21JC029424J,8,,fim_semana,0.0,0.0,0.01,0.0,0.0,normal,normal,alta,5,historico fim_semana,4.0
I21JC029424J,9,,fim_semana,0.0,0.0,0.01,0.0,0.0,normal,normal,baixa,3,historico fim_semana (poucos dados),4.0
I21JC029424J,10,,fim_semana,0.0,0.0,0.01,0.0,0.0,normal,normal,baixa,3,historico fim_semana (poucos dados),4.0
I21JC029424J,11,,fim_semana,0.0,0.0,0.01,0.0,0.0,normal,normal,baixa,3,historico fim_semana (poucos dados),4.0
I21JC029424J,12,,fim_semana,0.0,0.0,0.01,0.0,0.0,normal,normal,baixa,3,historico fim_semana (poucos dados),4.0
I21JC029424J,13,,fim_semana,0.0,0.0,0.01,0.0,0.0,normal,normal,alta,5,historico fim_semana,4.0
I21JC029424J,14,,fim_semana,0.0,0.0,0.01,0.0,0.0,normal,normal,alta,5,historico fim_semana,4.0
I21JC029424J,15,,fim_semana,0.0,0.0,0.01,0.0,0.0,normal,normal,alta,5,historico fim_semana,4.0
I21JC029424J,16,,fim_semana,0.0,0.0,0.01,0.0,0.0,normal,normal,alta,5,historico fim_semana,4.0
I21JC029424J,21,,fim_semana,0.0,0.0,0.01,0.0,0.0,normal,normal,alta,6,historico fim_semana,4.0
I21JC029424J,22,,fim_semana,0.0,0.0,0.01,0.0,0.0,normal,normal,alta,6,historico fim_semana,4.0
I21JC029424J,23,,fim_semana,0.0,0.0,0.01,0.0,0.0,normal,normal,alta,6,historico fim_semana,4.0
I21JC029429O,0,,fim_semana,0.0,0.0,0.01,0.0,0.0,normal,normal,alta,8,historico fim_semana,4.0
I21JC029429O,1,,fim_semana,0.0,0.0,0.01,0.0,0.0,normal,normal,alta,8,historico fim_semana,4.0
I21JC029429O,2,,fim_semana,0.0,0.0,0.01,0.0,0.0,normal,normal,alta,8,historico fim_semana,4.0
I21JC029429O,3,,fim_semana,0.0,0.0,0.01,0.0,0.0,normal,normal,alta,8,historico fim_semana,4.0
I21JC029429O,4,,fim_semana,0.0,0.0,0.01,0.0,0.0,normal,normal,alta,8,historico fim_semana,4.0
I21JC029429O,5,,fim_semana,0.0,0.0,0.01,0.0,0.0,normal,normal,alta,8,historico fim_semana,4.0
I21JC029429O,6,,fim_semana,0.0,0.0,0.01,0.0,0.0,normal,normal,alta,8,historico fim_semana,4.0
I21JC029429O,7,,fim_semana,0.0,0.0,0.01,0.0,0.0,normal,normal,alta,8,historico fim_semana,4.0
I21JC029429O,8,,fim_semana,0.0,0.0,0.01,0.0,0.0,normal,normal,alta,8,historico fim_semana,4.0
I21JC029429O,9,,fim_semana,0.0,0.0,0.01,0.0,0.0,normal,normal,alta,8,historico fim_semana,4.0
I21JC029429O,10,,fim_semana,0.0,0.0,0.01,0.0,0.0,normal,normal,alta,8,historico fim_semana,4.0
I21JC029429O,11,,fim_semana,0.0,0.0,0.01,0.0,0.0,normal,normal,alta,8,historico fim_semana,4.0
I21JC029429O,12,,fim_semana,0.0,0.0,0.01,0.0,0.0,normal,normal,alta,8,historico fim_semana,4.0
I21JC029429O,13,,fim_semana,0.0,0.0,0.01,0.0,0.0,normal,normal,alta,8,historico fim_semana,4.0
I21JC029429O,14,,fim_semana,0.0,0.0,0.01,0.0,0.0,normal,normal,alta,8,historico fim_semana,4.0
I21JC029429O,15,,fim_semana,0.0,0.0,0.01,0.0,0.0,normal,normal,alta,8,historico fim_semana,4.0
I21JC029429O,16,,fim_semana,0.0,0.0,0.01,0.0,0.0,normal,normal,alta,8,historico fim_semana,4.0
I21JC029429O,17,,fim_semana,0.0,0.0,0.01,0.0,0.0,normal,normal,alta,8,historico fim_semana,4.0
I21JC029429O,18,,fim_semana,0.0,0.0,0.01,0.0,0.0,normal,normal,alta,8,historico fim_semana,4.0
I21JC029429O,19,,fim_semana,0.0,0.0,0.01,0.0,0.0,normal,normal,alta,8,historico fim_semana,4.0
I21JC029429O,20,,fim_semana,0.0,0.0,0.01,0.0,0.0,normal,normal,alta,8,historico fim_semana,4.0
I21JC029429O,21,,fim_semana,0.0,0.0,0.01,0.0,0.0,normal,normal,alta,7,historico fim_semana,4.0
I21JC029429O,22,,fim_semana,0.0,0.0,0.01,0.0,0.0,normal,normal,alta,8,historico fim_semana,4.0
I21JC029429O,23,,fim_semana,0.0,0.0,0.01,0.0,0.0,normal,normal,alta,8,historico fim_semana,4.0
I21JC029445O,0,,fim_semana,0.0,0.0,0.01,0.0,0.0,normal,normal,alta,6,historico fim_semana,4.0
I21JC029445O,1,,fim_semana,0.0,0.0,0.01,0.0,0.0,normal,normal,alta,6,historico fim_semana,4.0
I21JC029445O,2,,fim_semana,0.0,0.0,0.01,0.0,0.0,normal,normal,alta,6,historico fim_semana,4.0
I21JC029445O,3,,fim_semana,0.0,0.0,0.01,0.0,0.0,normal,normal,alta,7,historico fim_semana,4.0
I21JC029445O,4,,fim_semana,0.0,0.0,0.01,0.0,0.0,normal,normal,alta,7,historico fim_semana,4.0
I21JC029445O,5,,fim_semana,0.0,0.0,0.01,0.0,0.0,normal,normal,alta,7,historico fim_semana,4.0
I21JC029445O,6,,fim_semana,0.0,0.0,0.01,0.0,0.0,normal,normal,alta,7,historico fim_semana,4.0
I21JC029445O,7,,fim_semana,0.0,0.0,0.01,0.0,0.0,normal,normal,alta,7,historico fim_semana,4.0
I21JC029445O,8,,fim_semana,0.0,0.0,0.01,0.0,0.0,normal,normal,alta,7,historico fim_semana,4.0
I21JC029445O,9,,fim_semana,0.0,0.0,0.01,0.0,0.0,normal,normal,alta,7,historico fim_semana,4.0
I21JC029445O,10,,fim_semana,0.0,0.0,0.01,0.0,0.0,normal,normal,alta,7,historico fim_semana,4.0
I21JC029445O,11,,fim_semana,0.0,0.0,0.01,0.0,0.0,normal,normal,alta,8,historico fim_semana,4.0
I21JC029445O,12,,fim_semana,0.0,0.0,0.01,0.0,0.0,normal,normal,alta,8,historico fim_semana,4.0
I21JC029445O,13,,fim_semana,0.0,0.0,0.01,0.0,0.0,normal,normal,alta,8,historico fim_semana,4.0
I21JC029445O,14,,fim_semana,0.0,0.0,0.01,0.0,0.0,normal,normal,alta,8,historico fim_semana,4.0
I21JC029445O,15,,fim_semana,0.0,0.0,0.01,0.0,0.0,normal,normal,alta,8,historico fim_semana,4.0
I21JC029445O,16,,fim_semana,0.0,0.0,0.01,0.0,0.0,normal,normal,alta,8,historico fim_semana,4.0
I21JC029445O,17,,fim_semana,0.0,0.0,0.01,0.0,0.0,normal,normal,alta,8,historico fim_semana,4.0
I21JC029445O,18,,fim_semana,0.0,0.0,0.01,0.0,0.0,normal,normal,alta,8,historico fim_semana,4.0
I21JC029445O,19,,fim_semana,0.0,0.0,0.01,0.0,0.0,normal,normal,alta,6,historico fim_semana,4.0
I21JC029445O,20,,fim_semana,0.0,0.0,0.01,0.0,0.0,normal,normal,alta,6,historico fim_semana,4.0
I21JC029445O,21,,fim_semana,0.0,0.0,0.01,0.0,0.0,normal,normal,alta,6,historico fim_semana,4.0
I21JC029445O,22,,fim_semana,0.0,0.0,0.01,0.0,0.0,normal,normal,alta,6,historico fim_semana,4.0
I21JC029445O,23,,fim_semana,0.0,0.0,0.01,0.0,0.0,normal,normal,alta,8,historico fim_semana,4.0
I21JC029459U,0,,fim_semana,0.0,0.0,0.01,0.0,0.0,normal,normal,alta,8,historico fim_semana,4.0
I21JC029459U,1,,fim_semana,0.0,0.0,0.01,0.0,0.0,normal,normal,alta,8,historico fim_semana,4.0
I21JC029459U,2,,fim_semana,0.0,0.0,0.01,0.0,0.0,normal,normal,alta,8,historico fim_semana,4.0
I21JC029459U,3,,fim_semana,0.0,0.0,0.01,0.0,0.0,normal,normal,alta,8,historico fim_semana,4.0
I21JC029459U,8,,fim_semana,0.0,0.0,0.01,0.0,0.0,normal,normal,alta,6,historico fim_semana,4.0
I21JC029459U,9,,fim_semana,0.0,0.0,0.01,0.0,0.0,normal,normal,alta,6,historico fim_semana,4.0
I21JC029459U,10,,fim_semana,0.0,0.0,0.01,0.0,0.0,normal,normal,alta,6,historico fim_semana,4.0
I21JC029459U,11,,fim_semana,0.0,0.0,0.01,0.0,0.0,normal,normal,alta,6,historico fim_semana,4.0
I21JC029459U,12,,fim_semana,0.0,0.0,0.01,0.0,0.0,normal,normal,alta,7,historico fim_semana,4.0
I21JC029459U,13,,fim_semana,0.0,0.0,0.01,0.0,0.0,normal,normal,alta,7,historico fim_semana,4.0
I21JC029459U,14,,fim_semana,0.0,0.0,0.01,0.0,0.0,normal,normal,alta,7,historico fim_semana,4.0
I21JC029459U,15,,fim_semana,0.0,0.0,0.01,0.0,0.0,normal,normal,alta,7,historico fim_semana,4.0
I21JC029459U,16,,fim_semana,0.0,0.0,0.01,0.0,0.0,normal,normal,alta,8,historico fim_semana,4.0
I21JC029459U,17,,fim_semana,0.0,0.0,0.01,0.0,0.0,normal,normal,alta,8,historico fim_semana,4.0
I21JC029459U,18,,fim_semana,0.0,0.0,0.01,0.0,0.0,normal,normal,alta,8,historico fim_semana,4.0
I21JC029459U,19,,fim_semana,0.0,0.0,0.01,0.0,0.0,normal,normal,alta,8,historico fim_semana,4.0
I21JC029459U,20,,fim_semana,0.0,0.0,0.01,0.0,0.0,normal,normal,alta,7,historico fim_semana,4.0
I21JC029459U,21,,fim_semana,0.0,0.0,0.01,0.0,0.0,normal,normal,alta,7,historico fim_semana,4.0
I21JC029459U,22,,fim_semana,0.0,0.0,0.01,0.0,0.0,normal,normal,alta,7,historico fim_semana,4.0
I21JC029459U,23,,fim_semana,0.0,0.0,0.01,0.0,0.0,normal,normal,alta,7,historico fim_semana,4.0
I21JC029465S,0,,fim_semana,0.364,0.4396,0.1099,-0.69,-0.69,normal,normal,alta,8,historico fim_semana,4.0
I21JC029465S,1,,fim_semana,0.275,0.33,0.091,-0.6,-0.6,normal,normal,alta,7,historico fim_semana,4.0
I21JC029465S,2,,fim_semana,0.228,0.2987,0.0747,-0.95,-0.95,normal,normal,alta,8,historico fim_semana,4.0
I21JC029465S,3,,fim_semana,0.227,0.2688,0.0672,-0.62,-0.62,normal,normal,alta,8,historico fim_semana,4.0
I21JC029465S,4,,fim_semana,0.217,0.2516,0.0629,-0.55,-0.55,normal,normal,alta,8,historico fim_semana,4.0
I21JC029465S,5,,fim_semana,0.243,0.331,0.0828,-1.06,-1.06,normal,normal,alta,7,historico fim_semana,4.0
I21JC029465S,6,,fim_semana,0.278,0.3866,0.1556,-0.7,-0.7,normal,normal,alta,8,historico fim_semana,4.0
I21JC029465S,7,,fim_semana,0.488,0.5797,0.1449,-0.63,-0.63,normal,normal,alta,8,historico fim_semana,4.0
I21JC029465S,8,,fim_semana,1.166,0.8801,0.22,1.3,1.3,normal,normal,alta,8,historico fim_semana,4.0
I21JC029465S,9,,fim_semana,1.027,1.069,0.2672,-0.16,-0.16,normal,normal,alta,8,historico fim_semana,4.0
I21JC029465S,10,,fim_semana,1.088,1.1319,0.283,-0.16,-0.16,normal,normal,alta,8,historico fim_semana,4.0
I21JC029465S,11,,fim_semana,1.082,1.0696,0.2674,0.05,0.05,normal,normal,alta,8,historico fim_semana,4.0
I21JC029465S,12,,fim_semana,1.145,1.1001,0.275,0.16,0.16,normal,normal,alta,8,historico fim_semana,4.0
I21JC029465S,13,,fim_semana,0.689,1.0606,0.2652,-1.4,-1.4,normal,normal,alta,8,historico fim_semana,4.0
I21JC029465S,14,,fim_semana,1.08,0.9505,0.2376,0.54,0.54,normal,normal,alta,8,historico fim_semana,4.0
I21JC029465S,15,,fim_semana,0.917,0.858,0.2871,0.21,0.21,normal,normal,alta,8,historico fim_semana,4.0
I21JC029465S,16,,fim_semana,1.07,0.8726,0.277,0.71,0.71,normal,normal,alta,8,historico fim_semana,4.0
I21JC029465S,17,,fim_semana,0.734,0.9136,0.2607,-0.69,-0.69,normal,normal,alta,7,historico fim_semana,4.0
I21JC029465S,18,,fim_semana,0.537,0.992,0.26,-1.75,-1.75,normal,normal,alta,7,historico fim_semana,4.0
I21JC029465S,19,,fim_semana,0.83,0.8556,0.2139,-0.12,-0.12,normal,normal,alta,7,historico fim_semana,4.0
I21JC029465S,20,,fim_semana,0.978,0.9014,0.2254,0.34,0.34,normal,normal,alta,7,historico fim_semana,4.0
I21JC029465S,21,,fim_semana,0.969,0.8703,0.2176,0.45,0.45,normal,normal,alta,7,historico fim_semana,4.0
I21JC029465S,22,,fim_semana,0.954,1.4272,1.9249,-0.25,-0.25,normal,normal,alta,8,historico fim_semana,4.0
I21JC029465S,23,,fim_semana,0.614,0.6565,0.2448,-0.17,-0.17,normal,normal,alta,8,historico fim_semana,4.0
I21JC029474T,0,,fim_semana,0.0,0.0,0.01,0.0,0.0,normal,normal,alta,7,historico fim_semana,4.0
I21JC029474T,1,,fim_semana,0.0,0.0,0.01,0.0,0.0,normal,normal,alta,7,historico fim_semana,4.0
I21JC029474T,2,,fim_semana,0.0,0.0,0.01,0.0,0.0,normal,normal,alta,7,historico fim_semana,4.0
I21JC029474T,3,,fim_semana,0.0,0.0,0.01,0.0,0.0,normal,normal,alta,6,historico fim_semana,4.0
I21JC029474T,4,,fim_semana,0.0,0.0,0.01,0.0,0.0,normal,normal,alta,7,historico fim_semana,4.0
I21JC029474T,5,,fim_semana,0.0,0.0,0.01,0.0,0.0,normal,normal,alta,7,historico fim_semana,4.0
I21JC029474T,6,,fim_semana,0.0,0.0,0.01,0.0,0.0,normal,normal,alta,7,historico fim_semana,4.0
I21JC029474T,7,,fim_semana,0.0,0.0,0.01,0.0,0.0,normal,normal,alta,7,historico fim_semana,4.0
I21JC029474T,8,,fim_semana,0.0,0.0,0.01,0.0,0.0,normal,normal,alta,7,historico fim_semana,4.0
I21JC029474T,9,,fim_semana,0.0,0.0,0.01,0.0,0.0,normal,normal,alta,7,historico fim_semana,4.0
I21JC029474T,10,,fim_semana,0.0,0.0,0.01,0.0,0.0,normal,normal,alta,7,historico fim_semana,4.0
I21JC029474T,11,,fim_semana,0.0,0.0,0.01,0.0,0.0,normal,normal,alta,6,historico fim_semana,4.0
I21JC029474T,12,,fim_semana,0.0,0.0,0.01,0.0,0.0,normal,normal,alta,7,historico fim_semana,4.0
I21JC029474T,13,,fim_semana,0.0,0.0,0.01,0.0,0.0,normal,normal,alta,7,historico fim_semana,4.0
I21JC029474T,14,,fim_semana,0.0,0.0,0.01,0.0,0.0,normal,normal,alta,7,historico fim_semana,4.0
I21JC029474T,15,,fim_semana,0.0,0.0,0.01,0.0,0.0,normal,normal,alta,6,historico fim_semana,4.0
I21JC029474T,16,,fim_semana,0.0,0.0,0.01,0.0,0.0,normal,normal,alta,7,historico fim_semana,4.0
I21JC029474T,17,,fim_semana,0.0,0.0,0.01,0.0,0.0,normal,normal,alta,7,historico fim_semana,4.0
I21JC029474T,18,,fim_semana,0.0,0.0,0.01,0.0,0.0,normal,normal,alta,7,historico fim_semana,4.0
I21JC029474T,19,,fim_semana,0.0,0.0,0.01,0.0,0.0,normal,normal,alta,7,historico fim_semana,4.0
I21JC029474T,20,,fim_semana,0.0,0.0,0.01,0.0,0.0,normal,normal,alta,7,historico fim_semana,4.0
I21JC029474T,21,,fim_semana,0.0,0.0,0.01,0.0,0.0,normal,normal,alta,7,historico fim_semana,4.0
I21JC029474T,22,,fim_semana,0.0,0.0,0.01,0.0,0.0,normal,normal,alta,7,historico fim_semana,4.0
I21JC029474T,23,,fim_semana,0.0,0.0,0.01,0.0,0.0,normal,normal,alta,5,historico fim_semana,4.0
I21JC029494X,0,,fim_semana,0.0,0.0,0.01,0.0,0.0,normal,normal,alta,7,historico fim_semana,4.0
I21JC029494X,1,,fim_semana,0.0,0.0,0.01,0.0,0.0,normal,normal,alta,7,historico fim_semana,4.0
I21JC029494X,2,,fim_semana,0.0,0.0,0.01,0.0,0.0,normal,normal,alta,7,historico fim_semana,4.0
I21JC029494X,3,,fim_semana,0.0,0.0,0.01,0.0,0.0,normal,normal,alta,7,historico fim_semana,4.0
I21JC029494X,4,,fim_semana,0.0,0.0,0.01,0.0,0.0,normal,normal,alta,7,historico fim_semana,4.0
I21JC029494X,5,,fim_semana,0.0,0.0,0.01,0.0,0.0,normal,normal,alta,7,historico fim_semana,4.0
I21JC029494X,6,,fim_semana,0.0,0.0,0.01,0.0,0.0,normal,normal,alta,7,historico fim_semana,4.0
I21JC029494X,7,,fim_semana,0.0,0.0,0.01,0.0,0.0,normal,normal,alta,7,historico fim_semana,4.0
I21JC029494X,8,,fim_semana,0.0,0.0,0.01,0.0,0.0,normal,normal,alta,7,historico fim_semana,4.0
I21JC029494X,9,,fim_semana,0.0,0.0,0.01,0.0,0.0,normal,normal,alta,8,historico fim_semana,4.0
I21JC029494X,10,,fim_semana,0.0,0.0,0.01,0.0,0.0,normal,normal,alta,8,historico fim_semana,4.0
I21JC029494X,11,,fim_semana,0.0,0.0,0.01,0.0,0.0,normal,normal,alta,8,historico fim_semana,4.0
I21JC029494X,12,,fim_semana,0.0,0.0,0.01,0.0,0.0,normal,normal,alta,8,historico fim_semana,4.0
I21JC029494X,13,,fim_semana,0.0,0.0,0.01,0.0,0.0,normal,normal,alta,8,historico fim_semana,4.0
I21JC029494X,14,,fim_semana,0.0,0.0,0.01,0.0,0.0,normal,normal,alta,8,historico fim_semana,4.0
I21JC029494X,15,,fim_semana,0.0,0.0,0.01,0.0,0.0,normal,normal,alta,8,historico fim_semana,4.0
I21JC029494X,16,,fim_semana,0.0,0.0,0.01,0.0,0.0,normal,normal,alta,8,historico fim_semana,4.0
I21JC029494X,17,,fim_semana,0.0,0.0,0.01,0.0,0.0,normal,normal,alta,8,historico fim_semana,4.0
I21JC029494X,18,,fim_semana,0.0,0.0,0.01,0.0,0.0,normal,normal,alta,8,historico fim_semana,4.0
I21JC029494X,19,,fim_semana,0.0,0.0,0.01,0.0,0.0,normal,normal,alta,8,historico fim_semana,4.0
I21JC029494X,20,,fim_semana,0.0,0.0,0.01,0.0,0.0,normal,normal,alta,8,historico fim_semana,4.0
I21JC029494X,21,,fim_semana,0.0,0.0,0.01,0.0,0.0,normal,normal,alta,7,historico fim_semana,4.0
I21JC029494X,22,,fim_semana,0.0,0.0,0.01,0.0,0.0,normal,normal,alta,7,historico fim_semana,4.0
I21JC029494X,23,,fim_semana,0.0,0.0,0.01,0.0,0.0,normal,normal,alta,7,historico fim_semana,4.0
I21JC029495Y,0,,fim_semana,0.0,0.0,0.01,0.0,0.0,normal,normal,alta,7,historico fim_semana,4.0
I21JC029495Y,1,,fim_semana,0.0,0.0,0.01,0.0,0.0,normal,normal,alta,7,historico fim_semana,4.0
I21JC029495Y,2,,fim_semana,0.0,0.0,0.01,0.0,0.0,normal,normal,alta,7,historico fim_semana,4.0
I21JC029495Y,3,,fim_semana,0.0,0.0,0.01,0.0,0.0,normal,normal,alta,7,historico fim_semana,4.0
I21JC029495Y,4,,fim_semana,0.0,0.0,0.01,0.0,0.0,normal,normal,alta,7,historico fim_semana,4.0
I21JC029495Y,5,,fim_semana,0.0,0.0,0.01,0.0,0.0,normal,normal,alta,7,historico fim_semana,4.0
I21JC029495Y,6,,fim_semana,0.0,0.0,0.01,0.0,0.0,normal,normal,alta,8,historico fim_semana,4.0
I21JC029495Y,7,,fim_semana,0.0,0.0,0.01,0.0,0.0,normal,normal,alta,8,historico fim_semana,4.0
I21JC029495Y,8,,fim_semana,0.0,0.0,0.01,0.0,0.0,normal,normal,alta,8,historico fim_semana,4.0
I21JC029495Y,9,,fim_semana,0.0,0.0,0.01,0.0,0.0,normal,normal,alta,8,historico fim_semana,4.0
I21JC029495Y,10,,fim_semana,0.0,0.0,0.01,0.0,0.0,normal,normal,alta,8,historico fim_semana,4.0
I21JC029495Y,11,,fim_semana,0.0,0.0,0.01,0.0,0.0,normal,normal,alta,8,historico fim_semana,4.0
I21JC029495Y,12,,fim_semana,0.0,0.0,0.01,0.0,0.0,normal,normal,alta,8,historico fim_semana,4.0
I21JC029495Y,13,,fim_semana,0.0,0.0,0.01,0.0,0.0,normal,normal,alta,8,historico fim_semana,4.0
I21JC029495Y,14,,fim_semana,0.0,0.0,0.01,0.0,0.0,normal,normal,alta,8,historico fim_semana,4.0
I21JC029495Y,15,,fim_semana,0.0,0.0,0.01,0.0,0.0,normal,normal,alta,8,historico fim_semana,4.0
I21JC029495Y,16,,fim_semana,0.0,0.0,0.01,0.0,0.0,normal,normal,alta,8,historico fim_semana,4.0
I21JC029495Y,17,,fim_semana,0.0,0.0,0.01,0.0,0.0,normal,normal,alta,8,historico fim_semana,4.0
I21JC029495Y,18,,fim_semana,0.0,0.0,0.01,0.0,0.0,normal,normal,alta,8,historico fim_semana,4.0
I21JC029495Y,19,,fim_semana,0.0,0.0,0.01,0.0,0.0,normal,normal,alta,8,historico fim_semana,4.0
I21JC029495Y,20,,fim_semana,0.0,0.0,0.01,0.0,0.0,normal,normal,alta,8,historico fim_semana,4.0
I21JC029495Y,21,,fim_semana,0.0,0.0,0.01,0.0,0.0,normal,normal,alta,8,historico fim_semana,4.0
I21JC029495Y,22,,fim_semana,0.0,0.0,0.01,0.0,0.0,normal,normal,alta,7,historico fim_semana,4.0
I21JC029495Y,23,,fim_semana,0.0,0.0,0.01,0.0,0.0,normal,normal,alta,7,historico fim_semana,4.0
I21JC029541N,6,,fim_semana,0.0,0.0,0.01,0.0,0.0,normal,normal,alta,5,historico fim_semana,4.0
I21JC029541N,7,,fim_semana,0.0,0.0,0.01,0.0,0.0,normal,normal,alta,5,historico fim_semana,4.0
I21JC029541N,8,,fim_semana,0.0,0.0,0.01,0.0,0.0,normal,normal,alta,5,historico fim_semana,4.0
I21JC029541N,9,,fim_semana,0.0,0.0,0.01,0.0,0.0,normal,normal,alta,5,historico fim_semana,4.0
I21JC029541N,14,,fim_semana,0.0,0.0,0.01,0.0,0.0,normal,normal,alta,7,historico fim_semana,4.0
I21JC029541N,15,,fim_semana,0.0,0.0,0.01,0.0,0.0,normal,normal,alta,7,historico fim_semana,4.0
I21JC029541N,16,,fim_semana,0.0,0.0,0.01,0.0,0.0,normal,normal,alta,7,historico fim_semana,4.0
I21JC029541N,17,,fim_semana,0.0,0.0,0.01,0.0,0.0,normal,normal,alta,7,historico fim_semana,4.0
I21JC029541N,18,,fim_semana,0.0,0.0,0.01,0.0,0.0,normal,normal,alta,6,historico fim_semana,4.0
I21JC029541N,19,,fim_semana,0.0,0.0,0.01,0.0,0.0,normal,normal,alta,6,historico fim_semana,4.0
I21JC029541N,20,,fim_semana,0.0,0.0,0.01,0.0,0.0,normal,normal,alta,6,historico fim_semana,4.0
I21JC029541N,21,,fim_semana,0.0,0.0,0.01,0.0,0.0,normal,normal,alta,6,historico fim_semana,4.0
I21JC029541N,22,,fim_semana,0.0,0.0,0.01,0.0,0.0,normal,normal,baixa,3,historico fim_semana (poucos dados),4.0
I21JC029541N,23,,fim_semana,0.0,0.0,0.01,0.0,0.0,normal,normal,baixa,3,historico fim_semana (poucos dados),4.0
I21JC029553R,0,,fim_semana,0.104,0.0302,0.01,7.38,7.38,desvio,acima,alta,6,historico fim_semana,4.0
I21JC029553R,1,,fim_semana,0.02,0.0303,0.01,-1.03,-1.03,normal,normal,alta,6,historico fim_semana,4.0
I21JC029553R,2,,fim_semana,0.02,0.0315,0.01,-1.15,-1.15,normal,normal,alta,6,historico fim_semana,4.0
I21JC029553R,3,,fim_semana,0.02,0.0313,0.01,-1.13,-1.13,normal,normal,alta,6,historico fim_semana,4.0
I21JC029553R,4,,fim_semana,0.021,0.0585,0.0497,-0.75,-0.75,normal,normal,alta,8,historico fim_semana,4.0
I21JC029553R,5,,fim_semana,0.021,0.0319,0.0103,-1.05,-1.05,normal,normal,alta,8,historico fim_semana,4.0
I21JC029553R,6,,fim_semana,0.02,0.0324,0.0107,-1.15,-1.15,normal,normal,alta,8,historico fim_semana,4.0
I21JC029553R,7,,fim_semana,0.02,0.0319,0.0117,-1.01,-1.01,normal,normal,alta,8,historico fim_semana,4.0
I21JC029553R,8,,fim_semana,0.045,0.0473,0.024,-0.09,-0.09,normal,normal,alta,8,historico fim_semana,4.0
I21JC029553R,9,,fim_semana,0.096,0.0781,0.0744,0.24,0.24,normal,normal,alta,8,historico fim_semana,4.0
I21JC029553R,10,,fim_semana,0.574,0.3,0.3791,0.72,0.72,normal,normal,alta,8,historico fim_semana,4.0
I21JC029553R,11,,fim_semana,0.803,0.256,0.3138,1.74,1.74,normal,normal,alta,8,historico fim_semana,4.0
I21JC029553R,12,,fim_semana,0.478,0.2705,0.3677,0.56,0.56,normal,normal,alta,8,historico fim_semana,4.0
I21JC029553R,13,,fim_semana,0.724,0.2826,0.3177,1.39,1.39,normal,normal,alta,8,historico fim_semana,4.0
I21JC029553R,14,,fim_semana,0.018,0.0724,0.0322,-1.69,-1.69,normal,normal,alta,8,historico fim_semana,4.0
I21JC029553R,15,,fim_semana,0.021,0.339,0.4559,-0.7,-0.7,normal,normal,alta,8,historico fim_semana,4.0
I21JC029553R,16,,fim_semana,0.022,0.1401,0.1246,-0.95,-0.95,normal,normal,alta,8,historico fim_semana,4.0
I21JC029553R,17,,fim_semana,0.042,0.3383,0.4203,-0.7,-0.7,normal,normal,alta,8,historico fim_semana,4.0
I21JC029553R,18,,fim_semana,0.046,0.424,0.4311,-0.88,-0.88,normal,normal,alta,8,historico fim_semana,4.0
I21JC029553R,19,,fim_semana,0.045,0.0624,0.0872,-0.2,-0.2,normal,normal,alta,8,historico fim_semana,4.0
I21JC029553R,20,,fim_semana,0.048,0.0323,0.0154,1.02,1.02,normal,normal,alta,7,historico fim_semana,4.0
I21JC029553R,21,,fim_semana,0.048,0.0274,0.011,1.86,1.86,normal,normal,alta,7,historico fim_semana,4.0
I21JC029553R,22,,fim_semana,0.049,0.0279,0.011,1.92,1.92,normal,normal,alta,7,historico fim_semana,4.0
I21JC029553R,23,,fim_semana,0.052,0.0287,0.0117,1.98,1.98,normal,normal,alta,7,historico fim_semana,4.0
I21JC029555T,0,,fim_semana,0.0,0.0,0.01,0.0,0.0,normal,normal,alta,8,historico fim_semana,4.0
I21JC029555T,1,,fim_semana,0.0,0.0,0.01,0.0,0.0,normal,normal,alta,8,historico fim_semana,4.0
I21JC029555T,2,,fim_semana,0.0,0.0,0.01,0.0,0.0,normal,normal,alta,8,historico fim_semana,4.0
I21JC029555T,3,,fim_semana,0.0,0.0,0.01,0.0,0.0,normal,normal,alta,8,historico fim_semana,4.0
I21JC029555T,4,,fim_semana,0.0,0.0,0.01,0.0,0.0,normal,normal,alta,8,historico fim_semana,4.0
I21JC029555T,5,,fim_semana,0.0,0.0,0.01,0.0,0.0,normal,normal,alta,8,historico fim_semana,4.0
I21JC029555T,6,,fim_semana,0.0,0.0,0.01,0.0,0.0,normal,normal,alta,8,historico fim_semana,4.0
I21JC029555T,7,,fim_semana,0.0,0.0,0.01,0.0,0.0,normal,normal,alta,8,historico fim_semana,4.0
I21JC029555T,8,,fim_semana,0.0,0.0,0.01,0.0,0.0,normal,normal,alta,8,historico fim_semana,4.0
I21JC029555T,9,,fim_semana,0.0,0.0,0.01,0.0,0.0,normal,normal,alta,8,historico fim_semana,4.0
I21JC029555T,10,,fim_semana,0.0,0.0,0.01,0.0,0.0,normal,normal,alta,8,historico fim_semana,4.0
I21JC029555T,11,,fim_semana,0.0,0.0,0.01,0.0,0.0,normal,normal,alta,8,historico fim_semana,4.0
I21JC029555T,12,,fim_semana,0.0,0.0,0.01,0.0,0.0,normal,normal,alta,8,historico fim_semana,4.0
I21JC029555T,13,,fim_semana,0.0,0.0,0.01,0.0,0.0,normal,normal,alta,8,historico fim_semana,4.0
I21JC029555T,14,,fim_semana,0.0,0.0,0.01,0.0,0.0,normal,normal,alta,8,historico fim_semana,4.0
I21JC029555T,15,,fim_semana,0.0,0.0,0.01,0.0,0.0,normal,normal,alta,8,historico fim_semana,4.0
I21JC029555T,16,,fim_semana,0.0,0.0,0.01,0.0,0.0,normal,normal,alta,8,historico fim_semana,4.0
I21JC029555T,17,,fim_semana,0.0,0.0,0.01,0.0,0.0,normal,normal,alta,8,historico fim_semana,4.0
I21JC029555T,18,,fim_semana,0.0,0.0,0.01,0.0,0.0,normal,normal,alta,8,historico fim_semana,4.0
I21JC029555T,19,,fim_semana,0.0,0.0,0.01,0.0,0.0,normal,normal,alta,8,historico fim_semana,4.0
I21JC029555T,20,,fim_semana,0.0,0.0,0.01,0.0,0.0,normal,normal,alta,8,historico fim_semana,4.0
I21JC029555T,21,,fim_semana,0.0,0.0,0.01,0.0,0.0,normal,normal,alta,8,historico fim_semana,4.0
I21JC029555T,22,,fim_semana,0.0,0.0,0.01,0.0,0.0,normal,normal,alta,8,historico fim_semana,4.0
I21JC029555T,23,,fim_semana,0.0,0.0,0.01,0.0,0.0,normal,normal,alta,8,historico fim_semana,4.0
I21JC029567X,0,,fim_semana,0.0,0.0,0.01,0.0,0.0,normal,normal,alta,7,historico fim_semana,4.0
I21JC029567X,1,,fim_semana,0.0,0.0,0.01,0.0,0.0,normal,normal,alta,8,historico fim_semana,4.0
I21JC029567X,2,,fim_semana,0.0,0.0,0.01,0.0,0.0,normal,normal,alta,8,historico fim_semana,4.0
I21JC029567X,3,,fim_semana,0.0,0.0,0.01,0.0,0.0,normal,normal,alta,8,historico fim_semana,4.0
I21JC029567X,4,,fim_semana,0.0,0.0,0.01,0.0,0.0,normal,normal,alta,7,historico fim_semana,4.0
I21JC029567X,5,,fim_semana,0.0,0.0,0.01,0.0,0.0,normal,normal,alta,7,historico fim_semana,4.0
I21JC029567X,6,,fim_semana,0.0,0.0,0.01,0.0,0.0,normal,normal,alta,8,historico fim_semana,4.0
I21JC029567X,7,,fim_semana,0.0,0.0,0.01,0.0,0.0,normal,normal,alta,8,historico fim_semana,4.0
I21JC029567X,8,,fim_semana,0.0,0.0,0.01,0.0,0.0,normal,normal,alta,6,historico fim_semana,4.0
I21JC029567X,9,,fim_semana,0.0,0.0,0.01,0.0,0.0,normal,normal,alta,7,historico fim_semana,4.0
I21JC029567X,10,,fim_semana,0.0,0.0,0.01,0.0,0.0,normal,normal,alta,7,historico fim_semana,4.0
I21JC029567X,11,,fim_semana,0.0,0.0,0.01,0.0,0.0,normal,normal,alta,7,historico fim_semana,4.0
I21JC029567X,12,,fim_semana,0.0,0.0,0.01,0.0,0.0,normal,normal,alta,7,historico fim_semana,4.0
I21JC029567X,13,,fim_semana,0.0,0.0,0.01,0.0,0.0,normal,normal,alta,8,historico fim_semana,4.0
I21JC029567X,14,,fim_semana,0.0,0.0,0.01,0.0,0.0,normal,normal,alta,8,historico fim_semana,4.0
I21JC029567X,15,,fim_semana,0.0,0.0,0.01,0.0,0.0,normal,normal,alta,8,historico fim_semana,4.0
I21JC029567X,16,,fim_semana,0.0,0.0,0.01,0.0,0.0,normal,normal,alta,8,historico fim_semana,4.0
I21JC029567X,17,,fim_semana,0.0,0.0,0.01,0.0,0.0,normal,normal,alta,8,historico fim_semana,4.0
I21JC029567X,18,,fim_semana,0.0,0.0,0.01,0.0,0.0,normal,normal,alta,8,historico fim_semana,4.0
I21JC029567X,19,,fim_semana,0.0,0.0,0.01,0.0,0.0,normal,normal,alta,8,historico fim_semana,4.0
I21JC029567X,20,,fim_semana,0.0,0.0,0.01,0.0,0.0,normal,normal,alta,8,historico fim_semana,4.0
I21JC029567X,21,,fim_semana,0.0,0.0,0.01,0.0,0.0,normal,normal,alta,8,historico fim_semana,4.0
I21JC029567X,22,,fim_semana,0.0,0.0,0.01,0.0,0.0,normal,normal,alta,8,historico fim_semana,4.0
I21JC029567X,23,,fim_semana,0.0,0.0,0.01,0.0,0.0,normal,normal,alta,8,historico fim_semana,4.0
I21JC029576Y,0,,fim_semana,0.0,0.0,0.01,0.0,0.0,normal,normal,alta,8,historico fim_semana,4.0
I21JC029576Y,1,,fim_semana,0.0,0.0,0.01,0.0,0.0,normal,normal,alta,8,historico fim_semana,4.0
I21JC029576Y,2,,fim_semana,0.0,0.0,0.01,0.0,0.0,normal,normal,alta,8,historico fim_semana,4.0
I21JC029576Y,3,,fim_semana,0.0,0.0,0.01,0.0,0.0,normal,normal,alta,8,historico fim_semana,4.0
I21JC029576Y,4,,fim_semana,0.0,0.0,0.01,0.0,0.0,normal,normal,alta,8,historico fim_semana,4.0
I21JC029576Y,5,,fim_semana,0.0,0.0,0.01,0.0,0.0,normal,normal,alta,8,historico fim_semana,4.0
I21JC029576Y,6,,fim_semana,0.0,0.0,0.01,0.0,0.0,normal,normal,alta,8,historico fim_semana,4.0
I21JC029576Y,7,,fim_semana,0.0,0.0,0.01,0.0,0.0,normal,normal,alta,8,historico fim_semana,4.0
I21JC029576Y,8,,fim_semana,0.0,0.0,0.01,0.0,0.0,normal,normal,alta,8,historico fim_semana,4.0
I21JC029576Y,9,,fim_semana,0.0,0.0,0.01,0.0,0.0,normal,normal,alta,8,historico fim_semana,4.0
I21JC029576Y,10,,fim_semana,0.0,0.0,0.01,0.0,0.0,normal,normal,alta,8,historico fim_semana,4.0
I21JC029576Y,11,,fim_semana,0.0,0.0,0.01,0.0,0.0,normal,normal,alta,8,historico fim_semana,4.0
I21JC029576Y,12,,fim_semana,0.0,0.0,0.01,0.0,0.0,normal,normal,alta,8,historico fim_semana,4.0
I21JC029576Y,13,,fim_semana,0.0,0.0,0.01,0.0,0.0,normal,normal,alta,7,historico fim_semana,4.0
I21JC029576Y,14,,fim_semana,0.0,0.0,0.01,0.0,0.0,normal,normal,alta,7,historico fim_semana,4.0
I21JC029576Y,15,,fim_semana,0.0,0.0,0.01,0.0,0.0,normal,normal,alta,7,historico fim_semana,4.0
I21JC029576Y,16,,fim_semana,0.0,0.0,0.01,0.0,0.0,normal,normal,alta,7,historico fim_semana,4.0
I21JC029576Y,17,,fim_semana,0.0,0.0,0.01,0.0,0.0,normal,normal,alta,8,historico fim_semana,4.0
I21JC029576Y,18,,fim_semana,0.0,0.0,0.01,0.0,0.0,normal,normal,alta,8,historico fim_semana,4.0
I21JC029576Y,19,,fim_semana,0.0,0.0,0.01,0.0,0.0,normal,normal,alta,8,historico fim_semana,4.0
I21JC029576Y,20,,fim_semana,0.0,0.0,0.01,0.0,0.0,normal,normal,alta,8,historico fim_semana,4.0
I21JC029576Y,21,,fim_semana,0.0,0.0,0.01,0.0,0.0,normal,normal,alta,8,historico fim_semana,4.0
I21JC029576Y,22,,fim_semana,0.0,0.0,0.01,0.0,0.0,normal,normal,alta,8,historico fim_semana,4.0
I21JC029576Y,23,,fim_semana,0.0,0.0,0.01,0.0,0.0,normal,normal,alta,8,historico fim_semana,4.0
I21JC029599F,0,,fim_semana,0.0,0.0,0.01,0.0,0.0,normal,normal,alta,5,historico fim_semana,4.0
I21JC029599F,1,,fim_semana,0.0,0.0,0.01,0.0,0.0,normal,normal,alta,7,historico fim_semana,4.0
I21JC029599F,2,,fim_semana,0.0,0.0,0.01,0.0,0.0,normal,normal,alta,7,historico fim_semana,4.0
I21JC029599F,3,,fim_semana,0.0,0.0,0.01,0.0,0.0,normal,normal,alta,7,historico fim_semana,4.0
I21JC029599F,4,,fim_semana,0.0,0.0,0.01,0.0,0.0,normal,normal,alta,7,historico fim_semana,4.0
I21JC029599F,5,,fim_semana,0.0,0.0,0.01,0.0,0.0,normal,normal,alta,7,historico fim_semana,4.0
I21JC029599F,6,,fim_semana,0.0,0.0,0.01,0.0,0.0,normal,normal,alta,7,historico fim_semana,4.0
I21JC029599F,7,,fim_semana,0.0,0.0,0.01,0.0,0.0,normal,normal,alta,7,historico fim_semana,4.0
I21JC029599F,8,,fim_semana,0.0,0.0,0.01,0.0,0.0,normal,normal,alta,7,historico fim_semana,4.0
I21JC029599F,9,,fim_semana,0.0,0.0,0.01,0.0,0.0,normal,normal,alta,8,historico fim_semana,4.0
I21JC029599F,10,,fim_semana,0.0,0.0,0.01,0.0,0.0,normal,normal,alta,8,historico fim_semana,4.0
I21JC029599F,11,,fim_semana,0.0,0.0,0.01,0.0,0.0,normal,normal,alta,8,historico fim_semana,4.0
I21JC029599F,12,,fim_semana,0.0,0.0,0.01,0.0,0.0,normal,normal,alta,7,historico fim_semana,4.0
I21JC029599F,13,,fim_semana,0.0,0.0,0.01,0.0,0.0,normal,normal,alta,7,historico fim_semana,4.0
I21JC029599F,14,,fim_semana,0.0,0.0,0.01,0.0,0.0,normal,normal,alta,7,historico fim_semana,4.0
I21JC029599F,15,,fim_semana,0.0,0.0,0.01,0.0,0.0,normal,normal,alta,7,historico fim_semana,4.0
I21JC029599F,20,,fim_semana,0.0,0.0,0.01,0.0,0.0,normal,normal,alta,6,historico fim_semana,4.0
I21JC029599F,21,,fim_semana,0.0,0.0,0.01,0.0,0.0,normal,normal,alta,7,historico fim_semana,4.0
I21JC029599F,22,,fim_semana,0.0,0.0,0.01,0.0,0.0,normal,normal,alta,7,historico fim_semana,4.0
I21JC029599F,23,,fim_semana,0.0,0.0,0.01,0.0,0.0,normal,normal,alta,7,historico fim_semana,4.0
I21JC029600H,0,,fim_semana,0.008,0.0083,0.01,-0.03,-0.03,normal,normal,alta,8,historico fim_semana,4.0
I21JC029600H,1,,fim_semana,0.007,0.0085,0.01,-0.15,-0.15,normal,normal,alta,8,historico fim_semana,4.0
I21JC029600H,2,,fim_semana,0.008,0.0086,0.01,-0.06,-0.06,normal,normal,alta,8,historico fim_semana,4.0
I21JC029600H,3,,fim_semana,0.008,0.0083,0.01,-0.03,-0.03,normal,normal,alta,8,historico fim_semana,4.0
I21JC029600H,4,,fim_semana,0.007,0.0081,0.01,-0.11,-0.11,normal,normal,alta,8,historico fim_semana,4.0
I21JC029600H,5,,fim_semana,0.007,0.0086,0.01,-0.16,-0.16,normal,normal,alta,8,historico fim_semana,4.0
I21JC029600H,6,,fim_semana,0.008,0.0086,0.01,-0.06,-0.06,normal,normal,alta,8,historico fim_semana,4.0
I21JC029600H,7,,fim_semana,0.007,0.0081,0.01,-0.11,-0.11,normal,normal,alta,8,historico fim_semana,4.0
I21JC029600H,8,,fim_semana,0.007,0.0076,0.01,-0.06,-0.06,normal,normal,alta,8,historico fim_semana,4.0
I21JC029600H,9,,fim_semana,0.007,0.0071,0.01,-0.01,-0.01,normal,normal,alta,8,historico fim_semana,4.0
I21JC029600H,10,,fim_semana,0.006,0.007,0.01,-0.1,-0.1,normal,normal,alta,8,historico fim_semana,4.0
I21JC029600H,11,,fim_semana,0.006,0.0071,0.01,-0.11,-0.11,normal,normal,alta,8,historico fim_semana,4.0
I21JC029600H,12,,fim_semana,0.006,0.0073,0.01,-0.13,-0.13,normal,normal,alta,8,historico fim_semana,4.0
I21JC029600H,13,,fim_semana,0.007,0.0072,0.01,-0.02,-0.02,normal,normal,alta,8,historico fim_semana,4.0
I21JC029600H,14,,fim_semana,0.007,0.0076,0.01,-0.06,-0.06,normal,normal,alta,8,historico fim_semana,4.0
I21JC029600H,15,,fim_semana,0.007,0.008,0.01,-0.1,-0.1,normal,normal,alta,8,historico fim_semana,4.0
I21JC029600H,16,,fim_semana,0.007,0.008,0.01,-0.1,-0.1,normal,normal,alta,8,historico fim_semana,4.0
I21JC029600H,17,,fim_semana,0.007,0.0077,0.01,-0.07,-0.07,normal,normal,alta,8,historico fim_semana,4.0
I21JC029600H,18,,fim_semana,0.007,0.0077,0.01,-0.07,-0.07,normal,normal,alta,8,historico fim_semana,4.0
I21JC029600H,19,,fim_semana,0.007,0.0076,0.01,-0.06,-0.06,normal,normal,alta,8,historico fim_semana,4.0
I21JC029600H,20,,fim_semana,0.007,0.0074,0.01,-0.04,-0.04,normal,normal,alta,8,historico fim_semana,4.0
I21JC029600H,21,,fim_semana,0.006,0.008,0.01,-0.2,-0.2,normal,normal,alta,8,historico fim_semana,4.0
I21JC029600H,22,,fim_semana,0.007,0.0079,0.01,-0.09,-0.09,normal,normal,alta,8,historico fim_semana,4.0
I21JC029600H,23,,fim_semana,0.008,0.0085,0.01,-0.05,-0.05,normal,normal,alta,8,historico fim_semana,4.0
I21JC029603K,0,,fim_semana,0.0,0.0,0.01,0.0,0.0,normal,normal,alta,5,historico fim_semana,4.0
I21JC029603K,1,,fim_semana,0.0,0.0,0.01,0.0,0.0,normal,normal,alta,5,historico fim_semana,4.0
I21JC029603K,2,,fim_semana,0.0,0.0,0.01,0.0,0.0,normal,normal,alta,5,historico fim_semana,4.0
I21JC029603K,3,,fim_semana,0.0,0.0,0.01,0.0,0.0,normal,normal,alta,5,historico fim_semana,4.0
I21JC029603K,4,,fim_semana,0.0,0.0,0.01,0.0,0.0,normal,normal,alta,5,historico fim_semana,4.0
I21JC029603K,5,,fim_semana,0.0,0.0,0.01,0.0,0.0,normal,normal,alta,5,historico fim_semana,4.0
I21JC029603K,6,,fim_semana,0.0,0.0,0.01,0.0,0.0,normal,normal,alta,5,historico fim_semana,4.0
I21JC029603K,7,,fim_semana,0.0,0.0,0.01,0.0,0.0,normal,normal,alta,5,historico fim_semana,4.0
I21JC029603K,12,,fim_semana,0.0,0.0,0.01,0.0,0.0,normal,normal,baixa,4,historico fim_semana (poucos dados),4.0
I21JC029603K,13,,fim_semana,0.0,0.0,0.01,0.0,0.0,normal,normal,baixa,4,historico fim_semana (poucos dados),4.0
I21JC029603K,14,,fim_semana,0.0,0.0,0.01,0.0,0.0,normal,normal,baixa,4,historico fim_semana (poucos dados),4.0
I21JC029603K,15,,fim_semana,0.0,0.0,0.01,0.0,0.0,normal,normal,baixa,4,historico fim_semana (poucos dados),4.0
I21JC029603K,16,,fim_semana,0.0,0.0,0.01,0.0,0.0,normal,normal,alta,6,historico fim_semana,4.0
I21JC029603K,17,,fim_semana,0.0,0.0,0.01,0.0,0.0,normal,normal,alta,6,historico fim_semana,4.0
I21JC029603K,18,,fim_semana,0.0,0.0,0.01,0.0,0.0,normal,normal,alta,6,historico fim_semana,4.0
I21JC029603K,19,,fim_semana,0.0,0.0,0.01,0.0,0.0,normal,normal,alta,6,historico fim_semana,4.0
I21JC029603K,20,,fim_semana,0.0,0.0,0.01,0.0,0.0,normal,normal,alta,5,historico fim_semana,4.0
I21JC029603K,21,,fim_semana,0.0,0.0,0.01,0.0,0.0,normal,normal,alta,5,historico fim_semana,4.0
I21JC029603K,22,,fim_semana,0.0,0.0,0.01,0.0,0.0,normal,normal,alta,5,historico fim_semana,4.0
I21JC029603K,23,,fim_semana,0.0,0.0,0.01,0.0,0.0,normal,normal,alta,5,historico fim_semana,4.0
I21JC029611K,0,,fim_semana,0.0,0.0,0.01,0.0,0.0,normal,normal,alta,7,historico fim_semana,4.0
I21JC029611K,1,,fim_semana,0.0,0.0,0.01,0.0,0.0,normal,normal,alta,7,historico fim_semana,4.0
I21JC029611K,2,,fim_semana,0.0,0.0,0.01,0.0,0.0,normal,normal,alta,7,historico fim_semana,4.0
I21JC029611K,3,,fim_semana,0.0,0.0,0.01,0.0,0.0,normal,normal,alta,8,historico fim_semana,4.0
I21JC029611K,4,,fim_semana,0.0,0.0,0.01,0.0,0.0,normal,normal,alta,8,historico fim_semana,4.0
I21JC029611K,5,,fim_semana,0.0,0.0,0.01,0.0,0.0,normal,normal,alta,8,historico fim_semana,4.0
I21JC029611K,6,,fim_semana,0.0,0.0,0.01,0.0,0.0,normal,normal,alta,8,historico fim_semana,4.0
I21JC029611K,7,,fim_semana,0.0,0.0,0.01,0.0,0.0,normal,normal,alta,8,historico fim_semana,4.0
I21JC029611K,8,,fim_semana,0.0,0.0,0.01,0.0,0.0,normal,normal,alta,8,historico fim_semana,4.0
I21JC029611K,9,,fim_semana,0.0,0.0,0.01,0.0,0.0,normal,normal,alta,8,historico fim_semana,4.0
I21JC029611K,10,,fim_semana,0.0,0.0,0.01,0.0,0.0,normal,normal,alta,8,historico fim_semana,4.0
I21JC029611K,11,,fim_semana,0.0,0.0,0.01,0.0,0.0,normal,normal,alta,8,historico fim_semana,4.0
I21JC029611K,12,,fim_semana,0.0,0.0,0.01,0.0,0.0,normal,normal,alta,8,historico fim_semana,4.0
I21JC029611K,13,,fim_semana,0.0,0.0,0.01,0.0,0.0,normal,normal,alta,8,historico fim_semana,4.0
I21JC029611K,14,,fim_semana,0.0,0.0,0.01,0.0,0.0,normal,normal,alta,8,historico fim_semana,4.0
I21JC029611K,15,,fim_semana,0.0,0.0,0.01,0.0,0.0,normal,normal,alta,8,historico fim_semana,4.0
I21JC029611K,16,,fim_semana,0.0,0.0,0.01,0.0,0.0,normal,normal,alta,8,historico fim_semana,4.0
I21JC029611K,17,,fim_semana,0.0,0.0,0.01,0.0,0.0,normal,normal,alta,8,historico fim_semana,4.0
I21JC029611K,18,,fim_semana,0.0,0.0,0.01,0.0,0.0,normal,normal,alta,8,historico fim_semana,4.0
I21JC029611K,19,,fim_semana,0.0,0.0,0.01,0.0,0.0,normal,normal,alta,8,historico fim_semana,4.0
I21JC029611K,20,,fim_semana,0.0,0.0,0.01,0.0,0.0,normal,normal,alta,8,historico fim_semana,4.0
I21JC029611K,21,,fim_semana,0.0,0.0,0.01,0.0,0.0,normal,normal,alta,8,historico fim_semana,4.0
I21JC029611K,22,,fim_semana,0.0,0.0,0.01,0.0,0.0,normal,normal,alta,8,historico fim_semana,4.0
I21JC029611K,23,,fim_semana,0.0,0.0,0.01,0.0,0.0,normal,normal,alta,8,historico fim_semana,4.0
I21JC029632P,0,,fim_semana,0.0,0.0,0.01,0.0,0.0,normal,normal,alta,8,historico fim_semana,4.0
I21JC029632P,1,,fim_semana,0.0,0.0,0.01,0.0,0.0,normal,normal,alta,8,historico fim_semana,4.0
I21JC029632P,2,,fim_semana,0.0,0.0,0.01,0.0,0.0,normal,normal,alta,8,historico fim_semana,4.0
I21JC029632P,3,,fim_semana,0.0,0.0,0.01,0.0,0.0,normal,normal,alta,8,historico fim_semana,4.0
I21JC029632P,4,,fim_semana,0.0,0.0,0.01,0.0,0.0,normal,normal,alta,8,historico fim_semana,4.0
I21JC029632P,5,,fim_semana,0.0,0.0,0.01,0.0,0.0,normal,normal,alta,8,historico fim_semana,4.0
I21JC029632P,6,,fim_semana,0.0,0.0,0.01,0.0,0.0,normal,normal,alta,8,historico fim_semana,4.0
I21JC029632P,7,,fim_semana,0.0,0.0,0.01,0.0,0.0,normal,normal,alta,8,historico fim_semana,4.0
I21JC029632P,8,,fim_semana,0.0,0.0,0.01,0.0,0.0,normal,normal,alta,8,historico fim_semana,4.0
I21JC029632P,9,,fim_semana,0.0,0.0,0.01,0.0,0.0,normal,normal,alta,8,historico fim_semana,4.0
I21JC029632P,10,,fim_semana,0.0,0.0,0.01,0.0,0.0,normal,normal,alta,8,historico fim_semana,4.0
I21JC029632P,11,,fim_semana,0.0,0.0,0.01,0.0,0.0,normal,normal,alta,8,historico fim_semana,4.0
I21JC029632P,12,,fim_semana,0.0,0.0,0.01,0.0,0.0,normal,normal,alta,8,historico fim_semana,4.0
I21JC029632P,13,,fim_semana,0.0,0.0,0.01,0.0,0.0,normal,normal,alta,8,historico fim_semana,4.0
I21JC029632P,14,,fim_semana,0.0,0.0,0.01,0.0,0.0,normal,normal,alta,8,historico fim_semana,4.0
I21JC029632P,15,,fim_semana,0.0,0.0,0.01,0.0,0.0,normal,normal,alta,8,historico fim_semana,4.0
I21JC029632P,16,,fim_semana,0.0,0.0,0.01,0.0,0.0,normal,normal,alta,8,historico fim_semana,4.0
I21JC029632P,17,,fim_semana,0.0,0.0,0.01,0.0,0.0,normal,normal,alta,8,historico fim_semana,4.0
I21JC029632P,18,,fim_semana,0.0,0.0,0.01,0.0,0.0,normal,normal,alta,8,historico fim_semana,4.0
I21JC029632P,19,,fim_semana,0.0,0.0,0.01,0.0,0.0,normal,normal,alta,8,historico fim_semana,4.0
I21JC029632P,20,,fim_semana,0.0,0.0,0.01,0.0,0.0,normal,normal,alta,8,historico fim_semana,4.0
I21JC029632P,21,,fim_semana,0.0,0.0,0.01,0.0,0.0,normal,normal,alta,7,historico fim_semana,4.0
I21JC029632P,22,,fim_semana,0.0,0.0,0.01,0.0,0.0,normal,normal,alta,7,historico fim_semana,4.0
I21JC029632P,23,,fim_semana,0.0,0.0,0.01,0.0,0.0,normal,normal,alta,7,historico fim_semana,4.0
I21JC029635S,0,,fim_semana,0.0,0.0257,0.0398,-0.64,-0.64,normal,normal,alta,6,historico fim_semana,4.0
I21JC029635S,1,,fim_semana,0.0,0.0255,0.0396,-0.64,-0.64,normal,normal,alta,6,historico fim_semana,4.0
I21JC029635S,2,,fim_semana,0.0,0.0253,0.0393,-0.64,-0.64,normal,normal,alta,6,historico fim_semana,4.0
I21JC029635S,3,,fim_semana,0.0,0.0255,0.0396,-0.64,-0.64,normal,normal,alta,6,historico fim_semana,4.0
I21JC029635S,4,,fim_semana,0.0,0.0253,0.0393,-0.64,-0.64,normal,normal,alta,6,historico fim_semana,4.0
I21JC029635S,5,,fim_semana,0.0,0.0252,0.0391,-0.64,-0.64,normal,normal,alta,6,historico fim_semana,4.0
I21JC029635S,6,,fim_semana,0.0,0.0252,0.0391,-0.64,-0.64,normal,normal,alta,6,historico fim_semana,4.0
I21JC029635S,7,,fim_semana,0.0,0.0253,0.0393,-0.64,-0.64,normal,normal,alta,6,historico fim_semana,4.0
I21JC029635S,8,,fim_semana,0.0,0.0253,0.0393,-0.64,-0.64,normal,normal,alta,6,historico fim_semana,4.0
I21JC029635S,9,,fim_semana,0.0,0.0312,0.0427,-0.73,-0.73,normal,normal,alta,5,historico fim_semana,4.0
I21JC029635S,10,,fim_semana,0.0,0.0316,0.0433,-0.73,-0.73,normal,normal,alta,5,historico fim_semana,4.0
I21JC029635S,11,,fim_semana,0.0,0.0312,0.0427,-0.73,-0.73,normal,normal,alta,5,historico fim_semana,4.0
I21JC029635S,12,,fim_semana,0.0,0.032,0.0438,-0.73,-0.73,normal,normal,alta,5,historico fim_semana,4.0
I21JC029635S,13,,fim_semana,0.0,0.027,0.0418,-0.65,-0.65,normal,normal,alta,6,historico fim_semana,4.0
I21JC029635S,14,,fim_semana,0.0,0.0267,0.0413,-0.65,-0.65,normal,normal,alta,6,historico fim_semana,4.0
I21JC029635S,15,,fim_semana,0.0,0.027,0.0418,-0.65,-0.65,normal,normal,alta,6,historico fim_semana,4.0
I21JC029635S,16,,fim_semana,0.0,0.0267,0.0413,-0.65,-0.65,normal,normal,alta,6,historico fim_semana,4.0
I21JC029635S,17,,fim_semana,0.0,0.0268,0.0416,-0.65,-0.65,normal,normal,alta,6,historico fim_semana,4.0
I21JC029635S,18,,fim_semana,0.0,0.027,0.0418,-0.65,-0.65,normal,normal,alta,6,historico fim_semana,4.0
I21JC029635S,19,,fim_semana,0.0,0.0268,0.0416,-0.65,-0.65,normal,normal,alta,6,historico fim_semana,4.0
I21JC029635S,20,,fim_semana,0.0,0.0268,0.0416,-0.65,-0.65,normal,normal,alta,6,historico fim_semana,4.0
I21JC029635S,21,,fim_semana,0.0,0.027,0.0418,-0.65,-0.65,normal,normal,alta,6,historico fim_semana,4.0
I21JC029635S,22,,fim_semana,0.0,0.0272,0.0421,-0.65,-0.65,normal,normal,alta,6,historico fim_semana,4.0
I21JC029635S,23,,fim_semana,0.0,0.027,0.0418,-0.65,-0.65,normal,normal,alta,6,historico fim_semana,4.0
I21JC029733T,0,,fim_semana,0.0,0.0,0.01,0.0,0.0,normal,normal,alta,6,historico fim_semana,4.0
I21JC029733T,1,,fim_semana,0.0,0.0,0.01,0.0,0.0,normal,normal,alta,6,historico fim_semana,4.0
I21JC029733T,2,,fim_semana,0.0,0.0,0.01,0.0,0.0,normal,normal,alta,6,historico fim_semana,4.0
I21JC029733T,3,,fim_semana,0.0,0.0,0.01,0.0,0.0,normal,normal,alta,6,historico fim_semana,4.0
I21JC029733T,4,,fim_semana,0.0,0.0,0.01,0.0,0.0,normal,normal,alta,6,historico fim_semana,4.0
I21JC029733T,5,,fim_semana,0.0,0.0,0.01,0.0,0.0,normal,normal,alta,6,historico fim_semana,4.0
I21JC029733T,6,,fim_semana,0.0,0.0,0.01,0.0,0.0,normal,normal,alta,6,historico fim_semana,4.0
I21JC029733T,7,,fim_semana,0.0,0.0,0.01,0.0,0.0,normal,normal,alta,6,historico fim_semana,4.0
I21JC029733T,8,,fim_semana,0.0,0.0,0.01,0.0,0.0,normal,normal,alta,6,historico fim_semana,4.0
I21JC029733T,9,,fim_semana,0.0,0.0,0.01,0.0,0.0,normal,normal,alta,6,historico fim_semana,4.0
I21JC029733T,10,,fim_semana,0.0,0.0,0.01,0.0,0.0,normal,normal,alta,6,historico fim_semana,4.0
I21JC029733T,11,,fim_semana,0.0,0.0,0.01,0.0,0.0,normal,normal,alta,6,historico fim_semana,4.0
I21JC029733T,12,,fim_semana,0.0,0.0,0.01,0.0,0.0,normal,normal,alta,6,historico fim_semana,4.0
I21JC029733T,13,,fim_semana,0.0,0.0,0.01,0.0,0.0,normal,normal,alta,6,historico fim_semana,4.0
I21JC029733T,14,,fim_semana,0.0,0.0,0.01,0.0,0.0,normal,normal,alta,6,historico fim_semana,4.0
I21JC029733T,15,,fim_semana,0.0,0.0,0.01,0.0,0.0,normal,normal,alta,6,historico fim_semana,4.0
I21JC029733T,16,,fim_semana,0.0,0.0,0.01,0.0,0.0,normal,normal,alta,6,historico fim_semana,4.0
I21JC029733T,17,,fim_semana,0.0,0.0,0.01,0.0,0.0,normal,normal,alta,6,historico fim_semana,4.0
I21JC029733T,18,,fim_semana,0.0,0.0,0.01,0.0,0.0,normal,normal,alta,6,historico fim_semana,4.0
I21JC029733T,19,,fim_semana,0.0,0.0,0.01,0.0,0.0,normal,normal,alta,6,historico fim_semana,4.0
I21JC029733T,20,,fim_semana,0.0,0.0,0.01,0.0,0.0,normal,normal,alta,6,historico fim_semana,4.0
I21JC029733T,21,,fim_semana,0.0,0.0,0.01,0.0,0.0,normal,normal,alta,6,historico fim_semana,4.0
I21JC029733T,22,,fim_semana,0.0,0.0,0.01,0.0,0.0,normal,normal,alta,6,historico fim_semana,4.0
I21JC029733T,23,,fim_semana,0.0,0.0,0.01,0.0,0.0,normal,normal,alta,6,historico fim_semana,4.0
I21JC029735V,0,,fim_semana,0.0,0.0,0.01,0.0,0.0,normal,normal,alta,6,historico fim_semana,4.0
I21JC029735V,1,,fim_semana,0.0,0.0,0.01,0.0,0.0,normal,normal,alta,6,historico fim_semana,4.0
I21JC029735V,2,,fim_semana,0.0,0.0,0.01,0.0,0.0,normal,normal,alta,8,historico fim_semana,4.0
I21JC029735V,3,,fim_semana,0.0,0.0,0.01,0.0,0.0,normal,normal,alta,8,historico fim_semana,4.0
I21JC029735V,4,,fim_semana,0.0,0.0,0.01,0.0,0.0,normal,normal,alta,8,historico fim_semana,4.0
I21JC029735V,5,,fim_semana,0.0,0.0,0.01,0.0,0.0,normal,normal,alta,8,historico fim_semana,4.0
I21JC029735V,6,,fim_semana,0.0,0.0,0.01,0.0,0.0,normal,normal,alta,8,historico fim_semana,4.0
I21JC029735V,7,,fim_semana,0.0,0.0,0.01,0.0,0.0,normal,normal,alta,8,historico fim_semana,4.0
I21JC029735V,8,,fim_semana,0.0,0.0,0.01,0.0,0.0,normal,normal,alta,8,historico fim_semana,4.0
I21JC029735V,9,,fim_semana,0.0,0.0,0.01,0.0,0.0,normal,normal,alta,8,historico fim_semana,4.0
I21JC029735V,10,,fim_semana,0.0,0.0,0.01,0.0,0.0,normal,normal,alta,8,historico fim_semana,4.0
I21JC029735V,11,,fim_semana,0.0,0.0,0.01,0.0,0.0,normal,normal,alta,8,historico fim_semana,4.0
I21JC029735V,12,,fim_semana,0.0,0.0,0.01,0.0,0.0,normal,normal,alta,8,historico fim_semana,4.0
I21JC029735V,13,,fim_semana,0.0,0.0,0.01,0.0,0.0,normal,normal,alta,8,historico fim_semana,4.0
I21JC029735V,14,,fim_semana,0.0,0.0,0.01,0.0,0.0,normal,normal,alta,7,historico fim_semana,4.0
I21JC029735V,15,,fim_semana,0.0,0.0,0.01,0.0,0.0,normal,normal,alta,7,historico fim_semana,4.0
I21JC029735V,16,,fim_semana,0.0,0.0,0.01,0.0,0.0,normal,normal,alta,7,historico fim_semana,4.0
I21JC029735V,17,,fim_semana,0.0,0.0,0.01,0.0,0.0,normal,normal,alta,7,historico fim_semana,4.0
I21JC029735V,18,,fim_semana,0.0,0.0,0.01,0.0,0.0,normal,normal,alta,8,historico fim_semana,4.0
I21JC029735V,19,,fim_semana,0.0,0.0,0.01,0.0,0.0,normal,normal,alta,8,historico fim_semana,4.0
I21JC029735V,20,,fim_semana,0.0,0.0,0.01,0.0,0.0,normal,normal,alta,8,historico fim_semana,4.0
I21JC029735V,21,,fim_semana,0.0,0.0,0.01,0.0,0.0,normal,normal,alta,8,historico fim_semana,4.0
I21JC029745X,0,,fim_semana,0.0,0.0,0.01,0.0,0.0,normal,normal,alta,7,historico fim_semana,4.0
I21JC029745X,1,,fim_semana,0.0,0.0,0.01,0.0,0.0,normal,normal,alta,7,historico fim_semana,4.0
I21JC029745X,2,,fim_semana,0.0,0.0,0.01,0.0,0.0,normal,normal,alta,7,historico fim_semana,4.0
I21JC029745X,3,,fim_semana,0.0,0.0,0.01,0.0,0.0,normal,normal,alta,7,historico fim_semana,4.0
I21JC029745X,4,,fim_semana,0.0,0.0,0.01,0.0,0.0,normal,normal,alta,8,historico fim_semana,4.0
I21JC029745X,5,,fim_semana,0.0,0.0,0.01,0.0,0.0,normal,normal,alta,8,historico fim_semana,4.0
I21JC029745X,6,,fim_semana,0.0,0.0,0.01,0.0,0.0,normal,normal,alta,8,historico fim_semana,4.0
I21JC029745X,7,,fim_semana,0.0,0.0,0.01,0.0,0.0,normal,normal,alta,8,historico fim_semana,4.0
I21JC029745X,8,,fim_semana,0.0,0.0,0.01,0.0,0.0,normal,normal,alta,8,historico fim_semana,4.0
I21JC029745X,9,,fim_semana,0.0,0.0,0.01,0.0,0.0,normal,normal,alta,8,historico fim_semana,4.0
I21JC029745X,10,,fim_semana,0.0,0.0,0.01,0.0,0.0,normal,normal,alta,8,historico fim_semana,4.0
I21JC029745X,11,,fim_semana,0.0,0.0,0.01,0.0,0.0,normal,normal,alta,8,historico fim_semana,4.0
I21JC029745X,12,,fim_semana,0.0,0.0,0.01,0.0,0.0,normal,normal,alta,8,historico fim_semana,4.0
I21JC029745X,13,,fim_semana,0.0,0.0,0.01,0.0,0.0,normal,normal,alta,8,historico fim_semana,4.0
I21JC029745X,14,,fim_semana,0.0,0.0,0.01,0.0,0.0,normal,normal,alta,8,historico fim_semana,4.0
I21JC029745X,15,,fim_semana,0.0,0.0,0.01,0.0,0.0,normal,normal,alta,8,historico fim_semana,4.0
I21JC029745X,16,,fim_semana,0.0,0.0,0.01,0.0,0.0,normal,normal,alta,8,historico fim_semana,4.0
I21JC029745X,17,,fim_semana,0.0,0.0,0.01,0.0,0.0,normal,normal,alta,8,historico fim_semana,4.0
I21JC029745X,18,,fim_semana,0.0,0.0,0.01,0.0,0.0,normal,normal,alta,8,historico fim_semana,4.0
I21JC029745X,19,,fim_semana,0.0,0.0,0.01,0.0,0.0,normal,normal,alta,8,historico fim_semana,4.0
I21JC029745X,20,,fim_semana,0.0,0.0,0.01,0.0,0.0,normal,normal,alta,8,historico fim_semana,4.0
I21JC029745X,21,,fim_semana,0.0,0.0,0.01,0.0,0.0,normal,normal,alta,8,historico fim_semana,4.0
I21JC029745X,22,,fim_semana,0.0,0.0,0.01,0.0,0.0,normal,normal,alta,8,historico fim_semana,4.0
I21JC029745X,23,,fim_semana,0.0,0.0,0.01,0.0,0.0,normal,normal,alta,8,historico fim_semana,4.0
I21JC029765B,0,,fim_semana,0.112,0.1045,0.0261,0.29,0.29,normal,normal,alta,8,historico fim_semana,4.0
I21JC029765B,1,,fim_semana,0.113,0.1049,0.0262,0.31,0.31,normal,normal,alta,8,historico fim_semana,4.0
I21JC029765B,2,,fim_semana,0.113,0.1046,0.0262,0.32,0.32,normal,normal,alta,8,historico fim_semana,4.0
I21JC029765B,3,,fim_semana,0.113,0.1043,0.0261,0.34,0.34,normal,normal,alta,8,historico fim_semana,4.0
I21JC029765B,4,,fim_semana,0.113,0.1048,0.0262,0.32,0.32,normal,normal,alta,8,historico fim_semana,4.0
I21JC029765B,5,,fim_semana,0.113,0.1044,0.0261,0.33,0.33,normal,normal,alta,8,historico fim_semana,4.0
I21JC029765B,6,,fim_semana,0.113,0.1048,0.0262,0.32,0.32,normal,normal,alta,8,historico fim_semana,4.0
I21JC029765B,7,,fim_semana,0.112,0.1043,0.0261,0.3,0.3,normal,normal,alta,8,historico fim_semana,4.0
I21JC029765B,8,,fim_semana,0.113,0.1041,0.026,0.34,0.34,normal,normal,alta,8,historico fim_semana,4.0
I21JC029765B,9,,fim_semana,0.112,0.1043,0.0261,0.3,0.3,normal,normal,alta,8,historico fim_semana,4.0
I21JC029765B,10,,fim_semana,0.112,0.1043,0.0261,0.3,0.3,normal,normal,alta,8,historico fim_semana,4.0
I21JC029765B,11,,fim_semana,0.112,0.1039,0.026,0.31,0.31,normal,normal,alta,8,historico fim_semana,4.0
I21JC029765B,12,,fim_semana,0.113,0.1043,0.0261,0.34,0.34,normal,normal,alta,8,historico fim_semana,4.0
I21JC029765B,13,,fim_semana,0.112,0.1041,0.026,0.3,0.3,normal,normal,alta,8,historico fim_semana,4.0
I21JC029765B,14,,fim_semana,0.113,0.1043,0.0261,0.34,0.34,normal,normal,alta,8,historico fim_semana,4.0
I21JC029765B,15,,fim_semana,0.113,0.1044,0.0261,0.33,0.33,normal,normal,alta,8,historico fim_semana,4.0
I21JC029765B,16,,fim_semana,0.113,0.105,0.0263,0.3,0.3,normal,normal,alta,8,historico fim_semana,4.0
I21JC029765B,17,,fim_semana,0.113,0.105,0.0263,0.3,0.3,normal,normal,alta,8,historico fim_semana,4.0
I21JC029765B,18,,fim_semana,0.112,0.1049,0.0262,0.27,0.27,normal,normal,alta,8,historico fim_semana,4.0
I21JC029765B,19,,fim_semana,0.114,0.1043,0.0261,0.37,0.37,normal,normal,alta,8,historico fim_semana,4.0
I21JC029765B,20,,fim_semana,0.112,0.1045,0.0261,0.29,0.29,normal,normal,alta,8,historico fim_semana,4.0
I21JC029765B,21,,fim_semana,0.113,0.1041,0.026,0.34,0.34,normal,normal,alta,8,historico fim_semana,4.0
I21JC029765B,22,,fim_semana,0.112,0.104,0.026,0.31,0.31,normal,normal,alta,8,historico fim_semana,4.0
I21JC029765B,23,,fim_semana,0.112,0.1045,0.0261,0.29,0.29,normal,normal,alta,8,historico fim_semana,4.0
I21JC037657V,1,,fim_semana,0.0,0.0021,0.01,-0.21,-0.21,normal,normal,alta,8,historico fim_semana,4.0
I21JC037657V,2,,fim_semana,0.002,0.0039,0.01,-0.19,-0.19,normal,normal,alta,8,historico fim_semana,4.0
I21JC037657V,3,,fim_semana,0.003,0.0015,0.01,0.15,0.15,normal,normal,alta,8,historico fim_semana,4.0
I21JC037657V,4,,fim_semana,0.0,0.0029,0.01,-0.29,-0.29,normal,normal,alta,8,historico fim_semana,4.0
I21JC037657V,5,,fim_semana,0.001,0.0027,0.01,-0.17,-0.17,normal,normal,alta,7,historico fim_semana,4.0
I21JC037657V,6,,fim_semana,0.0,0.0013,0.01,-0.13,-0.13,normal,normal,alta,7,historico fim_semana,4.0
I21JC037657V,7,,fim_semana,0.088,0.0443,0.0151,2.89,2.89,normal,normal,alta,7,historico fim_semana,4.0
I21JC037657V,8,,fim_semana,0.007,0.0258,0.0104,-1.8,-1.8,normal,normal,baixa,4,historico fim_semana (poucos dados),4.0
I21JC037657V,9,,fim_semana,0.001,0.0482,0.0335,-1.41,-1.41,normal,normal,alta,6,historico fim_semana,4.0
I21JC037657V,10,,fim_semana,0.004,0.0393,0.0135,-2.61,-2.61,normal,normal,alta,6,historico fim_semana,4.0
I21JC037657V,11,,fim_semana,0.018,0.064,0.0335,-1.37,-1.37,normal,normal,alta,6,historico fim_semana,4.0
I21JC037657V,12,,fim_semana,0.036,0.1095,0.1003,-0.73,-0.73,normal,normal,alta,8,historico fim_semana,4.0
I21JC037657V,13,,fim_semana,0.068,0.1078,0.0539,-0.74,-0.74,normal,normal,alta,8,historico fim_semana,4.0
I21JC037657V,14,,fim_semana,0.031,0.0819,0.0438,-1.16,-1.16,normal,normal,alta,8,historico fim_semana,4.0
I21JC037657V,15,,fim_semana,0.029,0.0655,0.063,-0.58,-0.58,normal,normal,alta,8,historico fim_semana,4.0
I21JC037657V,16,,fim_semana,0.001,0.0244,0.0166,-1.41,-1.41,normal,normal,alta,7,historico fim_semana,4.0
I21JC037657V,17,,fim_semana,0.013,0.0494,0.0267,-1.36,-1.36,normal,normal,alta,7,historico fim_semana,4.0
I21JC037657V,18,,fim_semana,0.004,0.0636,0.0381,-1.56,-1.56,normal,normal,alta,7,historico fim_semana,4.0
I21JC037657V,19,,fim_semana,0.112,0.1074,0.071,0.06,0.06,normal,normal,alta,7,historico fim_semana,4.0
I21JC037657V,21,,fim_semana,0.037,0.0193,0.0202,0.88,0.88,normal,normal,alta,6,historico fim_semana,4.0
I21JC037657V,22,,fim_semana,0.02,0.0072,0.01,1.28,1.28,normal,normal,alta,6,historico fim_semana,4.0
I21JC037657V,23,,fim_semana,0.004,0.002,0.01,0.2,0.2,normal,normal,alta,6,historico fim_semana,4.0
I21JC037658W,0,,fim_semana,0.0,0.0186,0.0387,-0.48,-0.48,normal,normal,alta,7,historico fim_semana,4.0
I21JC037658W,2,,fim_semana,0.0,0.012,0.0229,-0.52,-0.52,normal,normal,alta,8,historico fim_semana,4.0
I21JC037658W,3,,fim_semana,0.007,0.0015,0.01,0.55,0.55,normal,normal,alta,8,historico fim_semana,4.0
I21JC037658W,4,,fim_semana,0.003,0.0016,0.01,0.14,0.14,normal,normal,alta,8,historico fim_semana,4.0
I21JC037658W,5,,fim_semana,0.0,0.002,0.01,-0.2,-0.2,normal,normal,alta,5,historico fim_semana,4.0
I21JC037658W,6,,fim_semana,0.0,0.0066,0.01,-0.66,-0.66,normal,normal,alta,8,historico fim_semana,4.0
I21JC037658W,7,,fim_semana,0.006,0.02,0.0152,-0.92,-0.92,normal,normal,alta,8,historico fim_semana,4.0
I21JC037658W,8,,fim_semana,0.001,0.0526,0.027,-1.91,-1.91,normal,normal,alta,8,historico fim_semana,4.0
I21JC037658W,9,,fim_semana,0.027,0.046,0.0198,-0.96,-0.96,normal,normal,alta,6,historico fim_semana,4.0
I21JC037658W,10,,fim_semana,0.026,0.0517,0.0581,-0.44,-0.44,normal,normal,alta,7,historico fim_semana,4.0
I21JC037658W,11,,fim_semana,0.046,0.0409,0.0205,0.25,0.25,normal,normal,alta,7,historico fim_semana,4.0
I21JC037658W,12,,fim_semana,0.018,0.0681,0.0576,-0.87,-0.87,normal,normal,alta,7,historico fim_semana,4.0
I21JC037658W,13,,fim_semana,0.077,0.0698,0.023,0.31,0.31,normal,normal,alta,5,historico fim_semana,4.0
I21JC037658W,14,,fim_semana,0.008,0.1351,0.1235,-1.03,-1.03,normal,normal,alta,8,historico fim_semana,4.0
I21JC037658W,15,,fim_semana,0.008,0.0684,0.0929,-0.65,-0.65,normal,normal,alta,8,historico fim_semana,4.0
I21JC037658W,16,,fim_semana,0.016,0.0701,0.0636,-0.85,-0.85,normal,normal,alta,8,historico fim_semana,4.0
I21JC037658W,17,,fim_semana,0.023,0.1409,0.1653,-0.71,-0.71,normal,normal,alta,7,historico fim_semana,4.0
I21JC037658W,18,,fim_semana,0.101,0.0564,0.0562,0.79,0.79,normal,normal,alta,8,historico fim_semana,4.0
I21JC037658W,19,,fim_semana,0.047,0.0921,0.0625,-0.72,-0.72,normal,normal,alta,8,historico fim_semana,4.0
I21JC037658W,20,,fim_semana,0.099,0.0374,0.0307,2.01,2.01,normal,normal,alta,8,historico fim_semana,4.0
I21JC037658W,21,,fim_semana,0.135,0.0488,0.0618,1.39,1.39,normal,normal,alta,6,historico fim_semana,4.0
I21JC037658W,22,,fim_semana,0.018,0.0165,0.01,0.15,0.15,normal,normal,alta,8,historico fim_semana,4.0
I21JC037658W,23,,fim_semana,0.0,0.0065,0.01,-0.65,-0.65,normal,normal,alta,8,historico fim_semana,4.0
I21JC037659X,1,,fim_semana,0.001,0.0049,0.01,-0.39,-0.39,normal,normal,alta,8,historico fim_semana,4.0
I21JC037659X,2,,fim_semana,0.0,0.0001,0.01,-0.01,-0.01,normal,normal,alta,8,historico fim_semana,4.0
I21JC037659X,3,,fim_semana,0.0,0.0019,0.01,-0.19,-0.19,normal,normal,alta,8,historico fim_semana,4.0
I21JC037659X,4,,fim_semana,0.0,0.0002,0.01,-0.02,-0.02,normal,normal,alta,6,historico fim_semana,4.0
I21JC037659X,5,,fim_semana,0.009,0.0028,0.01,0.62,0.62,normal,normal,alta,6,historico fim_semana,4.0
I21JC037659X,6,,fim_semana,0.021,0.018,0.0107,0.28,0.28,normal,normal,alta,6,historico fim_semana,4.0
I21JC037659X,7,,fim_semana,0.004,0.0205,0.0295,-0.56,-0.56,normal,normal,alta,6,historico fim_semana,4.0
I21JC037659X,8,,fim_semana,0.047,0.0404,0.0328,0.2,0.2,normal,normal,alta,7,historico fim_semana,4.0
I21JC037659X,9,,fim_semana,0.068,0.036,0.0264,1.21,1.21,normal,normal,alta,7,historico fim_semana,4.0
I21JC037659X,10,,fim_semana,0.013,0.0749,0.0414,-1.49,-1.49,normal,normal,alta,7,historico fim_semana,4.0
I21JC037659X,11,,fim_semana,0.1,0.0463,0.0281,1.91,1.91,normal,normal,alta,7,historico fim_semana,4.0
I21JC037659X,16,,fim_semana,0.197,0.0734,0.1338,0.92,0.92,normal,normal,alta,7,historico fim_semana,4.0
I21JC037659X,17,,fim_semana,0.02,0.0304,0.0262,-0.4,-0.4,normal,normal,alta,7,historico fim_semana,4.0
I21JC037659X,18,,fim_semana,0.04,0.0374,0.0306,0.08,0.08,normal,normal,alta,7,historico fim_semana,4.0
I21JC037659X,19,,fim_semana,0.014,0.0201,0.0156,-0.39,-0.39,normal,normal,alta,7,historico fim_semana,4.0
I21JC037659X,20,,fim_semana,0.022,0.0309,0.0289,-0.31,-0.31,normal,normal,alta,7,historico fim_semana,4.0
I21JC037659X,21,,fim_semana,0.19,0.0236,0.0178,9.37,9.37,desvio,acima,alta,7,historico fim_semana,4.0
I21JC037659X,22,,fim_semana,0.513,0.037,0.045,10.0,10.59,desvio,acima,alta,7,historico fim_semana,4.0
I21JC037659X,23,,fim_semana,0.498,0.0024,0.01,10.0,49.56,desvio,acima,alta,7,historico fim_semana,4.0
I21JC037660Q,0,,fim_semana,0.008,0.0105,0.0178,-0.14,-0.14,normal,normal,alta,8,historico fim_semana,4.0
I21JC037660Q,1,,fim_semana,0.0,0.006,0.01,-0.6,-0.6,normal,normal,alta,8,historico fim_semana,4.0
I21JC037660Q,2,,fim_semana,0.0,0.0065,0.01,-0.65,-0.65,normal,normal,alta,8,historico fim_semana,4.0
I21JC037660Q,3,,fim_semana,0.0,0.0009,0.01,-0.09,-0.09,normal,normal,alta,8,historico fim_semana,4.0
I21JC037660Q,4,,fim_semana,0.0,0.0013,0.01,-0.13,-0.13,normal,normal,alta,7,historico fim_semana,4.0
I21JC037660Q,5,,fim_semana,0.012,0.0104,0.015,0.1,0.1,normal,normal,alta,7,historico fim_semana,4.0
I21JC037660Q,6,,fim_semana,0.003,0.0367,0.0418,-0.81,-0.81,normal,normal,alta,7,historico fim_semana,4.0
I21JC037660Q,7,,fim_semana,0.094,0.049,0.0435,1.03,1.03,normal,normal,alta,7,historico fim_semana,4.0
I21JC037660Q,8,,fim_semana,0.019,0.0566,0.0845,-0.44,-0.44,normal,normal,alta,5,historico fim_semana,4.0
I21JC037660Q,9,,fim_semana,0.049,0.0321,0.0242,0.7,0.7,normal,normal,alta,8,historico fim_semana,4.0
I21JC037660Q,10,,fim_semana,0.046,0.0669,0.0315,-0.66,-0.66,normal,normal,alta,8,historico fim_semana,4.0
I21JC037660Q,11,,fim_semana,0.031,0.0562,0.0345,-0.73,-0.73,normal,normal,alta,8,historico fim_semana,4.0
I21JC037660Q,12,,fim_semana,0.045,0.0833,0.0942,-0.41,-0.41,normal,normal,alta,7,historico fim_semana,4.0
I21JC037660Q,13,,fim_semana,0.091,0.0716,0.0455,0.43,0.43,normal,normal,alta,7,historico fim_semana,4.0
I21JC037660Q,14,,fim_semana,0.061,0.0627,0.0692,-0.02,-0.02,normal,normal,alta,7,historico fim_semana,4.0
I21JC037660Q,15,,fim_semana,0.068,0.124,0.1826,-0.31,-0.31,normal,normal,alta,7,historico fim_semana,4.0
I21JC037660Q,16,,fim_semana,0.043,0.0828,0.0748,-0.53,-0.53,normal,normal,alta,6,historico fim_semana,4.0
I21JC037660Q,17,,fim_semana,0.067,0.0575,0.0199,0.48,0.48,normal,normal,alta,6,historico fim_semana,4.0
I21JC037660Q,18,,fim_semana,0.023,0.0895,0.0693,-0.96,-0.96,normal,normal,alta,6,historico fim_semana,4.0
I21JC037660Q,19,,fim_semana,0.096,0.1333,0.0981,-0.38,-0.38,normal,normal,alta,6,historico fim_semana,4.0
I21JC037660Q,20,,fim_semana,0.148,0.1078,0.1254,0.32,0.32,normal,normal,alta,6,historico fim_semana,4.0
I21JC037660Q,21,,fim_semana,0.165,0.1559,0.1956,0.05,0.05,normal,normal,alta,7,historico fim_semana,4.0
I21JC037660Q,22,,fim_semana,0.089,0.0357,0.0216,2.46,2.46,normal,normal,alta,7,historico fim_semana,4.0
I21JC037660Q,23,,fim_semana,0.009,0.0167,0.0207,-0.37,-0.37,normal,normal,alta,7,historico fim_semana,4.0
I21JC037663T,0,,fim_semana,0.301,0.2789,0.0697,0.32,0.32,normal,normal,alta,8,historico fim_semana,4.0
I21JC037663T,1,,fim_semana,0.246,0.2087,0.0522,0.71,0.71,normal,normal,alta,8,historico fim_semana,4.0
I21JC037663T,2,,fim_semana,0.2,0.1673,0.0418,0.78,0.78,normal,normal,alta,8,historico fim_semana,4.0
I21JC037663T,3,,fim_semana,0.18,0.145,0.0366,0.96,0.96,normal,normal,alta,8,historico fim_semana,4.0
I21JC037663T,4,,fim_semana,0.168,0.1253,0.0313,1.37,1.37,normal,normal,alta,8,historico fim_semana,4.0
I21JC037663T,5,,fim_semana,0.172,0.1206,0.0302,1.7,1.7,normal,normal,alta,8,historico fim_semana,4.0
I21JC037663T,6,,fim_semana,0.186,0.132,0.033,1.64,1.64,normal,normal,alta,8,historico fim_semana,4.0
I21JC037663T,7,,fim_semana,0.305,0.2354,0.0784,0.89,0.89,normal,normal,alta,8,historico fim_semana,4.0
I21JC037663T,8,,fim_semana,0.334,0.376,0.094,-0.45,-0.45,normal,normal,alta,8,historico fim_semana,4.0
I21JC037663T,9,,fim_semana,0.476,0.5209,0.1302,-0.34,-0.34,normal,normal,alta,8,historico fim_semana,4.0
I21JC037663T,10,,fim_semana,0.476,0.638,0.1595,-1.02,-1.02,normal,normal,alta,8,historico fim_semana,4.0
I21JC037663T,11,,fim_semana,0.661,0.7685,0.1921,-0.56,-0.56,normal,normal,alta,8,historico fim_semana,4.0
I21JC037663T,12,,fim_semana,0.652,0.6645,0.1661,-0.08,-0.08,normal,normal,alta,8,historico fim_semana,4.0
I21JC037663T,13,,fim_semana,0.668,0.7363,0.1841,-0.37,-0.37,normal,normal,alta,8,historico fim_semana,4.0
I21JC037663T,14,,fim_semana,0.568,0.663,0.1658,-0.57,-0.57,normal,normal,alta,8,historico fim_semana,4.0
I21JC037663T,15,,fim_semana,0.391,0.5464,0.2625,-0.59,-0.59,normal,normal,alta,8,historico fim_semana,4.0
I21JC037663T,16,,fim_semana,0.529,0.5131,0.1877,0.08,0.08,normal,normal,alta,8,historico fim_semana,4.0
I21JC037663T,17,,fim_semana,0.442,0.4814,0.1803,-0.22,-0.22,normal,normal,alta,8,historico fim_semana,4.0
I21JC037663T,18,,fim_semana,0.611,0.5114,0.1278,0.78,0.78,normal,normal,alta,8,historico fim_semana,4.0
I21JC037663T,19,,fim_semana,0.561,0.673,0.1683,-0.67,-0.67,normal,normal,alta,8,historico fim_semana,4.0
I21JC037663T,20,,fim_semana,0.715,0.6723,0.1681,0.25,0.25,normal,normal,alta,8,historico fim_semana,4.0
I21JC037663T,21,,fim_semana,0.737,0.5436,0.1359,1.42,1.42,normal,normal,alta,8,historico fim_semana,4.0
I21JC037663T,22,,fim_semana,0.874,0.3899,0.0975,4.97,4.97,desvio,acima,alta,8,historico fim_semana,4.0
I21JC037663T,23,,fim_semana,0.833,0.3247,0.0888,5.73,5.73,desvio,acima,alta,8,historico fim_semana,4.0
I21JC043488L,0,,fim_semana,0.005,0.02,0.0207,-0.73,-0.73,normal,normal,alta,8,historico fim_semana,4.0
I21JC043488L,1,,fim_semana,0.0,0.0049,0.01,-0.49,-0.49,normal,normal,alta,8,historico fim_semana,4.0
I21JC043488L,6,,fim_semana,0.023,0.0118,0.0231,0.49,0.49,normal,normal,alta,8,historico fim_semana,4.0
I21JC043488L,7,,fim_semana,0.001,0.0146,0.016,-0.85,-0.85,normal,normal,alta,8,historico fim_semana,4.0
I21JC043488L,8,,fim_semana,0.073,0.0245,0.0176,2.76,2.76,normal,normal,alta,8,historico fim_semana,4.0
I21JC043488L,9,,fim_semana,0.034,0.0558,0.0329,-0.66,-0.66,normal,normal,alta,8,historico fim_semana,4.0
I21JC043488L,10,,fim_semana,0.132,0.1716,0.0541,-0.73,-0.73,normal,normal,alta,5,historico fim_semana,4.0
I21JC043488L,11,,fim_semana,0.038,0.1146,0.0687,-1.11,-1.11,normal,normal,alta,7,historico fim_semana,4.0
I21JC043488L,12,,fim_semana,0.11,0.1359,0.0773,-0.33,-0.33,normal,normal,alta,7,historico fim_semana,4.0
I21JC043488L,13,,fim_semana,0.185,0.1583,0.0828,0.32,0.32,normal,normal,alta,7,historico fim_semana,4.0
I21JC043488L,14,,fim_semana,0.022,0.1132,0.1113,-0.82,-0.82,normal,normal,alta,6,historico fim_semana,4.0
I21JC043488L,15,,fim_semana,0.192,0.0725,0.0618,1.93,1.93,normal,normal,alta,6,historico fim_semana,4.0
I21JC043488L,16,,fim_semana,0.154,0.1062,0.0362,1.32,1.32,normal,normal,alta,6,historico fim_semana,4.0
I21JC043488L,17,,fim_semana,0.308,0.0968,0.0657,3.22,3.22,normal,normal,alta,6,historico fim_semana,4.0
I21JC043488L,18,,fim_semana,0.061,0.2843,0.306,-0.73,-0.73,normal,normal,alta,7,historico fim_semana,4.0
I21JC043488L,19,,fim_semana,0.017,0.1553,0.0678,-2.04,-2.04,normal,normal,alta,7,historico fim_semana,4.0
I21JC043488L,20,,fim_semana,0.071,0.1963,0.1091,-1.15,-1.15,normal,normal,alta,7,historico fim_semana,4.0
I21JC043488L,21,,fim_semana,0.149,0.059,0.0204,4.41,4.41,desvio,acima,alta,7,historico fim_semana,4.0
I21JC043488L,23,,fim_semana,0.011,0.0659,0.0391,-1.4,-1.4,normal,normal,alta,8,historico fim_semana,4.0
I21JC043489M,0,,fim_semana,0.011,0.009,0.01,0.2,0.2,normal,normal,alta,7,historico fim_semana,4.0
I21JC043489M,1,,fim_semana,0.001,0.0159,0.0282,-0.53,-0.53,normal,normal,alta,7,historico fim_semana,4.0
I21JC043489M,2,,fim_semana,0.0,0.016,0.0282,-0.57,-0.57,normal,normal,alta,7,historico fim_semana,4.0
I21JC043489M,3,,fim_semana,0.021,0.0084,0.0104,1.22,1.22,normal,normal,alta,8,historico fim_semana,4.0
I21JC043489M,4,,fim_semana,0.001,0.0076,0.01,-0.66,-0.66,normal,normal,alta,8,historico fim_semana,4.0
I21JC043489M,5,,fim_semana,0.01,0.009,0.01,0.1,0.1,normal,normal,alta,8,historico fim_semana,4.0
I21JC043489M,6,,fim_semana,0.0,0.0227,0.0192,-1.19,-1.19,normal,normal,alta,8,historico fim_semana,4.0
I21JC043489M,11,,fim_semana,0.311,0.1084,0.0352,5.76,5.76,desvio,acima,alta,7,historico fim_semana,4.0
I21JC043489M,12,,fim_semana,0.034,0.0831,0.0208,-2.36,-2.36,normal,normal,alta,7,historico fim_semana,4.0
I21JC043489M,13,,fim_semana,0.072,0.0711,0.0291,0.03,0.03,normal,normal,alta,7,historico fim_semana,4.0
I21JC043489M,14,,fim_semana,0.011,0.0406,0.0324,-0.91,-0.91,normal,normal,alta,7,historico fim_semana,4.0
I21JC043489M,15,,fim_semana,0.035,0.0724,0.1009,-0.37,-0.37,normal,normal,alta,7,historico fim_semana,4.0
I21JC043489M,16,,fim_semana,0.003,0.0153,0.0113,-1.09,-1.09,normal,normal,alta,7,historico fim_semana,4.0
I21JC043489M,17,,fim_semana,0.016,0.011,0.0132,0.38,0.38,normal,normal,alta,7,historico fim_semana,4.0
I21JC043489M,18,,fim_semana,0.036,0.0231,0.0166,0.77,0.77,normal,normal,alta,7,historico fim_semana,4.0
I21JC043489M,19,,fim_semana,0.028,0.0696,0.0582,-0.71,-0.71,normal,normal,alta,8,historico fim_semana,4.0
I21JC043489M,20,,fim_semana,0.035,0.0719,0.0335,-1.1,-1.1,normal,normal,alta,8,historico fim_semana,4.0
I21JC043489M,21,,fim_semana,0.011,0.0283,0.0296,-0.58,-0.58,normal,normal,alta,8,historico fim_semana,4.0
I21JC043489M,22,,fim_semana,0.063,0.0245,0.0458,0.84,0.84,normal,normal,alta,8,historico fim_semana,4.0
I21JC043489M,23,,fim_semana,0.011,0.007,0.0115,0.35,0.35,normal,normal,alta,6,historico fim_semana,4.0
I21JC043490F,0,,fim_semana,0.009,0.023,0.0239,-0.58,-0.58,normal,normal,alta,8,historico fim_semana,4.0
I21JC043490F,1,,fim_semana,0.004,0.0125,0.0117,-0.73,-0.73,normal,normal,alta,8,historico fim_semana,4.0
I21JC043490F,2,,fim_semana,0.001,0.0147,0.0117,-1.17,-1.17,normal,normal,alta,8,historico fim_semana,4.0
I21JC043490F,3,,fim_semana,0.003,0.0066,0.01,-0.36,-0.36,normal,normal,alta,7,historico fim_semana,4.0
I21JC043490F,4,,fim_semana,0.013,0.0129,0.01,0.01,0.01,normal,normal,alta,7,historico fim_semana,4.0
I21JC043490F,5,,fim_semana,0.027,0.0326,0.0133,-0.42,-0.42,normal,normal,alta,7,historico fim_semana,4.0
I21JC043490F,6,,fim_semana,0.02,0.0774,0.0648,-0.89,-0.89,normal,normal,alta,7,historico fim_semana,4.0
I21JC043490F,7,,fim_semana,0.05,0.0594,0.0555,-0.17,-0.17,normal,normal,alta,7,historico fim_semana,4.0
I21JC043490F,8,,fim_semana,0.057,0.0644,0.0277,-0.27,-0.27,normal,normal,alta,7,historico fim_semana,4.0
I21JC043490F,9,,fim_semana,0.104,0.1257,0.0739,-0.29,-0.29,normal,normal,alta,7,historico fim_semana,4.0
I21JC043490F,10,,fim_semana,0.121,0.1277,0.035,-0.19,-0.19,normal,normal,alta,7,historico fim_semana,4.0
I21JC043490F,11,,fim_semana,0.21,0.1882,0.2666,0.08,0.08,normal,normal,alta,8,historico fim_semana,4.0
I21JC043490F,12,,fim_semana,0.058,0.0685,0.0316,-0.33,-0.33,normal,normal,alta,8,historico fim_semana,4.0
I21JC043490F,13,,fim_semana,0.14,0.1045,0.0637,0.56,0.56,normal,normal,alta,8,historico fim_semana,4.0
I21JC043490F,14,,fim_semana,0.012,0.0701,0.0504,-1.15,-1.15,normal,normal,alta,8,historico fim_semana,4.0
I21JC043490F,15,,fim_semana,0.047,0.0481,0.0488,-0.02,-0.02,normal,normal,alta,8,historico fim_semana,4.0
I21JC043490F,16,,fim_semana,0.082,0.0684,0.0596,0.23,0.23,normal,normal,alta,8,historico fim_semana,4.0
I21JC043490F,17,,fim_semana,0.073,0.055,0.0793,0.23,0.23,normal,normal,alta,8,historico fim_semana,4.0
I21JC043490F,18,,fim_semana,0.034,0.0283,0.019,0.3,0.3,normal,normal,alta,8,historico fim_semana,4.0
I21JC043490F,19,,fim_semana,0.09,0.0546,0.0515,0.69,0.69,normal,normal,alta,8,historico fim_semana,4.0
I21JC043490F,20,,fim_semana,0.204,0.0724,0.0335,3.93,3.93,normal,normal,alta,8,historico fim_semana,4.0
I21JC043490F,21,,fim_semana,0.045,0.039,0.0351,0.17,0.17,normal,normal,alta,8,historico fim_semana,4.0
I21JC043490F,22,,fim_semana,0.032,0.0232,0.0189,0.46,0.46,normal,normal,alta,8,historico fim_semana,4.0
I21JC043490F,23,,fim_semana,0.045,0.0439,0.0308,0.04,0.04,normal,normal,alta,8,historico fim_semana,4.0
I21JC043496L,0,,fim_semana,0.003,0.028,0.0699,-0.36,-0.36,normal,normal,alta,8,historico fim_semana,4.0
I21JC043496L,1,,fim_semana,0.004,0.0275,0.0705,-0.33,-0.33,normal,normal,alta,8,historico fim_semana,4.0
I21JC043496L,2,,fim_semana,0.001,0.0271,0.0719,-0.36,-0.36,normal,normal,alta,8,historico fim_semana,4.0
I21JC043496L,3,,fim_semana,0.002,0.0272,0.0718,-0.35,-0.35,normal,normal,alta,8,historico fim_semana,4.0
I21JC043496L,4,,fim_semana,0.002,0.0275,0.0725,-0.35,-0.35,normal,normal,alta,8,historico fim_semana,4.0
I21JC043496L,5,,fim_semana,0.001,0.0271,0.0723,-0.36,-0.36,normal,normal,alta,8,historico fim_semana,4.0
I21JC043496L,6,,fim_semana,0.003,0.0286,0.0729,-0.35,-0.35,normal,normal,alta,8,historico fim_semana,4.0
I21JC043496L,7,,fim_semana,0.003,0.0555,0.0835,-0.63,-0.63,normal,normal,alta,8,historico fim_semana,4.0
I21JC043496L,8,,fim_semana,0.003,0.0872,0.1,-0.84,-0.84,normal,normal,alta,8,historico fim_semana,4.0
I21JC043496L,9,,fim_semana,0.002,0.1156,0.0889,-1.28,-1.28,normal,normal,alta,8,historico fim_semana,4.0
I21JC043496L,10,,fim_semana,0.003,0.6557,0.6976,-0.94,-0.94,normal,normal,alta,8,historico fim_semana,4.0
I21JC043496L,11,,fim_semana,0.002,2.1814,2.5839,-0.84,-0.84,normal,normal,alta,8,historico fim_semana,4.0
I21JC043496L,12,,fim_semana,0.002,2.24,2.6517,-0.84,-0.84,normal,normal,alta,8,historico fim_semana,4.0
I21JC043496L,13,,fim_semana,0.003,1.1608,2.2296,-0.52,-0.52,normal,normal,alta,8,historico fim_semana,4.0
I21JC043496L,14,,fim_semana,0.002,1.3282,2.1835,-0.61,-0.61,normal,normal,alta,8,historico fim_semana,4.0
I21JC043496L,15,,fim_semana,0.004,1.6745,2.8446,-0.59,-0.59,normal,normal,alta,8,historico fim_semana,4.0
I21JC043496L,16,,fim_semana,0.003,1.1855,2.1349,-0.55,-0.55,normal,normal,alta,8,historico fim_semana,4.0
I21JC043496L,17,,fim_semana,0.002,0.2745,0.3299,-0.83,-0.83,normal,normal,alta,8,historico fim_semana,4.0
I21JC043496L,18,,fim_semana,0.003,0.0491,0.0817,-0.56,-0.56,normal,normal,alta,8,historico fim_semana,4.0
I21JC043496L,19,,fim_semana,0.002,0.0325,0.0685,-0.45,-0.45,normal,normal,alta,8,historico fim_semana,4.0
I21JC043496L,20,,fim_semana,0.004,0.0285,0.0689,-0.36,-0.36,normal,normal,alta,8,historico fim_semana,4.0
I21JC043496L,21,,fim_semana,0.003,0.0275,0.0697,-0.35,-0.35,normal,normal,alta,8,historico fim_semana,4.0
I21JC043496L,22,,fim_semana,0.003,0.0273,0.0694,-0.35,-0.35,normal,normal,alta,8,historico fim_semana,4.0
I21JC043496L,23,,fim_semana,0.003,0.0279,0.0696,-0.36,-0.36,normal,normal,alta,8,historico fim_semana,4.0
I21JE003864,0,,fim_semana,0.0,0.0,0.01,0.0,0.0,normal,normal,alta,8,historico fim_semana,4.0
I21JE003864,1,,fim_semana,0.0,0.0,0.01,0.0,0.0,normal,normal,alta,8,historico fim_semana,4.0
I21JE003864,2,,fim_semana,0.0,0.0,0.01,0.0,0.0,normal,normal,alta,8,historico fim_semana,4.0
I21JE003864,3,,fim_semana,0.0,0.0,0.01,0.0,0.0,normal,normal,alta,8,historico fim_semana,4.0
I21JE003864,4,,fim_semana,0.0,0.0,0.01,0.0,0.0,normal,normal,alta,8,historico fim_semana,4.0
I21JE003864,5,,fim_semana,0.0,0.0,0.01,0.0,0.0,normal,normal,alta,8,historico fim_semana,4.0
I21JE003864,6,,fim_semana,0.0,0.0,0.01,0.0,0.0,normal,normal,alta,8,historico fim_semana,4.0
I21JE003864,7,,fim_semana,0.0,0.0,0.01,0.0,0.0,normal,normal,alta,8,historico fim_semana,4.0
I21JE003864,8,,fim_semana,0.0,0.0,0.01,0.0,0.0,normal,normal,alta,8,historico fim_semana,4.0
I21JE003864,9,,fim_semana,0.0,0.0,0.01,0.0,0.0,normal,normal,alta,8,historico fim_semana,4.0
I21JE003864,10,,fim_semana,0.0,0.0,0.01,0.0,0.0,normal,normal,alta,8,historico fim_semana,4.0
I21JE003864,11,,fim_semana,0.0,0.0,0.01,0.0,0.0,normal,normal,alta,7,historico fim_semana,4.0
I21JE003864,12,,fim_semana,0.0,0.0,0.01,0.0,0.0,normal,normal,alta,8,historico fim_semana,4.0
I21JE003864,13,,fim_semana,0.0,0.0,0.01,0.0,0.0,normal,normal,alta,8,historico fim_semana,4.0
I21JE003864,14,,fim_semana,0.0,0.0,0.01,0.0,0.0,normal,normal,alta,8,historico fim_semana,4.0
I21JE003864,15,,fim_semana,0.0,0.0,0.01,0.0,0.0,normal,normal,alta,7,historico fim_semana,4.0
I21JE003864,16,,fim_semana,0.0,0.0,0.01,0.0,0.0,normal,normal,alta,8,historico fim_semana,4.0
I21JE003864,17,,fim_semana,0.0,0.0,0.01,0.0,0.0,normal,normal,alta,8,historico fim_semana,4.0
I21JE003864,18,,fim_semana,0.0,0.0,0.01,0.0,0.0,normal,normal,alta,8,historico fim_semana,4.0
I21JE003864,19,,fim_semana,0.0,0.0,0.01,0.0,0.0,normal,normal,alta,8,historico fim_semana,4.0
I21JE003864,20,,fim_semana,0.0,0.0,0.01,0.0,0.0,normal,normal,alta,8,historico fim_semana,4.0
I21JE003864,21,,fim_semana,0.0,0.0,0.01,0.0,0.0,normal,normal,alta,8,historico fim_semana,4.0
I21JE003864,22,,fim_semana,0.0,0.0,0.01,0.0,0.0,normal,normal,alta,8,historico fim_semana,4.0
I21JE003864,23,,fim_semana,0.0,0.0,0.01,0.0,0.0,normal,normal,alta,7,historico fim_semana,4.0
I21JE003865,0,,fim_semana,0.0,0.0,0.01,0.0,0.0,normal,normal,alta,8,historico fim_semana,4.0
I21JE003865,1,,fim_semana,0.0,0.0,0.01,0.0,0.0,normal,normal,alta,8,historico fim_semana,4.0
I21JE003865,2,,fim_semana,0.0,0.0,0.01,0.0,0.0,normal,normal,alta,8,historico fim_semana,4.0
I21JE003865,3,,fim_semana,0.0,0.0,0.01,0.0,0.0,normal,normal,alta,8,historico fim_semana,4.0
I21JE003865,4,,fim_semana,0.0,0.0,0.01,0.0,0.0,normal,normal,alta,8,historico fim_semana,4.0
I21JE003865,5,,fim_semana,0.0,0.0,0.01,0.0,0.0,normal,normal,alta,8,historico fim_semana,4.0
I21JE003865,6,,fim_semana,0.0,0.0,0.01,0.0,0.0,normal,normal,alta,8,historico fim_semana,4.0
I21JE003865,7,,fim_semana,0.0,0.0,0.01,0.0,0.0,normal,normal,alta,8,historico fim_semana,4.0
I21JE003865,8,,fim_semana,0.0,0.0,0.01,0.0,0.0,normal,normal,alta,8,historico fim_semana,4.0
I21JE003865,9,,fim_semana,0.0,0.0,0.01,0.0,0.0,normal,normal,alta,7,historico fim_semana,4.0
I21JE003865,10,,fim_semana,0.0,0.0,0.01,0.0,0.0,normal,normal,alta,8,historico fim_semana,4.0
I21JE003865,11,,fim_semana,0.0,0.0,0.01,0.0,0.0,normal,normal,alta,8,historico fim_semana,4.0
I21JE003865,12,,fim_semana,0.0,0.0,0.01,0.0,0.0,normal,normal,alta,8,historico fim_semana,4.0
I21JE003865,13,,fim_semana,0.0,0.0,0.01,0.0,0.0,normal,normal,alta,8,historico fim_semana,4.0
I21JE003865,14,,fim_semana,0.0,0.0,0.01,0.0,0.0,normal,normal,alta,8,historico fim_semana,4.0
I21JE003865,15,,fim_semana,0.0,0.0,0.01,0.0,0.0,normal,normal,alta,8,historico fim_semana,4.0
I21JE003865,16,,fim_semana,0.0,0.0,0.01,0.0,0.0,normal,normal,alta,8,historico fim_semana,4.0
I21JE003865,17,,fim_semana,0.0,0.0,0.01,0.0,0.0,normal,normal,alta,7,historico fim_semana,4.0
I21JE003865,18,,fim_semana,0.0,0.0,0.01,0.0,0.0,normal,normal,alta,8,historico fim_semana,4.0
I21JE003865,19,,fim_semana,0.0,0.0,0.01,0.0,0.0,normal,normal,alta,8,historico fim_semana,4.0
I21JE003865,20,,fim_semana,0.0,0.0,0.01,0.0,0.0,normal,normal,alta,8,historico fim_semana,4.0
I21JE003865,21,,fim_semana,0.0,0.0,0.01,0.0,0.0,normal,normal,alta,8,historico fim_semana,4.0
I21JE003865,22,,fim_semana,0.0,0.0,0.01,0.0,0.0,normal,normal,alta,8,historico fim_semana,4.0
I21JE003865,23,,fim_semana,0.0,0.0,0.01,0.0,0.0,normal,normal,alta,8,historico fim_semana,4.0
I21JE043613M,0,,fim_semana,0.0,0.0,0.01,0.0,0.0,normal,normal,alta,8,historico fim_semana,4.0
I21JE043613M,1,,fim_semana,0.0,0.0,0.01,0.0,0.0,normal,normal,alta,8,historico fim_semana,4.0
I21JE043613M,2,,fim_semana,0.0,0.0,0.01,0.0,0.0,normal,normal,alta,8,historico fim_semana,4.0
I21JE043613M,3,,fim_semana,0.0,0.0,0.01,0.0,0.0,normal,normal,alta,7,historico fim_semana,4.0
I21JE043613M,4,,fim_semana,0.0,0.0,0.01,0.0,0.0,normal,normal,alta,8,historico fim_semana,4.0
I21JE043613M,5,,fim_semana,0.0,0.0,0.01,0.0,0.0,normal,normal,alta,8,historico fim_semana,4.0
I21JE043613M,6,,fim_semana,0.0,0.0,0.01,0.0,0.0,normal,normal,alta,8,historico fim_semana,4.0
I21JE043613M,7,,fim_semana,0.0,0.0,0.01,0.0,0.0,normal,normal,alta,8,historico fim_semana,4.0
I21JE043613M,8,,fim_semana,0.0,0.0,0.01,0.0,0.0,normal,normal,alta,8,historico fim_semana,4.0
I21JE043613M,9,,fim_semana,0.0,0.0,0.01,0.0,0.0,normal,normal,alta,8,historico fim_semana,4.0
I21JE043613M,10,,fim_semana,0.0,0.0,0.01,0.0,0.0,normal,normal,alta,8,historico fim_semana,4.0
I21JE043613M,11,,fim_semana,0.0,0.0,0.01,0.0,0.0,normal,normal,alta,8,historico fim_semana,4.0
I21JE043613M,12,,fim_semana,0.0,0.0,0.01,0.0,0.0,normal,normal,alta,8,historico fim_semana,4.0
I21JE043613M,13,,fim_semana,0.0,0.0,0.01,0.0,0.0,normal,normal,alta,8,historico fim_semana,4.0
I21JE043613M,14,,fim_semana,0.0,0.0,0.01,0.0,0.0,normal,normal,alta,8,historico fim_semana,4.0
I21JE043613M,15,,fim_semana,0.0,0.0,0.01,0.0,0.0,normal,normal,alta,7,historico fim_semana,4.0
I21JE043613M,16,,fim_semana,0.0,0.0,0.01,0.0,0.0,normal,normal,alta,8,historico fim_semana,4.0
I21JE043613M,17,,fim_semana,0.0,0.0,0.01,0.0,0.0,normal,normal,alta,8,historico fim_semana,4.0
I21JE043613M,18,,fim_semana,0.0,0.0,0.01,0.0,0.0,normal,normal,alta,8,historico fim_semana,4.0
I21JE043613M,19,,fim_semana,0.0,0.0,0.01,0.0,0.0,normal,normal,alta,8,historico fim_semana,4.0
I21JE043613M,20,,fim_semana,0.0,0.0,0.01,0.0,0.0,normal,normal,alta,8,historico fim_semana,4.0
I21JE043613M,21,,fim_semana,0.0,0.0,0.01,0.0,0.0,normal,normal,alta,8,historico fim_semana,4.0
I21JE043613M,22,,fim_semana,0.0,0.0,0.01,0.0,0.0,normal,normal,alta,8,historico fim_semana,4.0
I21JE043613M,23,,fim_semana,0.0,0.0,0.01,0.0,0.0,normal,normal,alta,8,historico fim_semana,4.0
I21JE043617Q,0,,fim_semana,0.0,0.0,0.01,0.0,0.0,normal,normal,alta,8,historico fim_semana,4.0
I21JE043617Q,1,,fim_semana,0.0,0.0,0.01,0.0,0.0,normal,normal,alta,8,historico fim_semana,4.0
I21JE043617Q,2,,fim_semana,0.0,0.0,0.01,0.0,0.0,normal,normal,alta,8,historico fim_semana,4.0
I21JE043617Q,3,,fim_semana,0.0,0.0,0.01,0.0,0.0,normal,normal,alta,8,historico fim_semana,4.0
I21JE043617Q,4,,fim_semana,0.0,0.0,0.01,0.0,0.0,normal,normal,alta,8,historico fim_semana,4.0
I21JE043617Q,5,,fim_semana,0.0,0.0,0.01,0.0,0.0,normal,normal,alta,8,historico fim_semana,4.0
I21JE043617Q,6,,fim_semana,0.0,0.0,0.01,0.0,0.0,normal,normal,alta,8,historico fim_semana,4.0
I21JE043617Q,7,,fim_semana,0.0,0.0,0.01,0.0,0.0,normal,normal,alta,8,historico fim_semana,4.0
I21JE043617Q,8,,fim_semana,0.0,0.0,0.01,0.0,0.0,normal,normal,alta,8,historico fim_semana,4.0
I21JE043617Q,9,,fim_semana,0.0,0.0,0.01,0.0,0.0,normal,normal,alta,8,historico fim_semana,4.0
I21JE043617Q,10,,fim_semana,0.0,0.0,0.01,0.0,0.0,normal,normal,alta,8,historico fim_semana,4.0
I21JE043617Q,11,,fim_semana,0.0,0.0,0.01,0.0,0.0,normal,normal,alta,8,historico fim_semana,4.0
I21JE043617Q,12,,fim_semana,0.0,0.0,0.01,0.0,0.0,normal,normal,alta,8,historico fim_semana,4.0
I21JE043617Q,13,,fim_semana,0.0,0.0,0.01,0.0,0.0,normal,normal,alta,8,historico fim_semana,4.0
I21JE043617Q,14,,fim_semana,0.0,0.0,0.01,0.0,0.0,normal,normal,alta,8,historico fim_semana,4.0
I21JE043617Q,15,,fim_semana,0.0,0.0,0.01,0.0,0.0,normal,normal,alta,8,historico fim_semana,4.0
I21JE043617Q,16,,fim_semana,0.0,0.0,0.01,0.0,0.0,normal,normal,alta,8,historico fim_semana,4.0
I21JE043617Q,17,,fim_semana,0.0,0.0,0.01,0.0,0.0,normal,normal,alta,8,historico fim_semana,4.0
I21JE043617Q,18,,fim_semana,0.0,0.0,0.01,0.0,0.0,normal,normal,alta,8,historico fim_semana,4.0
I21JE043617Q,19,,fim_semana,0.0,0.0,0.01,0.0,0.0,normal,normal,alta,8,historico fim_semana,4.0
I21JE043617Q,20,,fim_semana,0.0,0.0,0.01,0.0,0.0,normal,normal,alta,8,historico fim_semana,4.0
I21JE043617Q,21,,fim_semana,0.0,0.0,0.01,0.0,0.0,normal,normal,alta,8,historico fim_semana,4.0
I21JE043617Q,22,,fim_semana,0.0,0.0,0.01,0.0,0.0,normal,normal,alta,8,historico fim_semana,4.0
I21JE043617Q,23,,fim_semana,0.0,0.0,0.01,0.0,0.0,normal,normal,alta,8,historico fim_semana,4.0
I21JE074440C,0,,fim_semana,0.0,0.0,0.01,0.0,0.0,normal,normal,alta,7,historico fim_semana,4.0
I21JE074440C,1,,fim_semana,0.0,0.0,0.01,0.0,0.0,normal,normal,alta,8,historico fim_semana,4.0
I21JE074440C,2,,fim_semana,0.0,0.0,0.01,0.0,0.0,normal,normal,alta,8,historico fim_semana,4.0
I21JE074440C,3,,fim_semana,0.0,0.0,0.01,0.0,0.0,normal,normal,alta,8,historico fim_semana,4.0
I21JE074440C,4,,fim_semana,0.0,0.0,0.01,0.0,0.0,normal,normal,alta,8,historico fim_semana,4.0
I21JE074440C,5,,fim_semana,0.0,0.0,0.01,0.0,0.0,normal,normal,alta,8,historico fim_semana,4.0
I21JE074440C,6,,fim_semana,0.0,0.0,0.01,0.0,0.0,normal,normal,alta,8,historico fim_semana,4.0
I21JE074440C,7,,fim_semana,0.0,0.0,0.01,0.0,0.0,normal,normal,alta,8,historico fim_semana,4.0
I21JE074440C,8,,fim_semana,0.0,0.0,0.01,0.0,0.0,normal,normal,alta,8,historico fim_semana,4.0
I21JE074440C,9,,fim_semana,0.0,0.0,0.01,0.0,0.0,normal,normal,alta,8,historico fim_semana,4.0
I21JE074440C,10,,fim_semana,0.0,0.0,0.01,0.0,0.0,normal,normal,alta,8,historico fim_semana,4.0
I21JE074440C,11,,fim_semana,0.0,0.0,0.01,0.0,0.0,normal,normal,alta,8,historico fim_semana,4.0
I21JE074440C,12,,fim_semana,0.0,0.0,0.01,0.0,0.0,normal,normal,alta,8,historico fim_semana,4.0
I21JE074440C,13,,fim_semana,0.0,0.0,0.01,0.0,0.0,normal,normal,alta,8,historico fim_semana,4.0
I21JE074440C,14,,fim_semana,0.0,0.0,0.01,0.0,0.0,normal,normal,alta,8,historico fim_semana,4.0
I21JE074440C,15,,fim_semana,0.0,0.0,0.01,0.0,0.0,normal,normal,alta,8,historico fim_semana,4.0
I21JE074440C,16,,fim_semana,0.0,0.0,0.01,0.0,0.0,normal,normal,alta,8,historico fim_semana,4.0
I21JE074440C,17,,fim_semana,0.0,0.0,0.01,0.0,0.0,normal,normal,alta,8,historico fim_semana,4.0
I21JE074440C,18,,fim_semana,0.0,0.0,0.01,0.0,0.0,normal,normal,alta,8,historico fim_semana,4.0
I21JE074440C,19,,fim_semana,0.0,0.0,0.01,0.0,0.0,normal,normal,alta,8,historico fim_semana,4.0
I21JE074440C,20,,fim_semana,0.0,0.0,0.01,0.0,0.0,normal,normal,alta,8,historico fim_semana,4.0
I21JE074440C,21,,fim_semana,0.0,0.0,0.01,0.0,0.0,normal,normal,alta,7,historico fim_semana,4.0
I21JE074440C,22,,fim_semana,0.0,0.0,0.01,0.0,0.0,normal,normal,alta,7,historico fim_semana,4.0
I21JE074440C,23,,fim_semana,0.0,0.0,0.01,0.0,0.0,normal,normal,alta,7,historico fim_semana,4.0
I21JE074442E,0,,fim_semana,0.0,0.0,0.01,0.0,0.0,normal,normal,alta,8,historico fim_semana,4.0
I21JE074442E,1,,fim_semana,0.0,0.0,0.01,0.0,0.0,normal,normal,alta,8,historico fim_semana,4.0
I21JE074442E,2,,fim_semana,0.0,0.0,0.01,0.0,0.0,normal,normal,alta,8,historico fim_semana,4.0
I21JE074442E,3,,fim_semana,0.0,0.0,0.01,0.0,0.0,normal,normal,alta,8,historico fim_semana,4.0
I21JE074442E,4,,fim_semana,0.0,0.0,0.01,0.0,0.0,normal,normal,alta,8,historico fim_semana,4.0
I21JE074442E,5,,fim_semana,0.0,0.0,0.01,0.0,0.0,normal,normal,alta,8,historico fim_semana,4.0
I21JE074442E,6,,fim_semana,0.0,0.0,0.01,0.0,0.0,normal,normal,alta,8,historico fim_semana,4.0
I21JE074442E,7,,fim_semana,0.0,0.0,0.01,0.0,0.0,normal,normal,alta,8,historico fim_semana,4.0
I21JE074442E,8,,fim_semana,0.0,0.0,0.01,0.0,0.0,normal,normal,alta,8,historico fim_semana,4.0
I21JE074442E,10,,fim_semana,0.0,0.0,0.01,0.0,0.0,normal,normal,alta,8,historico fim_semana,4.0
I21JE074442E,11,,fim_semana,0.0,0.0,0.01,0.0,0.0,normal,normal,alta,8,historico fim_semana,4.0
I21JE074442E,12,,fim_semana,0.0,0.0,0.01,0.0,0.0,normal,normal,alta,8,historico fim_semana,4.0
I21JE074442E,13,,fim_semana,0.0,0.0,0.01,0.0,0.0,normal,normal,alta,8,historico fim_semana,4.0
I21JE074442E,14,,fim_semana,0.0,0.0,0.01,0.0,0.0,normal,normal,alta,8,historico fim_semana,4.0
I21JE074442E,15,,fim_semana,0.0,0.0,0.01,0.0,0.0,normal,normal,alta,8,historico fim_semana,4.0
I21JE074442E,16,,fim_semana,0.0,0.0,0.01,0.0,0.0,normal,normal,alta,8,historico fim_semana,4.0
I21JE074442E,17,,fim_semana,0.0,0.0,0.01,0.0,0.0,normal,normal,alta,8,historico fim_semana,4.0
I21JE074442E,18,,fim_semana,0.0,0.0,0.01,0.0,0.0,normal,normal,alta,8,historico fim_semana,4.0
I21JE074442E,19,,fim_semana,0.0,0.0,0.01,0.0,0.0,normal,normal,alta,8,historico fim_semana,4.0
I21JE074442E,20,,fim_semana,0.0,0.0,0.01,0.0,0.0,normal,normal,alta,8,historico fim_semana,4.0
I21JE074442E,21,,fim_semana,0.0,0.0,0.01,0.0,0.0,normal,normal,alta,8,historico fim_semana,4.0
I21JE074442E,22,,fim_semana,0.0,0.0,0.01,0.0,0.0,normal,normal,alta,8,historico fim_semana,4.0
I21JE074442E,23,,fim_semana,0.0,0.0,0.01,0.0,0.0,normal,normal,alta,8,historico fim_semana,4.0
I21JE074443F,4,,fim_semana,0.0,0.0,0.01,0.0,0.0,normal,normal,alta,7,historico fim_semana,4.0
I21JE074443F,5,,fim_semana,0.0,0.0,0.01,0.0,0.0,normal,normal,alta,7,historico fim_semana,4.0
I21JE074443F,6,,fim_semana,0.0,0.0,0.01,0.0,0.0,normal,normal,alta,7,historico fim_semana,4.0
I21JE074443F,7,,fim_semana,0.0,0.0,0.01,0.0,0.0,normal,normal,alta,7,historico fim_semana,4.0
I21JE074443F,12,,fim_semana,0.0,0.0,0.01,0.0,0.0,normal,normal,alta,8,historico fim_semana,4.0
I21JE074443F,13,,fim_semana,0.0,0.0,0.01,0.0,0.0,normal,normal,alta,8,historico fim_semana,4.0
I21JE074443F,14,,fim_semana,0.0,0.0,0.01,0.0,0.0,normal,normal,alta,8,historico fim_semana,4.0
I21JE074443F,15,,fim_semana,0.0,0.0,0.01,0.0,0.0,normal,normal,alta,8,historico fim_semana,4.0
I21JE074443F,16,,fim_semana,0.0,0.0,0.01,0.0,0.0,normal,normal,alta,7,historico fim_semana,4.0
I21JE074443F,17,,fim_semana,0.0,0.0,0.01,0.0,0.0,normal,normal,alta,7,historico fim_semana,4.0
I21JE074443F,18,,fim_semana,0.0,0.0,0.01,0.0,0.0,normal,normal,alta,7,historico fim_semana,4.0
I21JE074443F,19,,fim_semana,0.0,0.0,0.01,0.0,0.0,normal,normal,alta,7,historico fim_semana,4.0
I21LA091899,0,,fim_semana,0.0,0.0,0.01,0.0,0.0,normal,normal,alta,8,historico fim_semana,4.0
I21LA091899,1,,fim_semana,0.0,0.0,0.01,0.0,0.0,normal,normal,alta,8,historico fim_semana,4.0
I21LA091899,2,,fim_semana,0.0,0.0,0.01,0.0,0.0,normal,normal,alta,8,historico fim_semana,4.0
I21LA091899,3,,fim_semana,0.0,0.0,0.01,0.0,0.0,normal,normal,alta,8,historico fim_semana,4.0
I21LA091899,4,,fim_semana,0.0,0.0,0.01,0.0,0.0,normal,normal,alta,8,historico fim_semana,4.0
I21LA091899,5,,fim_semana,0.0,0.0,0.01,0.0,0.0,normal,normal,alta,8,historico fim_semana,4.0
I21LA091899,6,,fim_semana,0.0,0.0,0.01,0.0,0.0,normal,normal,alta,8,historico fim_semana,4.0
I21LA091899,7,,fim_semana,0.0,0.0,0.01,0.0,0.0,normal,normal,alta,8,historico fim_semana,4.0
I21LA091899,8,,fim_semana,0.0,0.0,0.01,0.0,0.0,normal,normal,alta,8,historico fim_semana,4.0
I21LA091899,9,,fim_semana,0.0,0.0,0.01,0.0,0.0,normal,normal,alta,8,historico fim_semana,4.0
I21LA091899,10,,fim_semana,0.0,0.0,0.01,0.0,0.0,normal,normal,alta,8,historico fim_semana,4.0
I21LA091899,11,,fim_semana,0.0,0.0,0.01,0.0,0.0,normal,normal,alta,8,historico fim_semana,4.0
I21LA091899,12,,fim_semana,0.0,0.0,0.01,0.0,0.0,normal,normal,alta,8,historico fim_semana,4.0
I21LA091899,13,,fim_semana,0.0,0.0,0.01,0.0,0.0,normal,normal,alta,8,historico fim_semana,4.0
I21LA091899,14,,fim_semana,0.0,0.0,0.01,0.0,0.0,normal,normal,alta,8,historico fim_semana,4.0
I21LA091899,15,,fim_semana,0.0,0.0,0.01,0.0,0.0,normal,normal,alta,8,historico fim_semana,4.0
I21LA091899,16,,fim_semana,0.0,0.0,0.01,0.0,0.0,normal,normal,alta,8,historico fim_semana,4.0
I21LA091899,17,,fim_semana,0.0,0.0,0.01,0.0,0.0,normal,normal,alta,8,historico fim_semana,4.0
I21LA091899,18,,fim_semana,0.0,0.0,0.01,0.0,0.0,normal,normal,alta,8,historico fim_semana,4.0
I21LA091899,19,,fim_semana,0.0,0.0,0.01,0.0,0.0,normal,normal,alta,8,historico fim_semana,4.0
I21LA091899,20,,fim_semana,0.0,0.0,0.01,0.0,0.0,normal,normal,alta,8,historico fim_semana,4.0
I21LA091899,21,,fim_semana,0.0,0.0,0.01,0.0,0.0,normal,normal,alta,6,historico fim_semana,4.0
I21LA091899,22,,fim_semana,0.0,0.0,0.01,0.0,0.0,normal,normal,alta,8,historico fim_semana,4.0
I21LA091899,23,,fim_semana,0.0,0.0,0.01,0.0,0.0,normal,normal,alta,8,historico fim_semana,4.0
I21LA148189,0,,fim_semana,0.0,0.0,0.01,0.0,0.0,normal,normal,alta,6,historico fim_semana,4.0
I21LA148189,1,,fim_semana,0.0,0.0,0.01,0.0,0.0,normal,normal,alta,6,historico fim_semana,4.0
I21LA148189,2,,fim_semana,0.0,0.0,0.01,0.0,0.0,normal,normal,alta,7,historico fim_semana,4.0
I21LA148189,3,,fim_semana,0.0,0.0,0.01,0.0,0.0,normal,normal,alta,7,historico fim_semana,4.0
I21LA148189,4,,fim_semana,0.0,0.0,0.01,0.0,0.0,normal,normal,alta,7,historico fim_semana,4.0
I21LA148189,5,,fim_semana,0.0,0.0,0.01,0.0,0.0,normal,normal,alta,7,historico fim_semana,4.0
I21LA148189,6,,fim_semana,0.0,0.0,0.01,0.0,0.0,normal,normal,alta,5,historico fim_semana,4.0
I21LA148189,7,,fim_semana,0.0,0.0004,0.01,-0.04,-0.04,normal,normal,alta,5,historico fim_semana,4.0
I21LA148189,8,,fim_semana,0.0,0.0006,0.01,-0.06,-0.06,normal,normal,alta,5,historico fim_semana,4.0
I21LA148189,9,,fim_semana,0.0,0.0008,0.01,-0.08,-0.08,normal,normal,alta,5,historico fim_semana,4.0
I21LA148189,14,,fim_semana,0.0,0.0004,0.01,-0.04,-0.04,normal,normal,alta,7,historico fim_semana,4.0
I21LA148189,15,,fim_semana,0.0,0.0016,0.01,-0.16,-0.16,normal,normal,alta,7,historico fim_semana,4.0
I21LA148189,16,,fim_semana,0.0,0.0016,0.01,-0.16,-0.16,normal,normal,alta,7,historico fim_semana,4.0
I21LA148189,17,,fim_semana,0.0,0.002,0.01,-0.2,-0.2,normal,normal,alta,7,historico fim_semana,4.0
I21LA148189,18,,fim_semana,0.0,0.0023,0.01,-0.23,-0.23,normal,normal,alta,6,historico fim_semana,4.0
I21LA148189,19,,fim_semana,0.0,0.0025,0.01,-0.25,-0.25,normal,normal,alta,6,historico fim_semana,4.0
I21LA148189,20,,fim_semana,0.0,0.0007,0.01,-0.07,-0.07,normal,normal,alta,6,historico fim_semana,4.0
I21LA148189,21,,fim_semana,0.0,0.0003,0.01,-0.03,-0.03,normal,normal,alta,6,historico fim_semana,4.0
I21LA152238,0,,fim_semana,0.0,0.0,0.01,0.0,0.0,normal,normal,alta,8,historico fim_semana,4.0
I21LA152238,1,,fim_semana,0.0,0.0,0.01,0.0,0.0,normal,normal,alta,6,historico fim_semana,4.0
I21LA152238,2,,fim_semana,0.0,0.0,0.01,0.0,0.0,normal,normal,alta,8,historico fim_semana,4.0
I21LA152238,3,,fim_semana,0.0,0.0,0.01,0.0,0.0,normal,normal,alta,8,historico fim_semana,4.0
I21LA152238,4,,fim_semana,0.0,0.0,0.01,0.0,0.0,normal,normal,alta,8,historico fim_semana,4.0
I21LA152238,5,,fim_semana,0.0,0.0,0.01,0.0,0.0,normal,normal,alta,7,historico fim_semana,4.0
I21LA152238,6,,fim_semana,0.0,0.0,0.01,0.0,0.0,normal,normal,alta,8,historico fim_semana,4.0
I21LA152238,7,,fim_semana,0.0,0.0,0.01,0.0,0.0,normal,normal,alta,8,historico fim_semana,4.0
I21LA152238,8,,fim_semana,0.0,0.0,0.01,0.0,0.0,normal,normal,alta,8,historico fim_semana,4.0
I21LA152238,9,,fim_semana,0.0,0.0,0.01,0.0,0.0,normal,normal,alta,8,historico fim_semana,4.0
I21LA152238,10,,fim_semana,0.0,0.0,0.01,0.0,0.0,normal,normal,alta,8,historico fim_semana,4.0
I21LA152238,11,,fim_semana,0.0,0.0,0.01,0.0,0.0,normal,normal,alta,8,historico fim_semana,4.0
I21LA152238,12,,fim_semana,0.0,0.0,0.01,0.0,0.0,normal,normal,alta,8,historico fim_semana,4.0
I21LA152238,13,,fim_semana,0.0,0.0,0.01,0.0,0.0,normal,normal,alta,7,historico fim_semana,4.0
I21LA152238,14,,fim_semana,0.0,0.0,0.01,0.0,0.0,normal,normal,alta,8,historico fim_semana,4.0
I21LA152238,15,,fim_semana,0.0,0.0,0.01,0.0,0.0,normal,normal,alta,8,historico fim_semana,4.0
I21LA152238,16,,fim_semana,0.0,0.0,0.01,0.0,0.0,normal,normal,alta,8,historico fim_semana,4.0
I21LA152238,17,,fim_semana,0.0,0.0,0.01,0.0,0.0,normal,normal,alta,7,historico fim_semana,4.0
I21LA152238,18,,fim_semana,0.0,0.0,0.01,0.0,0.0,normal,normal,alta,8,historico fim_semana,4.0
I21LA152238,19,,fim_semana,0.0,0.0,0.01,0.0,0.0,normal,normal,alta,8,historico fim_semana,4.0
I21LA152238,20,,fim_semana,0.0,0.0,0.01,0.0,0.0,normal,normal,alta,8,historico fim_semana,4.0
I21LA152238,21,,fim_semana,0.0,0.0,0.01,0.0,0.0,normal,normal,alta,8,historico fim_semana,4.0
I21LA152238,22,,fim_semana,0.0,0.0014,0.01,-0.14,-0.14,normal,normal,alta,8,historico fim_semana,4.0
I21LA152238,23,,fim_semana,0.0,0.0,0.01,0.0,0.0,normal,normal,alta,8,historico fim_semana,4.0
I21LA152381,0,,fim_semana,0.001,0.001,0.01,0.0,0.0,normal,normal,alta,8,historico fim_semana,4.0
I21LA152381,1,,fim_semana,0.0,0.0005,0.01,-0.05,-0.05,normal,normal,alta,8,historico fim_semana,4.0
I21LA152381,2,,fim_semana,0.0,0.0003,0.01,-0.03,-0.03,normal,normal,alta,8,historico fim_semana,4.0
I21LA152381,3,,fim_semana,0.0,0.0001,0.01,-0.01,-0.01,normal,normal,alta,8,historico fim_semana,4.0
I21LA152381,4,,fim_semana,0.0,0.0004,0.01,-0.04,-0.04,normal,normal,alta,8,historico fim_semana,4.0
I21LA152381,5,,fim_semana,0.001,0.0003,0.01,0.07,0.07,normal,normal,alta,8,historico fim_semana,4.0
I21LA152381,6,,fim_semana,0.0,0.0009,0.01,-0.09,-0.09,normal,normal,alta,8,historico fim_semana,4.0
I21LA152381,7,,fim_semana,0.001,0.0043,0.01,-0.33,-0.33,normal,normal,alta,8,historico fim_semana,4.0
I21LA152381,8,,fim_semana,0.0,0.0075,0.0139,-0.54,-0.54,normal,normal,alta,8,historico fim_semana,4.0
I21LA152381,9,,fim_semana,0.0,0.0077,0.0151,-0.51,-0.51,normal,normal,alta,8,historico fim_semana,4.0
I21LA152381,10,,fim_semana,0.001,0.0038,0.01,-0.28,-0.28,normal,normal,alta,8,historico fim_semana,4.0
I21LA152381,11,,fim_semana,0.0,0.0036,0.01,-0.36,-0.36,normal,normal,alta,8,historico fim_semana,4.0
I21LA152381,12,,fim_semana,0.001,0.0013,0.01,-0.03,-0.03,normal,normal,alta,8,historico fim_semana,4.0
I21LA152381,13,,fim_semana,0.002,0.0015,0.01,0.05,0.05,normal,normal,alta,8,historico fim_semana,4.0
I21LA152381,14,,fim_semana,0.001,0.0014,0.01,-0.04,-0.04,normal,normal,alta,8,historico fim_semana,4.0
I21LA152381,15,,fim_semana,0.001,0.0014,0.01,-0.04,-0.04,normal,normal,alta,8,historico fim_semana,4.0
I21LA152381,16,,fim_semana,0.001,0.001,0.01,0.0,0.0,normal,normal,alta,8,historico fim_semana,4.0
I21LA152381,17,,fim_semana,0.001,0.0011,0.01,-0.01,-0.01,normal,normal,alta,8,historico fim_semana,4.0
I21LA152381,18,,fim_semana,0.001,0.001,0.01,0.0,0.0,normal,normal,alta,8,historico fim_semana,4.0
I21LA152381,19,,fim_semana,0.0,0.0005,0.01,-0.05,-0.05,normal,normal,alta,8,historico fim_semana,4.0
I21LA152381,20,,fim_semana,0.001,0.0013,0.01,-0.03,-0.03,normal,normal,alta,8,historico fim_semana,4.0
I21LA152381,21,,fim_semana,0.001,0.0014,0.01,-0.04,-0.04,normal,normal,alta,8,historico fim_semana,4.0
I21LA152381,22,,fim_semana,0.001,0.0011,0.01,-0.01,-0.01,normal,normal,alta,8,historico fim_semana,4.0
I21LA152381,23,,fim_semana,0.001,0.001,0.01,0.0,0.0,normal,normal,alta,8,historico fim_semana,4.0
I21LA162615,0,,fim_semana,0.0,0.0,0.01,0.0,0.0,normal,normal,alta,8,historico fim_semana,4.0
I21LA162615,1,,fim_semana,0.0,0.0,0.01,0.0,0.0,normal,normal,alta,8,historico fim_semana,4.0
I21LA162615,2,,fim_semana,0.0,0.0,0.01,0.0,0.0,normal,normal,alta,8,historico fim_semana,4.0
I21LA162615,3,,fim_semana,0.0,0.0,0.01,0.0,0.0,normal,normal,alta,8,historico fim_semana,4.0
I21LA162615,4,,fim_semana,0.0,0.0,0.01,0.0,0.0,normal,normal,alta,8,historico fim_semana,4.0
I21LA162615,5,,fim_semana,0.0,0.0,0.01,0.0,0.0,normal,normal,alta,8,historico fim_semana,4.0
I21LA162615,6,,fim_semana,0.0,0.0,0.01,0.0,0.0,normal,normal,alta,8,historico fim_semana,4.0
I21LA162615,7,,fim_semana,0.0,0.0,0.01,0.0,0.0,normal,normal,alta,8,historico fim_semana,4.0
I21LA162615,8,,fim_semana,0.0,0.0,0.01,0.0,0.0,normal,normal,alta,8,historico fim_semana,4.0
I21LA162615,9,,fim_semana,0.0,0.0,0.01,0.0,0.0,normal,normal,alta,8,historico fim_semana,4.0
I21LA162615,10,,fim_semana,0.0,0.0,0.01,0.0,0.0,normal,normal,alta,8,historico fim_semana,4.0
I21LA162615,11,,fim_semana,0.0,0.0,0.01,0.0,0.0,normal,normal,alta,8,historico fim_semana,4.0
I21LA162615,12,,fim_semana,0.0,0.0,0.01,0.0,0.0,normal,normal,alta,8,historico fim_semana,4.0
I21LA162615,13,,fim_semana,0.0,0.0,0.01,0.0,0.0,normal,normal,alta,8,historico fim_semana,4.0
I21LA162615,14,,fim_semana,0.0,0.0,0.01,0.0,0.0,normal,normal,alta,8,historico fim_semana,4.0
I21LA162615,15,,fim_semana,0.0,0.0,0.01,0.0,0.0,normal,normal,alta,8,historico fim_semana,4.0
I21LA162615,16,,fim_semana,0.0,0.0,0.01,0.0,0.0,normal,normal,alta,8,historico fim_semana,4.0
I21LA162615,17,,fim_semana,0.0,0.0,0.01,0.0,0.0,normal,normal,alta,8,historico fim_semana,4.0
I21LA162615,18,,fim_semana,0.0,0.0,0.01,0.0,0.0,normal,normal,alta,8,historico fim_semana,4.0
I21LA162615,19,,fim_semana,0.0,0.0,0.01,0.0,0.0,normal,normal,alta,8,historico fim_semana,4.0
I21LA162615,20,,fim_semana,0.0,0.0,0.01,0.0,0.0,normal,normal,alta,8,historico fim_semana,4.0
I21LA162615,21,,fim_semana,0.0,0.0,0.01,0.0,0.0,normal,normal,alta,8,historico fim_semana,4.0
I21LA162615,22,,fim_semana,0.0,0.0,0.01,0.0,0.0,normal,normal,alta,8,historico fim_semana,4.0
I21LA162615,23,,fim_semana,0.0,0.0,0.01,0.0,0.0,normal,normal,alta,8,historico fim_semana,4.0
I21LA173715,0,,fim_semana,0.0,0.0,0.01,0.0,0.0,normal,normal,alta,8,historico fim_semana,4.0
I21LA173715,1,,fim_semana,0.0,0.0,0.01,0.0,0.0,normal,normal,alta,8,historico fim_semana,4.0
I21LA173715,2,,fim_semana,0.0,0.0,0.01,0.0,0.0,normal,normal,alta,8,historico fim_semana,4.0
I21LA173715,3,,fim_semana,0.0,0.0,0.01,0.0,0.0,normal,normal,alta,8,historico fim_semana,4.0
I21LA173715,12,,fim_semana,0.017,0.0001,0.01,1.69,1.69,normal,normal,alta,7,historico fim_semana,4.0
I21LA173715,13,,fim_semana,0.0,0.0,0.01,0.0,0.0,normal,normal,alta,7,historico fim_semana,4.0
I21LA173715,14,,fim_semana,0.0,0.0,0.01,0.0,0.0,normal,normal,alta,7,historico fim_semana,4.0
I21LA173715,15,,fim_semana,0.0,0.0003,0.01,-0.03,-0.03,normal,normal,alta,7,historico fim_semana,4.0
I21LA173715,16,,fim_semana,0.0,0.0,0.01,0.0,0.0,normal,normal,alta,7,historico fim_semana,4.0
I21LA173715,17,,fim_semana,0.0,0.0,0.01,0.0,0.0,normal,normal,alta,7,historico fim_semana,4.0
I21LA173715,18,,fim_semana,0.0,0.0,0.01,0.0,0.0,normal,normal,alta,7,historico fim_semana,4.0
I21LA173715,19,,fim_semana,0.0,0.0,0.01,0.0,0.0,normal,normal,alta,7,historico fim_semana,4.0
I21LA173715,20,,fim_semana,0.0,0.0,0.01,0.0,0.0,normal,normal,alta,8,historico fim_semana,4.0
I21LA173715,21,,fim_semana,0.0,0.0,0.01,0.0,0.0,normal,normal,alta,8,historico fim_semana,4.0
I21LA173715,22,,fim_semana,0.0,0.0,0.01,0.0,0.0,normal,normal,alta,8,historico fim_semana,4.0
I21LA173715,23,,fim_semana,0.0,0.0,0.01,0.0,0.0,normal,normal,alta,8,historico fim_semana,4.0
I21LA173758,0,,fim_semana,0.0,0.0,0.01,0.0,0.0,normal,normal,alta,8,historico fim_semana,4.0
I21LA173758,1,,fim_semana,0.0,0.0,0.01,0.0,0.0,normal,normal,alta,8,historico fim_semana,4.0
I21LA173758,2,,fim_semana,0.0,0.0,0.01,0.0,0.0,normal,normal,alta,8,historico fim_semana,4.0
I21LA173758,3,,fim_semana,0.0,0.0,0.01,0.0,0.0,normal,normal,alta,8,historico fim_semana,4.0
I21LA173758,4,,fim_semana,0.0,0.0,0.01,0.0,0.0,normal,normal,alta,8,historico fim_semana,4.0
I21LA173758,5,,fim_semana,0.0,0.0,0.01,0.0,0.0,normal,normal,alta,8,historico fim_semana,4.0
I21LA173758,6,,fim_semana,0.0,0.0,0.01,0.0,0.0,normal,normal,alta,8,historico fim_semana,4.0
I21LA173758,7,,fim_semana,0.0,0.0,0.01,0.0,0.0,normal,normal,alta,8,historico fim_semana,4.0
I21LA173758,8,,fim_semana,0.0,0.0,0.01,0.0,0.0,normal,normal,alta,8,historico fim_semana,4.0
I21LA173758,9,,fim_semana,0.0,0.0,0.01,0.0,0.0,normal,normal,alta,8,historico fim_semana,4.0
I21LA173758,10,,fim_semana,0.0,0.0,0.01,0.0,0.0,normal,normal,alta,8,historico fim_semana,4.0
I21LA173758,11,,fim_semana,0.0,0.0,0.01,0.0,0.0,normal,normal,alta,8,historico fim_semana,4.0
I21LA173758,12,,fim_semana,0.0,0.0,0.01,0.0,0.0,normal,normal,alta,8,historico fim_semana,4.0
I21LA173758,13,,fim_semana,0.0,0.0014,0.01,-0.14,-0.14,normal,normal,alta,8,historico fim_semana,4.0
I21LA173758,14,,fim_semana,0.0,0.0,0.01,0.0,0.0,normal,normal,alta,8,historico fim_semana,4.0
I21LA173758,15,,fim_semana,0.0,0.0019,0.01,-0.19,-0.19,normal,normal,alta,8,historico fim_semana,4.0
I21LA173758,16,,fim_semana,0.0,0.0009,0.01,-0.09,-0.09,normal,normal,alta,8,historico fim_semana,4.0
I21LA173758,17,,fim_semana,0.0,0.0015,0.01,-0.15,-0.15,normal,normal,alta,8,historico fim_semana,4.0
I21LA173758,18,,fim_semana,0.0,0.0032,0.01,-0.32,-0.32,normal,normal,alta,8,historico fim_semana,4.0
I21LA173758,23,,fim_semana,0.0,0.0,0.01,0.0,0.0,normal,normal,alta,8,historico fim_semana,4.0
I21LA173760,0,,fim_semana,0.0,0.0,0.01,0.0,0.0,normal,normal,alta,7,historico fim_semana,4.0
I21LA173760,1,,fim_semana,0.0,0.0,0.01,0.0,0.0,normal,normal,alta,8,historico fim_semana,4.0
I21LA173760,2,,fim_semana,0.0,0.0,0.01,0.0,0.0,normal,normal,alta,8,historico fim_semana,4.0
I21LA173760,3,,fim_semana,0.0,0.0,0.01,0.0,0.0,normal,normal,alta,8,historico fim_semana,4.0
I21LA173760,4,,fim_semana,0.0,0.0,0.01,0.0,0.0,normal,normal,alta,8,historico fim_semana,4.0
I21LA173760,5,,fim_semana,0.0,0.0,0.01,0.0,0.0,normal,normal,alta,8,historico fim_semana,4.0
I21LA173760,6,,fim_semana,0.0,0.0,0.01,0.0,0.0,normal,normal,alta,8,historico fim_semana,4.0
I21LA173760,7,,fim_semana,0.0,0.0,0.01,0.0,0.0,normal,normal,alta,8,historico fim_semana,4.0
I21LA173760,8,,fim_semana,0.0,0.0,0.01,0.0,0.0,normal,normal,alta,8,historico fim_semana,4.0
I21LA173760,9,,fim_semana,0.0,0.0,0.01,0.0,0.0,normal,normal,alta,6,historico fim_semana,4.0
I21LA173760,10,,fim_semana,0.0,0.0,0.01,0.0,0.0,normal,normal,alta,7,historico fim_semana,4.0
I21LA173760,11,,fim_semana,0.0,0.0,0.01,0.0,0.0,normal,normal,alta,7,historico fim_semana,4.0
I21LA173760,12,,fim_semana,0.0,0.0,0.01,0.0,0.0,normal,normal,alta,7,historico fim_semana,4.0
I21LA173760,13,,fim_semana,0.0,0.0,0.01,0.0,0.0,normal,normal,alta,6,historico fim_semana,4.0
I21LA173760,14,,fim_semana,0.0,0.0,0.01,0.0,0.0,normal,normal,alta,6,historico fim_semana,4.0
I21LA173760,15,,fim_semana,0.0,0.0,0.01,0.0,0.0,normal,normal,alta,6,historico fim_semana,4.0
I21LA173760,16,,fim_semana,0.0,0.0,0.01,0.0,0.0,normal,normal,alta,6,historico fim_semana,4.0
I21LA173760,17,,fim_semana,0.0,0.0,0.01,0.0,0.0,normal,normal,alta,8,historico fim_semana,4.0
I21LA173760,18,,fim_semana,0.0,0.0,0.01,0.0,0.0,normal,normal,alta,8,historico fim_semana,4.0
I21LA173760,19,,fim_semana,0.0,0.0,0.01,0.0,0.0,normal,normal,alta,8,historico fim_semana,4.0
I21LA173760,20,,fim_semana,0.0,0.0,0.01,0.0,0.0,normal,normal,alta,8,historico fim_semana,4.0
I21LA173760,21,,fim_semana,0.0,0.0,0.01,0.0,0.0,normal,normal,alta,7,historico fim_semana,4.0
I21LA173760,22,,fim_semana,0.0,0.0,0.01,0.0,0.0,normal,normal,alta,8,historico fim_semana,4.0
I21LA173760,23,,fim_semana,0.0,0.0,0.01,0.0,0.0,normal,normal,alta,8,historico fim_semana,4.0
I21LA173770,0,,fim_semana,0.0,0.0,0.01,0.0,0.0,normal,normal,alta,8,historico fim_semana,4.0
I21LA173770,1,,fim_semana,0.0,0.0,0.01,0.0,0.0,normal,normal,alta,8,historico fim_semana,4.0
I21LA173770,2,,fim_semana,0.0,0.0,0.01,0.0,0.0,normal,normal,alta,8,historico fim_semana,4.0
I21LA173770,3,,fim_semana,0.0,0.0,0.01,0.0,0.0,normal,normal,alta,8,historico fim_semana,4.0
I21LA173770,4,,fim_semana,0.0,0.0,0.01,0.0,0.0,normal,normal,alta,8,historico fim_semana,4.0
I21LA173770,5,,fim_semana,0.0,0.0,0.01,0.0,0.0,normal,normal,alta,8,historico fim_semana,4.0
I21LA173770,6,,fim_semana,0.0,0.0,0.01,0.0,0.0,normal,normal,alta,8,historico fim_semana,4.0
I21LA173770,7,,fim_semana,0.002,0.0014,0.01,0.06,0.06,normal,normal,alta,8,historico fim_semana,4.0
I21LA173770,8,,fim_semana,0.0,0.0037,0.01,-0.38,-0.38,normal,normal,alta,8,historico fim_semana,4.0
I21LA173770,10,,fim_semana,0.0,0.0005,0.01,-0.05,-0.05,normal,normal,alta,6,historico fim_semana,4.0
I21LA173770,11,,fim_semana,0.0,0.0,0.01,0.0,0.0,normal,normal,alta,6,historico fim_semana,4.0
I21LA173770,12,,fim_semana,0.0,0.0,0.01,0.0,0.0,normal,normal,alta,6,historico fim_semana,4.0
I21LA173770,13,,fim_semana,0.0,0.0,0.01,0.0,0.0,normal,normal,alta,8,historico fim_semana,4.0
I21LA173770,14,,fim_semana,0.0,0.0,0.01,0.0,0.0,normal,normal,alta,8,historico fim_semana,4.0
I21LA173770,15,,fim_semana,0.0,0.0,0.01,0.0,0.0,normal,normal,alta,8,historico fim_semana,4.0
I21LA173770,16,,fim_semana,0.0,0.0,0.01,0.0,0.0,normal,normal,alta,8,historico fim_semana,4.0
I21LA173770,17,,fim_semana,0.0,0.0,0.01,0.0,0.0,normal,normal,alta,8,historico fim_semana,4.0
I21LA173770,18,,fim_semana,0.0,0.0,0.01,0.0,0.0,normal,normal,alta,8,historico fim_semana,4.0
I21LA173770,19,,fim_semana,0.0,0.0,0.01,0.0,0.0,normal,normal,alta,8,historico fim_semana,4.0
I21LA173770,20,,fim_semana,0.0,0.0,0.01,0.0,0.0,normal,normal,alta,8,historico fim_semana,4.0
I21LA173770,21,,fim_semana,0.0,0.0,0.01,0.0,0.0,normal,normal,alta,7,historico fim_semana,4.0
I21LA173770,22,,fim_semana,0.0,0.0,0.01,0.0,0.0,normal,normal,alta,8,historico fim_semana,4.0
I21LA173770,23,,fim_semana,0.0,0.0,0.01,0.0,0.0,normal,normal,alta,8,historico fim_semana,4.0
I21LA173780,0,,fim_semana,0.0,0.0,0.01,0.0,0.0,normal,normal,alta,6,historico fim_semana,4.0
I21LA173780,1,,fim_semana,0.0,0.0,0.01,0.0,0.0,normal,normal,alta,6,historico fim_semana,4.0
I21LA173780,2,,fim_semana,0.0,0.0,0.01,0.0,0.0,normal,normal,alta,6,historico fim_semana,4.0
I21LA173780,3,,fim_semana,0.0,0.0,0.01,0.0,0.0,normal,normal,alta,6,historico fim_semana,4.0
I21LA173780,4,,fim_semana,0.0,0.0,0.01,0.0,0.0,normal,normal,alta,6,historico fim_semana,4.0
I21LA173780,5,,fim_semana,0.0,0.0,0.01,0.0,0.0,normal,normal,alta,6,historico fim_semana,4.0
I21LA173780,6,,fim_semana,0.0,0.0,0.01,0.0,0.0,normal,normal,alta,6,historico fim_semana,4.0
I21LA173780,7,,fim_semana,0.0,0.0,0.01,0.0,0.0,normal,normal,alta,6,historico fim_semana,4.0
I21LA173780,8,,fim_semana,0.0,0.0,0.01,0.0,0.0,normal,normal,alta,6,historico fim_semana,4.0
I21LA173780,9,,fim_semana,0.005,0.0,0.01,0.5,0.5,normal,normal,alta,6,historico fim_semana,4.0
I21LA173780,10,,fim_semana,0.0,0.0,0.01,0.0,0.0,normal,normal,alta,6,historico fim_semana,4.0
I21LA173780,11,,fim_semana,0.0,0.0,0.01,0.0,0.0,normal,normal,alta,6,historico fim_semana,4.0
I21LA173780,12,,fim_semana,0.0,0.0,0.01,0.0,0.0,normal,normal,alta,5,historico fim_semana,4.0
I21LA173780,13,,fim_semana,0.0,0.0,0.01,0.0,0.0,normal,normal,alta,5,historico fim_semana,4.0
I21LA173780,14,,fim_semana,0.0,0.0008,0.01,-0.08,-0.08,normal,normal,alta,5,historico fim_semana,4.0
I21LA173780,15,,fim_semana,0.0,0.0,0.01,0.0,0.0,normal,normal,alta,5,historico fim_semana,4.0
I21LA173780,16,,fim_semana,0.0,0.0,0.01,0.0,0.0,normal,normal,alta,5,historico fim_semana,4.0
I21LA173780,17,,fim_semana,0.0,0.0,0.01,0.0,0.0,normal,normal,alta,5,historico fim_semana,4.0
I21LA173780,18,,fim_semana,0.0,0.0,0.01,0.0,0.0,normal,normal,alta,5,historico fim_semana,4.0
I21LA173780,19,,fim_semana,0.0,0.0,0.01,0.0,0.0,normal,normal,alta,5,historico fim_semana,4.0
I21LA173780,20,,fim_semana,0.0,0.0,0.01,0.0,0.0,normal,normal,alta,6,historico fim_semana,4.0
I21LA173780,21,,fim_semana,0.0,0.0,0.01,0.0,0.0,normal,normal,alta,6,historico fim_semana,4.0
I21LA173780,22,,fim_semana,0.0,0.0,0.01,0.0,0.0,normal,normal,alta,6,historico fim_semana,4.0
I21LA173780,23,,fim_semana,0.0,0.0,0.01,0.0,0.0,normal,normal,alta,6,historico fim_semana,4.0
I21LA173785,0,,fim_semana,0.0,0.0001,0.01,-0.01,-0.01,normal,normal,alta,8,historico fim_semana,4.0
I21LA173785,1,,fim_semana,0.0,0.0,0.01,0.0,0.0,normal,normal,alta,8,historico fim_semana,4.0
I21LA173785,2,,fim_semana,0.0,0.0003,0.01,-0.03,-0.03,normal,normal,alta,8,historico fim_semana,4.0
I21LA173785,3,,fim_semana,0.0,0.0,0.01,0.0,0.0,normal,normal,alta,8,historico fim_semana,4.0
I21LA173785,4,,fim_semana,0.0,0.0,0.01,0.0,0.0,normal,normal,alta,7,historico fim_semana,4.0
I21LA173785,5,,fim_semana,0.0,0.0,0.01,0.0,0.0,normal,normal,alta,7,historico fim_semana,4.0
I21LA173785,6,,fim_semana,0.0,0.0,0.01,0.0,0.0,normal,normal,alta,7,historico fim_semana,4.0
I21LA173785,7,,fim_semana,0.001,0.0001,0.01,0.09,0.09,normal,normal,alta,7,historico fim_semana,4.0
I21LA173785,8,,fim_semana,0.0,0.0003,0.01,-0.03,-0.03,normal,normal,baixa,4,historico fim_semana (poucos dados),4.0
I21LA173785,9,,fim_semana,0.0,0.0003,0.01,-0.03,-0.03,normal,normal,alta,7,historico fim_semana,4.0
I21LA173785,10,,fim_semana,0.0,0.0001,0.01,-0.01,-0.01,normal,normal,alta,7,historico fim_semana,4.0
I21LA173785,11,,fim_semana,0.0,0.0001,0.01,-0.01,-0.01,normal,normal,alta,7,historico fim_semana,4.0
I21LA173785,12,,fim_semana,0.001,0.0003,0.01,0.07,0.07,normal,normal,alta,8,historico fim_semana,4.0
I21LA173785,13,,fim_semana,0.0,0.0001,0.01,-0.01,-0.01,normal,normal,alta,8,historico fim_semana,4.0
I21LA173785,14,,fim_semana,0.0,0.0003,0.01,-0.03,-0.03,normal,normal,alta,8,historico fim_semana,4.0
I21LA173785,15,,fim_semana,0.0,0.0004,0.01,-0.04,-0.04,normal,normal,alta,8,historico fim_semana,4.0
I21LA173785,16,,fim_semana,0.001,0.0003,0.01,0.07,0.07,normal,normal,alta,8,historico fim_semana,4.0
I21LA173785,17,,fim_semana,0.0,0.0006,0.01,-0.06,-0.06,normal,normal,alta,8,historico fim_semana,4.0
I21LA173785,18,,fim_semana,0.0,0.0005,0.01,-0.05,-0.05,normal,normal,alta,8,historico fim_semana,4.0
I21LA173785,19,,fim_semana,0.0,0.0009,0.01,-0.09,-0.09,normal,normal,alta,8,historico fim_semana,4.0
I21LA173785,20,,fim_semana,0.0,0.0001,0.01,-0.01,-0.01,normal,normal,alta,8,historico fim_semana,4.0
I21LA173785,21,,fim_semana,0.001,0.0001,0.01,0.09,0.09,normal,normal,alta,8,historico fim_semana,4.0
I21LA173785,22,,fim_semana,0.0,0.0003,0.01,-0.03,-0.03,normal,normal,alta,8,historico fim_semana,4.0
I21LA173785,23,,fim_semana,0.0,0.0,0.01,0.0,0.0,normal,normal,alta,8,historico fim_semana,4.0
I21LA173790,0,,fim_semana,0.0,0.0,0.01,0.0,0.0,normal,normal,alta,6,historico fim_semana,4.0
I21LA173790,1,,fim_semana,0.0,0.0,0.01,0.0,0.0,normal,normal,alta,6,historico fim_semana,4.0
I21LA173790,2,,fim_semana,0.0,0.0,0.01,0.0,0.0,normal,normal,alta,8,historico fim_semana,4.0
I21LA173790,3,,fim_semana,0.0,0.0,0.01,0.0,0.0,normal,normal,alta,8,historico fim_semana,4.0
I21LA173790,4,,fim_semana,0.0,0.0,0.01,0.0,0.0,normal,normal,alta,8,historico fim_semana,4.0
I21LA173790,5,,fim_semana,0.0,0.0,0.01,0.0,0.0,normal,normal,alta,8,historico fim_semana,4.0
I21LA173790,6,,fim_semana,0.0,0.0,0.01,0.0,0.0,normal,normal,alta,7,historico fim_semana,4.0
I21LA173790,7,,fim_semana,0.0,0.0,0.01,0.0,0.0,normal,normal,alta,7,historico fim_semana,4.0
I21LA173790,8,,fim_semana,0.0,0.0,0.01,0.0,0.0,normal,normal,alta,7,historico fim_semana,4.0
I21LA173790,9,,fim_semana,0.0,0.0,0.01,0.0,0.0,normal,normal,alta,7,historico fim_semana,4.0
I21LA173790,10,,fim_semana,0.0,0.0,0.01,0.0,0.0,normal,normal,alta,7,historico fim_semana,4.0
I21LA173790,11,,fim_semana,0.0,0.0,0.01,0.0,0.0,normal,normal,alta,7,historico fim_semana,4.0
I21LA173790,12,,fim_semana,0.0,0.0,0.01,0.0,0.0,normal,normal,alta,7,historico fim_semana,4.0
I21LA173790,13,,fim_semana,0.0,0.0,0.01,0.0,0.0,normal,normal,alta,7,historico fim_semana,4.0
I21LA173790,14,,fim_semana,0.0,0.0,0.01,0.0,0.0,normal,normal,alta,7,historico fim_semana,4.0
I21LA173790,15,,fim_semana,0.0,0.0,0.01,0.0,0.0,normal,normal,alta,7,historico fim_semana,4.0
I21LA173790,16,,fim_semana,0.0,0.0,0.01,0.0,0.0,normal,normal,alta,7,historico fim_semana,4.0
I21LA173790,17,,fim_semana,0.0,0.0,0.01,0.0,0.0,normal,normal,alta,7,historico fim_semana,4.0
I21LA173790,18,,fim_semana,0.0,0.0,0.01,0.0,0.0,normal,normal,alta,7,historico fim_semana,4.0
I21LA173790,19,,fim_semana,0.0,0.0,0.01,0.0,0.0,normal,normal,alta,7,historico fim_semana,4.0
I21LA173790,20,,fim_semana,0.0,0.0,0.01,0.0,0.0,normal,normal,alta,7,historico fim_semana,4.0
I21LA173790,21,,fim_semana,0.0,0.0,0.01,0.0,0.0,normal,normal,alta,7,historico fim_semana,4.0
I21LA173790,22,,fim_semana,0.0,0.0,0.01,0.0,0.0,normal,normal,alta,6,historico fim_semana,4.0
I21LA173790,23,,fim_semana,0.0,0.0,0.01,0.0,0.0,normal,normal,alta,7,historico fim_semana,4.0
I21LA173814,1,,fim_semana,0.0,0.0,0.01,0.0,0.0,normal,normal,alta,8,historico fim_semana,4.0
I21LA173814,2,,fim_semana,0.0,0.0,0.01,0.0,0.0,normal,normal,alta,8,historico fim_semana,4.0
I21LA173814,3,,fim_semana,0.0,0.0,0.01,0.0,0.0,normal,normal,alta,8,historico fim_semana,4.0
I21LA173814,4,,fim_semana,0.0,0.0,0.01,0.0,0.0,normal,normal,alta,8,historico fim_semana,4.0
I21LA173814,5,,fim_semana,0.0,0.0,0.01,0.0,0.0,normal,normal,alta,8,historico fim_semana,4.0
I21LA173814,6,,fim_semana,0.0,0.0,0.01,0.0,0.0,normal,normal,alta,8,historico fim_semana,4.0
I21LA173814,7,,fim_semana,0.0,0.0,0.01,0.0,0.0,normal,normal,alta,8,historico fim_semana,4.0
I21LA173814,8,,fim_semana,0.0,0.0,0.01,0.0,0.0,normal,normal,alta,7,historico fim_semana,4.0
I21LA173814,9,,fim_semana,0.0,0.0,0.01,0.0,0.0,normal,normal,alta,7,historico fim_semana,4.0
I21LA173814,10,,fim_semana,0.0,0.0,0.01,0.0,0.0,normal,normal,alta,7,historico fim_semana,4.0
I21LA173814,11,,fim_semana,0.0,0.0,0.01,0.0,0.0,normal,normal,alta,7,historico fim_semana,4.0
I21LA173814,12,,fim_semana,0.0,0.0,0.01,0.0,0.0,normal,normal,alta,7,historico fim_semana,4.0
I21LA173814,13,,fim_semana,0.0,0.0,0.01,0.0,0.0,normal,normal,alta,7,historico fim_semana,4.0
I21LA173814,14,,fim_semana,0.0,0.0,0.01,0.0,0.0,normal,normal,alta,7,historico fim_semana,4.0
I21LA173814,15,,fim_semana,0.0,0.0007,0.01,-0.07,-0.07,normal,normal,alta,7,historico fim_semana,4.0
I21LA173814,16,,fim_semana,0.0,0.0,0.01,0.0,0.0,normal,normal,alta,8,historico fim_semana,4.0
I21LA173814,17,,fim_semana,0.0,0.0,0.01,0.0,0.0,normal,normal,alta,8,historico fim_semana,4.0
I21LA173814,18,,fim_semana,0.0,0.0,0.01,0.0,0.0,normal,normal,alta,8,historico fim_semana,4.0
I21LA173814,19,,fim_semana,0.0,0.0001,0.01,-0.01,-0.01,normal,normal,alta,8,historico fim_semana,4.0
I21LA173814,20,,fim_semana,0.0,0.0,0.01,0.0,0.0,normal,normal,alta,7,historico fim_semana,4.0
I21LA173814,21,,fim_semana,0.0,0.0,0.01,0.0,0.0,normal,normal,alta,7,historico fim_semana,4.0
I21LA173814,22,,fim_semana,0.0,0.0,0.01,0.0,0.0,normal,normal,alta,7,historico fim_semana,4.0
I21LA173814,23,,fim_semana,0.0,0.0,0.01,0.0,0.0,normal,normal,alta,7,historico fim_semana,4.0
I21LA173852,0,,fim_semana,0.0,0.0,0.01,0.0,0.0,normal,normal,alta,8,historico fim_semana,4.0
I21LA173852,1,,fim_semana,0.0,0.0,0.01,0.0,0.0,normal,normal,alta,8,historico fim_semana,4.0
I21LA173852,2,,fim_semana,0.0,0.0,0.01,0.0,0.0,normal,normal,alta,8,historico fim_semana,4.0
I21LA173852,3,,fim_semana,0.0,0.0,0.01,0.0,0.0,normal,normal,alta,8,historico fim_semana,4.0
I21LA173852,4,,fim_semana,0.0,0.0,0.01,0.0,0.0,normal,normal,alta,8,historico fim_semana,4.0
I21LA173852,5,,fim_semana,0.0,0.0,0.01,0.0,0.0,normal,normal,alta,8,historico fim_semana,4.0
I21LA173852,6,,fim_semana,0.0,0.0,0.01,0.0,0.0,normal,normal,alta,8,historico fim_semana,4.0
I21LA173852,7,,fim_semana,0.0,0.0,0.01,0.0,0.0,normal,normal,alta,8,historico fim_semana,4.0
I21LA173852,8,,fim_semana,0.0,0.0,0.01,0.0,0.0,normal,normal,alta,8,historico fim_semana,4.0
I21LA173852,9,,fim_semana,0.0,0.0,0.01,0.0,0.0,normal,normal,alta,8,historico fim_semana,4.0
I21LA173852,10,,fim_semana,0.0,0.0,0.01,0.0,0.0,normal,normal,alta,8,historico fim_semana,4.0
I21LA173852,11,,fim_semana,0.0,0.0,0.01,0.0,0.0,normal,normal,alta,8,historico fim_semana,4.0
I21LA173852,12,,fim_semana,0.0,0.0,0.01,0.0,0.0,normal,normal,alta,8,historico fim_semana,4.0
I21LA173852,13,,fim_semana,0.0,0.0,0.01,0.0,0.0,normal,normal,alta,8,historico fim_semana,4.0
I21LA173852,14,,fim_semana,0.0,0.0,0.01,0.0,0.0,normal,normal,alta,8,historico fim_semana,4.0
I21LA173852,15,,fim_semana,0.0,0.0,0.01,0.0,0.0,normal,normal,alta,8,historico fim_semana,4.0
I21LA173852,16,,fim_semana,0.0,0.0,0.01,0.0,0.0,normal,normal,alta,8,historico fim_semana,4.0
I21LA173852,17,,fim_semana,0.0,0.0,0.01,0.0,0.0,normal,normal,alta,8,historico fim_semana,4.0
I21LA173852,18,,fim_semana,0.0,0.0,0.01,0.0,0.0,normal,normal,alta,8,historico fim_semana,4.0
I21LA173852,19,,fim_semana,0.0,0.0,0.01,0.0,0.0,normal,normal,alta,8,historico fim_semana,4.0
I21LA173852,20,,fim_semana,0.0,0.0,0.01,0.0,0.0,normal,normal,alta,8,historico fim_semana,4.0
I21LA173852,21,,fim_semana,0.0,0.0,0.01,0.0,0.0,normal,normal,alta,8,historico fim_semana,4.0
I21LA173852,22,,fim_semana,0.0,0.0,0.01,0.0,0.0,normal,normal,alta,7,historico fim_semana,4.0
I21LA173852,23,,fim_semana,0.0,0.0,0.01,0.0,0.0,normal,normal,alta,7,historico fim_semana,4.0
I21LA173859,0,,fim_semana,0.0,0.0,0.01,0.0,0.0,normal,normal,alta,6,historico fim_semana,4.0
I21LA173859,1,,fim_semana,0.0,0.0,0.01,0.0,0.0,normal,normal,alta,6,historico fim_semana,4.0
I21LA173859,2,,fim_semana,0.0,0.0,0.01,0.0,0.0,normal,normal,alta,7,historico fim_semana,4.0
I21LA173859,3,,fim_semana,0.0,0.0,0.01,0.0,0.0,normal,normal,alta,7,historico fim_semana,4.0
I21LA173859,4,,fim_semana,0.0,0.0,0.01,0.0,0.0,normal,normal,alta,7,historico fim_semana,4.0
I21LA173859,5,,fim_semana,0.0,0.0,0.01,0.0,0.0,normal,normal,alta,7,historico fim_semana,4.0
I21LA173859,6,,fim_semana,0.0,0.0,0.01,0.0,0.0,normal,normal,alta,7,historico fim_semana,4.0
I21LA173859,7,,fim_semana,0.0,0.0,0.01,0.0,0.0,normal,normal,alta,7,historico fim_semana,4.0
I21LA173859,8,,fim_semana,0.0,0.0,0.01,0.0,0.0,normal,normal,alta,7,historico fim_semana,4.0
I21LA173859,9,,fim_semana,0.0,0.0,0.01,0.0,0.0,normal,normal,alta,7,historico fim_semana,4.0
I21LA173859,10,,fim_semana,0.0,0.0,0.01,0.0,0.0,normal,normal,alta,8,historico fim_semana,4.0
I21LA173859,11,,fim_semana,0.0,0.0,0.01,0.0,0.0,normal,normal,alta,8,historico fim_semana,4.0
I21LA173859,12,,fim_semana,0.0,0.0,0.01,0.0,0.0,normal,normal,alta,8,historico fim_semana,4.0
I21LA173859,13,,fim_semana,0.0,0.0,0.01,0.0,0.0,normal,normal,alta,8,historico fim_semana,4.0
I21LA173859,18,,fim_semana,0.0,0.0,0.01,0.0,0.0,normal,normal,alta,7,historico fim_semana,4.0
I21LA173859,19,,fim_semana,0.0,0.0,0.01,0.0,0.0,normal,normal,alta,7,historico fim_semana,4.0
I21LA173859,20,,fim_semana,0.0,0.0,0.01,0.0,0.0,normal,normal,alta,7,historico fim_semana,4.0
I21LA173859,21,,fim_semana,0.0,0.0,0.01,0.0,0.0,normal,normal,alta,7,historico fim_semana,4.0
I21LA173859,22,,fim_semana,0.0,0.0,0.01,0.0,0.0,normal,normal,alta,5,historico fim_semana,4.0
I21LA173859,23,,fim_semana,0.0,0.0,0.01,0.0,0.0,normal,normal,alta,6,historico fim_semana,4.0
I21LA173876,0,,fim_semana,0.0,0.0,0.01,0.0,0.0,normal,normal,alta,7,historico fim_semana,4.0
I21LA173876,1,,fim_semana,0.0,0.0,0.01,0.0,0.0,normal,normal,alta,7,historico fim_semana,4.0
I21LA173876,2,,fim_semana,0.0,0.0,0.01,0.0,0.0,normal,normal,alta,8,historico fim_semana,4.0
I21LA173876,3,,fim_semana,0.0,0.0,0.01,0.0,0.0,normal,normal,alta,8,historico fim_semana,4.0
I21LA173876,4,,fim_semana,0.0,0.0,0.01,0.0,0.0,normal,normal,alta,8,historico fim_semana,4.0
I21LA173876,5,,fim_semana,0.0,0.0,0.01,0.0,0.0,normal,normal,alta,8,historico fim_semana,4.0
I21LA173876,6,,fim_semana,0.0,0.0,0.01,0.0,0.0,normal,normal,alta,8,historico fim_semana,4.0
I21LA173876,7,,fim_semana,0.0,0.0,0.01,0.0,0.0,normal,normal,alta,8,historico fim_semana,4.0
I21LA173876,8,,fim_semana,0.0,0.0,0.01,0.0,0.0,normal,normal,alta,8,historico fim_semana,4.0
I21LA173876,9,,fim_semana,0.0,0.0,0.01,0.0,0.0,normal,normal,alta,8,historico fim_semana,4.0
I21LA173876,14,,fim_semana,0.0,0.0,0.01,0.0,0.0,normal,normal,alta,7,historico fim_semana,4.0
I21LA173876,15,,fim_semana,0.0,0.0,0.01,0.0,0.0,normal,normal,alta,7,historico fim_semana,4.0
I21LA173876,16,,fim_semana,0.0,0.0,0.01,0.0,0.0,normal,normal,alta,7,historico fim_semana,4.0
I21LA173876,17,,fim_semana,0.0,0.0,0.01,0.0,0.0,normal,normal,alta,7,historico fim_semana,4.0
I21LA173876,18,,fim_semana,0.0,0.0,0.01,0.0,0.0,normal,normal,alta,7,historico fim_semana,4.0
I21LA173876,19,,fim_semana,0.0,0.0,0.01,0.0,0.0,normal,normal,alta,7,historico fim_semana,4.0
I21LA173876,20,,fim_semana,0.0,0.0,0.01,0.0,0.0,normal,normal,alta,7,historico fim_semana,4.0
I21LA173876,21,,fim_semana,0.0,0.0,0.01,0.0,0.0,normal,normal,alta,7,historico fim_semana,4.0
I21LA173876,22,,fim_semana,0.0,0.0,0.01,0.0,0.0,normal,normal,alta,7,historico fim_semana,4.0
I21LA173876,23,,fim_semana,0.0,0.0,0.01,0.0,0.0,normal,normal,alta,7,historico fim_semana,4.0
I21LA173877,2,,fim_semana,0.0,0.0,0.01,0.0,0.0,normal,normal,alta,8,historico fim_semana,4.0
I21LA173877,3,,fim_semana,0.0,0.0,0.01,0.0,0.0,normal,normal,alta,8,historico fim_semana,4.0
I21LA173877,4,,fim_semana,0.0,0.0,0.01,0.0,0.0,normal,normal,alta,8,historico fim_semana,4.0
I21LA173877,5,,fim_semana,0.0,0.0,0.01,0.0,0.0,normal,normal,alta,8,historico fim_semana,4.0
I21LA173877,6,,fim_semana,0.0,0.0,0.01,0.0,0.0,normal,normal,alta,7,historico fim_semana,4.0
I21LA173877,7,,fim_semana,0.0,0.0,0.01,0.0,0.0,normal,normal,alta,7,historico fim_semana,4.0
I21LA173877,8,,fim_semana,0.0,0.0,0.01,0.0,0.0,normal,normal,alta,7,historico fim_semana,4.0
I21LA173877,9,,fim_semana,0.0,0.0,0.01,0.0,0.0,normal,normal,alta,7,historico fim_semana,4.0
I21LA173877,10,,fim_semana,0.0,0.0,0.01,0.0,0.0,normal,normal,alta,5,historico fim_semana,4.0
I21LA173877,11,,fim_semana,0.0,0.0013,0.01,-0.13,-0.13,normal,normal,alta,6,historico fim_semana,4.0
I21LA173877,12,,fim_semana,0.0,0.0,0.01,0.0,0.0,normal,normal,alta,6,historico fim_semana,4.0
I21LA173877,13,,fim_semana,0.0,0.0,0.01,0.0,0.0,normal,normal,alta,6,historico fim_semana,4.0
I21LA173877,14,,fim_semana,0.0,0.0,0.01,0.0,0.0,normal,normal,alta,7,historico fim_semana,4.0
I21LA173877,15,,fim_semana,0.0,0.0,0.01,0.0,0.0,normal,normal,alta,7,historico fim_semana,4.0
I21LA173877,16,,fim_semana,0.0,0.0,0.01,0.0,0.0,normal,normal,alta,7,historico fim_semana,4.0
I21LA173877,17,,fim_semana,0.0,0.0,0.01,0.0,0.0,normal,normal,alta,7,historico fim_semana,4.0
I21LA173877,22,,fim_semana,0.0,0.0,0.01,0.0,0.0,normal,normal,alta,7,historico fim_semana,4.0
I21LA173877,23,,fim_semana,0.0,0.0,0.01,0.0,0.0,normal,normal,alta,7,historico fim_semana,4.0
I21LA173999,0,,fim_semana,0.0,0.0,0.01,0.0,0.0,normal,normal,alta,7,historico fim_semana,4.0
I21LA173999,1,,fim_semana,0.0,0.0,0.01,0.0,0.0,normal,normal,alta,8,historico fim_semana,4.0
I21LA173999,2,,fim_semana,0.0,0.0,0.01,0.0,0.0,normal,normal,alta,8,historico fim_semana,4.0
I21LA173999,3,,fim_semana,0.0,0.0,0.01,0.0,0.0,normal,normal,alta,8,historico fim_semana,4.0
I21LA173999,4,,fim_semana,0.0,0.0,0.01,0.0,0.0,normal,normal,alta,8,historico fim_semana,4.0
I21LA173999,5,,fim_semana,0.0,0.0,0.01,0.0,0.0,normal,normal,alta,6,historico fim_semana,4.0
I21LA173999,6,,fim_semana,0.0,0.0,0.01,0.0,0.0,normal,normal,alta,6,historico fim_semana,4.0
I21LA173999,7,,fim_semana,0.0,0.0,0.01,0.0,0.0,normal,normal,alta,6,historico fim_semana,4.0
I21LA173999,8,,fim_semana,0.0,0.0,0.01,0.0,0.0,normal,normal,alta,6,historico fim_semana,4.0
I21LA173999,9,,fim_semana,0.0,0.0,0.01,0.0,0.0,normal,normal,alta,6,historico fim_semana,4.0
I21LA173999,10,,fim_semana,0.0,0.0,0.01,0.0,0.0,normal,normal,alta,6,historico fim_semana,4.0
I21LA173999,11,,fim_semana,0.0,0.0,0.01,0.0,0.0,normal,normal,alta,6,historico fim_semana,4.0
I21LA173999,12,,fim_semana,0.0,0.0,0.01,0.0,0.0,normal,normal,alta,6,historico fim_semana,4.0
I21LA173999,13,,fim_semana,0.0,0.0,0.01,0.0,0.0,normal,normal,alta,7,historico fim_semana,4.0
I21LA173999,14,,fim_semana,0.0,0.0,0.01,0.0,0.0,normal,normal,alta,7,historico fim_semana,4.0
I21LA173999,15,,fim_semana,0.0,0.0007,0.01,-0.07,-0.07,normal,normal,alta,7,historico fim_semana,4.0
I21LA173999,16,,fim_semana,0.0,0.0003,0.01,-0.03,-0.03,normal,normal,alta,7,historico fim_semana,4.0
I21LA173999,17,,fim_semana,0.0,0.0,0.01,0.0,0.0,normal,normal,alta,8,historico fim_semana,4.0
I21LA173999,18,,fim_semana,0.0,0.0,0.01,0.0,0.0,normal,normal,alta,8,historico fim_semana,4.0
I21LA173999,19,,fim_semana,0.0,0.0,0.01,0.0,0.0,normal,normal,alta,8,historico fim_semana,4.0
I21LA173999,20,,fim_semana,0.0,0.0,0.01,0.0,0.0,normal,normal,alta,8,historico fim_semana,4.0
I21LA173999,21,,fim_semana,0.0,0.0003,0.01,-0.03,-0.03,normal,normal,alta,8,historico fim_semana,4.0
I21LA173999,22,,fim_semana,0.0,0.0,0.01,0.0,0.0,normal,normal,alta,8,historico fim_semana,4.0
I21LA173999,23,,fim_semana,0.0,0.0,0.01,0.0,0.0,normal,normal,alta,8,historico fim_semana,4.0
I21LA174020,4,,fim_semana,0.0,0.0,0.01,0.0,0.0,normal,normal,alta,8,historico fim_semana,4.0
I21LA174020,5,,fim_semana,0.0,0.0,0.01,0.0,0.0,normal,normal,alta,8,historico fim_semana,4.0
I21LA174020,6,,fim_semana,0.0,0.0,0.01,0.0,0.0,normal,normal,alta,8,historico fim_semana,4.0
I21LA174020,7,,fim_semana,0.0,0.0,0.01,0.0,0.0,normal,normal,alta,8,historico fim_semana,4.0
I21LA174020,12,,fim_semana,0.0,0.0,0.01,0.0,0.0,normal,normal,alta,8,historico fim_semana,4.0
I21LA174020,13,,fim_semana,0.0,0.0,0.01,0.0,0.0,normal,normal,alta,8,historico fim_semana,4.0
I21LA174020,14,,fim_semana,0.0,0.0,0.01,0.0,0.0,normal,normal,alta,8,historico fim_semana,4.0
I21LA174020,15,,fim_semana,0.0,0.0,0.01,0.0,0.0,normal,normal,alta,8,historico fim_semana,4.0
I21LA174020,16,,fim_semana,0.0,0.0,0.01,0.0,0.0,normal,normal,alta,8,historico fim_semana,4.0
I21LA174020,17,,fim_semana,0.0,0.0027,0.01,-0.27,-0.27,normal,normal,alta,8,historico fim_semana,4.0
I21LA174020,18,,fim_semana,0.011,0.0013,0.01,0.97,0.97,normal,normal,alta,8,historico fim_semana,4.0
I21LA174020,19,,fim_semana,0.0,0.0,0.01,0.0,0.0,normal,normal,alta,8,historico fim_semana,4.0
I21LA174020,20,,fim_semana,0.0,0.0,0.01,0.0,0.0,normal,normal,alta,7,historico fim_semana,4.0
I21LA174020,21,,fim_semana,0.0,0.0,0.01,0.0,0.0,normal,normal,alta,7,historico fim_semana,4.0
I21LA174020,22,,fim_semana,0.0,0.0,0.01,0.0,0.0,normal,normal,alta,7,historico fim_semana,4.0
I21LA174020,23,,fim_semana,0.0,0.0,0.01,0.0,0.0,normal,normal,alta,7,historico fim_semana,4.0
I21LA180227,0,,fim_semana,0.0,0.0,0.01,0.0,0.0,normal,normal,alta,8,historico fim_semana,4.0
I21LA180227,1,,fim_semana,0.0,0.0,0.01,0.0,0.0,normal,normal,alta,8,historico fim_semana,4.0
I21LA180227,2,,fim_semana,0.0,0.0,0.01,0.0,0.0,normal,normal,alta,8,historico fim_semana,4.0
I21LA180227,3,,fim_semana,0.0,0.0,0.01,0.0,0.0,normal,normal,alta,8,historico fim_semana,4.0
I21LA180227,4,,fim_semana,0.0,0.0,0.01,0.0,0.0,normal,normal,alta,8,historico fim_semana,4.0
I21LA180227,5,,fim_semana,0.0,0.0,0.01,0.0,0.0,normal,normal,alta,8,historico fim_semana,4.0
I21LA180227,6,,fim_semana,0.0,0.0,0.01,0.0,0.0,normal,normal,alta,7,historico fim_semana,4.0
I21LA180227,7,,fim_semana,0.0,0.0,0.01,0.0,0.0,normal,normal,alta,8,historico fim_semana,4.0
I21LA180227,8,,fim_semana,0.0,0.0,0.01,0.0,0.0,normal,normal,alta,8,historico fim_semana,4.0
I21LA180227,9,,fim_semana,0.0,0.0,0.01,0.0,0.0,normal,normal,alta,8,historico fim_semana,4.0
I21LA180227,10,,fim_semana,0.0,0.0,0.01,0.0,0.0,normal,normal,alta,6,historico fim_semana,4.0
I21LA180227,11,,fim_semana,0.0,0.0,0.01,0.0,0.0,normal,normal,alta,8,historico fim_semana,4.0
I21LA180227,12,,fim_semana,0.0,0.0,0.01,0.0,0.0,normal,normal,alta,8,historico fim_semana,4.0
I21LA180227,13,,fim_semana,0.0,0.0,0.01,0.0,0.0,normal,normal,alta,8,historico fim_semana,4.0
I21LA180227,14,,fim_semana,0.0,0.0,0.01,0.0,0.0,normal,normal,alta,8,historico fim_semana,4.0
I21LA180227,15,,fim_semana,0.0,0.0,0.01,0.0,0.0,normal,normal,alta,8,historico fim_semana,4.0
I21LA180227,16,,fim_semana,0.0,0.0,0.01,0.0,0.0,normal,normal,alta,8,historico fim_semana,4.0
I21LA180227,17,,fim_semana,0.0,0.0,0.01,0.0,0.0,normal,normal,alta,8,historico fim_semana,4.0
I21LA180227,18,,fim_semana,0.0,0.0,0.01,0.0,0.0,normal,normal,alta,8,historico fim_semana,4.0
I21LA180227,19,,fim_semana,0.0,0.0,0.01,0.0,0.0,normal,normal,alta,8,historico fim_semana,4.0
I21LA180227,20,,fim_semana,0.0,0.0,0.01,0.0,0.0,normal,normal,alta,8,historico fim_semana,4.0
I21LA180227,21,,fim_semana,0.0,0.0,0.01,0.0,0.0,normal,normal,alta,8,historico fim_semana,4.0
I21LA180227,22,,fim_semana,0.0,0.0,0.01,0.0,0.0,normal,normal,alta,8,historico fim_semana,4.0
I21LA180227,23,,fim_semana,0.0,0.0,0.01,0.0,0.0,normal,normal,alta,8,historico fim_semana,4.0
I21LA183439,0,,fim_semana,0.018,0.0219,0.0151,-0.26,-0.26,normal,normal,alta,8,historico fim_semana,4.0
I21LA183439,1,,fim_semana,0.017,0.0219,0.0149,-0.33,-0.33,normal,normal,alta,8,historico fim_semana,4.0
I21LA183439,2,,fim_semana,0.017,0.0216,0.0149,-0.31,-0.31,normal,normal,alta,8,historico fim_semana,4.0
I21LA183439,3,,fim_semana,0.017,0.0216,0.015,-0.31,-0.31,normal,normal,alta,8,historico fim_semana,4.0
I21LA183439,4,,fim_semana,0.017,0.0215,0.0147,-0.31,-0.31,normal,normal,alta,8,historico fim_semana,4.0
I21LA183439,5,,fim_semana,0.017,0.0215,0.0149,-0.3,-0.3,normal,normal,alta,8,historico fim_semana,4.0
I21LA183439,6,,fim_semana,0.017,0.0214,0.0147,-0.3,-0.3,normal,normal,alta,8,historico fim_semana,4.0
I21LA183439,7,,fim_semana,0.016,0.0215,0.0149,-0.37,-0.37,normal,normal,alta,8,historico fim_semana,4.0
I21LA183439,8,,fim_semana,0.017,0.0214,0.0148,-0.3,-0.3,normal,normal,alta,8,historico fim_semana,4.0
I21LA183439,9,,fim_semana,0.016,0.0281,0.0174,-0.7,-0.7,normal,normal,alta,8,historico fim_semana,4.0
I21LA183439,10,,fim_semana,0.017,0.0294,0.0178,-0.7,-0.7,normal,normal,alta,8,historico fim_semana,4.0
I21LA183439,11,,fim_semana,0.016,0.0319,0.0172,-0.92,-0.92,normal,normal,alta,8,historico fim_semana,4.0
I21LA183439,12,,fim_semana,0.017,0.0369,0.0314,-0.63,-0.63,normal,normal,alta,8,historico fim_semana,4.0
I21LA183439,13,,fim_semana,0.016,0.0225,0.015,-0.43,-0.43,normal,normal,alta,8,historico fim_semana,4.0
I21LA183439,14,,fim_semana,0.016,0.032,0.0173,-0.92,-0.92,normal,normal,alta,8,historico fim_semana,4.0
I21LA183439,15,,fim_semana,0.016,0.039,0.0243,-0.95,-0.95,normal,normal,alta,8,historico fim_semana,4.0
I21LA183439,16,,fim_semana,0.017,0.044,0.0382,-0.71,-0.71,normal,normal,alta,8,historico fim_semana,4.0
I21LA183439,17,,fim_semana,0.016,0.0336,0.0204,-0.86,-0.86,normal,normal,alta,8,historico fim_semana,4.0
I21LA183439,18,,fim_semana,0.016,0.0224,0.0147,-0.43,-0.43,normal,normal,alta,8,historico fim_semana,4.0
I21LA183439,19,,fim_semana,0.016,0.0267,0.0187,-0.57,-0.57,normal,normal,alta,8,historico fim_semana,4.0
I21LA183439,20,,fim_semana,0.016,0.0334,0.0339,-0.51,-0.51,normal,normal,alta,8,historico fim_semana,4.0
I21LA183439,21,,fim_semana,0.016,0.0264,0.0178,-0.58,-0.58,normal,normal,alta,8,historico fim_semana,4.0
I21LA183439,22,,fim_semana,0.016,0.0291,0.0237,-0.55,-0.55,normal,normal,alta,8,historico fim_semana,4.0
I21LA183439,23,,fim_semana,0.016,0.0226,0.0147,-0.45,-0.45,normal,normal,alta,8,historico fim_semana,4.0
I21LA184421,0,,fim_semana,0.0,0.0,0.01,0.0,0.0,normal,normal,alta,8,historico fim_semana,4.0
I21LA184421,1,,fim_semana,0.0,0.0,0.01,0.0,0.0,normal,normal,alta,8,historico fim_semana,4.0
I21LA184421,2,,fim_semana,0.0,0.0,0.01,0.0,0.0,normal,normal,alta,8,historico fim_semana,4.0
I21LA184421,3,,fim_semana,0.0,0.0,0.01,0.0,0.0,normal,normal,alta,8,historico fim_semana,4.0
I21LA184421,4,,fim_semana,0.0,0.0,0.01,0.0,0.0,normal,normal,alta,8,historico fim_semana,4.0
I21LA184421,5,,fim_semana,0.0,0.0,0.01,0.0,0.0,normal,normal,alta,8,historico fim_semana,4.0
I21LA184421,6,,fim_semana,0.0,0.0,0.01,0.0,0.0,normal,normal,alta,8,historico fim_semana,4.0
I21LA184421,7,,fim_semana,0.001,0.0003,0.01,0.07,0.07,normal,normal,alta,8,historico fim_semana,4.0
I21LA184421,8,,fim_semana,0.001,0.0006,0.01,0.04,0.04,normal,normal,alta,8,historico fim_semana,4.0
I21LA184421,9,,fim_semana,0.005,0.0027,0.01,0.23,0.23,normal,normal,alta,8,historico fim_semana,4.0
I21LA184421,10,,fim_semana,0.002,0.0042,0.01,-0.22,-0.22,normal,normal,alta,8,historico fim_semana,4.0
I21LA184421,11,,fim_semana,0.013,0.0061,0.01,0.69,0.69,normal,normal,alta,7,historico fim_semana,4.0
I21LA184421,12,,fim_semana,0.003,0.0034,0.01,-0.04,-0.04,normal,normal,alta,7,historico fim_semana,4.0
I21LA184421,13,,fim_semana,0.001,0.0036,0.01,-0.26,-0.26,normal,normal,alta,7,historico fim_semana,4.0
I21LA184421,14,,fim_semana,0.0,0.0007,0.01,-0.07,-0.07,normal,normal,alta,7,historico fim_semana,4.0
I21LA184421,15,,fim_semana,0.001,0.0042,0.01,-0.32,-0.32,normal,normal,alta,8,historico fim_semana,4.0
I21LA184421,16,,fim_semana,0.011,0.0036,0.01,0.74,0.74,normal,normal,alta,8,historico fim_semana,4.0
I21LA184421,17,,fim_semana,0.003,0.0056,0.01,-0.26,-0.26,normal,normal,alta,8,historico fim_semana,4.0
I21LA184421,18,,fim_semana,0.005,0.0056,0.01,-0.06,-0.06,normal,normal,alta,8,historico fim_semana,4.0
I21LA184421,19,,fim_semana,0.0,0.0018,0.01,-0.17,-0.17,normal,normal,alta,8,historico fim_semana,4.0
I21LA184421,20,,fim_semana,0.003,0.0009,0.01,0.21,0.21,normal,normal,alta,8,historico fim_semana,4.0
I21LA184421,21,,fim_semana,0.0,0.0001,0.01,-0.01,-0.01,normal,normal,alta,8,historico fim_semana,4.0
I21LA184421,22,,fim_semana,0.0,0.0,0.01,0.0,0.0,normal,normal,alta,8,historico fim_semana,4.0
I21LA184421,23,,fim_semana,0.0,0.0,0.01,0.0,0.0,normal,normal,alta,8,historico fim_semana,4.0
I21LA184424,0,,fim_semana,0.0,0.0,0.01,0.0,0.0,normal,normal,alta,7,historico fim_semana,4.0
I21LA184424,1,,fim_semana,0.0,0.0,0.01,0.0,0.0,normal,normal,alta,7,historico fim_semana,4.0
I21LA184424,2,,fim_semana,0.0,0.0,0.01,0.0,0.0,normal,normal,alta,7,historico fim_semana,4.0
I21LA184424,3,,fim_semana,0.0,0.0,0.01,0.0,0.0,normal,normal,alta,7,historico fim_semana,4.0
I21LA184424,4,,fim_semana,0.0,0.0,0.01,0.0,0.0,normal,normal,alta,7,historico fim_semana,4.0
I21LA184424,5,,fim_semana,0.0,0.0,0.01,0.0,0.0,normal,normal,alta,7,historico fim_semana,4.0
I21LA184424,6,,fim_semana,0.0,0.0,0.01,0.0,0.0,normal,normal,alta,7,historico fim_semana,4.0
I21LA184424,7,,fim_semana,0.0,0.0,0.01,0.0,0.0,normal,normal,alta,7,historico fim_semana,4.0
I21LA184424,8,,fim_semana,0.0,0.0,0.01,0.0,0.0,normal,normal,alta,7,historico fim_semana,4.0
I21LA184424,9,,fim_semana,0.0,0.0,0.01,0.0,0.0,normal,normal,alta,7,historico fim_semana,4.0
I21LA184424,10,,fim_semana,0.0,0.0,0.01,0.0,0.0,normal,normal,alta,7,historico fim_semana,4.0
I21LA184424,11,,fim_semana,0.0,0.0,0.01,0.0,0.0,normal,normal,alta,7,historico fim_semana,4.0
I21LA184424,12,,fim_semana,0.0,0.0,0.01,0.0,0.0,normal,normal,alta,6,historico fim_semana,4.0
I21LA184424,13,,fim_semana,0.0,0.0,0.01,0.0,0.0,normal,normal,alta,6,historico fim_semana,4.0
I21LA184424,14,,fim_semana,0.0,0.0,0.01,0.0,0.0,normal,normal,alta,6,historico fim_semana,4.0
I21LA184424,15,,fim_semana,0.0,0.0,0.01,0.0,0.0,normal,normal,alta,6,historico fim_semana,4.0
I21LA184424,16,,fim_semana,0.0,0.0,0.01,0.0,0.0,normal,normal,alta,7,historico fim_semana,4.0
I21LA184424,17,,fim_semana,0.0,0.0,0.01,0.0,0.0,normal,normal,alta,7,historico fim_semana,4.0
I21LA184424,18,,fim_semana,0.0,0.0,0.01,0.0,0.0,normal,normal,alta,7,historico fim_semana,4.0
I21LA184424,19,,fim_semana,0.0,0.0,0.01,0.0,0.0,normal,normal,alta,7,historico fim_semana,4.0
I21LA184424,20,,fim_semana,0.0,0.0,0.01,0.0,0.0,normal,normal,alta,8,historico fim_semana,4.0
I21LA184424,21,,fim_semana,0.0,0.0,0.01,0.0,0.0,normal,normal,alta,8,historico fim_semana,4.0
I21LA184424,22,,fim_semana,0.0,0.0,0.01,0.0,0.0,normal,normal,alta,8,historico fim_semana,4.0
I21LA184424,23,,fim_semana,0.0,0.0,0.01,0.0,0.0,normal,normal,alta,8,historico fim_semana,4.0
I21LA184504,0,,fim_semana,0.0,0.0,0.01,0.0,0.0,normal,normal,alta,8,historico fim_semana,4.0
I21LA184504,1,,fim_semana,0.0,0.0,0.01,0.0,0.0,normal,normal,alta,8,historico fim_semana,4.0
I21LA184504,2,,fim_semana,0.0,0.0,0.01,0.0,0.0,normal,normal,alta,8,historico fim_semana,4.0
I21LA184504,3,,fim_semana,0.0,0.0,0.01,0.0,0.0,normal,normal,alta,8,historico fim_semana,4.0
I21LA184504,4,,fim_semana,0.0,0.0,0.01,0.0,0.0,normal,normal,alta,8,historico fim_semana,4.0
I21LA184504,5,,fim_semana,0.0,0.0,0.01,0.0,0.0,normal,normal,alta,8,historico fim_semana,4.0
I21LA184504,6,,fim_semana,0.0,0.0,0.01,0.0,0.0,normal,normal,alta,8,historico fim_semana,4.0
I21LA184504,7,,fim_semana,0.001,0.0001,0.01,0.09,0.09,normal,normal,alta,8,historico fim_semana,4.0
I21LA184504,8,,fim_semana,0.0,0.0,0.01,0.0,0.0,normal,normal,alta,8,historico fim_semana,4.0
I21LA184504,9,,fim_semana,0.0,0.0,0.01,0.0,0.0,normal,normal,alta,7,historico fim_semana,4.0
I21LA184504,10,,fim_semana,0.0,0.0,0.01,0.0,0.0,normal,normal,alta,8,historico fim_semana,4.0
I21LA184504,11,,fim_semana,0.0,0.0,0.01,0.0,0.0,normal,normal,alta,8,historico fim_semana,4.0
I21LA184504,12,,fim_semana,0.0,0.0,0.01,0.0,0.0,normal,normal,alta,8,historico fim_semana,4.0
I21LA184504,13,,fim_semana,0.0,0.0,0.01,0.0,0.0,normal,normal,alta,8,historico fim_semana,4.0
I21LA184504,14,,fim_semana,0.0,0.0,0.01,0.0,0.0,normal,normal,alta,8,historico fim_semana,4.0
I21LA184504,15,,fim_semana,0.0,0.0,0.01,0.0,0.0,normal,normal,alta,8,historico fim_semana,4.0
I21LA184504,16,,fim_semana,0.0,0.0,0.01,0.0,0.0,normal,normal,alta,8,historico fim_semana,4.0
I21LA184504,17,,fim_semana,0.0,0.0,0.01,0.0,0.0,normal,normal,alta,8,historico fim_semana,4.0
I21LA184504,18,,fim_semana,0.0,0.0,0.01,0.0,0.0,normal,normal,alta,8,historico fim_semana,4.0
I21LA184504,19,,fim_semana,0.0,0.0,0.01,0.0,0.0,normal,normal,alta,8,historico fim_semana,4.0
I21LA184504,20,,fim_semana,0.0,0.0,0.01,0.0,0.0,normal,normal,alta,8,historico fim_semana,4.0
I21LA184504,21,,fim_semana,0.0,0.0,0.01,0.0,0.0,normal,normal,alta,8,historico fim_semana,4.0
I21LA184504,22,,fim_semana,0.0,0.0,0.01,0.0,0.0,normal,normal,alta,8,historico fim_semana,4.0
I21LA184504,23,,fim_semana,0.0,0.0,0.01,0.0,0.0,normal,normal,alta,8,historico fim_semana,4.0
I21LA184517,0,,fim_semana,0.0,0.0,0.01,0.0,0.0,normal,normal,alta,7,historico fim_semana,4.0
I21LA184517,1,,fim_semana,0.0,0.0,0.01,0.0,0.0,normal,normal,alta,7,historico fim_semana,4.0
I21LA184517,2,,fim_semana,0.0,0.0,0.01,0.0,0.0,normal,normal,alta,7,historico fim_semana,4.0
I21LA184517,3,,fim_semana,0.0,0.0,0.01,0.0,0.0,normal,normal,alta,7,historico fim_semana,4.0
I21LA184517,4,,fim_semana,0.0,0.0,0.01,0.0,0.0,normal,normal,alta,8,historico fim_semana,4.0
I21LA184517,5,,fim_semana,0.0,0.0,0.01,0.0,0.0,normal,normal,alta,8,historico fim_semana,4.0
I21LA184517,6,,fim_semana,0.0,0.0,0.01,0.0,0.0,normal,normal,alta,8,historico fim_semana,4.0
I21LA184517,7,,fim_semana,0.0,0.0,0.01,0.0,0.0,normal,normal,alta,8,historico fim_semana,4.0
I21LA184517,8,,fim_semana,0.0,0.0,0.01,0.0,0.0,normal,normal,alta,7,historico fim_semana,4.0
I21LA184517,9,,fim_semana,0.0,0.0,0.01,0.0,0.0,normal,normal,alta,7,historico fim_semana,4.0
I21LA184517,10,,fim_semana,0.0,0.0,0.01,0.0,0.0,normal,normal,alta,7,historico fim_semana,4.0
I21LA184517,11,,fim_semana,0.0,0.0,0.01,0.0,0.0,normal,normal,alta,7,historico fim_semana,4.0
I21LA184517,12,,fim_semana,0.0,0.0,0.01,0.0,0.0,normal,normal,alta,8,historico fim_semana,4.0
I21LA184517,13,,fim_semana,0.0,0.0,0.01,0.0,0.0,normal,normal,alta,8,historico fim_semana,4.0
I21LA184517,14,,fim_semana,0.0,0.0,0.01,0.0,0.0,normal,normal,alta,8,historico fim_semana,4.0
I21LA184517,15,,fim_semana,0.0,0.0,0.01,0.0,0.0,normal,normal,alta,8,historico fim_semana,4.0
I21LA184517,16,,fim_semana,0.0,0.0,0.01,0.0,0.0,normal,normal,alta,7,historico fim_semana,4.0
I21LA184517,17,,fim_semana,0.0,0.0,0.01,0.0,0.0,normal,normal,alta,7,historico fim_semana,4.0
I21LA184517,18,,fim_semana,0.0,0.0,0.01,0.0,0.0,normal,normal,alta,7,historico fim_semana,4.0
I21LA184517,19,,fim_semana,0.0,0.0,0.01,0.0,0.0,normal,normal,alta,7,historico fim_semana,4.0
I21LA184517,20,,fim_semana,0.0,0.0,0.01,0.0,0.0,normal,normal,alta,8,historico fim_semana,4.0
I21LA184517,21,,fim_semana,0.0,0.0,0.01,0.0,0.0,normal,normal,alta,8,historico fim_semana,4.0
I21LA184517,22,,fim_semana,0.0,0.0,0.01,0.0,0.0,normal,normal,alta,8,historico fim_semana,4.0
I21LA184517,23,,fim_semana,0.0,0.0,0.01,0.0,0.0,normal,normal,alta,8,historico fim_semana,4.0
I21LA185911,0,,fim_semana,0.0,0.0,0.01,0.0,0.0,normal,normal,alta,8,historico fim_semana,4.0
I21LA185911,1,,fim_semana,0.0,0.0,0.01,0.0,0.0,normal,normal,alta,8,historico fim_semana,4.0
I21LA185911,2,,fim_semana,0.0,0.0,0.01,0.0,0.0,normal,normal,alta,8,historico fim_semana,4.0
I21LA185911,3,,fim_semana,0.0,0.0,0.01,0.0,0.0,normal,normal,alta,8,historico fim_semana,4.0
I21LA185911,4,,fim_semana,0.0,0.0,0.01,0.0,0.0,normal,normal,alta,8,historico fim_semana,4.0
I21LA185911,5,,fim_semana,0.0,0.0,0.01,0.0,0.0,normal,normal,alta,8,historico fim_semana,4.0
I21LA185911,6,,fim_semana,0.0,0.0,0.01,0.0,0.0,normal,normal,alta,8,historico fim_semana,4.0
I21LA185911,7,,fim_semana,0.0,0.0,0.01,0.0,0.0,normal,normal,alta,8,historico fim_semana,4.0
I21LA185911,8,,fim_semana,0.0,0.0,0.01,0.0,0.0,normal,normal,alta,7,historico fim_semana,4.0
I21LA185911,9,,fim_semana,0.0,0.0,0.01,0.0,0.0,normal,normal,alta,7,historico fim_semana,4.0
I21LA185911,10,,fim_semana,0.0,0.0,0.01,0.0,0.0,normal,normal,alta,7,historico fim_semana,4.0
I21LA185911,11,,fim_semana,0.0,0.0,0.01,0.0,0.0,normal,normal,alta,7,historico fim_semana,4.0
I21LA185911,12,,fim_semana,0.0,0.0,0.01,0.0,0.0,normal,normal,alta,8,historico fim_semana,4.0
I21LA185911,13,,fim_semana,0.0,0.0,0.01,0.0,0.0,normal,normal,alta,8,historico fim_semana,4.0
I21LA185911,14,,fim_semana,0.0,0.0,0.01,0.0,0.0,normal,normal,alta,8,historico fim_semana,4.0
I21LA185911,15,,fim_semana,0.0,0.0,0.01,0.0,0.0,normal,normal,alta,8,historico fim_semana,4.0
I21LA185911,16,,fim_semana,0.0,0.0,0.01,0.0,0.0,normal,normal,alta,7,historico fim_semana,4.0
I21LA185911,17,,fim_semana,0.0,0.0,0.01,0.0,0.0,normal,normal,alta,7,historico fim_semana,4.0
I21LA185911,18,,fim_semana,0.0,0.0,0.01,0.0,0.0,normal,normal,alta,7,historico fim_semana,4.0
I21LA185911,19,,fim_semana,0.0,0.0,0.01,0.0,0.0,normal,normal,alta,7,historico fim_semana,4.0
I21LA186120,0,,fim_semana,0.089,0.0886,0.0222,0.02,0.02,normal,normal,alta,8,historico fim_semana,4.0
I21LA186120,1,,fim_semana,0.088,0.0886,0.0222,-0.03,-0.03,normal,normal,alta,8,historico fim_semana,4.0
I21LA186120,2,,fim_semana,0.089,0.0886,0.0222,0.02,0.02,normal,normal,alta,8,historico fim_semana,4.0
I21LA186120,3,,fim_semana,0.087,0.0881,0.022,-0.05,-0.05,normal,normal,alta,8,historico fim_semana,4.0
I21LA186120,4,,fim_semana,0.088,0.0882,0.0221,-0.01,-0.01,normal,normal,alta,8,historico fim_semana,4.0
I21LA186120,5,,fim_semana,0.088,0.088,0.022,0.0,0.0,normal,normal,alta,8,historico fim_semana,4.0
I21LA186120,6,,fim_semana,0.091,0.0911,0.0228,-0.01,-0.01,normal,normal,alta,8,historico fim_semana,4.0
I21LA186120,7,,fim_semana,0.113,0.0988,0.0247,0.58,0.58,normal,normal,alta,8,historico fim_semana,4.0
I21LA186120,8,,fim_semana,0.102,0.0986,0.0247,0.14,0.14,normal,normal,alta,8,historico fim_semana,4.0
I21LA186120,9,,fim_semana,0.09,0.0979,0.0245,-0.32,-0.32,normal,normal,alta,8,historico fim_semana,4.0
I21LA186120,10,,fim_semana,0.092,0.0959,0.024,-0.16,-0.16,normal,normal,alta,8,historico fim_semana,4.0
I21LA186120,11,,fim_semana,0.098,0.1031,0.0291,-0.18,-0.18,normal,normal,alta,8,historico fim_semana,4.0
I21LA186120,12,,fim_semana,0.094,0.1025,0.0256,-0.33,-0.33,normal,normal,alta,8,historico fim_semana,4.0
I21LA186120,13,,fim_semana,0.089,0.0929,0.0232,-0.17,-0.17,normal,normal,alta,8,historico fim_semana,4.0
I21LA186120,14,,fim_semana,0.093,0.0956,0.0239,-0.11,-0.11,normal,normal,alta,8,historico fim_semana,4.0
I21LA186120,15,,fim_semana,0.101,0.103,0.0258,-0.08,-0.08,normal,normal,alta,8,historico fim_semana,4.0
I21LA186120,16,,fim_semana,0.091,0.0968,0.0242,-0.24,-0.24,normal,normal,alta,8,historico fim_semana,4.0
I21LA186120,17,,fim_semana,0.1,0.1023,0.0256,-0.09,-0.09,normal,normal,alta,8,historico fim_semana,4.0
I21LA186120,18,,fim_semana,0.106,0.0949,0.0237,0.47,0.47,normal,normal,alta,8,historico fim_semana,4.0
I21LA186120,19,,fim_semana,0.1,0.0902,0.0226,0.43,0.43,normal,normal,alta,8,historico fim_semana,4.0
I21LA186120,20,,fim_semana,0.089,0.0927,0.0232,-0.16,-0.16,normal,normal,alta,8,historico fim_semana,4.0
I21LA186120,21,,fim_semana,0.087,0.0896,0.0224,-0.12,-0.12,normal,normal,alta,8,historico fim_semana,4.0
I21LA186120,22,,fim_semana,0.088,0.0885,0.0221,-0.02,-0.02,normal,normal,alta,8,historico fim_semana,4.0
I21LA186120,23,,fim_semana,0.087,0.0885,0.0221,-0.07,-0.07,normal,normal,alta,8,historico fim_semana,4.0
I21LA186299,0,,fim_semana,0.0,0.0,0.01,0.0,0.0,normal,normal,alta,8,historico fim_semana,4.0
I21LA186299,1,,fim_semana,0.0,0.0,0.01,0.0,0.0,normal,normal,alta,7,historico fim_semana,4.0
I21LA186299,2,,fim_semana,0.0,0.0,0.01,0.0,0.0,normal,normal,alta,7,historico fim_semana,4.0
I21LA186299,3,,fim_semana,0.0,0.0,0.01,0.0,0.0,normal,normal,alta,7,historico fim_semana,4.0
I21LA186299,4,,fim_semana,0.0,0.0,0.01,0.0,0.0,normal,normal,alta,8,historico fim_semana,4.0
I21LA186299,5,,fim_semana,0.0,0.0,0.01,0.0,0.0,normal,normal,alta,8,historico fim_semana,4.0
I21LA186299,6,,fim_semana,0.0,0.0,0.01,0.0,0.0,normal,normal,alta,8,historico fim_semana,4.0
I21LA186299,7,,fim_semana,0.0,0.0,0.01,0.0,0.0,normal,normal,alta,8,historico fim_semana,4.0
I21LA186299,8,,fim_semana,0.0,0.0,0.01,0.0,0.0,normal,normal,alta,7,historico fim_semana,4.0
I21LA186299,9,,fim_semana,0.0,0.0311,0.0824,-0.38,-0.38,normal,normal,alta,7,historico fim_semana,4.0
I21LA186299,10,,fim_semana,0.0,0.0264,0.0699,-0.38,-0.38,normal,normal,alta,7,historico fim_semana,4.0
I21LA186299,11,,fim_semana,0.0,0.0207,0.0548,-0.38,-0.38,normal,normal,alta,7,historico fim_semana,4.0
I21LA186299,12,,fim_semana,0.0,0.0,0.01,0.0,0.0,normal,normal,alta,8,historico fim_semana,4.0
I21LA186299,13,,fim_semana,0.0,0.0119,0.0336,-0.35,-0.35,normal,normal,alta,8,historico fim_semana,4.0
I21LA186299,14,,fim_semana,0.0,0.0676,0.1913,-0.35,-0.35,normal,normal,alta,8,historico fim_semana,4.0
I21LA186299,15,,fim_semana,0.0,0.032,0.0905,-0.35,-0.35,normal,normal,alta,8,historico fim_semana,4.0
I21LA186299,16,,fim_semana,0.0,0.0083,0.0233,-0.35,-0.35,normal,normal,alta,8,historico fim_semana,4.0
I21LA186299,17,,fim_semana,0.0,0.0004,0.01,-0.04,-0.04,normal,normal,alta,8,historico fim_semana,4.0
I21LA186299,18,,fim_semana,0.0,0.0,0.01,0.0,0.0,normal,normal,alta,8,historico fim_semana,4.0
I21LA186299,19,,fim_semana,0.0,0.0,0.01,0.0,0.0,normal,normal,alta,8,historico fim_semana,4.0
I21LA186299,20,,fim_semana,0.0,0.0,0.01,0.0,0.0,normal,normal,baixa,4,historico fim_semana (poucos dados),4.0
I21LA186299,21,,fim_semana,0.0,0.0,0.01,0.0,0.0,normal,normal,baixa,4,historico fim_semana (poucos dados),4.0
I21LA186299,22,,fim_semana,0.0,0.0,0.01,0.0,0.0,normal,normal,baixa,4,historico fim_semana (poucos dados),4.0
I21LA186299,23,,fim_semana,0.0,0.0,0.01,0.0,0.0,normal,normal,baixa,4,historico fim_semana (poucos dados),4.0
I21LA186317,0,,fim_semana,0.0,0.0,0.01,0.0,0.0,normal,normal,alta,8,historico fim_semana,4.0
I21LA186317,1,,fim_semana,0.0,0.0,0.01,0.0,0.0,normal,normal,alta,8,historico fim_semana,4.0
I21LA186317,2,,fim_semana,0.0,0.0,0.01,0.0,0.0,normal,normal,alta,8,historico fim_semana,4.0
I21LA186317,3,,fim_semana,0.0,0.0,0.01,0.0,0.0,normal,normal,alta,8,historico fim_semana,4.0
I21LA186317,4,,fim_semana,0.0,0.0,0.01,0.0,0.0,normal,normal,alta,8,historico fim_semana,4.0
I21LA186317,5,,fim_semana,0.0,0.0,0.01,0.0,0.0,normal,normal,alta,8,historico fim_semana,4.0
I21LA186317,6,,fim_semana,0.0,0.0,0.01,0.0,0.0,normal,normal,alta,8,historico fim_semana,4.0
I21LA186317,7,,fim_semana,0.0,0.0,0.01,0.0,0.0,normal,normal,alta,8,historico fim_semana,4.0
I21LA186317,8,,fim_semana,0.0,0.0,0.01,0.0,0.0,normal,normal,alta,8,historico fim_semana,4.0
I21LA186317,9,,fim_semana,0.0,0.0039,0.01,-0.39,-0.39,normal,normal,alta,8,historico fim_semana,4.0
I21LA186317,10,,fim_semana,0.009,0.0106,0.0137,-0.12,-0.12,normal,normal,alta,8,historico fim_semana,4.0
I21LA186317,11,,fim_semana,0.045,0.0184,0.0162,1.64,1.64,normal,normal,alta,8,historico fim_semana,4.0
I21LA186317,12,,fim_semana,0.01,0.0099,0.0153,0.01,0.01,normal,normal,alta,8,historico fim_semana,4.0
I21LA186317,13,,fim_semana,0.012,0.005,0.01,0.7,0.7,normal,normal,alta,8,historico fim_semana,4.0
I21LA186317,14,,fim_semana,0.0,0.0059,0.01,-0.59,-0.59,normal,normal,alta,8,historico fim_semana,4.0
I21LA186317,15,,fim_semana,0.007,0.0073,0.01,-0.03,-0.03,normal,normal,alta,8,historico fim_semana,4.0
I21LA186317,16,,fim_semana,0.04,0.0156,0.0144,1.69,1.69,normal,normal,alta,8,historico fim_semana,4.0
I21LA186317,17,,fim_semana,0.018,0.0148,0.013,0.25,0.25,normal,normal,alta,8,historico fim_semana,4.0
I21LA186317,18,,fim_semana,0.038,0.0149,0.0125,1.85,1.85,normal,normal,alta,8,historico fim_semana,4.0
I21LA186317,19,,fim_semana,0.004,0.0069,0.0135,-0.21,-0.21,normal,normal,alta,8,historico fim_semana,4.0
I21LA186317,20,,fim_semana,0.0,0.0,0.01,0.0,0.0,normal,normal,alta,8,historico fim_semana,4.0
I21LA186317,21,,fim_semana,0.0,0.0,0.01,0.0,0.0,normal,normal,alta,8,historico fim_semana,4.0
I21LA186317,22,,fim_semana,0.0,0.0,0.01,0.0,0.0,normal,normal,alta,8,historico fim_semana,4.0
I21LA186317,23,,fim_semana,0.0,0.0,0.01,0.0,0.0,normal,normal,alta,8,historico fim_semana,4.0
I21LA190301,0,,fim_semana,0.0,0.0,0.01,0.0,0.0,normal,normal,alta,7,historico fim_semana,4.0
I21LA190301,1,,fim_semana,0.0,0.0,0.01,0.0,0.0,normal,normal,alta,8,historico fim_semana,4.0
I21LA190301,2,,fim_semana,0.0,0.0,0.01,0.0,0.0,normal,normal,alta,8,historico fim_semana,4.0
I21LA190301,3,,fim_semana,0.0,0.0,0.01,0.0,0.0,normal,normal,alta,8,historico fim_semana,4.0
I21LA190301,4,,fim_semana,0.0,0.0,0.01,0.0,0.0,normal,normal,alta,8,historico fim_semana,4.0
I21LA190301,5,,fim_semana,0.0,0.0,0.01,0.0,0.0,normal,normal,alta,7,historico fim_semana,4.0
I21LA190301,6,,fim_semana,0.0,0.0,0.01,0.0,0.0,normal,normal,alta,7,historico fim_semana,4.0
I21LA190301,7,,fim_semana,0.0,0.0,0.01,0.0,0.0,normal,normal,alta,7,historico fim_semana,4.0
I21LA190301,8,,fim_semana,0.0,0.0,0.01,0.0,0.0,normal,normal,alta,7,historico fim_semana,4.0
I21LA190301,9,,fim_semana,0.0,0.0,0.01,0.0,0.0,normal,normal,alta,7,historico fim_semana,4.0
I21LA190301,10,,fim_semana,0.0,0.0,0.01,0.0,0.0,normal,normal,alta,7,historico fim_semana,4.0
I21LA190301,11,,fim_semana,0.0,0.0,0.01,0.0,0.0,normal,normal,alta,7,historico fim_semana,4.0
I21LA190301,12,,fim_semana,0.0,0.0,0.01,0.0,0.0,normal,normal,alta,7,historico fim_semana,4.0
I21LA190301,13,,fim_semana,0.0,0.0,0.01,0.0,0.0,normal,normal,alta,7,historico fim_semana,4.0
I21LA190301,14,,fim_semana,0.0,0.0,0.01,0.0,0.0,normal,normal,alta,8,historico fim_semana,4.0
I21LA190301,15,,fim_semana,0.0,0.0,0.01,0.0,0.0,normal,normal,alta,8,historico fim_semana,4.0
I21LA190301,16,,fim_semana,0.0,0.0,0.01,0.0,0.0,normal,normal,alta,8,historico fim_semana,4.0
I21LA190301,17,,fim_semana,0.0,0.0,0.01,0.0,0.0,normal,normal,alta,6,historico fim_semana,4.0
I21LA190301,18,,fim_semana,0.0,0.0,0.01,0.0,0.0,normal,normal,alta,6,historico fim_semana,4.0
I21LA190301,19,,fim_semana,0.0,0.0,0.01,0.0,0.0,normal,normal,alta,6,historico fim_semana,4.0
I21LA190301,20,,fim_semana,0.0,0.0,0.01,0.0,0.0,normal,normal,alta,6,historico fim_semana,4.0
I21LA190301,21,,fim_semana,0.0,0.0,0.01,0.0,0.0,normal,normal,alta,8,historico fim_semana,4.0
I21LA190301,22,,fim_semana,0.0,0.0,0.01,0.0,0.0,normal,normal,alta,8,historico fim_semana,4.0
I21LA190301,23,,fim_semana,0.0,0.0,0.01,0.0,0.0,normal,normal,alta,8,historico fim_semana,4.0
I21LA327835,0,,fim_semana,0.0,0.0,0.01,0.0,0.0,normal,normal,alta,8,historico fim_semana,4.0
I21LA327835,1,,fim_semana,0.0,0.0,0.01,0.0,0.0,normal,normal,alta,8,historico fim_semana,4.0
I21LA327835,2,,fim_semana,0.0,0.0,0.01,0.0,0.0,normal,normal,alta,8,historico fim_semana,4.0
I21LA327835,3,,fim_semana,0.0,0.0,0.01,0.0,0.0,normal,normal,alta,8,historico fim_semana,4.0
I21LA327835,4,,fim_semana,0.0,0.0,0.01,0.0,0.0,normal,normal,alta,8,historico fim_semana,4.0
I21LA327835,5,,fim_semana,0.0,0.0096,0.0272,-0.35,-0.35,normal,normal,alta,8,historico fim_semana,4.0
I21LA327835,6,,fim_semana,0.0,0.0145,0.041,-0.35,-0.35,normal,normal,alta,8,historico fim_semana,4.0
I21LA327835,7,,fim_semana,0.017,0.0166,0.01,0.04,0.04,normal,normal,alta,8,historico fim_semana,4.0
I21LA327835,8,,fim_semana,0.0,0.0036,0.01,-0.36,-0.36,normal,normal,alta,8,historico fim_semana,4.0
I21LA327835,9,,fim_semana,0.0,0.0013,0.01,-0.13,-0.13,normal,normal,alta,6,historico fim_semana,4.0
I21LA327835,10,,fim_semana,0.0,0.003,0.01,-0.3,-0.3,normal,normal,alta,6,historico fim_semana,4.0
I21LA327835,11,,fim_semana,0.016,0.0065,0.01,0.95,0.95,normal,normal,alta,6,historico fim_semana,4.0
I21LA327835,12,,fim_semana,0.008,0.011,0.0269,-0.11,-0.11,normal,normal,alta,6,historico fim_semana,4.0
I21LA327835,13,,fim_semana,0.007,0.0026,0.01,0.44,0.44,normal,normal,alta,5,historico fim_semana,4.0
I21LA327835,14,,fim_semana,0.0,0.0,0.01,0.0,0.0,normal,normal,alta,5,historico fim_semana,4.0
I21LA327835,15,,fim_semana,0.0,0.0012,0.01,-0.12,-0.12,normal,normal,alta,5,historico fim_semana,4.0
I21LA327835,16,,fim_semana,0.0,0.0,0.01,0.0,0.0,normal,normal,alta,5,historico fim_semana,4.0
I21LA327835,17,,fim_semana,0.0,0.0095,0.0159,-0.6,-0.6,normal,normal,alta,6,historico fim_semana,4.0
I21LA327835,18,,fim_semana,0.0,0.0187,0.0386,-0.48,-0.48,normal,normal,alta,6,historico fim_semana,4.0
I21LA327835,19,,fim_semana,0.0,0.0,0.01,0.0,0.0,normal,normal,alta,6,historico fim_semana,4.0
I21LA327835,20,,fim_semana,0.0,0.0,0.01,0.0,0.0,normal,normal,alta,6,historico fim_semana,4.0
I21LA327835,21,,fim_semana,0.0,0.0049,0.0112,-0.43,-0.43,normal,normal,alta,8,historico fim_semana,4.0
I21LA327835,22,,fim_semana,0.0,0.0,0.01,0.0,0.0,normal,normal,alta,8,historico fim_semana,4.0
I21LA327835,23,,fim_semana,0.0,0.0,0.01,0.0,0.0,normal,normal,alta,8,historico fim_semana,4.0
I21LA327884,0,,fim_semana,0.0,0.0,0.01,0.0,0.0,normal,normal,alta,8,historico fim_semana,4.0
I21LA327884,1,,fim_semana,0.0,0.0,0.01,0.0,0.0,normal,normal,alta,8,historico fim_semana,4.0
I21LA327884,2,,fim_semana,0.0,0.0,0.01,0.0,0.0,normal,normal,alta,8,historico fim_semana,4.0
I21LA327884,3,,fim_semana,0.0,0.0,0.01,0.0,0.0,normal,normal,alta,8,historico fim_semana,4.0
I21LA327884,4,,fim_semana,0.0,0.0003,0.01,-0.03,-0.03,normal,normal,alta,8,historico fim_semana,4.0
I21LA327884,5,,fim_semana,0.0,0.0,0.01,0.0,0.0,normal,normal,alta,8,historico fim_semana,4.0
I21LA327884,6,,fim_semana,0.0,0.0003,0.01,-0.03,-0.03,normal,normal,alta,8,historico fim_semana,4.0
I21LA327884,7,,fim_semana,0.0,0.0,0.01,0.0,0.0,normal,normal,alta,8,historico fim_semana,4.0
I21LA327884,8,,fim_semana,0.0,0.0,0.01,0.0,0.0,normal,normal,alta,8,historico fim_semana,4.0
I21LA327884,9,,fim_semana,0.0,0.0,0.01,0.0,0.0,normal,normal,alta,8,historico fim_semana,4.0
I21LA327884,10,,fim_semana,0.0,0.0,0.01,0.0,0.0,normal,normal,alta,8,historico fim_semana,4.0
I21LA327884,11,,fim_semana,0.0,0.0009,0.01,-0.09,-0.09,normal,normal,alta,8,historico fim_semana,4.0
I21LA327884,12,,fim_semana,0.0,0.0004,0.01,-0.04,-0.04,normal,normal,alta,8,historico fim_semana,4.0
I21LA327884,13,,fim_semana,0.0,0.0003,0.01,-0.03,-0.03,normal,normal,alta,8,historico fim_semana,4.0
I21LA327884,14,,fim_semana,0.003,0.0009,0.01,0.21,0.21,normal,normal,alta,8,historico fim_semana,4.0
I21LA327884,15,,fim_semana,0.0,0.0005,0.01,-0.05,-0.05,normal,normal,alta,8,historico fim_semana,4.0
I21LA327884,16,,fim_semana,0.0,0.0005,0.01,-0.05,-0.05,normal,normal,alta,8,historico fim_semana,4.0
I21LA327884,17,,fim_semana,0.0,0.0,0.01,0.0,0.0,normal,normal,alta,8,historico fim_semana,4.0
I21LA327884,18,,fim_semana,0.0,0.0009,0.01,-0.09,-0.09,normal,normal,alta,8,historico fim_semana,4.0
I21LA327884,19,,fim_semana,0.002,0.0003,0.01,0.17,0.17,normal,normal,alta,8,historico fim_semana,4.0
I21LA327884,20,,fim_semana,0.0,0.0003,0.01,-0.03,-0.03,normal,normal,alta,8,historico fim_semana,4.0
I21LA327884,21,,fim_semana,0.0,0.0,0.01,0.0,0.0,normal,normal,alta,8,historico fim_semana,4.0
I21LA327884,22,,fim_semana,0.0,0.0001,0.01,-0.01,-0.01,normal,normal,alta,8,historico fim_semana,4.0
I21LA327884,23,,fim_semana,0.0,0.0,0.01,0.0,0.0,normal,normal,alta,8,historico fim_semana,4.0
I21LA389336,0,,fim_semana,0.0,0.0,0.01,0.0,0.0,normal,normal,alta,8,historico fim_semana,4.0
I21LA389336,1,,fim_semana,0.0,0.0,0.01,0.0,0.0,normal,normal,alta,8,historico fim_semana,4.0
I21LA389336,2,,fim_semana,0.0,0.0,0.01,0.0,0.0,normal,normal,alta,8,historico fim_semana,4.0
I21LA389336,3,,fim_semana,0.0,0.0,0.01,0.0,0.0,normal,normal,alta,8,historico fim_semana,4.0
I21LA389336,4,,fim_semana,0.0,0.0,0.01,0.0,0.0,normal,normal,alta,8,historico fim_semana,4.0
I21LA389336,5,,fim_semana,0.0,0.0,0.01,0.0,0.0,normal,normal,alta,8,historico fim_semana,4.0
I21LA389336,6,,fim_semana,0.0,0.0,0.01,0.0,0.0,normal,normal,alta,8,historico fim_semana,4.0
I21LA389336,7,,fim_semana,0.0,0.0,0.01,0.0,0.0,normal,normal,alta,8,historico fim_semana,4.0
I21LA389336,8,,fim_semana,0.0,0.0,0.01,0.0,0.0,normal,normal,alta,8,historico fim_semana,4.0
I21LA389336,9,,fim_semana,0.0,0.0,0.01,0.0,0.0,normal,normal,alta,8,historico fim_semana,4.0
I21LA389336,10,,fim_semana,0.0,0.0,0.01,0.0,0.0,normal,normal,alta,8,historico fim_semana,4.0
I21LA389336,11,,fim_semana,0.0,0.0,0.01,0.0,0.0,normal,normal,alta,8,historico fim_semana,4.0
I21LA389336,12,,fim_semana,0.0,0.0,0.01,0.0,0.0,normal,normal,alta,8,historico fim_semana,4.0
I21LA389336,13,,fim_semana,0.0,0.0,0.01,0.0,0.0,normal,normal,alta,8,historico fim_semana,4.0
I21LA389336,14,,fim_semana,0.0,0.0,0.01,0.0,0.0,normal,normal,alta,8,historico fim_semana,4.0
I21LA389336,15,,fim_semana,0.0,0.0,0.01,0.0,0.0,normal,normal,alta,8,historico fim_semana,4.0
I21LA389336,16,,fim_semana,0.0,0.0,0.01,0.0,0.0,normal,normal,alta,8,historico fim_semana,4.0
I21LA389336,17,,fim_semana,0.0,0.0,0.01,0.0,0.0,normal,normal,alta,8,historico fim_semana,4.0
I21LA389336,18,,fim_semana,0.0,0.0,0.01,0.0,0.0,normal,normal,alta,8,historico fim_semana,4.0
I21LA389336,19,,fim_semana,0.0,0.0,0.01,0.0,0.0,normal,normal,alta,8,historico fim_semana,4.0
I21LA389336,20,,fim_semana,0.0,0.0,0.01,0.0,0.0,normal,normal,alta,8,historico fim_semana,4.0
I21LA389336,21,,fim_semana,0.0,0.0,0.01,0.0,0.0,normal,normal,alta,8,historico fim_semana,4.0
I21LA389336,22,,fim_semana,0.0,0.0,0.01,0.0,0.0,normal,normal,alta,8,historico fim_semana,4.0
I21LA389336,23,,fim_semana,0.0,0.0,0.01,0.0,0.0,normal,normal,alta,8,historico fim_semana,4.0
I21MF951608T,0,,fim_semana,0.0,0.0,0.01,0.0,0.0,normal,normal,alta,7,historico fim_semana,4.0
I21MF951608T,1,,fim_semana,0.0,0.0,0.01,0.0,0.0,normal,normal,alta,7,historico fim_semana,4.0
I21MF951608T,2,,fim_semana,0.0,0.0,0.01,0.0,0.0,normal,normal,alta,7,historico fim_semana,4.0
I21MF951608T,3,,fim_semana,0.0,0.0,0.01,0.0,0.0,normal,normal,alta,8,historico fim_semana,4.0
I21MF951608T,4,,fim_semana,0.0,0.0,0.01,0.0,0.0,normal,normal,alta,8,historico fim_semana,4.0
I21MF951608T,5,,fim_semana,0.0,0.0,0.01,0.0,0.0,normal,normal,alta,8,historico fim_semana,4.0
I21MF951608T,6,,fim_semana,0.0,0.0,0.01,0.0,0.0,normal,normal,alta,8,historico fim_semana,4.0
I21MF951608T,7,,fim_semana,0.0,0.0,0.01,0.0,0.0,normal,normal,alta,7,historico fim_semana,4.0
I21MF951608T,8,,fim_semana,0.0,0.0,0.01,0.0,0.0,normal,normal,alta,7,historico fim_semana,4.0
I21MF951608T,9,,fim_semana,0.0,0.0,0.01,0.0,0.0,normal,normal,alta,7,historico fim_semana,4.0
I21MF951608T,10,,fim_semana,0.0,0.0,0.01,0.0,0.0,normal,normal,alta,7,historico fim_semana,4.0
I21MF951608T,15,,fim_semana,0.0,0.0,0.01,0.0,0.0,normal,normal,alta,8,historico fim_semana,4.0
I21MF951608T,16,,fim_semana,0.0,0.0,0.01,0.0,0.0,normal,normal,alta,8,historico fim_semana,4.0
I21MF951608T,17,,fim_semana,0.0,0.0,0.01,0.0,0.0,normal,normal,alta,8,historico fim_semana,4.0
I21MF951608T,18,,fim_semana,0.0,0.0,0.01,0.0,0.0,normal,normal,alta,8,historico fim_semana,4.0
I21MF951608T,19,,fim_semana,0.0,0.0,0.01,0.0,0.0,normal,normal,alta,8,historico fim_semana,4.0
I21MF951608T,20,,fim_semana,0.0,0.0,0.01,0.0,0.0,normal,normal,alta,8,historico fim_semana,4.0
I21MF951608T,21,,fim_semana,0.0,0.0,0.01,0.0,0.0,normal,normal,alta,8,historico fim_semana,4.0
I21MF951608T,22,,fim_semana,0.0,0.0,0.01,0.0,0.0,normal,normal,alta,8,historico fim_semana,4.0
I21MF951608T,23,,fim_semana,0.0,0.0,0.01,0.0,0.0,normal,normal,alta,8,historico fim_semana,4.0
I22JC014382A,0,,fim_semana,0.001,0.0,0.01,0.1,0.1,normal,normal,alta,8,historico fim_semana,4.0
I22JC014382A,1,,fim_semana,0.0,0.0,0.01,0.0,0.0,normal,normal,alta,8,historico fim_semana,4.0
I22JC014382A,2,,fim_semana,0.0,0.0,0.01,0.0,0.0,normal,normal,alta,8,historico fim_semana,4.0
I22JC014382A,3,,fim_semana,0.0,0.0,0.01,0.0,0.0,normal,normal,alta,8,historico fim_semana,4.0
I22JC014382A,4,,fim_semana,0.0,0.0,0.01,0.0,0.0,normal,normal,alta,8,historico fim_semana,4.0
I22JC014382A,5,,fim_semana,0.0,0.0,0.01,0.0,0.0,normal,normal,alta,8,historico fim_semana,4.0
I22JC014382A,6,,fim_semana,0.0,0.0001,0.01,-0.01,-0.01,normal,normal,alta,8,historico fim_semana,4.0
I22JC014382A,7,,fim_semana,0.0,0.0,0.01,0.0,0.0,normal,normal,alta,8,historico fim_semana,4.0
I22JC014382A,8,,fim_semana,0.0,0.0003,0.01,-0.03,-0.03,normal,normal,alta,8,historico fim_semana,4.0
I22JC014382A,9,,fim_semana,0.0,0.0001,0.01,-0.01,-0.01,normal,normal,alta,8,historico fim_semana,4.0
I22JC014382A,10,,fim_semana,0.0,0.0003,0.01,-0.03,-0.03,normal,normal,alta,8,historico fim_semana,4.0
I22JC014382A,11,,fim_semana,0.0,0.0003,0.01,-0.03,-0.03,normal,normal,alta,8,historico fim_semana,4.0
I22JC014382A,12,,fim_semana,0.002,0.0003,0.01,0.17,0.17,normal,normal,alta,8,historico fim_semana,4.0
I22JC014382A,13,,fim_semana,0.0,0.0005,0.01,-0.05,-0.05,normal,normal,alta,8,historico fim_semana,4.0
I22JC014382A,14,,fim_semana,0.0,0.0,0.01,0.0,0.0,normal,normal,alta,8,historico fim_semana,4.0
I22JC014382A,15,,fim_semana,0.0,0.0001,0.01,-0.01,-0.01,normal,normal,alta,8,historico fim_semana,4.0
I22JC014382A,16,,fim_semana,0.0,0.0001,0.01,-0.01,-0.01,normal,normal,alta,8,historico fim_semana,4.0
I22JC014382A,17,,fim_semana,0.0,0.0,0.01,0.0,0.0,normal,normal,alta,8,historico fim_semana,4.0
I22JC014382A,18,,fim_semana,0.0,0.0,0.01,0.0,0.0,normal,normal,alta,8,historico fim_semana,4.0
I22JC014382A,19,,fim_semana,0.0,0.0,0.01,0.0,0.0,normal,normal,alta,8,historico fim_semana,4.0
I22JC014382A,20,,fim_semana,0.0,0.0003,0.01,-0.03,-0.03,normal,normal,alta,8,historico fim_semana,4.0
I22JC014382A,21,,fim_semana,0.0,0.0,0.01,0.0,0.0,normal,normal,alta,8,historico fim_semana,4.0
I22JC014382A,22,,fim_semana,0.0,0.0,0.01,0.0,0.0,normal,normal,alta,8,historico fim_semana,4.0
I22JC014382A,23,,fim_semana,0.0,0.0,0.01,0.0,0.0,normal,normal,alta,8,historico fim_semana,4.0
I22JC094262H,0,,fim_semana,0.0,0.0,0.01,0.0,0.0,normal,normal,alta,8,historico fim_semana,4.0
I22JC094262H,1,,fim_semana,0.0,0.0,0.01,0.0,0.0,normal,normal,alta,8,historico fim_semana,4.0
I22JC094262H,2,,fim_semana,0.0,0.0,0.01,0.0,0.0,normal,normal,alta,8,historico fim_semana,4.0
I22JC094262H,3,,fim_semana,0.0,0.0,0.01,0.0,0.0,normal,normal,alta,8,historico fim_semana,4.0
I22JC094262H,4,,fim_semana,0.0,0.0,0.01,0.0,0.0,normal,normal,alta,8,historico fim_semana,4.0
I22JC094262H,5,,fim_semana,0.0,0.0,0.01,0.0,0.0,normal,normal,alta,8,historico fim_semana,4.0
I22JC094262H,6,,fim_semana,0.0,0.0,0.01,0.0,0.0,normal,normal,alta,8,historico fim_semana,4.0
I22JC094262H,7,,fim_semana,0.0,0.0,0.01,0.0,0.0,normal,normal,alta,8,historico fim_semana,4.0
I22JC094262H,8,,fim_semana,0.0,0.0,0.01,0.0,0.0,normal,normal,alta,8,historico fim_semana,4.0
I22JC094262H,9,,fim_semana,0.0,0.0,0.01,0.0,0.0,normal,normal,alta,8,historico fim_semana,4.0
I22JC094262H,10,,fim_semana,0.0,0.0,0.01,0.0,0.0,normal,normal,alta,7,historico fim_semana,4.0
I22JC094262H,11,,fim_semana,0.0,0.0,0.01,0.0,0.0,normal,normal,alta,7,historico fim_semana,4.0
I22JC094262H,12,,fim_semana,0.0,0.0,0.01,0.0,0.0,normal,normal,alta,7,historico fim_semana,4.0
I22JC094262H,13,,fim_semana,0.0,0.0,0.01,0.0,0.0,normal,normal,alta,7,historico fim_semana,4.0
I22JC094262H,14,,fim_semana,0.0,0.0,0.01,0.0,0.0,normal,normal,alta,8,historico fim_semana,4.0
I22JC094262H,15,,fim_semana,0.0,0.0,0.01,0.0,0.0,normal,normal,alta,8,historico fim_semana,4.0
I22JC094262H,16,,fim_semana,0.0,0.0,0.01,0.0,0.0,normal,normal,alta,8,historico fim_semana,4.0
I22JC094262H,17,,fim_semana,0.0,0.0,0.01,0.0,0.0,normal,normal,alta,8,historico fim_semana,4.0
I22JC094262H,18,,fim_semana,0.0,0.0,0.01,0.0,0.0,normal,normal,alta,8,historico fim_semana,4.0
I22JC094262H,19,,fim_semana,0.0,0.0,0.01,0.0,0.0,normal,normal,alta,8,historico fim_semana,4.0
I22JC094262H,20,,fim_semana,0.0,0.0,0.01,0.0,0.0,normal,normal,alta,8,historico fim_semana,4.0
I22JC094262H,21,,fim_semana,0.0,0.0,0.01,0.0,0.0,normal,normal,alta,8,historico fim_semana,4.0
I22JC094262H,22,,fim_semana,0.0,0.0,0.01,0.0,0.0,normal,normal,alta,7,historico fim_semana,4.0
I22JC094262H,23,,fim_semana,0.0,0.0,0.01,0.0,0.0,normal,normal,alta,7,historico fim_semana,4.0
I22JC094273K,0,,fim_semana,0.239,0.1175,0.0485,2.51,2.51,normal,normal,alta,6,historico fim_semana,4.0
I22JC094273K,1,,fim_semana,0.265,0.373,0.443,-0.24,-0.24,normal,normal,alta,5,historico fim_semana,4.0
I22JC094273K,2,,fim_semana,0.091,0.0274,0.0282,2.26,2.26,normal,normal,alta,5,historico fim_semana,4.0
I22JC094273K,3,,fim_semana,0.019,0.018,0.0137,0.07,0.07,normal,normal,alta,5,historico fim_semana,4.0
I22JC094273K,4,,fim_semana,0.007,0.01,0.0106,-0.28,-0.28,normal,normal,alta,5,historico fim_semana,4.0
I22JC094273K,5,,fim_semana,0.001,0.0393,0.0505,-0.76,-0.76,normal,normal,alta,8,historico fim_semana,4.0
I22JC094273K,6,,fim_semana,0.021,0.0088,0.01,1.23,1.23,normal,normal,alta,8,historico fim_semana,4.0
I22JC094273K,7,,fim_semana,0.028,0.0309,0.0103,-0.28,-0.28,normal,normal,alta,8,historico fim_semana,4.0
I22JC094273K,8,,fim_semana,0.07,0.0611,0.0234,0.38,0.38,normal,normal,alta,8,historico fim_semana,4.0
I22JC094273K,13,,fim_semana,1.142,0.2772,0.0693,10.0,12.48,desvio,acima,alta,8,historico fim_semana,4.0
I22JC094273K,14,,fim_semana,0.375,0.3329,0.1571,0.27,0.27,normal,normal,alta,8,historico fim_semana,4.0
I22JC094273K,15,,fim_semana,0.299,0.3056,0.1183,-0.06,-0.06,normal,normal,alta,8,historico fim_semana,4.0
I22JC094273K,16,,fim_semana,0.067,0.2096,0.1846,-0.77,-0.77,normal,normal,alta,8,historico fim_semana,4.0
I22JC094273K,17,,fim_semana,0.267,0.3149,0.1316,-0.36,-0.36,normal,normal,alta,7,historico fim_semana,4.0
I22JC094273K,18,,fim_semana,0.335,0.3461,0.1223,-0.09,-0.09,normal,normal,alta,7,historico fim_semana,4.0
I22JC094273K,19,,fim_semana,0.108,0.1867,0.0672,-1.17,-1.17,normal,normal,alta,7,historico fim_semana,4.0
I22JC094273K,20,,fim_semana,0.233,0.1683,0.0748,0.86,0.86,normal,normal,alta,7,historico fim_semana,4.0
I22JC094275M,0,,fim_semana,0.0,0.0,0.01,0.0,0.0,normal,normal,alta,8,historico fim_semana,4.0
I22JC094275M,1,,fim_semana,0.0,0.0,0.01,0.0,0.0,normal,normal,alta,8,historico fim_semana,4.0
I22JC094275M,2,,fim_semana,0.0,0.0,0.01,0.0,0.0,normal,normal,alta,8,historico fim_semana,4.0
I22JC094275M,3,,fim_semana,0.0,0.0,0.01,0.0,0.0,normal,normal,alta,8,historico fim_semana,4.0
I22JC094275M,4,,fim_semana,0.0,0.0,0.01,0.0,0.0,normal,normal,alta,8,historico fim_semana,4.0
I22JC094275M,5,,fim_semana,0.0,0.0,0.01,0.0,0.0,normal,normal,alta,8,historico fim_semana,4.0
I22JC094275M,6,,fim_semana,0.0,0.0,0.01,0.0,0.0,normal,normal,alta,8,historico fim_semana,4.0
I22JC094275M,7,,fim_semana,0.0,0.0,0.01,0.0,0.0,normal,normal,alta,8,historico fim_semana,4.0
I22JC094275M,8,,fim_semana,0.0,0.0,0.01,0.0,0.0,normal,normal,alta,8,historico fim_semana,4.0
I22JC094275M,9,,fim_semana,0.0,0.0,0.01,0.0,0.0,normal,normal,alta,8,historico fim_semana,4.0
I22JC094275M,10,,fim_semana,0.0,0.0,0.01,0.0,0.0,normal,normal,alta,8,historico fim_semana,4.0
I22JC094275M,11,,fim_semana,0.0,0.0,0.01,0.0,0.0,normal,normal,alta,8,historico fim_semana,4.0
I22JC094275M,12,,fim_semana,0.0,0.0,0.01,0.0,0.0,normal,normal,alta,8,historico fim_semana,4.0
I22JC094275M,13,,fim_semana,0.0,0.0,0.01,0.0,0.0,normal,normal,alta,8,historico fim_semana,4.0
I22JC094275M,14,,fim_semana,0.0,0.0,0.01,0.0,0.0,normal,normal,alta,8,historico fim_semana,4.0
I22JC094275M,15,,fim_semana,0.0,0.0,0.01,0.0,0.0,normal,normal,alta,8,historico fim_semana,4.0
I22JC094275M,16,,fim_semana,0.0,0.0,0.01,0.0,0.0,normal,normal,alta,8,historico fim_semana,4.0
I22JC094275M,17,,fim_semana,0.0,0.0,0.01,0.0,0.0,normal,normal,alta,8,historico fim_semana,4.0
I22JC094275M,18,,fim_semana,0.0,0.0,0.01,0.0,0.0,normal,normal,alta,8,historico fim_semana,4.0
I22JC094275M,19,,fim_semana,0.0,0.0,0.01,0.0,0.0,normal,normal,alta,8,historico fim_semana,4.0
I22JC094275M,20,,fim_semana,0.0,0.0,0.01,0.0,0.0,normal,normal,alta,8,historico fim_semana,4.0
I22JC094275M,21,,fim_semana,0.0,0.0,0.01,0.0,0.0,normal,normal,alta,8,historico fim_semana,4.0
I22JC094275M,22,,fim_semana,0.0,0.0,0.01,0.0,0.0,normal,normal,alta,8,historico fim_semana,4.0
I22JC094275M,23,,fim_semana,0.0,0.0,0.01,0.0,0.0,normal,normal,alta,8,historico fim_semana,4.0
I22JC094277O,0,,fim_semana,0.0,0.0,0.01,0.0,0.0,normal,normal,alta,7,historico fim_semana,4.0
I22JC094277O,1,,fim_semana,0.0,0.0,0.01,0.0,0.0,normal,normal,alta,7,historico fim_semana,4.0
I22JC094277O,2,,fim_semana,0.0,0.0,0.01,0.0,0.0,normal,normal,alta,7,historico fim_semana,4.0
I22JC094277O,3,,fim_semana,0.0,0.0,0.01,0.0,0.0,normal,normal,alta,7,historico fim_semana,4.0
I22JC094277O,4,,fim_semana,0.0,0.0,0.01,0.0,0.0,normal,normal,alta,8,historico fim_semana,4.0
I22JC094277O,5,,fim_semana,0.0,0.0,0.01,0.0,0.0,normal,normal,alta,8,historico fim_semana,4.0
I22JC094277O,6,,fim_semana,0.0,0.0,0.01,0.0,0.0,normal,normal,alta,8,historico fim_semana,4.0
I22JC094277O,7,,fim_semana,0.0,0.0,0.01,0.0,0.0,normal,normal,alta,8,historico fim_semana,4.0
I22JC094277O,8,,fim_semana,0.0,0.0,0.01,0.0,0.0,normal,normal,alta,7,historico fim_semana,4.0
I22JC094277O,9,,fim_semana,0.0,0.0,0.01,0.0,0.0,normal,normal,alta,7,historico fim_semana,4.0
I22JC094277O,10,,fim_semana,0.0,0.0,0.01,0.0,0.0,normal,normal,alta,7,historico fim_semana,4.0
I22JC094277O,11,,fim_semana,0.0,0.0,0.01,0.0,0.0,normal,normal,alta,7,historico fim_semana,4.0
I22JC094277O,12,,fim_semana,0.0,0.0,0.01,0.0,0.0,normal,normal,alta,8,historico fim_semana,4.0
I22JC094277O,13,,fim_semana,0.0,0.0,0.01,0.0,0.0,normal,normal,alta,8,historico fim_semana,4.0
I22JC094277O,14,,fim_semana,0.0,0.0,0.01,0.0,0.0,normal,normal,alta,8,historico fim_semana,4.0
I22JC094277O,15,,fim_semana,0.0,0.0,0.01,0.0,0.0,normal,normal,alta,8,historico fim_semana,4.0
I22JC094277O,16,,fim_semana,0.0,0.0,0.01,0.0,0.0,normal,normal,alta,7,historico fim_semana,4.0
I22JC094277O,17,,fim_semana,0.0,0.0,0.01,0.0,0.0,normal,normal,alta,7,historico fim_semana,4.0
I22JC094277O,18,,fim_semana,0.0,0.0,0.01,0.0,0.0,normal,normal,alta,7,historico fim_semana,4.0
I22JC094277O,19,,fim_semana,0.0,0.0,0.01,0.0,0.0,normal,normal,alta,7,historico fim_semana,4.0
I22JC094277O,20,,fim_semana,0.0,0.0,0.01,0.0,0.0,normal,normal,alta,8,historico fim_semana,4.0
I22JC094277O,21,,fim_semana,0.0,0.0,0.01,0.0,0.0,normal,normal,alta,8,historico fim_semana,4.0
I22JC094277O,22,,fim_semana,0.0,0.0,0.01,0.0,0.0,normal,normal,alta,8,historico fim_semana,4.0
I22JC094277O,23,,fim_semana,0.0,0.0,0.01,0.0,0.0,normal,normal,alta,8,historico fim_semana,4.0
I22JC094278P,0,,fim_semana,0.019,0.1764,0.4042,-0.39,-0.39,normal,normal,alta,8,historico fim_semana,4.0
I22JC094278P,1,,fim_semana,0.008,0.0249,0.0132,-1.28,-1.28,normal,normal,alta,8,historico fim_semana,4.0
I22JC094278P,2,,fim_semana,0.011,0.0099,0.01,0.11,0.11,normal,normal,alta,8,historico fim_semana,4.0
I22JC094278P,3,,fim_semana,0.002,0.0133,0.01,-1.12,-1.12,normal,normal,alta,8,historico fim_semana,4.0
I22JC094278P,4,,fim_semana,0.004,0.012,0.01,-0.8,-0.8,normal,normal,alta,8,historico fim_semana,4.0
I22JC094278P,5,,fim_semana,0.003,0.0176,0.01,-1.46,-1.46,normal,normal,alta,8,historico fim_semana,4.0
I22JC094278P,6,,fim_semana,0.025,0.0436,0.012,-1.56,-1.56,normal,normal,alta,8,historico fim_semana,4.0
I22JC094278P,7,,fim_semana,0.088,0.0929,0.0346,-0.14,-0.14,normal,normal,alta,8,historico fim_semana,4.0
I22JC094278P,8,,fim_semana,0.081,0.161,0.0754,-1.06,-1.06,normal,normal,alta,8,historico fim_semana,4.0
I22JC094278P,9,,fim_semana,0.527,0.2031,0.095,3.41,3.41,normal,normal,alta,8,historico fim_semana,4.0
I22JC094278P,10,,fim_semana,0.213,0.2503,0.0626,-0.6,-0.6,normal,normal,alta,8,historico fim_semana,4.0
I22JC094278P,11,,fim_semana,0.161,0.2911,0.1277,-1.02,-1.02,normal,normal,alta,8,historico fim_semana,4.0
I22JC094278P,12,,fim_semana,0.127,0.2162,0.056,-1.59,-1.59,normal,normal,alta,8,historico fim_semana,4.0
I22JC094278P,13,,fim_semana,0.35,0.2039,0.0768,1.9,1.9,normal,normal,alta,8,historico fim_semana,4.0
I22JC094278P,14,,fim_semana,0.108,0.1129,0.0282,-0.17,-0.17,normal,normal,alta,8,historico fim_semana,4.0
I22JC094278P,15,,fim_semana,0.082,0.0683,0.0334,0.41,0.41,normal,normal,alta,8,historico fim_semana,4.0
I22JC094278P,16,,fim_semana,0.049,0.0659,0.0429,-0.39,-0.39,normal,normal,alta,8,historico fim_semana,4.0
I22JC094278P,17,,fim_semana,0.079,0.121,0.046,-0.91,-0.91,normal,normal,alta,8,historico fim_semana,4.0
I22JC094278P,18,,fim_semana,0.092,0.1425,0.0707,-0.71,-0.71,normal,normal,alta,8,historico fim_semana,4.0
I22JC094278P,19,,fim_semana,0.067,0.1283,0.0787,-0.78,-0.78,normal,normal,alta,8,historico fim_semana,4.0
I22JC094278P,20,,fim_semana,0.062,0.1731,0.0737,-1.51,-1.51,normal,normal,alta,8,historico fim_semana,4.0
I22JC094278P,21,,fim_semana,0.264,0.148,0.0916,1.27,1.27,normal,normal,alta,8,historico fim_semana,4.0
I22JC094278P,22,,fim_semana,0.052,0.1153,0.0592,-1.07,-1.07,normal,normal,alta,8,historico fim_semana,4.0
I22JC094278P,23,,fim_semana,0.017,0.0439,0.0358,-0.75,-0.75,normal,normal,alta,8,historico fim_semana,4.0
I22JC094280J,0,,fim_semana,0.016,0.0363,0.042,-0.48,-0.48,normal,normal,alta,6,historico fim_semana,4.0
I22JC094280J,1,,fim_semana,0.021,0.0148,0.017,0.36,0.36,normal,normal,alta,6,historico fim_semana,4.0
I22JC094280J,2,,fim_semana,0.015,0.2126,0.435,-0.45,-0.45,normal,normal,alta,8,historico fim_semana,4.0
I22JC094280J,3,,fim_semana,0.003,0.0066,0.01,-0.36,-0.36,normal,normal,alta,8,historico fim_semana,4.0
I22JC094280J,4,,fim_semana,0.002,0.0071,0.0105,-0.49,-0.49,normal,normal,alta,8,historico fim_semana,4.0
I22JC094280J,5,,fim_semana,0.009,0.0099,0.0128,-0.07,-0.07,normal,normal,alta,8,historico fim_semana,4.0
I22JC094280J,6,,fim_semana,0.014,0.0795,0.1039,-0.63,-0.63,normal,normal,baixa,2,historico fim_semana (poucos dados),4.0
I22JC094280J,7,,fim_semana,0.041,0.011,0.01,3.0,3.0,normal,normal,baixa,2,historico fim_semana (poucos dados),4.0
I22JC094280J,8,,fim_semana,0.031,0.0745,0.0573,-0.76,-0.76,normal,normal,baixa,2,historico fim_semana (poucos dados),4.0
I22JC094280J,9,,fim_semana,0.066,0.079,0.0255,-0.51,-0.51,normal,normal,baixa,2,historico fim_semana (poucos dados),4.0
I22JC094280J,14,,fim_semana,0.482,0.3835,0.3504,0.28,0.28,normal,normal,alta,6,historico fim_semana,4.0
I22JC094280J,15,,fim_semana,0.04,0.0982,0.0339,-1.72,-1.72,normal,normal,alta,6,historico fim_semana,4.0
I22JC094280J,16,,fim_semana,0.013,0.1287,0.0904,-1.28,-1.28,normal,normal,alta,6,historico fim_semana,4.0
I22JC094280J,17,,fim_semana,0.009,0.1267,0.0954,-1.23,-1.23,normal,normal,alta,6,historico fim_semana,4.0
I22JC094280J,18,,fim_semana,0.007,0.2872,0.2886,-0.97,-0.97,normal,normal,alta,5,historico fim_semana,4.0
I22JC094280J,19,,fim_semana,0.222,0.0962,0.076,1.66,1.66,normal,normal,alta,5,historico fim_semana,4.0
I22JC094280J,20,,fim_semana,0.225,0.0546,0.048,3.55,3.55,normal,normal,alta,5,historico fim_semana,4.0
I22JC094280J,21,,fim_semana,0.068,0.1547,0.111,-0.78,-0.78,normal,normal,baixa,4,historico fim_semana (poucos dados),4.0
I22JC094280J,22,,fim_semana,0.039,0.1604,0.2468,-0.49,-0.49,normal,normal,alta,5,historico fim_semana,4.0
I22JC094280J,23,,fim_semana,0.003,0.026,0.0203,-1.13,-1.13,normal,normal,alta,5,historico fim_semana,4.0
I22JC094282L,0,,fim_semana,0.006,0.1906,0.3376,-0.55,-0.55,normal,normal,alta,7,historico fim_semana,4.0
I22JC094282L,1,,fim_semana,0.014,0.0311,0.0209,-0.82,-0.82,normal,normal,alta,7,historico fim_semana,4.0
I22JC094282L,2,,fim_semana,0.028,0.0306,0.0377,-0.07,-0.07,normal,normal,alta,7,historico fim_semana,4.0
I22JC094282L,3,,fim_semana,0.009,0.0171,0.01,-0.81,-0.81,normal,normal,alta,7,historico fim_semana,4.0
I22JC094282L,12,,fim_semana,1.249,0.3393,0.3472,2.62,2.62,normal,normal,alta,8,historico fim_semana,4.0
I22JC094282L,13,,fim_semana,0.137,0.1235,0.0446,0.3,0.3,normal,normal,alta,8,historico fim_semana,4.0
I22JC094282L,14,,fim_semana,0.205,0.1087,0.0409,2.35,2.35,normal,normal,alta,8,historico fim_semana,4.0
I22JC094282L,15,,fim_semana,0.188,0.111,0.0348,2.21,2.21,normal,normal,alta,8,historico fim_semana,4.0
I22JC094284N,0,,fim_semana,0.0,0.0,0.01,0.0,0.0,normal,normal,alta,8,historico fim_semana,4.0
I22JC094284N,1,,fim_semana,0.0,0.0,0.01,0.0,0.0,normal,normal,alta,8,historico fim_semana,4.0
I22JC094284N,2,,fim_semana,0.0,0.0,0.01,0.0,0.0,normal,normal,alta,8,historico fim_semana,4.0
I22JC094284N,3,,fim_semana,0.0,0.0,0.01,0.0,0.0,normal,normal,alta,8,historico fim_semana,4.0
I22JC094284N,4,,fim_semana,0.0,0.0,0.01,0.0,0.0,normal,normal,alta,8,historico fim_semana,4.0
I22JC094284N,5,,fim_semana,0.0,0.0,0.01,0.0,0.0,normal,normal,alta,8,historico fim_semana,4.0
I22JC094284N,6,,fim_semana,0.0,0.0,0.01,0.0,0.0,normal,normal,alta,8,historico fim_semana,4.0
I22JC094284N,7,,fim_semana,0.0,0.0,0.01,0.0,0.0,normal,normal,alta,8,historico fim_semana,4.0
I22JC094284N,8,,fim_semana,0.0,0.0,0.01,0.0,0.0,normal,normal,alta,8,historico fim_semana,4.0
I22JC094284N,9,,fim_semana,0.0,0.0,0.01,0.0,0.0,normal,normal,alta,8,historico fim_semana,4.0
I22JC094284N,10,,fim_semana,0.0,0.0,0.01,0.0,0.0,normal,normal,alta,8,historico fim_semana,4.0
I22JC094284N,11,,fim_semana,0.0,0.0,0.01,0.0,0.0,normal,normal,alta,8,historico fim_semana,4.0
I22JC094284N,12,,fim_semana,0.0,0.0,0.01,0.0,0.0,normal,normal,alta,8,historico fim_semana,4.0
I22JC094284N,13,,fim_semana,0.0,0.0,0.01,0.0,0.0,normal,normal,alta,8,historico fim_semana,4.0
I22JC094284N,14,,fim_semana,0.0,0.0,0.01,0.0,0.0,normal,normal,alta,8,historico fim_semana,4.0
I22JC094284N,15,,fim_semana,0.0,0.0,0.01,0.0,0.0,normal,normal,alta,8,historico fim_semana,4.0
I22JC094284N,16,,fim_semana,0.0,0.0,0.01,0.0,0.0,normal,normal,alta,8,historico fim_semana,4.0
I22JC094284N,17,,fim_semana,0.0,0.0,0.01,0.0,0.0,normal,normal,alta,8,historico fim_semana,4.0
I22JC094284N,18,,fim_semana,0.0,0.0,0.01,0.0,0.0,normal,normal,alta,8,historico fim_semana,4.0
I22JC094284N,19,,fim_semana,0.0,0.0,0.01,0.0,0.0,normal,normal,alta,8,historico fim_semana,4.0
I22JC094284N,20,,fim_semana,0.0,0.0,0.01,0.0,0.0,normal,normal,alta,8,historico fim_semana,4.0
I22JC094284N,21,,fim_semana,0.0,0.0,0.01,0.0,0.0,normal,normal,alta,8,historico fim_semana,4.0
I22JC094284N,22,,fim_semana,0.0,0.0,0.01,0.0,0.0,normal,normal,alta,8,historico fim_semana,4.0
I22JC094284N,23,,fim_semana,0.0,0.0,0.01,0.0,0.0,normal,normal,alta,8,historico fim_semana,4.0
I22JC094285O,0,,fim_semana,0.011,0.004,0.01,0.7,0.7,normal,normal,baixa,4,historico fim_semana (poucos dados),4.0
I22JC094285O,1,,fim_semana,0.015,0.2214,0.3715,-0.56,-0.56,normal,normal,alta,5,historico fim_semana,4.0
I22JC094285O,2,,fim_semana,0.01,0.0078,0.01,0.22,0.22,normal,normal,alta,5,historico fim_semana,4.0
I22JC094285O,3,,fim_semana,0.012,0.003,0.01,0.9,0.9,normal,normal,alta,5,historico fim_semana,4.0
I22JC094285O,4,,fim_semana,0.001,0.0048,0.01,-0.38,-0.38,normal,normal,alta,5,historico fim_semana,4.0
I22JC094285O,5,,fim_semana,0.005,0.006,0.0113,-0.09,-0.09,normal,normal,baixa,4,historico fim_semana (poucos dados),4.0
I22JC094285O,6,,fim_semana,0.001,0.0315,0.0419,-0.73,-0.73,normal,normal,baixa,4,historico fim_semana (poucos dados),4.0
I22JC094285O,7,,fim_semana,0.014,0.0118,0.0161,0.14,0.14,normal,normal,baixa,4,historico fim_semana (poucos dados),4.0
I22JC094285O,8,,fim_semana,0.186,0.1278,0.0706,0.83,0.83,normal,normal,baixa,4,historico fim_semana (poucos dados),4.0
I22JC094285O,9,,fim_semana,0.091,0.5346,0.5642,-0.79,-0.79,normal,normal,alta,5,historico fim_semana,4.0
I22JC094285O,10,,fim_semana,0.126,0.089,0.0497,0.75,0.75,normal,normal,alta,5,historico fim_semana,4.0
I22JC094285O,11,,fim_semana,0.059,0.1178,0.0925,-0.64,-0.64,normal,normal,alta,5,historico fim_semana,4.0
I22JC094285O,12,,fim_semana,0.056,0.1022,0.0413,-1.12,-1.12,normal,normal,alta,5,historico fim_semana,4.0
I22JC094285O,13,,fim_semana,0.09,0.2834,0.221,-0.87,-0.87,normal,normal,alta,8,historico fim_semana,4.0
I22JC094285O,14,,fim_semana,0.655,0.1546,0.1156,4.33,4.33,desvio,acima,alta,8,historico fim_semana,4.0
I22JC094285O,15,,fim_semana,0.224,0.1042,0.089,1.35,1.35,normal,normal,alta,8,historico fim_semana,4.0
I22JC094285O,16,,fim_semana,0.067,0.0525,0.0404,0.36,0.36,normal,normal,alta,8,historico fim_semana,4.0
I22JC094285O,17,,fim_semana,0.103,0.0272,0.0179,4.23,4.23,desvio,acima,alta,6,historico fim_semana,4.0
I22JC094285O,18,,fim_semana,0.047,0.0232,0.0144,1.66,1.66,normal,normal,alta,6,historico fim_semana,4.0
I22JC094285O,19,,fim_semana,0.129,0.078,0.0711,0.72,0.72,normal,normal,alta,6,historico fim_semana,4.0
I22JC094285O,20,,fim_semana,0.17,0.1168,0.0603,0.88,0.88,normal,normal,alta,6,historico fim_semana,4.0
I22JC094285O,21,,fim_semana,0.047,0.11,0.1102,-0.57,-0.57,normal,normal,baixa,4,historico fim_semana (poucos dados),4.0
I22JC094285O,22,,fim_semana,0.007,0.0427,0.0172,-2.08,-2.08,normal,normal,baixa,4,historico fim_semana (poucos dados),4.0
I22JC094285O,23,,fim_semana,0.005,0.025,0.0163,-1.23,-1.23,normal,normal,baixa,4,historico fim_semana (poucos dados),4.0
I22JC094286P,0,,fim_semana,0.299,0.1112,0.1261,1.49,1.49,normal,normal,alta,8,historico fim_semana,4.0
I22JC094286P,1,,fim_semana,0.017,0.0754,0.0503,-1.16,-1.16,normal,normal,alta,8,historico fim_semana,4.0
I22JC094286P,2,,fim_semana,0.125,0.0396,0.0378,2.26,2.26,normal,normal,alta,8,historico fim_semana,4.0
I22JC094286P,3,,fim_semana,0.023,0.0256,0.0178,-0.15,-0.15,normal,normal,alta,8,historico fim_semana,4.0
I22JC094286P,4,,fim_semana,0.02,0.0132,0.0137,0.5,0.5,normal,normal,alta,6,historico fim_semana,4.0
I22JC094286P,5,,fim_semana,0.003,0.0187,0.01,-1.57,-1.57,normal,normal,alta,6,historico fim_semana,4.0
I22JC094286P,6,,fim_semana,0.049,0.0515,0.0252,-0.1,-0.1,normal,normal,alta,6,historico fim_semana,4.0
I22JC094286P,7,,fim_semana,0.186,0.0287,0.0294,5.36,5.36,desvio,acima,alta,6,historico fim_semana,4.0
I22JC094286P,8,,fim_semana,0.066,0.2193,0.1494,-1.03,-1.03,normal,normal,alta,8,historico fim_semana,4.0
I22JC094286P,9,,fim_semana,0.1,0.1298,0.1035,-0.29,-0.29,normal,normal,alta,8,historico fim_semana,4.0
I22JC094286P,10,,fim_semana,0.2,0.1502,0.1152,0.43,0.43,normal,normal,alta,8,historico fim_semana,4.0
I22JC094286P,11,,fim_semana,0.2,0.1315,0.0498,1.38,1.38,normal,normal,alta,8,historico fim_semana,4.0
I22JC094286P,12,,fim_semana,0.196,0.153,0.0525,0.82,0.82,normal,normal,alta,8,historico fim_semana,4.0
I22JC094286P,13,,fim_semana,0.073,0.1864,0.1233,-0.92,-0.92,normal,normal,alta,8,historico fim_semana,4.0
I22JC094286P,14,,fim_semana,0.16,0.1781,0.1186,-0.15,-0.15,normal,normal,alta,8,historico fim_semana,4.0
I22JC094286P,15,,fim_semana,0.063,0.0726,0.0538,-0.18,-0.18,normal,normal,alta,8,historico fim_semana,4.0
I22JC094286P,16,,fim_semana,0.109,0.1102,0.1014,-0.01,-0.01,normal,normal,alta,8,historico fim_semana,4.0
I22JC094286P,17,,fim_semana,0.06,0.1068,0.0573,-0.82,-0.82,normal,normal,alta,8,historico fim_semana,4.0
I22JC094286P,18,,fim_semana,0.183,0.1188,0.0376,1.71,1.71,normal,normal,alta,8,historico fim_semana,4.0
I22JC094286P,19,,fim_semana,0.094,0.1496,0.0703,-0.79,-0.79,normal,normal,alta,8,historico fim_semana,4.0
I22JC094286P,20,,fim_semana,0.166,0.1779,0.0783,-0.15,-0.15,normal,normal,alta,7,historico fim_semana,4.0
I22JC094286P,21,,fim_semana,0.035,0.1537,0.0582,-2.04,-2.04,normal,normal,alta,7,historico fim_semana,4.0
I22JC094286P,22,,fim_semana,0.127,0.1034,0.0735,0.32,0.32,normal,normal,alta,7,historico fim_semana,4.0
I22JC094286P,23,,fim_semana,0.206,0.0893,0.0753,1.55,1.55,normal,normal,alta,7,historico fim_semana,4.0
I22LA224628,0,,fim_semana,0.0,0.0,0.01,0.0,0.0,normal,normal,alta,8,historico fim_semana,4.0
I22LA224628,1,,fim_semana,0.0,0.0,0.01,0.0,0.0,normal,normal,alta,8,historico fim_semana,4.0
I22LA224628,2,,fim_semana,0.0,0.0,0.01,0.0,0.0,normal,normal,alta,8,historico fim_semana,4.0
I22LA224628,3,,fim_semana,0.0,0.0,0.01,0.0,0.0,normal,normal,alta,8,historico fim_semana,4.0
I22LA224628,4,,fim_semana,0.0,0.0,0.01,0.0,0.0,normal,normal,alta,8,historico fim_semana,4.0
I22LA224628,5,,fim_semana,0.0,0.0,0.01,0.0,0.0,normal,normal,alta,8,historico fim_semana,4.0
I22LA224628,6,,fim_semana,0.0,0.0,0.01,0.0,0.0,normal,normal,alta,8,historico fim_semana,4.0
I22LA224628,7,,fim_semana,0.0,0.0,0.01,0.0,0.0,normal,normal,alta,8,historico fim_semana,4.0
I22LA224628,8,,fim_semana,0.0,0.0,0.01,0.0,0.0,normal,normal,alta,8,historico fim_semana,4.0
I22LA224628,9,,fim_semana,0.0,0.0114,0.023,-0.49,-0.49,normal,normal,alta,8,historico fim_semana,4.0
I22LA224628,10,,fim_semana,0.0,0.0051,0.0103,-0.5,-0.5,normal,normal,alta,8,historico fim_semana,4.0
I22LA224628,11,,fim_semana,0.0,0.0055,0.0144,-0.38,-0.38,normal,normal,alta,8,historico fim_semana,4.0
I22LA224628,12,,fim_semana,0.0,0.0089,0.0175,-0.51,-0.51,normal,normal,alta,8,historico fim_semana,4.0
I22LA224628,13,,fim_semana,0.0,0.0014,0.01,-0.14,-0.14,normal,normal,alta,8,historico fim_semana,4.0
I22LA224628,14,,fim_semana,0.0,0.0,0.01,0.0,0.0,normal,normal,alta,8,historico fim_semana,4.0
I22LA224628,15,,fim_semana,0.0,0.0,0.01,0.0,0.0,normal,normal,alta,8,historico fim_semana,4.0
I22LA224628,16,,fim_semana,0.0,0.0,0.01,0.0,0.0,normal,normal,alta,8,historico fim_semana,4.0
I22LA224628,17,,fim_semana,0.0,0.0,0.01,0.0,0.0,normal,normal,alta,8,historico fim_semana,4.0
I22LA224628,18,,fim_semana,0.0,0.0,0.01,0.0,0.0,normal,normal,alta,8,historico fim_semana,4.0
I22LA224628,19,,fim_semana,0.0,0.0,0.01,0.0,0.0,normal,normal,alta,8,historico fim_semana,4.0
I22LA224628,20,,fim_semana,0.0,0.0,0.01,0.0,0.0,normal,normal,alta,8,historico fim_semana,4.0
I22LA224628,21,,fim_semana,0.0,0.0,0.01,0.0,0.0,normal,normal,alta,8,historico fim_semana,4.0
I22LA224628,22,,fim_semana,0.0,0.0,0.01,0.0,0.0,normal,normal,alta,8,historico fim_semana,4.0
I22LA224628,23,,fim_semana,0.0,0.0,0.01,0.0,0.0,normal,normal,alta,8,historico fim_semana,4.0
I22LA304258,0,,fim_semana,0.0,0.0,0.01,0.0,0.0,normal,normal,alta,8,historico fim_semana,4.0
I22LA304258,1,,fim_semana,0.0,0.0,0.01,0.0,0.0,normal,normal,alta,8,historico fim_semana,4.0
I22LA304258,2,,fim_semana,0.0,0.0,0.01,0.0,0.0,normal,normal,alta,8,historico fim_semana,4.0
I22LA304258,3,,fim_semana,0.0,0.0,0.01,0.0,0.0,normal,normal,alta,8,historico fim_semana,4.0
I22LA304258,4,,fim_semana,0.0,0.0,0.01,0.0,0.0,normal,normal,alta,8,historico fim_semana,4.0
I22LA304258,5,,fim_semana,0.0,0.0,0.01,0.0,0.0,normal,normal,alta,8,historico fim_semana,4.0
I22LA304258,6,,fim_semana,0.0,0.0,0.01,0.0,0.0,normal,normal,alta,8,historico fim_semana,4.0
I22LA304258,7,,fim_semana,0.0,0.0,0.01,0.0,0.0,normal,normal,alta,8,historico fim_semana,4.0
I22LA304258,8,,fim_semana,0.0,0.0,0.01,0.0,0.0,normal,normal,alta,8,historico fim_semana,4.0
I22LA304258,9,,fim_semana,0.0,0.0,0.01,0.0,0.0,normal,normal,alta,8,historico fim_semana,4.0
I22LA304258,10,,fim_semana,0.0,0.0,0.01,0.0,0.0,normal,normal,alta,8,historico fim_semana,4.0
I22LA304258,11,,fim_semana,0.0,0.0,0.01,0.0,0.0,normal,normal,alta,8,historico fim_semana,4.0
I22LA304258,12,,fim_semana,0.0,0.0,0.01,0.0,0.0,normal,normal,alta,8,historico fim_semana,4.0
I22LA304258,13,,fim_semana,0.0,0.0,0.01,0.0,0.0,normal,normal,alta,8,historico fim_semana,4.0
I22LA304258,14,,fim_semana,0.0,0.0,0.01,0.0,0.0,normal,normal,alta,8,historico fim_semana,4.0
I22LA304258,15,,fim_semana,0.0,0.0,0.01,0.0,0.0,normal,normal,alta,8,historico fim_semana,4.0
I22LA304258,16,,fim_semana,0.0,0.0,0.01,0.0,0.0,normal,normal,alta,8,historico fim_semana,4.0
I22LA304258,17,,fim_semana,0.0,0.0,0.01,0.0,0.0,normal,normal,alta,8,historico fim_semana,4.0
I22LA304258,18,,fim_semana,0.0,0.0,0.01,0.0,0.0,normal,normal,alta,8,historico fim_semana,4.0
I22LA304258,19,,fim_semana,0.0,0.0,0.01,0.0,0.0,normal,normal,alta,8,historico fim_semana,4.0
I22LA304258,20,,fim_semana,0.0,0.0,0.01,0.0,0.0,normal,normal,alta,8,historico fim_semana,4.0
I22LA304258,21,,fim_semana,0.0,0.0,0.01,0.0,0.0,normal,normal,alta,8,historico fim_semana,4.0
I22LA304258,22,,fim_semana,0.0,0.0,0.01,0.0,0.0,normal,normal,alta,8,historico fim_semana,4.0
I22LA304258,23,,fim_semana,0.0,0.0,0.01,0.0,0.0,normal,normal,alta,8,historico fim_semana,4.0
I22LA306555,0,,fim_semana,0.0,0.0,0.01,0.0,0.0,normal,normal,alta,8,historico fim_semana,4.0
I22LA306555,1,,fim_semana,0.0,0.0,0.01,0.0,0.0,normal,normal,alta,8,historico fim_semana,4.0
I22LA306555,2,,fim_semana,0.0,0.0,0.01,0.0,0.0,normal,normal,alta,8,historico fim_semana,4.0
I22LA306555,3,,fim_semana,0.0,0.0,0.01,0.0,0.0,normal,normal,alta,8,historico fim_semana,4.0
I22LA306555,4,,fim_semana,0.0,0.0,0.01,0.0,0.0,normal,normal,alta,8,historico fim_semana,4.0
I22LA306555,5,,fim_semana,0.0,0.0,0.01,0.0,0.0,normal,normal,alta,8,historico fim_semana,4.0
I22LA306555,6,,fim_semana,0.0,0.0,0.01,0.0,0.0,normal,normal,alta,8,historico fim_semana,4.0
I22LA306555,7,,fim_semana,0.0,0.0,0.01,0.0,0.0,normal,normal,alta,8,historico fim_semana,4.0
I22LA306555,8,,fim_semana,0.0,0.0,0.01,0.0,0.0,normal,normal,alta,8,historico fim_semana,4.0
I22LA306555,9,,fim_semana,0.0,0.0,0.01,0.0,0.0,normal,normal,alta,8,historico fim_semana,4.0
I22LA306555,10,,fim_semana,0.0,0.0,0.01,0.0,0.0,normal,normal,alta,8,historico fim_semana,4.0
I22LA306555,11,,fim_semana,0.0,0.0,0.01,0.0,0.0,normal,normal,alta,8,historico fim_semana,4.0
I22LA306555,12,,fim_semana,0.0,0.0,0.01,0.0,0.0,normal,normal,alta,8,historico fim_semana,4.0
I22LA306555,13,,fim_semana,0.0,0.0,0.01,0.0,0.0,normal,normal,alta,8,historico fim_semana,4.0
I22LA306555,14,,fim_semana,0.0,0.0,0.01,0.0,0.0,normal,normal,alta,8,historico fim_semana,4.0
I22LA306555,15,,fim_semana,0.0,0.0,0.01,0.0,0.0,normal,normal,alta,8,historico fim_semana,4.0
I22LA306555,16,,fim_semana,0.0,0.0,0.01,0.0,0.0,normal,normal,alta,8,historico fim_semana,4.0
I22LA306555,17,,fim_semana,0.0,0.0,0.01,0.0,0.0,normal,normal,alta,8,historico fim_semana,4.0
I22LA306555,18,,fim_semana,0.0,0.0,0.01,0.0,0.0,normal,normal,alta,8,historico fim_semana,4.0
I22LA306555,19,,fim_semana,0.0,0.0,0.01,0.0,0.0,normal,normal,alta,8,historico fim_semana,4.0
I22LA306555,20,,fim_semana,0.0,0.0,0.01,0.0,0.0,normal,normal,alta,8,historico fim_semana,4.0
I22LA306555,21,,fim_semana,0.0,0.0,0.01,0.0,0.0,normal,normal,alta,8,historico fim_semana,4.0
I22LA306555,22,,fim_semana,0.0,0.0,0.01,0.0,0.0,normal,normal,alta,8,historico fim_semana,4.0
I22LA306555,23,,fim_semana,0.0,0.0,0.01,0.0,0.0,normal,normal,alta,8,historico fim_semana,4.0
I23JC012768P,3,,fim_semana,0.0,0.0,0.01,0.0,0.0,normal,normal,alta,5,historico fim_semana,4.0
I23JC012768P,4,,fim_semana,0.0,0.0,0.01,0.0,0.0,normal,normal,alta,5,historico fim_semana,4.0
I23JC012768P,5,,fim_semana,0.0,0.0,0.01,0.0,0.0,normal,normal,alta,5,historico fim_semana,4.0
I23JC012768P,6,,fim_semana,0.0,0.0,0.01,0.0,0.0,normal,normal,alta,5,historico fim_semana,4.0
I23JC012768P,11,,fim_semana,0.0,0.0,0.01,0.0,0.0,normal,normal,alta,5,historico fim_semana,4.0
I23JC012768P,12,,fim_semana,0.0,0.0,0.01,0.0,0.0,normal,normal,alta,5,historico fim_semana,4.0
I23JC012768P,13,,fim_semana,0.0,0.0,0.01,0.0,0.0,normal,normal,alta,5,historico fim_semana,4.0
I23JC012768P,14,,fim_semana,0.0,0.0,0.01,0.0,0.0,normal,normal,alta,5,historico fim_semana,4.0
I23JC012768P,15,,fim_semana,0.0,0.0,0.01,0.0,0.0,normal,normal,alta,6,historico fim_semana,4.0
I23JC012768P,16,,fim_semana,0.0,0.0,0.01,0.0,0.0,normal,normal,alta,6,historico fim_semana,4.0
I23JC012768P,17,,fim_semana,0.0,0.0,0.01,0.0,0.0,normal,normal,alta,6,historico fim_semana,4.0
I23JC012768P,18,,fim_semana,0.0,0.0,0.01,0.0,0.0,normal,normal,alta,6,historico fim_semana,4.0
I23JC012768P,19,,fim_semana,0.0,0.0,0.01,0.0,0.0,normal,normal,baixa,4,historico fim_semana (poucos dados),4.0
I23JC012768P,20,,fim_semana,0.0,0.0,0.01,0.0,0.0,normal,normal,baixa,4,historico fim_semana (poucos dados),4.0
I23JC012768P,21,,fim_semana,0.0,0.0,0.01,0.0,0.0,normal,normal,baixa,4,historico fim_semana (poucos dados),4.0
I23JC012768P,22,,fim_semana,0.0,0.0,0.01,0.0,0.0,normal,normal,baixa,4,historico fim_semana (poucos dados),4.0
I23JC012768P,23,,fim_semana,0.0,0.0,0.01,0.0,0.0,normal,normal,alta,5,historico fim_semana,4.0
I23JC012769Q,0,,fim_semana,0.0,0.0,0.01,0.0,0.0,normal,normal,alta,5,historico fim_semana,4.0
I23JC012769Q,1,,fim_semana,0.0,0.0,0.01,0.0,0.0,normal,normal,alta,5,historico fim_semana,4.0
I23JC012769Q,2,,fim_semana,0.0,0.0,0.01,0.0,0.0,normal,normal,alta,5,historico fim_semana,4.0
I23JC012769Q,3,,fim_semana,0.0,0.0,0.01,0.0,0.0,normal,normal,alta,8,historico fim_semana,4.0
I23JC012769Q,4,,fim_semana,0.0,0.0,0.01,0.0,0.0,normal,normal,alta,8,historico fim_semana,4.0
I23JC012769Q,5,,fim_semana,0.0,0.0,0.01,0.0,0.0,normal,normal,alta,8,historico fim_semana,4.0
I23JC012769Q,6,,fim_semana,0.0,0.0,0.01,0.0,0.0,normal,normal,alta,8,historico fim_semana,4.0
I23JC012769Q,7,,fim_semana,0.0,0.0,0.01,0.0,0.0,normal,normal,alta,7,historico fim_semana,4.0
I23JC012769Q,8,,fim_semana,0.0,0.0,0.01,0.0,0.0,normal,normal,alta,7,historico fim_semana,4.0
I23JC012769Q,9,,fim_semana,0.0,0.0,0.01,0.0,0.0,normal,normal,alta,7,historico fim_semana,4.0
I23JC012769Q,10,,fim_semana,0.0,0.0,0.01,0.0,0.0,normal,normal,alta,7,historico fim_semana,4.0
I23JC012769Q,11,,fim_semana,0.0,0.0,0.01,0.0,0.0,normal,normal,alta,8,historico fim_semana,4.0
I23JC012769Q,12,,fim_semana,0.0,0.0,0.01,0.0,0.0,normal,normal,alta,8,historico fim_semana,4.0
I23JC012769Q,13,,fim_semana,0.0,0.0,0.01,0.0,0.0,normal,normal,alta,8,historico fim_semana,4.0
I23JC012769Q,14,,fim_semana,0.0,0.0,0.01,0.0,0.0,normal,normal,alta,8,historico fim_semana,4.0
I23JC012769Q,15,,fim_semana,0.0,0.0,0.01,0.0,0.0,normal,normal,alta,8,historico fim_semana,4.0
I23JC012769Q,16,,fim_semana,0.0,0.0,0.01,0.0,0.0,normal,normal,alta,8,historico fim_semana,4.0
I23JC012769Q,17,,fim_semana,0.0,0.0,0.01,0.0,0.0,normal,normal,alta,8,historico fim_semana,4.0
I23JC012769Q,18,,fim_semana,0.0,0.0,0.01,0.0,0.0,normal,normal,alta,8,historico fim_semana,4.0
I23JC012769Q,19,,fim_semana,0.0,0.0,0.01,0.0,0.0,normal,normal,alta,8,historico fim_semana,4.0
I23JC012769Q,20,,fim_semana,0.0,0.0,0.01,0.0,0.0,normal,normal,alta,8,historico fim_semana,4.0
I23JC012769Q,21,,fim_semana,0.0,0.0,0.01,0.0,0.0,normal,normal,alta,8,historico fim_semana,4.0
I23JC012769Q,22,,fim_semana,0.0,0.0,0.01,0.0,0.0,normal,normal,alta,8,historico fim_semana,4.0
I23JC012769Q,23,,fim_semana,0.0,0.0,0.01,0.0,0.0,normal,normal,alta,7,historico fim_semana,4.0
I23JC096059X,0,,fim_semana,0.098,0.0879,0.0462,0.22,0.22,normal,normal,alta,8,historico fim_semana,4.0
I23JC096059X,1,,fim_semana,0.021,0.0457,0.0332,-0.75,-0.75,normal,normal,alta,8,historico fim_semana,4.0
I23JC096059X,2,,fim_semana,0.015,0.0176,0.0157,-0.17,-0.17,normal,normal,alta,8,historico fim_semana,4.0
I23JC096059X,3,,fim_semana,0.003,0.0144,0.0119,-0.95,-0.95,normal,normal,alta,8,historico fim_semana,4.0
I23JC096059X,4,,fim_semana,0.034,0.025,0.01,0.9,0.9,normal,normal,alta,8,historico fim_semana,4.0
I23JC096059X,5,,fim_semana,0.012,0.0189,0.01,-0.69,-0.69,normal,normal,alta,8,historico fim_semana,4.0
I23JC096059X,6,,fim_semana,0.14,0.0658,0.039,1.9,1.9,normal,normal,alta,8,historico fim_semana,4.0
I23JC096059X,7,,fim_semana,0.295,0.1926,0.0795,1.29,1.29,normal,normal,alta,8,historico fim_semana,4.0
I23JC096059X,8,,fim_semana,0.192,0.2149,0.0537,-0.43,-0.43,normal,normal,alta,8,historico fim_semana,4.0
I23JC096059X,9,,fim_semana,0.207,0.249,0.0772,-0.54,-0.54,normal,normal,alta,8,historico fim_semana,4.0
I23JC096059X,10,,fim_semana,0.355,0.2859,0.1002,0.69,0.69,normal,normal,alta,8,historico fim_semana,4.0
I23JC096059X,11,,fim_semana,0.311,0.335,0.1251,-0.19,-0.19,normal,normal,alta,8,historico fim_semana,4.0
I23JC096059X,12,,fim_semana,0.319,0.3211,0.1002,-0.02,-0.02,normal,normal,alta,8,historico fim_semana,4.0
I23JC096059X,13,,fim_semana,0.415,0.2598,0.0702,2.21,2.21,normal,normal,alta,8,historico fim_semana,4.0
I23JC096059X,14,,fim_semana,0.39,0.3856,0.2241,0.02,0.02,normal,normal,alta,8,historico fim_semana,4.0
I23JC096059X,15,,fim_semana,0.25,0.3361,0.1251,-0.69,-0.69,normal,normal,alta,8,historico fim_semana,4.0
I23JC096059X,16,,fim_semana,0.16,0.3241,0.1431,-1.15,-1.15,normal,normal,alta,8,historico fim_semana,4.0
I23JC096059X,17,,fim_semana,0.089,0.3682,0.0921,-3.03,-3.03,normal,normal,alta,8,historico fim_semana,4.0
I23JC096059X,18,,fim_semana,0.581,0.4104,0.1565,1.09,1.09,normal,normal,alta,8,historico fim_semana,4.0
I23JC096059X,19,,fim_semana,0.336,0.4355,0.1355,-0.73,-0.73,normal,normal,alta,8,historico fim_semana,4.0
I23JC096059X,20,,fim_semana,0.22,0.3709,0.118,-1.28,-1.28,normal,normal,alta,8,historico fim_semana,4.0
I23JC096059X,21,,fim_semana,0.438,0.3225,0.0843,1.37,1.37,normal,normal,alta,8,historico fim_semana,4.0
I23JC096059X,22,,fim_semana,0.314,0.206,0.1255,0.86,0.86,normal,normal,alta,8,historico fim_semana,4.0
I23JC096059X,23,,fim_semana,0.225,0.1795,0.1067,0.43,0.43,normal,normal,alta,8,historico fim_semana,4.0
I23JC096060Q,0,,fim_semana,0.017,0.0227,0.0114,-0.5,-0.5,normal,normal,alta,7,historico fim_semana,4.0
I23JC096060Q,1,,fim_semana,0.008,0.015,0.01,-0.7,-0.7,normal,normal,alta,7,historico fim_semana,4.0
I23JC096060Q,2,,fim_semana,0.01,0.0237,0.0228,-0.6,-0.6,normal,normal,alta,7,historico fim_semana,4.0
I23JC096060Q,3,,fim_semana,0.003,0.004,0.01,-0.1,-0.1,normal,normal,alta,7,historico fim_semana,4.0
I23JC096060Q,4,,fim_semana,0.0,0.0096,0.0119,-0.81,-0.81,normal,normal,alta,8,historico fim_semana,4.0
I23JC096060Q,5,,fim_semana,0.006,0.0032,0.01,0.28,0.28,normal,normal,alta,8,historico fim_semana,4.0
I23JC096060Q,6,,fim_semana,0.0,0.0052,0.01,-0.52,-0.52,normal,normal,alta,8,historico fim_semana,4.0
I23JC096060Q,7,,fim_semana,0.087,0.0292,0.0243,2.38,2.38,normal,normal,alta,8,historico fim_semana,4.0
I23JC096060Q,12,,fim_semana,0.328,0.1264,0.0445,4.53,4.53,desvio,acima,alta,8,historico fim_semana,4.0
I23JC096060Q,13,,fim_semana,0.206,0.1401,0.035,1.88,1.88,normal,normal,alta,8,historico fim_semana,4.0
I23JC096060Q,14,,fim_semana,0.104,0.1456,0.0364,-1.14,-1.14,normal,normal,alta,8,historico fim_semana,4.0
I23JC096060Q,15,,fim_semana,0.169,0.122,0.0334,1.41,1.41,normal,normal,alta,8,historico fim_semana,4.0
I23JC096060Q,16,,fim_semana,0.002,0.0856,0.0571,-1.46,-1.46,normal,normal,alta,8,historico fim_semana,4.0
I23JC096060Q,17,,fim_semana,0.023,0.0711,0.0539,-0.89,-0.89,normal,normal,alta,8,historico fim_semana,4.0
I23JC096060Q,18,,fim_semana,0.155,0.1184,0.0761,0.48,0.48,normal,normal,alta,8,historico fim_semana,4.0
I23JC096060Q,19,,fim_semana,0.043,0.1313,0.0524,-1.68,-1.68,normal,normal,alta,8,historico fim_semana,4.0
I23JC096060Q,20,,fim_semana,0.167,0.1027,0.0467,1.38,1.38,normal,normal,alta,8,historico fim_semana,4.0
I23JC096060Q,21,,fim_semana,0.163,0.109,0.0507,1.07,1.07,normal,normal,alta,8,historico fim_semana,4.0
I23JC096060Q,22,,fim_semana,0.044,0.0565,0.0333,-0.38,-0.38,normal,normal,alta,8,historico fim_semana,4.0
I23JC096060Q,23,,fim_semana,0.058,0.0794,0.0525,-0.41,-0.41,normal,normal,alta,8,historico fim_semana,4.0
I23JC096061R,0,,fim_semana,0.02,0.0194,0.0186,0.03,0.03,normal,normal,alta,8,historico fim_semana,4.0
I23JC096061R,1,,fim_semana,0.009,0.025,0.034,-0.47,-0.47,normal,normal,alta,8,historico fim_semana,4.0
I23JC096061R,2,,fim_semana,0.009,0.0111,0.01,-0.21,-0.21,normal,normal,alta,8,historico fim_semana,4.0
I23JC096061R,3,,fim_semana,0.004,0.0076,0.01,-0.36,-0.36,normal,normal,alta,8,historico fim_semana,4.0
I23JC096061R,4,,fim_semana,0.003,0.0053,0.01,-0.23,-0.23,normal,normal,alta,8,historico fim_semana,4.0
I23JC096061R,5,,fim_semana,0.009,0.0074,0.01,0.16,0.16,normal,normal,alta,8,historico fim_semana,4.0
I23JC096061R,6,,fim_semana,0.023,0.0033,0.01,1.98,1.98,normal,normal,alta,8,historico fim_semana,4.0
I23JC096061R,7,,fim_semana,0.008,0.0209,0.0114,-1.13,-1.13,normal,normal,alta,8,historico fim_semana,4.0
I23JC096061R,8,,fim_semana,0.078,0.043,0.0442,0.79,0.79,normal,normal,alta,8,historico fim_semana,4.0
I23JC096061R,9,,fim_semana,0.042,0.0441,0.066,-0.03,-0.03,normal,normal,alta,8,historico fim_semana,4.0
I23JC096061R,10,,fim_semana,0.07,0.0793,0.049,-0.19,-0.19,normal,normal,alta,8,historico fim_semana,4.0
I23JC096061R,11,,fim_semana,0.059,0.1441,0.0951,-0.89,-0.89,normal,normal,alta,8,historico fim_semana,4.0
I23JC096061R,12,,fim_semana,0.029,0.0767,0.0227,-2.1,-2.1,normal,normal,alta,7,historico fim_semana,4.0
I23JC096061R,13,,fim_semana,0.032,0.0883,0.0306,-1.84,-1.84,normal,normal,alta,7,historico fim_semana,4.0
I23JC096061R,14,,fim_semana,0.086,0.0917,0.0782,-0.07,-0.07,normal,normal,alta,7,historico fim_semana,4.0
I23JC096061R,15,,fim_semana,0.075,0.0594,0.0411,0.38,0.38,normal,normal,alta,7,historico fim_semana,4.0
I23JC096061R,16,,fim_semana,0.039,0.0709,0.0746,-0.43,-0.43,normal,normal,alta,8,historico fim_semana,4.0
I23JC096061R,17,,fim_semana,0.03,0.0416,0.0246,-0.47,-0.47,normal,normal,alta,8,historico fim_semana,4.0
I23JC096061R,18,,fim_semana,0.015,0.088,0.0802,-0.91,-0.91,normal,normal,alta,8,historico fim_semana,4.0
I23JC096061R,19,,fim_semana,0.04,0.0663,0.036,-0.73,-0.73,normal,normal,alta,8,historico fim_semana,4.0
I23JC096061R,20,,fim_semana,0.057,0.0689,0.0374,-0.32,-0.32,normal,normal,alta,8,historico fim_semana,4.0
I23JC096061R,21,,fim_semana,0.143,0.1094,0.0659,0.51,0.51,normal,normal,alta,8,historico fim_semana,4.0
I23JC096061R,22,,fim_semana,0.024,0.0582,0.0359,-0.95,-0.95,normal,normal,alta,8,historico fim_semana,4.0
I23JC096061R,23,,fim_semana,0.054,0.0545,0.0329,-0.02,-0.02,normal,normal,alta,8,historico fim_semana,4.0
I23JC096063T,0,,fim_semana,0.08,0.1641,0.2009,-0.42,-0.42,normal,normal,alta,7,historico fim_semana,4.0
I23JC096063T,1,,fim_semana,0.061,0.2264,0.4808,-0.34,-0.34,normal,normal,alta,7,historico fim_semana,4.0
I23JC096063T,2,,fim_semana,0.045,0.0377,0.02,0.36,0.36,normal,normal,alta,7,historico fim_semana,4.0
I23JC096063T,3,,fim_semana,0.031,0.0234,0.0103,0.73,0.73,normal,normal,alta,7,historico fim_semana,4.0
I23JC096063T,4,,fim_semana,0.013,0.021,0.0101,-0.79,-0.79,normal,normal,alta,7,historico fim_semana,4.0
I23JC096063T,5,,fim_semana,0.035,0.0531,0.0687,-0.26,-0.26,normal,normal,alta,8,historico fim_semana,4.0
I23JC096063T,6,,fim_semana,0.014,0.04,0.0251,-1.03,-1.03,normal,normal,alta,8,historico fim_semana,4.0
I23JC096063T,7,,fim_semana,0.033,0.0343,0.0176,-0.07,-0.07,normal,normal,alta,8,historico fim_semana,4.0
I23JC096063T,8,,fim_semana,0.091,0.084,0.051,0.14,0.14,normal,normal,alta,7,historico fim_semana,4.0
I23JC096063T,9,,fim_semana,0.269,0.1693,0.0597,1.67,1.67,normal,normal,alta,7,historico fim_semana,4.0
I23JC096063T,10,,fim_semana,0.171,0.2507,0.0989,-0.81,-0.81,normal,normal,alta,7,historico fim_semana,4.0
I23JC096063T,11,,fim_semana,0.269,0.2417,0.0759,0.36,0.36,normal,normal,alta,7,historico fim_semana,4.0
I23JC096063T,12,,fim_semana,0.339,0.3179,0.2326,0.09,0.09,normal,normal,alta,7,historico fim_semana,4.0
I23JC096063T,13,,fim_semana,0.139,0.2409,0.0755,-1.35,-1.35,normal,normal,alta,7,historico fim_semana,4.0
I23JC096063T,14,,fim_semana,0.202,0.1807,0.0688,0.31,0.31,normal,normal,alta,7,historico fim_semana,4.0
I23JC096063T,15,,fim_semana,0.217,0.1857,0.0789,0.4,0.4,normal,normal,alta,7,historico fim_semana,4.0
I23JC096063T,16,,fim_semana,0.169,0.1726,0.0771,-0.05,-0.05,normal,normal,alta,7,historico fim_semana,4.0
I23JC096063T,17,,fim_semana,0.159,0.2794,0.2961,-0.41,-0.41,normal,normal,alta,7,historico fim_semana,4.0
I23JC096063T,18,,fim_semana,0.265,0.1946,0.0975,0.72,0.72,normal,normal,alta,7,historico fim_semana,4.0
I23JC096063T,19,,fim_semana,0.194,0.1841,0.0921,0.11,0.11,normal,normal,alta,7,historico fim_semana,4.0
I23JC096063T,20,,fim_semana,0.325,0.3132,0.1228,0.1,0.1,normal,normal,alta,6,historico fim_semana,4.0
I23JC096063T,21,,fim_semana,0.255,0.2672,0.078,-0.16,-0.16,normal,normal,alta,6,historico fim_semana,4.0
I23JC096063T,22,,fim_semana,0.241,0.1823,0.1167,0.5,0.5,normal,normal,alta,6,historico fim_semana,4.0
I23JC096063T,23,,fim_semana,0.044,0.1537,0.0792,-1.38,-1.38,normal,normal,alta,6,historico fim_semana,4.0
I23JE044621,0,,fim_semana,0.004,0.0051,0.01,-0.11,-0.11,normal,normal,alta,8,historico fim_semana,4.0
I23JE044621,1,,fim_semana,0.001,0.008,0.01,-0.7,-0.7,normal,normal,alta,8,historico fim_semana,4.0
I23JE044621,2,,fim_semana,0.002,0.0049,0.01,-0.29,-0.29,normal,normal,alta,8,historico fim_semana,4.0
I23JE044621,3,,fim_semana,0.003,0.0026,0.01,0.04,0.04,normal,normal,alta,8,historico fim_semana,4.0
I23JE044621,4,,fim_semana,0.003,0.006,0.01,-0.3,-0.3,normal,normal,alta,8,historico fim_semana,4.0
I23JE044621,5,,fim_semana,0.002,0.0043,0.01,-0.23,-0.23,normal,normal,alta,8,historico fim_semana,4.0
I23JE044621,6,,fim_semana,0.001,0.0112,0.01,-1.02,-1.02,normal,normal,alta,8,historico fim_semana,4.0
I23JE044621,7,,fim_semana,0.022,0.0126,0.01,0.94,0.94,normal,normal,alta,8,historico fim_semana,4.0
I23JE044621,8,,fim_semana,0.029,0.0957,0.1159,-0.58,-0.58,normal,normal,alta,7,historico fim_semana,4.0
I23JE044621,9,,fim_semana,0.043,0.037,0.0159,0.38,0.38,normal,normal,alta,8,historico fim_semana,4.0
I23JE044621,10,,fim_semana,0.025,0.0312,0.0132,-0.47,-0.47,normal,normal,alta,8,historico fim_semana,4.0
I23JE044621,11,,fim_semana,0.059,0.0511,0.0296,0.27,0.27,normal,normal,alta,8,historico fim_semana,4.0
I23JE044621,12,,fim_semana,0.09,0.0586,0.0269,1.16,1.16,normal,normal,alta,8,historico fim_semana,4.0
I23JE044621,13,,fim_semana,0.058,0.0824,0.0274,-0.89,-0.89,normal,normal,alta,8,historico fim_semana,4.0
I23JE044621,14,,fim_semana,0.029,0.0526,0.0492,-0.48,-0.48,normal,normal,alta,8,historico fim_semana,4.0
I23JE044621,15,,fim_semana,0.061,0.0351,0.0179,1.44,1.44,normal,normal,alta,8,historico fim_semana,4.0
I23JE044621,16,,fim_semana,0.017,0.0467,0.0328,-0.91,-0.91,normal,normal,alta,8,historico fim_semana,4.0
I23JE044621,17,,fim_semana,0.031,0.0693,0.1056,-0.36,-0.36,normal,normal,alta,8,historico fim_semana,4.0
I23JE044621,18,,fim_semana,0.008,0.054,0.095,-0.48,-0.48,normal,normal,alta,8,historico fim_semana,4.0
I23JE044621,19,,fim_semana,0.057,0.0999,0.0861,-0.5,-0.5,normal,normal,alta,8,historico fim_semana,4.0
I23JE044621,20,,fim_semana,0.008,0.0519,0.0961,-0.46,-0.46,normal,normal,alta,8,historico fim_semana,4.0
I23JE044621,21,,fim_semana,0.011,0.0406,0.0928,-0.32,-0.32,normal,normal,alta,8,historico fim_semana,4.0
I23JE044621,22,,fim_semana,0.002,0.0414,0.092,-0.43,-0.43,normal,normal,alta,8,historico fim_semana,4.0
I23JE044621,23,,fim_semana,0.014,0.0388,0.0963,-0.26,-0.26,normal,normal,alta,8,historico fim_semana,4.0
I23LA005956,0,,fim_semana,0.0,0.0,0.01,0.0,0.0,normal,normal,alta,7,historico fim_semana,4.0
I23LA005956,1,,fim_semana,0.0,0.0,0.01,0.0,0.0,normal,normal,alta,8,historico fim_semana,4.0
I23LA005956,2,,fim_semana,0.0,0.0,0.01,0.0,0.0,normal,normal,alta,8,historico fim_semana,4.0
I23LA005956,3,,fim_semana,0.0,0.0,0.01,0.0,0.0,normal,normal,alta,8,historico fim_semana,4.0
I23LA005956,4,,fim_semana,0.0,0.0,0.01,0.0,0.0,normal,normal,alta,8,historico fim_semana,4.0
I23LA005956,5,,fim_semana,0.0,0.0,0.01,0.0,0.0,normal,normal,alta,8,historico fim_semana,4.0
I23LA005956,6,,fim_semana,0.0,0.0,0.01,0.0,0.0,normal,normal,alta,8,historico fim_semana,4.0
I23LA005956,7,,fim_semana,0.0,0.0,0.01,0.0,0.0,normal,normal,alta,8,historico fim_semana,4.0
I23LA005956,8,,fim_semana,0.0,0.0,0.01,0.0,0.0,normal,normal,alta,8,historico fim_semana,4.0
I23LA005956,9,,fim_semana,0.0,0.0,0.01,0.0,0.0,normal,normal,alta,6,historico fim_semana,4.0
I23LA005956,10,,fim_semana,0.0,0.0,0.01,0.0,0.0,normal,normal,alta,6,historico fim_semana,4.0
I23LA005956,11,,fim_semana,0.0,0.0,0.01,0.0,0.0,normal,normal,alta,6,historico fim_semana,4.0
I23LA005956,12,,fim_semana,0.0,0.0,0.01,0.0,0.0,normal,normal,alta,6,historico fim_semana,4.0
I23LA005956,13,,fim_semana,0.0,0.0,0.01,0.0,0.0,normal,normal,alta,6,historico fim_semana,4.0
I23LA005956,14,,fim_semana,0.0,0.0,0.01,0.0,0.0,normal,normal,alta,6,historico fim_semana,4.0
I23LA005956,15,,fim_semana,0.0,0.0,0.01,0.0,0.0,normal,normal,alta,6,historico fim_semana,4.0
I23LA005956,16,,fim_semana,0.0,0.0,0.01,0.0,0.0,normal,normal,alta,6,historico fim_semana,4.0
I23LA005956,17,,fim_semana,0.0,0.0,0.01,0.0,0.0,normal,normal,alta,7,historico fim_semana,4.0
I23LA005956,18,,fim_semana,0.0,0.0,0.01,0.0,0.0,normal,normal,alta,7,historico fim_semana,4.0
I23LA005956,19,,fim_semana,0.0,0.0,0.01,0.0,0.0,normal,normal,alta,7,historico fim_semana,4.0
I23LA005956,20,,fim_semana,0.0,0.0,0.01,0.0,0.0,normal,normal,alta,7,historico fim_semana,4.0
I23LA005956,21,,fim_semana,0.0,0.0,0.01,0.0,0.0,normal,normal,alta,6,historico fim_semana,4.0
I23LA005956,22,,fim_semana,0.0,0.0,0.01,0.0,0.0,normal,normal,alta,6,historico fim_semana,4.0
I23LA005956,23,,fim_semana,0.0,0.0,0.01,0.0,0.0,normal,normal,alta,6,historico fim_semana,4.0
I23LA005984,0,,fim_semana,0.0,0.0,0.01,0.0,0.0,normal,normal,alta,6,historico fim_semana,4.0
I23LA005984,1,,fim_semana,0.0,0.0008,0.01,-0.07,-0.07,normal,normal,alta,8,historico fim_semana,4.0
I23LA005984,2,,fim_semana,0.0,0.0,0.01,0.0,0.0,normal,normal,alta,8,historico fim_semana,4.0
I23LA005984,3,,fim_semana,0.0,0.0,0.01,0.0,0.0,normal,normal,alta,8,historico fim_semana,4.0
I23LA005984,4,,fim_semana,0.0,0.0,0.01,0.0,0.0,normal,normal,alta,8,historico fim_semana,4.0
I23LA005984,5,,fim_semana,0.0,0.0,0.01,0.0,0.0,normal,normal,baixa,4,historico fim_semana (poucos dados),4.0
I23LA005984,6,,fim_semana,0.0,0.0,0.01,0.0,0.0,normal,normal,baixa,4,historico fim_semana (poucos dados),4.0
I23LA005984,7,,fim_semana,0.0,0.0,0.01,0.0,0.0,normal,normal,baixa,4,historico fim_semana (poucos dados),4.0
I23LA005984,8,,fim_semana,0.0,0.0,0.01,0.0,0.0,normal,normal,baixa,4,historico fim_semana (poucos dados),4.0
I23LA005984,9,,fim_semana,0.0,0.0,0.01,0.0,0.0,normal,normal,alta,5,historico fim_semana,4.0
I23LA005984,10,,fim_semana,0.0,0.0,0.01,0.0,0.0,normal,normal,alta,5,historico fim_semana,4.0
I23LA005984,11,,fim_semana,0.0,0.0,0.01,0.0,0.0,normal,normal,alta,5,historico fim_semana,4.0
I23LA005984,12,,fim_semana,0.0,0.0,0.01,0.0,0.0,normal,normal,alta,5,historico fim_semana,4.0
I23LA005984,13,,fim_semana,0.0,0.0,0.01,0.0,0.0,normal,normal,alta,5,historico fim_semana,4.0
I23LA005984,14,,fim_semana,0.0,0.004,0.01,-0.4,-0.4,normal,normal,alta,5,historico fim_semana,4.0
I23LA005984,15,,fim_semana,0.0,0.0,0.01,0.0,0.0,normal,normal,alta,5,historico fim_semana,4.0
I23LA005984,16,,fim_semana,0.0,0.0,0.01,0.0,0.0,normal,normal,alta,5,historico fim_semana,4.0
I23LA005984,21,,fim_semana,0.0,0.0,0.01,0.0,0.0,normal,normal,alta,7,historico fim_semana,4.0
I23LA005984,22,,fim_semana,0.0,0.0,0.01,0.0,0.0,normal,normal,alta,7,historico fim_semana,4.0
I23LA005984,23,,fim_semana,0.0,0.0,0.01,0.0,0.0,normal,normal,alta,7,historico fim_semana,4.0
I23LA005997,0,,fim_semana,0.0,0.0,0.01,0.0,0.0,normal,normal,alta,8,historico fim_semana,4.0
I23LA005997,1,,fim_semana,0.0,0.0,0.01,0.0,0.0,normal,normal,alta,8,historico fim_semana,4.0
I23LA005997,2,,fim_semana,0.0,0.0,0.01,0.0,0.0,normal,normal,alta,8,historico fim_semana,4.0
I23LA005997,7,,fim_semana,0.0,0.0,0.01,0.0,0.0,normal,normal,alta,7,historico fim_semana,4.0
I23LA005997,8,,fim_semana,0.0,0.0014,0.01,-0.14,-0.14,normal,normal,alta,7,historico fim_semana,4.0
I23LA005997,9,,fim_semana,0.0,0.0,0.01,0.0,0.0,normal,normal,alta,7,historico fim_semana,4.0
I23LA005997,10,,fim_semana,0.0,0.001,0.01,-0.1,-0.1,normal,normal,alta,7,historico fim_semana,4.0
I23LA005997,11,,fim_semana,0.0,0.002,0.01,-0.2,-0.2,normal,normal,baixa,4,historico fim_semana (poucos dados),4.0
I23LA005997,12,,fim_semana,0.0,0.0,0.01,0.0,0.0,normal,normal,baixa,4,historico fim_semana (poucos dados),4.0
I23LA005997,13,,fim_semana,0.0,0.0,0.01,0.0,0.0,normal,normal,baixa,4,historico fim_semana (poucos dados),4.0
I23LA005997,14,,fim_semana,0.0,0.0,0.01,0.0,0.0,normal,normal,baixa,4,historico fim_semana (poucos dados),4.0
I23LA005997,15,,fim_semana,0.0,0.0014,0.01,-0.14,-0.14,normal,normal,alta,8,historico fim_semana,4.0
I23LA005997,16,,fim_semana,0.0,0.0,0.01,0.0,0.0,normal,normal,alta,8,historico fim_semana,4.0
I23LA005997,17,,fim_semana,0.0,0.0008,0.01,-0.07,-0.07,normal,normal,alta,8,historico fim_semana,4.0
I23LA005997,18,,fim_semana,0.0,0.0,0.01,0.0,0.0,normal,normal,alta,8,historico fim_semana,4.0
I23LA005997,19,,fim_semana,0.0,0.0005,0.01,-0.05,-0.05,normal,normal,alta,8,historico fim_semana,4.0
I23LA005997,20,,fim_semana,0.0,0.0,0.01,0.0,0.0,normal,normal,alta,8,historico fim_semana,4.0
I23LA005997,21,,fim_semana,0.0,0.0,0.01,0.0,0.0,normal,normal,alta,8,historico fim_semana,4.0
I23LA005997,22,,fim_semana,0.0,0.0,0.01,0.0,0.0,normal,normal,alta,8,historico fim_semana,4.0
I23LA005997,23,,fim_semana,0.0,0.0,0.01,0.0,0.0,normal,normal,alta,8,historico fim_semana,4.0
I23LA006021,11,,fim_semana,0.0,0.0,0.01,0.0,0.0,normal,normal,alta,8,historico fim_semana,4.0
I23LA006021,12,,fim_semana,0.0,0.0,0.01,0.0,0.0,normal,normal,alta,8,historico fim_semana,4.0
I23LA006021,13,,fim_semana,0.0,0.0,0.01,0.0,0.0,normal,normal,alta,8,historico fim_semana,4.0
I23LA006021,14,,fim_semana,0.0,0.0,0.01,0.0,0.0,normal,normal,alta,8,historico fim_semana,4.0
I23LA006021,15,,fim_semana,0.0,0.0,0.01,0.0,0.0,normal,normal,alta,6,historico fim_semana,4.0
I23LA006021,16,,fim_semana,0.0,0.0,0.01,0.0,0.0,normal,normal,alta,6,historico fim_semana,4.0
I23LA006021,17,,fim_semana,0.0,0.0,0.01,0.0,0.0,normal,normal,alta,6,historico fim_semana,4.0
I23LA006021,18,,fim_semana,0.0,0.0,0.01,0.0,0.0,normal,normal,alta,6,historico fim_semana,4.0
I23LA007145,0,,fim_semana,0.0,0.0,0.01,0.0,0.0,normal,normal,baixa,3,historico fim_semana (poucos dados),4.0
I23LA007145,1,,fim_semana,0.0,0.0,0.01,0.0,0.0,normal,normal,alta,7,historico fim_semana,4.0
I23LA007145,2,,fim_semana,0.0,0.0,0.01,0.0,0.0,normal,normal,alta,7,historico fim_semana,4.0
I23LA007145,3,,fim_semana,0.0,0.0,0.01,0.0,0.0,normal,normal,alta,7,historico fim_semana,4.0
I23LA007145,4,,fim_semana,0.0,0.0,0.01,0.0,0.0,normal,normal,alta,7,historico fim_semana,4.0
I23LA007145,5,,fim_semana,0.0,0.0,0.01,0.0,0.0,normal,normal,alta,5,historico fim_semana,4.0
I23LA007145,6,,fim_semana,0.0,0.0,0.01,0.0,0.0,normal,normal,alta,7,historico fim_semana,4.0
I23LA007145,7,,fim_semana,0.0,0.0,0.01,0.0,0.0,normal,normal,alta,7,historico fim_semana,4.0
I23LA007145,8,,fim_semana,0.0,0.0,0.01,0.0,0.0,normal,normal,alta,7,historico fim_semana,4.0
I23LA007145,9,,fim_semana,0.0,0.0,0.01,0.0,0.0,normal,normal,alta,7,historico fim_semana,4.0
I23LA007145,10,,fim_semana,0.0,0.0,0.01,0.0,0.0,normal,normal,alta,7,historico fim_semana,4.0
I23LA007145,11,,fim_semana,0.0,0.0,0.01,0.0,0.0,normal,normal,alta,7,historico fim_semana,4.0
I23LA007145,12,,fim_semana,0.0,0.0,0.01,0.0,0.0,normal,normal,alta,7,historico fim_semana,4.0
I23LA007145,14,,fim_semana,0.0,0.0,0.01,0.0,0.0,normal,normal,alta,6,historico fim_semana,4.0
I23LA007145,15,,fim_semana,0.0,0.0,0.01,0.0,0.0,normal,normal,alta,6,historico fim_semana,4.0
I23LA007145,16,,fim_semana,0.0,0.0,0.01,0.0,0.0,normal,normal,alta,6,historico fim_semana,4.0
I23LA007145,17,,fim_semana,0.0,0.0,0.01,0.0,0.0,normal,normal,alta,5,historico fim_semana,4.0
I23LA007145,18,,fim_semana,0.0,0.0,0.01,0.0,0.0,normal,normal,alta,6,historico fim_semana,4.0
I23LA007145,19,,fim_semana,0.0,0.0,0.01,0.0,0.0,normal,normal,alta,6,historico fim_semana,4.0
I23LA007145,20,,fim_semana,0.0,0.0,0.01,0.0,0.0,normal,normal,alta,6,historico fim_semana,4.0
I23LA007145,21,,fim_semana,0.0,0.0,0.01,0.0,0.0,normal,normal,alta,5,historico fim_semana,4.0
I23LA007145,22,,fim_semana,0.0,0.0,0.01,0.0,0.0,normal,normal,baixa,3,historico fim_semana (poucos dados),4.0
I23LA007145,23,,fim_semana,0.0,0.0,0.01,0.0,0.0,normal,normal,baixa,3,historico fim_semana (poucos dados),4.0
I23LA007231,0,,fim_semana,0.0,0.0,0.01,0.0,0.0,normal,normal,alta,8,historico fim_semana,4.0
I23LA007231,1,,fim_semana,0.0,0.0,0.01,0.0,0.0,normal,normal,alta,8,historico fim_semana,4.0
I23LA007231,2,,fim_semana,0.0,0.0,0.01,0.0,0.0,normal,normal,alta,8,historico fim_semana,4.0
I23LA007231,3,,fim_semana,0.0,0.0,0.01,0.0,0.0,normal,normal,alta,8,historico fim_semana,4.0
I23LA007231,4,,fim_semana,0.0,0.0,0.01,0.0,0.0,normal,normal,alta,8,historico fim_semana,4.0
I23LA007231,5,,fim_semana,0.0,0.0,0.01,0.0,0.0,normal,normal,alta,8,historico fim_semana,4.0
I23LA007231,6,,fim_semana,0.0,0.0,0.01,0.0,0.0,normal,normal,alta,8,historico fim_semana,4.0
I23LA007231,7,,fim_semana,0.0,0.0,0.01,0.0,0.0,normal,normal,alta,8,historico fim_semana,4.0
I23LA007231,8,,fim_semana,0.0,0.0,0.01,0.0,0.0,normal,normal,alta,8,historico fim_semana,4.0
I23LA007231,9,,fim_semana,0.0,0.0,0.01,0.0,0.0,normal,normal,alta,8,historico fim_semana,4.0
I23LA007231,10,,fim_semana,0.0,0.0,0.01,0.0,0.0,normal,normal,alta,8,historico fim_semana,4.0
I23LA007231,11,,fim_semana,0.0,0.0,0.01,0.0,0.0,normal,normal,alta,8,historico fim_semana,4.0
I23LA007231,12,,fim_semana,0.0,0.0,0.01,0.0,0.0,normal,normal,alta,8,historico fim_semana,4.0
I23LA007231,13,,fim_semana,0.0,0.0,0.01,0.0,0.0,normal,normal,alta,8,historico fim_semana,4.0
I23LA007231,14,,fim_semana,0.0,0.0,0.01,0.0,0.0,normal,normal,alta,8,historico fim_semana,4.0
I23LA007231,15,,fim_semana,0.0,0.0,0.01,0.0,0.0,normal,normal,alta,8,historico fim_semana,4.0
I23LA007231,16,,fim_semana,0.0,0.0,0.01,0.0,0.0,normal,normal,alta,8,historico fim_semana,4.0
I23LA007231,17,,fim_semana,0.0,0.0,0.01,0.0,0.0,normal,normal,alta,8,historico fim_semana,4.0
I23LA007231,18,,fim_semana,0.0,0.0,0.01,0.0,0.0,normal,normal,alta,7,historico fim_semana,4.0
I23LA007231,19,,fim_semana,0.0,0.0,0.01,0.0,0.0,normal,normal,alta,7,historico fim_semana,4.0
I23LA007231,20,,fim_semana,0.0,0.0,0.01,0.0,0.0,normal,normal,alta,7,historico fim_semana,4.0
I23LA007231,21,,fim_semana,0.0,0.0,0.01,0.0,0.0,normal,normal,alta,7,historico fim_semana,4.0
I23LA007231,22,,fim_semana,0.0,0.0,0.01,0.0,0.0,normal,normal,alta,8,historico fim_semana,4.0
I23LA007231,23,,fim_semana,0.0,0.0,0.01,0.0,0.0,normal,normal,alta,8,historico fim_semana,4.0
I23LA009785,0,,fim_semana,0.102,0.1165,0.0291,-0.5,-0.5,normal,normal,alta,8,historico fim_semana,4.0
I23LA009785,1,,fim_semana,0.103,0.1161,0.029,-0.45,-0.45,normal,normal,alta,8,historico fim_semana,4.0
I23LA009785,2,,fim_semana,0.103,0.1165,0.0291,-0.46,-0.46,normal,normal,alta,8,historico fim_semana,4.0
I23LA009785,3,,fim_semana,0.104,0.1169,0.0292,-0.44,-0.44,normal,normal,alta,8,historico fim_semana,4.0
I23LA009785,4,,fim_semana,0.103,0.1169,0.0292,-0.47,-0.47,normal,normal,alta,8,historico fim_semana,4.0
I23LA009785,5,,fim_semana,0.104,0.1167,0.0292,-0.44,-0.44,normal,normal,alta,8,historico fim_semana,4.0
I23LA009785,6,,fim_semana,0.103,0.1162,0.0291,-0.46,-0.46,normal,normal,alta,8,historico fim_semana,4.0
I23LA009785,7,,fim_semana,0.102,0.1152,0.0288,-0.46,-0.46,normal,normal,alta,8,historico fim_semana,4.0
I23LA009785,8,,fim_semana,0.102,0.1134,0.0283,-0.4,-0.4,normal,normal,alta,8,historico fim_semana,4.0
I23LA009785,9,,fim_semana,0.099,0.112,0.028,-0.46,-0.46,normal,normal,alta,8,historico fim_semana,4.0
I23LA009785,10,,fim_semana,0.099,0.1111,0.0278,-0.44,-0.44,normal,normal,alta,8,historico fim_semana,4.0
I23LA009785,11,,fim_semana,0.098,0.1106,0.0277,-0.46,-0.46,normal,normal,alta,8,historico fim_semana,4.0
I23LA009785,12,,fim_semana,0.099,0.1114,0.0278,-0.44,-0.44,normal,normal,alta,8,historico fim_semana,4.0
I23LA009785,13,,fim_semana,0.1,0.1124,0.0281,-0.44,-0.44,normal,normal,alta,8,historico fim_semana,4.0
I23LA009785,14,,fim_semana,0.1,0.1154,0.0288,-0.53,-0.53,normal,normal,alta,8,historico fim_semana,4.0
I23LA009785,15,,fim_semana,0.102,0.1135,0.0284,-0.41,-0.41,normal,normal,alta,8,historico fim_semana,4.0
I23LA009785,16,,fim_semana,0.101,0.1135,0.0284,-0.44,-0.44,normal,normal,alta,8,historico fim_semana,4.0
I23LA009785,17,,fim_semana,0.101,0.1129,0.0282,-0.42,-0.42,normal,normal,alta,8,historico fim_semana,4.0
I23LA009785,18,,fim_semana,0.101,0.1126,0.0282,-0.41,-0.41,normal,normal,alta,8,historico fim_semana,4.0
I23LA009785,19,,fim_semana,0.099,0.1117,0.0279,-0.46,-0.46,normal,normal,alta,8,historico fim_semana,4.0
I23LA009785,20,,fim_semana,0.098,0.1115,0.0279,-0.48,-0.48,normal,normal,alta,8,historico fim_semana,4.0
I23LA009785,21,,fim_semana,0.099,0.112,0.028,-0.46,-0.46,normal,normal,alta,8,historico fim_semana,4.0
I23LA009785,22,,fim_semana,0.101,0.1129,0.0282,-0.42,-0.42,normal,normal,alta,8,historico fim_semana,4.0
I23LA009785,23,,fim_semana,0.101,0.114,0.0285,-0.46,-0.46,normal,normal,alta,8,historico fim_semana,4.0
I23LA009886,0,,fim_semana,0.0,0.0104,0.0143,-0.72,-0.72,normal,normal,alta,8,historico fim_semana,4.0
I23LA009886,1,,fim_semana,0.0,0.0104,0.0143,-0.72,-0.72,normal,normal,alta,8,historico fim_semana,4.0
I23LA009886,2,,fim_semana,0.0,0.0103,0.0141,-0.72,-0.72,normal,normal,alta,8,historico fim_semana,4.0
I23LA009886,3,,fim_semana,0.0,0.0104,0.0143,-0.72,-0.72,normal,normal,alta,8,historico fim_semana,4.0
I23LA009886,4,,fim_semana,0.0,0.0105,0.0145,-0.72,-0.72,normal,normal,alta,8,historico fim_semana,4.0
I23LA009886,5,,fim_semana,0.0,0.0166,0.0152,-1.1,-1.1,normal,normal,alta,5,historico fim_semana,4.0
I23LA009886,6,,fim_semana,0.0,0.0166,0.0152,-1.1,-1.1,normal,normal,alta,5,historico fim_semana,4.0
I23LA009886,7,,fim_semana,0.0,0.0168,0.0153,-1.1,-1.1,normal,normal,alta,5,historico fim_semana,4.0
I23LA009886,8,,fim_semana,0.0,0.0166,0.0152,-1.1,-1.1,normal,normal,alta,5,historico fim_semana,4.0
I23LA009886,17,,fim_semana,0.0,0.012,0.015,-0.8,-0.8,normal,normal,alta,7,historico fim_semana,4.0
I23LA009886,18,,fim_semana,0.0,0.0143,0.0186,-0.77,-0.77,normal,normal,alta,7,historico fim_semana,4.0
I23LA009886,19,,fim_semana,0.0,0.0119,0.0148,-0.8,-0.8,normal,normal,alta,7,historico fim_semana,4.0
I23LA009886,20,,fim_semana,0.0,0.0121,0.0151,-0.8,-0.8,normal,normal,alta,7,historico fim_semana,4.0
I23LA009886,21,,fim_semana,0.0,0.0119,0.0148,-0.8,-0.8,normal,normal,alta,7,historico fim_semana,4.0
I23LA009886,22,,fim_semana,0.0,0.0119,0.0148,-0.8,-0.8,normal,normal,alta,7,historico fim_semana,4.0
I23LA009886,23,,fim_semana,0.0,0.0119,0.0148,-0.8,-0.8,normal,normal,alta,7,historico fim_semana,4.0
I23LA009888,0,,fim_semana,0.0,0.0,0.01,0.0,0.0,normal,normal,alta,7,historico fim_semana,4.0
I23LA009888,1,,fim_semana,0.0,0.0,0.01,0.0,0.0,normal,normal,alta,7,historico fim_semana,4.0
I23LA009888,2,,fim_semana,0.0,0.0,0.01,0.0,0.0,normal,normal,alta,7,historico fim_semana,4.0
I23LA009888,3,,fim_semana,0.0,0.0,0.01,0.0,0.0,normal,normal,alta,7,historico fim_semana,4.0
I23LA009888,4,,fim_semana,0.0,0.0,0.01,0.0,0.0,normal,normal,alta,7,historico fim_semana,4.0
I23LA009888,5,,fim_semana,0.0,0.0,0.01,0.0,0.0,normal,normal,alta,6,historico fim_semana,4.0
I23LA009888,6,,fim_semana,0.0,0.0,0.01,0.0,0.0,normal,normal,alta,6,historico fim_semana,4.0
I23LA009888,7,,fim_semana,0.0,0.0,0.01,0.0,0.0,normal,normal,alta,6,historico fim_semana,4.0
I23LA009888,8,,fim_semana,0.0,0.0,0.01,0.0,0.0,normal,normal,alta,6,historico fim_semana,4.0
I23LA009888,9,,fim_semana,0.0,0.0003,0.01,-0.03,-0.03,normal,normal,alta,8,historico fim_semana,4.0
I23LA009888,10,,fim_semana,0.0,0.0,0.01,0.0,0.0,normal,normal,alta,8,historico fim_semana,4.0
I23LA009888,11,,fim_semana,0.0,0.0,0.01,0.0,0.0,normal,normal,alta,8,historico fim_semana,4.0
I23LA009888,12,,fim_semana,0.0,0.0,0.01,0.0,0.0,normal,normal,alta,8,historico fim_semana,4.0
I23LA009888,13,,fim_semana,0.0,0.0,0.01,0.0,0.0,normal,normal,alta,7,historico fim_semana,4.0
I23LA009888,14,,fim_semana,0.0,0.0,0.01,0.0,0.0,normal,normal,alta,7,historico fim_semana,4.0
I23LA009888,15,,fim_semana,0.0,0.0,0.01,0.0,0.0,normal,normal,alta,7,historico fim_semana,4.0
I23LA009888,16,,fim_semana,0.0,0.0,0.01,0.0,0.0,normal,normal,alta,7,historico fim_semana,4.0
I23LA009888,17,,fim_semana,0.0,0.0,0.01,0.0,0.0,normal,normal,alta,7,historico fim_semana,4.0
I23LA009888,18,,fim_semana,0.0,0.0,0.01,0.0,0.0,normal,normal,alta,7,historico fim_semana,4.0
I23LA009888,19,,fim_semana,0.0,0.0,0.01,0.0,0.0,normal,normal,alta,7,historico fim_semana,4.0
I23LA009888,20,,fim_semana,0.0,0.0,0.01,0.0,0.0,normal,normal,alta,7,historico fim_semana,4.0
I23LA009888,21,,fim_semana,0.0,0.0,0.01,0.0,0.0,normal,normal,alta,7,historico fim_semana,4.0
I23LA009888,22,,fim_semana,0.0,0.0,0.01,0.0,0.0,normal,normal,alta,7,historico fim_semana,4.0
I23LA009888,23,,fim_semana,0.0,0.0,0.01,0.0,0.0,normal,normal,alta,7,historico fim_semana,4.0
I23LA211678,0,,fim_semana,0.0,0.0,0.01,0.0,0.0,normal,normal,alta,8,historico fim_semana,4.0
I23LA211678,1,,fim_semana,0.0,0.0,0.01,0.0,0.0,normal,normal,alta,8,historico fim_semana,4.0
I23LA211678,2,,fim_semana,0.0,0.0026,0.01,-0.26,-0.26,normal,normal,alta,8,historico fim_semana,4.0
I23LA211678,3,,fim_semana,0.0,0.0,0.01,0.0,0.0,normal,normal,alta,8,historico fim_semana,4.0
I23LA211678,4,,fim_semana,0.0,0.0,0.01,0.0,0.0,normal,normal,alta,8,historico fim_semana,4.0
I23LA211678,5,,fim_semana,0.0,0.0,0.01,0.0,0.0,normal,normal,alta,8,historico fim_semana,4.0
I23LA211678,6,,fim_semana,0.0,0.0,0.01,0.0,0.0,normal,normal,alta,8,historico fim_semana,4.0
I23LA211678,7,,fim_semana,0.0,0.0,0.01,0.0,0.0,normal,normal,alta,8,historico fim_semana,4.0
I23LA211678,8,,fim_semana,0.0,0.0,0.01,0.0,0.0,normal,normal,alta,8,historico fim_semana,4.0
I23LA211678,9,,fim_semana,0.0,0.0,0.01,0.0,0.0,normal,normal,alta,8,historico fim_semana,4.0
I23LA211678,10,,fim_semana,0.0,0.0,0.01,0.0,0.0,normal,normal,alta,8,historico fim_semana,4.0
I23LA211678,11,,fim_semana,0.0,0.0,0.01,0.0,0.0,normal,normal,alta,8,historico fim_semana,4.0
I23LA211678,12,,fim_semana,0.0,0.0,0.01,0.0,0.0,normal,normal,alta,8,historico fim_semana,4.0
I23LA211678,13,,fim_semana,0.0,0.0,0.01,0.0,0.0,normal,normal,alta,8,historico fim_semana,4.0
I23LA211678,14,,fim_semana,0.0,0.0,0.01,0.0,0.0,normal,normal,alta,8,historico fim_semana,4.0
I23LA211678,15,,fim_semana,0.0,0.0,0.01,0.0,0.0,normal,normal,alta,8,historico fim_semana,4.0
I23LA211678,16,,fim_semana,0.0,0.0,0.01,0.0,0.0,normal,normal,alta,8,historico fim_semana,4.0
I23LA211678,17,,fim_semana,0.0,0.0,0.01,0.0,0.0,normal,normal,alta,8,historico fim_semana,4.0
I23LA211678,18,,fim_semana,0.0,0.0,0.01,0.0,0.0,normal,normal,alta,8,historico fim_semana,4.0
I23LA211678,19,,fim_semana,0.0,0.0,0.01,0.0,0.0,normal,normal,alta,8,historico fim_semana,4.0
I23LA211678,20,,fim_semana,0.0,0.0,0.01,0.0,0.0,normal,normal,alta,8,historico fim_semana,4.0
I23LA211678,21,,fim_semana,0.0,0.0,0.01,0.0,0.0,normal,normal,alta,8,historico fim_semana,4.0
I23LA211678,22,,fim_semana,0.0,0.0,0.01,0.0,0.0,normal,normal,alta,8,historico fim_semana,4.0
I23LA211678,23,,fim_semana,0.0,0.0,0.01,0.0,0.0,normal,normal,alta,8,historico fim_semana,4.0
I23LA212338,0,,fim_semana,0.0,0.0,0.01,0.0,0.0,normal,normal,alta,6,historico fim_semana,4.0
I23LA212338,1,,fim_semana,0.0,0.0,0.01,0.0,0.0,normal,normal,alta,6,historico fim_semana,4.0
I23LA212338,2,,fim_semana,0.0,0.0,0.01,0.0,0.0,normal,normal,alta,6,historico fim_semana,4.0
I23LA212338,7,,fim_semana,0.0,0.0,0.01,0.0,0.0,normal,normal,alta,8,historico fim_semana,4.0
I23LA212338,8,,fim_semana,0.0,0.0,0.01,0.0,0.0,normal,normal,alta,8,historico fim_semana,4.0
I23LA212338,9,,fim_semana,0.0,0.0,0.01,0.0,0.0,normal,normal,alta,8,historico fim_semana,4.0
I23LA212338,10,,fim_semana,0.0,0.0,0.01,0.0,0.0,normal,normal,alta,8,historico fim_semana,4.0
I23LA212338,11,,fim_semana,0.0,0.0,0.01,0.0,0.0,normal,normal,alta,6,historico fim_semana,4.0
I23LA212338,12,,fim_semana,0.0,0.0,0.01,0.0,0.0,normal,normal,alta,6,historico fim_semana,4.0
I23LA212338,13,,fim_semana,0.0,0.0,0.01,0.0,0.0,normal,normal,alta,6,historico fim_semana,4.0
I23LA212338,14,,fim_semana,0.0,0.0,0.01,0.0,0.0,normal,normal,alta,6,historico fim_semana,4.0
I23LA212338,15,,fim_semana,0.0,0.0,0.01,0.0,0.0,normal,normal,alta,6,historico fim_semana,4.0
I23LA212338,16,,fim_semana,0.0,0.0,0.01,0.0,0.0,normal,normal,alta,6,historico fim_semana,4.0
I23LA212338,17,,fim_semana,0.0,0.0,0.01,0.0,0.0,normal,normal,alta,6,historico fim_semana,4.0
I23LA212338,18,,fim_semana,0.0,0.0,0.01,0.0,0.0,normal,normal,alta,6,historico fim_semana,4.0
I23LA212338,19,,fim_semana,0.0,0.0,0.01,0.0,0.0,normal,normal,alta,6,historico fim_semana,4.0
I23LA212338,20,,fim_semana,0.0,0.0,0.01,0.0,0.0,normal,normal,alta,6,historico fim_semana,4.0
I23LA212338,21,,fim_semana,0.0,0.0,0.01,0.0,0.0,normal,normal,alta,6,historico fim_semana,4.0
I23LA212338,22,,fim_semana,0.0,0.0,0.01,0.0,0.0,normal,normal,alta,6,historico fim_semana,4.0
I23LA212338,23,,fim_semana,0.0,0.0,0.01,0.0,0.0,normal,normal,alta,8,historico fim_semana,4.0
I23LA212355,0,,fim_semana,0.0,0.0,0.01,0.0,0.0,normal,normal,alta,8,historico fim_semana,4.0
I23LA212355,1,,fim_semana,0.0,0.0,0.01,0.0,0.0,normal,normal,alta,8,historico fim_semana,4.0
I23LA212355,2,,fim_semana,0.0,0.0,0.01,0.0,0.0,normal,normal,alta,8,historico fim_semana,4.0
I23LA212355,3,,fim_semana,0.0,0.0,0.01,0.0,0.0,normal,normal,alta,8,historico fim_semana,4.0
I23LA212355,4,,fim_semana,0.0,0.0,0.01,0.0,0.0,normal,normal,alta,8,historico fim_semana,4.0
I23LA212355,5,,fim_semana,0.0,0.0,0.01,0.0,0.0,normal,normal,alta,8,historico fim_semana,4.0
I23LA212355,6,,fim_semana,0.0,0.0,0.01,0.0,0.0,normal,normal,alta,8,historico fim_semana,4.0
I23LA212355,7,,fim_semana,0.0,0.0,0.01,0.0,0.0,normal,normal,alta,8,historico fim_semana,4.0
I23LA212355,8,,fim_semana,0.0,0.0,0.01,0.0,0.0,normal,normal,alta,8,historico fim_semana,4.0
I23LA212355,9,,fim_semana,0.0,0.0,0.01,0.0,0.0,normal,normal,alta,7,historico fim_semana,4.0
I23LA212355,10,,fim_semana,0.0,0.0,0.01,0.0,0.0,normal,normal,alta,7,historico fim_semana,4.0
I23LA212355,11,,fim_semana,0.0,0.0,0.01,0.0,0.0,normal,normal,alta,7,historico fim_semana,4.0
I23LA212355,12,,fim_semana,0.0,0.0,0.01,0.0,0.0,normal,normal,alta,7,historico fim_semana,4.0
I23LA212355,13,,fim_semana,0.0,0.0,0.01,0.0,0.0,normal,normal,alta,6,historico fim_semana,4.0
I23LA212355,14,,fim_semana,0.0,0.0,0.01,0.0,0.0,normal,normal,alta,6,historico fim_semana,4.0
I23LA212355,15,,fim_semana,0.0,0.0,0.01,0.0,0.0,normal,normal,alta,6,historico fim_semana,4.0
I23LA212355,16,,fim_semana,0.0,0.0,0.01,0.0,0.0,normal,normal,alta,6,historico fim_semana,4.0
I23LA212355,21,,fim_semana,0.0,0.0,0.01,0.0,0.0,normal,normal,alta,8,historico fim_semana,4.0
I23LA212355,22,,fim_semana,0.0,0.0,0.01,0.0,0.0,normal,normal,alta,8,historico fim_semana,4.0
I23LA212355,23,,fim_semana,0.0,0.0,0.01,0.0,0.0,normal,normal,alta,8,historico fim_semana,4.0
I23LA212359,14,,fim_semana,0.0,0.0,0.01,0.0,0.0,normal,normal,baixa,2,historico fim_semana (poucos dados),4.0
I23LA212359,15,,fim_semana,0.0,0.0,0.01,0.0,0.0,normal,normal,baixa,2,historico fim_semana (poucos dados),4.0
I23LA212359,16,,fim_semana,0.0,0.0,0.01,0.0,0.0,normal,normal,baixa,2,historico fim_semana (poucos dados),4.0
I23LA212359,17,,fim_semana,0.0,0.0,0.01,0.0,0.0,normal,normal,baixa,2,historico fim_semana (poucos dados),4.0
I23LA212366,0,,fim_semana,0.0,0.0,0.01,0.0,0.0,normal,normal,alta,7,historico fim_semana,4.0
I23LA212366,1,,fim_semana,0.0,0.0,0.01,0.0,0.0,normal,normal,alta,7,historico fim_semana,4.0
I23LA212366,2,,fim_semana,0.0,0.0,0.01,0.0,0.0,normal,normal,alta,7,historico fim_semana,4.0
I23LA212366,3,,fim_semana,0.0,0.0,0.01,0.0,0.0,normal,normal,alta,7,historico fim_semana,4.0
I23LA212366,4,,fim_semana,0.0,0.0,0.01,0.0,0.0,normal,normal,alta,7,historico fim_semana,4.0
I23LA212366,5,,fim_semana,0.0,0.0,0.01,0.0,0.0,normal,normal,alta,7,historico fim_semana,4.0
I23LA212366,6,,fim_semana,0.0,0.0,0.01,0.0,0.0,normal,normal,alta,7,historico fim_semana,4.0
I23LA212366,7,,fim_semana,0.0,0.0,0.01,0.0,0.0,normal,normal,alta,7,historico fim_semana,4.0
I23LA212366,12,,fim_semana,0.0,0.0,0.01,0.0,0.0,normal,normal,alta,7,historico fim_semana,4.0
I23LA212366,13,,fim_semana,0.0,0.0,0.01,0.0,0.0,normal,normal,alta,7,historico fim_semana,4.0
I23LA212366,14,,fim_semana,0.0,0.0,0.01,0.0,0.0,normal,normal,alta,7,historico fim_semana,4.0
I23LA212366,15,,fim_semana,0.0,0.0,0.01,0.0,0.0,normal,normal,alta,7,historico fim_semana,4.0
I23LA212366,16,,fim_semana,0.0,0.0,0.01,0.0,0.0,normal,normal,alta,8,historico fim_semana,4.0
I23LA212366,17,,fim_semana,0.0,0.0,0.01,0.0,0.0,normal,normal,alta,8,historico fim_semana,4.0
I23LA212366,18,,fim_semana,0.0,0.0,0.01,0.0,0.0,normal,normal,alta,8,historico fim_semana,4.0
I23LA212366,19,,fim_semana,0.0,0.0,0.01,0.0,0.0,normal,normal,alta,8,historico fim_semana,4.0
I23LA212366,20,,fim_semana,0.0,0.0,0.01,0.0,0.0,normal,normal,alta,7,historico fim_semana,4.0
I23LA212366,21,,fim_semana,0.0,0.0,0.01,0.0,0.0,normal,normal,alta,7,historico fim_semana,4.0
I23LA212366,22,,fim_semana,0.0,0.0,0.01,0.0,0.0,normal,normal,alta,7,historico fim_semana,4.0
I23LA212366,23,,fim_semana,0.0,0.0,0.01,0.0,0.0,normal,normal,alta,7,historico fim_semana,4.0
I23LA213007,0,,fim_semana,0.008,0.0077,0.01,0.03,0.03,normal,normal,alta,8,historico fim_semana,4.0
I23LA213007,1,,fim_semana,0.0,0.0021,0.01,-0.21,-0.21,normal,normal,alta,8,historico fim_semana,4.0
I23LA213007,2,,fim_semana,0.0,0.0026,0.01,-0.26,-0.26,normal,normal,alta,8,historico fim_semana,4.0
I23LA213007,3,,fim_semana,0.013,0.003,0.01,1.0,1.0,normal,normal,alta,8,historico fim_semana,4.0
I23LA213007,4,,fim_semana,0.0,0.001,0.01,-0.1,-0.1,normal,normal,alta,8,historico fim_semana,4.0
I23LA213007,5,,fim_semana,0.001,0.0019,0.01,-0.09,-0.09,normal,normal,alta,8,historico fim_semana,4.0
I23LA213007,6,,fim_semana,0.0,0.0021,0.01,-0.21,-0.21,normal,normal,alta,8,historico fim_semana,4.0
I23LA213007,7,,fim_semana,0.0,0.0006,0.01,-0.06,-0.06,normal,normal,alta,8,historico fim_semana,4.0
I23LA213007,8,,fim_semana,0.018,0.0104,0.01,0.76,0.76,normal,normal,alta,8,historico fim_semana,4.0
I23LA213007,9,,fim_semana,0.093,0.0067,0.01,8.62,8.62,desvio,acima,alta,8,historico fim_semana,4.0
I23LA213007,10,,fim_semana,0.005,0.0054,0.01,-0.04,-0.04,normal,normal,alta,8,historico fim_semana,4.0
I23LA213007,11,,fim_semana,0.0,0.0155,0.0367,-0.42,-0.42,normal,normal,alta,8,historico fim_semana,4.0
I23LA213007,12,,fim_semana,0.0,0.0076,0.01,-0.76,-0.76,normal,normal,alta,8,historico fim_semana,4.0
I23LA213007,13,,fim_semana,0.006,0.0081,0.01,-0.21,-0.21,normal,normal,alta,8,historico fim_semana,4.0
I23LA213007,14,,fim_semana,0.04,0.0115,0.0118,2.42,2.42,normal,normal,alta,8,historico fim_semana,4.0
I23LA213007,15,,fim_semana,0.008,0.0037,0.01,0.43,0.43,normal,normal,alta,8,historico fim_semana,4.0
I23LA213007,16,,fim_semana,0.007,0.0081,0.01,-0.11,-0.11,normal,normal,alta,8,historico fim_semana,4.0
I23LA213007,17,,fim_semana,0.005,0.0029,0.01,0.21,0.21,normal,normal,alta,7,historico fim_semana,4.0
I23LA213007,18,,fim_semana,0.016,0.0046,0.01,1.14,1.14,normal,normal,alta,8,historico fim_semana,4.0
I23LA213007,19,,fim_semana,0.0,0.0046,0.01,-0.46,-0.46,normal,normal,alta,8,historico fim_semana,4.0
I23LA213007,20,,fim_semana,0.0,0.0203,0.0188,-1.08,-1.08,normal,normal,alta,8,historico fim_semana,4.0
I23LA213007,21,,fim_semana,0.008,0.0157,0.0263,-0.29,-0.29,normal,normal,alta,7,historico fim_semana,4.0
I23LA213007,22,,fim_semana,0.007,0.0063,0.0102,0.07,0.07,normal,normal,alta,8,historico fim_semana,4.0
I23LA213007,23,,fim_semana,0.0,0.0064,0.01,-0.64,-0.64,normal,normal,alta,8,historico fim_semana,4.0
I23LA213385,0,,fim_semana,0.0,0.0002,0.01,-0.02,-0.02,normal,normal,alta,6,historico fim_semana,4.0
I23LA213385,1,,fim_semana,0.0,0.0,0.01,0.0,0.0,normal,normal,alta,7,historico fim_semana,4.0
I23LA213385,2,,fim_semana,0.0,0.0,0.01,0.0,0.0,normal,normal,alta,7,historico fim_semana,4.0
I23LA213385,3,,fim_semana,0.0,0.0001,0.01,-0.01,-0.01,normal,normal,alta,7,historico fim_semana,4.0
I23LA213385,4,,fim_semana,0.0,0.0001,0.01,-0.01,-0.01,normal,normal,alta,8,historico fim_semana,4.0
I23LA213385,5,,fim_semana,0.0,0.0,0.01,0.0,0.0,normal,normal,alta,8,historico fim_semana,4.0
I23LA213385,6,,fim_semana,0.0,0.0001,0.01,-0.01,-0.01,normal,normal,alta,8,historico fim_semana,4.0
I23LA213385,7,,fim_semana,0.0,0.0001,0.01,-0.01,-0.01,normal,normal,alta,8,historico fim_semana,4.0
I23LA213385,8,,fim_semana,0.0,0.0,0.01,0.0,0.0,normal,normal,alta,7,historico fim_semana,4.0
I23LA213385,9,,fim_semana,0.0,0.0001,0.01,-0.01,-0.01,normal,normal,alta,7,historico fim_semana,4.0
I23LA213385,10,,fim_semana,0.001,0.0004,0.01,0.06,0.06,normal,normal,alta,7,historico fim_semana,4.0
I23LA213385,11,,fim_semana,0.0,0.0003,0.01,-0.03,-0.03,normal,normal,alta,7,historico fim_semana,4.0
I23LA213385,12,,fim_semana,0.0,0.0002,0.01,-0.02,-0.02,normal,normal,alta,5,historico fim_semana,4.0
I23LA213385,13,,fim_semana,0.001,0.0,0.01,0.1,0.1,normal,normal,alta,6,historico fim_semana,4.0
I23LA213385,14,,fim_semana,0.0,0.0003,0.01,-0.03,-0.03,normal,normal,alta,6,historico fim_semana,4.0
I23LA213385,15,,fim_semana,0.001,0.0005,0.01,0.05,0.05,normal,normal,alta,6,historico fim_semana,4.0
I23LA454934,0,,fim_semana,0.0,0.0,0.01,0.0,0.0,normal,normal,alta,7,historico fim_semana,4.0
I23LA454934,1,,fim_semana,0.0,0.0,0.01,0.0,0.0,normal,normal,alta,8,historico fim_semana,4.0
I23LA454934,2,,fim_semana,0.0,0.0,0.01,0.0,0.0,normal,normal,alta,8,historico fim_semana,4.0
I23LA454934,3,,fim_semana,0.0,0.0,0.01,0.0,0.0,normal,normal,alta,8,historico fim_semana,4.0
I23LA454934,8,,fim_semana,0.0,0.0,0.01,0.0,0.0,normal,normal,alta,7,historico fim_semana,4.0
I23LA454934,9,,fim_semana,0.0,0.0,0.01,0.0,0.0,normal,normal,alta,7,historico fim_semana,4.0
I23LA454934,10,,fim_semana,0.0,0.0,0.01,0.0,0.0,normal,normal,alta,7,historico fim_semana,4.0
I23LA454934,11,,fim_semana,0.0,0.0,0.01,0.0,0.0,normal,normal,alta,7,historico fim_semana,4.0
I23LA454934,12,,fim_semana,0.0,0.0,0.01,0.0,0.0,normal,normal,alta,6,historico fim_semana,4.0
I23LA454934,13,,fim_semana,0.0,0.0,0.01,0.0,0.0,normal,normal,alta,7,historico fim_semana,4.0
I23LA454934,14,,fim_semana,0.0,0.0,0.01,0.0,0.0,normal,normal,alta,7,historico fim_semana,4.0
I23LA454934,15,,fim_semana,0.0,0.0,0.01,0.0,0.0,normal,normal,alta,7,historico fim_semana,4.0
I23LA454934,16,,fim_semana,0.0,0.0,0.01,0.0,0.0,normal,normal,alta,8,historico fim_semana,4.0
I23LA454934,17,,fim_semana,0.0,0.0,0.01,0.0,0.0,normal,normal,alta,8,historico fim_semana,4.0
I23LA454934,18,,fim_semana,0.0,0.0,0.01,0.0,0.0,normal,normal,alta,8,historico fim_semana,4.0
I23LA454934,19,,fim_semana,0.0,0.0,0.01,0.0,0.0,normal,normal,alta,8,historico fim_semana,4.0
I23LA454934,20,,fim_semana,0.0,0.0,0.01,0.0,0.0,normal,normal,alta,6,historico fim_semana,4.0
I23LA454934,21,,fim_semana,0.0,0.0,0.01,0.0,0.0,normal,normal,alta,6,historico fim_semana,4.0
I23LA454934,22,,fim_semana,0.0,0.0,0.01,0.0,0.0,normal,normal,alta,6,historico fim_semana,4.0
I23LA454934,23,,fim_semana,0.0,0.0,0.01,0.0,0.0,normal,normal,alta,6,historico fim_semana,4.0
I23LA459839,2,,fim_semana,0.0,0.0,0.01,0.0,0.0,normal,normal,alta,8,historico fim_semana,4.0
I23LA459839,3,,fim_semana,0.0,0.0,0.01,0.0,0.0,normal,normal,alta,8,historico fim_semana,4.0
I23LA459839,4,,fim_semana,0.0,0.0,0.01,0.0,0.0,normal,normal,alta,8,historico fim_semana,4.0
I23LA459839,5,,fim_semana,0.0,0.0,0.01,0.0,0.0,normal,normal,alta,8,historico fim_semana,4.0
I23LA459839,6,,fim_semana,0.0,0.0,0.01,0.0,0.0,normal,normal,alta,6,historico fim_semana,4.0
I23LA459839,7,,fim_semana,0.0,0.0,0.01,0.0,0.0,normal,normal,alta,6,historico fim_semana,4.0
I23LA459839,8,,fim_semana,0.0,0.0,0.01,0.0,0.0,normal,normal,alta,6,historico fim_semana,4.0
I23LA459839,9,,fim_semana,0.0,0.0,0.01,0.0,0.0,normal,normal,alta,6,historico fim_semana,4.0
I23LA459839,10,,fim_semana,0.0,0.0,0.01,0.0,0.0,normal,normal,baixa,4,historico fim_semana (poucos dados),4.0
I23LA459839,11,,fim_semana,0.0,0.0,0.01,0.0,0.0,normal,normal,baixa,4,historico fim_semana (poucos dados),4.0
I23LA459839,12,,fim_semana,0.0,0.0,0.01,0.0,0.0,normal,normal,baixa,4,historico fim_semana (poucos dados),4.0
I23LA459839,13,,fim_semana,0.0,0.0,0.01,0.0,0.0,normal,normal,baixa,4,historico fim_semana (poucos dados),4.0
I23LA459839,14,,fim_semana,0.0,0.0,0.01,0.0,0.0,normal,normal,alta,8,historico fim_semana,4.0
I23LA459839,15,,fim_semana,0.0,0.0,0.01,0.0,0.0,normal,normal,alta,8,historico fim_semana,4.0
I23LA459839,16,,fim_semana,0.0,0.0,0.01,0.0,0.0,normal,normal,alta,8,historico fim_semana,4.0
I23LA459839,17,,fim_semana,0.0,0.0,0.01,0.0,0.0,normal,normal,alta,8,historico fim_semana,4.0
I23LA459839,18,,fim_semana,0.0,0.0,0.01,0.0,0.0,normal,normal,alta,7,historico fim_semana,4.0
I23LA459839,19,,fim_semana,0.0,0.0136,0.0359,-0.38,-0.38,normal,normal,alta,7,historico fim_semana,4.0
I23LA459839,20,,fim_semana,0.0,0.0,0.01,0.0,0.0,normal,normal,alta,7,historico fim_semana,4.0
I23LA459839,21,,fim_semana,0.094,0.0447,0.0417,1.18,1.18,normal,normal,alta,7,historico fim_semana,4.0
I23LA465873,0,,fim_semana,0.0,0.0003,0.01,-0.03,-0.03,normal,normal,alta,8,historico fim_semana,4.0
I23LA465873,1,,fim_semana,0.0,0.0008,0.01,-0.07,-0.07,normal,normal,alta,8,historico fim_semana,4.0
I23LA465873,2,,fim_semana,0.0,0.0004,0.01,-0.04,-0.04,normal,normal,alta,8,historico fim_semana,4.0
I23LA465873,3,,fim_semana,0.0,0.0004,0.01,-0.04,-0.04,normal,normal,alta,8,historico fim_semana,4.0
I23LA465873,4,,fim_semana,0.0,0.0,0.01,0.0,0.0,normal,normal,alta,6,historico fim_semana,4.0
I23LA465873,5,,fim_semana,0.0,0.0005,0.01,-0.05,-0.05,normal,normal,alta,8,historico fim_semana,4.0
I23LA465873,6,,fim_semana,0.0,0.0004,0.01,-0.04,-0.04,normal,normal,alta,8,historico fim_semana,4.0
I23LA465873,7,,fim_semana,0.0,0.0004,0.01,-0.04,-0.04,normal,normal,alta,8,historico fim_semana,4.0
I23LA465873,8,,fim_semana,0.0,0.0005,0.01,-0.05,-0.05,normal,normal,alta,8,historico fim_semana,4.0
I23LA465873,9,,fim_semana,0.0,0.0005,0.01,-0.05,-0.05,normal,normal,alta,8,historico fim_semana,4.0
I23LA465873,10,,fim_semana,0.0,0.0005,0.01,-0.05,-0.05,normal,normal,alta,8,historico fim_semana,4.0
I23LA465873,11,,fim_semana,0.0,0.0005,0.01,-0.05,-0.05,normal,normal,alta,8,historico fim_semana,4.0
I23LA465873,12,,fim_semana,0.0,0.0005,0.01,-0.05,-0.05,normal,normal,alta,8,historico fim_semana,4.0
I23LA465873,13,,fim_semana,0.0,0.0005,0.01,-0.05,-0.05,normal,normal,alta,8,historico fim_semana,4.0
I23LA465873,14,,fim_semana,0.0,0.0004,0.01,-0.04,-0.04,normal,normal,alta,8,historico fim_semana,4.0
I23LA465873,15,,fim_semana,0.0,0.0004,0.01,-0.04,-0.04,normal,normal,alta,8,historico fim_semana,4.0
I23LA465873,16,,fim_semana,0.0,0.0009,0.01,-0.09,-0.09,normal,normal,alta,8,historico fim_semana,4.0
I23LA465873,17,,fim_semana,0.0,0.0004,0.01,-0.04,-0.04,normal,normal,alta,8,historico fim_semana,4.0
I23LA465873,18,,fim_semana,0.0,0.0003,0.01,-0.03,-0.03,normal,normal,alta,8,historico fim_semana,4.0
I23LA465873,19,,fim_semana,0.0,0.0005,0.01,-0.05,-0.05,normal,normal,alta,8,historico fim_semana,4.0
I23LA465873,20,,fim_semana,0.0,0.0003,0.01,-0.03,-0.03,normal,normal,alta,8,historico fim_semana,4.0
I23LA465873,21,,fim_semana,0.0,0.0004,0.01,-0.04,-0.04,normal,normal,alta,8,historico fim_semana,4.0
I23LA465873,22,,fim_semana,0.0,0.0004,0.01,-0.04,-0.04,normal,normal,alta,8,historico fim_semana,4.0
I23LA465873,23,,fim_semana,0.0,0.0004,0.01,-0.04,-0.04,normal,normal,alta,8,historico fim_semana,4.0
I23LA545728,0,,fim_semana,0.0,0.0,0.01,0.0,0.0,normal,normal,alta,8,historico fim_semana,4.0
I23LA545728,1,,fim_semana,0.0,0.0,0.01,0.0,0.0,normal,normal,alta,8,historico fim_semana,4.0
I23LA545728,2,,fim_semana,0.0,0.0,0.01,0.0,0.0,normal,normal,alta,8,historico fim_semana,4.0
I23LA545728,3,,fim_semana,0.0,0.0,0.01,0.0,0.0,normal,normal,alta,8,historico fim_semana,4.0
I23LA545728,4,,fim_semana,0.0,0.0,0.01,0.0,0.0,normal,normal,alta,8,historico fim_semana,4.0
I23LA545728,5,,fim_semana,0.0,0.0,0.01,0.0,0.0,normal,normal,alta,8,historico fim_semana,4.0
I23LA545728,6,,fim_semana,0.0,0.0,0.01,0.0,0.0,normal,normal,alta,8,historico fim_semana,4.0
I23LA545728,7,,fim_semana,0.0,0.0,0.01,0.0,0.0,normal,normal,alta,8,historico fim_semana,4.0
I23LA545728,8,,fim_semana,0.0,0.0,0.01,0.0,0.0,normal,normal,alta,8,historico fim_semana,4.0
I23LA545728,9,,fim_semana,0.0,0.0,0.01,0.0,0.0,normal,normal,alta,8,historico fim_semana,4.0
I23LA545728,10,,fim_semana,0.0,0.0,0.01,0.0,0.0,normal,normal,alta,8,historico fim_semana,4.0
I23LA545728,11,,fim_semana,0.0,0.0003,0.01,-0.03,-0.03,normal,normal,alta,8,historico fim_semana,4.0
I23LA545728,12,,fim_semana,0.0,0.0003,0.01,-0.03,-0.03,normal,normal,alta,8,historico fim_semana,4.0
I23LA545728,13,,fim_semana,0.0,0.0004,0.01,-0.04,-0.04,normal,normal,alta,8,historico fim_semana,4.0
I23LA545728,14,,fim_semana,0.0,0.0,0.01,0.0,0.0,normal,normal,alta,7,historico fim_semana,4.0
I23LA545728,15,,fim_semana,0.0,0.0,0.01,0.0,0.0,normal,normal,alta,7,historico fim_semana,4.0
I23LA545728,16,,fim_semana,0.0,0.0,0.01,0.0,0.0,normal,normal,alta,7,historico fim_semana,4.0
I23LA545728,17,,fim_semana,0.0,0.0009,0.01,-0.09,-0.09,normal,normal,alta,7,historico fim_semana,4.0
I23LA545728,18,,fim_semana,0.0,0.001,0.01,-0.1,-0.1,normal,normal,alta,8,historico fim_semana,4.0
I23LA545728,19,,fim_semana,0.001,0.0001,0.01,0.09,0.09,normal,normal,alta,8,historico fim_semana,4.0
I23LA545728,20,,fim_semana,0.002,0.0,0.01,0.2,0.2,normal,normal,alta,8,historico fim_semana,4.0
I23LA545728,21,,fim_semana,0.0,0.0,0.01,0.0,0.0,normal,normal,alta,8,historico fim_semana,4.0
I23LA545728,22,,fim_semana,0.0,0.0,0.01,0.0,0.0,normal,normal,alta,8,historico fim_semana,4.0
I23LA545728,23,,fim_semana,0.0,0.0,0.01,0.0,0.0,normal,normal,alta,8,historico fim_semana,4.0
I23LA547069,0,,fim_semana,0.0,0.0,0.01,0.0,0.0,normal,normal,alta,8,historico fim_semana,4.0
I23LA547069,1,,fim_semana,0.0,0.0,0.01,0.0,0.0,normal,normal,alta,8,historico fim_semana,4.0
I23LA547069,2,,fim_semana,0.0,0.0,0.01,0.0,0.0,normal,normal,alta,8,historico fim_semana,4.0
I23LA547069,3,,fim_semana,0.0,0.0,0.01,0.0,0.0,normal,normal,alta,7,historico fim_semana,4.0
I23LA547069,4,,fim_semana,0.0,0.0,0.01,0.0,0.0,normal,normal,alta,7,historico fim_semana,4.0
I23LA547069,5,,fim_semana,0.0,0.0,0.01,0.0,0.0,normal,normal,alta,7,historico fim_semana,4.0
I23LA547069,6,,fim_semana,0.0,0.0,0.01,0.0,0.0,normal,normal,alta,7,historico fim_semana,4.0
I23LA547069,7,,fim_semana,0.0,0.0,0.01,0.0,0.0,normal,normal,alta,7,historico fim_semana,4.0
I23LA547069,8,,fim_semana,0.0,0.0,0.01,0.0,0.0,normal,normal,alta,7,historico fim_semana,4.0
I23LA547069,9,,fim_semana,0.0,0.0046,0.0121,-0.38,-0.38,normal,normal,alta,7,historico fim_semana,4.0
I23LA547069,10,,fim_semana,0.0,0.1186,0.3137,-0.38,-0.38,normal,normal,alta,7,historico fim_semana,4.0
I23LA547069,11,,fim_semana,0.0,0.0882,0.2496,-0.35,-0.35,normal,normal,alta,8,historico fim_semana,4.0
I23LA547069,12,,fim_semana,0.0,0.0,0.01,0.0,0.0,normal,normal,alta,8,historico fim_semana,4.0
I23LA547069,13,,fim_semana,0.0,0.0,0.01,0.0,0.0,normal,normal,alta,8,historico fim_semana,4.0
I23LA547069,14,,fim_semana,0.0,0.0,0.01,0.0,0.0,normal,normal,alta,8,historico fim_semana,4.0
I23LA547069,15,,fim_semana,0.0,0.0,0.01,0.0,0.0,normal,normal,alta,8,historico fim_semana,4.0
I23LA547069,16,,fim_semana,0.0,0.0,0.01,0.0,0.0,normal,normal,alta,8,historico fim_semana,4.0
I23LA547069,17,,fim_semana,0.0,0.0,0.01,0.0,0.0,normal,normal,alta,8,historico fim_semana,4.0
I23LA547069,18,,fim_semana,0.0,0.0,0.01,0.0,0.0,normal,normal,alta,8,historico fim_semana,4.0
I23LA547069,19,,fim_semana,0.0,0.0,0.01,0.0,0.0,normal,normal,alta,8,historico fim_semana,4.0
I23LA547069,20,,fim_semana,0.0,0.0,0.01,0.0,0.0,normal,normal,alta,8,historico fim_semana,4.0
I23LA547069,21,,fim_semana,0.0,0.0,0.01,0.0,0.0,normal,normal,alta,8,historico fim_semana,4.0
I23LA547069,22,,fim_semana,0.0,0.0,0.01,0.0,0.0,normal,normal,alta,8,historico fim_semana,4.0
I23LA547069,23,,fim_semana,0.0,0.0,0.01,0.0,0.0,normal,normal,alta,7,historico fim_semana,4.0
I24LA025413,0,,fim_semana,0.0,0.0001,0.01,-0.01,-0.01,normal,normal,alta,8,historico fim_semana,4.0
I24LA025413,1,,fim_semana,0.0,0.0001,0.01,-0.01,-0.01,normal,normal,alta,8,historico fim_semana,4.0
I24LA025413,2,,fim_semana,0.0,0.0001,0.01,-0.01,-0.01,normal,normal,alta,8,historico fim_semana,4.0
I24LA025413,3,,fim_semana,0.0,0.0001,0.01,-0.01,-0.01,normal,normal,alta,8,historico fim_semana,4.0
I24LA025413,4,,fim_semana,0.0,0.0,0.01,0.0,0.0,normal,normal,alta,8,historico fim_semana,4.0
I24LA025413,5,,fim_semana,0.0,0.0,0.01,0.0,0.0,normal,normal,alta,8,historico fim_semana,4.0
I24LA025413,6,,fim_semana,0.0,0.0001,0.01,-0.01,-0.01,normal,normal,alta,8,historico fim_semana,4.0
I24LA025413,7,,fim_semana,0.0,0.0,0.01,0.0,0.0,normal,normal,alta,8,historico fim_semana,4.0
I24LA025413,8,,fim_semana,0.0,0.0001,0.01,-0.01,-0.01,normal,normal,alta,8,historico fim_semana,4.0
I24LA025413,9,,fim_semana,0.0,0.0001,0.01,-0.01,-0.01,normal,normal,alta,8,historico fim_semana,4.0
I24LA025413,10,,fim_semana,0.0,0.0001,0.01,-0.01,-0.01,normal,normal,alta,8,historico fim_semana,4.0
I24LA025413,11,,fim_semana,0.0,0.0009,0.01,-0.09,-0.09,normal,normal,alta,8,historico fim_semana,4.0
I24LA025413,12,,fim_semana,0.0,0.0055,0.0133,-0.41,-0.41,normal,normal,alta,8,historico fim_semana,4.0
I24LA025413,13,,fim_semana,0.0,0.0027,0.01,-0.27,-0.27,normal,normal,alta,8,historico fim_semana,4.0
I24LA025413,14,,fim_semana,0.0,0.0001,0.01,-0.01,-0.01,normal,normal,alta,8,historico fim_semana,4.0
I24LA025413,15,,fim_semana,0.005,0.049,0.135,-0.33,-0.33,normal,normal,alta,8,historico fim_semana,4.0
I24LA025413,16,,fim_semana,0.111,0.0684,0.1934,0.22,0.22,normal,normal,alta,8,historico fim_semana,4.0
I24LA025413,17,,fim_semana,0.023,0.0694,0.195,-0.24,-0.24,normal,normal,alta,8,historico fim_semana,4.0
I24LA025413,18,,fim_semana,0.0,0.0051,0.01,-0.51,-0.51,normal,normal,alta,8,historico fim_semana,4.0
I24LA025413,19,,fim_semana,0.0,0.0,0.01,0.0,0.0,normal,normal,alta,8,historico fim_semana,4.0
I24LA025413,20,,fim_semana,0.0,0.0031,0.01,-0.31,-0.31,normal,normal,alta,8,historico fim_semana,4.0
I24LA025413,21,,fim_semana,0.0,0.0,0.01,0.0,0.0,normal,normal,alta,8,historico fim_semana,4.0
I24LA025413,22,,fim_semana,0.0,0.0001,0.01,-0.01,-0.01,normal,normal,alta,8,historico fim_semana,4.0
I24LA025413,23,,fim_semana,0.0,0.0,0.01,0.0,0.0,normal,normal,alta,8,historico fim_semana,4.0
I24LA025871,0,,fim_semana,0.0,0.0,0.01,0.0,0.0,normal,normal,alta,5,historico fim_semana,4.0
I24LA025871,1,,fim_semana,0.0,0.0,0.01,0.0,0.0,normal,normal,alta,5,historico fim_semana,4.0
I24LA025871,2,,fim_semana,0.0,0.0,0.01,0.0,0.0,normal,normal,alta,5,historico fim_semana,4.0
I24LA025871,3,,fim_semana,0.0,0.0,0.01,0.0,0.0,normal,normal,alta,7,historico fim_semana,4.0
I24LA025871,4,,fim_semana,0.0,0.0,0.01,0.0,0.0,normal,normal,alta,7,historico fim_semana,4.0
I24LA025871,5,,fim_semana,0.0,0.0,0.01,0.0,0.0,normal,normal,alta,7,historico fim_semana,4.0
I24LA025871,6,,fim_semana,0.0,0.0,0.01,0.0,0.0,normal,normal,alta,7,historico fim_semana,4.0
I24LA025871,7,,fim_semana,0.0,0.0,0.01,0.0,0.0,normal,normal,alta,8,historico fim_semana,4.0
I24LA025871,8,,fim_semana,0.0,0.0,0.01,0.0,0.0,normal,normal,alta,8,historico fim_semana,4.0
I24LA025871,9,,fim_semana,0.0,0.0,0.01,0.0,0.0,normal,normal,alta,8,historico fim_semana,4.0
I24LA025871,10,,fim_semana,0.0,0.0,0.01,0.0,0.0,normal,normal,alta,8,historico fim_semana,4.0
I24LA025871,15,,fim_semana,0.0,0.151,0.2135,-0.71,-0.71,normal,normal,baixa,2,historico fim_semana (poucos dados),4.0
I24LA025871,16,,fim_semana,0.0,0.009,0.0127,-0.71,-0.71,normal,normal,baixa,2,historico fim_semana (poucos dados),4.0
I24LA025871,17,,fim_semana,0.0,0.013,0.0184,-0.71,-0.71,normal,normal,baixa,2,historico fim_semana (poucos dados),4.0
I24LA025871,18,,fim_semana,0.0,0.0,0.01,0.0,0.0,normal,normal,baixa,2,historico fim_semana (poucos dados),4.0
I24LA025871,19,,fim_semana,0.0,0.0,0.01,0.0,0.0,normal,normal,alta,6,historico fim_semana,4.0
I24LA025871,20,,fim_semana,0.0,0.0,0.01,0.0,0.0,normal,normal,alta,6,historico fim_semana,4.0
I24LA025871,21,,fim_semana,0.0,0.0,0.01,0.0,0.0,normal,normal,alta,6,historico fim_semana,4.0
I24LA025871,22,,fim_semana,0.0,0.0,0.01,0.0,0.0,normal,normal,alta,6,historico fim_semana,4.0
I24LA025871,23,,fim_semana,0.0,0.0003,0.01,-0.03,-0.03,normal,normal,alta,6,historico fim_semana,4.0
I24LA025880,0,,fim_semana,0.0,0.0,0.01,0.0,0.0,normal,normal,alta,8,historico fim_semana,4.0
I24LA025880,1,,fim_semana,0.0,0.0,0.01,0.0,0.0,normal,normal,alta,8,historico fim_semana,4.0
I24LA025880,2,,fim_semana,0.0,0.0,0.01,0.0,0.0,normal,normal,alta,8,historico fim_semana,4.0
I24LA025880,3,,fim_semana,0.0,0.0,0.01,0.0,0.0,normal,normal,alta,7,historico fim_semana,4.0
I24LA025880,4,,fim_semana,0.0,0.0,0.01,0.0,0.0,normal,normal,alta,7,historico fim_semana,4.0
I24LA025880,5,,fim_semana,0.0,0.0,0.01,0.0,0.0,normal,normal,alta,7,historico fim_semana,4.0
I24LA025880,6,,fim_semana,0.0,0.0,0.01,0.0,0.0,normal,normal,alta,7,historico fim_semana,4.0
I24LA025880,7,,fim_semana,0.0,0.0,0.01,0.0,0.0,normal,normal,alta,8,historico fim_semana,4.0
I24LA025880,8,,fim_semana,0.0,0.0006,0.01,-0.06,-0.06,normal,normal,alta,8,historico fim_semana,4.0
I24LA025880,9,,fim_semana,0.0,0.0278,0.0785,-0.35,-0.35,normal,normal,alta,8,historico fim_semana,4.0
I24LA025880,10,,fim_semana,0.0,0.0014,0.01,-0.14,-0.14,normal,normal,alta,8,historico fim_semana,4.0
I24LA025880,11,,fim_semana,0.001,0.0,0.01,0.1,0.1,normal,normal,alta,8,historico fim_semana,4.0
I24LA025880,12,,fim_semana,0.0,0.001,0.01,-0.1,-0.1,normal,normal,alta,8,historico fim_semana,4.0
I24LA025880,13,,fim_semana,0.0,0.0003,0.01,-0.03,-0.03,normal,normal,alta,8,historico fim_semana,4.0
I24LA025880,14,,fim_semana,0.0,0.0,0.01,0.0,0.0,normal,normal,alta,8,historico fim_semana,4.0
I24LA025880,15,,fim_semana,0.0,0.0,0.01,0.0,0.0,normal,normal,alta,8,historico fim_semana,4.0
I24LA025880,16,,fim_semana,0.0,0.0,0.01,0.0,0.0,normal,normal,alta,8,historico fim_semana,4.0
I24LA025880,17,,fim_semana,0.0,0.0,0.01,0.0,0.0,normal,normal,alta,8,historico fim_semana,4.0
I24LA025880,18,,fim_semana,0.0,0.0,0.01,0.0,0.0,normal,normal,alta,8,historico fim_semana,4.0
I24LA025880,19,,fim_semana,0.0,0.0,0.01,0.0,0.0,normal,normal,alta,8,historico fim_semana,4.0
I24LA025880,20,,fim_semana,0.0,0.0,0.01,0.0,0.0,normal,normal,alta,8,historico fim_semana,4.0
I24LA025880,21,,fim_semana,0.0,0.0,0.01,0.0,0.0,normal,normal,alta,8,historico fim_semana,4.0
I24LA025880,22,,fim_semana,0.0,0.0,0.01,0.0,0.0,normal,normal,alta,8,historico fim_semana,4.0
I24LA025880,23,,fim_semana,0.0,0.0,0.01,0.0,0.0,normal,normal,alta,8,historico fim_semana,4.0
I24LA026648,0,,fim_semana,0.0,0.0,0.01,0.0,0.0,normal,normal,alta,7,historico fim_semana,4.0
I24LA026648,1,,fim_semana,0.0,0.0,0.01,0.0,0.0,normal,normal,alta,7,historico fim_semana,4.0
I24LA026648,2,,fim_semana,0.0,0.0,0.01,0.0,0.0,normal,normal,alta,8,historico fim_semana,4.0
I24LA026648,3,,fim_semana,0.0,0.0,0.01,0.0,0.0,normal,normal,alta,8,historico fim_semana,4.0
I24LA026648,4,,fim_semana,0.0,0.0,0.01,0.0,0.0,normal,normal,alta,8,historico fim_semana,4.0
I24LA026648,5,,fim_semana,0.0,0.0,0.01,0.0,0.0,normal,normal,alta,8,historico fim_semana,4.0
I24LA026648,6,,fim_semana,0.0,0.0,0.01,0.0,0.0,normal,normal,alta,6,historico fim_semana,4.0
I24LA026648,7,,fim_semana,0.0,0.0,0.01,0.0,0.0,normal,normal,alta,6,historico fim_semana,4.0
I24LA026648,8,,fim_semana,0.0,0.0,0.01,0.0,0.0,normal,normal,alta,6,historico fim_semana,4.0
I24LA026648,9,,fim_semana,0.0,0.0,0.01,0.0,0.0,normal,normal,alta,6,historico fim_semana,4.0
I24LA026648,10,,fim_semana,0.0,0.0,0.01,0.0,0.0,normal,normal,alta,8,historico fim_semana,4.0
I24LA026648,11,,fim_semana,0.0,0.0,0.01,0.0,0.0,normal,normal,alta,8,historico fim_semana,4.0
I24LA026648,12,,fim_semana,0.0,0.0,0.01,0.0,0.0,normal,normal,alta,8,historico fim_semana,4.0
I24LA026648,13,,fim_semana,0.0,0.0,0.01,0.0,0.0,normal,normal,alta,8,historico fim_semana,4.0
I24LA026648,14,,fim_semana,0.0,0.0002,0.01,-0.02,-0.02,normal,normal,alta,6,historico fim_semana,4.0
I24LA026648,15,,fim_semana,0.0,0.0135,0.0331,-0.41,-0.41,normal,normal,alta,6,historico fim_semana,4.0
I24LA026648,16,,fim_semana,0.001,0.0,0.01,0.1,0.1,normal,normal,alta,6,historico fim_semana,4.0
I24LA026648,17,,fim_semana,0.003,0.0,0.01,0.3,0.3,normal,normal,alta,6,historico fim_semana,4.0
I24LA026648,18,,fim_semana,0.0,0.0,0.01,0.0,0.0,normal,normal,alta,8,historico fim_semana,4.0
I24LA026648,19,,fim_semana,0.0,0.0,0.01,0.0,0.0,normal,normal,alta,8,historico fim_semana,4.0
I24LA026648,20,,fim_semana,0.0,0.0,0.01,0.0,0.0,normal,normal,alta,8,historico fim_semana,4.0
I24LA026648,21,,fim_semana,0.0,0.0,0.01,0.0,0.0,normal,normal,alta,8,historico fim_semana,4.0
I24LA026648,22,,fim_semana,0.0,0.0,0.01,0.0,0.0,normal,normal,alta,7,historico fim_semana,4.0
I24LA026648,23,,fim_semana,0.0,0.0,0.01,0.0,0.0,normal,normal,alta,7,historico fim_semana,4.0
I24LA028096,0,,fim_semana,0.004,0.0056,0.01,-0.16,-0.16,normal,normal,alta,8,historico fim_semana,4.0
I24LA028096,1,,fim_semana,0.004,0.0056,0.01,-0.16,-0.16,normal,normal,alta,8,historico fim_semana,4.0
I24LA028096,2,,fim_semana,0.003,0.0056,0.01,-0.26,-0.26,normal,normal,alta,8,historico fim_semana,4.0
I24LA028096,3,,fim_semana,0.004,0.0055,0.01,-0.15,-0.15,normal,normal,alta,8,historico fim_semana,4.0
I24LA028096,4,,fim_semana,0.003,0.0054,0.01,-0.24,-0.24,normal,normal,alta,8,historico fim_semana,4.0
I24LA028096,5,,fim_semana,0.004,0.0055,0.01,-0.15,-0.15,normal,normal,alta,8,historico fim_semana,4.0
I24LA028096,6,,fim_semana,0.003,0.0054,0.01,-0.24,-0.24,normal,normal,alta,8,historico fim_semana,4.0
I24LA028096,7,,fim_semana,0.004,0.0051,0.01,-0.11,-0.11,normal,normal,alta,8,historico fim_semana,4.0
I24LA028096,8,,fim_semana,0.003,0.0055,0.01,-0.25,-0.25,normal,normal,alta,8,historico fim_semana,4.0
I24LA028096,9,,fim_semana,0.004,0.0051,0.01,-0.11,-0.11,normal,normal,alta,8,historico fim_semana,4.0
I24LA028096,10,,fim_semana,0.003,0.0052,0.01,-0.22,-0.22,normal,normal,alta,8,historico fim_semana,4.0
I24LA028096,11,,fim_semana,0.004,0.0054,0.01,-0.14,-0.14,normal,normal,alta,8,historico fim_semana,4.0
I24LA028096,12,,fim_semana,0.003,0.0055,0.01,-0.25,-0.25,normal,normal,alta,8,historico fim_semana,4.0
I24LA028096,13,,fim_semana,0.004,0.0055,0.01,-0.15,-0.15,normal,normal,alta,8,historico fim_semana,4.0
I24LA028096,14,,fim_semana,0.004,0.0054,0.01,-0.14,-0.14,normal,normal,alta,8,historico fim_semana,4.0
I24LA028096,15,,fim_semana,0.003,0.0059,0.01,-0.29,-0.29,normal,normal,alta,8,historico fim_semana,4.0
I24LA028096,16,,fim_semana,0.004,0.0055,0.01,-0.15,-0.15,normal,normal,alta,8,historico fim_semana,4.0
I24LA028096,17,,fim_semana,0.004,0.0052,0.01,-0.12,-0.12,normal,normal,alta,8,historico fim_semana,4.0
I24LA028096,18,,fim_semana,0.003,0.0055,0.01,-0.25,-0.25,normal,normal,alta,8,historico fim_semana,4.0
I24LA028096,19,,fim_semana,0.004,0.0061,0.01,-0.21,-0.21,normal,normal,alta,8,historico fim_semana,4.0
I24LA028096,20,,fim_semana,0.003,0.0071,0.01,-0.41,-0.41,normal,normal,alta,8,historico fim_semana,4.0
I24LA028096,21,,fim_semana,0.003,0.0054,0.01,-0.24,-0.24,normal,normal,alta,8,historico fim_semana,4.0
I24LA028096,22,,fim_semana,0.004,0.0055,0.01,-0.15,-0.15,normal,normal,alta,8,historico fim_semana,4.0
I24LA028096,23,,fim_semana,0.004,0.0055,0.01,-0.15,-0.15,normal,normal,alta,8,historico fim_semana,4.0
I24LA028098,0,,fim_semana,0.0,0.0019,0.01,-0.19,-0.19,normal,normal,alta,8,historico fim_semana,4.0
I24LA028098,1,,fim_semana,0.0,0.0,0.01,0.0,0.0,normal,normal,alta,8,historico fim_semana,4.0
I24LA028098,2,,fim_semana,0.0,0.0,0.01,0.0,0.0,normal,normal,alta,8,historico fim_semana,4.0
I24LA028098,3,,fim_semana,0.0,0.0,0.01,0.0,0.0,normal,normal,alta,8,historico fim_semana,4.0
I24LA028098,4,,fim_semana,0.0,0.0,0.01,0.0,0.0,normal,normal,alta,8,historico fim_semana,4.0
I24LA028098,5,,fim_semana,0.0,0.0,0.01,0.0,0.0,normal,normal,alta,8,historico fim_semana,4.0
I24LA028098,6,,fim_semana,0.0,0.0,0.01,0.0,0.0,normal,normal,alta,8,historico fim_semana,4.0
I24LA028098,7,,fim_semana,0.0,0.0,0.01,0.0,0.0,normal,normal,alta,8,historico fim_semana,4.0
I24LA028098,8,,fim_semana,0.0,0.0,0.01,0.0,0.0,normal,normal,alta,8,historico fim_semana,4.0
I24LA028098,9,,fim_semana,0.0,0.0235,0.0344,-0.68,-0.68,normal,normal,alta,8,historico fim_semana,4.0
I24LA028098,10,,fim_semana,0.0,0.0101,0.0126,-0.81,-0.81,normal,normal,alta,8,historico fim_semana,4.0
I24LA028098,11,,fim_semana,0.024,0.0174,0.0316,0.21,0.21,normal,normal,alta,8,historico fim_semana,4.0
I24LA028098,12,,fim_semana,0.004,0.0156,0.0163,-0.71,-0.71,normal,normal,alta,8,historico fim_semana,4.0
I24LA028098,13,,fim_semana,0.0,0.0143,0.0164,-0.87,-0.87,normal,normal,alta,8,historico fim_semana,4.0
I24LA028098,14,,fim_semana,0.0,0.0344,0.0355,-0.97,-0.97,normal,normal,alta,8,historico fim_semana,4.0
I24LA028098,15,,fim_semana,0.0,0.0276,0.0336,-0.82,-0.82,normal,normal,alta,8,historico fim_semana,4.0
I24LA028098,16,,fim_semana,0.0,0.0325,0.0307,-1.06,-1.06,normal,normal,alta,8,historico fim_semana,4.0
I24LA028098,17,,fim_semana,0.0,0.041,0.0433,-0.95,-0.95,normal,normal,alta,8,historico fim_semana,4.0
I24LA028098,18,,fim_semana,0.0,0.0534,0.0894,-0.6,-0.6,normal,normal,alta,8,historico fim_semana,4.0
I24LA028098,19,,fim_semana,0.004,0.0384,0.0405,-0.85,-0.85,normal,normal,alta,8,historico fim_semana,4.0
I24LA028098,20,,fim_semana,0.0,0.0302,0.0297,-1.02,-1.02,normal,normal,alta,8,historico fim_semana,4.0
I24LA028098,21,,fim_semana,0.0,0.0227,0.0286,-0.8,-0.8,normal,normal,alta,8,historico fim_semana,4.0
I24LA028098,22,,fim_semana,0.0,0.0185,0.0206,-0.9,-0.9,normal,normal,alta,8,historico fim_semana,4.0
I24LA028098,23,,fim_semana,0.0,0.0,0.01,0.0,0.0,normal,normal,alta,8,historico fim_semana,4.0
I24LA028157,0,,fim_semana,0.0,0.0,0.01,0.0,0.0,normal,normal,alta,8,historico fim_semana,4.0
I24LA028157,1,,fim_semana,0.0,0.0,0.01,0.0,0.0,normal,normal,alta,8,historico fim_semana,4.0
I24LA028157,2,,fim_semana,0.0,0.0,0.01,0.0,0.0,normal,normal,alta,8,historico fim_semana,4.0
I24LA028157,3,,fim_semana,0.0,0.0,0.01,0.0,0.0,normal,normal,alta,8,historico fim_semana,4.0
I24LA028157,4,,fim_semana,0.0,0.0,0.01,0.0,0.0,normal,normal,alta,8,historico fim_semana,4.0
I24LA028157,5,,fim_semana,0.0,0.0,0.01,0.0,0.0,normal,normal,alta,8,historico fim_semana,4.0
I24LA028157,6,,fim_semana,0.0,0.0,0.01,0.0,0.0,normal,normal,alta,8,historico fim_semana,4.0
I24LA028157,7,,fim_semana,0.0,0.0,0.01,0.0,0.0,normal,normal,alta,8,historico fim_semana,4.0
I24LA028157,8,,fim_semana,0.0,0.0,0.01,0.0,0.0,normal,normal,alta,8,historico fim_semana,4.0
I24LA028157,9,,fim_semana,0.0,0.0,0.01,0.0,0.0,normal,normal,alta,8,historico fim_semana,4.0
I24LA028157,10,,fim_semana,0.0,0.0,0.01,0.0,0.0,normal,normal,alta,8,historico fim_semana,4.0
I24LA028157,11,,fim_semana,0.032,0.0005,0.01,3.15,3.15,normal,normal,alta,8,historico fim_semana,4.0
I24LA028157,12,,fim_semana,0.0,0.0097,0.0135,-0.72,-0.72,normal,normal,alta,8,historico fim_semana,4.0
I24LA028157,13,,fim_semana,0.0,0.0,0.01,0.0,0.0,normal,normal,alta,8,historico fim_semana,4.0
I24LA028157,14,,fim_semana,0.0,0.0,0.01,0.0,0.0,normal,normal,alta,8,historico fim_semana,4.0
I24LA028157,15,,fim_semana,0.0,0.0003,0.01,-0.03,-0.03,normal,normal,alta,8,historico fim_semana,4.0
I24LA028157,16,,fim_semana,0.0,0.0,0.01,0.0,0.0,normal,normal,alta,8,historico fim_semana,4.0
I24LA028157,17,,fim_semana,0.0,0.0,0.01,0.0,0.0,normal,normal,alta,8,historico fim_semana,4.0
I24LA028157,18,,fim_semana,0.0,0.0,0.01,0.0,0.0,normal,normal,alta,8,historico fim_semana,4.0
I24LA028157,19,,fim_semana,0.0,0.0005,0.01,-0.05,-0.05,normal,normal,alta,8,historico fim_semana,4.0
I24LA028157,20,,fim_semana,0.0,0.0,0.01,0.0,0.0,normal,normal,alta,8,historico fim_semana,4.0
I24LA028157,21,,fim_semana,0.0,0.0,0.01,0.0,0.0,normal,normal,alta,8,historico fim_semana,4.0
I24LA028157,22,,fim_semana,0.0,0.0018,0.01,-0.17,-0.17,normal,normal,alta,8,historico fim_semana,4.0
I24LA028157,23,,fim_semana,0.0,0.0,0.01,0.0,0.0,normal,normal,alta,8,historico fim_semana,4.0
I24LA028258,0,,fim_semana,0.007,0.0081,0.01,-0.11,-0.11,normal,normal,alta,8,historico fim_semana,4.0
I24LA028258,1,,fim_semana,0.006,0.008,0.01,-0.2,-0.2,normal,normal,alta,8,historico fim_semana,4.0
I24LA028258,2,,fim_semana,0.007,0.0071,0.01,-0.01,-0.01,normal,normal,alta,8,historico fim_semana,4.0
I24LA028258,3,,fim_semana,0.004,0.0065,0.01,-0.25,-0.25,normal,normal,alta,8,historico fim_semana,4.0
I24LA028258,4,,fim_semana,0.002,0.0069,0.01,-0.49,-0.49,normal,normal,alta,8,historico fim_semana,4.0
I24LA028258,5,,fim_semana,0.004,0.0072,0.01,-0.32,-0.32,normal,normal,alta,8,historico fim_semana,4.0
I24LA028258,6,,fim_semana,0.005,0.0083,0.01,-0.33,-0.33,normal,normal,alta,8,historico fim_semana,4.0
I24LA028258,7,,fim_semana,0.006,0.0085,0.01,-0.25,-0.25,normal,normal,alta,8,historico fim_semana,4.0
I24LA028258,8,,fim_semana,0.007,0.0095,0.01,-0.25,-0.25,normal,normal,alta,8,historico fim_semana,4.0
I24LA028258,9,,fim_semana,0.008,0.0095,0.01,-0.15,-0.15,normal,normal,alta,8,historico fim_semana,4.0
I24LA028258,10,,fim_semana,0.007,0.0092,0.01,-0.22,-0.22,normal,normal,alta,8,historico fim_semana,4.0
I24LA028258,11,,fim_semana,0.008,0.0096,0.01,-0.16,-0.16,normal,normal,alta,8,historico fim_semana,4.0
I24LA028258,12,,fim_semana,0.008,0.0099,0.01,-0.19,-0.19,normal,normal,alta,8,historico fim_semana,4.0
I24LA028258,13,,fim_semana,0.009,0.0099,0.01,-0.09,-0.09,normal,normal,alta,8,historico fim_semana,4.0
I24LA028258,14,,fim_semana,0.008,0.0097,0.01,-0.17,-0.17,normal,normal,alta,8,historico fim_semana,4.0
I24LA028258,15,,fim_semana,0.009,0.0097,0.01,-0.08,-0.08,normal,normal,alta,8,historico fim_semana,4.0
I24LA028258,16,,fim_semana,0.008,0.0099,0.01,-0.19,-0.19,normal,normal,alta,8,historico fim_semana,4.0
I24LA028258,17,,fim_semana,0.009,0.0097,0.01,-0.08,-0.08,normal,normal,alta,8,historico fim_semana,4.0
I24LA028258,18,,fim_semana,0.008,0.0102,0.01,-0.22,-0.22,normal,normal,alta,8,historico fim_semana,4.0
I24LA028258,19,,fim_semana,0.008,0.0118,0.01,-0.38,-0.38,normal,normal,alta,8,historico fim_semana,4.0
I24LA028258,20,,fim_semana,0.008,0.0095,0.01,-0.15,-0.15,normal,normal,alta,8,historico fim_semana,4.0
I24LA028258,21,,fim_semana,0.008,0.0088,0.01,-0.08,-0.08,normal,normal,alta,8,historico fim_semana,4.0
I24LA028258,22,,fim_semana,0.008,0.0088,0.01,-0.08,-0.08,normal,normal,alta,8,historico fim_semana,4.0
I24LA028258,23,,fim_semana,0.007,0.0079,0.01,-0.09,-0.09,normal,normal,alta,8,historico fim_semana,4.0
I24LA029109,0,,fim_semana,0.0,0.0017,0.01,-0.17,-0.17,normal,normal,alta,6,historico fim_semana,4.0
I24LA029109,1,,fim_semana,0.0,0.0017,0.01,-0.17,-0.17,normal,normal,alta,6,historico fim_semana,4.0
I24LA029109,2,,fim_semana,0.0,0.0017,0.01,-0.17,-0.17,normal,normal,alta,6,historico fim_semana,4.0
I24LA029109,3,,fim_semana,0.0,0.0017,0.01,-0.17,-0.17,normal,normal,alta,6,historico fim_semana,4.0
I24LA029109,4,,fim_semana,0.0,0.0017,0.01,-0.17,-0.17,normal,normal,alta,6,historico fim_semana,4.0
I24LA029109,5,,fim_semana,0.0,0.0017,0.01,-0.17,-0.17,normal,normal,alta,6,historico fim_semana,4.0
I24LA029109,6,,fim_semana,0.0,0.0017,0.01,-0.17,-0.17,normal,normal,alta,6,historico fim_semana,4.0
I24LA029109,7,,fim_semana,0.0,0.0017,0.01,-0.17,-0.17,normal,normal,alta,6,historico fim_semana,4.0
I24LA029109,8,,fim_semana,0.0,0.0017,0.01,-0.17,-0.17,normal,normal,alta,6,historico fim_semana,4.0
I24LA029109,9,,fim_semana,0.006,0.004,0.01,0.2,0.2,normal,normal,alta,6,historico fim_semana,4.0
I24LA029109,10,,fim_semana,0.0,0.005,0.01,-0.5,-0.5,normal,normal,alta,6,historico fim_semana,4.0
I24LA029109,11,,fim_semana,0.0,0.0363,0.0566,-0.64,-0.64,normal,normal,alta,6,historico fim_semana,4.0
I24LA029109,12,,fim_semana,0.0,0.0067,0.0126,-0.53,-0.53,normal,normal,alta,6,historico fim_semana,4.0
I24LA029109,13,,fim_semana,0.018,0.0293,0.0694,-0.16,-0.16,normal,normal,alta,6,historico fim_semana,4.0
I24LA029109,14,,fim_semana,0.0,0.0012,0.01,-0.12,-0.12,normal,normal,alta,6,historico fim_semana,4.0
I24LA029109,15,,fim_semana,0.0,0.0077,0.0119,-0.64,-0.64,normal,normal,alta,6,historico fim_semana,4.0
I24LA029109,16,,fim_semana,0.0,0.0177,0.0428,-0.41,-0.41,normal,normal,alta,6,historico fim_semana,4.0
I24LA029109,17,,fim_semana,0.001,0.0352,0.0602,-0.57,-0.57,normal,normal,alta,6,historico fim_semana,4.0
I24LA029109,18,,fim_semana,0.0,0.0125,0.02,-0.62,-0.62,normal,normal,alta,6,historico fim_semana,4.0
I24LA029109,19,,fim_semana,0.455,0.0277,0.0508,8.41,8.41,desvio,acima,alta,6,historico fim_semana,4.0
I24LA029109,20,,fim_semana,0.0,0.0082,0.0127,-0.65,-0.65,normal,normal,alta,6,historico fim_semana,4.0
I24LA029109,21,,fim_semana,0.0,0.0,0.01,0.0,0.0,normal,normal,alta,6,historico fim_semana,4.0
I24LA029109,22,,fim_semana,0.0,0.0002,0.01,-0.02,-0.02,normal,normal,alta,6,historico fim_semana,4.0
I24LA029109,23,,fim_semana,0.0,0.0,0.01,0.0,0.0,normal,normal,alta,6,historico fim_semana,4.0
