CPE,hora,cluster,tipo_dia,consumo_real,consumo_habitual,std,z_score,z_real,veredicto,direcao,confianca,n_dias_tipo,fonte_baseline,threshold
C15FA534254,0,,dia_util,0.0,0.0,0.01,0.0,0.0,normal,normal,alta,18,historico dia_util,2.0
C15FA534254,1,,dia_util,0.0,0.0,0.01,0.0,0.0,normal,normal,alta,20,historico dia_util,2.0
C15FA534254,2,,dia_util,0.0,0.0,0.01,0.0,0.0,normal,normal,alta,20,historico dia_util,2.0
C15FA534254,3,,dia_util,0.0,0.0,0.01,0.0,0.0,normal,normal,alta,20,historico dia_util,2.0
C15FA534254,4,,dia_util,0.0,0.0,0.01,0.0,0.0,normal,normal,alta,20,historico dia_util,2.0
C15FA534254,5,,dia_util,0.0,0.0,0.01,0.0,0.0,normal,normal,alta,20,historico dia_util,2.0
C15FA534254,6,,dia_util,0.0,0.0,0.01,0.0,0.0,normal,normal,alta,20,historico dia_util,2.0
C15FA534254,7,,dia_util,0.0,0.0,0.01,0.0,0.0,normal,normal,alta,20,historico dia_util,2.0
C15FA534254,8,,dia_util,0.0,0.0,0.01,0.0,0.0,normal,normal,alta,20,historico dia_util,2.0
C15FA534254,9,,dia_util,0.0,0.0,0.01,0.0,0.0,normal,normal,alta,20,historico dia_util,2.0
C15FA534254,10,,dia_util,0.0,0.0,0.01,0.0,0.0,normal,normal,alta,20,historico dia_util,2.0
C15FA534254,11,,dia_util,0.0,0.0,0.01,0.0,0.0,normal,normal,alta,20,historico dia_util,2.0
C15FA534254,12,,dia_util,0.0,0.0,0.01,0.0,0.0,normal,normal,alta,20,historico dia_util,2.0
C15FA534254,13,,dia_util,0.0,0.0,0.01,0.0,0.0,normal,normal,alta,20,historico dia_util,2.0
C15FA534254,14,,dia_util,0.0,0.0,0.01,0.0,0.0,normal,normal,alta,20,historico dia_util,2.0
C15FA534254,15,,dia_util,0.0,0.0,0.01,0.0,0.0,normal,normal,alta,19,historico dia_util,2.0
C15FA534254,16,,dia_util,0.0,0.0,0.01,0.0,0.0,normal,normal,alta,20,historico dia_util,2.0
C15FA534254,17,,dia_util,0.0,0.0,0.01,0.0,0.0,normal,normal,alta,20,historico dia_util,2.0
C15FA534254,18,,dia_util,0.0,0.0,0.01,0.0,0.0,normal,normal,alta,20,historico dia_util,2.0
C15FA534254,19,,dia_util,0.0,0.0,0.01,0.0,0.0,normal,normal,alta,20,historico dia_util,2.0
C15FA534254,20,,dia_util,0.0,0.0,0.01,0.0,0.0,normal,normal,alta,20,historico dia_util,2.0
C15FA534254,21,,dia_util,0.0,0.0,0.01,0.0,0.0,normal,normal,alta,20,historico dia_util,2.0
C15FA534254,22,,dia_util,0.0,0.0,0.01,0.0,0.0,normal,normal,alta,20,historico dia_util,2.0
C15FA534254,23,,dia_util,0.0,0.0,0.01,0.0,0.0,normal,normal,alta,20,historico dia_util,2.0
C16SB066962U,0,,dia_util,0.0,0.0,0.01,0.0,0.0,normal,normal,alta,13,historico dia_util,2.0
C16SB066962U,1,,dia_util,0.0,0.0,0.01,0.0,0.0,normal,normal,alta,13,historico dia_util,2.0
C16SB066962U,2,,dia_util,0.0,0.0,0.01,0.0,0.0,normal,normal,alta,13,historico dia_util,2.0
C16SB066962U,3,,dia_util,0.0,0.0,0.01,0.0,0.0,normal,normal,alta,13,historico dia_util,2.0
C16SB066962U,4,,dia_util,0.0,0.0,0.01,0.0,0.0,normal,normal,alta,18,historico dia_util,2.0
C16SB066962U,5,,dia_util,0.0,0.0,0.01,0.0,0.0,normal,normal,alta,18,historico dia_util,2.0
C16SB066962U,6,,dia_util,0.0,0.0,0.01,0.0,0.0,normal,normal,alta,18,historico dia_util,2.0
C16SB066962U,7,,dia_util,0.0,0.0,0.01,0.0,0.0,normal,normal,alta,18,historico dia_util,2.0
C16SB066962U,8,,dia_util,0.0,0.0,0.01,0.0,0.0,normal,normal,alta,18,historico dia_util,2.0
C16SB066962U,9,,dia_util,0.0,0.0,0.01,0.0,0.0,normal,normal,alta,18,historico dia_util,2.0
C16SB066962U,10,,dia_util,0.0,0.0,0.01,0.0,0.0,normal,normal,alta,18,historico dia_util,2.0
C16SB066962U,11,,dia_util,0.0,0.0,0.01,0.0,0.0,normal,normal,alta,18,historico dia_util,2.0
C16SB066962U,16,,dia_util,0.0,0.0,0.01,0.0,0.0,normal,normal,alta,19,historico dia_util,2.0
C16SB066962U,17,,dia_util,0.0,0.0,0.01,0.0,0.0,normal,normal,alta,19,historico dia_util,2.0
C16SB066962U,18,,dia_util,0.0,0.0,0.01,0.0,0.0,normal,normal,alta,19,historico dia_util,2.0
C16SB066962U,19,,dia_util,0.0,0.0,0.01,0.0,0.0,normal,normal,alta,19,historico dia_util,2.0
C16SB066962U,20,,dia_util,0.0,0.0,0.01,0.0,0.0,normal,normal,alta,15,historico dia_util,2.0
C16SB066962U,21,,dia_util,0.0,0.0,0.01,0.0,0.0,normal,normal,alta,15,historico dia_util,2.0
C16SB066962U,22,,dia_util,0.0,0.0,0.01,0.0,0.0,normal,normal,alta,15,historico dia_util,2.0
C16SB066962U,23,,dia_util,0.0,0.0,0.01,0.0,0.0,normal,normal,alta,15,historico dia_util,2.0
C16SC000825R,0,,dia_util,0.0,0.0657,0.2936,-0.22,-0.22,normal,normal,alta,20,historico dia_util,2.0
C16SC000825R,1,,dia_util,0.0,0.0667,0.2981,-0.22,-0.22,normal,normal,alta,20,historico dia_util,2.0
C16SC000825R,2,,dia_util,0.0,0.0675,0.3021,-0.22,-0.22,normal,normal,alta,20,historico dia_util,2.0
C16SC000825R,3,,dia_util,0.0,0.0717,0.3127,-0.23,-0.23,normal,normal,alta,19,historico dia_util,2.0
C16SC000825R,4,,dia_util,0.0,0.0726,0.3164,-0.23,-0.23,normal,normal,alta,19,historico dia_util,2.0
C16SC000825R,5,,dia_util,0.0,0.0731,0.3184,-0.23,-0.23,normal,normal,alta,19,historico dia_util,2.0
C16SC000825R,6,,dia_util,0.0,0.0728,0.3175,-0.23,-0.23,normal,normal,alta,19,historico dia_util,2.0
C16SC000825R,7,,dia_util,0.0,0.069,0.3086,-0.22,-0.22,normal,normal,alta,20,historico dia_util,2.0
C16SC000825R,8,,dia_util,0.0,0.0682,0.305,-0.22,-0.22,normal,normal,alta,20,historico dia_util,2.0
C16SC000825R,9,,dia_util,1.175,0.6064,0.4175,1.36,1.36,normal,normal,alta,20,historico dia_util,2.0
C16SC000825R,10,,dia_util,1.29,1.034,0.3931,0.65,0.65,normal,normal,alta,20,historico dia_util,2.0
C16SC000825R,11,,dia_util,0.589,0.7619,0.3265,-0.53,-0.53,normal,normal,alta,15,historico dia_util,2.0
C16SC000825R,12,,dia_util,0.167,0.4869,0.2653,-1.21,-1.21,normal,normal,alta,15,historico dia_util,2.0
C16SC000825R,13,,dia_util,0.0,0.0,0.01,0.0,0.0,normal,normal,alta,15,historico dia_util,2.0
C16SC000825R,14,,dia_util,0.0,0.0,0.01,0.0,0.0,normal,normal,alta,15,historico dia_util,2.0
C16SC000825R,15,,dia_util,0.0,0.7068,1.5121,-0.47,-0.47,normal,normal,alta,18,historico dia_util,2.0
C16SC000825R,16,,dia_util,0.524,0.237,0.228,1.26,1.26,normal,normal,alta,18,historico dia_util,2.0
C16SC000825R,17,,dia_util,0.729,0.5111,0.3575,0.61,0.61,normal,normal,alta,18,historico dia_util,2.0
C16SC000825R,18,,dia_util,0.525,0.4529,0.3002,0.24,0.24,normal,normal,alta,18,historico dia_util,2.0
C16SC000825R,19,,dia_util,0.46,0.5355,0.3571,-0.21,-0.21,normal,normal,alta,19,historico dia_util,2.0
C16SC000825R,20,,dia_util,0.569,0.5747,0.2936,-0.02,-0.02,normal,normal,alta,19,historico dia_util,2.0
C16SC000825R,21,,dia_util,0.266,0.5558,0.2139,-1.35,-1.35,normal,normal,alta,19,historico dia_util,2.0
C16SC000825R,22,,dia_util,0.0,0.0681,0.2969,-0.23,-0.23,normal,normal,alta,19,historico dia_util,2.0
C16SC000825R,23,,dia_util,0.0,0.1099,0.3447,-0.32,-0.32,normal,normal,alta,20,historico dia_util,2.0
C16SC003896,0,,dia_util,0.0,0.0,0.01,0.0,0.0,normal,normal,alta,20,historico dia_util,2.0
C16SC003896,1,,dia_util,0.0,0.0,0.01,0.0,0.0,normal,normal,alta,20,historico dia_util,2.0
C16SC003896,2,,dia_util,0.0,0.0,0.01,0.0,0.0,normal,normal,alta,18,historico dia_util,2.0
C16SC003896,3,,dia_util,0.0,0.0,0.01,0.0,0.0,normal,normal,alta,20,historico dia_util,2.0
C16SC003896,4,,dia_util,0.0,0.0,0.01,0.0,0.0,normal,normal,alta,20,historico dia_util,2.0
C16SC003896,5,,dia_util,0.0,0.0,0.01,0.0,0.0,normal,normal,alta,20,historico dia_util,2.0
C16SC003896,6,,dia_util,0.0,0.0,0.01,0.0,0.0,normal,normal,alta,19,historico dia_util,2.0
C16SC003896,7,,dia_util,0.0,0.0,0.01,0.0,0.0,normal,normal,alta,20,historico dia_util,2.0
C16SC003896,8,,dia_util,0.0,0.0,0.01,0.0,0.0,normal,normal,alta,20,historico dia_util,2.0
C16SC003896,9,,dia_util,0.0,0.0,0.01,0.0,0.0,normal,normal,alta,20,historico dia_util,2.0
C16SC003896,10,,dia_util,0.0,0.0,0.01,0.0,0.0,normal,normal,alta,17,historico dia_util,2.0
C16SC003896,11,,dia_util,0.0,0.0,0.01,0.0,0.0,normal,normal,alta,20,historico dia_util,2.0
C16SC003896,12,,dia_util,0.0,0.0,0.01,0.0,0.0,normal,normal,alta,20,historico dia_util,2.0
C16SC003896,13,,dia_util,0.0,0.0,0.01,0.0,0.0,normal,normal,alta,20,historico dia_util,2.0
C16SC003896,15,,dia_util,0.0,0.0,0.01,0.0,0.0,normal,normal,alta,20,historico dia_util,2.0
C16SC003896,16,,dia_util,0.0,0.0,0.01,0.0,0.0,normal,normal,alta,20,historico dia_util,2.0
C16SC003896,17,,dia_util,0.0,0.0,0.01,0.0,0.0,normal,normal,alta,20,historico dia_util,2.0
C16SC003896,18,,dia_util,0.0,0.0,0.01,0.0,0.0,normal,normal,alta,18,historico dia_util,2.0
C16SC003896,19,,dia_util,0.0,0.0,0.01,0.0,0.0,normal,normal,alta,20,historico dia_util,2.0
C16SC003896,20,,dia_util,0.0,0.0,0.01,0.0,0.0,normal,normal,alta,20,historico dia_util,2.0
C16SC003896,21,,dia_util,0.0,0.0,0.01,0.0,0.0,normal,normal,alta,20,historico dia_util,2.0
C16SC003896,22,,dia_util,0.0,0.0,0.01,0.0,0.0,normal,normal,alta,16,historico dia_util,2.0
C16SC003896,23,,dia_util,0.0,0.0,0.01,0.0,0.0,normal,normal,alta,20,historico dia_util,2.0
C16SE010255,0,,dia_util,0.006,0.0047,0.01,0.13,0.13,normal,normal,alta,12,historico dia_util,2.0
C16SE010255,1,,dia_util,0.007,0.002,0.01,0.5,0.5,normal,normal,alta,13,historico dia_util,2.0
C16SE010255,2,,dia_util,0.003,0.0009,0.01,0.21,0.21,normal,normal,alta,13,historico dia_util,2.0
C16SE010255,3,,dia_util,0.005,0.0035,0.01,0.15,0.15,normal,normal,alta,13,historico dia_util,2.0
C16SE010255,4,,dia_util,0.004,0.0047,0.01,-0.07,-0.07,normal,normal,alta,13,historico dia_util,2.0
C16SE010255,5,,dia_util,0.007,0.0047,0.01,0.23,0.23,normal,normal,alta,13,historico dia_util,2.0
C16SE010255,6,,dia_util,0.008,0.0059,0.01,0.21,0.21,normal,normal,alta,13,historico dia_util,2.0
C16SE010255,7,,dia_util,0.011,0.0107,0.01,0.03,0.03,normal,normal,alta,13,historico dia_util,2.0
C16SE010255,8,,dia_util,0.021,0.0227,0.0117,-0.14,-0.14,normal,normal,alta,13,historico dia_util,2.0
C16SE010255,9,,dia_util,0.015,0.0238,0.0106,-0.83,-0.83,normal,normal,alta,13,historico dia_util,2.0
C16SE010255,10,,dia_util,0.149,0.1612,0.0403,-0.3,-0.3,normal,normal,alta,13,historico dia_util,2.0
C16SE010255,11,,dia_util,0.135,0.0961,0.033,1.18,1.18,normal,normal,alta,13,historico dia_util,2.0
C16SE010255,12,,dia_util,0.102,0.1401,0.0475,-0.8,-0.8,normal,normal,alta,13,historico dia_util,2.0
C16SE010255,13,,dia_util,0.124,0.0945,0.0369,0.8,0.8,normal,normal,alta,13,historico dia_util,2.0
C16SE010255,14,,dia_util,0.197,0.1632,0.0667,0.51,0.51,normal,normal,alta,13,historico dia_util,2.0
C16SE010255,15,,dia_util,0.068,0.1245,0.054,-1.05,-1.05,normal,normal,alta,13,historico dia_util,2.0
C16SE010255,16,,dia_util,0.154,0.1235,0.0403,0.76,0.76,normal,normal,alta,13,historico dia_util,2.0
C16SE010255,17,,dia_util,0.047,0.0511,0.0328,-0.12,-0.12,normal,normal,alta,13,historico dia_util,2.0
C16SE010255,18,,dia_util,0.054,0.0672,0.0374,-0.35,-0.35,normal,normal,alta,13,historico dia_util,2.0
C16SE010255,19,,dia_util,0.034,0.0132,0.01,2.08,2.08,desvio,acima,alta,13,historico dia_util,2.0
C16SE010255,20,,dia_util,0.009,0.0086,0.01,0.04,0.04,normal,normal,alta,13,historico dia_util,2.0
C16SE010255,21,,dia_util,0.007,0.0082,0.01,-0.12,-0.12,normal,normal,alta,12,historico dia_util,2.0
C16SE010255,22,,dia_util,0.005,0.0075,0.01,-0.25,-0.25,normal,normal,alta,13,historico dia_util,2.0
C16SE010255,23,,dia_util,0.005,0.0061,0.01,-0.11,-0.11,normal,normal,alta,13,historico dia_util,2.0
C16SE010257A,0,,dia_util,0.0,0.0,0.01,0.0,0.0,normal,normal,alta,20,historico dia_util,2.0
C16SE010257A,1,,dia_util,0.0,0.0,0.01,0.0,0.0,normal,normal,alta,20,historico dia_util,2.0
C16SE010257A,2,,dia_util,0.0,0.0,0.01,0.0,0.0,normal,normal,alta,18,historico dia_util,2.0
C16SE010257A,3,,dia_util,0.0,0.0,0.01,0.0,0.0,normal,normal,alta,20,historico dia_util,2.0
C16SE010257A,4,,dia_util,0.0,0.0,0.01,0.0,0.0,normal,normal,alta,20,historico dia_util,2.0
C16SE010257A,5,,dia_util,0.0,0.0,0.01,0.0,0.0,normal,normal,alta,20,historico dia_util,2.0
C16SE010257A,6,,dia_util,0.0,0.0,0.01,0.0,0.0,normal,normal,alta,16,historico dia_util,2.0
C16SE010257A,7,,dia_util,0.0,0.0,0.01,0.0,0.0,normal,normal,alta,20,historico dia_util,2.0
C16SE010257A,8,,dia_util,0.0,0.0,0.01,0.0,0.0,normal,normal,alta,20,historico dia_util,2.0
C16SE010257A,9,,dia_util,0.0,0.0,0.01,0.0,0.0,normal,normal,alta,20,historico dia_util,2.0
C16SE010257A,10,,dia_util,0.0,0.0,0.01,0.0,0.0,normal,normal,alta,20,historico dia_util,2.0
C16SE010257A,11,,dia_util,0.0,0.0,0.01,0.0,0.0,normal,normal,alta,20,historico dia_util,2.0
C16SE010257A,12,,dia_util,0.0,0.0,0.01,0.0,0.0,normal,normal,alta,20,historico dia_util,2.0
C16SE010257A,13,,dia_util,0.0,0.0,0.01,0.0,0.0,normal,normal,alta,20,historico dia_util,2.0
C16SE010257A,14,,dia_util,0.0,0.0,0.01,0.0,0.0,normal,normal,alta,17,historico dia_util,2.0
C16SE010257A,15,,dia_util,0.0,0.0,0.01,0.0,0.0,normal,normal,alta,20,historico dia_util,2.0
C16SE010257A,16,,dia_util,0.0,0.0,0.01,0.0,0.0,normal,normal,alta,20,historico dia_util,2.0
C16SE010257A,17,,dia_util,0.0,0.0,0.01,0.0,0.0,normal,normal,alta,20,historico dia_util,2.0
C16SE010257A,18,,dia_util,0.0,0.0,0.01,0.0,0.0,normal,normal,alta,19,historico dia_util,2.0
C16SE010257A,19,,dia_util,0.0,0.0,0.01,0.0,0.0,normal,normal,alta,19,historico dia_util,2.0
C16SE010257A,20,,dia_util,0.0,0.0,0.01,0.0,0.0,normal,normal,alta,19,historico dia_util,2.0
C16SE010257A,21,,dia_util,0.0,0.0,0.01,0.0,0.0,normal,normal,alta,19,historico dia_util,2.0
C16SE010257A,23,,dia_util,0.0,0.0,0.01,0.0,0.0,normal,normal,alta,20,historico dia_util,2.0
C17SC007379,0,,dia_util,0.0,0.0,0.01,0.0,0.0,normal,normal,alta,18,historico dia_util,2.0
C17SC007379,1,,dia_util,0.0,0.0,0.01,0.0,0.0,normal,normal,alta,18,historico dia_util,2.0
C17SC007379,2,,dia_util,0.0,0.0,0.01,0.0,0.0,normal,normal,alta,18,historico dia_util,2.0
C17SC007379,3,,dia_util,0.0,0.0,0.01,0.0,0.0,normal,normal,alta,18,historico dia_util,2.0
C17SC007379,4,,dia_util,0.0,0.0,0.01,0.0,0.0,normal,normal,alta,18,historico dia_util,2.0
C17SC007379,5,,dia_util,0.0,0.0,0.01,0.0,0.0,normal,normal,alta,18,historico dia_util,2.0
C17SC007379,6,,dia_util,0.0,0.0,0.01,0.0,0.0,normal,normal,alta,18,historico dia_util,2.0
C17SC007379,7,,dia_util,0.0,0.0,0.01,0.0,0.0,normal,normal,alta,18,historico dia_util,2.0
C17SC007379,8,,dia_util,0.0,0.0,0.01,0.0,0.0,normal,normal,alta,18,historico dia_util,2.0
C17SC007379,9,,dia_util,0.0,0.0,0.01,0.0,0.0,normal,normal,alta,18,historico dia_util,2.0
C17SC007379,10,,dia_util,0.0,0.0,0.01,0.0,0.0,normal,normal,alta,18,historico dia_util,2.0
C17SC007379,11,,dia_util,0.0,0.0,0.01,0.0,0.0,normal,normal,alta,18,historico dia_util,2.0
C17SC007379,12,,dia_util,0.0,0.0,0.01,0.0,0.0,normal,normal,alta,18,historico dia_util,2.0
C17SC007379,13,,dia_util,0.0,0.0,0.01,0.0,0.0,normal,normal,alta,18,historico dia_util,2.0
C17SC007379,14,,dia_util,0.0,0.0,0.01,0.0,0.0,normal,normal,alta,18,historico dia_util,2.0
C17SC007379,15,,dia_util,0.0,0.0,0.01,0.0,0.0,normal,normal,alta,20,historico dia_util,2.0
C17SC007379,16,,dia_util,0.0,0.0,0.01,0.0,0.0,normal,normal,alta,20,historico dia_util,2.0
C17SC007379,17,,dia_util,0.0,0.0,0.01,0.0,0.0,normal,normal,alta,20,historico dia_util,2.0
C17SC007379,18,,dia_util,0.0,0.0,0.01,0.0,0.0,normal,normal,alta,20,historico dia_util,2.0
C17SC007379,19,,dia_util,0.0,0.0,0.01,0.0,0.0,normal,normal,alta,20,historico dia_util,2.0
C17SC007379,20,,dia_util,0.0,0.0,0.01,0.0,0.0,normal,normal,alta,20,historico dia_util,2.0
C17SC007379,21,,dia_util,0.0,0.0,0.01,0.0,0.0,normal,normal,alta,20,historico dia_util,2.0
C17SC007379,22,,dia_util,0.0,0.0,0.01,0.0,0.0,normal,normal,alta,20,historico dia_util,2.0
C17SC007379,23,,dia_util,0.0,0.0,0.01,0.0,0.0,normal,normal,alta,18,historico dia_util,2.0
C17SC007397,0,,dia_util,0.0,0.0,0.01,0.0,0.0,normal,normal,alta,16,historico dia_util,2.0
C17SC007397,1,,dia_util,0.0,0.0,0.01,0.0,0.0,normal,normal,alta,17,historico dia_util,2.0
C17SC007397,2,,dia_util,0.0,0.0,0.01,0.0,0.0,normal,normal,alta,17,historico dia_util,2.0
C17SC007397,3,,dia_util,0.0,0.0,0.01,0.0,0.0,normal,normal,alta,17,historico dia_util,2.0
C17SC007397,4,,dia_util,0.0,0.0,0.01,0.0,0.0,normal,normal,alta,17,historico dia_util,2.0
C17SC007397,5,,dia_util,0.0,0.0,0.01,0.0,0.0,normal,normal,alta,17,historico dia_util,2.0
C17SC007397,6,,dia_util,0.0,0.0,0.01,0.0,0.0,normal,normal,alta,17,historico dia_util,2.0
C17SC007397,7,,dia_util,0.0,0.0,0.01,0.0,0.0,normal,normal,alta,17,historico dia_util,2.0
C17SC007397,8,,dia_util,0.0,0.0,0.01,0.0,0.0,normal,normal,alta,17,historico dia_util,2.0
C17SC007397,9,,dia_util,0.0,0.0,0.01,0.0,0.0,normal,normal,alta,17,historico dia_util,2.0
C17SC007397,10,,dia_util,0.0,0.0,0.01,0.0,0.0,normal,normal,alta,17,historico dia_util,2.0
C17SC007397,11,,dia_util,0.0,0.0,0.01,0.0,0.0,normal,normal,alta,17,historico dia_util,2.0
C17SC007397,12,,dia_util,0.0,0.0,0.01,0.0,0.0,normal,normal,alta,17,historico dia_util,2.0
C17SC007397,13,,dia_util,0.0,0.0,0.01,0.0,0.0,normal,normal,alta,17,historico dia_util,2.0
C17SC007397,14,,dia_util,0.0,0.0,0.01,0.0,0.0,normal,normal,alta,17,historico dia_util,2.0
C17SC007397,15,,dia_util,0.0,0.0,0.01,0.0,0.0,normal,normal,alta,17,historico dia_util,2.0
C17SC007397,16,,dia_util,0.0,0.0,0.01,0.0,0.0,normal,normal,alta,17,historico dia_util,2.0
C17SC007397,17,,dia_util,0.0,0.0,0.01,0.0,0.0,normal,normal,alta,17,historico dia_util,2.0
C17SC007397,18,,dia_util,0.0,0.0,0.01,0.0,0.0,normal,normal,alta,17,historico dia_util,2.0
C17SC007397,19,,dia_util,0.0,0.0,0.01,0.0,0.0,normal,normal,alta,17,historico dia_util,2.0
C17SC007397,20,,dia_util,0.0,0.0,0.01,0.0,0.0,normal,normal,alta,17,historico dia_util,2.0
C17SC007397,21,,dia_util,0.0,0.0,0.01,0.0,0.0,normal,normal,alta,17,historico dia_util,2.0
C17SC007397,22,,dia_util,0.0,0.0,0.01,0.0,0.0,normal,normal,alta,17,historico dia_util,2.0
C17SC007397,23,,dia_util,0.0,0.0,0.01,0.0,0.0,normal,normal,alta,17,historico dia_util,2.0
C17SC007432,0,,dia_util,0.0,0.0002,0.01,-0.02,-0.02,normal,normal,alta,20,historico dia_util,2.0
C17SC007432,1,,dia_util,0.0,0.0002,0.01,-0.02,-0.02,normal,normal,alta,20,historico dia_util,2.0
C17SC007432,2,,dia_util,0.0,0.0001,0.01,-0.01,-0.01,normal,normal,alta,20,historico dia_util,2.0
C17SC007432,3,,dia_util,0.0,0.0001,0.01,-0.01,-0.01,normal,normal,alta,20,historico dia_util,2.0
C17SC007432,4,,dia_util,0.0,0.0001,0.01,-0.01,-0.01,normal,normal,alta,20,historico dia_util,2.0
C17SC007432,5,,dia_util,0.0,0.0002,0.01,-0.02,-0.02,normal,normal,alta,20,historico dia_util,2.0
C17SC007432,6,,dia_util,0.0,0.0002,0.01,-0.02,-0.02,normal,normal,alta,20,historico dia_util,2.0
C17SC007432,7,,dia_util,0.028,0.0089,0.0129,1.48,1.48,normal,normal,alta,20,historico dia_util,2.0
C17SC007432,8,,dia_util,0.126,0.1406,0.0351,-0.41,-0.41,normal,normal,alta,20,historico dia_util,2.0
C17SC007432,9,,dia_util,0.196,0.1462,0.0365,1.36,1.36,normal,normal,alta,20,historico dia_util,2.0
C17SC007432,10,,dia_util,0.171,0.1712,0.0464,-0.01,-0.01,normal,normal,alta,20,historico dia_util,2.0
C17SC007432,11,,dia_util,0.223,0.1732,0.0433,1.15,1.15,normal,normal,alta,20,historico dia_util,2.0
C17SC007432,12,,dia_util,0.228,0.1841,0.046,0.95,0.95,normal,normal,alta,20,historico dia_util,2.0
C17SC007432,13,,dia_util,0.204,0.2059,0.0515,-0.04,-0.04,normal,normal,alta,20,historico dia_util,2.0
C17SC007432,14,,dia_util,0.242,0.2142,0.0536,0.52,0.52,normal,normal,alta,20,historico dia_util,2.0
C17SC007432,15,,dia_util,0.267,0.1492,0.0373,3.16,3.16,desvio,acima,alta,20,historico dia_util,2.0
C17SC007432,16,,dia_util,0.207,0.1257,0.0351,2.31,2.31,desvio,acima,alta,20,historico dia_util,2.0
C17SC007432,17,,dia_util,0.098,0.0798,0.0406,0.45,0.45,normal,normal,alta,20,historico dia_util,2.0
C17SC007432,18,,dia_util,0.068,0.062,0.0268,0.22,0.22,normal,normal,alta,20,historico dia_util,2.0
C17SC007432,19,,dia_util,0.043,0.0596,0.0239,-0.69,-0.69,normal,normal,alta,20,historico dia_util,2.0
C17SC007432,20,,dia_util,0.019,0.0218,0.0101,-0.28,-0.28,normal,normal,alta,20,historico dia_util,2.0
C17SC007432,21,,dia_util,0.0,0.0,0.01,0.0,0.0,normal,normal,alta,20,historico dia_util,2.0
C17SC007432,22,,dia_util,0.0,0.0,0.01,0.0,0.0,normal,normal,alta,20,historico dia_util,2.0
C17SC007432,23,,dia_util,0.0,0.0,0.01,0.0,0.0,normal,normal,alta,20,historico dia_util,2.0
C17SC007452,0,,dia_util,0.0,0.0,0.01,0.0,0.0,normal,normal,alta,19,historico dia_util,2.0
C17SC007452,1,,dia_util,0.0,0.0,0.01,0.0,0.0,normal,normal,alta,20,historico dia_util,2.0
C17SC007452,2,,dia_util,0.0,0.0,0.01,0.0,0.0,normal,normal,alta,20,historico dia_util,2.0
C17SC007452,3,,dia_util,0.0,0.0,0.01,0.0,0.0,normal,normal,alta,20,historico dia_util,2.0
C17SC007452,4,,dia_util,0.419,0.0413,0.1271,2.97,2.97,desvio,acima,alta,20,historico dia_util,2.0
C17SC007452,5,,dia_util,1.121,0.1173,0.3513,2.86,2.86,desvio,acima,alta,19,historico dia_util,2.0
C17SC007452,6,,dia_util,2.04,0.2142,0.6415,2.85,2.85,desvio,acima,alta,19,historico dia_util,2.0
C17SC007452,7,,dia_util,1.8,0.1884,0.5642,2.86,2.86,desvio,acima,alta,19,historico dia_util,2.0
C17SC007452,8,,dia_util,0.0,0.0,0.01,0.0,0.0,normal,normal,alta,19,historico dia_util,2.0
C17SC007452,9,,dia_util,0.0,0.0,0.01,0.0,0.0,normal,normal,alta,19,historico dia_util,2.0
C17SC007452,10,,dia_util,0.0,0.0,0.01,0.0,0.0,normal,normal,alta,19,historico dia_util,2.0
C17SC007452,11,,dia_util,0.0,0.0,0.01,0.0,0.0,normal,normal,alta,19,historico dia_util,2.0
C17SC007452,12,,dia_util,0.0,0.0,0.01,0.0,0.0,normal,normal,alta,19,historico dia_util,2.0
C17SC007452,13,,dia_util,0.0,0.0,0.01,0.0,0.0,normal,normal,alta,20,historico dia_util,2.0
C17SC007452,14,,dia_util,0.0,0.0,0.01,0.0,0.0,normal,normal,alta,20,historico dia_util,2.0
C17SC007452,15,,dia_util,0.0,0.0,0.01,0.0,0.0,normal,normal,alta,20,historico dia_util,2.0
C17SC007452,16,,dia_util,0.0,0.0922,0.4126,-0.22,-0.22,normal,normal,alta,20,historico dia_util,2.0
C17SC007452,17,,dia_util,0.0,0.0,0.01,0.0,0.0,normal,normal,alta,19,historico dia_util,2.0
C17SC007452,18,,dia_util,0.0,0.0,0.01,0.0,0.0,normal,normal,alta,19,historico dia_util,2.0
C17SC007452,19,,dia_util,0.0,0.0,0.01,0.0,0.0,normal,normal,alta,19,historico dia_util,2.0
C17SC007452,20,,dia_util,0.0,0.0,0.01,0.0,0.0,normal,normal,alta,19,historico dia_util,2.0
C17SC007452,21,,dia_util,0.0,0.0,0.01,0.0,0.0,normal,normal,alta,19,historico dia_util,2.0
C17SC007452,22,,dia_util,0.0,0.0,0.01,0.0,0.0,normal,normal,alta,19,historico dia_util,2.0
C17SC007452,23,,dia_util,0.0,0.0,0.01,0.0,0.0,normal,normal,alta,19,historico dia_util,2.0
C17SC007472,0,,dia_util,0.0,0.0,0.01,0.0,0.0,normal,normal,alta,20,historico dia_util,2.0
C17SC007472,1,,dia_util,0.0,0.0,0.01,0.0,0.0,normal,normal,alta,20,historico dia_util,2.0
C17SC007472,2,,dia_util,0.0,0.0,0.01,0.0,0.0,normal,normal,alta,20,historico dia_util,2.0
C17SC007472,3,,dia_util,0.0,0.0,0.01,0.0,0.0,normal,normal,alta,20,historico dia_util,2.0
C17SC007472,4,,dia_util,0.0,0.0,0.01,0.0,0.0,normal,normal,alta,20,historico dia_util,2.0
C17SC007472,5,,dia_util,0.0,0.0,0.01,0.0,0.0,normal,normal,alta,20,historico dia_util,2.0
C17SC007472,6,,dia_util,0.0,0.0,0.01,0.0,0.0,normal,normal,alta,20,historico dia_util,2.0
C17SC007472,7,,dia_util,0.0,0.0,0.01,0.0,0.0,normal,normal,alta,20,historico dia_util,2.0
C17SC007472,8,,dia_util,0.0,0.0,0.01,0.0,0.0,normal,normal,alta,20,historico dia_util,2.0
C17SC007472,9,,dia_util,0.0,0.0,0.01,0.0,0.0,normal,normal,alta,20,historico dia_util,2.0
C17SC007472,10,,dia_util,0.0,0.0,0.01,0.0,0.0,normal,normal,alta,19,historico dia_util,2.0
C17SC007472,11,,dia_util,0.0,0.0,0.01,0.0,0.0,normal,normal,alta,19,historico dia_util,2.0
C17SC007472,12,,dia_util,0.0,0.0,0.01,0.0,0.0,normal,normal,alta,19,historico dia_util,2.0
C17SC007472,13,,dia_util,0.0,0.0,0.01,0.0,0.0,normal,normal,alta,19,historico dia_util,2.0
C17SC007472,14,,dia_util,0.0,0.0,0.01,0.0,0.0,normal,normal,alta,20,historico dia_util,2.0
C17SC007472,15,,dia_util,0.0,0.0,0.01,0.0,0.0,normal,normal,alta,20,historico dia_util,2.0
C17SC007472,16,,dia_util,0.0,0.0,0.01,0.0,0.0,normal,normal,alta,20,historico dia_util,2.0
C17SC007472,17,,dia_util,0.0,0.0,0.01,0.0,0.0,normal,normal,alta,20,historico dia_util,2.0
C17SC007472,18,,dia_util,0.0,0.0,0.01,0.0,0.0,normal,normal,alta,20,historico dia_util,2.0
C17SC007472,19,,dia_util,0.0,0.0,0.01,0.0,0.0,normal,normal,alta,20,historico dia_util,2.0
C17SC007472,20,,dia_util,0.0,0.0,0.01,0.0,0.0,normal,normal,alta,20,historico dia_util,2.0
C17SC007472,21,,dia_util,0.0,0.0,0.01,0.0,0.0,normal,normal,alta,20,historico dia_util,2.0
C17SC007472,22,,dia_util,0.0,0.0,0.01,0.0,0.0,normal,normal,alta,20,historico dia_util,2.0
C17SC007472,23,,dia_util,0.0,0.0,0.01,0.0,0.0,normal,normal,alta,20,historico dia_util,2.0
C17SC007473,0,,dia_util,0.0,0.0,0.01,0.0,0.0,normal,normal,alta,13,historico dia_util,2.0
C17SC007473,1,,dia_util,0.0,0.0,0.01,0.0,0.0,normal,normal,alta,18,historico dia_util,2.0
C17SC007473,2,,dia_util,0.0,0.0,0.01,0.0,0.0,normal,normal,alta,18,historico dia_util,2.0
C17SC007473,3,,dia_util,0.0,0.0,0.01,0.0,0.0,normal,normal,alta,18,historico dia_util,2.0
C17SC007473,4,,dia_util,0.0,0.0,0.01,0.0,0.0,normal,normal,alta,15,historico dia_util,2.0
C17SC007473,5,,dia_util,0.0,0.0,0.01,0.0,0.0,normal,normal,alta,17,historico dia_util,2.0
C17SC007473,6,,dia_util,0.0,0.0,0.01,0.0,0.0,normal,normal,alta,17,historico dia_util,2.0
C17SC007473,7,,dia_util,0.0,0.0,0.01,0.0,0.0,normal,normal,alta,17,historico dia_util,2.0
C17SC007473,8,,dia_util,0.0,0.0,0.01,0.0,0.0,normal,normal,alta,17,historico dia_util,2.0
C17SC007473,9,,dia_util,0.0,0.0,0.01,0.0,0.0,normal,normal,alta,14,historico dia_util,2.0
C17SC007473,10,,dia_util,0.0,0.0,0.01,0.0,0.0,normal,normal,alta,14,historico dia_util,2.0
C17SC007473,11,,dia_util,0.0,0.0,0.01,0.0,0.0,normal,normal,alta,14,historico dia_util,2.0
C17SC007473,12,,dia_util,0.0,0.0,0.01,0.0,0.0,normal,normal,alta,14,historico dia_util,2.0
C17SC007473,17,,dia_util,0.0,0.0,0.01,0.0,0.0,normal,normal,alta,12,historico dia_util,2.0
C17SC007473,18,,dia_util,0.0,0.0,0.01,0.0,0.0,normal,normal,alta,12,historico dia_util,2.0
C17SC007473,19,,dia_util,0.0,0.0,0.01,0.0,0.0,normal,normal,alta,12,historico dia_util,2.0
C17SC007473,20,,dia_util,0.0,0.0,0.01,0.0,0.0,normal,normal,alta,12,historico dia_util,2.0
C17SC007473,21,,dia_util,0.0,0.0,0.01,0.0,0.0,normal,normal,alta,11,historico dia_util,2.0
C17SC007473,22,,dia_util,0.0,0.0,0.01,0.0,0.0,normal,normal,alta,11,historico dia_util,2.0
C17SC007473,23,,dia_util,0.0,0.0,0.01,0.0,0.0,normal,normal,alta,11,historico dia_util,2.0
C17SC007487,0,,dia_util,0.045,0.0415,0.0278,0.13,0.13,normal,normal,alta,16,historico dia_util,2.0
C17SC007487,1,,dia_util,0.031,0.0245,0.0155,0.42,0.42,normal,normal,alta,16,historico dia_util,2.0
C17SC007487,2,,dia_util,0.004,0.0097,0.01,-0.57,-0.57,normal,normal,alta,16,historico dia_util,2.0
C17SC007487,3,,dia_util,0.0,0.0013,0.01,-0.13,-0.13,normal,normal,alta,16,historico dia_util,2.0
C17SC007487,4,,dia_util,0.0,0.0001,0.01,-0.01,-0.01,normal,normal,alta,16,historico dia_util,2.0
C17SC007487,5,,dia_util,0.0,0.0001,0.01,-0.01,-0.01,normal,normal,alta,15,historico dia_util,2.0
C17SC007487,6,,dia_util,0.0,0.0,0.01,0.0,0.0,normal,normal,alta,15,historico dia_util,2.0
C17SC007487,7,,dia_util,0.0,0.0,0.01,0.0,0.0,normal,normal,alta,15,historico dia_util,2.0
C17SC007487,8,,dia_util,0.0,0.0,0.01,0.0,0.0,normal,normal,alta,15,historico dia_util,2.0
C17SC007487,9,,dia_util,0.001,0.0092,0.013,-0.63,-0.63,normal,normal,alta,15,historico dia_util,2.0
C17SC007487,10,,dia_util,0.145,0.2269,0.236,-0.35,-0.35,normal,normal,alta,15,historico dia_util,2.0
C17SC007487,11,,dia_util,0.3,0.3819,0.0955,-0.86,-0.86,normal,normal,alta,15,historico dia_util,2.0
C17SC007487,12,,dia_util,0.515,0.4221,0.1055,0.88,0.88,normal,normal,alta,15,historico dia_util,2.0
C17SC007487,13,,dia_util,0.389,0.4437,0.341,-0.16,-0.16,normal,normal,alta,15,historico dia_util,2.0
C17SC007487,14,,dia_util,0.379,0.4122,0.1348,-0.25,-0.25,normal,normal,alta,15,historico dia_util,2.0
C17SC007487,15,,dia_util,0.267,0.4181,0.2855,-0.53,-0.53,normal,normal,alta,15,historico dia_util,2.0
C17SC007487,16,,dia_util,0.398,0.3946,0.1446,0.02,0.02,normal,normal,alta,16,historico dia_util,2.0
C17SC007487,17,,dia_util,0.385,0.4473,0.3578,-0.17,-0.17,normal,normal,alta,16,historico dia_util,2.0
C17SC007487,18,,dia_util,0.213,0.2489,0.0622,-0.58,-0.58,normal,normal,alta,16,historico dia_util,2.0
C17SC007487,19,,dia_util,0.103,0.1371,0.0343,-1.0,-1.0,normal,normal,alta,16,historico dia_util,2.0
C17SC007487,20,,dia_util,0.052,0.0521,0.0148,-0.01,-0.01,normal,normal,alta,16,historico dia_util,2.0
C17SC007487,21,,dia_util,0.081,0.1056,0.1832,-0.13,-0.13,normal,normal,alta,17,historico dia_util,2.0
C17SC007487,22,,dia_util,0.072,0.0577,0.0144,0.99,0.99,normal,normal,alta,17,historico dia_util,2.0
C17SC007487,23,,dia_util,0.053,0.0567,0.0142,-0.26,-0.26,normal,normal,alta,17,historico dia_util,2.0
C17SC007489,0,,dia_util,0.0,0.0,0.01,0.0,0.0,normal,normal,alta,16,historico dia_util,2.0
C17SC007489,1,,dia_util,0.0,0.0,0.01,0.0,0.0,normal,normal,alta,16,historico dia_util,2.0
C17SC007489,2,,dia_util,0.0,0.0,0.01,0.0,0.0,normal,normal,alta,16,historico dia_util,2.0
C17SC007489,3,,dia_util,0.0,0.0,0.01,0.0,0.0,normal,normal,alta,16,historico dia_util,2.0
C17SC007489,8,,dia_util,0.0,0.0,0.01,0.0,0.0,normal,normal,alta,10,historico dia_util,2.0
C17SC007489,9,,dia_util,0.0,0.0,0.01,0.0,0.0,normal,normal,alta,16,historico dia_util,2.0
C17SC007489,10,,dia_util,0.0,0.0,0.01,0.0,0.0,normal,normal,alta,16,historico dia_util,2.0
C17SC007489,11,,dia_util,0.0,0.0,0.01,0.0,0.0,normal,normal,alta,16,historico dia_util,2.0
C17SC007489,16,,dia_util,0.0,0.0,0.01,0.0,0.0,normal,normal,alta,17,historico dia_util,2.0
C17SC007489,17,,dia_util,0.0,0.0,0.01,0.0,0.0,normal,normal,alta,18,historico dia_util,2.0
C17SC007489,18,,dia_util,0.0,0.0,0.01,0.0,0.0,normal,normal,alta,18,historico dia_util,2.0
C17SC007489,19,,dia_util,0.0,0.0,0.01,0.0,0.0,normal,normal,alta,18,historico dia_util,2.0
C17SC007489,21,,dia_util,0.0,0.0,0.01,0.0,0.0,normal,normal,alta,17,historico dia_util,2.0
C17SC007489,22,,dia_util,0.0,0.0,0.01,0.0,0.0,normal,normal,alta,17,historico dia_util,2.0
C17SC007489,23,,dia_util,0.0,0.0,0.01,0.0,0.0,normal,normal,alta,17,historico dia_util,2.0
C17SC007492,0,,dia_util,0.0,0.0,0.01,0.0,0.0,normal,normal,alta,19,historico dia_util,2.0
C17SC007492,1,,dia_util,0.0,0.0,0.01,0.0,0.0,normal,normal,alta,16,historico dia_util,2.0
C17SC007492,2,,dia_util,0.0,0.0,0.01,0.0,0.0,normal,normal,alta,16,historico dia_util,2.0
C17SC007492,3,,dia_util,0.0,0.0,0.01,0.0,0.0,normal,normal,alta,16,historico dia_util,2.0
C17SC007492,4,,dia_util,0.0,0.0,0.01,0.0,0.0,normal,normal,alta,16,historico dia_util,2.0
C17SC007492,5,,dia_util,0.0,0.0,0.01,0.0,0.0,normal,normal,alta,18,historico dia_util,2.0
C17SC007492,6,,dia_util,0.0,0.0,0.01,0.0,0.0,normal,normal,alta,18,historico dia_util,2.0
C17SC007492,7,,dia_util,0.0,0.0,0.01,0.0,0.0,normal,normal,alta,18,historico dia_util,2.0
C17SC007492,8,,dia_util,0.0,0.0,0.01,0.0,0.0,normal,normal,alta,18,historico dia_util,2.0
C17SC007492,9,,dia_util,0.0,0.0,0.01,0.0,0.0,normal,normal,alta,19,historico dia_util,2.0
C17SC007492,10,,dia_util,0.0,0.0,0.01,0.0,0.0,normal,normal,alta,19,historico dia_util,2.0
C17SC007492,11,,dia_util,0.0,0.0,0.01,0.0,0.0,normal,normal,alta,19,historico dia_util,2.0
C17SC007492,12,,dia_util,0.0,0.0,0.01,0.0,0.0,normal,normal,alta,19,historico dia_util,2.0
C17SC007492,13,,dia_util,0.0,0.0,0.01,0.0,0.0,normal,normal,alta,18,historico dia_util,2.0
C17SC007492,14,,dia_util,0.0,0.0,0.01,0.0,0.0,normal,normal,alta,18,historico dia_util,2.0
C17SC007492,15,,dia_util,0.0,0.0,0.01,0.0,0.0,normal,normal,alta,18,historico dia_util,2.0
C17SC007492,16,,dia_util,0.0,0.0,0.01,0.0,0.0,normal,normal,alta,19,historico dia_util,2.0
C17SC007492,17,,dia_util,0.0,0.0,0.01,0.0,0.0,normal,normal,alta,18,historico dia_util,2.0
C17SC007492,18,,dia_util,0.0,0.0,0.01,0.0,0.0,normal,normal,alta,18,historico dia_util,2.0
C17SC007492,19,,dia_util,0.0,0.0,0.01,0.0,0.0,normal,normal,alta,18,historico dia_util,2.0
C17SC007492,20,,dia_util,0.0,0.0,0.01,0.0,0.0,normal,normal,alta,18,historico dia_util,2.0
C17SC007492,21,,dia_util,0.0,0.0,0.01,0.0,0.0,normal,normal,alta,18,historico dia_util,2.0
C17SC007492,22,,dia_util,0.0,0.0,0.01,0.0,0.0,normal,normal,alta,18,historico dia_util,2.0
C17SC007492,23,,dia_util,0.0,0.0,0.01,0.0,0.0,normal,normal,alta,18,historico dia_util,2.0
C17SC007493,0,,dia_util,0.0,0.0,0.01,0.0,0.0,normal,normal,alta,19,historico dia_util,2.0
C17SC007493,1,,dia_util,0.0,0.0,0.01,0.0,0.0,normal,normal,alta,18,historico dia_util,2.0
C17SC007493,2,,dia_util,0.0,0.0,0.01,0.0,0.0,normal,normal,alta,18,historico dia_util,2.0
C17SC007493,3,,dia_util,0.0,0.0,0.01,0.0,0.0,normal,normal,alta,18,historico dia_util,2.0
C17SC007493,4,,dia_util,0.0,0.0,0.01,0.0,0.0,normal,normal,alta,18,historico dia_util,2.0
C17SC007493,5,,dia_util,0.0,0.0,0.01,0.0,0.0,normal,normal,alta,18,historico dia_util,2.0
C17SC007493,6,,dia_util,0.0,0.0,0.01,0.0,0.0,normal,normal,alta,17,historico dia_util,2.0
C17SC007493,7,,dia_util,0.0,0.0,0.01,0.0,0.0,normal,normal,alta,17,historico dia_util,2.0
C17SC007493,8,,dia_util,0.0,0.0,0.01,0.0,0.0,normal,normal,alta,17,historico dia_util,2.0
C17SC007493,9,,dia_util,0.0,0.0,0.01,0.0,0.0,normal,normal,alta,17,historico dia_util,2.0
C17SC007493,10,,dia_util,0.0,0.0,0.01,0.0,0.0,normal,normal,alta,18,historico dia_util,2.0
C17SC007493,11,,dia_util,0.0,0.0,0.01,0.0,0.0,normal,normal,alta,18,historico dia_util,2.0
C17SC007493,12,,dia_util,0.0,0.0,0.01,0.0,0.0,normal,normal,alta,18,historico dia_util,2.0
C17SC007493,13,,dia_util,0.0,0.0,0.01,0.0,0.0,normal,normal,alta,18,historico dia_util,2.0
C17SC007493,14,,dia_util,0.0,0.0,0.01,0.0,0.0,normal,normal,alta,19,historico dia_util,2.0
C17SC007493,15,,dia_util,0.0,0.0,0.01,0.0,0.0,normal,normal,alta,19,historico dia_util,2.0
C17SC007493,16,,dia_util,0.0,0.0,0.01,0.0,0.0,normal,normal,alta,20,historico dia_util,2.0
C17SC007493,17,,dia_util,0.0,0.0,0.01,0.0,0.0,normal,normal,alta,20,historico dia_util,2.0
C17SC007493,18,,dia_util,0.0,0.0,0.01,0.0,0.0,normal,normal,alta,20,historico dia_util,2.0
C17SC007493,19,,dia_util,0.0,0.0,0.01,0.0,0.0,normal,normal,alta,20,historico dia_util,2.0
C17SC007493,20,,dia_util,0.0,0.0,0.01,0.0,0.0,normal,normal,alta,20,historico dia_util,2.0
C17SC007493,21,,dia_util,0.0,0.0,0.01,0.0,0.0,normal,normal,alta,20,historico dia_util,2.0
C17SC007494,0,,dia_util,0.0,0.0,0.01,0.0,0.0,normal,normal,alta,20,historico dia_util,2.0
C17SC007494,1,,dia_util,0.0,0.0,0.01,0.0,0.0,normal,normal,alta,19,historico dia_util,2.0
C17SC007494,2,,dia_util,0.0,0.0,0.01,0.0,0.0,normal,normal,alta,19,historico dia_util,2.0
C17SC007494,3,,dia_util,0.0,0.0,0.01,0.0,0.0,normal,normal,alta,19,historico dia_util,2.0
C17SC007494,4,,dia_util,0.0,0.0,0.01,0.0,0.0,normal,normal,alta,19,historico dia_util,2.0
C17SC007494,5,,dia_util,0.0,0.0,0.01,0.0,0.0,normal,normal,alta,19,historico dia_util,2.0
C17SC007494,6,,dia_util,0.0,0.0,0.01,0.0,0.0,normal,normal,alta,19,historico dia_util,2.0
C17SC007494,7,,dia_util,0.0,0.0,0.01,0.0,0.0,normal,normal,alta,19,historico dia_util,2.0
C17SC007494,8,,dia_util,0.0,0.0,0.01,0.0,0.0,normal,normal,alta,19,historico dia_util,2.0
C17SC007494,9,,dia_util,0.0,0.0,0.01,0.0,0.0,normal,normal,alta,19,historico dia_util,2.0
C17SC007494,10,,dia_util,0.0,0.0,0.01,0.0,0.0,normal,normal,alta,19,historico dia_util,2.0
C17SC007494,11,,dia_util,0.0,0.0,0.01,0.0,0.0,normal,normal,alta,19,historico dia_util,2.0
C17SC007494,12,,dia_util,0.0,0.0,0.01,0.0,0.0,normal,normal,alta,19,historico dia_util,2.0
C17SC007494,13,,dia_util,0.0,0.0,0.01,0.0,0.0,normal,normal,alta,19,historico dia_util,2.0
C17SC007494,14,,dia_util,0.0,0.0,0.01,0.0,0.0,normal,normal,alta,19,historico dia_util,2.0
C17SC007494,15,,dia_util,0.0,0.0,0.01,0.0,0.0,normal,normal,alta,18,historico dia_util,2.0
C17SC007494,16,,dia_util,0.0,0.0,0.01,0.0,0.0,normal,normal,alta,19,historico dia_util,2.0
C17SC007494,17,,dia_util,0.0,0.0,0.01,0.0,0.0,normal,normal,alta,19,historico dia_util,2.0
C17SC007494,18,,dia_util,0.0,0.0,0.01,0.0,0.0,normal,normal,alta,19,historico dia_util,2.0
C17SC007494,19,,dia_util,0.0,0.0,0.01,0.0,0.0,normal,normal,alta,20,historico dia_util,2.0
C17SC007494,20,,dia_util,0.0,0.0,0.01,0.0,0.0,normal,normal,alta,20,historico dia_util,2.0
C17SC007494,21,,dia_util,0.0,0.0,0.01,0.0,0.0,normal,normal,alta,20,historico dia_util,2.0
C17SC007494,22,,dia_util,0.0,0.0,0.01,0.0,0.0,normal,normal,alta,20,historico dia_util,2.0
C17SC007494,23,,dia_util,0.0,0.0,0.01,0.0,0.0,normal,normal,alta,20,historico dia_util,2.0
C18LB000167,0,,dia_util,0.0,0.0001,0.01,-0.01,-0.01,normal,normal,alta,18,historico dia_util,2.0
C18LB000167,1,,dia_util,0.0,0.0001,0.01,-0.01,-0.01,normal,normal,alta,18,historico dia_util,2.0
C18LB000167,2,,dia_util,0.0,0.0,0.01,0.0,0.0,normal,normal,alta,18,historico dia_util,2.0
C18LB000167,3,,dia_util,0.0,0.0,0.01,0.0,0.0,normal,normal,alta,18,historico dia_util,2.0
C18LB000167,4,,dia_util,0.0,0.0,0.01,0.0,0.0,normal,normal,alta,18,historico dia_util,2.0
C18LB000167,5,,dia_util,0.0,0.0,0.01,0.0,0.0,normal,normal,alta,17,historico dia_util,2.0
C18LB000167,6,,dia_util,0.0,0.0,0.01,0.0,0.0,normal,normal,alta,17,historico dia_util,2.0
C18LB000167,7,,dia_util,0.0,0.0,0.01,0.0,0.0,normal,normal,alta,17,historico dia_util,2.0
C18LB000167,8,,dia_util,0.0,0.0009,0.01,-0.09,-0.09,normal,normal,alta,17,historico dia_util,2.0
C18LB000167,9,,dia_util,0.021,0.0134,0.01,0.76,0.76,normal,normal,alta,13,historico dia_util,2.0
C18LB000167,10,,dia_util,0.024,0.014,0.0168,0.6,0.6,normal,normal,alta,13,historico dia_util,2.0
C18LB000167,11,,dia_util,0.009,0.023,0.0154,-0.91,-0.91,normal,normal,alta,13,historico dia_util,2.0
C18LB000167,12,,dia_util,0.049,0.0235,0.0115,2.22,2.22,desvio,acima,alta,13,historico dia_util,2.0
C18LB000167,13,,dia_util,0.038,0.0465,0.0346,-0.25,-0.25,normal,normal,alta,19,historico dia_util,2.0
C18LB000167,14,,dia_util,0.023,0.0215,0.0109,0.13,0.13,normal,normal,alta,19,historico dia_util,2.0
C18LB000167,15,,dia_util,0.009,0.017,0.01,-0.8,-0.8,normal,normal,alta,19,historico dia_util,2.0
C18LB000167,16,,dia_util,0.006,0.0216,0.0148,-1.05,-1.05,normal,normal,alta,20,historico dia_util,2.0
C18LB000167,17,,dia_util,0.008,0.0193,0.01,-1.13,-1.13,normal,normal,alta,19,historico dia_util,2.0
C18LB000167,18,,dia_util,0.016,0.0055,0.01,1.05,1.05,normal,normal,alta,19,historico dia_util,2.0
C18LB000167,19,,dia_util,0.022,0.0051,0.01,1.69,1.69,normal,normal,alta,19,historico dia_util,2.0
C18LB000167,20,,dia_util,0.007,0.0013,0.01,0.57,0.57,normal,normal,alta,19,historico dia_util,2.0
C18LB000167,21,,dia_util,0.0,0.0012,0.01,-0.12,-0.12,normal,normal,alta,18,historico dia_util,2.0
C18LB000167,22,,dia_util,0.0,0.0,0.01,0.0,0.0,normal,normal,alta,18,historico dia_util,2.0
C18LB000167,23,,dia_util,0.0,0.0,0.01,0.0,0.0,normal,normal,alta,18,historico dia_util,2.0
C18LB000173,0,,dia_util,0.0,0.0,0.01,0.0,0.0,normal,normal,alta,19,historico dia_util,2.0
C18LB000173,1,,dia_util,0.0,0.0,0.01,0.0,0.0,normal,normal,alta,19,historico dia_util,2.0
C18LB000173,2,,dia_util,0.0,0.0,0.01,0.0,0.0,normal,normal,alta,19,historico dia_util,2.0
C18LB000173,3,,dia_util,0.0,0.0,0.01,0.0,0.0,normal,normal,alta,19,historico dia_util,2.0
C18LB000173,4,,dia_util,0.0,0.0,0.01,0.0,0.0,normal,normal,alta,19,historico dia_util,2.0
C18LB000173,5,,dia_util,0.0,0.0,0.01,0.0,0.0,normal,normal,alta,19,historico dia_util,2.0
C18LB000173,6,,dia_util,0.0,0.0,0.01,0.0,0.0,normal,normal,alta,19,historico dia_util,2.0
C18LB000173,7,,dia_util,0.0,0.0001,0.01,-0.01,-0.01,normal,normal,alta,19,historico dia_util,2.0
C18LB000173,8,,dia_util,0.08,0.0397,0.0244,1.65,1.65,normal,normal,alta,19,historico dia_util,2.0
C18LB000173,9,,dia_util,0.048,0.0826,0.0207,-1.67,-1.67,normal,normal,alta,19,historico dia_util,2.0
C18LB000173,10,,dia_util,-0.08,0.0748,0.0496,-3.12,-3.12,desvio,abaixo,alta,19,historico dia_util,2.0
C18LB000173,11,,dia_util,0.041,0.2024,0.0568,-2.84,-2.84,desvio,abaixo,alta,19,historico dia_util,2.0
C18LB000173,12,,dia_util,0.313,0.2245,0.0674,1.31,1.31,normal,normal,alta,19,historico dia_util,2.0
C18LB000173,13,,dia_util,0.16,0.163,0.0408,-0.07,-0.07,normal,normal,alta,18,historico dia_util,2.0
C18LB000173,14,,dia_util,0.403,0.3079,0.077,1.23,1.23,normal,normal,alta,18,historico dia_util,2.0
C18LB000173,15,,dia_util,0.181,0.1695,0.0462,0.25,0.25,normal,normal,alta,18,historico dia_util,2.0
C18LB000173,16,,dia_util,0.092,0.112,0.0307,-0.65,-0.65,normal,normal,alta,19,historico dia_util,2.0
C18LB000173,17,,dia_util,0.154,0.1583,0.1773,-0.02,-0.02,normal,normal,alta,20,historico dia_util,2.0
C18LB000173,18,,dia_util,0.078,0.0629,0.0272,0.56,0.56,normal,normal,alta,20,historico dia_util,2.0
C18LB000173,19,,dia_util,0.025,0.0394,0.0202,-0.71,-0.71,normal,normal,alta,20,historico dia_util,2.0
C18LB000173,20,,dia_util,0.0,0.0005,0.01,-0.05,-0.05,normal,normal,alta,20,historico dia_util,2.0
C18LB000173,21,,dia_util,0.0,0.0,0.01,0.0,0.0,normal,normal,alta,19,historico dia_util,2.0
C18LB000173,22,,dia_util,0.0,0.0,0.01,0.0,0.0,normal,normal,alta,19,historico dia_util,2.0
C18LB000173,23,,dia_util,0.0,0.0,0.01,0.0,0.0,normal,normal,alta,19,historico dia_util,2.0
C18SC002011N,0,,dia_util,0.0,0.0,0.01,0.0,0.0,normal,normal,alta,20,historico dia_util,2.0
C18SC002011N,1,,dia_util,0.0,0.0,0.01,0.0,0.0,normal,normal,alta,19,historico dia_util,2.0
C18SC002011N,2,,dia_util,0.0,0.0,0.01,0.0,0.0,normal,normal,alta,19,historico dia_util,2.0
C18SC002011N,3,,dia_util,0.0,0.0,0.01,0.0,0.0,normal,normal,alta,19,historico dia_util,2.0
C18SC002011N,4,,dia_util,0.0,0.0,0.01,0.0,0.0,normal,normal,alta,19,historico dia_util,2.0
C18SC002011N,5,,dia_util,0.0,0.0,0.01,0.0,0.0,normal,normal,alta,19,historico dia_util,2.0
C18SC002011N,6,,dia_util,0.0,0.0,0.01,0.0,0.0,normal,normal,alta,19,historico dia_util,2.0
C18SC002011N,7,,dia_util,0.0,0.0,0.01,0.0,0.0,normal,normal,alta,19,historico dia_util,2.0
C18SC002011N,8,,dia_util,0.0,0.0,0.01,0.0,0.0,normal,normal,alta,19,historico dia_util,2.0
C18SC002011N,9,,dia_util,0.035,0.0278,0.0286,0.25,0.25,normal,normal,alta,19,historico dia_util,2.0
C18SC002011N,10,,dia_util,0.077,0.0288,0.0246,1.96,1.96,normal,normal,alta,19,historico dia_util,2.0
C18SC002011N,11,,dia_util,0.017,0.0353,0.0279,-0.66,-0.66,normal,normal,alta,19,historico dia_util,2.0
C18SC002011N,12,,dia_util,0.037,0.0221,0.0211,0.71,0.71,normal,normal,alta,19,historico dia_util,2.0
C18SC002011N,13,,dia_util,0.031,0.0311,0.0299,-0.0,-0.0,normal,normal,alta,19,historico dia_util,2.0
C18SC002011N,14,,dia_util,0.023,0.0319,0.0293,-0.31,-0.31,normal,normal,alta,19,historico dia_util,2.0
C18SC002011N,15,,dia_util,0.028,0.0186,0.0222,0.42,0.42,normal,normal,alta,17,historico dia_util,2.0
C18SC002011N,16,,dia_util,0.067,0.0191,0.0245,1.96,1.96,normal,normal,alta,18,historico dia_util,2.0
C18SC002011N,17,,dia_util,0.002,0.0114,0.0132,-0.71,-0.71,normal,normal,alta,18,historico dia_util,2.0
C18SC002011N,18,,dia_util,0.008,0.0172,0.02,-0.46,-0.46,normal,normal,alta,18,historico dia_util,2.0
C18SC002011N,19,,dia_util,0.024,0.0398,0.0346,-0.46,-0.46,normal,normal,alta,20,historico dia_util,2.0
C18SC002011N,20,,dia_util,0.027,0.0499,0.0286,-0.8,-0.8,normal,normal,alta,20,historico dia_util,2.0
C18SC002011N,21,,dia_util,0.106,0.045,0.0303,2.01,2.01,desvio,acima,alta,20,historico dia_util,2.0
C18SC002011N,22,,dia_util,0.013,0.0365,0.0314,-0.75,-0.75,normal,normal,alta,20,historico dia_util,2.0
C18SC002011N,23,,dia_util,0.0,0.0006,0.01,-0.06,-0.06,normal,normal,alta,20,historico dia_util,2.0
C18SC002021,0,,dia_util,0.0,0.0,0.01,0.0,0.0,normal,normal,alta,16,historico dia_util,2.0
C18SC002021,1,,dia_util,0.0,0.0,0.01,0.0,0.0,normal,normal,alta,15,historico dia_util,2.0
C18SC002021,2,,dia_util,0.0,0.0,0.01,0.0,0.0,normal,normal,alta,15,historico dia_util,2.0
C18SC002021,3,,dia_util,0.0,0.0,0.01,0.0,0.0,normal,normal,alta,19,historico dia_util,2.0
C18SC002021,4,,dia_util,0.0,0.0,0.01,0.0,0.0,normal,normal,alta,19,historico dia_util,2.0
C18SC002021,5,,dia_util,0.0,0.0,0.01,0.0,0.0,normal,normal,alta,19,historico dia_util,2.0
C18SC002021,6,,dia_util,0.0,0.0,0.01,0.0,0.0,normal,normal,alta,19,historico dia_util,2.0
C18SC002021,7,,dia_util,0.0,0.0,0.01,0.0,0.0,normal,normal,alta,18,historico dia_util,2.0
C18SC002021,8,,dia_util,0.0,0.0,0.01,0.0,0.0,normal,normal,alta,18,historico dia_util,2.0
C18SC002021,9,,dia_util,0.0,0.0,0.01,0.0,0.0,normal,normal,alta,18,historico dia_util,2.0
C18SC002021,10,,dia_util,0.0,0.0,0.01,0.0,0.0,normal,normal,alta,16,historico dia_util,2.0
C18SC002021,11,,dia_util,0.0,0.0,0.01,0.0,0.0,normal,normal,alta,18,historico dia_util,2.0
C18SC002021,12,,dia_util,0.0,0.0,0.01,0.0,0.0,normal,normal,alta,18,historico dia_util,2.0
C18SC002021,13,,dia_util,0.0,0.0,0.01,0.0,0.0,normal,normal,alta,18,historico dia_util,2.0
C18SC002021,14,,dia_util,0.0,0.0,0.01,0.0,0.0,normal,normal,alta,18,historico dia_util,2.0
C18SC002021,15,,dia_util,0.0,0.0,0.01,0.0,0.0,normal,normal,alta,19,historico dia_util,2.0
C18SC002021,16,,dia_util,0.0,0.0,0.01,0.0,0.0,normal,normal,alta,20,historico dia_util,2.0
C18SC002021,17,,dia_util,0.0,0.0,0.01,0.0,0.0,normal,normal,alta,20,historico dia_util,2.0
C18SC002021,18,,dia_util,0.0,0.0,0.01,0.0,0.0,normal,normal,alta,20,historico dia_util,2.0
C18SC002021,19,,dia_util,0.0,0.0,0.01,0.0,0.0,normal,normal,alta,19,historico dia_util,2.0
C18SC002021,20,,dia_util,0.0,0.0,0.01,0.0,0.0,normal,normal,alta,19,historico dia_util,2.0
C18SC002021,21,,dia_util,0.0,0.0,0.01,0.0,0.0,normal,normal,alta,19,historico dia_util,2.0
C18SC002021,22,,dia_util,0.0,0.0,0.01,0.0,0.0,normal,normal,alta,19,historico dia_util,2.0
C18SC002021,23,,dia_util,0.0,0.0,0.01,0.0,0.0,normal,normal,alta,19,historico dia_util,2.0
C18SC002022,0,,dia_util,0.0,0.0,0.01,0.0,0.0,normal,normal,alta,15,historico dia_util,2.0
C18SC002022,1,,dia_util,0.0,0.0,0.01,0.0,0.0,normal,normal,alta,15,historico dia_util,2.0
C18SC002022,2,,dia_util,0.0,0.0,0.01,0.0,0.0,normal,normal,alta,14,historico dia_util,2.0
C18SC002022,3,,dia_util,0.0,0.0,0.01,0.0,0.0,normal,normal,alta,14,historico dia_util,2.0
C18SC002022,4,,dia_util,0.0,0.0,0.01,0.0,0.0,normal,normal,alta,14,historico dia_util,2.0
C18SC002022,5,,dia_util,0.0,0.0,0.01,0.0,0.0,normal,normal,alta,14,historico dia_util,2.0
C18SC002022,6,,dia_util,0.0,0.0,0.01,0.0,0.0,normal,normal,alta,18,historico dia_util,2.0
C18SC002022,7,,dia_util,0.0,0.0,0.01,0.0,0.0,normal,normal,alta,19,historico dia_util,2.0
C18SC002022,8,,dia_util,0.0,0.0,0.01,0.0,0.0,normal,normal,alta,19,historico dia_util,2.0
C18SC002022,9,,dia_util,0.0,0.0,0.01,0.0,0.0,normal,normal,alta,19,historico dia_util,2.0
C18SC002022,10,,dia_util,0.0,0.0,0.01,0.0,0.0,normal,normal,alta,16,historico dia_util,2.0
C18SC002022,11,,dia_util,0.0,0.0,0.01,0.0,0.0,normal,normal,alta,16,historico dia_util,2.0
C18SC002022,12,,dia_util,0.0,0.0,0.01,0.0,0.0,normal,normal,alta,16,historico dia_util,2.0
C18SC002022,13,,dia_util,0.0,0.0,0.01,0.0,0.0,normal,normal,alta,16,historico dia_util,2.0
C18SC002022,14,,dia_util,0.0,0.0,0.01,0.0,0.0,normal,normal,alta,19,historico dia_util,2.0
C18SC002022,15,,dia_util,0.0,0.0,0.01,0.0,0.0,normal,normal,alta,19,historico dia_util,2.0
C18SC002022,16,,dia_util,0.0,0.0,0.01,0.0,0.0,normal,normal,alta,20,historico dia_util,2.0
C18SC002022,17,,dia_util,0.0,0.0,0.01,0.0,0.0,normal,normal,alta,20,historico dia_util,2.0
C18SC002022,22,,dia_util,0.0,0.0,0.01,0.0,0.0,normal,normal,alta,15,historico dia_util,2.0
C18SC002022,23,,dia_util,0.0,0.0,0.01,0.0,0.0,normal,normal,alta,15,historico dia_util,2.0
C18SC002026,0,,dia_util,0.0,0.0,0.01,0.0,0.0,normal,normal,alta,12,historico dia_util,2.0
C18SC002026,1,,dia_util,0.0,0.0,0.01,0.0,0.0,normal,normal,alta,12,historico dia_util,2.0
C18SC002026,2,,dia_util,0.0,0.0,0.01,0.0,0.0,normal,normal,alta,12,historico dia_util,2.0
C18SC002026,3,,dia_util,0.0,0.0,0.01,0.0,0.0,normal,normal,alta,12,historico dia_util,2.0
C18SC002026,4,,dia_util,0.0,0.0,0.01,0.0,0.0,normal,normal,alta,12,historico dia_util,2.0
C18SC002026,5,,dia_util,0.0,0.0,0.01,0.0,0.0,normal,normal,alta,12,historico dia_util,2.0
C18SC002026,6,,dia_util,0.0,0.0,0.01,0.0,0.0,normal,normal,alta,12,historico dia_util,2.0
C18SC002026,7,,dia_util,0.0,0.0,0.01,0.0,0.0,normal,normal,alta,12,historico dia_util,2.0
C18SC002026,8,,dia_util,0.0,0.0,0.01,0.0,0.0,normal,normal,alta,11,historico dia_util,2.0
C18SC002026,9,,dia_util,0.0,0.0,0.01,0.0,0.0,normal,normal,alta,11,historico dia_util,2.0
C18SC002026,10,,dia_util,0.0,0.0,0.01,0.0,0.0,normal,normal,alta,11,historico dia_util,2.0
C18SC002026,11,,dia_util,0.0,0.0,0.01,0.0,0.0,normal,normal,alta,11,historico dia_util,2.0
C18SC002026,12,,dia_util,0.0,0.0,0.01,0.0,0.0,normal,normal,alta,12,historico dia_util,2.0
C18SC002026,13,,dia_util,0.0,0.0,0.01,0.0,0.0,normal,normal,alta,12,historico dia_util,2.0
C18SC002026,14,,dia_util,0.0,0.0,0.01,0.0,0.0,normal,normal,alta,12,historico dia_util,2.0
C18SC002026,15,,dia_util,0.0,0.0,0.01,0.0,0.0,normal,normal,alta,13,historico dia_util,2.0
C18SC002026,16,,dia_util,0.0,0.0,0.01,0.0,0.0,normal,normal,alta,12,historico dia_util,2.0
C18SC002026,17,,dia_util,0.0,0.0,0.01,0.0,0.0,normal,normal,alta,12,historico dia_util,2.0
C18SC002026,18,,dia_util,0.0,0.0,0.01,0.0,0.0,normal,normal,alta,12,historico dia_util,2.0
C18SC002026,19,,dia_util,0.0,0.0,0.01,0.0,0.0,normal,normal,alta,12,historico dia_util,2.0
C18SC002026,20,,dia_util,0.0,0.0,0.01,0.0,0.0,normal,normal,alta,13,historico dia_util,2.0
C18SC002026,21,,dia_util,0.0,0.0,0.01,0.0,0.0,normal,normal,alta,13,historico dia_util,2.0
C18SC002026,22,,dia_util,0.0,0.0,0.01,0.0,0.0,normal,normal,alta,13,historico dia_util,2.0
C18SC002026,23,,dia_util,0.0,0.0,0.01,0.0,0.0,normal,normal,alta,13,historico dia_util,2.0
C18SC002034,0,,dia_util,0.0,0.0,0.01,0.0,0.0,normal,normal,alta,20,historico dia_util,2.0
C18SC002034,1,,dia_util,0.0,0.0,0.01,0.0,0.0,normal,normal,alta,20,historico dia_util,2.0
C18SC002034,2,,dia_util,0.0,0.0,0.01,0.0,0.0,normal,normal,alta,15,historico dia_util,2.0
C18SC002034,3,,dia_util,0.0,0.0,0.01,0.0,0.0,normal,normal,alta,20,historico dia_util,2.0
C18SC002034,4,,dia_util,0.0,0.0,0.01,0.0,0.0,normal,normal,alta,20,historico dia_util,2.0
C18SC002034,5,,dia_util,0.0,0.0,0.01,0.0,0.0,normal,normal,alta,20,historico dia_util,2.0
C18SC002034,6,,dia_util,0.0,0.0,0.01,0.0,0.0,normal,normal,alta,16,historico dia_util,2.0
C18SC002034,7,,dia_util,0.0,0.0,0.01,0.0,0.0,normal,normal,alta,20,historico dia_util,2.0
C18SC002034,8,,dia_util,0.0,0.0,0.01,0.0,0.0,normal,normal,alta,20,historico dia_util,2.0
C18SC002034,9,,dia_util,0.0,0.0,0.01,0.0,0.0,normal,normal,alta,20,historico dia_util,2.0
C18SC002034,10,,dia_util,0.0,0.0,0.01,0.0,0.0,normal,normal,alta,15,historico dia_util,2.0
C18SC002034,11,,dia_util,0.0,0.0,0.01,0.0,0.0,normal,normal,alta,20,historico dia_util,2.0
C18SC002034,12,,dia_util,0.0,0.0,0.01,0.0,0.0,normal,normal,alta,20,historico dia_util,2.0
C18SC002034,13,,dia_util,0.0,0.0,0.01,0.0,0.0,normal,normal,alta,20,historico dia_util,2.0
C18SC002034,15,,dia_util,0.0,0.0,0.01,0.0,0.0,normal,normal,alta,20,historico dia_util,2.0
C18SC002034,16,,dia_util,0.0,0.0,0.01,0.0,0.0,normal,normal,alta,20,historico dia_util,2.0
C18SC002034,17,,dia_util,0.0,0.0,0.01,0.0,0.0,normal,normal,alta,20,historico dia_util,2.0
C18SC002034,18,,dia_util,0.0,0.0,0.01,0.0,0.0,normal,normal,alta,15,historico dia_util,2.0
C18SC002034,19,,dia_util,0.0,0.0,0.01,0.0,0.0,normal,normal,alta,20,historico dia_util,2.0
C18SC002034,20,,dia_util,0.0,0.0,0.01,0.0,0.0,normal,normal,alta,20,historico dia_util,2.0
C18SC002034,21,,dia_util,0.0,0.0,0.01,0.0,0.0,normal,normal,alta,20,historico dia_util,2.0
C18SC002034,22,,dia_util,0.0,0.0,0.01,0.0,0.0,normal,normal,alta,15,historico dia_util,2.0
C18SC002034,23,,dia_util,0.0,0.0,0.01,0.0,0.0,normal,normal,alta,20,historico dia_util,2.0
C18SC002050U,0,,dia_util,0.022,0.5099,0.6427,-0.76,-0.76,normal,normal,alta,13,historico dia_util,2.0
C18SC002050U,1,,dia_util,0.055,0.0285,0.0314,0.85,0.85,normal,normal,alta,13,historico dia_util,2.0
C18SC002050U,2,,dia_util,0.029,0.0149,0.0155,0.91,0.91,normal,normal,alta,13,historico dia_util,2.0
C18SC002050U,3,,dia_util,0.0,0.0037,0.01,-0.37,-0.37,normal,normal,alta,13,historico dia_util,2.0
C18SC002050U,4,,dia_util,0.0,0.1914,0.3583,-0.53,-0.53,normal,normal,alta,13,historico dia_util,2.0
C18SC002050U,5,,dia_util,0.012,0.0098,0.0125,0.17,0.17,normal,normal,alta,13,historico dia_util,2.0
C18SC002050U,6,,dia_util,0.066,0.0805,0.0414,-0.35,-0.35,normal,normal,alta,13,historico dia_util,2.0
C18SC002050U,7,,dia_util,0.03,0.0698,0.0208,-1.92,-1.92,normal,normal,alta,13,historico dia_util,2.0
C18SC002050U,16,,dia_util,0.469,0.134,0.1571,2.13,2.13,desvio,acima,alta,14,historico dia_util,2.0
C18SC002050U,17,,dia_util,0.121,0.1274,0.1425,-0.05,-0.05,normal,normal,alta,14,historico dia_util,2.0
C18SC002050U,18,,dia_util,0.089,0.2271,0.1344,-1.03,-1.03,normal,normal,alta,14,historico dia_util,2.0
C18SC002050U,19,,dia_util,0.023,0.1131,0.0619,-1.46,-1.46,normal,normal,alta,14,historico dia_util,2.0
C18SC002050U,20,,dia_util,0.238,0.3023,0.2513,-0.26,-0.26,normal,normal,alta,10,historico dia_util,2.0
C18SC002050U,21,,dia_util,0.134,0.1468,0.0573,-0.22,-0.22,normal,normal,alta,10,historico dia_util,2.0
C18SC002050U,22,,dia_util,0.099,0.1294,0.0624,-0.49,-0.49,normal,normal,alta,10,historico dia_util,2.0
C18SC002050U,23,,dia_util,0.328,0.0809,0.0634,3.9,3.9,desvio,acima,alta,10,historico dia_util,2.0
C18SC002069,0,,dia_util,0.944,0.9176,0.2294,0.12,0.12,normal,normal,alta,20,historico dia_util,2.0
C18SC002069,1,,dia_util,0.953,0.9224,0.2306,0.13,0.13,normal,normal,alta,20,historico dia_util,2.0
C18SC002069,2,,dia_util,0.958,0.927,0.2317,0.13,0.13,normal,normal,alta,20,historico dia_util,2.0
C18SC002069,3,,dia_util,0.958,0.9281,0.232,0.13,0.13,normal,normal,alta,20,historico dia_util,2.0
C18SC002069,4,,dia_util,0.956,0.9281,0.232,0.12,0.12,normal,normal,alta,20,historico dia_util,2.0
C18SC002069,5,,dia_util,0.953,0.9266,0.2316,0.11,0.11,normal,normal,alta,20,historico dia_util,2.0
C18SC002069,6,,dia_util,0.953,0.9238,0.2309,0.13,0.13,normal,normal,alta,20,historico dia_util,2.0
C18SC002069,7,,dia_util,0.935,0.9098,0.2274,0.11,0.11,normal,normal,alta,20,historico dia_util,2.0
C18SC002069,8,,dia_util,0.93,0.9011,0.2253,0.13,0.13,normal,normal,alta,20,historico dia_util,2.0
C18SC002069,9,,dia_util,0.93,0.8979,0.2245,0.14,0.14,normal,normal,alta,20,historico dia_util,2.0
C18SC002069,10,,dia_util,0.931,0.8973,0.2243,0.15,0.15,normal,normal,alta,20,historico dia_util,2.0
C18SC002069,11,,dia_util,0.931,0.8958,0.224,0.16,0.16,normal,normal,alta,20,historico dia_util,2.0
C18SC002069,12,,dia_util,0.936,0.8989,0.2247,0.16,0.16,normal,normal,alta,20,historico dia_util,2.0
C18SC002069,13,,dia_util,0.931,0.8999,0.225,0.14,0.14,normal,normal,alta,20,historico dia_util,2.0
C18SC002069,14,,dia_util,0.932,0.9018,0.2255,0.13,0.13,normal,normal,alta,20,historico dia_util,2.0
C18SC002069,15,,dia_util,0.935,0.9035,0.2259,0.14,0.14,normal,normal,alta,20,historico dia_util,2.0
C18SC002069,16,,dia_util,0.939,0.9067,0.2267,0.14,0.14,normal,normal,alta,20,historico dia_util,2.0
C18SC002069,17,,dia_util,0.935,0.9042,0.2261,0.14,0.14,normal,normal,alta,20,historico dia_util,2.0
C18SC002069,18,,dia_util,0.936,0.9077,0.2269,0.12,0.12,normal,normal,alta,20,historico dia_util,2.0
C18SC002069,19,,dia_util,0.915,0.9043,0.2261,0.05,0.05,normal,normal,alta,20,historico dia_util,2.0
C18SC002069,20,,dia_util,0.909,0.8998,0.2249,0.04,0.04,normal,normal,alta,20,historico dia_util,2.0
C18SC002069,21,,dia_util,0.908,0.9014,0.2253,0.03,0.03,normal,normal,alta,20,historico dia_util,2.0
C18SC002069,22,,dia_util,0.917,0.909,0.2272,0.04,0.04,normal,normal,alta,20,historico dia_util,2.0
C18SC002069,23,,dia_util,0.942,0.9155,0.2289,0.12,0.12,normal,normal,alta,20,historico dia_util,2.0
C18SC002074,0,,dia_util,0.0,0.0,0.01,0.0,0.0,normal,normal,alta,17,historico dia_util,2.0
C18SC002074,1,,dia_util,0.0,0.0,0.01,0.0,0.0,normal,normal,alta,17,historico dia_util,2.0
C18SC002074,2,,dia_util,0.0,0.0,0.01,0.0,0.0,normal,normal,alta,17,historico dia_util,2.0
C18SC002074,3,,dia_util,0.0,0.0,0.01,0.0,0.0,normal,normal,alta,20,historico dia_util,2.0
C18SC002074,4,,dia_util,0.0,0.0,0.01,0.0,0.0,normal,normal,alta,20,historico dia_util,2.0
C18SC002074,5,,dia_util,0.0,0.0,0.01,0.0,0.0,normal,normal,alta,20,historico dia_util,2.0
C18SC002074,6,,dia_util,0.0,0.0,0.01,0.0,0.0,normal,normal,alta,20,historico dia_util,2.0
C18SC002074,7,,dia_util,0.0,0.0,0.01,0.0,0.0,normal,normal,alta,20,historico dia_util,2.0
C18SC002074,8,,dia_util,0.0,0.0,0.01,0.0,0.0,normal,normal,alta,20,historico dia_util,2.0
C18SC002074,9,,dia_util,0.0,0.0,0.01,0.0,0.0,normal,normal,alta,20,historico dia_util,2.0
C18SC002074,10,,dia_util,0.0,0.0,0.01,0.0,0.0,normal,normal,alta,20,historico dia_util,2.0
C18SC002074,11,,dia_util,0.0,0.0,0.01,0.0,0.0,normal,normal,alta,12,historico dia_util,2.0
C18SC002074,12,,dia_util,0.0,0.0,0.01,0.0,0.0,normal,normal,alta,12,historico dia_util,2.0
C18SC002074,13,,dia_util,0.0,0.0,0.01,0.0,0.0,normal,normal,alta,12,historico dia_util,2.0
C18SC002074,14,,dia_util,0.0,0.0,0.01,0.0,0.0,normal,normal,alta,12,historico dia_util,2.0
C18SC002074,15,,dia_util,0.0,0.0,0.01,0.0,0.0,normal,normal,alta,18,historico dia_util,2.0
C18SC002074,16,,dia_util,0.0,0.0,0.01,0.0,0.0,normal,normal,alta,18,historico dia_util,2.0
C18SC002074,17,,dia_util,0.0,0.0,0.01,0.0,0.0,normal,normal,alta,18,historico dia_util,2.0
C18SC002074,18,,dia_util,0.0,0.0,0.01,0.0,0.0,normal,normal,alta,18,historico dia_util,2.0
C18SC002074,19,,dia_util,0.0,0.0,0.01,0.0,0.0,normal,normal,alta,14,historico dia_util,2.0
C18SC002074,20,,dia_util,0.0,0.0,0.01,0.0,0.0,normal,normal,alta,14,historico dia_util,2.0
C18SC002074,21,,dia_util,0.0,0.0,0.01,0.0,0.0,normal,normal,alta,14,historico dia_util,2.0
C18SC002074,22,,dia_util,0.0,0.0,0.01,0.0,0.0,normal,normal,alta,14,historico dia_util,2.0
C18SC002074,23,,dia_util,0.0,0.0,0.01,0.0,0.0,normal,normal,alta,17,historico dia_util,2.0
C18SC002075,0,,dia_util,0.0,0.0,0.01,0.0,0.0,normal,normal,alta,20,historico dia_util,2.0
C18SC002075,1,,dia_util,0.0,0.0,0.01,0.0,0.0,normal,normal,alta,20,historico dia_util,2.0
C18SC002075,2,,dia_util,0.0,0.0,0.01,0.0,0.0,normal,normal,alta,19,historico dia_util,2.0
C18SC002075,3,,dia_util,0.0,0.0,0.01,0.0,0.0,normal,normal,alta,19,historico dia_util,2.0
C18SC002075,4,,dia_util,0.0,0.0,0.01,0.0,0.0,normal,normal,alta,19,historico dia_util,2.0
C18SC002075,5,,dia_util,0.0,0.0,0.01,0.0,0.0,normal,normal,alta,19,historico dia_util,2.0
C18SC002075,6,,dia_util,0.0,0.0,0.01,0.0,0.0,normal,normal,alta,20,historico dia_util,2.0
C18SC002075,7,,dia_util,0.0,0.0,0.01,0.0,0.0,normal,normal,alta,20,historico dia_util,2.0
C18SC002075,8,,dia_util,0.0,0.0,0.01,0.0,0.0,normal,normal,alta,20,historico dia_util,2.0
C18SC002075,9,,dia_util,0.0,0.0,0.01,0.0,0.0,normal,normal,alta,20,historico dia_util,2.0
C18SC002075,10,,dia_util,0.0,0.0,0.01,0.0,0.0,normal,normal,alta,20,historico dia_util,2.0
C18SC002075,11,,dia_util,0.0,0.0,0.01,0.0,0.0,normal,normal,alta,20,historico dia_util,2.0
C18SC002075,12,,dia_util,0.0,0.0,0.01,0.0,0.0,normal,normal,alta,20,historico dia_util,2.0
C18SC002075,13,,dia_util,0.0,0.0,0.01,0.0,0.0,normal,normal,alta,20,historico dia_util,2.0
C18SC002075,14,,dia_util,0.0,0.0,0.01,0.0,0.0,normal,normal,alta,19,historico dia_util,2.0
C18SC002075,15,,dia_util,0.0,0.0,0.01,0.0,0.0,normal,normal,alta,19,historico dia_util,2.0
C18SC002075,16,,dia_util,0.0,0.0,0.01,0.0,0.0,normal,normal,alta,19,historico dia_util,2.0
C18SC002075,17,,dia_util,0.0,0.0,0.01,0.0,0.0,normal,normal,alta,19,historico dia_util,2.0
C18SC002075,18,,dia_util,0.0,0.0,0.01,0.0,0.0,normal,normal,alta,20,historico dia_util,2.0
C18SC002075,19,,dia_util,0.0,0.0,0.01,0.0,0.0,normal,normal,alta,20,historico dia_util,2.0
C18SC002075,20,,dia_util,0.0,0.0,0.01,0.0,0.0,normal,normal,alta,20,historico dia_util,2.0
C18SC002075,21,,dia_util,0.0,0.0,0.01,0.0,0.0,normal,normal,alta,20,historico dia_util,2.0
C18SC002075,22,,dia_util,0.0,0.0,0.01,0.0,0.0,normal,normal,alta,19,historico dia_util,2.0
C18SC002075,23,,dia_util,0.0,0.0,0.01,0.0,0.0,normal,normal,alta,19,historico dia_util,2.0
C18SC002081,0,,dia_util,0.0,0.0,0.01,0.0,0.0,normal,normal,alta,14,historico dia_util,2.0
C18SC002081,1,,dia_util,0.0,0.0,0.01,0.0,0.0,normal,normal,alta,16,historico dia_util,2.0
C18SC002081,2,,dia_util,0.0,0.0,0.01,0.0,0.0,normal,normal,alta,16,historico dia_util,2.0
C18SC002081,3,,dia_util,0.0,0.0,0.01,0.0,0.0,normal,normal,alta,16,historico dia_util,2.0
C18SC002081,4,,dia_util,0.0,0.0,0.01,0.0,0.0,normal,normal,alta,16,historico dia_util,2.0
C18SC002081,5,,dia_util,0.0,0.0,0.01,0.0,0.0,normal,normal,alta,17,historico dia_util,2.0
C18SC002081,6,,dia_util,0.0,0.0,0.01,0.0,0.0,normal,normal,alta,17,historico dia_util,2.0
C18SC002081,7,,dia_util,0.0,0.0,0.01,0.0,0.0,normal,normal,alta,17,historico dia_util,2.0
C18SC002081,8,,dia_util,0.0,0.0,0.01,0.0,0.0,normal,normal,alta,17,historico dia_util,2.0
C18SC002081,13,,dia_util,0.0,0.0,0.01,0.0,0.0,normal,normal,alta,16,historico dia_util,2.0
C18SC002081,14,,dia_util,0.0,0.0,0.01,0.0,0.0,normal,normal,alta,16,historico dia_util,2.0
C18SC002081,15,,dia_util,0.0,0.0,0.01,0.0,0.0,normal,normal,alta,16,historico dia_util,2.0
C18SC002081,16,,dia_util,0.0,0.0,0.01,0.0,0.0,normal,normal,alta,16,historico dia_util,2.0
C18SC002081,17,,dia_util,0.0,0.0,0.01,0.0,0.0,normal,normal,alta,17,historico dia_util,2.0
C18SC002081,18,,dia_util,0.0,0.0,0.01,0.0,0.0,normal,normal,alta,17,historico dia_util,2.0
C18SC002081,19,,dia_util,0.0,0.0,0.01,0.0,0.0,normal,normal,alta,17,historico dia_util,2.0
C18SC002081,20,,dia_util,0.0,0.0,0.01,0.0,0.0,normal,normal,alta,17,historico dia_util,2.0
C18SC002082,0,,dia_util,0.0,0.0,0.01,0.0,0.0,normal,normal,alta,16,historico dia_util,2.0
C18SC002082,1,,dia_util,0.0,0.0,0.01,0.0,0.0,normal,normal,alta,17,historico dia_util,2.0
C18SC002082,2,,dia_util,0.0,0.0,0.01,0.0,0.0,normal,normal,alta,17,historico dia_util,2.0
C18SC002082,3,,dia_util,0.0,0.0,0.01,0.0,0.0,normal,normal,alta,17,historico dia_util,2.0
C18SC002082,4,,dia_util,0.0,0.0,0.01,0.0,0.0,normal,normal,alta,17,historico dia_util,2.0
C18SC002082,5,,dia_util,0.0,0.0,0.01,0.0,0.0,normal,normal,alta,17,historico dia_util,2.0
C18SC002082,6,,dia_util,0.0,0.0,0.01,0.0,0.0,normal,normal,alta,17,historico dia_util,2.0
C18SC002082,7,,dia_util,0.0,0.0,0.01,0.0,0.0,normal,normal,alta,17,historico dia_util,2.0
C18SC002082,8,,dia_util,0.0,0.0,0.01,0.0,0.0,normal,normal,alta,17,historico dia_util,2.0
C18SC002082,9,,dia_util,0.0,0.0,0.01,0.0,0.0,normal,normal,alta,17,historico dia_util,2.0
C18SC002082,10,,dia_util,0.0,0.0,0.01,0.0,0.0,normal,normal,alta,15,historico dia_util,2.0
C18SC002082,11,,dia_util,0.0,0.0,0.01,0.0,0.0,normal,normal,alta,15,historico dia_util,2.0
C18SC002082,12,,dia_util,0.0,0.0,0.01,0.0,0.0,normal,normal,alta,15,historico dia_util,2.0
C18SC002082,13,,dia_util,0.0,0.0,0.01,0.0,0.0,normal,normal,alta,15,historico dia_util,2.0
C18SC002082,14,,dia_util,0.0,0.0,0.01,0.0,0.0,normal,normal,alta,16,historico dia_util,2.0
C18SC002082,15,,dia_util,0.0,0.0,0.01,0.0,0.0,normal,normal,alta,16,historico dia_util,2.0
C18SC002082,16,,dia_util,0.0,0.0,0.01,0.0,0.0,normal,normal,alta,16,historico dia_util,2.0
C18SC002082,17,,dia_util,0.0,0.0,0.01,0.0,0.0,normal,normal,alta,16,historico dia_util,2.0
C18SC002082,18,,dia_util,0.0,0.0,0.01,0.0,0.0,normal,normal,alta,17,historico dia_util,2.0
C18SC002082,19,,dia_util,0.0,0.0,0.01,0.0,0.0,normal,normal,alta,17,historico dia_util,2.0
C18SC002082,20,,dia_util,0.0,0.0,0.01,0.0,0.0,normal,normal,alta,17,historico dia_util,2.0
C18SC002082,21,,dia_util,0.0,0.0,0.01,0.0,0.0,normal,normal,alta,17,historico dia_util,2.0
C18SC002082,22,,dia_util,0.0,0.0,0.01,0.0,0.0,normal,normal,alta,17,historico dia_util,2.0
C18SC002082,23,,dia_util,0.0,0.0,0.01,0.0,0.0,normal,normal,alta,17,historico dia_util,2.0
C18SC002088,0,,dia_util,0.0,0.0,0.01,0.0,0.0,normal,normal,alta,20,historico dia_util,2.0
C18SC002088,1,,dia_util,0.0,0.0,0.01,0.0,0.0,normal,normal,alta,20,historico dia_util,2.0
C18SC002088,2,,dia_util,0.0,0.0,0.01,0.0,0.0,normal,normal,alta,20,historico dia_util,2.0
C18SC002088,3,,dia_util,0.0,0.0,0.01,0.0,0.0,normal,normal,alta,20,historico dia_util,2.0
C18SC002088,4,,dia_util,0.0,0.0,0.01,0.0,0.0,normal,normal,alta,20,historico dia_util,2.0
C18SC002088,5,,dia_util,0.0,0.0,0.01,0.0,0.0,normal,normal,alta,20,historico dia_util,2.0
C18SC002088,6,,dia_util,0.0,0.0,0.01,0.0,0.0,normal,normal,alta,20,historico dia_util,2.0
C18SC002088,7,,dia_util,0.0,0.0,0.01,0.0,0.0,normal,normal,alta,20,historico dia_util,2.0
C18SC002088,8,,dia_util,0.0,0.0,0.01,0.0,0.0,normal,normal,alta,20,historico dia_util,2.0
C18SC002088,9,,dia_util,0.0,0.0,0.01,0.0,0.0,normal,normal,alta,20,historico dia_util,2.0
C18SC002088,10,,dia_util,0.0,0.0,0.01,0.0,0.0,normal,normal,alta,20,historico dia_util,2.0
C18SC002088,11,,dia_util,0.0,0.0,0.01,0.0,0.0,normal,normal,alta,20,historico dia_util,2.0
C18SC002088,12,,dia_util,0.0,0.0,0.01,0.0,0.0,normal,normal,alta,20,historico dia_util,2.0
C18SC002088,13,,dia_util,0.0,0.0,0.01,0.0,0.0,normal,normal,alta,20,historico dia_util,2.0
C18SC002088,14,,dia_util,0.0,0.0,0.01,0.0,0.0,normal,normal,alta,20,historico dia_util,2.0
C18SC002088,15,,dia_util,0.0,0.0,0.01,0.0,0.0,normal,normal,alta,19,historico dia_util,2.0
C18SC002088,16,,dia_util,0.0,0.0,0.01,0.0,0.0,normal,normal,alta,19,historico dia_util,2.0
C18SC002088,17,,dia_util,0.0,0.0,0.01,0.0,0.0,normal,normal,alta,19,historico dia_util,2.0
C18SC002088,18,,dia_util,0.0,0.0,0.01,0.0,0.0,normal,normal,alta,19,historico dia_util,2.0
C18SC002088,19,,dia_util,0.0,0.0,0.01,0.0,0.0,normal,normal,alta,20,historico dia_util,2.0
C18SC002088,20,,dia_util,0.0,0.0,0.01,0.0,0.0,normal,normal,alta,20,historico dia_util,2.0
C18SC002088,21,,dia_util,0.0,0.0,0.01,0.0,0.0,normal,normal,alta,20,historico dia_util,2.0
C18SC002088,22,,dia_util,0.0,0.0,0.01,0.0,0.0,normal,normal,alta,20,historico dia_util,2.0
C18SC002088,23,,dia_util,0.0,0.0,0.01,0.0,0.0,normal,normal,alta,20,historico dia_util,2.0
C18SC002098,0,,dia_util,0.0,0.0,0.01,0.0,0.0,normal,normal,alta,20,historico dia_util,2.0
C18SC002098,1,,dia_util,0.0,0.0,0.01,0.0,0.0,normal,normal,alta,20,historico dia_util,2.0
C18SC002098,2,,dia_util,0.0,0.0,0.01,0.0,0.0,normal,normal,alta,20,historico dia_util,2.0
C18SC002098,3,,dia_util,0.0,0.0,0.01,0.0,0.0,normal,normal,alta,20,historico dia_util,2.0
C18SC002098,4,,dia_util,0.0,0.0,0.01,0.0,0.0,normal,normal,alta,20,historico dia_util,2.0
C18SC002098,5,,dia_util,0.0,0.0,0.01,0.0,0.0,normal,normal,alta,20,historico dia_util,2.0
C18SC002098,6,,dia_util,0.0,0.0,0.01,0.0,0.0,normal,normal,alta,20,historico dia_util,2.0
C18SC002098,7,,dia_util,0.0,0.0,0.01,0.0,0.0,normal,normal,alta,20,historico dia_util,2.0
C18SC002098,8,,dia_util,0.0,0.0,0.01,0.0,0.0,normal,normal,alta,20,historico dia_util,2.0
C18SC002098,9,,dia_util,0.0,0.0,0.01,0.0,0.0,normal,normal,alta,20,historico dia_util,2.0
C18SC002098,10,,dia_util,0.0,0.0,0.01,0.0,0.0,normal,normal,alta,20,historico dia_util,2.0
C18SC002098,11,,dia_util,0.0,0.0,0.01,0.0,0.0,normal,normal,alta,20,historico dia_util,2.0
C18SC002098,12,,dia_util,0.0,0.0,0.01,0.0,0.0,normal,normal,alta,20,historico dia_util,2.0
C18SC002098,13,,dia_util,0.0,0.0,0.01,0.0,0.0,normal,normal,alta,20,historico dia_util,2.0
C18SC002098,14,,dia_util,0.0,0.0,0.01,0.0,0.0,normal,normal,alta,20,historico dia_util,2.0
C18SC002098,15,,dia_util,0.0,0.0,0.01,0.0,0.0,normal,normal,alta,20,historico dia_util,2.0
C18SC002098,16,,dia_util,0.0,0.0,0.01,0.0,0.0,normal,normal,alta,20,historico dia_util,2.0
C18SC002098,17,,dia_util,0.0,0.0,0.01,0.0,0.0,normal,normal,alta,20,historico dia_util,2.0
C18SC002098,18,,dia_util,0.0,0.0,0.01,0.0,0.0,normal,normal,alta,20,historico dia_util,2.0
C18SC002098,19,,dia_util,0.0,0.0,0.01,0.0,0.0,normal,normal,alta,19,historico dia_util,2.0
C18SC002098,20,,dia_util,0.0,0.0,0.01,0.0,0.0,normal,normal,alta,19,historico dia_util,2.0
C18SC002098,21,,dia_util,0.0,0.0,0.01,0.0,0.0,normal,normal,alta,19,historico dia_util,2.0
C18SC002098,22,,dia_util,0.0,0.0,0.01,0.0,0.0,normal,normal,alta,18,historico dia_util,2.0
C18SC002098,23,,dia_util,0.0,0.0,0.01,0.0,0.0,normal,normal,alta,19,historico dia_util,2.0
C18SC002104,0,,dia_util,0.0,0.0,0.01,0.0,0.0,normal,normal,alta,18,historico dia_util,2.0
C18SC002104,1,,dia_util,0.0,0.0,0.01,0.0,0.0,normal,normal,alta,18,historico dia_util,2.0
C18SC002104,2,,dia_util,0.0,0.0,0.01,0.0,0.0,normal,normal,alta,18,historico dia_util,2.0
C18SC002104,3,,dia_util,0.0,0.0,0.01,0.0,0.0,normal,normal,alta,20,historico dia_util,2.0
C18SC002104,4,,dia_util,0.0,0.0,0.01,0.0,0.0,normal,normal,alta,20,historico dia_util,2.0
C18SC002104,5,,dia_util,0.0,0.0,0.01,0.0,0.0,normal,normal,alta,20,historico dia_util,2.0
C18SC002104,6,,dia_util,0.0,0.0,0.01,0.0,0.0,normal,normal,alta,20,historico dia_util,2.0
C18SC002104,7,,dia_util,0.0,0.0,0.01,0.0,0.0,normal,normal,alta,20,historico dia_util,2.0
C18SC002104,8,,dia_util,0.0,0.0,0.01,0.0,0.0,normal,normal,alta,20,historico dia_util,2.0
C18SC002104,9,,dia_util,0.0,0.0,0.01,0.0,0.0,normal,normal,alta,20,historico dia_util,2.0
C18SC002104,10,,dia_util,0.0,0.0,0.01,0.0,0.0,normal,normal,alta,20,historico dia_util,2.0
C18SC002104,11,,dia_util,0.0,0.0,0.01,0.0,0.0,normal,normal,alta,19,historico dia_util,2.0
C18SC002104,12,,dia_util,0.0,0.0,0.01,0.0,0.0,normal,normal,alta,19,historico dia_util,2.0
C18SC002104,13,,dia_util,0.0,0.0,0.01,0.0,0.0,normal,normal,alta,19,historico dia_util,2.0
C18SC002104,14,,dia_util,0.0,0.0,0.01,0.0,0.0,normal,normal,alta,19,historico dia_util,2.0
C18SC002104,15,,dia_util,0.0,0.0,0.01,0.0,0.0,normal,normal,alta,20,historico dia_util,2.0
C18SC002104,16,,dia_util,0.0,0.0,0.01,0.0,0.0,normal,normal,alta,20,historico dia_util,2.0
C18SC002104,17,,dia_util,0.0,0.0,0.01,0.0,0.0,normal,normal,alta,20,historico dia_util,2.0
C18SC002104,18,,dia_util,0.0,0.0,0.01,0.0,0.0,normal,normal,alta,20,historico dia_util,2.0
C18SC002104,19,,dia_util,0.0,0.0,0.01,0.0,0.0,normal,normal,alta,20,historico dia_util,2.0
C18SC002104,20,,dia_util,0.0,0.0,0.01,0.0,0.0,normal,normal,alta,20,historico dia_util,2.0
C18SC002104,21,,dia_util,0.0,0.0,0.01,0.0,0.0,normal,normal,alta,20,historico dia_util,2.0
C18SC002104,22,,dia_util,0.0,0.0,0.01,0.0,0.0,normal,normal,alta,20,historico dia_util,2.0
C18SC002104,23,,dia_util,0.0,0.0,0.01,0.0,0.0,normal,normal,alta,19,historico dia_util,2.0
C18SC002113,0,,dia_util,0.774,0.7426,0.1856,0.17,0.17,normal,normal,alta,20,historico dia_util,2.0
C18SC002113,1,,dia_util,0.769,0.699,0.1747,0.4,0.4,normal,normal,alta,20,historico dia_util,2.0
C18SC002113,2,,dia_util,0.608,0.6223,0.1556,-0.09,-0.09,normal,normal,alta,20,historico dia_util,2.0
C18SC002113,3,,dia_util,0.64,0.6109,0.1527,0.19,0.19,normal,normal,alta,20,historico dia_util,2.0
C18SC002113,4,,dia_util,0.655,0.6221,0.1555,0.21,0.21,normal,normal,alta,20,historico dia_util,2.0
C18SC002113,5,,dia_util,0.741,0.7216,0.1804,0.11,0.11,normal,normal,alta,20,historico dia_util,2.0
C18SC002113,6,,dia_util,1.031,1.0633,0.2658,-0.12,-0.12,normal,normal,alta,20,historico dia_util,2.0
C18SC002113,7,,dia_util,1.347,1.3052,0.3263,0.13,0.13,normal,normal,alta,20,historico dia_util,2.0
C18SC002113,8,,dia_util,1.121,1.3239,0.331,-0.61,-0.61,normal,normal,alta,19,historico dia_util,2.0
C18SC002113,9,,dia_util,0.948,1.1547,0.2887,-0.72,-0.72,normal,normal,alta,19,historico dia_util,2.0
C18SC002113,10,,dia_util,1.141,1.0762,0.2691,0.24,0.24,normal,normal,alta,19,historico dia_util,2.0
C18SC002113,11,,dia_util,0.94,1.1155,0.2789,-0.63,-0.63,normal,normal,alta,19,historico dia_util,2.0
C18SC002113,12,,dia_util,1.341,1.3926,1.0605,-0.05,-0.05,normal,normal,alta,19,historico dia_util,2.0
C18SC002113,13,,dia_util,1.215,1.0951,0.2738,0.44,0.44,normal,normal,alta,19,historico dia_util,2.0
C18SC002113,14,,dia_util,0.923,1.0202,0.255,-0.38,-0.38,normal,normal,alta,19,historico dia_util,2.0
C18SC002113,15,,dia_util,0.993,0.9724,0.2431,0.08,0.08,normal,normal,alta,19,historico dia_util,2.0
C18SC002113,20,,dia_util,7.295,1.5356,0.3839,10.0,15.0,desvio,acima,alta,20,historico dia_util,2.0
C18SC002113,21,,dia_util,1.227,1.3016,0.3254,-0.23,-0.23,normal,normal,alta,20,historico dia_util,2.0
C18SC002113,22,,dia_util,1.168,1.135,0.2837,0.12,0.12,normal,normal,alta,20,historico dia_util,2.0
C18SC002113,23,,dia_util,0.95,0.8942,0.2235,0.25,0.25,normal,normal,alta,20,historico dia_util,2.0
C18SC005951,0,,dia_util,0.0,0.0,0.01,0.0,0.0,normal,normal,alta,18,historico dia_util,2.0
C18SC005951,1,,dia_util,0.0,0.0,0.01,0.0,0.0,normal,normal,alta,18,historico dia_util,2.0
C18SC005951,3,,dia_util,0.0,0.0,0.01,0.0,0.0,normal,normal,alta,20,historico dia_util,2.0
C18SC005951,4,,dia_util,0.0,0.0,0.01,0.0,0.0,normal,normal,alta,20,historico dia_util,2.0
C18SC005951,5,,dia_util,0.0,0.0,0.01,0.0,0.0,normal,normal,alta,20,historico dia_util,2.0
C18SC005951,6,,dia_util,0.0,0.0,0.01,0.0,0.0,normal,normal,alta,15,historico dia_util,2.0
C18SC005951,7,,dia_util,0.0,0.0,0.01,0.0,0.0,normal,normal,alta,19,historico dia_util,2.0
C18SC005951,8,,dia_util,0.0,0.0,0.01,0.0,0.0,normal,normal,alta,19,historico dia_util,2.0
C18SC005951,9,,dia_util,0.0,0.0,0.01,0.0,0.0,normal,normal,alta,19,historico dia_util,2.0
C18SC005951,10,,dia_util,0.0,0.0,0.01,0.0,0.0,normal,normal,alta,17,historico dia_util,2.0
C18SC005951,11,,dia_util,0.0,-0.0001,0.01,0.01,0.01,normal,normal,alta,18,historico dia_util,2.0
C18SC005951,12,,dia_util,0.0,0.0,0.01,0.0,0.0,normal,normal,alta,18,historico dia_util,2.0
C18SC005951,13,,dia_util,0.0,0.0,0.01,0.0,0.0,normal,normal,alta,18,historico dia_util,2.0
C18SC005951,14,,dia_util,0.0,0.0,0.01,0.0,0.0,normal,normal,alta,16,historico dia_util,2.0
C18SC005951,15,,dia_util,0.0,0.0,0.01,0.0,0.0,normal,normal,alta,20,historico dia_util,2.0
C18SC005951,16,,dia_util,0.0,0.0,0.01,0.0,0.0,normal,normal,alta,20,historico dia_util,2.0
C18SC005951,17,,dia_util,0.0,0.0,0.01,0.0,0.0,normal,normal,alta,20,historico dia_util,2.0
C18SC005951,18,,dia_util,0.0,0.0,0.01,0.0,0.0,normal,normal,alta,19,historico dia_util,2.0
C18SC005951,19,,dia_util,0.0,0.0,0.01,0.0,0.0,normal,normal,alta,18,historico dia_util,2.0
C18SC005951,20,,dia_util,0.0,0.0,0.01,0.0,0.0,normal,normal,alta,18,historico dia_util,2.0
C18SC005951,21,,dia_util,0.0,0.0,0.01,0.0,0.0,normal,normal,alta,18,historico dia_util,2.0
C18SC005951,22,,dia_util,0.0,0.0,0.01,0.0,0.0,normal,normal,alta,14,historico dia_util,2.0
C18SC005951,23,,dia_util,0.0,0.0,0.01,0.0,0.0,normal,normal,alta,18,historico dia_util,2.0
C18SC005955,0,,dia_util,0.044,0.018,0.0227,1.15,1.15,normal,normal,alta,20,historico dia_util,2.0
C18SC005955,1,,dia_util,0.044,0.0179,0.0226,1.15,1.15,normal,normal,alta,20,historico dia_util,2.0
C18SC005955,2,,dia_util,0.044,0.0178,0.0224,1.17,1.17,normal,normal,alta,20,historico dia_util,2.0
C18SC005955,3,,dia_util,0.697,0.6241,0.215,0.34,0.34,normal,normal,alta,20,historico dia_util,2.0
C18SC005955,4,,dia_util,0.043,0.1656,0.2087,-0.59,-0.59,normal,normal,alta,20,historico dia_util,2.0
C18SC005955,5,,dia_util,0.043,0.0178,0.0224,1.13,1.13,normal,normal,alta,20,historico dia_util,2.0
C18SC005955,6,,dia_util,0.044,0.0177,0.0223,1.17,1.17,normal,normal,alta,20,historico dia_util,2.0
C18SC005955,7,,dia_util,0.043,0.0175,0.022,1.16,1.16,normal,normal,alta,20,historico dia_util,2.0
C18SC005955,8,,dia_util,0.043,0.0172,0.0217,1.19,1.19,normal,normal,alta,20,historico dia_util,2.0
C18SC005955,9,,dia_util,0.042,0.017,0.0215,1.16,1.16,normal,normal,alta,20,historico dia_util,2.0
C18SC005955,10,,dia_util,0.042,0.0175,0.022,1.11,1.11,normal,normal,alta,20,historico dia_util,2.0
C18SC005955,11,,dia_util,0.043,0.0173,0.0218,1.17,1.17,normal,normal,alta,20,historico dia_util,2.0
C18SC005955,12,,dia_util,0.042,0.0175,0.022,1.11,1.11,normal,normal,alta,20,historico dia_util,2.0
C18SC005955,13,,dia_util,0.043,0.0174,0.0219,1.17,1.17,normal,normal,alta,20,historico dia_util,2.0
C18SC005955,14,,dia_util,0.042,0.0173,0.0216,1.15,1.15,normal,normal,alta,20,historico dia_util,2.0
C18SC005955,15,,dia_util,0.043,0.0173,0.0218,1.17,1.17,normal,normal,alta,20,historico dia_util,2.0
C18SC005955,16,,dia_util,0.043,0.0172,0.0216,1.19,1.19,normal,normal,alta,20,historico dia_util,2.0
C18SC005955,17,,dia_util,0.686,0.7179,0.3308,-0.1,-0.1,normal,normal,alta,20,historico dia_util,2.0
C18SC005955,18,,dia_util,0.043,0.0201,0.0228,1.0,1.0,normal,normal,alta,20,historico dia_util,2.0
C18SC005955,19,,dia_util,0.044,0.0198,0.0225,1.08,1.08,normal,normal,alta,20,historico dia_util,2.0
C18SC005955,20,,dia_util,0.042,0.0198,0.0224,0.99,0.99,normal,normal,alta,20,historico dia_util,2.0
C18SC005955,21,,dia_util,0.042,0.0198,0.0225,0.99,0.99,normal,normal,alta,20,historico dia_util,2.0
C18SC005955,22,,dia_util,0.042,0.0193,0.0219,1.04,1.04,normal,normal,alta,20,historico dia_util,2.0
C18SC005955,23,,dia_util,0.042,0.019,0.0216,1.06,1.06,normal,normal,alta,20,historico dia_util,2.0
C18SC005956,0,,dia_util,0.0,0.0,0.01,0.0,0.0,normal,normal,alta,20,historico dia_util,2.0
C18SC005956,1,,dia_util,0.0,0.0,0.01,0.0,0.0,normal,normal,alta,20,historico dia_util,2.0
C18SC005956,2,,dia_util,0.0,0.0,0.01,0.0,0.0,normal,normal,alta,20,historico dia_util,2.0
C18SC005956,3,,dia_util,0.0,0.0,0.01,0.0,0.0,normal,normal,alta,20,historico dia_util,2.0
C18SC005956,4,,dia_util,0.0,0.0,0.01,0.0,0.0,normal,normal,alta,20,historico dia_util,2.0
C18SC005956,5,,dia_util,0.0,0.0,0.01,0.0,0.0,normal,normal,alta,20,historico dia_util,2.0
C18SC005956,6,,dia_util,0.0,0.0,0.01,0.0,0.0,normal,normal,alta,20,historico dia_util,2.0
C18SC005956,7,,dia_util,0.0,0.0,0.01,0.0,0.0,normal,normal,alta,20,historico dia_util,2.0
C18SC005956,8,,dia_util,0.0,0.0,0.01,0.0,0.0,normal,normal,alta,20,historico dia_util,2.0
C18SC005956,9,,dia_util,0.0,0.0,0.01,0.0,0.0,normal,normal,alta,20,historico dia_util,2.0
C18SC005956,10,,dia_util,0.0,0.0,0.01,0.0,0.0,normal,normal,alta,20,historico dia_util,2.0
C18SC005956,11,,dia_util,0.0,0.0,0.01,0.0,0.0,normal,normal,alta,20,historico dia_util,2.0
C18SC005956,12,,dia_util,0.0,0.0,0.01,0.0,0.0,normal,normal,alta,20,historico dia_util,2.0
C18SC005956,13,,dia_util,0.0,0.0,0.01,0.0,0.0,normal,normal,alta,20,historico dia_util,2.0
C18SC005956,14,,dia_util,0.0,0.0,0.01,0.0,0.0,normal,normal,alta,20,historico dia_util,2.0
C18SC005956,15,,dia_util,0.0,0.0,0.01,0.0,0.0,normal,normal,alta,20,historico dia_util,2.0
C18SC005956,16,,dia_util,0.0,0.0,0.01,0.0,0.0,normal,normal,alta,20,historico dia_util,2.0
C18SC005956,17,,dia_util,0.0,0.0,0.01,0.0,0.0,normal,normal,alta,20,historico dia_util,2.0
C18SC005956,18,,dia_util,0.0,0.0,0.01,0.0,0.0,normal,normal,alta,20,historico dia_util,2.0
C18SC005956,19,,dia_util,0.0,0.0361,0.1614,-0.22,-0.22,normal,normal,alta,20,historico dia_util,2.0
C18SC005956,20,,dia_util,0.0,0.0234,0.1046,-0.22,-0.22,normal,normal,alta,20,historico dia_util,2.0
C18SC005956,21,,dia_util,0.0,0.0,0.01,0.0,0.0,normal,normal,alta,20,historico dia_util,2.0
C18SC005956,22,,dia_util,0.0,0.0,0.01,0.0,0.0,normal,normal,alta,20,historico dia_util,2.0
C18SC005956,23,,dia_util,0.0,0.0,0.01,0.0,0.0,normal,normal,alta,20,historico dia_util,2.0
C18SC005960J,0,,dia_util,0.03,0.122,0.132,-0.7,-0.7,normal,normal,alta,16,historico dia_util,2.0
C18SC005960J,1,,dia_util,0.032,0.0261,0.01,0.59,0.59,normal,normal,alta,17,historico dia_util,2.0
C18SC005960J,2,,dia_util,0.032,0.0264,0.01,0.56,0.56,normal,normal,alta,17,historico dia_util,2.0
C18SC005960J,3,,dia_util,0.032,0.0266,0.01,0.54,0.54,normal,normal,alta,17,historico dia_util,2.0
C18SC005960J,4,,dia_util,0.032,0.0266,0.01,0.54,0.54,normal,normal,alta,17,historico dia_util,2.0
C18SC005960J,5,,dia_util,0.032,0.0265,0.01,0.55,0.55,normal,normal,alta,17,historico dia_util,2.0
C18SC005960J,6,,dia_util,0.032,0.0265,0.01,0.55,0.55,normal,normal,alta,17,historico dia_util,2.0
C18SC005960J,7,,dia_util,0.032,0.0264,0.01,0.56,0.56,normal,normal,alta,17,historico dia_util,2.0
C18SC005960J,8,,dia_util,0.067,0.0316,0.0111,3.2,3.2,desvio,acima,alta,17,historico dia_util,2.0
C18SC005960J,9,,dia_util,0.049,0.0384,0.0189,0.56,0.56,normal,normal,alta,16,historico dia_util,2.0
C18SC005960J,10,,dia_util,0.028,0.0588,0.0694,-0.44,-0.44,normal,normal,alta,16,historico dia_util,2.0
C18SC005960J,11,,dia_util,0.036,0.0841,0.0952,-0.51,-0.51,normal,normal,alta,16,historico dia_util,2.0
C18SC005960J,12,,dia_util,0.037,0.0687,0.1103,-0.29,-0.29,normal,normal,alta,16,historico dia_util,2.0
C18SC005960J,13,,dia_util,0.043,0.0551,0.0408,-0.3,-0.3,normal,normal,alta,17,historico dia_util,2.0
C18SC005960J,14,,dia_util,0.035,0.0874,0.1694,-0.31,-0.31,normal,normal,alta,17,historico dia_util,2.0
C18SC005960J,15,,dia_util,0.034,0.1598,0.3085,-0.41,-0.41,normal,normal,alta,17,historico dia_util,2.0
C18SC005960J,16,,dia_util,0.043,0.1008,0.1795,-0.32,-0.32,normal,normal,alta,17,historico dia_util,2.0
C18SC005960J,17,,dia_util,0.071,0.087,0.055,-0.29,-0.29,normal,normal,alta,17,historico dia_util,2.0
C18SC005960J,18,,dia_util,0.136,0.0565,0.0249,3.2,3.2,desvio,acima,alta,17,historico dia_util,2.0
C18SC005960J,19,,dia_util,0.065,0.0751,0.0591,-0.17,-0.17,normal,normal,alta,17,historico dia_util,2.0
C18SC005960J,20,,dia_util,0.066,0.0992,0.0926,-0.36,-0.36,normal,normal,alta,17,historico dia_util,2.0
C18SC005960J,21,,dia_util,0.033,0.0766,0.0851,-0.51,-0.51,normal,normal,alta,17,historico dia_util,2.0
C18SC005960J,22,,dia_util,0.034,0.2905,0.2273,-1.13,-1.13,normal,normal,alta,17,historico dia_util,2.0
C18SC005960J,23,,dia_util,0.028,0.1717,0.1674,-0.86,-0.86,normal,normal,alta,17,historico dia_util,2.0
C18SC005963M,0,,dia_util,0.132,0.1292,0.0736,0.04,0.04,normal,normal,alta,14,historico dia_util,2.0
C18SC005963M,1,,dia_util,0.089,0.0978,0.0426,-0.21,-0.21,normal,normal,alta,14,historico dia_util,2.0
C18SC005963M,2,,dia_util,0.055,0.6115,0.9332,-0.6,-0.6,normal,normal,alta,13,historico dia_util,2.0
C18SC005963M,3,,dia_util,0.031,0.0348,0.028,-0.13,-0.13,normal,normal,alta,13,historico dia_util,2.0
C18SC005963M,4,,dia_util,0.022,0.0295,0.0215,-0.35,-0.35,normal,normal,alta,13,historico dia_util,2.0
C18SC005963M,5,,dia_util,0.012,0.0244,0.0179,-0.69,-0.69,normal,normal,alta,13,historico dia_util,2.0
C18SC005963M,6,,dia_util,0.024,0.0971,0.1438,-0.51,-0.51,normal,normal,alta,18,historico dia_util,2.0
C18SC005963M,7,,dia_util,0.179,0.1028,0.047,1.62,1.62,normal,normal,alta,18,historico dia_util,2.0
C18SC005963M,8,,dia_util,0.271,0.3134,0.0801,-0.53,-0.53,normal,normal,alta,18,historico dia_util,2.0
C18SC005963M,9,,dia_util,0.324,0.2383,0.0667,1.29,1.29,normal,normal,alta,18,historico dia_util,2.0
C18SC005963M,10,,dia_util,0.138,0.2843,0.2483,-0.59,-0.59,normal,normal,alta,18,historico dia_util,2.0
C18SC005963M,11,,dia_util,0.146,0.1981,0.0649,-0.8,-0.8,normal,normal,alta,18,historico dia_util,2.0
C18SC005963M,12,,dia_util,0.336,0.2403,0.0921,1.04,1.04,normal,normal,alta,18,historico dia_util,2.0
C18SC005963M,13,,dia_util,0.194,0.2541,0.0748,-0.8,-0.8,normal,normal,alta,18,historico dia_util,2.0
C18SC005963M,14,,dia_util,0.267,0.4306,0.2625,-0.62,-0.62,normal,normal,alta,16,historico dia_util,2.0
C18SC005963M,15,,dia_util,0.192,0.2399,0.1179,-0.41,-0.41,normal,normal,alta,16,historico dia_util,2.0
C18SC005963M,16,,dia_util,0.238,0.2222,0.0831,0.19,0.19,normal,normal,alta,16,historico dia_util,2.0
C18SC005963M,17,,dia_util,0.296,0.2389,0.0861,0.66,0.66,normal,normal,alta,16,historico dia_util,2.0
C18SC005963M,18,,dia_util,0.238,0.5007,0.4098,-0.64,-0.64,normal,normal,alta,13,historico dia_util,2.0
C18SC005963M,19,,dia_util,0.413,0.3672,0.0918,0.5,0.5,normal,normal,alta,13,historico dia_util,2.0
C18SC005963M,20,,dia_util,0.549,0.4555,0.1386,0.67,0.67,normal,normal,alta,13,historico dia_util,2.0
C18SC005963M,21,,dia_util,0.539,0.4709,0.1177,0.58,0.58,normal,normal,alta,13,historico dia_util,2.0
C18SC005963M,22,,dia_util,0.385,0.6723,0.7475,-0.38,-0.38,normal,normal,alta,14,historico dia_util,2.0
C18SC005963M,23,,dia_util,0.429,0.3135,0.0959,1.2,1.2,normal,normal,alta,14,historico dia_util,2.0
C20LB001379,1,,dia_util,0.025,0.0097,0.0168,0.91,0.91,normal,normal,alta,20,historico dia_util,2.0
C20LB001379,2,,dia_util,0.004,0.0084,0.016,-0.27,-0.27,normal,normal,alta,20,historico dia_util,2.0
C20LB001379,3,,dia_util,0.005,0.0085,0.016,-0.22,-0.22,normal,normal,alta,20,historico dia_util,2.0
C20LB001379,4,,dia_util,0.004,0.0079,0.0157,-0.25,-0.25,normal,normal,alta,20,historico dia_util,2.0
C20LB001379,5,,dia_util,0.005,0.0087,0.0154,-0.24,-0.24,normal,normal,alta,20,historico dia_util,2.0
C20LB001379,6,,dia_util,0.005,0.0086,0.0154,-0.23,-0.23,normal,normal,alta,20,historico dia_util,2.0
C20LB001379,7,,dia_util,0.007,0.0131,0.0174,-0.35,-0.35,normal,normal,alta,20,historico dia_util,2.0
C20LB001379,8,,dia_util,0.081,0.1048,0.0918,-0.26,-0.26,normal,normal,alta,20,historico dia_util,2.0
C20LB001379,9,,dia_util,0.039,0.0775,0.103,-0.37,-0.37,normal,normal,alta,20,historico dia_util,2.0
C20LB001379,10,,dia_util,0.053,0.0829,0.0672,-0.45,-0.45,normal,normal,alta,20,historico dia_util,2.0
C20LB001379,11,,dia_util,0.105,0.1008,0.0309,0.14,0.14,normal,normal,alta,20,historico dia_util,2.0
C20LB001379,12,,dia_util,0.335,0.3921,0.1178,-0.48,-0.48,normal,normal,alta,20,historico dia_util,2.0
C20LB001379,13,,dia_util,0.157,0.183,0.0722,-0.36,-0.36,normal,normal,alta,20,historico dia_util,2.0
C20LB001379,14,,dia_util,0.083,0.107,0.0354,-0.68,-0.68,normal,normal,alta,20,historico dia_util,2.0
C20LB001379,15,,dia_util,0.066,0.1035,0.1151,-0.33,-0.33,normal,normal,alta,20,historico dia_util,2.0
C20LB001379,16,,dia_util,0.112,0.0869,0.1163,0.22,0.22,normal,normal,alta,20,historico dia_util,2.0
C20LB001379,17,,dia_util,0.019,0.0478,0.0277,-1.04,-1.04,normal,normal,alta,20,historico dia_util,2.0
C20LB001379,18,,dia_util,0.015,0.0285,0.02,-0.67,-0.67,normal,normal,alta,20,historico dia_util,2.0
C20LB001379,19,,dia_util,0.005,0.0133,0.0226,-0.37,-0.37,normal,normal,alta,20,historico dia_util,2.0
C20LB001379,20,,dia_util,0.005,0.0072,0.0145,-0.15,-0.15,normal,normal,alta,20,historico dia_util,2.0
C20LB001379,21,,dia_util,0.005,0.0077,0.0143,-0.19,-0.19,normal,normal,alta,19,historico dia_util,2.0
C20LB001379,22,,dia_util,0.004,0.0088,0.0155,-0.31,-0.31,normal,normal,alta,19,historico dia_util,2.0
C20LB001379,23,,dia_util,0.005,0.0085,0.0156,-0.23,-0.23,normal,normal,alta,19,historico dia_util,2.0
C21FE001327,0,,dia_util,0.0,0.0,0.01,0.0,0.0,normal,normal,alta,17,historico dia_util,2.0
C21FE001327,1,,dia_util,0.0,0.0,0.01,0.0,0.0,normal,normal,alta,17,historico dia_util,2.0
C21FE001327,2,,dia_util,0.0,0.0,0.01,0.0,0.0,normal,normal,alta,20,historico dia_util,2.0
C21FE001327,3,,dia_util,0.0,0.0,0.01,0.0,0.0,normal,normal,alta,20,historico dia_util,2.0
C21FE001327,4,,dia_util,0.0,0.0,0.01,0.0,0.0,normal,normal,alta,20,historico dia_util,2.0
C21FE001327,5,,dia_util,0.0,0.0,0.01,0.0,0.0,normal,normal,alta,20,historico dia_util,2.0
C21FE001327,6,,dia_util,0.0,0.0,0.01,0.0,0.0,normal,normal,alta,20,historico dia_util,2.0
C21FE001327,7,,dia_util,0.0,0.0,0.01,0.0,0.0,normal,normal,alta,20,historico dia_util,2.0
C21FE001327,8,,dia_util,0.0,0.0,0.01,0.0,0.0,normal,normal,alta,20,historico dia_util,2.0
C21FE001327,9,,dia_util,0.0,0.0,0.01,0.0,0.0,normal,normal,alta,20,historico dia_util,2.0
C21FE001327,10,,dia_util,0.0,0.0,0.01,0.0,0.0,normal,normal,alta,18,historico dia_util,2.0
C21FE001327,11,,dia_util,0.0,0.0,0.01,0.0,0.0,normal,normal,alta,18,historico dia_util,2.0
C21FE001327,12,,dia_util,0.0,0.0,0.01,0.0,0.0,normal,normal,alta,18,historico dia_util,2.0
C21FE001327,13,,dia_util,0.0,0.0,0.01,0.0,0.0,normal,normal,alta,18,historico dia_util,2.0
C21FE001327,14,,dia_util,0.0,0.0,0.01,0.0,0.0,normal,normal,alta,19,historico dia_util,2.0
C21FE001327,15,,dia_util,0.0,0.0,0.01,0.0,0.0,normal,normal,alta,19,historico dia_util,2.0
C21FE001327,16,,dia_util,0.0,0.0,0.01,0.0,0.0,normal,normal,alta,19,historico dia_util,2.0
C21FE001327,17,,dia_util,0.0,0.0,0.01,0.0,0.0,normal,normal,alta,19,historico dia_util,2.0
C21FE001327,18,,dia_util,0.0,0.0,0.01,0.0,0.0,normal,normal,alta,20,historico dia_util,2.0
C21FE001327,19,,dia_util,0.0,0.0,0.01,0.0,0.0,normal,normal,alta,20,historico dia_util,2.0
C21FE001327,20,,dia_util,0.0,0.0,0.01,0.0,0.0,normal,normal,alta,20,historico dia_util,2.0
C21FE001327,21,,dia_util,0.0,0.0,0.01,0.0,0.0,normal,normal,alta,20,historico dia_util,2.0
C21FE004002H,0,,dia_util,0.067,0.0264,0.0241,1.68,1.68,normal,normal,alta,20,historico dia_util,2.0
C21FE004002H,1,,dia_util,0.023,0.0181,0.0131,0.37,0.37,normal,normal,alta,20,historico dia_util,2.0
C21FE004002H,2,,dia_util,0.003,0.0048,0.01,-0.18,-0.18,normal,normal,alta,20,historico dia_util,2.0
C21FE004002H,3,,dia_util,0.001,0.004,0.01,-0.3,-0.3,normal,normal,alta,20,historico dia_util,2.0
C21FE004002H,4,,dia_util,0.001,0.0044,0.01,-0.34,-0.34,normal,normal,alta,20,historico dia_util,2.0
C21FE004002H,5,,dia_util,0.002,0.0037,0.01,-0.17,-0.17,normal,normal,alta,20,historico dia_util,2.0
C21FE004002H,6,,dia_util,0.001,0.0044,0.01,-0.34,-0.34,normal,normal,alta,20,historico dia_util,2.0
C21FE004002H,7,,dia_util,0.001,0.0047,0.01,-0.38,-0.38,normal,normal,alta,20,historico dia_util,2.0
C21FE004002H,8,,dia_util,0.002,0.0048,0.01,-0.28,-0.28,normal,normal,alta,20,historico dia_util,2.0
C21FE004002H,9,,dia_util,0.004,0.0054,0.01,-0.14,-0.14,normal,normal,alta,20,historico dia_util,2.0
C21FE004002H,10,,dia_util,0.02,0.0077,0.01,1.23,1.23,normal,normal,alta,20,historico dia_util,2.0
C21FE004002H,11,,dia_util,0.014,0.011,0.01,0.3,0.3,normal,normal,alta,20,historico dia_util,2.0
C21FE004002H,12,,dia_util,0.046,0.0698,0.1971,-0.12,-0.12,normal,normal,alta,20,historico dia_util,2.0
C21FE004002H,13,,dia_util,0.027,0.0283,0.025,-0.05,-0.05,normal,normal,alta,20,historico dia_util,2.0
C21FE004002H,14,,dia_util,0.034,0.0173,0.0157,1.06,1.06,normal,normal,alta,20,historico dia_util,2.0
C21FE004002H,15,,dia_util,0.01,0.0421,0.0448,-0.72,-0.72,normal,normal,alta,20,historico dia_util,2.0
C21FE004002H,16,,dia_util,0.039,0.0456,0.0622,-0.11,-0.11,normal,normal,alta,20,historico dia_util,2.0
C21FE004002H,17,,dia_util,0.019,0.0562,0.1107,-0.34,-0.34,normal,normal,alta,20,historico dia_util,2.0
C21FE004002H,18,,dia_util,0.01,0.022,0.01,-1.2,-1.2,normal,normal,alta,20,historico dia_util,2.0
C21FE004002H,19,,dia_util,0.027,0.0176,0.0103,0.91,0.91,normal,normal,alta,20,historico dia_util,2.0
C21FE004002H,20,,dia_util,0.006,0.013,0.0136,-0.51,-0.51,normal,normal,alta,20,historico dia_util,2.0
C21FE004002H,21,,dia_util,0.005,0.014,0.0141,-0.63,-0.63,normal,normal,alta,20,historico dia_util,2.0
C21FE004002H,22,,dia_util,0.014,0.0165,0.0132,-0.19,-0.19,normal,normal,alta,20,historico dia_util,2.0
C21FE004002H,23,,dia_util,0.015,0.0259,0.0237,-0.46,-0.46,normal,normal,alta,20,historico dia_util,2.0
C21FE004003I,0,,dia_util,0.0,0.0,0.01,0.0,0.0,normal,normal,alta,17,historico dia_util,2.0
C21FE004003I,1,,dia_util,0.0,0.0,0.01,0.0,0.0,normal,normal,alta,17,historico dia_util,2.0
C21FE004003I,2,,dia_util,0.0,0.0,0.01,0.0,0.0,normal,normal,alta,17,historico dia_util,2.0
C21FE004003I,3,,dia_util,0.0,0.0,0.01,0.0,0.0,normal,normal,alta,17,historico dia_util,2.0
C21FE004003I,4,,dia_util,0.0,0.0,0.01,0.0,0.0,normal,normal,alta,17,historico dia_util,2.0
C21FE004003I,5,,dia_util,0.0,0.0,0.01,0.0,0.0,normal,normal,alta,17,historico dia_util,2.0
C21FE004003I,6,,dia_util,0.0,0.0,0.01,0.0,0.0,normal,normal,alta,16,historico dia_util,2.0
C21FE004003I,7,,dia_util,0.0,0.0,0.01,0.0,0.0,normal,normal,alta,16,historico dia_util,2.0
C21FE004003I,8,,dia_util,0.0,0.0,0.01,0.0,0.0,normal,normal,alta,16,historico dia_util,2.0
C21FE004003I,9,,dia_util,0.0,0.0,0.01,0.0,0.0,normal,normal,alta,16,historico dia_util,2.0
C21FE004003I,10,,dia_util,0.0,0.0,0.01,0.0,0.0,normal,normal,alta,16,historico dia_util,2.0
C21FE004003I,11,,dia_util,0.0,0.0,0.01,0.0,0.0,normal,normal,alta,16,historico dia_util,2.0
C21FE004003I,12,,dia_util,0.0,0.0,0.01,0.0,0.0,normal,normal,alta,16,historico dia_util,2.0
C21FE004003I,13,,dia_util,0.0,0.0,0.01,0.0,0.0,normal,normal,alta,16,historico dia_util,2.0
C21FE004003I,18,,dia_util,0.0,0.0,0.01,0.0,0.0,normal,normal,alta,17,historico dia_util,2.0
C21FE004003I,19,,dia_util,0.0,0.0,0.01,0.0,0.0,normal,normal,alta,17,historico dia_util,2.0
C21FE004003I,20,,dia_util,0.0,0.0,0.01,0.0,0.0,normal,normal,alta,17,historico dia_util,2.0
C21FE004003I,21,,dia_util,0.0,0.0,0.01,0.0,0.0,normal,normal,alta,17,historico dia_util,2.0
C21FE004003I,22,,dia_util,0.0,0.0,0.01,0.0,0.0,normal,normal,alta,18,historico dia_util,2.0
C21FE004003I,23,,dia_util,0.0,0.0,0.01,0.0,0.0,normal,normal,alta,18,historico dia_util,2.0
C21FE010286W,0,,dia_util,0.0,0.0,0.01,0.0,0.0,normal,normal,alta,18,historico dia_util,2.0
C21FE010286W,1,,dia_util,0.0,0.0,0.01,0.0,0.0,normal,normal,alta,17,historico dia_util,2.0
C21FE010286W,2,,dia_util,0.0,0.0,0.01,0.0,0.0,normal,normal,alta,17,historico dia_util,2.0
C21FE010286W,3,,dia_util,0.0,0.0,0.01,0.0,0.0,normal,normal,alta,17,historico dia_util,2.0
C21FE010286W,4,,dia_util,0.0,0.0,0.01,0.0,0.0,normal,normal,alta,19,historico dia_util,2.0
C21FE010286W,5,,dia_util,0.0,0.0,0.01,0.0,0.0,normal,normal,alta,19,historico dia_util,2.0
C21FE010286W,6,,dia_util,0.0,0.0,0.01,0.0,0.0,normal,normal,alta,19,historico dia_util,2.0
C21FE010286W,7,,dia_util,0.0,0.0,0.01,0.0,0.0,normal,normal,alta,19,historico dia_util,2.0
C21FE010286W,8,,dia_util,0.0,0.0,0.01,0.0,0.0,normal,normal,alta,18,historico dia_util,2.0
C21FE010286W,9,,dia_util,0.0,0.0,0.01,0.0,0.0,normal,normal,alta,18,historico dia_util,2.0
C21FE010286W,10,,dia_util,0.0,0.0,0.01,0.0,0.0,normal,normal,alta,18,historico dia_util,2.0
C21FE010286W,11,,dia_util,0.0,0.0,0.01,0.0,0.0,normal,normal,alta,18,historico dia_util,2.0
C21FE010286W,12,,dia_util,0.0,0.0,0.01,0.0,0.0,normal,normal,alta,19,historico dia_util,2.0
C21FE010286W,13,,dia_util,0.0,0.0,0.01,0.0,0.0,normal,normal,alta,19,historico dia_util,2.0
C21FE010286W,14,,dia_util,0.0,0.0,0.01,0.0,0.0,normal,normal,alta,19,historico dia_util,2.0
C21FE010286W,15,,dia_util,0.0,0.0,0.01,0.0,0.0,normal,normal,alta,20,historico dia_util,2.0
C21FE010286W,16,,dia_util,0.0,0.0,0.01,0.0,0.0,normal,normal,alta,20,historico dia_util,2.0
C21FE010286W,17,,dia_util,0.0,0.0,0.01,0.0,0.0,normal,normal,alta,20,historico dia_util,2.0
C21FE010286W,18,,dia_util,0.0,0.0,0.01,0.0,0.0,normal,normal,alta,20,historico dia_util,2.0
C21FE010286W,19,,dia_util,0.0,0.0,0.01,0.0,0.0,normal,normal,alta,20,historico dia_util,2.0
C21FE010286W,20,,dia_util,0.0,0.0,0.01,0.0,0.0,normal,normal,alta,20,historico dia_util,2.0
C21FE010286W,21,,dia_util,0.0,0.0,0.01,0.0,0.0,normal,normal,alta,20,historico dia_util,2.0
C21FE010286W,22,,dia_util,0.0,0.0,0.01,0.0,0.0,normal,normal,alta,20,historico dia_util,2.0
C21FE010286W,23,,dia_util,0.0,0.0,0.01,0.0,0.0,normal,normal,alta,20,historico dia_util,2.0
C21FE010289Z,0,,dia_util,0.653,0.5413,0.4736,0.24,0.24,normal,normal,alta,20,historico dia_util,2.0
C21FE010289Z,1,,dia_util,0.66,0.5598,0.497,0.2,0.2,normal,normal,alta,19,historico dia_util,2.0
C21FE010289Z,2,,dia_util,0.669,0.5796,0.5133,0.17,0.17,normal,normal,alta,19,historico dia_util,2.0
C21FE010289Z,3,,dia_util,0.666,0.5868,0.5193,0.15,0.15,normal,normal,alta,19,historico dia_util,2.0
C21FE010289Z,4,,dia_util,0.666,0.5914,0.524,0.14,0.14,normal,normal,alta,19,historico dia_util,2.0
C21FE010289Z,5,,dia_util,0.667,0.5951,0.5301,0.14,0.14,normal,normal,alta,19,historico dia_util,2.0
C21FE010289Z,6,,dia_util,0.665,0.5956,0.5311,0.13,0.13,normal,normal,alta,19,historico dia_util,2.0
C21FE010289Z,7,,dia_util,0.655,0.5752,0.5131,0.16,0.16,normal,normal,alta,19,historico dia_util,2.0
C21FE010289Z,8,,dia_util,0.789,0.8064,0.4242,-0.04,-0.04,normal,normal,alta,19,historico dia_util,2.0
C21FE010289Z,9,,dia_util,0.505,0.9045,0.5245,-0.76,-0.76,normal,normal,alta,19,historico dia_util,2.0
C21FE010289Z,10,,dia_util,0.666,0.8793,0.5827,-0.37,-0.37,normal,normal,alta,19,historico dia_util,2.0
C21FE010289Z,11,,dia_util,0.833,1.0688,0.502,-0.47,-0.47,normal,normal,alta,19,historico dia_util,2.0
C21FE010289Z,12,,dia_util,0.761,1.1223,0.6255,-0.58,-0.58,normal,normal,alta,19,historico dia_util,2.0
C21FE010289Z,13,,dia_util,0.756,0.8949,0.4805,-0.29,-0.29,normal,normal,alta,19,historico dia_util,2.0
C21FE010289Z,14,,dia_util,0.846,0.7564,0.5475,0.16,0.16,normal,normal,alta,19,historico dia_util,2.0
C21FE010289Z,15,,dia_util,1.195,0.8134,0.6699,0.57,0.57,normal,normal,alta,20,historico dia_util,2.0
C21FE010289Z,16,,dia_util,2.441,0.8509,0.569,2.79,2.79,desvio,acima,alta,20,historico dia_util,2.0
C21FE010289Z,17,,dia_util,2.439,0.7832,0.5403,3.06,3.06,desvio,acima,alta,19,historico dia_util,2.0
C21FE010289Z,18,,dia_util,0.726,0.9874,0.4503,-0.58,-0.58,normal,normal,alta,19,historico dia_util,2.0
C21FE010289Z,19,,dia_util,1.366,1.3534,0.5757,0.02,0.02,normal,normal,alta,19,historico dia_util,2.0
C21FE010289Z,20,,dia_util,1.387,1.3689,0.573,0.03,0.03,normal,normal,alta,19,historico dia_util,2.0
C21FE010289Z,21,,dia_util,0.342,0.8251,0.6421,-0.75,-0.75,normal,normal,alta,20,historico dia_util,2.0
C21FE010289Z,22,,dia_util,0.287,0.5279,0.4361,-0.55,-0.55,normal,normal,alta,20,historico dia_util,2.0
C21FE010289Z,23,,dia_util,0.358,0.7826,0.4681,-0.91,-0.91,normal,normal,alta,20,historico dia_util,2.0
C22FC001476U,0,,dia_util,0.0,0.0,0.01,0.0,0.0,normal,normal,alta,19,historico dia_util,2.0
C22FC001476U,1,,dia_util,0.0,0.0,0.01,0.0,0.0,normal,normal,alta,18,historico dia_util,2.0
C22FC001476U,2,,dia_util,0.0,0.0,0.01,0.0,0.0,normal,normal,alta,18,historico dia_util,2.0
C22FC001476U,3,,dia_util,0.0,0.0,0.01,0.0,0.0,normal,normal,alta,18,historico dia_util,2.0
C22FC001476U,4,,dia_util,0.0,0.0,0.01,0.0,0.0,normal,normal,alta,18,historico dia_util,2.0
C22FC001476U,5,,dia_util,0.0,0.0,0.01,0.0,0.0,normal,normal,alta,18,historico dia_util,2.0
C22FC001476U,6,,dia_util,0.0,0.0,0.01,0.0,0.0,normal,normal,alta,18,historico dia_util,2.0
C22FC001476U,7,,dia_util,0.0,0.0,0.01,0.0,0.0,normal,normal,alta,18,historico dia_util,2.0
C22FC001476U,8,,dia_util,0.0,0.0,0.01,0.0,0.0,normal,normal,alta,18,historico dia_util,2.0
C22FC001476U,9,,dia_util,0.0,0.0,0.01,0.0,0.0,normal,normal,alta,18,historico dia_util,2.0
C22FC001476U,10,,dia_util,0.0,0.0,0.01,0.0,0.0,normal,normal,alta,18,historico dia_util,2.0
C22FC001476U,11,,dia_util,0.0,0.0,0.01,0.0,0.0,normal,normal,alta,18,historico dia_util,2.0
C22FC001476U,12,,dia_util,0.0,0.0,0.01,0.0,0.0,normal,normal,alta,18,historico dia_util,2.0
C22FC001476U,13,,dia_util,0.0,0.0,0.01,0.0,0.0,normal,normal,alta,18,historico dia_util,2.0
C22FC001476U,14,,dia_util,0.0,0.0,0.01,0.0,0.0,normal,normal,alta,18,historico dia_util,2.0
C22FC001476U,15,,dia_util,0.0,0.0,0.01,0.0,0.0,normal,normal,alta,19,historico dia_util,2.0
C22FC001476U,16,,dia_util,0.0,0.0,0.01,0.0,0.0,normal,normal,alta,19,historico dia_util,2.0
C22FC001476U,17,,dia_util,0.0,0.0,0.01,0.0,0.0,normal,normal,alta,19,historico dia_util,2.0
C22FC001476U,18,,dia_util,0.0,0.0,0.01,0.0,0.0,normal,normal,alta,19,historico dia_util,2.0
C22FC001476U,19,,dia_util,0.0,0.0,0.01,0.0,0.0,normal,normal,alta,19,historico dia_util,2.0
C22FC001476U,20,,dia_util,0.0,0.0,0.01,0.0,0.0,normal,normal,alta,19,historico dia_util,2.0
C22FC001476U,21,,dia_util,0.0,0.0,0.01,0.0,0.0,normal,normal,alta,19,historico dia_util,2.0
C22FC001476U,22,,dia_util,0.0,0.0,0.01,0.0,0.0,normal,normal,alta,19,historico dia_util,2.0
C22FC001476U,23,,dia_util,0.0,0.0,0.01,0.0,0.0,normal,normal,alta,19,historico dia_util,2.0
C22FC002058K,1,,dia_util,0.0,0.0,0.01,0.0,0.0,normal,normal,alta,14,historico dia_util,2.0
C22FC002058K,2,,dia_util,0.0,0.0,0.01,0.0,0.0,normal,normal,alta,14,historico dia_util,2.0
C22FC002058K,3,,dia_util,0.0,0.0,0.01,0.0,0.0,normal,normal,alta,14,historico dia_util,2.0
C22FC002058K,4,,dia_util,0.0,0.0,0.01,0.0,0.0,normal,normal,alta,14,historico dia_util,2.0
C22FC002058K,5,,dia_util,0.0,0.0,0.01,0.0,0.0,normal,normal,alta,14,historico dia_util,2.0
C22FC002058K,6,,dia_util,0.0,0.0,0.01,0.0,0.0,normal,normal,alta,15,historico dia_util,2.0
C22FC002058K,7,,dia_util,0.0,0.0,0.01,0.0,0.0,normal,normal,alta,15,historico dia_util,2.0
C22FC002058K,8,,dia_util,0.0,0.0,0.01,0.0,0.0,normal,normal,alta,15,historico dia_util,2.0
C22FC002058K,9,,dia_util,0.0,0.0,0.01,0.0,0.0,normal,normal,alta,14,historico dia_util,2.0
C22FC002058K,10,,dia_util,0.0,0.0,0.01,0.0,0.0,normal,normal,alta,14,historico dia_util,2.0
C22FC002058K,11,,dia_util,0.0,0.0,0.01,0.0,0.0,normal,normal,alta,14,historico dia_util,2.0
C22FC002058K,12,,dia_util,0.0,0.0,0.01,0.0,0.0,normal,normal,alta,14,historico dia_util,2.0
C22FC002058K,13,,dia_util,0.0,0.0,0.01,0.0,0.0,normal,normal,alta,16,historico dia_util,2.0
C22FC002058K,14,,dia_util,0.0,0.0,0.01,0.0,0.0,normal,normal,alta,16,historico dia_util,2.0
C22FC002058K,15,,dia_util,0.0,0.0,0.01,0.0,0.0,normal,normal,alta,17,historico dia_util,2.0
C22FC002058K,16,,dia_util,0.0,0.0,0.01,0.0,0.0,normal,normal,alta,17,historico dia_util,2.0
C22FC002058K,17,,dia_util,0.0,0.0,0.01,0.0,0.0,normal,normal,alta,15,historico dia_util,2.0
C22FC002058K,18,,dia_util,0.0,0.0,0.01,0.0,0.0,normal,normal,alta,16,historico dia_util,2.0
C22FC002058K,19,,dia_util,0.0,0.0,0.01,0.0,0.0,normal,normal,alta,16,historico dia_util,2.0
C22FC002058K,20,,dia_util,0.0,0.0,0.01,0.0,0.0,normal,normal,alta,16,historico dia_util,2.0
C22FC002164L,0,,dia_util,0.02,0.0832,0.2538,-0.25,-0.25,normal,normal,alta,17,historico dia_util,2.0
C22FC002164L,1,,dia_util,0.031,0.0184,0.01,1.26,1.26,normal,normal,alta,16,historico dia_util,2.0
C22FC002164L,2,,dia_util,0.013,0.0138,0.01,-0.08,-0.08,normal,normal,alta,16,historico dia_util,2.0
C22FC002164L,3,,dia_util,0.016,0.0162,0.01,-0.02,-0.02,normal,normal,alta,16,historico dia_util,2.0
C22FC002164L,4,,dia_util,0.02,0.028,0.023,-0.35,-0.35,normal,normal,alta,17,historico dia_util,2.0
C22FC002164L,5,,dia_util,0.04,0.0148,0.01,2.52,2.52,desvio,acima,alta,17,historico dia_util,2.0
C22FC002164L,6,,dia_util,0.029,0.0229,0.0211,0.29,0.29,normal,normal,alta,17,historico dia_util,2.0
C22FC002164L,7,,dia_util,0.078,0.0815,0.0239,-0.15,-0.15,normal,normal,alta,17,historico dia_util,2.0
C22FC002164L,8,,dia_util,0.052,0.0899,0.0287,-1.32,-1.32,normal,normal,alta,14,historico dia_util,2.0
C22FC002164L,9,,dia_util,0.088,0.0841,0.0696,0.06,0.06,normal,normal,alta,14,historico dia_util,2.0
C22FC002164L,10,,dia_util,0.019,0.0525,0.0324,-1.04,-1.04,normal,normal,alta,14,historico dia_util,2.0
C22FC002164L,11,,dia_util,0.082,0.0584,0.034,0.69,0.69,normal,normal,alta,14,historico dia_util,2.0
C22FC002164L,12,,dia_util,0.043,0.2374,0.3944,-0.49,-0.49,normal,normal,alta,15,historico dia_util,2.0
C22FC002164L,13,,dia_util,0.063,0.094,0.0386,-0.8,-0.8,normal,normal,alta,15,historico dia_util,2.0
C22FC002164L,14,,dia_util,0.074,0.0818,0.0585,-0.13,-0.13,normal,normal,alta,15,historico dia_util,2.0
C22FC002164L,15,,dia_util,0.132,0.0872,0.0796,0.56,0.56,normal,normal,alta,16,historico dia_util,2.0
C22FC002164L,16,,dia_util,0.223,0.1033,0.0903,1.33,1.33,normal,normal,alta,13,historico dia_util,2.0
C22FC002164L,17,,dia_util,0.045,0.0735,0.0233,-1.23,-1.23,normal,normal,alta,13,historico dia_util,2.0
C22FC002164L,18,,dia_util,0.02,0.1413,0.0976,-1.24,-1.24,normal,normal,alta,13,historico dia_util,2.0
C22FC002164L,19,,dia_util,0.061,0.1139,0.0624,-0.85,-0.85,normal,normal,alta,13,historico dia_util,2.0
C22FC002164L,20,,dia_util,0.116,0.3552,0.3934,-0.61,-0.61,normal,normal,alta,18,historico dia_util,2.0
C22FC002164L,21,,dia_util,0.2,0.1606,0.0731,0.54,0.54,normal,normal,alta,18,historico dia_util,2.0
C22FC002164L,22,,dia_util,0.036,0.0582,0.0366,-0.61,-0.61,normal,normal,alta,18,historico dia_util,2.0
C22FC002164L,23,,dia_util,0.226,0.0594,0.0519,3.21,3.21,desvio,acima,alta,18,historico dia_util,2.0
C22FC002165M,0,,dia_util,0.002,0.0021,0.01,-0.01,-0.01,normal,normal,alta,17,historico dia_util,2.0
C22FC002165M,1,,dia_util,0.0,0.002,0.01,-0.2,-0.2,normal,normal,alta,16,historico dia_util,2.0
C22FC002165M,2,,dia_util,0.001,0.0025,0.01,-0.15,-0.15,normal,normal,alta,16,historico dia_util,2.0
C22FC002165M,3,,dia_util,0.0,0.0037,0.01,-0.37,-0.37,normal,normal,alta,18,historico dia_util,2.0
C22FC002165M,4,,dia_util,0.0,0.002,0.01,-0.2,-0.2,normal,normal,alta,18,historico dia_util,2.0
C22FC002165M,5,,dia_util,0.004,0.002,0.01,0.2,0.2,normal,normal,alta,18,historico dia_util,2.0
C22FC002165M,6,,dia_util,0.023,0.025,0.0128,-0.16,-0.16,normal,normal,alta,18,historico dia_util,2.0
C22FC002165M,7,,dia_util,0.102,0.1044,0.0261,-0.09,-0.09,normal,normal,alta,19,historico dia_util,2.0
C22FC002165M,8,,dia_util,0.023,0.0668,0.023,-1.91,-1.91,normal,normal,alta,19,historico dia_util,2.0
C22FC002165M,9,,dia_util,0.049,0.0614,0.0249,-0.5,-0.5,normal,normal,alta,19,historico dia_util,2.0
C22FC002165M,10,,dia_util,0.071,0.0652,0.0342,0.17,0.17,normal,normal,alta,19,historico dia_util,2.0
C22FC002165M,11,,dia_util,0.028,0.0582,0.0238,-1.27,-1.27,normal,normal,alta,17,historico dia_util,2.0
C22FC002165M,12,,dia_util,0.06,0.0553,0.0163,0.29,0.29,normal,normal,alta,17,historico dia_util,2.0
C22FC002165M,13,,dia_util,0.071,0.0587,0.0259,0.48,0.48,normal,normal,alta,17,historico dia_util,2.0
C22FC002165M,14,,dia_util,0.115,0.0629,0.0288,1.81,1.81,normal,normal,alta,17,historico dia_util,2.0
C22FC002165M,15,,dia_util,0.016,0.0944,0.1348,-0.58,-0.58,normal,normal,alta,20,historico dia_util,2.0
C22FC002165M,16,,dia_util,0.01,0.0212,0.0171,-0.65,-0.65,normal,normal,alta,20,historico dia_util,2.0
C22FC002165M,17,,dia_util,0.095,0.0604,0.0429,0.81,0.81,normal,normal,alta,20,historico dia_util,2.0
C22FC002165M,18,,dia_util,0.098,0.0856,0.0489,0.25,0.25,normal,normal,alta,20,historico dia_util,2.0
C22FC002165M,19,,dia_util,0.103,0.1303,0.0571,-0.48,-0.48,normal,normal,alta,20,historico dia_util,2.0
C22FC002165M,20,,dia_util,0.096,0.126,0.0422,-0.71,-0.71,normal,normal,alta,20,historico dia_util,2.0
C22FC002165M,21,,dia_util,0.086,0.0973,0.0627,-0.18,-0.18,normal,normal,alta,20,historico dia_util,2.0
C22FC002165M,22,,dia_util,0.019,0.038,0.0228,-0.84,-0.84,normal,normal,alta,20,historico dia_util,2.0
C22FC002165M,23,,dia_util,0.022,0.0068,0.01,1.52,1.52,normal,normal,alta,19,historico dia_util,2.0
C22FC002170J,0,,dia_util,0.114,0.1593,0.0528,-0.86,-0.86,normal,normal,alta,20,historico dia_util,2.0
C22FC002170J,1,,dia_util,0.097,0.105,0.0284,-0.28,-0.28,normal,normal,alta,19,historico dia_util,2.0
C22FC002170J,2,,dia_util,0.079,0.0722,0.021,0.32,0.32,normal,normal,alta,19,historico dia_util,2.0
C22FC002170J,3,,dia_util,0.048,0.0473,0.0161,0.04,0.04,normal,normal,alta,19,historico dia_util,2.0
C22FC002170J,4,,dia_util,0.018,0.0291,0.01,-1.11,-1.11,normal,normal,alta,19,historico dia_util,2.0
C22FC002170J,5,,dia_util,0.016,0.0183,0.01,-0.23,-0.23,normal,normal,alta,19,historico dia_util,2.0
C22FC002170J,6,,dia_util,0.016,0.016,0.01,-0.0,-0.0,normal,normal,alta,19,historico dia_util,2.0
C22FC002170J,7,,dia_util,0.071,0.0574,0.0373,0.37,0.37,normal,normal,alta,19,historico dia_util,2.0
C22FC002170J,8,,dia_util,0.323,0.2317,0.0983,0.93,0.93,normal,normal,alta,19,historico dia_util,2.0
C22FC002170J,9,,dia_util,0.22,0.2811,0.0744,-0.82,-0.82,normal,normal,alta,19,historico dia_util,2.0
C22FC002170J,10,,dia_util,0.113,0.1861,0.0674,-1.08,-1.08,normal,normal,alta,19,historico dia_util,2.0
C22FC002170J,11,,dia_util,0.18,0.1783,0.0525,0.03,0.03,normal,normal,alta,19,historico dia_util,2.0
C22FC002170J,12,,dia_util,0.152,0.1926,0.0717,-0.57,-0.57,normal,normal,alta,19,historico dia_util,2.0
C22FC002170J,13,,dia_util,0.138,0.2379,0.0682,-1.46,-1.46,normal,normal,alta,19,historico dia_util,2.0
C22FC002170J,14,,dia_util,0.225,0.1832,0.0477,0.88,0.88,normal,normal,alta,19,historico dia_util,2.0
C22FC002170J,15,,dia_util,0.147,0.2037,0.0616,-0.92,-0.92,normal,normal,alta,19,historico dia_util,2.0
C22FC002170J,16,,dia_util,0.106,0.1489,0.0409,-1.05,-1.05,normal,normal,alta,20,historico dia_util,2.0
C22FC002170J,17,,dia_util,0.093,0.1217,0.0433,-0.66,-0.66,normal,normal,alta,19,historico dia_util,2.0
C22FC002170J,18,,dia_util,0.125,0.1277,0.0447,-0.06,-0.06,normal,normal,alta,19,historico dia_util,2.0
C22FC002170J,19,,dia_util,0.301,0.2201,0.0769,1.05,1.05,normal,normal,alta,19,historico dia_util,2.0
C22FC002170J,20,,dia_util,0.213,0.2826,0.0774,-0.9,-0.9,normal,normal,alta,19,historico dia_util,2.0
C22FC002170J,21,,dia_util,0.189,0.4059,0.203,-1.07,-1.07,normal,normal,alta,20,historico dia_util,2.0
C22FC002170J,22,,dia_util,0.5,0.3407,0.0852,1.87,1.87,normal,normal,alta,20,historico dia_util,2.0
C22FC002170J,23,,dia_util,0.111,0.1875,0.0529,-1.45,-1.45,normal,normal,alta,20,historico dia_util,2.0
C22FC002175O,0,,dia_util,0.129,0.0834,0.1066,0.43,0.43,normal,normal,alta,16,historico dia_util,2.0
C22FC002175O,1,,dia_util,0.0,0.0226,0.0267,-0.85,-0.85,normal,normal,alta,15,historico dia_util,2.0
C22FC002175O,2,,dia_util,0.0,0.0053,0.0104,-0.51,-0.51,normal,normal,alta,15,historico dia_util,2.0
C22FC002175O,3,,dia_util,0.0,0.0013,0.01,-0.13,-0.13,normal,normal,alta,15,historico dia_util,2.0
C22FC002175O,4,,dia_util,0.002,0.0171,0.0307,-0.49,-0.49,normal,normal,alta,18,historico dia_util,2.0
C22FC002175O,5,,dia_util,0.006,0.0173,0.01,-1.13,-1.13,normal,normal,alta,18,historico dia_util,2.0
C22FC002175O,6,,dia_util,0.026,0.0107,0.013,1.17,1.17,normal,normal,alta,18,historico dia_util,2.0
C22FC002175O,7,,dia_util,0.147,0.0912,0.0599,0.93,0.93,normal,normal,alta,18,historico dia_util,2.0
C22FC002175O,8,,dia_util,0.076,0.0558,0.0312,0.65,0.65,normal,normal,alta,17,historico dia_util,2.0
C22FC002175O,9,,dia_util,0.003,0.0174,0.0134,-1.07,-1.07,normal,normal,alta,17,historico dia_util,2.0
C22FC002175O,10,,dia_util,0.031,0.0261,0.0234,0.21,0.21,normal,normal,alta,17,historico dia_util,2.0
C22FC002175O,11,,dia_util,0.028,0.0558,0.0439,-0.63,-0.63,normal,normal,alta,17,historico dia_util,2.0
C22FC002175O,12,,dia_util,0.021,0.0561,0.0624,-0.56,-0.56,normal,normal,alta,16,historico dia_util,2.0
C22FC002175O,13,,dia_util,0.02,0.0416,0.0234,-0.92,-0.92,normal,normal,alta,16,historico dia_util,2.0
C22FC002175O,14,,dia_util,0.039,0.0533,0.0318,-0.45,-0.45,normal,normal,alta,16,historico dia_util,2.0
C22FC002175O,15,,dia_util,0.005,0.0268,0.0231,-0.95,-0.95,normal,normal,alta,17,historico dia_util,2.0
C22FC002175O,16,,dia_util,0.006,0.0433,0.0662,-0.56,-0.56,normal,normal,alta,19,historico dia_util,2.0
C22FC002175O,17,,dia_util,0.008,0.0275,0.0155,-1.26,-1.26,normal,normal,alta,19,historico dia_util,2.0
C22FC002175O,18,,dia_util,0.023,0.0443,0.0267,-0.8,-0.8,normal,normal,alta,19,historico dia_util,2.0
C22FC002175O,19,,dia_util,0.001,0.0733,0.0503,-1.44,-1.44,normal,normal,alta,19,historico dia_util,2.0
C22FC002175O,20,,dia_util,0.052,0.1009,0.1015,-0.48,-0.48,normal,normal,alta,19,historico dia_util,2.0
C22FC002175O,21,,dia_util,0.105,0.0897,0.0385,0.4,0.4,normal,normal,alta,19,historico dia_util,2.0
C22FC002175O,22,,dia_util,0.039,0.0295,0.0241,0.4,0.4,normal,normal,alta,19,historico dia_util,2.0
C22FC002175O,23,,dia_util,0.023,0.0572,0.0479,-0.71,-0.71,normal,normal,alta,19,historico dia_util,2.0
C22FC002177Q,0,,dia_util,0.0,0.0006,0.01,-0.06,-0.06,normal,normal,alta,20,historico dia_util,2.0
C22FC002177Q,1,,dia_util,0.0,0.0002,0.01,-0.02,-0.02,normal,normal,alta,19,historico dia_util,2.0
C22FC002177Q,2,,dia_util,0.0,0.0001,0.01,-0.01,-0.01,normal,normal,alta,19,historico dia_util,2.0
C22FC002177Q,3,,dia_util,0.0,0.0002,0.01,-0.02,-0.02,normal,normal,alta,19,historico dia_util,2.0
C22FC002177Q,4,,dia_util,0.0,0.0002,0.01,-0.02,-0.02,normal,normal,alta,19,historico dia_util,2.0
C22FC002177Q,5,,dia_util,0.0,0.0003,0.01,-0.03,-0.03,normal,normal,alta,19,historico dia_util,2.0
C22FC002177Q,6,,dia_util,0.001,0.0105,0.0204,-0.46,-0.46,normal,normal,alta,19,historico dia_util,2.0
C22FC002177Q,7,,dia_util,0.0,0.0367,0.076,-0.48,-0.48,normal,normal,alta,19,historico dia_util,2.0
C22FC002177Q,8,,dia_util,0.0,0.05,0.0769,-0.65,-0.65,normal,normal,alta,19,historico dia_util,2.0
C22FC002177Q,9,,dia_util,0.0,0.0432,0.0858,-0.5,-0.5,normal,normal,alta,19,historico dia_util,2.0
C22FC002177Q,10,,dia_util,0.0,0.0578,0.1049,-0.55,-0.55,normal,normal,alta,19,historico dia_util,2.0
C22FC002177Q,11,,dia_util,0.0,0.0569,0.0985,-0.58,-0.58,normal,normal,alta,19,historico dia_util,2.0
C22FC002177Q,12,,dia_util,0.0,0.0497,0.0984,-0.5,-0.5,normal,normal,alta,19,historico dia_util,2.0
C22FC002177Q,13,,dia_util,0.0,0.0222,0.0476,-0.47,-0.47,normal,normal,alta,19,historico dia_util,2.0
C22FC002177Q,14,,dia_util,0.0,0.0068,0.0168,-0.4,-0.4,normal,normal,alta,19,historico dia_util,2.0
C22FC002177Q,15,,dia_util,0.0,0.008,0.0272,-0.3,-0.3,normal,normal,alta,20,historico dia_util,2.0
C22FC002177Q,16,,dia_util,0.0,0.0446,0.0894,-0.5,-0.5,normal,normal,alta,20,historico dia_util,2.0
C22FC002177Q,17,,dia_util,0.0,0.0031,0.0103,-0.3,-0.3,normal,normal,alta,20,historico dia_util,2.0
C22FC002177Q,18,,dia_util,0.0,0.0024,0.0105,-0.23,-0.23,normal,normal,alta,20,historico dia_util,2.0
C22FC002177Q,19,,dia_util,0.0,0.0026,0.0109,-0.23,-0.23,normal,normal,alta,20,historico dia_util,2.0
C22FC002177Q,20,,dia_util,0.0,0.0026,0.0109,-0.23,-0.23,normal,normal,alta,20,historico dia_util,2.0
C22FC002177Q,21,,dia_util,0.0,0.0095,0.0323,-0.29,-0.29,normal,normal,alta,20,historico dia_util,2.0
C22FC002177Q,22,,dia_util,0.001,0.0039,0.0128,-0.22,-0.22,normal,normal,alta,20,historico dia_util,2.0
C22FC002177Q,23,,dia_util,0.0,0.0002,0.01,-0.02,-0.02,normal,normal,alta,20,historico dia_util,2.0
C22FE011956,0,,dia_util,0.0,0.0,0.01,0.0,0.0,normal,normal,alta,18,historico dia_util,2.0
C22FE011956,1,,dia_util,0.0,0.0,0.01,0.0,0.0,normal,normal,alta,19,historico dia_util,2.0
C22FE011956,2,,dia_util,0.0,0.0,0.01,0.0,0.0,normal,normal,alta,19,historico dia_util,2.0
C22FE011956,3,,dia_util,0.0,0.0,0.01,0.0,0.0,normal,normal,alta,19,historico dia_util,2.0
C22FE011956,4,,dia_util,0.0,0.0,0.01,0.0,0.0,normal,normal,alta,18,historico dia_util,2.0
C22FE011956,5,,dia_util,0.0,0.0,0.01,0.0,0.0,normal,normal,alta,18,historico dia_util,2.0
C22FE011956,6,,dia_util,0.0,0.0,0.01,0.0,0.0,normal,normal,alta,18,historico dia_util,2.0
C22FE011956,7,,dia_util,0.0,0.0,0.01,0.0,0.0,normal,normal,alta,18,historico dia_util,2.0
C22FE011956,8,,dia_util,0.0,0.0,0.01,0.0,0.0,normal,normal,alta,18,historico dia_util,2.0
C22FE011956,9,,dia_util,0.0,0.0,0.01,0.0,0.0,normal,normal,alta,18,historico dia_util,2.0
C22FE011956,10,,dia_util,0.0,0.0,0.01,0.0,0.0,normal,normal,alta,18,historico dia_util,2.0
C22FE011956,11,,dia_util,0.0,0.0,0.01,0.0,0.0,normal,normal,alta,18,historico dia_util,2.0
C22FE011956,12,,dia_util,0.0,0.0,0.01,0.0,0.0,normal,normal,alta,19,historico dia_util,2.0
C22FE011956,13,,dia_util,0.0,0.0,0.01,0.0,0.0,normal,normal,alta,19,historico dia_util,2.0
C22FE011956,14,,dia_util,0.0,0.0,0.01,0.0,0.0,normal,normal,alta,19,historico dia_util,2.0
C22FE011956,15,,dia_util,0.0,0.0,0.01,0.0,0.0,normal,normal,alta,19,historico dia_util,2.0
C22FE011956,16,,dia_util,0.0,0.0,0.01,0.0,0.0,normal,normal,alta,20,historico dia_util,2.0
C22FE011956,17,,dia_util,0.0,0.0,0.01,0.0,0.0,normal,normal,alta,20,historico dia_util,2.0
C22FE011956,18,,dia_util,0.0,0.0,0.01,0.0,0.0,normal,normal,alta,20,historico dia_util,2.0
C22FE011956,19,,dia_util,0.0,0.0,0.01,0.0,0.0,normal,normal,alta,20,historico dia_util,2.0
C22FE011956,20,,dia_util,0.0,0.0,0.01,0.0,0.0,normal,normal,alta,20,historico dia_util,2.0
C22FE011956,21,,dia_util,0.0,0.0,0.01,0.0,0.0,normal,normal,alta,20,historico dia_util,2.0
C22FE011956,22,,dia_util,0.0,0.0,0.01,0.0,0.0,normal,normal,alta,20,historico dia_util,2.0
C22FE011956,23,,dia_util,0.0,0.0,0.01,0.0,0.0,normal,normal,alta,20,historico dia_util,2.0
C22FE011961V,0,,dia_util,0.0,0.0,0.01,0.0,0.0,normal,normal,alta,13,historico dia_util,2.0
C22FE011961V,1,,dia_util,0.0,0.0,0.01,0.0,0.0,normal,normal,alta,13,historico dia_util,2.0
C22FE011961V,2,,dia_util,0.0,0.0,0.01,0.0,0.0,normal,normal,alta,13,historico dia_util,2.0
C22FE011961V,3,,dia_util,0.0,0.0,0.01,0.0,0.0,normal,normal,alta,16,historico dia_util,2.0
C22FE011961V,4,,dia_util,0.0,0.0,0.01,0.0,0.0,normal,normal,alta,16,historico dia_util,2.0
C22FE011961V,5,,dia_util,0.0,0.0,0.01,0.0,0.0,normal,normal,alta,16,historico dia_util,2.0
C22FE011961V,6,,dia_util,0.0,0.0,0.01,0.0,0.0,normal,normal,alta,16,historico dia_util,2.0
C22FE011961V,7,,dia_util,0.0,0.0,0.01,0.0,0.0,normal,normal,alta,15,historico dia_util,2.0
C22FE011961V,8,,dia_util,0.0,0.0,0.01,0.0,0.0,normal,normal,alta,15,historico dia_util,2.0
C22FE011961V,9,,dia_util,0.0,0.0,0.01,0.0,0.0,normal,normal,alta,15,historico dia_util,2.0
C22FE011961V,10,,dia_util,0.0,0.0,0.01,0.0,0.0,normal,normal,alta,14,historico dia_util,2.0
C22FE011961V,11,,dia_util,0.0,0.0,0.01,0.0,0.0,normal,normal,alta,15,historico dia_util,2.0
C22FE011961V,12,,dia_util,0.0,0.0,0.01,0.0,0.0,normal,normal,alta,15,historico dia_util,2.0
C22FE011961V,13,,dia_util,0.0,0.0,0.01,0.0,0.0,normal,normal,alta,15,historico dia_util,2.0
C22FE011961V,14,,dia_util,0.0,0.0,0.01,0.0,0.0,normal,normal,alta,15,historico dia_util,2.0
C22FE011961V,15,,dia_util,0.0,0.0,0.01,0.0,0.0,normal,normal,alta,17,historico dia_util,2.0
C22FE011961V,16,,dia_util,0.0,0.0,0.01,0.0,0.0,normal,normal,alta,17,historico dia_util,2.0
C22FE011961V,17,,dia_util,0.0,0.0,0.01,0.0,0.0,normal,normal,alta,17,historico dia_util,2.0
C22FE011961V,18,,dia_util,0.0,0.0,0.01,0.0,0.0,normal,normal,alta,17,historico dia_util,2.0
C22FE011961V,19,,dia_util,0.0,0.0,0.01,0.0,0.0,normal,normal,alta,16,historico dia_util,2.0
C22FE011961V,20,,dia_util,0.0,0.0,0.01,0.0,0.0,normal,normal,alta,16,historico dia_util,2.0
C22FE011961V,21,,dia_util,0.0,0.0,0.01,0.0,0.0,normal,normal,alta,16,historico dia_util,2.0
C22FE011961V,22,,dia_util,0.0,0.0,0.01,0.0,0.0,normal,normal,alta,16,historico dia_util,2.0
C22FE011961V,23,,dia_util,0.0,0.0,0.01,0.0,0.0,normal,normal,alta,13,historico dia_util,2.0
C22FE011963X,3,,dia_util,0.0,0.0,0.01,0.0,0.0,normal,normal,alta,19,historico dia_util,2.0
C22FE011963X,4,,dia_util,0.0,0.0,0.01,0.0,0.0,normal,normal,alta,19,historico dia_util,2.0
C22FE011963X,5,,dia_util,0.0,0.0,0.01,0.0,0.0,normal,normal,alta,19,historico dia_util,2.0
C22FE011963X,6,,dia_util,0.0,0.0,0.01,0.0,0.0,normal,normal,alta,19,historico dia_util,2.0
C22FE011963X,7,,dia_util,0.0,0.0,0.01,0.0,0.0,normal,normal,alta,18,historico dia_util,2.0
C22FE011963X,8,,dia_util,0.0,0.0,0.01,0.0,0.0,normal,normal,alta,18,historico dia_util,2.0
C22FE011963X,9,,dia_util,0.0,0.0,0.01,0.0,0.0,normal,normal,alta,18,historico dia_util,2.0
C22FE011963X,10,,dia_util,0.0,0.0,0.01,0.0,0.0,normal,normal,alta,18,historico dia_util,2.0
C22FE011963X,11,,dia_util,0.0,0.0,0.01,0.0,0.0,normal,normal,alta,17,historico dia_util,2.0
C22FE011963X,12,,dia_util,0.0,0.0,0.01,0.0,0.0,normal,normal,alta,17,historico dia_util,2.0
C22FE011963X,13,,dia_util,0.0,0.0,0.01,0.0,0.0,normal,normal,alta,17,historico dia_util,2.0
C22FE011963X,14,,dia_util,0.0,0.0,0.01,0.0,0.0,normal,normal,alta,17,historico dia_util,2.0
C22FE011963X,15,,dia_util,0.0,0.0,0.01,0.0,0.0,normal,normal,alta,17,historico dia_util,2.0
C22FE011963X,16,,dia_util,0.0,0.0,0.01,0.0,0.0,normal,normal,alta,17,historico dia_util,2.0
C22FE011963X,17,,dia_util,0.0,0.0,0.01,0.0,0.0,normal,normal,alta,17,historico dia_util,2.0
C22FE011963X,18,,dia_util,0.0,0.0,0.01,0.0,0.0,normal,normal,alta,17,historico dia_util,2.0
C22FE011963X,19,,dia_util,0.0,0.0,0.01,0.0,0.0,normal,normal,alta,20,historico dia_util,2.0
C22FE011963X,20,,dia_util,0.0,0.0,0.01,0.0,0.0,normal,normal,alta,20,historico dia_util,2.0
C22FE011963X,21,,dia_util,0.0,0.0,0.01,0.0,0.0,normal,normal,alta,20,historico dia_util,2.0
C22FE011963X,22,,dia_util,0.0,0.0,0.01,0.0,0.0,normal,normal,alta,20,historico dia_util,2.0
C22FE011963X,23,,dia_util,0.0,0.0,0.01,0.0,0.0,normal,normal,alta,19,historico dia_util,2.0
C23FC001331N,4,,dia_util,1.38,0.1128,0.2872,4.41,4.41,desvio,acima,alta,16,historico dia_util,2.0
C23FC001331N,5,,dia_util,0.0,0.0067,0.01,-0.67,-0.67,normal,normal,alta,16,historico dia_util,2.0
C23FC001331N,6,,dia_util,0.051,0.0427,0.0176,0.47,0.47,normal,normal,alta,16,historico dia_util,2.0
C23FC001331N,7,,dia_util,0.066,0.0446,0.0206,1.04,1.04,normal,normal,alta,16,historico dia_util,2.0
C23FC001331N,20,,dia_util,1.362,0.5101,0.4444,1.92,1.92,normal,normal,alta,11,historico dia_util,2.0
C23FC001331N,21,,dia_util,0.191,0.1196,0.0364,1.96,1.96,normal,normal,alta,11,historico dia_util,2.0
C23FC001331N,22,,dia_util,0.109,0.1006,0.053,0.16,0.16,normal,normal,alta,11,historico dia_util,2.0
C23FC001331N,23,,dia_util,0.14,0.0792,0.0359,1.69,1.69,normal,normal,alta,11,historico dia_util,2.0
C23FC001333P,2,,dia_util,0.081,0.0054,0.01,7.56,7.56,desvio,acima,alta,17,historico dia_util,2.0
C23FC001333P,3,,dia_util,0.01,0.0087,0.0101,0.13,0.13,normal,normal,alta,17,historico dia_util,2.0
C23FC001333P,4,,dia_util,0.0,0.0093,0.01,-0.93,-0.93,normal,normal,alta,17,historico dia_util,2.0
C23FC001333P,5,,dia_util,0.036,0.0314,0.0168,0.27,0.27,normal,normal,alta,17,historico dia_util,2.0
C23FC001333P,6,,dia_util,0.057,0.0419,0.0192,0.78,0.78,normal,normal,alta,19,historico dia_util,2.0
C23FC001333P,7,,dia_util,0.038,0.0482,0.0268,-0.38,-0.38,normal,normal,alta,19,historico dia_util,2.0
C23FC001333P,8,,dia_util,0.034,0.078,0.0376,-1.17,-1.17,normal,normal,alta,19,historico dia_util,2.0
C23FC001333P,9,,dia_util,0.015,0.0622,0.0458,-1.03,-1.03,normal,normal,alta,19,historico dia_util,2.0
C23FC001333P,14,,dia_util,0.356,0.0774,0.0748,3.73,3.73,desvio,acima,alta,19,historico dia_util,2.0
C23FC001333P,15,,dia_util,0.0,0.0295,0.0354,-0.83,-0.83,normal,normal,alta,19,historico dia_util,2.0
C23FC001333P,16,,dia_util,0.035,0.0322,0.0182,0.16,0.16,normal,normal,alta,19,historico dia_util,2.0
C23FC001333P,17,,dia_util,0.029,0.0456,0.026,-0.64,-0.64,normal,normal,alta,19,historico dia_util,2.0
C23FC001333P,18,,dia_util,0.14,0.1155,0.0918,0.27,0.27,normal,normal,alta,20,historico dia_util,2.0
C23FC001333P,19,,dia_util,0.063,0.0891,0.0332,-0.79,-0.79,normal,normal,alta,20,historico dia_util,2.0
C23FC001333P,20,,dia_util,0.074,0.0774,0.0406,-0.08,-0.08,normal,normal,alta,20,historico dia_util,2.0
C23FC001333P,21,,dia_util,0.11,0.1031,0.0426,0.16,0.16,normal,normal,alta,20,historico dia_util,2.0
C23FC001333P,22,,dia_util,0.027,0.0618,0.0494,-0.7,-0.7,normal,normal,alta,18,historico dia_util,2.0
C23FC001333P,23,,dia_util,0.05,0.0562,0.0538,-0.12,-0.12,normal,normal,alta,18,historico dia_util,2.0
C23FE003151H,0,,dia_util,0.0,2.1788,4.1946,-0.52,-0.52,normal,normal,alta,18,historico dia_util,2.0
C23FE003151H,1,,dia_util,0.0,2.2158,4.2657,-0.52,-0.52,normal,normal,alta,18,historico dia_util,2.0
C23FE003151H,2,,dia_util,0.0,2.2294,4.2919,-0.52,-0.52,normal,normal,alta,18,historico dia_util,2.0
C23FE003151H,3,,dia_util,0.0,6.3178,13.3542,-0.47,-0.47,normal,normal,alta,20,historico dia_util,2.0
C23FE003151H,4,,dia_util,0.0,3.0391,4.7631,-0.64,-0.64,normal,normal,alta,20,historico dia_util,2.0
C23FE003151H,5,,dia_util,0.0,3.0343,4.7557,-0.64,-0.64,normal,normal,alta,20,historico dia_util,2.0
C23FE003151H,6,,dia_util,0.0,3.001,4.7033,-0.64,-0.64,normal,normal,alta,20,historico dia_util,2.0
C23FE003151H,7,,dia_util,0.0,2.4484,4.2094,-0.58,-0.58,normal,normal,alta,19,historico dia_util,2.0
C23FE003151H,8,,dia_util,0.0,2.3114,3.9739,-0.58,-0.58,normal,normal,alta,19,historico dia_util,2.0
C23FE003151H,9,,dia_util,0.0,2.5198,3.9808,-0.63,-0.63,normal,normal,alta,19,historico dia_util,2.0
C23FE003151H,10,,dia_util,0.0,2.7975,4.2315,-0.66,-0.66,normal,normal,alta,19,historico dia_util,2.0
C23FE003151H,11,,dia_util,0.0,4.2514,7.0324,-0.6,-0.6,normal,normal,alta,19,historico dia_util,2.0
C23FE003151H,12,,dia_util,0.0,2.7999,4.2352,-0.66,-0.66,normal,normal,alta,19,historico dia_util,2.0
C23FE003151H,13,,dia_util,0.0,2.344,4.0299,-0.58,-0.58,normal,normal,alta,19,historico dia_util,2.0
C23FE003151H,14,,dia_util,0.0,2.3517,4.0429,-0.58,-0.58,normal,normal,alta,19,historico dia_util,2.0
C23FE003151H,15,,dia_util,0.0,2.2788,4.0498,-0.56,-0.56,normal,normal,alta,20,historico dia_util,2.0
C23FE003151H,16,,dia_util,0.0,2.3079,4.1015,-0.56,-0.56,normal,normal,alta,20,historico dia_util,2.0
C23FE003151H,17,,dia_util,0.0,2.3032,4.0929,-0.56,-0.56,normal,normal,alta,20,historico dia_util,2.0
C23FE003151H,18,,dia_util,0.0,2.2904,4.0703,-0.56,-0.56,normal,normal,alta,20,historico dia_util,2.0
C23FE003151H,19,,dia_util,0.0,2.3324,4.01,-0.58,-0.58,normal,normal,alta,19,historico dia_util,2.0
C23FE003151H,20,,dia_util,0.0,2.273,3.908,-0.58,-0.58,normal,normal,alta,19,historico dia_util,2.0
C23FE003151H,21,,dia_util,0.0,2.2956,3.947,-0.58,-0.58,normal,normal,alta,19,historico dia_util,2.0
C23FE003151H,22,,dia_util,0.0,2.0545,3.7816,-0.54,-0.54,normal,normal,alta,19,historico dia_util,2.0
C23FE003151H,23,,dia_util,0.0,1.5702,3.613,-0.43,-0.43,normal,normal,alta,18,historico dia_util,2.0
C23FE003152I,0,,dia_util,0.0,-0.0001,0.01,0.01,0.01,normal,normal,alta,20,historico dia_util,2.0
C23FE003152I,1,,dia_util,0.0,0.0001,0.01,-0.01,-0.01,normal,normal,alta,20,historico dia_util,2.0
C23FE003152I,2,,dia_util,0.0,-0.0001,0.01,0.01,0.01,normal,normal,alta,20,historico dia_util,2.0
C23FE003152I,3,,dia_util,0.0,0.0001,0.01,-0.01,-0.01,normal,normal,alta,20,historico dia_util,2.0
C23FE003152I,4,,dia_util,0.0,0.0001,0.01,-0.01,-0.01,normal,normal,alta,20,historico dia_util,2.0
C23FE003152I,5,,dia_util,0.0,-0.0001,0.01,0.01,0.01,normal,normal,alta,20,historico dia_util,2.0
C23FE003152I,6,,dia_util,0.0,-0.0001,0.01,0.01,0.01,normal,normal,alta,20,historico dia_util,2.0
C23FE003152I,7,,dia_util,0.0,-0.0002,0.01,0.02,0.02,normal,normal,alta,20,historico dia_util,2.0
C23FE003152I,8,,dia_util,0.0,-0.0003,0.01,0.03,0.03,normal,normal,alta,20,historico dia_util,2.0
C23FE003152I,9,,dia_util,0.0,0.0001,0.01,-0.01,-0.01,normal,normal,alta,20,historico dia_util,2.0
C23FE003152I,10,,dia_util,0.0,0.0057,0.0122,-0.47,-0.47,normal,normal,alta,20,historico dia_util,2.0
C23FE003152I,11,,dia_util,-0.001,0.0055,0.0145,-0.45,-0.45,normal,normal,alta,20,historico dia_util,2.0
C23FE003152I,12,,dia_util,0.0,0.0105,0.0266,-0.39,-0.39,normal,normal,alta,20,historico dia_util,2.0
C23FE003152I,13,,dia_util,0.038,0.0008,0.01,3.72,3.72,desvio,acima,alta,20,historico dia_util,2.0
C23FE003152I,14,,dia_util,0.0,0.0005,0.01,-0.05,-0.05,normal,normal,alta,20,historico dia_util,2.0
C23FE003152I,15,,dia_util,0.0,0.0003,0.01,-0.03,-0.03,normal,normal,alta,20,historico dia_util,2.0
C23FE003152I,16,,dia_util,0.0,-0.0001,0.01,0.01,0.01,normal,normal,alta,20,historico dia_util,2.0
C23FE003152I,17,,dia_util,0.0,0.0001,0.01,-0.01,-0.01,normal,normal,alta,20,historico dia_util,2.0
C23FE003152I,18,,dia_util,0.0,-0.0002,0.01,0.02,0.02,normal,normal,alta,20,historico dia_util,2.0
C23FE003152I,19,,dia_util,0.023,0.033,0.0463,-0.21,-0.21,normal,normal,alta,20,historico dia_util,2.0
C23FE003152I,20,,dia_util,0.012,0.0777,0.1141,-0.58,-0.58,normal,normal,alta,20,historico dia_util,2.0
C23FE003152I,21,,dia_util,0.235,0.2042,0.1393,0.22,0.22,normal,normal,alta,20,historico dia_util,2.0
C23FE003152I,22,,dia_util,0.005,0.0475,0.0645,-0.66,-0.66,normal,normal,alta,20,historico dia_util,2.0
C23FE003152I,23,,dia_util,0.453,0.0688,0.1245,3.09,3.09,desvio,acima,alta,20,historico dia_util,2.0
C23FE003153J,0,,dia_util,0.003,0.0024,0.01,0.06,0.06,normal,normal,alta,18,historico dia_util,2.0
C23FE003153J,1,,dia_util,0.0,0.0011,0.01,-0.11,-0.11,normal,normal,alta,18,historico dia_util,2.0
C23FE003153J,2,,dia_util,0.001,0.0011,0.01,-0.01,-0.01,normal,normal,alta,17,historico dia_util,2.0
C23FE003153J,3,,dia_util,0.0,0.0003,0.01,-0.03,-0.03,normal,normal,alta,17,historico dia_util,2.0
C23FE003153J,4,,dia_util,0.0,0.0002,0.01,-0.02,-0.02,normal,normal,alta,17,historico dia_util,2.0
C23FE003153J,5,,dia_util,0.001,-0.0002,0.01,0.12,0.12,normal,normal,alta,17,historico dia_util,2.0
C23FE003153J,6,,dia_util,0.0,0.0006,0.01,-0.06,-0.06,normal,normal,alta,19,historico dia_util,2.0
C23FE003153J,7,,dia_util,-0.002,-0.0025,0.01,0.05,0.05,normal,normal,alta,19,historico dia_util,2.0
C23FE003153J,8,,dia_util,-0.006,-0.0056,0.01,-0.04,-0.04,normal,normal,alta,19,historico dia_util,2.0
C23FE003153J,9,,dia_util,0.001,-0.0008,0.01,0.18,0.18,normal,normal,alta,19,historico dia_util,2.0
C23FE003153J,10,,dia_util,-0.002,-0.0002,0.01,-0.18,-0.18,normal,normal,alta,15,historico dia_util,2.0
C23FE003153J,11,,dia_util,-0.001,-0.001,0.01,0.0,0.0,normal,normal,alta,15,historico dia_util,2.0
C23FE003153J,12,,dia_util,0.0,0.0007,0.01,-0.07,-0.07,normal,normal,alta,15,historico dia_util,2.0
C23FE003153J,13,,dia_util,-0.001,0.0001,0.01,-0.11,-0.11,normal,normal,alta,15,historico dia_util,2.0
C23FE003153J,22,,dia_util,-0.001,0.001,0.01,-0.2,-0.2,normal,normal,alta,18,historico dia_util,2.0
C23FE003153J,23,,dia_util,0.002,0.0018,0.01,0.02,0.02,normal,normal,alta,18,historico dia_util,2.0
C23FE003163L,1,,dia_util,0.0,0.0,0.01,0.0,0.0,normal,normal,alta,17,historico dia_util,2.0
C23FE003163L,2,,dia_util,0.0,0.0,0.01,0.0,0.0,normal,normal,alta,17,historico dia_util,2.0
C23FE003163L,3,,dia_util,0.0,0.0,0.01,0.0,0.0,normal,normal,alta,17,historico dia_util,2.0
C23FE003163L,4,,dia_util,0.0,0.0,0.01,0.0,0.0,normal,normal,alta,11,historico dia_util,2.0
C23FE003163L,5,,dia_util,0.0,0.0,0.01,0.0,0.0,normal,normal,alta,17,historico dia_util,2.0
C23FE003163L,6,,dia_util,0.0,0.0,0.01,0.0,0.0,normal,normal,alta,17,historico dia_util,2.0
C23FE003163L,7,,dia_util,0.0,0.0,0.01,0.0,0.0,normal,normal,alta,17,historico dia_util,2.0
C23FE003163L,8,,dia_util,0.0,0.0,0.01,0.0,0.0,normal,normal,alta,14,historico dia_util,2.0
C23FE003163L,9,,dia_util,0.0,0.0,0.01,0.0,0.0,normal,normal,alta,17,historico dia_util,2.0
C23FE003163L,10,,dia_util,0.0,0.0,0.01,0.0,0.0,normal,normal,alta,17,historico dia_util,2.0
C23FE003163L,11,,dia_util,0.0,0.0,0.01,0.0,0.0,normal,normal,alta,17,historico dia_util,2.0
C23FE003163L,12,,dia_util,0.0,0.0,0.01,0.0,0.0,normal,normal,alta,9,historico dia_util,2.0
C23FE003163L,13,,dia_util,0.0,0.0,0.01,0.0,0.0,normal,normal,alta,17,historico dia_util,2.0
C23FE003163L,14,,dia_util,0.0,0.0,0.01,0.0,0.0,normal,normal,alta,17,historico dia_util,2.0
C23FE003163L,15,,dia_util,0.0,0.0,0.01,0.0,0.0,normal,normal,alta,17,historico dia_util,2.0
C23FE003163L,16,,dia_util,0.0,0.0,0.01,0.0,0.0,normal,normal,alta,14,historico dia_util,2.0
C23FE003163L,17,,dia_util,0.0,0.0,0.01,0.0,0.0,normal,normal,alta,17,historico dia_util,2.0
C23FE003163L,18,,dia_util,0.0,0.0,0.01,0.0,0.0,normal,normal,alta,17,historico dia_util,2.0
C23FE003163L,19,,dia_util,0.0,0.0,0.01,0.0,0.0,normal,normal,alta,17,historico dia_util,2.0
C23FE003163L,21,,dia_util,0.0,0.0,0.01,0.0,0.0,normal,normal,alta,17,historico dia_util,2.0
C23FE003163L,22,,dia_util,0.0,0.0,0.01,0.0,0.0,normal,normal,alta,17,historico dia_util,2.0
C23FE003163L,23,,dia_util,0.0,0.0,0.01,0.0,0.0,normal,normal,alta,17,historico dia_util,2.0
C23FE003164M,0,,dia_util,0.0,0.0,0.01,0.0,0.0,normal,normal,alta,20,historico dia_util,2.0
C23FE003164M,1,,dia_util,0.0,0.0,0.01,0.0,0.0,normal,normal,alta,18,historico dia_util,2.0
C23FE003164M,2,,dia_util,0.0,0.0,0.01,0.0,0.0,normal,normal,alta,19,historico dia_util,2.0
C23FE003164M,3,,dia_util,0.0,0.0,0.01,0.0,0.0,normal,normal,alta,19,historico dia_util,2.0
C23FE003164M,4,,dia_util,0.0,0.0,0.01,0.0,0.0,normal,normal,alta,19,historico dia_util,2.0
C23FE003164M,5,,dia_util,0.0,0.0,0.01,0.0,0.0,normal,normal,alta,19,historico dia_util,2.0
C23FE003164M,6,,dia_util,0.0,0.0,0.01,0.0,0.0,normal,normal,alta,19,historico dia_util,2.0
C23FE003164M,7,,dia_util,0.0,0.0,0.01,0.0,0.0,normal,normal,alta,19,historico dia_util,2.0
C23FE003164M,8,,dia_util,0.0,0.0,0.01,0.0,0.0,normal,normal,alta,19,historico dia_util,2.0
C23FE003164M,13,,dia_util,0.0,0.0,0.01,0.0,0.0,normal,normal,alta,19,historico dia_util,2.0
C23FE003164M,14,,dia_util,0.0,0.0,0.01,0.0,0.0,normal,normal,alta,19,historico dia_util,2.0
C23FE003164M,15,,dia_util,0.0,0.0,0.01,0.0,0.0,normal,normal,alta,19,historico dia_util,2.0
C23FE003164M,16,,dia_util,0.0,0.0,0.01,0.0,0.0,normal,normal,alta,19,historico dia_util,2.0
C23FE003164M,17,,dia_util,0.0,0.0,0.01,0.0,0.0,normal,normal,alta,19,historico dia_util,2.0
C23FE003164M,18,,dia_util,0.0,0.0,0.01,0.0,0.0,normal,normal,alta,19,historico dia_util,2.0
C23FE003164M,19,,dia_util,0.0,0.0,0.01,0.0,0.0,normal,normal,alta,19,historico dia_util,2.0
C23FE003164M,20,,dia_util,0.0,0.0,0.01,0.0,0.0,normal,normal,alta,19,historico dia_util,2.0
C23FE003164M,21,,dia_util,0.0,0.0,0.01,0.0,0.0,normal,normal,alta,18,historico dia_util,2.0
C23FE003164M,22,,dia_util,0.0,0.0,0.01,0.0,0.0,normal,normal,alta,18,historico dia_util,2.0
C23FE003164M,23,,dia_util,0.0,0.0,0.01,0.0,0.0,normal,normal,alta,18,historico dia_util,2.0
D01TE042969,0,,dia_util,0.0,0.0,0.01,0.0,0.0,normal,normal,alta,20,historico dia_util,2.0
D01TE042969,1,,dia_util,0.0,0.0,0.01,0.0,0.0,normal,normal,alta,20,historico dia_util,2.0
D01TE042969,2,,dia_util,0.0,0.0,0.01,0.0,0.0,normal,normal,alta,19,historico dia_util,2.0
D01TE042969,3,,dia_util,0.0,0.0,0.01,0.0,0.0,normal,normal,alta,19,historico dia_util,2.0
D01TE042969,4,,dia_util,0.0,0.0,0.01,0.0,0.0,normal,normal,alta,19,historico dia_util,2.0
D01TE042969,5,,dia_util,0.0,0.0,0.01,0.0,0.0,normal,normal,alta,19,historico dia_util,2.0
D01TE042969,6,,dia_util,0.0,0.0,0.01,0.0,0.0,normal,normal,alta,17,historico dia_util,2.0
D01TE042969,7,,dia_util,0.0,0.0,0.01,0.0,0.0,normal,normal,alta,17,historico dia_util,2.0
D01TE042969,8,,dia_util,0.0,0.0,0.01,0.0,0.0,normal,normal,alta,17,historico dia_util,2.0
D01TE042969,9,,dia_util,0.0,0.0,0.01,0.0,0.0,normal,normal,alta,17,historico dia_util,2.0
D01TE042969,10,,dia_util,0.0,0.0,0.01,0.0,0.0,normal,normal,alta,18,historico dia_util,2.0
D01TE042969,11,,dia_util,0.0,0.0,0.01,0.0,0.0,normal,normal,alta,18,historico dia_util,2.0
D01TE042969,12,,dia_util,0.0,0.0,0.01,0.0,0.0,normal,normal,alta,18,historico dia_util,2.0
D01TE042969,13,,dia_util,0.0,0.0,0.01,0.0,0.0,normal,normal,alta,18,historico dia_util,2.0
D01TE042969,14,,dia_util,0.0,0.0,0.01,0.0,0.0,normal,normal,alta,19,historico dia_util,2.0
D01TE042969,15,,dia_util,0.0,0.0,0.01,0.0,0.0,normal,normal,alta,19,historico dia_util,2.0
D01TE042969,16,,dia_util,0.0,0.0,0.01,0.0,0.0,normal,normal,alta,19,historico dia_util,2.0
D01TE042969,17,,dia_util,0.0,0.0,0.01,0.0,0.0,normal,normal,alta,19,historico dia_util,2.0
D01TE042969,18,,dia_util,0.0,0.0,0.01,0.0,0.0,normal,normal,alta,19,historico dia_util,2.0
D01TE042969,19,,dia_util,0.0,0.0,0.01,0.0,0.0,normal,normal,alta,19,historico dia_util,2.0
D01TE042969,20,,dia_util,0.0,0.0,0.01,0.0,0.0,normal,normal,alta,19,historico dia_util,2.0
D01TE042969,21,,dia_util,0.0,0.0,0.01,0.0,0.0,normal,normal,alta,19,historico dia_util,2.0
D01TE042969,22,,dia_util,0.0,0.0,0.01,0.0,0.0,normal,normal,alta,20,historico dia_util,2.0
D01TE042969,23,,dia_util,0.0,0.0,0.01,0.0,0.0,normal,normal,alta,20,historico dia_util,2.0
D01TE050163,0,,dia_util,0.36,0.1575,0.1823,1.11,1.11,normal,normal,alta,12,historico dia_util,2.0
D01TE050163,1,,dia_util,0.2,0.1133,0.1263,0.69,0.69,normal,normal,alta,12,historico dia_util,2.0
D01TE050163,6,,dia_util,0.72,0.1367,0.2793,2.09,2.09,desvio,acima,alta,18,historico dia_util,2.0
D01TE050163,7,,dia_util,0.0,0.0,0.01,0.0,0.0,normal,normal,alta,18,historico dia_util,2.0
D01TE050163,8,,dia_util,0.0,0.0,0.01,0.0,0.0,normal,normal,alta,18,historico dia_util,2.0
D01TE050163,9,,dia_util,0.0,-0.0006,0.01,0.06,0.06,normal,normal,alta,18,historico dia_util,2.0
D01TE050163,10,,dia_util,0.0,0.0,0.01,0.0,0.0,normal,normal,alta,15,historico dia_util,2.0
D01TE050163,11,,dia_util,0.0,-0.0053,0.01,0.53,0.53,normal,normal,alta,15,historico dia_util,2.0
D01TE050163,12,,dia_util,-0.01,-0.0013,0.01,-0.87,-0.87,normal,normal,alta,15,historico dia_util,2.0
D01TE050163,13,,dia_util,0.0,-0.0007,0.01,0.07,0.07,normal,normal,alta,15,historico dia_util,2.0
D01TE050163,14,,dia_util,0.0,-0.0022,0.01,0.22,0.22,normal,normal,alta,18,historico dia_util,2.0
D01TE050163,15,,dia_util,0.0,-0.0022,0.01,0.22,0.22,normal,normal,alta,18,historico dia_util,2.0
D01TE050163,16,,dia_util,0.0,-0.0022,0.01,0.22,0.22,normal,normal,alta,18,historico dia_util,2.0
D01TE050163,17,,dia_util,0.0,-0.0011,0.01,0.11,0.11,normal,normal,alta,18,historico dia_util,2.0
D01TE050163,18,,dia_util,-0.01,-0.0016,0.01,-0.84,-0.84,normal,normal,alta,19,historico dia_util,2.0
D01TE050163,19,,dia_util,0.0,-0.0005,0.01,0.05,0.05,normal,normal,alta,19,historico dia_util,2.0
D01TE050163,20,,dia_util,0.0,-0.0005,0.01,0.05,0.05,normal,normal,alta,19,historico dia_util,2.0
D01TE050163,21,,dia_util,0.0,0.0,0.01,0.0,0.0,normal,normal,alta,19,historico dia_util,2.0
D01TE050163,22,,dia_util,0.0,-0.001,0.01,0.1,0.1,normal,normal,alta,10,historico dia_util,2.0
D01TE050163,23,,dia_util,0.05,0.0155,0.0202,1.71,1.71,normal,normal,alta,11,historico dia_util,2.0
D01WF051014,0,,dia_util,0.41,0.9625,0.6314,-0.88,-0.88,normal,normal,alta,16,historico dia_util,2.0
D01WF051014,1,,dia_util,0.05,0.2835,0.2172,-1.08,-1.08,normal,normal,alta,17,historico dia_util,2.0
D01WF051014,2,,dia_util,0.03,0.0547,0.0939,-0.26,-0.26,normal,normal,alta,17,historico dia_util,2.0
D01WF051014,3,,dia_util,0.02,0.2053,0.6639,-0.28,-0.28,normal,normal,alta,19,historico dia_util,2.0
D01WF051014,4,,dia_util,0.04,0.0468,0.0949,-0.07,-0.07,normal,normal,alta,19,historico dia_util,2.0
D01WF051014,5,,dia_util,0.03,0.0505,0.0953,-0.22,-0.22,normal,normal,alta,19,historico dia_util,2.0
D01WF051014,7,,dia_util,0.07,0.2316,0.7064,-0.23,-0.23,normal,normal,alta,19,historico dia_util,2.0
D01WF051014,8,,dia_util,0.07,0.0789,0.0863,-0.1,-0.1,normal,normal,alta,19,historico dia_util,2.0
D01WF051014,9,,dia_util,0.09,0.0816,0.0861,0.1,0.1,normal,normal,alta,19,historico dia_util,2.0
D01WF051014,10,,dia_util,0.1,0.0841,0.0882,0.18,0.18,normal,normal,alta,17,historico dia_util,2.0
D01WF051014,11,,dia_util,0.18,0.1859,0.2431,-0.02,-0.02,normal,normal,alta,17,historico dia_util,2.0
D01WF051014,12,,dia_util,0.64,0.2159,0.3694,1.15,1.15,normal,normal,alta,17,historico dia_util,2.0
D01WF051014,13,,dia_util,0.1,0.12,0.1123,-0.18,-0.18,normal,normal,alta,17,historico dia_util,2.0
D01WF051014,14,,dia_util,0.1,0.1224,0.1174,-0.19,-0.19,normal,normal,alta,17,historico dia_util,2.0
D01WF051014,15,,dia_util,0.13,0.1795,0.1525,-0.32,-0.32,normal,normal,alta,19,historico dia_util,2.0
D01WF051014,16,,dia_util,0.09,0.1442,0.1254,-0.43,-0.43,normal,normal,alta,19,historico dia_util,2.0
D01WF051014,17,,dia_util,0.15,0.1405,0.0973,0.1,0.1,normal,normal,alta,19,historico dia_util,2.0
D01WF051014,18,,dia_util,0.15,0.1672,0.1205,-0.14,-0.14,normal,normal,alta,18,historico dia_util,2.0
D01WF051014,19,,dia_util,1.51,0.5821,0.4499,2.06,2.06,desvio,acima,alta,19,historico dia_util,2.0
D01WF051014,20,,dia_util,1.07,1.0121,0.298,0.19,0.19,normal,normal,alta,19,historico dia_util,2.0
D01WF051014,21,,dia_util,1.06,1.3732,0.4873,-0.64,-0.64,normal,normal,alta,19,historico dia_util,2.0
D01WF051014,22,,dia_util,0.66,1.5108,0.6552,-1.3,-1.3,normal,normal,alta,13,historico dia_util,2.0
D01WF051014,23,,dia_util,0.93,0.9344,0.6537,-0.01,-0.01,normal,normal,alta,18,historico dia_util,2.0
D01WF056237,0,,dia_util,0.0,0.0,0.01,0.0,0.0,normal,normal,alta,15,historico dia_util,2.0
D01WF056237,1,,dia_util,0.0,0.0,0.01,0.0,0.0,normal,normal,alta,16,historico dia_util,2.0
D01WF056237,2,,dia_util,0.0,0.0,0.01,0.0,0.0,normal,normal,alta,14,historico dia_util,2.0
D01WF056237,3,,dia_util,0.0,0.0,0.01,0.0,0.0,normal,normal,alta,14,historico dia_util,2.0
D01WF056237,4,,dia_util,0.0,0.0,0.01,0.0,0.0,normal,normal,alta,14,historico dia_util,2.0
D01WF056237,5,,dia_util,0.0,0.0,0.01,0.0,0.0,normal,normal,alta,14,historico dia_util,2.0
D01WF056237,6,,dia_util,0.0,0.0,0.01,0.0,0.0,normal,normal,alta,17,historico dia_util,2.0
D01WF056237,7,,dia_util,0.0,0.0,0.01,0.0,0.0,normal,normal,alta,17,historico dia_util,2.0
D01WF056237,8,,dia_util,0.0,0.0,0.01,0.0,0.0,normal,normal,alta,17,historico dia_util,2.0
D01WF056237,9,,dia_util,0.0,0.0006,0.01,-0.06,-0.06,normal,normal,alta,17,historico dia_util,2.0
D01WF056237,10,,dia_util,0.0,0.0,0.01,0.0,0.0,normal,normal,alta,14,historico dia_util,2.0
D01WF056237,11,,dia_util,0.0,0.0,0.01,0.0,0.0,normal,normal,alta,14,historico dia_util,2.0
D01WF056237,12,,dia_util,0.0,0.0007,0.01,-0.07,-0.07,normal,normal,alta,14,historico dia_util,2.0
D01WF056237,13,,dia_util,0.0,0.0007,0.01,-0.07,-0.07,normal,normal,alta,14,historico dia_util,2.0
D01WF056237,14,,dia_util,0.0,0.0024,0.01,-0.24,-0.24,normal,normal,alta,17,historico dia_util,2.0
D01WF056237,15,,dia_util,0.0,0.0029,0.01,-0.29,-0.29,normal,normal,alta,17,historico dia_util,2.0
D01WF056237,16,,dia_util,0.0,0.0006,0.01,-0.06,-0.06,normal,normal,alta,17,historico dia_util,2.0
D01WF056237,17,,dia_util,0.0,0.0006,0.01,-0.06,-0.06,normal,normal,alta,17,historico dia_util,2.0
D01WF056237,18,,dia_util,0.0,0.0006,0.01,-0.06,-0.06,normal,normal,alta,17,historico dia_util,2.0
D01WF056237,19,,dia_util,0.0,0.0006,0.01,-0.06,-0.06,normal,normal,alta,17,historico dia_util,2.0
D01WF056237,20,,dia_util,0.0,0.0,0.01,0.0,0.0,normal,normal,alta,17,historico dia_util,2.0
D01WF056237,21,,dia_util,0.0,0.0,0.01,0.0,0.0,normal,normal,alta,17,historico dia_util,2.0
D01WF056237,22,,dia_util,0.0,0.0,0.01,0.0,0.0,normal,normal,alta,14,historico dia_util,2.0
D01WF056237,23,,dia_util,0.0,0.0,0.01,0.0,0.0,normal,normal,alta,14,historico dia_util,2.0
D03TD027211,0,,dia_util,0.0,0.0001,0.01,-0.01,-0.01,normal,normal,alta,19,historico dia_util,2.0
D03TD027211,1,,dia_util,0.0,0.0,0.01,0.0,0.0,normal,normal,alta,19,historico dia_util,2.0
D03TD027211,2,,dia_util,0.0,0.0,0.01,0.0,0.0,normal,normal,alta,19,historico dia_util,2.0
D03TD027211,3,,dia_util,0.0,0.0,0.01,0.0,0.0,normal,normal,alta,19,historico dia_util,2.0
D03TD027211,4,,dia_util,0.0,0.0,0.01,0.0,0.0,normal,normal,alta,20,historico dia_util,2.0
D03TD027211,5,,dia_util,0.0,0.0,0.01,0.0,0.0,normal,normal,alta,20,historico dia_util,2.0
D03TD027211,6,,dia_util,0.0,0.0001,0.01,-0.01,-0.01,normal,normal,alta,20,historico dia_util,2.0
D03TD027211,7,,dia_util,0.029,0.0298,0.037,-0.02,-0.02,normal,normal,alta,20,historico dia_util,2.0
D03TD027211,8,,dia_util,0.067,0.0374,0.0283,1.05,1.05,normal,normal,alta,20,historico dia_util,2.0
D03TD027211,9,,dia_util,0.192,0.0804,0.0849,1.32,1.32,normal,normal,alta,20,historico dia_util,2.0
D03TD027211,10,,dia_util,0.129,0.0868,0.1178,0.36,0.36,normal,normal,alta,20,historico dia_util,2.0
D03TD027211,11,,dia_util,0.221,0.1196,0.112,0.91,0.91,normal,normal,alta,20,historico dia_util,2.0
D03TD027211,12,,dia_util,0.415,0.1092,0.0589,5.19,5.19,desvio,acima,alta,20,historico dia_util,2.0
D03TD027211,13,,dia_util,0.308,0.1566,0.1296,1.17,1.17,normal,normal,alta,20,historico dia_util,2.0
D03TD027211,14,,dia_util,0.153,0.1851,0.1278,-0.25,-0.25,normal,normal,alta,20,historico dia_util,2.0
D03TD027211,15,,dia_util,0.167,0.0949,0.073,0.99,0.99,normal,normal,alta,20,historico dia_util,2.0
D03TD027211,16,,dia_util,0.164,0.0548,0.03,3.64,3.64,desvio,acima,alta,20,historico dia_util,2.0
D03TD027211,17,,dia_util,0.078,0.0631,0.0272,0.55,0.55,normal,normal,alta,20,historico dia_util,2.0
D03TD027211,18,,dia_util,0.01,0.0279,0.0179,-1.0,-1.0,normal,normal,alta,20,historico dia_util,2.0
D03TD027211,19,,dia_util,0.036,0.0343,0.0243,0.07,0.07,normal,normal,alta,20,historico dia_util,2.0
D03TD027211,20,,dia_util,0.001,0.0002,0.01,0.08,0.08,normal,normal,alta,20,historico dia_util,2.0
D03TD027211,21,,dia_util,0.0,0.0002,0.01,-0.02,-0.02,normal,normal,alta,20,historico dia_util,2.0
D03TD027211,22,,dia_util,0.0,0.0001,0.01,-0.01,-0.01,normal,normal,alta,20,historico dia_util,2.0
D03TD027211,23,,dia_util,0.0,0.0001,0.01,-0.01,-0.01,normal,normal,alta,20,historico dia_util,2.0
D03TD038363,0,,dia_util,0.0,0.0,0.01,0.0,0.0,normal,normal,alta,20,historico dia_util,2.0
D03TD038363,1,,dia_util,0.0,0.0,0.01,0.0,0.0,normal,normal,alta,20,historico dia_util,2.0
D03TD038363,2,,dia_util,0.0,0.0,0.01,0.0,0.0,normal,normal,alta,20,historico dia_util,2.0
D03TD038363,3,,dia_util,0.0,0.0,0.01,0.0,0.0,normal,normal,alta,20,historico dia_util,2.0
D03TD038363,4,,dia_util,0.0,0.0,0.01,0.0,0.0,normal,normal,alta,20,historico dia_util,2.0
D03TD038363,5,,dia_util,0.0,0.0,0.01,0.0,0.0,normal,normal,alta,20,historico dia_util,2.0
D03TD038363,6,,dia_util,0.0,0.0,0.01,0.0,0.0,normal,normal,alta,20,historico dia_util,2.0
D03TD038363,7,,dia_util,0.0,0.0,0.01,0.0,0.0,normal,normal,alta,20,historico dia_util,2.0
D03TD038363,8,,dia_util,0.0,0.0,0.01,0.0,0.0,normal,normal,alta,20,historico dia_util,2.0
D03TD038363,9,,dia_util,0.0,0.0,0.01,0.0,0.0,normal,normal,alta,20,historico dia_util,2.0
D03TD038363,10,,dia_util,0.0,0.0,0.01,0.0,0.0,normal,normal,alta,20,historico dia_util,2.0
D03TD038363,11,,dia_util,0.0,0.0,0.01,0.0,0.0,normal,normal,alta,20,historico dia_util,2.0
D03TD038363,12,,dia_util,0.0,0.0,0.01,0.0,0.0,normal,normal,alta,20,historico dia_util,2.0
D03TD038363,13,,dia_util,0.0,0.0,0.01,0.0,0.0,normal,normal,alta,20,historico dia_util,2.0
D03TD038363,14,,dia_util,0.0,0.0,0.01,0.0,0.0,normal,normal,alta,20,historico dia_util,2.0
D03TD038363,15,,dia_util,0.0,0.0,0.01,0.0,0.0,normal,normal,alta,20,historico dia_util,2.0
D03TD038363,16,,dia_util,0.0,0.0,0.01,0.0,0.0,normal,normal,alta,20,historico dia_util,2.0
D03TD038363,17,,dia_util,0.0,0.0,0.01,0.0,0.0,normal,normal,alta,20,historico dia_util,2.0
D03TD038363,18,,dia_util,0.0,0.0,0.01,0.0,0.0,normal,normal,alta,20,historico dia_util,2.0
D03TD038363,19,,dia_util,0.0,0.0,0.01,0.0,0.0,normal,normal,alta,20,historico dia_util,2.0
D03TD038363,20,,dia_util,0.0,0.0,0.01,0.0,0.0,normal,normal,alta,20,historico dia_util,2.0
D03TD038363,21,,dia_util,0.0,0.0,0.01,0.0,0.0,normal,normal,alta,20,historico dia_util,2.0
D03TD038363,22,,dia_util,0.0,0.0,0.01,0.0,0.0,normal,normal,alta,20,historico dia_util,2.0
D03TD038363,23,,dia_util,0.0,0.0,0.01,0.0,0.0,normal,normal,alta,20,historico dia_util,2.0
D05AE129685,0,,dia_util,2.216,0.857,1.212,1.12,1.12,normal,normal,baixa,2,historico dia_util (poucos dados),2.0
D05AE129685,9,,dia_util,12.608,2.3721,4.9223,2.08,2.08,desvio,acima,alta,9,historico dia_util,2.0
D05AE129685,10,,dia_util,0.01,0.0097,0.01,0.03,0.03,normal,normal,alta,9,historico dia_util,2.0
D05AE129685,11,,dia_util,0.01,0.0094,0.01,0.06,0.06,normal,normal,alta,9,historico dia_util,2.0
D05AE129685,12,,dia_util,0.011,0.0087,0.01,0.23,0.23,normal,normal,alta,9,historico dia_util,2.0
D05AE129686,0,,dia_util,0.0,0.0001,0.01,-0.01,-0.01,normal,normal,alta,19,historico dia_util,2.0
D05AE129686,1,,dia_util,0.0,-0.0001,0.01,0.01,0.01,normal,normal,alta,19,historico dia_util,2.0
D05AE129686,2,,dia_util,0.0,0.7616,0.7424,-1.03,-1.03,normal,normal,alta,19,historico dia_util,2.0
D05AE129686,3,,dia_util,0.0,0.1841,0.5514,-0.33,-0.33,normal,normal,alta,19,historico dia_util,2.0
D05AE129686,8,,dia_util,0.0,0.0001,0.01,-0.01,-0.01,normal,normal,alta,18,historico dia_util,2.0
D05AE129686,9,,dia_util,0.0,0.0002,0.01,-0.02,-0.02,normal,normal,alta,18,historico dia_util,2.0
D05AE129686,10,,dia_util,0.0,0.0001,0.01,-0.01,-0.01,normal,normal,alta,18,historico dia_util,2.0
D05AE129686,11,,dia_util,0.0,0.0001,0.01,-0.01,-0.01,normal,normal,alta,18,historico dia_util,2.0
D05AE129686,12,,dia_util,0.0,0.1013,0.405,-0.25,-0.25,normal,normal,alta,16,historico dia_util,2.0
D05AE129686,13,,dia_util,0.0,0.0001,0.01,-0.01,-0.01,normal,normal,alta,16,historico dia_util,2.0
D05AE129686,14,,dia_util,0.0,0.0,0.01,0.0,0.0,normal,normal,alta,16,historico dia_util,2.0
D05AE129686,15,,dia_util,0.0,0.0002,0.01,-0.02,-0.02,normal,normal,alta,16,historico dia_util,2.0
D05AE129686,16,,dia_util,0.0,0.0004,0.01,-0.04,-0.04,normal,normal,alta,18,historico dia_util,2.0
D05AE129686,17,,dia_util,0.0,0.0001,0.01,-0.01,-0.01,normal,normal,alta,18,historico dia_util,2.0
D05AE129686,18,,dia_util,0.0,0.0001,0.01,-0.01,-0.01,normal,normal,alta,18,historico dia_util,2.0
D05AE129686,19,,dia_util,0.0,0.0,0.01,0.0,0.0,normal,normal,alta,18,historico dia_util,2.0
D05AE129686,20,,dia_util,0.0,0.0001,0.01,-0.01,-0.01,normal,normal,alta,19,historico dia_util,2.0
D05AE129686,21,,dia_util,0.0,0.0,0.01,0.0,0.0,normal,normal,alta,19,historico dia_util,2.0
D05AE129686,22,,dia_util,0.0,0.0,0.01,0.0,0.0,normal,normal,alta,19,historico dia_util,2.0
D05AE129686,23,,dia_util,-0.003,0.0,0.01,-0.3,-0.3,normal,normal,alta,19,historico dia_util,2.0
D05AE130850,0,,dia_util,0.003,0.0012,0.01,0.18,0.18,normal,normal,alta,15,historico dia_util,2.0
D05AE130850,1,,dia_util,0.002,0.0011,0.01,0.09,0.09,normal,normal,alta,14,historico dia_util,2.0
D05AE130850,6,,dia_util,0.003,0.0012,0.01,0.18,0.18,normal,normal,alta,17,historico dia_util,2.0
D05AE130850,7,,dia_util,0.003,0.0022,0.01,0.08,0.08,normal,normal,alta,17,historico dia_util,2.0
D05AE130850,8,,dia_util,0.005,0.003,0.01,0.2,0.2,normal,normal,alta,17,historico dia_util,2.0
D05AE130850,9,,dia_util,0.005,0.0038,0.01,0.12,0.12,normal,normal,alta,15,historico dia_util,2.0
D05AE130850,10,,dia_util,0.004,0.0048,0.01,-0.08,-0.08,normal,normal,alta,17,historico dia_util,2.0
D05AE130850,11,,dia_util,0.005,0.0038,0.01,0.12,0.12,normal,normal,alta,17,historico dia_util,2.0
D05AE130850,12,,dia_util,0.005,0.004,0.01,0.1,0.1,normal,normal,alta,17,historico dia_util,2.0
D05AE130850,13,,dia_util,0.004,0.004,0.01,0.0,0.0,normal,normal,alta,16,historico dia_util,2.0
D05AE130850,14,,dia_util,0.005,0.0044,0.01,0.06,0.06,normal,normal,alta,17,historico dia_util,2.0
D05AE130850,15,,dia_util,0.005,0.0044,0.01,0.06,0.06,normal,normal,alta,17,historico dia_util,2.0
D05AE130850,16,,dia_util,0.006,0.0045,0.01,0.15,0.15,normal,normal,alta,17,historico dia_util,2.0
D05AE130850,17,,dia_util,0.005,0.0043,0.01,0.07,0.07,normal,normal,alta,16,historico dia_util,2.0
D05AE130850,18,,dia_util,0.005,0.0041,0.01,0.09,0.09,normal,normal,alta,16,historico dia_util,2.0
D05AE130850,19,,dia_util,0.005,0.0037,0.01,0.13,0.13,normal,normal,alta,16,historico dia_util,2.0
D05AE130850,20,,dia_util,0.005,0.0034,0.01,0.16,0.16,normal,normal,alta,16,historico dia_util,2.0
D05AE130850,21,,dia_util,0.003,0.0028,0.01,0.02,0.02,normal,normal,alta,16,historico dia_util,2.0
D05AE130850,22,,dia_util,0.004,0.004,0.01,0.0,0.0,normal,normal,alta,16,historico dia_util,2.0
D05AE130850,23,,dia_util,0.003,0.0021,0.01,0.09,0.09,normal,normal,alta,16,historico dia_util,2.0
D05AE130852,1,,dia_util,0.0,0.0,0.01,0.0,0.0,normal,normal,alta,15,historico dia_util,2.0
D05AE130852,2,,dia_util,0.0,0.0,0.01,0.0,0.0,normal,normal,alta,15,historico dia_util,2.0
D05AE130852,3,,dia_util,0.0,0.0,0.01,0.0,0.0,normal,normal,alta,15,historico dia_util,2.0
D05AE130852,4,,dia_util,0.0,0.0,0.01,0.0,0.0,normal,normal,alta,15,historico dia_util,2.0
D05AE130852,5,,dia_util,0.0,0.0,0.01,0.0,0.0,normal,normal,alta,13,historico dia_util,2.0
D05AE130852,6,,dia_util,0.0,0.0,0.01,0.0,0.0,normal,normal,alta,13,historico dia_util,2.0
D05AE130852,7,,dia_util,0.0,0.0,0.01,0.0,0.0,normal,normal,alta,13,historico dia_util,2.0
D05AE130852,8,,dia_util,0.0,0.0,0.01,0.0,0.0,normal,normal,alta,13,historico dia_util,2.0
D06AE082862,0,,dia_util,0.037,0.0418,0.041,-0.12,-0.12,normal,normal,alta,15,historico dia_util,2.0
D06AE082862,1,,dia_util,1.328,0.9488,0.632,0.6,0.6,normal,normal,alta,17,historico dia_util,2.0
D06AE082862,2,,dia_util,1.799,1.5342,1.1724,0.23,0.23,normal,normal,alta,18,historico dia_util,2.0
D06AE082862,3,,dia_util,1.287,1.8609,1.2645,-0.45,-0.45,normal,normal,alta,18,historico dia_util,2.0
D06AE082862,4,,dia_util,1.907,1.6092,1.1386,0.26,0.26,normal,normal,alta,18,historico dia_util,2.0
D06AE082862,5,,dia_util,1.336,1.9293,1.2773,-0.46,-0.46,normal,normal,alta,18,historico dia_util,2.0
D06AE082862,10,,dia_util,1.372,0.0897,0.1213,10.0,10.57,desvio,acima,alta,14,historico dia_util,2.0
D06AE082862,11,,dia_util,0.043,0.1044,0.1192,-0.52,-0.52,normal,normal,alta,14,historico dia_util,2.0
D06AE082862,12,,dia_util,0.042,0.0859,0.0869,-0.51,-0.51,normal,normal,alta,14,historico dia_util,2.0
D06AE082862,13,,dia_util,0.043,0.0786,0.0831,-0.43,-0.43,normal,normal,alta,14,historico dia_util,2.0
D06AE082862,14,,dia_util,0.044,0.2781,0.7761,-0.3,-0.3,normal,normal,alta,19,historico dia_util,2.0
D06AE082862,15,,dia_util,0.042,0.0631,0.0716,-0.29,-0.29,normal,normal,alta,19,historico dia_util,2.0
D06AE082862,16,,dia_util,0.042,0.0628,0.0706,-0.29,-0.29,normal,normal,alta,19,historico dia_util,2.0
D06AE082862,17,,dia_util,0.042,0.0621,0.0695,-0.29,-0.29,normal,normal,alta,19,historico dia_util,2.0
D06AE082862,18,,dia_util,0.042,0.0695,0.0753,-0.37,-0.37,normal,normal,alta,20,historico dia_util,2.0
D06AE082862,19,,dia_util,0.039,0.0598,0.0663,-0.31,-0.31,normal,normal,alta,20,historico dia_util,2.0
D06AE082862,20,,dia_util,0.041,0.0595,0.0652,-0.28,-0.28,normal,normal,alta,20,historico dia_util,2.0
D06AE082862,21,,dia_util,0.039,0.0586,0.0647,-0.3,-0.3,normal,normal,alta,20,historico dia_util,2.0
D06AE082862,22,,dia_util,0.039,0.0494,0.0407,-0.25,-0.25,normal,normal,alta,18,historico dia_util,2.0
D06AE082862,23,,dia_util,0.038,0.0487,0.0404,-0.26,-0.26,normal,normal,alta,18,historico dia_util,2.0
D07AC001465N,0,,dia_util,0.0,0.0,0.01,0.0,0.0,normal,normal,alta,13,historico dia_util,2.0
D07AC001465N,1,,dia_util,0.0,0.0,0.01,0.0,0.0,normal,normal,alta,13,historico dia_util,2.0
D07AC001465N,2,,dia_util,0.0,0.0,0.01,0.0,0.0,normal,normal,alta,13,historico dia_util,2.0
D07AC001465N,3,,dia_util,0.0,0.0,0.01,0.0,0.0,normal,normal,alta,13,historico dia_util,2.0
D07AC001465N,4,,dia_util,0.0,0.0,0.01,0.0,0.0,normal,normal,alta,14,historico dia_util,2.0
D07AC001465N,5,,dia_util,0.0,0.0,0.01,0.0,0.0,normal,normal,alta,14,historico dia_util,2.0
D07AC001465N,6,,dia_util,0.0,0.0,0.01,0.0,0.0,normal,normal,alta,14,historico dia_util,2.0
D07AC001465N,7,,dia_util,0.0,0.0,0.01,0.0,0.0,normal,normal,alta,14,historico dia_util,2.0
D07AC001465N,8,,dia_util,0.0,0.0,0.01,0.0,0.0,normal,normal,alta,12,historico dia_util,2.0
D07AC001465N,9,,dia_util,0.0,0.0,0.01,0.0,0.0,normal,normal,alta,12,historico dia_util,2.0
D07AC001465N,10,,dia_util,0.0,0.0,0.01,0.0,0.0,normal,normal,alta,12,historico dia_util,2.0
D07AC001465N,11,,dia_util,0.0,0.0,0.01,0.0,0.0,normal,normal,alta,12,historico dia_util,2.0
D07AC001466O,0,,dia_util,0.0,0.0,0.01,0.0,0.0,normal,normal,alta,14,historico dia_util,2.0
D07AC001466O,5,,dia_util,0.0,0.0,0.01,0.0,0.0,normal,normal,alta,16,historico dia_util,2.0
D07AC001466O,6,,dia_util,0.0,0.0,0.01,0.0,0.0,normal,normal,alta,16,historico dia_util,2.0
D07AC001466O,7,,dia_util,0.0,0.0,0.01,0.0,0.0,normal,normal,alta,16,historico dia_util,2.0
D07AC001466O,8,,dia_util,0.0,0.0,0.01,0.0,0.0,normal,normal,alta,16,historico dia_util,2.0
D07AC001466O,22,,dia_util,-0.002,0.0,0.01,-0.2,-0.2,normal,normal,alta,15,historico dia_util,2.0
D07AC001466O,23,,dia_util,0.0,0.0,0.01,0.0,0.0,normal,normal,alta,15,historico dia_util,2.0
D07AC003358T,0,,dia_util,0.0,0.0,0.01,0.0,0.0,normal,normal,alta,20,historico dia_util,2.0
D07AC003358T,1,,dia_util,0.0,0.0,0.01,0.0,0.0,normal,normal,alta,20,historico dia_util,2.0
D07AC003358T,2,,dia_util,0.0,0.0,0.01,0.0,0.0,normal,normal,alta,20,historico dia_util,2.0
D07AC003358T,3,,dia_util,0.0,0.0,0.01,0.0,0.0,normal,normal,alta,20,historico dia_util,2.0
D07AC003358T,4,,dia_util,0.0,0.0,0.01,0.0,0.0,normal,normal,alta,20,historico dia_util,2.0
D07AC003358T,5,,dia_util,0.0,0.0,0.01,0.0,0.0,normal,normal,alta,20,historico dia_util,2.0
D07AC003358T,6,,dia_util,0.0,0.0,0.01,0.0,0.0,normal,normal,alta,20,historico dia_util,2.0
D07AC003358T,7,,dia_util,0.0,0.0,0.01,0.0,0.0,normal,normal,alta,20,historico dia_util,2.0
D07AC003358T,8,,dia_util,0.0,0.0,0.01,0.0,0.0,normal,normal,alta,20,historico dia_util,2.0
D07AC003358T,9,,dia_util,0.0,0.0,0.01,0.0,0.0,normal,normal,alta,20,historico dia_util,2.0
D07AC003358T,10,,dia_util,0.0,0.0,0.01,0.0,0.0,normal,normal,alta,20,historico dia_util,2.0
D07AC003358T,11,,dia_util,0.0,0.0,0.01,0.0,0.0,normal,normal,alta,20,historico dia_util,2.0
D07AC003358T,12,,dia_util,0.0,0.0,0.01,0.0,0.0,normal,normal,alta,20,historico dia_util,2.0
D07AC003358T,13,,dia_util,0.0,0.0,0.01,0.0,0.0,normal,normal,alta,20,historico dia_util,2.0
D07AC003358T,14,,dia_util,0.0,0.0,0.01,0.0,0.0,normal,normal,alta,20,historico dia_util,2.0
D07AC003358T,15,,dia_util,0.0,0.0,0.01,0.0,0.0,normal,normal,alta,20,historico dia_util,2.0
D07AC003358T,16,,dia_util,0.0,0.0,0.01,0.0,0.0,normal,normal,alta,20,historico dia_util,2.0
D07AC003358T,17,,dia_util,0.0,0.0,0.01,0.0,0.0,normal,normal,alta,20,historico dia_util,2.0
D07AC003358T,18,,dia_util,0.0,0.0,0.01,0.0,0.0,normal,normal,alta,20,historico dia_util,2.0
D07AC003358T,19,,dia_util,0.0,0.0,0.01,0.0,0.0,normal,normal,alta,20,historico dia_util,2.0
D07AC003358T,20,,dia_util,0.0,0.0,0.01,0.0,0.0,normal,normal,alta,20,historico dia_util,2.0
D07AC003358T,21,,dia_util,0.0,0.0,0.01,0.0,0.0,normal,normal,alta,20,historico dia_util,2.0
D07AC003358T,22,,dia_util,0.0,0.0,0.01,0.0,0.0,normal,normal,alta,20,historico dia_util,2.0
D07AC003358T,23,,dia_util,0.0,0.0,0.01,0.0,0.0,normal,normal,alta,20,historico dia_util,2.0
D07AC003363O,3,,dia_util,0.0,0.0,0.01,0.0,0.0,normal,normal,alta,20,historico dia_util,2.0
D07AC003363O,4,,dia_util,0.0,0.0,0.01,0.0,0.0,normal,normal,alta,20,historico dia_util,2.0
D07AC003363O,5,,dia_util,0.0,0.0,0.01,0.0,0.0,normal,normal,alta,20,historico dia_util,2.0
D07AC003363O,6,,dia_util,0.0,0.0,0.01,0.0,0.0,normal,normal,alta,20,historico dia_util,2.0
D07AC003363O,7,,dia_util,0.0,0.0,0.01,0.0,0.0,normal,normal,alta,20,historico dia_util,2.0
D07AC003363O,8,,dia_util,0.0,0.0,0.01,0.0,0.0,normal,normal,alta,20,historico dia_util,2.0
D07AC003363O,9,,dia_util,0.0,0.0,0.01,0.0,0.0,normal,normal,alta,20,historico dia_util,2.0
D07AC003363O,10,,dia_util,0.0,0.0,0.01,0.0,0.0,normal,normal,alta,20,historico dia_util,2.0
D07AC003363O,11,,dia_util,0.0,0.0,0.01,0.0,0.0,normal,normal,alta,20,historico dia_util,2.0
D07AC003363O,12,,dia_util,0.0,0.0,0.01,0.0,0.0,normal,normal,alta,20,historico dia_util,2.0
D07AC003363O,13,,dia_util,0.0,0.0,0.01,0.0,0.0,normal,normal,alta,20,historico dia_util,2.0
D07AC003363O,14,,dia_util,0.0,0.0,0.01,0.0,0.0,normal,normal,alta,20,historico dia_util,2.0
D07AC003363O,15,,dia_util,0.0,0.0,0.01,0.0,0.0,normal,normal,alta,20,historico dia_util,2.0
D07AC003363O,16,,dia_util,0.0,0.0,0.01,0.0,0.0,normal,normal,alta,20,historico dia_util,2.0
D07AC003363O,17,,dia_util,0.0,0.0,0.01,0.0,0.0,normal,normal,alta,20,historico dia_util,2.0
D07AC003363O,18,,dia_util,0.0,0.0,0.01,0.0,0.0,normal,normal,alta,20,historico dia_util,2.0
D07AC003363O,19,,dia_util,0.0,0.0,0.01,0.0,0.0,normal,normal,alta,19,historico dia_util,2.0
D07AC003363O,20,,dia_util,0.0,0.0,0.01,0.0,0.0,normal,normal,alta,19,historico dia_util,2.0
D07AC003363O,21,,dia_util,0.0,0.0,0.01,0.0,0.0,normal,normal,alta,19,historico dia_util,2.0
D07AC003363O,22,,dia_util,0.0,0.0,0.01,0.0,0.0,normal,normal,alta,19,historico dia_util,2.0
D07AC003363O,23,,dia_util,0.0,0.0,0.01,0.0,0.0,normal,normal,alta,18,historico dia_util,2.0
D07AC004101A,0,,dia_util,0.0,0.0,0.01,0.0,0.0,normal,normal,alta,18,historico dia_util,2.0
D07AC004101A,1,,dia_util,0.0,0.0,0.01,0.0,0.0,normal,normal,alta,20,historico dia_util,2.0
D07AC004101A,2,,dia_util,0.0,0.0,0.01,0.0,0.0,normal,normal,alta,20,historico dia_util,2.0
D07AC004101A,3,,dia_util,0.0,0.0,0.01,0.0,0.0,normal,normal,alta,20,historico dia_util,2.0
D07AC004101A,4,,dia_util,0.0,0.0,0.01,0.0,0.0,normal,normal,alta,20,historico dia_util,2.0
D07AC004101A,5,,dia_util,0.0,0.0,0.01,0.0,0.0,normal,normal,alta,20,historico dia_util,2.0
D07AC004101A,6,,dia_util,0.0,0.0,0.01,0.0,0.0,normal,normal,alta,20,historico dia_util,2.0
D07AC004101A,7,,dia_util,0.0,0.0,0.01,0.0,0.0,normal,normal,alta,20,historico dia_util,2.0
D07AC004101A,8,,dia_util,0.0,0.0,0.01,0.0,0.0,normal,normal,alta,20,historico dia_util,2.0
D07AC004101A,9,,dia_util,0.0,0.0,0.01,0.0,0.0,normal,normal,alta,20,historico dia_util,2.0
D07AC004101A,10,,dia_util,0.0,0.0,0.01,0.0,0.0,normal,normal,alta,20,historico dia_util,2.0
D07AC004101A,11,,dia_util,0.0,0.0,0.01,0.0,0.0,normal,normal,alta,20,historico dia_util,2.0
D07AC004101A,12,,dia_util,0.0,0.0,0.01,0.0,0.0,normal,normal,alta,17,historico dia_util,2.0
D07AC004101A,13,,dia_util,0.0,0.0,0.01,0.0,0.0,normal,normal,alta,19,historico dia_util,2.0
D07AC004101A,14,,dia_util,0.0,0.0,0.01,0.0,0.0,normal,normal,alta,19,historico dia_util,2.0
D07AC004101A,15,,dia_util,0.0,0.0,0.01,0.0,0.0,normal,normal,alta,19,historico dia_util,2.0
D07AC004101A,16,,dia_util,0.0,0.0,0.01,0.0,0.0,normal,normal,alta,20,historico dia_util,2.0
D07AC004101A,17,,dia_util,0.0,0.0,0.01,0.0,0.0,normal,normal,alta,20,historico dia_util,2.0
D07AC004101A,18,,dia_util,0.0,0.0,0.01,0.0,0.0,normal,normal,alta,20,historico dia_util,2.0
D07AC004101A,19,,dia_util,0.0,0.0,0.01,0.0,0.0,normal,normal,alta,20,historico dia_util,2.0
D07AC004101A,20,,dia_util,0.0,0.0,0.01,0.0,0.0,normal,normal,alta,19,historico dia_util,2.0
D07AC004101A,21,,dia_util,0.0,0.0,0.01,0.0,0.0,normal,normal,alta,19,historico dia_util,2.0
D07AC004101A,22,,dia_util,0.0,0.0,0.01,0.0,0.0,normal,normal,alta,19,historico dia_util,2.0
D07AC004101A,23,,dia_util,0.0,0.0,0.01,0.0,0.0,normal,normal,alta,19,historico dia_util,2.0
D07AC116408J,0,,dia_util,0.0,0.0,0.01,0.0,0.0,normal,normal,alta,20,historico dia_util,2.0
D07AC116408J,1,,dia_util,0.0,0.0,0.01,0.0,0.0,normal,normal,alta,20,historico dia_util,2.0
D07AC116408J,2,,dia_util,0.0,0.0,0.01,0.0,0.0,normal,normal,alta,20,historico dia_util,2.0
D07AC116408J,3,,dia_util,0.0,0.0,0.01,0.0,0.0,normal,normal,alta,20,historico dia_util,2.0
D07AC116408J,4,,dia_util,0.0,0.0,0.01,0.0,0.0,normal,normal,alta,20,historico dia_util,2.0
D07AC116408J,5,,dia_util,0.0,0.0,0.01,0.0,0.0,normal,normal,alta,20,historico dia_util,2.0
D07AC116408J,6,,dia_util,0.0,0.0,0.01,0.0,0.0,normal,normal,alta,20,historico dia_util,2.0
D07AC116408J,7,,dia_util,0.0,0.0,0.01,0.0,0.0,normal,normal,alta,20,historico dia_util,2.0
D07AC116408J,8,,dia_util,0.0,0.0,0.01,0.0,0.0,normal,normal,alta,20,historico dia_util,2.0
D07AC116408J,9,,dia_util,0.0,0.0,0.01,0.0,0.0,normal,normal,alta,19,historico dia_util,2.0
D07AC116408J,10,,dia_util,0.0,0.0,0.01,0.0,0.0,normal,normal,alta,19,historico dia_util,2.0
D07AC116408J,11,,dia_util,0.0,0.0,0.01,0.0,0.0,normal,normal,alta,19,historico dia_util,2.0
D07AC116408J,12,,dia_util,0.0,0.0,0.01,0.0,0.0,normal,normal,alta,19,historico dia_util,2.0
D07AC116408J,13,,dia_util,0.0,0.0,0.01,0.0,0.0,normal,normal,alta,20,historico dia_util,2.0
D07AC116408J,14,,dia_util,0.0,0.0,0.01,0.0,0.0,normal,normal,alta,20,historico dia_util,2.0
D07AC116408J,15,,dia_util,0.0,0.0,0.01,0.0,0.0,normal,normal,alta,20,historico dia_util,2.0
D07AC116408J,16,,dia_util,0.0,0.0,0.01,0.0,0.0,normal,normal,alta,20,historico dia_util,2.0
D07AC116408J,17,,dia_util,0.0,0.0,0.01,0.0,0.0,normal,normal,alta,19,historico dia_util,2.0
D07AC116408J,18,,dia_util,0.0,0.0,0.01,0.0,0.0,normal,normal,alta,19,historico dia_util,2.0
D07AC116408J,19,,dia_util,0.0,0.0,0.01,0.0,0.0,normal,normal,alta,19,historico dia_util,2.0
D07AC116408J,20,,dia_util,0.0,0.0,0.01,0.0,0.0,normal,normal,alta,19,historico dia_util,2.0
D07AC116408J,21,,dia_util,0.0,0.0,0.01,0.0,0.0,normal,normal,alta,17,historico dia_util,2.0
D07AC116408J,22,,dia_util,0.0,0.0,0.01,0.0,0.0,normal,normal,alta,20,historico dia_util,2.0
D07AC116408J,23,,dia_util,0.0,0.0,0.01,0.0,0.0,normal,normal,alta,20,historico dia_util,2.0
D07AE127769C,0,,dia_util,0.0,0.2676,0.5018,-0.53,-0.53,normal,normal,alta,19,historico dia_util,2.0
D07AE127769C,1,,dia_util,0.0,0.0,0.01,0.0,0.0,normal,normal,alta,19,historico dia_util,2.0
D07AE127769C,2,,dia_util,0.0,0.1769,0.4321,-0.41,-0.41,normal,normal,alta,20,historico dia_util,2.0
D07AE127769C,3,,dia_util,0.0,0.1067,0.331,-0.32,-0.32,normal,normal,alta,20,historico dia_util,2.0
D07AE127769C,4,,dia_util,0.0,0.0881,0.2697,-0.33,-0.33,normal,normal,alta,20,historico dia_util,2.0
D07AE127769C,5,,dia_util,0.0,0.1826,0.446,-0.41,-0.41,normal,normal,alta,20,historico dia_util,2.0
D07AE127769C,6,,dia_util,0.0,0.0278,0.1243,-0.22,-0.22,normal,normal,alta,20,historico dia_util,2.0
D07AE127769C,7,,dia_util,0.0,0.162,0.3607,-0.45,-0.45,normal,normal,alta,20,historico dia_util,2.0
D07AE127769C,8,,dia_util,0.0,0.2152,0.4265,-0.5,-0.5,normal,normal,alta,20,historico dia_util,2.0
D07AE127769C,9,,dia_util,0.0,0.1764,0.3964,-0.45,-0.45,normal,normal,alta,20,historico dia_util,2.0
D07AE127769C,10,,dia_util,0.0,0.2827,0.5135,-0.55,-0.55,normal,normal,alta,20,historico dia_util,2.0
D07AE127769C,11,,dia_util,0.0,0.2958,0.5257,-0.56,-0.56,normal,normal,alta,20,historico dia_util,2.0
D07AE127769C,12,,dia_util,0.0,0.0727,0.3251,-0.22,-0.22,normal,normal,alta,20,historico dia_util,2.0
D07AE127769C,13,,dia_util,0.0,0.2046,0.4263,-0.48,-0.48,normal,normal,alta,20,historico dia_util,2.0
D07AE127769C,14,,dia_util,0.0,0.1639,0.3734,-0.44,-0.44,normal,normal,alta,20,historico dia_util,2.0
D07AE127769C,15,,dia_util,0.0,0.1749,0.3928,-0.45,-0.45,normal,normal,alta,20,historico dia_util,2.0
D07AE127769C,16,,dia_util,0.0,0.477,0.7859,-0.61,-0.61,normal,normal,alta,20,historico dia_util,2.0
D07AE127769C,17,,dia_util,0.0,0.1228,0.3278,-0.37,-0.37,normal,normal,alta,20,historico dia_util,2.0
D07AE127769C,18,,dia_util,0.0,0.1931,0.4854,-0.4,-0.4,normal,normal,alta,20,historico dia_util,2.0
D07AE127769C,19,,dia_util,0.0,0.4036,0.5694,-0.71,-0.71,normal,normal,alta,20,historico dia_util,2.0
D07AE127769C,20,,dia_util,0.0,0.1937,0.4193,-0.46,-0.46,normal,normal,alta,20,historico dia_util,2.0
D07AE127769C,21,,dia_util,0.0,0.0491,0.2149,-0.23,-0.23,normal,normal,alta,20,historico dia_util,2.0
D07AE127769C,22,,dia_util,0.0,0.0864,0.2789,-0.31,-0.31,normal,normal,alta,19,historico dia_util,2.0
D07AE127769C,23,,dia_util,0.0,0.1122,0.3362,-0.33,-0.33,normal,normal,alta,19,historico dia_util,2.0
D07AE127770V,0,,dia_util,0.001,0.0157,0.013,-1.13,-1.13,normal,normal,alta,20,historico dia_util,2.0
D07AE127770V,1,,dia_util,0.004,0.0144,0.0132,-0.79,-0.79,normal,normal,alta,18,historico dia_util,2.0
D07AE127770V,2,,dia_util,0.001,0.0154,0.0131,-1.1,-1.1,normal,normal,alta,19,historico dia_util,2.0
D07AE127770V,3,,dia_util,0.0,0.0147,0.0134,-1.1,-1.1,normal,normal,alta,19,historico dia_util,2.0
D07AE127770V,4,,dia_util,0.0,0.0147,0.0136,-1.09,-1.09,normal,normal,alta,19,historico dia_util,2.0
D07AE127770V,5,,dia_util,0.0,0.0222,0.0328,-0.68,-0.68,normal,normal,alta,19,historico dia_util,2.0
D07AE127770V,6,,dia_util,0.001,0.0172,0.0152,-1.06,-1.06,normal,normal,alta,20,historico dia_util,2.0
D07AE127770V,7,,dia_util,0.0,0.0147,0.0123,-1.2,-1.2,normal,normal,alta,20,historico dia_util,2.0
D07AE127770V,8,,dia_util,0.0,0.0144,0.0125,-1.15,-1.15,normal,normal,alta,20,historico dia_util,2.0
D07AE127770V,9,,dia_util,0.0,0.015,0.013,-1.16,-1.16,normal,normal,alta,20,historico dia_util,2.0
D07AE127770V,10,,dia_util,0.0,0.0155,0.0125,-1.24,-1.24,normal,normal,alta,20,historico dia_util,2.0
D07AE127770V,11,,dia_util,0.0,0.0153,0.0126,-1.21,-1.21,normal,normal,alta,20,historico dia_util,2.0
D07AE127770V,12,,dia_util,0.001,0.0155,0.0128,-1.13,-1.13,normal,normal,alta,20,historico dia_util,2.0
D07AE127770V,13,,dia_util,0.0,0.0172,0.0122,-1.41,-1.41,normal,normal,alta,18,historico dia_util,2.0
D07AE127770V,14,,dia_util,0.001,0.0166,0.0125,-1.24,-1.24,normal,normal,alta,19,historico dia_util,2.0
D07AE127770V,15,,dia_util,0.001,0.0165,0.0128,-1.22,-1.22,normal,normal,alta,19,historico dia_util,2.0
D07AE127770V,16,,dia_util,0.0,0.0168,0.0126,-1.34,-1.34,normal,normal,alta,19,historico dia_util,2.0
D07AE127770V,17,,dia_util,0.0,0.0156,0.0126,-1.24,-1.24,normal,normal,alta,19,historico dia_util,2.0
D07AE127770V,18,,dia_util,0.001,0.0244,0.0448,-0.52,-0.52,normal,normal,alta,20,historico dia_util,2.0
D07AE127770V,19,,dia_util,0.0,0.1002,0.3874,-0.26,-0.26,normal,normal,alta,20,historico dia_util,2.0
D07AE127770V,20,,dia_util,0.0,0.0943,0.3631,-0.26,-0.26,normal,normal,alta,20,historico dia_util,2.0
D07AE137190M,0,,dia_util,0.0,0.0,0.01,0.0,0.0,normal,normal,alta,19,historico dia_util,2.0
D07AE137190M,1,,dia_util,0.0,0.0,0.01,0.0,0.0,normal,normal,alta,19,historico dia_util,2.0
D07AE137190M,2,,dia_util,0.0,0.0,0.01,0.0,0.0,normal,normal,alta,16,historico dia_util,2.0
D07AE137190M,3,,dia_util,0.0,0.0,0.01,0.0,0.0,normal,normal,alta,19,historico dia_util,2.0
D07AE137190M,4,,dia_util,0.0,0.0,0.01,0.0,0.0,normal,normal,alta,19,historico dia_util,2.0
D07AE137190M,5,,dia_util,0.0,0.0,0.01,0.0,0.0,normal,normal,alta,19,historico dia_util,2.0
D07AE137190M,10,,dia_util,0.0,0.0,0.01,0.0,0.0,normal,normal,alta,17,historico dia_util,2.0
D07AE137190M,11,,dia_util,0.0,0.0,0.01,0.0,0.0,normal,normal,alta,19,historico dia_util,2.0
D07AE137190M,12,,dia_util,0.0,0.0,0.01,0.0,0.0,normal,normal,alta,19,historico dia_util,2.0
D07AE137190M,13,,dia_util,0.0,0.0,0.01,0.0,0.0,normal,normal,alta,19,historico dia_util,2.0
D07AE137190M,14,,dia_util,0.0,0.0,0.01,0.0,0.0,normal,normal,alta,17,historico dia_util,2.0
D07AE137190M,15,,dia_util,0.0,0.0,0.01,0.0,0.0,normal,normal,alta,20,historico dia_util,2.0
D07AE137190M,16,,dia_util,0.0,0.0,0.01,0.0,0.0,normal,normal,alta,20,historico dia_util,2.0
D07AE137190M,17,,dia_util,0.0,0.0,0.01,0.0,0.0,normal,normal,alta,20,historico dia_util,2.0
D07AE137190M,18,,dia_util,0.0,0.0,0.01,0.0,0.0,normal,normal,alta,19,historico dia_util,2.0
D07AE137190M,19,,dia_util,0.0,0.0,0.01,0.0,0.0,normal,normal,alta,20,historico dia_util,2.0
D07AE137190M,20,,dia_util,0.0,0.0,0.01,0.0,0.0,normal,normal,alta,20,historico dia_util,2.0
D07AE137190M,21,,dia_util,0.0,0.0,0.01,0.0,0.0,normal,normal,alta,20,historico dia_util,2.0
D07AE137190M,22,,dia_util,0.0,0.0,0.01,0.0,0.0,normal,normal,alta,16,historico dia_util,2.0
D07AE137190M,23,,dia_util,0.0,0.0,0.01,0.0,0.0,normal,normal,alta,20,historico dia_util,2.0
D07AE137191N,0,,dia_util,0.0,0.0,0.01,0.0,0.0,normal,normal,alta,20,historico dia_util,2.0
D07AE137191N,1,,dia_util,0.0,0.0,0.01,0.0,0.0,normal,normal,alta,20,historico dia_util,2.0
D07AE137191N,2,,dia_util,0.0,0.0,0.01,0.0,0.0,normal,normal,alta,18,historico dia_util,2.0
D07AE137191N,3,,dia_util,0.0,0.0,0.01,0.0,0.0,normal,normal,alta,20,historico dia_util,2.0
D07AE137191N,4,,dia_util,0.0,0.0,0.01,0.0,0.0,normal,normal,alta,20,historico dia_util,2.0
D07AE137191N,5,,dia_util,0.0,0.0,0.01,0.0,0.0,normal,normal,alta,20,historico dia_util,2.0
D07AE137191N,7,,dia_util,0.0,0.0,0.01,0.0,0.0,normal,normal,alta,20,historico dia_util,2.0
D07AE137191N,8,,dia_util,0.0,0.0,0.01,0.0,0.0,normal,normal,alta,20,historico dia_util,2.0
D07AE137191N,9,,dia_util,0.0,0.0,0.01,0.0,0.0,normal,normal,alta,20,historico dia_util,2.0
D07AE137191N,10,,dia_util,0.0,0.0,0.01,0.0,0.0,normal,normal,alta,18,historico dia_util,2.0
D07AE137191N,11,,dia_util,0.0,0.0,0.01,0.0,0.0,normal,normal,alta,20,historico dia_util,2.0
D07AE137191N,12,,dia_util,0.0,0.0,0.01,0.0,0.0,normal,normal,alta,20,historico dia_util,2.0
D07AE137191N,13,,dia_util,0.0,0.0,0.01,0.0,0.0,normal,normal,alta,20,historico dia_util,2.0
D07AE137191N,14,,dia_util,0.0,0.0,0.01,0.0,0.0,normal,normal,alta,18,historico dia_util,2.0
D07AE137191N,15,,dia_util,0.0,0.0,0.01,0.0,0.0,normal,normal,alta,19,historico dia_util,2.0
D07AE137191N,16,,dia_util,0.0,0.0,0.01,0.0,0.0,normal,normal,alta,19,historico dia_util,2.0
D07AE137191N,17,,dia_util,0.0,0.0,0.01,0.0,0.0,normal,normal,alta,19,historico dia_util,2.0
D07AE137191N,18,,dia_util,0.0,0.0,0.01,0.0,0.0,normal,normal,alta,19,historico dia_util,2.0
D07AE137191N,19,,dia_util,0.0,0.0,0.01,0.0,0.0,normal,normal,alta,20,historico dia_util,2.0
D07AE137191N,20,,dia_util,0.0,0.0,0.01,0.0,0.0,normal,normal,alta,20,historico dia_util,2.0
D07AE137191N,21,,dia_util,0.0,0.0,0.01,0.0,0.0,normal,normal,alta,20,historico dia_util,2.0
D07AE137191N,22,,dia_util,0.0,0.0,0.01,0.0,0.0,normal,normal,alta,19,historico dia_util,2.0
D07AE137191N,23,,dia_util,0.0,0.0,0.01,0.0,0.0,normal,normal,alta,20,historico dia_util,2.0
D07AE137194,0,,dia_util,0.0,0.0,0.01,0.0,0.0,normal,normal,alta,17,historico dia_util,2.0
D07AE137194,1,,dia_util,0.0,0.0,0.01,0.0,0.0,normal,normal,alta,17,historico dia_util,2.0
D07AE137194,2,,dia_util,0.0,0.0,0.01,0.0,0.0,normal,normal,alta,17,historico dia_util,2.0
D07AE137194,3,,dia_util,0.0,0.0,0.01,0.0,0.0,normal,normal,alta,17,historico dia_util,2.0
D07AE137194,4,,dia_util,0.0,0.0,0.01,0.0,0.0,normal,normal,alta,17,historico dia_util,2.0
D07AE137194,5,,dia_util,0.0,0.0,0.01,0.0,0.0,normal,normal,alta,17,historico dia_util,2.0
D07AE137194,6,,dia_util,0.0,0.0,0.01,0.0,0.0,normal,normal,alta,17,historico dia_util,2.0
D07AE137194,7,,dia_util,0.0,0.0,0.01,0.0,0.0,normal,normal,alta,19,historico dia_util,2.0
D07AE137194,8,,dia_util,0.0,0.0,0.01,0.0,0.0,normal,normal,alta,19,historico dia_util,2.0
D07AE137194,9,,dia_util,0.0,0.0,0.01,0.0,0.0,normal,normal,alta,19,historico dia_util,2.0
D07AE137194,10,,dia_util,0.0,0.0,0.01,0.0,0.0,normal,normal,alta,19,historico dia_util,2.0
D07AE137194,11,,dia_util,0.0,0.0,0.01,0.0,0.0,normal,normal,alta,16,historico dia_util,2.0
D07AE137194,12,,dia_util,0.0,0.0,0.01,0.0,0.0,normal,normal,alta,16,historico dia_util,2.0
D07AE137194,13,,dia_util,0.0,0.0,0.01,0.0,0.0,normal,normal,alta,16,historico dia_util,2.0
D07AE137194,14,,dia_util,0.0,0.0,0.01,0.0,0.0,normal,normal,alta,16,historico dia_util,2.0
D07AE137194,15,,dia_util,0.0,0.0,0.01,0.0,0.0,normal,normal,alta,18,historico dia_util,2.0
D07AE137194,16,,dia_util,0.0,0.0,0.01,0.0,0.0,normal,normal,alta,18,historico dia_util,2.0
D07AE137194,17,,dia_util,0.0,0.0,0.01,0.0,0.0,normal,normal,alta,18,historico dia_util,2.0
D07AE137194,18,,dia_util,0.0,0.0,0.01,0.0,0.0,normal,normal,alta,18,historico dia_util,2.0
D07AE137194,19,,dia_util,0.0,0.0,0.01,0.0,0.0,normal,normal,alta,19,historico dia_util,2.0
D07AE137194,20,,dia_util,0.0,0.0,0.01,0.0,0.0,normal,normal,alta,19,historico dia_util,2.0
D07AE137194,21,,dia_util,0.0,0.0,0.01,0.0,0.0,normal,normal,alta,19,historico dia_util,2.0
D07AE137194,22,,dia_util,0.0,0.0,0.01,0.0,0.0,normal,normal,alta,19,historico dia_util,2.0
D07AE137194,23,,dia_util,0.0,0.0,0.01,0.0,0.0,normal,normal,alta,18,historico dia_util,2.0
D08AB044387,4,,dia_util,0.32,0.0089,0.0122,10.0,25.41,desvio,acima,alta,12,historico dia_util,2.0
D08AB044387,5,,dia_util,0.019,0.0032,0.01,1.57,1.57,normal,normal,alta,12,historico dia_util,2.0
D08AB044387,6,,dia_util,0.0,0.0069,0.01,-0.69,-0.69,normal,normal,alta,12,historico dia_util,2.0
D08AB044387,7,,dia_util,0.006,0.0063,0.01,-0.03,-0.03,normal,normal,alta,12,historico dia_util,2.0
D08AB044387,16,,dia_util,0.21,0.1651,0.0988,0.45,0.45,normal,normal,alta,10,historico dia_util,2.0
D08AB044387,17,,dia_util,0.024,0.0158,0.01,0.82,0.82,normal,normal,alta,10,historico dia_util,2.0
D08AB044387,18,,dia_util,0.004,0.0108,0.01,-0.68,-0.68,normal,normal,alta,10,historico dia_util,2.0
D08AB044387,19,,dia_util,0.005,0.0242,0.0291,-0.66,-0.66,normal,normal,alta,10,historico dia_util,2.0
D08AB044387,20,,dia_util,0.017,0.1483,0.1667,-0.79,-0.79,normal,normal,alta,7,historico dia_util,2.0
D08AB044387,21,,dia_util,0.003,0.0067,0.01,-0.37,-0.37,normal,normal,alta,7,historico dia_util,2.0
D08AB044387,22,,dia_util,0.006,0.0043,0.01,0.17,0.17,normal,normal,alta,7,historico dia_util,2.0
D08AB044387,23,,dia_util,0.009,0.0036,0.01,0.54,0.54,normal,normal,alta,7,historico dia_util,2.0
D08AC357150V,0,,dia_util,0.018,0.0085,0.0178,0.53,0.53,normal,normal,alta,10,historico dia_util,2.0
D08AC357150V,1,,dia_util,0.006,0.0014,0.01,0.46,0.46,normal,normal,alta,10,historico dia_util,2.0
D08AC357150V,2,,dia_util,0.0,0.0007,0.01,-0.07,-0.07,normal,normal,alta,10,historico dia_util,2.0
D08AC357150V,3,,dia_util,0.001,0.0644,0.1342,-0.47,-0.47,normal,normal,alta,12,historico dia_util,2.0
D08AC357150V,4,,dia_util,0.021,0.003,0.01,1.8,1.8,normal,normal,alta,12,historico dia_util,2.0
D08AC357150V,5,,dia_util,0.026,0.0167,0.01,0.93,0.93,normal,normal,alta,12,historico dia_util,2.0
D08AC357150V,6,,dia_util,0.085,0.0823,0.0664,0.04,0.04,normal,normal,alta,12,historico dia_util,2.0
D08AC357150V,11,,dia_util,0.208,0.1939,0.2384,0.06,0.06,normal,normal,alta,14,historico dia_util,2.0
D08AC357150V,12,,dia_util,0.113,0.0465,0.032,2.08,2.08,desvio,acima,alta,14,historico dia_util,2.0
D08AC357150V,13,,dia_util,0.107,0.0496,0.0446,1.29,1.29,normal,normal,alta,14,historico dia_util,2.0
D08AC357150V,14,,dia_util,0.104,0.0738,0.0497,0.61,0.61,normal,normal,alta,14,historico dia_util,2.0
D08AC357150V,15,,dia_util,0.08,0.1661,0.1909,-0.45,-0.45,normal,normal,alta,11,historico dia_util,2.0
D08AC357150V,16,,dia_util,0.059,0.0745,0.0925,-0.17,-0.17,normal,normal,alta,11,historico dia_util,2.0
D08AC357150V,17,,dia_util,0.03,0.077,0.0459,-1.02,-1.02,normal,normal,alta,11,historico dia_util,2.0
D08AC357150V,18,,dia_util,0.067,0.065,0.0466,0.04,0.04,normal,normal,alta,11,historico dia_util,2.0
D08AC357150V,19,,dia_util,0.118,0.231,0.1258,-0.9,-0.9,normal,normal,alta,13,historico dia_util,2.0
D08AC357150V,20,,dia_util,0.283,0.1059,0.0331,5.35,5.35,desvio,acima,alta,13,historico dia_util,2.0
D08AC357150V,21,,dia_util,0.142,0.0779,0.0364,1.76,1.76,normal,normal,alta,13,historico dia_util,2.0
D08AC357150V,22,,dia_util,0.034,0.0409,0.0207,-0.33,-0.33,normal,normal,alta,13,historico dia_util,2.0
D08AC357150V,23,,dia_util,0.043,0.0876,0.1357,-0.33,-0.33,normal,normal,alta,10,historico dia_util,2.0
D08AC395031B,0,,dia_util,0.092,0.0304,0.0344,1.79,1.79,normal,normal,alta,17,historico dia_util,2.0
D08AC395031B,1,,dia_util,0.013,0.0134,0.01,-0.04,-0.04,normal,normal,alta,19,historico dia_util,2.0
D08AC395031B,2,,dia_util,0.006,0.0041,0.01,0.19,0.19,normal,normal,alta,19,historico dia_util,2.0
D08AC395031B,3,,dia_util,0.0,0.0084,0.0271,-0.31,-0.31,normal,normal,alta,20,historico dia_util,2.0
D08AC395031B,4,,dia_util,0.001,0.0022,0.01,-0.11,-0.11,normal,normal,alta,20,historico dia_util,2.0
D08AC395031B,5,,dia_util,0.01,0.0041,0.01,0.59,0.59,normal,normal,alta,20,historico dia_util,2.0
D08AC395031B,6,,dia_util,0.009,0.0059,0.01,0.31,0.31,normal,normal,alta,20,historico dia_util,2.0
D08AC395031B,7,,dia_util,0.033,0.024,0.0214,0.42,0.42,normal,normal,alta,20,historico dia_util,2.0
D08AC395031B,8,,dia_util,0.036,0.0456,0.0334,-0.29,-0.29,normal,normal,alta,20,historico dia_util,2.0
D08AC395031B,9,,dia_util,0.087,0.0669,0.0504,0.4,0.4,normal,normal,alta,20,historico dia_util,2.0
D08AC395031B,10,,dia_util,0.015,0.0525,0.0422,-0.89,-0.89,normal,normal,alta,20,historico dia_util,2.0
D08AC395031B,11,,dia_util,0.049,0.0654,0.0444,-0.37,-0.37,normal,normal,alta,19,historico dia_util,2.0
D08AC395031B,12,,dia_util,0.008,0.0716,0.0573,-1.11,-1.11,normal,normal,alta,19,historico dia_util,2.0
D08AC395031B,13,,dia_util,0.123,0.0743,0.0518,0.94,0.94,normal,normal,alta,19,historico dia_util,2.0
D08AC395031B,14,,dia_util,0.052,0.0558,0.0452,-0.08,-0.08,normal,normal,alta,19,historico dia_util,2.0
D08AC395031B,15,,dia_util,0.08,0.0336,0.0597,0.78,0.78,normal,normal,alta,20,historico dia_util,2.0
D08AC395031B,16,,dia_util,0.132,0.0343,0.0429,2.27,2.27,desvio,acima,alta,20,historico dia_util,2.0
D08AC395031B,17,,dia_util,0.019,0.0292,0.0314,-0.32,-0.32,normal,normal,alta,20,historico dia_util,2.0
D08AC395031B,18,,dia_util,0.008,0.047,0.0502,-0.78,-0.78,normal,normal,alta,20,historico dia_util,2.0
D08AC395031B,19,,dia_util,0.082,0.0692,0.0583,0.22,0.22,normal,normal,alta,20,historico dia_util,2.0
D08AC395031B,20,,dia_util,0.057,0.0491,0.0485,0.16,0.16,normal,normal,alta,20,historico dia_util,2.0
D08AC395031B,21,,dia_util,0.012,0.0295,0.0396,-0.44,-0.44,normal,normal,alta,20,historico dia_util,2.0
D08AC395031B,22,,dia_util,0.118,0.0256,0.0253,3.65,3.65,desvio,acima,alta,20,historico dia_util,2.0
D08AC395031B,23,,dia_util,0.147,0.0364,0.0358,3.09,3.09,desvio,acima,alta,20,historico dia_util,2.0
D09AC220451,3,,dia_util,0.0,0.0,0.01,0.0,0.0,normal,normal,alta,20,historico dia_util,2.0
D09AC220451,4,,dia_util,0.0,0.0,0.01,0.0,0.0,normal,normal,alta,20,historico dia_util,2.0
D09AC220451,5,,dia_util,0.0,0.0,0.01,0.0,0.0,normal,normal,alta,20,historico dia_util,2.0
D09AC220451,6,,dia_util,0.0,0.0,0.01,0.0,0.0,normal,normal,alta,20,historico dia_util,2.0
D09AC220451,11,,dia_util,0.0,0.0,0.01,0.0,0.0,normal,normal,alta,17,historico dia_util,2.0
D09AC220451,12,,dia_util,0.0,0.0,0.01,0.0,0.0,normal,normal,alta,17,historico dia_util,2.0
D09AC220451,13,,dia_util,0.0,0.0,0.01,0.0,0.0,normal,normal,alta,17,historico dia_util,2.0
D09AC220451,14,,dia_util,0.0,0.0,0.01,0.0,0.0,normal,normal,alta,17,historico dia_util,2.0
D09AC220451,15,,dia_util,0.0,0.0,0.01,0.0,0.0,normal,normal,alta,20,historico dia_util,2.0
D09AC220451,16,,dia_util,0.0,0.0,0.01,0.0,0.0,normal,normal,alta,20,historico dia_util,2.0
D09AC220451,17,,dia_util,0.0,0.0,0.01,0.0,0.0,normal,normal,alta,20,historico dia_util,2.0
D09AC220451,18,,dia_util,0.0,0.0,0.01,0.0,0.0,normal,normal,alta,20,historico dia_util,2.0
D09AC220451,19,,dia_util,0.0,0.0,0.01,0.0,0.0,normal,normal,alta,18,historico dia_util,2.0
D09AC220451,20,,dia_util,0.0,0.0,0.01,0.0,0.0,normal,normal,alta,19,historico dia_util,2.0
D09AC220451,21,,dia_util,0.0,0.0,0.01,0.0,0.0,normal,normal,alta,19,historico dia_util,2.0
D09AC220451,22,,dia_util,0.0,0.0,0.01,0.0,0.0,normal,normal,alta,19,historico dia_util,2.0
D09AE219774A,0,,dia_util,0.0,0.0,0.01,0.0,0.0,normal,normal,alta,12,historico dia_util,2.0
D09AE219774A,1,,dia_util,0.0,0.0,0.01,0.0,0.0,normal,normal,alta,13,historico dia_util,2.0
D09AE219774A,2,,dia_util,0.0,0.0,0.01,0.0,0.0,normal,normal,alta,11,historico dia_util,2.0
D09AE219774A,3,,dia_util,0.0,0.0,0.01,0.0,0.0,normal,normal,alta,13,historico dia_util,2.0
D09AE219774A,4,,dia_util,0.0,0.0,0.01,0.0,0.0,normal,normal,alta,13,historico dia_util,2.0
D09AE219774A,5,,dia_util,0.0,0.0,0.01,0.0,0.0,normal,normal,alta,13,historico dia_util,2.0
D09AE219774A,6,,dia_util,0.0,0.0,0.01,0.0,0.0,normal,normal,alta,13,historico dia_util,2.0
D09AE219774A,7,,dia_util,0.0,0.0,0.01,0.0,0.0,normal,normal,alta,13,historico dia_util,2.0
D09AE219774A,8,,dia_util,0.0,0.0,0.01,0.0,0.0,normal,normal,alta,13,historico dia_util,2.0
D09AE219774A,9,,dia_util,0.0,0.0,0.01,0.0,0.0,normal,normal,alta,13,historico dia_util,2.0
D09AE219774A,10,,dia_util,0.0,0.0,0.01,0.0,0.0,normal,normal,alta,13,historico dia_util,2.0
D09AE219774A,11,,dia_util,0.0,0.0,0.01,0.0,0.0,normal,normal,alta,13,historico dia_util,2.0
D09AE219774A,12,,dia_util,0.0,0.0,0.01,0.0,0.0,normal,normal,alta,13,historico dia_util,2.0
D09AE219774A,13,,dia_util,0.0,0.0,0.01,0.0,0.0,normal,normal,alta,13,historico dia_util,2.0
D09AE219774A,14,,dia_util,0.0,0.0,0.01,0.0,0.0,normal,normal,alta,12,historico dia_util,2.0
D09AE219774A,15,,dia_util,0.0,0.0,0.01,0.0,0.0,normal,normal,alta,13,historico dia_util,2.0
D09AE219774A,16,,dia_util,0.0,0.0,0.01,0.0,0.0,normal,normal,alta,13,historico dia_util,2.0
D09AE219774A,17,,dia_util,0.0,0.0,0.01,0.0,0.0,normal,normal,alta,13,historico dia_util,2.0
D09AE219774A,18,,dia_util,0.0,0.0,0.01,0.0,0.0,normal,normal,alta,12,historico dia_util,2.0
D09AE219774A,19,,dia_util,0.0,0.0,0.01,0.0,0.0,normal,normal,alta,13,historico dia_util,2.0
D09AE219774A,20,,dia_util,0.0,0.0,0.01,0.0,0.0,normal,normal,alta,13,historico dia_util,2.0
D09AE219774A,21,,dia_util,0.0,0.0,0.01,0.0,0.0,normal,normal,alta,13,historico dia_util,2.0
D09AE219774A,22,,dia_util,0.0,0.0,0.01,0.0,0.0,normal,normal,alta,13,historico dia_util,2.0
D09AE219774A,23,,dia_util,0.0,0.0,0.01,0.0,0.0,normal,normal,alta,13,historico dia_util,2.0
D09JE246112R,0,,dia_util,0.0,0.0,0.01,0.0,0.0,normal,normal,alta,10,historico dia_util,2.0
D09JE246112R,1,,dia_util,0.0,0.0,0.01,0.0,0.0,normal,normal,alta,12,historico dia_util,2.0
D09JE246112R,2,,dia_util,0.0,0.0,0.01,0.0,0.0,normal,normal,alta,12,historico dia_util,2.0
D09JE246112R,3,,dia_util,0.0,0.0,0.01,0.0,0.0,normal,normal,alta,12,historico dia_util,2.0
D09JE246112R,4,,dia_util,0.0,0.0,0.01,0.0,0.0,normal,normal,alta,12,historico dia_util,2.0
D09JE246112R,5,,dia_util,0.0,0.0,0.01,0.0,0.0,normal,normal,alta,11,historico dia_util,2.0
D09JE246112R,6,,dia_util,0.0,0.0,0.01,0.0,0.0,normal,normal,alta,11,historico dia_util,2.0
D09JE246112R,7,,dia_util,0.0,0.0,0.01,0.0,0.0,normal,normal,alta,11,historico dia_util,2.0
D09JE246112R,8,,dia_util,0.0,0.0,0.01,0.0,0.0,normal,normal,alta,11,historico dia_util,2.0
D09JE246112R,9,,dia_util,0.0,0.0,0.01,0.0,0.0,normal,normal,alta,11,historico dia_util,2.0
D09JE246112R,10,,dia_util,0.0,0.0,0.01,0.0,0.0,normal,normal,alta,11,historico dia_util,2.0
D09JE246112R,11,,dia_util,0.0,0.0,0.01,0.0,0.0,normal,normal,alta,11,historico dia_util,2.0
D09JE246112R,12,,dia_util,0.0,0.0,0.01,0.0,0.0,normal,normal,alta,11,historico dia_util,2.0
D09JE246112R,13,,dia_util,0.0,0.0,0.01,0.0,0.0,normal,normal,alta,12,historico dia_util,2.0
D09JE246112R,14,,dia_util,0.0,0.0,0.01,0.0,0.0,normal,normal,alta,12,historico dia_util,2.0
D09JE246112R,15,,dia_util,0.0,0.0,0.01,0.0,0.0,normal,normal,alta,12,historico dia_util,2.0
D09JE246112R,16,,dia_util,0.0,0.0,0.01,0.0,0.0,normal,normal,alta,12,historico dia_util,2.0
D09JE246112R,17,,dia_util,0.0,0.0,0.01,0.0,0.0,normal,normal,alta,11,historico dia_util,2.0
D09JE246112R,18,,dia_util,0.0,0.0,0.01,0.0,0.0,normal,normal,alta,11,historico dia_util,2.0
D09JE246112R,19,,dia_util,0.0,0.0,0.01,0.0,0.0,normal,normal,alta,11,historico dia_util,2.0
D09JE246112R,20,,dia_util,0.0,0.0,0.01,0.0,0.0,normal,normal,alta,11,historico dia_util,2.0
D09JE246112R,21,,dia_util,0.0,0.0,0.01,0.0,0.0,normal,normal,alta,12,historico dia_util,2.0
D09JE246112R,22,,dia_util,0.0,0.0,0.01,0.0,0.0,normal,normal,alta,12,historico dia_util,2.0
D09JE246112R,23,,dia_util,0.0,0.0,0.01,0.0,0.0,normal,normal,alta,12,historico dia_util,2.0
D09OF265615K,0,,dia_util,0.0,0.0,0.01,0.0,0.0,normal,normal,alta,18,historico dia_util,2.0
D09OF265615K,1,,dia_util,0.0,0.0,0.01,0.0,0.0,normal,normal,alta,18,historico dia_util,2.0
D09OF265615K,2,,dia_util,0.0,0.0,0.01,0.0,0.0,normal,normal,alta,18,historico dia_util,2.0
D09OF265615K,3,,dia_util,0.0,0.0,0.01,0.0,0.0,normal,normal,alta,18,historico dia_util,2.0
D09OF265615K,4,,dia_util,0.0,0.0,0.01,0.0,0.0,normal,normal,alta,17,historico dia_util,2.0
D09OF265615K,5,,dia_util,0.0,0.0,0.01,0.0,0.0,normal,normal,alta,17,historico dia_util,2.0
D09OF265615K,6,,dia_util,0.0,0.0,0.01,0.0,0.0,normal,normal,alta,17,historico dia_util,2.0
D09OF265615K,7,,dia_util,0.0,0.0,0.01,0.0,0.0,normal,normal,alta,17,historico dia_util,2.0
D09OF265615K,12,,dia_util,0.0,0.0,0.01,0.0,0.0,normal,normal,alta,20,historico dia_util,2.0
D09OF265615K,13,,dia_util,0.0,0.0,0.01,0.0,0.0,normal,normal,alta,20,historico dia_util,2.0
D09OF265615K,14,,dia_util,0.0,0.0,0.01,0.0,0.0,normal,normal,alta,20,historico dia_util,2.0
D09OF265615K,15,,dia_util,0.0,0.0,0.01,0.0,0.0,normal,normal,alta,20,historico dia_util,2.0
D09OF265615K,16,,dia_util,0.0,0.0,0.01,0.0,0.0,normal,normal,alta,18,historico dia_util,2.0
D09OF265615K,17,,dia_util,0.0,0.0,0.01,0.0,0.0,normal,normal,alta,18,historico dia_util,2.0
D09OF265615K,18,,dia_util,0.0,0.0,0.01,0.0,0.0,normal,normal,alta,18,historico dia_util,2.0
D09OF265615K,19,,dia_util,0.0,0.0,0.01,0.0,0.0,normal,normal,alta,18,historico dia_util,2.0
D09OF265615K,20,,dia_util,0.0,0.0,0.01,0.0,0.0,normal,normal,alta,17,historico dia_util,2.0
D09OF265615K,21,,dia_util,0.0,0.0,0.01,0.0,0.0,normal,normal,alta,17,historico dia_util,2.0
D09OF265615K,22,,dia_util,0.0,0.0,0.01,0.0,0.0,normal,normal,alta,17,historico dia_util,2.0
D09OF265615K,23,,dia_util,0.0,0.0,0.01,0.0,0.0,normal,normal,alta,17,historico dia_util,2.0
D10JC069091G,0,,dia_util,0.0,0.0,0.01,0.0,0.0,normal,normal,alta,20,historico dia_util,2.0
D10JC069091G,1,,dia_util,0.0,0.0,0.01,0.0,0.0,normal,normal,alta,20,historico dia_util,2.0
D10JC069091G,2,,dia_util,0.0,0.0,0.01,0.0,0.0,normal,normal,alta,20,historico dia_util,2.0
D10JC069091G,3,,dia_util,0.0,0.0,0.01,0.0,0.0,normal,normal,alta,20,historico dia_util,2.0
D10JC069091G,4,,dia_util,0.0,0.0,0.01,0.0,0.0,normal,normal,alta,20,historico dia_util,2.0
D10JC069091G,5,,dia_util,0.0,0.0,0.01,0.0,0.0,normal,normal,alta,20,historico dia_util,2.0
D10JC069091G,6,,dia_util,0.0,0.0,0.01,0.0,0.0,normal,normal,alta,20,historico dia_util,2.0
D10JC069091G,7,,dia_util,0.0,0.0,0.01,0.0,0.0,normal,normal,alta,20,historico dia_util,2.0
D10JC069091G,8,,dia_util,0.0,0.0001,0.01,-0.01,-0.01,normal,normal,alta,20,historico dia_util,2.0
D10JC069091G,9,,dia_util,0.0,0.0001,0.01,-0.01,-0.01,normal,normal,alta,20,historico dia_util,2.0
D10JC069091G,10,,dia_util,0.0,0.0002,0.01,-0.02,-0.02,normal,normal,alta,20,historico dia_util,2.0
D10JC069091G,11,,dia_util,0.0,0.0002,0.01,-0.02,-0.02,normal,normal,alta,20,historico dia_util,2.0
D10JC069091G,12,,dia_util,0.0,0.0002,0.01,-0.02,-0.02,normal,normal,alta,20,historico dia_util,2.0
D10JC069091G,13,,dia_util,0.0,0.0002,0.01,-0.02,-0.02,normal,normal,alta,20,historico dia_util,2.0
D10JC069091G,14,,dia_util,0.0,0.0001,0.01,-0.01,-0.01,normal,normal,alta,20,historico dia_util,2.0
D10JC069091G,15,,dia_util,0.0,0.0003,0.01,-0.03,-0.03,normal,normal,alta,20,historico dia_util,2.0
D10JC069091G,16,,dia_util,0.0,0.0001,0.01,-0.01,-0.01,normal,normal,alta,20,historico dia_util,2.0
D10JC069091G,17,,dia_util,0.0,0.0002,0.01,-0.02,-0.02,normal,normal,alta,20,historico dia_util,2.0
D10JC069091G,18,,dia_util,0.0,0.0001,0.01,-0.01,-0.01,normal,normal,alta,20,historico dia_util,2.0
D10JC069091G,19,,dia_util,0.0,0.0,0.01,0.0,0.0,normal,normal,alta,20,historico dia_util,2.0
D10JC069091G,20,,dia_util,0.0,0.0001,0.01,-0.01,-0.01,normal,normal,alta,20,historico dia_util,2.0
D10JC069091G,21,,dia_util,0.0,0.0,0.01,0.0,0.0,normal,normal,alta,20,historico dia_util,2.0
D10JC069091G,22,,dia_util,0.0,0.0001,0.01,-0.01,-0.01,normal,normal,alta,20,historico dia_util,2.0
D10JC069091G,23,,dia_util,0.0,0.0,0.01,0.0,0.0,normal,normal,alta,20,historico dia_util,2.0
D10JC116614G,1,,dia_util,0.0,0.4075,1.4691,-0.28,-0.28,normal,normal,alta,13,historico dia_util,2.0
D10JC116614G,2,,dia_util,0.0,0.4038,1.4558,-0.28,-0.28,normal,normal,alta,13,historico dia_util,2.0
D10JC116614G,3,,dia_util,0.0,0.4172,1.5041,-0.28,-0.28,normal,normal,alta,13,historico dia_util,2.0
D10JC116614G,4,,dia_util,0.0,0.5087,1.6087,-0.32,-0.32,normal,normal,alta,10,historico dia_util,2.0
D10JC116614G,8,,dia_util,0.0,0.0,0.01,0.0,0.0,normal,normal,alta,10,historico dia_util,2.0
D10JC116614G,9,,dia_util,0.0,0.0,0.01,0.0,0.0,normal,normal,alta,10,historico dia_util,2.0
D10JC116614G,10,,dia_util,0.0,0.0,0.01,0.0,0.0,normal,normal,alta,10,historico dia_util,2.0
D10JC116614G,11,,dia_util,0.0,0.0,0.01,0.0,0.0,normal,normal,alta,10,historico dia_util,2.0
D10JC116614G,13,,dia_util,0.0,0.0558,0.2014,-0.28,-0.28,normal,normal,alta,13,historico dia_util,2.0
D10JC116614G,14,,dia_util,0.0,0.0,0.01,0.0,0.0,normal,normal,alta,13,historico dia_util,2.0
D10JC116614G,15,,dia_util,0.0,0.0,0.01,0.0,0.0,normal,normal,alta,13,historico dia_util,2.0
D10JC116614G,16,,dia_util,0.0,0.0,0.01,0.0,0.0,normal,normal,alta,8,historico dia_util,2.0
D10JC116614G,20,,dia_util,0.0,0.0,0.01,0.0,0.0,normal,normal,alta,10,historico dia_util,2.0
D10JC116614G,21,,dia_util,0.0,0.0,0.01,0.0,0.0,normal,normal,alta,7,historico dia_util,2.0
D10JC116614G,22,,dia_util,0.0,0.0,0.01,0.0,0.0,normal,normal,alta,7,historico dia_util,2.0
D10JC116614G,23,,dia_util,0.0,0.0,0.01,0.0,0.0,normal,normal,alta,7,historico dia_util,2.0
D10JE044291W,0,,dia_util,0.0,0.0,0.01,0.0,0.0,normal,normal,alta,18,historico dia_util,2.0
D10JE044291W,1,,dia_util,0.0,0.0,0.01,0.0,0.0,normal,normal,alta,18,historico dia_util,2.0
D10JE044291W,2,,dia_util,0.0,0.0,0.01,0.0,0.0,normal,normal,alta,18,historico dia_util,2.0
D10JE044291W,3,,dia_util,0.0,0.0,0.01,0.0,0.0,normal,normal,alta,18,historico dia_util,2.0
D10JE044291W,4,,dia_util,0.0,0.0,0.01,0.0,0.0,normal,normal,alta,18,historico dia_util,2.0
D10JE044291W,5,,dia_util,0.0,0.0,0.01,0.0,0.0,normal,normal,alta,18,historico dia_util,2.0
D10JE044291W,6,,dia_util,0.0,0.0,0.01,0.0,0.0,normal,normal,alta,18,historico dia_util,2.0
D10JE044291W,7,,dia_util,0.0,0.0,0.01,0.0,0.0,normal,normal,alta,18,historico dia_util,2.0
D10JE044291W,8,,dia_util,0.0,0.0,0.01,0.0,0.0,normal,normal,alta,18,historico dia_util,2.0
D10JE044291W,13,,dia_util,0.0,0.0,0.01,0.0,0.0,normal,normal,alta,18,historico dia_util,2.0
D10JE044291W,14,,dia_util,0.0,0.0,0.01,0.0,0.0,normal,normal,alta,18,historico dia_util,2.0
D10JE044291W,15,,dia_util,0.0,0.0,0.01,0.0,0.0,normal,normal,alta,18,historico dia_util,2.0
D10JE044291W,16,,dia_util,0.0,0.0,0.01,0.0,0.0,normal,normal,alta,18,historico dia_util,2.0
D10JE044291W,17,,dia_util,0.0,0.0,0.01,0.0,0.0,normal,normal,alta,19,historico dia_util,2.0
D10JE044291W,18,,dia_util,0.0,0.0,0.01,0.0,0.0,normal,normal,alta,19,historico dia_util,2.0
D10JE044291W,19,,dia_util,0.0,0.0,0.01,0.0,0.0,normal,normal,alta,19,historico dia_util,2.0
D10JE044291W,20,,dia_util,0.0,0.0,0.01,0.0,0.0,normal,normal,alta,19,historico dia_util,2.0
D10JE044291W,21,,dia_util,0.0,0.0,0.01,0.0,0.0,normal,normal,alta,17,historico dia_util,2.0
D10JE044291W,22,,dia_util,0.0,0.0,0.01,0.0,0.0,normal,normal,alta,17,historico dia_util,2.0
D10JE044291W,23,,dia_util,0.0,0.0,0.01,0.0,0.0,normal,normal,alta,17,historico dia_util,2.0
D10JE067404J,0,,dia_util,0.0,0.0,0.01,0.0,0.0,normal,normal,alta,16,historico dia_util,2.0
D10JE067404J,1,,dia_util,0.0,0.0,0.01,0.0,0.0,normal,normal,alta,16,historico dia_util,2.0
D10JE067404J,2,,dia_util,0.0,0.0,0.01,0.0,0.0,normal,normal,alta,16,historico dia_util,2.0
D10JE067404J,3,,dia_util,0.0,0.0,0.01,0.0,0.0,normal,normal,alta,16,historico dia_util,2.0
D10JE067404J,4,,dia_util,0.0,0.0,0.01,0.0,0.0,normal,normal,alta,16,historico dia_util,2.0
D10JE067404J,5,,dia_util,0.0,0.0,0.01,0.0,0.0,normal,normal,alta,16,historico dia_util,2.0
D10JE067404J,6,,dia_util,0.0,0.0,0.01,0.0,0.0,normal,normal,alta,16,historico dia_util,2.0
D10JE067404J,7,,dia_util,0.0,0.0,0.01,0.0,0.0,normal,normal,alta,16,historico dia_util,2.0
D10JE067404J,12,,dia_util,0.0,0.0,0.01,0.0,0.0,normal,normal,alta,11,historico dia_util,2.0
D10JE067404J,13,,dia_util,0.0,0.0,0.01,0.0,0.0,normal,normal,alta,11,historico dia_util,2.0
D10JE067404J,14,,dia_util,0.0,0.0,0.01,0.0,0.0,normal,normal,alta,11,historico dia_util,2.0
D10JE067404J,15,,dia_util,0.0,0.0,0.01,0.0,0.0,normal,normal,alta,11,historico dia_util,2.0
D10JE067404J,16,,dia_util,0.0,0.0,0.01,0.0,0.0,normal,normal,alta,13,historico dia_util,2.0
D10JE067404J,17,,dia_util,0.0,0.0,0.01,0.0,0.0,normal,normal,alta,13,historico dia_util,2.0
D10JE067404J,18,,dia_util,0.0,0.0,0.01,0.0,0.0,normal,normal,alta,13,historico dia_util,2.0
D10JE067404J,19,,dia_util,0.0,0.0,0.01,0.0,0.0,normal,normal,alta,13,historico dia_util,2.0
D10JE102675,0,,dia_util,0.0,0.0,0.01,0.0,0.0,normal,normal,alta,20,historico dia_util,2.0
D10JE102675,1,,dia_util,0.0,0.0,0.01,0.0,0.0,normal,normal,alta,20,historico dia_util,2.0
D10JE102675,2,,dia_util,0.0,0.0,0.01,0.0,0.0,normal,normal,alta,20,historico dia_util,2.0
D10JE102675,3,,dia_util,0.0,0.0,0.01,0.0,0.0,normal,normal,alta,20,historico dia_util,2.0
D10JE102675,4,,dia_util,0.0,0.0,0.01,0.0,0.0,normal,normal,alta,20,historico dia_util,2.0
D10JE102675,5,,dia_util,0.0,0.0,0.01,0.0,0.0,normal,normal,alta,20,historico dia_util,2.0
D10JE102675,6,,dia_util,0.0,0.0,0.01,0.0,0.0,normal,normal,alta,20,historico dia_util,2.0
D10JE102675,7,,dia_util,0.0,0.0,0.01,0.0,0.0,normal,normal,alta,20,historico dia_util,2.0
D10JE102675,8,,dia_util,0.0,0.0,0.01,0.0,0.0,normal,normal,alta,20,historico dia_util,2.0
D10JE102675,9,,dia_util,0.0,0.0,0.01,0.0,0.0,normal,normal,alta,20,historico dia_util,2.0
D10JE102675,10,,dia_util,0.0,0.0,0.01,0.0,0.0,normal,normal,alta,18,historico dia_util,2.0
D10JE102675,11,,dia_util,0.0,0.0,0.01,0.0,0.0,normal,normal,alta,18,historico dia_util,2.0
D10JE102675,12,,dia_util,0.0,0.0,0.01,0.0,0.0,normal,normal,alta,18,historico dia_util,2.0
D10JE102675,13,,dia_util,0.0,0.0,0.01,0.0,0.0,normal,normal,alta,18,historico dia_util,2.0
D10JE102675,14,,dia_util,0.0,0.0,0.01,0.0,0.0,normal,normal,alta,18,historico dia_util,2.0
D10JE102675,15,,dia_util,0.0,0.0,0.01,0.0,0.0,normal,normal,alta,18,historico dia_util,2.0
D10JE102675,16,,dia_util,0.0,0.0,0.01,0.0,0.0,normal,normal,alta,18,historico dia_util,2.0
D10JE102675,17,,dia_util,0.0,0.0,0.01,0.0,0.0,normal,normal,alta,18,historico dia_util,2.0
D10JE102675,18,,dia_util,0.0,0.0,0.01,0.0,0.0,normal,normal,alta,19,historico dia_util,2.0
D10JE102675,19,,dia_util,0.0,0.0,0.01,0.0,0.0,normal,normal,alta,19,historico dia_util,2.0
D10JE102675,20,,dia_util,0.0,0.0,0.01,0.0,0.0,normal,normal,alta,19,historico dia_util,2.0
D10JE102675,21,,dia_util,0.0,0.0,0.01,0.0,0.0,normal,normal,alta,19,historico dia_util,2.0
D10JE102675,22,,dia_util,0.0,0.0,0.01,0.0,0.0,normal,normal,alta,19,historico dia_util,2.0
D10JE102675,23,,dia_util,0.0,0.0,0.01,0.0,0.0,normal,normal,alta,19,historico dia_util,2.0
D10OF068767,0,,dia_util,0.0,0.0,0.01,0.0,0.0,normal,normal,alta,20,historico dia_util,2.0
D10OF068767,1,,dia_util,0.0,0.0,0.01,0.0,0.0,normal,normal,alta,20,historico dia_util,2.0
D10OF068767,2,,dia_util,0.0,0.0,0.01,0.0,0.0,normal,normal,alta,19,historico dia_util,2.0
D10OF068767,3,,dia_util,0.0,0.0,0.01,0.0,0.0,normal,normal,alta,19,historico dia_util,2.0
D10OF068767,4,,dia_util,0.0,0.0,0.01,0.0,0.0,normal,normal,alta,19,historico dia_util,2.0
D10OF068767,5,,dia_util,0.0,0.0,0.01,0.0,0.0,normal,normal,alta,19,historico dia_util,2.0
D10OF068767,6,,dia_util,0.0,0.0,0.01,0.0,0.0,normal,normal,alta,18,historico dia_util,2.0
D10OF068767,7,,dia_util,5.4,0.85,2.0766,2.19,2.19,desvio,acima,alta,20,historico dia_util,2.0
D10OF068767,8,,dia_util,3.0,1.24,2.3752,0.74,0.74,normal,normal,alta,20,historico dia_util,2.0
D10OF068767,9,,dia_util,3.6,1.02,1.8266,1.41,1.41,normal,normal,alta,20,historico dia_util,2.0
D10OF068767,10,,dia_util,3.4,1.0211,1.7646,1.35,1.35,normal,normal,alta,19,historico dia_util,2.0
D10OF068767,11,,dia_util,3.9,-4482.1737,19543.6627,0.23,0.23,normal,normal,alta,19,historico dia_util,2.0
D10OF068767,12,,dia_util,3.7,1.1737,1.7776,1.42,1.42,normal,normal,alta,19,historico dia_util,2.0
D10OF068767,13,,dia_util,3.6,1.1368,1.7215,1.43,1.43,normal,normal,alta,19,historico dia_util,2.0
D10OF068767,14,,dia_util,4.1,1.3368,2.0276,1.36,1.36,normal,normal,alta,19,historico dia_util,2.0
D10OF068767,15,,dia_util,3.8,4361.155,19499.4178,-0.22,-0.22,normal,normal,alta,20,historico dia_util,2.0
D10OF068767,16,,dia_util,3.5,1.055,1.6602,1.47,1.47,normal,normal,alta,20,historico dia_util,2.0
D10OF068767,17,,dia_util,2.5,0.93,1.4626,1.07,1.07,normal,normal,alta,20,historico dia_util,2.0
D10OF068767,18,,dia_util,2.0,0.6263,1.0954,1.25,1.25,normal,normal,alta,19,historico dia_util,2.0
D10OF068767,19,,dia_util,0.0,0.15,0.5884,-0.25,-0.25,normal,normal,alta,18,historico dia_util,2.0
D10OF068767,20,,dia_util,0.0,0.1611,0.6835,-0.24,-0.24,normal,normal,alta,18,historico dia_util,2.0
D10OF068767,21,,dia_util,0.0,0.0056,0.0236,-0.24,-0.24,normal,normal,alta,18,historico dia_util,2.0
D10OF068767,22,,dia_util,0.0,0.0,0.01,0.0,0.0,normal,normal,alta,19,historico dia_util,2.0
D10OF068767,23,,dia_util,0.0,0.0,0.01,0.0,0.0,normal,normal,alta,19,historico dia_util,2.0
D11JC109182T,2,,dia_util,0.0,0.0,0.01,0.0,0.0,normal,normal,alta,13,historico dia_util,2.0
D11JC109182T,3,,dia_util,0.0,0.0,0.01,0.0,0.0,normal,normal,alta,13,historico dia_util,2.0
D11JC109182T,4,,dia_util,0.0,0.0,0.01,0.0,0.0,normal,normal,alta,13,historico dia_util,2.0
D11JC109182T,5,,dia_util,0.0,0.0,0.01,0.0,0.0,normal,normal,alta,13,historico dia_util,2.0
D11JC109182T,6,,dia_util,0.0,0.0,0.01,0.0,0.0,normal,normal,alta,11,historico dia_util,2.0
D11JC109182T,7,,dia_util,0.0,0.0,0.01,0.0,0.0,normal,normal,alta,11,historico dia_util,2.0
D11JC109182T,8,,dia_util,0.0,0.0,0.01,0.0,0.0,normal,normal,alta,11,historico dia_util,2.0
D11JC109182T,9,,dia_util,0.0,0.0,0.01,0.0,0.0,normal,normal,alta,11,historico dia_util,2.0
D11JC109182T,10,,dia_util,0.0,0.0,0.01,0.0,0.0,normal,normal,alta,10,historico dia_util,2.0
D11JC109182T,11,,dia_util,0.0,0.0,0.01,0.0,0.0,normal,normal,alta,10,historico dia_util,2.0
D11JC109182T,12,,dia_util,0.0,0.0,0.01,0.0,0.0,normal,normal,alta,10,historico dia_util,2.0
D11JC109182T,13,,dia_util,0.0,0.0,0.01,0.0,0.0,normal,normal,alta,10,historico dia_util,2.0
D11JC109182T,14,,dia_util,0.0,0.0,0.01,0.0,0.0,normal,normal,alta,16,historico dia_util,2.0
D11JC109182T,15,,dia_util,0.0,0.0,0.01,0.0,0.0,normal,normal,alta,16,historico dia_util,2.0
D11JC109182T,16,,dia_util,0.0,0.0,0.01,0.0,0.0,normal,normal,alta,16,historico dia_util,2.0
D11JC109182T,17,,dia_util,0.0,0.0,0.01,0.0,0.0,normal,normal,alta,16,historico dia_util,2.0
D11JC109182T,18,,dia_util,0.0,0.0,0.01,0.0,0.0,normal,normal,alta,14,historico dia_util,2.0
D11JC109182T,19,,dia_util,0.0,0.0,0.01,0.0,0.0,normal,normal,alta,14,historico dia_util,2.0
D11JC109182T,20,,dia_util,0.0,0.0,0.01,0.0,0.0,normal,normal,alta,14,historico dia_util,2.0
D11JC109182T,21,,dia_util,0.0,0.0,0.01,0.0,0.0,normal,normal,alta,14,historico dia_util,2.0
D11JC109182T,22,,dia_util,0.0,0.0,0.01,0.0,0.0,normal,normal,alta,12,historico dia_util,2.0
D11JC109182T,23,,dia_util,0.0,0.0,0.01,0.0,0.0,normal,normal,alta,12,historico dia_util,2.0
D11JE109235D,0,,dia_util,0.092,0.1306,0.0625,-0.62,-0.62,normal,normal,alta,14,historico dia_util,2.0
D11JE109235D,1,,dia_util,0.096,0.1148,0.0287,-0.66,-0.66,normal,normal,alta,15,historico dia_util,2.0
D11JE109235D,2,,dia_util,0.099,0.1186,0.0296,-0.66,-0.66,normal,normal,alta,15,historico dia_util,2.0
D11JE109235D,3,,dia_util,0.1,0.1968,0.214,-0.45,-0.45,normal,normal,alta,17,historico dia_util,2.0
D11JE109235D,4,,dia_util,0.101,0.1331,0.036,-0.89,-0.89,normal,normal,alta,16,historico dia_util,2.0
D11JE109235D,5,,dia_util,0.101,0.1223,0.0306,-0.7,-0.7,normal,normal,alta,16,historico dia_util,2.0
D11JE109235D,6,,dia_util,0.088,0.1098,0.0275,-0.79,-0.79,normal,normal,alta,16,historico dia_util,2.0
D11JE109235D,7,,dia_util,0.541,0.2321,0.2487,1.24,1.24,normal,normal,alta,14,historico dia_util,2.0
D11JE109235D,8,,dia_util,0.396,0.5218,0.2607,-0.48,-0.48,normal,normal,alta,15,historico dia_util,2.0
D11JE109235D,9,,dia_util,0.106,0.1945,0.1558,-0.57,-0.57,normal,normal,alta,15,historico dia_util,2.0
D11JE109235D,10,,dia_util,0.094,0.126,0.0315,-1.02,-1.02,normal,normal,alta,15,historico dia_util,2.0
D11JE109235D,11,,dia_util,0.082,0.2564,0.4335,-0.4,-0.4,normal,normal,alta,16,historico dia_util,2.0
D11JE109235D,12,,dia_util,0.084,0.1303,0.0654,-0.71,-0.71,normal,normal,alta,17,historico dia_util,2.0
D11JE109235D,13,,dia_util,0.083,0.1366,0.0855,-0.63,-0.63,normal,normal,alta,17,historico dia_util,2.0
D11JE109235D,14,,dia_util,0.13,0.1164,0.0291,0.47,0.47,normal,normal,alta,17,historico dia_util,2.0
D11JE109235D,15,,dia_util,0.161,0.1422,0.0647,0.29,0.29,normal,normal,alta,14,historico dia_util,2.0
D11JE109235D,16,,dia_util,0.126,0.158,0.052,-0.62,-0.62,normal,normal,alta,14,historico dia_util,2.0
D11JE109235D,17,,dia_util,1.457,0.9426,0.5149,1.0,1.0,normal,normal,alta,14,historico dia_util,2.0
D11JE109235D,18,,dia_util,0.238,0.9736,0.3208,-2.29,-2.29,desvio,abaixo,alta,14,historico dia_util,2.0
D11JE109235D,19,,dia_util,1.456,1.4396,1.1991,0.01,0.01,normal,normal,alta,15,historico dia_util,2.0
D11JE109235D,20,,dia_util,0.839,0.8885,0.2221,-0.22,-0.22,normal,normal,alta,15,historico dia_util,2.0
D11JE109235D,21,,dia_util,1.141,0.8133,0.3336,0.98,0.98,normal,normal,alta,15,historico dia_util,2.0
D11JE109235D,22,,dia_util,0.47,0.6188,0.3427,-0.43,-0.43,normal,normal,alta,15,historico dia_util,2.0
D11JE109235D,23,,dia_util,0.072,0.6329,1.0266,-0.55,-0.55,normal,normal,alta,12,historico dia_util,2.0
D11JE117987H,6,,dia_util,0.0,0.0,0.01,0.0,0.0,normal,normal,alta,10,historico dia_util,2.0
D11JE117987H,7,,dia_util,0.0,0.0,0.01,0.0,0.0,normal,normal,alta,10,historico dia_util,2.0
D11JE117987H,8,,dia_util,0.0,0.0,0.01,0.0,0.0,normal,normal,alta,10,historico dia_util,2.0
D11JE117987H,9,,dia_util,0.0,0.0,0.01,0.0,0.0,normal,normal,alta,10,historico dia_util,2.0
D11JE117987H,10,,dia_util,0.0,0.0,0.01,0.0,0.0,normal,normal,alta,5,historico dia_util,2.0
D11JE117987H,11,,dia_util,0.0,0.0,0.01,0.0,0.0,normal,normal,alta,5,historico dia_util,2.0
D11JE117987H,12,,dia_util,0.0,0.0,0.01,0.0,0.0,normal,normal,alta,5,historico dia_util,2.0
D11JE117987H,13,,dia_util,0.0,0.0,0.01,0.0,0.0,normal,normal,alta,5,historico dia_util,2.0
D11JE117987H,22,,dia_util,0.0,0.0,0.01,0.0,0.0,normal,normal,alta,7,historico dia_util,2.0
D11JE117987H,23,,dia_util,0.0,0.0,0.01,0.0,0.0,normal,normal,alta,7,historico dia_util,2.0
D12JC097899,0,,dia_util,0.0,0.0,0.01,0.0,0.0,normal,normal,alta,14,historico dia_util,2.0
D12JC097899,1,,dia_util,0.0,0.0,0.01,0.0,0.0,normal,normal,alta,17,historico dia_util,2.0
D12JC097899,2,,dia_util,0.0,0.0,0.01,0.0,0.0,normal,normal,alta,18,historico dia_util,2.0
D12JC097899,3,,dia_util,0.0,0.0,0.01,0.0,0.0,normal,normal,alta,18,historico dia_util,2.0
D12JC097899,4,,dia_util,0.0,0.0,0.01,0.0,0.0,normal,normal,alta,18,historico dia_util,2.0
D12JC097899,5,,dia_util,0.0,0.0,0.01,0.0,0.0,normal,normal,alta,17,historico dia_util,2.0
D12JC097899,6,,dia_util,0.0,0.0,0.01,0.0,0.0,normal,normal,alta,18,historico dia_util,2.0
D12JC097899,7,,dia_util,0.0,0.0,0.01,0.0,0.0,normal,normal,alta,18,historico dia_util,2.0
D12JC097899,8,,dia_util,0.0,0.0,0.01,0.0,0.0,normal,normal,alta,18,historico dia_util,2.0
D12JC097899,13,,dia_util,0.0,0.0,0.01,0.0,0.0,normal,normal,alta,15,historico dia_util,2.0
D12JC097899,14,,dia_util,0.0,0.0,0.01,0.0,0.0,normal,normal,alta,16,historico dia_util,2.0
D12JC097899,15,,dia_util,0.0,0.0,0.01,0.0,0.0,normal,normal,alta,16,historico dia_util,2.0
D12JC097899,16,,dia_util,0.0,0.0,0.01,0.0,0.0,normal,normal,alta,16,historico dia_util,2.0
D12JC097899,17,,dia_util,0.0,0.0,0.01,0.0,0.0,normal,normal,alta,16,historico dia_util,2.0
D12JC097899,18,,dia_util,0.0,0.0,0.01,0.0,0.0,normal,normal,alta,17,historico dia_util,2.0
D12JC097899,19,,dia_util,0.0,0.0,0.01,0.0,0.0,normal,normal,alta,17,historico dia_util,2.0
D12JC097899,20,,dia_util,0.0,0.0,0.01,0.0,0.0,normal,normal,alta,17,historico dia_util,2.0
D12JC097899,21,,dia_util,0.0,0.0,0.01,0.0,0.0,normal,normal,alta,13,historico dia_util,2.0
D12JC097899,22,,dia_util,0.0,0.0,0.01,0.0,0.0,normal,normal,alta,14,historico dia_util,2.0
D12JC097899,23,,dia_util,0.0,0.0,0.01,0.0,0.0,normal,normal,alta,14,historico dia_util,2.0
D12JC113924X,0,,dia_util,0.0,0.0,0.01,0.0,0.0,normal,normal,alta,20,historico dia_util,2.0
D12JC113924X,1,,dia_util,0.0,0.0,0.01,0.0,0.0,normal,normal,alta,20,historico dia_util,2.0
D12JC113924X,2,,dia_util,0.0,0.0,0.01,0.0,0.0,normal,normal,alta,20,historico dia_util,2.0
D12JC113924X,3,,dia_util,0.0,0.0,0.01,0.0,0.0,normal,normal,alta,20,historico dia_util,2.0
D12JC113924X,4,,dia_util,0.0,0.0,0.01,0.0,0.0,normal,normal,alta,20,historico dia_util,2.0
D12JC113924X,5,,dia_util,0.0,0.0,0.01,0.0,0.0,normal,normal,alta,20,historico dia_util,2.0
D12JC113924X,6,,dia_util,0.0,0.0,0.01,0.0,0.0,normal,normal,alta,20,historico dia_util,2.0
D12JC113924X,7,,dia_util,0.0,0.0,0.01,0.0,0.0,normal,normal,alta,20,historico dia_util,2.0
D12JC113924X,8,,dia_util,0.0,0.0,0.01,0.0,0.0,normal,normal,alta,20,historico dia_util,2.0
D12JC113924X,9,,dia_util,0.0,0.0,0.01,0.0,0.0,normal,normal,alta,20,historico dia_util,2.0
D12JC113924X,10,,dia_util,0.0,0.0,0.01,0.0,0.0,normal,normal,alta,20,historico dia_util,2.0
D12JC113924X,11,,dia_util,0.0,0.0,0.01,0.0,0.0,normal,normal,alta,20,historico dia_util,2.0
D12JC113924X,12,,dia_util,0.0,0.0,0.01,0.0,0.0,normal,normal,alta,20,historico dia_util,2.0
D12JC113924X,13,,dia_util,0.0,0.0,0.01,0.0,0.0,normal,normal,alta,20,historico dia_util,2.0
D12JC113924X,14,,dia_util,0.0,0.0,0.01,0.0,0.0,normal,normal,alta,20,historico dia_util,2.0
D12JC113924X,15,,dia_util,0.0,0.0,0.01,0.0,0.0,normal,normal,alta,20,historico dia_util,2.0
D12JC113924X,16,,dia_util,0.0,0.0,0.01,0.0,0.0,normal,normal,alta,20,historico dia_util,2.0
D12JC113924X,17,,dia_util,0.0,0.0,0.01,0.0,0.0,normal,normal,alta,20,historico dia_util,2.0
D12JC113924X,18,,dia_util,0.0,0.0,0.01,0.0,0.0,normal,normal,alta,20,historico dia_util,2.0
D12JC113924X,19,,dia_util,0.0,0.0,0.01,0.0,0.0,normal,normal,alta,18,historico dia_util,2.0
D12JC113924X,20,,dia_util,0.0,0.0,0.01,0.0,0.0,normal,normal,alta,20,historico dia_util,2.0
D12JC113924X,21,,dia_util,0.0,0.0,0.01,0.0,0.0,normal,normal,alta,20,historico dia_util,2.0
D12JC113924X,22,,dia_util,0.0,0.0,0.01,0.0,0.0,normal,normal,alta,20,historico dia_util,2.0
D12JC113924X,23,,dia_util,0.0,0.0,0.01,0.0,0.0,normal,normal,alta,20,historico dia_util,2.0
D12XF094973V,0,,dia_util,0.4,0.271,0.2016,0.64,0.64,normal,normal,alta,20,historico dia_util,2.0
D12XF094973V,1,,dia_util,0.31,0.173,0.1469,0.93,0.93,normal,normal,alta,20,historico dia_util,2.0
D12XF094973V,2,,dia_util,0.22,0.088,0.117,1.13,1.13,normal,normal,alta,20,historico dia_util,2.0
D12XF094973V,3,,dia_util,0.04,0.03,0.0552,0.18,0.18,normal,normal,alta,20,historico dia_util,2.0
D12XF094973V,4,,dia_util,0.0,0.0075,0.0174,-0.43,-0.43,normal,normal,alta,20,historico dia_util,2.0
D12XF094973V,5,,dia_util,0.0,0.0055,0.0136,-0.41,-0.41,normal,normal,alta,20,historico dia_util,2.0
D12XF094973V,6,,dia_util,0.0,0.045,0.1556,-0.29,-0.29,normal,normal,alta,20,historico dia_util,2.0
D12XF094973V,7,,dia_util,0.01,0.0275,0.0602,-0.29,-0.29,normal,normal,alta,20,historico dia_util,2.0
D12XF094973V,8,,dia_util,0.58,1.3995,1.3649,-0.6,-0.6,normal,normal,alta,20,historico dia_util,2.0
D12XF094973V,9,,dia_util,1.07,2.9365,2.3826,-0.78,-0.78,normal,normal,alta,20,historico dia_util,2.0
D12XF094973V,10,,dia_util,1.84,2.7645,1.6575,-0.56,-0.56,normal,normal,alta,20,historico dia_util,2.0
D12XF094973V,11,,dia_util,4.08,3.877,1.5928,0.13,0.13,normal,normal,alta,20,historico dia_util,2.0
D12XF094973V,12,,dia_util,7.03,4.2565,1.5993,1.73,1.73,normal,normal,alta,20,historico dia_util,2.0
D12XF094973V,13,,dia_util,4.91,2.8165,1.3516,1.55,1.55,normal,normal,alta,20,historico dia_util,2.0
D12XF094973V,14,,dia_util,2.68,1.75,0.9411,0.99,0.99,normal,normal,alta,20,historico dia_util,2.0
D12XF094973V,15,,dia_util,2.07,1.442,0.8395,0.75,0.75,normal,normal,alta,20,historico dia_util,2.0
D12XF094973V,16,,dia_util,1.52,1.1015,0.5287,0.79,0.79,normal,normal,alta,20,historico dia_util,2.0
D12XF094973V,17,,dia_util,0.95,0.9875,0.2691,-0.14,-0.14,normal,normal,alta,20,historico dia_util,2.0
D12XF094973V,18,,dia_util,1.04,1.3215,0.3304,-0.85,-0.85,normal,normal,alta,20,historico dia_util,2.0
D12XF094973V,19,,dia_util,1.18,1.1565,0.3748,0.06,0.06,normal,normal,alta,20,historico dia_util,2.0
D12XF094973V,20,,dia_util,1.99,2.072,0.518,-0.16,-0.16,normal,normal,alta,20,historico dia_util,2.0
D12XF094973V,21,,dia_util,1.19,1.754,0.4385,-1.29,-1.29,normal,normal,alta,20,historico dia_util,2.0
D12XF094973V,22,,dia_util,2.73,2.2655,0.5664,0.82,0.82,normal,normal,alta,20,historico dia_util,2.0
D12XF094973V,23,,dia_util,0.77,0.53,0.1971,1.22,1.22,normal,normal,alta,20,historico dia_util,2.0
D13XF126371P,0,,dia_util,0.0,0.0,0.01,0.0,0.0,normal,normal,alta,20,historico dia_util,2.0
D13XF126371P,1,,dia_util,0.0,0.0,0.01,0.0,0.0,normal,normal,alta,20,historico dia_util,2.0
D13XF126371P,2,,dia_util,0.0,0.0,0.01,0.0,0.0,normal,normal,alta,20,historico dia_util,2.0
D13XF126371P,3,,dia_util,0.0,0.0,0.01,0.0,0.0,normal,normal,alta,20,historico dia_util,2.0
D13XF126371P,4,,dia_util,0.0,0.0,0.01,0.0,0.0,normal,normal,alta,20,historico dia_util,2.0
D13XF126371P,5,,dia_util,0.0,0.0,0.01,0.0,0.0,normal,normal,alta,20,historico dia_util,2.0
D13XF126371P,6,,dia_util,0.0,0.0,0.01,0.0,0.0,normal,normal,alta,20,historico dia_util,2.0
D13XF126371P,7,,dia_util,0.01,0.038,0.0424,-0.66,-0.66,normal,normal,alta,20,historico dia_util,2.0
D13XF126371P,8,,dia_util,0.14,0.297,0.182,-0.86,-0.86,normal,normal,alta,20,historico dia_util,2.0
D13XF126371P,9,,dia_util,0.81,0.5675,0.1898,1.28,1.28,normal,normal,alta,20,historico dia_util,2.0
D13XF126371P,10,,dia_util,0.86,0.8205,0.2281,0.17,0.17,normal,normal,alta,20,historico dia_util,2.0
D13XF126371P,11,,dia_util,1.86,0.8485,0.3237,3.13,3.13,desvio,acima,alta,20,historico dia_util,2.0
D13XF126371P,12,,dia_util,1.14,0.8755,0.2512,1.05,1.05,normal,normal,alta,20,historico dia_util,2.0
D13XF126371P,13,,dia_util,0.77,0.9795,0.2987,-0.7,-0.7,normal,normal,alta,20,historico dia_util,2.0
D13XF126371P,14,,dia_util,0.79,0.706,0.2254,0.37,0.37,normal,normal,alta,20,historico dia_util,2.0
D13XF126371P,15,,dia_util,1.27,1.2695,0.5264,0.0,0.0,normal,normal,alta,20,historico dia_util,2.0
D13XF126371P,16,,dia_util,0.52,0.558,0.2311,-0.16,-0.16,normal,normal,alta,20,historico dia_util,2.0
D13XF126371P,17,,dia_util,0.53,0.36,0.1572,1.08,1.08,normal,normal,alta,20,historico dia_util,2.0
D13XF126371P,18,,dia_util,0.13,0.0725,0.0351,1.64,1.64,normal,normal,alta,20,historico dia_util,2.0
D13XF126371P,19,,dia_util,0.07,0.021,0.0326,1.5,1.5,normal,normal,alta,20,historico dia_util,2.0
D13XF126371P,20,,dia_util,0.02,0.0005,0.01,1.95,1.95,normal,normal,alta,20,historico dia_util,2.0
D13XF126371P,21,,dia_util,0.01,0.0,0.01,1.0,1.0,normal,normal,alta,20,historico dia_util,2.0
D13XF126371P,22,,dia_util,0.0,0.0,0.01,0.0,0.0,normal,normal,alta,20,historico dia_util,2.0
D13XF126371P,23,,dia_util,0.0,0.0,0.01,0.0,0.0,normal,normal,alta,20,historico dia_util,2.0
D14XF111533Z,0,,dia_util,0.0,0.0,0.01,0.0,0.0,normal,normal,alta,20,historico dia_util,2.0
D14XF111533Z,1,,dia_util,0.0,0.0,0.01,0.0,0.0,normal,normal,alta,20,historico dia_util,2.0
D14XF111533Z,2,,dia_util,0.0,0.0,0.01,0.0,0.0,normal,normal,alta,20,historico dia_util,2.0
D14XF111533Z,3,,dia_util,0.0,0.0,0.01,0.0,0.0,normal,normal,alta,20,historico dia_util,2.0
D14XF111533Z,4,,dia_util,0.0,0.0,0.01,0.0,0.0,normal,normal,alta,20,historico dia_util,2.0
D14XF111533Z,5,,dia_util,0.0,0.0,0.01,0.0,0.0,normal,normal,alta,20,historico dia_util,2.0
D14XF111533Z,6,,dia_util,0.0,0.0,0.01,0.0,0.0,normal,normal,alta,20,historico dia_util,2.0
D14XF111533Z,7,,dia_util,0.0,0.0,0.01,0.0,0.0,normal,normal,alta,20,historico dia_util,2.0
D14XF111533Z,8,,dia_util,0.0,0.0,0.01,0.0,0.0,normal,normal,alta,19,historico dia_util,2.0
D14XF111533Z,9,,dia_util,0.0,0.0,0.01,0.0,0.0,normal,normal,alta,19,historico dia_util,2.0
D14XF111533Z,10,,dia_util,0.0,0.0,0.01,0.0,0.0,normal,normal,alta,19,historico dia_util,2.0
D14XF111533Z,11,,dia_util,0.0,0.0,0.01,0.0,0.0,normal,normal,alta,19,historico dia_util,2.0
D14XF111533Z,12,,dia_util,0.0,0.0,0.01,0.0,0.0,normal,normal,alta,20,historico dia_util,2.0
D14XF111533Z,13,,dia_util,0.0,0.0,0.01,0.0,0.0,normal,normal,alta,20,historico dia_util,2.0
D14XF111533Z,14,,dia_util,0.0,0.0,0.01,0.0,0.0,normal,normal,alta,20,historico dia_util,2.0
D14XF111533Z,15,,dia_util,0.0,0.0,0.01,0.0,0.0,normal,normal,alta,20,historico dia_util,2.0
D14XF111533Z,16,,dia_util,0.0,0.0,0.01,0.0,0.0,normal,normal,alta,19,historico dia_util,2.0
D14XF111533Z,17,,dia_util,0.0,0.0,0.01,0.0,0.0,normal,normal,alta,19,historico dia_util,2.0
D14XF111533Z,18,,dia_util,0.0,0.0,0.01,0.0,0.0,normal,normal,alta,19,historico dia_util,2.0
D14XF111533Z,19,,dia_util,0.0,0.0,0.01,0.0,0.0,normal,normal,alta,19,historico dia_util,2.0
D14XF111533Z,20,,dia_util,0.0,0.0,0.01,0.0,0.0,normal,normal,alta,20,historico dia_util,2.0
D14XF111533Z,21,,dia_util,0.0,0.0,0.01,0.0,0.0,normal,normal,alta,20,historico dia_util,2.0
D14XF111533Z,22,,dia_util,0.0,0.0,0.01,0.0,0.0,normal,normal,alta,20,historico dia_util,2.0
D14XF111533Z,23,,dia_util,0.0,0.0,0.01,0.0,0.0,normal,normal,alta,20,historico dia_util,2.0
D15XF072893,0,,dia_util,0.0,0.0,0.01,0.0,0.0,normal,normal,alta,19,historico dia_util,2.0
D15XF072893,1,,dia_util,0.0,0.0006,0.01,-0.06,-0.06,normal,normal,alta,18,historico dia_util,2.0
D15XF072893,2,,dia_util,0.0,0.0,0.01,0.0,0.0,normal,normal,alta,18,historico dia_util,2.0
D15XF072893,3,,dia_util,0.0,0.0,0.01,0.0,0.0,normal,normal,alta,18,historico dia_util,2.0
D15XF072893,4,,dia_util,0.0,0.0,0.01,0.0,0.0,normal,normal,alta,18,historico dia_util,2.0
D15XF072893,5,,dia_util,0.0,0.0,0.01,0.0,0.0,normal,normal,alta,19,historico dia_util,2.0
D15XF072893,6,,dia_util,0.0,0.0,0.01,0.0,0.0,normal,normal,alta,19,historico dia_util,2.0
D15XF072893,7,,dia_util,0.0,0.0,0.01,0.0,0.0,normal,normal,alta,19,historico dia_util,2.0
D15XF072893,8,,dia_util,0.0,0.0,0.01,0.0,0.0,normal,normal,alta,19,historico dia_util,2.0
D15XF072893,9,,dia_util,0.0,0.0,0.01,0.0,0.0,normal,normal,alta,20,historico dia_util,2.0
D15XF072893,10,,dia_util,0.0,0.02,0.0894,-0.22,-0.22,normal,normal,alta,20,historico dia_util,2.0
D15XF072893,11,,dia_util,0.0,0.001,0.01,-0.1,-0.1,normal,normal,alta,20,historico dia_util,2.0
D15XF072893,12,,dia_util,0.0,0.0,0.01,0.0,0.0,normal,normal,alta,19,historico dia_util,2.0
D15XF072893,13,,dia_util,0.0,0.0011,0.01,-0.11,-0.11,normal,normal,alta,18,historico dia_util,2.0
D15XF072893,14,,dia_util,0.0,0.0011,0.01,-0.11,-0.11,normal,normal,alta,18,historico dia_util,2.0
D15XF072893,15,,dia_util,0.0,0.0028,0.01,-0.28,-0.28,normal,normal,alta,18,historico dia_util,2.0
D15XF072893,16,,dia_util,0.01,0.016,0.0241,-0.25,-0.25,normal,normal,alta,15,historico dia_util,2.0
D15XF072893,17,,dia_util,0.0,0.0015,0.01,-0.15,-0.15,normal,normal,alta,20,historico dia_util,2.0
D15XF072893,18,,dia_util,0.0,0.0005,0.01,-0.05,-0.05,normal,normal,alta,20,historico dia_util,2.0
D15XF072893,19,,dia_util,0.0,0.0,0.01,0.0,0.0,normal,normal,alta,20,historico dia_util,2.0
D15XF072893,20,,dia_util,0.0,0.0,0.01,0.0,0.0,normal,normal,alta,20,historico dia_util,2.0
D15XF072893,21,,dia_util,0.0,0.0016,0.01,-0.16,-0.16,normal,normal,alta,19,historico dia_util,2.0
D15XF072893,22,,dia_util,0.0,0.0,0.01,0.0,0.0,normal,normal,alta,19,historico dia_util,2.0
D15XF072893,23,,dia_util,0.0,0.0,0.01,0.0,0.0,normal,normal,alta,19,historico dia_util,2.0
D16BA133407,0,,dia_util,0.0,0.0008,0.01,-0.07,-0.07,normal,normal,alta,20,historico dia_util,2.0
D16BA133407,1,,dia_util,0.0,0.0008,0.01,-0.07,-0.07,normal,normal,alta,20,historico dia_util,2.0
D16BA133407,2,,dia_util,0.0,0.0007,0.01,-0.07,-0.07,normal,normal,alta,20,historico dia_util,2.0
D16BA133407,3,,dia_util,0.0,0.0008,0.01,-0.07,-0.07,normal,normal,alta,20,historico dia_util,2.0
D16BA133407,4,,dia_util,0.0,0.0007,0.01,-0.07,-0.07,normal,normal,alta,20,historico dia_util,2.0
D16BA133407,5,,dia_util,0.0,0.0007,0.01,-0.07,-0.07,normal,normal,alta,20,historico dia_util,2.0
D16BA133407,6,,dia_util,0.0,0.0007,0.01,-0.07,-0.07,normal,normal,alta,20,historico dia_util,2.0
D16BA133407,7,,dia_util,0.0,0.0005,0.01,-0.05,-0.05,normal,normal,alta,20,historico dia_util,2.0
D16BA133407,8,,dia_util,0.0,0.0087,0.0361,-0.24,-0.24,normal,normal,alta,20,historico dia_util,2.0
D16BA133407,9,,dia_util,0.148,0.1004,0.0461,1.03,1.03,normal,normal,alta,20,historico dia_util,2.0
D16BA133407,10,,dia_util,1.635,1.2004,0.595,0.73,0.73,normal,normal,alta,20,historico dia_util,2.0
D16BA133407,11,,dia_util,1.566,0.9279,0.7402,0.86,0.86,normal,normal,alta,20,historico dia_util,2.0
D16BA133407,12,,dia_util,0.027,0.0314,0.0318,-0.14,-0.14,normal,normal,alta,20,historico dia_util,2.0
D16BA133407,13,,dia_util,0.016,0.0169,0.01,-0.09,-0.09,normal,normal,alta,20,historico dia_util,2.0
D16BA133407,14,,dia_util,0.025,0.0373,0.0792,-0.15,-0.15,normal,normal,alta,20,historico dia_util,2.0
D16BA133407,15,,dia_util,0.025,0.0227,0.0126,0.18,0.18,normal,normal,alta,20,historico dia_util,2.0
D16BA133407,16,,dia_util,0.029,0.0258,0.0154,0.21,0.21,normal,normal,alta,20,historico dia_util,2.0
D16BA133407,17,,dia_util,0.029,0.0248,0.01,0.42,0.42,normal,normal,alta,20,historico dia_util,2.0
D16BA133407,18,,dia_util,0.022,0.0207,0.01,0.13,0.13,normal,normal,alta,20,historico dia_util,2.0
D16BA133407,19,,dia_util,0.0,0.0003,0.01,-0.03,-0.03,normal,normal,alta,20,historico dia_util,2.0
D16BA133407,20,,dia_util,0.0,0.0005,0.01,-0.05,-0.05,normal,normal,alta,20,historico dia_util,2.0
D16BA133407,21,,dia_util,0.0,0.0007,0.01,-0.07,-0.07,normal,normal,alta,20,historico dia_util,2.0
D16BA133407,22,,dia_util,0.0,0.0008,0.01,-0.08,-0.08,normal,normal,alta,20,historico dia_util,2.0
D16BA133407,23,,dia_util,0.0,0.0008,0.01,-0.08,-0.08,normal,normal,alta,20,historico dia_util,2.0
D16BX009413,0,,dia_util,0.0,0.0,0.01,0.0,0.0,normal,normal,alta,20,historico dia_util,2.0
D16BX009413,1,,dia_util,0.0,0.0,0.01,0.0,0.0,normal,normal,alta,20,historico dia_util,2.0
D16BX009413,2,,dia_util,0.0,0.0,0.01,0.0,0.0,normal,normal,alta,20,historico dia_util,2.0
D16BX009413,3,,dia_util,0.0,0.0,0.01,0.0,0.0,normal,normal,alta,20,historico dia_util,2.0
D16BX009413,4,,dia_util,0.0,0.0,0.01,0.0,0.0,normal,normal,alta,20,historico dia_util,2.0
D16BX009413,5,,dia_util,0.0,0.0,0.01,0.0,0.0,normal,normal,alta,20,historico dia_util,2.0
D16BX009413,6,,dia_util,0.0,0.0,0.01,0.0,0.0,normal,normal,alta,20,historico dia_util,2.0
D16BX009413,7,,dia_util,0.0,0.0,0.01,0.0,0.0,normal,normal,alta,20,historico dia_util,2.0
D16BX009413,8,,dia_util,0.0,0.0,0.01,0.0,0.0,normal,normal,alta,20,historico dia_util,2.0
D16BX009413,9,,dia_util,0.0,0.0,0.01,0.0,0.0,normal,normal,alta,20,historico dia_util,2.0
D16BX009413,10,,dia_util,0.0,0.0,0.01,0.0,0.0,normal,normal,alta,20,historico dia_util,2.0
D16BX009413,11,,dia_util,0.0,0.0,0.01,0.0,0.0,normal,normal,alta,20,historico dia_util,2.0
D16BX009413,12,,dia_util,0.0,0.0016,0.01,-0.17,-0.17,normal,normal,alta,20,historico dia_util,2.0
D16BX009413,13,,dia_util,0.0,0.0,0.01,0.0,0.0,normal,normal,alta,20,historico dia_util,2.0
D16BX009413,14,,dia_util,0.0,0.0,0.01,0.0,0.0,normal,normal,alta,20,historico dia_util,2.0
D16BX009413,15,,dia_util,0.0,0.0,0.01,0.0,0.0,normal,normal,alta,20,historico dia_util,2.0
D16BX009413,16,,dia_util,0.0,0.0,0.01,0.0,0.0,normal,normal,alta,20,historico dia_util,2.0
D16BX009413,17,,dia_util,0.0,0.0,0.01,0.0,0.0,normal,normal,alta,20,historico dia_util,2.0
D16BX009413,18,,dia_util,0.0,0.0,0.01,0.0,0.0,normal,normal,alta,20,historico dia_util,2.0
D16BX009413,19,,dia_util,0.0,0.0,0.01,0.0,0.0,normal,normal,alta,20,historico dia_util,2.0
D16BX009413,20,,dia_util,0.0,0.0,0.01,0.0,0.0,normal,normal,alta,20,historico dia_util,2.0
D16BX009413,21,,dia_util,0.0,0.0,0.01,0.0,0.0,normal,normal,alta,20,historico dia_util,2.0
D16BX009413,22,,dia_util,0.0,0.0,0.01,0.0,0.0,normal,normal,alta,19,historico dia_util,2.0
D16BX009413,23,,dia_util,0.0,0.0,0.01,0.0,0.0,normal,normal,alta,19,historico dia_util,2.0
D16BX009425,0,,dia_util,0.0,0.0001,0.01,-0.01,-0.01,normal,normal,alta,17,historico dia_util,2.0
D16BX009425,1,,dia_util,0.0,0.0,0.01,0.0,0.0,normal,normal,alta,17,historico dia_util,2.0
D16BX009425,6,,dia_util,0.0,0.0,0.01,0.0,0.0,normal,normal,alta,17,historico dia_util,2.0
D16BX009425,7,,dia_util,0.0,0.0,0.01,0.0,0.0,normal,normal,alta,17,historico dia_util,2.0
D16BX009425,8,,dia_util,0.0,0.0,0.01,0.0,0.0,normal,normal,alta,17,historico dia_util,2.0
D16BX009425,9,,dia_util,0.0,0.0,0.01,0.0,0.0,normal,normal,alta,17,historico dia_util,2.0
D16BX009425,14,,dia_util,0.0,0.0,0.01,0.0,0.0,normal,normal,alta,12,historico dia_util,2.0
D16BX009425,15,,dia_util,0.0,0.0007,0.01,-0.07,-0.07,normal,normal,alta,12,historico dia_util,2.0
D16BX009425,16,,dia_util,0.0,0.0,0.01,0.0,0.0,normal,normal,alta,12,historico dia_util,2.0
D16BX009425,17,,dia_util,0.0,0.0,0.01,0.0,0.0,normal,normal,alta,12,historico dia_util,2.0
D16BX009425,18,,dia_util,0.0,0.0264,0.077,-0.34,-0.34,normal,normal,alta,14,historico dia_util,2.0
D16BX009425,19,,dia_util,0.0,0.0029,0.01,-0.29,-0.29,normal,normal,alta,14,historico dia_util,2.0
D16BX009425,20,,dia_util,0.0,0.0033,0.0112,-0.29,-0.29,normal,normal,alta,14,historico dia_util,2.0
D16BX009425,21,,dia_util,0.0,0.0012,0.01,-0.12,-0.12,normal,normal,alta,14,historico dia_util,2.0
D16BX009428,4,,dia_util,0.922,0.1868,0.0467,10.0,15.74,desvio,acima,alta,18,historico dia_util,2.0
D16BX009428,5,,dia_util,0.184,0.2073,0.0598,-0.39,-0.39,normal,normal,alta,18,historico dia_util,2.0
D16BX009428,6,,dia_util,0.184,0.1855,0.0464,-0.03,-0.03,normal,normal,alta,18,historico dia_util,2.0
D16BX009428,7,,dia_util,0.181,0.1831,0.0458,-0.05,-0.05,normal,normal,alta,18,historico dia_util,2.0
D16BX009428,8,,dia_util,0.182,0.2662,0.2423,-0.35,-0.35,normal,normal,alta,18,historico dia_util,2.0
D16BX009428,9,,dia_util,0.182,0.1833,0.0458,-0.03,-0.03,normal,normal,alta,19,historico dia_util,2.0
D16BX009428,10,,dia_util,0.183,0.1842,0.046,-0.03,-0.03,normal,normal,alta,19,historico dia_util,2.0
D16BX009428,11,,dia_util,0.182,0.186,0.0465,-0.09,-0.09,normal,normal,alta,19,historico dia_util,2.0
D16BX009428,12,,dia_util,0.183,0.2217,0.163,-0.24,-0.24,normal,normal,alta,20,historico dia_util,2.0
D16BX009428,13,,dia_util,0.184,0.1946,0.0486,-0.22,-0.22,normal,normal,alta,20,historico dia_util,2.0
D16BX009428,14,,dia_util,0.184,0.1867,0.0467,-0.06,-0.06,normal,normal,alta,20,historico dia_util,2.0
D16BX009428,15,,dia_util,0.184,0.1873,0.0468,-0.07,-0.07,normal,normal,alta,20,historico dia_util,2.0
D16BX009428,16,,dia_util,0.181,0.1864,0.0466,-0.12,-0.12,normal,normal,alta,17,historico dia_util,2.0
D16BX009428,17,,dia_util,0.187,0.1899,0.0475,-0.06,-0.06,normal,normal,alta,17,historico dia_util,2.0
D16BX009428,18,,dia_util,0.186,0.1875,0.0469,-0.03,-0.03,normal,normal,alta,17,historico dia_util,2.0
D16BX009428,19,,dia_util,0.185,0.1855,0.0464,-0.01,-0.01,normal,normal,alta,17,historico dia_util,2.0
D16BX009428,20,,dia_util,0.185,0.2416,0.2074,-0.27,-0.27,normal,normal,alta,13,historico dia_util,2.0
D16BX009428,21,,dia_util,0.184,0.2338,0.1937,-0.26,-0.26,normal,normal,alta,15,historico dia_util,2.0
D16BX009428,22,,dia_util,0.185,0.1843,0.0461,0.01,0.01,normal,normal,alta,15,historico dia_util,2.0
D16BX009428,23,,dia_util,0.186,0.1853,0.0463,0.01,0.01,normal,normal,alta,15,historico dia_util,2.0
D16XF077374,0,,dia_util,0.1,0.1156,0.048,-0.32,-0.32,normal,normal,alta,18,historico dia_util,2.0
D16XF077374,1,,dia_util,0.08,0.153,0.1733,-0.42,-0.42,normal,normal,alta,20,historico dia_util,2.0
D16XF077374,2,,dia_util,0.09,0.067,0.0439,0.52,0.52,normal,normal,alta,20,historico dia_util,2.0
D16XF077374,3,,dia_util,0.07,0.062,0.0471,0.17,0.17,normal,normal,alta,20,historico dia_util,2.0
D16XF077374,4,,dia_util,0.04,0.0439,0.0451,-0.09,-0.09,normal,normal,alta,18,historico dia_util,2.0
D16XF077374,5,,dia_util,0.04,0.0495,0.0671,-0.14,-0.14,normal,normal,alta,19,historico dia_util,2.0
D16XF077374,6,,dia_util,0.06,0.0421,0.0488,0.37,0.37,normal,normal,alta,19,historico dia_util,2.0
D16XF077374,7,,dia_util,0.06,0.0705,0.0915,-0.12,-0.12,normal,normal,alta,19,historico dia_util,2.0
D16XF077374,8,,dia_util,0.3,0.22,0.0769,1.04,1.04,normal,normal,alta,17,historico dia_util,2.0
D16XF077374,9,,dia_util,1.11,1.1879,0.3121,-0.25,-0.25,normal,normal,alta,19,historico dia_util,2.0
D16XF077374,10,,dia_util,1.1,0.9379,0.2537,0.64,0.64,normal,normal,alta,19,historico dia_util,2.0
D16XF077374,11,,dia_util,0.83,1.2616,0.3154,-1.37,-1.37,normal,normal,alta,19,historico dia_util,2.0
D16XF077374,12,,dia_util,1.83,1.4379,0.3595,1.09,1.09,normal,normal,alta,19,historico dia_util,2.0
D16XF077374,17,,dia_util,6.03,1.0205,0.2551,10.0,19.64,desvio,acima,alta,20,historico dia_util,2.0
D16XF077374,18,,dia_util,0.68,0.6755,0.1689,0.03,0.03,normal,normal,alta,20,historico dia_util,2.0
D16XF077374,19,,dia_util,0.41,0.3995,0.0999,0.11,0.11,normal,normal,alta,20,historico dia_util,2.0
D16XF077374,20,,dia_util,0.12,0.1205,0.0586,-0.01,-0.01,normal,normal,alta,20,historico dia_util,2.0
D16XF077374,21,,dia_util,0.1,0.1178,0.0325,-0.55,-0.55,normal,normal,alta,18,historico dia_util,2.0
D16XF077374,22,,dia_util,0.36,0.3533,0.1626,0.04,0.04,normal,normal,alta,18,historico dia_util,2.0
D16XF077374,23,,dia_util,0.13,0.1189,0.0297,0.37,0.37,normal,normal,alta,18,historico dia_util,2.0
D17BA019937,0,,dia_util,0.002,0.0,0.01,0.2,0.2,normal,normal,alta,17,historico dia_util,2.0
D17BA019937,1,,dia_util,0.002,0.0,0.01,0.2,0.2,normal,normal,alta,17,historico dia_util,2.0
D17BA019937,2,,dia_util,0.002,0.0,0.01,0.2,0.2,normal,normal,alta,20,historico dia_util,2.0
D17BA019937,3,,dia_util,0.001,0.0,0.01,0.1,0.1,normal,normal,alta,20,historico dia_util,2.0
D17BA019937,4,,dia_util,0.002,0.0,0.01,0.2,0.2,normal,normal,alta,20,historico dia_util,2.0
D17BA019937,5,,dia_util,0.002,0.0,0.01,0.2,0.2,normal,normal,alta,20,historico dia_util,2.0
D17BA019937,6,,dia_util,0.002,0.0,0.01,0.2,0.2,normal,normal,alta,20,historico dia_util,2.0
D17BA019937,7,,dia_util,0.002,0.0,0.01,0.2,0.2,normal,normal,alta,20,historico dia_util,2.0
D17BA019937,8,,dia_util,0.002,0.0005,0.01,0.15,0.15,normal,normal,alta,20,historico dia_util,2.0
D17BA019937,9,,dia_util,0.007,0.0024,0.01,0.46,0.46,normal,normal,alta,20,historico dia_util,2.0
D17BA019937,10,,dia_util,0.005,0.0037,0.01,0.13,0.13,normal,normal,alta,18,historico dia_util,2.0
D17BA019937,11,,dia_util,0.003,0.0077,0.01,-0.47,-0.47,normal,normal,alta,18,historico dia_util,2.0
D17BA019937,12,,dia_util,0.023,0.009,0.0137,1.02,1.02,normal,normal,alta,18,historico dia_util,2.0
D17BA019937,13,,dia_util,0.007,0.0221,0.0194,-0.78,-0.78,normal,normal,alta,18,historico dia_util,2.0
D17BA019937,14,,dia_util,0.009,0.0102,0.014,-0.08,-0.08,normal,normal,alta,17,historico dia_util,2.0
D17BA019937,15,,dia_util,0.009,0.0069,0.01,0.21,0.21,normal,normal,alta,17,historico dia_util,2.0
D17BA019937,16,,dia_util,0.014,0.0099,0.01,0.41,0.41,normal,normal,alta,17,historico dia_util,2.0
D17BA019937,17,,dia_util,0.018,0.0118,0.01,0.62,0.62,normal,normal,alta,17,historico dia_util,2.0
D17BA019937,18,,dia_util,0.0,0.0148,0.0453,-0.33,-0.33,normal,normal,alta,18,historico dia_util,2.0
D17BA019937,19,,dia_util,0.0,0.0084,0.0353,-0.24,-0.24,normal,normal,alta,18,historico dia_util,2.0
D17BA019937,20,,dia_util,0.0,0.008,0.0332,-0.24,-0.24,normal,normal,alta,18,historico dia_util,2.0
D17BA019937,21,,dia_util,0.0,0.0073,0.0306,-0.24,-0.24,normal,normal,alta,18,historico dia_util,2.0
D17BA019937,22,,dia_util,0.0,0.0035,0.0135,-0.26,-0.26,normal,normal,alta,16,historico dia_util,2.0
D17BA019937,23,,dia_util,0.0,0.0001,0.01,-0.01,-0.01,normal,normal,alta,16,historico dia_util,2.0
D17BA019938,2,,dia_util,0.021,0.0055,0.01,1.55,1.55,normal,normal,alta,17,historico dia_util,2.0
D17BA019938,3,,dia_util,0.0,0.0052,0.01,-0.52,-0.52,normal,normal,alta,17,historico dia_util,2.0
D17BA019938,4,,dia_util,0.002,0.0017,0.01,0.03,0.03,normal,normal,alta,17,historico dia_util,2.0
D17BA019938,5,,dia_util,0.0,0.0039,0.01,-0.39,-0.39,normal,normal,alta,17,historico dia_util,2.0
D17BA019938,6,,dia_util,0.002,0.0015,0.01,0.05,0.05,normal,normal,alta,17,historico dia_util,2.0
D17BA019938,7,,dia_util,0.006,0.0213,0.0192,-0.8,-0.8,normal,normal,alta,17,historico dia_util,2.0
D17BA019938,8,,dia_util,0.038,0.0418,0.0113,-0.33,-0.33,normal,normal,alta,17,historico dia_util,2.0
D17BA019938,9,,dia_util,0.03,0.0438,0.0231,-0.6,-0.6,normal,normal,alta,17,historico dia_util,2.0
D17BA019938,10,,dia_util,0.084,0.0663,0.0307,0.58,0.58,normal,normal,alta,15,historico dia_util,2.0
D17BA019938,11,,dia_util,0.044,0.0651,0.0342,-0.62,-0.62,normal,normal,alta,15,historico dia_util,2.0
D17BA019938,12,,dia_util,0.021,0.048,0.027,-1.0,-1.0,normal,normal,alta,15,historico dia_util,2.0
D17BA019938,13,,dia_util,0.028,0.0671,0.0423,-0.92,-0.92,normal,normal,alta,15,historico dia_util,2.0
D17BA019938,14,,dia_util,0.047,0.0502,0.0568,-0.06,-0.06,normal,normal,alta,17,historico dia_util,2.0
D17BA019938,15,,dia_util,0.025,0.0539,0.0326,-0.89,-0.89,normal,normal,alta,17,historico dia_util,2.0
D17BA019938,16,,dia_util,0.017,0.0383,0.0384,-0.55,-0.55,normal,normal,alta,17,historico dia_util,2.0
D17BA019938,17,,dia_util,0.091,0.0393,0.0364,1.42,1.42,normal,normal,alta,17,historico dia_util,2.0
D17BA019938,18,,dia_util,0.019,0.0296,0.0183,-0.58,-0.58,normal,normal,alta,16,historico dia_util,2.0
D17BA019938,19,,dia_util,0.008,0.0164,0.023,-0.36,-0.36,normal,normal,alta,16,historico dia_util,2.0
D17BA019938,20,,dia_util,0.006,0.0165,0.0193,-0.54,-0.54,normal,normal,alta,16,historico dia_util,2.0
D17BA019938,21,,dia_util,0.033,0.0204,0.0191,0.66,0.66,normal,normal,alta,16,historico dia_util,2.0
D17BA019938,22,,dia_util,0.0,0.0207,0.0258,-0.8,-0.8,normal,normal,alta,16,historico dia_util,2.0
D17BA019938,23,,dia_util,0.005,0.0143,0.0195,-0.48,-0.48,normal,normal,alta,16,historico dia_util,2.0
D17BA053783,0,,dia_util,0.0,0.0,0.01,0.0,0.0,normal,normal,alta,19,historico dia_util,2.0
D17BA053783,1,,dia_util,0.0,0.0,0.01,0.0,0.0,normal,normal,alta,20,historico dia_util,2.0
D17BA053783,2,,dia_util,0.0,0.0,0.01,0.0,0.0,normal,normal,alta,20,historico dia_util,2.0
D17BA053783,3,,dia_util,0.0,0.0,0.01,0.0,0.0,normal,normal,alta,20,historico dia_util,2.0
D17BA053783,4,,dia_util,0.0,0.0,0.01,0.0,0.0,normal,normal,alta,20,historico dia_util,2.0
D17BA053783,5,,dia_util,0.0,0.0,0.01,0.0,0.0,normal,normal,alta,20,historico dia_util,2.0
D17BA053783,6,,dia_util,0.0,0.0,0.01,0.0,0.0,normal,normal,alta,20,historico dia_util,2.0
D17BA053783,7,,dia_util,0.0,0.0,0.01,0.0,0.0,normal,normal,alta,20,historico dia_util,2.0
D17BA053783,8,,dia_util,0.0,0.0,0.01,0.0,0.0,normal,normal,alta,20,historico dia_util,2.0
D17BA053783,9,,dia_util,0.0,0.0,0.01,0.0,0.0,normal,normal,alta,18,historico dia_util,2.0
D17BA053783,10,,dia_util,0.0,0.0,0.01,0.0,0.0,normal,normal,alta,20,historico dia_util,2.0
D17BA053783,11,,dia_util,0.0,0.0,0.01,0.0,0.0,normal,normal,alta,20,historico dia_util,2.0
D17BA053783,12,,dia_util,0.0,0.0,0.01,0.0,0.0,normal,normal,alta,20,historico dia_util,2.0
D17BA053783,13,,dia_util,0.0,0.0,0.01,0.0,0.0,normal,normal,alta,20,historico dia_util,2.0
D17BA053783,14,,dia_util,0.0,0.0,0.01,0.0,0.0,normal,normal,alta,20,historico dia_util,2.0
D17BA053783,15,,dia_util,0.0,0.0,0.01,0.0,0.0,normal,normal,alta,20,historico dia_util,2.0
D17BA053783,16,,dia_util,0.0,0.0,0.01,0.0,0.0,normal,normal,alta,20,historico dia_util,2.0
D17BA053783,17,,dia_util,0.0,0.0,0.01,0.0,0.0,normal,normal,alta,20,historico dia_util,2.0
D17BA053783,18,,dia_util,0.0,0.0,0.01,0.0,0.0,normal,normal,alta,20,historico dia_util,2.0
D17BA053783,19,,dia_util,0.0,0.0,0.01,0.0,0.0,normal,normal,alta,20,historico dia_util,2.0
D17BA053783,20,,dia_util,0.0,0.0,0.01,0.0,0.0,normal,normal,alta,20,historico dia_util,2.0
D17BA053783,22,,dia_util,0.0,0.0,0.01,0.0,0.0,normal,normal,alta,19,historico dia_util,2.0
D17BA053783,23,,dia_util,0.0,0.0,0.01,0.0,0.0,normal,normal,alta,19,historico dia_util,2.0
D18BA316162,0,,dia_util,0.0,0.0,0.01,0.0,0.0,normal,normal,alta,11,historico dia_util,2.0
D18BA316162,5,,dia_util,0.0,0.0,0.01,0.0,0.0,normal,normal,alta,13,historico dia_util,2.0
D18BA316162,6,,dia_util,0.0,0.0,0.01,0.0,0.0,normal,normal,alta,13,historico dia_util,2.0
D18BA316162,7,,dia_util,0.0,0.0,0.01,0.0,0.0,normal,normal,alta,13,historico dia_util,2.0
D18BA316162,8,,dia_util,0.0,0.0012,0.01,-0.12,-0.12,normal,normal,alta,13,historico dia_util,2.0
D18BA316162,9,,dia_util,0.0,0.0018,0.01,-0.18,-0.18,normal,normal,alta,13,historico dia_util,2.0
D18BA316162,10,,dia_util,0.0,0.0008,0.01,-0.08,-0.08,normal,normal,alta,13,historico dia_util,2.0
D18BA316162,11,,dia_util,0.006,0.0011,0.01,0.49,0.49,normal,normal,alta,13,historico dia_util,2.0
D18BA316162,12,,dia_util,0.0,0.0055,0.01,-0.55,-0.55,normal,normal,alta,13,historico dia_util,2.0
D18BA316162,13,,dia_util,0.009,0.0108,0.0125,-0.15,-0.15,normal,normal,alta,13,historico dia_util,2.0
D18BA316162,14,,dia_util,0.0,0.0047,0.01,-0.47,-0.47,normal,normal,alta,13,historico dia_util,2.0
D18BA316162,15,,dia_util,0.0,0.0018,0.01,-0.18,-0.18,normal,normal,alta,13,historico dia_util,2.0
D18BA316162,16,,dia_util,0.0,0.0035,0.01,-0.35,-0.35,normal,normal,alta,13,historico dia_util,2.0
D18BA316162,17,,dia_util,0.0,0.0076,0.0124,-0.61,-0.61,normal,normal,alta,12,historico dia_util,2.0
D18BA316162,18,,dia_util,0.0,0.0006,0.01,-0.06,-0.06,normal,normal,alta,12,historico dia_util,2.0
D18BA316162,19,,dia_util,0.0,0.0,0.01,0.0,0.0,normal,normal,alta,12,historico dia_util,2.0
D18BA316162,20,,dia_util,0.0,0.0,0.01,0.0,0.0,normal,normal,alta,12,historico dia_util,2.0
D18BA316162,21,,dia_util,0.0,0.0013,0.01,-0.12,-0.12,normal,normal,alta,12,historico dia_util,2.0
D18BA316162,22,,dia_util,0.0,0.0,0.01,0.0,0.0,normal,normal,alta,12,historico dia_util,2.0
D18BA316162,23,,dia_util,0.0,0.0,0.01,0.0,0.0,normal,normal,alta,12,historico dia_util,2.0
D18BX003233,0,,dia_util,0.001,0.0032,0.01,-0.22,-0.22,normal,normal,alta,11,historico dia_util,2.0
D18BX003233,1,,dia_util,0.0,0.0,0.01,0.0,0.0,normal,normal,alta,11,historico dia_util,2.0
D18BX003233,2,,dia_util,0.001,0.0,0.01,0.1,0.1,normal,normal,alta,11,historico dia_util,2.0
D18BX003233,3,,dia_util,0.0,0.0,0.01,0.0,0.0,normal,normal,alta,11,historico dia_util,2.0
D18BX003233,4,,dia_util,0.0,-0.0001,0.01,0.01,0.01,normal,normal,alta,11,historico dia_util,2.0
D18BX003233,5,,dia_util,0.0,0.0001,0.01,-0.01,-0.01,normal,normal,alta,11,historico dia_util,2.0
D18BX003233,6,,dia_util,0.0,0.0,0.01,0.0,0.0,normal,normal,alta,11,historico dia_util,2.0
D18BX003233,7,,dia_util,0.0,0.0,0.01,0.0,0.0,normal,normal,alta,11,historico dia_util,2.0
D18BX003233,16,,dia_util,0.004,-0.0001,0.01,0.41,0.41,normal,normal,alta,9,historico dia_util,2.0
D18BX003233,17,,dia_util,0.0,0.0001,0.01,-0.01,-0.01,normal,normal,alta,9,historico dia_util,2.0
D18BX003233,18,,dia_util,0.0,0.0,0.01,0.0,0.0,normal,normal,alta,9,historico dia_util,2.0
D18BX003233,19,,dia_util,0.001,0.0,0.01,0.1,0.1,normal,normal,alta,9,historico dia_util,2.0
D18BX003233,20,,dia_util,0.0,0.0105,0.0249,-0.42,-0.42,normal,normal,alta,8,historico dia_util,2.0
D18BX003233,21,,dia_util,0.0,0.0,0.01,0.0,0.0,normal,normal,alta,8,historico dia_util,2.0
D18BX003233,22,,dia_util,0.0,0.0,0.01,0.0,0.0,normal,normal,alta,8,historico dia_util,2.0
D18BX003233,23,,dia_util,0.001,0.0,0.01,0.1,0.1,normal,normal,alta,8,historico dia_util,2.0
D18BX003237,0,,dia_util,0.0,0.0,0.01,0.0,0.0,normal,normal,alta,17,historico dia_util,2.0
D18BX003237,1,,dia_util,0.0,0.0,0.01,0.0,0.0,normal,normal,alta,17,historico dia_util,2.0
D18BX003237,2,,dia_util,0.0,0.0,0.01,0.0,0.0,normal,normal,alta,17,historico dia_util,2.0
D18BX003237,3,,dia_util,0.0,0.0,0.01,0.0,0.0,normal,normal,alta,17,historico dia_util,2.0
D18BX003237,4,,dia_util,0.0,0.0,0.01,0.0,0.0,normal,normal,alta,17,historico dia_util,2.0
D18BX003237,5,,dia_util,0.0,0.0,0.01,0.0,0.0,normal,normal,alta,17,historico dia_util,2.0
D18BX003237,6,,dia_util,0.0,0.0,0.01,0.0,0.0,normal,normal,alta,17,historico dia_util,2.0
D18BX003237,7,,dia_util,0.0,0.0,0.01,0.0,0.0,normal,normal,alta,17,historico dia_util,2.0
D18BX003237,8,,dia_util,0.0,0.0,0.01,0.0,0.0,normal,normal,alta,16,historico dia_util,2.0
D18BX003237,9,,dia_util,0.0,0.0,0.01,0.0,0.0,normal,normal,alta,16,historico dia_util,2.0
D18BX003237,10,,dia_util,0.0,0.0,0.01,0.0,0.0,normal,normal,alta,16,historico dia_util,2.0
D18BX003237,11,,dia_util,0.0,0.0,0.01,0.0,0.0,normal,normal,alta,16,historico dia_util,2.0
D18BX003237,12,,dia_util,0.0,0.0,0.01,0.0,0.0,normal,normal,alta,18,historico dia_util,2.0
D18BX003237,13,,dia_util,0.0,0.0,0.01,0.0,0.0,normal,normal,alta,18,historico dia_util,2.0
D18BX003237,14,,dia_util,0.0,0.0,0.01,0.0,0.0,normal,normal,alta,18,historico dia_util,2.0
D18BX003237,15,,dia_util,0.0,0.0,0.01,0.0,0.0,normal,normal,alta,18,historico dia_util,2.0
D18BX003237,16,,dia_util,0.0,0.0,0.01,0.0,0.0,normal,normal,alta,17,historico dia_util,2.0
D18BX003237,17,,dia_util,0.0,0.0,0.01,0.0,0.0,normal,normal,alta,17,historico dia_util,2.0
D18BX003237,18,,dia_util,0.0,0.0,0.01,0.0,0.0,normal,normal,alta,17,historico dia_util,2.0
D18BX003237,19,,dia_util,0.0,0.0,0.01,0.0,0.0,normal,normal,alta,17,historico dia_util,2.0
D18BX003237,20,,dia_util,0.0,0.0,0.01,0.0,0.0,normal,normal,alta,19,historico dia_util,2.0
D18BX003237,21,,dia_util,0.0,0.0,0.01,0.0,0.0,normal,normal,alta,19,historico dia_util,2.0
D18BX003237,22,,dia_util,0.0,0.0,0.01,0.0,0.0,normal,normal,alta,19,historico dia_util,2.0
D18BX003237,23,,dia_util,0.0,0.0,0.01,0.0,0.0,normal,normal,alta,19,historico dia_util,2.0
D18BX003239,0,,dia_util,0.0,0.0773,0.1918,-0.4,-0.4,normal,normal,alta,18,historico dia_util,2.0
D18BX003239,1,,dia_util,0.0,0.0672,0.1629,-0.41,-0.41,normal,normal,alta,18,historico dia_util,2.0
D18BX003239,2,,dia_util,0.0,0.0384,0.0884,-0.43,-0.43,normal,normal,alta,18,historico dia_util,2.0
D18BX003239,3,,dia_util,0.0,0.0142,0.0519,-0.27,-0.27,normal,normal,alta,18,historico dia_util,2.0
D18BX003239,4,,dia_util,0.0,0.0911,0.3602,-0.25,-0.25,normal,normal,alta,20,historico dia_util,2.0
D18BX003239,5,,dia_util,0.0,0.0101,0.0452,-0.22,-0.22,normal,normal,alta,20,historico dia_util,2.0
D18BX003239,6,,dia_util,0.0,0.0063,0.028,-0.22,-0.22,normal,normal,alta,20,historico dia_util,2.0
D18BX003239,7,,dia_util,0.0,0.0019,0.01,-0.19,-0.19,normal,normal,alta,20,historico dia_util,2.0
D18BX003239,8,,dia_util,0.0,0.0427,0.1115,-0.38,-0.38,normal,normal,alta,20,historico dia_util,2.0
D18BX003239,9,,dia_util,0.0,0.0408,0.1038,-0.39,-0.39,normal,normal,alta,20,historico dia_util,2.0
D18BX003239,10,,dia_util,0.0,0.0194,0.0658,-0.29,-0.29,normal,normal,alta,20,historico dia_util,2.0
D18BX003239,11,,dia_util,0.0,0.0295,0.0946,-0.31,-0.31,normal,normal,alta,20,historico dia_util,2.0
D18BX003239,12,,dia_util,0.0,0.0389,0.1742,-0.22,-0.22,normal,normal,alta,20,historico dia_util,2.0
D18BX003239,13,,dia_util,0.0,0.0207,0.0928,-0.22,-0.22,normal,normal,alta,20,historico dia_util,2.0
D18BX003239,14,,dia_util,0.0,0.0123,0.0545,-0.23,-0.23,normal,normal,alta,20,historico dia_util,2.0
D18BX003239,15,,dia_util,0.0,0.0365,0.0846,-0.43,-0.43,normal,normal,alta,20,historico dia_util,2.0
D18BX003239,16,,dia_util,0.0,0.0669,0.1345,-0.5,-0.5,normal,normal,alta,20,historico dia_util,2.0
D18BX003239,17,,dia_util,0.0,0.0739,0.1264,-0.59,-0.59,normal,normal,alta,20,historico dia_util,2.0
D18BX003239,18,,dia_util,0.0,0.0547,0.095,-0.58,-0.58,normal,normal,alta,20,historico dia_util,2.0
D18BX003239,19,,dia_util,0.0,0.0586,0.0994,-0.59,-0.59,normal,normal,alta,20,historico dia_util,2.0
D18BX003239,20,,dia_util,0.0,0.0461,0.0938,-0.49,-0.49,normal,normal,alta,20,historico dia_util,2.0
D18BX003239,21,,dia_util,0.0,0.043,0.0892,-0.48,-0.48,normal,normal,alta,20,historico dia_util,2.0
D18BX003239,22,,dia_util,0.0,0.0425,0.0882,-0.48,-0.48,normal,normal,alta,20,historico dia_util,2.0
D18BX003239,23,,dia_util,0.0,0.0697,0.164,-0.43,-0.43,normal,normal,alta,20,historico dia_util,2.0
D18BX003260,0,,dia_util,0.0,0.0,0.01,0.0,0.0,normal,normal,alta,16,historico dia_util,2.0
D18BX003260,1,,dia_util,0.0,0.0,0.01,0.0,0.0,normal,normal,alta,16,historico dia_util,2.0
D18BX003260,2,,dia_util,0.0,0.0,0.01,0.0,0.0,normal,normal,alta,16,historico dia_util,2.0
D18BX003260,3,,dia_util,0.0,0.0,0.01,0.0,0.0,normal,normal,alta,15,historico dia_util,2.0
D18BX003260,4,,dia_util,0.0,0.0,0.01,0.0,0.0,normal,normal,alta,15,historico dia_util,2.0
D18BX003260,5,,dia_util,0.0,0.0,0.01,0.0,0.0,normal,normal,alta,15,historico dia_util,2.0
D18BX003260,6,,dia_util,0.0,0.0,0.01,0.0,0.0,normal,normal,alta,15,historico dia_util,2.0
D18BX003260,7,,dia_util,0.0,0.0,0.01,0.0,0.0,normal,normal,alta,15,historico dia_util,2.0
D18BX003260,8,,dia_util,0.0,0.0,0.01,0.0,0.0,normal,normal,alta,17,historico dia_util,2.0
D18BX003260,9,,dia_util,0.0,0.0,0.01,0.0,0.0,normal,normal,alta,17,historico dia_util,2.0
D18BX003260,10,,dia_util,0.0,0.0,0.01,0.0,0.0,normal,normal,alta,17,historico dia_util,2.0
D18BX003260,11,,dia_util,0.0,0.0,0.01,0.0,0.0,normal,normal,alta,16,historico dia_util,2.0
D18BX003260,12,,dia_util,0.0,0.0,0.01,0.0,0.0,normal,normal,alta,15,historico dia_util,2.0
D18BX003260,13,,dia_util,0.0,0.0,0.01,0.0,0.0,normal,normal,alta,15,historico dia_util,2.0
D18BX003260,14,,dia_util,0.0,0.0,0.01,0.0,0.0,normal,normal,alta,15,historico dia_util,2.0
D18BX003260,15,,dia_util,0.0,0.0,0.01,0.0,0.0,normal,normal,alta,14,historico dia_util,2.0
D18BX003260,16,,dia_util,0.0,0.0,0.01,0.0,0.0,normal,normal,alta,20,historico dia_util,2.0
D18BX003260,17,,dia_util,0.0,0.0,0.01,0.0,0.0,normal,normal,alta,20,historico dia_util,2.0
D18BX003260,18,,dia_util,0.0,0.0,0.01,0.0,0.0,normal,normal,alta,20,historico dia_util,2.0
D18BX003260,19,,dia_util,0.0,0.0,0.01,0.0,0.0,normal,normal,alta,18,historico dia_util,2.0
D18BX003260,20,,dia_util,0.0,0.0,0.01,0.0,0.0,normal,normal,alta,16,historico dia_util,2.0
D18BX003260,21,,dia_util,0.0,0.0,0.01,0.0,0.0,normal,normal,alta,16,historico dia_util,2.0
D18BX003260,22,,dia_util,0.0,0.0,0.01,0.0,0.0,normal,normal,alta,16,historico dia_util,2.0
D18BX003260,23,,dia_util,0.0,0.0,0.01,0.0,0.0,normal,normal,alta,16,historico dia_util,2.0
D18BX003284,0,,dia_util,0.0,0.0001,0.01,-0.01,-0.01,normal,normal,alta,20,historico dia_util,2.0
D18BX003284,1,,dia_util,0.0,0.0001,0.01,-0.01,-0.01,normal,normal,alta,20,historico dia_util,2.0
D18BX003284,2,,dia_util,0.0,0.0,0.01,0.0,0.0,normal,normal,alta,19,historico dia_util,2.0
D18BX003284,3,,dia_util,0.0,0.0,0.01,0.0,0.0,normal,normal,alta,19,historico dia_util,2.0
D18BX003284,4,,dia_util,0.0,0.0,0.01,0.0,0.0,normal,normal,alta,19,historico dia_util,2.0
D18BX003284,5,,dia_util,0.0,0.0,0.01,0.0,0.0,normal,normal,alta,19,historico dia_util,2.0
D18BX003284,6,,dia_util,0.0,0.0,0.01,0.0,0.0,normal,normal,alta,18,historico dia_util,2.0
D18BX003284,7,,dia_util,0.0,0.0001,0.01,-0.01,-0.01,normal,normal,alta,18,historico dia_util,2.0
D18BX003284,8,,dia_util,0.0,0.0,0.01,0.0,0.0,normal,normal,alta,18,historico dia_util,2.0
D18BX003284,9,,dia_util,0.0,0.0005,0.01,-0.05,-0.05,normal,normal,alta,17,historico dia_util,2.0
D18BX003284,10,,dia_util,0.0,0.0002,0.01,-0.02,-0.02,normal,normal,alta,18,historico dia_util,2.0
D18BX003284,11,,dia_util,0.0,0.0002,0.01,-0.02,-0.02,normal,normal,alta,18,historico dia_util,2.0
D18BX003284,12,,dia_util,0.0,0.0051,0.02,-0.26,-0.26,normal,normal,alta,18,historico dia_util,2.0
D18BX003284,13,,dia_util,0.0,0.0002,0.01,-0.02,-0.02,normal,normal,alta,18,historico dia_util,2.0
D18BX003284,14,,dia_util,0.0,0.0002,0.01,-0.02,-0.02,normal,normal,alta,19,historico dia_util,2.0
D18BX003284,15,,dia_util,0.0,0.0001,0.01,-0.01,-0.01,normal,normal,alta,19,historico dia_util,2.0
D18BX003284,16,,dia_util,0.0,0.0004,0.01,-0.04,-0.04,normal,normal,alta,19,historico dia_util,2.0
D18BX003284,17,,dia_util,0.0,0.0002,0.01,-0.02,-0.02,normal,normal,alta,18,historico dia_util,2.0
D18BX003284,18,,dia_util,0.0,0.0002,0.01,-0.02,-0.02,normal,normal,alta,20,historico dia_util,2.0
D18BX003284,19,,dia_util,0.0,0.0001,0.01,-0.01,-0.01,normal,normal,alta,20,historico dia_util,2.0
D18BX003284,20,,dia_util,0.0,0.0002,0.01,-0.02,-0.02,normal,normal,alta,20,historico dia_util,2.0
D18BX003284,21,,dia_util,0.0,0.0004,0.01,-0.04,-0.04,normal,normal,alta,19,historico dia_util,2.0
D18BX003284,22,,dia_util,0.0,0.0001,0.01,-0.01,-0.01,normal,normal,alta,20,historico dia_util,2.0
D18BX003284,23,,dia_util,0.0,0.0,0.01,0.0,0.0,normal,normal,alta,20,historico dia_util,2.0
D19BA000196,0,,dia_util,0.0,0.0004,0.01,-0.04,-0.04,normal,normal,alta,16,historico dia_util,2.0
D19BA000196,1,,dia_util,0.0,0.0,0.01,0.0,0.0,normal,normal,alta,17,historico dia_util,2.0
D19BA000196,2,,dia_util,0.0,0.0,0.01,0.0,0.0,normal,normal,alta,17,historico dia_util,2.0
D19BA000196,3,,dia_util,0.0,0.0,0.01,0.0,0.0,normal,normal,alta,17,historico dia_util,2.0
D19BA000196,4,,dia_util,0.0,0.0,0.01,0.0,0.0,normal,normal,alta,14,historico dia_util,2.0
D19BA000196,5,,dia_util,0.0,0.0,0.01,0.0,0.0,normal,normal,alta,14,historico dia_util,2.0
D19BA000196,6,,dia_util,0.0,0.0,0.01,0.0,0.0,normal,normal,alta,14,historico dia_util,2.0
D19BA000196,7,,dia_util,0.0,0.0,0.01,0.0,0.0,normal,normal,alta,14,historico dia_util,2.0
D19BA000196,8,,dia_util,0.001,0.0003,0.01,0.07,0.07,normal,normal,alta,16,historico dia_util,2.0
D19BA000196,9,,dia_util,0.021,0.0162,0.0142,0.34,0.34,normal,normal,alta,16,historico dia_util,2.0
D19BA000196,10,,dia_util,0.039,0.0359,0.0166,0.19,0.19,normal,normal,alta,16,historico dia_util,2.0
D19BA000196,11,,dia_util,0.088,0.043,0.0176,2.56,2.56,desvio,acima,alta,16,historico dia_util,2.0
D19BA000196,12,,dia_util,0.023,0.0486,0.0364,-0.7,-0.7,normal,normal,alta,17,historico dia_util,2.0
D19BA000196,13,,dia_util,0.023,0.0292,0.0101,-0.61,-0.61,normal,normal,alta,17,historico dia_util,2.0
D19BA000196,14,,dia_util,0.008,0.0162,0.0108,-0.76,-0.76,normal,normal,alta,17,historico dia_util,2.0
D19BA000196,15,,dia_util,0.029,0.0148,0.01,1.42,1.42,normal,normal,alta,17,historico dia_util,2.0
D19BA000196,16,,dia_util,0.015,0.0294,0.0141,-1.02,-1.02,normal,normal,alta,17,historico dia_util,2.0
D19BA000196,17,,dia_util,0.031,0.0161,0.01,1.49,1.49,normal,normal,alta,17,historico dia_util,2.0
D19BA000196,18,,dia_util,0.0,0.0059,0.01,-0.59,-0.59,normal,normal,alta,17,historico dia_util,2.0
D19BA000196,19,,dia_util,0.0,0.001,0.01,-0.1,-0.1,normal,normal,alta,17,historico dia_util,2.0
D19BA000196,20,,dia_util,0.0,0.0005,0.01,-0.05,-0.05,normal,normal,alta,15,historico dia_util,2.0
D19BA000196,21,,dia_util,0.0,0.0,0.01,0.0,0.0,normal,normal,alta,15,historico dia_util,2.0
D19BA000196,22,,dia_util,0.0,0.0,0.01,0.0,0.0,normal,normal,alta,15,historico dia_util,2.0
D19BA000196,23,,dia_util,0.0,0.0,0.01,0.0,0.0,normal,normal,alta,15,historico dia_util,2.0
D19BA063983,0,,dia_util,0.0,0.0,0.01,0.0,0.0,normal,normal,alta,20,historico dia_util,2.0
D19BA063983,1,,dia_util,0.0,0.0,0.01,0.0,0.0,normal,normal,alta,20,historico dia_util,2.0
D19BA063983,2,,dia_util,0.0,0.0,0.01,0.0,0.0,normal,normal,alta,20,historico dia_util,2.0
D19BA063983,3,,dia_util,0.0,0.0,0.01,0.0,0.0,normal,normal,alta,20,historico dia_util,2.0
D19BA063983,4,,dia_util,0.0,0.0,0.01,0.0,0.0,normal,normal,alta,20,historico dia_util,2.0
D19BA063983,5,,dia_util,0.0,0.0,0.01,0.0,0.0,normal,normal,alta,20,historico dia_util,2.0
D19BA063983,6,,dia_util,0.0,0.0,0.01,0.0,0.0,normal,normal,alta,20,historico dia_util,2.0
D19BA063983,7,,dia_util,0.0,0.0,0.01,0.0,0.0,normal,normal,alta,20,historico dia_util,2.0
D19BA063983,8,,dia_util,0.0,0.0,0.01,0.0,0.0,normal,normal,alta,20,historico dia_util,2.0
D19BA063983,9,,dia_util,0.0,0.0,0.01,0.0,0.0,normal,normal,alta,20,historico dia_util,2.0
D19BA063983,10,,dia_util,0.0,0.0,0.01,0.0,0.0,normal,normal,alta,20,historico dia_util,2.0
D19BA063983,11,,dia_util,0.0,0.0,0.01,0.0,0.0,normal,normal,alta,20,historico dia_util,2.0
D19BA063983,12,,dia_util,0.0,0.0,0.01,0.0,0.0,normal,normal,alta,20,historico dia_util,2.0
D19BA063983,13,,dia_util,0.0,0.0,0.01,0.0,0.0,normal,normal,alta,19,historico dia_util,2.0
D19BA063983,14,,dia_util,0.0,0.0,0.01,0.0,0.0,normal,normal,alta,20,historico dia_util,2.0
D19BA063983,15,,dia_util,0.0,0.0,0.01,0.0,0.0,normal,normal,alta,20,historico dia_util,2.0
D19BA063983,16,,dia_util,0.0,0.0,0.01,0.0,0.0,normal,normal,alta,20,historico dia_util,2.0
D19BA063983,17,,dia_util,0.0,0.0,0.01,0.0,0.0,normal,normal,alta,20,historico dia_util,2.0
D19BA063983,18,,dia_util,0.0,0.0,0.01,0.0,0.0,normal,normal,alta,20,historico dia_util,2.0
D19BA063983,19,,dia_util,0.0,0.0,0.01,0.0,0.0,normal,normal,alta,20,historico dia_util,2.0
D19BA063983,20,,dia_util,0.0,0.0,0.01,0.0,0.0,normal,normal,alta,20,historico dia_util,2.0
D19BA063983,21,,dia_util,0.0,0.0,0.01,0.0,0.0,normal,normal,alta,20,historico dia_util,2.0
D19BA063983,22,,dia_util,0.0,0.0,0.01,0.0,0.0,normal,normal,alta,20,historico dia_util,2.0
D19BA063983,23,,dia_util,0.0,0.0,0.01,0.0,0.0,normal,normal,alta,20,historico dia_util,2.0
D19BA093038,0,,dia_util,0.0,0.0,0.01,0.0,0.0,normal,normal,alta,19,historico dia_util,2.0
D19BA093038,1,,dia_util,0.0,0.0,0.01,0.0,0.0,normal,normal,alta,19,historico dia_util,2.0
D19BA093038,2,,dia_util,0.0,0.0,0.01,0.0,0.0,normal,normal,alta,19,historico dia_util,2.0
D19BA093038,3,,dia_util,0.0,0.0,0.01,0.0,0.0,normal,normal,alta,20,historico dia_util,2.0
D19BA093038,4,,dia_util,0.0,0.0,0.01,0.0,0.0,normal,normal,alta,20,historico dia_util,2.0
D19BA093038,5,,dia_util,0.0,0.0,0.01,0.0,0.0,normal,normal,alta,20,historico dia_util,2.0
D19BA093038,6,,dia_util,0.0,0.0,0.01,0.0,0.0,normal,normal,alta,20,historico dia_util,2.0
D19BA093038,7,,dia_util,0.0,0.0,0.01,0.0,0.0,normal,normal,alta,20,historico dia_util,2.0
D19BA093038,8,,dia_util,0.0,0.0,0.01,0.0,0.0,normal,normal,alta,20,historico dia_util,2.0
D19BA093038,9,,dia_util,0.0,0.0003,0.01,-0.03,-0.03,normal,normal,alta,20,historico dia_util,2.0
D19BA093038,10,,dia_util,0.0,0.0013,0.01,-0.12,-0.12,normal,normal,alta,20,historico dia_util,2.0
D19BA093038,11,,dia_util,0.0,0.0057,0.01,-0.57,-0.57,normal,normal,alta,20,historico dia_util,2.0
D19BA093038,12,,dia_util,0.0,0.0057,0.01,-0.57,-0.57,normal,normal,alta,20,historico dia_util,2.0
D19BA093038,13,,dia_util,0.0,0.0046,0.01,-0.46,-0.46,normal,normal,alta,20,historico dia_util,2.0
D19BA093038,14,,dia_util,0.0,0.0005,0.01,-0.05,-0.05,normal,normal,alta,20,historico dia_util,2.0
D19BA093038,15,,dia_util,0.0,0.0023,0.01,-0.23,-0.23,normal,normal,alta,20,historico dia_util,2.0
D19BA093038,16,,dia_util,0.0,0.0014,0.01,-0.14,-0.14,normal,normal,alta,20,historico dia_util,2.0
D19BA093038,17,,dia_util,0.0,0.0014,0.01,-0.14,-0.14,normal,normal,alta,20,historico dia_util,2.0
D19BA093038,18,,dia_util,0.0,0.0006,0.01,-0.06,-0.06,normal,normal,alta,20,historico dia_util,2.0
D19BA093038,19,,dia_util,0.0,0.0,0.01,0.0,0.0,normal,normal,alta,20,historico dia_util,2.0
D19BA093038,20,,dia_util,0.0,0.0,0.01,0.0,0.0,normal,normal,alta,20,historico dia_util,2.0
D19BA093038,21,,dia_util,0.0,0.0,0.01,0.0,0.0,normal,normal,alta,20,historico dia_util,2.0
D19BA093038,22,,dia_util,0.0,0.0,0.01,0.0,0.0,normal,normal,alta,20,historico dia_util,2.0
D19BA093038,23,,dia_util,0.0,0.0,0.01,0.0,0.0,normal,normal,alta,19,historico dia_util,2.0
D19BA093039,0,,dia_util,0.001,0.0003,0.01,0.07,0.07,normal,normal,alta,20,historico dia_util,2.0
D19BA093039,1,,dia_util,0.0,0.0001,0.01,-0.01,-0.01,normal,normal,alta,20,historico dia_util,2.0
D19BA093039,2,,dia_util,0.0,0.0,0.01,0.0,0.0,normal,normal,alta,20,historico dia_util,2.0
D19BA093039,3,,dia_util,0.0,0.0,0.01,0.0,0.0,normal,normal,alta,20,historico dia_util,2.0
D19BA093039,4,,dia_util,0.0,0.0,0.01,0.0,0.0,normal,normal,alta,20,historico dia_util,2.0
D19BA093039,5,,dia_util,0.0,0.0,0.01,0.0,0.0,normal,normal,alta,20,historico dia_util,2.0
D19BA093039,6,,dia_util,0.0,0.0,0.01,0.0,0.0,normal,normal,alta,20,historico dia_util,2.0
D19BA093039,7,,dia_util,0.0,0.0,0.01,0.0,0.0,normal,normal,alta,20,historico dia_util,2.0
D19BA093039,8,,dia_util,0.0,0.0002,0.01,-0.02,-0.02,normal,normal,alta,20,historico dia_util,2.0
D19BA093039,9,,dia_util,0.013,0.0079,0.01,0.51,0.51,normal,normal,alta,20,historico dia_util,2.0
D19BA093039,10,,dia_util,0.001,0.0057,0.01,-0.47,-0.47,normal,normal,alta,20,historico dia_util,2.0
D19BA093039,11,,dia_util,0.011,0.0147,0.0144,-0.25,-0.25,normal,normal,alta,20,historico dia_util,2.0
D19BA093039,12,,dia_util,0.009,0.0129,0.0229,-0.17,-0.17,normal,normal,alta,20,historico dia_util,2.0
D19BA093039,13,,dia_util,0.0,0.0078,0.01,-0.78,-0.78,normal,normal,alta,20,historico dia_util,2.0
D19BA093039,14,,dia_util,0.019,0.0115,0.01,0.75,0.75,normal,normal,alta,20,historico dia_util,2.0
D19BA093039,15,,dia_util,0.008,0.0069,0.01,0.11,0.11,normal,normal,alta,20,historico dia_util,2.0
D19BA093039,16,,dia_util,0.011,0.0066,0.01,0.44,0.44,normal,normal,alta,20,historico dia_util,2.0
D19BA093039,17,,dia_util,0.011,0.0118,0.01,-0.09,-0.09,normal,normal,alta,20,historico dia_util,2.0
D19BA093039,18,,dia_util,0.006,0.0087,0.014,-0.19,-0.19,normal,normal,alta,20,historico dia_util,2.0
D19BA093039,19,,dia_util,0.0,0.0002,0.01,-0.02,-0.02,normal,normal,alta,19,historico dia_util,2.0
D19BA093039,20,,dia_util,0.0,0.0,0.01,0.0,0.0,normal,normal,alta,19,historico dia_util,2.0
D19BA093039,21,,dia_util,0.0,0.0,0.01,0.0,0.0,normal,normal,alta,19,historico dia_util,2.0
D19BA093039,22,,dia_util,0.0,0.0,0.01,0.0,0.0,normal,normal,alta,19,historico dia_util,2.0
D19BA093039,23,,dia_util,0.0,0.0,0.01,0.0,0.0,normal,normal,alta,20,historico dia_util,2.0
D19BA310748,1,,dia_util,0.0,0.0,0.01,0.0,0.0,normal,normal,alta,12,historico dia_util,2.0
D19BA310748,2,,dia_util,0.0,0.0,0.01,0.0,0.0,normal,normal,alta,12,historico dia_util,2.0
D19BA310748,3,,dia_util,0.0,0.0,0.01,0.0,0.0,normal,normal,alta,12,historico dia_util,2.0
D19BA310748,4,,dia_util,0.0,0.0,0.01,0.0,0.0,normal,normal,alta,12,historico dia_util,2.0
D19BA310748,5,,dia_util,0.0,0.0,0.01,0.0,0.0,normal,normal,alta,8,historico dia_util,2.0
D19BA310748,6,,dia_util,0.0,0.0,0.01,0.0,0.0,normal,normal,alta,8,historico dia_util,2.0
D19BA310748,7,,dia_util,0.0,0.0,0.01,0.0,0.0,normal,normal,alta,8,historico dia_util,2.0
D19BA310748,8,,dia_util,0.0,0.0,0.01,0.0,0.0,normal,normal,alta,6,historico dia_util,2.0
D19BA310748,13,,dia_util,0.0,0.0,0.01,0.0,0.0,normal,normal,baixa,2,historico dia_util (poucos dados),2.0
D19BA310748,14,,dia_util,0.0,0.0,0.01,0.0,0.0,normal,normal,baixa,2,historico dia_util (poucos dados),2.0
D19BA310748,15,,dia_util,0.0,0.0,0.01,0.0,0.0,normal,normal,baixa,2,historico dia_util (poucos dados),2.0
D19BA310748,16,,dia_util,0.0,0.0,0.01,0.0,0.0,normal,normal,baixa,3,historico dia_util (poucos dados),2.0
D19BA310748,21,,dia_util,0.0,0.0,0.01,0.0,0.0,normal,normal,baixa,3,historico dia_util (poucos dados),2.0
D19BA310748,22,,dia_util,0.0,0.0,0.01,0.0,0.0,normal,normal,baixa,3,historico dia_util (poucos dados),2.0
D19BA310748,23,,dia_util,0.0,0.0,0.01,0.0,0.0,normal,normal,baixa,3,historico dia_util (poucos dados),2.0
D19BA310997,0,,dia_util,0.001,0.0005,0.01,0.05,0.05,normal,normal,alta,20,historico dia_util,2.0
D19BA310997,1,,dia_util,0.0,0.0005,0.01,-0.05,-0.05,normal,normal,alta,20,historico dia_util,2.0
D19BA310997,2,,dia_util,0.001,0.0007,0.01,0.03,0.03,normal,normal,alta,20,historico dia_util,2.0
D19BA310997,3,,dia_util,0.0,0.0005,0.01,-0.05,-0.05,normal,normal,alta,20,historico dia_util,2.0
D19BA310997,4,,dia_util,0.0,0.0009,0.01,-0.09,-0.09,normal,normal,alta,20,historico dia_util,2.0
D19BA310997,5,,dia_util,0.001,0.0006,0.01,0.04,0.04,normal,normal,alta,20,historico dia_util,2.0
D19BA310997,6,,dia_util,0.0,0.0008,0.01,-0.08,-0.08,normal,normal,alta,20,historico dia_util,2.0
D19BA310997,7,,dia_util,0.001,0.0005,0.01,0.05,0.05,normal,normal,alta,20,historico dia_util,2.0
D19BA310997,8,,dia_util,0.0,0.0004,0.01,-0.04,-0.04,normal,normal,alta,20,historico dia_util,2.0
D19BA310997,9,,dia_util,0.0,0.0012,0.01,-0.12,-0.12,normal,normal,alta,20,historico dia_util,2.0
D19BA310997,10,,dia_util,0.001,0.0036,0.01,-0.26,-0.26,normal,normal,alta,20,historico dia_util,2.0
D19BA310997,11,,dia_util,0.0,0.0004,0.01,-0.04,-0.04,normal,normal,alta,20,historico dia_util,2.0
D19BA310997,12,,dia_util,0.0,0.0031,0.01,-0.31,-0.31,normal,normal,alta,20,historico dia_util,2.0
D19BA310997,13,,dia_util,0.0,0.0008,0.01,-0.07,-0.07,normal,normal,alta,20,historico dia_util,2.0
D19BA310997,14,,dia_util,0.001,0.001,0.01,-0.0,-0.0,normal,normal,alta,20,historico dia_util,2.0
D19BA310997,15,,dia_util,0.0,0.002,0.01,-0.2,-0.2,normal,normal,alta,20,historico dia_util,2.0
D19BA310997,16,,dia_util,0.0,0.0013,0.01,-0.12,-0.12,normal,normal,alta,20,historico dia_util,2.0
D19BA310997,17,,dia_util,0.001,0.0004,0.01,0.06,0.06,normal,normal,alta,20,historico dia_util,2.0
D19BA310997,18,,dia_util,0.0,0.0011,0.01,-0.11,-0.11,normal,normal,alta,20,historico dia_util,2.0
D19BA310997,19,,dia_util,0.0,0.0001,0.01,-0.01,-0.01,normal,normal,alta,20,historico dia_util,2.0
D19BA310997,20,,dia_util,0.001,0.0002,0.01,0.08,0.08,normal,normal,alta,20,historico dia_util,2.0
D19BA310997,21,,dia_util,0.0,0.0007,0.01,-0.07,-0.07,normal,normal,alta,20,historico dia_util,2.0
D19BA310997,22,,dia_util,0.0,0.0002,0.01,-0.02,-0.02,normal,normal,alta,20,historico dia_util,2.0
D19BA310997,23,,dia_util,0.0,0.0005,0.01,-0.05,-0.05,normal,normal,alta,20,historico dia_util,2.0
D19BA341196,0,,dia_util,0.002,0.0014,0.01,0.07,0.07,normal,normal,alta,20,historico dia_util,2.0
D19BA341196,1,,dia_util,0.001,0.0015,0.01,-0.05,-0.05,normal,normal,alta,20,historico dia_util,2.0
D19BA341196,2,,dia_util,0.002,0.0015,0.01,0.05,0.05,normal,normal,alta,20,historico dia_util,2.0
D19BA341196,3,,dia_util,0.002,0.0014,0.01,0.06,0.06,normal,normal,alta,20,historico dia_util,2.0
D19BA341196,4,,dia_util,0.002,0.0015,0.01,0.05,0.05,normal,normal,alta,20,historico dia_util,2.0
D19BA341196,5,,dia_util,0.001,0.0014,0.01,-0.04,-0.04,normal,normal,alta,20,historico dia_util,2.0
D19BA341196,6,,dia_util,0.002,0.0014,0.01,0.06,0.06,normal,normal,alta,20,historico dia_util,2.0
D19BA341196,7,,dia_util,0.002,0.0014,0.01,0.06,0.06,normal,normal,alta,20,historico dia_util,2.0
D19BA341196,8,,dia_util,0.002,0.0019,0.01,0.01,0.01,normal,normal,alta,20,historico dia_util,2.0
D19BA341196,9,,dia_util,0.002,0.0062,0.01,-0.42,-0.42,normal,normal,alta,20,historico dia_util,2.0
D19BA341196,10,,dia_util,0.021,0.0178,0.0385,0.08,0.08,normal,normal,alta,20,historico dia_util,2.0
D19BA341196,11,,dia_util,0.081,0.0261,0.044,1.25,1.25,normal,normal,alta,20,historico dia_util,2.0
D19BA341196,12,,dia_util,0.011,0.018,0.0198,-0.35,-0.35,normal,normal,alta,20,historico dia_util,2.0
D19BA341196,13,,dia_util,0.002,0.0086,0.0113,-0.58,-0.58,normal,normal,alta,20,historico dia_util,2.0
D19BA341196,14,,dia_util,0.125,0.0156,0.014,7.84,7.84,desvio,acima,alta,20,historico dia_util,2.0
D19BA341196,15,,dia_util,0.002,0.0061,0.01,-0.41,-0.41,normal,normal,alta,20,historico dia_util,2.0
D19BA341196,16,,dia_util,0.001,0.0067,0.01,-0.57,-0.57,normal,normal,alta,20,historico dia_util,2.0
D19BA341196,17,,dia_util,0.002,0.006,0.01,-0.4,-0.4,normal,normal,alta,20,historico dia_util,2.0
D19BA341196,18,,dia_util,0.001,0.005,0.01,-0.4,-0.4,normal,normal,alta,20,historico dia_util,2.0
D19BA341196,19,,dia_util,0.002,0.003,0.01,-0.1,-0.1,normal,normal,alta,20,historico dia_util,2.0
D19BA341196,20,,dia_util,0.002,0.0019,0.01,0.01,0.01,normal,normal,alta,20,historico dia_util,2.0
D19BA341196,21,,dia_util,0.001,0.0014,0.01,-0.04,-0.04,normal,normal,alta,20,historico dia_util,2.0
D19BA341196,22,,dia_util,0.002,0.0015,0.01,0.05,0.05,normal,normal,alta,20,historico dia_util,2.0
D19BA341196,23,,dia_util,0.001,0.0014,0.01,-0.04,-0.04,normal,normal,alta,20,historico dia_util,2.0
D19BA343472,0,,dia_util,0.0,0.0,0.01,0.0,0.0,normal,normal,alta,20,historico dia_util,2.0
D19BA343472,1,,dia_util,0.0,0.0,0.01,0.0,0.0,normal,normal,alta,20,historico dia_util,2.0
D19BA343472,2,,dia_util,0.0,0.0,0.01,0.0,0.0,normal,normal,alta,20,historico dia_util,2.0
D19BA343472,3,,dia_util,0.0,0.0,0.01,0.0,0.0,normal,normal,alta,19,historico dia_util,2.0
D19BA343472,4,,dia_util,0.0,0.0,0.01,0.0,0.0,normal,normal,alta,19,historico dia_util,2.0
D19BA343472,5,,dia_util,0.0,0.0,0.01,0.0,0.0,normal,normal,alta,19,historico dia_util,2.0
D19BA343472,6,,dia_util,0.0,0.0,0.01,0.0,0.0,normal,normal,alta,19,historico dia_util,2.0
D19BA343472,7,,dia_util,0.0,0.0,0.01,0.0,0.0,normal,normal,alta,20,historico dia_util,2.0
D19BA343472,8,,dia_util,0.0,0.0212,0.0948,-0.22,-0.22,normal,normal,alta,20,historico dia_util,2.0
D19BA343472,9,,dia_util,0.001,0.0199,0.0506,-0.37,-0.37,normal,normal,alta,20,historico dia_util,2.0
D19BA343472,10,,dia_util,0.234,0.0333,0.1185,1.69,1.69,normal,normal,alta,20,historico dia_util,2.0
D19BA343472,11,,dia_util,0.0,0.0971,0.1656,-0.59,-0.59,normal,normal,alta,20,historico dia_util,2.0
D19BA343472,12,,dia_util,0.0,0.0052,0.0194,-0.27,-0.27,normal,normal,alta,20,historico dia_util,2.0
D19BA343472,13,,dia_util,0.049,0.0216,0.0638,0.43,0.43,normal,normal,alta,20,historico dia_util,2.0
D19BA343472,14,,dia_util,0.0,0.0986,0.2758,-0.36,-0.36,normal,normal,alta,20,historico dia_util,2.0
D19BA343472,15,,dia_util,0.0,0.0573,0.2493,-0.23,-0.23,normal,normal,alta,20,historico dia_util,2.0
D19BA343472,16,,dia_util,0.315,0.0116,0.0432,7.02,7.02,desvio,acima,alta,20,historico dia_util,2.0
D19BA343472,17,,dia_util,0.0,0.0004,0.01,-0.04,-0.04,normal,normal,alta,20,historico dia_util,2.0
D19BA343472,18,,dia_util,0.007,0.0247,0.1053,-0.17,-0.17,normal,normal,alta,20,historico dia_util,2.0
D19BA343472,19,,dia_util,0.0,0.0093,0.036,-0.26,-0.26,normal,normal,alta,19,historico dia_util,2.0
D19BA343472,20,,dia_util,0.0,0.0012,0.01,-0.12,-0.12,normal,normal,alta,19,historico dia_util,2.0
D19BA343472,21,,dia_util,0.0,0.0,0.01,0.0,0.0,normal,normal,alta,19,historico dia_util,2.0
D19BA343472,22,,dia_util,0.0,0.0,0.01,0.0,0.0,normal,normal,alta,19,historico dia_util,2.0
D19BA343472,23,,dia_util,0.0,0.0,0.01,0.0,0.0,normal,normal,alta,20,historico dia_util,2.0
D19BA343473,0,,dia_util,0.0,0.0,0.01,0.0,0.0,normal,normal,alta,20,historico dia_util,2.0
D19BA343473,1,,dia_util,0.0,0.0,0.01,0.0,0.0,normal,normal,alta,20,historico dia_util,2.0
D19BA343473,2,,dia_util,0.0,0.0,0.01,0.0,0.0,normal,normal,alta,20,historico dia_util,2.0
D19BA343473,3,,dia_util,0.0,0.0,0.01,0.0,0.0,normal,normal,alta,20,historico dia_util,2.0
D19BA343473,4,,dia_util,0.0,0.0,0.01,0.0,0.0,normal,normal,alta,20,historico dia_util,2.0
D19BA343473,5,,dia_util,0.0,0.0,0.01,0.0,0.0,normal,normal,alta,20,historico dia_util,2.0
D19BA343473,6,,dia_util,0.0,0.0,0.01,0.0,0.0,normal,normal,alta,20,historico dia_util,2.0
D19BA343473,7,,dia_util,0.0,0.0081,0.0329,-0.25,-0.25,normal,normal,alta,20,historico dia_util,2.0
D19BA343473,8,,dia_util,0.0,0.001,0.01,-0.1,-0.1,normal,normal,alta,20,historico dia_util,2.0
D19BA343473,9,,dia_util,0.0,0.0036,0.01,-0.36,-0.36,normal,normal,alta,20,historico dia_util,2.0
D19BA343473,10,,dia_util,0.0,0.0047,0.0101,-0.47,-0.47,normal,normal,alta,20,historico dia_util,2.0
D19BA343473,11,,dia_util,0.0,0.0292,0.0705,-0.41,-0.41,normal,normal,alta,20,historico dia_util,2.0
D19BA343473,12,,dia_util,0.0,0.02,0.0568,-0.35,-0.35,normal,normal,alta,20,historico dia_util,2.0
D19BA343473,13,,dia_util,0.0,0.0121,0.0414,-0.29,-0.29,normal,normal,alta,20,historico dia_util,2.0
D19BA343473,14,,dia_util,0.0,0.0047,0.01,-0.47,-0.47,normal,normal,alta,20,historico dia_util,2.0
D19BA343473,15,,dia_util,0.007,0.0037,0.01,0.33,0.33,normal,normal,alta,20,historico dia_util,2.0
D19BA343473,16,,dia_util,0.0,0.0088,0.0256,-0.34,-0.34,normal,normal,alta,20,historico dia_util,2.0
D19BA343473,17,,dia_util,0.0,0.0049,0.01,-0.49,-0.49,normal,normal,alta,20,historico dia_util,2.0
D19BA343473,18,,dia_util,0.0,0.0016,0.01,-0.17,-0.17,normal,normal,alta,20,historico dia_util,2.0
D19BA343473,19,,dia_util,0.0,0.0053,0.0192,-0.28,-0.28,normal,normal,alta,20,historico dia_util,2.0
D19BA343473,20,,dia_util,0.0,0.0183,0.0538,-0.34,-0.34,normal,normal,alta,20,historico dia_util,2.0
D19BA343473,21,,dia_util,0.0,0.0002,0.01,-0.02,-0.02,normal,normal,alta,20,historico dia_util,2.0
D19BA343473,22,,dia_util,0.0,0.0,0.01,0.0,0.0,normal,normal,alta,20,historico dia_util,2.0
D19BA343473,23,,dia_util,0.0,0.0002,0.01,-0.02,-0.02,normal,normal,alta,20,historico dia_util,2.0
D19BA343474,0,,dia_util,0.0,0.0,0.01,0.0,0.0,normal,normal,alta,18,historico dia_util,2.0
D19BA343474,1,,dia_util,0.0,0.0,0.01,0.0,0.0,normal,normal,alta,20,historico dia_util,2.0
D19BA343474,2,,dia_util,0.0,0.0,0.01,0.0,0.0,normal,normal,alta,20,historico dia_util,2.0
D19BA343474,3,,dia_util,0.0,0.0,0.01,0.0,0.0,normal,normal,alta,20,historico dia_util,2.0
D19BA343474,4,,dia_util,0.0,0.0,0.01,0.0,0.0,normal,normal,alta,20,historico dia_util,2.0
D19BA343474,5,,dia_util,0.0,0.0,0.01,0.0,0.0,normal,normal,alta,20,historico dia_util,2.0
D19BA343474,6,,dia_util,0.0,0.0,0.01,0.0,0.0,normal,normal,alta,20,historico dia_util,2.0
D19BA343474,7,,dia_util,0.0,0.0,0.01,0.0,0.0,normal,normal,alta,20,historico dia_util,2.0
D19BA343474,8,,dia_util,0.0,0.0,0.01,0.0,0.0,normal,normal,alta,20,historico dia_util,2.0
D19BA343474,9,,dia_util,0.0,0.0,0.01,0.0,0.0,normal,normal,alta,20,historico dia_util,2.0
D19BA343474,10,,dia_util,0.0,0.0,0.01,0.0,0.0,normal,normal,alta,20,historico dia_util,2.0
D19BA343474,11,,dia_util,0.0,0.0,0.01,0.0,0.0,normal,normal,alta,20,historico dia_util,2.0
D19BA343474,12,,dia_util,0.0,0.0061,0.0264,-0.23,-0.23,normal,normal,alta,19,historico dia_util,2.0
D19BA343474,13,,dia_util,0.0,0.0046,0.0169,-0.27,-0.27,normal,normal,alta,19,historico dia_util,2.0
D19BA343474,14,,dia_util,0.0,0.0,0.01,0.0,0.0,normal,normal,alta,19,historico dia_util,2.0
D19BA343474,15,,dia_util,0.0,0.0,0.01,0.0,0.0,normal,normal,alta,19,historico dia_util,2.0
D19BA343474,16,,dia_util,0.0,0.0,0.01,0.0,0.0,normal,normal,alta,20,historico dia_util,2.0
D19BA343474,17,,dia_util,0.0,0.0,0.01,0.0,0.0,normal,normal,alta,20,historico dia_util,2.0
D19BA343474,18,,dia_util,0.0,0.0,0.01,0.0,0.0,normal,normal,alta,20,historico dia_util,2.0
D19BA343474,19,,dia_util,0.0,0.0258,0.0806,-0.32,-0.32,normal,normal,alta,20,historico dia_util,2.0
D19BA343474,20,,dia_util,0.0,0.0178,0.0798,-0.22,-0.22,normal,normal,alta,20,historico dia_util,2.0
D19BA343474,21,,dia_util,0.0,0.0025,0.0112,-0.22,-0.22,normal,normal,alta,20,historico dia_util,2.0
D19BA343474,22,,dia_util,0.0,0.0,0.01,0.0,0.0,normal,normal,alta,20,historico dia_util,2.0
D19BA343474,23,,dia_util,0.0,0.0,0.01,0.0,0.0,normal,normal,alta,20,historico dia_util,2.0
D19BA343504,0,,dia_util,0.0,0.0002,0.01,-0.02,-0.02,normal,normal,alta,20,historico dia_util,2.0
D19BA343504,1,,dia_util,0.007,0.0002,0.01,0.68,0.68,normal,normal,alta,14,historico dia_util,2.0
D19BA343504,2,,dia_util,0.0,0.0,0.01,0.0,0.0,normal,normal,alta,20,historico dia_util,2.0
D19BA343504,3,,dia_util,0.0,0.0,0.01,0.0,0.0,normal,normal,alta,20,historico dia_util,2.0
D19BA343504,4,,dia_util,0.0,0.0,0.01,0.0,0.0,normal,normal,alta,20,historico dia_util,2.0
D19BA343504,6,,dia_util,0.0,0.0,0.01,0.0,0.0,normal,normal,alta,20,historico dia_util,2.0
D19BA343504,7,,dia_util,0.0,0.0,0.01,0.0,0.0,normal,normal,alta,20,historico dia_util,2.0
D19BA343504,8,,dia_util,0.0,0.0112,0.0288,-0.39,-0.39,normal,normal,alta,20,historico dia_util,2.0
D19BA343504,9,,dia_util,0.07,0.0141,0.0251,2.23,2.23,desvio,acima,alta,16,historico dia_util,2.0
D19BA343504,10,,dia_util,0.002,0.0191,0.0628,-0.27,-0.27,normal,normal,alta,20,historico dia_util,2.0
D19BA343504,11,,dia_util,0.0,0.009,0.0191,-0.47,-0.47,normal,normal,alta,20,historico dia_util,2.0
D19BA343504,12,,dia_util,0.023,0.0049,0.0131,1.38,1.38,normal,normal,alta,20,historico dia_util,2.0
D19BA343504,13,,dia_util,0.0,0.0019,0.01,-0.19,-0.19,normal,normal,alta,17,historico dia_util,2.0
D19BA343504,14,,dia_util,0.0,0.0003,0.01,-0.03,-0.03,normal,normal,alta,20,historico dia_util,2.0
D19BA343504,15,,dia_util,0.0,0.0063,0.0252,-0.25,-0.25,normal,normal,alta,20,historico dia_util,2.0
D19BA343504,16,,dia_util,0.0,0.0052,0.023,-0.22,-0.22,normal,normal,alta,20,historico dia_util,2.0
D19BA343504,17,,dia_util,0.0,0.0011,0.01,-0.11,-0.11,normal,normal,alta,18,historico dia_util,2.0
D19BA343504,18,,dia_util,0.0,0.0003,0.01,-0.03,-0.03,normal,normal,alta,20,historico dia_util,2.0
D19BA343504,19,,dia_util,0.0,0.005,0.0154,-0.32,-0.32,normal,normal,alta,20,historico dia_util,2.0
D19BA343504,20,,dia_util,0.0,0.0,0.01,0.0,0.0,normal,normal,alta,20,historico dia_util,2.0
D19BA343504,21,,dia_util,0.0,0.0,0.01,0.0,0.0,normal,normal,alta,13,historico dia_util,2.0
D19BA343504,22,,dia_util,0.0,0.0,0.01,0.0,0.0,normal,normal,alta,20,historico dia_util,2.0
D19BA343504,23,,dia_util,0.0,0.0,0.01,0.0,0.0,normal,normal,alta,20,historico dia_util,2.0
D19BX000010,0,,dia_util,0.0,0.0,0.01,0.0,0.0,normal,normal,alta,16,historico dia_util,2.0
D19BX000010,1,,dia_util,0.0,0.0,0.01,0.0,0.0,normal,normal,alta,16,historico dia_util,2.0
D19BX000010,2,,dia_util,0.0,0.0,0.01,0.0,0.0,normal,normal,alta,16,historico dia_util,2.0
D19BX000010,3,,dia_util,0.0,0.0,0.01,0.0,0.0,normal,normal,alta,16,historico dia_util,2.0
D19BX000010,4,,dia_util,0.0,0.0,0.01,0.0,0.0,normal,normal,alta,16,historico dia_util,2.0
D19BX000010,5,,dia_util,0.0,0.0,0.01,0.0,0.0,normal,normal,alta,14,historico dia_util,2.0
D19BX000010,6,,dia_util,0.0,0.0,0.01,0.0,0.0,normal,normal,alta,14,historico dia_util,2.0
D19BX000010,7,,dia_util,0.0,0.0,0.01,0.0,0.0,normal,normal,alta,14,historico dia_util,2.0
D19BX000010,8,,dia_util,0.0,0.0,0.01,0.0,0.0,normal,normal,alta,14,historico dia_util,2.0
D19BX000010,9,,dia_util,0.0,0.0,0.01,0.0,0.0,normal,normal,alta,14,historico dia_util,2.0
D19BX000010,10,,dia_util,0.0,0.0,0.01,0.0,0.0,normal,normal,alta,14,historico dia_util,2.0
D19BX000010,11,,dia_util,0.0,0.0,0.01,0.0,0.0,normal,normal,alta,14,historico dia_util,2.0
D19BX000010,12,,dia_util,0.0,0.0,0.01,0.0,0.0,normal,normal,alta,14,historico dia_util,2.0
D19BX000010,13,,dia_util,0.0,0.0,0.01,0.0,0.0,normal,normal,alta,19,historico dia_util,2.0
D19BX000010,14,,dia_util,0.0,0.0,0.01,0.0,0.0,normal,normal,alta,19,historico dia_util,2.0
D19BX000010,15,,dia_util,0.0,0.0,0.01,0.0,0.0,normal,normal,alta,19,historico dia_util,2.0
D19BX000010,16,,dia_util,0.0,0.0,0.01,0.0,0.0,normal,normal,alta,19,historico dia_util,2.0
D19BX000010,17,,dia_util,0.0,0.0,0.01,0.0,0.0,normal,normal,alta,17,historico dia_util,2.0
D19BX000010,18,,dia_util,0.0,0.0,0.01,0.0,0.0,normal,normal,alta,17,historico dia_util,2.0
D19BX000010,19,,dia_util,0.0,0.0,0.01,0.0,0.0,normal,normal,alta,17,historico dia_util,2.0
D19BX000010,20,,dia_util,0.0,0.0,0.01,0.0,0.0,normal,normal,alta,17,historico dia_util,2.0
D19BX000010,21,,dia_util,0.0,0.0,0.01,0.0,0.0,normal,normal,alta,15,historico dia_util,2.0
D19BX000010,22,,dia_util,0.0,0.0,0.01,0.0,0.0,normal,normal,alta,15,historico dia_util,2.0
D19BX000010,23,,dia_util,0.0,0.0,0.01,0.0,0.0,normal,normal,alta,15,historico dia_util,2.0
D19BX000034,0,,dia_util,0.005,0.0051,0.0138,-0.0,-0.0,normal,normal,alta,18,historico dia_util,2.0
D19BX000034,1,,dia_util,0.005,0.0046,0.0134,0.03,0.03,normal,normal,alta,18,historico dia_util,2.0
D19BX000034,2,,dia_util,0.004,0.0045,0.0137,-0.04,-0.04,normal,normal,alta,18,historico dia_util,2.0
D19BX000034,3,,dia_util,0.005,0.0071,0.0161,-0.13,-0.13,normal,normal,alta,18,historico dia_util,2.0
D19BX000034,4,,dia_util,0.004,0.0049,0.0133,-0.07,-0.07,normal,normal,alta,19,historico dia_util,2.0
D19BX000034,5,,dia_util,0.005,0.0049,0.0131,0.01,0.01,normal,normal,alta,19,historico dia_util,2.0
D19BX000034,6,,dia_util,0.005,0.0047,0.0127,0.02,0.02,normal,normal,alta,19,historico dia_util,2.0
D19BX000034,7,,dia_util,0.005,0.0167,0.0628,-0.19,-0.19,normal,normal,alta,16,historico dia_util,2.0
D19BX000034,8,,dia_util,0.005,0.0034,0.01,0.16,0.16,normal,normal,alta,18,historico dia_util,2.0
D19BX000034,9,,dia_util,0.005,0.0174,0.0403,-0.31,-0.31,normal,normal,alta,18,historico dia_util,2.0
D19BX000034,10,,dia_util,0.008,0.0474,0.092,-0.43,-0.43,normal,normal,alta,18,historico dia_util,2.0
D19BX000034,11,,dia_util,0.047,0.0807,0.1488,-0.23,-0.23,normal,normal,alta,19,historico dia_util,2.0
D19BX000034,12,,dia_util,0.049,0.0099,0.0264,1.48,1.48,normal,normal,alta,20,historico dia_util,2.0
D19BX000034,13,,dia_util,0.005,0.0016,0.01,0.34,0.34,normal,normal,alta,20,historico dia_util,2.0
D19BX000034,14,,dia_util,0.005,0.0497,0.129,-0.35,-0.35,normal,normal,alta,20,historico dia_util,2.0
D19BX000034,16,,dia_util,0.004,0.0418,0.0709,-0.53,-0.53,normal,normal,alta,19,historico dia_util,2.0
D19BX000034,17,,dia_util,0.004,0.1721,0.2082,-0.81,-0.81,normal,normal,alta,19,historico dia_util,2.0
D19BX000034,18,,dia_util,0.005,0.1184,0.1926,-0.59,-0.59,normal,normal,alta,19,historico dia_util,2.0
D19BX000034,19,,dia_util,0.005,0.0671,0.0719,-0.86,-0.86,normal,normal,alta,18,historico dia_util,2.0
D19BX000034,20,,dia_util,0.14,0.1941,0.2667,-0.2,-0.2,normal,normal,alta,20,historico dia_util,2.0
D19BX000034,21,,dia_util,0.0,0.0307,0.0991,-0.31,-0.31,normal,normal,alta,20,historico dia_util,2.0
D19BX000034,22,,dia_util,0.0,0.0048,0.0122,-0.39,-0.39,normal,normal,alta,20,historico dia_util,2.0
D19BX000034,23,,dia_util,0.0,0.0055,0.0138,-0.4,-0.4,normal,normal,alta,16,historico dia_util,2.0
D19BX000038,0,,dia_util,0.0,0.0,0.01,0.0,0.0,normal,normal,alta,11,historico dia_util,2.0
D19BX000038,1,,dia_util,0.0,0.0,0.01,0.0,0.0,normal,normal,alta,16,historico dia_util,2.0
D19BX000038,2,,dia_util,0.0,0.0,0.01,0.0,0.0,normal,normal,alta,16,historico dia_util,2.0
D19BX000038,3,,dia_util,0.0,0.0,0.01,0.0,0.0,normal,normal,alta,16,historico dia_util,2.0
D19BX000038,4,,dia_util,0.0,0.0,0.01,0.0,0.0,normal,normal,alta,16,historico dia_util,2.0
D19BX000038,13,,dia_util,0.0,0.0,0.01,0.0,0.0,normal,normal,alta,17,historico dia_util,2.0
D19BX000038,14,,dia_util,0.0,0.0,0.01,0.0,0.0,normal,normal,alta,17,historico dia_util,2.0
D19BX000038,15,,dia_util,0.0,0.0,0.01,0.0,0.0,normal,normal,alta,17,historico dia_util,2.0
D19BX000038,16,,dia_util,0.0,0.0,0.01,0.0,0.0,normal,normal,alta,17,historico dia_util,2.0
D19BX000038,17,,dia_util,0.0,0.0,0.01,0.0,0.0,normal,normal,alta,16,historico dia_util,2.0
D19BX000038,18,,dia_util,0.0,0.0,0.01,0.0,0.0,normal,normal,alta,16,historico dia_util,2.0
D19BX000038,19,,dia_util,0.0,0.0,0.01,0.0,0.0,normal,normal,alta,16,historico dia_util,2.0
D19BX000038,20,,dia_util,0.0,0.0,0.01,0.0,0.0,normal,normal,alta,16,historico dia_util,2.0
D19BX000038,21,,dia_util,0.0,0.0,0.01,0.0,0.0,normal,normal,alta,13,historico dia_util,2.0
D19BX000038,22,,dia_util,0.0,0.0,0.01,0.0,0.0,normal,normal,alta,13,historico dia_util,2.0
D19BX000038,23,,dia_util,0.0,0.0,0.01,0.0,0.0,normal,normal,alta,13,historico dia_util,2.0
D19BX000040,0,,dia_util,0.001,0.0036,0.01,-0.26,-0.26,normal,normal,alta,20,historico dia_util,2.0
D19BX000040,1,,dia_util,0.0,0.0036,0.01,-0.36,-0.36,normal,normal,alta,20,historico dia_util,2.0
D19BX000040,2,,dia_util,0.0,0.0031,0.01,-0.31,-0.31,normal,normal,alta,20,historico dia_util,2.0
D19BX000040,3,,dia_util,0.0,0.0031,0.01,-0.31,-0.31,normal,normal,alta,20,historico dia_util,2.0
D19BX000040,4,,dia_util,0.001,0.003,0.01,-0.2,-0.2,normal,normal,alta,20,historico dia_util,2.0
D19BX000040,5,,dia_util,0.0,0.0041,0.01,-0.41,-0.41,normal,normal,alta,19,historico dia_util,2.0
D19BX000040,6,,dia_util,0.003,0.0057,0.01,-0.27,-0.27,normal,normal,alta,20,historico dia_util,2.0
D19BX000040,7,,dia_util,0.228,0.1839,0.0688,0.64,0.64,normal,normal,alta,20,historico dia_util,2.0
D19BX000040,8,,dia_util,0.235,0.2956,0.1048,-0.58,-0.58,normal,normal,alta,20,historico dia_util,2.0
D19BX000040,9,,dia_util,0.512,0.5062,0.2662,0.02,0.02,normal,normal,alta,20,historico dia_util,2.0
D19BX000040,10,,dia_util,0.779,0.7499,0.2123,0.14,0.14,normal,normal,alta,20,historico dia_util,2.0
D19BX000040,11,,dia_util,0.623,0.7287,0.1822,-0.58,-0.58,normal,normal,alta,20,historico dia_util,2.0
D19BX000040,12,,dia_util,0.779,0.7408,0.202,0.19,0.19,normal,normal,alta,20,historico dia_util,2.0
D19BX000040,13,,dia_util,0.977,0.8051,0.2061,0.83,0.83,normal,normal,alta,20,historico dia_util,2.0
D19BX000040,14,,dia_util,0.44,0.55,0.3164,-0.35,-0.35,normal,normal,alta,20,historico dia_util,2.0
D19BX000040,15,,dia_util,0.454,0.4834,0.1548,-0.19,-0.19,normal,normal,alta,20,historico dia_util,2.0
D19BX000040,16,,dia_util,0.375,0.3417,0.1285,0.26,0.26,normal,normal,alta,20,historico dia_util,2.0
D19BX000040,17,,dia_util,0.142,0.2014,0.1014,-0.59,-0.59,normal,normal,alta,20,historico dia_util,2.0
D19BX000040,18,,dia_util,0.089,0.0855,0.0488,0.07,0.07,normal,normal,alta,20,historico dia_util,2.0
D19BX000040,19,,dia_util,0.0,0.0077,0.01,-0.77,-0.77,normal,normal,alta,20,historico dia_util,2.0
D19BX000040,20,,dia_util,0.0,0.0057,0.01,-0.57,-0.57,normal,normal,alta,20,historico dia_util,2.0
D19BX000040,21,,dia_util,0.0,0.0053,0.01,-0.53,-0.53,normal,normal,alta,20,historico dia_util,2.0
D19BX000040,22,,dia_util,0.0,0.0052,0.01,-0.52,-0.52,normal,normal,alta,20,historico dia_util,2.0
D19BX000040,23,,dia_util,0.0,0.0003,0.0185,-0.01,-0.01,normal,normal,alta,20,historico dia_util,2.0
D19BX000041,0,,dia_util,0.0,0.0,0.01,0.0,0.0,normal,normal,alta,16,historico dia_util,2.0
D19BX000041,1,,dia_util,0.0,0.0007,0.01,-0.07,-0.07,normal,normal,alta,17,historico dia_util,2.0
D19BX000041,2,,dia_util,0.0,0.0,0.01,0.0,0.0,normal,normal,alta,17,historico dia_util,2.0
D19BX000041,3,,dia_util,0.0,0.0005,0.01,-0.05,-0.05,normal,normal,alta,17,historico dia_util,2.0
D19BX000041,4,,dia_util,0.0,0.0034,0.0144,-0.24,-0.24,normal,normal,alta,18,historico dia_util,2.0
D19BX000041,5,,dia_util,0.0,0.0007,0.01,-0.07,-0.07,normal,normal,alta,18,historico dia_util,2.0
D19BX000041,6,,dia_util,0.023,0.0014,0.01,2.16,2.16,desvio,acima,alta,18,historico dia_util,2.0
D19BX000041,7,,dia_util,0.0,0.0029,0.01,-0.29,-0.29,normal,normal,alta,18,historico dia_util,2.0
D19BX000041,8,,dia_util,0.0,0.0168,0.0413,-0.41,-0.41,normal,normal,alta,14,historico dia_util,2.0
D19BX000041,9,,dia_util,0.148,0.015,0.0389,3.42,3.42,desvio,acima,alta,14,historico dia_util,2.0
D19BX000041,10,,dia_util,0.161,0.0161,0.0415,3.49,3.49,desvio,acima,alta,14,historico dia_util,2.0
D19BX000041,11,,dia_util,0.147,0.0125,0.0448,3.0,3.0,desvio,acima,alta,14,historico dia_util,2.0
D19BX000041,12,,dia_util,0.17,0.0338,0.1075,1.27,1.27,normal,normal,alta,18,historico dia_util,2.0
D19BX000041,13,,dia_util,0.148,0.0187,0.0524,2.47,2.47,desvio,acima,alta,18,historico dia_util,2.0
D19BX000041,14,,dia_util,0.159,0.0222,0.0616,2.22,2.22,desvio,acima,alta,18,historico dia_util,2.0
D19BX000041,15,,dia_util,0.157,0.0175,0.0416,3.35,3.35,desvio,acima,alta,18,historico dia_util,2.0
D19BX000041,16,,dia_util,0.163,0.0139,0.0418,3.57,3.57,desvio,acima,alta,17,historico dia_util,2.0
D19BX000041,17,,dia_util,0.159,0.0128,0.0374,3.9,3.9,desvio,acima,alta,17,historico dia_util,2.0
D19BX000041,18,,dia_util,0.139,0.0135,0.0409,3.07,3.07,desvio,acima,alta,17,historico dia_util,2.0
D19BX000041,19,,dia_util,0.172,0.0116,0.0384,4.17,4.17,desvio,acima,alta,17,historico dia_util,2.0
D19BX000041,20,,dia_util,0.172,0.0547,0.1756,0.67,0.67,normal,normal,alta,16,historico dia_util,2.0
D19BX000041,21,,dia_util,0.155,0.0247,0.0544,2.4,2.4,desvio,acima,alta,16,historico dia_util,2.0
D19BX000041,22,,dia_util,0.164,0.0023,0.01,10.0,16.17,desvio,acima,alta,16,historico dia_util,2.0
D19BX000041,23,,dia_util,0.216,0.0,0.01,10.0,21.6,desvio,acima,alta,16,historico dia_util,2.0
D19BX000057,0,,dia_util,0.007,0.0034,0.01,0.36,0.36,normal,normal,alta,16,historico dia_util,2.0
D19BX000057,1,,dia_util,0.009,0.0046,0.01,0.43,0.43,normal,normal,alta,20,historico dia_util,2.0
D19BX000057,2,,dia_util,0.008,0.0042,0.01,0.38,0.38,normal,normal,alta,20,historico dia_util,2.0
D19BX000057,3,,dia_util,0.009,0.0042,0.01,0.48,0.48,normal,normal,alta,20,historico dia_util,2.0
D19BX000057,4,,dia_util,0.008,0.0046,0.01,0.34,0.34,normal,normal,alta,14,historico dia_util,2.0
D19BX000057,5,,dia_util,0.009,0.0049,0.01,0.41,0.41,normal,normal,alta,20,historico dia_util,2.0
D19BX000057,6,,dia_util,0.008,0.0043,0.01,0.37,0.37,normal,normal,alta,20,historico dia_util,2.0
D19BX000057,7,,dia_util,0.009,0.0104,0.0136,-0.1,-0.1,normal,normal,alta,20,historico dia_util,2.0
D19BX000057,8,,dia_util,0.036,0.0316,0.0116,0.38,0.38,normal,normal,alta,17,historico dia_util,2.0
D19BX000057,9,,dia_util,0.124,0.0604,0.0633,1.01,1.01,normal,normal,alta,20,historico dia_util,2.0
D19BX000057,10,,dia_util,0.097,0.1127,0.1604,-0.1,-0.1,normal,normal,alta,20,historico dia_util,2.0
D19BX000057,11,,dia_util,0.196,0.1908,0.0706,0.07,0.07,normal,normal,alta,20,historico dia_util,2.0
D19BX000057,12,,dia_util,0.418,0.323,0.1097,0.87,0.87,normal,normal,alta,18,historico dia_util,2.0
D19BX000057,13,,dia_util,0.256,0.2303,0.0735,0.35,0.35,normal,normal,alta,18,historico dia_util,2.0
D19BX000057,14,,dia_util,0.304,0.4128,0.1702,-0.64,-0.64,normal,normal,alta,18,historico dia_util,2.0
D19BX000057,15,,dia_util,0.278,0.2832,0.1414,-0.04,-0.04,normal,normal,alta,18,historico dia_util,2.0
D19BX000057,16,,dia_util,0.262,0.3859,0.2224,-0.56,-0.56,normal,normal,alta,16,historico dia_util,2.0
D19BX000057,17,,dia_util,0.135,0.2936,0.2941,-0.54,-0.54,normal,normal,alta,20,historico dia_util,2.0
D19BX000057,18,,dia_util,0.114,0.0923,0.0535,0.41,0.41,normal,normal,alta,20,historico dia_util,2.0
D19BX000057,19,,dia_util,0.026,0.0633,0.0563,-0.66,-0.66,normal,normal,alta,20,historico dia_util,2.0
D19BX000057,20,,dia_util,0.005,0.0038,0.01,0.12,0.12,normal,normal,alta,13,historico dia_util,2.0
D19BX000057,21,,dia_util,0.01,0.0032,0.01,0.68,0.68,normal,normal,alta,20,historico dia_util,2.0
D19BX000057,22,,dia_util,0.007,0.0029,0.01,0.4,0.4,normal,normal,alta,20,historico dia_util,2.0
D19BX000057,23,,dia_util,0.007,0.0034,0.01,0.36,0.36,normal,normal,alta,20,historico dia_util,2.0
D20BA029351,0,,dia_util,0.0,0.0,0.01,0.0,0.0,normal,normal,alta,19,historico dia_util,2.0
D20BA029351,1,,dia_util,0.0,0.0,0.01,0.0,0.0,normal,normal,alta,19,historico dia_util,2.0
D20BA029351,2,,dia_util,0.0,0.0,0.01,0.0,0.0,normal,normal,alta,16,historico dia_util,2.0
D20BA029351,3,,dia_util,0.0,0.0,0.01,0.0,0.0,normal,normal,alta,16,historico dia_util,2.0
D20BA029351,4,,dia_util,0.0,0.0,0.01,0.0,0.0,normal,normal,alta,16,historico dia_util,2.0
D20BA029351,5,,dia_util,0.0,0.0,0.01,0.0,0.0,normal,normal,alta,16,historico dia_util,2.0
D20BA029351,6,,dia_util,0.0,0.0,0.01,0.0,0.0,normal,normal,alta,17,historico dia_util,2.0
D20BA029351,7,,dia_util,0.0,0.0,0.01,0.0,0.0,normal,normal,alta,17,historico dia_util,2.0
D20BA029351,8,,dia_util,0.0,0.0,0.01,0.0,0.0,normal,normal,alta,17,historico dia_util,2.0
D20BA029351,9,,dia_util,0.0,0.0,0.01,0.0,0.0,normal,normal,alta,17,historico dia_util,2.0
D20BA029351,14,,dia_util,0.0,0.0,0.01,0.0,0.0,normal,normal,alta,19,historico dia_util,2.0
D20BA029351,15,,dia_util,0.0,0.0,0.01,0.0,0.0,normal,normal,alta,19,historico dia_util,2.0
D20BA029351,16,,dia_util,0.0,0.0,0.01,0.0,0.0,normal,normal,alta,19,historico dia_util,2.0
D20BA029351,17,,dia_util,0.0,0.0,0.01,0.0,0.0,normal,normal,alta,19,historico dia_util,2.0
D20BA029351,22,,dia_util,0.0,0.0,0.01,0.0,0.0,normal,normal,alta,19,historico dia_util,2.0
D20BA029351,23,,dia_util,0.0,0.0,0.01,0.0,0.0,normal,normal,alta,19,historico dia_util,2.0
H19VA232210,0,,dia_util,0.0,0.0,0.01,0.0,0.0,normal,normal,alta,20,historico dia_util,2.0
H19VA232210,1,,dia_util,0.0,0.0,0.01,0.0,0.0,normal,normal,alta,20,historico dia_util,2.0
H19VA232210,2,,dia_util,0.0,0.0,0.01,0.0,0.0,normal,normal,alta,20,historico dia_util,2.0
H19VA232210,3,,dia_util,0.0,0.0,0.01,0.0,0.0,normal,normal,alta,20,historico dia_util,2.0
H19VA232210,4,,dia_util,0.0,0.0051,0.0226,-0.22,-0.22,normal,normal,alta,20,historico dia_util,2.0
H19VA232210,5,,dia_util,0.0,0.0,0.01,0.0,0.0,normal,normal,alta,20,historico dia_util,2.0
H19VA232210,6,,dia_util,0.0,0.0,0.01,0.0,0.0,normal,normal,alta,20,historico dia_util,2.0
H19VA232210,7,,dia_util,0.0,0.0015,0.01,-0.15,-0.15,normal,normal,alta,20,historico dia_util,2.0
H19VA232210,8,,dia_util,0.0,0.0139,0.024,-0.58,-0.58,normal,normal,alta,20,historico dia_util,2.0
H19VA232210,9,,dia_util,0.0,0.004,0.0172,-0.23,-0.23,normal,normal,alta,20,historico dia_util,2.0
H19VA232210,10,,dia_util,0.0,0.0092,0.0191,-0.48,-0.48,normal,normal,alta,20,historico dia_util,2.0
H19VA232210,11,,dia_util,0.0,0.0396,0.0969,-0.41,-0.41,normal,normal,alta,20,historico dia_util,2.0
H19VA232210,12,,dia_util,0.0,0.0441,0.1081,-0.41,-0.41,normal,normal,alta,20,historico dia_util,2.0
H19VA232210,13,,dia_util,0.0,0.1309,0.5219,-0.25,-0.25,normal,normal,alta,20,historico dia_util,2.0
H19VA232210,14,,dia_util,0.0,0.1221,0.5266,-0.23,-0.23,normal,normal,alta,20,historico dia_util,2.0
H19VA232210,15,,dia_util,0.0,0.0873,0.3323,-0.26,-0.26,normal,normal,alta,20,historico dia_util,2.0
H19VA232210,16,,dia_util,0.0,0.0071,0.0155,-0.46,-0.46,normal,normal,alta,20,historico dia_util,2.0
H19VA232210,17,,dia_util,0.0,0.0074,0.016,-0.46,-0.46,normal,normal,alta,20,historico dia_util,2.0
H19VA232210,18,,dia_util,0.0,0.0071,0.0179,-0.39,-0.39,normal,normal,alta,20,historico dia_util,2.0
H19VA232210,19,,dia_util,0.0,0.0027,0.01,-0.27,-0.27,normal,normal,alta,20,historico dia_util,2.0
H19VA232210,20,,dia_util,0.0,0.0,0.01,0.0,0.0,normal,normal,alta,20,historico dia_util,2.0
H19VA232210,21,,dia_util,0.0,0.0,0.01,0.0,0.0,normal,normal,alta,20,historico dia_util,2.0
H19VA232210,22,,dia_util,0.0,0.0014,0.01,-0.14,-0.14,normal,normal,alta,20,historico dia_util,2.0
H19VA232210,23,,dia_util,0.0,0.0,0.01,0.0,0.0,normal,normal,alta,20,historico dia_util,2.0
H20VA222003,0,,dia_util,0.0,0.0,0.01,0.0,0.0,normal,normal,alta,11,historico dia_util,2.0
H20VA222003,1,,dia_util,0.0,0.0,0.01,0.0,0.0,normal,normal,alta,11,historico dia_util,2.0
H20VA222003,2,,dia_util,0.0,0.0,0.01,0.0,0.0,normal,normal,alta,11,historico dia_util,2.0
H20VA222003,3,,dia_util,0.0,0.0,0.01,0.0,0.0,normal,normal,alta,17,historico dia_util,2.0
H20VA222003,4,,dia_util,0.0,0.0,0.01,0.0,0.0,normal,normal,alta,17,historico dia_util,2.0
H20VA222003,5,,dia_util,0.0,0.0,0.01,0.0,0.0,normal,normal,alta,17,historico dia_util,2.0
H20VA222003,6,,dia_util,0.0,0.0,0.01,0.0,0.0,normal,normal,alta,17,historico dia_util,2.0
H20VA222003,7,,dia_util,0.0,0.0,0.01,0.0,0.0,normal,normal,alta,18,historico dia_util,2.0
H20VA222003,8,,dia_util,0.005,0.001,0.01,0.4,0.4,normal,normal,alta,18,historico dia_util,2.0
H20VA222003,9,,dia_util,0.006,0.0016,0.01,0.44,0.44,normal,normal,alta,18,historico dia_util,2.0
H20VA222003,10,,dia_util,0.007,0.0009,0.01,0.61,0.61,normal,normal,alta,18,historico dia_util,2.0
H20VA222003,11,,dia_util,0.0,0.0142,0.0222,-0.64,-0.64,normal,normal,alta,16,historico dia_util,2.0
H20VA222003,12,,dia_util,0.0,0.0014,0.01,-0.14,-0.14,normal,normal,alta,16,historico dia_util,2.0
H20VA222003,13,,dia_util,0.0,0.0023,0.01,-0.23,-0.23,normal,normal,alta,16,historico dia_util,2.0
H20VA222003,14,,dia_util,0.0,0.0066,0.0255,-0.26,-0.26,normal,normal,alta,16,historico dia_util,2.0
H20VA222003,15,,dia_util,0.0,0.006,0.0174,-0.34,-0.34,normal,normal,alta,20,historico dia_util,2.0
H20VA222003,16,,dia_util,0.003,0.0065,0.0181,-0.19,-0.19,normal,normal,alta,20,historico dia_util,2.0
H20VA222003,17,,dia_util,0.0,0.0052,0.0122,-0.43,-0.43,normal,normal,alta,20,historico dia_util,2.0
H20VA222003,18,,dia_util,0.0,0.0099,0.0243,-0.4,-0.4,normal,normal,alta,20,historico dia_util,2.0
H20VA222003,19,,dia_util,0.0,0.0181,0.0658,-0.28,-0.28,normal,normal,alta,17,historico dia_util,2.0
H20VA222003,20,,dia_util,0.0,0.0021,0.01,-0.21,-0.21,normal,normal,alta,17,historico dia_util,2.0
H20VA222003,21,,dia_util,0.0,0.0,0.01,0.0,0.0,normal,normal,alta,17,historico dia_util,2.0
H20VA222003,22,,dia_util,0.0,0.0,0.01,0.0,0.0,normal,normal,alta,17,historico dia_util,2.0
H20VA222003,23,,dia_util,0.0,0.0,0.01,0.0,0.0,normal,normal,alta,14,historico dia_util,2.0
H20VA222016,0,,dia_util,0.001,0.001,0.01,-0.0,-0.0,normal,normal,alta,19,historico dia_util,2.0
H20VA222016,1,,dia_util,0.001,0.0008,0.01,0.02,0.02,normal,normal,alta,19,historico dia_util,2.0
H20VA222016,2,,dia_util,0.001,0.0007,0.01,0.03,0.03,normal,normal,alta,19,historico dia_util,2.0
H20VA222016,3,,dia_util,0.001,0.0008,0.01,0.02,0.02,normal,normal,alta,19,historico dia_util,2.0
H20VA222016,4,,dia_util,0.001,0.001,0.01,0.0,0.0,normal,normal,alta,20,historico dia_util,2.0
H20VA222016,5,,dia_util,0.0,0.0009,0.01,-0.09,-0.09,normal,normal,alta,20,historico dia_util,2.0
H20VA222016,6,,dia_util,0.001,0.0008,0.01,0.02,0.02,normal,normal,alta,20,historico dia_util,2.0
H20VA222016,7,,dia_util,0.001,0.0008,0.01,0.02,0.02,normal,normal,alta,20,historico dia_util,2.0
H20VA222016,8,,dia_util,0.001,0.0008,0.01,0.02,0.02,normal,normal,alta,20,historico dia_util,2.0
H20VA222016,9,,dia_util,0.001,0.0009,0.01,0.01,0.01,normal,normal,alta,20,historico dia_util,2.0
H20VA222016,10,,dia_util,0.001,0.0009,0.01,0.01,0.01,normal,normal,alta,20,historico dia_util,2.0
H20VA222016,11,,dia_util,0.001,0.0008,0.01,0.02,0.02,normal,normal,alta,20,historico dia_util,2.0
H20VA222016,12,,dia_util,0.001,0.001,0.01,-0.0,-0.0,normal,normal,alta,20,historico dia_util,2.0
H20VA222016,13,,dia_util,0.013,0.0101,0.01,0.29,0.29,normal,normal,alta,20,historico dia_util,2.0
H20VA222016,14,,dia_util,0.002,0.0039,0.01,-0.19,-0.19,normal,normal,alta,20,historico dia_util,2.0
H20VA222016,15,,dia_util,0.026,0.0035,0.01,2.24,2.24,desvio,acima,alta,20,historico dia_util,2.0
H20VA222016,16,,dia_util,0.007,0.0032,0.01,0.38,0.38,normal,normal,alta,20,historico dia_util,2.0
H20VA222016,17,,dia_util,0.002,0.0064,0.01,-0.44,-0.44,normal,normal,alta,20,historico dia_util,2.0
H20VA222016,18,,dia_util,0.014,0.0037,0.01,1.03,1.03,normal,normal,alta,20,historico dia_util,2.0
H20VA222016,19,,dia_util,0.001,0.0032,0.01,-0.22,-0.22,normal,normal,alta,20,historico dia_util,2.0
H20VA222016,20,,dia_util,0.002,0.0028,0.01,-0.08,-0.08,normal,normal,alta,20,historico dia_util,2.0
H20VA222016,21,,dia_util,0.001,0.0011,0.01,-0.01,-0.01,normal,normal,alta,20,historico dia_util,2.0
H20VA222016,22,,dia_util,0.001,0.0011,0.01,-0.01,-0.01,normal,normal,alta,20,historico dia_util,2.0
H20VA222016,23,,dia_util,0.001,0.001,0.01,-0.0,-0.0,normal,normal,alta,20,historico dia_util,2.0
H20VA543760,0,,dia_util,0.0,0.0,0.01,0.0,0.0,normal,normal,alta,20,historico dia_util,2.0
H20VA543760,1,,dia_util,0.0,0.0,0.01,0.0,0.0,normal,normal,alta,20,historico dia_util,2.0
H20VA543760,2,,dia_util,0.0,0.0,0.01,0.0,0.0,normal,normal,alta,20,historico dia_util,2.0
H20VA543760,3,,dia_util,0.0,0.0,0.01,0.0,0.0,normal,normal,alta,20,historico dia_util,2.0
H20VA543760,4,,dia_util,0.0,0.0,0.01,0.0,0.0,normal,normal,alta,20,historico dia_util,2.0
H20VA543760,5,,dia_util,0.0,0.0001,0.01,-0.01,-0.01,normal,normal,alta,20,historico dia_util,2.0
H20VA543760,6,,dia_util,0.0,0.0,0.01,0.0,0.0,normal,normal,alta,20,historico dia_util,2.0
H20VA543760,7,,dia_util,0.0,0.0,0.01,0.0,0.0,normal,normal,alta,20,historico dia_util,2.0
H20VA543760,8,,dia_util,0.0,0.0,0.01,0.0,0.0,normal,normal,alta,20,historico dia_util,2.0
H20VA543760,9,,dia_util,0.0,0.0048,0.01,-0.48,-0.48,normal,normal,alta,20,historico dia_util,2.0
H20VA543760,10,,dia_util,0.0,0.0046,0.0101,-0.46,-0.46,normal,normal,alta,20,historico dia_util,2.0
H20VA543760,11,,dia_util,0.0,0.0037,0.01,-0.38,-0.38,normal,normal,alta,20,historico dia_util,2.0
H20VA543760,12,,dia_util,0.0,0.0009,0.01,-0.09,-0.09,normal,normal,alta,20,historico dia_util,2.0
H20VA543760,13,,dia_util,0.0,0.0001,0.01,-0.01,-0.01,normal,normal,alta,20,historico dia_util,2.0
H20VA543760,14,,dia_util,0.001,0.0018,0.01,-0.08,-0.08,normal,normal,alta,20,historico dia_util,2.0
H20VA543760,15,,dia_util,0.012,0.0154,0.0105,-0.32,-0.32,normal,normal,alta,20,historico dia_util,2.0
H20VA543760,16,,dia_util,0.034,0.0175,0.01,1.65,1.65,normal,normal,alta,20,historico dia_util,2.0
H20VA543760,17,,dia_util,0.006,0.0251,0.0167,-1.14,-1.14,normal,normal,alta,20,historico dia_util,2.0
H20VA543760,18,,dia_util,0.028,0.0241,0.012,0.33,0.33,normal,normal,alta,20,historico dia_util,2.0
H20VA543760,19,,dia_util,0.0,0.0003,0.01,-0.03,-0.03,normal,normal,alta,20,historico dia_util,2.0
H20VA543760,20,,dia_util,0.0,0.0001,0.01,-0.01,-0.01,normal,normal,alta,20,historico dia_util,2.0
H20VA543760,21,,dia_util,0.0,0.0001,0.01,-0.01,-0.01,normal,normal,alta,19,historico dia_util,2.0
H20VA543760,22,,dia_util,0.001,0.0,0.01,0.1,0.1,normal,normal,alta,19,historico dia_util,2.0
H20VA543760,23,,dia_util,0.0,0.0,0.01,0.0,0.0,normal,normal,alta,19,historico dia_util,2.0
H21OF823215Y,0,,dia_util,0.0,0.0,0.01,0.0,0.0,normal,normal,alta,20,historico dia_util,2.0
H21OF823215Y,1,,dia_util,0.0,0.0,0.01,0.0,0.0,normal,normal,alta,20,historico dia_util,2.0
H21OF823215Y,2,,dia_util,0.0,0.0,0.01,0.0,0.0,normal,normal,alta,20,historico dia_util,2.0
H21OF823215Y,3,,dia_util,0.0,0.0,0.01,0.0,0.0,normal,normal,alta,20,historico dia_util,2.0
H21OF823215Y,4,,dia_util,0.0,0.0,0.01,0.0,0.0,normal,normal,alta,20,historico dia_util,2.0
H21OF823215Y,5,,dia_util,0.0,0.0,0.01,0.0,0.0,normal,normal,alta,20,historico dia_util,2.0
H21OF823215Y,6,,dia_util,0.0,0.0,0.01,0.0,0.0,normal,normal,alta,20,historico dia_util,2.0
H21OF823215Y,7,,dia_util,0.0,0.0,0.01,0.0,0.0,normal,normal,alta,20,historico dia_util,2.0
H21OF823215Y,8,,dia_util,0.0,0.0,0.01,0.0,0.0,normal,normal,alta,20,historico dia_util,2.0
H21OF823215Y,9,,dia_util,0.0,0.0,0.01,0.0,0.0,normal,normal,alta,20,historico dia_util,2.0
H21OF823215Y,10,,dia_util,0.0,0.0,0.01,0.0,0.0,normal,normal,alta,20,historico dia_util,2.0
H21OF823215Y,11,,dia_util,0.0,0.0,0.01,0.0,0.0,normal,normal,alta,20,historico dia_util,2.0
H21OF823215Y,12,,dia_util,0.0,0.0,0.01,0.0,0.0,normal,normal,alta,20,historico dia_util,2.0
H21OF823215Y,13,,dia_util,0.0,0.0,0.01,0.0,0.0,normal,normal,alta,20,historico dia_util,2.0
H21OF823215Y,14,,dia_util,0.0,0.0,0.01,0.0,0.0,normal,normal,alta,20,historico dia_util,2.0
H21OF823215Y,15,,dia_util,0.0,0.0,0.01,0.0,0.0,normal,normal,alta,20,historico dia_util,2.0
H21OF823215Y,16,,dia_util,0.0,0.0,0.01,0.0,0.0,normal,normal,alta,20,historico dia_util,2.0
H21OF823215Y,17,,dia_util,0.0,0.0,0.01,0.0,0.0,normal,normal,alta,20,historico dia_util,2.0
H21OF823215Y,18,,dia_util,0.0,0.0,0.01,0.0,0.0,normal,normal,alta,20,historico dia_util,2.0
H21OF823215Y,19,,dia_util,0.0,0.0,0.01,0.0,0.0,normal,normal,alta,20,historico dia_util,2.0
H21OF823215Y,20,,dia_util,0.0,0.0,0.01,0.0,0.0,normal,normal,alta,20,historico dia_util,2.0
H21OF823215Y,21,,dia_util,0.0,0.0,0.01,0.0,0.0,normal,normal,alta,20,historico dia_util,2.0
H21OF823215Y,22,,dia_util,0.0,0.0,0.01,0.0,0.0,normal,normal,alta,20,historico dia_util,2.0
H21OF823215Y,23,,dia_util,0.0,0.0,0.01,0.0,0.0,normal,normal,alta,20,historico dia_util,2.0
H21OF824724S,0,,dia_util,0.0,0.0,0.01,0.0,0.0,normal,normal,alta,20,historico dia_util,2.0
H21OF824724S,1,,dia_util,0.0,0.0,0.01,0.0,0.0,normal,normal,alta,20,historico dia_util,2.0
H21OF824724S,2,,dia_util,0.0,0.0,0.01,0.0,0.0,normal,normal,alta,20,historico dia_util,2.0
H21OF824724S,3,,dia_util,0.0,0.0,0.01,0.0,0.0,normal,normal,alta,20,historico dia_util,2.0
H21OF824724S,4,,dia_util,0.0,0.0,0.01,0.0,0.0,normal,normal,alta,20,historico dia_util,2.0
H21OF824724S,5,,dia_util,0.0,0.0,0.01,0.0,0.0,normal,normal,alta,19,historico dia_util,2.0
H21OF824724S,6,,dia_util,0.0,0.0,0.01,0.0,0.0,normal,normal,alta,19,historico dia_util,2.0
H21OF824724S,7,,dia_util,0.0,0.0,0.01,0.0,0.0,normal,normal,alta,19,historico dia_util,2.0
H21OF824724S,8,,dia_util,0.0,0.0,0.01,0.0,0.0,normal,normal,alta,19,historico dia_util,2.0
H21OF824724S,9,,dia_util,0.0,0.0,0.01,0.0,0.0,normal,normal,alta,20,historico dia_util,2.0
H21OF824724S,10,,dia_util,0.0,0.0,0.01,0.0,0.0,normal,normal,alta,20,historico dia_util,2.0
H21OF824724S,11,,dia_util,0.0,0.0,0.01,0.0,0.0,normal,normal,alta,20,historico dia_util,2.0
H21OF824724S,12,,dia_util,0.0,0.0,0.01,0.0,0.0,normal,normal,alta,20,historico dia_util,2.0
H21OF824724S,13,,dia_util,0.0,0.0,0.01,0.0,0.0,normal,normal,alta,20,historico dia_util,2.0
H21OF824724S,14,,dia_util,0.0,0.0,0.01,0.0,0.0,normal,normal,alta,20,historico dia_util,2.0
H21OF824724S,15,,dia_util,0.0,0.0,0.01,0.0,0.0,normal,normal,alta,20,historico dia_util,2.0
H21OF824724S,16,,dia_util,0.0,0.0,0.01,0.0,0.0,normal,normal,alta,20,historico dia_util,2.0
H21OF824724S,17,,dia_util,0.0,0.0,0.01,0.0,0.0,normal,normal,alta,20,historico dia_util,2.0
H21OF824724S,18,,dia_util,0.0,0.0,0.01,0.0,0.0,normal,normal,alta,20,historico dia_util,2.0
H21OF824724S,19,,dia_util,0.0,0.0,0.01,0.0,0.0,normal,normal,alta,20,historico dia_util,2.0
H21OF824724S,20,,dia_util,0.0,0.0,0.01,0.0,0.0,normal,normal,alta,19,historico dia_util,2.0
H21OF824724S,21,,dia_util,0.0,0.0,0.01,0.0,0.0,normal,normal,alta,20,historico dia_util,2.0
H21OF824724S,22,,dia_util,0.0,0.0,0.01,0.0,0.0,normal,normal,alta,20,historico dia_util,2.0
H21OF824724S,23,,dia_util,0.0,0.0,0.01,0.0,0.0,normal,normal,alta,20,historico dia_util,2.0
H21OF834686I,0,,dia_util,0.24,0.1735,0.1519,0.44,0.44,normal,normal,alta,20,historico dia_util,2.0
H21OF834686I,1,,dia_util,0.0,0.0005,0.01,-0.05,-0.05,normal,normal,alta,20,historico dia_util,2.0
H21OF834686I,2,,dia_util,0.0,0.0,0.01,0.0,0.0,normal,normal,alta,20,historico dia_util,2.0
H21OF834686I,3,,dia_util,0.0,0.0,0.01,0.0,0.0,normal,normal,alta,20,historico dia_util,2.0
H21OF834686I,4,,dia_util,0.0,0.0,0.01,0.0,0.0,normal,normal,alta,20,historico dia_util,2.0
H21OF834686I,5,,dia_util,0.0,0.0,0.01,0.0,0.0,normal,normal,alta,20,historico dia_util,2.0
H21OF834686I,6,,dia_util,0.0,0.0,0.01,0.0,0.0,normal,normal,alta,20,historico dia_util,2.0
H21OF834686I,7,,dia_util,0.0,0.0,0.01,0.0,0.0,normal,normal,alta,20,historico dia_util,2.0
H21OF834686I,8,,dia_util,0.05,0.057,0.0423,-0.17,-0.17,normal,normal,alta,20,historico dia_util,2.0
H21OF834686I,9,,dia_util,0.04,0.064,0.0475,-0.51,-0.51,normal,normal,alta,20,historico dia_util,2.0
H21OF834686I,10,,dia_util,0.04,0.13,0.1898,-0.47,-0.47,normal,normal,alta,20,historico dia_util,2.0
H21OF834686I,11,,dia_util,0.04,0.1985,0.3679,-0.43,-0.43,normal,normal,alta,20,historico dia_util,2.0
H21OF834686I,12,,dia_util,0.06,0.246,0.4602,-0.4,-0.4,normal,normal,alta,20,historico dia_util,2.0
H21OF834686I,13,,dia_util,0.09,0.16,0.2749,-0.25,-0.25,normal,normal,alta,20,historico dia_util,2.0
H21OF834686I,14,,dia_util,0.0,0.138,0.2984,-0.46,-0.46,normal,normal,alta,20,historico dia_util,2.0
H21OF834686I,15,,dia_util,0.06,0.169,0.1809,-0.6,-0.6,normal,normal,alta,20,historico dia_util,2.0
H21OF834686I,16,,dia_util,0.08,0.102,0.136,-0.16,-0.16,normal,normal,alta,20,historico dia_util,2.0
H21OF834686I,17,,dia_util,0.06,0.083,0.1412,-0.16,-0.16,normal,normal,alta,20,historico dia_util,2.0
H21OF834686I,18,,dia_util,0.0,0.083,0.1256,-0.66,-0.66,normal,normal,alta,20,historico dia_util,2.0
H21OF834686I,19,,dia_util,0.3,0.0715,0.0672,3.4,3.4,desvio,acima,alta,20,historico dia_util,2.0
H21OF834686I,20,,dia_util,0.17,0.052,0.0464,2.54,2.54,desvio,acima,alta,20,historico dia_util,2.0
H21OF834686I,21,,dia_util,0.06,0.0295,0.0201,1.52,1.52,normal,normal,alta,20,historico dia_util,2.0
H21OF834686I,22,,dia_util,0.04,0.0185,0.0142,1.51,1.51,normal,normal,alta,20,historico dia_util,2.0
H21OF834686I,23,,dia_util,0.3,0.224,0.2351,0.32,0.32,normal,normal,alta,20,historico dia_util,2.0
H21OF834689L,0,,dia_util,0.0,0.0,0.01,0.0,0.0,normal,normal,alta,18,historico dia_util,2.0
H21OF834689L,1,,dia_util,0.0,0.0,0.01,0.0,0.0,normal,normal,alta,18,historico dia_util,2.0
H21OF834689L,2,,dia_util,0.0,0.0,0.01,0.0,0.0,normal,normal,alta,18,historico dia_util,2.0
H21OF834689L,7,,dia_util,0.0,0.0,0.01,0.0,0.0,normal,normal,alta,20,historico dia_util,2.0
H21OF834689L,8,,dia_util,0.0,0.0,0.01,0.0,0.0,normal,normal,alta,20,historico dia_util,2.0
H21OF834689L,9,,dia_util,0.0,0.0,0.01,0.0,0.0,normal,normal,alta,20,historico dia_util,2.0
H21OF834689L,10,,dia_util,0.0,0.0,0.01,0.0,0.0,normal,normal,alta,20,historico dia_util,2.0
H21OF834689L,11,,dia_util,0.0,0.0,0.01,0.0,0.0,normal,normal,alta,20,historico dia_util,2.0
H21OF834689L,12,,dia_util,0.0,0.0,0.01,0.0,0.0,normal,normal,alta,20,historico dia_util,2.0
H21OF834689L,13,,dia_util,0.0,0.0,0.01,0.0,0.0,normal,normal,alta,20,historico dia_util,2.0
H21OF834689L,14,,dia_util,0.0,0.0,0.01,0.0,0.0,normal,normal,alta,20,historico dia_util,2.0
H21OF834689L,15,,dia_util,0.0,0.0,0.01,0.0,0.0,normal,normal,alta,20,historico dia_util,2.0
H21OF834689L,16,,dia_util,0.0,0.0,0.01,0.0,0.0,normal,normal,alta,20,historico dia_util,2.0
H21OF834689L,17,,dia_util,0.0,0.0,0.01,0.0,0.0,normal,normal,alta,20,historico dia_util,2.0
H21OF834689L,18,,dia_util,0.0,0.0,0.01,0.0,0.0,normal,normal,alta,20,historico dia_util,2.0
H21OF834689L,19,,dia_util,0.0,0.0,0.01,0.0,0.0,normal,normal,alta,19,historico dia_util,2.0
H21OF834689L,20,,dia_util,0.0,0.0,0.01,0.0,0.0,normal,normal,alta,19,historico dia_util,2.0
H21OF834689L,21,,dia_util,0.0,0.0,0.01,0.0,0.0,normal,normal,alta,19,historico dia_util,2.0
H21OF834689L,22,,dia_util,0.0,0.0,0.01,0.0,0.0,normal,normal,alta,19,historico dia_util,2.0
H21OF834689L,23,,dia_util,0.0,0.0,0.01,0.0,0.0,normal,normal,alta,19,historico dia_util,2.0
H21OF834691F,0,,dia_util,0.0,0.0,0.01,0.0,0.0,normal,normal,alta,20,historico dia_util,2.0
H21OF834691F,1,,dia_util,0.0,0.0,0.01,0.0,0.0,normal,normal,alta,20,historico dia_util,2.0
H21OF834691F,2,,dia_util,0.0,0.0,0.01,0.0,0.0,normal,normal,alta,20,historico dia_util,2.0
H21OF834691F,3,,dia_util,0.0,0.0,0.01,0.0,0.0,normal,normal,alta,20,historico dia_util,2.0
H21OF834691F,4,,dia_util,0.0,0.0,0.01,0.0,0.0,normal,normal,alta,20,historico dia_util,2.0
H21OF834691F,5,,dia_util,0.0,0.0,0.01,0.0,0.0,normal,normal,alta,20,historico dia_util,2.0
H21OF834691F,6,,dia_util,0.0,0.0,0.01,0.0,0.0,normal,normal,alta,20,historico dia_util,2.0
H21OF834691F,7,,dia_util,0.0,0.0,0.01,0.0,0.0,normal,normal,alta,20,historico dia_util,2.0
H21OF834691F,8,,dia_util,0.0,0.0,0.01,0.0,0.0,normal,normal,alta,20,historico dia_util,2.0
H21OF834691F,9,,dia_util,0.0,0.0,0.01,0.0,0.0,normal,normal,alta,20,historico dia_util,2.0
H21OF834691F,10,,dia_util,0.0,0.0,0.01,0.0,0.0,normal,normal,alta,20,historico dia_util,2.0
H21OF834691F,15,,dia_util,0.0,0.0,0.01,0.0,0.0,normal,normal,alta,20,historico dia_util,2.0
H21OF834691F,16,,dia_util,0.0,0.0,0.01,0.0,0.0,normal,normal,alta,20,historico dia_util,2.0
H21OF834691F,17,,dia_util,0.0,0.0,0.01,0.0,0.0,normal,normal,alta,20,historico dia_util,2.0
H21OF834691F,18,,dia_util,0.0,0.0,0.01,0.0,0.0,normal,normal,alta,20,historico dia_util,2.0
H21OF834691F,19,,dia_util,0.0,0.0,0.01,0.0,0.0,normal,normal,alta,20,historico dia_util,2.0
H21OF834691F,20,,dia_util,0.0,0.0,0.01,0.0,0.0,normal,normal,alta,20,historico dia_util,2.0
H21OF834691F,21,,dia_util,0.0,0.0,0.01,0.0,0.0,normal,normal,alta,20,historico dia_util,2.0
H21OF834691F,22,,dia_util,0.0,0.0,0.01,0.0,0.0,normal,normal,alta,20,historico dia_util,2.0
H21OF834691F,23,,dia_util,0.0,0.0,0.01,0.0,0.0,normal,normal,alta,20,historico dia_util,2.0
H21OF834748,3,,dia_util,0.0,0.0,0.01,0.0,0.0,normal,normal,alta,17,historico dia_util,2.0
H21OF834748,4,,dia_util,0.0,0.0,0.01,0.0,0.0,normal,normal,alta,19,historico dia_util,2.0
H21OF834748,5,,dia_util,0.0,0.0,0.01,0.0,0.0,normal,normal,alta,19,historico dia_util,2.0
H21OF834748,6,,dia_util,0.0,0.0,0.01,0.0,0.0,normal,normal,alta,19,historico dia_util,2.0
H21OF834748,7,,dia_util,0.0,0.0,0.01,0.0,0.0,normal,normal,alta,19,historico dia_util,2.0
H21OF834748,8,,dia_util,0.0,0.0,0.01,0.0,0.0,normal,normal,alta,18,historico dia_util,2.0
H21OF834748,9,,dia_util,0.0,0.0,0.01,0.0,0.0,normal,normal,alta,18,historico dia_util,2.0
H21OF834748,10,,dia_util,0.0,0.0,0.01,0.0,0.0,normal,normal,alta,18,historico dia_util,2.0
H21OF834748,12,,dia_util,0.0,0.0,0.01,0.0,0.0,normal,normal,alta,16,historico dia_util,2.0
H21OF834748,13,,dia_util,0.0,0.0,0.01,0.0,0.0,normal,normal,alta,16,historico dia_util,2.0
H21OF834748,14,,dia_util,0.0,0.0,0.01,0.0,0.0,normal,normal,alta,16,historico dia_util,2.0
H21OF834748,15,,dia_util,0.0,0.0,0.01,0.0,0.0,normal,normal,alta,14,historico dia_util,2.0
H21OF834748,16,,dia_util,0.0,0.0,0.01,0.0,0.0,normal,normal,alta,19,historico dia_util,2.0
H21OF834748,17,,dia_util,0.0,0.0,0.01,0.0,0.0,normal,normal,alta,19,historico dia_util,2.0
H21OF834748,18,,dia_util,0.0,0.0,0.01,0.0,0.0,normal,normal,alta,19,historico dia_util,2.0
H21OF834748,20,,dia_util,0.0,0.0,0.01,0.0,0.0,normal,normal,alta,16,historico dia_util,2.0
H21OF834748,21,,dia_util,0.0,0.0,0.01,0.0,0.0,normal,normal,alta,16,historico dia_util,2.0
H21OF834748,22,,dia_util,0.0,0.0,0.01,0.0,0.0,normal,normal,alta,16,historico dia_util,2.0
H21OF834748,23,,dia_util,0.0,0.0,0.01,0.0,0.0,normal,normal,alta,13,historico dia_util,2.0
H21OF834752B,0,,dia_util,0.0,0.9475,0.4856,-1.95,-1.95,normal,normal,alta,20,historico dia_util,2.0
H21OF834752B,1,,dia_util,0.0,2.7325,0.6831,-4.0,-4.0,desvio,abaixo,alta,20,historico dia_util,2.0
H21OF834752B,2,,dia_util,0.0,3.0865,1.4516,-2.13,-2.13,desvio,abaixo,alta,20,historico dia_util,2.0
H21OF834752B,3,,dia_util,0.0,0.4647,0.1762,-2.64,-2.64,desvio,abaixo,alta,19,historico dia_util,2.0
H21OF834752B,4,,dia_util,0.0,1.9847,1.4676,-1.35,-1.35,normal,normal,alta,19,historico dia_util,2.0
H21OF834752B,5,,dia_util,0.0,0.3316,0.1602,-2.07,-2.07,desvio,abaixo,alta,19,historico dia_util,2.0
H21OF834752B,6,,dia_util,0.0,2.7437,0.6859,-4.0,-4.0,desvio,abaixo,alta,19,historico dia_util,2.0
H21OF834752B,7,,dia_util,0.0,3.3447,2.2829,-1.47,-1.47,normal,normal,alta,19,historico dia_util,2.0
H21OF834752B,8,,dia_util,0.0,0.4284,0.1538,-2.78,-2.78,desvio,abaixo,alta,19,historico dia_util,2.0
H21OF834752B,9,,dia_util,0.0,0.2826,0.1557,-1.82,-1.82,normal,normal,alta,19,historico dia_util,2.0
H21OF834752B,10,,dia_util,0.0,0.2832,0.1611,-1.76,-1.76,normal,normal,alta,19,historico dia_util,2.0
H21OF834752B,11,,dia_util,0.0,0.5217,1.0896,-0.48,-0.48,normal,normal,alta,18,historico dia_util,2.0
H21OF834752B,12,,dia_util,0.0,0.2567,0.1376,-1.86,-1.86,normal,normal,alta,18,historico dia_util,2.0
H21OF834752B,13,,dia_util,0.0,0.2589,0.1353,-1.91,-1.91,normal,normal,alta,18,historico dia_util,2.0
H21OF834752B,14,,dia_util,0.0,0.2633,0.1451,-1.82,-1.82,normal,normal,alta,18,historico dia_util,2.0
H21OF834752B,15,,dia_util,0.0,0.434,0.583,-0.74,-0.74,normal,normal,alta,20,historico dia_util,2.0
H21OF834752B,16,,dia_util,0.0,0.283,0.156,-1.81,-1.81,normal,normal,alta,20,historico dia_util,2.0
H21OF834752B,17,,dia_util,0.0,0.285,0.1571,-1.81,-1.81,normal,normal,alta,20,historico dia_util,2.0
H21OF834752B,18,,dia_util,0.0,0.2905,0.1634,-1.78,-1.78,normal,normal,alta,20,historico dia_util,2.0
H21OF834752B,19,,dia_util,0.43,0.2705,0.1509,1.06,1.06,normal,normal,alta,19,historico dia_util,2.0
H21OF834752B,20,,dia_util,0.46,0.2642,0.1438,1.36,1.36,normal,normal,alta,19,historico dia_util,2.0
H21OF834752B,21,,dia_util,0.43,0.2595,0.1479,1.15,1.15,normal,normal,alta,19,historico dia_util,2.0
H21OF834752B,22,,dia_util,0.44,0.2632,0.1465,1.21,1.21,normal,normal,alta,19,historico dia_util,2.0
H21OF834752B,23,,dia_util,2.31,1.518,0.9768,0.81,0.81,normal,normal,alta,20,historico dia_util,2.0
H21VA420473Z,0,,dia_util,0.007,0.0068,0.01,0.02,0.02,normal,normal,alta,18,historico dia_util,2.0
H21VA420473Z,1,,dia_util,0.007,0.0068,0.01,0.02,0.02,normal,normal,alta,20,historico dia_util,2.0
H21VA420473Z,2,,dia_util,0.007,0.0062,0.01,0.08,0.08,normal,normal,alta,18,historico dia_util,2.0
H21VA420473Z,3,,dia_util,0.007,0.0072,0.01,-0.02,-0.02,normal,normal,alta,20,historico dia_util,2.0
H21VA420473Z,4,,dia_util,0.007,0.0065,0.01,0.05,0.05,normal,normal,alta,20,historico dia_util,2.0
H21VA420473Z,5,,dia_util,0.008,0.0063,0.01,0.17,0.17,normal,normal,alta,20,historico dia_util,2.0
H21VA420473Z,6,,dia_util,0.007,0.0065,0.01,0.05,0.05,normal,normal,alta,20,historico dia_util,2.0
H21VA420473Z,7,,dia_util,0.034,0.0145,0.0133,1.47,1.47,normal,normal,alta,20,historico dia_util,2.0
H21VA420473Z,8,,dia_util,0.13,0.0556,0.04,1.86,1.86,normal,normal,alta,20,historico dia_util,2.0
H21VA420473Z,9,,dia_util,0.096,0.1262,0.0315,-0.96,-0.96,normal,normal,alta,20,historico dia_util,2.0
H21VA420473Z,10,,dia_util,0.367,0.1733,0.0783,2.47,2.47,desvio,acima,alta,19,historico dia_util,2.0
H21VA420473Z,11,,dia_util,0.232,0.2657,0.0796,-0.42,-0.42,normal,normal,alta,20,historico dia_util,2.0
H21VA420473Z,12,,dia_util,0.273,0.2519,0.0812,0.26,0.26,normal,normal,alta,20,historico dia_util,2.0
H21VA420473Z,13,,dia_util,0.476,0.3572,0.0893,1.33,1.33,normal,normal,alta,20,historico dia_util,2.0
H21VA420473Z,14,,dia_util,0.374,0.4562,0.114,-0.72,-0.72,normal,normal,alta,20,historico dia_util,2.0
H21VA420473Z,15,,dia_util,0.221,0.3559,0.0974,-1.39,-1.39,normal,normal,alta,20,historico dia_util,2.0
H21VA420473Z,16,,dia_util,0.143,0.1904,0.049,-0.97,-0.97,normal,normal,alta,20,historico dia_util,2.0
H21VA420473Z,17,,dia_util,0.192,0.1488,0.0571,0.76,0.76,normal,normal,alta,20,historico dia_util,2.0
H21VA420473Z,18,,dia_util,0.04,0.1178,0.0496,-1.57,-1.57,normal,normal,alta,19,historico dia_util,2.0
H21VA420473Z,19,,dia_util,0.01,0.0635,0.0475,-1.13,-1.13,normal,normal,alta,20,historico dia_util,2.0
H21VA420473Z,20,,dia_util,0.01,0.008,0.01,0.2,0.2,normal,normal,alta,20,historico dia_util,2.0
H21VA420473Z,21,,dia_util,0.011,0.0081,0.01,0.29,0.29,normal,normal,alta,20,historico dia_util,2.0
H21VA420473Z,22,,dia_util,0.009,0.0075,0.01,0.15,0.15,normal,normal,alta,20,historico dia_util,2.0
H21VA420473Z,23,,dia_util,0.009,0.0076,0.01,0.14,0.14,normal,normal,alta,20,historico dia_util,2.0
H21VA420783K,0,,dia_util,0.004,0.0029,0.01,0.11,0.11,normal,normal,alta,20,historico dia_util,2.0
H21VA420783K,1,,dia_util,0.004,0.003,0.01,0.1,0.1,normal,normal,alta,20,historico dia_util,2.0
H21VA420783K,2,,dia_util,0.003,0.0028,0.01,0.02,0.02,normal,normal,alta,20,historico dia_util,2.0
H21VA420783K,3,,dia_util,0.003,0.0029,0.01,0.01,0.01,normal,normal,alta,20,historico dia_util,2.0
H21VA420783K,4,,dia_util,0.004,0.003,0.01,0.1,0.1,normal,normal,alta,20,historico dia_util,2.0
H21VA420783K,5,,dia_util,0.003,0.0028,0.01,0.02,0.02,normal,normal,alta,20,historico dia_util,2.0
H21VA420783K,6,,dia_util,0.003,0.0029,0.01,0.01,0.01,normal,normal,alta,20,historico dia_util,2.0
H21VA420783K,7,,dia_util,0.003,0.009,0.01,-0.6,-0.6,normal,normal,alta,20,historico dia_util,2.0
H21VA420783K,8,,dia_util,0.028,0.0468,0.0561,-0.34,-0.34,normal,normal,alta,20,historico dia_util,2.0
H21VA420783K,9,,dia_util,0.033,0.0815,0.0636,-0.76,-0.76,normal,normal,alta,20,historico dia_util,2.0
H21VA420783K,10,,dia_util,0.262,0.2261,0.1134,0.32,0.32,normal,normal,alta,20,historico dia_util,2.0
H21VA420783K,11,,dia_util,0.281,0.2602,0.1095,0.19,0.19,normal,normal,alta,20,historico dia_util,2.0
H21VA420783K,12,,dia_util,0.209,0.1861,0.0876,0.26,0.26,normal,normal,alta,20,historico dia_util,2.0
H21VA420783K,13,,dia_util,0.323,0.3458,0.1529,-0.15,-0.15,normal,normal,alta,20,historico dia_util,2.0
H21VA420783K,14,,dia_util,0.304,0.2559,0.1374,0.35,0.35,normal,normal,alta,20,historico dia_util,2.0
H21VA420783K,15,,dia_util,0.207,0.1996,0.1062,0.07,0.07,normal,normal,alta,20,historico dia_util,2.0
H21VA420783K,16,,dia_util,0.125,0.1308,0.0494,-0.12,-0.12,normal,normal,alta,20,historico dia_util,2.0
H21VA420783K,17,,dia_util,0.172,0.0974,0.1055,0.71,0.71,normal,normal,alta,20,historico dia_util,2.0
H21VA420783K,18,,dia_util,0.117,0.1049,0.0532,0.23,0.23,normal,normal,alta,20,historico dia_util,2.0
H21VA420783K,19,,dia_util,0.003,0.0037,0.01,-0.07,-0.07,normal,normal,alta,20,historico dia_util,2.0
H21VA420783K,20,,dia_util,0.003,0.0029,0.01,0.01,0.01,normal,normal,alta,20,historico dia_util,2.0
H21VA420783K,21,,dia_util,0.003,0.0031,0.01,-0.01,-0.01,normal,normal,alta,20,historico dia_util,2.0
H21VA420783K,22,,dia_util,0.003,0.0031,0.01,-0.01,-0.01,normal,normal,alta,20,historico dia_util,2.0
H21VA420783K,23,,dia_util,0.003,0.0029,0.01,0.01,0.01,normal,normal,alta,19,historico dia_util,2.0
H21VA421023H,0,,dia_util,0.0,0.0,0.01,0.0,0.0,normal,normal,alta,13,historico dia_util,2.0
H21VA421023H,1,,dia_util,0.0,0.0,0.01,0.0,0.0,normal,normal,alta,14,historico dia_util,2.0
H21VA421023H,2,,dia_util,0.0,0.0,0.01,0.0,0.0,normal,normal,alta,14,historico dia_util,2.0
H21VA421023H,11,,dia_util,0.0,0.0,0.01,0.0,0.0,normal,normal,alta,12,historico dia_util,2.0
H21VA421023H,12,,dia_util,0.0,0.0,0.01,0.0,0.0,normal,normal,alta,12,historico dia_util,2.0
H21VA421023H,13,,dia_util,0.0,0.0,0.01,0.0,0.0,normal,normal,alta,12,historico dia_util,2.0
H21VA421023H,14,,dia_util,0.0,0.0,0.01,0.0,0.0,normal,normal,alta,12,historico dia_util,2.0
H21VA421023H,15,,dia_util,0.0,0.0006,0.01,-0.06,-0.06,normal,normal,alta,15,historico dia_util,2.0
H21VA421023H,16,,dia_util,0.0,0.0003,0.01,-0.03,-0.03,normal,normal,alta,15,historico dia_util,2.0
H21VA421023H,17,,dia_util,0.0,0.0,0.01,0.0,0.0,normal,normal,alta,15,historico dia_util,2.0
H21VA421023H,18,,dia_util,0.0,0.0,0.01,0.0,0.0,normal,normal,alta,15,historico dia_util,2.0
H21VA421023H,19,,dia_util,0.0,0.0,0.01,0.0,0.0,normal,normal,alta,14,historico dia_util,2.0
H21VA421023H,20,,dia_util,0.0,0.0,0.01,0.0,0.0,normal,normal,alta,14,historico dia_util,2.0
H21VA421023H,21,,dia_util,0.0,0.0,0.01,0.0,0.0,normal,normal,alta,14,historico dia_util,2.0
H21VA421023H,22,,dia_util,0.0,0.0,0.01,0.0,0.0,normal,normal,alta,14,historico dia_util,2.0
H21VA421023H,23,,dia_util,0.0,0.0,0.01,0.0,0.0,normal,normal,alta,14,historico dia_util,2.0
H21VA421030G,0,,dia_util,0.0,0.0,0.01,0.0,0.0,normal,normal,alta,11,historico dia_util,2.0
H21VA421030G,1,,dia_util,0.0,0.0,0.01,0.0,0.0,normal,normal,alta,11,historico dia_util,2.0
H21VA421030G,2,,dia_util,0.0,0.0,0.01,0.0,0.0,normal,normal,alta,13,historico dia_util,2.0
H21VA421030G,3,,dia_util,0.0,0.0,0.01,0.0,0.0,normal,normal,alta,13,historico dia_util,2.0
H21VA421030G,4,,dia_util,0.0,0.0,0.01,0.0,0.0,normal,normal,alta,13,historico dia_util,2.0
H21VA421030G,5,,dia_util,0.0,0.0,0.01,0.0,0.0,normal,normal,alta,13,historico dia_util,2.0
H21VA421030G,14,,dia_util,0.0,0.0,0.01,0.0,0.0,normal,normal,alta,8,historico dia_util,2.0
H21VA421030G,15,,dia_util,0.0,0.0035,0.01,-0.35,-0.35,normal,normal,alta,8,historico dia_util,2.0
H21VA421030G,16,,dia_util,0.0,0.0021,0.01,-0.21,-0.21,normal,normal,alta,8,historico dia_util,2.0
H21VA421030G,17,,dia_util,0.0,0.0004,0.01,-0.04,-0.04,normal,normal,alta,8,historico dia_util,2.0
H21VA421030G,18,,dia_util,0.0,0.0011,0.01,-0.11,-0.11,normal,normal,alta,12,historico dia_util,2.0
H21VA421030G,19,,dia_util,0.0,0.0,0.01,0.0,0.0,normal,normal,alta,12,historico dia_util,2.0
H21VA421030G,20,,dia_util,0.0,0.0,0.01,0.0,0.0,normal,normal,alta,12,historico dia_util,2.0
H21VA421030G,21,,dia_util,0.0,0.0,0.01,0.0,0.0,normal,normal,alta,12,historico dia_util,2.0
H21VA421030G,22,,dia_util,0.0,0.0249,0.0863,-0.29,-0.29,normal,normal,alta,12,historico dia_util,2.0
H21VA421030G,23,,dia_util,0.0,0.0,0.01,0.0,0.0,normal,normal,alta,12,historico dia_util,2.0
H21VA421042K,0,,dia_util,0.0,0.0,0.01,0.0,0.0,normal,normal,alta,14,historico dia_util,2.0
H21VA421042K,1,,dia_util,0.0,0.0,0.01,0.0,0.0,normal,normal,alta,15,historico dia_util,2.0
H21VA421042K,2,,dia_util,0.0,0.0,0.01,0.0,0.0,normal,normal,alta,14,historico dia_util,2.0
H21VA421042K,3,,dia_util,0.0,0.0,0.01,0.0,0.0,normal,normal,alta,14,historico dia_util,2.0
H21VA421042K,4,,dia_util,0.0,0.0,0.01,0.0,0.0,normal,normal,alta,14,historico dia_util,2.0
H21VA421042K,5,,dia_util,0.0,0.0,0.01,0.0,0.0,normal,normal,alta,14,historico dia_util,2.0
H21VA421042K,6,,dia_util,0.0,0.0,0.01,0.0,0.0,normal,normal,alta,15,historico dia_util,2.0
H21VA421042K,7,,dia_util,0.0,0.0,0.01,0.0,0.0,normal,normal,alta,15,historico dia_util,2.0
H21VA421042K,8,,dia_util,0.0,0.0,0.01,0.0,0.0,normal,normal,alta,15,historico dia_util,2.0
H21VA421042K,9,,dia_util,0.0,0.0,0.01,0.0,0.0,normal,normal,alta,15,historico dia_util,2.0
H21VA421042K,10,,dia_util,0.0,0.0,0.01,0.0,0.0,normal,normal,alta,16,historico dia_util,2.0
H21VA421042K,11,,dia_util,0.0,0.0,0.01,0.0,0.0,normal,normal,alta,16,historico dia_util,2.0
H21VA421042K,12,,dia_util,0.0,0.0,0.01,0.0,0.0,normal,normal,alta,16,historico dia_util,2.0
H21VA421042K,13,,dia_util,0.0,0.0,0.01,0.0,0.0,normal,normal,alta,16,historico dia_util,2.0
H21VA421042K,14,,dia_util,0.0,0.0,0.01,0.0,0.0,normal,normal,alta,15,historico dia_util,2.0
H21VA421042K,15,,dia_util,0.0,0.0019,0.01,-0.19,-0.19,normal,normal,alta,15,historico dia_util,2.0
H21VA421042K,16,,dia_util,0.0,0.0005,0.01,-0.05,-0.05,normal,normal,alta,15,historico dia_util,2.0
H21VA421042K,17,,dia_util,0.0,0.0003,0.01,-0.03,-0.03,normal,normal,alta,15,historico dia_util,2.0
H21VA421042K,18,,dia_util,0.0,0.0,0.01,0.0,0.0,normal,normal,alta,16,historico dia_util,2.0
H21VA421042K,19,,dia_util,0.0,0.0,0.01,0.0,0.0,normal,normal,alta,16,historico dia_util,2.0
H21VA421042K,20,,dia_util,0.0,0.0,0.01,0.0,0.0,normal,normal,alta,16,historico dia_util,2.0
H21VA421042K,21,,dia_util,0.0,0.0,0.01,0.0,0.0,normal,normal,alta,16,historico dia_util,2.0
H21VA421042K,22,,dia_util,0.0,0.0,0.01,0.0,0.0,normal,normal,alta,16,historico dia_util,2.0
H21VA421042K,23,,dia_util,0.0,0.0,0.01,0.0,0.0,normal,normal,alta,16,historico dia_util,2.0
H21VA421061N,20,,dia_util,0.0,0.0,0.01,0.0,0.0,normal,normal,baixa,4,historico dia_util (poucos dados),2.0
H21VA421061N,21,,dia_util,0.0,0.0,0.01,0.0,0.0,normal,normal,baixa,4,historico dia_util (poucos dados),2.0
H21VA421061N,22,,dia_util,0.0,0.0,0.01,0.0,0.0,normal,normal,baixa,4,historico dia_util (poucos dados),2.0
H21VA421061N,23,,dia_util,0.0,0.0,0.01,0.0,0.0,normal,normal,baixa,4,historico dia_util (poucos dados),2.0
H21VA421068U,3,,dia_util,0.0,0.0,0.01,0.0,0.0,normal,normal,alta,16,historico dia_util,2.0
H21VA421068U,4,,dia_util,0.0,0.0,0.01,0.0,0.0,normal,normal,alta,16,historico dia_util,2.0
H21VA421068U,5,,dia_util,0.0,0.0,0.01,0.0,0.0,normal,normal,alta,16,historico dia_util,2.0
H21VA421068U,6,,dia_util,0.0,0.0,0.01,0.0,0.0,normal,normal,alta,16,historico dia_util,2.0
H21VA421068U,7,,dia_util,0.0,0.0,0.01,0.0,0.0,normal,normal,alta,16,historico dia_util,2.0
H21VA421068U,8,,dia_util,0.0,0.0,0.01,0.0,0.0,normal,normal,alta,16,historico dia_util,2.0
H21VA421068U,9,,dia_util,0.0,0.0,0.01,0.0,0.0,normal,normal,alta,16,historico dia_util,2.0
H21VA421068U,10,,dia_util,0.0,0.0,0.01,0.0,0.0,normal,normal,alta,16,historico dia_util,2.0
H21VA421068U,15,,dia_util,0.0,0.0003,0.01,-0.03,-0.03,normal,normal,alta,17,historico dia_util,2.0
H21VA421068U,16,,dia_util,0.0,0.0,0.01,0.0,0.0,normal,normal,alta,17,historico dia_util,2.0
H21VA421068U,17,,dia_util,0.0,0.0004,0.01,-0.04,-0.04,normal,normal,alta,17,historico dia_util,2.0
H21VA421068U,18,,dia_util,0.0,0.0,0.01,0.0,0.0,normal,normal,alta,17,historico dia_util,2.0
H21VA421068U,19,,dia_util,0.0,0.0,0.01,0.0,0.0,normal,normal,alta,15,historico dia_util,2.0
H21VA421068U,20,,dia_util,0.0,0.0,0.01,0.0,0.0,normal,normal,alta,15,historico dia_util,2.0
H21VA421068U,21,,dia_util,0.0,0.0,0.01,0.0,0.0,normal,normal,alta,15,historico dia_util,2.0
H21VA421068U,22,,dia_util,0.0,0.0,0.01,0.0,0.0,normal,normal,alta,15,historico dia_util,2.0
H21VA421091T,4,,dia_util,0.0,0.0,0.01,0.0,0.0,normal,normal,alta,13,historico dia_util,2.0
H21VA421091T,5,,dia_util,0.0,0.0,0.01,0.0,0.0,normal,normal,alta,13,historico dia_util,2.0
H21VA421091T,6,,dia_util,0.0,0.0,0.01,0.0,0.0,normal,normal,alta,13,historico dia_util,2.0
H21VA421091T,7,,dia_util,0.0,0.0,0.01,0.0,0.0,normal,normal,alta,13,historico dia_util,2.0
H21VA421091T,16,,dia_util,0.0,0.0,0.01,0.0,0.0,normal,normal,alta,7,historico dia_util,2.0
H21VA421091T,17,,dia_util,0.0,0.0,0.01,0.0,0.0,normal,normal,alta,7,historico dia_util,2.0
H21VA421091T,18,,dia_util,0.0,0.0,0.01,0.0,0.0,normal,normal,alta,7,historico dia_util,2.0
H21VA421091T,19,,dia_util,0.0,0.0,0.01,0.0,0.0,normal,normal,alta,7,historico dia_util,2.0
H21VA421092U,0,,dia_util,0.0,0.0,0.01,0.0,0.0,normal,normal,alta,16,historico dia_util,2.0
H21VA421092U,1,,dia_util,0.0,0.0,0.01,0.0,0.0,normal,normal,alta,17,historico dia_util,2.0
H21VA421092U,2,,dia_util,0.0,0.0,0.01,0.0,0.0,normal,normal,alta,17,historico dia_util,2.0
H21VA421092U,3,,dia_util,0.0,0.0,0.01,0.0,0.0,normal,normal,alta,17,historico dia_util,2.0
H21VA421092U,4,,dia_util,0.0,0.0,0.01,0.0,0.0,normal,normal,alta,15,historico dia_util,2.0
H21VA421092U,5,,dia_util,0.0,0.0,0.01,0.0,0.0,normal,normal,alta,15,historico dia_util,2.0
H21VA421092U,6,,dia_util,0.0,0.0,0.01,0.0,0.0,normal,normal,alta,15,historico dia_util,2.0
H21VA421092U,7,,dia_util,0.0,0.0,0.01,0.0,0.0,normal,normal,alta,15,historico dia_util,2.0
H21VA421092U,8,,dia_util,0.0,0.0,0.01,0.0,0.0,normal,normal,alta,15,historico dia_util,2.0
H21VA421092U,9,,dia_util,0.0,0.0056,0.0148,-0.38,-0.38,normal,normal,alta,15,historico dia_util,2.0
H21VA421092U,10,,dia_util,0.0,0.0007,0.01,-0.07,-0.07,normal,normal,alta,15,historico dia_util,2.0
H21VA421092U,11,,dia_util,0.0,0.0,0.01,0.0,0.0,normal,normal,alta,15,historico dia_util,2.0
H21VA421092U,12,,dia_util,0.0,0.0019,0.01,-0.19,-0.19,normal,normal,alta,16,historico dia_util,2.0
H21VA421092U,13,,dia_util,0.0,0.0,0.01,0.0,0.0,normal,normal,alta,16,historico dia_util,2.0
H21VA421092U,14,,dia_util,0.0,0.0002,0.01,-0.02,-0.02,normal,normal,alta,16,historico dia_util,2.0
H21VA421092U,15,,dia_util,0.0,0.0004,0.01,-0.04,-0.04,normal,normal,alta,16,historico dia_util,2.0
H21VA421092U,16,,dia_util,0.0,0.0,0.01,0.0,0.0,normal,normal,alta,17,historico dia_util,2.0
H21VA421092U,17,,dia_util,0.0,0.0,0.01,0.0,0.0,normal,normal,alta,17,historico dia_util,2.0
H21VA421092U,18,,dia_util,0.0,0.0,0.01,0.0,0.0,normal,normal,alta,17,historico dia_util,2.0
H21VA421092U,19,,dia_util,0.0,0.0006,0.01,-0.06,-0.06,normal,normal,alta,17,historico dia_util,2.0
H21VA421092U,20,,dia_util,0.0,0.0,0.01,0.0,0.0,normal,normal,alta,15,historico dia_util,2.0
H21VA421092U,21,,dia_util,0.0,0.0,0.01,0.0,0.0,normal,normal,alta,15,historico dia_util,2.0
H21VA421092U,22,,dia_util,0.0,0.0,0.01,0.0,0.0,normal,normal,alta,15,historico dia_util,2.0
H21VA421092U,23,,dia_util,0.0,0.0,0.01,0.0,0.0,normal,normal,alta,15,historico dia_util,2.0
I11JB001828,0,,dia_util,0.0,0.0015,0.01,-0.15,-0.15,normal,normal,alta,16,historico dia_util,2.0
I11JB001828,1,,dia_util,0.0,0.0001,0.01,-0.01,-0.01,normal,normal,alta,17,historico dia_util,2.0
I11JB001828,2,,dia_util,0.0,0.0,0.01,0.0,0.0,normal,normal,alta,17,historico dia_util,2.0
I11JB001828,3,,dia_util,0.0,0.0002,0.01,-0.02,-0.02,normal,normal,alta,17,historico dia_util,2.0
I11JB001828,4,,dia_util,0.0,0.0001,0.01,-0.01,-0.01,normal,normal,alta,17,historico dia_util,2.0
I11JB001828,5,,dia_util,0.0,0.0002,0.01,-0.02,-0.02,normal,normal,alta,17,historico dia_util,2.0
I11JB001828,6,,dia_util,0.001,0.0002,0.01,0.08,0.08,normal,normal,alta,17,historico dia_util,2.0
I11JB001828,7,,dia_util,0.0,0.0026,0.01,-0.26,-0.26,normal,normal,alta,17,historico dia_util,2.0
I11JB001828,8,,dia_util,0.0,0.0045,0.0115,-0.39,-0.39,normal,normal,alta,17,historico dia_util,2.0
I11JB001828,9,,dia_util,0.0,0.0065,0.01,-0.65,-0.65,normal,normal,alta,17,historico dia_util,2.0
I11JB001828,10,,dia_util,0.013,0.0044,0.01,0.86,0.86,normal,normal,alta,17,historico dia_util,2.0
I11JB001828,11,,dia_util,0.007,0.0055,0.01,0.15,0.15,normal,normal,alta,17,historico dia_util,2.0
I11JB001828,12,,dia_util,0.001,0.0038,0.01,-0.28,-0.28,normal,normal,alta,17,historico dia_util,2.0
I11JB001828,13,,dia_util,0.0,0.0079,0.01,-0.79,-0.79,normal,normal,alta,17,historico dia_util,2.0
I11JB001828,14,,dia_util,0.03,0.0185,0.0132,0.87,0.87,normal,normal,alta,17,historico dia_util,2.0
I11JB001828,15,,dia_util,0.0,0.0111,0.018,-0.62,-0.62,normal,normal,alta,17,historico dia_util,2.0
I11JB001828,16,,dia_util,0.0,0.0074,0.01,-0.74,-0.74,normal,normal,alta,17,historico dia_util,2.0
I11JB001828,17,,dia_util,0.014,0.0061,0.01,0.79,0.79,normal,normal,alta,17,historico dia_util,2.0
I11JB001828,18,,dia_util,0.0,0.0015,0.01,-0.15,-0.15,normal,normal,alta,17,historico dia_util,2.0
I11JB001828,19,,dia_util,0.0,0.0009,0.01,-0.09,-0.09,normal,normal,alta,17,historico dia_util,2.0
I11JB001828,20,,dia_util,0.0,0.0002,0.01,-0.02,-0.02,normal,normal,alta,16,historico dia_util,2.0
I11JB001828,21,,dia_util,0.0,0.0005,0.01,-0.05,-0.05,normal,normal,alta,16,historico dia_util,2.0
I11JB001828,22,,dia_util,0.0,0.0015,0.01,-0.15,-0.15,normal,normal,alta,16,historico dia_util,2.0
I11JB001828,23,,dia_util,0.0,0.0005,0.01,-0.05,-0.05,normal,normal,alta,16,historico dia_util,2.0
I13JA277279,12,,dia_util,0.0,0.0,0.01,0.0,0.0,normal,normal,alta,7,historico dia_util,2.0
I13JA277279,13,,dia_util,0.0,0.0,0.01,0.0,0.0,normal,normal,alta,6,historico dia_util,2.0
I13JA277279,14,,dia_util,0.0,0.0,0.01,0.0,0.0,normal,normal,alta,6,historico dia_util,2.0
I13JA277279,15,,dia_util,0.0,0.0,0.01,0.0,0.0,normal,normal,alta,6,historico dia_util,2.0
I13JA277279,20,,dia_util,0.0,0.0,0.01,0.0,0.0,normal,normal,alta,14,historico dia_util,2.0
I13JA277279,21,,dia_util,0.0,0.0,0.01,0.0,0.0,normal,normal,alta,14,historico dia_util,2.0
I13JA277279,22,,dia_util,0.0,0.0,0.01,0.0,0.0,normal,normal,alta,14,historico dia_util,2.0
I13JA277279,23,,dia_util,0.0,0.0,0.01,0.0,0.0,normal,normal,alta,14,historico dia_util,2.0
I13JA277280,1,,dia_util,0.0,0.0,0.01,0.0,0.0,normal,normal,alta,14,historico dia_util,2.0
I13JA277280,2,,dia_util,0.0,0.0,0.01,0.0,0.0,normal,normal,alta,14,historico dia_util,2.0
I13JA277280,3,,dia_util,0.0,0.0,0.01,0.0,0.0,normal,normal,alta,14,historico dia_util,2.0
I13JA277280,4,,dia_util,0.0,0.0,0.01,0.0,0.0,normal,normal,alta,14,historico dia_util,2.0
I13JA277280,5,,dia_util,0.0,0.0,0.01,0.0,0.0,normal,normal,alta,16,historico dia_util,2.0
I13JA277280,6,,dia_util,0.0,0.0,0.01,0.0,0.0,normal,normal,alta,16,historico dia_util,2.0
I13JA277280,7,,dia_util,0.0,0.0,0.01,0.0,0.0,normal,normal,alta,16,historico dia_util,2.0
I13JA277280,8,,dia_util,0.0,0.0,0.01,0.0,0.0,normal,normal,alta,16,historico dia_util,2.0
I13JA277280,9,,dia_util,0.0,0.0,0.01,0.0,0.0,normal,normal,alta,5,historico dia_util,2.0
I13JA277280,10,,dia_util,0.0,0.0,0.01,0.0,0.0,normal,normal,alta,5,historico dia_util,2.0
I13JA277280,11,,dia_util,0.0,0.0,0.01,0.0,0.0,normal,normal,alta,5,historico dia_util,2.0
I13JA277280,12,,dia_util,0.0,0.0,0.01,0.0,0.0,normal,normal,alta,5,historico dia_util,2.0
I13JA277280,21,,dia_util,0.0,0.0,0.01,0.0,0.0,normal,normal,alta,14,historico dia_util,2.0
I13JA277280,22,,dia_util,0.0,0.0,0.01,0.0,0.0,normal,normal,alta,14,historico dia_util,2.0
I13JA277280,23,,dia_util,0.0,0.0,0.01,0.0,0.0,normal,normal,alta,14,historico dia_util,2.0
I13JA277295,5,,dia_util,0.0,0.0,0.01,0.0,0.0,normal,normal,alta,17,historico dia_util,2.0
I13JA277295,6,,dia_util,0.0,0.0,0.01,0.0,0.0,normal,normal,alta,17,historico dia_util,2.0
I13JA277295,7,,dia_util,0.0,0.0,0.01,0.0,0.0,normal,normal,alta,17,historico dia_util,2.0
I13JA277295,8,,dia_util,0.0,0.0,0.01,0.0,0.0,normal,normal,alta,17,historico dia_util,2.0
I13JA277295,13,,dia_util,0.0,0.0,0.01,0.0,0.0,normal,normal,alta,16,historico dia_util,2.0
I13JA277295,14,,dia_util,0.0,0.0,0.01,0.0,0.0,normal,normal,alta,16,historico dia_util,2.0
I13JA277295,15,,dia_util,0.0,0.0,0.01,0.0,0.0,normal,normal,alta,16,historico dia_util,2.0
I13JA277295,16,,dia_util,0.0,0.0,0.01,0.0,0.0,normal,normal,alta,16,historico dia_util,2.0
I13JA277295,17,,dia_util,0.0,0.0,0.01,0.0,0.0,normal,normal,alta,15,historico dia_util,2.0
I13JA277295,18,,dia_util,0.0,0.0,0.01,0.0,0.0,normal,normal,alta,15,historico dia_util,2.0
I13JA277295,19,,dia_util,0.0,0.0,0.01,0.0,0.0,normal,normal,alta,15,historico dia_util,2.0
I13JA277295,20,,dia_util,0.0,0.0,0.01,0.0,0.0,normal,normal,alta,15,historico dia_util,2.0
I13JA277295,21,,dia_util,0.0,0.0,0.01,0.0,0.0,normal,normal,alta,14,historico dia_util,2.0
I13JA277295,22,,dia_util,0.0,0.0,0.01,0.0,0.0,normal,normal,alta,14,historico dia_util,2.0
I13JA277295,23,,dia_util,0.0,0.0,0.01,0.0,0.0,normal,normal,alta,14,historico dia_util,2.0
I13JA287987,2,,dia_util,0.051,0.0183,0.0167,1.96,1.96,normal,normal,alta,19,historico dia_util,2.0
I13JA287987,3,,dia_util,0.01,0.0097,0.01,0.03,0.03,normal,normal,alta,19,historico dia_util,2.0
I13JA287987,4,,dia_util,0.01,0.0098,0.01,0.02,0.02,normal,normal,alta,19,historico dia_util,2.0
I13JA287987,5,,dia_util,0.01,0.0097,0.01,0.03,0.03,normal,normal,alta,19,historico dia_util,2.0
I13JA287987,6,,dia_util,0.01,0.0146,0.0178,-0.26,-0.26,normal,normal,alta,20,historico dia_util,2.0
I13JA287987,7,,dia_util,0.01,0.01,0.01,0.0,0.0,normal,normal,alta,20,historico dia_util,2.0
I13JA287987,8,,dia_util,0.01,0.0102,0.01,-0.02,-0.02,normal,normal,alta,20,historico dia_util,2.0
I13JA287987,9,,dia_util,0.02,0.0153,0.01,0.47,0.47,normal,normal,alta,18,historico dia_util,2.0
I13JA287987,10,,dia_util,0.029,0.0274,0.01,0.16,0.16,normal,normal,alta,15,historico dia_util,2.0
I13JA287987,11,,dia_util,0.03,0.0295,0.01,0.05,0.05,normal,normal,alta,15,historico dia_util,2.0
I13JA287987,12,,dia_util,0.02,0.0126,0.01,0.74,0.74,normal,normal,alta,15,historico dia_util,2.0
I13JA287987,13,,dia_util,0.01,0.018,0.01,-0.8,-0.8,normal,normal,alta,15,historico dia_util,2.0
I13JA287987,14,,dia_util,0.014,0.043,0.0411,-0.71,-0.71,normal,normal,alta,20,historico dia_util,2.0
I13JA287987,15,,dia_util,0.01,0.0124,0.01,-0.24,-0.24,normal,normal,alta,20,historico dia_util,2.0
I13JA287987,16,,dia_util,0.01,0.0124,0.01,-0.24,-0.24,normal,normal,alta,20,historico dia_util,2.0
I13JA287987,17,,dia_util,0.01,0.0138,0.01,-0.38,-0.38,normal,normal,alta,18,historico dia_util,2.0
I13JA287987,18,,dia_util,0.013,0.0169,0.01,-0.39,-0.39,normal,normal,alta,19,historico dia_util,2.0
I13JA287987,19,,dia_util,0.01,0.0106,0.01,-0.06,-0.06,normal,normal,alta,19,historico dia_util,2.0
I13JA287987,20,,dia_util,0.011,0.0103,0.01,0.07,0.07,normal,normal,alta,19,historico dia_util,2.0
I13JA287987,21,,dia_util,0.01,0.0123,0.0113,-0.2,-0.2,normal,normal,alta,20,historico dia_util,2.0
I13JA287987,22,,dia_util,0.01,0.0105,0.01,-0.05,-0.05,normal,normal,alta,15,historico dia_util,2.0
I13JA287987,23,,dia_util,0.01,0.0097,0.01,0.03,0.03,normal,normal,alta,15,historico dia_util,2.0
I13JA287996,0,,dia_util,0.0,0.0,0.01,0.0,0.0,normal,normal,alta,16,historico dia_util,2.0
I13JA287996,1,,dia_util,0.0,0.0,0.01,0.0,0.0,normal,normal,alta,18,historico dia_util,2.0
I13JA287996,2,,dia_util,0.0,0.0,0.01,0.0,0.0,normal,normal,alta,18,historico dia_util,2.0
I13JA287996,3,,dia_util,0.0,0.0,0.01,0.0,0.0,normal,normal,alta,18,historico dia_util,2.0
I13JA287996,4,,dia_util,0.0,0.0,0.01,0.0,0.0,normal,normal,alta,18,historico dia_util,2.0
I13JA287996,5,,dia_util,0.0,0.0,0.01,0.0,0.0,normal,normal,alta,20,historico dia_util,2.0
I13JA287996,6,,dia_util,0.0,0.0,0.01,0.0,0.0,normal,normal,alta,20,historico dia_util,2.0
I13JA287996,7,,dia_util,0.0,0.0,0.01,0.0,0.0,normal,normal,alta,20,historico dia_util,2.0
I13JA287996,8,,dia_util,0.0,0.0,0.01,0.0,0.0,normal,normal,alta,20,historico dia_util,2.0
I13JA287996,9,,dia_util,0.007,0.0041,0.01,0.29,0.29,normal,normal,alta,17,historico dia_util,2.0
I13JA287996,10,,dia_util,0.004,0.0024,0.01,0.16,0.16,normal,normal,alta,17,historico dia_util,2.0
I13JA287996,11,,dia_util,0.0,0.0014,0.01,-0.14,-0.14,normal,normal,alta,17,historico dia_util,2.0
I13JA287996,12,,dia_util,0.0,0.0009,0.01,-0.09,-0.09,normal,normal,alta,17,historico dia_util,2.0
I13JA287996,13,,dia_util,0.0,0.0016,0.01,-0.16,-0.16,normal,normal,alta,19,historico dia_util,2.0
I13JA287996,14,,dia_util,0.0,0.0024,0.01,-0.24,-0.24,normal,normal,alta,19,historico dia_util,2.0
I13JA287996,15,,dia_util,0.003,0.0011,0.01,0.19,0.19,normal,normal,alta,19,historico dia_util,2.0
I13JA287996,16,,dia_util,0.0,0.0011,0.01,-0.11,-0.11,normal,normal,alta,19,historico dia_util,2.0
I13JA287996,17,,dia_util,0.005,0.0029,0.01,0.21,0.21,normal,normal,alta,20,historico dia_util,2.0
I13JA287996,18,,dia_util,0.0,0.0011,0.01,-0.11,-0.11,normal,normal,alta,20,historico dia_util,2.0
I13JA287996,19,,dia_util,0.0,0.0,0.01,0.0,0.0,normal,normal,alta,20,historico dia_util,2.0
I13JA287996,20,,dia_util,0.0,0.0,0.01,0.0,0.0,normal,normal,alta,20,historico dia_util,2.0
I13JA287996,21,,dia_util,0.0,0.0,0.01,0.0,0.0,normal,normal,alta,16,historico dia_util,2.0
I13JA287996,22,,dia_util,0.0,0.0,0.01,0.0,0.0,normal,normal,alta,16,historico dia_util,2.0
I13JA287996,23,,dia_util,0.0,0.0,0.01,0.0,0.0,normal,normal,alta,16,historico dia_util,2.0
I13JC094216,0,,dia_util,0.0,0.0,0.01,0.0,0.0,normal,normal,alta,19,historico dia_util,2.0
I13JC094216,1,,dia_util,0.0,0.0,0.01,0.0,0.0,normal,normal,alta,19,historico dia_util,2.0
I13JC094216,2,,dia_util,0.0,0.0,0.01,0.0,0.0,normal,normal,alta,19,historico dia_util,2.0
I13JC094216,3,,dia_util,0.0,0.0,0.01,0.0,0.0,normal,normal,alta,19,historico dia_util,2.0
I13JC094216,4,,dia_util,0.0,0.0,0.01,0.0,0.0,normal,normal,alta,19,historico dia_util,2.0
I13JC094216,5,,dia_util,0.0,0.0,0.01,0.0,0.0,normal,normal,alta,17,historico dia_util,2.0
I13JC094216,6,,dia_util,0.0,0.0,0.01,0.0,0.0,normal,normal,alta,17,historico dia_util,2.0
I13JC094216,7,,dia_util,0.0,0.0,0.01,0.0,0.0,normal,normal,alta,17,historico dia_util,2.0
I13JC094216,8,,dia_util,0.0,0.0,0.01,0.0,0.0,normal,normal,alta,17,historico dia_util,2.0
I13JC094216,13,,dia_util,0.0,0.0,0.01,0.0,0.0,normal,normal,alta,16,historico dia_util,2.0
I13JC094216,14,,dia_util,0.0,0.0,0.01,0.0,0.0,normal,normal,alta,17,historico dia_util,2.0
I13JC094216,15,,dia_util,0.0,0.0,0.01,0.0,0.0,normal,normal,alta,17,historico dia_util,2.0
I13JC094216,16,,dia_util,0.0,0.0,0.01,0.0,0.0,normal,normal,alta,17,historico dia_util,2.0
I13JC094216,17,,dia_util,0.0,0.0,0.01,0.0,0.0,normal,normal,alta,20,historico dia_util,2.0
I13JC094216,18,,dia_util,0.0,0.0,0.01,0.0,0.0,normal,normal,alta,20,historico dia_util,2.0
I13JC094216,19,,dia_util,0.0,0.0,0.01,0.0,0.0,normal,normal,alta,20,historico dia_util,2.0
I13JC094216,20,,dia_util,0.0,0.0,0.01,0.0,0.0,normal,normal,alta,20,historico dia_util,2.0
I13JC114242U,0,,dia_util,0.0,0.0,0.01,0.0,0.0,normal,normal,alta,19,historico dia_util,2.0
I13JC114242U,1,,dia_util,0.0,0.0,0.01,0.0,0.0,normal,normal,alta,19,historico dia_util,2.0
I13JC114242U,2,,dia_util,0.0,0.0,0.01,0.0,0.0,normal,normal,alta,19,historico dia_util,2.0
I13JC114242U,3,,dia_util,0.0,0.0,0.01,0.0,0.0,normal,normal,alta,19,historico dia_util,2.0
I13JC114242U,4,,dia_util,0.0,0.0,0.01,0.0,0.0,normal,normal,alta,19,historico dia_util,2.0
I13JC114242U,5,,dia_util,0.0,0.0,0.01,0.0,0.0,normal,normal,alta,20,historico dia_util,2.0
I13JC114242U,6,,dia_util,0.0,0.0,0.01,0.0,0.0,normal,normal,alta,20,historico dia_util,2.0
I13JC114242U,7,,dia_util,0.0,0.0,0.01,0.0,0.0,normal,normal,alta,20,historico dia_util,2.0
I13JC114242U,8,,dia_util,0.0,0.0,0.01,0.0,0.0,normal,normal,alta,20,historico dia_util,2.0
I13JC114242U,9,,dia_util,0.0,0.0,0.01,0.0,0.0,normal,normal,alta,20,historico dia_util,2.0
I13JC114242U,10,,dia_util,0.0,0.0,0.01,0.0,0.0,normal,normal,alta,20,historico dia_util,2.0
I13JC114242U,11,,dia_util,0.0,0.0,0.01,0.0,0.0,normal,normal,alta,20,historico dia_util,2.0
I13JC114242U,12,,dia_util,0.0,0.0,0.01,0.0,0.0,normal,normal,alta,20,historico dia_util,2.0
I13JC114242U,13,,dia_util,0.0,0.0,0.01,0.0,0.0,normal,normal,alta,20,historico dia_util,2.0
I13JC114242U,14,,dia_util,0.0,0.0,0.01,0.0,0.0,normal,normal,alta,20,historico dia_util,2.0
I13JC114242U,15,,dia_util,0.0,0.0,0.01,0.0,0.0,normal,normal,alta,20,historico dia_util,2.0
I13JC114242U,16,,dia_util,0.0,0.0,0.01,0.0,0.0,normal,normal,alta,20,historico dia_util,2.0
I13JC114242U,17,,dia_util,0.0,0.0,0.01,0.0,0.0,normal,normal,alta,20,historico dia_util,2.0
I13JC114242U,18,,dia_util,0.0,0.0,0.01,0.0,0.0,normal,normal,alta,20,historico dia_util,2.0
I13JC114242U,19,,dia_util,0.0,0.0,0.01,0.0,0.0,normal,normal,alta,20,historico dia_util,2.0
I13JC114242U,20,,dia_util,0.0,0.0,0.01,0.0,0.0,normal,normal,alta,20,historico dia_util,2.0
I13JC114242U,21,,dia_util,0.0,0.0,0.01,0.0,0.0,normal,normal,alta,19,historico dia_util,2.0
I13JC114242U,22,,dia_util,0.0,0.0,0.01,0.0,0.0,normal,normal,alta,19,historico dia_util,2.0
I13JC114242U,23,,dia_util,0.0,0.0,0.01,0.0,0.0,normal,normal,alta,19,historico dia_util,2.0
I13JE090461J,0,,dia_util,0.0,0.0002,0.01,-0.02,-0.02,normal,normal,alta,20,historico dia_util,2.0
I13JE090461J,1,,dia_util,0.0,0.0,0.01,0.0,0.0,normal,normal,alta,20,historico dia_util,2.0
I13JE090461J,2,,dia_util,0.0,0.0005,0.01,-0.05,-0.05,normal,normal,alta,20,historico dia_util,2.0
I13JE090461J,3,,dia_util,0.0,0.0006,0.01,-0.06,-0.06,normal,normal,alta,20,historico dia_util,2.0
I13JE090461J,4,,dia_util,0.0,0.0003,0.01,-0.03,-0.03,normal,normal,alta,20,historico dia_util,2.0
I13JE090461J,5,,dia_util,0.0,0.0008,0.01,-0.07,-0.07,normal,normal,alta,20,historico dia_util,2.0
I13JE090461J,6,,dia_util,0.0,0.0005,0.01,-0.05,-0.05,normal,normal,alta,20,historico dia_util,2.0
I13JE090461J,7,,dia_util,0.0,0.0001,0.01,-0.01,-0.01,normal,normal,alta,20,historico dia_util,2.0
I13JE090461J,8,,dia_util,0.0,0.0009,0.01,-0.09,-0.09,normal,normal,alta,20,historico dia_util,2.0
I13JE090461J,9,,dia_util,0.0,0.0032,0.01,-0.32,-0.32,normal,normal,alta,20,historico dia_util,2.0
I13JE090461J,10,,dia_util,0.005,0.0044,0.01,0.06,0.06,normal,normal,alta,20,historico dia_util,2.0
I13JE090461J,11,,dia_util,0.002,0.0018,0.01,0.02,0.02,normal,normal,alta,20,historico dia_util,2.0
I13JE090461J,12,,dia_util,0.001,0.0012,0.01,-0.02,-0.02,normal,normal,alta,20,historico dia_util,2.0
I13JE090461J,13,,dia_util,0.001,0.0025,0.01,-0.15,-0.15,normal,normal,alta,20,historico dia_util,2.0
I13JE090461J,14,,dia_util,0.0,0.0113,0.0352,-0.32,-0.32,normal,normal,alta,20,historico dia_util,2.0
I13JE090461J,15,,dia_util,0.0,0.0111,0.0342,-0.32,-0.32,normal,normal,alta,19,historico dia_util,2.0
I13JE090461J,16,,dia_util,0.0,0.0032,0.01,-0.32,-0.32,normal,normal,alta,20,historico dia_util,2.0
I13JE090461J,17,,dia_util,0.0,0.0031,0.01,-0.31,-0.31,normal,normal,alta,20,historico dia_util,2.0
I13JE090461J,18,,dia_util,0.0,0.0019,0.01,-0.19,-0.19,normal,normal,alta,20,historico dia_util,2.0
I13JE090461J,19,,dia_util,0.0,0.0014,0.01,-0.14,-0.14,normal,normal,alta,20,historico dia_util,2.0
I13JE090461J,20,,dia_util,0.0,0.0028,0.01,-0.28,-0.28,normal,normal,alta,20,historico dia_util,2.0
I13JE090461J,21,,dia_util,0.0,0.0024,0.01,-0.24,-0.24,normal,normal,alta,20,historico dia_util,2.0
I13JE090461J,22,,dia_util,0.0,0.0016,0.01,-0.17,-0.17,normal,normal,alta,20,historico dia_util,2.0
I13JE090461J,23,,dia_util,0.0,0.0006,0.01,-0.06,-0.06,normal,normal,alta,20,historico dia_util,2.0
I13JE090462,0,,dia_util,0.0,0.0,0.01,0.0,0.0,normal,normal,alta,19,historico dia_util,2.0
I13JE090462,1,,dia_util,0.0,0.0,0.01,0.0,0.0,normal,normal,alta,19,historico dia_util,2.0
I13JE090462,2,,dia_util,0.0,0.0,0.01,0.0,0.0,normal,normal,alta,19,historico dia_util,2.0
I13JE090462,3,,dia_util,0.0,0.0,0.01,0.0,0.0,normal,normal,alta,19,historico dia_util,2.0
I13JE090462,4,,dia_util,0.0,0.0,0.01,0.0,0.0,normal,normal,alta,19,historico dia_util,2.0
I13JE090462,5,,dia_util,0.0,0.0,0.01,0.0,0.0,normal,normal,alta,19,historico dia_util,2.0
I13JE090462,6,,dia_util,0.0,0.0,0.01,0.0,0.0,normal,normal,alta,20,historico dia_util,2.0
I13JE090462,7,,dia_util,0.0,0.0,0.01,0.0,0.0,normal,normal,alta,20,historico dia_util,2.0
I13JE090462,8,,dia_util,0.0,0.0,0.01,0.0,0.0,normal,normal,alta,20,historico dia_util,2.0
I13JE090462,9,,dia_util,0.0,0.0,0.01,0.0,0.0,normal,normal,alta,20,historico dia_util,2.0
I13JE090462,10,,dia_util,0.0,0.0,0.01,0.0,0.0,normal,normal,alta,18,historico dia_util,2.0
I13JE090462,11,,dia_util,0.0,0.0,0.01,0.0,0.0,normal,normal,alta,18,historico dia_util,2.0
I13JE090462,12,,dia_util,0.0,0.0,0.01,0.0,0.0,normal,normal,alta,18,historico dia_util,2.0
I13JE090462,13,,dia_util,0.0,0.0,0.01,0.0,0.0,normal,normal,alta,18,historico dia_util,2.0
I13JE090462,14,,dia_util,0.0,0.0,0.01,0.0,0.0,normal,normal,alta,20,historico dia_util,2.0
I13JE090462,15,,dia_util,0.0,0.0,0.01,0.0,0.0,normal,normal,alta,20,historico dia_util,2.0
I13JE090462,16,,dia_util,0.0,0.0,0.01,0.0,0.0,normal,normal,alta,20,historico dia_util,2.0
I13JE090462,17,,dia_util,0.0,0.0,0.01,0.0,0.0,normal,normal,alta,20,historico dia_util,2.0
I13JE090462,18,,dia_util,0.0,0.0,0.01,0.0,0.0,normal,normal,alta,18,historico dia_util,2.0
I13JE090462,19,,dia_util,0.0,0.0,0.01,0.0,0.0,normal,normal,alta,18,historico dia_util,2.0
I13JE090462,20,,dia_util,0.0,0.0,0.01,0.0,0.0,normal,normal,alta,18,historico dia_util,2.0
I13JE090462,21,,dia_util,0.0,0.0,0.01,0.0,0.0,normal,normal,alta,18,historico dia_util,2.0
I13JE090462,22,,dia_util,0.0,0.0,0.01,0.0,0.0,normal,normal,alta,14,historico dia_util,2.0
I13JE090462,23,,dia_util,0.0,0.0,0.01,0.0,0.0,normal,normal,alta,19,historico dia_util,2.0
I13JE090464M,0,,dia_util,0.0,-0.0001,0.01,0.01,0.01,normal,normal,alta,20,historico dia_util,2.0
I13JE090464M,1,,dia_util,0.0,-0.0001,0.01,0.01,0.01,normal,normal,alta,20,historico dia_util,2.0
I13JE090464M,2,,dia_util,0.0,0.0,0.01,0.0,0.0,normal,normal,alta,20,historico dia_util,2.0
I13JE090464M,3,,dia_util,0.0,0.0,0.01,0.0,0.0,normal,normal,alta,16,historico dia_util,2.0
I13JE090464M,4,,dia_util,0.0,0.0,0.01,0.0,0.0,normal,normal,alta,20,historico dia_util,2.0
I13JE090464M,5,,dia_util,0.0,0.0,0.01,0.0,0.0,normal,normal,alta,20,historico dia_util,2.0
I13JE090464M,6,,dia_util,0.0,0.0003,0.01,-0.03,-0.03,normal,normal,alta,20,historico dia_util,2.0
I13JE090464M,7,,dia_util,0.0,0.0006,0.01,-0.06,-0.06,normal,normal,alta,18,historico dia_util,2.0
I13JE090464M,8,,dia_util,0.0,-0.0003,0.01,0.03,0.03,normal,normal,alta,20,historico dia_util,2.0
I13JE090464M,9,,dia_util,0.0,-0.0002,0.01,0.02,0.02,normal,normal,alta,20,historico dia_util,2.0
I13JE090464M,10,,dia_util,0.0,0.0001,0.01,-0.01,-0.01,normal,normal,alta,20,historico dia_util,2.0
I13JE090464M,11,,dia_util,-0.001,-0.0001,0.01,-0.09,-0.09,normal,normal,alta,19,historico dia_util,2.0
I13JE090464M,12,,dia_util,0.0,-0.0002,0.01,0.02,0.02,normal,normal,alta,20,historico dia_util,2.0
I13JE090464M,13,,dia_util,0.0,0.0,0.01,0.0,0.0,normal,normal,alta,20,historico dia_util,2.0
I13JE090464M,14,,dia_util,0.0,-0.0001,0.01,0.01,0.01,normal,normal,alta,20,historico dia_util,2.0
I13JE090464M,15,,dia_util,0.0,0.0,0.01,0.0,0.0,normal,normal,alta,17,historico dia_util,2.0
I13JE090464M,16,,dia_util,0.0,0.0,0.01,0.0,0.0,normal,normal,alta,18,historico dia_util,2.0
I13JE090464M,17,,dia_util,0.0,-0.0001,0.01,0.01,0.01,normal,normal,alta,18,historico dia_util,2.0
I13JE090464M,18,,dia_util,0.0,-0.0001,0.01,0.01,0.01,normal,normal,alta,18,historico dia_util,2.0
I13JE090464M,19,,dia_util,0.0,-0.0003,0.01,0.03,0.03,normal,normal,alta,20,historico dia_util,2.0
I13JE090464M,20,,dia_util,0.0,-0.0003,0.01,0.03,0.03,normal,normal,alta,20,historico dia_util,2.0
I13JE090464M,21,,dia_util,0.0,-0.001,0.01,0.1,0.1,normal,normal,alta,20,historico dia_util,2.0
I13JE090464M,22,,dia_util,0.0,-0.0003,0.01,0.03,0.03,normal,normal,alta,20,historico dia_util,2.0
I13JE090464M,23,,dia_util,0.0,-0.0001,0.01,0.01,0.01,normal,normal,alta,18,historico dia_util,2.0
I13JE128947D,0,,dia_util,0.0,0.0,0.01,0.0,0.0,normal,normal,alta,11,historico dia_util,2.0
I13JE128947D,1,,dia_util,0.0,0.0,0.01,0.0,0.0,normal,normal,alta,16,historico dia_util,2.0
I13JE128947D,2,,dia_util,0.0,0.0,0.01,0.0,0.0,normal,normal,alta,16,historico dia_util,2.0
I13JE128947D,3,,dia_util,0.0,0.0,0.01,0.0,0.0,normal,normal,alta,16,historico dia_util,2.0
I13JE128947D,4,,dia_util,0.0,0.0,0.01,0.0,0.0,normal,normal,alta,16,historico dia_util,2.0
I13JE128947D,5,,dia_util,0.0,0.0,0.01,0.0,0.0,normal,normal,alta,19,historico dia_util,2.0
I13JE128947D,6,,dia_util,0.0,0.0,0.01,0.0,0.0,normal,normal,alta,19,historico dia_util,2.0
I13JE128947D,7,,dia_util,0.0,0.0,0.01,0.0,0.0,normal,normal,alta,19,historico dia_util,2.0
I13JE128947D,8,,dia_util,0.0,0.0,0.01,0.0,0.0,normal,normal,alta,16,historico dia_util,2.0
I13JE128947D,9,,dia_util,0.0,0.0,0.01,0.0,0.0,normal,normal,alta,15,historico dia_util,2.0
I13JE128947D,10,,dia_util,0.0,0.0,0.01,0.0,0.0,normal,normal,alta,15,historico dia_util,2.0
I13JE128947D,11,,dia_util,0.0,0.0,0.01,0.0,0.0,normal,normal,alta,15,historico dia_util,2.0
I13JE128947D,13,,dia_util,0.0,0.0,0.01,0.0,0.0,normal,normal,alta,18,historico dia_util,2.0
I13JE128947D,14,,dia_util,0.0,0.0,0.01,0.0,0.0,normal,normal,alta,18,historico dia_util,2.0
I13JE128947D,15,,dia_util,0.0,0.0,0.01,0.0,0.0,normal,normal,alta,18,historico dia_util,2.0
I13JE128947D,16,,dia_util,0.0,0.0,0.01,0.0,0.0,normal,normal,alta,16,historico dia_util,2.0
I13JE128947D,17,,dia_util,0.0,0.0,0.01,0.0,0.0,normal,normal,alta,20,historico dia_util,2.0
I13JE128947D,18,,dia_util,0.0,0.0,0.01,0.0,0.0,normal,normal,alta,20,historico dia_util,2.0
I13JE128947D,19,,dia_util,0.0,0.0,0.01,0.0,0.0,normal,normal,alta,20,historico dia_util,2.0
I13JE128947D,20,,dia_util,0.0,0.0,0.01,0.0,0.0,normal,normal,alta,18,historico dia_util,2.0
I13JE128947D,21,,dia_util,0.0,0.0,0.01,0.0,0.0,normal,normal,alta,17,historico dia_util,2.0
I13JE128947D,22,,dia_util,0.0,0.0,0.01,0.0,0.0,normal,normal,alta,17,historico dia_util,2.0
I13JE128947D,23,,dia_util,0.0,0.0,0.01,0.0,0.0,normal,normal,alta,17,historico dia_util,2.0
I13JE133572D,0,,dia_util,0.0,0.0,0.01,0.0,0.0,normal,normal,alta,20,historico dia_util,2.0
I13JE133572D,1,,dia_util,0.0,0.0,0.01,0.0,0.0,normal,normal,alta,20,historico dia_util,2.0
I13JE133572D,2,,dia_util,0.0,0.0,0.01,0.0,0.0,normal,normal,alta,20,historico dia_util,2.0
I13JE133572D,3,,dia_util,0.0,0.0,0.01,0.0,0.0,normal,normal,alta,20,historico dia_util,2.0
I13JE133572D,4,,dia_util,0.0,0.0,0.01,0.0,0.0,normal,normal,alta,20,historico dia_util,2.0
I13JE133572D,5,,dia_util,0.0,0.0,0.01,0.0,0.0,normal,normal,alta,20,historico dia_util,2.0
I13JE133572D,6,,dia_util,0.0,0.0,0.01,0.0,0.0,normal,normal,alta,20,historico dia_util,2.0
I13JE133572D,7,,dia_util,0.0,0.0,0.01,0.0,0.0,normal,normal,alta,20,historico dia_util,2.0
I13JE133572D,8,,dia_util,0.0,0.0,0.01,0.0,0.0,normal,normal,alta,20,historico dia_util,2.0
I13JE133572D,9,,dia_util,0.0,0.0,0.01,0.0,0.0,normal,normal,alta,20,historico dia_util,2.0
I13JE133572D,10,,dia_util,0.0,0.0,0.01,0.0,0.0,normal,normal,alta,20,historico dia_util,2.0
I13JE133572D,11,,dia_util,0.0,0.0,0.01,0.0,0.0,normal,normal,alta,20,historico dia_util,2.0
I13JE133572D,12,,dia_util,0.0,0.0,0.01,0.0,0.0,normal,normal,alta,20,historico dia_util,2.0
I13JE133572D,13,,dia_util,0.0,0.0,0.01,0.0,0.0,normal,normal,alta,20,historico dia_util,2.0
I13JE133572D,14,,dia_util,0.0,0.0,0.01,0.0,0.0,normal,normal,alta,20,historico dia_util,2.0
I13JE133572D,15,,dia_util,0.0,0.0,0.01,0.0,0.0,normal,normal,alta,20,historico dia_util,2.0
I13JE133572D,16,,dia_util,0.0,0.0,0.01,0.0,0.0,normal,normal,alta,20,historico dia_util,2.0
I13JE133572D,17,,dia_util,0.0,0.0,0.01,0.0,0.0,normal,normal,alta,20,historico dia_util,2.0
I13JE133572D,18,,dia_util,0.0,0.0,0.01,0.0,0.0,normal,normal,alta,20,historico dia_util,2.0
I13JE133572D,19,,dia_util,0.0,0.0,0.01,0.0,0.0,normal,normal,alta,20,historico dia_util,2.0
I13JE133572D,20,,dia_util,0.0,0.0,0.01,0.0,0.0,normal,normal,alta,20,historico dia_util,2.0
I13JE133572D,21,,dia_util,0.0,0.0,0.01,0.0,0.0,normal,normal,alta,20,historico dia_util,2.0
I13JE133572D,22,,dia_util,0.0,0.0,0.01,0.0,0.0,normal,normal,alta,20,historico dia_util,2.0
I13JE133572D,23,,dia_util,0.0,0.0,0.01,0.0,0.0,normal,normal,alta,20,historico dia_util,2.0
I14JC000553,0,,dia_util,0.0,0.0,0.01,0.0,0.0,normal,normal,alta,13,historico dia_util,2.0
I14JC000553,1,,dia_util,0.0,0.0,0.01,0.0,0.0,normal,normal,alta,13,historico dia_util,2.0
I14JC000553,2,,dia_util,0.0,0.0,0.01,0.0,0.0,normal,normal,alta,13,historico dia_util,2.0
I14JC000553,3,,dia_util,0.0,0.0,0.01,0.0,0.0,normal,normal,alta,13,historico dia_util,2.0
I14JC000553,8,,dia_util,0.0,0.0,0.01,0.0,0.0,normal,normal,alta,14,historico dia_util,2.0
I14JC000553,9,,dia_util,0.0,0.0,0.01,0.0,0.0,normal,normal,alta,14,historico dia_util,2.0
I14JC000553,10,,dia_util,0.0,0.0,0.01,0.0,0.0,normal,normal,alta,14,historico dia_util,2.0
I14JC000553,11,,dia_util,0.0,0.0,0.01,0.0,0.0,normal,normal,alta,14,historico dia_util,2.0
I14JC000553,12,,dia_util,0.0,0.0,0.01,0.0,0.0,normal,normal,alta,13,historico dia_util,2.0
I14JC000553,13,,dia_util,0.0,0.0,0.01,0.0,0.0,normal,normal,alta,13,historico dia_util,2.0
I14JC000553,14,,dia_util,0.0,0.0,0.01,0.0,0.0,normal,normal,alta,13,historico dia_util,2.0
I14JC000553,15,,dia_util,0.0,0.0,0.01,0.0,0.0,normal,normal,alta,13,historico dia_util,2.0
I14JC000554,0,,dia_util,0.0,0.0,0.01,0.0,0.0,normal,normal,alta,13,historico dia_util,2.0
I14JC000554,1,,dia_util,0.0,0.0,0.01,0.0,0.0,normal,normal,alta,13,historico dia_util,2.0
I14JC000554,2,,dia_util,0.0,0.0,0.01,0.0,0.0,normal,normal,alta,17,historico dia_util,2.0
I14JC000554,3,,dia_util,0.0,0.0,0.01,0.0,0.0,normal,normal,alta,17,historico dia_util,2.0
I14JC000554,4,,dia_util,0.0,0.0,0.01,0.0,0.0,normal,normal,alta,17,historico dia_util,2.0
I14JC000554,5,,dia_util,0.0,0.0,0.01,0.0,0.0,normal,normal,alta,17,historico dia_util,2.0
I14JC000554,6,,dia_util,0.0,0.0,0.01,0.0,0.0,normal,normal,alta,18,historico dia_util,2.0
I14JC000554,7,,dia_util,0.0,0.0,0.01,0.0,0.0,normal,normal,alta,18,historico dia_util,2.0
I14JC000554,8,,dia_util,0.0,0.0,0.01,0.0,0.0,normal,normal,alta,18,historico dia_util,2.0
I14JC000554,9,,dia_util,0.0,0.0,0.01,0.0,0.0,normal,normal,alta,18,historico dia_util,2.0
I14JC000554,10,,dia_util,0.0,0.0,0.01,0.0,0.0,normal,normal,alta,17,historico dia_util,2.0
I14JC000554,11,,dia_util,0.0,0.0,0.01,0.0,0.0,normal,normal,alta,17,historico dia_util,2.0
I14JC000554,12,,dia_util,0.0,0.0,0.01,0.0,0.0,normal,normal,alta,17,historico dia_util,2.0
I14JC000554,13,,dia_util,0.0,0.0,0.01,0.0,0.0,normal,normal,alta,17,historico dia_util,2.0
I14JC000554,14,,dia_util,0.0,0.0,0.01,0.0,0.0,normal,normal,alta,19,historico dia_util,2.0
I14JC000554,15,,dia_util,0.0,0.0,0.01,0.0,0.0,normal,normal,alta,19,historico dia_util,2.0
I14JC000554,16,,dia_util,0.0,0.0,0.01,0.0,0.0,normal,normal,alta,19,historico dia_util,2.0
I14JC000554,17,,dia_util,0.0,0.0,0.01,0.0,0.0,normal,normal,alta,19,historico dia_util,2.0
I14JC000554,18,,dia_util,0.0,0.0,0.01,0.0,0.0,normal,normal,alta,17,historico dia_util,2.0
I14JC000554,19,,dia_util,0.0,0.0,0.01,0.0,0.0,normal,normal,alta,17,historico dia_util,2.0
I14JC000554,20,,dia_util,0.0,0.0,0.01,0.0,0.0,normal,normal,alta,17,historico dia_util,2.0
I14JC000554,21,,dia_util,0.0,0.0,0.01,0.0,0.0,normal,normal,alta,17,historico dia_util,2.0
I14JC000554,22,,dia_util,0.0,0.0,0.01,0.0,0.0,normal,normal,alta,14,historico dia_util,2.0
I14JC000554,23,,dia_util,0.0,0.0,0.01,0.0,0.0,normal,normal,alta,14,historico dia_util,2.0
I14JC000555,0,,dia_util,0.0,0.0,0.01,0.0,0.0,normal,normal,alta,20,historico dia_util,2.0
I14JC000555,1,,dia_util,0.0,0.0,0.01,0.0,0.0,normal,normal,alta,20,historico dia_util,2.0
I14JC000555,2,,dia_util,0.0,0.0,0.01,0.0,0.0,normal,normal,alta,20,historico dia_util,2.0
I14JC000555,3,,dia_util,0.0,0.0,0.01,0.0,0.0,normal,normal,alta,20,historico dia_util,2.0
I14JC000555,4,,dia_util,0.0,0.0,0.01,0.0,0.0,normal,normal,alta,20,historico dia_util,2.0
I14JC000555,5,,dia_util,0.0,0.0,0.01,0.0,0.0,normal,normal,alta,20,historico dia_util,2.0
I14JC000555,10,,dia_util,0.0,0.0,0.01,0.0,0.0,normal,normal,alta,20,historico dia_util,2.0
I14JC000555,11,,dia_util,0.0,0.0,0.01,0.0,0.0,normal,normal,alta,20,historico dia_util,2.0
I14JC000555,12,,dia_util,0.0,0.0,0.01,0.0,0.0,normal,normal,alta,20,historico dia_util,2.0
I14JC000555,13,,dia_util,0.0,0.0,0.01,0.0,0.0,normal,normal,alta,20,historico dia_util,2.0
I14JC000555,14,,dia_util,0.0,0.0,0.01,0.0,0.0,normal,normal,alta,20,historico dia_util,2.0
I14JC000555,15,,dia_util,0.0,0.0,0.01,0.0,0.0,normal,normal,alta,20,historico dia_util,2.0
I14JC000555,16,,dia_util,0.0,0.0,0.01,0.0,0.0,normal,normal,alta,20,historico dia_util,2.0
I14JC000555,17,,dia_util,0.0,0.0,0.01,0.0,0.0,normal,normal,alta,20,historico dia_util,2.0
I14JC000555,18,,dia_util,0.0,0.0,0.01,0.0,0.0,normal,normal,alta,19,historico dia_util,2.0
I14JC000555,19,,dia_util,0.0,0.0,0.01,0.0,0.0,normal,normal,alta,19,historico dia_util,2.0
I14JC000555,20,,dia_util,0.0,0.0,0.01,0.0,0.0,normal,normal,alta,19,historico dia_util,2.0
I14JC000555,21,,dia_util,0.0,0.0,0.01,0.0,0.0,normal,normal,alta,19,historico dia_util,2.0
I14JC000555,22,,dia_util,0.0,0.0,0.01,0.0,0.0,normal,normal,alta,20,historico dia_util,2.0
I14JC000555,23,,dia_util,0.0,0.0,0.01,0.0,0.0,normal,normal,alta,20,historico dia_util,2.0
I14JC000558,0,,dia_util,0.0,0.0,0.01,0.0,0.0,normal,normal,alta,17,historico dia_util,2.0
I14JC000558,1,,dia_util,0.0,0.0,0.01,0.0,0.0,normal,normal,alta,17,historico dia_util,2.0
I14JC000558,2,,dia_util,0.0,0.0,0.01,0.0,0.0,normal,normal,alta,19,historico dia_util,2.0
I14JC000558,3,,dia_util,0.0,0.0,0.01,0.0,0.0,normal,normal,alta,19,historico dia_util,2.0
I14JC000558,4,,dia_util,0.0,0.0,0.01,0.0,0.0,normal,normal,alta,19,historico dia_util,2.0
I14JC000558,5,,dia_util,0.0,0.0,0.01,0.0,0.0,normal,normal,alta,19,historico dia_util,2.0
I14JC000558,6,,dia_util,0.0,0.0,0.01,0.0,0.0,normal,normal,alta,19,historico dia_util,2.0
I14JC000558,7,,dia_util,0.0,0.0,0.01,0.0,0.0,normal,normal,alta,19,historico dia_util,2.0
I14JC000558,8,,dia_util,0.0,0.0,0.01,0.0,0.0,normal,normal,alta,19,historico dia_util,2.0
I14JC000558,9,,dia_util,0.0,0.0,0.01,0.0,0.0,normal,normal,alta,19,historico dia_util,2.0
I14JC000558,10,,dia_util,0.0,0.0,0.01,0.0,0.0,normal,normal,alta,16,historico dia_util,2.0
I14JC000558,11,,dia_util,0.0,0.0,0.01,0.0,0.0,normal,normal,alta,16,historico dia_util,2.0
I14JC000558,12,,dia_util,0.0,0.0,0.01,0.0,0.0,normal,normal,alta,16,historico dia_util,2.0
I14JC000558,13,,dia_util,0.0,0.0,0.01,0.0,0.0,normal,normal,alta,16,historico dia_util,2.0
I14JC000558,14,,dia_util,0.0,0.0,0.01,0.0,0.0,normal,normal,alta,17,historico dia_util,2.0
I14JC000558,15,,dia_util,0.0,0.0,0.01,0.0,0.0,normal,normal,alta,17,historico dia_util,2.0
I14JC000558,16,,dia_util,0.0,0.0,0.01,0.0,0.0,normal,normal,alta,17,historico dia_util,2.0
I14JC000558,17,,dia_util,0.0,0.0,0.01,0.0,0.0,normal,normal,alta,17,historico dia_util,2.0
I14JC000558,22,,dia_util,0.0,0.0,0.01,0.0,0.0,normal,normal,alta,18,historico dia_util,2.0
I14JC000558,23,,dia_util,0.0,0.0,0.01,0.0,0.0,normal,normal,alta,18,historico dia_util,2.0
I14JC000570,0,,dia_util,0.0,0.0,0.01,0.0,0.0,normal,normal,alta,11,historico dia_util,2.0
I14JC000570,1,,dia_util,0.0,0.0,0.01,0.0,0.0,normal,normal,alta,12,historico dia_util,2.0
I14JC000570,2,,dia_util,0.0,0.0,0.01,0.0,0.0,normal,normal,alta,12,historico dia_util,2.0
I14JC000570,3,,dia_util,0.0,0.0,0.01,0.0,0.0,normal,normal,alta,13,historico dia_util,2.0
I14JC000570,4,,dia_util,0.0,0.0,0.01,0.0,0.0,normal,normal,alta,13,historico dia_util,2.0
I14JC000570,5,,dia_util,0.0,0.0,0.01,0.0,0.0,normal,normal,alta,13,historico dia_util,2.0
I14JC000570,6,,dia_util,0.0,0.0,0.01,0.0,0.0,normal,normal,alta,13,historico dia_util,2.0
I14JC000570,11,,dia_util,0.0,0.0,0.01,0.0,0.0,normal,normal,alta,14,historico dia_util,2.0
I14JC000570,12,,dia_util,0.0,0.0,0.01,0.0,0.0,normal,normal,alta,14,historico dia_util,2.0
I14JC000570,13,,dia_util,0.0,0.0,0.01,0.0,0.0,normal,normal,alta,14,historico dia_util,2.0
I14JC000570,14,,dia_util,0.0,0.0,0.01,0.0,0.0,normal,normal,alta,14,historico dia_util,2.0
I14JC000570,15,,dia_util,0.0,0.0,0.01,0.0,0.0,normal,normal,alta,16,historico dia_util,2.0
I14JC000570,16,,dia_util,0.0,0.0,0.01,0.0,0.0,normal,normal,alta,16,historico dia_util,2.0
I14JC000570,17,,dia_util,0.0,0.0,0.01,0.0,0.0,normal,normal,alta,16,historico dia_util,2.0
I14JC000570,18,,dia_util,0.0,0.0,0.01,0.0,0.0,normal,normal,alta,16,historico dia_util,2.0
I14JC000570,19,,dia_util,0.0,0.0,0.01,0.0,0.0,normal,normal,alta,16,historico dia_util,2.0
I14JC000570,20,,dia_util,0.0,0.0,0.01,0.0,0.0,normal,normal,alta,16,historico dia_util,2.0
I14JC000570,21,,dia_util,0.0,0.0,0.01,0.0,0.0,normal,normal,alta,16,historico dia_util,2.0
I14JC000570,22,,dia_util,0.0,0.0,0.01,0.0,0.0,normal,normal,alta,16,historico dia_util,2.0
I14JC000570,23,,dia_util,0.0,0.0,0.01,0.0,0.0,normal,normal,alta,11,historico dia_util,2.0
I14JC000574,0,,dia_util,0.0,0.0,0.01,0.0,0.0,normal,normal,alta,20,historico dia_util,2.0
I14JC000574,1,,dia_util,0.0,0.0,0.01,0.0,0.0,normal,normal,alta,20,historico dia_util,2.0
I14JC000574,2,,dia_util,0.0,0.0,0.01,0.0,0.0,normal,normal,alta,20,historico dia_util,2.0
I14JC000574,3,,dia_util,0.0,0.0,0.01,0.0,0.0,normal,normal,alta,20,historico dia_util,2.0
I14JC000574,4,,dia_util,0.0,0.0,0.01,0.0,0.0,normal,normal,alta,20,historico dia_util,2.0
I14JC000574,5,,dia_util,0.0,0.0,0.01,0.0,0.0,normal,normal,alta,20,historico dia_util,2.0
I14JC000574,6,,dia_util,0.0,0.0,0.01,0.0,0.0,normal,normal,alta,20,historico dia_util,2.0
I14JC000574,7,,dia_util,0.0,0.0,0.01,0.0,0.0,normal,normal,alta,20,historico dia_util,2.0
I14JC000574,8,,dia_util,0.0,0.0,0.01,0.0,0.0,normal,normal,alta,20,historico dia_util,2.0
I14JC000574,9,,dia_util,0.0,0.0,0.01,0.0,0.0,normal,normal,alta,17,historico dia_util,2.0
I14JC000574,10,,dia_util,0.0,0.0,0.01,0.0,0.0,normal,normal,alta,20,historico dia_util,2.0
I14JC000574,11,,dia_util,0.0,0.0,0.01,0.0,0.0,normal,normal,alta,20,historico dia_util,2.0
I14JC000574,12,,dia_util,0.0,0.0,0.01,0.0,0.0,normal,normal,alta,20,historico dia_util,2.0
I14JC000574,13,,dia_util,0.0,0.0,0.01,0.0,0.0,normal,normal,alta,20,historico dia_util,2.0
I14JC000574,14,,dia_util,0.0,0.0,0.01,0.0,0.0,normal,normal,alta,20,historico dia_util,2.0
I14JC000574,15,,dia_util,0.0,0.0,0.01,0.0,0.0,normal,normal,alta,20,historico dia_util,2.0
I14JC000574,16,,dia_util,0.0,0.0,0.01,0.0,0.0,normal,normal,alta,20,historico dia_util,2.0
I14JC000574,17,,dia_util,0.0,0.0,0.01,0.0,0.0,normal,normal,alta,20,historico dia_util,2.0
I14JC000574,18,,dia_util,0.0,0.0,0.01,0.0,0.0,normal,normal,alta,20,historico dia_util,2.0
I14JC000574,19,,dia_util,0.0,0.0,0.01,0.0,0.0,normal,normal,alta,20,historico dia_util,2.0
I14JC000574,20,,dia_util,0.0,0.0,0.01,0.0,0.0,normal,normal,alta,20,historico dia_util,2.0
I14JC000574,21,,dia_util,0.0,0.0,0.01,0.0,0.0,normal,normal,alta,19,historico dia_util,2.0
I14JC000574,22,,dia_util,0.0,0.0,0.01,0.0,0.0,normal,normal,alta,20,historico dia_util,2.0
I14JC000574,23,,dia_util,0.0,0.0,0.01,0.0,0.0,normal,normal,alta,20,historico dia_util,2.0
I14JC000600,0,,dia_util,0.0,0.0,0.01,0.0,0.0,normal,normal,alta,14,historico dia_util,2.0
I14JC000600,1,,dia_util,0.0,0.0,0.01,0.0,0.0,normal,normal,alta,14,historico dia_util,2.0
I14JC000600,2,,dia_util,0.0,0.0,0.01,0.0,0.0,normal,normal,alta,19,historico dia_util,2.0
I14JC000600,3,,dia_util,0.0,0.0,0.01,0.0,0.0,normal,normal,alta,19,historico dia_util,2.0
I14JC000600,4,,dia_util,0.0,0.0,0.01,0.0,0.0,normal,normal,alta,19,historico dia_util,2.0
I14JC000600,5,,dia_util,0.0,0.0,0.01,0.0,0.0,normal,normal,alta,19,historico dia_util,2.0
I14JC000600,6,,dia_util,0.0,0.0,0.01,0.0,0.0,normal,normal,alta,17,historico dia_util,2.0
I14JC000600,7,,dia_util,0.0,0.0,0.01,0.0,0.0,normal,normal,alta,17,historico dia_util,2.0
I14JC000600,8,,dia_util,0.0,0.0,0.01,0.0,0.0,normal,normal,alta,17,historico dia_util,2.0
I14JC000600,9,,dia_util,0.0,0.0,0.01,0.0,0.0,normal,normal,alta,17,historico dia_util,2.0
I14JC000600,10,,dia_util,0.0,0.0,0.01,0.0,0.0,normal,normal,alta,14,historico dia_util,2.0
I14JC000600,11,,dia_util,0.0,0.0,0.01,0.0,0.0,normal,normal,alta,14,historico dia_util,2.0
I14JC000600,12,,dia_util,0.0,0.0,0.01,0.0,0.0,normal,normal,alta,14,historico dia_util,2.0
I14JC000600,13,,dia_util,0.0,0.0,0.01,0.0,0.0,normal,normal,alta,14,historico dia_util,2.0
I14JC000600,14,,dia_util,0.0,0.0,0.01,0.0,0.0,normal,normal,alta,18,historico dia_util,2.0
I14JC000600,15,,dia_util,0.0,0.0,0.01,0.0,0.0,normal,normal,alta,18,historico dia_util,2.0
I14JC000600,16,,dia_util,0.0,0.0,0.01,0.0,0.0,normal,normal,alta,18,historico dia_util,2.0
I14JC000600,17,,dia_util,0.0,0.0,0.01,0.0,0.0,normal,normal,alta,18,historico dia_util,2.0
I14JC000600,18,,dia_util,0.0,0.0,0.01,0.0,0.0,normal,normal,alta,15,historico dia_util,2.0
I14JC000600,19,,dia_util,0.0,0.0,0.01,0.0,0.0,normal,normal,alta,15,historico dia_util,2.0
I14JC000600,20,,dia_util,0.0,0.0,0.01,0.0,0.0,normal,normal,alta,15,historico dia_util,2.0
I14JC000600,21,,dia_util,0.0,0.0,0.01,0.0,0.0,normal,normal,alta,15,historico dia_util,2.0
I14JC000600,22,,dia_util,0.0,0.0,0.01,0.0,0.0,normal,normal,alta,13,historico dia_util,2.0
I14JC000600,23,,dia_util,0.0,0.0,0.01,0.0,0.0,normal,normal,alta,13,historico dia_util,2.0
I14JC001558X,0,,dia_util,0.0,0.0,0.01,0.0,0.0,normal,normal,alta,19,historico dia_util,2.0
I14JC001558X,1,,dia_util,0.0,0.0,0.01,0.0,0.0,normal,normal,alta,20,historico dia_util,2.0
I14JC001558X,2,,dia_util,0.0,0.0,0.01,0.0,0.0,normal,normal,alta,20,historico dia_util,2.0
I14JC001558X,3,,dia_util,0.0,0.0,0.01,0.0,0.0,normal,normal,alta,20,historico dia_util,2.0
I14JC001558X,4,,dia_util,0.0,0.0,0.01,0.0,0.0,normal,normal,alta,20,historico dia_util,2.0
I14JC001558X,5,,dia_util,0.0,0.0,0.01,0.0,0.0,normal,normal,alta,19,historico dia_util,2.0
I14JC001558X,6,,dia_util,0.0,0.0,0.01,0.0,0.0,normal,normal,alta,19,historico dia_util,2.0
I14JC001558X,7,,dia_util,0.0,0.0,0.01,0.0,0.0,normal,normal,alta,19,historico dia_util,2.0
I14JC001558X,8,,dia_util,0.0,0.0,0.01,0.0,0.0,normal,normal,alta,19,historico dia_util,2.0
I14JC001558X,9,,dia_util,0.0,0.0,0.01,0.0,0.0,normal,normal,alta,20,historico dia_util,2.0
I14JC001558X,10,,dia_util,0.0,0.0,0.01,0.0,0.0,normal,normal,alta,20,historico dia_util,2.0
I14JC001558X,11,,dia_util,0.0,0.0,0.01,0.0,0.0,normal,normal,alta,20,historico dia_util,2.0
I14JC001558X,12,,dia_util,0.0,0.0,0.01,0.0,0.0,normal,normal,alta,20,historico dia_util,2.0
I14JC001558X,13,,dia_util,0.0,0.0,0.01,0.0,0.0,normal,normal,alta,20,historico dia_util,2.0
I14JC001558X,14,,dia_util,0.0,0.0,0.01,0.0,0.0,normal,normal,alta,20,historico dia_util,2.0
I14JC001558X,15,,dia_util,0.0,0.0,0.01,0.0,0.0,normal,normal,alta,20,historico dia_util,2.0
I14JC001558X,16,,dia_util,0.0,0.0,0.01,0.0,0.0,normal,normal,alta,20,historico dia_util,2.0
I14JC001558X,17,,dia_util,0.0,0.0,0.01,0.0,0.0,normal,normal,alta,18,historico dia_util,2.0
I14JC001558X,18,,dia_util,0.0,0.0,0.01,0.0,0.0,normal,normal,alta,18,historico dia_util,2.0
I14JC001558X,19,,dia_util,0.0,0.0,0.01,0.0,0.0,normal,normal,alta,18,historico dia_util,2.0
I14JC001558X,20,,dia_util,0.0,0.0,0.01,0.0,0.0,normal,normal,alta,18,historico dia_util,2.0
I14JC001558X,21,,dia_util,0.0,0.0,0.01,0.0,0.0,normal,normal,alta,19,historico dia_util,2.0
I14JC001558X,22,,dia_util,0.0,0.0,0.01,0.0,0.0,normal,normal,alta,19,historico dia_util,2.0
I14JC001558X,23,,dia_util,0.0,0.0,0.01,0.0,0.0,normal,normal,alta,19,historico dia_util,2.0
I14JC024663T,0,,dia_util,0.0,0.0,0.01,0.0,0.0,normal,normal,alta,19,historico dia_util,2.0
I14JC024663T,1,,dia_util,0.0,0.0,0.01,0.0,0.0,normal,normal,alta,19,historico dia_util,2.0
I14JC024663T,2,,dia_util,0.0,0.0,0.01,0.0,0.0,normal,normal,alta,19,historico dia_util,2.0
I14JC024663T,3,,dia_util,0.0,0.0,0.01,0.0,0.0,normal,normal,alta,19,historico dia_util,2.0
I14JC024663T,4,,dia_util,0.0,0.0,0.01,0.0,0.0,normal,normal,alta,20,historico dia_util,2.0
I14JC024663T,5,,dia_util,0.0,0.0,0.01,0.0,0.0,normal,normal,alta,20,historico dia_util,2.0
I14JC024663T,6,,dia_util,0.0,0.0,0.01,0.0,0.0,normal,normal,alta,20,historico dia_util,2.0
I14JC024663T,7,,dia_util,0.0,0.0,0.01,0.0,0.0,normal,normal,alta,20,historico dia_util,2.0
I14JC024663T,8,,dia_util,0.0,0.0,0.01,0.0,0.0,normal,normal,alta,19,historico dia_util,2.0
I14JC024663T,9,,dia_util,0.0,0.0,0.01,0.0,0.0,normal,normal,alta,19,historico dia_util,2.0
I14JC024663T,10,,dia_util,0.0,0.0,0.01,0.0,0.0,normal,normal,alta,19,historico dia_util,2.0
I14JC024663T,11,,dia_util,0.0,0.0,0.01,0.0,0.0,normal,normal,alta,19,historico dia_util,2.0
I14JC024663T,12,,dia_util,0.0,0.0,0.01,0.0,0.0,normal,normal,alta,20,historico dia_util,2.0
I14JC024663T,13,,dia_util,0.0,0.0,0.01,0.0,0.0,normal,normal,alta,20,historico dia_util,2.0
I14JC024663T,14,,dia_util,0.0,0.0,0.01,0.0,0.0,normal,normal,alta,20,historico dia_util,2.0
I14JC024663T,15,,dia_util,0.0,0.0,0.01,0.0,0.0,normal,normal,alta,20,historico dia_util,2.0
I14JC024663T,16,,dia_util,0.0,0.0,0.01,0.0,0.0,normal,normal,alta,20,historico dia_util,2.0
I14JC024663T,17,,dia_util,0.0,0.0,0.01,0.0,0.0,normal,normal,alta,20,historico dia_util,2.0
I14JC024663T,18,,dia_util,0.0,0.0,0.01,0.0,0.0,normal,normal,alta,20,historico dia_util,2.0
I14JC024663T,19,,dia_util,0.0,0.0,0.01,0.0,0.0,normal,normal,alta,20,historico dia_util,2.0
I14JC024663T,20,,dia_util,0.0,0.0,0.01,0.0,0.0,normal,normal,alta,20,historico dia_util,2.0
I14JC024663T,21,,dia_util,0.0,0.0,0.01,0.0,0.0,normal,normal,alta,20,historico dia_util,2.0
I14JC024663T,22,,dia_util,0.0,0.0,0.01,0.0,0.0,normal,normal,alta,20,historico dia_util,2.0
I14JC024663T,23,,dia_util,0.0,0.0,0.01,0.0,0.0,normal,normal,alta,20,historico dia_util,2.0
I14JC024664U,0,,dia_util,0.0,0.0,0.01,0.0,0.0,normal,normal,alta,17,historico dia_util,2.0
I14JC024664U,1,,dia_util,0.0,0.0,0.01,0.0,0.0,normal,normal,alta,17,historico dia_util,2.0
I14JC024664U,2,,dia_util,0.0,0.0,0.01,0.0,0.0,normal,normal,alta,17,historico dia_util,2.0
I14JC024664U,11,,dia_util,0.0,0.0,0.01,0.0,0.0,normal,normal,alta,12,historico dia_util,2.0
I14JC024664U,12,,dia_util,0.0,0.0,0.01,0.0,0.0,normal,normal,alta,12,historico dia_util,2.0
I14JC024664U,13,,dia_util,0.0,0.0,0.01,0.0,0.0,normal,normal,alta,12,historico dia_util,2.0
I14JC024664U,14,,dia_util,0.0,0.0,0.01,0.0,0.0,normal,normal,alta,12,historico dia_util,2.0
I14JC024664U,15,,dia_util,0.0,0.0,0.01,0.0,0.0,normal,normal,alta,14,historico dia_util,2.0
I14JC024664U,16,,dia_util,0.0,0.0,0.01,0.0,0.0,normal,normal,alta,14,historico dia_util,2.0
I14JC024664U,17,,dia_util,0.0,0.0,0.01,0.0,0.0,normal,normal,alta,14,historico dia_util,2.0
I14JC024664U,18,,dia_util,0.0,0.0,0.01,0.0,0.0,normal,normal,alta,14,historico dia_util,2.0
I14JC024664U,23,,dia_util,0.0,0.0,0.01,0.0,0.0,normal,normal,alta,17,historico dia_util,2.0
I14JC025288,4,,dia_util,0.0,0.0,0.01,0.0,0.0,normal,normal,alta,20,historico dia_util,2.0
I14JC025288,5,,dia_util,0.0,0.0,0.01,0.0,0.0,normal,normal,alta,20,historico dia_util,2.0
I14JC025288,6,,dia_util,0.0,0.0,0.01,0.0,0.0,normal,normal,alta,20,historico dia_util,2.0
I14JC025288,7,,dia_util,0.0,0.0,0.01,0.0,0.0,normal,normal,alta,20,historico dia_util,2.0
I14JC025288,8,,dia_util,0.0,0.0,0.01,0.0,0.0,normal,normal,alta,19,historico dia_util,2.0
I14JC025288,9,,dia_util,0.0,0.0,0.01,0.0,0.0,normal,normal,alta,19,historico dia_util,2.0
I14JC025288,10,,dia_util,0.0,0.0,0.01,0.0,0.0,normal,normal,alta,19,historico dia_util,2.0
I14JC025288,11,,dia_util,0.0,0.0,0.01,0.0,0.0,normal,normal,alta,19,historico dia_util,2.0
I14JC025288,12,,dia_util,0.0,0.0,0.01,0.0,0.0,normal,normal,alta,16,historico dia_util,2.0
I14JC025288,13,,dia_util,0.0,0.0,0.01,0.0,0.0,normal,normal,alta,16,historico dia_util,2.0
I14JC025288,14,,dia_util,0.0,0.0,0.01,0.0,0.0,normal,normal,alta,16,historico dia_util,2.0
I14JC025288,15,,dia_util,0.0,0.0,0.01,0.0,0.0,normal,normal,alta,16,historico dia_util,2.0
I14JC025288,16,,dia_util,0.0,0.0,0.01,0.0,0.0,normal,normal,alta,19,historico dia_util,2.0
I14JC025288,17,,dia_util,0.0,0.0,0.01,0.0,0.0,normal,normal,alta,19,historico dia_util,2.0
I14JC025288,18,,dia_util,0.0,0.0,0.01,0.0,0.0,normal,normal,alta,19,historico dia_util,2.0
I14JC025288,19,,dia_util,0.0,0.0,0.01,0.0,0.0,normal,normal,alta,19,historico dia_util,2.0
I14JC025288,20,,dia_util,0.0,0.0,0.01,0.0,0.0,normal,normal,alta,18,historico dia_util,2.0
I14JC025288,21,,dia_util,0.0,0.0,0.01,0.0,0.0,normal,normal,alta,18,historico dia_util,2.0
I14JC025288,22,,dia_util,0.0,0.0,0.01,0.0,0.0,normal,normal,alta,18,historico dia_util,2.0
I14JC025288,23,,dia_util,0.0,0.0,0.01,0.0,0.0,normal,normal,alta,18,historico dia_util,2.0
I14JC032911,0,,dia_util,0.0,0.0,0.01,0.0,0.0,normal,normal,alta,18,historico dia_util,2.0
I14JC032911,1,,dia_util,0.0,0.0,0.01,0.0,0.0,normal,normal,alta,18,historico dia_util,2.0
I14JC032911,2,,dia_util,0.0,0.0,0.01,0.0,0.0,normal,normal,alta,18,historico dia_util,2.0
I14JC032911,3,,dia_util,0.0,0.0,0.01,0.0,0.0,normal,normal,alta,18,historico dia_util,2.0
I14JC032911,4,,dia_util,0.0,0.0,0.01,0.0,0.0,normal,normal,alta,20,historico dia_util,2.0
I14JC032911,5,,dia_util,0.0,0.0,0.01,0.0,0.0,normal,normal,alta,20,historico dia_util,2.0
I14JC032911,6,,dia_util,0.0,0.0,0.01,0.0,0.0,normal,normal,alta,20,historico dia_util,2.0
I14JC032911,7,,dia_util,0.0,0.0,0.01,0.0,0.0,normal,normal,alta,20,historico dia_util,2.0
I14JC032911,8,,dia_util,0.0,0.0,0.01,0.0,0.0,normal,normal,alta,19,historico dia_util,2.0
I14JC032911,9,,dia_util,0.0,0.0,0.01,0.0,0.0,normal,normal,alta,19,historico dia_util,2.0
I14JC032911,10,,dia_util,0.0,0.0,0.01,0.0,0.0,normal,normal,alta,19,historico dia_util,2.0
I14JC032911,11,,dia_util,0.0,0.0,0.01,0.0,0.0,normal,normal,alta,19,historico dia_util,2.0
I14JC032911,12,,dia_util,0.0,0.0,0.01,0.0,0.0,normal,normal,alta,19,historico dia_util,2.0
I14JC032911,13,,dia_util,0.0,0.0,0.01,0.0,0.0,normal,normal,alta,19,historico dia_util,2.0
I14JC032911,14,,dia_util,0.0,0.0,0.01,0.0,0.0,normal,normal,alta,19,historico dia_util,2.0
I14JC032911,15,,dia_util,0.0,0.0,0.01,0.0,0.0,normal,normal,alta,19,historico dia_util,2.0
I14JC032911,16,,dia_util,0.0,0.0,0.01,0.0,0.0,normal,normal,alta,20,historico dia_util,2.0
I14JC032911,17,,dia_util,0.0,0.0,0.01,0.0,0.0,normal,normal,alta,20,historico dia_util,2.0
I14JC032911,18,,dia_util,0.0,0.0,0.01,0.0,0.0,normal,normal,alta,20,historico dia_util,2.0
I14JC032911,19,,dia_util,0.0,0.0,0.01,0.0,0.0,normal,normal,alta,20,historico dia_util,2.0
I14JC032911,20,,dia_util,0.0,0.0,0.01,0.0,0.0,normal,normal,alta,20,historico dia_util,2.0
I14JC032911,21,,dia_util,0.0,0.0,0.01,0.0,0.0,normal,normal,alta,20,historico dia_util,2.0
I14JC032911,22,,dia_util,0.0,0.0,0.01,0.0,0.0,normal,normal,alta,20,historico dia_util,2.0
I14JC032911,23,,dia_util,0.0,0.0,0.01,0.0,0.0,normal,normal,alta,20,historico dia_util,2.0
I14JE002614G,0,,dia_util,0.0,0.0,0.01,0.0,0.0,normal,normal,alta,20,historico dia_util,2.0
I14JE002614G,1,,dia_util,0.0,0.0,0.01,0.0,0.0,normal,normal,alta,20,historico dia_util,2.0
I14JE002614G,2,,dia_util,0.0,0.0,0.01,0.0,0.0,normal,normal,alta,20,historico dia_util,2.0
I14JE002614G,3,,dia_util,0.0,0.0,0.01,0.0,0.0,normal,normal,alta,20,historico dia_util,2.0
I14JE002614G,4,,dia_util,0.0,0.0,0.01,0.0,0.0,normal,normal,alta,20,historico dia_util,2.0
I14JE002614G,5,,dia_util,0.0,0.0,0.01,0.0,0.0,normal,normal,alta,20,historico dia_util,2.0
I14JE002614G,6,,dia_util,0.0,0.0,0.01,0.0,0.0,normal,normal,alta,20,historico dia_util,2.0
I14JE002614G,7,,dia_util,0.0,0.0,0.01,0.0,0.0,normal,normal,alta,20,historico dia_util,2.0
I14JE002614G,8,,dia_util,0.0,0.0,0.01,0.0,0.0,normal,normal,alta,16,historico dia_util,2.0
I14JE002614G,9,,dia_util,0.0,0.0,0.01,0.0,0.0,normal,normal,alta,17,historico dia_util,2.0
I14JE002614G,10,,dia_util,0.0,0.0,0.01,0.0,0.0,normal,normal,alta,17,historico dia_util,2.0
I14JE002614G,11,,dia_util,0.0,0.0,0.01,0.0,0.0,normal,normal,alta,17,historico dia_util,2.0
I14JE002614G,12,,dia_util,0.0,0.0,0.01,0.0,0.0,normal,normal,alta,19,historico dia_util,2.0
I14JE002614G,13,,dia_util,0.0,0.0,0.01,0.0,0.0,normal,normal,alta,19,historico dia_util,2.0
I14JE002614G,14,,dia_util,0.0,0.0,0.01,0.0,0.0,normal,normal,alta,19,historico dia_util,2.0
I14JE002614G,15,,dia_util,0.0,0.0,0.01,0.0,0.0,normal,normal,alta,19,historico dia_util,2.0
I14JE002614G,16,,dia_util,0.0,0.0,0.01,0.0,0.0,normal,normal,alta,16,historico dia_util,2.0
I14JE002614G,17,,dia_util,0.0,0.0,0.01,0.0,0.0,normal,normal,alta,16,historico dia_util,2.0
I14JE002614G,18,,dia_util,0.0,0.0,0.01,0.0,0.0,normal,normal,alta,16,historico dia_util,2.0
I14JE002614G,19,,dia_util,0.0,0.0,0.01,0.0,0.0,normal,normal,alta,16,historico dia_util,2.0
I14JE002614G,20,,dia_util,0.0,0.0,0.01,0.0,0.0,normal,normal,alta,17,historico dia_util,2.0
I14JE002614G,21,,dia_util,0.0,0.0,0.01,0.0,0.0,normal,normal,alta,17,historico dia_util,2.0
I14JE002614G,22,,dia_util,0.0,0.0,0.01,0.0,0.0,normal,normal,alta,17,historico dia_util,2.0
I14JE002614G,23,,dia_util,0.0,0.0,0.01,0.0,0.0,normal,normal,alta,17,historico dia_util,2.0
I14JE002622G,0,,dia_util,0.0,0.0,0.01,0.0,0.0,normal,normal,alta,20,historico dia_util,2.0
I14JE002622G,1,,dia_util,0.0,0.0,0.01,0.0,0.0,normal,normal,alta,20,historico dia_util,2.0
I14JE002622G,2,,dia_util,0.0,0.0,0.01,0.0,0.0,normal,normal,alta,20,historico dia_util,2.0
I14JE002622G,3,,dia_util,0.0,0.0,0.01,0.0,0.0,normal,normal,alta,20,historico dia_util,2.0
I14JE002622G,4,,dia_util,0.0,0.0,0.01,0.0,0.0,normal,normal,alta,20,historico dia_util,2.0
I14JE002622G,5,,dia_util,0.0,0.0,0.01,0.0,0.0,normal,normal,alta,20,historico dia_util,2.0
I14JE002622G,6,,dia_util,0.0,0.0,0.01,0.0,0.0,normal,normal,alta,20,historico dia_util,2.0
I14JE002622G,7,,dia_util,0.083,0.0847,0.052,-0.03,-0.03,normal,normal,alta,20,historico dia_util,2.0
I14JE002622G,8,,dia_util,0.442,0.3906,0.1513,0.34,0.34,normal,normal,alta,20,historico dia_util,2.0
I14JE002622G,9,,dia_util,0.253,0.3849,0.1115,-1.18,-1.18,normal,normal,alta,20,historico dia_util,2.0
I14JE002622G,10,,dia_util,0.706,0.6305,0.1927,0.39,0.39,normal,normal,alta,20,historico dia_util,2.0
I14JE002622G,11,,dia_util,1.421,1.2062,0.3016,0.71,0.71,normal,normal,alta,20,historico dia_util,2.0
I14JE002622G,12,,dia_util,0.748,0.7387,0.1847,0.05,0.05,normal,normal,alta,20,historico dia_util,2.0
I14JE002622G,13,,dia_util,0.649,0.6289,0.1651,0.12,0.12,normal,normal,alta,20,historico dia_util,2.0
I14JE002622G,14,,dia_util,0.721,0.7167,0.1792,0.02,0.02,normal,normal,alta,20,historico dia_util,2.0
I14JE002622G,15,,dia_util,0.454,0.498,0.1419,-0.31,-0.31,normal,normal,alta,20,historico dia_util,2.0
I14JE002622G,16,,dia_util,0.421,0.4292,0.1285,-0.06,-0.06,normal,normal,alta,19,historico dia_util,2.0
I14JE002622G,17,,dia_util,0.24,0.1914,0.0956,0.51,0.51,normal,normal,alta,20,historico dia_util,2.0
I14JE002622G,18,,dia_util,0.127,0.1965,0.0617,-1.13,-1.13,normal,normal,alta,20,historico dia_util,2.0
I14JE002622G,19,,dia_util,0.007,0.0196,0.0531,-0.24,-0.24,normal,normal,alta,20,historico dia_util,2.0
I14JE002622G,20,,dia_util,0.0,0.0,0.01,0.0,0.0,normal,normal,alta,20,historico dia_util,2.0
I14JE002622G,21,,dia_util,0.05,0.009,0.0213,1.92,1.92,normal,normal,alta,20,historico dia_util,2.0
I14JE002622G,22,,dia_util,0.051,0.008,0.0185,2.33,2.33,desvio,acima,alta,20,historico dia_util,2.0
I14JE002622G,23,,dia_util,0.0,0.0,0.01,0.0,0.0,normal,normal,alta,20,historico dia_util,2.0
I15JC065279,0,,dia_util,0.0,0.0,0.01,0.0,0.0,normal,normal,alta,20,historico dia_util,2.0
I15JC065279,1,,dia_util,0.0,0.0,0.01,0.0,0.0,normal,normal,alta,18,historico dia_util,2.0
I15JC065279,2,,dia_util,0.0,0.0,0.01,0.0,0.0,normal,normal,alta,18,historico dia_util,2.0
I15JC065279,3,,dia_util,0.0,0.0,0.01,0.0,0.0,normal,normal,alta,18,historico dia_util,2.0
I15JC065279,4,,dia_util,0.0,0.0,0.01,0.0,0.0,normal,normal,alta,18,historico dia_util,2.0
I15JC065279,5,,dia_util,0.0,0.0,0.01,0.0,0.0,normal,normal,alta,19,historico dia_util,2.0
I15JC065279,6,,dia_util,0.0,0.0,0.01,0.0,0.0,normal,normal,alta,19,historico dia_util,2.0
I15JC065279,7,,dia_util,0.0,0.0,0.01,0.0,0.0,normal,normal,alta,19,historico dia_util,2.0
I15JC065279,8,,dia_util,0.0,0.0,0.01,0.0,0.0,normal,normal,alta,19,historico dia_util,2.0
I15JC065279,9,,dia_util,0.0,0.0,0.01,0.0,0.0,normal,normal,alta,19,historico dia_util,2.0
I15JC065279,10,,dia_util,0.0,0.0,0.01,0.0,0.0,normal,normal,alta,19,historico dia_util,2.0
I15JC065279,11,,dia_util,0.0,0.0,0.01,0.0,0.0,normal,normal,alta,19,historico dia_util,2.0
I15JC065279,12,,dia_util,0.0,0.0,0.01,0.0,0.0,normal,normal,alta,19,historico dia_util,2.0
I15JC065279,13,,dia_util,0.0,0.0,0.01,0.0,0.0,normal,normal,alta,20,historico dia_util,2.0
I15JC065279,14,,dia_util,0.0,0.0,0.01,0.0,0.0,normal,normal,alta,20,historico dia_util,2.0
I15JC065279,15,,dia_util,0.0,0.0,0.01,0.0,0.0,normal,normal,alta,20,historico dia_util,2.0
I15JC065279,16,,dia_util,0.0,0.0,0.01,0.0,0.0,normal,normal,alta,20,historico dia_util,2.0
I15JC065279,17,,dia_util,0.0,0.0,0.01,0.0,0.0,normal,normal,alta,20,historico dia_util,2.0
I15JC065279,18,,dia_util,0.0,0.0,0.01,0.0,0.0,normal,normal,alta,20,historico dia_util,2.0
I15JC065279,19,,dia_util,0.0,0.0,0.01,0.0,0.0,normal,normal,alta,20,historico dia_util,2.0
I15JC065279,20,,dia_util,0.0,0.0,0.01,0.0,0.0,normal,normal,alta,19,historico dia_util,2.0
I15JC065279,21,,dia_util,0.0,0.0,0.01,0.0,0.0,normal,normal,alta,20,historico dia_util,2.0
I15JC065279,22,,dia_util,0.0,0.0,0.01,0.0,0.0,normal,normal,alta,20,historico dia_util,2.0
I15JC065279,23,,dia_util,0.0,0.0,0.01,0.0,0.0,normal,normal,alta,20,historico dia_util,2.0
I16JC097380,0,,dia_util,0.0,0.0,0.01,0.0,0.0,normal,normal,alta,18,historico dia_util,2.0
I16JC097380,1,,dia_util,0.0,0.0,0.01,0.0,0.0,normal,normal,alta,18,historico dia_util,2.0
I16JC097380,2,,dia_util,0.0,0.0,0.01,0.0,0.0,normal,normal,alta,18,historico dia_util,2.0
I16JC097380,3,,dia_util,0.0,0.0,0.01,0.0,0.0,normal,normal,alta,19,historico dia_util,2.0
I16JC097380,4,,dia_util,0.0,0.0,0.01,0.0,0.0,normal,normal,alta,19,historico dia_util,2.0
I16JC097380,5,,dia_util,0.0,0.0,0.01,0.0,0.0,normal,normal,alta,19,historico dia_util,2.0
I16JC097380,6,,dia_util,0.0,0.0,0.01,0.0,0.0,normal,normal,alta,16,historico dia_util,2.0
I16JC097380,7,,dia_util,0.0,0.0,0.01,0.0,0.0,normal,normal,alta,16,historico dia_util,2.0
I16JC097380,8,,dia_util,0.0,0.0,0.01,0.0,0.0,normal,normal,alta,16,historico dia_util,2.0
I16JC097380,9,,dia_util,0.0,0.0,0.01,0.0,0.0,normal,normal,alta,16,historico dia_util,2.0
I16JC097380,14,,dia_util,0.0,0.0,0.01,0.0,0.0,normal,normal,alta,20,historico dia_util,2.0
I16JC097380,15,,dia_util,0.0,0.0,0.01,0.0,0.0,normal,normal,alta,20,historico dia_util,2.0
I16JC097380,16,,dia_util,0.0,0.0,0.01,0.0,0.0,normal,normal,alta,20,historico dia_util,2.0
I16JC097380,17,,dia_util,0.0,0.0,0.01,0.0,0.0,normal,normal,alta,20,historico dia_util,2.0
I16JC098524,0,,dia_util,0.0,0.0012,0.01,-0.12,-0.12,normal,normal,alta,20,historico dia_util,2.0
I16JC098524,1,,dia_util,0.0,0.0011,0.01,-0.11,-0.11,normal,normal,alta,20,historico dia_util,2.0
I16JC098524,2,,dia_util,0.0,0.0008,0.01,-0.07,-0.07,normal,normal,alta,20,historico dia_util,2.0
I16JC098524,3,,dia_util,0.0,0.0006,0.01,-0.07,-0.07,normal,normal,alta,20,historico dia_util,2.0
I16JC098524,4,,dia_util,0.0,0.0005,0.01,-0.05,-0.05,normal,normal,alta,20,historico dia_util,2.0
I16JC098524,5,,dia_util,0.0,0.0006,0.01,-0.06,-0.06,normal,normal,alta,20,historico dia_util,2.0
I16JC098524,6,,dia_util,0.0,0.0007,0.01,-0.07,-0.07,normal,normal,alta,20,historico dia_util,2.0
I16JC098524,7,,dia_util,0.043,0.0815,0.0581,-0.66,-0.66,normal,normal,alta,20,historico dia_util,2.0
I16JC098524,8,,dia_util,0.194,0.1275,0.0363,1.83,1.83,normal,normal,alta,20,historico dia_util,2.0
I16JC098524,9,,dia_util,0.138,0.1552,0.0388,-0.44,-0.44,normal,normal,alta,20,historico dia_util,2.0
I16JC098524,10,,dia_util,0.151,0.1653,0.0413,-0.35,-0.35,normal,normal,alta,20,historico dia_util,2.0
I16JC098524,11,,dia_util,0.161,0.1806,0.0452,-0.43,-0.43,normal,normal,alta,20,historico dia_util,2.0
I16JC098524,12,,dia_util,0.098,0.1895,0.0474,-1.93,-1.93,normal,normal,alta,20,historico dia_util,2.0
I16JC098524,13,,dia_util,0.427,0.242,0.0605,3.06,3.06,desvio,acima,alta,20,historico dia_util,2.0
I16JC098524,14,,dia_util,0.253,0.2709,0.1284,-0.14,-0.14,normal,normal,alta,20,historico dia_util,2.0
I16JC098524,15,,dia_util,0.224,0.2371,0.1334,-0.1,-0.1,normal,normal,alta,20,historico dia_util,2.0
I16JC098524,16,,dia_util,0.168,0.1487,0.0489,0.39,0.39,normal,normal,alta,20,historico dia_util,2.0
I16JC098524,17,,dia_util,0.071,0.135,0.0397,-1.61,-1.61,normal,normal,alta,20,historico dia_util,2.0
I16JC098524,18,,dia_util,0.147,0.0905,0.0255,2.22,2.22,desvio,acima,alta,20,historico dia_util,2.0
I16JC098524,19,,dia_util,0.08,0.1292,0.1364,-0.36,-0.36,normal,normal,alta,20,historico dia_util,2.0
I16JC098524,20,,dia_util,0.059,0.0757,0.0542,-0.31,-0.31,normal,normal,alta,20,historico dia_util,2.0
I16JC098524,21,,dia_util,0.0,0.0016,0.01,-0.17,-0.17,normal,normal,alta,20,historico dia_util,2.0
I16JC098524,22,,dia_util,0.0,0.0016,0.01,-0.16,-0.16,normal,normal,alta,20,historico dia_util,2.0
I16JC098524,23,,dia_util,0.0,0.0015,0.01,-0.15,-0.15,normal,normal,alta,20,historico dia_util,2.0
I16JC098541,0,,dia_util,0.0,0.0,0.01,0.0,0.0,normal,normal,alta,17,historico dia_util,2.0
I16JC098541,1,,dia_util,0.0,0.0,0.01,0.0,0.0,normal,normal,alta,20,historico dia_util,2.0
I16JC098541,2,,dia_util,0.0,0.0,0.01,0.0,0.0,normal,normal,alta,20,historico dia_util,2.0
I16JC098541,3,,dia_util,0.0,0.0,0.01,0.0,0.0,normal,normal,alta,20,historico dia_util,2.0
I16JC098541,4,,dia_util,0.0,0.0,0.01,0.0,0.0,normal,normal,alta,20,historico dia_util,2.0
I16JC098541,5,,dia_util,0.0,0.0,0.01,0.0,0.0,normal,normal,alta,20,historico dia_util,2.0
I16JC098541,6,,dia_util,0.0,0.0,0.01,0.0,0.0,normal,normal,alta,20,historico dia_util,2.0
I16JC098541,7,,dia_util,0.0,0.0,0.01,0.0,0.0,normal,normal,alta,20,historico dia_util,2.0
I16JC098541,8,,dia_util,0.0,0.0,0.01,0.0,0.0,normal,normal,alta,20,historico dia_util,2.0
I16JC098541,9,,dia_util,0.0,0.0,0.01,0.0,0.0,normal,normal,alta,19,historico dia_util,2.0
I16JC098541,10,,dia_util,0.0,0.0,0.01,0.0,0.0,normal,normal,alta,19,historico dia_util,2.0
I16JC098541,11,,dia_util,0.0,0.0,0.01,0.0,0.0,normal,normal,alta,19,historico dia_util,2.0
I16JC098541,12,,dia_util,0.0,0.0,0.01,0.0,0.0,normal,normal,alta,19,historico dia_util,2.0
I16JC098541,13,,dia_util,0.0,0.0,0.01,0.0,0.0,normal,normal,alta,19,historico dia_util,2.0
I16JC098541,14,,dia_util,0.0,0.0,0.01,0.0,0.0,normal,normal,alta,19,historico dia_util,2.0
I16JC098541,15,,dia_util,0.0,0.0,0.01,0.0,0.0,normal,normal,alta,19,historico dia_util,2.0
I16JC098541,16,,dia_util,0.0,0.0,0.01,0.0,0.0,normal,normal,alta,19,historico dia_util,2.0
I16JC098541,17,,dia_util,0.0,0.0,0.01,0.0,0.0,normal,normal,alta,19,historico dia_util,2.0
I16JC098541,18,,dia_util,0.0,0.0,0.01,0.0,0.0,normal,normal,alta,19,historico dia_util,2.0
I16JC098541,19,,dia_util,0.0,0.0,0.01,0.0,0.0,normal,normal,alta,19,historico dia_util,2.0
I16JC098541,20,,dia_util,0.0,0.0,0.01,0.0,0.0,normal,normal,alta,19,historico dia_util,2.0
I17JC061030,0,,dia_util,0.0,0.0,0.01,0.0,0.0,normal,normal,alta,18,historico dia_util,2.0
I17JC061030,1,,dia_util,0.0,0.0,0.01,0.0,0.0,normal,normal,alta,19,historico dia_util,2.0
I17JC061030,2,,dia_util,0.0,0.0,0.01,0.0,0.0,normal,normal,alta,19,historico dia_util,2.0
I17JC061030,3,,dia_util,0.0,0.0,0.01,0.0,0.0,normal,normal,alta,19,historico dia_util,2.0
I17JC061030,4,,dia_util,0.0,0.0,0.01,0.0,0.0,normal,normal,alta,19,historico dia_util,2.0
I17JC061030,5,,dia_util,0.0,0.0,0.01,0.0,0.0,normal,normal,alta,17,historico dia_util,2.0
I17JC061030,6,,dia_util,0.0,0.0,0.01,0.0,0.0,normal,normal,alta,17,historico dia_util,2.0
I17JC061030,7,,dia_util,0.0,0.0,0.01,0.0,0.0,normal,normal,alta,17,historico dia_util,2.0
I17JC061030,8,,dia_util,0.0,0.0,0.01,0.0,0.0,normal,normal,alta,17,historico dia_util,2.0
I17JC061030,9,,dia_util,0.0,0.0,0.01,0.0,0.0,normal,normal,alta,18,historico dia_util,2.0
I17JC061030,10,,dia_util,0.0,0.0,0.01,0.0,0.0,normal,normal,alta,18,historico dia_util,2.0
I17JC061030,11,,dia_util,0.0,0.0,0.01,0.0,0.0,normal,normal,alta,18,historico dia_util,2.0
I17JC061030,12,,dia_util,0.0,0.0,0.01,0.0,0.0,normal,normal,alta,18,historico dia_util,2.0
I17JC061030,13,,dia_util,0.0,0.0,0.01,0.0,0.0,normal,normal,alta,18,historico dia_util,2.0
I17JC061030,14,,dia_util,0.0,0.0,0.01,0.0,0.0,normal,normal,alta,18,historico dia_util,2.0
I17JC061030,15,,dia_util,0.0,0.0,0.01,0.0,0.0,normal,normal,alta,18,historico dia_util,2.0
I17JC061030,16,,dia_util,0.0,0.0,0.01,0.0,0.0,normal,normal,alta,18,historico dia_util,2.0
I17JC061030,17,,dia_util,0.0,0.0,0.01,0.0,0.0,normal,normal,alta,20,historico dia_util,2.0
I17JC061030,18,,dia_util,0.0,0.0,0.01,0.0,0.0,normal,normal,alta,20,historico dia_util,2.0
I17JC061030,19,,dia_util,0.0,0.0,0.01,0.0,0.0,normal,normal,alta,20,historico dia_util,2.0
I17JC061030,20,,dia_util,0.0,0.0,0.01,0.0,0.0,normal,normal,alta,20,historico dia_util,2.0
I17JC061030,21,,dia_util,0.0,0.0,0.01,0.0,0.0,normal,normal,alta,17,historico dia_util,2.0
I17JC061030,22,,dia_util,0.0,0.0,0.01,0.0,0.0,normal,normal,alta,17,historico dia_util,2.0
I17JC061030,23,,dia_util,0.0,0.0,0.01,0.0,0.0,normal,normal,alta,17,historico dia_util,2.0
I17JC061031,0,,dia_util,0.0,0.0,0.01,0.0,0.0,normal,normal,alta,15,historico dia_util,2.0
I17JC061031,1,,dia_util,0.0,0.0,0.01,0.0,0.0,normal,normal,alta,15,historico dia_util,2.0
I17JC061031,2,,dia_util,0.0,0.0,0.01,0.0,0.0,normal,normal,alta,15,historico dia_util,2.0
I17JC061031,7,,dia_util,0.0,0.0,0.01,0.0,0.0,normal,normal,alta,19,historico dia_util,2.0
I17JC061031,8,,dia_util,0.0,0.0,0.01,0.0,0.0,normal,normal,alta,19,historico dia_util,2.0
I17JC061031,9,,dia_util,0.0,0.0,0.01,0.0,0.0,normal,normal,alta,19,historico dia_util,2.0
I17JC061031,10,,dia_util,0.0,0.0,0.01,0.0,0.0,normal,normal,alta,19,historico dia_util,2.0
I17JC061031,11,,dia_util,0.0,0.0,0.01,0.0,0.0,normal,normal,alta,16,historico dia_util,2.0
I17JC061031,12,,dia_util,0.0,0.0,0.01,0.0,0.0,normal,normal,alta,16,historico dia_util,2.0
I17JC061031,13,,dia_util,0.0,0.0,0.01,0.0,0.0,normal,normal,alta,16,historico dia_util,2.0
I17JC061031,14,,dia_util,0.0,0.0,0.01,0.0,0.0,normal,normal,alta,16,historico dia_util,2.0
I17JC061031,19,,dia_util,0.0,0.0,0.01,0.0,0.0,normal,normal,alta,19,historico dia_util,2.0
I17JC061031,20,,dia_util,0.0,0.0,0.01,0.0,0.0,normal,normal,alta,19,historico dia_util,2.0
I17JC061031,21,,dia_util,0.0,0.0,0.01,0.0,0.0,normal,normal,alta,19,historico dia_util,2.0
I17JC061031,22,,dia_util,0.0,0.0,0.01,0.0,0.0,normal,normal,alta,19,historico dia_util,2.0
I17JC061031,23,,dia_util,0.0,0.0,0.01,0.0,0.0,normal,normal,alta,16,historico dia_util,2.0
I17JC061038,4,,dia_util,0.0,0.0,0.01,0.0,0.0,normal,normal,alta,18,historico dia_util,2.0
I17JC061038,5,,dia_util,0.0,0.0,0.01,0.0,0.0,normal,normal,alta,18,historico dia_util,2.0
I17JC061038,6,,dia_util,0.0,0.0,0.01,0.0,0.0,normal,normal,alta,18,historico dia_util,2.0
I17JC061038,7,,dia_util,0.0,0.0,0.01,0.0,0.0,normal,normal,alta,15,historico dia_util,2.0
I17JC061038,8,,dia_util,0.0,0.0,0.01,0.0,0.0,normal,normal,alta,17,historico dia_util,2.0
I17JC061038,9,,dia_util,0.0,0.0,0.01,0.0,0.0,normal,normal,alta,17,historico dia_util,2.0
I17JC061038,10,,dia_util,0.0,0.0,0.01,0.0,0.0,normal,normal,alta,17,historico dia_util,2.0
I17JC061038,11,,dia_util,0.0,0.0,0.01,0.0,0.0,normal,normal,alta,17,historico dia_util,2.0
I17JC061038,12,,dia_util,0.0,0.0,0.01,0.0,0.0,normal,normal,alta,15,historico dia_util,2.0
I17JC061038,13,,dia_util,0.0,0.0,0.01,0.0,0.0,normal,normal,alta,15,historico dia_util,2.0
I17JC061038,14,,dia_util,0.0,0.0,0.01,0.0,0.0,normal,normal,alta,15,historico dia_util,2.0
I17JC061038,15,,dia_util,0.0,0.0,0.01,0.0,0.0,normal,normal,alta,16,historico dia_util,2.0
I17JC061038,16,,dia_util,0.0,0.0,0.01,0.0,0.0,normal,normal,alta,16,historico dia_util,2.0
I17JC061038,17,,dia_util,0.0,0.0,0.01,0.0,0.0,normal,normal,alta,16,historico dia_util,2.0
I17JC061038,18,,dia_util,0.0,0.0,0.01,0.0,0.0,normal,normal,alta,16,historico dia_util,2.0
I17JC061038,19,,dia_util,0.0,0.0,0.01,0.0,0.0,normal,normal,alta,11,historico dia_util,2.0
I17JC061038,20,,dia_util,0.0,0.0,0.01,0.0,0.0,normal,normal,alta,15,historico dia_util,2.0
I17JC061038,21,,dia_util,0.0,0.0,0.01,0.0,0.0,normal,normal,alta,15,historico dia_util,2.0
I17JC061038,22,,dia_util,0.0,0.0,0.01,0.0,0.0,normal,normal,alta,15,historico dia_util,2.0
I17JE060870R,0,,dia_util,0.0,0.0063,0.0195,-0.32,-0.32,normal,normal,alta,20,historico dia_util,2.0
I17JE060870R,1,,dia_util,0.006,0.0307,0.0401,-0.62,-0.62,normal,normal,alta,20,historico dia_util,2.0
I17JE060870R,2,,dia_util,0.0,0.0063,0.0193,-0.33,-0.33,normal,normal,alta,20,historico dia_util,2.0
I17JE060870R,3,,dia_util,0.0,0.0061,0.0184,-0.33,-0.33,normal,normal,alta,19,historico dia_util,2.0
I17JE060870R,4,,dia_util,0.0,0.0057,0.0174,-0.33,-0.33,normal,normal,alta,20,historico dia_util,2.0
I17JE060870R,5,,dia_util,0.0,0.0056,0.0172,-0.32,-0.32,normal,normal,alta,20,historico dia_util,2.0
I17JE060870R,6,,dia_util,0.016,0.0204,0.0191,-0.23,-0.23,normal,normal,alta,20,historico dia_util,2.0
I17JE060870R,7,,dia_util,0.0,0.0056,0.0149,-0.37,-0.37,normal,normal,alta,20,historico dia_util,2.0
I17JE060870R,8,,dia_util,0.008,0.0065,0.01,0.16,0.16,normal,normal,alta,20,historico dia_util,2.0
I17JE060870R,9,,dia_util,0.098,0.091,0.0492,0.14,0.14,normal,normal,alta,20,historico dia_util,2.0
I17JE060870R,10,,dia_util,0.013,0.0442,0.0677,-0.46,-0.46,normal,normal,alta,20,historico dia_util,2.0
I17JE060870R,11,,dia_util,0.014,0.0287,0.0683,-0.21,-0.21,normal,normal,alta,20,historico dia_util,2.0
I17JE060870R,12,,dia_util,0.015,0.0451,0.0624,-0.48,-0.48,normal,normal,alta,20,historico dia_util,2.0
I17JE060870R,13,,dia_util,0.053,0.0819,0.0686,-0.42,-0.42,normal,normal,alta,20,historico dia_util,2.0
I17JE060870R,14,,dia_util,0.0,0.0255,0.0674,-0.38,-0.38,normal,normal,alta,20,historico dia_util,2.0
I17JE060870R,15,,dia_util,0.015,0.0279,0.0687,-0.19,-0.19,normal,normal,alta,20,historico dia_util,2.0
I17JE060870R,16,,dia_util,0.009,0.028,0.0673,-0.28,-0.28,normal,normal,alta,20,historico dia_util,2.0
I17JE060870R,17,,dia_util,0.019,0.0352,0.1011,-0.16,-0.16,normal,normal,alta,20,historico dia_util,2.0
I17JE060870R,18,,dia_util,0.037,0.0131,0.01,2.4,2.4,desvio,acima,alta,20,historico dia_util,2.0
I17JE060870R,19,,dia_util,0.269,0.0377,0.04,5.78,5.78,desvio,acima,alta,20,historico dia_util,2.0
I17JE060870R,20,,dia_util,0.0,0.0068,0.0194,-0.35,-0.35,normal,normal,alta,20,historico dia_util,2.0
I17JE060870R,21,,dia_util,0.011,0.0086,0.0178,0.13,0.13,normal,normal,alta,20,historico dia_util,2.0
I17JE060870R,22,,dia_util,0.003,0.0047,0.0169,-0.1,-0.1,normal,normal,alta,20,historico dia_util,2.0
I17JE060870R,23,,dia_util,0.0,0.0048,0.017,-0.28,-0.28,normal,normal,alta,20,historico dia_util,2.0
I17JE060874,0,,dia_util,0.002,0.0031,0.01,-0.11,-0.11,normal,normal,alta,15,historico dia_util,2.0
I17JE060874,1,,dia_util,0.002,0.0022,0.01,-0.02,-0.02,normal,normal,alta,15,historico dia_util,2.0
I17JE060874,2,,dia_util,0.001,0.0012,0.01,-0.02,-0.02,normal,normal,alta,15,historico dia_util,2.0
I17JE060874,3,,dia_util,0.002,0.0032,0.01,-0.12,-0.12,normal,normal,alta,19,historico dia_util,2.0
I17JE060874,4,,dia_util,0.0,0.0021,0.01,-0.21,-0.21,normal,normal,alta,20,historico dia_util,2.0
I17JE060874,5,,dia_util,0.001,0.0013,0.01,-0.03,-0.03,normal,normal,alta,20,historico dia_util,2.0
I17JE060874,6,,dia_util,0.002,0.0015,0.01,0.05,0.05,normal,normal,alta,20,historico dia_util,2.0
I17JE060874,7,,dia_util,0.002,0.0019,0.01,0.01,0.01,normal,normal,alta,18,historico dia_util,2.0
I17JE060874,8,,dia_util,0.252,0.2169,0.0955,0.37,0.37,normal,normal,alta,18,historico dia_util,2.0
I17JE060874,9,,dia_util,0.183,0.2388,0.1702,-0.33,-0.33,normal,normal,alta,18,historico dia_util,2.0
I17JE060874,10,,dia_util,0.147,0.2879,0.1378,-1.02,-1.02,normal,normal,alta,18,historico dia_util,2.0
I17JE060874,11,,dia_util,0.927,1.0613,0.3565,-0.38,-0.38,normal,normal,alta,18,historico dia_util,2.0
I17JE060874,12,,dia_util,0.751,0.7301,0.1827,0.11,0.11,normal,normal,alta,18,historico dia_util,2.0
I17JE060874,13,,dia_util,0.808,0.7259,0.2751,0.3,0.3,normal,normal,alta,18,historico dia_util,2.0
I17JE060874,14,,dia_util,0.798,0.7832,0.2288,0.06,0.06,normal,normal,alta,18,historico dia_util,2.0
I17JE060874,15,,dia_util,0.581,0.5719,1.006,0.01,0.01,normal,normal,alta,20,historico dia_util,2.0
I17JE060874,16,,dia_util,0.467,0.3622,0.0905,1.16,1.16,normal,normal,alta,20,historico dia_util,2.0
I17JE060874,17,,dia_util,0.221,0.2354,0.0677,-0.21,-0.21,normal,normal,alta,20,historico dia_util,2.0
I17JE060874,18,,dia_util,0.19,0.1739,0.1198,0.13,0.13,normal,normal,alta,20,historico dia_util,2.0
I17JE060874,19,,dia_util,0.015,0.0539,0.0266,-1.46,-1.46,normal,normal,alta,18,historico dia_util,2.0
I17JE060874,20,,dia_util,0.002,0.0057,0.0112,-0.33,-0.33,normal,normal,alta,19,historico dia_util,2.0
I17JE060874,21,,dia_util,0.003,0.0032,0.01,-0.02,-0.02,normal,normal,alta,19,historico dia_util,2.0
I17JE060874,22,,dia_util,0.003,0.0036,0.01,-0.06,-0.06,normal,normal,alta,19,historico dia_util,2.0
I17JE060874,23,,dia_util,0.002,0.0125,0.0372,-0.28,-0.28,normal,normal,alta,17,historico dia_util,2.0
I17JE060876,0,,dia_util,0.01,0.0099,0.01,0.01,0.01,normal,normal,alta,20,historico dia_util,2.0
I17JE060876,1,,dia_util,0.01,0.0098,0.01,0.02,0.02,normal,normal,alta,20,historico dia_util,2.0
I17JE060876,2,,dia_util,0.01,0.01,0.01,0.0,0.0,normal,normal,alta,20,historico dia_util,2.0
I17JE060876,3,,dia_util,0.009,0.0098,0.01,-0.08,-0.08,normal,normal,alta,20,historico dia_util,2.0
I17JE060876,4,,dia_util,0.01,0.0099,0.01,0.01,0.01,normal,normal,alta,20,historico dia_util,2.0
I17JE060876,5,,dia_util,0.01,0.0099,0.01,0.01,0.01,normal,normal,alta,20,historico dia_util,2.0
I17JE060876,6,,dia_util,0.01,0.01,0.01,0.0,0.0,normal,normal,alta,20,historico dia_util,2.0
I17JE060876,7,,dia_util,0.213,0.1945,0.0632,0.29,0.29,normal,normal,alta,20,historico dia_util,2.0
I17JE060876,8,,dia_util,0.171,0.2478,0.0808,-0.95,-0.95,normal,normal,alta,20,historico dia_util,2.0
I17JE060876,9,,dia_util,0.167,0.2116,0.1321,-0.34,-0.34,normal,normal,alta,20,historico dia_util,2.0
I17JE060876,10,,dia_util,0.273,0.3058,0.1258,-0.26,-0.26,normal,normal,alta,20,historico dia_util,2.0
I17JE060876,11,,dia_util,0.51,0.5722,0.1431,-0.43,-0.43,normal,normal,alta,20,historico dia_util,2.0
I17JE060876,12,,dia_util,0.677,0.5932,0.1483,0.57,0.57,normal,normal,alta,20,historico dia_util,2.0
I17JE060876,13,,dia_util,0.51,0.4107,0.1027,0.97,0.97,normal,normal,alta,20,historico dia_util,2.0
I17JE060876,14,,dia_util,0.156,0.1837,0.0625,-0.44,-0.44,normal,normal,alta,20,historico dia_util,2.0
I17JE060876,15,,dia_util,0.594,0.4792,0.1198,0.96,0.96,normal,normal,alta,20,historico dia_util,2.0
I17JE060876,16,,dia_util,0.167,0.2306,0.0954,-0.67,-0.67,normal,normal,alta,19,historico dia_util,2.0
I17JE060876,17,,dia_util,0.075,0.0904,0.0474,-0.32,-0.32,normal,normal,alta,20,historico dia_util,2.0
I17JE060876,18,,dia_util,0.053,0.0477,0.0126,0.42,0.42,normal,normal,alta,20,historico dia_util,2.0
I17JE060876,19,,dia_util,0.02,0.0183,0.0133,0.13,0.13,normal,normal,alta,20,historico dia_util,2.0
I17JE060876,20,,dia_util,0.011,0.0119,0.01,-0.09,-0.09,normal,normal,alta,20,historico dia_util,2.0
I17JE060876,21,,dia_util,0.01,0.0115,0.01,-0.14,-0.14,normal,normal,alta,20,historico dia_util,2.0
I17JE060876,22,,dia_util,0.01,0.0104,0.01,-0.04,-0.04,normal,normal,alta,20,historico dia_util,2.0
I17JE060876,23,,dia_util,0.01,0.0103,0.01,-0.03,-0.03,normal,normal,alta,20,historico dia_util,2.0
I17JE060878,0,,dia_util,0.0,0.0,0.01,0.0,0.0,normal,normal,alta,20,historico dia_util,2.0
I17JE060878,1,,dia_util,0.0,0.0,0.01,0.0,0.0,normal,normal,alta,20,historico dia_util,2.0
I17JE060878,2,,dia_util,0.0,0.0,0.01,0.0,0.0,normal,normal,alta,20,historico dia_util,2.0
I17JE060878,3,,dia_util,0.0,0.0,0.01,0.0,0.0,normal,normal,alta,20,historico dia_util,2.0
I17JE060878,4,,dia_util,0.0,0.0,0.01,0.0,0.0,normal,normal,alta,20,historico dia_util,2.0
I17JE060878,5,,dia_util,0.0,0.0,0.01,0.0,0.0,normal,normal,alta,20,historico dia_util,2.0
I17JE060878,6,,dia_util,0.0,0.0001,0.01,-0.01,-0.01,normal,normal,alta,20,historico dia_util,2.0
I17JE060878,7,,dia_util,0.187,0.2305,0.067,-0.65,-0.65,normal,normal,alta,20,historico dia_util,2.0
I17JE060878,8,,dia_util,0.374,0.3865,0.1636,-0.08,-0.08,normal,normal,alta,20,historico dia_util,2.0
I17JE060878,9,,dia_util,0.39,0.4942,0.2539,-0.41,-0.41,normal,normal,alta,20,historico dia_util,2.0
I17JE060878,10,,dia_util,0.883,0.8684,0.2171,0.07,0.07,normal,normal,alta,20,historico dia_util,2.0
I17JE060878,11,,dia_util,0.473,0.5765,0.1441,-0.72,-0.72,normal,normal,alta,20,historico dia_util,2.0
I17JE060878,12,,dia_util,1.155,1.2075,0.3019,-0.17,-0.17,normal,normal,alta,20,historico dia_util,2.0
I17JE060878,13,,dia_util,1.325,1.095,0.2737,0.84,0.84,normal,normal,alta,20,historico dia_util,2.0
I17JE060878,14,,dia_util,0.705,0.6384,0.1596,0.42,0.42,normal,normal,alta,20,historico dia_util,2.0
I17JE060878,15,,dia_util,0.497,0.4257,0.1064,0.67,0.67,normal,normal,alta,20,historico dia_util,2.0
I17JE060878,16,,dia_util,0.258,0.2947,0.0898,-0.41,-0.41,normal,normal,alta,19,historico dia_util,2.0
I17JE060878,17,,dia_util,0.271,0.2717,0.0679,-0.01,-0.01,normal,normal,alta,20,historico dia_util,2.0
I17JE060878,18,,dia_util,0.158,0.177,0.0663,-0.29,-0.29,normal,normal,alta,20,historico dia_util,2.0
I17JE060878,19,,dia_util,0.077,0.0318,0.0436,1.04,1.04,normal,normal,alta,20,historico dia_util,2.0
I17JE060878,20,,dia_util,0.0,0.0018,0.01,-0.18,-0.18,normal,normal,alta,20,historico dia_util,2.0
I17JE060878,21,,dia_util,0.0,0.0,0.01,0.0,0.0,normal,normal,alta,20,historico dia_util,2.0
I17JE060878,22,,dia_util,0.0,0.0,0.01,0.0,0.0,normal,normal,alta,20,historico dia_util,2.0
I17JE060878,23,,dia_util,0.0,0.0,0.01,0.0,0.0,normal,normal,alta,20,historico dia_util,2.0
I17JE060879,0,,dia_util,0.021,0.0303,0.0122,-0.76,-0.76,normal,normal,alta,16,historico dia_util,2.0
I17JE060879,1,,dia_util,0.021,0.0291,0.0133,-0.61,-0.61,normal,normal,alta,16,historico dia_util,2.0
I17JE060879,2,,dia_util,0.019,0.0291,0.0137,-0.74,-0.74,normal,normal,alta,16,historico dia_util,2.0
I17JE060879,3,,dia_util,0.019,0.029,0.0138,-0.73,-0.73,normal,normal,alta,16,historico dia_util,2.0
I17JE060879,4,,dia_util,0.018,0.0289,0.0141,-0.77,-0.77,normal,normal,alta,16,historico dia_util,2.0
I17JE060879,5,,dia_util,0.019,0.0297,0.0136,-0.79,-0.79,normal,normal,alta,16,historico dia_util,2.0
I17JE060879,6,,dia_util,0.021,0.0296,0.0135,-0.64,-0.64,normal,normal,alta,16,historico dia_util,2.0
I17JE060879,7,,dia_util,0.022,0.0296,0.0125,-0.61,-0.61,normal,normal,alta,16,historico dia_util,2.0
I17JE060879,8,,dia_util,0.351,0.3416,0.1032,0.09,0.09,normal,normal,alta,16,historico dia_util,2.0
I17JE060879,9,,dia_util,0.241,0.3568,0.1516,-0.76,-0.76,normal,normal,alta,16,historico dia_util,2.0
I17JE060879,10,,dia_util,0.51,0.5166,0.1975,-0.03,-0.03,normal,normal,alta,16,historico dia_util,2.0
I17JE060879,11,,dia_util,0.772,0.569,0.1422,1.43,1.43,normal,normal,alta,16,historico dia_util,2.0
I17JE060879,12,,dia_util,0.854,0.7375,0.2063,0.56,0.56,normal,normal,alta,16,historico dia_util,2.0
I17JE060879,13,,dia_util,0.998,0.9559,0.3273,0.13,0.13,normal,normal,alta,16,historico dia_util,2.0
I17JE060879,14,,dia_util,0.749,0.8726,0.2848,-0.43,-0.43,normal,normal,alta,16,historico dia_util,2.0
I17JE060879,15,,dia_util,0.581,0.4899,0.1884,0.48,0.48,normal,normal,alta,16,historico dia_util,2.0
I17JE060879,16,,dia_util,0.388,0.3964,0.0991,-0.09,-0.09,normal,normal,alta,16,historico dia_util,2.0
I17JE060879,17,,dia_util,0.314,0.3749,0.2059,-0.3,-0.3,normal,normal,alta,16,historico dia_util,2.0
I17JE060879,18,,dia_util,0.229,0.2161,0.1801,0.07,0.07,normal,normal,alta,16,historico dia_util,2.0
I17JE060879,19,,dia_util,0.092,0.1596,0.0947,-0.71,-0.71,normal,normal,alta,16,historico dia_util,2.0
I17JE060879,20,,dia_util,0.022,0.0271,0.01,-0.51,-0.51,normal,normal,alta,16,historico dia_util,2.0
I17JE060879,21,,dia_util,0.021,0.0257,0.01,-0.47,-0.47,normal,normal,alta,16,historico dia_util,2.0
I17JE060879,22,,dia_util,0.021,0.0263,0.01,-0.53,-0.53,normal,normal,alta,16,historico dia_util,2.0
I17JE060879,23,,dia_util,0.021,0.0268,0.01,-0.58,-0.58,normal,normal,alta,16,historico dia_util,2.0
I17JE096910V,13,,dia_util,0.0,0.0,0.01,0.0,0.0,normal,normal,alta,8,historico dia_util,2.0
I17JE096910V,14,,dia_util,0.0,0.0,0.01,0.0,0.0,normal,normal,alta,8,historico dia_util,2.0
I17JE096910V,15,,dia_util,0.0,0.0,0.01,0.0,0.0,normal,normal,alta,8,historico dia_util,2.0
I17JE096910V,16,,dia_util,0.0,0.0,0.01,0.0,0.0,normal,normal,alta,8,historico dia_util,2.0
I17JE096910V,17,,dia_util,0.0,0.0,0.01,0.0,0.0,normal,normal,alta,9,historico dia_util,2.0
I17JE096910V,18,,dia_util,0.0,0.0,0.01,0.0,0.0,normal,normal,alta,9,historico dia_util,2.0
I17JE096910V,19,,dia_util,0.0,0.0,0.01,0.0,0.0,normal,normal,alta,9,historico dia_util,2.0
I17JE096910V,20,,dia_util,0.0,0.0,0.01,0.0,0.0,normal,normal,alta,9,historico dia_util,2.0
I17JE096910V,21,,dia_util,0.0,0.0,0.01,0.0,0.0,normal,normal,alta,5,historico dia_util,2.0
I17JE096910V,22,,dia_util,0.0,0.0,0.01,0.0,0.0,normal,normal,alta,6,historico dia_util,2.0
I17JE096910V,23,,dia_util,0.0,0.0,0.01,0.0,0.0,normal,normal,alta,6,historico dia_util,2.0
I17JE096912X,0,,dia_util,0.0,0.0,0.01,0.0,0.0,normal,normal,alta,18,historico dia_util,2.0
I17JE096912X,1,,dia_util,0.0,0.0,0.01,0.0,0.0,normal,normal,alta,17,historico dia_util,2.0
I17JE096912X,2,,dia_util,0.0,0.0,0.01,0.0,0.0,normal,normal,alta,18,historico dia_util,2.0
I17JE096912X,3,,dia_util,0.0,0.0,0.01,0.0,0.0,normal,normal,alta,18,historico dia_util,2.0
I17JE096912X,4,,dia_util,0.0,0.0,0.01,0.0,0.0,normal,normal,alta,18,historico dia_util,2.0
I17JE096912X,5,,dia_util,0.0,0.0,0.01,0.0,0.0,normal,normal,alta,15,historico dia_util,2.0
I17JE096912X,6,,dia_util,0.0,0.0,0.01,0.0,0.0,normal,normal,alta,17,historico dia_util,2.0
I17JE096912X,7,,dia_util,0.0,0.0,0.01,0.0,0.0,normal,normal,alta,17,historico dia_util,2.0
I17JE096912X,8,,dia_util,0.0,0.0,0.01,0.0,0.0,normal,normal,alta,17,historico dia_util,2.0
I17JE096912X,9,,dia_util,0.0,0.0,0.01,0.0,0.0,normal,normal,alta,12,historico dia_util,2.0
I17JE096912X,13,,dia_util,0.0,0.0,0.01,0.0,0.0,normal,normal,alta,19,historico dia_util,2.0
I17JE096912X,14,,dia_util,0.0,0.0,0.01,0.0,0.0,normal,normal,alta,18,historico dia_util,2.0
I17JE096912X,15,,dia_util,0.0,0.0,0.01,0.0,0.0,normal,normal,alta,18,historico dia_util,2.0
I17JE096912X,16,,dia_util,0.0,0.0,0.01,0.0,0.0,normal,normal,alta,18,historico dia_util,2.0
I17JE096912X,17,,dia_util,0.0,0.0,0.01,0.0,0.0,normal,normal,alta,18,historico dia_util,2.0
I17JE096912X,18,,dia_util,0.0,0.0,0.01,0.0,0.0,normal,normal,alta,18,historico dia_util,2.0
I17JE096912X,19,,dia_util,0.0,0.0,0.01,0.0,0.0,normal,normal,alta,18,historico dia_util,2.0
I17JE096912X,20,,dia_util,0.0,0.0,0.01,0.0,0.0,normal,normal,alta,18,historico dia_util,2.0
I17JE096914,0,,dia_util,0.0,0.0001,0.01,-0.01,-0.01,normal,normal,alta,20,historico dia_util,2.0
I17JE096914,1,,dia_util,0.001,0.0003,0.01,0.07,0.07,normal,normal,alta,18,historico dia_util,2.0
I17JE096914,2,,dia_util,0.0,0.0,0.01,0.0,0.0,normal,normal,alta,18,historico dia_util,2.0
I17JE096914,3,,dia_util,0.0,0.0001,0.01,-0.01,-0.01,normal,normal,alta,18,historico dia_util,2.0
I17JE096914,4,,dia_util,0.0,0.0001,0.01,-0.01,-0.01,normal,normal,alta,18,historico dia_util,2.0
I17JE096914,5,,dia_util,0.0,0.0,0.01,0.0,0.0,normal,normal,alta,18,historico dia_util,2.0
I17JE096914,6,,dia_util,0.001,0.0001,0.01,0.09,0.09,normal,normal,alta,18,historico dia_util,2.0
I17JE096914,7,,dia_util,0.011,0.0142,0.01,-0.32,-0.32,normal,normal,alta,18,historico dia_util,2.0
I17JE096914,8,,dia_util,0.072,0.064,0.0352,0.23,0.23,normal,normal,alta,18,historico dia_util,2.0
I17JE096914,9,,dia_util,0.301,0.1236,0.04,4.43,4.43,desvio,acima,alta,17,historico dia_util,2.0
I17JE096914,10,,dia_util,0.201,0.1866,0.0587,0.25,0.25,normal,normal,alta,17,historico dia_util,2.0
I17JE096914,11,,dia_util,0.523,0.411,0.1591,0.7,0.7,normal,normal,alta,17,historico dia_util,2.0
I17JE096914,12,,dia_util,0.508,0.3148,0.1596,1.21,1.21,normal,normal,alta,17,historico dia_util,2.0
I17JE096914,13,,dia_util,0.353,0.4274,0.4895,-0.15,-0.15,normal,normal,alta,17,historico dia_util,2.0
I17JE096914,14,,dia_util,0.195,0.2916,0.0828,-1.17,-1.17,normal,normal,alta,17,historico dia_util,2.0
I17JE096914,15,,dia_util,0.281,0.3245,0.0811,-0.54,-0.54,normal,normal,alta,17,historico dia_util,2.0
I17JE096914,16,,dia_util,0.295,0.2948,0.1055,0.0,0.0,normal,normal,alta,17,historico dia_util,2.0
I17JE096914,17,,dia_util,0.134,0.3127,0.3468,-0.52,-0.52,normal,normal,alta,18,historico dia_util,2.0
I17JE096914,18,,dia_util,0.055,0.0769,0.0718,-0.31,-0.31,normal,normal,alta,18,historico dia_util,2.0
I17JE096914,19,,dia_util,0.0,0.0075,0.014,-0.53,-0.53,normal,normal,alta,18,historico dia_util,2.0
I17JE096914,20,,dia_util,0.0,0.0001,0.01,-0.01,-0.01,normal,normal,alta,18,historico dia_util,2.0
I17JE096914,21,,dia_util,0.0,0.0062,0.0266,-0.23,-0.23,normal,normal,alta,19,historico dia_util,2.0
I17JE096914,22,,dia_util,0.0,0.0001,0.01,-0.01,-0.01,normal,normal,alta,19,historico dia_util,2.0
I17JE096914,23,,dia_util,0.0,0.0,0.01,0.0,0.0,normal,normal,alta,19,historico dia_util,2.0
I18JC059402,0,,dia_util,0.0,0.0,0.01,0.0,0.0,normal,normal,alta,15,historico dia_util,2.0
I18JC059402,1,,dia_util,0.0,0.0,0.01,0.0,0.0,normal,normal,alta,16,historico dia_util,2.0
I18JC059402,2,,dia_util,0.0,0.0,0.01,0.0,0.0,normal,normal,alta,20,historico dia_util,2.0
I18JC059402,3,,dia_util,0.0,0.0,0.01,0.0,0.0,normal,normal,alta,20,historico dia_util,2.0
I18JC059402,4,,dia_util,0.0,0.0,0.01,0.0,0.0,normal,normal,alta,20,historico dia_util,2.0
I18JC059402,5,,dia_util,0.0,0.0,0.01,0.0,0.0,normal,normal,alta,20,historico dia_util,2.0
I18JC059402,6,,dia_util,0.0,0.0,0.01,0.0,0.0,normal,normal,alta,15,historico dia_util,2.0
I18JC059402,7,,dia_util,0.0,0.0,0.01,0.0,0.0,normal,normal,alta,15,historico dia_util,2.0
I18JC059402,8,,dia_util,0.0,0.0,0.01,0.0,0.0,normal,normal,alta,15,historico dia_util,2.0
I18JC059402,9,,dia_util,0.0,0.0,0.01,0.0,0.0,normal,normal,alta,15,historico dia_util,2.0
I18JC059402,10,,dia_util,0.0,0.0,0.01,0.0,0.0,normal,normal,alta,20,historico dia_util,2.0
I18JC059402,11,,dia_util,0.0,0.0,0.01,0.0,0.0,normal,normal,alta,20,historico dia_util,2.0
I18JC059402,12,,dia_util,0.0,0.0,0.01,0.0,0.0,normal,normal,alta,20,historico dia_util,2.0
I18JC059402,13,,dia_util,0.0,0.0,0.01,0.0,0.0,normal,normal,alta,20,historico dia_util,2.0
I18JC059402,14,,dia_util,0.0,0.0,0.01,0.0,0.0,normal,normal,alta,14,historico dia_util,2.0
I18JC059402,15,,dia_util,0.0,0.0,0.01,0.0,0.0,normal,normal,alta,14,historico dia_util,2.0
I18JC059402,16,,dia_util,0.0,0.0,0.01,0.0,0.0,normal,normal,alta,14,historico dia_util,2.0
I18JC059402,17,,dia_util,0.0,0.0,0.01,0.0,0.0,normal,normal,alta,14,historico dia_util,2.0
I18JC059402,18,,dia_util,0.0,0.0,0.01,0.0,0.0,normal,normal,alta,20,historico dia_util,2.0
I18JC059402,19,,dia_util,0.0,0.0,0.01,0.0,0.0,normal,normal,alta,20,historico dia_util,2.0
I18JC059402,20,,dia_util,0.0,0.0,0.01,0.0,0.0,normal,normal,alta,20,historico dia_util,2.0
I18JC059402,21,,dia_util,0.0,0.0,0.01,0.0,0.0,normal,normal,alta,20,historico dia_util,2.0
I18JC059402,22,,dia_util,0.0,0.0,0.01,0.0,0.0,normal,normal,alta,16,historico dia_util,2.0
I18JC059402,23,,dia_util,0.0,0.0,0.01,0.0,0.0,normal,normal,alta,16,historico dia_util,2.0
I18JC067674,0,,dia_util,0.0,0.0,0.01,0.0,0.0,normal,normal,alta,18,historico dia_util,2.0
I18JC067674,1,,dia_util,0.0,0.0,0.01,0.0,0.0,normal,normal,alta,18,historico dia_util,2.0
I18JC067674,2,,dia_util,0.0,0.0,0.01,0.0,0.0,normal,normal,alta,18,historico dia_util,2.0
I18JC067674,3,,dia_util,0.0,0.0,0.01,0.0,0.0,normal,normal,alta,18,historico dia_util,2.0
I18JC067674,4,,dia_util,0.0,0.0,0.01,0.0,0.0,normal,normal,alta,19,historico dia_util,2.0
I18JC067674,5,,dia_util,0.0,0.0,0.01,0.0,0.0,normal,normal,alta,19,historico dia_util,2.0
I18JC067674,6,,dia_util,0.0,0.0,0.01,0.0,0.0,normal,normal,alta,19,historico dia_util,2.0
I18JC067674,7,,dia_util,0.0,0.0,0.01,0.0,0.0,normal,normal,alta,19,historico dia_util,2.0
I18JC067674,8,,dia_util,0.0,0.0,0.01,0.0,0.0,normal,normal,alta,19,historico dia_util,2.0
I18JC067674,9,,dia_util,0.0,0.0,0.01,0.0,0.0,normal,normal,alta,19,historico dia_util,2.0
I18JC067674,10,,dia_util,0.0,0.0,0.01,0.0,0.0,normal,normal,alta,19,historico dia_util,2.0
I18JC067674,11,,dia_util,0.0,0.0,0.01,0.0,0.0,normal,normal,alta,19,historico dia_util,2.0
I18JC067674,12,,dia_util,0.0,0.0,0.01,0.0,0.0,normal,normal,alta,16,historico dia_util,2.0
I18JC067674,13,,dia_util,0.0,0.0,0.01,0.0,0.0,normal,normal,alta,16,historico dia_util,2.0
I18JC067674,14,,dia_util,0.0,0.0,0.01,0.0,0.0,normal,normal,alta,16,historico dia_util,2.0
I18JC067674,15,,dia_util,0.0,0.0,0.01,0.0,0.0,normal,normal,alta,16,historico dia_util,2.0
I18JC067674,16,,dia_util,0.0,0.0,0.01,0.0,0.0,normal,normal,alta,19,historico dia_util,2.0
I18JC067674,17,,dia_util,0.0,0.0,0.01,0.0,0.0,normal,normal,alta,19,historico dia_util,2.0
I18JC067674,18,,dia_util,0.0,0.0,0.01,0.0,0.0,normal,normal,alta,19,historico dia_util,2.0
I18JC067674,19,,dia_util,0.0,0.0,0.01,0.0,0.0,normal,normal,alta,19,historico dia_util,2.0
I18JC067687,6,,dia_util,0.0,0.0,0.01,0.0,0.0,normal,normal,alta,14,historico dia_util,2.0
I18JC067687,7,,dia_util,0.0,0.0,0.01,0.0,0.0,normal,normal,alta,14,historico dia_util,2.0
I18JC067687,8,,dia_util,0.0,0.0,0.01,0.0,0.0,normal,normal,alta,14,historico dia_util,2.0
I18JC067687,9,,dia_util,0.0,0.0691,0.1065,-0.65,-0.65,normal,normal,alta,14,historico dia_util,2.0
I18JC067687,10,,dia_util,0.0,0.1344,0.2652,-0.51,-0.51,normal,normal,alta,5,historico dia_util,2.0
I18JC067687,11,,dia_util,0.0,0.0508,0.0804,-0.63,-0.63,normal,normal,alta,5,historico dia_util,2.0
I18JC067687,12,,dia_util,0.0,0.031,0.0516,-0.6,-0.6,normal,normal,alta,5,historico dia_util,2.0
I18JC067687,13,,dia_util,0.0,0.0446,0.084,-0.53,-0.53,normal,normal,alta,5,historico dia_util,2.0
I18JC067687,14,,dia_util,0.0,0.1313,0.2013,-0.65,-0.65,normal,normal,alta,16,historico dia_util,2.0
I18JC067687,15,,dia_util,0.0,0.0626,0.0953,-0.66,-0.66,normal,normal,alta,16,historico dia_util,2.0
I18JC067687,16,,dia_util,0.0,0.0931,0.1906,-0.49,-0.49,normal,normal,alta,16,historico dia_util,2.0
I18JC067687,17,,dia_util,0.0,0.0863,0.1358,-0.64,-0.64,normal,normal,alta,16,historico dia_util,2.0
I18JC067687,18,,dia_util,0.0,0.1237,0.1692,-0.73,-0.73,normal,normal,alta,9,historico dia_util,2.0
I18JC067687,19,,dia_util,0.0,0.0856,0.1178,-0.73,-0.73,normal,normal,alta,9,historico dia_util,2.0
I18JC067687,20,,dia_util,0.0,0.0708,0.0893,-0.79,-0.79,normal,normal,alta,9,historico dia_util,2.0
I18JC067687,21,,dia_util,0.0,0.0242,0.0336,-0.72,-0.72,normal,normal,alta,9,historico dia_util,2.0
I18JC067687,22,,dia_util,0.0,0.0693,0.1833,-0.38,-0.38,normal,normal,alta,7,historico dia_util,2.0
I18JC067687,23,,dia_util,0.0,0.0,0.01,0.0,0.0,normal,normal,alta,7,historico dia_util,2.0
I18JC067698,0,,dia_util,0.0,0.0,0.01,0.0,0.0,normal,normal,alta,19,historico dia_util,2.0
I18JC067698,1,,dia_util,0.0,0.0,0.01,0.0,0.0,normal,normal,alta,19,historico dia_util,2.0
I18JC067698,2,,dia_util,0.0,0.0,0.01,0.0,0.0,normal,normal,alta,19,historico dia_util,2.0
I18JC067698,3,,dia_util,0.0,0.0,0.01,0.0,0.0,normal,normal,alta,19,historico dia_util,2.0
I18JC067698,4,,dia_util,0.0,0.0,0.01,0.0,0.0,normal,normal,alta,20,historico dia_util,2.0
I18JC067698,5,,dia_util,0.0,0.0,0.01,0.0,0.0,normal,normal,alta,20,historico dia_util,2.0
I18JC067698,6,,dia_util,0.0,0.0,0.01,0.0,0.0,normal,normal,alta,20,historico dia_util,2.0
I18JC067698,7,,dia_util,0.0,0.0,0.01,0.0,0.0,normal,normal,alta,20,historico dia_util,2.0
I18JC067698,8,,dia_util,0.0,0.0,0.01,0.0,0.0,normal,normal,alta,18,historico dia_util,2.0
I18JC067698,9,,dia_util,0.0,0.0,0.01,0.0,0.0,normal,normal,alta,18,historico dia_util,2.0
I18JC067698,10,,dia_util,0.0,0.0,0.01,0.0,0.0,normal,normal,alta,18,historico dia_util,2.0
I18JC067698,11,,dia_util,0.0,0.0,0.01,0.0,0.0,normal,normal,alta,18,historico dia_util,2.0
I18JC067698,12,,dia_util,0.0,0.0,0.01,0.0,0.0,normal,normal,alta,19,historico dia_util,2.0
I18JC067698,13,,dia_util,0.0,0.0,0.01,0.0,0.0,normal,normal,alta,19,historico dia_util,2.0
I18JC067698,14,,dia_util,0.0,0.0,0.01,0.0,0.0,normal,normal,alta,19,historico dia_util,2.0
I18JC067698,15,,dia_util,0.0,0.0,0.01,0.0,0.0,normal,normal,alta,19,historico dia_util,2.0
I18JC067698,16,,dia_util,0.0,0.0,0.01,0.0,0.0,normal,normal,alta,20,historico dia_util,2.0
I18JC067698,17,,dia_util,0.0,0.0,0.01,0.0,0.0,normal,normal,alta,20,historico dia_util,2.0
I18JC067698,18,,dia_util,0.0,0.0,0.01,0.0,0.0,normal,normal,alta,20,historico dia_util,2.0
I18JC067698,19,,dia_util,0.0,0.0,0.01,0.0,0.0,normal,normal,alta,20,historico dia_util,2.0
I18JC067698,20,,dia_util,0.0,0.0,0.01,0.0,0.0,normal,normal,alta,19,historico dia_util,2.0
I18JC067698,21,,dia_util,0.0,0.0,0.01,0.0,0.0,normal,normal,alta,19,historico dia_util,2.0
I18JC067698,22,,dia_util,0.0,0.0,0.01,0.0,0.0,normal,normal,alta,19,historico dia_util,2.0
I18JC067698,23,,dia_util,0.0,0.0,0.01,0.0,0.0,normal,normal,alta,19,historico dia_util,2.0
I18JC080663,0,,dia_util,0.0,0.0,0.01,0.0,0.0,normal,normal,alta,18,historico dia_util,2.0
I18JC080663,1,,dia_util,0.0,0.0,0.01,0.0,0.0,normal,normal,alta,19,historico dia_util,2.0
I18JC080663,2,,dia_util,0.0,0.0,0.01,0.0,0.0,normal,normal,alta,19,historico dia_util,2.0
I18JC080663,3,,dia_util,0.0,0.0,0.01,0.0,0.0,normal,normal,alta,19,historico dia_util,2.0
I18JC080663,4,,dia_util,0.0,0.0,0.01,0.0,0.0,normal,normal,alta,19,historico dia_util,2.0
I18JC080663,5,,dia_util,0.0,0.0,0.01,0.0,0.0,normal,normal,alta,19,historico dia_util,2.0
I18JC080663,6,,dia_util,0.0,0.0,0.01,0.0,0.0,normal,normal,alta,20,historico dia_util,2.0
I18JC080663,7,,dia_util,0.0,0.0,0.01,0.0,0.0,normal,normal,alta,20,historico dia_util,2.0
I18JC080663,8,,dia_util,0.0,0.0,0.01,0.0,0.0,normal,normal,alta,20,historico dia_util,2.0
I18JC080663,9,,dia_util,0.0,0.0,0.01,0.0,0.0,normal,normal,alta,20,historico dia_util,2.0
I18JC080663,10,,dia_util,0.0,0.0,0.01,0.0,0.0,normal,normal,alta,18,historico dia_util,2.0
I18JC080663,11,,dia_util,0.0,0.0,0.01,0.0,0.0,normal,normal,alta,18,historico dia_util,2.0
I18JC080663,12,,dia_util,0.0,0.0,0.01,0.0,0.0,normal,normal,alta,18,historico dia_util,2.0
I18JC080663,13,,dia_util,0.0,0.0,0.01,0.0,0.0,normal,normal,alta,17,historico dia_util,2.0
I18JC080663,14,,dia_util,0.0,0.0,0.01,0.0,0.0,normal,normal,alta,20,historico dia_util,2.0
I18JC080663,15,,dia_util,0.0,0.0,0.01,0.0,0.0,normal,normal,alta,20,historico dia_util,2.0
I18JC080663,16,,dia_util,0.0,0.0,0.01,0.0,0.0,normal,normal,alta,20,historico dia_util,2.0
I18JC080663,17,,dia_util,0.0,0.0,0.01,0.0,0.0,normal,normal,alta,20,historico dia_util,2.0
I18JC080663,18,,dia_util,0.0,0.0,0.01,0.0,0.0,normal,normal,alta,17,historico dia_util,2.0
I18JC080663,19,,dia_util,0.0,0.0,0.01,0.0,0.0,normal,normal,alta,17,historico dia_util,2.0
I18JC080663,20,,dia_util,0.0,0.0,0.01,0.0,0.0,normal,normal,alta,17,historico dia_util,2.0
I18JC080663,21,,dia_util,0.0,0.0,0.01,0.0,0.0,normal,normal,alta,17,historico dia_util,2.0
I18JC080663,22,,dia_util,0.0,0.0,0.01,0.0,0.0,normal,normal,alta,19,historico dia_util,2.0
I18JC080663,23,,dia_util,0.0,0.0,0.01,0.0,0.0,normal,normal,alta,19,historico dia_util,2.0
I18JE068310,0,,dia_util,0.0,0.0,0.01,0.0,0.0,normal,normal,alta,15,historico dia_util,2.0
I18JE068310,1,,dia_util,0.0,0.0,0.01,0.0,0.0,normal,normal,alta,13,historico dia_util,2.0
I18JE068310,2,,dia_util,0.0,0.0,0.01,0.0,0.0,normal,normal,alta,13,historico dia_util,2.0
I18JE068310,3,,dia_util,0.0,0.0,0.01,0.0,0.0,normal,normal,alta,13,historico dia_util,2.0
I18JE068310,4,,dia_util,0.0,0.0,0.01,0.0,0.0,normal,normal,alta,13,historico dia_util,2.0
I18JE068310,5,,dia_util,0.0,0.0,0.01,0.0,0.0,normal,normal,alta,14,historico dia_util,2.0
I18JE068310,6,,dia_util,0.0,0.0,0.01,0.0,0.0,normal,normal,alta,14,historico dia_util,2.0
I18JE068310,7,,dia_util,0.0,0.0,0.01,0.0,0.0,normal,normal,alta,14,historico dia_util,2.0
I18JE068310,8,,dia_util,0.0,0.0,0.01,0.0,0.0,normal,normal,alta,14,historico dia_util,2.0
I18JE068310,13,,dia_util,0.0,0.0,0.01,0.0,0.0,normal,normal,alta,17,historico dia_util,2.0
I18JE068310,14,,dia_util,0.0,0.0,0.01,0.0,0.0,normal,normal,alta,17,historico dia_util,2.0
I18JE068310,15,,dia_util,0.0,0.0,0.01,0.0,0.0,normal,normal,alta,17,historico dia_util,2.0
I18JE068310,16,,dia_util,0.0,0.0,0.01,0.0,0.0,normal,normal,alta,17,historico dia_util,2.0
I18JE068310,17,,dia_util,0.0,0.0,0.01,0.0,0.0,normal,normal,alta,15,historico dia_util,2.0
I18JE068310,18,,dia_util,0.0,0.0,0.01,0.0,0.0,normal,normal,alta,15,historico dia_util,2.0
I18JE068310,19,,dia_util,0.0,0.0,0.01,0.0,0.0,normal,normal,alta,15,historico dia_util,2.0
I18JE068310,20,,dia_util,0.0,0.0,0.01,0.0,0.0,normal,normal,alta,15,historico dia_util,2.0
I18JE068310,21,,dia_util,0.0,0.0,0.01,0.0,0.0,normal,normal,alta,17,historico dia_util,2.0
I18JE068310,22,,dia_util,0.0,0.0,0.01,0.0,0.0,normal,normal,alta,17,historico dia_util,2.0
I18JE068310,23,,dia_util,0.0,0.0,0.01,0.0,0.0,normal,normal,alta,17,historico dia_util,2.0
I18MF912111K,0,,dia_util,0.3,0.3089,0.1179,-0.08,-0.08,normal,normal,alta,18,historico dia_util,2.0
I18MF912111K,1,,dia_util,0.27,0.2855,0.1105,-0.14,-0.14,normal,normal,alta,20,historico dia_util,2.0
I18MF912111K,2,,dia_util,0.26,0.2679,0.1154,-0.07,-0.07,normal,normal,alta,19,historico dia_util,2.0
I18MF912111K,3,,dia_util,0.25,0.2568,0.1159,-0.06,-0.06,normal,normal,alta,19,historico dia_util,2.0
I18MF912111K,4,,dia_util,0.25,0.2526,0.117,-0.02,-0.02,normal,normal,alta,19,historico dia_util,2.0
I18MF912111K,5,,dia_util,0.26,0.2416,0.1195,0.15,0.15,normal,normal,alta,19,historico dia_util,2.0
I18MF912111K,6,,dia_util,0.24,0.2779,0.2276,-0.17,-0.17,normal,normal,alta,19,historico dia_util,2.0
I18MF912111K,7,,dia_util,0.15,0.1405,0.1353,0.07,0.07,normal,normal,alta,19,historico dia_util,2.0
I18MF912111K,8,,dia_util,0.04,0.0521,0.1531,-0.08,-0.08,normal,normal,alta,19,historico dia_util,2.0
I18MF912111K,9,,dia_util,0.4,0.3463,0.1572,0.34,0.34,normal,normal,alta,19,historico dia_util,2.0
I18MF912111K,10,,dia_util,0.66,0.8229,0.2461,-0.66,-0.66,normal,normal,alta,17,historico dia_util,2.0
I18MF912111K,11,,dia_util,0.78,0.8453,0.2113,-0.31,-0.31,normal,normal,alta,17,historico dia_util,2.0
I18MF912111K,12,,dia_util,0.84,0.9159,0.229,-0.33,-0.33,normal,normal,alta,17,historico dia_util,2.0
I18MF912111K,13,,dia_util,1.17,0.9624,0.2406,0.86,0.86,normal,normal,alta,17,historico dia_util,2.0
I18MF912111K,14,,dia_util,0.84,1.1867,1.0592,-0.33,-0.33,normal,normal,alta,18,historico dia_util,2.0
I18MF912111K,15,,dia_util,0.78,0.8539,0.2135,-0.35,-0.35,normal,normal,alta,18,historico dia_util,2.0
I18MF912111K,16,,dia_util,0.81,0.8156,0.2039,-0.03,-0.03,normal,normal,alta,18,historico dia_util,2.0
I18MF912111K,17,,dia_util,0.95,0.9256,0.2314,0.11,0.11,normal,normal,alta,18,historico dia_util,2.0
I18MF912111K,18,,dia_util,0.83,1.0164,0.834,-0.22,-0.22,normal,normal,alta,14,historico dia_util,2.0
I18MF912111K,19,,dia_util,0.53,0.5321,0.133,-0.02,-0.02,normal,normal,alta,14,historico dia_util,2.0
I18MF912111K,20,,dia_util,0.45,0.46,0.1176,-0.09,-0.09,normal,normal,alta,14,historico dia_util,2.0
I18MF912111K,21,,dia_util,0.45,0.4286,0.1258,0.17,0.17,normal,normal,alta,14,historico dia_util,2.0
I18MF914138D,0,,dia_util,0.0,0.0,0.01,0.0,0.0,normal,normal,alta,16,historico dia_util,2.0
I18MF914138D,1,,dia_util,0.0,0.0,0.01,0.0,0.0,normal,normal,alta,19,historico dia_util,2.0
I18MF914138D,2,,dia_util,0.0,0.0,0.01,0.0,0.0,normal,normal,alta,19,historico dia_util,2.0
I18MF914138D,3,,dia_util,0.0,0.0,0.01,0.0,0.0,normal,normal,alta,19,historico dia_util,2.0
I18MF914138D,4,,dia_util,0.0,0.0,0.01,0.0,0.0,normal,normal,alta,19,historico dia_util,2.0
I18MF914138D,5,,dia_util,0.0,0.0,0.01,0.0,0.0,normal,normal,alta,20,historico dia_util,2.0
I18MF914138D,6,,dia_util,0.0,0.0,0.01,0.0,0.0,normal,normal,alta,20,historico dia_util,2.0
I18MF914138D,7,,dia_util,0.0,0.0,0.01,0.0,0.0,normal,normal,alta,20,historico dia_util,2.0
I18MF914138D,8,,dia_util,0.0,0.0,0.01,0.0,0.0,normal,normal,alta,20,historico dia_util,2.0
I18MF914138D,9,,dia_util,0.0,0.0,0.01,0.0,0.0,normal,normal,alta,18,historico dia_util,2.0
I18MF914138D,10,,dia_util,0.0,0.0,0.01,0.0,0.0,normal,normal,alta,18,historico dia_util,2.0
I18MF914138D,11,,dia_util,0.0,0.0,0.01,0.0,0.0,normal,normal,alta,18,historico dia_util,2.0
I18MF914138D,12,,dia_util,0.0,0.0,0.01,0.0,0.0,normal,normal,alta,18,historico dia_util,2.0
I18MF914138D,13,,dia_util,0.0,0.0,0.01,0.0,0.0,normal,normal,alta,20,historico dia_util,2.0
I18MF914138D,14,,dia_util,0.0,0.0,0.01,0.0,0.0,normal,normal,alta,20,historico dia_util,2.0
I18MF914138D,15,,dia_util,0.0,0.0,0.01,0.0,0.0,normal,normal,alta,20,historico dia_util,2.0
I18MF914138D,16,,dia_util,0.0,0.0,0.01,0.0,0.0,normal,normal,alta,20,historico dia_util,2.0
I18MF914138D,17,,dia_util,0.0,0.0,0.01,0.0,0.0,normal,normal,alta,19,historico dia_util,2.0
I18MF914138D,18,,dia_util,0.0,0.0,0.01,0.0,0.0,normal,normal,alta,19,historico dia_util,2.0
I18MF914138D,19,,dia_util,0.0,0.0,0.01,0.0,0.0,normal,normal,alta,19,historico dia_util,2.0
I18MF914138D,20,,dia_util,0.0,0.0,0.01,0.0,0.0,normal,normal,alta,19,historico dia_util,2.0
I18MF914138D,21,,dia_util,0.0,0.0,0.01,0.0,0.0,normal,normal,alta,16,historico dia_util,2.0
I18MF914138D,22,,dia_util,0.0,0.0,0.01,0.0,0.0,normal,normal,alta,16,historico dia_util,2.0
I18MF914138D,23,,dia_util,0.0,0.0,0.01,0.0,0.0,normal,normal,alta,16,historico dia_util,2.0
I18MF914139E,0,,dia_util,0.0,0.0,0.01,0.0,0.0,normal,normal,alta,20,historico dia_util,2.0
I18MF914139E,1,,dia_util,0.0,0.0,0.01,0.0,0.0,normal,normal,alta,20,historico dia_util,2.0
I18MF914139E,2,,dia_util,0.0,0.0,0.01,0.0,0.0,normal,normal,alta,20,historico dia_util,2.0
I18MF914139E,3,,dia_util,0.0,0.0,0.01,0.0,0.0,normal,normal,alta,20,historico dia_util,2.0
I18MF914139E,4,,dia_util,0.0,0.0,0.01,0.0,0.0,normal,normal,alta,20,historico dia_util,2.0
I18MF914139E,5,,dia_util,0.0,0.0,0.01,0.0,0.0,normal,normal,alta,20,historico dia_util,2.0
I18MF914139E,6,,dia_util,0.0,0.0,0.01,0.0,0.0,normal,normal,alta,20,historico dia_util,2.0
I18MF914139E,7,,dia_util,0.0,0.0,0.01,0.0,0.0,normal,normal,alta,20,historico dia_util,2.0
I18MF914139E,8,,dia_util,0.0,0.0,0.01,0.0,0.0,normal,normal,alta,20,historico dia_util,2.0
I18MF914139E,9,,dia_util,0.0,0.0,0.01,0.0,0.0,normal,normal,alta,20,historico dia_util,2.0
I18MF914139E,10,,dia_util,0.0,0.0,0.01,0.0,0.0,normal,normal,alta,20,historico dia_util,2.0
I18MF914139E,11,,dia_util,0.0,0.0,0.01,0.0,0.0,normal,normal,alta,20,historico dia_util,2.0
I18MF914139E,12,,dia_util,0.0,0.0,0.01,0.0,0.0,normal,normal,alta,20,historico dia_util,2.0
I18MF914139E,13,,dia_util,0.0,0.0,0.01,0.0,0.0,normal,normal,alta,20,historico dia_util,2.0
I18MF914139E,14,,dia_util,0.0,0.0,0.01,0.0,0.0,normal,normal,alta,20,historico dia_util,2.0
I18MF914139E,15,,dia_util,0.0,0.0,0.01,0.0,0.0,normal,normal,alta,20,historico dia_util,2.0
I18MF914139E,16,,dia_util,0.0,0.0,0.01,0.0,0.0,normal,normal,alta,20,historico dia_util,2.0
I18MF914139E,17,,dia_util,0.0,0.0,0.01,0.0,0.0,normal,normal,alta,20,historico dia_util,2.0
I18MF914139E,18,,dia_util,0.0,0.0,0.01,0.0,0.0,normal,normal,alta,20,historico dia_util,2.0
I18MF914139E,19,,dia_util,0.0,0.0,0.01,0.0,0.0,normal,normal,alta,20,historico dia_util,2.0
I18MF914139E,20,,dia_util,0.0,0.0,0.01,0.0,0.0,normal,normal,alta,20,historico dia_util,2.0
I18MF914139E,21,,dia_util,0.0,0.0,0.01,0.0,0.0,normal,normal,alta,20,historico dia_util,2.0
I18MF914139E,22,,dia_util,0.0,0.0,0.01,0.0,0.0,normal,normal,alta,20,historico dia_util,2.0
I18MF914139E,23,,dia_util,0.0,0.0,0.01,0.0,0.0,normal,normal,alta,20,historico dia_util,2.0
I19JC019975,0,,dia_util,0.0,0.0,0.01,0.0,0.0,normal,normal,alta,13,historico dia_util,2.0
I19JC019975,1,,dia_util,0.0,0.0,0.01,0.0,0.0,normal,normal,alta,15,historico dia_util,2.0
I19JC019975,2,,dia_util,0.0,0.0,0.01,0.0,0.0,normal,normal,alta,16,historico dia_util,2.0
I19JC019975,3,,dia_util,0.0,0.0,0.01,0.0,0.0,normal,normal,alta,16,historico dia_util,2.0
I19JC019975,4,,dia_util,0.0,0.0,0.01,0.0,0.0,normal,normal,alta,16,historico dia_util,2.0
I19JC019975,5,,dia_util,0.0,0.0,0.01,0.0,0.0,normal,normal,alta,13,historico dia_util,2.0
I19JC019975,6,,dia_util,0.0,0.0,0.01,0.0,0.0,normal,normal,alta,12,historico dia_util,2.0
I19JC019975,7,,dia_util,0.0,0.0,0.01,0.0,0.0,normal,normal,alta,12,historico dia_util,2.0
I19JC019975,8,,dia_util,0.0,0.0,0.01,0.0,0.0,normal,normal,alta,12,historico dia_util,2.0
I19JC019975,17,,dia_util,0.0,0.0352,0.141,-0.25,-0.25,normal,normal,alta,16,historico dia_util,2.0
I19JC019975,18,,dia_util,0.0,0.0,0.01,0.0,0.0,normal,normal,alta,18,historico dia_util,2.0
I19JC019975,19,,dia_util,0.0,0.0,0.01,0.0,0.0,normal,normal,alta,18,historico dia_util,2.0
I19JC019975,20,,dia_util,0.0,0.0,0.01,0.0,0.0,normal,normal,alta,18,historico dia_util,2.0
I19JC019975,22,,dia_util,0.0,0.0,0.01,0.0,0.0,normal,normal,alta,12,historico dia_util,2.0
I19JC019975,23,,dia_util,0.0,0.0,0.01,0.0,0.0,normal,normal,alta,12,historico dia_util,2.0
I19JC020003,0,,dia_util,0.098,0.0808,0.045,0.38,0.38,normal,normal,alta,20,historico dia_util,2.0
I19JC020003,1,,dia_util,0.068,0.0491,0.0461,0.41,0.41,normal,normal,alta,20,historico dia_util,2.0
I19JC020003,2,,dia_util,0.032,0.0352,0.0559,-0.06,-0.06,normal,normal,alta,20,historico dia_util,2.0
I19JC020003,3,,dia_util,0.001,0.0155,0.0147,-0.99,-0.99,normal,normal,alta,20,historico dia_util,2.0
I19JC020003,4,,dia_util,0.014,0.0116,0.0108,0.22,0.22,normal,normal,alta,20,historico dia_util,2.0
I19JC020003,5,,dia_util,0.002,0.0076,0.01,-0.56,-0.56,normal,normal,alta,20,historico dia_util,2.0
I19JC020003,6,,dia_util,0.042,0.0439,0.0162,-0.11,-0.11,normal,normal,alta,20,historico dia_util,2.0
I19JC020003,7,,dia_util,0.02,0.0518,0.0362,-0.88,-0.88,normal,normal,alta,20,historico dia_util,2.0
I19JC020003,8,,dia_util,0.076,0.0827,0.0412,-0.16,-0.16,normal,normal,alta,20,historico dia_util,2.0
I19JC020003,9,,dia_util,0.012,0.0826,0.0601,-1.18,-1.18,normal,normal,alta,20,historico dia_util,2.0
I19JC020003,10,,dia_util,0.011,0.091,0.101,-0.79,-0.79,normal,normal,alta,20,historico dia_util,2.0
I19JC020003,11,,dia_util,0.032,0.093,0.0906,-0.67,-0.67,normal,normal,alta,20,historico dia_util,2.0
I19JC020003,12,,dia_util,0.03,0.0956,0.0588,-1.12,-1.12,normal,normal,alta,20,historico dia_util,2.0
I19JC020003,13,,dia_util,0.08,0.1184,0.0526,-0.73,-0.73,normal,normal,alta,20,historico dia_util,2.0
I19JC020003,14,,dia_util,0.165,0.1292,0.1143,0.31,0.31,normal,normal,alta,20,historico dia_util,2.0
I19JC020003,15,,dia_util,0.377,0.1258,0.1156,2.17,2.17,desvio,acima,alta,20,historico dia_util,2.0
I19JC020003,16,,dia_util,0.305,0.1298,0.0918,1.91,1.91,normal,normal,alta,20,historico dia_util,2.0
I19JC020003,17,,dia_util,0.231,0.1477,0.1335,0.62,0.62,normal,normal,alta,20,historico dia_util,2.0
I19JC020003,18,,dia_util,0.282,0.184,0.1441,0.68,0.68,normal,normal,alta,20,historico dia_util,2.0
I19JC020003,19,,dia_util,0.444,0.1533,0.1037,2.8,2.8,desvio,acima,alta,20,historico dia_util,2.0
I19JC020003,20,,dia_util,0.079,0.1644,0.0685,-1.25,-1.25,normal,normal,alta,20,historico dia_util,2.0
I19JC020003,21,,dia_util,0.132,0.1176,0.0667,0.22,0.22,normal,normal,alta,20,historico dia_util,2.0
I19JC020003,22,,dia_util,0.18,0.1513,0.0695,0.41,0.41,normal,normal,alta,20,historico dia_util,2.0
I19JC020003,23,,dia_util,0.162,0.0982,0.0662,0.96,0.96,normal,normal,alta,20,historico dia_util,2.0
I19JC029813,12,,dia_util,0.0,0.0,0.01,0.0,0.0,normal,normal,alta,7,historico dia_util,2.0
I19JC029813,13,,dia_util,0.0,0.0,0.01,0.0,0.0,normal,normal,alta,7,historico dia_util,2.0
I19JC029813,14,,dia_util,0.0,0.0,0.01,0.0,0.0,normal,normal,alta,7,historico dia_util,2.0
I19JC029813,15,,dia_util,0.0,0.0,0.01,0.0,0.0,normal,normal,alta,7,historico dia_util,2.0
I19JC029813,16,,dia_util,0.0,0.0,0.01,0.0,0.0,normal,normal,alta,11,historico dia_util,2.0
I19JC029813,17,,dia_util,0.0,0.0,0.01,0.0,0.0,normal,normal,alta,11,historico dia_util,2.0
I19JC029813,18,,dia_util,0.0,0.0,0.01,0.0,0.0,normal,normal,alta,11,historico dia_util,2.0
I19JC029813,19,,dia_util,0.0,0.0,0.01,0.0,0.0,normal,normal,alta,11,historico dia_util,2.0
I19JC029813,20,,dia_util,0.0,0.0,0.01,0.0,0.0,normal,normal,alta,11,historico dia_util,2.0
I19JC029813,21,,dia_util,0.0,0.0,0.01,0.0,0.0,normal,normal,alta,11,historico dia_util,2.0
I19JC029813,22,,dia_util,0.0,0.0,0.01,0.0,0.0,normal,normal,alta,11,historico dia_util,2.0
I19JC029813,23,,dia_util,0.0,0.0,0.01,0.0,0.0,normal,normal,alta,11,historico dia_util,2.0
I19JC029815,0,,dia_util,0.0,0.0,0.01,0.0,0.0,normal,normal,alta,16,historico dia_util,2.0
I19JC029815,1,,dia_util,0.0,0.0,0.01,0.0,0.0,normal,normal,alta,17,historico dia_util,2.0
I19JC029815,2,,dia_util,0.0,0.0,0.01,0.0,0.0,normal,normal,alta,17,historico dia_util,2.0
I19JC029815,3,,dia_util,0.0,0.0,0.01,0.0,0.0,normal,normal,alta,17,historico dia_util,2.0
I19JC029815,4,,dia_util,0.0,0.0,0.01,0.0,0.0,normal,normal,alta,17,historico dia_util,2.0
I19JC029815,5,,dia_util,0.0,0.0,0.01,0.0,0.0,normal,normal,alta,17,historico dia_util,2.0
I19JC029815,6,,dia_util,0.0,0.0,0.01,0.0,0.0,normal,normal,alta,17,historico dia_util,2.0
I19JC029815,7,,dia_util,0.0,0.0,0.01,0.0,0.0,normal,normal,alta,17,historico dia_util,2.0
I19JC029815,8,,dia_util,0.0,0.0,0.01,0.0,0.0,normal,normal,alta,17,historico dia_util,2.0
I19JC029815,9,,dia_util,0.0,0.0,0.01,0.0,0.0,normal,normal,alta,17,historico dia_util,2.0
I19JC029815,10,,dia_util,0.0,0.0,0.01,0.0,0.0,normal,normal,alta,17,historico dia_util,2.0
I19JC029815,11,,dia_util,0.0,0.0,0.01,0.0,0.0,normal,normal,alta,17,historico dia_util,2.0
I19JC029815,12,,dia_util,0.0,0.0,0.01,0.0,0.0,normal,normal,alta,17,historico dia_util,2.0
I19JC029815,13,,dia_util,0.0,0.0,0.01,0.0,0.0,normal,normal,alta,17,historico dia_util,2.0
I19JC029815,14,,dia_util,0.0,0.0,0.01,0.0,0.0,normal,normal,alta,17,historico dia_util,2.0
I19JC029815,15,,dia_util,0.0,0.0,0.01,0.0,0.0,normal,normal,alta,17,historico dia_util,2.0
I19JC029815,16,,dia_util,0.0,0.0,0.01,0.0,0.0,normal,normal,alta,17,historico dia_util,2.0
I19JC029815,17,,dia_util,0.0,0.0,0.01,0.0,0.0,normal,normal,alta,17,historico dia_util,2.0
I19JC029815,18,,dia_util,0.0,0.0,0.01,0.0,0.0,normal,normal,alta,17,historico dia_util,2.0
I19JC029815,19,,dia_util,0.0,0.0,0.01,0.0,0.0,normal,normal,alta,17,historico dia_util,2.0
I19JC029815,20,,dia_util,0.0,0.0,0.01,0.0,0.0,normal,normal,alta,17,historico dia_util,2.0
I19JC029815,21,,dia_util,0.0,0.0,0.01,0.0,0.0,normal,normal,alta,17,historico dia_util,2.0
I19JC029815,22,,dia_util,0.0,0.0,0.01,0.0,0.0,normal,normal,alta,17,historico dia_util,2.0
I19JC029815,23,,dia_util,0.0,0.0,0.01,0.0,0.0,normal,normal,alta,17,historico dia_util,2.0
I19JC029846L,0,,dia_util,0.495,3.0281,5.7186,-0.44,-0.44,normal,normal,alta,11,historico dia_util,2.0
I19JC029846L,1,,dia_util,0.486,2.3959,2.1641,-0.88,-0.88,normal,normal,alta,11,historico dia_util,2.0
I19JC029846L,2,,dia_util,0.488,0.4775,0.1194,0.09,0.09,normal,normal,alta,11,historico dia_util,2.0
I19JC029846L,3,,dia_util,0.488,0.4594,0.1148,0.25,0.25,normal,normal,alta,11,historico dia_util,2.0
I19JC029846L,4,,dia_util,0.488,0.4664,0.1166,0.19,0.19,normal,normal,alta,8,historico dia_util,2.0
I19JC029846L,5,,dia_util,0.485,2.1537,3.0268,-0.55,-0.55,normal,normal,alta,15,historico dia_util,2.0
I19JC029846L,6,,dia_util,0.477,0.4457,0.1114,0.28,0.28,normal,normal,alta,15,historico dia_util,2.0
I19JC029846L,7,,dia_util,0.457,0.4751,0.1188,-0.15,-0.15,normal,normal,alta,15,historico dia_util,2.0
I19JC029846L,8,,dia_util,0.734,1.246,1.3435,-0.38,-0.38,normal,normal,alta,16,historico dia_util,2.0
I19JC029846L,17,,dia_util,7.856,4.7155,5.0675,0.62,0.62,normal,normal,alta,15,historico dia_util,2.0
I19JC029846L,18,,dia_util,0.684,1.1456,0.4886,-0.94,-0.94,normal,normal,alta,15,historico dia_util,2.0
I19JC029846L,19,,dia_util,0.666,1.0594,0.2648,-1.49,-1.49,normal,normal,alta,15,historico dia_util,2.0
I19JC029846L,20,,dia_util,0.758,1.0038,0.3677,-0.67,-0.67,normal,normal,alta,12,historico dia_util,2.0
I19JC029846L,21,,dia_util,0.772,2.5636,3.08,-0.58,-0.58,normal,normal,alta,7,historico dia_util,2.0
I19JC029846L,22,,dia_util,0.523,1.2913,0.6983,-1.1,-1.1,normal,normal,alta,7,historico dia_util,2.0
I19JC029846L,23,,dia_util,1.19,1.3071,0.5324,-0.22,-0.22,normal,normal,alta,7,historico dia_util,2.0
I19JC029855,0,,dia_util,5.266,0.1,0.3009,10.0,17.17,desvio,acima,alta,19,historico dia_util,2.0
I19JC029855,1,,dia_util,0.021,0.0239,0.0201,-0.15,-0.15,normal,normal,alta,19,historico dia_util,2.0
I19JC029855,2,,dia_util,0.019,0.0215,0.018,-0.14,-0.14,normal,normal,alta,19,historico dia_util,2.0
I19JC029855,3,,dia_util,0.02,0.0212,0.018,-0.06,-0.06,normal,normal,alta,19,historico dia_util,2.0
I19JC029855,4,,dia_util,0.02,0.0264,0.0233,-0.28,-0.28,normal,normal,alta,17,historico dia_util,2.0
I19JC029855,5,,dia_util,0.019,0.0218,0.0183,-0.15,-0.15,normal,normal,alta,18,historico dia_util,2.0
I19JC029855,6,,dia_util,0.032,0.0313,0.0273,0.02,0.02,normal,normal,alta,18,historico dia_util,2.0
I19JC029855,7,,dia_util,0.017,0.0267,0.0146,-0.66,-0.66,normal,normal,alta,18,historico dia_util,2.0
I19JC029855,8,,dia_util,0.255,0.1485,0.1,1.07,1.07,normal,normal,alta,16,historico dia_util,2.0
I19JC029855,9,,dia_util,0.701,0.3118,0.1152,3.38,3.38,desvio,acima,alta,17,historico dia_util,2.0
I19JC029855,10,,dia_util,0.172,0.362,0.1281,-1.48,-1.48,normal,normal,alta,17,historico dia_util,2.0
I19JC029855,11,,dia_util,0.229,0.2963,0.121,-0.56,-0.56,normal,normal,alta,17,historico dia_util,2.0
I19JC029855,12,,dia_util,0.263,0.4054,0.4469,-0.32,-0.32,normal,normal,alta,18,historico dia_util,2.0
I19JC029855,13,,dia_util,0.173,0.1881,0.0777,-0.19,-0.19,normal,normal,alta,19,historico dia_util,2.0
I19JC029855,14,,dia_util,1.11,0.3041,0.1542,5.23,5.23,desvio,acima,alta,19,historico dia_util,2.0
I19JC029855,15,,dia_util,0.222,0.3804,0.1244,-1.27,-1.27,normal,normal,alta,19,historico dia_util,2.0
I19JC029855,16,,dia_util,0.561,0.5606,0.2968,0.0,0.0,normal,normal,alta,19,historico dia_util,2.0
I19JC029855,17,,dia_util,0.591,0.5709,0.3028,0.07,0.07,normal,normal,alta,19,historico dia_util,2.0
I19JC029855,18,,dia_util,0.747,0.7436,0.2159,0.02,0.02,normal,normal,alta,19,historico dia_util,2.0
I19JC029855,19,,dia_util,0.607,0.6878,0.1719,-0.47,-0.47,normal,normal,alta,19,historico dia_util,2.0
I19JC029855,20,,dia_util,0.616,0.5559,0.1754,0.34,0.34,normal,normal,alta,16,historico dia_util,2.0
I19JC029855,21,,dia_util,0.271,0.2343,0.1649,0.22,0.22,normal,normal,alta,18,historico dia_util,2.0
I19JC029855,22,,dia_util,0.062,0.0525,0.1247,0.08,0.08,normal,normal,alta,18,historico dia_util,2.0
I19JC029855,23,,dia_util,0.065,0.0215,0.0192,2.27,2.27,desvio,acima,alta,18,historico dia_util,2.0
I19JC029856,0,,dia_util,1.981,1.8248,1.2748,0.12,0.12,normal,normal,alta,17,historico dia_util,2.0
I19JC029856,1,,dia_util,1.997,1.3504,0.8558,0.76,0.76,normal,normal,alta,16,historico dia_util,2.0
I19JC029856,2,,dia_util,2.005,1.3589,0.8614,0.75,0.75,normal,normal,alta,16,historico dia_util,2.0
I19JC029856,3,,dia_util,2.01,2.2894,3.018,-0.09,-0.09,normal,normal,alta,16,historico dia_util,2.0
I19JC029856,4,,dia_util,2.017,1.5489,0.87,0.54,0.54,normal,normal,alta,19,historico dia_util,2.0
I19JC029856,5,,dia_util,2.005,1.3845,0.831,0.75,0.75,normal,normal,alta,19,historico dia_util,2.0
I19JC029856,6,,dia_util,1.933,1.3503,0.8088,0.72,0.72,normal,normal,alta,19,historico dia_util,2.0
I19JC029856,7,,dia_util,1.789,1.0994,0.8138,0.85,0.85,normal,normal,alta,17,historico dia_util,2.0
I19JC029856,8,,dia_util,1.793,1.3532,1.0596,0.42,0.42,normal,normal,alta,18,historico dia_util,2.0
I19JC029856,9,,dia_util,1.806,1.1101,0.7892,0.88,0.88,normal,normal,alta,18,historico dia_util,2.0
I19JC029856,10,,dia_util,1.805,1.0945,0.8173,0.87,0.87,normal,normal,alta,18,historico dia_util,2.0
I19JC029856,15,,dia_util,9.11,2.2097,2.7948,2.47,2.47,desvio,acima,alta,16,historico dia_util,2.0
I19JC029856,16,,dia_util,1.871,1.6944,1.7458,0.1,0.1,normal,normal,alta,17,historico dia_util,2.0
I19JC029856,17,,dia_util,1.867,1.3617,0.7291,0.69,0.69,normal,normal,alta,18,historico dia_util,2.0
I19JC029856,18,,dia_util,1.808,1.3373,0.7156,0.66,0.66,normal,normal,alta,18,historico dia_util,2.0
I19JC029856,19,,dia_util,1.763,1.9327,2.4334,-0.07,-0.07,normal,normal,alta,11,historico dia_util,2.0
I19JC029856,20,,dia_util,1.756,1.3536,0.9583,0.42,0.42,normal,normal,alta,15,historico dia_util,2.0
I19JC029856,21,,dia_util,1.783,1.4993,1.2737,0.22,0.22,normal,normal,alta,16,historico dia_util,2.0
I19JC029856,22,,dia_util,1.852,1.3103,0.7709,0.7,0.7,normal,normal,alta,16,historico dia_util,2.0
I19JC029856,23,,dia_util,1.917,2.4872,2.7519,-0.21,-0.21,normal,normal,alta,15,historico dia_util,2.0
I19JC029867,0,,dia_util,0.0,0.0,0.01,0.0,0.0,normal,normal,alta,18,historico dia_util,2.0
I19JC029867,1,,dia_util,0.0,0.0,0.01,0.0,0.0,normal,normal,alta,20,historico dia_util,2.0
I19JC029867,2,,dia_util,0.0,0.0,0.01,0.0,0.0,normal,normal,alta,20,historico dia_util,2.0
I19JC029867,3,,dia_util,0.0,0.0,0.01,0.0,0.0,normal,normal,alta,20,historico dia_util,2.0
I19JC029867,4,,dia_util,0.0,0.0,0.01,0.0,0.0,normal,normal,alta,20,historico dia_util,2.0
I19JC029867,5,,dia_util,0.0,0.0,0.01,0.0,0.0,normal,normal,alta,18,historico dia_util,2.0
I19JC029867,6,,dia_util,0.0,0.0,0.01,0.0,0.0,normal,normal,alta,20,historico dia_util,2.0
I19JC029867,7,,dia_util,0.0,0.0,0.01,0.0,0.0,normal,normal,alta,20,historico dia_util,2.0
I19JC029867,8,,dia_util,0.0,0.0,0.01,0.0,0.0,normal,normal,alta,20,historico dia_util,2.0
I19JC029867,9,,dia_util,0.0,0.0,0.01,0.0,0.0,normal,normal,alta,19,historico dia_util,2.0
I19JC029867,10,,dia_util,0.0,0.0,0.01,0.0,0.0,normal,normal,alta,19,historico dia_util,2.0
I19JC029867,11,,dia_util,0.0,0.0,0.01,0.0,0.0,normal,normal,alta,19,historico dia_util,2.0
I19JC029867,12,,dia_util,0.0,0.0,0.01,0.0,0.0,normal,normal,alta,19,historico dia_util,2.0
I19JC029867,13,,dia_util,0.0,0.0,0.01,0.0,0.0,normal,normal,alta,18,historico dia_util,2.0
I19JC029867,14,,dia_util,0.0,0.0,0.01,0.0,0.0,normal,normal,alta,18,historico dia_util,2.0
I19JC029867,15,,dia_util,0.0,0.0,0.01,0.0,0.0,normal,normal,alta,18,historico dia_util,2.0
I19JC029867,16,,dia_util,0.0,0.0,0.01,0.0,0.0,normal,normal,alta,18,historico dia_util,2.0
I19JC029867,17,,dia_util,0.0,0.0,0.01,0.0,0.0,normal,normal,alta,17,historico dia_util,2.0
I19JC029867,18,,dia_util,0.0,0.0,0.01,0.0,0.0,normal,normal,alta,18,historico dia_util,2.0
I19JC029867,19,,dia_util,0.0,0.0,0.01,0.0,0.0,normal,normal,alta,18,historico dia_util,2.0
I19JC029867,20,,dia_util,0.0,0.0,0.01,0.0,0.0,normal,normal,alta,18,historico dia_util,2.0
I19JC029867,21,,dia_util,0.0,0.0,0.01,0.0,0.0,normal,normal,alta,20,historico dia_util,2.0
I19JC029867,22,,dia_util,0.0,0.0,0.01,0.0,0.0,normal,normal,alta,19,historico dia_util,2.0
I19JC029867,23,,dia_util,0.0,0.0,0.01,0.0,0.0,normal,normal,alta,19,historico dia_util,2.0
I19JC029868,0,,dia_util,0.0,0.1557,0.2168,-0.72,-0.72,normal,normal,alta,14,historico dia_util,2.0
I19JC029868,1,,dia_util,0.0,0.1768,0.2787,-0.63,-0.63,normal,normal,alta,15,historico dia_util,2.0
I19JC029868,2,,dia_util,0.0,0.1485,0.2173,-0.68,-0.68,normal,normal,alta,15,historico dia_util,2.0
I19JC029868,3,,dia_util,0.0,0.149,0.2181,-0.68,-0.68,normal,normal,alta,15,historico dia_util,2.0
I19JC029868,4,,dia_util,0.0,0.2617,0.5441,-0.48,-0.48,normal,normal,alta,17,historico dia_util,2.0
I19JC029868,5,,dia_util,0.0,0.1575,0.2199,-0.72,-0.72,normal,normal,alta,17,historico dia_util,2.0
I19JC029868,6,,dia_util,0.0,0.1562,0.2181,-0.72,-0.72,normal,normal,alta,17,historico dia_util,2.0
I19JC029868,7,,dia_util,0.0,0.1483,0.207,-0.72,-0.72,normal,normal,alta,17,historico dia_util,2.0
I19JC029868,8,,dia_util,0.0,0.1171,0.1921,-0.61,-0.61,normal,normal,alta,14,historico dia_util,2.0
I19JC029868,9,,dia_util,0.0,0.1375,0.2012,-0.68,-0.68,normal,normal,alta,15,historico dia_util,2.0
I19JC029868,10,,dia_util,0.0,0.1288,0.1914,-0.67,-0.67,normal,normal,alta,15,historico dia_util,2.0
I19JC029868,11,,dia_util,0.0,0.1103,0.1893,-0.58,-0.58,normal,normal,alta,15,historico dia_util,2.0
I19JC029868,16,,dia_util,0.0,0.1061,0.1897,-0.56,-0.56,normal,normal,alta,16,historico dia_util,2.0
I19JC029868,17,,dia_util,0.0,0.1246,0.199,-0.63,-0.63,normal,normal,alta,17,historico dia_util,2.0
I19JC029868,18,,dia_util,0.0,0.1236,0.1974,-0.63,-0.63,normal,normal,alta,17,historico dia_util,2.0
I19JC029868,19,,dia_util,0.0,0.1212,0.1935,-0.63,-0.63,normal,normal,alta,17,historico dia_util,2.0
I19JC029868,20,,dia_util,0.0,0.1264,0.1937,-0.65,-0.65,normal,normal,alta,16,historico dia_util,2.0
I19JC029868,21,,dia_util,0.0,0.1522,0.2509,-0.61,-0.61,normal,normal,alta,16,historico dia_util,2.0
I19JC029868,22,,dia_util,0.0,0.1306,0.2001,-0.65,-0.65,normal,normal,alta,16,historico dia_util,2.0
I19JC029868,23,,dia_util,0.0,0.1339,0.2052,-0.65,-0.65,normal,normal,alta,16,historico dia_util,2.0
I19JC029874,0,,dia_util,0.0,0.0,0.01,0.0,0.0,normal,normal,alta,19,historico dia_util,2.0
I19JC029874,1,,dia_util,0.0,0.0,0.01,0.0,0.0,normal,normal,alta,19,historico dia_util,2.0
I19JC029874,2,,dia_util,0.0,0.0,0.01,0.0,0.0,normal,normal,alta,19,historico dia_util,2.0
I19JC029874,3,,dia_util,0.0,0.0,0.01,0.0,0.0,normal,normal,alta,19,historico dia_util,2.0
I19JC029874,4,,dia_util,0.0,0.0,0.01,0.0,0.0,normal,normal,alta,19,historico dia_util,2.0
I19JC029874,5,,dia_util,0.0,0.0,0.01,0.0,0.0,normal,normal,alta,19,historico dia_util,2.0
I19JC029874,6,,dia_util,0.0,0.0,0.01,0.0,0.0,normal,normal,alta,19,historico dia_util,2.0
I19JC029874,7,,dia_util,0.0,0.027,0.0196,-1.38,-1.38,normal,normal,alta,19,historico dia_util,2.0
I19JC029874,8,,dia_util,0.113,0.0804,0.0362,0.9,0.9,normal,normal,alta,19,historico dia_util,2.0
I19JC029874,9,,dia_util,0.065,0.0887,0.0324,-0.73,-0.73,normal,normal,alta,19,historico dia_util,2.0
I19JC029874,10,,dia_util,0.124,0.1286,0.0707,-0.07,-0.07,normal,normal,alta,19,historico dia_util,2.0
I19JC029874,11,,dia_util,0.17,0.1676,0.0881,0.03,0.03,normal,normal,alta,19,historico dia_util,2.0
I19JC029874,12,,dia_util,0.167,0.1228,0.0452,0.98,0.98,normal,normal,alta,19,historico dia_util,2.0
I19JC029874,13,,dia_util,0.186,0.1375,0.0581,0.83,0.83,normal,normal,alta,19,historico dia_util,2.0
I19JC029874,14,,dia_util,-0.047,0.1776,0.0691,-3.25,-3.25,desvio,abaixo,alta,19,historico dia_util,2.0
I19JC029874,15,,dia_util,0.0,0.1371,0.0606,-2.26,-2.26,desvio,abaixo,alta,19,historico dia_util,2.0
I19JC029874,16,,dia_util,0.365,0.1374,0.0589,3.86,3.86,desvio,acima,alta,19,historico dia_util,2.0
I19JC029874,17,,dia_util,0.116,0.1087,0.0447,0.16,0.16,normal,normal,alta,19,historico dia_util,2.0
I19JC029874,18,,dia_util,0.054,0.0531,0.0287,0.03,0.03,normal,normal,alta,19,historico dia_util,2.0
I19JC029874,19,,dia_util,0.0,0.0,0.01,0.0,0.0,normal,normal,alta,19,historico dia_util,2.0
I19JC029874,20,,dia_util,0.0,0.0,0.01,0.0,0.0,normal,normal,alta,19,historico dia_util,2.0
I19JC029874,21,,dia_util,0.0,0.0,0.01,0.0,0.0,normal,normal,alta,19,historico dia_util,2.0
I19JC029874,22,,dia_util,0.0,0.0,0.01,0.0,0.0,normal,normal,alta,19,historico dia_util,2.0
I19JC029874,23,,dia_util,0.0,0.0,0.01,0.0,0.0,normal,normal,alta,19,historico dia_util,2.0
I19JC029877,0,,dia_util,0.006,0.0061,0.01,-0.01,-0.01,normal,normal,alta,20,historico dia_util,2.0
I19JC029877,1,,dia_util,0.006,0.0061,0.01,-0.01,-0.01,normal,normal,alta,20,historico dia_util,2.0
I19JC029877,2,,dia_util,0.006,0.0062,0.01,-0.02,-0.02,normal,normal,alta,20,historico dia_util,2.0
I19JC029877,3,,dia_util,0.006,0.006,0.01,0.0,0.0,normal,normal,alta,20,historico dia_util,2.0
I19JC029877,4,,dia_util,0.005,0.0062,0.01,-0.12,-0.12,normal,normal,alta,20,historico dia_util,2.0
I19JC029877,5,,dia_util,0.006,0.0061,0.01,-0.01,-0.01,normal,normal,alta,20,historico dia_util,2.0
I19JC029877,6,,dia_util,0.006,0.006,0.01,0.0,0.0,normal,normal,alta,20,historico dia_util,2.0
I19JC029877,7,,dia_util,0.005,0.0179,0.0141,-0.92,-0.92,normal,normal,alta,20,historico dia_util,2.0
I19JC029877,8,,dia_util,0.085,0.0873,0.0687,-0.03,-0.03,normal,normal,alta,20,historico dia_util,2.0
I19JC029877,9,,dia_util,0.066,0.0872,0.0586,-0.36,-0.36,normal,normal,alta,20,historico dia_util,2.0
I19JC029877,10,,dia_util,0.094,0.1402,0.0583,-0.79,-0.79,normal,normal,alta,20,historico dia_util,2.0
I19JC029877,11,,dia_util,0.197,0.2046,0.1444,-0.05,-0.05,normal,normal,alta,20,historico dia_util,2.0
I19JC029877,12,,dia_util,0.2,0.2168,0.1325,-0.13,-0.13,normal,normal,alta,20,historico dia_util,2.0
I19JC029877,13,,dia_util,0.143,0.1494,0.1125,-0.06,-0.06,normal,normal,alta,20,historico dia_util,2.0
I19JC029877,14,,dia_util,0.148,0.2164,0.1369,-0.5,-0.5,normal,normal,alta,20,historico dia_util,2.0
I19JC029877,15,,dia_util,0.308,0.2388,0.0869,0.8,0.8,normal,normal,alta,20,historico dia_util,2.0
I19JC029877,16,,dia_util,0.37,0.2486,0.191,0.64,0.64,normal,normal,alta,20,historico dia_util,2.0
I19JC029877,17,,dia_util,0.241,0.1139,0.039,3.26,3.26,desvio,acima,alta,20,historico dia_util,2.0
I19JC029877,18,,dia_util,0.063,0.106,0.0591,-0.73,-0.73,normal,normal,alta,20,historico dia_util,2.0
I19JC029877,19,,dia_util,0.013,0.0091,0.01,0.39,0.39,normal,normal,alta,20,historico dia_util,2.0
I19JC029877,20,,dia_util,0.005,0.0058,0.01,-0.08,-0.08,normal,normal,alta,20,historico dia_util,2.0
I19JC029877,21,,dia_util,0.006,0.0063,0.01,-0.03,-0.03,normal,normal,alta,20,historico dia_util,2.0
I19JC029877,22,,dia_util,0.005,0.0061,0.01,-0.11,-0.11,normal,normal,alta,20,historico dia_util,2.0
I19JC029877,23,,dia_util,0.006,0.0059,0.01,0.01,0.01,normal,normal,alta,20,historico dia_util,2.0
I19JC029878,0,,dia_util,0.0,0.0,0.01,0.0,0.0,normal,normal,alta,18,historico dia_util,2.0
I19JC029878,1,,dia_util,0.0,0.0,0.01,0.0,0.0,normal,normal,alta,18,historico dia_util,2.0
I19JC029878,2,,dia_util,0.0,0.0,0.01,0.0,0.0,normal,normal,alta,18,historico dia_util,2.0
I19JC029878,3,,dia_util,0.0,0.0,0.01,0.0,0.0,normal,normal,alta,18,historico dia_util,2.0
I19JC029878,4,,dia_util,0.0,0.0,0.01,0.0,0.0,normal,normal,alta,19,historico dia_util,2.0
I19JC029878,5,,dia_util,0.0,0.0,0.01,0.0,0.0,normal,normal,alta,19,historico dia_util,2.0
I19JC029878,6,,dia_util,0.0,0.0,0.01,0.0,0.0,normal,normal,alta,19,historico dia_util,2.0
I19JC029878,7,,dia_util,0.0,0.0,0.01,0.0,0.0,normal,normal,alta,19,historico dia_util,2.0
I19JC029878,8,,dia_util,0.0,0.0,0.01,0.0,0.0,normal,normal,alta,17,historico dia_util,2.0
I19JC029878,9,,dia_util,0.0,0.0,0.01,0.0,0.0,normal,normal,alta,17,historico dia_util,2.0
I19JC029878,10,,dia_util,0.0,0.0,0.01,0.0,0.0,normal,normal,alta,17,historico dia_util,2.0
I19JC029878,11,,dia_util,0.0,0.0,0.01,0.0,0.0,normal,normal,alta,17,historico dia_util,2.0
I19JC029878,12,,dia_util,0.0,0.0,0.01,0.0,0.0,normal,normal,alta,18,historico dia_util,2.0
I19JC029878,13,,dia_util,0.0,0.0,0.01,0.0,0.0,normal,normal,alta,19,historico dia_util,2.0
I19JC029878,14,,dia_util,0.0,0.0,0.01,0.0,0.0,normal,normal,alta,19,historico dia_util,2.0
I19JC029878,15,,dia_util,0.0,0.0,0.01,0.0,0.0,normal,normal,alta,19,historico dia_util,2.0
I19JC029878,16,,dia_util,0.0,0.0,0.01,0.0,0.0,normal,normal,alta,20,historico dia_util,2.0
I19JC029878,17,,dia_util,0.0,0.0,0.01,0.0,0.0,normal,normal,alta,20,historico dia_util,2.0
I19JC029878,18,,dia_util,0.0,0.0,0.01,0.0,0.0,normal,normal,alta,20,historico dia_util,2.0
I19JC029878,19,,dia_util,0.0,0.0,0.01,0.0,0.0,normal,normal,alta,20,historico dia_util,2.0
I19JC029878,20,,dia_util,0.0,0.0,0.01,0.0,0.0,normal,normal,alta,17,historico dia_util,2.0
I19JC029878,21,,dia_util,0.0,0.0,0.01,0.0,0.0,normal,normal,alta,17,historico dia_util,2.0
I19JC029878,22,,dia_util,0.0,0.0,0.01,0.0,0.0,normal,normal,alta,17,historico dia_util,2.0
I19JC029878,23,,dia_util,0.0,0.0,0.01,0.0,0.0,normal,normal,alta,17,historico dia_util,2.0
I19JC029884,0,,dia_util,0.0,0.0,0.01,0.0,0.0,normal,normal,alta,16,historico dia_util,2.0
I19JC029884,1,,dia_util,0.0,0.0,0.01,0.0,0.0,normal,normal,alta,16,historico dia_util,2.0
I19JC029884,2,,dia_util,0.0,0.0,0.01,0.0,0.0,normal,normal,alta,16,historico dia_util,2.0
I19JC029884,3,,dia_util,0.0,0.0,0.01,0.0,0.0,normal,normal,alta,16,historico dia_util,2.0
I19JC029884,4,,dia_util,0.0,0.0,0.01,0.0,0.0,normal,normal,alta,16,historico dia_util,2.0
I19JC029884,9,,dia_util,0.0,0.0,0.01,0.0,0.0,normal,normal,alta,14,historico dia_util,2.0
I19JC029884,10,,dia_util,0.0,0.0,0.01,0.0,0.0,normal,normal,alta,14,historico dia_util,2.0
I19JC029884,11,,dia_util,0.0,0.0,0.01,0.0,0.0,normal,normal,alta,14,historico dia_util,2.0
I19JC029884,12,,dia_util,0.0,0.0,0.01,0.0,0.0,normal,normal,alta,14,historico dia_util,2.0
I19JC029884,17,,dia_util,0.0,0.0,0.01,0.0,0.0,normal,normal,alta,19,historico dia_util,2.0
I19JC029884,18,,dia_util,0.0,0.0,0.01,0.0,0.0,normal,normal,alta,19,historico dia_util,2.0
I19JC029884,19,,dia_util,0.0,0.0,0.01,0.0,0.0,normal,normal,alta,19,historico dia_util,2.0
I19JC029884,20,,dia_util,0.0,0.0,0.01,0.0,0.0,normal,normal,alta,19,historico dia_util,2.0
I19JC029884,21,,dia_util,0.0,0.0,0.01,0.0,0.0,normal,normal,alta,17,historico dia_util,2.0
I19JC029884,22,,dia_util,0.0,0.0,0.01,0.0,0.0,normal,normal,alta,17,historico dia_util,2.0
I19JC029884,23,,dia_util,0.0,0.0,0.01,0.0,0.0,normal,normal,alta,17,historico dia_util,2.0
I19JC029885,0,,dia_util,0.268,0.0667,0.1185,1.7,1.7,normal,normal,alta,20,historico dia_util,2.0
I19JC029885,1,,dia_util,0.271,0.0677,0.1202,1.69,1.69,normal,normal,alta,20,historico dia_util,2.0
I19JC029885,2,,dia_util,0.272,0.0819,0.1558,1.22,1.22,normal,normal,alta,20,historico dia_util,2.0
I19JC029885,3,,dia_util,0.273,0.0683,0.1214,1.69,1.69,normal,normal,alta,20,historico dia_util,2.0
I19JC029885,4,,dia_util,0.273,0.0683,0.1213,1.69,1.69,normal,normal,alta,20,historico dia_util,2.0
I19JC029885,5,,dia_util,0.272,0.0756,0.1254,1.57,1.57,normal,normal,alta,18,historico dia_util,2.0
I19JC029885,6,,dia_util,0.26,0.065,0.1156,1.69,1.69,normal,normal,alta,20,historico dia_util,2.0
I19JC029885,7,,dia_util,0.237,0.0591,0.1051,1.69,1.69,normal,normal,alta,20,historico dia_util,2.0
I19JC029885,8,,dia_util,0.237,0.0588,0.1045,1.71,1.71,normal,normal,alta,20,historico dia_util,2.0
I19JC029885,9,,dia_util,0.238,0.0679,0.1079,1.58,1.58,normal,normal,alta,20,historico dia_util,2.0
I19JC029885,10,,dia_util,0.238,0.1083,0.2277,0.57,0.57,normal,normal,alta,20,historico dia_util,2.0
I19JC029885,11,,dia_util,0.237,0.0722,0.1132,1.45,1.45,normal,normal,alta,20,historico dia_util,2.0
I19JC029885,12,,dia_util,0.239,0.0727,0.1139,1.46,1.46,normal,normal,alta,20,historico dia_util,2.0
I19JC029885,13,,dia_util,0.239,0.1329,0.2773,0.38,0.38,normal,normal,alta,20,historico dia_util,2.0
I19JC029885,14,,dia_util,0.246,0.0757,0.1144,1.49,1.49,normal,normal,alta,20,historico dia_util,2.0
I19JC029885,15,,dia_util,0.249,0.0753,0.118,1.47,1.47,normal,normal,alta,20,historico dia_util,2.0
I19JC029885,16,,dia_util,0.25,0.0757,0.1186,1.47,1.47,normal,normal,alta,20,historico dia_util,2.0
I19JC029885,17,,dia_util,0.25,0.075,0.1176,1.49,1.49,normal,normal,alta,20,historico dia_util,2.0
I19JC029885,18,,dia_util,0.241,0.0731,0.1146,1.47,1.47,normal,normal,alta,20,historico dia_util,2.0
I19JC029885,19,,dia_util,0.233,0.0708,0.111,1.46,1.46,normal,normal,alta,20,historico dia_util,2.0
I19JC029885,20,,dia_util,0.231,0.0697,0.1092,1.48,1.48,normal,normal,alta,20,historico dia_util,2.0
I19JC029885,21,,dia_util,0.237,0.0632,0.1086,1.6,1.6,normal,normal,alta,19,historico dia_util,2.0
I19JC029885,22,,dia_util,0.248,0.0747,0.1171,1.48,1.48,normal,normal,alta,20,historico dia_util,2.0
I19JC029885,23,,dia_util,0.258,0.0779,0.1222,1.47,1.47,normal,normal,alta,20,historico dia_util,2.0
I19JC065474,0,,dia_util,0.0,0.1166,0.1421,-0.82,-0.82,normal,normal,alta,17,historico dia_util,2.0
I19JC065474,1,,dia_util,0.0,0.0579,0.0266,-2.17,-2.17,desvio,abaixo,alta,17,historico dia_util,2.0
I19JC065474,2,,dia_util,0.0,0.058,0.0266,-2.18,-2.18,desvio,abaixo,alta,17,historico dia_util,2.0
I19JC065474,3,,dia_util,0.0,0.0829,0.1107,-0.75,-0.75,normal,normal,alta,17,historico dia_util,2.0
I19JC065474,4,,dia_util,0.0,0.1609,0.2505,-0.64,-0.64,normal,normal,alta,18,historico dia_util,2.0
I19JC065474,5,,dia_util,0.0,0.1143,0.145,-0.79,-0.79,normal,normal,alta,19,historico dia_util,2.0
I19JC065474,6,,dia_util,0.0,0.0703,0.0574,-1.22,-1.22,normal,normal,alta,19,historico dia_util,2.0
I19JC065474,7,,dia_util,0.0,0.1988,0.4639,-0.43,-0.43,normal,normal,alta,19,historico dia_util,2.0
I19JC065474,8,,dia_util,0.0,0.1259,0.2623,-0.48,-0.48,normal,normal,alta,15,historico dia_util,2.0
I19JC065474,9,,dia_util,0.0,0.0586,0.036,-1.62,-1.62,normal,normal,alta,16,historico dia_util,2.0
I19JC065474,10,,dia_util,0.0,0.0804,0.1142,-0.7,-0.7,normal,normal,alta,16,historico dia_util,2.0
I19JC065474,11,,dia_util,0.0,0.1067,0.1538,-0.69,-0.69,normal,normal,alta,16,historico dia_util,2.0
I19JC065474,12,,dia_util,0.0,0.3881,1.109,-0.35,-0.35,normal,normal,alta,17,historico dia_util,2.0
I19JC065474,13,,dia_util,0.0,0.0836,0.1045,-0.8,-0.8,normal,normal,alta,18,historico dia_util,2.0
I19JC065474,14,,dia_util,0.0,0.0593,0.0265,-2.24,-2.24,desvio,abaixo,alta,18,historico dia_util,2.0
I19JC065474,15,,dia_util,0.0,0.1474,0.2784,-0.53,-0.53,normal,normal,alta,18,historico dia_util,2.0
I19JC065474,16,,dia_util,0.0,0.0958,0.164,-0.58,-0.58,normal,normal,alta,20,historico dia_util,2.0
I19JC065474,17,,dia_util,0.0,0.1006,0.1325,-0.76,-0.76,normal,normal,alta,20,historico dia_util,2.0
I19JC065474,18,,dia_util,0.0,0.0781,0.1024,-0.76,-0.76,normal,normal,alta,20,historico dia_util,2.0
I19JC065474,19,,dia_util,0.0,0.1182,0.1594,-0.74,-0.74,normal,normal,alta,20,historico dia_util,2.0
I19JC065474,20,,dia_util,0.0,0.079,0.1098,-0.72,-0.72,normal,normal,alta,18,historico dia_util,2.0
I19JC065474,21,,dia_util,0.0,0.0781,0.1066,-0.73,-0.73,normal,normal,alta,18,historico dia_util,2.0
I19JC065474,22,,dia_util,0.0,0.1257,0.1726,-0.73,-0.73,normal,normal,alta,18,historico dia_util,2.0
I19JC065474,23,,dia_util,0.0,0.0791,0.1093,-0.72,-0.72,normal,normal,alta,18,historico dia_util,2.0
I19JC065475,0,,dia_util,0.0,0.0,0.01,0.0,0.0,normal,normal,alta,16,historico dia_util,2.0
I19JC065475,1,,dia_util,0.0,0.0,0.01,0.0,0.0,normal,normal,alta,18,historico dia_util,2.0
I19JC065475,2,,dia_util,0.0,0.0,0.01,0.0,0.0,normal,normal,alta,18,historico dia_util,2.0
I19JC065475,3,,dia_util,0.0,0.0,0.01,0.0,0.0,normal,normal,alta,18,historico dia_util,2.0
I19JC065475,4,,dia_util,0.0,0.0,0.01,0.0,0.0,normal,normal,alta,20,historico dia_util,2.0
I19JC065475,5,,dia_util,0.0,0.0,0.01,0.0,0.0,normal,normal,alta,20,historico dia_util,2.0
I19JC065475,6,,dia_util,0.0,0.0,0.01,0.0,0.0,normal,normal,alta,20,historico dia_util,2.0
I19JC065475,7,,dia_util,0.0,0.0,0.01,0.0,0.0,normal,normal,alta,20,historico dia_util,2.0
I19JC065475,8,,dia_util,0.0,0.0,0.01,0.0,0.0,normal,normal,alta,18,historico dia_util,2.0
I19JC065475,9,,dia_util,0.0,0.0,0.01,0.0,0.0,normal,normal,alta,18,historico dia_util,2.0
I19JC065475,10,,dia_util,0.0,0.0,0.01,0.0,0.0,normal,normal,alta,18,historico dia_util,2.0
I19JC065475,11,,dia_util,0.0,0.0,0.01,0.0,0.0,normal,normal,alta,18,historico dia_util,2.0
I19JC065475,16,,dia_util,0.0,0.0,0.01,0.0,0.0,normal,normal,alta,20,historico dia_util,2.0
I19JC065475,17,,dia_util,0.0,0.0,0.01,0.0,0.0,normal,normal,alta,20,historico dia_util,2.0
I19JC065475,18,,dia_util,0.0,0.0,0.01,0.0,0.0,normal,normal,alta,20,historico dia_util,2.0
I19JC065475,19,,dia_util,0.0,0.0,0.01,0.0,0.0,normal,normal,alta,20,historico dia_util,2.0
I19JC065475,20,,dia_util,0.0,0.0,0.01,0.0,0.0,normal,normal,alta,17,historico dia_util,2.0
I19JC065475,21,,dia_util,0.0,0.0,0.01,0.0,0.0,normal,normal,alta,17,historico dia_util,2.0
I19JC065475,22,,dia_util,0.0,0.0,0.01,0.0,0.0,normal,normal,alta,17,historico dia_util,2.0
I19JC065475,23,,dia_util,0.0,0.0,0.01,0.0,0.0,normal,normal,alta,17,historico dia_util,2.0
I19JC065506,0,,dia_util,0.0,0.0,0.01,0.0,0.0,normal,normal,alta,20,historico dia_util,2.0
I19JC065506,1,,dia_util,0.0,0.0,0.01,0.0,0.0,normal,normal,alta,20,historico dia_util,2.0
I19JC065506,2,,dia_util,0.0,0.0,0.01,0.0,0.0,normal,normal,alta,20,historico dia_util,2.0
I19JC065506,3,,dia_util,0.0,0.0,0.01,0.0,0.0,normal,normal,alta,20,historico dia_util,2.0
I19JC065506,4,,dia_util,0.0,0.0,0.01,0.0,0.0,normal,normal,alta,20,historico dia_util,2.0
I19JC065506,5,,dia_util,0.0,0.0,0.01,0.0,0.0,normal,normal,alta,20,historico dia_util,2.0
I19JC065506,6,,dia_util,0.0,0.0164,0.0235,-0.7,-0.7,normal,normal,alta,20,historico dia_util,2.0
I19JC065506,7,,dia_util,0.026,0.2744,0.2844,-0.87,-0.87,normal,normal,alta,20,historico dia_util,2.0
I19JC065506,8,,dia_util,0.233,0.1111,0.1311,0.93,0.93,normal,normal,alta,20,historico dia_util,2.0
I19JC065506,9,,dia_util,0.157,0.1182,0.0595,0.65,0.65,normal,normal,alta,20,historico dia_util,2.0
I19JC065506,10,,dia_util,0.097,0.0887,0.0462,0.18,0.18,normal,normal,alta,20,historico dia_util,2.0
I19JC065506,11,,dia_util,0.044,0.0501,0.0229,-0.27,-0.27,normal,normal,alta,20,historico dia_util,2.0
I19JC065506,12,,dia_util,0.026,0.0158,0.0127,0.8,0.8,normal,normal,alta,20,historico dia_util,2.0
I19JC065506,13,,dia_util,0.04,0.0357,0.06,0.07,0.07,normal,normal,alta,20,historico dia_util,2.0
I19JC065506,14,,dia_util,0.037,0.0854,0.0747,-0.65,-0.65,normal,normal,alta,20,historico dia_util,2.0
I19JC065506,15,,dia_util,0.133,0.0908,0.0535,0.79,0.79,normal,normal,alta,20,historico dia_util,2.0
I19JC065506,16,,dia_util,0.056,0.0884,0.0972,-0.33,-0.33,normal,normal,alta,20,historico dia_util,2.0
I19JC065506,17,,dia_util,0.066,0.1348,0.2563,-0.27,-0.27,normal,normal,alta,20,historico dia_util,2.0
I19JC065506,18,,dia_util,0.152,0.1214,0.1597,0.19,0.19,normal,normal,alta,20,historico dia_util,2.0
I19JC065506,19,,dia_util,0.013,0.0287,0.0394,-0.4,-0.4,normal,normal,alta,20,historico dia_util,2.0
I19JC065506,20,,dia_util,0.036,0.05,0.0379,-0.37,-0.37,normal,normal,alta,20,historico dia_util,2.0
I19JC065506,21,,dia_util,0.0,0.0011,0.01,-0.11,-0.11,normal,normal,alta,20,historico dia_util,2.0
I19JC065506,22,,dia_util,0.0,0.0,0.01,0.0,0.0,normal,normal,alta,20,historico dia_util,2.0
I19JC065506,23,,dia_util,0.0,0.0,0.01,0.0,0.0,normal,normal,alta,20,historico dia_util,2.0
I19JC065518,0,,dia_util,0.0,0.0,0.01,0.0,0.0,normal,normal,alta,20,historico dia_util,2.0
I19JC065518,1,,dia_util,0.0,0.0,0.01,0.0,0.0,normal,normal,alta,20,historico dia_util,2.0
I19JC065518,2,,dia_util,0.0,0.0,0.01,0.0,0.0,normal,normal,alta,20,historico dia_util,2.0
I19JC065518,3,,dia_util,0.0,0.0,0.01,0.0,0.0,normal,normal,alta,20,historico dia_util,2.0
I19JC065518,4,,dia_util,0.0,0.0,0.01,0.0,0.0,normal,normal,alta,20,historico dia_util,2.0
I19JC065518,5,,dia_util,0.0,0.0,0.01,0.0,0.0,normal,normal,alta,20,historico dia_util,2.0
I19JC065518,6,,dia_util,0.0,0.0,0.01,0.0,0.0,normal,normal,alta,20,historico dia_util,2.0
I19JC065518,7,,dia_util,0.0,0.0,0.01,0.0,0.0,normal,normal,alta,20,historico dia_util,2.0
I19JC065518,8,,dia_util,0.0,0.0,0.01,0.0,0.0,normal,normal,alta,20,historico dia_util,2.0
I19JC065518,9,,dia_util,0.0,0.0,0.01,0.0,0.0,normal,normal,alta,20,historico dia_util,2.0
I19JC065518,10,,dia_util,0.0,0.0,0.01,0.0,0.0,normal,normal,alta,20,historico dia_util,2.0
I19JC065518,11,,dia_util,0.0,0.0,0.01,0.0,0.0,normal,normal,alta,20,historico dia_util,2.0
I19JC065518,12,,dia_util,0.0,0.0,0.01,0.0,0.0,normal,normal,alta,20,historico dia_util,2.0
I19JC065518,13,,dia_util,0.0,0.0,0.01,0.0,0.0,normal,normal,alta,20,historico dia_util,2.0
I19JC065518,14,,dia_util,0.0,0.0,0.01,0.0,0.0,normal,normal,alta,20,historico dia_util,2.0
I19JC065518,15,,dia_util,0.0,0.0819,0.3665,-0.22,-0.22,normal,normal,alta,20,historico dia_util,2.0
I19JC065518,16,,dia_util,0.0,0.1248,0.5581,-0.22,-0.22,normal,normal,alta,20,historico dia_util,2.0
I19JC065518,17,,dia_util,0.0,0.0,0.01,0.0,0.0,normal,normal,alta,20,historico dia_util,2.0
I19JC065518,18,,dia_util,0.0,0.0,0.01,0.0,0.0,normal,normal,alta,20,historico dia_util,2.0
I19JC065518,19,,dia_util,0.0,0.0,0.01,0.0,0.0,normal,normal,alta,20,historico dia_util,2.0
I19JC065518,20,,dia_util,0.0,0.051,0.2281,-0.22,-0.22,normal,normal,alta,20,historico dia_util,2.0
I19JC065518,21,,dia_util,0.0,0.0415,0.1858,-0.22,-0.22,normal,normal,alta,20,historico dia_util,2.0
I19JC065518,22,,dia_util,0.0,0.0,0.01,0.0,0.0,normal,normal,alta,20,historico dia_util,2.0
I19JC065518,23,,dia_util,0.0,0.0,0.01,0.0,0.0,normal,normal,alta,20,historico dia_util,2.0
I19JC065519,0,,dia_util,0.0,0.0,0.01,0.0,0.0,normal,normal,alta,20,historico dia_util,2.0
I19JC065519,1,,dia_util,0.0,0.0,0.01,0.0,0.0,normal,normal,alta,20,historico dia_util,2.0
I19JC065519,2,,dia_util,0.0,0.0,0.01,0.0,0.0,normal,normal,alta,20,historico dia_util,2.0
I19JC065519,3,,dia_util,0.0,0.0,0.01,0.0,0.0,normal,normal,alta,20,historico dia_util,2.0
I19JC065519,4,,dia_util,0.0,0.003,0.01,-0.3,-0.3,normal,normal,alta,20,historico dia_util,2.0
I19JC065519,5,,dia_util,0.0,0.0,0.01,0.0,0.0,normal,normal,alta,20,historico dia_util,2.0
I19JC065519,6,,dia_util,0.0,0.0,0.01,0.0,0.0,normal,normal,alta,20,historico dia_util,2.0
I19JC065519,7,,dia_util,0.0,0.0,0.01,0.0,0.0,normal,normal,alta,20,historico dia_util,2.0
I19JC065519,8,,dia_util,0.0,0.4527,0.4903,-0.92,-0.92,normal,normal,alta,19,historico dia_util,2.0
I19JC065519,9,,dia_util,0.0,0.0,0.01,0.0,0.0,normal,normal,alta,19,historico dia_util,2.0
I19JC065519,10,,dia_util,0.0,0.0,0.01,0.0,0.0,normal,normal,alta,19,historico dia_util,2.0
I19JC065519,11,,dia_util,0.0,0.0,0.01,0.0,0.0,normal,normal,alta,19,historico dia_util,2.0
I19JC065519,12,,dia_util,0.0,0.0476,0.2131,-0.22,-0.22,normal,normal,alta,20,historico dia_util,2.0
I19JC065519,13,,dia_util,0.0,0.0,0.01,0.0,0.0,normal,normal,alta,20,historico dia_util,2.0
I19JC065519,14,,dia_util,0.0,0.0,0.01,0.0,0.0,normal,normal,alta,20,historico dia_util,2.0
I19JC065519,15,,dia_util,0.0,0.0,0.01,0.0,0.0,normal,normal,alta,20,historico dia_util,2.0
I19JC065519,16,,dia_util,0.0,0.0,0.01,0.0,0.0,normal,normal,alta,20,historico dia_util,2.0
I19JC065519,17,,dia_util,0.0,0.0,0.01,0.0,0.0,normal,normal,alta,20,historico dia_util,2.0
I19JC065519,18,,dia_util,0.0,0.0,0.01,0.0,0.0,normal,normal,alta,20,historico dia_util,2.0
I19JC065519,19,,dia_util,0.0,0.0,0.01,0.0,0.0,normal,normal,alta,20,historico dia_util,2.0
I19JC065519,20,,dia_util,0.0,0.0,0.01,0.0,0.0,normal,normal,alta,20,historico dia_util,2.0
I19JC065519,21,,dia_util,0.0,0.4681,0.4807,-0.97,-0.97,normal,normal,alta,20,historico dia_util,2.0
I19JC065519,22,,dia_util,0.0,0.0,0.01,0.0,0.0,normal,normal,alta,20,historico dia_util,2.0
I19JC065519,23,,dia_util,0.0,0.0,0.01,0.0,0.0,normal,normal,alta,20,historico dia_util,2.0
I19JC065533,0,,dia_util,0.0,0.0001,0.01,-0.01,-0.01,normal,normal,alta,15,historico dia_util,2.0
I19JC065533,1,,dia_util,0.0,0.1514,0.6423,-0.24,-0.24,normal,normal,alta,18,historico dia_util,2.0
I19JC065533,2,,dia_util,0.0,0.0001,0.01,-0.01,-0.01,normal,normal,alta,18,historico dia_util,2.0
I19JC065533,3,,dia_util,0.001,0.0001,0.01,0.09,0.09,normal,normal,alta,18,historico dia_util,2.0
I19JC065533,4,,dia_util,0.0,0.0001,0.01,-0.01,-0.01,normal,normal,alta,18,historico dia_util,2.0
I19JC065533,5,,dia_util,0.0,0.0001,0.01,-0.01,-0.01,normal,normal,alta,15,historico dia_util,2.0
I19JC065533,6,,dia_util,0.153,0.0321,0.0665,1.82,1.82,normal,normal,alta,15,historico dia_util,2.0
I19JC065533,7,,dia_util,2.758,0.5487,1.1359,1.95,1.95,normal,normal,alta,15,historico dia_util,2.0
I19JC065533,8,,dia_util,0.152,0.0319,0.066,1.82,1.82,normal,normal,alta,15,historico dia_util,2.0
I19JC065533,13,,dia_util,8.491,0.933,2.184,3.46,3.46,desvio,acima,alta,17,historico dia_util,2.0
I19JC065533,14,,dia_util,0.152,0.1288,0.4103,0.06,0.06,normal,normal,alta,17,historico dia_util,2.0
I19JC065533,15,,dia_util,2.752,0.5478,1.0781,2.04,2.04,desvio,acima,alta,17,historico dia_util,2.0
I19JC065533,16,,dia_util,0.154,0.0389,0.0721,1.6,1.6,normal,normal,alta,17,historico dia_util,2.0
I19JC065533,17,,dia_util,2.755,1.3225,2.3668,0.61,0.61,normal,normal,alta,15,historico dia_util,2.0
I19JC065533,18,,dia_util,0.154,0.0428,0.0735,1.51,1.51,normal,normal,alta,15,historico dia_util,2.0
I19JC065533,19,,dia_util,2.753,0.7293,1.2519,1.62,1.62,normal,normal,alta,15,historico dia_util,2.0
I19JC065533,20,,dia_util,0.15,0.0428,0.0733,1.46,1.46,normal,normal,alta,15,historico dia_util,2.0
I19JC065533,21,,dia_util,2.736,1.2982,2.3526,0.61,0.61,normal,normal,alta,15,historico dia_util,2.0
I19JC065533,22,,dia_util,0.0,0.0,0.01,0.0,0.0,normal,normal,alta,15,historico dia_util,2.0
I19JC065533,23,,dia_util,0.0,0.0,0.01,0.0,0.0,normal,normal,alta,15,historico dia_util,2.0
I19JC065537,0,,dia_util,0.008,0.0072,0.01,0.08,0.08,normal,normal,alta,20,historico dia_util,2.0
I19JC065537,1,,dia_util,0.007,0.0072,0.01,-0.02,-0.02,normal,normal,alta,20,historico dia_util,2.0
I19JC065537,2,,dia_util,0.008,0.0074,0.01,0.06,0.06,normal,normal,alta,20,historico dia_util,2.0
I19JC065537,3,,dia_util,0.007,0.0075,0.01,-0.05,-0.05,normal,normal,alta,20,historico dia_util,2.0
I19JC065537,4,,dia_util,0.007,0.0072,0.01,-0.02,-0.02,normal,normal,alta,20,historico dia_util,2.0
I19JC065537,5,,dia_util,0.008,0.0072,0.01,0.08,0.08,normal,normal,alta,20,historico dia_util,2.0
I19JC065537,6,,dia_util,0.007,0.007,0.01,0.0,0.0,normal,normal,alta,19,historico dia_util,2.0
I19JC065537,7,,dia_util,0.007,0.0076,0.01,-0.06,-0.06,normal,normal,alta,19,historico dia_util,2.0
I19JC065537,8,,dia_util,0.007,0.0111,0.01,-0.41,-0.41,normal,normal,alta,19,historico dia_util,2.0
I19JC065537,9,,dia_util,0.008,0.0236,0.047,-0.33,-0.33,normal,normal,alta,19,historico dia_util,2.0
I19JC065537,10,,dia_util,0.007,0.0628,0.1376,-0.41,-0.41,normal,normal,alta,20,historico dia_util,2.0
I19JC065537,11,,dia_util,0.007,0.0159,0.0191,-0.47,-0.47,normal,normal,alta,20,historico dia_util,2.0
I19JC065537,12,,dia_util,0.007,0.0105,0.01,-0.35,-0.35,normal,normal,alta,20,historico dia_util,2.0
I19JC065537,13,,dia_util,0.007,0.0167,0.0266,-0.36,-0.36,normal,normal,alta,20,historico dia_util,2.0
I19JC065537,14,,dia_util,0.007,0.0091,0.01,-0.21,-0.21,normal,normal,alta,20,historico dia_util,2.0
I19JC065537,15,,dia_util,0.007,0.0105,0.0127,-0.27,-0.27,normal,normal,alta,20,historico dia_util,2.0
I19JC065537,16,,dia_util,0.008,0.0121,0.0116,-0.35,-0.35,normal,normal,alta,20,historico dia_util,2.0
I19JC065537,17,,dia_util,0.007,0.0336,0.0237,-1.12,-1.12,normal,normal,alta,20,historico dia_util,2.0
I19JC065537,18,,dia_util,0.044,0.1279,0.0952,-0.88,-0.88,normal,normal,alta,20,historico dia_util,2.0
I19JC065537,19,,dia_util,0.089,0.089,0.0487,0.0,0.0,normal,normal,alta,20,historico dia_util,2.0
I19JC065537,20,,dia_util,0.235,0.1684,0.1035,0.64,0.64,normal,normal,alta,20,historico dia_util,2.0
I19JC065537,21,,dia_util,0.507,0.1786,0.1719,1.91,1.91,normal,normal,alta,20,historico dia_util,2.0
I19JC065537,22,,dia_util,0.29,0.1409,0.1873,0.8,0.8,normal,normal,alta,20,historico dia_util,2.0
I19JC065537,23,,dia_util,0.007,0.0328,0.0621,-0.42,-0.42,normal,normal,alta,20,historico dia_util,2.0
I19JC065564I,0,,dia_util,0.344,0.1015,0.2997,0.81,0.81,normal,normal,alta,15,historico dia_util,2.0
I19JC065564I,1,,dia_util,0.024,0.0187,0.0324,0.16,0.16,normal,normal,alta,16,historico dia_util,2.0
I19JC065564I,2,,dia_util,0.01,0.0066,0.01,0.34,0.34,normal,normal,alta,16,historico dia_util,2.0
I19JC065564I,3,,dia_util,0.005,0.0057,0.01,-0.07,-0.07,normal,normal,alta,16,historico dia_util,2.0
I19JC065564I,4,,dia_util,0.012,0.0291,0.0578,-0.3,-0.3,normal,normal,alta,19,historico dia_util,2.0
I19JC065564I,5,,dia_util,0.049,0.0489,0.0239,0.0,0.0,normal,normal,alta,19,historico dia_util,2.0
I19JC065564I,6,,dia_util,0.035,0.0599,0.0315,-0.79,-0.79,normal,normal,alta,19,historico dia_util,2.0
I19JC065564I,7,,dia_util,0.05,0.0749,0.0342,-0.73,-0.73,normal,normal,alta,19,historico dia_util,2.0
I19JC065564I,8,,dia_util,0.06,0.0767,0.0692,-0.24,-0.24,normal,normal,alta,15,historico dia_util,2.0
I19JC065564I,9,,dia_util,0.061,0.0756,0.0483,-0.3,-0.3,normal,normal,alta,16,historico dia_util,2.0
I19JC065564I,10,,dia_util,0.112,0.0997,0.0586,0.21,0.21,normal,normal,alta,16,historico dia_util,2.0
I19JC065564I,11,,dia_util,0.247,0.1085,0.0339,4.08,4.08,desvio,acima,alta,16,historico dia_util,2.0
I19JC065564I,12,,dia_util,0.184,0.2004,0.1997,-0.08,-0.08,normal,normal,alta,18,historico dia_util,2.0
I19JC065564I,13,,dia_util,0.071,0.1075,0.042,-0.87,-0.87,normal,normal,alta,17,historico dia_util,2.0
I19JC065564I,14,,dia_util,0.009,0.0555,0.0294,-1.58,-1.58,normal,normal,alta,17,historico dia_util,2.0
I19JC065564I,15,,dia_util,0.087,0.0475,0.0308,1.28,1.28,normal,normal,alta,17,historico dia_util,2.0
I19JC065564I,16,,dia_util,0.028,0.1006,0.1124,-0.65,-0.65,normal,normal,alta,18,historico dia_util,2.0
I19JC065564I,17,,dia_util,0.11,0.0764,0.0467,0.72,0.72,normal,normal,alta,18,historico dia_util,2.0
I19JC065564I,18,,dia_util,0.088,0.0975,0.0502,-0.19,-0.19,normal,normal,alta,18,historico dia_util,2.0
I19JC065564I,19,,dia_util,0.083,0.1481,0.0572,-1.14,-1.14,normal,normal,alta,18,historico dia_util,2.0
I19JC065564I,20,,dia_util,0.176,0.2243,0.1945,-0.25,-0.25,normal,normal,alta,19,historico dia_util,2.0
I19JC065564I,21,,dia_util,0.167,0.0726,0.0264,3.57,3.57,desvio,acima,alta,19,historico dia_util,2.0
I19JC065564I,22,,dia_util,0.037,0.0615,0.0325,-0.75,-0.75,normal,normal,alta,19,historico dia_util,2.0
I19JC065564I,23,,dia_util,0.057,0.0526,0.0348,0.13,0.13,normal,normal,alta,19,historico dia_util,2.0
I19JE047347N,0,,dia_util,0.0,0.0034,0.01,-0.34,-0.34,normal,normal,alta,20,historico dia_util,2.0
I19JE047347N,1,,dia_util,0.0,0.0032,0.01,-0.32,-0.32,normal,normal,alta,20,historico dia_util,2.0
I19JE047347N,2,,dia_util,0.0,0.003,0.01,-0.3,-0.3,normal,normal,alta,20,historico dia_util,2.0
I19JE047347N,3,,dia_util,0.0,0.0028,0.01,-0.28,-0.28,normal,normal,alta,20,historico dia_util,2.0
I19JE047347N,4,,dia_util,0.0,0.0029,0.01,-0.29,-0.29,normal,normal,alta,20,historico dia_util,2.0
I19JE047347N,5,,dia_util,0.0,0.0037,0.01,-0.37,-0.37,normal,normal,alta,20,historico dia_util,2.0
I19JE047347N,6,,dia_util,0.0,0.0044,0.01,-0.45,-0.45,normal,normal,alta,20,historico dia_util,2.0
I19JE047347N,7,,dia_util,0.021,0.0066,0.01,1.45,1.45,normal,normal,alta,20,historico dia_util,2.0
I19JE047347N,8,,dia_util,0.004,0.0111,0.01,-0.71,-0.71,normal,normal,alta,20,historico dia_util,2.0
I19JE047347N,9,,dia_util,0.005,0.0085,0.01,-0.35,-0.35,normal,normal,alta,20,historico dia_util,2.0
I19JE047347N,10,,dia_util,0.004,0.008,0.01,-0.4,-0.4,normal,normal,alta,20,historico dia_util,2.0
I19JE047347N,11,,dia_util,0.006,0.008,0.01,-0.2,-0.2,normal,normal,alta,20,historico dia_util,2.0
I19JE047347N,12,,dia_util,0.005,0.0083,0.01,-0.33,-0.33,normal,normal,alta,20,historico dia_util,2.0
I19JE047347N,13,,dia_util,0.005,0.0079,0.01,-0.29,-0.29,normal,normal,alta,20,historico dia_util,2.0
I19JE047347N,14,,dia_util,0.006,0.0084,0.01,-0.24,-0.24,normal,normal,alta,20,historico dia_util,2.0
I19JE047347N,15,,dia_util,0.004,0.0095,0.01,-0.55,-0.55,normal,normal,alta,20,historico dia_util,2.0
I19JE047347N,16,,dia_util,0.005,0.0091,0.01,-0.41,-0.41,normal,normal,alta,20,historico dia_util,2.0
I19JE047347N,17,,dia_util,0.004,0.0073,0.01,-0.33,-0.33,normal,normal,alta,20,historico dia_util,2.0
I19JE047347N,18,,dia_util,0.004,0.0057,0.01,-0.17,-0.17,normal,normal,alta,20,historico dia_util,2.0
I19JE047347N,19,,dia_util,0.002,0.0057,0.01,-0.37,-0.37,normal,normal,alta,20,historico dia_util,2.0
I19JE047347N,20,,dia_util,0.002,0.0059,0.01,-0.39,-0.39,normal,normal,alta,20,historico dia_util,2.0
I19JE047347N,21,,dia_util,0.003,0.0059,0.01,-0.29,-0.29,normal,normal,alta,20,historico dia_util,2.0
I19JE047347N,22,,dia_util,0.001,0.0053,0.01,-0.43,-0.43,normal,normal,alta,20,historico dia_util,2.0
I19JE047347N,23,,dia_util,0.001,0.0042,0.01,-0.32,-0.32,normal,normal,alta,20,historico dia_util,2.0
I19JE047349,0,,dia_util,0.0,0.0,0.01,0.0,0.0,normal,normal,alta,15,historico dia_util,2.0
I19JE047349,1,,dia_util,0.0,0.0,0.01,0.0,0.0,normal,normal,alta,16,historico dia_util,2.0
I19JE047349,2,,dia_util,0.0,0.0,0.01,0.0,0.0,normal,normal,alta,16,historico dia_util,2.0
I19JE047349,3,,dia_util,0.0,0.0,0.01,0.0,0.0,normal,normal,alta,16,historico dia_util,2.0
I19JE047349,4,,dia_util,0.0,0.0,0.01,0.0,0.0,normal,normal,alta,16,historico dia_util,2.0
I19JE047349,5,,dia_util,0.0,0.0,0.01,0.0,0.0,normal,normal,alta,16,historico dia_util,2.0
I19JE047349,6,,dia_util,0.0,0.0,0.01,0.0,0.0,normal,normal,alta,17,historico dia_util,2.0
I19JE047349,7,,dia_util,0.0,0.0,0.01,0.0,0.0,normal,normal,alta,17,historico dia_util,2.0
I19JE047349,8,,dia_util,0.0,0.0,0.01,0.0,0.0,normal,normal,alta,17,historico dia_util,2.0
I19JE047349,9,,dia_util,0.0,0.0,0.01,0.0,0.0,normal,normal,alta,16,historico dia_util,2.0
I19JE047349,10,,dia_util,0.0,0.0,0.01,0.0,0.0,normal,normal,alta,17,historico dia_util,2.0
I19JE047349,11,,dia_util,0.0,0.0,0.01,0.0,0.0,normal,normal,alta,17,historico dia_util,2.0
I19JE047349,12,,dia_util,0.0,0.0,0.01,0.0,0.0,normal,normal,alta,17,historico dia_util,2.0
I19JE047349,13,,dia_util,0.0,0.0,0.01,0.0,0.0,normal,normal,alta,17,historico dia_util,2.0
I19JE047349,18,,dia_util,0.0,0.0,0.01,0.0,0.0,normal,normal,alta,17,historico dia_util,2.0
I19JE047349,19,,dia_util,0.0,0.0,0.01,0.0,0.0,normal,normal,alta,17,historico dia_util,2.0
I19JE047349,20,,dia_util,0.0,0.0,0.01,0.0,0.0,normal,normal,alta,17,historico dia_util,2.0
I19JE047349,21,,dia_util,0.0,0.0,0.01,0.0,0.0,normal,normal,alta,16,historico dia_util,2.0
I19JE047349,22,,dia_util,0.0,0.0,0.01,0.0,0.0,normal,normal,alta,16,historico dia_util,2.0
I19JE047349,23,,dia_util,0.0,0.0,0.01,0.0,0.0,normal,normal,alta,16,historico dia_util,2.0
I19JE055638,0,,dia_util,0.0,0.0,0.01,0.0,0.0,normal,normal,alta,14,historico dia_util,2.0
I19JE055638,1,,dia_util,0.0,0.0,0.01,0.0,0.0,normal,normal,alta,16,historico dia_util,2.0
I19JE055638,2,,dia_util,0.0,0.0,0.01,0.0,0.0,normal,normal,alta,16,historico dia_util,2.0
I19JE055638,3,,dia_util,0.0,0.0,0.01,0.0,0.0,normal,normal,alta,17,historico dia_util,2.0
I19JE055638,4,,dia_util,0.0,0.0,0.01,0.0,0.0,normal,normal,alta,17,historico dia_util,2.0
I19JE055638,5,,dia_util,0.0,0.0,0.01,0.0,0.0,normal,normal,alta,17,historico dia_util,2.0
I19JE055638,6,,dia_util,0.0,0.0,0.01,0.0,0.0,normal,normal,alta,17,historico dia_util,2.0
I19JE055638,7,,dia_util,0.0,0.0,0.01,0.0,0.0,normal,normal,alta,17,historico dia_util,2.0
I19JE055638,12,,dia_util,0.0,0.0,0.01,0.0,0.0,normal,normal,alta,15,historico dia_util,2.0
I19JE055638,13,,dia_util,0.0,0.0,0.01,0.0,0.0,normal,normal,alta,15,historico dia_util,2.0
I19JE055638,14,,dia_util,0.0,0.0,0.01,0.0,0.0,normal,normal,alta,15,historico dia_util,2.0
I19JE055638,15,,dia_util,0.0,0.0,0.01,0.0,0.0,normal,normal,alta,15,historico dia_util,2.0
I19JE055638,16,,dia_util,0.0,0.0,0.01,0.0,0.0,normal,normal,alta,16,historico dia_util,2.0
I19JE055638,17,,dia_util,0.0,0.0,0.01,0.0,0.0,normal,normal,alta,16,historico dia_util,2.0
I19JE055638,18,,dia_util,0.0,0.0,0.01,0.0,0.0,normal,normal,alta,16,historico dia_util,2.0
I19JE055638,19,,dia_util,0.0,0.0,0.01,0.0,0.0,normal,normal,alta,14,historico dia_util,2.0
I19JE055638,20,,dia_util,0.0,0.0,0.01,0.0,0.0,normal,normal,alta,18,historico dia_util,2.0
I19JE055638,21,,dia_util,0.0,0.0,0.01,0.0,0.0,normal,normal,alta,18,historico dia_util,2.0
I19JE055638,22,,dia_util,0.0,0.0,0.01,0.0,0.0,normal,normal,alta,18,historico dia_util,2.0
I19JE055638,23,,dia_util,0.0,0.0,0.01,0.0,0.0,normal,normal,alta,18,historico dia_util,2.0
I19MF924543A,0,,dia_util,0.0,0.0,0.01,0.0,0.0,normal,normal,alta,20,historico dia_util,2.0
I19MF924543A,1,,dia_util,0.0,0.0,0.01,0.0,0.0,normal,normal,alta,20,historico dia_util,2.0
I19MF924543A,2,,dia_util,0.0,0.0,0.01,0.0,0.0,normal,normal,alta,20,historico dia_util,2.0
I19MF924543A,3,,dia_util,0.0,0.0,0.01,0.0,0.0,normal,normal,alta,20,historico dia_util,2.0
I19MF924543A,4,,dia_util,0.0,0.0,0.01,0.0,0.0,normal,normal,alta,20,historico dia_util,2.0
I19MF924543A,5,,dia_util,0.0,0.0,0.01,0.0,0.0,normal,normal,alta,20,historico dia_util,2.0
I19MF924543A,6,,dia_util,0.0,0.0,0.01,0.0,0.0,normal,normal,alta,20,historico dia_util,2.0
I19MF924543A,7,,dia_util,0.41,0.3974,0.101,0.13,0.13,normal,normal,alta,19,historico dia_util,2.0
I19MF924543A,8,,dia_util,0.75,0.3955,0.2482,1.43,1.43,normal,normal,alta,20,historico dia_util,2.0
I19MF924543A,9,,dia_util,1.24,0.6675,0.1669,3.43,3.43,desvio,acima,alta,20,historico dia_util,2.0
I19MF924543A,10,,dia_util,0.55,0.535,0.1424,0.11,0.11,normal,normal,alta,20,historico dia_util,2.0
I19MF924543A,11,,dia_util,1.35,1.0395,0.2599,1.19,1.19,normal,normal,alta,19,historico dia_util,2.0
I19MF924543A,12,,dia_util,0.57,0.7005,0.3328,-0.39,-0.39,normal,normal,alta,20,historico dia_util,2.0
I19MF924543A,13,,dia_util,0.94,0.8775,0.2194,0.28,0.28,normal,normal,alta,20,historico dia_util,2.0
I19MF924543A,14,,dia_util,0.77,0.694,0.1735,0.44,0.44,normal,normal,alta,20,historico dia_util,2.0
I19MF924543A,15,,dia_util,0.44,0.367,0.1227,0.59,0.59,normal,normal,alta,20,historico dia_util,2.0
I19MF924543A,16,,dia_util,0.47,0.3995,0.1128,0.63,0.63,normal,normal,alta,20,historico dia_util,2.0
I19MF924543A,17,,dia_util,0.56,0.2415,0.137,2.33,2.33,desvio,acima,alta,20,historico dia_util,2.0
I19MF924543A,18,,dia_util,0.2,0.1225,0.1109,0.7,0.7,normal,normal,alta,20,historico dia_util,2.0
I19MF924543A,19,,dia_util,0.03,0.011,0.0377,0.5,0.5,normal,normal,alta,20,historico dia_util,2.0
I19MF924543A,20,,dia_util,0.0,0.0005,0.01,-0.05,-0.05,normal,normal,alta,20,historico dia_util,2.0
I19MF924543A,21,,dia_util,0.0,0.0,0.01,0.0,0.0,normal,normal,alta,20,historico dia_util,2.0
I19MF924543A,22,,dia_util,0.0,0.0,0.01,0.0,0.0,normal,normal,alta,20,historico dia_util,2.0
I19MF924543A,23,,dia_util,0.0,0.0,0.01,0.0,0.0,normal,normal,alta,20,historico dia_util,2.0
I19MF927865,0,,dia_util,1.54,4.9182,3.4057,-0.99,-0.99,normal,normal,alta,17,historico dia_util,2.0
I19MF927865,1,,dia_util,0.0,1.1006,3.5213,-0.31,-0.31,normal,normal,alta,18,historico dia_util,2.0
I19MF927865,2,,dia_util,0.0,0.0,0.01,0.0,0.0,normal,normal,alta,18,historico dia_util,2.0
I19MF927865,3,,dia_util,0.0,0.0,0.01,0.0,0.0,normal,normal,alta,18,historico dia_util,2.0
I19MF927865,4,,dia_util,0.0,0.08,0.3394,-0.24,-0.24,normal,normal,alta,18,historico dia_util,2.0
I19MF927865,5,,dia_util,5.0,0.6435,1.5891,2.74,2.74,desvio,acima,alta,20,historico dia_util,2.0
I19MF927865,6,,dia_util,0.0,0.0495,0.2214,-0.22,-0.22,normal,normal,alta,20,historico dia_util,2.0
I19MF927865,7,,dia_util,0.0,0.0,0.01,0.0,0.0,normal,normal,alta,20,historico dia_util,2.0
I19MF927865,8,,dia_util,0.0,0.0035,0.0157,-0.22,-0.22,normal,normal,alta,20,historico dia_util,2.0
I19MF927865,9,,dia_util,0.0,3.6075,4.3109,-0.84,-0.84,normal,normal,alta,20,historico dia_util,2.0
I19MF927865,10,,dia_util,6.26,5.97,6.0607,0.05,0.05,normal,normal,alta,20,historico dia_util,2.0
I19MF927865,11,,dia_util,0.0,2.1915,3.717,-0.59,-0.59,normal,normal,alta,20,historico dia_util,2.0
I19MF927865,12,,dia_util,0.0,2.5555,4.2452,-0.6,-0.6,normal,normal,alta,20,historico dia_util,2.0
I19MF927865,13,,dia_util,0.0,0.986,3.3954,-0.29,-0.29,normal,normal,alta,20,historico dia_util,2.0
I19MF927865,14,,dia_util,0.0,1.2885,2.4269,-0.53,-0.53,normal,normal,alta,20,historico dia_util,2.0
I19MF927865,15,,dia_util,0.0,0.411,1.2946,-0.32,-0.32,normal,normal,alta,20,historico dia_util,2.0
I19MF927865,16,,dia_util,0.0,0.0655,0.2539,-0.26,-0.26,normal,normal,alta,20,historico dia_util,2.0
I19MF927865,17,,dia_util,0.0,0.653,1.6497,-0.4,-0.4,normal,normal,alta,20,historico dia_util,2.0
I19MF927865,18,,dia_util,5.48,0.0005,0.01,10.0,547.95,desvio,acima,alta,20,historico dia_util,2.0
I19MF927865,19,,dia_util,0.0,1.6295,2.3011,-0.71,-0.71,normal,normal,alta,20,historico dia_util,2.0
I19MF927865,20,,dia_util,0.0,2.8375,2.4877,-1.14,-1.14,normal,normal,alta,20,historico dia_util,2.0
I19MF927868E,0,,dia_util,0.0,0.0,0.01,0.0,0.0,normal,normal,alta,19,historico dia_util,2.0
I19MF927868E,1,,dia_util,0.0,0.0,0.01,0.0,0.0,normal,normal,alta,19,historico dia_util,2.0
I19MF927868E,6,,dia_util,0.0,0.0,0.01,0.0,0.0,normal,normal,alta,17,historico dia_util,2.0
I19MF927868E,7,,dia_util,0.0,0.0,0.01,0.0,0.0,normal,normal,alta,17,historico dia_util,2.0
I19MF927868E,8,,dia_util,0.0,0.0,0.01,0.0,0.0,normal,normal,alta,17,historico dia_util,2.0
I19MF927868E,9,,dia_util,0.0,0.0,0.01,0.0,0.0,normal,normal,alta,17,historico dia_util,2.0
I19MF927868E,10,,dia_util,0.0,0.0,0.01,0.0,0.0,normal,normal,alta,16,historico dia_util,2.0
I19MF927868E,11,,dia_util,0.0,0.0,0.01,0.0,0.0,normal,normal,alta,16,historico dia_util,2.0
I19MF927868E,12,,dia_util,0.0,0.0,0.01,0.0,0.0,normal,normal,alta,16,historico dia_util,2.0
I19MF927868E,13,,dia_util,0.0,0.0,0.01,0.0,0.0,normal,normal,alta,16,historico dia_util,2.0
I19MF927868E,14,,dia_util,0.0,0.0,0.01,0.0,0.0,normal,normal,alta,20,historico dia_util,2.0
I19MF927868E,15,,dia_util,0.0,0.0,0.01,0.0,0.0,normal,normal,alta,20,historico dia_util,2.0
I19MF927868E,16,,dia_util,0.0,0.0,0.01,0.0,0.0,normal,normal,alta,20,historico dia_util,2.0
I19MF927868E,17,,dia_util,0.0,0.0,0.01,0.0,0.0,normal,normal,alta,20,historico dia_util,2.0
I19MF927868E,18,,dia_util,0.0,0.0,0.01,0.0,0.0,normal,normal,alta,18,historico dia_util,2.0
I19MF927868E,19,,dia_util,0.0,0.0,0.01,0.0,0.0,normal,normal,alta,18,historico dia_util,2.0
I19MF927868E,20,,dia_util,0.0,0.0,0.01,0.0,0.0,normal,normal,alta,18,historico dia_util,2.0
I19MF927868E,21,,dia_util,0.0,0.0,0.01,0.0,0.0,normal,normal,alta,18,historico dia_util,2.0
I19MF927868E,22,,dia_util,0.0,0.0,0.01,0.0,0.0,normal,normal,alta,20,historico dia_util,2.0
I19MF927868E,23,,dia_util,0.0,0.0,0.01,0.0,0.0,normal,normal,alta,20,historico dia_util,2.0
I20JE060955,0,,dia_util,0.0,0.0,0.01,0.0,0.0,normal,normal,alta,15,historico dia_util,2.0
I20JE060955,1,,dia_util,0.0,0.0,0.01,0.0,0.0,normal,normal,alta,17,historico dia_util,2.0
I20JE060955,2,,dia_util,0.0,0.0,0.01,0.0,0.0,normal,normal,alta,17,historico dia_util,2.0
I20JE060955,3,,dia_util,0.0,0.0,0.01,0.0,0.0,normal,normal,alta,16,historico dia_util,2.0
I20JE060955,4,,dia_util,0.0,0.0,0.01,0.0,0.0,normal,normal,alta,16,historico dia_util,2.0
I20JE060955,5,,dia_util,0.0,0.0,0.01,0.0,0.0,normal,normal,alta,16,historico dia_util,2.0
I20JE060955,6,,dia_util,0.0,0.0,0.01,0.0,0.0,normal,normal,alta,16,historico dia_util,2.0
I20JE060955,7,,dia_util,0.0,0.0,0.01,0.0,0.0,normal,normal,alta,16,historico dia_util,2.0
I20JE060955,8,,dia_util,0.0,0.0,0.01,0.0,0.0,normal,normal,alta,16,historico dia_util,2.0
I20JE060955,9,,dia_util,0.0,0.0,0.01,0.0,0.0,normal,normal,alta,16,historico dia_util,2.0
I20JE060955,10,,dia_util,0.0,0.0,0.01,0.0,0.0,normal,normal,alta,16,historico dia_util,2.0
I20JE060955,11,,dia_util,0.0,0.0,0.01,0.0,0.0,normal,normal,alta,15,historico dia_util,2.0
I20JE060955,12,,dia_util,0.0,0.0,0.01,0.0,0.0,normal,normal,alta,15,historico dia_util,2.0
I20JE060955,13,,dia_util,0.0,0.0,0.01,0.0,0.0,normal,normal,alta,15,historico dia_util,2.0
I20JE060955,14,,dia_util,0.0,0.0,0.01,0.0,0.0,normal,normal,alta,15,historico dia_util,2.0
I20JE060955,15,,dia_util,0.0,0.0,0.01,0.0,0.0,normal,normal,alta,16,historico dia_util,2.0
I20JE060955,16,,dia_util,0.0,0.0,0.01,0.0,0.0,normal,normal,alta,16,historico dia_util,2.0
I20JE060955,17,,dia_util,0.0,0.0,0.01,0.0,0.0,normal,normal,alta,16,historico dia_util,2.0
I20JE060955,18,,dia_util,0.0,0.0,0.01,0.0,0.0,normal,normal,alta,16,historico dia_util,2.0
I20JE060955,19,,dia_util,0.0,0.0,0.01,0.0,0.0,normal,normal,alta,17,historico dia_util,2.0
I20JE060955,20,,dia_util,0.0,0.0,0.01,0.0,0.0,normal,normal,alta,17,historico dia_util,2.0
I20JE060955,21,,dia_util,0.0,0.0,0.01,0.0,0.0,normal,normal,alta,17,historico dia_util,2.0
I20JE060955,22,,dia_util,0.0,0.0,0.01,0.0,0.0,normal,normal,alta,17,historico dia_util,2.0
I20JE060955,23,,dia_util,0.0,0.0,0.01,0.0,0.0,normal,normal,alta,17,historico dia_util,2.0
I20JE060957,0,,dia_util,0.11,0.0931,0.0664,0.25,0.25,normal,normal,alta,20,historico dia_util,2.0
I20JE060957,1,,dia_util,0.029,0.0644,0.0648,-0.55,-0.55,normal,normal,alta,20,historico dia_util,2.0
I20JE060957,2,,dia_util,0.008,0.0325,0.015,-1.63,-1.63,normal,normal,alta,20,historico dia_util,2.0
I20JE060957,3,,dia_util,0.008,0.0236,0.01,-1.56,-1.56,normal,normal,alta,20,historico dia_util,2.0
I20JE060957,4,,dia_util,0.015,0.0201,0.01,-0.51,-0.51,normal,normal,alta,20,historico dia_util,2.0
I20JE060957,5,,dia_util,0.023,0.0182,0.01,0.48,0.48,normal,normal,alta,20,historico dia_util,2.0
I20JE060957,6,,dia_util,0.024,0.0338,0.0374,-0.26,-0.26,normal,normal,alta,20,historico dia_util,2.0
I20JE060957,7,,dia_util,0.122,0.0756,0.0697,0.67,0.67,normal,normal,alta,20,historico dia_util,2.0
I20JE060957,8,,dia_util,0.138,0.0916,0.0527,0.88,0.88,normal,normal,alta,20,historico dia_util,2.0
I20JE060957,9,,dia_util,0.223,0.1382,0.0477,1.78,1.78,normal,normal,alta,20,historico dia_util,2.0
I20JE060957,10,,dia_util,0.155,0.1789,0.0544,-0.44,-0.44,normal,normal,alta,20,historico dia_util,2.0
I20JE060957,11,,dia_util,0.325,0.2106,0.0526,2.17,2.17,desvio,acima,alta,20,historico dia_util,2.0
I20JE060957,12,,dia_util,0.214,0.1946,0.0588,0.33,0.33,normal,normal,alta,20,historico dia_util,2.0
I20JE060957,13,,dia_util,0.106,0.1268,0.0365,-0.57,-0.57,normal,normal,alta,20,historico dia_util,2.0
I20JE060957,14,,dia_util,0.127,0.1131,0.0542,0.26,0.26,normal,normal,alta,20,historico dia_util,2.0
I20JE060957,15,,dia_util,0.029,0.1032,0.0622,-1.19,-1.19,normal,normal,alta,20,historico dia_util,2.0
I20JE060957,16,,dia_util,0.072,0.0718,0.0272,0.01,0.01,normal,normal,alta,20,historico dia_util,2.0
I20JE060957,17,,dia_util,0.075,0.0768,0.0382,-0.05,-0.05,normal,normal,alta,20,historico dia_util,2.0
I20JE060957,18,,dia_util,0.129,0.0807,0.0376,1.28,1.28,normal,normal,alta,20,historico dia_util,2.0
I20JE060957,19,,dia_util,0.265,0.2027,0.0917,0.68,0.68,normal,normal,alta,20,historico dia_util,2.0
I20JE060957,20,,dia_util,0.42,0.3177,0.0876,1.17,1.17,normal,normal,alta,20,historico dia_util,2.0
I20JE060957,21,,dia_util,0.134,0.2066,0.073,-1.0,-1.0,normal,normal,alta,20,historico dia_util,2.0
I20JE060957,22,,dia_util,0.101,0.1212,0.0592,-0.34,-0.34,normal,normal,alta,20,historico dia_util,2.0
I20JE060957,23,,dia_util,0.067,0.1098,0.0548,-0.78,-0.78,normal,normal,alta,20,historico dia_util,2.0
I20JE060958,0,,dia_util,0.0,0.0,0.01,0.0,0.0,normal,normal,alta,17,historico dia_util,2.0
I20JE060958,1,,dia_util,0.0,0.0,0.01,0.0,0.0,normal,normal,alta,17,historico dia_util,2.0
I20JE060958,2,,dia_util,0.0,0.0,0.01,0.0,0.0,normal,normal,alta,17,historico dia_util,2.0
I20JE060958,3,,dia_util,0.0,0.0,0.01,0.0,0.0,normal,normal,alta,17,historico dia_util,2.0
I20JE060958,4,,dia_util,0.0,0.0,0.01,0.0,0.0,normal,normal,alta,19,historico dia_util,2.0
I20JE060958,5,,dia_util,0.0,0.0,0.01,0.0,0.0,normal,normal,alta,19,historico dia_util,2.0
I20JE060958,6,,dia_util,0.0,0.0,0.01,0.0,0.0,normal,normal,alta,19,historico dia_util,2.0
I20JE060958,7,,dia_util,0.0,0.0,0.01,0.0,0.0,normal,normal,alta,19,historico dia_util,2.0
I20JE060958,8,,dia_util,0.0,0.0,0.01,0.0,0.0,normal,normal,alta,18,historico dia_util,2.0
I20JE060958,9,,dia_util,0.0,0.0,0.01,0.0,0.0,normal,normal,alta,18,historico dia_util,2.0
I20JE060958,10,,dia_util,0.0,0.0,0.01,0.0,0.0,normal,normal,alta,18,historico dia_util,2.0
I20JE060958,11,,dia_util,0.0,0.0,0.01,0.0,0.0,normal,normal,alta,18,historico dia_util,2.0
I20JE060958,12,,dia_util,0.0,0.0,0.01,0.0,0.0,normal,normal,alta,20,historico dia_util,2.0
I20JE060958,13,,dia_util,0.0,0.0,0.01,0.0,0.0,normal,normal,alta,20,historico dia_util,2.0
I20JE060958,14,,dia_util,0.0,0.0,0.01,0.0,0.0,normal,normal,alta,20,historico dia_util,2.0
I20JE060958,15,,dia_util,0.0,0.0,0.01,0.0,0.0,normal,normal,alta,20,historico dia_util,2.0
I20JE060958,20,,dia_util,0.0,0.0,0.01,0.0,0.0,normal,normal,alta,18,historico dia_util,2.0
I20JE060958,21,,dia_util,0.0,0.0,0.01,0.0,0.0,normal,normal,alta,18,historico dia_util,2.0
I20JE060958,22,,dia_util,0.0,0.0,0.01,0.0,0.0,normal,normal,alta,18,historico dia_util,2.0
I20JE060958,23,,dia_util,0.0,0.0,0.01,0.0,0.0,normal,normal,alta,18,historico dia_util,2.0
I20JE060959,0,,dia_util,0.079,0.0711,0.0178,0.45,0.45,normal,normal,alta,15,historico dia_util,2.0
I20JE060959,1,,dia_util,0.08,0.0713,0.0178,0.49,0.49,normal,normal,alta,15,historico dia_util,2.0
I20JE060959,2,,dia_util,0.081,0.0716,0.0179,0.53,0.53,normal,normal,alta,15,historico dia_util,2.0
I20JE060959,3,,dia_util,0.08,0.148,0.1364,-0.5,-0.5,normal,normal,alta,20,historico dia_util,2.0
I20JE060959,4,,dia_util,0.08,0.0726,0.0181,0.41,0.41,normal,normal,alta,20,historico dia_util,2.0
I20JE060959,5,,dia_util,0.08,0.0724,0.0181,0.42,0.42,normal,normal,alta,20,historico dia_util,2.0
I20JE060959,6,,dia_util,0.08,0.0724,0.0181,0.42,0.42,normal,normal,alta,20,historico dia_util,2.0
I20JE060959,7,,dia_util,0.078,0.0753,0.0188,0.14,0.14,normal,normal,alta,18,historico dia_util,2.0
I20JE060959,8,,dia_util,0.455,0.2937,0.0734,2.2,2.2,desvio,acima,alta,18,historico dia_util,2.0
I20JE060959,9,,dia_util,0.243,0.3664,0.1474,-0.84,-0.84,normal,normal,alta,18,historico dia_util,2.0
I20JE060959,10,,dia_util,0.347,0.3818,0.0955,-0.36,-0.36,normal,normal,alta,18,historico dia_util,2.0
I20JE060959,15,,dia_util,2.122,0.6731,0.732,1.98,1.98,normal,normal,alta,17,historico dia_util,2.0
I20JE060959,16,,dia_util,0.182,0.2062,0.0516,-0.47,-0.47,normal,normal,alta,17,historico dia_util,2.0
I20JE060959,17,,dia_util,0.207,0.2276,0.0569,-0.36,-0.36,normal,normal,alta,17,historico dia_util,2.0
I20JE060959,18,,dia_util,0.189,0.1659,0.0415,0.56,0.56,normal,normal,alta,17,historico dia_util,2.0
I20JE060959,19,,dia_util,0.077,0.1756,0.2863,-0.34,-0.34,normal,normal,alta,17,historico dia_util,2.0
I20JE060959,20,,dia_util,0.073,0.0711,0.0178,0.11,0.11,normal,normal,alta,17,historico dia_util,2.0
I20JE060959,21,,dia_util,0.072,0.0711,0.0178,0.05,0.05,normal,normal,alta,17,historico dia_util,2.0
I20JE060959,22,,dia_util,0.073,0.0716,0.0179,0.08,0.08,normal,normal,alta,17,historico dia_util,2.0
I20JE060959,23,,dia_util,0.075,0.3525,0.9133,-0.3,-0.3,normal,normal,alta,15,historico dia_util,2.0
I20JE067857,0,,dia_util,0.011,0.0157,0.0189,-0.25,-0.25,normal,normal,alta,20,historico dia_util,2.0
I20JE067857,1,,dia_util,0.013,0.0121,0.0211,0.05,0.05,normal,normal,alta,20,historico dia_util,2.0
I20JE067857,2,,dia_util,0.022,0.0078,0.0115,1.24,1.24,normal,normal,alta,20,historico dia_util,2.0
I20JE067857,3,,dia_util,0.017,0.006,0.01,1.1,1.1,normal,normal,alta,20,historico dia_util,2.0
I20JE067857,4,,dia_util,0.014,0.0042,0.01,0.98,0.98,normal,normal,alta,20,historico dia_util,2.0
I20JE067857,5,,dia_util,0.01,0.0058,0.0111,0.37,0.37,normal,normal,alta,20,historico dia_util,2.0
I20JE067857,6,,dia_util,0.072,0.0184,0.0161,3.33,3.33,desvio,acima,alta,20,historico dia_util,2.0
I20JE067857,7,,dia_util,0.112,0.1701,0.0735,-0.79,-0.79,normal,normal,alta,20,historico dia_util,2.0
I20JE067857,8,,dia_util,0.14,0.105,0.0721,0.49,0.49,normal,normal,alta,20,historico dia_util,2.0
I20JE067857,9,,dia_util,0.112,0.1406,0.0675,-0.42,-0.42,normal,normal,alta,20,historico dia_util,2.0
I20JE067857,10,,dia_util,0.12,0.0822,0.0666,0.57,0.57,normal,normal,alta,20,historico dia_util,2.0
I20JE067857,11,,dia_util,0.082,0.0794,0.0487,0.05,0.05,normal,normal,alta,20,historico dia_util,2.0
I20JE067857,12,,dia_util,0.111,0.0883,0.0579,0.39,0.39,normal,normal,alta,20,historico dia_util,2.0
I20JE067857,13,,dia_util,0.057,0.0761,0.048,-0.4,-0.4,normal,normal,alta,20,historico dia_util,2.0
I20JE067857,14,,dia_util,0.012,0.101,0.0799,-1.11,-1.11,normal,normal,alta,19,historico dia_util,2.0
I20JE067857,15,,dia_util,0.162,0.1502,0.0971,0.12,0.12,normal,normal,alta,20,historico dia_util,2.0
I20JE067857,16,,dia_util,0.068,0.0559,0.0612,0.2,0.2,normal,normal,alta,20,historico dia_util,2.0
I20JE067857,17,,dia_util,0.117,0.0688,0.0555,0.87,0.87,normal,normal,alta,20,historico dia_util,2.0
I20JE067857,18,,dia_util,0.117,0.1243,0.0768,-0.09,-0.09,normal,normal,alta,20,historico dia_util,2.0
I20JE067857,19,,dia_util,0.137,0.1511,0.0792,-0.18,-0.18,normal,normal,alta,20,historico dia_util,2.0
I20JE067857,20,,dia_util,0.059,0.1331,0.0395,-1.88,-1.88,normal,normal,alta,20,historico dia_util,2.0
I20JE067857,21,,dia_util,0.061,0.0283,0.0344,0.95,0.95,normal,normal,alta,20,historico dia_util,2.0
I20JE067857,22,,dia_util,0.027,0.0288,0.035,-0.05,-0.05,normal,normal,alta,20,historico dia_util,2.0
I20JE067857,23,,dia_util,0.014,0.0372,0.0391,-0.59,-0.59,normal,normal,alta,20,historico dia_util,2.0
I20JE067858,0,,dia_util,0.071,0.1004,0.0411,-0.71,-0.71,normal,normal,alta,20,historico dia_util,2.0
I20JE067858,1,,dia_util,0.036,0.0583,0.0406,-0.55,-0.55,normal,normal,alta,20,historico dia_util,2.0
I20JE067858,2,,dia_util,0.01,0.0295,0.0137,-1.42,-1.42,normal,normal,alta,20,historico dia_util,2.0
I20JE067858,3,,dia_util,0.002,0.0176,0.0126,-1.23,-1.23,normal,normal,alta,20,historico dia_util,2.0
I20JE067858,4,,dia_util,0.002,0.012,0.011,-0.9,-0.9,normal,normal,alta,20,historico dia_util,2.0
I20JE067858,5,,dia_util,0.009,0.0178,0.0151,-0.58,-0.58,normal,normal,alta,20,historico dia_util,2.0
I20JE067858,6,,dia_util,0.188,0.2006,0.0689,-0.18,-0.18,normal,normal,alta,20,historico dia_util,2.0
I20JE067858,7,,dia_util,0.351,0.3707,0.0927,-0.21,-0.21,normal,normal,alta,20,historico dia_util,2.0
I20JE067858,8,,dia_util,0.374,0.3211,0.1109,0.48,0.48,normal,normal,alta,20,historico dia_util,2.0
I20JE067858,9,,dia_util,0.553,0.3353,0.1521,1.43,1.43,normal,normal,alta,20,historico dia_util,2.0
I20JE067858,10,,dia_util,0.415,0.4357,0.2465,-0.08,-0.08,normal,normal,alta,20,historico dia_util,2.0
I20JE067858,11,,dia_util,0.285,0.3632,0.1743,-0.45,-0.45,normal,normal,alta,20,historico dia_util,2.0
I20JE067858,12,,dia_util,0.145,0.287,0.1422,-1.0,-1.0,normal,normal,alta,20,historico dia_util,2.0
I20JE067858,13,,dia_util,0.139,0.2748,0.1477,-0.92,-0.92,normal,normal,alta,20,historico dia_util,2.0
I20JE067858,14,,dia_util,0.178,0.2034,0.0693,-0.37,-0.37,normal,normal,alta,20,historico dia_util,2.0
I20JE067858,15,,dia_util,0.154,0.1742,0.0531,-0.38,-0.38,normal,normal,alta,20,historico dia_util,2.0
I20JE067858,16,,dia_util,0.187,0.2468,0.137,-0.44,-0.44,normal,normal,alta,20,historico dia_util,2.0
I20JE067858,17,,dia_util,0.548,0.3384,0.0965,2.17,2.17,desvio,acima,alta,20,historico dia_util,2.0
I20JE067858,18,,dia_util,0.468,0.3507,0.0877,1.34,1.34,normal,normal,alta,20,historico dia_util,2.0
I20JE067858,19,,dia_util,0.548,0.4703,0.121,0.64,0.64,normal,normal,alta,20,historico dia_util,2.0
I20JE067858,20,,dia_util,0.472,0.5818,0.1455,-0.75,-0.75,normal,normal,alta,20,historico dia_util,2.0
I20JE067858,21,,dia_util,0.587,0.4944,0.1236,0.75,0.75,normal,normal,alta,20,historico dia_util,2.0
I20JE067858,22,,dia_util,0.216,0.3284,0.1673,-0.67,-0.67,normal,normal,alta,20,historico dia_util,2.0
I20JE067858,23,,dia_util,0.338,0.2235,0.0946,1.21,1.21,normal,normal,alta,20,historico dia_util,2.0
I20JE067859,0,,dia_util,0.124,0.3943,0.1432,-1.89,-1.89,normal,normal,alta,18,historico dia_util,2.0
I20JE067859,1,,dia_util,0.079,0.277,0.1344,-1.47,-1.47,normal,normal,alta,20,historico dia_util,2.0
I20JE067859,2,,dia_util,0.155,0.2416,0.1265,-0.69,-0.69,normal,normal,alta,20,historico dia_util,2.0
I20JE067859,3,,dia_util,0.07,0.2225,0.1197,-1.27,-1.27,normal,normal,alta,20,historico dia_util,2.0
I20JE067859,4,,dia_util,0.065,0.2257,0.1109,-1.45,-1.45,normal,normal,alta,20,historico dia_util,2.0
I20JE067859,5,,dia_util,0.11,0.222,0.1188,-0.94,-0.94,normal,normal,alta,20,historico dia_util,2.0
I20JE067859,6,,dia_util,0.068,0.2406,0.1137,-1.52,-1.52,normal,normal,alta,20,historico dia_util,2.0
I20JE067859,7,,dia_util,0.118,0.269,0.1195,-1.26,-1.26,normal,normal,alta,20,historico dia_util,2.0
I20JE067859,8,,dia_util,0.141,0.3339,0.1189,-1.62,-1.62,normal,normal,alta,20,historico dia_util,2.0
I20JE067859,9,,dia_util,0.284,0.416,0.121,-1.09,-1.09,normal,normal,alta,20,historico dia_util,2.0
I20JE067859,10,,dia_util,0.334,0.4366,0.1259,-0.82,-0.82,normal,normal,alta,20,historico dia_util,2.0
I20JE067859,11,,dia_util,0.302,0.4661,0.1634,-1.0,-1.0,normal,normal,alta,20,historico dia_util,2.0
I20JE067859,12,,dia_util,0.452,0.4411,0.1496,0.07,0.07,normal,normal,alta,20,historico dia_util,2.0
I20JE067859,13,,dia_util,0.517,0.4562,0.146,0.42,0.42,normal,normal,alta,20,historico dia_util,2.0
I20JE067859,14,,dia_util,0.35,0.4355,0.1586,-0.54,-0.54,normal,normal,alta,20,historico dia_util,2.0
I20JE067859,15,,dia_util,0.157,0.398,0.1927,-1.25,-1.25,normal,normal,alta,20,historico dia_util,2.0
I20JE067859,16,,dia_util,0.252,0.3813,0.1828,-0.71,-0.71,normal,normal,alta,20,historico dia_util,2.0
I20JE067859,17,,dia_util,0.256,0.3986,0.1626,-0.88,-0.88,normal,normal,alta,20,historico dia_util,2.0
I20JE067859,18,,dia_util,0.242,0.4229,0.1747,-1.04,-1.04,normal,normal,alta,20,historico dia_util,2.0
I20JE067859,19,,dia_util,0.224,0.517,0.1812,-1.62,-1.62,normal,normal,alta,20,historico dia_util,2.0
I20JE067859,20,,dia_util,0.485,0.6081,0.1984,-0.62,-0.62,normal,normal,alta,20,historico dia_util,2.0
I20JE067859,21,,dia_util,0.377,0.5768,0.1972,-1.01,-1.01,normal,normal,alta,20,historico dia_util,2.0
I20JE067859,22,,dia_util,0.36,0.4215,0.1889,-0.33,-0.33,normal,normal,alta,20,historico dia_util,2.0
I20JE067859,23,,dia_util,0.217,0.3926,0.178,-0.99,-0.99,normal,normal,alta,20,historico dia_util,2.0
I20MF944347P,0,,dia_util,0.04,0.1619,0.301,-0.4,-0.4,normal,normal,alta,16,historico dia_util,2.0
I20MF944347P,1,,dia_util,0.02,0.1029,0.2316,-0.36,-0.36,normal,normal,alta,17,historico dia_util,2.0
I20MF944347P,2,,dia_util,0.01,0.0982,0.2276,-0.39,-0.39,normal,normal,alta,17,historico dia_util,2.0
I20MF944347P,3,,dia_util,0.03,0.0982,0.2301,-0.3,-0.3,normal,normal,alta,17,historico dia_util,2.0
I20MF944347P,4,,dia_util,0.02,0.1,0.2245,-0.36,-0.36,normal,normal,alta,17,historico dia_util,2.0
I20MF944347P,5,,dia_util,0.02,0.1041,0.2289,-0.37,-0.37,normal,normal,alta,17,historico dia_util,2.0
I20MF944347P,6,,dia_util,0.03,0.1053,0.2285,-0.33,-0.33,normal,normal,alta,17,historico dia_util,2.0
I20MF944347P,7,,dia_util,0.04,0.1071,0.2281,-0.29,-0.29,normal,normal,alta,17,historico dia_util,2.0
I20MF944347P,8,,dia_util,0.08,0.1312,0.2284,-0.22,-0.22,normal,normal,alta,17,historico dia_util,2.0
I20MF944347P,9,,dia_util,0.04,0.1553,0.2369,-0.49,-0.49,normal,normal,alta,17,historico dia_util,2.0
I20MF944347P,10,,dia_util,0.13,0.1529,0.224,-0.1,-0.1,normal,normal,alta,17,historico dia_util,2.0
I20MF944347P,11,,dia_util,0.04,0.1253,0.2213,-0.39,-0.39,normal,normal,alta,17,historico dia_util,2.0
I20MF944347P,12,,dia_util,0.06,0.1365,0.228,-0.34,-0.34,normal,normal,alta,17,historico dia_util,2.0
I20MF944347P,13,,dia_util,0.05,0.1265,0.2189,-0.35,-0.35,normal,normal,alta,17,historico dia_util,2.0
I20MF944347P,14,,dia_util,0.1,0.1194,0.2271,-0.09,-0.09,normal,normal,alta,17,historico dia_util,2.0
I20MF944347P,15,,dia_util,0.11,0.1818,0.2387,-0.3,-0.3,normal,normal,alta,17,historico dia_util,2.0
I20MF944347P,16,,dia_util,0.07,0.2082,0.3784,-0.37,-0.37,normal,normal,alta,17,historico dia_util,2.0
I20MF944347P,17,,dia_util,0.07,0.1847,0.3395,-0.34,-0.34,normal,normal,alta,17,historico dia_util,2.0
I20MF944347P,18,,dia_util,0.06,0.1729,0.3136,-0.36,-0.36,normal,normal,alta,17,historico dia_util,2.0
I20MF944347P,19,,dia_util,0.07,0.1706,0.3391,-0.3,-0.3,normal,normal,alta,17,historico dia_util,2.0
I20MF944347P,20,,dia_util,0.04,0.1618,0.3106,-0.39,-0.39,normal,normal,alta,17,historico dia_util,2.0
I20MF944347P,21,,dia_util,0.04,0.1582,0.3097,-0.38,-0.38,normal,normal,alta,17,historico dia_util,2.0
I20MF944347P,22,,dia_util,0.02,0.1571,0.3045,-0.45,-0.45,normal,normal,alta,17,historico dia_util,2.0
I20MF944347P,23,,dia_util,0.03,0.1565,0.3102,-0.41,-0.41,normal,normal,alta,17,historico dia_util,2.0
I20MF944348Q,0,,dia_util,0.0,-0.0015,0.01,0.15,0.15,normal,normal,alta,20,historico dia_util,2.0
I20MF944348Q,1,,dia_util,0.0,0.0,0.01,0.0,0.0,normal,normal,alta,20,historico dia_util,2.0
I20MF944348Q,2,,dia_util,0.0,-0.0005,0.01,0.05,0.05,normal,normal,alta,20,historico dia_util,2.0
I20MF944348Q,3,,dia_util,0.0,0.0,0.01,0.0,0.0,normal,normal,alta,20,historico dia_util,2.0
I20MF944348Q,4,,dia_util,0.0,-0.0005,0.01,0.05,0.05,normal,normal,alta,20,historico dia_util,2.0
I20MF944348Q,5,,dia_util,0.0,0.0,0.01,0.0,0.0,normal,normal,alta,20,historico dia_util,2.0
I20MF944348Q,6,,dia_util,-0.01,-0.0015,0.01,-0.85,-0.85,normal,normal,alta,20,historico dia_util,2.0
I20MF944348Q,7,,dia_util,0.0,-0.006,0.01,0.6,0.6,normal,normal,alta,20,historico dia_util,2.0
I20MF944348Q,8,,dia_util,-0.01,-0.0065,0.01,-0.35,-0.35,normal,normal,alta,20,historico dia_util,2.0
I20MF944348Q,9,,dia_util,0.0,-0.007,0.01,0.7,0.7,normal,normal,alta,20,historico dia_util,2.0
I20MF944348Q,10,,dia_util,-0.01,-0.0065,0.01,-0.35,-0.35,normal,normal,alta,20,historico dia_util,2.0
I20MF944348Q,11,,dia_util,-0.01,-0.008,0.01,-0.2,-0.2,normal,normal,alta,20,historico dia_util,2.0
I20MF944348Q,12,,dia_util,-0.01,-0.007,0.01,-0.3,-0.3,normal,normal,alta,20,historico dia_util,2.0
I20MF944348Q,13,,dia_util,0.0,-0.0065,0.01,0.65,0.65,normal,normal,alta,20,historico dia_util,2.0
I20MF944348Q,14,,dia_util,-0.01,-0.0075,0.01,-0.25,-0.25,normal,normal,alta,20,historico dia_util,2.0
I20MF944348Q,15,,dia_util,-0.01,-0.006,0.01,-0.4,-0.4,normal,normal,alta,20,historico dia_util,2.0
I20MF944348Q,16,,dia_util,-0.01,-0.006,0.01,-0.4,-0.4,normal,normal,alta,20,historico dia_util,2.0
I20MF944348Q,17,,dia_util,0.0,-0.0065,0.01,0.65,0.65,normal,normal,alta,20,historico dia_util,2.0
I20MF944348Q,18,,dia_util,-0.01,-0.0035,0.01,-0.65,-0.65,normal,normal,alta,20,historico dia_util,2.0
I20MF944348Q,19,,dia_util,0.0,-0.004,0.01,0.4,0.4,normal,normal,alta,20,historico dia_util,2.0
I20MF944348Q,20,,dia_util,-0.01,-0.003,0.01,-0.7,-0.7,normal,normal,alta,20,historico dia_util,2.0
I20MF944348Q,21,,dia_util,0.0,-0.004,0.01,0.4,0.4,normal,normal,alta,20,historico dia_util,2.0
I20MF944348Q,22,,dia_util,0.0,-0.0015,0.01,0.15,0.15,normal,normal,alta,20,historico dia_util,2.0
I20MF944348Q,23,,dia_util,0.0,-0.001,0.01,0.1,0.1,normal,normal,alta,20,historico dia_util,2.0
I20MF945856,0,,dia_util,0.0,0.0,0.01,0.0,0.0,normal,normal,alta,10,historico dia_util,2.0
I20MF945856,1,,dia_util,0.0,0.0,0.01,0.0,0.0,normal,normal,alta,13,historico dia_util,2.0
I20MF945856,2,,dia_util,0.0,0.0,0.01,0.0,0.0,normal,normal,alta,13,historico dia_util,2.0
I20MF945856,3,,dia_util,0.0,0.0,0.01,0.0,0.0,normal,normal,alta,13,historico dia_util,2.0
I20MF945856,4,,dia_util,0.0,0.0,0.01,0.0,0.0,normal,normal,alta,14,historico dia_util,2.0
I20MF945856,5,,dia_util,0.0,0.0,0.01,0.0,0.0,normal,normal,alta,16,historico dia_util,2.0
I20MF945856,6,,dia_util,0.0,0.0,0.01,0.0,0.0,normal,normal,alta,16,historico dia_util,2.0
I20MF945856,7,,dia_util,0.0,0.0,0.01,0.0,0.0,normal,normal,alta,16,historico dia_util,2.0
I20MF945856,12,,dia_util,0.0,0.0,0.01,0.0,0.0,normal,normal,alta,11,historico dia_util,2.0
I20MF945856,13,,dia_util,0.0,0.0,0.01,0.0,0.0,normal,normal,alta,11,historico dia_util,2.0
I20MF945856,14,,dia_util,0.0,0.0,0.01,0.0,0.0,normal,normal,alta,11,historico dia_util,2.0
I20MF945856,15,,dia_util,0.0,0.0,0.01,0.0,0.0,normal,normal,alta,11,historico dia_util,2.0
I20MF945856,16,,dia_util,0.0,0.0,0.01,0.0,0.0,normal,normal,alta,9,historico dia_util,2.0
I20MF945856,17,,dia_util,0.0,0.0,0.01,0.0,0.0,normal,normal,alta,16,historico dia_util,2.0
I20MF945856,18,,dia_util,0.0,0.0,0.01,0.0,0.0,normal,normal,alta,16,historico dia_util,2.0
I20MF945856,19,,dia_util,0.0,0.0,0.01,0.0,0.0,normal,normal,alta,16,historico dia_util,2.0
I20MF945856,20,,dia_util,0.0,0.0,0.01,0.0,0.0,normal,normal,alta,13,historico dia_util,2.0
I20MF945856,21,,dia_util,0.0,0.0,0.01,0.0,0.0,normal,normal,alta,10,historico dia_util,2.0
I20MF945856,22,,dia_util,0.0,0.0,0.01,0.0,0.0,normal,normal,alta,10,historico dia_util,2.0
I20MF945856,23,,dia_util,0.0,0.0,0.01,0.0,0.0,normal,normal,alta,10,historico dia_util,2.0
I20MF945857,0,,dia_util,0.0,0.0,0.01,0.0,0.0,normal,normal,alta,19,historico dia_util,2.0
I20MF945857,1,,dia_util,0.0,0.0,0.01,0.0,0.0,normal,normal,alta,19,historico dia_util,2.0
I20MF945857,2,,dia_util,0.0,0.0,0.01,0.0,0.0,normal,normal,alta,19,historico dia_util,2.0
I20MF945857,3,,dia_util,0.0,0.0,0.01,0.0,0.0,normal,normal,alta,19,historico dia_util,2.0
I20MF945857,4,,dia_util,0.0,0.0,0.01,0.0,0.0,normal,normal,alta,18,historico dia_util,2.0
I20MF945857,5,,dia_util,0.0,0.0,0.01,0.0,0.0,normal,normal,alta,19,historico dia_util,2.0
I20MF945857,6,,dia_util,0.0,0.0,0.01,0.0,0.0,normal,normal,alta,19,historico dia_util,2.0
I20MF945857,7,,dia_util,0.04,0.0353,0.0248,0.19,0.19,normal,normal,alta,19,historico dia_util,2.0
I20MF945857,8,,dia_util,0.07,0.1026,0.0596,-0.55,-0.55,normal,normal,alta,19,historico dia_util,2.0
I20MF945857,9,,dia_util,0.13,0.1365,0.0667,-0.1,-0.1,normal,normal,alta,20,historico dia_util,2.0
I20MF945857,10,,dia_util,0.3,0.2885,0.1136,0.1,0.1,normal,normal,alta,20,historico dia_util,2.0
I20MF945857,11,,dia_util,0.45,0.4305,0.1076,0.18,0.18,normal,normal,alta,20,historico dia_util,2.0
I20MF945857,12,,dia_util,0.43,0.4337,0.1084,-0.03,-0.03,normal,normal,alta,19,historico dia_util,2.0
I20MF945857,13,,dia_util,0.64,0.46,0.1719,1.05,1.05,normal,normal,alta,19,historico dia_util,2.0
I20MF945857,14,,dia_util,0.32,0.4105,0.1075,-0.84,-0.84,normal,normal,alta,19,historico dia_util,2.0
I20MF945857,15,,dia_util,0.51,0.5005,0.1251,0.08,0.08,normal,normal,alta,19,historico dia_util,2.0
I20MF945857,16,,dia_util,0.15,0.2716,0.3746,-0.32,-0.32,normal,normal,alta,19,historico dia_util,2.0
I20MF945857,17,,dia_util,0.08,0.1125,0.0373,-0.87,-0.87,normal,normal,alta,20,historico dia_util,2.0
I20MF945857,18,,dia_util,0.18,0.0675,0.0335,3.35,3.35,desvio,acima,alta,20,historico dia_util,2.0
I20MF945857,19,,dia_util,0.0,0.0055,0.0182,-0.3,-0.3,normal,normal,alta,20,historico dia_util,2.0
I20MF945857,20,,dia_util,0.0,0.0,0.01,0.0,0.0,normal,normal,alta,20,historico dia_util,2.0
I20MF945857,21,,dia_util,0.0,0.0,0.01,0.0,0.0,normal,normal,alta,20,historico dia_util,2.0
I20MF945857,22,,dia_util,0.0,0.0,0.01,0.0,0.0,normal,normal,alta,20,historico dia_util,2.0
I20MF945857,23,,dia_util,0.0,0.0,0.01,0.0,0.0,normal,normal,alta,20,historico dia_util,2.0
I21JC023968M,0,,dia_util,0.0,0.0,0.01,0.0,0.0,normal,normal,alta,20,historico dia_util,2.0
I21JC023968M,1,,dia_util,0.0,0.0,0.01,0.0,0.0,normal,normal,alta,20,historico dia_util,2.0
I21JC023968M,2,,dia_util,0.0,0.0,0.01,0.0,0.0,normal,normal,alta,20,historico dia_util,2.0
I21JC023968M,3,,dia_util,0.0,0.0,0.01,0.0,0.0,normal,normal,alta,19,historico dia_util,2.0
I21JC023968M,4,,dia_util,0.0,0.0,0.01,0.0,0.0,normal,normal,alta,19,historico dia_util,2.0
I21JC023968M,5,,dia_util,0.0,0.0,0.01,0.0,0.0,normal,normal,alta,19,historico dia_util,2.0
I21JC023968M,6,,dia_util,0.0,0.0,0.01,0.0,0.0,normal,normal,alta,19,historico dia_util,2.0
I21JC023968M,7,,dia_util,0.0,0.0,0.01,0.0,0.0,normal,normal,alta,19,historico dia_util,2.0
I21JC023968M,8,,dia_util,0.0,0.0,0.01,0.0,0.0,normal,normal,alta,19,historico dia_util,2.0
I21JC023968M,9,,dia_util,0.0,0.0,0.01,0.0,0.0,normal,normal,alta,19,historico dia_util,2.0
I21JC023968M,10,,dia_util,0.0,0.0,0.01,0.0,0.0,normal,normal,alta,19,historico dia_util,2.0
I21JC023968M,11,,dia_util,0.0,0.0,0.01,0.0,0.0,normal,normal,alta,19,historico dia_util,2.0
I21JC023968M,12,,dia_util,0.0,0.0,0.01,0.0,0.0,normal,normal,alta,19,historico dia_util,2.0
I21JC023968M,13,,dia_util,0.0,0.0,0.01,0.0,0.0,normal,normal,alta,19,historico dia_util,2.0
I21JC023968M,14,,dia_util,0.0,0.0,0.01,0.0,0.0,normal,normal,alta,19,historico dia_util,2.0
I21JC023968M,19,,dia_util,0.0,0.0,0.01,0.0,0.0,normal,normal,alta,20,historico dia_util,2.0
I21JC023968M,20,,dia_util,0.0,0.0,0.01,0.0,0.0,normal,normal,alta,20,historico dia_util,2.0
I21JC023968M,21,,dia_util,0.0,0.0,0.01,0.0,0.0,normal,normal,alta,20,historico dia_util,2.0
I21JC023968M,22,,dia_util,0.0,0.0,0.01,0.0,0.0,normal,normal,alta,20,historico dia_util,2.0
I21JC023968M,23,,dia_util,0.0,0.0,0.01,0.0,0.0,normal,normal,alta,19,historico dia_util,2.0
I21JC029084J,0,,dia_util,0.0,0.0,0.01,0.0,0.0,normal,normal,alta,20,historico dia_util,2.0
I21JC029084J,1,,dia_util,0.0,0.0,0.01,0.0,0.0,normal,normal,alta,20,historico dia_util,2.0
I21JC029084J,2,,dia_util,0.0,0.0,0.01,0.0,0.0,normal,normal,alta,20,historico dia_util,2.0
I21JC029084J,3,,dia_util,0.0,0.0,0.01,0.0,0.0,normal,normal,alta,20,historico dia_util,2.0
I21JC029084J,4,,dia_util,0.0,0.0,0.01,0.0,0.0,normal,normal,alta,20,historico dia_util,2.0
I21JC029084J,5,,dia_util,0.0,0.0,0.01,0.0,0.0,normal,normal,alta,20,historico dia_util,2.0
I21JC029084J,6,,dia_util,0.0,0.0,0.01,0.0,0.0,normal,normal,alta,20,historico dia_util,2.0
I21JC029084J,7,,dia_util,0.0,0.0,0.01,0.0,0.0,normal,normal,alta,20,historico dia_util,2.0
I21JC029084J,8,,dia_util,0.0,0.0,0.01,0.0,0.0,normal,normal,alta,20,historico dia_util,2.0
I21JC029084J,9,,dia_util,0.0,0.0,0.01,0.0,0.0,normal,normal,alta,19,historico dia_util,2.0
I21JC029084J,10,,dia_util,0.0,0.0,0.01,0.0,0.0,normal,normal,alta,20,historico dia_util,2.0
I21JC029084J,11,,dia_util,0.0,0.0,0.01,0.0,0.0,normal,normal,alta,20,historico dia_util,2.0
I21JC029084J,12,,dia_util,0.0,0.0,0.01,0.0,0.0,normal,normal,alta,20,historico dia_util,2.0
I21JC029084J,13,,dia_util,0.0,0.0,0.01,0.0,0.0,normal,normal,alta,20,historico dia_util,2.0
I21JC029084J,14,,dia_util,0.0,0.0,0.01,0.0,0.0,normal,normal,alta,20,historico dia_util,2.0
I21JC029084J,15,,dia_util,0.0,0.0,0.01,0.0,0.0,normal,normal,alta,20,historico dia_util,2.0
I21JC029084J,16,,dia_util,0.0,0.0,0.01,0.0,0.0,normal,normal,alta,20,historico dia_util,2.0
I21JC029084J,17,,dia_util,0.0,0.0,0.01,0.0,0.0,normal,normal,alta,20,historico dia_util,2.0
I21JC029084J,18,,dia_util,0.0,0.0,0.01,0.0,0.0,normal,normal,alta,20,historico dia_util,2.0
I21JC029084J,19,,dia_util,0.0,0.0,0.01,0.0,0.0,normal,normal,alta,20,historico dia_util,2.0
I21JC029084J,20,,dia_util,0.0,0.0,0.01,0.0,0.0,normal,normal,alta,20,historico dia_util,2.0
I21JC029084J,21,,dia_util,0.0,0.0,0.01,0.0,0.0,normal,normal,alta,20,historico dia_util,2.0
I21JC029084J,22,,dia_util,0.0,0.0,0.01,0.0,0.0,normal,normal,alta,20,historico dia_util,2.0
I21JC029084J,23,,dia_util,0.0,0.0,0.01,0.0,0.0,normal,normal,alta,20,historico dia_util,2.0
I21JC029093K,0,,dia_util,0.0,0.0007,0.01,-0.07,-0.07,normal,normal,alta,20,historico dia_util,2.0
I21JC029093K,1,,dia_util,0.0,0.0005,0.01,-0.05,-0.05,normal,normal,alta,20,historico dia_util,2.0
I21JC029093K,2,,dia_util,0.0,0.0003,0.01,-0.03,-0.03,normal,normal,alta,20,historico dia_util,2.0
I21JC029093K,3,,dia_util,0.0,0.0001,0.01,-0.01,-0.01,normal,normal,alta,20,historico dia_util,2.0
I21JC029093K,4,,dia_util,0.0,0.0001,0.01,-0.01,-0.01,normal,normal,alta,20,historico dia_util,2.0
I21JC029093K,5,,dia_util,0.0,0.0003,0.01,-0.03,-0.03,normal,normal,alta,20,historico dia_util,2.0
I21JC029093K,6,,dia_util,0.0,0.0008,0.01,-0.08,-0.08,normal,normal,alta,20,historico dia_util,2.0
I21JC029093K,7,,dia_util,0.0,0.0011,0.01,-0.11,-0.11,normal,normal,alta,20,historico dia_util,2.0
I21JC029093K,8,,dia_util,0.0,0.0011,0.01,-0.11,-0.11,normal,normal,alta,20,historico dia_util,2.0
I21JC029093K,9,,dia_util,0.0,0.0008,0.01,-0.07,-0.07,normal,normal,alta,20,historico dia_util,2.0
I21JC029093K,10,,dia_util,0.0,0.0011,0.01,-0.11,-0.11,normal,normal,alta,20,historico dia_util,2.0
I21JC029093K,11,,dia_util,0.0,0.0018,0.01,-0.18,-0.18,normal,normal,alta,20,historico dia_util,2.0
I21JC029093K,12,,dia_util,0.0,0.0152,0.0545,-0.28,-0.28,normal,normal,alta,20,historico dia_util,2.0
I21JC029093K,13,,dia_util,0.0,0.0015,0.01,-0.15,-0.15,normal,normal,alta,20,historico dia_util,2.0
I21JC029093K,14,,dia_util,0.0,0.0047,0.01,-0.47,-0.47,normal,normal,alta,20,historico dia_util,2.0
I21JC029093K,15,,dia_util,0.0,0.0019,0.01,-0.19,-0.19,normal,normal,alta,20,historico dia_util,2.0
I21JC029093K,16,,dia_util,0.0,0.0105,0.0412,-0.25,-0.25,normal,normal,alta,20,historico dia_util,2.0
I21JC029093K,17,,dia_util,0.0,0.0016,0.01,-0.17,-0.17,normal,normal,alta,20,historico dia_util,2.0
I21JC029093K,18,,dia_util,0.0,0.0009,0.01,-0.09,-0.09,normal,normal,alta,20,historico dia_util,2.0
I21JC029093K,19,,dia_util,0.0,0.0009,0.01,-0.09,-0.09,normal,normal,alta,20,historico dia_util,2.0
I21JC029093K,20,,dia_util,0.0,0.0009,0.01,-0.09,-0.09,normal,normal,alta,19,historico dia_util,2.0
I21JC029093K,21,,dia_util,0.0,0.0008,0.01,-0.08,-0.08,normal,normal,alta,20,historico dia_util,2.0
I21JC029093K,22,,dia_util,0.0,0.0008,0.01,-0.08,-0.08,normal,normal,alta,20,historico dia_util,2.0
I21JC029093K,23,,dia_util,0.0,0.0007,0.01,-0.07,-0.07,normal,normal,alta,20,historico dia_util,2.0
I21JC029094L,0,,dia_util,0.0,0.0,0.01,0.0,0.0,normal,normal,alta,16,historico dia_util,2.0
I21JC029094L,1,,dia_util,0.0,0.0,0.01,0.0,0.0,normal,normal,alta,17,historico dia_util,2.0
I21JC029094L,2,,dia_util,0.0,0.0,0.01,0.0,0.0,normal,normal,alta,17,historico dia_util,2.0
I21JC029094L,3,,dia_util,0.0,0.0,0.01,0.0,0.0,normal,normal,alta,17,historico dia_util,2.0
I21JC029094L,4,,dia_util,0.0,0.0,0.01,0.0,0.0,normal,normal,alta,17,historico dia_util,2.0
I21JC029094L,5,,dia_util,0.0,0.0,0.01,0.0,0.0,normal,normal,alta,17,historico dia_util,2.0
I21JC029094L,6,,dia_util,0.0,0.0,0.01,0.0,0.0,normal,normal,alta,17,historico dia_util,2.0
I21JC029094L,7,,dia_util,0.0,0.0,0.01,0.0,0.0,normal,normal,alta,17,historico dia_util,2.0
I21JC029094L,12,,dia_util,0.0,0.0,0.01,0.0,0.0,normal,normal,alta,17,historico dia_util,2.0
I21JC029094L,13,,dia_util,0.0,0.0,0.01,0.0,0.0,normal,normal,alta,17,historico dia_util,2.0
I21JC029094L,14,,dia_util,0.0,0.0,0.01,0.0,0.0,normal,normal,alta,17,historico dia_util,2.0
I21JC029094L,15,,dia_util,0.0,0.0,0.01,0.0,0.0,normal,normal,alta,17,historico dia_util,2.0
I21JC029094L,16,,dia_util,0.0,0.0,0.01,0.0,0.0,normal,normal,alta,16,historico dia_util,2.0
I21JC029094L,17,,dia_util,0.0,0.0,0.01,0.0,0.0,normal,normal,alta,16,historico dia_util,2.0
I21JC029094L,18,,dia_util,0.0,0.0,0.01,0.0,0.0,normal,normal,alta,16,historico dia_util,2.0
I21JC029094L,19,,dia_util,0.0,0.0,0.01,0.0,0.0,normal,normal,alta,16,historico dia_util,2.0
I21JC029094L,20,,dia_util,0.0,0.0,0.01,0.0,0.0,normal,normal,alta,16,historico dia_util,2.0
I21JC029094L,21,,dia_util,0.0,0.0,0.01,0.0,0.0,normal,normal,alta,16,historico dia_util,2.0
I21JC029094L,22,,dia_util,0.0,0.0,0.01,0.0,0.0,normal,normal,alta,16,historico dia_util,2.0
I21JC029094L,23,,dia_util,0.0,0.0,0.01,0.0,0.0,normal,normal,alta,16,historico dia_util,2.0
I21JC029107Z,0,,dia_util,1.315,0.0106,0.0461,10.0,28.29,desvio,acima,alta,19,historico dia_util,2.0
I21JC029107Z,1,,dia_util,1.317,0.0105,0.0459,10.0,28.47,desvio,acima,alta,19,historico dia_util,2.0
I21JC029107Z,2,,dia_util,1.316,0.0106,0.0461,10.0,28.31,desvio,acima,alta,19,historico dia_util,2.0
I21JC029107Z,3,,dia_util,1.316,0.01,0.0449,10.0,29.06,desvio,acima,alta,20,historico dia_util,2.0
I21JC029107Z,4,,dia_util,1.316,0.01,0.0449,10.0,29.06,desvio,acima,alta,20,historico dia_util,2.0
I21JC029107Z,5,,dia_util,1.316,0.01,0.0449,10.0,29.06,desvio,acima,alta,20,historico dia_util,2.0
I21JC029107Z,6,,dia_util,1.315,0.01,0.0449,10.0,29.03,desvio,acima,alta,20,historico dia_util,2.0
I21JC029107Z,7,,dia_util,1.313,0.01,0.0449,10.0,28.99,desvio,acima,alta,20,historico dia_util,2.0
I21JC029107Z,8,,dia_util,1.313,0.2522,0.9612,1.1,1.1,normal,normal,alta,20,historico dia_util,2.0
I21JC029107Z,9,,dia_util,0.288,0.5076,1.6499,-0.13,-0.13,normal,normal,alta,20,historico dia_util,2.0
I21JC029107Z,10,,dia_util,0.0,1.311,3.3864,-0.39,-0.39,normal,normal,alta,20,historico dia_util,2.0
I21JC029107Z,11,,dia_util,0.0,1.8112,3.7975,-0.48,-0.48,normal,normal,alta,19,historico dia_util,2.0
I21JC029107Z,12,,dia_util,0.0,1.9988,4.1782,-0.48,-0.48,normal,normal,alta,19,historico dia_util,2.0
I21JC029107Z,13,,dia_util,0.0,1.7597,3.2656,-0.54,-0.54,normal,normal,alta,19,historico dia_util,2.0
I21JC029107Z,14,,dia_util,0.0,1.1967,2.9956,-0.4,-0.4,normal,normal,alta,19,historico dia_util,2.0
I21JC029107Z,15,,dia_util,0.0,0.3448,0.8779,-0.39,-0.39,normal,normal,alta,20,historico dia_util,2.0
I21JC029107Z,16,,dia_util,0.0,0.254,0.8333,-0.3,-0.3,normal,normal,alta,20,historico dia_util,2.0
I21JC029107Z,17,,dia_util,0.0,0.0993,0.3071,-0.32,-0.32,normal,normal,alta,20,historico dia_util,2.0
I21JC029107Z,18,,dia_util,0.0,0.0758,0.2951,-0.26,-0.26,normal,normal,alta,20,historico dia_util,2.0
I21JC029107Z,19,,dia_util,0.0,0.0758,0.2949,-0.26,-0.26,normal,normal,alta,20,historico dia_util,2.0
I21JC029107Z,20,,dia_util,0.0,0.3808,1.3788,-0.28,-0.28,normal,normal,alta,20,historico dia_util,2.0
I21JC029107Z,21,,dia_util,0.0,0.0755,0.294,-0.26,-0.26,normal,normal,alta,20,historico dia_util,2.0
I21JC029107Z,22,,dia_util,0.0,0.0754,0.2938,-0.26,-0.26,normal,normal,alta,20,historico dia_util,2.0
I21JC029107Z,23,,dia_util,0.0,0.0795,0.3017,-0.26,-0.26,normal,normal,alta,19,historico dia_util,2.0
I21JC029118C,0,,dia_util,0.01,0.0053,0.01,0.47,0.47,normal,normal,alta,20,historico dia_util,2.0
I21JC029118C,1,,dia_util,0.009,0.0049,0.01,0.41,0.41,normal,normal,alta,20,historico dia_util,2.0
I21JC029118C,2,,dia_util,0.008,0.0052,0.01,0.28,0.28,normal,normal,alta,20,historico dia_util,2.0
I21JC029118C,3,,dia_util,0.009,0.0049,0.01,0.41,0.41,normal,normal,alta,20,historico dia_util,2.0
I21JC029118C,4,,dia_util,0.008,0.0049,0.01,0.31,0.31,normal,normal,alta,20,historico dia_util,2.0
I21JC029118C,5,,dia_util,0.009,0.0052,0.01,0.38,0.38,normal,normal,alta,20,historico dia_util,2.0
I21JC029118C,6,,dia_util,0.008,0.0053,0.01,0.27,0.27,normal,normal,alta,20,historico dia_util,2.0
I21JC029118C,7,,dia_util,0.01,0.006,0.01,0.4,0.4,normal,normal,alta,19,historico dia_util,2.0
I21JC029118C,8,,dia_util,0.009,0.0062,0.01,0.28,0.28,normal,normal,alta,19,historico dia_util,2.0
I21JC029118C,9,,dia_util,0.01,0.0065,0.01,0.35,0.35,normal,normal,alta,19,historico dia_util,2.0
I21JC029118C,10,,dia_util,0.01,0.1459,0.6059,-0.22,-0.22,normal,normal,alta,19,historico dia_util,2.0
I21JC029118C,11,,dia_util,0.009,0.0062,0.01,0.28,0.28,normal,normal,alta,20,historico dia_util,2.0
I21JC029118C,12,,dia_util,0.01,0.0063,0.01,0.37,0.37,normal,normal,alta,20,historico dia_util,2.0
I21JC029118C,13,,dia_util,0.01,0.0217,0.0694,-0.17,-0.17,normal,normal,alta,20,historico dia_util,2.0
I21JC029118C,14,,dia_util,0.01,0.0062,0.01,0.38,0.38,normal,normal,alta,20,historico dia_util,2.0
I21JC029118C,15,,dia_util,0.01,0.0063,0.01,0.37,0.37,normal,normal,alta,20,historico dia_util,2.0
I21JC029118C,16,,dia_util,0.009,0.0063,0.01,0.27,0.27,normal,normal,alta,20,historico dia_util,2.0
I21JC029118C,17,,dia_util,0.009,0.0061,0.01,0.29,0.29,normal,normal,alta,20,historico dia_util,2.0
I21JC029118C,18,,dia_util,0.01,0.0063,0.01,0.37,0.37,normal,normal,alta,20,historico dia_util,2.0
I21JC029118C,19,,dia_util,0.009,0.0062,0.01,0.28,0.28,normal,normal,alta,20,historico dia_util,2.0
I21JC029118C,20,,dia_util,0.01,0.0063,0.01,0.37,0.37,normal,normal,alta,20,historico dia_util,2.0
I21JC029118C,21,,dia_util,0.009,0.0064,0.01,0.26,0.26,normal,normal,alta,20,historico dia_util,2.0
I21JC029118C,22,,dia_util,0.01,0.0062,0.01,0.38,0.38,normal,normal,alta,20,historico dia_util,2.0
I21JC029118C,23,,dia_util,0.009,0.0062,0.01,0.28,0.28,normal,normal,alta,20,historico dia_util,2.0
I21JC029120W,0,,dia_util,0.0,0.0127,0.0266,-0.48,-0.48,normal,normal,alta,20,historico dia_util,2.0
I21JC029120W,1,,dia_util,0.0,0.0,0.01,0.0,0.0,normal,normal,alta,20,historico dia_util,2.0
I21JC029120W,2,,dia_util,0.0,0.0,0.01,0.0,0.0,normal,normal,alta,20,historico dia_util,2.0
I21JC029120W,3,,dia_util,0.0,0.0,0.01,0.0,0.0,normal,normal,alta,20,historico dia_util,2.0
I21JC029120W,4,,dia_util,0.0,0.0,0.01,0.0,0.0,normal,normal,alta,20,historico dia_util,2.0
I21JC029120W,5,,dia_util,0.0,0.0,0.01,0.0,0.0,normal,normal,alta,20,historico dia_util,2.0
I21JC029120W,6,,dia_util,0.0,0.0001,0.01,-0.01,-0.01,normal,normal,alta,20,historico dia_util,2.0
I21JC029120W,7,,dia_util,0.0,0.0,0.01,0.0,0.0,normal,normal,alta,20,historico dia_util,2.0
I21JC029120W,8,,dia_util,0.0,0.0024,0.01,-0.24,-0.24,normal,normal,alta,20,historico dia_util,2.0
I21JC029120W,9,,dia_util,0.014,0.0125,0.0121,0.12,0.12,normal,normal,alta,20,historico dia_util,2.0
I21JC029120W,10,,dia_util,0.005,0.0284,0.0321,-0.73,-0.73,normal,normal,alta,20,historico dia_util,2.0
I21JC029120W,11,,dia_util,0.032,0.0275,0.0134,0.34,0.34,normal,normal,alta,20,historico dia_util,2.0
I21JC029120W,12,,dia_util,0.08,0.0186,0.0131,4.7,4.7,desvio,acima,alta,20,historico dia_util,2.0
I21JC029120W,13,,dia_util,0.049,0.0131,0.0164,2.19,2.19,desvio,acima,alta,20,historico dia_util,2.0
I21JC029120W,14,,dia_util,0.05,0.0299,0.0421,0.48,0.48,normal,normal,alta,20,historico dia_util,2.0
I21JC029120W,15,,dia_util,0.093,0.0433,0.0521,0.95,0.95,normal,normal,alta,20,historico dia_util,2.0
I21JC029120W,16,,dia_util,0.004,0.0114,0.019,-0.39,-0.39,normal,normal,alta,20,historico dia_util,2.0
I21JC029120W,17,,dia_util,0.02,0.007,0.0101,1.29,1.29,normal,normal,alta,20,historico dia_util,2.0
I21JC029120W,18,,dia_util,0.03,0.0286,0.0165,0.09,0.09,normal,normal,alta,20,historico dia_util,2.0
I21JC029120W,19,,dia_util,0.045,0.0176,0.0133,2.06,2.06,desvio,acima,alta,20,historico dia_util,2.0
I21JC029120W,20,,dia_util,0.163,0.0596,0.0349,2.96,2.96,desvio,acima,alta,20,historico dia_util,2.0
I21JC029120W,21,,dia_util,0.137,0.0583,0.0303,2.6,2.6,desvio,acima,alta,20,historico dia_util,2.0
I21JC029120W,22,,dia_util,0.013,0.0537,0.0352,-1.16,-1.16,normal,normal,alta,20,historico dia_util,2.0
I21JC029120W,23,,dia_util,0.092,0.062,0.0473,0.63,0.63,normal,normal,alta,20,historico dia_util,2.0
I21JC029122Y,0,,dia_util,0.0,0.0123,0.055,-0.22,-0.22,normal,normal,alta,20,historico dia_util,2.0
I21JC029122Y,1,,dia_util,0.0,0.0123,0.055,-0.22,-0.22,normal,normal,alta,20,historico dia_util,2.0
I21JC029122Y,2,,dia_util,0.0,0.0123,0.055,-0.22,-0.22,normal,normal,alta,20,historico dia_util,2.0
I21JC029122Y,3,,dia_util,0.0,0.0123,0.0552,-0.22,-0.22,normal,normal,alta,20,historico dia_util,2.0
I21JC029122Y,4,,dia_util,0.0,0.0123,0.055,-0.22,-0.22,normal,normal,alta,20,historico dia_util,2.0
I21JC029122Y,5,,dia_util,0.0,0.0123,0.0552,-0.22,-0.22,normal,normal,alta,20,historico dia_util,2.0
I21JC029122Y,6,,dia_util,0.0,0.0151,0.0555,-0.27,-0.27,normal,normal,alta,20,historico dia_util,2.0
I21JC029122Y,7,,dia_util,0.026,0.0466,0.0643,-0.32,-0.32,normal,normal,alta,20,historico dia_util,2.0
I21JC029122Y,8,,dia_util,0.038,0.0927,0.0586,-0.93,-0.93,normal,normal,alta,20,historico dia_util,2.0
I21JC029122Y,9,,dia_util,0.281,0.2711,0.09,0.11,0.11,normal,normal,alta,20,historico dia_util,2.0
I21JC029122Y,10,,dia_util,0.42,0.471,0.1178,-0.43,-0.43,normal,normal,alta,20,historico dia_util,2.0
I21JC029122Y,11,,dia_util,0.502,0.5616,0.1404,-0.42,-0.42,normal,normal,alta,20,historico dia_util,2.0
I21JC029122Y,12,,dia_util,0.473,0.5551,0.1388,-0.59,-0.59,normal,normal,alta,20,historico dia_util,2.0
I21JC029122Y,13,,dia_util,0.585,0.7248,0.1812,-0.77,-0.77,normal,normal,alta,20,historico dia_util,2.0
I21JC029122Y,14,,dia_util,0.296,0.277,0.0865,0.22,0.22,normal,normal,alta,20,historico dia_util,2.0
I21JC029122Y,15,,dia_util,0.215,0.3326,0.0831,-1.41,-1.41,normal,normal,alta,20,historico dia_util,2.0
I21JC029122Y,16,,dia_util,0.241,0.2297,0.1055,0.11,0.11,normal,normal,alta,20,historico dia_util,2.0
I21JC029122Y,17,,dia_util,0.069,0.1375,0.0655,-1.05,-1.05,normal,normal,alta,20,historico dia_util,2.0
I21JC029122Y,18,,dia_util,0.033,0.0516,0.0225,-0.83,-0.83,normal,normal,alta,20,historico dia_util,2.0
I21JC029122Y,19,,dia_util,0.0,0.0023,0.01,-0.23,-0.23,normal,normal,alta,20,historico dia_util,2.0
I21JC029122Y,20,,dia_util,0.0,0.0002,0.01,-0.02,-0.02,normal,normal,alta,20,historico dia_util,2.0
I21JC029122Y,21,,dia_util,0.0,0.0001,0.01,-0.01,-0.01,normal,normal,alta,20,historico dia_util,2.0
I21JC029122Y,22,,dia_util,0.0,0.0001,0.01,-0.01,-0.01,normal,normal,alta,20,historico dia_util,2.0
I21JC029122Y,23,,dia_util,0.0,0.0001,0.01,-0.01,-0.01,normal,normal,alta,20,historico dia_util,2.0
I21JC029129F,0,,dia_util,0.101,0.0829,0.0372,0.49,0.49,normal,normal,alta,20,historico dia_util,2.0
I21JC029129F,1,,dia_util,0.034,0.039,0.0151,-0.33,-0.33,normal,normal,alta,20,historico dia_util,2.0
I21JC029129F,2,,dia_util,0.017,0.0189,0.01,-0.19,-0.19,normal,normal,alta,20,historico dia_util,2.0
I21JC029129F,3,,dia_util,0.014,0.0088,0.01,0.52,0.52,normal,normal,alta,20,historico dia_util,2.0
I21JC029129F,4,,dia_util,0.015,0.0061,0.01,0.89,0.89,normal,normal,alta,20,historico dia_util,2.0
I21JC029129F,5,,dia_util,0.015,0.0071,0.0123,0.64,0.64,normal,normal,alta,20,historico dia_util,2.0
I21JC029129F,6,,dia_util,0.014,0.025,0.031,-0.35,-0.35,normal,normal,alta,20,historico dia_util,2.0
I21JC029129F,7,,dia_util,0.105,0.172,0.0831,-0.81,-0.81,normal,normal,alta,20,historico dia_util,2.0
I21JC029129F,8,,dia_util,0.226,0.2502,0.0873,-0.28,-0.28,normal,normal,alta,20,historico dia_util,2.0
I21JC029129F,9,,dia_util,0.214,0.188,0.055,0.47,0.47,normal,normal,alta,20,historico dia_util,2.0
I21JC029129F,10,,dia_util,0.091,0.1693,0.0886,-0.88,-0.88,normal,normal,alta,20,historico dia_util,2.0
I21JC029129F,11,,dia_util,0.076,0.1557,0.0605,-1.32,-1.32,normal,normal,alta,20,historico dia_util,2.0
I21JC029129F,12,,dia_util,0.171,0.1611,0.0656,0.15,0.15,normal,normal,alta,20,historico dia_util,2.0
I21JC029129F,13,,dia_util,0.15,0.1686,0.0537,-0.35,-0.35,normal,normal,alta,20,historico dia_util,2.0
I21JC029129F,14,,dia_util,0.151,0.1547,0.0719,-0.05,-0.05,normal,normal,alta,20,historico dia_util,2.0
I21JC029129F,15,,dia_util,0.142,0.1063,0.05,0.71,0.71,normal,normal,alta,20,historico dia_util,2.0
I21JC029129F,16,,dia_util,0.124,0.1225,0.0721,0.02,0.02,normal,normal,alta,20,historico dia_util,2.0
I21JC029129F,17,,dia_util,0.147,0.1269,0.0575,0.35,0.35,normal,normal,alta,20,historico dia_util,2.0
I21JC029129F,18,,dia_util,0.161,0.176,0.0765,-0.2,-0.2,normal,normal,alta,20,historico dia_util,2.0
I21JC029129F,19,,dia_util,0.124,0.1295,0.036,-0.15,-0.15,normal,normal,alta,20,historico dia_util,2.0
I21JC029129F,20,,dia_util,0.116,0.1733,0.0692,-0.83,-0.83,normal,normal,alta,20,historico dia_util,2.0
I21JC029129F,21,,dia_util,0.217,0.2123,0.0947,0.05,0.05,normal,normal,alta,20,historico dia_util,2.0
I21JC029129F,22,,dia_util,0.187,0.229,0.0806,-0.52,-0.52,normal,normal,alta,20,historico dia_util,2.0
I21JC029129F,23,,dia_util,0.116,0.1683,0.0829,-0.63,-0.63,normal,normal,alta,20,historico dia_util,2.0
I21JC029134C,0,,dia_util,0.02,0.0232,0.0215,-0.15,-0.15,normal,normal,alta,20,historico dia_util,2.0
I21JC029134C,1,,dia_util,0.019,0.0231,0.0216,-0.19,-0.19,normal,normal,alta,20,historico dia_util,2.0
I21JC029134C,2,,dia_util,0.019,0.0229,0.0218,-0.18,-0.18,normal,normal,alta,20,historico dia_util,2.0
I21JC029134C,3,,dia_util,0.02,0.0226,0.0219,-0.12,-0.12,normal,normal,alta,20,historico dia_util,2.0
I21JC029134C,4,,dia_util,0.02,0.0228,0.0216,-0.13,-0.13,normal,normal,alta,20,historico dia_util,2.0
I21JC029134C,5,,dia_util,0.019,0.0226,0.0216,-0.16,-0.16,normal,normal,alta,20,historico dia_util,2.0
I21JC029134C,6,,dia_util,0.019,0.022,0.0215,-0.14,-0.14,normal,normal,alta,20,historico dia_util,2.0
I21JC029134C,7,,dia_util,0.017,0.0361,0.0264,-0.72,-0.72,normal,normal,alta,20,historico dia_util,2.0
I21JC029134C,8,,dia_util,0.26,0.2494,0.0623,0.17,0.17,normal,normal,alta,20,historico dia_util,2.0
I21JC029134C,9,,dia_util,0.463,0.5242,0.182,-0.34,-0.34,normal,normal,alta,20,historico dia_util,2.0
I21JC029134C,10,,dia_util,0.535,0.929,0.5657,-0.7,-0.7,normal,normal,alta,20,historico dia_util,2.0
I21JC029134C,11,,dia_util,1.156,1.3304,0.616,-0.28,-0.28,normal,normal,alta,20,historico dia_util,2.0
I21JC029134C,12,,dia_util,0.825,0.899,0.2617,-0.28,-0.28,normal,normal,alta,20,historico dia_util,2.0
I21JC029134C,13,,dia_util,1.181,1.1184,0.2796,0.22,0.22,normal,normal,alta,20,historico dia_util,2.0
I21JC029134C,14,,dia_util,1.157,0.9484,0.6369,0.33,0.33,normal,normal,alta,20,historico dia_util,2.0
I21JC029134C,15,,dia_util,3.184,1.0144,0.2825,7.68,7.68,desvio,acima,alta,20,historico dia_util,2.0
I21JC029134C,16,,dia_util,0.539,0.6332,0.1583,-0.6,-0.6,normal,normal,alta,20,historico dia_util,2.0
I21JC029134C,17,,dia_util,0.341,0.4184,0.1246,-0.62,-0.62,normal,normal,alta,20,historico dia_util,2.0
I21JC029134C,18,,dia_util,0.202,0.6254,0.5577,-0.76,-0.76,normal,normal,alta,20,historico dia_util,2.0
I21JC029134C,19,,dia_util,0.036,0.5565,1.3989,-0.37,-0.37,normal,normal,alta,20,historico dia_util,2.0
I21JC029134C,20,,dia_util,0.134,0.6567,1.381,-0.38,-0.38,normal,normal,alta,20,historico dia_util,2.0
I21JC029134C,21,,dia_util,0.314,0.5901,1.1364,-0.24,-0.24,normal,normal,alta,20,historico dia_util,2.0
I21JC029134C,22,,dia_util,0.203,0.3587,1.0841,-0.14,-0.14,normal,normal,alta,20,historico dia_util,2.0
I21JC029134C,23,,dia_util,0.018,0.1501,0.3178,-0.42,-0.42,normal,normal,alta,20,historico dia_util,2.0
I21JC029136E,0,,dia_util,0.0,0.0019,0.01,-0.19,-0.19,normal,normal,alta,20,historico dia_util,2.0
I21JC029136E,1,,dia_util,0.0,0.0012,0.01,-0.12,-0.12,normal,normal,alta,20,historico dia_util,2.0
I21JC029136E,2,,dia_util,0.0,0.0005,0.01,-0.05,-0.05,normal,normal,alta,20,historico dia_util,2.0
I21JC029136E,3,,dia_util,0.0,0.0004,0.01,-0.04,-0.04,normal,normal,alta,20,historico dia_util,2.0
I21JC029136E,4,,dia_util,0.0,0.0002,0.01,-0.02,-0.02,normal,normal,alta,20,historico dia_util,2.0
I21JC029136E,5,,dia_util,0.0,0.0002,0.01,-0.02,-0.02,normal,normal,alta,20,historico dia_util,2.0
I21JC029136E,6,,dia_util,0.0,0.0001,0.01,-0.01,-0.01,normal,normal,alta,20,historico dia_util,2.0
I21JC029136E,7,,dia_util,0.0,0.0,0.01,0.0,0.0,normal,normal,alta,20,historico dia_util,2.0
I21JC029136E,8,,dia_util,0.0,0.0,0.01,0.0,0.0,normal,normal,alta,20,historico dia_util,2.0
I21JC029136E,9,,dia_util,0.0,0.0,0.01,0.0,0.0,normal,normal,alta,20,historico dia_util,2.0
I21JC029136E,10,,dia_util,0.0,0.0,0.01,0.0,0.0,normal,normal,alta,20,historico dia_util,2.0
I21JC029136E,11,,dia_util,0.0,0.0805,0.2608,-0.31,-0.31,normal,normal,alta,20,historico dia_util,2.0
I21JC029136E,12,,dia_util,0.0,0.0229,0.084,-0.27,-0.27,normal,normal,alta,19,historico dia_util,2.0
I21JC029136E,13,,dia_util,0.0,0.0007,0.01,-0.07,-0.07,normal,normal,alta,19,historico dia_util,2.0
I21JC029136E,14,,dia_util,0.0,0.1319,0.4245,-0.31,-0.31,normal,normal,alta,19,historico dia_util,2.0
I21JC029136E,15,,dia_util,0.0,0.0078,0.0195,-0.4,-0.4,normal,normal,alta,19,historico dia_util,2.0
I21JC029136E,16,,dia_util,0.658,0.2468,0.4799,0.86,0.86,normal,normal,alta,20,historico dia_util,2.0
I21JC029136E,17,,dia_util,0.306,0.0783,0.3242,0.7,0.7,normal,normal,alta,20,historico dia_util,2.0
I21JC029136E,18,,dia_util,0.006,0.0055,0.0218,0.03,0.03,normal,normal,alta,20,historico dia_util,2.0
I21JC029136E,19,,dia_util,0.0,0.5445,0.802,-0.68,-0.68,normal,normal,alta,20,historico dia_util,2.0
I21JC029136E,20,,dia_util,0.0,0.2606,0.4193,-0.62,-0.62,normal,normal,alta,20,historico dia_util,2.0
I21JC029136E,21,,dia_util,2.861,0.1509,0.6426,4.22,4.22,desvio,acima,alta,20,historico dia_util,2.0
I21JC029136E,22,,dia_util,0.113,0.1596,0.6812,-0.07,-0.07,normal,normal,alta,20,historico dia_util,2.0
I21JC029136E,23,,dia_util,0.008,0.0211,0.0859,-0.15,-0.15,normal,normal,alta,20,historico dia_util,2.0
I21JC029147H,7,,dia_util,0.0,0.0,0.01,0.0,0.0,normal,normal,alta,15,historico dia_util,2.0
I21JC029147H,8,,dia_util,0.0,0.0,0.01,0.0,0.0,normal,normal,alta,15,historico dia_util,2.0
I21JC029147H,9,,dia_util,0.0,0.0,0.01,0.0,0.0,normal,normal,alta,15,historico dia_util,2.0
I21JC029147H,10,,dia_util,0.0,0.0,0.01,0.0,0.0,normal,normal,alta,15,historico dia_util,2.0
I21JC029147H,11,,dia_util,0.0,0.0,0.01,0.0,0.0,normal,normal,alta,16,historico dia_util,2.0
I21JC029147H,12,,dia_util,0.0,0.0,0.01,0.0,0.0,normal,normal,alta,16,historico dia_util,2.0
I21JC029147H,13,,dia_util,0.0,0.0,0.01,0.0,0.0,normal,normal,alta,16,historico dia_util,2.0
I21JC029147H,14,,dia_util,0.0,0.0,0.01,0.0,0.0,normal,normal,alta,15,historico dia_util,2.0
I21JC029147H,15,,dia_util,0.0,0.0,0.01,0.0,0.0,normal,normal,alta,16,historico dia_util,2.0
I21JC029147H,16,,dia_util,0.0,0.0,0.01,0.0,0.0,normal,normal,alta,16,historico dia_util,2.0
I21JC029147H,17,,dia_util,0.0,0.0,0.01,0.0,0.0,normal,normal,alta,16,historico dia_util,2.0
I21JC029147H,18,,dia_util,0.0,0.0,0.01,0.0,0.0,normal,normal,alta,16,historico dia_util,2.0
I21JC029147H,19,,dia_util,0.0,0.0,0.01,0.0,0.0,normal,normal,alta,18,historico dia_util,2.0
I21JC029147H,20,,dia_util,0.0,0.0,0.01,0.0,0.0,normal,normal,alta,18,historico dia_util,2.0
I21JC029147H,21,,dia_util,0.0,0.0,0.01,0.0,0.0,normal,normal,alta,18,historico dia_util,2.0
I21JC029147H,22,,dia_util,0.0,0.0,0.01,0.0,0.0,normal,normal,alta,18,historico dia_util,2.0
I21JC029148I,0,,dia_util,0.001,0.0958,0.1269,-0.75,-0.75,normal,normal,alta,20,historico dia_util,2.0
I21JC029148I,1,,dia_util,0.0,0.0445,0.1044,-0.43,-0.43,normal,normal,alta,20,historico dia_util,2.0
I21JC029148I,2,,dia_util,0.001,0.0347,0.1057,-0.32,-0.32,normal,normal,alta,20,historico dia_util,2.0
I21JC029148I,3,,dia_util,0.0,0.0286,0.106,-0.27,-0.27,normal,normal,alta,20,historico dia_util,2.0
I21JC029148I,4,,dia_util,0.0,0.0286,0.1063,-0.27,-0.27,normal,normal,alta,20,historico dia_util,2.0
I21JC029148I,5,,dia_util,0.0,0.0285,0.1061,-0.27,-0.27,normal,normal,alta,20,historico dia_util,2.0
I21JC029148I,6,,dia_util,0.0,0.0308,0.1084,-0.28,-0.28,normal,normal,alta,19,historico dia_util,2.0
I21JC029148I,7,,dia_util,0.001,0.0284,0.1032,-0.27,-0.27,normal,normal,alta,20,historico dia_util,2.0
I21JC029148I,8,,dia_util,0.001,0.0312,0.0977,-0.31,-0.31,normal,normal,alta,20,historico dia_util,2.0
I21JC029148I,9,,dia_util,0.002,0.0406,0.1084,-0.36,-0.36,normal,normal,alta,18,historico dia_util,2.0
I21JC029148I,10,,dia_util,0.015,0.0651,0.1088,-0.46,-0.46,normal,normal,alta,20,historico dia_util,2.0
I21JC029148I,11,,dia_util,0.008,0.0789,0.1153,-0.61,-0.61,normal,normal,alta,20,historico dia_util,2.0
I21JC029148I,12,,dia_util,0.033,0.0772,0.1091,-0.41,-0.41,normal,normal,alta,20,historico dia_util,2.0
I21JC029148I,13,,dia_util,0.007,0.0869,0.11,-0.73,-0.73,normal,normal,alta,20,historico dia_util,2.0
I21JC029148I,14,,dia_util,0.07,0.057,0.1105,0.12,0.12,normal,normal,alta,20,historico dia_util,2.0
I21JC029148I,15,,dia_util,0.0,0.0409,0.0365,-1.12,-1.12,normal,normal,alta,20,historico dia_util,2.0
I21JC029148I,16,,dia_util,0.028,0.0525,0.0656,-0.37,-0.37,normal,normal,alta,20,historico dia_util,2.0
I21JC029148I,17,,dia_util,0.006,0.0481,0.0831,-0.51,-0.51,normal,normal,alta,20,historico dia_util,2.0
I21JC029148I,18,,dia_util,0.118,0.107,0.0612,0.18,0.18,normal,normal,alta,20,historico dia_util,2.0
I21JC029148I,19,,dia_util,0.187,0.2645,0.081,-0.96,-0.96,normal,normal,alta,20,historico dia_util,2.0
I21JC029148I,20,,dia_util,0.657,0.3983,0.1581,1.64,1.64,normal,normal,alta,20,historico dia_util,2.0
I21JC029148I,21,,dia_util,0.181,0.3841,0.2163,-0.94,-0.94,normal,normal,alta,20,historico dia_util,2.0
I21JC029148I,22,,dia_util,0.094,0.5576,0.4108,-1.13,-1.13,normal,normal,alta,20,historico dia_util,2.0
I21JC029148I,23,,dia_util,0.45,0.3763,0.1907,0.39,0.39,normal,normal,alta,20,historico dia_util,2.0
I21JC029153F,0,,dia_util,0.0,0.0,0.01,0.0,0.0,normal,normal,alta,19,historico dia_util,2.0
I21JC029153F,1,,dia_util,0.0,0.1636,0.7133,-0.23,-0.23,normal,normal,alta,19,historico dia_util,2.0
I21JC029153F,2,,dia_util,0.0,0.0,0.01,0.0,0.0,normal,normal,alta,19,historico dia_util,2.0
I21JC029153F,3,,dia_util,0.0,0.0,0.01,0.0,0.0,normal,normal,alta,19,historico dia_util,2.0
I21JC029153F,4,,dia_util,0.0,0.0,0.01,0.0,0.0,normal,normal,alta,19,historico dia_util,2.0
I21JC029153F,5,,dia_util,0.0,0.0,0.01,0.0,0.0,normal,normal,alta,20,historico dia_util,2.0
I21JC029153F,6,,dia_util,0.647,0.2914,0.3306,1.08,1.08,normal,normal,alta,20,historico dia_util,2.0
I21JC029153F,7,,dia_util,0.0,0.0001,0.01,-0.01,-0.01,normal,normal,alta,20,historico dia_util,2.0
I21JC029153F,8,,dia_util,0.367,0.2056,0.2923,0.55,0.55,normal,normal,alta,20,historico dia_util,2.0
I21JC029153F,9,,dia_util,0.0,0.076,0.3368,-0.23,-0.23,normal,normal,alta,20,historico dia_util,2.0
I21JC029153F,10,,dia_util,0.0,0.0002,0.01,-0.02,-0.02,normal,normal,alta,20,historico dia_util,2.0
I21JC029153F,11,,dia_util,0.0,0.0067,0.0297,-0.23,-0.23,normal,normal,alta,20,historico dia_util,2.0
I21JC029153F,12,,dia_util,0.0,0.0001,0.01,-0.01,-0.01,normal,normal,alta,20,historico dia_util,2.0
I21JC029153F,13,,dia_util,0.0,0.0001,0.01,-0.01,-0.01,normal,normal,alta,20,historico dia_util,2.0
I21JC029153F,14,,dia_util,0.0,0.0644,0.2878,-0.22,-0.22,normal,normal,alta,20,historico dia_util,2.0
I21JC029153F,15,,dia_util,0.0,0.0001,0.01,-0.01,-0.01,normal,normal,alta,20,historico dia_util,2.0
I21JC029153F,16,,dia_util,0.0,0.0,0.01,0.0,0.0,normal,normal,alta,20,historico dia_util,2.0
I21JC029153F,17,,dia_util,0.0,0.0001,0.01,-0.01,-0.01,normal,normal,alta,20,historico dia_util,2.0
I21JC029153F,18,,dia_util,0.0,0.0001,0.01,-0.01,-0.01,normal,normal,alta,20,historico dia_util,2.0
I21JC029153F,19,,dia_util,0.0,0.0001,0.01,-0.01,-0.01,normal,normal,alta,20,historico dia_util,2.0
I21JC029153F,20,,dia_util,0.0,0.0,0.01,0.0,0.0,normal,normal,alta,20,historico dia_util,2.0
I21JC029153F,21,,dia_util,0.0,0.0015,0.01,-0.15,-0.15,normal,normal,alta,19,historico dia_util,2.0
I21JC029153F,22,,dia_util,1.846,0.7061,0.8511,1.34,1.34,normal,normal,alta,19,historico dia_util,2.0
I21JC029153F,23,,dia_util,1.249,0.428,0.5644,1.45,1.45,normal,normal,alta,19,historico dia_util,2.0
I21JC029154G,0,,dia_util,0.0,0.0,0.01,0.0,0.0,normal,normal,alta,20,historico dia_util,2.0
I21JC029154G,1,,dia_util,0.0,0.0,0.01,0.0,0.0,normal,normal,alta,20,historico dia_util,2.0
I21JC029154G,2,,dia_util,0.0,0.0,0.01,0.0,0.0,normal,normal,alta,20,historico dia_util,2.0
I21JC029154G,3,,dia_util,0.0,0.0,0.01,0.0,0.0,normal,normal,alta,20,historico dia_util,2.0
I21JC029154G,4,,dia_util,0.0,0.0,0.01,0.0,0.0,normal,normal,alta,20,historico dia_util,2.0
I21JC029154G,5,,dia_util,0.0,0.0,0.01,0.0,0.0,normal,normal,alta,20,historico dia_util,2.0
I21JC029154G,6,,dia_util,0.0,0.0,0.01,0.0,0.0,normal,normal,alta,20,historico dia_util,2.0
I21JC029154G,7,,dia_util,0.0,0.0,0.01,0.0,0.0,normal,normal,alta,20,historico dia_util,2.0
I21JC029154G,8,,dia_util,0.0,0.0,0.01,0.0,0.0,normal,normal,alta,20,historico dia_util,2.0
I21JC029154G,9,,dia_util,0.0,0.0,0.01,0.0,0.0,normal,normal,alta,20,historico dia_util,2.0
I21JC029154G,10,,dia_util,0.0,0.0,0.01,0.0,0.0,normal,normal,alta,20,historico dia_util,2.0
I21JC029154G,11,,dia_util,0.0,0.0,0.01,0.0,0.0,normal,normal,alta,20,historico dia_util,2.0
I21JC029154G,12,,dia_util,0.0,0.0,0.01,0.0,0.0,normal,normal,alta,19,historico dia_util,2.0
I21JC029154G,13,,dia_util,0.0,0.0,0.01,0.0,0.0,normal,normal,alta,19,historico dia_util,2.0
I21JC029154G,14,,dia_util,0.0,0.0,0.01,0.0,0.0,normal,normal,alta,19,historico dia_util,2.0
I21JC029154G,15,,dia_util,0.0,0.0,0.01,0.0,0.0,normal,normal,alta,19,historico dia_util,2.0
I21JC029154G,16,,dia_util,0.0,0.0,0.01,0.0,0.0,normal,normal,alta,20,historico dia_util,2.0
I21JC029154G,17,,dia_util,0.0,0.0,0.01,0.0,0.0,normal,normal,alta,20,historico dia_util,2.0
I21JC029154G,18,,dia_util,0.0,0.0,0.01,0.0,0.0,normal,normal,alta,20,historico dia_util,2.0
I21JC029154G,19,,dia_util,0.0,0.0,0.01,0.0,0.0,normal,normal,alta,20,historico dia_util,2.0
I21JC029154G,20,,dia_util,0.0,0.0,0.01,0.0,0.0,normal,normal,alta,19,historico dia_util,2.0
I21JC029154G,21,,dia_util,0.0,0.0,0.01,0.0,0.0,normal,normal,alta,19,historico dia_util,2.0
I21JC029154G,22,,dia_util,0.0,0.0,0.01,0.0,0.0,normal,normal,alta,19,historico dia_util,2.0
I21JC029154G,23,,dia_util,0.0,0.0,0.01,0.0,0.0,normal,normal,alta,19,historico dia_util,2.0
I21JC029164I,0,,dia_util,0.0,0.0,0.01,0.0,0.0,normal,normal,alta,20,historico dia_util,2.0
I21JC029164I,1,,dia_util,0.0,0.0,0.01,0.0,0.0,normal,normal,alta,20,historico dia_util,2.0
I21JC029164I,2,,dia_util,0.0,0.0,0.01,0.0,0.0,normal,normal,alta,20,historico dia_util,2.0
I21JC029164I,3,,dia_util,0.0,0.0,0.01,0.0,0.0,normal,normal,alta,20,historico dia_util,2.0
I21JC029164I,4,,dia_util,0.0,0.0,0.01,0.0,0.0,normal,normal,alta,20,historico dia_util,2.0
I21JC029164I,5,,dia_util,0.0,0.0,0.01,0.0,0.0,normal,normal,alta,19,historico dia_util,2.0
I21JC029164I,6,,dia_util,0.0,0.0,0.01,0.0,0.0,normal,normal,alta,20,historico dia_util,2.0
I21JC029164I,7,,dia_util,0.0,0.0,0.01,0.0,0.0,normal,normal,alta,20,historico dia_util,2.0
I21JC029164I,8,,dia_util,0.0,0.0,0.01,0.0,0.0,normal,normal,alta,20,historico dia_util,2.0
I21JC029164I,9,,dia_util,0.0,0.0,0.01,0.0,0.0,normal,normal,alta,18,historico dia_util,2.0
I21JC029164I,10,,dia_util,0.0,0.0,0.01,0.0,0.0,normal,normal,alta,20,historico dia_util,2.0
I21JC029164I,11,,dia_util,0.0,0.0,0.01,0.0,0.0,normal,normal,alta,20,historico dia_util,2.0
I21JC029164I,12,,dia_util,0.0,0.2567,1.148,-0.22,-0.22,normal,normal,alta,20,historico dia_util,2.0
I21JC029164I,13,,dia_util,0.0,0.1757,0.7658,-0.23,-0.23,normal,normal,alta,19,historico dia_util,2.0
I21JC029164I,14,,dia_util,0.0,0.0205,0.0917,-0.22,-0.22,normal,normal,alta,20,historico dia_util,2.0
I21JC029164I,15,,dia_util,0.0,0.0,0.01,0.0,0.0,normal,normal,alta,20,historico dia_util,2.0
I21JC029164I,16,,dia_util,0.0,0.0,0.01,0.0,0.0,normal,normal,alta,20,historico dia_util,2.0
I21JC029164I,17,,dia_util,0.0,0.0,0.01,0.0,0.0,normal,normal,alta,19,historico dia_util,2.0
I21JC029164I,18,,dia_util,0.0,0.0,0.01,0.0,0.0,normal,normal,alta,20,historico dia_util,2.0
I21JC029164I,19,,dia_util,0.0,0.0,0.01,0.0,0.0,normal,normal,alta,20,historico dia_util,2.0
I21JC029164I,20,,dia_util,0.0,0.0543,0.2428,-0.22,-0.22,normal,normal,alta,20,historico dia_util,2.0
I21JC029164I,21,,dia_util,0.0,0.1339,0.5839,-0.23,-0.23,normal,normal,alta,19,historico dia_util,2.0
I21JC029164I,22,,dia_util,0.0,0.0,0.01,0.0,0.0,normal,normal,alta,19,historico dia_util,2.0
I21JC029164I,23,,dia_util,0.0,0.0,0.01,0.0,0.0,normal,normal,alta,19,historico dia_util,2.0
I21JC029165J,1,,dia_util,3.17,0.1981,0.1073,10.0,27.71,desvio,acima,alta,18,historico dia_util,2.0
I21JC029165J,2,,dia_util,0.196,0.2376,0.1271,-0.33,-0.33,normal,normal,alta,19,historico dia_util,2.0
I21JC029165J,3,,dia_util,0.197,0.2003,0.1054,-0.03,-0.03,normal,normal,alta,19,historico dia_util,2.0
I21JC029165J,4,,dia_util,0.2,0.2017,0.1067,-0.02,-0.02,normal,normal,alta,19,historico dia_util,2.0
I21JC029165J,6,,dia_util,0.898,0.7594,1.4822,0.09,0.09,normal,normal,alta,19,historico dia_util,2.0
I21JC029165J,7,,dia_util,0.2,0.2059,0.1077,-0.05,-0.05,normal,normal,alta,19,historico dia_util,2.0
I21JC029165J,8,,dia_util,0.2,0.2013,0.1072,-0.01,-0.01,normal,normal,alta,19,historico dia_util,2.0
I21JC029165J,9,,dia_util,0.196,0.2145,0.1279,-0.14,-0.14,normal,normal,alta,13,historico dia_util,2.0
I21JC029165J,10,,dia_util,0.389,0.2103,0.1156,1.55,1.55,normal,normal,alta,17,historico dia_util,2.0
I21JC029165J,11,,dia_util,0.192,0.3123,0.4721,-0.25,-0.25,normal,normal,alta,17,historico dia_util,2.0
I21JC029165J,12,,dia_util,0.191,0.1972,0.1084,-0.06,-0.06,normal,normal,alta,17,historico dia_util,2.0
I21JC029165J,13,,dia_util,0.191,0.2315,0.2201,-0.18,-0.18,normal,normal,alta,13,historico dia_util,2.0
I21JC029165J,14,,dia_util,0.192,0.2696,0.1747,-0.44,-0.44,normal,normal,alta,18,historico dia_util,2.0
I21JC029165J,15,,dia_util,0.191,0.1977,0.1067,-0.06,-0.06,normal,normal,alta,18,historico dia_util,2.0
I21JC029165J,16,,dia_util,0.191,0.2088,0.1518,-0.12,-0.12,normal,normal,alta,18,historico dia_util,2.0
I21JC029165J,17,,dia_util,0.191,0.3343,0.5027,-0.29,-0.29,normal,normal,alta,16,historico dia_util,2.0
I21JC029165J,18,,dia_util,0.189,0.3218,0.5357,-0.25,-0.25,normal,normal,alta,19,historico dia_util,2.0
I21JC029165J,19,,dia_util,0.187,0.3566,0.811,-0.21,-0.21,normal,normal,alta,19,historico dia_util,2.0
I21JC029165J,20,,dia_util,0.184,0.2392,0.3042,-0.18,-0.18,normal,normal,alta,19,historico dia_util,2.0
I21JC029165J,21,,dia_util,0.837,0.3861,0.3263,1.38,1.38,normal,normal,alta,15,historico dia_util,2.0
I21JC029165J,22,,dia_util,0.18,0.3499,0.3029,-0.56,-0.56,normal,normal,alta,18,historico dia_util,2.0
I21JC029165J,23,,dia_util,1.733,0.6845,0.7559,1.39,1.39,normal,normal,alta,18,historico dia_util,2.0
I21JC029166K,0,,dia_util,0.006,0.0064,0.01,-0.04,-0.04,normal,normal,alta,17,historico dia_util,2.0
I21JC029166K,1,,dia_util,0.005,0.0058,0.01,-0.08,-0.08,normal,normal,alta,19,historico dia_util,2.0
I21JC029166K,2,,dia_util,0.004,0.0067,0.01,-0.27,-0.27,normal,normal,alta,20,historico dia_util,2.0
I21JC029166K,3,,dia_util,0.004,0.0049,0.01,-0.09,-0.09,normal,normal,alta,20,historico dia_util,2.0
I21JC029166K,4,,dia_util,0.004,0.005,0.01,-0.1,-0.1,normal,normal,alta,20,historico dia_util,2.0
I21JC029166K,5,,dia_util,0.005,0.0053,0.01,-0.03,-0.03,normal,normal,alta,20,historico dia_util,2.0
I21JC029166K,6,,dia_util,0.005,0.0059,0.01,-0.09,-0.09,normal,normal,alta,20,historico dia_util,2.0
I21JC029166K,7,,dia_util,0.007,0.0078,0.01,-0.08,-0.08,normal,normal,alta,20,historico dia_util,2.0
I21JC029166K,8,,dia_util,0.007,0.0081,0.01,-0.11,-0.11,normal,normal,alta,20,historico dia_util,2.0
I21JC029166K,9,,dia_util,0.751,0.8394,0.2099,-0.42,-0.42,normal,normal,alta,20,historico dia_util,2.0
I21JC029166K,10,,dia_util,0.969,1.0513,0.2628,-0.31,-0.31,normal,normal,alta,18,historico dia_util,2.0
I21JC029166K,11,,dia_util,0.008,0.0082,0.01,-0.02,-0.02,normal,normal,alta,18,historico dia_util,2.0
I21JC029166K,12,,dia_util,0.007,0.0085,0.01,-0.15,-0.15,normal,normal,alta,18,historico dia_util,2.0
I21JC029166K,13,,dia_util,0.008,0.0084,0.01,-0.04,-0.04,normal,normal,alta,18,historico dia_util,2.0
I21JC029166K,14,,dia_util,0.007,0.1197,0.3348,-0.34,-0.34,normal,normal,alta,19,historico dia_util,2.0
I21JC029166K,15,,dia_util,0.007,0.0077,0.01,-0.07,-0.07,normal,normal,alta,19,historico dia_util,2.0
I21JC029166K,16,,dia_util,0.006,0.0078,0.01,-0.18,-0.18,normal,normal,alta,19,historico dia_util,2.0
I21JC029166K,17,,dia_util,0.007,0.0078,0.01,-0.08,-0.08,normal,normal,alta,19,historico dia_util,2.0
I21JC029166K,18,,dia_util,0.007,0.0094,0.01,-0.24,-0.24,normal,normal,alta,19,historico dia_util,2.0
I21JC029166K,19,,dia_util,0.008,0.0083,0.01,-0.03,-0.03,normal,normal,alta,19,historico dia_util,2.0
I21JC029166K,20,,dia_util,0.008,0.0083,0.01,-0.03,-0.03,normal,normal,alta,19,historico dia_util,2.0
I21JC029166K,21,,dia_util,0.007,0.0084,0.01,-0.14,-0.14,normal,normal,alta,19,historico dia_util,2.0
I21JC029166K,22,,dia_util,0.008,0.0094,0.01,-0.14,-0.14,normal,normal,alta,18,historico dia_util,2.0
I21JC029166K,23,,dia_util,0.006,0.0072,0.01,-0.12,-0.12,normal,normal,alta,18,historico dia_util,2.0
I21JC029167L,0,,dia_util,0.0,0.0,0.01,0.0,0.0,normal,normal,alta,15,historico dia_util,2.0
I21JC029167L,1,,dia_util,0.0,0.0,0.01,0.0,0.0,normal,normal,alta,20,historico dia_util,2.0
I21JC029167L,2,,dia_util,0.0,0.0,0.01,0.0,0.0,normal,normal,alta,20,historico dia_util,2.0
I21JC029167L,3,,dia_util,0.0,0.0,0.01,0.0,0.0,normal,normal,alta,20,historico dia_util,2.0
I21JC029167L,4,,dia_util,0.0,0.0,0.01,0.0,0.0,normal,normal,alta,16,historico dia_util,2.0
I21JC029167L,5,,dia_util,0.0,0.0,0.01,0.0,0.0,normal,normal,alta,20,historico dia_util,2.0
I21JC029167L,6,,dia_util,0.0,0.0,0.01,0.0,0.0,normal,normal,alta,20,historico dia_util,2.0
I21JC029167L,7,,dia_util,0.0,0.0,0.01,0.0,0.0,normal,normal,alta,20,historico dia_util,2.0
I21JC029167L,8,,dia_util,0.0,0.0,0.01,0.0,0.0,normal,normal,alta,13,historico dia_util,2.0
I21JC029167L,9,,dia_util,0.0,0.0,0.01,0.0,0.0,normal,normal,alta,20,historico dia_util,2.0
I21JC029167L,10,,dia_util,0.0,0.0,0.01,0.0,0.0,normal,normal,alta,20,historico dia_util,2.0
I21JC029167L,11,,dia_util,0.0,0.0,0.01,0.0,0.0,normal,normal,alta,20,historico dia_util,2.0
I21JC029167L,12,,dia_util,0.0,0.0,0.01,0.0,0.0,normal,normal,alta,16,historico dia_util,2.0
I21JC029167L,13,,dia_util,0.0,0.0,0.01,0.0,0.0,normal,normal,alta,20,historico dia_util,2.0
I21JC029167L,14,,dia_util,0.0,0.0,0.01,0.0,0.0,normal,normal,alta,20,historico dia_util,2.0
I21JC029167L,15,,dia_util,0.0,0.0,0.01,0.0,0.0,normal,normal,alta,20,historico dia_util,2.0
I21JC029167L,16,,dia_util,0.0,0.0,0.01,0.0,0.0,normal,normal,alta,18,historico dia_util,2.0
I21JC029167L,17,,dia_util,0.0,0.0,0.01,0.0,0.0,normal,normal,alta,19,historico dia_util,2.0
I21JC029167L,18,,dia_util,0.0,0.0,0.01,0.0,0.0,normal,normal,alta,19,historico dia_util,2.0
I21JC029167L,19,,dia_util,0.0,0.0,0.01,0.0,0.0,normal,normal,alta,19,historico dia_util,2.0
I21JC029167L,20,,dia_util,0.0,0.0,0.01,0.0,0.0,normal,normal,alta,19,historico dia_util,2.0
I21JC029167L,21,,dia_util,0.0,0.0,0.01,0.0,0.0,normal,normal,alta,20,historico dia_util,2.0
I21JC029167L,22,,dia_util,0.0,0.0,0.01,0.0,0.0,normal,normal,alta,20,historico dia_util,2.0
I21JC029167L,23,,dia_util,0.0,0.0,0.01,0.0,0.0,normal,normal,alta,20,historico dia_util,2.0
I21JC029323F,0,,dia_util,0.12,0.4334,0.6119,-0.51,-0.51,normal,normal,alta,19,historico dia_util,2.0
I21JC029323F,1,,dia_util,0.08,0.1672,0.1064,-0.82,-0.82,normal,normal,alta,20,historico dia_util,2.0
I21JC029323F,2,,dia_util,0.086,0.0948,0.0359,-0.25,-0.25,normal,normal,alta,20,historico dia_util,2.0
I21JC029323F,3,,dia_util,0.091,0.0612,0.0283,1.05,1.05,normal,normal,alta,20,historico dia_util,2.0
I21JC029323F,4,,dia_util,0.065,0.0607,0.0197,0.22,0.22,normal,normal,alta,18,historico dia_util,2.0
I21JC029323F,5,,dia_util,0.04,0.0706,0.0247,-1.23,-1.23,normal,normal,alta,18,historico dia_util,2.0
I21JC029323F,6,,dia_util,0.046,0.1016,0.0517,-1.07,-1.07,normal,normal,alta,18,historico dia_util,2.0
I21JC029323F,7,,dia_util,0.158,0.2235,0.0559,-1.17,-1.17,normal,normal,alta,18,historico dia_util,2.0
I21JC029323F,8,,dia_util,0.507,0.3789,0.1384,0.93,0.93,normal,normal,alta,20,historico dia_util,2.0
I21JC029323F,9,,dia_util,0.22,0.3033,0.1034,-0.81,-0.81,normal,normal,alta,20,historico dia_util,2.0
I21JC029323F,10,,dia_util,0.311,0.2863,0.1118,0.22,0.22,normal,normal,alta,20,historico dia_util,2.0
I21JC029323F,11,,dia_util,0.27,0.3219,0.0967,-0.54,-0.54,normal,normal,alta,20,historico dia_util,2.0
I21JC029323F,12,,dia_util,0.468,0.3304,0.1138,1.21,1.21,normal,normal,alta,18,historico dia_util,2.0
I21JC029323F,13,,dia_util,0.304,0.2962,0.077,0.1,0.1,normal,normal,alta,18,historico dia_util,2.0
I21JC029323F,14,,dia_util,0.207,0.3412,0.0853,-1.57,-1.57,normal,normal,alta,18,historico dia_util,2.0
I21JC029323F,15,,dia_util,0.235,0.2406,0.0766,-0.07,-0.07,normal,normal,alta,18,historico dia_util,2.0
I21JC029323F,16,,dia_util,0.202,0.3366,0.4079,-0.33,-0.33,normal,normal,alta,20,historico dia_util,2.0
I21JC029323F,17,,dia_util,0.139,0.2543,0.1427,-0.81,-0.81,normal,normal,alta,20,historico dia_util,2.0
I21JC029323F,18,,dia_util,0.338,0.3671,0.1232,-0.24,-0.24,normal,normal,alta,20,historico dia_util,2.0
I21JC029323F,19,,dia_util,0.193,0.4163,0.1333,-1.68,-1.68,normal,normal,alta,20,historico dia_util,2.0
I21JC029325H,0,,dia_util,0.023,0.0328,0.0131,-0.75,-0.75,normal,normal,alta,19,historico dia_util,2.0
I21JC029325H,1,,dia_util,0.028,0.0316,0.0103,-0.35,-0.35,normal,normal,alta,19,historico dia_util,2.0
I21JC029325H,2,,dia_util,0.027,0.0219,0.01,0.51,0.51,normal,normal,alta,19,historico dia_util,2.0
I21JC029325H,3,,dia_util,0.019,0.0239,0.01,-0.49,-0.49,normal,normal,alta,19,historico dia_util,2.0
I21JC029325H,4,,dia_util,0.019,0.0309,0.0298,-0.4,-0.4,normal,normal,alta,19,historico dia_util,2.0
I21JC029325H,5,,dia_util,0.038,0.0345,0.01,0.35,0.35,normal,normal,alta,19,historico dia_util,2.0
I21JC029325H,6,,dia_util,0.033,0.0307,0.0145,0.16,0.16,normal,normal,alta,19,historico dia_util,2.0
I21JC029325H,7,,dia_util,0.053,0.0592,0.0253,-0.25,-0.25,normal,normal,alta,19,historico dia_util,2.0
I21JC029325H,12,,dia_util,0.556,0.1564,0.1368,2.92,2.92,desvio,acima,alta,20,historico dia_util,2.0
I21JC029325H,13,,dia_util,0.081,0.1379,0.0855,-0.67,-0.67,normal,normal,alta,20,historico dia_util,2.0
I21JC029325H,14,,dia_util,0.104,0.0805,0.043,0.55,0.55,normal,normal,alta,20,historico dia_util,2.0
I21JC029325H,15,,dia_util,0.099,0.0612,0.0232,1.63,1.63,normal,normal,alta,20,historico dia_util,2.0
I21JC029325H,16,,dia_util,0.034,0.0612,0.0613,-0.44,-0.44,normal,normal,alta,20,historico dia_util,2.0
I21JC029325H,17,,dia_util,0.053,0.059,0.0355,-0.17,-0.17,normal,normal,alta,20,historico dia_util,2.0
I21JC029325H,18,,dia_util,0.03,0.0613,0.0203,-1.54,-1.54,normal,normal,alta,20,historico dia_util,2.0
I21JC029325H,19,,dia_util,0.055,0.1166,0.0559,-1.1,-1.1,normal,normal,alta,20,historico dia_util,2.0
I21JC029325H,20,,dia_util,0.126,0.1823,0.0795,-0.71,-0.71,normal,normal,alta,18,historico dia_util,2.0
I21JC029325H,21,,dia_util,0.165,0.1572,0.0782,0.1,0.1,normal,normal,alta,20,historico dia_util,2.0
I21JC029325H,22,,dia_util,0.114,0.1008,0.0669,0.2,0.2,normal,normal,alta,20,historico dia_util,2.0
I21JC029325H,23,,dia_util,0.085,0.0502,0.0416,0.84,0.84,normal,normal,alta,20,historico dia_util,2.0
I21JC029328K,0,,dia_util,0.114,0.0499,0.0184,3.49,3.49,desvio,acima,alta,19,historico dia_util,2.0
I21JC029328K,1,,dia_util,0.113,0.0491,0.0184,3.47,3.47,desvio,acima,alta,19,historico dia_util,2.0
I21JC029328K,6,,dia_util,0.565,0.0501,0.0183,10.0,28.17,desvio,acima,alta,19,historico dia_util,2.0
I21JC029328K,7,,dia_util,0.114,0.0513,0.018,3.48,3.48,desvio,acima,alta,19,historico dia_util,2.0
I21JC029328K,8,,dia_util,0.116,0.0523,0.0184,3.47,3.47,desvio,acima,alta,19,historico dia_util,2.0
I21JC029328K,9,,dia_util,0.117,0.0532,0.0188,3.4,3.4,desvio,acima,alta,19,historico dia_util,2.0
I21JC029328K,10,,dia_util,0.118,0.0605,0.0384,1.5,1.5,normal,normal,alta,16,historico dia_util,2.0
I21JC029328K,11,,dia_util,0.216,0.0519,0.0194,8.46,8.46,desvio,acima,alta,16,historico dia_util,2.0
I21JC029328K,12,,dia_util,0.119,0.0734,0.0853,0.53,0.53,normal,normal,alta,16,historico dia_util,2.0
I21JC029328K,13,,dia_util,0.119,0.0521,0.0198,3.38,3.38,desvio,acima,alta,16,historico dia_util,2.0
I21JC029328K,14,,dia_util,0.119,0.162,0.2438,-0.18,-0.18,normal,normal,alta,20,historico dia_util,2.0
I21JC029328K,15,,dia_util,0.118,0.0536,0.0193,3.33,3.33,desvio,acima,alta,20,historico dia_util,2.0
I21JC029328K,16,,dia_util,0.117,0.0534,0.0192,3.31,3.31,desvio,acima,alta,20,historico dia_util,2.0
I21JC029328K,17,,dia_util,0.118,0.0537,0.0191,3.37,3.37,desvio,acima,alta,20,historico dia_util,2.0
I21JC029328K,18,,dia_util,0.117,0.0534,0.0195,3.27,3.27,desvio,acima,alta,20,historico dia_util,2.0
I21JC029328K,19,,dia_util,0.119,0.0538,0.0196,3.32,3.32,desvio,acima,alta,20,historico dia_util,2.0
I21JC029328K,20,,dia_util,0.118,0.0543,0.0196,3.25,3.25,desvio,acima,alta,20,historico dia_util,2.0
I21JC029328K,21,,dia_util,0.117,0.0536,0.0199,3.18,3.18,desvio,acima,alta,20,historico dia_util,2.0
I21JC029328K,22,,dia_util,0.115,0.054,0.0205,2.98,2.98,desvio,acima,alta,18,historico dia_util,2.0
I21JC029328K,23,,dia_util,0.116,0.0533,0.0208,3.01,3.01,desvio,acima,alta,18,historico dia_util,2.0
I21JC029332G,0,,dia_util,0.031,0.0307,0.0454,0.01,0.01,normal,normal,alta,11,historico dia_util,2.0
I21JC029332G,1,,dia_util,0.018,0.3191,0.6935,-0.43,-0.43,normal,normal,alta,15,historico dia_util,2.0
I21JC029332G,2,,dia_util,0.014,0.0137,0.0114,0.02,0.02,normal,normal,alta,15,historico dia_util,2.0
I21JC029332G,3,,dia_util,0.011,0.0127,0.0175,-0.1,-0.1,normal,normal,alta,15,historico dia_util,2.0
I21JC029332G,4,,dia_util,0.01,0.0113,0.0125,-0.1,-0.1,normal,normal,alta,15,historico dia_util,2.0
I21JC029332G,17,,dia_util,1.221,0.2578,0.4326,2.23,2.23,desvio,acima,alta,11,historico dia_util,2.0
I21JC029332G,18,,dia_util,0.196,0.1614,0.0989,0.35,0.35,normal,normal,alta,11,historico dia_util,2.0
I21JC029332G,19,,dia_util,0.396,0.2102,0.0955,1.95,1.95,normal,normal,alta,11,historico dia_util,2.0
I21JC029332G,20,,dia_util,0.115,0.1875,0.0857,-0.85,-0.85,normal,normal,alta,11,historico dia_util,2.0
I21JC029333H,0,,dia_util,0.013,0.0235,0.01,-1.05,-1.05,normal,normal,alta,10,historico dia_util,2.0
I21JC029333H,1,,dia_util,0.014,0.2557,0.4231,-0.57,-0.57,normal,normal,alta,15,historico dia_util,2.0
I21JC029333H,2,,dia_util,0.024,0.0151,0.01,0.89,0.89,normal,normal,alta,15,historico dia_util,2.0
I21JC029333H,3,,dia_util,0.016,0.0141,0.01,0.19,0.19,normal,normal,alta,15,historico dia_util,2.0
I21JC029333H,4,,dia_util,0.028,0.0164,0.01,1.16,1.16,normal,normal,alta,15,historico dia_util,2.0
I21JC029333H,5,,dia_util,0.023,0.0543,0.0237,-1.32,-1.32,normal,normal,alta,6,historico dia_util,2.0
I21JC029333H,6,,dia_util,0.234,0.1175,0.0312,3.73,3.73,desvio,acima,alta,6,historico dia_util,2.0
I21JC029333H,7,,dia_util,0.055,0.105,0.0342,-1.46,-1.46,normal,normal,alta,6,historico dia_util,2.0
I21JC029333H,8,,dia_util,0.017,0.183,0.1101,-1.51,-1.51,normal,normal,alta,6,historico dia_util,2.0
I21JC029333H,21,,dia_util,1.287,0.125,0.0881,10.0,13.19,desvio,acima,alta,11,historico dia_util,2.0
I21JC029333H,22,,dia_util,0.088,0.1211,0.0843,-0.39,-0.39,normal,normal,alta,11,historico dia_util,2.0
I21JC029333H,23,,dia_util,0.072,0.0444,0.0223,1.24,1.24,normal,normal,alta,11,historico dia_util,2.0
I21JC029335J,0,,dia_util,0.096,0.0469,0.0511,0.96,0.96,normal,normal,alta,9,historico dia_util,2.0
I21JC029335J,1,,dia_util,0.041,0.0139,0.0256,1.06,1.06,normal,normal,alta,9,historico dia_util,2.0
I21JC029335J,2,,dia_util,0.0,0.0902,0.1595,-0.57,-0.57,normal,normal,alta,12,historico dia_util,2.0
I21JC029335J,3,,dia_util,0.004,0.0015,0.01,0.25,0.25,normal,normal,alta,12,historico dia_util,2.0
I21JC029335J,4,,dia_util,0.013,0.0064,0.01,0.66,0.66,normal,normal,alta,12,historico dia_util,2.0
I21JC029335J,5,,dia_util,0.01,0.0176,0.01,-0.76,-0.76,normal,normal,alta,12,historico dia_util,2.0
I21JC029335J,10,,dia_util,0.146,0.0612,0.0709,1.2,1.2,normal,normal,alta,9,historico dia_util,2.0
I21JC029335J,11,,dia_util,0.013,0.0287,0.0268,-0.58,-0.58,normal,normal,alta,9,historico dia_util,2.0
I21JC029335J,12,,dia_util,0.056,0.0264,0.0313,0.95,0.95,normal,normal,alta,9,historico dia_util,2.0
I21JC029335J,13,,dia_util,0.048,0.0296,0.019,0.97,0.97,normal,normal,alta,9,historico dia_util,2.0
I21JC029335J,14,,dia_util,0.047,0.1256,0.1586,-0.5,-0.5,normal,normal,alta,8,historico dia_util,2.0
I21JC029335J,15,,dia_util,0.011,0.0249,0.0215,-0.65,-0.65,normal,normal,alta,8,historico dia_util,2.0
I21JC029335J,16,,dia_util,0.018,0.0442,0.039,-0.67,-0.67,normal,normal,alta,8,historico dia_util,2.0
I21JC029335J,17,,dia_util,0.019,0.0601,0.0233,-1.76,-1.76,normal,normal,alta,8,historico dia_util,2.0
I21JC029335J,18,,dia_util,0.127,0.1512,0.1215,-0.2,-0.2,normal,normal,alta,9,historico dia_util,2.0
I21JC029335J,19,,dia_util,0.022,0.0773,0.0574,-0.96,-0.96,normal,normal,alta,9,historico dia_util,2.0
I21JC029335J,20,,dia_util,0.009,0.056,0.0421,-1.12,-1.12,normal,normal,alta,9,historico dia_util,2.0
I21JC029335J,21,,dia_util,0.072,0.0317,0.033,1.22,1.22,normal,normal,alta,9,historico dia_util,2.0
I21JC029335J,22,,dia_util,0.001,0.2703,0.2422,-1.11,-1.11,normal,normal,alta,11,historico dia_util,2.0
I21JC029335J,23,,dia_util,0.094,0.0391,0.03,1.83,1.83,normal,normal,alta,11,historico dia_util,2.0
I21JC029336K,0,,dia_util,0.031,0.023,0.0154,0.52,0.52,normal,normal,alta,12,historico dia_util,2.0
I21JC029336K,1,,dia_util,0.02,0.0158,0.01,0.42,0.42,normal,normal,alta,12,historico dia_util,2.0
I21JC029336K,2,,dia_util,0.015,0.2089,0.395,-0.49,-0.49,normal,normal,alta,15,historico dia_util,2.0
I21JC029336K,3,,dia_util,0.021,0.0177,0.01,0.33,0.33,normal,normal,alta,15,historico dia_util,2.0
I21JC029336K,4,,dia_util,0.037,0.0343,0.016,0.17,0.17,normal,normal,alta,15,historico dia_util,2.0
I21JC029336K,5,,dia_util,0.088,0.0805,0.0201,0.37,0.37,normal,normal,alta,15,historico dia_util,2.0
I21JC029336K,6,,dia_util,0.101,0.1898,0.2335,-0.38,-0.38,normal,normal,alta,15,historico dia_util,2.0
I21JC029336K,7,,dia_util,0.081,0.1219,0.0571,-0.72,-0.72,normal,normal,alta,15,historico dia_util,2.0
I21JC029336K,8,,dia_util,0.204,0.1487,0.056,0.99,0.99,normal,normal,alta,15,historico dia_util,2.0
I21JC029336K,9,,dia_util,0.083,0.1171,0.0361,-0.94,-0.94,normal,normal,alta,15,historico dia_util,2.0
I21JC029336K,10,,dia_util,0.133,0.1928,0.2061,-0.29,-0.29,normal,normal,alta,13,historico dia_util,2.0
I21JC029336K,11,,dia_util,0.051,0.0838,0.0263,-1.25,-1.25,normal,normal,alta,13,historico dia_util,2.0
I21JC029336K,12,,dia_util,0.109,0.086,0.0343,0.67,0.67,normal,normal,alta,13,historico dia_util,2.0
I21JC029336K,13,,dia_util,0.138,0.1096,0.037,0.77,0.77,normal,normal,alta,13,historico dia_util,2.0
I21JC029336K,18,,dia_util,0.737,0.2482,0.1931,2.53,2.53,desvio,acima,alta,15,historico dia_util,2.0
I21JC029336K,19,,dia_util,0.27,0.1589,0.071,1.56,1.56,normal,normal,alta,15,historico dia_util,2.0
I21JC029336K,20,,dia_util,0.176,0.2098,0.0688,-0.49,-0.49,normal,normal,alta,15,historico dia_util,2.0
I21JC029336K,21,,dia_util,0.049,0.0779,0.0267,-1.08,-1.08,normal,normal,alta,15,historico dia_util,2.0
I21JC029357P,0,,dia_util,0.0,0.0,0.01,0.0,0.0,normal,normal,alta,18,historico dia_util,2.0
I21JC029357P,1,,dia_util,0.0,0.0,0.01,0.0,0.0,normal,normal,alta,18,historico dia_util,2.0
I21JC029357P,2,,dia_util,0.0,0.0,0.01,0.0,0.0,normal,normal,alta,18,historico dia_util,2.0
I21JC029357P,3,,dia_util,0.0,0.0,0.01,0.0,0.0,normal,normal,alta,18,historico dia_util,2.0
I21JC029357P,4,,dia_util,0.0,0.0,0.01,0.0,0.0,normal,normal,alta,14,historico dia_util,2.0
I21JC029357P,5,,dia_util,0.0,0.0,0.01,0.0,0.0,normal,normal,alta,14,historico dia_util,2.0
I21JC029357P,6,,dia_util,0.0,0.0,0.01,0.0,0.0,normal,normal,alta,14,historico dia_util,2.0
I21JC029357P,7,,dia_util,0.0,0.0,0.01,0.0,0.0,normal,normal,alta,14,historico dia_util,2.0
I21JC029357P,8,,dia_util,0.0,0.0,0.01,0.0,0.0,normal,normal,alta,15,historico dia_util,2.0
I21JC029357P,9,,dia_util,0.0,0.0,0.01,0.0,0.0,normal,normal,alta,15,historico dia_util,2.0
I21JC029357P,10,,dia_util,0.0,0.0,0.01,0.0,0.0,normal,normal,alta,15,historico dia_util,2.0
I21JC029357P,11,,dia_util,0.0,0.0,0.01,0.0,0.0,normal,normal,alta,15,historico dia_util,2.0
I21JC029360K,0,,dia_util,0.0,0.0,0.01,0.0,0.0,normal,normal,alta,20,historico dia_util,2.0
I21JC029360K,1,,dia_util,0.0,0.0,0.01,0.0,0.0,normal,normal,alta,20,historico dia_util,2.0
I21JC029360K,2,,dia_util,0.0,0.0,0.01,0.0,0.0,normal,normal,alta,20,historico dia_util,2.0
I21JC029360K,3,,dia_util,0.0,0.0,0.01,0.0,0.0,normal,normal,alta,20,historico dia_util,2.0
I21JC029360K,4,,dia_util,0.0,0.0,0.01,0.0,0.0,normal,normal,alta,20,historico dia_util,2.0
I21JC029360K,5,,dia_util,0.0,0.0,0.01,0.0,0.0,normal,normal,alta,20,historico dia_util,2.0
I21JC029360K,6,,dia_util,0.0,0.0,0.01,0.0,0.0,normal,normal,alta,20,historico dia_util,2.0
I21JC029360K,7,,dia_util,0.0,0.0,0.01,0.0,0.0,normal,normal,alta,20,historico dia_util,2.0
I21JC029360K,8,,dia_util,0.0,0.0,0.01,0.0,0.0,normal,normal,alta,20,historico dia_util,2.0
I21JC029360K,9,,dia_util,0.0,0.0,0.01,0.0,0.0,normal,normal,alta,20,historico dia_util,2.0
I21JC029360K,10,,dia_util,0.0,0.0,0.01,0.0,0.0,normal,normal,alta,20,historico dia_util,2.0
I21JC029360K,11,,dia_util,0.0,0.0,0.01,0.0,0.0,normal,normal,alta,20,historico dia_util,2.0
I21JC029360K,12,,dia_util,0.0,0.0,0.01,0.0,0.0,normal,normal,alta,20,historico dia_util,2.0
I21JC029360K,14,,dia_util,0.0,0.0,0.01,0.0,0.0,normal,normal,alta,20,historico dia_util,2.0
I21JC029360K,15,,dia_util,0.0,0.0,0.01,0.0,0.0,normal,normal,alta,20,historico dia_util,2.0
I21JC029360K,16,,dia_util,0.0,0.0,0.01,0.0,0.0,normal,normal,alta,20,historico dia_util,2.0
I21JC029360K,17,,dia_util,0.0,0.0,0.01,0.0,0.0,normal,normal,alta,20,historico dia_util,2.0
I21JC029360K,18,,dia_util,0.0,0.0,0.01,0.0,0.0,normal,normal,alta,20,historico dia_util,2.0
I21JC029360K,19,,dia_util,0.0,0.0,0.01,0.0,0.0,normal,normal,alta,20,historico dia_util,2.0
I21JC029360K,20,,dia_util,0.0,0.0,0.01,0.0,0.0,normal,normal,alta,20,historico dia_util,2.0
I21JC029360K,21,,dia_util,0.0,0.0,0.01,0.0,0.0,normal,normal,alta,20,historico dia_util,2.0
I21JC029360K,22,,dia_util,0.0,0.0,0.01,0.0,0.0,normal,normal,alta,20,historico dia_util,2.0
I21JC029360K,23,,dia_util,0.0,0.0,0.01,0.0,0.0,normal,normal,alta,20,historico dia_util,2.0
I21JC029361L,1,,dia_util,0.008,0.0204,0.01,-1.23,-1.23,normal,normal,alta,20,historico dia_util,2.0
I21JC029361L,2,,dia_util,0.0,0.0174,0.0105,-1.65,-1.65,normal,normal,alta,20,historico dia_util,2.0
I21JC029361L,3,,dia_util,0.004,0.0181,0.0125,-1.13,-1.13,normal,normal,alta,20,historico dia_util,2.0
I21JC029361L,4,,dia_util,0.0,0.0171,0.0119,-1.44,-1.44,normal,normal,alta,18,historico dia_util,2.0
I21JC029361L,5,,dia_util,0.006,0.0214,0.0123,-1.24,-1.24,normal,normal,alta,17,historico dia_util,2.0
I21JC029361L,6,,dia_util,0.014,0.0332,0.0104,-1.84,-1.84,normal,normal,alta,17,historico dia_util,2.0
I21JC029361L,7,,dia_util,0.243,0.0808,0.0446,3.64,3.64,desvio,acima,alta,17,historico dia_util,2.0
I21JC029361L,12,,dia_util,0.133,0.0774,0.0829,0.67,0.67,normal,normal,alta,20,historico dia_util,2.0
I21JC029361L,13,,dia_util,0.038,0.0599,0.0349,-0.63,-0.63,normal,normal,alta,20,historico dia_util,2.0
I21JC029361L,14,,dia_util,0.005,0.0363,0.0298,-1.05,-1.05,normal,normal,alta,20,historico dia_util,2.0
I21JC029361L,15,,dia_util,0.001,0.0413,0.0286,-1.41,-1.41,normal,normal,alta,20,historico dia_util,2.0
I21JC029361L,16,,dia_util,0.003,0.0492,0.0315,-1.47,-1.47,normal,normal,alta,19,historico dia_util,2.0
I21JC029361L,17,,dia_util,0.01,0.0474,0.0322,-1.16,-1.16,normal,normal,alta,19,historico dia_util,2.0
I21JC029361L,18,,dia_util,0.012,0.0664,0.031,-1.75,-1.75,normal,normal,alta,19,historico dia_util,2.0
I21JC029361L,19,,dia_util,0.051,0.0965,0.0531,-0.86,-0.86,normal,normal,alta,19,historico dia_util,2.0
I21JC029405G,0,,dia_util,0.006,0.0014,0.01,0.46,0.46,normal,normal,alta,20,historico dia_util,2.0
I21JC029405G,1,,dia_util,0.005,0.0015,0.01,0.36,0.36,normal,normal,alta,20,historico dia_util,2.0
I21JC029405G,2,,dia_util,0.005,0.0014,0.01,0.36,0.36,normal,normal,alta,20,historico dia_util,2.0
I21JC029405G,3,,dia_util,0.006,0.0014,0.01,0.46,0.46,normal,normal,alta,20,historico dia_util,2.0
I21JC029405G,4,,dia_util,0.005,0.0014,0.01,0.36,0.36,normal,normal,alta,20,historico dia_util,2.0
I21JC029405G,5,,dia_util,0.005,0.0014,0.01,0.36,0.36,normal,normal,alta,20,historico dia_util,2.0
I21JC029405G,6,,dia_util,0.006,0.0016,0.01,0.44,0.44,normal,normal,alta,20,historico dia_util,2.0
I21JC029405G,7,,dia_util,0.006,0.0016,0.01,0.43,0.43,normal,normal,alta,20,historico dia_util,2.0
I21JC029405G,8,,dia_util,0.007,0.0017,0.01,0.53,0.53,normal,normal,alta,20,historico dia_util,2.0
I21JC029405G,9,,dia_util,0.007,0.0018,0.01,0.52,0.52,normal,normal,alta,20,historico dia_util,2.0
I21JC029405G,10,,dia_util,0.007,0.0018,0.01,0.52,0.52,normal,normal,alta,20,historico dia_util,2.0
I21JC029405G,11,,dia_util,0.008,0.0018,0.01,0.62,0.62,normal,normal,alta,20,historico dia_util,2.0
I21JC029405G,12,,dia_util,0.007,0.0019,0.01,0.51,0.51,normal,normal,alta,20,historico dia_util,2.0
I21JC029405G,13,,dia_util,0.007,0.0017,0.01,0.53,0.53,normal,normal,alta,20,historico dia_util,2.0
I21JC029405G,14,,dia_util,0.007,0.0017,0.01,0.53,0.53,normal,normal,alta,20,historico dia_util,2.0
I21JC029405G,15,,dia_util,0.006,0.0102,0.038,-0.11,-0.11,normal,normal,alta,20,historico dia_util,2.0
I21JC029405G,16,,dia_util,0.006,0.0277,0.1164,-0.19,-0.19,normal,normal,alta,20,historico dia_util,2.0
I21JC029405G,17,,dia_util,0.006,0.0019,0.01,0.41,0.41,normal,normal,alta,20,historico dia_util,2.0
I21JC029405G,18,,dia_util,0.005,0.0018,0.01,0.32,0.32,normal,normal,alta,20,historico dia_util,2.0
I21JC029405G,19,,dia_util,0.006,0.0018,0.01,0.43,0.43,normal,normal,alta,20,historico dia_util,2.0
I21JC029405G,20,,dia_util,0.005,0.0018,0.01,0.32,0.32,normal,normal,alta,20,historico dia_util,2.0
I21JC029405G,21,,dia_util,0.547,0.1646,0.2579,1.48,1.48,normal,normal,alta,20,historico dia_util,2.0
I21JC029405G,22,,dia_util,0.721,0.2133,0.3342,1.52,1.52,normal,normal,alta,20,historico dia_util,2.0
I21JC029405G,23,,dia_util,1.312,0.3917,0.614,1.5,1.5,normal,normal,alta,20,historico dia_util,2.0
I21JC029424J,1,,dia_util,0.0,0.0,0.01,0.0,0.0,normal,normal,alta,12,historico dia_util,2.0
I21JC029424J,2,,dia_util,0.0,0.0,0.01,0.0,0.0,normal,normal,alta,12,historico dia_util,2.0
I21JC029424J,3,,dia_util,0.0,0.0,0.01,0.0,0.0,normal,normal,alta,12,historico dia_util,2.0
I21JC029424J,4,,dia_util,0.0,0.0,0.01,0.0,0.0,normal,normal,alta,12,historico dia_util,2.0
I21JC029424J,5,,dia_util,0.0,0.0,0.01,0.0,0.0,normal,normal,alta,10,historico dia_util,2.0
I21JC029424J,6,,dia_util,0.0,0.0,0.01,0.0,0.0,normal,normal,alta,10,historico dia_util,2.0
I21JC029424J,7,,dia_util,0.0,0.0,0.01,0.0,0.0,normal,normal,alta,10,historico dia_util,2.0
I21JC029424J,8,,dia_util,0.0,0.0,0.01,0.0,0.0,normal,normal,alta,10,historico dia_util,2.0
I21JC029424J,13,,dia_util,0.0,0.0,0.01,0.0,0.0,normal,normal,alta,10,historico dia_util,2.0
I21JC029424J,14,,dia_util,0.0,0.0,0.01,0.0,0.0,normal,normal,alta,10,historico dia_util,2.0
I21JC029424J,15,,dia_util,0.0,0.0,0.01,0.0,0.0,normal,normal,alta,10,historico dia_util,2.0
I21JC029424J,16,,dia_util,0.0,0.0,0.01,0.0,0.0,normal,normal,alta,10,historico dia_util,2.0
I21JC029424J,17,,dia_util,0.0,0.0,0.01,0.0,0.0,normal,normal,alta,9,historico dia_util,2.0
I21JC029424J,18,,dia_util,0.0,0.0,0.01,0.0,0.0,normal,normal,alta,9,historico dia_util,2.0
I21JC029424J,19,,dia_util,0.0,0.0,0.01,0.0,0.0,normal,normal,alta,9,historico dia_util,2.0
I21JC029424J,20,,dia_util,0.0,0.0,0.01,0.0,0.0,normal,normal,alta,9,historico dia_util,2.0
I21JC029429O,0,,dia_util,0.0,0.0,0.01,0.0,0.0,normal,normal,alta,20,historico dia_util,2.0
I21JC029429O,1,,dia_util,0.0,0.0,0.01,0.0,0.0,normal,normal,alta,20,historico dia_util,2.0
I21JC029429O,2,,dia_util,0.0,0.0,0.01,0.0,0.0,normal,normal,alta,20,historico dia_util,2.0
I21JC029429O,3,,dia_util,0.0,0.0,0.01,0.0,0.0,normal,normal,alta,20,historico dia_util,2.0
I21JC029429O,4,,dia_util,0.0,0.0,0.01,0.0,0.0,normal,normal,alta,20,historico dia_util,2.0
I21JC029429O,5,,dia_util,0.0,0.0,0.01,0.0,0.0,normal,normal,alta,20,historico dia_util,2.0
I21JC029429O,6,,dia_util,0.0,0.0,0.01,0.0,0.0,normal,normal,alta,20,historico dia_util,2.0
I21JC029429O,7,,dia_util,0.0,0.0,0.01,0.0,0.0,normal,normal,alta,20,historico dia_util,2.0
I21JC029429O,8,,dia_util,0.0,0.0,0.01,0.0,0.0,normal,normal,alta,20,historico dia_util,2.0
I21JC029429O,9,,dia_util,0.0,0.0,0.01,0.0,0.0,normal,normal,alta,19,historico dia_util,2.0
I21JC029429O,10,,dia_util,0.0,0.0,0.01,0.0,0.0,normal,normal,alta,19,historico dia_util,2.0
I21JC029429O,11,,dia_util,0.0,0.0,0.01,0.0,0.0,normal,normal,alta,19,historico dia_util,2.0
I21JC029429O,12,,dia_util,0.0,0.0,0.01,0.0,0.0,normal,normal,alta,19,historico dia_util,2.0
I21JC029429O,13,,dia_util,0.0,0.0,0.01,0.0,0.0,normal,normal,alta,20,historico dia_util,2.0
I21JC029429O,14,,dia_util,0.0,0.0,0.01,0.0,0.0,normal,normal,alta,20,historico dia_util,2.0
I21JC029429O,15,,dia_util,0.0,0.0,0.01,0.0,0.0,normal,normal,alta,20,historico dia_util,2.0
I21JC029429O,16,,dia_util,0.0,0.0,0.01,0.0,0.0,normal,normal,alta,20,historico dia_util,2.0
I21JC029429O,17,,dia_util,0.0,0.0,0.01,0.0,0.0,normal,normal,alta,20,historico dia_util,2.0
I21JC029429O,18,,dia_util,0.0,0.0,0.01,0.0,0.0,normal,normal,alta,20,historico dia_util,2.0
I21JC029429O,19,,dia_util,0.0,0.0,0.01,0.0,0.0,normal,normal,alta,20,historico dia_util,2.0
I21JC029429O,20,,dia_util,0.0,0.0,0.01,0.0,0.0,normal,normal,alta,20,historico dia_util,2.0
I21JC029429O,21,,dia_util,0.0,0.0,0.01,0.0,0.0,normal,normal,alta,20,historico dia_util,2.0
I21JC029429O,22,,dia_util,0.0,0.0,0.01,0.0,0.0,normal,normal,alta,20,historico dia_util,2.0
I21JC029429O,23,,dia_util,0.0,0.0,0.01,0.0,0.0,normal,normal,alta,20,historico dia_util,2.0
I21JC029445O,0,,dia_util,0.0,0.0,0.01,0.0,0.0,normal,normal,alta,19,historico dia_util,2.0
I21JC029445O,1,,dia_util,0.0,0.0,0.01,0.0,0.0,normal,normal,alta,19,historico dia_util,2.0
I21JC029445O,2,,dia_util,0.0,0.0,0.01,0.0,0.0,normal,normal,alta,19,historico dia_util,2.0
I21JC029445O,3,,dia_util,0.0,0.0,0.01,0.0,0.0,normal,normal,alta,20,historico dia_util,2.0
I21JC029445O,4,,dia_util,0.0,0.0,0.01,0.0,0.0,normal,normal,alta,20,historico dia_util,2.0
I21JC029445O,5,,dia_util,0.0,0.0,0.01,0.0,0.0,normal,normal,alta,20,historico dia_util,2.0
I21JC029445O,6,,dia_util,0.0,0.0,0.01,0.0,0.0,normal,normal,alta,20,historico dia_util,2.0
I21JC029445O,7,,dia_util,0.0,0.0,0.01,0.0,0.0,normal,normal,alta,18,historico dia_util,2.0
I21JC029445O,8,,dia_util,0.0,0.0,0.01,0.0,0.0,normal,normal,alta,18,historico dia_util,2.0
I21JC029445O,9,,dia_util,0.0,0.0,0.01,0.0,0.0,normal,normal,alta,18,historico dia_util,2.0
I21JC029445O,10,,dia_util,0.0,0.0,0.01,0.0,0.0,normal,normal,alta,18,historico dia_util,2.0
I21JC029445O,11,,dia_util,0.0,0.0,0.01,0.0,0.0,normal,normal,alta,18,historico dia_util,2.0
I21JC029445O,12,,dia_util,0.0,0.0,0.01,0.0,0.0,normal,normal,alta,18,historico dia_util,2.0
I21JC029445O,13,,dia_util,0.0,0.0,0.01,0.0,0.0,normal,normal,alta,18,historico dia_util,2.0
I21JC029445O,14,,dia_util,0.0,0.0,0.01,0.0,0.0,normal,normal,alta,18,historico dia_util,2.0
I21JC029445O,15,,dia_util,0.0,0.0,0.01,0.0,0.0,normal,normal,alta,19,historico dia_util,2.0
I21JC029445O,16,,dia_util,0.0,0.0,0.01,0.0,0.0,normal,normal,alta,19,historico dia_util,2.0
I21JC029445O,17,,dia_util,0.0,0.0,0.01,0.0,0.0,normal,normal,alta,19,historico dia_util,2.0
I21JC029445O,18,,dia_util,0.0,0.0,0.01,0.0,0.0,normal,normal,alta,19,historico dia_util,2.0
I21JC029445O,19,,dia_util,0.0,0.0,0.01,0.0,0.0,normal,normal,alta,20,historico dia_util,2.0
I21JC029445O,20,,dia_util,0.0,0.0,0.01,0.0,0.0,normal,normal,alta,20,historico dia_util,2.0
I21JC029445O,21,,dia_util,0.0,0.0,0.01,0.0,0.0,normal,normal,alta,20,historico dia_util,2.0
I21JC029445O,22,,dia_util,0.0,0.0,0.01,0.0,0.0,normal,normal,alta,20,historico dia_util,2.0
I21JC029445O,23,,dia_util,0.0,0.0,0.01,0.0,0.0,normal,normal,alta,18,historico dia_util,2.0
I21JC029459U,0,,dia_util,0.0,0.0,0.01,0.0,0.0,normal,normal,alta,17,historico dia_util,2.0
I21JC029459U,1,,dia_util,0.0,0.0,0.01,0.0,0.0,normal,normal,alta,17,historico dia_util,2.0
I21JC029459U,2,,dia_util,0.0,0.0,0.01,0.0,0.0,normal,normal,alta,17,historico dia_util,2.0
I21JC029459U,3,,dia_util,0.0,0.0,0.01,0.0,0.0,normal,normal,alta,17,historico dia_util,2.0
I21JC029459U,4,,dia_util,0.0,0.0,0.01,0.0,0.0,normal,normal,alta,19,historico dia_util,2.0
I21JC029459U,5,,dia_util,0.0,0.0,0.01,0.0,0.0,normal,normal,alta,19,historico dia_util,2.0
I21JC029459U,6,,dia_util,0.0,0.0,0.01,0.0,0.0,normal,normal,alta,19,historico dia_util,2.0
I21JC029459U,7,,dia_util,0.0,0.0,0.01,0.0,0.0,normal,normal,alta,19,historico dia_util,2.0
I21JC029459U,8,,dia_util,0.0,0.0,0.01,0.0,0.0,normal,normal,alta,15,historico dia_util,2.0
I21JC029459U,9,,dia_util,0.0,0.0,0.01,0.0,0.0,normal,normal,alta,15,historico dia_util,2.0
I21JC029459U,10,,dia_util,0.0,0.0,0.01,0.0,0.0,normal,normal,alta,15,historico dia_util,2.0
I21JC029459U,11,,dia_util,0.0,0.0,0.01,0.0,0.0,normal,normal,alta,15,historico dia_util,2.0
I21JC029459U,16,,dia_util,0.0,0.0,0.01,0.0,0.0,normal,normal,alta,17,historico dia_util,2.0
I21JC029459U,17,,dia_util,0.0,0.0,0.01,0.0,0.0,normal,normal,alta,17,historico dia_util,2.0
I21JC029459U,18,,dia_util,0.0,0.0,0.01,0.0,0.0,normal,normal,alta,17,historico dia_util,2.0
I21JC029459U,19,,dia_util,0.0,0.0,0.01,0.0,0.0,normal,normal,alta,17,historico dia_util,2.0
I21JC029465S,0,,dia_util,0.461,0.5154,0.1551,-0.35,-0.35,normal,normal,alta,20,historico dia_util,2.0
I21JC029465S,1,,dia_util,0.38,0.3501,0.0875,0.34,0.34,normal,normal,alta,19,historico dia_util,2.0
I21JC029465S,2,,dia_util,0.276,0.3617,0.142,-0.6,-0.6,normal,normal,alta,20,historico dia_util,2.0
I21JC029465S,3,,dia_util,0.23,0.27,0.0675,-0.59,-0.59,normal,normal,alta,20,historico dia_util,2.0
I21JC029465S,4,,dia_util,0.257,0.2522,0.0631,0.08,0.08,normal,normal,alta,20,historico dia_util,2.0
I21JC029465S,5,,dia_util,0.315,0.3519,0.088,-0.42,-0.42,normal,normal,alta,19,historico dia_util,2.0
I21JC029465S,6,,dia_util,0.578,0.6676,0.1701,-0.53,-0.53,normal,normal,alta,19,historico dia_util,2.0
I21JC029465S,7,,dia_util,0.577,0.7717,0.1929,-1.01,-1.01,normal,normal,alta,19,historico dia_util,2.0
I21JC029465S,8,,dia_util,0.877,0.8694,0.2174,0.03,0.03,normal,normal,alta,19,historico dia_util,2.0
I21JC029465S,9,,dia_util,0.671,0.9436,0.6511,-0.42,-0.42,normal,normal,alta,19,historico dia_util,2.0
I21JC029465S,10,,dia_util,0.451,0.6969,0.1742,-1.41,-1.41,normal,normal,alta,20,historico dia_util,2.0
I21JC029465S,11,,dia_util,0.776,0.8233,0.2058,-0.23,-0.23,normal,normal,alta,20,historico dia_util,2.0
I21JC029465S,12,,dia_util,0.875,0.8863,0.2216,-0.05,-0.05,normal,normal,alta,20,historico dia_util,2.0
I21JC029465S,13,,dia_util,0.603,0.7689,0.1922,-0.86,-0.86,normal,normal,alta,19,historico dia_util,2.0
I21JC029465S,14,,dia_util,0.5,0.6554,0.2102,-0.74,-0.74,normal,normal,alta,20,historico dia_util,2.0
I21JC029465S,15,,dia_util,0.483,0.559,0.1397,-0.54,-0.54,normal,normal,alta,20,historico dia_util,2.0
I21JC029465S,16,,dia_util,0.451,0.5685,0.1421,-0.83,-0.83,normal,normal,alta,20,historico dia_util,2.0
I21JC029465S,17,,dia_util,0.465,0.6364,0.1591,-1.08,-1.08,normal,normal,alta,19,historico dia_util,2.0
I21JC029465S,18,,dia_util,0.858,0.9512,0.2378,-0.39,-0.39,normal,normal,alta,20,historico dia_util,2.0
I21JC029465S,19,,dia_util,1.526,1.0964,0.2741,1.57,1.57,normal,normal,alta,20,historico dia_util,2.0
I21JC029465S,20,,dia_util,1.234,1.1325,0.2831,0.36,0.36,normal,normal,alta,20,historico dia_util,2.0
I21JC029465S,21,,dia_util,0.907,0.9252,0.2313,-0.08,-0.08,normal,normal,alta,18,historico dia_util,2.0
I21JC029465S,22,,dia_util,0.93,0.7893,0.1973,0.71,0.71,normal,normal,alta,20,historico dia_util,2.0
I21JC029465S,23,,dia_util,0.817,0.6324,0.1779,1.04,1.04,normal,normal,alta,20,historico dia_util,2.0
I21JC029474T,0,,dia_util,0.0,0.0,0.01,0.0,0.0,normal,normal,alta,19,historico dia_util,2.0
I21JC029474T,1,,dia_util,0.0,0.0,0.01,0.0,0.0,normal,normal,alta,19,historico dia_util,2.0
I21JC029474T,2,,dia_util,0.0,0.0,0.01,0.0,0.0,normal,normal,alta,19,historico dia_util,2.0
I21JC029474T,3,,dia_util,0.0,0.0,0.01,0.0,0.0,normal,normal,alta,20,historico dia_util,2.0
I21JC029474T,4,,dia_util,0.0,0.0,0.01,0.0,0.0,normal,normal,alta,20,historico dia_util,2.0
I21JC029474T,5,,dia_util,0.0,0.0,0.01,0.0,0.0,normal,normal,alta,20,historico dia_util,2.0
I21JC029474T,6,,dia_util,0.0,0.0,0.01,0.0,0.0,normal,normal,alta,20,historico dia_util,2.0
I21JC029474T,7,,dia_util,0.0,0.0,0.01,0.0,0.0,normal,normal,alta,17,historico dia_util,2.0
I21JC029474T,8,,dia_util,0.0,0.0,0.01,0.0,0.0,normal,normal,alta,20,historico dia_util,2.0
I21JC029474T,9,,dia_util,0.0,0.0,0.01,0.0,0.0,normal,normal,alta,20,historico dia_util,2.0
I21JC029474T,10,,dia_util,0.0,0.0,0.01,0.0,0.0,normal,normal,alta,20,historico dia_util,2.0
I21JC029474T,11,,dia_util,0.0,0.0,0.01,0.0,0.0,normal,normal,alta,19,historico dia_util,2.0
I21JC029474T,12,,dia_util,0.0,0.0,0.01,0.0,0.0,normal,normal,alta,20,historico dia_util,2.0
I21JC029474T,13,,dia_util,0.0,0.0,0.01,0.0,0.0,normal,normal,alta,20,historico dia_util,2.0
I21JC029474T,14,,dia_util,0.0,0.0,0.01,0.0,0.0,normal,normal,alta,20,historico dia_util,2.0
I21JC029474T,15,,dia_util,0.0,0.0,0.01,0.0,0.0,normal,normal,alta,19,historico dia_util,2.0
I21JC029474T,16,,dia_util,0.0,0.0,0.01,0.0,0.0,normal,normal,alta,20,historico dia_util,2.0
I21JC029474T,17,,dia_util,0.0,0.0,0.01,0.0,0.0,normal,normal,alta,20,historico dia_util,2.0
I21JC029474T,18,,dia_util,0.0,0.0,0.01,0.0,0.0,normal,normal,alta,20,historico dia_util,2.0
I21JC029474T,19,,dia_util,0.0,0.0,0.01,0.0,0.0,normal,normal,alta,19,historico dia_util,2.0
I21JC029474T,20,,dia_util,0.0,0.0,0.01,0.0,0.0,normal,normal,alta,19,historico dia_util,2.0
I21JC029474T,21,,dia_util,0.0,0.0,0.01,0.0,0.0,normal,normal,alta,19,historico dia_util,2.0
I21JC029474T,22,,dia_util,0.0,0.0,0.01,0.0,0.0,normal,normal,alta,19,historico dia_util,2.0
I21JC029474T,23,,dia_util,0.0,0.0,0.01,0.0,0.0,normal,normal,alta,18,historico dia_util,2.0
I21JC029494X,0,,dia_util,0.0,0.0,0.01,0.0,0.0,normal,normal,alta,19,historico dia_util,2.0
I21JC029494X,1,,dia_util,0.0,0.0,0.01,0.0,0.0,normal,normal,alta,16,historico dia_util,2.0
I21JC029494X,2,,dia_util,0.0,0.0,0.01,0.0,0.0,normal,normal,alta,16,historico dia_util,2.0
I21JC029494X,3,,dia_util,0.0,0.0,0.01,0.0,0.0,normal,normal,alta,16,historico dia_util,2.0
I21JC029494X,4,,dia_util,0.0,0.0,0.01,0.0,0.0,normal,normal,alta,16,historico dia_util,2.0
I21JC029494X,5,,dia_util,0.0,0.0,0.01,0.0,0.0,normal,normal,alta,20,historico dia_util,2.0
I21JC029494X,6,,dia_util,0.0,0.0,0.01,0.0,0.0,normal,normal,alta,20,historico dia_util,2.0
I21JC029494X,7,,dia_util,0.0,0.0,0.01,0.0,0.0,normal,normal,alta,20,historico dia_util,2.0
I21JC029494X,8,,dia_util,0.0,0.0,0.01,0.0,0.0,normal,normal,alta,20,historico dia_util,2.0
I21JC029494X,9,,dia_util,0.0,0.0,0.01,0.0,0.0,normal,normal,alta,16,historico dia_util,2.0
I21JC029494X,10,,dia_util,0.0,0.0,0.01,0.0,0.0,normal,normal,alta,16,historico dia_util,2.0
I21JC029494X,11,,dia_util,0.0,0.0,0.01,0.0,0.0,normal,normal,alta,16,historico dia_util,2.0
I21JC029494X,12,,dia_util,0.0,0.0,0.01,0.0,0.0,normal,normal,alta,16,historico dia_util,2.0
I21JC029494X,13,,dia_util,0.0,0.0,0.01,0.0,0.0,normal,normal,alta,20,historico dia_util,2.0
I21JC029494X,14,,dia_util,0.0,0.0,0.01,0.0,0.0,normal,normal,alta,20,historico dia_util,2.0
I21JC029494X,15,,dia_util,0.0,0.0,0.01,0.0,0.0,normal,normal,alta,20,historico dia_util,2.0
I21JC029494X,16,,dia_util,0.0,0.0,0.01,0.0,0.0,normal,normal,alta,20,historico dia_util,2.0
I21JC029494X,17,,dia_util,0.0,0.0,0.01,0.0,0.0,normal,normal,alta,19,historico dia_util,2.0
I21JC029494X,18,,dia_util,0.0,0.0,0.01,0.0,0.0,normal,normal,alta,19,historico dia_util,2.0
I21JC029494X,19,,dia_util,0.0,0.0,0.01,0.0,0.0,normal,normal,alta,19,historico dia_util,2.0
I21JC029494X,20,,dia_util,0.0,0.0,0.01,0.0,0.0,normal,normal,alta,19,historico dia_util,2.0
I21JC029494X,21,,dia_util,0.0,0.0,0.01,0.0,0.0,normal,normal,alta,19,historico dia_util,2.0
I21JC029494X,22,,dia_util,0.0,0.0,0.01,0.0,0.0,normal,normal,alta,19,historico dia_util,2.0
I21JC029494X,23,,dia_util,0.0,0.0,0.01,0.0,0.0,normal,normal,alta,19,historico dia_util,2.0
I21JC029495Y,0,,dia_util,0.0,0.0,0.01,0.0,0.0,normal,normal,alta,18,historico dia_util,2.0
I21JC029495Y,1,,dia_util,0.0,0.0,0.01,0.0,0.0,normal,normal,alta,18,historico dia_util,2.0
I21JC029495Y,2,,dia_util,0.0,0.0,0.01,0.0,0.0,normal,normal,alta,19,historico dia_util,2.0
I21JC029495Y,3,,dia_util,0.0,0.0,0.01,0.0,0.0,normal,normal,alta,19,historico dia_util,2.0
I21JC029495Y,4,,dia_util,0.0,0.0,0.01,0.0,0.0,normal,normal,alta,19,historico dia_util,2.0
I21JC029495Y,5,,dia_util,0.0,0.0,0.01,0.0,0.0,normal,normal,alta,19,historico dia_util,2.0
I21JC029495Y,6,,dia_util,0.0,0.0,0.01,0.0,0.0,normal,normal,alta,20,historico dia_util,2.0
I21JC029495Y,7,,dia_util,0.0,0.0,0.01,0.0,0.0,normal,normal,alta,20,historico dia_util,2.0
I21JC029495Y,8,,dia_util,0.0,0.0,0.01,0.0,0.0,normal,normal,alta,20,historico dia_util,2.0
I21JC029495Y,9,,dia_util,0.0,0.0,0.01,0.0,0.0,normal,normal,alta,20,historico dia_util,2.0
I21JC029495Y,10,,dia_util,0.0,0.0,0.01,0.0,0.0,normal,normal,alta,17,historico dia_util,2.0
I21JC029495Y,11,,dia_util,0.0,0.0,0.01,0.0,0.0,normal,normal,alta,17,historico dia_util,2.0
I21JC029495Y,12,,dia_util,0.0,0.0,0.01,0.0,0.0,normal,normal,alta,17,historico dia_util,2.0
I21JC029495Y,13,,dia_util,0.0,0.0,0.01,0.0,0.0,normal,normal,alta,17,historico dia_util,2.0
I21JC029495Y,14,,dia_util,0.0,0.0,0.01,0.0,0.0,normal,normal,alta,20,historico dia_util,2.0
I21JC029495Y,15,,dia_util,0.0,0.0,0.01,0.0,0.0,normal,normal,alta,20,historico dia_util,2.0
I21JC029495Y,16,,dia_util,0.0,0.0,0.01,0.0,0.0,normal,normal,alta,20,historico dia_util,2.0
I21JC029495Y,17,,dia_util,0.0,0.0,0.01,0.0,0.0,normal,normal,alta,20,historico dia_util,2.0
I21JC029495Y,18,,dia_util,0.0,0.0,0.01,0.0,0.0,normal,normal,alta,18,historico dia_util,2.0
I21JC029495Y,19,,dia_util,0.0,0.0,0.01,0.0,0.0,normal,normal,alta,18,historico dia_util,2.0
I21JC029495Y,20,,dia_util,0.0,0.0,0.01,0.0,0.0,normal,normal,alta,18,historico dia_util,2.0
I21JC029495Y,21,,dia_util,0.0,0.0,0.01,0.0,0.0,normal,normal,alta,18,historico dia_util,2.0
I21JC029495Y,22,,dia_util,0.0,0.0,0.01,0.0,0.0,normal,normal,alta,19,historico dia_util,2.0
I21JC029495Y,23,,dia_util,0.0,0.0,0.01,0.0,0.0,normal,normal,alta,19,historico dia_util,2.0
I21JC029541N,0,,dia_util,0.0,0.0,0.01,0.0,0.0,normal,normal,alta,10,historico dia_util,2.0
I21JC029541N,1,,dia_util,0.0,0.0,0.01,0.0,0.0,normal,normal,alta,10,historico dia_util,2.0
I21JC029541N,2,,dia_util,0.0,0.0,0.01,0.0,0.0,normal,normal,alta,13,historico dia_util,2.0
I21JC029541N,3,,dia_util,0.0,0.0,0.01,0.0,0.0,normal,normal,alta,14,historico dia_util,2.0
I21JC029541N,4,,dia_util,0.0,0.0,0.01,0.0,0.0,normal,normal,alta,14,historico dia_util,2.0
I21JC029541N,5,,dia_util,0.0,0.0,0.01,0.0,0.0,normal,normal,alta,14,historico dia_util,2.0
I21JC029541N,6,,dia_util,0.0,0.0,0.01,0.0,0.0,normal,normal,alta,10,historico dia_util,2.0
I21JC029541N,7,,dia_util,0.0,0.0,0.01,0.0,0.0,normal,normal,alta,10,historico dia_util,2.0
I21JC029541N,8,,dia_util,0.0,0.0,0.01,0.0,0.0,normal,normal,alta,10,historico dia_util,2.0
I21JC029541N,9,,dia_util,0.0,0.0,0.01,0.0,0.0,normal,normal,alta,10,historico dia_util,2.0
I21JC029541N,14,,dia_util,0.0,0.0,0.01,0.0,0.0,normal,normal,alta,16,historico dia_util,2.0
I21JC029541N,15,,dia_util,0.0,0.0,0.01,0.0,0.0,normal,normal,alta,16,historico dia_util,2.0
I21JC029541N,16,,dia_util,0.0,0.0,0.01,0.0,0.0,normal,normal,alta,16,historico dia_util,2.0
I21JC029541N,17,,dia_util,0.0,0.0,0.01,0.0,0.0,normal,normal,alta,16,historico dia_util,2.0
I21JC029541N,18,,dia_util,0.0,0.0,0.01,0.0,0.0,normal,normal,alta,14,historico dia_util,2.0
I21JC029541N,19,,dia_util,0.0,0.0,0.01,0.0,0.0,normal,normal,alta,15,historico dia_util,2.0
I21JC029541N,20,,dia_util,0.0,0.0,0.01,0.0,0.0,normal,normal,alta,15,historico dia_util,2.0
I21JC029541N,21,,dia_util,0.0,0.0,0.01,0.0,0.0,normal,normal,alta,15,historico dia_util,2.0
I21JC029541N,22,,dia_util,0.0,0.0,0.01,0.0,0.0,normal,normal,alta,10,historico dia_util,2.0
I21JC029541N,23,,dia_util,0.0,0.0,0.01,0.0,0.0,normal,normal,alta,10,historico dia_util,2.0
I21JC029553R,4,,dia_util,0.666,0.0256,0.01,10.0,64.04,desvio,acima,alta,18,historico dia_util,2.0
I21JC029553R,5,,dia_util,0.02,0.0253,0.01,-0.53,-0.53,normal,normal,alta,18,historico dia_util,2.0
I21JC029553R,6,,dia_util,0.021,0.0256,0.01,-0.46,-0.46,normal,normal,alta,18,historico dia_util,2.0
I21JC029553R,7,,dia_util,0.022,0.0319,0.0187,-0.53,-0.53,normal,normal,alta,18,historico dia_util,2.0
I21JC029553R,8,,dia_util,0.07,0.0501,0.0467,0.43,0.43,normal,normal,alta,19,historico dia_util,2.0
I21JC029553R,9,,dia_util,0.034,0.0452,0.024,-0.47,-0.47,normal,normal,alta,19,historico dia_util,2.0
I21JC029553R,10,,dia_util,0.072,0.1304,0.1169,-0.5,-0.5,normal,normal,alta,19,historico dia_util,2.0
I21JC029553R,11,,dia_util,0.069,0.092,0.0666,-0.35,-0.35,normal,normal,alta,19,historico dia_util,2.0
I21JC029553R,12,,dia_util,0.023,0.1415,0.1154,-1.03,-1.03,normal,normal,alta,18,historico dia_util,2.0
I21JC029553R,13,,dia_util,0.02,0.0427,0.0182,-1.25,-1.25,normal,normal,alta,18,historico dia_util,2.0
I21JC029553R,14,,dia_util,0.031,0.0437,0.0275,-0.46,-0.46,normal,normal,alta,18,historico dia_util,2.0
I21JC029553R,15,,dia_util,0.016,0.0231,0.01,-0.71,-0.71,normal,normal,alta,18,historico dia_util,2.0
I21JC029553R,16,,dia_util,0.015,0.0426,0.069,-0.4,-0.4,normal,normal,alta,20,historico dia_util,2.0
I21JC029553R,17,,dia_util,0.023,0.0251,0.0102,-0.2,-0.2,normal,normal,alta,20,historico dia_util,2.0
I21JC029553R,18,,dia_util,0.045,0.0324,0.01,1.26,1.26,normal,normal,alta,20,historico dia_util,2.0
I21JC029553R,19,,dia_util,0.039,0.044,0.0206,-0.24,-0.24,normal,normal,alta,20,historico dia_util,2.0
I21JC029553R,20,,dia_util,0.036,0.0379,0.0145,-0.13,-0.13,normal,normal,alta,20,historico dia_util,2.0
I21JC029553R,21,,dia_util,0.054,0.2155,0.2465,-0.66,-0.66,normal,normal,alta,20,historico dia_util,2.0
I21JC029553R,22,,dia_util,0.352,0.2762,0.2717,0.28,0.28,normal,normal,alta,20,historico dia_util,2.0
I21JC029553R,23,,dia_util,0.04,0.2016,0.3075,-0.53,-0.53,normal,normal,alta,20,historico dia_util,2.0
I21JC029555T,0,,dia_util,0.0,0.0,0.01,0.0,0.0,normal,normal,alta,20,historico dia_util,2.0
I21JC029555T,1,,dia_util,0.0,0.0,0.01,0.0,0.0,normal,normal,alta,20,historico dia_util,2.0
I21JC029555T,2,,dia_util,0.0,0.0,0.01,0.0,0.0,normal,normal,alta,20,historico dia_util,2.0
I21JC029555T,3,,dia_util,0.0,0.0,0.01,0.0,0.0,normal,normal,alta,20,historico dia_util,2.0
I21JC029555T,4,,dia_util,0.0,0.0,0.01,0.0,0.0,normal,normal,alta,20,historico dia_util,2.0
I21JC029555T,5,,dia_util,0.0,0.0,0.01,0.0,0.0,normal,normal,alta,20,historico dia_util,2.0
I21JC029555T,6,,dia_util,0.0,0.0,0.01,0.0,0.0,normal,normal,alta,20,historico dia_util,2.0
I21JC029555T,7,,dia_util,0.0,0.0,0.01,0.0,0.0,normal,normal,alta,20,historico dia_util,2.0
I21JC029555T,12,,dia_util,0.0,0.0,0.01,0.0,0.0,normal,normal,alta,20,historico dia_util,2.0
I21JC029555T,13,,dia_util,0.0,0.0,0.01,0.0,0.0,normal,normal,alta,20,historico dia_util,2.0
I21JC029555T,14,,dia_util,0.0,0.0,0.01,0.0,0.0,normal,normal,alta,20,historico dia_util,2.0
I21JC029555T,15,,dia_util,0.0,0.0,0.01,0.0,0.0,normal,normal,alta,20,historico dia_util,2.0
I21JC029555T,16,,dia_util,0.0,0.0,0.01,0.0,0.0,normal,normal,alta,19,historico dia_util,2.0
I21JC029555T,17,,dia_util,0.0,0.0,0.01,0.0,0.0,normal,normal,alta,20,historico dia_util,2.0
I21JC029555T,18,,dia_util,0.0,0.0,0.01,0.0,0.0,normal,normal,alta,20,historico dia_util,2.0
I21JC029555T,19,,dia_util,0.0,0.0,0.01,0.0,0.0,normal,normal,alta,20,historico dia_util,2.0
I21JC029555T,20,,dia_util,0.0,0.0,0.01,0.0,0.0,normal,normal,alta,20,historico dia_util,2.0
I21JC029555T,21,,dia_util,0.0,0.0,0.01,0.0,0.0,normal,normal,alta,20,historico dia_util,2.0
I21JC029555T,22,,dia_util,0.0,0.0,0.01,0.0,0.0,normal,normal,alta,20,historico dia_util,2.0
I21JC029555T,23,,dia_util,0.0,0.0,0.01,0.0,0.0,normal,normal,alta,20,historico dia_util,2.0
I21JC029567X,0,,dia_util,0.0,0.0,0.01,0.0,0.0,normal,normal,alta,17,historico dia_util,2.0
I21JC029567X,1,,dia_util,0.0,0.0,0.01,0.0,0.0,normal,normal,alta,19,historico dia_util,2.0
I21JC029567X,2,,dia_util,0.0,0.0,0.01,0.0,0.0,normal,normal,alta,19,historico dia_util,2.0
I21JC029567X,3,,dia_util,0.0,0.0,0.01,0.0,0.0,normal,normal,alta,19,historico dia_util,2.0
I21JC029567X,4,,dia_util,0.0,0.0,0.01,0.0,0.0,normal,normal,alta,18,historico dia_util,2.0
I21JC029567X,5,,dia_util,0.0,0.0,0.01,0.0,0.0,normal,normal,alta,20,historico dia_util,2.0
I21JC029567X,6,,dia_util,0.0,0.0,0.01,0.0,0.0,normal,normal,alta,20,historico dia_util,2.0
I21JC029567X,7,,dia_util,0.0,0.0,0.01,0.0,0.0,normal,normal,alta,20,historico dia_util,2.0
I21JC029567X,8,,dia_util,0.0,0.0,0.01,0.0,0.0,normal,normal,alta,16,historico dia_util,2.0
I21JC029567X,9,,dia_util,0.0,0.0,0.01,0.0,0.0,normal,normal,alta,18,historico dia_util,2.0
I21JC029567X,10,,dia_util,0.0,0.0,0.01,0.0,0.0,normal,normal,alta,18,historico dia_util,2.0
I21JC029567X,11,,dia_util,0.0,0.0,0.01,0.0,0.0,normal,normal,alta,18,historico dia_util,2.0
I21JC029567X,12,,dia_util,0.0,0.0,0.01,0.0,0.0,normal,normal,alta,17,historico dia_util,2.0
I21JC029567X,13,,dia_util,0.0,0.0,0.01,0.0,0.0,normal,normal,alta,17,historico dia_util,2.0
I21JC029567X,14,,dia_util,0.0,0.0,0.01,0.0,0.0,normal,normal,alta,17,historico dia_util,2.0
I21JC029567X,15,,dia_util,0.0,0.0,0.01,0.0,0.0,normal,normal,alta,17,historico dia_util,2.0
I21JC029567X,16,,dia_util,0.0,0.0,0.01,0.0,0.0,normal,normal,alta,18,historico dia_util,2.0
I21JC029567X,17,,dia_util,0.0,0.0,0.01,0.0,0.0,normal,normal,alta,19,historico dia_util,2.0
I21JC029567X,18,,dia_util,0.0,0.0,0.01,0.0,0.0,normal,normal,alta,19,historico dia_util,2.0
I21JC029567X,19,,dia_util,0.0,0.0,0.01,0.0,0.0,normal,normal,alta,19,historico dia_util,2.0
I21JC029576Y,0,,dia_util,0.0,0.0,0.01,0.0,0.0,normal,normal,alta,20,historico dia_util,2.0
I21JC029576Y,1,,dia_util,0.0,0.0,0.01,0.0,0.0,normal,normal,alta,20,historico dia_util,2.0
I21JC029576Y,2,,dia_util,0.0,0.0,0.01,0.0,0.0,normal,normal,alta,20,historico dia_util,2.0
I21JC029576Y,3,,dia_util,0.0,0.0,0.01,0.0,0.0,normal,normal,alta,20,historico dia_util,2.0
I21JC029576Y,4,,dia_util,0.0,0.0,0.01,0.0,0.0,normal,normal,alta,20,historico dia_util,2.0
I21JC029576Y,5,,dia_util,0.0,0.0,0.01,0.0,0.0,normal,normal,alta,20,historico dia_util,2.0
I21JC029576Y,6,,dia_util,0.0,0.0,0.01,0.0,0.0,normal,normal,alta,20,historico dia_util,2.0
I21JC029576Y,7,,dia_util,0.0,0.0,0.01,0.0,0.0,normal,normal,alta,20,historico dia_util,2.0
I21JC029576Y,8,,dia_util,0.0,0.0,0.01,0.0,0.0,normal,normal,alta,20,historico dia_util,2.0
I21JC029576Y,9,,dia_util,0.0,0.0,0.01,0.0,0.0,normal,normal,alta,18,historico dia_util,2.0
I21JC029576Y,10,,dia_util,0.0,0.0,0.01,0.0,0.0,normal,normal,alta,18,historico dia_util,2.0
I21JC029576Y,11,,dia_util,0.0,0.0,0.01,0.0,0.0,normal,normal,alta,18,historico dia_util,2.0
I21JC029576Y,12,,dia_util,0.0,0.0,0.01,0.0,0.0,normal,normal,alta,18,historico dia_util,2.0
I21JC029576Y,13,,dia_util,0.0,0.0,0.01,0.0,0.0,normal,normal,alta,20,historico dia_util,2.0
I21JC029576Y,14,,dia_util,0.0,0.0,0.01,0.0,0.0,normal,normal,alta,20,historico dia_util,2.0
I21JC029576Y,15,,dia_util,0.0,0.0,0.01,0.0,0.0,normal,normal,alta,20,historico dia_util,2.0
I21JC029576Y,16,,dia_util,0.0,0.0,0.01,0.0,0.0,normal,normal,alta,20,historico dia_util,2.0
I21JC029576Y,17,,dia_util,0.0,0.0,0.01,0.0,0.0,normal,normal,alta,20,historico dia_util,2.0
I21JC029576Y,18,,dia_util,0.0,0.0,0.01,0.0,0.0,normal,normal,alta,20,historico dia_util,2.0
I21JC029576Y,19,,dia_util,0.0,0.0,0.01,0.0,0.0,normal,normal,alta,20,historico dia_util,2.0
I21JC029576Y,20,,dia_util,0.0,0.0,0.01,0.0,0.0,normal,normal,alta,20,historico dia_util,2.0
I21JC029576Y,21,,dia_util,0.0,0.0,0.01,0.0,0.0,normal,normal,alta,20,historico dia_util,2.0
I21JC029576Y,22,,dia_util,0.0,0.0,0.01,0.0,0.0,normal,normal,alta,20,historico dia_util,2.0
I21JC029576Y,23,,dia_util,0.0,0.0,0.01,0.0,0.0,normal,normal,alta,20,historico dia_util,2.0
I21JC029599F,0,,dia_util,0.0,0.0,0.01,0.0,0.0,normal,normal,alta,17,historico dia_util,2.0
I21JC029599F,1,,dia_util,0.0,0.0,0.01,0.0,0.0,normal,normal,alta,19,historico dia_util,2.0
I21JC029599F,2,,dia_util,0.0,0.0,0.01,0.0,0.0,normal,normal,alta,19,historico dia_util,2.0
I21JC029599F,3,,dia_util,0.0,0.0,0.01,0.0,0.0,normal,normal,alta,19,historico dia_util,2.0
I21JC029599F,4,,dia_util,0.0,0.0,0.01,0.0,0.0,normal,normal,alta,16,historico dia_util,2.0
I21JC029599F,5,,dia_util,0.0,0.0,0.01,0.0,0.0,normal,normal,alta,17,historico dia_util,2.0
I21JC029599F,6,,dia_util,0.0,0.0,0.01,0.0,0.0,normal,normal,alta,17,historico dia_util,2.0
I21JC029599F,7,,dia_util,0.0,0.0,0.01,0.0,0.0,normal,normal,alta,17,historico dia_util,2.0
I21JC029599F,8,,dia_util,0.0,0.0,0.01,0.0,0.0,normal,normal,alta,17,historico dia_util,2.0
I21JC029599F,9,,dia_util,0.0,0.0,0.01,0.0,0.0,normal,normal,alta,17,historico dia_util,2.0
I21JC029599F,10,,dia_util,0.0,0.0,0.01,0.0,0.0,normal,normal,alta,17,historico dia_util,2.0
I21JC029599F,11,,dia_util,0.0,0.0,0.01,0.0,0.0,normal,normal,alta,17,historico dia_util,2.0
I21JC029599F,12,,dia_util,0.0,0.0,0.01,0.0,0.0,normal,normal,alta,17,historico dia_util,2.0
I21JC029599F,13,,dia_util,0.0,0.0,0.01,0.0,0.0,normal,normal,alta,19,historico dia_util,2.0
I21JC029599F,14,,dia_util,0.0,0.0,0.01,0.0,0.0,normal,normal,alta,19,historico dia_util,2.0
I21JC029599F,15,,dia_util,0.0,0.0,0.01,0.0,0.0,normal,normal,alta,19,historico dia_util,2.0
I21JC029599F,16,,dia_util,0.0,0.0,0.01,0.0,0.0,normal,normal,alta,18,historico dia_util,2.0
I21JC029599F,17,,dia_util,0.0,0.0,0.01,0.0,0.0,normal,normal,alta,19,historico dia_util,2.0
I21JC029599F,18,,dia_util,0.0,0.0,0.01,0.0,0.0,normal,normal,alta,19,historico dia_util,2.0
I21JC029599F,19,,dia_util,0.0,0.0,0.01,0.0,0.0,normal,normal,alta,19,historico dia_util,2.0
I21JC029599F,20,,dia_util,0.0,0.0,0.01,0.0,0.0,normal,normal,alta,18,historico dia_util,2.0
I21JC029599F,21,,dia_util,0.0,0.0,0.01,0.0,0.0,normal,normal,alta,18,historico dia_util,2.0
I21JC029599F,22,,dia_util,0.0,0.0,0.01,0.0,0.0,normal,normal,alta,18,historico dia_util,2.0
I21JC029599F,23,,dia_util,0.0,0.0,0.01,0.0,0.0,normal,normal,alta,18,historico dia_util,2.0
I21JC029600H,3,,dia_util,0.044,0.0126,0.0208,1.51,1.51,normal,normal,alta,19,historico dia_util,2.0
I21JC029600H,4,,dia_util,0.009,0.0084,0.01,0.06,0.06,normal,normal,alta,19,historico dia_util,2.0
I21JC029600H,5,,dia_util,0.009,0.0084,0.01,0.06,0.06,normal,normal,alta,19,historico dia_util,2.0
I21JC029600H,6,,dia_util,0.009,0.0084,0.01,0.06,0.06,normal,normal,alta,19,historico dia_util,2.0
I21JC029600H,7,,dia_util,0.007,0.0079,0.01,-0.09,-0.09,normal,normal,alta,19,historico dia_util,2.0
I21JC029600H,8,,dia_util,0.008,0.0508,0.1892,-0.23,-0.23,normal,normal,alta,19,historico dia_util,2.0
I21JC029600H,9,,dia_util,0.008,0.1299,0.4602,-0.27,-0.27,normal,normal,alta,19,historico dia_util,2.0
I21JC029600H,10,,dia_util,0.008,0.0201,0.054,-0.22,-0.22,normal,normal,alta,19,historico dia_util,2.0
I21JC029600H,11,,dia_util,0.008,0.0524,0.1578,-0.28,-0.28,normal,normal,alta,20,historico dia_util,2.0
I21JC029600H,12,,dia_util,0.008,0.0082,0.01,-0.02,-0.02,normal,normal,alta,20,historico dia_util,2.0
I21JC029600H,13,,dia_util,0.009,0.0078,0.01,0.12,0.12,normal,normal,alta,20,historico dia_util,2.0
I21JC029600H,14,,dia_util,0.008,0.0525,0.1869,-0.24,-0.24,normal,normal,alta,20,historico dia_util,2.0
I21JC029600H,15,,dia_util,0.009,0.0384,0.1028,-0.29,-0.29,normal,normal,alta,20,historico dia_util,2.0
I21JC029600H,16,,dia_util,0.008,0.0229,0.0662,-0.23,-0.23,normal,normal,alta,20,historico dia_util,2.0
I21JC029600H,17,,dia_util,0.009,0.0078,0.01,0.12,0.12,normal,normal,alta,20,historico dia_util,2.0
I21JC029600H,18,,dia_util,0.008,0.0074,0.01,0.06,0.06,normal,normal,alta,20,historico dia_util,2.0
I21JC029600H,23,,dia_util,0.04,0.0075,0.01,3.25,3.25,desvio,acima,alta,19,historico dia_util,2.0
I21JC029603K,0,,dia_util,0.0,0.0,0.01,0.0,0.0,normal,normal,alta,12,historico dia_util,2.0
I21JC029603K,1,,dia_util,0.0,0.0,0.01,0.0,0.0,normal,normal,alta,14,historico dia_util,2.0
I21JC029603K,2,,dia_util,0.0,0.0,0.01,0.0,0.0,normal,normal,alta,14,historico dia_util,2.0
I21JC029603K,3,,dia_util,0.0,0.0,0.01,0.0,0.0,normal,normal,alta,14,historico dia_util,2.0
I21JC029603K,8,,dia_util,0.0,0.0,0.01,0.0,0.0,normal,normal,alta,12,historico dia_util,2.0
I21JC029603K,9,,dia_util,0.0,0.0,0.01,0.0,0.0,normal,normal,alta,12,historico dia_util,2.0
I21JC029603K,10,,dia_util,0.0,0.0,0.01,0.0,0.0,normal,normal,alta,12,historico dia_util,2.0
I21JC029603K,11,,dia_util,0.0,0.0,0.01,0.0,0.0,normal,normal,alta,12,historico dia_util,2.0
I21JC029603K,12,,dia_util,0.0,0.0,0.01,0.0,0.0,normal,normal,alta,13,historico dia_util,2.0
I21JC029603K,13,,dia_util,0.0,0.0,0.01,0.0,0.0,normal,normal,alta,13,historico dia_util,2.0
I21JC029603K,14,,dia_util,0.0,0.0,0.01,0.0,0.0,normal,normal,alta,13,historico dia_util,2.0
I21JC029603K,15,,dia_util,0.0,0.0,0.01,0.0,0.0,normal,normal,alta,13,historico dia_util,2.0
I21JC029603K,16,,dia_util,0.0,0.0,0.01,0.0,0.0,normal,normal,alta,14,historico dia_util,2.0
I21JC029603K,17,,dia_util,0.0,0.0,0.01,0.0,0.0,normal,normal,alta,14,historico dia_util,2.0
I21JC029603K,18,,dia_util,0.0,0.0,0.01,0.0,0.0,normal,normal,alta,14,historico dia_util,2.0
I21JC029603K,19,,dia_util,0.0,0.0,0.01,0.0,0.0,normal,normal,alta,14,historico dia_util,2.0
I21JC029611K,0,,dia_util,0.0,0.0,0.01,0.0,0.0,normal,normal,alta,20,historico dia_util,2.0
I21JC029611K,1,,dia_util,0.0,0.0,0.01,0.0,0.0,normal,normal,alta,20,historico dia_util,2.0
I21JC029611K,2,,dia_util,0.0,0.0,0.01,0.0,0.0,normal,normal,alta,20,historico dia_util,2.0
I21JC029611K,3,,dia_util,0.0,0.0,0.01,0.0,0.0,normal,normal,alta,20,historico dia_util,2.0
I21JC029611K,4,,dia_util,0.0,0.0,0.01,0.0,0.0,normal,normal,alta,20,historico dia_util,2.0
I21JC029611K,5,,dia_util,0.0,0.0,0.01,0.0,0.0,normal,normal,alta,20,historico dia_util,2.0
I21JC029611K,6,,dia_util,0.0,0.0,0.01,0.0,0.0,normal,normal,alta,20,historico dia_util,2.0
I21JC029611K,7,,dia_util,0.0,0.0,0.01,0.0,0.0,normal,normal,alta,20,historico dia_util,2.0
I21JC029611K,8,,dia_util,0.0,0.0,0.01,0.0,0.0,normal,normal,alta,20,historico dia_util,2.0
I21JC029611K,9,,dia_util,0.0,0.0,0.01,0.0,0.0,normal,normal,alta,20,historico dia_util,2.0
I21JC029611K,10,,dia_util,0.0,0.0,0.01,0.0,0.0,normal,normal,alta,20,historico dia_util,2.0
I21JC029611K,11,,dia_util,0.0,0.0,0.01,0.0,0.0,normal,normal,alta,19,historico dia_util,2.0
I21JC029611K,12,,dia_util,0.0,0.0,0.01,0.0,0.0,normal,normal,alta,19,historico dia_util,2.0
I21JC029611K,13,,dia_util,0.0,0.0,0.01,0.0,0.0,normal,normal,alta,19,historico dia_util,2.0
I21JC029611K,14,,dia_util,0.0,0.0,0.01,0.0,0.0,normal,normal,alta,19,historico dia_util,2.0
I21JC029611K,15,,dia_util,0.0,0.0,0.01,0.0,0.0,normal,normal,alta,20,historico dia_util,2.0
I21JC029611K,16,,dia_util,0.0,0.0,0.01,0.0,0.0,normal,normal,alta,20,historico dia_util,2.0
I21JC029611K,17,,dia_util,0.0,0.0,0.01,0.0,0.0,normal,normal,alta,20,historico dia_util,2.0
I21JC029611K,18,,dia_util,0.0,0.0,0.01,0.0,0.0,normal,normal,alta,20,historico dia_util,2.0
I21JC029611K,19,,dia_util,0.0,0.0,0.01,0.0,0.0,normal,normal,alta,19,historico dia_util,2.0
I21JC029611K,20,,dia_util,0.0,0.0,0.01,0.0,0.0,normal,normal,alta,19,historico dia_util,2.0
I21JC029611K,21,,dia_util,0.0,0.0,0.01,0.0,0.0,normal,normal,alta,19,historico dia_util,2.0
I21JC029611K,22,,dia_util,0.0,0.0,0.01,0.0,0.0,normal,normal,alta,19,historico dia_util,2.0
I21JC029611K,23,,dia_util,0.0,0.0,0.01,0.0,0.0,normal,normal,alta,20,historico dia_util,2.0
I21JC029632P,0,,dia_util,0.0,0.0,0.01,0.0,0.0,normal,normal,alta,18,historico dia_util,2.0
I21JC029632P,5,,dia_util,0.0,0.0,0.01,0.0,0.0,normal,normal,alta,20,historico dia_util,2.0
I21JC029632P,6,,dia_util,0.0,0.0,0.01,0.0,0.0,normal,normal,alta,20,historico dia_util,2.0
I21JC029632P,7,,dia_util,0.0,0.0,0.01,0.0,0.0,normal,normal,alta,20,historico dia_util,2.0
I21JC029632P,8,,dia_util,0.0,0.0,0.01,0.0,0.0,normal,normal,alta,20,historico dia_util,2.0
I21JC029632P,9,,dia_util,0.0,0.0,0.01,0.0,0.0,normal,normal,alta,20,historico dia_util,2.0
I21JC029632P,10,,dia_util,0.0,0.0,0.01,0.0,0.0,normal,normal,alta,20,historico dia_util,2.0
I21JC029632P,11,,dia_util,0.0,0.0,0.01,0.0,0.0,normal,normal,alta,20,historico dia_util,2.0
I21JC029632P,12,,dia_util,0.0,0.0,0.01,0.0,0.0,normal,normal,alta,20,historico dia_util,2.0
I21JC029632P,13,,dia_util,0.0,0.0,0.01,0.0,0.0,normal,normal,alta,20,historico dia_util,2.0
I21JC029632P,14,,dia_util,0.0,0.0,0.01,0.0,0.0,normal,normal,alta,20,historico dia_util,2.0
I21JC029632P,15,,dia_util,0.0,0.0,0.01,0.0,0.0,normal,normal,alta,20,historico dia_util,2.0
I21JC029632P,16,,dia_util,0.0,0.0,0.01,0.0,0.0,normal,normal,alta,20,historico dia_util,2.0
I21JC029632P,17,,dia_util,0.0,0.0,0.01,0.0,0.0,normal,normal,alta,20,historico dia_util,2.0
I21JC029632P,18,,dia_util,0.0,0.0,0.01,0.0,0.0,normal,normal,alta,20,historico dia_util,2.0
I21JC029632P,19,,dia_util,0.0,0.0,0.01,0.0,0.0,normal,normal,alta,20,historico dia_util,2.0
I21JC029632P,20,,dia_util,0.0,0.0,0.01,0.0,0.0,normal,normal,alta,20,historico dia_util,2.0
I21JC029632P,21,,dia_util,0.0,0.0,0.01,0.0,0.0,normal,normal,alta,19,historico dia_util,2.0
I21JC029632P,22,,dia_util,0.0,0.0,0.01,0.0,0.0,normal,normal,alta,19,historico dia_util,2.0
I21JC029632P,23,,dia_util,0.0,0.0,0.01,0.0,0.0,normal,normal,alta,19,historico dia_util,2.0
I21JC029635S,0,,dia_util,0.081,0.0051,0.0205,3.7,3.7,desvio,acima,alta,16,historico dia_util,2.0
I21JC029635S,1,,dia_util,0.081,0.0048,0.0199,3.83,3.83,desvio,acima,alta,17,historico dia_util,2.0
I21JC029635S,2,,dia_util,0.081,0.0048,0.0199,3.83,3.83,desvio,acima,alta,17,historico dia_util,2.0
I21JC029635S,3,,dia_util,0.081,0.0048,0.0196,3.88,3.88,desvio,acima,alta,17,historico dia_util,2.0
I21JC029635S,4,,dia_util,0.08,0.0048,0.0199,3.78,3.78,desvio,acima,alta,17,historico dia_util,2.0
I21JC029635S,5,,dia_util,0.08,0.0048,0.0196,3.83,3.83,desvio,acima,alta,17,historico dia_util,2.0
I21JC029635S,6,,dia_util,0.08,0.0048,0.0196,3.83,3.83,desvio,acima,alta,17,historico dia_util,2.0
I21JC029635S,7,,dia_util,0.08,0.0048,0.0199,3.78,3.78,desvio,acima,alta,17,historico dia_util,2.0
I21JC029635S,8,,dia_util,0.081,0.0048,0.0199,3.83,3.83,desvio,acima,alta,17,historico dia_util,2.0
I21JC029635S,9,,dia_util,0.081,0.0055,0.0199,3.79,3.79,desvio,acima,alta,17,historico dia_util,2.0
I21JC029635S,10,,dia_util,0.081,0.0048,0.0199,3.83,3.83,desvio,acima,alta,17,historico dia_util,2.0
I21JC029635S,11,,dia_util,0.081,0.0048,0.0196,3.88,3.88,desvio,acima,alta,17,historico dia_util,2.0
I21JC029635S,12,,dia_util,0.081,0.0048,0.0199,3.83,3.83,desvio,acima,alta,17,historico dia_util,2.0
I21JC029635S,13,,dia_util,0.081,0.0048,0.0199,3.83,3.83,desvio,acima,alta,17,historico dia_util,2.0
I21JC029635S,14,,dia_util,0.08,0.0127,0.037,1.82,1.82,normal,normal,alta,17,historico dia_util,2.0
I21JC029635S,15,,dia_util,0.032,0.0048,0.0196,1.39,1.39,normal,normal,alta,17,historico dia_util,2.0
I21JC029635S,16,,dia_util,0.003,0.0048,0.0199,-0.09,-0.09,normal,normal,alta,17,historico dia_util,2.0
I21JC029635S,17,,dia_util,0.001,0.0048,0.0199,-0.19,-0.19,normal,normal,alta,17,historico dia_util,2.0
I21JC029635S,18,,dia_util,0.0,0.0056,0.0198,-0.29,-0.29,normal,normal,alta,17,historico dia_util,2.0
I21JC029635S,19,,dia_util,0.0,0.0074,0.022,-0.34,-0.34,normal,normal,alta,17,historico dia_util,2.0
I21JC029635S,20,,dia_util,0.0,0.0093,0.0262,-0.35,-0.35,normal,normal,alta,17,historico dia_util,2.0
I21JC029635S,21,,dia_util,0.0,0.0091,0.0258,-0.35,-0.35,normal,normal,alta,17,historico dia_util,2.0
I21JC029635S,22,,dia_util,0.0,0.0092,0.0259,-0.35,-0.35,normal,normal,alta,17,historico dia_util,2.0
I21JC029635S,23,,dia_util,0.0,0.009,0.0255,-0.35,-0.35,normal,normal,alta,17,historico dia_util,2.0
I21JC029733T,0,,dia_util,0.0,0.0,0.01,0.0,0.0,normal,normal,alta,16,historico dia_util,2.0
I21JC029733T,1,,dia_util,0.0,0.0,0.01,0.0,0.0,normal,normal,alta,17,historico dia_util,2.0
I21JC029733T,2,,dia_util,0.0,0.0,0.01,0.0,0.0,normal,normal,alta,17,historico dia_util,2.0
I21JC029733T,3,,dia_util,0.0,0.0,0.01,0.0,0.0,normal,normal,alta,17,historico dia_util,2.0
I21JC029733T,4,,dia_util,0.0,0.0,0.01,0.0,0.0,normal,normal,alta,17,historico dia_util,2.0
I21JC029733T,5,,dia_util,0.0,0.0,0.01,0.0,0.0,normal,normal,alta,17,historico dia_util,2.0
I21JC029733T,6,,dia_util,0.0,0.0,0.01,0.0,0.0,normal,normal,alta,17,historico dia_util,2.0
I21JC029733T,7,,dia_util,0.0,0.0,0.01,0.0,0.0,normal,normal,alta,17,historico dia_util,2.0
I21JC029733T,8,,dia_util,0.0,0.0,0.01,0.0,0.0,normal,normal,alta,17,historico dia_util,2.0
I21JC029733T,9,,dia_util,0.0,0.0,0.01,0.0,0.0,normal,normal,alta,17,historico dia_util,2.0
I21JC029733T,10,,dia_util,0.0,0.0,0.01,0.0,0.0,normal,normal,alta,17,historico dia_util,2.0
I21JC029733T,11,,dia_util,0.0,0.0,0.01,0.0,0.0,normal,normal,alta,17,historico dia_util,2.0
I21JC029733T,12,,dia_util,0.0,0.0,0.01,0.0,0.0,normal,normal,alta,17,historico dia_util,2.0
I21JC029733T,13,,dia_util,0.0,0.0,0.01,0.0,0.0,normal,normal,alta,17,historico dia_util,2.0
I21JC029733T,14,,dia_util,0.0,0.0,0.01,0.0,0.0,normal,normal,alta,17,historico dia_util,2.0
I21JC029733T,15,,dia_util,0.0,0.0,0.01,0.0,0.0,normal,normal,alta,17,historico dia_util,2.0
I21JC029733T,16,,dia_util,0.0,0.0,0.01,0.0,0.0,normal,normal,alta,17,historico dia_util,2.0
I21JC029733T,17,,dia_util,0.0,0.0,0.01,0.0,0.0,normal,normal,alta,17,historico dia_util,2.0
I21JC029733T,18,,dia_util,0.0,0.0,0.01,0.0,0.0,normal,normal,alta,17,historico dia_util,2.0
I21JC029733T,19,,dia_util,0.0,0.0,0.01,0.0,0.0,normal,normal,alta,17,historico dia_util,2.0
I21JC029733T,20,,dia_util,0.0,0.0,0.01,0.0,0.0,normal,normal,alta,17,historico dia_util,2.0
I21JC029733T,21,,dia_util,0.0,0.0,0.01,0.0,0.0,normal,normal,alta,17,historico dia_util,2.0
I21JC029733T,22,,dia_util,0.0,0.0,0.01,0.0,0.0,normal,normal,alta,17,historico dia_util,2.0
I21JC029733T,23,,dia_util,0.0,0.0,0.01,0.0,0.0,normal,normal,alta,17,historico dia_util,2.0
I21JC029735V,0,,dia_util,0.0,0.0,0.01,0.0,0.0,normal,normal,alta,17,historico dia_util,2.0
I21JC029735V,1,,dia_util,0.0,0.0,0.01,0.0,0.0,normal,normal,alta,17,historico dia_util,2.0
I21JC029735V,6,,dia_util,0.0,0.0,0.01,0.0,0.0,normal,normal,alta,20,historico dia_util,2.0
I21JC029735V,7,,dia_util,0.0,0.0,0.01,0.0,0.0,normal,normal,alta,20,historico dia_util,2.0
I21JC029735V,8,,dia_util,0.0,0.0,0.01,0.0,0.0,normal,normal,alta,20,historico dia_util,2.0
I21JC029735V,9,,dia_util,0.0,0.0,0.01,0.0,0.0,normal,normal,alta,20,historico dia_util,2.0
I21JC029735V,14,,dia_util,0.0,0.0,0.01,0.0,0.0,normal,normal,alta,20,historico dia_util,2.0
I21JC029735V,15,,dia_util,0.0,0.0,0.01,0.0,0.0,normal,normal,alta,20,historico dia_util,2.0
I21JC029735V,16,,dia_util,0.0,0.0,0.01,0.0,0.0,normal,normal,alta,20,historico dia_util,2.0
I21JC029735V,17,,dia_util,0.0,0.0,0.01,0.0,0.0,normal,normal,alta,20,historico dia_util,2.0
I21JC029735V,18,,dia_util,0.0,0.0,0.01,0.0,0.0,normal,normal,alta,18,historico dia_util,2.0
I21JC029735V,19,,dia_util,0.0,0.0,0.01,0.0,0.0,normal,normal,alta,18,historico dia_util,2.0
I21JC029735V,20,,dia_util,0.0,0.0,0.01,0.0,0.0,normal,normal,alta,18,historico dia_util,2.0
I21JC029735V,21,,dia_util,0.0,0.0,0.01,0.0,0.0,normal,normal,alta,18,historico dia_util,2.0
I21JC029735V,22,,dia_util,0.0,0.0,0.01,0.0,0.0,normal,normal,alta,16,historico dia_util,2.0
I21JC029735V,23,,dia_util,0.0,0.0,0.01,0.0,0.0,normal,normal,alta,16,historico dia_util,2.0
I21JC029745X,0,,dia_util,0.0,0.0,0.01,0.0,0.0,normal,normal,alta,20,historico dia_util,2.0
I21JC029745X,1,,dia_util,0.0,0.0,0.01,0.0,0.0,normal,normal,alta,20,historico dia_util,2.0
I21JC029745X,2,,dia_util,0.0,0.0,0.01,0.0,0.0,normal,normal,alta,20,historico dia_util,2.0
I21JC029745X,3,,dia_util,0.0,0.0,0.01,0.0,0.0,normal,normal,alta,20,historico dia_util,2.0
I21JC029745X,4,,dia_util,0.0,0.0,0.01,0.0,0.0,normal,normal,alta,20,historico dia_util,2.0
I21JC029745X,5,,dia_util,0.0,0.0,0.01,0.0,0.0,normal,normal,alta,20,historico dia_util,2.0
I21JC029745X,6,,dia_util,0.0,0.0,0.01,0.0,0.0,normal,normal,alta,20,historico dia_util,2.0
I21JC029745X,7,,dia_util,0.0,0.0,0.01,0.0,0.0,normal,normal,alta,20,historico dia_util,2.0
I21JC029745X,8,,dia_util,0.0,0.0,0.01,0.0,0.0,normal,normal,alta,19,historico dia_util,2.0
I21JC029745X,9,,dia_util,0.0,0.0,0.01,0.0,0.0,normal,normal,alta,19,historico dia_util,2.0
I21JC029745X,10,,dia_util,0.0,0.0,0.01,0.0,0.0,normal,normal,alta,19,historico dia_util,2.0
I21JC029745X,11,,dia_util,0.0,0.0,0.01,0.0,0.0,normal,normal,alta,19,historico dia_util,2.0
I21JC029745X,12,,dia_util,0.0,0.0,0.01,0.0,0.0,normal,normal,alta,20,historico dia_util,2.0
I21JC029745X,13,,dia_util,0.0,0.0,0.01,0.0,0.0,normal,normal,alta,20,historico dia_util,2.0
I21JC029745X,14,,dia_util,0.0,0.0,0.01,0.0,0.0,normal,normal,alta,20,historico dia_util,2.0
I21JC029745X,15,,dia_util,0.0,0.0,0.01,0.0,0.0,normal,normal,alta,20,historico dia_util,2.0
I21JC029745X,16,,dia_util,0.0,0.0,0.01,0.0,0.0,normal,normal,alta,20,historico dia_util,2.0
I21JC029745X,17,,dia_util,0.0,0.0,0.01,0.0,0.0,normal,normal,alta,20,historico dia_util,2.0
I21JC029745X,18,,dia_util,0.0,0.0,0.01,0.0,0.0,normal,normal,alta,20,historico dia_util,2.0
I21JC029745X,19,,dia_util,0.0,0.0,0.01,0.0,0.0,normal,normal,alta,20,historico dia_util,2.0
I21JC029745X,20,,dia_util,0.0,0.0,0.01,0.0,0.0,normal,normal,alta,20,historico dia_util,2.0
I21JC029745X,21,,dia_util,0.0,0.0,0.01,0.0,0.0,normal,normal,alta,20,historico dia_util,2.0
I21JC029745X,22,,dia_util,0.0,0.0,0.01,0.0,0.0,normal,normal,alta,20,historico dia_util,2.0
I21JC029745X,23,,dia_util,0.0,0.0,0.01,0.0,0.0,normal,normal,alta,20,historico dia_util,2.0
I21JC029765B,0,,dia_util,0.119,0.1049,0.0262,0.54,0.54,normal,normal,alta,20,historico dia_util,2.0
I21JC029765B,1,,dia_util,0.119,0.105,0.0262,0.53,0.53,normal,normal,alta,20,historico dia_util,2.0
I21JC029765B,2,,dia_util,0.119,0.105,0.0263,0.53,0.53,normal,normal,alta,20,historico dia_util,2.0
I21JC029765B,3,,dia_util,0.12,0.1051,0.0263,0.57,0.57,normal,normal,alta,20,historico dia_util,2.0
I21JC029765B,4,,dia_util,0.119,0.1051,0.0263,0.53,0.53,normal,normal,alta,20,historico dia_util,2.0
I21JC029765B,5,,dia_util,0.119,0.1046,0.0262,0.55,0.55,normal,normal,alta,20,historico dia_util,2.0
I21JC029765B,6,,dia_util,0.119,0.1048,0.0262,0.54,0.54,normal,normal,alta,20,historico dia_util,2.0
I21JC029765B,7,,dia_util,0.119,0.1046,0.0261,0.55,0.55,normal,normal,alta,20,historico dia_util,2.0
I21JC029765B,8,,dia_util,0.119,0.1046,0.0261,0.55,0.55,normal,normal,alta,20,historico dia_util,2.0
I21JC029765B,9,,dia_util,0.118,0.1219,0.0546,-0.07,-0.07,normal,normal,alta,20,historico dia_util,2.0
I21JC029765B,10,,dia_util,0.119,0.1051,0.0263,0.53,0.53,normal,normal,alta,20,historico dia_util,2.0
I21JC029765B,11,,dia_util,0.12,0.1061,0.0265,0.52,0.52,normal,normal,alta,20,historico dia_util,2.0
I21JC029765B,12,,dia_util,0.12,0.1062,0.0265,0.52,0.52,normal,normal,alta,20,historico dia_util,2.0
I21JC029765B,13,,dia_util,0.119,0.1061,0.0265,0.49,0.49,normal,normal,alta,20,historico dia_util,2.0
I21JC029765B,14,,dia_util,0.12,0.1068,0.0267,0.5,0.5,normal,normal,alta,20,historico dia_util,2.0
I21JC029765B,15,,dia_util,0.12,0.111,0.0277,0.33,0.33,normal,normal,alta,20,historico dia_util,2.0
I21JC029765B,16,,dia_util,0.119,0.1058,0.0264,0.5,0.5,normal,normal,alta,20,historico dia_util,2.0
I21JC029765B,17,,dia_util,0.12,0.106,0.0265,0.53,0.53,normal,normal,alta,20,historico dia_util,2.0
I21JC029765B,18,,dia_util,0.12,0.106,0.0265,0.53,0.53,normal,normal,alta,20,historico dia_util,2.0
I21JC029765B,19,,dia_util,0.119,0.1058,0.0265,0.5,0.5,normal,normal,alta,20,historico dia_util,2.0
I21JC029765B,20,,dia_util,0.118,0.1052,0.0263,0.49,0.49,normal,normal,alta,20,historico dia_util,2.0
I21JC029765B,21,,dia_util,0.118,0.1051,0.0263,0.49,0.49,normal,normal,alta,20,historico dia_util,2.0
I21JC029765B,22,,dia_util,0.119,0.1051,0.0263,0.53,0.53,normal,normal,alta,20,historico dia_util,2.0
I21JC029765B,23,,dia_util,0.118,0.1049,0.0262,0.5,0.5,normal,normal,alta,20,historico dia_util,2.0
I21JC037657V,0,,dia_util,0.0,0.0013,0.01,-0.13,-0.13,normal,normal,alta,13,historico dia_util,2.0
I21JC037657V,1,,dia_util,0.0,0.0089,0.0284,-0.31,-0.31,normal,normal,alta,20,historico dia_util,2.0
I21JC037657V,2,,dia_util,0.0,0.0004,0.01,-0.04,-0.04,normal,normal,alta,20,historico dia_util,2.0
I21JC037657V,3,,dia_util,0.008,0.0013,0.01,0.67,0.67,normal,normal,alta,20,historico dia_util,2.0
I21JC037657V,4,,dia_util,0.015,0.0021,0.01,1.29,1.29,normal,normal,alta,18,historico dia_util,2.0
I21JC037657V,5,,dia_util,0.011,0.0305,0.0165,-1.18,-1.18,normal,normal,alta,17,historico dia_util,2.0
I21JC037657V,6,,dia_util,0.011,0.0494,0.0934,-0.41,-0.41,normal,normal,alta,17,historico dia_util,2.0
I21JC037657V,7,,dia_util,0.028,0.0768,0.1021,-0.48,-0.48,normal,normal,alta,17,historico dia_util,2.0
I21JC037657V,8,,dia_util,0.011,0.0406,0.0591,-0.5,-0.5,normal,normal,alta,14,historico dia_util,2.0
I21JC037657V,9,,dia_util,0.016,0.0345,0.0685,-0.27,-0.27,normal,normal,alta,18,historico dia_util,2.0
I21JC037657V,10,,dia_util,0.035,0.0182,0.0144,1.17,1.17,normal,normal,alta,18,historico dia_util,2.0
I21JC037657V,11,,dia_util,0.013,0.0331,0.016,-1.26,-1.26,normal,normal,alta,18,historico dia_util,2.0
I21JC037657V,12,,dia_util,0.036,0.0678,0.0871,-0.36,-0.36,normal,normal,alta,19,historico dia_util,2.0
I21JC037657V,13,,dia_util,0.072,0.0923,0.0405,-0.5,-0.5,normal,normal,alta,19,historico dia_util,2.0
I21JC037657V,14,,dia_util,0.047,0.0743,0.0355,-0.77,-0.77,normal,normal,alta,19,historico dia_util,2.0
I21JC037657V,15,,dia_util,0.058,0.0261,0.0167,1.91,1.91,normal,normal,alta,19,historico dia_util,2.0
I21JC037657V,16,,dia_util,0.054,0.0642,0.0765,-0.13,-0.13,normal,normal,alta,18,historico dia_util,2.0
I21JC037657V,17,,dia_util,0.064,0.0941,0.0398,-0.76,-0.76,normal,normal,alta,18,historico dia_util,2.0
I21JC037657V,18,,dia_util,0.08,0.0654,0.0604,0.24,0.24,normal,normal,alta,18,historico dia_util,2.0
I21JC037657V,19,,dia_util,0.479,0.1035,0.0577,6.51,6.51,desvio,acima,alta,18,historico dia_util,2.0
I21JC037657V,21,,dia_util,0.209,0.0357,0.0327,5.3,5.3,desvio,acima,alta,20,historico dia_util,2.0
I21JC037657V,22,,dia_util,0.014,0.0102,0.0109,0.35,0.35,normal,normal,alta,20,historico dia_util,2.0
I21JC037657V,23,,dia_util,0.01,0.0056,0.0154,0.29,0.29,normal,normal,alta,20,historico dia_util,2.0
I21JC037658W,1,,dia_util,0.101,0.0057,0.01,9.53,9.53,desvio,acima,alta,17,historico dia_util,2.0
I21JC037658W,2,,dia_util,0.0,0.0055,0.0101,-0.55,-0.55,normal,normal,alta,19,historico dia_util,2.0
I21JC037658W,3,,dia_util,0.0,0.0031,0.01,-0.31,-0.31,normal,normal,alta,19,historico dia_util,2.0
I21JC037658W,4,,dia_util,0.001,0.0013,0.01,-0.03,-0.03,normal,normal,alta,19,historico dia_util,2.0
I21JC037658W,5,,dia_util,0.0,0.0038,0.01,-0.38,-0.38,normal,normal,alta,11,historico dia_util,2.0
I21JC037658W,6,,dia_util,0.023,0.0163,0.0132,0.51,0.51,normal,normal,alta,19,historico dia_util,2.0
I21JC037658W,7,,dia_util,0.025,0.0299,0.0292,-0.17,-0.17,normal,normal,alta,19,historico dia_util,2.0
I21JC037658W,8,,dia_util,0.06,0.0425,0.0461,0.38,0.38,normal,normal,alta,19,historico dia_util,2.0
I21JC037658W,13,,dia_util,0.352,0.08,0.0524,5.19,5.19,desvio,acima,alta,17,historico dia_util,2.0
I21JC037658W,14,,dia_util,0.039,0.1119,0.0879,-0.83,-0.83,normal,normal,alta,18,historico dia_util,2.0
I21JC037658W,15,,dia_util,0.001,0.0191,0.0171,-1.06,-1.06,normal,normal,alta,18,historico dia_util,2.0
I21JC037658W,16,,dia_util,0.028,0.0587,0.0667,-0.46,-0.46,normal,normal,alta,18,historico dia_util,2.0
I21JC037658W,17,,dia_util,0.051,0.0773,0.0905,-0.29,-0.29,normal,normal,alta,15,historico dia_util,2.0
I21JC037658W,18,,dia_util,0.074,0.0788,0.0828,-0.06,-0.06,normal,normal,alta,20,historico dia_util,2.0
I21JC037658W,19,,dia_util,0.04,0.0542,0.0208,-0.68,-0.68,normal,normal,alta,20,historico dia_util,2.0
I21JC037658W,20,,dia_util,0.016,0.0304,0.0177,-0.81,-0.81,normal,normal,alta,20,historico dia_util,2.0
I21JC037659X,0,,dia_util,0.0,0.0049,0.0121,-0.41,-0.41,normal,normal,alta,18,historico dia_util,2.0
I21JC037659X,1,,dia_util,0.007,0.0012,0.01,0.58,0.58,normal,normal,alta,19,historico dia_util,2.0
I21JC037659X,2,,dia_util,0.0,0.0011,0.01,-0.11,-0.11,normal,normal,alta,19,historico dia_util,2.0
I21JC037659X,3,,dia_util,0.001,0.0007,0.01,0.03,0.03,normal,normal,alta,19,historico dia_util,2.0
I21JC037659X,4,,dia_util,0.0,0.0011,0.01,-0.11,-0.11,normal,normal,alta,19,historico dia_util,2.0
I21JC037659X,5,,dia_util,0.0,0.0032,0.01,-0.32,-0.32,normal,normal,alta,19,historico dia_util,2.0
I21JC037659X,6,,dia_util,0.036,0.0125,0.01,2.35,2.35,desvio,acima,alta,19,historico dia_util,2.0
I21JC037659X,7,,dia_util,0.058,0.024,0.019,1.79,1.79,normal,normal,alta,19,historico dia_util,2.0
I21JC037659X,8,,dia_util,0.038,0.0263,0.0175,0.67,0.67,normal,normal,alta,16,historico dia_util,2.0
I21JC037659X,9,,dia_util,0.007,0.0329,0.0253,-1.02,-1.02,normal,normal,alta,16,historico dia_util,2.0
I21JC037659X,10,,dia_util,0.015,0.0149,0.0114,0.01,0.01,normal,normal,alta,16,historico dia_util,2.0
I21JC037659X,11,,dia_util,0.055,0.0217,0.0238,1.4,1.4,normal,normal,alta,16,historico dia_util,2.0
I21JC037659X,16,,dia_util,0.122,0.0317,0.02,4.51,4.51,desvio,acima,alta,20,historico dia_util,2.0
I21JC037659X,17,,dia_util,0.003,0.0259,0.0271,-0.85,-0.85,normal,normal,alta,20,historico dia_util,2.0
I21JC037659X,18,,dia_util,0.034,0.0374,0.0179,-0.19,-0.19,normal,normal,alta,20,historico dia_util,2.0
I21JC037659X,19,,dia_util,0.06,0.0441,0.0293,0.54,0.54,normal,normal,alta,20,historico dia_util,2.0
I21JC037659X,20,,dia_util,0.049,0.0273,0.014,1.55,1.55,normal,normal,alta,18,historico dia_util,2.0
I21JC037659X,21,,dia_util,0.167,0.0166,0.0272,5.53,5.53,desvio,acima,alta,19,historico dia_util,2.0
I21JC037659X,22,,dia_util,0.32,0.0202,0.0124,10.0,24.16,desvio,acima,alta,19,historico dia_util,2.0
I21JC037659X,23,,dia_util,0.001,0.0067,0.01,-0.57,-0.57,normal,normal,alta,19,historico dia_util,2.0
I21JC037660Q,0,,dia_util,0.0,0.0282,0.0639,-0.44,-0.44,normal,normal,alta,17,historico dia_util,2.0
I21JC037660Q,1,,dia_util,0.0,0.0018,0.01,-0.18,-0.18,normal,normal,alta,19,historico dia_util,2.0
I21JC037660Q,2,,dia_util,0.01,0.0017,0.01,0.83,0.83,normal,normal,alta,19,historico dia_util,2.0
I21JC037660Q,3,,dia_util,0.0,0.0029,0.01,-0.29,-0.29,normal,normal,alta,19,historico dia_util,2.0
I21JC037660Q,4,,dia_util,0.0,0.0244,0.1028,-0.24,-0.24,normal,normal,alta,19,historico dia_util,2.0
I21JC037660Q,5,,dia_util,0.0,0.0058,0.016,-0.37,-0.37,normal,normal,alta,19,historico dia_util,2.0
I21JC037660Q,6,,dia_util,0.119,0.1179,0.0385,0.03,0.03,normal,normal,alta,19,historico dia_util,2.0
I21JC037660Q,7,,dia_util,0.016,0.0345,0.0281,-0.66,-0.66,normal,normal,alta,19,historico dia_util,2.0
I21JC037660Q,8,,dia_util,0.0,0.0145,0.038,-0.38,-0.38,normal,normal,alta,17,historico dia_util,2.0
I21JC037660Q,9,,dia_util,0.006,0.0078,0.01,-0.18,-0.18,normal,normal,alta,18,historico dia_util,2.0
I21JC037660Q,10,,dia_util,0.031,0.0216,0.0203,0.47,0.47,normal,normal,alta,18,historico dia_util,2.0
I21JC037660Q,11,,dia_util,0.07,0.0211,0.0198,2.46,2.46,desvio,acima,alta,18,historico dia_util,2.0
I21JC037660Q,12,,dia_util,0.016,0.0237,0.0228,-0.34,-0.34,normal,normal,alta,17,historico dia_util,2.0
I21JC037660Q,13,,dia_util,0.007,0.0237,0.0231,-0.72,-0.72,normal,normal,alta,19,historico dia_util,2.0
I21JC037660Q,14,,dia_util,0.018,0.0212,0.0198,-0.16,-0.16,normal,normal,alta,19,historico dia_util,2.0
I21JC037660Q,15,,dia_util,0.021,0.0225,0.0232,-0.07,-0.07,normal,normal,alta,19,historico dia_util,2.0
I21JC037660Q,16,,dia_util,0.067,0.0343,0.0259,1.26,1.26,normal,normal,alta,18,historico dia_util,2.0
I21JC037660Q,17,,dia_util,0.129,0.0425,0.0404,2.14,2.14,desvio,acima,alta,18,historico dia_util,2.0
I21JC037660Q,18,,dia_util,0.082,0.1104,0.061,-0.47,-0.47,normal,normal,alta,18,historico dia_util,2.0
I21JC037660Q,19,,dia_util,0.085,0.0824,0.0671,0.04,0.04,normal,normal,alta,18,historico dia_util,2.0
I21JC037660Q,20,,dia_util,0.116,0.1224,0.0933,-0.07,-0.07,normal,normal,alta,17,historico dia_util,2.0
I21JC037660Q,21,,dia_util,0.094,0.112,0.0329,-0.55,-0.55,normal,normal,alta,18,historico dia_util,2.0
I21JC037660Q,22,,dia_util,0.02,0.0669,0.0439,-1.07,-1.07,normal,normal,alta,18,historico dia_util,2.0
I21JC037660Q,23,,dia_util,0.008,0.0094,0.0148,-0.09,-0.09,normal,normal,alta,18,historico dia_util,2.0
I21JC037663T,0,,dia_util,0.281,0.2307,0.0577,0.87,0.87,normal,normal,alta,20,historico dia_util,2.0
I21JC037663T,1,,dia_util,0.223,0.1782,0.0445,1.01,1.01,normal,normal,alta,20,historico dia_util,2.0
I21JC037663T,2,,dia_util,0.168,0.1417,0.0354,0.74,0.74,normal,normal,alta,20,historico dia_util,2.0
I21JC037663T,3,,dia_util,0.144,0.1225,0.0306,0.7,0.7,normal,normal,alta,20,historico dia_util,2.0
I21JC037663T,4,,dia_util,0.134,0.1133,0.0283,0.73,0.73,normal,normal,alta,20,historico dia_util,2.0
I21JC037663T,5,,dia_util,0.136,0.115,0.0287,0.73,0.73,normal,normal,alta,20,historico dia_util,2.0
I21JC037663T,6,,dia_util,0.164,0.1687,0.0775,-0.06,-0.06,normal,normal,alta,20,historico dia_util,2.0
I21JC037663T,7,,dia_util,0.358,0.3319,0.1464,0.18,0.18,normal,normal,alta,20,historico dia_util,2.0
I21JC037663T,8,,dia_util,0.48,0.4811,0.1518,-0.01,-0.01,normal,normal,alta,20,historico dia_util,2.0
I21JC037663T,9,,dia_util,0.503,0.4998,0.1249,0.03,0.03,normal,normal,alta,20,historico dia_util,2.0
I21JC037663T,10,,dia_util,0.55,0.5189,0.1297,0.24,0.24,normal,normal,alta,20,historico dia_util,2.0
I21JC037663T,11,,dia_util,0.53,0.5066,0.1266,0.19,0.19,normal,normal,alta,20,historico dia_util,2.0
I21JC037663T,12,,dia_util,0.372,0.4972,0.1243,-1.01,-1.01,normal,normal,alta,20,historico dia_util,2.0
I21JC037663T,13,,dia_util,0.56,0.5607,0.1402,-0.0,-0.0,normal,normal,alta,20,historico dia_util,2.0
I21JC037663T,14,,dia_util,0.556,0.5536,0.1384,0.02,0.02,normal,normal,alta,20,historico dia_util,2.0
I21JC037663T,15,,dia_util,0.459,0.4318,0.108,0.25,0.25,normal,normal,alta,20,historico dia_util,2.0
I21JC037663T,16,,dia_util,0.524,0.4254,0.1064,0.93,0.93,normal,normal,alta,20,historico dia_util,2.0
I21JC037663T,17,,dia_util,0.593,0.5091,0.1604,0.52,0.52,normal,normal,alta,20,historico dia_util,2.0
I21JC037663T,18,,dia_util,0.559,0.6257,0.1564,-0.43,-0.43,normal,normal,alta,20,historico dia_util,2.0
I21JC037663T,19,,dia_util,0.975,0.6722,0.168,1.8,1.8,normal,normal,alta,20,historico dia_util,2.0
I21JC037663T,20,,dia_util,0.96,0.6629,0.1657,1.79,1.79,normal,normal,alta,20,historico dia_util,2.0
I21JC037663T,21,,dia_util,0.68,0.544,0.136,1.0,1.0,normal,normal,alta,20,historico dia_util,2.0
I21JC037663T,22,,dia_util,0.75,0.3989,0.0997,3.52,3.52,desvio,acima,alta,20,historico dia_util,2.0
I21JC037663T,23,,dia_util,0.448,0.318,0.0795,1.64,1.64,normal,normal,alta,20,historico dia_util,2.0
I21JC043488L,0,,dia_util,0.02,0.0258,0.0275,-0.21,-0.21,normal,normal,alta,18,historico dia_util,2.0
I21JC043488L,1,,dia_util,0.073,0.0032,0.01,6.98,6.98,desvio,acima,alta,18,historico dia_util,2.0
I21JC043488L,2,,dia_util,0.0,0.0072,0.0138,-0.52,-0.52,normal,normal,alta,20,historico dia_util,2.0
I21JC043488L,3,,dia_util,0.002,0.0019,0.01,0.01,0.01,normal,normal,alta,20,historico dia_util,2.0
I21JC043488L,4,,dia_util,0.001,0.0038,0.01,-0.28,-0.28,normal,normal,alta,20,historico dia_util,2.0
I21JC043488L,5,,dia_util,0.001,0.0026,0.01,-0.16,-0.16,normal,normal,alta,20,historico dia_util,2.0
I21JC043488L,14,,dia_util,0.585,0.0825,0.0758,6.63,6.63,desvio,acima,alta,19,historico dia_util,2.0
I21JC043488L,15,,dia_util,0.05,0.0667,0.0574,-0.29,-0.29,normal,normal,alta,19,historico dia_util,2.0
I21JC043488L,16,,dia_util,0.043,0.0801,0.0603,-0.62,-0.62,normal,normal,alta,19,historico dia_util,2.0
I21JC043488L,17,,dia_util,0.216,0.1217,0.0829,1.14,1.14,normal,normal,alta,19,historico dia_util,2.0
I21JC043488L,18,,dia_util,0.052,0.1237,0.0946,-0.76,-0.76,normal,normal,alta,19,historico dia_util,2.0
I21JC043488L,19,,dia_util,0.182,0.1684,0.0795,0.17,0.17,normal,normal,alta,19,historico dia_util,2.0
I21JC043488L,20,,dia_util,0.227,0.1355,0.0985,0.93,0.93,normal,normal,alta,19,historico dia_util,2.0
I21JC043488L,21,,dia_util,0.019,0.0745,0.0587,-0.95,-0.95,normal,normal,alta,19,historico dia_util,2.0
I21JC043488L,22,,dia_util,0.07,0.1005,0.1738,-0.18,-0.18,normal,normal,alta,15,historico dia_util,2.0
I21JC043488L,23,,dia_util,0.001,0.0437,0.0529,-0.81,-0.81,normal,normal,alta,18,historico dia_util,2.0
I21JC043489M,0,,dia_util,0.011,0.0097,0.01,0.13,0.13,normal,normal,alta,20,historico dia_util,2.0
I21JC043489M,1,,dia_util,0.01,0.0046,0.01,0.54,0.54,normal,normal,alta,20,historico dia_util,2.0
I21JC043489M,2,,dia_util,0.001,0.0043,0.01,-0.33,-0.33,normal,normal,alta,20,historico dia_util,2.0
I21JC043489M,3,,dia_util,0.019,0.0069,0.01,1.21,1.21,normal,normal,alta,19,historico dia_util,2.0
I21JC043489M,4,,dia_util,0.025,0.0092,0.01,1.58,1.58,normal,normal,alta,19,historico dia_util,2.0
I21JC043489M,5,,dia_util,0.001,0.0067,0.01,-0.57,-0.57,normal,normal,alta,19,historico dia_util,2.0
I21JC043489M,6,,dia_util,0.001,0.0103,0.01,-0.93,-0.93,normal,normal,alta,19,historico dia_util,2.0
I21JC043489M,7,,dia_util,0.011,0.0344,0.0237,-0.99,-0.99,normal,normal,alta,19,historico dia_util,2.0
I21JC043489M,8,,dia_util,0.075,0.0904,0.0296,-0.52,-0.52,normal,normal,alta,19,historico dia_util,2.0
I21JC043489M,9,,dia_util,0.151,0.0691,0.0255,3.21,3.21,desvio,acima,alta,19,historico dia_util,2.0
I21JC043489M,10,,dia_util,0.101,0.0647,0.0707,0.51,0.51,normal,normal,alta,19,historico dia_util,2.0
I21JC043489M,11,,dia_util,0.013,0.0685,0.0824,-0.67,-0.67,normal,normal,alta,20,historico dia_util,2.0
I21JC043489M,12,,dia_util,0.01,0.0636,0.0302,-1.78,-1.78,normal,normal,alta,20,historico dia_util,2.0
I21JC043489M,13,,dia_util,0.055,0.1031,0.0552,-0.87,-0.87,normal,normal,alta,20,historico dia_util,2.0
I21JC043489M,14,,dia_util,0.012,0.036,0.013,-1.84,-1.84,normal,normal,alta,20,historico dia_util,2.0
I21JC043489M,15,,dia_util,0.096,0.0424,0.0424,1.26,1.26,normal,normal,alta,19,historico dia_util,2.0
I21JC043489M,16,,dia_util,0.051,0.0268,0.0226,1.07,1.07,normal,normal,alta,19,historico dia_util,2.0
I21JC043489M,17,,dia_util,0.02,0.0329,0.033,-0.39,-0.39,normal,normal,alta,19,historico dia_util,2.0
I21JC043489M,18,,dia_util,0.06,0.0387,0.057,0.37,0.37,normal,normal,alta,19,historico dia_util,2.0
I21JC043489M,19,,dia_util,0.118,0.064,0.0491,1.1,1.1,normal,normal,alta,20,historico dia_util,2.0
I21JC043489M,20,,dia_util,0.027,0.0777,0.053,-0.96,-0.96,normal,normal,alta,20,historico dia_util,2.0
I21JC043489M,21,,dia_util,0.035,0.0362,0.0549,-0.02,-0.02,normal,normal,alta,20,historico dia_util,2.0
I21JC043489M,22,,dia_util,0.069,0.0367,0.0497,0.65,0.65,normal,normal,alta,20,historico dia_util,2.0
I21JC043489M,23,,dia_util,0.009,0.0098,0.0155,-0.05,-0.05,normal,normal,alta,18,historico dia_util,2.0
I21JC043490F,0,,dia_util,0.015,0.0238,0.0171,-0.51,-0.51,normal,normal,alta,20,historico dia_util,2.0
I21JC043490F,1,,dia_util,0.021,0.0131,0.0116,0.68,0.68,normal,normal,alta,20,historico dia_util,2.0
I21JC043490F,2,,dia_util,0.009,0.0068,0.01,0.22,0.22,normal,normal,alta,20,historico dia_util,2.0
I21JC043490F,3,,dia_util,0.02,0.0049,0.01,1.51,1.51,normal,normal,alta,19,historico dia_util,2.0
I21JC043490F,4,,dia_util,0.033,0.0225,0.0273,0.38,0.38,normal,normal,alta,19,historico dia_util,2.0
I21JC043490F,5,,dia_util,0.07,0.0471,0.0348,0.66,0.66,normal,normal,alta,19,historico dia_util,2.0
I21JC043490F,6,,dia_util,0.038,0.0366,0.0225,0.06,0.06,normal,normal,alta,19,historico dia_util,2.0
I21JC043490F,7,,dia_util,0.184,0.0757,0.0615,1.76,1.76,normal,normal,alta,20,historico dia_util,2.0
I21JC043490F,8,,dia_util,0.123,0.0941,0.0455,0.64,0.64,normal,normal,alta,20,historico dia_util,2.0
I21JC043490F,9,,dia_util,0.085,0.1189,0.0636,-0.53,-0.53,normal,normal,alta,20,historico dia_util,2.0
I21JC043490F,10,,dia_util,0.101,0.1116,0.0675,-0.16,-0.16,normal,normal,alta,20,historico dia_util,2.0
I21JC043490F,11,,dia_util,0.031,0.0831,0.0633,-0.82,-0.82,normal,normal,alta,19,historico dia_util,2.0
I21JC043490F,12,,dia_util,0.111,0.0516,0.0248,2.39,2.39,desvio,acima,alta,19,historico dia_util,2.0
I21JC043490F,13,,dia_util,0.032,0.0862,0.0487,-1.11,-1.11,normal,normal,alta,19,historico dia_util,2.0
I21JC043490F,14,,dia_util,0.04,0.0777,0.0437,-0.86,-0.86,normal,normal,alta,19,historico dia_util,2.0
I21JC043490F,15,,dia_util,0.084,0.0884,0.0938,-0.05,-0.05,normal,normal,alta,19,historico dia_util,2.0
I21JC043490F,16,,dia_util,0.128,0.0796,0.0688,0.7,0.7,normal,normal,alta,19,historico dia_util,2.0
I21JC043490F,17,,dia_util,0.012,0.0779,0.0615,-1.07,-1.07,normal,normal,alta,19,historico dia_util,2.0
I21JC043490F,18,,dia_util,0.068,0.0552,0.0516,0.25,0.25,normal,normal,alta,19,historico dia_util,2.0
I21JC043490F,19,,dia_util,0.036,0.0624,0.0531,-0.5,-0.5,normal,normal,alta,17,historico dia_util,2.0
I21JC043490F,20,,dia_util,0.054,0.0888,0.055,-0.63,-0.63,normal,normal,alta,17,historico dia_util,2.0
I21JC043490F,21,,dia_util,0.001,0.036,0.0317,-1.11,-1.11,normal,normal,alta,17,historico dia_util,2.0
I21JC043490F,22,,dia_util,0.03,0.0423,0.0303,-0.41,-0.41,normal,normal,alta,17,historico dia_util,2.0
I21JC043490F,23,,dia_util,0.094,0.0659,0.0623,0.45,0.45,normal,normal,alta,19,historico dia_util,2.0
I21JC043496L,0,,dia_util,0.004,0.0063,0.01,-0.23,-0.23,normal,normal,alta,20,historico dia_util,2.0
I21JC043496L,1,,dia_util,0.001,0.0051,0.01,-0.41,-0.41,normal,normal,alta,20,historico dia_util,2.0
I21JC043496L,2,,dia_util,0.002,0.0044,0.01,-0.24,-0.24,normal,normal,alta,20,historico dia_util,2.0
I21JC043496L,3,,dia_util,0.002,0.0043,0.01,-0.23,-0.23,normal,normal,alta,20,historico dia_util,2.0
I21JC043496L,4,,dia_util,0.002,0.0044,0.01,-0.24,-0.24,normal,normal,alta,20,historico dia_util,2.0
I21JC043496L,5,,dia_util,0.003,0.0047,0.01,-0.17,-0.17,normal,normal,alta,20,historico dia_util,2.0
I21JC043496L,6,,dia_util,0.002,0.0049,0.01,-0.29,-0.29,normal,normal,alta,20,historico dia_util,2.0
I21JC043496L,7,,dia_util,0.003,0.005,0.01,-0.2,-0.2,normal,normal,alta,20,historico dia_util,2.0
I21JC043496L,8,,dia_util,0.002,0.005,0.01,-0.3,-0.3,normal,normal,alta,20,historico dia_util,2.0
I21JC043496L,9,,dia_util,0.003,0.0045,0.01,-0.15,-0.15,normal,normal,alta,20,historico dia_util,2.0
I21JC043496L,10,,dia_util,0.002,0.0054,0.01,-0.34,-0.34,normal,normal,alta,20,historico dia_util,2.0
I21JC043496L,11,,dia_util,0.002,0.0069,0.0129,-0.38,-0.38,normal,normal,alta,20,historico dia_util,2.0
I21JC043496L,12,,dia_util,0.004,0.0044,0.01,-0.04,-0.04,normal,normal,alta,20,historico dia_util,2.0
I21JC043496L,13,,dia_util,0.002,0.0086,0.014,-0.47,-0.47,normal,normal,alta,20,historico dia_util,2.0
I21JC043496L,14,,dia_util,0.004,0.0456,0.145,-0.29,-0.29,normal,normal,alta,20,historico dia_util,2.0
I21JC043496L,15,,dia_util,0.003,0.0505,0.153,-0.31,-0.31,normal,normal,alta,20,historico dia_util,2.0
I21JC043496L,16,,dia_util,0.004,0.0242,0.0878,-0.23,-0.23,normal,normal,alta,20,historico dia_util,2.0
I21JC043496L,17,,dia_util,0.015,0.0337,0.0404,-0.46,-0.46,normal,normal,alta,20,historico dia_util,2.0
I21JC043496L,18,,dia_util,0.122,0.1051,0.077,0.22,0.22,normal,normal,alta,20,historico dia_util,2.0
I21JC043496L,19,,dia_util,0.128,0.2254,0.1932,-0.5,-0.5,normal,normal,alta,20,historico dia_util,2.0
I21JC043496L,20,,dia_util,0.018,0.2477,0.1366,-1.68,-1.68,normal,normal,alta,20,historico dia_util,2.0
I21JC043496L,21,,dia_util,0.143,0.2692,0.1572,-0.8,-0.8,normal,normal,alta,20,historico dia_util,2.0
I21JC043496L,22,,dia_util,0.003,0.2536,0.3527,-0.71,-0.71,normal,normal,alta,18,historico dia_util,2.0
I21JC043496L,23,,dia_util,0.005,0.0362,0.0851,-0.37,-0.37,normal,normal,alta,20,historico dia_util,2.0
I21JE003864,0,,dia_util,0.0,0.0,0.01,0.0,0.0,normal,normal,alta,19,historico dia_util,2.0
I21JE003864,1,,dia_util,0.0,0.0,0.01,0.0,0.0,normal,normal,alta,20,historico dia_util,2.0
I21JE003864,2,,dia_util,0.0,0.0,0.01,0.0,0.0,normal,normal,alta,20,historico dia_util,2.0
I21JE003864,3,,dia_util,0.0,0.0,0.01,0.0,0.0,normal,normal,alta,17,historico dia_util,2.0
I21JE003864,4,,dia_util,0.0,0.0,0.01,0.0,0.0,normal,normal,alta,20,historico dia_util,2.0
I21JE003864,5,,dia_util,0.0,0.0,0.01,0.0,0.0,normal,normal,alta,20,historico dia_util,2.0
I21JE003864,6,,dia_util,0.0,0.0,0.01,0.0,0.0,normal,normal,alta,20,historico dia_util,2.0
I21JE003864,7,,dia_util,0.0,0.0,0.01,0.0,0.0,normal,normal,alta,19,historico dia_util,2.0
I21JE003864,8,,dia_util,0.0,0.0,0.01,0.0,0.0,normal,normal,alta,20,historico dia_util,2.0
I21JE003864,9,,dia_util,0.0,0.0,0.01,0.0,0.0,normal,normal,alta,20,historico dia_util,2.0
I21JE003864,10,,dia_util,0.0,0.0,0.01,0.0,0.0,normal,normal,alta,20,historico dia_util,2.0
I21JE003864,11,,dia_util,0.0,0.0,0.01,0.0,0.0,normal,normal,alta,16,historico dia_util,2.0
I21JE003864,12,,dia_util,0.0,0.0,0.01,0.0,0.0,normal,normal,alta,20,historico dia_util,2.0
I21JE003864,13,,dia_util,0.0,0.0,0.01,0.0,0.0,normal,normal,alta,20,historico dia_util,2.0
I21JE003864,14,,dia_util,0.0,0.0,0.01,0.0,0.0,normal,normal,alta,20,historico dia_util,2.0
I21JE003864,15,,dia_util,0.0,0.0,0.01,0.0,0.0,normal,normal,alta,19,historico dia_util,2.0
I21JE003864,16,,dia_util,0.0,0.0,0.01,0.0,0.0,normal,normal,alta,20,historico dia_util,2.0
I21JE003864,17,,dia_util,0.0,0.0,0.01,0.0,0.0,normal,normal,alta,20,historico dia_util,2.0
I21JE003864,18,,dia_util,0.0,0.0,0.01,0.0,0.0,normal,normal,alta,20,historico dia_util,2.0
I21JE003864,19,,dia_util,0.0,0.0,0.01,0.0,0.0,normal,normal,alta,17,historico dia_util,2.0
I21JE003864,20,,dia_util,0.0,0.0,0.01,0.0,0.0,normal,normal,alta,19,historico dia_util,2.0
I21JE003864,21,,dia_util,0.0,0.0,0.01,0.0,0.0,normal,normal,alta,19,historico dia_util,2.0
I21JE003864,22,,dia_util,0.0,0.0,0.01,0.0,0.0,normal,normal,alta,19,historico dia_util,2.0
I21JE003864,23,,dia_util,0.0,0.0,0.01,0.0,0.0,normal,normal,alta,18,historico dia_util,2.0
I21JE003865,1,,dia_util,0.0,0.0,0.01,0.0,0.0,normal,normal,alta,19,historico dia_util,2.0
I21JE003865,2,,dia_util,0.0,0.0,0.01,0.0,0.0,normal,normal,alta,19,historico dia_util,2.0
I21JE003865,3,,dia_util,0.0,0.0,0.01,0.0,0.0,normal,normal,alta,19,historico dia_util,2.0
I21JE003865,4,,dia_util,0.0,0.0,0.01,0.0,0.0,normal,normal,alta,19,historico dia_util,2.0
I21JE003865,5,,dia_util,0.0,0.0,0.01,0.0,0.0,normal,normal,alta,18,historico dia_util,2.0
I21JE003865,6,,dia_util,0.0,0.0,0.01,0.0,0.0,normal,normal,alta,20,historico dia_util,2.0
I21JE003865,7,,dia_util,0.0,0.0,0.01,0.0,0.0,normal,normal,alta,20,historico dia_util,2.0
I21JE003865,8,,dia_util,0.0,0.0,0.01,0.0,0.0,normal,normal,alta,20,historico dia_util,2.0
I21JE003865,9,,dia_util,0.0,0.0,0.01,0.0,0.0,normal,normal,alta,19,historico dia_util,2.0
I21JE003865,10,,dia_util,0.0,0.0,0.01,0.0,0.0,normal,normal,alta,20,historico dia_util,2.0
I21JE003865,11,,dia_util,0.0,0.0,0.01,0.0,0.0,normal,normal,alta,20,historico dia_util,2.0
I21JE003865,12,,dia_util,0.0,0.0,0.01,0.0,0.0,normal,normal,alta,20,historico dia_util,2.0
I21JE003865,13,,dia_util,0.0,0.0,0.01,0.0,0.0,normal,normal,alta,19,historico dia_util,2.0
I21JE003865,14,,dia_util,0.0,0.0,0.01,0.0,0.0,normal,normal,alta,20,historico dia_util,2.0
I21JE003865,15,,dia_util,0.0,0.0,0.01,0.0,0.0,normal,normal,alta,20,historico dia_util,2.0
I21JE003865,16,,dia_util,0.0,0.0,0.01,0.0,0.0,normal,normal,alta,20,historico dia_util,2.0
I21JE003865,17,,dia_util,0.0,0.0,0.01,0.0,0.0,normal,normal,alta,19,historico dia_util,2.0
I21JE003865,18,,dia_util,0.0,0.0,0.01,0.0,0.0,normal,normal,alta,19,historico dia_util,2.0
I21JE003865,19,,dia_util,0.0,0.0,0.01,0.0,0.0,normal,normal,alta,19,historico dia_util,2.0
I21JE003865,20,,dia_util,0.0,0.0,0.01,0.0,0.0,normal,normal,alta,19,historico dia_util,2.0
I21JE003865,21,,dia_util,0.0,0.0,0.01,0.0,0.0,normal,normal,alta,18,historico dia_util,2.0
I21JE003865,22,,dia_util,0.0,0.0,0.01,0.0,0.0,normal,normal,alta,19,historico dia_util,2.0
I21JE003865,23,,dia_util,0.0,0.0,0.01,0.0,0.0,normal,normal,alta,19,historico dia_util,2.0
I21JE030622,0,,dia_util,0.099,0.156,0.0916,-0.62,-0.62,normal,normal,alta,15,historico dia_util,2.0
I21JE030622,1,,dia_util,0.332,0.1182,0.063,3.39,3.39,desvio,acima,alta,16,historico dia_util,2.0
I21JE030622,2,,dia_util,0.144,0.0898,0.0556,0.97,0.97,normal,normal,alta,15,historico dia_util,2.0
I21JE030622,3,,dia_util,0.032,0.0664,0.0386,-0.89,-0.89,normal,normal,alta,16,historico dia_util,2.0
I21JE030622,4,,dia_util,0.042,0.0422,0.0161,-0.01,-0.01,normal,normal,alta,16,historico dia_util,2.0
I21JE030622,5,,dia_util,0.049,0.0513,0.0289,-0.08,-0.08,normal,normal,alta,16,historico dia_util,2.0
I21JE030622,6,,dia_util,0.466,0.2659,0.1243,1.61,1.61,normal,normal,alta,14,historico dia_util,2.0
I21JE030622,7,,dia_util,0.65,0.6384,0.1596,0.07,0.07,normal,normal,alta,16,historico dia_util,2.0
I21JE030622,8,,dia_util,0.421,0.4356,0.1266,-0.12,-0.12,normal,normal,alta,16,historico dia_util,2.0
I21JE030622,9,,dia_util,0.369,0.4329,0.1361,-0.47,-0.47,normal,normal,alta,16,historico dia_util,2.0
I21JE030622,10,,dia_util,0.384,0.5327,0.1332,-1.12,-1.12,normal,normal,alta,14,historico dia_util,2.0
I21JE030622,11,,dia_util,0.685,0.5928,0.2748,0.34,0.34,normal,normal,alta,16,historico dia_util,2.0
I21JE030622,12,,dia_util,0.445,0.5935,0.1484,-1.0,-1.0,normal,normal,alta,16,historico dia_util,2.0
I21JE030622,13,,dia_util,0.738,0.4863,0.1583,1.59,1.59,normal,normal,alta,16,historico dia_util,2.0
I21JE030622,14,,dia_util,0.386,0.4555,0.146,-0.48,-0.48,normal,normal,alta,15,historico dia_util,2.0
I21JE030622,15,,dia_util,0.805,0.4968,0.2082,1.48,1.48,normal,normal,alta,16,historico dia_util,2.0
I21JE030622,16,,dia_util,0.396,0.4707,0.1237,-0.6,-0.6,normal,normal,alta,16,historico dia_util,2.0
I21JE030622,17,,dia_util,0.342,0.6004,0.2158,-1.2,-1.2,normal,normal,alta,16,historico dia_util,2.0
I21JE030622,18,,dia_util,0.862,0.8131,0.2406,0.2,0.2,normal,normal,alta,15,historico dia_util,2.0
I21JE030622,19,,dia_util,1.069,0.8673,0.2333,0.86,0.86,normal,normal,alta,16,historico dia_util,2.0
I21JE030622,20,,dia_util,0.766,0.6681,0.167,0.59,0.59,normal,normal,alta,16,historico dia_util,2.0
I21JE030622,21,,dia_util,0.621,0.6644,0.1759,-0.25,-0.25,normal,normal,alta,16,historico dia_util,2.0
I21JE030622,23,,dia_util,0.401,0.3803,0.1243,0.17,0.17,normal,normal,alta,16,historico dia_util,2.0
I21JE043613M,0,,dia_util,0.0,0.0,0.01,0.0,0.0,normal,normal,alta,20,historico dia_util,2.0
I21JE043613M,1,,dia_util,0.0,0.0,0.01,0.0,0.0,normal,normal,alta,20,historico dia_util,2.0
I21JE043613M,2,,dia_util,0.0,0.0,0.01,0.0,0.0,normal,normal,alta,20,historico dia_util,2.0
I21JE043613M,3,,dia_util,0.0,0.0,0.01,0.0,0.0,normal,normal,alta,19,historico dia_util,2.0
I21JE043613M,4,,dia_util,0.0,0.0,0.01,0.0,0.0,normal,normal,alta,20,historico dia_util,2.0
I21JE043613M,5,,dia_util,0.0,0.0,0.01,0.0,0.0,normal,normal,alta,20,historico dia_util,2.0
I21JE043613M,6,,dia_util,0.0,0.0,0.01,0.0,0.0,normal,normal,alta,20,historico dia_util,2.0
I21JE043613M,7,,dia_util,0.0,0.0,0.01,0.0,0.0,normal,normal,alta,19,historico dia_util,2.0
I21JE043613M,8,,dia_util,0.0,0.0013,0.01,-0.12,-0.12,normal,normal,alta,20,historico dia_util,2.0
I21JE043613M,9,,dia_util,0.0,0.0155,0.0695,-0.22,-0.22,normal,normal,alta,20,historico dia_util,2.0
I21JE043613M,10,,dia_util,0.0,0.0186,0.0834,-0.22,-0.22,normal,normal,alta,20,historico dia_util,2.0
I21JE043613M,11,,dia_util,0.0,0.0629,0.2668,-0.24,-0.24,normal,normal,alta,18,historico dia_util,2.0
I21JE043613M,12,,dia_util,0.0,0.0,0.01,0.0,0.0,normal,normal,alta,20,historico dia_util,2.0
I21JE043613M,13,,dia_util,0.0,0.0269,0.1201,-0.22,-0.22,normal,normal,alta,20,historico dia_util,2.0
I21JE043613M,14,,dia_util,0.0,0.0,0.01,0.0,0.0,normal,normal,alta,20,historico dia_util,2.0
I21JE043613M,15,,dia_util,0.0,0.0,0.01,0.0,0.0,normal,normal,alta,15,historico dia_util,2.0
I21JE043613M,16,,dia_util,0.0,0.0,0.01,0.0,0.0,normal,normal,alta,19,historico dia_util,2.0
I21JE043613M,17,,dia_util,0.0,0.0,0.01,0.0,0.0,normal,normal,alta,19,historico dia_util,2.0
I21JE043613M,18,,dia_util,0.0,0.0,0.01,0.0,0.0,normal,normal,alta,19,historico dia_util,2.0
I21JE043613M,19,,dia_util,0.0,0.0,0.01,0.0,0.0,normal,normal,alta,18,historico dia_util,2.0
I21JE043613M,20,,dia_util,0.0,0.0,0.01,0.0,0.0,normal,normal,alta,20,historico dia_util,2.0
I21JE043613M,21,,dia_util,0.0,0.0,0.01,0.0,0.0,normal,normal,alta,20,historico dia_util,2.0
I21JE043613M,22,,dia_util,0.0,0.0,0.01,0.0,0.0,normal,normal,alta,20,historico dia_util,2.0
I21JE043613M,23,,dia_util,0.0,0.0,0.01,0.0,0.0,normal,normal,alta,18,historico dia_util,2.0
I21JE043615O,0,,dia_util,0.0,0.0,0.01,0.0,0.0,normal,normal,alta,15,historico dia_util,2.0
I21JE043615O,1,,dia_util,0.0,0.0,0.01,0.0,0.0,normal,normal,alta,16,historico dia_util,2.0
I21JE043615O,2,,dia_util,0.0,0.0,0.01,0.0,0.0,normal,normal,alta,16,historico dia_util,2.0
I21JE043615O,3,,dia_util,0.0,0.0,0.01,0.0,0.0,normal,normal,alta,16,historico dia_util,2.0
I21JE043615O,4,,dia_util,0.0,0.0,0.01,0.0,0.0,normal,normal,alta,17,historico dia_util,2.0
I21JE043615O,5,,dia_util,0.0,0.0,0.01,0.0,0.0,normal,normal,alta,17,historico dia_util,2.0
I21JE043615O,6,,dia_util,0.0,0.0,0.01,0.0,0.0,normal,normal,alta,17,historico dia_util,2.0
I21JE043615O,7,,dia_util,0.0,0.0,0.01,0.0,0.0,normal,normal,alta,17,historico dia_util,2.0
I21JE043615O,8,,dia_util,0.0,0.0,0.01,0.0,0.0,normal,normal,alta,17,historico dia_util,2.0
I21JE043615O,9,,dia_util,0.0,0.0,0.01,0.0,0.0,normal,normal,alta,17,historico dia_util,2.0
I21JE043615O,10,,dia_util,0.0,0.0,0.01,0.0,0.0,normal,normal,alta,17,historico dia_util,2.0
I21JE043615O,11,,dia_util,0.0,0.0,0.01,0.0,0.0,normal,normal,alta,17,historico dia_util,2.0
I21JE043615O,12,,dia_util,0.0,0.0,0.01,0.0,0.0,normal,normal,alta,16,historico dia_util,2.0
I21JE043615O,13,,dia_util,0.0,0.0,0.01,0.0,0.0,normal,normal,alta,16,historico dia_util,2.0
I21JE043615O,14,,dia_util,0.0,0.0,0.01,0.0,0.0,normal,normal,alta,16,historico dia_util,2.0
I21JE043615O,15,,dia_util,0.0,0.0,0.01,0.0,0.0,normal,normal,alta,16,historico dia_util,2.0
I21JE043615O,16,,dia_util,0.0,0.0,0.01,0.0,0.0,normal,normal,alta,16,historico dia_util,2.0
I21JE043615O,17,,dia_util,0.0,0.0,0.01,0.0,0.0,normal,normal,alta,16,historico dia_util,2.0
I21JE043615O,18,,dia_util,0.0,0.0,0.01,0.0,0.0,normal,normal,alta,16,historico dia_util,2.0
I21JE043615O,19,,dia_util,0.0,0.0,0.01,0.0,0.0,normal,normal,alta,16,historico dia_util,2.0
I21JE043615O,20,,dia_util,0.0,0.0,0.01,0.0,0.0,normal,normal,alta,15,historico dia_util,2.0
I21JE043615O,21,,dia_util,0.0,0.0,0.01,0.0,0.0,normal,normal,alta,16,historico dia_util,2.0
I21JE043615O,22,,dia_util,0.0,0.0,0.01,0.0,0.0,normal,normal,alta,17,historico dia_util,2.0
I21JE043615O,23,,dia_util,0.0,0.0,0.01,0.0,0.0,normal,normal,alta,17,historico dia_util,2.0
I21JE043617Q,0,,dia_util,0.0,0.0,0.01,0.0,0.0,normal,normal,alta,20,historico dia_util,2.0
I21JE043617Q,1,,dia_util,0.0,0.0,0.01,0.0,0.0,normal,normal,alta,20,historico dia_util,2.0
I21JE043617Q,2,,dia_util,0.0,0.0,0.01,0.0,0.0,normal,normal,alta,20,historico dia_util,2.0
I21JE043617Q,3,,dia_util,0.0,0.0,0.01,0.0,0.0,normal,normal,alta,20,historico dia_util,2.0
I21JE043617Q,4,,dia_util,0.0,0.0,0.01,0.0,0.0,normal,normal,alta,20,historico dia_util,2.0
I21JE043617Q,5,,dia_util,0.0,0.0,0.01,0.0,0.0,normal,normal,alta,20,historico dia_util,2.0
I21JE043617Q,6,,dia_util,0.0,0.0,0.01,0.0,0.0,normal,normal,alta,20,historico dia_util,2.0
I21JE043617Q,7,,dia_util,0.0,0.0,0.01,0.0,0.0,normal,normal,alta,20,historico dia_util,2.0
I21JE043617Q,8,,dia_util,0.0,0.0,0.01,0.0,0.0,normal,normal,alta,20,historico dia_util,2.0
I21JE043617Q,9,,dia_util,0.0,0.0,0.01,0.0,0.0,normal,normal,alta,20,historico dia_util,2.0
I21JE043617Q,10,,dia_util,0.0,0.0,0.01,0.0,0.0,normal,normal,alta,20,historico dia_util,2.0
I21JE043617Q,11,,dia_util,0.0,0.0,0.01,0.0,0.0,normal,normal,alta,20,historico dia_util,2.0
I21JE043617Q,12,,dia_util,0.0,0.0,0.01,0.0,0.0,normal,normal,alta,20,historico dia_util,2.0
I21JE043617Q,13,,dia_util,0.0,0.0,0.01,0.0,0.0,normal,normal,alta,20,historico dia_util,2.0
I21JE043617Q,14,,dia_util,0.0,0.0,0.01,0.0,0.0,normal,normal,alta,20,historico dia_util,2.0
I21JE043617Q,15,,dia_util,0.0,0.0,0.01,0.0,0.0,normal,normal,alta,20,historico dia_util,2.0
I21JE043617Q,16,,dia_util,0.0,0.0,0.01,0.0,0.0,normal,normal,alta,20,historico dia_util,2.0
I21JE043617Q,17,,dia_util,0.0,0.0,0.01,0.0,0.0,normal,normal,alta,20,historico dia_util,2.0
I21JE043617Q,18,,dia_util,0.0,0.0,0.01,0.0,0.0,normal,normal,alta,20,historico dia_util,2.0
I21JE043617Q,19,,dia_util,0.0,0.0,0.01,0.0,0.0,normal,normal,alta,20,historico dia_util,2.0
I21JE043617Q,20,,dia_util,0.0,0.0,0.01,0.0,0.0,normal,normal,alta,20,historico dia_util,2.0
I21JE043617Q,21,,dia_util,0.0,0.0,0.01,0.0,0.0,normal,normal,alta,20,historico dia_util,2.0
I21JE043617Q,22,,dia_util,0.0,0.0,0.01,0.0,0.0,normal,normal,alta,20,historico dia_util,2.0
I21JE043617Q,23,,dia_util,0.0,0.0,0.01,0.0,0.0,normal,normal,alta,20,historico dia_util,2.0
I21JE074440C,0,,dia_util,0.0,0.0,0.01,0.0,0.0,normal,normal,alta,16,historico dia_util,2.0
I21JE074440C,1,,dia_util,0.0,0.0,0.01,0.0,0.0,normal,normal,alta,20,historico dia_util,2.0
I21JE074440C,2,,dia_util,0.0,0.0,0.01,0.0,0.0,normal,normal,alta,20,historico dia_util,2.0
I21JE074440C,3,,dia_util,0.0,0.0,0.01,0.0,0.0,normal,normal,alta,20,historico dia_util,2.0
I21JE074440C,4,,dia_util,0.0,0.0,0.01,0.0,0.0,normal,normal,alta,20,historico dia_util,2.0
I21JE074440C,5,,dia_util,0.0,0.0,0.01,0.0,0.0,normal,normal,alta,19,historico dia_util,2.0
I21JE074440C,6,,dia_util,0.0,0.0,0.01,0.0,0.0,normal,normal,alta,19,historico dia_util,2.0
I21JE074440C,7,,dia_util,0.0,0.0,0.01,0.0,0.0,normal,normal,alta,19,historico dia_util,2.0
I21JE074440C,8,,dia_util,0.0,0.0,0.01,0.0,0.0,normal,normal,alta,19,historico dia_util,2.0
I21JE074440C,9,,dia_util,0.0,0.0,0.01,0.0,0.0,normal,normal,alta,15,historico dia_util,2.0
I21JE074440C,10,,dia_util,0.0,0.0,0.01,0.0,0.0,normal,normal,alta,15,historico dia_util,2.0
I21JE074440C,11,,dia_util,0.0,0.0,0.01,0.0,0.0,normal,normal,alta,15,historico dia_util,2.0
I21JE074440C,12,,dia_util,0.0,0.0,0.01,0.0,0.0,normal,normal,alta,15,historico dia_util,2.0
I21JE074440C,13,,dia_util,0.0,0.0,0.01,0.0,0.0,normal,normal,alta,17,historico dia_util,2.0
I21JE074440C,14,,dia_util,0.0,0.0,0.01,0.0,0.0,normal,normal,alta,17,historico dia_util,2.0
I21JE074440C,15,,dia_util,0.0,0.0,0.01,0.0,0.0,normal,normal,alta,17,historico dia_util,2.0
I21JE074440C,16,,dia_util,0.0,0.0,0.01,0.0,0.0,normal,normal,alta,17,historico dia_util,2.0
I21JE074440C,17,,dia_util,0.0,0.0,0.01,0.0,0.0,normal,normal,alta,20,historico dia_util,2.0
I21JE074440C,18,,dia_util,0.0,0.0,0.01,0.0,0.0,normal,normal,alta,20,historico dia_util,2.0
I21JE074440C,19,,dia_util,0.0,0.0,0.01,0.0,0.0,normal,normal,alta,20,historico dia_util,2.0
I21JE074440C,20,,dia_util,0.0,0.0,0.01,0.0,0.0,normal,normal,alta,20,historico dia_util,2.0
I21JE074440C,21,,dia_util,0.0,0.0,0.01,0.0,0.0,normal,normal,alta,18,historico dia_util,2.0
I21JE074440C,22,,dia_util,0.0,0.0,0.01,0.0,0.0,normal,normal,alta,18,historico dia_util,2.0
I21JE074440C,23,,dia_util,0.0,0.0,0.01,0.0,0.0,normal,normal,alta,18,historico dia_util,2.0
I21JE074442E,0,,dia_util,0.0,0.0,0.01,0.0,0.0,normal,normal,alta,20,historico dia_util,2.0
I21JE074442E,1,,dia_util,0.0,0.0,0.01,0.0,0.0,normal,normal,alta,20,historico dia_util,2.0
I21JE074442E,2,,dia_util,0.0,0.0,0.01,0.0,0.0,normal,normal,alta,20,historico dia_util,2.0
I21JE074442E,3,,dia_util,0.0,0.0,0.01,0.0,0.0,normal,normal,alta,20,historico dia_util,2.0
I21JE074442E,4,,dia_util,0.0,0.0,0.01,0.0,0.0,normal,normal,alta,20,historico dia_util,2.0
I21JE074442E,5,,dia_util,0.0,0.0,0.01,0.0,0.0,normal,normal,alta,20,historico dia_util,2.0
I21JE074442E,6,,dia_util,0.0,0.0,0.01,0.0,0.0,normal,normal,alta,20,historico dia_util,2.0
I21JE074442E,7,,dia_util,0.0,0.0,0.01,0.0,0.0,normal,normal,alta,20,historico dia_util,2.0
I21JE074442E,8,,dia_util,0.0,0.0,0.01,0.0,0.0,normal,normal,alta,20,historico dia_util,2.0
I21JE074442E,9,,dia_util,0.0,0.0,0.01,0.0,0.0,normal,normal,alta,20,historico dia_util,2.0
I21JE074442E,10,,dia_util,0.0,0.0,0.01,0.0,0.0,normal,normal,alta,20,historico dia_util,2.0
I21JE074442E,11,,dia_util,0.0,0.0,0.01,0.0,0.0,normal,normal,alta,20,historico dia_util,2.0
I21JE074442E,12,,dia_util,0.0,0.0,0.01,0.0,0.0,normal,normal,alta,20,historico dia_util,2.0
I21JE074442E,13,,dia_util,0.0,0.0,0.01,0.0,0.0,normal,normal,alta,20,historico dia_util,2.0
I21JE074442E,14,,dia_util,0.0,0.0,0.01,0.0,0.0,normal,normal,alta,20,historico dia_util,2.0
I21JE074442E,15,,dia_util,0.0,0.0,0.01,0.0,0.0,normal,normal,alta,20,historico dia_util,2.0
I21JE074442E,16,,dia_util,0.0,0.0,0.01,0.0,0.0,normal,normal,alta,20,historico dia_util,2.0
I21JE074442E,17,,dia_util,0.0,0.0,0.01,0.0,0.0,normal,normal,alta,20,historico dia_util,2.0
I21JE074442E,18,,dia_util,0.0,0.0,0.01,0.0,0.0,normal,normal,alta,20,historico dia_util,2.0
I21JE074442E,19,,dia_util,0.0,0.0,0.01,0.0,0.0,normal,normal,alta,20,historico dia_util,2.0
I21JE074442E,20,,dia_util,0.0,0.0,0.01,0.0,0.0,normal,normal,alta,20,historico dia_util,2.0
I21JE074442E,21,,dia_util,0.0,0.0,0.01,0.0,0.0,normal,normal,alta,20,historico dia_util,2.0
I21JE074442E,22,,dia_util,0.0,0.0,0.01,0.0,0.0,normal,normal,alta,20,historico dia_util,2.0
I21JE074442E,23,,dia_util,0.0,0.0,0.01,0.0,0.0,normal,normal,alta,20,historico dia_util,2.0
I21JE074443F,0,,dia_util,0.0,0.0,0.01,0.0,0.0,normal,normal,alta,20,historico dia_util,2.0
I21JE074443F,1,,dia_util,0.0,0.0,0.01,0.0,0.0,normal,normal,alta,19,historico dia_util,2.0
I21JE074443F,2,,dia_util,0.0,0.0,0.01,0.0,0.0,normal,normal,alta,20,historico dia_util,2.0
I21JE074443F,3,,dia_util,0.0,0.0,0.01,0.0,0.0,normal,normal,alta,20,historico dia_util,2.0
I21JE074443F,4,,dia_util,0.0,0.0,0.01,0.0,0.0,normal,normal,alta,18,historico dia_util,2.0
I21JE074443F,5,,dia_util,0.0,0.0,0.01,0.0,0.0,normal,normal,alta,19,historico dia_util,2.0
I21JE074443F,6,,dia_util,0.0,0.0,0.01,0.0,0.0,normal,normal,alta,18,historico dia_util,2.0
I21JE074443F,7,,dia_util,0.0,0.0,0.01,0.0,0.0,normal,normal,alta,18,historico dia_util,2.0
I21JE074443F,8,,dia_util,0.0,0.0,0.01,0.0,0.0,normal,normal,alta,17,historico dia_util,2.0
I21JE074443F,9,,dia_util,0.0,0.0,0.01,0.0,0.0,normal,normal,alta,17,historico dia_util,2.0
I21JE074443F,10,,dia_util,0.0,0.0,0.01,0.0,0.0,normal,normal,alta,17,historico dia_util,2.0
I21JE074443F,11,,dia_util,0.0,0.0,0.01,0.0,0.0,normal,normal,alta,17,historico dia_util,2.0
I21JE074443F,12,,dia_util,0.0,0.0,0.01,0.0,0.0,normal,normal,alta,20,historico dia_util,2.0
I21JE074443F,13,,dia_util,0.0,0.0,0.01,0.0,0.0,normal,normal,alta,20,historico dia_util,2.0
I21JE074443F,14,,dia_util,0.0,0.0,0.01,0.0,0.0,normal,normal,alta,20,historico dia_util,2.0
I21JE074443F,15,,dia_util,0.0,0.0,0.01,0.0,0.0,normal,normal,alta,20,historico dia_util,2.0
I21JE074443F,16,,dia_util,0.0,0.0,0.01,0.0,0.0,normal,normal,alta,19,historico dia_util,2.0
I21JE074443F,17,,dia_util,0.0,0.0,0.01,0.0,0.0,normal,normal,alta,20,historico dia_util,2.0
I21JE074443F,18,,dia_util,0.0,0.0,0.01,0.0,0.0,normal,normal,alta,20,historico dia_util,2.0
I21JE074443F,19,,dia_util,0.0,0.0,0.01,0.0,0.0,normal,normal,alta,20,historico dia_util,2.0
I21JE074443F,20,,dia_util,0.0,0.0,0.01,0.0,0.0,normal,normal,alta,17,historico dia_util,2.0
I21JE074443F,21,,dia_util,0.0,0.0,0.01,0.0,0.0,normal,normal,alta,19,historico dia_util,2.0
I21JE074443F,22,,dia_util,0.0,0.0,0.01,0.0,0.0,normal,normal,alta,19,historico dia_util,2.0
I21JE074443F,23,,dia_util,0.0,0.0,0.01,0.0,0.0,normal,normal,alta,19,historico dia_util,2.0
I21LA091899,0,,dia_util,0.0,0.0,0.01,0.0,0.0,normal,normal,alta,19,historico dia_util,2.0
I21LA091899,1,,dia_util,0.0,0.0,0.01,0.0,0.0,normal,normal,alta,20,historico dia_util,2.0
I21LA091899,2,,dia_util,0.0,0.0,0.01,0.0,0.0,normal,normal,alta,20,historico dia_util,2.0
I21LA091899,3,,dia_util,0.0,0.0,0.01,0.0,0.0,normal,normal,alta,20,historico dia_util,2.0
I21LA091899,4,,dia_util,0.0,0.0,0.01,0.0,0.0,normal,normal,alta,20,historico dia_util,2.0
I21LA091899,5,,dia_util,0.0,0.0,0.01,0.0,0.0,normal,normal,alta,20,historico dia_util,2.0
I21LA091899,6,,dia_util,0.0,0.0,0.01,0.0,0.0,normal,normal,alta,20,historico dia_util,2.0
I21LA091899,7,,dia_util,0.0,0.0,0.01,0.0,0.0,normal,normal,alta,20,historico dia_util,2.0
I21LA091899,8,,dia_util,0.0,0.0,0.01,0.0,0.0,normal,normal,alta,20,historico dia_util,2.0
I21LA091899,9,,dia_util,0.0,0.0,0.01,0.0,0.0,normal,normal,alta,20,historico dia_util,2.0
I21LA091899,10,,dia_util,0.0,0.0,0.01,0.0,0.0,normal,normal,alta,20,historico dia_util,2.0
I21LA091899,11,,dia_util,0.0,0.0,0.01,0.0,0.0,normal,normal,alta,20,historico dia_util,2.0
I21LA091899,12,,dia_util,0.0,0.0,0.01,0.0,0.0,normal,normal,alta,20,historico dia_util,2.0
I21LA091899,13,,dia_util,0.0,0.0,0.01,0.0,0.0,normal,normal,alta,20,historico dia_util,2.0
I21LA091899,14,,dia_util,0.0,0.0,0.01,0.0,0.0,normal,normal,alta,20,historico dia_util,2.0
I21LA091899,15,,dia_util,0.0,0.0,0.01,0.0,0.0,normal,normal,alta,20,historico dia_util,2.0
I21LA091899,16,,dia_util,0.0,0.0,0.01,0.0,0.0,normal,normal,alta,20,historico dia_util,2.0
I21LA091899,17,,dia_util,0.0,0.0,0.01,0.0,0.0,normal,normal,alta,20,historico dia_util,2.0
I21LA091899,18,,dia_util,0.0,0.0,0.01,0.0,0.0,normal,normal,alta,20,historico dia_util,2.0
I21LA091899,19,,dia_util,0.0,0.0,0.01,0.0,0.0,normal,normal,alta,20,historico dia_util,2.0
I21LA091899,20,,dia_util,0.0,0.0,0.01,0.0,0.0,normal,normal,alta,20,historico dia_util,2.0
I21LA091899,21,,dia_util,0.0,0.0,0.01,0.0,0.0,normal,normal,alta,16,historico dia_util,2.0
I21LA091899,22,,dia_util,0.0,0.0,0.01,0.0,0.0,normal,normal,alta,19,historico dia_util,2.0
I21LA091899,23,,dia_util,0.0,0.0,0.01,0.0,0.0,normal,normal,alta,19,historico dia_util,2.0
I21LA148189,0,,dia_util,0.0,0.0002,0.01,-0.02,-0.02,normal,normal,alta,18,historico dia_util,2.0
I21LA148189,1,,dia_util,0.0,0.0001,0.01,-0.01,-0.01,normal,normal,alta,18,historico dia_util,2.0
I21LA148189,2,,dia_util,0.0,0.0,0.01,0.0,0.0,normal,normal,alta,19,historico dia_util,2.0
I21LA148189,3,,dia_util,0.0,0.0,0.01,0.0,0.0,normal,normal,alta,19,historico dia_util,2.0
I21LA148189,4,,dia_util,0.0,0.0,0.01,0.0,0.0,normal,normal,alta,19,historico dia_util,2.0
I21LA148189,5,,dia_util,0.0,0.0,0.01,0.0,0.0,normal,normal,alta,19,historico dia_util,2.0
I21LA148189,6,,dia_util,0.0,0.0,0.01,0.0,0.0,normal,normal,alta,15,historico dia_util,2.0
I21LA148189,7,,dia_util,0.0,0.0007,0.01,-0.07,-0.07,normal,normal,alta,15,historico dia_util,2.0
I21LA148189,8,,dia_util,0.0,0.001,0.01,-0.1,-0.1,normal,normal,alta,15,historico dia_util,2.0
I21LA148189,9,,dia_util,0.0,0.0009,0.01,-0.09,-0.09,normal,normal,alta,15,historico dia_util,2.0
I21LA148189,10,,dia_util,0.0,0.0033,0.01,-0.33,-0.33,normal,normal,alta,17,historico dia_util,2.0
I21LA148189,11,,dia_util,0.0,0.0018,0.01,-0.18,-0.18,normal,normal,alta,17,historico dia_util,2.0
I21LA148189,12,,dia_util,0.0,0.0009,0.01,-0.09,-0.09,normal,normal,alta,17,historico dia_util,2.0
I21LA148189,13,,dia_util,0.0,0.0018,0.01,-0.18,-0.18,normal,normal,alta,17,historico dia_util,2.0
I21LA148189,14,,dia_util,0.0,0.0022,0.01,-0.22,-0.22,normal,normal,alta,18,historico dia_util,2.0
I21LA148189,15,,dia_util,0.0,0.0012,0.01,-0.12,-0.12,normal,normal,alta,18,historico dia_util,2.0
I21LA148189,16,,dia_util,0.0,0.0018,0.01,-0.18,-0.18,normal,normal,alta,18,historico dia_util,2.0
I21LA148189,17,,dia_util,0.0,0.0019,0.01,-0.19,-0.19,normal,normal,alta,18,historico dia_util,2.0
I21LA148189,18,,dia_util,0.0,0.0026,0.01,-0.26,-0.26,normal,normal,alta,20,historico dia_util,2.0
I21LA148189,19,,dia_util,0.0,0.0026,0.01,-0.26,-0.26,normal,normal,alta,20,historico dia_util,2.0
I21LA148189,20,,dia_util,0.0,0.0015,0.01,-0.15,-0.15,normal,normal,alta,20,historico dia_util,2.0
I21LA148189,21,,dia_util,0.0,0.0005,0.01,-0.05,-0.05,normal,normal,alta,20,historico dia_util,2.0
I21LA148189,22,,dia_util,0.0,0.0001,0.01,-0.01,-0.01,normal,normal,alta,19,historico dia_util,2.0
I21LA148189,23,,dia_util,0.0,0.0001,0.01,-0.01,-0.01,normal,normal,alta,19,historico dia_util,2.0
I21LA152238,0,,dia_util,0.0,0.0,0.01,0.0,0.0,normal,normal,alta,19,historico dia_util,2.0
I21LA152238,1,,dia_util,0.0,0.0,0.01,0.0,0.0,normal,normal,alta,19,historico dia_util,2.0
I21LA152238,2,,dia_util,0.0,0.0,0.01,0.0,0.0,normal,normal,alta,20,historico dia_util,2.0
I21LA152238,3,,dia_util,0.0,0.0,0.01,0.0,0.0,normal,normal,alta,20,historico dia_util,2.0
I21LA152238,4,,dia_util,0.0,0.0,0.01,0.0,0.0,normal,normal,alta,20,historico dia_util,2.0
I21LA152238,5,,dia_util,0.0,0.0,0.01,0.0,0.0,normal,normal,alta,20,historico dia_util,2.0
I21LA152238,6,,dia_util,0.0,0.0,0.01,0.0,0.0,normal,normal,alta,20,historico dia_util,2.0
I21LA152238,7,,dia_util,0.0,0.0004,0.01,-0.04,-0.04,normal,normal,alta,20,historico dia_util,2.0
I21LA152238,8,,dia_util,0.0,0.0003,0.01,-0.03,-0.03,normal,normal,alta,20,historico dia_util,2.0
I21LA152238,10,,dia_util,0.0,0.0011,0.01,-0.11,-0.11,normal,normal,alta,20,historico dia_util,2.0
I21LA152238,11,,dia_util,0.0,0.0,0.01,0.0,0.0,normal,normal,alta,20,historico dia_util,2.0
I21LA152238,12,,dia_util,0.0,0.0007,0.01,-0.07,-0.07,normal,normal,alta,20,historico dia_util,2.0
I21LA152238,13,,dia_util,0.001,0.0015,0.01,-0.05,-0.05,normal,normal,alta,17,historico dia_util,2.0
I21LA152238,14,,dia_util,0.035,0.0029,0.01,3.21,3.21,desvio,acima,alta,20,historico dia_util,2.0
I21LA152238,15,,dia_util,0.0,0.0009,0.01,-0.09,-0.09,normal,normal,alta,20,historico dia_util,2.0
I21LA152238,16,,dia_util,0.0,0.0018,0.01,-0.18,-0.18,normal,normal,alta,20,historico dia_util,2.0
I21LA152238,17,,dia_util,0.0,0.0011,0.01,-0.11,-0.11,normal,normal,alta,17,historico dia_util,2.0
I21LA152238,18,,dia_util,0.0,0.0,0.01,0.0,0.0,normal,normal,alta,19,historico dia_util,2.0
I21LA152238,19,,dia_util,0.0,0.0,0.01,0.0,0.0,normal,normal,alta,19,historico dia_util,2.0
I21LA152238,20,,dia_util,0.0,0.0,0.01,0.0,0.0,normal,normal,alta,19,historico dia_util,2.0
I21LA152238,22,,dia_util,0.0,0.0,0.01,0.0,0.0,normal,normal,alta,19,historico dia_util,2.0
I21LA152238,23,,dia_util,0.0,0.001,0.01,-0.1,-0.1,normal,normal,alta,19,historico dia_util,2.0
I21LA152381,0,,dia_util,0.0,0.0009,0.01,-0.09,-0.09,normal,normal,alta,20,historico dia_util,2.0
I21LA152381,1,,dia_util,0.0,0.0007,0.01,-0.07,-0.07,normal,normal,alta,19,historico dia_util,2.0
I21LA152381,2,,dia_util,0.0,0.0003,0.01,-0.03,-0.03,normal,normal,alta,20,historico dia_util,2.0
I21LA152381,3,,dia_util,0.0,0.0004,0.01,-0.04,-0.04,normal,normal,alta,20,historico dia_util,2.0
I21LA152381,4,,dia_util,0.0,0.0003,0.01,-0.03,-0.03,normal,normal,alta,20,historico dia_util,2.0
I21LA152381,5,,dia_util,0.0,0.0037,0.0139,-0.27,-0.27,normal,normal,alta,19,historico dia_util,2.0
I21LA152381,6,,dia_util,0.0,0.0011,0.01,-0.11,-0.11,normal,normal,alta,20,historico dia_util,2.0
I21LA152381,7,,dia_util,0.041,0.0447,0.0215,-0.17,-0.17,normal,normal,alta,20,historico dia_util,2.0
I21LA152381,8,,dia_util,0.042,0.0495,0.0283,-0.26,-0.26,normal,normal,alta,20,historico dia_util,2.0
I21LA152381,9,,dia_util,0.069,0.0774,0.0193,-0.43,-0.43,normal,normal,alta,20,historico dia_util,2.0
I21LA152381,10,,dia_util,0.113,0.087,0.0402,0.65,0.65,normal,normal,alta,20,historico dia_util,2.0
I21LA152381,11,,dia_util,0.13,0.1237,0.0364,0.17,0.17,normal,normal,alta,20,historico dia_util,2.0
I21LA152381,12,,dia_util,0.14,0.1759,0.044,-0.82,-0.82,normal,normal,alta,20,historico dia_util,2.0
I21LA152381,13,,dia_util,0.208,0.1782,0.0445,0.67,0.67,normal,normal,alta,20,historico dia_util,2.0
I21LA152381,14,,dia_util,0.192,0.1884,0.1043,0.04,0.04,normal,normal,alta,20,historico dia_util,2.0
I21LA152381,15,,dia_util,0.057,0.0885,0.0323,-0.98,-0.98,normal,normal,alta,20,historico dia_util,2.0
I21LA152381,16,,dia_util,0.072,0.1028,0.0257,-1.2,-1.2,normal,normal,alta,20,historico dia_util,2.0
I21LA152381,17,,dia_util,0.09,0.0834,0.0228,0.29,0.29,normal,normal,alta,20,historico dia_util,2.0
I21LA152381,18,,dia_util,0.074,0.0616,0.0187,0.66,0.66,normal,normal,alta,20,historico dia_util,2.0
I21LA152381,19,,dia_util,0.023,0.0508,0.0146,-1.91,-1.91,normal,normal,alta,20,historico dia_util,2.0
I21LA152381,20,,dia_util,0.002,0.0013,0.01,0.07,0.07,normal,normal,alta,20,historico dia_util,2.0
I21LA152381,21,,dia_util,0.002,-0.0001,0.0101,0.21,0.21,normal,normal,alta,20,historico dia_util,2.0
I21LA152381,22,,dia_util,0.001,0.001,0.01,-0.0,-0.0,normal,normal,alta,20,historico dia_util,2.0
I21LA152381,23,,dia_util,0.001,0.0007,0.01,0.03,0.03,normal,normal,alta,20,historico dia_util,2.0
I21LA162615,0,,dia_util,0.0,0.0,0.01,0.0,0.0,normal,normal,alta,20,historico dia_util,2.0
I21LA162615,1,,dia_util,0.0,0.0,0.01,0.0,0.0,normal,normal,alta,20,historico dia_util,2.0
I21LA162615,2,,dia_util,0.0,0.0001,0.01,-0.01,-0.01,normal,normal,alta,20,historico dia_util,2.0
I21LA162615,3,,dia_util,0.0,0.0001,0.01,-0.01,-0.01,normal,normal,alta,20,historico dia_util,2.0
I21LA162615,4,,dia_util,0.0,0.0,0.01,0.0,0.0,normal,normal,alta,20,historico dia_util,2.0
I21LA162615,5,,dia_util,0.0,0.0,0.01,0.0,0.0,normal,normal,alta,19,historico dia_util,2.0
I21LA162615,6,,dia_util,0.0,0.0,0.01,0.0,0.0,normal,normal,alta,19,historico dia_util,2.0
I21LA162615,7,,dia_util,0.0,0.0,0.01,0.0,0.0,normal,normal,alta,19,historico dia_util,2.0
I21LA162615,8,,dia_util,0.0,0.0002,0.01,-0.02,-0.02,normal,normal,alta,19,historico dia_util,2.0
I21LA162615,9,,dia_util,0.0,0.0,0.01,0.0,0.0,normal,normal,alta,20,historico dia_util,2.0
I21LA162615,10,,dia_util,0.0,0.0,0.01,0.0,0.0,normal,normal,alta,20,historico dia_util,2.0
I21LA162615,11,,dia_util,0.0,0.0,0.01,0.0,0.0,normal,normal,alta,20,historico dia_util,2.0
I21LA162615,12,,dia_util,0.0,0.0,0.01,0.0,0.0,normal,normal,alta,20,historico dia_util,2.0
I21LA162615,13,,dia_util,0.0,0.0,0.01,0.0,0.0,normal,normal,alta,20,historico dia_util,2.0
I21LA162615,14,,dia_util,0.0,0.0,0.01,0.0,0.0,normal,normal,alta,20,historico dia_util,2.0
I21LA162615,15,,dia_util,0.0,0.0,0.01,0.0,0.0,normal,normal,alta,20,historico dia_util,2.0
I21LA162615,16,,dia_util,0.0,0.0,0.01,0.0,0.0,normal,normal,alta,20,historico dia_util,2.0
I21LA162615,17,,dia_util,0.0,0.0,0.01,0.0,0.0,normal,normal,alta,20,historico dia_util,2.0
I21LA162615,18,,dia_util,0.0,0.0,0.01,0.0,0.0,normal,normal,alta,20,historico dia_util,2.0
I21LA162615,19,,dia_util,0.0,0.0,0.01,0.0,0.0,normal,normal,alta,20,historico dia_util,2.0
I21LA162615,20,,dia_util,0.0,0.0,0.01,0.0,0.0,normal,normal,alta,20,historico dia_util,2.0
I21LA162615,21,,dia_util,0.0,0.0,0.01,0.0,0.0,normal,normal,alta,20,historico dia_util,2.0
I21LA162615,22,,dia_util,0.0,0.0,0.01,0.0,0.0,normal,normal,alta,20,historico dia_util,2.0
I21LA162615,23,,dia_util,0.0,0.0,0.01,0.0,0.0,normal,normal,alta,20,historico dia_util,2.0
I21LA173715,0,,dia_util,0.0,0.0,0.01,0.0,0.0,normal,normal,alta,18,historico dia_util,2.0
I21LA173715,1,,dia_util,0.0,0.0,0.01,0.0,0.0,normal,normal,alta,20,historico dia_util,2.0
I21LA173715,2,,dia_util,0.0,0.0,0.01,0.0,0.0,normal,normal,alta,20,historico dia_util,2.0
I21LA173715,3,,dia_util,0.0,0.0,0.01,0.0,0.0,normal,normal,alta,20,historico dia_util,2.0
I21LA173715,8,,dia_util,0.0,0.0,0.01,0.0,0.0,normal,normal,alta,18,historico dia_util,2.0
I21LA173715,9,,dia_util,0.0,0.0,0.01,0.0,0.0,normal,normal,alta,18,historico dia_util,2.0
I21LA173715,10,,dia_util,0.0,0.0004,0.01,-0.04,-0.04,normal,normal,alta,18,historico dia_util,2.0
I21LA173715,11,,dia_util,0.0,0.0023,0.01,-0.23,-0.23,normal,normal,alta,18,historico dia_util,2.0
I21LA173715,12,,dia_util,0.0,0.0009,0.01,-0.1,-0.1,normal,normal,alta,20,historico dia_util,2.0
I21LA173715,13,,dia_util,0.0,0.0009,0.01,-0.09,-0.09,normal,normal,alta,20,historico dia_util,2.0
I21LA173715,14,,dia_util,0.0,0.0013,0.01,-0.13,-0.13,normal,normal,alta,20,historico dia_util,2.0
I21LA173715,15,,dia_util,0.0,0.0008,0.01,-0.08,-0.08,normal,normal,alta,20,historico dia_util,2.0
I21LA173715,16,,dia_util,0.0,0.0003,0.01,-0.03,-0.03,normal,normal,alta,19,historico dia_util,2.0
I21LA173715,17,,dia_util,0.0,0.0,0.01,0.0,0.0,normal,normal,alta,19,historico dia_util,2.0
I21LA173715,18,,dia_util,0.0,0.0023,0.01,-0.23,-0.23,normal,normal,alta,19,historico dia_util,2.0
I21LA173715,19,,dia_util,0.0,0.0,0.01,0.0,0.0,normal,normal,alta,19,historico dia_util,2.0
I21LA173758,0,,dia_util,0.0,0.0,0.01,0.0,0.0,normal,normal,alta,19,historico dia_util,2.0
I21LA173758,1,,dia_util,0.0,0.0,0.01,0.0,0.0,normal,normal,alta,19,historico dia_util,2.0
I21LA173758,2,,dia_util,0.0,0.0,0.01,0.0,0.0,normal,normal,alta,19,historico dia_util,2.0
I21LA173758,3,,dia_util,0.0,0.0,0.01,0.0,0.0,normal,normal,alta,20,historico dia_util,2.0
I21LA173758,4,,dia_util,0.0,0.0,0.01,0.0,0.0,normal,normal,alta,20,historico dia_util,2.0
I21LA173758,5,,dia_util,0.0,0.0,0.01,0.0,0.0,normal,normal,alta,20,historico dia_util,2.0
I21LA173758,6,,dia_util,0.0,0.0,0.01,0.0,0.0,normal,normal,alta,20,historico dia_util,2.0
I21LA173758,7,,dia_util,0.0,0.0,0.01,0.0,0.0,normal,normal,alta,20,historico dia_util,2.0
I21LA173758,8,,dia_util,0.0,0.0,0.01,0.0,0.0,normal,normal,alta,20,historico dia_util,2.0
I21LA173758,9,,dia_util,0.0,0.0,0.01,0.0,0.0,normal,normal,alta,20,historico dia_util,2.0
I21LA173758,10,,dia_util,0.0,0.0,0.01,0.0,0.0,normal,normal,alta,20,historico dia_util,2.0
I21LA173758,15,,dia_util,0.0,0.0014,0.01,-0.14,-0.14,normal,normal,alta,18,historico dia_util,2.0
I21LA173758,16,,dia_util,0.014,0.0029,0.01,1.11,1.11,normal,normal,alta,18,historico dia_util,2.0
I21LA173758,17,,dia_util,0.0,0.0029,0.01,-0.29,-0.29,normal,normal,alta,18,historico dia_util,2.0
I21LA173758,18,,dia_util,0.0,0.0025,0.01,-0.25,-0.25,normal,normal,alta,18,historico dia_util,2.0
I21LA173758,19,,dia_util,0.0,0.0011,0.01,-0.11,-0.11,normal,normal,alta,18,historico dia_util,2.0
I21LA173758,20,,dia_util,0.0,0.0,0.01,0.0,0.0,normal,normal,alta,18,historico dia_util,2.0
I21LA173758,21,,dia_util,0.0,0.0,0.01,0.0,0.0,normal,normal,alta,18,historico dia_util,2.0
I21LA173758,22,,dia_util,0.0,0.0,0.01,0.0,0.0,normal,normal,alta,18,historico dia_util,2.0
I21LA173758,23,,dia_util,0.0,0.0,0.01,0.0,0.0,normal,normal,alta,19,historico dia_util,2.0
I21LA173760,0,,dia_util,0.0,0.0,0.01,0.0,0.0,normal,normal,alta,20,historico dia_util,2.0
I21LA173760,1,,dia_util,0.0,0.0,0.01,0.0,0.0,normal,normal,alta,19,historico dia_util,2.0
I21LA173760,2,,dia_util,0.0,0.0,0.01,0.0,0.0,normal,normal,alta,19,historico dia_util,2.0
I21LA173760,3,,dia_util,0.0,0.0,0.01,0.0,0.0,normal,normal,alta,19,historico dia_util,2.0
I21LA173760,4,,dia_util,0.0,0.0,0.01,0.0,0.0,normal,normal,alta,19,historico dia_util,2.0
I21LA173760,5,,dia_util,0.0,0.0,0.01,0.0,0.0,normal,normal,alta,19,historico dia_util,2.0
I21LA173760,6,,dia_util,0.0,0.0,0.01,0.0,0.0,normal,normal,alta,19,historico dia_util,2.0
I21LA173760,7,,dia_util,0.0,0.0,0.01,0.0,0.0,normal,normal,alta,19,historico dia_util,2.0
I21LA173760,8,,dia_util,0.0,0.0,0.01,0.0,0.0,normal,normal,alta,19,historico dia_util,2.0
I21LA173760,13,,dia_util,0.0,0.0,0.01,0.0,0.0,normal,normal,alta,20,historico dia_util,2.0
I21LA173760,14,,dia_util,0.0,0.0,0.01,0.0,0.0,normal,normal,alta,20,historico dia_util,2.0
I21LA173760,15,,dia_util,0.0,0.0,0.01,0.0,0.0,normal,normal,alta,20,historico dia_util,2.0
I21LA173760,16,,dia_util,0.0,0.0,0.01,0.0,0.0,normal,normal,alta,20,historico dia_util,2.0
I21LA173760,17,,dia_util,0.0,0.0,0.01,0.0,0.0,normal,normal,alta,20,historico dia_util,2.0
I21LA173760,18,,dia_util,0.0,0.0,0.01,0.0,0.0,normal,normal,alta,20,historico dia_util,2.0
I21LA173760,19,,dia_util,0.0,0.0,0.01,0.0,0.0,normal,normal,alta,20,historico dia_util,2.0
I21LA173760,20,,dia_util,0.0,0.0,0.01,0.0,0.0,normal,normal,alta,20,historico dia_util,2.0
I21LA173770,0,,dia_util,0.0,0.0,0.01,0.0,0.0,normal,normal,alta,19,historico dia_util,2.0
I21LA173770,1,,dia_util,0.0,0.0,0.01,0.0,0.0,normal,normal,alta,19,historico dia_util,2.0
I21LA173770,2,,dia_util,0.0,0.0,0.01,0.0,0.0,normal,normal,alta,19,historico dia_util,2.0
I21LA173770,3,,dia_util,0.0,0.0,0.01,0.0,0.0,normal,normal,alta,19,historico dia_util,2.0
I21LA173770,4,,dia_util,0.0,0.0,0.01,0.0,0.0,normal,normal,alta,19,historico dia_util,2.0
I21LA173770,5,,dia_util,0.0,0.0,0.01,0.0,0.0,normal,normal,alta,18,historico dia_util,2.0
I21LA173770,6,,dia_util,0.0,0.0,0.01,0.0,0.0,normal,normal,alta,18,historico dia_util,2.0
I21LA173770,7,,dia_util,0.0,0.0,0.01,0.0,0.0,normal,normal,alta,18,historico dia_util,2.0
I21LA173770,8,,dia_util,0.0,0.0014,0.01,-0.14,-0.14,normal,normal,alta,18,historico dia_util,2.0
I21LA173770,9,,dia_util,0.0,0.0006,0.01,-0.06,-0.06,normal,normal,alta,17,historico dia_util,2.0
I21LA173770,10,,dia_util,0.0,0.0004,0.01,-0.04,-0.04,normal,normal,alta,18,historico dia_util,2.0
I21LA173770,11,,dia_util,0.0,0.0004,0.01,-0.04,-0.04,normal,normal,alta,18,historico dia_util,2.0
I21LA173770,12,,dia_util,0.0,0.0004,0.01,-0.04,-0.04,normal,normal,alta,18,historico dia_util,2.0
I21LA173770,13,,dia_util,0.0,0.0004,0.01,-0.04,-0.04,normal,normal,alta,19,historico dia_util,2.0
I21LA173770,14,,dia_util,0.0,0.0004,0.01,-0.04,-0.04,normal,normal,alta,19,historico dia_util,2.0
I21LA173770,15,,dia_util,0.0,0.0003,0.01,-0.03,-0.03,normal,normal,alta,19,historico dia_util,2.0
I21LA173770,16,,dia_util,0.0,0.0005,0.01,-0.05,-0.05,normal,normal,alta,19,historico dia_util,2.0
I21LA173770,17,,dia_util,0.0,0.0,0.01,0.0,0.0,normal,normal,alta,19,historico dia_util,2.0
I21LA173770,18,,dia_util,0.0,0.0,0.01,0.0,0.0,normal,normal,alta,19,historico dia_util,2.0
I21LA173770,19,,dia_util,0.0,0.0,0.01,0.0,0.0,normal,normal,alta,19,historico dia_util,2.0
I21LA173770,20,,dia_util,0.0,0.0,0.01,0.0,0.0,normal,normal,alta,19,historico dia_util,2.0
I21LA173770,21,,dia_util,0.0,0.0,0.01,0.0,0.0,normal,normal,alta,18,historico dia_util,2.0
I21LA173770,22,,dia_util,0.0,0.0,0.01,0.0,0.0,normal,normal,alta,19,historico dia_util,2.0
I21LA173770,23,,dia_util,0.0,0.0,0.01,0.0,0.0,normal,normal,alta,19,historico dia_util,2.0
I21LA173785,0,,dia_util,0.0,0.0002,0.01,-0.02,-0.02,normal,normal,alta,18,historico dia_util,2.0
I21LA173785,1,,dia_util,0.0,0.0001,0.01,-0.01,-0.01,normal,normal,alta,19,historico dia_util,2.0
I21LA173785,2,,dia_util,0.001,0.0001,0.01,0.09,0.09,normal,normal,alta,19,historico dia_util,2.0
I21LA173785,3,,dia_util,0.0,0.0001,0.01,-0.01,-0.01,normal,normal,alta,19,historico dia_util,2.0
I21LA173785,4,,dia_util,0.0,0.0,0.01,0.0,0.0,normal,normal,alta,20,historico dia_util,2.0
I21LA173785,5,,dia_util,0.0,0.0001,0.01,-0.01,-0.01,normal,normal,alta,20,historico dia_util,2.0
I21LA173785,6,,dia_util,0.0,0.0,0.01,0.0,0.0,normal,normal,alta,20,historico dia_util,2.0
I21LA173785,7,,dia_util,0.0,0.0,0.01,0.0,0.0,normal,normal,alta,20,historico dia_util,2.0
I21LA173785,8,,dia_util,0.0,0.0003,0.01,-0.03,-0.03,normal,normal,alta,15,historico dia_util,2.0
I21LA173785,9,,dia_util,0.0,0.0003,0.01,-0.03,-0.03,normal,normal,alta,18,historico dia_util,2.0
I21LA173785,10,,dia_util,0.0,0.0002,0.01,-0.02,-0.02,normal,normal,alta,18,historico dia_util,2.0
I21LA173785,11,,dia_util,0.001,0.0031,0.0111,-0.19,-0.19,normal,normal,alta,18,historico dia_util,2.0
I21LA173785,12,,dia_util,0.0,0.0003,0.01,-0.03,-0.03,normal,normal,alta,19,historico dia_util,2.0
I21LA173785,13,,dia_util,0.0,0.0,0.01,0.0,0.0,normal,normal,alta,19,historico dia_util,2.0
I21LA173785,14,,dia_util,0.0,0.0001,0.01,-0.01,-0.01,normal,normal,alta,19,historico dia_util,2.0
I21LA173785,15,,dia_util,0.0,0.0003,0.01,-0.03,-0.03,normal,normal,alta,19,historico dia_util,2.0
I21LA173785,16,,dia_util,0.0,0.0037,0.0147,-0.25,-0.25,normal,normal,alta,20,historico dia_util,2.0
I21LA173785,17,,dia_util,0.001,0.0002,0.01,0.09,0.09,normal,normal,alta,20,historico dia_util,2.0
I21LA173785,18,,dia_util,0.0,0.001,0.01,-0.1,-0.1,normal,normal,alta,20,historico dia_util,2.0
I21LA173785,19,,dia_util,0.0,0.0001,0.01,-0.01,-0.01,normal,normal,alta,20,historico dia_util,2.0
I21LA173785,20,,dia_util,0.0,0.0,0.01,0.0,0.0,normal,normal,alta,17,historico dia_util,2.0
I21LA173785,21,,dia_util,0.0,0.0001,0.01,-0.01,-0.01,normal,normal,alta,18,historico dia_util,2.0
I21LA173785,22,,dia_util,0.001,0.0001,0.01,0.09,0.09,normal,normal,alta,18,historico dia_util,2.0
I21LA173785,23,,dia_util,0.0,0.0001,0.01,-0.01,-0.01,normal,normal,alta,18,historico dia_util,2.0
I21LA173790,0,,dia_util,0.0,0.0,0.01,0.0,0.0,normal,normal,alta,18,historico dia_util,2.0
I21LA173790,1,,dia_util,0.0,0.0,0.01,0.0,0.0,normal,normal,alta,18,historico dia_util,2.0
I21LA173790,2,,dia_util,0.0,0.0,0.01,0.0,0.0,normal,normal,alta,17,historico dia_util,2.0
I21LA173790,3,,dia_util,0.0,0.0,0.01,0.0,0.0,normal,normal,alta,17,historico dia_util,2.0
I21LA173790,4,,dia_util,0.0,0.0,0.01,0.0,0.0,normal,normal,alta,17,historico dia_util,2.0
I21LA173790,5,,dia_util,0.0,0.0,0.01,0.0,0.0,normal,normal,alta,17,historico dia_util,2.0
I21LA173790,6,,dia_util,0.0,0.0,0.01,0.0,0.0,normal,normal,alta,20,historico dia_util,2.0
I21LA173790,7,,dia_util,0.0,0.0,0.01,0.0,0.0,normal,normal,alta,20,historico dia_util,2.0
I21LA173790,8,,dia_util,0.0,0.0,0.01,0.0,0.0,normal,normal,alta,20,historico dia_util,2.0
I21LA173790,9,,dia_util,0.0,0.0,0.01,0.0,0.0,normal,normal,alta,20,historico dia_util,2.0
I21LA173790,10,,dia_util,0.0,0.0002,0.01,-0.02,-0.02,normal,normal,alta,20,historico dia_util,2.0
I21LA173790,11,,dia_util,0.0,0.0003,0.01,-0.03,-0.03,normal,normal,alta,20,historico dia_util,2.0
I21LA173790,12,,dia_util,0.0,0.0003,0.01,-0.03,-0.03,normal,normal,alta,20,historico dia_util,2.0
I21LA173790,13,,dia_util,0.0,0.0002,0.01,-0.02,-0.02,normal,normal,alta,20,historico dia_util,2.0
I21LA173790,14,,dia_util,0.0,0.0007,0.01,-0.07,-0.07,normal,normal,alta,19,historico dia_util,2.0
I21LA173790,15,,dia_util,0.0,0.0,0.01,0.0,0.0,normal,normal,alta,19,historico dia_util,2.0
I21LA173790,16,,dia_util,0.0,0.0,0.01,0.0,0.0,normal,normal,alta,19,historico dia_util,2.0
I21LA173790,17,,dia_util,0.0,0.0,0.01,0.0,0.0,normal,normal,alta,19,historico dia_util,2.0
I21LA173790,18,,dia_util,0.0,0.0003,0.01,-0.03,-0.03,normal,normal,alta,20,historico dia_util,2.0
I21LA173790,19,,dia_util,0.0,0.0,0.01,0.0,0.0,normal,normal,alta,20,historico dia_util,2.0
I21LA173790,20,,dia_util,0.0,0.0003,0.01,-0.03,-0.03,normal,normal,alta,20,historico dia_util,2.0
I21LA173790,21,,dia_util,0.0,0.0,0.01,0.0,0.0,normal,normal,alta,20,historico dia_util,2.0
I21LA173790,22,,dia_util,0.0,0.0,0.01,0.0,0.0,normal,normal,alta,18,historico dia_util,2.0
I21LA173790,23,,dia_util,0.0,0.0,0.01,0.0,0.0,normal,normal,alta,18,historico dia_util,2.0
I21LA173814,0,,dia_util,0.0,0.0,0.01,0.0,0.0,normal,normal,alta,20,historico dia_util,2.0
I21LA173814,1,,dia_util,0.0,0.0,0.01,0.0,0.0,normal,normal,alta,20,historico dia_util,2.0
I21LA173814,2,,dia_util,0.0,0.0,0.01,0.0,0.0,normal,normal,alta,20,historico dia_util,2.0
I21LA173814,3,,dia_util,0.0,0.0,0.01,0.0,0.0,normal,normal,alta,20,historico dia_util,2.0
I21LA173814,4,,dia_util,0.0,0.0,0.01,0.0,0.0,normal,normal,alta,19,historico dia_util,2.0
I21LA173814,5,,dia_util,0.0,0.0,0.01,0.0,0.0,normal,normal,alta,19,historico dia_util,2.0
I21LA173814,6,,dia_util,0.0,0.0,0.01,0.0,0.0,normal,normal,alta,19,historico dia_util,2.0
I21LA173814,7,,dia_util,0.0,0.0,0.01,0.0,0.0,normal,normal,alta,19,historico dia_util,2.0
I21LA173814,8,,dia_util,0.0,0.0,0.01,0.0,0.0,normal,normal,alta,18,historico dia_util,2.0
I21LA173814,9,,dia_util,0.0,0.0,0.01,0.0,0.0,normal,normal,alta,18,historico dia_util,2.0
I21LA173814,10,,dia_util,0.0,0.0,0.01,0.0,0.0,normal,normal,alta,18,historico dia_util,2.0
I21LA173814,11,,dia_util,0.0,0.0,0.01,0.0,0.0,normal,normal,alta,18,historico dia_util,2.0
I21LA173814,12,,dia_util,0.0,0.0003,0.01,-0.03,-0.03,normal,normal,alta,20,historico dia_util,2.0
I21LA173814,13,,dia_util,0.0,0.0,0.01,0.0,0.0,normal,normal,alta,20,historico dia_util,2.0
I21LA173814,14,,dia_util,0.0,0.0,0.01,0.0,0.0,normal,normal,alta,20,historico dia_util,2.0
I21LA173814,15,,dia_util,0.0,0.0039,0.0121,-0.32,-0.32,normal,normal,alta,20,historico dia_util,2.0
I21LA173814,16,,dia_util,0.0,0.0006,0.01,-0.07,-0.07,normal,normal,alta,20,historico dia_util,2.0
I21LA173814,17,,dia_util,0.0,0.0003,0.01,-0.03,-0.03,normal,normal,alta,20,historico dia_util,2.0
I21LA173814,18,,dia_util,0.0,0.0009,0.01,-0.1,-0.1,normal,normal,alta,20,historico dia_util,2.0
I21LA173814,19,,dia_util,0.0,0.0002,0.01,-0.02,-0.02,normal,normal,alta,20,historico dia_util,2.0
I21LA173814,20,,dia_util,0.0,0.0,0.01,0.0,0.0,normal,normal,alta,20,historico dia_util,2.0
I21LA173814,21,,dia_util,0.0,0.0,0.01,0.0,0.0,normal,normal,alta,20,historico dia_util,2.0
I21LA173814,22,,dia_util,0.0,0.0001,0.01,-0.01,-0.01,normal,normal,alta,20,historico dia_util,2.0
I21LA173814,23,,dia_util,0.0,0.0,0.01,0.0,0.0,normal,normal,alta,20,historico dia_util,2.0
I21LA173852,0,,dia_util,0.0,0.0,0.01,0.0,0.0,normal,normal,alta,19,historico dia_util,2.0
I21LA173852,1,,dia_util,0.0,0.0,0.01,0.0,0.0,normal,normal,alta,19,historico dia_util,2.0
I21LA173852,2,,dia_util,0.0,0.0,0.01,0.0,0.0,normal,normal,alta,20,historico dia_util,2.0
I21LA173852,3,,dia_util,0.0,0.0,0.01,0.0,0.0,normal,normal,alta,20,historico dia_util,2.0
I21LA173852,4,,dia_util,0.0,0.0,0.01,0.0,0.0,normal,normal,alta,20,historico dia_util,2.0
I21LA173852,5,,dia_util,0.0,0.0,0.01,0.0,0.0,normal,normal,alta,20,historico dia_util,2.0
I21LA173852,6,,dia_util,0.0,0.0,0.01,0.0,0.0,normal,normal,alta,18,historico dia_util,2.0
I21LA173852,7,,dia_util,0.0,0.0,0.01,0.0,0.0,normal,normal,alta,18,historico dia_util,2.0
I21LA173852,8,,dia_util,0.0,0.0,0.01,0.0,0.0,normal,normal,alta,18,historico dia_util,2.0
I21LA173852,9,,dia_util,0.0,0.0001,0.01,-0.01,-0.01,normal,normal,alta,18,historico dia_util,2.0
I21LA173852,10,,dia_util,0.0,0.0,0.01,0.0,0.0,normal,normal,alta,18,historico dia_util,2.0
I21LA173852,11,,dia_util,0.0,0.0,0.01,0.0,0.0,normal,normal,alta,19,historico dia_util,2.0
I21LA173852,12,,dia_util,0.0,0.0,0.01,0.0,0.0,normal,normal,alta,19,historico dia_util,2.0
I21LA173852,13,,dia_util,0.0,0.0,0.01,0.0,0.0,normal,normal,alta,19,historico dia_util,2.0
I21LA173852,14,,dia_util,0.0,0.0004,0.01,-0.04,-0.04,normal,normal,alta,20,historico dia_util,2.0
I21LA173852,15,,dia_util,0.0,0.001,0.01,-0.1,-0.1,normal,normal,alta,20,historico dia_util,2.0
I21LA173852,16,,dia_util,0.0,0.0013,0.01,-0.12,-0.12,normal,normal,alta,20,historico dia_util,2.0
I21LA173852,17,,dia_util,0.0,0.0,0.01,0.0,0.0,normal,normal,alta,20,historico dia_util,2.0
I21LA173852,18,,dia_util,0.0,0.0008,0.01,-0.08,-0.08,normal,normal,alta,20,historico dia_util,2.0
I21LA173852,19,,dia_util,0.0,0.0,0.01,0.0,0.0,normal,normal,alta,20,historico dia_util,2.0
I21LA173852,20,,dia_util,0.0,0.0,0.01,0.0,0.0,normal,normal,alta,20,historico dia_util,2.0
I21LA173852,21,,dia_util,0.0,0.0,0.01,0.0,0.0,normal,normal,alta,20,historico dia_util,2.0
I21LA173852,22,,dia_util,0.0,0.0,0.01,0.0,0.0,normal,normal,alta,19,historico dia_util,2.0
I21LA173852,23,,dia_util,0.0,0.0,0.01,0.0,0.0,normal,normal,alta,19,historico dia_util,2.0
I21LA173859,0,,dia_util,0.0,0.0,0.01,0.0,0.0,normal,normal,alta,18,historico dia_util,2.0
I21LA173859,1,,dia_util,0.0,0.0,0.01,0.0,0.0,normal,normal,alta,18,historico dia_util,2.0
I21LA173859,2,,dia_util,0.0,0.0,0.01,0.0,0.0,normal,normal,alta,19,historico dia_util,2.0
I21LA173859,3,,dia_util,0.0,0.0,0.01,0.0,0.0,normal,normal,alta,19,historico dia_util,2.0
I21LA173859,4,,dia_util,0.0,0.0,0.01,0.0,0.0,normal,normal,alta,19,historico dia_util,2.0
I21LA173859,5,,dia_util,0.0,0.0,0.01,0.0,0.0,normal,normal,alta,19,historico dia_util,2.0
I21LA173859,6,,dia_util,0.0,0.0,0.01,0.0,0.0,normal,normal,alta,19,historico dia_util,2.0
I21LA173859,7,,dia_util,0.0,0.0,0.01,0.0,0.0,normal,normal,alta,19,historico dia_util,2.0
I21LA173859,8,,dia_util,0.0,0.0,0.01,0.0,0.0,normal,normal,alta,19,historico dia_util,2.0
I21LA173859,9,,dia_util,0.0,0.0,0.01,0.0,0.0,normal,normal,alta,19,historico dia_util,2.0
I21LA173859,14,,dia_util,0.0,0.0,0.01,0.0,0.0,normal,normal,alta,19,historico dia_util,2.0
I21LA173859,15,,dia_util,0.0,0.0,0.01,0.0,0.0,normal,normal,alta,19,historico dia_util,2.0
I21LA173859,16,,dia_util,0.0,0.0,0.01,0.0,0.0,normal,normal,alta,19,historico dia_util,2.0
I21LA173859,17,,dia_util,0.0,0.0,0.01,0.0,0.0,normal,normal,alta,19,historico dia_util,2.0
I21LA173859,18,,dia_util,0.0,0.0,0.01,0.0,0.0,normal,normal,alta,19,historico dia_util,2.0
I21LA173859,19,,dia_util,0.0,0.0,0.01,0.0,0.0,normal,normal,alta,19,historico dia_util,2.0
I21LA173859,20,,dia_util,0.0,0.0,0.01,0.0,0.0,normal,normal,alta,19,historico dia_util,2.0
I21LA173859,21,,dia_util,0.0,0.0,0.01,0.0,0.0,normal,normal,alta,19,historico dia_util,2.0
I21LA173859,23,,dia_util,0.0,0.0,0.01,0.0,0.0,normal,normal,alta,19,historico dia_util,2.0
I21LA173876,0,,dia_util,0.0,0.0,0.01,0.0,0.0,normal,normal,alta,20,historico dia_util,2.0
I21LA173876,1,,dia_util,0.0,0.0,0.01,0.0,0.0,normal,normal,alta,20,historico dia_util,2.0
I21LA173876,2,,dia_util,0.0,0.0,0.01,0.0,0.0,normal,normal,alta,20,historico dia_util,2.0
I21LA173876,3,,dia_util,0.0,0.0,0.01,0.0,0.0,normal,normal,alta,20,historico dia_util,2.0
I21LA173876,4,,dia_util,0.0,0.0,0.01,0.0,0.0,normal,normal,alta,20,historico dia_util,2.0
I21LA173876,5,,dia_util,0.0,0.0,0.01,0.0,0.0,normal,normal,alta,20,historico dia_util,2.0
I21LA173876,6,,dia_util,0.0,0.0,0.01,0.0,0.0,normal,normal,alta,20,historico dia_util,2.0
I21LA173876,7,,dia_util,0.0,0.0,0.01,0.0,0.0,normal,normal,alta,20,historico dia_util,2.0
I21LA173876,8,,dia_util,0.0,0.0,0.01,0.0,0.0,normal,normal,alta,20,historico dia_util,2.0
I21LA173876,9,,dia_util,0.0,0.0,0.01,0.0,0.0,normal,normal,alta,20,historico dia_util,2.0
I21LA173876,10,,dia_util,0.0,0.0,0.01,0.0,0.0,normal,normal,alta,18,historico dia_util,2.0
I21LA173876,11,,dia_util,0.0,0.0,0.01,0.0,0.0,normal,normal,alta,19,historico dia_util,2.0
I21LA173876,12,,dia_util,0.0,0.0,0.01,0.0,0.0,normal,normal,alta,19,historico dia_util,2.0
I21LA173876,13,,dia_util,0.0,0.0,0.01,0.0,0.0,normal,normal,alta,19,historico dia_util,2.0
I21LA173876,14,,dia_util,0.0,0.0,0.01,0.0,0.0,normal,normal,alta,19,historico dia_util,2.0
I21LA173876,15,,dia_util,0.0,0.0,0.01,0.0,0.0,normal,normal,alta,19,historico dia_util,2.0
I21LA173876,16,,dia_util,0.0,0.0,0.01,0.0,0.0,normal,normal,alta,19,historico dia_util,2.0
I21LA173876,17,,dia_util,0.0,0.0,0.01,0.0,0.0,normal,normal,alta,19,historico dia_util,2.0
I21LA173876,18,,dia_util,0.0,0.0,0.01,0.0,0.0,normal,normal,alta,18,historico dia_util,2.0
I21LA173876,19,,dia_util,0.0,0.0,0.01,0.0,0.0,normal,normal,alta,18,historico dia_util,2.0
I21LA173876,20,,dia_util,0.0,0.0,0.01,0.0,0.0,normal,normal,alta,18,historico dia_util,2.0
I21LA173876,21,,dia_util,0.0,0.0,0.01,0.0,0.0,normal,normal,alta,18,historico dia_util,2.0
I21LA173876,23,,dia_util,0.0,0.0,0.01,0.0,0.0,normal,normal,alta,20,historico dia_util,2.0
I21LA173877,0,,dia_util,0.0,0.0,0.01,0.0,0.0,normal,normal,alta,18,historico dia_util,2.0
I21LA173877,1,,dia_util,0.0,0.0,0.01,0.0,0.0,normal,normal,alta,18,historico dia_util,2.0
I21LA173877,2,,dia_util,0.0,0.0,0.01,0.0,0.0,normal,normal,alta,18,historico dia_util,2.0
I21LA173877,3,,dia_util,0.0,0.0,0.01,0.0,0.0,normal,normal,alta,18,historico dia_util,2.0
I21LA173877,4,,dia_util,0.0,0.0,0.01,0.0,0.0,normal,normal,alta,18,historico dia_util,2.0
I21LA173877,5,,dia_util,0.0,0.0,0.01,0.0,0.0,normal,normal,alta,18,historico dia_util,2.0
I21LA173877,6,,dia_util,0.0,0.0,0.01,0.0,0.0,normal,normal,alta,19,historico dia_util,2.0
I21LA173877,7,,dia_util,0.0,0.0,0.01,0.0,0.0,normal,normal,alta,19,historico dia_util,2.0
I21LA173877,8,,dia_util,0.0,0.0,0.01,0.0,0.0,normal,normal,alta,19,historico dia_util,2.0
I21LA173877,9,,dia_util,0.0,0.0,0.01,0.0,0.0,normal,normal,alta,19,historico dia_util,2.0
I21LA173877,11,,dia_util,0.0,0.0,0.01,0.0,0.0,normal,normal,alta,16,historico dia_util,2.0
I21LA173877,12,,dia_util,0.0,0.0,0.01,0.0,0.0,normal,normal,alta,16,historico dia_util,2.0
I21LA173877,13,,dia_util,0.0,0.0,0.01,0.0,0.0,normal,normal,alta,16,historico dia_util,2.0
I21LA173877,14,,dia_util,0.0,0.0006,0.01,-0.06,-0.06,normal,normal,alta,19,historico dia_util,2.0
I21LA173877,15,,dia_util,0.0,0.0005,0.01,-0.05,-0.05,normal,normal,alta,19,historico dia_util,2.0
I21LA173877,16,,dia_util,0.0,0.0,0.01,0.0,0.0,normal,normal,alta,19,historico dia_util,2.0
I21LA173877,17,,dia_util,0.0,0.0,0.01,0.0,0.0,normal,normal,alta,19,historico dia_util,2.0
I21LA173877,18,,dia_util,0.0,0.0,0.01,0.0,0.0,normal,normal,alta,20,historico dia_util,2.0
I21LA173877,19,,dia_util,0.0,0.0,0.01,0.0,0.0,normal,normal,alta,20,historico dia_util,2.0
I21LA173877,20,,dia_util,0.0,0.0,0.01,0.0,0.0,normal,normal,alta,20,historico dia_util,2.0
I21LA173877,21,,dia_util,0.0,0.0,0.01,0.0,0.0,normal,normal,alta,20,historico dia_util,2.0
I21LA173877,22,,dia_util,0.0,0.0,0.01,0.0,0.0,normal,normal,alta,16,historico dia_util,2.0
I21LA173877,23,,dia_util,0.0,0.0,0.01,0.0,0.0,normal,normal,alta,18,historico dia_util,2.0
I21LA173999,0,,dia_util,0.0,0.0,0.01,0.0,0.0,normal,normal,alta,20,historico dia_util,2.0
I21LA173999,1,,dia_util,0.0,0.0,0.01,0.0,0.0,normal,normal,alta,20,historico dia_util,2.0
I21LA173999,2,,dia_util,0.0,0.0,0.01,0.0,0.0,normal,normal,alta,20,historico dia_util,2.0
I21LA173999,3,,dia_util,0.0,0.0,0.01,0.0,0.0,normal,normal,alta,20,historico dia_util,2.0
I21LA173999,4,,dia_util,0.0,0.0,0.01,0.0,0.0,normal,normal,alta,20,historico dia_util,2.0
I21LA173999,5,,dia_util,0.0,0.0,0.01,0.0,0.0,normal,normal,alta,17,historico dia_util,2.0
I21LA173999,6,,dia_util,0.0,0.0,0.01,0.0,0.0,normal,normal,alta,17,historico dia_util,2.0
I21LA173999,7,,dia_util,0.0,0.0,0.01,0.0,0.0,normal,normal,alta,17,historico dia_util,2.0
I21LA173999,8,,dia_util,0.0,0.0,0.01,0.0,0.0,normal,normal,alta,17,historico dia_util,2.0
I21LA173999,13,,dia_util,0.0,0.0001,0.01,-0.01,-0.01,normal,normal,alta,20,historico dia_util,2.0
I21LA173999,14,,dia_util,0.0,0.0,0.01,0.0,0.0,normal,normal,alta,20,historico dia_util,2.0
I21LA173999,15,,dia_util,0.0,0.0,0.01,0.0,0.0,normal,normal,alta,20,historico dia_util,2.0
I21LA173999,16,,dia_util,0.0,0.0,0.01,0.0,0.0,normal,normal,alta,20,historico dia_util,2.0
I21LA173999,17,,dia_util,0.0,0.0012,0.01,-0.12,-0.12,normal,normal,alta,17,historico dia_util,2.0
I21LA173999,18,,dia_util,0.0,0.0015,0.01,-0.15,-0.15,normal,normal,alta,17,historico dia_util,2.0
I21LA173999,19,,dia_util,0.0,0.0074,0.0221,-0.33,-0.33,normal,normal,alta,17,historico dia_util,2.0
I21LA173999,20,,dia_util,0.0,0.0006,0.01,-0.06,-0.06,normal,normal,alta,17,historico dia_util,2.0
I21LA173999,21,,dia_util,0.0,0.0029,0.0121,-0.24,-0.24,normal,normal,alta,19,historico dia_util,2.0
I21LA173999,22,,dia_util,0.0,0.002,0.01,-0.2,-0.2,normal,normal,alta,19,historico dia_util,2.0
I21LA173999,23,,dia_util,0.0,0.0061,0.016,-0.38,-0.38,normal,normal,alta,19,historico dia_util,2.0
I21LA174020,0,,dia_util,0.0,0.0,0.01,0.0,0.0,normal,normal,alta,18,historico dia_util,2.0
I21LA174020,1,,dia_util,0.0,0.0,0.01,0.0,0.0,normal,normal,alta,18,historico dia_util,2.0
I21LA174020,2,,dia_util,0.0,0.0,0.01,0.0,0.0,normal,normal,alta,18,historico dia_util,2.0
I21LA174020,3,,dia_util,0.0,0.0,0.01,0.0,0.0,normal,normal,alta,18,historico dia_util,2.0
I21LA174020,4,,dia_util,0.0,0.0,0.01,0.0,0.0,normal,normal,alta,19,historico dia_util,2.0
I21LA174020,5,,dia_util,0.0,0.0,0.01,0.0,0.0,normal,normal,alta,19,historico dia_util,2.0
I21LA174020,6,,dia_util,0.0,0.0,0.01,0.0,0.0,normal,normal,alta,19,historico dia_util,2.0
I21LA174020,7,,dia_util,0.0,0.0,0.01,0.0,0.0,normal,normal,alta,19,historico dia_util,2.0
I21LA174020,8,,dia_util,0.0,0.0,0.01,0.0,0.0,normal,normal,alta,20,historico dia_util,2.0
I21LA174020,9,,dia_util,0.0,0.0,0.01,0.0,0.0,normal,normal,alta,20,historico dia_util,2.0
I21LA174020,10,,dia_util,0.0,0.0003,0.01,-0.03,-0.03,normal,normal,alta,20,historico dia_util,2.0
I21LA174020,11,,dia_util,0.0,0.0,0.01,0.0,0.0,normal,normal,alta,20,historico dia_util,2.0
I21LA174020,16,,dia_util,0.0,0.0003,0.01,-0.03,-0.03,normal,normal,alta,20,historico dia_util,2.0
I21LA174020,17,,dia_util,0.0,0.0011,0.01,-0.11,-0.11,normal,normal,alta,20,historico dia_util,2.0
I21LA174020,18,,dia_util,0.0,0.0,0.01,0.0,0.0,normal,normal,alta,20,historico dia_util,2.0
I21LA174020,19,,dia_util,0.0,0.0003,0.01,-0.03,-0.03,normal,normal,alta,20,historico dia_util,2.0
I21LA174020,20,,dia_util,0.0,0.0,0.01,0.0,0.0,normal,normal,alta,18,historico dia_util,2.0
I21LA174020,21,,dia_util,0.0,0.0003,0.01,-0.03,-0.03,normal,normal,alta,19,historico dia_util,2.0
I21LA174020,22,,dia_util,0.0,0.0,0.01,0.0,0.0,normal,normal,alta,19,historico dia_util,2.0
I21LA174020,23,,dia_util,0.0,0.0,0.01,0.0,0.0,normal,normal,alta,19,historico dia_util,2.0
I21LA180227,0,,dia_util,0.0,0.0,0.01,0.0,0.0,normal,normal,alta,20,historico dia_util,2.0
I21LA180227,1,,dia_util,0.0,0.0,0.01,0.0,0.0,normal,normal,alta,20,historico dia_util,2.0
I21LA180227,2,,dia_util,0.0,0.0,0.01,0.0,0.0,normal,normal,alta,19,historico dia_util,2.0
I21LA180227,3,,dia_util,0.0,0.0,0.01,0.0,0.0,normal,normal,alta,20,historico dia_util,2.0
I21LA180227,4,,dia_util,0.0,0.0,0.01,0.0,0.0,normal,normal,alta,20,historico dia_util,2.0
I21LA180227,5,,dia_util,0.0,0.0,0.01,0.0,0.0,normal,normal,alta,20,historico dia_util,2.0
I21LA180227,6,,dia_util,0.0,0.0,0.01,0.0,0.0,normal,normal,alta,20,historico dia_util,2.0
I21LA180227,7,,dia_util,0.0,0.0,0.01,0.0,0.0,normal,normal,alta,20,historico dia_util,2.0
I21LA180227,8,,dia_util,0.0,0.0,0.01,0.0,0.0,normal,normal,alta,20,historico dia_util,2.0
I21LA180227,9,,dia_util,0.0,0.0,0.01,0.0,0.0,normal,normal,alta,20,historico dia_util,2.0
I21LA180227,10,,dia_util,0.0,0.0,0.01,0.0,0.0,normal,normal,alta,19,historico dia_util,2.0
I21LA180227,11,,dia_util,0.0,0.0,0.01,0.0,0.0,normal,normal,alta,20,historico dia_util,2.0
I21LA180227,12,,dia_util,0.0,0.0,0.01,0.0,0.0,normal,normal,alta,20,historico dia_util,2.0
I21LA180227,13,,dia_util,0.0,0.0,0.01,0.0,0.0,normal,normal,alta,20,historico dia_util,2.0
I21LA180227,14,,dia_util,0.0,0.0,0.01,0.0,0.0,normal,normal,alta,20,historico dia_util,2.0
I21LA180227,15,,dia_util,0.0,0.0,0.01,0.0,0.0,normal,normal,alta,20,historico dia_util,2.0
I21LA180227,16,,dia_util,0.0,0.0,0.01,0.0,0.0,normal,normal,alta,20,historico dia_util,2.0
I21LA180227,17,,dia_util,0.0,0.0,0.01,0.0,0.0,normal,normal,alta,20,historico dia_util,2.0
I21LA180227,18,,dia_util,0.0,0.0,0.01,0.0,0.0,normal,normal,alta,20,historico dia_util,2.0
I21LA180227,19,,dia_util,0.0,0.0,0.01,0.0,0.0,normal,normal,alta,20,historico dia_util,2.0
I21LA180227,20,,dia_util,0.0,0.0,0.01,0.0,0.0,normal,normal,alta,20,historico dia_util,2.0
I21LA180227,21,,dia_util,0.0,0.0,0.01,0.0,0.0,normal,normal,alta,20,historico dia_util,2.0
I21LA180227,22,,dia_util,0.0,0.0,0.01,0.0,0.0,normal,normal,alta,19,historico dia_util,2.0
I21LA180227,23,,dia_util,0.0,0.0,0.01,0.0,0.0,normal,normal,alta,20,historico dia_util,2.0
I21LA182611,0,,dia_util,0.0,0.0,0.01,0.0,0.0,normal,normal,alta,16,historico dia_util,2.0
I21LA182611,1,,dia_util,0.0,0.0,0.01,0.0,0.0,normal,normal,alta,17,historico dia_util,2.0
I21LA182611,2,,dia_util,0.0,0.0,0.01,0.0,0.0,normal,normal,alta,17,historico dia_util,2.0
I21LA182611,3,,dia_util,0.0,0.0,0.01,0.0,0.0,normal,normal,alta,17,historico dia_util,2.0
I21LA182611,4,,dia_util,0.0,0.0,0.01,0.0,0.0,normal,normal,alta,17,historico dia_util,2.0
I21LA182611,5,,dia_util,0.0,0.0,0.01,0.0,0.0,normal,normal,alta,17,historico dia_util,2.0
I21LA182611,6,,dia_util,0.0,0.0,0.01,0.0,0.0,normal,normal,alta,17,historico dia_util,2.0
I21LA182611,7,,dia_util,0.0,0.0,0.01,0.0,0.0,normal,normal,alta,17,historico dia_util,2.0
I21LA182611,8,,dia_util,0.0,0.0,0.01,0.0,0.0,normal,normal,alta,17,historico dia_util,2.0
I21LA182611,9,,dia_util,0.0,0.0,0.01,0.0,0.0,normal,normal,alta,17,historico dia_util,2.0
I21LA182611,10,,dia_util,0.0,0.0,0.01,0.0,0.0,normal,normal,alta,17,historico dia_util,2.0
I21LA182611,11,,dia_util,0.0,0.0,0.01,0.0,0.0,normal,normal,alta,17,historico dia_util,2.0
I21LA182611,12,,dia_util,0.0,0.0,0.01,0.0,0.0,normal,normal,alta,16,historico dia_util,2.0
I21LA182611,13,,dia_util,0.0,0.0,0.01,0.0,0.0,normal,normal,alta,16,historico dia_util,2.0
I21LA182611,14,,dia_util,0.0,0.0,0.01,0.0,0.0,normal,normal,alta,16,historico dia_util,2.0
I21LA182611,15,,dia_util,0.0,0.0,0.01,0.0,0.0,normal,normal,alta,16,historico dia_util,2.0
I21LA182611,16,,dia_util,0.0,0.0,0.01,0.0,0.0,normal,normal,alta,16,historico dia_util,2.0
I21LA182611,17,,dia_util,0.0,0.0,0.01,0.0,0.0,normal,normal,alta,16,historico dia_util,2.0
I21LA182611,18,,dia_util,0.0,0.0,0.01,0.0,0.0,normal,normal,alta,16,historico dia_util,2.0
I21LA182611,19,,dia_util,0.0,0.0,0.01,0.0,0.0,normal,normal,alta,16,historico dia_util,2.0
I21LA182611,20,,dia_util,0.0,0.0,0.01,0.0,0.0,normal,normal,alta,17,historico dia_util,2.0
I21LA182611,21,,dia_util,0.0,0.0,0.01,0.0,0.0,normal,normal,alta,17,historico dia_util,2.0
I21LA182611,22,,dia_util,0.0,0.0,0.01,0.0,0.0,normal,normal,alta,17,historico dia_util,2.0
I21LA182611,23,,dia_util,0.0,0.0,0.01,0.0,0.0,normal,normal,alta,17,historico dia_util,2.0
I21LA183439,0,,dia_util,0.035,0.0144,0.0129,1.6,1.6,normal,normal,alta,20,historico dia_util,2.0
I21LA183439,1,,dia_util,0.036,0.0143,0.0129,1.69,1.69,normal,normal,alta,20,historico dia_util,2.0
I21LA183439,2,,dia_util,0.036,0.0141,0.0128,1.71,1.71,normal,normal,alta,20,historico dia_util,2.0
I21LA183439,3,,dia_util,0.035,0.0142,0.0126,1.65,1.65,normal,normal,alta,20,historico dia_util,2.0
I21LA183439,4,,dia_util,0.036,0.0141,0.0129,1.69,1.69,normal,normal,alta,20,historico dia_util,2.0
I21LA183439,5,,dia_util,0.035,0.014,0.0127,1.65,1.65,normal,normal,alta,20,historico dia_util,2.0
I21LA183439,6,,dia_util,0.035,0.0141,0.0128,1.63,1.63,normal,normal,alta,20,historico dia_util,2.0
I21LA183439,7,,dia_util,0.036,0.0139,0.0127,1.74,1.74,normal,normal,alta,20,historico dia_util,2.0
I21LA183439,8,,dia_util,0.035,0.0142,0.0128,1.63,1.63,normal,normal,alta,20,historico dia_util,2.0
I21LA183439,9,,dia_util,0.036,0.021,0.0171,0.88,0.88,normal,normal,alta,20,historico dia_util,2.0
I21LA183439,10,,dia_util,0.037,0.0256,0.0175,0.65,0.65,normal,normal,alta,20,historico dia_util,2.0
I21LA183439,11,,dia_util,0.045,0.0362,0.0231,0.38,0.38,normal,normal,alta,20,historico dia_util,2.0
I21LA183439,12,,dia_util,0.062,0.0423,0.0246,0.8,0.8,normal,normal,alta,20,historico dia_util,2.0
I21LA183439,13,,dia_util,0.009,0.0588,0.1583,-0.31,-0.31,normal,normal,alta,20,historico dia_util,2.0
I21LA183439,14,,dia_util,0.053,0.0299,0.0184,1.26,1.26,normal,normal,alta,20,historico dia_util,2.0
I21LA183439,15,,dia_util,0.057,0.0237,0.0156,2.13,2.13,desvio,acima,alta,20,historico dia_util,2.0
I21LA183439,16,,dia_util,0.061,0.0255,0.0148,2.4,2.4,desvio,acima,alta,20,historico dia_util,2.0
I21LA183439,17,,dia_util,0.063,0.0256,0.016,2.33,2.33,desvio,acima,alta,20,historico dia_util,2.0
I21LA183439,18,,dia_util,0.058,0.0167,0.0137,3.01,3.01,desvio,acima,alta,20,historico dia_util,2.0
I21LA183439,19,,dia_util,0.056,0.0166,0.0138,2.84,2.84,desvio,acima,alta,20,historico dia_util,2.0
I21LA183439,20,,dia_util,0.056,0.0164,0.0138,2.87,2.87,desvio,acima,alta,20,historico dia_util,2.0
I21LA183439,21,,dia_util,0.055,0.0164,0.0135,2.85,2.85,desvio,acima,alta,20,historico dia_util,2.0
I21LA183439,22,,dia_util,0.055,0.0163,0.0135,2.86,2.86,desvio,acima,alta,20,historico dia_util,2.0
I21LA183439,23,,dia_util,0.055,0.0161,0.0135,2.88,2.88,desvio,acima,alta,20,historico dia_util,2.0
I21LA184421,0,,dia_util,0.0,0.0,0.01,0.0,0.0,normal,normal,alta,18,historico dia_util,2.0
I21LA184421,1,,dia_util,0.0,0.0,0.01,0.0,0.0,normal,normal,alta,18,historico dia_util,2.0
I21LA184421,2,,dia_util,0.0,0.0,0.01,0.0,0.0,normal,normal,alta,18,historico dia_util,2.0
I21LA184421,3,,dia_util,0.0,0.0,0.01,0.0,0.0,normal,normal,alta,19,historico dia_util,2.0
I21LA184421,4,,dia_util,0.0,0.0,0.01,0.0,0.0,normal,normal,alta,19,historico dia_util,2.0
I21LA184421,5,,dia_util,0.0,0.0001,0.01,-0.01,-0.01,normal,normal,alta,19,historico dia_util,2.0
I21LA184421,6,,dia_util,0.0,0.0,0.01,0.0,0.0,normal,normal,alta,19,historico dia_util,2.0
I21LA184421,7,,dia_util,0.0,0.0003,0.01,-0.03,-0.03,normal,normal,alta,20,historico dia_util,2.0
I21LA184421,8,,dia_util,0.0,0.0011,0.01,-0.11,-0.11,normal,normal,alta,20,historico dia_util,2.0
I21LA184421,9,,dia_util,0.001,0.001,0.01,0.0,0.0,normal,normal,alta,20,historico dia_util,2.0
I21LA184421,10,,dia_util,0.002,0.0018,0.01,0.02,0.02,normal,normal,alta,20,historico dia_util,2.0
I21LA184421,11,,dia_util,0.004,0.0021,0.01,0.19,0.19,normal,normal,alta,20,historico dia_util,2.0
I21LA184421,12,,dia_util,0.001,0.0006,0.01,0.04,0.04,normal,normal,alta,20,historico dia_util,2.0
I21LA184421,13,,dia_util,0.0,0.0002,0.01,-0.02,-0.02,normal,normal,alta,20,historico dia_util,2.0
I21LA184421,14,,dia_util,0.0,0.0009,0.01,-0.09,-0.09,normal,normal,alta,20,historico dia_util,2.0
I21LA184421,15,,dia_util,0.0,0.0023,0.01,-0.23,-0.23,normal,normal,alta,19,historico dia_util,2.0
I21LA184421,16,,dia_util,0.0,0.0021,0.01,-0.21,-0.21,normal,normal,alta,19,historico dia_util,2.0
I21LA184421,17,,dia_util,0.001,0.0021,0.01,-0.11,-0.11,normal,normal,alta,19,historico dia_util,2.0
I21LA184421,18,,dia_util,0.0,0.0026,0.01,-0.26,-0.26,normal,normal,alta,19,historico dia_util,2.0
I21LA184421,19,,dia_util,0.001,0.0026,0.01,-0.16,-0.16,normal,normal,alta,19,historico dia_util,2.0
I21LA184421,20,,dia_util,0.001,0.0004,0.01,0.06,0.06,normal,normal,alta,19,historico dia_util,2.0
I21LA184421,21,,dia_util,0.0,0.0001,0.01,-0.01,-0.01,normal,normal,alta,19,historico dia_util,2.0
I21LA184421,22,,dia_util,0.0,0.0001,0.01,-0.01,-0.01,normal,normal,alta,19,historico dia_util,2.0
I21LA184421,23,,dia_util,0.0,0.0007,0.01,-0.07,-0.07,normal,normal,alta,18,historico dia_util,2.0
I21LA184424,0,,dia_util,0.0,0.0,0.01,0.0,0.0,normal,normal,alta,12,historico dia_util,2.0
I21LA184424,1,,dia_util,0.0,0.0,0.01,0.0,0.0,normal,normal,alta,12,historico dia_util,2.0
I21LA184424,2,,dia_util,0.0,0.0,0.01,0.0,0.0,normal,normal,alta,12,historico dia_util,2.0
I21LA184424,3,,dia_util,0.0,0.0,0.01,0.0,0.0,normal,normal,alta,12,historico dia_util,2.0
I21LA184424,4,,dia_util,0.0,0.0004,0.01,-0.04,-0.04,normal,normal,alta,18,historico dia_util,2.0
I21LA184424,5,,dia_util,0.0,0.0,0.01,0.0,0.0,normal,normal,alta,18,historico dia_util,2.0
I21LA184424,6,,dia_util,0.0,0.0,0.01,0.0,0.0,normal,normal,alta,18,historico dia_util,2.0
I21LA184424,7,,dia_util,0.0,0.0,0.01,0.0,0.0,normal,normal,alta,18,historico dia_util,2.0
I21LA184424,8,,dia_util,0.0,0.0,0.01,0.0,0.0,normal,normal,alta,18,historico dia_util,2.0
I21LA184424,9,,dia_util,0.0,0.0,0.01,0.0,0.0,normal,normal,alta,18,historico dia_util,2.0
I21LA184424,10,,dia_util,0.0,0.0004,0.01,-0.04,-0.04,normal,normal,alta,18,historico dia_util,2.0
I21LA184424,11,,dia_util,0.0,0.0,0.01,0.0,0.0,normal,normal,alta,18,historico dia_util,2.0
I21LA184424,12,,dia_util,0.0,0.0005,0.01,-0.05,-0.05,normal,normal,alta,16,historico dia_util,2.0
I21LA184424,13,,dia_util,0.0,0.0009,0.01,-0.09,-0.09,normal,normal,alta,16,historico dia_util,2.0
I21LA184424,14,,dia_util,0.0,0.0,0.01,0.0,0.0,normal,normal,alta,16,historico dia_util,2.0
I21LA184424,15,,dia_util,0.007,0.001,0.01,0.6,0.6,normal,normal,alta,16,historico dia_util,2.0
I21LA184424,20,,dia_util,0.0,0.0,0.01,0.0,0.0,normal,normal,alta,15,historico dia_util,2.0
I21LA184424,21,,dia_util,0.0,0.0,0.01,0.0,0.0,normal,normal,alta,15,historico dia_util,2.0
I21LA184424,22,,dia_util,0.0,0.0,0.01,0.0,0.0,normal,normal,alta,15,historico dia_util,2.0
I21LA184424,23,,dia_util,0.0,0.0,0.01,0.0,0.0,normal,normal,alta,15,historico dia_util,2.0
I21LA184504,0,,dia_util,0.0,0.0,0.01,0.0,0.0,normal,normal,alta,20,historico dia_util,2.0
I21LA184504,1,,dia_util,0.0,0.0,0.01,0.0,0.0,normal,normal,alta,20,historico dia_util,2.0
I21LA184504,2,,dia_util,0.0,0.0,0.01,0.0,0.0,normal,normal,alta,20,historico dia_util,2.0
I21LA184504,3,,dia_util,0.0,0.0,0.01,0.0,0.0,normal,normal,alta,20,historico dia_util,2.0
I21LA184504,4,,dia_util,0.0,0.0,0.01,0.0,0.0,normal,normal,alta,20,historico dia_util,2.0
I21LA184504,9,,dia_util,0.0,0.0,0.01,0.0,0.0,normal,normal,alta,19,historico dia_util,2.0
I21LA184504,10,,dia_util,0.0,0.0008,0.01,-0.08,-0.08,normal,normal,alta,19,historico dia_util,2.0
I21LA184504,11,,dia_util,0.0,0.0004,0.01,-0.04,-0.04,normal,normal,alta,19,historico dia_util,2.0
I21LA184504,12,,dia_util,0.0,0.0,0.01,0.0,0.0,normal,normal,alta,19,historico dia_util,2.0
I21LA184504,13,,dia_util,0.0,0.0015,0.01,-0.15,-0.15,normal,normal,alta,20,historico dia_util,2.0
I21LA184504,14,,dia_util,0.0,0.0007,0.01,-0.07,-0.07,normal,normal,alta,20,historico dia_util,2.0
I21LA184504,15,,dia_util,0.0,0.0018,0.01,-0.18,-0.18,normal,normal,alta,20,historico dia_util,2.0
I21LA184504,16,,dia_util,0.008,0.0001,0.01,0.8,0.8,normal,normal,alta,20,historico dia_util,2.0
I21LA184504,17,,dia_util,0.0,0.0,0.01,0.0,0.0,normal,normal,alta,20,historico dia_util,2.0
I21LA184504,18,,dia_util,0.0,0.0001,0.01,-0.01,-0.01,normal,normal,alta,20,historico dia_util,2.0
I21LA184504,19,,dia_util,0.0,0.0001,0.01,-0.01,-0.01,normal,normal,alta,20,historico dia_util,2.0
I21LA184504,20,,dia_util,0.0,0.0,0.01,0.0,0.0,normal,normal,alta,20,historico dia_util,2.0
I21LA184504,21,,dia_util,0.0,0.0,0.01,0.0,0.0,normal,normal,alta,20,historico dia_util,2.0
I21LA184504,22,,dia_util,0.0,0.0,0.01,0.0,0.0,normal,normal,alta,20,historico dia_util,2.0
I21LA184504,23,,dia_util,0.0,0.0,0.01,0.0,0.0,normal,normal,alta,20,historico dia_util,2.0
I21LA184517,0,,dia_util,0.0,0.0,0.01,0.0,0.0,normal,normal,alta,20,historico dia_util,2.0
I21LA184517,1,,dia_util,0.0,0.0,0.01,0.0,0.0,normal,normal,alta,20,historico dia_util,2.0
I21LA184517,2,,dia_util,0.0,0.0,0.01,0.0,0.0,normal,normal,alta,20,historico dia_util,2.0
I21LA184517,3,,dia_util,0.0,0.0,0.01,0.0,0.0,normal,normal,alta,20,historico dia_util,2.0
I21LA184517,4,,dia_util,0.0,0.0,0.01,0.0,0.0,normal,normal,alta,20,historico dia_util,2.0
I21LA184517,5,,dia_util,0.0,0.0,0.01,0.0,0.0,normal,normal,alta,20,historico dia_util,2.0
I21LA184517,6,,dia_util,0.0,0.0,0.01,0.0,0.0,normal,normal,alta,20,historico dia_util,2.0
I21LA184517,7,,dia_util,0.0,0.0,0.01,0.0,0.0,normal,normal,alta,20,historico dia_util,2.0
I21LA184517,8,,dia_util,0.0,0.0,0.01,0.0,0.0,normal,normal,alta,16,historico dia_util,2.0
I21LA184517,9,,dia_util,0.0,0.0,0.01,0.0,0.0,normal,normal,alta,16,historico dia_util,2.0
I21LA184517,10,,dia_util,0.0,0.0,0.01,0.0,0.0,normal,normal,alta,16,historico dia_util,2.0
I21LA184517,11,,dia_util,0.0,0.0,0.01,0.0,0.0,normal,normal,alta,16,historico dia_util,2.0
I21LA184517,12,,dia_util,0.0,0.0,0.01,0.0,0.0,normal,normal,alta,20,historico dia_util,2.0
I21LA184517,13,,dia_util,0.0,0.0,0.01,0.0,0.0,normal,normal,alta,20,historico dia_util,2.0
I21LA184517,14,,dia_util,0.0,0.0,0.01,0.0,0.0,normal,normal,alta,20,historico dia_util,2.0
I21LA184517,15,,dia_util,0.0,0.0,0.01,0.0,0.0,normal,normal,alta,20,historico dia_util,2.0
I21LA184517,16,,dia_util,0.0,0.0,0.01,0.0,0.0,normal,normal,alta,20,historico dia_util,2.0
I21LA184517,17,,dia_util,0.0,0.0,0.01,0.0,0.0,normal,normal,alta,20,historico dia_util,2.0
I21LA184517,18,,dia_util,0.0,0.0,0.01,0.0,0.0,normal,normal,alta,20,historico dia_util,2.0
I21LA184517,19,,dia_util,0.0,0.0,0.01,0.0,0.0,normal,normal,alta,20,historico dia_util,2.0
I21LA184517,20,,dia_util,0.0,0.0,0.01,0.0,0.0,normal,normal,alta,19,historico dia_util,2.0
I21LA184517,21,,dia_util,0.0,0.0,0.01,0.0,0.0,normal,normal,alta,19,historico dia_util,2.0
I21LA184517,22,,dia_util,0.0,0.0,0.01,0.0,0.0,normal,normal,alta,19,historico dia_util,2.0
I21LA184517,23,,dia_util,0.0,0.0,0.01,0.0,0.0,normal,normal,alta,19,historico dia_util,2.0
I21LA185911,0,,dia_util,0.0,0.0,0.01,0.0,0.0,normal,normal,alta,16,historico dia_util,2.0
I21LA185911,1,,dia_util,0.0,0.0,0.01,0.0,0.0,normal,normal,alta,16,historico dia_util,2.0
I21LA185911,2,,dia_util,0.0,0.0,0.01,0.0,0.0,normal,normal,alta,16,historico dia_util,2.0
I21LA185911,3,,dia_util,0.0,0.0,0.01,0.0,0.0,normal,normal,alta,16,historico dia_util,2.0
I21LA185911,4,,dia_util,0.0,0.0,0.01,0.0,0.0,normal,normal,alta,18,historico dia_util,2.0
I21LA185911,5,,dia_util,0.0,0.0,0.01,0.0,0.0,normal,normal,alta,18,historico dia_util,2.0
I21LA185911,6,,dia_util,0.0,0.0,0.01,0.0,0.0,normal,normal,alta,18,historico dia_util,2.0
I21LA185911,7,,dia_util,0.0,0.0,0.01,0.0,0.0,normal,normal,alta,18,historico dia_util,2.0
I21LA185911,8,,dia_util,0.0,0.0,0.01,0.0,0.0,normal,normal,alta,19,historico dia_util,2.0
I21LA185911,9,,dia_util,0.0,0.0,0.01,0.0,0.0,normal,normal,alta,19,historico dia_util,2.0
I21LA185911,10,,dia_util,0.0,0.0,0.01,0.0,0.0,normal,normal,alta,19,historico dia_util,2.0
I21LA185911,11,,dia_util,0.0,0.0005,0.01,-0.05,-0.05,normal,normal,alta,19,historico dia_util,2.0
I21LA185911,16,,dia_util,0.0,0.0,0.01,0.0,0.0,normal,normal,alta,20,historico dia_util,2.0
I21LA185911,17,,dia_util,0.0,0.0,0.01,0.0,0.0,normal,normal,alta,20,historico dia_util,2.0
I21LA185911,18,,dia_util,0.0,0.0,0.01,0.0,0.0,normal,normal,alta,20,historico dia_util,2.0
I21LA185911,19,,dia_util,0.0,0.0,0.01,0.0,0.0,normal,normal,alta,20,historico dia_util,2.0
I21LA185911,20,,dia_util,0.0,0.0,0.01,0.0,0.0,normal,normal,alta,14,historico dia_util,2.0
I21LA185911,21,,dia_util,0.0,0.0,0.01,0.0,0.0,normal,normal,alta,14,historico dia_util,2.0
I21LA185911,22,,dia_util,0.0,0.0,0.01,0.0,0.0,normal,normal,alta,14,historico dia_util,2.0
I21LA185911,23,,dia_util,0.0,0.0,0.01,0.0,0.0,normal,normal,alta,14,historico dia_util,2.0
I21LA186120,0,,dia_util,0.092,0.088,0.022,0.18,0.18,normal,normal,alta,20,historico dia_util,2.0
I21LA186120,1,,dia_util,0.093,0.088,0.022,0.23,0.23,normal,normal,alta,20,historico dia_util,2.0
I21LA186120,2,,dia_util,0.091,0.0875,0.0219,0.16,0.16,normal,normal,alta,20,historico dia_util,2.0
I21LA186120,3,,dia_util,0.092,0.0875,0.0219,0.2,0.2,normal,normal,alta,20,historico dia_util,2.0
I21LA186120,4,,dia_util,0.091,0.0873,0.0218,0.17,0.17,normal,normal,alta,20,historico dia_util,2.0
I21LA186120,5,,dia_util,0.091,0.0872,0.0218,0.18,0.18,normal,normal,alta,20,historico dia_util,2.0
I21LA186120,6,,dia_util,0.091,0.0869,0.0217,0.19,0.19,normal,normal,alta,20,historico dia_util,2.0
I21LA186120,7,,dia_util,0.091,0.0869,0.0217,0.19,0.19,normal,normal,alta,20,historico dia_util,2.0
I21LA186120,8,,dia_util,0.133,0.098,0.0245,1.43,1.43,normal,normal,alta,20,historico dia_util,2.0
I21LA186120,9,,dia_util,0.155,0.3288,0.2395,-0.73,-0.73,normal,normal,alta,20,historico dia_util,2.0
I21LA186120,10,,dia_util,0.135,0.2681,0.2047,-0.65,-0.65,normal,normal,alta,20,historico dia_util,2.0
I21LA186120,11,,dia_util,0.187,0.2391,0.1441,-0.36,-0.36,normal,normal,alta,20,historico dia_util,2.0
I21LA186120,12,,dia_util,0.61,0.1328,0.0668,7.14,7.14,desvio,acima,alta,20,historico dia_util,2.0
I21LA186120,13,,dia_util,0.4,0.137,0.0621,4.23,4.23,desvio,acima,alta,20,historico dia_util,2.0
I21LA186120,14,,dia_util,0.303,0.2141,0.2265,0.39,0.39,normal,normal,alta,20,historico dia_util,2.0
I21LA186120,15,,dia_util,0.167,0.1582,0.0751,0.12,0.12,normal,normal,alta,20,historico dia_util,2.0
I21LA186120,16,,dia_util,0.42,0.2054,0.0651,3.3,3.3,desvio,acima,alta,20,historico dia_util,2.0
I21LA186120,17,,dia_util,0.15,0.1232,0.0308,0.87,0.87,normal,normal,alta,20,historico dia_util,2.0
I21LA186120,18,,dia_util,0.09,0.1,0.025,-0.4,-0.4,normal,normal,alta,20,historico dia_util,2.0
I21LA186120,19,,dia_util,0.09,0.0932,0.0233,-0.14,-0.14,normal,normal,alta,20,historico dia_util,2.0
I21LA186120,20,,dia_util,0.089,0.0904,0.0226,-0.06,-0.06,normal,normal,alta,20,historico dia_util,2.0
I21LA186120,21,,dia_util,0.089,0.0876,0.0219,0.06,0.06,normal,normal,alta,20,historico dia_util,2.0
I21LA186120,22,,dia_util,0.091,0.0876,0.0219,0.16,0.16,normal,normal,alta,20,historico dia_util,2.0
I21LA186120,23,,dia_util,0.091,0.0876,0.0219,0.15,0.15,normal,normal,alta,20,historico dia_util,2.0
I21LA186299,0,,dia_util,0.0,0.0,0.01,0.0,0.0,normal,normal,alta,19,historico dia_util,2.0
I21LA186299,1,,dia_util,0.0,0.0,0.01,0.0,0.0,normal,normal,alta,19,historico dia_util,2.0
I21LA186299,2,,dia_util,0.0,0.0,0.01,0.0,0.0,normal,normal,alta,19,historico dia_util,2.0
I21LA186299,3,,dia_util,0.0,0.0,0.01,0.0,0.0,normal,normal,alta,19,historico dia_util,2.0
I21LA186299,4,,dia_util,0.0,0.0,0.01,0.0,0.0,normal,normal,alta,18,historico dia_util,2.0
I21LA186299,5,,dia_util,0.0,0.0,0.01,0.0,0.0,normal,normal,alta,18,historico dia_util,2.0
I21LA186299,6,,dia_util,0.0,0.0,0.01,0.0,0.0,normal,normal,alta,18,historico dia_util,2.0
I21LA186299,7,,dia_util,0.0,0.0,0.01,0.0,0.0,normal,normal,alta,18,historico dia_util,2.0
I21LA186299,8,,dia_util,0.0,0.0,0.01,0.0,0.0,normal,normal,alta,15,historico dia_util,2.0
I21LA186299,9,,dia_util,0.0,0.0,0.01,0.0,0.0,normal,normal,alta,15,historico dia_util,2.0
I21LA186299,10,,dia_util,0.0,0.0,0.01,0.0,0.0,normal,normal,alta,15,historico dia_util,2.0
I21LA186299,11,,dia_util,0.0,0.0,0.01,0.0,0.0,normal,normal,alta,15,historico dia_util,2.0
I21LA186299,12,,dia_util,0.0,0.0,0.01,0.0,0.0,normal,normal,alta,17,historico dia_util,2.0
I21LA186299,13,,dia_util,0.0,0.0,0.01,0.0,0.0,normal,normal,alta,17,historico dia_util,2.0
I21LA186299,14,,dia_util,0.0,0.0,0.01,0.0,0.0,normal,normal,alta,17,historico dia_util,2.0
I21LA186299,15,,dia_util,0.0,0.0,0.01,0.0,0.0,normal,normal,alta,17,historico dia_util,2.0
I21LA186299,16,,dia_util,0.0,0.0,0.01,0.0,0.0,normal,normal,alta,19,historico dia_util,2.0
I21LA186299,17,,dia_util,0.0,0.0,0.01,0.0,0.0,normal,normal,alta,19,historico dia_util,2.0
I21LA186299,18,,dia_util,0.0,0.0,0.01,0.0,0.0,normal,normal,alta,19,historico dia_util,2.0
I21LA186299,19,,dia_util,0.0,0.0,0.01,0.0,0.0,normal,normal,alta,19,historico dia_util,2.0
I21LA186299,20,,dia_util,0.0,0.0,0.01,0.0,0.0,normal,normal,alta,17,historico dia_util,2.0
I21LA186299,21,,dia_util,0.0,0.0,0.01,0.0,0.0,normal,normal,alta,17,historico dia_util,2.0
I21LA186299,22,,dia_util,0.0,0.0,0.01,0.0,0.0,normal,normal,alta,17,historico dia_util,2.0
I21LA186299,23,,dia_util,0.0,0.0,0.01,0.0,0.0,normal,normal,alta,17,historico dia_util,2.0
I21LA186317,0,,dia_util,0.0,0.0,0.01,0.0,0.0,normal,normal,alta,20,historico dia_util,2.0
I21LA186317,1,,dia_util,0.0,0.0,0.01,0.0,0.0,normal,normal,alta,20,historico dia_util,2.0
I21LA186317,2,,dia_util,0.0,0.0,0.01,0.0,0.0,normal,normal,alta,20,historico dia_util,2.0
I21LA186317,3,,dia_util,0.0,0.0,0.01,0.0,0.0,normal,normal,alta,20,historico dia_util,2.0
I21LA186317,4,,dia_util,0.0,0.0,0.01,0.0,0.0,normal,normal,alta,18,historico dia_util,2.0
I21LA186317,5,,dia_util,0.0,0.0,0.01,0.0,0.0,normal,normal,alta,18,historico dia_util,2.0
I21LA186317,6,,dia_util,0.0,0.0,0.01,0.0,0.0,normal,normal,alta,18,historico dia_util,2.0
I21LA186317,7,,dia_util,0.0,0.0,0.01,0.0,0.0,normal,normal,alta,18,historico dia_util,2.0
I21LA186317,8,,dia_util,0.0,0.0007,0.01,-0.07,-0.07,normal,normal,alta,20,historico dia_util,2.0
I21LA186317,9,,dia_util,0.004,0.0149,0.0218,-0.5,-0.5,normal,normal,alta,20,historico dia_util,2.0
I21LA186317,10,,dia_util,0.001,0.0152,0.0167,-0.85,-0.85,normal,normal,alta,20,historico dia_util,2.0
I21LA186317,11,,dia_util,0.038,0.0191,0.0188,1.01,1.01,normal,normal,alta,20,historico dia_util,2.0
I21LA186317,12,,dia_util,0.0,0.002,0.01,-0.2,-0.2,normal,normal,alta,17,historico dia_util,2.0
I21LA186317,13,,dia_util,0.0,0.0009,0.01,-0.09,-0.09,normal,normal,alta,17,historico dia_util,2.0
I21LA186317,14,,dia_util,0.0,0.0072,0.0119,-0.61,-0.61,normal,normal,alta,17,historico dia_util,2.0
I21LA186317,15,,dia_util,0.0,0.0091,0.0119,-0.76,-0.76,normal,normal,alta,17,historico dia_util,2.0
I21LA186317,16,,dia_util,0.0,0.0132,0.013,-1.01,-1.01,normal,normal,alta,20,historico dia_util,2.0
I21LA186317,17,,dia_util,0.0,0.0147,0.0144,-1.02,-1.02,normal,normal,alta,20,historico dia_util,2.0
I21LA186317,18,,dia_util,0.012,0.0174,0.0226,-0.24,-0.24,normal,normal,alta,20,historico dia_util,2.0
I21LA186317,19,,dia_util,0.032,0.0187,0.0247,0.54,0.54,normal,normal,alta,20,historico dia_util,2.0
I21LA186317,20,,dia_util,0.0,0.0012,0.01,-0.12,-0.12,normal,normal,alta,19,historico dia_util,2.0
I21LA186317,21,,dia_util,0.0,0.0,0.01,0.0,0.0,normal,normal,alta,19,historico dia_util,2.0
I21LA186317,22,,dia_util,0.0,0.0,0.01,0.0,0.0,normal,normal,alta,19,historico dia_util,2.0
I21LA186317,23,,dia_util,0.0,0.0,0.01,0.0,0.0,normal,normal,alta,19,historico dia_util,2.0
I21LA190301,0,,dia_util,0.0,0.0,0.01,0.0,0.0,normal,normal,alta,17,historico dia_util,2.0
I21LA190301,1,,dia_util,0.0,0.0,0.01,0.0,0.0,normal,normal,alta,17,historico dia_util,2.0
I21LA190301,2,,dia_util,0.0,0.0,0.01,0.0,0.0,normal,normal,alta,17,historico dia_util,2.0
I21LA190301,3,,dia_util,0.0,0.0,0.01,0.0,0.0,normal,normal,alta,17,historico dia_util,2.0
I21LA190301,4,,dia_util,0.0,0.0,0.01,0.0,0.0,normal,normal,alta,17,historico dia_util,2.0
I21LA190301,5,,dia_util,0.0,0.0,0.01,0.0,0.0,normal,normal,alta,19,historico dia_util,2.0
I21LA190301,6,,dia_util,0.0,0.0,0.01,0.0,0.0,normal,normal,alta,19,historico dia_util,2.0
I21LA190301,7,,dia_util,0.0,0.0,0.01,0.0,0.0,normal,normal,alta,19,historico dia_util,2.0
I21LA190301,8,,dia_util,0.0,0.0,0.01,0.0,0.0,normal,normal,alta,19,historico dia_util,2.0
I21LA190301,14,,dia_util,0.0,0.0,0.01,0.0,0.0,normal,normal,alta,20,historico dia_util,2.0
I21LA190301,15,,dia_util,0.0,0.0,0.01,0.0,0.0,normal,normal,alta,20,historico dia_util,2.0
I21LA190301,16,,dia_util,0.0,0.0,0.01,0.0,0.0,normal,normal,alta,20,historico dia_util,2.0
I21LA190301,17,,dia_util,0.0,0.0,0.01,0.0,0.0,normal,normal,alta,15,historico dia_util,2.0
I21LA190301,18,,dia_util,0.0,0.0,0.01,0.0,0.0,normal,normal,alta,15,historico dia_util,2.0
I21LA190301,19,,dia_util,0.0,0.0,0.01,0.0,0.0,normal,normal,alta,15,historico dia_util,2.0
I21LA190301,20,,dia_util,0.0,0.0,0.01,0.0,0.0,normal,normal,alta,15,historico dia_util,2.0
I21LA190301,21,,dia_util,0.0,0.0,0.01,0.0,0.0,normal,normal,alta,16,historico dia_util,2.0
I21LA190301,22,,dia_util,0.0,0.0,0.01,0.0,0.0,normal,normal,alta,16,historico dia_util,2.0
I21LA190301,23,,dia_util,0.0,0.0,0.01,0.0,0.0,normal,normal,alta,16,historico dia_util,2.0
I21LA327835,0,,dia_util,0.0,0.0,0.01,0.0,0.0,normal,normal,alta,17,historico dia_util,2.0
I21LA327835,1,,dia_util,0.0,0.0004,0.01,-0.04,-0.04,normal,normal,alta,18,historico dia_util,2.0
I21LA327835,2,,dia_util,0.0,0.0,0.01,0.0,0.0,normal,normal,alta,18,historico dia_util,2.0
I21LA327835,3,,dia_util,0.0,0.0,0.01,0.0,0.0,normal,normal,alta,18,historico dia_util,2.0
I21LA327835,4,,dia_util,0.0,0.0,0.01,0.0,0.0,normal,normal,alta,18,historico dia_util,2.0
I21LA327835,5,,dia_util,0.0,0.0001,0.01,-0.01,-0.01,normal,normal,alta,18,historico dia_util,2.0
I21LA327835,6,,dia_util,0.0,0.0,0.01,0.0,0.0,normal,normal,alta,18,historico dia_util,2.0
I21LA327835,7,,dia_util,0.0,0.0007,0.01,-0.07,-0.07,normal,normal,alta,18,historico dia_util,2.0
I21LA327835,8,,dia_util,0.029,0.0064,0.01,2.26,2.26,desvio,acima,alta,18,historico dia_util,2.0
I21LA327835,9,,dia_util,0.006,0.0175,0.01,-1.15,-1.15,normal,normal,alta,11,historico dia_util,2.0
I21LA327835,10,,dia_util,0.0,0.0093,0.0117,-0.79,-0.79,normal,normal,alta,11,historico dia_util,2.0
I21LA327835,11,,dia_util,0.007,0.0109,0.0201,-0.19,-0.19,normal,normal,alta,11,historico dia_util,2.0
I21LA327835,12,,dia_util,0.0,0.001,0.01,-0.1,-0.1,normal,normal,alta,11,historico dia_util,2.0
I21LA327835,13,,dia_util,0.0,0.0219,0.0227,-0.97,-0.97,normal,normal,alta,14,historico dia_util,2.0
I21LA327835,14,,dia_util,0.0,0.0101,0.0332,-0.31,-0.31,normal,normal,alta,14,historico dia_util,2.0
I21LA327835,15,,dia_util,0.014,0.0019,0.01,1.21,1.21,normal,normal,alta,14,historico dia_util,2.0
I21LA327835,16,,dia_util,0.0,0.0044,0.01,-0.44,-0.44,normal,normal,alta,14,historico dia_util,2.0
I21LA327835,21,,dia_util,0.0,0.0056,0.0162,-0.35,-0.35,normal,normal,alta,17,historico dia_util,2.0
I21LA327835,22,,dia_util,0.0,0.0,0.01,0.0,0.0,normal,normal,alta,17,historico dia_util,2.0
I21LA327835,23,,dia_util,0.0,0.0,0.01,0.0,0.0,normal,normal,alta,17,historico dia_util,2.0
I21LA327883,0,,dia_util,0.0,0.0002,0.01,-0.02,-0.02,normal,normal,alta,13,historico dia_util,2.0
I21LA327883,1,,dia_util,0.0,0.0001,0.01,-0.01,-0.01,normal,normal,alta,15,historico dia_util,2.0
I21LA327883,2,,dia_util,0.0,0.0,0.01,0.0,0.0,normal,normal,alta,15,historico dia_util,2.0
I21LA327883,3,,dia_util,0.0,0.0,0.01,0.0,0.0,normal,normal,alta,15,historico dia_util,2.0
I21LA327883,4,,dia_util,0.0,0.0024,0.01,-0.24,-0.24,normal,normal,alta,17,historico dia_util,2.0
I21LA327883,5,,dia_util,0.0,0.0,0.01,0.0,0.0,normal,normal,alta,17,historico dia_util,2.0
I21LA327883,6,,dia_util,0.0,0.0001,0.01,-0.01,-0.01,normal,normal,alta,17,historico dia_util,2.0
I21LA327883,7,,dia_util,0.0,0.0001,0.01,-0.01,-0.01,normal,normal,alta,17,historico dia_util,2.0
I21LA327883,8,,dia_util,0.0,0.0,0.01,0.0,0.0,normal,normal,alta,12,historico dia_util,2.0
I21LA327883,9,,dia_util,0.0,0.0004,0.01,-0.04,-0.04,normal,normal,alta,12,historico dia_util,2.0
I21LA327883,10,,dia_util,0.0,0.0001,0.01,-0.01,-0.01,normal,normal,alta,12,historico dia_util,2.0
I21LA327883,11,,dia_util,0.005,0.0001,0.01,0.49,0.49,normal,normal,alta,12,historico dia_util,2.0
I21LA327883,16,,dia_util,0.002,0.0011,0.01,0.09,0.09,normal,normal,alta,15,historico dia_util,2.0
I21LA327883,17,,dia_util,0.0,0.0025,0.01,-0.25,-0.25,normal,normal,alta,15,historico dia_util,2.0
I21LA327883,18,,dia_util,0.006,0.0031,0.01,0.29,0.29,normal,normal,alta,15,historico dia_util,2.0
I21LA327883,19,,dia_util,0.0,0.0005,0.01,-0.05,-0.05,normal,normal,alta,15,historico dia_util,2.0
I21LA327883,20,,dia_util,0.0,0.0013,0.01,-0.13,-0.13,normal,normal,alta,15,historico dia_util,2.0
I21LA327883,21,,dia_util,0.0,0.0019,0.01,-0.19,-0.19,normal,normal,alta,15,historico dia_util,2.0
I21LA327883,22,,dia_util,0.005,0.0005,0.01,0.45,0.45,normal,normal,alta,15,historico dia_util,2.0
I21LA327883,23,,dia_util,0.0,0.0001,0.01,-0.01,-0.01,normal,normal,alta,15,historico dia_util,2.0
I21LA327884,0,,dia_util,0.0,0.0,0.01,0.0,0.0,normal,normal,alta,20,historico dia_util,2.0
I21LA327884,1,,dia_util,0.0,0.0,0.01,0.0,0.0,normal,normal,alta,20,historico dia_util,2.0
I21LA327884,2,,dia_util,0.0,0.0,0.01,0.0,0.0,normal,normal,alta,20,historico dia_util,2.0
I21LA327884,3,,dia_util,0.0,0.0,0.01,0.0,0.0,normal,normal,alta,20,historico dia_util,2.0
I21LA327884,4,,dia_util,0.0,0.0,0.01,0.0,0.0,normal,normal,alta,17,historico dia_util,2.0
I21LA327884,5,,dia_util,0.0,0.0,0.01,0.0,0.0,normal,normal,alta,18,historico dia_util,2.0
I21LA327884,6,,dia_util,0.0,0.0002,0.01,-0.02,-0.02,normal,normal,alta,18,historico dia_util,2.0
I21LA327884,7,,dia_util,0.0,0.0,0.01,0.0,0.0,normal,normal,alta,18,historico dia_util,2.0
I21LA327884,8,,dia_util,0.0,0.0001,0.01,-0.01,-0.01,normal,normal,alta,19,historico dia_util,2.0
I21LA327884,9,,dia_util,0.0,0.0001,0.01,-0.01,-0.01,normal,normal,alta,19,historico dia_util,2.0
I21LA327884,10,,dia_util,0.0,0.0001,0.01,-0.01,-0.01,normal,normal,alta,19,historico dia_util,2.0
I21LA327884,11,,dia_util,0.0,0.0001,0.01,-0.01,-0.01,normal,normal,alta,19,historico dia_util,2.0
I21LA327884,12,,dia_util,0.0,0.0001,0.01,-0.01,-0.01,normal,normal,alta,20,historico dia_util,2.0
I21LA327884,13,,dia_util,0.0,0.0002,0.01,-0.02,-0.02,normal,normal,alta,20,historico dia_util,2.0
I21LA327884,14,,dia_util,0.001,0.0004,0.01,0.06,0.06,normal,normal,alta,20,historico dia_util,2.0
I21LA327884,15,,dia_util,0.003,0.0008,0.01,0.22,0.22,normal,normal,alta,20,historico dia_util,2.0
I21LA327884,16,,dia_util,0.0,0.0003,0.01,-0.03,-0.03,normal,normal,alta,20,historico dia_util,2.0
I21LA327884,17,,dia_util,0.0,0.0005,0.01,-0.05,-0.05,normal,normal,alta,20,historico dia_util,2.0
I21LA327884,18,,dia_util,0.0,0.0005,0.01,-0.05,-0.05,normal,normal,alta,20,historico dia_util,2.0
I21LA327884,19,,dia_util,0.0,0.0004,0.01,-0.04,-0.04,normal,normal,alta,20,historico dia_util,2.0
I21LA327884,20,,dia_util,0.0,0.0006,0.01,-0.07,-0.07,normal,normal,alta,20,historico dia_util,2.0
I21LA327884,21,,dia_util,0.0,0.0002,0.01,-0.02,-0.02,normal,normal,alta,20,historico dia_util,2.0
I21LA327884,22,,dia_util,0.0,0.0,0.01,0.0,0.0,normal,normal,alta,20,historico dia_util,2.0
I21LA327884,23,,dia_util,0.0,0.0,0.01,0.0,0.0,normal,normal,alta,20,historico dia_util,2.0
I21LA389336,0,,dia_util,0.0,0.0,0.01,0.0,0.0,normal,normal,alta,17,historico dia_util,2.0
I21LA389336,1,,dia_util,0.0,0.0,0.01,0.0,0.0,normal,normal,alta,19,historico dia_util,2.0
I21LA389336,2,,dia_util,0.0,0.0,0.01,0.0,0.0,normal,normal,alta,19,historico dia_util,2.0
I21LA389336,3,,dia_util,0.0,0.0,0.01,0.0,0.0,normal,normal,alta,19,historico dia_util,2.0
I21LA389336,4,,dia_util,0.0,0.0,0.01,0.0,0.0,normal,normal,alta,19,historico dia_util,2.0
I21LA389336,5,,dia_util,0.0,0.0,0.01,0.0,0.0,normal,normal,alta,19,historico dia_util,2.0
I21LA389336,6,,dia_util,0.0,0.0,0.01,0.0,0.0,normal,normal,alta,19,historico dia_util,2.0
I21LA389336,7,,dia_util,0.0,0.0,0.01,0.0,0.0,normal,normal,alta,19,historico dia_util,2.0
I21LA389336,8,,dia_util,0.0,0.0,0.01,0.0,0.0,normal,normal,alta,19,historico dia_util,2.0
I21LA389336,9,,dia_util,0.0,0.0,0.01,0.0,0.0,normal,normal,alta,20,historico dia_util,2.0
I21LA389336,10,,dia_util,0.0,0.0,0.01,0.0,0.0,normal,normal,alta,20,historico dia_util,2.0
I21LA389336,11,,dia_util,0.0,0.0,0.01,0.0,0.0,normal,normal,alta,20,historico dia_util,2.0
I21LA389336,12,,dia_util,0.0,0.0,0.01,0.0,0.0,normal,normal,alta,20,historico dia_util,2.0
I21LA389336,13,,dia_util,0.0,0.0,0.01,0.0,0.0,normal,normal,alta,18,historico dia_util,2.0
I21LA389336,14,,dia_util,0.0,0.0,0.01,0.0,0.0,normal,normal,alta,18,historico dia_util,2.0
I21LA389336,15,,dia_util,0.0,0.0028,0.012,-0.24,-0.24,normal,normal,alta,18,historico dia_util,2.0
I21LA389336,16,,dia_util,0.0,0.0732,0.1453,-0.5,-0.5,normal,normal,alta,18,historico dia_util,2.0
I21LA389336,17,,dia_util,0.0,0.0696,0.1451,-0.48,-0.48,normal,normal,alta,19,historico dia_util,2.0
I21LA389336,18,,dia_util,0.0,0.006,0.0262,-0.23,-0.23,normal,normal,alta,19,historico dia_util,2.0
I21LA389336,19,,dia_util,0.0,0.0009,0.01,-0.09,-0.09,normal,normal,alta,19,historico dia_util,2.0
I21LA389336,20,,dia_util,0.0,0.0,0.01,0.0,0.0,normal,normal,alta,19,historico dia_util,2.0
I21LA389336,21,,dia_util,0.0,0.0,0.01,0.0,0.0,normal,normal,alta,17,historico dia_util,2.0
I21LA389336,22,,dia_util,0.0,0.0,0.01,0.0,0.0,normal,normal,alta,17,historico dia_util,2.0
I21LA389336,23,,dia_util,0.0,0.0,0.01,0.0,0.0,normal,normal,alta,17,historico dia_util,2.0
I21MF951608T,0,,dia_util,0.0,0.0,0.01,0.0,0.0,normal,normal,alta,20,historico dia_util,2.0
I21MF951608T,1,,dia_util,0.0,0.0,0.01,0.0,0.0,normal,normal,alta,20,historico dia_util,2.0
I21MF951608T,2,,dia_util,0.0,0.0,0.01,0.0,0.0,normal,normal,alta,20,historico dia_util,2.0
I21MF951608T,3,,dia_util,0.0,0.0,0.01,0.0,0.0,normal,normal,alta,18,historico dia_util,2.0
I21MF951608T,4,,dia_util,0.0,0.0,0.01,0.0,0.0,normal,normal,alta,18,historico dia_util,2.0
I21MF951608T,5,,dia_util,0.0,0.0,0.01,0.0,0.0,normal,normal,alta,18,historico dia_util,2.0
I21MF951608T,6,,dia_util,0.0,0.0,0.01,0.0,0.0,normal,normal,alta,18,historico dia_util,2.0
I21MF951608T,11,,dia_util,0.0,0.0,0.01,0.0,0.0,normal,normal,alta,17,historico dia_util,2.0
I21MF951608T,12,,dia_util,0.0,0.0,0.01,0.0,0.0,normal,normal,alta,17,historico dia_util,2.0
I21MF951608T,13,,dia_util,0.0,0.0,0.01,0.0,0.0,normal,normal,alta,17,historico dia_util,2.0
I21MF951608T,14,,dia_util,0.0,0.0,0.01,0.0,0.0,normal,normal,alta,17,historico dia_util,2.0
I21MF951608T,15,,dia_util,0.0,0.0,0.01,0.0,0.0,normal,normal,alta,20,historico dia_util,2.0
I21MF951608T,16,,dia_util,0.0,0.0,0.01,0.0,0.0,normal,normal,alta,20,historico dia_util,2.0
I21MF951608T,17,,dia_util,0.0,0.0,0.01,0.0,0.0,normal,normal,alta,20,historico dia_util,2.0
I21MF951608T,18,,dia_util,0.0,0.0,0.01,0.0,0.0,normal,normal,alta,20,historico dia_util,2.0
I21MF951608T,19,,dia_util,0.0,0.0,0.01,0.0,0.0,normal,normal,alta,20,historico dia_util,2.0
I21MF951608T,20,,dia_util,0.0,0.0,0.01,0.0,0.0,normal,normal,alta,20,historico dia_util,2.0
I21MF951608T,21,,dia_util,0.0,0.0,0.01,0.0,0.0,normal,normal,alta,20,historico dia_util,2.0
I21MF951608T,22,,dia_util,0.0,0.0,0.01,0.0,0.0,normal,normal,alta,20,historico dia_util,2.0
I21MF951608T,23,,dia_util,0.0,0.0,0.01,0.0,0.0,normal,normal,alta,20,historico dia_util,2.0
I22JC014373Z,1,,dia_util,0.941,0.0768,0.1162,7.44,7.44,desvio,acima,alta,12,historico dia_util,2.0
I22JC014373Z,2,,dia_util,0.006,0.0035,0.01,0.25,0.25,normal,normal,alta,12,historico dia_util,2.0
I22JC014373Z,3,,dia_util,0.007,0.0038,0.01,0.32,0.32,normal,normal,alta,12,historico dia_util,2.0
I22JC014373Z,4,,dia_util,0.006,0.005,0.01,0.1,0.1,normal,normal,alta,12,historico dia_util,2.0
I22JC014382A,0,,dia_util,0.0,0.0,0.01,0.0,0.0,normal,normal,alta,20,historico dia_util,2.0
I22JC014382A,1,,dia_util,0.0,0.0,0.01,0.0,0.0,normal,normal,alta,20,historico dia_util,2.0
I22JC014382A,2,,dia_util,0.0,0.0,0.01,0.0,0.0,normal,normal,alta,20,historico dia_util,2.0
I22JC014382A,3,,dia_util,0.0,0.0,0.01,0.0,0.0,normal,normal,alta,20,historico dia_util,2.0
I22JC014382A,4,,dia_util,0.0,0.0,0.01,0.0,0.0,normal,normal,alta,20,historico dia_util,2.0
I22JC014382A,5,,dia_util,0.0,0.0001,0.01,-0.01,-0.01,normal,normal,alta,20,historico dia_util,2.0
I22JC014382A,6,,dia_util,0.0,0.0001,0.01,-0.01,-0.01,normal,normal,alta,20,historico dia_util,2.0
I22JC014382A,7,,dia_util,0.0,0.0002,0.01,-0.02,-0.02,normal,normal,alta,20,historico dia_util,2.0
I22JC014382A,8,,dia_util,0.0,0.0007,0.01,-0.07,-0.07,normal,normal,alta,20,historico dia_util,2.0
I22JC014382A,9,,dia_util,0.0,0.0006,0.01,-0.06,-0.06,normal,normal,alta,20,historico dia_util,2.0
I22JC014382A,10,,dia_util,0.0,0.0005,0.01,-0.05,-0.05,normal,normal,alta,20,historico dia_util,2.0
I22JC014382A,11,,dia_util,0.001,0.0008,0.01,0.02,0.02,normal,normal,alta,20,historico dia_util,2.0
I22JC014382A,12,,dia_util,0.001,0.0006,0.01,0.04,0.04,normal,normal,alta,20,historico dia_util,2.0
I22JC014382A,13,,dia_util,0.0,0.0006,0.01,-0.06,-0.06,normal,normal,alta,20,historico dia_util,2.0
I22JC014382A,14,,dia_util,0.0,0.0005,0.01,-0.05,-0.05,normal,normal,alta,20,historico dia_util,2.0
I22JC014382A,15,,dia_util,0.0,0.0004,0.01,-0.04,-0.04,normal,normal,alta,20,historico dia_util,2.0
I22JC014382A,16,,dia_util,0.0,0.0002,0.01,-0.02,-0.02,normal,normal,alta,20,historico dia_util,2.0
I22JC014382A,17,,dia_util,0.001,0.0003,0.01,0.07,0.07,normal,normal,alta,20,historico dia_util,2.0
I22JC014382A,18,,dia_util,0.0,0.0002,0.01,-0.02,-0.02,normal,normal,alta,20,historico dia_util,2.0
I22JC014382A,19,,dia_util,0.0,0.0002,0.01,-0.02,-0.02,normal,normal,alta,20,historico dia_util,2.0
I22JC014382A,20,,dia_util,0.0,0.0003,0.01,-0.03,-0.03,normal,normal,alta,20,historico dia_util,2.0
I22JC014382A,21,,dia_util,0.0,0.0003,0.01,-0.03,-0.03,normal,normal,alta,20,historico dia_util,2.0
I22JC014382A,22,,dia_util,0.0,0.0002,0.01,-0.02,-0.02,normal,normal,alta,20,historico dia_util,2.0
I22JC014382A,23,,dia_util,0.0,0.0001,0.01,-0.01,-0.01,normal,normal,alta,20,historico dia_util,2.0
I22JC094262H,0,,dia_util,0.0,0.0,0.01,0.0,0.0,normal,normal,alta,18,historico dia_util,2.0
I22JC094262H,1,,dia_util,0.0,0.0,0.01,0.0,0.0,normal,normal,alta,18,historico dia_util,2.0
I22JC094262H,2,,dia_util,0.0,0.0,0.01,0.0,0.0,normal,normal,alta,18,historico dia_util,2.0
I22JC094262H,3,,dia_util,0.0,0.0,0.01,0.0,0.0,normal,normal,alta,18,historico dia_util,2.0
I22JC094262H,4,,dia_util,0.0,0.0,0.01,0.0,0.0,normal,normal,alta,18,historico dia_util,2.0
I22JC094262H,5,,dia_util,0.0,0.0,0.01,0.0,0.0,normal,normal,alta,18,historico dia_util,2.0
I22JC094262H,6,,dia_util,0.0,0.0,0.01,0.0,0.0,normal,normal,alta,18,historico dia_util,2.0
I22JC094262H,7,,dia_util,0.0,0.0,0.01,0.0,0.0,normal,normal,alta,18,historico dia_util,2.0
I22JC094262H,8,,dia_util,0.0,0.0,0.01,0.0,0.0,normal,normal,alta,18,historico dia_util,2.0
I22JC094262H,9,,dia_util,0.0,0.0,0.01,0.0,0.0,normal,normal,alta,18,historico dia_util,2.0
I22JC094262H,14,,dia_util,0.0,0.0,0.01,0.0,0.0,normal,normal,alta,18,historico dia_util,2.0
I22JC094262H,15,,dia_util,0.0,0.0,0.01,0.0,0.0,normal,normal,alta,18,historico dia_util,2.0
I22JC094262H,16,,dia_util,0.0,0.0,0.01,0.0,0.0,normal,normal,alta,18,historico dia_util,2.0
I22JC094262H,17,,dia_util,0.0,0.0,0.01,0.0,0.0,normal,normal,alta,18,historico dia_util,2.0
I22JC094262H,18,,dia_util,0.0,0.0,0.01,0.0,0.0,normal,normal,alta,18,historico dia_util,2.0
I22JC094262H,19,,dia_util,0.0,0.0,0.01,0.0,0.0,normal,normal,alta,18,historico dia_util,2.0
I22JC094262H,20,,dia_util,0.0,0.0,0.01,0.0,0.0,normal,normal,alta,18,historico dia_util,2.0
I22JC094262H,21,,dia_util,0.0,0.0,0.01,0.0,0.0,normal,normal,alta,18,historico dia_util,2.0
I22JC094262H,22,,dia_util,0.0,0.0,0.01,0.0,0.0,normal,normal,alta,19,historico dia_util,2.0
I22JC094262H,23,,dia_util,0.0,0.0,0.01,0.0,0.0,normal,normal,alta,19,historico dia_util,2.0
I22JC094273K,0,,dia_util,0.047,0.0828,0.0393,-0.91,-0.91,normal,normal,alta,15,historico dia_util,2.0
I22JC094273K,1,,dia_util,0.05,0.2328,0.4105,-0.45,-0.45,normal,normal,alta,18,historico dia_util,2.0
I22JC094273K,2,,dia_util,0.046,0.0272,0.0263,0.72,0.72,normal,normal,alta,18,historico dia_util,2.0
I22JC094273K,3,,dia_util,0.005,0.0142,0.0144,-0.64,-0.64,normal,normal,alta,18,historico dia_util,2.0
I22JC094273K,4,,dia_util,0.0,0.0141,0.0168,-0.84,-0.84,normal,normal,alta,18,historico dia_util,2.0
I22JC094273K,5,,dia_util,0.001,0.0166,0.0281,-0.55,-0.55,normal,normal,alta,20,historico dia_util,2.0
I22JC094273K,6,,dia_util,0.001,0.0237,0.0151,-1.5,-1.5,normal,normal,alta,20,historico dia_util,2.0
I22JC094273K,7,,dia_util,0.077,0.1096,0.0546,-0.6,-0.6,normal,normal,alta,20,historico dia_util,2.0
I22JC094273K,8,,dia_util,0.227,0.2307,0.0577,-0.06,-0.06,normal,normal,alta,20,historico dia_util,2.0
I22JC094273K,13,,dia_util,0.769,0.3789,0.292,1.34,1.34,normal,normal,alta,15,historico dia_util,2.0
I22JC094273K,14,,dia_util,0.329,0.175,0.0567,2.71,2.71,desvio,acima,alta,15,historico dia_util,2.0
I22JC094273K,15,,dia_util,0.188,0.2001,0.0881,-0.14,-0.14,normal,normal,alta,15,historico dia_util,2.0
I22JC094273K,16,,dia_util,0.135,0.1403,0.0981,-0.05,-0.05,normal,normal,alta,15,historico dia_util,2.0
I22JC094273K,17,,dia_util,0.102,0.3826,0.4509,-0.62,-0.62,normal,normal,alta,17,historico dia_util,2.0
I22JC094273K,18,,dia_util,0.141,0.1766,0.0806,-0.44,-0.44,normal,normal,alta,17,historico dia_util,2.0
I22JC094273K,19,,dia_util,0.406,0.1576,0.0632,3.93,3.93,desvio,acima,alta,17,historico dia_util,2.0
I22JC094273K,20,,dia_util,0.224,0.2331,0.0898,-0.1,-0.1,normal,normal,alta,17,historico dia_util,2.0
I22JC094273K,21,,dia_util,0.327,0.5232,0.4376,-0.45,-0.45,normal,normal,alta,19,historico dia_util,2.0
I22JC094273K,22,,dia_util,0.452,0.3208,0.1629,0.81,0.81,normal,normal,alta,19,historico dia_util,2.0
I22JC094273K,23,,dia_util,0.345,0.1338,0.0674,3.13,3.13,desvio,acima,alta,19,historico dia_util,2.0
I22JC094275M,0,,dia_util,0.0,0.0,0.01,0.0,0.0,normal,normal,alta,20,historico dia_util,2.0
I22JC094275M,1,,dia_util,0.0,0.0,0.01,0.0,0.0,normal,normal,alta,20,historico dia_util,2.0
I22JC094275M,2,,dia_util,0.0,0.0,0.01,0.0,0.0,normal,normal,alta,20,historico dia_util,2.0
I22JC094275M,3,,dia_util,0.0,0.0,0.01,0.0,0.0,normal,normal,alta,20,historico dia_util,2.0
I22JC094275M,4,,dia_util,0.0,0.0,0.01,0.0,0.0,normal,normal,alta,20,historico dia_util,2.0
I22JC094275M,5,,dia_util,0.0,0.0,0.01,0.0,0.0,normal,normal,alta,20,historico dia_util,2.0
I22JC094275M,6,,dia_util,0.0,0.0,0.01,0.0,0.0,normal,normal,alta,20,historico dia_util,2.0
I22JC094275M,7,,dia_util,0.0,0.0,0.01,0.0,0.0,normal,normal,alta,20,historico dia_util,2.0
I22JC094275M,8,,dia_util,0.0,0.0,0.01,0.0,0.0,normal,normal,alta,20,historico dia_util,2.0
I22JC094275M,9,,dia_util,0.0,0.0,0.01,0.0,0.0,normal,normal,alta,20,historico dia_util,2.0
I22JC094275M,10,,dia_util,0.0,0.0,0.01,0.0,0.0,normal,normal,alta,20,historico dia_util,2.0
I22JC094275M,11,,dia_util,0.0,0.0,0.01,0.0,0.0,normal,normal,alta,20,historico dia_util,2.0
I22JC094275M,12,,dia_util,0.0,0.0,0.01,0.0,0.0,normal,normal,alta,20,historico dia_util,2.0
I22JC094275M,13,,dia_util,0.0,0.0,0.01,0.0,0.0,normal,normal,alta,20,historico dia_util,2.0
I22JC094275M,14,,dia_util,0.0,0.0,0.01,0.0,0.0,normal,normal,alta,20,historico dia_util,2.0
I22JC094275M,15,,dia_util,0.0,0.0,0.01,0.0,0.0,normal,normal,alta,20,historico dia_util,2.0
I22JC094275M,16,,dia_util,0.0,0.0,0.01,0.0,0.0,normal,normal,alta,20,historico dia_util,2.0
I22JC094275M,17,,dia_util,0.0,0.0,0.01,0.0,0.0,normal,normal,alta,20,historico dia_util,2.0
I22JC094275M,18,,dia_util,0.0,0.0,0.01,0.0,0.0,normal,normal,alta,20,historico dia_util,2.0
I22JC094275M,19,,dia_util,0.0,0.0,0.01,0.0,0.0,normal,normal,alta,20,historico dia_util,2.0
I22JC094275M,20,,dia_util,0.0,0.0,0.01,0.0,0.0,normal,normal,alta,20,historico dia_util,2.0
I22JC094275M,21,,dia_util,0.0,0.0,0.01,0.0,0.0,normal,normal,alta,20,historico dia_util,2.0
I22JC094275M,22,,dia_util,0.0,0.0,0.01,0.0,0.0,normal,normal,alta,20,historico dia_util,2.0
I22JC094275M,23,,dia_util,0.0,0.0,0.01,0.0,0.0,normal,normal,alta,20,historico dia_util,2.0
I22JC094276N,0,,dia_util,0.018,0.1459,0.2421,-0.53,-0.53,normal,normal,alta,15,historico dia_util,2.0
I22JC094276N,1,,dia_util,0.001,0.0084,0.01,-0.74,-0.74,normal,normal,alta,17,historico dia_util,2.0
I22JC094276N,2,,dia_util,0.007,0.007,0.01,0.0,0.0,normal,normal,alta,17,historico dia_util,2.0
I22JC094276N,3,,dia_util,0.013,0.0095,0.01,0.35,0.35,normal,normal,alta,17,historico dia_util,2.0
I22JC094276N,4,,dia_util,0.001,0.0434,0.1115,-0.38,-0.38,normal,normal,alta,14,historico dia_util,2.0
I22JC094276N,5,,dia_util,0.031,0.0181,0.0105,1.23,1.23,normal,normal,alta,14,historico dia_util,2.0
I22JC094276N,6,,dia_util,0.033,0.063,0.0226,-1.33,-1.33,normal,normal,alta,14,historico dia_util,2.0
I22JC094276N,7,,dia_util,0.094,0.1166,0.0307,-0.74,-0.74,normal,normal,alta,14,historico dia_util,2.0
I22JC094276N,8,,dia_util,0.141,0.2036,0.1222,-0.51,-0.51,normal,normal,alta,14,historico dia_util,2.0
I22JC094276N,9,,dia_util,0.031,0.0771,0.0577,-0.8,-0.8,normal,normal,alta,14,historico dia_util,2.0
I22JC094276N,10,,dia_util,0.071,0.0337,0.0264,1.41,1.41,normal,normal,alta,14,historico dia_util,2.0
I22JC094276N,11,,dia_util,0.055,0.045,0.0251,0.4,0.4,normal,normal,alta,14,historico dia_util,2.0
I22JC094276N,12,,dia_util,0.015,0.2037,0.324,-0.58,-0.58,normal,normal,alta,13,historico dia_util,2.0
I22JC094276N,13,,dia_util,0.036,0.075,0.0637,-0.61,-0.61,normal,normal,alta,13,historico dia_util,2.0
I22JC094276N,14,,dia_util,0.015,0.063,0.0468,-1.03,-1.03,normal,normal,alta,13,historico dia_util,2.0
I22JC094276N,15,,dia_util,0.12,0.0472,0.0468,1.55,1.55,normal,normal,alta,13,historico dia_util,2.0
I22JC094276N,20,,dia_util,0.462,0.5219,0.4705,-0.13,-0.13,normal,normal,alta,14,historico dia_util,2.0
I22JC094276N,21,,dia_util,0.102,0.1225,0.0395,-0.52,-0.52,normal,normal,alta,14,historico dia_util,2.0
I22JC094276N,22,,dia_util,0.08,0.0855,0.0684,-0.08,-0.08,normal,normal,alta,14,historico dia_util,2.0
I22JC094276N,23,,dia_util,0.096,0.054,0.0261,1.61,1.61,normal,normal,alta,14,historico dia_util,2.0
I22JC094277O,0,,dia_util,0.0,0.0775,0.2338,-0.33,-0.33,normal,normal,alta,19,historico dia_util,2.0
I22JC094277O,1,,dia_util,0.0,0.0517,0.1596,-0.32,-0.32,normal,normal,alta,20,historico dia_util,2.0
I22JC094277O,2,,dia_util,0.0,0.044,0.136,-0.32,-0.32,normal,normal,alta,20,historico dia_util,2.0
I22JC094277O,3,,dia_util,0.0,0.0392,0.1214,-0.32,-0.32,normal,normal,alta,20,historico dia_util,2.0
I22JC094277O,4,,dia_util,0.0,0.0404,0.118,-0.34,-0.34,normal,normal,alta,18,historico dia_util,2.0
I22JC094277O,5,,dia_util,0.0,0.0394,0.1148,-0.34,-0.34,normal,normal,alta,18,historico dia_util,2.0
I22JC094277O,6,,dia_util,0.0,0.0441,0.13,-0.34,-0.34,normal,normal,alta,18,historico dia_util,2.0
I22JC094277O,7,,dia_util,0.0,0.0861,0.2521,-0.34,-0.34,normal,normal,alta,18,historico dia_util,2.0
I22JC094277O,8,,dia_util,0.0,0.0649,0.2831,-0.23,-0.23,normal,normal,alta,19,historico dia_util,2.0
I22JC094277O,9,,dia_util,0.0,0.0591,0.2574,-0.23,-0.23,normal,normal,alta,19,historico dia_util,2.0
I22JC094277O,10,,dia_util,0.0,0.0531,0.2315,-0.23,-0.23,normal,normal,alta,19,historico dia_util,2.0
I22JC094277O,11,,dia_util,0.0,0.0558,0.2302,-0.24,-0.24,normal,normal,alta,17,historico dia_util,2.0
I22JC094277O,12,,dia_util,0.0,0.1642,0.5572,-0.29,-0.29,normal,normal,alta,20,historico dia_util,2.0
I22JC094277O,13,,dia_util,0.0,0.0481,0.2153,-0.22,-0.22,normal,normal,alta,20,historico dia_util,2.0
I22JC094277O,14,,dia_util,0.0,0.0493,0.2207,-0.22,-0.22,normal,normal,alta,20,historico dia_util,2.0
I22JC094277O,15,,dia_util,0.0,0.048,0.2147,-0.22,-0.22,normal,normal,alta,20,historico dia_util,2.0
I22JC094277O,16,,dia_util,0.0,0.0438,0.1959,-0.22,-0.22,normal,normal,alta,20,historico dia_util,2.0
I22JC094277O,17,,dia_util,0.0,0.0407,0.1822,-0.22,-0.22,normal,normal,alta,20,historico dia_util,2.0
I22JC094277O,18,,dia_util,0.0,0.0529,0.2366,-0.22,-0.22,normal,normal,alta,20,historico dia_util,2.0
I22JC094277O,19,,dia_util,0.0,0.0968,0.4108,-0.24,-0.24,normal,normal,alta,18,historico dia_util,2.0
I22JC094277O,20,,dia_util,0.0,0.0937,0.3974,-0.24,-0.24,normal,normal,alta,18,historico dia_util,2.0
I22JC094277O,21,,dia_util,0.0,0.1028,0.436,-0.24,-0.24,normal,normal,alta,18,historico dia_util,2.0
I22JC094277O,22,,dia_util,0.0,0.0926,0.3929,-0.24,-0.24,normal,normal,alta,18,historico dia_util,2.0
I22JC094277O,23,,dia_util,0.0,0.0448,0.19,-0.24,-0.24,normal,normal,alta,18,historico dia_util,2.0
I22JC094278P,0,,dia_util,0.048,0.0654,0.1372,-0.13,-0.13,normal,normal,alta,16,historico dia_util,2.0
I22JC094278P,1,,dia_util,0.014,0.0164,0.0179,-0.13,-0.13,normal,normal,alta,16,historico dia_util,2.0
I22JC094278P,2,,dia_util,0.012,0.0109,0.01,0.11,0.11,normal,normal,alta,16,historico dia_util,2.0
I22JC094278P,3,,dia_util,0.005,0.0115,0.01,-0.65,-0.65,normal,normal,alta,16,historico dia_util,2.0
I22JC094278P,4,,dia_util,0.023,0.0455,0.1199,-0.19,-0.19,normal,normal,alta,20,historico dia_util,2.0
I22JC094278P,5,,dia_util,0.024,0.0183,0.01,0.57,0.57,normal,normal,alta,20,historico dia_util,2.0
I22JC094278P,6,,dia_util,0.055,0.056,0.014,-0.07,-0.07,normal,normal,alta,20,historico dia_util,2.0
I22JC094278P,7,,dia_util,0.135,0.2068,0.0517,-1.39,-1.39,normal,normal,alta,20,historico dia_util,2.0
I22JC094278P,8,,dia_util,0.177,0.1072,0.0463,1.51,1.51,normal,normal,alta,20,historico dia_util,2.0
I22JC094278P,9,,dia_util,0.172,0.1002,0.0394,1.82,1.82,normal,normal,alta,20,historico dia_util,2.0
I22JC094278P,10,,dia_util,0.196,0.1245,0.0532,1.34,1.34,normal,normal,alta,20,historico dia_util,2.0
I22JC094278P,11,,dia_util,0.088,0.1205,0.0564,-0.57,-0.57,normal,normal,alta,20,historico dia_util,2.0
I22JC094278P,12,,dia_util,0.206,0.1063,0.0495,2.02,2.02,desvio,acima,alta,18,historico dia_util,2.0
I22JC094278P,13,,dia_util,0.048,0.1086,0.0351,-1.72,-1.72,normal,normal,alta,18,historico dia_util,2.0
I22JC094278P,14,,dia_util,0.085,0.0719,0.0339,0.39,0.39,normal,normal,alta,18,historico dia_util,2.0
I22JC094278P,15,,dia_util,0.125,0.0748,0.0297,1.69,1.69,normal,normal,alta,18,historico dia_util,2.0
I22JC094278P,16,,dia_util,0.05,0.1013,0.1139,-0.45,-0.45,normal,normal,alta,19,historico dia_util,2.0
I22JC094278P,17,,dia_util,0.041,0.1492,0.0667,-1.62,-1.62,normal,normal,alta,19,historico dia_util,2.0
I22JC094278P,18,,dia_util,0.173,0.2023,0.0966,-0.3,-0.3,normal,normal,alta,19,historico dia_util,2.0
I22JC094278P,19,,dia_util,0.238,0.2007,0.063,0.59,0.59,normal,normal,alta,19,historico dia_util,2.0
I22JC094278P,20,,dia_util,0.353,0.1559,0.0531,3.71,3.71,desvio,acima,alta,18,historico dia_util,2.0
I22JC094278P,21,,dia_util,0.391,0.1341,0.074,3.47,3.47,desvio,acima,alta,18,historico dia_util,2.0
I22JC094278P,22,,dia_util,0.104,0.0861,0.0445,0.4,0.4,normal,normal,alta,18,historico dia_util,2.0
I22JC094278P,23,,dia_util,0.053,0.0498,0.0287,0.11,0.11,normal,normal,alta,18,historico dia_util,2.0
I22JC094280J,2,,dia_util,2.586,0.0134,0.0288,10.0,89.43,desvio,acima,alta,17,historico dia_util,2.0
I22JC094280J,3,,dia_util,0.007,0.0056,0.01,0.14,0.14,normal,normal,alta,17,historico dia_util,2.0
I22JC094280J,4,,dia_util,0.016,0.0089,0.01,0.71,0.71,normal,normal,alta,17,historico dia_util,2.0
I22JC094280J,5,,dia_util,0.012,0.008,0.01,0.4,0.4,normal,normal,alta,14,historico dia_util,2.0
I22JC094280J,10,,dia_util,0.216,0.0604,0.0617,2.52,2.52,desvio,acima,alta,5,historico dia_util,2.0
I22JC094280J,11,,dia_util,0.006,0.0146,0.01,-0.86,-0.86,normal,normal,alta,5,historico dia_util,2.0
I22JC094280J,12,,dia_util,0.029,0.0496,0.0504,-0.41,-0.41,normal,normal,alta,5,historico dia_util,2.0
I22JC094280J,13,,dia_util,0.03,0.0425,0.0394,-0.32,-0.32,normal,normal,baixa,4,historico dia_util (poucos dados),2.0
I22JC094280J,14,,dia_util,0.019,0.1693,0.1505,-1.0,-1.0,normal,normal,alta,10,historico dia_util,2.0
I22JC094280J,15,,dia_util,0.011,0.0384,0.0342,-0.8,-0.8,normal,normal,alta,10,historico dia_util,2.0
I22JC094280J,16,,dia_util,0.043,0.0854,0.0612,-0.69,-0.69,normal,normal,alta,10,historico dia_util,2.0
I22JC094280J,17,,dia_util,0.013,0.1033,0.0881,-1.02,-1.02,normal,normal,alta,11,historico dia_util,2.0
I22JC094280J,18,,dia_util,0.023,0.3438,0.3241,-0.99,-0.99,normal,normal,alta,16,historico dia_util,2.0
I22JC094280J,19,,dia_util,0.213,0.1933,0.0744,0.27,0.27,normal,normal,alta,16,historico dia_util,2.0
I22JC094280J,20,,dia_util,0.129,0.085,0.0546,0.81,0.81,normal,normal,alta,16,historico dia_util,2.0
I22JC094280J,21,,dia_util,0.079,0.0962,0.0803,-0.21,-0.21,normal,normal,alta,15,historico dia_util,2.0
I22JC094280J,22,,dia_util,0.067,0.1499,0.2948,-0.28,-0.28,normal,normal,alta,17,historico dia_util,2.0
I22JC094280J,23,,dia_util,0.048,0.0298,0.0402,0.45,0.45,normal,normal,alta,17,historico dia_util,2.0
I22JC094282L,0,,dia_util,0.035,0.1409,0.2163,-0.49,-0.49,normal,normal,alta,16,historico dia_util,2.0
I22JC094282L,1,,dia_util,0.032,0.0283,0.0209,0.18,0.18,normal,normal,alta,16,historico dia_util,2.0
I22JC094282L,2,,dia_util,0.009,0.0264,0.0219,-0.79,-0.79,normal,normal,alta,16,historico dia_util,2.0
I22JC094282L,3,,dia_util,0.009,0.0269,0.0283,-0.63,-0.63,normal,normal,alta,16,historico dia_util,2.0
I22JC094282L,4,,dia_util,0.01,0.0243,0.0316,-0.45,-0.45,normal,normal,alta,14,historico dia_util,2.0
I22JC094282L,5,,dia_util,0.021,0.0186,0.0103,0.24,0.24,normal,normal,alta,14,historico dia_util,2.0
I22JC094282L,6,,dia_util,0.073,0.0619,0.0243,0.46,0.46,normal,normal,alta,14,historico dia_util,2.0
I22JC094282L,7,,dia_util,0.086,0.1651,0.0492,-1.61,-1.61,normal,normal,alta,14,historico dia_util,2.0
I22JC094282L,8,,dia_util,0.179,0.3968,0.6203,-0.35,-0.35,normal,normal,alta,18,historico dia_util,2.0
I22JC094282L,9,,dia_util,0.251,0.1524,0.0711,1.39,1.39,normal,normal,alta,18,historico dia_util,2.0
I22JC094282L,10,,dia_util,0.118,0.1794,0.0961,-0.64,-0.64,normal,normal,alta,18,historico dia_util,2.0
I22JC094282L,11,,dia_util,0.03,0.0929,0.0588,-1.07,-1.07,normal,normal,alta,18,historico dia_util,2.0
I22JC094282L,12,,dia_util,0.173,0.1576,0.1697,0.09,0.09,normal,normal,alta,16,historico dia_util,2.0
I22JC094282L,13,,dia_util,0.071,0.0963,0.0634,-0.4,-0.4,normal,normal,alta,16,historico dia_util,2.0
I22JC094282L,14,,dia_util,0.06,0.0626,0.0375,-0.07,-0.07,normal,normal,alta,16,historico dia_util,2.0
I22JC094282L,15,,dia_util,0.09,0.066,0.0563,0.43,0.43,normal,normal,alta,16,historico dia_util,2.0
I22JC094282L,16,,dia_util,0.109,0.0956,0.1162,0.12,0.12,normal,normal,alta,16,historico dia_util,2.0
I22JC094282L,17,,dia_util,0.079,0.0897,0.0411,-0.26,-0.26,normal,normal,alta,16,historico dia_util,2.0
I22JC094282L,18,,dia_util,0.072,0.1171,0.0484,-0.93,-0.93,normal,normal,alta,16,historico dia_util,2.0
I22JC094282L,19,,dia_util,0.115,0.1645,0.061,-0.81,-0.81,normal,normal,alta,16,historico dia_util,2.0
I22JC094282L,20,,dia_util,0.203,0.3012,0.5527,-0.18,-0.18,normal,normal,alta,14,historico dia_util,2.0
I22JC094282L,21,,dia_util,0.094,0.2096,0.0937,-1.23,-1.23,normal,normal,alta,14,historico dia_util,2.0
I22JC094282L,22,,dia_util,0.144,0.0916,0.0707,0.74,0.74,normal,normal,alta,14,historico dia_util,2.0
I22JC094282L,23,,dia_util,0.134,0.0836,0.0701,0.72,0.72,normal,normal,alta,14,historico dia_util,2.0
I22JC094284N,0,,dia_util,0.0,0.0,0.01,0.0,0.0,normal,normal,alta,20,historico dia_util,2.0
I22JC094284N,1,,dia_util,0.0,0.0,0.01,0.0,0.0,normal,normal,alta,20,historico dia_util,2.0
I22JC094284N,2,,dia_util,0.0,0.0,0.01,0.0,0.0,normal,normal,alta,20,historico dia_util,2.0
I22JC094284N,3,,dia_util,0.0,0.0,0.01,0.0,0.0,normal,normal,alta,20,historico dia_util,2.0
I22JC094284N,4,,dia_util,0.0,0.0,0.01,0.0,0.0,normal,normal,alta,20,historico dia_util,2.0
I22JC094284N,5,,dia_util,0.0,0.0,0.01,0.0,0.0,normal,normal,alta,20,historico dia_util,2.0
I22JC094284N,6,,dia_util,0.0,0.0,0.01,0.0,0.0,normal,normal,alta,20,historico dia_util,2.0
I22JC094284N,7,,dia_util,0.0,0.0,0.01,0.0,0.0,normal,normal,alta,20,historico dia_util,2.0
I22JC094284N,8,,dia_util,0.0,0.0019,0.01,-0.19,-0.19,normal,normal,alta,20,historico dia_util,2.0
I22JC094284N,9,,dia_util,0.0,0.0,0.01,0.0,0.0,normal,normal,alta,19,historico dia_util,2.0
I22JC094284N,10,,dia_util,0.0,0.007,0.0311,-0.22,-0.22,normal,normal,alta,20,historico dia_util,2.0
I22JC094284N,11,,dia_util,0.016,0.0,0.01,1.6,1.6,normal,normal,alta,20,historico dia_util,2.0
I22JC094284N,12,,dia_util,0.0,0.0,0.01,0.0,0.0,normal,normal,alta,20,historico dia_util,2.0
I22JC094284N,13,,dia_util,0.0,0.0,0.01,0.0,0.0,normal,normal,alta,20,historico dia_util,2.0
I22JC094284N,14,,dia_util,0.0,0.0,0.01,0.0,0.0,normal,normal,alta,20,historico dia_util,2.0
I22JC094284N,15,,dia_util,0.0,0.0117,0.0521,-0.22,-0.22,normal,normal,alta,20,historico dia_util,2.0
I22JC094284N,16,,dia_util,0.0,0.0,0.01,0.0,0.0,normal,normal,alta,20,historico dia_util,2.0
I22JC094284N,17,,dia_util,0.0,0.0,0.01,0.0,0.0,normal,normal,alta,20,historico dia_util,2.0
I22JC094284N,18,,dia_util,0.0,0.0,0.01,0.0,0.0,normal,normal,alta,20,historico dia_util,2.0
I22JC094284N,19,,dia_util,0.0,0.0,0.01,0.0,0.0,normal,normal,alta,20,historico dia_util,2.0
I22JC094284N,20,,dia_util,0.0,0.0,0.01,0.0,0.0,normal,normal,alta,20,historico dia_util,2.0
I22JC094284N,21,,dia_util,0.0,0.0,0.01,0.0,0.0,normal,normal,alta,19,historico dia_util,2.0
I22JC094284N,22,,dia_util,0.0,0.0,0.01,0.0,0.0,normal,normal,alta,20,historico dia_util,2.0
I22JC094284N,23,,dia_util,0.0,0.0,0.01,0.0,0.0,normal,normal,alta,20,historico dia_util,2.0
I22JC094285O,0,,dia_util,0.009,0.0072,0.01,0.17,0.17,normal,normal,alta,8,historico dia_util,2.0
I22JC094285O,1,,dia_util,0.0,0.1047,0.134,-0.78,-0.78,normal,normal,alta,13,historico dia_util,2.0
I22JC094285O,2,,dia_util,0.006,0.0048,0.01,0.12,0.12,normal,normal,alta,13,historico dia_util,2.0
I22JC094285O,3,,dia_util,0.004,0.0029,0.01,0.11,0.11,normal,normal,alta,13,historico dia_util,2.0
I22JC094285O,4,,dia_util,0.01,0.0032,0.01,0.68,0.68,normal,normal,alta,13,historico dia_util,2.0
I22JC094285O,5,,dia_util,0.01,0.0421,0.0733,-0.44,-0.44,normal,normal,alta,7,historico dia_util,2.0
I22JC094285O,6,,dia_util,0.01,0.0027,0.01,0.73,0.73,normal,normal,alta,7,historico dia_util,2.0
I22JC094285O,7,,dia_util,0.104,0.131,0.0328,-0.82,-0.82,normal,normal,alta,7,historico dia_util,2.0
I22JC094285O,8,,dia_util,0.074,0.0856,0.0214,-0.54,-0.54,normal,normal,alta,7,historico dia_util,2.0
I22JC094285O,9,,dia_util,0.001,0.2053,0.1782,-1.15,-1.15,normal,normal,alta,15,historico dia_util,2.0
I22JC094285O,10,,dia_util,0.021,0.0371,0.0153,-1.05,-1.05,normal,normal,alta,15,historico dia_util,2.0
I22JC094285O,11,,dia_util,0.172,0.0565,0.0361,3.2,3.2,desvio,acima,alta,15,historico dia_util,2.0
I22JC094285O,12,,dia_util,0.019,0.041,0.0208,-1.06,-1.06,normal,normal,alta,15,historico dia_util,2.0
I22JC094285O,13,,dia_util,0.059,0.1117,0.1628,-0.32,-0.32,normal,normal,alta,18,historico dia_util,2.0
I22JC094285O,14,,dia_util,0.038,0.0266,0.0196,0.58,0.58,normal,normal,alta,18,historico dia_util,2.0
I22JC094285O,15,,dia_util,0.143,0.019,0.0151,8.21,8.21,desvio,acima,alta,18,historico dia_util,2.0
I22JC094285O,16,,dia_util,0.029,0.0302,0.0289,-0.04,-0.04,normal,normal,alta,18,historico dia_util,2.0
I22JC094285O,17,,dia_util,0.042,0.0745,0.1523,-0.21,-0.21,normal,normal,alta,17,historico dia_util,2.0
I22JC094285O,18,,dia_util,0.029,0.0474,0.0435,-0.42,-0.42,normal,normal,alta,17,historico dia_util,2.0
I22JC094285O,19,,dia_util,0.039,0.0998,0.069,-0.88,-0.88,normal,normal,alta,17,historico dia_util,2.0
I22JC094285O,20,,dia_util,0.158,0.1399,0.0492,0.37,0.37,normal,normal,alta,17,historico dia_util,2.0
I22JC094285O,21,,dia_util,0.053,0.1293,0.1031,-0.74,-0.74,normal,normal,alta,8,historico dia_util,2.0
I22JC094285O,22,,dia_util,0.037,0.0511,0.0485,-0.29,-0.29,normal,normal,alta,8,historico dia_util,2.0
I22JC094285O,23,,dia_util,0.016,0.019,0.0251,-0.12,-0.12,normal,normal,alta,8,historico dia_util,2.0
I22JC094286P,0,,dia_util,0.097,0.2079,0.4317,-0.26,-0.26,normal,normal,alta,19,historico dia_util,2.0
I22JC094286P,1,,dia_util,0.003,0.0177,0.0109,-1.36,-1.36,normal,normal,alta,19,historico dia_util,2.0
I22JC094286P,2,,dia_util,0.005,0.0228,0.0271,-0.66,-0.66,normal,normal,alta,19,historico dia_util,2.0
I22JC094286P,3,,dia_util,0.012,0.0113,0.01,0.07,0.07,normal,normal,alta,19,historico dia_util,2.0
I22JC094286P,4,,dia_util,0.018,0.0269,0.0503,-0.18,-0.18,normal,normal,alta,17,historico dia_util,2.0
I22JC094286P,5,,dia_util,0.003,0.0236,0.0165,-1.25,-1.25,normal,normal,alta,17,historico dia_util,2.0
I22JC094286P,6,,dia_util,0.077,0.0904,0.0226,-0.59,-0.59,normal,normal,alta,17,historico dia_util,2.0
I22JC094286P,7,,dia_util,0.055,0.105,0.0549,-0.91,-0.91,normal,normal,alta,17,historico dia_util,2.0
I22JC094286P,8,,dia_util,0.324,0.189,0.1019,1.32,1.32,normal,normal,alta,17,historico dia_util,2.0
I22JC094286P,9,,dia_util,0.117,0.1151,0.0619,0.03,0.03,normal,normal,alta,17,historico dia_util,2.0
I22JC094286P,10,,dia_util,0.096,0.0735,0.0527,0.43,0.43,normal,normal,alta,17,historico dia_util,2.0
I22JC094286P,11,,dia_util,0.12,0.0842,0.0723,0.5,0.5,normal,normal,alta,17,historico dia_util,2.0
I22JC094286P,12,,dia_util,0.086,0.1275,0.134,-0.31,-0.31,normal,normal,alta,16,historico dia_util,2.0
I22JC094286P,13,,dia_util,0.084,0.0871,0.0392,-0.08,-0.08,normal,normal,alta,16,historico dia_util,2.0
I22JC094286P,14,,dia_util,0.076,0.1014,0.0328,-0.78,-0.78,normal,normal,alta,16,historico dia_util,2.0
I22JC094286P,15,,dia_util,0.123,0.1011,0.0535,0.41,0.41,normal,normal,alta,16,historico dia_util,2.0
I22JC094286P,16,,dia_util,0.041,0.1669,0.2831,-0.44,-0.44,normal,normal,alta,15,historico dia_util,2.0
I22JC094286P,17,,dia_util,0.176,0.1164,0.0748,0.8,0.8,normal,normal,alta,15,historico dia_util,2.0
I22JC094286P,18,,dia_util,0.028,0.1045,0.0705,-1.09,-1.09,normal,normal,alta,15,historico dia_util,2.0
I22JC094286P,19,,dia_util,0.156,0.2099,0.1022,-0.53,-0.53,normal,normal,alta,15,historico dia_util,2.0
I22JC094286P,20,,dia_util,0.188,0.3433,0.3027,-0.51,-0.51,normal,normal,alta,18,historico dia_util,2.0
I22JC094286P,21,,dia_util,0.098,0.1862,0.0663,-1.33,-1.33,normal,normal,alta,18,historico dia_util,2.0
I22JC094286P,22,,dia_util,0.164,0.2011,0.0584,-0.63,-0.63,normal,normal,alta,18,historico dia_util,2.0
I22JC094286P,23,,dia_util,0.156,0.1634,0.0936,-0.08,-0.08,normal,normal,alta,18,historico dia_util,2.0
I22JC094287Q,0,,dia_util,0.069,0.0677,0.0169,0.08,0.08,normal,normal,alta,15,historico dia_util,2.0
I22JC094287Q,1,,dia_util,0.069,0.081,0.0554,-0.22,-0.22,normal,normal,alta,17,historico dia_util,2.0
I22JC094287Q,2,,dia_util,0.069,0.0808,0.0555,-0.21,-0.21,normal,normal,alta,17,historico dia_util,2.0
I22JC094287Q,3,,dia_util,0.069,0.0804,0.0553,-0.21,-0.21,normal,normal,alta,17,historico dia_util,2.0
I22JC094287Q,4,,dia_util,0.069,0.0804,0.0558,-0.2,-0.2,normal,normal,alta,17,historico dia_util,2.0
I22JC094287Q,5,,dia_util,0.069,0.0978,0.1276,-0.23,-0.23,normal,normal,alta,17,historico dia_util,2.0
I22JC094287Q,6,,dia_util,0.068,0.0796,0.0547,-0.21,-0.21,normal,normal,alta,17,historico dia_util,2.0
I22JC094287Q,7,,dia_util,0.068,0.0834,0.0533,-0.29,-0.29,normal,normal,alta,17,historico dia_util,2.0
I22JC094287Q,8,,dia_util,0.076,0.229,0.2243,-0.68,-0.68,normal,normal,alta,15,historico dia_util,2.0
I22JC094287Q,9,,dia_util,0.093,0.2731,0.2392,-0.75,-0.75,normal,normal,alta,17,historico dia_util,2.0
I22JC094287Q,10,,dia_util,0.079,0.2434,0.1386,-1.19,-1.19,normal,normal,alta,17,historico dia_util,2.0
I22JC094287Q,11,,dia_util,0.078,0.1712,0.1064,-0.88,-0.88,normal,normal,alta,17,historico dia_util,2.0
I22JC094287Q,12,,dia_util,0.16,0.1389,0.0724,0.29,0.29,normal,normal,alta,17,historico dia_util,2.0
I22JC094287Q,13,,dia_util,0.068,0.1644,0.1546,-0.62,-0.62,normal,normal,alta,17,historico dia_util,2.0
I22JC094287Q,14,,dia_util,0.175,0.1227,0.0441,1.19,1.19,normal,normal,alta,17,historico dia_util,2.0
I22JC094287Q,15,,dia_util,0.143,0.1626,0.1377,-0.14,-0.14,normal,normal,alta,17,historico dia_util,2.0
I22JC094287Q,16,,dia_util,0.114,0.159,0.1091,-0.41,-0.41,normal,normal,alta,17,historico dia_util,2.0
I22JC094287Q,17,,dia_util,0.11,0.1787,0.1074,-0.64,-0.64,normal,normal,alta,17,historico dia_util,2.0
I22JC094287Q,18,,dia_util,0.121,0.1985,0.1534,-0.5,-0.5,normal,normal,alta,17,historico dia_util,2.0
I22JC094287Q,19,,dia_util,0.113,0.1136,0.0583,-0.01,-0.01,normal,normal,alta,17,historico dia_util,2.0
I22JC094287Q,20,,dia_util,0.064,0.0806,0.055,-0.3,-0.3,normal,normal,alta,17,historico dia_util,2.0
I22JC094287Q,21,,dia_util,0.065,0.0808,0.0547,-0.29,-0.29,normal,normal,alta,17,historico dia_util,2.0
I22JC094287Q,22,,dia_util,0.064,0.0811,0.0552,-0.31,-0.31,normal,normal,alta,17,historico dia_util,2.0
I22JC094287Q,23,,dia_util,0.064,0.0808,0.0552,-0.3,-0.3,normal,normal,alta,17,historico dia_util,2.0
I22LA224628,0,,dia_util,0.0,0.0,0.01,0.0,0.0,normal,normal,alta,20,historico dia_util,2.0
I22LA224628,1,,dia_util,0.0,0.0,0.01,0.0,0.0,normal,normal,alta,20,historico dia_util,2.0
I22LA224628,2,,dia_util,0.0,0.0,0.01,0.0,0.0,normal,normal,alta,20,historico dia_util,2.0
I22LA224628,3,,dia_util,0.0,0.0,0.01,0.0,0.0,normal,normal,alta,20,historico dia_util,2.0
I22LA224628,4,,dia_util,0.0,0.0,0.01,0.0,0.0,normal,normal,alta,20,historico dia_util,2.0
I22LA224628,5,,dia_util,0.0,0.0,0.01,0.0,0.0,normal,normal,alta,18,historico dia_util,2.0
I22LA224628,6,,dia_util,0.0,0.0,0.01,0.0,0.0,normal,normal,alta,18,historico dia_util,2.0
I22LA224628,7,,dia_util,0.0,0.0003,0.01,-0.03,-0.03,normal,normal,alta,18,historico dia_util,2.0
I22LA224628,8,,dia_util,0.003,0.0088,0.01,-0.58,-0.58,normal,normal,alta,18,historico dia_util,2.0
I22LA224628,9,,dia_util,0.015,0.0276,0.0135,-0.93,-0.93,normal,normal,alta,19,historico dia_util,2.0
I22LA224628,10,,dia_util,0.035,0.0327,0.0147,0.16,0.16,normal,normal,alta,19,historico dia_util,2.0
I22LA224628,11,,dia_util,0.028,0.0401,0.0176,-0.69,-0.69,normal,normal,alta,19,historico dia_util,2.0
I22LA224628,12,,dia_util,0.033,0.0482,0.0166,-0.91,-0.91,normal,normal,alta,19,historico dia_util,2.0
I22LA224628,13,,dia_util,0.062,0.0747,0.0529,-0.24,-0.24,normal,normal,alta,20,historico dia_util,2.0
I22LA224628,14,,dia_util,0.067,0.0855,0.0252,-0.74,-0.74,normal,normal,alta,20,historico dia_util,2.0
I22LA224628,15,,dia_util,0.086,0.0968,0.0245,-0.44,-0.44,normal,normal,alta,20,historico dia_util,2.0
I22LA224628,16,,dia_util,0.031,0.0671,0.0226,-1.59,-1.59,normal,normal,alta,20,historico dia_util,2.0
I22LA224628,17,,dia_util,0.008,0.0511,0.0212,-2.03,-2.03,desvio,abaixo,alta,19,historico dia_util,2.0
I22LA224628,18,,dia_util,0.035,0.0471,0.0174,-0.7,-0.7,normal,normal,alta,19,historico dia_util,2.0
I22LA224628,19,,dia_util,0.022,0.0359,0.0137,-1.02,-1.02,normal,normal,alta,19,historico dia_util,2.0
I22LA224628,20,,dia_util,0.021,0.041,0.0188,-1.06,-1.06,normal,normal,alta,19,historico dia_util,2.0
I22LA224628,21,,dia_util,0.0,0.0121,0.0412,-0.29,-0.29,normal,normal,alta,20,historico dia_util,2.0
I22LA224628,22,,dia_util,0.0,0.0,0.01,0.0,0.0,normal,normal,alta,20,historico dia_util,2.0
I22LA224628,23,,dia_util,0.0,0.0,0.01,0.0,0.0,normal,normal,alta,20,historico dia_util,2.0
I22LA303411,0,,dia_util,0.0,0.0,0.01,0.0,0.0,normal,normal,alta,16,historico dia_util,2.0
I22LA303411,1,,dia_util,0.0,0.0,0.01,0.0,0.0,normal,normal,alta,17,historico dia_util,2.0
I22LA303411,2,,dia_util,0.0,0.0,0.01,0.0,0.0,normal,normal,alta,17,historico dia_util,2.0
I22LA303411,3,,dia_util,0.0,0.0,0.01,0.0,0.0,normal,normal,alta,17,historico dia_util,2.0
I22LA303411,4,,dia_util,0.0,0.0,0.01,0.0,0.0,normal,normal,alta,17,historico dia_util,2.0
I22LA303411,5,,dia_util,0.0,0.0,0.01,0.0,0.0,normal,normal,alta,17,historico dia_util,2.0
I22LA303411,6,,dia_util,0.0,0.0,0.01,0.0,0.0,normal,normal,alta,17,historico dia_util,2.0
I22LA303411,7,,dia_util,0.0,0.0,0.01,0.0,0.0,normal,normal,alta,17,historico dia_util,2.0
I22LA303411,8,,dia_util,0.0,0.0,0.01,0.0,0.0,normal,normal,alta,17,historico dia_util,2.0
I22LA303411,9,,dia_util,0.0,0.0001,0.01,-0.01,-0.01,normal,normal,alta,17,historico dia_util,2.0
I22LA303411,10,,dia_util,0.0,0.0011,0.01,-0.11,-0.11,normal,normal,alta,17,historico dia_util,2.0
I22LA303411,11,,dia_util,0.0,0.0041,0.0137,-0.3,-0.3,normal,normal,alta,17,historico dia_util,2.0
I22LA303411,12,,dia_util,0.0,0.001,0.01,-0.1,-0.1,normal,normal,alta,17,historico dia_util,2.0
I22LA303411,13,,dia_util,0.0,0.0,0.01,0.0,0.0,normal,normal,alta,17,historico dia_util,2.0
I22LA303411,14,,dia_util,0.0,0.0007,0.01,-0.07,-0.07,normal,normal,alta,17,historico dia_util,2.0
I22LA303411,15,,dia_util,0.0,0.0002,0.01,-0.02,-0.02,normal,normal,alta,17,historico dia_util,2.0
I22LA303411,16,,dia_util,0.0,0.0159,0.0477,-0.33,-0.33,normal,normal,alta,17,historico dia_util,2.0
I22LA303411,17,,dia_util,0.0,0.0024,0.01,-0.24,-0.24,normal,normal,alta,17,historico dia_util,2.0
I22LA303411,18,,dia_util,0.0,0.0016,0.01,-0.16,-0.16,normal,normal,alta,17,historico dia_util,2.0
I22LA303411,19,,dia_util,0.0,0.0107,0.0399,-0.27,-0.27,normal,normal,alta,17,historico dia_util,2.0
I22LA303411,20,,dia_util,0.0,0.0001,0.01,-0.01,-0.01,normal,normal,alta,17,historico dia_util,2.0
I22LA303411,21,,dia_util,0.0,0.0,0.01,0.0,0.0,normal,normal,alta,17,historico dia_util,2.0
I22LA303411,22,,dia_util,0.0,0.0,0.01,0.0,0.0,normal,normal,alta,17,historico dia_util,2.0
I22LA303411,23,,dia_util,0.0,0.0,0.01,0.0,0.0,normal,normal,alta,17,historico dia_util,2.0
I22LA303427,0,,dia_util,0.0,0.0,0.01,0.0,0.0,normal,normal,alta,16,historico dia_util,2.0
I22LA303427,1,,dia_util,0.0,0.0,0.01,0.0,0.0,normal,normal,alta,17,historico dia_util,2.0
I22LA303427,2,,dia_util,0.0,0.0,0.01,0.0,0.0,normal,normal,alta,17,historico dia_util,2.0
I22LA303427,3,,dia_util,0.0,0.0,0.01,0.0,0.0,normal,normal,alta,17,historico dia_util,2.0
I22LA303427,4,,dia_util,0.0,0.0,0.01,0.0,0.0,normal,normal,alta,17,historico dia_util,2.0
I22LA303427,5,,dia_util,0.0,0.0,0.01,0.0,0.0,normal,normal,alta,17,historico dia_util,2.0
I22LA303427,6,,dia_util,0.0,0.0,0.01,0.0,0.0,normal,normal,alta,17,historico dia_util,2.0
I22LA303427,7,,dia_util,0.0,0.0003,0.01,-0.03,-0.03,normal,normal,alta,17,historico dia_util,2.0
I22LA303427,8,,dia_util,0.0,0.0002,0.01,-0.02,-0.02,normal,normal,alta,17,historico dia_util,2.0
I22LA303427,9,,dia_util,0.0,0.0025,0.0104,-0.24,-0.24,normal,normal,alta,17,historico dia_util,2.0
I22LA303427,10,,dia_util,0.0,0.0,0.01,0.0,0.0,normal,normal,alta,17,historico dia_util,2.0
I22LA303427,11,,dia_util,0.0,0.0,0.01,0.0,0.0,normal,normal,alta,17,historico dia_util,2.0
I22LA303427,12,,dia_util,0.0,0.0045,0.0184,-0.24,-0.24,normal,normal,alta,17,historico dia_util,2.0
I22LA303427,13,,dia_util,0.0,0.0,0.01,0.0,0.0,normal,normal,alta,17,historico dia_util,2.0
I22LA303427,14,,dia_util,0.0,0.0,0.01,0.0,0.0,normal,normal,alta,17,historico dia_util,2.0
I22LA303427,15,,dia_util,0.0,0.0,0.01,0.0,0.0,normal,normal,alta,17,historico dia_util,2.0
I22LA303427,16,,dia_util,0.0,0.0218,0.0745,-0.29,-0.29,normal,normal,alta,17,historico dia_util,2.0
I22LA303427,17,,dia_util,0.0,0.0044,0.0154,-0.29,-0.29,normal,normal,alta,17,historico dia_util,2.0
I22LA303427,18,,dia_util,0.0,0.0,0.01,0.0,0.0,normal,normal,alta,17,historico dia_util,2.0
I22LA303427,19,,dia_util,0.0,0.0,0.01,0.0,0.0,normal,normal,alta,17,historico dia_util,2.0
I22LA303427,20,,dia_util,0.0,0.0,0.01,0.0,0.0,normal,normal,alta,17,historico dia_util,2.0
I22LA303427,21,,dia_util,0.0,0.0,0.01,0.0,0.0,normal,normal,alta,17,historico dia_util,2.0
I22LA303427,22,,dia_util,0.0,0.0,0.01,0.0,0.0,normal,normal,alta,17,historico dia_util,2.0
I22LA303427,23,,dia_util,0.0,0.0,0.01,0.0,0.0,normal,normal,alta,17,historico dia_util,2.0
I22LA303495,0,,dia_util,0.0,0.0004,0.01,-0.04,-0.04,normal,normal,alta,16,historico dia_util,2.0
I22LA303495,1,,dia_util,0.0,0.0,0.01,0.0,0.0,normal,normal,alta,17,historico dia_util,2.0
I22LA303495,2,,dia_util,0.0,0.0,0.01,0.0,0.0,normal,normal,alta,17,historico dia_util,2.0
I22LA303495,3,,dia_util,0.0,0.0,0.01,0.0,0.0,normal,normal,alta,16,historico dia_util,2.0
I22LA303495,4,,dia_util,0.0,0.0,0.01,0.0,0.0,normal,normal,alta,16,historico dia_util,2.0
I22LA303495,5,,dia_util,0.0,0.0,0.01,0.0,0.0,normal,normal,alta,16,historico dia_util,2.0
I22LA303495,6,,dia_util,0.0,0.0,0.01,0.0,0.0,normal,normal,alta,16,historico dia_util,2.0
I22LA303495,7,,dia_util,0.001,0.0004,0.01,0.06,0.06,normal,normal,alta,17,historico dia_util,2.0
I22LA303495,8,,dia_util,0.01,0.0061,0.0187,0.21,0.21,normal,normal,alta,17,historico dia_util,2.0
I22LA303495,9,,dia_util,0.001,0.0082,0.0214,-0.33,-0.33,normal,normal,alta,17,historico dia_util,2.0
I22LA303495,10,,dia_util,0.014,0.0052,0.01,0.88,0.88,normal,normal,alta,17,historico dia_util,2.0
I22LA303495,11,,dia_util,0.0,0.0033,0.01,-0.33,-0.33,normal,normal,alta,15,historico dia_util,2.0
I22LA303495,12,,dia_util,0.0,0.0004,0.01,-0.04,-0.04,normal,normal,alta,15,historico dia_util,2.0
I22LA303495,13,,dia_util,0.0,0.0111,0.0257,-0.43,-0.43,normal,normal,alta,15,historico dia_util,2.0
I22LA303495,14,,dia_util,0.005,0.0081,0.0149,-0.21,-0.21,normal,normal,alta,15,historico dia_util,2.0
I22LA303495,23,,dia_util,0.051,0.0013,0.01,4.97,4.97,desvio,acima,alta,15,historico dia_util,2.0
I22LA303573,0,,dia_util,0.0,0.0,0.01,0.0,0.0,normal,normal,alta,16,historico dia_util,2.0
I22LA303573,1,,dia_util,0.0,0.0,0.01,0.0,0.0,normal,normal,alta,17,historico dia_util,2.0
I22LA303573,2,,dia_util,0.0,0.0,0.01,0.0,0.0,normal,normal,alta,17,historico dia_util,2.0
I22LA303573,3,,dia_util,0.0,0.0,0.01,0.0,0.0,normal,normal,alta,17,historico dia_util,2.0
I22LA303573,4,,dia_util,0.0,0.0,0.01,0.0,0.0,normal,normal,alta,17,historico dia_util,2.0
I22LA303573,5,,dia_util,0.0,0.0,0.01,0.0,0.0,normal,normal,alta,17,historico dia_util,2.0
I22LA303573,6,,dia_util,0.0,0.0,0.01,0.0,0.0,normal,normal,alta,17,historico dia_util,2.0
I22LA303573,7,,dia_util,0.0,0.0,0.01,0.0,0.0,normal,normal,alta,17,historico dia_util,2.0
I22LA303573,8,,dia_util,0.0,0.0,0.01,0.0,0.0,normal,normal,alta,17,historico dia_util,2.0
I22LA303573,9,,dia_util,0.0,0.0,0.01,0.0,0.0,normal,normal,alta,17,historico dia_util,2.0
I22LA303573,10,,dia_util,0.0,0.0,0.01,0.0,0.0,normal,normal,alta,17,historico dia_util,2.0
I22LA303573,11,,dia_util,0.0,0.0,0.01,0.0,0.0,normal,normal,alta,17,historico dia_util,2.0
I22LA303573,12,,dia_util,0.0,0.0,0.01,0.0,0.0,normal,normal,alta,16,historico dia_util,2.0
I22LA303573,13,,dia_util,0.0,0.0,0.01,0.0,0.0,normal,normal,alta,16,historico dia_util,2.0
I22LA303573,14,,dia_util,0.0,0.0,0.01,0.0,0.0,normal,normal,alta,16,historico dia_util,2.0
I22LA303573,15,,dia_util,0.0,0.0,0.01,0.0,0.0,normal,normal,alta,16,historico dia_util,2.0
I22LA303573,16,,dia_util,0.0,0.0,0.01,0.0,0.0,normal,normal,alta,17,historico dia_util,2.0
I22LA303573,17,,dia_util,0.0,0.0,0.01,0.0,0.0,normal,normal,alta,17,historico dia_util,2.0
I22LA303573,18,,dia_util,0.0,0.0,0.01,0.0,0.0,normal,normal,alta,17,historico dia_util,2.0
I22LA303573,19,,dia_util,0.0,0.0,0.01,0.0,0.0,normal,normal,alta,17,historico dia_util,2.0
I22LA303573,20,,dia_util,0.0,0.0,0.01,0.0,0.0,normal,normal,alta,17,historico dia_util,2.0
I22LA303573,21,,dia_util,0.0,0.0,0.01,0.0,0.0,normal,normal,alta,17,historico dia_util,2.0
I22LA303573,22,,dia_util,0.0,0.0,0.01,0.0,0.0,normal,normal,alta,17,historico dia_util,2.0
I22LA303573,23,,dia_util,0.0,0.0,0.01,0.0,0.0,normal,normal,alta,17,historico dia_util,2.0
I22LA304258,0,,dia_util,0.0,0.0,0.01,0.0,0.0,normal,normal,alta,20,historico dia_util,2.0
I22LA304258,1,,dia_util,0.0,0.0,0.01,0.0,0.0,normal,normal,alta,19,historico dia_util,2.0
I22LA304258,2,,dia_util,0.0,0.0,0.01,0.0,0.0,normal,normal,alta,20,historico dia_util,2.0
I22LA304258,3,,dia_util,0.0,0.0,0.01,0.0,0.0,normal,normal,alta,20,historico dia_util,2.0
I22LA304258,4,,dia_util,0.0,0.0,0.01,0.0,0.0,normal,normal,alta,20,historico dia_util,2.0
I22LA304258,5,,dia_util,0.0,0.0,0.01,0.0,0.0,normal,normal,alta,20,historico dia_util,2.0
I22LA304258,6,,dia_util,0.0,0.0,0.01,0.0,0.0,normal,normal,alta,20,historico dia_util,2.0
I22LA304258,7,,dia_util,0.0,0.0,0.01,0.0,0.0,normal,normal,alta,20,historico dia_util,2.0
I22LA304258,8,,dia_util,0.0,0.0,0.01,0.0,0.0,normal,normal,alta,20,historico dia_util,2.0
I22LA304258,9,,dia_util,0.0,0.0,0.01,0.0,0.0,normal,normal,alta,20,historico dia_util,2.0
I22LA304258,10,,dia_util,0.0,0.0,0.01,0.0,0.0,normal,normal,alta,20,historico dia_util,2.0
I22LA304258,11,,dia_util,0.0,0.0,0.01,0.0,0.0,normal,normal,alta,20,historico dia_util,2.0
I22LA304258,12,,dia_util,0.0,0.0,0.01,0.0,0.0,normal,normal,alta,20,historico dia_util,2.0
I22LA304258,13,,dia_util,0.0,0.0,0.01,0.0,0.0,normal,normal,alta,20,historico dia_util,2.0
I22LA304258,14,,dia_util,0.0,0.0,0.01,0.0,0.0,normal,normal,alta,20,historico dia_util,2.0
I22LA304258,15,,dia_util,0.0,0.0,0.01,0.0,0.0,normal,normal,alta,20,historico dia_util,2.0
I22LA304258,16,,dia_util,0.0,0.0,0.01,0.0,0.0,normal,normal,alta,20,historico dia_util,2.0
I22LA304258,17,,dia_util,0.0,0.0,0.01,0.0,0.0,normal,normal,alta,19,historico dia_util,2.0
I22LA304258,18,,dia_util,0.0,0.0,0.01,0.0,0.0,normal,normal,alta,20,historico dia_util,2.0
I22LA304258,19,,dia_util,0.0,0.0,0.01,0.0,0.0,normal,normal,alta,20,historico dia_util,2.0
I22LA304258,20,,dia_util,0.0,0.0,0.01,0.0,0.0,normal,normal,alta,20,historico dia_util,2.0
I22LA304258,21,,dia_util,0.0,0.0,0.01,0.0,0.0,normal,normal,alta,19,historico dia_util,2.0
I22LA304258,22,,dia_util,0.0,0.0,0.01,0.0,0.0,normal,normal,alta,20,historico dia_util,2.0
I22LA304258,23,,dia_util,0.0,0.0,0.01,0.0,0.0,normal,normal,alta,20,historico dia_util,2.0
I22LA306555,0,,dia_util,0.0,0.0,0.01,0.0,0.0,normal,normal,alta,20,historico dia_util,2.0
I22LA306555,1,,dia_util,0.0,0.0,0.01,0.0,0.0,normal,normal,alta,20,historico dia_util,2.0
I22LA306555,2,,dia_util,0.0,0.0,0.01,0.0,0.0,normal,normal,alta,20,historico dia_util,2.0
I22LA306555,3,,dia_util,0.0,0.0,0.01,0.0,0.0,normal,normal,alta,20,historico dia_util,2.0
I22LA306555,4,,dia_util,0.0,0.0,0.01,0.0,0.0,normal,normal,alta,20,historico dia_util,2.0
I22LA306555,5,,dia_util,0.0,0.0,0.01,0.0,0.0,normal,normal,alta,20,historico dia_util,2.0
I22LA306555,6,,dia_util,0.0,0.0,0.01,0.0,0.0,normal,normal,alta,20,historico dia_util,2.0
I22LA306555,7,,dia_util,0.0,0.0,0.01,0.0,0.0,normal,normal,alta,20,historico dia_util,2.0
I22LA306555,8,,dia_util,0.0,0.0,0.01,0.0,0.0,normal,normal,alta,20,historico dia_util,2.0
I22LA306555,9,,dia_util,0.0,0.0,0.01,0.0,0.0,normal,normal,alta,20,historico dia_util,2.0
I22LA306555,10,,dia_util,0.0,0.0,0.01,0.0,0.0,normal,normal,alta,20,historico dia_util,2.0
I22LA306555,11,,dia_util,0.0,0.0,0.01,0.0,0.0,normal,normal,alta,20,historico dia_util,2.0
I22LA306555,12,,dia_util,0.0,0.0,0.01,0.0,0.0,normal,normal,alta,20,historico dia_util,2.0
I22LA306555,13,,dia_util,0.0,0.0,0.01,0.0,0.0,normal,normal,alta,20,historico dia_util,2.0
I22LA306555,14,,dia_util,0.0,0.0,0.01,0.0,0.0,normal,normal,alta,20,historico dia_util,2.0
I22LA306555,15,,dia_util,0.0,0.0,0.01,0.0,0.0,normal,normal,alta,20,historico dia_util,2.0
I22LA306555,16,,dia_util,0.0,0.0,0.01,0.0,0.0,normal,normal,alta,20,historico dia_util,2.0
I22LA306555,17,,dia_util,0.0,0.0,0.01,0.0,0.0,normal,normal,alta,20,historico dia_util,2.0
I22LA306555,18,,dia_util,0.0,0.0,0.01,0.0,0.0,normal,normal,alta,20,historico dia_util,2.0
I22LA306555,19,,dia_util,0.0,0.0,0.01,0.0,0.0,normal,normal,alta,20,historico dia_util,2.0
I22LA306555,20,,dia_util,0.0,0.0,0.01,0.0,0.0,normal,normal,alta,20,historico dia_util,2.0
I22LA306555,21,,dia_util,0.0,0.0,0.01,0.0,0.0,normal,normal,alta,20,historico dia_util,2.0
I22LA306555,22,,dia_util,0.0,0.0,0.01,0.0,0.0,normal,normal,alta,20,historico dia_util,2.0
I22LA306555,23,,dia_util,0.0,0.0,0.01,0.0,0.0,normal,normal,alta,19,historico dia_util,2.0
I23JC012769Q,0,,dia_util,0.0,0.0,0.01,0.0,0.0,normal,normal,alta,18,historico dia_util,2.0
I23JC012769Q,1,,dia_util,0.0,0.0,0.01,0.0,0.0,normal,normal,alta,18,historico dia_util,2.0
I23JC012769Q,2,,dia_util,0.0,0.0,0.01,0.0,0.0,normal,normal,alta,18,historico dia_util,2.0
I23JC012769Q,3,,dia_util,0.0,0.0,0.01,0.0,0.0,normal,normal,alta,20,historico dia_util,2.0
I23JC012769Q,4,,dia_util,0.0,0.0,0.01,0.0,0.0,normal,normal,alta,20,historico dia_util,2.0
I23JC012769Q,5,,dia_util,0.0,0.0,0.01,0.0,0.0,normal,normal,alta,20,historico dia_util,2.0
I23JC012769Q,6,,dia_util,0.0,0.0,0.01,0.0,0.0,normal,normal,alta,20,historico dia_util,2.0
I23JC012769Q,7,,dia_util,0.0,0.0,0.01,0.0,0.0,normal,normal,alta,16,historico dia_util,2.0
I23JC012769Q,8,,dia_util,0.0,0.0,0.01,0.0,0.0,normal,normal,alta,16,historico dia_util,2.0
I23JC012769Q,9,,dia_util,0.0,0.0,0.01,0.0,0.0,normal,normal,alta,16,historico dia_util,2.0
I23JC012769Q,10,,dia_util,0.0,0.0,0.01,0.0,0.0,normal,normal,alta,16,historico dia_util,2.0
I23JC012769Q,11,,dia_util,0.0,0.0,0.01,0.0,0.0,normal,normal,alta,19,historico dia_util,2.0
I23JC012769Q,12,,dia_util,0.0,0.0,0.01,0.0,0.0,normal,normal,alta,19,historico dia_util,2.0
I23JC012769Q,13,,dia_util,0.0,0.0,0.01,0.0,0.0,normal,normal,alta,19,historico dia_util,2.0
I23JC012769Q,14,,dia_util,0.0,0.0,0.01,0.0,0.0,normal,normal,alta,19,historico dia_util,2.0
I23JC012769Q,15,,dia_util,0.0,0.0,0.01,0.0,0.0,normal,normal,alta,20,historico dia_util,2.0
I23JC012769Q,16,,dia_util,0.0,0.0,0.01,0.0,0.0,normal,normal,alta,20,historico dia_util,2.0
I23JC012769Q,17,,dia_util,0.0,0.0,0.01,0.0,0.0,normal,normal,alta,20,historico dia_util,2.0
I23JC012769Q,18,,dia_util,0.0,0.0,0.01,0.0,0.0,normal,normal,alta,20,historico dia_util,2.0
I23JC012769Q,19,,dia_util,0.0,0.0,0.01,0.0,0.0,normal,normal,alta,19,historico dia_util,2.0
I23JC012769Q,20,,dia_util,0.0,0.0,0.01,0.0,0.0,normal,normal,alta,19,historico dia_util,2.0
I23JC012769Q,21,,dia_util,0.0,0.0,0.01,0.0,0.0,normal,normal,alta,19,historico dia_util,2.0
I23JC012769Q,22,,dia_util,0.0,0.0,0.01,0.0,0.0,normal,normal,alta,19,historico dia_util,2.0
I23JC012769Q,23,,dia_util,0.0,0.0,0.01,0.0,0.0,normal,normal,alta,17,historico dia_util,2.0
I23JC095866,0,,dia_util,0.052,0.0589,0.0147,-0.47,-0.47,normal,normal,alta,15,historico dia_util,2.0
I23JC095866,1,,dia_util,0.031,0.0645,0.1166,-0.29,-0.29,normal,normal,alta,17,historico dia_util,2.0
I23JC095866,2,,dia_util,0.023,0.026,0.01,-0.3,-0.3,normal,normal,alta,17,historico dia_util,2.0
I23JC095866,3,,dia_util,0.015,0.0212,0.01,-0.62,-0.62,normal,normal,alta,17,historico dia_util,2.0
I23JC095866,4,,dia_util,0.017,0.0266,0.0111,-0.87,-0.87,normal,normal,alta,17,historico dia_util,2.0
I23JC095866,5,,dia_util,0.03,0.0345,0.0103,-0.44,-0.44,normal,normal,alta,17,historico dia_util,2.0
I23JC095866,6,,dia_util,0.053,0.0752,0.0261,-0.85,-0.85,normal,normal,alta,17,historico dia_util,2.0
I23JC095866,7,,dia_util,0.127,0.1128,0.0423,0.34,0.34,normal,normal,alta,17,historico dia_util,2.0
I23JC095866,8,,dia_util,0.082,0.0845,0.0315,-0.08,-0.08,normal,normal,alta,17,historico dia_util,2.0
I23JC095866,9,,dia_util,0.055,0.0889,0.0508,-0.67,-0.67,normal,normal,alta,17,historico dia_util,2.0
I23JC095866,10,,dia_util,0.095,0.1076,0.0535,-0.24,-0.24,normal,normal,alta,17,historico dia_util,2.0
I23JC095866,11,,dia_util,0.07,0.0984,0.0398,-0.71,-0.71,normal,normal,alta,17,historico dia_util,2.0
I23JC095866,12,,dia_util,0.136,0.1235,0.0359,0.35,0.35,normal,normal,alta,17,historico dia_util,2.0
I23JC095866,13,,dia_util,0.061,0.1252,0.0652,-0.99,-0.99,normal,normal,alta,17,historico dia_util,2.0
I23JC095866,14,,dia_util,0.086,0.0929,0.0412,-0.17,-0.17,normal,normal,alta,17,historico dia_util,2.0
I23JC095866,15,,dia_util,0.082,0.1224,0.0498,-0.81,-0.81,normal,normal,alta,17,historico dia_util,2.0
I23JC095866,16,,dia_util,0.132,0.1346,0.0535,-0.05,-0.05,normal,normal,alta,17,historico dia_util,2.0
I23JC095866,17,,dia_util,0.117,0.1756,0.0563,-1.04,-1.04,normal,normal,alta,17,historico dia_util,2.0
I23JC095866,18,,dia_util,0.201,0.2096,0.0524,-0.16,-0.16,normal,normal,alta,17,historico dia_util,2.0
I23JC095866,19,,dia_util,0.334,0.2215,0.0554,2.03,2.03,desvio,acima,alta,17,historico dia_util,2.0
I23JC095866,20,,dia_util,0.432,0.2239,0.056,3.72,3.72,desvio,acima,alta,17,historico dia_util,2.0
I23JC095866,21,,dia_util,0.278,0.1754,0.0439,2.33,2.33,desvio,acima,alta,16,historico dia_util,2.0
I23JC095866,22,,dia_util,0.095,0.1279,0.032,-1.03,-1.03,normal,normal,alta,16,historico dia_util,2.0
I23JC095866,23,,dia_util,0.085,0.0791,0.0244,0.24,0.24,normal,normal,alta,16,historico dia_util,2.0
I23JC095867,0,,dia_util,0.028,0.07,0.0543,-0.77,-0.77,normal,normal,alta,16,historico dia_util,2.0
I23JC095867,1,,dia_util,0.017,0.0333,0.0317,-0.51,-0.51,normal,normal,alta,17,historico dia_util,2.0
I23JC095867,2,,dia_util,0.003,0.0125,0.0101,-0.94,-0.94,normal,normal,alta,17,historico dia_util,2.0
I23JC095867,3,,dia_util,0.0,0.0066,0.01,-0.66,-0.66,normal,normal,alta,17,historico dia_util,2.0
I23JC095867,4,,dia_util,0.003,0.0045,0.01,-0.15,-0.15,normal,normal,alta,17,historico dia_util,2.0
I23JC095867,5,,dia_util,0.004,0.0026,0.01,0.14,0.14,normal,normal,alta,17,historico dia_util,2.0
I23JC095867,6,,dia_util,0.01,0.0084,0.0105,0.16,0.16,normal,normal,alta,17,historico dia_util,2.0
I23JC095867,7,,dia_util,0.132,0.128,0.0385,0.1,0.1,normal,normal,alta,17,historico dia_util,2.0
I23JC095867,8,,dia_util,0.112,0.1446,0.0451,-0.72,-0.72,normal,normal,alta,17,historico dia_util,2.0
I23JC095867,9,,dia_util,0.118,0.0833,0.0407,0.85,0.85,normal,normal,alta,17,historico dia_util,2.0
I23JC095867,10,,dia_util,0.241,0.1261,0.0551,2.08,2.08,desvio,acima,alta,17,historico dia_util,2.0
I23JC095867,11,,dia_util,0.044,0.0896,0.0387,-1.18,-1.18,normal,normal,alta,17,historico dia_util,2.0
I23JC095867,12,,dia_util,0.068,0.1348,0.0889,-0.75,-0.75,normal,normal,alta,16,historico dia_util,2.0
I23JC095867,13,,dia_util,0.129,0.109,0.0649,0.31,0.31,normal,normal,alta,16,historico dia_util,2.0
I23JC095867,14,,dia_util,0.039,0.0951,0.0586,-0.96,-0.96,normal,normal,alta,16,historico dia_util,2.0
I23JC095867,15,,dia_util,0.063,0.0931,0.0648,-0.46,-0.46,normal,normal,alta,16,historico dia_util,2.0
I23JC095867,16,,dia_util,0.079,0.1166,0.1292,-0.29,-0.29,normal,normal,alta,17,historico dia_util,2.0
I23JC095867,17,,dia_util,0.115,0.1029,0.0726,0.17,0.17,normal,normal,alta,17,historico dia_util,2.0
I23JC095867,18,,dia_util,0.206,0.1491,0.0877,0.65,0.65,normal,normal,alta,17,historico dia_util,2.0
I23JC095867,19,,dia_util,0.254,0.3058,0.1312,-0.39,-0.39,normal,normal,alta,17,historico dia_util,2.0
I23JC095867,20,,dia_util,0.433,0.2868,0.086,1.7,1.7,normal,normal,alta,17,historico dia_util,2.0
I23JC095867,21,,dia_util,0.23,0.2503,0.1353,-0.15,-0.15,normal,normal,alta,17,historico dia_util,2.0
I23JC095867,22,,dia_util,0.215,0.2244,0.0877,-0.11,-0.11,normal,normal,alta,17,historico dia_util,2.0
I23JC095867,23,,dia_util,0.154,0.1498,0.0699,0.06,0.06,normal,normal,alta,17,historico dia_util,2.0
I23JC095869,0,,dia_util,0.114,0.0838,0.0301,1.0,1.0,normal,normal,alta,13,historico dia_util,2.0
I23JC095869,1,,dia_util,0.062,0.3152,0.6541,-0.39,-0.39,normal,normal,alta,16,historico dia_util,2.0
I23JC095869,2,,dia_util,0.058,0.0353,0.01,2.27,2.27,desvio,acima,alta,16,historico dia_util,2.0
I23JC095869,3,,dia_util,0.052,0.0355,0.01,1.65,1.65,normal,normal,alta,16,historico dia_util,2.0
I23JC095869,4,,dia_util,0.064,0.0586,0.0307,0.18,0.18,normal,normal,alta,16,historico dia_util,2.0
I23JC095869,5,,dia_util,0.112,0.0799,0.05,0.64,0.64,normal,normal,alta,15,historico dia_util,2.0
I23JC095869,6,,dia_util,0.372,0.3147,0.0787,0.73,0.73,normal,normal,alta,15,historico dia_util,2.0
I23JC095869,7,,dia_util,0.276,0.3066,0.0766,-0.4,-0.4,normal,normal,alta,15,historico dia_util,2.0
I23JC095869,8,,dia_util,0.201,0.2854,0.0713,-1.18,-1.18,normal,normal,alta,15,historico dia_util,2.0
I23JC095869,9,,dia_util,0.188,0.3304,0.3122,-0.46,-0.46,normal,normal,alta,17,historico dia_util,2.0
I23JC095869,10,,dia_util,0.281,0.2471,0.0747,0.45,0.45,normal,normal,alta,17,historico dia_util,2.0
I23JC095869,11,,dia_util,0.258,0.2649,0.0662,-0.1,-0.1,normal,normal,alta,17,historico dia_util,2.0
I23JC095869,12,,dia_util,0.292,0.2948,0.1165,-0.02,-0.02,normal,normal,alta,17,historico dia_util,2.0
I23JC095869,13,,dia_util,0.191,0.2741,0.0685,-1.21,-1.21,normal,normal,alta,16,historico dia_util,2.0
I23JC095869,14,,dia_util,0.187,0.1836,0.0706,0.05,0.05,normal,normal,alta,16,historico dia_util,2.0
I23JC095869,15,,dia_util,0.127,0.1329,0.0461,-0.13,-0.13,normal,normal,alta,16,historico dia_util,2.0
I23JC095869,16,,dia_util,0.074,0.1382,0.0678,-0.95,-0.95,normal,normal,alta,16,historico dia_util,2.0
I23JC095869,21,,dia_util,1.808,0.3373,0.0843,10.0,17.44,desvio,acima,alta,13,historico dia_util,2.0
I23JC095869,22,,dia_util,0.197,0.2555,0.0645,-0.91,-0.91,normal,normal,alta,13,historico dia_util,2.0
I23JC095869,23,,dia_util,0.163,0.1893,0.0822,-0.32,-0.32,normal,normal,alta,13,historico dia_util,2.0
I23JC095870,0,,dia_util,0.213,0.1439,0.0456,1.52,1.52,normal,normal,alta,15,historico dia_util,2.0
I23JC095870,1,,dia_util,0.153,0.1155,0.052,0.72,0.72,normal,normal,alta,17,historico dia_util,2.0
I23JC095870,2,,dia_util,0.066,0.0773,0.0255,-0.44,-0.44,normal,normal,alta,16,historico dia_util,2.0
I23JC095870,3,,dia_util,0.057,0.0594,0.0168,-0.14,-0.14,normal,normal,alta,16,historico dia_util,2.0
I23JC095870,4,,dia_util,0.052,0.0499,0.0189,0.11,0.11,normal,normal,alta,16,historico dia_util,2.0
I23JC095870,5,,dia_util,0.058,0.0589,0.0207,-0.04,-0.04,normal,normal,alta,16,historico dia_util,2.0
I23JC095870,6,,dia_util,0.119,0.1486,0.1329,-0.22,-0.22,normal,normal,alta,17,historico dia_util,2.0
I23JC095870,7,,dia_util,0.317,0.4294,0.1073,-1.05,-1.05,normal,normal,alta,17,historico dia_util,2.0
I23JC095870,8,,dia_util,0.411,0.2387,0.0737,2.34,2.34,desvio,acima,alta,17,historico dia_util,2.0
I23JC095870,9,,dia_util,0.208,0.2953,0.1164,-0.75,-0.75,normal,normal,alta,17,historico dia_util,2.0
I23JC095870,10,,dia_util,0.304,0.2749,0.1124,0.26,0.26,normal,normal,alta,14,historico dia_util,2.0
I23JC095870,11,,dia_util,0.258,0.261,0.0945,-0.03,-0.03,normal,normal,alta,14,historico dia_util,2.0
I23JC095870,12,,dia_util,0.344,0.2848,0.1013,0.58,0.58,normal,normal,alta,14,historico dia_util,2.0
I23JC095870,13,,dia_util,0.367,0.3386,0.1113,0.26,0.26,normal,normal,alta,14,historico dia_util,2.0
I23JC095870,14,,dia_util,0.338,0.5201,0.4491,-0.41,-0.41,normal,normal,alta,17,historico dia_util,2.0
I23JC095870,15,,dia_util,0.234,0.2735,0.0898,-0.44,-0.44,normal,normal,alta,17,historico dia_util,2.0
I23JC095870,16,,dia_util,0.186,0.2506,0.0949,-0.68,-0.68,normal,normal,alta,17,historico dia_util,2.0
I23JC095870,17,,dia_util,0.146,0.2235,0.0957,-0.81,-0.81,normal,normal,alta,17,historico dia_util,2.0
I23JC095870,18,,dia_util,0.346,0.3137,0.0858,0.38,0.38,normal,normal,alta,16,historico dia_util,2.0
I23JC095870,19,,dia_util,0.411,0.3885,0.0971,0.23,0.23,normal,normal,alta,16,historico dia_util,2.0
I23JC095870,20,,dia_util,0.487,0.4474,0.1118,0.35,0.35,normal,normal,alta,16,historico dia_util,2.0
I23JC095870,21,,dia_util,0.434,0.3997,0.0999,0.34,0.34,normal,normal,alta,16,historico dia_util,2.0
I23JC095870,22,,dia_util,0.282,0.4089,0.3263,-0.39,-0.39,normal,normal,alta,17,historico dia_util,2.0
I23JC095870,23,,dia_util,0.096,0.2454,0.0865,-1.73,-1.73,normal,normal,alta,17,historico dia_util,2.0
I23JC095961O,0,,dia_util,0.017,0.3084,0.2157,-1.35,-1.35,normal,normal,alta,14,historico dia_util,2.0
I23JC095961O,1,,dia_util,0.008,0.2918,0.2178,-1.3,-1.3,normal,normal,alta,15,historico dia_util,2.0
I23JC095961O,2,,dia_util,0.017,0.2863,0.2161,-1.25,-1.25,normal,normal,alta,15,historico dia_util,2.0
I23JC095961O,3,,dia_util,0.018,0.2837,0.2196,-1.21,-1.21,normal,normal,alta,17,historico dia_util,2.0
I23JC095961O,4,,dia_util,0.007,0.2584,0.2193,-1.15,-1.15,normal,normal,alta,17,historico dia_util,2.0
I23JC095961O,5,,dia_util,0.017,0.2608,0.217,-1.12,-1.12,normal,normal,alta,17,historico dia_util,2.0
I23JC095961O,6,,dia_util,0.014,0.2606,0.2154,-1.15,-1.15,normal,normal,alta,17,historico dia_util,2.0
I23JC095961O,7,,dia_util,0.008,0.2568,0.21,-1.18,-1.18,normal,normal,alta,17,historico dia_util,2.0
I23JC095961O,8,,dia_util,0.019,0.2486,0.196,-1.17,-1.17,normal,normal,alta,17,historico dia_util,2.0
I23JC095961O,9,,dia_util,0.903,0.2853,0.2016,3.06,3.06,desvio,acima,alta,17,historico dia_util,2.0
I23JC095961O,10,,dia_util,1.909,0.6308,0.4393,2.91,2.91,desvio,acima,alta,17,historico dia_util,2.0
I23JC095961O,11,,dia_util,5.251,0.971,0.9843,4.35,4.35,desvio,acima,alta,16,historico dia_util,2.0
I23JC095961O,12,,dia_util,7.768,0.4287,0.2358,10.0,31.12,desvio,acima,alta,16,historico dia_util,2.0
I23JC095961O,13,,dia_util,7.754,0.3173,0.1838,10.0,40.46,desvio,acima,alta,16,historico dia_util,2.0
I23JC095961O,14,,dia_util,7.756,0.3225,0.1747,10.0,42.55,desvio,acima,alta,16,historico dia_util,2.0
I23JC095961O,15,,dia_util,7.836,0.9169,0.9082,7.62,7.62,desvio,acima,alta,17,historico dia_util,2.0
I23JC095961O,16,,dia_util,7.942,0.8858,1.1091,6.36,6.36,desvio,acima,alta,17,historico dia_util,2.0
I23JC095961O,17,,dia_util,8.016,0.5018,0.5424,10.0,13.85,desvio,acima,alta,17,historico dia_util,2.0
I23JC095961O,18,,dia_util,7.947,0.2345,0.1952,10.0,39.5,desvio,acima,alta,17,historico dia_util,2.0
I23JC095961O,19,,dia_util,7.809,0.2341,0.2041,10.0,37.12,desvio,acima,alta,17,historico dia_util,2.0
I23JC095961O,20,,dia_util,7.698,0.2249,0.1915,10.0,39.02,desvio,acima,alta,17,historico dia_util,2.0
I23JC095961O,21,,dia_util,7.693,0.2196,0.1926,10.0,38.8,desvio,acima,alta,17,historico dia_util,2.0
I23JC095961O,22,,dia_util,7.763,0.2197,0.1993,10.0,37.85,desvio,acima,alta,17,historico dia_util,2.0
I23JC095961O,23,,dia_util,7.936,0.2358,0.2071,10.0,37.18,desvio,acima,alta,16,historico dia_util,2.0
I23JC096059X,0,,dia_util,0.119,0.0824,0.0654,0.56,0.56,normal,normal,alta,20,historico dia_util,2.0
I23JC096059X,1,,dia_util,0.28,0.0365,0.0351,6.93,6.93,desvio,acima,alta,20,historico dia_util,2.0
I23JC096059X,2,,dia_util,0.283,0.0222,0.026,10.0,10.04,desvio,acima,alta,20,historico dia_util,2.0
I23JC096059X,3,,dia_util,0.027,0.0085,0.01,1.85,1.85,normal,normal,alta,20,historico dia_util,2.0
I23JC096059X,4,,dia_util,0.005,0.025,0.0129,-1.54,-1.54,normal,normal,alta,20,historico dia_util,2.0
I23JC096059X,5,,dia_util,0.036,0.0219,0.0269,0.53,0.53,normal,normal,alta,20,historico dia_util,2.0
I23JC096059X,6,,dia_util,0.105,0.1583,0.0528,-1.01,-1.01,normal,normal,alta,20,historico dia_util,2.0
I23JC096059X,7,,dia_util,0.262,0.2827,0.0715,-0.29,-0.29,normal,normal,alta,20,historico dia_util,2.0
I23JC096059X,8,,dia_util,0.234,0.2425,0.1324,-0.06,-0.06,normal,normal,alta,20,historico dia_util,2.0
I23JC096059X,9,,dia_util,0.434,0.1899,0.0912,2.68,2.68,desvio,acima,alta,20,historico dia_util,2.0
I23JC096059X,10,,dia_util,0.276,0.2162,0.1621,0.37,0.37,normal,normal,alta,20,historico dia_util,2.0
I23JC096059X,11,,dia_util,0.238,0.1756,0.0734,0.85,0.85,normal,normal,alta,20,historico dia_util,2.0
I23JC096059X,12,,dia_util,0.225,0.2015,0.076,0.31,0.31,normal,normal,alta,20,historico dia_util,2.0
I23JC096059X,13,,dia_util,0.289,0.2774,0.0959,0.12,0.12,normal,normal,alta,20,historico dia_util,2.0
I23JC096059X,14,,dia_util,0.189,0.2432,0.0866,-0.63,-0.63,normal,normal,alta,20,historico dia_util,2.0
I23JC096059X,15,,dia_util,0.249,0.2964,0.3649,-0.13,-0.13,normal,normal,alta,20,historico dia_util,2.0
I23JC096059X,16,,dia_util,0.277,0.2086,0.1072,0.64,0.64,normal,normal,alta,20,historico dia_util,2.0
I23JC096059X,17,,dia_util,0.225,0.3598,0.1364,-0.99,-0.99,normal,normal,alta,20,historico dia_util,2.0
I23JC096059X,18,,dia_util,0.523,0.534,0.1335,-0.08,-0.08,normal,normal,alta,20,historico dia_util,2.0
I23JC096059X,19,,dia_util,0.752,0.4711,0.1178,2.39,2.39,desvio,acima,alta,20,historico dia_util,2.0
I23JC096059X,20,,dia_util,0.293,0.4244,0.1531,-0.86,-0.86,normal,normal,alta,20,historico dia_util,2.0
I23JC096059X,21,,dia_util,0.317,0.3484,0.0871,-0.36,-0.36,normal,normal,alta,20,historico dia_util,2.0
I23JC096059X,22,,dia_util,0.264,0.2836,0.083,-0.24,-0.24,normal,normal,alta,20,historico dia_util,2.0
I23JC096059X,23,,dia_util,0.068,0.1568,0.0802,-1.11,-1.11,normal,normal,alta,20,historico dia_util,2.0
I23JC096060Q,0,,dia_util,0.038,0.0275,0.0261,0.4,0.4,normal,normal,alta,19,historico dia_util,2.0
I23JC096060Q,1,,dia_util,0.002,0.0114,0.01,-0.94,-0.94,normal,normal,alta,19,historico dia_util,2.0
I23JC096060Q,2,,dia_util,0.007,0.0211,0.0205,-0.69,-0.69,normal,normal,alta,19,historico dia_util,2.0
I23JC096060Q,3,,dia_util,0.008,0.0048,0.01,0.32,0.32,normal,normal,alta,19,historico dia_util,2.0
I23JC096060Q,4,,dia_util,0.001,0.0067,0.0101,-0.56,-0.56,normal,normal,alta,20,historico dia_util,2.0
I23JC096060Q,5,,dia_util,0.006,0.006,0.01,0.0,0.0,normal,normal,alta,20,historico dia_util,2.0
I23JC096060Q,6,,dia_util,0.012,0.0144,0.0173,-0.14,-0.14,normal,normal,alta,20,historico dia_util,2.0
I23JC096060Q,7,,dia_util,0.029,0.0654,0.0178,-2.04,-2.04,desvio,abaixo,alta,20,historico dia_util,2.0
I23JC096060Q,8,,dia_util,0.106,0.0916,0.0428,0.34,0.34,normal,normal,alta,19,historico dia_util,2.0
I23JC096060Q,9,,dia_util,0.093,0.0775,0.0342,0.45,0.45,normal,normal,alta,19,historico dia_util,2.0
I23JC096060Q,10,,dia_util,0.091,0.0731,0.0545,0.33,0.33,normal,normal,alta,19,historico dia_util,2.0
I23JC096060Q,11,,dia_util,0.111,0.0677,0.0418,1.04,1.04,normal,normal,alta,19,historico dia_util,2.0
I23JC096060Q,12,,dia_util,0.171,0.1292,0.1068,0.39,0.39,normal,normal,alta,20,historico dia_util,2.0
I23JC096060Q,13,,dia_util,0.149,0.1071,0.0456,0.92,0.92,normal,normal,alta,20,historico dia_util,2.0
I23JC096060Q,14,,dia_util,0.209,0.1257,0.0547,1.52,1.52,normal,normal,alta,20,historico dia_util,2.0
I23JC096060Q,15,,dia_util,0.023,0.0821,0.0429,-1.38,-1.38,normal,normal,alta,20,historico dia_util,2.0
I23JC096060Q,16,,dia_util,0.123,0.0462,0.0318,2.42,2.42,desvio,acima,alta,20,historico dia_util,2.0
I23JC096060Q,17,,dia_util,0.066,0.062,0.0391,0.1,0.1,normal,normal,alta,20,historico dia_util,2.0
I23JC096060Q,18,,dia_util,0.101,0.0973,0.0457,0.08,0.08,normal,normal,alta,20,historico dia_util,2.0
I23JC096060Q,19,,dia_util,0.227,0.1977,0.1016,0.29,0.29,normal,normal,alta,20,historico dia_util,2.0
I23JC096060Q,20,,dia_util,0.225,0.1389,0.056,1.54,1.54,normal,normal,alta,20,historico dia_util,2.0
I23JC096060Q,21,,dia_util,0.073,0.1042,0.0476,-0.65,-0.65,normal,normal,alta,20,historico dia_util,2.0
I23JC096060Q,22,,dia_util,0.14,0.0851,0.0556,0.99,0.99,normal,normal,alta,20,historico dia_util,2.0
I23JC096060Q,23,,dia_util,0.022,0.0821,0.0761,-0.79,-0.79,normal,normal,alta,20,historico dia_util,2.0
I23JC096061R,0,,dia_util,0.046,0.0362,0.0245,0.4,0.4,normal,normal,alta,20,historico dia_util,2.0
I23JC096061R,1,,dia_util,0.003,0.0138,0.0193,-0.56,-0.56,normal,normal,alta,20,historico dia_util,2.0
I23JC096061R,2,,dia_util,0.001,0.0089,0.01,-0.78,-0.78,normal,normal,alta,20,historico dia_util,2.0
I23JC096061R,3,,dia_util,0.007,0.0055,0.01,0.15,0.15,normal,normal,alta,20,historico dia_util,2.0
I23JC096061R,4,,dia_util,0.002,0.0051,0.01,-0.31,-0.31,normal,normal,alta,20,historico dia_util,2.0
I23JC096061R,5,,dia_util,0.003,0.0038,0.01,-0.08,-0.08,normal,normal,alta,20,historico dia_util,2.0
I23JC096061R,6,,dia_util,0.013,0.0253,0.01,-1.23,-1.23,normal,normal,alta,20,historico dia_util,2.0
I23JC096061R,7,,dia_util,0.01,0.0225,0.0129,-0.96,-0.96,normal,normal,alta,20,historico dia_util,2.0
I23JC096061R,8,,dia_util,0.036,0.0335,0.016,0.16,0.16,normal,normal,alta,20,historico dia_util,2.0
I23JC096061R,9,,dia_util,0.037,0.0497,0.0543,-0.23,-0.23,normal,normal,alta,20,historico dia_util,2.0
I23JC096061R,10,,dia_util,0.064,0.0398,0.0495,0.49,0.49,normal,normal,alta,20,historico dia_util,2.0
I23JC096061R,11,,dia_util,0.118,0.0373,0.0206,3.92,3.92,desvio,acima,alta,20,historico dia_util,2.0
I23JC096061R,12,,dia_util,0.116,0.051,0.0379,1.71,1.71,normal,normal,alta,20,historico dia_util,2.0
I23JC096061R,13,,dia_util,0.026,0.101,0.0452,-1.66,-1.66,normal,normal,alta,20,historico dia_util,2.0
I23JC096061R,14,,dia_util,0.005,0.0336,0.0271,-1.06,-1.06,normal,normal,alta,20,historico dia_util,2.0
I23JC096061R,15,,dia_util,0.002,0.0463,0.0415,-1.07,-1.07,normal,normal,alta,20,historico dia_util,2.0
I23JC096061R,16,,dia_util,0.009,0.0239,0.0286,-0.52,-0.52,normal,normal,alta,20,historico dia_util,2.0
I23JC096061R,17,,dia_util,0.01,0.0387,0.0527,-0.54,-0.54,normal,normal,alta,20,historico dia_util,2.0
I23JC096061R,18,,dia_util,0.016,0.0448,0.0382,-0.75,-0.75,normal,normal,alta,20,historico dia_util,2.0
I23JC096061R,19,,dia_util,0.199,0.1167,0.0516,1.59,1.59,normal,normal,alta,20,historico dia_util,2.0
I23JC096061R,20,,dia_util,0.174,0.1506,0.047,0.5,0.5,normal,normal,alta,20,historico dia_util,2.0
I23JC096061R,21,,dia_util,0.13,0.1146,0.044,0.35,0.35,normal,normal,alta,20,historico dia_util,2.0
I23JC096061R,22,,dia_util,0.071,0.0672,0.0375,0.1,0.1,normal,normal,alta,20,historico dia_util,2.0
I23JC096061R,23,,dia_util,0.02,0.0433,0.0242,-0.96,-0.96,normal,normal,alta,20,historico dia_util,2.0
I23JC096062S,0,,dia_util,0.007,0.0179,0.0155,-0.71,-0.71,normal,normal,alta,16,historico dia_util,2.0
I23JC096062S,1,,dia_util,0.008,0.013,0.0212,-0.24,-0.24,normal,normal,alta,17,historico dia_util,2.0
I23JC096062S,2,,dia_util,0.0,0.0078,0.0174,-0.45,-0.45,normal,normal,alta,17,historico dia_util,2.0
I23JC096062S,3,,dia_util,0.01,0.0129,0.0364,-0.08,-0.08,normal,normal,alta,17,historico dia_util,2.0
I23JC096062S,4,,dia_util,0.011,0.0072,0.0215,0.18,0.18,normal,normal,alta,17,historico dia_util,2.0
I23JC096062S,5,,dia_util,0.022,0.0135,0.01,0.85,0.85,normal,normal,alta,17,historico dia_util,2.0
I23JC096062S,6,,dia_util,0.013,0.0488,0.0202,-1.78,-1.78,normal,normal,alta,17,historico dia_util,2.0
I23JC096062S,7,,dia_util,0.121,0.0888,0.0358,0.9,0.9,normal,normal,alta,17,historico dia_util,2.0
I23JC096062S,8,,dia_util,0.024,0.0214,0.0184,0.14,0.14,normal,normal,alta,17,historico dia_util,2.0
I23JC096062S,9,,dia_util,0.022,0.0674,0.0495,-0.92,-0.92,normal,normal,alta,17,historico dia_util,2.0
I23JC096062S,10,,dia_util,0.023,0.0611,0.0528,-0.72,-0.72,normal,normal,alta,17,historico dia_util,2.0
I23JC096062S,11,,dia_util,0.025,0.0605,0.0535,-0.66,-0.66,normal,normal,alta,17,historico dia_util,2.0
I23JC096062S,12,,dia_util,0.068,0.0428,0.0407,0.62,0.62,normal,normal,alta,17,historico dia_util,2.0
I23JC096062S,13,,dia_util,0.01,0.0581,0.0395,-1.22,-1.22,normal,normal,alta,17,historico dia_util,2.0
I23JC096062S,14,,dia_util,0.004,0.046,0.0395,-1.06,-1.06,normal,normal,alta,17,historico dia_util,2.0
I23JC096062S,15,,dia_util,0.053,0.0402,0.0402,0.32,0.32,normal,normal,alta,17,historico dia_util,2.0
I23JC096062S,16,,dia_util,0.057,0.0557,0.0585,0.02,0.02,normal,normal,alta,17,historico dia_util,2.0
I23JC096062S,17,,dia_util,0.003,0.0931,0.0518,-1.74,-1.74,normal,normal,alta,16,historico dia_util,2.0
I23JC096062S,18,,dia_util,0.288,0.2418,0.105,0.44,0.44,normal,normal,alta,16,historico dia_util,2.0
I23JC096062S,19,,dia_util,0.082,0.1381,0.0506,-1.11,-1.11,normal,normal,alta,16,historico dia_util,2.0
I23JC096062S,20,,dia_util,0.209,0.0953,0.06,1.9,1.9,normal,normal,alta,16,historico dia_util,2.0
I23JC096062S,21,,dia_util,0.086,0.1144,0.1214,-0.23,-0.23,normal,normal,alta,17,historico dia_util,2.0
I23JC096062S,22,,dia_util,0.172,0.0471,0.0379,3.3,3.3,desvio,acima,alta,17,historico dia_util,2.0
I23JC096062S,23,,dia_util,0.032,0.0718,0.0416,-0.96,-0.96,normal,normal,alta,17,historico dia_util,2.0
I23JC096063T,0,,dia_util,0.028,0.0995,0.0575,-1.24,-1.24,normal,normal,alta,17,historico dia_util,2.0
I23JC096063T,1,,dia_util,0.025,0.0719,0.1589,-0.29,-0.29,normal,normal,alta,18,historico dia_util,2.0
I23JC096063T,2,,dia_util,0.012,0.0249,0.013,-1.0,-1.0,normal,normal,alta,18,historico dia_util,2.0
I23JC096063T,3,,dia_util,0.019,0.0194,0.0118,-0.03,-0.03,normal,normal,alta,18,historico dia_util,2.0
I23JC096063T,4,,dia_util,0.016,0.02,0.01,-0.4,-0.4,normal,normal,alta,18,historico dia_util,2.0
I23JC096063T,5,,dia_util,0.022,0.0279,0.0269,-0.22,-0.22,normal,normal,alta,19,historico dia_util,2.0
I23JC096063T,6,,dia_util,0.136,0.0287,0.017,6.3,6.3,desvio,acima,alta,19,historico dia_util,2.0
I23JC096063T,7,,dia_util,0.192,0.1274,0.0352,1.83,1.83,normal,normal,alta,19,historico dia_util,2.0
I23JC096063T,8,,dia_util,0.156,0.1611,0.0658,-0.08,-0.08,normal,normal,alta,19,historico dia_util,2.0
I23JC096063T,9,,dia_util,0.072,0.1837,0.1105,-1.01,-1.01,normal,normal,alta,20,historico dia_util,2.0
I23JC096063T,10,,dia_util,0.038,0.1029,0.0361,-1.8,-1.8,normal,normal,alta,20,historico dia_util,2.0
I23JC096063T,11,,dia_util,0.098,0.1139,0.0597,-0.27,-0.27,normal,normal,alta,20,historico dia_util,2.0
I23JC096063T,12,,dia_util,0.089,0.1314,0.065,-0.65,-0.65,normal,normal,alta,20,historico dia_util,2.0
I23JC096063T,13,,dia_util,0.1,0.151,0.0749,-0.68,-0.68,normal,normal,alta,20,historico dia_util,2.0
I23JC096063T,14,,dia_util,0.225,0.2184,0.0764,0.09,0.09,normal,normal,alta,20,historico dia_util,2.0
I23JC096063T,15,,dia_util,0.089,0.1135,0.0686,-0.36,-0.36,normal,normal,alta,20,historico dia_util,2.0
I23JC096063T,16,,dia_util,0.073,0.1284,0.0789,-0.7,-0.7,normal,normal,alta,20,historico dia_util,2.0
I23JC096063T,17,,dia_util,0.191,0.1595,0.0725,0.43,0.43,normal,normal,alta,20,historico dia_util,2.0
I23JC096063T,18,,dia_util,0.338,0.1963,0.0703,2.02,2.02,desvio,acima,alta,20,historico dia_util,2.0
I23JC096063T,19,,dia_util,0.261,0.2831,0.1034,-0.21,-0.21,normal,normal,alta,20,historico dia_util,2.0
I23JC096063T,20,,dia_util,0.215,0.3617,0.0904,-1.62,-1.62,normal,normal,alta,20,historico dia_util,2.0
I23JC096063T,21,,dia_util,0.185,0.2572,0.0714,-1.01,-1.01,normal,normal,alta,19,historico dia_util,2.0
I23JC096063T,22,,dia_util,0.125,0.2161,0.0705,-1.29,-1.29,normal,normal,alta,19,historico dia_util,2.0
I23JC096063T,23,,dia_util,0.071,0.14,0.0583,-1.18,-1.18,normal,normal,alta,19,historico dia_util,2.0
I23JE044621,0,,dia_util,0.005,0.0678,0.1524,-0.41,-0.41,normal,normal,alta,20,historico dia_util,2.0
I23JE044621,1,,dia_util,0.006,0.0649,0.1501,-0.39,-0.39,normal,normal,alta,20,historico dia_util,2.0
I23JE044621,2,,dia_util,0.005,0.0643,0.15,-0.4,-0.4,normal,normal,alta,20,historico dia_util,2.0
I23JE044621,3,,dia_util,0.006,0.0646,0.1517,-0.39,-0.39,normal,normal,alta,20,historico dia_util,2.0
I23JE044621,4,,dia_util,0.006,0.0636,0.1516,-0.38,-0.38,normal,normal,alta,20,historico dia_util,2.0
I23JE044621,5,,dia_util,0.005,0.066,0.1509,-0.4,-0.4,normal,normal,alta,20,historico dia_util,2.0
I23JE044621,6,,dia_util,0.006,0.0701,0.1502,-0.43,-0.43,normal,normal,alta,20,historico dia_util,2.0
I23JE044621,7,,dia_util,0.028,0.0786,0.1546,-0.33,-0.33,normal,normal,alta,20,historico dia_util,2.0
I23JE044621,8,,dia_util,0.051,0.0927,0.0896,-0.46,-0.46,normal,normal,alta,20,historico dia_util,2.0
I23JE044621,9,,dia_util,0.107,0.1199,0.1283,-0.1,-0.1,normal,normal,alta,20,historico dia_util,2.0
I23JE044621,10,,dia_util,0.163,0.1562,0.0624,0.11,0.11,normal,normal,alta,20,historico dia_util,2.0
I23JE044621,11,,dia_util,0.284,0.1462,0.103,1.34,1.34,normal,normal,alta,20,historico dia_util,2.0
I23JE044621,12,,dia_util,0.232,0.2099,0.0635,0.35,0.35,normal,normal,alta,20,historico dia_util,2.0
I23JE044621,13,,dia_util,0.338,0.2018,0.1464,0.93,0.93,normal,normal,alta,20,historico dia_util,2.0
I23JE044621,14,,dia_util,0.184,0.1527,0.0502,0.62,0.62,normal,normal,alta,20,historico dia_util,2.0
I23JE044621,15,,dia_util,0.123,0.141,0.0579,-0.31,-0.31,normal,normal,alta,20,historico dia_util,2.0
I23JE044621,16,,dia_util,0.095,0.1058,0.075,-0.14,-0.14,normal,normal,alta,20,historico dia_util,2.0
I23JE044621,17,,dia_util,0.071,0.0809,0.0348,-0.28,-0.28,normal,normal,alta,20,historico dia_util,2.0
I23JE044621,18,,dia_util,0.071,0.0693,0.0567,0.03,0.03,normal,normal,alta,20,historico dia_util,2.0
I23JE044621,19,,dia_util,0.051,0.1095,0.0999,-0.59,-0.59,normal,normal,alta,20,historico dia_util,2.0
I23JE044621,20,,dia_util,0.062,0.075,0.1062,-0.12,-0.12,normal,normal,alta,20,historico dia_util,2.0
I23JE044621,21,,dia_util,0.057,0.0533,0.1142,0.03,0.03,normal,normal,alta,20,historico dia_util,2.0
I23JE044621,22,,dia_util,0.021,0.0485,0.109,-0.25,-0.25,normal,normal,alta,20,historico dia_util,2.0
I23JE044621,23,,dia_util,0.01,0.052,0.1183,-0.35,-0.35,normal,normal,alta,20,historico dia_util,2.0
I23LA005760,0,,dia_util,0.0,0.0,0.01,0.0,0.0,normal,normal,alta,15,historico dia_util,2.0
I23LA005760,1,,dia_util,0.0,0.0,0.01,0.0,0.0,normal,normal,alta,16,historico dia_util,2.0
I23LA005760,2,,dia_util,0.0,0.0,0.01,0.0,0.0,normal,normal,alta,17,historico dia_util,2.0
I23LA005760,3,,dia_util,0.0,0.0,0.01,0.0,0.0,normal,normal,alta,17,historico dia_util,2.0
I23LA005760,4,,dia_util,0.0,0.0,0.01,0.0,0.0,normal,normal,alta,17,historico dia_util,2.0
I23LA005760,5,,dia_util,0.0,0.0,0.01,0.0,0.0,normal,normal,alta,17,historico dia_util,2.0
I23LA005760,6,,dia_util,0.0,0.0,0.01,0.0,0.0,normal,normal,alta,16,historico dia_util,2.0
I23LA005760,7,,dia_util,0.0,0.0,0.01,0.0,0.0,normal,normal,alta,16,historico dia_util,2.0
I23LA005760,8,,dia_util,0.002,0.0002,0.01,0.18,0.18,normal,normal,alta,16,historico dia_util,2.0
I23LA005760,9,,dia_util,0.0,0.1214,0.3016,-0.4,-0.4,normal,normal,alta,16,historico dia_util,2.0
I23LA005760,10,,dia_util,0.0,0.092,0.2311,-0.4,-0.4,normal,normal,alta,17,historico dia_util,2.0
I23LA005760,11,,dia_util,0.0,0.0004,0.01,-0.04,-0.04,normal,normal,alta,17,historico dia_util,2.0
I23LA005760,12,,dia_util,0.0,0.0001,0.01,-0.01,-0.01,normal,normal,alta,17,historico dia_util,2.0
I23LA005760,13,,dia_util,0.0,0.0093,0.0383,-0.24,-0.24,normal,normal,alta,17,historico dia_util,2.0
I23LA005760,14,,dia_util,0.0,0.002,0.01,-0.2,-0.2,normal,normal,alta,17,historico dia_util,2.0
I23LA005760,15,,dia_util,0.0,0.0005,0.01,-0.05,-0.05,normal,normal,alta,17,historico dia_util,2.0
I23LA005760,16,,dia_util,0.0,0.0001,0.01,-0.01,-0.01,normal,normal,alta,17,historico dia_util,2.0
I23LA005760,17,,dia_util,0.001,0.0005,0.01,0.05,0.05,normal,normal,alta,17,historico dia_util,2.0
I23LA005760,18,,dia_util,0.0,0.0004,0.01,-0.04,-0.04,normal,normal,alta,17,historico dia_util,2.0
I23LA005760,19,,dia_util,0.0,0.0002,0.01,-0.02,-0.02,normal,normal,alta,17,historico dia_util,2.0
I23LA005760,20,,dia_util,0.0,0.0012,0.01,-0.12,-0.12,normal,normal,alta,17,historico dia_util,2.0
I23LA005760,21,,dia_util,0.0,0.0,0.01,0.0,0.0,normal,normal,alta,17,historico dia_util,2.0
I23LA005760,22,,dia_util,0.0,0.0,0.01,0.0,0.0,normal,normal,alta,16,historico dia_util,2.0
I23LA005760,23,,dia_util,0.0,0.0,0.01,0.0,0.0,normal,normal,alta,16,historico dia_util,2.0
I23LA005956,0,,dia_util,0.0,0.0,0.01,0.0,0.0,normal,normal,alta,17,historico dia_util,2.0
I23LA005956,1,,dia_util,0.0,0.0,0.01,0.0,0.0,normal,normal,alta,20,historico dia_util,2.0
I23LA005956,2,,dia_util,0.0,0.0,0.01,0.0,0.0,normal,normal,alta,20,historico dia_util,2.0
I23LA005956,3,,dia_util,0.0,0.0,0.01,0.0,0.0,normal,normal,alta,20,historico dia_util,2.0
I23LA005956,4,,dia_util,0.0,0.0,0.01,0.0,0.0,normal,normal,alta,20,historico dia_util,2.0
I23LA005956,5,,dia_util,0.0,0.0,0.01,0.0,0.0,normal,normal,alta,19,historico dia_util,2.0
I23LA005956,6,,dia_util,0.0,0.0,0.01,0.0,0.0,normal,normal,alta,19,historico dia_util,2.0
I23LA005956,7,,dia_util,0.0,0.0,0.01,0.0,0.0,normal,normal,alta,19,historico dia_util,2.0
I23LA005956,8,,dia_util,0.0,0.0,0.01,0.0,0.0,normal,normal,alta,19,historico dia_util,2.0
I23LA005956,9,,dia_util,0.0,0.0,0.01,0.0,0.0,normal,normal,alta,17,historico dia_util,2.0
I23LA005956,10,,dia_util,0.0,0.0007,0.01,-0.07,-0.07,normal,normal,alta,17,historico dia_util,2.0
I23LA005956,11,,dia_util,0.0,0.0004,0.01,-0.04,-0.04,normal,normal,alta,17,historico dia_util,2.0
I23LA005956,12,,dia_util,0.0,0.0,0.01,0.0,0.0,normal,normal,alta,17,historico dia_util,2.0
I23LA005956,13,,dia_util,0.0,0.0,0.01,0.0,0.0,normal,normal,alta,17,historico dia_util,2.0
I23LA005956,14,,dia_util,0.0,0.0,0.01,0.0,0.0,normal,normal,alta,17,historico dia_util,2.0
I23LA005956,15,,dia_util,0.0,0.0004,0.01,-0.04,-0.04,normal,normal,alta,17,historico dia_util,2.0
I23LA005956,16,,dia_util,0.0,0.0,0.01,0.0,0.0,normal,normal,alta,17,historico dia_util,2.0
I23LA005956,17,,dia_util,0.0,0.0,0.01,0.0,0.0,normal,normal,alta,19,historico dia_util,2.0
I23LA005956,18,,dia_util,0.0,0.0,0.01,0.0,0.0,normal,normal,alta,19,historico dia_util,2.0
I23LA005956,19,,dia_util,0.0,0.0,0.01,0.0,0.0,normal,normal,alta,19,historico dia_util,2.0
I23LA005956,20,,dia_util,0.0,0.0,0.01,0.0,0.0,normal,normal,alta,19,historico dia_util,2.0
I23LA005956,21,,dia_util,0.0,0.0,0.01,0.0,0.0,normal,normal,alta,18,historico dia_util,2.0
I23LA005956,22,,dia_util,0.0,0.0,0.01,0.0,0.0,normal,normal,alta,18,historico dia_util,2.0
I23LA005956,23,,dia_util,0.0,0.0,0.01,0.0,0.0,normal,normal,alta,18,historico dia_util,2.0
I23LA005976,22,,dia_util,0.0,0.0,0.01,0.0,0.0,normal,normal,baixa,2,historico dia_util (poucos dados),2.0
I23LA005976,23,,dia_util,0.0,0.0,0.01,0.0,0.0,normal,normal,baixa,2,historico dia_util (poucos dados),2.0
I23LA005984,0,,dia_util,0.0,0.0,0.01,0.0,0.0,normal,normal,alta,11,historico dia_util,2.0
I23LA005984,1,,dia_util,0.0,0.0003,0.01,-0.03,-0.03,normal,normal,alta,16,historico dia_util,2.0
I23LA005984,2,,dia_util,0.0,0.0,0.01,0.0,0.0,normal,normal,alta,16,historico dia_util,2.0
I23LA005984,3,,dia_util,0.0,0.0,0.01,0.0,0.0,normal,normal,alta,16,historico dia_util,2.0
I23LA005984,4,,dia_util,0.0,0.0,0.01,0.0,0.0,normal,normal,alta,16,historico dia_util,2.0
I23LA005984,5,,dia_util,0.0,0.0,0.01,0.0,0.0,normal,normal,alta,15,historico dia_util,2.0
I23LA005984,6,,dia_util,0.0,0.0,0.01,0.0,0.0,normal,normal,alta,15,historico dia_util,2.0
I23LA005984,7,,dia_util,0.0,0.0,0.01,0.0,0.0,normal,normal,alta,15,historico dia_util,2.0
I23LA005984,8,,dia_util,0.0,0.0,0.01,0.0,0.0,normal,normal,alta,15,historico dia_util,2.0
I23LA005984,9,,dia_util,0.0,0.0048,0.0141,-0.34,-0.34,normal,normal,alta,11,historico dia_util,2.0
I23LA005984,10,,dia_util,0.0,0.0,0.01,0.0,0.0,normal,normal,alta,11,historico dia_util,2.0
I23LA005984,11,,dia_util,0.0,0.0,0.01,0.0,0.0,normal,normal,alta,11,historico dia_util,2.0
I23LA005984,12,,dia_util,0.0,0.0005,0.01,-0.05,-0.05,normal,normal,alta,11,historico dia_util,2.0
I23LA005984,13,,dia_util,0.0,0.0046,0.0158,-0.29,-0.29,normal,normal,alta,13,historico dia_util,2.0
I23LA005984,14,,dia_util,0.0,0.0,0.01,0.0,0.0,normal,normal,alta,13,historico dia_util,2.0
I23LA005984,15,,dia_util,0.0,0.0,0.01,0.0,0.0,normal,normal,alta,13,historico dia_util,2.0
I23LA005984,16,,dia_util,0.0,0.0,0.01,0.0,0.0,normal,normal,alta,13,historico dia_util,2.0
I23LA005984,21,,dia_util,0.0,0.0041,0.0136,-0.3,-0.3,normal,normal,alta,11,historico dia_util,2.0
I23LA005984,22,,dia_util,0.0,0.0,0.01,0.0,0.0,normal,normal,alta,11,historico dia_util,2.0
I23LA005984,23,,dia_util,0.0,0.0,0.01,0.0,0.0,normal,normal,alta,11,historico dia_util,2.0
I23LA005997,0,,dia_util,0.0,0.0,0.01,0.0,0.0,normal,normal,alta,17,historico dia_util,2.0
I23LA005997,1,,dia_util,0.0,0.0,0.01,0.0,0.0,normal,normal,alta,19,historico dia_util,2.0
I23LA005997,2,,dia_util,0.0,0.0,0.01,0.0,0.0,normal,normal,alta,19,historico dia_util,2.0
I23LA005997,7,,dia_util,0.0,0.0,0.01,0.0,0.0,normal,normal,alta,17,historico dia_util,2.0
I23LA005997,8,,dia_util,0.0,0.0002,0.01,-0.02,-0.02,normal,normal,alta,17,historico dia_util,2.0
I23LA005997,9,,dia_util,0.0,0.0038,0.0145,-0.26,-0.26,normal,normal,alta,17,historico dia_util,2.0
I23LA005997,10,,dia_util,0.005,0.0005,0.01,0.45,0.45,normal,normal,alta,17,historico dia_util,2.0
I23LA005997,15,,dia_util,0.0,0.0021,0.01,-0.21,-0.21,normal,normal,alta,18,historico dia_util,2.0
I23LA005997,16,,dia_util,0.0,0.0012,0.01,-0.12,-0.12,normal,normal,alta,18,historico dia_util,2.0
I23LA005997,17,,dia_util,0.0,0.0006,0.01,-0.06,-0.06,normal,normal,alta,18,historico dia_util,2.0
I23LA005997,18,,dia_util,0.0,0.0021,0.01,-0.21,-0.21,normal,normal,alta,18,historico dia_util,2.0
I23LA005997,19,,dia_util,0.0,0.0008,0.01,-0.07,-0.07,normal,normal,alta,20,historico dia_util,2.0
I23LA005997,20,,dia_util,0.0,0.0,0.01,0.0,0.0,normal,normal,alta,20,historico dia_util,2.0
I23LA005997,21,,dia_util,0.0,0.0,0.01,0.0,0.0,normal,normal,alta,20,historico dia_util,2.0
I23LA005997,22,,dia_util,0.0,0.0,0.01,0.0,0.0,normal,normal,alta,20,historico dia_util,2.0
I23LA005997,23,,dia_util,0.0,0.0,0.01,0.0,0.0,normal,normal,alta,19,historico dia_util,2.0
I23LA006021,7,,dia_util,0.0,0.0,0.01,0.0,0.0,normal,normal,alta,14,historico dia_util,2.0
I23LA006021,8,,dia_util,0.0,0.0,0.01,0.0,0.0,normal,normal,alta,14,historico dia_util,2.0
I23LA006021,9,,dia_util,0.0,0.0,0.01,0.0,0.0,normal,normal,alta,14,historico dia_util,2.0
I23LA006021,10,,dia_util,0.0,0.0007,0.01,-0.07,-0.07,normal,normal,alta,14,historico dia_util,2.0
I23LA007145,0,,dia_util,0.0,0.0,0.01,0.0,0.0,normal,normal,alta,16,historico dia_util,2.0
I23LA007145,1,,dia_util,0.0,0.0,0.01,0.0,0.0,normal,normal,alta,13,historico dia_util,2.0
I23LA007145,2,,dia_util,0.0,0.0,0.01,0.0,0.0,normal,normal,alta,18,historico dia_util,2.0
I23LA007145,3,,dia_util,0.0,0.0,0.01,0.0,0.0,normal,normal,alta,18,historico dia_util,2.0
I23LA007145,4,,dia_util,0.0,0.0,0.01,0.0,0.0,normal,normal,alta,18,historico dia_util,2.0
I23LA007145,9,,dia_util,0.0,0.0,0.01,0.0,0.0,normal,normal,alta,12,historico dia_util,2.0
I23LA007145,10,,dia_util,0.0,0.0,0.01,0.0,0.0,normal,normal,alta,16,historico dia_util,2.0
I23LA007145,11,,dia_util,0.0,0.0004,0.01,-0.04,-0.04,normal,normal,alta,16,historico dia_util,2.0
I23LA007145,12,,dia_util,0.0,0.0,0.01,0.0,0.0,normal,normal,alta,16,historico dia_util,2.0
I23LA007145,14,,dia_util,0.0,0.0,0.01,0.0,0.0,normal,normal,alta,17,historico dia_util,2.0
I23LA007145,15,,dia_util,0.0,0.0,0.01,0.0,0.0,normal,normal,alta,17,historico dia_util,2.0
I23LA007145,16,,dia_util,0.0,0.0,0.01,0.0,0.0,normal,normal,alta,17,historico dia_util,2.0
I23LA007145,17,,dia_util,0.0,0.0003,0.01,-0.03,-0.03,normal,normal,alta,17,historico dia_util,2.0
I23LA007145,18,,dia_util,0.0,0.0,0.01,0.0,0.0,normal,normal,alta,18,historico dia_util,2.0
I23LA007145,19,,dia_util,0.0,0.0,0.01,0.0,0.0,normal,normal,alta,18,historico dia_util,2.0
I23LA007145,20,,dia_util,0.0,0.0,0.01,0.0,0.0,normal,normal,alta,18,historico dia_util,2.0
I23LA007145,21,,dia_util,0.0,0.0,0.01,0.0,0.0,normal,normal,alta,15,historico dia_util,2.0
I23LA007145,22,,dia_util,0.0,0.0,0.01,0.0,0.0,normal,normal,alta,16,historico dia_util,2.0
I23LA007145,23,,dia_util,0.0,0.0,0.01,0.0,0.0,normal,normal,alta,16,historico dia_util,2.0
I23LA007187,6,,dia_util,0.0,0.0108,0.022,-0.49,-0.49,normal,normal,alta,5,historico dia_util,2.0
I23LA007187,7,,dia_util,0.0,0.0,0.01,0.0,0.0,normal,normal,alta,5,historico dia_util,2.0
I23LA007187,8,,dia_util,0.0,0.0014,0.01,-0.14,-0.14,normal,normal,alta,5,historico dia_util,2.0
I23LA007187,9,,dia_util,0.001,0.005,0.01,-0.4,-0.4,normal,normal,alta,5,historico dia_util,2.0
I23LA007187,18,,dia_util,0.0,0.02,0.0336,-0.6,-0.6,normal,normal,alta,6,historico dia_util,2.0
I23LA007187,19,,dia_util,0.0,0.0,0.01,0.0,0.0,normal,normal,alta,6,historico dia_util,2.0
I23LA007187,20,,dia_util,0.0,0.0,0.01,0.0,0.0,normal,normal,alta,6,historico dia_util,2.0
I23LA007187,21,,dia_util,0.0,0.0,0.01,0.0,0.0,normal,normal,alta,6,historico dia_util,2.0
I23LA007231,0,,dia_util,0.0,0.0,0.01,0.0,0.0,normal,normal,alta,16,historico dia_util,2.0
I23LA007231,1,,dia_util,0.0,0.0,0.01,0.0,0.0,normal,normal,alta,18,historico dia_util,2.0
I23LA007231,2,,dia_util,0.0,0.0,0.01,0.0,0.0,normal,normal,alta,20,historico dia_util,2.0
I23LA007231,3,,dia_util,0.0,0.0,0.01,0.0,0.0,normal,normal,alta,20,historico dia_util,2.0
I23LA007231,4,,dia_util,0.0,0.0,0.01,0.0,0.0,normal,normal,alta,20,historico dia_util,2.0
I23LA007231,5,,dia_util,0.0,0.0,0.01,0.0,0.0,normal,normal,alta,20,historico dia_util,2.0
I23LA007231,6,,dia_util,0.0,0.0,0.01,0.0,0.0,normal,normal,alta,19,historico dia_util,2.0
I23LA007231,7,,dia_util,0.0,0.0,0.01,0.0,0.0,normal,normal,alta,19,historico dia_util,2.0
I23LA007231,8,,dia_util,0.0,0.0,0.01,0.0,0.0,normal,normal,alta,19,historico dia_util,2.0
I23LA007231,9,,dia_util,0.0,0.0,0.01,0.0,0.0,normal,normal,alta,19,historico dia_util,2.0
I23LA007231,10,,dia_util,0.0,0.0,0.01,0.0,0.0,normal,normal,alta,16,historico dia_util,2.0
I23LA007231,11,,dia_util,0.0,0.0,0.01,0.0,0.0,normal,normal,alta,16,historico dia_util,2.0
I23LA007231,12,,dia_util,0.0,0.0,0.01,0.0,0.0,normal,normal,alta,16,historico dia_util,2.0
I23LA007231,13,,dia_util,0.0,0.0004,0.01,-0.04,-0.04,normal,normal,alta,16,historico dia_util,2.0
I23LA007231,14,,dia_util,0.0,0.0015,0.01,-0.15,-0.15,normal,normal,alta,19,historico dia_util,2.0
I23LA007231,15,,dia_util,0.0,0.0002,0.01,-0.02,-0.02,normal,normal,alta,19,historico dia_util,2.0
I23LA007231,16,,dia_util,0.0,0.0,0.01,0.0,0.0,normal,normal,alta,19,historico dia_util,2.0
I23LA007231,17,,dia_util,0.0,0.0012,0.01,-0.12,-0.12,normal,normal,alta,19,historico dia_util,2.0
I23LA007231,18,,dia_util,0.0,0.0043,0.019,-0.22,-0.22,normal,normal,alta,20,historico dia_util,2.0
I23LA007231,19,,dia_util,0.0,0.0,0.01,0.0,0.0,normal,normal,alta,20,historico dia_util,2.0
I23LA007231,20,,dia_util,0.0,0.0,0.01,0.0,0.0,normal,normal,alta,20,historico dia_util,2.0
I23LA007231,21,,dia_util,0.0,0.0,0.01,0.0,0.0,normal,normal,alta,20,historico dia_util,2.0
I23LA007231,22,,dia_util,0.0,0.0,0.01,0.0,0.0,normal,normal,alta,18,historico dia_util,2.0
I23LA007231,23,,dia_util,0.0,0.0,0.01,0.0,0.0,normal,normal,alta,18,historico dia_util,2.0
I23LA009785,0,,dia_util,0.12,0.1067,0.0267,0.5,0.5,normal,normal,alta,20,historico dia_util,2.0
I23LA009785,1,,dia_util,0.12,0.1075,0.0269,0.47,0.47,normal,normal,alta,20,historico dia_util,2.0
I23LA009785,2,,dia_util,0.12,0.1077,0.0269,0.46,0.46,normal,normal,alta,20,historico dia_util,2.0
I23LA009785,3,,dia_util,0.12,0.1079,0.027,0.45,0.45,normal,normal,alta,20,historico dia_util,2.0
I23LA009785,4,,dia_util,0.12,0.1077,0.0269,0.46,0.46,normal,normal,alta,20,historico dia_util,2.0
I23LA009785,5,,dia_util,0.12,0.1078,0.0269,0.45,0.45,normal,normal,alta,20,historico dia_util,2.0
I23LA009785,6,,dia_util,0.118,0.105,0.0262,0.5,0.5,normal,normal,alta,20,historico dia_util,2.0
I23LA009785,7,,dia_util,0.124,0.1182,0.0295,0.2,0.2,normal,normal,alta,20,historico dia_util,2.0
I23LA009785,8,,dia_util,0.331,0.1662,0.0583,2.83,2.83,desvio,acima,alta,20,historico dia_util,2.0
I23LA009785,9,,dia_util,0.245,0.2563,0.0886,-0.13,-0.13,normal,normal,alta,20,historico dia_util,2.0
I23LA009785,10,,dia_util,0.358,0.4286,0.1674,-0.42,-0.42,normal,normal,alta,20,historico dia_util,2.0
I23LA009785,11,,dia_util,0.366,0.4832,0.1779,-0.66,-0.66,normal,normal,alta,20,historico dia_util,2.0
I23LA009785,12,,dia_util,0.335,0.4697,0.2351,-0.57,-0.57,normal,normal,alta,20,historico dia_util,2.0
I23LA009785,13,,dia_util,0.551,0.489,0.1581,0.39,0.39,normal,normal,alta,20,historico dia_util,2.0
I23LA009785,14,,dia_util,0.308,0.4329,0.1624,-0.77,-0.77,normal,normal,alta,20,historico dia_util,2.0
I23LA009785,15,,dia_util,0.559,0.5529,0.1565,0.04,0.04,normal,normal,alta,20,historico dia_util,2.0
I23LA009785,16,,dia_util,0.574,0.451,0.1822,0.67,0.67,normal,normal,alta,20,historico dia_util,2.0
I23LA009785,17,,dia_util,0.181,0.2628,0.1537,-0.53,-0.53,normal,normal,alta,20,historico dia_util,2.0
I23LA009785,18,,dia_util,0.127,0.216,0.107,-0.83,-0.83,normal,normal,alta,20,historico dia_util,2.0
I23LA009785,19,,dia_util,0.097,0.1051,0.0263,-0.31,-0.31,normal,normal,alta,20,historico dia_util,2.0
I23LA009785,20,,dia_util,0.097,0.1031,0.0258,-0.24,-0.24,normal,normal,alta,20,historico dia_util,2.0
I23LA009785,21,,dia_util,0.098,0.1039,0.026,-0.23,-0.23,normal,normal,alta,20,historico dia_util,2.0
I23LA009785,22,,dia_util,0.1,0.1054,0.0263,-0.2,-0.2,normal,normal,alta,20,historico dia_util,2.0
I23LA009785,23,,dia_util,0.101,0.1067,0.0267,-0.21,-0.21,normal,normal,alta,20,historico dia_util,2.0
I23LA009886,1,,dia_util,0.0,0.0292,0.0418,-0.7,-0.7,normal,normal,alta,18,historico dia_util,2.0
I23LA009886,2,,dia_util,0.0,0.0168,0.0138,-1.22,-1.22,normal,normal,alta,18,historico dia_util,2.0
I23LA009886,3,,dia_util,0.0,0.0169,0.0138,-1.23,-1.23,normal,normal,alta,18,historico dia_util,2.0
I23LA009886,4,,dia_util,0.0,0.0168,0.0138,-1.22,-1.22,normal,normal,alta,18,historico dia_util,2.0
I23LA009886,9,,dia_util,0.0,0.0189,0.0133,-1.42,-1.42,normal,normal,alta,15,historico dia_util,2.0
I23LA009886,10,,dia_util,0.0,0.0198,0.0151,-1.31,-1.31,normal,normal,alta,15,historico dia_util,2.0
I23LA009886,11,,dia_util,0.0,0.0189,0.0139,-1.36,-1.36,normal,normal,alta,15,historico dia_util,2.0
I23LA009886,12,,dia_util,0.0,0.0191,0.0141,-1.36,-1.36,normal,normal,alta,15,historico dia_util,2.0
I23LA009886,17,,dia_util,0.0,0.0317,0.0456,-0.7,-0.7,normal,normal,alta,18,historico dia_util,2.0
I23LA009886,18,,dia_util,0.0,0.0141,0.0145,-0.97,-0.97,normal,normal,alta,18,historico dia_util,2.0
I23LA009886,19,,dia_util,0.0,0.014,0.0144,-0.97,-0.97,normal,normal,alta,18,historico dia_util,2.0
I23LA009886,20,,dia_util,0.0,0.0141,0.0145,-0.97,-0.97,normal,normal,alta,18,historico dia_util,2.0
I23LA009886,21,,dia_util,0.0,0.0278,0.0606,-0.46,-0.46,normal,normal,alta,16,historico dia_util,2.0
I23LA009886,22,,dia_util,0.0,0.014,0.0145,-0.97,-0.97,normal,normal,alta,16,historico dia_util,2.0
I23LA009886,23,,dia_util,0.0,0.0138,0.0143,-0.97,-0.97,normal,normal,alta,16,historico dia_util,2.0
I23LA009888,0,,dia_util,0.0,0.0,0.01,0.0,0.0,normal,normal,alta,18,historico dia_util,2.0
I23LA009888,1,,dia_util,0.0,0.0003,0.01,-0.03,-0.03,normal,normal,alta,18,historico dia_util,2.0
I23LA009888,2,,dia_util,0.0,0.0,0.01,0.0,0.0,normal,normal,alta,18,historico dia_util,2.0
I23LA009888,3,,dia_util,0.0,0.0,0.01,0.0,0.0,normal,normal,alta,18,historico dia_util,2.0
I23LA009888,4,,dia_util,0.0,0.0,0.01,0.0,0.0,normal,normal,alta,18,historico dia_util,2.0
I23LA009888,5,,dia_util,0.0,0.0,0.01,0.0,0.0,normal,normal,alta,19,historico dia_util,2.0
I23LA009888,6,,dia_util,0.0,0.0,0.01,0.0,0.0,normal,normal,alta,19,historico dia_util,2.0
I23LA009888,7,,dia_util,0.0,0.0,0.01,0.0,0.0,normal,normal,alta,19,historico dia_util,2.0
I23LA009888,8,,dia_util,0.0,0.0,0.01,0.0,0.0,normal,normal,alta,19,historico dia_util,2.0
I23LA009888,9,,dia_util,0.0,0.0,0.01,0.0,0.0,normal,normal,alta,19,historico dia_util,2.0
I23LA009888,10,,dia_util,0.0,0.0003,0.01,-0.03,-0.03,normal,normal,alta,19,historico dia_util,2.0
I23LA009888,11,,dia_util,0.0,0.0,0.01,0.0,0.0,normal,normal,alta,19,historico dia_util,2.0
I23LA009888,12,,dia_util,0.0,0.0,0.01,0.0,0.0,normal,normal,alta,19,historico dia_util,2.0
I23LA009888,17,,dia_util,0.0,0.0,0.01,0.0,0.0,normal,normal,alta,17,historico dia_util,2.0
I23LA009888,18,,dia_util,0.0,0.0,0.01,0.0,0.0,normal,normal,alta,17,historico dia_util,2.0
I23LA009888,19,,dia_util,0.0,0.0,0.01,0.0,0.0,normal,normal,alta,17,historico dia_util,2.0
I23LA009888,20,,dia_util,0.0,0.0,0.01,0.0,0.0,normal,normal,alta,17,historico dia_util,2.0
I23LA009888,21,,dia_util,0.0,0.0,0.01,0.0,0.0,normal,normal,alta,19,historico dia_util,2.0
I23LA009888,22,,dia_util,0.0,0.0,0.01,0.0,0.0,normal,normal,alta,19,historico dia_util,2.0
I23LA009888,23,,dia_util,0.0,0.0,0.01,0.0,0.0,normal,normal,alta,19,historico dia_util,2.0
I23LA211678,0,,dia_util,0.0,0.0,0.01,0.0,0.0,normal,normal,alta,20,historico dia_util,2.0
I23LA211678,1,,dia_util,0.0,0.0,0.01,0.0,0.0,normal,normal,alta,20,historico dia_util,2.0
I23LA211678,2,,dia_util,0.0,0.0,0.01,0.0,0.0,normal,normal,alta,20,historico dia_util,2.0
I23LA211678,3,,dia_util,0.0,0.0,0.01,0.0,0.0,normal,normal,alta,20,historico dia_util,2.0
I23LA211678,4,,dia_util,0.0,0.0,0.01,0.0,0.0,normal,normal,alta,20,historico dia_util,2.0
I23LA211678,5,,dia_util,0.0,0.0,0.01,0.0,0.0,normal,normal,alta,20,historico dia_util,2.0
I23LA211678,6,,dia_util,0.0,0.0,0.01,0.0,0.0,normal,normal,alta,20,historico dia_util,2.0
I23LA211678,7,,dia_util,0.0,0.0,0.01,0.0,0.0,normal,normal,alta,20,historico dia_util,2.0
I23LA211678,8,,dia_util,0.0,0.0,0.01,0.0,0.0,normal,normal,alta,20,historico dia_util,2.0
I23LA211678,9,,dia_util,0.0,0.0,0.01,0.0,0.0,normal,normal,alta,20,historico dia_util,2.0
I23LA211678,10,,dia_util,0.0,0.0,0.01,0.0,0.0,normal,normal,alta,20,historico dia_util,2.0
I23LA211678,11,,dia_util,0.0,0.0,0.01,0.0,0.0,normal,normal,alta,20,historico dia_util,2.0
I23LA211678,12,,dia_util,0.0,0.0,0.01,0.0,0.0,normal,normal,alta,20,historico dia_util,2.0
I23LA211678,13,,dia_util,0.0,0.0,0.01,0.0,0.0,normal,normal,alta,20,historico dia_util,2.0
I23LA211678,14,,dia_util,0.0,0.0,0.01,0.0,0.0,normal,normal,alta,20,historico dia_util,2.0
I23LA211678,15,,dia_util,0.0,0.0,0.01,0.0,0.0,normal,normal,alta,20,historico dia_util,2.0
I23LA211678,16,,dia_util,0.0,0.0,0.01,0.0,0.0,normal,normal,alta,20,historico dia_util,2.0
I23LA211678,17,,dia_util,0.0,0.0008,0.01,-0.08,-0.08,normal,normal,alta,20,historico dia_util,2.0
I23LA211678,18,,dia_util,0.0,0.0017,0.01,-0.17,-0.17,normal,normal,alta,20,historico dia_util,2.0
I23LA211678,19,,dia_util,0.0,0.0004,0.01,-0.04,-0.04,normal,normal,alta,18,historico dia_util,2.0
I23LA211678,20,,dia_util,0.0,0.0004,0.01,-0.04,-0.04,normal,normal,alta,18,historico dia_util,2.0
I23LA211678,21,,dia_util,0.0,0.0,0.01,0.0,0.0,normal,normal,alta,18,historico dia_util,2.0
I23LA211678,22,,dia_util,0.0,0.0,0.01,0.0,0.0,normal,normal,alta,18,historico dia_util,2.0
I23LA211678,23,,dia_util,0.0,0.0001,0.01,-0.01,-0.01,normal,normal,alta,20,historico dia_util,2.0
I23LA212338,0,,dia_util,0.0,0.0,0.01,0.0,0.0,normal,normal,alta,18,historico dia_util,2.0
I23LA212338,1,,dia_util,0.0,0.0,0.01,0.0,0.0,normal,normal,alta,20,historico dia_util,2.0
I23LA212338,2,,dia_util,0.0,0.0,0.01,0.0,0.0,normal,normal,alta,20,historico dia_util,2.0
I23LA212338,3,,dia_util,0.0,0.0,0.01,0.0,0.0,normal,normal,alta,18,historico dia_util,2.0
I23LA212338,4,,dia_util,0.0,0.0,0.01,0.0,0.0,normal,normal,alta,18,historico dia_util,2.0
I23LA212338,5,,dia_util,0.0,0.0,0.01,0.0,0.0,normal,normal,alta,18,historico dia_util,2.0
I23LA212338,6,,dia_util,0.0,0.0,0.01,0.0,0.0,normal,normal,alta,18,historico dia_util,2.0
I23LA212338,7,,dia_util,0.0,0.0,0.01,0.0,0.0,normal,normal,alta,17,historico dia_util,2.0
I23LA212338,8,,dia_util,0.0,0.0,0.01,0.0,0.0,normal,normal,alta,17,historico dia_util,2.0
I23LA212338,9,,dia_util,0.0,0.0,0.01,0.0,0.0,normal,normal,alta,17,historico dia_util,2.0
I23LA212338,10,,dia_util,0.0,0.0,0.01,0.0,0.0,normal,normal,alta,17,historico dia_util,2.0
I23LA212338,11,,dia_util,0.0,0.0,0.01,0.0,0.0,normal,normal,alta,14,historico dia_util,2.0
I23LA212338,12,,dia_util,0.0,0.0,0.01,0.0,0.0,normal,normal,alta,14,historico dia_util,2.0
I23LA212338,13,,dia_util,0.0,0.0,0.01,0.0,0.0,normal,normal,alta,14,historico dia_util,2.0
I23LA212338,14,,dia_util,0.0,0.0,0.01,0.0,0.0,normal,normal,alta,14,historico dia_util,2.0
I23LA212338,15,,dia_util,0.0,0.0,0.01,0.0,0.0,normal,normal,alta,18,historico dia_util,2.0
I23LA212338,16,,dia_util,0.0,0.0,0.01,0.0,0.0,normal,normal,alta,18,historico dia_util,2.0
I23LA212338,17,,dia_util,0.0,0.0,0.01,0.0,0.0,normal,normal,alta,18,historico dia_util,2.0
I23LA212338,18,,dia_util,0.0,0.0,0.01,0.0,0.0,normal,normal,alta,18,historico dia_util,2.0
I23LA212338,19,,dia_util,0.0,0.0,0.01,0.0,0.0,normal,normal,alta,18,historico dia_util,2.0
I23LA212338,20,,dia_util,0.0,0.0,0.01,0.0,0.0,normal,normal,alta,18,historico dia_util,2.0
I23LA212338,21,,dia_util,0.0,0.0,0.01,0.0,0.0,normal,normal,alta,18,historico dia_util,2.0
I23LA212338,22,,dia_util,0.0,0.0,0.01,0.0,0.0,normal,normal,alta,18,historico dia_util,2.0
I23LA212338,23,,dia_util,0.0,0.0,0.01,0.0,0.0,normal,normal,alta,20,historico dia_util,2.0
I23LA212355,0,,dia_util,0.0,0.0,0.01,0.0,0.0,normal,normal,alta,17,historico dia_util,2.0
I23LA212355,1,,dia_util,0.0,0.0,0.01,0.0,0.0,normal,normal,alta,19,historico dia_util,2.0
I23LA212355,2,,dia_util,0.0,0.0,0.01,0.0,0.0,normal,normal,alta,19,historico dia_util,2.0
I23LA212355,3,,dia_util,0.0,0.0,0.01,0.0,0.0,normal,normal,alta,19,historico dia_util,2.0
I23LA212355,4,,dia_util,0.0,0.0,0.01,0.0,0.0,normal,normal,alta,19,historico dia_util,2.0
I23LA212355,5,,dia_util,0.0,0.0,0.01,0.0,0.0,normal,normal,alta,18,historico dia_util,2.0
I23LA212355,6,,dia_util,0.0,0.0,0.01,0.0,0.0,normal,normal,alta,18,historico dia_util,2.0
I23LA212355,7,,dia_util,0.0,0.0,0.01,0.0,0.0,normal,normal,alta,18,historico dia_util,2.0
I23LA212355,8,,dia_util,0.0,0.0,0.01,0.0,0.0,normal,normal,alta,18,historico dia_util,2.0
I23LA212355,9,,dia_util,0.0,0.0,0.01,0.0,0.0,normal,normal,alta,17,historico dia_util,2.0
I23LA212355,10,,dia_util,0.0,0.0,0.01,0.0,0.0,normal,normal,alta,17,historico dia_util,2.0
I23LA212355,11,,dia_util,0.0,0.0,0.01,0.0,0.0,normal,normal,alta,17,historico dia_util,2.0
I23LA212355,12,,dia_util,0.0,0.0,0.01,0.0,0.0,normal,normal,alta,17,historico dia_util,2.0
I23LA212355,13,,dia_util,0.0,0.0,0.01,0.0,0.0,normal,normal,alta,19,historico dia_util,2.0
I23LA212355,14,,dia_util,0.0,0.0,0.01,0.0,0.0,normal,normal,alta,19,historico dia_util,2.0
I23LA212355,15,,dia_util,0.0,0.0,0.01,0.0,0.0,normal,normal,alta,19,historico dia_util,2.0
I23LA212355,16,,dia_util,0.0,0.0,0.01,0.0,0.0,normal,normal,alta,19,historico dia_util,2.0
I23LA212355,17,,dia_util,0.0,0.0,0.01,0.0,0.0,normal,normal,alta,19,historico dia_util,2.0
I23LA212355,18,,dia_util,0.0,0.0,0.01,0.0,0.0,normal,normal,alta,19,historico dia_util,2.0
I23LA212355,19,,dia_util,0.0,0.0,0.01,0.0,0.0,normal,normal,alta,19,historico dia_util,2.0
I23LA212355,20,,dia_util,0.0,0.0,0.01,0.0,0.0,normal,normal,alta,19,historico dia_util,2.0
I23LA212355,21,,dia_util,0.0,0.0,0.01,0.0,0.0,normal,normal,alta,18,historico dia_util,2.0
I23LA212355,22,,dia_util,0.0,0.0,0.01,0.0,0.0,normal,normal,alta,18,historico dia_util,2.0
I23LA212355,23,,dia_util,0.0,0.0,0.01,0.0,0.0,normal,normal,alta,18,historico dia_util,2.0
I23LA212359,2,,dia_util,0.0,0.0,0.01,0.0,0.0,normal,normal,alta,9,historico dia_util,2.0
I23LA212359,3,,dia_util,0.0,0.0,0.01,0.0,0.0,normal,normal,alta,9,historico dia_util,2.0
I23LA212359,4,,dia_util,0.0,0.0,0.01,0.0,0.0,normal,normal,alta,9,historico dia_util,2.0
I23LA212359,5,,dia_util,0.0,0.0,0.01,0.0,0.0,normal,normal,alta,9,historico dia_util,2.0
I23LA212366,0,,dia_util,0.0,0.0,0.01,0.0,0.0,normal,normal,alta,19,historico dia_util,2.0
I23LA212366,1,,dia_util,0.0,0.0,0.01,0.0,0.0,normal,normal,alta,19,historico dia_util,2.0
I23LA212366,2,,dia_util,0.0,0.0,0.01,0.0,0.0,normal,normal,alta,19,historico dia_util,2.0
I23LA212366,3,,dia_util,0.0,0.0,0.01,0.0,0.0,normal,normal,alta,19,historico dia_util,2.0
I23LA212366,8,,dia_util,0.0,0.0,0.01,0.0,0.0,normal,normal,alta,16,historico dia_util,2.0
I23LA212366,9,,dia_util,0.0,0.0,0.01,0.0,0.0,normal,normal,alta,16,historico dia_util,2.0
I23LA212366,10,,dia_util,0.0,0.0,0.01,0.0,0.0,normal,normal,alta,16,historico dia_util,2.0
I23LA212366,11,,dia_util,0.0,0.0,0.01,0.0,0.0,normal,normal,alta,16,historico dia_util,2.0
I23LA212366,12,,dia_util,0.0,0.0,0.01,0.0,0.0,normal,normal,alta,18,historico dia_util,2.0
I23LA212366,13,,dia_util,0.0,0.0,0.01,0.0,0.0,normal,normal,alta,18,historico dia_util,2.0
I23LA212366,14,,dia_util,0.0,0.0,0.01,0.0,0.0,normal,normal,alta,18,historico dia_util,2.0
I23LA212366,15,,dia_util,0.0,0.0,0.01,0.0,0.0,normal,normal,alta,18,historico dia_util,2.0
I23LA212366,16,,dia_util,0.0,0.0,0.01,0.0,0.0,normal,normal,alta,20,historico dia_util,2.0
I23LA212366,17,,dia_util,0.0,0.0,0.01,0.0,0.0,normal,normal,alta,20,historico dia_util,2.0
I23LA212366,18,,dia_util,0.0,0.0,0.01,0.0,0.0,normal,normal,alta,20,historico dia_util,2.0
I23LA212366,19,,dia_util,0.0,0.0,0.01,0.0,0.0,normal,normal,alta,20,historico dia_util,2.0
I23LA213007,0,,dia_util,0.017,0.0089,0.0133,0.6,0.6,normal,normal,alta,18,historico dia_util,2.0
I23LA213007,1,,dia_util,0.0,0.0038,0.01,-0.38,-0.38,normal,normal,alta,20,historico dia_util,2.0
I23LA213007,2,,dia_util,0.004,0.0029,0.01,0.11,0.11,normal,normal,alta,20,historico dia_util,2.0
I23LA213007,3,,dia_util,0.0,0.003,0.01,-0.3,-0.3,normal,normal,alta,20,historico dia_util,2.0
I23LA213007,4,,dia_util,0.0,0.0016,0.01,-0.16,-0.16,normal,normal,alta,20,historico dia_util,2.0
I23LA213007,5,,dia_util,0.001,0.0014,0.01,-0.04,-0.04,normal,normal,alta,19,historico dia_util,2.0
I23LA213007,6,,dia_util,0.004,0.0041,0.01,-0.01,-0.01,normal,normal,alta,20,historico dia_util,2.0
I23LA213007,7,,dia_util,0.003,0.0037,0.01,-0.07,-0.07,normal,normal,alta,20,historico dia_util,2.0
I23LA213007,8,,dia_util,0.001,0.0074,0.01,-0.64,-0.64,normal,normal,alta,20,historico dia_util,2.0
I23LA213007,9,,dia_util,0.007,0.0037,0.01,0.33,0.33,normal,normal,alta,20,historico dia_util,2.0
I23LA213007,10,,dia_util,0.001,0.0065,0.01,-0.55,-0.55,normal,normal,alta,20,historico dia_util,2.0
I23LA213007,11,,dia_util,0.001,0.0026,0.01,-0.16,-0.16,normal,normal,alta,20,historico dia_util,2.0
I23LA213007,12,,dia_util,0.013,0.0043,0.01,0.87,0.87,normal,normal,alta,20,historico dia_util,2.0
I23LA213007,13,,dia_util,0.018,0.0096,0.01,0.84,0.84,normal,normal,alta,17,historico dia_util,2.0
I23LA213007,14,,dia_util,0.021,0.0082,0.0119,1.08,1.08,normal,normal,alta,20,historico dia_util,2.0
I23LA213007,15,,dia_util,0.0,0.0042,0.01,-0.42,-0.42,normal,normal,alta,20,historico dia_util,2.0
I23LA213007,16,,dia_util,0.006,0.0099,0.01,-0.39,-0.39,normal,normal,alta,20,historico dia_util,2.0
I23LA213007,17,,dia_util,0.001,0.0109,0.014,-0.71,-0.71,normal,normal,alta,18,historico dia_util,2.0
I23LA213007,18,,dia_util,0.009,0.0065,0.01,0.25,0.25,normal,normal,alta,20,historico dia_util,2.0
I23LA213007,19,,dia_util,0.0,0.0042,0.01,-0.41,-0.41,normal,normal,alta,20,historico dia_util,2.0
I23LA213007,20,,dia_util,0.0,0.0105,0.0146,-0.72,-0.72,normal,normal,alta,20,historico dia_util,2.0
I23LA213007,21,,dia_util,0.006,0.0053,0.01,0.07,0.07,normal,normal,alta,19,historico dia_util,2.0
I23LA213007,22,,dia_util,0.0,0.0112,0.0375,-0.3,-0.3,normal,normal,alta,20,historico dia_util,2.0
I23LA213007,23,,dia_util,0.001,0.0057,0.011,-0.43,-0.43,normal,normal,alta,20,historico dia_util,2.0
I23LA213385,0,,dia_util,0.001,0.0003,0.01,0.07,0.07,normal,normal,alta,15,historico dia_util,2.0
I23LA213385,4,,dia_util,0.0,0.0001,0.01,-0.01,-0.01,normal,normal,alta,19,historico dia_util,2.0
I23LA213385,5,,dia_util,0.0,0.0,0.01,0.0,0.0,normal,normal,alta,18,historico dia_util,2.0
I23LA213385,6,,dia_util,0.0,0.0,0.01,0.0,0.0,normal,normal,alta,18,historico dia_util,2.0
I23LA213385,7,,dia_util,0.0,0.0002,0.01,-0.02,-0.02,normal,normal,alta,18,historico dia_util,2.0
I23LA213385,12,,dia_util,0.001,0.0004,0.01,0.06,0.06,normal,normal,alta,17,historico dia_util,2.0
I23LA213385,13,,dia_util,0.001,0.0003,0.01,0.07,0.07,normal,normal,alta,20,historico dia_util,2.0
I23LA213385,14,,dia_util,0.0,0.0003,0.01,-0.03,-0.03,normal,normal,alta,20,historico dia_util,2.0
I23LA213385,15,,dia_util,0.0,0.0003,0.01,-0.03,-0.03,normal,normal,alta,20,historico dia_util,2.0
I23LA213385,16,,dia_util,0.0,0.0003,0.01,-0.03,-0.03,normal,normal,alta,19,historico dia_util,2.0
I23LA213385,17,,dia_util,0.001,0.0002,0.01,0.08,0.08,normal,normal,alta,19,historico dia_util,2.0
I23LA213385,18,,dia_util,0.0,0.0003,0.01,-0.03,-0.03,normal,normal,alta,19,historico dia_util,2.0
I23LA213385,19,,dia_util,0.0,0.0003,0.01,-0.03,-0.03,normal,normal,alta,19,historico dia_util,2.0
I23LA454934,0,,dia_util,0.0,0.0,0.01,0.0,0.0,normal,normal,alta,18,historico dia_util,2.0
I23LA454934,1,,dia_util,0.0,0.0,0.01,0.0,0.0,normal,normal,alta,18,historico dia_util,2.0
I23LA454934,2,,dia_util,0.0,0.0,0.01,0.0,0.0,normal,normal,alta,18,historico dia_util,2.0
I23LA454934,3,,dia_util,0.0,0.0,0.01,0.0,0.0,normal,normal,alta,18,historico dia_util,2.0
I23LA454934,4,,dia_util,0.0,0.0,0.01,0.0,0.0,normal,normal,alta,20,historico dia_util,2.0
I23LA454934,5,,dia_util,0.0,0.0,0.01,0.0,0.0,normal,normal,alta,20,historico dia_util,2.0
I23LA454934,6,,dia_util,0.0,0.0,0.01,0.0,0.0,normal,normal,alta,20,historico dia_util,2.0
I23LA454934,7,,dia_util,0.0,0.0,0.01,0.0,0.0,normal,normal,alta,20,historico dia_util,2.0
I23LA454934,8,,dia_util,0.0,0.0,0.01,0.0,0.0,normal,normal,alta,12,historico dia_util,2.0
I23LA454934,9,,dia_util,0.0,0.0,0.01,0.0,0.0,normal,normal,alta,14,historico dia_util,2.0
I23LA454934,10,,dia_util,0.0,0.0,0.01,0.0,0.0,normal,normal,alta,14,historico dia_util,2.0
I23LA454934,11,,dia_util,0.0,0.0,0.01,0.0,0.0,normal,normal,alta,14,historico dia_util,2.0
I23LA454934,12,,dia_util,0.0,0.0,0.01,0.0,0.0,normal,normal,alta,17,historico dia_util,2.0
I23LA454934,13,,dia_util,0.0,0.0,0.01,0.0,0.0,normal,normal,alta,17,historico dia_util,2.0
I23LA454934,14,,dia_util,0.0,0.0,0.01,0.0,0.0,normal,normal,alta,17,historico dia_util,2.0
I23LA454934,15,,dia_util,0.0,0.0,0.01,0.0,0.0,normal,normal,alta,17,historico dia_util,2.0
I23LA454934,16,,dia_util,0.0,0.0,0.01,0.0,0.0,normal,normal,alta,20,historico dia_util,2.0
I23LA454934,17,,dia_util,0.0,0.0,0.01,0.0,0.0,normal,normal,alta,20,historico dia_util,2.0
I23LA454934,18,,dia_util,0.0,0.0,0.01,0.0,0.0,normal,normal,alta,20,historico dia_util,2.0
I23LA454934,19,,dia_util,0.0,0.0,0.01,0.0,0.0,normal,normal,alta,20,historico dia_util,2.0
I23LA454934,20,,dia_util,0.0,0.0,0.01,0.0,0.0,normal,normal,alta,16,historico dia_util,2.0
I23LA454934,21,,dia_util,0.0,0.0,0.01,0.0,0.0,normal,normal,alta,15,historico dia_util,2.0
I23LA454934,22,,dia_util,0.0,0.0,0.01,0.0,0.0,normal,normal,alta,15,historico dia_util,2.0
I23LA454934,23,,dia_util,0.0,0.0,0.01,0.0,0.0,normal,normal,alta,15,historico dia_util,2.0
I23LA459839,0,,dia_util,0.0,0.0,0.01,0.0,0.0,normal,normal,alta,11,historico dia_util,2.0
I23LA459839,1,,dia_util,0.0,0.0,0.01,0.0,0.0,normal,normal,alta,12,historico dia_util,2.0
I23LA459839,2,,dia_util,0.0,0.0,0.01,0.0,0.0,normal,normal,alta,14,historico dia_util,2.0
I23LA459839,3,,dia_util,0.0,0.0,0.01,0.0,0.0,normal,normal,alta,14,historico dia_util,2.0
I23LA459839,4,,dia_util,0.0,0.0,0.01,0.0,0.0,normal,normal,alta,14,historico dia_util,2.0
I23LA459839,5,,dia_util,0.0,0.0,0.01,0.0,0.0,normal,normal,alta,14,historico dia_util,2.0
I23LA459839,6,,dia_util,0.0,0.0,0.01,0.0,0.0,normal,normal,alta,15,historico dia_util,2.0
I23LA459839,7,,dia_util,0.0,0.0,0.01,0.0,0.0,normal,normal,alta,15,historico dia_util,2.0
I23LA459839,8,,dia_util,0.0,0.0,0.01,0.0,0.0,normal,normal,alta,15,historico dia_util,2.0
I23LA459839,9,,dia_util,0.0,0.0,0.01,0.0,0.0,normal,normal,alta,15,historico dia_util,2.0
I23LA459839,10,,dia_util,0.0,0.0012,0.01,-0.12,-0.12,normal,normal,alta,10,historico dia_util,2.0
I23LA459839,11,,dia_util,0.0,0.0033,0.0104,-0.32,-0.32,normal,normal,alta,10,historico dia_util,2.0
I23LA459839,12,,dia_util,0.0,0.0,0.01,0.0,0.0,normal,normal,alta,10,historico dia_util,2.0
I23LA459839,13,,dia_util,0.0,0.0,0.01,0.0,0.0,normal,normal,alta,10,historico dia_util,2.0
I23LA459839,14,,dia_util,0.0,0.0114,0.0455,-0.25,-0.25,normal,normal,alta,16,historico dia_util,2.0
I23LA459839,15,,dia_util,0.0,0.0,0.01,0.0,0.0,normal,normal,alta,16,historico dia_util,2.0
I23LA459839,16,,dia_util,0.0,0.0,0.01,0.0,0.0,normal,normal,alta,16,historico dia_util,2.0
I23LA459839,17,,dia_util,0.0,0.0,0.01,0.0,0.0,normal,normal,alta,16,historico dia_util,2.0
I23LA459839,18,,dia_util,0.0,0.0,0.01,0.0,0.0,normal,normal,alta,19,historico dia_util,2.0
I23LA459839,19,,dia_util,0.0,0.005,0.0218,-0.23,-0.23,normal,normal,alta,19,historico dia_util,2.0
I23LA459839,20,,dia_util,0.0,0.0024,0.0103,-0.23,-0.23,normal,normal,alta,19,historico dia_util,2.0
I23LA459839,21,,dia_util,0.0,0.0678,0.0348,-1.95,-1.95,normal,normal,alta,19,historico dia_util,2.0
I23LA465873,0,,dia_util,0.0,0.0001,0.01,-0.01,-0.01,normal,normal,alta,18,historico dia_util,2.0
I23LA465873,1,,dia_util,0.0,0.0001,0.01,-0.01,-0.01,normal,normal,alta,20,historico dia_util,2.0
I23LA465873,2,,dia_util,0.0,0.0001,0.01,-0.01,-0.01,normal,normal,alta,20,historico dia_util,2.0
I23LA465873,3,,dia_util,0.0,0.0001,0.01,-0.01,-0.01,normal,normal,alta,20,historico dia_util,2.0
I23LA465873,4,,dia_util,0.0,0.0001,0.01,-0.01,-0.01,normal,normal,alta,19,historico dia_util,2.0
I23LA465873,5,,dia_util,0.0,0.0001,0.01,-0.01,-0.01,normal,normal,alta,20,historico dia_util,2.0
I23LA465873,6,,dia_util,0.0,0.0001,0.01,-0.01,-0.01,normal,normal,alta,20,historico dia_util,2.0
I23LA465873,7,,dia_util,0.0,0.0001,0.01,-0.01,-0.01,normal,normal,alta,20,historico dia_util,2.0
I23LA465873,8,,dia_util,0.0,0.0001,0.01,-0.01,-0.01,normal,normal,alta,19,historico dia_util,2.0
I23LA465873,9,,dia_util,0.0,0.0001,0.01,-0.01,-0.01,normal,normal,alta,20,historico dia_util,2.0
I23LA465873,10,,dia_util,0.034,0.0055,0.01,2.85,2.85,desvio,acima,alta,20,historico dia_util,2.0
I23LA465873,11,,dia_util,0.015,0.0016,0.01,1.33,1.33,normal,normal,alta,20,historico dia_util,2.0
I23LA465873,12,,dia_util,0.0,0.0039,0.01,-0.39,-0.39,normal,normal,alta,20,historico dia_util,2.0
I23LA465873,13,,dia_util,0.002,0.002,0.01,0.0,0.0,normal,normal,alta,20,historico dia_util,2.0
I23LA465873,14,,dia_util,0.011,0.0063,0.01,0.47,0.47,normal,normal,alta,20,historico dia_util,2.0
I23LA465873,15,,dia_util,0.014,0.0095,0.01,0.45,0.45,normal,normal,alta,20,historico dia_util,2.0
I23LA465873,16,,dia_util,0.0,0.0069,0.01,-0.69,-0.69,normal,normal,alta,19,historico dia_util,2.0
I23LA465873,17,,dia_util,0.0,0.0035,0.01,-0.35,-0.35,normal,normal,alta,20,historico dia_util,2.0
I23LA465873,18,,dia_util,0.005,0.0087,0.0107,-0.35,-0.35,normal,normal,alta,20,historico dia_util,2.0
I23LA465873,19,,dia_util,0.0,0.004,0.01,-0.4,-0.4,normal,normal,alta,20,historico dia_util,2.0
I23LA465873,20,,dia_util,0.0,0.0008,0.01,-0.08,-0.08,normal,normal,alta,19,historico dia_util,2.0
I23LA465873,21,,dia_util,0.0,0.0001,0.01,-0.01,-0.01,normal,normal,alta,20,historico dia_util,2.0
I23LA465873,22,,dia_util,0.0,0.0001,0.01,-0.01,-0.01,normal,normal,alta,20,historico dia_util,2.0
I23LA465873,23,,dia_util,0.0,0.0,0.01,0.0,0.0,normal,normal,alta,20,historico dia_util,2.0
I23LA545728,0,,dia_util,0.0,0.0,0.01,0.0,0.0,normal,normal,alta,17,historico dia_util,2.0
I23LA545728,1,,dia_util,0.0,0.0,0.01,0.0,0.0,normal,normal,alta,17,historico dia_util,2.0
I23LA545728,2,,dia_util,0.0,0.0,0.01,0.0,0.0,normal,normal,alta,20,historico dia_util,2.0
I23LA545728,3,,dia_util,0.0,0.0,0.01,0.0,0.0,normal,normal,alta,20,historico dia_util,2.0
I23LA545728,4,,dia_util,0.0,0.0,0.01,0.0,0.0,normal,normal,alta,20,historico dia_util,2.0
I23LA545728,5,,dia_util,0.0,0.0,0.01,0.0,0.0,normal,normal,alta,20,historico dia_util,2.0
I23LA545728,6,,dia_util,0.0,0.0,0.01,0.0,0.0,normal,normal,alta,19,historico dia_util,2.0
I23LA545728,7,,dia_util,0.0,0.0,0.01,0.0,0.0,normal,normal,alta,19,historico dia_util,2.0
I23LA545728,8,,dia_util,0.0,0.0,0.01,0.0,0.0,normal,normal,alta,19,historico dia_util,2.0
I23LA545728,9,,dia_util,0.0,0.0,0.01,0.0,0.0,normal,normal,alta,19,historico dia_util,2.0
I23LA545728,10,,dia_util,0.0,0.0,0.01,0.0,0.0,normal,normal,alta,17,historico dia_util,2.0
I23LA545728,11,,dia_util,0.0,0.0,0.01,0.0,0.0,normal,normal,alta,17,historico dia_util,2.0
I23LA545728,12,,dia_util,0.0,0.0,0.01,0.0,0.0,normal,normal,alta,17,historico dia_util,2.0
I23LA545728,13,,dia_util,0.0,0.0001,0.01,-0.01,-0.01,normal,normal,alta,17,historico dia_util,2.0
I23LA545728,14,,dia_util,0.0,0.0,0.01,0.0,0.0,normal,normal,alta,19,historico dia_util,2.0
I23LA545728,15,,dia_util,0.0,0.0,0.01,0.0,0.0,normal,normal,alta,19,historico dia_util,2.0
I23LA545728,16,,dia_util,0.0,0.0001,0.01,-0.01,-0.01,normal,normal,alta,19,historico dia_util,2.0
I23LA545728,17,,dia_util,0.0,0.0,0.01,0.0,0.0,normal,normal,alta,19,historico dia_util,2.0
I23LA545728,22,,dia_util,0.0,0.0,0.01,0.0,0.0,normal,normal,alta,17,historico dia_util,2.0
I23LA545728,23,,dia_util,0.0,0.0001,0.01,-0.01,-0.01,normal,normal,alta,17,historico dia_util,2.0
I23LA547069,0,,dia_util,0.0,0.0,0.01,0.0,0.0,normal,normal,alta,18,historico dia_util,2.0
I23LA547069,1,,dia_util,0.0,0.0,0.01,0.0,0.0,normal,normal,alta,19,historico dia_util,2.0
I23LA547069,2,,dia_util,0.0,0.0,0.01,0.0,0.0,normal,normal,alta,19,historico dia_util,2.0
I23LA547069,3,,dia_util,0.0,0.0,0.01,0.0,0.0,normal,normal,alta,19,historico dia_util,2.0
I23LA547069,4,,dia_util,0.0,0.0,0.01,0.0,0.0,normal,normal,alta,19,historico dia_util,2.0
I23LA547069,5,,dia_util,0.0,0.0,0.01,0.0,0.0,normal,normal,alta,19,historico dia_util,2.0
I23LA547069,6,,dia_util,0.0,0.0,0.01,0.0,0.0,normal,normal,alta,19,historico dia_util,2.0
I23LA547069,7,,dia_util,0.0,0.0001,0.01,-0.01,-0.01,normal,normal,alta,20,historico dia_util,2.0
I23LA547069,8,,dia_util,0.01,0.0066,0.01,0.34,0.34,normal,normal,alta,20,historico dia_util,2.0
I23LA547069,9,,dia_util,0.037,0.0209,0.0142,1.14,1.14,normal,normal,alta,20,historico dia_util,2.0
I23LA547069,10,,dia_util,0.182,0.1331,0.0356,1.37,1.37,normal,normal,alta,20,historico dia_util,2.0
I23LA547069,11,,dia_util,0.017,0.0983,0.0611,-1.33,-1.33,normal,normal,alta,20,historico dia_util,2.0
I23LA547069,12,,dia_util,0.21,0.1844,0.0461,0.56,0.56,normal,normal,alta,20,historico dia_util,2.0
I23LA547069,13,,dia_util,0.15,0.1127,0.0282,1.33,1.33,normal,normal,alta,20,historico dia_util,2.0
I23LA547069,14,,dia_util,0.178,0.1611,0.05,0.34,0.34,normal,normal,alta,20,historico dia_util,2.0
I23LA547069,15,,dia_util,0.124,0.2134,0.0794,-1.13,-1.13,normal,normal,alta,20,historico dia_util,2.0
I23LA547069,16,,dia_util,0.091,0.1272,0.0496,-0.73,-0.73,normal,normal,alta,20,historico dia_util,2.0
I23LA547069,17,,dia_util,0.059,0.0843,0.0296,-0.85,-0.85,normal,normal,alta,20,historico dia_util,2.0
I23LA547069,18,,dia_util,0.052,0.0813,0.0352,-0.83,-0.83,normal,normal,alta,20,historico dia_util,2.0
I23LA547069,19,,dia_util,0.016,0.0233,0.0181,-0.4,-0.4,normal,normal,alta,20,historico dia_util,2.0
I23LA547069,20,,dia_util,0.0,0.0001,0.01,-0.01,-0.01,normal,normal,alta,20,historico dia_util,2.0
I23LA547069,21,,dia_util,0.0,0.0,0.01,0.0,0.0,normal,normal,alta,20,historico dia_util,2.0
I23LA547069,22,,dia_util,0.0,0.0,0.01,0.0,0.0,normal,normal,alta,20,historico dia_util,2.0
I23LA547069,23,,dia_util,0.0,0.0,0.01,0.0,0.0,normal,normal,alta,20,historico dia_util,2.0
I24LA025413,0,,dia_util,0.0,0.0,0.01,0.0,0.0,normal,normal,alta,17,historico dia_util,2.0
I24LA025413,1,,dia_util,0.0,0.0001,0.01,-0.01,-0.01,normal,normal,alta,19,historico dia_util,2.0
I24LA025413,2,,dia_util,0.0,0.0,0.01,0.0,0.0,normal,normal,alta,20,historico dia_util,2.0
I24LA025413,3,,dia_util,0.0,0.0,0.01,0.0,0.0,normal,normal,alta,20,historico dia_util,2.0
I24LA025413,4,,dia_util,0.0,0.0,0.01,0.0,0.0,normal,normal,alta,20,historico dia_util,2.0
I24LA025413,5,,dia_util,0.0,0.0,0.01,0.0,0.0,normal,normal,alta,20,historico dia_util,2.0
I24LA025413,6,,dia_util,0.0,0.0,0.01,0.0,0.0,normal,normal,alta,19,historico dia_util,2.0
I24LA025413,7,,dia_util,0.0,0.0,0.01,0.0,0.0,normal,normal,alta,19,historico dia_util,2.0
I24LA025413,8,,dia_util,0.0,0.0,0.01,0.0,0.0,normal,normal,alta,19,historico dia_util,2.0
I24LA025413,9,,dia_util,0.0,0.0031,0.0119,-0.26,-0.26,normal,normal,alta,19,historico dia_util,2.0
I24LA025413,10,,dia_util,0.0,0.0077,0.0262,-0.29,-0.29,normal,normal,alta,20,historico dia_util,2.0
I24LA025413,11,,dia_util,0.0,0.0794,0.2095,-0.38,-0.38,normal,normal,alta,20,historico dia_util,2.0
I24LA025413,12,,dia_util,0.0,0.0296,0.1065,-0.28,-0.28,normal,normal,alta,20,historico dia_util,2.0
I24LA025413,13,,dia_util,0.0,0.0,0.01,0.0,0.0,normal,normal,alta,20,historico dia_util,2.0
I24LA025413,14,,dia_util,0.0,0.0,0.01,0.0,0.0,normal,normal,alta,19,historico dia_util,2.0
I24LA025413,15,,dia_util,0.0,0.0011,0.01,-0.11,-0.11,normal,normal,alta,19,historico dia_util,2.0
I24LA025413,16,,dia_util,0.0,0.023,0.0971,-0.24,-0.24,normal,normal,alta,19,historico dia_util,2.0
I24LA025413,17,,dia_util,0.001,0.0001,0.01,0.09,0.09,normal,normal,alta,19,historico dia_util,2.0
I24LA025413,18,,dia_util,0.0,0.0042,0.01,-0.42,-0.42,normal,normal,alta,19,historico dia_util,2.0
I24LA025413,19,,dia_util,0.0,0.0014,0.01,-0.14,-0.14,normal,normal,alta,19,historico dia_util,2.0
I24LA025413,20,,dia_util,0.0,0.0032,0.01,-0.32,-0.32,normal,normal,alta,19,historico dia_util,2.0
I24LA025413,21,,dia_util,0.0,0.0052,0.0162,-0.32,-0.32,normal,normal,alta,19,historico dia_util,2.0
I24LA025413,22,,dia_util,0.0,0.0012,0.01,-0.12,-0.12,normal,normal,alta,18,historico dia_util,2.0
I24LA025413,23,,dia_util,0.0,0.0001,0.01,-0.01,-0.01,normal,normal,alta,18,historico dia_util,2.0
I24LA025871,0,,dia_util,0.0,0.0,0.01,0.0,0.0,normal,normal,alta,14,historico dia_util,2.0
I24LA025871,1,,dia_util,0.0,0.0,0.01,0.0,0.0,normal,normal,alta,14,historico dia_util,2.0
I24LA025871,2,,dia_util,0.0,0.0,0.01,0.0,0.0,normal,normal,alta,14,historico dia_util,2.0
I24LA025871,3,,dia_util,0.0,0.0,0.01,0.0,0.0,normal,normal,alta,17,historico dia_util,2.0
I24LA025871,4,,dia_util,0.0,0.0,0.01,0.0,0.0,normal,normal,alta,17,historico dia_util,2.0
I24LA025871,5,,dia_util,0.0,0.0,0.01,0.0,0.0,normal,normal,alta,17,historico dia_util,2.0
I24LA025871,6,,dia_util,0.0,0.0,0.01,0.0,0.0,normal,normal,alta,17,historico dia_util,2.0
I24LA025871,7,,dia_util,0.0,0.0,0.01,0.0,0.0,normal,normal,alta,15,historico dia_util,2.0
I24LA025871,8,,dia_util,0.0,0.0,0.01,0.0,0.0,normal,normal,alta,15,historico dia_util,2.0
I24LA025871,9,,dia_util,0.0,0.0,0.01,0.0,0.0,normal,normal,alta,15,historico dia_util,2.0
I24LA025871,10,,dia_util,0.0,0.0419,0.1624,-0.26,-0.26,normal,normal,alta,15,historico dia_util,2.0
I24LA025871,11,,dia_util,0.0,0.0001,0.01,-0.01,-0.01,normal,normal,alta,14,historico dia_util,2.0
I24LA025871,12,,dia_util,0.0,0.0076,0.0286,-0.27,-0.27,normal,normal,alta,14,historico dia_util,2.0
I24LA025871,13,,dia_util,0.0,0.0,0.01,0.0,0.0,normal,normal,alta,14,historico dia_util,2.0
I24LA025871,14,,dia_util,0.0,0.0044,0.0144,-0.3,-0.3,normal,normal,alta,14,historico dia_util,2.0
I24LA025871,15,,dia_util,0.0,0.0851,0.2947,-0.29,-0.29,normal,normal,alta,12,historico dia_util,2.0
I24LA025871,16,,dia_util,0.0,0.0,0.01,0.0,0.0,normal,normal,alta,12,historico dia_util,2.0
I24LA025871,17,,dia_util,0.0,0.0,0.01,0.0,0.0,normal,normal,alta,12,historico dia_util,2.0
I24LA025871,18,,dia_util,0.0,0.0247,0.0854,-0.29,-0.29,normal,normal,alta,12,historico dia_util,2.0
I24LA025871,19,,dia_util,0.0,0.0871,0.3485,-0.25,-0.25,normal,normal,alta,16,historico dia_util,2.0
I24LA025871,20,,dia_util,0.0,0.0013,0.01,-0.12,-0.12,normal,normal,alta,16,historico dia_util,2.0
I24LA025871,21,,dia_util,0.0,0.0,0.01,0.0,0.0,normal,normal,alta,16,historico dia_util,2.0
I24LA025871,22,,dia_util,0.0,0.0,0.01,0.0,0.0,normal,normal,alta,16,historico dia_util,2.0
I24LA025871,23,,dia_util,0.0,0.0,0.01,0.0,0.0,normal,normal,alta,13,historico dia_util,2.0
I24LA025880,0,,dia_util,0.0,0.0,0.01,0.0,0.0,normal,normal,alta,19,historico dia_util,2.0
I24LA025880,1,,dia_util,0.0,0.0,0.01,0.0,0.0,normal,normal,alta,19,historico dia_util,2.0
I24LA025880,2,,dia_util,0.0,0.0,0.01,0.0,0.0,normal,normal,alta,19,historico dia_util,2.0
I24LA025880,3,,dia_util,0.0,0.0,0.01,0.0,0.0,normal,normal,alta,20,historico dia_util,2.0
I24LA025880,4,,dia_util,0.0,0.0,0.01,0.0,0.0,normal,normal,alta,20,historico dia_util,2.0
I24LA025880,5,,dia_util,0.0,0.0,0.01,0.0,0.0,normal,normal,alta,20,historico dia_util,2.0
I24LA025880,6,,dia_util,0.0,0.0,0.01,0.0,0.0,normal,normal,alta,20,historico dia_util,2.0
I24LA025880,7,,dia_util,0.0,0.0,0.01,0.0,0.0,normal,normal,alta,17,historico dia_util,2.0
I24LA025880,8,,dia_util,0.0,0.0,0.01,0.0,0.0,normal,normal,alta,17,historico dia_util,2.0
I24LA025880,9,,dia_util,0.0,0.005,0.0191,-0.26,-0.26,normal,normal,alta,17,historico dia_util,2.0
I24LA025880,10,,dia_util,0.0,0.0071,0.0188,-0.37,-0.37,normal,normal,alta,17,historico dia_util,2.0
I24LA025880,11,,dia_util,0.0,0.0008,0.01,-0.08,-0.08,normal,normal,alta,17,historico dia_util,2.0
I24LA025880,12,,dia_util,0.0,0.0001,0.01,-0.01,-0.01,normal,normal,alta,17,historico dia_util,2.0
I24LA025880,13,,dia_util,0.0,0.0084,0.0249,-0.33,-0.33,normal,normal,alta,17,historico dia_util,2.0
I24LA025880,14,,dia_util,0.0,0.0071,0.0269,-0.26,-0.26,normal,normal,alta,17,historico dia_util,2.0
I24LA025880,15,,dia_util,0.0,0.0103,0.0233,-0.44,-0.44,normal,normal,alta,19,historico dia_util,2.0
I24LA025880,16,,dia_util,0.0,0.0009,0.01,-0.09,-0.09,normal,normal,alta,19,historico dia_util,2.0
I24LA025880,17,,dia_util,0.0,0.0,0.01,0.0,0.0,normal,normal,alta,19,historico dia_util,2.0
I24LA025880,18,,dia_util,0.0,0.0044,0.019,-0.23,-0.23,normal,normal,alta,19,historico dia_util,2.0
I24LA025880,19,,dia_util,0.0,0.0009,0.01,-0.09,-0.09,normal,normal,alta,18,historico dia_util,2.0
I24LA025880,20,,dia_util,0.0,0.0002,0.01,-0.02,-0.02,normal,normal,alta,18,historico dia_util,2.0
I24LA025880,21,,dia_util,0.0,0.0009,0.01,-0.09,-0.09,normal,normal,alta,18,historico dia_util,2.0
I24LA025880,22,,dia_util,0.0,0.0,0.01,0.0,0.0,normal,normal,alta,18,historico dia_util,2.0
I24LA025880,23,,dia_util,0.0,0.0,0.01,0.0,0.0,normal,normal,alta,19,historico dia_util,2.0
I24LA026648,0,,dia_util,0.0,0.0001,0.01,-0.01,-0.01,normal,normal,alta,16,historico dia_util,2.0
I24LA026648,1,,dia_util,0.0,0.0,0.01,0.0,0.0,normal,normal,alta,16,historico dia_util,2.0
I24LA026648,2,,dia_util,0.0,0.0,0.01,0.0,0.0,normal,normal,alta,17,historico dia_util,2.0
I24LA026648,3,,dia_util,0.0,0.0,0.01,0.0,0.0,normal,normal,alta,17,historico dia_util,2.0
I24LA026648,4,,dia_util,0.0,0.0,0.01,0.0,0.0,normal,normal,alta,17,historico dia_util,2.0
I24LA026648,5,,dia_util,0.0,0.0,0.01,0.0,0.0,normal,normal,alta,17,historico dia_util,2.0
I24LA026648,6,,dia_util,0.0,0.0002,0.01,-0.02,-0.02,normal,normal,alta,20,historico dia_util,2.0
I24LA026648,7,,dia_util,0.0,0.0001,0.01,-0.01,-0.01,normal,normal,alta,20,historico dia_util,2.0
I24LA026648,8,,dia_util,0.0,0.0,0.01,0.0,0.0,normal,normal,alta,20,historico dia_util,2.0
I24LA026648,9,,dia_util,0.0,0.0003,0.01,-0.03,-0.03,normal,normal,alta,20,historico dia_util,2.0
I24LA026648,10,,dia_util,0.0,0.0008,0.01,-0.08,-0.08,normal,normal,alta,19,historico dia_util,2.0
I24LA026648,11,,dia_util,0.001,0.0311,0.1351,-0.22,-0.22,normal,normal,alta,19,historico dia_util,2.0
I24LA026648,12,,dia_util,0.0,0.0156,0.0585,-0.27,-0.27,normal,normal,alta,19,historico dia_util,2.0
I24LA026648,13,,dia_util,0.0,0.0012,0.01,-0.12,-0.12,normal,normal,alta,19,historico dia_util,2.0
I24LA026648,14,,dia_util,0.0,0.0008,0.01,-0.08,-0.08,normal,normal,alta,19,historico dia_util,2.0
I24LA026648,15,,dia_util,0.119,0.0002,0.01,10.0,11.88,desvio,acima,alta,19,historico dia_util,2.0
I24LA026648,16,,dia_util,0.0,0.0003,0.01,-0.03,-0.03,normal,normal,alta,19,historico dia_util,2.0
I24LA026648,17,,dia_util,0.0,0.0002,0.01,-0.02,-0.02,normal,normal,alta,19,historico dia_util,2.0
I24LA026648,18,,dia_util,0.0,0.0005,0.01,-0.05,-0.05,normal,normal,alta,20,historico dia_util,2.0
I24LA026648,19,,dia_util,0.0,0.0001,0.01,-0.01,-0.01,normal,normal,alta,20,historico dia_util,2.0
I24LA026648,20,,dia_util,0.0,0.0001,0.01,-0.01,-0.01,normal,normal,alta,20,historico dia_util,2.0
I24LA026648,21,,dia_util,0.0,0.0001,0.01,-0.01,-0.01,normal,normal,alta,20,historico dia_util,2.0
I24LA026648,22,,dia_util,0.0,0.0001,0.01,-0.01,-0.01,normal,normal,alta,17,historico dia_util,2.0
I24LA026648,23,,dia_util,0.0,0.0,0.01,0.0,0.0,normal,normal,alta,17,historico dia_util,2.0
I24LA027028,0,,dia_util,0.0,0.0,0.01,0.0,0.0,normal,normal,alta,15,historico dia_util,2.0
I24LA027028,1,,dia_util,0.0,0.0,0.01,0.0,0.0,normal,normal,alta,17,historico dia_util,2.0
I24LA027028,2,,dia_util,0.0,0.0,0.01,0.0,0.0,normal,normal,alta,17,historico dia_util,2.0
I24LA027028,3,,dia_util,0.0,0.0,0.01,0.0,0.0,normal,normal,alta,17,historico dia_util,2.0
I24LA027028,4,,dia_util,0.0,0.0,0.01,0.0,0.0,normal,normal,alta,17,historico dia_util,2.0
I24LA027028,5,,dia_util,0.0,0.0,0.01,0.0,0.0,normal,normal,alta,17,historico dia_util,2.0
I24LA027028,6,,dia_util,0.0,0.0,0.01,0.0,0.0,normal,normal,alta,17,historico dia_util,2.0
I24LA027028,7,,dia_util,0.0,0.0,0.01,0.0,0.0,normal,normal,alta,17,historico dia_util,2.0
I24LA027028,8,,dia_util,0.0,0.0001,0.01,-0.01,-0.01,normal,normal,alta,17,historico dia_util,2.0
I24LA027028,9,,dia_util,0.0,0.0,0.01,0.0,0.0,normal,normal,alta,17,historico dia_util,2.0
I24LA027028,10,,dia_util,0.0,0.0,0.01,0.0,0.0,normal,normal,alta,17,historico dia_util,2.0
I24LA027028,11,,dia_util,0.0,0.0,0.01,0.0,0.0,normal,normal,alta,17,historico dia_util,2.0
I24LA027028,12,,dia_util,0.0,0.0001,0.01,-0.01,-0.01,normal,normal,alta,17,historico dia_util,2.0
I24LA027028,13,,dia_util,0.0,0.0,0.01,0.0,0.0,normal,normal,alta,17,historico dia_util,2.0
I24LA027028,14,,dia_util,0.0,0.0,0.01,0.0,0.0,normal,normal,alta,17,historico dia_util,2.0
I24LA027028,15,,dia_util,0.0,0.0,0.01,0.0,0.0,normal,normal,alta,17,historico dia_util,2.0
I24LA027028,16,,dia_util,0.001,0.0001,0.01,0.09,0.09,normal,normal,alta,17,historico dia_util,2.0
I24LA027028,17,,dia_util,0.0,0.0001,0.01,-0.01,-0.01,normal,normal,alta,17,historico dia_util,2.0
I24LA027028,18,,dia_util,0.0,0.0004,0.01,-0.04,-0.04,normal,normal,alta,17,historico dia_util,2.0
I24LA027028,19,,dia_util,0.0,0.0001,0.01,-0.01,-0.01,normal,normal,alta,17,historico dia_util,2.0
I24LA027028,20,,dia_util,0.0,0.0002,0.01,-0.02,-0.02,normal,normal,alta,17,historico dia_util,2.0
I24LA027028,21,,dia_util,0.0,0.0,0.01,0.0,0.0,normal,normal,alta,17,historico dia_util,2.0
I24LA027028,22,,dia_util,0.0,0.0001,0.01,-0.01,-0.01,normal,normal,alta,17,historico dia_util,2.0
I24LA027028,23,,dia_util,0.0,0.0002,0.01,-0.02,-0.02,normal,normal,alta,17,historico dia_util,2.0
I24LA028096,0,,dia_util,0.006,0.0062,0.01,-0.02,-0.02,normal,normal,alta,18,historico dia_util,2.0
I24LA028096,1,,dia_util,0.005,0.0058,0.01,-0.08,-0.08,normal,normal,alta,20,historico dia_util,2.0
I24LA028096,2,,dia_util,0.006,0.0058,0.01,0.02,0.02,normal,normal,alta,20,historico dia_util,2.0
I24LA028096,3,,dia_util,0.005,0.0057,0.01,-0.07,-0.07,normal,normal,alta,20,historico dia_util,2.0
I24LA028096,4,,dia_util,0.005,0.0054,0.01,-0.04,-0.04,normal,normal,alta,20,historico dia_util,2.0
I24LA028096,5,,dia_util,0.005,0.0056,0.01,-0.06,-0.06,normal,normal,alta,20,historico dia_util,2.0
I24LA028096,6,,dia_util,0.005,0.0055,0.01,-0.05,-0.05,normal,normal,alta,20,historico dia_util,2.0
I24LA028096,7,,dia_util,0.005,0.0052,0.01,-0.02,-0.02,normal,normal,alta,20,historico dia_util,2.0
I24LA028096,8,,dia_util,0.021,0.0516,0.0243,-1.26,-1.26,normal,normal,alta,20,historico dia_util,2.0
I24LA028096,9,,dia_util,0.072,0.0338,0.0265,1.44,1.44,normal,normal,alta,20,historico dia_util,2.0
I24LA028096,10,,dia_util,0.087,0.0743,0.0291,0.43,0.43,normal,normal,alta,20,historico dia_util,2.0
I24LA028096,11,,dia_util,0.113,0.0946,0.0362,0.51,0.51,normal,normal,alta,20,historico dia_util,2.0
I24LA028096,12,,dia_util,0.238,0.3183,0.1209,-0.66,-0.66,normal,normal,alta,20,historico dia_util,2.0
I24LA028096,13,,dia_util,0.322,0.3024,0.1405,0.14,0.14,normal,normal,alta,20,historico dia_util,2.0
I24LA028096,14,,dia_util,0.185,0.2355,0.109,-0.46,-0.46,normal,normal,alta,20,historico dia_util,2.0
I24LA028096,15,,dia_util,0.154,0.2327,0.133,-0.59,-0.59,normal,normal,alta,20,historico dia_util,2.0
I24LA028096,16,,dia_util,0.339,0.388,0.165,-0.3,-0.3,normal,normal,alta,20,historico dia_util,2.0
I24LA028096,17,,dia_util,0.111,0.1121,0.0307,-0.03,-0.03,normal,normal,alta,20,historico dia_util,2.0
I24LA028096,18,,dia_util,0.07,0.119,0.0487,-1.01,-1.01,normal,normal,alta,20,historico dia_util,2.0
I24LA028096,19,,dia_util,0.093,0.1445,0.0462,-1.11,-1.11,normal,normal,alta,20,historico dia_util,2.0
I24LA028096,20,,dia_util,0.005,0.0065,0.01,-0.15,-0.15,normal,normal,alta,20,historico dia_util,2.0
I24LA028096,21,,dia_util,0.006,0.0061,0.01,-0.01,-0.01,normal,normal,alta,20,historico dia_util,2.0
I24LA028096,22,,dia_util,0.005,0.0059,0.01,-0.09,-0.09,normal,normal,alta,20,historico dia_util,2.0
I24LA028096,23,,dia_util,0.005,0.0062,0.01,-0.12,-0.12,normal,normal,alta,20,historico dia_util,2.0
I24LA028098,0,,dia_util,0.0,0.0014,0.01,-0.14,-0.14,normal,normal,alta,18,historico dia_util,2.0
I24LA028098,1,,dia_util,0.0,0.0002,0.01,-0.02,-0.02,normal,normal,alta,20,historico dia_util,2.0
I24LA028098,2,,dia_util,0.0,0.0,0.01,0.0,0.0,normal,normal,alta,20,historico dia_util,2.0
I24LA028098,3,,dia_util,0.0,0.0,0.01,0.0,0.0,normal,normal,alta,20,historico dia_util,2.0
I24LA028098,4,,dia_util,0.0,0.0,0.01,0.0,0.0,normal,normal,alta,20,historico dia_util,2.0
I24LA028098,5,,dia_util,0.0,0.0,0.01,0.0,0.0,normal,normal,alta,20,historico dia_util,2.0
I24LA028098,6,,dia_util,0.0,0.0,0.01,0.0,0.0,normal,normal,alta,20,historico dia_util,2.0
I24LA028098,7,,dia_util,0.0,0.0022,0.01,-0.21,-0.21,normal,normal,alta,20,historico dia_util,2.0
I24LA028098,8,,dia_util,0.0,0.0372,0.0323,-1.15,-1.15,normal,normal,alta,20,historico dia_util,2.0
I24LA028098,9,,dia_util,0.0,0.0172,0.0175,-0.99,-0.99,normal,normal,alta,20,historico dia_util,2.0
I24LA028098,10,,dia_util,0.015,0.0131,0.0176,0.11,0.11,normal,normal,alta,20,historico dia_util,2.0
I24LA028098,11,,dia_util,0.0,0.0162,0.0198,-0.81,-0.81,normal,normal,alta,20,historico dia_util,2.0
I24LA028098,12,,dia_util,0.0,0.0165,0.0259,-0.64,-0.64,normal,normal,alta,20,historico dia_util,2.0
I24LA028098,13,,dia_util,0.0,0.0205,0.024,-0.86,-0.86,normal,normal,alta,20,historico dia_util,2.0
I24LA028098,14,,dia_util,0.0,0.0132,0.0163,-0.81,-0.81,normal,normal,alta,20,historico dia_util,2.0
I24LA028098,15,,dia_util,0.0,0.0221,0.029,-0.76,-0.76,normal,normal,alta,20,historico dia_util,2.0
I24LA028098,16,,dia_util,0.0,0.0198,0.0218,-0.91,-0.91,normal,normal,alta,20,historico dia_util,2.0
I24LA028098,17,,dia_util,0.0,0.021,0.0247,-0.85,-0.85,normal,normal,alta,20,historico dia_util,2.0
I24LA028098,18,,dia_util,0.012,0.0199,0.0234,-0.34,-0.34,normal,normal,alta,20,historico dia_util,2.0
I24LA028098,19,,dia_util,0.02,0.0174,0.0199,0.13,0.13,normal,normal,alta,20,historico dia_util,2.0
I24LA028098,20,,dia_util,0.011,0.028,0.0327,-0.52,-0.52,normal,normal,alta,20,historico dia_util,2.0
I24LA028098,21,,dia_util,0.0,0.0181,0.026,-0.7,-0.7,normal,normal,alta,20,historico dia_util,2.0
I24LA028098,22,,dia_util,0.0,0.0163,0.0184,-0.88,-0.88,normal,normal,alta,20,historico dia_util,2.0
I24LA028098,23,,dia_util,0.0,0.0085,0.0148,-0.57,-0.57,normal,normal,alta,20,historico dia_util,2.0
I24LA028157,0,,dia_util,0.0,0.0,0.01,0.0,0.0,normal,normal,alta,20,historico dia_util,2.0
I24LA028157,1,,dia_util,0.0,0.0,0.01,0.0,0.0,normal,normal,alta,20,historico dia_util,2.0
I24LA028157,2,,dia_util,0.0,0.0,0.01,0.0,0.0,normal,normal,alta,20,historico dia_util,2.0
I24LA028157,3,,dia_util,0.0,0.0,0.01,0.0,0.0,normal,normal,alta,20,historico dia_util,2.0
I24LA028157,4,,dia_util,0.0,0.0,0.01,0.0,0.0,normal,normal,alta,20,historico dia_util,2.0
I24LA028157,5,,dia_util,0.0,0.0,0.01,0.0,0.0,normal,normal,alta,20,historico dia_util,2.0
I24LA028157,6,,dia_util,0.0,0.0,0.01,0.0,0.0,normal,normal,alta,20,historico dia_util,2.0
I24LA028157,7,,dia_util,0.0,0.0,0.01,0.0,0.0,normal,normal,alta,20,historico dia_util,2.0
I24LA028157,8,,dia_util,0.0,0.0,0.01,0.0,0.0,normal,normal,alta,20,historico dia_util,2.0
I24LA028157,9,,dia_util,0.0,0.0,0.01,0.0,0.0,normal,normal,alta,20,historico dia_util,2.0
I24LA028157,10,,dia_util,0.0,0.0,0.01,0.0,0.0,normal,normal,alta,20,historico dia_util,2.0
I24LA028157,11,,dia_util,0.0,0.0,0.01,0.0,0.0,normal,normal,alta,20,historico dia_util,2.0
I24LA028157,12,,dia_util,0.0,0.0006,0.01,-0.07,-0.07,normal,normal,alta,20,historico dia_util,2.0
I24LA028157,13,,dia_util,0.0,0.0,0.01,0.0,0.0,normal,normal,alta,20,historico dia_util,2.0
I24LA028157,14,,dia_util,0.0,0.0003,0.01,-0.03,-0.03,normal,normal,alta,20,historico dia_util,2.0
I24LA028157,15,,dia_util,0.0,0.0,0.01,0.0,0.0,normal,normal,alta,20,historico dia_util,2.0
I24LA028157,16,,dia_util,0.0,0.0018,0.01,-0.18,-0.18,normal,normal,alta,20,historico dia_util,2.0
I24LA028157,17,,dia_util,0.0,0.0,0.01,0.0,0.0,normal,normal,alta,20,historico dia_util,2.0
I24LA028157,18,,dia_util,0.0,0.0,0.01,0.0,0.0,normal,normal,alta,20,historico dia_util,2.0
I24LA028157,19,,dia_util,0.0,0.0,0.01,0.0,0.0,normal,normal,alta,20,historico dia_util,2.0
I24LA028157,20,,dia_util,0.0,0.0,0.01,0.0,0.0,normal,normal,alta,20,historico dia_util,2.0
I24LA028157,21,,dia_util,0.0,0.0,0.01,0.0,0.0,normal,normal,alta,20,historico dia_util,2.0
I24LA028157,22,,dia_util,0.0,0.0,0.01,0.0,0.0,normal,normal,alta,20,historico dia_util,2.0
I24LA028157,23,,dia_util,0.006,0.0002,0.01,0.58,0.58,normal,normal,alta,20,historico dia_util,2.0
I24LA028258,0,,dia_util,0.004,0.0135,0.0121,-0.79,-0.79,normal,normal,alta,19,historico dia_util,2.0
I24LA028258,1,,dia_util,0.004,0.0132,0.0125,-0.73,-0.73,normal,normal,alta,20,historico dia_util,2.0
I24LA028258,2,,dia_util,0.003,0.0135,0.012,-0.88,-0.88,normal,normal,alta,20,historico dia_util,2.0
I24LA028258,3,,dia_util,0.001,0.0133,0.0122,-1.01,-1.01,normal,normal,alta,20,historico dia_util,2.0
I24LA028258,4,,dia_util,0.001,0.0134,0.0117,-1.06,-1.06,normal,normal,alta,20,historico dia_util,2.0
I24LA028258,5,,dia_util,0.002,0.0142,0.0112,-1.09,-1.09,normal,normal,alta,20,historico dia_util,2.0
I24LA028258,6,,dia_util,0.004,0.0135,0.0109,-0.87,-0.87,normal,normal,alta,20,historico dia_util,2.0
I24LA028258,7,,dia_util,0.129,0.1139,0.0333,0.45,0.45,normal,normal,alta,20,historico dia_util,2.0
I24LA028258,8,,dia_util,0.208,0.2355,0.2262,-0.12,-0.12,normal,normal,alta,20,historico dia_util,2.0
I24LA028258,9,,dia_util,0.206,0.2837,0.2328,-0.33,-0.33,normal,normal,alta,20,historico dia_util,2.0
I24LA028258,10,,dia_util,0.229,0.3353,0.1752,-0.61,-0.61,normal,normal,alta,20,historico dia_util,2.0
I24LA028258,11,,dia_util,0.24,0.3149,0.1233,-0.61,-0.61,normal,normal,alta,20,historico dia_util,2.0
I24LA028258,12,,dia_util,0.313,0.2973,0.0915,0.17,0.17,normal,normal,alta,19,historico dia_util,2.0
I24LA028258,13,,dia_util,0.259,0.3649,0.1198,-0.88,-0.88,normal,normal,alta,20,historico dia_util,2.0
I24LA028258,14,,dia_util,0.274,0.2407,0.0633,0.53,0.53,normal,normal,alta,20,historico dia_util,2.0
I24LA028258,15,,dia_util,0.151,0.1891,0.0844,-0.45,-0.45,normal,normal,alta,20,historico dia_util,2.0
I24LA028258,16,,dia_util,0.102,0.1477,0.0636,-0.72,-0.72,normal,normal,alta,20,historico dia_util,2.0
I24LA028258,17,,dia_util,0.078,0.0903,0.0329,-0.37,-0.37,normal,normal,alta,20,historico dia_util,2.0
I24LA028258,18,,dia_util,0.047,0.0517,0.0237,-0.2,-0.2,normal,normal,alta,20,historico dia_util,2.0
I24LA028258,19,,dia_util,0.007,0.0153,0.012,-0.69,-0.69,normal,normal,alta,20,historico dia_util,2.0
I24LA028258,20,,dia_util,0.008,0.0139,0.0115,-0.51,-0.51,normal,normal,alta,20,historico dia_util,2.0
I24LA028258,21,,dia_util,0.009,0.0137,0.0118,-0.4,-0.4,normal,normal,alta,20,historico dia_util,2.0
I24LA028258,22,,dia_util,0.008,0.0133,0.0116,-0.45,-0.45,normal,normal,alta,20,historico dia_util,2.0
I24LA028258,23,,dia_util,0.008,0.0134,0.0121,-0.45,-0.45,normal,normal,alta,20,historico dia_util,2.0
