CPE,hora,cluster,tipo_dia,consumo_real,consumo_habitual,std,z_score,z_real,veredicto,direcao,confianca,n_dias_tipo,fonte_baseline,threshold
PT0002000033074862LZ,0,0.0,fim_semana,12.0,13.0,1.3,-0.77,-0.77,normal,abaixo,baixa,2,fallback (60d recentes),3.5
PT0002000033074862LZ,1,0.0,fim_semana,14.0,12.0,1.2,1.67,1.67,normal,acima,baixa,2,fallback (60d recentes),3.5
PT0002000033074862LZ,2,0.0,fim_semana,12.0,12.5,1.25,-0.4,-0.4,normal,abaixo,baixa,2,fallback (60d recentes),3.5
PT0002000033074862LZ,3,0.0,fim_semana,12.0,13.0,1.41,-0.71,-0.71,normal,abaixo,baixa,2,fallback (60d recentes),3.5
PT0002000033074862LZ,4,0.0,fim_semana,12.0,12.0,1.2,0.0,0.0,normal,abaixo,baixa,2,fallback (60d recentes),3.5
PT0002000033074862LZ,5,0.0,fim_semana,13.0,12.5,1.25,0.4,0.4,normal,acima,baixa,2,fallback (60d recentes),3.5
PT0002000033074862LZ,6,0.0,fim_semana,12.0,14.0,1.41,-1.41,-1.41,normal,abaixo,baixa,2,fallback (60d recentes),3.5
PT0002000033074862LZ,7,0.0,fim_semana,13.0,30.5,6.36,-2.75,-2.75,normal,abaixo,baixa,2,fallback (60d recentes),3.5
PT0002000033074862LZ,8,0.0,fim_semana,11.0,48.0,4.8,-7.71,-7.71,desvio,abaixo,baixa,2,fallback (60d recentes),3.5
PT0002000033074862LZ,9,0.0,fim_semana,11.0,50.0,9.9,-3.94,-3.94,desvio,abaixo,baixa,2,fallback (60d recentes),3.5
PT0002000033074862LZ,10,0.0,fim_semana,11.0,48.5,4.85,-7.73,-7.73,desvio,abaixo,baixa,2,fallback (60d recentes),3.5
PT0002000033074862LZ,11,0.0,fim_semana,10.0,48.5,12.02,-3.2,-3.2,normal,abaixo,baixa,2,fallback (60d recentes),3.5
PT0002000033074862LZ,12,0.0,fim_semana,10.0,58.5,5.85,-8.29,-8.29,desvio,abaixo,baixa,2,fallback (60d recentes),3.5
PT0002000033074862LZ,13,0.0,fim_semana,11.0,46.0,5.66,-6.19,-6.19,desvio,abaixo,baixa,2,fallback (60d recentes),3.5
PT0002000033074862LZ,14,0.0,fim_semana,10.0,36.5,3.65,-7.26,-7.26,desvio,abaixo,baixa,2,fallback (60d recentes),3.5
PT0002000033074862LZ,15,0.0,fim_semana,10.0,25.0,2.5,-6.0,-6.0,desvio,abaixo,baixa,2,fallback (60d recentes),3.5
PT0002000033074862LZ,16,0.0,fim_semana,11.0,19.5,1.95,-4.36,-4.36,desvio,abaixo,baixa,2,fallback (60d recentes),3.5
PT0002000033074862LZ,17,0.0,fim_semana,13.0,26.5,2.65,-5.09,-5.09,desvio,abaixo,baixa,2,fallback (60d recentes),3.5
PT0002000033074862LZ,18,0.0,fim_semana,13.0,19.0,1.9,-3.16,-3.16,normal,abaixo,baixa,2,fallback (60d recentes),3.5
PT0002000033074862LZ,19,0.0,fim_semana,13.0,13.0,1.3,0.0,0.0,normal,abaixo,baixa,2,fallback (60d recentes),3.5
PT0002000033074862LZ,20,0.0,fim_semana,13.0,13.0,1.3,0.0,0.0,normal,abaixo,baixa,2,fallback (60d recentes),3.5
PT0002000033074862LZ,21,0.0,fim_semana,13.0,12.0,1.73,0.58,0.58,normal,acima,baixa,3,fallback (60d recentes),3.5
PT0002000033074862LZ,22,0.0,fim_semana,12.0,12.33,1.23,-0.27,-0.27,normal,abaixo,baixa,3,fallback (60d recentes),3.5
PT0002000033074862LZ,23,0.0,fim_semana,12.0,12.33,1.23,-0.27,-0.27,normal,abaixo,baixa,3,fallback (60d recentes),3.5
PT0002000068855003AK,0,,fim_semana,7.0,6.5,0.71,0.71,0.71,normal,acima,baixa,2,fallback (60d recentes),3.5
PT0002000068855003AK,1,,fim_semana,7.0,6.5,0.71,0.71,0.71,normal,acima,baixa,2,fallback (60d recentes),3.5
PT0002000068855003AK,2,,fim_semana,6.0,6.5,0.71,-0.71,-0.71,normal,abaixo,baixa,2,fallback (60d recentes),3.5
PT0002000068855003AK,3,,fim_semana,8.0,6.5,0.71,2.12,2.12,normal,acima,baixa,2,fallback (60d recentes),3.5
PT0002000068855003AK,4,,fim_semana,7.0,7.0,0.7,0.0,0.0,normal,abaixo,baixa,2,fallback (60d recentes),3.5
PT0002000068855003AK,5,,fim_semana,7.0,6.0,0.6,1.67,1.67,normal,acima,baixa,2,fallback (60d recentes),3.5
PT0002000068855003AK,6,,fim_semana,7.0,6.5,0.71,0.71,0.71,normal,acima,baixa,2,fallback (60d recentes),3.5
PT0002000068855003AK,7,,fim_semana,7.0,9.5,2.12,-1.18,-1.18,normal,abaixo,baixa,2,fallback (60d recentes),3.5
PT0002000068855003AK,8,,fim_semana,9.0,15.5,1.55,-4.19,-4.19,desvio,abaixo,baixa,2,fallback (60d recentes),3.5
PT0002000068855003AK,9,,fim_semana,10.0,17.5,1.75,-4.29,-4.29,desvio,abaixo,baixa,2,fallback (60d recentes),3.5
PT0002000068855003AK,10,,fim_semana,13.0,23.0,2.3,-4.35,-4.35,desvio,abaixo,baixa,2,fallback (60d recentes),3.5
PT0002000068855003AK,11,,fim_semana,17.0,29.5,2.95,-4.24,-4.24,desvio,abaixo,baixa,2,fallback (60d recentes),3.5
PT0002000068855003AK,12,,fim_semana,18.0,32.0,11.31,-1.24,-1.24,normal,abaixo,baixa,2,fallback (60d recentes),3.5
PT0002000068855003AK,13,,fim_semana,24.0,42.0,5.66,-3.18,-3.18,normal,abaixo,baixa,2,fallback (60d recentes),3.5
PT0002000068855003AK,14,,fim_semana,27.0,46.0,7.07,-2.69,-2.69,normal,abaixo,baixa,2,fallback (60d recentes),3.5
PT0002000068855003AK,15,,fim_semana,26.0,44.5,4.95,-3.74,-3.74,desvio,abaixo,baixa,2,fallback (60d recentes),3.5
PT0002000068855003AK,16,,fim_semana,26.0,46.5,9.19,-2.23,-2.23,normal,abaixo,baixa,2,fallback (60d recentes),3.5
PT0002000068855003AK,17,,fim_semana,23.0,43.5,20.51,-1.0,-1.0,normal,abaixo,baixa,2,fallback (60d recentes),3.5
PT0002000068855003AK,18,,fim_semana,22.0,33.0,14.14,-0.78,-0.78,normal,abaixo,baixa,2,fallback (60d recentes),3.5
PT0002000068855003AK,19,,fim_semana,18.0,21.0,2.83,-1.06,-1.06,normal,abaixo,baixa,2,fallback (60d recentes),3.5
PT0002000068855003AK,20,,fim_semana,12.0,10.0,1.0,2.0,2.0,normal,acima,baixa,2,fallback (60d recentes),3.5
PT0002000068855003AK,21,,fim_semana,7.0,8.67,0.87,-1.92,-1.92,normal,abaixo,baixa,3,fallback (60d recentes),3.5
PT0002000068855003AK,22,,fim_semana,8.0,6.67,0.67,2.0,2.0,normal,acima,baixa,3,fallback (60d recentes),3.5
PT0002000068855003AK,23,,fim_semana,8.0,7.33,0.73,0.91,0.91,normal,acima,baixa,3,fallback (60d recentes),3.5
PT0002000068856267NC,0,,fim_semana,26.0,26.0,2.6,0.0,0.0,normal,abaixo,baixa,2,fallback (60d recentes),3.5
PT0002000068856267NC,1,,fim_semana,25.0,26.0,2.6,-0.38,-0.38,normal,abaixo,baixa,2,fallback (60d recentes),3.5
PT0002000068856267NC,2,,fim_semana,23.0,24.5,2.45,-0.61,-0.61,normal,abaixo,baixa,2,fallback (60d recentes),3.5
PT0002000068856267NC,3,,fim_semana,25.0,25.5,2.55,-0.2,-0.2,normal,abaixo,baixa,2,fallback (60d recentes),3.5
PT0002000068856267NC,4,,fim_semana,24.0,26.0,2.83,-0.71,-0.71,normal,abaixo,baixa,2,fallback (60d recentes),3.5
PT0002000068856267NC,5,,fim_semana,24.0,25.5,2.55,-0.59,-0.59,normal,abaixo,baixa,2,fallback (60d recentes),3.5
PT0002000068856267NC,6,,fim_semana,20.0,22.5,2.25,-1.11,-1.11,normal,abaixo,baixa,2,fallback (60d recentes),3.5
PT0002000068856267NC,7,,fim_semana,18.0,22.5,2.25,-2.0,-2.0,normal,abaixo,baixa,2,fallback (60d recentes),3.5
PT0002000068856267NC,8,,fim_semana,17.0,37.5,3.75,-5.47,-5.47,desvio,abaixo,baixa,2,fallback (60d recentes),3.5
PT0002000068856267NC,9,,fim_semana,17.0,55.0,5.5,-6.91,-6.91,desvio,abaixo,baixa,2,fallback (60d recentes),3.5
PT0002000068856267NC,10,,fim_semana,17.0,61.0,9.9,-4.44,-4.44,desvio,abaixo,baixa,2,fallback (60d recentes),3.5
PT0002000068856267NC,11,,fim_semana,17.0,65.5,7.78,-6.24,-6.24,desvio,abaixo,baixa,2,fallback (60d recentes),3.5
PT0002000068856267NC,12,,fim_semana,17.0,55.0,8.49,-4.48,-4.48,desvio,abaixo,baixa,2,fallback (60d recentes),3.5
PT0002000068856267NC,13,,fim_semana,17.0,35.0,4.24,-4.24,-4.24,desvio,abaixo,baixa,2,fallback (60d recentes),3.5
PT0002000068856267NC,14,,fim_semana,18.0,39.5,6.36,-3.38,-3.38,normal,abaixo,baixa,2,fallback (60d recentes),3.5
PT0002000068856267NC,15,,fim_semana,17.0,37.0,3.7,-5.41,-5.41,desvio,abaixo,baixa,2,fallback (60d recentes),3.5
PT0002000068856267NC,16,,fim_semana,17.0,47.0,4.7,-6.38,-6.38,desvio,abaixo,baixa,2,fallback (60d recentes),3.5
PT0002000068856267NC,17,,fim_semana,18.0,40.5,4.05,-5.56,-5.56,desvio,abaixo,baixa,2,fallback (60d recentes),3.5
PT0002000068856267NC,18,,fim_semana,17.0,40.0,4.0,-5.75,-5.75,desvio,abaixo,baixa,2,fallback (60d recentes),3.5
PT0002000068856267NC,19,,fim_semana,19.0,40.0,4.0,-5.25,-5.25,desvio,abaixo,baixa,2,fallback (60d recentes),3.5
PT0002000068856267NC,20,,fim_semana,24.0,44.5,4.45,-4.61,-4.61,desvio,abaixo,baixa,2,fallback (60d recentes),3.5
PT0002000068856267NC,21,,fim_semana,25.0,23.67,5.51,0.24,0.24,normal,acima,baixa,3,fallback (60d recentes),3.5
PT0002000068856267NC,22,,fim_semana,24.0,25.0,2.65,-0.38,-0.38,normal,abaixo,baixa,3,fallback (60d recentes),3.5
PT0002000068856267NC,23,,fim_semana,25.0,25.0,2.5,0.0,0.0,normal,abaixo,baixa,3,fallback (60d recentes),3.5
PT0002000068856655YV,0,0.0,fim_semana,4.0,2.0,0.3,6.67,6.67,desvio,acima,baixa,2,fallback (60d recentes),3.5
PT0002000068856655YV,1,0.0,fim_semana,4.0,2.0,0.3,6.67,6.67,desvio,acima,baixa,2,fallback (60d recentes),3.5
PT0002000068856655YV,2,0.0,fim_semana,4.0,2.5,0.71,2.12,2.12,normal,acima,baixa,2,fallback (60d recentes),3.5
PT0002000068856655YV,3,0.0,fim_semana,4.0,2.5,0.71,2.12,2.12,normal,acima,baixa,2,fallback (60d recentes),3.5
PT0002000068856655YV,4,0.0,fim_semana,4.0,2.0,0.3,6.67,6.67,desvio,acima,baixa,2,fallback (60d recentes),3.5
PT0002000068856655YV,5,0.0,fim_semana,4.0,2.0,0.3,6.67,6.67,desvio,acima,baixa,2,fallback (60d recentes),3.5
PT0002000068856655YV,6,0.0,fim_semana,4.0,2.5,0.71,2.12,2.12,normal,acima,baixa,2,fallback (60d recentes),3.5
PT0002000068856655YV,7,0.0,fim_semana,3.0,3.5,0.71,-0.71,-0.71,normal,abaixo,baixa,2,fallback (60d recentes),3.5
PT0002000068856655YV,8,0.0,fim_semana,4.0,4.5,0.71,-0.71,-0.71,normal,abaixo,baixa,2,fallback (60d recentes),3.5
PT0002000068856655YV,9,0.0,fim_semana,4.0,10.5,1.05,-6.19,-6.19,desvio,abaixo,baixa,2,fallback (60d recentes),3.5
PT0002000068856655YV,10,0.0,fim_semana,3.0,13.0,2.83,-3.54,-3.54,desvio,abaixo,baixa,2,fallback (60d recentes),3.5
PT0002000068856655YV,11,0.0,fim_semana,3.0,13.5,1.35,-7.78,-7.78,desvio,abaixo,baixa,2,fallback (60d recentes),3.5
PT0002000068856655YV,12,0.0,fim_semana,4.0,13.5,1.35,-7.04,-7.04,desvio,abaixo,baixa,2,fallback (60d recentes),3.5
PT0002000068856655YV,13,0.0,fim_semana,3.0,12.5,1.25,-7.6,-7.6,desvio,abaixo,baixa,2,fallback (60d recentes),3.5
PT0002000068856655YV,14,0.0,fim_semana,3.0,13.5,1.35,-7.78,-7.78,desvio,abaixo,baixa,2,fallback (60d recentes),3.5
PT0002000068856655YV,15,0.0,fim_semana,4.0,14.0,1.41,-7.07,-7.07,desvio,abaixo,baixa,2,fallback (60d recentes),3.5
PT0002000068856655YV,16,0.0,fim_semana,3.0,14.5,1.45,-7.93,-7.93,desvio,abaixo,baixa,2,fallback (60d recentes),3.5
PT0002000068856655YV,17,0.0,fim_semana,3.0,11.0,1.41,-5.66,-5.66,desvio,abaixo,baixa,2,fallback (60d recentes),3.5
PT0002000068856655YV,18,0.0,fim_semana,4.0,6.5,0.71,-3.54,-3.54,desvio,abaixo,baixa,2,fallback (60d recentes),3.5
PT0002000068856655YV,19,0.0,fim_semana,3.0,4.5,3.54,-0.42,-0.42,normal,abaixo,baixa,2,fallback (60d recentes),3.5
PT0002000068856655YV,20,0.0,fim_semana,4.0,3.5,2.12,0.24,0.24,normal,acima,baixa,2,fallback (60d recentes),3.5
PT0002000068856655YV,21,0.0,fim_semana,3.0,4.67,4.04,-0.41,-0.41,normal,abaixo,baixa,3,fallback (60d recentes),3.5
PT0002000068856655YV,22,0.0,fim_semana,4.0,4.33,1.53,-0.22,-0.22,normal,abaixo,baixa,3,fallback (60d recentes),3.5
PT0002000068856655YV,23,0.0,fim_semana,4.0,2.67,1.15,1.15,1.15,normal,acima,baixa,3,fallback (60d recentes),3.5
PT0002000068856781NM,0,0.0,fim_semana,106.0,107.5,10.75,-0.14,-0.14,normal,abaixo,baixa,2,fallback (60d recentes),3.5
PT0002000068856781NM,1,0.0,fim_semana,106.0,107.0,10.7,-0.09,-0.09,normal,abaixo,baixa,2,fallback (60d recentes),3.5
PT0002000068856781NM,2,0.0,fim_semana,106.0,107.0,10.7,-0.09,-0.09,normal,abaixo,baixa,2,fallback (60d recentes),3.5
PT0002000068856781NM,3,0.0,fim_semana,106.0,107.0,10.7,-0.09,-0.09,normal,abaixo,baixa,2,fallback (60d recentes),3.5
PT0002000068856781NM,4,0.0,fim_semana,107.0,107.5,10.75,-0.05,-0.05,normal,abaixo,baixa,2,fallback (60d recentes),3.5
PT0002000068856781NM,5,0.0,fim_semana,105.0,107.0,10.7,-0.19,-0.19,normal,abaixo,baixa,2,fallback (60d recentes),3.5
PT0002000068856781NM,6,0.0,fim_semana,107.0,106.5,10.65,0.05,0.05,normal,acima,baixa,2,fallback (60d recentes),3.5
PT0002000068856781NM,7,0.0,fim_semana,105.0,107.5,10.75,-0.23,-0.23,normal,abaixo,baixa,2,fallback (60d recentes),3.5
PT0002000068856781NM,8,0.0,fim_semana,107.0,109.5,10.95,-0.23,-0.23,normal,abaixo,baixa,2,fallback (60d recentes),3.5
PT0002000068856781NM,9,0.0,fim_semana,107.0,119.5,11.95,-1.05,-1.05,normal,abaixo,baixa,2,fallback (60d recentes),3.5
PT0002000068856781NM,10,0.0,fim_semana,106.0,121.0,12.1,-1.24,-1.24,normal,abaixo,baixa,2,fallback (60d recentes),3.5
PT0002000068856781NM,11,0.0,fim_semana,107.0,120.5,12.05,-1.12,-1.12,normal,abaixo,baixa,2,fallback (60d recentes),3.5
PT0002000068856781NM,12,0.0,fim_semana,107.0,117.0,11.7,-0.85,-0.85,normal,abaixo,baixa,2,fallback (60d recentes),3.5
PT0002000068856781NM,13,0.0,fim_semana,106.0,111.5,11.15,-0.49,-0.49,normal,abaixo,baixa,2,fallback (60d recentes),3.5
PT0002000068856781NM,14,0.0,fim_semana,107.0,118.0,11.8,-0.93,-0.93,normal,abaixo,baixa,2,fallback (60d recentes),3.5
PT0002000068856781NM,15,0.0,fim_semana,106.0,118.5,11.85,-1.05,-1.05,normal,abaixo,baixa,2,fallback (60d recentes),3.5
PT0002000068856781NM,16,0.0,fim_semana,107.0,117.0,11.7,-0.85,-0.85,normal,abaixo,baixa,2,fallback (60d recentes),3.5
PT0002000068856781NM,17,0.0,fim_semana,107.0,112.5,11.25,-0.49,-0.49,normal,abaixo,baixa,2,fallback (60d recentes),3.5
PT0002000068856781NM,18,0.0,fim_semana,108.0,109.5,10.95,-0.14,-0.14,normal,abaixo,baixa,2,fallback (60d recentes),3.5
PT0002000068856781NM,19,0.0,fim_semana,107.0,107.5,10.75,-0.05,-0.05,normal,abaixo,baixa,2,fallback (60d recentes),3.5
PT0002000068856781NM,20,0.0,fim_semana,106.0,107.0,10.7,-0.09,-0.09,normal,abaixo,baixa,2,fallback (60d recentes),3.5
PT0002000068856781NM,21,0.0,fim_semana,107.0,98.33,15.04,0.58,0.58,normal,acima,baixa,3,fallback (60d recentes),3.5
PT0002000068856781NM,22,0.0,fim_semana,106.0,107.67,10.77,-0.15,-0.15,normal,abaixo,baixa,3,fallback (60d recentes),3.5
PT0002000068856781NM,23,0.0,fim_semana,106.0,108.0,10.8,-0.19,-0.19,normal,abaixo,baixa,3,fallback (60d recentes),3.5
PT0002000068856826ZG,0,,fim_semana,127.0,169.5,67.18,-0.63,-0.63,normal,abaixo,baixa,2,fallback (60d recentes),3.5
PT0002000068856826ZG,1,,fim_semana,127.0,149.5,54.45,-0.41,-0.41,normal,abaixo,baixa,2,fallback (60d recentes),3.5
PT0002000068856826ZG,2,,fim_semana,125.0,177.5,70.0,-0.75,-0.75,normal,abaixo,baixa,2,fallback (60d recentes),3.5
PT0002000068856826ZG,3,,fim_semana,121.0,151.5,61.52,-0.5,-0.5,normal,abaixo,baixa,2,fallback (60d recentes),3.5
PT0002000068856826ZG,4,,fim_semana,119.0,157.0,46.67,-0.81,-0.81,normal,abaixo,baixa,2,fallback (60d recentes),3.5
PT0002000068856826ZG,5,,fim_semana,117.0,158.0,73.54,-0.56,-0.56,normal,abaixo,baixa,2,fallback (60d recentes),3.5
PT0002000068856826ZG,6,,fim_semana,123.0,153.0,43.84,-0.68,-0.68,normal,abaixo,baixa,2,fallback (60d recentes),3.5
PT0002000068856826ZG,7,,fim_semana,205.0,139.0,53.74,1.23,1.23,normal,acima,baixa,2,fallback (60d recentes),3.5
PT0002000068856826ZG,8,,fim_semana,462.0,411.0,97.58,0.52,0.52,normal,acima,baixa,2,fallback (60d recentes),3.5
PT0002000068856826ZG,9,,fim_semana,372.0,408.0,40.8,-0.88,-0.88,normal,abaixo,baixa,2,fallback (60d recentes),3.5
PT0002000068856826ZG,10,,fim_semana,258.0,451.5,45.15,-4.29,-4.29,desvio,abaixo,baixa,2,fallback (60d recentes),3.5
PT0002000068856826ZG,11,,fim_semana,184.0,354.0,35.4,-4.8,-4.8,desvio,abaixo,baixa,2,fallback (60d recentes),3.5
PT0002000068856826ZG,12,,fim_semana,215.0,399.5,39.95,-4.62,-4.62,desvio,abaixo,baixa,2,fallback (60d recentes),3.5
PT0002000068856826ZG,13,,fim_semana,424.0,327.0,114.55,0.85,0.85,normal,acima,baixa,2,fallback (60d recentes),3.5
PT0002000068856826ZG,14,,fim_semana,381.0,277.5,103.94,1.0,1.0,normal,acima,baixa,2,fallback (60d recentes),3.5
PT0002000068856826ZG,15,,fim_semana,224.0,273.0,103.24,-0.47,-0.47,normal,abaixo,baixa,2,fallback (60d recentes),3.5
PT0002000068856826ZG,16,,fim_semana,196.0,275.0,83.44,-0.95,-0.95,normal,abaixo,baixa,2,fallback (60d recentes),3.5
PT0002000068856826ZG,17,,fim_semana,202.0,269.5,101.12,-0.67,-0.67,normal,abaixo,baixa,2,fallback (60d recentes),3.5
PT0002000068856826ZG,18,,fim_semana,188.0,204.0,20.4,-0.78,-0.78,normal,abaixo,baixa,2,fallback (60d recentes),3.5
PT0002000068856826ZG,19,,fim_semana,206.0,203.5,20.35,0.12,0.12,normal,acima,baixa,2,fallback (60d recentes),3.5
PT0002000068856826ZG,20,,fim_semana,198.0,193.0,19.3,0.26,0.26,normal,acima,baixa,2,fallback (60d recentes),3.5
PT0002000068856826ZG,21,,fim_semana,200.0,203.67,20.37,-0.18,-0.18,normal,abaixo,baixa,3,fallback (60d recentes),3.5
PT0002000068856826ZG,22,,fim_semana,186.0,207.67,58.32,-0.37,-0.37,normal,abaixo,baixa,3,fallback (60d recentes),3.5
PT0002000068856826ZG,23,,fim_semana,147.0,153.67,40.13,-0.17,-0.17,normal,abaixo,baixa,3,fallback (60d recentes),3.5
PT0002000068856872QG,0,1.0,fim_semana,0.0,0.0,0.3,0.0,0.0,normal,abaixo,baixa,2,fallback (60d recentes),3.5
PT0002000068856872QG,1,1.0,fim_semana,0.0,1.5,0.71,-2.12,-2.12,normal,abaixo,baixa,2,fallback (60d recentes),3.5
PT0002000068856872QG,2,1.0,fim_semana,0.0,1.5,0.71,-2.12,-2.12,normal,abaixo,baixa,2,fallback (60d recentes),3.5
PT0002000068856872QG,3,1.0,fim_semana,2.0,0.0,0.3,6.67,6.67,desvio,acima,baixa,2,fallback (60d recentes),3.5
PT0002000068856872QG,4,1.0,fim_semana,1.0,0.5,0.71,0.71,0.71,normal,acima,baixa,2,fallback (60d recentes),3.5
PT0002000068856872QG,5,1.0,fim_semana,0.0,0.0,0.3,0.0,0.0,normal,abaixo,baixa,2,fallback (60d recentes),3.5
PT0002000068856872QG,6,1.0,fim_semana,0.0,0.0,0.3,0.0,0.0,normal,abaixo,baixa,2,fallback (60d recentes),3.5
PT0002000068856872QG,7,1.0,fim_semana,1.0,1.5,2.12,-0.24,-0.24,normal,abaixo,baixa,2,fallback (60d recentes),3.5
PT0002000068856872QG,8,1.0,fim_semana,0.0,0.5,0.71,-0.71,-0.71,normal,abaixo,baixa,2,fallback (60d recentes),3.5
PT0002000068856872QG,9,1.0,fim_semana,0.0,1.0,1.41,-0.71,-0.71,normal,abaixo,baixa,2,fallback (60d recentes),3.5
PT0002000068856872QG,10,1.0,fim_semana,3.0,0.0,0.3,10.0,10.0,desvio,acima,baixa,2,fallback (60d recentes),3.5
PT0002000068856872QG,11,1.0,fim_semana,0.0,0.0,0.3,0.0,0.0,normal,abaixo,baixa,2,fallback (60d recentes),3.5
PT0002000068856872QG,12,1.0,fim_semana,0.0,0.5,0.71,-0.71,-0.71,normal,abaixo,baixa,2,fallback (60d recentes),3.5
PT0002000068856872QG,13,1.0,fim_semana,0.0,0.5,0.71,-0.71,-0.71,normal,abaixo,baixa,2,fallback (60d recentes),3.5
PT0002000068856872QG,14,1.0,fim_semana,0.0,1.0,0.3,-3.33,-3.33,normal,abaixo,baixa,2,fallback (60d recentes),3.5
PT0002000068856872QG,15,1.0,fim_semana,0.0,1.5,0.71,-2.12,-2.12,normal,abaixo,baixa,2,fallback (60d recentes),3.5
PT0002000068856872QG,16,1.0,fim_semana,3.0,0.0,0.3,10.0,10.0,desvio,acima,baixa,2,fallback (60d recentes),3.5
PT0002000068856872QG,17,1.0,fim_semana,0.0,0.5,0.71,-0.71,-0.71,normal,abaixo,baixa,2,fallback (60d recentes),3.5
PT0002000068856872QG,18,1.0,fim_semana,0.0,0.0,0.3,0.0,0.0,normal,abaixo,baixa,2,fallback (60d recentes),3.5
PT0002000068856872QG,19,1.0,fim_semana,0.0,0.0,0.3,0.0,0.0,normal,abaixo,baixa,2,fallback (60d recentes),3.5
PT0002000068856872QG,20,1.0,fim_semana,1.0,1.5,2.12,-0.24,-0.24,normal,abaixo,baixa,2,fallback (60d recentes),3.5
PT0002000068856872QG,21,1.0,fim_semana,0.0,1.0,1.73,-0.58,-0.58,normal,abaixo,baixa,3,fallback (60d recentes),3.5
PT0002000068856872QG,22,1.0,fim_semana,1.0,1.0,1.73,0.0,0.0,normal,abaixo,baixa,3,fallback (60d recentes),3.5
PT0002000068856872QG,23,1.0,fim_semana,1.0,0.33,0.58,1.15,1.15,normal,acima,baixa,3,fallback (60d recentes),3.5
PT0002000068856906VS,0,0.0,fim_semana,24.0,25.5,2.55,-0.59,-0.59,normal,abaixo,baixa,2,fallback (60d recentes),3.5
PT0002000068856906VS,1,0.0,fim_semana,24.0,25.5,2.55,-0.59,-0.59,normal,abaixo,baixa,2,fallback (60d recentes),3.5
PT0002000068856906VS,2,0.0,fim_semana,25.0,25.5,2.55,-0.2,-0.2,normal,abaixo,baixa,2,fallback (60d recentes),3.5
PT0002000068856906VS,3,0.0,fim_semana,25.0,27.5,2.75,-0.91,-0.91,normal,abaixo,baixa,2,fallback (60d recentes),3.5
PT0002000068856906VS,4,0.0,fim_semana,26.0,26.5,2.65,-0.19,-0.19,normal,abaixo,baixa,2,fallback (60d recentes),3.5
PT0002000068856906VS,5,0.0,fim_semana,25.0,26.5,2.65,-0.57,-0.57,normal,abaixo,baixa,2,fallback (60d recentes),3.5
PT0002000068856906VS,6,0.0,fim_semana,21.0,22.0,2.2,-0.45,-0.45,normal,abaixo,baixa,2,fallback (60d recentes),3.5
PT0002000068856906VS,7,0.0,fim_semana,21.0,19.5,1.95,0.77,0.77,normal,acima,baixa,2,fallback (60d recentes),3.5
PT0002000068856906VS,8,0.0,fim_semana,19.0,19.5,2.12,-0.24,-0.24,normal,abaixo,baixa,2,fallback (60d recentes),3.5
PT0002000068856906VS,9,0.0,fim_semana,18.0,21.5,2.15,-1.63,-1.63,normal,abaixo,baixa,2,fallback (60d recentes),3.5
PT0002000068856906VS,10,0.0,fim_semana,20.0,26.5,2.65,-2.45,-2.45,normal,abaixo,baixa,2,fallback (60d recentes),3.5
PT0002000068856906VS,11,0.0,fim_semana,29.0,30.0,3.0,-0.33,-0.33,normal,abaixo,baixa,2,fallback (60d recentes),3.5
PT0002000068856906VS,12,0.0,fim_semana,19.0,28.0,8.49,-1.06,-1.06,normal,abaixo,baixa,2,fallback (60d recentes),3.5
PT0002000068856906VS,13,0.0,fim_semana,19.0,33.0,18.38,-0.76,-0.76,normal,abaixo,baixa,2,fallback (60d recentes),3.5
PT0002000068856906VS,14,0.0,fim_semana,20.0,27.0,11.31,-0.62,-0.62,normal,abaixo,baixa,2,fallback (60d recentes),3.5
PT0002000068856906VS,15,0.0,fim_semana,20.0,30.5,13.44,-0.78,-0.78,normal,abaixo,baixa,2,fallback (60d recentes),3.5
PT0002000068856906VS,16,0.0,fim_semana,21.0,33.5,19.09,-0.65,-0.65,normal,abaixo,baixa,2,fallback (60d recentes),3.5
PT0002000068856906VS,17,0.0,fim_semana,28.0,42.5,27.58,-0.53,-0.53,normal,abaixo,baixa,2,fallback (60d recentes),3.5
PT0002000068856906VS,18,0.0,fim_semana,26.0,41.5,23.33,-0.66,-0.66,normal,abaixo,baixa,2,fallback (60d recentes),3.5
PT0002000068856906VS,19,0.0,fim_semana,25.0,41.0,22.63,-0.71,-0.71,normal,abaixo,baixa,2,fallback (60d recentes),3.5
PT0002000068856906VS,20,0.0,fim_semana,28.0,34.0,8.49,-0.71,-0.71,normal,abaixo,baixa,2,fallback (60d recentes),3.5
PT0002000068856906VS,21,0.0,fim_semana,31.0,27.0,5.29,0.76,0.76,normal,acima,baixa,3,fallback (60d recentes),3.5
PT0002000068856906VS,22,0.0,fim_semana,26.0,27.0,2.7,-0.37,-0.37,normal,abaixo,baixa,3,fallback (60d recentes),3.5
PT0002000068856906VS,23,0.0,fim_semana,26.0,26.0,2.6,0.0,0.0,normal,abaixo,baixa,3,fallback (60d recentes),3.5
PT0002000068856952LS,0,2.0,fim_semana,0.0,4.5,6.36,-0.71,-0.71,normal,abaixo,baixa,2,fallback (60d recentes),3.5
PT0002000068856952LS,1,2.0,fim_semana,0.0,4.5,4.95,-0.91,-0.91,normal,abaixo,baixa,2,fallback (60d recentes),3.5
PT0002000068856952LS,2,2.0,fim_semana,0.0,4.5,6.36,-0.71,-0.71,normal,abaixo,baixa,2,fallback (60d recentes),3.5
PT0002000068856952LS,3,2.0,fim_semana,1.0,4.0,5.66,-0.53,-0.53,normal,abaixo,baixa,2,fallback (60d recentes),3.5
PT0002000068856952LS,4,2.0,fim_semana,0.0,4.5,6.36,-0.71,-0.71,normal,abaixo,baixa,2,fallback (60d recentes),3.5
PT0002000068856952LS,5,2.0,fim_semana,0.0,4.5,6.36,-0.71,-0.71,normal,abaixo,baixa,2,fallback (60d recentes),3.5
PT0002000068856952LS,6,2.0,fim_semana,0.0,4.0,5.66,-0.71,-0.71,normal,abaixo,baixa,2,fallback (60d recentes),3.5
PT0002000068856952LS,7,2.0,fim_semana,0.0,4.5,6.36,-0.71,-0.71,normal,abaixo,baixa,2,fallback (60d recentes),3.5
PT0002000068856952LS,8,2.0,fim_semana,0.0,4.0,5.66,-0.71,-0.71,normal,abaixo,baixa,2,fallback (60d recentes),3.5
PT0002000068856952LS,9,2.0,fim_semana,0.0,4.5,6.36,-0.71,-0.71,normal,abaixo,baixa,2,fallback (60d recentes),3.5
PT0002000068856952LS,10,2.0,fim_semana,0.0,5.0,5.66,-0.88,-0.88,normal,abaixo,baixa,2,fallback (60d recentes),3.5
PT0002000068856952LS,11,2.0,fim_semana,0.0,4.0,5.66,-0.71,-0.71,normal,abaixo,baixa,2,fallback (60d recentes),3.5
PT0002000068856952LS,12,2.0,fim_semana,1.0,4.5,6.36,-0.55,-0.55,normal,abaixo,baixa,2,fallback (60d recentes),3.5
PT0002000068856952LS,13,2.0,fim_semana,0.0,4.0,5.66,-0.71,-0.71,normal,abaixo,baixa,2,fallback (60d recentes),3.5
PT0002000068856952LS,14,2.0,fim_semana,0.0,4.5,6.36,-0.71,-0.71,normal,abaixo,baixa,2,fallback (60d recentes),3.5
PT0002000068856952LS,15,2.0,fim_semana,0.0,4.0,5.66,-0.71,-0.71,normal,abaixo,baixa,2,fallback (60d recentes),3.5
PT0002000068856952LS,16,2.0,fim_semana,0.0,4.5,6.36,-0.71,-0.71,normal,abaixo,baixa,2,fallback (60d recentes),3.5
PT0002000068856952LS,17,2.0,fim_semana,0.0,4.5,6.36,-0.71,-0.71,normal,abaixo,baixa,2,fallback (60d recentes),3.5
PT0002000068856952LS,18,2.0,fim_semana,0.0,4.0,5.66,-0.71,-0.71,normal,abaixo,baixa,2,fallback (60d recentes),3.5
PT0002000068856952LS,19,2.0,fim_semana,0.0,5.0,5.66,-0.88,-0.88,normal,abaixo,baixa,2,fallback (60d recentes),3.5
PT0002000068856952LS,20,2.0,fim_semana,0.0,4.0,5.66,-0.71,-0.71,normal,abaixo,baixa,2,fallback (60d recentes),3.5
PT0002000068856952LS,21,2.0,fim_semana,1.0,2.67,3.79,-0.44,-0.44,normal,abaixo,baixa,3,fallback (60d recentes),3.5
PT0002000068856952LS,22,2.0,fim_semana,0.0,2.67,4.62,-0.58,-0.58,normal,abaixo,baixa,3,fallback (60d recentes),3.5
PT0002000068856952LS,23,2.0,fim_semana,0.0,3.0,5.2,-0.58,-0.58,normal,abaixo,baixa,3,fallback (60d recentes),3.5
PT0002000068856974CZ,0,,fim_semana,9.0,10.0,1.0,-1.0,-1.0,normal,abaixo,baixa,2,fallback (60d recentes),3.5
PT0002000068856974CZ,1,,fim_semana,10.0,10.0,1.0,0.0,0.0,normal,abaixo,baixa,2,fallback (60d recentes),3.5
PT0002000068856974CZ,2,,fim_semana,10.0,9.0,0.9,1.11,1.11,normal,acima,baixa,2,fallback (60d recentes),3.5
PT0002000068856974CZ,3,,fim_semana,10.0,11.5,1.15,-1.3,-1.3,normal,abaixo,baixa,2,fallback (60d recentes),3.5
PT0002000068856974CZ,4,,fim_semana,9.0,10.0,1.41,-0.71,-0.71,normal,abaixo,baixa,2,fallback (60d recentes),3.5
PT0002000068856974CZ,5,,fim_semana,12.0,9.5,0.95,2.63,2.63,normal,acima,baixa,2,fallback (60d recentes),3.5
PT0002000068856974CZ,6,,fim_semana,10.0,9.0,0.9,1.11,1.11,normal,acima,baixa,2,fallback (60d recentes),3.5
PT0002000068856974CZ,7,,fim_semana,9.0,13.5,1.35,-3.33,-3.33,normal,abaixo,baixa,2,fallback (60d recentes),3.5
PT0002000068856974CZ,8,,fim_semana,13.0,38.0,4.24,-5.89,-5.89,desvio,abaixo,baixa,2,fallback (60d recentes),3.5
PT0002000068856974CZ,9,,fim_semana,11.0,39.0,4.24,-6.6,-6.6,desvio,abaixo,baixa,2,fallback (60d recentes),3.5
PT0002000068856974CZ,10,,fim_semana,11.0,39.0,3.9,-7.18,-7.18,desvio,abaixo,baixa,2,fallback (60d recentes),3.5
PT0002000068856974CZ,11,,fim_semana,11.0,40.5,4.05,-7.28,-7.28,desvio,abaixo,baixa,2,fallback (60d recentes),3.5
PT0002000068856974CZ,12,,fim_semana,11.0,41.0,4.24,-7.07,-7.07,desvio,abaixo,baixa,2,fallback (60d recentes),3.5
PT0002000068856974CZ,13,,fim_semana,10.0,40.5,6.36,-4.79,-4.79,desvio,abaixo,baixa,2,fallback (60d recentes),3.5
PT0002000068856974CZ,14,,fim_semana,11.0,39.0,9.9,-2.83,-2.83,normal,abaixo,baixa,2,fallback (60d recentes),3.5
PT0002000068856974CZ,15,,fim_semana,23.0,45.5,4.55,-4.95,-4.95,desvio,abaixo,baixa,2,fallback (60d recentes),3.5
PT0002000068856974CZ,16,,fim_semana,24.0,41.5,10.61,-1.65,-1.65,normal,abaixo,baixa,2,fallback (60d recentes),3.5
PT0002000068856974CZ,17,,fim_semana,25.0,34.0,5.66,-1.59,-1.59,normal,abaixo,baixa,2,fallback (60d recentes),3.5
PT0002000068856974CZ,18,,fim_semana,22.0,28.0,4.24,-1.41,-1.41,normal,abaixo,baixa,2,fallback (60d recentes),3.5
PT0002000068856974CZ,19,,fim_semana,21.0,23.0,5.66,-0.35,-0.35,normal,abaixo,baixa,2,fallback (60d recentes),3.5
PT0002000068856974CZ,20,,fim_semana,14.0,13.5,3.54,0.14,0.14,normal,acima,baixa,2,fallback (60d recentes),3.5
PT0002000068856974CZ,21,,fim_semana,14.0,8.67,1.53,3.49,3.49,normal,acima,baixa,3,fallback (60d recentes),3.5
PT0002000068856974CZ,22,,fim_semana,14.0,10.67,1.07,3.13,3.13,normal,acima,baixa,3,fallback (60d recentes),3.5
PT0002000068856974CZ,23,,fim_semana,14.0,9.67,1.15,3.75,3.75,desvio,acima,baixa,3,fallback (60d recentes),3.5
PT0002000068857099AR,0,1.0,fim_semana,4.0,4.5,0.71,-0.71,-0.71,normal,abaixo,baixa,2,fallback (60d recentes),3.5
PT0002000068857099AR,1,1.0,fim_semana,3.0,4.0,0.4,-2.5,-2.5,normal,abaixo,baixa,2,fallback (60d recentes),3.5
PT0002000068857099AR,2,1.0,fim_semana,3.0,5.0,0.5,-4.0,-4.0,desvio,abaixo,baixa,2,fallback (60d recentes),3.5
PT0002000068857099AR,3,1.0,fim_semana,3.0,4.0,0.4,-2.5,-2.5,normal,abaixo,baixa,2,fallback (60d recentes),3.5
PT0002000068857099AR,4,1.0,fim_semana,3.0,4.5,0.71,-2.12,-2.12,normal,abaixo,baixa,2,fallback (60d recentes),3.5
PT0002000068857099AR,5,1.0,fim_semana,4.0,4.0,0.4,0.0,0.0,normal,abaixo,baixa,2,fallback (60d recentes),3.5
PT0002000068857099AR,6,1.0,fim_semana,2.0,4.5,0.71,-3.54,-3.54,desvio,abaixo,baixa,2,fallback (60d recentes),3.5
PT0002000068857099AR,7,1.0,fim_semana,3.0,4.0,0.4,-2.5,-2.5,normal,abaixo,baixa,2,fallback (60d recentes),3.5
PT0002000068857099AR,8,1.0,fim_semana,3.0,4.0,0.4,-2.5,-2.5,normal,abaixo,baixa,2,fallback (60d recentes),3.5
PT0002000068857099AR,9,1.0,fim_semana,3.0,4.0,0.4,-2.5,-2.5,normal,abaixo,baixa,2,fallback (60d recentes),3.5
PT0002000068857099AR,10,1.0,fim_semana,4.0,4.0,0.4,0.0,0.0,normal,abaixo,baixa,2,fallback (60d recentes),3.5
PT0002000068857099AR,11,1.0,fim_semana,4.0,4.0,0.4,0.0,0.0,normal,abaixo,baixa,2,fallback (60d recentes),3.5
PT0002000068857099AR,12,1.0,fim_semana,4.0,4.5,0.71,-0.71,-0.71,normal,abaixo,baixa,2,fallback (60d recentes),3.5
PT0002000068857099AR,13,1.0,fim_semana,3.0,4.0,0.4,-2.5,-2.5,normal,abaixo,baixa,2,fallback (60d recentes),3.5
PT0002000068857099AR,14,1.0,fim_semana,4.0,5.0,0.5,-2.0,-2.0,normal,abaixo,baixa,2,fallback (60d recentes),3.5
PT0002000068857099AR,15,1.0,fim_semana,4.0,4.0,0.4,0.0,0.0,normal,abaixo,baixa,2,fallback (60d recentes),3.5
PT0002000068857099AR,16,1.0,fim_semana,4.0,5.0,0.5,-2.0,-2.0,normal,abaixo,baixa,2,fallback (60d recentes),3.5
PT0002000068857099AR,17,1.0,fim_semana,5.0,5.0,0.5,0.0,0.0,normal,abaixo,baixa,2,fallback (60d recentes),3.5
PT0002000068857099AR,18,1.0,fim_semana,5.0,13.0,2.83,-2.83,-2.83,normal,abaixo,baixa,2,fallback (60d recentes),3.5
PT0002000068857099AR,19,1.0,fim_semana,3.0,8.0,0.8,-6.25,-6.25,desvio,abaixo,baixa,2,fallback (60d recentes),3.5
PT0002000068857099AR,20,1.0,fim_semana,4.0,9.5,3.54,-1.56,-1.56,normal,abaixo,baixa,2,fallback (60d recentes),3.5
PT0002000068857099AR,21,1.0,fim_semana,3.0,24.67,11.02,-1.97,-1.97,normal,abaixo,baixa,3,fallback (60d recentes),3.5
PT0002000068857099AR,22,1.0,fim_semana,4.0,4.33,1.15,-0.29,-0.29,normal,abaixo,baixa,3,fallback (60d recentes),3.5
PT0002000068857099AR,23,1.0,fim_semana,3.0,4.0,1.0,-1.0,-1.0,normal,abaixo,baixa,3,fallback (60d recentes),3.5
PT0002000068857897ZV,0,0.0,fim_semana,25.0,27.0,2.7,-0.74,-0.74,normal,abaixo,baixa,2,fallback (60d recentes),3.5
PT0002000068857897ZV,1,0.0,fim_semana,26.0,26.5,2.65,-0.19,-0.19,normal,abaixo,baixa,2,fallback (60d recentes),3.5
PT0002000068857897ZV,2,0.0,fim_semana,26.0,26.5,2.65,-0.19,-0.19,normal,abaixo,baixa,2,fallback (60d recentes),3.5
PT0002000068857897ZV,3,0.0,fim_semana,25.0,25.0,2.5,0.0,0.0,normal,abaixo,baixa,2,fallback (60d recentes),3.5
PT0002000068857897ZV,4,0.0,fim_semana,25.0,26.5,2.65,-0.57,-0.57,normal,abaixo,baixa,2,fallback (60d recentes),3.5
PT0002000068857897ZV,5,0.0,fim_semana,26.0,28.0,2.8,-0.71,-0.71,normal,abaixo,baixa,2,fallback (60d recentes),3.5
PT0002000068857897ZV,6,0.0,fim_semana,26.0,26.0,2.6,0.0,0.0,normal,abaixo,baixa,2,fallback (60d recentes),3.5
PT0002000068857897ZV,7,0.0,fim_semana,26.0,27.0,2.7,-0.37,-0.37,normal,abaixo,baixa,2,fallback (60d recentes),3.5
PT0002000068857897ZV,8,0.0,fim_semana,26.0,33.0,3.3,-2.12,-2.12,normal,abaixo,baixa,2,fallback (60d recentes),3.5
PT0002000068857897ZV,9,0.0,fim_semana,27.0,55.5,5.55,-5.14,-5.14,desvio,abaixo,baixa,2,fallback (60d recentes),3.5
PT0002000068857897ZV,10,0.0,fim_semana,26.0,59.0,5.9,-5.59,-5.59,desvio,abaixo,baixa,2,fallback (60d recentes),3.5
PT0002000068857897ZV,11,0.0,fim_semana,25.0,52.0,12.73,-2.12,-2.12,normal,abaixo,baixa,2,fallback (60d recentes),3.5
PT0002000068857897ZV,12,0.0,fim_semana,26.0,49.5,7.78,-3.02,-3.02,normal,abaixo,baixa,2,fallback (60d recentes),3.5
PT0002000068857897ZV,13,0.0,fim_semana,25.0,50.0,7.07,-3.54,-3.54,desvio,abaixo,baixa,2,fallback (60d recentes),3.5
PT0002000068857897ZV,14,0.0,fim_semana,26.0,51.5,9.19,-2.77,-2.77,normal,abaixo,baixa,2,fallback (60d recentes),3.5
PT0002000068857897ZV,15,0.0,fim_semana,26.0,49.5,7.78,-3.02,-3.02,normal,abaixo,baixa,2,fallback (60d recentes),3.5
PT0002000068857897ZV,16,0.0,fim_semana,26.0,41.0,5.66,-2.65,-2.65,normal,abaixo,baixa,2,fallback (60d recentes),3.5
PT0002000068857897ZV,17,0.0,fim_semana,26.0,33.5,3.54,-2.12,-2.12,normal,abaixo,baixa,2,fallback (60d recentes),3.5
PT0002000068857897ZV,18,0.0,fim_semana,25.0,29.5,3.54,-1.27,-1.27,normal,abaixo,baixa,2,fallback (60d recentes),3.5
PT0002000068857897ZV,19,0.0,fim_semana,25.0,26.0,2.6,-0.38,-0.38,normal,abaixo,baixa,2,fallback (60d recentes),3.5
PT0002000068857897ZV,20,0.0,fim_semana,26.0,27.0,2.7,-0.37,-0.37,normal,abaixo,baixa,2,fallback (60d recentes),3.5
PT0002000068857897ZV,21,0.0,fim_semana,26.0,32.0,14.8,-0.41,-0.41,normal,abaixo,baixa,3,fallback (60d recentes),3.5
PT0002000068857897ZV,22,0.0,fim_semana,25.0,34.33,13.65,-0.68,-0.68,normal,abaixo,baixa,3,fallback (60d recentes),3.5
PT0002000068857897ZV,23,0.0,fim_semana,26.0,29.67,5.51,-0.67,-0.67,normal,abaixo,baixa,3,fallback (60d recentes),3.5
PT0002000068857909SY,0,1.0,fim_semana,7.0,6.5,0.71,0.71,0.71,normal,acima,baixa,2,fallback (60d recentes),3.5
PT0002000068857909SY,1,1.0,fim_semana,6.0,6.0,0.6,0.0,0.0,normal,abaixo,baixa,2,fallback (60d recentes),3.5
PT0002000068857909SY,2,1.0,fim_semana,7.0,7.0,0.7,0.0,0.0,normal,abaixo,baixa,2,fallback (60d recentes),3.5
PT0002000068857909SY,3,1.0,fim_semana,6.0,6.0,0.6,0.0,0.0,normal,abaixo,baixa,2,fallback (60d recentes),3.5
PT0002000068857909SY,4,1.0,fim_semana,6.0,6.0,0.6,0.0,0.0,normal,abaixo,baixa,2,fallback (60d recentes),3.5
PT0002000068857909SY,5,1.0,fim_semana,6.0,7.0,0.7,-1.43,-1.43,normal,abaixo,baixa,2,fallback (60d recentes),3.5
PT0002000068857909SY,6,1.0,fim_semana,7.0,6.0,0.6,1.67,1.67,normal,acima,baixa,2,fallback (60d recentes),3.5
PT0002000068857909SY,7,1.0,fim_semana,6.0,6.0,0.6,0.0,0.0,normal,abaixo,baixa,2,fallback (60d recentes),3.5
PT0002000068857909SY,8,1.0,fim_semana,6.0,6.5,0.71,-0.71,-0.71,normal,abaixo,baixa,2,fallback (60d recentes),3.5
PT0002000068857909SY,9,1.0,fim_semana,7.0,7.5,2.12,-0.24,-0.24,normal,abaixo,baixa,2,fallback (60d recentes),3.5
PT0002000068857909SY,10,1.0,fim_semana,6.0,6.5,0.71,-0.71,-0.71,normal,abaixo,baixa,2,fallback (60d recentes),3.5
PT0002000068857909SY,11,1.0,fim_semana,6.0,6.0,0.6,0.0,0.0,normal,abaixo,baixa,2,fallback (60d recentes),3.5
PT0002000068857909SY,12,1.0,fim_semana,6.0,7.0,0.7,-1.43,-1.43,normal,abaixo,baixa,2,fallback (60d recentes),3.5
PT0002000068857909SY,13,1.0,fim_semana,7.0,6.5,0.71,0.71,0.71,normal,acima,baixa,2,fallback (60d recentes),3.5
PT0002000068857909SY,14,1.0,fim_semana,6.0,6.5,0.71,-0.71,-0.71,normal,abaixo,baixa,2,fallback (60d recentes),3.5
PT0002000068857909SY,15,1.0,fim_semana,7.0,6.5,0.71,0.71,0.71,normal,acima,baixa,2,fallback (60d recentes),3.5
PT0002000068857909SY,16,1.0,fim_semana,6.0,6.0,0.6,0.0,0.0,normal,abaixo,baixa,2,fallback (60d recentes),3.5
PT0002000068857909SY,17,1.0,fim_semana,7.0,7.0,0.7,0.0,0.0,normal,abaixo,baixa,2,fallback (60d recentes),3.5
PT0002000068857909SY,18,1.0,fim_semana,6.0,6.0,0.6,0.0,0.0,normal,abaixo,baixa,2,fallback (60d recentes),3.5
PT0002000068857909SY,19,1.0,fim_semana,7.0,6.5,0.71,0.71,0.71,normal,acima,baixa,2,fallback (60d recentes),3.5
PT0002000068857909SY,20,1.0,fim_semana,6.0,7.0,0.7,-1.43,-1.43,normal,abaixo,baixa,2,fallback (60d recentes),3.5
PT0002000068857909SY,21,1.0,fim_semana,7.0,5.33,1.15,1.44,1.44,normal,acima,baixa,3,fallback (60d recentes),3.5
PT0002000068857909SY,22,1.0,fim_semana,6.0,7.0,0.7,-1.43,-1.43,normal,abaixo,baixa,3,fallback (60d recentes),3.5
PT0002000068857909SY,23,1.0,fim_semana,7.0,6.33,0.63,1.05,1.05,normal,acima,baixa,3,fallback (60d recentes),3.5
PT0002000068858231YY,0,,fim_semana,26.0,25.5,2.55,0.2,0.2,normal,acima,baixa,2,fallback (60d recentes),3.5
PT0002000068858231YY,1,,fim_semana,27.0,26.0,2.83,0.35,0.35,normal,acima,baixa,2,fallback (60d recentes),3.5
PT0002000068858231YY,2,,fim_semana,27.0,25.5,2.55,0.59,0.59,normal,acima,baixa,2,fallback (60d recentes),3.5
PT0002000068858231YY,3,,fim_semana,26.0,25.0,2.5,0.4,0.4,normal,acima,baixa,2,fallback (60d recentes),3.5
PT0002000068858231YY,4,,fim_semana,26.0,25.5,2.55,0.2,0.2,normal,acima,baixa,2,fallback (60d recentes),3.5
PT0002000068858231YY,5,,fim_semana,26.0,24.5,2.45,0.61,0.61,normal,acima,baixa,2,fallback (60d recentes),3.5
PT0002000068858231YY,6,,fim_semana,24.0,23.0,2.3,0.43,0.43,normal,acima,baixa,2,fallback (60d recentes),3.5
PT0002000068858231YY,7,,fim_semana,20.0,29.5,2.95,-3.22,-3.22,normal,abaixo,baixa,2,fallback (60d recentes),3.5
PT0002000068858231YY,8,,fim_semana,21.0,45.5,9.19,-2.67,-2.67,normal,abaixo,baixa,2,fallback (60d recentes),3.5
PT0002000068858231YY,9,,fim_semana,18.0,63.5,6.35,-7.17,-7.17,desvio,abaixo,baixa,2,fallback (60d recentes),3.5
PT0002000068858231YY,10,,fim_semana,18.0,64.0,6.4,-7.19,-7.19,desvio,abaixo,baixa,2,fallback (60d recentes),3.5
PT0002000068858231YY,11,,fim_semana,18.0,56.5,16.26,-2.37,-2.37,normal,abaixo,baixa,2,fallback (60d recentes),3.5
PT0002000068858231YY,12,,fim_semana,18.0,48.0,9.9,-3.03,-3.03,normal,abaixo,baixa,2,fallback (60d recentes),3.5
PT0002000068858231YY,13,,fim_semana,18.0,44.5,13.44,-1.97,-1.97,normal,abaixo,baixa,2,fallback (60d recentes),3.5
PT0002000068858231YY,14,,fim_semana,18.0,46.5,17.68,-1.61,-1.61,normal,abaixo,baixa,2,fallback (60d recentes),3.5
PT0002000068858231YY,15,,fim_semana,19.0,44.5,20.51,-1.24,-1.24,normal,abaixo,baixa,2,fallback (60d recentes),3.5
PT0002000068858231YY,16,,fim_semana,21.0,37.0,9.9,-1.62,-1.62,normal,abaixo,baixa,2,fallback (60d recentes),3.5
PT0002000068858231YY,17,,fim_semana,22.0,26.0,2.83,-1.41,-1.41,normal,abaixo,baixa,2,fallback (60d recentes),3.5
PT0002000068858231YY,18,,fim_semana,21.0,20.5,2.05,0.24,0.24,normal,acima,baixa,2,fallback (60d recentes),3.5
PT0002000068858231YY,19,,fim_semana,22.0,19.0,1.9,1.58,1.58,normal,acima,baixa,2,fallback (60d recentes),3.5
PT0002000068858231YY,20,,fim_semana,18.0,18.5,1.85,-0.27,-0.27,normal,abaixo,baixa,2,fallback (60d recentes),3.5
PT0002000068858231YY,21,,fim_semana,20.0,18.0,4.58,0.44,0.44,normal,acima,baixa,3,fallback (60d recentes),3.5
PT0002000068858231YY,22,,fim_semana,20.0,21.33,3.51,-0.38,-0.38,normal,abaixo,baixa,3,fallback (60d recentes),3.5
PT0002000068858231YY,23,,fim_semana,25.0,22.67,2.27,1.03,1.03,normal,acima,baixa,3,fallback (60d recentes),3.5
PT0002000068858674WN,0,,fim_semana,12.0,12.0,1.2,0.0,0.0,normal,abaixo,baixa,2,fallback (60d recentes),3.5
PT0002000068858674WN,1,,fim_semana,16.0,16.0,1.6,0.0,0.0,normal,abaixo,baixa,2,fallback (60d recentes),3.5
PT0002000068858674WN,2,,fim_semana,12.0,12.0,1.2,0.0,0.0,normal,abaixo,baixa,2,fallback (60d recentes),3.5
PT0002000068858674WN,3,,fim_semana,16.0,16.0,1.6,0.0,0.0,normal,abaixo,baixa,2,fallback (60d recentes),3.5
PT0002000068858674WN,4,,fim_semana,12.0,12.0,1.2,0.0,0.0,normal,abaixo,baixa,2,fallback (60d recentes),3.5
PT0002000068858674WN,5,,fim_semana,16.0,12.0,1.2,3.33,3.33,normal,acima,baixa,2,fallback (60d recentes),3.5
PT0002000068858674WN,6,,fim_semana,16.0,12.0,1.2,3.33,3.33,normal,acima,baixa,2,fallback (60d recentes),3.5
PT0002000068858674WN,7,,fim_semana,12.0,14.0,2.83,-0.71,-0.71,normal,abaixo,baixa,2,fallback (60d recentes),3.5
PT0002000068858674WN,8,,fim_semana,12.0,16.0,1.6,-2.5,-2.5,normal,abaixo,baixa,2,fallback (60d recentes),3.5
PT0002000068858674WN,9,,fim_semana,16.0,14.0,2.83,0.71,0.71,normal,acima,baixa,2,fallback (60d recentes),3.5
PT0002000068858674WN,10,,fim_semana,12.0,18.0,2.83,-2.12,-2.12,normal,abaixo,baixa,2,fallback (60d recentes),3.5
PT0002000068858674WN,11,,fim_semana,16.0,18.0,2.83,-0.71,-0.71,normal,abaixo,baixa,2,fallback (60d recentes),3.5
PT0002000068858674WN,12,,fim_semana,16.0,16.0,1.6,0.0,0.0,normal,abaixo,baixa,2,fallback (60d recentes),3.5
PT0002000068858674WN,13,,fim_semana,12.0,16.0,1.6,-2.5,-2.5,normal,abaixo,baixa,2,fallback (60d recentes),3.5
PT0002000068858674WN,14,,fim_semana,12.0,16.0,1.6,-2.5,-2.5,normal,abaixo,baixa,2,fallback (60d recentes),3.5
PT0002000068858674WN,15,,fim_semana,16.0,20.0,5.66,-0.71,-0.71,normal,abaixo,baixa,2,fallback (60d recentes),3.5
PT0002000068858674WN,16,,fim_semana,12.0,16.0,5.66,-0.71,-0.71,normal,abaixo,baixa,2,fallback (60d recentes),3.5
PT0002000068858674WN,17,,fim_semana,16.0,22.0,8.49,-0.71,-0.71,normal,abaixo,baixa,2,fallback (60d recentes),3.5
PT0002000068858674WN,18,,fim_semana,12.0,28.0,2.8,-5.71,-5.71,desvio,abaixo,baixa,2,fallback (60d recentes),3.5
PT0002000068858674WN,19,,fim_semana,16.0,28.0,5.66,-2.12,-2.12,normal,abaixo,baixa,2,fallback (60d recentes),3.5
PT0002000068858674WN,20,,fim_semana,16.0,34.0,8.49,-2.12,-2.12,normal,abaixo,baixa,2,fallback (60d recentes),3.5
PT0002000068858674WN,21,,fim_semana,12.0,28.0,16.0,-1.0,-1.0,normal,abaixo,baixa,3,fallback (60d recentes),3.5
PT0002000068858674WN,22,,fim_semana,16.0,32.0,17.44,-0.92,-0.92,normal,abaixo,baixa,3,fallback (60d recentes),3.5
PT0002000068858674WN,23,,fim_semana,12.0,32.0,16.0,-1.25,-1.25,normal,abaixo,baixa,3,fallback (60d recentes),3.5
PT0002000068859187RL,0,0.0,fim_semana,16.0,14.0,1.41,1.41,1.41,normal,acima,baixa,2,fallback (60d recentes),3.5
PT0002000068859187RL,1,0.0,fim_semana,15.0,13.5,1.35,1.11,1.11,normal,acima,baixa,2,fallback (60d recentes),3.5
PT0002000068859187RL,2,0.0,fim_semana,16.0,13.5,2.12,1.18,1.18,normal,acima,baixa,2,fallback (60d recentes),3.5
PT0002000068859187RL,3,0.0,fim_semana,16.0,13.5,1.35,1.85,1.85,normal,acima,baixa,2,fallback (60d recentes),3.5
PT0002000068859187RL,4,0.0,fim_semana,14.0,12.5,1.25,1.2,1.2,normal,acima,baixa,2,fallback (60d recentes),3.5
PT0002000068859187RL,5,0.0,fim_semana,15.0,13.5,1.35,1.11,1.11,normal,acima,baixa,2,fallback (60d recentes),3.5
PT0002000068859187RL,6,0.0,fim_semana,15.0,13.5,1.35,1.11,1.11,normal,acima,baixa,2,fallback (60d recentes),3.5
PT0002000068859187RL,7,0.0,fim_semana,16.0,26.0,2.6,-3.85,-3.85,desvio,abaixo,baixa,2,fallback (60d recentes),3.5
PT0002000068859187RL,8,0.0,fim_semana,18.0,66.0,11.31,-4.24,-4.24,desvio,abaixo,baixa,2,fallback (60d recentes),3.5
PT0002000068859187RL,9,0.0,fim_semana,20.0,79.0,25.46,-2.32,-2.32,normal,abaixo,baixa,2,fallback (60d recentes),3.5
PT0002000068859187RL,10,0.0,fim_semana,19.0,100.0,35.36,-2.29,-2.29,normal,abaixo,baixa,2,fallback (60d recentes),3.5
PT0002000068859187RL,11,0.0,fim_semana,21.0,84.0,22.63,-2.78,-2.78,normal,abaixo,baixa,2,fallback (60d recentes),3.5
PT0002000068859187RL,12,0.0,fim_semana,21.0,80.0,22.63,-2.61,-2.61,normal,abaixo,baixa,2,fallback (60d recentes),3.5
PT0002000068859187RL,13,0.0,fim_semana,20.0,74.0,14.14,-3.82,-3.82,desvio,abaixo,baixa,2,fallback (60d recentes),3.5
PT0002000068859187RL,14,0.0,fim_semana,20.0,77.0,26.87,-2.12,-2.12,normal,abaixo,baixa,2,fallback (60d recentes),3.5
PT0002000068859187RL,15,0.0,fim_semana,20.0,63.0,8.49,-5.07,-5.07,desvio,abaixo,baixa,2,fallback (60d recentes),3.5
PT0002000068859187RL,16,0.0,fim_semana,17.0,58.0,5.8,-7.07,-7.07,desvio,abaixo,baixa,2,fallback (60d recentes),3.5
PT0002000068859187RL,17,0.0,fim_semana,18.0,47.5,13.44,-2.2,-2.2,normal,abaixo,baixa,2,fallback (60d recentes),3.5
PT0002000068859187RL,18,0.0,fim_semana,20.0,28.5,2.85,-2.98,-2.98,normal,abaixo,baixa,2,fallback (60d recentes),3.5
PT0002000068859187RL,19,0.0,fim_semana,19.0,16.5,3.54,0.71,0.71,normal,acima,baixa,2,fallback (60d recentes),3.5
PT0002000068859187RL,20,0.0,fim_semana,16.0,16.0,1.6,0.0,0.0,normal,abaixo,baixa,2,fallback (60d recentes),3.5
PT0002000068859187RL,21,0.0,fim_semana,17.0,13.0,4.0,1.0,1.0,normal,acima,baixa,3,fallback (60d recentes),3.5
PT0002000068859187RL,22,0.0,fim_semana,14.0,14.0,1.4,0.0,0.0,normal,abaixo,baixa,3,fallback (60d recentes),3.5
PT0002000068859187RL,23,0.0,fim_semana,15.0,14.33,1.53,0.44,0.44,normal,acima,baixa,3,fallback (60d recentes),3.5
PT0002000068859325FL,0,1.0,fim_semana,116.0,74.0,14.14,2.97,2.97,normal,acima,baixa,2,fallback (60d recentes),3.5
PT0002000068859325FL,1,1.0,fim_semana,116.0,72.0,16.97,2.59,2.59,normal,acima,baixa,2,fallback (60d recentes),3.5
PT0002000068859325FL,2,1.0,fim_semana,116.0,72.0,16.97,2.59,2.59,normal,acima,baixa,2,fallback (60d recentes),3.5
PT0002000068859325FL,3,1.0,fim_semana,116.0,72.0,16.97,2.59,2.59,normal,acima,baixa,2,fallback (60d recentes),3.5
PT0002000068859325FL,4,1.0,fim_semana,116.0,72.0,16.97,2.59,2.59,normal,acima,baixa,2,fallback (60d recentes),3.5
PT0002000068859325FL,5,1.0,fim_semana,112.0,72.0,11.31,3.54,3.54,desvio,acima,baixa,2,fallback (60d recentes),3.5
PT0002000068859325FL,6,1.0,fim_semana,140.0,62.0,19.8,3.94,3.94,desvio,acima,baixa,2,fallback (60d recentes),3.5
PT0002000068859325FL,7,1.0,fim_semana,160.0,114.0,19.8,2.32,2.32,normal,acima,baixa,2,fallback (60d recentes),3.5
PT0002000068859325FL,8,1.0,fim_semana,208.0,102.0,48.08,2.2,2.2,normal,acima,baixa,2,fallback (60d recentes),3.5
PT0002000068859325FL,9,1.0,fim_semana,328.0,172.0,22.63,6.89,6.89,desvio,acima,baixa,2,fallback (60d recentes),3.5
PT0002000068859325FL,10,1.0,fim_semana,396.0,176.0,17.6,10.0,12.5,desvio,acima,baixa,2,fallback (60d recentes),3.5
PT0002000068859325FL,11,1.0,fim_semana,400.0,206.0,76.37,2.54,2.54,normal,acima,baixa,2,fallback (60d recentes),3.5
PT0002000068859325FL,12,1.0,fim_semana,380.0,200.0,33.94,5.3,5.3,desvio,acima,baixa,2,fallback (60d recentes),3.5
PT0002000068859325FL,13,1.0,fim_semana,332.0,200.0,22.63,5.83,5.83,desvio,acima,baixa,2,fallback (60d recentes),3.5
PT0002000068859325FL,14,1.0,fim_semana,304.0,224.0,22.4,3.57,3.57,desvio,acima,baixa,2,fallback (60d recentes),3.5
PT0002000068859325FL,15,1.0,fim_semana,340.0,304.0,45.25,0.8,0.8,normal,acima,baixa,2,fallback (60d recentes),3.5
PT0002000068859325FL,16,1.0,fim_semana,412.0,276.0,39.6,3.43,3.43,normal,acima,baixa,2,fallback (60d recentes),3.5
PT0002000068859325FL,17,1.0,fim_semana,408.0,250.0,76.37,2.07,2.07,normal,acima,baixa,2,fallback (60d recentes),3.5
PT0002000068859325FL,18,1.0,fim_semana,388.0,224.0,79.2,2.07,2.07,normal,acima,baixa,2,fallback (60d recentes),3.5
PT0002000068859325FL,19,1.0,fim_semana,360.0,216.0,84.85,1.7,1.7,normal,acima,baixa,2,fallback (60d recentes),3.5
PT0002000068859325FL,20,1.0,fim_semana,188.0,186.0,18.6,0.11,0.11,normal,acima,baixa,2,fallback (60d recentes),3.5
PT0002000068859325FL,21,1.0,fim_semana,156.0,161.33,62.01,-0.09,-0.09,normal,abaixo,baixa,3,fallback (60d recentes),3.5
PT0002000068859325FL,22,1.0,fim_semana,136.0,117.33,34.02,0.55,0.55,normal,acima,baixa,3,fallback (60d recentes),3.5
PT0002000068859325FL,23,1.0,fim_semana,132.0,93.33,32.08,1.21,1.21,normal,acima,baixa,3,fallback (60d recentes),3.5
PT0002000068859382XF,0,0.0,fim_semana,39.0,40.0,4.0,-0.25,-0.25,normal,abaixo,baixa,2,fallback (60d recentes),3.5
PT0002000068859382XF,1,0.0,fim_semana,38.0,39.0,3.9,-0.26,-0.26,normal,abaixo,baixa,2,fallback (60d recentes),3.5
PT0002000068859382XF,2,0.0,fim_semana,39.0,40.0,4.0,-0.25,-0.25,normal,abaixo,baixa,2,fallback (60d recentes),3.5
PT0002000068859382XF,3,0.0,fim_semana,40.0,39.0,3.9,0.26,0.26,normal,acima,baixa,2,fallback (60d recentes),3.5
PT0002000068859382XF,4,0.0,fim_semana,39.0,39.5,3.95,-0.13,-0.13,normal,abaixo,baixa,2,fallback (60d recentes),3.5
PT0002000068859382XF,5,0.0,fim_semana,40.0,39.5,3.95,0.13,0.13,normal,acima,baixa,2,fallback (60d recentes),3.5
PT0002000068859382XF,6,0.0,fim_semana,38.0,38.5,3.85,-0.13,-0.13,normal,abaixo,baixa,2,fallback (60d recentes),3.5
PT0002000068859382XF,7,0.0,fim_semana,39.0,41.5,4.15,-0.6,-0.6,normal,abaixo,baixa,2,fallback (60d recentes),3.5
PT0002000068859382XF,8,0.0,fim_semana,39.0,59.5,5.95,-3.45,-3.45,normal,abaixo,baixa,2,fallback (60d recentes),3.5
PT0002000068859382XF,9,0.0,fim_semana,39.0,75.5,7.55,-4.83,-4.83,desvio,abaixo,baixa,2,fallback (60d recentes),3.5
PT0002000068859382XF,10,0.0,fim_semana,39.0,83.5,8.35,-5.33,-5.33,desvio,abaixo,baixa,2,fallback (60d recentes),3.5
PT0002000068859382XF,11,0.0,fim_semana,39.0,81.0,8.1,-5.19,-5.19,desvio,abaixo,baixa,2,fallback (60d recentes),3.5
PT0002000068859382XF,12,0.0,fim_semana,40.0,73.0,7.3,-4.52,-4.52,desvio,abaixo,baixa,2,fallback (60d recentes),3.5
PT0002000068859382XF,13,0.0,fim_semana,38.0,69.0,6.9,-4.49,-4.49,desvio,abaixo,baixa,2,fallback (60d recentes),3.5
PT0002000068859382XF,14,0.0,fim_semana,39.0,73.0,7.3,-4.66,-4.66,desvio,abaixo,baixa,2,fallback (60d recentes),3.5
PT0002000068859382XF,15,0.0,fim_semana,39.0,78.5,7.85,-5.03,-5.03,desvio,abaixo,baixa,2,fallback (60d recentes),3.5
PT0002000068859382XF,16,0.0,fim_semana,40.0,72.0,7.2,-4.44,-4.44,desvio,abaixo,baixa,2,fallback (60d recentes),3.5
PT0002000068859382XF,17,0.0,fim_semana,38.0,54.5,5.45,-3.03,-3.03,normal,abaixo,baixa,2,fallback (60d recentes),3.5
PT0002000068859382XF,18,0.0,fim_semana,40.0,43.5,4.35,-0.8,-0.8,normal,abaixo,baixa,2,fallback (60d recentes),3.5
PT0002000068859382XF,19,0.0,fim_semana,40.0,39.5,3.95,0.13,0.13,normal,acima,baixa,2,fallback (60d recentes),3.5
PT0002000068859382XF,20,0.0,fim_semana,40.0,38.5,3.85,0.39,0.39,normal,acima,baixa,2,fallback (60d recentes),3.5
PT0002000068859382XF,21,0.0,fim_semana,39.0,35.67,4.93,0.68,0.68,normal,acima,baixa,3,fallback (60d recentes),3.5
PT0002000068859382XF,22,0.0,fim_semana,38.0,41.0,4.1,-0.73,-0.73,normal,abaixo,baixa,3,fallback (60d recentes),3.5
PT0002000068859382XF,23,0.0,fim_semana,39.0,40.0,4.0,-0.25,-0.25,normal,abaixo,baixa,3,fallback (60d recentes),3.5
PT0002000068859393XH,0,1.0,fim_semana,26.0,23.0,2.3,1.3,1.3,normal,acima,baixa,2,fallback (60d recentes),3.5
PT0002000068859393XH,1,1.0,fim_semana,24.0,24.0,2.4,0.0,0.0,normal,abaixo,baixa,2,fallback (60d recentes),3.5
PT0002000068859393XH,2,1.0,fim_semana,23.0,20.5,2.12,1.18,1.18,normal,acima,baixa,2,fallback (60d recentes),3.5
PT0002000068859393XH,3,1.0,fim_semana,24.0,22.0,2.2,0.91,0.91,normal,acima,baixa,2,fallback (60d recentes),3.5
PT0002000068859393XH,4,1.0,fim_semana,23.0,21.0,2.1,0.95,0.95,normal,acima,baixa,2,fallback (60d recentes),3.5
PT0002000068859393XH,5,1.0,fim_semana,21.0,19.5,1.95,0.77,0.77,normal,acima,baixa,2,fallback (60d recentes),3.5
PT0002000068859393XH,6,1.0,fim_semana,19.0,18.0,1.8,0.56,0.56,normal,acima,baixa,2,fallback (60d recentes),3.5
PT0002000068859393XH,7,1.0,fim_semana,17.0,35.0,3.5,-5.14,-5.14,desvio,abaixo,baixa,2,fallback (60d recentes),3.5
PT0002000068859393XH,8,1.0,fim_semana,84.0,81.0,8.1,0.37,0.37,normal,acima,baixa,2,fallback (60d recentes),3.5
PT0002000068859393XH,9,1.0,fim_semana,135.0,97.0,12.73,2.99,2.99,normal,acima,baixa,2,fallback (60d recentes),3.5
PT0002000068859393XH,10,1.0,fim_semana,142.0,99.5,9.95,4.27,4.27,desvio,acima,baixa,2,fallback (60d recentes),3.5
PT0002000068859393XH,11,1.0,fim_semana,148.0,99.5,9.95,4.87,4.87,desvio,acima,baixa,2,fallback (60d recentes),3.5
PT0002000068859393XH,12,1.0,fim_semana,179.0,114.5,11.45,5.63,5.63,desvio,acima,baixa,2,fallback (60d recentes),3.5
PT0002000068859393XH,13,1.0,fim_semana,161.0,134.0,18.38,1.47,1.47,normal,acima,baixa,2,fallback (60d recentes),3.5
PT0002000068859393XH,14,1.0,fim_semana,155.0,130.5,19.09,1.28,1.28,normal,acima,baixa,2,fallback (60d recentes),3.5
PT0002000068859393XH,15,1.0,fim_semana,132.0,146.5,14.65,-0.99,-0.99,normal,abaixo,baixa,2,fallback (60d recentes),3.5
PT0002000068859393XH,16,1.0,fim_semana,128.0,141.0,14.1,-0.92,-0.92,normal,abaixo,baixa,2,fallback (60d recentes),3.5
PT0002000068859393XH,17,1.0,fim_semana,135.0,138.0,13.8,-0.22,-0.22,normal,abaixo,baixa,2,fallback (60d recentes),3.5
PT0002000068859393XH,18,1.0,fim_semana,145.0,148.5,14.85,-0.24,-0.24,normal,abaixo,baixa,2,fallback (60d recentes),3.5
PT0002000068859393XH,19,1.0,fim_semana,149.0,174.5,17.45,-1.46,-1.46,normal,abaixo,baixa,2,fallback (60d recentes),3.5
PT0002000068859393XH,20,1.0,fim_semana,78.0,217.0,21.7,-6.41,-6.41,desvio,abaixo,baixa,2,fallback (60d recentes),3.5
PT0002000068859393XH,21,1.0,fim_semana,61.0,202.0,49.73,-2.84,-2.84,normal,abaixo,baixa,3,fallback (60d recentes),3.5
PT0002000068859393XH,22,1.0,fim_semana,50.0,189.0,18.9,-7.35,-7.35,desvio,abaixo,baixa,3,fallback (60d recentes),3.5
PT0002000068859393XH,23,1.0,fim_semana,31.0,101.67,11.59,-6.1,-6.1,desvio,abaixo,baixa,3,fallback (60d recentes),3.5
PT0002000068859597LS,0,0.0,fim_semana,62.0,30.0,3.0,10.0,10.67,desvio,acima,baixa,2,fallback (60d recentes),3.5
PT0002000068859597LS,1,0.0,fim_semana,30.0,28.0,2.8,0.71,0.71,normal,acima,baixa,2,fallback (60d recentes),3.5
PT0002000068859597LS,2,0.0,fim_semana,29.0,26.5,2.65,0.94,0.94,normal,acima,baixa,2,fallback (60d recentes),3.5
PT0002000068859597LS,3,0.0,fim_semana,27.0,26.5,2.65,0.19,0.19,normal,acima,baixa,2,fallback (60d recentes),3.5
PT0002000068859597LS,4,0.0,fim_semana,28.0,27.5,2.75,0.18,0.18,normal,acima,baixa,2,fallback (60d recentes),3.5
PT0002000068859597LS,5,0.0,fim_semana,27.0,26.0,2.6,0.38,0.38,normal,acima,baixa,2,fallback (60d recentes),3.5
PT0002000068859597LS,6,0.0,fim_semana,31.0,30.5,3.05,0.16,0.16,normal,acima,baixa,2,fallback (60d recentes),3.5
PT0002000068859597LS,7,0.0,fim_semana,29.0,31.0,3.1,-0.65,-0.65,normal,abaixo,baixa,2,fallback (60d recentes),3.5
PT0002000068859597LS,8,0.0,fim_semana,30.0,50.0,5.0,-4.0,-4.0,desvio,abaixo,baixa,2,fallback (60d recentes),3.5
PT0002000068859597LS,9,0.0,fim_semana,31.0,64.0,8.49,-3.89,-3.89,desvio,abaixo,baixa,2,fallback (60d recentes),3.5
PT0002000068859597LS,10,0.0,fim_semana,34.0,73.5,7.35,-5.37,-5.37,desvio,abaixo,baixa,2,fallback (60d recentes),3.5
PT0002000068859597LS,11,0.0,fim_semana,36.0,73.5,7.35,-5.1,-5.1,desvio,abaixo,baixa,2,fallback (60d recentes),3.5
PT0002000068859597LS,12,0.0,fim_semana,34.0,67.0,7.07,-4.67,-4.67,desvio,abaixo,baixa,2,fallback (60d recentes),3.5
PT0002000068859597LS,13,0.0,fim_semana,35.0,64.5,6.45,-4.57,-4.57,desvio,abaixo,baixa,2,fallback (60d recentes),3.5
PT0002000068859597LS,14,0.0,fim_semana,33.0,69.5,6.95,-5.25,-5.25,desvio,abaixo,baixa,2,fallback (60d recentes),3.5
PT0002000068859597LS,15,0.0,fim_semana,32.0,70.0,7.0,-5.43,-5.43,desvio,abaixo,baixa,2,fallback (60d recentes),3.5
PT0002000068859597LS,16,0.0,fim_semana,33.0,57.0,5.7,-4.21,-4.21,desvio,abaixo,baixa,2,fallback (60d recentes),3.5
PT0002000068859597LS,17,0.0,fim_semana,33.0,41.0,7.07,-1.13,-1.13,normal,abaixo,baixa,2,fallback (60d recentes),3.5
PT0002000068859597LS,18,0.0,fim_semana,28.0,36.5,6.36,-1.34,-1.34,normal,abaixo,baixa,2,fallback (60d recentes),3.5
PT0002000068859597LS,19,0.0,fim_semana,29.0,53.0,21.21,-1.13,-1.13,normal,abaixo,baixa,2,fallback (60d recentes),3.5
PT0002000068859597LS,20,0.0,fim_semana,37.0,64.5,17.68,-1.56,-1.56,normal,abaixo,baixa,2,fallback (60d recentes),3.5
PT0002000068859597LS,21,0.0,fim_semana,62.0,75.0,15.13,-0.86,-0.86,normal,abaixo,baixa,3,fallback (60d recentes),3.5
PT0002000068859597LS,22,0.0,fim_semana,62.0,78.67,7.87,-2.12,-2.12,normal,abaixo,baixa,3,fallback (60d recentes),3.5
PT0002000068859597LS,23,0.0,fim_semana,62.0,69.33,18.72,-0.39,-0.39,normal,abaixo,baixa,3,fallback (60d recentes),3.5
PT0002000071896778MT,0,0.0,fim_semana,4.0,4.0,0.4,0.0,0.0,normal,abaixo,baixa,2,fallback (60d recentes),3.5
PT0002000071896778MT,1,0.0,fim_semana,3.0,4.0,0.4,-2.5,-2.5,normal,abaixo,baixa,2,fallback (60d recentes),3.5
PT0002000071896778MT,2,0.0,fim_semana,4.0,4.5,0.71,-0.71,-0.71,normal,abaixo,baixa,2,fallback (60d recentes),3.5
PT0002000071896778MT,3,0.0,fim_semana,4.0,4.0,0.4,0.0,0.0,normal,abaixo,baixa,2,fallback (60d recentes),3.5
PT0002000071896778MT,4,0.0,fim_semana,4.0,4.0,0.4,0.0,0.0,normal,abaixo,baixa,2,fallback (60d recentes),3.5
PT0002000071896778MT,5,0.0,fim_semana,4.0,4.5,0.71,-0.71,-0.71,normal,abaixo,baixa,2,fallback (60d recentes),3.5
PT0002000071896778MT,6,0.0,fim_semana,4.0,4.0,0.4,0.0,0.0,normal,abaixo,baixa,2,fallback (60d recentes),3.5
PT0002000071896778MT,7,0.0,fim_semana,3.0,24.5,14.85,-1.45,-1.45,normal,abaixo,baixa,2,fallback (60d recentes),3.5
PT0002000071896778MT,8,0.0,fim_semana,4.0,27.0,2.83,-8.13,-8.13,desvio,abaixo,baixa,2,fallback (60d recentes),3.5
PT0002000071896778MT,9,0.0,fim_semana,4.0,32.0,8.49,-3.3,-3.3,normal,abaixo,baixa,2,fallback (60d recentes),3.5
PT0002000071896778MT,10,0.0,fim_semana,4.0,28.5,3.54,-6.93,-6.93,desvio,abaixo,baixa,2,fallback (60d recentes),3.5
PT0002000071896778MT,11,0.0,fim_semana,4.0,20.0,2.0,-8.0,-8.0,desvio,abaixo,baixa,2,fallback (60d recentes),3.5
PT0002000071896778MT,12,0.0,fim_semana,4.0,28.0,2.8,-8.57,-8.57,desvio,abaixo,baixa,2,fallback (60d recentes),3.5
PT0002000071896778MT,13,0.0,fim_semana,4.0,22.0,2.2,-8.18,-8.18,desvio,abaixo,baixa,2,fallback (60d recentes),3.5
PT0002000071896778MT,14,0.0,fim_semana,4.0,11.5,1.15,-6.52,-6.52,desvio,abaixo,baixa,2,fallback (60d recentes),3.5
PT0002000071896778MT,15,0.0,fim_semana,4.0,10.5,1.05,-6.19,-6.19,desvio,abaixo,baixa,2,fallback (60d recentes),3.5
PT0002000071896778MT,16,0.0,fim_semana,4.0,9.0,1.41,-3.54,-3.54,desvio,abaixo,baixa,2,fallback (60d recentes),3.5
PT0002000071896778MT,17,0.0,fim_semana,4.0,9.5,0.95,-5.79,-5.79,desvio,abaixo,baixa,2,fallback (60d recentes),3.5
PT0002000071896778MT,18,0.0,fim_semana,4.0,6.5,0.71,-3.54,-3.54,desvio,abaixo,baixa,2,fallback (60d recentes),3.5
PT0002000071896778MT,19,0.0,fim_semana,4.0,4.5,0.71,-0.71,-0.71,normal,abaixo,baixa,2,fallback (60d recentes),3.5
PT0002000071896778MT,20,0.0,fim_semana,4.0,4.0,0.4,0.0,0.0,normal,abaixo,baixa,2,fallback (60d recentes),3.5
PT0002000071896778MT,21,0.0,fim_semana,4.0,4.0,1.0,0.0,0.0,normal,abaixo,baixa,3,fallback (60d recentes),3.5
PT0002000071896778MT,22,0.0,fim_semana,4.0,4.0,0.4,0.0,0.0,normal,abaixo,baixa,3,fallback (60d recentes),3.5
PT0002000071896778MT,23,0.0,fim_semana,4.0,4.33,0.58,-0.58,-0.58,normal,abaixo,baixa,3,fallback (60d recentes),3.5
PT0002000073231742VK,0,0.0,fim_semana,13.0,13.0,1.3,0.0,0.0,normal,abaixo,baixa,2,fallback (60d recentes),3.5
PT0002000073231742VK,1,0.0,fim_semana,12.0,13.5,1.35,-1.11,-1.11,normal,abaixo,baixa,2,fallback (60d recentes),3.5
PT0002000073231742VK,2,0.0,fim_semana,13.0,13.5,1.35,-0.37,-0.37,normal,abaixo,baixa,2,fallback (60d recentes),3.5
PT0002000073231742VK,3,0.0,fim_semana,13.0,13.5,1.35,-0.37,-0.37,normal,abaixo,baixa,2,fallback (60d recentes),3.5
PT0002000073231742VK,4,0.0,fim_semana,13.0,13.5,1.35,-0.37,-0.37,normal,abaixo,baixa,2,fallback (60d recentes),3.5
PT0002000073231742VK,5,0.0,fim_semana,12.0,13.0,1.3,-0.77,-0.77,normal,abaixo,baixa,2,fallback (60d recentes),3.5
PT0002000073231742VK,6,0.0,fim_semana,12.0,13.0,1.3,-0.77,-0.77,normal,abaixo,baixa,2,fallback (60d recentes),3.5
PT0002000073231742VK,7,0.0,fim_semana,12.0,24.0,4.24,-2.83,-2.83,normal,abaixo,baixa,2,fallback (60d recentes),3.5
PT0002000073231742VK,8,0.0,fim_semana,13.0,40.5,4.05,-6.79,-6.79,desvio,abaixo,baixa,2,fallback (60d recentes),3.5
PT0002000073231742VK,9,0.0,fim_semana,13.0,37.0,3.7,-6.49,-6.49,desvio,abaixo,baixa,2,fallback (60d recentes),3.5
PT0002000073231742VK,10,0.0,fim_semana,12.0,39.0,5.66,-4.77,-4.77,desvio,abaixo,baixa,2,fallback (60d recentes),3.5
PT0002000073231742VK,11,0.0,fim_semana,12.0,32.5,4.95,-4.14,-4.14,desvio,abaixo,baixa,2,fallback (60d recentes),3.5
PT0002000073231742VK,12,0.0,fim_semana,12.0,35.5,6.36,-3.69,-3.69,desvio,abaixo,baixa,2,fallback (60d recentes),3.5
PT0002000073231742VK,13,0.0,fim_semana,12.0,23.0,2.3,-4.78,-4.78,desvio,abaixo,baixa,2,fallback (60d recentes),3.5
PT0002000073231742VK,14,0.0,fim_semana,12.0,23.5,2.35,-4.89,-4.89,desvio,abaixo,baixa,2,fallback (60d recentes),3.5
PT0002000073231742VK,15,0.0,fim_semana,12.0,20.5,2.05,-4.15,-4.15,desvio,abaixo,baixa,2,fallback (60d recentes),3.5
PT0002000073231742VK,16,0.0,fim_semana,12.0,20.5,2.05,-4.15,-4.15,desvio,abaixo,baixa,2,fallback (60d recentes),3.5
PT0002000073231742VK,17,0.0,fim_semana,12.0,20.5,2.12,-4.01,-4.01,desvio,abaixo,baixa,2,fallback (60d recentes),3.5
PT0002000073231742VK,18,0.0,fim_semana,12.0,18.0,2.83,-2.12,-2.12,normal,abaixo,baixa,2,fallback (60d recentes),3.5
PT0002000073231742VK,19,0.0,fim_semana,13.0,13.0,1.3,0.0,0.0,normal,abaixo,baixa,2,fallback (60d recentes),3.5
PT0002000073231742VK,20,0.0,fim_semana,12.0,13.5,1.35,-1.11,-1.11,normal,abaixo,baixa,2,fallback (60d recentes),3.5
PT0002000073231742VK,21,0.0,fim_semana,12.0,14.0,1.73,-1.15,-1.15,normal,abaixo,baixa,3,fallback (60d recentes),3.5
PT0002000073231742VK,22,0.0,fim_semana,13.0,14.0,1.4,-0.71,-0.71,normal,abaixo,baixa,3,fallback (60d recentes),3.5
PT0002000073231742VK,23,0.0,fim_semana,13.0,13.0,1.3,0.0,0.0,normal,abaixo,baixa,3,fallback (60d recentes),3.5
PT0002000073481266XH,0,0.0,fim_semana,7.0,7.0,0.7,0.0,0.0,normal,abaixo,baixa,2,fallback (60d recentes),3.5
PT0002000073481266XH,1,0.0,fim_semana,8.0,7.0,0.7,1.43,1.43,normal,acima,baixa,2,fallback (60d recentes),3.5
PT0002000073481266XH,2,0.0,fim_semana,6.0,7.0,0.7,-1.43,-1.43,normal,abaixo,baixa,2,fallback (60d recentes),3.5
PT0002000073481266XH,3,0.0,fim_semana,7.0,7.0,0.7,0.0,0.0,normal,abaixo,baixa,2,fallback (60d recentes),3.5
PT0002000073481266XH,4,0.0,fim_semana,8.0,6.5,0.71,2.12,2.12,normal,acima,baixa,2,fallback (60d recentes),3.5
PT0002000073481266XH,5,0.0,fim_semana,6.0,7.0,0.7,-1.43,-1.43,normal,abaixo,baixa,2,fallback (60d recentes),3.5
PT0002000073481266XH,6,0.0,fim_semana,6.0,5.5,0.71,0.71,0.71,normal,acima,baixa,2,fallback (60d recentes),3.5
PT0002000073481266XH,7,0.0,fim_semana,5.0,13.0,2.83,-2.83,-2.83,normal,abaixo,baixa,2,fallback (60d recentes),3.5
PT0002000073481266XH,8,0.0,fim_semana,5.0,35.0,7.07,-4.24,-4.24,desvio,abaixo,baixa,2,fallback (60d recentes),3.5
PT0002000073481266XH,9,0.0,fim_semana,5.0,36.5,9.19,-3.43,-3.43,normal,abaixo,baixa,2,fallback (60d recentes),3.5
PT0002000073481266XH,10,0.0,fim_semana,6.0,39.0,9.9,-3.33,-3.33,normal,abaixo,baixa,2,fallback (60d recentes),3.5
PT0002000073481266XH,11,0.0,fim_semana,5.0,40.0,4.0,-8.75,-8.75,desvio,abaixo,baixa,2,fallback (60d recentes),3.5
PT0002000073481266XH,12,0.0,fim_semana,6.0,43.0,4.3,-8.6,-8.6,desvio,abaixo,baixa,2,fallback (60d recentes),3.5
PT0002000073481266XH,13,0.0,fim_semana,5.0,37.5,3.75,-8.67,-8.67,desvio,abaixo,baixa,2,fallback (60d recentes),3.5
PT0002000073481266XH,14,0.0,fim_semana,6.0,41.5,4.15,-8.55,-8.55,desvio,abaixo,baixa,2,fallback (60d recentes),3.5
PT0002000073481266XH,15,0.0,fim_semana,5.0,37.5,13.44,-2.42,-2.42,normal,abaixo,baixa,2,fallback (60d recentes),3.5
PT0002000073481266XH,16,0.0,fim_semana,5.0,34.0,3.4,-8.53,-8.53,desvio,abaixo,baixa,2,fallback (60d recentes),3.5
PT0002000073481266XH,17,0.0,fim_semana,8.0,30.0,4.24,-5.19,-5.19,desvio,abaixo,baixa,2,fallback (60d recentes),3.5
PT0002000073481266XH,18,0.0,fim_semana,7.0,16.5,2.12,-4.48,-4.48,desvio,abaixo,baixa,2,fallback (60d recentes),3.5
PT0002000073481266XH,19,0.0,fim_semana,7.0,8.5,0.85,-1.76,-1.76,normal,abaixo,baixa,2,fallback (60d recentes),3.5
PT0002000073481266XH,20,0.0,fim_semana,7.0,8.5,0.85,-1.76,-1.76,normal,abaixo,baixa,2,fallback (60d recentes),3.5
PT0002000073481266XH,21,0.0,fim_semana,7.0,8.0,3.0,-0.33,-0.33,normal,abaixo,baixa,3,fallback (60d recentes),3.5
PT0002000073481266XH,22,0.0,fim_semana,7.0,9.67,2.08,-1.28,-1.28,normal,abaixo,baixa,3,fallback (60d recentes),3.5
PT0002000073481266XH,23,0.0,fim_semana,7.0,8.0,1.0,-1.0,-1.0,normal,abaixo,baixa,3,fallback (60d recentes),3.5
PT0002000073573036KH,0,,fim_semana,178.0,189.0,18.9,-0.58,-0.58,normal,abaixo,baixa,2,fallback (60d recentes),3.5
PT0002000073573036KH,1,,fim_semana,178.0,195.0,19.5,-0.87,-0.87,normal,abaixo,baixa,2,fallback (60d recentes),3.5
PT0002000073573036KH,2,,fim_semana,185.0,193.5,19.35,-0.44,-0.44,normal,abaixo,baixa,2,fallback (60d recentes),3.5
PT0002000073573036KH,3,,fim_semana,185.0,191.5,19.15,-0.34,-0.34,normal,abaixo,baixa,2,fallback (60d recentes),3.5
PT0002000073573036KH,4,,fim_semana,185.0,191.0,19.1,-0.31,-0.31,normal,abaixo,baixa,2,fallback (60d recentes),3.5
PT0002000073573036KH,5,,fim_semana,196.0,192.0,19.2,0.21,0.21,normal,acima,baixa,2,fallback (60d recentes),3.5
PT0002000073573036KH,6,,fim_semana,185.0,211.0,21.1,-1.23,-1.23,normal,abaixo,baixa,2,fallback (60d recentes),3.5
PT0002000073573036KH,7,,fim_semana,210.0,222.5,22.25,-0.56,-0.56,normal,abaixo,baixa,2,fallback (60d recentes),3.5
PT0002000073573036KH,8,,fim_semana,247.0,247.5,24.75,-0.02,-0.02,normal,abaixo,baixa,2,fallback (60d recentes),3.5
PT0002000073573036KH,9,,fim_semana,257.0,236.5,27.58,0.74,0.74,normal,acima,baixa,2,fallback (60d recentes),3.5
PT0002000073573036KH,10,,fim_semana,303.0,295.0,29.5,0.27,0.27,normal,acima,baixa,2,fallback (60d recentes),3.5
PT0002000073573036KH,11,,fim_semana,308.0,303.0,30.3,0.17,0.17,normal,acima,baixa,2,fallback (60d recentes),3.5
PT0002000073573036KH,12,,fim_semana,302.0,290.5,29.05,0.4,0.4,normal,acima,baixa,2,fallback (60d recentes),3.5
PT0002000073573036KH,13,,fim_semana,288.0,272.5,27.25,0.57,0.57,normal,acima,baixa,2,fallback (60d recentes),3.5
PT0002000073573036KH,14,,fim_semana,281.0,273.0,27.3,0.29,0.29,normal,acima,baixa,2,fallback (60d recentes),3.5
PT0002000073573036KH,15,,fim_semana,284.0,280.0,28.0,0.14,0.14,normal,acima,baixa,2,fallback (60d recentes),3.5
PT0002000073573036KH,16,,fim_semana,293.0,284.5,28.45,0.3,0.3,normal,acima,baixa,2,fallback (60d recentes),3.5
PT0002000073573036KH,17,,fim_semana,288.0,289.0,28.9,-0.03,-0.03,normal,abaixo,baixa,2,fallback (60d recentes),3.5
PT0002000073573036KH,18,,fim_semana,290.0,295.5,29.55,-0.19,-0.19,normal,abaixo,baixa,2,fallback (60d recentes),3.5
PT0002000073573036KH,19,,fim_semana,284.0,294.0,29.4,-0.34,-0.34,normal,abaixo,baixa,2,fallback (60d recentes),3.5
PT0002000073573036KH,20,,fim_semana,202.0,284.5,28.45,-2.9,-2.9,normal,abaixo,baixa,2,fallback (60d recentes),3.5
PT0002000073573036KH,21,,fim_semana,193.0,204.33,32.52,-0.35,-0.35,normal,abaixo,baixa,3,fallback (60d recentes),3.5
PT0002000073573036KH,22,,fim_semana,192.0,190.67,19.07,0.07,0.07,normal,acima,baixa,3,fallback (60d recentes),3.5
PT0002000073573036KH,23,,fim_semana,190.0,181.67,18.17,0.46,0.46,normal,acima,baixa,3,fallback (60d recentes),3.5
PT0002000073717386HC,0,,fim_semana,1.0,1.0,1.41,0.0,0.0,normal,abaixo,baixa,2,fallback (60d recentes),3.5
PT0002000073717386HC,1,,fim_semana,0.0,0.5,0.71,-0.71,-0.71,normal,abaixo,baixa,2,fallback (60d recentes),3.5
PT0002000073717386HC,2,,fim_semana,0.0,1.0,1.41,-0.71,-0.71,normal,abaixo,baixa,2,fallback (60d recentes),3.5
PT0002000073717386HC,3,,fim_semana,0.0,1.0,1.41,-0.71,-0.71,normal,abaixo,baixa,2,fallback (60d recentes),3.5
PT0002000073717386HC,4,,fim_semana,0.0,0.5,0.71,-0.71,-0.71,normal,abaixo,baixa,2,fallback (60d recentes),3.5
PT0002000073717386HC,5,,fim_semana,0.0,0.0,0.3,0.0,0.0,normal,abaixo,baixa,2,fallback (60d recentes),3.5
PT0002000073717386HC,6,,fim_semana,0.0,0.0,0.3,0.0,0.0,normal,abaixo,baixa,2,fallback (60d recentes),3.5
PT0002000073717386HC,7,,fim_semana,1.0,0.0,0.3,3.33,3.33,normal,acima,baixa,2,fallback (60d recentes),3.5
PT0002000073717386HC,8,,fim_semana,6.0,5.0,0.5,2.0,2.0,normal,acima,baixa,2,fallback (60d recentes),3.5
PT0002000073717386HC,9,,fim_semana,59.0,57.5,5.75,0.26,0.26,normal,acima,baixa,2,fallback (60d recentes),3.5
PT0002000073717386HC,10,,fim_semana,58.0,54.0,5.4,0.74,0.74,normal,acima,baixa,2,fallback (60d recentes),3.5
PT0002000073717386HC,11,,fim_semana,54.0,48.0,4.8,1.25,1.25,normal,acima,baixa,2,fallback (60d recentes),3.5
PT0002000073717386HC,12,,fim_semana,10.0,7.0,1.41,2.12,2.12,normal,acima,baixa,2,fallback (60d recentes),3.5
PT0002000073717386HC,13,,fim_semana,8.0,4.5,0.71,4.95,4.95,desvio,acima,baixa,2,fallback (60d recentes),3.5
PT0002000073717386HC,14,,fim_semana,0.0,2.0,2.83,-0.71,-0.71,normal,abaixo,baixa,2,fallback (60d recentes),3.5
PT0002000073717386HC,15,,fim_semana,1.0,1.0,0.3,0.0,0.0,normal,abaixo,baixa,2,fallback (60d recentes),3.5
PT0002000073717386HC,16,,fim_semana,23.0,30.0,7.07,-0.99,-0.99,normal,abaixo,baixa,2,fallback (60d recentes),3.5
PT0002000073717386HC,17,,fim_semana,27.0,34.0,7.07,-0.99,-0.99,normal,abaixo,baixa,2,fallback (60d recentes),3.5
PT0002000073717386HC,18,,fim_semana,32.0,33.5,3.35,-0.45,-0.45,normal,abaixo,baixa,2,fallback (60d recentes),3.5
PT0002000073717386HC,19,,fim_semana,44.0,45.0,4.5,-0.22,-0.22,normal,abaixo,baixa,2,fallback (60d recentes),3.5
PT0002000073717386HC,20,,fim_semana,52.0,53.5,5.35,-0.28,-0.28,normal,abaixo,baixa,2,fallback (60d recentes),3.5
PT0002000073717386HC,21,,fim_semana,6.0,6.33,1.53,-0.22,-0.22,normal,abaixo,baixa,3,fallback (60d recentes),3.5
PT0002000073717386HC,22,,fim_semana,4.0,6.0,0.6,-3.33,-3.33,normal,abaixo,baixa,3,fallback (60d recentes),3.5
PT0002000073717386HC,23,,fim_semana,0.0,1.0,0.3,-3.33,-3.33,normal,abaixo,baixa,3,fallback (60d recentes),3.5
PT0002000073720434JD,0,,fim_semana,22.0,28.0,7.07,-0.85,-0.85,normal,abaixo,baixa,2,fallback (60d recentes),3.5
PT0002000073720434JD,1,,fim_semana,22.0,27.5,6.36,-0.86,-0.86,normal,abaixo,baixa,2,fallback (60d recentes),3.5
PT0002000073720434JD,2,,fim_semana,23.0,26.0,7.07,-0.42,-0.42,normal,abaixo,baixa,2,fallback (60d recentes),3.5
PT0002000073720434JD,3,,fim_semana,22.0,27.0,4.24,-1.18,-1.18,normal,abaixo,baixa,2,fallback (60d recentes),3.5
PT0002000073720434JD,4,,fim_semana,22.0,25.5,6.36,-0.55,-0.55,normal,abaixo,baixa,2,fallback (60d recentes),3.5
PT0002000073720434JD,5,,fim_semana,23.0,28.0,7.07,-0.71,-0.71,normal,abaixo,baixa,2,fallback (60d recentes),3.5
PT0002000073720434JD,6,,fim_semana,22.0,26.0,7.07,-0.57,-0.57,normal,abaixo,baixa,2,fallback (60d recentes),3.5
PT0002000073720434JD,7,,fim_semana,20.0,28.0,7.07,-1.13,-1.13,normal,abaixo,baixa,2,fallback (60d recentes),3.5
PT0002000073720434JD,8,,fim_semana,23.0,22.0,7.07,0.14,0.14,normal,acima,baixa,2,fallback (60d recentes),3.5
PT0002000073720434JD,9,,fim_semana,20.0,23.0,7.07,-0.42,-0.42,normal,abaixo,baixa,2,fallback (60d recentes),3.5
PT0002000073720434JD,10,,fim_semana,36.0,24.5,7.78,1.48,1.48,normal,acima,baixa,2,fallback (60d recentes),3.5
PT0002000073720434JD,11,,fim_semana,23.0,21.0,2.1,0.95,0.95,normal,acima,baixa,2,fallback (60d recentes),3.5
PT0002000073720434JD,12,,fim_semana,27.0,21.5,2.15,2.56,2.56,normal,acima,baixa,2,fallback (60d recentes),3.5
PT0002000073720434JD,13,,fim_semana,31.0,18.0,1.8,7.22,7.22,desvio,acima,baixa,2,fallback (60d recentes),3.5
PT0002000073720434JD,14,,fim_semana,25.0,45.5,36.06,-0.57,-0.57,normal,abaixo,baixa,2,fallback (60d recentes),3.5
PT0002000073720434JD,15,,fim_semana,73.0,50.0,45.25,0.51,0.51,normal,acima,baixa,2,fallback (60d recentes),3.5
PT0002000073720434JD,16,,fim_semana,87.0,29.0,11.31,5.13,5.13,desvio,acima,baixa,2,fallback (60d recentes),3.5
PT0002000073720434JD,17,,fim_semana,88.0,24.0,7.07,9.05,9.05,desvio,acima,baixa,2,fallback (60d recentes),3.5
PT0002000073720434JD,18,,fim_semana,83.0,30.5,3.05,10.0,17.21,desvio,acima,baixa,2,fallback (60d recentes),3.5
PT0002000073720434JD,19,,fim_semana,87.0,52.0,24.04,1.46,1.46,normal,acima,baixa,2,fallback (60d recentes),3.5
PT0002000073720434JD,20,,fim_semana,90.0,38.5,10.61,4.86,4.86,desvio,acima,baixa,2,fallback (60d recentes),3.5
PT0002000073720434JD,21,,fim_semana,93.0,84.0,85.85,0.1,0.1,normal,acima,baixa,3,fallback (60d recentes),3.5
PT0002000073720434JD,22,,fim_semana,92.0,38.33,18.01,2.98,2.98,normal,acima,baixa,3,fallback (60d recentes),3.5
PT0002000073720434JD,23,,fim_semana,88.0,30.33,8.5,6.78,6.78,desvio,acima,baixa,3,fallback (60d recentes),3.5
PT0002000075637532JB,0,0.0,fim_semana,5.0,6.0,1.41,-0.71,-0.71,normal,abaixo,baixa,2,fallback (60d recentes),3.5
PT0002000075637532JB,1,0.0,fim_semana,4.0,6.0,0.6,-3.33,-3.33,normal,abaixo,baixa,2,fallback (60d recentes),3.5
PT0002000075637532JB,2,0.0,fim_semana,4.0,6.0,0.6,-3.33,-3.33,normal,abaixo,baixa,2,fallback (60d recentes),3.5
PT0002000075637532JB,3,0.0,fim_semana,5.0,5.0,0.5,0.0,0.0,normal,abaixo,baixa,2,fallback (60d recentes),3.5
PT0002000075637532JB,4,0.0,fim_semana,5.0,6.0,0.6,-1.67,-1.67,normal,abaixo,baixa,2,fallback (60d recentes),3.5
PT0002000075637532JB,5,0.0,fim_semana,4.0,6.0,0.6,-3.33,-3.33,normal,abaixo,baixa,2,fallback (60d recentes),3.5
PT0002000075637532JB,6,0.0,fim_semana,5.0,5.0,0.5,0.0,0.0,normal,abaixo,baixa,2,fallback (60d recentes),3.5
PT0002000075637532JB,7,0.0,fim_semana,5.0,7.5,0.75,-3.33,-3.33,normal,abaixo,baixa,2,fallback (60d recentes),3.5
PT0002000075637532JB,8,0.0,fim_semana,5.0,17.0,5.66,-2.12,-2.12,normal,abaixo,baixa,2,fallback (60d recentes),3.5
PT0002000075637532JB,9,0.0,fim_semana,4.0,23.5,13.44,-1.45,-1.45,normal,abaixo,baixa,2,fallback (60d recentes),3.5
PT0002000075637532JB,10,0.0,fim_semana,5.0,27.0,9.9,-2.22,-2.22,normal,abaixo,baixa,2,fallback (60d recentes),3.5
PT0002000075637532JB,11,0.0,fim_semana,4.0,34.5,4.95,-6.16,-6.16,desvio,abaixo,baixa,2,fallback (60d recentes),3.5
PT0002000075637532JB,12,0.0,fim_semana,4.0,36.5,3.65,-8.9,-8.9,desvio,abaixo,baixa,2,fallback (60d recentes),3.5
PT0002000075637532JB,13,0.0,fim_semana,6.0,24.0,2.4,-7.5,-7.5,desvio,abaixo,baixa,2,fallback (60d recentes),3.5
PT0002000075637532JB,14,0.0,fim_semana,4.0,21.0,7.07,-2.4,-2.4,normal,abaixo,baixa,2,fallback (60d recentes),3.5
PT0002000075637532JB,15,0.0,fim_semana,5.0,23.5,12.02,-1.54,-1.54,normal,abaixo,baixa,2,fallback (60d recentes),3.5
PT0002000075637532JB,16,0.0,fim_semana,5.0,29.0,25.46,-0.94,-0.94,normal,abaixo,baixa,2,fallback (60d recentes),3.5
PT0002000075637532JB,17,0.0,fim_semana,4.0,25.0,21.21,-0.99,-0.99,normal,abaixo,baixa,2,fallback (60d recentes),3.5
PT0002000075637532JB,18,0.0,fim_semana,6.0,25.0,21.21,-0.9,-0.9,normal,abaixo,baixa,2,fallback (60d recentes),3.5
PT0002000075637532JB,19,0.0,fim_semana,4.0,18.0,18.38,-0.76,-0.76,normal,abaixo,baixa,2,fallback (60d recentes),3.5
PT0002000075637532JB,20,0.0,fim_semana,4.0,21.5,23.33,-0.75,-0.75,normal,abaixo,baixa,2,fallback (60d recentes),3.5
PT0002000075637532JB,21,0.0,fim_semana,5.0,13.67,15.04,-0.58,-0.58,normal,abaixo,baixa,3,fallback (60d recentes),3.5
PT0002000075637532JB,22,0.0,fim_semana,5.0,18.0,21.66,-0.6,-0.6,normal,abaixo,baixa,3,fallback (60d recentes),3.5
PT0002000075637532JB,23,0.0,fim_semana,5.0,14.67,14.22,-0.68,-0.68,normal,abaixo,baixa,3,fallback (60d recentes),3.5
PT0002000077348081AG,0,,fim_semana,26.0,25.5,2.55,0.2,0.2,normal,acima,baixa,2,fallback (60d recentes),3.5
PT0002000077348081AG,1,,fim_semana,26.0,26.5,2.65,-0.19,-0.19,normal,abaixo,baixa,2,fallback (60d recentes),3.5
PT0002000077348081AG,2,,fim_semana,26.0,27.0,2.7,-0.37,-0.37,normal,abaixo,baixa,2,fallback (60d recentes),3.5
PT0002000077348081AG,3,,fim_semana,26.0,27.0,2.7,-0.37,-0.37,normal,abaixo,baixa,2,fallback (60d recentes),3.5
PT0002000077348081AG,4,,fim_semana,25.0,27.5,2.75,-0.91,-0.91,normal,abaixo,baixa,2,fallback (60d recentes),3.5
PT0002000077348081AG,5,,fim_semana,25.0,26.0,2.6,-0.38,-0.38,normal,abaixo,baixa,2,fallback (60d recentes),3.5
PT0002000077348081AG,6,,fim_semana,24.0,23.0,2.3,0.43,0.43,normal,acima,baixa,2,fallback (60d recentes),3.5
PT0002000077348081AG,7,,fim_semana,48.0,27.0,5.66,3.71,3.71,desvio,acima,baixa,2,fallback (60d recentes),3.5
PT0002000077348081AG,8,,fim_semana,135.0,81.5,13.44,3.98,3.98,desvio,acima,baixa,2,fallback (60d recentes),3.5
PT0002000077348081AG,9,,fim_semana,162.0,143.0,14.3,1.33,1.33,normal,acima,baixa,2,fallback (60d recentes),3.5
PT0002000077348081AG,10,,fim_semana,299.0,159.5,15.95,8.75,8.75,desvio,acima,baixa,2,fallback (60d recentes),3.5
PT0002000077348081AG,11,,fim_semana,304.0,222.0,72.12,1.14,1.14,normal,acima,baixa,2,fallback (60d recentes),3.5
PT0002000077348081AG,12,,fim_semana,306.0,284.0,28.4,0.77,0.77,normal,acima,baixa,2,fallback (60d recentes),3.5
PT0002000077348081AG,13,,fim_semana,304.0,282.0,28.2,0.78,0.78,normal,acima,baixa,2,fallback (60d recentes),3.5
PT0002000077348081AG,14,,fim_semana,307.0,289.5,28.95,0.6,0.6,normal,acima,baixa,2,fallback (60d recentes),3.5
PT0002000077348081AG,15,,fim_semana,309.0,293.5,29.35,0.53,0.53,normal,acima,baixa,2,fallback (60d recentes),3.5
PT0002000077348081AG,16,,fim_semana,311.0,311.5,38.89,-0.01,-0.01,normal,abaixo,baixa,2,fallback (60d recentes),3.5
PT0002000077348081AG,17,,fim_semana,311.0,308.5,41.72,0.06,0.06,normal,acima,baixa,2,fallback (60d recentes),3.5
PT0002000077348081AG,18,,fim_semana,304.0,299.0,43.84,0.11,0.11,normal,acima,baixa,2,fallback (60d recentes),3.5
PT0002000077348081AG,19,,fim_semana,265.0,243.5,24.35,0.88,0.88,normal,acima,baixa,2,fallback (60d recentes),3.5
PT0002000077348081AG,20,,fim_semana,249.0,158.5,98.29,0.92,0.92,normal,acima,baixa,2,fallback (60d recentes),3.5
PT0002000077348081AG,21,,fim_semana,242.0,62.33,30.99,5.8,5.8,desvio,acima,baixa,3,fallback (60d recentes),3.5
PT0002000077348081AG,22,,fim_semana,214.0,42.67,23.86,7.18,7.18,desvio,acima,baixa,3,fallback (60d recentes),3.5
PT0002000077348081AG,23,,fim_semana,77.0,27.0,2.7,10.0,18.52,desvio,acima,baixa,3,fallback (60d recentes),3.5
PT0002000077394934QY,0,0.0,fim_semana,63.0,64.5,6.45,-0.23,-0.23,normal,abaixo,baixa,2,fallback (60d recentes),3.5
PT0002000077394934QY,1,0.0,fim_semana,62.0,64.5,6.45,-0.39,-0.39,normal,abaixo,baixa,2,fallback (60d recentes),3.5
PT0002000077394934QY,2,0.0,fim_semana,60.0,62.5,6.25,-0.4,-0.4,normal,abaixo,baixa,2,fallback (60d recentes),3.5
PT0002000077394934QY,3,0.0,fim_semana,63.0,63.5,6.35,-0.08,-0.08,normal,abaixo,baixa,2,fallback (60d recentes),3.5
PT0002000077394934QY,4,0.0,fim_semana,60.0,63.0,6.3,-0.48,-0.48,normal,abaixo,baixa,2,fallback (60d recentes),3.5
PT0002000077394934QY,5,0.0,fim_semana,64.0,62.5,6.25,0.24,0.24,normal,acima,baixa,2,fallback (60d recentes),3.5
PT0002000077394934QY,6,0.0,fim_semana,48.0,49.0,4.9,-0.2,-0.2,normal,abaixo,baixa,2,fallback (60d recentes),3.5
PT0002000077394934QY,7,0.0,fim_semana,50.0,67.0,6.7,-2.54,-2.54,normal,abaixo,baixa,2,fallback (60d recentes),3.5
PT0002000077394934QY,8,0.0,fim_semana,43.0,68.0,6.8,-3.68,-3.68,desvio,abaixo,baixa,2,fallback (60d recentes),3.5
PT0002000077394934QY,9,0.0,fim_semana,62.0,90.5,9.05,-3.15,-3.15,normal,abaixo,baixa,2,fallback (60d recentes),3.5
PT0002000077394934QY,10,0.0,fim_semana,70.0,127.0,21.21,-2.69,-2.69,normal,abaixo,baixa,2,fallback (60d recentes),3.5
PT0002000077394934QY,11,0.0,fim_semana,72.0,126.0,12.6,-4.29,-4.29,desvio,abaixo,baixa,2,fallback (60d recentes),3.5
PT0002000077394934QY,12,0.0,fim_semana,76.0,114.5,11.45,-3.36,-3.36,normal,abaixo,baixa,2,fallback (60d recentes),3.5
PT0002000077394934QY,13,0.0,fim_semana,69.0,113.0,15.56,-2.83,-2.83,normal,abaixo,baixa,2,fallback (60d recentes),3.5
PT0002000077394934QY,14,0.0,fim_semana,76.0,112.0,12.73,-2.83,-2.83,normal,abaixo,baixa,2,fallback (60d recentes),3.5
PT0002000077394934QY,15,0.0,fim_semana,73.0,121.5,12.15,-3.99,-3.99,desvio,abaixo,baixa,2,fallback (60d recentes),3.5
PT0002000077394934QY,16,0.0,fim_semana,76.0,109.5,10.95,-3.06,-3.06,normal,abaixo,baixa,2,fallback (60d recentes),3.5
PT0002000077394934QY,17,0.0,fim_semana,67.0,92.0,18.38,-1.36,-1.36,normal,abaixo,baixa,2,fallback (60d recentes),3.5
PT0002000077394934QY,18,0.0,fim_semana,70.0,67.5,20.51,0.12,0.12,normal,acima,baixa,2,fallback (60d recentes),3.5
PT0002000077394934QY,19,0.0,fim_semana,62.0,59.0,7.07,0.42,0.42,normal,acima,baixa,2,fallback (60d recentes),3.5
PT0002000077394934QY,20,0.0,fim_semana,59.0,56.5,5.65,0.44,0.44,normal,acima,baixa,2,fallback (60d recentes),3.5
PT0002000077394934QY,21,0.0,fim_semana,62.0,56.33,5.63,1.01,1.01,normal,acima,baixa,3,fallback (60d recentes),3.5
PT0002000077394934QY,22,0.0,fim_semana,69.0,66.33,6.63,0.4,0.4,normal,acima,baixa,3,fallback (60d recentes),3.5
PT0002000077394934QY,23,0.0,fim_semana,63.0,64.33,6.43,-0.21,-0.21,normal,abaixo,baixa,3,fallback (60d recentes),3.5
PT0002000077647404EM,0,1.0,fim_semana,5.0,4.5,0.71,0.71,0.71,normal,acima,baixa,2,fallback (60d recentes),3.5
PT0002000077647404EM,1,1.0,fim_semana,4.0,5.0,0.5,-2.0,-2.0,normal,abaixo,baixa,2,fallback (60d recentes),3.5
PT0002000077647404EM,2,1.0,fim_semana,5.0,4.5,0.71,0.71,0.71,normal,acima,baixa,2,fallback (60d recentes),3.5
PT0002000077647404EM,3,1.0,fim_semana,4.0,4.5,0.71,-0.71,-0.71,normal,abaixo,baixa,2,fallback (60d recentes),3.5
PT0002000077647404EM,4,1.0,fim_semana,5.0,5.0,1.41,0.0,0.0,normal,abaixo,baixa,2,fallback (60d recentes),3.5
PT0002000077647404EM,5,1.0,fim_semana,4.0,4.5,0.71,-0.71,-0.71,normal,abaixo,baixa,2,fallback (60d recentes),3.5
PT0002000077647404EM,6,1.0,fim_semana,5.0,4.5,0.71,0.71,0.71,normal,acima,baixa,2,fallback (60d recentes),3.5
PT0002000077647404EM,7,1.0,fim_semana,4.0,5.5,0.71,-2.12,-2.12,normal,abaixo,baixa,2,fallback (60d recentes),3.5
PT0002000077647404EM,8,1.0,fim_semana,2.0,16.0,12.73,-1.1,-1.1,normal,abaixo,baixa,2,fallback (60d recentes),3.5
PT0002000077647404EM,9,1.0,fim_semana,0.0,81.5,8.15,-10.0,-10.0,desvio,abaixo,baixa,2,fallback (60d recentes),3.5
PT0002000077647404EM,10,1.0,fim_semana,1.0,82.5,8.25,-9.88,-9.88,desvio,abaixo,baixa,2,fallback (60d recentes),3.5
PT0002000077647404EM,11,1.0,fim_semana,0.0,82.0,8.2,-10.0,-10.0,desvio,abaixo,baixa,2,fallback (60d recentes),3.5
PT0002000077647404EM,12,1.0,fim_semana,1.0,36.0,15.56,-2.25,-2.25,normal,abaixo,baixa,2,fallback (60d recentes),3.5
PT0002000077647404EM,13,1.0,fim_semana,0.0,1.0,0.3,-3.33,-3.33,normal,abaixo,baixa,2,fallback (60d recentes),3.5
PT0002000077647404EM,14,1.0,fim_semana,1.0,1.5,0.71,-0.71,-0.71,normal,abaixo,baixa,2,fallback (60d recentes),3.5
PT0002000077647404EM,15,1.0,fim_semana,1.0,1.0,0.3,0.0,0.0,normal,abaixo,baixa,2,fallback (60d recentes),3.5
PT0002000077647404EM,16,1.0,fim_semana,0.0,0.0,0.3,0.0,0.0,normal,abaixo,baixa,2,fallback (60d recentes),3.5
PT0002000077647404EM,17,1.0,fim_semana,3.0,3.0,0.3,0.0,0.0,normal,abaixo,baixa,2,fallback (60d recentes),3.5
PT0002000077647404EM,18,1.0,fim_semana,4.0,4.0,0.4,0.0,0.0,normal,abaixo,baixa,2,fallback (60d recentes),3.5
PT0002000077647404EM,19,1.0,fim_semana,5.0,4.5,0.71,0.71,0.71,normal,acima,baixa,2,fallback (60d recentes),3.5
PT0002000077647404EM,20,1.0,fim_semana,4.0,4.5,0.71,-0.71,-0.71,normal,abaixo,baixa,2,fallback (60d recentes),3.5
PT0002000077647404EM,21,1.0,fim_semana,5.0,4.0,1.0,1.0,1.0,normal,acima,baixa,3,fallback (60d recentes),3.5
PT0002000077647404EM,22,1.0,fim_semana,4.0,4.67,0.58,-1.15,-1.15,normal,abaixo,baixa,3,fallback (60d recentes),3.5
PT0002000077647404EM,23,1.0,fim_semana,5.0,4.67,0.58,0.58,0.58,normal,acima,baixa,3,fallback (60d recentes),3.5
PT0002000078140706BA,0,,fim_semana,33.0,37.5,7.78,-0.58,-0.58,normal,abaixo,baixa,2,fallback (60d recentes),3.5
PT0002000078140706BA,1,,fim_semana,31.0,35.5,6.36,-0.71,-0.71,normal,abaixo,baixa,2,fallback (60d recentes),3.5
PT0002000078140706BA,2,,fim_semana,31.0,35.5,6.36,-0.71,-0.71,normal,abaixo,baixa,2,fallback (60d recentes),3.5
PT0002000078140706BA,3,,fim_semana,32.0,35.5,6.36,-0.55,-0.55,normal,abaixo,baixa,2,fallback (60d recentes),3.5
PT0002000078140706BA,4,,fim_semana,31.0,35.5,6.36,-0.71,-0.71,normal,abaixo,baixa,2,fallback (60d recentes),3.5
PT0002000078140706BA,5,,fim_semana,33.0,35.5,6.36,-0.39,-0.39,normal,abaixo,baixa,2,fallback (60d recentes),3.5
PT0002000078140706BA,6,,fim_semana,29.0,29.5,4.95,-0.1,-0.1,normal,abaixo,baixa,2,fallback (60d recentes),3.5
PT0002000078140706BA,7,,fim_semana,5.0,56.0,5.6,-9.11,-9.11,desvio,abaixo,baixa,2,fallback (60d recentes),3.5
PT0002000078140706BA,8,,fim_semana,7.0,168.0,63.64,-2.53,-2.53,normal,abaixo,baixa,2,fallback (60d recentes),3.5
PT0002000078140706BA,9,,fim_semana,0.0,52.5,30.41,-1.73,-1.73,normal,abaixo,baixa,2,fallback (60d recentes),3.5
PT0002000078140706BA,10,,fim_semana,0.0,72.0,67.88,-1.06,-1.06,normal,abaixo,baixa,2,fallback (60d recentes),3.5
PT0002000078140706BA,11,,fim_semana,0.0,37.0,48.08,-0.77,-0.77,normal,abaixo,baixa,2,fallback (60d recentes),3.5
PT0002000078140706BA,12,,fim_semana,0.0,1.0,1.41,-0.71,-0.71,normal,abaixo,baixa,2,fallback (60d recentes),3.5
PT0002000078140706BA,13,,fim_semana,0.0,1.0,1.41,-0.71,-0.71,normal,abaixo,baixa,2,fallback (60d recentes),3.5
PT0002000078140706BA,14,,fim_semana,0.0,2.0,1.41,-1.41,-1.41,normal,abaixo,baixa,2,fallback (60d recentes),3.5
PT0002000078140706BA,15,,fim_semana,0.0,7.5,7.78,-0.96,-0.96,normal,abaixo,baixa,2,fallback (60d recentes),3.5
PT0002000078140706BA,16,,fim_semana,0.0,2.0,2.83,-0.71,-0.71,normal,abaixo,baixa,2,fallback (60d recentes),3.5
PT0002000078140706BA,17,,fim_semana,0.0,4.0,5.66,-0.71,-0.71,normal,abaixo,baixa,2,fallback (60d recentes),3.5
PT0002000078140706BA,18,,fim_semana,42.0,32.5,37.48,0.25,0.25,normal,acima,baixa,2,fallback (60d recentes),3.5
PT0002000078140706BA,19,,fim_semana,76.0,48.5,28.99,0.95,0.95,normal,acima,baixa,2,fallback (60d recentes),3.5
PT0002000078140706BA,20,,fim_semana,39.0,50.0,12.73,-0.86,-0.86,normal,abaixo,baixa,2,fallback (60d recentes),3.5
PT0002000078140706BA,21,,fim_semana,38.0,42.33,8.62,-0.5,-0.5,normal,abaixo,baixa,3,fallback (60d recentes),3.5
PT0002000078140706BA,22,,fim_semana,36.0,41.67,4.93,-1.15,-1.15,normal,abaixo,baixa,3,fallback (60d recentes),3.5
PT0002000078140706BA,23,,fim_semana,38.0,39.0,6.08,-0.16,-0.16,normal,abaixo,baixa,3,fallback (60d recentes),3.5
PT0002000078207354XC,0,1.0,fim_semana,5.0,4.5,0.71,0.71,0.71,normal,acima,baixa,2,fallback (60d recentes),3.5
PT0002000078207354XC,1,1.0,fim_semana,4.0,4.5,0.71,-0.71,-0.71,normal,abaixo,baixa,2,fallback (60d recentes),3.5
PT0002000078207354XC,2,1.0,fim_semana,5.0,5.0,0.5,0.0,0.0,normal,abaixo,baixa,2,fallback (60d recentes),3.5
PT0002000078207354XC,3,1.0,fim_semana,4.0,5.0,0.5,-2.0,-2.0,normal,abaixo,baixa,2,fallback (60d recentes),3.5
PT0002000078207354XC,4,1.0,fim_semana,5.0,4.5,0.71,0.71,0.71,normal,acima,baixa,2,fallback (60d recentes),3.5
PT0002000078207354XC,5,1.0,fim_semana,4.0,5.0,0.5,-2.0,-2.0,normal,abaixo,baixa,2,fallback (60d recentes),3.5
PT0002000078207354XC,6,1.0,fim_semana,5.0,4.5,0.71,0.71,0.71,normal,acima,baixa,2,fallback (60d recentes),3.5
PT0002000078207354XC,7,1.0,fim_semana,4.0,5.5,0.71,-2.12,-2.12,normal,abaixo,baixa,2,fallback (60d recentes),3.5
PT0002000078207354XC,8,1.0,fim_semana,5.0,7.5,2.12,-1.18,-1.18,normal,abaixo,baixa,2,fallback (60d recentes),3.5
PT0002000078207354XC,9,1.0,fim_semana,5.0,8.0,1.41,-2.12,-2.12,normal,abaixo,baixa,2,fallback (60d recentes),3.5
PT0002000078207354XC,10,1.0,fim_semana,4.0,8.0,1.41,-2.83,-2.83,normal,abaixo,baixa,2,fallback (60d recentes),3.5
PT0002000078207354XC,11,1.0,fim_semana,5.0,8.0,2.83,-1.06,-1.06,normal,abaixo,baixa,2,fallback (60d recentes),3.5
PT0002000078207354XC,12,1.0,fim_semana,4.0,8.5,2.12,-2.12,-2.12,normal,abaixo,baixa,2,fallback (60d recentes),3.5
PT0002000078207354XC,13,1.0,fim_semana,5.0,7.0,1.41,-1.41,-1.41,normal,abaixo,baixa,2,fallback (60d recentes),3.5
PT0002000078207354XC,14,1.0,fim_semana,5.0,7.5,0.75,-3.33,-3.33,normal,abaixo,baixa,2,fallback (60d recentes),3.5
PT0002000078207354XC,15,1.0,fim_semana,5.0,7.5,0.75,-3.33,-3.33,normal,abaixo,baixa,2,fallback (60d recentes),3.5
PT0002000078207354XC,16,1.0,fim_semana,4.0,7.0,1.41,-2.12,-2.12,normal,abaixo,baixa,2,fallback (60d recentes),3.5
PT0002000078207354XC,17,1.0,fim_semana,5.0,8.0,2.83,-1.06,-1.06,normal,abaixo,baixa,2,fallback (60d recentes),3.5
PT0002000078207354XC,18,1.0,fim_semana,5.0,10.0,4.24,-1.18,-1.18,normal,abaixo,baixa,2,fallback (60d recentes),3.5
PT0002000078207354XC,19,1.0,fim_semana,4.0,11.5,3.54,-2.12,-2.12,normal,abaixo,baixa,2,fallback (60d recentes),3.5
PT0002000078207354XC,20,1.0,fim_semana,5.0,18.0,4.24,-3.06,-3.06,normal,abaixo,baixa,2,fallback (60d recentes),3.5
PT0002000078207354XC,21,1.0,fim_semana,4.0,16.33,4.16,-2.96,-2.96,normal,abaixo,baixa,3,fallback (60d recentes),3.5
PT0002000078207354XC,22,1.0,fim_semana,5.0,14.33,5.77,-1.62,-1.62,normal,abaixo,baixa,3,fallback (60d recentes),3.5
PT0002000078207354XC,23,1.0,fim_semana,4.0,9.67,8.14,-0.7,-0.7,normal,abaixo,baixa,3,fallback (60d recentes),3.5
PT0002000078233981HJ,0,1.0,fim_semana,2.0,2.0,0.3,0.0,0.0,normal,abaixo,baixa,2,fallback (60d recentes),3.5
PT0002000078233981HJ,1,1.0,fim_semana,2.0,1.5,0.71,0.71,0.71,normal,acima,baixa,2,fallback (60d recentes),3.5
PT0002000078233981HJ,2,1.0,fim_semana,1.0,1.5,0.71,-0.71,-0.71,normal,abaixo,baixa,2,fallback (60d recentes),3.5
PT0002000078233981HJ,3,1.0,fim_semana,2.0,1.5,0.71,0.71,0.71,normal,acima,baixa,2,fallback (60d recentes),3.5
PT0002000078233981HJ,4,1.0,fim_semana,2.0,2.0,0.3,0.0,0.0,normal,abaixo,baixa,2,fallback (60d recentes),3.5
PT0002000078233981HJ,5,1.0,fim_semana,1.0,1.5,0.71,-0.71,-0.71,normal,abaixo,baixa,2,fallback (60d recentes),3.5
PT0002000078233981HJ,6,1.0,fim_semana,2.0,1.5,0.71,0.71,0.71,normal,acima,baixa,2,fallback (60d recentes),3.5
PT0002000078233981HJ,7,1.0,fim_semana,2.0,2.0,0.3,0.0,0.0,normal,abaixo,baixa,2,fallback (60d recentes),3.5
PT0002000078233981HJ,8,1.0,fim_semana,11.0,1.5,0.71,10.0,13.44,desvio,acima,baixa,2,fallback (60d recentes),3.5
PT0002000078233981HJ,9,1.0,fim_semana,15.0,1.5,0.71,10.0,19.09,desvio,acima,baixa,2,fallback (60d recentes),3.5
PT0002000078233981HJ,10,1.0,fim_semana,14.0,2.0,0.3,10.0,40.0,desvio,acima,baixa,2,fallback (60d recentes),3.5
PT0002000078233981HJ,11,1.0,fim_semana,12.0,1.5,0.71,10.0,14.85,desvio,acima,baixa,2,fallback (60d recentes),3.5
PT0002000078233981HJ,12,1.0,fim_semana,2.0,1.5,0.71,0.71,0.71,normal,acima,baixa,2,fallback (60d recentes),3.5
PT0002000078233981HJ,13,1.0,fim_semana,7.0,2.0,0.3,10.0,16.67,desvio,acima,baixa,2,fallback (60d recentes),3.5
PT0002000078233981HJ,14,1.0,fim_semana,4.0,2.0,0.3,6.67,6.67,desvio,acima,baixa,2,fallback (60d recentes),3.5
PT0002000078233981HJ,15,1.0,fim_semana,2.0,1.5,0.71,0.71,0.71,normal,acima,baixa,2,fallback (60d recentes),3.5
PT0002000078233981HJ,16,1.0,fim_semana,2.0,2.0,0.3,0.0,0.0,normal,abaixo,baixa,2,fallback (60d recentes),3.5
PT0002000078233981HJ,17,1.0,fim_semana,2.0,12.5,2.12,-4.95,-4.95,desvio,abaixo,baixa,2,fallback (60d recentes),3.5
PT0002000078233981HJ,18,1.0,fim_semana,1.0,19.0,7.07,-2.55,-2.55,normal,abaixo,baixa,2,fallback (60d recentes),3.5
PT0002000078233981HJ,19,1.0,fim_semana,2.0,19.0,5.66,-3.01,-3.01,normal,abaixo,baixa,2,fallback (60d recentes),3.5
PT0002000078233981HJ,20,1.0,fim_semana,2.0,12.5,7.78,-1.35,-1.35,normal,abaixo,baixa,2,fallback (60d recentes),3.5
PT0002000078233981HJ,21,1.0,fim_semana,2.0,1.67,0.58,0.58,0.58,normal,acima,baixa,3,fallback (60d recentes),3.5
PT0002000078233981HJ,22,1.0,fim_semana,2.0,2.33,0.58,-0.58,-0.58,normal,abaixo,baixa,3,fallback (60d recentes),3.5
PT0002000078233981HJ,23,1.0,fim_semana,3.0,2.0,0.3,3.33,3.33,normal,acima,baixa,3,fallback (60d recentes),3.5
PT0002000078294957RQ,0,0.0,fim_semana,5.0,5.5,0.71,-0.71,-0.71,normal,abaixo,baixa,2,fallback (60d recentes),3.5
PT0002000078294957RQ,1,0.0,fim_semana,6.0,4.5,0.71,2.12,2.12,normal,acima,baixa,2,fallback (60d recentes),3.5
PT0002000078294957RQ,2,0.0,fim_semana,6.0,5.0,0.5,2.0,2.0,normal,acima,baixa,2,fallback (60d recentes),3.5
PT0002000078294957RQ,3,0.0,fim_semana,6.0,4.5,0.71,2.12,2.12,normal,acima,baixa,2,fallback (60d recentes),3.5
PT0002000078294957RQ,4,0.0,fim_semana,7.0,5.5,0.71,2.12,2.12,normal,acima,baixa,2,fallback (60d recentes),3.5
PT0002000078294957RQ,5,0.0,fim_semana,7.0,5.0,0.5,4.0,4.0,desvio,acima,baixa,2,fallback (60d recentes),3.5
PT0002000078294957RQ,6,0.0,fim_semana,7.0,5.0,0.5,4.0,4.0,desvio,acima,baixa,2,fallback (60d recentes),3.5
PT0002000078294957RQ,7,0.0,fim_semana,6.0,10.5,1.05,-4.29,-4.29,desvio,abaixo,baixa,2,fallback (60d recentes),3.5
PT0002000078294957RQ,8,0.0,fim_semana,8.0,17.0,4.24,-2.12,-2.12,normal,abaixo,baixa,2,fallback (60d recentes),3.5
PT0002000078294957RQ,9,0.0,fim_semana,8.0,18.5,2.12,-4.95,-4.95,desvio,abaixo,baixa,2,fallback (60d recentes),3.5
PT0002000078294957RQ,10,0.0,fim_semana,8.0,34.0,7.07,-3.68,-3.68,desvio,abaixo,baixa,2,fallback (60d recentes),3.5
PT0002000078294957RQ,11,0.0,fim_semana,8.0,35.5,6.36,-4.32,-4.32,desvio,abaixo,baixa,2,fallback (60d recentes),3.5
PT0002000078294957RQ,12,0.0,fim_semana,7.0,45.5,4.95,-7.78,-7.78,desvio,abaixo,baixa,2,fallback (60d recentes),3.5
PT0002000078294957RQ,13,0.0,fim_semana,7.0,33.0,7.07,-3.68,-3.68,desvio,abaixo,baixa,2,fallback (60d recentes),3.5
PT0002000078294957RQ,14,0.0,fim_semana,8.0,18.0,5.66,-1.77,-1.77,normal,abaixo,baixa,2,fallback (60d recentes),3.5
PT0002000078294957RQ,15,0.0,fim_semana,7.0,17.5,6.36,-1.65,-1.65,normal,abaixo,baixa,2,fallback (60d recentes),3.5
PT0002000078294957RQ,16,0.0,fim_semana,7.0,18.0,5.66,-1.94,-1.94,normal,abaixo,baixa,2,fallback (60d recentes),3.5
PT0002000078294957RQ,17,0.0,fim_semana,8.0,18.0,7.07,-1.41,-1.41,normal,abaixo,baixa,2,fallback (60d recentes),3.5
PT0002000078294957RQ,18,0.0,fim_semana,7.0,14.0,1.41,-4.95,-4.95,desvio,abaixo,baixa,2,fallback (60d recentes),3.5
PT0002000078294957RQ,19,0.0,fim_semana,8.0,5.5,0.71,3.54,3.54,desvio,acima,baixa,2,fallback (60d recentes),3.5
PT0002000078294957RQ,20,0.0,fim_semana,10.0,6.0,0.6,6.67,6.67,desvio,acima,baixa,2,fallback (60d recentes),3.5
PT0002000078294957RQ,21,0.0,fim_semana,12.0,9.0,1.0,3.0,3.0,normal,acima,baixa,3,fallback (60d recentes),3.5
PT0002000078294957RQ,22,0.0,fim_semana,12.0,10.67,1.53,0.87,0.87,normal,acima,baixa,3,fallback (60d recentes),3.5
PT0002000078294957RQ,23,0.0,fim_semana,12.0,6.67,0.67,8.0,8.0,desvio,acima,baixa,3,fallback (60d recentes),3.5
PT0002000078441876HB,0,0.0,fim_semana,673.0,607.5,60.75,1.08,1.08,normal,acima,baixa,2,fallback (60d recentes),3.5
PT0002000078441876HB,1,0.0,fim_semana,592.0,575.5,57.55,0.29,0.29,normal,acima,baixa,2,fallback (60d recentes),3.5
PT0002000078441876HB,2,0.0,fim_semana,559.0,580.0,58.0,-0.36,-0.36,normal,abaixo,baixa,2,fallback (60d recentes),3.5
PT0002000078441876HB,3,0.0,fim_semana,555.0,586.5,58.65,-0.54,-0.54,normal,abaixo,baixa,2,fallback (60d recentes),3.5
PT0002000078441876HB,4,0.0,fim_semana,559.0,576.0,57.6,-0.3,-0.3,normal,abaixo,baixa,2,fallback (60d recentes),3.5
PT0002000078441876HB,5,0.0,fim_semana,612.0,602.0,60.2,0.17,0.17,normal,acima,baixa,2,fallback (60d recentes),3.5
PT0002000078441876HB,6,0.0,fim_semana,702.0,700.5,70.05,0.02,0.02,normal,acima,baixa,2,fallback (60d recentes),3.5
PT0002000078441876HB,7,0.0,fim_semana,826.0,851.5,85.15,-0.3,-0.3,normal,abaixo,baixa,2,fallback (60d recentes),3.5
PT0002000078441876HB,8,0.0,fim_semana,950.0,1083.0,108.3,-1.23,-1.23,normal,abaixo,baixa,2,fallback (60d recentes),3.5
PT0002000078441876HB,9,0.0,fim_semana,1129.0,1442.0,144.2,-2.17,-2.17,normal,abaixo,baixa,2,fallback (60d recentes),3.5
PT0002000078441876HB,10,0.0,fim_semana,1269.0,1571.5,157.15,-1.92,-1.92,normal,abaixo,baixa,2,fallback (60d recentes),3.5
PT0002000078441876HB,11,0.0,fim_semana,1207.0,1747.0,174.7,-3.09,-3.09,normal,abaixo,baixa,2,fallback (60d recentes),3.5
PT0002000078441876HB,12,0.0,fim_semana,1249.0,1640.0,164.0,-2.38,-2.38,normal,abaixo,baixa,2,fallback (60d recentes),3.5
PT0002000078441876HB,13,0.0,fim_semana,1237.0,1540.0,199.4,-1.52,-1.52,normal,abaixo,baixa,2,fallback (60d recentes),3.5
PT0002000078441876HB,14,0.0,fim_semana,1223.0,1478.5,224.15,-1.14,-1.14,normal,abaixo,baixa,2,fallback (60d recentes),3.5
PT0002000078441876HB,15,0.0,fim_semana,1272.0,1433.0,197.99,-0.81,-0.81,normal,abaixo,baixa,2,fallback (60d recentes),3.5
PT0002000078441876HB,16,0.0,fim_semana,1277.0,1559.0,186.68,-1.51,-1.51,normal,abaixo,baixa,2,fallback (60d recentes),3.5
PT0002000078441876HB,17,0.0,fim_semana,1230.0,1621.0,479.42,-0.82,-0.82,normal,abaixo,baixa,2,fallback (60d recentes),3.5
PT0002000078441876HB,18,0.0,fim_semana,1205.0,1343.0,134.3,-1.03,-1.03,normal,abaixo,baixa,2,fallback (60d recentes),3.5
PT0002000078441876HB,19,0.0,fim_semana,1191.0,1514.0,151.4,-2.13,-2.13,normal,abaixo,baixa,2,fallback (60d recentes),3.5
PT0002000078441876HB,20,0.0,fim_semana,1213.0,1323.5,132.35,-0.83,-0.83,normal,abaixo,baixa,2,fallback (60d recentes),3.5
PT0002000078441876HB,21,0.0,fim_semana,1093.0,907.67,163.26,1.14,1.14,normal,acima,baixa,3,fallback (60d recentes),3.5
PT0002000078441876HB,22,0.0,fim_semana,787.0,772.33,77.23,0.19,0.19,normal,acima,baixa,3,fallback (60d recentes),3.5
PT0002000078441876HB,23,0.0,fim_semana,675.0,683.33,68.33,-0.12,-0.12,normal,abaixo,baixa,3,fallback (60d recentes),3.5
PT0002000079469719HF,0,,fim_semana,105.0,101.0,10.1,0.4,0.4,normal,acima,baixa,2,fallback (60d recentes),3.5
PT0002000079469719HF,1,,fim_semana,99.0,101.0,10.1,-0.2,-0.2,normal,abaixo,baixa,2,fallback (60d recentes),3.5
PT0002000079469719HF,2,,fim_semana,100.0,102.0,10.2,-0.2,-0.2,normal,abaixo,baixa,2,fallback (60d recentes),3.5
PT0002000079469719HF,3,,fim_semana,100.0,104.0,10.4,-0.38,-0.38,normal,abaixo,baixa,2,fallback (60d recentes),3.5
PT0002000079469719HF,4,,fim_semana,100.0,104.0,10.4,-0.38,-0.38,normal,abaixo,baixa,2,fallback (60d recentes),3.5
PT0002000079469719HF,5,,fim_semana,99.0,103.5,10.35,-0.43,-0.43,normal,abaixo,baixa,2,fallback (60d recentes),3.5
PT0002000079469719HF,6,,fim_semana,100.0,101.5,10.15,-0.15,-0.15,normal,abaixo,baixa,2,fallback (60d recentes),3.5
PT0002000079469719HF,7,,fim_semana,107.0,108.0,10.8,-0.09,-0.09,normal,abaixo,baixa,2,fallback (60d recentes),3.5
PT0002000079469719HF,8,,fim_semana,125.0,125.0,12.5,0.0,0.0,normal,abaixo,baixa,2,fallback (60d recentes),3.5
PT0002000079469719HF,9,,fim_semana,107.0,117.0,11.7,-0.85,-0.85,normal,abaixo,baixa,2,fallback (60d recentes),3.5
PT0002000079469719HF,10,,fim_semana,123.0,105.0,10.5,1.71,1.71,normal,acima,baixa,2,fallback (60d recentes),3.5
PT0002000079469719HF,11,,fim_semana,87.0,90.5,9.05,-0.39,-0.39,normal,abaixo,baixa,2,fallback (60d recentes),3.5
PT0002000079469719HF,12,,fim_semana,130.0,74.0,7.4,7.57,7.57,desvio,acima,baixa,2,fallback (60d recentes),3.5
PT0002000079469719HF,13,,fim_semana,67.0,66.0,6.6,0.15,0.15,normal,acima,baixa,2,fallback (60d recentes),3.5
PT0002000079469719HF,14,,fim_semana,48.0,59.0,8.49,-1.3,-1.3,normal,abaixo,baixa,2,fallback (60d recentes),3.5
PT0002000079469719HF,15,,fim_semana,56.0,74.5,7.45,-2.48,-2.48,normal,abaixo,baixa,2,fallback (60d recentes),3.5
PT0002000079469719HF,16,,fim_semana,69.0,87.5,8.75,-2.11,-2.11,normal,abaixo,baixa,2,fallback (60d recentes),3.5
PT0002000079469719HF,17,,fim_semana,86.0,110.5,12.02,-2.04,-2.04,normal,abaixo,baixa,2,fallback (60d recentes),3.5
PT0002000079469719HF,18,,fim_semana,111.0,159.5,15.95,-3.04,-3.04,normal,abaixo,baixa,2,fallback (60d recentes),3.5
PT0002000079469719HF,19,,fim_semana,129.0,189.5,18.95,-3.19,-3.19,normal,abaixo,baixa,2,fallback (60d recentes),3.5
PT0002000079469719HF,20,,fim_semana,125.0,167.5,16.75,-2.54,-2.54,normal,abaixo,baixa,2,fallback (60d recentes),3.5
PT0002000079469719HF,21,,fim_semana,112.0,144.67,22.23,-1.47,-1.47,normal,abaixo,baixa,3,fallback (60d recentes),3.5
PT0002000079469719HF,22,,fim_semana,109.0,137.67,13.77,-2.08,-2.08,normal,abaixo,baixa,3,fallback (60d recentes),3.5
PT0002000079469719HF,23,,fim_semana,109.0,105.0,10.5,0.38,0.38,normal,acima,baixa,3,fallback (60d recentes),3.5
PT0002000081344542CP,0,1.0,fim_semana,1.0,5.0,5.66,-0.71,-0.71,normal,abaixo,baixa,2,fallback (60d recentes),3.5
PT0002000081344542CP,1,1.0,fim_semana,2.0,4.5,0.71,-3.54,-3.54,desvio,abaixo,baixa,2,fallback (60d recentes),3.5
PT0002000081344542CP,2,1.0,fim_semana,6.0,2.0,1.41,2.83,2.83,normal,acima,baixa,2,fallback (60d recentes),3.5
PT0002000081344542CP,3,1.0,fim_semana,1.0,5.0,4.24,-0.94,-0.94,normal,abaixo,baixa,2,fallback (60d recentes),3.5
PT0002000081344542CP,4,1.0,fim_semana,1.0,4.5,4.95,-0.71,-0.71,normal,abaixo,baixa,2,fallback (60d recentes),3.5
PT0002000081344542CP,5,1.0,fim_semana,2.0,4.0,4.24,-0.47,-0.47,normal,abaixo,baixa,2,fallback (60d recentes),3.5
PT0002000081344542CP,6,1.0,fim_semana,1.0,2.0,0.3,-3.33,-3.33,normal,abaixo,baixa,2,fallback (60d recentes),3.5
PT0002000081344542CP,7,1.0,fim_semana,2.0,1.0,0.3,3.33,3.33,normal,acima,baixa,2,fallback (60d recentes),3.5
PT0002000081344542CP,8,1.0,fim_semana,1.0,1.5,0.71,-0.71,-0.71,normal,abaixo,baixa,2,fallback (60d recentes),3.5
PT0002000081344542CP,9,1.0,fim_semana,1.0,1.5,0.71,-0.71,-0.71,normal,abaixo,baixa,2,fallback (60d recentes),3.5
PT0002000081344542CP,10,1.0,fim_semana,2.0,1.5,0.71,0.71,0.71,normal,acima,baixa,2,fallback (60d recentes),3.5
PT0002000081344542CP,11,1.0,fim_semana,1.0,3.0,2.83,-0.71,-0.71,normal,abaixo,baixa,2,fallback (60d recentes),3.5
PT0002000081344542CP,12,1.0,fim_semana,1.0,2.5,0.71,-2.12,-2.12,normal,abaixo,baixa,2,fallback (60d recentes),3.5
PT0002000081344542CP,13,1.0,fim_semana,2.0,4.5,0.71,-3.54,-3.54,desvio,abaixo,baixa,2,fallback (60d recentes),3.5
PT0002000081344542CP,14,1.0,fim_semana,6.0,2.5,0.71,4.95,4.95,desvio,acima,baixa,2,fallback (60d recentes),3.5
PT0002000081344542CP,15,1.0,fim_semana,2.0,1.5,0.71,0.71,0.71,normal,acima,baixa,2,fallback (60d recentes),3.5
PT0002000081344542CP,16,1.0,fim_semana,1.0,1.5,0.71,-0.71,-0.71,normal,abaixo,baixa,2,fallback (60d recentes),3.5
PT0002000081344542CP,17,1.0,fim_semana,1.0,1.0,0.3,0.0,0.0,normal,abaixo,baixa,2,fallback (60d recentes),3.5
PT0002000081344542CP,18,1.0,fim_semana,2.0,1.5,0.71,0.71,0.71,normal,acima,baixa,2,fallback (60d recentes),3.5
PT0002000081344542CP,19,1.0,fim_semana,1.0,9.5,12.02,-0.71,-0.71,normal,abaixo,baixa,2,fallback (60d recentes),3.5
PT0002000081344542CP,20,1.0,fim_semana,1.0,5.0,5.66,-0.71,-0.71,normal,abaixo,baixa,2,fallback (60d recentes),3.5
PT0002000081344542CP,21,1.0,fim_semana,2.0,1.33,0.58,1.15,1.15,normal,acima,baixa,3,fallback (60d recentes),3.5
PT0002000081344542CP,22,1.0,fim_semana,5.0,2.67,2.89,0.81,0.81,normal,acima,baixa,3,fallback (60d recentes),3.5
PT0002000081344542CP,23,1.0,fim_semana,2.0,2.0,0.3,0.0,0.0,normal,abaixo,baixa,3,fallback (60d recentes),3.5
PT0002000081997398TD,0,0.0,fim_semana,61.0,62.0,6.2,-0.16,-0.16,normal,abaixo,baixa,2,fallback (60d recentes),3.5
PT0002000081997398TD,1,0.0,fim_semana,40.0,45.0,4.5,-1.11,-1.11,normal,abaixo,baixa,2,fallback (60d recentes),3.5
PT0002000081997398TD,2,0.0,fim_semana,42.0,40.0,4.0,0.5,0.5,normal,acima,baixa,2,fallback (60d recentes),3.5
PT0002000081997398TD,3,0.0,fim_semana,40.0,43.5,4.35,-0.8,-0.8,normal,abaixo,baixa,2,fallback (60d recentes),3.5
PT0002000081997398TD,4,0.0,fim_semana,37.0,39.5,3.95,-0.63,-0.63,normal,abaixo,baixa,2,fallback (60d recentes),3.5
PT0002000081997398TD,5,0.0,fim_semana,40.0,39.0,3.9,0.26,0.26,normal,acima,baixa,2,fallback (60d recentes),3.5
PT0002000081997398TD,6,0.0,fim_semana,43.0,46.5,4.65,-0.75,-0.75,normal,abaixo,baixa,2,fallback (60d recentes),3.5
PT0002000081997398TD,7,0.0,fim_semana,51.0,67.0,7.07,-2.26,-2.26,normal,abaixo,baixa,2,fallback (60d recentes),3.5
PT0002000081997398TD,8,0.0,fim_semana,126.0,145.5,14.55,-1.34,-1.34,normal,abaixo,baixa,2,fallback (60d recentes),3.5
PT0002000081997398TD,9,0.0,fim_semana,204.0,238.0,23.8,-1.43,-1.43,normal,abaixo,baixa,2,fallback (60d recentes),3.5
PT0002000081997398TD,10,0.0,fim_semana,141.0,175.5,17.55,-1.97,-1.97,normal,abaixo,baixa,2,fallback (60d recentes),3.5
PT0002000081997398TD,11,0.0,fim_semana,118.0,143.5,16.26,-1.57,-1.57,normal,abaixo,baixa,2,fallback (60d recentes),3.5
PT0002000081997398TD,12,0.0,fim_semana,188.0,228.5,33.23,-1.22,-1.22,normal,abaixo,baixa,2,fallback (60d recentes),3.5
PT0002000081997398TD,13,0.0,fim_semana,199.0,225.0,28.28,-0.92,-0.92,normal,abaixo,baixa,2,fallback (60d recentes),3.5
PT0002000081997398TD,14,0.0,fim_semana,160.0,189.0,28.28,-1.03,-1.03,normal,abaixo,baixa,2,fallback (60d recentes),3.5
PT0002000081997398TD,15,0.0,fim_semana,117.0,136.0,13.6,-1.4,-1.4,normal,abaixo,baixa,2,fallback (60d recentes),3.5
PT0002000081997398TD,16,0.0,fim_semana,138.0,180.0,43.84,-0.96,-0.96,normal,abaixo,baixa,2,fallback (60d recentes),3.5
PT0002000081997398TD,17,0.0,fim_semana,196.0,275.5,45.96,-1.73,-1.73,normal,abaixo,baixa,2,fallback (60d recentes),3.5
PT0002000081997398TD,18,0.0,fim_semana,206.0,257.5,25.75,-2.0,-2.0,normal,abaixo,baixa,2,fallback (60d recentes),3.5
PT0002000081997398TD,19,0.0,fim_semana,141.0,173.5,17.35,-1.87,-1.87,normal,abaixo,baixa,2,fallback (60d recentes),3.5
PT0002000081997398TD,20,0.0,fim_semana,125.0,133.0,13.3,-0.6,-0.6,normal,abaixo,baixa,2,fallback (60d recentes),3.5
PT0002000081997398TD,21,0.0,fim_semana,122.0,120.67,22.28,0.06,0.06,normal,acima,baixa,3,fallback (60d recentes),3.5
PT0002000081997398TD,22,0.0,fim_semana,70.0,80.67,8.07,-1.32,-1.32,normal,abaixo,baixa,3,fallback (60d recentes),3.5
PT0002000081997398TD,23,0.0,fim_semana,68.0,67.67,9.02,0.04,0.04,normal,acima,baixa,3,fallback (60d recentes),3.5
PT0002000082549706RH,0,0.0,fim_semana,93.0,88.5,8.85,0.51,0.51,normal,acima,baixa,2,fallback (60d recentes),3.5
PT0002000082549706RH,1,0.0,fim_semana,89.0,87.0,8.7,0.23,0.23,normal,acima,baixa,2,fallback (60d recentes),3.5
PT0002000082549706RH,2,0.0,fim_semana,84.0,84.0,8.4,0.0,0.0,normal,abaixo,baixa,2,fallback (60d recentes),3.5
PT0002000082549706RH,3,0.0,fim_semana,78.0,81.0,8.1,-0.37,-0.37,normal,abaixo,baixa,2,fallback (60d recentes),3.5
PT0002000082549706RH,4,0.0,fim_semana,79.0,82.5,8.25,-0.42,-0.42,normal,abaixo,baixa,2,fallback (60d recentes),3.5
PT0002000082549706RH,5,0.0,fim_semana,83.0,86.5,8.65,-0.4,-0.4,normal,abaixo,baixa,2,fallback (60d recentes),3.5
PT0002000082549706RH,6,0.0,fim_semana,78.0,81.0,8.1,-0.37,-0.37,normal,abaixo,baixa,2,fallback (60d recentes),3.5
PT0002000082549706RH,7,0.0,fim_semana,80.0,83.0,8.3,-0.36,-0.36,normal,abaixo,baixa,2,fallback (60d recentes),3.5
PT0002000082549706RH,8,0.0,fim_semana,87.0,86.0,8.6,0.12,0.12,normal,acima,baixa,2,fallback (60d recentes),3.5
PT0002000082549706RH,9,0.0,fim_semana,88.0,99.5,9.95,-1.16,-1.16,normal,abaixo,baixa,2,fallback (60d recentes),3.5
PT0002000082549706RH,10,0.0,fim_semana,84.0,103.0,10.3,-1.84,-1.84,normal,abaixo,baixa,2,fallback (60d recentes),3.5
PT0002000082549706RH,11,0.0,fim_semana,90.0,100.5,10.05,-1.04,-1.04,normal,abaixo,baixa,2,fallback (60d recentes),3.5
PT0002000082549706RH,12,0.0,fim_semana,89.0,99.5,9.95,-1.06,-1.06,normal,abaixo,baixa,2,fallback (60d recentes),3.5
PT0002000082549706RH,13,0.0,fim_semana,87.0,98.5,9.85,-1.17,-1.17,normal,abaixo,baixa,2,fallback (60d recentes),3.5
PT0002000082549706RH,14,0.0,fim_semana,88.0,102.0,10.2,-1.37,-1.37,normal,abaixo,baixa,2,fallback (60d recentes),3.5
PT0002000082549706RH,15,0.0,fim_semana,90.0,101.5,10.15,-1.13,-1.13,normal,abaixo,baixa,2,fallback (60d recentes),3.5
PT0002000082549706RH,16,0.0,fim_semana,96.0,101.0,10.1,-0.5,-0.5,normal,abaixo,baixa,2,fallback (60d recentes),3.5
PT0002000082549706RH,17,0.0,fim_semana,96.0,91.0,9.1,0.55,0.55,normal,acima,baixa,2,fallback (60d recentes),3.5
PT0002000082549706RH,18,0.0,fim_semana,91.0,85.0,8.5,0.71,0.71,normal,acima,baixa,2,fallback (60d recentes),3.5
PT0002000082549706RH,19,0.0,fim_semana,80.0,81.0,8.1,-0.12,-0.12,normal,abaixo,baixa,2,fallback (60d recentes),3.5
PT0002000082549706RH,20,0.0,fim_semana,88.0,85.0,8.5,0.35,0.35,normal,acima,baixa,2,fallback (60d recentes),3.5
PT0002000082549706RH,21,0.0,fim_semana,86.0,76.33,11.93,0.81,0.81,normal,acima,baixa,3,fallback (60d recentes),3.5
PT0002000082549706RH,22,0.0,fim_semana,82.0,83.67,8.37,-0.2,-0.2,normal,abaixo,baixa,3,fallback (60d recentes),3.5
PT0002000082549706RH,23,0.0,fim_semana,91.0,88.0,8.8,0.34,0.34,normal,acima,baixa,3,fallback (60d recentes),3.5
PT0002000100113293JT,0,0.0,fim_semana,154.0,153.5,15.35,0.03,0.03,normal,acima,baixa,2,fallback (60d recentes),3.5
PT0002000100113293JT,1,0.0,fim_semana,154.0,154.0,15.4,0.0,0.0,normal,abaixo,baixa,2,fallback (60d recentes),3.5
PT0002000100113293JT,2,0.0,fim_semana,154.0,153.5,15.35,0.03,0.03,normal,acima,baixa,2,fallback (60d recentes),3.5
PT0002000100113293JT,3,0.0,fim_semana,154.0,154.0,15.4,0.0,0.0,normal,abaixo,baixa,2,fallback (60d recentes),3.5
PT0002000100113293JT,4,0.0,fim_semana,154.0,153.5,15.35,0.03,0.03,normal,acima,baixa,2,fallback (60d recentes),3.5
PT0002000100113293JT,5,0.0,fim_semana,153.0,153.5,15.35,-0.03,-0.03,normal,abaixo,baixa,2,fallback (60d recentes),3.5
PT0002000100113293JT,6,0.0,fim_semana,159.0,158.0,15.8,0.06,0.06,normal,acima,baixa,2,fallback (60d recentes),3.5
PT0002000100113293JT,7,0.0,fim_semana,148.0,147.5,14.75,0.03,0.03,normal,acima,baixa,2,fallback (60d recentes),3.5
PT0002000100113293JT,8,0.0,fim_semana,155.0,149.5,14.95,0.37,0.37,normal,acima,baixa,2,fallback (60d recentes),3.5
PT0002000100113293JT,9,0.0,fim_semana,169.0,149.5,14.95,1.3,1.3,normal,acima,baixa,2,fallback (60d recentes),3.5
PT0002000100113293JT,10,0.0,fim_semana,170.0,167.5,21.92,0.11,0.11,normal,acima,baixa,2,fallback (60d recentes),3.5
PT0002000100113293JT,11,0.0,fim_semana,173.0,162.0,16.97,0.65,0.65,normal,acima,baixa,2,fallback (60d recentes),3.5
PT0002000100113293JT,12,0.0,fim_semana,173.0,161.0,16.1,0.75,0.75,normal,acima,baixa,2,fallback (60d recentes),3.5
PT0002000100113293JT,13,0.0,fim_semana,168.0,152.5,15.25,1.02,1.02,normal,acima,baixa,2,fallback (60d recentes),3.5
PT0002000100113293JT,14,0.0,fim_semana,151.0,151.0,15.1,0.0,0.0,normal,abaixo,baixa,2,fallback (60d recentes),3.5
PT0002000100113293JT,15,0.0,fim_semana,159.0,153.0,15.3,0.39,0.39,normal,acima,baixa,2,fallback (60d recentes),3.5
PT0002000100113293JT,16,0.0,fim_semana,163.0,154.0,15.4,0.58,0.58,normal,acima,baixa,2,fallback (60d recentes),3.5
PT0002000100113293JT,17,0.0,fim_semana,160.0,153.5,15.35,0.42,0.42,normal,acima,baixa,2,fallback (60d recentes),3.5
PT0002000100113293JT,18,0.0,fim_semana,168.0,165.0,16.5,0.18,0.18,normal,acima,baixa,2,fallback (60d recentes),3.5
PT0002000100113293JT,19,0.0,fim_semana,162.0,179.0,33.94,-0.5,-0.5,normal,abaixo,baixa,2,fallback (60d recentes),3.5
PT0002000100113293JT,20,0.0,fim_semana,148.0,181.5,28.99,-1.16,-1.16,normal,abaixo,baixa,2,fallback (60d recentes),3.5
PT0002000100113293JT,21,0.0,fim_semana,156.0,160.67,30.83,-0.15,-0.15,normal,abaixo,baixa,3,fallback (60d recentes),3.5
PT0002000100113293JT,22,0.0,fim_semana,159.0,166.67,16.67,-0.46,-0.46,normal,abaixo,baixa,3,fallback (60d recentes),3.5
PT0002000100113293JT,23,0.0,fim_semana,160.0,155.0,15.5,0.32,0.32,normal,acima,baixa,3,fallback (60d recentes),3.5
PT0002000101964938LF,0,0.0,fim_semana,10.0,10.0,1.0,0.0,0.0,normal,abaixo,baixa,2,fallback (60d recentes),3.5
PT0002000101964938LF,1,0.0,fim_semana,10.0,10.0,1.0,0.0,0.0,normal,abaixo,baixa,2,fallback (60d recentes),3.5
PT0002000101964938LF,2,0.0,fim_semana,10.0,10.0,1.0,0.0,0.0,normal,abaixo,baixa,2,fallback (60d recentes),3.5
PT0002000101964938LF,3,0.0,fim_semana,9.0,10.0,1.0,-1.0,-1.0,normal,abaixo,baixa,2,fallback (60d recentes),3.5
PT0002000101964938LF,4,0.0,fim_semana,11.0,10.0,1.0,1.0,1.0,normal,acima,baixa,2,fallback (60d recentes),3.5
PT0002000101964938LF,5,0.0,fim_semana,9.0,10.5,1.05,-1.43,-1.43,normal,abaixo,baixa,2,fallback (60d recentes),3.5
PT0002000101964938LF,6,0.0,fim_semana,10.0,9.5,0.95,0.53,0.53,normal,acima,baixa,2,fallback (60d recentes),3.5
PT0002000101964938LF,7,0.0,fim_semana,10.0,18.5,1.85,-4.59,-4.59,desvio,abaixo,baixa,2,fallback (60d recentes),3.5
PT0002000101964938LF,8,0.0,fim_semana,10.0,30.0,3.0,-6.67,-6.67,desvio,abaixo,baixa,2,fallback (60d recentes),3.5
PT0002000101964938LF,9,0.0,fim_semana,10.0,33.0,5.66,-4.07,-4.07,desvio,abaixo,baixa,2,fallback (60d recentes),3.5
PT0002000101964938LF,10,0.0,fim_semana,10.0,40.5,4.95,-6.16,-6.16,desvio,abaixo,baixa,2,fallback (60d recentes),3.5
PT0002000101964938LF,11,0.0,fim_semana,10.0,45.5,7.78,-4.56,-4.56,desvio,abaixo,baixa,2,fallback (60d recentes),3.5
PT0002000101964938LF,12,0.0,fim_semana,10.0,47.0,8.49,-4.36,-4.36,desvio,abaixo,baixa,2,fallback (60d recentes),3.5
PT0002000101964938LF,13,0.0,fim_semana,11.0,48.5,4.95,-7.58,-7.58,desvio,abaixo,baixa,2,fallback (60d recentes),3.5
PT0002000101964938LF,14,0.0,fim_semana,11.0,51.5,5.15,-7.86,-7.86,desvio,abaixo,baixa,2,fallback (60d recentes),3.5
PT0002000101964938LF,15,0.0,fim_semana,10.0,54.0,5.4,-8.15,-8.15,desvio,abaixo,baixa,2,fallback (60d recentes),3.5
PT0002000101964938LF,16,0.0,fim_semana,10.0,53.0,8.49,-5.07,-5.07,desvio,abaixo,baixa,2,fallback (60d recentes),3.5
PT0002000101964938LF,17,0.0,fim_semana,11.0,47.5,10.61,-3.44,-3.44,normal,abaixo,baixa,2,fallback (60d recentes),3.5
PT0002000101964938LF,18,0.0,fim_semana,11.0,44.0,8.49,-3.89,-3.89,desvio,abaixo,baixa,2,fallback (60d recentes),3.5
PT0002000101964938LF,19,0.0,fim_semana,10.0,39.5,13.44,-2.2,-2.2,normal,abaixo,baixa,2,fallback (60d recentes),3.5
PT0002000101964938LF,20,0.0,fim_semana,10.0,12.0,1.41,-1.41,-1.41,normal,abaixo,baixa,2,fallback (60d recentes),3.5
PT0002000101964938LF,21,0.0,fim_semana,10.0,9.33,1.53,0.44,0.44,normal,acima,baixa,3,fallback (60d recentes),3.5
PT0002000101964938LF,22,0.0,fim_semana,10.0,10.67,1.07,-0.62,-0.62,normal,abaixo,baixa,3,fallback (60d recentes),3.5
PT0002000101964938LF,23,0.0,fim_semana,10.0,10.0,1.0,0.0,0.0,normal,abaixo,baixa,3,fallback (60d recentes),3.5
PT0002000102936404ME,0,1.0,fim_semana,17.0,16.0,1.6,0.62,0.62,normal,acima,baixa,2,fallback (60d recentes),3.5
PT0002000102936404ME,1,1.0,fim_semana,36.0,35.5,3.55,0.14,0.14,normal,acima,baixa,2,fallback (60d recentes),3.5
PT0002000102936404ME,2,1.0,fim_semana,56.0,58.0,5.8,-0.34,-0.34,normal,abaixo,baixa,2,fallback (60d recentes),3.5
PT0002000102936404ME,3,1.0,fim_semana,58.0,58.0,5.8,0.0,0.0,normal,abaixo,baixa,2,fallback (60d recentes),3.5
PT0002000102936404ME,4,1.0,fim_semana,54.0,54.0,5.4,0.0,0.0,normal,abaixo,baixa,2,fallback (60d recentes),3.5
PT0002000102936404ME,5,1.0,fim_semana,52.0,52.0,5.2,0.0,0.0,normal,abaixo,baixa,2,fallback (60d recentes),3.5
PT0002000102936404ME,6,1.0,fim_semana,22.0,22.5,2.25,-0.22,-0.22,normal,abaixo,baixa,2,fallback (60d recentes),3.5
PT0002000102936404ME,7,1.0,fim_semana,19.0,19.0,1.9,0.0,0.0,normal,abaixo,baixa,2,fallback (60d recentes),3.5
PT0002000102936404ME,8,1.0,fim_semana,18.0,19.0,1.9,-0.53,-0.53,normal,abaixo,baixa,2,fallback (60d recentes),3.5
PT0002000102936404ME,9,1.0,fim_semana,36.0,35.5,3.55,0.14,0.14,normal,acima,baixa,2,fallback (60d recentes),3.5
PT0002000102936404ME,10,1.0,fim_semana,37.0,38.5,3.85,-0.39,-0.39,normal,abaixo,baixa,2,fallback (60d recentes),3.5
PT0002000102936404ME,11,1.0,fim_semana,38.0,38.0,3.8,0.0,0.0,normal,abaixo,baixa,2,fallback (60d recentes),3.5
PT0002000102936404ME,12,1.0,fim_semana,38.0,39.5,3.95,-0.38,-0.38,normal,abaixo,baixa,2,fallback (60d recentes),3.5
PT0002000102936404ME,13,1.0,fim_semana,40.0,39.0,3.9,0.26,0.26,normal,acima,baixa,2,fallback (60d recentes),3.5
PT0002000102936404ME,14,1.0,fim_semana,42.0,39.5,3.95,0.63,0.63,normal,acima,baixa,2,fallback (60d recentes),3.5
PT0002000102936404ME,15,1.0,fim_semana,40.0,38.0,3.8,0.53,0.53,normal,acima,baixa,2,fallback (60d recentes),3.5
PT0002000102936404ME,16,1.0,fim_semana,38.0,38.0,3.8,0.0,0.0,normal,abaixo,baixa,2,fallback (60d recentes),3.5
PT0002000102936404ME,17,1.0,fim_semana,38.0,35.5,3.55,0.7,0.7,normal,acima,baixa,2,fallback (60d recentes),3.5
PT0002000102936404ME,18,1.0,fim_semana,36.0,21.0,2.1,7.14,7.14,desvio,acima,baixa,2,fallback (60d recentes),3.5
PT0002000102936404ME,19,1.0,fim_semana,21.0,21.0,2.1,0.0,0.0,normal,abaixo,baixa,2,fallback (60d recentes),3.5
PT0002000102936404ME,20,1.0,fim_semana,23.0,22.0,2.2,0.45,0.45,normal,acima,baixa,2,fallback (60d recentes),3.5
PT0002000102936404ME,21,1.0,fim_semana,33.0,31.0,5.2,0.38,0.38,normal,acima,baixa,3,fallback (60d recentes),3.5
PT0002000102936404ME,22,1.0,fim_semana,34.0,34.0,3.4,0.0,0.0,normal,abaixo,baixa,3,fallback (60d recentes),3.5
PT0002000102936404ME,23,1.0,fim_semana,33.0,34.0,3.4,-0.29,-0.29,normal,abaixo,baixa,3,fallback (60d recentes),3.5
PT0002000103647515BL,0,,fim_semana,1.0,1.5,0.71,-0.71,-0.71,normal,abaixo,baixa,2,fallback (60d recentes),3.5
PT0002000103647515BL,1,,fim_semana,0.0,0.0,0.3,0.0,0.0,normal,abaixo,baixa,2,fallback (60d recentes),3.5
PT0002000103647515BL,2,,fim_semana,0.0,0.0,0.3,0.0,0.0,normal,abaixo,baixa,2,fallback (60d recentes),3.5
PT0002000103647515BL,3,,fim_semana,0.0,0.0,0.3,0.0,0.0,normal,abaixo,baixa,2,fallback (60d recentes),3.5
PT0002000103647515BL,4,,fim_semana,0.0,0.0,0.3,0.0,0.0,normal,abaixo,baixa,2,fallback (60d recentes),3.5
PT0002000103647515BL,5,,fim_semana,0.0,0.0,0.3,0.0,0.0,normal,abaixo,baixa,2,fallback (60d recentes),3.5
PT0002000103647515BL,6,,fim_semana,0.0,0.0,0.3,0.0,0.0,normal,abaixo,baixa,2,fallback (60d recentes),3.5
PT0002000103647515BL,7,,fim_semana,0.0,0.0,0.3,0.0,0.0,normal,abaixo,baixa,2,fallback (60d recentes),3.5
PT0002000103647515BL,8,,fim_semana,0.0,0.0,0.3,0.0,0.0,normal,abaixo,baixa,2,fallback (60d recentes),3.5
PT0002000103647515BL,9,,fim_semana,0.0,0.0,0.3,0.0,0.0,normal,abaixo,baixa,2,fallback (60d recentes),3.5
PT0002000103647515BL,10,,fim_semana,0.0,0.0,0.3,0.0,0.0,normal,abaixo,baixa,2,fallback (60d recentes),3.5
PT0002000103647515BL,11,,fim_semana,0.0,0.0,0.3,0.0,0.0,normal,abaixo,baixa,2,fallback (60d recentes),3.5
PT0002000103647515BL,12,,fim_semana,0.0,0.0,0.3,0.0,0.0,normal,abaixo,baixa,2,fallback (60d recentes),3.5
PT0002000103647515BL,13,,fim_semana,0.0,0.0,0.3,0.0,0.0,normal,abaixo,baixa,2,fallback (60d recentes),3.5
PT0002000103647515BL,14,,fim_semana,0.0,0.0,0.3,0.0,0.0,normal,abaixo,baixa,2,fallback (60d recentes),3.5
PT0002000103647515BL,15,,fim_semana,0.0,0.0,0.3,0.0,0.0,normal,abaixo,baixa,2,fallback (60d recentes),3.5
PT0002000103647515BL,16,,fim_semana,0.0,0.0,0.3,0.0,0.0,normal,abaixo,baixa,2,fallback (60d recentes),3.5
PT0002000103647515BL,17,,fim_semana,0.0,0.0,0.3,0.0,0.0,normal,abaixo,baixa,2,fallback (60d recentes),3.5
PT0002000103647515BL,18,,fim_semana,0.0,0.0,0.3,0.0,0.0,normal,abaixo,baixa,2,fallback (60d recentes),3.5
PT0002000103647515BL,19,,fim_semana,2.0,2.0,0.3,0.0,0.0,normal,abaixo,baixa,2,fallback (60d recentes),3.5
PT0002000103647515BL,20,,fim_semana,2.0,2.0,0.3,0.0,0.0,normal,abaixo,baixa,2,fallback (60d recentes),3.5
PT0002000103647515BL,21,,fim_semana,2.0,2.0,0.3,0.0,0.0,normal,abaixo,baixa,3,fallback (60d recentes),3.5
PT0002000103647515BL,22,,fim_semana,2.0,2.33,0.58,-0.58,-0.58,normal,abaixo,baixa,3,fallback (60d recentes),3.5
PT0002000103647515BL,23,,fim_semana,2.0,2.0,0.3,0.0,0.0,normal,abaixo,baixa,3,fallback (60d recentes),3.5
PT0002000105483259QH,0,1.0,fim_semana,2.0,2.5,0.71,-0.71,-0.71,normal,abaixo,baixa,2,fallback (60d recentes),3.5
PT0002000105483259QH,1,1.0,fim_semana,0.0,0.5,0.71,-0.71,-0.71,normal,abaixo,baixa,2,fallback (60d recentes),3.5
PT0002000105483259QH,2,1.0,fim_semana,1.0,0.5,0.71,0.71,0.71,normal,acima,baixa,2,fallback (60d recentes),3.5
PT0002000105483259QH,3,1.0,fim_semana,1.0,0.5,0.71,0.71,0.71,normal,acima,baixa,2,fallback (60d recentes),3.5
PT0002000105483259QH,4,1.0,fim_semana,0.0,0.0,0.3,0.0,0.0,normal,abaixo,baixa,2,fallback (60d recentes),3.5
PT0002000105483259QH,5,1.0,fim_semana,1.0,1.0,0.3,0.0,0.0,normal,abaixo,baixa,2,fallback (60d recentes),3.5
PT0002000105483259QH,6,1.0,fim_semana,1.0,0.5,0.71,0.71,0.71,normal,acima,baixa,2,fallback (60d recentes),3.5
PT0002000105483259QH,7,1.0,fim_semana,0.0,0.0,0.3,0.0,0.0,normal,abaixo,baixa,2,fallback (60d recentes),3.5
PT0002000105483259QH,8,1.0,fim_semana,1.0,1.0,0.3,0.0,0.0,normal,abaixo,baixa,2,fallback (60d recentes),3.5
PT0002000105483259QH,9,1.0,fim_semana,0.0,0.0,0.3,0.0,0.0,normal,abaixo,baixa,2,fallback (60d recentes),3.5
PT0002000105483259QH,10,1.0,fim_semana,1.0,0.5,0.71,0.71,0.71,normal,acima,baixa,2,fallback (60d recentes),3.5
PT0002000105483259QH,11,1.0,fim_semana,1.0,1.0,0.3,0.0,0.0,normal,abaixo,baixa,2,fallback (60d recentes),3.5
PT0002000105483259QH,12,1.0,fim_semana,0.0,0.0,0.3,0.0,0.0,normal,abaixo,baixa,2,fallback (60d recentes),3.5
PT0002000105483259QH,13,1.0,fim_semana,2.0,0.5,0.71,2.12,2.12,normal,acima,baixa,2,fallback (60d recentes),3.5
PT0002000105483259QH,14,1.0,fim_semana,1.0,1.5,0.71,-0.71,-0.71,normal,abaixo,baixa,2,fallback (60d recentes),3.5
PT0002000105483259QH,15,1.0,fim_semana,2.0,2.0,1.41,0.0,0.0,normal,abaixo,baixa,2,fallback (60d recentes),3.5
PT0002000105483259QH,16,1.0,fim_semana,1.0,1.0,1.41,0.0,0.0,normal,abaixo,baixa,2,fallback (60d recentes),3.5
PT0002000105483259QH,17,1.0,fim_semana,1.0,2.5,0.71,-2.12,-2.12,normal,abaixo,baixa,2,fallback (60d recentes),3.5
PT0002000105483259QH,18,1.0,fim_semana,2.0,2.0,0.3,0.0,0.0,normal,abaixo,baixa,2,fallback (60d recentes),3.5
PT0002000105483259QH,19,1.0,fim_semana,1.0,2.0,1.41,-0.71,-0.71,normal,abaixo,baixa,2,fallback (60d recentes),3.5
PT0002000105483259QH,20,1.0,fim_semana,2.0,2.0,0.3,0.0,0.0,normal,abaixo,baixa,2,fallback (60d recentes),3.5
PT0002000105483259QH,21,1.0,fim_semana,1.0,1.33,0.58,-0.58,-0.58,normal,abaixo,baixa,3,fallback (60d recentes),3.5
PT0002000105483259QH,22,1.0,fim_semana,1.0,2.0,1.0,-1.0,-1.0,normal,abaixo,baixa,3,fallback (60d recentes),3.5
PT0002000105483259QH,23,1.0,fim_semana,2.0,1.33,0.58,1.15,1.15,normal,acima,baixa,3,fallback (60d recentes),3.5
PT0002000106102375RC,0,,fim_semana,37.0,37.0,3.7,0.0,0.0,normal,abaixo,baixa,2,fallback (60d recentes),3.5
PT0002000106102375RC,1,,fim_semana,36.0,36.0,3.6,0.0,0.0,normal,abaixo,baixa,2,fallback (60d recentes),3.5
PT0002000106102375RC,2,,fim_semana,35.0,35.0,3.5,0.0,0.0,normal,abaixo,baixa,2,fallback (60d recentes),3.5
PT0002000106102375RC,3,,fim_semana,35.0,33.5,3.35,0.45,0.45,normal,acima,baixa,2,fallback (60d recentes),3.5
PT0002000106102375RC,4,,fim_semana,35.0,36.0,3.6,-0.28,-0.28,normal,abaixo,baixa,2,fallback (60d recentes),3.5
PT0002000106102375RC,5,,fim_semana,33.0,34.5,3.45,-0.43,-0.43,normal,abaixo,baixa,2,fallback (60d recentes),3.5
PT0002000106102375RC,6,,fim_semana,35.0,34.5,3.45,0.14,0.14,normal,acima,baixa,2,fallback (60d recentes),3.5
PT0002000106102375RC,7,,fim_semana,36.0,44.5,4.45,-1.91,-1.91,normal,abaixo,baixa,2,fallback (60d recentes),3.5
PT0002000106102375RC,8,,fim_semana,34.0,59.5,5.95,-4.29,-4.29,desvio,abaixo,baixa,2,fallback (60d recentes),3.5
PT0002000106102375RC,9,,fim_semana,36.0,67.5,6.75,-4.67,-4.67,desvio,abaixo,baixa,2,fallback (60d recentes),3.5
PT0002000106102375RC,10,,fim_semana,36.0,67.5,6.75,-4.67,-4.67,desvio,abaixo,baixa,2,fallback (60d recentes),3.5
PT0002000106102375RC,11,,fim_semana,37.0,68.5,6.85,-4.6,-4.6,desvio,abaixo,baixa,2,fallback (60d recentes),3.5
PT0002000106102375RC,12,,fim_semana,40.0,72.5,7.25,-4.48,-4.48,desvio,abaixo,baixa,2,fallback (60d recentes),3.5
PT0002000106102375RC,13,,fim_semana,39.0,71.0,7.1,-4.51,-4.51,desvio,abaixo,baixa,2,fallback (60d recentes),3.5
PT0002000106102375RC,14,,fim_semana,39.0,68.5,6.85,-4.31,-4.31,desvio,abaixo,baixa,2,fallback (60d recentes),3.5
PT0002000106102375RC,15,,fim_semana,39.0,64.0,6.4,-3.91,-3.91,desvio,abaixo,baixa,2,fallback (60d recentes),3.5
PT0002000106102375RC,16,,fim_semana,39.0,63.0,6.3,-3.81,-3.81,desvio,abaixo,baixa,2,fallback (60d recentes),3.5
PT0002000106102375RC,17,,fim_semana,39.0,61.0,6.1,-3.61,-3.61,desvio,abaixo,baixa,2,fallback (60d recentes),3.5
PT0002000106102375RC,18,,fim_semana,39.0,59.0,5.9,-3.39,-3.39,normal,abaixo,baixa,2,fallback (60d recentes),3.5
PT0002000106102375RC,19,,fim_semana,39.0,58.5,5.85,-3.33,-3.33,normal,abaixo,baixa,2,fallback (60d recentes),3.5
PT0002000106102375RC,20,,fim_semana,39.0,40.5,4.05,-0.37,-0.37,normal,abaixo,baixa,2,fallback (60d recentes),3.5
PT0002000106102375RC,21,,fim_semana,38.0,43.33,13.58,-0.39,-0.39,normal,abaixo,baixa,3,fallback (60d recentes),3.5
PT0002000106102375RC,22,,fim_semana,37.0,39.67,7.23,-0.37,-0.37,normal,abaixo,baixa,3,fallback (60d recentes),3.5
PT0002000106102375RC,23,,fim_semana,38.0,37.33,4.16,0.16,0.16,normal,acima,baixa,3,fallback (60d recentes),3.5
PT0002000107046231FW,0,0.0,fim_semana,2.0,3.0,0.3,-3.33,-3.33,normal,abaixo,baixa,2,fallback (60d recentes),3.5
PT0002000107046231FW,1,0.0,fim_semana,2.0,2.5,0.71,-0.71,-0.71,normal,abaixo,baixa,2,fallback (60d recentes),3.5
PT0002000107046231FW,2,0.0,fim_semana,5.0,3.5,0.71,2.12,2.12,normal,acima,baixa,2,fallback (60d recentes),3.5
PT0002000107046231FW,3,0.0,fim_semana,3.0,3.0,0.3,0.0,0.0,normal,abaixo,baixa,2,fallback (60d recentes),3.5
PT0002000107046231FW,4,0.0,fim_semana,3.0,4.5,0.71,-2.12,-2.12,normal,abaixo,baixa,2,fallback (60d recentes),3.5
PT0002000107046231FW,5,0.0,fim_semana,4.0,3.0,0.3,3.33,3.33,normal,acima,baixa,2,fallback (60d recentes),3.5
PT0002000107046231FW,6,0.0,fim_semana,3.0,3.5,0.71,-0.71,-0.71,normal,abaixo,baixa,2,fallback (60d recentes),3.5
PT0002000107046231FW,7,0.0,fim_semana,5.0,7.0,2.83,-0.71,-0.71,normal,abaixo,baixa,2,fallback (60d recentes),3.5
PT0002000107046231FW,8,0.0,fim_semana,4.0,11.5,3.54,-2.12,-2.12,normal,abaixo,baixa,2,fallback (60d recentes),3.5
PT0002000107046231FW,9,0.0,fim_semana,3.0,22.0,7.07,-2.69,-2.69,normal,abaixo,baixa,2,fallback (60d recentes),3.5
PT0002000107046231FW,10,0.0,fim_semana,3.0,31.0,4.24,-6.6,-6.6,desvio,abaixo,baixa,2,fallback (60d recentes),3.5
PT0002000107046231FW,11,0.0,fim_semana,2.0,34.5,4.95,-6.57,-6.57,desvio,abaixo,baixa,2,fallback (60d recentes),3.5
PT0002000107046231FW,12,0.0,fim_semana,2.0,33.5,3.54,-8.91,-8.91,desvio,abaixo,baixa,2,fallback (60d recentes),3.5
PT0002000107046231FW,13,0.0,fim_semana,2.0,37.0,11.31,-3.09,-3.09,normal,abaixo,baixa,2,fallback (60d recentes),3.5
PT0002000107046231FW,14,0.0,fim_semana,3.0,29.5,2.95,-8.98,-8.98,desvio,abaixo,baixa,2,fallback (60d recentes),3.5
PT0002000107046231FW,15,0.0,fim_semana,3.0,26.5,2.65,-8.87,-8.87,desvio,abaixo,baixa,2,fallback (60d recentes),3.5
PT0002000107046231FW,16,0.0,fim_semana,2.0,22.5,2.25,-9.11,-9.11,desvio,abaixo,baixa,2,fallback (60d recentes),3.5
PT0002000107046231FW,17,0.0,fim_semana,3.0,13.5,4.95,-2.12,-2.12,normal,abaixo,baixa,2,fallback (60d recentes),3.5
PT0002000107046231FW,18,0.0,fim_semana,2.0,4.5,2.12,-1.18,-1.18,normal,abaixo,baixa,2,fallback (60d recentes),3.5
PT0002000107046231FW,19,0.0,fim_semana,3.0,3.0,0.3,0.0,0.0,normal,abaixo,baixa,2,fallback (60d recentes),3.5
PT0002000107046231FW,20,0.0,fim_semana,2.0,3.0,0.3,-3.33,-3.33,normal,abaixo,baixa,2,fallback (60d recentes),3.5
PT0002000107046231FW,21,0.0,fim_semana,3.0,2.33,0.58,1.15,1.15,normal,acima,baixa,3,fallback (60d recentes),3.5
PT0002000107046231FW,22,0.0,fim_semana,3.0,2.67,0.58,0.58,0.58,normal,acima,baixa,3,fallback (60d recentes),3.5
PT0002000107046231FW,23,0.0,fim_semana,2.0,1.33,0.58,1.15,1.15,normal,acima,baixa,3,fallback (60d recentes),3.5
PT0002000107172384HT,0,1.0,fim_semana,35.0,30.5,3.54,1.27,1.27,normal,acima,baixa,2,fallback (60d recentes),3.5
PT0002000107172384HT,1,1.0,fim_semana,30.0,24.5,2.45,2.24,2.24,normal,acima,baixa,2,fallback (60d recentes),3.5
PT0002000107172384HT,2,1.0,fim_semana,21.0,23.5,2.35,-1.06,-1.06,normal,abaixo,baixa,2,fallback (60d recentes),3.5
PT0002000107172384HT,3,1.0,fim_semana,22.0,20.0,2.0,1.0,1.0,normal,acima,baixa,2,fallback (60d recentes),3.5
PT0002000107172384HT,4,1.0,fim_semana,19.0,23.0,2.3,-1.74,-1.74,normal,abaixo,baixa,2,fallback (60d recentes),3.5
PT0002000107172384HT,5,1.0,fim_semana,22.0,20.0,2.0,1.0,1.0,normal,acima,baixa,2,fallback (60d recentes),3.5
PT0002000107172384HT,6,1.0,fim_semana,20.0,19.5,1.95,0.26,0.26,normal,acima,baixa,2,fallback (60d recentes),3.5
PT0002000107172384HT,7,1.0,fim_semana,20.0,21.0,2.1,-0.48,-0.48,normal,abaixo,baixa,2,fallback (60d recentes),3.5
PT0002000107172384HT,8,1.0,fim_semana,21.0,20.0,2.0,0.5,0.5,normal,acima,baixa,2,fallback (60d recentes),3.5
PT0002000107172384HT,9,1.0,fim_semana,21.0,25.0,2.5,-1.6,-1.6,normal,abaixo,baixa,2,fallback (60d recentes),3.5
PT0002000107172384HT,10,1.0,fim_semana,22.0,30.0,8.49,-0.94,-0.94,normal,abaixo,baixa,2,fallback (60d recentes),3.5
PT0002000107172384HT,11,1.0,fim_semana,22.0,29.5,2.95,-2.54,-2.54,normal,abaixo,baixa,2,fallback (60d recentes),3.5
PT0002000107172384HT,12,1.0,fim_semana,24.0,31.5,3.15,-2.38,-2.38,normal,abaixo,baixa,2,fallback (60d recentes),3.5
PT0002000107172384HT,13,1.0,fim_semana,31.0,37.5,3.75,-1.73,-1.73,normal,abaixo,baixa,2,fallback (60d recentes),3.5
PT0002000107172384HT,14,1.0,fim_semana,30.0,52.5,27.58,-0.82,-0.82,normal,abaixo,baixa,2,fallback (60d recentes),3.5
PT0002000107172384HT,15,1.0,fim_semana,29.0,61.0,31.11,-1.03,-1.03,normal,abaixo,baixa,2,fallback (60d recentes),3.5
PT0002000107172384HT,16,1.0,fim_semana,31.0,45.5,19.09,-0.76,-0.76,normal,abaixo,baixa,2,fallback (60d recentes),3.5
PT0002000107172384HT,17,1.0,fim_semana,31.0,52.0,21.21,-0.99,-0.99,normal,abaixo,baixa,2,fallback (60d recentes),3.5
PT0002000107172384HT,18,1.0,fim_semana,39.0,50.0,25.46,-0.43,-0.43,normal,abaixo,baixa,2,fallback (60d recentes),3.5
PT0002000107172384HT,19,1.0,fim_semana,59.0,59.0,31.11,0.0,0.0,normal,abaixo,baixa,2,fallback (60d recentes),3.5
PT0002000107172384HT,20,1.0,fim_semana,51.0,51.0,5.1,0.0,0.0,normal,abaixo,baixa,2,fallback (60d recentes),3.5
PT0002000107172384HT,21,1.0,fim_semana,55.0,44.33,13.05,0.82,0.82,normal,acima,baixa,3,fallback (60d recentes),3.5
PT0002000107172384HT,22,1.0,fim_semana,44.0,38.67,3.87,1.38,1.38,normal,acima,baixa,3,fallback (60d recentes),3.5
PT0002000107172384HT,23,1.0,fim_semana,38.0,35.33,3.53,0.75,0.75,normal,acima,baixa,3,fallback (60d recentes),3.5
PT0002000109837807PE,0,1.0,fim_semana,6.0,6.5,0.71,-0.71,-0.71,normal,abaixo,baixa,2,fallback (60d recentes),3.5
PT0002000109837807PE,1,1.0,fim_semana,7.0,7.0,0.7,0.0,0.0,normal,abaixo,baixa,2,fallback (60d recentes),3.5
PT0002000109837807PE,2,1.0,fim_semana,7.0,7.0,0.7,0.0,0.0,normal,abaixo,baixa,2,fallback (60d recentes),3.5
PT0002000109837807PE,3,1.0,fim_semana,7.0,7.0,0.7,0.0,0.0,normal,abaixo,baixa,2,fallback (60d recentes),3.5
PT0002000109837807PE,4,1.0,fim_semana,6.0,6.0,0.6,0.0,0.0,normal,abaixo,baixa,2,fallback (60d recentes),3.5
PT0002000109837807PE,5,1.0,fim_semana,4.0,3.0,0.3,3.33,3.33,normal,acima,baixa,2,fallback (60d recentes),3.5
PT0002000109837807PE,6,1.0,fim_semana,3.0,4.0,0.4,-2.5,-2.5,normal,abaixo,baixa,2,fallback (60d recentes),3.5
PT0002000109837807PE,7,1.0,fim_semana,4.0,3.0,0.3,3.33,3.33,normal,acima,baixa,2,fallback (60d recentes),3.5
PT0002000109837807PE,8,1.0,fim_semana,3.0,3.5,0.71,-0.71,-0.71,normal,abaixo,baixa,2,fallback (60d recentes),3.5
PT0002000109837807PE,9,1.0,fim_semana,5.0,3.5,0.71,2.12,2.12,normal,acima,baixa,2,fallback (60d recentes),3.5
PT0002000109837807PE,10,1.0,fim_semana,14.0,3.5,0.71,10.0,14.85,desvio,acima,baixa,2,fallback (60d recentes),3.5
PT0002000109837807PE,11,1.0,fim_semana,8.0,3.5,0.71,6.36,6.36,desvio,acima,baixa,2,fallback (60d recentes),3.5
PT0002000109837807PE,12,1.0,fim_semana,4.0,3.5,0.71,0.71,0.71,normal,acima,baixa,2,fallback (60d recentes),3.5
PT0002000109837807PE,13,1.0,fim_semana,4.0,3.5,0.71,0.71,0.71,normal,acima,baixa,2,fallback (60d recentes),3.5
PT0002000109837807PE,14,1.0,fim_semana,3.0,3.0,0.3,0.0,0.0,normal,abaixo,baixa,2,fallback (60d recentes),3.5
PT0002000109837807PE,15,1.0,fim_semana,4.0,4.0,0.4,0.0,0.0,normal,abaixo,baixa,2,fallback (60d recentes),3.5
PT0002000109837807PE,16,1.0,fim_semana,4.0,3.5,0.71,0.71,0.71,normal,acima,baixa,2,fallback (60d recentes),3.5
PT0002000109837807PE,17,1.0,fim_semana,3.0,3.5,0.71,-0.71,-0.71,normal,abaixo,baixa,2,fallback (60d recentes),3.5
PT0002000109837807PE,18,1.0,fim_semana,4.0,17.5,10.61,-1.27,-1.27,normal,abaixo,baixa,2,fallback (60d recentes),3.5
PT0002000109837807PE,19,1.0,fim_semana,5.0,24.0,8.49,-2.24,-2.24,normal,abaixo,baixa,2,fallback (60d recentes),3.5
PT0002000109837807PE,20,1.0,fim_semana,7.0,22.0,4.24,-3.54,-3.54,desvio,abaixo,baixa,2,fallback (60d recentes),3.5
PT0002000109837807PE,21,1.0,fim_semana,7.0,11.33,6.03,-0.72,-0.72,normal,abaixo,baixa,3,fallback (60d recentes),3.5
PT0002000109837807PE,22,1.0,fim_semana,7.0,7.0,0.7,0.0,0.0,normal,abaixo,baixa,3,fallback (60d recentes),3.5
PT0002000109837807PE,23,1.0,fim_semana,7.0,7.0,0.7,0.0,0.0,normal,abaixo,baixa,3,fallback (60d recentes),3.5
PT0002000110090564GD,0,1.0,fim_semana,5.0,4.5,0.71,0.71,0.71,normal,acima,baixa,2,fallback (60d recentes),3.5
PT0002000110090564GD,1,1.0,fim_semana,5.0,5.0,0.5,0.0,0.0,normal,abaixo,baixa,2,fallback (60d recentes),3.5
PT0002000110090564GD,2,1.0,fim_semana,4.0,5.0,0.5,-2.0,-2.0,normal,abaixo,baixa,2,fallback (60d recentes),3.5
PT0002000110090564GD,3,1.0,fim_semana,5.0,4.5,0.71,0.71,0.71,normal,acima,baixa,2,fallback (60d recentes),3.5
PT0002000110090564GD,4,1.0,fim_semana,5.0,4.5,0.71,0.71,0.71,normal,acima,baixa,2,fallback (60d recentes),3.5
PT0002000110090564GD,5,1.0,fim_semana,4.0,5.0,0.5,-2.0,-2.0,normal,abaixo,baixa,2,fallback (60d recentes),3.5
PT0002000110090564GD,6,1.0,fim_semana,5.0,5.0,0.5,0.0,0.0,normal,abaixo,baixa,2,fallback (60d recentes),3.5
PT0002000110090564GD,7,1.0,fim_semana,5.0,4.5,0.71,0.71,0.71,normal,acima,baixa,2,fallback (60d recentes),3.5
PT0002000110090564GD,8,1.0,fim_semana,5.0,4.5,0.71,0.71,0.71,normal,acima,baixa,2,fallback (60d recentes),3.5
PT0002000110090564GD,9,1.0,fim_semana,4.0,6.0,0.6,-3.33,-3.33,normal,abaixo,baixa,2,fallback (60d recentes),3.5
PT0002000110090564GD,10,1.0,fim_semana,5.0,6.0,0.6,-1.67,-1.67,normal,abaixo,baixa,2,fallback (60d recentes),3.5
PT0002000110090564GD,11,1.0,fim_semana,6.0,6.5,0.71,-0.71,-0.71,normal,abaixo,baixa,2,fallback (60d recentes),3.5
PT0002000110090564GD,12,1.0,fim_semana,4.0,6.0,0.6,-3.33,-3.33,normal,abaixo,baixa,2,fallback (60d recentes),3.5
PT0002000110090564GD,13,1.0,fim_semana,5.0,6.0,0.6,-1.67,-1.67,normal,abaixo,baixa,2,fallback (60d recentes),3.5
PT0002000110090564GD,14,1.0,fim_semana,5.0,6.0,0.6,-1.67,-1.67,normal,abaixo,baixa,2,fallback (60d recentes),3.5
PT0002000110090564GD,15,1.0,fim_semana,5.0,6.0,0.6,-1.67,-1.67,normal,abaixo,baixa,2,fallback (60d recentes),3.5
PT0002000110090564GD,16,1.0,fim_semana,5.0,5.5,0.71,-0.71,-0.71,normal,abaixo,baixa,2,fallback (60d recentes),3.5
PT0002000110090564GD,17,1.0,fim_semana,4.0,6.0,1.41,-1.41,-1.41,normal,abaixo,baixa,2,fallback (60d recentes),3.5
PT0002000110090564GD,18,1.0,fim_semana,5.0,13.0,11.31,-0.71,-0.71,normal,abaixo,baixa,2,fallback (60d recentes),3.5
PT0002000110090564GD,19,1.0,fim_semana,5.0,14.0,11.31,-0.8,-0.8,normal,abaixo,baixa,2,fallback (60d recentes),3.5
PT0002000110090564GD,20,1.0,fim_semana,5.0,13.5,10.61,-0.8,-0.8,normal,abaixo,baixa,2,fallback (60d recentes),3.5
PT0002000110090564GD,21,1.0,fim_semana,4.0,8.0,5.2,-0.77,-0.77,normal,abaixo,baixa,3,fallback (60d recentes),3.5
PT0002000110090564GD,22,1.0,fim_semana,5.0,4.33,0.58,1.15,1.15,normal,acima,baixa,3,fallback (60d recentes),3.5
PT0002000110090564GD,23,1.0,fim_semana,5.0,5.0,0.5,0.0,0.0,normal,abaixo,baixa,3,fallback (60d recentes),3.5
PT0002000110607652SB,0,0.0,fim_semana,8.0,10.0,2.83,-0.71,-0.71,normal,abaixo,baixa,2,fallback (60d recentes),3.5
PT0002000110607652SB,1,0.0,fim_semana,8.0,8.0,0.8,0.0,0.0,normal,abaixo,baixa,2,fallback (60d recentes),3.5
PT0002000110607652SB,2,0.0,fim_semana,8.0,8.0,0.8,0.0,0.0,normal,abaixo,baixa,2,fallback (60d recentes),3.5
PT0002000110607652SB,3,0.0,fim_semana,8.0,8.0,0.8,0.0,0.0,normal,abaixo,baixa,2,fallback (60d recentes),3.5
PT0002000110607652SB,4,0.0,fim_semana,8.0,8.0,0.8,0.0,0.0,normal,abaixo,baixa,2,fallback (60d recentes),3.5
PT0002000110607652SB,5,0.0,fim_semana,8.0,8.0,0.8,0.0,0.0,normal,abaixo,baixa,2,fallback (60d recentes),3.5
PT0002000110607652SB,6,0.0,fim_semana,8.0,8.0,0.8,0.0,0.0,normal,abaixo,baixa,2,fallback (60d recentes),3.5
PT0002000110607652SB,7,0.0,fim_semana,8.0,18.0,2.83,-3.54,-3.54,desvio,abaixo,baixa,2,fallback (60d recentes),3.5
PT0002000110607652SB,8,0.0,fim_semana,20.0,46.0,4.6,-5.65,-5.65,desvio,abaixo,baixa,2,fallback (60d recentes),3.5
PT0002000110607652SB,9,0.0,fim_semana,28.0,48.0,5.66,-3.54,-3.54,desvio,abaixo,baixa,2,fallback (60d recentes),3.5
PT0002000110607652SB,10,0.0,fim_semana,28.0,52.0,11.31,-2.12,-2.12,normal,abaixo,baixa,2,fallback (60d recentes),3.5
PT0002000110607652SB,11,0.0,fim_semana,20.0,56.0,5.6,-6.43,-6.43,desvio,abaixo,baixa,2,fallback (60d recentes),3.5
PT0002000110607652SB,12,0.0,fim_semana,16.0,72.0,7.2,-7.78,-7.78,desvio,abaixo,baixa,2,fallback (60d recentes),3.5
PT0002000110607652SB,13,0.0,fim_semana,16.0,76.0,7.6,-7.89,-7.89,desvio,abaixo,baixa,2,fallback (60d recentes),3.5
PT0002000110607652SB,14,0.0,fim_semana,12.0,82.0,8.2,-8.54,-8.54,desvio,abaixo,baixa,2,fallback (60d recentes),3.5
PT0002000110607652SB,15,0.0,fim_semana,20.0,80.0,8.0,-7.5,-7.5,desvio,abaixo,baixa,2,fallback (60d recentes),3.5
PT0002000110607652SB,16,0.0,fim_semana,16.0,78.0,7.8,-7.95,-7.95,desvio,abaixo,baixa,2,fallback (60d recentes),3.5
PT0002000110607652SB,17,0.0,fim_semana,16.0,80.0,8.0,-8.0,-8.0,desvio,abaixo,baixa,2,fallback (60d recentes),3.5
PT0002000110607652SB,18,0.0,fim_semana,16.0,66.0,6.6,-7.58,-7.58,desvio,abaixo,baixa,2,fallback (60d recentes),3.5
PT0002000110607652SB,19,0.0,fim_semana,16.0,58.0,5.8,-7.24,-7.24,desvio,abaixo,baixa,2,fallback (60d recentes),3.5
PT0002000110607652SB,20,0.0,fim_semana,16.0,10.0,2.83,2.12,2.12,normal,acima,baixa,2,fallback (60d recentes),3.5
PT0002000110607652SB,21,0.0,fim_semana,16.0,8.0,0.8,10.0,10.0,desvio,acima,baixa,3,fallback (60d recentes),3.5
PT0002000110607652SB,22,0.0,fim_semana,12.0,9.33,2.31,1.15,1.15,normal,acima,baixa,3,fallback (60d recentes),3.5
PT0002000110607652SB,23,0.0,fim_semana,16.0,8.0,0.8,10.0,10.0,desvio,acima,baixa,3,fallback (60d recentes),3.5
PT0002000110814293YC,0,,fim_semana,38.0,40.0,4.0,-0.5,-0.5,normal,abaixo,baixa,2,fallback (60d recentes),3.5
PT0002000110814293YC,1,,fim_semana,42.0,38.5,3.85,0.91,0.91,normal,acima,baixa,2,fallback (60d recentes),3.5
PT0002000110814293YC,2,,fim_semana,39.0,38.0,3.8,0.26,0.26,normal,acima,baixa,2,fallback (60d recentes),3.5
PT0002000110814293YC,3,,fim_semana,40.0,38.5,6.36,0.24,0.24,normal,acima,baixa,2,fallback (60d recentes),3.5
PT0002000110814293YC,4,,fim_semana,38.0,38.0,5.66,0.0,0.0,normal,abaixo,baixa,2,fallback (60d recentes),3.5
PT0002000110814293YC,5,,fim_semana,39.0,37.0,8.49,0.24,0.24,normal,acima,baixa,2,fallback (60d recentes),3.5
PT0002000110814293YC,6,,fim_semana,40.0,35.5,6.36,0.71,0.71,normal,acima,baixa,2,fallback (60d recentes),3.5
PT0002000110814293YC,7,,fim_semana,38.0,39.5,7.78,-0.19,-0.19,normal,abaixo,baixa,2,fallback (60d recentes),3.5
PT0002000110814293YC,8,,fim_semana,43.0,47.0,7.07,-0.57,-0.57,normal,abaixo,baixa,2,fallback (60d recentes),3.5
PT0002000110814293YC,9,,fim_semana,40.0,51.5,9.19,-1.25,-1.25,normal,abaixo,baixa,2,fallback (60d recentes),3.5
PT0002000110814293YC,10,,fim_semana,52.0,57.5,5.75,-0.96,-0.96,normal,abaixo,baixa,2,fallback (60d recentes),3.5
PT0002000110814293YC,11,,fim_semana,52.0,62.0,6.2,-1.61,-1.61,normal,abaixo,baixa,2,fallback (60d recentes),3.5
PT0002000110814293YC,12,,fim_semana,53.0,61.0,6.1,-1.31,-1.31,normal,abaixo,baixa,2,fallback (60d recentes),3.5
PT0002000110814293YC,13,,fim_semana,63.0,62.5,6.25,0.08,0.08,normal,acima,baixa,2,fallback (60d recentes),3.5
PT0002000110814293YC,14,,fim_semana,54.0,62.0,6.2,-1.29,-1.29,normal,abaixo,baixa,2,fallback (60d recentes),3.5
PT0002000110814293YC,15,,fim_semana,64.0,66.5,7.78,-0.32,-0.32,normal,abaixo,baixa,2,fallback (60d recentes),3.5
PT0002000110814293YC,16,,fim_semana,54.0,66.5,7.78,-1.61,-1.61,normal,abaixo,baixa,2,fallback (60d recentes),3.5
PT0002000110814293YC,17,,fim_semana,53.0,65.0,8.49,-1.41,-1.41,normal,abaixo,baixa,2,fallback (60d recentes),3.5
PT0002000110814293YC,18,,fim_semana,53.0,58.0,5.8,-0.86,-0.86,normal,abaixo,baixa,2,fallback (60d recentes),3.5
PT0002000110814293YC,19,,fim_semana,52.0,55.5,5.55,-0.63,-0.63,normal,abaixo,baixa,2,fallback (60d recentes),3.5
PT0002000110814293YC,20,,fim_semana,50.0,39.5,3.95,2.66,2.66,normal,acima,baixa,2,fallback (60d recentes),3.5
PT0002000110814293YC,21,,fim_semana,38.0,40.33,9.07,-0.26,-0.26,normal,abaixo,baixa,3,fallback (60d recentes),3.5
PT0002000110814293YC,22,,fim_semana,48.0,40.33,4.03,1.9,1.9,normal,acima,baixa,3,fallback (60d recentes),3.5
PT0002000110814293YC,23,,fim_semana,42.0,41.33,4.13,0.16,0.16,normal,acima,baixa,3,fallback (60d recentes),3.5
PT0002000111572054VT,0,,fim_semana,19.0,19.0,1.9,0.0,0.0,normal,abaixo,baixa,2,fallback (60d recentes),3.5
PT0002000111572054VT,1,,fim_semana,18.0,19.0,1.9,-0.53,-0.53,normal,abaixo,baixa,2,fallback (60d recentes),3.5
PT0002000111572054VT,2,,fim_semana,18.0,18.0,1.8,0.0,0.0,normal,abaixo,baixa,2,fallback (60d recentes),3.5
PT0002000111572054VT,3,,fim_semana,18.0,18.0,1.8,0.0,0.0,normal,abaixo,baixa,2,fallback (60d recentes),3.5
PT0002000111572054VT,4,,fim_semana,17.0,18.0,1.8,-0.56,-0.56,normal,abaixo,baixa,2,fallback (60d recentes),3.5
PT0002000111572054VT,5,,fim_semana,19.0,18.5,1.85,0.27,0.27,normal,acima,baixa,2,fallback (60d recentes),3.5
PT0002000111572054VT,6,,fim_semana,17.0,18.0,1.8,-0.56,-0.56,normal,abaixo,baixa,2,fallback (60d recentes),3.5
PT0002000111572054VT,7,,fim_semana,16.0,20.0,2.0,-2.0,-2.0,normal,abaixo,baixa,2,fallback (60d recentes),3.5
PT0002000111572054VT,8,,fim_semana,11.0,34.0,3.4,-6.76,-6.76,desvio,abaixo,baixa,2,fallback (60d recentes),3.5
PT0002000111572054VT,9,,fim_semana,5.0,29.0,2.9,-8.28,-8.28,desvio,abaixo,baixa,2,fallback (60d recentes),3.5
PT0002000111572054VT,10,,fim_semana,2.0,24.0,2.83,-7.78,-7.78,desvio,abaixo,baixa,2,fallback (60d recentes),3.5
PT0002000111572054VT,11,,fim_semana,2.0,20.0,2.0,-9.0,-9.0,desvio,abaixo,baixa,2,fallback (60d recentes),3.5
PT0002000111572054VT,12,,fim_semana,0.0,37.5,21.92,-1.71,-1.71,normal,abaixo,baixa,2,fallback (60d recentes),3.5
PT0002000111572054VT,13,,fim_semana,0.0,23.5,4.95,-4.75,-4.75,desvio,abaixo,baixa,2,fallback (60d recentes),3.5
PT0002000111572054VT,14,,fim_semana,0.0,39.5,23.33,-1.69,-1.69,normal,abaixo,baixa,2,fallback (60d recentes),3.5
PT0002000111572054VT,15,,fim_semana,0.0,31.5,7.78,-4.05,-4.05,desvio,abaixo,baixa,2,fallback (60d recentes),3.5
PT0002000111572054VT,16,,fim_semana,1.0,28.5,3.54,-7.78,-7.78,desvio,abaixo,baixa,2,fallback (60d recentes),3.5
PT0002000111572054VT,17,,fim_semana,3.0,26.0,2.6,-8.85,-8.85,desvio,abaixo,baixa,2,fallback (60d recentes),3.5
PT0002000111572054VT,18,,fim_semana,8.0,33.5,3.35,-7.61,-7.61,desvio,abaixo,baixa,2,fallback (60d recentes),3.5
PT0002000111572054VT,19,,fim_semana,16.0,32.0,3.2,-5.0,-5.0,desvio,abaixo,baixa,2,fallback (60d recentes),3.5
PT0002000111572054VT,20,,fim_semana,17.0,21.0,4.24,-0.94,-0.94,normal,abaixo,baixa,2,fallback (60d recentes),3.5
PT0002000111572054VT,21,,fim_semana,17.0,17.33,2.89,-0.12,-0.12,normal,abaixo,baixa,3,fallback (60d recentes),3.5
PT0002000111572054VT,22,,fim_semana,18.0,19.0,1.9,-0.53,-0.53,normal,abaixo,baixa,3,fallback (60d recentes),3.5
PT0002000111572054VT,23,,fim_semana,18.0,18.33,1.83,-0.18,-0.18,normal,abaixo,baixa,3,fallback (60d recentes),3.5
PT0002000112989585PH,0,0.0,fim_semana,42.0,48.0,4.8,-1.25,-1.25,normal,abaixo,baixa,2,fallback (60d recentes),3.5
PT0002000112989585PH,1,0.0,fim_semana,42.0,48.0,4.8,-1.25,-1.25,normal,abaixo,baixa,2,fallback (60d recentes),3.5
PT0002000112989585PH,2,0.0,fim_semana,42.0,47.5,4.75,-1.16,-1.16,normal,abaixo,baixa,2,fallback (60d recentes),3.5
PT0002000112989585PH,3,0.0,fim_semana,41.0,48.5,4.85,-1.55,-1.55,normal,abaixo,baixa,2,fallback (60d recentes),3.5
PT0002000112989585PH,4,0.0,fim_semana,42.0,47.5,4.75,-1.16,-1.16,normal,abaixo,baixa,2,fallback (60d recentes),3.5
PT0002000112989585PH,5,0.0,fim_semana,42.0,47.5,4.75,-1.16,-1.16,normal,abaixo,baixa,2,fallback (60d recentes),3.5
PT0002000112989585PH,6,0.0,fim_semana,40.0,46.5,4.65,-1.4,-1.4,normal,abaixo,baixa,2,fallback (60d recentes),3.5
PT0002000112989585PH,7,0.0,fim_semana,29.0,51.5,5.15,-4.37,-4.37,desvio,abaixo,baixa,2,fallback (60d recentes),3.5
PT0002000112989585PH,8,0.0,fim_semana,12.0,53.0,8.49,-4.83,-4.83,desvio,abaixo,baixa,2,fallback (60d recentes),3.5
PT0002000112989585PH,9,0.0,fim_semana,1.0,21.0,21.21,-0.94,-0.94,normal,abaixo,baixa,2,fallback (60d recentes),3.5
PT0002000112989585PH,10,0.0,fim_semana,0.0,14.5,13.44,-1.08,-1.08,normal,abaixo,baixa,2,fallback (60d recentes),3.5
PT0002000112989585PH,11,0.0,fim_semana,0.0,2.5,0.71,-3.54,-3.54,desvio,abaixo,baixa,2,fallback (60d recentes),3.5
PT0002000112989585PH,12,0.0,fim_semana,0.0,1.5,2.12,-0.71,-0.71,normal,abaixo,baixa,2,fallback (60d recentes),3.5
PT0002000112989585PH,13,0.0,fim_semana,0.0,0.5,0.71,-0.71,-0.71,normal,abaixo,baixa,2,fallback (60d recentes),3.5
PT0002000112989585PH,14,0.0,fim_semana,0.0,0.0,0.3,0.0,0.0,normal,abaixo,baixa,2,fallback (60d recentes),3.5
PT0002000112989585PH,15,0.0,fim_semana,0.0,0.0,0.3,0.0,0.0,normal,abaixo,baixa,2,fallback (60d recentes),3.5
PT0002000112989585PH,16,0.0,fim_semana,0.0,0.0,0.3,0.0,0.0,normal,abaixo,baixa,2,fallback (60d recentes),3.5
PT0002000112989585PH,17,0.0,fim_semana,0.0,8.0,2.83,-2.83,-2.83,normal,abaixo,baixa,2,fallback (60d recentes),3.5
PT0002000112989585PH,18,0.0,fim_semana,10.0,39.0,7.07,-4.1,-4.1,desvio,abaixo,baixa,2,fallback (60d recentes),3.5
PT0002000112989585PH,19,0.0,fim_semana,32.0,59.0,5.9,-4.58,-4.58,desvio,abaixo,baixa,2,fallback (60d recentes),3.5
PT0002000112989585PH,20,0.0,fim_semana,39.0,53.0,5.3,-2.64,-2.64,normal,abaixo,baixa,2,fallback (60d recentes),3.5
PT0002000112989585PH,21,0.0,fim_semana,42.0,41.67,7.02,0.05,0.05,normal,acima,baixa,3,fallback (60d recentes),3.5
PT0002000112989585PH,22,0.0,fim_semana,42.0,45.33,4.53,-0.74,-0.74,normal,abaixo,baixa,3,fallback (60d recentes),3.5
PT0002000112989585PH,23,0.0,fim_semana,42.0,45.67,4.57,-0.8,-0.8,normal,abaixo,baixa,3,fallback (60d recentes),3.5
PT0002000114613364CC,0,,fim_semana,116.0,119.5,11.95,-0.29,-0.29,normal,abaixo,baixa,2,fallback (60d recentes),3.5
PT0002000114613364CC,1,,fim_semana,114.0,119.0,11.9,-0.42,-0.42,normal,abaixo,baixa,2,fallback (60d recentes),3.5
PT0002000114613364CC,2,,fim_semana,114.0,120.0,12.0,-0.5,-0.5,normal,abaixo,baixa,2,fallback (60d recentes),3.5
PT0002000114613364CC,3,,fim_semana,115.0,119.5,11.95,-0.38,-0.38,normal,abaixo,baixa,2,fallback (60d recentes),3.5
PT0002000114613364CC,4,,fim_semana,119.0,122.0,12.2,-0.25,-0.25,normal,abaixo,baixa,2,fallback (60d recentes),3.5
PT0002000114613364CC,5,,fim_semana,117.0,119.5,11.95,-0.21,-0.21,normal,abaixo,baixa,2,fallback (60d recentes),3.5
PT0002000114613364CC,6,,fim_semana,118.0,120.0,12.0,-0.17,-0.17,normal,abaixo,baixa,2,fallback (60d recentes),3.5
PT0002000114613364CC,7,,fim_semana,118.0,137.0,13.7,-1.39,-1.39,normal,abaixo,baixa,2,fallback (60d recentes),3.5
PT0002000114613364CC,8,,fim_semana,128.0,164.5,16.45,-2.22,-2.22,normal,abaixo,baixa,2,fallback (60d recentes),3.5
PT0002000114613364CC,9,,fim_semana,131.0,192.0,19.2,-3.18,-3.18,normal,abaixo,baixa,2,fallback (60d recentes),3.5
PT0002000114613364CC,10,,fim_semana,135.0,193.0,19.3,-3.01,-3.01,normal,abaixo,baixa,2,fallback (60d recentes),3.5
PT0002000114613364CC,11,,fim_semana,138.0,204.0,20.4,-3.24,-3.24,normal,abaixo,baixa,2,fallback (60d recentes),3.5
PT0002000114613364CC,12,,fim_semana,129.0,196.0,19.6,-3.42,-3.42,normal,abaixo,baixa,2,fallback (60d recentes),3.5
PT0002000114613364CC,13,,fim_semana,119.0,183.5,18.35,-3.51,-3.51,desvio,abaixo,baixa,2,fallback (60d recentes),3.5
PT0002000114613364CC,14,,fim_semana,118.0,188.5,18.85,-3.74,-3.74,desvio,abaixo,baixa,2,fallback (60d recentes),3.5
PT0002000114613364CC,15,,fim_semana,119.0,192.5,19.25,-3.82,-3.82,desvio,abaixo,baixa,2,fallback (60d recentes),3.5
PT0002000114613364CC,16,,fim_semana,117.0,184.0,28.28,-2.37,-2.37,normal,abaixo,baixa,2,fallback (60d recentes),3.5
PT0002000114613364CC,17,,fim_semana,118.0,167.5,16.75,-2.96,-2.96,normal,abaixo,baixa,2,fallback (60d recentes),3.5
PT0002000114613364CC,18,,fim_semana,118.0,160.0,16.0,-2.62,-2.62,normal,abaixo,baixa,2,fallback (60d recentes),3.5
PT0002000114613364CC,19,,fim_semana,117.0,148.5,14.85,-2.12,-2.12,normal,abaixo,baixa,2,fallback (60d recentes),3.5
PT0002000114613364CC,20,,fim_semana,113.0,135.0,13.5,-1.63,-1.63,normal,abaixo,baixa,2,fallback (60d recentes),3.5
PT0002000114613364CC,21,,fim_semana,114.0,115.0,23.9,-0.04,-0.04,normal,abaixo,baixa,3,fallback (60d recentes),3.5
PT0002000114613364CC,22,,fim_semana,113.0,116.33,11.63,-0.29,-0.29,normal,abaixo,baixa,3,fallback (60d recentes),3.5
PT0002000114613364CC,23,,fim_semana,112.0,117.33,11.73,-0.45,-0.45,normal,abaixo,baixa,3,fallback (60d recentes),3.5
PT0002000114685657JR,0,0.0,fim_semana,164.0,165.5,16.55,-0.09,-0.09,normal,abaixo,baixa,2,fallback (60d recentes),3.5
PT0002000114685657JR,1,0.0,fim_semana,163.0,165.0,16.5,-0.12,-0.12,normal,abaixo,baixa,2,fallback (60d recentes),3.5
PT0002000114685657JR,2,0.0,fim_semana,165.0,161.5,16.15,0.22,0.22,normal,acima,baixa,2,fallback (60d recentes),3.5
PT0002000114685657JR,3,0.0,fim_semana,161.0,157.5,15.75,0.22,0.22,normal,acima,baixa,2,fallback (60d recentes),3.5
PT0002000114685657JR,4,0.0,fim_semana,156.0,158.5,15.85,-0.16,-0.16,normal,abaixo,baixa,2,fallback (60d recentes),3.5
PT0002000114685657JR,5,0.0,fim_semana,155.0,155.5,15.55,-0.03,-0.03,normal,abaixo,baixa,2,fallback (60d recentes),3.5
PT0002000114685657JR,6,0.0,fim_semana,152.0,180.0,18.0,-1.56,-1.56,normal,abaixo,baixa,2,fallback (60d recentes),3.5
PT0002000114685657JR,7,0.0,fim_semana,154.0,211.5,21.15,-2.72,-2.72,normal,abaixo,baixa,2,fallback (60d recentes),3.5
PT0002000114685657JR,8,0.0,fim_semana,159.0,226.5,22.65,-2.98,-2.98,normal,abaixo,baixa,2,fallback (60d recentes),3.5
PT0002000114685657JR,9,0.0,fim_semana,170.0,243.5,24.35,-3.02,-3.02,normal,abaixo,baixa,2,fallback (60d recentes),3.5
PT0002000114685657JR,10,0.0,fim_semana,180.0,254.5,25.45,-2.93,-2.93,normal,abaixo,baixa,2,fallback (60d recentes),3.5
PT0002000114685657JR,11,0.0,fim_semana,181.0,258.5,25.85,-3.0,-3.0,normal,abaixo,baixa,2,fallback (60d recentes),3.5
PT0002000114685657JR,12,0.0,fim_semana,161.0,240.5,24.05,-3.31,-3.31,normal,abaixo,baixa,2,fallback (60d recentes),3.5
PT0002000114685657JR,13,0.0,fim_semana,161.0,245.5,24.55,-3.44,-3.44,normal,abaixo,baixa,2,fallback (60d recentes),3.5
PT0002000114685657JR,14,0.0,fim_semana,163.0,253.5,25.35,-3.57,-3.57,desvio,abaixo,baixa,2,fallback (60d recentes),3.5
PT0002000114685657JR,15,0.0,fim_semana,168.0,255.5,25.55,-3.42,-3.42,normal,abaixo,baixa,2,fallback (60d recentes),3.5
PT0002000114685657JR,16,0.0,fim_semana,160.0,257.5,26.16,-3.73,-3.73,desvio,abaixo,baixa,2,fallback (60d recentes),3.5
PT0002000114685657JR,17,0.0,fim_semana,161.0,244.0,24.4,-3.4,-3.4,normal,abaixo,baixa,2,fallback (60d recentes),3.5
PT0002000114685657JR,18,0.0,fim_semana,160.0,231.0,23.1,-3.07,-3.07,normal,abaixo,baixa,2,fallback (60d recentes),3.5
PT0002000114685657JR,19,0.0,fim_semana,167.0,227.0,22.7,-2.64,-2.64,normal,abaixo,baixa,2,fallback (60d recentes),3.5
PT0002000114685657JR,20,0.0,fim_semana,166.0,214.5,21.45,-2.26,-2.26,normal,abaixo,baixa,2,fallback (60d recentes),3.5
PT0002000114685657JR,21,0.0,fim_semana,167.0,194.0,30.35,-0.89,-0.89,normal,abaixo,baixa,3,fallback (60d recentes),3.5
PT0002000114685657JR,22,0.0,fim_semana,164.0,188.67,18.87,-1.31,-1.31,normal,abaixo,baixa,3,fallback (60d recentes),3.5
PT0002000114685657JR,23,0.0,fim_semana,167.0,180.0,18.0,-0.72,-0.72,normal,abaixo,baixa,3,fallback (60d recentes),3.5
PT0002000115031201VQ,0,0.0,fim_semana,6.0,7.5,0.75,-2.0,-2.0,normal,abaixo,baixa,2,fallback (60d recentes),3.5
PT0002000115031201VQ,1,0.0,fim_semana,3.0,5.0,0.5,-4.0,-4.0,desvio,abaixo,baixa,2,fallback (60d recentes),3.5
PT0002000115031201VQ,2,0.0,fim_semana,4.0,5.0,0.5,-2.0,-2.0,normal,abaixo,baixa,2,fallback (60d recentes),3.5
PT0002000115031201VQ,3,0.0,fim_semana,5.0,5.0,0.5,0.0,0.0,normal,abaixo,baixa,2,fallback (60d recentes),3.5
PT0002000115031201VQ,4,0.0,fim_semana,3.0,4.5,0.71,-2.12,-2.12,normal,abaixo,baixa,2,fallback (60d recentes),3.5
PT0002000115031201VQ,5,0.0,fim_semana,4.0,4.5,0.71,-0.71,-0.71,normal,abaixo,baixa,2,fallback (60d recentes),3.5
PT0002000115031201VQ,6,0.0,fim_semana,3.0,5.0,0.5,-4.0,-4.0,desvio,abaixo,baixa,2,fallback (60d recentes),3.5
PT0002000115031201VQ,7,0.0,fim_semana,3.0,8.0,0.8,-6.25,-6.25,desvio,abaixo,baixa,2,fallback (60d recentes),3.5
PT0002000115031201VQ,8,0.0,fim_semana,6.0,14.5,1.45,-5.86,-5.86,desvio,abaixo,baixa,2,fallback (60d recentes),3.5
PT0002000115031201VQ,9,0.0,fim_semana,4.0,21.0,2.83,-6.01,-6.01,desvio,abaixo,baixa,2,fallback (60d recentes),3.5
PT0002000115031201VQ,10,0.0,fim_semana,3.0,23.5,3.54,-5.8,-5.8,desvio,abaixo,baixa,2,fallback (60d recentes),3.5
PT0002000115031201VQ,11,0.0,fim_semana,3.0,40.0,4.0,-9.25,-9.25,desvio,abaixo,baixa,2,fallback (60d recentes),3.5
PT0002000115031201VQ,12,0.0,fim_semana,4.0,39.5,3.95,-8.99,-8.99,desvio,abaixo,baixa,2,fallback (60d recentes),3.5
PT0002000115031201VQ,13,0.0,fim_semana,4.0,39.5,3.95,-8.99,-8.99,desvio,abaixo,baixa,2,fallback (60d recentes),3.5
PT0002000115031201VQ,14,0.0,fim_semana,5.0,21.5,2.15,-7.67,-7.67,desvio,abaixo,baixa,2,fallback (60d recentes),3.5
PT0002000115031201VQ,15,0.0,fim_semana,3.0,18.5,1.85,-8.38,-8.38,desvio,abaixo,baixa,2,fallback (60d recentes),3.5
PT0002000115031201VQ,16,0.0,fim_semana,4.0,19.5,2.12,-7.31,-7.31,desvio,abaixo,baixa,2,fallback (60d recentes),3.5
PT0002000115031201VQ,17,0.0,fim_semana,3.0,16.5,3.54,-3.82,-3.82,desvio,abaixo,baixa,2,fallback (60d recentes),3.5
PT0002000115031201VQ,18,0.0,fim_semana,6.0,11.5,1.15,-4.78,-4.78,desvio,abaixo,baixa,2,fallback (60d recentes),3.5
PT0002000115031201VQ,19,0.0,fim_semana,6.0,7.5,0.75,-2.0,-2.0,normal,abaixo,baixa,2,fallback (60d recentes),3.5
PT0002000115031201VQ,20,0.0,fim_semana,6.0,6.5,0.71,-0.71,-0.71,normal,abaixo,baixa,2,fallback (60d recentes),3.5
PT0002000115031201VQ,21,0.0,fim_semana,6.0,6.67,2.08,-0.32,-0.32,normal,abaixo,baixa,3,fallback (60d recentes),3.5
PT0002000115031201VQ,22,0.0,fim_semana,5.0,7.0,1.0,-2.0,-2.0,normal,abaixo,baixa,3,fallback (60d recentes),3.5
PT0002000115031201VQ,23,0.0,fim_semana,6.0,6.67,0.67,-1.0,-1.0,normal,abaixo,baixa,3,fallback (60d recentes),3.5
PT0002000115673389QK,0,0.0,fim_semana,22.0,21.5,2.15,0.23,0.23,normal,acima,baixa,2,fallback (60d recentes),3.5
PT0002000115673389QK,1,0.0,fim_semana,22.0,20.5,2.12,0.71,0.71,normal,acima,baixa,2,fallback (60d recentes),3.5
PT0002000115673389QK,2,0.0,fim_semana,22.0,20.5,3.54,0.42,0.42,normal,acima,baixa,2,fallback (60d recentes),3.5
PT0002000115673389QK,3,0.0,fim_semana,22.0,20.5,3.54,0.42,0.42,normal,acima,baixa,2,fallback (60d recentes),3.5
PT0002000115673389QK,4,0.0,fim_semana,22.0,20.0,4.24,0.47,0.47,normal,acima,baixa,2,fallback (60d recentes),3.5
PT0002000115673389QK,5,0.0,fim_semana,21.0,18.5,3.54,0.71,0.71,normal,acima,baixa,2,fallback (60d recentes),3.5
PT0002000115673389QK,6,0.0,fim_semana,21.0,20.0,4.24,0.24,0.24,normal,acima,baixa,2,fallback (60d recentes),3.5
PT0002000115673389QK,7,0.0,fim_semana,22.0,26.5,2.65,-1.7,-1.7,normal,abaixo,baixa,2,fallback (60d recentes),3.5
PT0002000115673389QK,8,0.0,fim_semana,21.0,56.5,5.65,-6.28,-6.28,desvio,abaixo,baixa,2,fallback (60d recentes),3.5
PT0002000115673389QK,9,0.0,fim_semana,23.0,64.5,10.61,-3.91,-3.91,desvio,abaixo,baixa,2,fallback (60d recentes),3.5
PT0002000115673389QK,10,0.0,fim_semana,22.0,80.0,8.0,-7.25,-7.25,desvio,abaixo,baixa,2,fallback (60d recentes),3.5
PT0002000115673389QK,11,0.0,fim_semana,21.0,106.0,10.6,-8.02,-8.02,desvio,abaixo,baixa,2,fallback (60d recentes),3.5
PT0002000115673389QK,12,0.0,fim_semana,22.0,95.5,13.44,-5.47,-5.47,desvio,abaixo,baixa,2,fallback (60d recentes),3.5
PT0002000115673389QK,13,0.0,fim_semana,22.0,85.5,8.55,-7.43,-7.43,desvio,abaixo,baixa,2,fallback (60d recentes),3.5
PT0002000115673389QK,14,0.0,fim_semana,21.0,73.5,13.44,-3.91,-3.91,desvio,abaixo,baixa,2,fallback (60d recentes),3.5
PT0002000115673389QK,15,0.0,fim_semana,21.0,61.5,6.15,-6.59,-6.59,desvio,abaixo,baixa,2,fallback (60d recentes),3.5
PT0002000115673389QK,16,0.0,fim_semana,23.0,53.0,5.66,-5.3,-5.3,desvio,abaixo,baixa,2,fallback (60d recentes),3.5
PT0002000115673389QK,17,0.0,fim_semana,21.0,38.5,6.36,-2.75,-2.75,normal,abaixo,baixa,2,fallback (60d recentes),3.5
PT0002000115673389QK,18,0.0,fim_semana,21.0,27.5,3.54,-1.84,-1.84,normal,abaixo,baixa,2,fallback (60d recentes),3.5
PT0002000115673389QK,19,0.0,fim_semana,22.0,23.0,2.3,-0.43,-0.43,normal,abaixo,baixa,2,fallback (60d recentes),3.5
PT0002000115673389QK,20,0.0,fim_semana,22.0,22.5,2.25,-0.22,-0.22,normal,abaixo,baixa,2,fallback (60d recentes),3.5
PT0002000115673389QK,21,0.0,fim_semana,22.0,20.67,3.21,0.41,0.41,normal,acima,baixa,3,fallback (60d recentes),3.5
PT0002000115673389QK,22,0.0,fim_semana,22.0,22.33,2.23,-0.15,-0.15,normal,abaixo,baixa,3,fallback (60d recentes),3.5
PT0002000115673389QK,23,0.0,fim_semana,21.0,21.0,2.1,0.0,0.0,normal,abaixo,baixa,3,fallback (60d recentes),3.5
PT0002000115673471CB,0,0.0,fim_semana,18.0,22.5,2.25,-2.0,-2.0,normal,abaixo,baixa,2,fallback (60d recentes),3.5
PT0002000115673471CB,1,0.0,fim_semana,15.0,21.0,4.24,-1.41,-1.41,normal,abaixo,baixa,2,fallback (60d recentes),3.5
PT0002000115673471CB,2,0.0,fim_semana,12.0,17.5,1.75,-3.14,-3.14,normal,abaixo,baixa,2,fallback (60d recentes),3.5
PT0002000115673471CB,3,0.0,fim_semana,11.0,17.0,1.7,-3.53,-3.53,desvio,abaixo,baixa,2,fallback (60d recentes),3.5
PT0002000115673471CB,4,0.0,fim_semana,11.0,16.5,1.65,-3.33,-3.33,normal,abaixo,baixa,2,fallback (60d recentes),3.5
PT0002000115673471CB,5,0.0,fim_semana,15.0,17.0,1.7,-1.18,-1.18,normal,abaixo,baixa,2,fallback (60d recentes),3.5
PT0002000115673471CB,6,0.0,fim_semana,14.0,18.0,1.8,-2.22,-2.22,normal,abaixo,baixa,2,fallback (60d recentes),3.5
PT0002000115673471CB,7,0.0,fim_semana,11.0,41.0,4.24,-7.07,-7.07,desvio,abaixo,baixa,2,fallback (60d recentes),3.5
PT0002000115673471CB,8,0.0,fim_semana,11.0,47.5,4.75,-7.68,-7.68,desvio,abaixo,baixa,2,fallback (60d recentes),3.5
PT0002000115673471CB,9,0.0,fim_semana,11.0,52.0,5.2,-7.88,-7.88,desvio,abaixo,baixa,2,fallback (60d recentes),3.5
PT0002000115673471CB,10,0.0,fim_semana,12.0,51.5,5.15,-7.67,-7.67,desvio,abaixo,baixa,2,fallback (60d recentes),3.5
PT0002000115673471CB,11,0.0,fim_semana,13.0,53.5,5.35,-7.57,-7.57,desvio,abaixo,baixa,2,fallback (60d recentes),3.5
PT0002000115673471CB,12,0.0,fim_semana,11.0,71.0,7.1,-8.45,-8.45,desvio,abaixo,baixa,2,fallback (60d recentes),3.5
PT0002000115673471CB,13,0.0,fim_semana,12.0,48.5,6.36,-5.74,-5.74,desvio,abaixo,baixa,2,fallback (60d recentes),3.5
PT0002000115673471CB,14,0.0,fim_semana,11.0,37.5,6.36,-4.16,-4.16,desvio,abaixo,baixa,2,fallback (60d recentes),3.5
PT0002000115673471CB,15,0.0,fim_semana,11.0,32.0,4.24,-4.95,-4.95,desvio,abaixo,baixa,2,fallback (60d recentes),3.5
PT0002000115673471CB,16,0.0,fim_semana,12.0,24.0,4.24,-2.83,-2.83,normal,abaixo,baixa,2,fallback (60d recentes),3.5
PT0002000115673471CB,17,0.0,fim_semana,12.0,22.5,4.95,-2.12,-2.12,normal,abaixo,baixa,2,fallback (60d recentes),3.5
PT0002000115673471CB,18,0.0,fim_semana,12.0,23.5,6.36,-1.81,-1.81,normal,abaixo,baixa,2,fallback (60d recentes),3.5
PT0002000115673471CB,19,0.0,fim_semana,12.0,16.5,4.95,-0.91,-0.91,normal,abaixo,baixa,2,fallback (60d recentes),3.5
PT0002000115673471CB,20,0.0,fim_semana,13.0,15.5,1.55,-1.61,-1.61,normal,abaixo,baixa,2,fallback (60d recentes),3.5
PT0002000115673471CB,21,0.0,fim_semana,14.0,13.67,2.52,0.13,0.13,normal,acima,baixa,3,fallback (60d recentes),3.5
PT0002000115673471CB,22,0.0,fim_semana,14.0,15.33,1.53,-0.87,-0.87,normal,abaixo,baixa,3,fallback (60d recentes),3.5
PT0002000115673471CB,23,0.0,fim_semana,16.0,15.0,1.5,0.67,0.67,normal,acima,baixa,3,fallback (60d recentes),3.5
PT0002000115700602GW,0,0.0,fim_semana,8.0,9.5,0.95,-1.58,-1.58,normal,abaixo,baixa,2,fallback (60d recentes),3.5
PT0002000115700602GW,1,0.0,fim_semana,8.0,9.0,1.41,-0.71,-0.71,normal,abaixo,baixa,2,fallback (60d recentes),3.5
PT0002000115700602GW,2,0.0,fim_semana,8.0,9.5,0.95,-1.58,-1.58,normal,abaixo,baixa,2,fallback (60d recentes),3.5
PT0002000115700602GW,3,0.0,fim_semana,8.0,9.5,0.95,-1.58,-1.58,normal,abaixo,baixa,2,fallback (60d recentes),3.5
PT0002000115700602GW,4,0.0,fim_semana,8.0,9.5,0.95,-1.58,-1.58,normal,abaixo,baixa,2,fallback (60d recentes),3.5
PT0002000115700602GW,5,0.0,fim_semana,8.0,9.5,2.12,-0.71,-0.71,normal,abaixo,baixa,2,fallback (60d recentes),3.5
PT0002000115700602GW,6,0.0,fim_semana,8.0,9.5,0.95,-1.58,-1.58,normal,abaixo,baixa,2,fallback (60d recentes),3.5
PT0002000115700602GW,7,0.0,fim_semana,8.0,17.0,1.7,-5.29,-5.29,desvio,abaixo,baixa,2,fallback (60d recentes),3.5
PT0002000115700602GW,8,0.0,fim_semana,9.0,26.5,3.54,-4.95,-4.95,desvio,abaixo,baixa,2,fallback (60d recentes),3.5
PT0002000115700602GW,9,0.0,fim_semana,9.0,41.5,27.58,-1.18,-1.18,normal,abaixo,baixa,2,fallback (60d recentes),3.5
PT0002000115700602GW,10,0.0,fim_semana,8.0,48.0,14.14,-2.83,-2.83,normal,abaixo,baixa,2,fallback (60d recentes),3.5
PT0002000115700602GW,11,0.0,fim_semana,8.0,43.5,4.35,-8.16,-8.16,desvio,abaixo,baixa,2,fallback (60d recentes),3.5
PT0002000115700602GW,12,0.0,fim_semana,9.0,48.5,4.85,-8.14,-8.14,desvio,abaixo,baixa,2,fallback (60d recentes),3.5
PT0002000115700602GW,13,0.0,fim_semana,8.0,38.0,4.24,-7.07,-7.07,desvio,abaixo,baixa,2,fallback (60d recentes),3.5
PT0002000115700602GW,14,0.0,fim_semana,9.0,26.0,2.83,-6.01,-6.01,desvio,abaixo,baixa,2,fallback (60d recentes),3.5
PT0002000115700602GW,15,0.0,fim_semana,8.0,26.5,2.65,-6.98,-6.98,desvio,abaixo,baixa,2,fallback (60d recentes),3.5
PT0002000115700602GW,16,0.0,fim_semana,8.0,26.5,2.65,-6.98,-6.98,desvio,abaixo,baixa,2,fallback (60d recentes),3.5
PT0002000115700602GW,17,0.0,fim_semana,8.0,25.5,3.54,-4.95,-4.95,desvio,abaixo,baixa,2,fallback (60d recentes),3.5
PT0002000115700602GW,18,0.0,fim_semana,8.0,14.0,1.4,-4.29,-4.29,desvio,abaixo,baixa,2,fallback (60d recentes),3.5
PT0002000115700602GW,19,0.0,fim_semana,8.0,8.5,0.85,-0.59,-0.59,normal,abaixo,baixa,2,fallback (60d recentes),3.5
PT0002000115700602GW,20,0.0,fim_semana,8.0,8.5,0.85,-0.59,-0.59,normal,abaixo,baixa,2,fallback (60d recentes),3.5
PT0002000115700602GW,21,0.0,fim_semana,8.0,8.33,0.83,-0.4,-0.4,normal,abaixo,baixa,3,fallback (60d recentes),3.5
PT0002000115700602GW,22,0.0,fim_semana,8.0,9.33,0.93,-1.43,-1.43,normal,abaixo,baixa,3,fallback (60d recentes),3.5
PT0002000115700602GW,23,0.0,fim_semana,8.0,9.0,1.0,-1.0,-1.0,normal,abaixo,baixa,3,fallback (60d recentes),3.5
PT0002000116530964LH,0,,fim_semana,125.0,88.0,8.8,4.2,4.2,desvio,acima,baixa,2,fallback (60d recentes),3.5
PT0002000116530964LH,1,,fim_semana,86.0,87.5,8.75,-0.17,-0.17,normal,abaixo,baixa,2,fallback (60d recentes),3.5
PT0002000116530964LH,2,,fim_semana,86.0,85.5,8.55,0.06,0.06,normal,acima,baixa,2,fallback (60d recentes),3.5
PT0002000116530964LH,3,,fim_semana,90.0,86.0,8.6,0.47,0.47,normal,acima,baixa,2,fallback (60d recentes),3.5
PT0002000116530964LH,4,,fim_semana,88.0,88.5,8.85,-0.06,-0.06,normal,abaixo,baixa,2,fallback (60d recentes),3.5
PT0002000116530964LH,5,,fim_semana,89.0,86.5,8.65,0.29,0.29,normal,acima,baixa,2,fallback (60d recentes),3.5
PT0002000116530964LH,6,,fim_semana,88.0,87.0,8.7,0.11,0.11,normal,acima,baixa,2,fallback (60d recentes),3.5
PT0002000116530964LH,7,,fim_semana,88.0,119.0,11.9,-2.61,-2.61,normal,abaixo,baixa,2,fallback (60d recentes),3.5
PT0002000116530964LH,8,,fim_semana,91.0,147.0,14.7,-3.81,-3.81,desvio,abaixo,baixa,2,fallback (60d recentes),3.5
PT0002000116530964LH,9,,fim_semana,89.0,174.0,17.4,-4.89,-4.89,desvio,abaixo,baixa,2,fallback (60d recentes),3.5
PT0002000116530964LH,10,,fim_semana,90.0,191.5,19.15,-5.3,-5.3,desvio,abaixo,baixa,2,fallback (60d recentes),3.5
PT0002000116530964LH,11,,fim_semana,88.0,202.0,20.2,-5.64,-5.64,desvio,abaixo,baixa,2,fallback (60d recentes),3.5
PT0002000116530964LH,12,,fim_semana,89.0,188.5,18.85,-5.28,-5.28,desvio,abaixo,baixa,2,fallback (60d recentes),3.5
PT0002000116530964LH,13,,fim_semana,89.0,164.0,16.4,-4.57,-4.57,desvio,abaixo,baixa,2,fallback (60d recentes),3.5
PT0002000116530964LH,14,,fim_semana,85.0,171.0,17.1,-5.03,-5.03,desvio,abaixo,baixa,2,fallback (60d recentes),3.5
PT0002000116530964LH,15,,fim_semana,87.0,170.0,17.0,-4.88,-4.88,desvio,abaixo,baixa,2,fallback (60d recentes),3.5
PT0002000116530964LH,16,,fim_semana,84.0,177.5,17.75,-5.27,-5.27,desvio,abaixo,baixa,2,fallback (60d recentes),3.5
PT0002000116530964LH,17,,fim_semana,82.0,168.0,19.8,-4.34,-4.34,desvio,abaixo,baixa,2,fallback (60d recentes),3.5
PT0002000116530964LH,18,,fim_semana,81.0,166.0,22.63,-3.76,-3.76,desvio,abaixo,baixa,2,fallback (60d recentes),3.5
PT0002000116530964LH,19,,fim_semana,82.0,168.0,36.77,-2.34,-2.34,normal,abaixo,baixa,2,fallback (60d recentes),3.5
PT0002000116530964LH,20,,fim_semana,85.0,169.5,36.06,-2.34,-2.34,normal,abaixo,baixa,2,fallback (60d recentes),3.5
PT0002000116530964LH,21,,fim_semana,84.0,144.0,51.57,-1.16,-1.16,normal,abaixo,baixa,3,fallback (60d recentes),3.5
PT0002000116530964LH,22,,fim_semana,83.0,151.67,41.97,-1.64,-1.64,normal,abaixo,baixa,3,fallback (60d recentes),3.5
PT0002000116530964LH,23,,fim_semana,85.0,129.33,52.73,-0.84,-0.84,normal,abaixo,baixa,3,fallback (60d recentes),3.5
PT0002000119303492KB,0,0.0,fim_semana,5.0,6.5,2.12,-0.71,-0.71,normal,abaixo,baixa,2,fallback (60d recentes),3.5
PT0002000119303492KB,1,0.0,fim_semana,6.0,8.5,3.54,-0.71,-0.71,normal,abaixo,baixa,2,fallback (60d recentes),3.5
PT0002000119303492KB,2,0.0,fim_semana,6.0,8.5,3.54,-0.71,-0.71,normal,abaixo,baixa,2,fallback (60d recentes),3.5
PT0002000119303492KB,3,0.0,fim_semana,6.0,9.0,4.24,-0.71,-0.71,normal,abaixo,baixa,2,fallback (60d recentes),3.5
PT0002000119303492KB,4,0.0,fim_semana,6.0,8.5,3.54,-0.71,-0.71,normal,abaixo,baixa,2,fallback (60d recentes),3.5
PT0002000119303492KB,5,0.0,fim_semana,5.0,8.0,4.24,-0.71,-0.71,normal,abaixo,baixa,2,fallback (60d recentes),3.5
PT0002000119303492KB,6,0.0,fim_semana,6.0,7.0,2.83,-0.35,-0.35,normal,abaixo,baixa,2,fallback (60d recentes),3.5
PT0002000119303492KB,7,0.0,fim_semana,3.0,12.5,1.25,-7.6,-7.6,desvio,abaixo,baixa,2,fallback (60d recentes),3.5
PT0002000119303492KB,8,0.0,fim_semana,3.0,22.0,2.83,-6.72,-6.72,desvio,abaixo,baixa,2,fallback (60d recentes),3.5
PT0002000119303492KB,9,0.0,fim_semana,3.0,25.0,4.24,-5.19,-5.19,desvio,abaixo,baixa,2,fallback (60d recentes),3.5
PT0002000119303492KB,10,0.0,fim_semana,4.0,44.5,6.36,-6.36,-6.36,desvio,abaixo,baixa,2,fallback (60d recentes),3.5
PT0002000119303492KB,11,0.0,fim_semana,4.0,46.5,4.65,-9.14,-9.14,desvio,abaixo,baixa,2,fallback (60d recentes),3.5
PT0002000119303492KB,12,0.0,fim_semana,3.0,52.0,15.56,-3.15,-3.15,normal,abaixo,baixa,2,fallback (60d recentes),3.5
PT0002000119303492KB,13,0.0,fim_semana,3.0,31.0,3.1,-9.03,-9.03,desvio,abaixo,baixa,2,fallback (60d recentes),3.5
PT0002000119303492KB,14,0.0,fim_semana,4.0,29.5,3.54,-7.21,-7.21,desvio,abaixo,baixa,2,fallback (60d recentes),3.5
PT0002000119303492KB,15,0.0,fim_semana,3.0,26.0,2.6,-8.85,-8.85,desvio,abaixo,baixa,2,fallback (60d recentes),3.5
PT0002000119303492KB,16,0.0,fim_semana,3.0,23.0,2.83,-7.07,-7.07,desvio,abaixo,baixa,2,fallback (60d recentes),3.5
PT0002000119303492KB,17,0.0,fim_semana,4.0,21.5,3.54,-4.95,-4.95,desvio,abaixo,baixa,2,fallback (60d recentes),3.5
PT0002000119303492KB,18,0.0,fim_semana,4.0,13.5,2.12,-4.48,-4.48,desvio,abaixo,baixa,2,fallback (60d recentes),3.5
PT0002000119303492KB,19,0.0,fim_semana,4.0,5.0,0.5,-2.0,-2.0,normal,abaixo,baixa,2,fallback (60d recentes),3.5
PT0002000119303492KB,20,0.0,fim_semana,5.0,4.0,0.4,2.5,2.5,normal,acima,baixa,2,fallback (60d recentes),3.5
PT0002000119303492KB,21,0.0,fim_semana,5.0,5.33,0.58,-0.58,-0.58,normal,abaixo,baixa,3,fallback (60d recentes),3.5
PT0002000119303492KB,22,0.0,fim_semana,6.0,7.0,1.0,-1.0,-1.0,normal,abaixo,baixa,3,fallback (60d recentes),3.5
PT0002000119303492KB,23,0.0,fim_semana,6.0,7.0,1.0,-1.0,-1.0,normal,abaixo,baixa,3,fallback (60d recentes),3.5
PT0002000120237616VJ,0,0.0,fim_semana,11.0,11.5,1.15,-0.43,-0.43,normal,abaixo,baixa,2,fallback (60d recentes),3.5
PT0002000120237616VJ,1,0.0,fim_semana,10.0,13.5,1.35,-2.59,-2.59,normal,abaixo,baixa,2,fallback (60d recentes),3.5
PT0002000120237616VJ,2,0.0,fim_semana,11.0,13.0,1.41,-1.41,-1.41,normal,abaixo,baixa,2,fallback (60d recentes),3.5
PT0002000120237616VJ,3,0.0,fim_semana,10.0,13.5,1.35,-2.59,-2.59,normal,abaixo,baixa,2,fallback (60d recentes),3.5
PT0002000120237616VJ,4,0.0,fim_semana,11.0,13.0,1.41,-1.41,-1.41,normal,abaixo,baixa,2,fallback (60d recentes),3.5
PT0002000120237616VJ,5,0.0,fim_semana,11.0,13.5,1.35,-1.85,-1.85,normal,abaixo,baixa,2,fallback (60d recentes),3.5
PT0002000120237616VJ,6,0.0,fim_semana,11.0,13.5,1.35,-1.85,-1.85,normal,abaixo,baixa,2,fallback (60d recentes),3.5
PT0002000120237616VJ,7,0.0,fim_semana,11.0,42.5,4.25,-7.41,-7.41,desvio,abaixo,baixa,2,fallback (60d recentes),3.5
PT0002000120237616VJ,8,0.0,fim_semana,11.0,57.5,5.75,-8.09,-8.09,desvio,abaixo,baixa,2,fallback (60d recentes),3.5
PT0002000120237616VJ,9,0.0,fim_semana,12.0,50.5,5.05,-7.62,-7.62,desvio,abaixo,baixa,2,fallback (60d recentes),3.5
PT0002000120237616VJ,10,0.0,fim_semana,11.0,49.0,4.9,-7.76,-7.76,desvio,abaixo,baixa,2,fallback (60d recentes),3.5
PT0002000120237616VJ,11,0.0,fim_semana,11.0,55.0,5.5,-8.0,-8.0,desvio,abaixo,baixa,2,fallback (60d recentes),3.5
PT0002000120237616VJ,12,0.0,fim_semana,12.0,64.5,6.45,-8.14,-8.14,desvio,abaixo,baixa,2,fallback (60d recentes),3.5
PT0002000120237616VJ,13,0.0,fim_semana,12.0,48.5,4.85,-7.53,-7.53,desvio,abaixo,baixa,2,fallback (60d recentes),3.5
PT0002000120237616VJ,14,0.0,fim_semana,12.0,50.0,11.31,-3.36,-3.36,normal,abaixo,baixa,2,fallback (60d recentes),3.5
PT0002000120237616VJ,15,0.0,fim_semana,11.0,41.0,8.49,-3.54,-3.54,desvio,abaixo,baixa,2,fallback (60d recentes),3.5
PT0002000120237616VJ,16,0.0,fim_semana,12.0,31.5,3.15,-6.19,-6.19,desvio,abaixo,baixa,2,fallback (60d recentes),3.5
PT0002000120237616VJ,17,0.0,fim_semana,11.0,27.0,2.83,-5.66,-5.66,desvio,abaixo,baixa,2,fallback (60d recentes),3.5
PT0002000120237616VJ,18,0.0,fim_semana,11.0,23.0,4.24,-2.83,-2.83,normal,abaixo,baixa,2,fallback (60d recentes),3.5
PT0002000120237616VJ,19,0.0,fim_semana,11.0,18.0,1.8,-3.89,-3.89,desvio,abaixo,baixa,2,fallback (60d recentes),3.5
PT0002000120237616VJ,20,0.0,fim_semana,11.0,15.0,1.5,-2.67,-2.67,normal,abaixo,baixa,2,fallback (60d recentes),3.5
PT0002000120237616VJ,21,0.0,fim_semana,11.0,15.0,1.5,-2.67,-2.67,normal,abaixo,baixa,3,fallback (60d recentes),3.5
PT0002000120237616VJ,22,0.0,fim_semana,11.0,14.67,1.53,-2.4,-2.4,normal,abaixo,baixa,3,fallback (60d recentes),3.5
PT0002000120237616VJ,23,0.0,fim_semana,11.0,11.67,1.53,-0.44,-0.44,normal,abaixo,baixa,3,fallback (60d recentes),3.5
PT0002000123648159KR,0,0.0,fim_semana,3.0,3.0,0.3,0.0,0.0,normal,abaixo,baixa,2,fallback (60d recentes),3.5
PT0002000123648159KR,1,0.0,fim_semana,2.0,3.0,0.3,-3.33,-3.33,normal,abaixo,baixa,2,fallback (60d recentes),3.5
PT0002000123648159KR,2,0.0,fim_semana,2.0,2.0,0.3,0.0,0.0,normal,abaixo,baixa,2,fallback (60d recentes),3.5
PT0002000123648159KR,3,0.0,fim_semana,2.0,2.0,0.3,0.0,0.0,normal,abaixo,baixa,2,fallback (60d recentes),3.5
PT0002000123648159KR,4,0.0,fim_semana,3.0,2.5,0.71,0.71,0.71,normal,acima,baixa,2,fallback (60d recentes),3.5
PT0002000123648159KR,5,0.0,fim_semana,4.0,2.5,0.71,2.12,2.12,normal,acima,baixa,2,fallback (60d recentes),3.5
PT0002000123648159KR,6,0.0,fim_semana,4.0,2.5,0.71,2.12,2.12,normal,acima,baixa,2,fallback (60d recentes),3.5
PT0002000123648159KR,7,0.0,fim_semana,4.0,28.0,2.83,-8.49,-8.49,desvio,abaixo,baixa,2,fallback (60d recentes),3.5
PT0002000123648159KR,8,0.0,fim_semana,4.0,31.5,3.15,-8.73,-8.73,desvio,abaixo,baixa,2,fallback (60d recentes),3.5
PT0002000123648159KR,9,0.0,fim_semana,4.0,34.5,9.19,-3.32,-3.32,normal,abaixo,baixa,2,fallback (60d recentes),3.5
PT0002000123648159KR,10,0.0,fim_semana,4.0,31.0,4.24,-6.36,-6.36,desvio,abaixo,baixa,2,fallback (60d recentes),3.5
PT0002000123648159KR,11,0.0,fim_semana,5.0,32.5,3.25,-8.46,-8.46,desvio,abaixo,baixa,2,fallback (60d recentes),3.5
PT0002000123648159KR,12,0.0,fim_semana,5.0,36.5,3.65,-8.63,-8.63,desvio,abaixo,baixa,2,fallback (60d recentes),3.5
PT0002000123648159KR,13,0.0,fim_semana,5.0,18.0,4.24,-3.06,-3.06,normal,abaixo,baixa,2,fallback (60d recentes),3.5
PT0002000123648159KR,14,0.0,fim_semana,4.0,14.5,3.54,-2.97,-2.97,normal,abaixo,baixa,2,fallback (60d recentes),3.5
PT0002000123648159KR,15,0.0,fim_semana,5.0,13.0,1.41,-5.66,-5.66,desvio,abaixo,baixa,2,fallback (60d recentes),3.5
PT0002000123648159KR,16,0.0,fim_semana,7.0,12.0,1.41,-3.54,-3.54,desvio,abaixo,baixa,2,fallback (60d recentes),3.5
PT0002000123648159KR,17,0.0,fim_semana,7.0,16.0,5.66,-1.59,-1.59,normal,abaixo,baixa,2,fallback (60d recentes),3.5
PT0002000123648159KR,18,0.0,fim_semana,8.0,5.0,0.5,6.0,6.0,desvio,acima,baixa,2,fallback (60d recentes),3.5
PT0002000123648159KR,19,0.0,fim_semana,4.0,3.0,0.3,3.33,3.33,normal,acima,baixa,2,fallback (60d recentes),3.5
PT0002000123648159KR,20,0.0,fim_semana,4.0,3.0,0.3,3.33,3.33,normal,acima,baixa,2,fallback (60d recentes),3.5
PT0002000123648159KR,21,0.0,fim_semana,4.0,2.67,0.58,2.31,2.31,normal,acima,baixa,3,fallback (60d recentes),3.5
PT0002000123648159KR,22,0.0,fim_semana,4.0,3.0,0.3,3.33,3.33,normal,acima,baixa,3,fallback (60d recentes),3.5
PT0002000123648159KR,23,0.0,fim_semana,4.0,3.0,0.3,3.33,3.33,normal,acima,baixa,3,fallback (60d recentes),3.5
PT0002000125379984SH,0,1.0,fim_semana,4.0,3.5,0.71,0.71,0.71,normal,acima,baixa,2,fallback (60d recentes),3.5
PT0002000125379984SH,1,1.0,fim_semana,4.0,4.5,0.71,-0.71,-0.71,normal,abaixo,baixa,2,fallback (60d recentes),3.5
PT0002000125379984SH,2,1.0,fim_semana,3.0,3.0,0.3,0.0,0.0,normal,abaixo,baixa,2,fallback (60d recentes),3.5
PT0002000125379984SH,3,1.0,fim_semana,2.0,2.5,0.71,-0.71,-0.71,normal,abaixo,baixa,2,fallback (60d recentes),3.5
PT0002000125379984SH,4,1.0,fim_semana,3.0,2.0,0.3,3.33,3.33,normal,acima,baixa,2,fallback (60d recentes),3.5
PT0002000125379984SH,5,1.0,fim_semana,2.0,2.0,0.3,0.0,0.0,normal,abaixo,baixa,2,fallback (60d recentes),3.5
PT0002000125379984SH,6,1.0,fim_semana,2.0,2.0,0.3,0.0,0.0,normal,abaixo,baixa,2,fallback (60d recentes),3.5
PT0002000125379984SH,7,1.0,fim_semana,4.0,4.5,0.71,-0.71,-0.71,normal,abaixo,baixa,2,fallback (60d recentes),3.5
PT0002000125379984SH,8,1.0,fim_semana,5.0,6.5,2.12,-0.71,-0.71,normal,abaixo,baixa,2,fallback (60d recentes),3.5
PT0002000125379984SH,9,1.0,fim_semana,4.0,12.0,1.2,-6.67,-6.67,desvio,abaixo,baixa,2,fallback (60d recentes),3.5
PT0002000125379984SH,10,1.0,fim_semana,5.0,12.0,1.2,-5.83,-5.83,desvio,abaixo,baixa,2,fallback (60d recentes),3.5
PT0002000125379984SH,11,1.0,fim_semana,4.0,8.0,0.8,-5.0,-5.0,desvio,abaixo,baixa,2,fallback (60d recentes),3.5
PT0002000125379984SH,12,1.0,fim_semana,5.0,5.0,0.5,0.0,0.0,normal,abaixo,baixa,2,fallback (60d recentes),3.5
PT0002000125379984SH,13,1.0,fim_semana,5.0,5.0,0.5,0.0,0.0,normal,abaixo,baixa,2,fallback (60d recentes),3.5
PT0002000125379984SH,14,1.0,fim_semana,4.0,4.0,0.4,0.0,0.0,normal,abaixo,baixa,2,fallback (60d recentes),3.5
PT0002000125379984SH,15,1.0,fim_semana,3.0,3.0,0.3,0.0,0.0,normal,abaixo,baixa,2,fallback (60d recentes),3.5
PT0002000125379984SH,16,1.0,fim_semana,4.0,15.5,1.55,-7.42,-7.42,desvio,abaixo,baixa,2,fallback (60d recentes),3.5
PT0002000125379984SH,17,1.0,fim_semana,4.0,13.5,2.12,-4.48,-4.48,desvio,abaixo,baixa,2,fallback (60d recentes),3.5
PT0002000125379984SH,18,1.0,fim_semana,3.0,12.0,1.41,-6.36,-6.36,desvio,abaixo,baixa,2,fallback (60d recentes),3.5
PT0002000125379984SH,19,1.0,fim_semana,4.0,11.0,2.83,-2.47,-2.47,normal,abaixo,baixa,2,fallback (60d recentes),3.5
PT0002000125379984SH,20,1.0,fim_semana,5.0,14.5,3.54,-2.69,-2.69,normal,abaixo,baixa,2,fallback (60d recentes),3.5
PT0002000125379984SH,21,1.0,fim_semana,5.0,8.33,3.06,-1.09,-1.09,normal,abaixo,baixa,3,fallback (60d recentes),3.5
PT0002000125379984SH,22,1.0,fim_semana,5.0,5.0,0.5,0.0,0.0,normal,abaixo,baixa,3,fallback (60d recentes),3.5
PT0002000125379984SH,23,1.0,fim_semana,4.0,4.33,0.58,-0.58,-0.58,normal,abaixo,baixa,3,fallback (60d recentes),3.5
PT0002000125701614SQ,0,,fim_semana,15.0,14.5,1.45,0.34,0.34,normal,acima,baixa,2,fallback (60d recentes),3.5
PT0002000125701614SQ,1,,fim_semana,15.0,14.0,1.4,0.71,0.71,normal,acima,baixa,2,fallback (60d recentes),3.5
PT0002000125701614SQ,2,,fim_semana,15.0,14.5,1.45,0.34,0.34,normal,acima,baixa,2,fallback (60d recentes),3.5
PT0002000125701614SQ,3,,fim_semana,15.0,14.0,1.41,0.71,0.71,normal,acima,baixa,2,fallback (60d recentes),3.5
PT0002000125701614SQ,4,,fim_semana,15.0,14.0,1.4,0.71,0.71,normal,acima,baixa,2,fallback (60d recentes),3.5
PT0002000125701614SQ,5,,fim_semana,15.0,14.5,1.45,0.34,0.34,normal,acima,baixa,2,fallback (60d recentes),3.5
PT0002000125701614SQ,6,,fim_semana,16.0,14.0,1.41,1.41,1.41,normal,acima,baixa,2,fallback (60d recentes),3.5
PT0002000125701614SQ,7,,fim_semana,15.0,14.5,1.45,0.34,0.34,normal,acima,baixa,2,fallback (60d recentes),3.5
PT0002000125701614SQ,8,,fim_semana,14.0,17.5,1.75,-2.0,-2.0,normal,abaixo,baixa,2,fallback (60d recentes),3.5
PT0002000125701614SQ,9,,fim_semana,16.0,20.5,2.05,-2.2,-2.2,normal,abaixo,baixa,2,fallback (60d recentes),3.5
PT0002000125701614SQ,10,,fim_semana,16.0,20.0,2.0,-2.0,-2.0,normal,abaixo,baixa,2,fallback (60d recentes),3.5
PT0002000125701614SQ,11,,fim_semana,17.0,20.0,2.83,-1.06,-1.06,normal,abaixo,baixa,2,fallback (60d recentes),3.5
PT0002000125701614SQ,12,,fim_semana,17.0,18.0,1.8,-0.56,-0.56,normal,abaixo,baixa,2,fallback (60d recentes),3.5
PT0002000125701614SQ,13,,fim_semana,16.0,17.5,2.12,-0.71,-0.71,normal,abaixo,baixa,2,fallback (60d recentes),3.5
PT0002000125701614SQ,14,,fim_semana,15.0,18.0,2.83,-1.06,-1.06,normal,abaixo,baixa,2,fallback (60d recentes),3.5
PT0002000125701614SQ,15,,fim_semana,16.0,18.0,1.8,-1.11,-1.11,normal,abaixo,baixa,2,fallback (60d recentes),3.5
PT0002000125701614SQ,16,,fim_semana,15.0,20.5,2.12,-2.59,-2.59,normal,abaixo,baixa,2,fallback (60d recentes),3.5
PT0002000125701614SQ,17,,fim_semana,18.0,20.5,2.05,-1.22,-1.22,normal,abaixo,baixa,2,fallback (60d recentes),3.5
PT0002000125701614SQ,18,,fim_semana,16.0,21.0,2.1,-2.38,-2.38,normal,abaixo,baixa,2,fallback (60d recentes),3.5
PT0002000125701614SQ,19,,fim_semana,16.0,22.5,2.25,-2.89,-2.89,normal,abaixo,baixa,2,fallback (60d recentes),3.5
PT0002000125701614SQ,20,,fim_semana,15.0,21.0,2.1,-2.86,-2.86,normal,abaixo,baixa,2,fallback (60d recentes),3.5
PT0002000125701614SQ,21,,fim_semana,16.0,45.0,45.13,-0.64,-0.64,normal,abaixo,baixa,3,fallback (60d recentes),3.5
PT0002000125701614SQ,22,,fim_semana,16.0,103.67,147.51,-0.59,-0.59,normal,abaixo,baixa,3,fallback (60d recentes),3.5
PT0002000125701614SQ,23,,fim_semana,16.0,36.0,33.81,-0.59,-0.59,normal,abaixo,baixa,3,fallback (60d recentes),3.5
PT0002000201038711LS,0,,fim_semana,4.0,26.0,16.97,-1.3,-1.3,normal,abaixo,baixa,2,fallback (60d recentes),3.5
PT0002000201038711LS,1,,fim_semana,1.0,15.5,21.92,-0.66,-0.66,normal,abaixo,baixa,2,fallback (60d recentes),3.5
PT0002000201038711LS,2,,fim_semana,0.0,2.0,2.83,-0.71,-0.71,normal,abaixo,baixa,2,fallback (60d recentes),3.5
PT0002000201038711LS,3,,fim_semana,0.0,0.5,0.71,-0.71,-0.71,normal,abaixo,baixa,2,fallback (60d recentes),3.5
PT0002000201038711LS,4,,fim_semana,0.0,0.0,0.3,0.0,0.0,normal,abaixo,baixa,2,fallback (60d recentes),3.5
PT0002000201038711LS,5,,fim_semana,0.0,0.0,0.3,0.0,0.0,normal,abaixo,baixa,2,fallback (60d recentes),3.5
PT0002000201038711LS,6,,fim_semana,1.0,0.5,0.71,0.71,0.71,normal,acima,baixa,2,fallback (60d recentes),3.5
PT0002000201038711LS,7,,fim_semana,3.0,2.0,1.41,0.71,0.71,normal,acima,baixa,2,fallback (60d recentes),3.5
PT0002000201038711LS,8,,fim_semana,1.0,1.0,0.3,0.0,0.0,normal,abaixo,baixa,2,fallback (60d recentes),3.5
PT0002000201038711LS,9,,fim_semana,0.0,0.0,0.3,0.0,0.0,normal,abaixo,baixa,2,fallback (60d recentes),3.5
PT0002000201038711LS,10,,fim_semana,0.0,0.5,0.71,-0.71,-0.71,normal,abaixo,baixa,2,fallback (60d recentes),3.5
PT0002000201038711LS,11,,fim_semana,1.0,0.5,0.71,0.71,0.71,normal,acima,baixa,2,fallback (60d recentes),3.5
PT0002000201038711LS,12,,fim_semana,0.0,5.0,7.07,-0.71,-0.71,normal,abaixo,baixa,2,fallback (60d recentes),3.5
PT0002000201038711LS,13,,fim_semana,0.0,18.5,2.12,-8.72,-8.72,desvio,abaixo,baixa,2,fallback (60d recentes),3.5
PT0002000201038711LS,14,,fim_semana,0.0,27.5,3.54,-7.78,-7.78,desvio,abaixo,baixa,2,fallback (60d recentes),3.5
PT0002000201038711LS,15,,fim_semana,1.0,35.0,11.31,-3.01,-3.01,normal,abaixo,baixa,2,fallback (60d recentes),3.5
PT0002000201038711LS,16,,fim_semana,0.0,25.0,8.49,-2.95,-2.95,normal,abaixo,baixa,2,fallback (60d recentes),3.5
PT0002000201038711LS,17,,fim_semana,0.0,65.5,38.89,-1.68,-1.68,normal,abaixo,baixa,2,fallback (60d recentes),3.5
PT0002000201038711LS,18,,fim_semana,15.0,51.0,41.01,-0.88,-0.88,normal,abaixo,baixa,2,fallback (60d recentes),3.5
PT0002000201038711LS,19,,fim_semana,75.0,48.0,4.8,5.62,5.62,desvio,acima,baixa,2,fallback (60d recentes),3.5
PT0002000201038711LS,20,,fim_semana,48.0,69.0,15.56,-1.35,-1.35,normal,abaixo,baixa,2,fallback (60d recentes),3.5
PT0002000201038711LS,21,,fim_semana,12.0,62.0,13.45,-3.72,-3.72,desvio,abaixo,baixa,3,fallback (60d recentes),3.5
PT0002000201038711LS,22,,fim_semana,0.0,42.33,7.57,-5.59,-5.59,desvio,abaixo,baixa,3,fallback (60d recentes),3.5
PT0002000201038711LS,23,,fim_semana,0.0,29.67,13.65,-2.17,-2.17,normal,abaixo,baixa,3,fallback (60d recentes),3.5
PT0002000201936109ME,0,0.0,fim_semana,136.0,19.5,24.75,4.71,4.71,desvio,acima,baixa,2,fallback (60d recentes),3.5
PT0002000201936109ME,1,0.0,fim_semana,79.0,20.5,27.58,2.12,2.12,normal,acima,baixa,2,fallback (60d recentes),3.5
PT0002000201936109ME,2,0.0,fim_semana,46.0,30.0,39.6,0.4,0.4,normal,acima,baixa,2,fallback (60d recentes),3.5
PT0002000201936109ME,3,0.0,fim_semana,39.0,22.0,29.7,0.57,0.57,normal,acima,baixa,2,fallback (60d recentes),3.5
PT0002000201936109ME,4,0.0,fim_semana,36.0,17.0,21.21,0.9,0.9,normal,acima,baixa,2,fallback (60d recentes),3.5
PT0002000201936109ME,5,0.0,fim_semana,37.0,20.0,25.46,0.67,0.67,normal,acima,baixa,2,fallback (60d recentes),3.5
PT0002000201936109ME,6,0.0,fim_semana,38.0,20.0,19.8,0.91,0.91,normal,acima,baixa,2,fallback (60d recentes),3.5
PT0002000201936109ME,7,0.0,fim_semana,36.0,17.0,7.07,2.69,2.69,normal,acima,baixa,2,fallback (60d recentes),3.5
PT0002000201936109ME,8,0.0,fim_semana,37.0,19.0,7.07,2.55,2.55,normal,acima,baixa,2,fallback (60d recentes),3.5
PT0002000201936109ME,9,0.0,fim_semana,37.0,20.0,9.9,1.72,1.72,normal,acima,baixa,2,fallback (60d recentes),3.5
PT0002000201936109ME,10,0.0,fim_semana,36.0,23.0,15.56,0.84,0.84,normal,acima,baixa,2,fallback (60d recentes),3.5
PT0002000201936109ME,11,0.0,fim_semana,45.0,25.5,16.26,1.2,1.2,normal,acima,baixa,2,fallback (60d recentes),3.5
PT0002000201936109ME,12,0.0,fim_semana,55.0,28.0,21.21,1.27,1.27,normal,acima,baixa,2,fallback (60d recentes),3.5
PT0002000201936109ME,13,0.0,fim_semana,54.0,26.5,33.23,0.83,0.83,normal,acima,baixa,2,fallback (60d recentes),3.5
PT0002000201936109ME,14,0.0,fim_semana,53.0,20.5,26.16,1.24,1.24,normal,acima,baixa,2,fallback (60d recentes),3.5
PT0002000201936109ME,15,0.0,fim_semana,78.0,22.0,31.11,1.8,1.8,normal,acima,baixa,2,fallback (60d recentes),3.5
PT0002000201936109ME,16,0.0,fim_semana,100.0,23.0,29.7,2.59,2.59,normal,acima,baixa,2,fallback (60d recentes),3.5
PT0002000201936109ME,17,0.0,fim_semana,122.0,30.5,36.06,2.54,2.54,normal,acima,baixa,2,fallback (60d recentes),3.5
PT0002000201936109ME,18,0.0,fim_semana,117.0,42.0,52.33,1.43,1.43,normal,acima,baixa,2,fallback (60d recentes),3.5
PT0002000201936109ME,19,0.0,fim_semana,154.0,63.5,71.42,1.27,1.27,normal,acima,baixa,2,fallback (60d recentes),3.5
PT0002000201936109ME,20,0.0,fim_semana,175.0,91.5,96.87,0.86,0.86,normal,acima,baixa,2,fallback (60d recentes),3.5
PT0002000201936109ME,21,0.0,fim_semana,194.0,66.33,94.87,1.35,1.35,normal,acima,baixa,3,fallback (60d recentes),3.5
PT0002000201936109ME,22,0.0,fim_semana,196.0,69.0,92.86,1.37,1.37,normal,acima,baixa,3,fallback (60d recentes),3.5
PT0002000201936109ME,23,0.0,fim_semana,173.0,68.0,90.54,1.16,1.16,normal,acima,baixa,3,fallback (60d recentes),3.5
PT0002000203419117SJ,0,,fim_semana,0.0,0.0,0.3,0.0,0.0,normal,abaixo,baixa,2,fallback (60d recentes),3.5
PT0002000203419117SJ,1,,fim_semana,0.0,0.0,0.3,0.0,0.0,normal,abaixo,baixa,2,fallback (60d recentes),3.5
PT0002000203419117SJ,2,,fim_semana,0.0,0.0,0.3,0.0,0.0,normal,abaixo,baixa,2,fallback (60d recentes),3.5
PT0002000203419117SJ,3,,fim_semana,0.0,0.0,0.3,0.0,0.0,normal,abaixo,baixa,2,fallback (60d recentes),3.5
PT0002000203419117SJ,4,,fim_semana,0.0,0.0,0.3,0.0,0.0,normal,abaixo,baixa,2,fallback (60d recentes),3.5
PT0002000203419117SJ,5,,fim_semana,0.0,0.0,0.3,0.0,0.0,normal,abaixo,baixa,2,fallback (60d recentes),3.5
PT0002000203419117SJ,6,,fim_semana,4.0,0.0,0.3,10.0,13.33,desvio,acima,baixa,2,fallback (60d recentes),3.5
PT0002000203419117SJ,7,,fim_semana,0.0,0.0,0.3,0.0,0.0,normal,abaixo,baixa,2,fallback (60d recentes),3.5
PT0002000203419117SJ,8,,fim_semana,0.0,0.0,0.3,0.0,0.0,normal,abaixo,baixa,2,fallback (60d recentes),3.5
PT0002000203419117SJ,9,,fim_semana,0.0,0.0,0.3,0.0,0.0,normal,abaixo,baixa,2,fallback (60d recentes),3.5
PT0002000203419117SJ,10,,fim_semana,0.0,0.0,0.3,0.0,0.0,normal,abaixo,baixa,2,fallback (60d recentes),3.5
PT0002000203419117SJ,11,,fim_semana,0.0,0.0,0.3,0.0,0.0,normal,abaixo,baixa,2,fallback (60d recentes),3.5
PT0002000203419117SJ,12,,fim_semana,0.0,0.0,0.3,0.0,0.0,normal,abaixo,baixa,2,fallback (60d recentes),3.5
PT0002000203419117SJ,13,,fim_semana,0.0,0.0,0.3,0.0,0.0,normal,abaixo,baixa,2,fallback (60d recentes),3.5
PT0002000203419117SJ,14,,fim_semana,0.0,0.0,0.3,0.0,0.0,normal,abaixo,baixa,2,fallback (60d recentes),3.5
PT0002000203419117SJ,15,,fim_semana,0.0,0.0,0.3,0.0,0.0,normal,abaixo,baixa,2,fallback (60d recentes),3.5
PT0002000203419117SJ,16,,fim_semana,0.0,0.0,0.3,0.0,0.0,normal,abaixo,baixa,2,fallback (60d recentes),3.5
PT0002000203419117SJ,17,,fim_semana,0.0,0.0,0.3,0.0,0.0,normal,abaixo,baixa,2,fallback (60d recentes),3.5
PT0002000203419117SJ,18,,fim_semana,0.0,0.0,0.3,0.0,0.0,normal,abaixo,baixa,2,fallback (60d recentes),3.5
PT0002000203419117SJ,19,,fim_semana,0.0,0.0,0.3,0.0,0.0,normal,abaixo,baixa,2,fallback (60d recentes),3.5
PT0002000203419117SJ,20,,fim_semana,0.0,0.0,0.3,0.0,0.0,normal,abaixo,baixa,2,fallback (60d recentes),3.5
PT0002000203419117SJ,21,,fim_semana,0.0,0.0,0.3,0.0,0.0,normal,abaixo,baixa,3,fallback (60d recentes),3.5
PT0002000203419117SJ,22,,fim_semana,0.0,0.0,0.3,0.0,0.0,normal,abaixo,baixa,3,fallback (60d recentes),3.5
PT0002000203419117SJ,23,,fim_semana,0.0,0.0,0.3,0.0,0.0,normal,abaixo,baixa,3,fallback (60d recentes),3.5
PT0002000203886452WB,0,,fim_semana,20.0,32.0,45.25,-0.27,-0.27,normal,abaixo,baixa,2,fallback (60d recentes),3.5
PT0002000203886452WB,1,,fim_semana,20.0,0.0,0.3,10.0,66.67,desvio,acima,baixa,2,fallback (60d recentes),3.5
PT0002000203886452WB,2,,fim_semana,20.0,0.0,0.3,10.0,66.67,desvio,acima,baixa,2,fallback (60d recentes),3.5
PT0002000203886452WB,3,,fim_semana,20.0,0.0,0.3,10.0,66.67,desvio,acima,baixa,2,fallback (60d recentes),3.5
PT0002000203886452WB,4,,fim_semana,20.0,0.0,0.3,10.0,66.67,desvio,acima,baixa,2,fallback (60d recentes),3.5
PT0002000203886452WB,5,,fim_semana,20.0,0.0,0.3,10.0,66.67,desvio,acima,baixa,2,fallback (60d recentes),3.5
PT0002000203886452WB,6,,fim_semana,20.0,0.0,0.3,10.0,66.67,desvio,acima,baixa,2,fallback (60d recentes),3.5
PT0002000203886452WB,7,,fim_semana,20.0,0.0,0.3,10.0,66.67,desvio,acima,baixa,2,fallback (60d recentes),3.5
PT0002000203886452WB,8,,fim_semana,20.0,0.0,0.3,10.0,66.67,desvio,acima,baixa,2,fallback (60d recentes),3.5
PT0002000203886452WB,9,,fim_semana,20.0,2.0,2.83,6.36,6.36,desvio,acima,baixa,2,fallback (60d recentes),3.5
PT0002000203886452WB,10,,fim_semana,20.0,26.0,8.49,-0.71,-0.71,normal,abaixo,baixa,2,fallback (60d recentes),3.5
PT0002000203886452WB,11,,fim_semana,20.0,26.0,14.14,-0.42,-0.42,normal,abaixo,baixa,2,fallback (60d recentes),3.5
PT0002000203886452WB,12,,fim_semana,20.0,28.0,16.97,-0.47,-0.47,normal,abaixo,baixa,2,fallback (60d recentes),3.5
PT0002000203886452WB,13,,fim_semana,20.0,30.0,19.8,-0.51,-0.51,normal,abaixo,baixa,2,fallback (60d recentes),3.5
PT0002000203886452WB,14,,fim_semana,36.0,48.0,28.28,-0.42,-0.42,normal,abaixo,baixa,2,fallback (60d recentes),3.5
PT0002000203886452WB,15,,fim_semana,40.0,36.0,16.97,0.24,0.24,normal,acima,baixa,2,fallback (60d recentes),3.5
PT0002000203886452WB,16,,fim_semana,44.0,34.0,19.8,0.51,0.51,normal,acima,baixa,2,fallback (60d recentes),3.5
PT0002000203886452WB,17,,fim_semana,40.0,40.0,33.94,0.0,0.0,normal,abaixo,baixa,2,fallback (60d recentes),3.5
PT0002000203886452WB,18,,fim_semana,72.0,42.0,31.11,0.96,0.96,normal,acima,baixa,2,fallback (60d recentes),3.5
PT0002000203886452WB,19,,fim_semana,96.0,30.0,19.8,3.33,3.33,normal,acima,baixa,2,fallback (60d recentes),3.5
PT0002000203886452WB,20,,fim_semana,84.0,28.0,16.97,3.3,3.3,normal,acima,baixa,2,fallback (60d recentes),3.5
PT0002000203886452WB,21,,fim_semana,88.0,20.0,22.27,3.05,3.05,normal,acima,baixa,3,fallback (60d recentes),3.5
PT0002000203886452WB,22,,fim_semana,84.0,40.0,35.55,1.24,1.24,normal,acima,baixa,3,fallback (60d recentes),3.5
PT0002000203886452WB,23,,fim_semana,84.0,33.33,36.3,1.4,1.4,normal,acima,baixa,3,fallback (60d recentes),3.5
