CPE,hora,cluster,cluster_origem,tipo_dia,consumo_real,consumo_habitual,std,z_score,z_real,veredicto,direcao,confianca,n_dias_tipo,fonte_baseline,threshold
PT0002000033074862LZ,0,0,historico,dia_util,9.0,8.5,0.85,0.59,0.59,normal,acima,baixa,2,histórico dia_util (poucos dados),3.0
PT0002000033074862LZ,1,0,historico,dia_util,8.0,8.5,0.85,-0.59,-0.59,normal,abaixo,baixa,2,histórico dia_util (poucos dados),3.0
PT0002000033074862LZ,2,0,historico,dia_util,9.0,8.5,0.85,0.59,0.59,normal,acima,baixa,2,histórico dia_util (poucos dados),3.0
PT0002000033074862LZ,3,0,historico,dia_util,9.0,8.5,0.85,0.59,0.59,normal,acima,baixa,2,histórico dia_util (poucos dados),3.0
PT0002000033074862LZ,4,0,historico,dia_util,8.0,9.0,0.9,-1.11,-1.11,normal,abaixo,baixa,2,histórico dia_util (poucos dados),3.0
PT0002000033074862LZ,5,0,historico,dia_util,9.0,9.0,0.9,0.0,0.0,normal,abaixo,baixa,2,histórico dia_util (poucos dados),3.0
PT0002000033074862LZ,6,0,historico,dia_util,10.0,10.0,1.41,0.0,0.0,normal,abaixo,baixa,2,histórico dia_util (poucos dados),3.0
PT0002000033074862LZ,7,0,historico,dia_util,10.0,9.5,0.95,0.53,0.53,normal,acima,baixa,2,histórico dia_util (poucos dados),3.0
PT0002000033074862LZ,8,0,historico,dia_util,7.0,7.5,0.75,-0.67,-0.67,normal,abaixo,baixa,2,histórico dia_util (poucos dados),3.0
PT0002000033074862LZ,9,0,historico,dia_util,8.0,8.0,0.8,0.0,0.0,normal,abaixo,baixa,2,histórico dia_util (poucos dados),3.0
PT0002000033074862LZ,10,0,historico,dia_util,9.0,9.5,0.95,-0.53,-0.53,normal,abaixo,baixa,2,histórico dia_util (poucos dados),3.0
PT0002000033074862LZ,11,0,historico,dia_util,10.0,10.0,1.41,0.0,0.0,normal,abaixo,baixa,2,histórico dia_util (poucos dados),3.0
PT0002000033074862LZ,12,0,historico,dia_util,9.0,9.5,0.95,-0.53,-0.53,normal,abaixo,baixa,2,histórico dia_util (poucos dados),3.0
PT0002000033074862LZ,13,0,historico,dia_util,9.0,10.0,1.0,-1.0,-1.0,normal,abaixo,baixa,2,histórico dia_util (poucos dados),3.0
PT0002000033074862LZ,14,0,historico,dia_util,10.0,9.5,0.95,0.53,0.53,normal,acima,baixa,2,histórico dia_util (poucos dados),3.0
PT0002000033074862LZ,15,0,historico,dia_util,10.0,9.0,0.9,1.11,1.11,normal,acima,baixa,2,histórico dia_util (poucos dados),3.0
PT0002000033074862LZ,16,0,historico,dia_util,9.0,9.5,0.95,-0.53,-0.53,normal,abaixo,baixa,2,histórico dia_util (poucos dados),3.0
PT0002000033074862LZ,17,0,historico,dia_util,10.0,11.0,1.1,-0.91,-0.91,normal,abaixo,baixa,2,histórico dia_util (poucos dados),3.0
PT0002000033074862LZ,18,0,historico,dia_util,10.0,9.0,0.9,1.11,1.11,normal,acima,baixa,2,histórico dia_util (poucos dados),3.0
PT0002000033074862LZ,19,0,historico,dia_util,9.0,9.5,0.95,-0.53,-0.53,normal,abaixo,baixa,2,histórico dia_util (poucos dados),3.0
PT0002000033074862LZ,20,0,historico,dia_util,9.0,9.5,0.95,-0.53,-0.53,normal,abaixo,baixa,2,histórico dia_util (poucos dados),3.0
PT0002000033074862LZ,21,0,historico,dia_util,9.0,8.33,1.15,0.58,0.58,normal,acima,baixa,3,histórico dia_util (poucos dados),3.0
PT0002000033074862LZ,22,0,historico,dia_util,9.0,8.67,0.87,0.38,0.38,normal,acima,baixa,3,histórico dia_util (poucos dados),3.0
PT0002000033074862LZ,23,0,historico,dia_util,9.0,8.33,0.83,0.8,0.8,normal,acima,baixa,3,histórico dia_util (poucos dados),3.0
PT0002000068855003AK,0,0,atribuido,dia_util,10.0,6.5,0.71,4.95,4.95,desvio,acima,baixa,2,histórico dia_util (poucos dados),3.0
PT0002000068855003AK,1,0,atribuido,dia_util,9.0,6.5,0.71,3.54,3.54,desvio,acima,baixa,2,histórico dia_util (poucos dados),3.0
PT0002000068855003AK,2,0,atribuido,dia_util,9.0,6.5,0.71,3.54,3.54,desvio,acima,baixa,2,histórico dia_util (poucos dados),3.0
PT0002000068855003AK,3,0,atribuido,dia_util,9.0,6.5,0.71,3.54,3.54,desvio,acima,baixa,2,histórico dia_util (poucos dados),3.0
PT0002000068855003AK,4,0,atribuido,dia_util,9.0,6.0,0.6,5.0,5.0,desvio,acima,baixa,2,histórico dia_util (poucos dados),3.0
PT0002000068855003AK,5,0,atribuido,dia_util,9.0,6.0,0.6,5.0,5.0,desvio,acima,baixa,2,histórico dia_util (poucos dados),3.0
PT0002000068855003AK,6,0,atribuido,dia_util,9.0,6.5,0.71,3.54,3.54,desvio,acima,baixa,2,histórico dia_util (poucos dados),3.0
PT0002000068855003AK,7,0,atribuido,dia_util,11.0,10.0,1.41,0.71,0.71,normal,acima,baixa,2,histórico dia_util (poucos dados),3.0
PT0002000068855003AK,8,0,atribuido,dia_util,15.0,15.5,1.55,-0.32,-0.32,normal,abaixo,baixa,2,histórico dia_util (poucos dados),3.0
PT0002000068855003AK,9,0,atribuido,dia_util,19.0,22.5,3.54,-0.99,-0.99,normal,abaixo,baixa,2,histórico dia_util (poucos dados),3.0
PT0002000068855003AK,10,0,atribuido,dia_util,31.0,43.0,19.8,-0.61,-0.61,normal,abaixo,baixa,2,histórico dia_util (poucos dados),3.0
PT0002000068855003AK,11,0,atribuido,dia_util,40.0,33.0,4.24,1.65,1.65,normal,acima,baixa,2,histórico dia_util (poucos dados),3.0
PT0002000068855003AK,12,0,atribuido,dia_util,45.0,38.5,6.36,1.02,1.02,normal,acima,baixa,2,histórico dia_util (poucos dados),3.0
PT0002000068855003AK,13,0,atribuido,dia_util,56.0,45.5,4.95,2.12,2.12,normal,acima,baixa,2,histórico dia_util (poucos dados),3.0
PT0002000068855003AK,14,0,atribuido,dia_util,54.0,48.5,9.19,0.6,0.6,normal,acima,baixa,2,histórico dia_util (poucos dados),3.0
PT0002000068855003AK,15,0,atribuido,dia_util,68.0,48.0,4.8,4.17,4.17,desvio,acima,baixa,2,histórico dia_util (poucos dados),3.0
PT0002000068855003AK,16,0,atribuido,dia_util,66.0,57.5,13.44,0.63,0.63,normal,acima,baixa,2,histórico dia_util (poucos dados),3.0
PT0002000068855003AK,17,0,atribuido,dia_util,45.0,60.5,27.58,-0.56,-0.56,normal,abaixo,baixa,2,histórico dia_util (poucos dados),3.0
PT0002000068855003AK,18,0,atribuido,dia_util,34.0,60.5,17.68,-1.5,-1.5,normal,abaixo,baixa,2,histórico dia_util (poucos dados),3.0
PT0002000068855003AK,19,0,atribuido,dia_util,26.0,53.0,5.3,-5.09,-5.09,desvio,abaixo,baixa,2,histórico dia_util (poucos dados),3.0
PT0002000068855003AK,20,0,atribuido,dia_util,9.0,23.5,4.95,-2.93,-2.93,normal,abaixo,baixa,2,histórico dia_util (poucos dados),3.0
PT0002000068855003AK,21,0,atribuido,dia_util,6.0,8.33,3.21,-0.73,-0.73,normal,abaixo,baixa,3,histórico dia_util (poucos dados),3.0
PT0002000068855003AK,22,0,atribuido,dia_util,6.0,7.67,2.08,-0.8,-0.8,normal,abaixo,baixa,3,histórico dia_util (poucos dados),3.0
PT0002000068855003AK,23,0,atribuido,dia_util,7.0,7.67,2.89,-0.23,-0.23,normal,abaixo,baixa,3,histórico dia_util (poucos dados),3.0
PT0002000068856267NC,0,0,atribuido,dia_util,24.0,23.0,2.3,0.43,0.43,normal,acima,baixa,2,histórico dia_util (poucos dados),3.0
PT0002000068856267NC,1,0,atribuido,dia_util,23.0,22.0,2.2,0.45,0.45,normal,acima,baixa,2,histórico dia_util (poucos dados),3.0
PT0002000068856267NC,2,0,atribuido,dia_util,24.0,22.0,2.2,0.91,0.91,normal,acima,baixa,2,histórico dia_util (poucos dados),3.0
PT0002000068856267NC,3,0,atribuido,dia_util,23.0,22.5,2.25,0.22,0.22,normal,acima,baixa,2,histórico dia_util (poucos dados),3.0
PT0002000068856267NC,4,0,atribuido,dia_util,25.0,22.5,2.25,1.11,1.11,normal,acima,baixa,2,histórico dia_util (poucos dados),3.0
PT0002000068856267NC,5,0,atribuido,dia_util,23.0,21.0,2.1,0.95,0.95,normal,acima,baixa,2,histórico dia_util (poucos dados),3.0
PT0002000068856267NC,6,0,atribuido,dia_util,22.0,20.0,2.0,1.0,1.0,normal,acima,baixa,2,histórico dia_util (poucos dados),3.0
PT0002000068856267NC,7,0,atribuido,dia_util,21.0,19.5,1.95,0.77,0.77,normal,acima,baixa,2,histórico dia_util (poucos dados),3.0
PT0002000068856267NC,8,0,atribuido,dia_util,24.0,23.5,2.35,0.21,0.21,normal,acima,baixa,2,histórico dia_util (poucos dados),3.0
PT0002000068856267NC,9,0,atribuido,dia_util,29.0,28.0,2.83,0.35,0.35,normal,acima,baixa,2,histórico dia_util (poucos dados),3.0
PT0002000068856267NC,10,0,atribuido,dia_util,27.0,29.0,4.24,-0.47,-0.47,normal,abaixo,baixa,2,histórico dia_util (poucos dados),3.0
PT0002000068856267NC,11,0,atribuido,dia_util,28.0,27.5,4.95,0.1,0.1,normal,acima,baixa,2,histórico dia_util (poucos dados),3.0
PT0002000068856267NC,12,0,atribuido,dia_util,26.0,24.5,2.45,0.61,0.61,normal,acima,baixa,2,histórico dia_util (poucos dados),3.0
PT0002000068856267NC,13,0,atribuido,dia_util,25.0,24.5,2.45,0.2,0.2,normal,acima,baixa,2,histórico dia_util (poucos dados),3.0
PT0002000068856267NC,14,0,atribuido,dia_util,24.0,25.5,2.55,-0.59,-0.59,normal,abaixo,baixa,2,histórico dia_util (poucos dados),3.0
PT0002000068856267NC,15,0,atribuido,dia_util,23.0,25.0,2.5,-0.8,-0.8,normal,abaixo,baixa,2,histórico dia_util (poucos dados),3.0
PT0002000068856267NC,16,0,atribuido,dia_util,20.0,19.0,1.9,0.53,0.53,normal,acima,baixa,2,histórico dia_util (poucos dados),3.0
PT0002000068856267NC,17,0,atribuido,dia_util,16.0,16.0,1.6,0.0,0.0,normal,abaixo,baixa,2,histórico dia_util (poucos dados),3.0
PT0002000068856267NC,18,0,atribuido,dia_util,17.0,14.0,1.41,2.12,2.12,normal,acima,baixa,2,histórico dia_util (poucos dados),3.0
PT0002000068856267NC,19,0,atribuido,dia_util,17.0,16.5,2.12,0.24,0.24,normal,acima,baixa,2,histórico dia_util (poucos dados),3.0
PT0002000068856267NC,20,0,atribuido,dia_util,23.0,22.0,2.2,0.45,0.45,normal,acima,baixa,2,histórico dia_util (poucos dados),3.0
PT0002000068856267NC,21,0,atribuido,dia_util,24.0,21.0,4.0,0.75,0.75,normal,acima,baixa,3,histórico dia_util (poucos dados),3.0
PT0002000068856267NC,22,0,atribuido,dia_util,24.0,22.0,2.2,0.91,0.91,normal,acima,baixa,3,histórico dia_util (poucos dados),3.0
PT0002000068856267NC,23,0,atribuido,dia_util,24.0,22.67,2.27,0.59,0.59,normal,acima,baixa,3,histórico dia_util (poucos dados),3.0
PT0002000068856655YV,0,0,historico,dia_util,3.0,2.5,0.71,0.71,0.71,normal,acima,baixa,2,histórico dia_util (poucos dados),3.0
PT0002000068856655YV,1,0,historico,dia_util,2.0,2.5,0.71,-0.71,-0.71,normal,abaixo,baixa,2,histórico dia_util (poucos dados),3.0
PT0002000068856655YV,2,0,historico,dia_util,3.0,2.0,0.3,3.33,3.33,desvio,acima,baixa,2,histórico dia_util (poucos dados),3.0
PT0002000068856655YV,3,0,historico,dia_util,2.0,2.5,0.71,-0.71,-0.71,normal,abaixo,baixa,2,histórico dia_util (poucos dados),3.0
PT0002000068856655YV,4,0,historico,dia_util,3.0,2.0,0.3,3.33,3.33,desvio,acima,baixa,2,histórico dia_util (poucos dados),3.0
PT0002000068856655YV,5,0,historico,dia_util,2.0,2.0,0.3,0.0,0.0,normal,abaixo,baixa,2,histórico dia_util (poucos dados),3.0
PT0002000068856655YV,6,0,historico,dia_util,4.0,4.0,0.4,0.0,0.0,normal,abaixo,baixa,2,histórico dia_util (poucos dados),3.0
PT0002000068856655YV,7,0,historico,dia_util,5.0,3.0,0.3,6.67,6.67,desvio,acima,baixa,2,histórico dia_util (poucos dados),3.0
PT0002000068856655YV,8,0,historico,dia_util,4.0,4.5,0.71,-0.71,-0.71,normal,abaixo,baixa,2,histórico dia_util (poucos dados),3.0
PT0002000068856655YV,9,0,historico,dia_util,9.0,8.5,0.85,0.59,0.59,normal,acima,baixa,2,histórico dia_util (poucos dados),3.0
PT0002000068856655YV,10,0,historico,dia_util,8.0,9.5,0.95,-1.58,-1.58,normal,abaixo,baixa,2,histórico dia_util (poucos dados),3.0
PT0002000068856655YV,11,0,historico,dia_util,8.0,9.0,0.9,-1.11,-1.11,normal,abaixo,baixa,2,histórico dia_util (poucos dados),3.0
PT0002000068856655YV,12,0,historico,dia_util,8.0,9.5,0.95,-1.58,-1.58,normal,abaixo,baixa,2,histórico dia_util (poucos dados),3.0
PT0002000068856655YV,13,0,historico,dia_util,9.0,8.0,0.8,1.25,1.25,normal,acima,baixa,2,histórico dia_util (poucos dados),3.0
PT0002000068856655YV,14,0,historico,dia_util,8.0,8.5,0.85,-0.59,-0.59,normal,abaixo,baixa,2,histórico dia_util (poucos dados),3.0
PT0002000068856655YV,15,0,historico,dia_util,8.0,9.5,0.95,-1.58,-1.58,normal,abaixo,baixa,2,histórico dia_util (poucos dados),3.0
PT0002000068856655YV,16,0,historico,dia_util,7.0,9.5,0.95,-2.63,-2.63,normal,abaixo,baixa,2,histórico dia_util (poucos dados),3.0
PT0002000068856655YV,17,0,historico,dia_util,6.0,8.5,0.85,-2.94,-2.94,normal,abaixo,baixa,2,histórico dia_util (poucos dados),3.0
PT0002000068856655YV,18,0,historico,dia_util,3.0,4.0,0.4,-2.5,-2.5,normal,abaixo,baixa,2,histórico dia_util (poucos dados),3.0
PT0002000068856655YV,19,0,historico,dia_util,3.0,3.0,1.41,0.0,0.0,normal,abaixo,baixa,2,histórico dia_util (poucos dados),3.0
PT0002000068856655YV,20,0,historico,dia_util,2.0,2.5,0.71,-0.71,-0.71,normal,abaixo,baixa,2,histórico dia_util (poucos dados),3.0
PT0002000068856655YV,21,0,historico,dia_util,24.0,3.67,3.79,5.37,5.37,desvio,acima,baixa,3,histórico dia_util (poucos dados),3.0
PT0002000068856655YV,22,0,historico,dia_util,24.0,4.0,2.65,7.56,7.56,desvio,acima,baixa,3,histórico dia_util (poucos dados),3.0
PT0002000068856655YV,23,0,historico,dia_util,3.0,2.0,0.3,3.33,3.33,desvio,acima,baixa,3,histórico dia_util (poucos dados),3.0
PT0002000068856781NM,0,0,historico,dia_util,112.0,115.5,11.55,-0.3,-0.3,normal,abaixo,baixa,2,histórico dia_util (poucos dados),3.0
PT0002000068856781NM,1,0,historico,dia_util,112.0,116.0,11.6,-0.34,-0.34,normal,abaixo,baixa,2,histórico dia_util (poucos dados),3.0
PT0002000068856781NM,2,0,historico,dia_util,114.0,113.5,11.35,0.04,0.04,normal,acima,baixa,2,histórico dia_util (poucos dados),3.0
PT0002000068856781NM,3,0,historico,dia_util,113.0,114.5,11.45,-0.13,-0.13,normal,abaixo,baixa,2,histórico dia_util (poucos dados),3.0
PT0002000068856781NM,4,0,historico,dia_util,112.0,114.0,11.4,-0.18,-0.18,normal,abaixo,baixa,2,histórico dia_util (poucos dados),3.0
PT0002000068856781NM,5,0,historico,dia_util,111.0,112.5,11.25,-0.13,-0.13,normal,abaixo,baixa,2,histórico dia_util (poucos dados),3.0
PT0002000068856781NM,6,0,historico,dia_util,113.0,114.5,11.45,-0.13,-0.13,normal,abaixo,baixa,2,histórico dia_util (poucos dados),3.0
PT0002000068856781NM,7,0,historico,dia_util,111.0,113.5,11.35,-0.22,-0.22,normal,abaixo,baixa,2,histórico dia_util (poucos dados),3.0
PT0002000068856781NM,8,0,historico,dia_util,114.0,116.0,11.6,-0.17,-0.17,normal,abaixo,baixa,2,histórico dia_util (poucos dados),3.0
PT0002000068856781NM,9,0,historico,dia_util,131.0,128.5,12.85,0.19,0.19,normal,acima,baixa,2,histórico dia_util (poucos dados),3.0
PT0002000068856781NM,10,0,historico,dia_util,134.0,134.0,13.4,0.0,0.0,normal,abaixo,baixa,2,histórico dia_util (poucos dados),3.0
PT0002000068856781NM,11,0,historico,dia_util,136.0,134.5,13.45,0.11,0.11,normal,acima,baixa,2,histórico dia_util (poucos dados),3.0
PT0002000068856781NM,12,0,historico,dia_util,132.0,130.0,13.0,0.15,0.15,normal,acima,baixa,2,histórico dia_util (poucos dados),3.0
PT0002000068856781NM,13,0,historico,dia_util,124.0,122.5,12.25,0.12,0.12,normal,acima,baixa,2,histórico dia_util (poucos dados),3.0
PT0002000068856781NM,14,0,historico,dia_util,134.0,133.5,13.35,0.04,0.04,normal,acima,baixa,2,histórico dia_util (poucos dados),3.0
PT0002000068856781NM,15,0,historico,dia_util,130.0,135.5,13.55,-0.41,-0.41,normal,abaixo,baixa,2,histórico dia_util (poucos dados),3.0
PT0002000068856781NM,16,0,historico,dia_util,128.0,133.0,13.3,-0.38,-0.38,normal,abaixo,baixa,2,histórico dia_util (poucos dados),3.0
PT0002000068856781NM,17,0,historico,dia_util,121.0,124.0,12.4,-0.24,-0.24,normal,abaixo,baixa,2,histórico dia_util (poucos dados),3.0
PT0002000068856781NM,18,0,historico,dia_util,110.0,117.0,11.7,-0.6,-0.6,normal,abaixo,baixa,2,histórico dia_util (poucos dados),3.0
PT0002000068856781NM,19,0,historico,dia_util,108.0,115.5,11.55,-0.65,-0.65,normal,abaixo,baixa,2,histórico dia_util (poucos dados),3.0
PT0002000068856781NM,20,0,historico,dia_util,108.0,114.0,11.4,-0.53,-0.53,normal,abaixo,baixa,2,histórico dia_util (poucos dados),3.0
PT0002000068856781NM,21,0,historico,dia_util,108.0,105.67,16.2,0.14,0.14,normal,acima,baixa,3,histórico dia_util (poucos dados),3.0
PT0002000068856781NM,22,0,historico,dia_util,108.0,114.33,11.43,-0.55,-0.55,normal,abaixo,baixa,3,histórico dia_util (poucos dados),3.0
PT0002000068856781NM,23,0,historico,dia_util,108.0,115.0,11.5,-0.61,-0.61,normal,abaixo,baixa,3,histórico dia_util (poucos dados),3.0
PT0002000068856826ZG,0,0,atribuido,dia_util,102.0,99.0,9.9,0.3,0.3,normal,acima,baixa,2,histórico dia_util (poucos dados),3.0
PT0002000068856826ZG,1,0,atribuido,dia_util,100.0,99.0,9.9,0.1,0.1,normal,acima,baixa,2,histórico dia_util (poucos dados),3.0
PT0002000068856826ZG,2,0,atribuido,dia_util,105.0,96.0,9.6,0.94,0.94,normal,acima,baixa,2,histórico dia_util (poucos dados),3.0
PT0002000068856826ZG,3,0,atribuido,dia_util,100.0,97.0,9.7,0.31,0.31,normal,acima,baixa,2,histórico dia_util (poucos dados),3.0
PT0002000068856826ZG,4,0,atribuido,dia_util,97.0,97.0,9.7,0.0,0.0,normal,abaixo,baixa,2,histórico dia_util (poucos dados),3.0
PT0002000068856826ZG,5,0,atribuido,dia_util,99.0,98.5,9.85,0.05,0.05,normal,acima,baixa,2,histórico dia_util (poucos dados),3.0
PT0002000068856826ZG,6,0,atribuido,dia_util,99.0,95.0,9.5,0.42,0.42,normal,acima,baixa,2,histórico dia_util (poucos dados),3.0
PT0002000068856826ZG,7,0,atribuido,dia_util,99.0,112.5,11.25,-1.2,-1.2,normal,abaixo,baixa,2,histórico dia_util (poucos dados),3.0
PT0002000068856826ZG,8,0,atribuido,dia_util,217.0,206.5,21.92,0.48,0.48,normal,acima,baixa,2,histórico dia_util (poucos dados),3.0
PT0002000068856826ZG,9,0,atribuido,dia_util,254.0,197.0,19.7,2.89,2.89,normal,acima,baixa,2,histórico dia_util (poucos dados),3.0
PT0002000068856826ZG,10,0,atribuido,dia_util,250.0,198.0,19.8,2.63,2.63,normal,acima,baixa,2,histórico dia_util (poucos dados),3.0
PT0002000068856826ZG,11,0,atribuido,dia_util,229.0,199.5,19.95,1.48,1.48,normal,acima,baixa,2,histórico dia_util (poucos dados),3.0
PT0002000068856826ZG,12,0,atribuido,dia_util,246.0,217.5,21.75,1.31,1.31,normal,acima,baixa,2,histórico dia_util (poucos dados),3.0
PT0002000068856826ZG,13,0,atribuido,dia_util,251.0,235.5,23.55,0.66,0.66,normal,acima,baixa,2,histórico dia_util (poucos dados),3.0
PT0002000068856826ZG,14,0,atribuido,dia_util,260.0,202.0,20.2,2.87,2.87,normal,acima,baixa,2,histórico dia_util (poucos dados),3.0
PT0002000068856826ZG,15,0,atribuido,dia_util,252.0,208.0,20.8,2.12,2.12,normal,acima,baixa,2,histórico dia_util (poucos dados),3.0
PT0002000068856826ZG,16,0,atribuido,dia_util,249.0,227.5,22.75,0.95,0.95,normal,acima,baixa,2,histórico dia_util (poucos dados),3.0
PT0002000068856826ZG,17,0,atribuido,dia_util,250.0,222.5,22.25,1.24,1.24,normal,acima,baixa,2,histórico dia_util (poucos dados),3.0
PT0002000068856826ZG,18,0,atribuido,dia_util,237.0,216.0,21.6,0.97,0.97,normal,acima,baixa,2,histórico dia_util (poucos dados),3.0
PT0002000068856826ZG,19,0,atribuido,dia_util,233.0,213.0,21.3,0.94,0.94,normal,acima,baixa,2,histórico dia_util (poucos dados),3.0
PT0002000068856826ZG,20,0,atribuido,dia_util,227.0,204.5,20.45,1.1,1.1,normal,acima,baixa,2,histórico dia_util (poucos dados),3.0
PT0002000068856826ZG,21,0,atribuido,dia_util,222.0,175.67,43.5,1.07,1.07,normal,acima,baixa,3,histórico dia_util (poucos dados),3.0
PT0002000068856826ZG,22,0,atribuido,dia_util,190.0,160.33,16.03,1.85,1.85,normal,acima,baixa,3,histórico dia_util (poucos dados),3.0
PT0002000068856826ZG,23,0,atribuido,dia_util,119.0,107.33,10.73,1.09,1.09,normal,acima,baixa,3,histórico dia_util (poucos dados),3.0
PT0002000068856872QG,0,1,historico,dia_util,0.0,0.5,0.71,-0.71,-0.71,normal,abaixo,baixa,2,histórico dia_util (poucos dados),3.0
PT0002000068856872QG,1,1,historico,dia_util,0.0,0.5,0.71,-0.71,-0.71,normal,abaixo,baixa,2,histórico dia_util (poucos dados),3.0
PT0002000068856872QG,2,1,historico,dia_util,0.0,1.5,0.71,-2.12,-2.12,normal,abaixo,baixa,2,histórico dia_util (poucos dados),3.0
PT0002000068856872QG,3,1,historico,dia_util,0.0,0.5,0.71,-0.71,-0.71,normal,abaixo,baixa,2,histórico dia_util (poucos dados),3.0
PT0002000068856872QG,4,1,historico,dia_util,2.0,0.0,0.3,6.67,6.67,desvio,acima,baixa,2,histórico dia_util (poucos dados),3.0
PT0002000068856872QG,5,1,historico,dia_util,1.0,0.5,0.71,0.71,0.71,normal,acima,baixa,2,histórico dia_util (poucos dados),3.0
PT0002000068856872QG,6,1,historico,dia_util,0.0,0.0,0.3,0.0,0.0,normal,abaixo,baixa,2,histórico dia_util (poucos dados),3.0
PT0002000068856872QG,7,1,historico,dia_util,0.0,1.5,2.12,-0.71,-0.71,normal,abaixo,baixa,2,histórico dia_util (poucos dados),3.0
PT0002000068856872QG,8,1,historico,dia_util,1.0,0.0,0.3,3.33,3.33,desvio,acima,baixa,2,histórico dia_util (poucos dados),3.0
PT0002000068856872QG,9,1,historico,dia_util,0.0,1.5,2.12,-0.71,-0.71,normal,abaixo,baixa,2,histórico dia_util (poucos dados),3.0
PT0002000068856872QG,10,1,historico,dia_util,2.0,0.0,0.3,6.67,6.67,desvio,acima,baixa,2,histórico dia_util (poucos dados),3.0
PT0002000068856872QG,11,1,historico,dia_util,17.0,0.0,0.3,10.0,56.67,desvio,acima,baixa,2,histórico dia_util (poucos dados),3.0
PT0002000068856872QG,12,1,historico,dia_util,0.0,0.5,0.71,-0.71,-0.71,normal,abaixo,baixa,2,histórico dia_util (poucos dados),3.0
PT0002000068856872QG,13,1,historico,dia_util,0.0,0.5,0.71,-0.71,-0.71,normal,abaixo,baixa,2,histórico dia_util (poucos dados),3.0
PT0002000068856872QG,14,1,historico,dia_util,0.0,0.5,0.71,-0.71,-0.71,normal,abaixo,baixa,2,histórico dia_util (poucos dados),3.0
PT0002000068856872QG,15,1,historico,dia_util,0.0,1.5,0.71,-2.12,-2.12,normal,abaixo,baixa,2,histórico dia_util (poucos dados),3.0
PT0002000068856872QG,16,1,historico,dia_util,0.0,0.5,0.71,-0.71,-0.71,normal,abaixo,baixa,2,histórico dia_util (poucos dados),3.0
PT0002000068856872QG,17,1,historico,dia_util,2.0,0.0,0.3,6.67,6.67,desvio,acima,baixa,2,histórico dia_util (poucos dados),3.0
PT0002000068856872QG,18,1,historico,dia_util,0.0,0.0,0.3,0.0,0.0,normal,abaixo,baixa,2,histórico dia_util (poucos dados),3.0
PT0002000068856872QG,19,1,historico,dia_util,0.0,0.5,0.71,-0.71,-0.71,normal,abaixo,baixa,2,histórico dia_util (poucos dados),3.0
PT0002000068856872QG,20,1,historico,dia_util,0.0,1.5,2.12,-0.71,-0.71,normal,abaixo,baixa,2,histórico dia_util (poucos dados),3.0
PT0002000068856872QG,21,1,historico,dia_util,0.0,0.0,0.3,0.0,0.0,normal,abaixo,baixa,3,histórico dia_util (poucos dados),3.0
PT0002000068856872QG,22,1,historico,dia_util,0.0,1.0,1.73,-0.58,-0.58,normal,abaixo,baixa,3,histórico dia_util (poucos dados),3.0
PT0002000068856872QG,23,1,historico,dia_util,0.0,0.33,0.58,-0.58,-0.58,normal,abaixo,baixa,3,histórico dia_util (poucos dados),3.0
PT0002000068856906VS,0,0,historico,dia_util,25.0,26.5,2.65,-0.57,-0.57,normal,abaixo,baixa,2,histórico dia_util (poucos dados),3.0
PT0002000068856906VS,1,0,historico,dia_util,25.0,27.0,2.83,-0.71,-0.71,normal,abaixo,baixa,2,histórico dia_util (poucos dados),3.0
PT0002000068856906VS,2,0,historico,dia_util,27.0,26.5,2.65,0.19,0.19,normal,acima,baixa,2,histórico dia_util (poucos dados),3.0
PT0002000068856906VS,3,0,historico,dia_util,25.0,27.0,2.7,-0.74,-0.74,normal,abaixo,baixa,2,histórico dia_util (poucos dados),3.0
PT0002000068856906VS,4,0,historico,dia_util,31.0,33.0,3.3,-0.61,-0.61,normal,abaixo,baixa,2,histórico dia_util (poucos dados),3.0
PT0002000068856906VS,5,0,historico,dia_util,31.0,32.0,3.2,-0.31,-0.31,normal,abaixo,baixa,2,histórico dia_util (poucos dados),3.0
PT0002000068856906VS,6,0,historico,dia_util,22.0,23.0,2.83,-0.35,-0.35,normal,abaixo,baixa,2,histórico dia_util (poucos dados),3.0
PT0002000068856906VS,7,0,historico,dia_util,22.0,20.5,2.05,0.73,0.73,normal,acima,baixa,2,histórico dia_util (poucos dados),3.0
PT0002000068856906VS,8,0,historico,dia_util,20.0,21.5,2.15,-0.7,-0.7,normal,abaixo,baixa,2,histórico dia_util (poucos dados),3.0
PT0002000068856906VS,9,0,historico,dia_util,29.0,27.5,2.75,0.55,0.55,normal,acima,baixa,2,histórico dia_util (poucos dados),3.0
PT0002000068856906VS,10,0,historico,dia_util,32.0,32.0,3.2,0.0,0.0,normal,abaixo,baixa,2,histórico dia_util (poucos dados),3.0
PT0002000068856906VS,11,0,historico,dia_util,28.0,33.5,9.19,-0.6,-0.6,normal,abaixo,baixa,2,histórico dia_util (poucos dados),3.0
PT0002000068856906VS,12,0,historico,dia_util,31.0,30.0,3.0,0.33,0.33,normal,acima,baixa,2,histórico dia_util (poucos dados),3.0
PT0002000068856906VS,13,0,historico,dia_util,56.0,37.5,9.19,2.01,2.01,normal,acima,baixa,2,histórico dia_util (poucos dados),3.0
PT0002000068856906VS,14,0,historico,dia_util,40.0,39.5,7.78,0.06,0.06,normal,acima,baixa,2,histórico dia_util (poucos dados),3.0
PT0002000068856906VS,15,0,historico,dia_util,34.0,33.5,3.35,0.15,0.15,normal,acima,baixa,2,histórico dia_util (poucos dados),3.0
PT0002000068856906VS,16,0,historico,dia_util,26.0,26.5,2.65,-0.19,-0.19,normal,abaixo,baixa,2,histórico dia_util (poucos dados),3.0
PT0002000068856906VS,17,0,historico,dia_util,20.0,21.5,2.15,-0.7,-0.7,normal,abaixo,baixa,2,histórico dia_util (poucos dados),3.0
PT0002000068856906VS,18,0,historico,dia_util,19.0,21.0,2.83,-0.71,-0.71,normal,abaixo,baixa,2,histórico dia_util (poucos dados),3.0
PT0002000068856906VS,19,0,historico,dia_util,20.0,21.0,2.1,-0.48,-0.48,normal,abaixo,baixa,2,histórico dia_util (poucos dados),3.0
PT0002000068856906VS,20,0,historico,dia_util,22.0,22.5,2.25,-0.22,-0.22,normal,abaixo,baixa,2,histórico dia_util (poucos dados),3.0
PT0002000068856906VS,21,0,historico,dia_util,32.0,27.33,3.79,1.23,1.23,normal,acima,baixa,3,histórico dia_util (poucos dados),3.0
PT0002000068856906VS,22,0,historico,dia_util,31.0,32.67,3.27,-0.51,-0.51,normal,abaixo,baixa,3,histórico dia_util (poucos dados),3.0
PT0002000068856906VS,23,0,historico,dia_util,30.0,32.67,3.27,-0.82,-0.82,normal,abaixo,baixa,3,histórico dia_util (poucos dados),3.0
PT0002000068856952LS,0,2,historico,dia_util,0.0,0.0,0.3,0.0,0.0,normal,abaixo,baixa,2,histórico dia_util (poucos dados),3.0
PT0002000068856952LS,1,2,historico,dia_util,0.0,0.5,0.71,-0.71,-0.71,normal,abaixo,baixa,2,histórico dia_util (poucos dados),3.0
PT0002000068856952LS,2,2,historico,dia_util,0.0,0.0,0.3,0.0,0.0,normal,abaixo,baixa,2,histórico dia_util (poucos dados),3.0
PT0002000068856952LS,3,2,historico,dia_util,0.0,0.0,0.3,0.0,0.0,normal,abaixo,baixa,2,histórico dia_util (poucos dados),3.0
PT0002000068856952LS,4,2,historico,dia_util,0.0,0.5,0.71,-0.71,-0.71,normal,abaixo,baixa,2,histórico dia_util (poucos dados),3.0
PT0002000068856952LS,5,2,historico,dia_util,0.0,0.0,0.3,0.0,0.0,normal,abaixo,baixa,2,histórico dia_util (poucos dados),3.0
PT0002000068856952LS,6,2,historico,dia_util,7.0,0.0,0.3,10.0,23.33,desvio,acima,baixa,2,histórico dia_util (poucos dados),3.0
PT0002000068856952LS,7,2,historico,dia_util,9.0,0.0,0.3,10.0,30.0,desvio,acima,baixa,2,histórico dia_util (poucos dados),3.0
PT0002000068856952LS,8,2,historico,dia_util,8.0,0.0,0.3,10.0,26.67,desvio,acima,baixa,2,histórico dia_util (poucos dados),3.0
PT0002000068856952LS,9,2,historico,dia_util,9.0,0.0,0.3,10.0,30.0,desvio,acima,baixa,2,histórico dia_util (poucos dados),3.0
PT0002000068856952LS,10,2,historico,dia_util,8.0,0.5,0.71,10.0,10.61,desvio,acima,baixa,2,histórico dia_util (poucos dados),3.0
PT0002000068856952LS,11,2,historico,dia_util,9.0,0.0,0.3,10.0,30.0,desvio,acima,baixa,2,histórico dia_util (poucos dados),3.0
PT0002000068856952LS,12,2,historico,dia_util,9.0,0.5,0.71,10.0,12.02,desvio,acima,baixa,2,histórico dia_util (poucos dados),3.0
PT0002000068856952LS,13,2,historico,dia_util,8.0,0.0,0.3,10.0,26.67,desvio,acima,baixa,2,histórico dia_util (poucos dados),3.0
PT0002000068856952LS,14,2,historico,dia_util,9.0,0.0,0.3,10.0,30.0,desvio,acima,baixa,2,histórico dia_util (poucos dados),3.0
PT0002000068856952LS,15,2,historico,dia_util,8.0,0.0,0.3,10.0,26.67,desvio,acima,baixa,2,histórico dia_util (poucos dados),3.0
PT0002000068856952LS,16,2,historico,dia_util,5.0,0.0,0.3,10.0,16.67,desvio,acima,baixa,2,histórico dia_util (poucos dados),3.0
PT0002000068856952LS,17,2,historico,dia_util,1.0,0.0,0.3,3.33,3.33,desvio,acima,baixa,2,histórico dia_util (poucos dados),3.0
PT0002000068856952LS,18,2,historico,dia_util,0.0,0.0,0.3,0.0,0.0,normal,abaixo,baixa,2,histórico dia_util (poucos dados),3.0
PT0002000068856952LS,19,2,historico,dia_util,0.0,0.5,0.71,-0.71,-0.71,normal,abaixo,baixa,2,histórico dia_util (poucos dados),3.0
PT0002000068856952LS,20,2,historico,dia_util,0.0,0.0,0.3,0.0,0.0,normal,abaixo,baixa,2,histórico dia_util (poucos dados),3.0
PT0002000068856952LS,21,2,historico,dia_util,0.0,0.33,0.58,-0.58,-0.58,normal,abaixo,baixa,3,histórico dia_util (poucos dados),3.0
PT0002000068856952LS,22,2,historico,dia_util,0.0,0.0,0.3,0.0,0.0,normal,abaixo,baixa,3,histórico dia_util (poucos dados),3.0
PT0002000068856952LS,23,2,historico,dia_util,0.0,0.0,0.3,0.0,0.0,normal,abaixo,baixa,3,histórico dia_util (poucos dados),3.0
PT0002000068856974CZ,0,0,atribuido,dia_util,10.0,12.5,1.25,-2.0,-2.0,normal,abaixo,baixa,2,histórico dia_util (poucos dados),3.0
PT0002000068856974CZ,1,0,atribuido,dia_util,12.0,10.5,2.12,0.71,0.71,normal,acima,baixa,2,histórico dia_util (poucos dados),3.0
PT0002000068856974CZ,2,0,atribuido,dia_util,10.0,12.0,1.2,-1.67,-1.67,normal,abaixo,baixa,2,histórico dia_util (poucos dados),3.0
PT0002000068856974CZ,3,0,atribuido,dia_util,10.0,11.5,3.54,-0.42,-0.42,normal,abaixo,baixa,2,histórico dia_util (poucos dados),3.0
PT0002000068856974CZ,4,0,atribuido,dia_util,11.0,11.5,1.15,-0.43,-0.43,normal,abaixo,baixa,2,histórico dia_util (poucos dados),3.0
PT0002000068856974CZ,5,0,atribuido,dia_util,11.0,11.0,1.1,0.0,0.0,normal,abaixo,baixa,2,histórico dia_util (poucos dados),3.0
PT0002000068856974CZ,6,0,atribuido,dia_util,10.0,11.5,1.15,-1.3,-1.3,normal,abaixo,baixa,2,histórico dia_util (poucos dados),3.0
PT0002000068856974CZ,7,0,atribuido,dia_util,15.0,16.0,4.24,-0.24,-0.24,normal,abaixo,baixa,2,histórico dia_util (poucos dados),3.0
PT0002000068856974CZ,8,0,atribuido,dia_util,38.0,35.5,7.78,0.32,0.32,normal,acima,baixa,2,histórico dia_util (poucos dados),3.0
PT0002000068856974CZ,9,0,atribuido,dia_util,47.0,43.5,10.61,0.33,0.33,normal,acima,baixa,2,histórico dia_util (poucos dados),3.0
PT0002000068856974CZ,10,0,atribuido,dia_util,46.0,47.0,4.7,-0.21,-0.21,normal,abaixo,baixa,2,histórico dia_util (poucos dados),3.0
PT0002000068856974CZ,11,0,atribuido,dia_util,47.0,47.5,7.78,-0.06,-0.06,normal,abaixo,baixa,2,histórico dia_util (poucos dados),3.0
PT0002000068856974CZ,12,0,atribuido,dia_util,53.0,46.5,4.65,1.4,1.4,normal,acima,baixa,2,histórico dia_util (poucos dados),3.0
PT0002000068856974CZ,13,0,atribuido,dia_util,49.0,51.0,5.1,-0.39,-0.39,normal,abaixo,baixa,2,histórico dia_util (poucos dados),3.0
PT0002000068856974CZ,14,0,atribuido,dia_util,54.0,50.5,5.05,0.69,0.69,normal,acima,baixa,2,histórico dia_util (poucos dados),3.0
PT0002000068856974CZ,15,0,atribuido,dia_util,57.0,45.0,7.07,1.7,1.7,normal,acima,baixa,2,histórico dia_util (poucos dados),3.0
PT0002000068856974CZ,16,0,atribuido,dia_util,55.0,35.5,3.55,5.49,5.49,desvio,acima,baixa,2,histórico dia_util (poucos dados),3.0
PT0002000068856974CZ,17,0,atribuido,dia_util,34.0,35.5,7.78,-0.19,-0.19,normal,abaixo,baixa,2,histórico dia_util (poucos dados),3.0
PT0002000068856974CZ,18,0,atribuido,dia_util,28.0,34.0,4.24,-1.41,-1.41,normal,abaixo,baixa,2,histórico dia_util (poucos dados),3.0
PT0002000068856974CZ,19,0,atribuido,dia_util,25.0,27.5,2.75,-0.91,-0.91,normal,abaixo,baixa,2,histórico dia_util (poucos dados),3.0
PT0002000068856974CZ,20,0,atribuido,dia_util,14.0,14.5,2.12,-0.24,-0.24,normal,abaixo,baixa,2,histórico dia_util (poucos dados),3.0
PT0002000068856974CZ,21,0,atribuido,dia_util,10.0,10.33,1.03,-0.32,-0.32,normal,abaixo,baixa,3,histórico dia_util (poucos dados),3.0
PT0002000068856974CZ,22,0,atribuido,dia_util,12.0,11.67,1.17,0.29,0.29,normal,acima,baixa,3,histórico dia_util (poucos dados),3.0
PT0002000068856974CZ,23,0,atribuido,dia_util,9.0,10.67,1.15,-1.44,-1.44,normal,abaixo,baixa,3,histórico dia_util (poucos dados),3.0
PT0002000068857099AR,0,1,historico,dia_util,5.0,4.5,0.71,0.71,0.71,normal,acima,baixa,2,histórico dia_util (poucos dados),3.0
PT0002000068857099AR,1,1,historico,dia_util,6.0,4.0,0.4,5.0,5.0,desvio,acima,baixa,2,histórico dia_util (poucos dados),3.0
PT0002000068857099AR,2,1,historico,dia_util,5.0,5.0,0.5,0.0,0.0,normal,abaixo,baixa,2,histórico dia_util (poucos dados),3.0
PT0002000068857099AR,3,1,historico,dia_util,4.0,4.0,0.4,0.0,0.0,normal,abaixo,baixa,2,histórico dia_util (poucos dados),3.0
PT0002000068857099AR,4,1,historico,dia_util,6.0,4.0,0.4,5.0,5.0,desvio,acima,baixa,2,histórico dia_util (poucos dados),3.0
PT0002000068857099AR,5,1,historico,dia_util,5.0,4.5,0.71,0.71,0.71,normal,acima,baixa,2,histórico dia_util (poucos dados),3.0
PT0002000068857099AR,6,1,historico,dia_util,4.0,4.0,0.4,0.0,0.0,normal,abaixo,baixa,2,histórico dia_util (poucos dados),3.0
PT0002000068857099AR,7,1,historico,dia_util,4.0,4.0,0.4,0.0,0.0,normal,abaixo,baixa,2,histórico dia_util (poucos dados),3.0
PT0002000068857099AR,8,1,historico,dia_util,4.0,4.5,0.71,-0.71,-0.71,normal,abaixo,baixa,2,histórico dia_util (poucos dados),3.0
PT0002000068857099AR,9,1,historico,dia_util,4.0,4.0,1.41,0.0,0.0,normal,abaixo,baixa,2,histórico dia_util (poucos dados),3.0
PT0002000068857099AR,10,1,historico,dia_util,5.0,4.0,0.4,2.5,2.5,normal,acima,baixa,2,histórico dia_util (poucos dados),3.0
PT0002000068857099AR,11,1,historico,dia_util,4.0,4.0,0.4,0.0,0.0,normal,abaixo,baixa,2,histórico dia_util (poucos dados),3.0
PT0002000068857099AR,12,1,historico,dia_util,4.0,4.0,0.4,0.0,0.0,normal,abaixo,baixa,2,histórico dia_util (poucos dados),3.0
PT0002000068857099AR,13,1,historico,dia_util,4.0,4.5,0.71,-0.71,-0.71,normal,abaixo,baixa,2,histórico dia_util (poucos dados),3.0
PT0002000068857099AR,14,1,historico,dia_util,4.0,4.0,0.4,0.0,0.0,normal,abaixo,baixa,2,histórico dia_util (poucos dados),3.0
PT0002000068857099AR,15,1,historico,dia_util,5.0,4.5,0.71,0.71,0.71,normal,acima,baixa,2,histórico dia_util (poucos dados),3.0
PT0002000068857099AR,16,1,historico,dia_util,5.0,4.5,0.71,0.71,0.71,normal,acima,baixa,2,histórico dia_util (poucos dados),3.0
PT0002000068857099AR,17,1,historico,dia_util,5.0,5.0,1.41,0.0,0.0,normal,abaixo,baixa,2,histórico dia_util (poucos dados),3.0
PT0002000068857099AR,18,1,historico,dia_util,13.0,12.5,1.25,0.4,0.4,normal,acima,baixa,2,histórico dia_util (poucos dados),3.0
PT0002000068857099AR,19,1,historico,dia_util,9.0,11.0,2.83,-0.71,-0.71,normal,abaixo,baixa,2,histórico dia_util (poucos dados),3.0
PT0002000068857099AR,20,1,historico,dia_util,8.0,18.0,4.24,-2.36,-2.36,normal,abaixo,baixa,2,histórico dia_util (poucos dados),3.0
PT0002000068857099AR,21,1,historico,dia_util,10.0,28.33,21.13,-0.87,-0.87,normal,abaixo,baixa,3,histórico dia_util (poucos dados),3.0
PT0002000068857099AR,22,1,historico,dia_util,40.0,17.67,20.31,1.1,1.1,normal,acima,baixa,3,histórico dia_util (poucos dados),3.0
PT0002000068857099AR,23,1,historico,dia_util,19.0,16.0,19.05,0.16,0.16,normal,acima,baixa,3,histórico dia_util (poucos dados),3.0
PT0002000068857897ZV,0,0,historico,dia_util,26.0,26.5,2.65,-0.19,-0.19,normal,abaixo,baixa,2,histórico dia_util (poucos dados),3.0
PT0002000068857897ZV,1,0,historico,dia_util,26.0,26.5,2.65,-0.19,-0.19,normal,abaixo,baixa,2,histórico dia_util (poucos dados),3.0
PT0002000068857897ZV,2,0,historico,dia_util,27.0,26.0,2.6,0.38,0.38,normal,acima,baixa,2,histórico dia_util (poucos dados),3.0
PT0002000068857897ZV,3,0,historico,dia_util,25.0,26.0,2.6,-0.38,-0.38,normal,abaixo,baixa,2,histórico dia_util (poucos dados),3.0
PT0002000068857897ZV,4,0,historico,dia_util,24.0,24.5,2.45,-0.2,-0.2,normal,abaixo,baixa,2,histórico dia_util (poucos dados),3.0
PT0002000068857897ZV,5,0,historico,dia_util,26.0,26.0,2.6,0.0,0.0,normal,abaixo,baixa,2,histórico dia_util (poucos dados),3.0
PT0002000068857897ZV,6,0,historico,dia_util,27.0,26.0,2.6,0.38,0.38,normal,acima,baixa,2,histórico dia_util (poucos dados),3.0
PT0002000068857897ZV,7,0,historico,dia_util,26.0,27.0,2.7,-0.37,-0.37,normal,abaixo,baixa,2,histórico dia_util (poucos dados),3.0
PT0002000068857897ZV,8,0,historico,dia_util,31.0,29.0,2.9,0.69,0.69,normal,acima,baixa,2,histórico dia_util (poucos dados),3.0
PT0002000068857897ZV,9,0,historico,dia_util,62.0,50.0,18.38,0.65,0.65,normal,acima,baixa,2,histórico dia_util (poucos dados),3.0
PT0002000068857897ZV,10,0,historico,dia_util,54.0,53.0,19.8,0.05,0.05,normal,acima,baixa,2,histórico dia_util (poucos dados),3.0
PT0002000068857897ZV,11,0,historico,dia_util,53.0,46.5,12.02,0.54,0.54,normal,acima,baixa,2,histórico dia_util (poucos dados),3.0
PT0002000068857897ZV,12,0,historico,dia_util,52.0,42.5,7.78,1.22,1.22,normal,acima,baixa,2,histórico dia_util (poucos dados),3.0
PT0002000068857897ZV,13,0,historico,dia_util,53.0,44.0,5.66,1.59,1.59,normal,acima,baixa,2,histórico dia_util (poucos dados),3.0
PT0002000068857897ZV,14,0,historico,dia_util,55.0,43.5,6.36,1.81,1.81,normal,acima,baixa,2,histórico dia_util (poucos dados),3.0
PT0002000068857897ZV,15,0,historico,dia_util,49.0,51.0,11.31,-0.18,-0.18,normal,abaixo,baixa,2,histórico dia_util (poucos dados),3.0
PT0002000068857897ZV,16,0,historico,dia_util,46.0,51.0,11.31,-0.44,-0.44,normal,abaixo,baixa,2,histórico dia_util (poucos dados),3.0
PT0002000068857897ZV,17,0,historico,dia_util,38.0,32.5,3.25,1.69,1.69,normal,acima,baixa,2,histórico dia_util (poucos dados),3.0
PT0002000068857897ZV,18,0,historico,dia_util,36.0,27.5,2.75,3.09,3.09,desvio,acima,baixa,2,histórico dia_util (poucos dados),3.0
PT0002000068857897ZV,19,0,historico,dia_util,30.0,27.5,2.75,0.91,0.91,normal,acima,baixa,2,histórico dia_util (poucos dados),3.0
PT0002000068857897ZV,20,0,historico,dia_util,26.0,26.0,2.6,0.0,0.0,normal,abaixo,baixa,2,histórico dia_util (poucos dados),3.0
PT0002000068857897ZV,21,0,historico,dia_util,26.0,23.67,4.16,0.56,0.56,normal,acima,baixa,3,histórico dia_util (poucos dados),3.0
PT0002000068857897ZV,22,0,historico,dia_util,27.0,25.67,2.57,0.52,0.52,normal,acima,baixa,3,histórico dia_util (poucos dados),3.0
PT0002000068857897ZV,23,0,historico,dia_util,25.0,26.0,2.6,-0.38,-0.38,normal,abaixo,baixa,3,histórico dia_util (poucos dados),3.0
PT0002000068857909SY,0,1,historico,dia_util,4.0,4.5,3.54,-0.14,-0.14,normal,abaixo,baixa,2,histórico dia_util (poucos dados),3.0
PT0002000068857909SY,1,1,historico,dia_util,3.0,4.5,3.54,-0.42,-0.42,normal,abaixo,baixa,2,histórico dia_util (poucos dados),3.0
PT0002000068857909SY,2,1,historico,dia_util,4.0,5.0,2.83,-0.35,-0.35,normal,abaixo,baixa,2,histórico dia_util (poucos dados),3.0
PT0002000068857909SY,3,1,historico,dia_util,4.0,4.5,3.54,-0.14,-0.14,normal,abaixo,baixa,2,histórico dia_util (poucos dados),3.0
PT0002000068857909SY,4,1,historico,dia_util,3.0,4.0,2.83,-0.35,-0.35,normal,abaixo,baixa,2,histórico dia_util (poucos dados),3.0
PT0002000068857909SY,5,1,historico,dia_util,3.0,4.5,3.54,-0.42,-0.42,normal,abaixo,baixa,2,histórico dia_util (poucos dados),3.0
PT0002000068857909SY,6,1,historico,dia_util,4.0,4.5,3.54,-0.14,-0.14,normal,abaixo,baixa,2,histórico dia_util (poucos dados),3.0
PT0002000068857909SY,7,1,historico,dia_util,4.0,4.5,3.54,-0.14,-0.14,normal,abaixo,baixa,2,histórico dia_util (poucos dados),3.0
PT0002000068857909SY,8,1,historico,dia_util,4.0,5.0,2.83,-0.35,-0.35,normal,abaixo,baixa,2,histórico dia_util (poucos dados),3.0
PT0002000068857909SY,9,1,historico,dia_util,10.0,6.5,0.71,4.95,4.95,desvio,acima,baixa,2,histórico dia_util (poucos dados),3.0
PT0002000068857909SY,10,1,historico,dia_util,8.0,7.5,0.75,0.67,0.67,normal,acima,baixa,2,histórico dia_util (poucos dados),3.0
PT0002000068857909SY,11,1,historico,dia_util,8.0,7.5,0.75,0.67,0.67,normal,acima,baixa,2,histórico dia_util (poucos dados),3.0
PT0002000068857909SY,12,1,historico,dia_util,8.0,7.5,0.75,0.67,0.67,normal,acima,baixa,2,histórico dia_util (poucos dados),3.0
PT0002000068857909SY,13,1,historico,dia_util,8.0,7.0,0.7,1.43,1.43,normal,acima,baixa,2,histórico dia_util (poucos dados),3.0
PT0002000068857909SY,14,1,historico,dia_util,7.0,7.0,0.7,0.0,0.0,normal,abaixo,baixa,2,histórico dia_util (poucos dados),3.0
PT0002000068857909SY,15,1,historico,dia_util,7.0,7.0,0.7,0.0,0.0,normal,abaixo,baixa,2,histórico dia_util (poucos dados),3.0
PT0002000068857909SY,16,1,historico,dia_util,7.0,7.0,1.41,0.0,0.0,normal,abaixo,baixa,2,histórico dia_util (poucos dados),3.0
PT0002000068857909SY,17,1,historico,dia_util,2.0,5.5,2.12,-1.65,-1.65,normal,abaixo,baixa,2,histórico dia_util (poucos dados),3.0
PT0002000068857909SY,18,1,historico,dia_util,2.0,5.5,2.12,-1.65,-1.65,normal,abaixo,baixa,2,histórico dia_util (poucos dados),3.0
PT0002000068857909SY,19,1,historico,dia_util,2.0,5.0,2.83,-1.06,-1.06,normal,abaixo,baixa,2,histórico dia_util (poucos dados),3.0
PT0002000068857909SY,20,1,historico,dia_util,2.0,5.5,2.12,-1.65,-1.65,normal,abaixo,baixa,2,histórico dia_util (poucos dados),3.0
PT0002000068857909SY,21,1,historico,dia_util,3.0,4.33,2.52,-0.53,-0.53,normal,abaixo,baixa,3,histórico dia_util (poucos dados),3.0
PT0002000068857909SY,22,1,historico,dia_util,2.0,4.0,2.65,-0.76,-0.76,normal,abaixo,baixa,3,histórico dia_util (poucos dados),3.0
PT0002000068857909SY,23,1,historico,dia_util,2.0,4.33,2.52,-0.93,-0.93,normal,abaixo,baixa,3,histórico dia_util (poucos dados),3.0
PT0002000068858231YY,0,0,atribuido,dia_util,23.0,25.0,2.5,-0.8,-0.8,normal,abaixo,baixa,2,histórico dia_util (poucos dados),3.0
PT0002000068858231YY,1,0,atribuido,dia_util,24.0,24.0,2.4,0.0,0.0,normal,abaixo,baixa,2,histórico dia_util (poucos dados),3.0
PT0002000068858231YY,2,0,atribuido,dia_util,23.0,23.0,2.3,0.0,0.0,normal,abaixo,baixa,2,histórico dia_util (poucos dados),3.0
PT0002000068858231YY,3,0,atribuido,dia_util,23.0,24.0,2.4,-0.42,-0.42,normal,abaixo,baixa,2,histórico dia_util (poucos dados),3.0
PT0002000068858231YY,4,0,atribuido,dia_util,24.0,23.5,2.35,0.21,0.21,normal,acima,baixa,2,histórico dia_util (poucos dados),3.0
PT0002000068858231YY,5,0,atribuido,dia_util,23.0,23.5,2.35,-0.21,-0.21,normal,abaixo,baixa,2,histórico dia_util (poucos dados),3.0
PT0002000068858231YY,6,0,atribuido,dia_util,25.0,22.0,2.2,1.36,1.36,normal,acima,baixa,2,histórico dia_util (poucos dados),3.0
PT0002000068858231YY,7,0,atribuido,dia_util,17.0,15.5,1.55,0.97,0.97,normal,acima,baixa,2,histórico dia_util (poucos dados),3.0
PT0002000068858231YY,8,0,atribuido,dia_util,22.0,20.0,2.0,1.0,1.0,normal,acima,baixa,2,histórico dia_util (poucos dados),3.0
PT0002000068858231YY,9,0,atribuido,dia_util,33.0,35.5,3.55,-0.7,-0.7,normal,abaixo,baixa,2,histórico dia_util (poucos dados),3.0
PT0002000068858231YY,10,0,atribuido,dia_util,37.0,38.5,3.85,-0.39,-0.39,normal,abaixo,baixa,2,histórico dia_util (poucos dados),3.0
PT0002000068858231YY,11,0,atribuido,dia_util,27.0,36.0,3.6,-2.5,-2.5,normal,abaixo,baixa,2,histórico dia_util (poucos dados),3.0
PT0002000068858231YY,12,0,atribuido,dia_util,28.0,37.0,3.7,-2.43,-2.43,normal,abaixo,baixa,2,histórico dia_util (poucos dados),3.0
PT0002000068858231YY,13,0,atribuido,dia_util,24.0,29.5,2.95,-1.86,-1.86,normal,abaixo,baixa,2,histórico dia_util (poucos dados),3.0
PT0002000068858231YY,14,0,atribuido,dia_util,30.0,34.5,3.45,-1.3,-1.3,normal,abaixo,baixa,2,histórico dia_util (poucos dados),3.0
PT0002000068858231YY,15,0,atribuido,dia_util,29.0,38.0,3.8,-2.37,-2.37,normal,abaixo,baixa,2,histórico dia_util (poucos dados),3.0
PT0002000068858231YY,16,0,atribuido,dia_util,29.0,29.0,2.9,0.0,0.0,normal,abaixo,baixa,2,histórico dia_util (poucos dados),3.0
PT0002000068858231YY,17,0,atribuido,dia_util,18.0,17.0,1.7,0.59,0.59,normal,acima,baixa,2,histórico dia_util (poucos dados),3.0
PT0002000068858231YY,18,0,atribuido,dia_util,17.0,15.5,1.55,0.97,0.97,normal,acima,baixa,2,histórico dia_util (poucos dados),3.0
PT0002000068858231YY,19,0,atribuido,dia_util,15.0,16.0,1.6,-0.62,-0.62,normal,abaixo,baixa,2,histórico dia_util (poucos dados),3.0
PT0002000068858231YY,20,0,atribuido,dia_util,16.0,15.0,1.5,0.67,0.67,normal,acima,baixa,2,histórico dia_util (poucos dados),3.0
PT0002000068858231YY,21,0,atribuido,dia_util,17.0,15.67,2.31,0.58,0.58,normal,acima,baixa,3,histórico dia_util (poucos dados),3.0
PT0002000068858231YY,22,0,atribuido,dia_util,20.0,17.67,1.77,1.32,1.32,normal,acima,baixa,3,histórico dia_util (poucos dados),3.0
PT0002000068858231YY,23,0,atribuido,dia_util,22.0,20.33,2.03,0.82,0.82,normal,acima,baixa,3,histórico dia_util (poucos dados),3.0
PT0002000068858674WN,0,1,atribuido,dia_util,4.0,8.0,0.8,-5.0,-5.0,desvio,abaixo,baixa,2,histórico dia_util (poucos dados),3.0
PT0002000068858674WN,1,1,atribuido,dia_util,8.0,6.0,2.83,0.71,0.71,normal,acima,baixa,2,histórico dia_util (poucos dados),3.0
PT0002000068858674WN,2,1,atribuido,dia_util,4.0,8.0,0.8,-5.0,-5.0,desvio,abaixo,baixa,2,histórico dia_util (poucos dados),3.0
PT0002000068858674WN,3,1,atribuido,dia_util,8.0,6.0,2.83,0.71,0.71,normal,acima,baixa,2,histórico dia_util (poucos dados),3.0
PT0002000068858674WN,4,1,atribuido,dia_util,8.0,8.0,0.8,0.0,0.0,normal,abaixo,baixa,2,histórico dia_util (poucos dados),3.0
PT0002000068858674WN,5,1,atribuido,dia_util,4.0,8.0,0.8,-5.0,-5.0,desvio,abaixo,baixa,2,histórico dia_util (poucos dados),3.0
PT0002000068858674WN,6,1,atribuido,dia_util,8.0,6.0,2.83,0.71,0.71,normal,acima,baixa,2,histórico dia_util (poucos dados),3.0
PT0002000068858674WN,7,1,atribuido,dia_util,4.0,8.0,0.8,-5.0,-5.0,desvio,abaixo,baixa,2,histórico dia_util (poucos dados),3.0
PT0002000068858674WN,8,1,atribuido,dia_util,8.0,6.0,2.83,0.71,0.71,normal,acima,baixa,2,histórico dia_util (poucos dados),3.0
PT0002000068858674WN,9,1,atribuido,dia_util,4.0,8.0,0.8,-5.0,-5.0,desvio,abaixo,baixa,2,histórico dia_util (poucos dados),3.0
PT0002000068858674WN,10,1,atribuido,dia_util,12.0,8.0,0.8,5.0,5.0,desvio,acima,baixa,2,histórico dia_util (poucos dados),3.0
PT0002000068858674WN,11,1,atribuido,dia_util,8.0,8.0,0.8,0.0,0.0,normal,abaixo,baixa,2,histórico dia_util (poucos dados),3.0
PT0002000068858674WN,12,1,atribuido,dia_util,8.0,8.0,0.8,0.0,0.0,normal,abaixo,baixa,2,histórico dia_util (poucos dados),3.0
PT0002000068858674WN,13,1,atribuido,dia_util,4.0,6.0,2.83,-0.71,-0.71,normal,abaixo,baixa,2,histórico dia_util (poucos dados),3.0
PT0002000068858674WN,14,1,atribuido,dia_util,8.0,6.0,2.83,0.71,0.71,normal,acima,baixa,2,histórico dia_util (poucos dados),3.0
PT0002000068858674WN,15,1,atribuido,dia_util,4.0,8.0,5.66,-0.71,-0.71,normal,abaixo,baixa,2,histórico dia_util (poucos dados),3.0
PT0002000068858674WN,16,1,atribuido,dia_util,8.0,8.0,0.8,0.0,0.0,normal,abaixo,baixa,2,histórico dia_util (poucos dados),3.0
PT0002000068858674WN,17,1,atribuido,dia_util,4.0,8.0,0.8,-5.0,-5.0,desvio,abaixo,baixa,2,histórico dia_util (poucos dados),3.0
PT0002000068858674WN,18,1,atribuido,dia_util,8.0,6.0,2.83,0.71,0.71,normal,acima,baixa,2,histórico dia_util (poucos dados),3.0
PT0002000068858674WN,19,1,atribuido,dia_util,4.0,6.0,2.83,-0.71,-0.71,normal,abaixo,baixa,2,histórico dia_util (poucos dados),3.0
PT0002000068858674WN,20,1,atribuido,dia_util,8.0,6.0,2.83,0.71,0.71,normal,acima,baixa,2,histórico dia_util (poucos dados),3.0
PT0002000068858674WN,21,1,atribuido,dia_util,8.0,14.67,11.55,-0.58,-0.58,normal,abaixo,baixa,3,histórico dia_util (poucos dados),3.0
PT0002000068858674WN,22,1,atribuido,dia_util,4.0,6.67,2.31,-1.15,-1.15,normal,abaixo,baixa,3,histórico dia_util (poucos dados),3.0
PT0002000068858674WN,23,1,atribuido,dia_util,8.0,8.0,0.8,0.0,0.0,normal,abaixo,baixa,3,histórico dia_util (poucos dados),3.0
PT0002000068859187RL,0,0,historico,dia_util,11.0,11.5,1.15,-0.43,-0.43,normal,abaixo,baixa,2,histórico dia_util (poucos dados),3.0
PT0002000068859187RL,1,0,historico,dia_util,10.0,10.5,1.05,-0.48,-0.48,normal,abaixo,baixa,2,histórico dia_util (poucos dados),3.0
PT0002000068859187RL,2,0,historico,dia_util,11.0,10.5,1.05,0.48,0.48,normal,acima,baixa,2,histórico dia_util (poucos dados),3.0
PT0002000068859187RL,3,0,historico,dia_util,10.0,11.0,1.1,-0.91,-0.91,normal,abaixo,baixa,2,histórico dia_util (poucos dados),3.0
PT0002000068859187RL,4,0,historico,dia_util,9.0,9.0,0.9,0.0,0.0,normal,abaixo,baixa,2,histórico dia_util (poucos dados),3.0
PT0002000068859187RL,5,0,historico,dia_util,9.0,10.5,1.05,-1.43,-1.43,normal,abaixo,baixa,2,histórico dia_util (poucos dados),3.0
PT0002000068859187RL,6,0,historico,dia_util,10.0,10.0,1.0,0.0,0.0,normal,abaixo,baixa,2,histórico dia_util (poucos dados),3.0
PT0002000068859187RL,7,0,historico,dia_util,22.0,21.5,3.54,0.14,0.14,normal,acima,baixa,2,histórico dia_util (poucos dados),3.0
PT0002000068859187RL,8,0,historico,dia_util,49.0,51.0,5.66,-0.35,-0.35,normal,abaixo,baixa,2,histórico dia_util (poucos dados),3.0
PT0002000068859187RL,9,0,historico,dia_util,59.0,38.0,3.8,5.53,5.53,desvio,acima,baixa,2,histórico dia_util (poucos dados),3.0
PT0002000068859187RL,10,0,historico,dia_util,60.0,43.0,4.3,3.95,3.95,desvio,acima,baixa,2,histórico dia_util (poucos dados),3.0
PT0002000068859187RL,11,0,historico,dia_util,72.0,37.0,3.7,9.46,9.46,desvio,acima,baixa,2,histórico dia_util (poucos dados),3.0
PT0002000068859187RL,12,0,historico,dia_util,57.0,39.0,4.24,4.24,4.24,desvio,acima,baixa,2,histórico dia_util (poucos dados),3.0
PT0002000068859187RL,13,0,historico,dia_util,59.0,40.5,4.05,4.57,4.57,desvio,acima,baixa,2,histórico dia_util (poucos dados),3.0
PT0002000068859187RL,14,0,historico,dia_util,57.0,37.5,3.75,5.2,5.2,desvio,acima,baixa,2,histórico dia_util (poucos dados),3.0
PT0002000068859187RL,15,0,historico,dia_util,52.0,32.0,3.2,6.25,6.25,desvio,acima,baixa,2,histórico dia_util (poucos dados),3.0
PT0002000068859187RL,16,0,historico,dia_util,47.0,16.0,4.24,7.31,7.31,desvio,acima,baixa,2,histórico dia_util (poucos dados),3.0
PT0002000068859187RL,17,0,historico,dia_util,44.0,11.0,1.1,10.0,30.0,desvio,acima,baixa,2,histórico dia_util (poucos dados),3.0
PT0002000068859187RL,18,0,historico,dia_util,25.0,11.0,1.1,10.0,12.73,desvio,acima,baixa,2,histórico dia_util (poucos dados),3.0
PT0002000068859187RL,19,0,historico,dia_util,11.0,11.0,1.41,0.0,0.0,normal,abaixo,baixa,2,histórico dia_util (poucos dados),3.0
PT0002000068859187RL,20,0,historico,dia_util,11.0,11.5,1.15,-0.43,-0.43,normal,abaixo,baixa,2,histórico dia_util (poucos dados),3.0
PT0002000068859187RL,21,0,historico,dia_util,10.0,9.67,1.53,0.22,0.22,normal,acima,baixa,3,histórico dia_util (poucos dados),3.0
PT0002000068859187RL,22,0,historico,dia_util,10.0,9.33,0.93,0.71,0.71,normal,acima,baixa,3,histórico dia_util (poucos dados),3.0
PT0002000068859187RL,23,0,historico,dia_util,10.0,9.67,0.97,0.34,0.34,normal,acima,baixa,3,histórico dia_util (poucos dados),3.0
PT0002000068859325FL,0,1,historico,dia_util,44.0,44.0,5.66,0.0,0.0,normal,abaixo,baixa,2,histórico dia_util (poucos dados),3.0
PT0002000068859325FL,1,1,historico,dia_util,44.0,42.0,4.2,0.48,0.48,normal,acima,baixa,2,histórico dia_util (poucos dados),3.0
PT0002000068859325FL,2,1,historico,dia_util,48.0,44.0,4.4,0.91,0.91,normal,acima,baixa,2,histórico dia_util (poucos dados),3.0
PT0002000068859325FL,3,1,historico,dia_util,44.0,38.0,3.8,1.58,1.58,normal,acima,baixa,2,histórico dia_util (poucos dados),3.0
PT0002000068859325FL,4,1,historico,dia_util,40.0,40.0,4.0,0.0,0.0,normal,abaixo,baixa,2,histórico dia_util (poucos dados),3.0
PT0002000068859325FL,5,1,historico,dia_util,44.0,38.0,3.8,1.58,1.58,normal,acima,baixa,2,histórico dia_util (poucos dados),3.0
PT0002000068859325FL,6,1,historico,dia_util,36.0,34.0,3.4,0.59,0.59,normal,acima,baixa,2,histórico dia_util (poucos dados),3.0
PT0002000068859325FL,7,1,historico,dia_util,100.0,96.0,9.6,0.42,0.42,normal,acima,baixa,2,histórico dia_util (poucos dados),3.0
PT0002000068859325FL,8,1,historico,dia_util,96.0,68.0,6.8,4.12,4.12,desvio,acima,baixa,2,histórico dia_util (poucos dados),3.0
PT0002000068859325FL,9,1,historico,dia_util,120.0,96.0,9.6,2.5,2.5,normal,acima,baixa,2,histórico dia_util (poucos dados),3.0
PT0002000068859325FL,10,1,historico,dia_util,116.0,100.0,10.0,1.6,1.6,normal,acima,baixa,2,histórico dia_util (poucos dados),3.0
PT0002000068859325FL,11,1,historico,dia_util,108.0,112.0,11.2,-0.36,-0.36,normal,abaixo,baixa,2,histórico dia_util (poucos dados),3.0
PT0002000068859325FL,12,1,historico,dia_util,132.0,106.0,10.6,2.45,2.45,normal,acima,baixa,2,histórico dia_util (poucos dados),3.0
PT0002000068859325FL,13,1,historico,dia_util,140.0,92.0,9.2,5.22,5.22,desvio,acima,baixa,2,histórico dia_util (poucos dados),3.0
PT0002000068859325FL,14,1,historico,dia_util,184.0,112.0,22.63,3.18,3.18,desvio,acima,baixa,2,histórico dia_util (poucos dados),3.0
PT0002000068859325FL,15,1,historico,dia_util,180.0,164.0,22.63,0.71,0.71,normal,acima,baixa,2,histórico dia_util (poucos dados),3.0
PT0002000068859325FL,16,1,historico,dia_util,116.0,146.0,42.43,-0.71,-0.71,normal,abaixo,baixa,2,histórico dia_util (poucos dados),3.0
PT0002000068859325FL,17,1,historico,dia_util,160.0,120.0,28.28,1.41,1.41,normal,acima,baixa,2,histórico dia_util (poucos dados),3.0
PT0002000068859325FL,18,1,historico,dia_util,132.0,94.0,19.8,1.92,1.92,normal,acima,baixa,2,histórico dia_util (poucos dados),3.0
PT0002000068859325FL,19,1,historico,dia_util,120.0,82.0,8.2,4.63,4.63,desvio,acima,baixa,2,histórico dia_util (poucos dados),3.0
PT0002000068859325FL,20,1,historico,dia_util,96.0,94.0,9.4,0.21,0.21,normal,acima,baixa,2,histórico dia_util (poucos dados),3.0
PT0002000068859325FL,21,1,historico,dia_util,128.0,117.33,22.03,0.48,0.48,normal,acima,baixa,3,histórico dia_util (poucos dados),3.0
PT0002000068859325FL,22,1,historico,dia_util,68.0,57.33,5.73,1.86,1.86,normal,acima,baixa,3,histórico dia_util (poucos dados),3.0
PT0002000068859325FL,23,1,historico,dia_util,48.0,42.67,4.27,1.25,1.25,normal,acima,baixa,3,histórico dia_util (poucos dados),3.0
PT0002000068859382XF,0,0,historico,dia_util,38.0,37.5,3.75,0.13,0.13,normal,acima,baixa,2,histórico dia_util (poucos dados),3.0
PT0002000068859382XF,1,0,historico,dia_util,37.0,37.0,3.7,0.0,0.0,normal,abaixo,baixa,2,histórico dia_util (poucos dados),3.0
PT0002000068859382XF,2,0,historico,dia_util,39.0,36.5,3.65,0.68,0.68,normal,acima,baixa,2,histórico dia_util (poucos dados),3.0
PT0002000068859382XF,3,0,historico,dia_util,40.0,37.0,3.7,0.81,0.81,normal,acima,baixa,2,histórico dia_util (poucos dados),3.0
PT0002000068859382XF,4,0,historico,dia_util,38.0,37.5,3.75,0.13,0.13,normal,acima,baixa,2,histórico dia_util (poucos dados),3.0
PT0002000068859382XF,5,0,historico,dia_util,38.0,37.5,3.75,0.13,0.13,normal,acima,baixa,2,histórico dia_util (poucos dados),3.0
PT0002000068859382XF,6,0,historico,dia_util,37.0,37.0,3.7,0.0,0.0,normal,abaixo,baixa,2,histórico dia_util (poucos dados),3.0
PT0002000068859382XF,7,0,historico,dia_util,38.0,38.5,3.85,-0.13,-0.13,normal,abaixo,baixa,2,histórico dia_util (poucos dados),3.0
PT0002000068859382XF,8,0,historico,dia_util,41.0,44.0,4.4,-0.68,-0.68,normal,abaixo,baixa,2,histórico dia_util (poucos dados),3.0
PT0002000068859382XF,9,0,historico,dia_util,52.0,52.5,5.25,-0.1,-0.1,normal,abaixo,baixa,2,histórico dia_util (poucos dados),3.0
PT0002000068859382XF,10,0,historico,dia_util,48.0,52.0,5.2,-0.77,-0.77,normal,abaixo,baixa,2,histórico dia_util (poucos dados),3.0
PT0002000068859382XF,11,0,historico,dia_util,48.0,54.0,5.4,-1.11,-1.11,normal,abaixo,baixa,2,histórico dia_util (poucos dados),3.0
PT0002000068859382XF,12,0,historico,dia_util,51.0,53.5,5.35,-0.47,-0.47,normal,abaixo,baixa,2,histórico dia_util (poucos dados),3.0
PT0002000068859382XF,13,0,historico,dia_util,47.0,49.0,4.9,-0.41,-0.41,normal,abaixo,baixa,2,histórico dia_util (poucos dados),3.0
PT0002000068859382XF,14,0,historico,dia_util,51.0,51.5,5.15,-0.1,-0.1,normal,abaixo,baixa,2,histórico dia_util (poucos dados),3.0
PT0002000068859382XF,15,0,historico,dia_util,52.0,53.0,5.3,-0.19,-0.19,normal,abaixo,baixa,2,histórico dia_util (poucos dados),3.0
PT0002000068859382XF,16,0,historico,dia_util,51.0,53.0,5.3,-0.38,-0.38,normal,abaixo,baixa,2,histórico dia_util (poucos dados),3.0
PT0002000068859382XF,17,0,historico,dia_util,44.0,49.0,4.9,-1.02,-1.02,normal,abaixo,baixa,2,histórico dia_util (poucos dados),3.0
PT0002000068859382XF,18,0,historico,dia_util,45.0,42.5,4.25,0.59,0.59,normal,acima,baixa,2,histórico dia_util (poucos dados),3.0
PT0002000068859382XF,19,0,historico,dia_util,39.0,40.5,4.95,-0.3,-0.3,normal,abaixo,baixa,2,histórico dia_util (poucos dados),3.0
PT0002000068859382XF,20,0,historico,dia_util,38.0,39.0,3.9,-0.26,-0.26,normal,abaixo,baixa,2,histórico dia_util (poucos dados),3.0
PT0002000068859382XF,21,0,historico,dia_util,39.0,34.67,6.11,0.71,0.71,normal,acima,baixa,3,histórico dia_util (poucos dados),3.0
PT0002000068859382XF,22,0,historico,dia_util,39.0,37.67,3.77,0.35,0.35,normal,acima,baixa,3,histórico dia_util (poucos dados),3.0
PT0002000068859382XF,23,0,historico,dia_util,38.0,37.33,3.73,0.18,0.18,normal,acima,baixa,3,histórico dia_util (poucos dados),3.0
PT0002000068859393XH,0,1,historico,dia_util,23.0,21.5,2.15,0.7,0.7,normal,acima,baixa,2,histórico dia_util (poucos dados),3.0
PT0002000068859393XH,1,1,historico,dia_util,20.0,21.0,2.1,-0.48,-0.48,normal,abaixo,baixa,2,histórico dia_util (poucos dados),3.0
PT0002000068859393XH,2,1,historico,dia_util,22.0,20.5,2.05,0.73,0.73,normal,acima,baixa,2,histórico dia_util (poucos dados),3.0
PT0002000068859393XH,3,1,historico,dia_util,21.0,20.5,2.05,0.24,0.24,normal,acima,baixa,2,histórico dia_util (poucos dados),3.0
PT0002000068859393XH,4,1,historico,dia_util,22.0,20.5,2.05,0.73,0.73,normal,acima,baixa,2,histórico dia_util (poucos dados),3.0
PT0002000068859393XH,5,1,historico,dia_util,20.0,19.5,1.95,0.26,0.26,normal,acima,baixa,2,histórico dia_util (poucos dados),3.0
PT0002000068859393XH,6,1,historico,dia_util,17.0,30.0,3.0,-4.33,-4.33,desvio,abaixo,baixa,2,histórico dia_util (poucos dados),3.0
PT0002000068859393XH,7,1,historico,dia_util,42.0,78.5,14.85,-2.46,-2.46,normal,abaixo,baixa,2,histórico dia_util (poucos dados),3.0
PT0002000068859393XH,8,1,historico,dia_util,105.0,90.0,14.14,1.06,1.06,normal,acima,baixa,2,histórico dia_util (poucos dados),3.0
PT0002000068859393XH,9,1,historico,dia_util,113.0,103.5,14.85,0.64,0.64,normal,acima,baixa,2,histórico dia_util (poucos dados),3.0
PT0002000068859393XH,10,1,historico,dia_util,118.0,109.5,14.85,0.57,0.57,normal,acima,baixa,2,histórico dia_util (poucos dados),3.0
PT0002000068859393XH,11,1,historico,dia_util,120.0,100.0,10.0,2.0,2.0,normal,acima,baixa,2,histórico dia_util (poucos dados),3.0
PT0002000068859393XH,12,1,historico,dia_util,124.0,102.5,10.25,2.1,2.1,normal,acima,baixa,2,histórico dia_util (poucos dados),3.0
PT0002000068859393XH,13,1,historico,dia_util,125.0,102.0,10.2,2.25,2.25,normal,acima,baixa,2,histórico dia_util (poucos dados),3.0
PT0002000068859393XH,14,1,historico,dia_util,123.0,101.0,10.1,2.18,2.18,normal,acima,baixa,2,histórico dia_util (poucos dados),3.0
PT0002000068859393XH,15,1,historico,dia_util,126.0,102.0,10.2,2.35,2.35,normal,acima,baixa,2,histórico dia_util (poucos dados),3.0
PT0002000068859393XH,16,1,historico,dia_util,118.0,98.0,9.8,2.04,2.04,normal,acima,baixa,2,histórico dia_util (poucos dados),3.0
PT0002000068859393XH,17,1,historico,dia_util,119.0,97.5,9.75,2.21,2.21,normal,acima,baixa,2,histórico dia_util (poucos dados),3.0
PT0002000068859393XH,18,1,historico,dia_util,123.0,98.0,9.8,2.55,2.55,normal,acima,baixa,2,histórico dia_util (poucos dados),3.0
PT0002000068859393XH,19,1,historico,dia_util,113.0,81.5,12.02,2.62,2.62,normal,acima,baixa,2,histórico dia_util (poucos dados),3.0
PT0002000068859393XH,20,1,historico,dia_util,103.0,67.0,26.87,1.34,1.34,normal,acima,baixa,2,histórico dia_util (poucos dados),3.0
PT0002000068859393XH,21,1,historico,dia_util,34.0,41.33,22.5,-0.33,-0.33,normal,abaixo,baixa,3,histórico dia_util (poucos dados),3.0
PT0002000068859393XH,22,1,historico,dia_util,34.0,43.0,19.08,-0.47,-0.47,normal,abaixo,baixa,3,histórico dia_util (poucos dados),3.0
PT0002000068859393XH,23,1,historico,dia_util,24.0,26.33,5.77,-0.4,-0.4,normal,abaixo,baixa,3,histórico dia_util (poucos dados),3.0
PT0002000068859597LS,0,0,historico,dia_util,42.0,35.0,12.73,0.55,0.55,normal,acima,baixa,2,histórico dia_util (poucos dados),3.0
PT0002000068859597LS,1,0,historico,dia_util,24.0,28.0,4.24,-0.94,-0.94,normal,abaixo,baixa,2,histórico dia_util (poucos dados),3.0
PT0002000068859597LS,2,0,historico,dia_util,24.0,27.5,3.54,-0.99,-0.99,normal,abaixo,baixa,2,histórico dia_util (poucos dados),3.0
PT0002000068859597LS,3,0,historico,dia_util,24.0,27.5,3.54,-0.99,-0.99,normal,abaixo,baixa,2,histórico dia_util (poucos dados),3.0
PT0002000068859597LS,4,0,historico,dia_util,24.0,28.0,5.66,-0.71,-0.71,normal,abaixo,baixa,2,histórico dia_util (poucos dados),3.0
PT0002000068859597LS,5,0,historico,dia_util,23.0,27.0,2.83,-1.41,-1.41,normal,abaixo,baixa,2,histórico dia_util (poucos dados),3.0
PT0002000068859597LS,6,0,historico,dia_util,28.0,31.0,4.24,-0.71,-0.71,normal,abaixo,baixa,2,histórico dia_util (poucos dados),3.0
PT0002000068859597LS,7,0,historico,dia_util,26.0,30.0,4.24,-0.94,-0.94,normal,abaixo,baixa,2,histórico dia_util (poucos dados),3.0
PT0002000068859597LS,8,0,historico,dia_util,36.0,48.5,4.95,-2.53,-2.53,normal,abaixo,baixa,2,histórico dia_util (poucos dados),3.0
PT0002000068859597LS,9,0,historico,dia_util,40.0,51.5,5.15,-2.23,-2.23,normal,abaixo,baixa,2,histórico dia_util (poucos dados),3.0
PT0002000068859597LS,10,0,historico,dia_util,44.0,53.5,5.35,-1.78,-1.78,normal,abaixo,baixa,2,histórico dia_util (poucos dados),3.0
PT0002000068859597LS,11,0,historico,dia_util,42.0,49.5,4.95,-1.52,-1.52,normal,abaixo,baixa,2,histórico dia_util (poucos dados),3.0
PT0002000068859597LS,12,0,historico,dia_util,42.0,50.0,5.0,-1.6,-1.6,normal,abaixo,baixa,2,histórico dia_util (poucos dados),3.0
PT0002000068859597LS,13,0,historico,dia_util,43.0,48.5,4.85,-1.13,-1.13,normal,abaixo,baixa,2,histórico dia_util (poucos dados),3.0
PT0002000068859597LS,14,0,historico,dia_util,45.0,50.0,5.0,-1.0,-1.0,normal,abaixo,baixa,2,histórico dia_util (poucos dados),3.0
PT0002000068859597LS,15,0,historico,dia_util,47.0,53.0,7.07,-0.85,-0.85,normal,abaixo,baixa,2,histórico dia_util (poucos dados),3.0
PT0002000068859597LS,16,0,historico,dia_util,40.0,42.5,6.36,-0.39,-0.39,normal,abaixo,baixa,2,histórico dia_util (poucos dados),3.0
PT0002000068859597LS,17,0,historico,dia_util,28.0,31.5,6.36,-0.55,-0.55,normal,abaixo,baixa,2,histórico dia_util (poucos dados),3.0
PT0002000068859597LS,18,0,historico,dia_util,33.0,28.5,2.85,1.58,1.58,normal,acima,baixa,2,histórico dia_util (poucos dados),3.0
PT0002000068859597LS,19,0,historico,dia_util,51.0,37.5,14.85,0.91,0.91,normal,acima,baixa,2,histórico dia_util (poucos dados),3.0
PT0002000068859597LS,20,0,historico,dia_util,72.0,51.0,31.11,0.67,0.67,normal,acima,baixa,2,histórico dia_util (poucos dados),3.0
PT0002000068859597LS,21,0,historico,dia_util,72.0,62.67,8.96,1.04,1.04,normal,acima,baixa,3,histórico dia_util (poucos dados),3.0
PT0002000068859597LS,22,0,historico,dia_util,74.0,70.33,10.26,0.36,0.36,normal,acima,baixa,3,histórico dia_util (poucos dados),3.0
PT0002000068859597LS,23,0,historico,dia_util,75.0,65.0,17.44,0.57,0.57,normal,acima,baixa,3,histórico dia_util (poucos dados),3.0
PT0002000071896778MT,0,0,historico,dia_util,2.0,2.0,0.3,0.0,0.0,normal,abaixo,baixa,2,histórico dia_util (poucos dados),3.0
PT0002000071896778MT,1,0,historico,dia_util,3.0,2.5,0.71,0.71,0.71,normal,acima,baixa,2,histórico dia_util (poucos dados),3.0
PT0002000071896778MT,2,0,historico,dia_util,2.0,2.5,0.71,-0.71,-0.71,normal,abaixo,baixa,2,histórico dia_util (poucos dados),3.0
PT0002000071896778MT,3,0,historico,dia_util,2.0,2.0,0.3,0.0,0.0,normal,abaixo,baixa,2,histórico dia_util (poucos dados),3.0
PT0002000071896778MT,4,0,historico,dia_util,3.0,2.5,0.71,0.71,0.71,normal,acima,baixa,2,histórico dia_util (poucos dados),3.0
PT0002000071896778MT,5,0,historico,dia_util,2.0,2.5,0.71,-0.71,-0.71,normal,abaixo,baixa,2,histórico dia_util (poucos dados),3.0
PT0002000071896778MT,6,0,historico,dia_util,2.0,2.0,0.3,0.0,0.0,normal,abaixo,baixa,2,histórico dia_util (poucos dados),3.0
PT0002000071896778MT,7,0,historico,dia_util,3.0,2.0,0.3,3.33,3.33,desvio,acima,baixa,2,histórico dia_util (poucos dados),3.0
PT0002000071896778MT,8,0,historico,dia_util,2.0,3.0,0.3,-3.33,-3.33,desvio,abaixo,baixa,2,histórico dia_util (poucos dados),3.0
PT0002000071896778MT,9,0,historico,dia_util,2.0,2.0,0.3,0.0,0.0,normal,abaixo,baixa,2,histórico dia_util (poucos dados),3.0
PT0002000071896778MT,10,0,historico,dia_util,3.0,2.5,0.71,0.71,0.71,normal,acima,baixa,2,histórico dia_util (poucos dados),3.0
PT0002000071896778MT,11,0,historico,dia_util,2.0,2.5,0.71,-0.71,-0.71,normal,abaixo,baixa,2,histórico dia_util (poucos dados),3.0
PT0002000071896778MT,12,0,historico,dia_util,2.0,2.0,0.3,0.0,0.0,normal,abaixo,baixa,2,histórico dia_util (poucos dados),3.0
PT0002000071896778MT,13,0,historico,dia_util,3.0,2.5,0.71,0.71,0.71,normal,acima,baixa,2,histórico dia_util (poucos dados),3.0
PT0002000071896778MT,14,0,historico,dia_util,2.0,2.5,0.71,-0.71,-0.71,normal,abaixo,baixa,2,histórico dia_util (poucos dados),3.0
PT0002000071896778MT,15,0,historico,dia_util,2.0,2.0,0.3,0.0,0.0,normal,abaixo,baixa,2,histórico dia_util (poucos dados),3.0
PT0002000071896778MT,16,0,historico,dia_util,3.0,2.0,0.3,3.33,3.33,desvio,acima,baixa,2,histórico dia_util (poucos dados),3.0
PT0002000071896778MT,17,0,historico,dia_util,2.0,3.0,0.3,-3.33,-3.33,desvio,abaixo,baixa,2,histórico dia_util (poucos dados),3.0
PT0002000071896778MT,18,0,historico,dia_util,2.0,2.0,0.3,0.0,0.0,normal,abaixo,baixa,2,histórico dia_util (poucos dados),3.0
PT0002000071896778MT,19,0,historico,dia_util,3.0,2.0,0.3,3.33,3.33,desvio,acima,baixa,2,histórico dia_util (poucos dados),3.0
PT0002000071896778MT,20,0,historico,dia_util,2.0,3.0,0.3,-3.33,-3.33,desvio,abaixo,baixa,2,histórico dia_util (poucos dados),3.0
PT0002000071896778MT,21,0,historico,dia_util,2.0,2.0,0.3,0.0,0.0,normal,abaixo,baixa,3,histórico dia_util (poucos dados),3.0
PT0002000071896778MT,22,0,historico,dia_util,3.0,2.33,0.58,1.15,1.15,normal,acima,baixa,3,histórico dia_util (poucos dados),3.0
PT0002000071896778MT,23,0,historico,dia_util,2.0,2.67,0.58,-1.15,-1.15,normal,abaixo,baixa,3,histórico dia_util (poucos dados),3.0
PT0002000073231742VK,0,0,historico,dia_util,10.0,10.0,1.0,0.0,0.0,normal,abaixo,baixa,2,histórico dia_util (poucos dados),3.0
PT0002000073231742VK,1,0,historico,dia_util,10.0,10.0,1.0,0.0,0.0,normal,abaixo,baixa,2,histórico dia_util (poucos dados),3.0
PT0002000073231742VK,2,0,historico,dia_util,10.0,10.0,1.0,0.0,0.0,normal,abaixo,baixa,2,histórico dia_util (poucos dados),3.0
PT0002000073231742VK,3,0,historico,dia_util,10.0,10.0,1.0,0.0,0.0,normal,abaixo,baixa,2,histórico dia_util (poucos dados),3.0
PT0002000073231742VK,4,0,historico,dia_util,10.0,10.0,1.0,0.0,0.0,normal,abaixo,baixa,2,histórico dia_util (poucos dados),3.0
PT0002000073231742VK,5,0,historico,dia_util,10.0,10.0,1.0,0.0,0.0,normal,abaixo,baixa,2,histórico dia_util (poucos dados),3.0
PT0002000073231742VK,6,0,historico,dia_util,10.0,9.5,0.95,0.53,0.53,normal,acima,baixa,2,histórico dia_util (poucos dados),3.0
PT0002000073231742VK,7,0,historico,dia_util,9.0,10.0,1.0,-1.0,-1.0,normal,abaixo,baixa,2,histórico dia_util (poucos dados),3.0
PT0002000073231742VK,8,0,historico,dia_util,10.0,9.5,0.95,0.53,0.53,normal,acima,baixa,2,histórico dia_util (poucos dados),3.0
PT0002000073231742VK,9,0,historico,dia_util,10.0,10.0,1.0,0.0,0.0,normal,abaixo,baixa,2,histórico dia_util (poucos dados),3.0
PT0002000073231742VK,10,0,historico,dia_util,10.0,10.0,1.0,0.0,0.0,normal,abaixo,baixa,2,histórico dia_util (poucos dados),3.0
PT0002000073231742VK,11,0,historico,dia_util,10.0,10.0,1.0,0.0,0.0,normal,abaixo,baixa,2,histórico dia_util (poucos dados),3.0
PT0002000073231742VK,12,0,historico,dia_util,10.0,10.0,1.0,0.0,0.0,normal,abaixo,baixa,2,histórico dia_util (poucos dados),3.0
PT0002000073231742VK,13,0,historico,dia_util,10.0,10.0,1.0,0.0,0.0,normal,abaixo,baixa,2,histórico dia_util (poucos dados),3.0
PT0002000073231742VK,14,0,historico,dia_util,10.0,10.0,1.0,0.0,0.0,normal,abaixo,baixa,2,histórico dia_util (poucos dados),3.0
PT0002000073231742VK,15,0,historico,dia_util,10.0,10.0,1.0,0.0,0.0,normal,abaixo,baixa,2,histórico dia_util (poucos dados),3.0
PT0002000073231742VK,16,0,historico,dia_util,10.0,10.0,1.0,0.0,0.0,normal,abaixo,baixa,2,histórico dia_util (poucos dados),3.0
PT0002000073231742VK,17,0,historico,dia_util,11.0,11.0,1.1,0.0,0.0,normal,abaixo,baixa,2,histórico dia_util (poucos dados),3.0
PT0002000073231742VK,18,0,historico,dia_util,12.0,12.0,1.2,0.0,0.0,normal,abaixo,baixa,2,histórico dia_util (poucos dados),3.0
PT0002000073231742VK,19,0,historico,dia_util,10.0,10.0,1.0,0.0,0.0,normal,abaixo,baixa,2,histórico dia_util (poucos dados),3.0
PT0002000073231742VK,20,0,historico,dia_util,10.0,10.5,1.05,-0.48,-0.48,normal,abaixo,baixa,2,histórico dia_util (poucos dados),3.0
PT0002000073231742VK,21,0,historico,dia_util,12.0,10.67,1.53,0.87,0.87,normal,acima,baixa,3,histórico dia_util (poucos dados),3.0
PT0002000073231742VK,22,0,historico,dia_util,10.0,10.0,1.0,0.0,0.0,normal,abaixo,baixa,3,histórico dia_util (poucos dados),3.0
PT0002000073231742VK,23,0,historico,dia_util,10.0,10.0,1.0,0.0,0.0,normal,abaixo,baixa,3,histórico dia_util (poucos dados),3.0
PT0002000073481266XH,0,0,historico,dia_util,6.0,7.5,0.75,-2.0,-2.0,normal,abaixo,baixa,2,histórico dia_util (poucos dados),3.0
PT0002000073481266XH,1,0,historico,dia_util,7.0,7.0,0.7,0.0,0.0,normal,abaixo,baixa,2,histórico dia_util (poucos dados),3.0
PT0002000073481266XH,2,0,historico,dia_util,7.0,7.0,0.7,0.0,0.0,normal,abaixo,baixa,2,histórico dia_util (poucos dados),3.0
PT0002000073481266XH,3,0,historico,dia_util,7.0,6.5,0.71,0.71,0.71,normal,acima,baixa,2,histórico dia_util (poucos dados),3.0
PT0002000073481266XH,4,0,historico,dia_util,7.0,7.0,1.41,0.0,0.0,normal,abaixo,baixa,2,histórico dia_util (poucos dados),3.0
PT0002000073481266XH,5,0,historico,dia_util,7.0,7.5,0.75,-0.67,-0.67,normal,abaixo,baixa,2,histórico dia_util (poucos dados),3.0
PT0002000073481266XH,6,0,historico,dia_util,5.0,5.0,0.5,0.0,0.0,normal,abaixo,baixa,2,histórico dia_util (poucos dados),3.0
PT0002000073481266XH,7,0,historico,dia_util,16.0,14.5,1.45,1.03,1.03,normal,acima,baixa,2,histórico dia_util (poucos dados),3.0
PT0002000073481266XH,8,0,historico,dia_util,40.0,39.0,9.9,0.1,0.1,normal,acima,baixa,2,histórico dia_util (poucos dados),3.0
PT0002000073481266XH,9,0,historico,dia_util,39.0,33.0,4.24,1.41,1.41,normal,acima,baixa,2,histórico dia_util (poucos dados),3.0
PT0002000073481266XH,10,0,historico,dia_util,33.0,35.5,3.55,-0.7,-0.7,normal,abaixo,baixa,2,histórico dia_util (poucos dados),3.0
PT0002000073481266XH,11,0,historico,dia_util,38.0,36.0,4.24,0.47,0.47,normal,acima,baixa,2,histórico dia_util (poucos dados),3.0
PT0002000073481266XH,12,0,historico,dia_util,38.0,35.0,3.5,0.86,0.86,normal,acima,baixa,2,histórico dia_util (poucos dados),3.0
PT0002000073481266XH,13,0,historico,dia_util,32.0,31.5,3.15,0.16,0.16,normal,acima,baixa,2,histórico dia_util (poucos dados),3.0
PT0002000073481266XH,14,0,historico,dia_util,34.0,27.5,2.75,2.36,2.36,normal,acima,baixa,2,histórico dia_util (poucos dados),3.0
PT0002000073481266XH,15,0,historico,dia_util,32.0,31.5,3.54,0.14,0.14,normal,acima,baixa,2,histórico dia_util (poucos dados),3.0
PT0002000073481266XH,16,0,historico,dia_util,31.0,33.0,3.3,-0.61,-0.61,normal,abaixo,baixa,2,histórico dia_util (poucos dados),3.0
PT0002000073481266XH,17,0,historico,dia_util,21.0,21.5,2.15,-0.23,-0.23,normal,abaixo,baixa,2,histórico dia_util (poucos dados),3.0
PT0002000073481266XH,18,0,historico,dia_util,14.0,16.0,1.6,-1.25,-1.25,normal,abaixo,baixa,2,histórico dia_util (poucos dados),3.0
PT0002000073481266XH,19,0,historico,dia_util,8.0,10.0,1.41,-1.41,-1.41,normal,abaixo,baixa,2,histórico dia_util (poucos dados),3.0
PT0002000073481266XH,20,0,historico,dia_util,8.0,9.5,0.95,-1.58,-1.58,normal,abaixo,baixa,2,histórico dia_util (poucos dados),3.0
PT0002000073481266XH,21,0,historico,dia_util,9.0,7.67,1.53,0.87,0.87,normal,acima,baixa,3,histórico dia_util (poucos dados),3.0
PT0002000073481266XH,22,0,historico,dia_util,9.0,8.67,1.15,0.29,0.29,normal,acima,baixa,3,histórico dia_util (poucos dados),3.0
PT0002000073481266XH,23,0,historico,dia_util,8.0,8.0,1.0,0.0,0.0,normal,abaixo,baixa,3,histórico dia_util (poucos dados),3.0
PT0002000073573036KH,0,0,atribuido,dia_util,109.0,160.0,56.57,-0.9,-0.9,normal,abaixo,baixa,2,histórico dia_util (poucos dados),3.0
PT0002000073573036KH,1,0,atribuido,dia_util,110.0,159.0,57.98,-0.85,-0.85,normal,abaixo,baixa,2,histórico dia_util (poucos dados),3.0
PT0002000073573036KH,2,0,atribuido,dia_util,108.0,159.5,57.28,-0.9,-0.9,normal,abaixo,baixa,2,histórico dia_util (poucos dados),3.0
PT0002000073573036KH,3,0,atribuido,dia_util,107.0,154.5,51.62,-0.92,-0.92,normal,abaixo,baixa,2,histórico dia_util (poucos dados),3.0
PT0002000073573036KH,4,0,atribuido,dia_util,110.0,152.0,48.08,-0.87,-0.87,normal,abaixo,baixa,2,histórico dia_util (poucos dados),3.0
PT0002000073573036KH,5,0,atribuido,dia_util,104.0,153.0,55.15,-0.89,-0.89,normal,abaixo,baixa,2,histórico dia_util (poucos dados),3.0
PT0002000073573036KH,6,0,atribuido,dia_util,103.0,139.0,38.18,-0.94,-0.94,normal,abaixo,baixa,2,histórico dia_util (poucos dados),3.0
PT0002000073573036KH,7,0,atribuido,dia_util,117.0,159.0,56.57,-0.74,-0.74,normal,abaixo,baixa,2,histórico dia_util (poucos dados),3.0
PT0002000073573036KH,8,0,atribuido,dia_util,141.0,178.0,60.81,-0.61,-0.61,normal,abaixo,baixa,2,histórico dia_util (poucos dados),3.0
PT0002000073573036KH,9,0,atribuido,dia_util,147.0,155.0,15.5,-0.52,-0.52,normal,abaixo,baixa,2,histórico dia_util (poucos dados),3.0
PT0002000073573036KH,10,0,atribuido,dia_util,146.0,155.0,15.5,-0.58,-0.58,normal,abaixo,baixa,2,histórico dia_util (poucos dados),3.0
PT0002000073573036KH,11,0,atribuido,dia_util,153.0,153.0,15.3,0.0,0.0,normal,abaixo,baixa,2,histórico dia_util (poucos dados),3.0
PT0002000073573036KH,12,0,atribuido,dia_util,177.0,150.5,15.05,1.76,1.76,normal,acima,baixa,2,histórico dia_util (poucos dados),3.0
PT0002000073573036KH,13,0,atribuido,dia_util,194.0,139.0,18.38,2.99,2.99,normal,acima,baixa,2,histórico dia_util (poucos dados),3.0
PT0002000073573036KH,14,0,atribuido,dia_util,199.0,144.0,14.4,3.82,3.82,desvio,acima,baixa,2,histórico dia_util (poucos dados),3.0
PT0002000073573036KH,15,0,atribuido,dia_util,202.0,133.5,13.35,5.13,5.13,desvio,acima,baixa,2,histórico dia_util (poucos dados),3.0
PT0002000073573036KH,16,0,atribuido,dia_util,201.0,140.0,14.0,4.36,4.36,desvio,acima,baixa,2,histórico dia_util (poucos dados),3.0
PT0002000073573036KH,17,0,atribuido,dia_util,208.0,146.5,14.65,4.2,4.2,desvio,acima,baixa,2,histórico dia_util (poucos dados),3.0
PT0002000073573036KH,18,0,atribuido,dia_util,207.0,145.0,14.5,4.28,4.28,desvio,acima,baixa,2,histórico dia_util (poucos dados),3.0
PT0002000073573036KH,19,0,atribuido,dia_util,197.0,141.5,14.15,3.92,3.92,desvio,acima,baixa,2,histórico dia_util (poucos dados),3.0
PT0002000073573036KH,20,0,atribuido,dia_util,127.0,130.0,13.0,-0.23,-0.23,normal,abaixo,baixa,2,histórico dia_util (poucos dados),3.0
PT0002000073573036KH,21,0,atribuido,dia_util,120.0,134.67,19.14,-0.77,-0.77,normal,abaixo,baixa,3,histórico dia_util (poucos dados),3.0
PT0002000073573036KH,22,0,atribuido,dia_util,112.0,143.67,50.01,-0.63,-0.63,normal,abaixo,baixa,3,histórico dia_util (poucos dados),3.0
PT0002000073573036KH,23,0,atribuido,dia_util,111.0,142.67,50.72,-0.62,-0.62,normal,abaixo,baixa,3,histórico dia_util (poucos dados),3.0
PT0002000073717386HC,0,1,atribuido,dia_util,0.0,0.0,0.3,0.0,0.0,normal,abaixo,baixa,2,histórico dia_util (poucos dados),3.0
PT0002000073717386HC,1,1,atribuido,dia_util,0.0,0.5,0.71,-0.71,-0.71,normal,abaixo,baixa,2,histórico dia_util (poucos dados),3.0
PT0002000073717386HC,2,1,atribuido,dia_util,0.0,0.5,0.71,-0.71,-0.71,normal,abaixo,baixa,2,histórico dia_util (poucos dados),3.0
PT0002000073717386HC,3,1,atribuido,dia_util,0.0,0.5,0.71,-0.71,-0.71,normal,abaixo,baixa,2,histórico dia_util (poucos dados),3.0
PT0002000073717386HC,4,1,atribuido,dia_util,0.0,0.5,0.71,-0.71,-0.71,normal,abaixo,baixa,2,histórico dia_util (poucos dados),3.0
PT0002000073717386HC,5,1,atribuido,dia_util,0.0,0.5,0.71,-0.71,-0.71,normal,abaixo,baixa,2,histórico dia_util (poucos dados),3.0
PT0002000073717386HC,6,1,atribuido,dia_util,0.0,0.5,0.71,-0.71,-0.71,normal,abaixo,baixa,2,histórico dia_util (poucos dados),3.0
PT0002000073717386HC,7,1,atribuido,dia_util,0.0,0.0,0.3,0.0,0.0,normal,abaixo,baixa,2,histórico dia_util (poucos dados),3.0
PT0002000073717386HC,8,1,atribuido,dia_util,5.0,5.0,0.5,0.0,0.0,normal,abaixo,baixa,2,histórico dia_util (poucos dados),3.0
PT0002000073717386HC,9,1,atribuido,dia_util,56.0,64.5,6.45,-1.32,-1.32,normal,abaixo,baixa,2,histórico dia_util (poucos dados),3.0
PT0002000073717386HC,10,1,atribuido,dia_util,53.0,63.5,6.35,-1.65,-1.65,normal,abaixo,baixa,2,histórico dia_util (poucos dados),3.0
PT0002000073717386HC,11,1,atribuido,dia_util,49.0,59.0,5.9,-1.69,-1.69,normal,abaixo,baixa,2,histórico dia_util (poucos dados),3.0
PT0002000073717386HC,12,1,atribuido,dia_util,14.0,18.0,2.83,-1.41,-1.41,normal,abaixo,baixa,2,histórico dia_util (poucos dados),3.0
PT0002000073717386HC,13,1,atribuido,dia_util,13.0,15.0,2.83,-0.71,-0.71,normal,abaixo,baixa,2,histórico dia_util (poucos dados),3.0
PT0002000073717386HC,14,1,atribuido,dia_util,1.0,1.0,0.3,0.0,0.0,normal,abaixo,baixa,2,histórico dia_util (poucos dados),3.0
PT0002000073717386HC,15,1,atribuido,dia_util,3.0,2.0,1.41,0.71,0.71,normal,acima,baixa,2,histórico dia_util (poucos dados),3.0
PT0002000073717386HC,16,1,atribuido,dia_util,37.0,35.0,3.5,0.57,0.57,normal,acima,baixa,2,histórico dia_util (poucos dados),3.0
PT0002000073717386HC,17,1,atribuido,dia_util,40.0,41.0,4.1,-0.24,-0.24,normal,abaixo,baixa,2,histórico dia_util (poucos dados),3.0
PT0002000073717386HC,18,1,atribuido,dia_util,35.0,47.0,4.7,-2.55,-2.55,normal,abaixo,baixa,2,histórico dia_util (poucos dados),3.0
PT0002000073717386HC,19,1,atribuido,dia_util,43.0,53.5,5.35,-1.96,-1.96,normal,abaixo,baixa,2,histórico dia_util (poucos dados),3.0
PT0002000073717386HC,20,1,atribuido,dia_util,48.0,62.0,6.2,-2.26,-2.26,normal,abaixo,baixa,2,histórico dia_util (poucos dados),3.0
PT0002000073717386HC,21,1,atribuido,dia_util,6.0,6.0,1.73,0.0,0.0,normal,abaixo,baixa,3,histórico dia_util (poucos dados),3.0
PT0002000073717386HC,22,1,atribuido,dia_util,6.0,5.33,1.15,0.58,0.58,normal,acima,baixa,3,histórico dia_util (poucos dados),3.0
PT0002000073717386HC,23,1,atribuido,dia_util,1.0,0.33,0.58,1.15,1.15,normal,acima,baixa,3,histórico dia_util (poucos dados),3.0
PT0002000073720434JD,0,1,atribuido,dia_util,24.0,23.5,2.35,0.21,0.21,normal,acima,baixa,2,histórico dia_util (poucos dados),3.0
PT0002000073720434JD,1,1,atribuido,dia_util,24.0,23.5,2.35,0.21,0.21,normal,acima,baixa,2,histórico dia_util (poucos dados),3.0
PT0002000073720434JD,2,1,atribuido,dia_util,23.0,23.0,2.3,0.0,0.0,normal,abaixo,baixa,2,histórico dia_util (poucos dados),3.0
PT0002000073720434JD,3,1,atribuido,dia_util,23.0,22.0,2.2,0.45,0.45,normal,acima,baixa,2,histórico dia_util (poucos dados),3.0
PT0002000073720434JD,4,1,atribuido,dia_util,23.0,22.0,2.2,0.45,0.45,normal,acima,baixa,2,histórico dia_util (poucos dados),3.0
PT0002000073720434JD,5,1,atribuido,dia_util,22.0,22.0,2.2,0.0,0.0,normal,abaixo,baixa,2,histórico dia_util (poucos dados),3.0
PT0002000073720434JD,6,1,atribuido,dia_util,23.0,23.0,2.3,0.0,0.0,normal,abaixo,baixa,2,histórico dia_util (poucos dados),3.0
PT0002000073720434JD,7,1,atribuido,dia_util,17.0,18.5,1.85,-0.81,-0.81,normal,abaixo,baixa,2,histórico dia_util (poucos dados),3.0
PT0002000073720434JD,8,1,atribuido,dia_util,21.0,20.5,2.12,0.24,0.24,normal,acima,baixa,2,histórico dia_util (poucos dados),3.0
PT0002000073720434JD,9,1,atribuido,dia_util,20.0,20.0,2.0,0.0,0.0,normal,abaixo,baixa,2,histórico dia_util (poucos dados),3.0
PT0002000073720434JD,10,1,atribuido,dia_util,20.0,22.0,2.2,-0.91,-0.91,normal,abaixo,baixa,2,histórico dia_util (poucos dados),3.0
PT0002000073720434JD,11,1,atribuido,dia_util,19.0,21.5,2.15,-1.16,-1.16,normal,abaixo,baixa,2,histórico dia_util (poucos dados),3.0
PT0002000073720434JD,12,1,atribuido,dia_util,23.0,23.0,2.3,0.0,0.0,normal,abaixo,baixa,2,histórico dia_util (poucos dados),3.0
PT0002000073720434JD,13,1,atribuido,dia_util,26.0,22.0,2.2,1.82,1.82,normal,acima,baixa,2,histórico dia_util (poucos dados),3.0
PT0002000073720434JD,14,1,atribuido,dia_util,26.0,20.0,2.0,3.0,3.0,normal,acima,baixa,2,histórico dia_util (poucos dados),3.0
PT0002000073720434JD,15,1,atribuido,dia_util,31.0,22.0,2.2,4.09,4.09,desvio,acima,baixa,2,histórico dia_util (poucos dados),3.0
PT0002000073720434JD,16,1,atribuido,dia_util,31.0,23.0,2.3,3.48,3.48,desvio,acima,baixa,2,histórico dia_util (poucos dados),3.0
PT0002000073720434JD,17,1,atribuido,dia_util,24.0,32.5,12.02,-0.71,-0.71,normal,abaixo,baixa,2,histórico dia_util (poucos dados),3.0
PT0002000073720434JD,18,1,atribuido,dia_util,53.0,46.0,15.56,0.45,0.45,normal,acima,baixa,2,histórico dia_util (poucos dados),3.0
PT0002000073720434JD,19,1,atribuido,dia_util,26.0,30.5,4.95,-0.91,-0.91,normal,abaixo,baixa,2,histórico dia_util (poucos dados),3.0
PT0002000073720434JD,20,1,atribuido,dia_util,36.0,30.0,7.07,0.85,0.85,normal,acima,baixa,2,histórico dia_util (poucos dados),3.0
PT0002000073720434JD,21,1,atribuido,dia_util,35.0,25.33,9.5,1.02,1.02,normal,acima,baixa,3,histórico dia_util (poucos dados),3.0
PT0002000073720434JD,22,1,atribuido,dia_util,28.0,25.67,2.57,0.91,0.91,normal,acima,baixa,3,histórico dia_util (poucos dados),3.0
PT0002000073720434JD,23,1,atribuido,dia_util,24.0,24.67,2.47,-0.27,-0.27,normal,abaixo,baixa,3,histórico dia_util (poucos dados),3.0
PT0002000075637532JB,0,0,historico,dia_util,5.0,4.0,0.4,2.5,2.5,normal,acima,baixa,2,histórico dia_util (poucos dados),3.0
PT0002000075637532JB,1,0,historico,dia_util,4.0,5.0,0.5,-2.0,-2.0,normal,abaixo,baixa,2,histórico dia_util (poucos dados),3.0
PT0002000075637532JB,2,0,historico,dia_util,4.0,5.0,0.5,-2.0,-2.0,normal,abaixo,baixa,2,histórico dia_util (poucos dados),3.0
PT0002000075637532JB,3,0,historico,dia_util,6.0,4.0,0.4,5.0,5.0,desvio,acima,baixa,2,histórico dia_util (poucos dados),3.0
PT0002000075637532JB,4,0,historico,dia_util,4.0,5.0,0.5,-2.0,-2.0,normal,abaixo,baixa,2,histórico dia_util (poucos dados),3.0
PT0002000075637532JB,5,0,historico,dia_util,4.0,4.0,0.4,0.0,0.0,normal,abaixo,baixa,2,histórico dia_util (poucos dados),3.0
PT0002000075637532JB,6,0,historico,dia_util,5.0,4.0,0.4,2.5,2.5,normal,acima,baixa,2,histórico dia_util (poucos dados),3.0
PT0002000075637532JB,7,0,historico,dia_util,4.0,5.0,0.5,-2.0,-2.0,normal,abaixo,baixa,2,histórico dia_util (poucos dados),3.0
PT0002000075637532JB,8,0,historico,dia_util,5.0,5.0,0.5,0.0,0.0,normal,abaixo,baixa,2,histórico dia_util (poucos dados),3.0
PT0002000075637532JB,9,0,historico,dia_util,4.0,4.0,0.4,0.0,0.0,normal,abaixo,baixa,2,histórico dia_util (poucos dados),3.0
PT0002000075637532JB,10,0,historico,dia_util,5.0,4.0,0.4,2.5,2.5,normal,acima,baixa,2,histórico dia_util (poucos dados),3.0
PT0002000075637532JB,11,0,historico,dia_util,4.0,5.0,0.5,-2.0,-2.0,normal,abaixo,baixa,2,histórico dia_util (poucos dados),3.0
PT0002000075637532JB,12,0,historico,dia_util,5.0,5.0,0.5,0.0,0.0,normal,abaixo,baixa,2,histórico dia_util (poucos dados),3.0
PT0002000075637532JB,13,0,historico,dia_util,5.0,4.0,0.4,2.5,2.5,normal,acima,baixa,2,histórico dia_util (poucos dados),3.0
PT0002000075637532JB,14,0,historico,dia_util,4.0,5.0,0.5,-2.0,-2.0,normal,abaixo,baixa,2,histórico dia_util (poucos dados),3.0
PT0002000075637532JB,15,0,historico,dia_util,4.0,4.0,0.4,0.0,0.0,normal,abaixo,baixa,2,histórico dia_util (poucos dados),3.0
PT0002000075637532JB,16,0,historico,dia_util,5.0,4.5,0.71,0.71,0.71,normal,acima,baixa,2,histórico dia_util (poucos dados),3.0
PT0002000075637532JB,17,0,historico,dia_util,4.0,5.5,0.71,-2.12,-2.12,normal,abaixo,baixa,2,histórico dia_util (poucos dados),3.0
PT0002000075637532JB,18,0,historico,dia_util,6.0,4.0,0.4,5.0,5.0,desvio,acima,baixa,2,histórico dia_util (poucos dados),3.0
PT0002000075637532JB,19,0,historico,dia_util,4.0,4.0,0.4,0.0,0.0,normal,abaixo,baixa,2,histórico dia_util (poucos dados),3.0
PT0002000075637532JB,20,0,historico,dia_util,4.0,4.5,0.71,-0.71,-0.71,normal,abaixo,baixa,2,histórico dia_util (poucos dados),3.0
PT0002000075637532JB,21,0,historico,dia_util,5.0,4.33,1.53,0.44,0.44,normal,acima,baixa,3,histórico dia_util (poucos dados),3.0
PT0002000075637532JB,22,0,historico,dia_util,4.0,4.67,0.58,-1.15,-1.15,normal,abaixo,baixa,3,histórico dia_util (poucos dados),3.0
PT0002000075637532JB,23,0,historico,dia_util,5.0,4.0,0.4,2.5,2.5,normal,acima,baixa,3,histórico dia_util (poucos dados),3.0
PT0002000077348081AG,0,0,atribuido,dia_util,24.0,23.0,2.3,0.43,0.43,normal,acima,baixa,2,histórico dia_util (poucos dados),3.0
PT0002000077348081AG,1,0,atribuido,dia_util,39.0,40.0,4.0,-0.25,-0.25,normal,abaixo,baixa,2,histórico dia_util (poucos dados),3.0
PT0002000077348081AG,2,0,atribuido,dia_util,38.0,38.0,3.8,0.0,0.0,normal,abaixo,baixa,2,histórico dia_util (poucos dados),3.0
PT0002000077348081AG,3,0,atribuido,dia_util,38.0,37.5,3.75,0.13,0.13,normal,acima,baixa,2,histórico dia_util (poucos dados),3.0
PT0002000077348081AG,4,0,atribuido,dia_util,31.0,32.0,3.2,-0.31,-0.31,normal,abaixo,baixa,2,histórico dia_util (poucos dados),3.0
PT0002000077348081AG,5,0,atribuido,dia_util,31.0,32.0,3.2,-0.31,-0.31,normal,abaixo,baixa,2,histórico dia_util (poucos dados),3.0
PT0002000077348081AG,6,0,atribuido,dia_util,28.0,27.5,2.75,0.18,0.18,normal,acima,baixa,2,histórico dia_util (poucos dados),3.0
PT0002000077348081AG,7,0,atribuido,dia_util,18.0,17.0,1.7,0.59,0.59,normal,acima,baixa,2,histórico dia_util (poucos dados),3.0
PT0002000077348081AG,8,0,atribuido,dia_util,59.0,53.5,5.35,1.03,1.03,normal,acima,baixa,2,histórico dia_util (poucos dados),3.0
PT0002000077348081AG,9,0,atribuido,dia_util,119.0,104.5,12.02,1.21,1.21,normal,acima,baixa,2,histórico dia_util (poucos dados),3.0
PT0002000077348081AG,10,0,atribuido,dia_util,120.0,112.5,23.33,0.32,0.32,normal,acima,baixa,2,histórico dia_util (poucos dados),3.0
PT0002000077348081AG,11,0,atribuido,dia_util,191.0,204.5,33.23,-0.41,-0.41,normal,abaixo,baixa,2,histórico dia_util (poucos dados),3.0
PT0002000077348081AG,12,0,atribuido,dia_util,261.0,256.5,25.65,0.18,0.18,normal,acima,baixa,2,histórico dia_util (poucos dados),3.0
PT0002000077348081AG,13,0,atribuido,dia_util,257.0,246.0,24.6,0.45,0.45,normal,acima,baixa,2,histórico dia_util (poucos dados),3.0
PT0002000077348081AG,14,0,atribuido,dia_util,278.0,245.0,24.5,1.35,1.35,normal,acima,baixa,2,histórico dia_util (poucos dados),3.0
PT0002000077348081AG,15,0,atribuido,dia_util,306.0,260.5,26.05,1.75,1.75,normal,acima,baixa,2,histórico dia_util (poucos dados),3.0
PT0002000077348081AG,16,0,atribuido,dia_util,305.0,293.0,29.3,0.41,0.41,normal,acima,baixa,2,histórico dia_util (poucos dados),3.0
PT0002000077348081AG,17,0,atribuido,dia_util,298.0,300.0,30.0,-0.07,-0.07,normal,abaixo,baixa,2,histórico dia_util (poucos dados),3.0
PT0002000077348081AG,18,0,atribuido,dia_util,275.0,299.0,29.9,-0.8,-0.8,normal,abaixo,baixa,2,histórico dia_util (poucos dados),3.0
PT0002000077348081AG,19,0,atribuido,dia_util,190.0,204.5,26.16,-0.55,-0.55,normal,abaixo,baixa,2,histórico dia_util (poucos dados),3.0
PT0002000077348081AG,20,0,atribuido,dia_util,23.0,31.5,13.44,-0.63,-0.63,normal,abaixo,baixa,2,histórico dia_util (poucos dados),3.0
PT0002000077348081AG,21,0,atribuido,dia_util,20.0,19.0,2.65,0.38,0.38,normal,acima,baixa,3,histórico dia_util (poucos dados),3.0
PT0002000077348081AG,22,0,atribuido,dia_util,23.0,23.33,2.33,-0.14,-0.14,normal,abaixo,baixa,3,histórico dia_util (poucos dados),3.0
PT0002000077348081AG,23,0,atribuido,dia_util,25.0,24.0,2.4,0.42,0.42,normal,acima,baixa,3,histórico dia_util (poucos dados),3.0
PT0002000077394934QY,0,0,historico,dia_util,66.0,60.0,6.0,1.0,1.0,normal,acima,baixa,2,histórico dia_util (poucos dados),3.0
PT0002000077394934QY,1,0,historico,dia_util,68.0,61.5,6.15,1.06,1.06,normal,acima,baixa,2,histórico dia_util (poucos dados),3.0
PT0002000077394934QY,2,0,historico,dia_util,67.0,61.5,6.15,0.89,0.89,normal,acima,baixa,2,histórico dia_util (poucos dados),3.0
PT0002000077394934QY,3,0,historico,dia_util,67.0,64.5,6.45,0.39,0.39,normal,acima,baixa,2,histórico dia_util (poucos dados),3.0
PT0002000077394934QY,4,0,historico,dia_util,68.0,61.0,6.1,1.15,1.15,normal,acima,baixa,2,histórico dia_util (poucos dados),3.0
PT0002000077394934QY,5,0,historico,dia_util,69.0,64.0,6.4,0.78,0.78,normal,acima,baixa,2,histórico dia_util (poucos dados),3.0
PT0002000077394934QY,6,0,historico,dia_util,58.0,50.5,5.05,1.49,1.49,normal,acima,baixa,2,histórico dia_util (poucos dados),3.0
PT0002000077394934QY,7,0,historico,dia_util,73.0,67.5,6.75,0.81,0.81,normal,acima,baixa,2,histórico dia_util (poucos dados),3.0
PT0002000077394934QY,8,0,historico,dia_util,71.0,72.0,7.2,-0.14,-0.14,normal,abaixo,baixa,2,histórico dia_util (poucos dados),3.0
PT0002000077394934QY,9,0,historico,dia_util,104.0,94.0,9.4,1.06,1.06,normal,acima,baixa,2,histórico dia_util (poucos dados),3.0
PT0002000077394934QY,10,0,historico,dia_util,126.0,112.0,11.2,1.25,1.25,normal,acima,baixa,2,histórico dia_util (poucos dados),3.0
PT0002000077394934QY,11,0,historico,dia_util,126.0,125.0,12.5,0.08,0.08,normal,acima,baixa,2,histórico dia_util (poucos dados),3.0
PT0002000077394934QY,12,0,historico,dia_util,124.0,131.0,13.1,-0.53,-0.53,normal,abaixo,baixa,2,histórico dia_util (poucos dados),3.0
PT0002000077394934QY,13,0,historico,dia_util,118.0,128.0,12.8,-0.78,-0.78,normal,abaixo,baixa,2,histórico dia_util (poucos dados),3.0
PT0002000077394934QY,14,0,historico,dia_util,122.0,134.0,13.4,-0.9,-0.9,normal,abaixo,baixa,2,histórico dia_util (poucos dados),3.0
PT0002000077394934QY,15,0,historico,dia_util,128.0,131.5,13.15,-0.27,-0.27,normal,abaixo,baixa,2,histórico dia_util (poucos dados),3.0
PT0002000077394934QY,16,0,historico,dia_util,123.0,118.5,11.85,0.38,0.38,normal,acima,baixa,2,histórico dia_util (poucos dados),3.0
PT0002000077394934QY,17,0,historico,dia_util,100.0,106.0,10.6,-0.57,-0.57,normal,abaixo,baixa,2,histórico dia_util (poucos dados),3.0
PT0002000077394934QY,18,0,historico,dia_util,83.0,79.5,9.19,0.38,0.38,normal,acima,baixa,2,histórico dia_util (poucos dados),3.0
PT0002000077394934QY,19,0,historico,dia_util,81.0,71.5,12.02,0.79,0.79,normal,acima,baixa,2,histórico dia_util (poucos dados),3.0
PT0002000077394934QY,20,0,historico,dia_util,68.0,64.5,6.45,0.54,0.54,normal,acima,baixa,2,histórico dia_util (poucos dados),3.0
PT0002000077394934QY,21,0,historico,dia_util,73.0,61.33,10.79,1.08,1.08,normal,acima,baixa,3,histórico dia_util (poucos dados),3.0
PT0002000077394934QY,22,0,historico,dia_util,70.0,67.0,6.7,0.45,0.45,normal,acima,baixa,3,histórico dia_util (poucos dados),3.0
PT0002000077394934QY,23,0,historico,dia_util,69.0,64.67,6.47,0.67,0.67,normal,acima,baixa,3,histórico dia_util (poucos dados),3.0
PT0002000077647404EM,0,1,historico,dia_util,4.0,5.0,0.5,-2.0,-2.0,normal,abaixo,baixa,2,histórico dia_util (poucos dados),3.0
PT0002000077647404EM,1,1,historico,dia_util,5.0,5.0,0.5,0.0,0.0,normal,abaixo,baixa,2,histórico dia_util (poucos dados),3.0
PT0002000077647404EM,2,1,historico,dia_util,5.0,4.5,0.71,0.71,0.71,normal,acima,baixa,2,histórico dia_util (poucos dados),3.0
PT0002000077647404EM,3,1,historico,dia_util,4.0,4.5,0.71,-0.71,-0.71,normal,abaixo,baixa,2,histórico dia_util (poucos dados),3.0
PT0002000077647404EM,4,1,historico,dia_util,5.0,5.0,0.5,0.0,0.0,normal,abaixo,baixa,2,histórico dia_util (poucos dados),3.0
PT0002000077647404EM,5,1,historico,dia_util,5.0,5.0,0.5,0.0,0.0,normal,abaixo,baixa,2,histórico dia_util (poucos dados),3.0
PT0002000077647404EM,6,1,historico,dia_util,5.0,4.0,0.4,2.5,2.5,normal,acima,baixa,2,histórico dia_util (poucos dados),3.0
PT0002000077647404EM,7,1,historico,dia_util,4.0,5.0,0.5,-2.0,-2.0,normal,abaixo,baixa,2,histórico dia_util (poucos dados),3.0
PT0002000077647404EM,8,1,historico,dia_util,2.0,2.0,0.3,0.0,0.0,normal,abaixo,baixa,2,histórico dia_util (poucos dados),3.0
PT0002000077647404EM,9,1,historico,dia_util,1.0,1.0,0.3,0.0,0.0,normal,abaixo,baixa,2,histórico dia_util (poucos dados),3.0
PT0002000077647404EM,10,1,historico,dia_util,1.0,1.0,0.3,0.0,0.0,normal,abaixo,baixa,2,histórico dia_util (poucos dados),3.0
PT0002000077647404EM,11,1,historico,dia_util,1.0,1.0,0.3,0.0,0.0,normal,abaixo,baixa,2,histórico dia_util (poucos dados),3.0
PT0002000077647404EM,12,1,historico,dia_util,0.0,0.0,0.3,0.0,0.0,normal,abaixo,baixa,2,histórico dia_util (poucos dados),3.0
PT0002000077647404EM,13,1,historico,dia_util,1.0,1.0,0.3,0.0,0.0,normal,abaixo,baixa,2,histórico dia_util (poucos dados),3.0
PT0002000077647404EM,14,1,historico,dia_util,1.0,1.0,0.3,0.0,0.0,normal,abaixo,baixa,2,histórico dia_util (poucos dados),3.0
PT0002000077647404EM,15,1,historico,dia_util,1.0,1.0,0.3,0.0,0.0,normal,abaixo,baixa,2,histórico dia_util (poucos dados),3.0
PT0002000077647404EM,16,1,historico,dia_util,1.0,0.5,0.71,0.71,0.71,normal,acima,baixa,2,histórico dia_util (poucos dados),3.0
PT0002000077647404EM,17,1,historico,dia_util,2.0,2.5,0.71,-0.71,-0.71,normal,abaixo,baixa,2,histórico dia_util (poucos dados),3.0
PT0002000077647404EM,18,1,historico,dia_util,5.0,5.0,0.5,0.0,0.0,normal,abaixo,baixa,2,histórico dia_util (poucos dados),3.0
PT0002000077647404EM,19,1,historico,dia_util,5.0,5.0,0.5,0.0,0.0,normal,abaixo,baixa,2,histórico dia_util (poucos dados),3.0
PT0002000077647404EM,20,1,historico,dia_util,4.0,4.0,0.4,0.0,0.0,normal,abaixo,baixa,2,histórico dia_util (poucos dados),3.0
PT0002000077647404EM,21,1,historico,dia_util,5.0,4.67,0.58,0.58,0.58,normal,acima,baixa,3,histórico dia_util (poucos dados),3.0
PT0002000077647404EM,22,1,historico,dia_util,5.0,4.67,0.58,0.58,0.58,normal,acima,baixa,3,histórico dia_util (poucos dados),3.0
PT0002000077647404EM,23,1,historico,dia_util,4.0,4.67,0.58,-1.15,-1.15,normal,abaixo,baixa,3,histórico dia_util (poucos dados),3.0
PT0002000078140706BA,0,1,atribuido,dia_util,48.0,37.5,4.95,2.12,2.12,normal,acima,baixa,2,histórico dia_util (poucos dados),3.0
PT0002000078140706BA,1,1,atribuido,dia_util,47.0,36.5,4.95,2.12,2.12,normal,acima,baixa,2,histórico dia_util (poucos dados),3.0
PT0002000078140706BA,2,1,atribuido,dia_util,43.0,36.5,9.19,0.71,0.71,normal,acima,baixa,2,histórico dia_util (poucos dados),3.0
PT0002000078140706BA,3,1,atribuido,dia_util,42.0,36.5,7.78,0.71,0.71,normal,acima,baixa,2,histórico dia_util (poucos dados),3.0
PT0002000078140706BA,4,1,atribuido,dia_util,40.0,36.0,9.9,0.4,0.4,normal,acima,baixa,2,histórico dia_util (poucos dados),3.0
PT0002000078140706BA,5,1,atribuido,dia_util,42.0,37.0,9.9,0.51,0.51,normal,acima,baixa,2,histórico dia_util (poucos dados),3.0
PT0002000078140706BA,6,1,atribuido,dia_util,39.0,34.5,7.78,0.58,0.58,normal,acima,baixa,2,histórico dia_util (poucos dados),3.0
PT0002000078140706BA,7,1,atribuido,dia_util,30.0,52.0,5.2,-4.23,-4.23,desvio,abaixo,baixa,2,histórico dia_util (poucos dados),3.0
PT0002000078140706BA,8,1,atribuido,dia_util,75.0,137.0,49.5,-1.25,-1.25,normal,abaixo,baixa,2,histórico dia_util (poucos dados),3.0
PT0002000078140706BA,9,1,atribuido,dia_util,27.0,59.5,62.93,-0.52,-0.52,normal,abaixo,baixa,2,histórico dia_util (poucos dados),3.0
PT0002000078140706BA,10,1,atribuido,dia_util,13.0,47.5,41.72,-0.83,-0.83,normal,abaixo,baixa,2,histórico dia_util (poucos dados),3.0
PT0002000078140706BA,11,1,atribuido,dia_util,6.0,39.0,12.73,-2.59,-2.59,normal,abaixo,baixa,2,histórico dia_util (poucos dados),3.0
PT0002000078140706BA,12,1,atribuido,dia_util,0.0,8.0,11.31,-0.71,-0.71,normal,abaixo,baixa,2,histórico dia_util (poucos dados),3.0
PT0002000078140706BA,13,1,atribuido,dia_util,0.0,10.5,14.85,-0.71,-0.71,normal,abaixo,baixa,2,histórico dia_util (poucos dados),3.0
PT0002000078140706BA,14,1,atribuido,dia_util,9.0,41.0,50.91,-0.63,-0.63,normal,abaixo,baixa,2,histórico dia_util (poucos dados),3.0
PT0002000078140706BA,15,1,atribuido,dia_util,2.0,38.0,39.6,-0.91,-0.91,normal,abaixo,baixa,2,histórico dia_util (poucos dados),3.0
PT0002000078140706BA,16,1,atribuido,dia_util,0.0,5.5,7.78,-0.71,-0.71,normal,abaixo,baixa,2,histórico dia_util (poucos dados),3.0
PT0002000078140706BA,17,1,atribuido,dia_util,0.0,3.0,4.24,-0.71,-0.71,normal,abaixo,baixa,2,histórico dia_util (poucos dados),3.0
PT0002000078140706BA,18,1,atribuido,dia_util,15.0,32.5,10.61,-1.65,-1.65,normal,abaixo,baixa,2,histórico dia_util (poucos dados),3.0
PT0002000078140706BA,19,1,atribuido,dia_util,42.0,73.0,15.56,-1.99,-1.99,normal,abaixo,baixa,2,histórico dia_util (poucos dados),3.0
PT0002000078140706BA,20,1,atribuido,dia_util,43.0,57.0,5.7,-2.46,-2.46,normal,abaixo,baixa,2,histórico dia_util (poucos dados),3.0
PT0002000078140706BA,21,1,atribuido,dia_util,41.0,46.67,7.02,-0.81,-0.81,normal,abaixo,baixa,3,histórico dia_util (poucos dados),3.0
PT0002000078140706BA,22,1,atribuido,dia_util,39.0,44.33,4.43,-1.2,-1.2,normal,abaixo,baixa,3,histórico dia_util (poucos dados),3.0
PT0002000078140706BA,23,1,atribuido,dia_util,36.0,42.67,4.51,-1.48,-1.48,normal,abaixo,baixa,3,histórico dia_util (poucos dados),3.0
PT0002000078207354XC,0,1,historico,dia_util,2.0,1.5,0.71,0.71,0.71,normal,acima,baixa,2,histórico dia_util (poucos dados),3.0
PT0002000078207354XC,1,1,historico,dia_util,2.0,1.5,0.71,0.71,0.71,normal,acima,baixa,2,histórico dia_util (poucos dados),3.0
PT0002000078207354XC,2,1,historico,dia_util,1.0,2.0,0.3,-3.33,-3.33,desvio,abaixo,baixa,2,histórico dia_util (poucos dados),3.0
PT0002000078207354XC,3,1,historico,dia_util,2.0,1.5,0.71,0.71,0.71,normal,acima,baixa,2,histórico dia_util (poucos dados),3.0
PT0002000078207354XC,4,1,historico,dia_util,2.0,1.5,0.71,0.71,0.71,normal,acima,baixa,2,histórico dia_util (poucos dados),3.0
PT0002000078207354XC,5,1,historico,dia_util,1.0,2.0,0.3,-3.33,-3.33,desvio,abaixo,baixa,2,histórico dia_util (poucos dados),3.0
PT0002000078207354XC,6,1,historico,dia_util,2.0,1.5,0.71,0.71,0.71,normal,acima,baixa,2,histórico dia_util (poucos dados),3.0
PT0002000078207354XC,7,1,historico,dia_util,1.0,1.5,0.71,-0.71,-0.71,normal,abaixo,baixa,2,histórico dia_util (poucos dados),3.0
PT0002000078207354XC,8,1,historico,dia_util,2.0,2.0,0.3,0.0,0.0,normal,abaixo,baixa,2,histórico dia_util (poucos dados),3.0
PT0002000078207354XC,9,1,historico,dia_util,2.0,1.0,0.3,3.33,3.33,desvio,acima,baixa,2,histórico dia_util (poucos dados),3.0
PT0002000078207354XC,10,1,historico,dia_util,1.0,2.0,0.3,-3.33,-3.33,desvio,abaixo,baixa,2,histórico dia_util (poucos dados),3.0
PT0002000078207354XC,11,1,historico,dia_util,2.0,1.5,0.71,0.71,0.71,normal,acima,baixa,2,histórico dia_util (poucos dados),3.0
PT0002000078207354XC,12,1,historico,dia_util,2.0,1.5,0.71,0.71,0.71,normal,acima,baixa,2,histórico dia_util (poucos dados),3.0
PT0002000078207354XC,13,1,historico,dia_util,1.0,2.0,0.3,-3.33,-3.33,desvio,abaixo,baixa,2,histórico dia_util (poucos dados),3.0
PT0002000078207354XC,14,1,historico,dia_util,2.0,1.5,0.71,0.71,0.71,normal,acima,baixa,2,histórico dia_util (poucos dados),3.0
PT0002000078207354XC,15,1,historico,dia_util,2.0,1.5,0.71,0.71,0.71,normal,acima,baixa,2,histórico dia_util (poucos dados),3.0
PT0002000078207354XC,16,1,historico,dia_util,1.0,2.0,0.3,-3.33,-3.33,desvio,abaixo,baixa,2,histórico dia_util (poucos dados),3.0
PT0002000078207354XC,17,1,historico,dia_util,2.0,1.5,0.71,0.71,0.71,normal,acima,baixa,2,histórico dia_util (poucos dados),3.0
PT0002000078207354XC,18,1,historico,dia_util,2.0,1.5,0.71,0.71,0.71,normal,acima,baixa,2,histórico dia_util (poucos dados),3.0
PT0002000078207354XC,19,1,historico,dia_util,1.0,2.0,0.3,-3.33,-3.33,desvio,abaixo,baixa,2,histórico dia_util (poucos dados),3.0
PT0002000078207354XC,20,1,historico,dia_util,2.0,1.0,0.3,3.33,3.33,desvio,acima,baixa,2,histórico dia_util (poucos dados),3.0
PT0002000078207354XC,21,1,historico,dia_util,1.0,2.0,0.3,-3.33,-3.33,desvio,abaixo,baixa,3,histórico dia_util (poucos dados),3.0
PT0002000078207354XC,22,1,historico,dia_util,2.0,1.33,0.58,1.15,1.15,normal,acima,baixa,3,histórico dia_util (poucos dados),3.0
PT0002000078207354XC,23,1,historico,dia_util,2.0,1.67,0.58,0.58,0.58,normal,acima,baixa,3,histórico dia_util (poucos dados),3.0
PT0002000078233981HJ,0,1,historico,dia_util,2.0,2.0,0.3,0.0,0.0,normal,abaixo,baixa,2,histórico dia_util (poucos dados),3.0
PT0002000078233981HJ,1,1,historico,dia_util,2.0,2.0,0.3,0.0,0.0,normal,abaixo,baixa,2,histórico dia_util (poucos dados),3.0
PT0002000078233981HJ,2,1,historico,dia_util,2.0,1.5,0.71,0.71,0.71,normal,acima,baixa,2,histórico dia_util (poucos dados),3.0
PT0002000078233981HJ,3,1,historico,dia_util,1.0,1.5,0.71,-0.71,-0.71,normal,abaixo,baixa,2,histórico dia_util (poucos dados),3.0
PT0002000078233981HJ,4,1,historico,dia_util,2.0,2.0,0.3,0.0,0.0,normal,abaixo,baixa,2,histórico dia_util (poucos dados),3.0
PT0002000078233981HJ,5,1,historico,dia_util,2.0,1.5,0.71,0.71,0.71,normal,acima,baixa,2,histórico dia_util (poucos dados),3.0
PT0002000078233981HJ,6,1,historico,dia_util,1.0,2.0,0.3,-3.33,-3.33,desvio,abaixo,baixa,2,histórico dia_util (poucos dados),3.0
PT0002000078233981HJ,7,1,historico,dia_util,2.0,1.5,0.71,0.71,0.71,normal,acima,baixa,2,histórico dia_util (poucos dados),3.0
PT0002000078233981HJ,8,1,historico,dia_util,10.0,9.5,3.54,0.14,0.14,normal,acima,baixa,2,histórico dia_util (poucos dados),3.0
PT0002000078233981HJ,9,1,historico,dia_util,14.0,11.0,7.07,0.42,0.42,normal,acima,baixa,2,histórico dia_util (poucos dados),3.0
PT0002000078233981HJ,10,1,historico,dia_util,3.0,14.5,2.12,-5.42,-5.42,desvio,abaixo,baixa,2,histórico dia_util (poucos dados),3.0
PT0002000078233981HJ,11,1,historico,dia_util,4.0,14.5,2.12,-4.95,-4.95,desvio,abaixo,baixa,2,histórico dia_util (poucos dados),3.0
PT0002000078233981HJ,12,1,historico,dia_util,4.0,4.0,0.4,0.0,0.0,normal,abaixo,baixa,2,histórico dia_util (poucos dados),3.0
PT0002000078233981HJ,13,1,historico,dia_util,4.0,15.0,1.5,-7.33,-7.33,desvio,abaixo,baixa,2,histórico dia_util (poucos dados),3.0
PT0002000078233981HJ,14,1,historico,dia_util,4.0,14.0,1.4,-7.14,-7.14,desvio,abaixo,baixa,2,histórico dia_util (poucos dados),3.0
PT0002000078233981HJ,15,1,historico,dia_util,2.0,12.5,1.25,-8.4,-8.4,desvio,abaixo,baixa,2,histórico dia_util (poucos dados),3.0
PT0002000078233981HJ,16,1,historico,dia_util,2.0,12.5,3.54,-2.97,-2.97,normal,abaixo,baixa,2,histórico dia_util (poucos dados),3.0
PT0002000078233981HJ,17,1,historico,dia_util,18.0,26.0,4.24,-1.89,-1.89,normal,abaixo,baixa,2,histórico dia_util (poucos dados),3.0
PT0002000078233981HJ,18,1,historico,dia_util,26.0,27.0,2.7,-0.37,-0.37,normal,abaixo,baixa,2,histórico dia_util (poucos dados),3.0
PT0002000078233981HJ,19,1,historico,dia_util,25.0,28.0,4.24,-0.71,-0.71,normal,abaixo,baixa,2,histórico dia_util (poucos dados),3.0
PT0002000078233981HJ,20,1,historico,dia_util,8.0,20.5,2.05,-6.1,-6.1,desvio,abaixo,baixa,2,histórico dia_util (poucos dados),3.0
PT0002000078233981HJ,21,1,historico,dia_util,2.0,1.67,0.58,0.58,0.58,normal,acima,baixa,3,histórico dia_util (poucos dados),3.0
PT0002000078233981HJ,22,1,historico,dia_util,2.0,2.33,0.58,-0.58,-0.58,normal,abaixo,baixa,3,histórico dia_util (poucos dados),3.0
PT0002000078233981HJ,23,1,historico,dia_util,2.0,2.0,0.3,0.0,0.0,normal,abaixo,baixa,3,histórico dia_util (poucos dados),3.0
PT0002000078294957RQ,0,0,historico,dia_util,4.0,4.0,0.4,0.0,0.0,normal,abaixo,baixa,2,histórico dia_util (poucos dados),3.0
PT0002000078294957RQ,1,0,historico,dia_util,5.0,4.5,0.71,0.71,0.71,normal,acima,baixa,2,histórico dia_util (poucos dados),3.0
PT0002000078294957RQ,2,0,historico,dia_util,4.0,4.0,0.4,0.0,0.0,normal,abaixo,baixa,2,histórico dia_util (poucos dados),3.0
PT0002000078294957RQ,3,0,historico,dia_util,4.0,5.0,0.5,-2.0,-2.0,normal,abaixo,baixa,2,histórico dia_util (poucos dados),3.0
PT0002000078294957RQ,4,0,historico,dia_util,4.0,4.5,0.71,-0.71,-0.71,normal,abaixo,baixa,2,histórico dia_util (poucos dados),3.0
PT0002000078294957RQ,5,0,historico,dia_util,4.0,4.0,0.4,0.0,0.0,normal,abaixo,baixa,2,histórico dia_util (poucos dados),3.0
PT0002000078294957RQ,6,0,historico,dia_util,4.0,4.0,0.4,0.0,0.0,normal,abaixo,baixa,2,histórico dia_util (poucos dados),3.0
PT0002000078294957RQ,7,0,historico,dia_util,6.0,4.0,0.4,5.0,5.0,desvio,acima,baixa,2,histórico dia_util (poucos dados),3.0
PT0002000078294957RQ,8,0,historico,dia_util,4.0,4.5,0.71,-0.71,-0.71,normal,abaixo,baixa,2,histórico dia_util (poucos dados),3.0
PT0002000078294957RQ,9,0,historico,dia_util,4.0,4.5,0.71,-0.71,-0.71,normal,abaixo,baixa,2,histórico dia_util (poucos dados),3.0
PT0002000078294957RQ,10,0,historico,dia_util,4.0,5.0,1.41,-0.71,-0.71,normal,abaixo,baixa,2,histórico dia_util (poucos dados),3.0
PT0002000078294957RQ,11,0,historico,dia_util,4.0,4.0,0.4,0.0,0.0,normal,abaixo,baixa,2,histórico dia_util (poucos dados),3.0
PT0002000078294957RQ,12,0,historico,dia_util,5.0,4.0,0.4,2.5,2.5,normal,acima,baixa,2,histórico dia_util (poucos dados),3.0
PT0002000078294957RQ,13,0,historico,dia_util,4.0,4.0,0.4,0.0,0.0,normal,abaixo,baixa,2,histórico dia_util (poucos dados),3.0
PT0002000078294957RQ,14,0,historico,dia_util,5.0,4.5,0.71,0.71,0.71,normal,acima,baixa,2,histórico dia_util (poucos dados),3.0
PT0002000078294957RQ,15,0,historico,dia_util,4.0,4.5,0.71,-0.71,-0.71,normal,abaixo,baixa,2,histórico dia_util (poucos dados),3.0
PT0002000078294957RQ,16,0,historico,dia_util,4.0,4.5,0.71,-0.71,-0.71,normal,abaixo,baixa,2,histórico dia_util (poucos dados),3.0
PT0002000078294957RQ,17,0,historico,dia_util,4.0,4.5,0.71,-0.71,-0.71,normal,abaixo,baixa,2,histórico dia_util (poucos dados),3.0
PT0002000078294957RQ,18,0,historico,dia_util,5.0,4.0,0.4,2.5,2.5,normal,acima,baixa,2,histórico dia_util (poucos dados),3.0
PT0002000078294957RQ,19,0,historico,dia_util,5.0,4.5,0.71,0.71,0.71,normal,acima,baixa,2,histórico dia_util (poucos dados),3.0
PT0002000078294957RQ,20,0,historico,dia_util,4.0,4.5,0.71,-0.71,-0.71,normal,abaixo,baixa,2,histórico dia_util (poucos dados),3.0
PT0002000078294957RQ,21,0,historico,dia_util,9.0,8.67,1.53,0.22,0.22,normal,acima,baixa,3,histórico dia_util (poucos dados),3.0
PT0002000078294957RQ,22,0,historico,dia_util,9.0,9.33,0.93,-0.36,-0.36,normal,abaixo,baixa,3,histórico dia_util (poucos dados),3.0
PT0002000078294957RQ,23,0,historico,dia_util,5.0,5.67,0.58,-1.15,-1.15,normal,abaixo,baixa,3,histórico dia_util (poucos dados),3.0
PT0002000078441876HB,0,0,historico,dia_util,644.0,691.0,96.17,-0.49,-0.49,normal,abaixo,baixa,2,histórico dia_util (poucos dados),3.0
PT0002000078441876HB,1,0,historico,dia_util,602.0,717.0,71.7,-1.6,-1.6,normal,abaixo,baixa,2,histórico dia_util (poucos dados),3.0
PT0002000078441876HB,2,0,historico,dia_util,667.0,650.5,65.05,0.25,0.25,normal,acima,baixa,2,histórico dia_util (poucos dados),3.0
PT0002000078441876HB,3,0,historico,dia_util,642.0,615.0,61.5,0.44,0.44,normal,acima,baixa,2,histórico dia_util (poucos dados),3.0
PT0002000078441876HB,4,0,historico,dia_util,612.0,610.0,61.0,0.03,0.03,normal,acima,baixa,2,histórico dia_util (poucos dados),3.0
PT0002000078441876HB,5,0,historico,dia_util,654.0,678.0,77.78,-0.31,-0.31,normal,abaixo,baixa,2,histórico dia_util (poucos dados),3.0
PT0002000078441876HB,6,0,historico,dia_util,725.0,677.5,67.75,0.7,0.7,normal,acima,baixa,2,histórico dia_util (poucos dados),3.0
PT0002000078441876HB,7,0,historico,dia_util,795.0,807.0,80.7,-0.15,-0.15,normal,abaixo,baixa,2,histórico dia_util (poucos dados),3.0
PT0002000078441876HB,8,0,historico,dia_util,934.0,959.5,95.95,-0.27,-0.27,normal,abaixo,baixa,2,histórico dia_util (poucos dados),3.0
PT0002000078441876HB,9,0,historico,dia_util,1574.0,1382.0,138.2,1.39,1.39,normal,acima,baixa,2,histórico dia_util (poucos dados),3.0
PT0002000078441876HB,10,0,historico,dia_util,1573.0,1547.5,154.75,0.16,0.16,normal,acima,baixa,2,histórico dia_util (poucos dados),3.0
PT0002000078441876HB,11,0,historico,dia_util,1716.0,1648.5,178.9,0.38,0.38,normal,acima,baixa,2,histórico dia_util (poucos dados),3.0
PT0002000078441876HB,12,0,historico,dia_util,1805.0,1579.5,157.95,1.43,1.43,normal,acima,baixa,2,histórico dia_util (poucos dados),3.0
PT0002000078441876HB,13,0,historico,dia_util,1683.0,1396.0,182.43,1.57,1.57,normal,acima,baixa,2,histórico dia_util (poucos dados),3.0
PT0002000078441876HB,14,0,historico,dia_util,1508.0,1409.0,140.9,0.7,0.7,normal,acima,baixa,2,histórico dia_util (poucos dados),3.0
PT0002000078441876HB,15,0,historico,dia_util,1481.0,1461.5,169.0,0.12,0.12,normal,acima,baixa,2,histórico dia_util (poucos dados),3.0
PT0002000078441876HB,16,0,historico,dia_util,1559.0,1648.5,183.14,-0.49,-0.49,normal,abaixo,baixa,2,histórico dia_util (poucos dados),3.0
PT0002000078441876HB,17,0,historico,dia_util,1470.0,1542.0,154.2,-0.47,-0.47,normal,abaixo,baixa,2,histórico dia_util (poucos dados),3.0
PT0002000078441876HB,18,0,historico,dia_util,1354.0,1358.5,135.85,-0.03,-0.03,normal,abaixo,baixa,2,histórico dia_util (poucos dados),3.0
PT0002000078441876HB,19,0,historico,dia_util,1405.0,1279.5,127.95,0.98,0.98,normal,acima,baixa,2,histórico dia_util (poucos dados),3.0
PT0002000078441876HB,20,0,historico,dia_util,1288.0,1179.0,117.9,0.92,0.92,normal,acima,baixa,2,histórico dia_util (poucos dados),3.0
PT0002000078441876HB,21,0,historico,dia_util,901.0,885.67,170.81,0.09,0.09,normal,acima,baixa,3,histórico dia_util (poucos dados),3.0
PT0002000078441876HB,22,0,historico,dia_util,666.0,749.33,96.23,-0.87,-0.87,normal,abaixo,baixa,3,histórico dia_util (poucos dados),3.0
PT0002000078441876HB,23,0,historico,dia_util,642.0,734.0,73.4,-1.25,-1.25,normal,abaixo,baixa,3,histórico dia_util (poucos dados),3.0
PT0002000079469719HF,0,1,atribuido,dia_util,22.0,49.0,38.18,-0.71,-0.71,normal,abaixo,baixa,2,histórico dia_util (poucos dados),3.0
PT0002000079469719HF,1,1,atribuido,dia_util,22.0,50.0,38.18,-0.73,-0.73,normal,abaixo,baixa,2,histórico dia_util (poucos dados),3.0
PT0002000079469719HF,2,1,atribuido,dia_util,42.0,49.0,38.18,-0.18,-0.18,normal,abaixo,baixa,2,histórico dia_util (poucos dados),3.0
PT0002000079469719HF,3,1,atribuido,dia_util,103.0,49.5,37.48,1.43,1.43,normal,acima,baixa,2,histórico dia_util (poucos dados),3.0
PT0002000079469719HF,4,1,atribuido,dia_util,103.0,49.0,39.6,1.36,1.36,normal,acima,baixa,2,histórico dia_util (poucos dados),3.0
PT0002000079469719HF,5,1,atribuido,dia_util,102.0,49.5,37.48,1.4,1.4,normal,acima,baixa,2,histórico dia_util (poucos dados),3.0
PT0002000079469719HF,6,1,atribuido,dia_util,100.0,47.5,38.89,1.35,1.35,normal,acima,baixa,2,histórico dia_util (poucos dados),3.0
PT0002000079469719HF,7,1,atribuido,dia_util,108.0,49.5,45.96,1.27,1.27,normal,acima,baixa,2,histórico dia_util (poucos dados),3.0
PT0002000079469719HF,8,1,atribuido,dia_util,124.0,52.0,52.33,1.38,1.38,normal,acima,baixa,2,histórico dia_util (poucos dados),3.0
PT0002000079469719HF,9,1,atribuido,dia_util,112.0,43.0,56.57,1.22,1.22,normal,acima,baixa,2,histórico dia_util (poucos dados),3.0
PT0002000079469719HF,10,1,atribuido,dia_util,98.0,26.5,37.48,1.91,1.91,normal,acima,baixa,2,histórico dia_util (poucos dados),3.0
PT0002000079469719HF,11,1,atribuido,dia_util,84.0,3.0,4.24,10.0,19.09,desvio,acima,baixa,2,histórico dia_util (poucos dados),3.0
PT0002000079469719HF,12,1,atribuido,dia_util,66.0,0.0,0.3,10.0,220.0,desvio,acima,baixa,2,histórico dia_util (poucos dados),3.0
PT0002000079469719HF,13,1,atribuido,dia_util,58.0,0.0,0.3,10.0,193.33,desvio,acima,baixa,2,histórico dia_util (poucos dados),3.0
PT0002000079469719HF,14,1,atribuido,dia_util,59.0,0.0,0.3,10.0,196.67,desvio,acima,baixa,2,histórico dia_util (poucos dados),3.0
PT0002000079469719HF,15,1,atribuido,dia_util,69.0,0.0,0.3,10.0,230.0,desvio,acima,baixa,2,histórico dia_util (poucos dados),3.0
PT0002000079469719HF,16,1,atribuido,dia_util,94.0,0.0,0.3,10.0,313.33,desvio,acima,baixa,2,histórico dia_util (poucos dados),3.0
PT0002000079469719HF,17,1,atribuido,dia_util,114.0,0.0,0.3,10.0,380.0,desvio,acima,baixa,2,histórico dia_util (poucos dados),3.0
PT0002000079469719HF,18,1,atribuido,dia_util,159.0,3.5,3.54,10.0,43.98,desvio,acima,baixa,2,histórico dia_util (poucos dados),3.0
PT0002000079469719HF,19,1,atribuido,dia_util,185.0,20.0,8.49,10.0,19.45,desvio,acima,baixa,2,histórico dia_util (poucos dados),3.0
PT0002000079469719HF,20,1,atribuido,dia_util,169.0,26.0,7.07,10.0,20.22,desvio,acima,baixa,2,histórico dia_util (poucos dados),3.0
PT0002000079469719HF,21,1,atribuido,dia_util,159.0,39.33,30.89,3.87,3.87,desvio,acima,baixa,3,histórico dia_util (poucos dados),3.0
PT0002000079469719HF,22,1,atribuido,dia_util,135.0,43.67,38.4,2.38,2.38,normal,acima,baixa,3,histórico dia_util (poucos dados),3.0
PT0002000079469719HF,23,1,atribuido,dia_util,104.0,40.33,31.77,2.0,2.0,normal,acima,baixa,3,histórico dia_util (poucos dados),3.0
PT0002000081344542CP,0,1,historico,dia_util,2.0,3.5,2.12,-0.71,-0.71,normal,abaixo,baixa,2,histórico dia_util (poucos dados),3.0
PT0002000081344542CP,1,1,historico,dia_util,6.0,3.5,3.54,0.71,0.71,normal,acima,baixa,2,histórico dia_util (poucos dados),3.0
PT0002000081344542CP,2,1,historico,dia_util,2.0,1.5,0.71,0.71,0.71,normal,acima,baixa,2,histórico dia_util (poucos dados),3.0
PT0002000081344542CP,3,1,historico,dia_util,2.0,2.0,0.3,0.0,0.0,normal,abaixo,baixa,2,histórico dia_util (poucos dados),3.0
PT0002000081344542CP,4,1,historico,dia_util,1.0,1.5,0.71,-0.71,-0.71,normal,abaixo,baixa,2,histórico dia_util (poucos dados),3.0
PT0002000081344542CP,5,1,historico,dia_util,2.0,3.5,2.12,-0.71,-0.71,normal,abaixo,baixa,2,histórico dia_util (poucos dados),3.0
PT0002000081344542CP,6,1,historico,dia_util,1.0,2.5,0.71,-2.12,-2.12,normal,abaixo,baixa,2,histórico dia_util (poucos dados),3.0
PT0002000081344542CP,7,1,historico,dia_util,2.0,2.5,2.12,-0.24,-0.24,normal,abaixo,baixa,2,histórico dia_util (poucos dados),3.0
PT0002000081344542CP,8,1,historico,dia_util,2.0,6.5,0.71,-6.36,-6.36,desvio,abaixo,baixa,2,histórico dia_util (poucos dados),3.0
PT0002000081344542CP,9,1,historico,dia_util,10.0,3.0,0.3,10.0,23.33,desvio,acima,baixa,2,histórico dia_util (poucos dados),3.0
PT0002000081344542CP,10,1,historico,dia_util,17.0,10.0,9.9,0.71,0.71,normal,acima,baixa,2,histórico dia_util (poucos dados),3.0
PT0002000081344542CP,11,1,historico,dia_util,26.0,14.0,8.49,1.41,1.41,normal,acima,baixa,2,histórico dia_util (poucos dados),3.0
PT0002000081344542CP,12,1,historico,dia_util,31.0,17.0,1.7,8.24,8.24,desvio,acima,baixa,2,histórico dia_util (poucos dados),3.0
PT0002000081344542CP,13,1,historico,dia_util,24.0,7.5,3.54,4.67,4.67,desvio,acima,baixa,2,histórico dia_util (poucos dados),3.0
PT0002000081344542CP,14,1,historico,dia_util,16.0,6.5,0.71,10.0,13.44,desvio,acima,baixa,2,histórico dia_util (poucos dados),3.0
PT0002000081344542CP,15,1,historico,dia_util,13.0,7.0,4.24,1.41,1.41,normal,acima,baixa,2,histórico dia_util (poucos dados),3.0
PT0002000081344542CP,16,1,historico,dia_util,11.0,4.5,0.71,9.19,9.19,desvio,acima,baixa,2,histórico dia_util (poucos dados),3.0
PT0002000081344542CP,17,1,historico,dia_util,10.0,4.0,2.83,2.12,2.12,normal,acima,baixa,2,histórico dia_util (poucos dados),3.0
PT0002000081344542CP,18,1,historico,dia_util,8.0,9.5,6.36,-0.24,-0.24,normal,abaixo,baixa,2,histórico dia_util (poucos dados),3.0
PT0002000081344542CP,19,1,historico,dia_util,40.0,42.0,4.2,-0.48,-0.48,normal,abaixo,baixa,2,histórico dia_util (poucos dados),3.0
PT0002000081344542CP,20,1,historico,dia_util,43.0,40.5,4.05,0.62,0.62,normal,acima,baixa,2,histórico dia_util (poucos dados),3.0
PT0002000081344542CP,21,1,historico,dia_util,29.0,25.33,21.78,0.17,0.17,normal,acima,baixa,3,histórico dia_util (poucos dados),3.0
PT0002000081344542CP,22,1,historico,dia_util,12.0,18.67,23.07,-0.29,-0.29,normal,abaixo,baixa,3,histórico dia_util (poucos dados),3.0
PT0002000081344542CP,23,1,historico,dia_util,4.0,9.33,8.39,-0.64,-0.64,normal,abaixo,baixa,3,histórico dia_util (poucos dados),3.0
PT0002000081997398TD,0,0,historico,dia_util,56.0,55.0,5.5,0.18,0.18,normal,acima,baixa,2,histórico dia_util (poucos dados),3.0
PT0002000081997398TD,1,0,historico,dia_util,38.0,40.5,4.05,-0.62,-0.62,normal,abaixo,baixa,2,histórico dia_util (poucos dados),3.0
PT0002000081997398TD,2,0,historico,dia_util,39.0,39.0,3.9,0.0,0.0,normal,abaixo,baixa,2,histórico dia_util (poucos dados),3.0
PT0002000081997398TD,3,0,historico,dia_util,37.0,39.0,3.9,-0.51,-0.51,normal,abaixo,baixa,2,histórico dia_util (poucos dados),3.0
PT0002000081997398TD,4,0,historico,dia_util,34.0,34.5,3.45,-0.14,-0.14,normal,abaixo,baixa,2,histórico dia_util (poucos dados),3.0
PT0002000081997398TD,5,0,historico,dia_util,38.0,38.5,3.85,-0.13,-0.13,normal,abaixo,baixa,2,histórico dia_util (poucos dados),3.0
PT0002000081997398TD,6,0,historico,dia_util,40.0,42.5,4.25,-0.59,-0.59,normal,abaixo,baixa,2,histórico dia_util (poucos dados),3.0
PT0002000081997398TD,7,0,historico,dia_util,70.0,63.0,6.3,1.11,1.11,normal,acima,baixa,2,histórico dia_util (poucos dados),3.0
PT0002000081997398TD,8,0,historico,dia_util,148.0,153.5,15.35,-0.36,-0.36,normal,abaixo,baixa,2,histórico dia_util (poucos dados),3.0
PT0002000081997398TD,9,0,historico,dia_util,224.0,229.5,22.95,-0.24,-0.24,normal,abaixo,baixa,2,histórico dia_util (poucos dados),3.0
PT0002000081997398TD,10,0,historico,dia_util,158.0,169.0,16.9,-0.65,-0.65,normal,abaixo,baixa,2,histórico dia_util (poucos dados),3.0
PT0002000081997398TD,11,0,historico,dia_util,131.0,136.0,13.6,-0.37,-0.37,normal,abaixo,baixa,2,histórico dia_util (poucos dados),3.0
PT0002000081997398TD,12,0,historico,dia_util,226.0,198.0,19.8,1.41,1.41,normal,acima,baixa,2,histórico dia_util (poucos dados),3.0
PT0002000081997398TD,13,0,historico,dia_util,236.0,209.0,20.9,1.29,1.29,normal,acima,baixa,2,histórico dia_util (poucos dados),3.0
PT0002000081997398TD,14,0,historico,dia_util,197.0,175.5,17.55,1.23,1.23,normal,acima,baixa,2,histórico dia_util (poucos dados),3.0
PT0002000081997398TD,15,0,historico,dia_util,149.0,131.5,13.15,1.33,1.33,normal,acima,baixa,2,histórico dia_util (poucos dados),3.0
PT0002000081997398TD,16,0,historico,dia_util,156.0,176.5,20.51,-1.0,-1.0,normal,abaixo,baixa,2,histórico dia_util (poucos dados),3.0
PT0002000081997398TD,17,0,historico,dia_util,221.0,279.0,46.67,-1.24,-1.24,normal,abaixo,baixa,2,histórico dia_util (poucos dados),3.0
PT0002000081997398TD,18,0,historico,dia_util,225.0,275.5,27.55,-1.83,-1.83,normal,abaixo,baixa,2,histórico dia_util (poucos dados),3.0
PT0002000081997398TD,19,0,historico,dia_util,162.0,196.5,40.31,-0.86,-0.86,normal,abaixo,baixa,2,histórico dia_util (poucos dados),3.0
PT0002000081997398TD,20,0,historico,dia_util,133.0,155.5,26.16,-0.86,-0.86,normal,abaixo,baixa,2,histórico dia_util (poucos dados),3.0
PT0002000081997398TD,21,0,historico,dia_util,123.0,122.33,29.5,0.02,0.02,normal,acima,baixa,3,histórico dia_util (poucos dados),3.0
PT0002000081997398TD,22,0,historico,dia_util,63.0,78.33,21.57,-0.71,-0.71,normal,abaixo,baixa,3,histórico dia_util (poucos dados),3.0
PT0002000081997398TD,23,0,historico,dia_util,53.0,61.33,11.68,-0.71,-0.71,normal,abaixo,baixa,3,histórico dia_util (poucos dados),3.0
PT0002000082549706RH,0,0,historico,dia_util,83.0,82.5,8.25,0.06,0.06,normal,acima,baixa,2,histórico dia_util (poucos dados),3.0
PT0002000082549706RH,1,0,historico,dia_util,82.0,81.0,8.1,0.12,0.12,normal,acima,baixa,2,histórico dia_util (poucos dados),3.0
PT0002000082549706RH,2,0,historico,dia_util,83.0,82.0,8.2,0.12,0.12,normal,acima,baixa,2,histórico dia_util (poucos dados),3.0
PT0002000082549706RH,3,0,historico,dia_util,82.0,82.0,8.2,0.0,0.0,normal,abaixo,baixa,2,histórico dia_util (poucos dados),3.0
PT0002000082549706RH,4,0,historico,dia_util,82.0,81.5,8.15,0.06,0.06,normal,acima,baixa,2,histórico dia_util (poucos dados),3.0
PT0002000082549706RH,5,0,historico,dia_util,87.0,84.5,8.45,0.3,0.3,normal,acima,baixa,2,histórico dia_util (poucos dados),3.0
PT0002000082549706RH,6,0,historico,dia_util,81.0,76.0,8.49,0.59,0.59,normal,acima,baixa,2,histórico dia_util (poucos dados),3.0
PT0002000082549706RH,7,0,historico,dia_util,84.0,78.0,7.8,0.77,0.77,normal,acima,baixa,2,histórico dia_util (poucos dados),3.0
PT0002000082549706RH,8,0,historico,dia_util,86.0,79.0,7.9,0.89,0.89,normal,acima,baixa,2,histórico dia_util (poucos dados),3.0
PT0002000082549706RH,9,0,historico,dia_util,89.0,83.5,8.35,0.66,0.66,normal,acima,baixa,2,histórico dia_util (poucos dados),3.0
PT0002000082549706RH,10,0,historico,dia_util,93.0,87.5,8.75,0.63,0.63,normal,acima,baixa,2,histórico dia_util (poucos dados),3.0
PT0002000082549706RH,11,0,historico,dia_util,89.0,96.0,9.6,-0.73,-0.73,normal,abaixo,baixa,2,histórico dia_util (poucos dados),3.0
PT0002000082549706RH,12,0,historico,dia_util,97.0,97.5,9.75,-0.05,-0.05,normal,abaixo,baixa,2,histórico dia_util (poucos dados),3.0
PT0002000082549706RH,13,0,historico,dia_util,91.0,93.0,9.3,-0.22,-0.22,normal,abaixo,baixa,2,histórico dia_util (poucos dados),3.0
PT0002000082549706RH,14,0,historico,dia_util,95.0,87.5,14.85,0.51,0.51,normal,acima,baixa,2,histórico dia_util (poucos dados),3.0
PT0002000082549706RH,15,0,historico,dia_util,105.0,95.0,14.14,0.71,0.71,normal,acima,baixa,2,histórico dia_util (poucos dados),3.0
PT0002000082549706RH,16,0,historico,dia_util,115.0,93.5,9.35,2.3,2.3,normal,acima,baixa,2,histórico dia_util (poucos dados),3.0
PT0002000082549706RH,17,0,historico,dia_util,110.0,91.5,16.26,1.14,1.14,normal,acima,baixa,2,histórico dia_util (poucos dados),3.0
PT0002000082549706RH,18,0,historico,dia_util,93.0,88.0,8.8,0.57,0.57,normal,acima,baixa,2,histórico dia_util (poucos dados),3.0
PT0002000082549706RH,19,0,historico,dia_util,82.0,81.0,8.1,0.12,0.12,normal,acima,baixa,2,histórico dia_util (poucos dados),3.0
PT0002000082549706RH,20,0,historico,dia_util,90.0,86.5,8.65,0.4,0.4,normal,acima,baixa,2,histórico dia_util (poucos dados),3.0
PT0002000082549706RH,21,0,historico,dia_util,86.0,76.33,12.66,0.76,0.76,normal,acima,baixa,3,histórico dia_util (poucos dados),3.0
PT0002000082549706RH,22,0,historico,dia_util,85.0,83.33,8.33,0.2,0.2,normal,acima,baixa,3,histórico dia_util (poucos dados),3.0
PT0002000082549706RH,23,0,historico,dia_util,86.0,83.0,8.3,0.36,0.36,normal,acima,baixa,3,histórico dia_util (poucos dados),3.0
PT0002000100113293JT,0,0,historico,dia_util,149.0,150.0,15.0,-0.07,-0.07,normal,abaixo,baixa,2,histórico dia_util (poucos dados),3.0
PT0002000100113293JT,1,0,historico,dia_util,151.0,150.0,15.0,0.07,0.07,normal,acima,baixa,2,histórico dia_util (poucos dados),3.0
PT0002000100113293JT,2,0,historico,dia_util,151.0,150.5,15.05,0.03,0.03,normal,acima,baixa,2,histórico dia_util (poucos dados),3.0
PT0002000100113293JT,3,0,historico,dia_util,152.0,150.5,15.05,0.1,0.1,normal,acima,baixa,2,histórico dia_util (poucos dados),3.0
PT0002000100113293JT,4,0,historico,dia_util,151.0,151.0,15.1,0.0,0.0,normal,abaixo,baixa,2,histórico dia_util (poucos dados),3.0
PT0002000100113293JT,5,0,historico,dia_util,150.0,151.5,15.15,-0.1,-0.1,normal,abaixo,baixa,2,histórico dia_util (poucos dados),3.0
PT0002000100113293JT,6,0,historico,dia_util,153.0,154.5,15.45,-0.1,-0.1,normal,abaixo,baixa,2,histórico dia_util (poucos dados),3.0
PT0002000100113293JT,7,0,historico,dia_util,142.0,142.5,14.25,-0.04,-0.04,normal,abaixo,baixa,2,histórico dia_util (poucos dados),3.0
PT0002000100113293JT,8,0,historico,dia_util,136.0,136.0,13.6,0.0,0.0,normal,abaixo,baixa,2,histórico dia_util (poucos dados),3.0
PT0002000100113293JT,9,0,historico,dia_util,136.0,137.5,13.75,-0.11,-0.11,normal,abaixo,baixa,2,histórico dia_util (poucos dados),3.0
PT0002000100113293JT,10,0,historico,dia_util,133.0,137.0,13.7,-0.29,-0.29,normal,abaixo,baixa,2,histórico dia_util (poucos dados),3.0
PT0002000100113293JT,11,0,historico,dia_util,134.0,136.5,13.65,-0.18,-0.18,normal,abaixo,baixa,2,histórico dia_util (poucos dados),3.0
PT0002000100113293JT,12,0,historico,dia_util,136.0,139.0,13.9,-0.22,-0.22,normal,abaixo,baixa,2,histórico dia_util (poucos dados),3.0
PT0002000100113293JT,13,0,historico,dia_util,142.0,142.0,14.2,0.0,0.0,normal,abaixo,baixa,2,histórico dia_util (poucos dados),3.0
PT0002000100113293JT,14,0,historico,dia_util,141.0,139.5,13.95,0.11,0.11,normal,acima,baixa,2,histórico dia_util (poucos dados),3.0
PT0002000100113293JT,15,0,historico,dia_util,142.0,138.0,13.8,0.29,0.29,normal,acima,baixa,2,histórico dia_util (poucos dados),3.0
PT0002000100113293JT,16,0,historico,dia_util,136.0,137.0,13.7,-0.07,-0.07,normal,abaixo,baixa,2,histórico dia_util (poucos dados),3.0
PT0002000100113293JT,17,0,historico,dia_util,132.0,137.0,13.7,-0.36,-0.36,normal,abaixo,baixa,2,histórico dia_util (poucos dados),3.0
PT0002000100113293JT,18,0,historico,dia_util,132.0,137.0,13.7,-0.36,-0.36,normal,abaixo,baixa,2,histórico dia_util (poucos dados),3.0
PT0002000100113293JT,19,0,historico,dia_util,133.0,139.0,13.9,-0.43,-0.43,normal,abaixo,baixa,2,histórico dia_util (poucos dados),3.0
PT0002000100113293JT,20,0,historico,dia_util,136.0,139.5,13.95,-0.25,-0.25,normal,abaixo,baixa,2,histórico dia_util (poucos dados),3.0
PT0002000100113293JT,21,0,historico,dia_util,145.0,138.0,19.05,0.37,0.37,normal,acima,baixa,3,histórico dia_util (poucos dados),3.0
PT0002000100113293JT,22,0,historico,dia_util,152.0,156.33,15.63,-0.28,-0.28,normal,abaixo,baixa,3,histórico dia_util (poucos dados),3.0
PT0002000100113293JT,23,0,historico,dia_util,151.0,150.0,15.0,0.07,0.07,normal,acima,baixa,3,histórico dia_util (poucos dados),3.0
PT0002000101964938LF,0,0,historico,dia_util,9.0,9.5,0.95,-0.53,-0.53,normal,abaixo,baixa,2,histórico dia_util (poucos dados),3.0
PT0002000101964938LF,1,0,historico,dia_util,9.0,9.5,0.95,-0.53,-0.53,normal,abaixo,baixa,2,histórico dia_util (poucos dados),3.0
PT0002000101964938LF,2,0,historico,dia_util,9.0,9.5,0.95,-0.53,-0.53,normal,abaixo,baixa,2,histórico dia_util (poucos dados),3.0
PT0002000101964938LF,3,0,historico,dia_util,9.0,10.0,1.0,-1.0,-1.0,normal,abaixo,baixa,2,histórico dia_util (poucos dados),3.0
PT0002000101964938LF,4,0,historico,dia_util,9.0,9.5,0.95,-0.53,-0.53,normal,abaixo,baixa,2,histórico dia_util (poucos dados),3.0
PT0002000101964938LF,5,0,historico,dia_util,10.0,9.5,0.95,0.53,0.53,normal,acima,baixa,2,histórico dia_util (poucos dados),3.0
PT0002000101964938LF,6,0,historico,dia_util,9.0,9.5,0.95,-0.53,-0.53,normal,abaixo,baixa,2,histórico dia_util (poucos dados),3.0
PT0002000101964938LF,7,0,historico,dia_util,21.0,18.0,1.8,1.67,1.67,normal,acima,baixa,2,histórico dia_util (poucos dados),3.0
PT0002000101964938LF,8,0,historico,dia_util,51.0,33.0,5.66,3.18,3.18,desvio,acima,baixa,2,histórico dia_util (poucos dados),3.0
PT0002000101964938LF,9,0,historico,dia_util,51.0,36.5,12.02,1.21,1.21,normal,acima,baixa,2,histórico dia_util (poucos dados),3.0
PT0002000101964938LF,10,0,historico,dia_util,49.0,44.5,10.61,0.42,0.42,normal,acima,baixa,2,histórico dia_util (poucos dados),3.0
PT0002000101964938LF,11,0,historico,dia_util,50.0,51.0,5.1,-0.2,-0.2,normal,abaixo,baixa,2,histórico dia_util (poucos dados),3.0
PT0002000101964938LF,12,0,historico,dia_util,53.0,57.0,9.9,-0.4,-0.4,normal,abaixo,baixa,2,histórico dia_util (poucos dados),3.0
PT0002000101964938LF,13,0,historico,dia_util,62.0,58.0,11.31,0.35,0.35,normal,acima,baixa,2,histórico dia_util (poucos dados),3.0
PT0002000101964938LF,14,0,historico,dia_util,68.0,55.5,5.55,2.25,2.25,normal,acima,baixa,2,histórico dia_util (poucos dados),3.0
PT0002000101964938LF,15,0,historico,dia_util,66.0,54.5,6.36,1.81,1.81,normal,acima,baixa,2,histórico dia_util (poucos dados),3.0
PT0002000101964938LF,16,0,historico,dia_util,64.0,55.0,5.5,1.64,1.64,normal,acima,baixa,2,histórico dia_util (poucos dados),3.0
PT0002000101964938LF,17,0,historico,dia_util,63.0,48.5,4.85,2.99,2.99,normal,acima,baixa,2,histórico dia_util (poucos dados),3.0
PT0002000101964938LF,18,0,historico,dia_util,52.0,48.0,8.49,0.47,0.47,normal,acima,baixa,2,histórico dia_util (poucos dados),3.0
PT0002000101964938LF,19,0,historico,dia_util,54.0,42.0,7.07,1.7,1.7,normal,acima,baixa,2,histórico dia_util (poucos dados),3.0
PT0002000101964938LF,20,0,historico,dia_util,19.0,11.0,1.41,5.66,5.66,desvio,acima,baixa,2,histórico dia_util (poucos dados),3.0
PT0002000101964938LF,21,0,historico,dia_util,18.0,9.33,2.08,4.16,4.16,desvio,acima,baixa,3,histórico dia_util (poucos dados),3.0
PT0002000101964938LF,22,0,historico,dia_util,17.0,9.33,0.93,8.21,8.21,desvio,acima,baixa,3,histórico dia_util (poucos dados),3.0
PT0002000101964938LF,23,0,historico,dia_util,16.0,9.33,0.93,7.14,7.14,desvio,acima,baixa,3,histórico dia_util (poucos dados),3.0
PT0002000102936404ME,0,1,historico,dia_util,31.0,31.5,3.15,-0.16,-0.16,normal,abaixo,baixa,2,histórico dia_util (poucos dados),3.0
PT0002000102936404ME,1,1,historico,dia_util,29.0,21.0,11.31,0.71,0.71,normal,acima,baixa,2,histórico dia_util (poucos dados),3.0
PT0002000102936404ME,2,1,historico,dia_util,41.0,32.5,10.61,0.8,0.8,normal,acima,baixa,2,histórico dia_util (poucos dados),3.0
PT0002000102936404ME,3,1,historico,dia_util,50.0,45.5,4.95,0.91,0.91,normal,acima,baixa,2,histórico dia_util (poucos dados),3.0
PT0002000102936404ME,4,1,historico,dia_util,49.0,51.0,5.1,-0.39,-0.39,normal,abaixo,baixa,2,histórico dia_util (poucos dados),3.0
PT0002000102936404ME,5,1,historico,dia_util,50.0,50.0,5.0,0.0,0.0,normal,abaixo,baixa,2,histórico dia_util (poucos dados),3.0
PT0002000102936404ME,6,1,historico,dia_util,43.0,43.5,4.35,-0.11,-0.11,normal,abaixo,baixa,2,histórico dia_util (poucos dados),3.0
PT0002000102936404ME,7,1,historico,dia_util,26.0,26.5,2.65,-0.19,-0.19,normal,abaixo,baixa,2,histórico dia_util (poucos dados),3.0
PT0002000102936404ME,8,1,historico,dia_util,17.0,17.0,1.7,0.0,0.0,normal,abaixo,baixa,2,histórico dia_util (poucos dados),3.0
PT0002000102936404ME,9,1,historico,dia_util,34.0,35.5,3.55,-0.42,-0.42,normal,abaixo,baixa,2,histórico dia_util (poucos dados),3.0
PT0002000102936404ME,10,1,historico,dia_util,36.0,36.5,3.65,-0.14,-0.14,normal,abaixo,baixa,2,histórico dia_util (poucos dados),3.0
PT0002000102936404ME,11,1,historico,dia_util,35.0,36.0,3.6,-0.28,-0.28,normal,abaixo,baixa,2,histórico dia_util (poucos dados),3.0
PT0002000102936404ME,12,1,historico,dia_util,37.0,36.0,3.6,0.28,0.28,normal,acima,baixa,2,histórico dia_util (poucos dados),3.0
PT0002000102936404ME,13,1,historico,dia_util,36.0,36.0,3.6,0.0,0.0,normal,abaixo,baixa,2,histórico dia_util (poucos dados),3.0
PT0002000102936404ME,14,1,historico,dia_util,35.0,36.0,3.6,-0.28,-0.28,normal,abaixo,baixa,2,histórico dia_util (poucos dados),3.0
PT0002000102936404ME,15,1,historico,dia_util,36.0,35.5,3.55,0.14,0.14,normal,acima,baixa,2,histórico dia_util (poucos dados),3.0
PT0002000102936404ME,16,1,historico,dia_util,35.0,36.0,3.6,-0.28,-0.28,normal,abaixo,baixa,2,histórico dia_util (poucos dados),3.0
PT0002000102936404ME,17,1,historico,dia_util,36.0,46.0,14.14,-0.71,-0.71,normal,abaixo,baixa,2,histórico dia_util (poucos dados),3.0
PT0002000102936404ME,18,1,historico,dia_util,36.0,49.5,13.44,-1.0,-1.0,normal,abaixo,baixa,2,histórico dia_util (poucos dados),3.0
PT0002000102936404ME,19,1,historico,dia_util,35.0,50.5,9.19,-1.69,-1.69,normal,abaixo,baixa,2,histórico dia_util (poucos dados),3.0
PT0002000102936404ME,20,1,historico,dia_util,41.0,49.5,10.61,-0.8,-0.8,normal,abaixo,baixa,2,histórico dia_util (poucos dados),3.0
PT0002000102936404ME,21,1,historico,dia_util,49.0,45.67,8.39,0.4,0.4,normal,acima,baixa,3,histórico dia_util (poucos dados),3.0
PT0002000102936404ME,22,1,historico,dia_util,49.0,49.0,4.9,0.0,0.0,normal,abaixo,baixa,3,histórico dia_util (poucos dados),3.0
PT0002000102936404ME,23,1,historico,dia_util,51.0,48.67,4.87,0.48,0.48,normal,acima,baixa,3,histórico dia_util (poucos dados),3.0
PT0002000103647515BL,0,1,atribuido,dia_util,2.0,1.0,0.3,3.33,3.33,desvio,acima,baixa,2,histórico dia_util (poucos dados),3.0
PT0002000103647515BL,1,1,atribuido,dia_util,0.0,0.0,0.3,0.0,0.0,normal,abaixo,baixa,2,histórico dia_util (poucos dados),3.0
PT0002000103647515BL,2,1,atribuido,dia_util,0.0,0.0,0.3,0.0,0.0,normal,abaixo,baixa,2,histórico dia_util (poucos dados),3.0
PT0002000103647515BL,3,1,atribuido,dia_util,0.0,0.0,0.3,0.0,0.0,normal,abaixo,baixa,2,histórico dia_util (poucos dados),3.0
PT0002000103647515BL,4,1,atribuido,dia_util,0.0,0.0,0.3,0.0,0.0,normal,abaixo,baixa,2,histórico dia_util (poucos dados),3.0
PT0002000103647515BL,5,1,atribuido,dia_util,0.0,0.0,0.3,0.0,0.0,normal,abaixo,baixa,2,histórico dia_util (poucos dados),3.0
PT0002000103647515BL,6,1,atribuido,dia_util,0.0,0.0,0.3,0.0,0.0,normal,abaixo,baixa,2,histórico dia_util (poucos dados),3.0
PT0002000103647515BL,7,1,atribuido,dia_util,0.0,0.0,0.3,0.0,0.0,normal,abaixo,baixa,2,histórico dia_util (poucos dados),3.0
PT0002000103647515BL,8,1,atribuido,dia_util,0.0,0.0,0.3,0.0,0.0,normal,abaixo,baixa,2,histórico dia_util (poucos dados),3.0
PT0002000103647515BL,9,1,atribuido,dia_util,0.0,0.0,0.3,0.0,0.0,normal,abaixo,baixa,2,histórico dia_util (poucos dados),3.0
PT0002000103647515BL,10,1,atribuido,dia_util,0.0,0.0,0.3,0.0,0.0,normal,abaixo,baixa,2,histórico dia_util (poucos dados),3.0
PT0002000103647515BL,11,1,atribuido,dia_util,0.0,0.0,0.3,0.0,0.0,normal,abaixo,baixa,2,histórico dia_util (poucos dados),3.0
PT0002000103647515BL,12,1,atribuido,dia_util,0.0,0.0,0.3,0.0,0.0,normal,abaixo,baixa,2,histórico dia_util (poucos dados),3.0
PT0002000103647515BL,13,1,atribuido,dia_util,0.0,0.0,0.3,0.0,0.0,normal,abaixo,baixa,2,histórico dia_util (poucos dados),3.0
PT0002000103647515BL,14,1,atribuido,dia_util,0.0,0.0,0.3,0.0,0.0,normal,abaixo,baixa,2,histórico dia_util (poucos dados),3.0
PT0002000103647515BL,15,1,atribuido,dia_util,0.0,0.0,0.3,0.0,0.0,normal,abaixo,baixa,2,histórico dia_util (poucos dados),3.0
PT0002000103647515BL,16,1,atribuido,dia_util,0.0,0.0,0.3,0.0,0.0,normal,abaixo,baixa,2,histórico dia_util (poucos dados),3.0
PT0002000103647515BL,17,1,atribuido,dia_util,0.0,0.0,0.3,0.0,0.0,normal,abaixo,baixa,2,histórico dia_util (poucos dados),3.0
PT0002000103647515BL,18,1,atribuido,dia_util,0.0,0.0,0.3,0.0,0.0,normal,abaixo,baixa,2,histórico dia_util (poucos dados),3.0
PT0002000103647515BL,19,1,atribuido,dia_util,2.0,2.0,0.3,0.0,0.0,normal,abaixo,baixa,2,histórico dia_util (poucos dados),3.0
PT0002000103647515BL,20,1,atribuido,dia_util,3.0,2.0,0.3,3.33,3.33,desvio,acima,baixa,2,histórico dia_util (poucos dados),3.0
PT0002000103647515BL,21,1,atribuido,dia_util,2.0,2.0,1.0,0.0,0.0,normal,abaixo,baixa,3,histórico dia_util (poucos dados),3.0
PT0002000103647515BL,22,1,atribuido,dia_util,2.0,2.0,0.3,0.0,0.0,normal,abaixo,baixa,3,histórico dia_util (poucos dados),3.0
PT0002000103647515BL,23,1,atribuido,dia_util,3.0,2.0,0.3,3.33,3.33,desvio,acima,baixa,3,histórico dia_util (poucos dados),3.0
PT0002000105483259QH,0,1,historico,dia_util,2.0,2.5,0.71,-0.71,-0.71,normal,abaixo,baixa,2,histórico dia_util (poucos dados),3.0
PT0002000105483259QH,1,1,historico,dia_util,1.0,0.5,0.71,0.71,0.71,normal,acima,baixa,2,histórico dia_util (poucos dados),3.0
PT0002000105483259QH,2,1,historico,dia_util,0.0,0.5,0.71,-0.71,-0.71,normal,abaixo,baixa,2,histórico dia_util (poucos dados),3.0
PT0002000105483259QH,3,1,historico,dia_util,0.0,0.5,0.71,-0.71,-0.71,normal,abaixo,baixa,2,histórico dia_util (poucos dados),3.0
PT0002000105483259QH,4,1,historico,dia_util,1.0,0.0,0.3,3.33,3.33,desvio,acima,baixa,2,histórico dia_util (poucos dados),3.0
PT0002000105483259QH,5,1,historico,dia_util,0.0,0.0,0.3,0.0,0.0,normal,abaixo,baixa,2,histórico dia_util (poucos dados),3.0
PT0002000105483259QH,6,1,historico,dia_util,0.0,1.0,0.3,-3.33,-3.33,desvio,abaixo,baixa,2,histórico dia_util (poucos dados),3.0
PT0002000105483259QH,7,1,historico,dia_util,1.0,0.0,0.3,3.33,3.33,desvio,acima,baixa,2,histórico dia_util (poucos dados),3.0
PT0002000105483259QH,8,1,historico,dia_util,0.0,0.0,0.3,0.0,0.0,normal,abaixo,baixa,2,histórico dia_util (poucos dados),3.0
PT0002000105483259QH,9,1,historico,dia_util,0.0,1.0,0.3,-3.33,-3.33,desvio,abaixo,baixa,2,histórico dia_util (poucos dados),3.0
PT0002000105483259QH,10,1,historico,dia_util,1.0,0.0,0.3,3.33,3.33,desvio,acima,baixa,2,histórico dia_util (poucos dados),3.0
PT0002000105483259QH,11,1,historico,dia_util,0.0,0.0,0.3,0.0,0.0,normal,abaixo,baixa,2,histórico dia_util (poucos dados),3.0
PT0002000105483259QH,12,1,historico,dia_util,0.0,0.5,0.71,-0.71,-0.71,normal,abaixo,baixa,2,histórico dia_util (poucos dados),3.0
PT0002000105483259QH,13,1,historico,dia_util,1.0,0.5,0.71,0.71,0.71,normal,acima,baixa,2,histórico dia_util (poucos dados),3.0
PT0002000105483259QH,14,1,historico,dia_util,0.0,0.0,0.3,0.0,0.0,normal,abaixo,baixa,2,histórico dia_util (poucos dados),3.0
PT0002000105483259QH,15,1,historico,dia_util,0.0,1.5,0.71,-2.12,-2.12,normal,abaixo,baixa,2,histórico dia_util (poucos dados),3.0
PT0002000105483259QH,16,1,historico,dia_util,1.0,1.5,0.71,-0.71,-0.71,normal,abaixo,baixa,2,histórico dia_util (poucos dados),3.0
PT0002000105483259QH,17,1,historico,dia_util,0.0,1.5,0.71,-2.12,-2.12,normal,abaixo,baixa,2,histórico dia_util (poucos dados),3.0
PT0002000105483259QH,18,1,historico,dia_util,0.0,2.0,0.3,-6.67,-6.67,desvio,abaixo,baixa,2,histórico dia_util (poucos dados),3.0
PT0002000105483259QH,19,1,historico,dia_util,1.0,1.5,0.71,-0.71,-0.71,normal,abaixo,baixa,2,histórico dia_util (poucos dados),3.0
PT0002000105483259QH,20,1,historico,dia_util,0.0,2.5,0.71,-3.54,-3.54,desvio,abaixo,baixa,2,histórico dia_util (poucos dados),3.0
PT0002000105483259QH,21,1,historico,dia_util,1.0,1.33,0.58,-0.58,-0.58,normal,abaixo,baixa,3,histórico dia_util (poucos dados),3.0
PT0002000105483259QH,22,1,historico,dia_util,1.0,2.33,0.58,-2.31,-2.31,normal,abaixo,baixa,3,histórico dia_util (poucos dados),3.0
PT0002000105483259QH,23,1,historico,dia_util,1.0,2.0,1.0,-1.0,-1.0,normal,abaixo,baixa,3,histórico dia_util (poucos dados),3.0
PT0002000106102375RC,0,0,atribuido,dia_util,40.0,40.0,4.0,0.0,0.0,normal,abaixo,baixa,2,histórico dia_util (poucos dados),3.0
PT0002000106102375RC,1,0,atribuido,dia_util,39.0,39.0,3.9,0.0,0.0,normal,abaixo,baixa,2,histórico dia_util (poucos dados),3.0
PT0002000106102375RC,2,0,atribuido,dia_util,36.0,38.5,3.85,-0.65,-0.65,normal,abaixo,baixa,2,histórico dia_util (poucos dados),3.0
PT0002000106102375RC,3,0,atribuido,dia_util,35.0,38.0,3.8,-0.79,-0.79,normal,abaixo,baixa,2,histórico dia_util (poucos dados),3.0
PT0002000106102375RC,4,0,atribuido,dia_util,37.0,37.5,3.75,-0.13,-0.13,normal,abaixo,baixa,2,histórico dia_util (poucos dados),3.0
PT0002000106102375RC,5,0,atribuido,dia_util,36.0,38.5,3.85,-0.65,-0.65,normal,abaixo,baixa,2,histórico dia_util (poucos dados),3.0
PT0002000106102375RC,6,0,atribuido,dia_util,37.0,39.0,3.9,-0.51,-0.51,normal,abaixo,baixa,2,histórico dia_util (poucos dados),3.0
PT0002000106102375RC,7,0,atribuido,dia_util,52.0,52.0,5.2,0.0,0.0,normal,abaixo,baixa,2,histórico dia_util (poucos dados),3.0
PT0002000106102375RC,8,0,atribuido,dia_util,60.0,63.5,6.35,-0.55,-0.55,normal,abaixo,baixa,2,histórico dia_util (poucos dados),3.0
PT0002000106102375RC,9,0,atribuido,dia_util,64.0,69.0,6.9,-0.72,-0.72,normal,abaixo,baixa,2,histórico dia_util (poucos dados),3.0
PT0002000106102375RC,10,0,atribuido,dia_util,69.0,72.0,7.2,-0.42,-0.42,normal,abaixo,baixa,2,histórico dia_util (poucos dados),3.0
PT0002000106102375RC,11,0,atribuido,dia_util,71.0,73.0,7.3,-0.27,-0.27,normal,abaixo,baixa,2,histórico dia_util (poucos dados),3.0
PT0002000106102375RC,12,0,atribuido,dia_util,75.0,76.0,7.6,-0.13,-0.13,normal,abaixo,baixa,2,histórico dia_util (poucos dados),3.0
PT0002000106102375RC,13,0,atribuido,dia_util,75.0,75.5,7.55,-0.07,-0.07,normal,abaixo,baixa,2,histórico dia_util (poucos dados),3.0
PT0002000106102375RC,14,0,atribuido,dia_util,72.0,71.0,7.1,0.14,0.14,normal,acima,baixa,2,histórico dia_util (poucos dados),3.0
PT0002000106102375RC,15,0,atribuido,dia_util,69.0,69.0,6.9,0.0,0.0,normal,abaixo,baixa,2,histórico dia_util (poucos dados),3.0
PT0002000106102375RC,16,0,atribuido,dia_util,68.0,66.0,6.6,0.3,0.3,normal,acima,baixa,2,histórico dia_util (poucos dados),3.0
PT0002000106102375RC,17,0,atribuido,dia_util,68.0,64.5,6.45,0.54,0.54,normal,acima,baixa,2,histórico dia_util (poucos dados),3.0
PT0002000106102375RC,18,0,atribuido,dia_util,64.0,61.0,6.1,0.49,0.49,normal,acima,baixa,2,histórico dia_util (poucos dados),3.0
PT0002000106102375RC,19,0,atribuido,dia_util,66.0,62.5,6.25,0.56,0.56,normal,acima,baixa,2,histórico dia_util (poucos dados),3.0
PT0002000106102375RC,20,0,atribuido,dia_util,46.0,44.0,4.4,0.45,0.45,normal,acima,baixa,2,histórico dia_util (poucos dados),3.0
PT0002000106102375RC,21,0,atribuido,dia_util,42.0,36.0,5.2,1.15,1.15,normal,acima,baixa,3,histórico dia_util (poucos dados),3.0
PT0002000106102375RC,22,0,atribuido,dia_util,42.0,39.67,3.97,0.59,0.59,normal,acima,baixa,3,histórico dia_util (poucos dados),3.0
PT0002000106102375RC,23,0,atribuido,dia_util,40.0,40.33,4.03,-0.08,-0.08,normal,abaixo,baixa,3,histórico dia_util (poucos dados),3.0
PT0002000107046231FW,0,0,historico,dia_util,3.0,1.5,0.71,2.12,2.12,normal,acima,baixa,2,histórico dia_util (poucos dados),3.0
PT0002000107046231FW,1,0,historico,dia_util,2.0,2.5,0.71,-0.71,-0.71,normal,abaixo,baixa,2,histórico dia_util (poucos dados),3.0
PT0002000107046231FW,2,0,historico,dia_util,3.0,3.5,0.71,-0.71,-0.71,normal,abaixo,baixa,2,histórico dia_util (poucos dados),3.0
PT0002000107046231FW,3,0,historico,dia_util,3.0,3.5,0.71,-0.71,-0.71,normal,abaixo,baixa,2,histórico dia_util (poucos dados),3.0
PT0002000107046231FW,4,0,historico,dia_util,4.0,3.0,0.3,3.33,3.33,desvio,acima,baixa,2,histórico dia_util (poucos dados),3.0
PT0002000107046231FW,5,0,historico,dia_util,4.0,3.0,0.3,3.33,3.33,desvio,acima,baixa,2,histórico dia_util (poucos dados),3.0
PT0002000107046231FW,6,0,historico,dia_util,3.0,4.0,0.4,-2.5,-2.5,normal,abaixo,baixa,2,histórico dia_util (poucos dados),3.0
PT0002000107046231FW,7,0,historico,dia_util,4.0,4.0,0.4,0.0,0.0,normal,abaixo,baixa,2,histórico dia_util (poucos dados),3.0
PT0002000107046231FW,8,0,historico,dia_util,4.0,4.0,0.4,0.0,0.0,normal,abaixo,baixa,2,histórico dia_util (poucos dados),3.0
PT0002000107046231FW,9,0,historico,dia_util,4.0,3.0,0.3,3.33,3.33,desvio,acima,baixa,2,histórico dia_util (poucos dados),3.0
PT0002000107046231FW,10,0,historico,dia_util,3.0,3.5,0.71,-0.71,-0.71,normal,abaixo,baixa,2,histórico dia_util (poucos dados),3.0
PT0002000107046231FW,11,0,historico,dia_util,1.0,2.5,0.71,-2.12,-2.12,normal,abaixo,baixa,2,histórico dia_util (poucos dados),3.0
PT0002000107046231FW,12,0,historico,dia_util,2.0,1.0,0.3,3.33,3.33,desvio,acima,baixa,2,histórico dia_util (poucos dados),3.0
PT0002000107046231FW,13,0,historico,dia_util,2.0,2.0,0.3,0.0,0.0,normal,abaixo,baixa,2,histórico dia_util (poucos dados),3.0
PT0002000107046231FW,14,0,historico,dia_util,2.0,2.0,0.3,0.0,0.0,normal,abaixo,baixa,2,histórico dia_util (poucos dados),3.0
PT0002000107046231FW,15,0,historico,dia_util,4.0,3.5,0.71,0.71,0.71,normal,acima,baixa,2,histórico dia_util (poucos dados),3.0
PT0002000107046231FW,16,0,historico,dia_util,2.0,3.0,1.41,-0.71,-0.71,normal,abaixo,baixa,2,histórico dia_util (poucos dados),3.0
PT0002000107046231FW,17,0,historico,dia_util,2.0,1.5,0.71,0.71,0.71,normal,acima,baixa,2,histórico dia_util (poucos dados),3.0
PT0002000107046231FW,18,0,historico,dia_util,3.0,3.0,0.3,0.0,0.0,normal,abaixo,baixa,2,histórico dia_util (poucos dados),3.0
PT0002000107046231FW,19,0,historico,dia_util,3.0,2.5,0.71,0.71,0.71,normal,acima,baixa,2,histórico dia_util (poucos dados),3.0
PT0002000107046231FW,20,0,historico,dia_util,2.0,2.5,0.71,-0.71,-0.71,normal,abaixo,baixa,2,histórico dia_util (poucos dados),3.0
PT0002000107046231FW,21,0,historico,dia_util,3.0,2.0,1.0,1.0,1.0,normal,acima,baixa,3,histórico dia_util (poucos dados),3.0
PT0002000107046231FW,22,0,historico,dia_util,2.0,3.0,1.0,-1.0,-1.0,normal,abaixo,baixa,3,histórico dia_util (poucos dados),3.0
PT0002000107046231FW,23,0,historico,dia_util,2.0,1.33,0.58,1.15,1.15,normal,acima,baixa,3,histórico dia_util (poucos dados),3.0
PT0002000107172384HT,0,1,historico,dia_util,23.0,26.0,2.6,-1.15,-1.15,normal,abaixo,baixa,2,histórico dia_util (poucos dados),3.0
PT0002000107172384HT,1,1,historico,dia_util,23.0,22.5,2.25,0.22,0.22,normal,acima,baixa,2,histórico dia_util (poucos dados),3.0
PT0002000107172384HT,2,1,historico,dia_util,21.0,21.0,2.1,0.0,0.0,normal,abaixo,baixa,2,histórico dia_util (poucos dados),3.0
PT0002000107172384HT,3,1,historico,dia_util,20.0,19.5,1.95,0.26,0.26,normal,acima,baixa,2,histórico dia_util (poucos dados),3.0
PT0002000107172384HT,4,1,historico,dia_util,20.0,21.0,2.1,-0.48,-0.48,normal,abaixo,baixa,2,histórico dia_util (poucos dados),3.0
PT0002000107172384HT,5,1,historico,dia_util,19.0,21.0,2.1,-0.95,-0.95,normal,abaixo,baixa,2,histórico dia_util (poucos dados),3.0
PT0002000107172384HT,6,1,historico,dia_util,21.0,20.5,2.05,0.24,0.24,normal,acima,baixa,2,histórico dia_util (poucos dados),3.0
PT0002000107172384HT,7,1,historico,dia_util,22.0,21.0,2.83,0.35,0.35,normal,acima,baixa,2,histórico dia_util (poucos dados),3.0
PT0002000107172384HT,8,1,historico,dia_util,19.0,19.0,1.9,0.0,0.0,normal,abaixo,baixa,2,histórico dia_util (poucos dados),3.0
PT0002000107172384HT,9,1,historico,dia_util,20.0,22.0,2.2,-0.91,-0.91,normal,abaixo,baixa,2,histórico dia_util (poucos dados),3.0
PT0002000107172384HT,10,1,historico,dia_util,23.0,20.0,2.0,1.5,1.5,normal,acima,baixa,2,histórico dia_util (poucos dados),3.0
PT0002000107172384HT,11,1,historico,dia_util,19.0,22.5,2.25,-1.56,-1.56,normal,abaixo,baixa,2,histórico dia_util (poucos dados),3.0
PT0002000107172384HT,12,1,historico,dia_util,24.0,22.5,2.25,0.67,0.67,normal,acima,baixa,2,histórico dia_util (poucos dados),3.0
PT0002000107172384HT,13,1,historico,dia_util,32.0,29.5,2.95,0.85,0.85,normal,acima,baixa,2,histórico dia_util (poucos dados),3.0
PT0002000107172384HT,14,1,historico,dia_util,28.0,29.5,2.95,-0.51,-0.51,normal,abaixo,baixa,2,histórico dia_util (poucos dados),3.0
PT0002000107172384HT,15,1,historico,dia_util,31.0,30.5,6.36,0.08,0.08,normal,acima,baixa,2,histórico dia_util (poucos dados),3.0
PT0002000107172384HT,16,1,historico,dia_util,32.0,28.5,6.36,0.55,0.55,normal,acima,baixa,2,histórico dia_util (poucos dados),3.0
PT0002000107172384HT,17,1,historico,dia_util,31.0,30.5,3.54,0.14,0.14,normal,acima,baixa,2,histórico dia_util (poucos dados),3.0
PT0002000107172384HT,18,1,historico,dia_util,29.0,31.0,3.1,-0.65,-0.65,normal,abaixo,baixa,2,histórico dia_util (poucos dados),3.0
PT0002000107172384HT,19,1,historico,dia_util,34.0,32.5,3.25,0.46,0.46,normal,acima,baixa,2,histórico dia_util (poucos dados),3.0
PT0002000107172384HT,20,1,historico,dia_util,41.0,34.0,3.4,2.06,2.06,normal,acima,baixa,2,histórico dia_util (poucos dados),3.0
PT0002000107172384HT,21,1,historico,dia_util,38.0,30.0,8.89,0.9,0.9,normal,acima,baixa,3,histórico dia_util (poucos dados),3.0
PT0002000107172384HT,22,1,historico,dia_util,38.0,30.33,8.5,0.9,0.9,normal,acima,baixa,3,histórico dia_util (poucos dados),3.0
PT0002000107172384HT,23,1,historico,dia_util,35.0,29.33,6.35,0.89,0.89,normal,acima,baixa,3,histórico dia_util (poucos dados),3.0
PT0002000109837807PE,0,1,historico,dia_util,6.0,7.0,0.7,-1.43,-1.43,normal,abaixo,baixa,2,histórico dia_util (poucos dados),3.0
PT0002000109837807PE,1,1,historico,dia_util,7.0,7.0,0.7,0.0,0.0,normal,abaixo,baixa,2,histórico dia_util (poucos dados),3.0
PT0002000109837807PE,2,1,historico,dia_util,7.0,7.0,0.7,0.0,0.0,normal,abaixo,baixa,2,histórico dia_util (poucos dados),3.0
PT0002000109837807PE,3,1,historico,dia_util,7.0,7.0,0.7,0.0,0.0,normal,abaixo,baixa,2,histórico dia_util (poucos dados),3.0
PT0002000109837807PE,4,1,historico,dia_util,6.0,6.0,0.6,0.0,0.0,normal,abaixo,baixa,2,histórico dia_util (poucos dados),3.0
PT0002000109837807PE,5,1,historico,dia_util,3.0,3.0,0.3,0.0,0.0,normal,abaixo,baixa,2,histórico dia_util (poucos dados),3.0
PT0002000109837807PE,6,1,historico,dia_util,3.0,3.5,0.71,-0.71,-0.71,normal,abaixo,baixa,2,histórico dia_util (poucos dados),3.0
PT0002000109837807PE,7,1,historico,dia_util,4.0,3.0,0.3,3.33,3.33,desvio,acima,baixa,2,histórico dia_util (poucos dados),3.0
PT0002000109837807PE,8,1,historico,dia_util,19.0,16.5,2.12,1.18,1.18,normal,acima,baixa,2,histórico dia_util (poucos dados),3.0
PT0002000109837807PE,9,1,historico,dia_util,19.0,20.0,2.0,-0.5,-0.5,normal,abaixo,baixa,2,histórico dia_util (poucos dados),3.0
PT0002000109837807PE,10,1,historico,dia_util,20.0,19.5,1.95,0.26,0.26,normal,acima,baixa,2,histórico dia_util (poucos dados),3.0
PT0002000109837807PE,11,1,historico,dia_util,20.0,20.0,2.0,0.0,0.0,normal,abaixo,baixa,2,histórico dia_util (poucos dados),3.0
PT0002000109837807PE,12,1,historico,dia_util,19.0,20.5,2.05,-0.73,-0.73,normal,abaixo,baixa,2,histórico dia_util (poucos dados),3.0
PT0002000109837807PE,13,1,historico,dia_util,20.0,19.5,1.95,0.26,0.26,normal,acima,baixa,2,histórico dia_util (poucos dados),3.0
PT0002000109837807PE,14,1,historico,dia_util,19.0,20.5,2.05,-0.73,-0.73,normal,abaixo,baixa,2,histórico dia_util (poucos dados),3.0
PT0002000109837807PE,15,1,historico,dia_util,18.0,19.0,1.9,-0.53,-0.53,normal,abaixo,baixa,2,histórico dia_util (poucos dados),3.0
PT0002000109837807PE,16,1,historico,dia_util,19.0,17.0,4.24,0.47,0.47,normal,acima,baixa,2,histórico dia_util (poucos dados),3.0
PT0002000109837807PE,17,1,historico,dia_util,7.0,5.0,2.83,0.71,0.71,normal,acima,baixa,2,histórico dia_util (poucos dados),3.0
PT0002000109837807PE,18,1,historico,dia_util,4.0,3.5,0.71,0.71,0.71,normal,acima,baixa,2,histórico dia_util (poucos dados),3.0
PT0002000109837807PE,19,1,historico,dia_util,5.0,5.0,0.5,0.0,0.0,normal,abaixo,baixa,2,histórico dia_util (poucos dados),3.0
PT0002000109837807PE,20,1,historico,dia_util,7.0,7.0,0.7,0.0,0.0,normal,abaixo,baixa,2,histórico dia_util (poucos dados),3.0
PT0002000109837807PE,21,1,historico,dia_util,7.0,6.33,1.15,0.58,0.58,normal,acima,baixa,3,histórico dia_util (poucos dados),3.0
PT0002000109837807PE,22,1,historico,dia_util,7.0,7.0,0.7,0.0,0.0,normal,abaixo,baixa,3,histórico dia_util (poucos dados),3.0
PT0002000109837807PE,23,1,historico,dia_util,7.0,6.33,0.63,1.05,1.05,normal,acima,baixa,3,histórico dia_util (poucos dados),3.0
PT0002000110090564GD,0,1,historico,dia_util,4.0,5.0,0.5,-2.0,-2.0,normal,abaixo,baixa,2,histórico dia_util (poucos dados),3.0
PT0002000110090564GD,1,1,historico,dia_util,5.0,4.5,0.71,0.71,0.71,normal,acima,baixa,2,histórico dia_util (poucos dados),3.0
PT0002000110090564GD,2,1,historico,dia_util,5.0,4.5,0.71,0.71,0.71,normal,acima,baixa,2,histórico dia_util (poucos dados),3.0
PT0002000110090564GD,3,1,historico,dia_util,5.0,5.0,0.5,0.0,0.0,normal,abaixo,baixa,2,histórico dia_util (poucos dados),3.0
PT0002000110090564GD,4,1,historico,dia_util,5.0,5.0,0.5,0.0,0.0,normal,abaixo,baixa,2,histórico dia_util (poucos dados),3.0
PT0002000110090564GD,5,1,historico,dia_util,5.0,5.0,0.5,0.0,0.0,normal,abaixo,baixa,2,histórico dia_util (poucos dados),3.0
PT0002000110090564GD,6,1,historico,dia_util,4.0,4.5,0.71,-0.71,-0.71,normal,abaixo,baixa,2,histórico dia_util (poucos dados),3.0
PT0002000110090564GD,7,1,historico,dia_util,5.0,4.5,0.71,0.71,0.71,normal,acima,baixa,2,histórico dia_util (poucos dados),3.0
PT0002000110090564GD,8,1,historico,dia_util,5.0,5.0,0.5,0.0,0.0,normal,abaixo,baixa,2,histórico dia_util (poucos dados),3.0
PT0002000110090564GD,9,1,historico,dia_util,6.0,5.0,0.5,2.0,2.0,normal,acima,baixa,2,histórico dia_util (poucos dados),3.0
PT0002000110090564GD,10,1,historico,dia_util,6.0,5.5,2.12,0.24,0.24,normal,acima,baixa,2,histórico dia_util (poucos dados),3.0
PT0002000110090564GD,11,1,historico,dia_util,7.0,6.0,1.41,0.71,0.71,normal,acima,baixa,2,histórico dia_util (poucos dados),3.0
PT0002000110090564GD,12,1,historico,dia_util,7.0,6.0,1.41,0.71,0.71,normal,acima,baixa,2,histórico dia_util (poucos dados),3.0
PT0002000110090564GD,13,1,historico,dia_util,6.0,6.0,1.41,0.0,0.0,normal,abaixo,baixa,2,histórico dia_util (poucos dados),3.0
PT0002000110090564GD,14,1,historico,dia_util,7.0,5.0,1.41,1.41,1.41,normal,acima,baixa,2,histórico dia_util (poucos dados),3.0
PT0002000110090564GD,15,1,historico,dia_util,7.0,6.0,1.41,0.71,0.71,normal,acima,baixa,2,histórico dia_util (poucos dados),3.0
PT0002000110090564GD,16,1,historico,dia_util,5.0,5.0,0.5,0.0,0.0,normal,abaixo,baixa,2,histórico dia_util (poucos dados),3.0
PT0002000110090564GD,17,1,historico,dia_util,6.0,5.0,0.5,2.0,2.0,normal,acima,baixa,2,histórico dia_util (poucos dados),3.0
PT0002000110090564GD,18,1,historico,dia_util,6.0,5.0,0.5,2.0,2.0,normal,acima,baixa,2,histórico dia_util (poucos dados),3.0
PT0002000110090564GD,19,1,historico,dia_util,7.0,6.0,0.6,1.67,1.67,normal,acima,baixa,2,histórico dia_util (poucos dados),3.0
PT0002000110090564GD,20,1,historico,dia_util,5.0,4.5,0.71,0.71,0.71,normal,acima,baixa,2,histórico dia_util (poucos dados),3.0
PT0002000110090564GD,21,1,historico,dia_util,6.0,4.33,0.58,2.89,2.89,normal,acima,baixa,3,histórico dia_util (poucos dados),3.0
PT0002000110090564GD,22,1,historico,dia_util,6.0,4.67,0.58,2.31,2.31,normal,acima,baixa,3,histórico dia_util (poucos dados),3.0
PT0002000110090564GD,23,1,historico,dia_util,5.0,5.0,0.5,0.0,0.0,normal,abaixo,baixa,3,histórico dia_util (poucos dados),3.0
PT0002000110607652SB,0,0,historico,dia_util,28.0,14.0,2.83,4.95,4.95,desvio,acima,baixa,2,histórico dia_util (poucos dados),3.0
PT0002000110607652SB,1,0,historico,dia_util,24.0,10.0,2.83,4.95,4.95,desvio,acima,baixa,2,histórico dia_util (poucos dados),3.0
PT0002000110607652SB,2,0,historico,dia_util,32.0,10.0,8.49,2.59,2.59,normal,acima,baixa,2,histórico dia_util (poucos dados),3.0
PT0002000110607652SB,3,0,historico,dia_util,28.0,10.0,2.83,6.36,6.36,desvio,acima,baixa,2,histórico dia_util (poucos dados),3.0
PT0002000110607652SB,4,0,historico,dia_util,24.0,14.0,2.83,3.54,3.54,desvio,acima,baixa,2,histórico dia_util (poucos dados),3.0
PT0002000110607652SB,5,0,historico,dia_util,28.0,10.0,2.83,6.36,6.36,desvio,acima,baixa,2,histórico dia_util (poucos dados),3.0
PT0002000110607652SB,6,0,historico,dia_util,24.0,10.0,2.83,4.95,4.95,desvio,acima,baixa,2,histórico dia_util (poucos dados),3.0
PT0002000110607652SB,7,0,historico,dia_util,40.0,22.0,2.83,6.36,6.36,desvio,acima,baixa,2,histórico dia_util (poucos dados),3.0
PT0002000110607652SB,8,0,historico,dia_util,72.0,60.0,22.63,0.53,0.53,normal,acima,baixa,2,histórico dia_util (poucos dados),3.0
PT0002000110607652SB,9,0,historico,dia_util,56.0,54.0,8.49,0.24,0.24,normal,acima,baixa,2,histórico dia_util (poucos dados),3.0
PT0002000110607652SB,10,0,historico,dia_util,60.0,56.0,5.66,0.71,0.71,normal,acima,baixa,2,histórico dia_util (poucos dados),3.0
PT0002000110607652SB,11,0,historico,dia_util,56.0,68.0,6.8,-1.76,-1.76,normal,abaixo,baixa,2,histórico dia_util (poucos dados),3.0
PT0002000110607652SB,12,0,historico,dia_util,72.0,68.0,11.31,0.35,0.35,normal,acima,baixa,2,histórico dia_util (poucos dados),3.0
PT0002000110607652SB,13,0,historico,dia_util,80.0,78.0,7.8,0.26,0.26,normal,acima,baixa,2,histórico dia_util (poucos dados),3.0
PT0002000110607652SB,14,0,historico,dia_util,80.0,84.0,8.4,-0.48,-0.48,normal,abaixo,baixa,2,histórico dia_util (poucos dados),3.0
PT0002000110607652SB,15,0,historico,dia_util,84.0,80.0,8.0,0.5,0.5,normal,acima,baixa,2,histórico dia_util (poucos dados),3.0
PT0002000110607652SB,16,0,historico,dia_util,68.0,76.0,7.6,-1.05,-1.05,normal,abaixo,baixa,2,histórico dia_util (poucos dados),3.0
PT0002000110607652SB,17,0,historico,dia_util,60.0,76.0,7.6,-2.11,-2.11,normal,abaixo,baixa,2,histórico dia_util (poucos dados),3.0
PT0002000110607652SB,18,0,historico,dia_util,64.0,66.0,6.6,-0.3,-0.3,normal,abaixo,baixa,2,histórico dia_util (poucos dados),3.0
PT0002000110607652SB,19,0,historico,dia_util,44.0,56.0,11.31,-1.06,-1.06,normal,abaixo,baixa,2,histórico dia_util (poucos dados),3.0
PT0002000110607652SB,20,0,historico,dia_util,12.0,28.0,11.31,-1.41,-1.41,normal,abaixo,baixa,2,histórico dia_util (poucos dados),3.0
PT0002000110607652SB,21,0,historico,dia_util,8.0,18.67,14.05,-0.76,-0.76,normal,abaixo,baixa,3,histórico dia_util (poucos dados),3.0
PT0002000110607652SB,22,0,historico,dia_util,8.0,20.0,12.0,-1.0,-1.0,normal,abaixo,baixa,3,histórico dia_util (poucos dados),3.0
PT0002000110607652SB,23,0,historico,dia_util,12.0,16.0,10.58,-0.38,-0.38,normal,abaixo,baixa,3,histórico dia_util (poucos dados),3.0
PT0002000110814293YC,0,0,atribuido,dia_util,41.0,44.0,4.4,-0.68,-0.68,normal,abaixo,baixa,2,histórico dia_util (poucos dados),3.0
PT0002000110814293YC,1,0,atribuido,dia_util,33.0,39.5,3.95,-1.65,-1.65,normal,abaixo,baixa,2,histórico dia_util (poucos dados),3.0
PT0002000110814293YC,2,0,atribuido,dia_util,42.0,46.0,4.6,-0.87,-0.87,normal,abaixo,baixa,2,histórico dia_util (poucos dados),3.0
PT0002000110814293YC,3,0,atribuido,dia_util,30.0,41.0,8.49,-1.3,-1.3,normal,abaixo,baixa,2,histórico dia_util (poucos dados),3.0
PT0002000110814293YC,4,0,atribuido,dia_util,42.0,41.0,4.1,0.24,0.24,normal,acima,baixa,2,histórico dia_util (poucos dados),3.0
PT0002000110814293YC,5,0,atribuido,dia_util,31.0,38.0,4.24,-1.65,-1.65,normal,abaixo,baixa,2,histórico dia_util (poucos dados),3.0
PT0002000110814293YC,6,0,atribuido,dia_util,39.0,41.5,6.36,-0.39,-0.39,normal,abaixo,baixa,2,histórico dia_util (poucos dados),3.0
PT0002000110814293YC,7,0,atribuido,dia_util,33.0,44.0,4.4,-2.5,-2.5,normal,abaixo,baixa,2,histórico dia_util (poucos dados),3.0
PT0002000110814293YC,8,0,atribuido,dia_util,53.0,48.0,4.8,1.04,1.04,normal,acima,baixa,2,histórico dia_util (poucos dados),3.0
PT0002000110814293YC,9,0,atribuido,dia_util,56.0,59.0,5.9,-0.51,-0.51,normal,abaixo,baixa,2,histórico dia_util (poucos dados),3.0
PT0002000110814293YC,10,0,atribuido,dia_util,53.0,62.0,6.2,-1.45,-1.45,normal,abaixo,baixa,2,histórico dia_util (poucos dados),3.0
PT0002000110814293YC,11,0,atribuido,dia_util,69.0,68.5,6.85,0.07,0.07,normal,acima,baixa,2,histórico dia_util (poucos dados),3.0
PT0002000110814293YC,12,0,atribuido,dia_util,74.0,65.0,6.5,1.38,1.38,normal,acima,baixa,2,histórico dia_util (poucos dados),3.0
PT0002000110814293YC,13,0,atribuido,dia_util,69.0,69.0,6.9,0.0,0.0,normal,abaixo,baixa,2,histórico dia_util (poucos dados),3.0
PT0002000110814293YC,14,0,atribuido,dia_util,71.0,70.0,7.07,0.14,0.14,normal,acima,baixa,2,histórico dia_util (poucos dados),3.0
PT0002000110814293YC,15,0,atribuido,dia_util,73.0,68.0,6.8,0.74,0.74,normal,acima,baixa,2,histórico dia_util (poucos dados),3.0
PT0002000110814293YC,16,0,atribuido,dia_util,59.0,72.0,7.2,-1.81,-1.81,normal,abaixo,baixa,2,histórico dia_util (poucos dados),3.0
PT0002000110814293YC,17,0,atribuido,dia_util,67.0,64.5,6.45,0.39,0.39,normal,acima,baixa,2,histórico dia_util (poucos dados),3.0
PT0002000110814293YC,18,0,atribuido,dia_util,49.0,60.5,10.61,-1.08,-1.08,normal,abaixo,baixa,2,histórico dia_util (poucos dados),3.0
PT0002000110814293YC,19,0,atribuido,dia_util,49.0,58.0,11.31,-0.8,-0.8,normal,abaixo,baixa,2,histórico dia_util (poucos dados),3.0
PT0002000110814293YC,20,0,atribuido,dia_util,47.0,45.5,6.36,0.24,0.24,normal,acima,baixa,2,histórico dia_util (poucos dados),3.0
PT0002000110814293YC,21,0,atribuido,dia_util,36.0,38.33,8.5,-0.27,-0.27,normal,abaixo,baixa,3,histórico dia_util (poucos dados),3.0
PT0002000110814293YC,22,0,atribuido,dia_util,44.0,45.67,4.57,-0.36,-0.36,normal,abaixo,baixa,3,histórico dia_util (poucos dados),3.0
PT0002000110814293YC,23,0,atribuido,dia_util,38.0,42.33,7.23,-0.6,-0.6,normal,abaixo,baixa,3,histórico dia_util (poucos dados),3.0
PT0002000111572054VT,0,0,atribuido,dia_util,22.0,21.5,2.15,0.23,0.23,normal,acima,baixa,2,histórico dia_util (poucos dados),3.0
PT0002000111572054VT,1,0,atribuido,dia_util,22.0,20.5,2.12,0.71,0.71,normal,acima,baixa,2,histórico dia_util (poucos dados),3.0
PT0002000111572054VT,2,0,atribuido,dia_util,21.0,20.5,2.05,0.24,0.24,normal,acima,baixa,2,histórico dia_util (poucos dados),3.0
PT0002000111572054VT,3,0,atribuido,dia_util,22.0,21.0,2.83,0.35,0.35,normal,acima,baixa,2,histórico dia_util (poucos dados),3.0
PT0002000111572054VT,4,0,atribuido,dia_util,22.0,20.5,2.05,0.73,0.73,normal,acima,baixa,2,histórico dia_util (poucos dados),3.0
PT0002000111572054VT,5,0,atribuido,dia_util,21.0,20.5,2.12,0.24,0.24,normal,acima,baixa,2,histórico dia_util (poucos dados),3.0
PT0002000111572054VT,6,0,atribuido,dia_util,20.0,21.5,2.15,-0.7,-0.7,normal,abaixo,baixa,2,histórico dia_util (poucos dados),3.0
PT0002000111572054VT,7,0,atribuido,dia_util,19.0,21.5,2.15,-1.16,-1.16,normal,abaixo,baixa,2,histórico dia_util (poucos dados),3.0
PT0002000111572054VT,8,0,atribuido,dia_util,16.0,20.0,2.83,-1.41,-1.41,normal,abaixo,baixa,2,histórico dia_util (poucos dados),3.0
PT0002000111572054VT,9,0,atribuido,dia_util,3.0,7.5,9.19,-0.49,-0.49,normal,abaixo,baixa,2,histórico dia_util (poucos dados),3.0
PT0002000111572054VT,10,0,atribuido,dia_util,0.0,4.0,5.66,-0.71,-0.71,normal,abaixo,baixa,2,histórico dia_util (poucos dados),3.0
PT0002000111572054VT,11,0,atribuido,dia_util,0.0,1.0,1.41,-0.71,-0.71,normal,abaixo,baixa,2,histórico dia_util (poucos dados),3.0
PT0002000111572054VT,12,0,atribuido,dia_util,0.0,0.5,0.71,-0.71,-0.71,normal,abaixo,baixa,2,histórico dia_util (poucos dados),3.0
PT0002000111572054VT,13,0,atribuido,dia_util,0.0,0.5,0.71,-0.71,-0.71,normal,abaixo,baixa,2,histórico dia_util (poucos dados),3.0
PT0002000111572054VT,14,0,atribuido,dia_util,0.0,1.0,1.41,-0.71,-0.71,normal,abaixo,baixa,2,histórico dia_util (poucos dados),3.0
PT0002000111572054VT,15,0,atribuido,dia_util,0.0,0.5,0.71,-0.71,-0.71,normal,abaixo,baixa,2,histórico dia_util (poucos dados),3.0
PT0002000111572054VT,16,0,atribuido,dia_util,0.0,1.5,0.71,-2.12,-2.12,normal,abaixo,baixa,2,histórico dia_util (poucos dados),3.0
PT0002000111572054VT,17,0,atribuido,dia_util,2.0,1.5,0.71,0.71,0.71,normal,acima,baixa,2,histórico dia_util (poucos dados),3.0
PT0002000111572054VT,18,0,atribuido,dia_util,17.0,10.5,1.05,6.19,6.19,desvio,acima,baixa,2,histórico dia_util (poucos dados),3.0
PT0002000111572054VT,19,0,atribuido,dia_util,33.0,31.0,7.07,0.28,0.28,normal,acima,baixa,2,histórico dia_util (poucos dados),3.0
PT0002000111572054VT,20,0,atribuido,dia_util,21.0,27.5,7.78,-0.84,-0.84,normal,abaixo,baixa,2,histórico dia_util (poucos dados),3.0
PT0002000111572054VT,21,0,atribuido,dia_util,17.0,19.33,3.51,-0.66,-0.66,normal,abaixo,baixa,3,histórico dia_util (poucos dados),3.0
PT0002000111572054VT,22,0,atribuido,dia_util,17.0,22.0,2.2,-2.27,-2.27,normal,abaixo,baixa,3,histórico dia_util (poucos dados),3.0
PT0002000111572054VT,23,0,atribuido,dia_util,20.0,21.0,2.1,-0.48,-0.48,normal,abaixo,baixa,3,histórico dia_util (poucos dados),3.0
PT0002000112989585PH,0,0,historico,dia_util,83.0,96.5,9.65,-1.4,-1.4,normal,abaixo,baixa,2,histórico dia_util (poucos dados),3.0
PT0002000112989585PH,1,0,historico,dia_util,81.0,94.0,12.73,-1.02,-1.02,normal,abaixo,baixa,2,histórico dia_util (poucos dados),3.0
PT0002000112989585PH,2,0,historico,dia_util,81.0,96.0,9.6,-1.56,-1.56,normal,abaixo,baixa,2,histórico dia_util (poucos dados),3.0
PT0002000112989585PH,3,0,historico,dia_util,82.0,90.5,10.61,-0.8,-0.8,normal,abaixo,baixa,2,histórico dia_util (poucos dados),3.0
PT0002000112989585PH,4,0,historico,dia_util,78.0,93.5,10.61,-1.46,-1.46,normal,abaixo,baixa,2,histórico dia_util (poucos dados),3.0
PT0002000112989585PH,5,0,historico,dia_util,80.0,91.5,14.85,-0.77,-0.77,normal,abaixo,baixa,2,histórico dia_util (poucos dados),3.0
PT0002000112989585PH,6,0,historico,dia_util,80.0,93.0,11.31,-1.15,-1.15,normal,abaixo,baixa,2,histórico dia_util (poucos dados),3.0
PT0002000112989585PH,7,0,historico,dia_util,85.0,97.0,14.14,-0.85,-0.85,normal,abaixo,baixa,2,histórico dia_util (poucos dados),3.0
PT0002000112989585PH,8,0,historico,dia_util,75.0,85.5,16.26,-0.65,-0.65,normal,abaixo,baixa,2,histórico dia_util (poucos dados),3.0
PT0002000112989585PH,9,0,historico,dia_util,43.0,73.5,43.13,-0.71,-0.71,normal,abaixo,baixa,2,histórico dia_util (poucos dados),3.0
PT0002000112989585PH,10,0,historico,dia_util,27.0,54.0,25.46,-1.06,-1.06,normal,abaixo,baixa,2,histórico dia_util (poucos dados),3.0
PT0002000112989585PH,11,0,historico,dia_util,15.0,35.0,33.94,-0.59,-0.59,normal,abaixo,baixa,2,histórico dia_util (poucos dados),3.0
PT0002000112989585PH,12,0,historico,dia_util,13.0,28.5,33.23,-0.47,-0.47,normal,abaixo,baixa,2,histórico dia_util (poucos dados),3.0
PT0002000112989585PH,13,0,historico,dia_util,7.0,46.0,57.98,-0.67,-0.67,normal,abaixo,baixa,2,histórico dia_util (poucos dados),3.0
PT0002000112989585PH,14,0,historico,dia_util,11.0,37.5,44.55,-0.59,-0.59,normal,abaixo,baixa,2,histórico dia_util (poucos dados),3.0
PT0002000112989585PH,15,0,historico,dia_util,25.0,33.5,24.75,-0.34,-0.34,normal,abaixo,baixa,2,histórico dia_util (poucos dados),3.0
PT0002000112989585PH,16,0,historico,dia_util,32.0,39.5,16.26,-0.46,-0.46,normal,abaixo,baixa,2,histórico dia_util (poucos dados),3.0
PT0002000112989585PH,17,0,historico,dia_util,70.0,61.5,6.15,1.38,1.38,normal,acima,baixa,2,histórico dia_util (poucos dados),3.0
PT0002000112989585PH,18,0,historico,dia_util,98.0,92.5,9.25,0.59,0.59,normal,acima,baixa,2,histórico dia_util (poucos dados),3.0
PT0002000112989585PH,19,0,historico,dia_util,120.0,112.5,11.25,0.67,0.67,normal,acima,baixa,2,histórico dia_util (poucos dados),3.0
PT0002000112989585PH,20,0,historico,dia_util,98.0,92.5,9.25,0.59,0.59,normal,acima,baixa,2,histórico dia_util (poucos dados),3.0
PT0002000112989585PH,21,0,historico,dia_util,94.0,84.33,9.5,1.02,1.02,normal,acima,baixa,3,histórico dia_util (poucos dados),3.0
PT0002000112989585PH,22,0,historico,dia_util,95.0,93.0,11.79,0.17,0.17,normal,acima,baixa,3,histórico dia_util (poucos dados),3.0
PT0002000112989585PH,23,0,historico,dia_util,90.0,93.33,10.41,-0.32,-0.32,normal,abaixo,baixa,3,histórico dia_util (poucos dados),3.0
PT0002000114613364CC,0,0,atribuido,dia_util,118.0,133.0,13.3,-1.13,-1.13,normal,abaixo,baixa,2,histórico dia_util (poucos dados),3.0
PT0002000114613364CC,1,0,atribuido,dia_util,120.0,134.5,13.45,-1.08,-1.08,normal,abaixo,baixa,2,histórico dia_util (poucos dados),3.0
PT0002000114613364CC,2,0,atribuido,dia_util,118.0,134.0,13.4,-1.19,-1.19,normal,abaixo,baixa,2,histórico dia_util (poucos dados),3.0
PT0002000114613364CC,3,0,atribuido,dia_util,119.0,137.5,13.75,-1.35,-1.35,normal,abaixo,baixa,2,histórico dia_util (poucos dados),3.0
PT0002000114613364CC,4,0,atribuido,dia_util,121.0,136.5,13.65,-1.14,-1.14,normal,abaixo,baixa,2,histórico dia_util (poucos dados),3.0
PT0002000114613364CC,5,0,atribuido,dia_util,121.0,136.0,13.6,-1.1,-1.1,normal,abaixo,baixa,2,histórico dia_util (poucos dados),3.0
PT0002000114613364CC,6,0,atribuido,dia_util,120.0,134.0,13.4,-1.04,-1.04,normal,abaixo,baixa,2,histórico dia_util (poucos dados),3.0
PT0002000114613364CC,7,0,atribuido,dia_util,126.0,138.0,13.8,-0.87,-0.87,normal,abaixo,baixa,2,histórico dia_util (poucos dados),3.0
PT0002000114613364CC,8,0,atribuido,dia_util,141.0,147.5,14.75,-0.44,-0.44,normal,abaixo,baixa,2,histórico dia_util (poucos dados),3.0
PT0002000114613364CC,9,0,atribuido,dia_util,152.0,164.0,16.4,-0.73,-0.73,normal,abaixo,baixa,2,histórico dia_util (poucos dados),3.0
PT0002000114613364CC,10,0,atribuido,dia_util,155.0,166.5,16.65,-0.69,-0.69,normal,abaixo,baixa,2,histórico dia_util (poucos dados),3.0
PT0002000114613364CC,11,0,atribuido,dia_util,161.0,173.0,17.3,-0.69,-0.69,normal,abaixo,baixa,2,histórico dia_util (poucos dados),3.0
PT0002000114613364CC,12,0,atribuido,dia_util,175.0,173.0,17.3,0.12,0.12,normal,acima,baixa,2,histórico dia_util (poucos dados),3.0
PT0002000114613364CC,13,0,atribuido,dia_util,163.0,169.5,16.95,-0.38,-0.38,normal,abaixo,baixa,2,histórico dia_util (poucos dados),3.0
PT0002000114613364CC,14,0,atribuido,dia_util,172.0,165.0,16.5,0.42,0.42,normal,acima,baixa,2,histórico dia_util (poucos dados),3.0
PT0002000114613364CC,15,0,atribuido,dia_util,164.0,162.5,17.68,0.08,0.08,normal,acima,baixa,2,histórico dia_util (poucos dados),3.0
PT0002000114613364CC,16,0,atribuido,dia_util,147.0,159.5,21.92,-0.57,-0.57,normal,abaixo,baixa,2,histórico dia_util (poucos dados),3.0
PT0002000114613364CC,17,0,atribuido,dia_util,138.0,152.5,19.09,-0.76,-0.76,normal,abaixo,baixa,2,histórico dia_util (poucos dados),3.0
PT0002000114613364CC,18,0,atribuido,dia_util,138.0,140.0,18.38,-0.11,-0.11,normal,abaixo,baixa,2,histórico dia_util (poucos dados),3.0
PT0002000114613364CC,19,0,atribuido,dia_util,135.0,137.0,18.38,-0.11,-0.11,normal,abaixo,baixa,2,histórico dia_util (poucos dados),3.0
PT0002000114613364CC,20,0,atribuido,dia_util,118.0,131.0,15.56,-0.84,-0.84,normal,abaixo,baixa,2,histórico dia_util (poucos dados),3.0
PT0002000114613364CC,21,0,atribuido,dia_util,117.0,118.0,23.07,-0.04,-0.04,normal,abaixo,baixa,3,histórico dia_util (poucos dados),3.0
PT0002000114613364CC,22,0,atribuido,dia_util,117.0,127.0,12.7,-0.79,-0.79,normal,abaixo,baixa,3,histórico dia_util (poucos dados),3.0
PT0002000114613364CC,23,0,atribuido,dia_util,118.0,128.0,12.8,-0.78,-0.78,normal,abaixo,baixa,3,histórico dia_util (poucos dados),3.0
PT0002000114685657JR,0,0,historico,dia_util,139.0,146.0,14.6,-0.48,-0.48,normal,abaixo,baixa,2,histórico dia_util (poucos dados),3.0
PT0002000114685657JR,1,0,historico,dia_util,140.0,145.5,14.55,-0.38,-0.38,normal,abaixo,baixa,2,histórico dia_util (poucos dados),3.0
PT0002000114685657JR,2,0,historico,dia_util,136.0,144.5,14.45,-0.59,-0.59,normal,abaixo,baixa,2,histórico dia_util (poucos dados),3.0
PT0002000114685657JR,3,0,historico,dia_util,135.0,142.0,14.2,-0.49,-0.49,normal,abaixo,baixa,2,histórico dia_util (poucos dados),3.0
PT0002000114685657JR,4,0,historico,dia_util,132.0,142.5,14.25,-0.74,-0.74,normal,abaixo,baixa,2,histórico dia_util (poucos dados),3.0
PT0002000114685657JR,5,0,historico,dia_util,131.0,141.5,14.15,-0.74,-0.74,normal,abaixo,baixa,2,histórico dia_util (poucos dados),3.0
PT0002000114685657JR,6,0,historico,dia_util,157.0,167.5,16.75,-0.63,-0.63,normal,abaixo,baixa,2,histórico dia_util (poucos dados),3.0
PT0002000114685657JR,7,0,historico,dia_util,177.0,188.0,18.8,-0.59,-0.59,normal,abaixo,baixa,2,histórico dia_util (poucos dados),3.0
PT0002000114685657JR,8,0,historico,dia_util,180.0,182.5,18.25,-0.14,-0.14,normal,abaixo,baixa,2,histórico dia_util (poucos dados),3.0
PT0002000114685657JR,9,0,historico,dia_util,189.0,186.5,18.65,0.13,0.13,normal,acima,baixa,2,histórico dia_util (poucos dados),3.0
PT0002000114685657JR,10,0,historico,dia_util,183.0,185.0,18.5,-0.11,-0.11,normal,abaixo,baixa,2,histórico dia_util (poucos dados),3.0
PT0002000114685657JR,11,0,historico,dia_util,176.0,187.5,18.75,-0.61,-0.61,normal,abaixo,baixa,2,histórico dia_util (poucos dados),3.0
PT0002000114685657JR,12,0,historico,dia_util,182.0,187.5,18.75,-0.29,-0.29,normal,abaixo,baixa,2,histórico dia_util (poucos dados),3.0
PT0002000114685657JR,13,0,historico,dia_util,189.0,191.0,19.1,-0.1,-0.1,normal,abaixo,baixa,2,histórico dia_util (poucos dados),3.0
PT0002000114685657JR,14,0,historico,dia_util,189.0,193.5,19.35,-0.23,-0.23,normal,abaixo,baixa,2,histórico dia_util (poucos dados),3.0
PT0002000114685657JR,15,0,historico,dia_util,187.0,194.5,19.45,-0.39,-0.39,normal,abaixo,baixa,2,histórico dia_util (poucos dados),3.0
PT0002000114685657JR,16,0,historico,dia_util,188.0,188.0,18.8,0.0,0.0,normal,abaixo,baixa,2,histórico dia_util (poucos dados),3.0
PT0002000114685657JR,17,0,historico,dia_util,204.0,197.0,19.7,0.36,0.36,normal,acima,baixa,2,histórico dia_util (poucos dados),3.0
PT0002000114685657JR,18,0,historico,dia_util,209.0,196.5,19.65,0.64,0.64,normal,acima,baixa,2,histórico dia_util (poucos dados),3.0
PT0002000114685657JR,19,0,historico,dia_util,194.0,193.0,19.3,0.05,0.05,normal,acima,baixa,2,histórico dia_util (poucos dados),3.0
PT0002000114685657JR,20,0,historico,dia_util,188.0,186.0,18.6,0.11,0.11,normal,acima,baixa,2,histórico dia_util (poucos dados),3.0
PT0002000114685657JR,21,0,historico,dia_util,184.0,175.33,21.22,0.41,0.41,normal,acima,baixa,3,histórico dia_util (poucos dados),3.0
PT0002000114685657JR,22,0,historico,dia_util,159.0,164.0,16.4,-0.3,-0.3,normal,abaixo,baixa,3,histórico dia_util (poucos dados),3.0
PT0002000114685657JR,23,0,historico,dia_util,154.0,156.0,15.6,-0.13,-0.13,normal,abaixo,baixa,3,histórico dia_util (poucos dados),3.0
PT0002000115031201VQ,0,0,historico,dia_util,7.0,6.0,0.6,1.67,1.67,normal,acima,baixa,2,histórico dia_util (poucos dados),3.0
PT0002000115031201VQ,1,0,historico,dia_util,4.0,3.0,0.3,3.33,3.33,desvio,acima,baixa,2,histórico dia_util (poucos dados),3.0
PT0002000115031201VQ,2,0,historico,dia_util,4.0,4.0,1.41,0.0,0.0,normal,abaixo,baixa,2,histórico dia_util (poucos dados),3.0
PT0002000115031201VQ,3,0,historico,dia_util,4.0,3.0,0.3,3.33,3.33,desvio,acima,baixa,2,histórico dia_util (poucos dados),3.0
PT0002000115031201VQ,4,0,historico,dia_util,4.0,4.0,1.41,0.0,0.0,normal,abaixo,baixa,2,histórico dia_util (poucos dados),3.0
PT0002000115031201VQ,5,0,historico,dia_util,4.0,4.0,0.4,0.0,0.0,normal,abaixo,baixa,2,histórico dia_util (poucos dados),3.0
PT0002000115031201VQ,6,0,historico,dia_util,4.0,4.0,1.41,0.0,0.0,normal,abaixo,baixa,2,histórico dia_util (poucos dados),3.0
PT0002000115031201VQ,7,0,historico,dia_util,7.0,5.0,2.83,0.71,0.71,normal,acima,baixa,2,histórico dia_util (poucos dados),3.0
PT0002000115031201VQ,8,0,historico,dia_util,20.0,12.0,9.9,0.81,0.81,normal,acima,baixa,2,histórico dia_util (poucos dados),3.0
PT0002000115031201VQ,9,0,historico,dia_util,26.0,14.0,14.14,0.85,0.85,normal,acima,baixa,2,histórico dia_util (poucos dados),3.0
PT0002000115031201VQ,10,0,historico,dia_util,33.0,17.5,20.51,0.76,0.76,normal,acima,baixa,2,histórico dia_util (poucos dados),3.0
PT0002000115031201VQ,11,0,historico,dia_util,47.0,24.5,30.41,0.74,0.74,normal,acima,baixa,2,histórico dia_util (poucos dados),3.0
PT0002000115031201VQ,12,0,historico,dia_util,46.0,23.5,28.99,0.78,0.78,normal,acima,baixa,2,histórico dia_util (poucos dados),3.0
PT0002000115031201VQ,13,0,historico,dia_util,45.0,23.0,26.87,0.82,0.82,normal,acima,baixa,2,histórico dia_util (poucos dados),3.0
PT0002000115031201VQ,14,0,historico,dia_util,36.0,19.0,21.21,0.8,0.8,normal,acima,baixa,2,histórico dia_util (poucos dados),3.0
PT0002000115031201VQ,15,0,historico,dia_util,29.0,15.5,16.26,0.83,0.83,normal,acima,baixa,2,histórico dia_util (poucos dados),3.0
PT0002000115031201VQ,16,0,historico,dia_util,22.0,12.0,12.73,0.79,0.79,normal,acima,baixa,2,histórico dia_util (poucos dados),3.0
PT0002000115031201VQ,17,0,historico,dia_util,20.0,11.0,11.31,0.8,0.8,normal,acima,baixa,2,histórico dia_util (poucos dados),3.0
PT0002000115031201VQ,18,0,historico,dia_util,18.0,11.0,7.07,0.99,0.99,normal,acima,baixa,2,histórico dia_util (poucos dados),3.0
PT0002000115031201VQ,19,0,historico,dia_util,8.0,6.5,2.12,0.71,0.71,normal,acima,baixa,2,histórico dia_util (poucos dados),3.0
PT0002000115031201VQ,20,0,historico,dia_util,7.0,7.0,1.41,0.0,0.0,normal,abaixo,baixa,2,histórico dia_util (poucos dados),3.0
PT0002000115031201VQ,21,0,historico,dia_util,8.0,5.33,1.15,2.31,2.31,normal,acima,baixa,3,histórico dia_util (poucos dados),3.0
PT0002000115031201VQ,22,0,historico,dia_util,7.0,6.0,1.0,1.0,1.0,normal,acima,baixa,3,histórico dia_util (poucos dados),3.0
PT0002000115031201VQ,23,0,historico,dia_util,7.0,6.33,1.53,0.44,0.44,normal,acima,baixa,3,histórico dia_util (poucos dados),3.0
PT0002000115673389QK,0,0,historico,dia_util,22.0,19.5,3.54,0.71,0.71,normal,acima,baixa,2,histórico dia_util (poucos dados),3.0
PT0002000115673389QK,1,0,historico,dia_util,22.0,18.0,4.24,0.94,0.94,normal,acima,baixa,2,histórico dia_util (poucos dados),3.0
PT0002000115673389QK,2,0,historico,dia_util,21.0,19.0,4.24,0.47,0.47,normal,acima,baixa,2,histórico dia_util (poucos dados),3.0
PT0002000115673389QK,3,0,historico,dia_util,22.0,18.5,4.95,0.71,0.71,normal,acima,baixa,2,histórico dia_util (poucos dados),3.0
PT0002000115673389QK,4,0,historico,dia_util,22.0,18.0,2.83,1.41,1.41,normal,acima,baixa,2,histórico dia_util (poucos dados),3.0
PT0002000115673389QK,5,0,historico,dia_util,21.0,19.0,4.24,0.47,0.47,normal,acima,baixa,2,histórico dia_util (poucos dados),3.0
PT0002000115673389QK,6,0,historico,dia_util,22.0,19.0,4.24,0.71,0.71,normal,acima,baixa,2,histórico dia_util (poucos dados),3.0
PT0002000115673389QK,7,0,historico,dia_util,21.0,18.5,3.54,0.71,0.71,normal,acima,baixa,2,histórico dia_util (poucos dados),3.0
PT0002000115673389QK,8,0,historico,dia_util,22.0,19.0,4.24,0.71,0.71,normal,acima,baixa,2,histórico dia_util (poucos dados),3.0
PT0002000115673389QK,9,0,historico,dia_util,21.0,19.0,4.24,0.47,0.47,normal,acima,baixa,2,histórico dia_util (poucos dados),3.0
PT0002000115673389QK,10,0,historico,dia_util,22.0,21.0,8.49,0.12,0.12,normal,acima,baixa,2,histórico dia_util (poucos dados),3.0
PT0002000115673389QK,11,0,historico,dia_util,22.0,19.5,4.95,0.51,0.51,normal,acima,baixa,2,histórico dia_util (poucos dados),3.0
PT0002000115673389QK,12,0,historico,dia_util,23.0,18.5,3.54,1.27,1.27,normal,acima,baixa,2,histórico dia_util (poucos dados),3.0
PT0002000115673389QK,13,0,historico,dia_util,21.0,18.5,4.95,0.51,0.51,normal,acima,baixa,2,histórico dia_util (poucos dados),3.0
PT0002000115673389QK,14,0,historico,dia_util,20.0,19.5,2.12,0.24,0.24,normal,acima,baixa,2,histórico dia_util (poucos dados),3.0
PT0002000115673389QK,15,0,historico,dia_util,23.0,21.5,2.15,0.7,0.7,normal,acima,baixa,2,histórico dia_util (poucos dados),3.0
PT0002000115673389QK,16,0,historico,dia_util,22.0,21.5,2.15,0.23,0.23,normal,acima,baixa,2,histórico dia_util (poucos dados),3.0
PT0002000115673389QK,17,0,historico,dia_util,21.0,22.0,2.2,-0.45,-0.45,normal,abaixo,baixa,2,histórico dia_util (poucos dados),3.0
PT0002000115673389QK,18,0,historico,dia_util,22.0,25.0,2.83,-1.06,-1.06,normal,abaixo,baixa,2,histórico dia_util (poucos dados),3.0
PT0002000115673389QK,19,0,historico,dia_util,21.0,21.0,2.1,0.0,0.0,normal,abaixo,baixa,2,histórico dia_util (poucos dados),3.0
PT0002000115673389QK,20,0,historico,dia_util,21.0,20.0,2.0,0.5,0.5,normal,acima,baixa,2,histórico dia_util (poucos dados),3.0
PT0002000115673389QK,21,0,historico,dia_util,21.0,18.67,5.77,0.4,0.4,normal,acima,baixa,3,histórico dia_util (poucos dados),3.0
PT0002000115673389QK,22,0,historico,dia_util,22.0,19.33,3.79,0.7,0.7,normal,acima,baixa,3,histórico dia_util (poucos dados),3.0
PT0002000115673389QK,23,0,historico,dia_util,20.0,19.67,3.21,0.1,0.1,normal,acima,baixa,3,histórico dia_util (poucos dados),3.0
PT0002000115673471CB,0,0,historico,dia_util,15.0,14.0,2.83,0.35,0.35,normal,acima,baixa,2,histórico dia_util (poucos dados),3.0
PT0002000115673471CB,1,0,historico,dia_util,12.0,13.5,1.35,-1.11,-1.11,normal,abaixo,baixa,2,histórico dia_util (poucos dados),3.0
PT0002000115673471CB,2,0,historico,dia_util,13.0,12.5,1.25,0.4,0.4,normal,acima,baixa,2,histórico dia_util (poucos dados),3.0
PT0002000115673471CB,3,0,historico,dia_util,12.0,14.0,1.41,-1.41,-1.41,normal,abaixo,baixa,2,histórico dia_util (poucos dados),3.0
PT0002000115673471CB,4,0,historico,dia_util,14.0,13.5,1.35,0.37,0.37,normal,acima,baixa,2,histórico dia_util (poucos dados),3.0
PT0002000115673471CB,5,0,historico,dia_util,16.0,12.0,1.2,3.33,3.33,desvio,acima,baixa,2,histórico dia_util (poucos dados),3.0
PT0002000115673471CB,6,0,historico,dia_util,12.0,13.5,2.12,-0.71,-0.71,normal,abaixo,baixa,2,histórico dia_util (poucos dados),3.0
PT0002000115673471CB,7,0,historico,dia_util,13.0,13.0,1.41,0.0,0.0,normal,abaixo,baixa,2,histórico dia_util (poucos dados),3.0
PT0002000115673471CB,8,0,historico,dia_util,6.0,6.5,0.71,-0.71,-0.71,normal,abaixo,baixa,2,histórico dia_util (poucos dados),3.0
PT0002000115673471CB,9,0,historico,dia_util,7.0,6.5,0.71,0.71,0.71,normal,acima,baixa,2,histórico dia_util (poucos dados),3.0
PT0002000115673471CB,10,0,historico,dia_util,7.0,9.0,1.41,-1.41,-1.41,normal,abaixo,baixa,2,histórico dia_util (poucos dados),3.0
PT0002000115673471CB,11,0,historico,dia_util,6.0,6.5,0.71,-0.71,-0.71,normal,abaixo,baixa,2,histórico dia_util (poucos dados),3.0
PT0002000115673471CB,12,0,historico,dia_util,7.0,7.0,0.7,0.0,0.0,normal,abaixo,baixa,2,histórico dia_util (poucos dados),3.0
PT0002000115673471CB,13,0,historico,dia_util,7.0,6.0,0.6,1.67,1.67,normal,acima,baixa,2,histórico dia_util (poucos dados),3.0
PT0002000115673471CB,14,0,historico,dia_util,6.0,6.0,0.6,0.0,0.0,normal,abaixo,baixa,2,histórico dia_util (poucos dados),3.0
PT0002000115673471CB,15,0,historico,dia_util,6.0,7.0,0.7,-1.43,-1.43,normal,abaixo,baixa,2,histórico dia_util (poucos dados),3.0
PT0002000115673471CB,16,0,historico,dia_util,7.0,7.0,0.7,0.0,0.0,normal,abaixo,baixa,2,histórico dia_util (poucos dados),3.0
PT0002000115673471CB,17,0,historico,dia_util,7.0,6.0,0.6,1.67,1.67,normal,acima,baixa,2,histórico dia_util (poucos dados),3.0
PT0002000115673471CB,18,0,historico,dia_util,6.0,7.0,0.7,-1.43,-1.43,normal,abaixo,baixa,2,histórico dia_util (poucos dados),3.0
PT0002000115673471CB,19,0,historico,dia_util,6.0,6.0,0.6,0.0,0.0,normal,abaixo,baixa,2,histórico dia_util (poucos dados),3.0
PT0002000115673471CB,20,0,historico,dia_util,7.0,6.0,0.6,1.67,1.67,normal,acima,baixa,2,histórico dia_util (poucos dados),3.0
PT0002000115673471CB,21,0,historico,dia_util,6.0,6.67,0.67,-1.0,-1.0,normal,abaixo,baixa,3,histórico dia_util (poucos dados),3.0
PT0002000115673471CB,22,0,historico,dia_util,6.0,6.33,0.63,-0.53,-0.53,normal,abaixo,baixa,3,histórico dia_util (poucos dados),3.0
PT0002000115673471CB,23,0,historico,dia_util,9.0,6.67,1.15,2.02,2.02,normal,acima,baixa,3,histórico dia_util (poucos dados),3.0
PT0002000115700602GW,0,0,historico,dia_util,7.0,8.0,0.8,-1.25,-1.25,normal,abaixo,baixa,2,histórico dia_util (poucos dados),3.0
PT0002000115700602GW,1,0,historico,dia_util,8.0,7.5,0.75,0.67,0.67,normal,acima,baixa,2,histórico dia_util (poucos dados),3.0
PT0002000115700602GW,2,0,historico,dia_util,7.0,7.0,0.7,0.0,0.0,normal,abaixo,baixa,2,histórico dia_util (poucos dados),3.0
PT0002000115700602GW,3,0,historico,dia_util,7.0,7.5,0.75,-0.67,-0.67,normal,abaixo,baixa,2,histórico dia_util (poucos dados),3.0
PT0002000115700602GW,4,0,historico,dia_util,8.0,8.0,0.8,0.0,0.0,normal,abaixo,baixa,2,histórico dia_util (poucos dados),3.0
PT0002000115700602GW,5,0,historico,dia_util,7.0,7.5,0.75,-0.67,-0.67,normal,abaixo,baixa,2,histórico dia_util (poucos dados),3.0
PT0002000115700602GW,6,0,historico,dia_util,7.0,7.5,0.75,-0.67,-0.67,normal,abaixo,baixa,2,histórico dia_util (poucos dados),3.0
PT0002000115700602GW,7,0,historico,dia_util,9.0,11.0,1.1,-1.82,-1.82,normal,abaixo,baixa,2,histórico dia_util (poucos dados),3.0
PT0002000115700602GW,8,0,historico,dia_util,12.0,15.0,1.5,-2.0,-2.0,normal,abaixo,baixa,2,histórico dia_util (poucos dados),3.0
PT0002000115700602GW,9,0,historico,dia_util,12.0,14.5,1.45,-1.72,-1.72,normal,abaixo,baixa,2,histórico dia_util (poucos dados),3.0
PT0002000115700602GW,10,0,historico,dia_util,16.0,14.0,1.41,1.41,1.41,normal,acima,baixa,2,histórico dia_util (poucos dados),3.0
PT0002000115700602GW,11,0,historico,dia_util,16.0,14.0,1.41,1.41,1.41,normal,acima,baixa,2,histórico dia_util (poucos dados),3.0
PT0002000115700602GW,12,0,historico,dia_util,17.0,13.5,2.12,1.65,1.65,normal,acima,baixa,2,histórico dia_util (poucos dados),3.0
PT0002000115700602GW,13,0,historico,dia_util,6.0,7.5,0.75,-2.0,-2.0,normal,abaixo,baixa,2,histórico dia_util (poucos dados),3.0
PT0002000115700602GW,14,0,historico,dia_util,6.0,7.5,0.75,-2.0,-2.0,normal,abaixo,baixa,2,histórico dia_util (poucos dados),3.0
PT0002000115700602GW,15,0,historico,dia_util,6.0,7.0,0.7,-1.43,-1.43,normal,abaixo,baixa,2,histórico dia_util (poucos dados),3.0
PT0002000115700602GW,16,0,historico,dia_util,6.0,8.0,0.8,-2.5,-2.5,normal,abaixo,baixa,2,histórico dia_util (poucos dados),3.0
PT0002000115700602GW,17,0,historico,dia_util,6.0,7.5,0.75,-2.0,-2.0,normal,abaixo,baixa,2,histórico dia_util (poucos dados),3.0
PT0002000115700602GW,18,0,historico,dia_util,7.0,7.0,0.7,0.0,0.0,normal,abaixo,baixa,2,histórico dia_util (poucos dados),3.0
PT0002000115700602GW,19,0,historico,dia_util,6.0,7.5,0.75,-2.0,-2.0,normal,abaixo,baixa,2,histórico dia_util (poucos dados),3.0
PT0002000115700602GW,20,0,historico,dia_util,6.0,7.0,0.7,-1.43,-1.43,normal,abaixo,baixa,2,histórico dia_util (poucos dados),3.0
PT0002000115700602GW,21,0,historico,dia_util,6.0,7.0,1.0,-1.0,-1.0,normal,abaixo,baixa,3,histórico dia_util (poucos dados),3.0
PT0002000115700602GW,22,0,historico,dia_util,6.0,8.0,0.8,-2.5,-2.5,normal,abaixo,baixa,3,histórico dia_util (poucos dados),3.0
PT0002000115700602GW,23,0,historico,dia_util,7.0,7.0,0.7,0.0,0.0,normal,abaixo,baixa,3,histórico dia_util (poucos dados),3.0
PT0002000116530964LH,0,0,atribuido,dia_util,78.0,76.0,7.6,0.26,0.26,normal,acima,baixa,2,histórico dia_util (poucos dados),3.0
PT0002000116530964LH,1,0,atribuido,dia_util,77.0,76.5,7.65,0.07,0.07,normal,acima,baixa,2,histórico dia_util (poucos dados),3.0
PT0002000116530964LH,2,0,atribuido,dia_util,78.0,77.0,7.7,0.13,0.13,normal,acima,baixa,2,histórico dia_util (poucos dados),3.0
PT0002000116530964LH,3,0,atribuido,dia_util,77.0,77.5,7.75,-0.06,-0.06,normal,abaixo,baixa,2,histórico dia_util (poucos dados),3.0
PT0002000116530964LH,4,0,atribuido,dia_util,81.0,78.0,7.8,0.38,0.38,normal,acima,baixa,2,histórico dia_util (poucos dados),3.0
PT0002000116530964LH,5,0,atribuido,dia_util,79.0,78.5,7.85,0.06,0.06,normal,acima,baixa,2,histórico dia_util (poucos dados),3.0
PT0002000116530964LH,6,0,atribuido,dia_util,80.0,78.0,7.8,0.26,0.26,normal,acima,baixa,2,histórico dia_util (poucos dados),3.0
PT0002000116530964LH,7,0,atribuido,dia_util,87.0,86.5,8.65,0.06,0.06,normal,acima,baixa,2,histórico dia_util (poucos dados),3.0
PT0002000116530964LH,8,0,atribuido,dia_util,96.0,99.0,9.9,-0.3,-0.3,normal,abaixo,baixa,2,histórico dia_util (poucos dados),3.0
PT0002000116530964LH,9,0,atribuido,dia_util,101.0,102.0,10.2,-0.1,-0.1,normal,abaixo,baixa,2,histórico dia_util (poucos dados),3.0
PT0002000116530964LH,10,0,atribuido,dia_util,102.0,101.5,10.15,0.05,0.05,normal,acima,baixa,2,histórico dia_util (poucos dados),3.0
PT0002000116530964LH,11,0,atribuido,dia_util,105.0,102.5,10.25,0.24,0.24,normal,acima,baixa,2,histórico dia_util (poucos dados),3.0
PT0002000116530964LH,12,0,atribuido,dia_util,103.0,105.5,10.55,-0.24,-0.24,normal,abaixo,baixa,2,histórico dia_util (poucos dados),3.0
PT0002000116530964LH,13,0,atribuido,dia_util,106.0,101.5,10.15,0.44,0.44,normal,acima,baixa,2,histórico dia_util (poucos dados),3.0
PT0002000116530964LH,14,0,atribuido,dia_util,109.0,100.0,10.0,0.9,0.9,normal,acima,baixa,2,histórico dia_util (poucos dados),3.0
PT0002000116530964LH,15,0,atribuido,dia_util,109.0,101.0,10.1,0.79,0.79,normal,acima,baixa,2,histórico dia_util (poucos dados),3.0
PT0002000116530964LH,16,0,atribuido,dia_util,95.0,95.0,9.5,0.0,0.0,normal,abaixo,baixa,2,histórico dia_util (poucos dados),3.0
PT0002000116530964LH,17,0,atribuido,dia_util,84.0,90.0,9.9,-0.61,-0.61,normal,abaixo,baixa,2,histórico dia_util (poucos dados),3.0
PT0002000116530964LH,18,0,atribuido,dia_util,83.0,93.0,9.3,-1.08,-1.08,normal,abaixo,baixa,2,histórico dia_util (poucos dados),3.0
PT0002000116530964LH,19,0,atribuido,dia_util,84.0,92.5,9.25,-0.92,-0.92,normal,abaixo,baixa,2,histórico dia_util (poucos dados),3.0
PT0002000116530964LH,20,0,atribuido,dia_util,83.0,81.5,8.15,0.18,0.18,normal,acima,baixa,2,histórico dia_util (poucos dados),3.0
PT0002000116530964LH,21,0,atribuido,dia_util,82.0,71.33,12.5,0.85,0.85,normal,acima,baixa,3,histórico dia_util (poucos dados),3.0
PT0002000116530964LH,22,0,atribuido,dia_util,83.0,77.67,7.77,0.69,0.69,normal,acima,baixa,3,histórico dia_util (poucos dados),3.0
PT0002000116530964LH,23,0,atribuido,dia_util,81.0,77.0,7.7,0.52,0.52,normal,acima,baixa,3,histórico dia_util (poucos dados),3.0
PT0002000119303492KB,0,0,historico,dia_util,5.0,5.0,0.5,0.0,0.0,normal,abaixo,baixa,2,histórico dia_util (poucos dados),3.0
PT0002000119303492KB,1,0,historico,dia_util,5.0,5.5,0.71,-0.71,-0.71,normal,abaixo,baixa,2,histórico dia_util (poucos dados),3.0
PT0002000119303492KB,2,0,historico,dia_util,5.0,5.5,0.71,-0.71,-0.71,normal,abaixo,baixa,2,histórico dia_util (poucos dados),3.0
PT0002000119303492KB,3,0,historico,dia_util,5.0,5.0,0.5,0.0,0.0,normal,abaixo,baixa,2,histórico dia_util (poucos dados),3.0
PT0002000119303492KB,4,0,historico,dia_util,6.0,5.0,0.5,2.0,2.0,normal,acima,baixa,2,histórico dia_util (poucos dados),3.0
PT0002000119303492KB,5,0,historico,dia_util,5.0,5.5,0.71,-0.71,-0.71,normal,abaixo,baixa,2,histórico dia_util (poucos dados),3.0
PT0002000119303492KB,6,0,historico,dia_util,4.0,4.5,0.71,-0.71,-0.71,normal,abaixo,baixa,2,histórico dia_util (poucos dados),3.0
PT0002000119303492KB,7,0,historico,dia_util,3.0,3.0,0.3,0.0,0.0,normal,abaixo,baixa,2,histórico dia_util (poucos dados),3.0
PT0002000119303492KB,8,0,historico,dia_util,3.0,2.0,0.3,3.33,3.33,desvio,acima,baixa,2,histórico dia_util (poucos dados),3.0
PT0002000119303492KB,9,0,historico,dia_util,2.0,3.0,0.3,-3.33,-3.33,desvio,abaixo,baixa,2,histórico dia_util (poucos dados),3.0
PT0002000119303492KB,10,0,historico,dia_util,3.0,2.5,0.71,0.71,0.71,normal,acima,baixa,2,histórico dia_util (poucos dados),3.0
PT0002000119303492KB,11,0,historico,dia_util,2.0,2.5,0.71,-0.71,-0.71,normal,abaixo,baixa,2,histórico dia_util (poucos dados),3.0
PT0002000119303492KB,12,0,historico,dia_util,2.0,3.0,0.3,-3.33,-3.33,desvio,abaixo,baixa,2,histórico dia_util (poucos dados),3.0
PT0002000119303492KB,13,0,historico,dia_util,3.0,2.5,0.71,0.71,0.71,normal,acima,baixa,2,histórico dia_util (poucos dados),3.0
PT0002000119303492KB,14,0,historico,dia_util,3.0,3.5,0.71,-0.71,-0.71,normal,abaixo,baixa,2,histórico dia_util (poucos dados),3.0
PT0002000119303492KB,15,0,historico,dia_util,2.0,2.5,0.71,-0.71,-0.71,normal,abaixo,baixa,2,histórico dia_util (poucos dados),3.0
PT0002000119303492KB,16,0,historico,dia_util,3.0,3.0,0.3,0.0,0.0,normal,abaixo,baixa,2,histórico dia_util (poucos dados),3.0
PT0002000119303492KB,17,0,historico,dia_util,3.0,4.0,0.4,-2.5,-2.5,normal,abaixo,baixa,2,histórico dia_util (poucos dados),3.0
PT0002000119303492KB,18,0,historico,dia_util,3.0,3.0,0.3,0.0,0.0,normal,abaixo,baixa,2,histórico dia_util (poucos dados),3.0
PT0002000119303492KB,19,0,historico,dia_util,4.0,3.0,0.3,3.33,3.33,desvio,acima,baixa,2,histórico dia_util (poucos dados),3.0
PT0002000119303492KB,20,0,historico,dia_util,3.0,4.0,0.4,-2.5,-2.5,normal,abaixo,baixa,2,histórico dia_util (poucos dados),3.0
PT0002000119303492KB,21,0,historico,dia_util,5.0,5.67,0.58,-1.15,-1.15,normal,abaixo,baixa,3,histórico dia_util (poucos dados),3.0
PT0002000119303492KB,22,0,historico,dia_util,6.0,5.0,0.5,2.0,2.0,normal,acima,baixa,3,histórico dia_util (poucos dados),3.0
PT0002000119303492KB,23,0,historico,dia_util,5.0,4.67,0.58,0.58,0.58,normal,acima,baixa,3,histórico dia_util (poucos dados),3.0
PT0002000120237616VJ,0,0,historico,dia_util,10.0,11.5,1.15,-1.3,-1.3,normal,abaixo,baixa,2,histórico dia_util (poucos dados),3.0
PT0002000120237616VJ,1,0,historico,dia_util,11.0,11.0,1.41,0.0,0.0,normal,abaixo,baixa,2,histórico dia_util (poucos dados),3.0
PT0002000120237616VJ,2,0,historico,dia_util,11.0,11.5,1.15,-0.43,-0.43,normal,abaixo,baixa,2,histórico dia_util (poucos dados),3.0
PT0002000120237616VJ,3,0,historico,dia_util,10.0,11.0,1.1,-0.91,-0.91,normal,abaixo,baixa,2,histórico dia_util (poucos dados),3.0
PT0002000120237616VJ,4,0,historico,dia_util,11.0,11.0,1.41,0.0,0.0,normal,abaixo,baixa,2,histórico dia_util (poucos dados),3.0
PT0002000120237616VJ,5,0,historico,dia_util,11.0,11.5,1.15,-0.43,-0.43,normal,abaixo,baixa,2,histórico dia_util (poucos dados),3.0
PT0002000120237616VJ,6,0,historico,dia_util,10.0,11.5,1.15,-1.3,-1.3,normal,abaixo,baixa,2,histórico dia_util (poucos dados),3.0
PT0002000120237616VJ,7,0,historico,dia_util,25.0,24.0,4.24,0.24,0.24,normal,acima,baixa,2,histórico dia_util (poucos dados),3.0
PT0002000120237616VJ,8,0,historico,dia_util,34.0,36.0,3.6,-0.56,-0.56,normal,abaixo,baixa,2,histórico dia_util (poucos dados),3.0
PT0002000120237616VJ,9,0,historico,dia_util,35.0,35.0,3.5,0.0,0.0,normal,abaixo,baixa,2,histórico dia_util (poucos dados),3.0
PT0002000120237616VJ,10,0,historico,dia_util,36.0,38.5,3.85,-0.65,-0.65,normal,abaixo,baixa,2,histórico dia_util (poucos dados),3.0
PT0002000120237616VJ,11,0,historico,dia_util,42.0,43.5,4.35,-0.34,-0.34,normal,abaixo,baixa,2,histórico dia_util (poucos dados),3.0
PT0002000120237616VJ,12,0,historico,dia_util,45.0,47.5,4.75,-0.53,-0.53,normal,abaixo,baixa,2,histórico dia_util (poucos dados),3.0
PT0002000120237616VJ,13,0,historico,dia_util,38.0,38.5,3.85,-0.13,-0.13,normal,abaixo,baixa,2,histórico dia_util (poucos dados),3.0
PT0002000120237616VJ,14,0,historico,dia_util,32.0,32.0,3.2,0.0,0.0,normal,abaixo,baixa,2,histórico dia_util (poucos dados),3.0
PT0002000120237616VJ,15,0,historico,dia_util,34.0,30.0,3.0,1.33,1.33,normal,acima,baixa,2,histórico dia_util (poucos dados),3.0
PT0002000120237616VJ,16,0,historico,dia_util,24.0,25.5,2.55,-0.59,-0.59,normal,abaixo,baixa,2,histórico dia_util (poucos dados),3.0
PT0002000120237616VJ,17,0,historico,dia_util,28.0,24.5,2.45,1.43,1.43,normal,acima,baixa,2,histórico dia_util (poucos dados),3.0
PT0002000120237616VJ,18,0,historico,dia_util,23.0,22.0,2.2,0.45,0.45,normal,acima,baixa,2,histórico dia_util (poucos dados),3.0
PT0002000120237616VJ,19,0,historico,dia_util,21.0,20.5,2.05,0.24,0.24,normal,acima,baixa,2,histórico dia_util (poucos dados),3.0
PT0002000120237616VJ,20,0,historico,dia_util,18.0,18.0,1.8,0.0,0.0,normal,abaixo,baixa,2,histórico dia_util (poucos dados),3.0
PT0002000120237616VJ,21,0,historico,dia_util,19.0,16.33,2.08,1.28,1.28,normal,acima,baixa,3,histórico dia_util (poucos dados),3.0
PT0002000120237616VJ,22,0,historico,dia_util,17.0,16.67,1.67,0.2,0.2,normal,acima,baixa,3,histórico dia_util (poucos dados),3.0
PT0002000120237616VJ,23,0,historico,dia_util,12.0,10.33,1.03,1.61,1.61,normal,acima,baixa,3,histórico dia_util (poucos dados),3.0
PT0002000123648159KR,0,0,historico,dia_util,3.0,3.0,0.3,0.0,0.0,normal,abaixo,baixa,2,histórico dia_util (poucos dados),3.0
PT0002000123648159KR,1,0,historico,dia_util,2.0,2.5,0.71,-0.71,-0.71,normal,abaixo,baixa,2,histórico dia_util (poucos dados),3.0
PT0002000123648159KR,2,0,historico,dia_util,2.0,2.0,0.3,0.0,0.0,normal,abaixo,baixa,2,histórico dia_util (poucos dados),3.0
PT0002000123648159KR,3,0,historico,dia_util,2.0,2.5,0.71,-0.71,-0.71,normal,abaixo,baixa,2,histórico dia_util (poucos dados),3.0
PT0002000123648159KR,4,0,historico,dia_util,2.0,2.0,0.3,0.0,0.0,normal,abaixo,baixa,2,histórico dia_util (poucos dados),3.0
PT0002000123648159KR,5,0,historico,dia_util,3.0,2.0,0.3,3.33,3.33,desvio,acima,baixa,2,histórico dia_util (poucos dados),3.0
PT0002000123648159KR,6,0,historico,dia_util,2.0,2.0,0.3,0.0,0.0,normal,abaixo,baixa,2,histórico dia_util (poucos dados),3.0
PT0002000123648159KR,7,0,historico,dia_util,2.0,2.5,0.71,-0.71,-0.71,normal,abaixo,baixa,2,histórico dia_util (poucos dados),3.0
PT0002000123648159KR,8,0,historico,dia_util,2.0,2.5,0.71,-0.71,-0.71,normal,abaixo,baixa,2,histórico dia_util (poucos dados),3.0
PT0002000123648159KR,9,0,historico,dia_util,2.0,2.0,0.3,0.0,0.0,normal,abaixo,baixa,2,histórico dia_util (poucos dados),3.0
PT0002000123648159KR,10,0,historico,dia_util,3.0,2.0,0.3,3.33,3.33,desvio,acima,baixa,2,histórico dia_util (poucos dados),3.0
PT0002000123648159KR,11,0,historico,dia_util,2.0,2.0,0.3,0.0,0.0,normal,abaixo,baixa,2,histórico dia_util (poucos dados),3.0
PT0002000123648159KR,12,0,historico,dia_util,2.0,2.5,0.71,-0.71,-0.71,normal,abaixo,baixa,2,histórico dia_util (poucos dados),3.0
PT0002000123648159KR,13,0,historico,dia_util,2.0,2.0,0.3,0.0,0.0,normal,abaixo,baixa,2,histórico dia_util (poucos dados),3.0
PT0002000123648159KR,14,0,historico,dia_util,2.0,2.5,0.71,-0.71,-0.71,normal,abaixo,baixa,2,histórico dia_util (poucos dados),3.0
PT0002000123648159KR,15,0,historico,dia_util,3.0,2.0,0.3,3.33,3.33,desvio,acima,baixa,2,histórico dia_util (poucos dados),3.0
PT0002000123648159KR,16,0,historico,dia_util,2.0,2.0,0.3,0.0,0.0,normal,abaixo,baixa,2,histórico dia_util (poucos dados),3.0
PT0002000123648159KR,17,0,historico,dia_util,2.0,2.0,0.3,0.0,0.0,normal,abaixo,baixa,2,histórico dia_util (poucos dados),3.0
PT0002000123648159KR,18,0,historico,dia_util,3.0,3.5,0.71,-0.71,-0.71,normal,abaixo,baixa,2,histórico dia_util (poucos dados),3.0
PT0002000123648159KR,19,0,historico,dia_util,3.0,3.0,0.3,0.0,0.0,normal,abaixo,baixa,2,histórico dia_util (poucos dados),3.0
PT0002000123648159KR,20,0,historico,dia_util,3.0,3.5,0.71,-0.71,-0.71,normal,abaixo,baixa,2,histórico dia_util (poucos dados),3.0
PT0002000123648159KR,21,0,historico,dia_util,3.0,2.67,0.58,0.58,0.58,normal,acima,baixa,3,histórico dia_util (poucos dados),3.0
PT0002000123648159KR,22,0,historico,dia_util,3.0,2.67,0.58,0.58,0.58,normal,acima,baixa,3,histórico dia_util (poucos dados),3.0
PT0002000123648159KR,23,0,historico,dia_util,3.0,3.0,0.3,0.0,0.0,normal,abaixo,baixa,3,histórico dia_util (poucos dados),3.0
PT0002000125379984SH,0,1,historico,dia_util,4.0,4.0,0.4,0.0,0.0,normal,abaixo,baixa,2,histórico dia_util (poucos dados),3.0
PT0002000125379984SH,1,1,historico,dia_util,4.0,4.5,0.71,-0.71,-0.71,normal,abaixo,baixa,2,histórico dia_util (poucos dados),3.0
PT0002000125379984SH,2,1,historico,dia_util,3.0,3.5,0.71,-0.71,-0.71,normal,abaixo,baixa,2,histórico dia_util (poucos dados),3.0
PT0002000125379984SH,3,1,historico,dia_util,2.0,2.0,0.3,0.0,0.0,normal,abaixo,baixa,2,histórico dia_util (poucos dados),3.0
PT0002000125379984SH,4,1,historico,dia_util,2.0,2.5,0.71,-0.71,-0.71,normal,abaixo,baixa,2,histórico dia_util (poucos dados),3.0
PT0002000125379984SH,5,1,historico,dia_util,2.0,2.0,1.41,0.0,0.0,normal,abaixo,baixa,2,histórico dia_util (poucos dados),3.0
PT0002000125379984SH,6,1,historico,dia_util,3.0,2.5,0.71,0.71,0.71,normal,acima,baixa,2,histórico dia_util (poucos dados),3.0
PT0002000125379984SH,7,1,historico,dia_util,4.0,4.5,0.71,-0.71,-0.71,normal,abaixo,baixa,2,histórico dia_util (poucos dados),3.0
PT0002000125379984SH,8,1,historico,dia_util,10.0,8.5,0.85,1.76,1.76,normal,acima,baixa,2,histórico dia_util (poucos dados),3.0
PT0002000125379984SH,9,1,historico,dia_util,12.0,12.0,1.2,0.0,0.0,normal,abaixo,baixa,2,histórico dia_util (poucos dados),3.0
PT0002000125379984SH,10,1,historico,dia_util,12.0,12.5,1.25,-0.4,-0.4,normal,abaixo,baixa,2,histórico dia_util (poucos dados),3.0
PT0002000125379984SH,11,1,historico,dia_util,8.0,8.0,0.8,0.0,0.0,normal,abaixo,baixa,2,histórico dia_util (poucos dados),3.0
PT0002000125379984SH,12,1,historico,dia_util,4.0,5.0,0.5,-2.0,-2.0,normal,abaixo,baixa,2,histórico dia_util (poucos dados),3.0
PT0002000125379984SH,13,1,historico,dia_util,5.0,5.0,0.5,0.0,0.0,normal,abaixo,baixa,2,histórico dia_util (poucos dados),3.0
PT0002000125379984SH,14,1,historico,dia_util,12.0,8.5,2.12,1.65,1.65,normal,acima,baixa,2,histórico dia_util (poucos dados),3.0
PT0002000125379984SH,15,1,historico,dia_util,11.0,11.0,1.1,0.0,0.0,normal,abaixo,baixa,2,histórico dia_util (poucos dados),3.0
PT0002000125379984SH,16,1,historico,dia_util,11.0,11.0,1.1,0.0,0.0,normal,abaixo,baixa,2,histórico dia_util (poucos dados),3.0
PT0002000125379984SH,17,1,historico,dia_util,10.0,12.0,1.2,-1.67,-1.67,normal,abaixo,baixa,2,histórico dia_util (poucos dados),3.0
PT0002000125379984SH,18,1,historico,dia_util,4.0,8.5,0.85,-5.29,-5.29,desvio,abaixo,baixa,2,histórico dia_util (poucos dados),3.0
PT0002000125379984SH,19,1,historico,dia_util,4.0,6.0,2.83,-0.71,-0.71,normal,abaixo,baixa,2,histórico dia_util (poucos dados),3.0
PT0002000125379984SH,20,1,historico,dia_util,4.0,5.0,0.5,-2.0,-2.0,normal,abaixo,baixa,2,histórico dia_util (poucos dados),3.0
PT0002000125379984SH,21,1,historico,dia_util,5.0,4.33,1.15,0.58,0.58,normal,acima,baixa,3,histórico dia_util (poucos dados),3.0
PT0002000125379984SH,22,1,historico,dia_util,5.0,5.0,0.5,0.0,0.0,normal,abaixo,baixa,3,histórico dia_util (poucos dados),3.0
PT0002000125379984SH,23,1,historico,dia_util,5.0,4.67,0.58,0.58,0.58,normal,acima,baixa,3,histórico dia_util (poucos dados),3.0
PT0002000125701614SQ,0,1,atribuido,dia_util,15.0,17.5,6.36,-0.39,-0.39,normal,abaixo,baixa,2,histórico dia_util (poucos dados),3.0
PT0002000125701614SQ,1,1,atribuido,dia_util,13.0,17.0,5.66,-0.71,-0.71,normal,abaixo,baixa,2,histórico dia_util (poucos dados),3.0
PT0002000125701614SQ,2,1,atribuido,dia_util,15.0,16.5,4.95,-0.3,-0.3,normal,abaixo,baixa,2,histórico dia_util (poucos dados),3.0
PT0002000125701614SQ,3,1,atribuido,dia_util,14.0,16.5,4.95,-0.51,-0.51,normal,abaixo,baixa,2,histórico dia_util (poucos dados),3.0
PT0002000125701614SQ,4,1,atribuido,dia_util,14.0,16.0,4.24,-0.47,-0.47,normal,abaixo,baixa,2,histórico dia_util (poucos dados),3.0
PT0002000125701614SQ,5,1,atribuido,dia_util,13.0,16.0,4.24,-0.71,-0.71,normal,abaixo,baixa,2,histórico dia_util (poucos dados),3.0
PT0002000125701614SQ,6,1,atribuido,dia_util,15.0,16.5,4.95,-0.3,-0.3,normal,abaixo,baixa,2,histórico dia_util (poucos dados),3.0
PT0002000125701614SQ,7,1,atribuido,dia_util,13.0,16.5,4.95,-0.71,-0.71,normal,abaixo,baixa,2,histórico dia_util (poucos dados),3.0
PT0002000125701614SQ,8,1,atribuido,dia_util,14.0,18.0,5.66,-0.71,-0.71,normal,abaixo,baixa,2,histórico dia_util (poucos dados),3.0
PT0002000125701614SQ,9,1,atribuido,dia_util,15.0,22.0,4.24,-1.65,-1.65,normal,abaixo,baixa,2,histórico dia_util (poucos dados),3.0
PT0002000125701614SQ,10,1,atribuido,dia_util,17.0,23.0,5.66,-1.06,-1.06,normal,abaixo,baixa,2,histórico dia_util (poucos dados),3.0
PT0002000125701614SQ,11,1,atribuido,dia_util,20.0,23.5,3.54,-0.99,-0.99,normal,abaixo,baixa,2,histórico dia_util (poucos dados),3.0
PT0002000125701614SQ,12,1,atribuido,dia_util,20.0,22.5,6.36,-0.39,-0.39,normal,abaixo,baixa,2,histórico dia_util (poucos dados),3.0
PT0002000125701614SQ,13,1,atribuido,dia_util,19.0,22.5,6.36,-0.55,-0.55,normal,abaixo,baixa,2,histórico dia_util (poucos dados),3.0
PT0002000125701614SQ,14,1,atribuido,dia_util,27.0,25.0,2.5,0.8,0.8,normal,acima,baixa,2,histórico dia_util (poucos dados),3.0
PT0002000125701614SQ,15,1,atribuido,dia_util,32.0,37.0,7.07,-0.71,-0.71,normal,abaixo,baixa,2,histórico dia_util (poucos dados),3.0
PT0002000125701614SQ,16,1,atribuido,dia_util,33.0,37.5,7.78,-0.58,-0.58,normal,abaixo,baixa,2,histórico dia_util (poucos dados),3.0
PT0002000125701614SQ,17,1,atribuido,dia_util,52.0,37.0,4.24,3.54,3.54,desvio,acima,baixa,2,histórico dia_util (poucos dados),3.0
PT0002000125701614SQ,18,1,atribuido,dia_util,28.0,28.5,2.85,-0.18,-0.18,normal,abaixo,baixa,2,histórico dia_util (poucos dados),3.0
PT0002000125701614SQ,19,1,atribuido,dia_util,23.0,23.0,2.3,0.0,0.0,normal,abaixo,baixa,2,histórico dia_util (poucos dados),3.0
PT0002000125701614SQ,20,1,atribuido,dia_util,22.0,20.5,2.12,0.71,0.71,normal,acima,baixa,2,histórico dia_util (poucos dados),3.0
PT0002000125701614SQ,21,1,atribuido,dia_util,19.0,38.0,31.24,-0.61,-0.61,normal,abaixo,baixa,3,histórico dia_util (poucos dados),3.0
PT0002000125701614SQ,22,1,atribuido,dia_util,17.0,92.33,122.86,-0.61,-0.61,normal,abaixo,baixa,3,histórico dia_util (poucos dados),3.0
PT0002000125701614SQ,23,1,atribuido,dia_util,15.0,62.67,76.7,-0.62,-0.62,normal,abaixo,baixa,3,histórico dia_util (poucos dados),3.0
PT0002000201038711LS,0,1,atribuido,dia_util,27.0,3.5,4.95,4.75,4.75,desvio,acima,baixa,2,histórico dia_util (poucos dados),3.0
PT0002000201038711LS,1,1,atribuido,dia_util,1.0,0.5,0.71,0.71,0.71,normal,acima,baixa,2,histórico dia_util (poucos dados),3.0
PT0002000201038711LS,2,1,atribuido,dia_util,0.0,0.0,0.3,0.0,0.0,normal,abaixo,baixa,2,histórico dia_util (poucos dados),3.0
PT0002000201038711LS,3,1,atribuido,dia_util,0.0,0.0,0.3,0.0,0.0,normal,abaixo,baixa,2,histórico dia_util (poucos dados),3.0
PT0002000201038711LS,4,1,atribuido,dia_util,1.0,0.5,0.71,0.71,0.71,normal,acima,baixa,2,histórico dia_util (poucos dados),3.0
PT0002000201038711LS,5,1,atribuido,dia_util,0.0,0.0,0.3,0.0,0.0,normal,abaixo,baixa,2,histórico dia_util (poucos dados),3.0
PT0002000201038711LS,6,1,atribuido,dia_util,0.0,0.5,0.71,-0.71,-0.71,normal,abaixo,baixa,2,histórico dia_util (poucos dados),3.0
PT0002000201038711LS,7,1,atribuido,dia_util,3.0,2.5,2.12,0.24,0.24,normal,acima,baixa,2,histórico dia_util (poucos dados),3.0
PT0002000201038711LS,8,1,atribuido,dia_util,1.0,2.5,0.71,-2.12,-2.12,normal,abaixo,baixa,2,histórico dia_util (poucos dados),3.0
PT0002000201038711LS,9,1,atribuido,dia_util,0.0,0.0,0.3,0.0,0.0,normal,abaixo,baixa,2,histórico dia_util (poucos dados),3.0
PT0002000201038711LS,10,1,atribuido,dia_util,20.0,0.0,0.3,10.0,66.67,desvio,acima,baixa,2,histórico dia_util (poucos dados),3.0
PT0002000201038711LS,11,1,atribuido,dia_util,31.0,0.5,0.71,10.0,43.13,desvio,acima,baixa,2,histórico dia_util (poucos dados),3.0
PT0002000201038711LS,12,1,atribuido,dia_util,26.0,3.0,4.24,5.42,5.42,desvio,acima,baixa,2,histórico dia_util (poucos dados),3.0
PT0002000201038711LS,13,1,atribuido,dia_util,15.0,13.0,16.97,0.12,0.12,normal,acima,baixa,2,histórico dia_util (poucos dados),3.0
PT0002000201038711LS,14,1,atribuido,dia_util,15.0,1.0,1.41,9.9,9.9,desvio,acima,baixa,2,histórico dia_util (poucos dados),3.0
PT0002000201038711LS,15,1,atribuido,dia_util,30.0,10.5,14.85,1.31,1.31,normal,acima,baixa,2,histórico dia_util (poucos dados),3.0
PT0002000201038711LS,16,1,atribuido,dia_util,22.0,27.0,14.14,-0.35,-0.35,normal,abaixo,baixa,2,histórico dia_util (poucos dados),3.0
PT0002000201038711LS,17,1,atribuido,dia_util,69.0,59.0,5.9,1.69,1.69,normal,acima,baixa,2,histórico dia_util (poucos dados),3.0
PT0002000201038711LS,18,1,atribuido,dia_util,131.0,83.5,37.48,1.27,1.27,normal,acima,baixa,2,histórico dia_util (poucos dados),3.0
PT0002000201038711LS,19,1,atribuido,dia_util,103.0,89.0,39.6,0.35,0.35,normal,acima,baixa,2,histórico dia_util (poucos dados),3.0
PT0002000201038711LS,20,1,atribuido,dia_util,93.0,66.5,12.02,2.2,2.2,normal,acima,baixa,2,histórico dia_util (poucos dados),3.0
PT0002000201038711LS,21,1,atribuido,dia_util,90.0,58.33,23.69,1.34,1.34,normal,acima,baixa,3,histórico dia_util (poucos dados),3.0
PT0002000201038711LS,22,1,atribuido,dia_util,78.0,42.67,25.11,1.41,1.41,normal,acima,baixa,3,histórico dia_util (poucos dados),3.0
PT0002000201038711LS,23,1,atribuido,dia_util,46.0,20.33,16.26,1.58,1.58,normal,acima,baixa,3,histórico dia_util (poucos dados),3.0
PT0002000201936109ME,0,0,historico,dia_util,0.0,0.0,0.3,0.0,0.0,normal,abaixo,baixa,2,histórico dia_util (poucos dados),3.0
PT0002000201936109ME,1,0,historico,dia_util,0.0,0.0,0.3,0.0,0.0,normal,abaixo,baixa,2,histórico dia_util (poucos dados),3.0
PT0002000201936109ME,2,0,historico,dia_util,0.0,0.0,0.3,0.0,0.0,normal,abaixo,baixa,2,histórico dia_util (poucos dados),3.0
PT0002000201936109ME,3,0,historico,dia_util,0.0,0.0,0.3,0.0,0.0,normal,abaixo,baixa,2,histórico dia_util (poucos dados),3.0
PT0002000201936109ME,4,0,historico,dia_util,0.0,0.0,0.3,0.0,0.0,normal,abaixo,baixa,2,histórico dia_util (poucos dados),3.0
PT0002000201936109ME,5,0,historico,dia_util,1.0,0.0,0.3,3.33,3.33,desvio,acima,baixa,2,histórico dia_util (poucos dados),3.0
PT0002000201936109ME,6,0,historico,dia_util,5.0,0.0,0.3,10.0,16.67,desvio,acima,baixa,2,histórico dia_util (poucos dados),3.0
PT0002000201936109ME,7,0,historico,dia_util,10.0,0.0,0.3,10.0,33.33,desvio,acima,baixa,2,histórico dia_util (poucos dados),3.0
PT0002000201936109ME,8,0,historico,dia_util,11.0,0.0,0.3,10.0,36.67,desvio,acima,baixa,2,histórico dia_util (poucos dados),3.0
PT0002000201936109ME,9,0,historico,dia_util,12.0,0.0,0.3,10.0,40.0,desvio,acima,baixa,2,histórico dia_util (poucos dados),3.0
PT0002000201936109ME,10,0,historico,dia_util,11.0,0.0,0.3,10.0,36.67,desvio,acima,baixa,2,histórico dia_util (poucos dados),3.0
PT0002000201936109ME,11,0,historico,dia_util,9.0,0.0,0.3,10.0,30.0,desvio,acima,baixa,2,histórico dia_util (poucos dados),3.0
PT0002000201936109ME,12,0,historico,dia_util,11.0,0.0,0.3,10.0,36.67,desvio,acima,baixa,2,histórico dia_util (poucos dados),3.0
PT0002000201936109ME,13,0,historico,dia_util,3.0,0.0,0.3,10.0,10.0,desvio,acima,baixa,2,histórico dia_util (poucos dados),3.0
PT0002000201936109ME,14,0,historico,dia_util,1.0,0.0,0.3,3.33,3.33,desvio,acima,baixa,2,histórico dia_util (poucos dados),3.0
PT0002000201936109ME,15,0,historico,dia_util,0.0,0.0,0.3,0.0,0.0,normal,abaixo,baixa,2,histórico dia_util (poucos dados),3.0
PT0002000201936109ME,16,0,historico,dia_util,0.0,0.0,0.3,0.0,0.0,normal,abaixo,baixa,2,histórico dia_util (poucos dados),3.0
PT0002000201936109ME,17,0,historico,dia_util,0.0,0.0,0.3,0.0,0.0,normal,abaixo,baixa,2,histórico dia_util (poucos dados),3.0
PT0002000201936109ME,18,0,historico,dia_util,0.0,0.0,0.3,0.0,0.0,normal,abaixo,baixa,2,histórico dia_util (poucos dados),3.0
PT0002000201936109ME,19,0,historico,dia_util,0.0,0.0,0.3,0.0,0.0,normal,abaixo,baixa,2,histórico dia_util (poucos dados),3.0
PT0002000201936109ME,20,0,historico,dia_util,0.0,0.0,0.3,0.0,0.0,normal,abaixo,baixa,2,histórico dia_util (poucos dados),3.0
PT0002000201936109ME,21,0,historico,dia_util,0.0,0.0,0.3,0.0,0.0,normal,abaixo,baixa,3,histórico dia_util (poucos dados),3.0
PT0002000201936109ME,22,0,historico,dia_util,0.0,0.0,0.3,0.0,0.0,normal,abaixo,baixa,3,histórico dia_util (poucos dados),3.0
PT0002000201936109ME,23,0,historico,dia_util,0.0,0.0,0.3,0.0,0.0,normal,abaixo,baixa,3,histórico dia_util (poucos dados),3.0
PT0002000203419117SJ,0,2,atribuido,dia_util,0.0,0.0,0.3,0.0,0.0,normal,abaixo,baixa,2,histórico dia_util (poucos dados),3.0
PT0002000203419117SJ,1,2,atribuido,dia_util,0.0,0.0,0.3,0.0,0.0,normal,abaixo,baixa,2,histórico dia_util (poucos dados),3.0
PT0002000203419117SJ,2,2,atribuido,dia_util,0.0,0.0,0.3,0.0,0.0,normal,abaixo,baixa,2,histórico dia_util (poucos dados),3.0
PT0002000203419117SJ,3,2,atribuido,dia_util,0.0,0.0,0.3,0.0,0.0,normal,abaixo,baixa,2,histórico dia_util (poucos dados),3.0
PT0002000203419117SJ,4,2,atribuido,dia_util,0.0,0.0,0.3,0.0,0.0,normal,abaixo,baixa,2,histórico dia_util (poucos dados),3.0
PT0002000203419117SJ,5,2,atribuido,dia_util,0.0,0.0,0.3,0.0,0.0,normal,abaixo,baixa,2,histórico dia_util (poucos dados),3.0
PT0002000203419117SJ,6,2,atribuido,dia_util,0.0,0.0,0.3,0.0,0.0,normal,abaixo,baixa,2,histórico dia_util (poucos dados),3.0
PT0002000203419117SJ,7,2,atribuido,dia_util,0.0,0.0,0.3,0.0,0.0,normal,abaixo,baixa,2,histórico dia_util (poucos dados),3.0
PT0002000203419117SJ,8,2,atribuido,dia_util,0.0,0.0,0.3,0.0,0.0,normal,abaixo,baixa,2,histórico dia_util (poucos dados),3.0
PT0002000203419117SJ,9,2,atribuido,dia_util,0.0,0.0,0.3,0.0,0.0,normal,abaixo,baixa,2,histórico dia_util (poucos dados),3.0
PT0002000203419117SJ,10,2,atribuido,dia_util,0.0,0.0,0.3,0.0,0.0,normal,abaixo,baixa,2,histórico dia_util (poucos dados),3.0
PT0002000203419117SJ,11,2,atribuido,dia_util,0.0,0.0,0.3,0.0,0.0,normal,abaixo,baixa,2,histórico dia_util (poucos dados),3.0
PT0002000203419117SJ,12,2,atribuido,dia_util,0.0,0.0,0.3,0.0,0.0,normal,abaixo,baixa,2,histórico dia_util (poucos dados),3.0
PT0002000203419117SJ,13,2,atribuido,dia_util,0.0,0.0,0.3,0.0,0.0,normal,abaixo,baixa,2,histórico dia_util (poucos dados),3.0
PT0002000203419117SJ,14,2,atribuido,dia_util,0.0,0.0,0.3,0.0,0.0,normal,abaixo,baixa,2,histórico dia_util (poucos dados),3.0
PT0002000203419117SJ,15,2,atribuido,dia_util,0.0,0.0,0.3,0.0,0.0,normal,abaixo,baixa,2,histórico dia_util (poucos dados),3.0
PT0002000203419117SJ,16,2,atribuido,dia_util,0.0,0.0,0.3,0.0,0.0,normal,abaixo,baixa,2,histórico dia_util (poucos dados),3.0
PT0002000203419117SJ,17,2,atribuido,dia_util,0.0,0.0,0.3,0.0,0.0,normal,abaixo,baixa,2,histórico dia_util (poucos dados),3.0
PT0002000203419117SJ,18,2,atribuido,dia_util,0.0,0.0,0.3,0.0,0.0,normal,abaixo,baixa,2,histórico dia_util (poucos dados),3.0
PT0002000203419117SJ,19,2,atribuido,dia_util,0.0,0.0,0.3,0.0,0.0,normal,abaixo,baixa,2,histórico dia_util (poucos dados),3.0
PT0002000203419117SJ,20,2,atribuido,dia_util,0.0,0.0,0.3,0.0,0.0,normal,abaixo,baixa,2,histórico dia_util (poucos dados),3.0
PT0002000203419117SJ,21,2,atribuido,dia_util,0.0,0.0,0.3,0.0,0.0,normal,abaixo,baixa,3,histórico dia_util (poucos dados),3.0
PT0002000203419117SJ,22,2,atribuido,dia_util,0.0,0.0,0.3,0.0,0.0,normal,abaixo,baixa,3,histórico dia_util (poucos dados),3.0
PT0002000203419117SJ,23,2,atribuido,dia_util,0.0,0.0,0.3,0.0,0.0,normal,abaixo,baixa,3,histórico dia_util (poucos dados),3.0
PT0002000203886452WB,0,1,atribuido,dia_util,0.0,0.0,0.3,0.0,0.0,normal,abaixo,baixa,2,histórico dia_util (poucos dados),3.0
PT0002000203886452WB,1,1,atribuido,dia_util,0.0,0.0,0.3,0.0,0.0,normal,abaixo,baixa,2,histórico dia_util (poucos dados),3.0
PT0002000203886452WB,2,1,atribuido,dia_util,0.0,0.0,0.3,0.0,0.0,normal,abaixo,baixa,2,histórico dia_util (poucos dados),3.0
PT0002000203886452WB,3,1,atribuido,dia_util,0.0,0.0,0.3,0.0,0.0,normal,abaixo,baixa,2,histórico dia_util (poucos dados),3.0
PT0002000203886452WB,4,1,atribuido,dia_util,0.0,0.0,0.3,0.0,0.0,normal,abaixo,baixa,2,histórico dia_util (poucos dados),3.0
PT0002000203886452WB,5,1,atribuido,dia_util,0.0,0.0,0.3,0.0,0.0,normal,abaixo,baixa,2,histórico dia_util (poucos dados),3.0
PT0002000203886452WB,6,1,atribuido,dia_util,0.0,0.0,0.3,0.0,0.0,normal,abaixo,baixa,2,histórico dia_util (poucos dados),3.0
PT0002000203886452WB,7,1,atribuido,dia_util,0.0,0.0,0.3,0.0,0.0,normal,abaixo,baixa,2,histórico dia_util (poucos dados),3.0
PT0002000203886452WB,8,1,atribuido,dia_util,0.0,0.0,0.3,0.0,0.0,normal,abaixo,baixa,2,histórico dia_util (poucos dados),3.0
PT0002000203886452WB,9,1,atribuido,dia_util,0.0,0.0,0.3,0.0,0.0,normal,abaixo,baixa,2,histórico dia_util (poucos dados),3.0
PT0002000203886452WB,10,1,atribuido,dia_util,0.0,0.0,0.3,0.0,0.0,normal,abaixo,baixa,2,histórico dia_util (poucos dados),3.0
PT0002000203886452WB,11,1,atribuido,dia_util,0.0,0.0,0.3,0.0,0.0,normal,abaixo,baixa,2,histórico dia_util (poucos dados),3.0
PT0002000203886452WB,12,1,atribuido,dia_util,0.0,0.0,0.3,0.0,0.0,normal,abaixo,baixa,2,histórico dia_util (poucos dados),3.0
PT0002000203886452WB,13,1,atribuido,dia_util,0.0,0.0,0.3,0.0,0.0,normal,abaixo,baixa,2,histórico dia_util (poucos dados),3.0
PT0002000203886452WB,14,1,atribuido,dia_util,0.0,0.0,0.3,0.0,0.0,normal,abaixo,baixa,2,histórico dia_util (poucos dados),3.0
PT0002000203886452WB,15,1,atribuido,dia_util,0.0,0.0,0.3,0.0,0.0,normal,abaixo,baixa,2,histórico dia_util (poucos dados),3.0
PT0002000203886452WB,16,1,atribuido,dia_util,0.0,0.0,0.3,0.0,0.0,normal,abaixo,baixa,2,histórico dia_util (poucos dados),3.0
PT0002000203886452WB,17,1,atribuido,dia_util,0.0,0.0,0.3,0.0,0.0,normal,abaixo,baixa,2,histórico dia_util (poucos dados),3.0
PT0002000203886452WB,18,1,atribuido,dia_util,0.0,0.0,0.3,0.0,0.0,normal,abaixo,baixa,2,histórico dia_util (poucos dados),3.0
PT0002000203886452WB,19,1,atribuido,dia_util,0.0,0.0,0.3,0.0,0.0,normal,abaixo,baixa,2,histórico dia_util (poucos dados),3.0
PT0002000203886452WB,20,1,atribuido,dia_util,0.0,0.0,0.3,0.0,0.0,normal,abaixo,baixa,2,histórico dia_util (poucos dados),3.0
PT0002000203886452WB,21,1,atribuido,dia_util,0.0,0.0,0.3,0.0,0.0,normal,abaixo,baixa,3,histórico dia_util (poucos dados),3.0
PT0002000203886452WB,22,1,atribuido,dia_util,0.0,0.0,0.3,0.0,0.0,normal,abaixo,baixa,3,histórico dia_util (poucos dados),3.0
PT0002000203886452WB,23,1,atribuido,dia_util,0.0,0.0,0.3,0.0,0.0,normal,abaixo,baixa,3,histórico dia_util (poucos dados),3.0
