CPE,hora,cluster,cluster_origem,tipo_dia,consumo_real,consumo_habitual,std,z_score,z_real,veredicto,direcao,confianca,n_dias_tipo,fonte_baseline,threshold
PT0002000033074862LZ,0,0,historico,dia_util,9.0,8.0,0.8,1.25,1.25,normal,acima,baixa,2,fallback (60d recentes),3.0
PT0002000033074862LZ,1,0,historico,dia_util,8.0,9.0,0.9,-1.11,-1.11,normal,abaixo,baixa,2,fallback (60d recentes),3.0
PT0002000033074862LZ,2,0,historico,dia_util,9.0,9.0,0.9,0.0,0.0,normal,abaixo,baixa,2,fallback (60d recentes),3.0
PT0002000033074862LZ,3,0,historico,dia_util,9.0,8.0,0.8,1.25,1.25,normal,acima,baixa,2,fallback (60d recentes),3.0
PT0002000033074862LZ,4,0,historico,dia_util,9.0,9.0,0.9,0.0,0.0,normal,abaixo,baixa,2,fallback (60d recentes),3.0
PT0002000033074862LZ,5,0,historico,dia_util,9.0,9.0,0.9,0.0,0.0,normal,abaixo,baixa,2,fallback (60d recentes),3.0
PT0002000033074862LZ,6,0,historico,dia_util,9.0,9.5,0.95,-0.53,-0.53,normal,abaixo,baixa,2,fallback (60d recentes),3.0
PT0002000033074862LZ,7,0,historico,dia_util,10.0,9.5,0.95,0.53,0.53,normal,acima,baixa,2,fallback (60d recentes),3.0
PT0002000033074862LZ,8,0,historico,dia_util,7.0,7.0,0.7,0.0,0.0,normal,abaixo,baixa,2,fallback (60d recentes),3.0
PT0002000033074862LZ,9,0,historico,dia_util,8.0,6.5,0.71,2.12,2.12,normal,acima,baixa,2,fallback (60d recentes),3.0
PT0002000033074862LZ,10,0,historico,dia_util,10.0,7.0,0.7,4.29,4.29,desvio,acima,baixa,2,fallback (60d recentes),3.0
PT0002000033074862LZ,11,0,historico,dia_util,9.0,6.5,0.71,3.54,3.54,desvio,acima,baixa,2,fallback (60d recentes),3.0
PT0002000033074862LZ,12,0,historico,dia_util,9.0,6.5,0.71,3.54,3.54,desvio,acima,baixa,2,fallback (60d recentes),3.0
PT0002000033074862LZ,13,0,historico,dia_util,10.0,6.5,0.71,4.95,4.95,desvio,acima,baixa,2,fallback (60d recentes),3.0
PT0002000033074862LZ,14,0,historico,dia_util,9.0,7.0,0.7,2.86,2.86,normal,acima,baixa,2,fallback (60d recentes),3.0
PT0002000033074862LZ,15,0,historico,dia_util,9.0,6.5,0.71,3.54,3.54,desvio,acima,baixa,2,fallback (60d recentes),3.0
PT0002000033074862LZ,16,0,historico,dia_util,10.0,6.5,0.71,4.95,4.95,desvio,acima,baixa,2,fallback (60d recentes),3.0
PT0002000033074862LZ,17,0,historico,dia_util,10.0,9.5,0.95,0.53,0.53,normal,acima,baixa,2,fallback (60d recentes),3.0
PT0002000033074862LZ,18,0,historico,dia_util,10.0,9.0,0.9,1.11,1.11,normal,acima,baixa,2,fallback (60d recentes),3.0
PT0002000033074862LZ,19,0,historico,dia_util,9.0,10.0,1.0,-1.0,-1.0,normal,abaixo,baixa,2,fallback (60d recentes),3.0
PT0002000033074862LZ,20,0,historico,dia_util,9.0,9.0,0.9,0.0,0.0,normal,abaixo,baixa,2,fallback (60d recentes),3.0
PT0002000033074862LZ,21,0,historico,dia_util,10.0,8.67,1.53,0.87,0.87,normal,acima,baixa,3,fallback (60d recentes),3.0
PT0002000033074862LZ,22,0,historico,dia_util,8.0,8.33,0.83,-0.4,-0.4,normal,abaixo,baixa,3,fallback (60d recentes),3.0
PT0002000033074862LZ,23,0,historico,dia_util,9.0,9.0,0.9,0.0,0.0,normal,abaixo,baixa,3,fallback (60d recentes),3.0
PT0002000068856267NC,0,0,atribuido,dia_util,24.0,23.5,2.35,0.21,0.21,normal,acima,baixa,2,fallback (60d recentes),3.0
PT0002000068856267NC,1,0,atribuido,dia_util,26.0,24.0,2.4,0.83,0.83,normal,acima,baixa,2,fallback (60d recentes),3.0
PT0002000068856267NC,2,0,atribuido,dia_util,23.0,22.5,2.25,0.22,0.22,normal,acima,baixa,2,fallback (60d recentes),3.0
PT0002000068856267NC,3,0,atribuido,dia_util,23.0,23.0,2.3,0.0,0.0,normal,abaixo,baixa,2,fallback (60d recentes),3.0
PT0002000068856267NC,4,0,atribuido,dia_util,23.0,23.5,2.35,-0.21,-0.21,normal,abaixo,baixa,2,fallback (60d recentes),3.0
PT0002000068856267NC,5,0,atribuido,dia_util,24.0,23.0,2.3,0.43,0.43,normal,acima,baixa,2,fallback (60d recentes),3.0
PT0002000068856267NC,6,0,atribuido,dia_util,21.0,18.0,1.8,1.67,1.67,normal,acima,baixa,2,fallback (60d recentes),3.0
PT0002000068856267NC,7,0,atribuido,dia_util,20.0,16.5,1.65,2.12,2.12,normal,acima,baixa,2,fallback (60d recentes),3.0
PT0002000068856267NC,8,0,atribuido,dia_util,21.0,15.5,1.55,3.55,3.55,desvio,acima,baixa,2,fallback (60d recentes),3.0
PT0002000068856267NC,9,0,atribuido,dia_util,19.0,16.0,1.6,1.88,1.88,normal,acima,baixa,2,fallback (60d recentes),3.0
PT0002000068856267NC,10,0,atribuido,dia_util,20.0,15.5,1.55,2.9,2.9,normal,acima,baixa,2,fallback (60d recentes),3.0
PT0002000068856267NC,11,0,atribuido,dia_util,20.0,16.0,1.6,2.5,2.5,normal,acima,baixa,2,fallback (60d recentes),3.0
PT0002000068856267NC,12,0,atribuido,dia_util,21.0,15.5,1.55,3.55,3.55,desvio,acima,baixa,2,fallback (60d recentes),3.0
PT0002000068856267NC,13,0,atribuido,dia_util,20.0,15.5,1.55,2.9,2.9,normal,acima,baixa,2,fallback (60d recentes),3.0
PT0002000068856267NC,14,0,atribuido,dia_util,20.0,16.0,1.6,2.5,2.5,normal,acima,baixa,2,fallback (60d recentes),3.0
PT0002000068856267NC,15,0,atribuido,dia_util,20.0,15.5,1.55,2.9,2.9,normal,acima,baixa,2,fallback (60d recentes),3.0
PT0002000068856267NC,16,0,atribuido,dia_util,19.0,16.5,1.65,1.52,1.52,normal,acima,baixa,2,fallback (60d recentes),3.0
PT0002000068856267NC,17,0,atribuido,dia_util,15.0,15.0,1.5,0.0,0.0,normal,abaixo,baixa,2,fallback (60d recentes),3.0
PT0002000068856267NC,18,0,atribuido,dia_util,16.0,16.5,1.65,-0.3,-0.3,normal,abaixo,baixa,2,fallback (60d recentes),3.0
PT0002000068856267NC,19,0,atribuido,dia_util,18.0,17.5,1.75,0.29,0.29,normal,acima,baixa,2,fallback (60d recentes),3.0
PT0002000068856267NC,20,0,atribuido,dia_util,23.0,22.5,2.25,0.22,0.22,normal,acima,baixa,2,fallback (60d recentes),3.0
PT0002000068856267NC,21,0,atribuido,dia_util,23.0,21.0,2.65,0.76,0.76,normal,acima,baixa,3,fallback (60d recentes),3.0
PT0002000068856267NC,22,0,atribuido,dia_util,23.0,23.33,2.33,-0.14,-0.14,normal,abaixo,baixa,3,fallback (60d recentes),3.0
PT0002000068856267NC,23,0,atribuido,dia_util,22.0,23.0,2.3,-0.43,-0.43,normal,abaixo,baixa,3,fallback (60d recentes),3.0
PT0002000068856655YV,0,0,historico,dia_util,2.0,4.0,2.83,-0.71,-0.71,normal,abaixo,baixa,2,fallback (60d recentes),3.0
PT0002000068856655YV,1,0,historico,dia_util,2.0,2.0,0.3,0.0,0.0,normal,abaixo,baixa,2,fallback (60d recentes),3.0
PT0002000068856655YV,2,0,historico,dia_util,3.0,2.5,0.71,0.71,0.71,normal,acima,baixa,2,fallback (60d recentes),3.0
PT0002000068856655YV,3,0,historico,dia_util,2.0,2.0,0.3,0.0,0.0,normal,abaixo,baixa,2,fallback (60d recentes),3.0
PT0002000068856655YV,4,0,historico,dia_util,2.0,2.5,0.71,-0.71,-0.71,normal,abaixo,baixa,2,fallback (60d recentes),3.0
PT0002000068856655YV,5,0,historico,dia_util,2.0,2.0,0.3,0.0,0.0,normal,abaixo,baixa,2,fallback (60d recentes),3.0
PT0002000068856655YV,6,0,historico,dia_util,2.0,2.0,0.3,0.0,0.0,normal,abaixo,baixa,2,fallback (60d recentes),3.0
PT0002000068856655YV,7,0,historico,dia_util,2.0,1.5,0.71,0.71,0.71,normal,acima,baixa,2,fallback (60d recentes),3.0
PT0002000068856655YV,8,0,historico,dia_util,4.0,2.0,0.3,6.67,6.67,desvio,acima,baixa,2,fallback (60d recentes),3.0
PT0002000068856655YV,9,0,historico,dia_util,9.0,1.5,0.71,10.0,10.61,desvio,acima,baixa,2,fallback (60d recentes),3.0
PT0002000068856655YV,10,0,historico,dia_util,10.0,1.5,0.71,10.0,12.02,desvio,acima,baixa,2,fallback (60d recentes),3.0
PT0002000068856655YV,11,0,historico,dia_util,10.0,2.0,0.3,10.0,26.67,desvio,acima,baixa,2,fallback (60d recentes),3.0
PT0002000068856655YV,12,0,historico,dia_util,9.0,1.5,0.71,10.0,10.61,desvio,acima,baixa,2,fallback (60d recentes),3.0
PT0002000068856655YV,13,0,historico,dia_util,9.0,2.0,0.3,10.0,23.33,desvio,acima,baixa,2,fallback (60d recentes),3.0
PT0002000068856655YV,14,0,historico,dia_util,9.0,1.5,0.71,10.0,10.61,desvio,acima,baixa,2,fallback (60d recentes),3.0
PT0002000068856655YV,15,0,historico,dia_util,10.0,2.0,0.3,10.0,26.67,desvio,acima,baixa,2,fallback (60d recentes),3.0
PT0002000068856655YV,16,0,historico,dia_util,10.0,2.0,0.3,10.0,26.67,desvio,acima,baixa,2,fallback (60d recentes),3.0
PT0002000068856655YV,17,0,historico,dia_util,9.0,2.0,1.41,4.95,4.95,desvio,acima,baixa,2,fallback (60d recentes),3.0
PT0002000068856655YV,18,0,historico,dia_util,5.0,2.0,0.3,10.0,10.0,desvio,acima,baixa,2,fallback (60d recentes),3.0
PT0002000068856655YV,19,0,historico,dia_util,3.0,2.0,0.3,3.33,3.33,desvio,acima,baixa,2,fallback (60d recentes),3.0
PT0002000068856655YV,20,0,historico,dia_util,2.0,2.0,0.3,0.0,0.0,normal,abaixo,baixa,2,fallback (60d recentes),3.0
PT0002000068856655YV,21,0,historico,dia_util,2.0,3.0,1.73,-0.58,-0.58,normal,abaixo,baixa,3,fallback (60d recentes),3.0
PT0002000068856655YV,22,0,historico,dia_util,2.0,3.67,2.89,-0.58,-0.58,normal,abaixo,baixa,3,fallback (60d recentes),3.0
PT0002000068856655YV,23,0,historico,dia_util,2.0,3.67,2.89,-0.58,-0.58,normal,abaixo,baixa,3,fallback (60d recentes),3.0
PT0002000068856781NM,0,0,historico,dia_util,105.0,105.5,10.55,-0.05,-0.05,normal,abaixo,baixa,2,fallback (60d recentes),3.0
PT0002000068856781NM,1,0,historico,dia_util,105.0,105.5,10.55,-0.05,-0.05,normal,abaixo,baixa,2,fallback (60d recentes),3.0
PT0002000068856781NM,2,0,historico,dia_util,104.0,105.0,10.5,-0.1,-0.1,normal,abaixo,baixa,2,fallback (60d recentes),3.0
PT0002000068856781NM,3,0,historico,dia_util,104.0,105.5,10.55,-0.14,-0.14,normal,abaixo,baixa,2,fallback (60d recentes),3.0
PT0002000068856781NM,4,0,historico,dia_util,104.0,105.5,10.55,-0.14,-0.14,normal,abaixo,baixa,2,fallback (60d recentes),3.0
PT0002000068856781NM,5,0,historico,dia_util,104.0,105.0,10.5,-0.1,-0.1,normal,abaixo,baixa,2,fallback (60d recentes),3.0
PT0002000068856781NM,6,0,historico,dia_util,104.0,104.5,10.45,-0.05,-0.05,normal,abaixo,baixa,2,fallback (60d recentes),3.0
PT0002000068856781NM,7,0,historico,dia_util,104.0,104.5,10.45,-0.05,-0.05,normal,abaixo,baixa,2,fallback (60d recentes),3.0
PT0002000068856781NM,8,0,historico,dia_util,108.0,105.0,10.5,0.29,0.29,normal,acima,baixa,2,fallback (60d recentes),3.0
PT0002000068856781NM,9,0,historico,dia_util,118.0,104.5,10.45,1.29,1.29,normal,acima,baixa,2,fallback (60d recentes),3.0
PT0002000068856781NM,10,0,historico,dia_util,120.0,105.5,10.55,1.37,1.37,normal,acima,baixa,2,fallback (60d recentes),3.0
PT0002000068856781NM,11,0,historico,dia_util,120.0,105.5,10.55,1.37,1.37,normal,acima,baixa,2,fallback (60d recentes),3.0
PT0002000068856781NM,12,0,historico,dia_util,118.0,105.5,10.55,1.18,1.18,normal,acima,baixa,2,fallback (60d recentes),3.0
PT0002000068856781NM,13,0,historico,dia_util,113.0,105.5,10.55,0.71,0.71,normal,acima,baixa,2,fallback (60d recentes),3.0
PT0002000068856781NM,14,0,historico,dia_util,124.0,105.5,10.55,1.75,1.75,normal,acima,baixa,2,fallback (60d recentes),3.0
PT0002000068856781NM,15,0,historico,dia_util,124.0,106.0,10.6,1.7,1.7,normal,acima,baixa,2,fallback (60d recentes),3.0
PT0002000068856781NM,16,0,historico,dia_util,120.0,105.0,10.5,1.43,1.43,normal,acima,baixa,2,fallback (60d recentes),3.0
PT0002000068856781NM,17,0,historico,dia_util,115.0,105.0,10.5,0.95,0.95,normal,acima,baixa,2,fallback (60d recentes),3.0
PT0002000068856781NM,18,0,historico,dia_util,109.0,105.5,10.55,0.33,0.33,normal,acima,baixa,2,fallback (60d recentes),3.0
PT0002000068856781NM,19,0,historico,dia_util,108.0,105.0,10.5,0.29,0.29,normal,acima,baixa,2,fallback (60d recentes),3.0
PT0002000068856781NM,20,0,historico,dia_util,107.0,105.0,10.5,0.19,0.19,normal,acima,baixa,2,fallback (60d recentes),3.0
PT0002000068856781NM,21,0,historico,dia_util,106.0,96.33,15.01,0.64,0.64,normal,acima,baixa,3,fallback (60d recentes),3.0
PT0002000068856781NM,22,0,historico,dia_util,107.0,105.0,10.5,0.19,0.19,normal,acima,baixa,3,fallback (60d recentes),3.0
PT0002000068856781NM,23,0,historico,dia_util,107.0,105.33,10.53,0.16,0.16,normal,acima,baixa,3,fallback (60d recentes),3.0
PT0002000068856872QG,0,1,historico,dia_util,3.0,0.0,0.3,10.0,10.0,desvio,acima,baixa,2,fallback (60d recentes),3.0
PT0002000068856872QG,1,1,historico,dia_util,0.0,0.5,0.71,-0.71,-0.71,normal,abaixo,baixa,2,fallback (60d recentes),3.0
PT0002000068856872QG,2,1,historico,dia_util,0.0,1.0,1.41,-0.71,-0.71,normal,abaixo,baixa,2,fallback (60d recentes),3.0
PT0002000068856872QG,3,1,historico,dia_util,0.0,0.0,0.3,0.0,0.0,normal,abaixo,baixa,2,fallback (60d recentes),3.0
PT0002000068856872QG,4,1,historico,dia_util,0.0,1.0,1.41,-0.71,-0.71,normal,abaixo,baixa,2,fallback (60d recentes),3.0
PT0002000068856872QG,5,1,historico,dia_util,0.0,0.0,0.3,0.0,0.0,normal,abaixo,baixa,2,fallback (60d recentes),3.0
PT0002000068856872QG,6,1,historico,dia_util,2.0,0.0,0.3,6.67,6.67,desvio,acima,baixa,2,fallback (60d recentes),3.0
PT0002000068856872QG,7,1,historico,dia_util,0.0,0.0,0.3,0.0,0.0,normal,abaixo,baixa,2,fallback (60d recentes),3.0
PT0002000068856872QG,8,1,historico,dia_util,0.0,1.5,2.12,-0.71,-0.71,normal,abaixo,baixa,2,fallback (60d recentes),3.0
PT0002000068856872QG,9,1,historico,dia_util,0.0,0.0,0.3,0.0,0.0,normal,abaixo,baixa,2,fallback (60d recentes),3.0
PT0002000068856872QG,10,1,historico,dia_util,0.0,0.5,0.71,-0.71,-0.71,normal,abaixo,baixa,2,fallback (60d recentes),3.0
PT0002000068856872QG,11,1,historico,dia_util,0.0,1.0,1.41,-0.71,-0.71,normal,abaixo,baixa,2,fallback (60d recentes),3.0
PT0002000068856872QG,12,1,historico,dia_util,0.0,0.0,0.3,0.0,0.0,normal,abaixo,baixa,2,fallback (60d recentes),3.0
PT0002000068856872QG,13,1,historico,dia_util,3.0,0.0,0.3,10.0,10.0,desvio,acima,baixa,2,fallback (60d recentes),3.0
PT0002000068856872QG,14,1,historico,dia_util,0.0,0.0,0.3,0.0,0.0,normal,abaixo,baixa,2,fallback (60d recentes),3.0
PT0002000068856872QG,15,1,historico,dia_util,0.0,1.0,1.41,-0.71,-0.71,normal,abaixo,baixa,2,fallback (60d recentes),3.0
PT0002000068856872QG,16,1,historico,dia_util,0.0,0.0,0.3,0.0,0.0,normal,abaixo,baixa,2,fallback (60d recentes),3.0
PT0002000068856872QG,17,1,historico,dia_util,0.0,1.0,1.41,-0.71,-0.71,normal,abaixo,baixa,2,fallback (60d recentes),3.0
PT0002000068856872QG,18,1,historico,dia_util,0.0,0.0,0.3,0.0,0.0,normal,abaixo,baixa,2,fallback (60d recentes),3.0
PT0002000068856872QG,19,1,historico,dia_util,2.0,0.0,0.3,6.67,6.67,desvio,acima,baixa,2,fallback (60d recentes),3.0
PT0002000068856872QG,20,1,historico,dia_util,0.0,0.0,0.3,0.0,0.0,normal,abaixo,baixa,2,fallback (60d recentes),3.0
PT0002000068856872QG,21,1,historico,dia_util,0.0,1.0,1.73,-0.58,-0.58,normal,abaixo,baixa,3,fallback (60d recentes),3.0
PT0002000068856872QG,22,1,historico,dia_util,0.0,0.0,0.3,0.0,0.0,normal,abaixo,baixa,3,fallback (60d recentes),3.0
PT0002000068856872QG,23,1,historico,dia_util,0.0,0.0,0.3,0.0,0.0,normal,abaixo,baixa,3,fallback (60d recentes),3.0
PT0002000068856952LS,0,2,historico,dia_util,1.0,0.0,0.3,3.33,3.33,desvio,acima,baixa,2,fallback (60d recentes),3.0
PT0002000068856952LS,1,2,historico,dia_util,0.0,0.0,0.3,0.0,0.0,normal,abaixo,baixa,2,fallback (60d recentes),3.0
PT0002000068856952LS,2,2,historico,dia_util,0.0,0.0,0.3,0.0,0.0,normal,abaixo,baixa,2,fallback (60d recentes),3.0
PT0002000068856952LS,3,2,historico,dia_util,0.0,0.0,0.3,0.0,0.0,normal,abaixo,baixa,2,fallback (60d recentes),3.0
PT0002000068856952LS,4,2,historico,dia_util,0.0,0.5,0.71,-0.71,-0.71,normal,abaixo,baixa,2,fallback (60d recentes),3.0
PT0002000068856952LS,5,2,historico,dia_util,0.0,0.0,0.3,0.0,0.0,normal,abaixo,baixa,2,fallback (60d recentes),3.0
PT0002000068856952LS,6,2,historico,dia_util,0.0,0.5,0.71,-0.71,-0.71,normal,abaixo,baixa,2,fallback (60d recentes),3.0
PT0002000068856952LS,7,2,historico,dia_util,0.0,0.0,0.3,0.0,0.0,normal,abaixo,baixa,2,fallback (60d recentes),3.0
PT0002000068856952LS,8,2,historico,dia_util,0.0,0.0,0.3,0.0,0.0,normal,abaixo,baixa,2,fallback (60d recentes),3.0
PT0002000068856952LS,9,2,historico,dia_util,1.0,0.0,0.3,3.33,3.33,desvio,acima,baixa,2,fallback (60d recentes),3.0
PT0002000068856952LS,10,2,historico,dia_util,0.0,0.0,0.3,0.0,0.0,normal,abaixo,baixa,2,fallback (60d recentes),3.0
PT0002000068856952LS,11,2,historico,dia_util,0.0,0.0,0.3,0.0,0.0,normal,abaixo,baixa,2,fallback (60d recentes),3.0
PT0002000068856952LS,12,2,historico,dia_util,0.0,0.0,0.3,0.0,0.0,normal,abaixo,baixa,2,fallback (60d recentes),3.0
PT0002000068856952LS,13,2,historico,dia_util,0.0,0.5,0.71,-0.71,-0.71,normal,abaixo,baixa,2,fallback (60d recentes),3.0
PT0002000068856952LS,14,2,historico,dia_util,0.0,0.0,0.3,0.0,0.0,normal,abaixo,baixa,2,fallback (60d recentes),3.0
PT0002000068856952LS,15,2,historico,dia_util,0.0,0.5,0.71,-0.71,-0.71,normal,abaixo,baixa,2,fallback (60d recentes),3.0
PT0002000068856952LS,16,2,historico,dia_util,0.0,0.0,0.3,0.0,0.0,normal,abaixo,baixa,2,fallback (60d recentes),3.0
PT0002000068856952LS,17,2,historico,dia_util,0.0,0.0,0.3,0.0,0.0,normal,abaixo,baixa,2,fallback (60d recentes),3.0
PT0002000068856952LS,18,2,historico,dia_util,1.0,0.0,0.3,3.33,3.33,desvio,acima,baixa,2,fallback (60d recentes),3.0
PT0002000068856952LS,19,2,historico,dia_util,0.0,0.0,0.3,0.0,0.0,normal,abaixo,baixa,2,fallback (60d recentes),3.0
PT0002000068856952LS,20,2,historico,dia_util,0.0,0.0,0.3,0.0,0.0,normal,abaixo,baixa,2,fallback (60d recentes),3.0
PT0002000068856952LS,21,2,historico,dia_util,0.0,0.0,0.3,0.0,0.0,normal,abaixo,baixa,3,fallback (60d recentes),3.0
PT0002000068856952LS,22,2,historico,dia_util,0.0,0.33,0.58,-0.58,-0.58,normal,abaixo,baixa,3,fallback (60d recentes),3.0
PT0002000068856952LS,23,2,historico,dia_util,0.0,0.0,0.3,0.0,0.0,normal,abaixo,baixa,3,fallback (60d recentes),3.0
PT0002000068856974CZ,0,0,atribuido,dia_util,10.0,11.0,1.41,-0.71,-0.71,normal,abaixo,baixa,2,fallback (60d recentes),3.0
PT0002000068856974CZ,1,0,atribuido,dia_util,9.0,9.5,2.12,-0.24,-0.24,normal,abaixo,baixa,2,fallback (60d recentes),3.0
PT0002000068856974CZ,2,0,atribuido,dia_util,10.0,11.0,1.41,-0.71,-0.71,normal,abaixo,baixa,2,fallback (60d recentes),3.0
PT0002000068856974CZ,3,0,atribuido,dia_util,11.0,10.0,1.0,1.0,1.0,normal,acima,baixa,2,fallback (60d recentes),3.0
PT0002000068856974CZ,4,0,atribuido,dia_util,9.0,11.0,1.1,-1.82,-1.82,normal,abaixo,baixa,2,fallback (60d recentes),3.0
PT0002000068856974CZ,5,0,atribuido,dia_util,9.0,10.0,1.0,-1.0,-1.0,normal,abaixo,baixa,2,fallback (60d recentes),3.0
PT0002000068856974CZ,6,0,atribuido,dia_util,10.0,10.5,1.05,-0.48,-0.48,normal,abaixo,baixa,2,fallback (60d recentes),3.0
PT0002000068856974CZ,7,0,atribuido,dia_util,14.0,18.0,1.8,-2.22,-2.22,normal,abaixo,baixa,2,fallback (60d recentes),3.0
PT0002000068856974CZ,8,0,atribuido,dia_util,44.0,28.0,2.8,5.71,5.71,desvio,acima,baixa,2,fallback (60d recentes),3.0
PT0002000068856974CZ,9,0,atribuido,dia_util,63.0,23.5,4.95,7.98,7.98,desvio,acima,baixa,2,fallback (60d recentes),3.0
PT0002000068856974CZ,10,0,atribuido,dia_util,60.0,22.5,3.54,10.0,10.61,desvio,acima,baixa,2,fallback (60d recentes),3.0
PT0002000068856974CZ,11,0,atribuido,dia_util,63.0,24.0,4.24,9.19,9.19,desvio,acima,baixa,2,fallback (60d recentes),3.0
PT0002000068856974CZ,12,0,atribuido,dia_util,68.0,23.0,5.66,7.95,7.95,desvio,acima,baixa,2,fallback (60d recentes),3.0
PT0002000068856974CZ,13,0,atribuido,dia_util,65.0,22.5,4.95,8.59,8.59,desvio,acima,baixa,2,fallback (60d recentes),3.0
PT0002000068856974CZ,14,0,atribuido,dia_util,66.0,12.0,1.41,10.0,38.18,desvio,acima,baixa,2,fallback (60d recentes),3.0
PT0002000068856974CZ,15,0,atribuido,dia_util,60.0,10.0,1.41,10.0,35.36,desvio,acima,baixa,2,fallback (60d recentes),3.0
PT0002000068856974CZ,16,0,atribuido,dia_util,40.0,11.0,1.1,10.0,26.36,desvio,acima,baixa,2,fallback (60d recentes),3.0
PT0002000068856974CZ,17,0,atribuido,dia_util,31.0,11.5,1.15,10.0,16.96,desvio,acima,baixa,2,fallback (60d recentes),3.0
PT0002000068856974CZ,18,0,atribuido,dia_util,29.0,10.0,1.0,10.0,19.0,desvio,acima,baixa,2,fallback (60d recentes),3.0
PT0002000068856974CZ,19,0,atribuido,dia_util,28.0,10.0,1.41,10.0,12.73,desvio,acima,baixa,2,fallback (60d recentes),3.0
PT0002000068856974CZ,20,0,atribuido,dia_util,16.0,12.0,1.41,2.83,2.83,normal,acima,baixa,2,fallback (60d recentes),3.0
PT0002000068856974CZ,21,0,atribuido,dia_util,11.0,9.0,1.0,2.0,2.0,normal,acima,baixa,3,fallback (60d recentes),3.0
PT0002000068856974CZ,22,0,atribuido,dia_util,10.0,10.33,1.03,-0.32,-0.32,normal,abaixo,baixa,3,fallback (60d recentes),3.0
PT0002000068856974CZ,23,0,atribuido,dia_util,11.0,10.0,1.0,1.0,1.0,normal,acima,baixa,3,fallback (60d recentes),3.0
PT0002000068857099AR,0,1,historico,dia_util,5.0,5.5,0.71,-0.71,-0.71,normal,abaixo,baixa,2,fallback (60d recentes),3.0
PT0002000068857099AR,1,1,historico,dia_util,4.0,5.5,0.71,-2.12,-2.12,normal,abaixo,baixa,2,fallback (60d recentes),3.0
PT0002000068857099AR,2,1,historico,dia_util,5.0,5.0,0.5,0.0,0.0,normal,abaixo,baixa,2,fallback (60d recentes),3.0
PT0002000068857099AR,3,1,historico,dia_util,4.0,4.5,0.71,-0.71,-0.71,normal,abaixo,baixa,2,fallback (60d recentes),3.0
PT0002000068857099AR,4,1,historico,dia_util,5.0,5.0,0.5,0.0,0.0,normal,abaixo,baixa,2,fallback (60d recentes),3.0
PT0002000068857099AR,5,1,historico,dia_util,4.0,4.0,0.4,0.0,0.0,normal,abaixo,baixa,2,fallback (60d recentes),3.0
PT0002000068857099AR,6,1,historico,dia_util,4.0,4.0,0.4,0.0,0.0,normal,abaixo,baixa,2,fallback (60d recentes),3.0
PT0002000068857099AR,7,1,historico,dia_util,4.0,4.5,0.71,-0.71,-0.71,normal,abaixo,baixa,2,fallback (60d recentes),3.0
PT0002000068857099AR,8,1,historico,dia_util,4.0,8.0,5.66,-0.71,-0.71,normal,abaixo,baixa,2,fallback (60d recentes),3.0
PT0002000068857099AR,9,1,historico,dia_util,5.0,5.5,0.71,-0.71,-0.71,normal,abaixo,baixa,2,fallback (60d recentes),3.0
PT0002000068857099AR,10,1,historico,dia_util,4.0,6.5,3.54,-0.71,-0.71,normal,abaixo,baixa,2,fallback (60d recentes),3.0
PT0002000068857099AR,11,1,historico,dia_util,3.0,9.0,4.24,-1.41,-1.41,normal,abaixo,baixa,2,fallback (60d recentes),3.0
PT0002000068857099AR,12,1,historico,dia_util,5.0,6.5,3.54,-0.42,-0.42,normal,abaixo,baixa,2,fallback (60d recentes),3.0
PT0002000068857099AR,13,1,historico,dia_util,4.0,6.5,2.12,-1.18,-1.18,normal,abaixo,baixa,2,fallback (60d recentes),3.0
PT0002000068857099AR,14,1,historico,dia_util,5.0,6.5,2.12,-0.71,-0.71,normal,abaixo,baixa,2,fallback (60d recentes),3.0
PT0002000068857099AR,15,1,historico,dia_util,5.0,7.0,2.83,-0.71,-0.71,normal,abaixo,baixa,2,fallback (60d recentes),3.0
PT0002000068857099AR,16,1,historico,dia_util,4.0,6.5,2.12,-1.18,-1.18,normal,abaixo,baixa,2,fallback (60d recentes),3.0
PT0002000068857099AR,17,1,historico,dia_util,5.0,11.5,9.19,-0.71,-0.71,normal,abaixo,baixa,2,fallback (60d recentes),3.0
PT0002000068857099AR,18,1,historico,dia_util,12.0,6.0,1.41,4.24,4.24,desvio,acima,baixa,2,fallback (60d recentes),3.0
PT0002000068857099AR,19,1,historico,dia_util,12.0,5.5,0.71,9.19,9.19,desvio,acima,baixa,2,fallback (60d recentes),3.0
PT0002000068857099AR,20,1,historico,dia_util,34.0,5.5,0.71,10.0,40.31,desvio,acima,baixa,2,fallback (60d recentes),3.0
PT0002000068857099AR,21,1,historico,dia_util,43.0,9.0,6.93,4.91,4.91,desvio,acima,baixa,3,fallback (60d recentes),3.0
PT0002000068857099AR,22,1,historico,dia_util,32.0,5.33,0.58,10.0,46.19,desvio,acima,baixa,3,fallback (60d recentes),3.0
PT0002000068857099AR,23,1,historico,dia_util,4.0,4.67,0.58,-1.15,-1.15,normal,abaixo,baixa,3,fallback (60d recentes),3.0
PT0002000068857897ZV,0,0,historico,dia_util,27.0,25.5,2.55,0.59,0.59,normal,acima,baixa,2,fallback (60d recentes),3.0
PT0002000068857897ZV,1,0,historico,dia_util,26.0,27.5,2.75,-0.55,-0.55,normal,abaixo,baixa,2,fallback (60d recentes),3.0
PT0002000068857897ZV,2,0,historico,dia_util,25.0,25.5,2.55,-0.2,-0.2,normal,abaixo,baixa,2,fallback (60d recentes),3.0
PT0002000068857897ZV,3,0,historico,dia_util,25.0,25.5,2.55,-0.2,-0.2,normal,abaixo,baixa,2,fallback (60d recentes),3.0
PT0002000068857897ZV,4,0,historico,dia_util,25.0,24.5,2.45,0.2,0.2,normal,acima,baixa,2,fallback (60d recentes),3.0
PT0002000068857897ZV,5,0,historico,dia_util,25.0,25.0,2.5,0.0,0.0,normal,abaixo,baixa,2,fallback (60d recentes),3.0
PT0002000068857897ZV,6,0,historico,dia_util,26.0,25.5,2.55,0.2,0.2,normal,acima,baixa,2,fallback (60d recentes),3.0
PT0002000068857897ZV,7,0,historico,dia_util,27.0,25.5,2.55,0.59,0.59,normal,acima,baixa,2,fallback (60d recentes),3.0
PT0002000068857897ZV,8,0,historico,dia_util,29.0,25.0,2.5,1.6,1.6,normal,acima,baixa,2,fallback (60d recentes),3.0
PT0002000068857897ZV,9,0,historico,dia_util,56.0,26.5,2.65,10.0,11.13,desvio,acima,baixa,2,fallback (60d recentes),3.0
PT0002000068857897ZV,10,0,historico,dia_util,67.0,26.0,2.6,10.0,15.77,desvio,acima,baixa,2,fallback (60d recentes),3.0
PT0002000068857897ZV,11,0,historico,dia_util,64.0,25.5,2.55,10.0,15.1,desvio,acima,baixa,2,fallback (60d recentes),3.0
PT0002000068857897ZV,12,0,historico,dia_util,57.0,24.0,2.4,10.0,13.75,desvio,acima,baixa,2,fallback (60d recentes),3.0
PT0002000068857897ZV,13,0,historico,dia_util,53.0,25.5,2.55,10.0,10.78,desvio,acima,baixa,2,fallback (60d recentes),3.0
PT0002000068857897ZV,14,0,historico,dia_util,52.0,26.0,2.6,10.0,10.0,desvio,acima,baixa,2,fallback (60d recentes),3.0
PT0002000068857897ZV,15,0,historico,dia_util,55.0,25.5,2.55,10.0,11.57,desvio,acima,baixa,2,fallback (60d recentes),3.0
PT0002000068857897ZV,16,0,historico,dia_util,37.0,25.0,2.5,4.8,4.8,desvio,acima,baixa,2,fallback (60d recentes),3.0
PT0002000068857897ZV,17,0,historico,dia_util,31.0,27.0,2.7,1.48,1.48,normal,acima,baixa,2,fallback (60d recentes),3.0
PT0002000068857897ZV,18,0,historico,dia_util,28.0,26.0,2.6,0.77,0.77,normal,acima,baixa,2,fallback (60d recentes),3.0
PT0002000068857897ZV,19,0,historico,dia_util,26.0,26.0,2.6,0.0,0.0,normal,abaixo,baixa,2,fallback (60d recentes),3.0
PT0002000068857897ZV,20,0,historico,dia_util,27.0,24.0,2.4,1.25,1.25,normal,acima,baixa,2,fallback (60d recentes),3.0
PT0002000068857897ZV,21,0,historico,dia_util,27.0,23.67,4.04,0.82,0.82,normal,acima,baixa,3,fallback (60d recentes),3.0
PT0002000068857897ZV,22,0,historico,dia_util,25.0,25.33,2.53,-0.13,-0.13,normal,abaixo,baixa,3,fallback (60d recentes),3.0
PT0002000068857897ZV,23,0,historico,dia_util,25.0,25.33,2.53,-0.13,-0.13,normal,abaixo,baixa,3,fallback (60d recentes),3.0
PT0002000068857909SY,0,1,historico,dia_util,1.0,1.5,0.71,-0.71,-0.71,normal,abaixo,baixa,2,fallback (60d recentes),3.0
PT0002000068857909SY,1,1,historico,dia_util,1.0,1.0,0.3,0.0,0.0,normal,abaixo,baixa,2,fallback (60d recentes),3.0
PT0002000068857909SY,2,1,historico,dia_util,1.0,1.5,0.71,-0.71,-0.71,normal,abaixo,baixa,2,fallback (60d recentes),3.0
PT0002000068857909SY,3,1,historico,dia_util,1.0,1.0,0.3,0.0,0.0,normal,abaixo,baixa,2,fallback (60d recentes),3.0
PT0002000068857909SY,4,1,historico,dia_util,2.0,1.5,0.71,0.71,0.71,normal,acima,baixa,2,fallback (60d recentes),3.0
PT0002000068857909SY,5,1,historico,dia_util,1.0,1.0,0.3,0.0,0.0,normal,abaixo,baixa,2,fallback (60d recentes),3.0
PT0002000068857909SY,6,1,historico,dia_util,1.0,1.5,0.71,-0.71,-0.71,normal,abaixo,baixa,2,fallback (60d recentes),3.0
PT0002000068857909SY,7,1,historico,dia_util,1.0,1.0,0.3,0.0,0.0,normal,abaixo,baixa,2,fallback (60d recentes),3.0
PT0002000068857909SY,8,1,historico,dia_util,1.0,1.0,0.3,0.0,0.0,normal,abaixo,baixa,2,fallback (60d recentes),3.0
PT0002000068857909SY,9,1,historico,dia_util,2.0,1.5,0.71,0.71,0.71,normal,acima,baixa,2,fallback (60d recentes),3.0
PT0002000068857909SY,10,1,historico,dia_util,1.0,1.0,0.3,0.0,0.0,normal,abaixo,baixa,2,fallback (60d recentes),3.0
PT0002000068857909SY,11,1,historico,dia_util,1.0,1.5,0.71,-0.71,-0.71,normal,abaixo,baixa,2,fallback (60d recentes),3.0
PT0002000068857909SY,12,1,historico,dia_util,1.0,1.0,0.3,0.0,0.0,normal,abaixo,baixa,2,fallback (60d recentes),3.0
PT0002000068857909SY,13,1,historico,dia_util,1.0,1.0,0.3,0.0,0.0,normal,abaixo,baixa,2,fallback (60d recentes),3.0
PT0002000068857909SY,14,1,historico,dia_util,2.0,1.5,0.71,0.71,0.71,normal,acima,baixa,2,fallback (60d recentes),3.0
PT0002000068857909SY,15,1,historico,dia_util,1.0,1.5,0.71,-0.71,-0.71,normal,abaixo,baixa,2,fallback (60d recentes),3.0
PT0002000068857909SY,16,1,historico,dia_util,1.0,1.0,0.3,0.0,0.0,normal,abaixo,baixa,2,fallback (60d recentes),3.0
PT0002000068857909SY,17,1,historico,dia_util,2.0,2.0,0.3,0.0,0.0,normal,abaixo,baixa,2,fallback (60d recentes),3.0
PT0002000068857909SY,18,1,historico,dia_util,1.0,1.0,0.3,0.0,0.0,normal,abaixo,baixa,2,fallback (60d recentes),3.0
PT0002000068857909SY,19,1,historico,dia_util,1.0,1.5,0.71,-0.71,-0.71,normal,abaixo,baixa,2,fallback (60d recentes),3.0
PT0002000068857909SY,20,1,historico,dia_util,2.0,1.5,0.71,0.71,0.71,normal,acima,baixa,2,fallback (60d recentes),3.0
PT0002000068857909SY,21,1,historico,dia_util,1.0,1.0,0.3,0.0,0.0,normal,abaixo,baixa,3,fallback (60d recentes),3.0
PT0002000068857909SY,22,1,historico,dia_util,2.0,1.33,0.58,1.15,1.15,normal,acima,baixa,3,fallback (60d recentes),3.0
PT0002000068857909SY,23,1,historico,dia_util,1.0,1.33,0.58,-0.58,-0.58,normal,abaixo,baixa,3,fallback (60d recentes),3.0
PT0002000068858231YY,0,0,atribuido,dia_util,23.0,23.0,2.3,0.0,0.0,normal,abaixo,baixa,2,fallback (60d recentes),3.0
PT0002000068858231YY,1,0,atribuido,dia_util,24.0,24.0,2.4,0.0,0.0,normal,abaixo,baixa,2,fallback (60d recentes),3.0
PT0002000068858231YY,2,0,atribuido,dia_util,25.0,23.5,2.35,0.64,0.64,normal,acima,baixa,2,fallback (60d recentes),3.0
PT0002000068858231YY,3,0,atribuido,dia_util,23.0,23.0,2.3,0.0,0.0,normal,abaixo,baixa,2,fallback (60d recentes),3.0
PT0002000068858231YY,4,0,atribuido,dia_util,24.0,24.5,2.45,-0.2,-0.2,normal,abaixo,baixa,2,fallback (60d recentes),3.0
PT0002000068858231YY,5,0,atribuido,dia_util,23.0,23.5,2.35,-0.21,-0.21,normal,abaixo,baixa,2,fallback (60d recentes),3.0
PT0002000068858231YY,6,0,atribuido,dia_util,22.0,22.0,2.2,0.0,0.0,normal,abaixo,baixa,2,fallback (60d recentes),3.0
PT0002000068858231YY,7,0,atribuido,dia_util,15.0,16.0,1.6,-0.62,-0.62,normal,abaixo,baixa,2,fallback (60d recentes),3.0
PT0002000068858231YY,8,0,atribuido,dia_util,16.0,15.0,1.5,0.67,0.67,normal,acima,baixa,2,fallback (60d recentes),3.0
PT0002000068858231YY,9,0,atribuido,dia_util,26.0,15.0,1.5,7.33,7.33,desvio,acima,baixa,2,fallback (60d recentes),3.0
PT0002000068858231YY,10,0,atribuido,dia_util,29.0,16.0,1.6,8.12,8.12,desvio,acima,baixa,2,fallback (60d recentes),3.0
PT0002000068858231YY,11,0,atribuido,dia_util,31.0,16.0,1.6,9.38,9.38,desvio,acima,baixa,2,fallback (60d recentes),3.0
PT0002000068858231YY,12,0,atribuido,dia_util,29.0,15.0,1.5,9.33,9.33,desvio,acima,baixa,2,fallback (60d recentes),3.0
PT0002000068858231YY,13,0,atribuido,dia_util,25.0,16.0,1.6,5.62,5.62,desvio,acima,baixa,2,fallback (60d recentes),3.0
PT0002000068858231YY,14,0,atribuido,dia_util,29.0,16.5,2.12,5.89,5.89,desvio,acima,baixa,2,fallback (60d recentes),3.0
PT0002000068858231YY,15,0,atribuido,dia_util,29.0,16.0,1.6,8.12,8.12,desvio,acima,baixa,2,fallback (60d recentes),3.0
PT0002000068858231YY,16,0,atribuido,dia_util,26.0,16.5,2.12,4.48,4.48,desvio,acima,baixa,2,fallback (60d recentes),3.0
PT0002000068858231YY,17,0,atribuido,dia_util,17.0,15.0,1.5,1.33,1.33,normal,acima,baixa,2,fallback (60d recentes),3.0
PT0002000068858231YY,18,0,atribuido,dia_util,16.0,15.5,1.55,0.32,0.32,normal,acima,baixa,2,fallback (60d recentes),3.0
PT0002000068858231YY,19,0,atribuido,dia_util,15.0,16.0,1.6,-0.62,-0.62,normal,abaixo,baixa,2,fallback (60d recentes),3.0
PT0002000068858231YY,20,0,atribuido,dia_util,16.0,15.5,1.55,0.32,0.32,normal,acima,baixa,2,fallback (60d recentes),3.0
PT0002000068858231YY,21,0,atribuido,dia_util,17.0,16.0,2.65,0.38,0.38,normal,acima,baixa,3,fallback (60d recentes),3.0
PT0002000068858231YY,22,0,atribuido,dia_util,18.0,17.33,1.73,0.38,0.38,normal,acima,baixa,3,fallback (60d recentes),3.0
PT0002000068858231YY,23,0,atribuido,dia_util,21.0,20.67,2.07,0.16,0.16,normal,acima,baixa,3,fallback (60d recentes),3.0
PT0002000068858674WN,0,1,atribuido,dia_util,8.0,8.0,0.8,0.0,0.0,normal,abaixo,baixa,2,fallback (60d recentes),3.0
PT0002000068858674WN,1,1,atribuido,dia_util,4.0,4.0,0.4,0.0,0.0,normal,abaixo,baixa,2,fallback (60d recentes),3.0
PT0002000068858674WN,2,1,atribuido,dia_util,8.0,8.0,0.8,0.0,0.0,normal,abaixo,baixa,2,fallback (60d recentes),3.0
PT0002000068858674WN,3,1,atribuido,dia_util,4.0,4.0,0.4,0.0,0.0,normal,abaixo,baixa,2,fallback (60d recentes),3.0
PT0002000068858674WN,4,1,atribuido,dia_util,8.0,8.0,0.8,0.0,0.0,normal,abaixo,baixa,2,fallback (60d recentes),3.0
PT0002000068858674WN,5,1,atribuido,dia_util,4.0,4.0,0.4,0.0,0.0,normal,abaixo,baixa,2,fallback (60d recentes),3.0
PT0002000068858674WN,6,1,atribuido,dia_util,8.0,8.0,0.8,0.0,0.0,normal,abaixo,baixa,2,fallback (60d recentes),3.0
PT0002000068858674WN,7,1,atribuido,dia_util,4.0,4.0,0.4,0.0,0.0,normal,abaixo,baixa,2,fallback (60d recentes),3.0
PT0002000068858674WN,8,1,atribuido,dia_util,8.0,8.0,0.8,0.0,0.0,normal,abaixo,baixa,2,fallback (60d recentes),3.0
PT0002000068858674WN,9,1,atribuido,dia_util,4.0,4.0,0.4,0.0,0.0,normal,abaixo,baixa,2,fallback (60d recentes),3.0
PT0002000068858674WN,10,1,atribuido,dia_util,8.0,8.0,0.8,0.0,0.0,normal,abaixo,baixa,2,fallback (60d recentes),3.0
PT0002000068858674WN,11,1,atribuido,dia_util,8.0,6.0,2.83,0.71,0.71,normal,acima,baixa,2,fallback (60d recentes),3.0
PT0002000068858674WN,12,1,atribuido,dia_util,8.0,6.0,2.83,0.71,0.71,normal,acima,baixa,2,fallback (60d recentes),3.0
PT0002000068858674WN,13,1,atribuido,dia_util,8.0,4.0,0.4,10.0,10.0,desvio,acima,baixa,2,fallback (60d recentes),3.0
PT0002000068858674WN,14,1,atribuido,dia_util,4.0,8.0,0.8,-5.0,-5.0,desvio,abaixo,baixa,2,fallback (60d recentes),3.0
PT0002000068858674WN,15,1,atribuido,dia_util,12.0,4.0,0.4,10.0,20.0,desvio,acima,baixa,2,fallback (60d recentes),3.0
PT0002000068858674WN,16,1,atribuido,dia_util,8.0,8.0,0.8,0.0,0.0,normal,abaixo,baixa,2,fallback (60d recentes),3.0
PT0002000068858674WN,17,1,atribuido,dia_util,12.0,8.0,0.8,5.0,5.0,desvio,acima,baixa,2,fallback (60d recentes),3.0
PT0002000068858674WN,18,1,atribuido,dia_util,4.0,4.0,0.4,0.0,0.0,normal,abaixo,baixa,2,fallback (60d recentes),3.0
PT0002000068858674WN,19,1,atribuido,dia_util,8.0,8.0,0.8,0.0,0.0,normal,abaixo,baixa,2,fallback (60d recentes),3.0
PT0002000068858674WN,20,1,atribuido,dia_util,8.0,4.0,0.4,10.0,10.0,desvio,acima,baixa,2,fallback (60d recentes),3.0
PT0002000068858674WN,21,1,atribuido,dia_util,4.0,6.67,2.31,-1.15,-1.15,normal,abaixo,baixa,3,fallback (60d recentes),3.0
PT0002000068858674WN,22,1,atribuido,dia_util,8.0,6.67,2.31,0.58,0.58,normal,acima,baixa,3,fallback (60d recentes),3.0
PT0002000068858674WN,23,1,atribuido,dia_util,8.0,5.33,2.31,1.15,1.15,normal,acima,baixa,3,fallback (60d recentes),3.0
PT0002000068859187RL,0,0,historico,dia_util,9.0,10.5,1.05,-1.43,-1.43,normal,abaixo,baixa,2,fallback (60d recentes),3.0
PT0002000068859187RL,1,0,historico,dia_util,10.0,9.5,0.95,0.53,0.53,normal,acima,baixa,2,fallback (60d recentes),3.0
PT0002000068859187RL,2,0,historico,dia_util,10.0,11.0,1.1,-0.91,-0.91,normal,abaixo,baixa,2,fallback (60d recentes),3.0
PT0002000068859187RL,3,0,historico,dia_util,10.0,10.0,1.0,0.0,0.0,normal,abaixo,baixa,2,fallback (60d recentes),3.0
PT0002000068859187RL,4,0,historico,dia_util,9.0,10.0,1.0,-1.0,-1.0,normal,abaixo,baixa,2,fallback (60d recentes),3.0
PT0002000068859187RL,5,0,historico,dia_util,10.0,9.0,0.9,1.11,1.11,normal,acima,baixa,2,fallback (60d recentes),3.0
PT0002000068859187RL,6,0,historico,dia_util,9.0,10.0,1.0,-1.0,-1.0,normal,abaixo,baixa,2,fallback (60d recentes),3.0
PT0002000068859187RL,7,0,historico,dia_util,11.0,10.0,1.0,1.0,1.0,normal,acima,baixa,2,fallback (60d recentes),3.0
PT0002000068859187RL,8,0,historico,dia_util,37.0,10.0,1.0,10.0,27.0,desvio,acima,baixa,2,fallback (60d recentes),3.0
PT0002000068859187RL,9,0,historico,dia_util,45.0,10.0,1.0,10.0,35.0,desvio,acima,baixa,2,fallback (60d recentes),3.0
PT0002000068859187RL,10,0,historico,dia_util,36.0,10.0,1.0,10.0,26.0,desvio,acima,baixa,2,fallback (60d recentes),3.0
PT0002000068859187RL,11,0,historico,dia_util,32.0,10.0,1.0,10.0,22.0,desvio,acima,baixa,2,fallback (60d recentes),3.0
PT0002000068859187RL,12,0,historico,dia_util,32.0,10.0,1.0,10.0,22.0,desvio,acima,baixa,2,fallback (60d recentes),3.0
PT0002000068859187RL,13,0,historico,dia_util,34.0,10.5,1.05,10.0,22.38,desvio,acima,baixa,2,fallback (60d recentes),3.0
PT0002000068859187RL,14,0,historico,dia_util,25.0,11.5,1.15,10.0,11.74,desvio,acima,baixa,2,fallback (60d recentes),3.0
PT0002000068859187RL,15,0,historico,dia_util,17.0,11.0,1.41,4.24,4.24,desvio,acima,baixa,2,fallback (60d recentes),3.0
PT0002000068859187RL,16,0,historico,dia_util,11.0,11.0,1.1,0.0,0.0,normal,abaixo,baixa,2,fallback (60d recentes),3.0
PT0002000068859187RL,17,0,historico,dia_util,12.0,10.0,1.0,2.0,2.0,normal,acima,baixa,2,fallback (60d recentes),3.0
PT0002000068859187RL,18,0,historico,dia_util,10.0,10.0,1.0,0.0,0.0,normal,abaixo,baixa,2,fallback (60d recentes),3.0
PT0002000068859187RL,19,0,historico,dia_util,11.0,10.0,1.0,1.0,1.0,normal,acima,baixa,2,fallback (60d recentes),3.0
PT0002000068859187RL,20,0,historico,dia_util,10.0,10.5,1.05,-0.48,-0.48,normal,abaixo,baixa,2,fallback (60d recentes),3.0
PT0002000068859187RL,21,0,historico,dia_util,10.0,9.67,1.53,0.22,0.22,normal,acima,baixa,3,fallback (60d recentes),3.0
PT0002000068859187RL,22,0,historico,dia_util,10.0,10.33,1.03,-0.32,-0.32,normal,abaixo,baixa,3,fallback (60d recentes),3.0
PT0002000068859187RL,23,0,historico,dia_util,11.0,9.33,0.93,1.79,1.79,normal,acima,baixa,3,fallback (60d recentes),3.0
PT0002000068859325FL,0,1,historico,dia_util,44.0,46.0,4.6,-0.43,-0.43,normal,abaixo,baixa,2,fallback (60d recentes),3.0
PT0002000068859325FL,1,1,historico,dia_util,44.0,40.0,4.0,1.0,1.0,normal,acima,baixa,2,fallback (60d recentes),3.0
PT0002000068859325FL,2,1,historico,dia_util,44.0,42.0,4.2,0.48,0.48,normal,acima,baixa,2,fallback (60d recentes),3.0
PT0002000068859325FL,3,1,historico,dia_util,40.0,40.0,4.0,0.0,0.0,normal,abaixo,baixa,2,fallback (60d recentes),3.0
PT0002000068859325FL,4,1,historico,dia_util,44.0,42.0,4.2,0.48,0.48,normal,acima,baixa,2,fallback (60d recentes),3.0
PT0002000068859325FL,5,1,historico,dia_util,40.0,40.0,4.0,0.0,0.0,normal,abaixo,baixa,2,fallback (60d recentes),3.0
PT0002000068859325FL,6,1,historico,dia_util,32.0,32.0,3.2,0.0,0.0,normal,abaixo,baixa,2,fallback (60d recentes),3.0
PT0002000068859325FL,7,1,historico,dia_util,92.0,96.0,9.6,-0.42,-0.42,normal,abaixo,baixa,2,fallback (60d recentes),3.0
PT0002000068859325FL,8,1,historico,dia_util,68.0,102.0,48.08,-0.71,-0.71,normal,abaixo,baixa,2,fallback (60d recentes),3.0
PT0002000068859325FL,9,1,historico,dia_util,192.0,94.0,14.14,6.93,6.93,desvio,acima,baixa,2,fallback (60d recentes),3.0
PT0002000068859325FL,10,1,historico,dia_util,124.0,112.0,16.97,0.71,0.71,normal,acima,baixa,2,fallback (60d recentes),3.0
PT0002000068859325FL,11,1,historico,dia_util,132.0,100.0,16.97,1.89,1.89,normal,acima,baixa,2,fallback (60d recentes),3.0
PT0002000068859325FL,12,1,historico,dia_util,112.0,84.0,11.31,2.47,2.47,normal,acima,baixa,2,fallback (60d recentes),3.0
PT0002000068859325FL,13,1,historico,dia_util,112.0,114.0,25.46,-0.08,-0.08,normal,abaixo,baixa,2,fallback (60d recentes),3.0
PT0002000068859325FL,14,1,historico,dia_util,100.0,88.0,8.8,1.36,1.36,normal,acima,baixa,2,fallback (60d recentes),3.0
PT0002000068859325FL,15,1,historico,dia_util,92.0,74.0,14.14,1.27,1.27,normal,acima,baixa,2,fallback (60d recentes),3.0
PT0002000068859325FL,16,1,historico,dia_util,140.0,122.0,12.2,1.48,1.48,normal,acima,baixa,2,fallback (60d recentes),3.0
PT0002000068859325FL,17,1,historico,dia_util,96.0,70.0,7.0,3.71,3.71,desvio,acima,baixa,2,fallback (60d recentes),3.0
PT0002000068859325FL,18,1,historico,dia_util,80.0,68.0,6.8,1.76,1.76,normal,acima,baixa,2,fallback (60d recentes),3.0
PT0002000068859325FL,19,1,historico,dia_util,76.0,64.0,6.4,1.88,1.88,normal,acima,baixa,2,fallback (60d recentes),3.0
PT0002000068859325FL,20,1,historico,dia_util,120.0,64.0,6.4,8.75,8.75,desvio,acima,baixa,2,fallback (60d recentes),3.0
PT0002000068859325FL,21,1,historico,dia_util,132.0,65.33,11.55,5.77,5.77,desvio,acima,baixa,3,fallback (60d recentes),3.0
PT0002000068859325FL,22,1,historico,dia_util,68.0,50.67,5.07,3.42,3.42,desvio,acima,baixa,3,fallback (60d recentes),3.0
PT0002000068859325FL,23,1,historico,dia_util,44.0,45.33,4.53,-0.29,-0.29,normal,abaixo,baixa,3,fallback (60d recentes),3.0
PT0002000068859382XF,0,0,historico,dia_util,41.0,39.5,3.95,0.38,0.38,normal,acima,baixa,2,fallback (60d recentes),3.0
PT0002000068859382XF,1,0,historico,dia_util,41.0,40.0,4.0,0.25,0.25,normal,acima,baixa,2,fallback (60d recentes),3.0
PT0002000068859382XF,2,0,historico,dia_util,41.0,39.5,3.95,0.38,0.38,normal,acima,baixa,2,fallback (60d recentes),3.0
PT0002000068859382XF,3,0,historico,dia_util,41.0,40.0,4.0,0.25,0.25,normal,acima,baixa,2,fallback (60d recentes),3.0
PT0002000068859382XF,4,0,historico,dia_util,40.0,39.5,3.95,0.13,0.13,normal,acima,baixa,2,fallback (60d recentes),3.0
PT0002000068859382XF,5,0,historico,dia_util,39.0,39.5,3.95,-0.13,-0.13,normal,abaixo,baixa,2,fallback (60d recentes),3.0
PT0002000068859382XF,6,0,historico,dia_util,41.0,39.5,3.95,0.38,0.38,normal,acima,baixa,2,fallback (60d recentes),3.0
PT0002000068859382XF,7,0,historico,dia_util,41.0,39.5,3.95,0.38,0.38,normal,acima,baixa,2,fallback (60d recentes),3.0
PT0002000068859382XF,8,0,historico,dia_util,41.0,40.0,4.0,0.25,0.25,normal,acima,baixa,2,fallback (60d recentes),3.0
PT0002000068859382XF,9,0,historico,dia_util,41.0,38.5,3.85,0.65,0.65,normal,acima,baixa,2,fallback (60d recentes),3.0
PT0002000068859382XF,10,0,historico,dia_util,40.0,39.5,3.95,0.13,0.13,normal,acima,baixa,2,fallback (60d recentes),3.0
PT0002000068859382XF,11,0,historico,dia_util,41.0,40.5,4.05,0.12,0.12,normal,acima,baixa,2,fallback (60d recentes),3.0
PT0002000068859382XF,12,0,historico,dia_util,42.0,40.0,4.24,0.47,0.47,normal,acima,baixa,2,fallback (60d recentes),3.0
PT0002000068859382XF,13,0,historico,dia_util,41.0,40.5,4.05,0.12,0.12,normal,acima,baixa,2,fallback (60d recentes),3.0
PT0002000068859382XF,14,0,historico,dia_util,41.0,40.5,4.05,0.12,0.12,normal,acima,baixa,2,fallback (60d recentes),3.0
PT0002000068859382XF,15,0,historico,dia_util,42.0,41.5,4.15,0.12,0.12,normal,acima,baixa,2,fallback (60d recentes),3.0
PT0002000068859382XF,16,0,historico,dia_util,43.0,42.0,4.2,0.24,0.24,normal,acima,baixa,2,fallback (60d recentes),3.0
PT0002000068859382XF,17,0,historico,dia_util,44.0,42.5,4.25,0.35,0.35,normal,acima,baixa,2,fallback (60d recentes),3.0
PT0002000068859382XF,18,0,historico,dia_util,43.0,43.0,4.3,0.0,0.0,normal,abaixo,baixa,2,fallback (60d recentes),3.0
PT0002000068859382XF,19,0,historico,dia_util,41.0,41.5,4.15,-0.12,-0.12,normal,abaixo,baixa,2,fallback (60d recentes),3.0
PT0002000068859382XF,20,0,historico,dia_util,42.0,41.0,4.1,0.24,0.24,normal,acima,baixa,2,fallback (60d recentes),3.0
PT0002000068859382XF,21,0,historico,dia_util,41.0,37.67,8.39,0.4,0.4,normal,acima,baixa,3,fallback (60d recentes),3.0
PT0002000068859382XF,22,0,historico,dia_util,41.0,40.33,4.03,0.17,0.17,normal,acima,baixa,3,fallback (60d recentes),3.0
PT0002000068859382XF,23,0,historico,dia_util,41.0,40.33,4.03,0.17,0.17,normal,acima,baixa,3,fallback (60d recentes),3.0
PT0002000068859393XH,0,1,historico,dia_util,21.0,22.0,2.2,-0.45,-0.45,normal,abaixo,baixa,2,fallback (60d recentes),3.0
PT0002000068859393XH,1,1,historico,dia_util,23.0,22.5,2.25,0.22,0.22,normal,acima,baixa,2,fallback (60d recentes),3.0
PT0002000068859393XH,2,1,historico,dia_util,21.0,22.0,2.2,-0.45,-0.45,normal,abaixo,baixa,2,fallback (60d recentes),3.0
PT0002000068859393XH,3,1,historico,dia_util,21.0,21.5,2.15,-0.23,-0.23,normal,abaixo,baixa,2,fallback (60d recentes),3.0
PT0002000068859393XH,4,1,historico,dia_util,22.0,22.0,2.2,0.0,0.0,normal,abaixo,baixa,2,fallback (60d recentes),3.0
PT0002000068859393XH,5,1,historico,dia_util,21.0,21.0,2.1,0.0,0.0,normal,abaixo,baixa,2,fallback (60d recentes),3.0
PT0002000068859393XH,6,1,historico,dia_util,17.0,16.0,2.83,0.35,0.35,normal,acima,baixa,2,fallback (60d recentes),3.0
PT0002000068859393XH,7,1,historico,dia_util,59.0,32.5,23.33,1.14,1.14,normal,acima,baixa,2,fallback (60d recentes),3.0
PT0002000068859393XH,8,1,historico,dia_util,112.0,44.5,20.51,3.29,3.29,desvio,acima,baixa,2,fallback (60d recentes),3.0
PT0002000068859393XH,9,1,historico,dia_util,120.0,45.0,11.31,6.63,6.63,desvio,acima,baixa,2,fallback (60d recentes),3.0
PT0002000068859393XH,10,1,historico,dia_util,120.0,50.0,14.14,4.95,4.95,desvio,acima,baixa,2,fallback (60d recentes),3.0
PT0002000068859393XH,11,1,historico,dia_util,125.0,43.5,6.36,10.0,12.81,desvio,acima,baixa,2,fallback (60d recentes),3.0
PT0002000068859393XH,12,1,historico,dia_util,130.0,41.5,4.15,10.0,21.33,desvio,acima,baixa,2,fallback (60d recentes),3.0
PT0002000068859393XH,13,1,historico,dia_util,128.0,40.5,4.05,10.0,21.6,desvio,acima,baixa,2,fallback (60d recentes),3.0
PT0002000068859393XH,14,1,historico,dia_util,129.0,41.5,4.15,10.0,21.08,desvio,acima,baixa,2,fallback (60d recentes),3.0
PT0002000068859393XH,15,1,historico,dia_util,125.0,41.0,4.1,10.0,20.49,desvio,acima,baixa,2,fallback (60d recentes),3.0
PT0002000068859393XH,16,1,historico,dia_util,126.0,42.0,4.2,10.0,20.0,desvio,acima,baixa,2,fallback (60d recentes),3.0
PT0002000068859393XH,17,1,historico,dia_util,126.0,40.5,4.05,10.0,21.11,desvio,acima,baixa,2,fallback (60d recentes),3.0
PT0002000068859393XH,18,1,historico,dia_util,130.0,41.0,4.1,10.0,21.71,desvio,acima,baixa,2,fallback (60d recentes),3.0
PT0002000068859393XH,19,1,historico,dia_util,110.0,42.0,4.2,10.0,16.19,desvio,acima,baixa,2,fallback (60d recentes),3.0
PT0002000068859393XH,20,1,historico,dia_util,76.0,46.5,4.65,6.34,6.34,desvio,acima,baixa,2,fallback (60d recentes),3.0
PT0002000068859393XH,21,1,historico,dia_util,41.0,38.33,5.51,0.48,0.48,normal,acima,baixa,3,fallback (60d recentes),3.0
PT0002000068859393XH,22,1,historico,dia_util,40.0,40.67,4.07,-0.16,-0.16,normal,abaixo,baixa,3,fallback (60d recentes),3.0
PT0002000068859393XH,23,1,historico,dia_util,24.0,26.0,2.6,-0.77,-0.77,normal,abaixo,baixa,3,fallback (60d recentes),3.0
PT0002000068859597LS,0,0,historico,dia_util,42.0,23.0,2.3,8.26,8.26,desvio,acima,baixa,2,fallback (60d recentes),3.0
PT0002000068859597LS,1,0,historico,dia_util,22.0,22.0,2.2,0.0,0.0,normal,abaixo,baixa,2,fallback (60d recentes),3.0
PT0002000068859597LS,2,0,historico,dia_util,22.0,23.5,2.35,-0.64,-0.64,normal,abaixo,baixa,2,fallback (60d recentes),3.0
PT0002000068859597LS,3,0,historico,dia_util,21.0,21.5,2.15,-0.23,-0.23,normal,abaixo,baixa,2,fallback (60d recentes),3.0
PT0002000068859597LS,4,0,historico,dia_util,21.0,22.5,2.25,-0.67,-0.67,normal,abaixo,baixa,2,fallback (60d recentes),3.0
PT0002000068859597LS,5,0,historico,dia_util,21.0,22.0,2.2,-0.45,-0.45,normal,abaixo,baixa,2,fallback (60d recentes),3.0
PT0002000068859597LS,6,0,historico,dia_util,25.0,26.0,2.6,-0.38,-0.38,normal,abaixo,baixa,2,fallback (60d recentes),3.0
PT0002000068859597LS,7,0,historico,dia_util,23.0,24.5,2.45,-0.61,-0.61,normal,abaixo,baixa,2,fallback (60d recentes),3.0
PT0002000068859597LS,8,0,historico,dia_util,38.0,25.5,2.55,4.9,4.9,desvio,acima,baixa,2,fallback (60d recentes),3.0
PT0002000068859597LS,9,0,historico,dia_util,39.0,27.0,2.7,4.44,4.44,desvio,acima,baixa,2,fallback (60d recentes),3.0
PT0002000068859597LS,10,0,historico,dia_util,42.0,27.0,2.7,5.56,5.56,desvio,acima,baixa,2,fallback (60d recentes),3.0
PT0002000068859597LS,11,0,historico,dia_util,45.0,30.5,6.36,2.28,2.28,normal,acima,baixa,2,fallback (60d recentes),3.0
PT0002000068859597LS,12,0,historico,dia_util,40.0,29.0,4.24,2.59,2.59,normal,acima,baixa,2,fallback (60d recentes),3.0
PT0002000068859597LS,13,0,historico,dia_util,41.0,29.0,4.24,2.83,2.83,normal,acima,baixa,2,fallback (60d recentes),3.0
PT0002000068859597LS,14,0,historico,dia_util,43.0,27.0,5.66,2.83,2.83,normal,acima,baixa,2,fallback (60d recentes),3.0
PT0002000068859597LS,15,0,historico,dia_util,45.0,27.5,6.36,2.75,2.75,normal,acima,baixa,2,fallback (60d recentes),3.0
PT0002000068859597LS,16,0,historico,dia_util,36.0,24.5,2.45,4.69,4.69,desvio,acima,baixa,2,fallback (60d recentes),3.0
PT0002000068859597LS,17,0,historico,dia_util,28.0,24.5,2.45,1.43,1.43,normal,acima,baixa,2,fallback (60d recentes),3.0
PT0002000068859597LS,18,0,historico,dia_util,27.0,35.0,15.56,-0.51,-0.51,normal,abaixo,baixa,2,fallback (60d recentes),3.0
PT0002000068859597LS,19,0,historico,dia_util,26.0,45.5,33.23,-0.59,-0.59,normal,abaixo,baixa,2,fallback (60d recentes),3.0
PT0002000068859597LS,20,0,historico,dia_util,63.0,46.0,33.94,0.5,0.5,normal,acima,baixa,2,fallback (60d recentes),3.0
PT0002000068859597LS,21,0,historico,dia_util,70.0,56.33,11.68,1.17,1.17,normal,acima,baixa,3,fallback (60d recentes),3.0
PT0002000068859597LS,22,0,historico,dia_util,69.0,69.67,6.97,-0.1,-0.1,normal,abaixo,baixa,3,fallback (60d recentes),3.0
PT0002000068859597LS,23,0,historico,dia_util,71.0,67.0,7.94,0.5,0.5,normal,acima,baixa,3,fallback (60d recentes),3.0
PT0002000071896778MT,0,0,historico,dia_util,2.0,2.0,0.3,0.0,0.0,normal,abaixo,baixa,2,fallback (60d recentes),3.0
PT0002000071896778MT,1,0,historico,dia_util,3.0,3.0,0.3,0.0,0.0,normal,abaixo,baixa,2,fallback (60d recentes),3.0
PT0002000071896778MT,2,0,historico,dia_util,2.0,2.0,0.3,0.0,0.0,normal,abaixo,baixa,2,fallback (60d recentes),3.0
PT0002000071896778MT,3,0,historico,dia_util,3.0,2.0,0.3,3.33,3.33,desvio,acima,baixa,2,fallback (60d recentes),3.0
PT0002000071896778MT,4,0,historico,dia_util,2.0,3.0,0.3,-3.33,-3.33,desvio,abaixo,baixa,2,fallback (60d recentes),3.0
PT0002000071896778MT,5,0,historico,dia_util,2.0,2.0,0.3,0.0,0.0,normal,abaixo,baixa,2,fallback (60d recentes),3.0
PT0002000071896778MT,6,0,historico,dia_util,3.0,2.0,0.3,3.33,3.33,desvio,acima,baixa,2,fallback (60d recentes),3.0
PT0002000071896778MT,7,0,historico,dia_util,2.0,3.0,0.3,-3.33,-3.33,desvio,abaixo,baixa,2,fallback (60d recentes),3.0
PT0002000071896778MT,8,0,historico,dia_util,2.0,2.0,0.3,0.0,0.0,normal,abaixo,baixa,2,fallback (60d recentes),3.0
PT0002000071896778MT,9,0,historico,dia_util,3.0,2.0,0.3,3.33,3.33,desvio,acima,baixa,2,fallback (60d recentes),3.0
PT0002000071896778MT,10,0,historico,dia_util,2.0,3.0,0.3,-3.33,-3.33,desvio,abaixo,baixa,2,fallback (60d recentes),3.0
PT0002000071896778MT,11,0,historico,dia_util,2.0,2.0,0.3,0.0,0.0,normal,abaixo,baixa,2,fallback (60d recentes),3.0
PT0002000071896778MT,12,0,historico,dia_util,3.0,2.0,0.3,3.33,3.33,desvio,acima,baixa,2,fallback (60d recentes),3.0
PT0002000071896778MT,13,0,historico,dia_util,2.0,3.0,0.3,-3.33,-3.33,desvio,abaixo,baixa,2,fallback (60d recentes),3.0
PT0002000071896778MT,14,0,historico,dia_util,2.0,2.0,0.3,0.0,0.0,normal,abaixo,baixa,2,fallback (60d recentes),3.0
PT0002000071896778MT,15,0,historico,dia_util,3.0,2.0,0.3,3.33,3.33,desvio,acima,baixa,2,fallback (60d recentes),3.0
PT0002000071896778MT,16,0,historico,dia_util,2.0,3.0,0.3,-3.33,-3.33,desvio,abaixo,baixa,2,fallback (60d recentes),3.0
PT0002000071896778MT,17,0,historico,dia_util,2.0,2.0,0.3,0.0,0.0,normal,abaixo,baixa,2,fallback (60d recentes),3.0
PT0002000071896778MT,18,0,historico,dia_util,3.0,2.0,0.3,3.33,3.33,desvio,acima,baixa,2,fallback (60d recentes),3.0
PT0002000071896778MT,19,0,historico,dia_util,2.0,3.0,0.3,-3.33,-3.33,desvio,abaixo,baixa,2,fallback (60d recentes),3.0
PT0002000071896778MT,20,0,historico,dia_util,2.0,2.0,0.3,0.0,0.0,normal,abaixo,baixa,2,fallback (60d recentes),3.0
PT0002000071896778MT,21,0,historico,dia_util,3.0,1.67,0.58,2.31,2.31,normal,acima,baixa,3,fallback (60d recentes),3.0
PT0002000071896778MT,22,0,historico,dia_util,2.0,3.0,0.3,-3.33,-3.33,desvio,abaixo,baixa,3,fallback (60d recentes),3.0
PT0002000071896778MT,23,0,historico,dia_util,2.0,2.0,0.3,0.0,0.0,normal,abaixo,baixa,3,fallback (60d recentes),3.0
PT0002000073231742VK,0,0,historico,dia_util,11.0,10.5,1.05,0.48,0.48,normal,acima,baixa,2,fallback (60d recentes),3.0
PT0002000073231742VK,1,0,historico,dia_util,12.0,10.5,1.05,1.43,1.43,normal,acima,baixa,2,fallback (60d recentes),3.0
PT0002000073231742VK,2,0,historico,dia_util,11.0,11.0,1.41,0.0,0.0,normal,abaixo,baixa,2,fallback (60d recentes),3.0
PT0002000073231742VK,3,0,historico,dia_util,11.0,10.5,1.05,0.48,0.48,normal,acima,baixa,2,fallback (60d recentes),3.0
PT0002000073231742VK,4,0,historico,dia_util,11.0,10.5,1.05,0.48,0.48,normal,acima,baixa,2,fallback (60d recentes),3.0
PT0002000073231742VK,5,0,historico,dia_util,12.0,10.0,1.41,1.41,1.41,normal,acima,baixa,2,fallback (60d recentes),3.0
PT0002000073231742VK,6,0,historico,dia_util,10.0,11.0,1.1,-0.91,-0.91,normal,abaixo,baixa,2,fallback (60d recentes),3.0
PT0002000073231742VK,7,0,historico,dia_util,10.0,9.5,0.95,0.53,0.53,normal,acima,baixa,2,fallback (60d recentes),3.0
PT0002000073231742VK,8,0,historico,dia_util,10.0,10.0,1.0,0.0,0.0,normal,abaixo,baixa,2,fallback (60d recentes),3.0
PT0002000073231742VK,9,0,historico,dia_util,10.0,10.0,1.0,0.0,0.0,normal,abaixo,baixa,2,fallback (60d recentes),3.0
PT0002000073231742VK,10,0,historico,dia_util,10.0,10.0,1.0,0.0,0.0,normal,abaixo,baixa,2,fallback (60d recentes),3.0
PT0002000073231742VK,11,0,historico,dia_util,10.0,10.0,1.0,0.0,0.0,normal,abaixo,baixa,2,fallback (60d recentes),3.0
PT0002000073231742VK,12,0,historico,dia_util,10.0,10.0,1.0,0.0,0.0,normal,abaixo,baixa,2,fallback (60d recentes),3.0
PT0002000073231742VK,13,0,historico,dia_util,10.0,10.0,1.0,0.0,0.0,normal,abaixo,baixa,2,fallback (60d recentes),3.0
PT0002000073231742VK,14,0,historico,dia_util,10.0,10.0,1.0,0.0,0.0,normal,abaixo,baixa,2,fallback (60d recentes),3.0
PT0002000073231742VK,15,0,historico,dia_util,10.0,10.0,1.0,0.0,0.0,normal,abaixo,baixa,2,fallback (60d recentes),3.0
PT0002000073231742VK,16,0,historico,dia_util,11.0,10.0,1.0,1.0,1.0,normal,acima,baixa,2,fallback (60d recentes),3.0
PT0002000073231742VK,17,0,historico,dia_util,11.0,11.0,1.1,0.0,0.0,normal,abaixo,baixa,2,fallback (60d recentes),3.0
PT0002000073231742VK,18,0,historico,dia_util,11.0,10.0,1.0,1.0,1.0,normal,acima,baixa,2,fallback (60d recentes),3.0
PT0002000073231742VK,19,0,historico,dia_util,11.0,10.5,1.05,0.48,0.48,normal,acima,baixa,2,fallback (60d recentes),3.0
PT0002000073231742VK,20,0,historico,dia_util,10.0,10.5,1.05,-0.48,-0.48,normal,abaixo,baixa,2,fallback (60d recentes),3.0
PT0002000073231742VK,21,0,historico,dia_util,11.0,10.0,1.73,0.58,0.58,normal,acima,baixa,3,fallback (60d recentes),3.0
PT0002000073231742VK,22,0,historico,dia_util,11.0,11.67,1.17,-0.57,-0.57,normal,abaixo,baixa,3,fallback (60d recentes),3.0
PT0002000073231742VK,23,0,historico,dia_util,10.0,10.67,1.07,-0.62,-0.62,normal,abaixo,baixa,3,fallback (60d recentes),3.0
PT0002000073481266XH,0,0,historico,dia_util,6.0,6.5,0.71,-0.71,-0.71,normal,abaixo,baixa,2,fallback (60d recentes),3.0
PT0002000073481266XH,1,0,historico,dia_util,7.0,6.5,0.71,0.71,0.71,normal,acima,baixa,2,fallback (60d recentes),3.0
PT0002000073481266XH,2,0,historico,dia_util,7.0,7.0,0.7,0.0,0.0,normal,abaixo,baixa,2,fallback (60d recentes),3.0
PT0002000073481266XH,3,0,historico,dia_util,6.0,6.5,0.71,-0.71,-0.71,normal,abaixo,baixa,2,fallback (60d recentes),3.0
PT0002000073481266XH,4,0,historico,dia_util,7.0,6.5,0.71,0.71,0.71,normal,acima,baixa,2,fallback (60d recentes),3.0
PT0002000073481266XH,5,0,historico,dia_util,7.0,7.0,1.41,0.0,0.0,normal,abaixo,baixa,2,fallback (60d recentes),3.0
PT0002000073481266XH,6,0,historico,dia_util,6.0,5.5,0.71,0.71,0.71,normal,acima,baixa,2,fallback (60d recentes),3.0
PT0002000073481266XH,7,0,historico,dia_util,12.0,5.0,0.5,10.0,14.0,desvio,acima,baixa,2,fallback (60d recentes),3.0
PT0002000073481266XH,8,0,historico,dia_util,39.0,5.5,0.71,10.0,47.38,desvio,acima,baixa,2,fallback (60d recentes),3.0
PT0002000073481266XH,9,0,historico,dia_util,30.0,5.5,0.71,10.0,34.65,desvio,acima,baixa,2,fallback (60d recentes),3.0
PT0002000073481266XH,10,0,historico,dia_util,41.0,5.0,0.5,10.0,72.0,desvio,acima,baixa,2,fallback (60d recentes),3.0
PT0002000073481266XH,11,0,historico,dia_util,46.0,5.0,0.5,10.0,82.0,desvio,acima,baixa,2,fallback (60d recentes),3.0
PT0002000073481266XH,12,0,historico,dia_util,32.0,5.5,0.71,10.0,37.48,desvio,acima,baixa,2,fallback (60d recentes),3.0
PT0002000073481266XH,13,0,historico,dia_util,36.0,6.0,0.6,10.0,50.0,desvio,acima,baixa,2,fallback (60d recentes),3.0
PT0002000073481266XH,14,0,historico,dia_util,35.0,5.5,0.71,10.0,41.72,desvio,acima,baixa,2,fallback (60d recentes),3.0
PT0002000073481266XH,15,0,historico,dia_util,28.0,5.5,0.71,10.0,31.82,desvio,acima,baixa,2,fallback (60d recentes),3.0
PT0002000073481266XH,16,0,historico,dia_util,39.0,5.0,0.5,10.0,68.0,desvio,acima,baixa,2,fallback (60d recentes),3.0
PT0002000073481266XH,17,0,historico,dia_util,23.0,6.5,0.71,10.0,23.33,desvio,acima,baixa,2,fallback (60d recentes),3.0
PT0002000073481266XH,18,0,historico,dia_util,25.0,6.0,0.6,10.0,31.67,desvio,acima,baixa,2,fallback (60d recentes),3.0
PT0002000073481266XH,19,0,historico,dia_util,11.0,8.0,1.41,2.12,2.12,normal,acima,baixa,2,fallback (60d recentes),3.0
PT0002000073481266XH,20,0,historico,dia_util,9.0,7.5,0.75,2.0,2.0,normal,acima,baixa,2,fallback (60d recentes),3.0
PT0002000073481266XH,21,0,historico,dia_util,9.0,7.0,1.0,2.0,2.0,normal,acima,baixa,3,fallback (60d recentes),3.0
PT0002000073481266XH,22,0,historico,dia_util,9.0,7.33,1.15,1.44,1.44,normal,acima,baixa,3,fallback (60d recentes),3.0
PT0002000073481266XH,23,0,historico,dia_util,9.0,7.33,0.73,2.27,2.27,normal,acima,baixa,3,fallback (60d recentes),3.0
PT0002000073717386HC,0,1,atribuido,dia_util,0.0,0.0,0.3,0.0,0.0,normal,abaixo,baixa,2,fallback (60d recentes),3.0
PT0002000073717386HC,1,1,atribuido,dia_util,0.0,0.0,0.3,0.0,0.0,normal,abaixo,baixa,2,fallback (60d recentes),3.0
PT0002000073717386HC,2,1,atribuido,dia_util,0.0,0.0,0.3,0.0,0.0,normal,abaixo,baixa,2,fallback (60d recentes),3.0
PT0002000073717386HC,3,1,atribuido,dia_util,0.0,0.0,0.3,0.0,0.0,normal,abaixo,baixa,2,fallback (60d recentes),3.0
PT0002000073717386HC,4,1,atribuido,dia_util,0.0,0.5,0.71,-0.71,-0.71,normal,abaixo,baixa,2,fallback (60d recentes),3.0
PT0002000073717386HC,5,1,atribuido,dia_util,0.0,0.0,0.3,0.0,0.0,normal,abaixo,baixa,2,fallback (60d recentes),3.0
PT0002000073717386HC,6,1,atribuido,dia_util,0.0,0.0,0.3,0.0,0.0,normal,abaixo,baixa,2,fallback (60d recentes),3.0
PT0002000073717386HC,7,1,atribuido,dia_util,0.0,1.0,0.3,-3.33,-3.33,desvio,abaixo,baixa,2,fallback (60d recentes),3.0
PT0002000073717386HC,8,1,atribuido,dia_util,4.0,5.5,0.71,-2.12,-2.12,normal,abaixo,baixa,2,fallback (60d recentes),3.0
PT0002000073717386HC,9,1,atribuido,dia_util,63.0,58.0,5.8,0.86,0.86,normal,acima,baixa,2,fallback (60d recentes),3.0
PT0002000073717386HC,10,1,atribuido,dia_util,58.0,55.5,5.55,0.45,0.45,normal,acima,baixa,2,fallback (60d recentes),3.0
PT0002000073717386HC,11,1,atribuido,dia_util,56.0,52.5,5.25,0.67,0.67,normal,acima,baixa,2,fallback (60d recentes),3.0
PT0002000073717386HC,12,1,atribuido,dia_util,22.0,16.5,2.12,2.59,2.59,normal,acima,baixa,2,fallback (60d recentes),3.0
PT0002000073717386HC,13,1,atribuido,dia_util,15.0,15.0,1.5,0.0,0.0,normal,abaixo,baixa,2,fallback (60d recentes),3.0
PT0002000073717386HC,14,1,atribuido,dia_util,1.0,0.5,0.71,0.71,0.71,normal,acima,baixa,2,fallback (60d recentes),3.0
PT0002000073717386HC,15,1,atribuido,dia_util,2.0,2.5,0.71,-0.71,-0.71,normal,abaixo,baixa,2,fallback (60d recentes),3.0
PT0002000073717386HC,16,1,atribuido,dia_util,35.0,24.0,2.83,3.89,3.89,desvio,acima,baixa,2,fallback (60d recentes),3.0
PT0002000073717386HC,17,1,atribuido,dia_util,42.0,29.5,2.95,4.24,4.24,desvio,acima,baixa,2,fallback (60d recentes),3.0
PT0002000073717386HC,18,1,atribuido,dia_util,46.0,32.5,3.25,4.15,4.15,desvio,acima,baixa,2,fallback (60d recentes),3.0
PT0002000073717386HC,19,1,atribuido,dia_util,53.0,42.0,4.2,2.62,2.62,normal,acima,baixa,2,fallback (60d recentes),3.0
PT0002000073717386HC,20,1,atribuido,dia_util,60.0,49.0,4.9,2.24,2.24,normal,acima,baixa,2,fallback (60d recentes),3.0
PT0002000073717386HC,21,1,atribuido,dia_util,7.0,5.33,1.15,1.44,1.44,normal,acima,baixa,3,fallback (60d recentes),3.0
PT0002000073717386HC,22,1,atribuido,dia_util,6.0,4.67,1.15,1.15,1.15,normal,acima,baixa,3,fallback (60d recentes),3.0
PT0002000073717386HC,23,1,atribuido,dia_util,1.0,0.0,0.3,3.33,3.33,desvio,acima,baixa,3,fallback (60d recentes),3.0
PT0002000073720434JD,0,1,atribuido,dia_util,24.0,35.0,5.66,-1.94,-1.94,normal,abaixo,baixa,2,fallback (60d recentes),3.0
PT0002000073720434JD,1,1,atribuido,dia_util,24.0,40.0,11.31,-1.41,-1.41,normal,abaixo,baixa,2,fallback (60d recentes),3.0
PT0002000073720434JD,2,1,atribuido,dia_util,22.0,30.5,3.05,-2.79,-2.79,normal,abaixo,baixa,2,fallback (60d recentes),3.0
PT0002000073720434JD,3,1,atribuido,dia_util,23.0,27.0,7.07,-0.57,-0.57,normal,abaixo,baixa,2,fallback (60d recentes),3.0
PT0002000073720434JD,4,1,atribuido,dia_util,23.0,27.5,4.95,-0.91,-0.91,normal,abaixo,baixa,2,fallback (60d recentes),3.0
PT0002000073720434JD,5,1,atribuido,dia_util,22.0,26.0,5.66,-0.71,-0.71,normal,abaixo,baixa,2,fallback (60d recentes),3.0
PT0002000073720434JD,6,1,atribuido,dia_util,21.0,27.0,7.07,-0.85,-0.85,normal,abaixo,baixa,2,fallback (60d recentes),3.0
PT0002000073720434JD,7,1,atribuido,dia_util,19.0,22.5,7.78,-0.45,-0.45,normal,abaixo,baixa,2,fallback (60d recentes),3.0
PT0002000073720434JD,8,1,atribuido,dia_util,18.0,23.0,5.66,-0.88,-0.88,normal,abaixo,baixa,2,fallback (60d recentes),3.0
PT0002000073720434JD,9,1,atribuido,dia_util,21.0,23.5,3.54,-0.71,-0.71,normal,abaixo,baixa,2,fallback (60d recentes),3.0
PT0002000073720434JD,10,1,atribuido,dia_util,26.0,22.5,2.25,1.56,1.56,normal,acima,baixa,2,fallback (60d recentes),3.0
PT0002000073720434JD,11,1,atribuido,dia_util,25.0,23.0,4.24,0.47,0.47,normal,acima,baixa,2,fallback (60d recentes),3.0
PT0002000073720434JD,12,1,atribuido,dia_util,25.0,21.5,2.15,1.63,1.63,normal,acima,baixa,2,fallback (60d recentes),3.0
PT0002000073720434JD,13,1,atribuido,dia_util,21.0,23.0,4.24,-0.47,-0.47,normal,abaixo,baixa,2,fallback (60d recentes),3.0
PT0002000073720434JD,14,1,atribuido,dia_util,23.0,23.0,4.24,0.0,0.0,normal,abaixo,baixa,2,fallback (60d recentes),3.0
PT0002000073720434JD,15,1,atribuido,dia_util,25.0,25.0,2.83,0.0,0.0,normal,abaixo,baixa,2,fallback (60d recentes),3.0
PT0002000073720434JD,16,1,atribuido,dia_util,28.0,22.5,2.25,2.44,2.44,normal,acima,baixa,2,fallback (60d recentes),3.0
PT0002000073720434JD,17,1,atribuido,dia_util,27.0,23.0,4.24,0.94,0.94,normal,acima,baixa,2,fallback (60d recentes),3.0
PT0002000073720434JD,18,1,atribuido,dia_util,27.0,22.5,4.95,0.91,0.91,normal,acima,baixa,2,fallback (60d recentes),3.0
PT0002000073720434JD,19,1,atribuido,dia_util,25.0,26.0,5.66,-0.18,-0.18,normal,abaixo,baixa,2,fallback (60d recentes),3.0
PT0002000073720434JD,20,1,atribuido,dia_util,43.0,26.5,4.95,3.33,3.33,desvio,acima,baixa,2,fallback (60d recentes),3.0
PT0002000073720434JD,21,1,atribuido,dia_util,27.0,104.67,129.39,-0.6,-0.6,normal,abaixo,baixa,3,fallback (60d recentes),3.0
PT0002000073720434JD,22,1,atribuido,dia_util,25.0,131.0,179.32,-0.59,-0.59,normal,abaixo,baixa,3,fallback (60d recentes),3.0
PT0002000073720434JD,23,1,atribuido,dia_util,31.0,37.0,15.39,-0.39,-0.39,normal,abaixo,baixa,3,fallback (60d recentes),3.0
PT0002000075637532JB,0,0,historico,dia_util,4.0,5.0,0.5,-2.0,-2.0,normal,abaixo,baixa,2,fallback (60d recentes),3.0
PT0002000075637532JB,1,0,historico,dia_util,4.0,5.0,0.5,-2.0,-2.0,normal,abaixo,baixa,2,fallback (60d recentes),3.0
PT0002000075637532JB,2,0,historico,dia_util,6.0,4.0,0.4,5.0,5.0,desvio,acima,baixa,2,fallback (60d recentes),3.0
PT0002000075637532JB,3,0,historico,dia_util,4.0,4.5,0.71,-0.71,-0.71,normal,abaixo,baixa,2,fallback (60d recentes),3.0
PT0002000075637532JB,4,0,historico,dia_util,5.0,4.5,0.71,0.71,0.71,normal,acima,baixa,2,fallback (60d recentes),3.0
PT0002000075637532JB,5,0,historico,dia_util,4.0,5.0,0.5,-2.0,-2.0,normal,abaixo,baixa,2,fallback (60d recentes),3.0
PT0002000075637532JB,6,0,historico,dia_util,4.0,4.5,0.71,-0.71,-0.71,normal,abaixo,baixa,2,fallback (60d recentes),3.0
PT0002000075637532JB,7,0,historico,dia_util,5.0,4.5,0.71,0.71,0.71,normal,acima,baixa,2,fallback (60d recentes),3.0
PT0002000075637532JB,8,0,historico,dia_util,5.0,4.5,0.71,0.71,0.71,normal,acima,baixa,2,fallback (60d recentes),3.0
PT0002000075637532JB,9,0,historico,dia_util,4.0,4.0,0.4,0.0,0.0,normal,abaixo,baixa,2,fallback (60d recentes),3.0
PT0002000075637532JB,10,0,historico,dia_util,5.0,5.5,0.71,-0.71,-0.71,normal,abaixo,baixa,2,fallback (60d recentes),3.0
PT0002000075637532JB,11,0,historico,dia_util,4.0,4.5,0.71,-0.71,-0.71,normal,abaixo,baixa,2,fallback (60d recentes),3.0
PT0002000075637532JB,12,0,historico,dia_util,5.0,4.5,0.71,0.71,0.71,normal,acima,baixa,2,fallback (60d recentes),3.0
PT0002000075637532JB,13,0,historico,dia_util,5.0,4.5,0.71,0.71,0.71,normal,acima,baixa,2,fallback (60d recentes),3.0
PT0002000075637532JB,14,0,historico,dia_util,5.0,4.5,0.71,0.71,0.71,normal,acima,baixa,2,fallback (60d recentes),3.0
PT0002000075637532JB,15,0,historico,dia_util,4.0,5.0,0.5,-2.0,-2.0,normal,abaixo,baixa,2,fallback (60d recentes),3.0
PT0002000075637532JB,16,0,historico,dia_util,4.0,4.5,0.71,-0.71,-0.71,normal,abaixo,baixa,2,fallback (60d recentes),3.0
PT0002000075637532JB,17,0,historico,dia_util,5.0,4.5,0.71,0.71,0.71,normal,acima,baixa,2,fallback (60d recentes),3.0
PT0002000075637532JB,18,0,historico,dia_util,5.0,4.5,0.71,0.71,0.71,normal,acima,baixa,2,fallback (60d recentes),3.0
PT0002000075637532JB,19,0,historico,dia_util,4.0,4.5,0.71,-0.71,-0.71,normal,abaixo,baixa,2,fallback (60d recentes),3.0
PT0002000075637532JB,20,0,historico,dia_util,5.0,5.0,0.5,0.0,0.0,normal,abaixo,baixa,2,fallback (60d recentes),3.0
PT0002000075637532JB,21,0,historico,dia_util,4.0,4.33,0.58,-0.58,-0.58,normal,abaixo,baixa,3,fallback (60d recentes),3.0
PT0002000075637532JB,22,0,historico,dia_util,5.0,4.33,0.58,1.15,1.15,normal,acima,baixa,3,fallback (60d recentes),3.0
PT0002000075637532JB,23,0,historico,dia_util,5.0,4.33,0.58,1.15,1.15,normal,acima,baixa,3,fallback (60d recentes),3.0
PT0002000077394934QY,0,0,historico,dia_util,63.0,64.5,6.45,-0.23,-0.23,normal,abaixo,baixa,2,fallback (60d recentes),3.0
PT0002000077394934QY,1,0,historico,dia_util,64.0,67.5,6.75,-0.52,-0.52,normal,abaixo,baixa,2,fallback (60d recentes),3.0
PT0002000077394934QY,2,0,historico,dia_util,63.0,67.5,6.75,-0.67,-0.67,normal,abaixo,baixa,2,fallback (60d recentes),3.0
PT0002000077394934QY,3,0,historico,dia_util,66.0,65.5,6.55,0.08,0.08,normal,acima,baixa,2,fallback (60d recentes),3.0
PT0002000077394934QY,4,0,historico,dia_util,67.0,67.5,6.75,-0.07,-0.07,normal,abaixo,baixa,2,fallback (60d recentes),3.0
PT0002000077394934QY,5,0,historico,dia_util,62.0,65.0,6.5,-0.46,-0.46,normal,abaixo,baixa,2,fallback (60d recentes),3.0
PT0002000077394934QY,6,0,historico,dia_util,56.0,57.5,5.75,-0.26,-0.26,normal,abaixo,baixa,2,fallback (60d recentes),3.0
PT0002000077394934QY,7,0,historico,dia_util,68.0,61.5,6.15,1.06,1.06,normal,acima,baixa,2,fallback (60d recentes),3.0
PT0002000077394934QY,8,0,historico,dia_util,75.0,61.0,6.1,2.3,2.3,normal,acima,baixa,2,fallback (60d recentes),3.0
PT0002000077394934QY,9,0,historico,dia_util,92.0,71.5,7.15,2.87,2.87,normal,acima,baixa,2,fallback (60d recentes),3.0
PT0002000077394934QY,10,0,historico,dia_util,99.0,83.0,8.3,1.93,1.93,normal,acima,baixa,2,fallback (60d recentes),3.0
PT0002000077394934QY,11,0,historico,dia_util,111.0,86.0,8.6,2.91,2.91,normal,acima,baixa,2,fallback (60d recentes),3.0
PT0002000077394934QY,12,0,historico,dia_util,106.0,89.5,12.02,1.37,1.37,normal,acima,baixa,2,fallback (60d recentes),3.0
PT0002000077394934QY,13,0,historico,dia_util,108.0,93.5,9.35,1.55,1.55,normal,acima,baixa,2,fallback (60d recentes),3.0
PT0002000077394934QY,14,0,historico,dia_util,114.0,86.0,8.6,3.26,3.26,desvio,acima,baixa,2,fallback (60d recentes),3.0
PT0002000077394934QY,15,0,historico,dia_util,114.0,83.5,8.35,3.65,3.65,desvio,acima,baixa,2,fallback (60d recentes),3.0
PT0002000077394934QY,16,0,historico,dia_util,116.0,78.0,7.8,4.87,4.87,desvio,acima,baixa,2,fallback (60d recentes),3.0
PT0002000077394934QY,17,0,historico,dia_util,106.0,75.5,7.55,4.04,4.04,desvio,acima,baixa,2,fallback (60d recentes),3.0
PT0002000077394934QY,18,0,historico,dia_util,84.0,64.0,7.07,2.83,2.83,normal,acima,baixa,2,fallback (60d recentes),3.0
PT0002000077394934QY,19,0,historico,dia_util,75.0,55.5,5.55,3.51,3.51,desvio,acima,baixa,2,fallback (60d recentes),3.0
PT0002000077394934QY,20,0,historico,dia_util,72.0,55.5,5.55,2.97,2.97,normal,acima,baixa,2,fallback (60d recentes),3.0
PT0002000077394934QY,21,0,historico,dia_util,71.0,63.33,6.33,1.21,1.21,normal,acima,baixa,3,fallback (60d recentes),3.0
PT0002000077394934QY,22,0,historico,dia_util,66.0,67.67,6.77,-0.25,-0.25,normal,abaixo,baixa,3,fallback (60d recentes),3.0
PT0002000077394934QY,23,0,historico,dia_util,68.0,65.33,6.53,0.41,0.41,normal,acima,baixa,3,fallback (60d recentes),3.0
PT0002000077647404EM,0,1,historico,dia_util,5.0,4.0,0.4,2.5,2.5,normal,acima,baixa,2,fallback (60d recentes),3.0
PT0002000077647404EM,1,1,historico,dia_util,5.0,5.0,0.5,0.0,0.0,normal,abaixo,baixa,2,fallback (60d recentes),3.0
PT0002000077647404EM,2,1,historico,dia_util,5.0,5.0,0.5,0.0,0.0,normal,abaixo,baixa,2,fallback (60d recentes),3.0
PT0002000077647404EM,3,1,historico,dia_util,4.0,5.0,0.5,-2.0,-2.0,normal,abaixo,baixa,2,fallback (60d recentes),3.0
PT0002000077647404EM,4,1,historico,dia_util,5.0,4.5,0.71,0.71,0.71,normal,acima,baixa,2,fallback (60d recentes),3.0
PT0002000077647404EM,5,1,historico,dia_util,5.0,4.5,0.71,0.71,0.71,normal,acima,baixa,2,fallback (60d recentes),3.0
PT0002000077647404EM,6,1,historico,dia_util,5.0,5.0,0.5,0.0,0.0,normal,abaixo,baixa,2,fallback (60d recentes),3.0
PT0002000077647404EM,7,1,historico,dia_util,4.0,4.5,0.71,-0.71,-0.71,normal,abaixo,baixa,2,fallback (60d recentes),3.0
PT0002000077647404EM,8,1,historico,dia_util,3.0,2.5,0.71,0.71,0.71,normal,acima,baixa,2,fallback (60d recentes),3.0
PT0002000077647404EM,9,1,historico,dia_util,0.0,0.5,0.71,-0.71,-0.71,normal,abaixo,baixa,2,fallback (60d recentes),3.0
PT0002000077647404EM,10,1,historico,dia_util,1.0,1.0,0.3,0.0,0.0,normal,abaixo,baixa,2,fallback (60d recentes),3.0
PT0002000077647404EM,11,1,historico,dia_util,1.0,0.5,0.71,0.71,0.71,normal,acima,baixa,2,fallback (60d recentes),3.0
PT0002000077647404EM,12,1,historico,dia_util,1.0,1.0,0.3,0.0,0.0,normal,abaixo,baixa,2,fallback (60d recentes),3.0
PT0002000077647404EM,13,1,historico,dia_util,0.0,0.5,0.71,-0.71,-0.71,normal,abaixo,baixa,2,fallback (60d recentes),3.0
PT0002000077647404EM,14,1,historico,dia_util,1.0,1.0,0.3,0.0,0.0,normal,abaixo,baixa,2,fallback (60d recentes),3.0
PT0002000077647404EM,15,1,historico,dia_util,1.0,0.5,0.71,0.71,0.71,normal,acima,baixa,2,fallback (60d recentes),3.0
PT0002000077647404EM,16,1,historico,dia_util,1.0,1.0,0.3,0.0,0.0,normal,abaixo,baixa,2,fallback (60d recentes),3.0
PT0002000077647404EM,17,1,historico,dia_util,3.0,3.0,0.3,0.0,0.0,normal,abaixo,baixa,2,fallback (60d recentes),3.0
PT0002000077647404EM,18,1,historico,dia_util,5.0,5.0,0.5,0.0,0.0,normal,abaixo,baixa,2,fallback (60d recentes),3.0
PT0002000077647404EM,19,1,historico,dia_util,4.0,4.5,0.71,-0.71,-0.71,normal,abaixo,baixa,2,fallback (60d recentes),3.0
PT0002000077647404EM,20,1,historico,dia_util,5.0,4.5,0.71,0.71,0.71,normal,acima,baixa,2,fallback (60d recentes),3.0
PT0002000077647404EM,21,1,historico,dia_util,4.0,4.33,1.15,-0.29,-0.29,normal,abaixo,baixa,3,fallback (60d recentes),3.0
PT0002000077647404EM,22,1,historico,dia_util,5.0,5.0,0.5,0.0,0.0,normal,abaixo,baixa,3,fallback (60d recentes),3.0
PT0002000077647404EM,23,1,historico,dia_util,5.0,4.67,0.58,0.58,0.58,normal,acima,baixa,3,fallback (60d recentes),3.0
PT0002000078207354XC,0,1,historico,dia_util,1.0,1.5,0.71,-0.71,-0.71,normal,abaixo,baixa,2,fallback (60d recentes),3.0
PT0002000078207354XC,1,1,historico,dia_util,2.0,1.5,0.71,0.71,0.71,normal,acima,baixa,2,fallback (60d recentes),3.0
PT0002000078207354XC,2,1,historico,dia_util,2.0,2.0,0.3,0.0,0.0,normal,abaixo,baixa,2,fallback (60d recentes),3.0
PT0002000078207354XC,3,1,historico,dia_util,1.0,1.5,0.71,-0.71,-0.71,normal,abaixo,baixa,2,fallback (60d recentes),3.0
PT0002000078207354XC,4,1,historico,dia_util,2.0,1.5,0.71,0.71,0.71,normal,acima,baixa,2,fallback (60d recentes),3.0
PT0002000078207354XC,5,1,historico,dia_util,2.0,2.0,0.3,0.0,0.0,normal,abaixo,baixa,2,fallback (60d recentes),3.0
PT0002000078207354XC,6,1,historico,dia_util,1.0,1.5,0.71,-0.71,-0.71,normal,abaixo,baixa,2,fallback (60d recentes),3.0
PT0002000078207354XC,7,1,historico,dia_util,2.0,1.5,0.71,0.71,0.71,normal,acima,baixa,2,fallback (60d recentes),3.0
PT0002000078207354XC,8,1,historico,dia_util,1.0,2.0,0.3,-3.33,-3.33,desvio,abaixo,baixa,2,fallback (60d recentes),3.0
PT0002000078207354XC,9,1,historico,dia_util,2.0,1.5,0.71,0.71,0.71,normal,acima,baixa,2,fallback (60d recentes),3.0
PT0002000078207354XC,10,1,historico,dia_util,2.0,1.5,0.71,0.71,0.71,normal,acima,baixa,2,fallback (60d recentes),3.0
PT0002000078207354XC,11,1,historico,dia_util,1.0,2.0,0.3,-3.33,-3.33,desvio,abaixo,baixa,2,fallback (60d recentes),3.0
PT0002000078207354XC,12,1,historico,dia_util,2.0,1.0,0.3,3.33,3.33,desvio,acima,baixa,2,fallback (60d recentes),3.0
PT0002000078207354XC,13,1,historico,dia_util,2.0,2.0,0.3,0.0,0.0,normal,abaixo,baixa,2,fallback (60d recentes),3.0
PT0002000078207354XC,14,1,historico,dia_util,1.0,2.0,0.3,-3.33,-3.33,desvio,abaixo,baixa,2,fallback (60d recentes),3.0
PT0002000078207354XC,15,1,historico,dia_util,2.0,1.0,0.3,3.33,3.33,desvio,acima,baixa,2,fallback (60d recentes),3.0
PT0002000078207354XC,16,1,historico,dia_util,2.0,2.0,0.3,0.0,0.0,normal,abaixo,baixa,2,fallback (60d recentes),3.0
PT0002000078207354XC,17,1,historico,dia_util,1.0,2.0,0.3,-3.33,-3.33,desvio,abaixo,baixa,2,fallback (60d recentes),3.0
PT0002000078207354XC,18,1,historico,dia_util,2.0,1.0,0.3,3.33,3.33,desvio,acima,baixa,2,fallback (60d recentes),3.0
PT0002000078207354XC,19,1,historico,dia_util,2.0,2.0,0.3,0.0,0.0,normal,abaixo,baixa,2,fallback (60d recentes),3.0
PT0002000078207354XC,20,1,historico,dia_util,1.0,2.0,0.3,-3.33,-3.33,desvio,abaixo,baixa,2,fallback (60d recentes),3.0
PT0002000078207354XC,21,1,historico,dia_util,2.0,1.0,0.3,3.33,3.33,desvio,acima,baixa,3,fallback (60d recentes),3.0
PT0002000078207354XC,22,1,historico,dia_util,2.0,1.67,0.58,0.58,0.58,normal,acima,baixa,3,fallback (60d recentes),3.0
PT0002000078207354XC,23,1,historico,dia_util,1.0,2.0,0.3,-3.33,-3.33,desvio,abaixo,baixa,3,fallback (60d recentes),3.0
PT0002000078233981HJ,0,1,historico,dia_util,2.0,2.0,0.3,0.0,0.0,normal,abaixo,baixa,2,fallback (60d recentes),3.0
PT0002000078233981HJ,1,1,historico,dia_util,1.0,1.5,0.71,-0.71,-0.71,normal,abaixo,baixa,2,fallback (60d recentes),3.0
PT0002000078233981HJ,2,1,historico,dia_util,2.0,2.0,0.3,0.0,0.0,normal,abaixo,baixa,2,fallback (60d recentes),3.0
PT0002000078233981HJ,3,1,historico,dia_util,2.0,2.0,0.3,0.0,0.0,normal,abaixo,baixa,2,fallback (60d recentes),3.0
PT0002000078233981HJ,4,1,historico,dia_util,1.0,1.5,0.71,-0.71,-0.71,normal,abaixo,baixa,2,fallback (60d recentes),3.0
PT0002000078233981HJ,5,1,historico,dia_util,2.0,1.5,0.71,0.71,0.71,normal,acima,baixa,2,fallback (60d recentes),3.0
PT0002000078233981HJ,6,1,historico,dia_util,1.0,2.0,0.3,-3.33,-3.33,desvio,abaixo,baixa,2,fallback (60d recentes),3.0
PT0002000078233981HJ,7,1,historico,dia_util,2.0,1.5,0.71,0.71,0.71,normal,acima,baixa,2,fallback (60d recentes),3.0
PT0002000078233981HJ,8,1,historico,dia_util,3.0,1.5,0.71,2.12,2.12,normal,acima,baixa,2,fallback (60d recentes),3.0
PT0002000078233981HJ,9,1,historico,dia_util,3.0,2.0,0.3,3.33,3.33,desvio,acima,baixa,2,fallback (60d recentes),3.0
PT0002000078233981HJ,10,1,historico,dia_util,4.0,2.0,0.3,6.67,6.67,desvio,acima,baixa,2,fallback (60d recentes),3.0
PT0002000078233981HJ,11,1,historico,dia_util,3.0,1.0,0.3,6.67,6.67,desvio,acima,baixa,2,fallback (60d recentes),3.0
PT0002000078233981HJ,12,1,historico,dia_util,3.0,2.0,0.3,3.33,3.33,desvio,acima,baixa,2,fallback (60d recentes),3.0
PT0002000078233981HJ,13,1,historico,dia_util,4.0,2.0,0.3,6.67,6.67,desvio,acima,baixa,2,fallback (60d recentes),3.0
PT0002000078233981HJ,14,1,historico,dia_util,2.0,1.0,0.3,3.33,3.33,desvio,acima,baixa,2,fallback (60d recentes),3.0
PT0002000078233981HJ,15,1,historico,dia_util,2.0,2.0,0.3,0.0,0.0,normal,abaixo,baixa,2,fallback (60d recentes),3.0
PT0002000078233981HJ,16,1,historico,dia_util,2.0,2.0,0.3,0.0,0.0,normal,abaixo,baixa,2,fallback (60d recentes),3.0
PT0002000078233981HJ,17,1,historico,dia_util,12.0,2.0,0.3,10.0,33.33,desvio,acima,baixa,2,fallback (60d recentes),3.0
PT0002000078233981HJ,18,1,historico,dia_util,21.0,1.0,0.3,10.0,66.67,desvio,acima,baixa,2,fallback (60d recentes),3.0
PT0002000078233981HJ,19,1,historico,dia_util,20.0,2.0,0.3,10.0,60.0,desvio,acima,baixa,2,fallback (60d recentes),3.0
PT0002000078233981HJ,20,1,historico,dia_util,13.0,2.0,0.3,10.0,36.67,desvio,acima,baixa,2,fallback (60d recentes),3.0
PT0002000078233981HJ,21,1,historico,dia_util,2.0,1.67,0.58,0.58,0.58,normal,acima,baixa,3,fallback (60d recentes),3.0
PT0002000078233981HJ,22,1,historico,dia_util,3.0,2.33,0.58,1.15,1.15,normal,acima,baixa,3,fallback (60d recentes),3.0
PT0002000078233981HJ,23,1,historico,dia_util,2.0,2.33,0.58,-0.58,-0.58,normal,abaixo,baixa,3,fallback (60d recentes),3.0
PT0002000078294957RQ,0,0,historico,dia_util,5.0,4.0,0.4,2.5,2.5,normal,acima,baixa,2,fallback (60d recentes),3.0
PT0002000078294957RQ,1,0,historico,dia_util,5.0,4.0,0.4,2.5,2.5,normal,acima,baixa,2,fallback (60d recentes),3.0
PT0002000078294957RQ,2,0,historico,dia_util,4.0,4.5,0.71,-0.71,-0.71,normal,abaixo,baixa,2,fallback (60d recentes),3.0
PT0002000078294957RQ,3,0,historico,dia_util,4.0,4.5,0.71,-0.71,-0.71,normal,abaixo,baixa,2,fallback (60d recentes),3.0
PT0002000078294957RQ,4,0,historico,dia_util,4.0,4.5,0.71,-0.71,-0.71,normal,abaixo,baixa,2,fallback (60d recentes),3.0
PT0002000078294957RQ,5,0,historico,dia_util,4.0,4.0,0.4,0.0,0.0,normal,abaixo,baixa,2,fallback (60d recentes),3.0
PT0002000078294957RQ,6,0,historico,dia_util,4.0,4.0,0.4,0.0,0.0,normal,abaixo,baixa,2,fallback (60d recentes),3.0
PT0002000078294957RQ,7,0,historico,dia_util,5.0,4.0,0.4,2.5,2.5,normal,acima,baixa,2,fallback (60d recentes),3.0
PT0002000078294957RQ,8,0,historico,dia_util,4.0,4.5,0.71,-0.71,-0.71,normal,abaixo,baixa,2,fallback (60d recentes),3.0
PT0002000078294957RQ,9,0,historico,dia_util,5.0,5.0,1.41,0.0,0.0,normal,abaixo,baixa,2,fallback (60d recentes),3.0
PT0002000078294957RQ,10,0,historico,dia_util,4.0,4.5,0.71,-0.71,-0.71,normal,abaixo,baixa,2,fallback (60d recentes),3.0
PT0002000078294957RQ,11,0,historico,dia_util,4.0,4.0,0.4,0.0,0.0,normal,abaixo,baixa,2,fallback (60d recentes),3.0
PT0002000078294957RQ,12,0,historico,dia_util,5.0,4.0,0.4,2.5,2.5,normal,acima,baixa,2,fallback (60d recentes),3.0
PT0002000078294957RQ,13,0,historico,dia_util,4.0,4.5,0.71,-0.71,-0.71,normal,abaixo,baixa,2,fallback (60d recentes),3.0
PT0002000078294957RQ,14,0,historico,dia_util,4.0,4.5,0.71,-0.71,-0.71,normal,abaixo,baixa,2,fallback (60d recentes),3.0
PT0002000078294957RQ,15,0,historico,dia_util,4.0,5.0,1.41,-0.71,-0.71,normal,abaixo,baixa,2,fallback (60d recentes),3.0
PT0002000078294957RQ,16,0,historico,dia_util,4.0,4.0,0.4,0.0,0.0,normal,abaixo,baixa,2,fallback (60d recentes),3.0
PT0002000078294957RQ,17,0,historico,dia_util,5.0,4.0,0.4,2.5,2.5,normal,acima,baixa,2,fallback (60d recentes),3.0
PT0002000078294957RQ,18,0,historico,dia_util,5.0,4.5,0.71,0.71,0.71,normal,acima,baixa,2,fallback (60d recentes),3.0
PT0002000078294957RQ,19,0,historico,dia_util,4.0,4.5,0.71,-0.71,-0.71,normal,abaixo,baixa,2,fallback (60d recentes),3.0
PT0002000078294957RQ,20,0,historico,dia_util,4.0,4.5,0.71,-0.71,-0.71,normal,abaixo,baixa,2,fallback (60d recentes),3.0
PT0002000078294957RQ,21,0,historico,dia_util,9.0,8.67,0.87,0.38,0.38,normal,acima,baixa,3,fallback (60d recentes),3.0
PT0002000078294957RQ,22,0,historico,dia_util,9.0,9.67,0.97,-0.69,-0.69,normal,abaixo,baixa,3,fallback (60d recentes),3.0
PT0002000078294957RQ,23,0,historico,dia_util,7.0,5.33,0.58,2.89,2.89,normal,acima,baixa,3,fallback (60d recentes),3.0
PT0002000079469719HF,0,1,atribuido,dia_util,20.0,62.5,60.1,-0.71,-0.71,normal,abaixo,baixa,2,fallback (60d recentes),3.0
PT0002000079469719HF,1,1,atribuido,dia_util,20.0,62.0,59.4,-0.71,-0.71,normal,abaixo,baixa,2,fallback (60d recentes),3.0
PT0002000079469719HF,2,1,atribuido,dia_util,41.0,72.0,43.84,-0.71,-0.71,normal,abaixo,baixa,2,fallback (60d recentes),3.0
PT0002000079469719HF,3,1,atribuido,dia_util,101.0,102.5,10.25,-0.15,-0.15,normal,abaixo,baixa,2,fallback (60d recentes),3.0
PT0002000079469719HF,4,1,atribuido,dia_util,101.0,103.0,10.3,-0.19,-0.19,normal,abaixo,baixa,2,fallback (60d recentes),3.0
PT0002000079469719HF,5,1,atribuido,dia_util,102.0,102.0,10.2,0.0,0.0,normal,abaixo,baixa,2,fallback (60d recentes),3.0
PT0002000079469719HF,6,1,atribuido,dia_util,99.0,100.0,10.0,-0.1,-0.1,normal,abaixo,baixa,2,fallback (60d recentes),3.0
PT0002000079469719HF,7,1,atribuido,dia_util,108.0,102.5,10.25,0.54,0.54,normal,acima,baixa,2,fallback (60d recentes),3.0
PT0002000079469719HF,8,1,atribuido,dia_util,127.0,120.0,14.14,0.49,0.49,normal,acima,baixa,2,fallback (60d recentes),3.0
PT0002000079469719HF,9,1,atribuido,dia_util,113.0,132.5,13.25,-1.47,-1.47,normal,abaixo,baixa,2,fallback (60d recentes),3.0
PT0002000079469719HF,10,1,atribuido,dia_util,105.0,121.5,23.33,-0.71,-0.71,normal,abaixo,baixa,2,fallback (60d recentes),3.0
PT0002000079469719HF,11,1,atribuido,dia_util,94.0,105.0,15.56,-0.71,-0.71,normal,abaixo,baixa,2,fallback (60d recentes),3.0
PT0002000079469719HF,12,1,atribuido,dia_util,74.0,89.0,31.11,-0.48,-0.48,normal,abaixo,baixa,2,fallback (60d recentes),3.0
PT0002000079469719HF,13,1,atribuido,dia_util,76.0,51.5,36.06,0.68,0.68,normal,acima,baixa,2,fallback (60d recentes),3.0
PT0002000079469719HF,14,1,atribuido,dia_util,86.0,36.5,31.82,1.56,1.56,normal,acima,baixa,2,fallback (60d recentes),3.0
PT0002000079469719HF,15,1,atribuido,dia_util,90.0,41.0,28.28,1.73,1.73,normal,acima,baixa,2,fallback (60d recentes),3.0
PT0002000079469719HF,16,1,atribuido,dia_util,99.0,60.0,38.18,1.02,1.02,normal,acima,baixa,2,fallback (60d recentes),3.0
PT0002000079469719HF,17,1,atribuido,dia_util,113.0,78.5,33.23,1.04,1.04,normal,acima,baixa,2,fallback (60d recentes),3.0
PT0002000079469719HF,18,1,atribuido,dia_util,152.0,98.5,30.41,1.76,1.76,normal,acima,baixa,2,fallback (60d recentes),3.0
PT0002000079469719HF,19,1,atribuido,dia_util,164.0,116.5,27.58,1.72,1.72,normal,acima,baixa,2,fallback (60d recentes),3.0
PT0002000079469719HF,20,1,atribuido,dia_util,167.0,120.5,20.51,2.27,2.27,normal,acima,baixa,2,fallback (60d recentes),3.0
PT0002000079469719HF,21,1,atribuido,dia_util,157.0,80.33,56.8,1.35,1.35,normal,acima,baixa,3,fallback (60d recentes),3.0
PT0002000079469719HF,22,1,atribuido,dia_util,133.0,78.33,50.58,1.08,1.08,normal,acima,baixa,3,fallback (60d recentes),3.0
PT0002000079469719HF,23,1,atribuido,dia_util,100.0,77.33,50.64,0.45,0.45,normal,acima,baixa,3,fallback (60d recentes),3.0
PT0002000081344542CP,0,1,historico,dia_util,1.0,8.0,4.24,-1.65,-1.65,normal,abaixo,baixa,2,fallback (60d recentes),3.0
PT0002000081344542CP,1,1,historico,dia_util,1.0,5.0,4.24,-0.94,-0.94,normal,abaixo,baixa,2,fallback (60d recentes),3.0
PT0002000081344542CP,2,1,historico,dia_util,5.0,2.5,0.71,3.54,3.54,desvio,acima,baixa,2,fallback (60d recentes),3.0
PT0002000081344542CP,3,1,historico,dia_util,7.0,6.5,0.71,0.71,0.71,normal,acima,baixa,2,fallback (60d recentes),3.0
PT0002000081344542CP,4,1,historico,dia_util,8.0,4.5,4.95,0.71,0.71,normal,acima,baixa,2,fallback (60d recentes),3.0
PT0002000081344542CP,5,1,historico,dia_util,7.0,4.0,4.24,0.71,0.71,normal,acima,baixa,2,fallback (60d recentes),3.0
PT0002000081344542CP,6,1,historico,dia_util,1.0,1.5,0.71,-0.71,-0.71,normal,abaixo,baixa,2,fallback (60d recentes),3.0
PT0002000081344542CP,7,1,historico,dia_util,1.0,1.0,0.3,0.0,0.0,normal,abaixo,baixa,2,fallback (60d recentes),3.0
PT0002000081344542CP,8,1,historico,dia_util,2.0,3.0,1.41,-0.71,-0.71,normal,abaixo,baixa,2,fallback (60d recentes),3.0
PT0002000081344542CP,9,1,historico,dia_util,7.0,2.0,1.41,3.54,3.54,desvio,acima,baixa,2,fallback (60d recentes),3.0
PT0002000081344542CP,10,1,historico,dia_util,15.0,3.0,2.83,4.24,4.24,desvio,acima,baixa,2,fallback (60d recentes),3.0
PT0002000081344542CP,11,1,historico,dia_util,19.0,13.0,15.56,0.39,0.39,normal,acima,baixa,2,fallback (60d recentes),3.0
PT0002000081344542CP,12,1,historico,dia_util,15.0,7.5,9.19,0.82,0.82,normal,acima,baixa,2,fallback (60d recentes),3.0
PT0002000081344542CP,13,1,historico,dia_util,6.0,4.5,4.95,0.3,0.3,normal,acima,baixa,2,fallback (60d recentes),3.0
PT0002000081344542CP,14,1,historico,dia_util,4.0,1.5,0.71,3.54,3.54,desvio,acima,baixa,2,fallback (60d recentes),3.0
PT0002000081344542CP,15,1,historico,dia_util,3.0,2.0,0.3,3.33,3.33,desvio,acima,baixa,2,fallback (60d recentes),3.0
PT0002000081344542CP,16,1,historico,dia_util,6.0,1.5,0.71,6.36,6.36,desvio,acima,baixa,2,fallback (60d recentes),3.0
PT0002000081344542CP,17,1,historico,dia_util,3.0,4.0,2.83,-0.35,-0.35,normal,abaixo,baixa,2,fallback (60d recentes),3.0
PT0002000081344542CP,18,1,historico,dia_util,2.0,2.5,2.12,-0.24,-0.24,normal,abaixo,baixa,2,fallback (60d recentes),3.0
PT0002000081344542CP,19,1,historico,dia_util,1.0,2.0,0.3,-3.33,-3.33,desvio,abaixo,baixa,2,fallback (60d recentes),3.0
PT0002000081344542CP,20,1,historico,dia_util,2.0,1.0,0.3,3.33,3.33,desvio,acima,baixa,2,fallback (60d recentes),3.0
PT0002000081344542CP,21,1,historico,dia_util,3.0,1.0,0.3,6.67,6.67,desvio,acima,baixa,3,fallback (60d recentes),3.0
PT0002000081344542CP,22,1,historico,dia_util,5.0,2.0,0.3,10.0,10.0,desvio,acima,baixa,3,fallback (60d recentes),3.0
PT0002000081344542CP,23,1,historico,dia_util,2.0,5.33,4.04,-0.82,-0.82,normal,abaixo,baixa,3,fallback (60d recentes),3.0
PT0002000082549706RH,0,0,historico,dia_util,82.0,84.0,8.4,-0.24,-0.24,normal,abaixo,baixa,2,fallback (60d recentes),3.0
PT0002000082549706RH,1,0,historico,dia_util,84.0,84.5,8.45,-0.06,-0.06,normal,abaixo,baixa,2,fallback (60d recentes),3.0
PT0002000082549706RH,2,0,historico,dia_util,83.0,84.0,8.4,-0.12,-0.12,normal,abaixo,baixa,2,fallback (60d recentes),3.0
PT0002000082549706RH,3,0,historico,dia_util,80.0,84.5,8.45,-0.53,-0.53,normal,abaixo,baixa,2,fallback (60d recentes),3.0
PT0002000082549706RH,4,0,historico,dia_util,81.0,85.0,8.5,-0.47,-0.47,normal,abaixo,baixa,2,fallback (60d recentes),3.0
PT0002000082549706RH,5,0,historico,dia_util,84.0,89.0,8.9,-0.56,-0.56,normal,abaixo,baixa,2,fallback (60d recentes),3.0
PT0002000082549706RH,6,0,historico,dia_util,83.0,83.5,8.35,-0.06,-0.06,normal,abaixo,baixa,2,fallback (60d recentes),3.0
PT0002000082549706RH,7,0,historico,dia_util,84.0,83.0,8.3,0.12,0.12,normal,acima,baixa,2,fallback (60d recentes),3.0
PT0002000082549706RH,8,0,historico,dia_util,83.0,84.0,8.4,-0.12,-0.12,normal,abaixo,baixa,2,fallback (60d recentes),3.0
PT0002000082549706RH,9,0,historico,dia_util,87.0,84.0,8.4,0.36,0.36,normal,acima,baixa,2,fallback (60d recentes),3.0
PT0002000082549706RH,10,0,historico,dia_util,92.0,87.0,8.7,0.57,0.57,normal,acima,baixa,2,fallback (60d recentes),3.0
PT0002000082549706RH,11,0,historico,dia_util,93.0,91.5,9.15,0.16,0.16,normal,acima,baixa,2,fallback (60d recentes),3.0
PT0002000082549706RH,12,0,historico,dia_util,91.0,94.5,9.45,-0.37,-0.37,normal,abaixo,baixa,2,fallback (60d recentes),3.0
PT0002000082549706RH,13,0,historico,dia_util,92.0,91.0,9.1,0.11,0.11,normal,acima,baixa,2,fallback (60d recentes),3.0
PT0002000082549706RH,14,0,historico,dia_util,95.0,94.0,9.4,0.11,0.11,normal,acima,baixa,2,fallback (60d recentes),3.0
PT0002000082549706RH,15,0,historico,dia_util,100.0,99.5,9.95,0.05,0.05,normal,acima,baixa,2,fallback (60d recentes),3.0
PT0002000082549706RH,16,0,historico,dia_util,97.0,97.5,9.75,-0.05,-0.05,normal,abaixo,baixa,2,fallback (60d recentes),3.0
PT0002000082549706RH,17,0,historico,dia_util,100.0,96.0,9.6,0.42,0.42,normal,acima,baixa,2,fallback (60d recentes),3.0
PT0002000082549706RH,18,0,historico,dia_util,91.0,90.5,9.05,0.06,0.06,normal,acima,baixa,2,fallback (60d recentes),3.0
PT0002000082549706RH,19,0,historico,dia_util,86.0,85.0,8.5,0.12,0.12,normal,acima,baixa,2,fallback (60d recentes),3.0
PT0002000082549706RH,20,0,historico,dia_util,89.0,89.0,8.9,0.0,0.0,normal,abaixo,baixa,2,fallback (60d recentes),3.0
PT0002000082549706RH,21,0,historico,dia_util,84.0,80.0,13.23,0.3,0.3,normal,acima,baixa,3,fallback (60d recentes),3.0
PT0002000082549706RH,22,0,historico,dia_util,84.0,85.0,8.5,-0.12,-0.12,normal,abaixo,baixa,3,fallback (60d recentes),3.0
PT0002000082549706RH,23,0,historico,dia_util,83.0,84.67,8.47,-0.2,-0.2,normal,abaixo,baixa,3,fallback (60d recentes),3.0
PT0002000101964938LF,0,0,historico,dia_util,9.0,9.0,0.9,0.0,0.0,normal,abaixo,baixa,2,fallback (60d recentes),3.0
PT0002000101964938LF,1,0,historico,dia_util,9.0,9.0,0.9,0.0,0.0,normal,abaixo,baixa,2,fallback (60d recentes),3.0
PT0002000101964938LF,2,0,historico,dia_util,9.0,9.0,0.9,0.0,0.0,normal,abaixo,baixa,2,fallback (60d recentes),3.0
PT0002000101964938LF,3,0,historico,dia_util,9.0,9.0,0.9,0.0,0.0,normal,abaixo,baixa,2,fallback (60d recentes),3.0
PT0002000101964938LF,4,0,historico,dia_util,9.0,9.0,0.9,0.0,0.0,normal,abaixo,baixa,2,fallback (60d recentes),3.0
PT0002000101964938LF,5,0,historico,dia_util,9.0,9.0,0.9,0.0,0.0,normal,abaixo,baixa,2,fallback (60d recentes),3.0
PT0002000101964938LF,6,0,historico,dia_util,8.0,9.5,0.95,-1.58,-1.58,normal,abaixo,baixa,2,fallback (60d recentes),3.0
PT0002000101964938LF,7,0,historico,dia_util,12.0,8.5,0.85,4.12,4.12,desvio,acima,baixa,2,fallback (60d recentes),3.0
PT0002000101964938LF,8,0,historico,dia_util,40.0,9.0,0.9,10.0,34.44,desvio,acima,baixa,2,fallback (60d recentes),3.0
PT0002000101964938LF,9,0,historico,dia_util,49.0,9.0,0.9,10.0,44.44,desvio,acima,baixa,2,fallback (60d recentes),3.0
PT0002000101964938LF,10,0,historico,dia_util,53.0,10.0,1.0,10.0,43.0,desvio,acima,baixa,2,fallback (60d recentes),3.0
PT0002000101964938LF,11,0,historico,dia_util,48.0,9.0,0.9,10.0,43.33,desvio,acima,baixa,2,fallback (60d recentes),3.0
PT0002000101964938LF,12,0,historico,dia_util,53.0,9.5,0.95,10.0,45.79,desvio,acima,baixa,2,fallback (60d recentes),3.0
PT0002000101964938LF,13,0,historico,dia_util,64.0,9.0,0.9,10.0,61.11,desvio,acima,baixa,2,fallback (60d recentes),3.0
PT0002000101964938LF,14,0,historico,dia_util,65.0,9.5,0.95,10.0,58.42,desvio,acima,baixa,2,fallback (60d recentes),3.0
PT0002000101964938LF,15,0,historico,dia_util,61.0,9.5,0.95,10.0,54.21,desvio,acima,baixa,2,fallback (60d recentes),3.0
PT0002000101964938LF,16,0,historico,dia_util,56.0,9.5,0.95,10.0,48.95,desvio,acima,baixa,2,fallback (60d recentes),3.0
PT0002000101964938LF,17,0,historico,dia_util,53.0,9.5,0.95,10.0,45.79,desvio,acima,baixa,2,fallback (60d recentes),3.0
PT0002000101964938LF,18,0,historico,dia_util,45.0,9.5,0.95,10.0,37.37,desvio,acima,baixa,2,fallback (60d recentes),3.0
PT0002000101964938LF,19,0,historico,dia_util,40.0,9.0,0.9,10.0,34.44,desvio,acima,baixa,2,fallback (60d recentes),3.0
PT0002000101964938LF,20,0,historico,dia_util,16.0,9.0,0.9,7.78,7.78,desvio,acima,baixa,2,fallback (60d recentes),3.0
PT0002000101964938LF,21,0,historico,dia_util,14.0,9.0,1.73,2.89,2.89,normal,acima,baixa,3,fallback (60d recentes),3.0
PT0002000101964938LF,22,0,historico,dia_util,14.0,9.0,0.9,5.56,5.56,desvio,acima,baixa,3,fallback (60d recentes),3.0
PT0002000101964938LF,23,0,historico,dia_util,15.0,9.0,0.9,6.67,6.67,desvio,acima,baixa,3,fallback (60d recentes),3.0
PT0002000102936404ME,0,1,historico,dia_util,35.0,32.0,3.2,0.94,0.94,normal,acima,baixa,2,fallback (60d recentes),3.0
PT0002000102936404ME,1,1,historico,dia_util,33.0,29.0,2.9,1.38,1.38,normal,acima,baixa,2,fallback (60d recentes),3.0
PT0002000102936404ME,2,1,historico,dia_util,41.0,39.5,3.95,0.38,0.38,normal,acima,baixa,2,fallback (60d recentes),3.0
PT0002000102936404ME,3,1,historico,dia_util,50.0,50.0,5.0,0.0,0.0,normal,abaixo,baixa,2,fallback (60d recentes),3.0
PT0002000102936404ME,4,1,historico,dia_util,50.0,49.0,4.9,0.2,0.2,normal,acima,baixa,2,fallback (60d recentes),3.0
PT0002000102936404ME,5,1,historico,dia_util,49.0,49.5,4.95,-0.1,-0.1,normal,abaixo,baixa,2,fallback (60d recentes),3.0
PT0002000102936404ME,6,1,historico,dia_util,44.0,43.5,4.35,0.11,0.11,normal,acima,baixa,2,fallback (60d recentes),3.0
PT0002000102936404ME,7,1,historico,dia_util,26.0,26.0,2.6,0.0,0.0,normal,abaixo,baixa,2,fallback (60d recentes),3.0
PT0002000102936404ME,8,1,historico,dia_util,16.0,15.5,1.55,0.32,0.32,normal,acima,baixa,2,fallback (60d recentes),3.0
PT0002000102936404ME,9,1,historico,dia_util,33.0,32.5,3.25,0.15,0.15,normal,acima,baixa,2,fallback (60d recentes),3.0
PT0002000102936404ME,10,1,historico,dia_util,35.0,35.5,3.55,-0.14,-0.14,normal,abaixo,baixa,2,fallback (60d recentes),3.0
PT0002000102936404ME,11,1,historico,dia_util,35.0,35.5,3.55,-0.14,-0.14,normal,abaixo,baixa,2,fallback (60d recentes),3.0
PT0002000102936404ME,12,1,historico,dia_util,36.0,35.5,3.55,0.14,0.14,normal,acima,baixa,2,fallback (60d recentes),3.0
PT0002000102936404ME,13,1,historico,dia_util,35.0,36.0,3.6,-0.28,-0.28,normal,abaixo,baixa,2,fallback (60d recentes),3.0
PT0002000102936404ME,14,1,historico,dia_util,36.0,36.0,3.6,0.0,0.0,normal,abaixo,baixa,2,fallback (60d recentes),3.0
PT0002000102936404ME,15,1,historico,dia_util,35.0,36.5,3.65,-0.41,-0.41,normal,abaixo,baixa,2,fallback (60d recentes),3.0
PT0002000102936404ME,16,1,historico,dia_util,36.0,36.5,3.65,-0.14,-0.14,normal,abaixo,baixa,2,fallback (60d recentes),3.0
PT0002000102936404ME,17,1,historico,dia_util,35.0,36.0,3.6,-0.28,-0.28,normal,abaixo,baixa,2,fallback (60d recentes),3.0
PT0002000102936404ME,18,1,historico,dia_util,36.0,36.5,3.65,-0.14,-0.14,normal,abaixo,baixa,2,fallback (60d recentes),3.0
PT0002000102936404ME,19,1,historico,dia_util,35.0,36.5,3.65,-0.41,-0.41,normal,abaixo,baixa,2,fallback (60d recentes),3.0
PT0002000102936404ME,20,1,historico,dia_util,42.0,41.0,4.1,0.24,0.24,normal,acima,baixa,2,fallback (60d recentes),3.0
PT0002000102936404ME,21,1,historico,dia_util,48.0,45.0,7.0,0.43,0.43,normal,acima,baixa,3,fallback (60d recentes),3.0
PT0002000102936404ME,22,1,historico,dia_util,48.0,49.33,4.93,-0.27,-0.27,normal,abaixo,baixa,3,fallback (60d recentes),3.0
PT0002000102936404ME,23,1,historico,dia_util,48.0,49.67,4.97,-0.34,-0.34,normal,abaixo,baixa,3,fallback (60d recentes),3.0
PT0002000103647515BL,0,1,atribuido,dia_util,1.0,1.0,0.3,0.0,0.0,normal,abaixo,baixa,2,fallback (60d recentes),3.0
PT0002000103647515BL,1,1,atribuido,dia_util,0.0,0.0,0.3,0.0,0.0,normal,abaixo,baixa,2,fallback (60d recentes),3.0
PT0002000103647515BL,2,1,atribuido,dia_util,0.0,0.0,0.3,0.0,0.0,normal,abaixo,baixa,2,fallback (60d recentes),3.0
PT0002000103647515BL,3,1,atribuido,dia_util,0.0,0.0,0.3,0.0,0.0,normal,abaixo,baixa,2,fallback (60d recentes),3.0
PT0002000103647515BL,4,1,atribuido,dia_util,0.0,0.0,0.3,0.0,0.0,normal,abaixo,baixa,2,fallback (60d recentes),3.0
PT0002000103647515BL,5,1,atribuido,dia_util,0.0,0.0,0.3,0.0,0.0,normal,abaixo,baixa,2,fallback (60d recentes),3.0
PT0002000103647515BL,6,1,atribuido,dia_util,0.0,0.0,0.3,0.0,0.0,normal,abaixo,baixa,2,fallback (60d recentes),3.0
PT0002000103647515BL,7,1,atribuido,dia_util,0.0,0.0,0.3,0.0,0.0,normal,abaixo,baixa,2,fallback (60d recentes),3.0
PT0002000103647515BL,8,1,atribuido,dia_util,0.0,0.0,0.3,0.0,0.0,normal,abaixo,baixa,2,fallback (60d recentes),3.0
PT0002000103647515BL,9,1,atribuido,dia_util,0.0,0.0,0.3,0.0,0.0,normal,abaixo,baixa,2,fallback (60d recentes),3.0
PT0002000103647515BL,10,1,atribuido,dia_util,0.0,0.0,0.3,0.0,0.0,normal,abaixo,baixa,2,fallback (60d recentes),3.0
PT0002000103647515BL,11,1,atribuido,dia_util,0.0,0.0,0.3,0.0,0.0,normal,abaixo,baixa,2,fallback (60d recentes),3.0
PT0002000103647515BL,12,1,atribuido,dia_util,0.0,0.0,0.3,0.0,0.0,normal,abaixo,baixa,2,fallback (60d recentes),3.0
PT0002000103647515BL,13,1,atribuido,dia_util,0.0,0.0,0.3,0.0,0.0,normal,abaixo,baixa,2,fallback (60d recentes),3.0
PT0002000103647515BL,14,1,atribuido,dia_util,0.0,0.0,0.3,0.0,0.0,normal,abaixo,baixa,2,fallback (60d recentes),3.0
PT0002000103647515BL,15,1,atribuido,dia_util,0.0,0.0,0.3,0.0,0.0,normal,abaixo,baixa,2,fallback (60d recentes),3.0
PT0002000103647515BL,16,1,atribuido,dia_util,0.0,0.0,0.3,0.0,0.0,normal,abaixo,baixa,2,fallback (60d recentes),3.0
PT0002000103647515BL,17,1,atribuido,dia_util,0.0,0.0,0.3,0.0,0.0,normal,abaixo,baixa,2,fallback (60d recentes),3.0
PT0002000103647515BL,18,1,atribuido,dia_util,0.0,0.0,0.3,0.0,0.0,normal,abaixo,baixa,2,fallback (60d recentes),3.0
PT0002000103647515BL,19,1,atribuido,dia_util,2.0,2.0,0.3,0.0,0.0,normal,abaixo,baixa,2,fallback (60d recentes),3.0
PT0002000103647515BL,20,1,atribuido,dia_util,2.0,2.5,0.71,-0.71,-0.71,normal,abaixo,baixa,2,fallback (60d recentes),3.0
PT0002000103647515BL,21,1,atribuido,dia_util,2.0,2.0,0.3,0.0,0.0,normal,abaixo,baixa,3,fallback (60d recentes),3.0
PT0002000103647515BL,22,1,atribuido,dia_util,2.0,2.33,0.58,-0.58,-0.58,normal,abaixo,baixa,3,fallback (60d recentes),3.0
PT0002000103647515BL,23,1,atribuido,dia_util,2.0,2.0,0.3,0.0,0.0,normal,abaixo,baixa,3,fallback (60d recentes),3.0
PT0002000105483259QH,0,1,historico,dia_util,1.0,1.5,0.71,-0.71,-0.71,normal,abaixo,baixa,2,fallback (60d recentes),3.0
PT0002000105483259QH,1,1,historico,dia_util,1.0,1.0,0.3,0.0,0.0,normal,abaixo,baixa,2,fallback (60d recentes),3.0
PT0002000105483259QH,2,1,historico,dia_util,0.0,0.0,0.3,0.0,0.0,normal,abaixo,baixa,2,fallback (60d recentes),3.0
PT0002000105483259QH,3,1,historico,dia_util,0.0,0.0,0.3,0.0,0.0,normal,abaixo,baixa,2,fallback (60d recentes),3.0
PT0002000105483259QH,4,1,historico,dia_util,1.0,0.5,0.71,0.71,0.71,normal,acima,baixa,2,fallback (60d recentes),3.0
PT0002000105483259QH,5,1,historico,dia_util,0.0,0.5,0.71,-0.71,-0.71,normal,abaixo,baixa,2,fallback (60d recentes),3.0
PT0002000105483259QH,6,1,historico,dia_util,0.0,0.0,0.3,0.0,0.0,normal,abaixo,baixa,2,fallback (60d recentes),3.0
PT0002000105483259QH,7,1,historico,dia_util,1.0,0.5,0.71,0.71,0.71,normal,acima,baixa,2,fallback (60d recentes),3.0
PT0002000105483259QH,8,1,historico,dia_util,0.0,0.5,0.71,-0.71,-0.71,normal,abaixo,baixa,2,fallback (60d recentes),3.0
PT0002000105483259QH,9,1,historico,dia_util,0.0,0.0,0.3,0.0,0.0,normal,abaixo,baixa,2,fallback (60d recentes),3.0
PT0002000105483259QH,10,1,historico,dia_util,0.0,0.5,0.71,-0.71,-0.71,normal,abaixo,baixa,2,fallback (60d recentes),3.0
PT0002000105483259QH,11,1,historico,dia_util,1.0,0.5,0.71,0.71,0.71,normal,acima,baixa,2,fallback (60d recentes),3.0
PT0002000105483259QH,12,1,historico,dia_util,0.0,1.0,1.41,-0.71,-0.71,normal,abaixo,baixa,2,fallback (60d recentes),3.0
PT0002000105483259QH,13,1,historico,dia_util,1.0,1.0,0.3,0.0,0.0,normal,abaixo,baixa,2,fallback (60d recentes),3.0
PT0002000105483259QH,14,1,historico,dia_util,0.0,0.5,0.71,-0.71,-0.71,normal,abaixo,baixa,2,fallback (60d recentes),3.0
PT0002000105483259QH,15,1,historico,dia_util,1.0,1.0,1.41,0.0,0.0,normal,abaixo,baixa,2,fallback (60d recentes),3.0
PT0002000105483259QH,16,1,historico,dia_util,2.0,1.0,0.3,3.33,3.33,desvio,acima,baixa,2,fallback (60d recentes),3.0
PT0002000105483259QH,17,1,historico,dia_util,1.0,1.5,0.71,-0.71,-0.71,normal,abaixo,baixa,2,fallback (60d recentes),3.0
PT0002000105483259QH,18,1,historico,dia_util,2.0,0.5,0.71,2.12,2.12,normal,acima,baixa,2,fallback (60d recentes),3.0
PT0002000105483259QH,19,1,historico,dia_util,1.0,0.5,0.71,0.71,0.71,normal,acima,baixa,2,fallback (60d recentes),3.0
PT0002000105483259QH,20,1,historico,dia_util,1.0,1.0,0.3,0.0,0.0,normal,abaixo,baixa,2,fallback (60d recentes),3.0
PT0002000105483259QH,21,1,historico,dia_util,2.0,1.0,1.0,1.0,1.0,normal,acima,baixa,3,fallback (60d recentes),3.0
PT0002000105483259QH,22,1,historico,dia_util,1.0,1.0,1.0,0.0,0.0,normal,abaixo,baixa,3,fallback (60d recentes),3.0
PT0002000105483259QH,23,1,historico,dia_util,1.0,1.33,0.58,-0.58,-0.58,normal,abaixo,baixa,3,fallback (60d recentes),3.0
PT0002000106102375RC,0,0,atribuido,dia_util,45.0,41.0,4.1,0.98,0.98,normal,acima,baixa,2,fallback (60d recentes),3.0
PT0002000106102375RC,1,0,atribuido,dia_util,41.0,43.5,4.35,-0.57,-0.57,normal,abaixo,baixa,2,fallback (60d recentes),3.0
PT0002000106102375RC,2,0,atribuido,dia_util,41.0,41.5,4.15,-0.12,-0.12,normal,abaixo,baixa,2,fallback (60d recentes),3.0
PT0002000106102375RC,3,0,atribuido,dia_util,41.0,41.0,4.1,0.0,0.0,normal,abaixo,baixa,2,fallback (60d recentes),3.0
PT0002000106102375RC,4,0,atribuido,dia_util,39.0,42.5,4.25,-0.82,-0.82,normal,abaixo,baixa,2,fallback (60d recentes),3.0
PT0002000106102375RC,5,0,atribuido,dia_util,40.0,41.0,4.1,-0.24,-0.24,normal,abaixo,baixa,2,fallback (60d recentes),3.0
PT0002000106102375RC,6,0,atribuido,dia_util,41.0,40.5,4.05,0.12,0.12,normal,acima,baixa,2,fallback (60d recentes),3.0
PT0002000106102375RC,7,0,atribuido,dia_util,52.0,42.0,4.2,2.38,2.38,normal,acima,baixa,2,fallback (60d recentes),3.0
PT0002000106102375RC,8,0,atribuido,dia_util,63.0,41.0,4.1,5.37,5.37,desvio,acima,baixa,2,fallback (60d recentes),3.0
PT0002000106102375RC,9,0,atribuido,dia_util,64.0,44.0,4.4,4.55,4.55,desvio,acima,baixa,2,fallback (60d recentes),3.0
PT0002000106102375RC,10,0,atribuido,dia_util,75.0,44.0,4.4,7.05,7.05,desvio,acima,baixa,2,fallback (60d recentes),3.0
PT0002000106102375RC,11,0,atribuido,dia_util,77.0,45.0,4.5,7.11,7.11,desvio,acima,baixa,2,fallback (60d recentes),3.0
PT0002000106102375RC,12,0,atribuido,dia_util,81.0,47.0,4.7,7.23,7.23,desvio,acima,baixa,2,fallback (60d recentes),3.0
PT0002000106102375RC,13,0,atribuido,dia_util,78.0,46.5,4.65,6.77,6.77,desvio,acima,baixa,2,fallback (60d recentes),3.0
PT0002000106102375RC,14,0,atribuido,dia_util,74.0,49.5,4.95,4.95,4.95,desvio,acima,baixa,2,fallback (60d recentes),3.0
PT0002000106102375RC,15,0,atribuido,dia_util,72.0,50.5,5.05,4.26,4.26,desvio,acima,baixa,2,fallback (60d recentes),3.0
PT0002000106102375RC,16,0,atribuido,dia_util,66.0,48.0,4.8,3.75,3.75,desvio,acima,baixa,2,fallback (60d recentes),3.0
PT0002000106102375RC,17,0,atribuido,dia_util,66.0,47.0,4.7,4.04,4.04,desvio,acima,baixa,2,fallback (60d recentes),3.0
PT0002000106102375RC,18,0,atribuido,dia_util,68.0,48.0,4.8,4.17,4.17,desvio,acima,baixa,2,fallback (60d recentes),3.0
PT0002000106102375RC,19,0,atribuido,dia_util,67.0,46.0,4.6,4.57,4.57,desvio,acima,baixa,2,fallback (60d recentes),3.0
PT0002000106102375RC,20,0,atribuido,dia_util,48.0,45.5,4.55,0.55,0.55,normal,acima,baixa,2,fallback (60d recentes),3.0
PT0002000106102375RC,21,0,atribuido,dia_util,45.0,40.67,7.51,0.58,0.58,normal,acima,baixa,3,fallback (60d recentes),3.0
PT0002000106102375RC,22,0,atribuido,dia_util,44.0,43.67,4.37,0.08,0.08,normal,acima,baixa,3,fallback (60d recentes),3.0
PT0002000106102375RC,23,0,atribuido,dia_util,44.0,44.0,4.4,0.0,0.0,normal,abaixo,baixa,3,fallback (60d recentes),3.0
PT0002000107046231FW,0,0,historico,dia_util,2.0,2.0,0.3,0.0,0.0,normal,abaixo,baixa,2,fallback (60d recentes),3.0
PT0002000107046231FW,1,0,historico,dia_util,2.0,2.0,0.3,0.0,0.0,normal,abaixo,baixa,2,fallback (60d recentes),3.0
PT0002000107046231FW,2,0,historico,dia_util,4.0,3.0,0.3,3.33,3.33,desvio,acima,baixa,2,fallback (60d recentes),3.0
PT0002000107046231FW,3,0,historico,dia_util,4.0,3.5,0.71,0.71,0.71,normal,acima,baixa,2,fallback (60d recentes),3.0
PT0002000107046231FW,4,0,historico,dia_util,3.0,4.0,0.4,-2.5,-2.5,normal,abaixo,baixa,2,fallback (60d recentes),3.0
PT0002000107046231FW,5,0,historico,dia_util,3.0,3.5,0.71,-0.71,-0.71,normal,abaixo,baixa,2,fallback (60d recentes),3.0
PT0002000107046231FW,6,0,historico,dia_util,4.0,3.0,0.3,3.33,3.33,desvio,acima,baixa,2,fallback (60d recentes),3.0
PT0002000107046231FW,7,0,historico,dia_util,4.0,3.5,0.71,0.71,0.71,normal,acima,baixa,2,fallback (60d recentes),3.0
PT0002000107046231FW,8,0,historico,dia_util,4.0,5.0,0.5,-2.0,-2.0,normal,abaixo,baixa,2,fallback (60d recentes),3.0
PT0002000107046231FW,9,0,historico,dia_util,3.0,3.5,0.71,-0.71,-0.71,normal,abaixo,baixa,2,fallback (60d recentes),3.0
PT0002000107046231FW,10,0,historico,dia_util,3.0,3.0,0.3,0.0,0.0,normal,abaixo,baixa,2,fallback (60d recentes),3.0
PT0002000107046231FW,11,0,historico,dia_util,2.0,1.5,0.71,0.71,0.71,normal,acima,baixa,2,fallback (60d recentes),3.0
PT0002000107046231FW,12,0,historico,dia_util,2.0,2.0,0.3,0.0,0.0,normal,abaixo,baixa,2,fallback (60d recentes),3.0
PT0002000107046231FW,13,0,historico,dia_util,2.0,2.5,0.71,-0.71,-0.71,normal,abaixo,baixa,2,fallback (60d recentes),3.0
PT0002000107046231FW,14,0,historico,dia_util,2.0,2.0,0.3,0.0,0.0,normal,abaixo,baixa,2,fallback (60d recentes),3.0
PT0002000107046231FW,15,0,historico,dia_util,3.0,3.0,0.3,0.0,0.0,normal,abaixo,baixa,2,fallback (60d recentes),3.0
PT0002000107046231FW,16,0,historico,dia_util,3.0,2.5,0.71,0.71,0.71,normal,acima,baixa,2,fallback (60d recentes),3.0
PT0002000107046231FW,17,0,historico,dia_util,2.0,2.0,0.3,0.0,0.0,normal,abaixo,baixa,2,fallback (60d recentes),3.0
PT0002000107046231FW,18,0,historico,dia_util,3.0,3.0,0.3,0.0,0.0,normal,abaixo,baixa,2,fallback (60d recentes),3.0
PT0002000107046231FW,19,0,historico,dia_util,2.0,2.5,0.71,-0.71,-0.71,normal,abaixo,baixa,2,fallback (60d recentes),3.0
PT0002000107046231FW,20,0,historico,dia_util,2.0,2.0,0.3,0.0,0.0,normal,abaixo,baixa,2,fallback (60d recentes),3.0
PT0002000107046231FW,21,0,historico,dia_util,4.0,2.33,1.15,1.44,1.44,normal,acima,baixa,3,fallback (60d recentes),3.0
PT0002000107046231FW,22,0,historico,dia_util,2.0,3.0,0.3,-3.33,-3.33,desvio,abaixo,baixa,3,fallback (60d recentes),3.0
PT0002000107046231FW,23,0,historico,dia_util,2.0,1.33,0.58,1.15,1.15,normal,acima,baixa,3,fallback (60d recentes),3.0
PT0002000107172384HT,0,1,historico,dia_util,30.0,35.5,3.55,-1.55,-1.55,normal,abaixo,baixa,2,fallback (60d recentes),3.0
PT0002000107172384HT,1,1,historico,dia_util,25.0,29.5,2.95,-1.53,-1.53,normal,abaixo,baixa,2,fallback (60d recentes),3.0
PT0002000107172384HT,2,1,historico,dia_util,21.0,24.0,2.4,-1.25,-1.25,normal,abaixo,baixa,2,fallback (60d recentes),3.0
PT0002000107172384HT,3,1,historico,dia_util,23.0,22.5,2.25,0.22,0.22,normal,acima,baixa,2,fallback (60d recentes),3.0
PT0002000107172384HT,4,1,historico,dia_util,20.0,21.0,2.1,-0.48,-0.48,normal,abaixo,baixa,2,fallback (60d recentes),3.0
PT0002000107172384HT,5,1,historico,dia_util,20.0,21.0,2.83,-0.35,-0.35,normal,abaixo,baixa,2,fallback (60d recentes),3.0
PT0002000107172384HT,6,1,historico,dia_util,19.0,21.0,2.1,-0.95,-0.95,normal,abaixo,baixa,2,fallback (60d recentes),3.0
PT0002000107172384HT,7,1,historico,dia_util,20.0,21.0,2.1,-0.48,-0.48,normal,abaixo,baixa,2,fallback (60d recentes),3.0
PT0002000107172384HT,8,1,historico,dia_util,22.0,20.0,2.0,1.0,1.0,normal,acima,baixa,2,fallback (60d recentes),3.0
PT0002000107172384HT,9,1,historico,dia_util,21.0,24.0,2.4,-1.25,-1.25,normal,abaixo,baixa,2,fallback (60d recentes),3.0
PT0002000107172384HT,10,1,historico,dia_util,24.0,19.5,1.95,2.31,2.31,normal,acima,baixa,2,fallback (60d recentes),3.0
PT0002000107172384HT,11,1,historico,dia_util,21.0,24.0,2.4,-1.25,-1.25,normal,abaixo,baixa,2,fallback (60d recentes),3.0
PT0002000107172384HT,12,1,historico,dia_util,24.0,24.0,2.4,0.0,0.0,normal,abaixo,baixa,2,fallback (60d recentes),3.0
PT0002000107172384HT,13,1,historico,dia_util,21.0,23.0,2.83,-0.71,-0.71,normal,abaixo,baixa,2,fallback (60d recentes),3.0
PT0002000107172384HT,14,1,historico,dia_util,24.0,36.5,3.65,-3.42,-3.42,desvio,abaixo,baixa,2,fallback (60d recentes),3.0
PT0002000107172384HT,15,1,historico,dia_util,25.0,36.5,3.65,-3.15,-3.15,desvio,abaixo,baixa,2,fallback (60d recentes),3.0
PT0002000107172384HT,16,1,historico,dia_util,20.0,31.5,3.15,-3.65,-3.65,desvio,abaixo,baixa,2,fallback (60d recentes),3.0
PT0002000107172384HT,17,1,historico,dia_util,25.0,34.0,7.07,-1.27,-1.27,normal,abaixo,baixa,2,fallback (60d recentes),3.0
PT0002000107172384HT,18,1,historico,dia_util,25.0,34.0,5.66,-1.59,-1.59,normal,abaixo,baixa,2,fallback (60d recentes),3.0
PT0002000107172384HT,19,1,historico,dia_util,22.0,40.5,4.05,-4.57,-4.57,desvio,abaixo,baixa,2,fallback (60d recentes),3.0
PT0002000107172384HT,20,1,historico,dia_util,27.0,46.5,4.65,-4.19,-4.19,desvio,abaixo,baixa,2,fallback (60d recentes),3.0
PT0002000107172384HT,21,1,historico,dia_util,23.0,48.0,9.0,-2.78,-2.78,normal,abaixo,baixa,3,fallback (60d recentes),3.0
PT0002000107172384HT,22,1,historico,dia_util,23.0,47.0,4.7,-5.11,-5.11,desvio,abaixo,baixa,3,fallback (60d recentes),3.0
PT0002000107172384HT,23,1,historico,dia_util,26.0,38.67,3.87,-3.28,-3.28,desvio,abaixo,baixa,3,fallback (60d recentes),3.0
PT0002000109837807PE,0,1,historico,dia_util,7.0,7.0,0.7,0.0,0.0,normal,abaixo,baixa,2,fallback (60d recentes),3.0
PT0002000109837807PE,1,1,historico,dia_util,7.0,7.0,0.7,0.0,0.0,normal,abaixo,baixa,2,fallback (60d recentes),3.0
PT0002000109837807PE,2,1,historico,dia_util,7.0,7.0,0.7,0.0,0.0,normal,abaixo,baixa,2,fallback (60d recentes),3.0
PT0002000109837807PE,3,1,historico,dia_util,7.0,7.0,0.7,0.0,0.0,normal,abaixo,baixa,2,fallback (60d recentes),3.0
PT0002000109837807PE,4,1,historico,dia_util,6.0,6.0,0.6,0.0,0.0,normal,abaixo,baixa,2,fallback (60d recentes),3.0
PT0002000109837807PE,5,1,historico,dia_util,3.0,3.5,0.71,-0.71,-0.71,normal,abaixo,baixa,2,fallback (60d recentes),3.0
PT0002000109837807PE,6,1,historico,dia_util,4.0,3.5,0.71,0.71,0.71,normal,acima,baixa,2,fallback (60d recentes),3.0
PT0002000109837807PE,7,1,historico,dia_util,3.0,3.0,0.3,0.0,0.0,normal,abaixo,baixa,2,fallback (60d recentes),3.0
PT0002000109837807PE,8,1,historico,dia_util,4.0,4.0,0.4,0.0,0.0,normal,abaixo,baixa,2,fallback (60d recentes),3.0
PT0002000109837807PE,9,1,historico,dia_util,5.0,3.0,0.3,6.67,6.67,desvio,acima,baixa,2,fallback (60d recentes),3.0
PT0002000109837807PE,10,1,historico,dia_util,4.0,4.0,0.4,0.0,0.0,normal,abaixo,baixa,2,fallback (60d recentes),3.0
PT0002000109837807PE,11,1,historico,dia_util,5.0,4.0,0.4,2.5,2.5,normal,acima,baixa,2,fallback (60d recentes),3.0
PT0002000109837807PE,12,1,historico,dia_util,8.0,3.0,0.3,10.0,16.67,desvio,acima,baixa,2,fallback (60d recentes),3.0
PT0002000109837807PE,13,1,historico,dia_util,7.0,3.0,0.3,10.0,13.33,desvio,acima,baixa,2,fallback (60d recentes),3.0
PT0002000109837807PE,14,1,historico,dia_util,5.0,4.0,0.4,2.5,2.5,normal,acima,baixa,2,fallback (60d recentes),3.0
PT0002000109837807PE,15,1,historico,dia_util,4.0,3.0,0.3,3.33,3.33,desvio,acima,baixa,2,fallback (60d recentes),3.0
PT0002000109837807PE,16,1,historico,dia_util,3.0,4.0,0.4,-2.5,-2.5,normal,abaixo,baixa,2,fallback (60d recentes),3.0
PT0002000109837807PE,17,1,historico,dia_util,4.0,3.5,0.71,0.71,0.71,normal,acima,baixa,2,fallback (60d recentes),3.0
PT0002000109837807PE,18,1,historico,dia_util,3.0,3.5,0.71,-0.71,-0.71,normal,abaixo,baixa,2,fallback (60d recentes),3.0
PT0002000109837807PE,19,1,historico,dia_util,6.0,6.0,0.6,0.0,0.0,normal,abaixo,baixa,2,fallback (60d recentes),3.0
PT0002000109837807PE,20,1,historico,dia_util,6.0,6.0,0.6,0.0,0.0,normal,abaixo,baixa,2,fallback (60d recentes),3.0
PT0002000109837807PE,21,1,historico,dia_util,7.0,6.67,0.67,0.5,0.5,normal,acima,baixa,3,fallback (60d recentes),3.0
PT0002000109837807PE,22,1,historico,dia_util,7.0,6.67,0.67,0.5,0.5,normal,acima,baixa,3,fallback (60d recentes),3.0
PT0002000109837807PE,23,1,historico,dia_util,7.0,7.0,0.7,0.0,0.0,normal,abaixo,baixa,3,fallback (60d recentes),3.0
PT0002000110090564GD,0,1,historico,dia_util,5.0,4.5,0.71,0.71,0.71,normal,acima,baixa,2,fallback (60d recentes),3.0
PT0002000110090564GD,1,1,historico,dia_util,5.0,5.0,0.5,0.0,0.0,normal,abaixo,baixa,2,fallback (60d recentes),3.0
PT0002000110090564GD,2,1,historico,dia_util,5.0,4.5,0.71,0.71,0.71,normal,acima,baixa,2,fallback (60d recentes),3.0
PT0002000110090564GD,3,1,historico,dia_util,4.0,5.0,0.5,-2.0,-2.0,normal,abaixo,baixa,2,fallback (60d recentes),3.0
PT0002000110090564GD,4,1,historico,dia_util,5.0,4.5,0.71,0.71,0.71,normal,acima,baixa,2,fallback (60d recentes),3.0
PT0002000110090564GD,5,1,historico,dia_util,5.0,5.0,0.5,0.0,0.0,normal,abaixo,baixa,2,fallback (60d recentes),3.0
PT0002000110090564GD,6,1,historico,dia_util,5.0,5.0,0.5,0.0,0.0,normal,abaixo,baixa,2,fallback (60d recentes),3.0
PT0002000110090564GD,7,1,historico,dia_util,4.0,4.5,0.71,-0.71,-0.71,normal,abaixo,baixa,2,fallback (60d recentes),3.0
PT0002000110090564GD,8,1,historico,dia_util,5.0,4.5,0.71,0.71,0.71,normal,acima,baixa,2,fallback (60d recentes),3.0
PT0002000110090564GD,9,1,historico,dia_util,5.0,5.0,0.5,0.0,0.0,normal,abaixo,baixa,2,fallback (60d recentes),3.0
PT0002000110090564GD,10,1,historico,dia_util,5.0,5.5,0.71,-0.71,-0.71,normal,abaixo,baixa,2,fallback (60d recentes),3.0
PT0002000110090564GD,11,1,historico,dia_util,4.0,5.0,0.5,-2.0,-2.0,normal,abaixo,baixa,2,fallback (60d recentes),3.0
PT0002000110090564GD,12,1,historico,dia_util,5.0,5.0,0.5,0.0,0.0,normal,abaixo,baixa,2,fallback (60d recentes),3.0
PT0002000110090564GD,13,1,historico,dia_util,6.0,4.0,0.4,5.0,5.0,desvio,acima,baixa,2,fallback (60d recentes),3.0
PT0002000110090564GD,14,1,historico,dia_util,6.0,5.0,0.5,2.0,2.0,normal,acima,baixa,2,fallback (60d recentes),3.0
PT0002000110090564GD,15,1,historico,dia_util,6.0,5.0,0.5,2.0,2.0,normal,acima,baixa,2,fallback (60d recentes),3.0
PT0002000110090564GD,16,1,historico,dia_util,5.0,5.0,0.5,0.0,0.0,normal,abaixo,baixa,2,fallback (60d recentes),3.0
PT0002000110090564GD,17,1,historico,dia_util,5.0,4.5,0.71,0.71,0.71,normal,acima,baixa,2,fallback (60d recentes),3.0
PT0002000110090564GD,18,1,historico,dia_util,5.0,5.0,0.5,0.0,0.0,normal,abaixo,baixa,2,fallback (60d recentes),3.0
PT0002000110090564GD,19,1,historico,dia_util,6.0,4.5,0.71,2.12,2.12,normal,acima,baixa,2,fallback (60d recentes),3.0
PT0002000110090564GD,20,1,historico,dia_util,5.0,5.0,0.5,0.0,0.0,normal,abaixo,baixa,2,fallback (60d recentes),3.0
PT0002000110090564GD,21,1,historico,dia_util,6.0,4.0,1.0,2.0,2.0,normal,acima,baixa,3,fallback (60d recentes),3.0
PT0002000110090564GD,22,1,historico,dia_util,4.0,4.67,0.58,-1.15,-1.15,normal,abaixo,baixa,3,fallback (60d recentes),3.0
PT0002000110090564GD,23,1,historico,dia_util,5.0,5.0,0.5,0.0,0.0,normal,abaixo,baixa,3,fallback (60d recentes),3.0
PT0002000110607652SB,0,0,historico,dia_util,12.0,20.0,5.66,-1.41,-1.41,normal,abaixo,baixa,2,fallback (60d recentes),3.0
PT0002000110607652SB,1,0,historico,dia_util,12.0,14.0,2.83,-0.71,-0.71,normal,abaixo,baixa,2,fallback (60d recentes),3.0
PT0002000110607652SB,2,0,historico,dia_util,16.0,14.0,2.83,0.71,0.71,normal,acima,baixa,2,fallback (60d recentes),3.0
PT0002000110607652SB,3,0,historico,dia_util,12.0,18.0,8.49,-0.71,-0.71,normal,abaixo,baixa,2,fallback (60d recentes),3.0
PT0002000110607652SB,4,0,historico,dia_util,12.0,12.0,1.2,0.0,0.0,normal,abaixo,baixa,2,fallback (60d recentes),3.0
PT0002000110607652SB,5,0,historico,dia_util,16.0,12.0,1.2,3.33,3.33,desvio,acima,baixa,2,fallback (60d recentes),3.0
PT0002000110607652SB,6,0,historico,dia_util,16.0,12.0,1.2,3.33,3.33,desvio,acima,baixa,2,fallback (60d recentes),3.0
PT0002000110607652SB,7,0,historico,dia_util,32.0,12.0,1.2,10.0,16.67,desvio,acima,baixa,2,fallback (60d recentes),3.0
PT0002000110607652SB,8,0,historico,dia_util,88.0,14.0,2.83,10.0,26.16,desvio,acima,baixa,2,fallback (60d recentes),3.0
PT0002000110607652SB,9,0,historico,dia_util,76.0,18.0,2.83,10.0,20.51,desvio,acima,baixa,2,fallback (60d recentes),3.0
PT0002000110607652SB,10,0,historico,dia_util,92.0,22.0,2.83,10.0,24.75,desvio,acima,baixa,2,fallback (60d recentes),3.0
PT0002000110607652SB,11,0,historico,dia_util,80.0,20.0,2.0,10.0,30.0,desvio,acima,baixa,2,fallback (60d recentes),3.0
PT0002000110607652SB,12,0,historico,dia_util,84.0,20.0,2.0,10.0,32.0,desvio,acima,baixa,2,fallback (60d recentes),3.0
PT0002000110607652SB,13,0,historico,dia_util,92.0,22.0,2.83,10.0,24.75,desvio,acima,baixa,2,fallback (60d recentes),3.0
PT0002000110607652SB,14,0,historico,dia_util,92.0,20.0,2.0,10.0,36.0,desvio,acima,baixa,2,fallback (60d recentes),3.0
PT0002000110607652SB,15,0,historico,dia_util,96.0,20.0,2.0,10.0,38.0,desvio,acima,baixa,2,fallback (60d recentes),3.0
PT0002000110607652SB,16,0,historico,dia_util,84.0,24.0,5.66,10.0,10.61,desvio,acima,baixa,2,fallback (60d recentes),3.0
PT0002000110607652SB,17,0,historico,dia_util,84.0,20.0,2.0,10.0,32.0,desvio,acima,baixa,2,fallback (60d recentes),3.0
PT0002000110607652SB,18,0,historico,dia_util,72.0,22.0,2.83,10.0,17.68,desvio,acima,baixa,2,fallback (60d recentes),3.0
PT0002000110607652SB,19,0,historico,dia_util,48.0,20.0,2.0,10.0,14.0,desvio,acima,baixa,2,fallback (60d recentes),3.0
PT0002000110607652SB,20,0,historico,dia_util,12.0,22.0,2.83,-3.54,-3.54,desvio,abaixo,baixa,2,fallback (60d recentes),3.0
PT0002000110607652SB,21,0,historico,dia_util,8.0,18.67,6.11,-1.75,-1.75,normal,abaixo,baixa,3,fallback (60d recentes),3.0
PT0002000110607652SB,22,0,historico,dia_util,8.0,20.0,2.0,-6.0,-6.0,desvio,abaixo,baixa,3,fallback (60d recentes),3.0
PT0002000110607652SB,23,0,historico,dia_util,8.0,16.0,4.0,-2.0,-2.0,normal,abaixo,baixa,3,fallback (60d recentes),3.0
PT0002000110814293YC,0,0,atribuido,dia_util,35.0,45.5,4.55,-2.31,-2.31,normal,abaixo,baixa,2,fallback (60d recentes),3.0
PT0002000110814293YC,1,0,atribuido,dia_util,41.0,44.0,4.4,-0.68,-0.68,normal,abaixo,baixa,2,fallback (60d recentes),3.0
PT0002000110814293YC,2,0,atribuido,dia_util,33.0,38.5,3.85,-1.43,-1.43,normal,abaixo,baixa,2,fallback (60d recentes),3.0
PT0002000110814293YC,3,0,atribuido,dia_util,36.0,44.0,4.4,-1.82,-1.82,normal,abaixo,baixa,2,fallback (60d recentes),3.0
PT0002000110814293YC,4,0,atribuido,dia_util,33.0,39.0,9.9,-0.61,-0.61,normal,abaixo,baixa,2,fallback (60d recentes),3.0
PT0002000110814293YC,5,0,atribuido,dia_util,31.0,43.5,4.35,-2.87,-2.87,normal,abaixo,baixa,2,fallback (60d recentes),3.0
PT0002000110814293YC,6,0,atribuido,dia_util,35.0,34.5,4.95,0.1,0.1,normal,acima,baixa,2,fallback (60d recentes),3.0
PT0002000110814293YC,7,0,atribuido,dia_util,29.0,43.5,4.35,-3.33,-3.33,desvio,abaixo,baixa,2,fallback (60d recentes),3.0
PT0002000110814293YC,8,0,atribuido,dia_util,46.0,42.0,7.07,0.57,0.57,normal,acima,baixa,2,fallback (60d recentes),3.0
PT0002000110814293YC,9,0,atribuido,dia_util,47.0,45.5,4.55,0.33,0.33,normal,acima,baixa,2,fallback (60d recentes),3.0
PT0002000110814293YC,10,0,atribuido,dia_util,55.0,48.0,4.8,1.46,1.46,normal,acima,baixa,2,fallback (60d recentes),3.0
PT0002000110814293YC,11,0,atribuido,dia_util,70.0,53.0,5.3,3.21,3.21,desvio,acima,baixa,2,fallback (60d recentes),3.0
PT0002000110814293YC,12,0,atribuido,dia_util,71.0,58.0,5.8,2.24,2.24,normal,acima,baixa,2,fallback (60d recentes),3.0
PT0002000110814293YC,13,0,atribuido,dia_util,78.0,57.0,7.07,2.97,2.97,normal,acima,baixa,2,fallback (60d recentes),3.0
PT0002000110814293YC,14,0,atribuido,dia_util,75.0,62.5,6.25,2.0,2.0,normal,acima,baixa,2,fallback (60d recentes),3.0
PT0002000110814293YC,15,0,atribuido,dia_util,73.0,62.0,6.2,1.77,1.77,normal,acima,baixa,2,fallback (60d recentes),3.0
PT0002000110814293YC,16,0,atribuido,dia_util,72.0,61.5,6.15,1.71,1.71,normal,acima,baixa,2,fallback (60d recentes),3.0
PT0002000110814293YC,17,0,atribuido,dia_util,70.0,55.5,6.36,2.28,2.28,normal,acima,baixa,2,fallback (60d recentes),3.0
PT0002000110814293YC,18,0,atribuido,dia_util,60.0,54.5,6.36,0.86,0.86,normal,acima,baixa,2,fallback (60d recentes),3.0
PT0002000110814293YC,19,0,atribuido,dia_util,56.0,49.0,4.9,1.43,1.43,normal,acima,baixa,2,fallback (60d recentes),3.0
PT0002000110814293YC,20,0,atribuido,dia_util,38.0,48.0,4.8,-2.08,-2.08,normal,abaixo,baixa,2,fallback (60d recentes),3.0
PT0002000110814293YC,21,0,atribuido,dia_util,45.0,42.33,8.14,0.33,0.33,normal,acima,baixa,3,fallback (60d recentes),3.0
PT0002000110814293YC,22,0,atribuido,dia_util,43.0,43.0,7.81,0.0,0.0,normal,abaixo,baixa,3,fallback (60d recentes),3.0
PT0002000110814293YC,23,0,atribuido,dia_util,37.0,43.0,5.57,-1.08,-1.08,normal,abaixo,baixa,3,fallback (60d recentes),3.0
PT0002000111572054VT,0,0,atribuido,dia_util,18.0,15.5,1.55,1.61,1.61,normal,acima,baixa,2,fallback (60d recentes),3.0
PT0002000111572054VT,1,0,atribuido,dia_util,17.0,16.5,1.65,0.3,0.3,normal,acima,baixa,2,fallback (60d recentes),3.0
PT0002000111572054VT,2,0,atribuido,dia_util,16.0,16.0,1.6,0.0,0.0,normal,abaixo,baixa,2,fallback (60d recentes),3.0
PT0002000111572054VT,3,0,atribuido,dia_util,17.0,15.5,1.55,0.97,0.97,normal,acima,baixa,2,fallback (60d recentes),3.0
PT0002000111572054VT,4,0,atribuido,dia_util,16.0,16.0,1.6,0.0,0.0,normal,abaixo,baixa,2,fallback (60d recentes),3.0
PT0002000111572054VT,5,0,atribuido,dia_util,16.0,16.0,1.6,0.0,0.0,normal,abaixo,baixa,2,fallback (60d recentes),3.0
PT0002000111572054VT,6,0,atribuido,dia_util,16.0,15.5,1.55,0.32,0.32,normal,acima,baixa,2,fallback (60d recentes),3.0
PT0002000111572054VT,7,0,atribuido,dia_util,14.0,12.5,2.12,0.71,0.71,normal,acima,baixa,2,fallback (60d recentes),3.0
PT0002000111572054VT,8,0,atribuido,dia_util,14.0,4.5,0.71,10.0,13.44,desvio,acima,baixa,2,fallback (60d recentes),3.0
PT0002000111572054VT,9,0,atribuido,dia_util,4.0,1.5,2.12,1.18,1.18,normal,acima,baixa,2,fallback (60d recentes),3.0
PT0002000111572054VT,10,0,atribuido,dia_util,1.0,1.0,1.41,0.0,0.0,normal,abaixo,baixa,2,fallback (60d recentes),3.0
PT0002000111572054VT,11,0,atribuido,dia_util,0.0,0.0,0.3,0.0,0.0,normal,abaixo,baixa,2,fallback (60d recentes),3.0
PT0002000111572054VT,12,0,atribuido,dia_util,0.0,0.0,0.3,0.0,0.0,normal,abaixo,baixa,2,fallback (60d recentes),3.0
PT0002000111572054VT,13,0,atribuido,dia_util,0.0,0.0,0.3,0.0,0.0,normal,abaixo,baixa,2,fallback (60d recentes),3.0
PT0002000111572054VT,14,0,atribuido,dia_util,0.0,0.0,0.3,0.0,0.0,normal,abaixo,baixa,2,fallback (60d recentes),3.0
PT0002000111572054VT,15,0,atribuido,dia_util,0.0,0.0,0.3,0.0,0.0,normal,abaixo,baixa,2,fallback (60d recentes),3.0
PT0002000111572054VT,16,0,atribuido,dia_util,0.0,0.0,0.3,0.0,0.0,normal,abaixo,baixa,2,fallback (60d recentes),3.0
PT0002000111572054VT,17,0,atribuido,dia_util,1.0,0.5,0.71,0.71,0.71,normal,acima,baixa,2,fallback (60d recentes),3.0
PT0002000111572054VT,18,0,atribuido,dia_util,10.0,3.5,3.54,1.84,1.84,normal,acima,baixa,2,fallback (60d recentes),3.0
PT0002000111572054VT,19,0,atribuido,dia_util,24.0,10.0,1.41,9.9,9.9,desvio,acima,baixa,2,fallback (60d recentes),3.0
PT0002000111572054VT,20,0,atribuido,dia_util,20.0,15.5,1.55,2.9,2.9,normal,acima,baixa,2,fallback (60d recentes),3.0
PT0002000111572054VT,21,0,atribuido,dia_util,20.0,14.67,2.31,2.31,2.31,normal,acima,baixa,3,fallback (60d recentes),3.0
PT0002000111572054VT,22,0,atribuido,dia_util,19.0,16.33,1.63,1.63,1.63,normal,acima,baixa,3,fallback (60d recentes),3.0
PT0002000111572054VT,23,0,atribuido,dia_util,21.0,16.33,1.63,2.86,2.86,normal,acima,baixa,3,fallback (60d recentes),3.0
PT0002000112989585PH,0,0,historico,dia_util,89.0,94.0,9.4,-0.53,-0.53,normal,abaixo,baixa,2,fallback (60d recentes),3.0
PT0002000112989585PH,1,0,historico,dia_util,87.0,93.0,9.3,-0.65,-0.65,normal,abaixo,baixa,2,fallback (60d recentes),3.0
PT0002000112989585PH,2,0,historico,dia_util,87.0,93.0,9.3,-0.65,-0.65,normal,abaixo,baixa,2,fallback (60d recentes),3.0
PT0002000112989585PH,3,0,historico,dia_util,85.0,92.5,9.25,-0.81,-0.81,normal,abaixo,baixa,2,fallback (60d recentes),3.0
PT0002000112989585PH,4,0,historico,dia_util,84.0,93.0,9.3,-0.97,-0.97,normal,abaixo,baixa,2,fallback (60d recentes),3.0
PT0002000112989585PH,5,0,historico,dia_util,81.0,91.0,9.1,-1.1,-1.1,normal,abaixo,baixa,2,fallback (60d recentes),3.0
PT0002000112989585PH,6,0,historico,dia_util,82.0,91.0,9.1,-0.99,-0.99,normal,abaixo,baixa,2,fallback (60d recentes),3.0
PT0002000112989585PH,7,0,historico,dia_util,94.0,85.0,8.5,1.06,1.06,normal,acima,baixa,2,fallback (60d recentes),3.0
PT0002000112989585PH,8,0,historico,dia_util,84.0,59.5,5.95,4.12,4.12,desvio,acima,baixa,2,fallback (60d recentes),3.0
PT0002000112989585PH,9,0,historico,dia_util,49.0,47.5,10.61,0.14,0.14,normal,acima,baixa,2,fallback (60d recentes),3.0
PT0002000112989585PH,10,0,historico,dia_util,26.0,28.5,16.26,-0.15,-0.15,normal,abaixo,baixa,2,fallback (60d recentes),3.0
PT0002000112989585PH,11,0,historico,dia_util,21.0,17.5,13.44,0.26,0.26,normal,acima,baixa,2,fallback (60d recentes),3.0
PT0002000112989585PH,12,0,historico,dia_util,10.0,9.5,9.19,0.05,0.05,normal,acima,baixa,2,fallback (60d recentes),3.0
PT0002000112989585PH,13,0,historico,dia_util,8.0,0.5,0.71,10.0,10.61,desvio,acima,baixa,2,fallback (60d recentes),3.0
PT0002000112989585PH,14,0,historico,dia_util,13.0,2.0,1.41,7.78,7.78,desvio,acima,baixa,2,fallback (60d recentes),3.0
PT0002000112989585PH,15,0,historico,dia_util,25.0,7.0,1.41,10.0,12.73,desvio,acima,baixa,2,fallback (60d recentes),3.0
PT0002000112989585PH,16,0,historico,dia_util,30.0,22.0,7.07,1.13,1.13,normal,acima,baixa,2,fallback (60d recentes),3.0
PT0002000112989585PH,17,0,historico,dia_util,65.0,54.0,12.73,0.86,0.86,normal,acima,baixa,2,fallback (60d recentes),3.0
PT0002000112989585PH,18,0,historico,dia_util,87.0,77.5,7.78,1.22,1.22,normal,acima,baixa,2,fallback (60d recentes),3.0
PT0002000112989585PH,19,0,historico,dia_util,111.0,89.5,8.95,2.4,2.4,normal,acima,baixa,2,fallback (60d recentes),3.0
PT0002000112989585PH,20,0,historico,dia_util,98.0,96.0,9.6,0.21,0.21,normal,acima,baixa,2,fallback (60d recentes),3.0
PT0002000112989585PH,21,0,historico,dia_util,95.0,87.33,13.87,0.55,0.55,normal,acima,baixa,3,fallback (60d recentes),3.0
PT0002000112989585PH,22,0,historico,dia_util,93.0,94.33,9.43,-0.14,-0.14,normal,abaixo,baixa,3,fallback (60d recentes),3.0
PT0002000112989585PH,23,0,historico,dia_util,94.0,94.0,9.4,0.0,0.0,normal,abaixo,baixa,3,fallback (60d recentes),3.0
PT0002000115031201VQ,0,0,historico,dia_util,6.0,6.0,0.6,0.0,0.0,normal,abaixo,baixa,2,fallback (60d recentes),3.0
PT0002000115031201VQ,1,0,historico,dia_util,4.0,3.0,0.3,3.33,3.33,desvio,acima,baixa,2,fallback (60d recentes),3.0
PT0002000115031201VQ,2,0,historico,dia_util,4.0,3.0,0.3,3.33,3.33,desvio,acima,baixa,2,fallback (60d recentes),3.0
PT0002000115031201VQ,3,0,historico,dia_util,4.0,3.0,0.3,3.33,3.33,desvio,acima,baixa,2,fallback (60d recentes),3.0
PT0002000115031201VQ,4,0,historico,dia_util,4.0,4.0,0.4,0.0,0.0,normal,abaixo,baixa,2,fallback (60d recentes),3.0
PT0002000115031201VQ,5,0,historico,dia_util,4.0,3.5,0.71,0.71,0.71,normal,acima,baixa,2,fallback (60d recentes),3.0
PT0002000115031201VQ,6,0,historico,dia_util,4.0,4.5,0.71,-0.71,-0.71,normal,abaixo,baixa,2,fallback (60d recentes),3.0
PT0002000115031201VQ,7,0,historico,dia_util,8.0,3.5,0.71,6.36,6.36,desvio,acima,baixa,2,fallback (60d recentes),3.0
PT0002000115031201VQ,8,0,historico,dia_util,22.0,5.0,0.5,10.0,34.0,desvio,acima,baixa,2,fallback (60d recentes),3.0
PT0002000115031201VQ,9,0,historico,dia_util,25.0,3.5,0.71,10.0,30.41,desvio,acima,baixa,2,fallback (60d recentes),3.0
PT0002000115031201VQ,10,0,historico,dia_util,35.0,4.0,0.4,10.0,77.5,desvio,acima,baixa,2,fallback (60d recentes),3.0
PT0002000115031201VQ,11,0,historico,dia_util,47.0,3.5,0.71,10.0,61.52,desvio,acima,baixa,2,fallback (60d recentes),3.0
PT0002000115031201VQ,12,0,historico,dia_util,45.0,3.5,0.71,10.0,58.69,desvio,acima,baixa,2,fallback (60d recentes),3.0
PT0002000115031201VQ,13,0,historico,dia_util,41.0,4.0,0.4,10.0,92.5,desvio,acima,baixa,2,fallback (60d recentes),3.0
PT0002000115031201VQ,14,0,historico,dia_util,38.0,3.5,0.71,10.0,48.79,desvio,acima,baixa,2,fallback (60d recentes),3.0
PT0002000115031201VQ,15,0,historico,dia_util,26.0,3.5,0.71,10.0,31.82,desvio,acima,baixa,2,fallback (60d recentes),3.0
PT0002000115031201VQ,16,0,historico,dia_util,21.0,3.5,0.71,10.0,24.75,desvio,acima,baixa,2,fallback (60d recentes),3.0
PT0002000115031201VQ,17,0,historico,dia_util,20.0,4.0,0.4,10.0,40.0,desvio,acima,baixa,2,fallback (60d recentes),3.0
PT0002000115031201VQ,18,0,historico,dia_util,17.0,6.5,0.71,10.0,14.85,desvio,acima,baixa,2,fallback (60d recentes),3.0
PT0002000115031201VQ,19,0,historico,dia_util,8.0,5.5,0.71,3.54,3.54,desvio,acima,baixa,2,fallback (60d recentes),3.0
PT0002000115031201VQ,20,0,historico,dia_util,7.0,6.0,0.6,1.67,1.67,normal,acima,baixa,2,fallback (60d recentes),3.0
PT0002000115031201VQ,21,0,historico,dia_util,8.0,5.0,1.0,3.0,3.0,normal,acima,baixa,3,fallback (60d recentes),3.0
PT0002000115031201VQ,22,0,historico,dia_util,8.0,6.0,1.0,2.0,2.0,normal,acima,baixa,3,fallback (60d recentes),3.0
PT0002000115031201VQ,23,0,historico,dia_util,8.0,6.0,1.0,2.0,2.0,normal,acima,baixa,3,fallback (60d recentes),3.0
PT0002000115673389QK,0,0,historico,dia_util,16.0,16.0,1.6,0.0,0.0,normal,abaixo,baixa,2,fallback (60d recentes),3.0
PT0002000115673389QK,1,0,historico,dia_util,15.0,15.5,1.55,-0.32,-0.32,normal,abaixo,baixa,2,fallback (60d recentes),3.0
PT0002000115673389QK,2,0,historico,dia_util,16.0,15.5,1.55,0.32,0.32,normal,acima,baixa,2,fallback (60d recentes),3.0
PT0002000115673389QK,3,0,historico,dia_util,16.0,15.5,1.55,0.32,0.32,normal,acima,baixa,2,fallback (60d recentes),3.0
PT0002000115673389QK,4,0,historico,dia_util,15.0,16.0,1.6,-0.62,-0.62,normal,abaixo,baixa,2,fallback (60d recentes),3.0
PT0002000115673389QK,5,0,historico,dia_util,15.0,16.0,1.6,-0.62,-0.62,normal,abaixo,baixa,2,fallback (60d recentes),3.0
PT0002000115673389QK,6,0,historico,dia_util,16.0,15.5,1.55,0.32,0.32,normal,acima,baixa,2,fallback (60d recentes),3.0
PT0002000115673389QK,7,0,historico,dia_util,15.0,15.0,1.5,0.0,0.0,normal,abaixo,baixa,2,fallback (60d recentes),3.0
PT0002000115673389QK,8,0,historico,dia_util,15.0,16.0,1.6,-0.62,-0.62,normal,abaixo,baixa,2,fallback (60d recentes),3.0
PT0002000115673389QK,9,0,historico,dia_util,16.0,15.5,1.55,0.32,0.32,normal,acima,baixa,2,fallback (60d recentes),3.0
PT0002000115673389QK,10,0,historico,dia_util,16.0,16.5,1.65,-0.3,-0.3,normal,abaixo,baixa,2,fallback (60d recentes),3.0
PT0002000115673389QK,11,0,historico,dia_util,16.0,15.5,1.55,0.32,0.32,normal,acima,baixa,2,fallback (60d recentes),3.0
PT0002000115673389QK,12,0,historico,dia_util,16.0,16.0,1.6,0.0,0.0,normal,abaixo,baixa,2,fallback (60d recentes),3.0
PT0002000115673389QK,13,0,historico,dia_util,16.0,15.5,1.55,0.32,0.32,normal,acima,baixa,2,fallback (60d recentes),3.0
PT0002000115673389QK,14,0,historico,dia_util,16.0,15.5,1.55,0.32,0.32,normal,acima,baixa,2,fallback (60d recentes),3.0
PT0002000115673389QK,15,0,historico,dia_util,16.0,14.5,1.45,1.03,1.03,normal,acima,baixa,2,fallback (60d recentes),3.0
PT0002000115673389QK,16,0,historico,dia_util,15.0,16.5,1.65,-0.91,-0.91,normal,abaixo,baixa,2,fallback (60d recentes),3.0
PT0002000115673389QK,17,0,historico,dia_util,15.0,15.0,1.5,0.0,0.0,normal,abaixo,baixa,2,fallback (60d recentes),3.0
PT0002000115673389QK,18,0,historico,dia_util,17.0,16.0,1.6,0.62,0.62,normal,acima,baixa,2,fallback (60d recentes),3.0
PT0002000115673389QK,19,0,historico,dia_util,15.0,16.0,1.6,-0.62,-0.62,normal,abaixo,baixa,2,fallback (60d recentes),3.0
PT0002000115673389QK,20,0,historico,dia_util,16.0,15.0,1.5,0.67,0.67,normal,acima,baixa,2,fallback (60d recentes),3.0
PT0002000115673389QK,21,0,historico,dia_util,15.0,14.67,2.31,0.14,0.14,normal,acima,baixa,3,fallback (60d recentes),3.0
PT0002000115673389QK,22,0,historico,dia_util,15.0,15.33,1.53,-0.22,-0.22,normal,abaixo,baixa,3,fallback (60d recentes),3.0
PT0002000115673389QK,23,0,historico,dia_util,16.0,15.0,1.5,0.67,0.67,normal,acima,baixa,3,fallback (60d recentes),3.0
PT0002000115673471CB,0,0,historico,dia_util,17.0,9.5,3.54,2.12,2.12,normal,acima,baixa,2,fallback (60d recentes),3.0
PT0002000115673471CB,1,0,historico,dia_util,13.0,8.0,2.83,1.77,1.77,normal,acima,baixa,2,fallback (60d recentes),3.0
PT0002000115673471CB,2,0,historico,dia_util,13.0,6.0,0.6,10.0,11.67,desvio,acima,baixa,2,fallback (60d recentes),3.0
PT0002000115673471CB,3,0,historico,dia_util,12.0,6.0,0.6,10.0,10.0,desvio,acima,baixa,2,fallback (60d recentes),3.0
PT0002000115673471CB,4,0,historico,dia_util,13.0,6.0,0.6,10.0,11.67,desvio,acima,baixa,2,fallback (60d recentes),3.0
PT0002000115673471CB,5,0,historico,dia_util,16.0,6.0,0.6,10.0,16.67,desvio,acima,baixa,2,fallback (60d recentes),3.0
PT0002000115673471CB,6,0,historico,dia_util,13.0,7.5,2.12,2.59,2.59,normal,acima,baixa,2,fallback (60d recentes),3.0
PT0002000115673471CB,7,0,historico,dia_util,12.0,9.5,2.12,1.18,1.18,normal,acima,baixa,2,fallback (60d recentes),3.0
PT0002000115673471CB,8,0,historico,dia_util,7.0,6.0,0.6,1.67,1.67,normal,acima,baixa,2,fallback (60d recentes),3.0
PT0002000115673471CB,9,0,historico,dia_util,6.0,6.5,0.71,-0.71,-0.71,normal,abaixo,baixa,2,fallback (60d recentes),3.0
PT0002000115673471CB,10,0,historico,dia_util,6.0,6.5,0.71,-0.71,-0.71,normal,abaixo,baixa,2,fallback (60d recentes),3.0
PT0002000115673471CB,11,0,historico,dia_util,7.0,6.5,0.71,0.71,0.71,normal,acima,baixa,2,fallback (60d recentes),3.0
PT0002000115673471CB,12,0,historico,dia_util,6.0,6.5,0.71,-0.71,-0.71,normal,abaixo,baixa,2,fallback (60d recentes),3.0
PT0002000115673471CB,13,0,historico,dia_util,7.0,7.0,1.41,0.0,0.0,normal,abaixo,baixa,2,fallback (60d recentes),3.0
PT0002000115673471CB,14,0,historico,dia_util,7.0,6.0,0.6,1.67,1.67,normal,acima,baixa,2,fallback (60d recentes),3.0
PT0002000115673471CB,15,0,historico,dia_util,7.0,6.5,0.71,0.71,0.71,normal,acima,baixa,2,fallback (60d recentes),3.0
PT0002000115673471CB,16,0,historico,dia_util,7.0,6.5,0.71,0.71,0.71,normal,acima,baixa,2,fallback (60d recentes),3.0
PT0002000115673471CB,17,0,historico,dia_util,6.0,6.0,0.6,0.0,0.0,normal,abaixo,baixa,2,fallback (60d recentes),3.0
PT0002000115673471CB,18,0,historico,dia_util,7.0,6.5,0.71,0.71,0.71,normal,acima,baixa,2,fallback (60d recentes),3.0
PT0002000115673471CB,19,0,historico,dia_util,7.0,6.5,0.71,0.71,0.71,normal,acima,baixa,2,fallback (60d recentes),3.0
PT0002000115673471CB,20,0,historico,dia_util,6.0,6.5,0.71,-0.71,-0.71,normal,abaixo,baixa,2,fallback (60d recentes),3.0
PT0002000115673471CB,21,0,historico,dia_util,7.0,5.67,0.58,2.31,2.31,normal,acima,baixa,3,fallback (60d recentes),3.0
PT0002000115673471CB,22,0,historico,dia_util,7.0,6.33,0.63,1.05,1.05,normal,acima,baixa,3,fallback (60d recentes),3.0
PT0002000115673471CB,23,0,historico,dia_util,8.0,5.67,0.58,4.04,4.04,desvio,acima,baixa,3,fallback (60d recentes),3.0
PT0002000115700602GW,0,0,historico,dia_util,7.0,7.0,0.7,0.0,0.0,normal,abaixo,baixa,2,fallback (60d recentes),3.0
PT0002000115700602GW,1,0,historico,dia_util,7.0,7.0,0.7,0.0,0.0,normal,abaixo,baixa,2,fallback (60d recentes),3.0
PT0002000115700602GW,2,0,historico,dia_util,7.0,6.0,0.6,1.67,1.67,normal,acima,baixa,2,fallback (60d recentes),3.0
PT0002000115700602GW,3,0,historico,dia_util,7.0,7.0,0.7,0.0,0.0,normal,abaixo,baixa,2,fallback (60d recentes),3.0
PT0002000115700602GW,4,0,historico,dia_util,7.0,7.0,0.7,0.0,0.0,normal,abaixo,baixa,2,fallback (60d recentes),3.0
PT0002000115700602GW,5,0,historico,dia_util,7.0,6.0,0.6,1.67,1.67,normal,acima,baixa,2,fallback (60d recentes),3.0
PT0002000115700602GW,6,0,historico,dia_util,6.0,7.0,0.7,-1.43,-1.43,normal,abaixo,baixa,2,fallback (60d recentes),3.0
PT0002000115700602GW,7,0,historico,dia_util,7.0,7.0,0.7,0.0,0.0,normal,abaixo,baixa,2,fallback (60d recentes),3.0
PT0002000115700602GW,8,0,historico,dia_util,7.0,6.0,0.6,1.67,1.67,normal,acima,baixa,2,fallback (60d recentes),3.0
PT0002000115700602GW,9,0,historico,dia_util,6.0,7.5,0.75,-2.0,-2.0,normal,abaixo,baixa,2,fallback (60d recentes),3.0
PT0002000115700602GW,10,0,historico,dia_util,7.0,7.0,0.7,0.0,0.0,normal,abaixo,baixa,2,fallback (60d recentes),3.0
PT0002000115700602GW,11,0,historico,dia_util,6.0,7.0,0.7,-1.43,-1.43,normal,abaixo,baixa,2,fallback (60d recentes),3.0
PT0002000115700602GW,12,0,historico,dia_util,7.0,7.0,0.7,0.0,0.0,normal,abaixo,baixa,2,fallback (60d recentes),3.0
PT0002000115700602GW,13,0,historico,dia_util,6.0,6.5,0.71,-0.71,-0.71,normal,abaixo,baixa,2,fallback (60d recentes),3.0
PT0002000115700602GW,14,0,historico,dia_util,7.0,7.0,0.7,0.0,0.0,normal,abaixo,baixa,2,fallback (60d recentes),3.0
PT0002000115700602GW,15,0,historico,dia_util,6.0,7.5,0.75,-2.0,-2.0,normal,abaixo,baixa,2,fallback (60d recentes),3.0
PT0002000115700602GW,16,0,historico,dia_util,7.0,7.0,0.7,0.0,0.0,normal,abaixo,baixa,2,fallback (60d recentes),3.0
PT0002000115700602GW,17,0,historico,dia_util,6.0,6.5,0.71,-0.71,-0.71,normal,abaixo,baixa,2,fallback (60d recentes),3.0
PT0002000115700602GW,18,0,historico,dia_util,7.0,7.0,0.7,0.0,0.0,normal,abaixo,baixa,2,fallback (60d recentes),3.0
PT0002000115700602GW,19,0,historico,dia_util,6.0,6.5,0.71,-0.71,-0.71,normal,abaixo,baixa,2,fallback (60d recentes),3.0
PT0002000115700602GW,20,0,historico,dia_util,7.0,6.5,0.71,0.71,0.71,normal,acima,baixa,2,fallback (60d recentes),3.0
PT0002000115700602GW,21,0,historico,dia_util,7.0,6.0,1.0,1.0,1.0,normal,acima,baixa,3,fallback (60d recentes),3.0
PT0002000115700602GW,22,0,historico,dia_util,7.0,7.0,0.7,0.0,0.0,normal,abaixo,baixa,3,fallback (60d recentes),3.0
PT0002000115700602GW,23,0,historico,dia_util,6.0,6.33,0.63,-0.53,-0.53,normal,abaixo,baixa,3,fallback (60d recentes),3.0
PT0002000119303492KB,0,0,historico,dia_util,5.0,5.0,0.5,0.0,0.0,normal,abaixo,baixa,2,fallback (60d recentes),3.0
PT0002000119303492KB,1,0,historico,dia_util,6.0,5.0,0.5,2.0,2.0,normal,acima,baixa,2,fallback (60d recentes),3.0
PT0002000119303492KB,2,0,historico,dia_util,4.0,5.0,0.5,-2.0,-2.0,normal,abaixo,baixa,2,fallback (60d recentes),3.0
PT0002000119303492KB,3,0,historico,dia_util,6.0,5.5,0.71,0.71,0.71,normal,acima,baixa,2,fallback (60d recentes),3.0
PT0002000119303492KB,4,0,historico,dia_util,5.0,5.0,0.5,0.0,0.0,normal,abaixo,baixa,2,fallback (60d recentes),3.0
PT0002000119303492KB,5,0,historico,dia_util,5.0,5.5,0.71,-0.71,-0.71,normal,abaixo,baixa,2,fallback (60d recentes),3.0
PT0002000119303492KB,6,0,historico,dia_util,5.0,5.0,0.5,0.0,0.0,normal,abaixo,baixa,2,fallback (60d recentes),3.0
PT0002000119303492KB,7,0,historico,dia_util,3.0,2.0,0.3,3.33,3.33,desvio,acima,baixa,2,fallback (60d recentes),3.0
PT0002000119303492KB,8,0,historico,dia_util,2.0,3.0,0.3,-3.33,-3.33,desvio,abaixo,baixa,2,fallback (60d recentes),3.0
PT0002000119303492KB,9,0,historico,dia_util,3.0,2.5,0.71,0.71,0.71,normal,acima,baixa,2,fallback (60d recentes),3.0
PT0002000119303492KB,10,0,historico,dia_util,2.0,3.0,0.3,-3.33,-3.33,desvio,abaixo,baixa,2,fallback (60d recentes),3.0
PT0002000119303492KB,11,0,historico,dia_util,3.0,2.0,0.3,3.33,3.33,desvio,acima,baixa,2,fallback (60d recentes),3.0
PT0002000119303492KB,12,0,historico,dia_util,2.0,3.0,0.3,-3.33,-3.33,desvio,abaixo,baixa,2,fallback (60d recentes),3.0
PT0002000119303492KB,13,0,historico,dia_util,3.0,2.5,0.71,0.71,0.71,normal,acima,baixa,2,fallback (60d recentes),3.0
PT0002000119303492KB,14,0,historico,dia_util,2.0,2.5,0.71,-0.71,-0.71,normal,abaixo,baixa,2,fallback (60d recentes),3.0
PT0002000119303492KB,15,0,historico,dia_util,3.0,2.5,0.71,0.71,0.71,normal,acima,baixa,2,fallback (60d recentes),3.0
PT0002000119303492KB,16,0,historico,dia_util,3.0,2.5,0.71,0.71,0.71,normal,acima,baixa,2,fallback (60d recentes),3.0
PT0002000119303492KB,17,0,historico,dia_util,3.0,3.5,0.71,-0.71,-0.71,normal,abaixo,baixa,2,fallback (60d recentes),3.0
PT0002000119303492KB,18,0,historico,dia_util,3.0,3.5,0.71,-0.71,-0.71,normal,abaixo,baixa,2,fallback (60d recentes),3.0
PT0002000119303492KB,19,0,historico,dia_util,4.0,3.5,0.71,0.71,0.71,normal,acima,baixa,2,fallback (60d recentes),3.0
PT0002000119303492KB,20,0,historico,dia_util,3.0,3.5,0.71,-0.71,-0.71,normal,abaixo,baixa,2,fallback (60d recentes),3.0
PT0002000119303492KB,21,0,historico,dia_util,6.0,4.67,1.53,0.87,0.87,normal,acima,baixa,3,fallback (60d recentes),3.0
PT0002000119303492KB,22,0,historico,dia_util,5.0,5.67,0.58,-1.15,-1.15,normal,abaixo,baixa,3,fallback (60d recentes),3.0
PT0002000119303492KB,23,0,historico,dia_util,5.0,5.0,0.5,0.0,0.0,normal,abaixo,baixa,3,fallback (60d recentes),3.0
PT0002000120237616VJ,0,0,historico,dia_util,11.0,10.5,1.05,0.48,0.48,normal,acima,baixa,2,fallback (60d recentes),3.0
PT0002000120237616VJ,1,0,historico,dia_util,10.0,10.5,1.05,-0.48,-0.48,normal,abaixo,baixa,2,fallback (60d recentes),3.0
PT0002000120237616VJ,2,0,historico,dia_util,11.0,10.5,1.05,0.48,0.48,normal,acima,baixa,2,fallback (60d recentes),3.0
PT0002000120237616VJ,3,0,historico,dia_util,11.0,11.0,1.1,0.0,0.0,normal,abaixo,baixa,2,fallback (60d recentes),3.0
PT0002000120237616VJ,4,0,historico,dia_util,11.0,10.5,1.05,0.48,0.48,normal,acima,baixa,2,fallback (60d recentes),3.0
PT0002000120237616VJ,5,0,historico,dia_util,11.0,11.0,1.1,0.0,0.0,normal,abaixo,baixa,2,fallback (60d recentes),3.0
PT0002000120237616VJ,6,0,historico,dia_util,11.0,11.0,1.1,0.0,0.0,normal,abaixo,baixa,2,fallback (60d recentes),3.0
PT0002000120237616VJ,7,0,historico,dia_util,20.0,11.0,1.1,8.18,8.18,desvio,acima,baixa,2,fallback (60d recentes),3.0
PT0002000120237616VJ,8,0,historico,dia_util,44.0,10.5,1.05,10.0,31.9,desvio,acima,baixa,2,fallback (60d recentes),3.0
PT0002000120237616VJ,9,0,historico,dia_util,44.0,11.5,1.15,10.0,28.26,desvio,acima,baixa,2,fallback (60d recentes),3.0
PT0002000120237616VJ,10,0,historico,dia_util,45.0,12.0,1.41,10.0,23.33,desvio,acima,baixa,2,fallback (60d recentes),3.0
PT0002000120237616VJ,11,0,historico,dia_util,53.0,12.0,1.41,10.0,28.99,desvio,acima,baixa,2,fallback (60d recentes),3.0
PT0002000120237616VJ,12,0,historico,dia_util,42.0,11.5,1.15,10.0,26.52,desvio,acima,baixa,2,fallback (60d recentes),3.0
PT0002000120237616VJ,13,0,historico,dia_util,38.0,12.5,1.25,10.0,20.4,desvio,acima,baixa,2,fallback (60d recentes),3.0
PT0002000120237616VJ,14,0,historico,dia_util,32.0,12.0,1.2,10.0,16.67,desvio,acima,baixa,2,fallback (60d recentes),3.0
PT0002000120237616VJ,15,0,historico,dia_util,27.0,12.0,1.2,10.0,12.5,desvio,acima,baixa,2,fallback (60d recentes),3.0
PT0002000120237616VJ,16,0,historico,dia_util,24.0,12.5,1.25,9.2,9.2,desvio,acima,baixa,2,fallback (60d recentes),3.0
PT0002000120237616VJ,17,0,historico,dia_util,24.0,11.0,1.1,10.0,11.82,desvio,acima,baixa,2,fallback (60d recentes),3.0
PT0002000120237616VJ,18,0,historico,dia_util,23.0,12.0,1.2,9.17,9.17,desvio,acima,baixa,2,fallback (60d recentes),3.0
PT0002000120237616VJ,19,0,historico,dia_util,21.0,11.0,1.1,9.09,9.09,desvio,acima,baixa,2,fallback (60d recentes),3.0
PT0002000120237616VJ,20,0,historico,dia_util,18.0,11.0,1.1,6.36,6.36,desvio,acima,baixa,2,fallback (60d recentes),3.0
PT0002000120237616VJ,21,0,historico,dia_util,18.0,11.67,1.17,5.43,5.43,desvio,acima,baixa,3,fallback (60d recentes),3.0
PT0002000120237616VJ,22,0,historico,dia_util,16.0,12.33,3.21,1.14,1.14,normal,acima,baixa,3,fallback (60d recentes),3.0
PT0002000120237616VJ,23,0,historico,dia_util,11.0,10.67,1.07,0.31,0.31,normal,acima,baixa,3,fallback (60d recentes),3.0
PT0002000123648159KR,0,0,historico,dia_util,2.0,2.5,0.71,-0.71,-0.71,normal,abaixo,baixa,2,fallback (60d recentes),3.0
PT0002000123648159KR,1,0,historico,dia_util,2.0,2.5,0.71,-0.71,-0.71,normal,abaixo,baixa,2,fallback (60d recentes),3.0
PT0002000123648159KR,2,0,historico,dia_util,2.0,2.0,0.3,0.0,0.0,normal,abaixo,baixa,2,fallback (60d recentes),3.0
PT0002000123648159KR,3,0,historico,dia_util,2.0,2.0,0.3,0.0,0.0,normal,abaixo,baixa,2,fallback (60d recentes),3.0
PT0002000123648159KR,4,0,historico,dia_util,3.0,2.0,0.3,3.33,3.33,desvio,acima,baixa,2,fallback (60d recentes),3.0
PT0002000123648159KR,5,0,historico,dia_util,2.0,2.5,0.71,-0.71,-0.71,normal,abaixo,baixa,2,fallback (60d recentes),3.0
PT0002000123648159KR,6,0,historico,dia_util,2.0,2.0,0.3,0.0,0.0,normal,abaixo,baixa,2,fallback (60d recentes),3.0
PT0002000123648159KR,7,0,historico,dia_util,2.0,2.0,0.3,0.0,0.0,normal,abaixo,baixa,2,fallback (60d recentes),3.0
PT0002000123648159KR,8,0,historico,dia_util,2.0,2.5,0.71,-0.71,-0.71,normal,abaixo,baixa,2,fallback (60d recentes),3.0
PT0002000123648159KR,9,0,historico,dia_util,2.0,2.5,0.71,-0.71,-0.71,normal,abaixo,baixa,2,fallback (60d recentes),3.0
PT0002000123648159KR,10,0,historico,dia_util,3.0,2.0,0.3,3.33,3.33,desvio,acima,baixa,2,fallback (60d recentes),3.0
PT0002000123648159KR,11,0,historico,dia_util,2.0,2.0,0.3,0.0,0.0,normal,abaixo,baixa,2,fallback (60d recentes),3.0
PT0002000123648159KR,12,0,historico,dia_util,2.0,2.5,0.71,-0.71,-0.71,normal,abaixo,baixa,2,fallback (60d recentes),3.0
PT0002000123648159KR,13,0,historico,dia_util,2.0,2.5,0.71,-0.71,-0.71,normal,abaixo,baixa,2,fallback (60d recentes),3.0
PT0002000123648159KR,14,0,historico,dia_util,3.0,2.0,0.3,3.33,3.33,desvio,acima,baixa,2,fallback (60d recentes),3.0
PT0002000123648159KR,15,0,historico,dia_util,2.0,2.0,0.3,0.0,0.0,normal,abaixo,baixa,2,fallback (60d recentes),3.0
PT0002000123648159KR,16,0,historico,dia_util,2.0,2.0,0.3,0.0,0.0,normal,abaixo,baixa,2,fallback (60d recentes),3.0
PT0002000123648159KR,17,0,historico,dia_util,3.0,3.0,0.3,0.0,0.0,normal,abaixo,baixa,2,fallback (60d recentes),3.0
PT0002000123648159KR,18,0,historico,dia_util,3.0,3.0,0.3,0.0,0.0,normal,abaixo,baixa,2,fallback (60d recentes),3.0
PT0002000123648159KR,19,0,historico,dia_util,2.0,3.0,0.3,-3.33,-3.33,desvio,abaixo,baixa,2,fallback (60d recentes),3.0
PT0002000123648159KR,20,0,historico,dia_util,3.0,2.0,0.3,3.33,3.33,desvio,acima,baixa,2,fallback (60d recentes),3.0
PT0002000123648159KR,21,0,historico,dia_util,3.0,2.67,0.58,0.58,0.58,normal,acima,baixa,3,fallback (60d recentes),3.0
PT0002000123648159KR,22,0,historico,dia_util,4.0,3.0,0.3,3.33,3.33,desvio,acima,baixa,3,fallback (60d recentes),3.0
PT0002000123648159KR,23,0,historico,dia_util,3.0,3.67,0.58,-1.15,-1.15,normal,abaixo,baixa,3,fallback (60d recentes),3.0
PT0002000125379984SH,0,1,historico,dia_util,3.0,4.0,0.4,-2.5,-2.5,normal,abaixo,baixa,2,fallback (60d recentes),3.0
PT0002000125379984SH,1,1,historico,dia_util,5.0,4.0,0.4,2.5,2.5,normal,acima,baixa,2,fallback (60d recentes),3.0
PT0002000125379984SH,2,1,historico,dia_util,3.0,3.0,0.3,0.0,0.0,normal,abaixo,baixa,2,fallback (60d recentes),3.0
PT0002000125379984SH,3,1,historico,dia_util,2.0,2.0,0.3,0.0,0.0,normal,abaixo,baixa,2,fallback (60d recentes),3.0
PT0002000125379984SH,4,1,historico,dia_util,2.0,2.0,0.3,0.0,0.0,normal,abaixo,baixa,2,fallback (60d recentes),3.0
PT0002000125379984SH,5,1,historico,dia_util,2.0,2.0,0.3,0.0,0.0,normal,abaixo,baixa,2,fallback (60d recentes),3.0
PT0002000125379984SH,6,1,historico,dia_util,2.0,2.5,0.71,-0.71,-0.71,normal,abaixo,baixa,2,fallback (60d recentes),3.0
PT0002000125379984SH,7,1,historico,dia_util,5.0,4.5,0.71,0.71,0.71,normal,acima,baixa,2,fallback (60d recentes),3.0
PT0002000125379984SH,8,1,historico,dia_util,6.0,4.0,0.4,5.0,5.0,desvio,acima,baixa,2,fallback (60d recentes),3.0
PT0002000125379984SH,9,1,historico,dia_util,12.0,5.0,0.5,10.0,14.0,desvio,acima,baixa,2,fallback (60d recentes),3.0
PT0002000125379984SH,10,1,historico,dia_util,13.0,4.0,0.4,10.0,22.5,desvio,acima,baixa,2,fallback (60d recentes),3.0
PT0002000125379984SH,11,1,historico,dia_util,8.0,4.5,0.71,4.95,4.95,desvio,acima,baixa,2,fallback (60d recentes),3.0
PT0002000125379984SH,12,1,historico,dia_util,5.0,4.5,0.71,0.71,0.71,normal,acima,baixa,2,fallback (60d recentes),3.0
PT0002000125379984SH,13,1,historico,dia_util,5.0,5.0,0.5,0.0,0.0,normal,abaixo,baixa,2,fallback (60d recentes),3.0
PT0002000125379984SH,14,1,historico,dia_util,7.0,3.5,0.71,4.95,4.95,desvio,acima,baixa,2,fallback (60d recentes),3.0
PT0002000125379984SH,15,1,historico,dia_util,11.0,3.5,0.71,10.0,10.61,desvio,acima,baixa,2,fallback (60d recentes),3.0
PT0002000125379984SH,16,1,historico,dia_util,14.0,3.5,0.71,10.0,14.85,desvio,acima,baixa,2,fallback (60d recentes),3.0
PT0002000125379984SH,17,1,historico,dia_util,7.0,4.0,0.4,7.5,7.5,desvio,acima,baixa,2,fallback (60d recentes),3.0
PT0002000125379984SH,18,1,historico,dia_util,3.0,3.5,0.71,-0.71,-0.71,normal,abaixo,baixa,2,fallback (60d recentes),3.0
PT0002000125379984SH,19,1,historico,dia_util,4.0,4.0,0.4,0.0,0.0,normal,abaixo,baixa,2,fallback (60d recentes),3.0
PT0002000125379984SH,20,1,historico,dia_util,5.0,4.5,0.71,0.71,0.71,normal,acima,baixa,2,fallback (60d recentes),3.0
PT0002000125379984SH,21,1,historico,dia_util,5.0,4.67,0.58,0.58,0.58,normal,acima,baixa,3,fallback (60d recentes),3.0
PT0002000125379984SH,22,1,historico,dia_util,4.0,4.33,0.58,-0.58,-0.58,normal,abaixo,baixa,3,fallback (60d recentes),3.0
PT0002000125379984SH,23,1,historico,dia_util,5.0,4.67,0.58,0.58,0.58,normal,acima,baixa,3,fallback (60d recentes),3.0
PT0002000201038711LS,0,1,atribuido,dia_util,0.0,23.5,33.23,-0.71,-0.71,normal,abaixo,baixa,2,fallback (60d recentes),3.0
PT0002000201038711LS,1,1,atribuido,dia_util,1.0,22.0,31.11,-0.67,-0.67,normal,abaixo,baixa,2,fallback (60d recentes),3.0
PT0002000201038711LS,2,1,atribuido,dia_util,0.0,8.0,11.31,-0.71,-0.71,normal,abaixo,baixa,2,fallback (60d recentes),3.0
PT0002000201038711LS,3,1,atribuido,dia_util,0.0,0.5,0.71,-0.71,-0.71,normal,abaixo,baixa,2,fallback (60d recentes),3.0
PT0002000201038711LS,4,1,atribuido,dia_util,0.0,0.0,0.3,0.0,0.0,normal,abaixo,baixa,2,fallback (60d recentes),3.0
PT0002000201038711LS,5,1,atribuido,dia_util,0.0,0.0,0.3,0.0,0.0,normal,abaixo,baixa,2,fallback (60d recentes),3.0
PT0002000201038711LS,6,1,atribuido,dia_util,16.0,0.0,0.3,10.0,53.33,desvio,acima,baixa,2,fallback (60d recentes),3.0
PT0002000201038711LS,7,1,atribuido,dia_util,29.0,4.0,1.41,10.0,17.68,desvio,acima,baixa,2,fallback (60d recentes),3.0
PT0002000201038711LS,8,1,atribuido,dia_util,30.0,1.5,0.71,10.0,40.31,desvio,acima,baixa,2,fallback (60d recentes),3.0
PT0002000201038711LS,9,1,atribuido,dia_util,22.0,0.0,0.3,10.0,73.33,desvio,acima,baixa,2,fallback (60d recentes),3.0
PT0002000201038711LS,10,1,atribuido,dia_util,1.0,0.0,0.3,3.33,3.33,desvio,acima,baixa,2,fallback (60d recentes),3.0
PT0002000201038711LS,11,1,atribuido,dia_util,0.0,0.5,0.71,-0.71,-0.71,normal,abaixo,baixa,2,fallback (60d recentes),3.0
PT0002000201038711LS,12,1,atribuido,dia_util,0.0,0.0,0.3,0.0,0.0,normal,abaixo,baixa,2,fallback (60d recentes),3.0
PT0002000201038711LS,13,1,atribuido,dia_util,12.0,0.5,0.71,10.0,16.26,desvio,acima,baixa,2,fallback (60d recentes),3.0
PT0002000201038711LS,14,1,atribuido,dia_util,16.0,0.0,0.3,10.0,53.33,desvio,acima,baixa,2,fallback (60d recentes),3.0
PT0002000201038711LS,15,1,atribuido,dia_util,27.0,0.0,0.3,10.0,90.0,desvio,acima,baixa,2,fallback (60d recentes),3.0
PT0002000201038711LS,16,1,atribuido,dia_util,37.0,0.5,0.71,10.0,51.62,desvio,acima,baixa,2,fallback (60d recentes),3.0
PT0002000201038711LS,17,1,atribuido,dia_util,50.0,0.0,0.3,10.0,166.67,desvio,acima,baixa,2,fallback (60d recentes),3.0
PT0002000201038711LS,18,1,atribuido,dia_util,27.0,8.5,7.78,2.38,2.38,normal,acima,baixa,2,fallback (60d recentes),3.0
PT0002000201038711LS,19,1,atribuido,dia_util,9.0,32.5,13.44,-1.75,-1.75,normal,abaixo,baixa,2,fallback (60d recentes),3.0
PT0002000201038711LS,20,1,atribuido,dia_util,69.0,16.0,16.97,3.12,3.12,desvio,acima,baixa,2,fallback (60d recentes),3.0
PT0002000201038711LS,21,1,atribuido,dia_util,66.0,11.33,18.77,2.91,2.91,normal,acima,baixa,3,fallback (60d recentes),3.0
PT0002000201038711LS,22,1,atribuido,dia_util,30.0,15.0,25.12,0.6,0.6,normal,acima,baixa,3,fallback (60d recentes),3.0
PT0002000201038711LS,23,1,atribuido,dia_util,14.0,15.33,26.56,-0.05,-0.05,normal,abaixo,baixa,3,fallback (60d recentes),3.0
PT0002000201936109ME,0,0,historico,dia_util,0.0,0.0,0.3,0.0,0.0,normal,abaixo,baixa,2,fallback (60d recentes),3.0
PT0002000201936109ME,1,0,historico,dia_util,0.0,0.0,0.3,0.0,0.0,normal,abaixo,baixa,2,fallback (60d recentes),3.0
PT0002000201936109ME,2,0,historico,dia_util,0.0,0.0,0.3,0.0,0.0,normal,abaixo,baixa,2,fallback (60d recentes),3.0
PT0002000201936109ME,3,0,historico,dia_util,0.0,0.0,0.3,0.0,0.0,normal,abaixo,baixa,2,fallback (60d recentes),3.0
PT0002000201936109ME,4,0,historico,dia_util,0.0,0.0,0.3,0.0,0.0,normal,abaixo,baixa,2,fallback (60d recentes),3.0
PT0002000201936109ME,5,0,historico,dia_util,0.0,0.0,0.3,0.0,0.0,normal,abaixo,baixa,2,fallback (60d recentes),3.0
PT0002000201936109ME,6,0,historico,dia_util,0.0,0.0,0.3,0.0,0.0,normal,abaixo,baixa,2,fallback (60d recentes),3.0
PT0002000201936109ME,7,0,historico,dia_util,0.0,0.0,0.3,0.0,0.0,normal,abaixo,baixa,2,fallback (60d recentes),3.0
PT0002000201936109ME,8,0,historico,dia_util,0.0,0.0,0.3,0.0,0.0,normal,abaixo,baixa,2,fallback (60d recentes),3.0
PT0002000201936109ME,9,0,historico,dia_util,0.0,0.0,0.3,0.0,0.0,normal,abaixo,baixa,2,fallback (60d recentes),3.0
PT0002000201936109ME,10,0,historico,dia_util,0.0,0.0,0.3,0.0,0.0,normal,abaixo,baixa,2,fallback (60d recentes),3.0
PT0002000201936109ME,11,0,historico,dia_util,0.0,0.0,0.3,0.0,0.0,normal,abaixo,baixa,2,fallback (60d recentes),3.0
PT0002000201936109ME,12,0,historico,dia_util,0.0,0.0,0.3,0.0,0.0,normal,abaixo,baixa,2,fallback (60d recentes),3.0
PT0002000201936109ME,13,0,historico,dia_util,0.0,0.0,0.3,0.0,0.0,normal,abaixo,baixa,2,fallback (60d recentes),3.0
PT0002000201936109ME,14,0,historico,dia_util,0.0,0.0,0.3,0.0,0.0,normal,abaixo,baixa,2,fallback (60d recentes),3.0
PT0002000201936109ME,15,0,historico,dia_util,0.0,0.0,0.3,0.0,0.0,normal,abaixo,baixa,2,fallback (60d recentes),3.0
PT0002000201936109ME,16,0,historico,dia_util,0.0,0.0,0.3,0.0,0.0,normal,abaixo,baixa,2,fallback (60d recentes),3.0
PT0002000201936109ME,17,0,historico,dia_util,0.0,0.0,0.3,0.0,0.0,normal,abaixo,baixa,2,fallback (60d recentes),3.0
PT0002000201936109ME,18,0,historico,dia_util,0.0,0.0,0.3,0.0,0.0,normal,abaixo,baixa,2,fallback (60d recentes),3.0
PT0002000201936109ME,19,0,historico,dia_util,0.0,0.0,0.3,0.0,0.0,normal,abaixo,baixa,2,fallback (60d recentes),3.0
PT0002000201936109ME,20,0,historico,dia_util,0.0,0.0,0.3,0.0,0.0,normal,abaixo,baixa,2,fallback (60d recentes),3.0
PT0002000201936109ME,21,0,historico,dia_util,0.0,0.0,0.3,0.0,0.0,normal,abaixo,baixa,3,fallback (60d recentes),3.0
PT0002000201936109ME,22,0,historico,dia_util,0.0,0.0,0.3,0.0,0.0,normal,abaixo,baixa,3,fallback (60d recentes),3.0
PT0002000201936109ME,23,0,historico,dia_util,0.0,0.0,0.3,0.0,0.0,normal,abaixo,baixa,3,fallback (60d recentes),3.0
PT0002000203419117SJ,0,2,atribuido,dia_util,0.0,0.0,0.3,0.0,0.0,normal,abaixo,baixa,2,fallback (60d recentes),3.0
PT0002000203419117SJ,1,2,atribuido,dia_util,0.0,0.0,0.3,0.0,0.0,normal,abaixo,baixa,2,fallback (60d recentes),3.0
PT0002000203419117SJ,2,2,atribuido,dia_util,0.0,0.0,0.3,0.0,0.0,normal,abaixo,baixa,2,fallback (60d recentes),3.0
PT0002000203419117SJ,3,2,atribuido,dia_util,0.0,0.0,0.3,0.0,0.0,normal,abaixo,baixa,2,fallback (60d recentes),3.0
PT0002000203419117SJ,4,2,atribuido,dia_util,0.0,0.0,0.3,0.0,0.0,normal,abaixo,baixa,2,fallback (60d recentes),3.0
PT0002000203419117SJ,5,2,atribuido,dia_util,0.0,0.0,0.3,0.0,0.0,normal,abaixo,baixa,2,fallback (60d recentes),3.0
PT0002000203419117SJ,6,2,atribuido,dia_util,0.0,0.0,0.3,0.0,0.0,normal,abaixo,baixa,2,fallback (60d recentes),3.0
PT0002000203419117SJ,7,2,atribuido,dia_util,0.0,2.0,2.83,-0.71,-0.71,normal,abaixo,baixa,2,fallback (60d recentes),3.0
PT0002000203419117SJ,8,2,atribuido,dia_util,0.0,0.0,0.3,0.0,0.0,normal,abaixo,baixa,2,fallback (60d recentes),3.0
PT0002000203419117SJ,9,2,atribuido,dia_util,0.0,0.0,0.3,0.0,0.0,normal,abaixo,baixa,2,fallback (60d recentes),3.0
PT0002000203419117SJ,10,2,atribuido,dia_util,0.0,0.0,0.3,0.0,0.0,normal,abaixo,baixa,2,fallback (60d recentes),3.0
PT0002000203419117SJ,11,2,atribuido,dia_util,0.0,0.0,0.3,0.0,0.0,normal,abaixo,baixa,2,fallback (60d recentes),3.0
PT0002000203419117SJ,12,2,atribuido,dia_util,0.0,0.0,0.3,0.0,0.0,normal,abaixo,baixa,2,fallback (60d recentes),3.0
PT0002000203419117SJ,13,2,atribuido,dia_util,0.0,0.0,0.3,0.0,0.0,normal,abaixo,baixa,2,fallback (60d recentes),3.0
PT0002000203419117SJ,14,2,atribuido,dia_util,0.0,0.0,0.3,0.0,0.0,normal,abaixo,baixa,2,fallback (60d recentes),3.0
PT0002000203419117SJ,15,2,atribuido,dia_util,0.0,0.0,0.3,0.0,0.0,normal,abaixo,baixa,2,fallback (60d recentes),3.0
PT0002000203419117SJ,16,2,atribuido,dia_util,0.0,0.0,0.3,0.0,0.0,normal,abaixo,baixa,2,fallback (60d recentes),3.0
PT0002000203419117SJ,17,2,atribuido,dia_util,0.0,0.0,0.3,0.0,0.0,normal,abaixo,baixa,2,fallback (60d recentes),3.0
PT0002000203419117SJ,18,2,atribuido,dia_util,0.0,0.0,0.3,0.0,0.0,normal,abaixo,baixa,2,fallback (60d recentes),3.0
PT0002000203419117SJ,19,2,atribuido,dia_util,0.0,0.0,0.3,0.0,0.0,normal,abaixo,baixa,2,fallback (60d recentes),3.0
PT0002000203419117SJ,20,2,atribuido,dia_util,0.0,0.0,0.3,0.0,0.0,normal,abaixo,baixa,2,fallback (60d recentes),3.0
PT0002000203419117SJ,21,2,atribuido,dia_util,0.0,0.0,0.3,0.0,0.0,normal,abaixo,baixa,3,fallback (60d recentes),3.0
PT0002000203419117SJ,22,2,atribuido,dia_util,0.0,0.0,0.3,0.0,0.0,normal,abaixo,baixa,3,fallback (60d recentes),3.0
PT0002000203419117SJ,23,2,atribuido,dia_util,0.0,0.0,0.3,0.0,0.0,normal,abaixo,baixa,3,fallback (60d recentes),3.0
PT0002000203886452WB,0,1,atribuido,dia_util,0.0,0.0,0.3,0.0,0.0,normal,abaixo,baixa,2,fallback (60d recentes),3.0
PT0002000203886452WB,1,1,atribuido,dia_util,0.0,0.0,0.3,0.0,0.0,normal,abaixo,baixa,2,fallback (60d recentes),3.0
PT0002000203886452WB,2,1,atribuido,dia_util,0.0,0.0,0.3,0.0,0.0,normal,abaixo,baixa,2,fallback (60d recentes),3.0
PT0002000203886452WB,3,1,atribuido,dia_util,0.0,0.0,0.3,0.0,0.0,normal,abaixo,baixa,2,fallback (60d recentes),3.0
PT0002000203886452WB,4,1,atribuido,dia_util,0.0,0.0,0.3,0.0,0.0,normal,abaixo,baixa,2,fallback (60d recentes),3.0
PT0002000203886452WB,5,1,atribuido,dia_util,0.0,0.0,0.3,0.0,0.0,normal,abaixo,baixa,2,fallback (60d recentes),3.0
PT0002000203886452WB,6,1,atribuido,dia_util,0.0,0.0,0.3,0.0,0.0,normal,abaixo,baixa,2,fallback (60d recentes),3.0
PT0002000203886452WB,7,1,atribuido,dia_util,0.0,0.0,0.3,0.0,0.0,normal,abaixo,baixa,2,fallback (60d recentes),3.0
PT0002000203886452WB,8,1,atribuido,dia_util,0.0,0.0,0.3,0.0,0.0,normal,abaixo,baixa,2,fallback (60d recentes),3.0
PT0002000203886452WB,9,1,atribuido,dia_util,0.0,0.0,0.3,0.0,0.0,normal,abaixo,baixa,2,fallback (60d recentes),3.0
PT0002000203886452WB,10,1,atribuido,dia_util,0.0,0.0,0.3,0.0,0.0,normal,abaixo,baixa,2,fallback (60d recentes),3.0
PT0002000203886452WB,11,1,atribuido,dia_util,0.0,0.0,0.3,0.0,0.0,normal,abaixo,baixa,2,fallback (60d recentes),3.0
PT0002000203886452WB,12,1,atribuido,dia_util,0.0,0.0,0.3,0.0,0.0,normal,abaixo,baixa,2,fallback (60d recentes),3.0
PT0002000203886452WB,13,1,atribuido,dia_util,0.0,0.0,0.3,0.0,0.0,normal,abaixo,baixa,2,fallback (60d recentes),3.0
PT0002000203886452WB,14,1,atribuido,dia_util,0.0,0.0,0.3,0.0,0.0,normal,abaixo,baixa,2,fallback (60d recentes),3.0
PT0002000203886452WB,15,1,atribuido,dia_util,0.0,0.0,0.3,0.0,0.0,normal,abaixo,baixa,2,fallback (60d recentes),3.0
PT0002000203886452WB,16,1,atribuido,dia_util,0.0,0.0,0.3,0.0,0.0,normal,abaixo,baixa,2,fallback (60d recentes),3.0
PT0002000203886452WB,17,1,atribuido,dia_util,0.0,0.0,0.3,0.0,0.0,normal,abaixo,baixa,2,fallback (60d recentes),3.0
PT0002000203886452WB,18,1,atribuido,dia_util,0.0,0.0,0.3,0.0,0.0,normal,abaixo,baixa,2,fallback (60d recentes),3.0
PT0002000203886452WB,19,1,atribuido,dia_util,0.0,0.0,0.3,0.0,0.0,normal,abaixo,baixa,2,fallback (60d recentes),3.0
PT0002000203886452WB,20,1,atribuido,dia_util,0.0,0.0,0.3,0.0,0.0,normal,abaixo,baixa,2,fallback (60d recentes),3.0
PT0002000203886452WB,21,1,atribuido,dia_util,0.0,0.0,0.3,0.0,0.0,normal,abaixo,baixa,3,fallback (60d recentes),3.0
PT0002000203886452WB,22,1,atribuido,dia_util,0.0,0.0,0.3,0.0,0.0,normal,abaixo,baixa,3,fallback (60d recentes),3.0
PT0002000203886452WB,23,1,atribuido,dia_util,0.0,0.0,0.3,0.0,0.0,normal,abaixo,baixa,3,fallback (60d recentes),3.0
