CPE,hora,cluster,tipo_dia,consumo_real,consumo_habitual,std,z_score,z_real,veredicto,direcao,confianca,n_dias_tipo,fonte_baseline,threshold
PT0002000033074862LZ,0,0.0,dia_util,12.0,12.5,1.25,-0.4,-0.4,normal,abaixo,baixa,2,histórico dia_util (poucos dados),2.0
PT0002000033074862LZ,1,0.0,dia_util,12.0,12.0,1.2,0.0,0.0,normal,abaixo,baixa,2,histórico dia_util (poucos dados),2.0
PT0002000033074862LZ,2,0.0,dia_util,12.0,12.0,1.2,0.0,0.0,normal,abaixo,baixa,2,histórico dia_util (poucos dados),2.0
PT0002000033074862LZ,3,0.0,dia_util,12.0,12.0,1.2,0.0,0.0,normal,abaixo,baixa,2,histórico dia_util (poucos dados),2.0
PT0002000033074862LZ,4,0.0,dia_util,12.0,12.0,1.2,0.0,0.0,normal,abaixo,baixa,2,histórico dia_util (poucos dados),2.0
PT0002000033074862LZ,5,0.0,dia_util,12.0,12.0,1.2,0.0,0.0,normal,abaixo,baixa,2,histórico dia_util (poucos dados),2.0
PT0002000033074862LZ,6,0.0,dia_util,12.0,12.0,1.2,0.0,0.0,normal,abaixo,baixa,2,histórico dia_util (poucos dados),2.0
PT0002000033074862LZ,7,0.0,dia_util,37.0,31.0,3.1,1.94,1.94,normal,acima,baixa,2,histórico dia_util (poucos dados),2.0
PT0002000033074862LZ,8,0.0,dia_util,61.0,48.0,8.49,1.53,1.53,normal,acima,baixa,2,histórico dia_util (poucos dados),2.0
PT0002000033074862LZ,9,0.0,dia_util,53.0,49.0,7.07,0.57,0.57,normal,acima,baixa,2,histórico dia_util (poucos dados),2.0
PT0002000033074862LZ,10,0.0,dia_util,43.0,52.5,6.36,-1.49,-1.49,normal,abaixo,baixa,2,histórico dia_util (poucos dados),2.0
PT0002000033074862LZ,11,0.0,dia_util,41.0,53.0,5.66,-2.12,-2.12,desvio,abaixo,baixa,2,histórico dia_util (poucos dados),2.0
PT0002000033074862LZ,12,0.0,dia_util,61.0,60.5,6.05,0.08,0.08,normal,acima,baixa,2,histórico dia_util (poucos dados),2.0
PT0002000033074862LZ,13,0.0,dia_util,41.0,50.0,5.0,-1.8,-1.8,normal,abaixo,baixa,2,histórico dia_util (poucos dados),2.0
PT0002000033074862LZ,14,0.0,dia_util,36.0,36.0,3.6,0.0,0.0,normal,abaixo,baixa,2,histórico dia_util (poucos dados),2.0
PT0002000033074862LZ,15,0.0,dia_util,35.0,26.5,2.65,3.21,3.21,desvio,acima,baixa,2,histórico dia_util (poucos dados),2.0
PT0002000033074862LZ,16,0.0,dia_util,36.0,22.0,2.2,6.36,6.36,desvio,acima,baixa,2,histórico dia_util (poucos dados),2.0
PT0002000033074862LZ,17,0.0,dia_util,37.0,25.5,2.55,4.51,4.51,desvio,acima,baixa,2,histórico dia_util (poucos dados),2.0
PT0002000033074862LZ,18,0.0,dia_util,31.0,22.5,2.25,3.78,3.78,desvio,acima,baixa,2,histórico dia_util (poucos dados),2.0
PT0002000033074862LZ,19,0.0,dia_util,17.0,14.0,1.41,2.12,2.12,desvio,acima,baixa,2,histórico dia_util (poucos dados),2.0
PT0002000033074862LZ,20,0.0,dia_util,13.0,13.0,1.3,0.0,0.0,normal,abaixo,baixa,2,histórico dia_util (poucos dados),2.0
PT0002000033074862LZ,21,0.0,dia_util,12.0,12.0,1.2,0.0,0.0,normal,abaixo,baixa,2,histórico dia_util (poucos dados),2.0
PT0002000033074862LZ,22,0.0,dia_util,12.0,12.0,1.2,0.0,0.0,normal,abaixo,baixa,2,histórico dia_util (poucos dados),2.0
PT0002000033074862LZ,23,0.0,dia_util,11.0,12.0,1.2,-0.83,-0.83,normal,abaixo,baixa,2,histórico dia_util (poucos dados),2.0
PT0002000068855003AK,0,,dia_util,6.0,18.5,10.61,-1.18,-1.18,normal,abaixo,baixa,2,histórico dia_util (poucos dados),2.0
PT0002000068855003AK,1,,dia_util,6.0,18.0,8.49,-1.41,-1.41,normal,abaixo,baixa,2,histórico dia_util (poucos dados),2.0
PT0002000068855003AK,2,,dia_util,6.0,16.5,7.78,-1.35,-1.35,normal,abaixo,baixa,2,histórico dia_util (poucos dados),2.0
PT0002000068855003AK,3,,dia_util,7.0,14.5,4.95,-1.52,-1.52,normal,abaixo,baixa,2,histórico dia_util (poucos dados),2.0
PT0002000068855003AK,4,,dia_util,6.0,14.5,4.95,-1.72,-1.72,normal,abaixo,baixa,2,histórico dia_util (poucos dados),2.0
PT0002000068855003AK,5,,dia_util,6.0,14.0,4.24,-1.89,-1.89,normal,abaixo,baixa,2,histórico dia_util (poucos dados),2.0
PT0002000068855003AK,6,,dia_util,6.0,13.0,2.83,-2.47,-2.47,desvio,abaixo,baixa,2,histórico dia_util (poucos dados),2.0
PT0002000068855003AK,7,,dia_util,9.0,17.0,4.24,-1.89,-1.89,normal,abaixo,baixa,2,histórico dia_util (poucos dados),2.0
PT0002000068855003AK,8,,dia_util,18.0,22.5,3.54,-1.27,-1.27,normal,abaixo,baixa,2,histórico dia_util (poucos dados),2.0
PT0002000068855003AK,9,,dia_util,18.0,23.0,5.66,-0.88,-0.88,normal,abaixo,baixa,2,histórico dia_util (poucos dados),2.0
PT0002000068855003AK,10,,dia_util,22.0,27.0,7.07,-0.71,-0.71,normal,abaixo,baixa,2,histórico dia_util (poucos dados),2.0
PT0002000068855003AK,11,,dia_util,35.0,32.0,5.66,0.53,0.53,normal,acima,baixa,2,histórico dia_util (poucos dados),2.0
PT0002000068855003AK,12,,dia_util,38.0,36.0,9.9,0.2,0.2,normal,acima,baixa,2,histórico dia_util (poucos dados),2.0
PT0002000068855003AK,13,,dia_util,46.0,52.0,26.87,-0.22,-0.22,normal,abaixo,baixa,2,histórico dia_util (poucos dados),2.0
PT0002000068855003AK,14,,dia_util,51.0,64.0,28.28,-0.46,-0.46,normal,abaixo,baixa,2,histórico dia_util (poucos dados),2.0
PT0002000068855003AK,15,,dia_util,94.0,65.0,31.11,0.93,0.93,normal,acima,baixa,2,histórico dia_util (poucos dados),2.0
PT0002000068855003AK,16,,dia_util,82.0,52.0,9.9,3.03,3.03,desvio,acima,baixa,2,histórico dia_util (poucos dados),2.0
PT0002000068855003AK,17,,dia_util,57.0,35.0,3.5,6.29,6.29,desvio,acima,baixa,2,histórico dia_util (poucos dados),2.0
PT0002000068855003AK,18,,dia_util,45.0,44.5,27.58,0.02,0.02,normal,acima,baixa,2,histórico dia_util (poucos dados),2.0
PT0002000068855003AK,19,,dia_util,31.0,39.0,25.46,-0.31,-0.31,normal,abaixo,baixa,2,histórico dia_util (poucos dados),2.0
PT0002000068855003AK,20,,dia_util,13.0,18.0,5.66,-0.88,-0.88,normal,abaixo,baixa,2,histórico dia_util (poucos dados),2.0
PT0002000068855003AK,21,,dia_util,7.0,12.5,1.25,-4.4,-4.4,desvio,abaixo,baixa,2,histórico dia_util (poucos dados),2.0
PT0002000068855003AK,22,,dia_util,7.0,9.5,3.54,-0.71,-0.71,normal,abaixo,baixa,2,histórico dia_util (poucos dados),2.0
PT0002000068855003AK,23,,dia_util,7.0,9.0,2.83,-0.71,-0.71,normal,abaixo,baixa,2,histórico dia_util (poucos dados),2.0
PT0002000068856267NC,0,,dia_util,44.0,55.5,5.55,-2.07,-2.07,desvio,abaixo,baixa,2,histórico dia_util (poucos dados),2.0
PT0002000068856267NC,1,,dia_util,29.0,44.5,10.61,-1.46,-1.46,normal,abaixo,baixa,2,histórico dia_util (poucos dados),2.0
PT0002000068856267NC,2,,dia_util,26.0,27.5,2.75,-0.55,-0.55,normal,abaixo,baixa,2,histórico dia_util (poucos dados),2.0
PT0002000068856267NC,3,,dia_util,26.0,27.5,2.75,-0.55,-0.55,normal,abaixo,baixa,2,histórico dia_util (poucos dados),2.0
PT0002000068856267NC,4,,dia_util,26.0,27.0,2.7,-0.37,-0.37,normal,abaixo,baixa,2,histórico dia_util (poucos dados),2.0
PT0002000068856267NC,5,,dia_util,25.0,26.0,2.6,-0.38,-0.38,normal,abaixo,baixa,2,histórico dia_util (poucos dados),2.0
PT0002000068856267NC,6,,dia_util,24.0,25.0,2.5,-0.4,-0.4,normal,abaixo,baixa,2,histórico dia_util (poucos dados),2.0
PT0002000068856267NC,7,,dia_util,32.0,35.0,3.5,-0.86,-0.86,normal,abaixo,baixa,2,histórico dia_util (poucos dados),2.0
PT0002000068856267NC,8,,dia_util,58.0,53.0,5.3,0.94,0.94,normal,acima,baixa,2,histórico dia_util (poucos dados),2.0
PT0002000068856267NC,9,,dia_util,61.0,60.5,6.05,0.08,0.08,normal,acima,baixa,2,histórico dia_util (poucos dados),2.0
PT0002000068856267NC,10,,dia_util,57.0,58.5,6.36,-0.24,-0.24,normal,abaixo,baixa,2,histórico dia_util (poucos dados),2.0
PT0002000068856267NC,11,,dia_util,60.0,60.0,6.0,0.0,0.0,normal,abaixo,baixa,2,histórico dia_util (poucos dados),2.0
PT0002000068856267NC,12,,dia_util,56.0,53.0,5.3,0.57,0.57,normal,acima,baixa,2,histórico dia_util (poucos dados),2.0
PT0002000068856267NC,13,,dia_util,54.0,59.0,5.9,-0.85,-0.85,normal,abaixo,baixa,2,histórico dia_util (poucos dados),2.0
PT0002000068856267NC,14,,dia_util,61.0,64.0,6.4,-0.47,-0.47,normal,abaixo,baixa,2,histórico dia_util (poucos dados),2.0
PT0002000068856267NC,15,,dia_util,51.0,58.0,5.8,-1.21,-1.21,normal,abaixo,baixa,2,histórico dia_util (poucos dados),2.0
PT0002000068856267NC,16,,dia_util,27.0,45.5,4.55,-4.07,-4.07,desvio,abaixo,baixa,2,histórico dia_util (poucos dados),2.0
PT0002000068856267NC,17,,dia_util,22.0,38.5,3.85,-4.29,-4.29,desvio,abaixo,baixa,2,histórico dia_util (poucos dados),2.0
PT0002000068856267NC,18,,dia_util,24.0,40.0,4.0,-4.0,-4.0,desvio,abaixo,baixa,2,histórico dia_util (poucos dados),2.0
PT0002000068856267NC,19,,dia_util,24.0,41.0,4.1,-4.15,-4.15,desvio,abaixo,baixa,2,histórico dia_util (poucos dados),2.0
PT0002000068856267NC,20,,dia_util,42.0,46.0,4.6,-0.87,-0.87,normal,abaixo,baixa,2,histórico dia_util (poucos dados),2.0
PT0002000068856267NC,21,,dia_util,59.0,46.5,4.65,2.69,2.69,desvio,acima,baixa,2,histórico dia_util (poucos dados),2.0
PT0002000068856267NC,22,,dia_util,61.0,53.5,5.35,1.4,1.4,normal,acima,baixa,2,histórico dia_util (poucos dados),2.0
PT0002000068856267NC,23,,dia_util,61.0,59.5,5.95,0.25,0.25,normal,acima,baixa,2,histórico dia_util (poucos dados),2.0
PT0002000068856655YV,0,0.0,dia_util,5.0,3.0,0.3,6.67,6.67,desvio,acima,baixa,2,histórico dia_util (poucos dados),2.0
PT0002000068856655YV,1,0.0,dia_util,2.0,2.0,0.3,0.0,0.0,normal,abaixo,baixa,2,histórico dia_util (poucos dados),2.0
PT0002000068856655YV,2,0.0,dia_util,3.0,2.0,0.3,3.33,3.33,desvio,acima,baixa,2,histórico dia_util (poucos dados),2.0
PT0002000068856655YV,3,0.0,dia_util,2.0,2.5,0.71,-0.71,-0.71,normal,abaixo,baixa,2,histórico dia_util (poucos dados),2.0
PT0002000068856655YV,4,0.0,dia_util,2.0,2.0,0.3,0.0,0.0,normal,abaixo,baixa,2,histórico dia_util (poucos dados),2.0
PT0002000068856655YV,5,0.0,dia_util,3.0,2.5,0.71,0.71,0.71,normal,acima,baixa,2,histórico dia_util (poucos dados),2.0
PT0002000068856655YV,6,0.0,dia_util,3.0,2.0,0.3,3.33,3.33,desvio,acima,baixa,2,histórico dia_util (poucos dados),2.0
PT0002000068856655YV,7,0.0,dia_util,4.0,2.0,0.3,6.67,6.67,desvio,acima,baixa,2,histórico dia_util (poucos dados),2.0
PT0002000068856655YV,8,0.0,dia_util,6.0,6.0,1.41,0.0,0.0,normal,abaixo,baixa,2,histórico dia_util (poucos dados),2.0
PT0002000068856655YV,9,0.0,dia_util,11.0,9.0,1.41,1.41,1.41,normal,acima,baixa,2,histórico dia_util (poucos dados),2.0
PT0002000068856655YV,10,0.0,dia_util,9.0,11.5,1.15,-2.17,-2.17,desvio,abaixo,baixa,2,histórico dia_util (poucos dados),2.0
PT0002000068856655YV,11,0.0,dia_util,10.0,11.0,1.41,-0.71,-0.71,normal,abaixo,baixa,2,histórico dia_util (poucos dados),2.0
PT0002000068856655YV,12,0.0,dia_util,9.0,10.0,1.41,-0.71,-0.71,normal,abaixo,baixa,2,histórico dia_util (poucos dados),2.0
PT0002000068856655YV,13,0.0,dia_util,9.0,9.0,0.9,0.0,0.0,normal,abaixo,baixa,2,histórico dia_util (poucos dados),2.0
PT0002000068856655YV,14,0.0,dia_util,8.0,10.0,1.41,-1.41,-1.41,normal,abaixo,baixa,2,histórico dia_util (poucos dados),2.0
PT0002000068856655YV,15,0.0,dia_util,8.0,11.0,2.83,-1.06,-1.06,normal,abaixo,baixa,2,histórico dia_util (poucos dados),2.0
PT0002000068856655YV,16,0.0,dia_util,9.0,11.0,2.83,-0.71,-0.71,normal,abaixo,baixa,2,histórico dia_util (poucos dados),2.0
PT0002000068856655YV,17,0.0,dia_util,8.0,10.0,1.41,-1.41,-1.41,normal,abaixo,baixa,2,histórico dia_util (poucos dados),2.0
PT0002000068856655YV,18,0.0,dia_util,6.0,5.0,0.5,2.0,2.0,normal,acima,baixa,2,histórico dia_util (poucos dados),2.0
PT0002000068856655YV,19,0.0,dia_util,5.0,4.5,0.71,0.71,0.71,normal,acima,baixa,2,histórico dia_util (poucos dados),2.0
PT0002000068856655YV,20,0.0,dia_util,4.0,3.0,1.41,0.71,0.71,normal,acima,baixa,2,histórico dia_util (poucos dados),2.0
PT0002000068856655YV,21,0.0,dia_util,4.0,3.5,0.71,0.71,0.71,normal,acima,baixa,2,histórico dia_util (poucos dados),2.0
PT0002000068856655YV,22,0.0,dia_util,4.0,6.5,6.36,-0.39,-0.39,normal,abaixo,baixa,2,histórico dia_util (poucos dados),2.0
PT0002000068856655YV,23,0.0,dia_util,4.0,3.5,2.12,0.24,0.24,normal,acima,baixa,2,histórico dia_util (poucos dados),2.0
PT0002000068856781NM,0,0.0,dia_util,104.0,103.0,10.3,0.1,0.1,normal,acima,baixa,2,histórico dia_util (poucos dados),2.0
PT0002000068856781NM,1,0.0,dia_util,104.0,102.5,10.25,0.15,0.15,normal,acima,baixa,2,histórico dia_util (poucos dados),2.0
PT0002000068856781NM,2,0.0,dia_util,103.0,102.5,10.25,0.05,0.05,normal,acima,baixa,2,histórico dia_util (poucos dados),2.0
PT0002000068856781NM,3,0.0,dia_util,104.0,102.0,10.2,0.2,0.2,normal,acima,baixa,2,histórico dia_util (poucos dados),2.0
PT0002000068856781NM,4,0.0,dia_util,103.0,102.5,10.25,0.05,0.05,normal,acima,baixa,2,histórico dia_util (poucos dados),2.0
PT0002000068856781NM,5,0.0,dia_util,103.0,101.5,10.15,0.15,0.15,normal,acima,baixa,2,histórico dia_util (poucos dados),2.0
PT0002000068856781NM,6,0.0,dia_util,103.0,102.0,10.2,0.1,0.1,normal,acima,baixa,2,histórico dia_util (poucos dados),2.0
PT0002000068856781NM,7,0.0,dia_util,104.0,102.0,10.2,0.2,0.2,normal,acima,baixa,2,histórico dia_util (poucos dados),2.0
PT0002000068856781NM,8,0.0,dia_util,106.0,105.0,10.5,0.1,0.1,normal,acima,baixa,2,histórico dia_util (poucos dados),2.0
PT0002000068856781NM,9,0.0,dia_util,117.0,115.5,11.55,0.13,0.13,normal,acima,baixa,2,histórico dia_util (poucos dados),2.0
PT0002000068856781NM,10,0.0,dia_util,118.0,117.5,11.75,0.04,0.04,normal,acima,baixa,2,histórico dia_util (poucos dados),2.0
PT0002000068856781NM,11,0.0,dia_util,119.0,119.0,11.9,0.0,0.0,normal,abaixo,baixa,2,histórico dia_util (poucos dados),2.0
PT0002000068856781NM,12,0.0,dia_util,117.0,116.0,11.6,0.09,0.09,normal,acima,baixa,2,histórico dia_util (poucos dados),2.0
PT0002000068856781NM,13,0.0,dia_util,112.0,111.5,11.15,0.04,0.04,normal,acima,baixa,2,histórico dia_util (poucos dados),2.0
PT0002000068856781NM,14,0.0,dia_util,122.0,122.5,12.25,-0.04,-0.04,normal,abaixo,baixa,2,histórico dia_util (poucos dados),2.0
PT0002000068856781NM,15,0.0,dia_util,123.0,122.0,12.2,0.08,0.08,normal,acima,baixa,2,histórico dia_util (poucos dados),2.0
PT0002000068856781NM,16,0.0,dia_util,121.0,119.5,11.95,0.13,0.13,normal,acima,baixa,2,histórico dia_util (poucos dados),2.0
PT0002000068856781NM,17,0.0,dia_util,115.0,114.0,11.4,0.09,0.09,normal,acima,baixa,2,histórico dia_util (poucos dados),2.0
PT0002000068856781NM,18,0.0,dia_util,106.0,106.5,10.65,-0.05,-0.05,normal,abaixo,baixa,2,histórico dia_util (poucos dados),2.0
PT0002000068856781NM,19,0.0,dia_util,105.0,105.0,10.5,0.0,0.0,normal,abaixo,baixa,2,histórico dia_util (poucos dados),2.0
PT0002000068856781NM,20,0.0,dia_util,104.0,103.5,10.35,0.05,0.05,normal,acima,baixa,2,histórico dia_util (poucos dados),2.0
PT0002000068856781NM,21,0.0,dia_util,104.0,103.5,10.35,0.05,0.05,normal,acima,baixa,2,histórico dia_util (poucos dados),2.0
PT0002000068856781NM,22,0.0,dia_util,104.0,104.0,10.4,0.0,0.0,normal,abaixo,baixa,2,histórico dia_util (poucos dados),2.0
PT0002000068856781NM,23,0.0,dia_util,104.0,103.5,10.35,0.05,0.05,normal,acima,baixa,2,histórico dia_util (poucos dados),2.0
PT0002000068856826ZG,0,,dia_util,197.0,180.5,82.73,0.2,0.2,normal,acima,baixa,2,histórico dia_util (poucos dados),2.0
PT0002000068856826ZG,1,,dia_util,203.0,186.5,95.46,0.17,0.17,normal,acima,baixa,2,histórico dia_util (poucos dados),2.0
PT0002000068856826ZG,2,,dia_util,195.0,164.5,67.18,0.45,0.45,normal,acima,baixa,2,histórico dia_util (poucos dados),2.0
PT0002000068856826ZG,3,,dia_util,197.0,164.5,70.0,0.46,0.46,normal,acima,baixa,2,histórico dia_util (poucos dados),2.0
PT0002000068856826ZG,4,,dia_util,198.0,174.0,86.27,0.28,0.28,normal,acima,baixa,2,histórico dia_util (poucos dados),2.0
PT0002000068856826ZG,5,,dia_util,198.0,181.0,97.58,0.17,0.17,normal,acima,baixa,2,histórico dia_util (poucos dados),2.0
PT0002000068856826ZG,6,,dia_util,195.0,161.5,71.42,0.47,0.47,normal,acima,baixa,2,histórico dia_util (poucos dados),2.0
PT0002000068856826ZG,7,,dia_util,196.0,204.0,138.59,-0.06,-0.06,normal,abaixo,baixa,2,histórico dia_util (poucos dados),2.0
PT0002000068856826ZG,8,,dia_util,231.0,320.0,62.23,-1.43,-1.43,normal,abaixo,baixa,2,histórico dia_util (poucos dados),2.0
PT0002000068856826ZG,9,,dia_util,262.0,268.5,113.84,-0.06,-0.06,normal,abaixo,baixa,2,histórico dia_util (poucos dados),2.0
PT0002000068856826ZG,10,,dia_util,194.0,261.0,90.51,-0.74,-0.74,normal,abaixo,baixa,2,histórico dia_util (poucos dados),2.0
PT0002000068856826ZG,11,,dia_util,199.0,314.5,70.0,-1.65,-1.65,normal,abaixo,baixa,2,histórico dia_util (poucos dados),2.0
PT0002000068856826ZG,12,,dia_util,256.0,410.5,95.46,-1.62,-1.62,normal,abaixo,baixa,2,histórico dia_util (poucos dados),2.0
PT0002000068856826ZG,13,,dia_util,463.0,423.0,42.3,0.95,0.95,normal,acima,baixa,2,histórico dia_util (poucos dados),2.0
PT0002000068856826ZG,14,,dia_util,201.0,350.0,76.37,-1.95,-1.95,normal,abaixo,baixa,2,histórico dia_util (poucos dados),2.0
PT0002000068856826ZG,15,,dia_util,199.0,351.0,77.78,-1.95,-1.95,normal,abaixo,baixa,2,histórico dia_util (poucos dados),2.0
PT0002000068856826ZG,16,,dia_util,202.0,343.0,70.71,-1.99,-1.99,normal,abaixo,baixa,2,histórico dia_util (poucos dados),2.0
PT0002000068856826ZG,17,,dia_util,197.0,342.0,73.54,-1.97,-1.97,normal,abaixo,baixa,2,histórico dia_util (poucos dados),2.0
PT0002000068856826ZG,18,,dia_util,187.0,337.0,74.95,-2.0,-2.0,desvio,abaixo,baixa,2,histórico dia_util (poucos dados),2.0
PT0002000068856826ZG,19,,dia_util,186.0,322.5,54.45,-2.51,-2.51,desvio,abaixo,baixa,2,histórico dia_util (poucos dados),2.0
PT0002000068856826ZG,20,,dia_util,193.0,334.0,65.05,-2.17,-2.17,desvio,abaixo,baixa,2,histórico dia_util (poucos dados),2.0
PT0002000068856826ZG,21,,dia_util,196.0,344.5,85.56,-1.74,-1.74,normal,abaixo,baixa,2,histórico dia_util (poucos dados),2.0
PT0002000068856826ZG,22,,dia_util,181.0,307.0,60.81,-2.07,-2.07,desvio,abaixo,baixa,2,histórico dia_util (poucos dados),2.0
PT0002000068856826ZG,23,,dia_util,131.0,219.0,21.9,-4.02,-4.02,desvio,abaixo,baixa,2,histórico dia_util (poucos dados),2.0
PT0002000068856872QG,0,1.0,dia_util,0.0,1.0,1.41,-0.71,-0.71,normal,abaixo,baixa,2,histórico dia_util (poucos dados),2.0
PT0002000068856872QG,1,1.0,dia_util,1.0,1.5,0.71,-0.71,-0.71,normal,abaixo,baixa,2,histórico dia_util (poucos dados),2.0
PT0002000068856872QG,2,1.0,dia_util,0.0,0.5,0.71,-0.71,-0.71,normal,abaixo,baixa,2,histórico dia_util (poucos dados),2.0
PT0002000068856872QG,3,1.0,dia_util,3.0,0.0,0.3,10.0,10.0,desvio,acima,baixa,2,histórico dia_util (poucos dados),2.0
PT0002000068856872QG,4,1.0,dia_util,0.0,0.5,0.71,-0.71,-0.71,normal,abaixo,baixa,2,histórico dia_util (poucos dados),2.0
PT0002000068856872QG,5,1.0,dia_util,0.0,0.5,0.71,-0.71,-0.71,normal,abaixo,baixa,2,histórico dia_util (poucos dados),2.0
PT0002000068856872QG,6,1.0,dia_util,1.0,1.0,1.41,0.0,0.0,normal,abaixo,baixa,2,histórico dia_util (poucos dados),2.0
PT0002000068856872QG,7,1.0,dia_util,0.0,0.5,0.71,-0.71,-0.71,normal,abaixo,baixa,2,histórico dia_util (poucos dados),2.0
PT0002000068856872QG,8,1.0,dia_util,0.0,1.5,2.12,-0.71,-0.71,normal,abaixo,baixa,2,histórico dia_util (poucos dados),2.0
PT0002000068856872QG,9,1.0,dia_util,0.0,0.0,0.3,0.0,0.0,normal,abaixo,baixa,2,histórico dia_util (poucos dados),2.0
PT0002000068856872QG,10,1.0,dia_util,3.0,2.0,1.41,0.71,0.71,normal,acima,baixa,2,histórico dia_util (poucos dados),2.0
PT0002000068856872QG,11,1.0,dia_util,0.0,3.0,4.24,-0.71,-0.71,normal,abaixo,baixa,2,histórico dia_util (poucos dados),2.0
PT0002000068856872QG,12,1.0,dia_util,1.0,1.5,2.12,-0.24,-0.24,normal,abaixo,baixa,2,histórico dia_util (poucos dados),2.0
PT0002000068856872QG,13,1.0,dia_util,0.0,1.5,0.71,-2.12,-2.12,desvio,abaixo,baixa,2,histórico dia_util (poucos dados),2.0
PT0002000068856872QG,14,1.0,dia_util,0.0,0.5,0.71,-0.71,-0.71,normal,abaixo,baixa,2,histórico dia_util (poucos dados),2.0
PT0002000068856872QG,15,1.0,dia_util,1.0,1.0,1.41,0.0,0.0,normal,abaixo,baixa,2,histórico dia_util (poucos dados),2.0
PT0002000068856872QG,16,1.0,dia_util,2.0,0.0,0.3,6.67,6.67,desvio,acima,baixa,2,histórico dia_util (poucos dados),2.0
PT0002000068856872QG,17,1.0,dia_util,1.0,0.5,0.71,0.71,0.71,normal,acima,baixa,2,histórico dia_util (poucos dados),2.0
PT0002000068856872QG,18,1.0,dia_util,0.0,0.0,0.3,0.0,0.0,normal,abaixo,baixa,2,histórico dia_util (poucos dados),2.0
PT0002000068856872QG,19,1.0,dia_util,0.0,2.0,1.41,-1.41,-1.41,normal,abaixo,baixa,2,histórico dia_util (poucos dados),2.0
PT0002000068856872QG,20,1.0,dia_util,0.0,0.0,0.3,0.0,0.0,normal,abaixo,baixa,2,histórico dia_util (poucos dados),2.0
PT0002000068856872QG,21,1.0,dia_util,1.0,1.5,2.12,-0.24,-0.24,normal,abaixo,baixa,2,histórico dia_util (poucos dados),2.0
PT0002000068856872QG,22,1.0,dia_util,0.0,0.0,0.3,0.0,0.0,normal,abaixo,baixa,2,histórico dia_util (poucos dados),2.0
PT0002000068856872QG,23,1.0,dia_util,3.0,0.5,0.71,3.54,3.54,desvio,acima,baixa,2,histórico dia_util (poucos dados),2.0
PT0002000068856906VS,0,0.0,dia_util,26.0,32.0,3.2,-1.88,-1.88,normal,abaixo,baixa,2,histórico dia_util (poucos dados),2.0
PT0002000068856906VS,1,0.0,dia_util,25.0,36.0,5.66,-1.94,-1.94,normal,abaixo,baixa,2,histórico dia_util (poucos dados),2.0
PT0002000068856906VS,2,0.0,dia_util,26.0,34.0,3.4,-2.35,-2.35,desvio,abaixo,baixa,2,histórico dia_util (poucos dados),2.0
PT0002000068856906VS,3,0.0,dia_util,27.0,35.5,6.36,-1.34,-1.34,normal,abaixo,baixa,2,histórico dia_util (poucos dados),2.0
PT0002000068856906VS,4,0.0,dia_util,26.0,35.0,4.24,-2.12,-2.12,desvio,abaixo,baixa,2,histórico dia_util (poucos dados),2.0
PT0002000068856906VS,5,0.0,dia_util,26.0,32.5,4.95,-1.31,-1.31,normal,abaixo,baixa,2,histórico dia_util (poucos dados),2.0
PT0002000068856906VS,6,0.0,dia_util,21.0,28.0,2.83,-2.47,-2.47,desvio,abaixo,baixa,2,histórico dia_util (poucos dados),2.0
PT0002000068856906VS,7,0.0,dia_util,19.0,28.5,4.95,-1.92,-1.92,normal,abaixo,baixa,2,histórico dia_util (poucos dados),2.0
PT0002000068856906VS,8,0.0,dia_util,20.0,27.0,2.83,-2.47,-2.47,desvio,abaixo,baixa,2,histórico dia_util (poucos dados),2.0
PT0002000068856906VS,9,0.0,dia_util,19.0,39.0,7.07,-2.83,-2.83,desvio,abaixo,baixa,2,histórico dia_util (poucos dados),2.0
PT0002000068856906VS,10,0.0,dia_util,20.0,32.5,10.61,-1.18,-1.18,normal,abaixo,baixa,2,histórico dia_util (poucos dados),2.0
PT0002000068856906VS,11,0.0,dia_util,31.0,33.0,5.66,-0.35,-0.35,normal,abaixo,baixa,2,histórico dia_util (poucos dados),2.0
PT0002000068856906VS,12,0.0,dia_util,24.0,32.0,12.73,-0.63,-0.63,normal,abaixo,baixa,2,histórico dia_util (poucos dados),2.0
PT0002000068856906VS,13,0.0,dia_util,26.0,24.0,8.49,0.24,0.24,normal,acima,baixa,2,histórico dia_util (poucos dados),2.0
PT0002000068856906VS,14,0.0,dia_util,38.0,29.5,12.02,0.71,0.71,normal,acima,baixa,2,histórico dia_util (poucos dados),2.0
PT0002000068856906VS,15,0.0,dia_util,31.0,29.5,13.44,0.11,0.11,normal,acima,baixa,2,histórico dia_util (poucos dados),2.0
PT0002000068856906VS,16,0.0,dia_util,22.0,30.5,14.85,-0.57,-0.57,normal,abaixo,baixa,2,histórico dia_util (poucos dados),2.0
PT0002000068856906VS,17,0.0,dia_util,24.0,35.0,15.56,-0.71,-0.71,normal,abaixo,baixa,2,histórico dia_util (poucos dados),2.0
PT0002000068856906VS,18,0.0,dia_util,25.0,35.0,16.97,-0.59,-0.59,normal,abaixo,baixa,2,histórico dia_util (poucos dados),2.0
PT0002000068856906VS,19,0.0,dia_util,28.0,32.5,12.02,-0.37,-0.37,normal,abaixo,baixa,2,histórico dia_util (poucos dados),2.0
PT0002000068856906VS,20,0.0,dia_util,27.0,35.5,12.02,-0.71,-0.71,normal,abaixo,baixa,2,histórico dia_util (poucos dados),2.0
PT0002000068856906VS,21,0.0,dia_util,27.0,37.0,14.14,-0.71,-0.71,normal,abaixo,baixa,2,histórico dia_util (poucos dados),2.0
PT0002000068856906VS,22,0.0,dia_util,25.0,33.5,12.02,-0.71,-0.71,normal,abaixo,baixa,2,histórico dia_util (poucos dados),2.0
PT0002000068856906VS,23,0.0,dia_util,31.0,32.0,7.07,-0.14,-0.14,normal,abaixo,baixa,2,histórico dia_util (poucos dados),2.0
PT0002000068856952LS,0,2.0,dia_util,0.0,0.5,0.71,-0.71,-0.71,normal,abaixo,baixa,2,histórico dia_util (poucos dados),2.0
PT0002000068856952LS,1,2.0,dia_util,0.0,0.0,0.3,0.0,0.0,normal,abaixo,baixa,2,histórico dia_util (poucos dados),2.0
PT0002000068856952LS,2,2.0,dia_util,0.0,0.0,0.3,0.0,0.0,normal,abaixo,baixa,2,histórico dia_util (poucos dados),2.0
PT0002000068856952LS,3,2.0,dia_util,0.0,0.0,0.3,0.0,0.0,normal,abaixo,baixa,2,histórico dia_util (poucos dados),2.0
PT0002000068856952LS,4,2.0,dia_util,0.0,0.0,0.3,0.0,0.0,normal,abaixo,baixa,2,histórico dia_util (poucos dados),2.0
PT0002000068856952LS,5,2.0,dia_util,0.0,1.0,1.41,-0.71,-0.71,normal,abaixo,baixa,2,histórico dia_util (poucos dados),2.0
PT0002000068856952LS,6,2.0,dia_util,0.0,0.5,0.71,-0.71,-0.71,normal,abaixo,baixa,2,histórico dia_util (poucos dados),2.0
PT0002000068856952LS,7,2.0,dia_util,0.0,0.0,0.3,0.0,0.0,normal,abaixo,baixa,2,histórico dia_util (poucos dados),2.0
PT0002000068856952LS,8,2.0,dia_util,1.0,0.0,0.3,3.33,3.33,desvio,acima,baixa,2,histórico dia_util (poucos dados),2.0
PT0002000068856952LS,9,2.0,dia_util,0.0,0.5,0.71,-0.71,-0.71,normal,abaixo,baixa,2,histórico dia_util (poucos dados),2.0
PT0002000068856952LS,10,2.0,dia_util,0.0,0.0,0.3,0.0,0.0,normal,abaixo,baixa,2,histórico dia_util (poucos dados),2.0
PT0002000068856952LS,11,2.0,dia_util,0.0,0.0,0.3,0.0,0.0,normal,abaixo,baixa,2,histórico dia_util (poucos dados),2.0
PT0002000068856952LS,12,2.0,dia_util,0.0,0.5,0.71,-0.71,-0.71,normal,abaixo,baixa,2,histórico dia_util (poucos dados),2.0
PT0002000068856952LS,13,2.0,dia_util,0.0,2.0,2.83,-0.71,-0.71,normal,abaixo,baixa,2,histórico dia_util (poucos dados),2.0
PT0002000068856952LS,14,2.0,dia_util,0.0,2.0,2.83,-0.71,-0.71,normal,abaixo,baixa,2,histórico dia_util (poucos dados),2.0
PT0002000068856952LS,15,2.0,dia_util,0.0,1.0,1.41,-0.71,-0.71,normal,abaixo,baixa,2,histórico dia_util (poucos dados),2.0
PT0002000068856952LS,16,2.0,dia_util,0.0,1.5,0.71,-2.12,-2.12,desvio,abaixo,baixa,2,histórico dia_util (poucos dados),2.0
PT0002000068856952LS,17,2.0,dia_util,0.0,2.5,2.12,-1.18,-1.18,normal,abaixo,baixa,2,histórico dia_util (poucos dados),2.0
PT0002000068856952LS,18,2.0,dia_util,0.0,2.0,2.83,-0.71,-0.71,normal,abaixo,baixa,2,histórico dia_util (poucos dados),2.0
PT0002000068856952LS,19,2.0,dia_util,0.0,2.5,2.12,-1.18,-1.18,normal,abaixo,baixa,2,histórico dia_util (poucos dados),2.0
PT0002000068856952LS,20,2.0,dia_util,0.0,2.0,2.83,-0.71,-0.71,normal,abaixo,baixa,2,histórico dia_util (poucos dados),2.0
PT0002000068856952LS,21,2.0,dia_util,1.0,2.5,2.12,-0.71,-0.71,normal,abaixo,baixa,2,histórico dia_util (poucos dados),2.0
PT0002000068856952LS,22,2.0,dia_util,0.0,2.0,1.41,-1.41,-1.41,normal,abaixo,baixa,2,histórico dia_util (poucos dados),2.0
PT0002000068856952LS,23,2.0,dia_util,0.0,4.0,0.4,-10.0,-10.0,desvio,abaixo,baixa,2,histórico dia_util (poucos dados),2.0
PT0002000068856974CZ,0,,dia_util,11.0,13.0,1.41,-1.41,-1.41,normal,abaixo,baixa,2,histórico dia_util (poucos dados),2.0
PT0002000068856974CZ,1,,dia_util,13.0,13.5,1.35,-0.37,-0.37,normal,abaixo,baixa,2,histórico dia_util (poucos dados),2.0
PT0002000068856974CZ,2,,dia_util,13.0,13.0,1.41,0.0,0.0,normal,abaixo,baixa,2,histórico dia_util (poucos dados),2.0
PT0002000068856974CZ,3,,dia_util,12.0,12.5,1.25,-0.4,-0.4,normal,abaixo,baixa,2,histórico dia_util (poucos dados),2.0
PT0002000068856974CZ,4,,dia_util,12.0,11.5,1.15,0.43,0.43,normal,acima,baixa,2,histórico dia_util (poucos dados),2.0
PT0002000068856974CZ,5,,dia_util,13.0,13.5,1.35,-0.37,-0.37,normal,abaixo,baixa,2,histórico dia_util (poucos dados),2.0
PT0002000068856974CZ,6,,dia_util,11.0,12.5,1.25,-1.2,-1.2,normal,abaixo,baixa,2,histórico dia_util (poucos dados),2.0
PT0002000068856974CZ,7,,dia_util,15.0,18.0,1.8,-1.67,-1.67,normal,abaixo,baixa,2,histórico dia_util (poucos dados),2.0
PT0002000068856974CZ,8,,dia_util,38.0,45.5,4.55,-1.65,-1.65,normal,abaixo,baixa,2,histórico dia_util (poucos dados),2.0
PT0002000068856974CZ,9,,dia_util,44.0,56.0,19.8,-0.61,-0.61,normal,abaixo,baixa,2,histórico dia_util (poucos dados),2.0
PT0002000068856974CZ,10,,dia_util,47.0,56.0,18.38,-0.49,-0.49,normal,abaixo,baixa,2,histórico dia_util (poucos dados),2.0
PT0002000068856974CZ,11,,dia_util,36.0,51.0,18.38,-0.82,-0.82,normal,abaixo,baixa,2,histórico dia_util (poucos dados),2.0
PT0002000068856974CZ,12,,dia_util,44.0,55.0,18.38,-0.6,-0.6,normal,abaixo,baixa,2,histórico dia_util (poucos dados),2.0
PT0002000068856974CZ,13,,dia_util,51.0,63.0,24.04,-0.5,-0.5,normal,abaixo,baixa,2,histórico dia_util (poucos dados),2.0
PT0002000068856974CZ,14,,dia_util,49.0,64.5,28.99,-0.53,-0.53,normal,abaixo,baixa,2,histórico dia_util (poucos dados),2.0
PT0002000068856974CZ,15,,dia_util,52.0,60.0,33.94,-0.24,-0.24,normal,abaixo,baixa,2,histórico dia_util (poucos dados),2.0
PT0002000068856974CZ,16,,dia_util,42.0,53.0,24.04,-0.46,-0.46,normal,abaixo,baixa,2,histórico dia_util (poucos dados),2.0
PT0002000068856974CZ,17,,dia_util,32.0,49.0,22.63,-0.75,-0.75,normal,abaixo,baixa,2,histórico dia_util (poucos dados),2.0
PT0002000068856974CZ,18,,dia_util,24.0,40.5,21.92,-0.75,-0.75,normal,abaixo,baixa,2,histórico dia_util (poucos dados),2.0
PT0002000068856974CZ,19,,dia_util,26.0,27.5,9.19,-0.16,-0.16,normal,abaixo,baixa,2,histórico dia_util (poucos dados),2.0
PT0002000068856974CZ,20,,dia_util,14.0,17.5,2.12,-1.65,-1.65,normal,abaixo,baixa,2,histórico dia_util (poucos dados),2.0
PT0002000068856974CZ,21,,dia_util,9.0,13.0,1.41,-2.83,-2.83,desvio,abaixo,baixa,2,histórico dia_util (poucos dados),2.0
PT0002000068856974CZ,22,,dia_util,10.0,13.5,1.35,-2.59,-2.59,desvio,abaixo,baixa,2,histórico dia_util (poucos dados),2.0
PT0002000068856974CZ,23,,dia_util,10.0,12.5,1.25,-2.0,-2.0,normal,abaixo,baixa,2,histórico dia_util (poucos dados),2.0
PT0002000068857099AR,0,1.0,dia_util,5.0,8.5,2.12,-1.65,-1.65,normal,abaixo,baixa,2,histórico dia_util (poucos dados),2.0
PT0002000068857099AR,1,1.0,dia_util,5.0,9.0,0.9,-4.44,-4.44,desvio,abaixo,baixa,2,histórico dia_util (poucos dados),2.0
PT0002000068857099AR,2,1.0,dia_util,4.0,6.5,0.71,-3.54,-3.54,desvio,abaixo,baixa,2,histórico dia_util (poucos dados),2.0
PT0002000068857099AR,3,1.0,dia_util,5.0,9.0,1.41,-2.83,-2.83,desvio,abaixo,baixa,2,histórico dia_util (poucos dados),2.0
PT0002000068857099AR,4,1.0,dia_util,4.0,9.0,0.9,-5.56,-5.56,desvio,abaixo,baixa,2,histórico dia_util (poucos dados),2.0
PT0002000068857099AR,5,1.0,dia_util,5.0,6.0,1.41,-0.71,-0.71,normal,abaixo,baixa,2,histórico dia_util (poucos dados),2.0
PT0002000068857099AR,6,1.0,dia_util,4.0,9.0,1.41,-3.54,-3.54,desvio,abaixo,baixa,2,histórico dia_util (poucos dados),2.0
PT0002000068857099AR,7,1.0,dia_util,4.0,7.5,0.75,-4.67,-4.67,desvio,abaixo,baixa,2,histórico dia_util (poucos dados),2.0
PT0002000068857099AR,8,1.0,dia_util,4.0,8.0,1.41,-2.83,-2.83,desvio,abaixo,baixa,2,histórico dia_util (poucos dados),2.0
PT0002000068857099AR,9,1.0,dia_util,4.0,6.0,0.6,-3.33,-3.33,desvio,abaixo,baixa,2,histórico dia_util (poucos dados),2.0
PT0002000068857099AR,10,1.0,dia_util,5.0,10.5,4.95,-1.11,-1.11,normal,abaixo,baixa,2,histórico dia_util (poucos dados),2.0
PT0002000068857099AR,11,1.0,dia_util,4.0,10.5,3.54,-1.84,-1.84,normal,abaixo,baixa,2,histórico dia_util (poucos dados),2.0
PT0002000068857099AR,12,1.0,dia_util,4.0,9.5,2.12,-2.59,-2.59,desvio,abaixo,baixa,2,histórico dia_util (poucos dados),2.0
PT0002000068857099AR,13,1.0,dia_util,5.0,8.0,1.41,-2.12,-2.12,desvio,abaixo,baixa,2,histórico dia_util (poucos dados),2.0
PT0002000068857099AR,14,1.0,dia_util,4.0,7.0,1.41,-2.12,-2.12,desvio,abaixo,baixa,2,histórico dia_util (poucos dados),2.0
PT0002000068857099AR,15,1.0,dia_util,5.0,9.0,0.9,-4.44,-4.44,desvio,abaixo,baixa,2,histórico dia_util (poucos dados),2.0
PT0002000068857099AR,16,1.0,dia_util,4.0,8.0,1.41,-2.83,-2.83,desvio,abaixo,baixa,2,histórico dia_util (poucos dados),2.0
PT0002000068857099AR,17,1.0,dia_util,5.0,7.0,2.83,-0.71,-0.71,normal,abaixo,baixa,2,histórico dia_util (poucos dados),2.0
PT0002000068857099AR,18,1.0,dia_util,15.0,10.5,3.54,1.27,1.27,normal,acima,baixa,2,histórico dia_util (poucos dados),2.0
PT0002000068857099AR,19,1.0,dia_util,15.0,11.5,6.36,0.55,0.55,normal,acima,baixa,2,histórico dia_util (poucos dados),2.0
PT0002000068857099AR,20,1.0,dia_util,13.0,12.5,4.95,0.1,0.1,normal,acima,baixa,2,histórico dia_util (poucos dados),2.0
PT0002000068857099AR,21,1.0,dia_util,11.0,21.5,21.92,-0.48,-0.48,normal,abaixo,baixa,2,histórico dia_util (poucos dados),2.0
PT0002000068857099AR,22,1.0,dia_util,8.0,7.5,3.54,0.14,0.14,normal,acima,baixa,2,histórico dia_util (poucos dados),2.0
PT0002000068857099AR,23,1.0,dia_util,7.0,5.5,2.12,0.71,0.71,normal,acima,baixa,2,histórico dia_util (poucos dados),2.0
PT0002000068857897ZV,0,0.0,dia_util,26.0,26.0,2.6,0.0,0.0,normal,abaixo,baixa,2,histórico dia_util (poucos dados),2.0
PT0002000068857897ZV,1,0.0,dia_util,28.0,27.0,2.7,0.37,0.37,normal,acima,baixa,2,histórico dia_util (poucos dados),2.0
PT0002000068857897ZV,2,0.0,dia_util,27.0,26.5,2.65,0.19,0.19,normal,acima,baixa,2,histórico dia_util (poucos dados),2.0
PT0002000068857897ZV,3,0.0,dia_util,26.0,25.0,2.5,0.4,0.4,normal,acima,baixa,2,histórico dia_util (poucos dados),2.0
PT0002000068857897ZV,4,0.0,dia_util,26.0,26.5,2.65,-0.19,-0.19,normal,abaixo,baixa,2,histórico dia_util (poucos dados),2.0
PT0002000068857897ZV,5,0.0,dia_util,27.0,26.0,2.6,0.38,0.38,normal,acima,baixa,2,histórico dia_util (poucos dados),2.0
PT0002000068857897ZV,6,0.0,dia_util,27.0,27.0,2.7,0.0,0.0,normal,abaixo,baixa,2,histórico dia_util (poucos dados),2.0
PT0002000068857897ZV,7,0.0,dia_util,30.0,28.0,2.8,0.71,0.71,normal,acima,baixa,2,histórico dia_util (poucos dados),2.0
PT0002000068857897ZV,8,0.0,dia_util,35.0,39.5,3.95,-1.14,-1.14,normal,abaixo,baixa,2,histórico dia_util (poucos dados),2.0
PT0002000068857897ZV,9,0.0,dia_util,55.0,61.5,10.61,-0.61,-0.61,normal,abaixo,baixa,2,histórico dia_util (poucos dados),2.0
PT0002000068857897ZV,10,0.0,dia_util,58.0,61.0,8.49,-0.35,-0.35,normal,abaixo,baixa,2,histórico dia_util (poucos dados),2.0
PT0002000068857897ZV,11,0.0,dia_util,62.0,54.5,5.45,1.38,1.38,normal,acima,baixa,2,histórico dia_util (poucos dados),2.0
PT0002000068857897ZV,12,0.0,dia_util,63.0,53.0,5.3,1.89,1.89,normal,acima,baixa,2,histórico dia_util (poucos dados),2.0
PT0002000068857897ZV,13,0.0,dia_util,56.0,51.0,5.66,0.88,0.88,normal,acima,baixa,2,histórico dia_util (poucos dados),2.0
PT0002000068857897ZV,14,0.0,dia_util,57.0,54.5,5.45,0.46,0.46,normal,acima,baixa,2,histórico dia_util (poucos dados),2.0
PT0002000068857897ZV,15,0.0,dia_util,47.0,55.0,9.9,-0.81,-0.81,normal,abaixo,baixa,2,histórico dia_util (poucos dados),2.0
PT0002000068857897ZV,16,0.0,dia_util,47.0,58.0,8.49,-1.3,-1.3,normal,abaixo,baixa,2,histórico dia_util (poucos dados),2.0
PT0002000068857897ZV,17,0.0,dia_util,37.0,33.5,3.35,1.04,1.04,normal,acima,baixa,2,histórico dia_util (poucos dados),2.0
PT0002000068857897ZV,18,0.0,dia_util,29.0,29.0,2.9,0.0,0.0,normal,abaixo,baixa,2,histórico dia_util (poucos dados),2.0
PT0002000068857897ZV,19,0.0,dia_util,28.0,27.0,2.7,0.37,0.37,normal,acima,baixa,2,histórico dia_util (poucos dados),2.0
PT0002000068857897ZV,20,0.0,dia_util,29.0,28.5,2.85,0.18,0.18,normal,acima,baixa,2,histórico dia_util (poucos dados),2.0
PT0002000068857897ZV,21,0.0,dia_util,27.0,26.5,2.65,0.19,0.19,normal,acima,baixa,2,histórico dia_util (poucos dados),2.0
PT0002000068857897ZV,22,0.0,dia_util,26.0,26.5,2.65,-0.19,-0.19,normal,abaixo,baixa,2,histórico dia_util (poucos dados),2.0
PT0002000068857897ZV,23,0.0,dia_util,27.0,27.0,2.7,0.0,0.0,normal,abaixo,baixa,2,histórico dia_util (poucos dados),2.0
PT0002000068857909SY,0,1.0,dia_util,2.0,2.5,0.71,-0.71,-0.71,normal,abaixo,baixa,2,histórico dia_util (poucos dados),2.0
PT0002000068857909SY,1,1.0,dia_util,1.0,1.5,0.71,-0.71,-0.71,normal,abaixo,baixa,2,histórico dia_util (poucos dados),2.0
PT0002000068857909SY,2,1.0,dia_util,2.0,1.5,0.71,0.71,0.71,normal,acima,baixa,2,histórico dia_util (poucos dados),2.0
PT0002000068857909SY,3,1.0,dia_util,1.0,1.5,0.71,-0.71,-0.71,normal,abaixo,baixa,2,histórico dia_util (poucos dados),2.0
PT0002000068857909SY,4,1.0,dia_util,1.0,1.5,0.71,-0.71,-0.71,normal,abaixo,baixa,2,histórico dia_util (poucos dados),2.0
PT0002000068857909SY,5,1.0,dia_util,1.0,1.5,0.71,-0.71,-0.71,normal,abaixo,baixa,2,histórico dia_util (poucos dados),2.0
PT0002000068857909SY,6,1.0,dia_util,2.0,1.0,0.3,3.33,3.33,desvio,acima,baixa,2,histórico dia_util (poucos dados),2.0
PT0002000068857909SY,7,1.0,dia_util,1.0,2.0,0.3,-3.33,-3.33,desvio,abaixo,baixa,2,histórico dia_util (poucos dados),2.0
PT0002000068857909SY,8,1.0,dia_util,4.0,3.0,0.3,3.33,3.33,desvio,acima,baixa,2,histórico dia_util (poucos dados),2.0
PT0002000068857909SY,9,1.0,dia_util,7.0,7.5,0.75,-0.67,-0.67,normal,abaixo,baixa,2,histórico dia_util (poucos dados),2.0
PT0002000068857909SY,10,1.0,dia_util,6.0,7.5,0.75,-2.0,-2.0,normal,abaixo,baixa,2,histórico dia_util (poucos dados),2.0
PT0002000068857909SY,11,1.0,dia_util,9.0,7.5,0.75,2.0,2.0,normal,acima,baixa,2,histórico dia_util (poucos dados),2.0
PT0002000068857909SY,12,1.0,dia_util,7.0,8.0,0.8,-1.25,-1.25,normal,abaixo,baixa,2,histórico dia_util (poucos dados),2.0
PT0002000068857909SY,13,1.0,dia_util,6.0,7.0,0.7,-1.43,-1.43,normal,abaixo,baixa,2,histórico dia_util (poucos dados),2.0
PT0002000068857909SY,14,1.0,dia_util,8.0,7.0,0.7,1.43,1.43,normal,acima,baixa,2,histórico dia_util (poucos dados),2.0
PT0002000068857909SY,15,1.0,dia_util,7.0,7.5,0.75,-0.67,-0.67,normal,abaixo,baixa,2,histórico dia_util (poucos dados),2.0
PT0002000068857909SY,16,1.0,dia_util,6.0,6.5,0.71,-0.71,-0.71,normal,abaixo,baixa,2,histórico dia_util (poucos dados),2.0
PT0002000068857909SY,17,1.0,dia_util,7.0,5.0,2.83,0.71,0.71,normal,acima,baixa,2,histórico dia_util (poucos dados),2.0
PT0002000068857909SY,18,1.0,dia_util,7.0,4.5,3.54,0.71,0.71,normal,acima,baixa,2,histórico dia_util (poucos dados),2.0
PT0002000068857909SY,19,1.0,dia_util,7.0,14.0,11.31,-0.62,-0.62,normal,abaixo,baixa,2,histórico dia_util (poucos dados),2.0
PT0002000068857909SY,20,1.0,dia_util,6.0,20.5,19.09,-0.76,-0.76,normal,abaixo,baixa,2,histórico dia_util (poucos dados),2.0
PT0002000068857909SY,21,1.0,dia_util,32.0,21.5,19.09,0.55,0.55,normal,acima,baixa,2,histórico dia_util (poucos dados),2.0
PT0002000068857909SY,22,1.0,dia_util,35.0,33.0,5.66,0.35,0.35,normal,acima,baixa,2,histórico dia_util (poucos dados),2.0
PT0002000068857909SY,23,1.0,dia_util,35.0,15.0,19.8,1.01,1.01,normal,acima,baixa,2,histórico dia_util (poucos dados),2.0
PT0002000068858231YY,0,,dia_util,42.0,44.0,5.66,-0.35,-0.35,normal,abaixo,baixa,2,histórico dia_util (poucos dados),2.0
PT0002000068858231YY,1,,dia_util,42.0,36.5,3.65,1.51,1.51,normal,acima,baixa,2,histórico dia_util (poucos dados),2.0
PT0002000068858231YY,2,,dia_util,36.0,33.5,3.35,0.75,0.75,normal,acima,baixa,2,histórico dia_util (poucos dados),2.0
PT0002000068858231YY,3,,dia_util,34.0,33.0,3.3,0.3,0.3,normal,acima,baixa,2,histórico dia_util (poucos dados),2.0
PT0002000068858231YY,4,,dia_util,31.0,32.0,3.2,-0.31,-0.31,normal,abaixo,baixa,2,histórico dia_util (poucos dados),2.0
PT0002000068858231YY,5,,dia_util,25.0,31.0,3.1,-1.94,-1.94,normal,abaixo,baixa,2,histórico dia_util (poucos dados),2.0
PT0002000068858231YY,6,,dia_util,23.0,27.5,3.54,-1.27,-1.27,normal,abaixo,baixa,2,histórico dia_util (poucos dados),2.0
PT0002000068858231YY,7,,dia_util,46.0,44.5,10.61,0.14,0.14,normal,acima,baixa,2,histórico dia_util (poucos dados),2.0
PT0002000068858231YY,8,,dia_util,132.0,98.0,59.4,0.57,0.57,normal,acima,baixa,2,histórico dia_util (poucos dados),2.0
PT0002000068858231YY,9,,dia_util,146.0,117.5,61.52,0.46,0.46,normal,acima,baixa,2,histórico dia_util (poucos dados),2.0
PT0002000068858231YY,10,,dia_util,139.0,119.5,67.18,0.29,0.29,normal,acima,baixa,2,histórico dia_util (poucos dados),2.0
PT0002000068858231YY,11,,dia_util,151.0,123.0,73.54,0.38,0.38,normal,acima,baixa,2,histórico dia_util (poucos dados),2.0
PT0002000068858231YY,12,,dia_util,151.0,116.5,68.59,0.5,0.5,normal,acima,baixa,2,histórico dia_util (poucos dados),2.0
PT0002000068858231YY,13,,dia_util,126.0,100.0,56.57,0.46,0.46,normal,acima,baixa,2,histórico dia_util (poucos dados),2.0
PT0002000068858231YY,14,,dia_util,99.0,91.5,41.72,0.18,0.18,normal,acima,baixa,2,histórico dia_util (poucos dados),2.0
PT0002000068858231YY,15,,dia_util,89.0,88.0,33.94,0.03,0.03,normal,acima,baixa,2,histórico dia_util (poucos dados),2.0
PT0002000068858231YY,16,,dia_util,76.0,77.0,33.94,-0.03,-0.03,normal,abaixo,baixa,2,histórico dia_util (poucos dados),2.0
PT0002000068858231YY,17,,dia_util,52.0,59.5,24.75,-0.3,-0.3,normal,abaixo,baixa,2,histórico dia_util (poucos dados),2.0
PT0002000068858231YY,18,,dia_util,27.0,31.5,4.95,-0.91,-0.91,normal,abaixo,baixa,2,histórico dia_util (poucos dados),2.0
PT0002000068858231YY,19,,dia_util,23.0,25.0,2.5,-0.8,-0.8,normal,abaixo,baixa,2,histórico dia_util (poucos dados),2.0
PT0002000068858231YY,20,,dia_util,23.0,24.0,2.83,-0.35,-0.35,normal,abaixo,baixa,2,histórico dia_util (poucos dados),2.0
PT0002000068858231YY,21,,dia_util,24.0,26.5,3.54,-0.71,-0.71,normal,abaixo,baixa,2,histórico dia_util (poucos dados),2.0
PT0002000068858231YY,22,,dia_util,25.0,27.5,2.75,-0.91,-0.91,normal,abaixo,baixa,2,histórico dia_util (poucos dados),2.0
PT0002000068858231YY,23,,dia_util,26.0,31.0,9.9,-0.51,-0.51,normal,abaixo,baixa,2,histórico dia_util (poucos dados),2.0
PT0002000068858674WN,0,,dia_util,12.0,14.0,2.83,-0.71,-0.71,normal,abaixo,baixa,2,histórico dia_util (poucos dados),2.0
PT0002000068858674WN,1,,dia_util,12.0,10.0,2.83,0.71,0.71,normal,acima,baixa,2,histórico dia_util (poucos dados),2.0
PT0002000068858674WN,2,,dia_util,8.0,10.0,2.83,-0.71,-0.71,normal,abaixo,baixa,2,histórico dia_util (poucos dados),2.0
PT0002000068858674WN,3,,dia_util,12.0,12.0,1.2,0.0,0.0,normal,abaixo,baixa,2,histórico dia_util (poucos dados),2.0
PT0002000068858674WN,4,,dia_util,12.0,12.0,1.2,0.0,0.0,normal,abaixo,baixa,2,histórico dia_util (poucos dados),2.0
PT0002000068858674WN,5,,dia_util,8.0,12.0,1.2,-3.33,-3.33,desvio,abaixo,baixa,2,histórico dia_util (poucos dados),2.0
PT0002000068858674WN,6,,dia_util,12.0,8.0,0.8,5.0,5.0,desvio,acima,baixa,2,histórico dia_util (poucos dados),2.0
PT0002000068858674WN,7,,dia_util,12.0,12.0,1.2,0.0,0.0,normal,abaixo,baixa,2,histórico dia_util (poucos dados),2.0
PT0002000068858674WN,8,,dia_util,12.0,16.0,1.6,-2.5,-2.5,desvio,abaixo,baixa,2,histórico dia_util (poucos dados),2.0
PT0002000068858674WN,9,,dia_util,12.0,12.0,1.2,0.0,0.0,normal,abaixo,baixa,2,histórico dia_util (poucos dados),2.0
PT0002000068858674WN,10,,dia_util,12.0,16.0,1.6,-2.5,-2.5,desvio,abaixo,baixa,2,histórico dia_util (poucos dados),2.0
PT0002000068858674WN,11,,dia_util,16.0,16.0,1.6,0.0,0.0,normal,abaixo,baixa,2,histórico dia_util (poucos dados),2.0
PT0002000068858674WN,12,,dia_util,12.0,14.0,2.83,-0.71,-0.71,normal,abaixo,baixa,2,histórico dia_util (poucos dados),2.0
PT0002000068858674WN,13,,dia_util,12.0,14.0,2.83,-0.71,-0.71,normal,abaixo,baixa,2,histórico dia_util (poucos dados),2.0
PT0002000068858674WN,14,,dia_util,12.0,12.0,1.2,0.0,0.0,normal,abaixo,baixa,2,histórico dia_util (poucos dados),2.0
PT0002000068858674WN,15,,dia_util,16.0,14.0,2.83,0.71,0.71,normal,acima,baixa,2,histórico dia_util (poucos dados),2.0
PT0002000068858674WN,16,,dia_util,8.0,12.0,1.2,-3.33,-3.33,desvio,abaixo,baixa,2,histórico dia_util (poucos dados),2.0
PT0002000068858674WN,17,,dia_util,16.0,12.0,1.2,3.33,3.33,desvio,acima,baixa,2,histórico dia_util (poucos dados),2.0
PT0002000068858674WN,18,,dia_util,12.0,18.0,2.83,-2.12,-2.12,desvio,abaixo,baixa,2,histórico dia_util (poucos dados),2.0
PT0002000068858674WN,19,,dia_util,12.0,10.0,2.83,0.71,0.71,normal,acima,baixa,2,histórico dia_util (poucos dados),2.0
PT0002000068858674WN,20,,dia_util,12.0,12.0,1.2,0.0,0.0,normal,abaixo,baixa,2,histórico dia_util (poucos dados),2.0
PT0002000068858674WN,21,,dia_util,8.0,12.0,1.2,-3.33,-3.33,desvio,abaixo,baixa,2,histórico dia_util (poucos dados),2.0
PT0002000068858674WN,22,,dia_util,12.0,8.0,0.8,5.0,5.0,desvio,acima,baixa,2,histórico dia_util (poucos dados),2.0
PT0002000068858674WN,23,,dia_util,12.0,12.0,1.2,0.0,0.0,normal,abaixo,baixa,2,histórico dia_util (poucos dados),2.0
PT0002000068859187RL,0,0.0,dia_util,31.0,31.0,3.1,0.0,0.0,normal,abaixo,baixa,2,histórico dia_util (poucos dados),2.0
PT0002000068859187RL,1,0.0,dia_util,29.0,34.0,5.66,-0.88,-0.88,normal,abaixo,baixa,2,histórico dia_util (poucos dados),2.0
PT0002000068859187RL,2,0.0,dia_util,29.0,32.0,5.66,-0.53,-0.53,normal,abaixo,baixa,2,histórico dia_util (poucos dados),2.0
PT0002000068859187RL,3,0.0,dia_util,28.0,28.0,2.8,0.0,0.0,normal,abaixo,baixa,2,histórico dia_util (poucos dados),2.0
PT0002000068859187RL,4,0.0,dia_util,28.0,28.0,2.8,0.0,0.0,normal,abaixo,baixa,2,histórico dia_util (poucos dados),2.0
PT0002000068859187RL,5,0.0,dia_util,28.0,28.5,2.85,-0.18,-0.18,normal,abaixo,baixa,2,histórico dia_util (poucos dados),2.0
PT0002000068859187RL,6,0.0,dia_util,27.0,27.5,2.75,-0.18,-0.18,normal,abaixo,baixa,2,histórico dia_util (poucos dados),2.0
PT0002000068859187RL,7,0.0,dia_util,35.0,34.5,3.45,0.14,0.14,normal,acima,baixa,2,histórico dia_util (poucos dados),2.0
PT0002000068859187RL,8,0.0,dia_util,52.0,54.0,5.4,-0.37,-0.37,normal,abaixo,baixa,2,histórico dia_util (poucos dados),2.0
PT0002000068859187RL,9,0.0,dia_util,64.0,62.0,9.9,0.2,0.2,normal,acima,baixa,2,histórico dia_util (poucos dados),2.0
PT0002000068859187RL,10,0.0,dia_util,75.0,73.5,12.02,0.12,0.12,normal,acima,baixa,2,histórico dia_util (poucos dados),2.0
PT0002000068859187RL,11,0.0,dia_util,65.0,68.5,6.85,-0.51,-0.51,normal,abaixo,baixa,2,histórico dia_util (poucos dados),2.0
PT0002000068859187RL,12,0.0,dia_util,70.0,67.0,6.7,0.45,0.45,normal,acima,baixa,2,histórico dia_util (poucos dados),2.0
PT0002000068859187RL,13,0.0,dia_util,69.0,57.5,5.75,2.0,2.0,normal,acima,baixa,2,histórico dia_util (poucos dados),2.0
PT0002000068859187RL,14,0.0,dia_util,63.0,50.0,5.0,2.6,2.6,desvio,acima,baixa,2,histórico dia_util (poucos dados),2.0
PT0002000068859187RL,15,0.0,dia_util,58.0,53.5,5.35,0.84,0.84,normal,acima,baixa,2,histórico dia_util (poucos dados),2.0
PT0002000068859187RL,16,0.0,dia_util,42.0,47.5,4.75,-1.16,-1.16,normal,abaixo,baixa,2,histórico dia_util (poucos dados),2.0
PT0002000068859187RL,17,0.0,dia_util,54.0,49.0,5.66,0.88,0.88,normal,acima,baixa,2,histórico dia_util (poucos dados),2.0
PT0002000068859187RL,18,0.0,dia_util,51.0,37.5,3.75,3.6,3.6,desvio,acima,baixa,2,histórico dia_util (poucos dados),2.0
PT0002000068859187RL,19,0.0,dia_util,34.0,29.0,2.9,1.72,1.72,normal,acima,baixa,2,histórico dia_util (poucos dados),2.0
PT0002000068859187RL,20,0.0,dia_util,31.0,28.0,2.8,1.07,1.07,normal,acima,baixa,2,histórico dia_util (poucos dados),2.0
PT0002000068859187RL,21,0.0,dia_util,29.0,28.5,2.85,0.18,0.18,normal,acima,baixa,2,histórico dia_util (poucos dados),2.0
PT0002000068859187RL,22,0.0,dia_util,33.0,31.5,3.15,0.48,0.48,normal,acima,baixa,2,histórico dia_util (poucos dados),2.0
PT0002000068859187RL,23,0.0,dia_util,32.0,32.0,3.2,0.0,0.0,normal,abaixo,baixa,2,histórico dia_util (poucos dados),2.0
PT0002000068859325FL,0,1.0,dia_util,148.0,154.0,15.4,-0.39,-0.39,normal,abaixo,baixa,2,histórico dia_util (poucos dados),2.0
PT0002000068859325FL,1,1.0,dia_util,112.0,110.0,11.0,0.18,0.18,normal,acima,baixa,2,histórico dia_util (poucos dados),2.0
PT0002000068859325FL,2,1.0,dia_util,96.0,108.0,10.8,-1.11,-1.11,normal,abaixo,baixa,2,histórico dia_util (poucos dados),2.0
PT0002000068859325FL,3,1.0,dia_util,88.0,98.0,9.8,-1.02,-1.02,normal,abaixo,baixa,2,histórico dia_util (poucos dados),2.0
PT0002000068859325FL,4,1.0,dia_util,88.0,94.0,9.4,-0.64,-0.64,normal,abaixo,baixa,2,histórico dia_util (poucos dados),2.0
PT0002000068859325FL,5,1.0,dia_util,80.0,82.0,8.49,-0.24,-0.24,normal,abaixo,baixa,2,histórico dia_util (poucos dados),2.0
PT0002000068859325FL,6,1.0,dia_util,64.0,86.0,14.14,-1.56,-1.56,normal,abaixo,baixa,2,histórico dia_util (poucos dados),2.0
PT0002000068859325FL,7,1.0,dia_util,132.0,130.0,25.46,0.08,0.08,normal,acima,baixa,2,histórico dia_util (poucos dados),2.0
PT0002000068859325FL,8,1.0,dia_util,120.0,128.0,12.8,-0.62,-0.62,normal,abaixo,baixa,2,histórico dia_util (poucos dados),2.0
PT0002000068859325FL,9,1.0,dia_util,176.0,164.0,16.97,0.71,0.71,normal,acima,baixa,2,histórico dia_util (poucos dados),2.0
PT0002000068859325FL,10,1.0,dia_util,172.0,160.0,16.0,0.75,0.75,normal,acima,baixa,2,histórico dia_util (poucos dados),2.0
PT0002000068859325FL,11,1.0,dia_util,192.0,162.0,16.2,1.85,1.85,normal,acima,baixa,2,histórico dia_util (poucos dados),2.0
PT0002000068859325FL,12,1.0,dia_util,180.0,214.0,25.46,-1.34,-1.34,normal,abaixo,baixa,2,histórico dia_util (poucos dados),2.0
PT0002000068859325FL,13,1.0,dia_util,216.0,182.0,25.46,1.34,1.34,normal,acima,baixa,2,histórico dia_util (poucos dados),2.0
PT0002000068859325FL,14,1.0,dia_util,180.0,160.0,16.0,1.25,1.25,normal,acima,baixa,2,histórico dia_util (poucos dados),2.0
PT0002000068859325FL,15,1.0,dia_util,192.0,158.0,15.8,2.15,2.15,desvio,acima,baixa,2,histórico dia_util (poucos dados),2.0
PT0002000068859325FL,16,1.0,dia_util,224.0,162.0,16.2,3.83,3.83,desvio,acima,baixa,2,histórico dia_util (poucos dados),2.0
PT0002000068859325FL,17,1.0,dia_util,160.0,166.0,16.6,-0.36,-0.36,normal,abaixo,baixa,2,histórico dia_util (poucos dados),2.0
PT0002000068859325FL,18,1.0,dia_util,160.0,170.0,17.0,-0.59,-0.59,normal,abaixo,baixa,2,histórico dia_util (poucos dados),2.0
PT0002000068859325FL,19,1.0,dia_util,184.0,174.0,17.4,0.57,0.57,normal,acima,baixa,2,histórico dia_util (poucos dados),2.0
PT0002000068859325FL,20,1.0,dia_util,200.0,214.0,21.4,-0.65,-0.65,normal,abaixo,baixa,2,histórico dia_util (poucos dados),2.0
PT0002000068859325FL,21,1.0,dia_util,684.0,228.0,22.8,10.0,20.0,desvio,acima,baixa,2,histórico dia_util (poucos dados),2.0
PT0002000068859325FL,22,1.0,dia_util,736.0,180.0,18.0,10.0,30.89,desvio,acima,baixa,2,histórico dia_util (poucos dados),2.0
PT0002000068859325FL,23,1.0,dia_util,176.0,170.0,19.8,0.3,0.3,normal,acima,baixa,2,histórico dia_util (poucos dados),2.0
PT0002000068859382XF,0,0.0,dia_util,55.0,52.5,7.78,0.32,0.32,normal,acima,baixa,2,histórico dia_util (poucos dados),2.0
PT0002000068859382XF,1,0.0,dia_util,50.0,49.0,5.66,0.18,0.18,normal,acima,baixa,2,histórico dia_util (poucos dados),2.0
PT0002000068859382XF,2,0.0,dia_util,46.0,45.5,4.55,0.11,0.11,normal,acima,baixa,2,histórico dia_util (poucos dados),2.0
PT0002000068859382XF,3,0.0,dia_util,42.0,42.5,4.95,-0.1,-0.1,normal,abaixo,baixa,2,histórico dia_util (poucos dados),2.0
PT0002000068859382XF,4,0.0,dia_util,42.0,43.0,7.07,-0.14,-0.14,normal,abaixo,baixa,2,histórico dia_util (poucos dados),2.0
PT0002000068859382XF,5,0.0,dia_util,43.0,41.5,4.15,0.36,0.36,normal,acima,baixa,2,histórico dia_util (poucos dados),2.0
PT0002000068859382XF,6,0.0,dia_util,45.0,39.5,3.95,1.39,1.39,normal,acima,baixa,2,histórico dia_util (poucos dados),2.0
PT0002000068859382XF,7,0.0,dia_util,44.0,40.5,4.05,0.86,0.86,normal,acima,baixa,2,histórico dia_util (poucos dados),2.0
PT0002000068859382XF,8,0.0,dia_util,59.0,55.0,5.5,0.73,0.73,normal,acima,baixa,2,histórico dia_util (poucos dados),2.0
PT0002000068859382XF,9,0.0,dia_util,85.0,83.0,8.3,0.24,0.24,normal,acima,baixa,2,histórico dia_util (poucos dados),2.0
PT0002000068859382XF,10,0.0,dia_util,82.0,83.5,8.35,-0.18,-0.18,normal,abaixo,baixa,2,histórico dia_util (poucos dados),2.0
PT0002000068859382XF,11,0.0,dia_util,82.0,83.5,8.35,-0.18,-0.18,normal,abaixo,baixa,2,histórico dia_util (poucos dados),2.0
PT0002000068859382XF,12,0.0,dia_util,76.0,79.0,9.9,-0.3,-0.3,normal,abaixo,baixa,2,histórico dia_util (poucos dados),2.0
PT0002000068859382XF,13,0.0,dia_util,68.0,75.0,8.49,-0.82,-0.82,normal,abaixo,baixa,2,histórico dia_util (poucos dados),2.0
PT0002000068859382XF,14,0.0,dia_util,68.0,81.0,8.1,-1.6,-1.6,normal,abaixo,baixa,2,histórico dia_util (poucos dados),2.0
PT0002000068859382XF,15,0.0,dia_util,75.0,80.5,8.05,-0.68,-0.68,normal,abaixo,baixa,2,histórico dia_util (poucos dados),2.0
PT0002000068859382XF,16,0.0,dia_util,71.0,76.0,9.9,-0.51,-0.51,normal,abaixo,baixa,2,histórico dia_util (poucos dados),2.0
PT0002000068859382XF,17,0.0,dia_util,55.0,56.0,5.6,-0.18,-0.18,normal,abaixo,baixa,2,histórico dia_util (poucos dados),2.0
PT0002000068859382XF,18,0.0,dia_util,47.0,47.5,4.75,-0.11,-0.11,normal,abaixo,baixa,2,histórico dia_util (poucos dados),2.0
PT0002000068859382XF,19,0.0,dia_util,45.0,49.5,4.95,-0.91,-0.91,normal,abaixo,baixa,2,histórico dia_util (poucos dados),2.0
PT0002000068859382XF,20,0.0,dia_util,45.0,52.5,10.61,-0.71,-0.71,normal,abaixo,baixa,2,histórico dia_util (poucos dados),2.0
PT0002000068859382XF,21,0.0,dia_util,55.0,51.5,7.78,0.45,0.45,normal,acima,baixa,2,histórico dia_util (poucos dados),2.0
PT0002000068859382XF,22,0.0,dia_util,56.0,49.0,4.9,1.43,1.43,normal,acima,baixa,2,histórico dia_util (poucos dados),2.0
PT0002000068859382XF,23,0.0,dia_util,54.0,52.0,5.2,0.38,0.38,normal,acima,baixa,2,histórico dia_util (poucos dados),2.0
PT0002000068859393XH,0,1.0,dia_util,22.0,22.5,2.25,-0.22,-0.22,normal,abaixo,baixa,2,histórico dia_util (poucos dados),2.0
PT0002000068859393XH,1,1.0,dia_util,23.0,23.0,2.3,0.0,0.0,normal,abaixo,baixa,2,histórico dia_util (poucos dados),2.0
PT0002000068859393XH,2,1.0,dia_util,22.0,24.5,2.45,-1.02,-1.02,normal,abaixo,baixa,2,histórico dia_util (poucos dados),2.0
PT0002000068859393XH,3,1.0,dia_util,24.0,22.5,2.25,0.67,0.67,normal,acima,baixa,2,histórico dia_util (poucos dados),2.0
PT0002000068859393XH,4,1.0,dia_util,22.0,23.0,2.3,-0.43,-0.43,normal,abaixo,baixa,2,histórico dia_util (poucos dados),2.0
PT0002000068859393XH,5,1.0,dia_util,19.0,20.5,2.12,-0.71,-0.71,normal,abaixo,baixa,2,histórico dia_util (poucos dados),2.0
PT0002000068859393XH,6,1.0,dia_util,17.0,18.5,1.85,-0.81,-0.81,normal,abaixo,baixa,2,histórico dia_util (poucos dados),2.0
PT0002000068859393XH,7,1.0,dia_util,36.0,73.5,7.35,-5.1,-5.1,desvio,abaixo,baixa,2,histórico dia_util (poucos dados),2.0
PT0002000068859393XH,8,1.0,dia_util,80.0,116.0,11.6,-3.1,-3.1,desvio,abaixo,baixa,2,histórico dia_util (poucos dados),2.0
PT0002000068859393XH,9,1.0,dia_util,96.0,131.5,13.15,-2.7,-2.7,desvio,abaixo,baixa,2,histórico dia_util (poucos dados),2.0
PT0002000068859393XH,10,1.0,dia_util,101.0,136.5,13.65,-2.6,-2.6,desvio,abaixo,baixa,2,histórico dia_util (poucos dados),2.0
PT0002000068859393XH,11,1.0,dia_util,112.0,144.0,14.4,-2.22,-2.22,desvio,abaixo,baixa,2,histórico dia_util (poucos dados),2.0
PT0002000068859393XH,12,1.0,dia_util,118.0,148.5,14.85,-2.05,-2.05,desvio,abaixo,baixa,2,histórico dia_util (poucos dados),2.0
PT0002000068859393XH,13,1.0,dia_util,115.0,144.0,14.4,-2.01,-2.01,desvio,abaixo,baixa,2,histórico dia_util (poucos dados),2.0
PT0002000068859393XH,14,1.0,dia_util,113.0,145.0,14.5,-2.21,-2.21,desvio,abaixo,baixa,2,histórico dia_util (poucos dados),2.0
PT0002000068859393XH,15,1.0,dia_util,132.0,144.0,14.4,-0.83,-0.83,normal,abaixo,baixa,2,histórico dia_util (poucos dados),2.0
PT0002000068859393XH,16,1.0,dia_util,137.0,136.5,13.65,0.04,0.04,normal,acima,baixa,2,histórico dia_util (poucos dados),2.0
PT0002000068859393XH,17,1.0,dia_util,136.0,134.5,13.45,0.11,0.11,normal,acima,baixa,2,histórico dia_util (poucos dados),2.0
PT0002000068859393XH,18,1.0,dia_util,137.0,138.5,13.85,-0.11,-0.11,normal,abaixo,baixa,2,histórico dia_util (poucos dados),2.0
PT0002000068859393XH,19,1.0,dia_util,188.0,152.0,21.21,1.7,1.7,normal,acima,baixa,2,histórico dia_util (poucos dados),2.0
PT0002000068859393XH,20,1.0,dia_util,241.0,175.0,62.23,1.06,1.06,normal,acima,baixa,2,histórico dia_util (poucos dados),2.0
PT0002000068859393XH,21,1.0,dia_util,244.0,189.5,64.35,0.85,0.85,normal,acima,baixa,2,histórico dia_util (poucos dados),2.0
PT0002000068859393XH,22,1.0,dia_util,219.0,197.0,19.7,1.12,1.12,normal,acima,baixa,2,histórico dia_util (poucos dados),2.0
PT0002000068859393XH,23,1.0,dia_util,119.0,97.5,48.79,0.44,0.44,normal,acima,baixa,2,histórico dia_util (poucos dados),2.0
PT0002000068859597LS,0,0.0,dia_util,30.0,32.5,3.25,-0.77,-0.77,normal,abaixo,baixa,2,histórico dia_util (poucos dados),2.0
PT0002000068859597LS,1,0.0,dia_util,30.0,31.5,3.15,-0.48,-0.48,normal,abaixo,baixa,2,histórico dia_util (poucos dados),2.0
PT0002000068859597LS,2,0.0,dia_util,30.0,31.5,3.15,-0.48,-0.48,normal,abaixo,baixa,2,histórico dia_util (poucos dados),2.0
PT0002000068859597LS,3,0.0,dia_util,29.0,30.0,3.0,-0.33,-0.33,normal,abaixo,baixa,2,histórico dia_util (poucos dados),2.0
PT0002000068859597LS,4,0.0,dia_util,28.0,30.0,3.0,-0.67,-0.67,normal,abaixo,baixa,2,histórico dia_util (poucos dados),2.0
PT0002000068859597LS,5,0.0,dia_util,29.0,31.0,3.1,-0.65,-0.65,normal,abaixo,baixa,2,histórico dia_util (poucos dados),2.0
PT0002000068859597LS,6,0.0,dia_util,32.0,33.5,3.35,-0.45,-0.45,normal,abaixo,baixa,2,histórico dia_util (poucos dados),2.0
PT0002000068859597LS,7,0.0,dia_util,31.0,32.5,3.25,-0.46,-0.46,normal,abaixo,baixa,2,histórico dia_util (poucos dados),2.0
PT0002000068859597LS,8,0.0,dia_util,52.0,56.5,5.65,-0.8,-0.8,normal,abaixo,baixa,2,histórico dia_util (poucos dados),2.0
PT0002000068859597LS,9,0.0,dia_util,65.0,74.5,7.45,-1.28,-1.28,normal,abaixo,baixa,2,histórico dia_util (poucos dados),2.0
PT0002000068859597LS,10,0.0,dia_util,77.0,85.0,8.5,-0.94,-0.94,normal,abaixo,baixa,2,histórico dia_util (poucos dados),2.0
PT0002000068859597LS,11,0.0,dia_util,84.0,86.5,8.65,-0.29,-0.29,normal,abaixo,baixa,2,histórico dia_util (poucos dados),2.0
PT0002000068859597LS,12,0.0,dia_util,85.0,80.0,8.0,0.62,0.62,normal,acima,baixa,2,histórico dia_util (poucos dados),2.0
PT0002000068859597LS,13,0.0,dia_util,77.0,68.5,6.85,1.24,1.24,normal,acima,baixa,2,histórico dia_util (poucos dados),2.0
PT0002000068859597LS,14,0.0,dia_util,83.0,78.5,7.85,0.57,0.57,normal,acima,baixa,2,histórico dia_util (poucos dados),2.0
PT0002000068859597LS,15,0.0,dia_util,77.0,75.5,7.55,0.2,0.2,normal,acima,baixa,2,histórico dia_util (poucos dados),2.0
PT0002000068859597LS,16,0.0,dia_util,60.0,67.5,6.75,-1.11,-1.11,normal,abaixo,baixa,2,histórico dia_util (poucos dados),2.0
PT0002000068859597LS,17,0.0,dia_util,35.0,48.5,4.85,-2.78,-2.78,desvio,abaixo,baixa,2,histórico dia_util (poucos dados),2.0
PT0002000068859597LS,18,0.0,dia_util,45.0,39.5,3.95,1.39,1.39,normal,acima,baixa,2,histórico dia_util (poucos dados),2.0
PT0002000068859597LS,19,0.0,dia_util,43.0,35.0,3.5,2.29,2.29,desvio,acima,baixa,2,histórico dia_util (poucos dados),2.0
PT0002000068859597LS,20,0.0,dia_util,85.0,52.0,28.28,1.17,1.17,normal,acima,baixa,2,histórico dia_util (poucos dados),2.0
PT0002000068859597LS,21,0.0,dia_util,83.0,65.0,19.8,0.91,0.91,normal,acima,baixa,2,histórico dia_util (poucos dados),2.0
PT0002000068859597LS,22,0.0,dia_util,85.0,81.5,8.15,0.43,0.43,normal,acima,baixa,2,histórico dia_util (poucos dados),2.0
PT0002000068859597LS,23,0.0,dia_util,82.0,63.5,9.19,2.01,2.01,desvio,acima,baixa,2,histórico dia_util (poucos dados),2.0
PT0002000071896778MT,0,0.0,dia_util,4.0,4.5,0.71,-0.71,-0.71,normal,abaixo,baixa,2,histórico dia_util (poucos dados),2.0
PT0002000071896778MT,1,0.0,dia_util,5.0,3.5,0.71,2.12,2.12,desvio,acima,baixa,2,histórico dia_util (poucos dados),2.0
PT0002000071896778MT,2,0.0,dia_util,4.0,4.0,1.41,0.0,0.0,normal,abaixo,baixa,2,histórico dia_util (poucos dados),2.0
PT0002000071896778MT,3,0.0,dia_util,4.0,4.0,1.41,0.0,0.0,normal,abaixo,baixa,2,histórico dia_util (poucos dados),2.0
PT0002000071896778MT,4,0.0,dia_util,4.0,4.5,2.12,-0.24,-0.24,normal,abaixo,baixa,2,histórico dia_util (poucos dados),2.0
PT0002000071896778MT,5,0.0,dia_util,4.0,4.0,1.41,0.0,0.0,normal,abaixo,baixa,2,histórico dia_util (poucos dados),2.0
PT0002000071896778MT,6,0.0,dia_util,5.0,11.0,11.31,-0.53,-0.53,normal,abaixo,baixa,2,histórico dia_util (poucos dados),2.0
PT0002000071896778MT,7,0.0,dia_util,30.0,29.0,2.9,0.34,0.34,normal,acima,baixa,2,histórico dia_util (poucos dados),2.0
PT0002000071896778MT,8,0.0,dia_util,23.0,34.0,7.07,-1.56,-1.56,normal,abaixo,baixa,2,histórico dia_util (poucos dados),2.0
PT0002000071896778MT,9,0.0,dia_util,33.0,37.5,14.85,-0.3,-0.3,normal,abaixo,baixa,2,histórico dia_util (poucos dados),2.0
PT0002000071896778MT,10,0.0,dia_util,30.0,38.0,11.31,-0.71,-0.71,normal,abaixo,baixa,2,histórico dia_util (poucos dados),2.0
PT0002000071896778MT,11,0.0,dia_util,27.0,32.5,7.78,-0.71,-0.71,normal,abaixo,baixa,2,histórico dia_util (poucos dados),2.0
PT0002000071896778MT,12,0.0,dia_util,33.0,36.5,6.36,-0.55,-0.55,normal,abaixo,baixa,2,histórico dia_util (poucos dados),2.0
PT0002000071896778MT,13,0.0,dia_util,21.0,22.0,7.07,-0.14,-0.14,normal,abaixo,baixa,2,histórico dia_util (poucos dados),2.0
PT0002000071896778MT,14,0.0,dia_util,19.0,21.0,2.83,-0.71,-0.71,normal,abaixo,baixa,2,histórico dia_util (poucos dados),2.0
PT0002000071896778MT,15,0.0,dia_util,13.0,15.0,1.5,-1.33,-1.33,normal,abaixo,baixa,2,histórico dia_util (poucos dados),2.0
PT0002000071896778MT,16,0.0,dia_util,12.0,13.0,1.3,-0.77,-0.77,normal,abaixo,baixa,2,histórico dia_util (poucos dados),2.0
PT0002000071896778MT,17,0.0,dia_util,12.0,9.5,0.95,2.63,2.63,desvio,acima,baixa,2,histórico dia_util (poucos dados),2.0
PT0002000071896778MT,18,0.0,dia_util,7.0,6.0,0.6,1.67,1.67,normal,acima,baixa,2,histórico dia_util (poucos dados),2.0
PT0002000071896778MT,19,0.0,dia_util,5.0,4.0,1.41,0.71,0.71,normal,acima,baixa,2,histórico dia_util (poucos dados),2.0
PT0002000071896778MT,20,0.0,dia_util,4.0,3.5,0.71,0.71,0.71,normal,acima,baixa,2,histórico dia_util (poucos dados),2.0
PT0002000071896778MT,21,0.0,dia_util,4.0,4.5,0.71,-0.71,-0.71,normal,abaixo,baixa,2,histórico dia_util (poucos dados),2.0
PT0002000071896778MT,22,0.0,dia_util,4.0,3.5,0.71,0.71,0.71,normal,acima,baixa,2,histórico dia_util (poucos dados),2.0
PT0002000071896778MT,23,0.0,dia_util,5.0,4.0,1.41,0.71,0.71,normal,acima,baixa,2,histórico dia_util (poucos dados),2.0
PT0002000073231742VK,0,0.0,dia_util,15.0,15.0,1.5,0.0,0.0,normal,abaixo,baixa,2,histórico dia_util (poucos dados),2.0
PT0002000073231742VK,1,0.0,dia_util,14.0,15.0,2.83,-0.35,-0.35,normal,abaixo,baixa,2,histórico dia_util (poucos dados),2.0
PT0002000073231742VK,2,0.0,dia_util,14.0,15.5,2.12,-0.71,-0.71,normal,abaixo,baixa,2,histórico dia_util (poucos dados),2.0
PT0002000073231742VK,3,0.0,dia_util,14.0,15.0,2.83,-0.35,-0.35,normal,abaixo,baixa,2,histórico dia_util (poucos dados),2.0
PT0002000073231742VK,4,0.0,dia_util,14.0,15.5,2.12,-0.71,-0.71,normal,abaixo,baixa,2,histórico dia_util (poucos dados),2.0
PT0002000073231742VK,5,0.0,dia_util,12.0,14.5,2.12,-1.18,-1.18,normal,abaixo,baixa,2,histórico dia_util (poucos dados),2.0
PT0002000073231742VK,6,0.0,dia_util,12.0,15.0,1.5,-2.0,-2.0,normal,abaixo,baixa,2,histórico dia_util (poucos dados),2.0
PT0002000073231742VK,7,0.0,dia_util,21.0,24.5,4.95,-0.71,-0.71,normal,abaixo,baixa,2,histórico dia_util (poucos dados),2.0
PT0002000073231742VK,8,0.0,dia_util,45.0,36.0,9.9,0.91,0.91,normal,acima,baixa,2,histórico dia_util (poucos dados),2.0
PT0002000073231742VK,9,0.0,dia_util,47.0,38.5,3.85,2.21,2.21,desvio,acima,baixa,2,histórico dia_util (poucos dados),2.0
PT0002000073231742VK,10,0.0,dia_util,46.0,38.5,3.85,1.95,1.95,normal,acima,baixa,2,histórico dia_util (poucos dados),2.0
PT0002000073231742VK,11,0.0,dia_util,38.0,35.0,3.5,0.86,0.86,normal,acima,baixa,2,histórico dia_util (poucos dados),2.0
PT0002000073231742VK,12,0.0,dia_util,40.0,32.0,3.2,2.5,2.5,desvio,acima,baixa,2,histórico dia_util (poucos dados),2.0
PT0002000073231742VK,13,0.0,dia_util,35.0,37.5,3.75,-0.67,-0.67,normal,abaixo,baixa,2,histórico dia_util (poucos dados),2.0
PT0002000073231742VK,14,0.0,dia_util,27.0,26.5,4.95,0.1,0.1,normal,acima,baixa,2,histórico dia_util (poucos dados),2.0
PT0002000073231742VK,15,0.0,dia_util,28.0,22.0,2.2,2.73,2.73,desvio,acima,baixa,2,histórico dia_util (poucos dados),2.0
PT0002000073231742VK,16,0.0,dia_util,24.0,20.0,2.83,1.41,1.41,normal,acima,baixa,2,histórico dia_util (poucos dados),2.0
PT0002000073231742VK,17,0.0,dia_util,21.0,19.5,2.12,0.71,0.71,normal,acima,baixa,2,histórico dia_util (poucos dados),2.0
PT0002000073231742VK,18,0.0,dia_util,19.0,18.0,1.8,0.56,0.56,normal,acima,baixa,2,histórico dia_util (poucos dados),2.0
PT0002000073231742VK,19,0.0,dia_util,12.0,14.5,1.45,-1.72,-1.72,normal,abaixo,baixa,2,histórico dia_util (poucos dados),2.0
PT0002000073231742VK,20,0.0,dia_util,12.0,14.5,1.45,-1.72,-1.72,normal,abaixo,baixa,2,histórico dia_util (poucos dados),2.0
PT0002000073231742VK,21,0.0,dia_util,12.0,15.5,1.55,-2.26,-2.26,desvio,abaixo,baixa,2,histórico dia_util (poucos dados),2.0
PT0002000073231742VK,22,0.0,dia_util,12.0,14.5,1.45,-1.72,-1.72,normal,abaixo,baixa,2,histórico dia_util (poucos dados),2.0
PT0002000073231742VK,23,0.0,dia_util,12.0,14.0,1.4,-1.43,-1.43,normal,abaixo,baixa,2,histórico dia_util (poucos dados),2.0
PT0002000073481266XH,0,0.0,dia_util,9.0,7.0,0.7,2.86,2.86,desvio,acima,baixa,2,histórico dia_util (poucos dados),2.0
PT0002000073481266XH,1,0.0,dia_util,9.0,6.5,2.12,1.18,1.18,normal,acima,baixa,2,histórico dia_util (poucos dados),2.0
PT0002000073481266XH,2,0.0,dia_util,10.0,7.5,0.75,3.33,3.33,desvio,acima,baixa,2,histórico dia_util (poucos dados),2.0
PT0002000073481266XH,3,0.0,dia_util,9.0,7.0,0.7,2.86,2.86,desvio,acima,baixa,2,histórico dia_util (poucos dados),2.0
PT0002000073481266XH,4,0.0,dia_util,10.0,8.0,0.8,2.5,2.5,desvio,acima,baixa,2,histórico dia_util (poucos dados),2.0
PT0002000073481266XH,5,0.0,dia_util,8.0,6.5,0.71,2.12,2.12,desvio,acima,baixa,2,histórico dia_util (poucos dados),2.0
PT0002000073481266XH,6,0.0,dia_util,8.0,6.0,0.6,3.33,3.33,desvio,acima,baixa,2,histórico dia_util (poucos dados),2.0
PT0002000073481266XH,7,0.0,dia_util,17.0,13.0,1.3,3.08,3.08,desvio,acima,baixa,2,histórico dia_util (poucos dados),2.0
PT0002000073481266XH,8,0.0,dia_util,30.0,36.0,3.6,-1.67,-1.67,normal,abaixo,baixa,2,histórico dia_util (poucos dados),2.0
PT0002000073481266XH,9,0.0,dia_util,33.0,44.0,4.4,-2.5,-2.5,desvio,abaixo,baixa,2,histórico dia_util (poucos dados),2.0
PT0002000073481266XH,10,0.0,dia_util,36.0,44.5,4.45,-1.91,-1.91,normal,abaixo,baixa,2,histórico dia_util (poucos dados),2.0
PT0002000073481266XH,11,0.0,dia_util,34.0,40.5,4.05,-1.6,-1.6,normal,abaixo,baixa,2,histórico dia_util (poucos dados),2.0
PT0002000073481266XH,12,0.0,dia_util,40.0,40.0,4.24,0.0,0.0,normal,abaixo,baixa,2,histórico dia_util (poucos dados),2.0
PT0002000073481266XH,13,0.0,dia_util,31.0,33.5,3.35,-0.75,-0.75,normal,abaixo,baixa,2,histórico dia_util (poucos dados),2.0
PT0002000073481266XH,14,0.0,dia_util,29.0,37.0,3.7,-2.16,-2.16,desvio,abaixo,baixa,2,histórico dia_util (poucos dados),2.0
PT0002000073481266XH,15,0.0,dia_util,31.0,37.0,8.49,-0.71,-0.71,normal,abaixo,baixa,2,histórico dia_util (poucos dados),2.0
PT0002000073481266XH,16,0.0,dia_util,30.0,32.0,3.2,-0.62,-0.62,normal,abaixo,baixa,2,histórico dia_util (poucos dados),2.0
PT0002000073481266XH,17,0.0,dia_util,23.0,33.0,4.24,-2.36,-2.36,desvio,abaixo,baixa,2,histórico dia_util (poucos dados),2.0
PT0002000073481266XH,18,0.0,dia_util,17.0,28.0,2.8,-3.93,-3.93,desvio,abaixo,baixa,2,histórico dia_util (poucos dados),2.0
PT0002000073481266XH,19,0.0,dia_util,10.0,17.0,4.24,-1.65,-1.65,normal,abaixo,baixa,2,histórico dia_util (poucos dados),2.0
PT0002000073481266XH,20,0.0,dia_util,10.0,10.5,3.54,-0.14,-0.14,normal,abaixo,baixa,2,histórico dia_util (poucos dados),2.0
PT0002000073481266XH,21,0.0,dia_util,10.0,9.5,0.95,0.53,0.53,normal,acima,baixa,2,histórico dia_util (poucos dados),2.0
PT0002000073481266XH,22,0.0,dia_util,8.0,9.5,2.12,-0.71,-0.71,normal,abaixo,baixa,2,histórico dia_util (poucos dados),2.0
PT0002000073481266XH,23,0.0,dia_util,8.0,9.0,1.41,-0.71,-0.71,normal,abaixo,baixa,2,histórico dia_util (poucos dados),2.0
PT0002000073573036KH,0,,dia_util,179.0,183.0,18.3,-0.22,-0.22,normal,abaixo,baixa,2,histórico dia_util (poucos dados),2.0
PT0002000073573036KH,1,,dia_util,192.0,180.0,18.0,0.67,0.67,normal,acima,baixa,2,histórico dia_util (poucos dados),2.0
PT0002000073573036KH,2,,dia_util,179.0,181.5,18.15,-0.14,-0.14,normal,abaixo,baixa,2,histórico dia_util (poucos dados),2.0
PT0002000073573036KH,3,,dia_util,192.0,180.5,18.05,0.64,0.64,normal,acima,baixa,2,histórico dia_util (poucos dados),2.0
PT0002000073573036KH,4,,dia_util,194.0,180.5,18.05,0.75,0.75,normal,acima,baixa,2,histórico dia_util (poucos dados),2.0
PT0002000073573036KH,5,,dia_util,191.0,179.0,17.9,0.67,0.67,normal,acima,baixa,2,histórico dia_util (poucos dados),2.0
PT0002000073573036KH,6,,dia_util,195.0,197.0,19.7,-0.1,-0.1,normal,abaixo,baixa,2,histórico dia_util (poucos dados),2.0
PT0002000073573036KH,7,,dia_util,215.0,211.5,21.15,0.17,0.17,normal,acima,baixa,2,histórico dia_util (poucos dados),2.0
PT0002000073573036KH,8,,dia_util,248.0,238.0,23.8,0.42,0.42,normal,acima,baixa,2,histórico dia_util (poucos dados),2.0
PT0002000073573036KH,9,,dia_util,260.0,285.5,37.48,-0.68,-0.68,normal,abaixo,baixa,2,histórico dia_util (poucos dados),2.0
PT0002000073573036KH,10,,dia_util,305.0,302.0,30.2,0.1,0.1,normal,acima,baixa,2,histórico dia_util (poucos dados),2.0
PT0002000073573036KH,11,,dia_util,309.0,310.5,31.05,-0.05,-0.05,normal,abaixo,baixa,2,histórico dia_util (poucos dados),2.0
PT0002000073573036KH,12,,dia_util,308.0,301.5,30.15,0.22,0.22,normal,acima,baixa,2,histórico dia_util (poucos dados),2.0
PT0002000073573036KH,13,,dia_util,278.0,289.0,28.9,-0.38,-0.38,normal,abaixo,baixa,2,histórico dia_util (poucos dados),2.0
PT0002000073573036KH,14,,dia_util,290.0,302.5,30.25,-0.41,-0.41,normal,abaixo,baixa,2,histórico dia_util (poucos dados),2.0
PT0002000073573036KH,15,,dia_util,293.0,302.5,30.25,-0.31,-0.31,normal,abaixo,baixa,2,histórico dia_util (poucos dados),2.0
PT0002000073573036KH,16,,dia_util,297.0,296.5,29.65,0.02,0.02,normal,acima,baixa,2,histórico dia_util (poucos dados),2.0
PT0002000073573036KH,17,,dia_util,291.0,301.0,30.1,-0.33,-0.33,normal,abaixo,baixa,2,histórico dia_util (poucos dados),2.0
PT0002000073573036KH,18,,dia_util,304.0,302.0,30.2,0.07,0.07,normal,acima,baixa,2,histórico dia_util (poucos dados),2.0
PT0002000073573036KH,19,,dia_util,301.0,300.5,30.05,0.02,0.02,normal,acima,baixa,2,histórico dia_util (poucos dados),2.0
PT0002000073573036KH,20,,dia_util,298.0,293.0,29.3,0.17,0.17,normal,acima,baixa,2,histórico dia_util (poucos dados),2.0
PT0002000073573036KH,21,,dia_util,232.0,229.0,22.9,0.13,0.13,normal,acima,baixa,2,histórico dia_util (poucos dados),2.0
PT0002000073573036KH,22,,dia_util,191.0,190.5,19.05,0.03,0.03,normal,acima,baixa,2,histórico dia_util (poucos dados),2.0
PT0002000073573036KH,23,,dia_util,174.0,181.5,18.15,-0.41,-0.41,normal,abaixo,baixa,2,histórico dia_util (poucos dados),2.0
PT0002000073717386HC,0,,dia_util,1.0,1.0,0.3,0.0,0.0,normal,abaixo,baixa,2,histórico dia_util (poucos dados),2.0
PT0002000073717386HC,1,,dia_util,1.0,1.0,0.3,0.0,0.0,normal,abaixo,baixa,2,histórico dia_util (poucos dados),2.0
PT0002000073717386HC,2,,dia_util,2.0,1.5,0.71,0.71,0.71,normal,acima,baixa,2,histórico dia_util (poucos dados),2.0
PT0002000073717386HC,3,,dia_util,1.0,1.0,0.3,0.0,0.0,normal,abaixo,baixa,2,histórico dia_util (poucos dados),2.0
PT0002000073717386HC,4,,dia_util,1.0,1.0,0.3,0.0,0.0,normal,abaixo,baixa,2,histórico dia_util (poucos dados),2.0
PT0002000073717386HC,5,,dia_util,1.0,1.0,0.3,0.0,0.0,normal,abaixo,baixa,2,histórico dia_util (poucos dados),2.0
PT0002000073717386HC,6,,dia_util,1.0,1.0,0.3,0.0,0.0,normal,abaixo,baixa,2,histórico dia_util (poucos dados),2.0
PT0002000073717386HC,7,,dia_util,1.0,1.0,0.3,0.0,0.0,normal,abaixo,baixa,2,histórico dia_util (poucos dados),2.0
PT0002000073717386HC,8,,dia_util,5.0,5.0,0.5,0.0,0.0,normal,abaixo,baixa,2,histórico dia_util (poucos dados),2.0
PT0002000073717386HC,9,,dia_util,69.0,68.0,6.8,0.15,0.15,normal,acima,baixa,2,histórico dia_util (poucos dados),2.0
PT0002000073717386HC,10,,dia_util,71.0,61.5,9.19,1.03,1.03,normal,acima,baixa,2,histórico dia_util (poucos dados),2.0
PT0002000073717386HC,11,,dia_util,70.0,65.5,6.55,0.69,0.69,normal,acima,baixa,2,histórico dia_util (poucos dados),2.0
PT0002000073717386HC,12,,dia_util,8.0,6.5,2.12,0.71,0.71,normal,acima,baixa,2,histórico dia_util (poucos dados),2.0
PT0002000073717386HC,13,,dia_util,5.0,5.0,0.5,0.0,0.0,normal,abaixo,baixa,2,histórico dia_util (poucos dados),2.0
PT0002000073717386HC,14,,dia_util,1.0,1.5,0.71,-0.71,-0.71,normal,abaixo,baixa,2,histórico dia_util (poucos dados),2.0
PT0002000073717386HC,15,,dia_util,1.0,1.0,0.3,0.0,0.0,normal,abaixo,baixa,2,histórico dia_util (poucos dados),2.0
PT0002000073717386HC,16,,dia_util,30.0,34.0,21.21,-0.19,-0.19,normal,abaixo,baixa,2,histórico dia_util (poucos dados),2.0
PT0002000073717386HC,17,,dia_util,45.0,43.5,31.82,0.05,0.05,normal,acima,baixa,2,histórico dia_util (poucos dados),2.0
PT0002000073717386HC,18,,dia_util,54.0,48.5,9.19,0.6,0.6,normal,acima,baixa,2,histórico dia_util (poucos dados),2.0
PT0002000073717386HC,19,,dia_util,58.0,54.0,11.31,0.35,0.35,normal,acima,baixa,2,histórico dia_util (poucos dados),2.0
PT0002000073717386HC,20,,dia_util,71.0,58.5,14.85,0.84,0.84,normal,acima,baixa,2,histórico dia_util (poucos dados),2.0
PT0002000073717386HC,21,,dia_util,8.0,7.0,1.41,0.71,0.71,normal,acima,baixa,2,histórico dia_util (poucos dados),2.0
PT0002000073717386HC,22,,dia_util,5.0,5.5,0.71,-0.71,-0.71,normal,abaixo,baixa,2,histórico dia_util (poucos dados),2.0
PT0002000073717386HC,23,,dia_util,1.0,1.0,0.3,0.0,0.0,normal,abaixo,baixa,2,histórico dia_util (poucos dados),2.0
PT0002000073720434JD,0,,dia_util,87.0,56.5,43.13,0.71,0.71,normal,acima,baixa,2,histórico dia_util (poucos dados),2.0
PT0002000073720434JD,1,,dia_util,86.0,57.0,45.25,0.64,0.64,normal,acima,baixa,2,histórico dia_util (poucos dados),2.0
PT0002000073720434JD,2,,dia_util,86.0,57.0,43.84,0.66,0.66,normal,acima,baixa,2,histórico dia_util (poucos dados),2.0
PT0002000073720434JD,3,,dia_util,85.0,55.5,45.96,0.64,0.64,normal,acima,baixa,2,histórico dia_util (poucos dados),2.0
PT0002000073720434JD,4,,dia_util,87.0,56.0,42.43,0.73,0.73,normal,acima,baixa,2,histórico dia_util (poucos dados),2.0
PT0002000073720434JD,5,,dia_util,86.0,55.0,43.84,0.71,0.71,normal,acima,baixa,2,histórico dia_util (poucos dados),2.0
PT0002000073720434JD,6,,dia_util,86.0,56.0,43.84,0.68,0.68,normal,acima,baixa,2,histórico dia_util (poucos dados),2.0
PT0002000073720434JD,7,,dia_util,86.0,51.5,44.55,0.77,0.77,normal,acima,baixa,2,histórico dia_util (poucos dados),2.0
PT0002000073720434JD,8,,dia_util,82.0,53.0,43.84,0.66,0.66,normal,acima,baixa,2,histórico dia_util (poucos dados),2.0
PT0002000073720434JD,9,,dia_util,82.0,53.0,41.01,0.71,0.71,normal,acima,baixa,2,histórico dia_util (poucos dados),2.0
PT0002000073720434JD,10,,dia_util,83.0,53.5,44.55,0.66,0.66,normal,acima,baixa,2,histórico dia_util (poucos dados),2.0
PT0002000073720434JD,11,,dia_util,84.0,54.0,42.43,0.71,0.71,normal,acima,baixa,2,histórico dia_util (poucos dados),2.0
PT0002000073720434JD,12,,dia_util,82.0,55.0,41.01,0.66,0.66,normal,acima,baixa,2,histórico dia_util (poucos dados),2.0
PT0002000073720434JD,13,,dia_util,85.0,51.5,45.96,0.73,0.73,normal,acima,baixa,2,histórico dia_util (poucos dados),2.0
PT0002000073720434JD,14,,dia_util,82.0,55.5,45.96,0.58,0.58,normal,acima,baixa,2,histórico dia_util (poucos dados),2.0
PT0002000073720434JD,15,,dia_util,83.0,53.0,43.84,0.68,0.68,normal,acima,baixa,2,histórico dia_util (poucos dados),2.0
PT0002000073720434JD,16,,dia_util,84.0,51.0,43.84,0.75,0.75,normal,acima,baixa,2,histórico dia_util (poucos dados),2.0
PT0002000073720434JD,17,,dia_util,87.0,53.5,41.72,0.8,0.8,normal,acima,baixa,2,histórico dia_util (poucos dados),2.0
PT0002000073720434JD,18,,dia_util,86.0,86.0,8.6,0.0,0.0,normal,abaixo,baixa,2,histórico dia_util (poucos dados),2.0
PT0002000073720434JD,19,,dia_util,84.0,87.0,8.7,-0.34,-0.34,normal,abaixo,baixa,2,histórico dia_util (poucos dados),2.0
PT0002000073720434JD,20,,dia_util,59.0,90.0,9.0,-3.44,-3.44,desvio,abaixo,baixa,2,histórico dia_util (poucos dados),2.0
PT0002000073720434JD,21,,dia_util,103.0,96.0,11.31,0.62,0.62,normal,acima,baixa,2,histórico dia_util (poucos dados),2.0
PT0002000073720434JD,22,,dia_util,34.0,89.0,8.9,-6.18,-6.18,desvio,abaixo,baixa,2,histórico dia_util (poucos dados),2.0
PT0002000073720434JD,23,,dia_util,33.0,89.0,8.9,-6.29,-6.29,desvio,abaixo,baixa,2,histórico dia_util (poucos dados),2.0
PT0002000075637532JB,0,0.0,dia_util,5.0,6.0,0.6,-1.67,-1.67,normal,abaixo,baixa,2,histórico dia_util (poucos dados),2.0
PT0002000075637532JB,1,0.0,dia_util,4.0,5.5,0.71,-2.12,-2.12,desvio,abaixo,baixa,2,histórico dia_util (poucos dados),2.0
PT0002000075637532JB,2,0.0,dia_util,5.0,6.0,1.41,-0.71,-0.71,normal,abaixo,baixa,2,histórico dia_util (poucos dados),2.0
PT0002000075637532JB,3,0.0,dia_util,6.0,5.5,0.71,0.71,0.71,normal,acima,baixa,2,histórico dia_util (poucos dados),2.0
PT0002000075637532JB,4,0.0,dia_util,4.0,5.5,0.71,-2.12,-2.12,desvio,abaixo,baixa,2,histórico dia_util (poucos dados),2.0
PT0002000075637532JB,5,0.0,dia_util,6.0,6.5,0.71,-0.71,-0.71,normal,abaixo,baixa,2,histórico dia_util (poucos dados),2.0
PT0002000075637532JB,6,0.0,dia_util,5.0,5.5,0.71,-0.71,-0.71,normal,abaixo,baixa,2,histórico dia_util (poucos dados),2.0
PT0002000075637532JB,7,0.0,dia_util,8.0,8.5,0.85,-0.59,-0.59,normal,abaixo,baixa,2,histórico dia_util (poucos dados),2.0
PT0002000075637532JB,8,0.0,dia_util,14.0,16.0,4.24,-0.47,-0.47,normal,abaixo,baixa,2,histórico dia_util (poucos dados),2.0
PT0002000075637532JB,9,0.0,dia_util,15.0,19.5,2.12,-2.12,-2.12,desvio,abaixo,baixa,2,histórico dia_util (poucos dados),2.0
PT0002000075637532JB,10,0.0,dia_util,24.0,21.5,2.15,1.16,1.16,normal,acima,baixa,2,histórico dia_util (poucos dados),2.0
PT0002000075637532JB,11,0.0,dia_util,21.0,33.0,3.3,-3.64,-3.64,desvio,abaixo,baixa,2,histórico dia_util (poucos dados),2.0
PT0002000075637532JB,12,0.0,dia_util,32.0,32.0,7.07,0.0,0.0,normal,abaixo,baixa,2,histórico dia_util (poucos dados),2.0
PT0002000075637532JB,13,0.0,dia_util,16.0,17.0,2.83,-0.35,-0.35,normal,abaixo,baixa,2,histórico dia_util (poucos dados),2.0
PT0002000075637532JB,14,0.0,dia_util,13.0,15.0,4.24,-0.47,-0.47,normal,abaixo,baixa,2,histórico dia_util (poucos dados),2.0
PT0002000075637532JB,15,0.0,dia_util,13.0,13.0,1.41,0.0,0.0,normal,abaixo,baixa,2,histórico dia_util (poucos dados),2.0
PT0002000075637532JB,16,0.0,dia_util,10.0,12.0,2.83,-0.71,-0.71,normal,abaixo,baixa,2,histórico dia_util (poucos dados),2.0
PT0002000075637532JB,17,0.0,dia_util,13.0,12.5,1.25,0.4,0.4,normal,acima,baixa,2,histórico dia_util (poucos dados),2.0
PT0002000075637532JB,18,0.0,dia_util,10.0,10.5,1.05,-0.48,-0.48,normal,abaixo,baixa,2,histórico dia_util (poucos dados),2.0
PT0002000075637532JB,19,0.0,dia_util,7.0,6.0,1.41,0.71,0.71,normal,acima,baixa,2,histórico dia_util (poucos dados),2.0
PT0002000075637532JB,20,0.0,dia_util,5.0,5.5,0.71,-0.71,-0.71,normal,abaixo,baixa,2,histórico dia_util (poucos dados),2.0
PT0002000075637532JB,21,0.0,dia_util,4.0,5.0,0.5,-2.0,-2.0,normal,abaixo,baixa,2,histórico dia_util (poucos dados),2.0
PT0002000075637532JB,22,0.0,dia_util,5.0,5.0,0.5,0.0,0.0,normal,abaixo,baixa,2,histórico dia_util (poucos dados),2.0
PT0002000075637532JB,23,0.0,dia_util,5.0,6.0,0.6,-1.67,-1.67,normal,abaixo,baixa,2,histórico dia_util (poucos dados),2.0
PT0002000077348081AG,0,,dia_util,29.0,36.5,3.65,-2.05,-2.05,desvio,abaixo,baixa,2,histórico dia_util (poucos dados),2.0
PT0002000077348081AG,1,,dia_util,28.0,36.0,3.6,-2.22,-2.22,desvio,abaixo,baixa,2,histórico dia_util (poucos dados),2.0
PT0002000077348081AG,2,,dia_util,28.0,35.0,3.5,-2.0,-2.0,normal,abaixo,baixa,2,histórico dia_util (poucos dados),2.0
PT0002000077348081AG,3,,dia_util,27.0,35.0,3.5,-2.29,-2.29,desvio,abaixo,baixa,2,histórico dia_util (poucos dados),2.0
PT0002000077348081AG,4,,dia_util,29.0,32.5,3.25,-1.08,-1.08,normal,abaixo,baixa,2,histórico dia_util (poucos dados),2.0
PT0002000077348081AG,5,,dia_util,30.0,33.0,3.3,-0.91,-0.91,normal,abaixo,baixa,2,histórico dia_util (poucos dados),2.0
PT0002000077348081AG,6,,dia_util,28.0,30.0,3.0,-0.67,-0.67,normal,abaixo,baixa,2,histórico dia_util (poucos dados),2.0
PT0002000077348081AG,7,,dia_util,33.0,32.5,3.25,0.15,0.15,normal,acima,baixa,2,histórico dia_util (poucos dados),2.0
PT0002000077348081AG,8,,dia_util,81.0,97.5,20.51,-0.8,-0.8,normal,abaixo,baixa,2,histórico dia_util (poucos dados),2.0
PT0002000077348081AG,9,,dia_util,142.0,204.5,85.56,-0.73,-0.73,normal,abaixo,baixa,2,histórico dia_util (poucos dados),2.0
PT0002000077348081AG,10,,dia_util,272.0,282.5,28.25,-0.37,-0.37,normal,abaixo,baixa,2,histórico dia_util (poucos dados),2.0
PT0002000077348081AG,11,,dia_util,290.0,281.5,28.15,0.3,0.3,normal,acima,baixa,2,histórico dia_util (poucos dados),2.0
PT0002000077348081AG,12,,dia_util,292.0,275.5,27.55,0.6,0.6,normal,acima,baixa,2,histórico dia_util (poucos dados),2.0
PT0002000077348081AG,13,,dia_util,288.0,279.0,27.9,0.32,0.32,normal,acima,baixa,2,histórico dia_util (poucos dados),2.0
PT0002000077348081AG,14,,dia_util,288.0,289.5,28.95,-0.05,-0.05,normal,abaixo,baixa,2,histórico dia_util (poucos dados),2.0
PT0002000077348081AG,15,,dia_util,292.0,288.0,28.8,0.14,0.14,normal,acima,baixa,2,histórico dia_util (poucos dados),2.0
PT0002000077348081AG,16,,dia_util,291.0,290.0,29.0,0.03,0.03,normal,acima,baixa,2,histórico dia_util (poucos dados),2.0
PT0002000077348081AG,17,,dia_util,299.0,292.5,29.25,0.22,0.22,normal,acima,baixa,2,histórico dia_util (poucos dados),2.0
PT0002000077348081AG,18,,dia_util,301.0,308.5,30.85,-0.24,-0.24,normal,abaixo,baixa,2,histórico dia_util (poucos dados),2.0
PT0002000077348081AG,19,,dia_util,227.0,249.0,24.9,-0.88,-0.88,normal,abaixo,baixa,2,histórico dia_util (poucos dados),2.0
PT0002000077348081AG,20,,dia_util,88.0,112.5,14.85,-1.65,-1.65,normal,abaixo,baixa,2,histórico dia_util (poucos dados),2.0
PT0002000077348081AG,21,,dia_util,75.0,88.5,9.19,-1.47,-1.47,normal,abaixo,baixa,2,histórico dia_util (poucos dados),2.0
PT0002000077348081AG,22,,dia_util,28.0,60.5,14.85,-2.19,-2.19,desvio,abaixo,baixa,2,histórico dia_util (poucos dados),2.0
PT0002000077348081AG,23,,dia_util,30.0,47.0,4.7,-3.62,-3.62,desvio,abaixo,baixa,2,histórico dia_util (poucos dados),2.0
PT0002000077394934QY,0,0.0,dia_util,63.0,67.0,6.7,-0.6,-0.6,normal,abaixo,baixa,2,histórico dia_util (poucos dados),2.0
PT0002000077394934QY,1,0.0,dia_util,62.0,65.5,6.55,-0.53,-0.53,normal,abaixo,baixa,2,histórico dia_util (poucos dados),2.0
PT0002000077394934QY,2,0.0,dia_util,64.0,65.5,6.55,-0.23,-0.23,normal,abaixo,baixa,2,histórico dia_util (poucos dados),2.0
PT0002000077394934QY,3,0.0,dia_util,63.0,67.5,6.75,-0.67,-0.67,normal,abaixo,baixa,2,histórico dia_util (poucos dados),2.0
PT0002000077394934QY,4,0.0,dia_util,62.0,64.5,6.45,-0.39,-0.39,normal,abaixo,baixa,2,histórico dia_util (poucos dados),2.0
PT0002000077394934QY,5,0.0,dia_util,61.0,63.0,6.3,-0.32,-0.32,normal,abaixo,baixa,2,histórico dia_util (poucos dados),2.0
PT0002000077394934QY,6,0.0,dia_util,46.0,52.5,5.25,-1.24,-1.24,normal,abaixo,baixa,2,histórico dia_util (poucos dados),2.0
PT0002000077394934QY,7,0.0,dia_util,64.0,67.5,6.75,-0.52,-0.52,normal,abaixo,baixa,2,histórico dia_util (poucos dados),2.0
PT0002000077394934QY,8,0.0,dia_util,77.0,73.0,7.3,0.55,0.55,normal,acima,baixa,2,histórico dia_util (poucos dados),2.0
PT0002000077394934QY,9,0.0,dia_util,106.0,92.0,9.2,1.52,1.52,normal,acima,baixa,2,histórico dia_util (poucos dados),2.0
PT0002000077394934QY,10,0.0,dia_util,140.0,106.5,10.65,3.15,3.15,desvio,acima,baixa,2,histórico dia_util (poucos dados),2.0
PT0002000077394934QY,11,0.0,dia_util,147.0,115.0,11.5,2.78,2.78,desvio,acima,baixa,2,histórico dia_util (poucos dados),2.0
PT0002000077394934QY,12,0.0,dia_util,159.0,117.0,11.7,3.59,3.59,desvio,acima,baixa,2,histórico dia_util (poucos dados),2.0
PT0002000077394934QY,13,0.0,dia_util,151.0,111.0,11.1,3.6,3.6,desvio,acima,baixa,2,histórico dia_util (poucos dados),2.0
PT0002000077394934QY,14,0.0,dia_util,137.0,116.0,11.6,1.81,1.81,normal,acima,baixa,2,histórico dia_util (poucos dados),2.0
PT0002000077394934QY,15,0.0,dia_util,137.0,117.0,11.7,1.71,1.71,normal,acima,baixa,2,histórico dia_util (poucos dados),2.0
PT0002000077394934QY,16,0.0,dia_util,119.0,103.0,11.31,1.41,1.41,normal,acima,baixa,2,histórico dia_util (poucos dados),2.0
PT0002000077394934QY,17,0.0,dia_util,92.0,90.0,9.0,0.22,0.22,normal,acima,baixa,2,histórico dia_util (poucos dados),2.0
PT0002000077394934QY,18,0.0,dia_util,59.0,69.0,6.9,-1.45,-1.45,normal,abaixo,baixa,2,histórico dia_util (poucos dados),2.0
PT0002000077394934QY,19,0.0,dia_util,54.0,59.5,5.95,-0.92,-0.92,normal,abaixo,baixa,2,histórico dia_util (poucos dados),2.0
PT0002000077394934QY,20,0.0,dia_util,56.0,62.0,6.2,-0.97,-0.97,normal,abaixo,baixa,2,histórico dia_util (poucos dados),2.0
PT0002000077394934QY,21,0.0,dia_util,57.0,67.0,6.7,-1.49,-1.49,normal,abaixo,baixa,2,histórico dia_util (poucos dados),2.0
PT0002000077394934QY,22,0.0,dia_util,65.0,69.0,6.9,-0.58,-0.58,normal,abaixo,baixa,2,histórico dia_util (poucos dados),2.0
PT0002000077394934QY,23,0.0,dia_util,62.0,66.5,6.65,-0.68,-0.68,normal,abaixo,baixa,2,histórico dia_util (poucos dados),2.0
PT0002000077647404EM,0,1.0,dia_util,4.0,4.5,0.71,-0.71,-0.71,normal,abaixo,baixa,2,histórico dia_util (poucos dados),2.0
PT0002000077647404EM,1,1.0,dia_util,5.0,4.5,0.71,0.71,0.71,normal,acima,baixa,2,histórico dia_util (poucos dados),2.0
PT0002000077647404EM,2,1.0,dia_util,4.0,4.5,0.71,-0.71,-0.71,normal,abaixo,baixa,2,histórico dia_util (poucos dados),2.0
PT0002000077647404EM,3,1.0,dia_util,4.0,4.5,0.71,-0.71,-0.71,normal,abaixo,baixa,2,histórico dia_util (poucos dados),2.0
PT0002000077647404EM,4,1.0,dia_util,5.0,4.5,0.71,0.71,0.71,normal,acima,baixa,2,histórico dia_util (poucos dados),2.0
PT0002000077647404EM,5,1.0,dia_util,4.0,4.5,0.71,-0.71,-0.71,normal,abaixo,baixa,2,histórico dia_util (poucos dados),2.0
PT0002000077647404EM,6,1.0,dia_util,5.0,4.0,0.4,2.5,2.5,desvio,acima,baixa,2,histórico dia_util (poucos dados),2.0
PT0002000077647404EM,7,1.0,dia_util,4.0,5.0,0.5,-2.0,-2.0,normal,abaixo,baixa,2,histórico dia_util (poucos dados),2.0
PT0002000077647404EM,8,1.0,dia_util,2.0,2.0,0.3,0.0,0.0,normal,abaixo,baixa,2,histórico dia_util (poucos dados),2.0
PT0002000077647404EM,9,1.0,dia_util,1.0,0.0,0.3,3.33,3.33,desvio,acima,baixa,2,histórico dia_util (poucos dados),2.0
PT0002000077647404EM,10,1.0,dia_util,0.0,1.0,0.3,-3.33,-3.33,desvio,abaixo,baixa,2,histórico dia_util (poucos dados),2.0
PT0002000077647404EM,11,1.0,dia_util,1.0,0.5,0.71,0.71,0.71,normal,acima,baixa,2,histórico dia_util (poucos dados),2.0
PT0002000077647404EM,12,1.0,dia_util,0.0,0.5,0.71,-0.71,-0.71,normal,abaixo,baixa,2,histórico dia_util (poucos dados),2.0
PT0002000077647404EM,13,1.0,dia_util,1.0,0.5,0.71,0.71,0.71,normal,acima,baixa,2,histórico dia_util (poucos dados),2.0
PT0002000077647404EM,14,1.0,dia_util,0.0,0.5,0.71,-0.71,-0.71,normal,abaixo,baixa,2,histórico dia_util (poucos dados),2.0
PT0002000077647404EM,15,1.0,dia_util,1.0,0.5,0.71,0.71,0.71,normal,acima,baixa,2,histórico dia_util (poucos dados),2.0
PT0002000077647404EM,16,1.0,dia_util,0.0,0.5,0.71,-0.71,-0.71,normal,abaixo,baixa,2,histórico dia_util (poucos dados),2.0
PT0002000077647404EM,17,1.0,dia_util,3.0,2.5,0.71,0.71,0.71,normal,acima,baixa,2,histórico dia_util (poucos dados),2.0
PT0002000077647404EM,18,1.0,dia_util,5.0,4.5,0.71,0.71,0.71,normal,acima,baixa,2,histórico dia_util (poucos dados),2.0
PT0002000077647404EM,19,1.0,dia_util,4.0,4.0,0.4,0.0,0.0,normal,abaixo,baixa,2,histórico dia_util (poucos dados),2.0
PT0002000077647404EM,20,1.0,dia_util,5.0,4.5,0.71,0.71,0.71,normal,acima,baixa,2,histórico dia_util (poucos dados),2.0
PT0002000077647404EM,21,1.0,dia_util,4.0,4.5,0.71,-0.71,-0.71,normal,abaixo,baixa,2,histórico dia_util (poucos dados),2.0
PT0002000077647404EM,22,1.0,dia_util,5.0,4.5,0.71,0.71,0.71,normal,acima,baixa,2,histórico dia_util (poucos dados),2.0
PT0002000077647404EM,23,1.0,dia_util,4.0,4.5,0.71,-0.71,-0.71,normal,abaixo,baixa,2,histórico dia_util (poucos dados),2.0
PT0002000078140706BA,0,,dia_util,52.0,51.0,7.07,0.14,0.14,normal,acima,baixa,2,histórico dia_util (poucos dados),2.0
PT0002000078140706BA,1,,dia_util,49.0,50.5,7.78,-0.19,-0.19,normal,abaixo,baixa,2,histórico dia_util (poucos dados),2.0
PT0002000078140706BA,2,,dia_util,43.0,45.0,4.5,-0.44,-0.44,normal,abaixo,baixa,2,histórico dia_util (poucos dados),2.0
PT0002000078140706BA,3,,dia_util,45.0,44.5,4.45,0.11,0.11,normal,acima,baixa,2,histórico dia_util (poucos dados),2.0
PT0002000078140706BA,4,,dia_util,44.0,43.0,4.3,0.23,0.23,normal,acima,baixa,2,histórico dia_util (poucos dados),2.0
PT0002000078140706BA,5,,dia_util,43.0,42.5,4.25,0.12,0.12,normal,acima,baixa,2,histórico dia_util (poucos dados),2.0
PT0002000078140706BA,6,,dia_util,36.0,37.0,3.7,-0.27,-0.27,normal,abaixo,baixa,2,histórico dia_util (poucos dados),2.0
PT0002000078140706BA,7,,dia_util,49.0,65.0,7.07,-2.26,-2.26,desvio,abaixo,baixa,2,histórico dia_util (poucos dados),2.0
PT0002000078140706BA,8,,dia_util,190.0,210.5,31.82,-0.64,-0.64,normal,abaixo,baixa,2,histórico dia_util (poucos dados),2.0
PT0002000078140706BA,9,,dia_util,44.0,105.0,67.88,-0.9,-0.9,normal,abaixo,baixa,2,histórico dia_util (poucos dados),2.0
PT0002000078140706BA,10,,dia_util,9.0,30.5,3.05,-7.05,-7.05,desvio,abaixo,baixa,2,histórico dia_util (poucos dados),2.0
PT0002000078140706BA,11,,dia_util,8.0,18.0,11.31,-0.88,-0.88,normal,abaixo,baixa,2,histórico dia_util (poucos dados),2.0
PT0002000078140706BA,12,,dia_util,1.0,3.0,2.83,-0.71,-0.71,normal,abaixo,baixa,2,histórico dia_util (poucos dados),2.0
PT0002000078140706BA,13,,dia_util,14.0,6.0,4.24,1.89,1.89,normal,acima,baixa,2,histórico dia_util (poucos dados),2.0
PT0002000078140706BA,14,,dia_util,6.0,12.0,8.49,-0.71,-0.71,normal,abaixo,baixa,2,histórico dia_util (poucos dados),2.0
PT0002000078140706BA,15,,dia_util,2.0,15.0,18.38,-0.71,-0.71,normal,abaixo,baixa,2,histórico dia_util (poucos dados),2.0
PT0002000078140706BA,16,,dia_util,1.0,14.0,19.8,-0.66,-0.66,normal,abaixo,baixa,2,histórico dia_util (poucos dados),2.0
PT0002000078140706BA,17,,dia_util,0.0,1.0,1.41,-0.71,-0.71,normal,abaixo,baixa,2,histórico dia_util (poucos dados),2.0
PT0002000078140706BA,18,,dia_util,11.0,34.0,24.04,-0.96,-0.96,normal,abaixo,baixa,2,histórico dia_util (poucos dados),2.0
PT0002000078140706BA,19,,dia_util,38.0,67.5,13.44,-2.2,-2.2,desvio,abaixo,baixa,2,histórico dia_util (poucos dados),2.0
PT0002000078140706BA,20,,dia_util,55.0,60.0,6.0,-0.83,-0.83,normal,abaixo,baixa,2,histórico dia_util (poucos dados),2.0
PT0002000078140706BA,21,,dia_util,57.0,57.5,6.36,-0.08,-0.08,normal,abaixo,baixa,2,histórico dia_util (poucos dados),2.0
PT0002000078140706BA,22,,dia_util,51.0,54.0,7.07,-0.42,-0.42,normal,abaixo,baixa,2,histórico dia_util (poucos dados),2.0
PT0002000078140706BA,23,,dia_util,47.0,49.0,5.66,-0.35,-0.35,normal,abaixo,baixa,2,histórico dia_util (poucos dados),2.0
PT0002000078207354XC,0,1.0,dia_util,7.0,8.0,5.66,-0.18,-0.18,normal,abaixo,baixa,2,histórico dia_util (poucos dados),2.0
PT0002000078207354XC,1,1.0,dia_util,8.0,5.0,1.41,2.12,2.12,desvio,acima,baixa,2,histórico dia_util (poucos dados),2.0
PT0002000078207354XC,2,1.0,dia_util,7.0,5.0,1.41,1.41,1.41,normal,acima,baixa,2,histórico dia_util (poucos dados),2.0
PT0002000078207354XC,3,1.0,dia_util,7.0,4.5,2.12,1.18,1.18,normal,acima,baixa,2,histórico dia_util (poucos dados),2.0
PT0002000078207354XC,4,1.0,dia_util,8.0,5.0,1.41,2.12,2.12,desvio,acima,baixa,2,histórico dia_util (poucos dados),2.0
PT0002000078207354XC,5,1.0,dia_util,7.0,5.0,1.41,1.41,1.41,normal,acima,baixa,2,histórico dia_util (poucos dados),2.0
PT0002000078207354XC,6,1.0,dia_util,7.0,4.0,1.41,2.12,2.12,desvio,acima,baixa,2,histórico dia_util (poucos dados),2.0
PT0002000078207354XC,7,1.0,dia_util,7.0,7.0,1.41,0.0,0.0,normal,abaixo,baixa,2,histórico dia_util (poucos dados),2.0
PT0002000078207354XC,8,1.0,dia_util,8.0,8.5,0.85,-0.59,-0.59,normal,abaixo,baixa,2,histórico dia_util (poucos dados),2.0
PT0002000078207354XC,9,1.0,dia_util,7.0,9.0,1.41,-1.41,-1.41,normal,abaixo,baixa,2,histórico dia_util (poucos dados),2.0
PT0002000078207354XC,10,1.0,dia_util,7.0,8.0,0.8,-1.25,-1.25,normal,abaixo,baixa,2,histórico dia_util (poucos dados),2.0
PT0002000078207354XC,11,1.0,dia_util,8.0,8.0,0.8,0.0,0.0,normal,abaixo,baixa,2,histórico dia_util (poucos dados),2.0
PT0002000078207354XC,12,1.0,dia_util,7.0,9.0,0.9,-2.22,-2.22,desvio,abaixo,baixa,2,histórico dia_util (poucos dados),2.0
PT0002000078207354XC,13,1.0,dia_util,7.0,8.0,0.8,-1.25,-1.25,normal,abaixo,baixa,2,histórico dia_util (poucos dados),2.0
PT0002000078207354XC,14,1.0,dia_util,7.0,8.5,0.85,-1.76,-1.76,normal,abaixo,baixa,2,histórico dia_util (poucos dados),2.0
PT0002000078207354XC,15,1.0,dia_util,8.0,8.0,0.8,0.0,0.0,normal,abaixo,baixa,2,histórico dia_util (poucos dados),2.0
PT0002000078207354XC,16,1.0,dia_util,7.0,8.0,0.8,-1.25,-1.25,normal,abaixo,baixa,2,histórico dia_util (poucos dados),2.0
PT0002000078207354XC,17,1.0,dia_util,7.0,8.5,0.85,-1.76,-1.76,normal,abaixo,baixa,2,histórico dia_util (poucos dados),2.0
PT0002000078207354XC,18,1.0,dia_util,7.0,7.5,0.75,-0.67,-0.67,normal,abaixo,baixa,2,histórico dia_util (poucos dados),2.0
PT0002000078207354XC,19,1.0,dia_util,14.0,7.0,1.41,4.95,4.95,desvio,acima,baixa,2,histórico dia_util (poucos dados),2.0
PT0002000078207354XC,20,1.0,dia_util,26.0,8.0,4.24,4.24,4.24,desvio,acima,baixa,2,histórico dia_util (poucos dados),2.0
PT0002000078207354XC,21,1.0,dia_util,25.0,8.0,2.83,6.01,6.01,desvio,acima,baixa,2,histórico dia_util (poucos dados),2.0
PT0002000078207354XC,22,1.0,dia_util,25.0,18.0,14.14,0.49,0.49,normal,acima,baixa,2,histórico dia_util (poucos dados),2.0
PT0002000078207354XC,23,1.0,dia_util,25.0,17.0,14.14,0.57,0.57,normal,acima,baixa,2,histórico dia_util (poucos dados),2.0
PT0002000078233981HJ,0,1.0,dia_util,2.0,8.5,7.78,-0.84,-0.84,normal,abaixo,baixa,2,histórico dia_util (poucos dados),2.0
PT0002000078233981HJ,1,1.0,dia_util,3.0,2.0,0.3,3.33,3.33,desvio,acima,baixa,2,histórico dia_util (poucos dados),2.0
PT0002000078233981HJ,2,1.0,dia_util,2.0,3.0,0.3,-3.33,-3.33,desvio,abaixo,baixa,2,histórico dia_util (poucos dados),2.0
PT0002000078233981HJ,3,1.0,dia_util,2.0,2.0,0.3,0.0,0.0,normal,abaixo,baixa,2,histórico dia_util (poucos dados),2.0
PT0002000078233981HJ,4,1.0,dia_util,3.0,3.0,0.3,0.0,0.0,normal,abaixo,baixa,2,histórico dia_util (poucos dados),2.0
PT0002000078233981HJ,5,1.0,dia_util,2.0,2.0,0.3,0.0,0.0,normal,abaixo,baixa,2,histórico dia_util (poucos dados),2.0
PT0002000078233981HJ,6,1.0,dia_util,2.0,2.0,0.3,0.0,0.0,normal,abaixo,baixa,2,histórico dia_util (poucos dados),2.0
PT0002000078233981HJ,7,1.0,dia_util,4.0,3.0,0.3,3.33,3.33,desvio,acima,baixa,2,histórico dia_util (poucos dados),2.0
PT0002000078233981HJ,8,1.0,dia_util,21.0,8.0,8.49,1.53,1.53,normal,acima,baixa,2,histórico dia_util (poucos dados),2.0
PT0002000078233981HJ,9,1.0,dia_util,36.0,15.5,16.26,1.26,1.26,normal,acima,baixa,2,histórico dia_util (poucos dados),2.0
PT0002000078233981HJ,10,1.0,dia_util,35.0,15.0,15.56,1.29,1.29,normal,acima,baixa,2,histórico dia_util (poucos dados),2.0
PT0002000078233981HJ,11,1.0,dia_util,35.0,8.5,6.36,4.16,4.16,desvio,acima,baixa,2,histórico dia_util (poucos dados),2.0
PT0002000078233981HJ,12,1.0,dia_util,35.0,3.5,0.71,10.0,44.55,desvio,acima,baixa,2,histórico dia_util (poucos dados),2.0
PT0002000078233981HJ,13,1.0,dia_util,22.0,2.5,0.71,10.0,27.58,desvio,acima,baixa,2,histórico dia_util (poucos dados),2.0
PT0002000078233981HJ,14,1.0,dia_util,4.0,2.0,0.3,6.67,6.67,desvio,acima,baixa,2,histórico dia_util (poucos dados),2.0
PT0002000078233981HJ,15,1.0,dia_util,2.0,2.5,0.71,-0.71,-0.71,normal,abaixo,baixa,2,histórico dia_util (poucos dados),2.0
PT0002000078233981HJ,16,1.0,dia_util,3.0,2.5,0.71,0.71,0.71,normal,acima,baixa,2,histórico dia_util (poucos dados),2.0
PT0002000078233981HJ,17,1.0,dia_util,2.0,2.5,0.71,-0.71,-0.71,normal,abaixo,baixa,2,histórico dia_util (poucos dados),2.0
PT0002000078233981HJ,18,1.0,dia_util,29.0,9.5,10.61,1.84,1.84,normal,acima,baixa,2,histórico dia_util (poucos dados),2.0
PT0002000078233981HJ,19,1.0,dia_util,37.0,19.5,23.33,0.75,0.75,normal,acima,baixa,2,histórico dia_util (poucos dados),2.0
PT0002000078233981HJ,20,1.0,dia_util,37.0,18.5,23.33,0.79,0.79,normal,acima,baixa,2,histórico dia_util (poucos dados),2.0
PT0002000078233981HJ,21,1.0,dia_util,37.0,20.0,22.63,0.75,0.75,normal,acima,baixa,2,histórico dia_util (poucos dados),2.0
PT0002000078233981HJ,22,1.0,dia_util,37.0,19.5,23.33,0.75,0.75,normal,acima,baixa,2,histórico dia_util (poucos dados),2.0
PT0002000078233981HJ,23,1.0,dia_util,37.0,9.5,10.61,2.59,2.59,desvio,acima,baixa,2,histórico dia_util (poucos dados),2.0
PT0002000078294957RQ,0,0.0,dia_util,23.0,8.0,0.8,10.0,18.75,desvio,acima,baixa,2,histórico dia_util (poucos dados),2.0
PT0002000078294957RQ,1,0.0,dia_util,14.0,6.5,0.71,10.0,10.61,desvio,acima,baixa,2,histórico dia_util (poucos dados),2.0
PT0002000078294957RQ,2,0.0,dia_util,12.0,5.5,0.71,9.19,9.19,desvio,acima,baixa,2,histórico dia_util (poucos dados),2.0
PT0002000078294957RQ,3,0.0,dia_util,16.0,6.0,1.41,7.07,7.07,desvio,acima,baixa,2,histórico dia_util (poucos dados),2.0
PT0002000078294957RQ,4,0.0,dia_util,12.0,6.0,0.6,10.0,10.0,desvio,acima,baixa,2,histórico dia_util (poucos dados),2.0
PT0002000078294957RQ,5,0.0,dia_util,12.0,6.0,0.6,10.0,10.0,desvio,acima,baixa,2,histórico dia_util (poucos dados),2.0
PT0002000078294957RQ,6,0.0,dia_util,15.0,5.0,0.5,10.0,20.0,desvio,acima,baixa,2,histórico dia_util (poucos dados),2.0
PT0002000078294957RQ,7,0.0,dia_util,15.0,17.0,2.83,-0.71,-0.71,normal,abaixo,baixa,2,histórico dia_util (poucos dados),2.0
PT0002000078294957RQ,8,0.0,dia_util,16.0,42.5,4.25,-6.24,-6.24,desvio,abaixo,baixa,2,histórico dia_util (poucos dados),2.0
PT0002000078294957RQ,9,0.0,dia_util,18.0,61.0,6.1,-7.05,-7.05,desvio,abaixo,baixa,2,histórico dia_util (poucos dados),2.0
PT0002000078294957RQ,10,0.0,dia_util,21.0,62.0,6.2,-6.61,-6.61,desvio,abaixo,baixa,2,histórico dia_util (poucos dados),2.0
PT0002000078294957RQ,11,0.0,dia_util,33.0,62.0,6.2,-4.68,-4.68,desvio,abaixo,baixa,2,histórico dia_util (poucos dados),2.0
PT0002000078294957RQ,12,0.0,dia_util,34.0,63.0,6.3,-4.6,-4.6,desvio,abaixo,baixa,2,histórico dia_util (poucos dados),2.0
PT0002000078294957RQ,13,0.0,dia_util,38.0,52.0,5.2,-2.69,-2.69,desvio,abaixo,baixa,2,histórico dia_util (poucos dados),2.0
PT0002000078294957RQ,14,0.0,dia_util,24.0,43.0,4.3,-4.42,-4.42,desvio,abaixo,baixa,2,histórico dia_util (poucos dados),2.0
PT0002000078294957RQ,15,0.0,dia_util,27.0,39.5,3.95,-3.16,-3.16,desvio,abaixo,baixa,2,histórico dia_util (poucos dados),2.0
PT0002000078294957RQ,16,0.0,dia_util,19.0,29.5,2.95,-3.56,-3.56,desvio,abaixo,baixa,2,histórico dia_util (poucos dados),2.0
PT0002000078294957RQ,17,0.0,dia_util,23.0,26.5,2.65,-1.32,-1.32,normal,abaixo,baixa,2,histórico dia_util (poucos dados),2.0
PT0002000078294957RQ,18,0.0,dia_util,22.0,18.0,1.8,2.22,2.22,desvio,acima,baixa,2,histórico dia_util (poucos dados),2.0
PT0002000078294957RQ,19,0.0,dia_util,16.0,8.0,0.8,10.0,10.0,desvio,acima,baixa,2,histórico dia_util (poucos dados),2.0
PT0002000078294957RQ,20,0.0,dia_util,21.0,10.0,1.0,10.0,11.0,desvio,acima,baixa,2,histórico dia_util (poucos dados),2.0
PT0002000078294957RQ,21,0.0,dia_util,18.0,11.0,1.41,4.95,4.95,desvio,acima,baixa,2,histórico dia_util (poucos dados),2.0
PT0002000078294957RQ,22,0.0,dia_util,23.0,11.0,1.41,8.49,8.49,desvio,acima,baixa,2,histórico dia_util (poucos dados),2.0
PT0002000078294957RQ,23,0.0,dia_util,23.0,12.0,1.2,9.17,9.17,desvio,acima,baixa,2,histórico dia_util (poucos dados),2.0
PT0002000078441876HB,0,0.0,dia_util,637.0,709.5,70.95,-1.02,-1.02,normal,abaixo,baixa,2,histórico dia_util (poucos dados),2.0
PT0002000078441876HB,1,0.0,dia_util,599.0,601.5,60.15,-0.04,-0.04,normal,abaixo,baixa,2,histórico dia_util (poucos dados),2.0
PT0002000078441876HB,2,0.0,dia_util,601.0,697.0,127.28,-0.75,-0.75,normal,abaixo,baixa,2,histórico dia_util (poucos dados),2.0
PT0002000078441876HB,3,0.0,dia_util,607.0,616.5,61.65,-0.15,-0.15,normal,abaixo,baixa,2,histórico dia_util (poucos dados),2.0
PT0002000078441876HB,4,0.0,dia_util,667.0,602.0,60.2,1.08,1.08,normal,acima,baixa,2,histórico dia_util (poucos dados),2.0
PT0002000078441876HB,5,0.0,dia_util,639.0,647.5,64.75,-0.13,-0.13,normal,abaixo,baixa,2,histórico dia_util (poucos dados),2.0
PT0002000078441876HB,6,0.0,dia_util,688.0,716.0,71.6,-0.39,-0.39,normal,abaixo,baixa,2,histórico dia_util (poucos dados),2.0
PT0002000078441876HB,7,0.0,dia_util,831.0,924.5,92.45,-1.01,-1.01,normal,abaixo,baixa,2,histórico dia_util (poucos dados),2.0
PT0002000078441876HB,8,0.0,dia_util,1101.0,1160.5,116.05,-0.51,-0.51,normal,abaixo,baixa,2,histórico dia_util (poucos dados),2.0
PT0002000078441876HB,9,0.0,dia_util,1520.0,1450.5,145.05,0.48,0.48,normal,acima,baixa,2,histórico dia_util (poucos dados),2.0
PT0002000078441876HB,10,0.0,dia_util,1480.0,1607.0,160.7,-0.79,-0.79,normal,abaixo,baixa,2,histórico dia_util (poucos dados),2.0
PT0002000078441876HB,11,0.0,dia_util,1506.0,1883.0,188.3,-2.0,-2.0,desvio,abaixo,baixa,2,histórico dia_util (poucos dados),2.0
PT0002000078441876HB,12,0.0,dia_util,1646.0,1878.0,264.46,-0.88,-0.88,normal,abaixo,baixa,2,histórico dia_util (poucos dados),2.0
PT0002000078441876HB,13,0.0,dia_util,1378.0,1593.5,217.08,-0.99,-0.99,normal,abaixo,baixa,2,histórico dia_util (poucos dados),2.0
PT0002000078441876HB,14,0.0,dia_util,1507.0,1721.0,209.3,-1.02,-1.02,normal,abaixo,baixa,2,histórico dia_util (poucos dados),2.0
PT0002000078441876HB,15,0.0,dia_util,1463.0,1685.5,168.55,-1.32,-1.32,normal,abaixo,baixa,2,histórico dia_util (poucos dados),2.0
PT0002000078441876HB,16,0.0,dia_util,1498.0,1740.0,176.78,-1.37,-1.37,normal,abaixo,baixa,2,histórico dia_util (poucos dados),2.0
PT0002000078441876HB,17,0.0,dia_util,1658.0,1729.0,172.9,-0.41,-0.41,normal,abaixo,baixa,2,histórico dia_util (poucos dados),2.0
PT0002000078441876HB,18,0.0,dia_util,1408.0,1489.0,148.9,-0.54,-0.54,normal,abaixo,baixa,2,histórico dia_util (poucos dados),2.0
PT0002000078441876HB,19,0.0,dia_util,1558.0,1363.5,136.35,1.43,1.43,normal,acima,baixa,2,histórico dia_util (poucos dados),2.0
PT0002000078441876HB,20,0.0,dia_util,1436.0,1269.5,126.95,1.31,1.31,normal,acima,baixa,2,histórico dia_util (poucos dados),2.0
PT0002000078441876HB,21,0.0,dia_util,1286.0,1017.5,127.99,2.1,2.1,desvio,acima,baixa,2,histórico dia_util (poucos dados),2.0
PT0002000078441876HB,22,0.0,dia_util,960.0,863.5,119.5,0.81,0.81,normal,acima,baixa,2,histórico dia_util (poucos dados),2.0
PT0002000078441876HB,23,0.0,dia_util,729.0,690.5,69.05,0.56,0.56,normal,acima,baixa,2,histórico dia_util (poucos dados),2.0
PT0002000079469719HF,0,,dia_util,103.0,102.0,10.2,0.1,0.1,normal,acima,baixa,2,histórico dia_util (poucos dados),2.0
PT0002000079469719HF,1,,dia_util,104.0,102.5,10.25,0.15,0.15,normal,acima,baixa,2,histórico dia_util (poucos dados),2.0
PT0002000079469719HF,2,,dia_util,103.0,102.0,10.2,0.1,0.1,normal,acima,baixa,2,histórico dia_util (poucos dados),2.0
PT0002000079469719HF,3,,dia_util,103.0,102.5,10.25,0.05,0.05,normal,acima,baixa,2,histórico dia_util (poucos dados),2.0
PT0002000079469719HF,4,,dia_util,104.0,101.5,10.15,0.25,0.25,normal,acima,baixa,2,histórico dia_util (poucos dados),2.0
PT0002000079469719HF,5,,dia_util,103.0,102.0,10.2,0.1,0.1,normal,acima,baixa,2,histórico dia_util (poucos dados),2.0
PT0002000079469719HF,6,,dia_util,100.0,100.0,10.0,0.0,0.0,normal,abaixo,baixa,2,histórico dia_util (poucos dados),2.0
PT0002000079469719HF,7,,dia_util,106.0,107.5,10.75,-0.14,-0.14,normal,abaixo,baixa,2,histórico dia_util (poucos dados),2.0
PT0002000079469719HF,8,,dia_util,122.0,129.0,12.9,-0.54,-0.54,normal,abaixo,baixa,2,histórico dia_util (poucos dados),2.0
PT0002000079469719HF,9,,dia_util,142.0,112.0,12.73,2.36,2.36,desvio,acima,baixa,2,histórico dia_util (poucos dados),2.0
PT0002000079469719HF,10,,dia_util,105.0,84.5,8.45,2.43,2.43,desvio,acima,baixa,2,histórico dia_util (poucos dados),2.0
PT0002000079469719HF,11,,dia_util,64.0,64.5,6.45,-0.08,-0.08,normal,abaixo,baixa,2,histórico dia_util (poucos dados),2.0
PT0002000079469719HF,12,,dia_util,50.0,56.0,5.6,-1.07,-1.07,normal,abaixo,baixa,2,histórico dia_util (poucos dados),2.0
PT0002000079469719HF,13,,dia_util,64.0,43.5,4.35,4.71,4.71,desvio,acima,baixa,2,histórico dia_util (poucos dados),2.0
PT0002000079469719HF,14,,dia_util,38.0,62.0,32.53,-0.74,-0.74,normal,abaixo,baixa,2,histórico dia_util (poucos dados),2.0
PT0002000079469719HF,15,,dia_util,44.0,90.0,63.64,-0.72,-0.72,normal,abaixo,baixa,2,histórico dia_util (poucos dados),2.0
PT0002000079469719HF,16,,dia_util,59.0,97.5,55.86,-0.69,-0.69,normal,abaixo,baixa,2,histórico dia_util (poucos dados),2.0
PT0002000079469719HF,17,,dia_util,80.0,88.5,8.85,-0.96,-0.96,normal,abaixo,baixa,2,histórico dia_util (poucos dados),2.0
PT0002000079469719HF,18,,dia_util,106.0,148.0,55.15,-0.76,-0.76,normal,abaixo,baixa,2,histórico dia_util (poucos dados),2.0
PT0002000079469719HF,19,,dia_util,136.0,157.0,24.04,-0.87,-0.87,normal,abaixo,baixa,2,histórico dia_util (poucos dados),2.0
PT0002000079469719HF,20,,dia_util,149.0,152.5,15.25,-0.23,-0.23,normal,abaixo,baixa,2,histórico dia_util (poucos dados),2.0
PT0002000079469719HF,21,,dia_util,155.0,159.0,15.9,-0.25,-0.25,normal,abaixo,baixa,2,histórico dia_util (poucos dados),2.0
PT0002000079469719HF,22,,dia_util,130.0,136.5,13.65,-0.48,-0.48,normal,abaixo,baixa,2,histórico dia_util (poucos dados),2.0
PT0002000079469719HF,23,,dia_util,100.0,104.0,10.4,-0.38,-0.38,normal,abaixo,baixa,2,histórico dia_util (poucos dados),2.0
PT0002000081344542CP,0,1.0,dia_util,1.0,2.0,0.3,-3.33,-3.33,desvio,abaixo,baixa,2,histórico dia_util (poucos dados),2.0
PT0002000081344542CP,1,1.0,dia_util,2.0,1.0,0.3,3.33,3.33,desvio,acima,baixa,2,histórico dia_util (poucos dados),2.0
PT0002000081344542CP,2,1.0,dia_util,1.0,2.5,2.12,-0.71,-0.71,normal,abaixo,baixa,2,histórico dia_util (poucos dados),2.0
PT0002000081344542CP,3,1.0,dia_util,1.0,3.0,1.41,-1.41,-1.41,normal,abaixo,baixa,2,histórico dia_util (poucos dados),2.0
PT0002000081344542CP,4,1.0,dia_util,2.0,1.5,0.71,0.71,0.71,normal,acima,baixa,2,histórico dia_util (poucos dados),2.0
PT0002000081344542CP,5,1.0,dia_util,5.0,3.0,2.83,0.71,0.71,normal,acima,baixa,2,histórico dia_util (poucos dados),2.0
PT0002000081344542CP,6,1.0,dia_util,2.0,5.5,0.71,-4.95,-4.95,desvio,abaixo,baixa,2,histórico dia_util (poucos dados),2.0
PT0002000081344542CP,7,1.0,dia_util,2.0,2.5,2.12,-0.24,-0.24,normal,abaixo,baixa,2,histórico dia_util (poucos dados),2.0
PT0002000081344542CP,8,1.0,dia_util,1.0,1.5,0.71,-0.71,-0.71,normal,abaixo,baixa,2,histórico dia_util (poucos dados),2.0
PT0002000081344542CP,9,1.0,dia_util,1.0,1.5,0.71,-0.71,-0.71,normal,abaixo,baixa,2,histórico dia_util (poucos dados),2.0
PT0002000081344542CP,10,1.0,dia_util,6.0,1.5,0.71,6.36,6.36,desvio,acima,baixa,2,histórico dia_util (poucos dados),2.0
PT0002000081344542CP,11,1.0,dia_util,3.0,1.0,0.3,6.67,6.67,desvio,acima,baixa,2,histórico dia_util (poucos dados),2.0
PT0002000081344542CP,12,1.0,dia_util,1.0,2.0,0.3,-3.33,-3.33,desvio,abaixo,baixa,2,histórico dia_util (poucos dados),2.0
PT0002000081344542CP,13,1.0,dia_util,2.0,1.0,0.3,3.33,3.33,desvio,acima,baixa,2,histórico dia_util (poucos dados),2.0
PT0002000081344542CP,14,1.0,dia_util,1.0,1.0,0.3,0.0,0.0,normal,abaixo,baixa,2,histórico dia_util (poucos dados),2.0
PT0002000081344542CP,15,1.0,dia_util,1.0,2.0,0.3,-3.33,-3.33,desvio,abaixo,baixa,2,histórico dia_util (poucos dados),2.0
PT0002000081344542CP,16,1.0,dia_util,2.0,3.5,3.54,-0.42,-0.42,normal,abaixo,baixa,2,histórico dia_util (poucos dados),2.0
PT0002000081344542CP,17,1.0,dia_util,1.0,1.0,0.3,0.0,0.0,normal,abaixo,baixa,2,histórico dia_util (poucos dados),2.0
PT0002000081344542CP,18,1.0,dia_util,5.0,6.0,2.83,-0.35,-0.35,normal,abaixo,baixa,2,histórico dia_util (poucos dados),2.0
PT0002000081344542CP,19,1.0,dia_util,2.0,4.5,0.71,-3.54,-3.54,desvio,abaixo,baixa,2,histórico dia_util (poucos dados),2.0
PT0002000081344542CP,20,1.0,dia_util,2.0,13.0,16.97,-0.65,-0.65,normal,abaixo,baixa,2,histórico dia_util (poucos dados),2.0
PT0002000081344542CP,21,1.0,dia_util,6.0,5.0,4.24,0.24,0.24,normal,acima,baixa,2,histórico dia_util (poucos dados),2.0
PT0002000081344542CP,22,1.0,dia_util,1.0,5.5,6.36,-0.71,-0.71,normal,abaixo,baixa,2,histórico dia_util (poucos dados),2.0
PT0002000081344542CP,23,1.0,dia_util,2.0,1.0,0.3,3.33,3.33,desvio,acima,baixa,2,histórico dia_util (poucos dados),2.0
PT0002000081997398TD,0,0.0,dia_util,165.0,129.5,12.95,2.74,2.74,desvio,acima,baixa,2,histórico dia_util (poucos dados),2.0
PT0002000081997398TD,1,0.0,dia_util,124.0,96.5,14.85,1.85,1.85,normal,acima,baixa,2,histórico dia_util (poucos dados),2.0
PT0002000081997398TD,2,0.0,dia_util,120.0,92.0,12.73,2.2,2.2,desvio,acima,baixa,2,histórico dia_util (poucos dados),2.0
PT0002000081997398TD,3,0.0,dia_util,118.0,87.0,8.7,3.56,3.56,desvio,acima,baixa,2,histórico dia_util (poucos dados),2.0
PT0002000081997398TD,4,0.0,dia_util,115.0,82.5,8.25,3.94,3.94,desvio,acima,baixa,2,histórico dia_util (poucos dados),2.0
PT0002000081997398TD,5,0.0,dia_util,117.0,84.0,8.4,3.93,3.93,desvio,acima,baixa,2,histórico dia_util (poucos dados),2.0
PT0002000081997398TD,6,0.0,dia_util,125.0,86.5,8.65,4.45,4.45,desvio,acima,baixa,2,histórico dia_util (poucos dados),2.0
PT0002000081997398TD,7,0.0,dia_util,147.0,114.0,11.4,2.89,2.89,desvio,acima,baixa,2,histórico dia_util (poucos dados),2.0
PT0002000081997398TD,8,0.0,dia_util,219.0,186.5,18.65,1.74,1.74,normal,acima,baixa,2,histórico dia_util (poucos dados),2.0
PT0002000081997398TD,9,0.0,dia_util,240.0,187.0,18.7,2.83,2.83,desvio,acima,baixa,2,histórico dia_util (poucos dados),2.0
PT0002000081997398TD,10,0.0,dia_util,248.0,143.0,19.8,5.3,5.3,desvio,acima,baixa,2,histórico dia_util (poucos dados),2.0
PT0002000081997398TD,11,0.0,dia_util,317.0,183.5,24.75,5.39,5.39,desvio,acima,baixa,2,histórico dia_util (poucos dados),2.0
PT0002000081997398TD,12,0.0,dia_util,327.0,242.0,38.18,2.23,2.23,desvio,acima,baixa,2,histórico dia_util (poucos dados),2.0
PT0002000081997398TD,13,0.0,dia_util,301.0,212.0,46.67,1.91,1.91,normal,acima,baixa,2,histórico dia_util (poucos dados),2.0
PT0002000081997398TD,14,0.0,dia_util,324.0,256.0,49.5,1.37,1.37,normal,acima,baixa,2,histórico dia_util (poucos dados),2.0
PT0002000081997398TD,15,0.0,dia_util,318.0,203.0,41.01,2.8,2.8,desvio,acima,baixa,2,histórico dia_util (poucos dados),2.0
PT0002000081997398TD,16,0.0,dia_util,319.0,248.0,35.36,2.01,2.01,desvio,acima,baixa,2,histórico dia_util (poucos dados),2.0
PT0002000081997398TD,17,0.0,dia_util,473.0,404.0,106.07,0.65,0.65,normal,acima,baixa,2,histórico dia_util (poucos dados),2.0
PT0002000081997398TD,18,0.0,dia_util,659.0,495.5,49.55,3.3,3.3,desvio,acima,baixa,2,histórico dia_util (poucos dados),2.0
PT0002000081997398TD,19,0.0,dia_util,602.0,472.5,54.45,2.38,2.38,desvio,acima,baixa,2,histórico dia_util (poucos dados),2.0
PT0002000081997398TD,20,0.0,dia_util,649.0,468.5,98.29,1.84,1.84,normal,acima,baixa,2,histórico dia_util (poucos dados),2.0
PT0002000081997398TD,21,0.0,dia_util,642.0,415.0,137.18,1.65,1.65,normal,acima,baixa,2,histórico dia_util (poucos dados),2.0
PT0002000081997398TD,22,0.0,dia_util,459.0,356.0,35.6,2.89,2.89,desvio,acima,baixa,2,histórico dia_util (poucos dados),2.0
PT0002000081997398TD,23,0.0,dia_util,342.0,275.5,27.55,2.41,2.41,desvio,acima,baixa,2,histórico dia_util (poucos dados),2.0
PT0002000082549706RH,0,0.0,dia_util,94.0,103.5,10.35,-0.92,-0.92,normal,abaixo,baixa,2,histórico dia_util (poucos dados),2.0
PT0002000082549706RH,1,0.0,dia_util,87.0,95.0,9.5,-0.84,-0.84,normal,abaixo,baixa,2,histórico dia_util (poucos dados),2.0
PT0002000082549706RH,2,0.0,dia_util,84.0,90.5,9.05,-0.72,-0.72,normal,abaixo,baixa,2,histórico dia_util (poucos dados),2.0
PT0002000082549706RH,3,0.0,dia_util,84.0,90.0,9.0,-0.67,-0.67,normal,abaixo,baixa,2,histórico dia_util (poucos dados),2.0
PT0002000082549706RH,4,0.0,dia_util,84.0,91.5,9.15,-0.82,-0.82,normal,abaixo,baixa,2,histórico dia_util (poucos dados),2.0
PT0002000082549706RH,5,0.0,dia_util,88.0,95.0,9.5,-0.74,-0.74,normal,abaixo,baixa,2,histórico dia_util (poucos dados),2.0
PT0002000082549706RH,6,0.0,dia_util,84.0,89.5,8.95,-0.61,-0.61,normal,abaixo,baixa,2,histórico dia_util (poucos dados),2.0
PT0002000082549706RH,7,0.0,dia_util,84.0,96.5,9.65,-1.3,-1.3,normal,abaixo,baixa,2,histórico dia_util (poucos dados),2.0
PT0002000082549706RH,8,0.0,dia_util,90.0,93.0,9.3,-0.32,-0.32,normal,abaixo,baixa,2,histórico dia_util (poucos dados),2.0
PT0002000082549706RH,9,0.0,dia_util,105.0,105.5,10.61,-0.05,-0.05,normal,abaixo,baixa,2,histórico dia_util (poucos dados),2.0
PT0002000082549706RH,10,0.0,dia_util,120.0,129.0,12.9,-0.7,-0.7,normal,abaixo,baixa,2,histórico dia_util (poucos dados),2.0
PT0002000082549706RH,11,0.0,dia_util,117.0,107.0,10.7,0.93,0.93,normal,acima,baixa,2,histórico dia_util (poucos dados),2.0
PT0002000082549706RH,12,0.0,dia_util,101.0,105.0,11.31,-0.35,-0.35,normal,abaixo,baixa,2,histórico dia_util (poucos dados),2.0
PT0002000082549706RH,13,0.0,dia_util,96.0,105.0,10.5,-0.86,-0.86,normal,abaixo,baixa,2,histórico dia_util (poucos dados),2.0
PT0002000082549706RH,14,0.0,dia_util,110.0,104.0,10.4,0.58,0.58,normal,acima,baixa,2,histórico dia_util (poucos dados),2.0
PT0002000082549706RH,15,0.0,dia_util,107.0,108.0,10.8,-0.09,-0.09,normal,abaixo,baixa,2,histórico dia_util (poucos dados),2.0
PT0002000082549706RH,16,0.0,dia_util,112.0,108.0,10.8,0.37,0.37,normal,acima,baixa,2,histórico dia_util (poucos dados),2.0
PT0002000082549706RH,17,0.0,dia_util,113.0,110.5,17.68,0.14,0.14,normal,acima,baixa,2,histórico dia_util (poucos dados),2.0
PT0002000082549706RH,18,0.0,dia_util,104.0,98.5,13.44,0.41,0.41,normal,acima,baixa,2,histórico dia_util (poucos dados),2.0
PT0002000082549706RH,19,0.0,dia_util,86.0,87.0,8.7,-0.11,-0.11,normal,abaixo,baixa,2,histórico dia_util (poucos dados),2.0
PT0002000082549706RH,20,0.0,dia_util,91.0,92.5,9.25,-0.16,-0.16,normal,abaixo,baixa,2,histórico dia_util (poucos dados),2.0
PT0002000082549706RH,21,0.0,dia_util,88.0,88.5,8.85,-0.06,-0.06,normal,abaixo,baixa,2,histórico dia_util (poucos dados),2.0
PT0002000082549706RH,22,0.0,dia_util,84.0,90.0,9.0,-0.67,-0.67,normal,abaixo,baixa,2,histórico dia_util (poucos dados),2.0
PT0002000082549706RH,23,0.0,dia_util,89.0,93.5,9.35,-0.48,-0.48,normal,abaixo,baixa,2,histórico dia_util (poucos dados),2.0
PT0002000100113293JT,0,0.0,dia_util,144.0,145.0,14.5,-0.07,-0.07,normal,abaixo,baixa,2,histórico dia_util (poucos dados),2.0
PT0002000100113293JT,1,0.0,dia_util,145.0,146.0,14.6,-0.07,-0.07,normal,abaixo,baixa,2,histórico dia_util (poucos dados),2.0
PT0002000100113293JT,2,0.0,dia_util,146.0,146.5,14.65,-0.03,-0.03,normal,abaixo,baixa,2,histórico dia_util (poucos dados),2.0
PT0002000100113293JT,3,0.0,dia_util,146.0,146.5,14.65,-0.03,-0.03,normal,abaixo,baixa,2,histórico dia_util (poucos dados),2.0
PT0002000100113293JT,4,0.0,dia_util,146.0,146.5,14.65,-0.03,-0.03,normal,abaixo,baixa,2,histórico dia_util (poucos dados),2.0
PT0002000100113293JT,5,0.0,dia_util,146.0,146.5,14.65,-0.03,-0.03,normal,abaixo,baixa,2,histórico dia_util (poucos dados),2.0
PT0002000100113293JT,6,0.0,dia_util,149.0,150.5,15.05,-0.1,-0.1,normal,abaixo,baixa,2,histórico dia_util (poucos dados),2.0
PT0002000100113293JT,7,0.0,dia_util,139.0,141.5,14.15,-0.18,-0.18,normal,abaixo,baixa,2,histórico dia_util (poucos dados),2.0
PT0002000100113293JT,8,0.0,dia_util,147.0,147.5,14.75,-0.03,-0.03,normal,abaixo,baixa,2,histórico dia_util (poucos dados),2.0
PT0002000100113293JT,9,0.0,dia_util,157.0,159.5,15.95,-0.16,-0.16,normal,abaixo,baixa,2,histórico dia_util (poucos dados),2.0
PT0002000100113293JT,10,0.0,dia_util,157.0,159.0,15.9,-0.13,-0.13,normal,abaixo,baixa,2,histórico dia_util (poucos dados),2.0
PT0002000100113293JT,11,0.0,dia_util,159.0,157.5,15.75,0.1,0.1,normal,acima,baixa,2,histórico dia_util (poucos dados),2.0
PT0002000100113293JT,12,0.0,dia_util,160.0,161.0,16.1,-0.06,-0.06,normal,abaixo,baixa,2,histórico dia_util (poucos dados),2.0
PT0002000100113293JT,13,0.0,dia_util,159.0,152.5,15.25,0.43,0.43,normal,acima,baixa,2,histórico dia_util (poucos dados),2.0
PT0002000100113293JT,14,0.0,dia_util,158.0,149.5,14.95,0.57,0.57,normal,acima,baixa,2,histórico dia_util (poucos dados),2.0
PT0002000100113293JT,15,0.0,dia_util,160.0,149.0,14.9,0.74,0.74,normal,acima,baixa,2,histórico dia_util (poucos dados),2.0
PT0002000100113293JT,16,0.0,dia_util,153.0,149.0,14.9,0.27,0.27,normal,acima,baixa,2,histórico dia_util (poucos dados),2.0
PT0002000100113293JT,17,0.0,dia_util,144.0,147.5,14.75,-0.24,-0.24,normal,abaixo,baixa,2,histórico dia_util (poucos dados),2.0
PT0002000100113293JT,18,0.0,dia_util,150.0,148.0,14.8,0.14,0.14,normal,acima,baixa,2,histórico dia_util (poucos dados),2.0
PT0002000100113293JT,19,0.0,dia_util,167.0,151.5,15.15,1.02,1.02,normal,acima,baixa,2,histórico dia_util (poucos dados),2.0
PT0002000100113293JT,20,0.0,dia_util,155.0,150.5,15.05,0.3,0.3,normal,acima,baixa,2,histórico dia_util (poucos dados),2.0
PT0002000100113293JT,21,0.0,dia_util,158.0,159.0,15.9,-0.06,-0.06,normal,abaixo,baixa,2,histórico dia_util (poucos dados),2.0
PT0002000100113293JT,22,0.0,dia_util,158.0,155.5,15.55,0.16,0.16,normal,acima,baixa,2,histórico dia_util (poucos dados),2.0
PT0002000100113293JT,23,0.0,dia_util,148.0,145.0,14.5,0.21,0.21,normal,acima,baixa,2,histórico dia_util (poucos dados),2.0
PT0002000101964938LF,0,0.0,dia_util,10.0,11.0,1.41,-0.71,-0.71,normal,abaixo,baixa,2,histórico dia_util (poucos dados),2.0
PT0002000101964938LF,1,0.0,dia_util,10.0,11.5,1.15,-1.3,-1.3,normal,abaixo,baixa,2,histórico dia_util (poucos dados),2.0
PT0002000101964938LF,2,0.0,dia_util,10.0,10.5,1.05,-0.48,-0.48,normal,abaixo,baixa,2,histórico dia_util (poucos dados),2.0
PT0002000101964938LF,3,0.0,dia_util,10.0,11.0,1.41,-0.71,-0.71,normal,abaixo,baixa,2,histórico dia_util (poucos dados),2.0
PT0002000101964938LF,4,0.0,dia_util,10.0,11.0,1.41,-0.71,-0.71,normal,abaixo,baixa,2,histórico dia_util (poucos dados),2.0
PT0002000101964938LF,5,0.0,dia_util,10.0,10.5,1.05,-0.48,-0.48,normal,abaixo,baixa,2,histórico dia_util (poucos dados),2.0
PT0002000101964938LF,6,0.0,dia_util,10.0,11.5,1.15,-1.3,-1.3,normal,abaixo,baixa,2,histórico dia_util (poucos dados),2.0
PT0002000101964938LF,7,0.0,dia_util,22.0,24.5,3.54,-0.71,-0.71,normal,abaixo,baixa,2,histórico dia_util (poucos dados),2.0
PT0002000101964938LF,8,0.0,dia_util,42.0,51.0,12.73,-0.71,-0.71,normal,abaixo,baixa,2,histórico dia_util (poucos dados),2.0
PT0002000101964938LF,9,0.0,dia_util,42.0,52.0,12.73,-0.79,-0.79,normal,abaixo,baixa,2,histórico dia_util (poucos dados),2.0
PT0002000101964938LF,10,0.0,dia_util,44.0,51.5,10.61,-0.71,-0.71,normal,abaixo,baixa,2,histórico dia_util (poucos dados),2.0
PT0002000101964938LF,11,0.0,dia_util,43.0,52.0,7.07,-1.27,-1.27,normal,abaixo,baixa,2,histórico dia_util (poucos dados),2.0
PT0002000101964938LF,12,0.0,dia_util,58.0,59.5,6.36,-0.24,-0.24,normal,abaixo,baixa,2,histórico dia_util (poucos dados),2.0
PT0002000101964938LF,13,0.0,dia_util,59.0,65.0,7.07,-0.85,-0.85,normal,abaixo,baixa,2,histórico dia_util (poucos dados),2.0
PT0002000101964938LF,14,0.0,dia_util,54.0,58.5,9.19,-0.49,-0.49,normal,abaixo,baixa,2,histórico dia_util (poucos dados),2.0
PT0002000101964938LF,15,0.0,dia_util,52.0,64.0,14.14,-0.85,-0.85,normal,abaixo,baixa,2,histórico dia_util (poucos dados),2.0
PT0002000101964938LF,16,0.0,dia_util,58.0,60.5,14.85,-0.17,-0.17,normal,abaixo,baixa,2,histórico dia_util (poucos dados),2.0
PT0002000101964938LF,17,0.0,dia_util,57.0,59.5,14.85,-0.17,-0.17,normal,abaixo,baixa,2,histórico dia_util (poucos dados),2.0
PT0002000101964938LF,18,0.0,dia_util,51.0,55.5,12.02,-0.37,-0.37,normal,abaixo,baixa,2,histórico dia_util (poucos dados),2.0
PT0002000101964938LF,19,0.0,dia_util,41.0,41.5,4.15,-0.12,-0.12,normal,abaixo,baixa,2,histórico dia_util (poucos dados),2.0
PT0002000101964938LF,20,0.0,dia_util,11.0,10.0,1.0,1.0,1.0,normal,acima,baixa,2,histórico dia_util (poucos dados),2.0
PT0002000101964938LF,21,0.0,dia_util,10.0,10.5,1.05,-0.48,-0.48,normal,abaixo,baixa,2,histórico dia_util (poucos dados),2.0
PT0002000101964938LF,22,0.0,dia_util,10.0,10.0,1.0,0.0,0.0,normal,abaixo,baixa,2,histórico dia_util (poucos dados),2.0
PT0002000101964938LF,23,0.0,dia_util,10.0,10.5,1.05,-0.48,-0.48,normal,abaixo,baixa,2,histórico dia_util (poucos dados),2.0
PT0002000102936404ME,0,1.0,dia_util,15.0,13.5,1.35,1.11,1.11,normal,acima,baixa,2,histórico dia_util (poucos dados),2.0
PT0002000102936404ME,1,1.0,dia_util,34.0,28.5,24.75,0.22,0.22,normal,acima,baixa,2,histórico dia_util (poucos dados),2.0
PT0002000102936404ME,2,1.0,dia_util,52.0,32.5,30.41,0.64,0.64,normal,acima,baixa,2,histórico dia_util (poucos dados),2.0
PT0002000102936404ME,3,1.0,dia_util,57.0,32.5,30.41,0.81,0.81,normal,acima,baixa,2,histórico dia_util (poucos dados),2.0
PT0002000102936404ME,4,1.0,dia_util,57.0,32.5,30.41,0.81,0.81,normal,acima,baixa,2,histórico dia_util (poucos dados),2.0
PT0002000102936404ME,5,1.0,dia_util,56.0,32.5,30.41,0.77,0.77,normal,acima,baixa,2,histórico dia_util (poucos dados),2.0
PT0002000102936404ME,6,1.0,dia_util,27.0,13.5,16.26,0.83,0.83,normal,acima,baixa,2,histórico dia_util (poucos dados),2.0
PT0002000102936404ME,7,1.0,dia_util,24.0,12.5,16.26,0.71,0.71,normal,acima,baixa,2,histórico dia_util (poucos dados),2.0
PT0002000102936404ME,8,1.0,dia_util,26.0,12.5,16.26,0.83,0.83,normal,acima,baixa,2,histórico dia_util (poucos dados),2.0
PT0002000102936404ME,9,1.0,dia_util,45.0,31.0,18.38,0.76,0.76,normal,acima,baixa,2,histórico dia_util (poucos dados),2.0
PT0002000102936404ME,10,1.0,dia_util,40.0,38.0,16.97,0.12,0.12,normal,acima,baixa,2,histórico dia_util (poucos dados),2.0
PT0002000102936404ME,11,1.0,dia_util,27.0,23.5,4.95,0.71,0.71,normal,acima,baixa,2,histórico dia_util (poucos dados),2.0
PT0002000102936404ME,12,1.0,dia_util,20.0,21.0,2.1,-0.48,-0.48,normal,abaixo,baixa,2,histórico dia_util (poucos dados),2.0
PT0002000102936404ME,13,1.0,dia_util,21.0,20.0,2.0,0.5,0.5,normal,acima,baixa,2,histórico dia_util (poucos dados),2.0
PT0002000102936404ME,14,1.0,dia_util,25.0,23.0,2.83,0.71,0.71,normal,acima,baixa,2,histórico dia_util (poucos dados),2.0
PT0002000102936404ME,15,1.0,dia_util,33.0,26.0,8.49,0.82,0.82,normal,acima,baixa,2,histórico dia_util (poucos dados),2.0
PT0002000102936404ME,16,1.0,dia_util,24.0,22.5,3.54,0.42,0.42,normal,acima,baixa,2,histórico dia_util (poucos dados),2.0
PT0002000102936404ME,17,1.0,dia_util,20.0,20.5,2.05,-0.24,-0.24,normal,abaixo,baixa,2,histórico dia_util (poucos dados),2.0
PT0002000102936404ME,18,1.0,dia_util,21.0,20.5,2.05,0.24,0.24,normal,acima,baixa,2,histórico dia_util (poucos dados),2.0
PT0002000102936404ME,19,1.0,dia_util,20.0,20.0,2.0,0.0,0.0,normal,abaixo,baixa,2,histórico dia_util (poucos dados),2.0
PT0002000102936404ME,20,1.0,dia_util,21.0,21.0,2.1,0.0,0.0,normal,abaixo,baixa,2,histórico dia_util (poucos dados),2.0
PT0002000102936404ME,21,1.0,dia_util,34.0,31.0,3.1,0.97,0.97,normal,acima,baixa,2,histórico dia_util (poucos dados),2.0
PT0002000102936404ME,22,1.0,dia_util,33.0,31.5,3.15,0.48,0.48,normal,acima,baixa,2,histórico dia_util (poucos dados),2.0
PT0002000102936404ME,23,1.0,dia_util,33.0,31.5,3.15,0.48,0.48,normal,acima,baixa,2,histórico dia_util (poucos dados),2.0
PT0002000103647515BL,0,,dia_util,1.0,1.0,0.3,0.0,0.0,normal,abaixo,baixa,2,histórico dia_util (poucos dados),2.0
PT0002000103647515BL,1,,dia_util,0.0,0.0,0.3,0.0,0.0,normal,abaixo,baixa,2,histórico dia_util (poucos dados),2.0
PT0002000103647515BL,2,,dia_util,0.0,0.0,0.3,0.0,0.0,normal,abaixo,baixa,2,histórico dia_util (poucos dados),2.0
PT0002000103647515BL,3,,dia_util,0.0,0.0,0.3,0.0,0.0,normal,abaixo,baixa,2,histórico dia_util (poucos dados),2.0
PT0002000103647515BL,4,,dia_util,0.0,0.0,0.3,0.0,0.0,normal,abaixo,baixa,2,histórico dia_util (poucos dados),2.0
PT0002000103647515BL,5,,dia_util,0.0,0.0,0.3,0.0,0.0,normal,abaixo,baixa,2,histórico dia_util (poucos dados),2.0
PT0002000103647515BL,6,,dia_util,0.0,0.0,0.3,0.0,0.0,normal,abaixo,baixa,2,histórico dia_util (poucos dados),2.0
PT0002000103647515BL,7,,dia_util,0.0,0.0,0.3,0.0,0.0,normal,abaixo,baixa,2,histórico dia_util (poucos dados),2.0
PT0002000103647515BL,8,,dia_util,0.0,0.0,0.3,0.0,0.0,normal,abaixo,baixa,2,histórico dia_util (poucos dados),2.0
PT0002000103647515BL,9,,dia_util,0.0,0.0,0.3,0.0,0.0,normal,abaixo,baixa,2,histórico dia_util (poucos dados),2.0
PT0002000103647515BL,10,,dia_util,0.0,0.0,0.3,0.0,0.0,normal,abaixo,baixa,2,histórico dia_util (poucos dados),2.0
PT0002000103647515BL,11,,dia_util,0.0,0.0,0.3,0.0,0.0,normal,abaixo,baixa,2,histórico dia_util (poucos dados),2.0
PT0002000103647515BL,12,,dia_util,0.0,0.0,0.3,0.0,0.0,normal,abaixo,baixa,2,histórico dia_util (poucos dados),2.0
PT0002000103647515BL,13,,dia_util,0.0,0.0,0.3,0.0,0.0,normal,abaixo,baixa,2,histórico dia_util (poucos dados),2.0
PT0002000103647515BL,14,,dia_util,0.0,0.0,0.3,0.0,0.0,normal,abaixo,baixa,2,histórico dia_util (poucos dados),2.0
PT0002000103647515BL,15,,dia_util,0.0,0.0,0.3,0.0,0.0,normal,abaixo,baixa,2,histórico dia_util (poucos dados),2.0
PT0002000103647515BL,16,,dia_util,0.0,0.0,0.3,0.0,0.0,normal,abaixo,baixa,2,histórico dia_util (poucos dados),2.0
PT0002000103647515BL,17,,dia_util,0.0,0.0,0.3,0.0,0.0,normal,abaixo,baixa,2,histórico dia_util (poucos dados),2.0
PT0002000103647515BL,18,,dia_util,0.0,0.0,0.3,0.0,0.0,normal,abaixo,baixa,2,histórico dia_util (poucos dados),2.0
PT0002000103647515BL,19,,dia_util,3.0,2.5,0.71,0.71,0.71,normal,acima,baixa,2,histórico dia_util (poucos dados),2.0
PT0002000103647515BL,20,,dia_util,3.0,2.0,0.3,3.33,3.33,desvio,acima,baixa,2,histórico dia_util (poucos dados),2.0
PT0002000103647515BL,21,,dia_util,3.0,2.5,0.71,0.71,0.71,normal,acima,baixa,2,histórico dia_util (poucos dados),2.0
PT0002000103647515BL,22,,dia_util,2.0,2.5,0.71,-0.71,-0.71,normal,abaixo,baixa,2,histórico dia_util (poucos dados),2.0
PT0002000103647515BL,23,,dia_util,3.0,2.5,0.71,0.71,0.71,normal,acima,baixa,2,histórico dia_util (poucos dados),2.0
PT0002000105483259QH,0,1.0,dia_util,1.0,1.5,0.71,-0.71,-0.71,normal,abaixo,baixa,2,histórico dia_util (poucos dados),2.0
PT0002000105483259QH,1,1.0,dia_util,1.0,1.5,0.71,-0.71,-0.71,normal,abaixo,baixa,2,histórico dia_util (poucos dados),2.0
PT0002000105483259QH,2,1.0,dia_util,0.0,1.0,0.3,-3.33,-3.33,desvio,abaixo,baixa,2,histórico dia_util (poucos dados),2.0
PT0002000105483259QH,3,1.0,dia_util,1.0,0.0,0.3,3.33,3.33,desvio,acima,baixa,2,histórico dia_util (poucos dados),2.0
PT0002000105483259QH,4,1.0,dia_util,0.0,1.0,0.3,-3.33,-3.33,desvio,abaixo,baixa,2,histórico dia_util (poucos dados),2.0
PT0002000105483259QH,5,1.0,dia_util,0.0,1.0,0.3,-3.33,-3.33,desvio,abaixo,baixa,2,histórico dia_util (poucos dados),2.0
PT0002000105483259QH,6,1.0,dia_util,0.0,0.0,0.3,0.0,0.0,normal,abaixo,baixa,2,histórico dia_util (poucos dados),2.0
PT0002000105483259QH,7,1.0,dia_util,1.0,0.5,0.71,0.71,0.71,normal,acima,baixa,2,histórico dia_util (poucos dados),2.0
PT0002000105483259QH,8,1.0,dia_util,0.0,0.5,0.71,-0.71,-0.71,normal,abaixo,baixa,2,histórico dia_util (poucos dados),2.0
PT0002000105483259QH,9,1.0,dia_util,1.0,0.5,0.71,0.71,0.71,normal,acima,baixa,2,histórico dia_util (poucos dados),2.0
PT0002000105483259QH,10,1.0,dia_util,0.0,0.5,0.71,-0.71,-0.71,normal,abaixo,baixa,2,histórico dia_util (poucos dados),2.0
PT0002000105483259QH,11,1.0,dia_util,0.0,0.5,0.71,-0.71,-0.71,normal,abaixo,baixa,2,histórico dia_util (poucos dados),2.0
PT0002000105483259QH,12,1.0,dia_util,0.0,0.5,0.71,-0.71,-0.71,normal,abaixo,baixa,2,histórico dia_util (poucos dados),2.0
PT0002000105483259QH,13,1.0,dia_util,1.0,0.0,0.3,3.33,3.33,desvio,acima,baixa,2,histórico dia_util (poucos dados),2.0
PT0002000105483259QH,14,1.0,dia_util,0.0,1.0,0.3,-3.33,-3.33,desvio,abaixo,baixa,2,histórico dia_util (poucos dados),2.0
PT0002000105483259QH,15,1.0,dia_util,0.0,1.5,0.71,-2.12,-2.12,desvio,abaixo,baixa,2,histórico dia_util (poucos dados),2.0
PT0002000105483259QH,16,1.0,dia_util,2.0,1.5,0.71,0.71,0.71,normal,acima,baixa,2,histórico dia_util (poucos dados),2.0
PT0002000105483259QH,17,1.0,dia_util,1.0,1.0,0.3,0.0,0.0,normal,abaixo,baixa,2,histórico dia_util (poucos dados),2.0
PT0002000105483259QH,18,1.0,dia_util,1.0,2.5,0.71,-2.12,-2.12,desvio,abaixo,baixa,2,histórico dia_util (poucos dados),2.0
PT0002000105483259QH,19,1.0,dia_util,2.0,2.0,1.41,0.0,0.0,normal,abaixo,baixa,2,histórico dia_util (poucos dados),2.0
PT0002000105483259QH,20,1.0,dia_util,2.0,1.5,0.71,0.71,0.71,normal,acima,baixa,2,histórico dia_util (poucos dados),2.0
PT0002000105483259QH,21,1.0,dia_util,1.0,2.5,0.71,-2.12,-2.12,desvio,abaixo,baixa,2,histórico dia_util (poucos dados),2.0
PT0002000105483259QH,22,1.0,dia_util,2.0,2.0,1.41,0.0,0.0,normal,abaixo,baixa,2,histórico dia_util (poucos dados),2.0
PT0002000105483259QH,23,1.0,dia_util,2.0,2.0,1.41,0.0,0.0,normal,abaixo,baixa,2,histórico dia_util (poucos dados),2.0
PT0002000106102375RC,0,,dia_util,43.0,52.5,6.36,-1.49,-1.49,normal,abaixo,baixa,2,histórico dia_util (poucos dados),2.0
PT0002000106102375RC,1,,dia_util,43.0,52.0,5.66,-1.59,-1.59,normal,abaixo,baixa,2,histórico dia_util (poucos dados),2.0
PT0002000106102375RC,2,,dia_util,41.0,51.0,7.07,-1.41,-1.41,normal,abaixo,baixa,2,histórico dia_util (poucos dados),2.0
PT0002000106102375RC,3,,dia_util,42.0,49.5,4.95,-1.52,-1.52,normal,abaixo,baixa,2,histórico dia_util (poucos dados),2.0
PT0002000106102375RC,4,,dia_util,45.0,49.5,4.95,-0.91,-0.91,normal,abaixo,baixa,2,histórico dia_util (poucos dados),2.0
PT0002000106102375RC,5,,dia_util,41.0,50.0,5.0,-1.8,-1.8,normal,abaixo,baixa,2,histórico dia_util (poucos dados),2.0
PT0002000106102375RC,6,,dia_util,44.0,49.5,4.95,-1.11,-1.11,normal,abaixo,baixa,2,histórico dia_util (poucos dados),2.0
PT0002000106102375RC,7,,dia_util,57.0,60.0,6.0,-0.5,-0.5,normal,abaixo,baixa,2,histórico dia_util (poucos dados),2.0
PT0002000106102375RC,8,,dia_util,68.0,75.0,7.5,-0.93,-0.93,normal,abaixo,baixa,2,histórico dia_util (poucos dados),2.0
PT0002000106102375RC,9,,dia_util,75.0,78.5,7.85,-0.45,-0.45,normal,abaixo,baixa,2,histórico dia_util (poucos dados),2.0
PT0002000106102375RC,10,,dia_util,77.0,80.0,8.0,-0.38,-0.38,normal,abaixo,baixa,2,histórico dia_util (poucos dados),2.0
PT0002000106102375RC,11,,dia_util,78.0,85.5,8.55,-0.88,-0.88,normal,abaixo,baixa,2,histórico dia_util (poucos dados),2.0
PT0002000106102375RC,12,,dia_util,81.0,86.0,8.6,-0.58,-0.58,normal,abaixo,baixa,2,histórico dia_util (poucos dados),2.0
PT0002000106102375RC,13,,dia_util,81.0,96.5,12.02,-1.29,-1.29,normal,abaixo,baixa,2,histórico dia_util (poucos dados),2.0
PT0002000106102375RC,14,,dia_util,80.0,104.5,23.33,-1.05,-1.05,normal,abaixo,baixa,2,histórico dia_util (poucos dados),2.0
PT0002000106102375RC,15,,dia_util,80.0,88.5,8.85,-0.96,-0.96,normal,abaixo,baixa,2,histórico dia_util (poucos dados),2.0
PT0002000106102375RC,16,,dia_util,78.0,82.0,8.2,-0.49,-0.49,normal,abaixo,baixa,2,histórico dia_util (poucos dados),2.0
PT0002000106102375RC,17,,dia_util,72.0,75.5,7.55,-0.46,-0.46,normal,abaixo,baixa,2,histórico dia_util (poucos dados),2.0
PT0002000106102375RC,18,,dia_util,71.0,73.5,7.35,-0.34,-0.34,normal,abaixo,baixa,2,histórico dia_util (poucos dados),2.0
PT0002000106102375RC,19,,dia_util,66.0,72.5,7.25,-0.9,-0.9,normal,abaixo,baixa,2,histórico dia_util (poucos dados),2.0
PT0002000106102375RC,20,,dia_util,58.0,52.5,5.25,1.05,1.05,normal,acima,baixa,2,histórico dia_util (poucos dados),2.0
PT0002000106102375RC,21,,dia_util,52.0,48.0,7.07,0.57,0.57,normal,acima,baixa,2,histórico dia_util (poucos dados),2.0
PT0002000106102375RC,22,,dia_util,51.0,46.5,4.65,0.97,0.97,normal,acima,baixa,2,histórico dia_util (poucos dados),2.0
PT0002000106102375RC,23,,dia_util,53.0,44.5,4.95,1.72,1.72,normal,acima,baixa,2,histórico dia_util (poucos dados),2.0
PT0002000107046231FW,0,0.0,dia_util,1.0,1.5,0.71,-0.71,-0.71,normal,abaixo,baixa,2,histórico dia_util (poucos dados),2.0
PT0002000107046231FW,1,0.0,dia_util,2.0,3.0,0.3,-3.33,-3.33,desvio,abaixo,baixa,2,histórico dia_util (poucos dados),2.0
PT0002000107046231FW,2,0.0,dia_util,4.0,4.0,0.4,0.0,0.0,normal,abaixo,baixa,2,histórico dia_util (poucos dados),2.0
PT0002000107046231FW,3,0.0,dia_util,3.0,3.0,0.3,0.0,0.0,normal,abaixo,baixa,2,histórico dia_util (poucos dados),2.0
PT0002000107046231FW,4,0.0,dia_util,4.0,3.5,0.71,0.71,0.71,normal,acima,baixa,2,histórico dia_util (poucos dados),2.0
PT0002000107046231FW,5,0.0,dia_util,3.0,4.0,1.41,-0.71,-0.71,normal,abaixo,baixa,2,histórico dia_util (poucos dados),2.0
PT0002000107046231FW,6,0.0,dia_util,3.0,3.0,0.3,0.0,0.0,normal,abaixo,baixa,2,histórico dia_util (poucos dados),2.0
PT0002000107046231FW,7,0.0,dia_util,6.0,5.5,0.71,0.71,0.71,normal,acima,baixa,2,histórico dia_util (poucos dados),2.0
PT0002000107046231FW,8,0.0,dia_util,10.0,6.5,0.71,4.95,4.95,desvio,acima,baixa,2,histórico dia_util (poucos dados),2.0
PT0002000107046231FW,9,0.0,dia_util,10.0,4.0,1.41,4.24,4.24,desvio,acima,baixa,2,histórico dia_util (poucos dados),2.0
PT0002000107046231FW,10,0.0,dia_util,25.0,19.5,6.36,0.86,0.86,normal,acima,baixa,2,histórico dia_util (poucos dados),2.0
PT0002000107046231FW,11,0.0,dia_util,34.0,23.0,2.3,4.78,4.78,desvio,acima,baixa,2,histórico dia_util (poucos dados),2.0
PT0002000107046231FW,12,0.0,dia_util,33.0,24.0,4.24,2.12,2.12,desvio,acima,baixa,2,histórico dia_util (poucos dados),2.0
PT0002000107046231FW,13,0.0,dia_util,41.0,36.0,3.6,1.39,1.39,normal,acima,baixa,2,histórico dia_util (poucos dados),2.0
PT0002000107046231FW,14,0.0,dia_util,29.0,40.0,4.0,-2.75,-2.75,desvio,abaixo,baixa,2,histórico dia_util (poucos dados),2.0
PT0002000107046231FW,15,0.0,dia_util,14.0,25.0,2.5,-4.4,-4.4,desvio,abaixo,baixa,2,histórico dia_util (poucos dados),2.0
PT0002000107046231FW,16,0.0,dia_util,12.0,17.0,1.7,-2.94,-2.94,desvio,abaixo,baixa,2,histórico dia_util (poucos dados),2.0
PT0002000107046231FW,17,0.0,dia_util,12.0,10.0,2.83,0.71,0.71,normal,acima,baixa,2,histórico dia_util (poucos dados),2.0
PT0002000107046231FW,18,0.0,dia_util,8.0,5.5,0.71,3.54,3.54,desvio,acima,baixa,2,histórico dia_util (poucos dados),2.0
PT0002000107046231FW,19,0.0,dia_util,2.0,3.0,0.3,-3.33,-3.33,desvio,abaixo,baixa,2,histórico dia_util (poucos dados),2.0
PT0002000107046231FW,20,0.0,dia_util,2.0,2.5,0.71,-0.71,-0.71,normal,abaixo,baixa,2,histórico dia_util (poucos dados),2.0
PT0002000107046231FW,21,0.0,dia_util,3.0,2.0,0.3,3.33,3.33,desvio,acima,baixa,2,histórico dia_util (poucos dados),2.0
PT0002000107046231FW,22,0.0,dia_util,2.0,2.5,0.71,-0.71,-0.71,normal,abaixo,baixa,2,histórico dia_util (poucos dados),2.0
PT0002000107046231FW,23,0.0,dia_util,2.0,2.5,0.71,-0.71,-0.71,normal,abaixo,baixa,2,histórico dia_util (poucos dados),2.0
PT0002000107172384HT,0,1.0,dia_util,26.0,45.0,29.7,-0.64,-0.64,normal,abaixo,baixa,2,histórico dia_util (poucos dados),2.0
PT0002000107172384HT,1,1.0,dia_util,33.0,37.0,21.21,-0.19,-0.19,normal,abaixo,baixa,2,histórico dia_util (poucos dados),2.0
PT0002000107172384HT,2,1.0,dia_util,29.0,27.0,7.07,0.28,0.28,normal,acima,baixa,2,histórico dia_util (poucos dados),2.0
PT0002000107172384HT,3,1.0,dia_util,30.0,24.0,2.4,2.5,2.5,desvio,acima,baixa,2,histórico dia_util (poucos dados),2.0
PT0002000107172384HT,4,1.0,dia_util,26.0,23.5,2.35,1.06,1.06,normal,acima,baixa,2,histórico dia_util (poucos dados),2.0
PT0002000107172384HT,5,1.0,dia_util,28.0,22.5,2.25,2.44,2.44,desvio,acima,baixa,2,histórico dia_util (poucos dados),2.0
PT0002000107172384HT,6,1.0,dia_util,23.0,20.0,2.0,1.5,1.5,normal,acima,baixa,2,histórico dia_util (poucos dados),2.0
PT0002000107172384HT,7,1.0,dia_util,23.0,21.5,2.15,0.7,0.7,normal,acima,baixa,2,histórico dia_util (poucos dados),2.0
PT0002000107172384HT,8,1.0,dia_util,29.0,22.0,2.83,2.47,2.47,desvio,acima,baixa,2,histórico dia_util (poucos dados),2.0
PT0002000107172384HT,9,1.0,dia_util,25.0,20.0,2.0,2.5,2.5,desvio,acima,baixa,2,histórico dia_util (poucos dados),2.0
PT0002000107172384HT,10,1.0,dia_util,30.0,22.5,2.25,3.33,3.33,desvio,acima,baixa,2,histórico dia_util (poucos dados),2.0
PT0002000107172384HT,11,1.0,dia_util,31.0,22.5,2.25,3.78,3.78,desvio,acima,baixa,2,histórico dia_util (poucos dados),2.0
PT0002000107172384HT,12,1.0,dia_util,33.0,23.0,2.3,4.35,4.35,desvio,acima,baixa,2,histórico dia_util (poucos dados),2.0
PT0002000107172384HT,13,1.0,dia_util,33.0,21.5,2.15,5.35,5.35,desvio,acima,baixa,2,histórico dia_util (poucos dados),2.0
PT0002000107172384HT,14,1.0,dia_util,32.0,27.5,4.95,0.91,0.91,normal,acima,baixa,2,histórico dia_util (poucos dados),2.0
PT0002000107172384HT,15,1.0,dia_util,36.0,25.0,4.24,2.59,2.59,desvio,acima,baixa,2,histórico dia_util (poucos dados),2.0
PT0002000107172384HT,16,1.0,dia_util,34.0,26.0,2.6,3.08,3.08,desvio,acima,baixa,2,histórico dia_util (poucos dados),2.0
PT0002000107172384HT,17,1.0,dia_util,40.0,24.5,2.45,6.33,6.33,desvio,acima,baixa,2,histórico dia_util (poucos dados),2.0
PT0002000107172384HT,18,1.0,dia_util,36.0,23.5,2.35,5.32,5.32,desvio,acima,baixa,2,histórico dia_util (poucos dados),2.0
PT0002000107172384HT,19,1.0,dia_util,38.0,26.5,7.78,1.48,1.48,normal,acima,baixa,2,histórico dia_util (poucos dados),2.0
PT0002000107172384HT,20,1.0,dia_util,41.0,26.5,2.65,5.47,5.47,desvio,acima,baixa,2,histórico dia_util (poucos dados),2.0
PT0002000107172384HT,21,1.0,dia_util,32.0,28.0,4.24,0.94,0.94,normal,acima,baixa,2,histórico dia_util (poucos dados),2.0
PT0002000107172384HT,22,1.0,dia_util,34.0,28.5,9.19,0.6,0.6,normal,acima,baixa,2,histórico dia_util (poucos dados),2.0
PT0002000107172384HT,23,1.0,dia_util,30.0,29.0,8.49,0.12,0.12,normal,acima,baixa,2,histórico dia_util (poucos dados),2.0
PT0002000109837807PE,0,1.0,dia_util,33.0,23.5,2.35,4.04,4.04,desvio,acima,baixa,2,histórico dia_util (poucos dados),2.0
PT0002000109837807PE,1,1.0,dia_util,34.0,19.5,3.54,4.1,4.1,desvio,acima,baixa,2,histórico dia_util (poucos dados),2.0
PT0002000109837807PE,2,1.0,dia_util,9.0,12.0,7.07,-0.42,-0.42,normal,abaixo,baixa,2,histórico dia_util (poucos dados),2.0
PT0002000109837807PE,3,1.0,dia_util,8.0,7.0,0.7,1.43,1.43,normal,acima,baixa,2,histórico dia_util (poucos dados),2.0
PT0002000109837807PE,4,1.0,dia_util,6.0,6.5,0.71,-0.71,-0.71,normal,abaixo,baixa,2,histórico dia_util (poucos dados),2.0
PT0002000109837807PE,5,1.0,dia_util,3.0,3.5,0.71,-0.71,-0.71,normal,abaixo,baixa,2,histórico dia_util (poucos dados),2.0
PT0002000109837807PE,6,1.0,dia_util,4.0,3.5,0.71,0.71,0.71,normal,acima,baixa,2,histórico dia_util (poucos dados),2.0
PT0002000109837807PE,7,1.0,dia_util,4.0,4.5,0.71,-0.71,-0.71,normal,abaixo,baixa,2,histórico dia_util (poucos dados),2.0
PT0002000109837807PE,8,1.0,dia_util,3.0,12.5,12.02,-0.79,-0.79,normal,abaixo,baixa,2,histórico dia_util (poucos dados),2.0
PT0002000109837807PE,9,1.0,dia_util,18.0,12.0,11.31,0.53,0.53,normal,acima,baixa,2,histórico dia_util (poucos dados),2.0
PT0002000109837807PE,10,1.0,dia_util,20.0,12.0,12.73,0.63,0.63,normal,acima,baixa,2,histórico dia_util (poucos dados),2.0
PT0002000109837807PE,11,1.0,dia_util,21.0,12.5,12.02,0.71,0.71,normal,acima,baixa,2,histórico dia_util (poucos dados),2.0
PT0002000109837807PE,12,1.0,dia_util,21.0,16.5,6.36,0.71,0.71,normal,acima,baixa,2,histórico dia_util (poucos dados),2.0
PT0002000109837807PE,13,1.0,dia_util,20.0,20.5,2.05,-0.24,-0.24,normal,abaixo,baixa,2,histórico dia_util (poucos dados),2.0
PT0002000109837807PE,14,1.0,dia_util,21.0,20.0,2.0,0.5,0.5,normal,acima,baixa,2,histórico dia_util (poucos dados),2.0
PT0002000109837807PE,15,1.0,dia_util,21.0,21.0,2.1,0.0,0.0,normal,abaixo,baixa,2,histórico dia_util (poucos dados),2.0
PT0002000109837807PE,16,1.0,dia_util,20.0,20.0,2.0,0.0,0.0,normal,abaixo,baixa,2,histórico dia_util (poucos dados),2.0
PT0002000109837807PE,17,1.0,dia_util,21.0,21.0,2.1,0.0,0.0,normal,abaixo,baixa,2,histórico dia_util (poucos dados),2.0
PT0002000109837807PE,18,1.0,dia_util,24.0,24.0,4.24,0.0,0.0,normal,abaixo,baixa,2,histórico dia_util (poucos dados),2.0
PT0002000109837807PE,19,1.0,dia_util,31.0,30.0,3.0,0.33,0.33,normal,acima,baixa,2,histórico dia_util (poucos dados),2.0
PT0002000109837807PE,20,1.0,dia_util,33.0,22.0,15.56,0.71,0.71,normal,acima,baixa,2,histórico dia_util (poucos dados),2.0
PT0002000109837807PE,21,1.0,dia_util,32.0,22.5,16.26,0.58,0.58,normal,acima,baixa,2,histórico dia_util (poucos dados),2.0
PT0002000109837807PE,22,1.0,dia_util,24.0,27.5,7.78,-0.45,-0.45,normal,abaixo,baixa,2,histórico dia_util (poucos dados),2.0
PT0002000109837807PE,23,1.0,dia_util,24.0,29.0,7.07,-0.71,-0.71,normal,abaixo,baixa,2,histórico dia_util (poucos dados),2.0
PT0002000110090564GD,0,1.0,dia_util,4.0,5.0,0.5,-2.0,-2.0,normal,abaixo,baixa,2,histórico dia_util (poucos dados),2.0
PT0002000110090564GD,1,1.0,dia_util,5.0,5.0,0.5,0.0,0.0,normal,abaixo,baixa,2,histórico dia_util (poucos dados),2.0
PT0002000110090564GD,2,1.0,dia_util,5.0,5.0,0.5,0.0,0.0,normal,abaixo,baixa,2,histórico dia_util (poucos dados),2.0
PT0002000110090564GD,3,1.0,dia_util,5.0,5.0,0.5,0.0,0.0,normal,abaixo,baixa,2,histórico dia_util (poucos dados),2.0
PT0002000110090564GD,4,1.0,dia_util,5.0,4.5,0.71,0.71,0.71,normal,acima,baixa,2,histórico dia_util (poucos dados),2.0
PT0002000110090564GD,5,1.0,dia_util,5.0,4.5,0.71,0.71,0.71,normal,acima,baixa,2,histórico dia_util (poucos dados),2.0
PT0002000110090564GD,6,1.0,dia_util,4.0,5.0,0.5,-2.0,-2.0,normal,abaixo,baixa,2,histórico dia_util (poucos dados),2.0
PT0002000110090564GD,7,1.0,dia_util,5.0,5.0,0.5,0.0,0.0,normal,abaixo,baixa,2,histórico dia_util (poucos dados),2.0
PT0002000110090564GD,8,1.0,dia_util,8.0,5.0,0.5,6.0,6.0,desvio,acima,baixa,2,histórico dia_util (poucos dados),2.0
PT0002000110090564GD,9,1.0,dia_util,29.0,16.5,14.85,0.84,0.84,normal,acima,baixa,2,histórico dia_util (poucos dados),2.0
PT0002000110090564GD,10,1.0,dia_util,29.0,18.0,16.97,0.65,0.65,normal,acima,baixa,2,histórico dia_util (poucos dados),2.0
PT0002000110090564GD,11,1.0,dia_util,18.0,17.5,16.26,0.03,0.03,normal,acima,baixa,2,histórico dia_util (poucos dados),2.0
PT0002000110090564GD,12,1.0,dia_util,6.0,18.5,17.68,-0.71,-0.71,normal,abaixo,baixa,2,histórico dia_util (poucos dados),2.0
PT0002000110090564GD,13,1.0,dia_util,6.0,10.5,3.54,-1.27,-1.27,normal,abaixo,baixa,2,histórico dia_util (poucos dados),2.0
PT0002000110090564GD,14,1.0,dia_util,6.0,18.0,16.97,-0.71,-0.71,normal,abaixo,baixa,2,histórico dia_util (poucos dados),2.0
PT0002000110090564GD,15,1.0,dia_util,8.0,17.5,16.26,-0.58,-0.58,normal,abaixo,baixa,2,histórico dia_util (poucos dados),2.0
PT0002000110090564GD,16,1.0,dia_util,30.0,17.0,18.38,0.71,0.71,normal,acima,baixa,2,histórico dia_util (poucos dados),2.0
PT0002000110090564GD,17,1.0,dia_util,30.0,17.5,16.26,0.77,0.77,normal,acima,baixa,2,histórico dia_util (poucos dados),2.0
PT0002000110090564GD,18,1.0,dia_util,44.0,41.0,15.56,0.19,0.19,normal,acima,baixa,2,histórico dia_util (poucos dados),2.0
PT0002000110090564GD,19,1.0,dia_util,45.0,34.5,36.06,0.29,0.29,normal,acima,baixa,2,histórico dia_util (poucos dados),2.0
PT0002000110090564GD,20,1.0,dia_util,45.0,33.5,38.89,0.3,0.3,normal,acima,baixa,2,histórico dia_util (poucos dados),2.0
PT0002000110090564GD,21,1.0,dia_util,25.0,25.5,26.16,-0.02,-0.02,normal,abaixo,baixa,2,histórico dia_util (poucos dados),2.0
PT0002000110090564GD,22,1.0,dia_util,5.0,6.5,0.71,-2.12,-2.12,desvio,abaixo,baixa,2,histórico dia_util (poucos dados),2.0
PT0002000110090564GD,23,1.0,dia_util,5.0,5.5,0.71,-0.71,-0.71,normal,abaixo,baixa,2,histórico dia_util (poucos dados),2.0
PT0002000110607652SB,0,0.0,dia_util,8.0,8.0,0.8,0.0,0.0,normal,abaixo,baixa,2,histórico dia_util (poucos dados),2.0
PT0002000110607652SB,1,0.0,dia_util,8.0,12.0,1.2,-3.33,-3.33,desvio,abaixo,baixa,2,histórico dia_util (poucos dados),2.0
PT0002000110607652SB,2,0.0,dia_util,8.0,8.0,0.8,0.0,0.0,normal,abaixo,baixa,2,histórico dia_util (poucos dados),2.0
PT0002000110607652SB,3,0.0,dia_util,8.0,10.0,2.83,-0.71,-0.71,normal,abaixo,baixa,2,histórico dia_util (poucos dados),2.0
PT0002000110607652SB,4,0.0,dia_util,8.0,8.0,0.8,0.0,0.0,normal,abaixo,baixa,2,histórico dia_util (poucos dados),2.0
PT0002000110607652SB,5,0.0,dia_util,8.0,6.0,2.83,0.71,0.71,normal,acima,baixa,2,histórico dia_util (poucos dados),2.0
PT0002000110607652SB,6,0.0,dia_util,12.0,8.0,0.8,5.0,5.0,desvio,acima,baixa,2,histórico dia_util (poucos dados),2.0
PT0002000110607652SB,7,0.0,dia_util,20.0,34.0,14.14,-0.99,-0.99,normal,abaixo,baixa,2,histórico dia_util (poucos dados),2.0
PT0002000110607652SB,8,0.0,dia_util,44.0,72.0,33.94,-0.82,-0.82,normal,abaixo,baixa,2,histórico dia_util (poucos dados),2.0
PT0002000110607652SB,9,0.0,dia_util,52.0,72.0,33.94,-0.59,-0.59,normal,abaixo,baixa,2,histórico dia_util (poucos dados),2.0
PT0002000110607652SB,10,0.0,dia_util,64.0,80.0,33.94,-0.47,-0.47,normal,abaixo,baixa,2,histórico dia_util (poucos dados),2.0
PT0002000110607652SB,11,0.0,dia_util,64.0,86.0,19.8,-1.11,-1.11,normal,abaixo,baixa,2,histórico dia_util (poucos dados),2.0
PT0002000110607652SB,12,0.0,dia_util,76.0,94.0,14.14,-1.27,-1.27,normal,abaixo,baixa,2,histórico dia_util (poucos dados),2.0
PT0002000110607652SB,13,0.0,dia_util,84.0,100.0,10.0,-1.6,-1.6,normal,abaixo,baixa,2,histórico dia_util (poucos dados),2.0
PT0002000110607652SB,14,0.0,dia_util,92.0,102.0,10.2,-0.98,-0.98,normal,abaixo,baixa,2,histórico dia_util (poucos dados),2.0
PT0002000110607652SB,15,0.0,dia_util,92.0,98.0,9.8,-0.61,-0.61,normal,abaixo,baixa,2,histórico dia_util (poucos dados),2.0
PT0002000110607652SB,16,0.0,dia_util,76.0,90.0,14.14,-0.99,-0.99,normal,abaixo,baixa,2,histórico dia_util (poucos dados),2.0
PT0002000110607652SB,17,0.0,dia_util,68.0,90.0,14.14,-1.56,-1.56,normal,abaixo,baixa,2,histórico dia_util (poucos dados),2.0
PT0002000110607652SB,18,0.0,dia_util,72.0,84.0,11.31,-1.06,-1.06,normal,abaixo,baixa,2,histórico dia_util (poucos dados),2.0
PT0002000110607652SB,19,0.0,dia_util,60.0,68.0,6.8,-1.18,-1.18,normal,abaixo,baixa,2,histórico dia_util (poucos dados),2.0
PT0002000110607652SB,20,0.0,dia_util,8.0,12.0,5.66,-0.71,-0.71,normal,abaixo,baixa,2,histórico dia_util (poucos dados),2.0
PT0002000110607652SB,21,0.0,dia_util,8.0,10.0,2.83,-0.71,-0.71,normal,abaixo,baixa,2,histórico dia_util (poucos dados),2.0
PT0002000110607652SB,22,0.0,dia_util,12.0,8.0,0.8,5.0,5.0,desvio,acima,baixa,2,histórico dia_util (poucos dados),2.0
PT0002000110607652SB,23,0.0,dia_util,8.0,8.0,0.8,0.0,0.0,normal,abaixo,baixa,2,histórico dia_util (poucos dados),2.0
PT0002000110814293YC,0,,dia_util,58.0,40.5,27.58,0.63,0.63,normal,acima,baixa,2,histórico dia_util (poucos dados),2.0
PT0002000110814293YC,1,,dia_util,50.0,41.0,26.87,0.33,0.33,normal,acima,baixa,2,histórico dia_util (poucos dados),2.0
PT0002000110814293YC,2,,dia_util,50.0,40.5,27.58,0.34,0.34,normal,acima,baixa,2,histórico dia_util (poucos dados),2.0
PT0002000110814293YC,3,,dia_util,50.0,40.5,27.58,0.34,0.34,normal,acima,baixa,2,histórico dia_util (poucos dados),2.0
PT0002000110814293YC,4,,dia_util,50.0,40.5,27.58,0.34,0.34,normal,acima,baixa,2,histórico dia_util (poucos dados),2.0
PT0002000110814293YC,5,,dia_util,49.0,41.0,28.28,0.28,0.28,normal,acima,baixa,2,histórico dia_util (poucos dados),2.0
PT0002000110814293YC,6,,dia_util,49.0,40.5,27.58,0.31,0.31,normal,acima,baixa,2,histórico dia_util (poucos dados),2.0
PT0002000110814293YC,7,,dia_util,51.0,43.5,26.16,0.29,0.29,normal,acima,baixa,2,histórico dia_util (poucos dados),2.0
PT0002000110814293YC,8,,dia_util,55.0,43.0,22.63,0.53,0.53,normal,acima,baixa,2,histórico dia_util (poucos dados),2.0
PT0002000110814293YC,9,,dia_util,59.0,49.0,32.53,0.31,0.31,normal,acima,baixa,2,histórico dia_util (poucos dados),2.0
PT0002000110814293YC,10,,dia_util,63.0,43.0,24.04,0.83,0.83,normal,acima,baixa,2,histórico dia_util (poucos dados),2.0
PT0002000110814293YC,11,,dia_util,73.0,58.0,7.07,2.12,2.12,desvio,acima,baixa,2,histórico dia_util (poucos dados),2.0
PT0002000110814293YC,12,,dia_util,74.0,71.5,7.15,0.35,0.35,normal,acima,baixa,2,histórico dia_util (poucos dados),2.0
PT0002000110814293YC,13,,dia_util,72.0,72.0,7.2,0.0,0.0,normal,abaixo,baixa,2,histórico dia_util (poucos dados),2.0
PT0002000110814293YC,14,,dia_util,75.0,75.0,7.5,0.0,0.0,normal,abaixo,baixa,2,histórico dia_util (poucos dados),2.0
PT0002000110814293YC,15,,dia_util,72.0,73.0,7.3,-0.14,-0.14,normal,abaixo,baixa,2,histórico dia_util (poucos dados),2.0
PT0002000110814293YC,16,,dia_util,72.0,73.5,7.35,-0.2,-0.2,normal,abaixo,baixa,2,histórico dia_util (poucos dados),2.0
PT0002000110814293YC,17,,dia_util,71.0,72.0,7.2,-0.14,-0.14,normal,abaixo,baixa,2,histórico dia_util (poucos dados),2.0
PT0002000110814293YC,18,,dia_util,71.0,71.0,7.1,0.0,0.0,normal,abaixo,baixa,2,histórico dia_util (poucos dados),2.0
PT0002000110814293YC,19,,dia_util,60.0,69.0,6.9,-1.3,-1.3,normal,abaixo,baixa,2,histórico dia_util (poucos dados),2.0
PT0002000110814293YC,20,,dia_util,42.0,62.5,6.25,-3.28,-3.28,desvio,abaixo,baixa,2,histórico dia_util (poucos dados),2.0
PT0002000110814293YC,21,,dia_util,42.0,60.0,6.0,-3.0,-3.0,desvio,abaixo,baixa,2,histórico dia_util (poucos dados),2.0
PT0002000110814293YC,22,,dia_util,39.0,60.5,6.05,-3.55,-3.55,desvio,abaixo,baixa,2,histórico dia_util (poucos dados),2.0
PT0002000110814293YC,23,,dia_util,40.0,56.0,7.07,-2.26,-2.26,desvio,abaixo,baixa,2,histórico dia_util (poucos dados),2.0
PT0002000111572054VT,0,,dia_util,20.0,33.5,3.54,-3.82,-3.82,desvio,abaixo,baixa,2,histórico dia_util (poucos dados),2.0
PT0002000111572054VT,1,,dia_util,20.0,32.5,3.25,-3.85,-3.85,desvio,abaixo,baixa,2,histórico dia_util (poucos dados),2.0
PT0002000111572054VT,2,,dia_util,20.0,31.5,3.15,-3.65,-3.65,desvio,abaixo,baixa,2,histórico dia_util (poucos dados),2.0
PT0002000111572054VT,3,,dia_util,19.0,31.0,3.1,-3.87,-3.87,desvio,abaixo,baixa,2,histórico dia_util (poucos dados),2.0
PT0002000111572054VT,4,,dia_util,21.0,32.0,3.2,-3.44,-3.44,desvio,abaixo,baixa,2,histórico dia_util (poucos dados),2.0
PT0002000111572054VT,5,,dia_util,20.0,18.5,2.12,0.71,0.71,normal,acima,baixa,2,histórico dia_util (poucos dados),2.0
PT0002000111572054VT,6,,dia_util,19.0,14.5,2.12,2.12,2.12,desvio,acima,baixa,2,histórico dia_util (poucos dados),2.0
PT0002000111572054VT,7,,dia_util,22.0,14.5,2.12,3.54,3.54,desvio,acima,baixa,2,histórico dia_util (poucos dados),2.0
PT0002000111572054VT,8,,dia_util,26.0,18.5,1.85,4.05,4.05,desvio,acima,baixa,2,histórico dia_util (poucos dados),2.0
PT0002000111572054VT,9,,dia_util,4.0,9.5,0.95,-5.79,-5.79,desvio,abaixo,baixa,2,histórico dia_util (poucos dados),2.0
PT0002000111572054VT,10,,dia_util,0.0,5.5,2.12,-2.59,-2.59,desvio,abaixo,baixa,2,histórico dia_util (poucos dados),2.0
PT0002000111572054VT,11,,dia_util,0.0,5.0,1.41,-3.54,-3.54,desvio,abaixo,baixa,2,histórico dia_util (poucos dados),2.0
PT0002000111572054VT,12,,dia_util,0.0,5.0,1.41,-3.54,-3.54,desvio,abaixo,baixa,2,histórico dia_util (poucos dados),2.0
PT0002000111572054VT,13,,dia_util,1.0,4.5,0.71,-4.95,-4.95,desvio,abaixo,baixa,2,histórico dia_util (poucos dados),2.0
PT0002000111572054VT,14,,dia_util,0.0,5.0,1.41,-3.54,-3.54,desvio,abaixo,baixa,2,histórico dia_util (poucos dados),2.0
PT0002000111572054VT,15,,dia_util,0.0,5.0,4.24,-1.18,-1.18,normal,abaixo,baixa,2,histórico dia_util (poucos dados),2.0
PT0002000111572054VT,16,,dia_util,0.0,6.5,3.54,-1.84,-1.84,normal,abaixo,baixa,2,histórico dia_util (poucos dados),2.0
PT0002000111572054VT,17,,dia_util,0.0,9.0,4.24,-2.12,-2.12,desvio,abaixo,baixa,2,histórico dia_util (poucos dados),2.0
PT0002000111572054VT,18,,dia_util,12.0,19.0,1.9,-3.68,-3.68,desvio,abaixo,baixa,2,histórico dia_util (poucos dados),2.0
PT0002000111572054VT,19,,dia_util,28.0,27.0,2.7,0.37,0.37,normal,acima,baixa,2,histórico dia_util (poucos dados),2.0
PT0002000111572054VT,20,,dia_util,24.0,17.5,1.75,3.71,3.71,desvio,acima,baixa,2,histórico dia_util (poucos dados),2.0
PT0002000111572054VT,21,,dia_util,21.0,17.0,1.7,2.35,2.35,desvio,acima,baixa,2,histórico dia_util (poucos dados),2.0
PT0002000111572054VT,22,,dia_util,20.0,16.5,1.65,2.12,2.12,desvio,acima,baixa,2,histórico dia_util (poucos dados),2.0
PT0002000111572054VT,23,,dia_util,20.0,16.0,1.6,2.5,2.5,desvio,acima,baixa,2,histórico dia_util (poucos dados),2.0
PT0002000112989585PH,0,0.0,dia_util,82.0,106.5,17.68,-1.39,-1.39,normal,abaixo,baixa,2,histórico dia_util (poucos dados),2.0
PT0002000112989585PH,1,0.0,dia_util,85.0,106.0,16.97,-1.24,-1.24,normal,abaixo,baixa,2,histórico dia_util (poucos dados),2.0
PT0002000112989585PH,2,0.0,dia_util,85.0,105.5,16.26,-1.26,-1.26,normal,abaixo,baixa,2,histórico dia_util (poucos dados),2.0
PT0002000112989585PH,3,0.0,dia_util,80.0,105.0,15.56,-1.61,-1.61,normal,abaixo,baixa,2,histórico dia_util (poucos dados),2.0
PT0002000112989585PH,4,0.0,dia_util,82.0,102.0,12.73,-1.57,-1.57,normal,abaixo,baixa,2,histórico dia_util (poucos dados),2.0
PT0002000112989585PH,5,0.0,dia_util,84.0,103.0,14.14,-1.34,-1.34,normal,abaixo,baixa,2,histórico dia_util (poucos dados),2.0
PT0002000112989585PH,6,0.0,dia_util,81.0,101.5,10.61,-1.93,-1.93,normal,abaixo,baixa,2,histórico dia_util (poucos dados),2.0
PT0002000112989585PH,7,0.0,dia_util,79.0,105.0,10.5,-2.48,-2.48,desvio,abaixo,baixa,2,histórico dia_util (poucos dados),2.0
PT0002000112989585PH,8,0.0,dia_util,76.0,112.5,11.25,-3.24,-3.24,desvio,abaixo,baixa,2,histórico dia_util (poucos dados),2.0
PT0002000112989585PH,9,0.0,dia_util,44.0,76.0,14.14,-2.26,-2.26,desvio,abaixo,baixa,2,histórico dia_util (poucos dados),2.0
PT0002000112989585PH,10,0.0,dia_util,20.0,30.0,3.0,-3.33,-3.33,desvio,abaixo,baixa,2,histórico dia_util (poucos dados),2.0
PT0002000112989585PH,11,0.0,dia_util,8.0,13.5,2.12,-2.59,-2.59,desvio,abaixo,baixa,2,histórico dia_util (poucos dados),2.0
PT0002000112989585PH,12,0.0,dia_util,2.0,6.0,1.41,-2.83,-2.83,desvio,abaixo,baixa,2,histórico dia_util (poucos dados),2.0
PT0002000112989585PH,13,0.0,dia_util,27.0,4.5,0.71,10.0,31.82,desvio,acima,baixa,2,histórico dia_util (poucos dados),2.0
PT0002000112989585PH,14,0.0,dia_util,14.0,8.0,4.24,1.41,1.41,normal,acima,baixa,2,histórico dia_util (poucos dados),2.0
PT0002000112989585PH,15,0.0,dia_util,16.0,18.5,6.36,-0.39,-0.39,normal,abaixo,baixa,2,histórico dia_util (poucos dados),2.0
PT0002000112989585PH,16,0.0,dia_util,28.0,27.5,6.36,0.08,0.08,normal,acima,baixa,2,histórico dia_util (poucos dados),2.0
PT0002000112989585PH,17,0.0,dia_util,56.0,55.0,5.5,0.18,0.18,normal,acima,baixa,2,histórico dia_util (poucos dados),2.0
PT0002000112989585PH,18,0.0,dia_util,88.0,92.5,9.25,-0.49,-0.49,normal,abaixo,baixa,2,histórico dia_util (poucos dados),2.0
PT0002000112989585PH,19,0.0,dia_util,107.0,107.0,10.7,0.0,0.0,normal,abaixo,baixa,2,histórico dia_util (poucos dados),2.0
PT0002000112989585PH,20,0.0,dia_util,97.0,91.5,9.15,0.6,0.6,normal,acima,baixa,2,histórico dia_util (poucos dados),2.0
PT0002000112989585PH,21,0.0,dia_util,89.0,90.5,9.05,-0.17,-0.17,normal,abaixo,baixa,2,histórico dia_util (poucos dados),2.0
PT0002000112989585PH,22,0.0,dia_util,85.0,92.5,9.25,-0.81,-0.81,normal,abaixo,baixa,2,histórico dia_util (poucos dados),2.0
PT0002000112989585PH,23,0.0,dia_util,86.0,89.0,8.9,-0.34,-0.34,normal,abaixo,baixa,2,histórico dia_util (poucos dados),2.0
PT0002000114613364CC,0,,dia_util,134.0,123.0,12.3,0.89,0.89,normal,acima,baixa,2,histórico dia_util (poucos dados),2.0
PT0002000114613364CC,1,,dia_util,134.0,121.0,12.1,1.07,1.07,normal,acima,baixa,2,histórico dia_util (poucos dados),2.0
PT0002000114613364CC,2,,dia_util,134.0,121.0,12.1,1.07,1.07,normal,acima,baixa,2,histórico dia_util (poucos dados),2.0
PT0002000114613364CC,3,,dia_util,135.0,124.0,12.4,0.89,0.89,normal,acima,baixa,2,histórico dia_util (poucos dados),2.0
PT0002000114613364CC,4,,dia_util,138.0,125.5,12.55,1.0,1.0,normal,acima,baixa,2,histórico dia_util (poucos dados),2.0
PT0002000114613364CC,5,,dia_util,135.0,125.0,12.5,0.8,0.8,normal,acima,baixa,2,histórico dia_util (poucos dados),2.0
PT0002000114613364CC,6,,dia_util,135.0,125.5,12.55,0.76,0.76,normal,acima,baixa,2,histórico dia_util (poucos dados),2.0
PT0002000114613364CC,7,,dia_util,157.0,159.5,41.72,-0.06,-0.06,normal,abaixo,baixa,2,histórico dia_util (poucos dados),2.0
PT0002000114613364CC,8,,dia_util,216.0,247.5,101.12,-0.31,-0.31,normal,abaixo,baixa,2,histórico dia_util (poucos dados),2.0
PT0002000114613364CC,9,,dia_util,248.0,274.5,101.12,-0.26,-0.26,normal,abaixo,baixa,2,histórico dia_util (poucos dados),2.0
PT0002000114613364CC,10,,dia_util,264.0,283.0,89.1,-0.21,-0.21,normal,abaixo,baixa,2,histórico dia_util (poucos dados),2.0
PT0002000114613364CC,11,,dia_util,272.0,282.0,86.27,-0.12,-0.12,normal,abaixo,baixa,2,histórico dia_util (poucos dados),2.0
PT0002000114613364CC,12,,dia_util,299.0,283.0,67.88,0.24,0.24,normal,acima,baixa,2,histórico dia_util (poucos dados),2.0
PT0002000114613364CC,13,,dia_util,288.0,259.0,60.81,0.48,0.48,normal,acima,baixa,2,histórico dia_util (poucos dados),2.0
PT0002000114613364CC,14,,dia_util,281.0,253.5,82.73,0.33,0.33,normal,acima,baixa,2,histórico dia_util (poucos dados),2.0
PT0002000114613364CC,15,,dia_util,309.0,250.0,77.78,0.76,0.76,normal,acima,baixa,2,histórico dia_util (poucos dados),2.0
PT0002000114613364CC,16,,dia_util,310.0,238.0,57.98,1.24,1.24,normal,acima,baixa,2,histórico dia_util (poucos dados),2.0
PT0002000114613364CC,17,,dia_util,282.0,222.0,60.81,0.99,0.99,normal,acima,baixa,2,histórico dia_util (poucos dados),2.0
PT0002000114613364CC,18,,dia_util,246.0,189.0,45.25,1.26,1.26,normal,acima,baixa,2,histórico dia_util (poucos dados),2.0
PT0002000114613364CC,19,,dia_util,232.0,165.5,17.68,3.76,3.76,desvio,acima,baixa,2,histórico dia_util (poucos dados),2.0
PT0002000114613364CC,20,,dia_util,217.0,143.5,14.35,5.12,5.12,desvio,acima,baixa,2,histórico dia_util (poucos dados),2.0
PT0002000114613364CC,21,,dia_util,196.0,135.5,13.55,4.46,4.46,desvio,acima,baixa,2,histórico dia_util (poucos dados),2.0
PT0002000114613364CC,22,,dia_util,137.0,134.0,13.4,0.22,0.22,normal,acima,baixa,2,histórico dia_util (poucos dados),2.0
PT0002000114613364CC,23,,dia_util,133.0,132.0,13.2,0.08,0.08,normal,acima,baixa,2,histórico dia_util (poucos dados),2.0
PT0002000114685657JR,0,0.0,dia_util,209.0,191.5,28.99,0.6,0.6,normal,acima,baixa,2,histórico dia_util (poucos dados),2.0
PT0002000114685657JR,1,0.0,dia_util,187.0,181.5,20.51,0.27,0.27,normal,acima,baixa,2,histórico dia_util (poucos dados),2.0
PT0002000114685657JR,2,0.0,dia_util,182.0,179.0,18.38,0.16,0.16,normal,acima,baixa,2,histórico dia_util (poucos dados),2.0
PT0002000114685657JR,3,0.0,dia_util,174.0,177.0,21.21,-0.14,-0.14,normal,abaixo,baixa,2,histórico dia_util (poucos dados),2.0
PT0002000114685657JR,4,0.0,dia_util,176.0,178.0,18.38,-0.11,-0.11,normal,abaixo,baixa,2,histórico dia_util (poucos dados),2.0
PT0002000114685657JR,5,0.0,dia_util,173.0,176.0,19.8,-0.15,-0.15,normal,abaixo,baixa,2,histórico dia_util (poucos dados),2.0
PT0002000114685657JR,6,0.0,dia_util,207.0,207.5,20.75,-0.02,-0.02,normal,abaixo,baixa,2,histórico dia_util (poucos dados),2.0
PT0002000114685657JR,7,0.0,dia_util,232.0,230.5,23.05,0.07,0.07,normal,acima,baixa,2,histórico dia_util (poucos dados),2.0
PT0002000114685657JR,8,0.0,dia_util,278.0,263.0,26.3,0.57,0.57,normal,acima,baixa,2,histórico dia_util (poucos dados),2.0
PT0002000114685657JR,9,0.0,dia_util,301.0,289.5,28.95,0.4,0.4,normal,acima,baixa,2,histórico dia_util (poucos dados),2.0
PT0002000114685657JR,10,0.0,dia_util,306.0,306.0,30.6,0.0,0.0,normal,abaixo,baixa,2,histórico dia_util (poucos dados),2.0
PT0002000114685657JR,11,0.0,dia_util,306.0,296.0,29.6,0.34,0.34,normal,acima,baixa,2,histórico dia_util (poucos dados),2.0
PT0002000114685657JR,12,0.0,dia_util,291.0,286.5,28.65,0.16,0.16,normal,acima,baixa,2,histórico dia_util (poucos dados),2.0
PT0002000114685657JR,13,0.0,dia_util,293.0,283.0,28.3,0.35,0.35,normal,acima,baixa,2,histórico dia_util (poucos dados),2.0
PT0002000114685657JR,14,0.0,dia_util,301.0,278.5,27.85,0.81,0.81,normal,acima,baixa,2,histórico dia_util (poucos dados),2.0
PT0002000114685657JR,15,0.0,dia_util,308.0,275.0,27.5,1.2,1.2,normal,acima,baixa,2,histórico dia_util (poucos dados),2.0
PT0002000114685657JR,16,0.0,dia_util,304.0,318.0,31.8,-0.44,-0.44,normal,abaixo,baixa,2,histórico dia_util (poucos dados),2.0
PT0002000114685657JR,17,0.0,dia_util,303.0,312.0,31.2,-0.29,-0.29,normal,abaixo,baixa,2,histórico dia_util (poucos dados),2.0
PT0002000114685657JR,18,0.0,dia_util,299.0,300.0,30.0,-0.03,-0.03,normal,abaixo,baixa,2,histórico dia_util (poucos dados),2.0
PT0002000114685657JR,19,0.0,dia_util,293.0,283.5,28.35,0.34,0.34,normal,acima,baixa,2,histórico dia_util (poucos dados),2.0
PT0002000114685657JR,20,0.0,dia_util,293.0,280.0,28.0,0.46,0.46,normal,acima,baixa,2,histórico dia_util (poucos dados),2.0
PT0002000114685657JR,21,0.0,dia_util,290.0,271.5,27.15,0.68,0.68,normal,acima,baixa,2,histórico dia_util (poucos dados),2.0
PT0002000114685657JR,22,0.0,dia_util,262.0,255.5,25.55,0.25,0.25,normal,acima,baixa,2,histórico dia_util (poucos dados),2.0
PT0002000114685657JR,23,0.0,dia_util,248.0,247.5,24.75,0.02,0.02,normal,acima,baixa,2,histórico dia_util (poucos dados),2.0
PT0002000115031201VQ,0,0.0,dia_util,6.0,7.5,0.75,-2.0,-2.0,normal,abaixo,baixa,2,histórico dia_util (poucos dados),2.0
PT0002000115031201VQ,1,0.0,dia_util,3.0,4.0,0.4,-2.5,-2.5,desvio,abaixo,baixa,2,histórico dia_util (poucos dados),2.0
PT0002000115031201VQ,2,0.0,dia_util,4.0,4.0,0.4,0.0,0.0,normal,abaixo,baixa,2,histórico dia_util (poucos dados),2.0
PT0002000115031201VQ,3,0.0,dia_util,4.0,4.0,0.4,0.0,0.0,normal,abaixo,baixa,2,histórico dia_util (poucos dados),2.0
PT0002000115031201VQ,4,0.0,dia_util,4.0,4.0,0.4,0.0,0.0,normal,abaixo,baixa,2,histórico dia_util (poucos dados),2.0
PT0002000115031201VQ,5,0.0,dia_util,5.0,4.0,0.4,2.5,2.5,desvio,acima,baixa,2,histórico dia_util (poucos dados),2.0
PT0002000115031201VQ,6,0.0,dia_util,4.0,4.0,0.4,0.0,0.0,normal,abaixo,baixa,2,histórico dia_util (poucos dados),2.0
PT0002000115031201VQ,7,0.0,dia_util,6.0,11.0,1.1,-4.55,-4.55,desvio,abaixo,baixa,2,histórico dia_util (poucos dados),2.0
PT0002000115031201VQ,8,0.0,dia_util,19.0,30.5,3.05,-3.77,-3.77,desvio,abaixo,baixa,2,histórico dia_util (poucos dados),2.0
PT0002000115031201VQ,9,0.0,dia_util,18.0,38.5,3.85,-5.32,-5.32,desvio,abaixo,baixa,2,histórico dia_util (poucos dados),2.0
PT0002000115031201VQ,10,0.0,dia_util,25.0,56.5,5.65,-5.58,-5.58,desvio,abaixo,baixa,2,histórico dia_util (poucos dados),2.0
PT0002000115031201VQ,11,0.0,dia_util,42.0,66.0,6.6,-3.64,-3.64,desvio,abaixo,baixa,2,histórico dia_util (poucos dados),2.0
PT0002000115031201VQ,12,0.0,dia_util,37.0,65.0,6.5,-4.31,-4.31,desvio,abaixo,baixa,2,histórico dia_util (poucos dados),2.0
PT0002000115031201VQ,13,0.0,dia_util,35.0,63.0,6.3,-4.44,-4.44,desvio,abaixo,baixa,2,histórico dia_util (poucos dados),2.0
PT0002000115031201VQ,14,0.0,dia_util,23.0,57.0,5.7,-5.96,-5.96,desvio,abaixo,baixa,2,histórico dia_util (poucos dados),2.0
PT0002000115031201VQ,15,0.0,dia_util,20.0,44.0,4.4,-5.45,-5.45,desvio,abaixo,baixa,2,histórico dia_util (poucos dados),2.0
PT0002000115031201VQ,16,0.0,dia_util,16.0,33.0,3.3,-5.15,-5.15,desvio,abaixo,baixa,2,histórico dia_util (poucos dados),2.0
PT0002000115031201VQ,17,0.0,dia_util,16.0,30.0,3.0,-4.67,-4.67,desvio,abaixo,baixa,2,histórico dia_util (poucos dados),2.0
PT0002000115031201VQ,18,0.0,dia_util,17.0,26.5,2.65,-3.58,-3.58,desvio,abaixo,baixa,2,histórico dia_util (poucos dados),2.0
PT0002000115031201VQ,19,0.0,dia_util,10.0,11.0,1.1,-0.91,-0.91,normal,abaixo,baixa,2,histórico dia_util (poucos dados),2.0
PT0002000115031201VQ,20,0.0,dia_util,6.0,8.0,0.8,-2.5,-2.5,desvio,abaixo,baixa,2,histórico dia_util (poucos dados),2.0
PT0002000115031201VQ,21,0.0,dia_util,7.0,8.0,0.8,-1.25,-1.25,normal,abaixo,baixa,2,histórico dia_util (poucos dados),2.0
PT0002000115031201VQ,22,0.0,dia_util,6.0,8.0,0.8,-2.5,-2.5,desvio,abaixo,baixa,2,histórico dia_util (poucos dados),2.0
PT0002000115031201VQ,23,0.0,dia_util,7.0,8.0,0.8,-1.25,-1.25,normal,abaixo,baixa,2,histórico dia_util (poucos dados),2.0
PT0002000115673389QK,0,0.0,dia_util,46.0,41.5,9.19,0.49,0.49,normal,acima,baixa,2,histórico dia_util (poucos dados),2.0
PT0002000115673389QK,1,0.0,dia_util,33.0,42.0,4.24,-2.12,-2.12,desvio,abaixo,baixa,2,histórico dia_util (poucos dados),2.0
PT0002000115673389QK,2,0.0,dia_util,28.0,37.5,6.36,-1.49,-1.49,normal,abaixo,baixa,2,histórico dia_util (poucos dados),2.0
PT0002000115673389QK,3,0.0,dia_util,30.0,32.5,13.44,-0.19,-0.19,normal,abaixo,baixa,2,histórico dia_util (poucos dados),2.0
PT0002000115673389QK,4,0.0,dia_util,24.0,35.0,14.14,-0.78,-0.78,normal,abaixo,baixa,2,histórico dia_util (poucos dados),2.0
PT0002000115673389QK,5,0.0,dia_util,22.0,32.0,8.49,-1.18,-1.18,normal,abaixo,baixa,2,histórico dia_util (poucos dados),2.0
PT0002000115673389QK,6,0.0,dia_util,21.0,29.5,12.02,-0.71,-0.71,normal,abaixo,baixa,2,histórico dia_util (poucos dados),2.0
PT0002000115673389QK,7,0.0,dia_util,29.0,43.0,12.73,-1.1,-1.1,normal,abaixo,baixa,2,histórico dia_util (poucos dados),2.0
PT0002000115673389QK,8,0.0,dia_util,63.0,61.0,6.1,0.33,0.33,normal,acima,baixa,2,histórico dia_util (poucos dados),2.0
PT0002000115673389QK,9,0.0,dia_util,59.0,72.5,7.25,-1.86,-1.86,normal,abaixo,baixa,2,histórico dia_util (poucos dados),2.0
PT0002000115673389QK,10,0.0,dia_util,100.0,113.5,11.35,-1.19,-1.19,normal,abaixo,baixa,2,histórico dia_util (poucos dados),2.0
PT0002000115673389QK,11,0.0,dia_util,142.0,132.5,13.25,0.72,0.72,normal,acima,baixa,2,histórico dia_util (poucos dados),2.0
PT0002000115673389QK,12,0.0,dia_util,153.0,125.0,12.5,2.24,2.24,desvio,acima,baixa,2,histórico dia_util (poucos dados),2.0
PT0002000115673389QK,13,0.0,dia_util,114.0,147.5,19.09,-1.75,-1.75,normal,abaixo,baixa,2,histórico dia_util (poucos dados),2.0
PT0002000115673389QK,14,0.0,dia_util,145.0,123.0,22.63,0.97,0.97,normal,acima,baixa,2,histórico dia_util (poucos dados),2.0
PT0002000115673389QK,15,0.0,dia_util,100.0,119.5,11.95,-1.63,-1.63,normal,abaixo,baixa,2,histórico dia_util (poucos dados),2.0
PT0002000115673389QK,16,0.0,dia_util,92.0,114.0,11.4,-1.93,-1.93,normal,abaixo,baixa,2,histórico dia_util (poucos dados),2.0
PT0002000115673389QK,17,0.0,dia_util,75.0,100.5,12.02,-2.12,-2.12,desvio,abaixo,baixa,2,histórico dia_util (poucos dados),2.0
PT0002000115673389QK,18,0.0,dia_util,55.0,55.0,5.5,0.0,0.0,normal,abaixo,baixa,2,histórico dia_util (poucos dados),2.0
PT0002000115673389QK,19,0.0,dia_util,39.0,37.5,3.75,0.4,0.4,normal,acima,baixa,2,histórico dia_util (poucos dados),2.0
PT0002000115673389QK,20,0.0,dia_util,32.0,28.0,2.8,1.43,1.43,normal,acima,baixa,2,histórico dia_util (poucos dados),2.0
PT0002000115673389QK,21,0.0,dia_util,31.0,30.5,3.05,0.16,0.16,normal,acima,baixa,2,histórico dia_util (poucos dados),2.0
PT0002000115673389QK,22,0.0,dia_util,31.0,28.5,2.85,0.88,0.88,normal,acima,baixa,2,histórico dia_util (poucos dados),2.0
PT0002000115673389QK,23,0.0,dia_util,30.0,35.5,13.44,-0.41,-0.41,normal,abaixo,baixa,2,histórico dia_util (poucos dados),2.0
PT0002000115673471CB,0,0.0,dia_util,32.0,27.0,2.83,1.77,1.77,normal,acima,baixa,2,histórico dia_util (poucos dados),2.0
PT0002000115673471CB,1,0.0,dia_util,26.0,27.0,7.07,-0.14,-0.14,normal,abaixo,baixa,2,histórico dia_util (poucos dados),2.0
PT0002000115673471CB,2,0.0,dia_util,21.0,26.0,8.49,-0.59,-0.59,normal,abaixo,baixa,2,histórico dia_util (poucos dados),2.0
PT0002000115673471CB,3,0.0,dia_util,19.0,23.0,7.07,-0.57,-0.57,normal,abaixo,baixa,2,histórico dia_util (poucos dados),2.0
PT0002000115673471CB,4,0.0,dia_util,19.0,23.0,5.66,-0.71,-0.71,normal,abaixo,baixa,2,histórico dia_util (poucos dados),2.0
PT0002000115673471CB,5,0.0,dia_util,20.0,22.5,3.54,-0.71,-0.71,normal,abaixo,baixa,2,histórico dia_util (poucos dados),2.0
PT0002000115673471CB,6,0.0,dia_util,19.0,26.0,2.6,-2.69,-2.69,desvio,abaixo,baixa,2,histórico dia_util (poucos dados),2.0
PT0002000115673471CB,7,0.0,dia_util,46.0,46.0,7.07,0.0,0.0,normal,abaixo,baixa,2,histórico dia_util (poucos dados),2.0
PT0002000115673471CB,8,0.0,dia_util,53.0,61.5,13.44,-0.63,-0.63,normal,abaixo,baixa,2,histórico dia_util (poucos dados),2.0
PT0002000115673471CB,9,0.0,dia_util,59.0,64.0,7.07,-0.71,-0.71,normal,abaixo,baixa,2,histórico dia_util (poucos dados),2.0
PT0002000115673471CB,10,0.0,dia_util,61.0,62.0,11.31,-0.09,-0.09,normal,abaixo,baixa,2,histórico dia_util (poucos dados),2.0
PT0002000115673471CB,11,0.0,dia_util,52.0,65.5,9.19,-1.47,-1.47,normal,abaixo,baixa,2,histórico dia_util (poucos dados),2.0
PT0002000115673471CB,12,0.0,dia_util,67.0,73.5,9.19,-0.71,-0.71,normal,abaixo,baixa,2,histórico dia_util (poucos dados),2.0
PT0002000115673471CB,13,0.0,dia_util,39.0,46.5,6.36,-1.18,-1.18,normal,abaixo,baixa,2,histórico dia_util (poucos dados),2.0
PT0002000115673471CB,14,0.0,dia_util,29.0,32.5,4.95,-0.71,-0.71,normal,abaixo,baixa,2,histórico dia_util (poucos dados),2.0
PT0002000115673471CB,15,0.0,dia_util,29.0,36.0,5.66,-1.24,-1.24,normal,abaixo,baixa,2,histórico dia_util (poucos dados),2.0
PT0002000115673471CB,16,0.0,dia_util,23.0,28.5,6.36,-0.86,-0.86,normal,abaixo,baixa,2,histórico dia_util (poucos dados),2.0
PT0002000115673471CB,17,0.0,dia_util,19.0,25.5,9.19,-0.71,-0.71,normal,abaixo,baixa,2,histórico dia_util (poucos dados),2.0
PT0002000115673471CB,18,0.0,dia_util,18.0,23.5,3.54,-1.56,-1.56,normal,abaixo,baixa,2,histórico dia_util (poucos dados),2.0
PT0002000115673471CB,19,0.0,dia_util,16.0,18.5,2.12,-1.18,-1.18,normal,abaixo,baixa,2,histórico dia_util (poucos dados),2.0
PT0002000115673471CB,20,0.0,dia_util,17.0,19.5,1.95,-1.28,-1.28,normal,abaixo,baixa,2,histórico dia_util (poucos dados),2.0
PT0002000115673471CB,21,0.0,dia_util,24.0,23.5,2.35,0.21,0.21,normal,acima,baixa,2,histórico dia_util (poucos dados),2.0
PT0002000115673471CB,22,0.0,dia_util,22.0,27.0,5.66,-0.88,-0.88,normal,abaixo,baixa,2,histórico dia_util (poucos dados),2.0
PT0002000115673471CB,23,0.0,dia_util,28.0,28.0,5.66,0.0,0.0,normal,abaixo,baixa,2,histórico dia_util (poucos dados),2.0
PT0002000115700602GW,0,0.0,dia_util,8.0,8.5,0.85,-0.59,-0.59,normal,abaixo,baixa,2,histórico dia_util (poucos dados),2.0
PT0002000115700602GW,1,0.0,dia_util,9.0,9.0,0.9,0.0,0.0,normal,abaixo,baixa,2,histórico dia_util (poucos dados),2.0
PT0002000115700602GW,2,0.0,dia_util,8.0,8.5,0.85,-0.59,-0.59,normal,abaixo,baixa,2,histórico dia_util (poucos dados),2.0
PT0002000115700602GW,3,0.0,dia_util,9.0,9.0,0.9,0.0,0.0,normal,abaixo,baixa,2,histórico dia_util (poucos dados),2.0
PT0002000115700602GW,4,0.0,dia_util,8.0,8.5,0.85,-0.59,-0.59,normal,abaixo,baixa,2,histórico dia_util (poucos dados),2.0
PT0002000115700602GW,5,0.0,dia_util,9.0,12.5,1.25,-2.8,-2.8,desvio,abaixo,baixa,2,histórico dia_util (poucos dados),2.0
PT0002000115700602GW,6,0.0,dia_util,9.0,15.0,1.5,-4.0,-4.0,desvio,abaixo,baixa,2,histórico dia_util (poucos dados),2.0
PT0002000115700602GW,7,0.0,dia_util,15.0,48.0,4.8,-6.87,-6.87,desvio,abaixo,baixa,2,histórico dia_util (poucos dados),2.0
PT0002000115700602GW,8,0.0,dia_util,16.0,76.0,7.6,-7.89,-7.89,desvio,abaixo,baixa,2,histórico dia_util (poucos dados),2.0
PT0002000115700602GW,9,0.0,dia_util,12.0,89.0,8.9,-8.65,-8.65,desvio,abaixo,baixa,2,histórico dia_util (poucos dados),2.0
PT0002000115700602GW,10,0.0,dia_util,38.0,92.0,9.2,-5.87,-5.87,desvio,abaixo,baixa,2,histórico dia_util (poucos dados),2.0
PT0002000115700602GW,11,0.0,dia_util,33.0,83.0,8.3,-6.02,-6.02,desvio,abaixo,baixa,2,histórico dia_util (poucos dados),2.0
PT0002000115700602GW,12,0.0,dia_util,33.0,89.0,8.9,-6.29,-6.29,desvio,abaixo,baixa,2,histórico dia_util (poucos dados),2.0
PT0002000115700602GW,13,0.0,dia_util,44.0,66.5,6.65,-3.38,-3.38,desvio,abaixo,baixa,2,histórico dia_util (poucos dados),2.0
PT0002000115700602GW,14,0.0,dia_util,32.0,72.5,7.25,-5.59,-5.59,desvio,abaixo,baixa,2,histórico dia_util (poucos dados),2.0
PT0002000115700602GW,15,0.0,dia_util,24.0,63.0,6.3,-6.19,-6.19,desvio,abaixo,baixa,2,histórico dia_util (poucos dados),2.0
PT0002000115700602GW,16,0.0,dia_util,25.0,56.0,5.6,-5.54,-5.54,desvio,abaixo,baixa,2,histórico dia_util (poucos dados),2.0
PT0002000115700602GW,17,0.0,dia_util,23.0,39.0,3.9,-4.1,-4.1,desvio,abaixo,baixa,2,histórico dia_util (poucos dados),2.0
PT0002000115700602GW,18,0.0,dia_util,21.0,28.0,2.83,-2.47,-2.47,desvio,abaixo,baixa,2,histórico dia_util (poucos dados),2.0
PT0002000115700602GW,19,0.0,dia_util,9.0,15.0,1.5,-4.0,-4.0,desvio,abaixo,baixa,2,histórico dia_util (poucos dados),2.0
PT0002000115700602GW,20,0.0,dia_util,8.0,15.0,1.5,-4.67,-4.67,desvio,abaixo,baixa,2,histórico dia_util (poucos dados),2.0
PT0002000115700602GW,21,0.0,dia_util,9.0,15.0,1.5,-4.0,-4.0,desvio,abaixo,baixa,2,histórico dia_util (poucos dados),2.0
PT0002000115700602GW,22,0.0,dia_util,9.0,14.5,2.12,-2.59,-2.59,desvio,abaixo,baixa,2,histórico dia_util (poucos dados),2.0
PT0002000115700602GW,23,0.0,dia_util,10.0,14.5,2.12,-2.12,-2.12,desvio,abaixo,baixa,2,histórico dia_util (poucos dados),2.0
PT0002000116530964LH,0,,dia_util,83.0,76.0,7.6,0.92,0.92,normal,acima,baixa,2,histórico dia_util (poucos dados),2.0
PT0002000116530964LH,1,,dia_util,82.0,75.5,7.55,0.86,0.86,normal,acima,baixa,2,histórico dia_util (poucos dados),2.0
PT0002000116530964LH,2,,dia_util,81.0,75.0,7.5,0.8,0.8,normal,acima,baixa,2,histórico dia_util (poucos dados),2.0
PT0002000116530964LH,3,,dia_util,82.0,76.5,7.65,0.72,0.72,normal,acima,baixa,2,histórico dia_util (poucos dados),2.0
PT0002000116530964LH,4,,dia_util,84.0,75.5,7.55,1.13,1.13,normal,acima,baixa,2,histórico dia_util (poucos dados),2.0
PT0002000116530964LH,5,,dia_util,83.0,77.0,7.7,0.78,0.78,normal,acima,baixa,2,histórico dia_util (poucos dados),2.0
PT0002000116530964LH,6,,dia_util,83.0,75.5,7.55,0.99,0.99,normal,acima,baixa,2,histórico dia_util (poucos dados),2.0
PT0002000116530964LH,7,,dia_util,114.0,103.5,10.35,1.01,1.01,normal,acima,baixa,2,histórico dia_util (poucos dados),2.0
PT0002000116530964LH,8,,dia_util,150.0,138.0,13.8,0.87,0.87,normal,acima,baixa,2,histórico dia_util (poucos dados),2.0
PT0002000116530964LH,9,,dia_util,169.0,168.0,16.8,0.06,0.06,normal,acima,baixa,2,histórico dia_util (poucos dados),2.0
PT0002000116530964LH,10,,dia_util,181.0,181.0,18.38,0.0,0.0,normal,abaixo,baixa,2,histórico dia_util (poucos dados),2.0
PT0002000116530964LH,11,,dia_util,175.0,184.0,21.21,-0.42,-0.42,normal,abaixo,baixa,2,histórico dia_util (poucos dados),2.0
PT0002000116530964LH,12,,dia_util,174.0,173.5,27.58,0.02,0.02,normal,acima,baixa,2,histórico dia_util (poucos dados),2.0
PT0002000116530964LH,13,,dia_util,160.0,166.0,29.7,-0.2,-0.2,normal,abaixo,baixa,2,histórico dia_util (poucos dados),2.0
PT0002000116530964LH,14,,dia_util,165.0,178.0,21.21,-0.61,-0.61,normal,abaixo,baixa,2,histórico dia_util (poucos dados),2.0
PT0002000116530964LH,15,,dia_util,164.0,184.5,18.45,-1.11,-1.11,normal,abaixo,baixa,2,histórico dia_util (poucos dados),2.0
PT0002000116530964LH,16,,dia_util,157.0,166.0,18.38,-0.49,-0.49,normal,abaixo,baixa,2,histórico dia_util (poucos dados),2.0
PT0002000116530964LH,17,,dia_util,142.0,154.0,16.97,-0.71,-0.71,normal,abaixo,baixa,2,histórico dia_util (poucos dados),2.0
PT0002000116530964LH,18,,dia_util,136.0,142.0,18.38,-0.33,-0.33,normal,abaixo,baixa,2,histórico dia_util (poucos dados),2.0
PT0002000116530964LH,19,,dia_util,141.0,141.5,21.92,-0.02,-0.02,normal,abaixo,baixa,2,histórico dia_util (poucos dados),2.0
PT0002000116530964LH,20,,dia_util,135.0,126.0,28.28,0.32,0.32,normal,acima,baixa,2,histórico dia_util (poucos dados),2.0
PT0002000116530964LH,21,,dia_util,122.0,103.0,31.11,0.61,0.61,normal,acima,baixa,2,histórico dia_util (poucos dados),2.0
PT0002000116530964LH,22,,dia_util,121.0,94.5,28.99,0.91,0.91,normal,acima,baixa,2,histórico dia_util (poucos dados),2.0
PT0002000116530964LH,23,,dia_util,118.0,80.0,11.31,3.36,3.36,desvio,acima,baixa,2,histórico dia_util (poucos dados),2.0
PT0002000119303492KB,0,0.0,dia_util,6.0,5.5,0.71,0.71,0.71,normal,acima,baixa,2,histórico dia_util (poucos dados),2.0
PT0002000119303492KB,1,0.0,dia_util,6.0,6.5,0.71,-0.71,-0.71,normal,abaixo,baixa,2,histórico dia_util (poucos dados),2.0
PT0002000119303492KB,2,0.0,dia_util,6.0,5.5,0.71,0.71,0.71,normal,acima,baixa,2,histórico dia_util (poucos dados),2.0
PT0002000119303492KB,3,0.0,dia_util,5.0,6.0,1.41,-0.71,-0.71,normal,abaixo,baixa,2,histórico dia_util (poucos dados),2.0
PT0002000119303492KB,4,0.0,dia_util,7.0,5.5,0.71,2.12,2.12,desvio,acima,baixa,2,histórico dia_util (poucos dados),2.0
PT0002000119303492KB,5,0.0,dia_util,6.0,7.0,0.7,-1.43,-1.43,normal,abaixo,baixa,2,histórico dia_util (poucos dados),2.0
PT0002000119303492KB,6,0.0,dia_util,5.0,5.0,0.5,0.0,0.0,normal,abaixo,baixa,2,histórico dia_util (poucos dados),2.0
PT0002000119303492KB,7,0.0,dia_util,8.0,13.5,1.35,-4.07,-4.07,desvio,abaixo,baixa,2,histórico dia_util (poucos dados),2.0
PT0002000119303492KB,8,0.0,dia_util,7.0,17.5,2.12,-4.95,-4.95,desvio,abaixo,baixa,2,histórico dia_util (poucos dados),2.0
PT0002000119303492KB,9,0.0,dia_util,3.0,11.5,1.15,-7.39,-7.39,desvio,abaixo,baixa,2,histórico dia_util (poucos dados),2.0
PT0002000119303492KB,10,0.0,dia_util,16.0,25.5,2.55,-3.73,-3.73,desvio,abaixo,baixa,2,histórico dia_util (poucos dados),2.0
PT0002000119303492KB,11,0.0,dia_util,25.0,30.0,7.07,-0.71,-0.71,normal,abaixo,baixa,2,histórico dia_util (poucos dados),2.0
PT0002000119303492KB,12,0.0,dia_util,26.0,34.0,14.14,-0.57,-0.57,normal,abaixo,baixa,2,histórico dia_util (poucos dados),2.0
PT0002000119303492KB,13,0.0,dia_util,45.0,48.5,16.26,-0.22,-0.22,normal,abaixo,baixa,2,histórico dia_util (poucos dados),2.0
PT0002000119303492KB,14,0.0,dia_util,41.0,42.5,10.61,-0.14,-0.14,normal,abaixo,baixa,2,histórico dia_util (poucos dados),2.0
PT0002000119303492KB,15,0.0,dia_util,31.0,33.0,4.24,-0.47,-0.47,normal,abaixo,baixa,2,histórico dia_util (poucos dados),2.0
PT0002000119303492KB,16,0.0,dia_util,25.0,28.0,7.07,-0.42,-0.42,normal,abaixo,baixa,2,histórico dia_util (poucos dados),2.0
PT0002000119303492KB,17,0.0,dia_util,25.0,24.0,2.4,0.42,0.42,normal,acima,baixa,2,histórico dia_util (poucos dados),2.0
PT0002000119303492KB,18,0.0,dia_util,18.0,16.5,3.54,0.42,0.42,normal,acima,baixa,2,histórico dia_util (poucos dados),2.0
PT0002000119303492KB,19,0.0,dia_util,6.0,4.5,0.71,2.12,2.12,desvio,acima,baixa,2,histórico dia_util (poucos dados),2.0
PT0002000119303492KB,20,0.0,dia_util,4.0,5.5,0.71,-2.12,-2.12,desvio,abaixo,baixa,2,histórico dia_util (poucos dados),2.0
PT0002000119303492KB,21,0.0,dia_util,7.0,5.0,0.5,4.0,4.0,desvio,acima,baixa,2,histórico dia_util (poucos dados),2.0
PT0002000119303492KB,22,0.0,dia_util,5.0,6.0,0.6,-1.67,-1.67,normal,abaixo,baixa,2,histórico dia_util (poucos dados),2.0
PT0002000119303492KB,23,0.0,dia_util,6.0,6.0,0.6,0.0,0.0,normal,abaixo,baixa,2,histórico dia_util (poucos dados),2.0
PT0002000120237616VJ,0,0.0,dia_util,11.0,13.5,1.35,-1.85,-1.85,normal,abaixo,baixa,2,histórico dia_util (poucos dados),2.0
PT0002000120237616VJ,1,0.0,dia_util,11.0,13.5,1.35,-1.85,-1.85,normal,abaixo,baixa,2,histórico dia_util (poucos dados),2.0
PT0002000120237616VJ,2,0.0,dia_util,11.0,14.0,1.41,-2.12,-2.12,desvio,abaixo,baixa,2,histórico dia_util (poucos dados),2.0
PT0002000120237616VJ,3,0.0,dia_util,11.0,14.0,1.41,-2.12,-2.12,desvio,abaixo,baixa,2,histórico dia_util (poucos dados),2.0
PT0002000120237616VJ,4,0.0,dia_util,12.0,14.5,1.45,-1.72,-1.72,normal,abaixo,baixa,2,histórico dia_util (poucos dados),2.0
PT0002000120237616VJ,5,0.0,dia_util,11.0,12.5,1.25,-1.2,-1.2,normal,abaixo,baixa,2,histórico dia_util (poucos dados),2.0
PT0002000120237616VJ,6,0.0,dia_util,11.0,12.0,1.2,-0.83,-0.83,normal,abaixo,baixa,2,histórico dia_util (poucos dados),2.0
PT0002000120237616VJ,7,0.0,dia_util,33.0,34.5,3.45,-0.43,-0.43,normal,abaixo,baixa,2,histórico dia_util (poucos dados),2.0
PT0002000120237616VJ,8,0.0,dia_util,55.0,48.5,4.85,1.34,1.34,normal,acima,baixa,2,histórico dia_util (poucos dados),2.0
PT0002000120237616VJ,9,0.0,dia_util,49.0,56.5,5.65,-1.33,-1.33,normal,abaixo,baixa,2,histórico dia_util (poucos dados),2.0
PT0002000120237616VJ,10,0.0,dia_util,48.0,56.0,5.6,-1.43,-1.43,normal,abaixo,baixa,2,histórico dia_util (poucos dados),2.0
PT0002000120237616VJ,11,0.0,dia_util,56.0,65.5,6.55,-1.45,-1.45,normal,abaixo,baixa,2,histórico dia_util (poucos dados),2.0
PT0002000120237616VJ,12,0.0,dia_util,60.0,69.0,6.9,-1.3,-1.3,normal,abaixo,baixa,2,histórico dia_util (poucos dados),2.0
PT0002000120237616VJ,13,0.0,dia_util,56.0,62.5,6.25,-1.04,-1.04,normal,abaixo,baixa,2,histórico dia_util (poucos dados),2.0
PT0002000120237616VJ,14,0.0,dia_util,35.0,48.5,4.85,-2.78,-2.78,desvio,abaixo,baixa,2,histórico dia_util (poucos dados),2.0
PT0002000120237616VJ,15,0.0,dia_util,41.0,55.0,5.5,-2.55,-2.55,desvio,abaixo,baixa,2,histórico dia_util (poucos dados),2.0
PT0002000120237616VJ,16,0.0,dia_util,35.0,41.5,4.15,-1.57,-1.57,normal,abaixo,baixa,2,histórico dia_util (poucos dados),2.0
PT0002000120237616VJ,17,0.0,dia_util,31.0,38.0,3.8,-1.84,-1.84,normal,abaixo,baixa,2,histórico dia_util (poucos dados),2.0
PT0002000120237616VJ,18,0.0,dia_util,23.0,31.5,3.15,-2.7,-2.7,desvio,abaixo,baixa,2,histórico dia_util (poucos dados),2.0
PT0002000120237616VJ,19,0.0,dia_util,22.0,23.5,2.35,-0.64,-0.64,normal,abaixo,baixa,2,histórico dia_util (poucos dados),2.0
PT0002000120237616VJ,20,0.0,dia_util,20.0,21.0,2.1,-0.48,-0.48,normal,abaixo,baixa,2,histórico dia_util (poucos dados),2.0
PT0002000120237616VJ,21,0.0,dia_util,19.0,20.0,2.0,-0.5,-0.5,normal,abaixo,baixa,2,histórico dia_util (poucos dados),2.0
PT0002000120237616VJ,22,0.0,dia_util,18.0,18.0,1.8,0.0,0.0,normal,abaixo,baixa,2,histórico dia_util (poucos dados),2.0
PT0002000120237616VJ,23,0.0,dia_util,13.0,12.0,1.2,0.83,0.83,normal,acima,baixa,2,histórico dia_util (poucos dados),2.0
PT0002000123648159KR,0,0.0,dia_util,7.0,12.5,2.12,-2.59,-2.59,desvio,abaixo,baixa,2,histórico dia_util (poucos dados),2.0
PT0002000123648159KR,1,0.0,dia_util,7.0,10.0,1.41,-2.12,-2.12,desvio,abaixo,baixa,2,histórico dia_util (poucos dados),2.0
PT0002000123648159KR,2,0.0,dia_util,6.0,10.0,4.24,-0.94,-0.94,normal,abaixo,baixa,2,histórico dia_util (poucos dados),2.0
PT0002000123648159KR,3,0.0,dia_util,5.0,9.5,3.54,-1.27,-1.27,normal,abaixo,baixa,2,histórico dia_util (poucos dados),2.0
PT0002000123648159KR,4,0.0,dia_util,5.0,8.5,2.12,-1.65,-1.65,normal,abaixo,baixa,2,histórico dia_util (poucos dados),2.0
PT0002000123648159KR,5,0.0,dia_util,5.0,9.0,1.41,-2.83,-2.83,desvio,abaixo,baixa,2,histórico dia_util (poucos dados),2.0
PT0002000123648159KR,6,0.0,dia_util,7.0,8.0,2.83,-0.35,-0.35,normal,abaixo,baixa,2,histórico dia_util (poucos dados),2.0
PT0002000123648159KR,7,0.0,dia_util,27.0,28.5,6.36,-0.24,-0.24,normal,abaixo,baixa,2,histórico dia_util (poucos dados),2.0
PT0002000123648159KR,8,0.0,dia_util,32.0,25.0,7.07,0.99,0.99,normal,acima,baixa,2,histórico dia_util (poucos dados),2.0
PT0002000123648159KR,9,0.0,dia_util,41.0,29.5,6.36,1.81,1.81,normal,acima,baixa,2,histórico dia_util (poucos dados),2.0
PT0002000123648159KR,10,0.0,dia_util,33.0,28.5,4.95,0.91,0.91,normal,acima,baixa,2,histórico dia_util (poucos dados),2.0
PT0002000123648159KR,11,0.0,dia_util,43.0,33.5,9.19,1.03,1.03,normal,acima,baixa,2,histórico dia_util (poucos dados),2.0
PT0002000123648159KR,12,0.0,dia_util,38.0,42.5,4.25,-1.06,-1.06,normal,abaixo,baixa,2,histórico dia_util (poucos dados),2.0
PT0002000123648159KR,13,0.0,dia_util,21.0,23.5,2.35,-1.06,-1.06,normal,abaixo,baixa,2,histórico dia_util (poucos dados),2.0
PT0002000123648159KR,14,0.0,dia_util,19.0,19.0,1.9,0.0,0.0,normal,abaixo,baixa,2,histórico dia_util (poucos dados),2.0
PT0002000123648159KR,15,0.0,dia_util,23.0,21.5,2.15,0.7,0.7,normal,acima,baixa,2,histórico dia_util (poucos dados),2.0
PT0002000123648159KR,16,0.0,dia_util,17.0,19.0,2.83,-0.71,-0.71,normal,abaixo,baixa,2,histórico dia_util (poucos dados),2.0
PT0002000123648159KR,17,0.0,dia_util,10.0,16.0,1.6,-3.75,-3.75,desvio,abaixo,baixa,2,histórico dia_util (poucos dados),2.0
PT0002000123648159KR,18,0.0,dia_util,13.0,9.5,0.95,3.68,3.68,desvio,acima,baixa,2,histórico dia_util (poucos dados),2.0
PT0002000123648159KR,19,0.0,dia_util,8.0,7.0,0.7,1.43,1.43,normal,acima,baixa,2,histórico dia_util (poucos dados),2.0
PT0002000123648159KR,20,0.0,dia_util,5.0,5.5,2.12,-0.24,-0.24,normal,abaixo,baixa,2,histórico dia_util (poucos dados),2.0
PT0002000123648159KR,21,0.0,dia_util,4.0,6.5,0.71,-3.54,-3.54,desvio,abaixo,baixa,2,histórico dia_util (poucos dados),2.0
PT0002000123648159KR,22,0.0,dia_util,4.0,6.5,0.71,-3.54,-3.54,desvio,abaixo,baixa,2,histórico dia_util (poucos dados),2.0
PT0002000123648159KR,23,0.0,dia_util,6.0,9.5,0.95,-3.68,-3.68,desvio,abaixo,baixa,2,histórico dia_util (poucos dados),2.0
PT0002000125379984SH,0,1.0,dia_util,4.0,5.5,4.95,-0.3,-0.3,normal,abaixo,baixa,2,histórico dia_util (poucos dados),2.0
PT0002000125379984SH,1,1.0,dia_util,5.0,6.5,4.95,-0.3,-0.3,normal,abaixo,baixa,2,histórico dia_util (poucos dados),2.0
PT0002000125379984SH,2,1.0,dia_util,2.0,6.0,4.24,-0.94,-0.94,normal,abaixo,baixa,2,histórico dia_util (poucos dados),2.0
PT0002000125379984SH,3,1.0,dia_util,2.0,5.0,4.24,-0.71,-0.71,normal,abaixo,baixa,2,histórico dia_util (poucos dados),2.0
PT0002000125379984SH,4,1.0,dia_util,2.0,5.5,4.95,-0.71,-0.71,normal,abaixo,baixa,2,histórico dia_util (poucos dados),2.0
PT0002000125379984SH,5,1.0,dia_util,3.0,5.0,4.24,-0.47,-0.47,normal,abaixo,baixa,2,histórico dia_util (poucos dados),2.0
PT0002000125379984SH,6,1.0,dia_util,4.0,5.5,4.95,-0.3,-0.3,normal,abaixo,baixa,2,histórico dia_util (poucos dados),2.0
PT0002000125379984SH,7,1.0,dia_util,10.0,5.5,3.54,1.27,1.27,normal,acima,baixa,2,histórico dia_util (poucos dados),2.0
PT0002000125379984SH,8,1.0,dia_util,24.0,13.0,2.83,3.89,3.89,desvio,acima,baixa,2,histórico dia_util (poucos dados),2.0
PT0002000125379984SH,9,1.0,dia_util,24.0,19.5,1.95,2.31,2.31,desvio,acima,baixa,2,histórico dia_util (poucos dados),2.0
PT0002000125379984SH,10,1.0,dia_util,22.0,20.0,2.0,1.0,1.0,normal,acima,baixa,2,histórico dia_util (poucos dados),2.0
PT0002000125379984SH,11,1.0,dia_util,21.0,12.5,2.12,4.01,4.01,desvio,acima,baixa,2,histórico dia_util (poucos dados),2.0
PT0002000125379984SH,12,1.0,dia_util,22.0,2.5,0.71,10.0,27.58,desvio,acima,baixa,2,histórico dia_util (poucos dados),2.0
PT0002000125379984SH,13,1.0,dia_util,11.0,1.5,0.71,10.0,13.44,desvio,acima,baixa,2,histórico dia_util (poucos dados),2.0
PT0002000125379984SH,14,1.0,dia_util,8.0,2.0,0.3,10.0,20.0,desvio,acima,baixa,2,histórico dia_util (poucos dados),2.0
PT0002000125379984SH,15,1.0,dia_util,8.0,2.0,0.3,10.0,20.0,desvio,acima,baixa,2,histórico dia_util (poucos dados),2.0
PT0002000125379984SH,16,1.0,dia_util,8.0,7.0,1.41,0.71,0.71,normal,acima,baixa,2,histórico dia_util (poucos dados),2.0
PT0002000125379984SH,17,1.0,dia_util,11.0,12.5,1.25,-1.2,-1.2,normal,abaixo,baixa,2,histórico dia_util (poucos dados),2.0
PT0002000125379984SH,18,1.0,dia_util,17.0,10.5,1.05,6.19,6.19,desvio,acima,baixa,2,histórico dia_util (poucos dados),2.0
PT0002000125379984SH,19,1.0,dia_util,26.0,11.0,1.1,10.0,13.64,desvio,acima,baixa,2,histórico dia_util (poucos dados),2.0
PT0002000125379984SH,20,1.0,dia_util,32.0,11.5,6.36,3.22,3.22,desvio,acima,baixa,2,histórico dia_util (poucos dados),2.0
PT0002000125379984SH,21,1.0,dia_util,30.0,7.5,6.36,3.54,3.54,desvio,acima,baixa,2,histórico dia_util (poucos dados),2.0
PT0002000125379984SH,22,1.0,dia_util,28.0,4.0,1.41,10.0,16.97,desvio,acima,baixa,2,histórico dia_util (poucos dados),2.0
PT0002000125379984SH,23,1.0,dia_util,23.0,4.0,0.4,10.0,47.5,desvio,acima,baixa,2,histórico dia_util (poucos dados),2.0
PT0002000125701614SQ,0,,dia_util,16.0,14.0,1.4,1.43,1.43,normal,acima,baixa,2,histórico dia_util (poucos dados),2.0
PT0002000125701614SQ,1,,dia_util,22.0,15.0,1.5,4.67,4.67,desvio,acima,baixa,2,histórico dia_util (poucos dados),2.0
PT0002000125701614SQ,2,,dia_util,20.0,14.5,1.45,3.79,3.79,desvio,acima,baixa,2,histórico dia_util (poucos dados),2.0
PT0002000125701614SQ,3,,dia_util,22.0,14.0,1.4,5.71,5.71,desvio,acima,baixa,2,histórico dia_util (poucos dados),2.0
PT0002000125701614SQ,4,,dia_util,20.0,15.0,1.5,3.33,3.33,desvio,acima,baixa,2,histórico dia_util (poucos dados),2.0
PT0002000125701614SQ,5,,dia_util,21.0,14.0,1.4,5.0,5.0,desvio,acima,baixa,2,histórico dia_util (poucos dados),2.0
PT0002000125701614SQ,6,,dia_util,21.0,14.0,1.4,5.0,5.0,desvio,acima,baixa,2,histórico dia_util (poucos dados),2.0
PT0002000125701614SQ,7,,dia_util,22.0,15.0,1.5,4.67,4.67,desvio,acima,baixa,2,histórico dia_util (poucos dados),2.0
PT0002000125701614SQ,8,,dia_util,26.0,22.0,5.66,0.71,0.71,normal,acima,baixa,2,histórico dia_util (poucos dados),2.0
PT0002000125701614SQ,9,,dia_util,27.0,36.5,24.75,-0.38,-0.38,normal,abaixo,baixa,2,histórico dia_util (poucos dados),2.0
PT0002000125701614SQ,10,,dia_util,29.0,30.0,14.14,-0.07,-0.07,normal,abaixo,baixa,2,histórico dia_util (poucos dados),2.0
PT0002000125701614SQ,11,,dia_util,28.0,20.0,2.0,4.0,4.0,desvio,acima,baixa,2,histórico dia_util (poucos dados),2.0
PT0002000125701614SQ,12,,dia_util,26.0,20.0,2.0,3.0,3.0,desvio,acima,baixa,2,histórico dia_util (poucos dados),2.0
PT0002000125701614SQ,13,,dia_util,24.0,20.0,2.0,2.0,2.0,normal,acima,baixa,2,histórico dia_util (poucos dados),2.0
PT0002000125701614SQ,14,,dia_util,24.0,45.5,38.89,-0.55,-0.55,normal,abaixo,baixa,2,histórico dia_util (poucos dados),2.0
PT0002000125701614SQ,15,,dia_util,26.0,62.5,60.1,-0.61,-0.61,normal,abaixo,baixa,2,histórico dia_util (poucos dados),2.0
PT0002000125701614SQ,16,,dia_util,38.0,45.0,35.36,-0.2,-0.2,normal,abaixo,baixa,2,histórico dia_util (poucos dados),2.0
PT0002000125701614SQ,17,,dia_util,32.0,21.5,2.15,4.88,4.88,desvio,acima,baixa,2,histórico dia_util (poucos dados),2.0
PT0002000125701614SQ,18,,dia_util,37.0,20.5,2.05,8.05,8.05,desvio,acima,baixa,2,histórico dia_util (poucos dados),2.0
PT0002000125701614SQ,19,,dia_util,43.0,23.0,2.3,8.7,8.7,desvio,acima,baixa,2,histórico dia_util (poucos dados),2.0
PT0002000125701614SQ,20,,dia_util,98.0,22.5,2.25,10.0,33.56,desvio,acima,baixa,2,histórico dia_util (poucos dados),2.0
PT0002000125701614SQ,21,,dia_util,218.0,20.0,2.0,10.0,99.0,desvio,acima,baixa,2,histórico dia_util (poucos dados),2.0
PT0002000125701614SQ,22,,dia_util,205.0,18.0,1.8,10.0,103.89,desvio,acima,baixa,2,histórico dia_util (poucos dados),2.0
PT0002000125701614SQ,23,,dia_util,126.0,15.0,1.5,10.0,74.0,desvio,acima,baixa,2,histórico dia_util (poucos dados),2.0
PT0002000201038711LS,0,,dia_util,16.0,0.0,0.3,10.0,53.33,desvio,acima,baixa,2,histórico dia_util (poucos dados),2.0
PT0002000201038711LS,1,,dia_util,0.0,0.0,0.3,0.0,0.0,normal,abaixo,baixa,2,histórico dia_util (poucos dados),2.0
PT0002000201038711LS,2,,dia_util,0.0,0.5,0.71,-0.71,-0.71,normal,abaixo,baixa,2,histórico dia_util (poucos dados),2.0
PT0002000201038711LS,3,,dia_util,0.0,0.5,0.71,-0.71,-0.71,normal,abaixo,baixa,2,histórico dia_util (poucos dados),2.0
PT0002000201038711LS,4,,dia_util,0.0,0.0,0.3,0.0,0.0,normal,abaixo,baixa,2,histórico dia_util (poucos dados),2.0
PT0002000201038711LS,5,,dia_util,1.0,0.0,0.3,3.33,3.33,desvio,acima,baixa,2,histórico dia_util (poucos dados),2.0
PT0002000201038711LS,6,,dia_util,0.0,8.5,6.36,-1.34,-1.34,normal,abaixo,baixa,2,histórico dia_util (poucos dados),2.0
PT0002000201038711LS,7,,dia_util,2.0,19.0,15.56,-1.09,-1.09,normal,abaixo,baixa,2,histórico dia_util (poucos dados),2.0
PT0002000201038711LS,8,,dia_util,0.0,14.0,11.31,-1.24,-1.24,normal,abaixo,baixa,2,histórico dia_util (poucos dados),2.0
PT0002000201038711LS,9,,dia_util,0.0,15.5,14.85,-1.04,-1.04,normal,abaixo,baixa,2,histórico dia_util (poucos dados),2.0
PT0002000201038711LS,10,,dia_util,1.0,12.5,14.85,-0.77,-0.77,normal,abaixo,baixa,2,histórico dia_util (poucos dados),2.0
PT0002000201038711LS,11,,dia_util,11.0,3.0,0.3,10.0,26.67,desvio,acima,baixa,2,histórico dia_util (poucos dados),2.0
PT0002000201038711LS,12,,dia_util,35.0,4.0,5.66,5.48,5.48,desvio,acima,baixa,2,histórico dia_util (poucos dados),2.0
PT0002000201038711LS,13,,dia_util,39.0,14.5,17.68,1.39,1.39,normal,acima,baixa,2,histórico dia_util (poucos dados),2.0
PT0002000201038711LS,14,,dia_util,5.0,21.0,8.49,-1.89,-1.89,normal,abaixo,baixa,2,histórico dia_util (poucos dados),2.0
PT0002000201038711LS,15,,dia_util,47.0,34.0,15.56,0.84,0.84,normal,acima,baixa,2,histórico dia_util (poucos dados),2.0
PT0002000201038711LS,16,,dia_util,79.0,53.0,14.14,1.84,1.84,normal,acima,baixa,2,histórico dia_util (poucos dados),2.0
PT0002000201038711LS,17,,dia_util,52.0,69.5,6.95,-2.52,-2.52,desvio,abaixo,baixa,2,histórico dia_util (poucos dados),2.0
PT0002000201038711LS,18,,dia_util,19.0,63.5,6.35,-7.01,-7.01,desvio,abaixo,baixa,2,histórico dia_util (poucos dados),2.0
PT0002000201038711LS,19,,dia_util,27.0,61.0,11.31,-3.01,-3.01,desvio,abaixo,baixa,2,histórico dia_util (poucos dados),2.0
PT0002000201038711LS,20,,dia_util,45.0,69.5,19.09,-1.28,-1.28,normal,abaixo,baixa,2,histórico dia_util (poucos dados),2.0
PT0002000201038711LS,21,,dia_util,27.0,57.0,15.56,-1.93,-1.93,normal,abaixo,baixa,2,histórico dia_util (poucos dados),2.0
PT0002000201038711LS,22,,dia_util,0.0,43.5,4.35,-10.0,-10.0,desvio,abaixo,baixa,2,histórico dia_util (poucos dados),2.0
PT0002000201038711LS,23,,dia_util,0.0,26.5,6.36,-4.16,-4.16,desvio,abaixo,baixa,2,histórico dia_util (poucos dados),2.0
PT0002000201936109ME,0,0.0,dia_util,0.0,0.0,0.3,0.0,0.0,normal,abaixo,baixa,2,histórico dia_util (poucos dados),2.0
PT0002000201936109ME,1,0.0,dia_util,0.0,0.5,0.71,-0.71,-0.71,normal,abaixo,baixa,2,histórico dia_util (poucos dados),2.0
PT0002000201936109ME,2,0.0,dia_util,0.0,0.0,0.3,0.0,0.0,normal,abaixo,baixa,2,histórico dia_util (poucos dados),2.0
PT0002000201936109ME,3,0.0,dia_util,0.0,0.0,0.3,0.0,0.0,normal,abaixo,baixa,2,histórico dia_util (poucos dados),2.0
PT0002000201936109ME,4,0.0,dia_util,0.0,0.0,0.3,0.0,0.0,normal,abaixo,baixa,2,histórico dia_util (poucos dados),2.0
PT0002000201936109ME,5,0.0,dia_util,0.0,0.0,0.3,0.0,0.0,normal,abaixo,baixa,2,histórico dia_util (poucos dados),2.0
PT0002000201936109ME,6,0.0,dia_util,0.0,0.0,0.3,0.0,0.0,normal,abaixo,baixa,2,histórico dia_util (poucos dados),2.0
PT0002000201936109ME,7,0.0,dia_util,0.0,0.0,0.3,0.0,0.0,normal,abaixo,baixa,2,histórico dia_util (poucos dados),2.0
PT0002000201936109ME,8,0.0,dia_util,0.0,0.0,0.3,0.0,0.0,normal,abaixo,baixa,2,histórico dia_util (poucos dados),2.0
PT0002000201936109ME,9,0.0,dia_util,0.0,0.0,0.3,0.0,0.0,normal,abaixo,baixa,2,histórico dia_util (poucos dados),2.0
PT0002000201936109ME,10,0.0,dia_util,0.0,0.0,0.3,0.0,0.0,normal,abaixo,baixa,2,histórico dia_util (poucos dados),2.0
PT0002000201936109ME,11,0.0,dia_util,0.0,0.0,0.3,0.0,0.0,normal,abaixo,baixa,2,histórico dia_util (poucos dados),2.0
PT0002000201936109ME,12,0.0,dia_util,0.0,0.0,0.3,0.0,0.0,normal,abaixo,baixa,2,histórico dia_util (poucos dados),2.0
PT0002000201936109ME,13,0.0,dia_util,0.0,0.5,0.71,-0.71,-0.71,normal,abaixo,baixa,2,histórico dia_util (poucos dados),2.0
PT0002000201936109ME,14,0.0,dia_util,0.0,0.5,0.71,-0.71,-0.71,normal,abaixo,baixa,2,histórico dia_util (poucos dados),2.0
PT0002000201936109ME,15,0.0,dia_util,0.0,1.0,1.41,-0.71,-0.71,normal,abaixo,baixa,2,histórico dia_util (poucos dados),2.0
PT0002000201936109ME,16,0.0,dia_util,0.0,3.0,4.24,-0.71,-0.71,normal,abaixo,baixa,2,histórico dia_util (poucos dados),2.0
PT0002000201936109ME,17,0.0,dia_util,0.0,2.5,3.54,-0.71,-0.71,normal,abaixo,baixa,2,histórico dia_util (poucos dados),2.0
PT0002000201936109ME,18,0.0,dia_util,0.0,1.5,2.12,-0.71,-0.71,normal,abaixo,baixa,2,histórico dia_util (poucos dados),2.0
PT0002000201936109ME,19,0.0,dia_util,0.0,0.0,0.3,0.0,0.0,normal,abaixo,baixa,2,histórico dia_util (poucos dados),2.0
PT0002000201936109ME,20,0.0,dia_util,0.0,0.0,0.3,0.0,0.0,normal,abaixo,baixa,2,histórico dia_util (poucos dados),2.0
PT0002000201936109ME,21,0.0,dia_util,0.0,0.0,0.3,0.0,0.0,normal,abaixo,baixa,2,histórico dia_util (poucos dados),2.0
PT0002000201936109ME,22,0.0,dia_util,0.0,0.0,0.3,0.0,0.0,normal,abaixo,baixa,2,histórico dia_util (poucos dados),2.0
PT0002000201936109ME,23,0.0,dia_util,0.0,0.0,0.3,0.0,0.0,normal,abaixo,baixa,2,histórico dia_util (poucos dados),2.0
PT0002000203419117SJ,0,,dia_util,0.0,0.0,0.3,0.0,0.0,normal,abaixo,baixa,2,histórico dia_util (poucos dados),2.0
PT0002000203419117SJ,1,,dia_util,0.0,0.0,0.3,0.0,0.0,normal,abaixo,baixa,2,histórico dia_util (poucos dados),2.0
PT0002000203419117SJ,2,,dia_util,0.0,0.0,0.3,0.0,0.0,normal,abaixo,baixa,2,histórico dia_util (poucos dados),2.0
PT0002000203419117SJ,3,,dia_util,0.0,0.0,0.3,0.0,0.0,normal,abaixo,baixa,2,histórico dia_util (poucos dados),2.0
PT0002000203419117SJ,4,,dia_util,0.0,0.0,0.3,0.0,0.0,normal,abaixo,baixa,2,histórico dia_util (poucos dados),2.0
PT0002000203419117SJ,5,,dia_util,0.0,0.0,0.3,0.0,0.0,normal,abaixo,baixa,2,histórico dia_util (poucos dados),2.0
PT0002000203419117SJ,6,,dia_util,0.0,0.0,0.3,0.0,0.0,normal,abaixo,baixa,2,histórico dia_util (poucos dados),2.0
PT0002000203419117SJ,7,,dia_util,0.0,0.0,0.3,0.0,0.0,normal,abaixo,baixa,2,histórico dia_util (poucos dados),2.0
PT0002000203419117SJ,8,,dia_util,0.0,0.0,0.3,0.0,0.0,normal,abaixo,baixa,2,histórico dia_util (poucos dados),2.0
PT0002000203419117SJ,9,,dia_util,0.0,0.0,0.3,0.0,0.0,normal,abaixo,baixa,2,histórico dia_util (poucos dados),2.0
PT0002000203419117SJ,10,,dia_util,0.0,0.0,0.3,0.0,0.0,normal,abaixo,baixa,2,histórico dia_util (poucos dados),2.0
PT0002000203419117SJ,11,,dia_util,0.0,0.0,0.3,0.0,0.0,normal,abaixo,baixa,2,histórico dia_util (poucos dados),2.0
PT0002000203419117SJ,12,,dia_util,0.0,0.0,0.3,0.0,0.0,normal,abaixo,baixa,2,histórico dia_util (poucos dados),2.0
PT0002000203419117SJ,13,,dia_util,0.0,0.0,0.3,0.0,0.0,normal,abaixo,baixa,2,histórico dia_util (poucos dados),2.0
PT0002000203419117SJ,14,,dia_util,0.0,0.0,0.3,0.0,0.0,normal,abaixo,baixa,2,histórico dia_util (poucos dados),2.0
PT0002000203419117SJ,15,,dia_util,0.0,0.0,0.3,0.0,0.0,normal,abaixo,baixa,2,histórico dia_util (poucos dados),2.0
PT0002000203419117SJ,16,,dia_util,0.0,0.0,0.3,0.0,0.0,normal,abaixo,baixa,2,histórico dia_util (poucos dados),2.0
PT0002000203419117SJ,17,,dia_util,0.0,0.0,0.3,0.0,0.0,normal,abaixo,baixa,2,histórico dia_util (poucos dados),2.0
PT0002000203419117SJ,18,,dia_util,0.0,0.0,0.3,0.0,0.0,normal,abaixo,baixa,2,histórico dia_util (poucos dados),2.0
PT0002000203419117SJ,19,,dia_util,0.0,0.0,0.3,0.0,0.0,normal,abaixo,baixa,2,histórico dia_util (poucos dados),2.0
PT0002000203419117SJ,20,,dia_util,0.0,0.0,0.3,0.0,0.0,normal,abaixo,baixa,2,histórico dia_util (poucos dados),2.0
PT0002000203419117SJ,21,,dia_util,0.0,0.0,0.3,0.0,0.0,normal,abaixo,baixa,2,histórico dia_util (poucos dados),2.0
PT0002000203419117SJ,22,,dia_util,0.0,0.0,0.3,0.0,0.0,normal,abaixo,baixa,2,histórico dia_util (poucos dados),2.0
PT0002000203419117SJ,23,,dia_util,0.0,0.0,0.3,0.0,0.0,normal,abaixo,baixa,2,histórico dia_util (poucos dados),2.0
PT0002000203886452WB,0,,dia_util,4.0,4.0,0.4,0.0,0.0,normal,abaixo,baixa,2,histórico dia_util (poucos dados),2.0
PT0002000203886452WB,1,,dia_util,4.0,4.0,0.4,0.0,0.0,normal,abaixo,baixa,2,histórico dia_util (poucos dados),2.0
PT0002000203886452WB,2,,dia_util,4.0,6.0,2.83,-0.71,-0.71,normal,abaixo,baixa,2,histórico dia_util (poucos dados),2.0
PT0002000203886452WB,3,,dia_util,4.0,6.0,2.83,-0.71,-0.71,normal,abaixo,baixa,2,histórico dia_util (poucos dados),2.0
PT0002000203886452WB,4,,dia_util,0.0,4.0,0.4,-10.0,-10.0,desvio,abaixo,baixa,2,histórico dia_util (poucos dados),2.0
PT0002000203886452WB,5,,dia_util,0.0,4.0,0.4,-10.0,-10.0,desvio,abaixo,baixa,2,histórico dia_util (poucos dados),2.0
PT0002000203886452WB,6,,dia_util,0.0,4.0,0.4,-10.0,-10.0,desvio,abaixo,baixa,2,histórico dia_util (poucos dados),2.0
PT0002000203886452WB,7,,dia_util,0.0,8.0,0.8,-10.0,-10.0,desvio,abaixo,baixa,2,histórico dia_util (poucos dados),2.0
PT0002000203886452WB,8,,dia_util,0.0,4.0,0.4,-10.0,-10.0,desvio,abaixo,baixa,2,histórico dia_util (poucos dados),2.0
PT0002000203886452WB,9,,dia_util,0.0,4.0,0.4,-10.0,-10.0,desvio,abaixo,baixa,2,histórico dia_util (poucos dados),2.0
PT0002000203886452WB,10,,dia_util,0.0,4.0,0.4,-10.0,-10.0,desvio,abaixo,baixa,2,histórico dia_util (poucos dados),2.0
PT0002000203886452WB,11,,dia_util,0.0,4.0,0.4,-10.0,-10.0,desvio,abaixo,baixa,2,histórico dia_util (poucos dados),2.0
PT0002000203886452WB,12,,dia_util,0.0,8.0,0.8,-10.0,-10.0,desvio,abaixo,baixa,2,histórico dia_util (poucos dados),2.0
PT0002000203886452WB,13,,dia_util,0.0,4.0,0.4,-10.0,-10.0,desvio,abaixo,baixa,2,histórico dia_util (poucos dados),2.0
PT0002000203886452WB,14,,dia_util,0.0,4.0,0.4,-10.0,-10.0,desvio,abaixo,baixa,2,histórico dia_util (poucos dados),2.0
PT0002000203886452WB,15,,dia_util,0.0,4.0,0.4,-10.0,-10.0,desvio,abaixo,baixa,2,histórico dia_util (poucos dados),2.0
PT0002000203886452WB,16,,dia_util,0.0,6.0,2.83,-2.12,-2.12,desvio,abaixo,baixa,2,histórico dia_util (poucos dados),2.0
PT0002000203886452WB,17,,dia_util,0.0,6.0,2.83,-2.12,-2.12,desvio,abaixo,baixa,2,histórico dia_util (poucos dados),2.0
PT0002000203886452WB,18,,dia_util,0.0,4.0,0.4,-10.0,-10.0,desvio,abaixo,baixa,2,histórico dia_util (poucos dados),2.0
PT0002000203886452WB,19,,dia_util,0.0,4.0,0.4,-10.0,-10.0,desvio,abaixo,baixa,2,histórico dia_util (poucos dados),2.0
PT0002000203886452WB,20,,dia_util,4.0,2.0,2.83,0.71,0.71,normal,acima,baixa,2,histórico dia_util (poucos dados),2.0
PT0002000203886452WB,21,,dia_util,4.0,6.0,2.83,-0.71,-0.71,normal,abaixo,baixa,2,histórico dia_util (poucos dados),2.0
PT0002000203886452WB,22,,dia_util,4.0,4.0,0.4,0.0,0.0,normal,abaixo,baixa,2,histórico dia_util (poucos dados),2.0
PT0002000203886452WB,23,,dia_util,4.0,6.0,2.83,-0.71,-0.71,normal,abaixo,baixa,2,histórico dia_util (poucos dados),2.0
