CPE,hora,cluster,tipo_dia,consumo_real,consumo_habitual,std,z_score,z_real,veredicto,direcao,confianca,n_dias_tipo,fonte_baseline,threshold
PT0002000033074862LZ,0,0.0,fim_semana,12.0,12.5,1.25,-0.4,-0.4,normal,abaixo,baixa,2,fallback (60d recentes),2.5
PT0002000033074862LZ,1,0.0,fim_semana,12.0,12.5,1.25,-0.4,-0.4,normal,abaixo,baixa,2,fallback (60d recentes),2.5
PT0002000033074862LZ,2,0.0,fim_semana,12.0,12.5,1.25,-0.4,-0.4,normal,abaixo,baixa,2,fallback (60d recentes),2.5
PT0002000033074862LZ,3,0.0,fim_semana,12.0,13.0,1.3,-0.77,-0.77,normal,abaixo,baixa,2,fallback (60d recentes),2.5
PT0002000033074862LZ,4,0.0,fim_semana,12.0,12.5,1.25,-0.4,-0.4,normal,abaixo,baixa,2,fallback (60d recentes),2.5
PT0002000033074862LZ,5,0.0,fim_semana,13.0,12.5,1.25,0.4,0.4,normal,acima,baixa,2,fallback (60d recentes),2.5
PT0002000033074862LZ,6,0.0,fim_semana,12.0,13.0,1.3,-0.77,-0.77,normal,abaixo,baixa,2,fallback (60d recentes),2.5
PT0002000033074862LZ,7,0.0,fim_semana,13.0,19.5,10.61,-0.61,-0.61,normal,abaixo,baixa,2,fallback (60d recentes),2.5
PT0002000033074862LZ,8,0.0,fim_semana,11.0,29.5,26.16,-0.71,-0.71,normal,abaixo,baixa,2,fallback (60d recentes),2.5
PT0002000033074862LZ,9,0.0,fim_semana,10.0,32.0,31.11,-0.71,-0.71,normal,abaixo,baixa,2,fallback (60d recentes),2.5
PT0002000033074862LZ,10,0.0,fim_semana,10.0,29.5,26.16,-0.75,-0.75,normal,abaixo,baixa,2,fallback (60d recentes),2.5
PT0002000033074862LZ,11,0.0,fim_semana,10.0,27.0,24.04,-0.71,-0.71,normal,abaixo,baixa,2,fallback (60d recentes),2.5
PT0002000033074862LZ,12,0.0,fim_semana,10.0,32.5,31.82,-0.71,-0.71,normal,abaixo,baixa,2,fallback (60d recentes),2.5
PT0002000033074862LZ,13,0.0,fim_semana,10.0,24.0,19.8,-0.71,-0.71,normal,abaixo,baixa,2,fallback (60d recentes),2.5
PT0002000033074862LZ,14,0.0,fim_semana,10.0,20.0,14.14,-0.71,-0.71,normal,abaixo,baixa,2,fallback (60d recentes),2.5
PT0002000033074862LZ,15,0.0,fim_semana,11.0,17.5,10.61,-0.61,-0.61,normal,abaixo,baixa,2,fallback (60d recentes),2.5
PT0002000033074862LZ,16,0.0,fim_semana,10.0,18.0,9.9,-0.81,-0.81,normal,abaixo,baixa,2,fallback (60d recentes),2.5
PT0002000033074862LZ,17,0.0,fim_semana,12.0,21.5,13.44,-0.71,-0.71,normal,abaixo,baixa,2,fallback (60d recentes),2.5
PT0002000033074862LZ,18,0.0,fim_semana,13.0,16.5,4.95,-0.71,-0.71,normal,abaixo,baixa,2,fallback (60d recentes),2.5
PT0002000033074862LZ,19,0.0,fim_semana,13.0,13.5,1.35,-0.37,-0.37,normal,abaixo,baixa,2,fallback (60d recentes),2.5
PT0002000033074862LZ,20,0.0,fim_semana,12.0,13.0,1.3,-0.77,-0.77,normal,abaixo,baixa,2,fallback (60d recentes),2.5
PT0002000033074862LZ,21,0.0,fim_semana,13.0,12.0,1.2,0.83,0.83,normal,acima,baixa,3,fallback (60d recentes),2.5
PT0002000033074862LZ,22,0.0,fim_semana,12.0,12.33,1.23,-0.27,-0.27,normal,abaixo,baixa,3,fallback (60d recentes),2.5
PT0002000033074862LZ,23,0.0,fim_semana,11.0,12.67,1.27,-1.32,-1.32,normal,abaixo,baixa,3,fallback (60d recentes),2.5
PT0002000068855003AK,0,,fim_semana,27.0,24.0,7.07,0.42,0.42,normal,acima,baixa,2,fallback (60d recentes),2.5
PT0002000068855003AK,1,,fim_semana,26.0,23.5,9.19,0.27,0.27,normal,acima,baixa,2,fallback (60d recentes),2.5
PT0002000068855003AK,2,,fim_semana,25.0,22.5,7.78,0.32,0.32,normal,acima,baixa,2,fallback (60d recentes),2.5
PT0002000068855003AK,3,,fim_semana,25.0,20.5,2.12,2.12,2.12,normal,acima,baixa,2,fallback (60d recentes),2.5
PT0002000068855003AK,4,,fim_semana,24.0,21.0,2.1,1.43,1.43,normal,acima,baixa,2,fallback (60d recentes),2.5
PT0002000068855003AK,5,,fim_semana,21.0,18.0,1.8,1.67,1.67,normal,acima,baixa,2,fallback (60d recentes),2.5
PT0002000068855003AK,6,,fim_semana,17.0,18.5,1.85,-0.81,-0.81,normal,abaixo,baixa,2,fallback (60d recentes),2.5
PT0002000068855003AK,7,,fim_semana,20.0,23.0,5.66,-0.53,-0.53,normal,abaixo,baixa,2,fallback (60d recentes),2.5
PT0002000068855003AK,8,,fim_semana,27.0,34.5,13.44,-0.56,-0.56,normal,abaixo,baixa,2,fallback (60d recentes),2.5
PT0002000068855003AK,9,,fim_semana,35.0,41.5,17.68,-0.37,-0.37,normal,abaixo,baixa,2,fallback (60d recentes),2.5
PT0002000068855003AK,10,,fim_semana,34.0,47.5,20.51,-0.66,-0.66,normal,abaixo,baixa,2,fallback (60d recentes),2.5
PT0002000068855003AK,11,,fim_semana,39.0,57.0,26.87,-0.67,-0.67,normal,abaixo,baixa,2,fallback (60d recentes),2.5
PT0002000068855003AK,12,,fim_semana,44.0,60.5,33.23,-0.5,-0.5,normal,abaixo,baixa,2,fallback (60d recentes),2.5
PT0002000068855003AK,13,,fim_semana,48.0,65.5,34.65,-0.51,-0.51,normal,abaixo,baixa,2,fallback (60d recentes),2.5
PT0002000068855003AK,14,,fim_semana,49.0,70.5,36.06,-0.6,-0.6,normal,abaixo,baixa,2,fallback (60d recentes),2.5
PT0002000068855003AK,15,,fim_semana,50.0,70.5,28.99,-0.71,-0.71,normal,abaixo,baixa,2,fallback (60d recentes),2.5
PT0002000068855003AK,16,,fim_semana,48.0,68.0,25.46,-0.79,-0.79,normal,abaixo,baixa,2,fallback (60d recentes),2.5
PT0002000068855003AK,17,,fim_semana,46.0,68.5,28.99,-0.78,-0.78,normal,abaixo,baixa,2,fallback (60d recentes),2.5
PT0002000068855003AK,18,,fim_semana,43.0,68.0,28.28,-0.88,-0.88,normal,abaixo,baixa,2,fallback (60d recentes),2.5
PT0002000068855003AK,19,,fim_semana,40.0,61.0,21.21,-0.99,-0.99,normal,abaixo,baixa,2,fallback (60d recentes),2.5
PT0002000068855003AK,20,,fim_semana,36.0,31.0,7.07,0.71,0.71,normal,acima,baixa,2,fallback (60d recentes),2.5
PT0002000068855003AK,21,,fim_semana,31.0,29.33,6.35,0.26,0.26,normal,acima,baixa,3,fallback (60d recentes),2.5
PT0002000068855003AK,22,,fim_semana,29.0,28.67,9.5,0.04,0.04,normal,acima,baixa,3,fallback (60d recentes),2.5
PT0002000068855003AK,23,,fim_semana,27.0,26.0,7.21,0.14,0.14,normal,acima,baixa,3,fallback (60d recentes),2.5
PT0002000068856267NC,0,,fim_semana,29.0,32.0,4.24,-0.71,-0.71,normal,abaixo,baixa,2,fallback (60d recentes),2.5
PT0002000068856267NC,1,,fim_semana,26.0,29.5,2.95,-1.19,-1.19,normal,abaixo,baixa,2,fallback (60d recentes),2.5
PT0002000068856267NC,2,,fim_semana,28.0,28.5,2.85,-0.18,-0.18,normal,abaixo,baixa,2,fallback (60d recentes),2.5
PT0002000068856267NC,3,,fim_semana,26.0,28.5,2.85,-0.88,-0.88,normal,abaixo,baixa,2,fallback (60d recentes),2.5
PT0002000068856267NC,4,,fim_semana,25.0,30.0,3.0,-1.67,-1.67,normal,abaixo,baixa,2,fallback (60d recentes),2.5
PT0002000068856267NC,5,,fim_semana,25.0,30.0,3.0,-1.67,-1.67,normal,abaixo,baixa,2,fallback (60d recentes),2.5
PT0002000068856267NC,6,,fim_semana,24.0,26.5,2.65,-0.94,-0.94,normal,abaixo,baixa,2,fallback (60d recentes),2.5
PT0002000068856267NC,7,,fim_semana,40.0,24.5,2.45,6.33,6.33,desvio,acima,baixa,2,fallback (60d recentes),2.5
PT0002000068856267NC,8,,fim_semana,39.0,35.0,9.9,0.4,0.4,normal,acima,baixa,2,fallback (60d recentes),2.5
PT0002000068856267NC,9,,fim_semana,40.0,50.5,20.51,-0.51,-0.51,normal,abaixo,baixa,2,fallback (60d recentes),2.5
PT0002000068856267NC,10,,fim_semana,39.0,49.0,15.56,-0.64,-0.64,normal,abaixo,baixa,2,fallback (60d recentes),2.5
PT0002000068856267NC,11,,fim_semana,33.0,54.5,19.09,-1.13,-1.13,normal,abaixo,baixa,2,fallback (60d recentes),2.5
PT0002000068856267NC,12,,fim_semana,19.0,44.0,4.4,-5.68,-5.68,desvio,abaixo,baixa,2,fallback (60d recentes),2.5
PT0002000068856267NC,13,,fim_semana,19.0,39.0,3.9,-5.13,-5.13,desvio,abaixo,baixa,2,fallback (60d recentes),2.5
PT0002000068856267NC,14,,fim_semana,19.0,38.5,4.95,-3.94,-3.94,desvio,abaixo,baixa,2,fallback (60d recentes),2.5
PT0002000068856267NC,15,,fim_semana,20.0,40.0,4.0,-5.0,-5.0,desvio,abaixo,baixa,2,fallback (60d recentes),2.5
PT0002000068856267NC,16,,fim_semana,22.0,33.0,9.9,-1.11,-1.11,normal,abaixo,baixa,2,fallback (60d recentes),2.5
PT0002000068856267NC,17,,fim_semana,31.0,29.5,14.85,0.1,0.1,normal,acima,baixa,2,fallback (60d recentes),2.5
PT0002000068856267NC,18,,fim_semana,37.0,33.0,11.31,0.35,0.35,normal,acima,baixa,2,fallback (60d recentes),2.5
PT0002000068856267NC,19,,fim_semana,41.0,40.0,4.24,0.24,0.24,normal,acima,baixa,2,fallback (60d recentes),2.5
PT0002000068856267NC,20,,fim_semana,48.0,46.5,4.65,0.32,0.32,normal,acima,baixa,2,fallback (60d recentes),2.5
PT0002000068856267NC,21,,fim_semana,52.0,37.0,12.12,1.24,1.24,normal,acima,baixa,3,fallback (60d recentes),2.5
PT0002000068856267NC,22,,fim_semana,52.0,39.67,8.08,1.53,1.53,normal,acima,baixa,3,fallback (60d recentes),2.5
PT0002000068856267NC,23,,fim_semana,54.0,36.67,7.51,2.31,2.31,normal,acima,baixa,3,fallback (60d recentes),2.5
PT0002000068856655YV,0,0.0,fim_semana,2.0,2.0,0.3,0.0,0.0,normal,abaixo,baixa,2,fallback (60d recentes),2.5
PT0002000068856655YV,1,0.0,fim_semana,2.0,2.5,0.71,-0.71,-0.71,normal,abaixo,baixa,2,fallback (60d recentes),2.5
PT0002000068856655YV,2,0.0,fim_semana,2.0,2.0,0.3,0.0,0.0,normal,abaixo,baixa,2,fallback (60d recentes),2.5
PT0002000068856655YV,3,0.0,fim_semana,3.0,2.0,0.3,3.33,3.33,desvio,acima,baixa,2,fallback (60d recentes),2.5
PT0002000068856655YV,4,0.0,fim_semana,2.0,2.5,0.71,-0.71,-0.71,normal,abaixo,baixa,2,fallback (60d recentes),2.5
PT0002000068856655YV,5,0.0,fim_semana,2.0,2.5,0.71,-0.71,-0.71,normal,abaixo,baixa,2,fallback (60d recentes),2.5
PT0002000068856655YV,6,0.0,fim_semana,2.0,2.5,0.71,-0.71,-0.71,normal,abaixo,baixa,2,fallback (60d recentes),2.5
PT0002000068856655YV,7,0.0,fim_semana,2.0,2.5,2.12,-0.24,-0.24,normal,abaixo,baixa,2,fallback (60d recentes),2.5
PT0002000068856655YV,8,0.0,fim_semana,2.0,3.5,2.12,-0.71,-0.71,normal,abaixo,baixa,2,fallback (60d recentes),2.5
PT0002000068856655YV,9,0.0,fim_semana,2.0,6.0,5.66,-0.71,-0.71,normal,abaixo,baixa,2,fallback (60d recentes),2.5
PT0002000068856655YV,10,0.0,fim_semana,2.0,5.5,4.95,-0.71,-0.71,normal,abaixo,baixa,2,fallback (60d recentes),2.5
PT0002000068856655YV,11,0.0,fim_semana,1.0,6.0,7.07,-0.71,-0.71,normal,abaixo,baixa,2,fallback (60d recentes),2.5
PT0002000068856655YV,12,0.0,fim_semana,2.0,6.5,6.36,-0.71,-0.71,normal,abaixo,baixa,2,fallback (60d recentes),2.5
PT0002000068856655YV,13,0.0,fim_semana,2.0,5.5,4.95,-0.71,-0.71,normal,abaixo,baixa,2,fallback (60d recentes),2.5
PT0002000068856655YV,14,0.0,fim_semana,2.0,7.0,7.07,-0.71,-0.71,normal,abaixo,baixa,2,fallback (60d recentes),2.5
PT0002000068856655YV,15,0.0,fim_semana,2.0,6.0,5.66,-0.71,-0.71,normal,abaixo,baixa,2,fallback (60d recentes),2.5
PT0002000068856655YV,16,0.0,fim_semana,2.0,6.5,4.95,-0.91,-0.91,normal,abaixo,baixa,2,fallback (60d recentes),2.5
PT0002000068856655YV,17,0.0,fim_semana,2.0,5.0,4.24,-0.71,-0.71,normal,abaixo,baixa,2,fallback (60d recentes),2.5
PT0002000068856655YV,18,0.0,fim_semana,2.0,4.0,2.83,-0.71,-0.71,normal,abaixo,baixa,2,fallback (60d recentes),2.5
PT0002000068856655YV,19,0.0,fim_semana,2.0,3.5,2.12,-0.71,-0.71,normal,abaixo,baixa,2,fallback (60d recentes),2.5
PT0002000068856655YV,20,0.0,fim_semana,1.0,3.0,1.41,-1.41,-1.41,normal,abaixo,baixa,2,fallback (60d recentes),2.5
PT0002000068856655YV,21,0.0,fim_semana,3.0,3.33,1.15,-0.29,-0.29,normal,abaixo,baixa,3,fallback (60d recentes),2.5
PT0002000068856655YV,22,0.0,fim_semana,2.0,3.33,0.58,-2.31,-2.31,normal,abaixo,baixa,3,fallback (60d recentes),2.5
PT0002000068856655YV,23,0.0,fim_semana,2.0,3.33,0.58,-2.31,-2.31,normal,abaixo,baixa,3,fallback (60d recentes),2.5
PT0002000068856781NM,0,0.0,fim_semana,103.0,107.5,10.75,-0.42,-0.42,normal,abaixo,baixa,2,fallback (60d recentes),2.5
PT0002000068856781NM,1,0.0,fim_semana,103.0,106.5,10.65,-0.33,-0.33,normal,abaixo,baixa,2,fallback (60d recentes),2.5
PT0002000068856781NM,2,0.0,fim_semana,103.0,106.0,10.6,-0.28,-0.28,normal,abaixo,baixa,2,fallback (60d recentes),2.5
PT0002000068856781NM,3,0.0,fim_semana,103.0,106.0,10.6,-0.28,-0.28,normal,abaixo,baixa,2,fallback (60d recentes),2.5
PT0002000068856781NM,4,0.0,fim_semana,102.0,105.5,10.55,-0.33,-0.33,normal,abaixo,baixa,2,fallback (60d recentes),2.5
PT0002000068856781NM,5,0.0,fim_semana,102.0,105.5,10.55,-0.33,-0.33,normal,abaixo,baixa,2,fallback (60d recentes),2.5
PT0002000068856781NM,6,0.0,fim_semana,102.0,105.0,10.5,-0.29,-0.29,normal,abaixo,baixa,2,fallback (60d recentes),2.5
PT0002000068856781NM,7,0.0,fim_semana,102.0,105.5,10.55,-0.33,-0.33,normal,abaixo,baixa,2,fallback (60d recentes),2.5
PT0002000068856781NM,8,0.0,fim_semana,102.0,107.0,10.7,-0.47,-0.47,normal,abaixo,baixa,2,fallback (60d recentes),2.5
PT0002000068856781NM,9,0.0,fim_semana,103.0,112.5,11.25,-0.84,-0.84,normal,abaixo,baixa,2,fallback (60d recentes),2.5
PT0002000068856781NM,10,0.0,fim_semana,105.0,114.0,11.4,-0.79,-0.79,normal,abaixo,baixa,2,fallback (60d recentes),2.5
PT0002000068856781NM,11,0.0,fim_semana,104.0,114.0,12.73,-0.79,-0.79,normal,abaixo,baixa,2,fallback (60d recentes),2.5
PT0002000068856781NM,12,0.0,fim_semana,105.0,113.5,11.35,-0.75,-0.75,normal,abaixo,baixa,2,fallback (60d recentes),2.5
PT0002000068856781NM,13,0.0,fim_semana,104.0,111.0,11.1,-0.63,-0.63,normal,abaixo,baixa,2,fallback (60d recentes),2.5
PT0002000068856781NM,14,0.0,fim_semana,107.0,117.5,16.26,-0.65,-0.65,normal,abaixo,baixa,2,fallback (60d recentes),2.5
PT0002000068856781NM,15,0.0,fim_semana,104.0,116.0,15.56,-0.77,-0.77,normal,abaixo,baixa,2,fallback (60d recentes),2.5
PT0002000068856781NM,16,0.0,fim_semana,105.0,116.5,13.44,-0.86,-0.86,normal,abaixo,baixa,2,fallback (60d recentes),2.5
PT0002000068856781NM,17,0.0,fim_semana,104.0,112.5,11.25,-0.76,-0.76,normal,abaixo,baixa,2,fallback (60d recentes),2.5
PT0002000068856781NM,18,0.0,fim_semana,104.0,108.5,10.85,-0.41,-0.41,normal,abaixo,baixa,2,fallback (60d recentes),2.5
PT0002000068856781NM,19,0.0,fim_semana,104.0,107.0,10.7,-0.28,-0.28,normal,abaixo,baixa,2,fallback (60d recentes),2.5
PT0002000068856781NM,20,0.0,fim_semana,103.0,104.5,10.45,-0.14,-0.14,normal,abaixo,baixa,2,fallback (60d recentes),2.5
PT0002000068856781NM,21,0.0,fim_semana,102.0,97.0,13.08,0.38,0.38,normal,acima,baixa,3,fallback (60d recentes),2.5
PT0002000068856781NM,22,0.0,fim_semana,103.0,106.0,10.6,-0.28,-0.28,normal,abaixo,baixa,3,fallback (60d recentes),2.5
PT0002000068856781NM,23,0.0,fim_semana,102.0,106.0,10.6,-0.38,-0.38,normal,abaixo,baixa,3,fallback (60d recentes),2.5
PT0002000068856826ZG,0,,fim_semana,123.0,139.0,13.9,-1.15,-1.15,normal,abaixo,baixa,2,fallback (60d recentes),2.5
PT0002000068856826ZG,1,,fim_semana,122.0,134.0,13.4,-0.9,-0.9,normal,abaixo,baixa,2,fallback (60d recentes),2.5
PT0002000068856826ZG,2,,fim_semana,121.0,130.0,13.0,-0.69,-0.69,normal,abaixo,baixa,2,fallback (60d recentes),2.5
PT0002000068856826ZG,3,,fim_semana,121.0,129.0,12.9,-0.62,-0.62,normal,abaixo,baixa,2,fallback (60d recentes),2.5
PT0002000068856826ZG,4,,fim_semana,120.0,125.5,12.55,-0.44,-0.44,normal,abaixo,baixa,2,fallback (60d recentes),2.5
PT0002000068856826ZG,5,,fim_semana,120.0,129.5,12.95,-0.73,-0.73,normal,abaixo,baixa,2,fallback (60d recentes),2.5
PT0002000068856826ZG,6,,fim_semana,119.0,126.0,12.6,-0.56,-0.56,normal,abaixo,baixa,2,fallback (60d recentes),2.5
PT0002000068856826ZG,7,,fim_semana,111.0,259.0,84.85,-1.74,-1.74,normal,abaixo,baixa,2,fallback (60d recentes),2.5
PT0002000068856826ZG,8,,fim_semana,128.0,396.0,39.6,-6.77,-6.77,desvio,abaixo,baixa,2,fallback (60d recentes),2.5
PT0002000068856826ZG,9,,fim_semana,419.0,436.5,43.65,-0.4,-0.4,normal,abaixo,baixa,2,fallback (60d recentes),2.5
PT0002000068856826ZG,10,,fim_semana,463.0,455.5,45.55,0.16,0.16,normal,acima,baixa,2,fallback (60d recentes),2.5
PT0002000068856826ZG,11,,fim_semana,513.0,475.0,47.5,0.8,0.8,normal,acima,baixa,2,fallback (60d recentes),2.5
PT0002000068856826ZG,12,,fim_semana,497.0,475.5,47.55,0.45,0.45,normal,acima,baixa,2,fallback (60d recentes),2.5
PT0002000068856826ZG,13,,fim_semana,477.0,491.5,49.15,-0.3,-0.3,normal,abaixo,baixa,2,fallback (60d recentes),2.5
PT0002000068856826ZG,14,,fim_semana,484.0,506.5,50.65,-0.44,-0.44,normal,abaixo,baixa,2,fallback (60d recentes),2.5
PT0002000068856826ZG,15,,fim_semana,467.0,511.0,51.1,-0.86,-0.86,normal,abaixo,baixa,2,fallback (60d recentes),2.5
PT0002000068856826ZG,16,,fim_semana,437.0,505.5,50.55,-1.36,-1.36,normal,abaixo,baixa,2,fallback (60d recentes),2.5
PT0002000068856826ZG,17,,fim_semana,382.0,504.5,50.45,-2.43,-2.43,normal,abaixo,baixa,2,fallback (60d recentes),2.5
PT0002000068856826ZG,18,,fim_semana,428.0,502.0,50.2,-1.47,-1.47,normal,abaixo,baixa,2,fallback (60d recentes),2.5
PT0002000068856826ZG,19,,fim_semana,422.0,480.5,48.05,-1.22,-1.22,normal,abaixo,baixa,2,fallback (60d recentes),2.5
PT0002000068856826ZG,20,,fim_semana,414.0,408.0,104.65,0.06,0.06,normal,acima,baixa,2,fallback (60d recentes),2.5
PT0002000068856826ZG,21,,fim_semana,352.0,352.0,79.62,0.0,0.0,normal,abaixo,baixa,3,fallback (60d recentes),2.5
PT0002000068856826ZG,22,,fim_semana,173.0,283.67,148.59,-0.74,-0.74,normal,abaixo,baixa,3,fallback (60d recentes),2.5
PT0002000068856826ZG,23,,fim_semana,126.0,174.67,49.7,-0.98,-0.98,normal,abaixo,baixa,3,fallback (60d recentes),2.5
PT0002000068856872QG,0,1.0,fim_semana,0.0,0.5,0.71,-0.71,-0.71,normal,abaixo,baixa,2,fallback (60d recentes),2.5
PT0002000068856872QG,1,1.0,fim_semana,0.0,0.0,0.3,0.0,0.0,normal,abaixo,baixa,2,fallback (60d recentes),2.5
PT0002000068856872QG,2,1.0,fim_semana,1.0,0.5,0.71,0.71,0.71,normal,acima,baixa,2,fallback (60d recentes),2.5
PT0002000068856872QG,3,1.0,fim_semana,0.0,0.0,0.3,0.0,0.0,normal,abaixo,baixa,2,fallback (60d recentes),2.5
PT0002000068856872QG,4,1.0,fim_semana,0.0,0.5,0.71,-0.71,-0.71,normal,abaixo,baixa,2,fallback (60d recentes),2.5
PT0002000068856872QG,5,1.0,fim_semana,0.0,0.0,0.3,0.0,0.0,normal,abaixo,baixa,2,fallback (60d recentes),2.5
PT0002000068856872QG,6,1.0,fim_semana,1.0,0.5,0.71,0.71,0.71,normal,acima,baixa,2,fallback (60d recentes),2.5
PT0002000068856872QG,7,1.0,fim_semana,0.0,0.0,0.3,0.0,0.0,normal,abaixo,baixa,2,fallback (60d recentes),2.5
PT0002000068856872QG,8,1.0,fim_semana,0.0,0.5,0.71,-0.71,-0.71,normal,abaixo,baixa,2,fallback (60d recentes),2.5
PT0002000068856872QG,9,1.0,fim_semana,3.0,2.0,2.83,0.35,0.35,normal,acima,baixa,2,fallback (60d recentes),2.5
PT0002000068856872QG,10,1.0,fim_semana,14.0,7.0,9.9,0.71,0.71,normal,acima,baixa,2,fallback (60d recentes),2.5
PT0002000068856872QG,11,1.0,fim_semana,25.0,7.0,8.49,2.12,2.12,normal,acima,baixa,2,fallback (60d recentes),2.5
PT0002000068856872QG,12,1.0,fim_semana,19.0,8.5,12.02,0.87,0.87,normal,acima,baixa,2,fallback (60d recentes),2.5
PT0002000068856872QG,13,1.0,fim_semana,5.0,2.5,3.54,0.71,0.71,normal,acima,baixa,2,fallback (60d recentes),2.5
PT0002000068856872QG,14,1.0,fim_semana,4.0,1.5,2.12,1.18,1.18,normal,acima,baixa,2,fallback (60d recentes),2.5
PT0002000068856872QG,15,1.0,fim_semana,4.0,2.5,2.12,0.71,0.71,normal,acima,baixa,2,fallback (60d recentes),2.5
PT0002000068856872QG,16,1.0,fim_semana,4.0,1.5,2.12,1.18,1.18,normal,acima,baixa,2,fallback (60d recentes),2.5
PT0002000068856872QG,17,1.0,fim_semana,6.0,2.0,2.83,1.41,1.41,normal,acima,baixa,2,fallback (60d recentes),2.5
PT0002000068856872QG,18,1.0,fim_semana,0.0,2.0,2.83,-0.71,-0.71,normal,abaixo,baixa,2,fallback (60d recentes),2.5
PT0002000068856872QG,19,1.0,fim_semana,0.0,0.5,0.71,-0.71,-0.71,normal,abaixo,baixa,2,fallback (60d recentes),2.5
PT0002000068856872QG,20,1.0,fim_semana,1.0,0.5,0.71,0.71,0.71,normal,acima,baixa,2,fallback (60d recentes),2.5
PT0002000068856872QG,21,1.0,fim_semana,0.0,0.0,0.3,0.0,0.0,normal,abaixo,baixa,3,fallback (60d recentes),2.5
PT0002000068856872QG,22,1.0,fim_semana,0.0,0.33,0.58,-0.58,-0.58,normal,abaixo,baixa,3,fallback (60d recentes),2.5
PT0002000068856872QG,23,1.0,fim_semana,1.0,0.33,0.58,1.15,1.15,normal,acima,baixa,3,fallback (60d recentes),2.5
PT0002000068856906VS,0,0.0,fim_semana,31.0,47.0,4.7,-3.4,-3.4,desvio,abaixo,baixa,2,fallback (60d recentes),2.5
PT0002000068856906VS,1,0.0,fim_semana,32.0,49.5,4.95,-3.54,-3.54,desvio,abaixo,baixa,2,fallback (60d recentes),2.5
PT0002000068856906VS,2,0.0,fim_semana,30.0,48.0,4.8,-3.75,-3.75,desvio,abaixo,baixa,2,fallback (60d recentes),2.5
PT0002000068856906VS,3,0.0,fim_semana,31.0,51.0,5.1,-3.92,-3.92,desvio,abaixo,baixa,2,fallback (60d recentes),2.5
PT0002000068856906VS,4,0.0,fim_semana,32.0,49.0,4.9,-3.47,-3.47,desvio,abaixo,baixa,2,fallback (60d recentes),2.5
PT0002000068856906VS,5,0.0,fim_semana,30.0,48.0,4.8,-3.75,-3.75,desvio,abaixo,baixa,2,fallback (60d recentes),2.5
PT0002000068856906VS,6,0.0,fim_semana,25.0,40.0,4.0,-3.75,-3.75,desvio,abaixo,baixa,2,fallback (60d recentes),2.5
PT0002000068856906VS,7,0.0,fim_semana,27.0,38.5,3.85,-2.99,-2.99,desvio,abaixo,baixa,2,fallback (60d recentes),2.5
PT0002000068856906VS,8,0.0,fim_semana,30.0,44.0,4.4,-3.18,-3.18,desvio,abaixo,baixa,2,fallback (60d recentes),2.5
PT0002000068856906VS,9,0.0,fim_semana,36.0,45.5,4.55,-2.09,-2.09,normal,abaixo,baixa,2,fallback (60d recentes),2.5
PT0002000068856906VS,10,0.0,fim_semana,44.0,47.5,9.19,-0.38,-0.38,normal,abaixo,baixa,2,fallback (60d recentes),2.5
PT0002000068856906VS,11,0.0,fim_semana,49.0,61.5,17.68,-0.71,-0.71,normal,abaixo,baixa,2,fallback (60d recentes),2.5
PT0002000068856906VS,12,0.0,fim_semana,44.0,52.0,18.38,-0.44,-0.44,normal,abaixo,baixa,2,fallback (60d recentes),2.5
PT0002000068856906VS,13,0.0,fim_semana,38.0,52.0,24.04,-0.58,-0.58,normal,abaixo,baixa,2,fallback (60d recentes),2.5
PT0002000068856906VS,14,0.0,fim_semana,34.0,51.0,26.87,-0.63,-0.63,normal,abaixo,baixa,2,fallback (60d recentes),2.5
PT0002000068856906VS,15,0.0,fim_semana,33.0,58.0,26.87,-0.93,-0.93,normal,abaixo,baixa,2,fallback (60d recentes),2.5
PT0002000068856906VS,16,0.0,fim_semana,31.0,56.0,12.73,-1.96,-1.96,normal,abaixo,baixa,2,fallback (60d recentes),2.5
PT0002000068856906VS,17,0.0,fim_semana,35.0,57.5,10.61,-2.12,-2.12,normal,abaixo,baixa,2,fallback (60d recentes),2.5
PT0002000068856906VS,18,0.0,fim_semana,36.0,53.5,6.36,-2.75,-2.75,desvio,abaixo,baixa,2,fallback (60d recentes),2.5
PT0002000068856906VS,19,0.0,fim_semana,36.0,52.0,7.07,-2.26,-2.26,normal,abaixo,baixa,2,fallback (60d recentes),2.5
PT0002000068856906VS,20,0.0,fim_semana,36.0,52.0,8.49,-1.89,-1.89,normal,abaixo,baixa,2,fallback (60d recentes),2.5
PT0002000068856906VS,21,0.0,fim_semana,38.0,46.67,8.33,-1.04,-1.04,normal,abaixo,baixa,3,fallback (60d recentes),2.5
PT0002000068856906VS,22,0.0,fim_semana,33.0,46.67,9.29,-1.47,-1.47,normal,abaixo,baixa,3,fallback (60d recentes),2.5
PT0002000068856906VS,23,0.0,fim_semana,31.0,46.67,8.39,-1.87,-1.87,normal,abaixo,baixa,3,fallback (60d recentes),2.5
PT0002000068856952LS,0,2.0,fim_semana,0.0,0.5,0.71,-0.71,-0.71,normal,abaixo,baixa,2,fallback (60d recentes),2.5
PT0002000068856952LS,1,2.0,fim_semana,0.0,0.0,0.3,0.0,0.0,normal,abaixo,baixa,2,fallback (60d recentes),2.5
PT0002000068856952LS,2,2.0,fim_semana,0.0,0.0,0.3,0.0,0.0,normal,abaixo,baixa,2,fallback (60d recentes),2.5
PT0002000068856952LS,3,2.0,fim_semana,0.0,0.5,0.71,-0.71,-0.71,normal,abaixo,baixa,2,fallback (60d recentes),2.5
PT0002000068856952LS,4,2.0,fim_semana,0.0,0.0,0.3,0.0,0.0,normal,abaixo,baixa,2,fallback (60d recentes),2.5
PT0002000068856952LS,5,2.0,fim_semana,0.0,0.0,0.3,0.0,0.0,normal,abaixo,baixa,2,fallback (60d recentes),2.5
PT0002000068856952LS,6,2.0,fim_semana,1.0,0.0,0.3,3.33,3.33,desvio,acima,baixa,2,fallback (60d recentes),2.5
PT0002000068856952LS,7,2.0,fim_semana,0.0,0.0,0.3,0.0,0.0,normal,abaixo,baixa,2,fallback (60d recentes),2.5
PT0002000068856952LS,8,2.0,fim_semana,0.0,0.0,0.3,0.0,0.0,normal,abaixo,baixa,2,fallback (60d recentes),2.5
PT0002000068856952LS,9,2.0,fim_semana,0.0,0.5,0.71,-0.71,-0.71,normal,abaixo,baixa,2,fallback (60d recentes),2.5
PT0002000068856952LS,10,2.0,fim_semana,0.0,0.0,0.3,0.0,0.0,normal,abaixo,baixa,2,fallback (60d recentes),2.5
PT0002000068856952LS,11,2.0,fim_semana,0.0,0.0,0.3,0.0,0.0,normal,abaixo,baixa,2,fallback (60d recentes),2.5
PT0002000068856952LS,12,2.0,fim_semana,0.0,0.5,0.71,-0.71,-0.71,normal,abaixo,baixa,2,fallback (60d recentes),2.5
PT0002000068856952LS,13,2.0,fim_semana,0.0,0.0,0.3,0.0,0.0,normal,abaixo,baixa,2,fallback (60d recentes),2.5
PT0002000068856952LS,14,2.0,fim_semana,0.0,0.0,0.3,0.0,0.0,normal,abaixo,baixa,2,fallback (60d recentes),2.5
PT0002000068856952LS,15,2.0,fim_semana,1.0,0.0,0.3,3.33,3.33,desvio,acima,baixa,2,fallback (60d recentes),2.5
PT0002000068856952LS,16,2.0,fim_semana,0.0,0.0,0.3,0.0,0.0,normal,abaixo,baixa,2,fallback (60d recentes),2.5
PT0002000068856952LS,17,2.0,fim_semana,0.0,0.0,0.3,0.0,0.0,normal,abaixo,baixa,2,fallback (60d recentes),2.5
PT0002000068856952LS,18,2.0,fim_semana,0.0,0.5,0.71,-0.71,-0.71,normal,abaixo,baixa,2,fallback (60d recentes),2.5
PT0002000068856952LS,19,2.0,fim_semana,0.0,0.0,0.3,0.0,0.0,normal,abaixo,baixa,2,fallback (60d recentes),2.5
PT0002000068856952LS,20,2.0,fim_semana,0.0,0.0,0.3,0.0,0.0,normal,abaixo,baixa,2,fallback (60d recentes),2.5
PT0002000068856952LS,21,2.0,fim_semana,0.0,0.33,0.58,-0.58,-0.58,normal,abaixo,baixa,3,fallback (60d recentes),2.5
PT0002000068856952LS,22,2.0,fim_semana,0.0,0.0,0.3,0.0,0.0,normal,abaixo,baixa,3,fallback (60d recentes),2.5
PT0002000068856952LS,23,2.0,fim_semana,0.0,0.0,0.3,0.0,0.0,normal,abaixo,baixa,3,fallback (60d recentes),2.5
PT0002000068856974CZ,0,,fim_semana,12.0,11.5,1.15,0.43,0.43,normal,acima,baixa,2,fallback (60d recentes),2.5
PT0002000068856974CZ,1,,fim_semana,12.0,12.0,1.41,0.0,0.0,normal,abaixo,baixa,2,fallback (60d recentes),2.5
PT0002000068856974CZ,2,,fim_semana,11.0,10.5,1.05,0.48,0.48,normal,acima,baixa,2,fallback (60d recentes),2.5
PT0002000068856974CZ,3,,fim_semana,11.0,12.5,1.25,-1.2,-1.2,normal,abaixo,baixa,2,fallback (60d recentes),2.5
PT0002000068856974CZ,4,,fim_semana,12.0,11.0,1.1,0.91,0.91,normal,acima,baixa,2,fallback (60d recentes),2.5
PT0002000068856974CZ,5,,fim_semana,12.0,10.5,1.05,1.43,1.43,normal,acima,baixa,2,fallback (60d recentes),2.5
PT0002000068856974CZ,6,,fim_semana,11.0,11.5,1.15,-0.43,-0.43,normal,abaixo,baixa,2,fallback (60d recentes),2.5
PT0002000068856974CZ,7,,fim_semana,13.0,16.0,5.66,-0.53,-0.53,normal,abaixo,baixa,2,fallback (60d recentes),2.5
PT0002000068856974CZ,8,,fim_semana,13.0,38.5,37.48,-0.68,-0.68,normal,abaixo,baixa,2,fallback (60d recentes),2.5
PT0002000068856974CZ,9,,fim_semana,11.0,42.5,44.55,-0.71,-0.71,normal,abaixo,baixa,2,fallback (60d recentes),2.5
PT0002000068856974CZ,10,,fim_semana,12.0,48.5,50.2,-0.73,-0.73,normal,abaixo,baixa,2,fallback (60d recentes),2.5
PT0002000068856974CZ,11,,fim_semana,12.0,53.5,57.28,-0.72,-0.72,normal,abaixo,baixa,2,fallback (60d recentes),2.5
PT0002000068856974CZ,12,,fim_semana,13.0,53.5,58.69,-0.69,-0.69,normal,abaixo,baixa,2,fallback (60d recentes),2.5
PT0002000068856974CZ,13,,fim_semana,15.0,58.5,50.2,-0.87,-0.87,normal,abaixo,baixa,2,fallback (60d recentes),2.5
PT0002000068856974CZ,14,,fim_semana,41.0,63.5,36.06,-0.62,-0.62,normal,abaixo,baixa,2,fallback (60d recentes),2.5
PT0002000068856974CZ,15,,fim_semana,45.0,61.0,36.77,-0.44,-0.44,normal,abaixo,baixa,2,fallback (60d recentes),2.5
PT0002000068856974CZ,16,,fim_semana,40.0,54.0,26.87,-0.52,-0.52,normal,abaixo,baixa,2,fallback (60d recentes),2.5
PT0002000068856974CZ,17,,fim_semana,43.0,51.5,23.33,-0.36,-0.36,normal,abaixo,baixa,2,fallback (60d recentes),2.5
PT0002000068856974CZ,18,,fim_semana,43.0,49.5,21.92,-0.3,-0.3,normal,abaixo,baixa,2,fallback (60d recentes),2.5
PT0002000068856974CZ,19,,fim_semana,37.0,38.0,25.46,-0.04,-0.04,normal,abaixo,baixa,2,fallback (60d recentes),2.5
PT0002000068856974CZ,20,,fim_semana,13.0,14.5,3.54,-0.42,-0.42,normal,abaixo,baixa,2,fallback (60d recentes),2.5
PT0002000068856974CZ,21,,fim_semana,14.0,11.0,2.65,1.13,1.13,normal,acima,baixa,3,fallback (60d recentes),2.5
PT0002000068856974CZ,22,,fim_semana,15.0,11.33,1.13,3.24,3.24,desvio,acima,baixa,3,fallback (60d recentes),2.5
PT0002000068856974CZ,23,,fim_semana,13.0,12.0,1.2,0.83,0.83,normal,acima,baixa,3,fallback (60d recentes),2.5
PT0002000068857099AR,0,1.0,fim_semana,15.0,11.5,2.12,1.65,1.65,normal,acima,baixa,2,fallback (60d recentes),2.5
PT0002000068857099AR,1,1.0,fim_semana,8.0,14.0,1.41,-4.24,-4.24,desvio,abaixo,baixa,2,fallback (60d recentes),2.5
PT0002000068857099AR,2,1.0,fim_semana,9.0,12.0,1.2,-2.5,-2.5,normal,abaixo,baixa,2,fallback (60d recentes),2.5
PT0002000068857099AR,3,1.0,fim_semana,10.0,12.0,1.41,-1.41,-1.41,normal,abaixo,baixa,2,fallback (60d recentes),2.5
PT0002000068857099AR,4,1.0,fim_semana,10.0,13.0,1.3,-2.31,-2.31,normal,abaixo,baixa,2,fallback (60d recentes),2.5
PT0002000068857099AR,5,1.0,fim_semana,9.0,13.0,1.3,-3.08,-3.08,desvio,abaixo,baixa,2,fallback (60d recentes),2.5
PT0002000068857099AR,6,1.0,fim_semana,8.0,11.0,1.41,-2.12,-2.12,normal,abaixo,baixa,2,fallback (60d recentes),2.5
PT0002000068857099AR,7,1.0,fim_semana,8.0,12.5,2.12,-2.12,-2.12,normal,abaixo,baixa,2,fallback (60d recentes),2.5
PT0002000068857099AR,8,1.0,fim_semana,10.0,16.0,4.24,-1.41,-1.41,normal,abaixo,baixa,2,fallback (60d recentes),2.5
PT0002000068857099AR,9,1.0,fim_semana,11.0,15.5,3.54,-1.27,-1.27,normal,abaixo,baixa,2,fallback (60d recentes),2.5
PT0002000068857099AR,10,1.0,fim_semana,6.0,15.5,4.95,-1.92,-1.92,normal,abaixo,baixa,2,fallback (60d recentes),2.5
PT0002000068857099AR,11,1.0,fim_semana,9.0,13.5,4.95,-0.91,-0.91,normal,abaixo,baixa,2,fallback (60d recentes),2.5
PT0002000068857099AR,12,1.0,fim_semana,10.0,13.5,3.54,-0.99,-0.99,normal,abaixo,baixa,2,fallback (60d recentes),2.5
PT0002000068857099AR,13,1.0,fim_semana,6.0,15.0,2.83,-3.18,-3.18,desvio,abaixo,baixa,2,fallback (60d recentes),2.5
PT0002000068857099AR,14,1.0,fim_semana,9.0,17.0,7.07,-1.13,-1.13,normal,abaixo,baixa,2,fallback (60d recentes),2.5
PT0002000068857099AR,15,1.0,fim_semana,10.0,14.0,5.66,-0.71,-0.71,normal,abaixo,baixa,2,fallback (60d recentes),2.5
PT0002000068857099AR,16,1.0,fim_semana,6.0,14.0,2.83,-2.83,-2.83,desvio,abaixo,baixa,2,fallback (60d recentes),2.5
PT0002000068857099AR,17,1.0,fim_semana,9.0,14.5,2.12,-2.59,-2.59,desvio,abaixo,baixa,2,fallback (60d recentes),2.5
PT0002000068857099AR,18,1.0,fim_semana,8.0,15.0,1.5,-4.67,-4.67,desvio,abaixo,baixa,2,fallback (60d recentes),2.5
PT0002000068857099AR,19,1.0,fim_semana,8.0,14.5,1.45,-4.48,-4.48,desvio,abaixo,baixa,2,fallback (60d recentes),2.5
PT0002000068857099AR,20,1.0,fim_semana,9.0,15.0,2.83,-2.12,-2.12,normal,abaixo,baixa,2,fallback (60d recentes),2.5
PT0002000068857099AR,21,1.0,fim_semana,7.0,12.67,1.27,-4.47,-4.47,desvio,abaixo,baixa,3,fallback (60d recentes),2.5
PT0002000068857099AR,22,1.0,fim_semana,9.0,15.33,2.08,-3.04,-3.04,desvio,abaixo,baixa,3,fallback (60d recentes),2.5
PT0002000068857099AR,23,1.0,fim_semana,6.0,15.0,2.65,-3.4,-3.4,desvio,abaixo,baixa,3,fallback (60d recentes),2.5
PT0002000068857897ZV,0,0.0,fim_semana,26.0,26.0,2.6,0.0,0.0,normal,abaixo,baixa,2,fallback (60d recentes),2.5
PT0002000068857897ZV,1,0.0,fim_semana,27.0,28.0,2.8,-0.36,-0.36,normal,abaixo,baixa,2,fallback (60d recentes),2.5
PT0002000068857897ZV,2,0.0,fim_semana,25.0,25.5,2.55,-0.2,-0.2,normal,abaixo,baixa,2,fallback (60d recentes),2.5
PT0002000068857897ZV,3,0.0,fim_semana,26.0,25.5,2.55,0.2,0.2,normal,acima,baixa,2,fallback (60d recentes),2.5
PT0002000068857897ZV,4,0.0,fim_semana,26.0,26.5,2.65,-0.19,-0.19,normal,abaixo,baixa,2,fallback (60d recentes),2.5
PT0002000068857897ZV,5,0.0,fim_semana,27.0,26.5,2.65,0.19,0.19,normal,acima,baixa,2,fallback (60d recentes),2.5
PT0002000068857897ZV,6,0.0,fim_semana,26.0,27.0,2.7,-0.37,-0.37,normal,abaixo,baixa,2,fallback (60d recentes),2.5
PT0002000068857897ZV,7,0.0,fim_semana,26.0,29.0,2.9,-1.03,-1.03,normal,abaixo,baixa,2,fallback (60d recentes),2.5
PT0002000068857897ZV,8,0.0,fim_semana,26.0,33.0,4.24,-1.65,-1.65,normal,abaixo,baixa,2,fallback (60d recentes),2.5
PT0002000068857897ZV,9,0.0,fim_semana,26.0,51.5,30.41,-0.84,-0.84,normal,abaixo,baixa,2,fallback (60d recentes),2.5
PT0002000068857897ZV,10,0.0,fim_semana,26.0,47.0,21.21,-0.99,-0.99,normal,abaixo,baixa,2,fallback (60d recentes),2.5
PT0002000068857897ZV,11,0.0,fim_semana,25.0,47.5,23.33,-0.96,-0.96,normal,abaixo,baixa,2,fallback (60d recentes),2.5
PT0002000068857897ZV,12,0.0,fim_semana,26.0,44.0,19.8,-0.91,-0.91,normal,abaixo,baixa,2,fallback (60d recentes),2.5
PT0002000068857897ZV,13,0.0,fim_semana,30.0,42.5,17.68,-0.71,-0.71,normal,abaixo,baixa,2,fallback (60d recentes),2.5
PT0002000068857897ZV,14,0.0,fim_semana,26.0,43.0,16.97,-1.0,-1.0,normal,abaixo,baixa,2,fallback (60d recentes),2.5
PT0002000068857897ZV,15,0.0,fim_semana,26.0,43.5,16.26,-1.08,-1.08,normal,abaixo,baixa,2,fallback (60d recentes),2.5
PT0002000068857897ZV,16,0.0,fim_semana,26.0,41.5,13.44,-1.15,-1.15,normal,abaixo,baixa,2,fallback (60d recentes),2.5
PT0002000068857897ZV,17,0.0,fim_semana,26.0,32.5,3.25,-2.0,-2.0,normal,abaixo,baixa,2,fallback (60d recentes),2.5
PT0002000068857897ZV,18,0.0,fim_semana,26.0,29.5,3.54,-0.99,-0.99,normal,abaixo,baixa,2,fallback (60d recentes),2.5
PT0002000068857897ZV,19,0.0,fim_semana,25.0,29.5,3.54,-1.27,-1.27,normal,abaixo,baixa,2,fallback (60d recentes),2.5
PT0002000068857897ZV,20,0.0,fim_semana,26.0,29.0,2.9,-1.03,-1.03,normal,abaixo,baixa,2,fallback (60d recentes),2.5
PT0002000068857897ZV,21,0.0,fim_semana,26.0,25.0,4.58,0.22,0.22,normal,acima,baixa,3,fallback (60d recentes),2.5
PT0002000068857897ZV,22,0.0,fim_semana,27.0,27.67,2.89,-0.23,-0.23,normal,abaixo,baixa,3,fallback (60d recentes),2.5
PT0002000068857897ZV,23,0.0,fim_semana,26.0,27.33,2.73,-0.49,-0.49,normal,abaixo,baixa,3,fallback (60d recentes),2.5
PT0002000068857909SY,0,1.0,fim_semana,2.0,4.0,2.83,-0.71,-0.71,normal,abaixo,baixa,2,fallback (60d recentes),2.5
PT0002000068857909SY,1,1.0,fim_semana,2.0,4.5,3.54,-0.71,-0.71,normal,abaixo,baixa,2,fallback (60d recentes),2.5
PT0002000068857909SY,2,1.0,fim_semana,1.0,4.5,3.54,-0.99,-0.99,normal,abaixo,baixa,2,fallback (60d recentes),2.5
PT0002000068857909SY,3,1.0,fim_semana,2.0,3.5,3.54,-0.42,-0.42,normal,abaixo,baixa,2,fallback (60d recentes),2.5
PT0002000068857909SY,4,1.0,fim_semana,2.0,4.5,3.54,-0.71,-0.71,normal,abaixo,baixa,2,fallback (60d recentes),2.5
PT0002000068857909SY,5,1.0,fim_semana,1.0,4.0,4.24,-0.71,-0.71,normal,abaixo,baixa,2,fallback (60d recentes),2.5
PT0002000068857909SY,6,1.0,fim_semana,2.0,4.5,2.12,-1.18,-1.18,normal,abaixo,baixa,2,fallback (60d recentes),2.5
PT0002000068857909SY,7,1.0,fim_semana,1.0,4.5,2.12,-1.65,-1.65,normal,abaixo,baixa,2,fallback (60d recentes),2.5
PT0002000068857909SY,8,1.0,fim_semana,2.0,10.0,4.24,-1.89,-1.89,normal,abaixo,baixa,2,fallback (60d recentes),2.5
PT0002000068857909SY,9,1.0,fim_semana,1.0,15.5,10.61,-1.37,-1.37,normal,abaixo,baixa,2,fallback (60d recentes),2.5
PT0002000068857909SY,10,1.0,fim_semana,2.0,16.5,14.85,-0.98,-0.98,normal,abaixo,baixa,2,fallback (60d recentes),2.5
PT0002000068857909SY,11,1.0,fim_semana,1.0,15.5,12.02,-1.21,-1.21,normal,abaixo,baixa,2,fallback (60d recentes),2.5
PT0002000068857909SY,12,1.0,fim_semana,2.0,13.0,8.49,-1.3,-1.3,normal,abaixo,baixa,2,fallback (60d recentes),2.5
PT0002000068857909SY,13,1.0,fim_semana,1.0,10.5,4.95,-1.92,-1.92,normal,abaixo,baixa,2,fallback (60d recentes),2.5
PT0002000068857909SY,14,1.0,fim_semana,2.0,18.5,16.26,-1.01,-1.01,normal,abaixo,baixa,2,fallback (60d recentes),2.5
PT0002000068857909SY,15,1.0,fim_semana,1.0,19.0,16.97,-1.06,-1.06,normal,abaixo,baixa,2,fallback (60d recentes),2.5
PT0002000068857909SY,16,1.0,fim_semana,2.0,19.5,17.68,-0.99,-0.99,normal,abaixo,baixa,2,fallback (60d recentes),2.5
PT0002000068857909SY,17,1.0,fim_semana,2.0,17.5,14.85,-1.04,-1.04,normal,abaixo,baixa,2,fallback (60d recentes),2.5
PT0002000068857909SY,18,1.0,fim_semana,1.0,17.5,16.26,-1.01,-1.01,normal,abaixo,baixa,2,fallback (60d recentes),2.5
PT0002000068857909SY,19,1.0,fim_semana,2.0,27.0,2.7,-9.26,-9.26,desvio,abaixo,baixa,2,fallback (60d recentes),2.5
PT0002000068857909SY,20,1.0,fim_semana,2.0,13.0,11.31,-0.97,-0.97,normal,abaixo,baixa,2,fallback (60d recentes),2.5
PT0002000068857909SY,21,1.0,fim_semana,2.0,10.67,8.5,-1.02,-1.02,normal,abaixo,baixa,3,fallback (60d recentes),2.5
PT0002000068857909SY,22,1.0,fim_semana,1.0,8.33,7.09,-1.03,-1.03,normal,abaixo,baixa,3,fallback (60d recentes),2.5
PT0002000068857909SY,23,1.0,fim_semana,2.0,7.33,6.51,-0.82,-0.82,normal,abaixo,baixa,3,fallback (60d recentes),2.5
PT0002000068858231YY,0,,fim_semana,41.0,28.5,4.95,2.53,2.53,desvio,acima,baixa,2,fallback (60d recentes),2.5
PT0002000068858231YY,1,,fim_semana,34.0,27.5,4.95,1.31,1.31,normal,acima,baixa,2,fallback (60d recentes),2.5
PT0002000068858231YY,2,,fim_semana,37.0,28.5,4.95,1.72,1.72,normal,acima,baixa,2,fallback (60d recentes),2.5
PT0002000068858231YY,3,,fim_semana,33.0,28.0,4.24,1.18,1.18,normal,acima,baixa,2,fallback (60d recentes),2.5
PT0002000068858231YY,4,,fim_semana,34.0,28.0,5.66,1.06,1.06,normal,acima,baixa,2,fallback (60d recentes),2.5
PT0002000068858231YY,5,,fim_semana,34.0,27.0,4.24,1.65,1.65,normal,acima,baixa,2,fallback (60d recentes),2.5
PT0002000068858231YY,6,,fim_semana,31.0,25.5,4.95,1.11,1.11,normal,acima,baixa,2,fallback (60d recentes),2.5
PT0002000068858231YY,7,,fim_semana,25.0,23.0,2.3,0.87,0.87,normal,acima,baixa,2,fallback (60d recentes),2.5
PT0002000068858231YY,8,,fim_semana,24.0,32.0,12.73,-0.63,-0.63,normal,abaixo,baixa,2,fallback (60d recentes),2.5
PT0002000068858231YY,9,,fim_semana,25.0,43.5,28.99,-0.64,-0.64,normal,abaixo,baixa,2,fallback (60d recentes),2.5
PT0002000068858231YY,10,,fim_semana,26.0,47.5,34.65,-0.62,-0.62,normal,abaixo,baixa,2,fallback (60d recentes),2.5
PT0002000068858231YY,11,,fim_semana,24.0,52.0,39.6,-0.71,-0.71,normal,abaixo,baixa,2,fallback (60d recentes),2.5
PT0002000068858231YY,12,,fim_semana,24.0,46.0,32.53,-0.68,-0.68,normal,abaixo,baixa,2,fallback (60d recentes),2.5
PT0002000068858231YY,13,,fim_semana,24.0,38.0,21.21,-0.66,-0.66,normal,abaixo,baixa,2,fallback (60d recentes),2.5
PT0002000068858231YY,14,,fim_semana,24.0,40.0,22.63,-0.71,-0.71,normal,abaixo,baixa,2,fallback (60d recentes),2.5
PT0002000068858231YY,15,,fim_semana,24.0,43.0,22.63,-0.84,-0.84,normal,abaixo,baixa,2,fallback (60d recentes),2.5
PT0002000068858231YY,16,,fim_semana,24.0,38.5,13.44,-1.08,-1.08,normal,abaixo,baixa,2,fallback (60d recentes),2.5
PT0002000068858231YY,17,,fim_semana,28.0,31.0,3.1,-0.97,-0.97,normal,abaixo,baixa,2,fallback (60d recentes),2.5
PT0002000068858231YY,18,,fim_semana,28.0,25.0,2.5,1.2,1.2,normal,acima,baixa,2,fallback (60d recentes),2.5
PT0002000068858231YY,19,,fim_semana,29.0,22.5,2.25,2.89,2.89,desvio,acima,baixa,2,fallback (60d recentes),2.5
PT0002000068858231YY,20,,fim_semana,28.0,26.0,4.24,0.47,0.47,normal,acima,baixa,2,fallback (60d recentes),2.5
PT0002000068858231YY,21,,fim_semana,28.0,20.33,6.35,1.21,1.21,normal,acima,baixa,3,fallback (60d recentes),2.5
PT0002000068858231YY,22,,fim_semana,32.0,25.0,7.0,1.0,1.0,normal,acima,baixa,3,fallback (60d recentes),2.5
PT0002000068858231YY,23,,fim_semana,38.0,30.0,8.89,0.9,0.9,normal,acima,baixa,3,fallback (60d recentes),2.5
PT0002000068858674WN,0,,fim_semana,12.0,12.0,1.2,0.0,0.0,normal,abaixo,baixa,2,fallback (60d recentes),2.5
PT0002000068858674WN,1,,fim_semana,12.0,12.0,1.2,0.0,0.0,normal,abaixo,baixa,2,fallback (60d recentes),2.5
PT0002000068858674WN,2,,fim_semana,12.0,10.0,2.83,0.71,0.71,normal,acima,baixa,2,fallback (60d recentes),2.5
PT0002000068858674WN,3,,fim_semana,12.0,10.0,2.83,0.71,0.71,normal,acima,baixa,2,fallback (60d recentes),2.5
PT0002000068858674WN,4,,fim_semana,8.0,12.0,1.2,-3.33,-3.33,desvio,abaixo,baixa,2,fallback (60d recentes),2.5
PT0002000068858674WN,5,,fim_semana,12.0,10.0,2.83,0.71,0.71,normal,acima,baixa,2,fallback (60d recentes),2.5
PT0002000068858674WN,6,,fim_semana,12.0,12.0,1.2,0.0,0.0,normal,abaixo,baixa,2,fallback (60d recentes),2.5
PT0002000068858674WN,7,,fim_semana,8.0,10.0,2.83,-0.71,-0.71,normal,abaixo,baixa,2,fallback (60d recentes),2.5
PT0002000068858674WN,8,,fim_semana,12.0,14.0,2.83,-0.71,-0.71,normal,abaixo,baixa,2,fallback (60d recentes),2.5
PT0002000068858674WN,9,,fim_semana,12.0,12.0,1.2,0.0,0.0,normal,abaixo,baixa,2,fallback (60d recentes),2.5
PT0002000068858674WN,10,,fim_semana,12.0,12.0,5.66,0.0,0.0,normal,abaixo,baixa,2,fallback (60d recentes),2.5
PT0002000068858674WN,11,,fim_semana,8.0,12.0,1.2,-3.33,-3.33,desvio,abaixo,baixa,2,fallback (60d recentes),2.5
PT0002000068858674WN,12,,fim_semana,12.0,14.0,2.83,-0.71,-0.71,normal,abaixo,baixa,2,fallback (60d recentes),2.5
PT0002000068858674WN,13,,fim_semana,12.0,10.0,2.83,0.71,0.71,normal,acima,baixa,2,fallback (60d recentes),2.5
PT0002000068858674WN,14,,fim_semana,12.0,12.0,1.2,0.0,0.0,normal,abaixo,baixa,2,fallback (60d recentes),2.5
PT0002000068858674WN,15,,fim_semana,8.0,14.0,2.83,-2.12,-2.12,normal,abaixo,baixa,2,fallback (60d recentes),2.5
PT0002000068858674WN,16,,fim_semana,12.0,10.0,2.83,0.71,0.71,normal,acima,baixa,2,fallback (60d recentes),2.5
PT0002000068858674WN,17,,fim_semana,12.0,14.0,2.83,-0.71,-0.71,normal,abaixo,baixa,2,fallback (60d recentes),2.5
PT0002000068858674WN,18,,fim_semana,12.0,12.0,5.66,0.0,0.0,normal,abaixo,baixa,2,fallback (60d recentes),2.5
PT0002000068858674WN,19,,fim_semana,8.0,16.0,5.66,-1.41,-1.41,normal,abaixo,baixa,2,fallback (60d recentes),2.5
PT0002000068858674WN,20,,fim_semana,12.0,10.0,2.83,0.71,0.71,normal,acima,baixa,2,fallback (60d recentes),2.5
PT0002000068858674WN,21,,fim_semana,12.0,10.67,2.31,0.58,0.58,normal,acima,baixa,3,fallback (60d recentes),2.5
PT0002000068858674WN,22,,fim_semana,12.0,10.67,2.31,0.58,0.58,normal,acima,baixa,3,fallback (60d recentes),2.5
PT0002000068858674WN,23,,fim_semana,12.0,12.0,1.2,0.0,0.0,normal,abaixo,baixa,3,fallback (60d recentes),2.5
PT0002000068859187RL,0,0.0,fim_semana,13.0,12.0,1.2,0.83,0.83,normal,acima,baixa,2,fallback (60d recentes),2.5
PT0002000068859187RL,1,0.0,fim_semana,12.0,11.5,1.15,0.43,0.43,normal,acima,baixa,2,fallback (60d recentes),2.5
PT0002000068859187RL,2,0.0,fim_semana,12.0,12.0,1.2,0.0,0.0,normal,abaixo,baixa,2,fallback (60d recentes),2.5
PT0002000068859187RL,3,0.0,fim_semana,12.0,11.5,1.15,0.43,0.43,normal,acima,baixa,2,fallback (60d recentes),2.5
PT0002000068859187RL,4,0.0,fim_semana,12.0,12.0,1.2,0.0,0.0,normal,abaixo,baixa,2,fallback (60d recentes),2.5
PT0002000068859187RL,5,0.0,fim_semana,12.0,12.0,1.2,0.0,0.0,normal,abaixo,baixa,2,fallback (60d recentes),2.5
PT0002000068859187RL,6,0.0,fim_semana,12.0,12.0,1.2,0.0,0.0,normal,abaixo,baixa,2,fallback (60d recentes),2.5
PT0002000068859187RL,7,0.0,fim_semana,12.0,19.5,10.61,-0.71,-0.71,normal,abaixo,baixa,2,fallback (60d recentes),2.5
PT0002000068859187RL,8,0.0,fim_semana,12.0,36.0,33.94,-0.71,-0.71,normal,abaixo,baixa,2,fallback (60d recentes),2.5
PT0002000068859187RL,9,0.0,fim_semana,12.0,42.0,42.43,-0.71,-0.71,normal,abaixo,baixa,2,fallback (60d recentes),2.5
PT0002000068859187RL,10,0.0,fim_semana,12.0,41.5,41.72,-0.71,-0.71,normal,abaixo,baixa,2,fallback (60d recentes),2.5
PT0002000068859187RL,11,0.0,fim_semana,12.0,40.5,40.31,-0.71,-0.71,normal,abaixo,baixa,2,fallback (60d recentes),2.5
PT0002000068859187RL,12,0.0,fim_semana,12.0,43.0,43.84,-0.71,-0.71,normal,abaixo,baixa,2,fallback (60d recentes),2.5
PT0002000068859187RL,13,0.0,fim_semana,12.0,36.0,33.94,-0.71,-0.71,normal,abaixo,baixa,2,fallback (60d recentes),2.5
PT0002000068859187RL,14,0.0,fim_semana,12.0,37.5,36.06,-0.71,-0.71,normal,abaixo,baixa,2,fallback (60d recentes),2.5
PT0002000068859187RL,15,0.0,fim_semana,12.0,34.0,31.11,-0.71,-0.71,normal,abaixo,baixa,2,fallback (60d recentes),2.5
PT0002000068859187RL,16,0.0,fim_semana,12.0,31.5,27.58,-0.71,-0.71,normal,abaixo,baixa,2,fallback (60d recentes),2.5
PT0002000068859187RL,17,0.0,fim_semana,12.0,28.0,22.63,-0.71,-0.71,normal,abaixo,baixa,2,fallback (60d recentes),2.5
PT0002000068859187RL,18,0.0,fim_semana,12.0,22.5,14.85,-0.71,-0.71,normal,abaixo,baixa,2,fallback (60d recentes),2.5
PT0002000068859187RL,19,0.0,fim_semana,12.0,14.0,2.83,-0.71,-0.71,normal,abaixo,baixa,2,fallback (60d recentes),2.5
PT0002000068859187RL,20,0.0,fim_semana,12.0,12.0,1.2,0.0,0.0,normal,abaixo,baixa,2,fallback (60d recentes),2.5
PT0002000068859187RL,21,0.0,fim_semana,12.0,11.0,1.73,0.58,0.58,normal,acima,baixa,3,fallback (60d recentes),2.5
PT0002000068859187RL,22,0.0,fim_semana,12.0,12.0,1.2,0.0,0.0,normal,abaixo,baixa,3,fallback (60d recentes),2.5
PT0002000068859187RL,23,0.0,fim_semana,12.0,11.67,1.17,0.29,0.29,normal,acima,baixa,3,fallback (60d recentes),2.5
PT0002000068859325FL,0,1.0,fim_semana,160.0,64.0,6.4,10.0,15.0,desvio,acima,baixa,2,fallback (60d recentes),2.5
PT0002000068859325FL,1,1.0,fim_semana,132.0,70.0,14.14,4.38,4.38,desvio,acima,baixa,2,fallback (60d recentes),2.5
PT0002000068859325FL,2,1.0,fim_semana,108.0,62.0,14.14,3.25,3.25,desvio,acima,baixa,2,fallback (60d recentes),2.5
PT0002000068859325FL,3,1.0,fim_semana,80.0,56.0,16.97,1.41,1.41,normal,acima,baixa,2,fallback (60d recentes),2.5
PT0002000068859325FL,4,1.0,fim_semana,76.0,60.0,16.97,0.94,0.94,normal,acima,baixa,2,fallback (60d recentes),2.5
PT0002000068859325FL,5,1.0,fim_semana,72.0,54.0,19.8,0.91,0.91,normal,acima,baixa,2,fallback (60d recentes),2.5
PT0002000068859325FL,6,1.0,fim_semana,92.0,88.0,8.8,0.45,0.45,normal,acima,baixa,2,fallback (60d recentes),2.5
PT0002000068859325FL,7,1.0,fim_semana,120.0,70.0,42.43,1.18,1.18,normal,acima,baixa,2,fallback (60d recentes),2.5
PT0002000068859325FL,8,1.0,fim_semana,132.0,90.0,25.46,1.65,1.65,normal,acima,baixa,2,fallback (60d recentes),2.5
PT0002000068859325FL,9,1.0,fim_semana,152.0,122.0,12.2,2.46,2.46,normal,acima,baixa,2,fallback (60d recentes),2.5
PT0002000068859325FL,10,1.0,fim_semana,164.0,130.0,13.0,2.62,2.62,desvio,acima,baixa,2,fallback (60d recentes),2.5
PT0002000068859325FL,11,1.0,fim_semana,212.0,164.0,28.28,1.7,1.7,normal,acima,baixa,2,fallback (60d recentes),2.5
PT0002000068859325FL,12,1.0,fim_semana,204.0,160.0,28.28,1.56,1.56,normal,acima,baixa,2,fallback (60d recentes),2.5
PT0002000068859325FL,13,1.0,fim_semana,180.0,184.0,18.4,-0.22,-0.22,normal,abaixo,baixa,2,fallback (60d recentes),2.5
PT0002000068859325FL,14,1.0,fim_semana,156.0,170.0,17.0,-0.82,-0.82,normal,abaixo,baixa,2,fallback (60d recentes),2.5
PT0002000068859325FL,15,1.0,fim_semana,136.0,166.0,65.05,-0.46,-0.46,normal,abaixo,baixa,2,fallback (60d recentes),2.5
PT0002000068859325FL,16,1.0,fim_semana,132.0,152.0,56.57,-0.35,-0.35,normal,abaixo,baixa,2,fallback (60d recentes),2.5
PT0002000068859325FL,17,1.0,fim_semana,152.0,172.0,39.6,-0.51,-0.51,normal,abaixo,baixa,2,fallback (60d recentes),2.5
PT0002000068859325FL,18,1.0,fim_semana,148.0,180.0,28.28,-1.13,-1.13,normal,abaixo,baixa,2,fallback (60d recentes),2.5
PT0002000068859325FL,19,1.0,fim_semana,160.0,172.0,50.91,-0.24,-0.24,normal,abaixo,baixa,2,fallback (60d recentes),2.5
PT0002000068859325FL,20,1.0,fim_semana,212.0,176.0,28.28,1.27,1.27,normal,acima,baixa,2,fallback (60d recentes),2.5
PT0002000068859325FL,21,1.0,fim_semana,204.0,176.0,72.33,0.39,0.39,normal,acima,baixa,3,fallback (60d recentes),2.5
PT0002000068859325FL,22,1.0,fim_semana,172.0,133.33,42.02,0.92,0.92,normal,acima,baixa,3,fallback (60d recentes),2.5
PT0002000068859325FL,23,1.0,fim_semana,168.0,96.0,56.0,1.29,1.29,normal,acima,baixa,3,fallback (60d recentes),2.5
PT0002000068859382XF,0,0.0,fim_semana,53.0,43.5,4.35,2.18,2.18,normal,acima,baixa,2,fallback (60d recentes),2.5
PT0002000068859382XF,1,0.0,fim_semana,46.0,42.5,4.25,0.82,0.82,normal,acima,baixa,2,fallback (60d recentes),2.5
PT0002000068859382XF,2,0.0,fim_semana,43.0,40.5,4.05,0.62,0.62,normal,acima,baixa,2,fallback (60d recentes),2.5
PT0002000068859382XF,3,0.0,fim_semana,45.0,40.5,4.05,1.11,1.11,normal,acima,baixa,2,fallback (60d recentes),2.5
PT0002000068859382XF,4,0.0,fim_semana,44.0,40.0,4.0,1.0,1.0,normal,acima,baixa,2,fallback (60d recentes),2.5
PT0002000068859382XF,5,0.0,fim_semana,42.0,40.5,4.05,0.37,0.37,normal,acima,baixa,2,fallback (60d recentes),2.5
PT0002000068859382XF,6,0.0,fim_semana,42.0,39.5,3.95,0.63,0.63,normal,acima,baixa,2,fallback (60d recentes),2.5
PT0002000068859382XF,7,0.0,fim_semana,42.0,43.5,4.35,-0.34,-0.34,normal,abaixo,baixa,2,fallback (60d recentes),2.5
PT0002000068859382XF,8,0.0,fim_semana,46.0,50.5,14.85,-0.3,-0.3,normal,abaixo,baixa,2,fallback (60d recentes),2.5
PT0002000068859382XF,9,0.0,fim_semana,47.0,57.0,25.46,-0.39,-0.39,normal,abaixo,baixa,2,fallback (60d recentes),2.5
PT0002000068859382XF,10,0.0,fim_semana,46.0,59.0,22.63,-0.57,-0.57,normal,abaixo,baixa,2,fallback (60d recentes),2.5
PT0002000068859382XF,11,0.0,fim_semana,46.0,60.5,23.33,-0.62,-0.62,normal,abaixo,baixa,2,fallback (60d recentes),2.5
PT0002000068859382XF,12,0.0,fim_semana,45.0,60.5,20.51,-0.76,-0.76,normal,abaixo,baixa,2,fallback (60d recentes),2.5
PT0002000068859382XF,13,0.0,fim_semana,47.0,57.0,15.56,-0.64,-0.64,normal,abaixo,baixa,2,fallback (60d recentes),2.5
PT0002000068859382XF,14,0.0,fim_semana,45.0,58.0,19.8,-0.66,-0.66,normal,abaixo,baixa,2,fallback (60d recentes),2.5
PT0002000068859382XF,15,0.0,fim_semana,44.0,55.0,16.97,-0.65,-0.65,normal,abaixo,baixa,2,fallback (60d recentes),2.5
PT0002000068859382XF,16,0.0,fim_semana,49.0,57.0,15.56,-0.51,-0.51,normal,abaixo,baixa,2,fallback (60d recentes),2.5
PT0002000068859382XF,17,0.0,fim_semana,48.0,48.0,4.8,0.0,0.0,normal,abaixo,baixa,2,fallback (60d recentes),2.5
PT0002000068859382XF,18,0.0,fim_semana,50.0,47.5,4.95,0.51,0.51,normal,acima,baixa,2,fallback (60d recentes),2.5
PT0002000068859382XF,19,0.0,fim_semana,52.0,49.0,5.66,0.53,0.53,normal,acima,baixa,2,fallback (60d recentes),2.5
PT0002000068859382XF,20,0.0,fim_semana,48.0,46.0,5.66,0.35,0.35,normal,acima,baixa,2,fallback (60d recentes),2.5
PT0002000068859382XF,21,0.0,fim_semana,47.0,43.67,7.77,0.43,0.43,normal,acima,baixa,3,fallback (60d recentes),2.5
PT0002000068859382XF,22,0.0,fim_semana,51.0,51.67,7.57,-0.09,-0.09,normal,abaixo,baixa,3,fallback (60d recentes),2.5
PT0002000068859382XF,23,0.0,fim_semana,51.0,53.67,9.07,-0.29,-0.29,normal,abaixo,baixa,3,fallback (60d recentes),2.5
PT0002000068859393XH,0,1.0,fim_semana,22.0,22.0,2.2,0.0,0.0,normal,abaixo,baixa,2,fallback (60d recentes),2.5
PT0002000068859393XH,1,1.0,fim_semana,21.0,22.5,2.25,-0.67,-0.67,normal,abaixo,baixa,2,fallback (60d recentes),2.5
PT0002000068859393XH,2,1.0,fim_semana,23.0,22.5,2.25,0.22,0.22,normal,acima,baixa,2,fallback (60d recentes),2.5
PT0002000068859393XH,3,1.0,fim_semana,20.0,21.5,2.15,-0.7,-0.7,normal,abaixo,baixa,2,fallback (60d recentes),2.5
PT0002000068859393XH,4,1.0,fim_semana,22.0,23.0,2.3,-0.43,-0.43,normal,abaixo,baixa,2,fallback (60d recentes),2.5
PT0002000068859393XH,5,1.0,fim_semana,19.0,20.5,2.05,-0.73,-0.73,normal,abaixo,baixa,2,fallback (60d recentes),2.5
PT0002000068859393XH,6,1.0,fim_semana,17.0,18.0,1.8,-0.56,-0.56,normal,abaixo,baixa,2,fallback (60d recentes),2.5
PT0002000068859393XH,7,1.0,fim_semana,17.0,53.5,51.62,-0.71,-0.71,normal,abaixo,baixa,2,fallback (60d recentes),2.5
PT0002000068859393XH,8,1.0,fim_semana,72.0,87.0,39.6,-0.38,-0.38,normal,abaixo,baixa,2,fallback (60d recentes),2.5
PT0002000068859393XH,9,1.0,fim_semana,114.0,104.0,29.7,0.34,0.34,normal,acima,baixa,2,fallback (60d recentes),2.5
PT0002000068859393XH,10,1.0,fim_semana,117.0,120.5,21.92,-0.16,-0.16,normal,abaixo,baixa,2,fallback (60d recentes),2.5
PT0002000068859393XH,11,1.0,fim_semana,116.0,134.0,13.4,-1.34,-1.34,normal,abaixo,baixa,2,fallback (60d recentes),2.5
PT0002000068859393XH,12,1.0,fim_semana,76.0,131.0,13.1,-4.2,-4.2,desvio,abaixo,baixa,2,fallback (60d recentes),2.5
PT0002000068859393XH,13,1.0,fim_semana,43.0,129.5,12.95,-6.68,-6.68,desvio,abaixo,baixa,2,fallback (60d recentes),2.5
PT0002000068859393XH,14,1.0,fim_semana,42.0,130.0,14.14,-6.22,-6.22,desvio,abaixo,baixa,2,fallback (60d recentes),2.5
PT0002000068859393XH,15,1.0,fim_semana,41.0,130.0,16.97,-5.24,-5.24,desvio,abaixo,baixa,2,fallback (60d recentes),2.5
PT0002000068859393XH,16,1.0,fim_semana,42.0,127.0,18.38,-4.62,-4.62,desvio,abaixo,baixa,2,fallback (60d recentes),2.5
PT0002000068859393XH,17,1.0,fim_semana,42.0,125.0,15.56,-5.34,-5.34,desvio,abaixo,baixa,2,fallback (60d recentes),2.5
PT0002000068859393XH,18,1.0,fim_semana,42.0,125.0,16.97,-4.89,-4.89,desvio,abaixo,baixa,2,fallback (60d recentes),2.5
PT0002000068859393XH,19,1.0,fim_semana,43.0,133.0,13.3,-6.77,-6.77,desvio,abaixo,baixa,2,fallback (60d recentes),2.5
PT0002000068859393XH,20,1.0,fim_semana,45.0,128.0,24.04,-3.45,-3.45,desvio,abaixo,baixa,2,fallback (60d recentes),2.5
PT0002000068859393XH,21,1.0,fim_semana,45.0,110.33,60.52,-1.08,-1.08,normal,abaixo,baixa,3,fallback (60d recentes),2.5
PT0002000068859393XH,22,1.0,fim_semana,42.0,124.33,75.79,-1.09,-1.09,normal,abaixo,baixa,3,fallback (60d recentes),2.5
PT0002000068859393XH,23,1.0,fim_semana,26.0,48.0,25.06,-0.88,-0.88,normal,abaixo,baixa,3,fallback (60d recentes),2.5
PT0002000068859597LS,0,0.0,fim_semana,31.0,31.5,3.15,-0.16,-0.16,normal,abaixo,baixa,2,fallback (60d recentes),2.5
PT0002000068859597LS,1,0.0,fim_semana,31.0,31.5,3.15,-0.16,-0.16,normal,abaixo,baixa,2,fallback (60d recentes),2.5
PT0002000068859597LS,2,0.0,fim_semana,31.0,31.0,3.1,0.0,0.0,normal,abaixo,baixa,2,fallback (60d recentes),2.5
PT0002000068859597LS,3,0.0,fim_semana,32.0,31.0,3.1,0.32,0.32,normal,acima,baixa,2,fallback (60d recentes),2.5
PT0002000068859597LS,4,0.0,fim_semana,30.0,30.0,3.0,0.0,0.0,normal,abaixo,baixa,2,fallback (60d recentes),2.5
PT0002000068859597LS,5,0.0,fim_semana,31.0,32.0,3.2,-0.31,-0.31,normal,abaixo,baixa,2,fallback (60d recentes),2.5
PT0002000068859597LS,6,0.0,fim_semana,37.0,35.5,3.55,0.42,0.42,normal,acima,baixa,2,fallback (60d recentes),2.5
PT0002000068859597LS,7,0.0,fim_semana,32.0,32.0,3.2,0.0,0.0,normal,abaixo,baixa,2,fallback (60d recentes),2.5
PT0002000068859597LS,8,0.0,fim_semana,32.0,48.0,16.97,-0.94,-0.94,normal,abaixo,baixa,2,fallback (60d recentes),2.5
PT0002000068859597LS,9,0.0,fim_semana,43.0,58.0,26.87,-0.56,-0.56,normal,abaixo,baixa,2,fallback (60d recentes),2.5
PT0002000068859597LS,10,0.0,fim_semana,45.0,65.0,36.77,-0.54,-0.54,normal,abaixo,baixa,2,fallback (60d recentes),2.5
PT0002000068859597LS,11,0.0,fim_semana,42.0,62.0,35.36,-0.57,-0.57,normal,abaixo,baixa,2,fallback (60d recentes),2.5
PT0002000068859597LS,12,0.0,fim_semana,43.0,59.5,33.23,-0.5,-0.5,normal,abaixo,baixa,2,fallback (60d recentes),2.5
PT0002000068859597LS,13,0.0,fim_semana,36.0,55.5,21.92,-0.89,-0.89,normal,abaixo,baixa,2,fallback (60d recentes),2.5
PT0002000068859597LS,14,0.0,fim_semana,38.0,61.5,24.75,-0.95,-0.95,normal,abaixo,baixa,2,fallback (60d recentes),2.5
PT0002000068859597LS,15,0.0,fim_semana,41.0,61.5,23.33,-0.88,-0.88,normal,abaixo,baixa,2,fallback (60d recentes),2.5
PT0002000068859597LS,16,0.0,fim_semana,38.0,50.0,11.31,-1.06,-1.06,normal,abaixo,baixa,2,fallback (60d recentes),2.5
PT0002000068859597LS,17,0.0,fim_semana,38.0,39.5,3.95,-0.38,-0.38,normal,abaixo,baixa,2,fallback (60d recentes),2.5
PT0002000068859597LS,18,0.0,fim_semana,36.0,39.0,3.9,-0.77,-0.77,normal,abaixo,baixa,2,fallback (60d recentes),2.5
PT0002000068859597LS,19,0.0,fim_semana,34.0,35.5,3.55,-0.42,-0.42,normal,abaixo,baixa,2,fallback (60d recentes),2.5
PT0002000068859597LS,20,0.0,fim_semana,36.0,34.5,3.45,0.43,0.43,normal,acima,baixa,2,fallback (60d recentes),2.5
PT0002000068859597LS,21,0.0,fim_semana,36.0,65.0,9.85,-2.94,-2.94,desvio,abaixo,baixa,3,fallback (60d recentes),2.5
PT0002000068859597LS,22,0.0,fim_semana,74.0,75.33,10.79,-0.12,-0.12,normal,abaixo,baixa,3,fallback (60d recentes),2.5
PT0002000068859597LS,23,0.0,fim_semana,58.0,48.0,7.94,1.26,1.26,normal,acima,baixa,3,fallback (60d recentes),2.5
PT0002000071896778MT,0,0.0,fim_semana,5.0,6.0,0.6,-1.67,-1.67,normal,abaixo,baixa,2,fallback (60d recentes),2.5
PT0002000071896778MT,1,0.0,fim_semana,4.0,4.5,0.71,-0.71,-0.71,normal,abaixo,baixa,2,fallback (60d recentes),2.5
PT0002000071896778MT,2,0.0,fim_semana,6.0,5.5,0.71,0.71,0.71,normal,acima,baixa,2,fallback (60d recentes),2.5
PT0002000071896778MT,3,0.0,fim_semana,5.0,6.0,0.6,-1.67,-1.67,normal,abaixo,baixa,2,fallback (60d recentes),2.5
PT0002000071896778MT,4,0.0,fim_semana,5.0,5.5,0.71,-0.71,-0.71,normal,abaixo,baixa,2,fallback (60d recentes),2.5
PT0002000071896778MT,5,0.0,fim_semana,5.0,5.5,0.71,-0.71,-0.71,normal,abaixo,baixa,2,fallback (60d recentes),2.5
PT0002000071896778MT,6,0.0,fim_semana,5.0,5.5,0.71,-0.71,-0.71,normal,abaixo,baixa,2,fallback (60d recentes),2.5
PT0002000071896778MT,7,0.0,fim_semana,4.0,11.0,9.9,-0.71,-0.71,normal,abaixo,baixa,2,fallback (60d recentes),2.5
PT0002000071896778MT,8,0.0,fim_semana,6.0,14.5,12.02,-0.71,-0.71,normal,abaixo,baixa,2,fallback (60d recentes),2.5
PT0002000071896778MT,9,0.0,fim_semana,5.0,15.5,13.44,-0.78,-0.78,normal,abaixo,baixa,2,fallback (60d recentes),2.5
PT0002000071896778MT,10,0.0,fim_semana,5.0,21.0,22.63,-0.71,-0.71,normal,abaixo,baixa,2,fallback (60d recentes),2.5
PT0002000071896778MT,11,0.0,fim_semana,5.0,13.0,11.31,-0.71,-0.71,normal,abaixo,baixa,2,fallback (60d recentes),2.5
PT0002000071896778MT,12,0.0,fim_semana,5.0,19.0,18.38,-0.76,-0.76,normal,abaixo,baixa,2,fallback (60d recentes),2.5
PT0002000071896778MT,13,0.0,fim_semana,5.0,13.0,12.73,-0.63,-0.63,normal,abaixo,baixa,2,fallback (60d recentes),2.5
PT0002000071896778MT,14,0.0,fim_semana,5.0,11.5,9.19,-0.71,-0.71,normal,abaixo,baixa,2,fallback (60d recentes),2.5
PT0002000071896778MT,15,0.0,fim_semana,5.0,9.0,5.66,-0.71,-0.71,normal,abaixo,baixa,2,fallback (60d recentes),2.5
PT0002000071896778MT,16,0.0,fim_semana,6.0,10.0,5.66,-0.71,-0.71,normal,abaixo,baixa,2,fallback (60d recentes),2.5
PT0002000071896778MT,17,0.0,fim_semana,5.0,8.5,4.95,-0.71,-0.71,normal,abaixo,baixa,2,fallback (60d recentes),2.5
PT0002000071896778MT,18,0.0,fim_semana,5.0,8.0,2.83,-1.06,-1.06,normal,abaixo,baixa,2,fallback (60d recentes),2.5
PT0002000071896778MT,19,0.0,fim_semana,5.0,4.5,0.71,0.71,0.71,normal,acima,baixa,2,fallback (60d recentes),2.5
PT0002000071896778MT,20,0.0,fim_semana,5.0,5.5,0.71,-0.71,-0.71,normal,abaixo,baixa,2,fallback (60d recentes),2.5
PT0002000071896778MT,21,0.0,fim_semana,5.0,5.67,0.58,-1.15,-1.15,normal,abaixo,baixa,3,fallback (60d recentes),2.5
PT0002000071896778MT,22,0.0,fim_semana,5.0,5.33,0.58,-0.58,-0.58,normal,abaixo,baixa,3,fallback (60d recentes),2.5
PT0002000071896778MT,23,0.0,fim_semana,6.0,5.33,0.58,1.15,1.15,normal,acima,baixa,3,fallback (60d recentes),2.5
PT0002000073231742VK,0,0.0,fim_semana,17.0,15.5,1.55,0.97,0.97,normal,acima,baixa,2,fallback (60d recentes),2.5
PT0002000073231742VK,1,0.0,fim_semana,17.0,15.0,1.5,1.33,1.33,normal,acima,baixa,2,fallback (60d recentes),2.5
PT0002000073231742VK,2,0.0,fim_semana,17.0,14.5,1.45,1.72,1.72,normal,acima,baixa,2,fallback (60d recentes),2.5
PT0002000073231742VK,3,0.0,fim_semana,17.0,15.5,2.12,0.71,0.71,normal,acima,baixa,2,fallback (60d recentes),2.5
PT0002000073231742VK,4,0.0,fim_semana,16.0,15.0,1.5,0.67,0.67,normal,acima,baixa,2,fallback (60d recentes),2.5
PT0002000073231742VK,5,0.0,fim_semana,17.0,14.5,2.12,1.18,1.18,normal,acima,baixa,2,fallback (60d recentes),2.5
PT0002000073231742VK,6,0.0,fim_semana,17.0,15.0,1.5,1.33,1.33,normal,acima,baixa,2,fallback (60d recentes),2.5
PT0002000073231742VK,7,0.0,fim_semana,15.0,20.5,7.78,-0.71,-0.71,normal,abaixo,baixa,2,fallback (60d recentes),2.5
PT0002000073231742VK,8,0.0,fim_semana,15.0,28.5,17.68,-0.76,-0.76,normal,abaixo,baixa,2,fallback (60d recentes),2.5
PT0002000073231742VK,9,0.0,fim_semana,16.0,24.5,13.44,-0.63,-0.63,normal,abaixo,baixa,2,fallback (60d recentes),2.5
PT0002000073231742VK,10,0.0,fim_semana,16.0,24.0,11.31,-0.71,-0.71,normal,abaixo,baixa,2,fallback (60d recentes),2.5
PT0002000073231742VK,11,0.0,fim_semana,15.0,22.5,10.61,-0.71,-0.71,normal,abaixo,baixa,2,fallback (60d recentes),2.5
PT0002000073231742VK,12,0.0,fim_semana,15.0,24.5,12.02,-0.79,-0.79,normal,abaixo,baixa,2,fallback (60d recentes),2.5
PT0002000073231742VK,13,0.0,fim_semana,16.0,21.0,7.07,-0.71,-0.71,normal,abaixo,baixa,2,fallback (60d recentes),2.5
PT0002000073231742VK,14,0.0,fim_semana,16.0,21.5,9.19,-0.6,-0.6,normal,abaixo,baixa,2,fallback (60d recentes),2.5
PT0002000073231742VK,15,0.0,fim_semana,16.0,19.5,4.95,-0.71,-0.71,normal,abaixo,baixa,2,fallback (60d recentes),2.5
PT0002000073231742VK,16,0.0,fim_semana,16.0,19.0,4.24,-0.71,-0.71,normal,abaixo,baixa,2,fallback (60d recentes),2.5
PT0002000073231742VK,17,0.0,fim_semana,16.0,19.0,2.83,-1.06,-1.06,normal,abaixo,baixa,2,fallback (60d recentes),2.5
PT0002000073231742VK,18,0.0,fim_semana,15.0,17.5,2.12,-1.18,-1.18,normal,abaixo,baixa,2,fallback (60d recentes),2.5
PT0002000073231742VK,19,0.0,fim_semana,16.0,16.5,1.65,-0.3,-0.3,normal,abaixo,baixa,2,fallback (60d recentes),2.5
PT0002000073231742VK,20,0.0,fim_semana,16.0,16.0,1.6,0.0,0.0,normal,abaixo,baixa,2,fallback (60d recentes),2.5
PT0002000073231742VK,21,0.0,fim_semana,17.0,15.67,3.21,0.41,0.41,normal,acima,baixa,3,fallback (60d recentes),2.5
PT0002000073231742VK,22,0.0,fim_semana,17.0,16.33,1.63,0.41,0.41,normal,acima,baixa,3,fallback (60d recentes),2.5
PT0002000073231742VK,23,0.0,fim_semana,18.0,15.33,1.53,1.74,1.74,normal,acima,baixa,3,fallback (60d recentes),2.5
PT0002000073481266XH,0,0.0,fim_semana,7.0,8.0,0.8,-1.25,-1.25,normal,abaixo,baixa,2,fallback (60d recentes),2.5
PT0002000073481266XH,1,0.0,fim_semana,7.0,7.0,0.7,0.0,0.0,normal,abaixo,baixa,2,fallback (60d recentes),2.5
PT0002000073481266XH,2,0.0,fim_semana,8.0,7.5,0.75,0.67,0.67,normal,acima,baixa,2,fallback (60d recentes),2.5
PT0002000073481266XH,3,0.0,fim_semana,7.0,7.5,0.75,-0.67,-0.67,normal,abaixo,baixa,2,fallback (60d recentes),2.5
PT0002000073481266XH,4,0.0,fim_semana,7.0,7.5,0.75,-0.67,-0.67,normal,abaixo,baixa,2,fallback (60d recentes),2.5
PT0002000073481266XH,5,0.0,fim_semana,7.0,7.5,0.75,-0.67,-0.67,normal,abaixo,baixa,2,fallback (60d recentes),2.5
PT0002000073481266XH,6,0.0,fim_semana,6.0,6.0,0.6,0.0,0.0,normal,abaixo,baixa,2,fallback (60d recentes),2.5
PT0002000073481266XH,7,0.0,fim_semana,6.0,8.5,3.54,-0.71,-0.71,normal,abaixo,baixa,2,fallback (60d recentes),2.5
PT0002000073481266XH,8,0.0,fim_semana,6.0,17.5,16.26,-0.71,-0.71,normal,abaixo,baixa,2,fallback (60d recentes),2.5
PT0002000073481266XH,9,0.0,fim_semana,6.0,29.0,32.53,-0.71,-0.71,normal,abaixo,baixa,2,fallback (60d recentes),2.5
PT0002000073481266XH,10,0.0,fim_semana,6.0,26.5,28.99,-0.71,-0.71,normal,abaixo,baixa,2,fallback (60d recentes),2.5
PT0002000073481266XH,11,0.0,fim_semana,6.0,32.0,35.36,-0.74,-0.74,normal,abaixo,baixa,2,fallback (60d recentes),2.5
PT0002000073481266XH,12,0.0,fim_semana,6.0,24.0,25.46,-0.71,-0.71,normal,abaixo,baixa,2,fallback (60d recentes),2.5
PT0002000073481266XH,13,0.0,fim_semana,6.0,22.5,21.92,-0.75,-0.75,normal,abaixo,baixa,2,fallback (60d recentes),2.5
PT0002000073481266XH,14,0.0,fim_semana,6.0,22.5,23.33,-0.71,-0.71,normal,abaixo,baixa,2,fallback (60d recentes),2.5
PT0002000073481266XH,15,0.0,fim_semana,7.0,21.0,21.21,-0.66,-0.66,normal,abaixo,baixa,2,fallback (60d recentes),2.5
PT0002000073481266XH,16,0.0,fim_semana,6.0,23.0,24.04,-0.71,-0.71,normal,abaixo,baixa,2,fallback (60d recentes),2.5
PT0002000073481266XH,17,0.0,fim_semana,6.0,22.0,22.63,-0.71,-0.71,normal,abaixo,baixa,2,fallback (60d recentes),2.5
PT0002000073481266XH,18,0.0,fim_semana,8.0,8.0,2.83,0.0,0.0,normal,abaixo,baixa,2,fallback (60d recentes),2.5
PT0002000073481266XH,19,0.0,fim_semana,9.0,7.5,2.12,0.71,0.71,normal,acima,baixa,2,fallback (60d recentes),2.5
PT0002000073481266XH,20,0.0,fim_semana,10.0,7.0,1.41,2.12,2.12,normal,acima,baixa,2,fallback (60d recentes),2.5
PT0002000073481266XH,21,0.0,fim_semana,10.0,8.67,1.15,1.15,1.15,normal,acima,baixa,3,fallback (60d recentes),2.5
PT0002000073481266XH,22,0.0,fim_semana,10.0,8.67,1.15,1.15,1.15,normal,acima,baixa,3,fallback (60d recentes),2.5
PT0002000073481266XH,23,0.0,fim_semana,8.0,8.33,0.83,-0.4,-0.4,normal,abaixo,baixa,3,fallback (60d recentes),2.5
PT0002000073573036KH,0,,fim_semana,178.0,187.0,18.7,-0.48,-0.48,normal,abaixo,baixa,2,fallback (60d recentes),2.5
PT0002000073573036KH,1,,fim_semana,178.0,187.0,18.7,-0.48,-0.48,normal,abaixo,baixa,2,fallback (60d recentes),2.5
PT0002000073573036KH,2,,fim_semana,177.0,185.0,18.5,-0.43,-0.43,normal,abaixo,baixa,2,fallback (60d recentes),2.5
PT0002000073573036KH,3,,fim_semana,176.0,187.0,18.7,-0.59,-0.59,normal,abaixo,baixa,2,fallback (60d recentes),2.5
PT0002000073573036KH,4,,fim_semana,176.0,186.0,18.6,-0.54,-0.54,normal,abaixo,baixa,2,fallback (60d recentes),2.5
PT0002000073573036KH,5,,fim_semana,175.0,185.5,18.55,-0.57,-0.57,normal,abaixo,baixa,2,fallback (60d recentes),2.5
PT0002000073573036KH,6,,fim_semana,193.0,208.0,20.8,-0.72,-0.72,normal,abaixo,baixa,2,fallback (60d recentes),2.5
PT0002000073573036KH,7,,fim_semana,208.0,229.5,22.95,-0.94,-0.94,normal,abaixo,baixa,2,fallback (60d recentes),2.5
PT0002000073573036KH,8,,fim_semana,249.0,250.5,25.05,-0.06,-0.06,normal,abaixo,baixa,2,fallback (60d recentes),2.5
PT0002000073573036KH,9,,fim_semana,325.0,324.0,32.4,0.03,0.03,normal,acima,baixa,2,fallback (60d recentes),2.5
PT0002000073573036KH,10,,fim_semana,332.0,334.0,33.4,-0.06,-0.06,normal,abaixo,baixa,2,fallback (60d recentes),2.5
PT0002000073573036KH,11,,fim_semana,334.0,337.0,33.7,-0.09,-0.09,normal,abaixo,baixa,2,fallback (60d recentes),2.5
PT0002000073573036KH,12,,fim_semana,325.0,328.0,32.8,-0.09,-0.09,normal,abaixo,baixa,2,fallback (60d recentes),2.5
PT0002000073573036KH,13,,fim_semana,269.0,315.0,31.5,-1.46,-1.46,normal,abaixo,baixa,2,fallback (60d recentes),2.5
PT0002000073573036KH,14,,fim_semana,265.0,318.5,31.85,-1.68,-1.68,normal,abaixo,baixa,2,fallback (60d recentes),2.5
PT0002000073573036KH,15,,fim_semana,191.0,327.5,32.75,-4.17,-4.17,desvio,abaixo,baixa,2,fallback (60d recentes),2.5
PT0002000073573036KH,16,,fim_semana,191.0,330.5,33.05,-4.22,-4.22,desvio,abaixo,baixa,2,fallback (60d recentes),2.5
PT0002000073573036KH,17,,fim_semana,193.0,329.0,32.9,-4.13,-4.13,desvio,abaixo,baixa,2,fallback (60d recentes),2.5
PT0002000073573036KH,18,,fim_semana,198.0,326.5,32.65,-3.94,-3.94,desvio,abaixo,baixa,2,fallback (60d recentes),2.5
PT0002000073573036KH,19,,fim_semana,198.0,318.0,31.8,-3.77,-3.77,desvio,abaixo,baixa,2,fallback (60d recentes),2.5
PT0002000073573036KH,20,,fim_semana,199.0,265.0,77.78,-0.85,-0.85,normal,abaixo,baixa,2,fallback (60d recentes),2.5
PT0002000073573036KH,21,,fim_semana,199.0,212.33,27.06,-0.49,-0.49,normal,abaixo,baixa,3,fallback (60d recentes),2.5
PT0002000073573036KH,22,,fim_semana,181.0,190.67,19.07,-0.51,-0.51,normal,abaixo,baixa,3,fallback (60d recentes),2.5
PT0002000073573036KH,23,,fim_semana,179.0,183.33,18.33,-0.24,-0.24,normal,abaixo,baixa,3,fallback (60d recentes),2.5
PT0002000073717386HC,0,,fim_semana,1.0,1.0,0.3,0.0,0.0,normal,abaixo,baixa,2,fallback (60d recentes),2.5
PT0002000073717386HC,1,,fim_semana,1.0,1.0,0.3,0.0,0.0,normal,abaixo,baixa,2,fallback (60d recentes),2.5
PT0002000073717386HC,2,,fim_semana,1.0,1.0,0.3,0.0,0.0,normal,abaixo,baixa,2,fallback (60d recentes),2.5
PT0002000073717386HC,3,,fim_semana,1.0,1.0,0.3,0.0,0.0,normal,abaixo,baixa,2,fallback (60d recentes),2.5
PT0002000073717386HC,4,,fim_semana,1.0,1.0,0.3,0.0,0.0,normal,abaixo,baixa,2,fallback (60d recentes),2.5
PT0002000073717386HC,5,,fim_semana,1.0,1.0,0.3,0.0,0.0,normal,abaixo,baixa,2,fallback (60d recentes),2.5
PT0002000073717386HC,6,,fim_semana,1.0,1.0,0.3,0.0,0.0,normal,abaixo,baixa,2,fallback (60d recentes),2.5
PT0002000073717386HC,7,,fim_semana,1.0,1.5,0.71,-0.71,-0.71,normal,abaixo,baixa,2,fallback (60d recentes),2.5
PT0002000073717386HC,8,,fim_semana,5.0,5.0,0.5,0.0,0.0,normal,abaixo,baixa,2,fallback (60d recentes),2.5
PT0002000073717386HC,9,,fim_semana,67.0,54.0,14.14,0.92,0.92,normal,acima,baixa,2,fallback (60d recentes),2.5
PT0002000073717386HC,10,,fim_semana,69.0,58.5,6.36,1.65,1.65,normal,acima,baixa,2,fallback (60d recentes),2.5
PT0002000073717386HC,11,,fim_semana,67.0,63.5,6.35,0.55,0.55,normal,acima,baixa,2,fallback (60d recentes),2.5
PT0002000073717386HC,12,,fim_semana,8.0,7.5,0.75,0.67,0.67,normal,acima,baixa,2,fallback (60d recentes),2.5
PT0002000073717386HC,13,,fim_semana,5.0,5.5,0.71,-0.71,-0.71,normal,abaixo,baixa,2,fallback (60d recentes),2.5
PT0002000073717386HC,14,,fim_semana,2.0,1.0,0.3,3.33,3.33,desvio,acima,baixa,2,fallback (60d recentes),2.5
PT0002000073717386HC,15,,fim_semana,1.0,1.0,0.3,0.0,0.0,normal,abaixo,baixa,2,fallback (60d recentes),2.5
PT0002000073717386HC,16,,fim_semana,42.0,40.5,17.68,0.08,0.08,normal,acima,baixa,2,fallback (60d recentes),2.5
PT0002000073717386HC,17,,fim_semana,54.0,37.0,25.46,0.67,0.67,normal,acima,baixa,2,fallback (60d recentes),2.5
PT0002000073717386HC,18,,fim_semana,62.0,44.5,17.68,0.99,0.99,normal,acima,baixa,2,fallback (60d recentes),2.5
PT0002000073717386HC,19,,fim_semana,65.0,61.5,13.44,0.26,0.26,normal,acima,baixa,2,fallback (60d recentes),2.5
PT0002000073717386HC,20,,fim_semana,71.0,65.0,9.9,0.61,0.61,normal,acima,baixa,2,fallback (60d recentes),2.5
PT0002000073717386HC,21,,fim_semana,8.0,6.33,2.08,0.8,0.8,normal,acima,baixa,3,fallback (60d recentes),2.5
PT0002000073717386HC,22,,fim_semana,5.0,5.67,0.58,-1.15,-1.15,normal,abaixo,baixa,3,fallback (60d recentes),2.5
PT0002000073717386HC,23,,fim_semana,1.0,1.33,0.58,-0.58,-0.58,normal,abaixo,baixa,3,fallback (60d recentes),2.5
PT0002000073720434JD,0,,fim_semana,28.0,40.5,16.26,-0.77,-0.77,normal,abaixo,baixa,2,fallback (60d recentes),2.5
PT0002000073720434JD,1,,fim_semana,26.0,54.0,38.18,-0.73,-0.73,normal,abaixo,baixa,2,fallback (60d recentes),2.5
PT0002000073720434JD,2,,fim_semana,29.0,33.5,12.02,-0.37,-0.37,normal,abaixo,baixa,2,fallback (60d recentes),2.5
PT0002000073720434JD,3,,fim_semana,26.0,27.0,2.7,-0.37,-0.37,normal,abaixo,baixa,2,fallback (60d recentes),2.5
PT0002000073720434JD,4,,fim_semana,23.0,24.0,2.4,-0.42,-0.42,normal,abaixo,baixa,2,fallback (60d recentes),2.5
PT0002000073720434JD,5,,fim_semana,25.0,26.0,2.6,-0.38,-0.38,normal,abaixo,baixa,2,fallback (60d recentes),2.5
PT0002000073720434JD,6,,fim_semana,24.0,24.0,2.4,0.0,0.0,normal,abaixo,baixa,2,fallback (60d recentes),2.5
PT0002000073720434JD,7,,fim_semana,20.0,23.5,4.95,-0.71,-0.71,normal,abaixo,baixa,2,fallback (60d recentes),2.5
PT0002000073720434JD,8,,fim_semana,21.0,30.0,5.66,-1.59,-1.59,normal,abaixo,baixa,2,fallback (60d recentes),2.5
PT0002000073720434JD,9,,fim_semana,23.0,31.0,8.49,-0.94,-0.94,normal,abaixo,baixa,2,fallback (60d recentes),2.5
PT0002000073720434JD,10,,fim_semana,28.0,35.5,16.26,-0.46,-0.46,normal,abaixo,baixa,2,fallback (60d recentes),2.5
PT0002000073720434JD,11,,fim_semana,28.0,48.0,32.53,-0.61,-0.61,normal,abaixo,baixa,2,fallback (60d recentes),2.5
PT0002000073720434JD,12,,fim_semana,27.0,52.0,35.36,-0.71,-0.71,normal,abaixo,baixa,2,fallback (60d recentes),2.5
PT0002000073720434JD,13,,fim_semana,26.0,53.0,33.94,-0.8,-0.8,normal,abaixo,baixa,2,fallback (60d recentes),2.5
PT0002000073720434JD,14,,fim_semana,27.0,50.5,33.23,-0.71,-0.71,normal,abaixo,baixa,2,fallback (60d recentes),2.5
PT0002000073720434JD,15,,fim_semana,27.0,52.0,32.53,-0.77,-0.77,normal,abaixo,baixa,2,fallback (60d recentes),2.5
PT0002000073720434JD,16,,fim_semana,27.0,57.5,38.89,-0.78,-0.78,normal,abaixo,baixa,2,fallback (60d recentes),2.5
PT0002000073720434JD,17,,fim_semana,25.0,55.0,33.94,-0.88,-0.88,normal,abaixo,baixa,2,fallback (60d recentes),2.5
PT0002000073720434JD,18,,fim_semana,27.0,66.0,15.56,-2.51,-2.51,desvio,abaixo,baixa,2,fallback (60d recentes),2.5
PT0002000073720434JD,19,,fim_semana,25.0,53.0,9.9,-2.83,-2.83,desvio,abaixo,baixa,2,fallback (60d recentes),2.5
PT0002000073720434JD,20,,fim_semana,34.0,37.5,4.95,-0.71,-0.71,normal,abaixo,baixa,2,fallback (60d recentes),2.5
PT0002000073720434JD,21,,fim_semana,27.0,57.33,36.17,-0.84,-0.84,normal,abaixo,baixa,3,fallback (60d recentes),2.5
PT0002000073720434JD,22,,fim_semana,27.0,55.67,39.26,-0.73,-0.73,normal,abaixo,baixa,3,fallback (60d recentes),2.5
PT0002000073720434JD,23,,fim_semana,29.0,31.67,6.43,-0.41,-0.41,normal,abaixo,baixa,3,fallback (60d recentes),2.5
PT0002000075637532JB,0,0.0,fim_semana,6.0,6.5,0.71,-0.71,-0.71,normal,abaixo,baixa,2,fallback (60d recentes),2.5
PT0002000075637532JB,1,0.0,fim_semana,7.0,6.0,0.6,1.67,1.67,normal,acima,baixa,2,fallback (60d recentes),2.5
PT0002000075637532JB,2,0.0,fim_semana,6.0,6.5,0.71,-0.71,-0.71,normal,abaixo,baixa,2,fallback (60d recentes),2.5
PT0002000075637532JB,3,0.0,fim_semana,7.0,6.5,0.71,0.71,0.71,normal,acima,baixa,2,fallback (60d recentes),2.5
PT0002000075637532JB,4,0.0,fim_semana,6.0,7.0,0.7,-1.43,-1.43,normal,abaixo,baixa,2,fallback (60d recentes),2.5
PT0002000075637532JB,5,0.0,fim_semana,6.0,6.0,0.6,0.0,0.0,normal,abaixo,baixa,2,fallback (60d recentes),2.5
PT0002000075637532JB,6,0.0,fim_semana,7.0,6.0,0.6,1.67,1.67,normal,acima,baixa,2,fallback (60d recentes),2.5
PT0002000075637532JB,7,0.0,fim_semana,6.0,8.0,1.41,-1.41,-1.41,normal,abaixo,baixa,2,fallback (60d recentes),2.5
PT0002000075637532JB,8,0.0,fim_semana,7.0,9.0,4.24,-0.47,-0.47,normal,abaixo,baixa,2,fallback (60d recentes),2.5
PT0002000075637532JB,9,0.0,fim_semana,6.0,10.5,4.95,-0.91,-0.91,normal,abaixo,baixa,2,fallback (60d recentes),2.5
PT0002000075637532JB,10,0.0,fim_semana,6.0,12.5,9.19,-0.71,-0.71,normal,abaixo,baixa,2,fallback (60d recentes),2.5
PT0002000075637532JB,11,0.0,fim_semana,7.0,18.0,15.56,-0.71,-0.71,normal,abaixo,baixa,2,fallback (60d recentes),2.5
PT0002000075637532JB,12,0.0,fim_semana,6.0,16.5,14.85,-0.71,-0.71,normal,abaixo,baixa,2,fallback (60d recentes),2.5
PT0002000075637532JB,13,0.0,fim_semana,6.0,11.5,6.36,-0.86,-0.86,normal,abaixo,baixa,2,fallback (60d recentes),2.5
PT0002000075637532JB,14,0.0,fim_semana,7.0,9.5,3.54,-0.71,-0.71,normal,abaixo,baixa,2,fallback (60d recentes),2.5
PT0002000075637532JB,15,0.0,fim_semana,7.0,9.5,4.95,-0.51,-0.51,normal,abaixo,baixa,2,fallback (60d recentes),2.5
PT0002000075637532JB,16,0.0,fim_semana,6.0,8.5,2.12,-1.18,-1.18,normal,abaixo,baixa,2,fallback (60d recentes),2.5
PT0002000075637532JB,17,0.0,fim_semana,7.0,9.0,4.24,-0.47,-0.47,normal,abaixo,baixa,2,fallback (60d recentes),2.5
PT0002000075637532JB,18,0.0,fim_semana,6.0,7.5,2.12,-0.71,-0.71,normal,abaixo,baixa,2,fallback (60d recentes),2.5
PT0002000075637532JB,19,0.0,fim_semana,6.0,7.0,0.7,-1.43,-1.43,normal,abaixo,baixa,2,fallback (60d recentes),2.5
PT0002000075637532JB,20,0.0,fim_semana,8.0,7.0,0.7,1.43,1.43,normal,acima,baixa,2,fallback (60d recentes),2.5
PT0002000075637532JB,21,0.0,fim_semana,6.0,6.0,1.73,0.0,0.0,normal,abaixo,baixa,3,fallback (60d recentes),2.5
PT0002000075637532JB,22,0.0,fim_semana,6.0,7.0,0.7,-1.43,-1.43,normal,abaixo,baixa,3,fallback (60d recentes),2.5
PT0002000075637532JB,23,0.0,fim_semana,7.0,6.33,0.63,1.05,1.05,normal,acima,baixa,3,fallback (60d recentes),2.5
PT0002000077348081AG,0,,fim_semana,69.0,56.0,5.66,2.3,2.3,normal,acima,baixa,2,fallback (60d recentes),2.5
PT0002000077348081AG,1,,fim_semana,56.0,47.5,13.44,0.63,0.63,normal,acima,baixa,2,fallback (60d recentes),2.5
PT0002000077348081AG,2,,fim_semana,39.0,43.0,9.9,-0.4,-0.4,normal,abaixo,baixa,2,fallback (60d recentes),2.5
PT0002000077348081AG,3,,fim_semana,35.0,33.0,3.3,0.61,0.61,normal,acima,baixa,2,fallback (60d recentes),2.5
PT0002000077348081AG,4,,fim_semana,36.0,29.5,4.95,1.31,1.31,normal,acima,baixa,2,fallback (60d recentes),2.5
PT0002000077348081AG,5,,fim_semana,33.0,28.0,5.66,0.88,0.88,normal,acima,baixa,2,fallback (60d recentes),2.5
PT0002000077348081AG,6,,fim_semana,30.0,28.5,2.85,0.53,0.53,normal,acima,baixa,2,fallback (60d recentes),2.5
PT0002000077348081AG,7,,fim_semana,27.0,38.0,5.66,-1.94,-1.94,normal,abaixo,baixa,2,fallback (60d recentes),2.5
PT0002000077348081AG,8,,fim_semana,225.0,108.0,19.8,5.91,5.91,desvio,acima,baixa,2,fallback (60d recentes),2.5
PT0002000077348081AG,9,,fim_semana,275.0,210.0,104.65,0.62,0.62,normal,acima,baixa,2,fallback (60d recentes),2.5
PT0002000077348081AG,10,,fim_semana,299.0,224.0,113.14,0.66,0.66,normal,acima,baixa,2,fallback (60d recentes),2.5
PT0002000077348081AG,11,,fim_semana,326.0,234.0,104.65,0.88,0.88,normal,acima,baixa,2,fallback (60d recentes),2.5
PT0002000077348081AG,12,,fim_semana,344.0,250.0,130.11,0.72,0.72,normal,acima,baixa,2,fallback (60d recentes),2.5
PT0002000077348081AG,13,,fim_semana,325.0,254.5,156.27,0.45,0.45,normal,acima,baixa,2,fallback (60d recentes),2.5
PT0002000077348081AG,14,,fim_semana,338.0,265.0,173.95,0.42,0.42,normal,acima,baixa,2,fallback (60d recentes),2.5
PT0002000077348081AG,15,,fim_semana,347.0,256.0,165.46,0.55,0.55,normal,acima,baixa,2,fallback (60d recentes),2.5
PT0002000077348081AG,16,,fim_semana,347.0,256.0,169.71,0.54,0.54,normal,acima,baixa,2,fallback (60d recentes),2.5
PT0002000077348081AG,17,,fim_semana,352.0,272.5,193.04,0.41,0.41,normal,acima,baixa,2,fallback (60d recentes),2.5
PT0002000077348081AG,18,,fim_semana,352.0,266.0,192.33,0.45,0.45,normal,acima,baixa,2,fallback (60d recentes),2.5
PT0002000077348081AG,19,,fim_semana,338.0,245.5,201.53,0.46,0.46,normal,acima,baixa,2,fallback (60d recentes),2.5
PT0002000077348081AG,20,,fim_semana,317.0,202.5,231.22,0.5,0.5,normal,acima,baixa,2,fallback (60d recentes),2.5
PT0002000077348081AG,21,,fim_semana,285.0,141.0,162.32,0.89,0.89,normal,acima,baixa,3,fallback (60d recentes),2.5
PT0002000077348081AG,22,,fim_semana,281.0,105.33,98.33,1.79,1.79,normal,acima,baixa,3,fallback (60d recentes),2.5
PT0002000077348081AG,23,,fim_semana,160.0,50.33,24.11,4.55,4.55,desvio,acima,baixa,3,fallback (60d recentes),2.5
PT0002000077394934QY,0,0.0,fim_semana,64.0,87.0,8.7,-2.64,-2.64,desvio,abaixo,baixa,2,fallback (60d recentes),2.5
PT0002000077394934QY,1,0.0,fim_semana,64.0,84.5,8.45,-2.43,-2.43,normal,abaixo,baixa,2,fallback (60d recentes),2.5
PT0002000077394934QY,2,0.0,fim_semana,64.0,84.0,8.4,-2.38,-2.38,normal,abaixo,baixa,2,fallback (60d recentes),2.5
PT0002000077394934QY,3,0.0,fim_semana,64.0,84.0,8.4,-2.38,-2.38,normal,abaixo,baixa,2,fallback (60d recentes),2.5
PT0002000077394934QY,4,0.0,fim_semana,64.0,81.0,8.1,-2.1,-2.1,normal,abaixo,baixa,2,fallback (60d recentes),2.5
PT0002000077394934QY,5,0.0,fim_semana,62.0,76.5,7.65,-1.9,-1.9,normal,abaixo,baixa,2,fallback (60d recentes),2.5
PT0002000077394934QY,6,0.0,fim_semana,53.0,65.5,6.55,-1.91,-1.91,normal,abaixo,baixa,2,fallback (60d recentes),2.5
PT0002000077394934QY,7,0.0,fim_semana,59.0,74.0,24.04,-0.62,-0.62,normal,abaixo,baixa,2,fallback (60d recentes),2.5
PT0002000077394934QY,8,0.0,fim_semana,59.0,72.0,25.46,-0.51,-0.51,normal,abaixo,baixa,2,fallback (60d recentes),2.5
PT0002000077394934QY,9,0.0,fim_semana,73.0,96.5,48.79,-0.48,-0.48,normal,abaixo,baixa,2,fallback (60d recentes),2.5
PT0002000077394934QY,10,0.0,fim_semana,74.0,126.0,66.47,-0.78,-0.78,normal,abaixo,baixa,2,fallback (60d recentes),2.5
PT0002000077394934QY,11,0.0,fim_semana,76.0,124.0,63.64,-0.75,-0.75,normal,abaixo,baixa,2,fallback (60d recentes),2.5
PT0002000077394934QY,12,0.0,fim_semana,77.0,120.0,56.57,-0.76,-0.76,normal,abaixo,baixa,2,fallback (60d recentes),2.5
PT0002000077394934QY,13,0.0,fim_semana,74.0,126.5,65.76,-0.8,-0.8,normal,abaixo,baixa,2,fallback (60d recentes),2.5
PT0002000077394934QY,14,0.0,fim_semana,73.0,126.5,72.83,-0.73,-0.73,normal,abaixo,baixa,2,fallback (60d recentes),2.5
PT0002000077394934QY,15,0.0,fim_semana,73.0,132.5,84.15,-0.71,-0.71,normal,abaixo,baixa,2,fallback (60d recentes),2.5
PT0002000077394934QY,16,0.0,fim_semana,72.0,106.5,50.2,-0.69,-0.69,normal,abaixo,baixa,2,fallback (60d recentes),2.5
PT0002000077394934QY,17,0.0,fim_semana,67.0,95.0,39.6,-0.71,-0.71,normal,abaixo,baixa,2,fallback (60d recentes),2.5
PT0002000077394934QY,18,0.0,fim_semana,60.0,78.5,26.16,-0.71,-0.71,normal,abaixo,baixa,2,fallback (60d recentes),2.5
PT0002000077394934QY,19,0.0,fim_semana,54.0,69.5,17.68,-0.88,-0.88,normal,abaixo,baixa,2,fallback (60d recentes),2.5
PT0002000077394934QY,20,0.0,fim_semana,52.0,71.0,14.14,-1.34,-1.34,normal,abaixo,baixa,2,fallback (60d recentes),2.5
PT0002000077394934QY,21,0.0,fim_semana,61.0,71.0,7.81,-1.28,-1.28,normal,abaixo,baixa,3,fallback (60d recentes),2.5
PT0002000077394934QY,22,0.0,fim_semana,64.0,81.33,14.57,-1.19,-1.19,normal,abaixo,baixa,3,fallback (60d recentes),2.5
PT0002000077394934QY,23,0.0,fim_semana,63.0,80.67,14.01,-1.26,-1.26,normal,abaixo,baixa,3,fallback (60d recentes),2.5
PT0002000077647404EM,0,1.0,fim_semana,5.0,5.0,0.5,0.0,0.0,normal,abaixo,baixa,2,fallback (60d recentes),2.5
PT0002000077647404EM,1,1.0,fim_semana,4.0,4.5,0.71,-0.71,-0.71,normal,abaixo,baixa,2,fallback (60d recentes),2.5
PT0002000077647404EM,2,1.0,fim_semana,5.0,4.5,0.71,0.71,0.71,normal,acima,baixa,2,fallback (60d recentes),2.5
PT0002000077647404EM,3,1.0,fim_semana,4.0,4.5,0.71,-0.71,-0.71,normal,abaixo,baixa,2,fallback (60d recentes),2.5
PT0002000077647404EM,4,1.0,fim_semana,5.0,4.5,0.71,0.71,0.71,normal,acima,baixa,2,fallback (60d recentes),2.5
PT0002000077647404EM,5,1.0,fim_semana,5.0,4.5,0.71,0.71,0.71,normal,acima,baixa,2,fallback (60d recentes),2.5
PT0002000077647404EM,6,1.0,fim_semana,4.0,4.5,0.71,-0.71,-0.71,normal,abaixo,baixa,2,fallback (60d recentes),2.5
PT0002000077647404EM,7,1.0,fim_semana,5.0,4.5,0.71,0.71,0.71,normal,acima,baixa,2,fallback (60d recentes),2.5
PT0002000077647404EM,8,1.0,fim_semana,2.0,2.0,0.3,0.0,0.0,normal,abaixo,baixa,2,fallback (60d recentes),2.5
PT0002000077647404EM,9,1.0,fim_semana,0.0,0.5,0.71,-0.71,-0.71,normal,abaixo,baixa,2,fallback (60d recentes),2.5
PT0002000077647404EM,10,1.0,fim_semana,1.0,0.5,0.71,0.71,0.71,normal,acima,baixa,2,fallback (60d recentes),2.5
PT0002000077647404EM,11,1.0,fim_semana,0.0,0.5,0.71,-0.71,-0.71,normal,abaixo,baixa,2,fallback (60d recentes),2.5
PT0002000077647404EM,12,1.0,fim_semana,1.0,1.0,0.3,0.0,0.0,normal,abaixo,baixa,2,fallback (60d recentes),2.5
PT0002000077647404EM,13,1.0,fim_semana,1.0,0.0,0.3,3.33,3.33,desvio,acima,baixa,2,fallback (60d recentes),2.5
PT0002000077647404EM,14,1.0,fim_semana,0.0,1.0,0.3,-3.33,-3.33,desvio,abaixo,baixa,2,fallback (60d recentes),2.5
PT0002000077647404EM,15,1.0,fim_semana,1.0,0.5,0.71,0.71,0.71,normal,acima,baixa,2,fallback (60d recentes),2.5
PT0002000077647404EM,16,1.0,fim_semana,0.0,0.5,0.71,-0.71,-0.71,normal,abaixo,baixa,2,fallback (60d recentes),2.5
PT0002000077647404EM,17,1.0,fim_semana,3.0,2.0,0.3,3.33,3.33,desvio,acima,baixa,2,fallback (60d recentes),2.5
PT0002000077647404EM,18,1.0,fim_semana,4.0,5.0,0.5,-2.0,-2.0,normal,abaixo,baixa,2,fallback (60d recentes),2.5
PT0002000077647404EM,19,1.0,fim_semana,5.0,4.0,0.4,2.5,2.5,normal,acima,baixa,2,fallback (60d recentes),2.5
PT0002000077647404EM,20,1.0,fim_semana,4.0,5.0,0.5,-2.0,-2.0,normal,abaixo,baixa,2,fallback (60d recentes),2.5
PT0002000077647404EM,21,1.0,fim_semana,5.0,4.0,0.4,2.5,2.5,normal,acima,baixa,3,fallback (60d recentes),2.5
PT0002000077647404EM,22,1.0,fim_semana,4.0,4.67,0.58,-1.15,-1.15,normal,abaixo,baixa,3,fallback (60d recentes),2.5
PT0002000077647404EM,23,1.0,fim_semana,5.0,4.0,0.4,2.5,2.5,normal,acima,baixa,3,fallback (60d recentes),2.5
PT0002000078140706BA,0,,fim_semana,54.0,61.0,9.9,-0.71,-0.71,normal,abaixo,baixa,2,fallback (60d recentes),2.5
PT0002000078140706BA,1,,fim_semana,49.0,59.5,10.61,-0.99,-0.99,normal,abaixo,baixa,2,fallback (60d recentes),2.5
PT0002000078140706BA,2,,fim_semana,40.0,57.0,9.9,-1.72,-1.72,normal,abaixo,baixa,2,fallback (60d recentes),2.5
PT0002000078140706BA,3,,fim_semana,39.0,58.5,6.36,-3.06,-3.06,desvio,abaixo,baixa,2,fallback (60d recentes),2.5
PT0002000078140706BA,4,,fim_semana,39.0,56.5,7.78,-2.25,-2.25,normal,abaixo,baixa,2,fallback (60d recentes),2.5
PT0002000078140706BA,5,,fim_semana,38.0,55.0,5.66,-3.01,-3.01,desvio,abaixo,baixa,2,fallback (60d recentes),2.5
PT0002000078140706BA,6,,fim_semana,29.0,38.5,14.85,-0.64,-0.64,normal,abaixo,baixa,2,fallback (60d recentes),2.5
PT0002000078140706BA,7,,fim_semana,2.0,19.5,27.58,-0.63,-0.63,normal,abaixo,baixa,2,fallback (60d recentes),2.5
PT0002000078140706BA,8,,fim_semana,0.0,66.0,93.34,-0.71,-0.71,normal,abaixo,baixa,2,fallback (60d recentes),2.5
PT0002000078140706BA,9,,fim_semana,0.0,21.0,29.7,-0.71,-0.71,normal,abaixo,baixa,2,fallback (60d recentes),2.5
PT0002000078140706BA,10,,fim_semana,0.0,31.5,44.55,-0.71,-0.71,normal,abaixo,baixa,2,fallback (60d recentes),2.5
PT0002000078140706BA,11,,fim_semana,0.0,15.0,21.21,-0.71,-0.71,normal,abaixo,baixa,2,fallback (60d recentes),2.5
PT0002000078140706BA,12,,fim_semana,0.0,6.0,8.49,-0.71,-0.71,normal,abaixo,baixa,2,fallback (60d recentes),2.5
PT0002000078140706BA,13,,fim_semana,0.0,7.5,10.61,-0.71,-0.71,normal,abaixo,baixa,2,fallback (60d recentes),2.5
PT0002000078140706BA,14,,fim_semana,0.0,23.0,32.53,-0.71,-0.71,normal,abaixo,baixa,2,fallback (60d recentes),2.5
PT0002000078140706BA,15,,fim_semana,0.0,16.0,22.63,-0.71,-0.71,normal,abaixo,baixa,2,fallback (60d recentes),2.5
PT0002000078140706BA,16,,fim_semana,2.0,7.0,8.49,-0.59,-0.59,normal,abaixo,baixa,2,fallback (60d recentes),2.5
PT0002000078140706BA,17,,fim_semana,65.0,23.0,7.07,5.94,5.94,desvio,acima,baixa,2,fallback (60d recentes),2.5
PT0002000078140706BA,18,,fim_semana,112.0,98.5,9.85,1.37,1.37,normal,acima,baixa,2,fallback (60d recentes),2.5
PT0002000078140706BA,19,,fim_semana,108.0,132.0,13.2,-1.82,-1.82,normal,abaixo,baixa,2,fallback (60d recentes),2.5
PT0002000078140706BA,20,,fim_semana,108.0,108.0,10.8,0.0,0.0,normal,abaixo,baixa,2,fallback (60d recentes),2.5
PT0002000078140706BA,21,,fim_semana,81.0,76.67,8.5,0.51,0.51,normal,acima,baixa,3,fallback (60d recentes),2.5
PT0002000078140706BA,22,,fim_semana,61.0,74.0,10.0,-1.3,-1.3,normal,abaixo,baixa,3,fallback (60d recentes),2.5
PT0002000078140706BA,23,,fim_semana,59.0,64.0,10.15,-0.49,-0.49,normal,abaixo,baixa,3,fallback (60d recentes),2.5
PT0002000078207354XC,0,1.0,fim_semana,4.0,6.5,0.71,-3.54,-3.54,desvio,abaixo,baixa,2,fallback (60d recentes),2.5
PT0002000078207354XC,1,1.0,fim_semana,3.0,6.5,0.71,-4.95,-4.95,desvio,abaixo,baixa,2,fallback (60d recentes),2.5
PT0002000078207354XC,2,1.0,fim_semana,3.0,7.0,0.7,-5.71,-5.71,desvio,abaixo,baixa,2,fallback (60d recentes),2.5
PT0002000078207354XC,3,1.0,fim_semana,4.0,6.5,0.71,-3.54,-3.54,desvio,abaixo,baixa,2,fallback (60d recentes),2.5
PT0002000078207354XC,4,1.0,fim_semana,3.0,7.0,0.7,-5.71,-5.71,desvio,abaixo,baixa,2,fallback (60d recentes),2.5
PT0002000078207354XC,5,1.0,fim_semana,3.0,6.5,0.71,-4.95,-4.95,desvio,abaixo,baixa,2,fallback (60d recentes),2.5
PT0002000078207354XC,6,1.0,fim_semana,4.0,6.5,0.71,-3.54,-3.54,desvio,abaixo,baixa,2,fallback (60d recentes),2.5
PT0002000078207354XC,7,1.0,fim_semana,3.0,6.5,0.71,-4.95,-4.95,desvio,abaixo,baixa,2,fallback (60d recentes),2.5
PT0002000078207354XC,8,1.0,fim_semana,14.0,6.5,0.71,10.0,10.61,desvio,acima,baixa,2,fallback (60d recentes),2.5
PT0002000078207354XC,9,1.0,fim_semana,41.0,7.5,0.75,10.0,44.67,desvio,acima,baixa,2,fallback (60d recentes),2.5
PT0002000078207354XC,10,1.0,fim_semana,46.0,7.5,0.75,10.0,51.33,desvio,acima,baixa,2,fallback (60d recentes),2.5
PT0002000078207354XC,11,1.0,fim_semana,43.0,7.5,0.75,10.0,47.33,desvio,acima,baixa,2,fallback (60d recentes),2.5
PT0002000078207354XC,12,1.0,fim_semana,33.0,6.0,1.41,10.0,19.09,desvio,acima,baixa,2,fallback (60d recentes),2.5
PT0002000078207354XC,13,1.0,fim_semana,21.0,6.0,0.6,10.0,25.0,desvio,acima,baixa,2,fallback (60d recentes),2.5
PT0002000078207354XC,14,1.0,fim_semana,13.0,7.0,0.7,8.57,8.57,desvio,acima,baixa,2,fallback (60d recentes),2.5
PT0002000078207354XC,15,1.0,fim_semana,14.0,15.0,11.31,-0.09,-0.09,normal,abaixo,baixa,2,fallback (60d recentes),2.5
PT0002000078207354XC,16,1.0,fim_semana,28.0,15.0,12.73,1.02,1.02,normal,acima,baixa,2,fallback (60d recentes),2.5
PT0002000078207354XC,17,1.0,fim_semana,37.0,17.0,14.14,1.41,1.41,normal,acima,baixa,2,fallback (60d recentes),2.5
PT0002000078207354XC,18,1.0,fim_semana,43.0,19.5,17.68,1.33,1.33,normal,acima,baixa,2,fallback (60d recentes),2.5
PT0002000078207354XC,19,1.0,fim_semana,36.0,20.0,15.56,1.03,1.03,normal,acima,baixa,2,fallback (60d recentes),2.5
PT0002000078207354XC,20,1.0,fim_semana,38.0,11.5,10.61,2.5,2.5,normal,acima,baixa,2,fallback (60d recentes),2.5
PT0002000078207354XC,21,1.0,fim_semana,37.0,10.67,8.02,3.28,3.28,desvio,acima,baixa,3,fallback (60d recentes),2.5
PT0002000078207354XC,22,1.0,fim_semana,20.0,12.0,7.21,1.11,1.11,normal,acima,baixa,3,fallback (60d recentes),2.5
PT0002000078207354XC,23,1.0,fim_semana,11.0,5.67,2.52,2.12,2.12,normal,acima,baixa,3,fallback (60d recentes),2.5
PT0002000078233981HJ,0,1.0,fim_semana,3.0,3.0,0.3,0.0,0.0,normal,abaixo,baixa,2,fallback (60d recentes),2.5
PT0002000078233981HJ,1,1.0,fim_semana,2.0,2.0,0.3,0.0,0.0,normal,abaixo,baixa,2,fallback (60d recentes),2.5
PT0002000078233981HJ,2,1.0,fim_semana,2.0,2.0,0.3,0.0,0.0,normal,abaixo,baixa,2,fallback (60d recentes),2.5
PT0002000078233981HJ,3,1.0,fim_semana,3.0,3.0,0.3,0.0,0.0,normal,abaixo,baixa,2,fallback (60d recentes),2.5
PT0002000078233981HJ,4,1.0,fim_semana,2.0,2.0,0.3,0.0,0.0,normal,abaixo,baixa,2,fallback (60d recentes),2.5
PT0002000078233981HJ,5,1.0,fim_semana,3.0,2.5,0.71,0.71,0.71,normal,acima,baixa,2,fallback (60d recentes),2.5
PT0002000078233981HJ,6,1.0,fim_semana,6.0,2.5,0.71,4.95,4.95,desvio,acima,baixa,2,fallback (60d recentes),2.5
PT0002000078233981HJ,7,1.0,fim_semana,38.0,2.5,0.71,10.0,50.2,desvio,acima,baixa,2,fallback (60d recentes),2.5
PT0002000078233981HJ,8,1.0,fim_semana,36.0,3.0,0.3,10.0,110.0,desvio,acima,baixa,2,fallback (60d recentes),2.5
PT0002000078233981HJ,9,1.0,fim_semana,37.0,6.5,3.54,8.63,8.63,desvio,acima,baixa,2,fallback (60d recentes),2.5
PT0002000078233981HJ,10,1.0,fim_semana,9.0,13.0,12.73,-0.31,-0.31,normal,abaixo,baixa,2,fallback (60d recentes),2.5
PT0002000078233981HJ,11,1.0,fim_semana,3.0,15.5,14.85,-0.84,-0.84,normal,abaixo,baixa,2,fallback (60d recentes),2.5
PT0002000078233981HJ,12,1.0,fim_semana,2.0,6.5,4.95,-0.91,-0.91,normal,abaixo,baixa,2,fallback (60d recentes),2.5
PT0002000078233981HJ,13,1.0,fim_semana,2.0,2.5,0.71,-0.71,-0.71,normal,abaixo,baixa,2,fallback (60d recentes),2.5
PT0002000078233981HJ,14,1.0,fim_semana,3.0,2.0,0.3,3.33,3.33,desvio,acima,baixa,2,fallback (60d recentes),2.5
PT0002000078233981HJ,15,1.0,fim_semana,2.0,2.5,0.71,-0.71,-0.71,normal,abaixo,baixa,2,fallback (60d recentes),2.5
PT0002000078233981HJ,16,1.0,fim_semana,9.0,2.5,0.71,9.19,9.19,desvio,acima,baixa,2,fallback (60d recentes),2.5
PT0002000078233981HJ,17,1.0,fim_semana,35.0,3.0,1.41,10.0,22.63,desvio,acima,baixa,2,fallback (60d recentes),2.5
PT0002000078233981HJ,18,1.0,fim_semana,34.0,11.5,12.02,1.87,1.87,normal,acima,baixa,2,fallback (60d recentes),2.5
PT0002000078233981HJ,19,1.0,fim_semana,34.0,19.0,24.04,0.62,0.62,normal,acima,baixa,2,fallback (60d recentes),2.5
PT0002000078233981HJ,20,1.0,fim_semana,34.0,21.5,26.16,0.48,0.48,normal,acima,baixa,2,fallback (60d recentes),2.5
PT0002000078233981HJ,21,1.0,fim_semana,36.0,20.0,15.62,1.02,1.02,normal,acima,baixa,3,fallback (60d recentes),2.5
PT0002000078233981HJ,22,1.0,fim_semana,35.0,3.33,0.58,10.0,54.85,desvio,acima,baixa,3,fallback (60d recentes),2.5
PT0002000078233981HJ,23,1.0,fim_semana,35.0,3.0,0.3,10.0,106.67,desvio,acima,baixa,3,fallback (60d recentes),2.5
PT0002000078294957RQ,0,0.0,fim_semana,8.0,8.0,0.8,0.0,0.0,normal,abaixo,baixa,2,fallback (60d recentes),2.5
PT0002000078294957RQ,1,0.0,fim_semana,6.0,6.0,0.6,0.0,0.0,normal,abaixo,baixa,2,fallback (60d recentes),2.5
PT0002000078294957RQ,2,0.0,fim_semana,6.0,6.0,0.6,0.0,0.0,normal,abaixo,baixa,2,fallback (60d recentes),2.5
PT0002000078294957RQ,3,0.0,fim_semana,6.0,7.0,0.7,-1.43,-1.43,normal,abaixo,baixa,2,fallback (60d recentes),2.5
PT0002000078294957RQ,4,0.0,fim_semana,4.0,6.0,0.6,-3.33,-3.33,desvio,abaixo,baixa,2,fallback (60d recentes),2.5
PT0002000078294957RQ,5,0.0,fim_semana,5.0,5.5,0.71,-0.71,-0.71,normal,abaixo,baixa,2,fallback (60d recentes),2.5
PT0002000078294957RQ,6,0.0,fim_semana,6.0,6.0,0.6,0.0,0.0,normal,abaixo,baixa,2,fallback (60d recentes),2.5
PT0002000078294957RQ,7,0.0,fim_semana,7.0,10.0,7.07,-0.42,-0.42,normal,abaixo,baixa,2,fallback (60d recentes),2.5
PT0002000078294957RQ,8,0.0,fim_semana,8.0,21.0,18.38,-0.71,-0.71,normal,abaixo,baixa,2,fallback (60d recentes),2.5
PT0002000078294957RQ,9,0.0,fim_semana,6.0,25.0,28.28,-0.67,-0.67,normal,abaixo,baixa,2,fallback (60d recentes),2.5
PT0002000078294957RQ,10,0.0,fim_semana,5.0,25.5,28.99,-0.71,-0.71,normal,abaixo,baixa,2,fallback (60d recentes),2.5
PT0002000078294957RQ,11,0.0,fim_semana,5.0,28.0,31.11,-0.74,-0.74,normal,abaixo,baixa,2,fallback (60d recentes),2.5
PT0002000078294957RQ,12,0.0,fim_semana,5.0,27.0,29.7,-0.74,-0.74,normal,abaixo,baixa,2,fallback (60d recentes),2.5
PT0002000078294957RQ,13,0.0,fim_semana,5.0,20.5,23.33,-0.66,-0.66,normal,abaixo,baixa,2,fallback (60d recentes),2.5
PT0002000078294957RQ,14,0.0,fim_semana,7.0,18.5,16.26,-0.71,-0.71,normal,abaixo,baixa,2,fallback (60d recentes),2.5
PT0002000078294957RQ,15,0.0,fim_semana,6.0,17.0,15.56,-0.71,-0.71,normal,abaixo,baixa,2,fallback (60d recentes),2.5
PT0002000078294957RQ,16,0.0,fim_semana,6.0,14.5,13.44,-0.63,-0.63,normal,abaixo,baixa,2,fallback (60d recentes),2.5
PT0002000078294957RQ,17,0.0,fim_semana,6.0,14.0,9.9,-0.81,-0.81,normal,abaixo,baixa,2,fallback (60d recentes),2.5
PT0002000078294957RQ,18,0.0,fim_semana,8.0,12.0,7.07,-0.57,-0.57,normal,abaixo,baixa,2,fallback (60d recentes),2.5
PT0002000078294957RQ,19,0.0,fim_semana,8.0,8.0,0.8,0.0,0.0,normal,abaixo,baixa,2,fallback (60d recentes),2.5
PT0002000078294957RQ,20,0.0,fim_semana,10.0,9.5,0.95,0.53,0.53,normal,acima,baixa,2,fallback (60d recentes),2.5
PT0002000078294957RQ,21,0.0,fim_semana,10.0,10.67,2.31,-0.29,-0.29,normal,abaixo,baixa,3,fallback (60d recentes),2.5
PT0002000078294957RQ,22,0.0,fim_semana,11.0,11.67,1.17,-0.57,-0.57,normal,abaixo,baixa,3,fallback (60d recentes),2.5
PT0002000078294957RQ,23,0.0,fim_semana,12.0,10.67,1.07,1.25,1.25,normal,acima,baixa,3,fallback (60d recentes),2.5
PT0002000078441876HB,0,0.0,fim_semana,794.0,715.5,109.6,0.72,0.72,normal,acima,baixa,2,fallback (60d recentes),2.5
PT0002000078441876HB,1,0.0,fim_semana,721.0,669.0,77.78,0.67,0.67,normal,acima,baixa,2,fallback (60d recentes),2.5
PT0002000078441876HB,2,0.0,fim_semana,771.0,658.0,96.17,1.18,1.18,normal,acima,baixa,2,fallback (60d recentes),2.5
PT0002000078441876HB,3,0.0,fim_semana,809.0,667.5,66.75,2.12,2.12,normal,acima,baixa,2,fallback (60d recentes),2.5
PT0002000078441876HB,4,0.0,fim_semana,722.0,650.0,77.78,0.93,0.93,normal,acima,baixa,2,fallback (60d recentes),2.5
PT0002000078441876HB,5,0.0,fim_semana,686.0,722.5,108.19,-0.34,-0.34,normal,abaixo,baixa,2,fallback (60d recentes),2.5
PT0002000078441876HB,6,0.0,fim_semana,759.0,809.5,80.95,-0.62,-0.62,normal,abaixo,baixa,2,fallback (60d recentes),2.5
PT0002000078441876HB,7,0.0,fim_semana,915.0,1032.5,103.25,-1.14,-1.14,normal,abaixo,baixa,2,fallback (60d recentes),2.5
PT0002000078441876HB,8,0.0,fim_semana,974.0,1282.0,128.2,-2.4,-2.4,normal,abaixo,baixa,2,fallback (60d recentes),2.5
PT0002000078441876HB,9,0.0,fim_semana,1392.0,1347.0,134.7,0.33,0.33,normal,acima,baixa,2,fallback (60d recentes),2.5
PT0002000078441876HB,10,0.0,fim_semana,1476.0,1422.0,142.2,0.38,0.38,normal,acima,baixa,2,fallback (60d recentes),2.5
PT0002000078441876HB,11,0.0,fim_semana,1540.0,1594.5,159.45,-0.34,-0.34,normal,abaixo,baixa,2,fallback (60d recentes),2.5
PT0002000078441876HB,12,0.0,fim_semana,1326.0,1688.0,178.19,-2.03,-2.03,normal,abaixo,baixa,2,fallback (60d recentes),2.5
PT0002000078441876HB,13,0.0,fim_semana,1369.0,1612.5,161.25,-1.51,-1.51,normal,abaixo,baixa,2,fallback (60d recentes),2.5
PT0002000078441876HB,14,0.0,fim_semana,1360.0,1734.0,247.49,-1.51,-1.51,normal,abaixo,baixa,2,fallback (60d recentes),2.5
PT0002000078441876HB,15,0.0,fim_semana,1288.0,1706.5,422.14,-0.99,-0.99,normal,abaixo,baixa,2,fallback (60d recentes),2.5
PT0002000078441876HB,16,0.0,fim_semana,1452.0,1842.0,184.2,-2.12,-2.12,normal,abaixo,baixa,2,fallback (60d recentes),2.5
PT0002000078441876HB,17,0.0,fim_semana,1362.0,1878.0,289.91,-1.78,-1.78,normal,abaixo,baixa,2,fallback (60d recentes),2.5
PT0002000078441876HB,18,0.0,fim_semana,1227.0,1677.5,167.75,-2.69,-2.69,desvio,abaixo,baixa,2,fallback (60d recentes),2.5
PT0002000078441876HB,19,0.0,fim_semana,1361.0,1599.0,217.79,-1.09,-1.09,normal,abaixo,baixa,2,fallback (60d recentes),2.5
PT0002000078441876HB,20,0.0,fim_semana,1358.0,1503.5,249.61,-0.58,-0.58,normal,abaixo,baixa,2,fallback (60d recentes),2.5
PT0002000078441876HB,21,0.0,fim_semana,1057.0,1277.33,366.17,-0.6,-0.6,normal,abaixo,baixa,3,fallback (60d recentes),2.5
PT0002000078441876HB,22,0.0,fim_semana,904.0,1034.67,230.99,-0.57,-0.57,normal,abaixo,baixa,3,fallback (60d recentes),2.5
PT0002000078441876HB,23,0.0,fim_semana,878.0,831.67,164.21,0.28,0.28,normal,acima,baixa,3,fallback (60d recentes),2.5
PT0002000079469719HF,0,,fim_semana,104.0,107.0,10.7,-0.28,-0.28,normal,abaixo,baixa,2,fallback (60d recentes),2.5
PT0002000079469719HF,1,,fim_semana,103.0,102.0,10.2,0.1,0.1,normal,acima,baixa,2,fallback (60d recentes),2.5
PT0002000079469719HF,2,,fim_semana,102.0,102.5,10.25,-0.05,-0.05,normal,abaixo,baixa,2,fallback (60d recentes),2.5
PT0002000079469719HF,3,,fim_semana,102.0,102.0,10.2,0.0,0.0,normal,abaixo,baixa,2,fallback (60d recentes),2.5
PT0002000079469719HF,4,,fim_semana,102.0,102.5,10.25,-0.05,-0.05,normal,abaixo,baixa,2,fallback (60d recentes),2.5
PT0002000079469719HF,5,,fim_semana,102.0,101.5,10.15,0.05,0.05,normal,acima,baixa,2,fallback (60d recentes),2.5
PT0002000079469719HF,6,,fim_semana,101.0,100.0,10.0,0.1,0.1,normal,acima,baixa,2,fallback (60d recentes),2.5
PT0002000079469719HF,7,,fim_semana,96.0,107.5,10.75,-1.07,-1.07,normal,abaixo,baixa,2,fallback (60d recentes),2.5
PT0002000079469719HF,8,,fim_semana,99.0,121.5,12.15,-1.85,-1.85,normal,abaixo,baixa,2,fallback (60d recentes),2.5
PT0002000079469719HF,9,,fim_semana,95.0,110.0,11.0,-1.36,-1.36,normal,abaixo,baixa,2,fallback (60d recentes),2.5
PT0002000079469719HF,10,,fim_semana,95.0,96.5,9.65,-0.16,-0.16,normal,abaixo,baixa,2,fallback (60d recentes),2.5
PT0002000079469719HF,11,,fim_semana,73.0,71.0,7.1,0.28,0.28,normal,acima,baixa,2,fallback (60d recentes),2.5
PT0002000079469719HF,12,,fim_semana,56.0,84.5,36.06,-0.79,-0.79,normal,abaixo,baixa,2,fallback (60d recentes),2.5
PT0002000079469719HF,13,,fim_semana,23.0,75.5,33.23,-1.58,-1.58,normal,abaixo,baixa,2,fallback (60d recentes),2.5
PT0002000079469719HF,14,,fim_semana,17.0,69.0,26.87,-1.94,-1.94,normal,abaixo,baixa,2,fallback (60d recentes),2.5
PT0002000079469719HF,15,,fim_semana,21.0,50.5,5.05,-5.84,-5.84,desvio,abaixo,baixa,2,fallback (60d recentes),2.5
PT0002000079469719HF,16,,fim_semana,31.0,77.0,25.46,-1.81,-1.81,normal,abaixo,baixa,2,fallback (60d recentes),2.5
PT0002000079469719HF,17,,fim_semana,53.0,94.5,21.92,-1.89,-1.89,normal,abaixo,baixa,2,fallback (60d recentes),2.5
PT0002000079469719HF,18,,fim_semana,72.0,115.0,11.5,-3.74,-3.74,desvio,abaixo,baixa,2,fallback (60d recentes),2.5
PT0002000079469719HF,19,,fim_semana,94.0,146.0,24.04,-2.16,-2.16,normal,abaixo,baixa,2,fallback (60d recentes),2.5
PT0002000079469719HF,20,,fim_semana,105.0,131.5,13.15,-2.02,-2.02,normal,abaixo,baixa,2,fallback (60d recentes),2.5
PT0002000079469719HF,21,,fim_semana,109.0,128.0,25.24,-0.75,-0.75,normal,abaixo,baixa,3,fallback (60d recentes),2.5
PT0002000079469719HF,22,,fim_semana,107.0,130.33,17.67,-1.32,-1.32,normal,abaixo,baixa,3,fallback (60d recentes),2.5
PT0002000079469719HF,23,,fim_semana,103.0,109.67,10.97,-0.61,-0.61,normal,abaixo,baixa,3,fallback (60d recentes),2.5
PT0002000081344542CP,0,1.0,fim_semana,1.0,4.5,0.71,-4.95,-4.95,desvio,abaixo,baixa,2,fallback (60d recentes),2.5
PT0002000081344542CP,1,1.0,fim_semana,2.0,1.5,0.71,0.71,0.71,normal,acima,baixa,2,fallback (60d recentes),2.5
PT0002000081344542CP,2,1.0,fim_semana,2.0,1.5,0.71,0.71,0.71,normal,acima,baixa,2,fallback (60d recentes),2.5
PT0002000081344542CP,3,1.0,fim_semana,5.0,1.5,0.71,4.95,4.95,desvio,acima,baixa,2,fallback (60d recentes),2.5
PT0002000081344542CP,4,1.0,fim_semana,2.0,1.5,0.71,0.71,0.71,normal,acima,baixa,2,fallback (60d recentes),2.5
PT0002000081344542CP,5,1.0,fim_semana,1.0,2.0,0.3,-3.33,-3.33,desvio,abaixo,baixa,2,fallback (60d recentes),2.5
PT0002000081344542CP,6,1.0,fim_semana,2.0,5.0,0.5,-6.0,-6.0,desvio,abaixo,baixa,2,fallback (60d recentes),2.5
PT0002000081344542CP,7,1.0,fim_semana,1.0,2.0,0.3,-3.33,-3.33,desvio,abaixo,baixa,2,fallback (60d recentes),2.5
PT0002000081344542CP,8,1.0,fim_semana,1.0,1.5,0.71,-0.71,-0.71,normal,abaixo,baixa,2,fallback (60d recentes),2.5
PT0002000081344542CP,9,1.0,fim_semana,2.0,1.0,0.3,3.33,3.33,desvio,acima,baixa,2,fallback (60d recentes),2.5
PT0002000081344542CP,10,1.0,fim_semana,1.0,2.0,0.3,-3.33,-3.33,desvio,abaixo,baixa,2,fallback (60d recentes),2.5
PT0002000081344542CP,11,1.0,fim_semana,3.0,3.5,3.54,-0.14,-0.14,normal,abaixo,baixa,2,fallback (60d recentes),2.5
PT0002000081344542CP,12,1.0,fim_semana,5.0,2.5,2.12,1.18,1.18,normal,acima,baixa,2,fallback (60d recentes),2.5
PT0002000081344542CP,13,1.0,fim_semana,1.0,3.0,1.41,-1.41,-1.41,normal,abaixo,baixa,2,fallback (60d recentes),2.5
PT0002000081344542CP,14,1.0,fim_semana,2.0,1.0,0.3,3.33,3.33,desvio,acima,baixa,2,fallback (60d recentes),2.5
PT0002000081344542CP,15,1.0,fim_semana,1.0,2.0,0.3,-3.33,-3.33,desvio,abaixo,baixa,2,fallback (60d recentes),2.5
PT0002000081344542CP,16,1.0,fim_semana,5.0,1.0,0.3,10.0,13.33,desvio,acima,baixa,2,fallback (60d recentes),2.5
PT0002000081344542CP,17,1.0,fim_semana,3.0,3.5,2.12,-0.24,-0.24,normal,abaixo,baixa,2,fallback (60d recentes),2.5
PT0002000081344542CP,18,1.0,fim_semana,1.0,2.0,1.41,-0.71,-0.71,normal,abaixo,baixa,2,fallback (60d recentes),2.5
PT0002000081344542CP,19,1.0,fim_semana,2.0,1.5,0.71,0.71,0.71,normal,acima,baixa,2,fallback (60d recentes),2.5
PT0002000081344542CP,20,1.0,fim_semana,1.0,1.5,0.71,-0.71,-0.71,normal,abaixo,baixa,2,fallback (60d recentes),2.5
PT0002000081344542CP,21,1.0,fim_semana,2.0,2.33,2.31,-0.14,-0.14,normal,abaixo,baixa,3,fallback (60d recentes),2.5
PT0002000081344542CP,22,1.0,fim_semana,1.0,2.0,1.0,-1.0,-1.0,normal,abaixo,baixa,3,fallback (60d recentes),2.5
PT0002000081344542CP,23,1.0,fim_semana,1.0,2.67,1.15,-1.44,-1.44,normal,abaixo,baixa,3,fallback (60d recentes),2.5
PT0002000081997398TD,0,0.0,fim_semana,278.0,103.5,51.62,3.38,3.38,desvio,acima,baixa,2,fallback (60d recentes),2.5
PT0002000081997398TD,1,0.0,fim_semana,161.0,72.5,51.62,1.71,1.71,normal,acima,baixa,2,fallback (60d recentes),2.5
PT0002000081997398TD,2,0.0,fim_semana,122.0,60.5,47.38,1.3,1.3,normal,acima,baixa,2,fallback (60d recentes),2.5
PT0002000081997398TD,3,0.0,fim_semana,117.0,59.0,48.08,1.21,1.21,normal,acima,baixa,2,fallback (60d recentes),2.5
PT0002000081997398TD,4,0.0,fim_semana,112.0,60.0,46.67,1.11,1.11,normal,acima,baixa,2,fallback (60d recentes),2.5
PT0002000081997398TD,5,0.0,fim_semana,107.0,57.5,44.55,1.11,1.11,normal,acima,baixa,2,fallback (60d recentes),2.5
PT0002000081997398TD,6,0.0,fim_semana,113.0,60.5,44.55,1.18,1.18,normal,acima,baixa,2,fallback (60d recentes),2.5
PT0002000081997398TD,7,0.0,fim_semana,106.0,85.0,29.7,0.71,0.71,normal,acima,baixa,2,fallback (60d recentes),2.5
PT0002000081997398TD,8,0.0,fim_semana,162.0,154.0,26.87,0.3,0.3,normal,acima,baixa,2,fallback (60d recentes),2.5
PT0002000081997398TD,9,0.0,fim_semana,197.0,172.5,31.82,0.77,0.77,normal,acima,baixa,2,fallback (60d recentes),2.5
PT0002000081997398TD,10,0.0,fim_semana,168.0,168.0,66.47,0.0,0.0,normal,abaixo,baixa,2,fallback (60d recentes),2.5
PT0002000081997398TD,11,0.0,fim_semana,181.0,186.5,38.89,-0.14,-0.14,normal,abaixo,baixa,2,fallback (60d recentes),2.5
PT0002000081997398TD,12,0.0,fim_semana,242.0,257.5,25.75,-0.6,-0.6,normal,abaixo,baixa,2,fallback (60d recentes),2.5
PT0002000081997398TD,13,0.0,fim_semana,197.0,231.0,33.94,-1.0,-1.0,normal,abaixo,baixa,2,fallback (60d recentes),2.5
PT0002000081997398TD,14,0.0,fim_semana,269.0,257.5,25.75,0.45,0.45,normal,acima,baixa,2,fallback (60d recentes),2.5
PT0002000081997398TD,15,0.0,fim_semana,304.0,204.5,34.65,2.87,2.87,desvio,acima,baixa,2,fallback (60d recentes),2.5
PT0002000081997398TD,16,0.0,fim_semana,318.0,249.0,49.5,1.39,1.39,normal,acima,baixa,2,fallback (60d recentes),2.5
PT0002000081997398TD,17,0.0,fim_semana,373.0,372.0,37.2,0.03,0.03,normal,acima,baixa,2,fallback (60d recentes),2.5
PT0002000081997398TD,18,0.0,fim_semana,379.0,387.5,55.86,-0.15,-0.15,normal,abaixo,baixa,2,fallback (60d recentes),2.5
PT0002000081997398TD,19,0.0,fim_semana,398.0,352.5,125.16,0.36,0.36,normal,acima,baixa,2,fallback (60d recentes),2.5
PT0002000081997398TD,20,0.0,fim_semana,480.0,381.5,219.91,0.45,0.45,normal,acima,baixa,2,fallback (60d recentes),2.5
PT0002000081997398TD,21,0.0,fim_semana,460.0,284.33,227.58,0.77,0.77,normal,acima,baixa,3,fallback (60d recentes),2.5
PT0002000081997398TD,22,0.0,fim_semana,332.0,228.0,199.84,0.52,0.52,normal,acima,baixa,3,fallback (60d recentes),2.5
PT0002000081997398TD,23,0.0,fim_semana,254.0,186.67,144.16,0.47,0.47,normal,acima,baixa,3,fallback (60d recentes),2.5
PT0002000082549706RH,0,0.0,fim_semana,107.0,107.0,10.7,0.0,0.0,normal,abaixo,baixa,2,fallback (60d recentes),2.5
PT0002000082549706RH,1,0.0,fim_semana,101.0,101.5,10.15,-0.05,-0.05,normal,abaixo,baixa,2,fallback (60d recentes),2.5
PT0002000082549706RH,2,0.0,fim_semana,99.0,98.0,9.8,0.1,0.1,normal,acima,baixa,2,fallback (60d recentes),2.5
PT0002000082549706RH,3,0.0,fim_semana,97.0,97.5,9.75,-0.05,-0.05,normal,abaixo,baixa,2,fallback (60d recentes),2.5
PT0002000082549706RH,4,0.0,fim_semana,95.0,98.5,9.85,-0.36,-0.36,normal,abaixo,baixa,2,fallback (60d recentes),2.5
PT0002000082549706RH,5,0.0,fim_semana,101.0,102.5,10.25,-0.15,-0.15,normal,abaixo,baixa,2,fallback (60d recentes),2.5
PT0002000082549706RH,6,0.0,fim_semana,97.0,99.0,9.9,-0.2,-0.2,normal,abaixo,baixa,2,fallback (60d recentes),2.5
PT0002000082549706RH,7,0.0,fim_semana,101.0,99.0,9.9,0.2,0.2,normal,acima,baixa,2,fallback (60d recentes),2.5
PT0002000082549706RH,8,0.0,fim_semana,104.0,96.5,9.65,0.78,0.78,normal,acima,baixa,2,fallback (60d recentes),2.5
PT0002000082549706RH,9,0.0,fim_semana,106.0,108.5,10.85,-0.23,-0.23,normal,abaixo,baixa,2,fallback (60d recentes),2.5
PT0002000082549706RH,10,0.0,fim_semana,111.0,115.5,11.55,-0.39,-0.39,normal,abaixo,baixa,2,fallback (60d recentes),2.5
PT0002000082549706RH,11,0.0,fim_semana,115.0,125.0,12.5,-0.8,-0.8,normal,abaixo,baixa,2,fallback (60d recentes),2.5
PT0002000082549706RH,12,0.0,fim_semana,113.0,116.0,11.6,-0.26,-0.26,normal,abaixo,baixa,2,fallback (60d recentes),2.5
PT0002000082549706RH,13,0.0,fim_semana,111.0,110.5,11.05,0.05,0.05,normal,acima,baixa,2,fallback (60d recentes),2.5
PT0002000082549706RH,14,0.0,fim_semana,114.0,112.5,11.25,0.13,0.13,normal,acima,baixa,2,fallback (60d recentes),2.5
PT0002000082549706RH,15,0.0,fim_semana,115.0,112.0,11.2,0.27,0.27,normal,acima,baixa,2,fallback (60d recentes),2.5
PT0002000082549706RH,16,0.0,fim_semana,112.0,122.5,12.25,-0.86,-0.86,normal,abaixo,baixa,2,fallback (60d recentes),2.5
PT0002000082549706RH,17,0.0,fim_semana,114.0,119.5,11.95,-0.46,-0.46,normal,abaixo,baixa,2,fallback (60d recentes),2.5
PT0002000082549706RH,18,0.0,fim_semana,103.0,115.0,11.5,-1.04,-1.04,normal,abaixo,baixa,2,fallback (60d recentes),2.5
PT0002000082549706RH,19,0.0,fim_semana,104.0,110.0,11.0,-0.55,-0.55,normal,abaixo,baixa,2,fallback (60d recentes),2.5
PT0002000082549706RH,20,0.0,fim_semana,105.0,110.5,11.05,-0.5,-0.5,normal,abaixo,baixa,2,fallback (60d recentes),2.5
PT0002000082549706RH,21,0.0,fim_semana,97.0,94.0,13.86,0.22,0.22,normal,acima,baixa,3,fallback (60d recentes),2.5
PT0002000082549706RH,22,0.0,fim_semana,97.0,100.67,10.07,-0.36,-0.36,normal,abaixo,baixa,3,fallback (60d recentes),2.5
PT0002000082549706RH,23,0.0,fim_semana,99.0,103.67,10.37,-0.45,-0.45,normal,abaixo,baixa,3,fallback (60d recentes),2.5
PT0002000100113293JT,0,0.0,fim_semana,147.0,145.0,14.5,0.14,0.14,normal,acima,baixa,2,fallback (60d recentes),2.5
PT0002000100113293JT,1,0.0,fim_semana,147.0,145.5,14.55,0.1,0.1,normal,acima,baixa,2,fallback (60d recentes),2.5
PT0002000100113293JT,2,0.0,fim_semana,147.0,145.5,14.55,0.1,0.1,normal,acima,baixa,2,fallback (60d recentes),2.5
PT0002000100113293JT,3,0.0,fim_semana,148.0,145.5,14.55,0.17,0.17,normal,acima,baixa,2,fallback (60d recentes),2.5
PT0002000100113293JT,4,0.0,fim_semana,148.0,145.5,14.55,0.17,0.17,normal,acima,baixa,2,fallback (60d recentes),2.5
PT0002000100113293JT,5,0.0,fim_semana,147.0,145.5,14.55,0.1,0.1,normal,acima,baixa,2,fallback (60d recentes),2.5
PT0002000100113293JT,6,0.0,fim_semana,152.0,150.0,15.0,0.13,0.13,normal,acima,baixa,2,fallback (60d recentes),2.5
PT0002000100113293JT,7,0.0,fim_semana,145.0,140.5,14.05,0.32,0.32,normal,acima,baixa,2,fallback (60d recentes),2.5
PT0002000100113293JT,8,0.0,fim_semana,156.0,145.5,14.55,0.72,0.72,normal,acima,baixa,2,fallback (60d recentes),2.5
PT0002000100113293JT,9,0.0,fim_semana,176.0,162.5,16.25,0.83,0.83,normal,acima,baixa,2,fallback (60d recentes),2.5
PT0002000100113293JT,10,0.0,fim_semana,178.0,164.0,18.38,0.76,0.76,normal,acima,baixa,2,fallback (60d recentes),2.5
PT0002000100113293JT,11,0.0,fim_semana,180.0,161.0,16.1,1.18,1.18,normal,acima,baixa,2,fallback (60d recentes),2.5
PT0002000100113293JT,12,0.0,fim_semana,177.0,153.0,15.3,1.57,1.57,normal,acima,baixa,2,fallback (60d recentes),2.5
PT0002000100113293JT,13,0.0,fim_semana,141.0,149.0,14.9,-0.54,-0.54,normal,abaixo,baixa,2,fallback (60d recentes),2.5
PT0002000100113293JT,14,0.0,fim_semana,141.0,149.5,14.95,-0.57,-0.57,normal,abaixo,baixa,2,fallback (60d recentes),2.5
PT0002000100113293JT,15,0.0,fim_semana,140.0,153.0,15.3,-0.85,-0.85,normal,abaixo,baixa,2,fallback (60d recentes),2.5
PT0002000100113293JT,16,0.0,fim_semana,142.0,152.0,15.2,-0.66,-0.66,normal,abaixo,baixa,2,fallback (60d recentes),2.5
PT0002000100113293JT,17,0.0,fim_semana,148.0,153.0,15.3,-0.33,-0.33,normal,abaixo,baixa,2,fallback (60d recentes),2.5
PT0002000100113293JT,18,0.0,fim_semana,141.0,154.5,15.45,-0.87,-0.87,normal,abaixo,baixa,2,fallback (60d recentes),2.5
PT0002000100113293JT,19,0.0,fim_semana,130.0,154.5,15.45,-1.59,-1.59,normal,abaixo,baixa,2,fallback (60d recentes),2.5
PT0002000100113293JT,20,0.0,fim_semana,128.0,143.5,14.35,-1.08,-1.08,normal,abaixo,baixa,2,fallback (60d recentes),2.5
PT0002000100113293JT,21,0.0,fim_semana,141.0,141.0,14.1,0.0,0.0,normal,abaixo,baixa,3,fallback (60d recentes),2.5
PT0002000100113293JT,22,0.0,fim_semana,145.0,152.0,15.2,-0.46,-0.46,normal,abaixo,baixa,3,fallback (60d recentes),2.5
PT0002000100113293JT,23,0.0,fim_semana,145.0,146.33,14.63,-0.09,-0.09,normal,abaixo,baixa,3,fallback (60d recentes),2.5
PT0002000101964938LF,0,0.0,fim_semana,13.0,11.5,1.15,1.3,1.3,normal,acima,baixa,2,fallback (60d recentes),2.5
PT0002000101964938LF,1,0.0,fim_semana,12.0,11.5,1.15,0.43,0.43,normal,acima,baixa,2,fallback (60d recentes),2.5
PT0002000101964938LF,2,0.0,fim_semana,12.0,11.5,1.15,0.43,0.43,normal,acima,baixa,2,fallback (60d recentes),2.5
PT0002000101964938LF,3,0.0,fim_semana,12.0,11.5,1.15,0.43,0.43,normal,acima,baixa,2,fallback (60d recentes),2.5
PT0002000101964938LF,4,0.0,fim_semana,12.0,11.5,1.15,0.43,0.43,normal,acima,baixa,2,fallback (60d recentes),2.5
PT0002000101964938LF,5,0.0,fim_semana,11.0,10.5,1.05,0.48,0.48,normal,acima,baixa,2,fallback (60d recentes),2.5
PT0002000101964938LF,6,0.0,fim_semana,11.0,11.0,1.1,0.0,0.0,normal,abaixo,baixa,2,fallback (60d recentes),2.5
PT0002000101964938LF,7,0.0,fim_semana,12.0,21.0,12.73,-0.71,-0.71,normal,abaixo,baixa,2,fallback (60d recentes),2.5
PT0002000101964938LF,8,0.0,fim_semana,11.0,41.5,43.13,-0.71,-0.71,normal,abaixo,baixa,2,fallback (60d recentes),2.5
PT0002000101964938LF,9,0.0,fim_semana,12.0,37.5,37.48,-0.68,-0.68,normal,abaixo,baixa,2,fallback (60d recentes),2.5
PT0002000101964938LF,10,0.0,fim_semana,12.0,38.5,37.48,-0.71,-0.71,normal,abaixo,baixa,2,fallback (60d recentes),2.5
PT0002000101964938LF,11,0.0,fim_semana,13.0,38.5,36.06,-0.71,-0.71,normal,abaixo,baixa,2,fallback (60d recentes),2.5
PT0002000101964938LF,12,0.0,fim_semana,12.0,40.0,38.18,-0.73,-0.73,normal,abaixo,baixa,2,fallback (60d recentes),2.5
PT0002000101964938LF,13,0.0,fim_semana,13.0,46.5,47.38,-0.71,-0.71,normal,abaixo,baixa,2,fallback (60d recentes),2.5
PT0002000101964938LF,14,0.0,fim_semana,12.0,52.5,55.86,-0.73,-0.73,normal,abaixo,baixa,2,fallback (60d recentes),2.5
PT0002000101964938LF,15,0.0,fim_semana,13.0,46.5,47.38,-0.71,-0.71,normal,abaixo,baixa,2,fallback (60d recentes),2.5
PT0002000101964938LF,16,0.0,fim_semana,13.0,45.5,45.96,-0.71,-0.71,normal,abaixo,baixa,2,fallback (60d recentes),2.5
PT0002000101964938LF,17,0.0,fim_semana,12.0,46.0,46.67,-0.73,-0.73,normal,abaixo,baixa,2,fallback (60d recentes),2.5
PT0002000101964938LF,18,0.0,fim_semana,13.0,42.5,40.31,-0.73,-0.73,normal,abaixo,baixa,2,fallback (60d recentes),2.5
PT0002000101964938LF,19,0.0,fim_semana,13.0,37.5,34.65,-0.71,-0.71,normal,abaixo,baixa,2,fallback (60d recentes),2.5
PT0002000101964938LF,20,0.0,fim_semana,12.0,13.5,1.35,-1.11,-1.11,normal,abaixo,baixa,2,fallback (60d recentes),2.5
PT0002000101964938LF,21,0.0,fim_semana,12.0,11.0,1.73,0.58,0.58,normal,acima,baixa,3,fallback (60d recentes),2.5
PT0002000101964938LF,22,0.0,fim_semana,12.0,12.0,1.2,0.0,0.0,normal,abaixo,baixa,3,fallback (60d recentes),2.5
PT0002000101964938LF,23,0.0,fim_semana,12.0,12.33,1.23,-0.27,-0.27,normal,abaixo,baixa,3,fallback (60d recentes),2.5
PT0002000102936404ME,0,1.0,fim_semana,14.0,14.0,1.4,0.0,0.0,normal,abaixo,baixa,2,fallback (60d recentes),2.5
PT0002000102936404ME,1,1.0,fim_semana,11.0,22.0,14.14,-0.78,-0.78,normal,abaixo,baixa,2,fallback (60d recentes),2.5
PT0002000102936404ME,2,1.0,fim_semana,12.0,31.5,27.58,-0.71,-0.71,normal,abaixo,baixa,2,fallback (60d recentes),2.5
PT0002000102936404ME,3,1.0,fim_semana,11.0,34.0,29.7,-0.77,-0.77,normal,abaixo,baixa,2,fallback (60d recentes),2.5
PT0002000102936404ME,4,1.0,fim_semana,11.0,31.0,26.87,-0.74,-0.74,normal,abaixo,baixa,2,fallback (60d recentes),2.5
PT0002000102936404ME,5,1.0,fim_semana,11.0,23.5,16.26,-0.77,-0.77,normal,abaixo,baixa,2,fallback (60d recentes),2.5
PT0002000102936404ME,6,1.0,fim_semana,2.0,13.5,16.26,-0.71,-0.71,normal,abaixo,baixa,2,fallback (60d recentes),2.5
PT0002000102936404ME,7,1.0,fim_semana,1.0,13.0,16.97,-0.71,-0.71,normal,abaixo,baixa,2,fallback (60d recentes),2.5
PT0002000102936404ME,8,1.0,fim_semana,1.0,5.5,6.36,-0.71,-0.71,normal,abaixo,baixa,2,fallback (60d recentes),2.5
PT0002000102936404ME,9,1.0,fim_semana,18.0,18.0,1.8,0.0,0.0,normal,abaixo,baixa,2,fallback (60d recentes),2.5
PT0002000102936404ME,10,1.0,fim_semana,20.0,20.5,2.05,-0.24,-0.24,normal,abaixo,baixa,2,fallback (60d recentes),2.5
PT0002000102936404ME,11,1.0,fim_semana,21.0,20.0,2.0,0.5,0.5,normal,acima,baixa,2,fallback (60d recentes),2.5
PT0002000102936404ME,12,1.0,fim_semana,20.0,21.0,2.1,-0.48,-0.48,normal,abaixo,baixa,2,fallback (60d recentes),2.5
PT0002000102936404ME,13,1.0,fim_semana,20.0,20.0,2.0,0.0,0.0,normal,abaixo,baixa,2,fallback (60d recentes),2.5
PT0002000102936404ME,14,1.0,fim_semana,20.0,20.0,2.0,0.0,0.0,normal,abaixo,baixa,2,fallback (60d recentes),2.5
PT0002000102936404ME,15,1.0,fim_semana,21.0,21.0,2.1,0.0,0.0,normal,abaixo,baixa,2,fallback (60d recentes),2.5
PT0002000102936404ME,16,1.0,fim_semana,20.0,20.0,2.0,0.0,0.0,normal,abaixo,baixa,2,fallback (60d recentes),2.5
PT0002000102936404ME,17,1.0,fim_semana,20.0,20.0,2.0,0.0,0.0,normal,abaixo,baixa,2,fallback (60d recentes),2.5
PT0002000102936404ME,18,1.0,fim_semana,20.0,20.5,2.05,-0.24,-0.24,normal,abaixo,baixa,2,fallback (60d recentes),2.5
PT0002000102936404ME,19,1.0,fim_semana,20.0,20.5,2.05,-0.24,-0.24,normal,abaixo,baixa,2,fallback (60d recentes),2.5
PT0002000102936404ME,20,1.0,fim_semana,21.0,20.0,2.0,0.5,0.5,normal,acima,baixa,2,fallback (60d recentes),2.5
PT0002000102936404ME,21,1.0,fim_semana,29.0,28.33,4.62,0.14,0.14,normal,acima,baixa,3,fallback (60d recentes),2.5
PT0002000102936404ME,22,1.0,fim_semana,31.0,31.67,3.17,-0.21,-0.21,normal,abaixo,baixa,3,fallback (60d recentes),2.5
PT0002000102936404ME,23,1.0,fim_semana,30.0,31.33,3.13,-0.43,-0.43,normal,abaixo,baixa,3,fallback (60d recentes),2.5
PT0002000103647515BL,0,,fim_semana,1.0,1.5,0.71,-0.71,-0.71,normal,abaixo,baixa,2,fallback (60d recentes),2.5
PT0002000103647515BL,1,,fim_semana,0.0,0.0,0.3,0.0,0.0,normal,abaixo,baixa,2,fallback (60d recentes),2.5
PT0002000103647515BL,2,,fim_semana,0.0,0.0,0.3,0.0,0.0,normal,abaixo,baixa,2,fallback (60d recentes),2.5
PT0002000103647515BL,3,,fim_semana,0.0,0.0,0.3,0.0,0.0,normal,abaixo,baixa,2,fallback (60d recentes),2.5
PT0002000103647515BL,4,,fim_semana,0.0,0.0,0.3,0.0,0.0,normal,abaixo,baixa,2,fallback (60d recentes),2.5
PT0002000103647515BL,5,,fim_semana,0.0,0.0,0.3,0.0,0.0,normal,abaixo,baixa,2,fallback (60d recentes),2.5
PT0002000103647515BL,6,,fim_semana,0.0,0.0,0.3,0.0,0.0,normal,abaixo,baixa,2,fallback (60d recentes),2.5
PT0002000103647515BL,7,,fim_semana,0.0,0.0,0.3,0.0,0.0,normal,abaixo,baixa,2,fallback (60d recentes),2.5
PT0002000103647515BL,8,,fim_semana,0.0,0.0,0.3,0.0,0.0,normal,abaixo,baixa,2,fallback (60d recentes),2.5
PT0002000103647515BL,9,,fim_semana,0.0,0.0,0.3,0.0,0.0,normal,abaixo,baixa,2,fallback (60d recentes),2.5
PT0002000103647515BL,10,,fim_semana,0.0,0.0,0.3,0.0,0.0,normal,abaixo,baixa,2,fallback (60d recentes),2.5
PT0002000103647515BL,11,,fim_semana,0.0,0.0,0.3,0.0,0.0,normal,abaixo,baixa,2,fallback (60d recentes),2.5
PT0002000103647515BL,12,,fim_semana,0.0,0.0,0.3,0.0,0.0,normal,abaixo,baixa,2,fallback (60d recentes),2.5
PT0002000103647515BL,13,,fim_semana,0.0,0.0,0.3,0.0,0.0,normal,abaixo,baixa,2,fallback (60d recentes),2.5
PT0002000103647515BL,14,,fim_semana,0.0,0.0,0.3,0.0,0.0,normal,abaixo,baixa,2,fallback (60d recentes),2.5
PT0002000103647515BL,15,,fim_semana,0.0,0.0,0.3,0.0,0.0,normal,abaixo,baixa,2,fallback (60d recentes),2.5
PT0002000103647515BL,16,,fim_semana,0.0,0.0,0.3,0.0,0.0,normal,abaixo,baixa,2,fallback (60d recentes),2.5
PT0002000103647515BL,17,,fim_semana,0.0,0.0,0.3,0.0,0.0,normal,abaixo,baixa,2,fallback (60d recentes),2.5
PT0002000103647515BL,18,,fim_semana,0.0,0.0,0.3,0.0,0.0,normal,abaixo,baixa,2,fallback (60d recentes),2.5
PT0002000103647515BL,19,,fim_semana,3.0,2.5,0.71,0.71,0.71,normal,acima,baixa,2,fallback (60d recentes),2.5
PT0002000103647515BL,20,,fim_semana,3.0,2.5,0.71,0.71,0.71,normal,acima,baixa,2,fallback (60d recentes),2.5
PT0002000103647515BL,21,,fim_semana,2.0,2.67,0.58,-1.15,-1.15,normal,abaixo,baixa,3,fallback (60d recentes),2.5
PT0002000103647515BL,22,,fim_semana,3.0,3.0,0.3,0.0,0.0,normal,abaixo,baixa,3,fallback (60d recentes),2.5
PT0002000103647515BL,23,,fim_semana,3.0,2.67,0.58,0.58,0.58,normal,acima,baixa,3,fallback (60d recentes),2.5
PT0002000105483259QH,0,1.0,fim_semana,1.0,1.5,0.71,-0.71,-0.71,normal,abaixo,baixa,2,fallback (60d recentes),2.5
PT0002000105483259QH,1,1.0,fim_semana,2.0,1.0,0.3,3.33,3.33,desvio,acima,baixa,2,fallback (60d recentes),2.5
PT0002000105483259QH,2,1.0,fim_semana,0.0,0.5,0.71,-0.71,-0.71,normal,abaixo,baixa,2,fallback (60d recentes),2.5
PT0002000105483259QH,3,1.0,fim_semana,1.0,1.0,0.3,0.0,0.0,normal,abaixo,baixa,2,fallback (60d recentes),2.5
PT0002000105483259QH,4,1.0,fim_semana,0.0,0.5,0.71,-0.71,-0.71,normal,abaixo,baixa,2,fallback (60d recentes),2.5
PT0002000105483259QH,5,1.0,fim_semana,1.0,0.5,0.71,0.71,0.71,normal,acima,baixa,2,fallback (60d recentes),2.5
PT0002000105483259QH,6,1.0,fim_semana,1.0,0.5,0.71,0.71,0.71,normal,acima,baixa,2,fallback (60d recentes),2.5
PT0002000105483259QH,7,1.0,fim_semana,0.0,0.5,0.71,-0.71,-0.71,normal,abaixo,baixa,2,fallback (60d recentes),2.5
PT0002000105483259QH,8,1.0,fim_semana,1.0,1.0,0.3,0.0,0.0,normal,abaixo,baixa,2,fallback (60d recentes),2.5
PT0002000105483259QH,9,1.0,fim_semana,0.0,0.5,0.71,-0.71,-0.71,normal,abaixo,baixa,2,fallback (60d recentes),2.5
PT0002000105483259QH,10,1.0,fim_semana,1.0,0.5,0.71,0.71,0.71,normal,acima,baixa,2,fallback (60d recentes),2.5
PT0002000105483259QH,11,1.0,fim_semana,1.0,0.5,0.71,0.71,0.71,normal,acima,baixa,2,fallback (60d recentes),2.5
PT0002000105483259QH,12,1.0,fim_semana,1.0,0.5,0.71,0.71,0.71,normal,acima,baixa,2,fallback (60d recentes),2.5
PT0002000105483259QH,13,1.0,fim_semana,1.0,1.0,0.3,0.0,0.0,normal,abaixo,baixa,2,fallback (60d recentes),2.5
PT0002000105483259QH,14,1.0,fim_semana,2.0,0.5,0.71,2.12,2.12,normal,acima,baixa,2,fallback (60d recentes),2.5
PT0002000105483259QH,15,1.0,fim_semana,1.0,1.0,0.3,0.0,0.0,normal,abaixo,baixa,2,fallback (60d recentes),2.5
PT0002000105483259QH,16,1.0,fim_semana,2.0,1.0,1.41,0.71,0.71,normal,acima,baixa,2,fallback (60d recentes),2.5
PT0002000105483259QH,17,1.0,fim_semana,1.0,1.0,0.3,0.0,0.0,normal,abaixo,baixa,2,fallback (60d recentes),2.5
PT0002000105483259QH,18,1.0,fim_semana,2.0,1.5,0.71,0.71,0.71,normal,acima,baixa,2,fallback (60d recentes),2.5
PT0002000105483259QH,19,1.0,fim_semana,1.0,1.5,0.71,-0.71,-0.71,normal,abaixo,baixa,2,fallback (60d recentes),2.5
PT0002000105483259QH,20,1.0,fim_semana,1.0,1.5,0.71,-0.71,-0.71,normal,abaixo,baixa,2,fallback (60d recentes),2.5
PT0002000105483259QH,21,1.0,fim_semana,2.0,1.33,0.58,1.15,1.15,normal,acima,baixa,3,fallback (60d recentes),2.5
PT0002000105483259QH,22,1.0,fim_semana,1.0,1.67,0.58,-1.15,-1.15,normal,abaixo,baixa,3,fallback (60d recentes),2.5
PT0002000105483259QH,23,1.0,fim_semana,2.0,2.0,0.3,0.0,0.0,normal,abaixo,baixa,3,fallback (60d recentes),2.5
PT0002000106102375RC,0,,fim_semana,60.0,60.0,6.0,0.0,0.0,normal,abaixo,baixa,2,fallback (60d recentes),2.5
PT0002000106102375RC,1,,fim_semana,55.0,58.0,5.8,-0.52,-0.52,normal,abaixo,baixa,2,fallback (60d recentes),2.5
PT0002000106102375RC,2,,fim_semana,59.0,58.5,5.85,0.09,0.09,normal,acima,baixa,2,fallback (60d recentes),2.5
PT0002000106102375RC,3,,fim_semana,58.0,57.5,5.75,0.09,0.09,normal,acima,baixa,2,fallback (60d recentes),2.5
PT0002000106102375RC,4,,fim_semana,57.0,57.5,5.75,-0.09,-0.09,normal,abaixo,baixa,2,fallback (60d recentes),2.5
PT0002000106102375RC,5,,fim_semana,55.0,58.5,5.85,-0.6,-0.6,normal,abaixo,baixa,2,fallback (60d recentes),2.5
PT0002000106102375RC,6,,fim_semana,55.0,55.5,5.55,-0.09,-0.09,normal,abaixo,baixa,2,fallback (60d recentes),2.5
PT0002000106102375RC,7,,fim_semana,56.0,63.5,6.35,-1.18,-1.18,normal,abaixo,baixa,2,fallback (60d recentes),2.5
PT0002000106102375RC,8,,fim_semana,59.0,70.5,16.26,-0.71,-0.71,normal,abaixo,baixa,2,fallback (60d recentes),2.5
PT0002000106102375RC,9,,fim_semana,64.0,73.0,14.14,-0.64,-0.64,normal,abaixo,baixa,2,fallback (60d recentes),2.5
PT0002000106102375RC,10,,fim_semana,64.0,76.5,16.26,-0.77,-0.77,normal,abaixo,baixa,2,fallback (60d recentes),2.5
PT0002000106102375RC,11,,fim_semana,65.0,82.0,18.38,-0.92,-0.92,normal,abaixo,baixa,2,fallback (60d recentes),2.5
PT0002000106102375RC,12,,fim_semana,70.0,83.0,18.38,-0.71,-0.71,normal,abaixo,baixa,2,fallback (60d recentes),2.5
PT0002000106102375RC,13,,fim_semana,70.0,79.5,21.92,-0.43,-0.43,normal,abaixo,baixa,2,fallback (60d recentes),2.5
PT0002000106102375RC,14,,fim_semana,71.0,82.5,17.68,-0.65,-0.65,normal,abaixo,baixa,2,fallback (60d recentes),2.5
PT0002000106102375RC,15,,fim_semana,72.0,86.0,21.21,-0.66,-0.66,normal,abaixo,baixa,2,fallback (60d recentes),2.5
PT0002000106102375RC,16,,fim_semana,67.0,86.0,19.8,-0.96,-0.96,normal,abaixo,baixa,2,fallback (60d recentes),2.5
PT0002000106102375RC,17,,fim_semana,68.0,85.0,19.8,-0.86,-0.86,normal,abaixo,baixa,2,fallback (60d recentes),2.5
PT0002000106102375RC,18,,fim_semana,68.0,81.5,16.26,-0.83,-0.83,normal,abaixo,baixa,2,fallback (60d recentes),2.5
PT0002000106102375RC,19,,fim_semana,62.0,77.0,11.31,-1.33,-1.33,normal,abaixo,baixa,2,fallback (60d recentes),2.5
PT0002000106102375RC,20,,fim_semana,63.0,67.5,9.19,-0.49,-0.49,normal,abaixo,baixa,2,fallback (60d recentes),2.5
PT0002000106102375RC,21,,fim_semana,62.0,58.33,8.96,0.41,0.41,normal,acima,baixa,3,fallback (60d recentes),2.5
PT0002000106102375RC,22,,fim_semana,57.0,59.33,5.93,-0.39,-0.39,normal,abaixo,baixa,3,fallback (60d recentes),2.5
PT0002000106102375RC,23,,fim_semana,60.0,61.0,6.1,-0.16,-0.16,normal,abaixo,baixa,3,fallback (60d recentes),2.5
PT0002000107046231FW,0,0.0,fim_semana,2.0,1.5,0.71,0.71,0.71,normal,acima,baixa,2,fallback (60d recentes),2.5
PT0002000107046231FW,1,0.0,fim_semana,2.0,2.5,0.71,-0.71,-0.71,normal,abaixo,baixa,2,fallback (60d recentes),2.5
PT0002000107046231FW,2,0.0,fim_semana,4.0,3.5,0.71,0.71,0.71,normal,acima,baixa,2,fallback (60d recentes),2.5
PT0002000107046231FW,3,0.0,fim_semana,4.0,3.0,0.3,3.33,3.33,desvio,acima,baixa,2,fallback (60d recentes),2.5
PT0002000107046231FW,4,0.0,fim_semana,3.0,4.0,0.4,-2.5,-2.5,normal,abaixo,baixa,2,fallback (60d recentes),2.5
PT0002000107046231FW,5,0.0,fim_semana,4.0,3.0,0.3,3.33,3.33,desvio,acima,baixa,2,fallback (60d recentes),2.5
PT0002000107046231FW,6,0.0,fim_semana,3.0,3.5,0.71,-0.71,-0.71,normal,abaixo,baixa,2,fallback (60d recentes),2.5
PT0002000107046231FW,7,0.0,fim_semana,4.0,6.5,3.54,-0.71,-0.71,normal,abaixo,baixa,2,fallback (60d recentes),2.5
PT0002000107046231FW,8,0.0,fim_semana,5.0,11.0,9.9,-0.61,-0.61,normal,abaixo,baixa,2,fallback (60d recentes),2.5
PT0002000107046231FW,9,0.0,fim_semana,3.0,11.0,11.31,-0.71,-0.71,normal,abaixo,baixa,2,fallback (60d recentes),2.5
PT0002000107046231FW,10,0.0,fim_semana,3.0,19.0,22.63,-0.71,-0.71,normal,abaixo,baixa,2,fallback (60d recentes),2.5
PT0002000107046231FW,11,0.0,fim_semana,1.0,18.5,23.33,-0.75,-0.75,normal,abaixo,baixa,2,fallback (60d recentes),2.5
PT0002000107046231FW,12,0.0,fim_semana,2.0,25.0,32.53,-0.71,-0.71,normal,abaixo,baixa,2,fallback (60d recentes),2.5
PT0002000107046231FW,13,0.0,fim_semana,3.0,29.0,38.18,-0.68,-0.68,normal,abaixo,baixa,2,fallback (60d recentes),2.5
PT0002000107046231FW,14,0.0,fim_semana,2.0,24.5,31.82,-0.71,-0.71,normal,abaixo,baixa,2,fallback (60d recentes),2.5
PT0002000107046231FW,15,0.0,fim_semana,4.0,18.5,21.92,-0.66,-0.66,normal,abaixo,baixa,2,fallback (60d recentes),2.5
PT0002000107046231FW,16,0.0,fim_semana,2.0,13.5,14.85,-0.77,-0.77,normal,abaixo,baixa,2,fallback (60d recentes),2.5
PT0002000107046231FW,17,0.0,fim_semana,2.0,10.5,12.02,-0.71,-0.71,normal,abaixo,baixa,2,fallback (60d recentes),2.5
PT0002000107046231FW,18,0.0,fim_semana,2.0,5.5,3.54,-0.99,-0.99,normal,abaixo,baixa,2,fallback (60d recentes),2.5
PT0002000107046231FW,19,0.0,fim_semana,3.0,2.0,0.3,3.33,3.33,desvio,acima,baixa,2,fallback (60d recentes),2.5
PT0002000107046231FW,20,0.0,fim_semana,3.0,3.0,0.3,0.0,0.0,normal,abaixo,baixa,2,fallback (60d recentes),2.5
PT0002000107046231FW,21,0.0,fim_semana,2.0,2.0,1.0,0.0,0.0,normal,abaixo,baixa,3,fallback (60d recentes),2.5
PT0002000107046231FW,22,0.0,fim_semana,3.0,2.33,0.58,1.15,1.15,normal,acima,baixa,3,fallback (60d recentes),2.5
PT0002000107046231FW,23,0.0,fim_semana,1.0,2.0,0.3,-3.33,-3.33,desvio,abaixo,baixa,3,fallback (60d recentes),2.5
PT0002000107172384HT,0,1.0,fim_semana,69.0,60.0,14.14,0.64,0.64,normal,acima,baixa,2,fallback (60d recentes),2.5
PT0002000107172384HT,1,1.0,fim_semana,47.0,54.5,16.26,-0.46,-0.46,normal,abaixo,baixa,2,fallback (60d recentes),2.5
PT0002000107172384HT,2,1.0,fim_semana,32.0,40.5,4.05,-2.1,-2.1,normal,abaixo,baixa,2,fallback (60d recentes),2.5
PT0002000107172384HT,3,1.0,fim_semana,28.0,32.5,6.36,-0.71,-0.71,normal,abaixo,baixa,2,fallback (60d recentes),2.5
PT0002000107172384HT,4,1.0,fim_semana,28.0,32.0,4.24,-0.94,-0.94,normal,abaixo,baixa,2,fallback (60d recentes),2.5
PT0002000107172384HT,5,1.0,fim_semana,28.0,31.5,4.95,-0.71,-0.71,normal,abaixo,baixa,2,fallback (60d recentes),2.5
PT0002000107172384HT,6,1.0,fim_semana,28.0,30.5,4.95,-0.51,-0.51,normal,abaixo,baixa,2,fallback (60d recentes),2.5
PT0002000107172384HT,7,1.0,fim_semana,28.0,31.0,4.24,-0.71,-0.71,normal,abaixo,baixa,2,fallback (60d recentes),2.5
PT0002000107172384HT,8,1.0,fim_semana,29.0,29.5,4.95,-0.1,-0.1,normal,abaixo,baixa,2,fallback (60d recentes),2.5
PT0002000107172384HT,9,1.0,fim_semana,32.0,30.0,7.07,0.28,0.28,normal,acima,baixa,2,fallback (60d recentes),2.5
PT0002000107172384HT,10,1.0,fim_semana,33.0,32.5,7.78,0.06,0.06,normal,acima,baixa,2,fallback (60d recentes),2.5
PT0002000107172384HT,11,1.0,fim_semana,31.0,42.0,18.38,-0.6,-0.6,normal,abaixo,baixa,2,fallback (60d recentes),2.5
PT0002000107172384HT,12,1.0,fim_semana,47.0,49.0,21.21,-0.09,-0.09,normal,abaixo,baixa,2,fallback (60d recentes),2.5
PT0002000107172384HT,13,1.0,fim_semana,43.0,52.0,7.07,-1.27,-1.27,normal,abaixo,baixa,2,fallback (60d recentes),2.5
PT0002000107172384HT,14,1.0,fim_semana,41.0,51.0,7.07,-1.41,-1.41,normal,abaixo,baixa,2,fallback (60d recentes),2.5
PT0002000107172384HT,15,1.0,fim_semana,42.0,46.0,8.49,-0.47,-0.47,normal,abaixo,baixa,2,fallback (60d recentes),2.5
PT0002000107172384HT,16,1.0,fim_semana,41.0,54.5,6.36,-2.12,-2.12,normal,abaixo,baixa,2,fallback (60d recentes),2.5
PT0002000107172384HT,17,1.0,fim_semana,50.0,47.5,4.75,0.53,0.53,normal,acima,baixa,2,fallback (60d recentes),2.5
PT0002000107172384HT,18,1.0,fim_semana,49.0,56.5,7.78,-0.96,-0.96,normal,abaixo,baixa,2,fallback (60d recentes),2.5
PT0002000107172384HT,19,1.0,fim_semana,49.0,54.5,5.45,-1.01,-1.01,normal,abaixo,baixa,2,fallback (60d recentes),2.5
PT0002000107172384HT,20,1.0,fim_semana,57.0,66.0,6.6,-1.36,-1.36,normal,abaixo,baixa,2,fallback (60d recentes),2.5
PT0002000107172384HT,21,1.0,fim_semana,78.0,60.0,13.23,1.36,1.36,normal,acima,baixa,3,fallback (60d recentes),2.5
PT0002000107172384HT,22,1.0,fim_semana,68.0,60.0,7.55,1.06,1.06,normal,acima,baixa,3,fallback (60d recentes),2.5
PT0002000107172384HT,23,1.0,fim_semana,68.0,62.33,9.61,0.59,0.59,normal,acima,baixa,3,fallback (60d recentes),2.5
PT0002000109837807PE,0,1.0,fim_semana,8.0,7.5,0.75,0.67,0.67,normal,acima,baixa,2,fallback (60d recentes),2.5
PT0002000109837807PE,1,1.0,fim_semana,7.0,7.0,0.7,0.0,0.0,normal,abaixo,baixa,2,fallback (60d recentes),2.5
PT0002000109837807PE,2,1.0,fim_semana,7.0,7.5,0.75,-0.67,-0.67,normal,abaixo,baixa,2,fallback (60d recentes),2.5
PT0002000109837807PE,3,1.0,fim_semana,7.0,7.5,0.75,-0.67,-0.67,normal,abaixo,baixa,2,fallback (60d recentes),2.5
PT0002000109837807PE,4,1.0,fim_semana,7.0,6.0,0.6,1.67,1.67,normal,acima,baixa,2,fallback (60d recentes),2.5
PT0002000109837807PE,5,1.0,fim_semana,4.0,4.0,0.4,0.0,0.0,normal,abaixo,baixa,2,fallback (60d recentes),2.5
PT0002000109837807PE,6,1.0,fim_semana,3.0,3.5,0.71,-0.71,-0.71,normal,abaixo,baixa,2,fallback (60d recentes),2.5
PT0002000109837807PE,7,1.0,fim_semana,4.0,4.0,0.4,0.0,0.0,normal,abaixo,baixa,2,fallback (60d recentes),2.5
PT0002000109837807PE,8,1.0,fim_semana,20.0,3.5,0.71,10.0,23.33,desvio,acima,baixa,2,fallback (60d recentes),2.5
PT0002000109837807PE,9,1.0,fim_semana,20.0,5.0,1.41,10.0,10.61,desvio,acima,baixa,2,fallback (60d recentes),2.5
PT0002000109837807PE,10,1.0,fim_semana,21.0,7.5,4.95,2.73,2.73,desvio,acima,baixa,2,fallback (60d recentes),2.5
PT0002000109837807PE,11,1.0,fim_semana,20.0,6.5,3.54,3.82,3.82,desvio,acima,baixa,2,fallback (60d recentes),2.5
PT0002000109837807PE,12,1.0,fim_semana,6.0,3.0,0.3,10.0,10.0,desvio,acima,baixa,2,fallback (60d recentes),2.5
PT0002000109837807PE,13,1.0,fim_semana,4.0,4.0,0.4,0.0,0.0,normal,abaixo,baixa,2,fallback (60d recentes),2.5
PT0002000109837807PE,14,1.0,fim_semana,4.0,4.0,0.4,0.0,0.0,normal,abaixo,baixa,2,fallback (60d recentes),2.5
PT0002000109837807PE,15,1.0,fim_semana,4.0,4.0,0.4,0.0,0.0,normal,abaixo,baixa,2,fallback (60d recentes),2.5
PT0002000109837807PE,16,1.0,fim_semana,4.0,4.0,0.4,0.0,0.0,normal,abaixo,baixa,2,fallback (60d recentes),2.5
PT0002000109837807PE,17,1.0,fim_semana,12.0,4.0,0.4,10.0,20.0,desvio,acima,baixa,2,fallback (60d recentes),2.5
PT0002000109837807PE,18,1.0,fim_semana,15.0,11.0,9.9,0.4,0.4,normal,acima,baixa,2,fallback (60d recentes),2.5
PT0002000109837807PE,19,1.0,fim_semana,22.0,14.5,12.02,0.62,0.62,normal,acima,baixa,2,fallback (60d recentes),2.5
PT0002000109837807PE,20,1.0,fim_semana,23.0,16.0,12.73,0.55,0.55,normal,acima,baixa,2,fallback (60d recentes),2.5
PT0002000109837807PE,21,1.0,fim_semana,24.0,13.33,9.24,1.15,1.15,normal,acima,baixa,3,fallback (60d recentes),2.5
PT0002000109837807PE,22,1.0,fim_semana,23.0,14.0,12.12,0.74,0.74,normal,acima,baixa,3,fallback (60d recentes),2.5
PT0002000109837807PE,23,1.0,fim_semana,23.0,7.33,0.73,10.0,21.36,desvio,acima,baixa,3,fallback (60d recentes),2.5
PT0002000110090564GD,0,1.0,fim_semana,5.0,5.0,0.5,0.0,0.0,normal,abaixo,baixa,2,fallback (60d recentes),2.5
PT0002000110090564GD,1,1.0,fim_semana,4.0,4.5,0.71,-0.71,-0.71,normal,abaixo,baixa,2,fallback (60d recentes),2.5
PT0002000110090564GD,2,1.0,fim_semana,5.0,5.0,0.5,0.0,0.0,normal,abaixo,baixa,2,fallback (60d recentes),2.5
PT0002000110090564GD,3,1.0,fim_semana,5.0,5.0,0.5,0.0,0.0,normal,abaixo,baixa,2,fallback (60d recentes),2.5
PT0002000110090564GD,4,1.0,fim_semana,5.0,5.0,0.5,0.0,0.0,normal,abaixo,baixa,2,fallback (60d recentes),2.5
PT0002000110090564GD,5,1.0,fim_semana,5.0,4.0,0.4,2.5,2.5,normal,acima,baixa,2,fallback (60d recentes),2.5
PT0002000110090564GD,6,1.0,fim_semana,5.0,5.0,0.5,0.0,0.0,normal,abaixo,baixa,2,fallback (60d recentes),2.5
PT0002000110090564GD,7,1.0,fim_semana,4.0,5.0,0.5,-2.0,-2.0,normal,abaixo,baixa,2,fallback (60d recentes),2.5
PT0002000110090564GD,8,1.0,fim_semana,5.0,5.0,0.5,0.0,0.0,normal,abaixo,baixa,2,fallback (60d recentes),2.5
PT0002000110090564GD,9,1.0,fim_semana,5.0,5.5,2.12,-0.24,-0.24,normal,abaixo,baixa,2,fallback (60d recentes),2.5
PT0002000110090564GD,10,1.0,fim_semana,5.0,5.5,0.71,-0.71,-0.71,normal,abaixo,baixa,2,fallback (60d recentes),2.5
PT0002000110090564GD,11,1.0,fim_semana,4.0,5.5,0.71,-2.12,-2.12,normal,abaixo,baixa,2,fallback (60d recentes),2.5
PT0002000110090564GD,12,1.0,fim_semana,5.0,6.0,1.41,-0.71,-0.71,normal,abaixo,baixa,2,fallback (60d recentes),2.5
PT0002000110090564GD,13,1.0,fim_semana,5.0,5.0,0.5,0.0,0.0,normal,abaixo,baixa,2,fallback (60d recentes),2.5
PT0002000110090564GD,14,1.0,fim_semana,5.0,5.5,0.71,-0.71,-0.71,normal,abaixo,baixa,2,fallback (60d recentes),2.5
PT0002000110090564GD,15,1.0,fim_semana,5.0,4.5,0.71,0.71,0.71,normal,acima,baixa,2,fallback (60d recentes),2.5
PT0002000110090564GD,16,1.0,fim_semana,5.0,5.0,0.5,0.0,0.0,normal,abaixo,baixa,2,fallback (60d recentes),2.5
PT0002000110090564GD,17,1.0,fim_semana,4.0,5.0,0.5,-2.0,-2.0,normal,abaixo,baixa,2,fallback (60d recentes),2.5
PT0002000110090564GD,18,1.0,fim_semana,5.0,5.5,0.71,-0.71,-0.71,normal,abaixo,baixa,2,fallback (60d recentes),2.5
PT0002000110090564GD,19,1.0,fim_semana,5.0,5.5,0.71,-0.71,-0.71,normal,abaixo,baixa,2,fallback (60d recentes),2.5
PT0002000110090564GD,20,1.0,fim_semana,5.0,5.0,1.41,0.0,0.0,normal,abaixo,baixa,2,fallback (60d recentes),2.5
PT0002000110090564GD,21,1.0,fim_semana,4.0,5.33,0.58,-2.31,-2.31,normal,abaixo,baixa,3,fallback (60d recentes),2.5
PT0002000110090564GD,22,1.0,fim_semana,5.0,6.0,1.0,-1.0,-1.0,normal,abaixo,baixa,3,fallback (60d recentes),2.5
PT0002000110090564GD,23,1.0,fim_semana,5.0,5.0,0.5,0.0,0.0,normal,abaixo,baixa,3,fallback (60d recentes),2.5
PT0002000110607652SB,0,0.0,fim_semana,8.0,8.0,0.8,0.0,0.0,normal,abaixo,baixa,2,fallback (60d recentes),2.5
PT0002000110607652SB,1,0.0,fim_semana,8.0,8.0,0.8,0.0,0.0,normal,abaixo,baixa,2,fallback (60d recentes),2.5
PT0002000110607652SB,2,0.0,fim_semana,12.0,12.0,1.2,0.0,0.0,normal,abaixo,baixa,2,fallback (60d recentes),2.5
PT0002000110607652SB,3,0.0,fim_semana,8.0,8.0,0.8,0.0,0.0,normal,abaixo,baixa,2,fallback (60d recentes),2.5
PT0002000110607652SB,4,0.0,fim_semana,8.0,8.0,0.8,0.0,0.0,normal,abaixo,baixa,2,fallback (60d recentes),2.5
PT0002000110607652SB,5,0.0,fim_semana,12.0,10.0,2.83,0.71,0.71,normal,acima,baixa,2,fallback (60d recentes),2.5
PT0002000110607652SB,6,0.0,fim_semana,12.0,8.0,0.8,5.0,5.0,desvio,acima,baixa,2,fallback (60d recentes),2.5
PT0002000110607652SB,7,0.0,fim_semana,8.0,16.0,11.31,-0.71,-0.71,normal,abaixo,baixa,2,fallback (60d recentes),2.5
PT0002000110607652SB,8,0.0,fim_semana,8.0,50.0,59.4,-0.71,-0.71,normal,abaixo,baixa,2,fallback (60d recentes),2.5
PT0002000110607652SB,9,0.0,fim_semana,8.0,46.0,53.74,-0.71,-0.71,normal,abaixo,baixa,2,fallback (60d recentes),2.5
PT0002000110607652SB,10,0.0,fim_semana,8.0,54.0,59.4,-0.77,-0.77,normal,abaixo,baixa,2,fallback (60d recentes),2.5
PT0002000110607652SB,11,0.0,fim_semana,12.0,52.0,56.57,-0.71,-0.71,normal,abaixo,baixa,2,fallback (60d recentes),2.5
PT0002000110607652SB,12,0.0,fim_semana,8.0,52.0,62.23,-0.71,-0.71,normal,abaixo,baixa,2,fallback (60d recentes),2.5
PT0002000110607652SB,13,0.0,fim_semana,12.0,56.0,62.23,-0.71,-0.71,normal,abaixo,baixa,2,fallback (60d recentes),2.5
PT0002000110607652SB,14,0.0,fim_semana,12.0,52.0,62.23,-0.64,-0.64,normal,abaixo,baixa,2,fallback (60d recentes),2.5
PT0002000110607652SB,15,0.0,fim_semana,12.0,50.0,53.74,-0.71,-0.71,normal,abaixo,baixa,2,fallback (60d recentes),2.5
PT0002000110607652SB,16,0.0,fim_semana,8.0,54.0,65.05,-0.71,-0.71,normal,abaixo,baixa,2,fallback (60d recentes),2.5
PT0002000110607652SB,17,0.0,fim_semana,12.0,54.0,59.4,-0.71,-0.71,normal,abaixo,baixa,2,fallback (60d recentes),2.5
PT0002000110607652SB,18,0.0,fim_semana,8.0,58.0,70.71,-0.71,-0.71,normal,abaixo,baixa,2,fallback (60d recentes),2.5
PT0002000110607652SB,19,0.0,fim_semana,12.0,56.0,62.23,-0.71,-0.71,normal,abaixo,baixa,2,fallback (60d recentes),2.5
PT0002000110607652SB,20,0.0,fim_semana,8.0,14.0,2.83,-2.12,-2.12,normal,abaixo,baixa,2,fallback (60d recentes),2.5
PT0002000110607652SB,21,0.0,fim_semana,8.0,9.33,2.31,-0.58,-0.58,normal,abaixo,baixa,3,fallback (60d recentes),2.5
PT0002000110607652SB,22,0.0,fim_semana,12.0,8.0,0.8,5.0,5.0,desvio,acima,baixa,3,fallback (60d recentes),2.5
PT0002000110607652SB,23,0.0,fim_semana,12.0,12.0,1.2,0.0,0.0,normal,abaixo,baixa,3,fallback (60d recentes),2.5
PT0002000110814293YC,0,,fim_semana,21.0,14.0,14.14,0.49,0.49,normal,acima,baixa,2,fallback (60d recentes),2.5
PT0002000110814293YC,1,,fim_semana,21.0,14.0,12.73,0.55,0.55,normal,acima,baixa,2,fallback (60d recentes),2.5
PT0002000110814293YC,2,,fim_semana,22.0,13.5,13.44,0.63,0.63,normal,acima,baixa,2,fallback (60d recentes),2.5
PT0002000110814293YC,3,,fim_semana,21.0,14.0,14.14,0.49,0.49,normal,acima,baixa,2,fallback (60d recentes),2.5
PT0002000110814293YC,4,,fim_semana,21.0,13.5,13.44,0.56,0.56,normal,acima,baixa,2,fallback (60d recentes),2.5
PT0002000110814293YC,5,,fim_semana,21.0,13.5,13.44,0.56,0.56,normal,acima,baixa,2,fallback (60d recentes),2.5
PT0002000110814293YC,6,,fim_semana,22.0,14.0,12.73,0.63,0.63,normal,acima,baixa,2,fallback (60d recentes),2.5
PT0002000110814293YC,7,,fim_semana,21.0,15.0,11.31,0.53,0.53,normal,acima,baixa,2,fallback (60d recentes),2.5
PT0002000110814293YC,8,,fim_semana,21.0,16.5,9.19,0.49,0.49,normal,acima,baixa,2,fallback (60d recentes),2.5
PT0002000110814293YC,9,,fim_semana,21.0,17.5,9.19,0.38,0.38,normal,acima,baixa,2,fallback (60d recentes),2.5
PT0002000110814293YC,10,,fim_semana,21.0,26.5,6.36,-0.86,-0.86,normal,abaixo,baixa,2,fallback (60d recentes),2.5
PT0002000110814293YC,11,,fim_semana,20.0,28.5,7.78,-1.09,-1.09,normal,abaixo,baixa,2,fallback (60d recentes),2.5
PT0002000110814293YC,12,,fim_semana,21.0,29.0,8.49,-0.94,-0.94,normal,abaixo,baixa,2,fallback (60d recentes),2.5
PT0002000110814293YC,13,,fim_semana,21.0,27.5,6.36,-1.02,-1.02,normal,abaixo,baixa,2,fallback (60d recentes),2.5
PT0002000110814293YC,14,,fim_semana,21.0,27.5,4.95,-1.31,-1.31,normal,abaixo,baixa,2,fallback (60d recentes),2.5
PT0002000110814293YC,15,,fim_semana,21.0,31.5,12.02,-0.87,-0.87,normal,abaixo,baixa,2,fallback (60d recentes),2.5
PT0002000110814293YC,16,,fim_semana,21.0,22.5,3.54,-0.42,-0.42,normal,abaixo,baixa,2,fallback (60d recentes),2.5
PT0002000110814293YC,17,,fim_semana,21.0,25.0,5.66,-0.71,-0.71,normal,abaixo,baixa,2,fallback (60d recentes),2.5
PT0002000110814293YC,18,,fim_semana,21.0,26.0,5.66,-0.88,-0.88,normal,abaixo,baixa,2,fallback (60d recentes),2.5
PT0002000110814293YC,19,,fim_semana,21.0,25.5,6.36,-0.71,-0.71,normal,abaixo,baixa,2,fallback (60d recentes),2.5
PT0002000110814293YC,20,,fim_semana,21.0,22.5,3.54,-0.42,-0.42,normal,abaixo,baixa,2,fallback (60d recentes),2.5
PT0002000110814293YC,21,,fim_semana,20.0,16.0,11.27,0.35,0.35,normal,acima,baixa,3,fallback (60d recentes),2.5
PT0002000110814293YC,22,,fim_semana,22.0,16.33,9.87,0.57,0.57,normal,acima,baixa,3,fallback (60d recentes),2.5
PT0002000110814293YC,23,,fim_semana,21.0,16.0,10.44,0.48,0.48,normal,acima,baixa,3,fallback (60d recentes),2.5
PT0002000111572054VT,0,,fim_semana,31.0,35.0,3.5,-1.14,-1.14,normal,abaixo,baixa,2,fallback (60d recentes),2.5
PT0002000111572054VT,1,,fim_semana,31.0,34.5,3.45,-1.01,-1.01,normal,abaixo,baixa,2,fallback (60d recentes),2.5
PT0002000111572054VT,2,,fim_semana,32.0,33.5,3.35,-0.45,-0.45,normal,abaixo,baixa,2,fallback (60d recentes),2.5
PT0002000111572054VT,3,,fim_semana,30.0,33.5,3.35,-1.04,-1.04,normal,abaixo,baixa,2,fallback (60d recentes),2.5
PT0002000111572054VT,4,,fim_semana,29.0,32.5,3.25,-1.08,-1.08,normal,abaixo,baixa,2,fallback (60d recentes),2.5
PT0002000111572054VT,5,,fim_semana,29.0,31.5,3.15,-0.79,-0.79,normal,abaixo,baixa,2,fallback (60d recentes),2.5
PT0002000111572054VT,6,,fim_semana,27.0,30.5,3.05,-1.15,-1.15,normal,abaixo,baixa,2,fallback (60d recentes),2.5
PT0002000111572054VT,7,,fim_semana,21.0,25.5,3.54,-1.27,-1.27,normal,abaixo,baixa,2,fallback (60d recentes),2.5
PT0002000111572054VT,8,,fim_semana,6.0,19.0,16.97,-0.77,-0.77,normal,abaixo,baixa,2,fallback (60d recentes),2.5
PT0002000111572054VT,9,,fim_semana,1.0,6.0,7.07,-0.71,-0.71,normal,abaixo,baixa,2,fallback (60d recentes),2.5
PT0002000111572054VT,10,,fim_semana,0.0,2.5,3.54,-0.71,-0.71,normal,abaixo,baixa,2,fallback (60d recentes),2.5
PT0002000111572054VT,11,,fim_semana,0.0,0.0,0.3,0.0,0.0,normal,abaixo,baixa,2,fallback (60d recentes),2.5
PT0002000111572054VT,12,,fim_semana,0.0,0.5,0.71,-0.71,-0.71,normal,abaixo,baixa,2,fallback (60d recentes),2.5
PT0002000111572054VT,13,,fim_semana,0.0,0.0,0.3,0.0,0.0,normal,abaixo,baixa,2,fallback (60d recentes),2.5
PT0002000111572054VT,14,,fim_semana,0.0,0.0,0.3,0.0,0.0,normal,abaixo,baixa,2,fallback (60d recentes),2.5
PT0002000111572054VT,15,,fim_semana,0.0,0.0,0.3,0.0,0.0,normal,abaixo,baixa,2,fallback (60d recentes),2.5
PT0002000111572054VT,16,,fim_semana,0.0,1.0,1.41,-0.71,-0.71,normal,abaixo,baixa,2,fallback (60d recentes),2.5
PT0002000111572054VT,17,,fim_semana,1.0,6.5,4.95,-1.11,-1.11,normal,abaixo,baixa,2,fallback (60d recentes),2.5
PT0002000111572054VT,18,,fim_semana,14.0,23.5,13.44,-0.71,-0.71,normal,abaixo,baixa,2,fallback (60d recentes),2.5
PT0002000111572054VT,19,,fim_semana,20.0,38.5,13.44,-1.38,-1.38,normal,abaixo,baixa,2,fallback (60d recentes),2.5
PT0002000111572054VT,20,,fim_semana,30.0,35.0,3.5,-1.43,-1.43,normal,abaixo,baixa,2,fallback (60d recentes),2.5
PT0002000111572054VT,21,,fim_semana,32.0,33.33,3.33,-0.4,-0.4,normal,abaixo,baixa,3,fallback (60d recentes),2.5
PT0002000111572054VT,22,,fim_semana,32.0,36.0,3.6,-1.11,-1.11,normal,abaixo,baixa,3,fallback (60d recentes),2.5
PT0002000111572054VT,23,,fim_semana,31.0,35.0,3.5,-1.14,-1.14,normal,abaixo,baixa,3,fallback (60d recentes),2.5
PT0002000112989585PH,0,0.0,fim_semana,120.0,128.5,12.85,-0.66,-0.66,normal,abaixo,baixa,2,fallback (60d recentes),2.5
PT0002000112989585PH,1,0.0,fim_semana,121.0,123.5,12.35,-0.2,-0.2,normal,abaixo,baixa,2,fallback (60d recentes),2.5
PT0002000112989585PH,2,0.0,fim_semana,119.0,123.5,12.35,-0.36,-0.36,normal,abaixo,baixa,2,fallback (60d recentes),2.5
PT0002000112989585PH,3,0.0,fim_semana,119.0,123.5,12.35,-0.36,-0.36,normal,abaixo,baixa,2,fallback (60d recentes),2.5
PT0002000112989585PH,4,0.0,fim_semana,118.0,105.5,26.16,0.48,0.48,normal,acima,baixa,2,fallback (60d recentes),2.5
PT0002000112989585PH,5,0.0,fim_semana,118.0,86.5,51.62,0.61,0.61,normal,acima,baixa,2,fallback (60d recentes),2.5
PT0002000112989585PH,6,0.0,fim_semana,116.0,85.5,50.2,0.61,0.61,normal,acima,baixa,2,fallback (60d recentes),2.5
PT0002000112989585PH,7,0.0,fim_semana,107.0,83.0,36.77,0.65,0.65,normal,acima,baixa,2,fallback (60d recentes),2.5
PT0002000112989585PH,8,0.0,fim_semana,84.0,75.5,10.61,0.8,0.8,normal,acima,baixa,2,fallback (60d recentes),2.5
PT0002000112989585PH,9,0.0,fim_semana,58.0,57.0,5.7,0.18,0.18,normal,acima,baixa,2,fallback (60d recentes),2.5
PT0002000112989585PH,10,0.0,fim_semana,41.0,44.0,9.9,-0.3,-0.3,normal,abaixo,baixa,2,fallback (60d recentes),2.5
PT0002000112989585PH,11,0.0,fim_semana,23.0,35.0,18.38,-0.65,-0.65,normal,abaixo,baixa,2,fallback (60d recentes),2.5
PT0002000112989585PH,12,0.0,fim_semana,12.0,30.0,24.04,-0.75,-0.75,normal,abaixo,baixa,2,fallback (60d recentes),2.5
PT0002000112989585PH,13,0.0,fim_semana,8.0,25.0,29.7,-0.57,-0.57,normal,abaixo,baixa,2,fallback (60d recentes),2.5
PT0002000112989585PH,14,0.0,fim_semana,14.0,27.0,22.63,-0.57,-0.57,normal,abaixo,baixa,2,fallback (60d recentes),2.5
PT0002000112989585PH,15,0.0,fim_semana,27.0,34.0,12.73,-0.55,-0.55,normal,abaixo,baixa,2,fallback (60d recentes),2.5
PT0002000112989585PH,16,0.0,fim_semana,39.0,50.5,5.05,-2.28,-2.28,normal,abaixo,baixa,2,fallback (60d recentes),2.5
PT0002000112989585PH,17,0.0,fim_semana,75.0,66.5,17.68,0.48,0.48,normal,acima,baixa,2,fallback (60d recentes),2.5
PT0002000112989585PH,18,0.0,fim_semana,94.0,88.0,32.53,0.18,0.18,normal,acima,baixa,2,fallback (60d recentes),2.5
PT0002000112989585PH,19,0.0,fim_semana,108.0,97.0,35.36,0.31,0.31,normal,acima,baixa,2,fallback (60d recentes),2.5
PT0002000112989585PH,20,0.0,fim_semana,118.0,90.5,40.31,0.68,0.68,normal,acima,baixa,2,fallback (60d recentes),2.5
PT0002000112989585PH,21,0.0,fim_semana,122.0,95.33,33.83,0.79,0.79,normal,acima,baixa,3,fallback (60d recentes),2.5
PT0002000112989585PH,22,0.0,fim_semana,120.0,106.67,44.28,0.3,0.3,normal,acima,baixa,3,fallback (60d recentes),2.5
PT0002000112989585PH,23,0.0,fim_semana,120.0,105.33,43.88,0.33,0.33,normal,acima,baixa,3,fallback (60d recentes),2.5
PT0002000114613364CC,0,,fim_semana,132.0,132.0,13.2,0.0,0.0,normal,abaixo,baixa,2,fallback (60d recentes),2.5
PT0002000114613364CC,1,,fim_semana,131.0,129.0,12.9,0.16,0.16,normal,acima,baixa,2,fallback (60d recentes),2.5
PT0002000114613364CC,2,,fim_semana,129.0,130.5,13.05,-0.11,-0.11,normal,abaixo,baixa,2,fallback (60d recentes),2.5
PT0002000114613364CC,3,,fim_semana,129.0,130.5,13.05,-0.11,-0.11,normal,abaixo,baixa,2,fallback (60d recentes),2.5
PT0002000114613364CC,4,,fim_semana,131.0,135.0,13.5,-0.3,-0.3,normal,abaixo,baixa,2,fallback (60d recentes),2.5
PT0002000114613364CC,5,,fim_semana,128.0,131.0,13.1,-0.23,-0.23,normal,abaixo,baixa,2,fallback (60d recentes),2.5
PT0002000114613364CC,6,,fim_semana,131.0,131.5,13.15,-0.04,-0.04,normal,abaixo,baixa,2,fallback (60d recentes),2.5
PT0002000114613364CC,7,,fim_semana,132.0,142.5,17.68,-0.59,-0.59,normal,abaixo,baixa,2,fallback (60d recentes),2.5
PT0002000114613364CC,8,,fim_semana,133.0,155.0,36.77,-0.6,-0.6,normal,abaixo,baixa,2,fallback (60d recentes),2.5
PT0002000114613364CC,9,,fim_semana,139.0,166.5,37.48,-0.73,-0.73,normal,abaixo,baixa,2,fallback (60d recentes),2.5
PT0002000114613364CC,10,,fim_semana,133.0,171.5,45.96,-0.84,-0.84,normal,abaixo,baixa,2,fallback (60d recentes),2.5
PT0002000114613364CC,11,,fim_semana,130.0,171.0,41.01,-1.0,-1.0,normal,abaixo,baixa,2,fallback (60d recentes),2.5
PT0002000114613364CC,12,,fim_semana,130.0,173.0,41.01,-1.05,-1.05,normal,abaixo,baixa,2,fallback (60d recentes),2.5
PT0002000114613364CC,13,,fim_semana,131.0,178.0,39.6,-1.19,-1.19,normal,abaixo,baixa,2,fallback (60d recentes),2.5
PT0002000114613364CC,14,,fim_semana,132.0,179.0,43.84,-1.07,-1.07,normal,abaixo,baixa,2,fallback (60d recentes),2.5
PT0002000114613364CC,15,,fim_semana,135.0,180.0,43.84,-1.03,-1.03,normal,abaixo,baixa,2,fallback (60d recentes),2.5
PT0002000114613364CC,16,,fim_semana,138.0,177.0,41.01,-0.95,-0.95,normal,abaixo,baixa,2,fallback (60d recentes),2.5
PT0002000114613364CC,17,,fim_semana,138.0,152.5,15.25,-0.95,-0.95,normal,abaixo,baixa,2,fallback (60d recentes),2.5
PT0002000114613364CC,18,,fim_semana,135.0,151.5,15.15,-1.09,-1.09,normal,abaixo,baixa,2,fallback (60d recentes),2.5
PT0002000114613364CC,19,,fim_semana,130.0,143.0,14.3,-0.91,-0.91,normal,abaixo,baixa,2,fallback (60d recentes),2.5
PT0002000114613364CC,20,,fim_semana,122.0,133.5,13.35,-0.86,-0.86,normal,abaixo,baixa,2,fallback (60d recentes),2.5
PT0002000114613364CC,21,,fim_semana,120.0,122.33,18.58,-0.13,-0.13,normal,abaixo,baixa,3,fallback (60d recentes),2.5
PT0002000114613364CC,22,,fim_semana,120.0,131.0,13.1,-0.84,-0.84,normal,abaixo,baixa,3,fallback (60d recentes),2.5
PT0002000114613364CC,23,,fim_semana,120.0,128.67,12.87,-0.67,-0.67,normal,abaixo,baixa,3,fallback (60d recentes),2.5
PT0002000114685657JR,0,0.0,fim_semana,181.0,211.5,50.2,-0.61,-0.61,normal,abaixo,baixa,2,fallback (60d recentes),2.5
PT0002000114685657JR,1,0.0,fim_semana,178.0,210.0,48.08,-0.67,-0.67,normal,abaixo,baixa,2,fallback (60d recentes),2.5
PT0002000114685657JR,2,0.0,fim_semana,174.0,211.0,46.67,-0.79,-0.79,normal,abaixo,baixa,2,fallback (60d recentes),2.5
PT0002000114685657JR,3,0.0,fim_semana,167.0,209.5,48.79,-0.87,-0.87,normal,abaixo,baixa,2,fallback (60d recentes),2.5
PT0002000114685657JR,4,0.0,fim_semana,164.0,210.0,53.74,-0.86,-0.86,normal,abaixo,baixa,2,fallback (60d recentes),2.5
PT0002000114685657JR,5,0.0,fim_semana,167.0,207.5,54.45,-0.74,-0.74,normal,abaixo,baixa,2,fallback (60d recentes),2.5
PT0002000114685657JR,6,0.0,fim_semana,169.0,216.0,36.77,-1.28,-1.28,normal,abaixo,baixa,2,fallback (60d recentes),2.5
PT0002000114685657JR,7,0.0,fim_semana,165.0,231.5,23.15,-2.87,-2.87,desvio,abaixo,baixa,2,fallback (60d recentes),2.5
PT0002000114685657JR,8,0.0,fim_semana,190.0,234.0,32.53,-1.35,-1.35,normal,abaixo,baixa,2,fallback (60d recentes),2.5
PT0002000114685657JR,9,0.0,fim_semana,202.0,226.5,55.86,-0.44,-0.44,normal,abaixo,baixa,2,fallback (60d recentes),2.5
PT0002000114685657JR,10,0.0,fim_semana,195.0,231.5,67.18,-0.54,-0.54,normal,abaixo,baixa,2,fallback (60d recentes),2.5
PT0002000114685657JR,11,0.0,fim_semana,199.0,240.0,56.57,-0.72,-0.72,normal,abaixo,baixa,2,fallback (60d recentes),2.5
PT0002000114685657JR,12,0.0,fim_semana,197.0,230.0,53.74,-0.61,-0.61,normal,abaixo,baixa,2,fallback (60d recentes),2.5
PT0002000114685657JR,13,0.0,fim_semana,199.0,238.0,53.74,-0.73,-0.73,normal,abaixo,baixa,2,fallback (60d recentes),2.5
PT0002000114685657JR,14,0.0,fim_semana,199.0,236.0,63.64,-0.58,-0.58,normal,abaixo,baixa,2,fallback (60d recentes),2.5
PT0002000114685657JR,15,0.0,fim_semana,193.0,236.5,58.69,-0.74,-0.74,normal,abaixo,baixa,2,fallback (60d recentes),2.5
PT0002000114685657JR,16,0.0,fim_semana,191.0,214.5,31.82,-0.74,-0.74,normal,abaixo,baixa,2,fallback (60d recentes),2.5
PT0002000114685657JR,17,0.0,fim_semana,197.0,207.0,22.63,-0.44,-0.44,normal,abaixo,baixa,2,fallback (60d recentes),2.5
PT0002000114685657JR,18,0.0,fim_semana,200.0,209.0,20.9,-0.43,-0.43,normal,abaixo,baixa,2,fallback (60d recentes),2.5
PT0002000114685657JR,19,0.0,fim_semana,196.0,209.5,20.95,-0.64,-0.64,normal,abaixo,baixa,2,fallback (60d recentes),2.5
PT0002000114685657JR,20,0.0,fim_semana,196.0,206.0,24.04,-0.42,-0.42,normal,abaixo,baixa,2,fallback (60d recentes),2.5
PT0002000114685657JR,21,0.0,fim_semana,219.0,184.67,38.55,0.89,0.89,normal,acima,baixa,3,fallback (60d recentes),2.5
PT0002000114685657JR,22,0.0,fim_semana,241.0,214.0,30.2,0.89,0.89,normal,acima,baixa,3,fallback (60d recentes),2.5
PT0002000114685657JR,23,0.0,fim_semana,238.0,208.33,31.97,0.93,0.93,normal,acima,baixa,3,fallback (60d recentes),2.5
PT0002000115031201VQ,0,0.0,fim_semana,7.0,7.5,0.75,-0.67,-0.67,normal,abaixo,baixa,2,fallback (60d recentes),2.5
PT0002000115031201VQ,1,0.0,fim_semana,4.0,4.0,0.4,0.0,0.0,normal,abaixo,baixa,2,fallback (60d recentes),2.5
PT0002000115031201VQ,2,0.0,fim_semana,4.0,4.0,0.4,0.0,0.0,normal,abaixo,baixa,2,fallback (60d recentes),2.5
PT0002000115031201VQ,3,0.0,fim_semana,4.0,4.0,0.4,0.0,0.0,normal,abaixo,baixa,2,fallback (60d recentes),2.5
PT0002000115031201VQ,4,0.0,fim_semana,4.0,4.0,0.4,0.0,0.0,normal,abaixo,baixa,2,fallback (60d recentes),2.5
PT0002000115031201VQ,5,0.0,fim_semana,4.0,4.0,0.4,0.0,0.0,normal,abaixo,baixa,2,fallback (60d recentes),2.5
PT0002000115031201VQ,6,0.0,fim_semana,4.0,4.0,0.4,0.0,0.0,normal,abaixo,baixa,2,fallback (60d recentes),2.5
PT0002000115031201VQ,7,0.0,fim_semana,4.0,6.5,3.54,-0.71,-0.71,normal,abaixo,baixa,2,fallback (60d recentes),2.5
PT0002000115031201VQ,8,0.0,fim_semana,5.0,16.0,14.14,-0.78,-0.78,normal,abaixo,baixa,2,fallback (60d recentes),2.5
PT0002000115031201VQ,9,0.0,fim_semana,4.0,18.0,19.8,-0.71,-0.71,normal,abaixo,baixa,2,fallback (60d recentes),2.5
PT0002000115031201VQ,10,0.0,fim_semana,4.0,24.0,28.28,-0.71,-0.71,normal,abaixo,baixa,2,fallback (60d recentes),2.5
PT0002000115031201VQ,11,0.0,fim_semana,4.0,28.5,34.65,-0.71,-0.71,normal,abaixo,baixa,2,fallback (60d recentes),2.5
PT0002000115031201VQ,12,0.0,fim_semana,4.0,28.5,34.65,-0.71,-0.71,normal,abaixo,baixa,2,fallback (60d recentes),2.5
PT0002000115031201VQ,13,0.0,fim_semana,4.0,26.0,31.11,-0.71,-0.71,normal,abaixo,baixa,2,fallback (60d recentes),2.5
PT0002000115031201VQ,14,0.0,fim_semana,4.0,25.0,29.7,-0.71,-0.71,normal,abaixo,baixa,2,fallback (60d recentes),2.5
PT0002000115031201VQ,15,0.0,fim_semana,4.0,19.0,21.21,-0.71,-0.71,normal,abaixo,baixa,2,fallback (60d recentes),2.5
PT0002000115031201VQ,16,0.0,fim_semana,4.0,15.0,15.56,-0.71,-0.71,normal,abaixo,baixa,2,fallback (60d recentes),2.5
PT0002000115031201VQ,17,0.0,fim_semana,4.0,13.5,13.44,-0.71,-0.71,normal,abaixo,baixa,2,fallback (60d recentes),2.5
PT0002000115031201VQ,18,0.0,fim_semana,6.0,13.0,9.9,-0.71,-0.71,normal,abaixo,baixa,2,fallback (60d recentes),2.5
PT0002000115031201VQ,19,0.0,fim_semana,6.0,8.0,2.83,-0.71,-0.71,normal,abaixo,baixa,2,fallback (60d recentes),2.5
PT0002000115031201VQ,20,0.0,fim_semana,8.0,7.0,0.7,1.43,1.43,normal,acima,baixa,2,fallback (60d recentes),2.5
PT0002000115031201VQ,21,0.0,fim_semana,5.0,7.0,1.0,-2.0,-2.0,normal,abaixo,baixa,3,fallback (60d recentes),2.5
PT0002000115031201VQ,22,0.0,fim_semana,8.0,7.0,1.0,1.0,1.0,normal,acima,baixa,3,fallback (60d recentes),2.5
PT0002000115031201VQ,23,0.0,fim_semana,7.0,7.33,0.73,-0.45,-0.45,normal,abaixo,baixa,3,fallback (60d recentes),2.5
PT0002000115673389QK,0,0.0,fim_semana,56.0,20.0,2.0,10.0,18.0,desvio,acima,baixa,2,fallback (60d recentes),2.5
PT0002000115673389QK,1,0.0,fim_semana,50.0,20.0,2.0,10.0,15.0,desvio,acima,baixa,2,fallback (60d recentes),2.5
PT0002000115673389QK,2,0.0,fim_semana,46.0,20.5,2.05,10.0,12.44,desvio,acima,baixa,2,fallback (60d recentes),2.5
PT0002000115673389QK,3,0.0,fim_semana,45.0,19.0,1.9,10.0,13.68,desvio,acima,baixa,2,fallback (60d recentes),2.5
PT0002000115673389QK,4,0.0,fim_semana,44.0,19.0,1.9,10.0,13.16,desvio,acima,baixa,2,fallback (60d recentes),2.5
PT0002000115673389QK,5,0.0,fim_semana,42.0,19.0,1.9,10.0,12.11,desvio,acima,baixa,2,fallback (60d recentes),2.5
PT0002000115673389QK,6,0.0,fim_semana,43.0,19.5,1.95,10.0,12.05,desvio,acima,baixa,2,fallback (60d recentes),2.5
PT0002000115673389QK,7,0.0,fim_semana,30.0,26.5,9.19,0.38,0.38,normal,acima,baixa,2,fallback (60d recentes),2.5
PT0002000115673389QK,8,0.0,fim_semana,31.0,40.5,30.41,-0.31,-0.31,normal,abaixo,baixa,2,fallback (60d recentes),2.5
PT0002000115673389QK,9,0.0,fim_semana,30.0,56.0,46.67,-0.56,-0.56,normal,abaixo,baixa,2,fallback (60d recentes),2.5
PT0002000115673389QK,10,0.0,fim_semana,32.0,58.5,48.79,-0.54,-0.54,normal,abaixo,baixa,2,fallback (60d recentes),2.5
PT0002000115673389QK,11,0.0,fim_semana,33.0,78.0,73.54,-0.61,-0.61,normal,abaixo,baixa,2,fallback (60d recentes),2.5
PT0002000115673389QK,12,0.0,fim_semana,37.0,97.5,96.87,-0.62,-0.62,normal,abaixo,baixa,2,fallback (60d recentes),2.5
PT0002000115673389QK,13,0.0,fim_semana,47.0,90.5,91.22,-0.48,-0.48,normal,abaixo,baixa,2,fallback (60d recentes),2.5
PT0002000115673389QK,14,0.0,fim_semana,46.0,87.0,79.2,-0.52,-0.52,normal,abaixo,baixa,2,fallback (60d recentes),2.5
PT0002000115673389QK,15,0.0,fim_semana,58.0,90.5,86.97,-0.37,-0.37,normal,abaixo,baixa,2,fallback (60d recentes),2.5
PT0002000115673389QK,16,0.0,fim_semana,52.0,82.0,79.2,-0.38,-0.38,normal,abaixo,baixa,2,fallback (60d recentes),2.5
PT0002000115673389QK,17,0.0,fim_semana,46.0,77.5,68.59,-0.46,-0.46,normal,abaixo,baixa,2,fallback (60d recentes),2.5
PT0002000115673389QK,18,0.0,fim_semana,46.0,67.5,62.93,-0.34,-0.34,normal,abaixo,baixa,2,fallback (60d recentes),2.5
PT0002000115673389QK,19,0.0,fim_semana,34.0,25.0,9.9,0.91,0.91,normal,acima,baixa,2,fallback (60d recentes),2.5
PT0002000115673389QK,20,0.0,fim_semana,31.0,18.5,2.12,5.89,5.89,desvio,acima,baixa,2,fallback (60d recentes),2.5
PT0002000115673389QK,21,0.0,fim_semana,28.0,18.0,1.8,5.56,5.56,desvio,acima,baixa,3,fallback (60d recentes),2.5
PT0002000115673389QK,22,0.0,fim_semana,30.0,22.0,4.0,2.0,2.0,normal,acima,baixa,3,fallback (60d recentes),2.5
PT0002000115673389QK,23,0.0,fim_semana,30.0,34.0,23.43,-0.17,-0.17,normal,abaixo,baixa,3,fallback (60d recentes),2.5
PT0002000115673471CB,0,0.0,fim_semana,27.0,26.5,7.78,0.06,0.06,normal,acima,baixa,2,fallback (60d recentes),2.5
PT0002000115673471CB,1,0.0,fim_semana,27.0,25.0,5.66,0.35,0.35,normal,acima,baixa,2,fallback (60d recentes),2.5
PT0002000115673471CB,2,0.0,fim_semana,26.0,23.5,7.78,0.32,0.32,normal,acima,baixa,2,fallback (60d recentes),2.5
PT0002000115673471CB,3,0.0,fim_semana,24.0,21.5,4.95,0.51,0.51,normal,acima,baixa,2,fallback (60d recentes),2.5
PT0002000115673471CB,4,0.0,fim_semana,22.0,20.5,2.12,0.71,0.71,normal,acima,baixa,2,fallback (60d recentes),2.5
PT0002000115673471CB,5,0.0,fim_semana,22.0,19.0,1.9,1.58,1.58,normal,acima,baixa,2,fallback (60d recentes),2.5
PT0002000115673471CB,6,0.0,fim_semana,31.0,19.0,1.9,6.32,6.32,desvio,acima,baixa,2,fallback (60d recentes),2.5
PT0002000115673471CB,7,0.0,fim_semana,32.0,27.0,14.14,0.35,0.35,normal,acima,baixa,2,fallback (60d recentes),2.5
PT0002000115673471CB,8,0.0,fim_semana,30.0,33.0,18.38,-0.16,-0.16,normal,abaixo,baixa,2,fallback (60d recentes),2.5
PT0002000115673471CB,9,0.0,fim_semana,30.0,45.0,26.87,-0.56,-0.56,normal,abaixo,baixa,2,fallback (60d recentes),2.5
PT0002000115673471CB,10,0.0,fim_semana,30.0,44.5,33.23,-0.44,-0.44,normal,abaixo,baixa,2,fallback (60d recentes),2.5
PT0002000115673471CB,11,0.0,fim_semana,24.0,39.0,31.11,-0.48,-0.48,normal,abaixo,baixa,2,fallback (60d recentes),2.5
PT0002000115673471CB,12,0.0,fim_semana,17.0,48.5,38.89,-0.81,-0.81,normal,abaixo,baixa,2,fallback (60d recentes),2.5
PT0002000115673471CB,13,0.0,fim_semana,20.0,37.5,26.16,-0.67,-0.67,normal,abaixo,baixa,2,fallback (60d recentes),2.5
PT0002000115673471CB,14,0.0,fim_semana,26.0,36.0,14.14,-0.71,-0.71,normal,abaixo,baixa,2,fallback (60d recentes),2.5
PT0002000115673471CB,15,0.0,fim_semana,29.0,35.0,8.49,-0.71,-0.71,normal,abaixo,baixa,2,fallback (60d recentes),2.5
PT0002000115673471CB,16,0.0,fim_semana,29.0,30.0,3.0,-0.33,-0.33,normal,abaixo,baixa,2,fallback (60d recentes),2.5
PT0002000115673471CB,17,0.0,fim_semana,25.0,27.0,4.24,-0.47,-0.47,normal,abaixo,baixa,2,fallback (60d recentes),2.5
PT0002000115673471CB,18,0.0,fim_semana,18.0,24.5,2.45,-2.65,-2.65,desvio,abaixo,baixa,2,fallback (60d recentes),2.5
PT0002000115673471CB,19,0.0,fim_semana,18.0,23.0,5.66,-0.88,-0.88,normal,abaixo,baixa,2,fallback (60d recentes),2.5
PT0002000115673471CB,20,0.0,fim_semana,19.0,24.5,6.36,-0.86,-0.86,normal,abaixo,baixa,2,fallback (60d recentes),2.5
PT0002000115673471CB,21,0.0,fim_semana,20.0,26.33,12.58,-0.5,-0.5,normal,abaixo,baixa,3,fallback (60d recentes),2.5
PT0002000115673471CB,22,0.0,fim_semana,23.0,29.33,10.69,-0.59,-0.59,normal,abaixo,baixa,3,fallback (60d recentes),2.5
PT0002000115673471CB,23,0.0,fim_semana,28.0,26.0,9.64,0.21,0.21,normal,acima,baixa,3,fallback (60d recentes),2.5
PT0002000115700602GW,0,0.0,fim_semana,8.0,9.5,0.95,-1.58,-1.58,normal,abaixo,baixa,2,fallback (60d recentes),2.5
PT0002000115700602GW,1,0.0,fim_semana,9.0,9.0,1.41,0.0,0.0,normal,abaixo,baixa,2,fallback (60d recentes),2.5
PT0002000115700602GW,2,0.0,fim_semana,9.0,9.0,0.9,0.0,0.0,normal,abaixo,baixa,2,fallback (60d recentes),2.5
PT0002000115700602GW,3,0.0,fim_semana,9.0,9.0,0.9,0.0,0.0,normal,abaixo,baixa,2,fallback (60d recentes),2.5
PT0002000115700602GW,4,0.0,fim_semana,8.0,9.0,0.9,-1.11,-1.11,normal,abaixo,baixa,2,fallback (60d recentes),2.5
PT0002000115700602GW,5,0.0,fim_semana,9.0,9.0,0.9,0.0,0.0,normal,abaixo,baixa,2,fallback (60d recentes),2.5
PT0002000115700602GW,6,0.0,fim_semana,9.0,9.0,0.9,0.0,0.0,normal,abaixo,baixa,2,fallback (60d recentes),2.5
PT0002000115700602GW,7,0.0,fim_semana,8.0,11.0,4.24,-0.71,-0.71,normal,abaixo,baixa,2,fallback (60d recentes),2.5
PT0002000115700602GW,8,0.0,fim_semana,9.0,13.5,7.78,-0.58,-0.58,normal,abaixo,baixa,2,fallback (60d recentes),2.5
PT0002000115700602GW,9,0.0,fim_semana,8.0,17.0,11.31,-0.8,-0.8,normal,abaixo,baixa,2,fallback (60d recentes),2.5
PT0002000115700602GW,10,0.0,fim_semana,9.0,22.5,19.09,-0.71,-0.71,normal,abaixo,baixa,2,fallback (60d recentes),2.5
PT0002000115700602GW,11,0.0,fim_semana,9.0,30.5,31.82,-0.68,-0.68,normal,abaixo,baixa,2,fallback (60d recentes),2.5
PT0002000115700602GW,12,0.0,fim_semana,8.0,27.5,26.16,-0.75,-0.75,normal,abaixo,baixa,2,fallback (60d recentes),2.5
PT0002000115700602GW,13,0.0,fim_semana,8.0,26.0,25.46,-0.71,-0.71,normal,abaixo,baixa,2,fallback (60d recentes),2.5
PT0002000115700602GW,14,0.0,fim_semana,9.0,21.0,16.97,-0.71,-0.71,normal,abaixo,baixa,2,fallback (60d recentes),2.5
PT0002000115700602GW,15,0.0,fim_semana,9.0,18.5,14.85,-0.64,-0.64,normal,abaixo,baixa,2,fallback (60d recentes),2.5
PT0002000115700602GW,16,0.0,fim_semana,10.0,17.0,11.31,-0.62,-0.62,normal,abaixo,baixa,2,fallback (60d recentes),2.5
PT0002000115700602GW,17,0.0,fim_semana,9.0,16.0,9.9,-0.71,-0.71,normal,abaixo,baixa,2,fallback (60d recentes),2.5
PT0002000115700602GW,18,0.0,fim_semana,8.0,12.5,4.95,-0.91,-0.91,normal,abaixo,baixa,2,fallback (60d recentes),2.5
PT0002000115700602GW,19,0.0,fim_semana,9.0,9.0,0.9,0.0,0.0,normal,abaixo,baixa,2,fallback (60d recentes),2.5
PT0002000115700602GW,20,0.0,fim_semana,8.0,9.0,0.9,-1.11,-1.11,normal,abaixo,baixa,2,fallback (60d recentes),2.5
PT0002000115700602GW,21,0.0,fim_semana,10.0,8.67,1.53,0.87,0.87,normal,acima,baixa,3,fallback (60d recentes),2.5
PT0002000115700602GW,22,0.0,fim_semana,8.0,9.0,0.9,-1.11,-1.11,normal,abaixo,baixa,3,fallback (60d recentes),2.5
PT0002000115700602GW,23,0.0,fim_semana,9.0,9.0,0.9,0.0,0.0,normal,abaixo,baixa,3,fallback (60d recentes),2.5
PT0002000116530964LH,0,,fim_semana,85.0,78.5,7.85,0.83,0.83,normal,acima,baixa,2,fallback (60d recentes),2.5
PT0002000116530964LH,1,,fim_semana,84.0,80.0,8.0,0.5,0.5,normal,acima,baixa,2,fallback (60d recentes),2.5
PT0002000116530964LH,2,,fim_semana,85.0,79.0,7.9,0.76,0.76,normal,acima,baixa,2,fallback (60d recentes),2.5
PT0002000116530964LH,3,,fim_semana,85.0,80.5,8.05,0.56,0.56,normal,acima,baixa,2,fallback (60d recentes),2.5
PT0002000116530964LH,4,,fim_semana,85.0,82.0,8.2,0.37,0.37,normal,acima,baixa,2,fallback (60d recentes),2.5
PT0002000116530964LH,5,,fim_semana,84.0,81.5,8.15,0.31,0.31,normal,acima,baixa,2,fallback (60d recentes),2.5
PT0002000116530964LH,6,,fim_semana,85.0,81.5,8.15,0.43,0.43,normal,acima,baixa,2,fallback (60d recentes),2.5
PT0002000116530964LH,7,,fim_semana,90.0,102.5,23.33,-0.54,-0.54,normal,abaixo,baixa,2,fallback (60d recentes),2.5
PT0002000116530964LH,8,,fim_semana,85.0,109.5,30.41,-0.81,-0.81,normal,abaixo,baixa,2,fallback (60d recentes),2.5
PT0002000116530964LH,9,,fim_semana,83.0,122.5,51.62,-0.77,-0.77,normal,abaixo,baixa,2,fallback (60d recentes),2.5
PT0002000116530964LH,10,,fim_semana,86.0,130.5,62.93,-0.71,-0.71,normal,abaixo,baixa,2,fallback (60d recentes),2.5
PT0002000116530964LH,11,,fim_semana,84.0,132.5,64.35,-0.75,-0.75,normal,abaixo,baixa,2,fallback (60d recentes),2.5
PT0002000116530964LH,12,,fim_semana,81.0,132.0,67.88,-0.75,-0.75,normal,abaixo,baixa,2,fallback (60d recentes),2.5
PT0002000116530964LH,13,,fim_semana,79.0,126.0,60.81,-0.77,-0.77,normal,abaixo,baixa,2,fallback (60d recentes),2.5
PT0002000116530964LH,14,,fim_semana,79.0,132.0,66.47,-0.8,-0.8,normal,abaixo,baixa,2,fallback (60d recentes),2.5
PT0002000116530964LH,15,,fim_semana,80.0,130.5,67.18,-0.75,-0.75,normal,abaixo,baixa,2,fallback (60d recentes),2.5
PT0002000116530964LH,16,,fim_semana,77.0,127.0,62.23,-0.8,-0.8,normal,abaixo,baixa,2,fallback (60d recentes),2.5
PT0002000116530964LH,17,,fim_semana,76.0,110.5,40.31,-0.86,-0.86,normal,abaixo,baixa,2,fallback (60d recentes),2.5
PT0002000116530964LH,18,,fim_semana,74.0,104.5,31.82,-0.96,-0.96,normal,abaixo,baixa,2,fallback (60d recentes),2.5
PT0002000116530964LH,19,,fim_semana,75.0,95.5,17.68,-1.16,-1.16,normal,abaixo,baixa,2,fallback (60d recentes),2.5
PT0002000116530964LH,20,,fim_semana,73.0,90.0,12.73,-1.34,-1.34,normal,abaixo,baixa,2,fallback (60d recentes),2.5
PT0002000116530964LH,21,,fim_semana,79.0,86.67,8.67,-0.88,-0.88,normal,abaixo,baixa,3,fallback (60d recentes),2.5
PT0002000116530964LH,22,,fim_semana,79.0,88.67,8.87,-1.09,-1.09,normal,abaixo,baixa,3,fallback (60d recentes),2.5
PT0002000116530964LH,23,,fim_semana,79.0,83.33,8.33,-0.52,-0.52,normal,abaixo,baixa,3,fallback (60d recentes),2.5
PT0002000119303492KB,0,0.0,fim_semana,5.0,6.0,0.6,-1.67,-1.67,normal,abaixo,baixa,2,fallback (60d recentes),2.5
PT0002000119303492KB,1,0.0,fim_semana,6.0,6.5,0.71,-0.71,-0.71,normal,abaixo,baixa,2,fallback (60d recentes),2.5
PT0002000119303492KB,2,0.0,fim_semana,6.0,6.5,0.71,-0.71,-0.71,normal,abaixo,baixa,2,fallback (60d recentes),2.5
PT0002000119303492KB,3,0.0,fim_semana,6.0,6.5,0.71,-0.71,-0.71,normal,abaixo,baixa,2,fallback (60d recentes),2.5
PT0002000119303492KB,4,0.0,fim_semana,6.0,6.5,0.71,-0.71,-0.71,normal,abaixo,baixa,2,fallback (60d recentes),2.5
PT0002000119303492KB,5,0.0,fim_semana,6.0,6.0,1.41,0.0,0.0,normal,abaixo,baixa,2,fallback (60d recentes),2.5
PT0002000119303492KB,6,0.0,fim_semana,5.0,6.0,0.6,-1.67,-1.67,normal,abaixo,baixa,2,fallback (60d recentes),2.5
PT0002000119303492KB,7,0.0,fim_semana,4.0,11.5,12.02,-0.62,-0.62,normal,abaixo,baixa,2,fallback (60d recentes),2.5
PT0002000119303492KB,8,0.0,fim_semana,3.0,20.0,22.63,-0.75,-0.75,normal,abaixo,baixa,2,fallback (60d recentes),2.5
PT0002000119303492KB,9,0.0,fim_semana,4.0,18.0,21.21,-0.66,-0.66,normal,abaixo,baixa,2,fallback (60d recentes),2.5
PT0002000119303492KB,10,0.0,fim_semana,3.0,37.5,47.38,-0.73,-0.73,normal,abaixo,baixa,2,fallback (60d recentes),2.5
PT0002000119303492KB,11,0.0,fim_semana,3.0,29.0,36.77,-0.71,-0.71,normal,abaixo,baixa,2,fallback (60d recentes),2.5
PT0002000119303492KB,12,0.0,fim_semana,3.0,31.0,39.6,-0.71,-0.71,normal,abaixo,baixa,2,fallback (60d recentes),2.5
PT0002000119303492KB,13,0.0,fim_semana,4.0,29.5,36.06,-0.71,-0.71,normal,abaixo,baixa,2,fallback (60d recentes),2.5
PT0002000119303492KB,14,0.0,fim_semana,3.0,26.5,33.23,-0.71,-0.71,normal,abaixo,baixa,2,fallback (60d recentes),2.5
PT0002000119303492KB,15,0.0,fim_semana,4.0,27.5,33.23,-0.71,-0.71,normal,abaixo,baixa,2,fallback (60d recentes),2.5
PT0002000119303492KB,16,0.0,fim_semana,3.0,35.5,45.96,-0.71,-0.71,normal,abaixo,baixa,2,fallback (60d recentes),2.5
PT0002000119303492KB,17,0.0,fim_semana,4.0,30.0,38.18,-0.68,-0.68,normal,abaixo,baixa,2,fallback (60d recentes),2.5
PT0002000119303492KB,18,0.0,fim_semana,4.0,20.5,21.92,-0.75,-0.75,normal,abaixo,baixa,2,fallback (60d recentes),2.5
PT0002000119303492KB,19,0.0,fim_semana,5.0,5.0,1.41,0.0,0.0,normal,abaixo,baixa,2,fallback (60d recentes),2.5
PT0002000119303492KB,20,0.0,fim_semana,4.0,4.5,0.71,-0.71,-0.71,normal,abaixo,baixa,2,fallback (60d recentes),2.5
PT0002000119303492KB,21,0.0,fim_semana,6.0,5.67,0.58,0.58,0.58,normal,acima,baixa,3,fallback (60d recentes),2.5
PT0002000119303492KB,22,0.0,fim_semana,5.0,6.33,0.63,-2.11,-2.11,normal,abaixo,baixa,3,fallback (60d recentes),2.5
PT0002000119303492KB,23,0.0,fim_semana,7.0,7.0,0.7,0.0,0.0,normal,abaixo,baixa,3,fallback (60d recentes),2.5
PT0002000120237616VJ,0,0.0,fim_semana,15.0,14.5,1.45,0.34,0.34,normal,acima,baixa,2,fallback (60d recentes),2.5
PT0002000120237616VJ,1,0.0,fim_semana,12.0,13.5,1.35,-1.11,-1.11,normal,abaixo,baixa,2,fallback (60d recentes),2.5
PT0002000120237616VJ,2,0.0,fim_semana,15.0,15.0,1.5,0.0,0.0,normal,abaixo,baixa,2,fallback (60d recentes),2.5
PT0002000120237616VJ,3,0.0,fim_semana,14.0,14.5,1.45,-0.34,-0.34,normal,abaixo,baixa,2,fallback (60d recentes),2.5
PT0002000120237616VJ,4,0.0,fim_semana,15.0,15.5,1.55,-0.32,-0.32,normal,abaixo,baixa,2,fallback (60d recentes),2.5
PT0002000120237616VJ,5,0.0,fim_semana,15.0,14.0,1.4,0.71,0.71,normal,acima,baixa,2,fallback (60d recentes),2.5
PT0002000120237616VJ,6,0.0,fim_semana,14.0,15.0,1.5,-0.67,-0.67,normal,abaixo,baixa,2,fallback (60d recentes),2.5
PT0002000120237616VJ,7,0.0,fim_semana,15.0,22.5,10.61,-0.71,-0.71,normal,abaixo,baixa,2,fallback (60d recentes),2.5
PT0002000120237616VJ,8,0.0,fim_semana,16.0,33.5,24.75,-0.71,-0.71,normal,abaixo,baixa,2,fallback (60d recentes),2.5
PT0002000120237616VJ,9,0.0,fim_semana,13.0,29.0,22.63,-0.71,-0.71,normal,abaixo,baixa,2,fallback (60d recentes),2.5
PT0002000120237616VJ,10,0.0,fim_semana,15.0,29.5,20.51,-0.71,-0.71,normal,abaixo,baixa,2,fallback (60d recentes),2.5
PT0002000120237616VJ,11,0.0,fim_semana,15.0,34.0,26.87,-0.71,-0.71,normal,abaixo,baixa,2,fallback (60d recentes),2.5
PT0002000120237616VJ,12,0.0,fim_semana,16.0,37.0,29.7,-0.71,-0.71,normal,abaixo,baixa,2,fallback (60d recentes),2.5
PT0002000120237616VJ,13,0.0,fim_semana,16.0,31.5,23.33,-0.66,-0.66,normal,abaixo,baixa,2,fallback (60d recentes),2.5
PT0002000120237616VJ,14,0.0,fim_semana,14.0,29.0,21.21,-0.71,-0.71,normal,abaixo,baixa,2,fallback (60d recentes),2.5
PT0002000120237616VJ,15,0.0,fim_semana,16.0,29.5,19.09,-0.71,-0.71,normal,abaixo,baixa,2,fallback (60d recentes),2.5
PT0002000120237616VJ,16,0.0,fim_semana,15.0,24.0,12.73,-0.71,-0.71,normal,abaixo,baixa,2,fallback (60d recentes),2.5
PT0002000120237616VJ,17,0.0,fim_semana,15.0,22.0,11.31,-0.62,-0.62,normal,abaixo,baixa,2,fallback (60d recentes),2.5
PT0002000120237616VJ,18,0.0,fim_semana,15.0,21.5,9.19,-0.71,-0.71,normal,abaixo,baixa,2,fallback (60d recentes),2.5
PT0002000120237616VJ,19,0.0,fim_semana,14.0,19.0,5.66,-0.88,-0.88,normal,abaixo,baixa,2,fallback (60d recentes),2.5
PT0002000120237616VJ,20,0.0,fim_semana,15.0,18.5,4.95,-0.71,-0.71,normal,abaixo,baixa,2,fallback (60d recentes),2.5
PT0002000120237616VJ,21,0.0,fim_semana,15.0,16.67,3.79,-0.44,-0.44,normal,abaixo,baixa,3,fallback (60d recentes),2.5
PT0002000120237616VJ,22,0.0,fim_semana,13.0,18.0,3.61,-1.39,-1.39,normal,abaixo,baixa,3,fallback (60d recentes),2.5
PT0002000120237616VJ,23,0.0,fim_semana,15.0,14.67,1.47,0.23,0.23,normal,acima,baixa,3,fallback (60d recentes),2.5
PT0002000123648159KR,0,0.0,fim_semana,14.0,9.5,9.19,0.49,0.49,normal,acima,baixa,2,fallback (60d recentes),2.5
PT0002000123648159KR,1,0.0,fim_semana,14.0,8.5,7.78,0.71,0.71,normal,acima,baixa,2,fallback (60d recentes),2.5
PT0002000123648159KR,2,0.0,fim_semana,13.0,8.0,8.49,0.59,0.59,normal,acima,baixa,2,fallback (60d recentes),2.5
PT0002000123648159KR,3,0.0,fim_semana,12.0,8.5,7.78,0.45,0.45,normal,acima,baixa,2,fallback (60d recentes),2.5
PT0002000123648159KR,4,0.0,fim_semana,11.0,9.5,9.19,0.16,0.16,normal,acima,baixa,2,fallback (60d recentes),2.5
PT0002000123648159KR,5,0.0,fim_semana,11.0,8.5,7.78,0.32,0.32,normal,acima,baixa,2,fallback (60d recentes),2.5
PT0002000123648159KR,6,0.0,fim_semana,12.0,9.0,8.49,0.35,0.35,normal,acima,baixa,2,fallback (60d recentes),2.5
PT0002000123648159KR,7,0.0,fim_semana,13.0,24.0,5.66,-1.94,-1.94,normal,abaixo,baixa,2,fallback (60d recentes),2.5
PT0002000123648159KR,8,0.0,fim_semana,15.0,26.5,7.78,-1.48,-1.48,normal,abaixo,baixa,2,fallback (60d recentes),2.5
PT0002000123648159KR,9,0.0,fim_semana,19.0,31.0,11.31,-1.06,-1.06,normal,abaixo,baixa,2,fallback (60d recentes),2.5
PT0002000123648159KR,10,0.0,fim_semana,20.0,33.0,12.73,-1.02,-1.02,normal,abaixo,baixa,2,fallback (60d recentes),2.5
PT0002000123648159KR,11,0.0,fim_semana,22.0,33.5,9.19,-1.25,-1.25,normal,abaixo,baixa,2,fallback (60d recentes),2.5
PT0002000123648159KR,12,0.0,fim_semana,22.0,32.0,7.07,-1.41,-1.41,normal,abaixo,baixa,2,fallback (60d recentes),2.5
PT0002000123648159KR,13,0.0,fim_semana,27.0,16.0,9.9,1.11,1.11,normal,acima,baixa,2,fallback (60d recentes),2.5
PT0002000123648159KR,14,0.0,fim_semana,30.0,17.5,6.36,1.96,1.96,normal,acima,baixa,2,fallback (60d recentes),2.5
PT0002000123648159KR,15,0.0,fim_semana,27.0,16.0,11.31,0.97,0.97,normal,acima,baixa,2,fallback (60d recentes),2.5
PT0002000123648159KR,16,0.0,fim_semana,22.0,17.5,13.44,0.33,0.33,normal,acima,baixa,2,fallback (60d recentes),2.5
PT0002000123648159KR,17,0.0,fim_semana,20.0,33.0,3.3,-3.94,-3.94,desvio,abaixo,baixa,2,fallback (60d recentes),2.5
PT0002000123648159KR,18,0.0,fim_semana,19.0,33.5,7.78,-1.86,-1.86,normal,abaixo,baixa,2,fallback (60d recentes),2.5
PT0002000123648159KR,19,0.0,fim_semana,16.0,25.0,5.66,-1.59,-1.59,normal,abaixo,baixa,2,fallback (60d recentes),2.5
PT0002000123648159KR,20,0.0,fim_semana,16.0,19.0,5.66,-0.53,-0.53,normal,abaixo,baixa,2,fallback (60d recentes),2.5
PT0002000123648159KR,21,0.0,fim_semana,13.0,12.0,9.17,0.11,0.11,normal,acima,baixa,3,fallback (60d recentes),2.5
PT0002000123648159KR,22,0.0,fim_semana,12.0,13.33,10.07,-0.13,-0.13,normal,abaixo,baixa,3,fallback (60d recentes),2.5
PT0002000123648159KR,23,0.0,fim_semana,12.0,12.0,7.55,0.0,0.0,normal,abaixo,baixa,3,fallback (60d recentes),2.5
PT0002000125379984SH,0,1.0,fim_semana,2.0,2.5,0.71,-0.71,-0.71,normal,abaixo,baixa,2,fallback (60d recentes),2.5
PT0002000125379984SH,1,1.0,fim_semana,3.0,3.5,0.71,-0.71,-0.71,normal,abaixo,baixa,2,fallback (60d recentes),2.5
PT0002000125379984SH,2,1.0,fim_semana,3.0,2.5,0.71,0.71,0.71,normal,acima,baixa,2,fallback (60d recentes),2.5
PT0002000125379984SH,3,1.0,fim_semana,2.0,2.0,0.3,0.0,0.0,normal,abaixo,baixa,2,fallback (60d recentes),2.5
PT0002000125379984SH,4,1.0,fim_semana,2.0,2.0,0.3,0.0,0.0,normal,abaixo,baixa,2,fallback (60d recentes),2.5
PT0002000125379984SH,5,1.0,fim_semana,2.0,3.0,1.41,-0.71,-0.71,normal,abaixo,baixa,2,fallback (60d recentes),2.5
PT0002000125379984SH,6,1.0,fim_semana,3.0,2.5,0.71,0.71,0.71,normal,acima,baixa,2,fallback (60d recentes),2.5
PT0002000125379984SH,7,1.0,fim_semana,2.0,6.0,5.66,-0.71,-0.71,normal,abaixo,baixa,2,fallback (60d recentes),2.5
PT0002000125379984SH,8,1.0,fim_semana,2.0,11.5,12.02,-0.79,-0.79,normal,abaixo,baixa,2,fallback (60d recentes),2.5
PT0002000125379984SH,9,1.0,fim_semana,15.0,9.0,9.9,0.61,0.61,normal,acima,baixa,2,fallback (60d recentes),2.5
PT0002000125379984SH,10,1.0,fim_semana,22.0,8.5,10.61,1.27,1.27,normal,acima,baixa,2,fallback (60d recentes),2.5
PT0002000125379984SH,11,1.0,fim_semana,21.0,8.5,9.19,1.36,1.36,normal,acima,baixa,2,fallback (60d recentes),2.5
PT0002000125379984SH,12,1.0,fim_semana,21.0,9.5,9.19,1.25,1.25,normal,acima,baixa,2,fallback (60d recentes),2.5
PT0002000125379984SH,13,1.0,fim_semana,12.0,9.0,9.9,0.3,0.3,normal,acima,baixa,2,fallback (60d recentes),2.5
PT0002000125379984SH,14,1.0,fim_semana,9.0,8.0,8.49,0.12,0.12,normal,acima,baixa,2,fallback (60d recentes),2.5
PT0002000125379984SH,15,1.0,fim_semana,9.0,6.5,6.36,0.39,0.39,normal,acima,baixa,2,fallback (60d recentes),2.5
PT0002000125379984SH,16,1.0,fim_semana,8.0,7.0,7.07,0.14,0.14,normal,acima,baixa,2,fallback (60d recentes),2.5
PT0002000125379984SH,17,1.0,fim_semana,8.0,9.0,9.9,-0.1,-0.1,normal,abaixo,baixa,2,fallback (60d recentes),2.5
PT0002000125379984SH,18,1.0,fim_semana,9.0,10.5,12.02,-0.12,-0.12,normal,abaixo,baixa,2,fallback (60d recentes),2.5
PT0002000125379984SH,19,1.0,fim_semana,9.0,16.0,18.38,-0.38,-0.38,normal,abaixo,baixa,2,fallback (60d recentes),2.5
PT0002000125379984SH,20,1.0,fim_semana,10.0,19.5,23.33,-0.41,-0.41,normal,abaixo,baixa,2,fallback (60d recentes),2.5
PT0002000125379984SH,21,1.0,fim_semana,10.0,21.67,16.26,-0.72,-0.72,normal,abaixo,baixa,3,fallback (60d recentes),2.5
PT0002000125379984SH,22,1.0,fim_semana,9.0,14.0,18.19,-0.27,-0.27,normal,abaixo,baixa,3,fallback (60d recentes),2.5
PT0002000125379984SH,23,1.0,fim_semana,9.0,12.33,16.17,-0.21,-0.21,normal,abaixo,baixa,3,fallback (60d recentes),2.5
PT0002000125701614SQ,0,,fim_semana,17.0,18.0,1.8,-0.56,-0.56,normal,abaixo,baixa,2,fallback (60d recentes),2.5
PT0002000125701614SQ,1,,fim_semana,17.0,18.5,2.12,-0.71,-0.71,normal,abaixo,baixa,2,fallback (60d recentes),2.5
PT0002000125701614SQ,2,,fim_semana,16.0,18.5,2.12,-1.18,-1.18,normal,abaixo,baixa,2,fallback (60d recentes),2.5
PT0002000125701614SQ,3,,fim_semana,16.0,18.5,2.12,-1.18,-1.18,normal,abaixo,baixa,2,fallback (60d recentes),2.5
PT0002000125701614SQ,4,,fim_semana,17.0,18.0,1.8,-0.56,-0.56,normal,abaixo,baixa,2,fallback (60d recentes),2.5
PT0002000125701614SQ,5,,fim_semana,17.0,18.0,1.8,-0.56,-0.56,normal,abaixo,baixa,2,fallback (60d recentes),2.5
PT0002000125701614SQ,6,,fim_semana,16.0,17.5,2.12,-0.71,-0.71,normal,abaixo,baixa,2,fallback (60d recentes),2.5
PT0002000125701614SQ,7,,fim_semana,17.0,19.0,1.9,-1.05,-1.05,normal,abaixo,baixa,2,fallback (60d recentes),2.5
PT0002000125701614SQ,8,,fim_semana,16.0,20.5,2.12,-2.12,-2.12,normal,abaixo,baixa,2,fallback (60d recentes),2.5
PT0002000125701614SQ,9,,fim_semana,17.0,23.5,3.54,-1.84,-1.84,normal,abaixo,baixa,2,fallback (60d recentes),2.5
PT0002000125701614SQ,10,,fim_semana,18.0,25.5,4.95,-1.52,-1.52,normal,abaixo,baixa,2,fallback (60d recentes),2.5
PT0002000125701614SQ,11,,fim_semana,18.0,27.5,7.78,-1.22,-1.22,normal,abaixo,baixa,2,fallback (60d recentes),2.5
PT0002000125701614SQ,12,,fim_semana,17.0,27.5,6.36,-1.65,-1.65,normal,abaixo,baixa,2,fallback (60d recentes),2.5
PT0002000125701614SQ,13,,fim_semana,18.0,27.5,7.78,-1.22,-1.22,normal,abaixo,baixa,2,fallback (60d recentes),2.5
PT0002000125701614SQ,14,,fim_semana,17.0,32.0,14.14,-1.06,-1.06,normal,abaixo,baixa,2,fallback (60d recentes),2.5
PT0002000125701614SQ,15,,fim_semana,17.0,28.0,7.07,-1.56,-1.56,normal,abaixo,baixa,2,fallback (60d recentes),2.5
PT0002000125701614SQ,16,,fim_semana,17.0,28.5,7.78,-1.48,-1.48,normal,abaixo,baixa,2,fallback (60d recentes),2.5
PT0002000125701614SQ,17,,fim_semana,17.0,30.0,7.07,-1.84,-1.84,normal,abaixo,baixa,2,fallback (60d recentes),2.5
PT0002000125701614SQ,18,,fim_semana,19.0,27.5,6.36,-1.34,-1.34,normal,abaixo,baixa,2,fallback (60d recentes),2.5
PT0002000125701614SQ,19,,fim_semana,19.0,26.0,4.24,-1.65,-1.65,normal,abaixo,baixa,2,fallback (60d recentes),2.5
PT0002000125701614SQ,20,,fim_semana,17.0,43.0,26.87,-0.97,-0.97,normal,abaixo,baixa,2,fallback (60d recentes),2.5
PT0002000125701614SQ,21,,fim_semana,18.0,86.0,80.95,-0.84,-0.84,normal,abaixo,baixa,3,fallback (60d recentes),2.5
PT0002000125701614SQ,22,,fim_semana,16.0,93.67,119.93,-0.65,-0.65,normal,abaixo,baixa,3,fallback (60d recentes),2.5
PT0002000125701614SQ,23,,fim_semana,15.0,38.67,33.29,-0.71,-0.71,normal,abaixo,baixa,3,fallback (60d recentes),2.5
PT0002000201038711LS,0,,fim_semana,0.0,19.5,27.58,-0.71,-0.71,normal,abaixo,baixa,2,fallback (60d recentes),2.5
PT0002000201038711LS,1,,fim_semana,1.0,15.0,21.21,-0.66,-0.66,normal,abaixo,baixa,2,fallback (60d recentes),2.5
PT0002000201038711LS,2,,fim_semana,0.0,9.0,12.73,-0.71,-0.71,normal,abaixo,baixa,2,fallback (60d recentes),2.5
PT0002000201038711LS,3,,fim_semana,0.0,0.0,0.3,0.0,0.0,normal,abaixo,baixa,2,fallback (60d recentes),2.5
PT0002000201038711LS,4,,fim_semana,0.0,0.5,0.71,-0.71,-0.71,normal,abaixo,baixa,2,fallback (60d recentes),2.5
PT0002000201038711LS,5,,fim_semana,0.0,0.0,0.3,0.0,0.0,normal,abaixo,baixa,2,fallback (60d recentes),2.5
PT0002000201038711LS,6,,fim_semana,0.0,3.0,4.24,-0.71,-0.71,normal,abaixo,baixa,2,fallback (60d recentes),2.5
PT0002000201038711LS,7,,fim_semana,2.0,16.5,16.26,-0.89,-0.89,normal,abaixo,baixa,2,fallback (60d recentes),2.5
PT0002000201038711LS,8,,fim_semana,0.0,2.0,1.41,-1.41,-1.41,normal,abaixo,baixa,2,fallback (60d recentes),2.5
PT0002000201038711LS,9,,fim_semana,0.0,10.5,7.78,-1.35,-1.35,normal,abaixo,baixa,2,fallback (60d recentes),2.5
PT0002000201038711LS,10,,fim_semana,0.0,0.0,0.3,0.0,0.0,normal,abaixo,baixa,2,fallback (60d recentes),2.5
PT0002000201038711LS,11,,fim_semana,0.0,0.5,0.71,-0.71,-0.71,normal,abaixo,baixa,2,fallback (60d recentes),2.5
PT0002000201038711LS,12,,fim_semana,0.0,17.0,24.04,-0.71,-0.71,normal,abaixo,baixa,2,fallback (60d recentes),2.5
PT0002000201038711LS,13,,fim_semana,0.0,20.0,28.28,-0.71,-0.71,normal,abaixo,baixa,2,fallback (60d recentes),2.5
PT0002000201038711LS,14,,fim_semana,0.0,8.5,12.02,-0.71,-0.71,normal,abaixo,baixa,2,fallback (60d recentes),2.5
PT0002000201038711LS,15,,fim_semana,0.0,29.0,41.01,-0.71,-0.71,normal,abaixo,baixa,2,fallback (60d recentes),2.5
PT0002000201038711LS,16,,fim_semana,0.0,42.0,8.49,-4.95,-4.95,desvio,abaixo,baixa,2,fallback (60d recentes),2.5
PT0002000201038711LS,17,,fim_semana,0.0,58.0,5.8,-10.0,-10.0,desvio,abaixo,baixa,2,fallback (60d recentes),2.5
PT0002000201038711LS,18,,fim_semana,13.0,47.0,4.7,-7.23,-7.23,desvio,abaixo,baixa,2,fallback (60d recentes),2.5
PT0002000201038711LS,19,,fim_semana,47.0,64.5,6.45,-2.71,-2.71,desvio,abaixo,baixa,2,fallback (60d recentes),2.5
PT0002000201038711LS,20,,fim_semana,32.0,48.0,12.73,-1.26,-1.26,normal,abaixo,baixa,2,fallback (60d recentes),2.5
PT0002000201038711LS,21,,fim_semana,17.0,28.0,21.63,-0.51,-0.51,normal,abaixo,baixa,3,fallback (60d recentes),2.5
PT0002000201038711LS,22,,fim_semana,5.0,23.0,22.07,-0.82,-0.82,normal,abaixo,baixa,3,fallback (60d recentes),2.5
PT0002000201038711LS,23,,fim_semana,4.0,15.33,25.7,-0.44,-0.44,normal,abaixo,baixa,3,fallback (60d recentes),2.5
PT0002000201936109ME,0,0.0,fim_semana,0.0,0.0,0.3,0.0,0.0,normal,abaixo,baixa,2,fallback (60d recentes),2.5
PT0002000201936109ME,1,0.0,fim_semana,0.0,0.0,0.3,0.0,0.0,normal,abaixo,baixa,2,fallback (60d recentes),2.5
PT0002000201936109ME,2,0.0,fim_semana,1.0,0.0,0.3,3.33,3.33,desvio,acima,baixa,2,fallback (60d recentes),2.5
PT0002000201936109ME,3,0.0,fim_semana,1.0,0.5,0.71,0.71,0.71,normal,acima,baixa,2,fallback (60d recentes),2.5
PT0002000201936109ME,4,0.0,fim_semana,1.0,1.0,1.41,0.0,0.0,normal,abaixo,baixa,2,fallback (60d recentes),2.5
PT0002000201936109ME,5,0.0,fim_semana,0.0,0.0,0.3,0.0,0.0,normal,abaixo,baixa,2,fallback (60d recentes),2.5
PT0002000201936109ME,6,0.0,fim_semana,0.0,0.0,0.3,0.0,0.0,normal,abaixo,baixa,2,fallback (60d recentes),2.5
PT0002000201936109ME,7,0.0,fim_semana,0.0,0.0,0.3,0.0,0.0,normal,abaixo,baixa,2,fallback (60d recentes),2.5
PT0002000201936109ME,8,0.0,fim_semana,0.0,0.0,0.3,0.0,0.0,normal,abaixo,baixa,2,fallback (60d recentes),2.5
PT0002000201936109ME,9,0.0,fim_semana,0.0,0.0,0.3,0.0,0.0,normal,abaixo,baixa,2,fallback (60d recentes),2.5
PT0002000201936109ME,10,0.0,fim_semana,0.0,0.0,0.3,0.0,0.0,normal,abaixo,baixa,2,fallback (60d recentes),2.5
PT0002000201936109ME,11,0.0,fim_semana,1.0,0.0,0.3,3.33,3.33,desvio,acima,baixa,2,fallback (60d recentes),2.5
PT0002000201936109ME,12,0.0,fim_semana,0.0,0.0,0.3,0.0,0.0,normal,abaixo,baixa,2,fallback (60d recentes),2.5
PT0002000201936109ME,13,0.0,fim_semana,0.0,0.0,0.3,0.0,0.0,normal,abaixo,baixa,2,fallback (60d recentes),2.5
PT0002000201936109ME,14,0.0,fim_semana,1.0,0.0,0.3,3.33,3.33,desvio,acima,baixa,2,fallback (60d recentes),2.5
PT0002000201936109ME,15,0.0,fim_semana,1.0,0.0,0.3,3.33,3.33,desvio,acima,baixa,2,fallback (60d recentes),2.5
PT0002000201936109ME,16,0.0,fim_semana,1.0,0.0,0.3,3.33,3.33,desvio,acima,baixa,2,fallback (60d recentes),2.5
PT0002000201936109ME,17,0.0,fim_semana,6.0,0.0,0.3,10.0,20.0,desvio,acima,baixa,2,fallback (60d recentes),2.5
PT0002000201936109ME,18,0.0,fim_semana,5.0,0.0,0.3,10.0,16.67,desvio,acima,baixa,2,fallback (60d recentes),2.5
PT0002000201936109ME,19,0.0,fim_semana,0.0,0.0,0.3,0.0,0.0,normal,abaixo,baixa,2,fallback (60d recentes),2.5
PT0002000201936109ME,20,0.0,fim_semana,0.0,0.0,0.3,0.0,0.0,normal,abaixo,baixa,2,fallback (60d recentes),2.5
PT0002000201936109ME,21,0.0,fim_semana,0.0,0.0,0.3,0.0,0.0,normal,abaixo,baixa,3,fallback (60d recentes),2.5
PT0002000201936109ME,22,0.0,fim_semana,0.0,0.0,0.3,0.0,0.0,normal,abaixo,baixa,3,fallback (60d recentes),2.5
PT0002000201936109ME,23,0.0,fim_semana,0.0,0.0,0.3,0.0,0.0,normal,abaixo,baixa,3,fallback (60d recentes),2.5
PT0002000203419117SJ,0,,fim_semana,0.0,0.0,0.3,0.0,0.0,normal,abaixo,baixa,2,fallback (60d recentes),2.5
PT0002000203419117SJ,1,,fim_semana,0.0,0.0,0.3,0.0,0.0,normal,abaixo,baixa,2,fallback (60d recentes),2.5
PT0002000203419117SJ,2,,fim_semana,0.0,0.0,0.3,0.0,0.0,normal,abaixo,baixa,2,fallback (60d recentes),2.5
PT0002000203419117SJ,3,,fim_semana,0.0,0.0,0.3,0.0,0.0,normal,abaixo,baixa,2,fallback (60d recentes),2.5
PT0002000203419117SJ,4,,fim_semana,0.0,0.0,0.3,0.0,0.0,normal,abaixo,baixa,2,fallback (60d recentes),2.5
PT0002000203419117SJ,5,,fim_semana,0.0,0.0,0.3,0.0,0.0,normal,abaixo,baixa,2,fallback (60d recentes),2.5
PT0002000203419117SJ,6,,fim_semana,0.0,0.0,0.3,0.0,0.0,normal,abaixo,baixa,2,fallback (60d recentes),2.5
PT0002000203419117SJ,7,,fim_semana,0.0,0.0,0.3,0.0,0.0,normal,abaixo,baixa,2,fallback (60d recentes),2.5
PT0002000203419117SJ,8,,fim_semana,0.0,2.0,2.83,-0.71,-0.71,normal,abaixo,baixa,2,fallback (60d recentes),2.5
PT0002000203419117SJ,9,,fim_semana,0.0,0.0,0.3,0.0,0.0,normal,abaixo,baixa,2,fallback (60d recentes),2.5
PT0002000203419117SJ,10,,fim_semana,0.0,0.0,0.3,0.0,0.0,normal,abaixo,baixa,2,fallback (60d recentes),2.5
PT0002000203419117SJ,11,,fim_semana,0.0,0.0,0.3,0.0,0.0,normal,abaixo,baixa,2,fallback (60d recentes),2.5
PT0002000203419117SJ,12,,fim_semana,0.0,0.0,0.3,0.0,0.0,normal,abaixo,baixa,2,fallback (60d recentes),2.5
PT0002000203419117SJ,13,,fim_semana,0.0,0.0,0.3,0.0,0.0,normal,abaixo,baixa,2,fallback (60d recentes),2.5
PT0002000203419117SJ,14,,fim_semana,0.0,0.0,0.3,0.0,0.0,normal,abaixo,baixa,2,fallback (60d recentes),2.5
PT0002000203419117SJ,15,,fim_semana,0.0,0.0,0.3,0.0,0.0,normal,abaixo,baixa,2,fallback (60d recentes),2.5
PT0002000203419117SJ,16,,fim_semana,0.0,0.0,0.3,0.0,0.0,normal,abaixo,baixa,2,fallback (60d recentes),2.5
PT0002000203419117SJ,17,,fim_semana,0.0,0.0,0.3,0.0,0.0,normal,abaixo,baixa,2,fallback (60d recentes),2.5
PT0002000203419117SJ,18,,fim_semana,0.0,0.0,0.3,0.0,0.0,normal,abaixo,baixa,2,fallback (60d recentes),2.5
PT0002000203419117SJ,19,,fim_semana,0.0,0.0,0.3,0.0,0.0,normal,abaixo,baixa,2,fallback (60d recentes),2.5
PT0002000203419117SJ,20,,fim_semana,0.0,0.0,0.3,0.0,0.0,normal,abaixo,baixa,2,fallback (60d recentes),2.5
PT0002000203419117SJ,21,,fim_semana,0.0,0.0,0.3,0.0,0.0,normal,abaixo,baixa,3,fallback (60d recentes),2.5
PT0002000203419117SJ,22,,fim_semana,0.0,0.0,0.3,0.0,0.0,normal,abaixo,baixa,3,fallback (60d recentes),2.5
PT0002000203419117SJ,23,,fim_semana,0.0,0.0,0.3,0.0,0.0,normal,abaixo,baixa,3,fallback (60d recentes),2.5
PT0002000203886452WB,0,,fim_semana,8.0,2.0,2.83,2.12,2.12,normal,acima,baixa,2,fallback (60d recentes),2.5
PT0002000203886452WB,1,,fim_semana,4.0,2.0,2.83,0.71,0.71,normal,acima,baixa,2,fallback (60d recentes),2.5
PT0002000203886452WB,2,,fim_semana,4.0,4.0,5.66,0.0,0.0,normal,abaixo,baixa,2,fallback (60d recentes),2.5
PT0002000203886452WB,3,,fim_semana,4.0,2.0,2.83,0.71,0.71,normal,acima,baixa,2,fallback (60d recentes),2.5
PT0002000203886452WB,4,,fim_semana,4.0,2.0,2.83,0.71,0.71,normal,acima,baixa,2,fallback (60d recentes),2.5
PT0002000203886452WB,5,,fim_semana,8.0,2.0,2.83,2.12,2.12,normal,acima,baixa,2,fallback (60d recentes),2.5
PT0002000203886452WB,6,,fim_semana,4.0,2.0,2.83,0.71,0.71,normal,acima,baixa,2,fallback (60d recentes),2.5
PT0002000203886452WB,7,,fim_semana,4.0,4.0,5.66,0.0,0.0,normal,abaixo,baixa,2,fallback (60d recentes),2.5
PT0002000203886452WB,8,,fim_semana,4.0,2.0,2.83,0.71,0.71,normal,acima,baixa,2,fallback (60d recentes),2.5
PT0002000203886452WB,9,,fim_semana,8.0,2.0,2.83,2.12,2.12,normal,acima,baixa,2,fallback (60d recentes),2.5
PT0002000203886452WB,10,,fim_semana,4.0,2.0,2.83,0.71,0.71,normal,acima,baixa,2,fallback (60d recentes),2.5
PT0002000203886452WB,11,,fim_semana,4.0,4.0,5.66,0.0,0.0,normal,abaixo,baixa,2,fallback (60d recentes),2.5
PT0002000203886452WB,12,,fim_semana,4.0,2.0,2.83,0.71,0.71,normal,acima,baixa,2,fallback (60d recentes),2.5
PT0002000203886452WB,13,,fim_semana,4.0,2.0,2.83,0.71,0.71,normal,acima,baixa,2,fallback (60d recentes),2.5
PT0002000203886452WB,14,,fim_semana,8.0,2.0,2.83,2.12,2.12,normal,acima,baixa,2,fallback (60d recentes),2.5
PT0002000203886452WB,15,,fim_semana,4.0,2.0,2.83,0.71,0.71,normal,acima,baixa,2,fallback (60d recentes),2.5
PT0002000203886452WB,16,,fim_semana,4.0,4.0,5.66,0.0,0.0,normal,abaixo,baixa,2,fallback (60d recentes),2.5
PT0002000203886452WB,17,,fim_semana,4.0,2.0,2.83,0.71,0.71,normal,acima,baixa,2,fallback (60d recentes),2.5
PT0002000203886452WB,18,,fim_semana,8.0,2.0,2.83,2.12,2.12,normal,acima,baixa,2,fallback (60d recentes),2.5
PT0002000203886452WB,19,,fim_semana,4.0,2.0,2.83,0.71,0.71,normal,acima,baixa,2,fallback (60d recentes),2.5
PT0002000203886452WB,20,,fim_semana,4.0,4.0,5.66,0.0,0.0,normal,abaixo,baixa,2,fallback (60d recentes),2.5
PT0002000203886452WB,21,,fim_semana,4.0,1.33,2.31,1.15,1.15,normal,acima,baixa,3,fallback (60d recentes),2.5
PT0002000203886452WB,22,,fim_semana,4.0,4.0,4.0,0.0,0.0,normal,abaixo,baixa,3,fallback (60d recentes),2.5
PT0002000203886452WB,23,,fim_semana,8.0,2.67,2.31,2.31,2.31,normal,acima,baixa,3,fallback (60d recentes),2.5
