2026-07-21 17:05:46 [INFO] 
2026-07-21 17:05:46 [INFO] [1m======================================================================[0m
2026-07-21 17:05:46 [INFO] [1m  DETECAO DE ANOMALIAS AGUA - 2026-05-01[0m
2026-07-21 17:05:46 [INFO] [1m======================================================================[0m
2026-07-21 17:05:46 [INFO]   [2mTipo de dia:[0m        feriado (Dia do Trabalhador)
2026-07-21 17:05:46 [INFO]   [2mFonte:[0m              BAZE
2026-07-21 17:05:46 [INFO]   [2mContadores c/ dados:[0m 406
2026-07-21 17:05:46 [INFO]   [2mPontos contador/hora:[0m 7857
2026-07-21 17:05:46 [INFO]   [2mThreshold:[0m          |z| > 4.5 [2m(adaptativo a este tipo de dia)[0m
2026-07-21 17:05:46 [INFO] 
2026-07-21 17:06:00 [INFO] [1m--- Resumo -------------------------------------[0m
2026-07-21 17:06:00 [INFO]   [92mNormal[0m                  7707 [2m( 98.1%)[0m
2026-07-21 17:06:00 [INFO]   [91mDesvio (alta confianca)[0m    0 [2m(  0.0%)[0m
2026-07-21 17:06:00 [INFO]   [93mDesvio (baixa confianca)[0m 150 [2m(  1.9%)[0m
2026-07-21 17:06:00 [INFO]   [2mTempo: 14.5s[0m
2026-07-21 17:06:00 [INFO] 
2026-07-21 17:06:00 [INFO] [1m[93m--- Desvios de BAIXA confianca (150) ------------------[0m
2026-07-21 17:06:00 [INFO]   [2m(poucos dados historicos - verificar manualmente)[0m
2026-07-21 17:06:00 [INFO] 
2026-07-21 17:06:00 [INFO]   🔴 [91m[1mC18SC002113[0m
2026-07-21 17:06:00 [INFO]      consumiu MAIS que o habitual às 20h
2026-07-21 17:06:00 [INFO]      [2mReal:[0m 6.967 m3   [2mHabitual:[0m 1.443 ± 0.361 m3   [2mz:[0m +10.00 (cap)   [2mdesvio:[0m +383%   [2m(3 obs. feriado)[0m
2026-07-21 17:06:00 [INFO] 
2026-07-21 17:06:00 [INFO]   🔴 [91m[1mD05AE129685[0m
2026-07-21 17:06:00 [INFO]      consumiu MAIS que o habitual às 01h
2026-07-21 17:06:00 [INFO]      [2mReal:[0m 1.103 m3   [2mHabitual:[0m 0.000 ± 0.010 m3   [2mz:[0m +10.00 (cap)   [2mdesvio:[0m +110300%   [2m(2 obs. feriado)[0m
2026-07-21 17:06:00 [INFO] 
2026-07-21 17:06:00 [INFO]   🔴 [91m[1mD05AE129685[0m
2026-07-21 17:06:00 [INFO]      consumiu MAIS que o habitual às 02h
2026-07-21 17:06:00 [INFO]      [2mReal:[0m 3.649 m3   [2mHabitual:[0m 0.000 ± 0.010 m3   [2mz:[0m +10.00 (cap)   [2mdesvio:[0m +364900%   [2m(2 obs. feriado)[0m
2026-07-21 17:06:00 [INFO] 
2026-07-21 17:06:00 [INFO]   🔴 [91m[1mD05AE129685[0m
2026-07-21 17:06:00 [INFO]      consumiu MAIS que o habitual às 03h
2026-07-21 17:06:00 [INFO]      [2mReal:[0m 1.027 m3   [2mHabitual:[0m 0.000 ± 0.010 m3   [2mz:[0m +10.00 (cap)   [2mdesvio:[0m +102700%   [2m(2 obs. feriado)[0m
2026-07-21 17:06:00 [INFO] 
2026-07-21 17:06:00 [INFO]   🔴 [91m[1mD05AE129685[0m
2026-07-21 17:06:00 [INFO]      consumiu MAIS que o habitual às 04h
2026-07-21 17:06:00 [INFO]      [2mReal:[0m 4.106 m3   [2mHabitual:[0m 0.000 ± 0.010 m3   [2mz:[0m +10.00 (cap)   [2mdesvio:[0m +410600%   [2m(2 obs. feriado)[0m
2026-07-21 17:06:00 [INFO] 
2026-07-21 17:06:00 [INFO]   🔴 [91m[1mD06AE082862[0m
2026-07-21 17:06:00 [INFO]      consumiu MAIS que o habitual às 06h
2026-07-21 17:06:00 [INFO]      [2mReal:[0m 1.425 m3   [2mHabitual:[0m 0.000 ± 0.010 m3   [2mz:[0m +10.00 (cap)   [2mdesvio:[0m +142500%   [2m(2 obs. feriado)[0m
2026-07-21 17:06:00 [INFO] 
2026-07-21 17:06:00 [INFO]   🔴 [91m[1mD06AE082862[0m
2026-07-21 17:06:00 [INFO]      consumiu MAIS que o habitual às 07h
2026-07-21 17:06:00 [INFO]      [2mReal:[0m 1.204 m3   [2mHabitual:[0m 0.000 ± 0.010 m3   [2mz:[0m +10.00 (cap)   [2mdesvio:[0m +120400%   [2m(2 obs. feriado)[0m
2026-07-21 17:06:00 [INFO] 
2026-07-21 17:06:00 [INFO]   🔴 [91m[1mD06AE082862[0m
2026-07-21 17:06:00 [INFO]      consumiu MAIS que o habitual às 08h
2026-07-21 17:06:00 [INFO]      [2mReal:[0m 0.582 m3   [2mHabitual:[0m 0.000 ± 0.010 m3   [2mz:[0m +10.00 (cap)   [2mdesvio:[0m +58200%   [2m(2 obs. feriado)[0m
2026-07-21 17:06:00 [INFO] 
2026-07-21 17:06:00 [INFO]   🔴 [91m[1mD08AC395031B[0m
2026-07-21 17:06:00 [INFO]      consumiu MAIS que o habitual às 13h
2026-07-21 17:06:00 [INFO]      [2mReal:[0m 0.122 m3   [2mHabitual:[0m 0.017 ± 0.010 m3   [2mz:[0m +10.00 (cap)   [2mdesvio:[0m +631%   [2m(3 obs. feriado)[0m
2026-07-21 17:06:00 [INFO] 
2026-07-21 17:06:00 [INFO]   🔴 [91m[1mD15XF072893[0m
2026-07-21 17:06:00 [INFO]      consumiu MAIS que o habitual às 10h
2026-07-21 17:06:00 [INFO]      [2mReal:[0m 0.290 m3   [2mHabitual:[0m 0.000 ± 0.010 m3   [2mz:[0m +10.00 (cap)   [2mdesvio:[0m +29000%   [2m(2 obs. feriado)[0m
2026-07-21 17:06:00 [INFO] 
2026-07-21 17:06:00 [INFO]   🔴 [91m[1mD15XF072893[0m
2026-07-21 17:06:00 [INFO]      consumiu MAIS que o habitual às 15h
2026-07-21 17:06:00 [INFO]      [2mReal:[0m 0.420 m3   [2mHabitual:[0m 0.000 ± 0.010 m3   [2mz:[0m +10.00 (cap)   [2mdesvio:[0m +42000%   [2m(3 obs. feriado)[0m
2026-07-21 17:06:00 [INFO] 
2026-07-21 17:06:00 [INFO]   🔴 [91m[1mD15XF072893[0m
2026-07-21 17:06:00 [INFO]      consumiu MAIS que o habitual às 16h
2026-07-21 17:06:00 [INFO]      [2mReal:[0m 0.170 m3   [2mHabitual:[0m 0.000 ± 0.010 m3   [2mz:[0m +10.00 (cap)   [2mdesvio:[0m +17000%   [2m(2 obs. feriado)[0m
2026-07-21 17:06:00 [INFO] 
2026-07-21 17:06:00 [INFO]   🔴 [91m[1mD15XF072893[0m
2026-07-21 17:06:00 [INFO]      consumiu MAIS que o habitual às 17h
2026-07-21 17:06:00 [INFO]      [2mReal:[0m 0.520 m3   [2mHabitual:[0m 0.000 ± 0.010 m3   [2mz:[0m +10.00 (cap)   [2mdesvio:[0m +52000%   [2m(3 obs. feriado)[0m
2026-07-21 17:06:00 [INFO] 
2026-07-21 17:06:00 [INFO]   🔴 [91m[1mD15XF072893[0m
2026-07-21 17:06:00 [INFO]      consumiu MAIS que o habitual às 18h
2026-07-21 17:06:00 [INFO]      [2mReal:[0m 0.250 m3   [2mHabitual:[0m 0.000 ± 0.010 m3   [2mz:[0m +10.00 (cap)   [2mdesvio:[0m +25000%   [2m(3 obs. feriado)[0m
2026-07-21 17:06:00 [INFO] 
2026-07-21 17:06:00 [INFO]   🔴 [91m[1mD15XF072893[0m
2026-07-21 17:06:00 [INFO]      consumiu MAIS que o habitual às 19h
2026-07-21 17:06:00 [INFO]      [2mReal:[0m 0.280 m3   [2mHabitual:[0m 0.000 ± 0.010 m3   [2mz:[0m +10.00 (cap)   [2mdesvio:[0m +28000%   [2m(3 obs. feriado)[0m
2026-07-21 17:06:00 [INFO] 
2026-07-21 17:06:00 [INFO]   🔴 [91m[1mD15XF072893[0m
2026-07-21 17:06:00 [INFO]      consumiu MAIS que o habitual às 20h
2026-07-21 17:06:00 [INFO]      [2mReal:[0m 0.580 m3   [2mHabitual:[0m 0.000 ± 0.010 m3   [2mz:[0m +10.00 (cap)   [2mdesvio:[0m +58000%   [2m(3 obs. feriado)[0m
2026-07-21 17:06:00 [INFO] 
2026-07-21 17:06:00 [INFO]   🔴 [91m[1mD15XF072893[0m
2026-07-21 17:06:00 [INFO]      consumiu MAIS que o habitual às 21h
2026-07-21 17:06:00 [INFO]      [2mReal:[0m 0.310 m3   [2mHabitual:[0m 0.000 ± 0.010 m3   [2mz:[0m +10.00 (cap)   [2mdesvio:[0m +31000%   [2m(3 obs. feriado)[0m
2026-07-21 17:06:00 [INFO] 
2026-07-21 17:06:00 [INFO]   🔴 [91m[1mD15XF072893[0m
2026-07-21 17:06:00 [INFO]      consumiu MAIS que o habitual às 22h
2026-07-21 17:06:00 [INFO]      [2mReal:[0m 0.450 m3   [2mHabitual:[0m 0.000 ± 0.010 m3   [2mz:[0m +10.00 (cap)   [2mdesvio:[0m +45000%   [2m(3 obs. feriado)[0m
2026-07-21 17:06:00 [INFO] 
2026-07-21 17:06:00 [INFO]   🔴 [91m[1mD16BA133407[0m
2026-07-21 17:06:00 [INFO]      consumiu MAIS que o habitual às 12h
2026-07-21 17:06:00 [INFO]      [2mReal:[0m 0.479 m3   [2mHabitual:[0m 0.024 ± 0.012 m3   [2mz:[0m +10.00 (cap)   [2mdesvio:[0m +1921%   [2m(3 obs. feriado)[0m
2026-07-21 17:06:00 [INFO] 
2026-07-21 17:06:00 [INFO]   🔴 [91m[1mD16BX009425[0m
2026-07-21 17:06:00 [INFO]      consumiu MAIS que o habitual às 11h
2026-07-21 17:06:00 [INFO]      [2mReal:[0m 0.185 m3   [2mHabitual:[0m 0.000 ± 0.010 m3   [2mz:[0m +10.00 (cap)   [2mdesvio:[0m +18500%   [2m(2 obs. feriado)[0m
2026-07-21 17:06:00 [INFO] 
2026-07-21 17:06:00 [INFO]   🔴 [91m[1mD16BX009428[0m
2026-07-21 17:06:00 [INFO]      consumiu MAIS que o habitual às 00h
2026-07-21 17:06:00 [INFO]      [2mReal:[0m 0.932 m3   [2mHabitual:[0m 0.189 ± 0.047 m3   [2mz:[0m +10.00 (cap)   [2mdesvio:[0m +394%   [2m(3 obs. feriado)[0m
2026-07-21 17:06:00 [INFO] 
2026-07-21 17:06:00 [INFO]   🔴 [91m[1mD17BA019937[0m
2026-07-21 17:06:00 [INFO]      consumiu MAIS que o habitual às 02h
2026-07-21 17:06:00 [INFO]      [2mReal:[0m 0.682 m3   [2mHabitual:[0m 0.000 ± 0.010 m3   [2mz:[0m +10.00 (cap)   [2mdesvio:[0m +68200%   [2m(3 obs. feriado)[0m
2026-07-21 17:06:00 [INFO] 
2026-07-21 17:06:00 [INFO]   🔴 [91m[1mD17BA019937[0m
2026-07-21 17:06:00 [INFO]      consumiu MAIS que o habitual às 03h
2026-07-21 17:06:00 [INFO]      [2mReal:[0m 0.141 m3   [2mHabitual:[0m 0.000 ± 0.010 m3   [2mz:[0m +10.00 (cap)   [2mdesvio:[0m +14100%   [2m(3 obs. feriado)[0m
2026-07-21 17:06:00 [INFO] 
2026-07-21 17:06:00 [INFO]   🔴 [91m[1mD17BA019937[0m
2026-07-21 17:06:00 [INFO]      consumiu MAIS que o habitual às 04h
2026-07-21 17:06:00 [INFO]      [2mReal:[0m 0.141 m3   [2mHabitual:[0m 0.000 ± 0.010 m3   [2mz:[0m +10.00 (cap)   [2mdesvio:[0m +14100%   [2m(3 obs. feriado)[0m
2026-07-21 17:06:00 [INFO] 
2026-07-21 17:06:00 [INFO]   🔴 [91m[1mD17BA019937[0m
2026-07-21 17:06:00 [INFO]      consumiu MAIS que o habitual às 05h
2026-07-21 17:06:00 [INFO]      [2mReal:[0m 0.142 m3   [2mHabitual:[0m 0.000 ± 0.010 m3   [2mz:[0m +10.00 (cap)   [2mdesvio:[0m +14200%   [2m(3 obs. feriado)[0m
2026-07-21 17:06:00 [INFO] 
2026-07-21 17:06:00 [INFO]   🔴 [91m[1mD17BA019937[0m
2026-07-21 17:06:00 [INFO]      consumiu MAIS que o habitual às 06h
2026-07-21 17:06:00 [INFO]      [2mReal:[0m 0.141 m3   [2mHabitual:[0m 0.000 ± 0.010 m3   [2mz:[0m +10.00 (cap)   [2mdesvio:[0m +14100%   [2m(3 obs. feriado)[0m
2026-07-21 17:06:00 [INFO] 
2026-07-21 17:06:00 [INFO]   🔴 [91m[1mD17BA019937[0m
2026-07-21 17:06:00 [INFO]      consumiu MAIS que o habitual às 07h
2026-07-21 17:06:00 [INFO]      [2mReal:[0m 0.139 m3   [2mHabitual:[0m 0.000 ± 0.010 m3   [2mz:[0m +10.00 (cap)   [2mdesvio:[0m +13900%   [2m(3 obs. feriado)[0m
2026-07-21 17:06:00 [INFO] 
2026-07-21 17:06:00 [INFO]   🔴 [91m[1mD17BA019937[0m
2026-07-21 17:06:00 [INFO]      consumiu MAIS que o habitual às 08h
2026-07-21 17:06:00 [INFO]      [2mReal:[0m 0.136 m3   [2mHabitual:[0m 0.000 ± 0.010 m3   [2mz:[0m +10.00 (cap)   [2mdesvio:[0m +13600%   [2m(3 obs. feriado)[0m
2026-07-21 17:06:00 [INFO] 
2026-07-21 17:06:00 [INFO]   🔴 [91m[1mD17BA019937[0m
2026-07-21 17:06:00 [INFO]      consumiu MAIS que o habitual às 09h
2026-07-21 17:06:00 [INFO]      [2mReal:[0m 0.130 m3   [2mHabitual:[0m 0.000 ± 0.010 m3   [2mz:[0m +10.00 (cap)   [2mdesvio:[0m +13000%   [2m(3 obs. feriado)[0m
2026-07-21 17:06:00 [INFO] 
2026-07-21 17:06:00 [INFO]   🔴 [91m[1mD17BA019937[0m
2026-07-21 17:06:00 [INFO]      consumiu MAIS que o habitual às 10h
2026-07-21 17:06:00 [INFO]      [2mReal:[0m 0.116 m3   [2mHabitual:[0m 0.000 ± 0.010 m3   [2mz:[0m +10.00 (cap)   [2mdesvio:[0m +11600%   [2m(2 obs. feriado)[0m
2026-07-21 17:06:00 [INFO] 
2026-07-21 17:06:00 [INFO]   🔴 [91m[1mD18BX003239[0m
2026-07-21 17:06:00 [INFO]      consumiu MAIS que o habitual às 19h
2026-07-21 17:06:00 [INFO]      [2mReal:[0m 0.349 m3   [2mHabitual:[0m 0.000 ± 0.010 m3   [2mz:[0m +10.00 (cap)   [2mdesvio:[0m +34900%   [2m(3 obs. feriado)[0m
2026-07-21 17:06:00 [INFO] 
2026-07-21 17:06:00 [INFO]   🔴 [91m[1mD18BX003239[0m
2026-07-21 17:06:00 [INFO]      consumiu MAIS que o habitual às 20h
2026-07-21 17:06:00 [INFO]      [2mReal:[0m 0.339 m3   [2mHabitual:[0m 0.000 ± 0.010 m3   [2mz:[0m +10.00 (cap)   [2mdesvio:[0m +33900%   [2m(3 obs. feriado)[0m
2026-07-21 17:06:00 [INFO] 
2026-07-21 17:06:00 [INFO]   🔴 [91m[1mD18BX003239[0m
2026-07-21 17:06:00 [INFO]      consumiu MAIS que o habitual às 21h
2026-07-21 17:06:00 [INFO]      [2mReal:[0m 0.323 m3   [2mHabitual:[0m 0.000 ± 0.010 m3   [2mz:[0m +10.00 (cap)   [2mdesvio:[0m +32300%   [2m(3 obs. feriado)[0m
2026-07-21 17:06:00 [INFO] 
2026-07-21 17:06:00 [INFO]   🔴 [91m[1mD18BX003239[0m
2026-07-21 17:06:00 [INFO]      consumiu MAIS que o habitual às 22h
2026-07-21 17:06:00 [INFO]      [2mReal:[0m 0.243 m3   [2mHabitual:[0m 0.000 ± 0.010 m3   [2mz:[0m +10.00 (cap)   [2mdesvio:[0m +24300%   [2m(3 obs. feriado)[0m
2026-07-21 17:06:00 [INFO] 
2026-07-21 17:06:00 [INFO]   🔴 [91m[1mD18BX003239[0m
2026-07-21 17:06:00 [INFO]      consumiu MAIS que o habitual às 23h
2026-07-21 17:06:00 [INFO]      [2mReal:[0m 0.148 m3   [2mHabitual:[0m 0.000 ± 0.010 m3   [2mz:[0m +10.00 (cap)   [2mdesvio:[0m +14800%   [2m(3 obs. feriado)[0m
2026-07-21 17:06:00 [INFO] 
2026-07-21 17:06:00 [INFO]   🔴 [91m[1mD19BA343472[0m
2026-07-21 17:06:00 [INFO]      consumiu MAIS que o habitual às 17h
2026-07-21 17:06:00 [INFO]      [2mReal:[0m 0.277 m3   [2mHabitual:[0m 0.000 ± 0.010 m3   [2mz:[0m +10.00 (cap)   [2mdesvio:[0m +27700%   [2m(3 obs. feriado)[0m
2026-07-21 17:06:00 [INFO] 
2026-07-21 17:06:00 [INFO]   🔴 [91m[1mD19BA343473[0m
2026-07-21 17:06:00 [INFO]      consumiu MAIS que o habitual às 16h
2026-07-21 17:06:00 [INFO]      [2mReal:[0m 0.333 m3   [2mHabitual:[0m 0.009 ± 0.015 m3   [2mz:[0m +10.00 (cap)   [2mdesvio:[0m +3728%   [2m(3 obs. feriado)[0m
2026-07-21 17:06:00 [INFO] 
2026-07-21 17:06:00 [INFO]   🔴 [91m[1mD19BA343474[0m
2026-07-21 17:06:00 [INFO]      consumiu MAIS que o habitual às 18h
2026-07-21 17:06:00 [INFO]      [2mReal:[0m 0.213 m3   [2mHabitual:[0m 0.000 ± 0.010 m3   [2mz:[0m +10.00 (cap)   [2mdesvio:[0m +21300%   [2m(3 obs. feriado)[0m
2026-07-21 17:06:00 [INFO] 
2026-07-21 17:06:00 [INFO]   🔴 [91m[1mD19BA343474[0m
2026-07-21 17:06:00 [INFO]      consumiu MAIS que o habitual às 20h
2026-07-21 17:06:00 [INFO]      [2mReal:[0m 0.252 m3   [2mHabitual:[0m 0.000 ± 0.010 m3   [2mz:[0m +10.00 (cap)   [2mdesvio:[0m +25200%   [2m(3 obs. feriado)[0m
2026-07-21 17:06:00 [INFO] 
2026-07-21 17:06:00 [INFO]   🔴 [91m[1mH21OF834686I[0m
2026-07-21 17:06:00 [INFO]      consumiu MAIS que o habitual às 00h
2026-07-21 17:06:00 [INFO]      [2mReal:[0m 0.340 m3   [2mHabitual:[0m 0.000 ± 0.010 m3   [2mz:[0m +10.00 (cap)   [2mdesvio:[0m +34000%   [2m(3 obs. feriado)[0m
2026-07-21 17:06:00 [INFO] 
2026-07-21 17:06:00 [INFO]   🔴 [91m[1mH21OF834686I[0m
2026-07-21 17:06:00 [INFO]      consumiu MAIS que o habitual às 18h
2026-07-21 17:06:00 [INFO]      [2mReal:[0m 0.730 m3   [2mHabitual:[0m 0.040 ± 0.061 m3   [2mz:[0m +10.00 (cap)   [2mdesvio:[0m +1725%   [2m(3 obs. feriado)[0m
2026-07-21 17:06:00 [INFO] 
2026-07-21 17:06:00 [INFO]   🔴 [91m[1mH21VA420783K[0m
2026-07-21 17:06:00 [INFO]      consumiu MAIS que o habitual às 16h
2026-07-21 17:06:00 [INFO]      [2mReal:[0m 0.210 m3   [2mHabitual:[0m 0.003 ± 0.010 m3   [2mz:[0m +10.00 (cap)   [2mdesvio:[0m +7678%   [2m(3 obs. feriado)[0m
2026-07-21 17:06:00 [INFO] 
2026-07-21 17:06:00 [INFO]   🔴 [91m[1mH21VA420783K[0m
2026-07-21 17:06:00 [INFO]      consumiu MAIS que o habitual às 17h
2026-07-21 17:06:00 [INFO]      [2mReal:[0m 0.119 m3   [2mHabitual:[0m 0.003 ± 0.010 m3   [2mz:[0m +10.00 (cap)   [2mdesvio:[0m +3867%   [2m(3 obs. feriado)[0m
2026-07-21 17:06:00 [INFO] 
2026-07-21 17:06:00 [INFO]   🔴 [91m[1mH21VA420783K[0m
2026-07-21 17:06:00 [INFO]      consumiu MAIS que o habitual às 18h
2026-07-21 17:06:00 [INFO]      [2mReal:[0m 0.124 m3   [2mHabitual:[0m 0.003 ± 0.010 m3   [2mz:[0m +10.00 (cap)   [2mdesvio:[0m +4033%   [2m(3 obs. feriado)[0m
2026-07-21 17:06:00 [INFO] 
2026-07-21 17:06:00 [INFO]   🔴 [91m[1mI18JC067687[0m
2026-07-21 17:06:00 [INFO]      consumiu MAIS que o habitual às 11h
2026-07-21 17:06:00 [INFO]      [2mReal:[0m 0.117 m3   [2mHabitual:[0m 0.000 ± 0.010 m3   [2mz:[0m +10.00 (cap)   [2mdesvio:[0m +11700%   [2m(2 obs. feriado)[0m
2026-07-21 17:06:00 [INFO] 
2026-07-21 17:06:00 [INFO]   🔴 [91m[1mI18JC067687[0m
2026-07-21 17:06:00 [INFO]      consumiu MAIS que o habitual às 13h
2026-07-21 17:06:00 [INFO]      [2mReal:[0m 0.109 m3   [2mHabitual:[0m 0.000 ± 0.010 m3   [2mz:[0m +10.00 (cap)   [2mdesvio:[0m +10900%   [2m(2 obs. feriado)[0m
2026-07-21 17:06:00 [INFO] 
2026-07-21 17:06:00 [INFO]   🔴 [91m[1mI18JC067687[0m
2026-07-21 17:06:00 [INFO]      consumiu MAIS que o habitual às 14h
2026-07-21 17:06:00 [INFO]      [2mReal:[0m 0.228 m3   [2mHabitual:[0m 0.000 ± 0.010 m3   [2mz:[0m +10.00 (cap)   [2mdesvio:[0m +22800%   [2m(2 obs. feriado)[0m
2026-07-21 17:06:00 [INFO] 
2026-07-21 17:06:00 [INFO]   🔴 [91m[1mI18JC067687[0m
2026-07-21 17:06:00 [INFO]      consumiu MAIS que o habitual às 15h
2026-07-21 17:06:00 [INFO]      [2mReal:[0m 0.188 m3   [2mHabitual:[0m 0.000 ± 0.010 m3   [2mz:[0m +10.00 (cap)   [2mdesvio:[0m +18800%   [2m(2 obs. feriado)[0m
2026-07-21 17:06:00 [INFO] 
2026-07-21 17:06:00 [INFO]   🔴 [91m[1mI18JC067687[0m
2026-07-21 17:06:00 [INFO]      consumiu MAIS que o habitual às 16h
2026-07-21 17:06:00 [INFO]      [2mReal:[0m 0.125 m3   [2mHabitual:[0m 0.000 ± 0.010 m3   [2mz:[0m +10.00 (cap)   [2mdesvio:[0m +12500%   [2m(2 obs. feriado)[0m
2026-07-21 17:06:00 [INFO] 
2026-07-21 17:06:00 [INFO]   🔴 [91m[1mI18JC067687[0m
2026-07-21 17:06:00 [INFO]      consumiu MAIS que o habitual às 17h
2026-07-21 17:06:00 [INFO]      [2mReal:[0m 0.197 m3   [2mHabitual:[0m 0.000 ± 0.010 m3   [2mz:[0m +10.00 (cap)   [2mdesvio:[0m +19700%   [2m(2 obs. feriado)[0m
2026-07-21 17:06:00 [INFO] 
2026-07-21 17:06:00 [INFO]   🔴 [91m[1mI19JC029855[0m
2026-07-21 17:06:00 [INFO]      consumiu MAIS que o habitual às 20h
2026-07-21 17:06:00 [INFO]      [2mReal:[0m 1.248 m3   [2mHabitual:[0m 0.024 ± 0.025 m3   [2mz:[0m +10.00 (cap)   [2mdesvio:[0m +5100%   [2m(2 obs. feriado)[0m
2026-07-21 17:06:00 [INFO] 
2026-07-21 17:06:00 [INFO]   🔴 [91m[1mI19JC029855[0m
2026-07-21 17:06:00 [INFO]      consumiu MAIS que o habitual às 21h
2026-07-21 17:06:00 [INFO]      [2mReal:[0m 0.292 m3   [2mHabitual:[0m 0.008 ± 0.010 m3   [2mz:[0m +10.00 (cap)   [2mdesvio:[0m +3550%   [2m(2 obs. feriado)[0m
2026-07-21 17:06:00 [INFO] 
2026-07-21 17:06:00 [INFO]   🔴 [91m[1mI19JC029855[0m
2026-07-21 17:06:00 [INFO]      consumiu MAIS que o habitual às 22h
2026-07-21 17:06:00 [INFO]      [2mReal:[0m 0.162 m3   [2mHabitual:[0m 0.008 ± 0.010 m3   [2mz:[0m +10.00 (cap)   [2mdesvio:[0m +1925%   [2m(2 obs. feriado)[0m
2026-07-21 17:06:00 [INFO] 
2026-07-21 17:06:00 [INFO]   🔴 [91m[1mI19JC065474[0m
2026-07-21 17:06:00 [INFO]      consumiu MAIS que o habitual às 10h
2026-07-21 17:06:00 [INFO]      [2mReal:[0m 0.481 m3   [2mHabitual:[0m 0.073 ± 0.018 m3   [2mz:[0m +10.00 (cap)   [2mdesvio:[0m +559%   [2m(2 obs. feriado)[0m
2026-07-21 17:06:00 [INFO] 
2026-07-21 17:06:00 [INFO]   🔴 [91m[1mI19JC065474[0m
2026-07-21 17:06:00 [INFO]      consumiu MAIS que o habitual às 20h
2026-07-21 17:06:00 [INFO]      [2mReal:[0m 0.506 m3   [2mHabitual:[0m 0.074 ± 0.019 m3   [2mz:[0m +10.00 (cap)   [2mdesvio:[0m +581%   [2m(3 obs. feriado)[0m
2026-07-21 17:06:00 [INFO] 
2026-07-21 17:06:00 [INFO]   🔴 [91m[1mI20MF944347P[0m
2026-07-21 17:06:00 [INFO]      consumiu MAIS que o habitual às 00h
2026-07-21 17:06:00 [INFO]      [2mReal:[0m 0.940 m3   [2mHabitual:[0m 0.057 ± 0.014 m3   [2mz:[0m +10.00 (cap)   [2mdesvio:[0m +1558%   [2m(3 obs. feriado)[0m
2026-07-21 17:06:00 [INFO] 
2026-07-21 17:06:00 [INFO]   🔴 [91m[1mI21JC029093K[0m
2026-07-21 17:06:00 [INFO]      consumiu MAIS que o habitual às 21h
2026-07-21 17:06:00 [INFO]      [2mReal:[0m 0.212 m3   [2mHabitual:[0m 0.002 ± 0.010 m3   [2mz:[0m +10.00 (cap)   [2mdesvio:[0m +10500%   [2m(3 obs. feriado)[0m
2026-07-21 17:06:00 [INFO] 
2026-07-21 17:06:00 [INFO]   🔴 [91m[1mI21JC029093K[0m
2026-07-21 17:06:00 [INFO]      consumiu MAIS que o habitual às 23h
2026-07-21 17:06:00 [INFO]      [2mReal:[0m 0.433 m3   [2mHabitual:[0m 0.004 ± 0.010 m3   [2mz:[0m +10.00 (cap)   [2mdesvio:[0m +11603%   [2m(3 obs. feriado)[0m
2026-07-21 17:06:00 [INFO] 
2026-07-21 17:06:00 [INFO]   🔴 [91m[1mI21JC029107Z[0m
2026-07-21 17:06:00 [INFO]      consumiu MAIS que o habitual às 19h
2026-07-21 17:06:00 [INFO]      [2mReal:[0m 4.875 m3   [2mHabitual:[0m 0.000 ± 0.010 m3   [2mz:[0m +10.00 (cap)   [2mdesvio:[0m +487500%   [2m(3 obs. feriado)[0m
2026-07-21 17:06:00 [INFO] 
2026-07-21 17:06:00 [INFO]   🔴 [91m[1mI21JC029107Z[0m
2026-07-21 17:06:00 [INFO]      consumiu MAIS que o habitual às 20h
2026-07-21 17:06:00 [INFO]      [2mReal:[0m 11.350 m3   [2mHabitual:[0m 0.000 ± 0.010 m3   [2mz:[0m +10.00 (cap)   [2mdesvio:[0m +1135000%   [2m(3 obs. feriado)[0m
2026-07-21 17:06:00 [INFO] 
2026-07-21 17:06:00 [INFO]   🔴 [91m[1mI21JC029107Z[0m
2026-07-21 17:06:00 [INFO]      consumiu MAIS que o habitual às 21h
2026-07-21 17:06:00 [INFO]      [2mReal:[0m 5.454 m3   [2mHabitual:[0m 0.000 ± 0.010 m3   [2mz:[0m +10.00 (cap)   [2mdesvio:[0m +545400%   [2m(3 obs. feriado)[0m
2026-07-21 17:06:00 [INFO] 
2026-07-21 17:06:00 [INFO]   🔴 [91m[1mI21JC029136E[0m
2026-07-21 17:06:00 [INFO]      consumiu MAIS que o habitual às 17h
2026-07-21 17:06:00 [INFO]      [2mReal:[0m 0.373 m3   [2mHabitual:[0m 0.000 ± 0.010 m3   [2mz:[0m +10.00 (cap)   [2mdesvio:[0m +37300%   [2m(3 obs. feriado)[0m
2026-07-21 17:06:00 [INFO] 
2026-07-21 17:06:00 [INFO]   🔴 [91m[1mI21JC029136E[0m
2026-07-21 17:06:00 [INFO]      consumiu MAIS que o habitual às 19h
2026-07-21 17:06:00 [INFO]      [2mReal:[0m 2.010 m3   [2mHabitual:[0m 0.000 ± 0.010 m3   [2mz:[0m +10.00 (cap)   [2mdesvio:[0m +201000%   [2m(3 obs. feriado)[0m
2026-07-21 17:06:00 [INFO] 
2026-07-21 17:06:00 [INFO]   🔴 [91m[1mI21JC029136E[0m
2026-07-21 17:06:00 [INFO]      consumiu MAIS que o habitual às 20h
2026-07-21 17:06:00 [INFO]      [2mReal:[0m 0.973 m3   [2mHabitual:[0m 0.000 ± 0.010 m3   [2mz:[0m +10.00 (cap)   [2mdesvio:[0m +97300%   [2m(3 obs. feriado)[0m
2026-07-21 17:06:00 [INFO] 
2026-07-21 17:06:00 [INFO]   🔴 [91m[1mI21JC029153F[0m
2026-07-21 17:06:00 [INFO]      consumiu MAIS que o habitual às 06h
2026-07-21 17:06:00 [INFO]      [2mReal:[0m 0.645 m3   [2mHabitual:[0m 0.000 ± 0.010 m3   [2mz:[0m +10.00 (cap)   [2mdesvio:[0m +64500%   [2m(3 obs. feriado)[0m
2026-07-21 17:06:00 [INFO] 
2026-07-21 17:06:00 [INFO]   🔴 [91m[1mI21JC029153F[0m
2026-07-21 17:06:00 [INFO]      consumiu MAIS que o habitual às 08h
2026-07-21 17:06:00 [INFO]      [2mReal:[0m 0.368 m3   [2mHabitual:[0m 0.000 ± 0.010 m3   [2mz:[0m +10.00 (cap)   [2mdesvio:[0m +36800%   [2m(3 obs. feriado)[0m
2026-07-21 17:06:00 [INFO] 
2026-07-21 17:06:00 [INFO]   🔴 [91m[1mI21JC029153F[0m
2026-07-21 17:06:00 [INFO]      consumiu MAIS que o habitual às 22h
2026-07-21 17:06:00 [INFO]      [2mReal:[0m 1.869 m3   [2mHabitual:[0m 0.000 ± 0.010 m3   [2mz:[0m +10.00 (cap)   [2mdesvio:[0m +186900%   [2m(3 obs. feriado)[0m
2026-07-21 17:06:00 [INFO] 
2026-07-21 17:06:00 [INFO]   🔴 [91m[1mI21JC029153F[0m
2026-07-21 17:06:00 [INFO]      consumiu MAIS que o habitual às 23h
2026-07-21 17:06:00 [INFO]      [2mReal:[0m 1.208 m3   [2mHabitual:[0m 0.000 ± 0.010 m3   [2mz:[0m +10.00 (cap)   [2mdesvio:[0m +120800%   [2m(3 obs. feriado)[0m
2026-07-21 17:06:00 [INFO] 
2026-07-21 17:06:00 [INFO]   🔴 [91m[1mI21JC029165J[0m
2026-07-21 17:06:00 [INFO]      consumiu MAIS que o habitual às 23h
2026-07-21 17:06:00 [INFO]      [2mReal:[0m 1.772 m3   [2mHabitual:[0m 0.165 ± 0.041 m3   [2mz:[0m +10.00 (cap)   [2mdesvio:[0m +974%   [2m(2 obs. feriado)[0m
2026-07-21 17:06:00 [INFO] 
2026-07-21 17:06:00 [INFO]   🔴 [91m[1mI21JC037657V[0m
2026-07-21 17:06:00 [INFO]      consumiu MAIS que o habitual às 19h
2026-07-21 17:06:00 [INFO]      [2mReal:[0m 0.179 m3   [2mHabitual:[0m 0.021 ± 0.012 m3   [2mz:[0m +10.00 (cap)   [2mdesvio:[0m +765%   [2m(3 obs. feriado)[0m
2026-07-21 17:06:00 [INFO] 
2026-07-21 17:06:00 [INFO]   🔴 [91m[1mI21JC037658W[0m
2026-07-21 17:06:00 [INFO]      consumiu MAIS que o habitual às 07h
2026-07-21 17:06:00 [INFO]      [2mReal:[0m 0.180 m3   [2mHabitual:[0m 0.041 ± 0.010 m3   [2mz:[0m +10.00 (cap)   [2mdesvio:[0m +344%   [2m(2 obs. feriado)[0m
2026-07-21 17:06:00 [INFO] 
2026-07-21 17:06:00 [INFO]   🔴 [91m[1mI21JC037660Q[0m
2026-07-21 17:06:00 [INFO]      consumiu MAIS que o habitual às 08h
2026-07-21 17:06:00 [INFO]      [2mReal:[0m 0.209 m3   [2mHabitual:[0m 0.003 ± 0.010 m3   [2mz:[0m +10.00 (cap)   [2mdesvio:[0m +6867%   [2m(2 obs. feriado)[0m
2026-07-21 17:06:00 [INFO] 
2026-07-21 17:06:00 [INFO]   🔴 [91m[1mI21JC037660Q[0m
2026-07-21 17:06:00 [INFO]      consumiu MAIS que o habitual às 18h
2026-07-21 17:06:00 [INFO]      [2mReal:[0m 0.275 m3   [2mHabitual:[0m 0.025 ± 0.010 m3   [2mz:[0m +10.00 (cap)   [2mdesvio:[0m +1000%   [2m(2 obs. feriado)[0m
2026-07-21 17:06:00 [INFO] 
2026-07-21 17:06:00 [INFO]   🔴 [91m[1mI21JC043489M[0m
2026-07-21 17:06:00 [INFO]      consumiu MAIS que o habitual às 11h
2026-07-21 17:06:00 [INFO]      [2mReal:[0m 0.280 m3   [2mHabitual:[0m 0.040 ± 0.010 m3   [2mz:[0m +10.00 (cap)   [2mdesvio:[0m +600%   [2m(3 obs. feriado)[0m
2026-07-21 17:06:00 [INFO] 
2026-07-21 17:06:00 [INFO]   🔴 [91m[1mI21JC043496L[0m
2026-07-21 17:06:00 [INFO]      consumiu MAIS que o habitual às 19h
2026-07-21 17:06:00 [INFO]      [2mReal:[0m 1.608 m3   [2mHabitual:[0m 0.032 ± 0.047 m3   [2mz:[0m +10.00 (cap)   [2mdesvio:[0m +4973%   [2m(3 obs. feriado)[0m
2026-07-21 17:06:00 [INFO] 
2026-07-21 17:06:00 [INFO]   🔴 [91m[1mI21JC043496L[0m
2026-07-21 17:06:00 [INFO]      consumiu MAIS que o habitual às 20h
2026-07-21 17:06:00 [INFO]      [2mReal:[0m 0.261 m3   [2mHabitual:[0m 0.016 ± 0.021 m3   [2mz:[0m +10.00 (cap)   [2mdesvio:[0m +1501%   [2m(3 obs. feriado)[0m
2026-07-21 17:06:00 [INFO] 
2026-07-21 17:06:00 [INFO]   🔴 [91m[1mI22JC094276N[0m
2026-07-21 17:06:00 [INFO]      consumiu MAIS que o habitual às 00h
2026-07-21 17:06:00 [INFO]      [2mReal:[0m 0.637 m3   [2mHabitual:[0m 0.027 ± 0.033 m3   [2mz:[0m +10.00 (cap)   [2mdesvio:[0m +2233%   [2m(3 obs. feriado)[0m
2026-07-21 17:06:00 [INFO] 
2026-07-21 17:06:00 [INFO]   🔴 [91m[1mI23LA213007[0m
2026-07-21 17:06:00 [INFO]      consumiu MAIS que o habitual às 16h
2026-07-21 17:06:00 [INFO]      [2mReal:[0m 0.156 m3   [2mHabitual:[0m 0.004 ± 0.010 m3   [2mz:[0m +10.00 (cap)   [2mdesvio:[0m +4116%   [2m(3 obs. feriado)[0m
2026-07-21 17:06:00 [INFO] 
2026-07-21 17:06:00 [INFO]   🔴 [91m[1mI24LA025413[0m
2026-07-21 17:06:00 [INFO]      consumiu MAIS que o habitual às 10h
2026-07-21 17:06:00 [INFO]      [2mReal:[0m 0.291 m3   [2mHabitual:[0m 0.000 ± 0.010 m3   [2mz:[0m +10.00 (cap)   [2mdesvio:[0m +29100%   [2m(3 obs. feriado)[0m
2026-07-21 17:06:00 [INFO] 
2026-07-21 17:06:00 [INFO]   🔴 [91m[1mI23JC096059X[0m
2026-07-21 17:06:00 [INFO]      consumiu MAIS que o habitual às 06h
2026-07-21 17:06:00 [INFO]      [2mReal:[0m 0.200 m3   [2mHabitual:[0m 0.057 ± 0.014 m3   [2mz:[0m +9.98   [2mdesvio:[0m +253%   [2m(3 obs. feriado)[0m
2026-07-21 17:06:00 [INFO] 
2026-07-21 17:06:00 [INFO]   🔴 [91m[1mI22JC094282L[0m
2026-07-21 17:06:00 [INFO]      consumiu MAIS que o habitual às 04h
2026-07-21 17:06:00 [INFO]      [2mReal:[0m 0.103 m3   [2mHabitual:[0m 0.004 ± 0.010 m3   [2mz:[0m +9.87   [2mdesvio:[0m +2295%   [2m(3 obs. feriado)[0m
2026-07-21 17:06:00 [INFO] 
2026-07-21 17:06:00 [INFO]   🔴 [91m[1mI19JC065564I[0m
2026-07-21 17:06:00 [INFO]      consumiu MAIS que o habitual às 00h
2026-07-21 17:06:00 [INFO]      [2mReal:[0m 0.127 m3   [2mHabitual:[0m 0.031 ± 0.010 m3   [2mz:[0m +9.60   [2mdesvio:[0m +310%   [2m(2 obs. feriado)[0m
2026-07-21 17:06:00 [INFO] 
2026-07-21 17:06:00 [INFO]   🔴 [91m[1mI19MF927865[0m
2026-07-21 17:06:00 [INFO]      consumiu MAIS que o habitual às 08h
2026-07-21 17:06:00 [INFO]      [2mReal:[0m 5.060 m3   [2mHabitual:[0m 0.100 ± 0.517 m3   [2mz:[0m +9.58   [2mdesvio:[0m +4940%   [2m(28 obs. feriado)[0m
2026-07-21 17:06:00 [INFO] 
2026-07-21 17:06:00 [INFO]   🔴 [91m[1mI21JC029323F[0m
2026-07-21 17:06:00 [INFO]      consumiu MAIS que o habitual às 07h
2026-07-21 17:06:00 [INFO]      [2mReal:[0m 0.308 m3   [2mHabitual:[0m 0.094 ± 0.024 m3   [2mz:[0m +9.11   [2mdesvio:[0m +228%   [2m(3 obs. feriado)[0m
2026-07-21 17:06:00 [INFO] 
2026-07-21 17:06:00 [INFO]   🔴 [91m[1mD15XF072893[0m
2026-07-21 17:06:00 [INFO]      consumiu MAIS que o habitual às 14h
2026-07-21 17:06:00 [INFO]      [2mReal:[0m 0.090 m3   [2mHabitual:[0m 0.000 ± 0.010 m3   [2mz:[0m +9.00   [2mdesvio:[0m +9000%   [2m(3 obs. feriado)[0m
2026-07-21 17:06:00 [INFO] 
2026-07-21 17:06:00 [INFO]   🔴 [91m[1mI21JC037658W[0m
2026-07-21 17:06:00 [INFO]      consumiu MAIS que o habitual às 11h
2026-07-21 17:06:00 [INFO]      [2mReal:[0m 0.125 m3   [2mHabitual:[0m 0.019 ± 0.012 m3   [2mz:[0m +8.99   [2mdesvio:[0m +558%   [2m(3 obs. feriado)[0m
2026-07-21 17:06:00 [INFO] 
2026-07-21 17:06:00 [INFO]   🔴 [91m[1mI22JC094278P[0m
2026-07-21 17:06:00 [INFO]      consumiu MAIS que o habitual às 12h
2026-07-21 17:06:00 [INFO]      [2mReal:[0m 0.903 m3   [2mHabitual:[0m 0.258 ± 0.072 m3   [2mz:[0m +8.96   [2mdesvio:[0m +250%   [2m(3 obs. feriado)[0m
2026-07-21 17:06:00 [INFO] 
2026-07-21 17:06:00 [INFO]   🔴 [91m[1mI21JC037657V[0m
2026-07-21 17:06:00 [INFO]      consumiu MAIS que o habitual às 09h
2026-07-21 17:06:00 [INFO]      [2mReal:[0m 0.112 m3   [2mHabitual:[0m 0.026 ± 0.010 m3   [2mz:[0m +8.60   [2mdesvio:[0m +331%   [2m(3 obs. feriado)[0m
2026-07-21 17:06:00 [INFO] 
2026-07-21 17:06:00 [INFO]   🔴 [91m[1mI21JC043490F[0m
2026-07-21 17:06:00 [INFO]      consumiu MAIS que o habitual às 11h
2026-07-21 17:06:00 [INFO]      [2mReal:[0m 0.300 m3   [2mHabitual:[0m 0.076 ± 0.026 m3   [2mz:[0m +8.56   [2mdesvio:[0m +295%   [2m(3 obs. feriado)[0m
2026-07-21 17:06:00 [INFO] 
2026-07-21 17:06:00 [INFO]   🔴 [91m[1mI21JC037657V[0m
2026-07-21 17:06:00 [INFO]      consumiu MAIS que o habitual às 10h
2026-07-21 17:06:00 [INFO]      [2mReal:[0m 0.180 m3   [2mHabitual:[0m 0.039 ± 0.017 m3   [2mz:[0m +8.13   [2mdesvio:[0m +362%   [2m(3 obs. feriado)[0m
2026-07-21 17:06:00 [INFO] 
2026-07-21 17:06:00 [INFO]   🔴 [91m[1mI18JC067687[0m
2026-07-21 17:06:00 [INFO]      consumiu MAIS que o habitual às 12h
2026-07-21 17:06:00 [INFO]      [2mReal:[0m 0.081 m3   [2mHabitual:[0m 0.000 ± 0.010 m3   [2mz:[0m +8.10   [2mdesvio:[0m +8100%   [2m(2 obs. feriado)[0m
2026-07-21 17:06:00 [INFO] 
2026-07-21 17:06:00 [INFO]   🔴 [91m[1mC23FC001333P[0m
2026-07-21 17:06:00 [INFO]      consumiu MAIS que o habitual às 15h
2026-07-21 17:06:00 [INFO]      [2mReal:[0m 0.097 m3   [2mHabitual:[0m 0.018 ± 0.010 m3   [2mz:[0m +7.87   [2mdesvio:[0m +430%   [2m(3 obs. feriado)[0m
2026-07-21 17:06:00 [INFO] 
2026-07-21 17:06:00 [INFO]   🔴 [91m[1mD19BA343472[0m
2026-07-21 17:06:00 [INFO]      consumiu MAIS que o habitual às 18h
2026-07-21 17:06:00 [INFO]      [2mReal:[0m 0.079 m3   [2mHabitual:[0m 0.001 ± 0.010 m3   [2mz:[0m +7.83   [2mdesvio:[0m +7830%   [2m(3 obs. feriado)[0m
2026-07-21 17:06:00 [INFO] 
2026-07-21 17:06:00 [INFO]   🔴 [91m[1mI20JE067857[0m
2026-07-21 17:06:00 [INFO]      consumiu MAIS que o habitual às 00h
2026-07-21 17:06:00 [INFO]      [2mReal:[0m 0.182 m3   [2mHabitual:[0m 0.024 ± 0.020 m3   [2mz:[0m +7.80   [2mdesvio:[0m +649%   [2m(3 obs. feriado)[0m
2026-07-21 17:06:00 [INFO] 
2026-07-21 17:06:00 [INFO]   🔴 [91m[1mD19BA343504[0m
2026-07-21 17:06:00 [INFO]      consumiu MAIS que o habitual às 08h
2026-07-21 17:06:00 [INFO]      [2mReal:[0m 0.077 m3   [2mHabitual:[0m 0.000 ± 0.010 m3   [2mz:[0m +7.70   [2mdesvio:[0m +7700%   [2m(3 obs. feriado)[0m
2026-07-21 17:06:00 [INFO] 
2026-07-21 17:06:00 [INFO]   🔴 [91m[1mI23JC096060Q[0m
2026-07-21 17:06:00 [INFO]      consumiu MAIS que o habitual às 08h
2026-07-21 17:06:00 [INFO]      [2mReal:[0m 0.334 m3   [2mHabitual:[0m 0.074 ± 0.034 m3   [2mz:[0m +7.70   [2mdesvio:[0m +350%   [2m(3 obs. feriado)[0m
2026-07-21 17:06:00 [INFO] 
2026-07-21 17:06:00 [INFO]   🔴 [91m[1mC23FC001331N[0m
2026-07-21 17:06:00 [INFO]      consumiu MAIS que o habitual às 22h
2026-07-21 17:06:00 [INFO]      [2mReal:[0m 0.168 m3   [2mHabitual:[0m 0.058 ± 0.014 m3   [2mz:[0m +7.65   [2mdesvio:[0m +191%   [2m(3 obs. feriado)[0m
2026-07-21 17:06:00 [INFO] 
2026-07-21 17:06:00 [INFO]   🔴 [91m[1mI18JC067687[0m
2026-07-21 17:06:00 [INFO]      consumiu MAIS que o habitual às 10h
2026-07-21 17:06:00 [INFO]      [2mReal:[0m 0.071 m3   [2mHabitual:[0m 0.000 ± 0.010 m3   [2mz:[0m +7.10   [2mdesvio:[0m +7100%   [2m(2 obs. feriado)[0m
2026-07-21 17:06:00 [INFO] 
2026-07-21 17:06:00 [INFO]   🔴 [91m[1mD15XF072893[0m
2026-07-21 17:06:00 [INFO]      consumiu MAIS que o habitual às 23h
2026-07-21 17:06:00 [INFO]      [2mReal:[0m 0.070 m3   [2mHabitual:[0m 0.000 ± 0.010 m3   [2mz:[0m +7.00   [2mdesvio:[0m +7000%   [2m(3 obs. feriado)[0m
2026-07-21 17:06:00 [INFO] 
2026-07-21 17:06:00 [INFO]   🔴 [91m[1mC21FE004002H[0m
2026-07-21 17:06:00 [INFO]      consumiu MAIS que o habitual às 00h
2026-07-21 17:06:00 [INFO]      [2mReal:[0m 0.114 m3   [2mHabitual:[0m 0.038 ± 0.011 m3   [2mz:[0m +6.96   [2mdesvio:[0m +202%   [2m(3 obs. feriado)[0m
2026-07-21 17:06:00 [INFO] 
2026-07-21 17:06:00 [INFO]   🔴 [91m[1mD17BA019937[0m
2026-07-21 17:06:00 [INFO]      consumiu MAIS que o habitual às 11h
2026-07-21 17:06:00 [INFO]      [2mReal:[0m 0.067 m3   [2mHabitual:[0m 0.000 ± 0.010 m3   [2mz:[0m +6.70   [2mdesvio:[0m +6700%   [2m(2 obs. feriado)[0m
2026-07-21 17:06:00 [INFO] 
2026-07-21 17:06:00 [INFO]   🔴 [91m[1mC18SC002113[0m
2026-07-21 17:06:00 [INFO]      consumiu MAIS que o habitual às 13h
2026-07-21 17:06:00 [INFO]      [2mReal:[0m 3.215 m3   [2mHabitual:[0m 1.204 ± 0.301 m3   [2mz:[0m +6.68   [2mdesvio:[0m +167%   [2m(2 obs. feriado)[0m
2026-07-21 17:06:00 [INFO] 
2026-07-21 17:06:00 [INFO]   🔴 [91m[1mD08AC395031B[0m
2026-07-21 17:06:00 [INFO]      consumiu MAIS que o habitual às 18h
2026-07-21 17:06:00 [INFO]      [2mReal:[0m 0.088 m3   [2mHabitual:[0m 0.022 ± 0.010 m3   [2mz:[0m +6.57   [2mdesvio:[0m +295%   [2m(3 obs. feriado)[0m
2026-07-21 17:06:00 [INFO] 
2026-07-21 17:06:00 [INFO]   🔴 [91m[1mI21JC029129F[0m
2026-07-21 17:06:00 [INFO]      consumiu MAIS que o habitual às 15h
2026-07-21 17:06:00 [INFO]      [2mReal:[0m 0.258 m3   [2mHabitual:[0m 0.098 ± 0.024 m3   [2mz:[0m +6.57   [2mdesvio:[0m +164%   [2m(3 obs. feriado)[0m
2026-07-21 17:06:00 [INFO] 
2026-07-21 17:06:00 [INFO]   🔴 [91m[1mI21JC029093K[0m
2026-07-21 17:06:00 [INFO]      consumiu MAIS que o habitual às 20h
2026-07-21 17:06:00 [INFO]      [2mReal:[0m 0.066 m3   [2mHabitual:[0m 0.002 ± 0.010 m3   [2mz:[0m +6.37   [2mdesvio:[0m +2770%   [2m(3 obs. feriado)[0m
2026-07-21 17:06:00 [INFO] 
2026-07-21 17:06:00 [INFO]   🔴 [91m[1mD19BA343474[0m
2026-07-21 17:06:00 [INFO]      consumiu MAIS que o habitual às 17h
2026-07-21 17:06:00 [INFO]      [2mReal:[0m 0.108 m3   [2mHabitual:[0m 0.009 ± 0.016 m3   [2mz:[0m +6.35   [2mdesvio:[0m +1100%   [2m(3 obs. feriado)[0m
2026-07-21 17:06:00 [INFO] 
2026-07-21 17:06:00 [INFO]   🔴 [91m[1mI22JC094286P[0m
2026-07-21 17:06:00 [INFO]      consumiu MAIS que o habitual às 08h
2026-07-21 17:06:00 [INFO]      [2mReal:[0m 0.394 m3   [2mHabitual:[0m 0.137 ± 0.041 m3   [2mz:[0m +6.31   [2mdesvio:[0m +188%   [2m(3 obs. feriado)[0m
2026-07-21 17:06:00 [INFO] 
2026-07-21 17:06:00 [INFO]   🔴 [91m[1mI21JC029361L[0m
2026-07-21 17:06:00 [INFO]      consumiu MAIS que o habitual às 18h
2026-07-21 17:06:00 [INFO]      [2mReal:[0m 0.101 m3   [2mHabitual:[0m 0.040 ± 0.010 m3   [2mz:[0m +6.10   [2mdesvio:[0m +152%   [2m(2 obs. feriado)[0m
2026-07-21 17:06:00 [INFO] 
2026-07-21 17:06:00 [INFO]   🔴 [91m[1mD15XF072893[0m
2026-07-21 17:06:00 [INFO]      consumiu MAIS que o habitual às 11h
2026-07-21 17:06:00 [INFO]      [2mReal:[0m 0.060 m3   [2mHabitual:[0m 0.000 ± 0.010 m3   [2mz:[0m +6.00   [2mdesvio:[0m +6000%   [2m(2 obs. feriado)[0m
2026-07-21 17:06:00 [INFO] 
2026-07-21 17:06:00 [INFO]   🔴 [91m[1mI19JC065564I[0m
2026-07-21 17:06:00 [INFO]      consumiu MAIS que o habitual às 20h
2026-07-21 17:06:00 [INFO]      [2mReal:[0m 0.297 m3   [2mHabitual:[0m 0.096 ± 0.034 m3   [2mz:[0m +5.98   [2mdesvio:[0m +208%   [2m(3 obs. feriado)[0m
2026-07-21 17:06:00 [INFO] 
2026-07-21 17:06:00 [INFO]   🔴 [91m[1mI19JC020003[0m
2026-07-21 17:06:00 [INFO]      consumiu MAIS que o habitual às 19h
2026-07-21 17:06:00 [INFO]      [2mReal:[0m 0.218 m3   [2mHabitual:[0m 0.088 ± 0.022 m3   [2mz:[0m +5.91   [2mdesvio:[0m +148%   [2m(3 obs. feriado)[0m
2026-07-21 17:06:00 [INFO] 
2026-07-21 17:06:00 [INFO]   🔴 [91m[1mI23JE044621[0m
2026-07-21 17:06:00 [INFO]      consumiu MAIS que o habitual às 14h
2026-07-21 17:06:00 [INFO]      [2mReal:[0m 0.360 m3   [2mHabitual:[0m 0.062 ± 0.051 m3   [2mz:[0m +5.91   [2mdesvio:[0m +483%   [2m(3 obs. feriado)[0m
2026-07-21 17:06:00 [INFO] 
2026-07-21 17:06:00 [INFO]   🔴 [91m[1mC22FC002165M[0m
2026-07-21 17:06:00 [INFO]      consumiu MAIS que o habitual às 01h
2026-07-21 17:06:00 [INFO]      [2mReal:[0m 0.064 m3   [2mHabitual:[0m 0.005 ± 0.010 m3   [2mz:[0m +5.90   [2mdesvio:[0m +1180%   [2m(3 obs. feriado)[0m
2026-07-21 17:06:00 [INFO] 
2026-07-21 17:06:00 [INFO]   🔴 [91m[1mI22JC094285O[0m
2026-07-21 17:06:00 [INFO]      consumiu MAIS que o habitual às 09h
2026-07-21 17:06:00 [INFO]      [2mReal:[0m 0.692 m3   [2mHabitual:[0m 0.103 ± 0.100 m3   [2mz:[0m +5.87   [2mdesvio:[0m +572%   [2m(2 obs. feriado)[0m
2026-07-21 17:06:00 [INFO] 
2026-07-21 17:06:00 [INFO]   🔴 [91m[1mC18SC002011N[0m
2026-07-21 17:06:00 [INFO]      consumiu MAIS que o habitual às 14h
2026-07-21 17:06:00 [INFO]      [2mReal:[0m 0.073 m3   [2mHabitual:[0m 0.015 ± 0.010 m3   [2mz:[0m +5.80   [2mdesvio:[0m +387%   [2m(3 obs. feriado)[0m
2026-07-21 17:06:00 [INFO] 
2026-07-21 17:06:00 [INFO]   🔴 [91m[1mI21JC029129F[0m
2026-07-21 17:06:00 [INFO]      consumiu MAIS que o habitual às 06h
2026-07-21 17:06:00 [INFO]      [2mReal:[0m 0.065 m3   [2mHabitual:[0m 0.009 ± 0.010 m3   [2mz:[0m +5.63   [2mdesvio:[0m +647%   [2m(3 obs. feriado)[0m
2026-07-21 17:06:00 [INFO] 
2026-07-21 17:06:00 [INFO]   🔴 [91m[1mC23FC001333P[0m
2026-07-21 17:06:00 [INFO]      consumiu MAIS que o habitual às 20h
2026-07-21 17:06:00 [INFO]      [2mReal:[0m 0.186 m3   [2mHabitual:[0m 0.064 ± 0.022 m3   [2mz:[0m +5.59   [2mdesvio:[0m +193%   [2m(2 obs. feriado)[0m
2026-07-21 17:06:00 [INFO] 
2026-07-21 17:06:00 [INFO]   🔴 [91m[1mC21FE004002H[0m
2026-07-21 17:06:00 [INFO]      consumiu MAIS que o habitual às 15h
2026-07-21 17:06:00 [INFO]      [2mReal:[0m 0.121 m3   [2mHabitual:[0m 0.051 ± 0.013 m3   [2mz:[0m +5.43   [2mdesvio:[0m +136%   [2m(3 obs. feriado)[0m
2026-07-21 17:06:00 [INFO] 
2026-07-21 17:06:00 [INFO]   🔴 [91m[1mC23FC001333P[0m
2026-07-21 17:06:00 [INFO]      consumiu MAIS que o habitual às 00h
2026-07-21 17:06:00 [INFO]      [2mReal:[0m 0.061 m3   [2mHabitual:[0m 0.007 ± 0.010 m3   [2mz:[0m +5.40   [2mdesvio:[0m +771%   [2m(2 obs. feriado)[0m
2026-07-21 17:06:00 [INFO] 
2026-07-21 17:06:00 [INFO]   🔴 [91m[1mD16BX009425[0m
2026-07-21 17:06:00 [INFO]      consumiu MAIS que o habitual às 22h
2026-07-21 17:06:00 [INFO]      [2mReal:[0m 0.116 m3   [2mHabitual:[0m 0.013 ± 0.019 m3   [2mz:[0m +5.37   [2mdesvio:[0m +759%   [2m(2 obs. feriado)[0m
2026-07-21 17:06:00 [INFO] 
2026-07-21 17:06:00 [INFO]   🔴 [91m[1mC18SC005963M[0m
2026-07-21 17:06:00 [INFO]      consumiu MAIS que o habitual às 14h
2026-07-21 17:06:00 [INFO]      [2mReal:[0m 1.618 m3   [2mHabitual:[0m 0.558 ± 0.199 m3   [2mz:[0m +5.33   [2mdesvio:[0m +190%   [2m(2 obs. feriado)[0m
2026-07-21 17:06:00 [INFO] 
2026-07-21 17:06:00 [INFO]   🔴 [91m[1mI22JC094273K[0m
2026-07-21 17:06:00 [INFO]      consumiu MAIS que o habitual às 22h
2026-07-21 17:06:00 [INFO]      [2mReal:[0m 0.506 m3   [2mHabitual:[0m 0.217 ± 0.054 m3   [2mz:[0m +5.33   [2mdesvio:[0m +133%   [2m(2 obs. feriado)[0m
2026-07-21 17:06:00 [INFO] 
2026-07-21 17:06:00 [INFO]   🔴 [91m[1mI21JC043488L[0m
2026-07-21 17:06:00 [INFO]      consumiu MAIS que o habitual às 23h
2026-07-21 17:06:00 [INFO]      [2mReal:[0m 0.157 m3   [2mHabitual:[0m 0.039 ± 0.022 m3   [2mz:[0m +5.24   [2mdesvio:[0m +303%   [2m(3 obs. feriado)[0m
2026-07-21 17:06:00 [INFO] 
2026-07-21 17:06:00 [INFO]   🔴 [91m[1mI21JC043489M[0m
2026-07-21 17:06:00 [INFO]      consumiu MAIS que o habitual às 07h
2026-07-21 17:06:00 [INFO]      [2mReal:[0m 0.075 m3   [2mHabitual:[0m 0.023 ± 0.010 m3   [2mz:[0m +5.17   [2mdesvio:[0m +222%   [2m(3 obs. feriado)[0m
2026-07-21 17:06:00 [INFO] 
2026-07-21 17:06:00 [INFO]   🔴 [91m[1mI23JC096061R[0m
2026-07-21 17:06:00 [INFO]      consumiu MAIS que o habitual às 22h
2026-07-21 17:06:00 [INFO]      [2mReal:[0m 0.085 m3   [2mHabitual:[0m 0.034 ± 0.010 m3   [2mz:[0m +5.13   [2mdesvio:[0m +152%   [2m(3 obs. feriado)[0m
2026-07-21 17:06:00 [INFO] 
2026-07-21 17:06:00 [INFO]   🔴 [91m[1mC18SC005955[0m
2026-07-21 17:06:00 [INFO]      consumiu MAIS que o habitual às 18h
2026-07-21 17:06:00 [INFO]      [2mReal:[0m 0.051 m3   [2mHabitual:[0m 0.000 ± 0.010 m3   [2mz:[0m +5.10   [2mdesvio:[0m +5100%   [2m(3 obs. feriado)[0m
2026-07-21 17:06:00 [INFO] 
2026-07-21 17:06:00 [INFO]   🔴 [91m[1mD12XF094973V[0m
2026-07-21 17:06:00 [INFO]      consumiu MAIS que o habitual às 04h
2026-07-21 17:06:00 [INFO]      [2mReal:[0m 0.050 m3   [2mHabitual:[0m 0.000 ± 0.010 m3   [2mz:[0m +5.00   [2mdesvio:[0m +5000%   [2m(3 obs. feriado)[0m
2026-07-21 17:06:00 [INFO] 
2026-07-21 17:06:00 [INFO]   🔴 [91m[1mD15XF072893[0m
2026-07-21 17:06:00 [INFO]      consumiu MAIS que o habitual às 13h
2026-07-21 17:06:00 [INFO]      [2mReal:[0m 0.050 m3   [2mHabitual:[0m 0.000 ± 0.010 m3   [2mz:[0m +5.00   [2mdesvio:[0m +5000%   [2m(3 obs. feriado)[0m
2026-07-21 17:06:00 [INFO] 
2026-07-21 17:06:00 [INFO]   🔴 [91m[1mC18SC005955[0m
2026-07-21 17:06:00 [INFO]      consumiu MAIS que o habitual às 19h
2026-07-21 17:06:00 [INFO]      [2mReal:[0m 0.049 m3   [2mHabitual:[0m 0.000 ± 0.010 m3   [2mz:[0m +4.90   [2mdesvio:[0m +4900%   [2m(3 obs. feriado)[0m
2026-07-21 17:06:00 [INFO] 
2026-07-21 17:06:00 [INFO]   🔴 [91m[1mC18SC005955[0m
2026-07-21 17:06:00 [INFO]      consumiu MAIS que o habitual às 20h
2026-07-21 17:06:00 [INFO]      [2mReal:[0m 0.049 m3   [2mHabitual:[0m 0.000 ± 0.010 m3   [2mz:[0m +4.90   [2mdesvio:[0m +4900%   [2m(3 obs. feriado)[0m
2026-07-21 17:06:00 [INFO] 
2026-07-21 17:06:00 [INFO]   🔴 [91m[1mC18SC005955[0m
2026-07-21 17:06:00 [INFO]      consumiu MAIS que o habitual às 21h
2026-07-21 17:06:00 [INFO]      [2mReal:[0m 0.049 m3   [2mHabitual:[0m 0.000 ± 0.010 m3   [2mz:[0m +4.90   [2mdesvio:[0m +4900%   [2m(3 obs. feriado)[0m
2026-07-21 17:06:00 [INFO] 
2026-07-21 17:06:00 [INFO]   🔴 [91m[1mC18SC005955[0m
2026-07-21 17:06:00 [INFO]      consumiu MAIS que o habitual às 22h
2026-07-21 17:06:00 [INFO]      [2mReal:[0m 0.049 m3   [2mHabitual:[0m 0.000 ± 0.010 m3   [2mz:[0m +4.90   [2mdesvio:[0m +4900%   [2m(3 obs. feriado)[0m
2026-07-21 17:06:00 [INFO] 
2026-07-21 17:06:00 [INFO]   🔴 [91m[1mI21JC037657V[0m
2026-07-21 17:06:00 [INFO]      consumiu MAIS que o habitual às 00h
2026-07-21 17:06:00 [INFO]      [2mReal:[0m 0.051 m3   [2mHabitual:[0m 0.002 ± 0.010 m3   [2mz:[0m +4.90   [2mdesvio:[0m +2450%   [2m(2 obs. feriado)[0m
2026-07-21 17:06:00 [INFO] 
2026-07-21 17:06:00 [INFO]   🔴 [91m[1mI19JC020003[0m
2026-07-21 17:06:00 [INFO]      consumiu MAIS que o habitual às 14h
2026-07-21 17:06:00 [INFO]      [2mReal:[0m 0.260 m3   [2mHabitual:[0m 0.081 ± 0.037 m3   [2mz:[0m +4.82   [2mdesvio:[0m +221%   [2m(3 obs. feriado)[0m
2026-07-21 17:06:00 [INFO] 
2026-07-21 17:06:00 [INFO]   🔴 [91m[1mC18SC005955[0m
2026-07-21 17:06:00 [INFO]      consumiu MAIS que o habitual às 23h
2026-07-21 17:06:00 [INFO]      [2mReal:[0m 0.048 m3   [2mHabitual:[0m 0.000 ± 0.010 m3   [2mz:[0m +4.80   [2mdesvio:[0m +4800%   [2m(3 obs. feriado)[0m
2026-07-21 17:06:00 [INFO] 
2026-07-21 17:06:00 [INFO]   🔴 [91m[1mD19BA343504[0m
2026-07-21 17:06:00 [INFO]      consumiu MAIS que o habitual às 11h
2026-07-21 17:06:00 [INFO]      [2mReal:[0m 0.052 m3   [2mHabitual:[0m 0.004 ± 0.010 m3   [2mz:[0m +4.80   [2mdesvio:[0m +1200%   [2m(3 obs. feriado)[0m
2026-07-21 17:06:00 [INFO] 
2026-07-21 17:06:00 [INFO]   🔴 [91m[1mI22JC094285O[0m
2026-07-21 17:06:00 [INFO]      consumiu MAIS que o habitual às 10h
2026-07-21 17:06:00 [INFO]      [2mReal:[0m 0.123 m3   [2mHabitual:[0m 0.057 ± 0.014 m3   [2mz:[0m +4.71   [2mdesvio:[0m +118%   [2m(2 obs. feriado)[0m
2026-07-21 17:06:00 [INFO] 
2026-07-21 17:06:00 [INFO]   🔴 [91m[1mI17JE060870R[0m
2026-07-21 17:06:00 [INFO]      consumiu MAIS que o habitual às 17h
2026-07-21 17:06:00 [INFO]      [2mReal:[0m 0.047 m3   [2mHabitual:[0m 0.000 ± 0.010 m3   [2mz:[0m +4.70   [2mdesvio:[0m +4700%   [2m(3 obs. feriado)[0m
2026-07-21 17:06:00 [INFO] 
2026-07-21 17:06:00 [INFO]   🔴 [91m[1mI21LA186317[0m
2026-07-21 17:06:00 [INFO]      consumiu MAIS que o habitual às 10h
2026-07-21 17:06:00 [INFO]      [2mReal:[0m 0.059 m3   [2mHabitual:[0m 0.012 ± 0.010 m3   [2mz:[0m +4.70   [2mdesvio:[0m +392%   [2m(3 obs. feriado)[0m
2026-07-21 17:06:00 [INFO] 
2026-07-21 17:06:00 [INFO]   🔴 [91m[1mC21FE004002H[0m
2026-07-21 17:06:00 [INFO]      consumiu MAIS que o habitual às 02h
2026-07-21 17:06:00 [INFO]      [2mReal:[0m 0.050 m3   [2mHabitual:[0m 0.003 ± 0.010 m3   [2mz:[0m +4.67   [2mdesvio:[0m +1415%   [2m(3 obs. feriado)[0m
2026-07-21 17:06:00 [INFO] 
2026-07-21 17:06:00 [INFO]   🔴 [91m[1mD05AE129685[0m
2026-07-21 17:06:00 [INFO]      consumiu MAIS que o habitual às 17h
2026-07-21 17:06:00 [INFO]      [2mReal:[0m 0.051 m3   [2mHabitual:[0m 0.004 ± 0.010 m3   [2mz:[0m +4.65   [2mdesvio:[0m +1033%   [2m(2 obs. feriado)[0m
2026-07-21 17:06:00 [INFO] 
2026-07-21 17:06:00 [INFO]   🔴 [91m[1mI21JC029129F[0m
2026-07-21 17:06:00 [INFO]      consumiu MAIS que o habitual às 16h
2026-07-21 17:06:00 [INFO]      [2mReal:[0m 0.212 m3   [2mHabitual:[0m 0.063 ± 0.032 m3   [2mz:[0m +4.65   [2mdesvio:[0m +238%   [2m(3 obs. feriado)[0m
2026-07-21 17:06:00 [INFO] 
2026-07-21 17:06:00 [INFO]   🔴 [91m[1mI22JC094286P[0m
2026-07-21 17:06:00 [INFO]      consumiu MAIS que o habitual às 13h
2026-07-21 17:06:00 [INFO]      [2mReal:[0m 0.306 m3   [2mHabitual:[0m 0.142 ± 0.035 m3   [2mz:[0m +4.64   [2mdesvio:[0m +116%   [2m(3 obs. feriado)[0m
2026-07-21 17:06:00 [INFO] 
2026-07-21 17:06:00 [INFO]   🔴 [91m[1mC18SC005955[0m
2026-07-21 17:06:00 [INFO]      consumiu MAIS que o habitual às 05h
2026-07-21 17:06:00 [INFO]      [2mReal:[0m 0.046 m3   [2mHabitual:[0m 0.000 ± 0.010 m3   [2mz:[0m +4.60   [2mdesvio:[0m +4600%   [2m(3 obs. feriado)[0m
2026-07-21 17:06:00 [INFO] 
2026-07-21 17:06:00 [INFO]   🔴 [91m[1mC18SC005955[0m
2026-07-21 17:06:00 [INFO]      consumiu MAIS que o habitual às 06h
2026-07-21 17:06:00 [INFO]      [2mReal:[0m 0.046 m3   [2mHabitual:[0m 0.000 ± 0.010 m3   [2mz:[0m +4.60   [2mdesvio:[0m +4600%   [2m(3 obs. feriado)[0m
2026-07-21 17:06:00 [INFO] 
2026-07-21 17:06:00 [INFO]   🔴 [91m[1mC18SC005955[0m
2026-07-21 17:06:00 [INFO]      consumiu MAIS que o habitual às 07h
2026-07-21 17:06:00 [INFO]      [2mReal:[0m 0.046 m3   [2mHabitual:[0m 0.000 ± 0.010 m3   [2mz:[0m +4.60   [2mdesvio:[0m +4600%   [2m(3 obs. feriado)[0m
2026-07-21 17:06:00 [INFO] 
2026-07-21 17:06:00 [INFO]   🔴 [91m[1mC18SC005955[0m
2026-07-21 17:06:00 [INFO]      consumiu MAIS que o habitual às 08h
2026-07-21 17:06:00 [INFO]      [2mReal:[0m 0.046 m3   [2mHabitual:[0m 0.000 ± 0.010 m3   [2mz:[0m +4.60   [2mdesvio:[0m +4600%   [2m(3 obs. feriado)[0m
2026-07-21 17:06:00 [INFO] 
2026-07-21 17:06:00 [INFO]   🔴 [91m[1mC18SC005955[0m
2026-07-21 17:06:00 [INFO]      consumiu MAIS que o habitual às 09h
2026-07-21 17:06:00 [INFO]      [2mReal:[0m 0.046 m3   [2mHabitual:[0m 0.000 ± 0.010 m3   [2mz:[0m +4.60   [2mdesvio:[0m +4600%   [2m(3 obs. feriado)[0m
2026-07-21 17:06:00 [INFO] 
2026-07-21 17:06:00 [INFO]   🔴 [91m[1mI19JC065564I[0m
2026-07-21 17:06:00 [INFO]      consumiu MAIS que o habitual às 08h
2026-07-21 17:06:00 [INFO]      [2mReal:[0m 0.263 m3   [2mHabitual:[0m 0.122 ± 0.031 m3   [2mz:[0m +4.59   [2mdesvio:[0m +115%   [2m(2 obs. feriado)[0m
2026-07-21 17:06:00 [INFO] 
2026-07-21 17:06:00 [INFO]   🔴 [91m[1mI22JC094278P[0m
2026-07-21 17:06:00 [INFO]      consumiu MAIS que o habitual às 16h
2026-07-21 17:06:00 [INFO]      [2mReal:[0m 0.202 m3   [2mHabitual:[0m 0.075 ± 0.028 m3   [2mz:[0m +4.56   [2mdesvio:[0m +169%   [2m(3 obs. feriado)[0m
2026-07-21 17:06:00 [INFO] 
2026-07-21 17:06:00 [INFO] CSV guardado: C:\Users\anaca\OneDrive\Ambiente de Trabalho\Tese\ts-anomaly-detection-dissertation\results\agua\realtime\alerts\analise_agua_2026-05-01.csv
2026-07-21 17:06:00 [INFO] 
2026-07-21 17:06:00 [INFO] [1m======================================================================[0m
2026-07-21 17:06:00 [INFO] [1m  DETECAO DE ANOMALIAS AGUA - 2026-05-02[0m
2026-07-21 17:06:00 [INFO] [1m======================================================================[0m
2026-07-21 17:06:00 [INFO]   [2mTipo de dia:[0m        fim semana
2026-07-21 17:06:00 [INFO]   [2mFonte:[0m              BAZE
2026-07-21 17:06:00 [INFO]   [2mContadores c/ dados:[0m 357
2026-07-21 17:06:00 [INFO]   [2mPontos contador/hora:[0m 7867
2026-07-21 17:06:00 [INFO]   [2mThreshold:[0m          |z| > 4.0 [2m(adaptativo a este tipo de dia)[0m
2026-07-21 17:06:00 [INFO] 
2026-07-21 17:06:15 [INFO] [1m--- Resumo -------------------------------------[0m
2026-07-21 17:06:15 [INFO]   [92mNormal[0m                  7755 [2m( 98.6%)[0m
2026-07-21 17:06:15 [INFO]   [91mDesvio (alta confianca)[0m   91 [2m(  1.2%)[0m
2026-07-21 17:06:15 [INFO]   [93mDesvio (baixa confianca)[0m  21 [2m(  0.3%)[0m
2026-07-21 17:06:15 [INFO]   [2mTempo: 14.5s[0m
2026-07-21 17:06:15 [INFO] 
2026-07-21 17:06:15 [INFO] [1m--- Desvios de ALTA confianca (91) -------------------[0m
2026-07-21 17:06:15 [INFO] 
2026-07-21 17:06:15 [INFO]   🔴 [91m[1mC22FC002164L[0m
2026-07-21 17:06:15 [INFO]      consumiu MAIS que o habitual às 00h
2026-07-21 17:06:15 [INFO]      [2mReal:[0m 0.293 m3   [2mHabitual:[0m 0.015 ± 0.010 m3   [2mz:[0m +10.00 (cap)   [2mdesvio:[0m +1880%   [2m(6 obs. fim_semana)[0m
2026-07-21 17:06:15 [INFO] 
2026-07-21 17:06:15 [INFO]   🔴 [91m[1mC22FC002175O[0m
2026-07-21 17:06:15 [INFO]      consumiu MAIS que o habitual às 07h
2026-07-21 17:06:15 [INFO]      [2mReal:[0m 0.126 m3   [2mHabitual:[0m 0.026 ± 0.010 m3   [2mz:[0m +10.00 (cap)   [2mdesvio:[0m +388%   [2m(6 obs. fim_semana)[0m
2026-07-21 17:06:15 [INFO] 
2026-07-21 17:06:15 [INFO]   🔴 [91m[1mC22FC002177Q[0m
2026-07-21 17:06:15 [INFO]      consumiu MAIS que o habitual às 13h
2026-07-21 17:06:15 [INFO]      [2mReal:[0m 0.397 m3   [2mHabitual:[0m 0.000 ± 0.010 m3   [2mz:[0m +10.00 (cap)   [2mdesvio:[0m +39700%   [2m(6 obs. fim_semana)[0m
2026-07-21 17:06:15 [INFO] 
2026-07-21 17:06:15 [INFO]   🔴 [91m[1mC22FC002177Q[0m
2026-07-21 17:06:15 [INFO]      consumiu MAIS que o habitual às 14h
2026-07-21 17:06:15 [INFO]      [2mReal:[0m 0.130 m3   [2mHabitual:[0m 0.000 ± 0.010 m3   [2mz:[0m +10.00 (cap)   [2mdesvio:[0m +13000%   [2m(6 obs. fim_semana)[0m
2026-07-21 17:06:15 [INFO] 
2026-07-21 17:06:15 [INFO]   🔴 [91m[1mD06AE082862[0m
2026-07-21 17:06:15 [INFO]      consumiu MAIS que o habitual às 06h
2026-07-21 17:06:15 [INFO]      [2mReal:[0m 5.622 m3   [2mHabitual:[0m 0.206 ± 0.505 m3   [2mz:[0m +10.00 (cap)   [2mdesvio:[0m +2629%   [2m(6 obs. fim_semana)[0m
2026-07-21 17:06:15 [INFO] 
2026-07-21 17:06:15 [INFO]   🔴 [91m[1mD06AE082862[0m
2026-07-21 17:06:15 [INFO]      consumiu MAIS que o habitual às 08h
2026-07-21 17:06:15 [INFO]      [2mReal:[0m 0.581 m3   [2mHabitual:[0m 0.014 ± 0.035 m3   [2mz:[0m +10.00 (cap)   [2mdesvio:[0m +3963%   [2m(6 obs. fim_semana)[0m
2026-07-21 17:06:15 [INFO] 
2026-07-21 17:06:15 [INFO]   🔴 [91m[1mD16BA133407[0m
2026-07-21 17:06:15 [INFO]      consumiu MAIS que o habitual às 12h
2026-07-21 17:06:15 [INFO]      [2mReal:[0m 0.852 m3   [2mHabitual:[0m 0.045 ± 0.044 m3   [2mz:[0m +10.00 (cap)   [2mdesvio:[0m +1802%   [2m(6 obs. fim_semana)[0m
2026-07-21 17:06:15 [INFO] 
2026-07-21 17:06:15 [INFO]   🔴 [91m[1mD18BX003239[0m
2026-07-21 17:06:15 [INFO]      consumiu MAIS que o habitual às 00h
2026-07-21 17:06:15 [INFO]      [2mReal:[0m 0.225 m3   [2mHabitual:[0m 0.000 ± 0.010 m3   [2mz:[0m +10.00 (cap)   [2mdesvio:[0m +22500%   [2m(6 obs. fim_semana)[0m
2026-07-21 17:06:15 [INFO] 
2026-07-21 17:06:15 [INFO]   🔴 [91m[1mD18BX003239[0m
2026-07-21 17:06:15 [INFO]      consumiu MAIS que o habitual às 01h
2026-07-21 17:06:15 [INFO]      [2mReal:[0m 0.225 m3   [2mHabitual:[0m 0.000 ± 0.010 m3   [2mz:[0m +10.00 (cap)   [2mdesvio:[0m +22500%   [2m(6 obs. fim_semana)[0m
2026-07-21 17:06:15 [INFO] 
2026-07-21 17:06:15 [INFO]   🔴 [91m[1mD18BX003239[0m
2026-07-21 17:06:15 [INFO]      consumiu MAIS que o habitual às 02h
2026-07-21 17:06:15 [INFO]      [2mReal:[0m 0.217 m3   [2mHabitual:[0m 0.000 ± 0.010 m3   [2mz:[0m +10.00 (cap)   [2mdesvio:[0m +21700%   [2m(6 obs. fim_semana)[0m
2026-07-21 17:06:15 [INFO] 
2026-07-21 17:06:15 [INFO]   🔴 [91m[1mD18BX003239[0m
2026-07-21 17:06:15 [INFO]      consumiu MAIS que o habitual às 03h
2026-07-21 17:06:15 [INFO]      [2mReal:[0m 0.202 m3   [2mHabitual:[0m 0.000 ± 0.010 m3   [2mz:[0m +10.00 (cap)   [2mdesvio:[0m +20200%   [2m(6 obs. fim_semana)[0m
2026-07-21 17:06:15 [INFO] 
2026-07-21 17:06:15 [INFO]   🔴 [91m[1mD18BX003239[0m
2026-07-21 17:06:15 [INFO]      consumiu MAIS que o habitual às 04h
2026-07-21 17:06:15 [INFO]      [2mReal:[0m 0.117 m3   [2mHabitual:[0m 0.000 ± 0.010 m3   [2mz:[0m +10.00 (cap)   [2mdesvio:[0m +11700%   [2m(6 obs. fim_semana)[0m
2026-07-21 17:06:15 [INFO] 
2026-07-21 17:06:15 [INFO]   🔴 [91m[1mD18BX003239[0m
2026-07-21 17:06:15 [INFO]      consumiu MAIS que o habitual às 17h
2026-07-21 17:06:15 [INFO]      [2mReal:[0m 0.192 m3   [2mHabitual:[0m 0.000 ± 0.010 m3   [2mz:[0m +10.00 (cap)   [2mdesvio:[0m +19200%   [2m(6 obs. fim_semana)[0m
2026-07-21 17:06:15 [INFO] 
2026-07-21 17:06:15 [INFO]   🔴 [91m[1mD18BX003239[0m
2026-07-21 17:06:15 [INFO]      consumiu MAIS que o habitual às 18h
2026-07-21 17:06:15 [INFO]      [2mReal:[0m 0.204 m3   [2mHabitual:[0m 0.000 ± 0.010 m3   [2mz:[0m +10.00 (cap)   [2mdesvio:[0m +20400%   [2m(6 obs. fim_semana)[0m
2026-07-21 17:06:15 [INFO] 
2026-07-21 17:06:15 [INFO]   🔴 [91m[1mD18BX003239[0m
2026-07-21 17:06:15 [INFO]      consumiu MAIS que o habitual às 19h
2026-07-21 17:06:15 [INFO]      [2mReal:[0m 0.235 m3   [2mHabitual:[0m 0.000 ± 0.010 m3   [2mz:[0m +10.00 (cap)   [2mdesvio:[0m +23500%   [2m(6 obs. fim_semana)[0m
2026-07-21 17:06:15 [INFO] 
2026-07-21 17:06:15 [INFO]   🔴 [91m[1mD18BX003239[0m
2026-07-21 17:06:15 [INFO]      consumiu MAIS que o habitual às 20h
2026-07-21 17:06:15 [INFO]      [2mReal:[0m 0.222 m3   [2mHabitual:[0m 0.000 ± 0.010 m3   [2mz:[0m +10.00 (cap)   [2mdesvio:[0m +22200%   [2m(6 obs. fim_semana)[0m
2026-07-21 17:06:15 [INFO] 
2026-07-21 17:06:15 [INFO]   🔴 [91m[1mD18BX003239[0m
2026-07-21 17:06:15 [INFO]      consumiu MAIS que o habitual às 21h
2026-07-21 17:06:15 [INFO]      [2mReal:[0m 0.212 m3   [2mHabitual:[0m 0.000 ± 0.010 m3   [2mz:[0m +10.00 (cap)   [2mdesvio:[0m +21200%   [2m(6 obs. fim_semana)[0m
2026-07-21 17:06:15 [INFO] 
2026-07-21 17:06:15 [INFO]   🔴 [91m[1mD18BX003239[0m
2026-07-21 17:06:15 [INFO]      consumiu MAIS que o habitual às 22h
2026-07-21 17:06:15 [INFO]      [2mReal:[0m 0.214 m3   [2mHabitual:[0m 0.000 ± 0.010 m3   [2mz:[0m +10.00 (cap)   [2mdesvio:[0m +21400%   [2m(6 obs. fim_semana)[0m
2026-07-21 17:06:15 [INFO] 
2026-07-21 17:06:15 [INFO]   🔴 [91m[1mD18BX003239[0m
2026-07-21 17:06:15 [INFO]      consumiu MAIS que o habitual às 23h
2026-07-21 17:06:15 [INFO]      [2mReal:[0m 0.185 m3   [2mHabitual:[0m 0.000 ± 0.010 m3   [2mz:[0m +10.00 (cap)   [2mdesvio:[0m +18500%   [2m(6 obs. fim_semana)[0m
2026-07-21 17:06:15 [INFO] 
2026-07-21 17:06:15 [INFO]   🔴 [91m[1mI18JC067687[0m
2026-07-21 17:06:15 [INFO]      consumiu MAIS que o habitual às 02h
2026-07-21 17:06:15 [INFO]      [2mReal:[0m 0.643 m3   [2mHabitual:[0m 0.000 ± 0.010 m3   [2mz:[0m +10.00 (cap)   [2mdesvio:[0m +64300%   [2m(5 obs. fim_semana)[0m
2026-07-21 17:06:15 [INFO] 
2026-07-21 17:06:15 [INFO]   🔴 [91m[1mI18JC067687[0m
2026-07-21 17:06:15 [INFO]      consumiu MAIS que o habitual às 14h
2026-07-21 17:06:15 [INFO]      [2mReal:[0m 0.167 m3   [2mHabitual:[0m 0.000 ± 0.010 m3   [2mz:[0m +10.00 (cap)   [2mdesvio:[0m +16700%   [2m(5 obs. fim_semana)[0m
2026-07-21 17:06:15 [INFO] 
2026-07-21 17:06:15 [INFO]   🔴 [91m[1mI18JC067687[0m
2026-07-21 17:06:15 [INFO]      consumiu MAIS que o habitual às 17h
2026-07-21 17:06:15 [INFO]      [2mReal:[0m 0.212 m3   [2mHabitual:[0m 0.000 ± 0.010 m3   [2mz:[0m +10.00 (cap)   [2mdesvio:[0m +21200%   [2m(5 obs. fim_semana)[0m
2026-07-21 17:06:15 [INFO] 
2026-07-21 17:06:15 [INFO]   🔴 [91m[1mI19JC065474[0m
2026-07-21 17:06:15 [INFO]      consumiu MAIS que o habitual às 06h
2026-07-21 17:06:15 [INFO]      [2mReal:[0m 0.491 m3   [2mHabitual:[0m 0.074 ± 0.019 m3   [2mz:[0m +10.00 (cap)   [2mdesvio:[0m +561%   [2m(6 obs. fim_semana)[0m
2026-07-21 17:06:15 [INFO] 
2026-07-21 17:06:15 [INFO]   🔴 [91m[1mI19MF927865[0m
2026-07-21 17:06:15 [INFO]      consumiu MAIS que o habitual às 19h
2026-07-21 17:06:15 [INFO]      [2mReal:[0m 5.340 m3   [2mHabitual:[0m 0.000 ± 0.010 m3   [2mz:[0m +10.00 (cap)   [2mdesvio:[0m +534000%   [2m(6 obs. fim_semana)[0m
2026-07-21 17:06:15 [INFO] 
2026-07-21 17:06:15 [INFO]   🔴 [91m[1mI20JE067859[0m
2026-07-21 17:06:15 [INFO]      consumiu MAIS que o habitual às 19h
2026-07-21 17:06:15 [INFO]      [2mReal:[0m 4.463 m3   [2mHabitual:[0m 0.600 ± 0.150 m3   [2mz:[0m +10.00 (cap)   [2mdesvio:[0m +644%   [2m(6 obs. fim_semana)[0m
2026-07-21 17:06:15 [INFO] 
2026-07-21 17:06:15 [INFO]   🔴 [91m[1mI20JE067859[0m
2026-07-21 17:06:15 [INFO]      consumiu MAIS que o habitual às 20h
2026-07-21 17:06:15 [INFO]      [2mReal:[0m 5.347 m3   [2mHabitual:[0m 0.666 ± 0.166 m3   [2mz:[0m +10.00 (cap)   [2mdesvio:[0m +703%   [2m(6 obs. fim_semana)[0m
2026-07-21 17:06:15 [INFO] 
2026-07-21 17:06:15 [INFO]   🔴 [91m[1mI20JE067859[0m
2026-07-21 17:06:15 [INFO]      consumiu MAIS que o habitual às 21h
2026-07-21 17:06:15 [INFO]      [2mReal:[0m 4.469 m3   [2mHabitual:[0m 0.588 ± 0.147 m3   [2mz:[0m +10.00 (cap)   [2mdesvio:[0m +660%   [2m(6 obs. fim_semana)[0m
2026-07-21 17:06:15 [INFO] 
2026-07-21 17:06:15 [INFO]   🔴 [91m[1mI21JC029107Z[0m
2026-07-21 17:06:15 [INFO]      consumiu MAIS que o habitual às 06h
2026-07-21 17:06:15 [INFO]      [2mReal:[0m 5.676 m3   [2mHabitual:[0m 0.000 ± 0.010 m3   [2mz:[0m +10.00 (cap)   [2mdesvio:[0m +567600%   [2m(6 obs. fim_semana)[0m
2026-07-21 17:06:15 [INFO] 
2026-07-21 17:06:15 [INFO]   🔴 [91m[1mI21JC029107Z[0m
2026-07-21 17:06:15 [INFO]      consumiu MAIS que o habitual às 19h
2026-07-21 17:06:15 [INFO]      [2mReal:[0m 2.306 m3   [2mHabitual:[0m 0.000 ± 0.010 m3   [2mz:[0m +10.00 (cap)   [2mdesvio:[0m +230600%   [2m(5 obs. fim_semana)[0m
2026-07-21 17:06:15 [INFO] 
2026-07-21 17:06:15 [INFO]   🔴 [91m[1mI21JC029107Z[0m
2026-07-21 17:06:15 [INFO]      consumiu MAIS que o habitual às 20h
2026-07-21 17:06:15 [INFO]      [2mReal:[0m 4.421 m3   [2mHabitual:[0m 0.000 ± 0.010 m3   [2mz:[0m +10.00 (cap)   [2mdesvio:[0m +442100%   [2m(5 obs. fim_semana)[0m
2026-07-21 17:06:15 [INFO] 
2026-07-21 17:06:15 [INFO]   🔴 [91m[1mI21JC029136E[0m
2026-07-21 17:06:15 [INFO]      consumiu MAIS que o habitual às 19h
2026-07-21 17:06:15 [INFO]      [2mReal:[0m 0.390 m3   [2mHabitual:[0m 0.000 ± 0.010 m3   [2mz:[0m +10.00 (cap)   [2mdesvio:[0m +39000%   [2m(6 obs. fim_semana)[0m
2026-07-21 17:06:15 [INFO] 
2026-07-21 17:06:15 [INFO]   🔴 [91m[1mI21JC029136E[0m
2026-07-21 17:06:15 [INFO]      consumiu MAIS que o habitual às 20h
2026-07-21 17:06:15 [INFO]      [2mReal:[0m 0.336 m3   [2mHabitual:[0m 0.000 ± 0.010 m3   [2mz:[0m +10.00 (cap)   [2mdesvio:[0m +33600%   [2m(6 obs. fim_semana)[0m
2026-07-21 17:06:15 [INFO] 
2026-07-21 17:06:15 [INFO]   🔴 [91m[1mI21JC029153F[0m
2026-07-21 17:06:15 [INFO]      consumiu MAIS que o habitual às 06h
2026-07-21 17:06:15 [INFO]      [2mReal:[0m 0.648 m3   [2mHabitual:[0m 0.000 ± 0.010 m3   [2mz:[0m +10.00 (cap)   [2mdesvio:[0m +64800%   [2m(6 obs. fim_semana)[0m
2026-07-21 17:06:15 [INFO] 
2026-07-21 17:06:15 [INFO]   🔴 [91m[1mI21JC029153F[0m
2026-07-21 17:06:15 [INFO]      consumiu MAIS que o habitual às 08h
2026-07-21 17:06:15 [INFO]      [2mReal:[0m 0.370 m3   [2mHabitual:[0m 0.000 ± 0.010 m3   [2mz:[0m +10.00 (cap)   [2mdesvio:[0m +37000%   [2m(6 obs. fim_semana)[0m
2026-07-21 17:06:15 [INFO] 
2026-07-21 17:06:15 [INFO]   🔴 [91m[1mI21JC029153F[0m
2026-07-21 17:06:15 [INFO]      consumiu MAIS que o habitual às 22h
2026-07-21 17:06:15 [INFO]      [2mReal:[0m 1.874 m3   [2mHabitual:[0m 0.000 ± 0.010 m3   [2mz:[0m +10.00 (cap)   [2mdesvio:[0m +187400%   [2m(6 obs. fim_semana)[0m
2026-07-21 17:06:15 [INFO] 
2026-07-21 17:06:15 [INFO]   🔴 [91m[1mI21JC029153F[0m
2026-07-21 17:06:15 [INFO]      consumiu MAIS que o habitual às 23h
2026-07-21 17:06:15 [INFO]      [2mReal:[0m 1.216 m3   [2mHabitual:[0m 0.000 ± 0.010 m3   [2mz:[0m +10.00 (cap)   [2mdesvio:[0m +121600%   [2m(6 obs. fim_semana)[0m
2026-07-21 17:06:15 [INFO] 
2026-07-21 17:06:15 [INFO]   🔴 [91m[1mI21JC029165J[0m
2026-07-21 17:06:15 [INFO]      consumiu MAIS que o habitual às 06h
2026-07-21 17:06:15 [INFO]      [2mReal:[0m 1.099 m3   [2mHabitual:[0m 0.195 ± 0.067 m3   [2mz:[0m +10.00 (cap)   [2mdesvio:[0m +463%   [2m(6 obs. fim_semana)[0m
2026-07-21 17:06:15 [INFO] 
2026-07-21 17:06:15 [INFO]   🔴 [91m[1mI21JC043490F[0m
2026-07-21 17:06:15 [INFO]      consumiu MAIS que o habitual às 11h
2026-07-21 17:06:15 [INFO]      [2mReal:[0m 0.839 m3   [2mHabitual:[0m 0.127 ± 0.067 m3   [2mz:[0m +10.00 (cap)   [2mdesvio:[0m +561%   [2m(6 obs. fim_semana)[0m
2026-07-21 17:06:15 [INFO] 
2026-07-21 17:06:15 [INFO]   🔴 [91m[1mI21JC043496L[0m
2026-07-21 17:06:15 [INFO]      consumiu MAIS que o habitual às 13h
2026-07-21 17:06:15 [INFO]      [2mReal:[0m 6.225 m3   [2mHabitual:[0m 0.086 ± 0.081 m3   [2mz:[0m +10.00 (cap)   [2mdesvio:[0m +7155%   [2m(6 obs. fim_semana)[0m
2026-07-21 17:06:15 [INFO] 
2026-07-21 17:06:15 [INFO]   🔴 [91m[1mI22JC094280J[0m
2026-07-21 17:06:15 [INFO]      consumiu MAIS que o habitual às 22h
2026-07-21 17:06:15 [INFO]      [2mReal:[0m 0.601 m3   [2mHabitual:[0m 0.043 ± 0.021 m3   [2mz:[0m +10.00 (cap)   [2mdesvio:[0m +1307%   [2m(6 obs. fim_semana)[0m
2026-07-21 17:06:15 [INFO] 
2026-07-21 17:06:15 [INFO]   🔴 [91m[1mI23JC096063T[0m
2026-07-21 17:06:15 [INFO]      consumiu MAIS que o habitual às 05h
2026-07-21 17:06:15 [INFO]      [2mReal:[0m 0.218 m3   [2mHabitual:[0m 0.018 ± 0.010 m3   [2mz:[0m +10.00 (cap)   [2mdesvio:[0m +1111%   [2m(6 obs. fim_semana)[0m
2026-07-21 17:06:15 [INFO] 
2026-07-21 17:06:15 [INFO]   🔴 [91m[1mI18JC067687[0m
2026-07-21 17:06:15 [INFO]      consumiu MAIS que o habitual às 15h
2026-07-21 17:06:15 [INFO]      [2mReal:[0m 0.089 m3   [2mHabitual:[0m 0.000 ± 0.010 m3   [2mz:[0m +8.90   [2mdesvio:[0m +8900%   [2m(5 obs. fim_semana)[0m
2026-07-21 17:06:15 [INFO] 
2026-07-21 17:06:15 [INFO]   🔴 [91m[1mI23JC096060Q[0m
2026-07-21 17:06:15 [INFO]      consumiu MAIS que o habitual às 16h
2026-07-21 17:06:15 [INFO]      [2mReal:[0m 0.216 m3   [2mHabitual:[0m 0.044 ± 0.019 m3   [2mz:[0m +8.85   [2mdesvio:[0m +389%   [2m(6 obs. fim_semana)[0m
2026-07-21 17:06:15 [INFO] 
2026-07-21 17:06:15 [INFO]   🔴 [91m[1mC23FC001333P[0m
2026-07-21 17:06:15 [INFO]      consumiu MAIS que o habitual às 23h
2026-07-21 17:06:15 [INFO]      [2mReal:[0m 0.107 m3   [2mHabitual:[0m 0.028 ± 0.010 m3   [2mz:[0m +7.70   [2mdesvio:[0m +286%   [2m(6 obs. fim_semana)[0m
2026-07-21 17:06:15 [INFO] 
2026-07-21 17:06:15 [INFO]   🔴 [91m[1mD18BX003239[0m
2026-07-21 17:06:15 [INFO]      consumiu MAIS que o habitual às 16h
2026-07-21 17:06:15 [INFO]      [2mReal:[0m 0.072 m3   [2mHabitual:[0m 0.000 ± 0.010 m3   [2mz:[0m +7.20   [2mdesvio:[0m +7200%   [2m(6 obs. fim_semana)[0m
2026-07-21 17:06:15 [INFO] 
2026-07-21 17:06:15 [INFO]   🔴 [91m[1mI18JC067687[0m
2026-07-21 17:06:15 [INFO]      consumiu MAIS que o habitual às 16h
2026-07-21 17:06:15 [INFO]      [2mReal:[0m 0.071 m3   [2mHabitual:[0m 0.000 ± 0.010 m3   [2mz:[0m +7.10   [2mdesvio:[0m +7100%   [2m(5 obs. fim_semana)[0m
2026-07-21 17:06:15 [INFO] 
2026-07-21 17:06:15 [INFO]   🔴 [91m[1mI19JC065537[0m
2026-07-21 17:06:15 [INFO]      consumiu MAIS que o habitual às 11h
2026-07-21 17:06:15 [INFO]      [2mReal:[0m 0.413 m3   [2mHabitual:[0m 0.063 ± 0.053 m3   [2mz:[0m +6.56   [2mdesvio:[0m +556%   [2m(6 obs. fim_semana)[0m
2026-07-21 17:06:15 [INFO] 
2026-07-21 17:06:15 [INFO]   🔴 [91m[1mI23JC096061R[0m
2026-07-21 17:06:15 [INFO]      consumiu MAIS que o habitual às 14h
2026-07-21 17:06:15 [INFO]      [2mReal:[0m 0.257 m3   [2mHabitual:[0m 0.063 ± 0.031 m3   [2mz:[0m +6.24   [2mdesvio:[0m +310%   [2m(6 obs. fim_semana)[0m
2026-07-21 17:06:15 [INFO] 
2026-07-21 17:06:15 [INFO]   🔴 [91m[1mC22FC002175O[0m
2026-07-21 17:06:15 [INFO]      consumiu MAIS que o habitual às 10h
2026-07-21 17:06:15 [INFO]      [2mReal:[0m 0.094 m3   [2mHabitual:[0m 0.036 ± 0.010 m3   [2mz:[0m +5.63   [2mdesvio:[0m +161%   [2m(5 obs. fim_semana)[0m
2026-07-21 17:06:15 [INFO] 
2026-07-21 17:06:15 [INFO]   🔴 [91m[1mC23FC001333P[0m
2026-07-21 17:06:15 [INFO]      consumiu MAIS que o habitual às 10h
2026-07-21 17:06:15 [INFO]      [2mReal:[0m 0.408 m3   [2mHabitual:[0m 0.094 ± 0.057 m3   [2mz:[0m +5.52   [2mdesvio:[0m +335%   [2m(6 obs. fim_semana)[0m
2026-07-21 17:06:15 [INFO] 
2026-07-21 17:06:15 [INFO]   🔴 [91m[1mD08AC395031B[0m
2026-07-21 17:06:15 [INFO]      consumiu MAIS que o habitual às 20h
2026-07-21 17:06:15 [INFO]      [2mReal:[0m 0.077 m3   [2mHabitual:[0m 0.022 ± 0.010 m3   [2mz:[0m +5.52   [2mdesvio:[0m +253%   [2m(6 obs. fim_semana)[0m
2026-07-21 17:06:15 [INFO] 
2026-07-21 17:06:15 [INFO]   🔴 [91m[1mI19JC029856[0m
2026-07-21 17:06:15 [INFO]      consumiu MAIS que o habitual às 09h
2026-07-21 17:06:15 [INFO]      [2mReal:[0m 1.886 m3   [2mHabitual:[0m 0.220 ± 0.302 m3   [2mz:[0m +5.52   [2mdesvio:[0m +756%   [2m(5 obs. fim_semana)[0m
2026-07-21 17:06:15 [INFO] 
2026-07-21 17:06:15 [INFO]   🔴 [91m[1mI19JC029856[0m
2026-07-21 17:06:15 [INFO]      consumiu MAIS que o habitual às 10h
2026-07-21 17:06:15 [INFO]      [2mReal:[0m 1.825 m3   [2mHabitual:[0m 0.214 ± 0.293 m3   [2mz:[0m +5.49   [2mdesvio:[0m +752%   [2m(5 obs. fim_semana)[0m
2026-07-21 17:06:15 [INFO] 
2026-07-21 17:06:15 [INFO]   🔴 [91m[1mI19JC029856[0m
2026-07-21 17:06:15 [INFO]      consumiu MAIS que o habitual às 11h
2026-07-21 17:06:15 [INFO]      [2mReal:[0m 1.770 m3   [2mHabitual:[0m 0.212 ± 0.291 m3   [2mz:[0m +5.36   [2mdesvio:[0m +733%   [2m(5 obs. fim_semana)[0m
2026-07-21 17:06:15 [INFO] 
2026-07-21 17:06:15 [INFO]   🔴 [91m[1mI21JC043490F[0m
2026-07-21 17:06:15 [INFO]      consumiu MAIS que o habitual às 21h
2026-07-21 17:06:15 [INFO]      [2mReal:[0m 0.115 m3   [2mHabitual:[0m 0.041 ± 0.014 m3   [2mz:[0m +5.16   [2mdesvio:[0m +178%   [2m(6 obs. fim_semana)[0m
2026-07-21 17:06:15 [INFO] 
2026-07-21 17:06:15 [INFO]   🔴 [91m[1mI21JC029120W[0m
2026-07-21 17:06:15 [INFO]      consumiu MAIS que o habitual às 18h
2026-07-21 17:06:15 [INFO]      [2mReal:[0m 0.172 m3   [2mHabitual:[0m 0.033 ± 0.027 m3   [2mz:[0m +5.13   [2mdesvio:[0m +426%   [2m(6 obs. fim_semana)[0m
2026-07-21 17:06:15 [INFO] 
2026-07-21 17:06:15 [INFO]   🔴 [91m[1mH21OF834752B[0m
2026-07-21 17:06:15 [INFO]      consumiu MAIS que o habitual às 22h
2026-07-21 17:06:15 [INFO]      [2mReal:[0m 0.420 m3   [2mHabitual:[0m 0.185 ± 0.046 m3   [2mz:[0m +5.08   [2mdesvio:[0m +127%   [2m(6 obs. fim_semana)[0m
2026-07-21 17:06:15 [INFO] 
2026-07-21 17:06:15 [INFO]   🔴 [91m[1mD08AC395031B[0m
2026-07-21 17:06:15 [INFO]      consumiu MAIS que o habitual às 10h
2026-07-21 17:06:15 [INFO]      [2mReal:[0m 0.250 m3   [2mHabitual:[0m 0.056 ± 0.039 m3   [2mz:[0m +4.96   [2mdesvio:[0m +350%   [2m(6 obs. fim_semana)[0m
2026-07-21 17:06:15 [INFO] 
2026-07-21 17:06:15 [INFO]   🔴 [91m[1mI19MF927865[0m
2026-07-21 17:06:15 [INFO]      consumiu MAIS que o habitual às 20h
2026-07-21 17:06:15 [INFO]      [2mReal:[0m 0.050 m3   [2mHabitual:[0m 0.002 ± 0.010 m3   [2mz:[0m +4.83   [2mdesvio:[0m +2841%   [2m(6 obs. fim_semana)[0m
2026-07-21 17:06:15 [INFO] 
2026-07-21 17:06:15 [INFO]   🔴 [91m[1mC18SC005955[0m
2026-07-21 17:06:15 [INFO]      consumiu MAIS que o habitual às 00h
2026-07-21 17:06:15 [INFO]      [2mReal:[0m 0.048 m3   [2mHabitual:[0m 0.000 ± 0.010 m3   [2mz:[0m +4.80   [2mdesvio:[0m +4800%   [2m(6 obs. fim_semana)[0m
2026-07-21 17:06:15 [INFO] 
2026-07-21 17:06:15 [INFO]   🔴 [91m[1mC18SC005955[0m
2026-07-21 17:06:15 [INFO]      consumiu MAIS que o habitual às 01h
2026-07-21 17:06:15 [INFO]      [2mReal:[0m 0.048 m3   [2mHabitual:[0m 0.000 ± 0.010 m3   [2mz:[0m +4.80   [2mdesvio:[0m +4800%   [2m(6 obs. fim_semana)[0m
2026-07-21 17:06:15 [INFO] 
2026-07-21 17:06:15 [INFO]   🔴 [91m[1mC18SC005955[0m
2026-07-21 17:06:15 [INFO]      consumiu MAIS que o habitual às 05h
2026-07-21 17:06:15 [INFO]      [2mReal:[0m 0.048 m3   [2mHabitual:[0m 0.000 ± 0.010 m3   [2mz:[0m +4.80   [2mdesvio:[0m +4800%   [2m(6 obs. fim_semana)[0m
2026-07-21 17:06:15 [INFO] 
2026-07-21 17:06:15 [INFO]   🔴 [91m[1mC18SC005955[0m
2026-07-21 17:06:15 [INFO]      consumiu MAIS que o habitual às 06h
2026-07-21 17:06:15 [INFO]      [2mReal:[0m 0.048 m3   [2mHabitual:[0m 0.000 ± 0.010 m3   [2mz:[0m +4.80   [2mdesvio:[0m +4800%   [2m(6 obs. fim_semana)[0m
2026-07-21 17:06:15 [INFO] 
2026-07-21 17:06:15 [INFO]   🔴 [91m[1mC18SC005955[0m
2026-07-21 17:06:15 [INFO]      consumiu MAIS que o habitual às 18h
2026-07-21 17:06:15 [INFO]      [2mReal:[0m 0.048 m3   [2mHabitual:[0m 0.000 ± 0.010 m3   [2mz:[0m +4.80   [2mdesvio:[0m +4800%   [2m(6 obs. fim_semana)[0m
2026-07-21 17:06:15 [INFO] 
2026-07-21 17:06:15 [INFO]   🔴 [91m[1mI21JC037658W[0m
2026-07-21 17:06:15 [INFO]      consumiu MAIS que o habitual às 19h
2026-07-21 17:06:15 [INFO]      [2mReal:[0m 0.232 m3   [2mHabitual:[0m 0.079 ± 0.032 m3   [2mz:[0m +4.80   [2mdesvio:[0m +196%   [2m(6 obs. fim_semana)[0m
2026-07-21 17:06:15 [INFO] 
2026-07-21 17:06:15 [INFO]   🔴 [91m[1mC22FC002175O[0m
2026-07-21 17:06:15 [INFO]      consumiu MAIS que o habitual às 01h
2026-07-21 17:06:15 [INFO]      [2mReal:[0m 0.103 m3   [2mHabitual:[0m 0.012 ± 0.019 m3   [2mz:[0m +4.76   [2mdesvio:[0m +788%   [2m(5 obs. fim_semana)[0m
2026-07-21 17:06:15 [INFO] 
2026-07-21 17:06:15 [INFO]   🔴 [91m[1mC23FC001333P[0m
2026-07-21 17:06:15 [INFO]      consumiu MAIS que o habitual às 22h
2026-07-21 17:06:15 [INFO]      [2mReal:[0m 0.119 m3   [2mHabitual:[0m 0.043 ± 0.016 m3   [2mz:[0m +4.71   [2mdesvio:[0m +179%   [2m(6 obs. fim_semana)[0m
2026-07-21 17:06:15 [INFO] 
2026-07-21 17:06:15 [INFO]   🔴 [91m[1mC18SC005955[0m
2026-07-21 17:06:15 [INFO]      consumiu MAIS que o habitual às 02h
2026-07-21 17:06:15 [INFO]      [2mReal:[0m 0.047 m3   [2mHabitual:[0m 0.000 ± 0.010 m3   [2mz:[0m +4.70   [2mdesvio:[0m +4700%   [2m(6 obs. fim_semana)[0m
2026-07-21 17:06:15 [INFO] 
2026-07-21 17:06:15 [INFO]   🔴 [91m[1mC18SC005955[0m
2026-07-21 17:06:15 [INFO]      consumiu MAIS que o habitual às 07h
2026-07-21 17:06:15 [INFO]      [2mReal:[0m 0.047 m3   [2mHabitual:[0m 0.000 ± 0.010 m3   [2mz:[0m +4.70   [2mdesvio:[0m +4700%   [2m(6 obs. fim_semana)[0m
2026-07-21 17:06:15 [INFO] 
2026-07-21 17:06:15 [INFO]   🔴 [91m[1mC18SC005955[0m
2026-07-21 17:06:15 [INFO]      consumiu MAIS que o habitual às 08h
2026-07-21 17:06:15 [INFO]      [2mReal:[0m 0.047 m3   [2mHabitual:[0m 0.000 ± 0.010 m3   [2mz:[0m +4.70   [2mdesvio:[0m +4700%   [2m(6 obs. fim_semana)[0m
2026-07-21 17:06:15 [INFO] 
2026-07-21 17:06:15 [INFO]   🔴 [91m[1mC18SC005955[0m
2026-07-21 17:06:15 [INFO]      consumiu MAIS que o habitual às 10h
2026-07-21 17:06:15 [INFO]      [2mReal:[0m 0.047 m3   [2mHabitual:[0m 0.000 ± 0.010 m3   [2mz:[0m +4.70   [2mdesvio:[0m +4700%   [2m(6 obs. fim_semana)[0m
2026-07-21 17:06:15 [INFO] 
2026-07-21 17:06:15 [INFO]   🔴 [91m[1mC18SC005955[0m
2026-07-21 17:06:15 [INFO]      consumiu MAIS que o habitual às 11h
2026-07-21 17:06:15 [INFO]      [2mReal:[0m 0.047 m3   [2mHabitual:[0m 0.000 ± 0.010 m3   [2mz:[0m +4.70   [2mdesvio:[0m +4700%   [2m(6 obs. fim_semana)[0m
2026-07-21 17:06:15 [INFO] 
2026-07-21 17:06:15 [INFO]   🔴 [91m[1mC18SC005955[0m
2026-07-21 17:06:15 [INFO]      consumiu MAIS que o habitual às 13h
2026-07-21 17:06:15 [INFO]      [2mReal:[0m 0.047 m3   [2mHabitual:[0m 0.000 ± 0.010 m3   [2mz:[0m +4.70   [2mdesvio:[0m +4700%   [2m(6 obs. fim_semana)[0m
2026-07-21 17:06:15 [INFO] 
2026-07-21 17:06:15 [INFO]   🔴 [91m[1mC18SC005955[0m
2026-07-21 17:06:15 [INFO]      consumiu MAIS que o habitual às 15h
2026-07-21 17:06:15 [INFO]      [2mReal:[0m 0.047 m3   [2mHabitual:[0m 0.000 ± 0.010 m3   [2mz:[0m +4.70   [2mdesvio:[0m +4700%   [2m(6 obs. fim_semana)[0m
2026-07-21 17:06:15 [INFO] 
2026-07-21 17:06:15 [INFO]   🔴 [91m[1mC18SC005955[0m
2026-07-21 17:06:15 [INFO]      consumiu MAIS que o habitual às 19h
2026-07-21 17:06:15 [INFO]      [2mReal:[0m 0.047 m3   [2mHabitual:[0m 0.000 ± 0.010 m3   [2mz:[0m +4.70   [2mdesvio:[0m +4700%   [2m(6 obs. fim_semana)[0m
2026-07-21 17:06:15 [INFO] 
2026-07-21 17:06:15 [INFO]   🔴 [91m[1mI19JC065537[0m
2026-07-21 17:06:15 [INFO]      consumiu MAIS que o habitual às 18h
2026-07-21 17:06:15 [INFO]      [2mReal:[0m 0.250 m3   [2mHabitual:[0m 0.040 ± 0.045 m3   [2mz:[0m +4.70   [2mdesvio:[0m +522%   [2m(6 obs. fim_semana)[0m
2026-07-21 17:06:15 [INFO] 
2026-07-21 17:06:15 [INFO]   🔴 [91m[1mC18SC005955[0m
2026-07-21 17:06:15 [INFO]      consumiu MAIS que o habitual às 09h
2026-07-21 17:06:15 [INFO]      [2mReal:[0m 0.046 m3   [2mHabitual:[0m 0.000 ± 0.010 m3   [2mz:[0m +4.60   [2mdesvio:[0m +4600%   [2m(6 obs. fim_semana)[0m
2026-07-21 17:06:15 [INFO] 
2026-07-21 17:06:15 [INFO]   🔴 [91m[1mC18SC005955[0m
2026-07-21 17:06:15 [INFO]      consumiu MAIS que o habitual às 14h
2026-07-21 17:06:15 [INFO]      [2mReal:[0m 0.046 m3   [2mHabitual:[0m 0.000 ± 0.010 m3   [2mz:[0m +4.60   [2mdesvio:[0m +4600%   [2m(6 obs. fim_semana)[0m
2026-07-21 17:06:15 [INFO] 
2026-07-21 17:06:15 [INFO]   🔴 [91m[1mC18SC005955[0m
2026-07-21 17:06:15 [INFO]      consumiu MAIS que o habitual às 16h
2026-07-21 17:06:15 [INFO]      [2mReal:[0m 0.046 m3   [2mHabitual:[0m 0.000 ± 0.010 m3   [2mz:[0m +4.60   [2mdesvio:[0m +4600%   [2m(6 obs. fim_semana)[0m
2026-07-21 17:06:15 [INFO] 
2026-07-21 17:06:15 [INFO]   🔴 [91m[1mC18SC005955[0m
2026-07-21 17:06:15 [INFO]      consumiu MAIS que o habitual às 20h
2026-07-21 17:06:15 [INFO]      [2mReal:[0m 0.046 m3   [2mHabitual:[0m 0.000 ± 0.010 m3   [2mz:[0m +4.60   [2mdesvio:[0m +4600%   [2m(6 obs. fim_semana)[0m
2026-07-21 17:06:15 [INFO] 
2026-07-21 17:06:15 [INFO]   🔴 [91m[1mC18SC005955[0m
2026-07-21 17:06:15 [INFO]      consumiu MAIS que o habitual às 21h
2026-07-21 17:06:15 [INFO]      [2mReal:[0m 0.046 m3   [2mHabitual:[0m 0.000 ± 0.010 m3   [2mz:[0m +4.60   [2mdesvio:[0m +4600%   [2m(6 obs. fim_semana)[0m
2026-07-21 17:06:15 [INFO] 
2026-07-21 17:06:15 [INFO]   🔴 [91m[1mI21JC029093K[0m
2026-07-21 17:06:15 [INFO]      consumiu MAIS que o habitual às 22h
2026-07-21 17:06:15 [INFO]      [2mReal:[0m 0.047 m3   [2mHabitual:[0m 0.002 ± 0.010 m3   [2mz:[0m +4.55   [2mdesvio:[0m +3033%   [2m(6 obs. fim_semana)[0m
2026-07-21 17:06:15 [INFO] 
2026-07-21 17:06:15 [INFO]   🔴 [91m[1mI21JC043496L[0m
2026-07-21 17:06:15 [INFO]      consumiu MAIS que o habitual às 12h
2026-07-21 17:06:15 [INFO]      [2mReal:[0m 6.236 m3   [2mHabitual:[0m 0.880 ± 1.179 m3   [2mz:[0m +4.54   [2mdesvio:[0m +609%   [2m(6 obs. fim_semana)[0m
2026-07-21 17:06:15 [INFO] 
2026-07-21 17:06:15 [INFO]   🔴 [91m[1mC18SC005955[0m
2026-07-21 17:06:15 [INFO]      consumiu MAIS que o habitual às 12h
2026-07-21 17:06:15 [INFO]      [2mReal:[0m 0.045 m3   [2mHabitual:[0m 0.000 ± 0.010 m3   [2mz:[0m +4.50   [2mdesvio:[0m +4500%   [2m(6 obs. fim_semana)[0m
2026-07-21 17:06:15 [INFO] 
2026-07-21 17:06:15 [INFO]   🔴 [91m[1mC18SC005955[0m
2026-07-21 17:06:15 [INFO]      consumiu MAIS que o habitual às 22h
2026-07-21 17:06:15 [INFO]      [2mReal:[0m 0.045 m3   [2mHabitual:[0m 0.000 ± 0.010 m3   [2mz:[0m +4.50   [2mdesvio:[0m +4500%   [2m(6 obs. fim_semana)[0m
2026-07-21 17:06:15 [INFO] 
2026-07-21 17:06:15 [INFO]   🔴 [91m[1mC18SC005955[0m
2026-07-21 17:06:15 [INFO]      consumiu MAIS que o habitual às 23h
2026-07-21 17:06:15 [INFO]      [2mReal:[0m 0.045 m3   [2mHabitual:[0m 0.000 ± 0.010 m3   [2mz:[0m +4.50   [2mdesvio:[0m +4500%   [2m(6 obs. fim_semana)[0m
2026-07-21 17:06:15 [INFO] 
2026-07-21 17:06:15 [INFO]   🔴 [91m[1mH19VA232210[0m
2026-07-21 17:06:15 [INFO]      consumiu MAIS que o habitual às 13h
2026-07-21 17:06:15 [INFO]      [2mReal:[0m 0.079 m3   [2mHabitual:[0m 0.018 ± 0.014 m3   [2mz:[0m +4.47   [2mdesvio:[0m +346%   [2m(6 obs. fim_semana)[0m
2026-07-21 17:06:15 [INFO] 
2026-07-21 17:06:15 [INFO]   🔴 [91m[1mD15XF072893[0m
2026-07-21 17:06:15 [INFO]      consumiu MAIS que o habitual às 14h
2026-07-21 17:06:15 [INFO]      [2mReal:[0m 0.280 m3   [2mHabitual:[0m 0.037 ± 0.058 m3   [2mz:[0m +4.18   [2mdesvio:[0m +663%   [2m(6 obs. fim_semana)[0m
2026-07-21 17:06:15 [INFO] 
2026-07-21 17:06:15 [INFO]   🔴 [91m[1mD08AC395031B[0m
2026-07-21 17:06:15 [INFO]      consumiu MAIS que o habitual às 11h
2026-07-21 17:06:15 [INFO]      [2mReal:[0m 0.117 m3   [2mHabitual:[0m 0.035 ± 0.020 m3   [2mz:[0m +4.15   [2mdesvio:[0m +234%   [2m(6 obs. fim_semana)[0m
2026-07-21 17:06:15 [INFO] 
2026-07-21 17:06:15 [INFO]   🔴 [91m[1mC18SC002011N[0m
2026-07-21 17:06:15 [INFO]      consumiu MAIS que o habitual às 23h
2026-07-21 17:06:15 [INFO]      [2mReal:[0m 0.101 m3   [2mHabitual:[0m 0.014 ± 0.021 m3   [2mz:[0m +4.08   [2mdesvio:[0m +632%   [2m(6 obs. fim_semana)[0m
2026-07-21 17:06:15 [INFO] 
2026-07-21 17:06:15 [INFO]   🔴 [91m[1mI21JC037660Q[0m
2026-07-21 17:06:15 [INFO]      consumiu MAIS que o habitual às 05h
2026-07-21 17:06:15 [INFO]      [2mReal:[0m 0.044 m3   [2mHabitual:[0m 0.004 ± 0.010 m3   [2mz:[0m +4.02   [2mdesvio:[0m +1058%   [2m(5 obs. fim_semana)[0m
2026-07-21 17:06:15 [INFO] 
2026-07-21 17:06:15 [INFO] [1m[93m--- Desvios de BAIXA confianca (21) ------------------[0m
2026-07-21 17:06:15 [INFO]   [2m(poucos dados historicos - verificar manualmente)[0m
2026-07-21 17:06:15 [INFO] 
2026-07-21 17:06:15 [INFO]   🔴 [91m[1mC22FC002164L[0m
2026-07-21 17:06:15 [INFO]      consumiu MAIS que o habitual às 17h
2026-07-21 17:06:15 [INFO]      [2mReal:[0m 0.180 m3   [2mHabitual:[0m 0.043 ± 0.011 m3   [2mz:[0m +10.00 (cap)   [2mdesvio:[0m +319%   [2m(2 obs. fim_semana)[0m
2026-07-21 17:06:15 [INFO] 
2026-07-21 17:06:15 [INFO]   🔴 [91m[1mD05AE129685[0m
2026-07-21 17:06:15 [INFO]      consumiu MAIS que o habitual às 09h
2026-07-21 17:06:15 [INFO]      [2mReal:[0m 14.922 m3   [2mHabitual:[0m 0.004 ± 0.010 m3   [2mz:[0m +10.00 (cap)   [2mdesvio:[0m +331500%   [2m(2 obs. fim_semana)[0m
2026-07-21 17:06:15 [INFO] 
2026-07-21 17:06:15 [INFO]   🔴 [91m[1mI18JC067687[0m
2026-07-21 17:06:15 [INFO]      consumiu MAIS que o habitual às 11h
2026-07-21 17:06:15 [INFO]      [2mReal:[0m 0.110 m3   [2mHabitual:[0m 0.000 ± 0.010 m3   [2mz:[0m +10.00 (cap)   [2mdesvio:[0m +11000%   [2m(3 obs. fim_semana)[0m
2026-07-21 17:06:15 [INFO] 
2026-07-21 17:06:15 [INFO]   🔴 [91m[1mI18JC067687[0m
2026-07-21 17:06:15 [INFO]      consumiu MAIS que o habitual às 12h
2026-07-21 17:06:15 [INFO]      [2mReal:[0m 0.134 m3   [2mHabitual:[0m 0.000 ± 0.010 m3   [2mz:[0m +10.00 (cap)   [2mdesvio:[0m +13400%   [2m(3 obs. fim_semana)[0m
2026-07-21 17:06:15 [INFO] 
2026-07-21 17:06:15 [INFO]   🔴 [91m[1mI18JC067687[0m
2026-07-21 17:06:15 [INFO]      consumiu MAIS que o habitual às 18h
2026-07-21 17:06:15 [INFO]      [2mReal:[0m 0.190 m3   [2mHabitual:[0m 0.000 ± 0.010 m3   [2mz:[0m +10.00 (cap)   [2mdesvio:[0m +19000%   [2m(4 obs. fim_semana)[0m
2026-07-21 17:06:15 [INFO] 
2026-07-21 17:06:15 [INFO]   🔴 [91m[1mI18JC067687[0m
2026-07-21 17:06:15 [INFO]      consumiu MAIS que o habitual às 19h
2026-07-21 17:06:15 [INFO]      [2mReal:[0m 0.109 m3   [2mHabitual:[0m 0.000 ± 0.010 m3   [2mz:[0m +10.00 (cap)   [2mdesvio:[0m +10900%   [2m(4 obs. fim_semana)[0m
2026-07-21 17:06:15 [INFO] 
2026-07-21 17:06:15 [INFO]   🔴 [91m[1mI18JC067687[0m
2026-07-21 17:06:15 [INFO]      consumiu MAIS que o habitual às 20h
2026-07-21 17:06:15 [INFO]      [2mReal:[0m 0.119 m3   [2mHabitual:[0m 0.000 ± 0.010 m3   [2mz:[0m +10.00 (cap)   [2mdesvio:[0m +11900%   [2m(4 obs. fim_semana)[0m
2026-07-21 17:06:15 [INFO] 
2026-07-21 17:06:15 [INFO]   🔴 [91m[1mI19JC029855[0m
2026-07-21 17:06:15 [INFO]      consumiu MAIS que o habitual às 07h
2026-07-21 17:06:15 [INFO]      [2mReal:[0m 0.156 m3   [2mHabitual:[0m 0.012 ± 0.010 m3   [2mz:[0m +10.00 (cap)   [2mdesvio:[0m +1200%   [2m(3 obs. fim_semana)[0m
2026-07-21 17:06:15 [INFO] 
2026-07-21 17:06:15 [INFO]   🔴 [91m[1mI22JC094276N[0m
2026-07-21 17:06:15 [INFO]      consumiu MAIS que o habitual às 08h
2026-07-21 17:06:15 [INFO]      [2mReal:[0m 1.308 m3   [2mHabitual:[0m 0.221 ± 0.093 m3   [2mz:[0m +10.00 (cap)   [2mdesvio:[0m +491%   [2m(4 obs. fim_semana)[0m
2026-07-21 17:06:15 [INFO] 
2026-07-21 17:06:15 [INFO]   🔴 [91m[1mI22JC094285O[0m
2026-07-21 17:06:15 [INFO]      consumiu MAIS que o habitual às 09h
2026-07-21 17:06:15 [INFO]      [2mReal:[0m 1.350 m3   [2mHabitual:[0m 0.045 ± 0.055 m3   [2mz:[0m +10.00 (cap)   [2mdesvio:[0m +2887%   [2m(4 obs. fim_semana)[0m
2026-07-21 17:06:15 [INFO] 
2026-07-21 17:06:15 [INFO]   🔴 [91m[1mI18JC067687[0m
2026-07-21 17:06:15 [INFO]      consumiu MAIS que o habitual às 10h
2026-07-21 17:06:15 [INFO]      [2mReal:[0m 0.089 m3   [2mHabitual:[0m 0.000 ± 0.010 m3   [2mz:[0m +8.90   [2mdesvio:[0m +8900%   [2m(3 obs. fim_semana)[0m
2026-07-21 17:06:15 [INFO] 
2026-07-21 17:06:15 [INFO]   🔴 [91m[1mI19JC029855[0m
2026-07-21 17:06:15 [INFO]      consumiu MAIS que o habitual às 18h
2026-07-21 17:06:15 [INFO]      [2mReal:[0m 0.131 m3   [2mHabitual:[0m 0.016 ± 0.014 m3   [2mz:[0m +8.02   [2mdesvio:[0m +729%   [2m(4 obs. fim_semana)[0m
2026-07-21 17:06:15 [INFO] 
2026-07-21 17:06:15 [INFO]   🔴 [91m[1mI19JC029855[0m
2026-07-21 17:06:15 [INFO]      consumiu MAIS que o habitual às 19h
2026-07-21 17:06:15 [INFO]      [2mReal:[0m 0.379 m3   [2mHabitual:[0m 0.031 ± 0.045 m3   [2mz:[0m +7.76   [2mdesvio:[0m +1131%   [2m(4 obs. fim_semana)[0m
2026-07-21 17:06:15 [INFO] 
2026-07-21 17:06:15 [INFO]   🔴 [91m[1mI22JC094273K[0m
2026-07-21 17:06:15 [INFO]      consumiu MAIS que o habitual às 02h
2026-07-21 17:06:15 [INFO]      [2mReal:[0m 0.075 m3   [2mHabitual:[0m 0.011 ± 0.010 m3   [2mz:[0m +6.35   [2mdesvio:[0m +552%   [2m(4 obs. fim_semana)[0m
2026-07-21 17:06:15 [INFO] 
2026-07-21 17:06:15 [INFO]   🔴 [91m[1mI18JC067687[0m
2026-07-21 17:06:15 [INFO]      consumiu MAIS que o habitual às 21h
2026-07-21 17:06:15 [INFO]      [2mReal:[0m 0.060 m3   [2mHabitual:[0m 0.000 ± 0.010 m3   [2mz:[0m +6.00   [2mdesvio:[0m +6000%   [2m(4 obs. fim_semana)[0m
2026-07-21 17:06:15 [INFO] 
2026-07-21 17:06:15 [INFO]   🔴 [91m[1mD01TE050163[0m
2026-07-21 17:06:15 [INFO]      consumiu MAIS que o habitual às 02h
2026-07-21 17:06:15 [INFO]      [2mReal:[0m 0.850 m3   [2mHabitual:[0m 0.077 ± 0.135 m3   [2mz:[0m +5.72   [2mdesvio:[0m +997%   [2m(4 obs. fim_semana)[0m
2026-07-21 17:06:15 [INFO] 
2026-07-21 17:06:15 [INFO]   🔴 [91m[1mI22JC094285O[0m
2026-07-21 17:06:15 [INFO]      consumiu MAIS que o habitual às 21h
2026-07-21 17:06:15 [INFO]      [2mReal:[0m 0.264 m3   [2mHabitual:[0m 0.050 ± 0.038 m3   [2mz:[0m +5.58   [2mdesvio:[0m +431%   [2m(3 obs. fim_semana)[0m
2026-07-21 17:06:15 [INFO] 
2026-07-21 17:06:15 [INFO]   🔴 [91m[1mD19BX000041[0m
2026-07-21 17:06:15 [INFO]      consumiu MAIS que o habitual às 13h
2026-07-21 17:06:15 [INFO]      [2mReal:[0m 0.055 m3   [2mHabitual:[0m 0.002 ± 0.010 m3   [2mz:[0m +5.30   [2mdesvio:[0m +2650%   [2m(4 obs. fim_semana)[0m
2026-07-21 17:06:15 [INFO] 
2026-07-21 17:06:15 [INFO]   🔴 [91m[1mI19JC029855[0m
2026-07-21 17:06:15 [INFO]      consumiu MAIS que o habitual às 16h
2026-07-21 17:06:15 [INFO]      [2mReal:[0m 0.509 m3   [2mHabitual:[0m 0.053 ± 0.087 m3   [2mz:[0m +5.25   [2mdesvio:[0m +864%   [2m(4 obs. fim_semana)[0m
2026-07-21 17:06:15 [INFO] 
2026-07-21 17:06:15 [INFO]   🔴 [91m[1mI19JC029856[0m
2026-07-21 17:06:15 [INFO]      consumiu MAIS que o habitual às 08h
2026-07-21 17:06:15 [INFO]      [2mReal:[0m 1.952 m3   [2mHabitual:[0m 0.290 ± 0.336 m3   [2mz:[0m +4.95   [2mdesvio:[0m +572%   [2m(4 obs. fim_semana)[0m
2026-07-21 17:06:15 [INFO] 
2026-07-21 17:06:15 [INFO]   🔴 [91m[1mI18JC067687[0m
2026-07-21 17:06:15 [INFO]      consumiu MAIS que o habitual às 13h
2026-07-21 17:06:15 [INFO]      [2mReal:[0m 0.046 m3   [2mHabitual:[0m 0.000 ± 0.010 m3   [2mz:[0m +4.60   [2mdesvio:[0m +4600%   [2m(3 obs. fim_semana)[0m
2026-07-21 17:06:15 [INFO] 
2026-07-21 17:06:15 [INFO] CSV guardado: C:\Users\anaca\OneDrive\Ambiente de Trabalho\Tese\ts-anomaly-detection-dissertation\results\agua\realtime\alerts\analise_agua_2026-05-02.csv
2026-07-21 17:06:15 [INFO] 
2026-07-21 17:06:15 [INFO] [1m======================================================================[0m
2026-07-21 17:06:15 [INFO] [1m  DETECAO DE ANOMALIAS AGUA - 2026-05-03[0m
2026-07-21 17:06:15 [INFO] [1m======================================================================[0m
2026-07-21 17:06:15 [INFO]   [2mTipo de dia:[0m        fim semana
2026-07-21 17:06:15 [INFO]   [2mFonte:[0m              BAZE
2026-07-21 17:06:15 [INFO]   [2mContadores c/ dados:[0m 355
2026-07-21 17:06:15 [INFO]   [2mPontos contador/hora:[0m 7845
2026-07-21 17:06:15 [INFO]   [2mThreshold:[0m          |z| > 4.0 [2m(adaptativo a este tipo de dia)[0m
2026-07-21 17:06:15 [INFO] 
2026-07-21 17:06:30 [INFO] [1m--- Resumo -------------------------------------[0m
2026-07-21 17:06:30 [INFO]   [92mNormal[0m                  7792 [2m( 99.3%)[0m
2026-07-21 17:06:30 [INFO]   [91mDesvio (alta confianca)[0m   49 [2m(  0.6%)[0m
2026-07-21 17:06:30 [INFO]   [93mDesvio (baixa confianca)[0m   4 [2m(  0.1%)[0m
2026-07-21 17:06:30 [INFO]   [2mTempo: 14.5s[0m
2026-07-21 17:06:30 [INFO] 
2026-07-21 17:06:30 [INFO] [1m--- Desvios de ALTA confianca (49) -------------------[0m
2026-07-21 17:06:30 [INFO] 
2026-07-21 17:06:30 [INFO]   🔴 [91m[1mC17SC007432[0m
2026-07-21 17:06:30 [INFO]      consumiu MAIS que o habitual às 14h
2026-07-21 17:06:30 [INFO]      [2mReal:[0m 0.128 m3   [2mHabitual:[0m 0.005 ± 0.010 m3   [2mz:[0m +10.00 (cap)   [2mdesvio:[0m +2623%   [2m(7 obs. fim_semana)[0m
2026-07-21 17:06:30 [INFO] 
2026-07-21 17:06:30 [INFO]   🔴 [91m[1mC18SC002011N[0m
2026-07-21 17:06:30 [INFO]      consumiu MAIS que o habitual às 16h
2026-07-21 17:06:30 [INFO]      [2mReal:[0m 0.123 m3   [2mHabitual:[0m 0.016 ± 0.010 m3   [2mz:[0m +10.00 (cap)   [2mdesvio:[0m +669%   [2m(7 obs. fim_semana)[0m
2026-07-21 17:06:30 [INFO] 
2026-07-21 17:06:30 [INFO]   🔴 [91m[1mD10JC116614G[0m
2026-07-21 17:06:30 [INFO]      consumiu MAIS que o habitual às 23h
2026-07-21 17:06:30 [INFO]      [2mReal:[0m 0.469 m3   [2mHabitual:[0m 0.000 ± 0.010 m3   [2mz:[0m +10.00 (cap)   [2mdesvio:[0m +46900%   [2m(5 obs. fim_semana)[0m
2026-07-21 17:06:30 [INFO] 
2026-07-21 17:06:30 [INFO]   🔴 [91m[1mH21OF834686I[0m
2026-07-21 17:06:30 [INFO]      consumiu MAIS que o habitual às 10h
2026-07-21 17:06:30 [INFO]      [2mReal:[0m 0.580 m3   [2mHabitual:[0m 0.020 ± 0.015 m3   [2mz:[0m +10.00 (cap)   [2mdesvio:[0m +2800%   [2m(7 obs. fim_semana)[0m
2026-07-21 17:06:30 [INFO] 
2026-07-21 17:06:30 [INFO]   🔴 [91m[1mI19JC065474[0m
2026-07-21 17:06:30 [INFO]      consumiu MAIS que o habitual às 00h
2026-07-21 17:06:30 [INFO]      [2mReal:[0m 0.778 m3   [2mHabitual:[0m 0.074 ± 0.018 m3   [2mz:[0m +10.00 (cap)   [2mdesvio:[0m +949%   [2m(6 obs. fim_semana)[0m
2026-07-21 17:06:30 [INFO] 
2026-07-21 17:06:30 [INFO]   🔴 [91m[1mI19JC065474[0m
2026-07-21 17:06:30 [INFO]      consumiu MAIS que o habitual às 09h
2026-07-21 17:06:30 [INFO]      [2mReal:[0m 0.348 m3   [2mHabitual:[0m 0.074 ± 0.019 m3   [2mz:[0m +10.00 (cap)   [2mdesvio:[0m +369%   [2m(5 obs. fim_semana)[0m
2026-07-21 17:06:30 [INFO] 
2026-07-21 17:06:30 [INFO]   🔴 [91m[1mI19JC065564I[0m
2026-07-21 17:06:30 [INFO]      consumiu MAIS que o habitual às 20h
2026-07-21 17:06:30 [INFO]      [2mReal:[0m 1.031 m3   [2mHabitual:[0m 0.117 ± 0.073 m3   [2mz:[0m +10.00 (cap)   [2mdesvio:[0m +781%   [2m(6 obs. fim_semana)[0m
2026-07-21 17:06:30 [INFO] 
2026-07-21 17:06:30 [INFO]   🔴 [91m[1mI20JE060959[0m
2026-07-21 17:06:30 [INFO]      consumiu MAIS que o habitual às 19h
2026-07-21 17:06:30 [INFO]      [2mReal:[0m 0.680 m3   [2mHabitual:[0m 0.074 ± 0.018 m3   [2mz:[0m +10.00 (cap)   [2mdesvio:[0m +821%   [2m(6 obs. fim_semana)[0m
2026-07-21 17:06:30 [INFO] 
2026-07-21 17:06:30 [INFO]   🔴 [91m[1mI21JC029136E[0m
2026-07-21 17:06:30 [INFO]      consumiu MAIS que o habitual às 19h
2026-07-21 17:06:30 [INFO]      [2mReal:[0m 1.942 m3   [2mHabitual:[0m 0.056 ± 0.147 m3   [2mz:[0m +10.00 (cap)   [2mdesvio:[0m +3387%   [2m(7 obs. fim_semana)[0m
2026-07-21 17:06:30 [INFO] 
2026-07-21 17:06:30 [INFO]   🔴 [91m[1mI21JC029361L[0m
2026-07-21 17:06:30 [INFO]      consumiu MAIS que o habitual às 01h
2026-07-21 17:06:30 [INFO]      [2mReal:[0m 0.381 m3   [2mHabitual:[0m 0.024 ± 0.011 m3   [2mz:[0m +10.00 (cap)   [2mdesvio:[0m +1461%   [2m(7 obs. fim_semana)[0m
2026-07-21 17:06:30 [INFO] 
2026-07-21 17:06:30 [INFO]   🔴 [91m[1mI21JC043489M[0m
2026-07-21 17:06:30 [INFO]      consumiu MAIS que o habitual às 15h
2026-07-21 17:06:30 [INFO]      [2mReal:[0m 0.297 m3   [2mHabitual:[0m 0.038 ± 0.018 m3   [2mz:[0m +10.00 (cap)   [2mdesvio:[0m +677%   [2m(6 obs. fim_semana)[0m
2026-07-21 17:06:30 [INFO] 
2026-07-21 17:06:30 [INFO]   🔴 [91m[1mI22JC094282L[0m
2026-07-21 17:06:30 [INFO]      consumiu MAIS que o habitual às 02h
2026-07-21 17:06:30 [INFO]      [2mReal:[0m 0.114 m3   [2mHabitual:[0m 0.013 ± 0.010 m3   [2mz:[0m +10.00 (cap)   [2mdesvio:[0m +757%   [2m(6 obs. fim_semana)[0m
2026-07-21 17:06:30 [INFO] 
2026-07-21 17:06:30 [INFO]   🔴 [91m[1mI23JC096063T[0m
2026-07-21 17:06:30 [INFO]      consumiu MAIS que o habitual às 01h
2026-07-21 17:06:30 [INFO]      [2mReal:[0m 1.316 m3   [2mHabitual:[0m 0.067 ± 0.043 m3   [2mz:[0m +10.00 (cap)   [2mdesvio:[0m +1879%   [2m(6 obs. fim_semana)[0m
2026-07-21 17:06:30 [INFO] 
2026-07-21 17:06:30 [INFO]   🔴 [91m[1mI19JC020003[0m
2026-07-21 17:06:30 [INFO]      consumiu MAIS que o habitual às 02h
2026-07-21 17:06:30 [INFO]      [2mReal:[0m 0.339 m3   [2mHabitual:[0m 0.042 ± 0.033 m3   [2mz:[0m +9.09   [2mdesvio:[0m +701%   [2m(7 obs. fim_semana)[0m
2026-07-21 17:06:30 [INFO] 
2026-07-21 17:06:30 [INFO]   🔴 [91m[1mI21JC029136E[0m
2026-07-21 17:06:30 [INFO]      consumiu MAIS que o habitual às 20h
2026-07-21 17:06:30 [INFO]      [2mReal:[0m 1.017 m3   [2mHabitual:[0m 0.048 ± 0.127 m3   [2mz:[0m +7.63   [2mdesvio:[0m +2019%   [2m(7 obs. fim_semana)[0m
2026-07-21 17:06:30 [INFO] 
2026-07-21 17:06:30 [INFO]   🔴 [91m[1mI21JC043488L[0m
2026-07-21 17:06:30 [INFO]      consumiu MAIS que o habitual às 14h
2026-07-21 17:06:30 [INFO]      [2mReal:[0m 0.325 m3   [2mHabitual:[0m 0.087 ± 0.032 m3   [2mz:[0m +7.48   [2mdesvio:[0m +275%   [2m(7 obs. fim_semana)[0m
2026-07-21 17:06:30 [INFO] 
2026-07-21 17:06:30 [INFO]   🔴 [91m[1mI22JC094278P[0m
2026-07-21 17:06:30 [INFO]      consumiu MAIS que o habitual às 23h
2026-07-21 17:06:30 [INFO]      [2mReal:[0m 0.094 m3   [2mHabitual:[0m 0.027 ± 0.010 m3   [2mz:[0m +6.67   [2mdesvio:[0m +244%   [2m(6 obs. fim_semana)[0m
2026-07-21 17:06:30 [INFO] 
2026-07-21 17:06:30 [INFO]   🔴 [91m[1mC18SC002011N[0m
2026-07-21 17:06:30 [INFO]      consumiu MAIS que o habitual às 14h
2026-07-21 17:06:30 [INFO]      [2mReal:[0m 0.080 m3   [2mHabitual:[0m 0.017 ± 0.010 m3   [2mz:[0m +6.29   [2mdesvio:[0m +368%   [2m(7 obs. fim_semana)[0m
2026-07-21 17:06:30 [INFO] 
2026-07-21 17:06:30 [INFO]   🔴 [91m[1mI21JC029093K[0m
2026-07-21 17:06:30 [INFO]      consumiu MAIS que o habitual às 00h
2026-07-21 17:06:30 [INFO]      [2mReal:[0m 0.064 m3   [2mHabitual:[0m 0.002 ± 0.010 m3   [2mz:[0m +6.19   [2mdesvio:[0m +2948%   [2m(7 obs. fim_semana)[0m
2026-07-21 17:06:30 [INFO] 
2026-07-21 17:06:30 [INFO]   🔴 [91m[1mI19JC029855[0m
2026-07-21 17:06:30 [INFO]      consumiu MAIS que o habitual às 18h
2026-07-21 17:06:30 [INFO]      [2mReal:[0m 0.364 m3   [2mHabitual:[0m 0.039 ± 0.053 m3   [2mz:[0m +6.13   [2mdesvio:[0m +838%   [2m(5 obs. fim_semana)[0m
2026-07-21 17:06:30 [INFO] 
2026-07-21 17:06:30 [INFO]   🔴 [91m[1mI23JC096060Q[0m
2026-07-21 17:06:30 [INFO]      consumiu MAIS que o habitual às 11h
2026-07-21 17:06:30 [INFO]      [2mReal:[0m 0.295 m3   [2mHabitual:[0m 0.118 ± 0.029 m3   [2mz:[0m +6.04   [2mdesvio:[0m +151%   [2m(7 obs. fim_semana)[0m
2026-07-21 17:06:30 [INFO] 
2026-07-21 17:06:30 [INFO]   🔴 [91m[1mI21JC029553R[0m
2026-07-21 17:06:30 [INFO]      consumiu MAIS que o habitual às 12h
2026-07-21 17:06:30 [INFO]      [2mReal:[0m 1.010 m3   [2mHabitual:[0m 0.086 ± 0.153 m3   [2mz:[0m +6.03   [2mdesvio:[0m +1080%   [2m(7 obs. fim_semana)[0m
2026-07-21 17:06:30 [INFO] 
2026-07-21 17:06:30 [INFO]   🔴 [91m[1mI22JC094282L[0m
2026-07-21 17:06:30 [INFO]      consumiu MAIS que o habitual às 06h
2026-07-21 17:06:30 [INFO]      [2mReal:[0m 0.111 m3   [2mHabitual:[0m 0.032 ± 0.014 m3   [2mz:[0m +5.83   [2mdesvio:[0m +251%   [2m(7 obs. fim_semana)[0m
2026-07-21 17:06:30 [INFO] 
2026-07-21 17:06:30 [INFO]   🔴 [91m[1mH21OF834752B[0m
2026-07-21 17:06:30 [INFO]      consumiu MAIS que o habitual às 13h
2026-07-21 17:06:30 [INFO]      [2mReal:[0m 0.460 m3   [2mHabitual:[0m 0.188 ± 0.047 m3   [2mz:[0m +5.77   [2mdesvio:[0m +144%   [2m(6 obs. fim_semana)[0m
2026-07-21 17:06:30 [INFO] 
2026-07-21 17:06:30 [INFO]   🔴 [91m[1mH21OF834752B[0m
2026-07-21 17:06:30 [INFO]      consumiu MAIS que o habitual às 09h
2026-07-21 17:06:30 [INFO]      [2mReal:[0m 0.480 m3   [2mHabitual:[0m 0.197 ± 0.049 m3   [2mz:[0m +5.74   [2mdesvio:[0m +144%   [2m(7 obs. fim_semana)[0m
2026-07-21 17:06:30 [INFO] 
2026-07-21 17:06:30 [INFO]   🔴 [91m[1mH21OF834752B[0m
2026-07-21 17:06:30 [INFO]      consumiu MAIS que o habitual às 17h
2026-07-21 17:06:30 [INFO]      [2mReal:[0m 0.480 m3   [2mHabitual:[0m 0.197 ± 0.049 m3   [2mz:[0m +5.74   [2mdesvio:[0m +144%   [2m(7 obs. fim_semana)[0m
2026-07-21 17:06:30 [INFO] 
2026-07-21 17:06:30 [INFO]   🔴 [91m[1mH21OF834752B[0m
2026-07-21 17:06:30 [INFO]      consumiu MAIS que o habitual às 18h
2026-07-21 17:06:30 [INFO]      [2mReal:[0m 0.480 m3   [2mHabitual:[0m 0.197 ± 0.049 m3   [2mz:[0m +5.74   [2mdesvio:[0m +144%   [2m(7 obs. fim_semana)[0m
2026-07-21 17:06:30 [INFO] 
2026-07-21 17:06:30 [INFO]   🔴 [91m[1mH21OF834752B[0m
2026-07-21 17:06:30 [INFO]      consumiu MAIS que o habitual às 14h
2026-07-21 17:06:30 [INFO]      [2mReal:[0m 0.470 m3   [2mHabitual:[0m 0.193 ± 0.048 m3   [2mz:[0m +5.72   [2mdesvio:[0m +143%   [2m(6 obs. fim_semana)[0m
2026-07-21 17:06:30 [INFO] 
2026-07-21 17:06:30 [INFO]   🔴 [91m[1mI21JC037660Q[0m
2026-07-21 17:06:30 [INFO]      consumiu MAIS que o habitual às 21h
2026-07-21 17:06:30 [INFO]      [2mReal:[0m 0.568 m3   [2mHabitual:[0m 0.115 ± 0.082 m3   [2mz:[0m +5.55   [2mdesvio:[0m +396%   [2m(6 obs. fim_semana)[0m
2026-07-21 17:06:30 [INFO] 
2026-07-21 17:06:30 [INFO]   🔴 [91m[1mH21OF834752B[0m
2026-07-21 17:06:30 [INFO]      consumiu MAIS que o habitual às 10h
2026-07-21 17:06:30 [INFO]      [2mReal:[0m 0.460 m3   [2mHabitual:[0m 0.193 ± 0.048 m3   [2mz:[0m +5.54   [2mdesvio:[0m +138%   [2m(7 obs. fim_semana)[0m
2026-07-21 17:06:30 [INFO] 
2026-07-21 17:06:30 [INFO]   🔴 [91m[1mH21OF834752B[0m
2026-07-21 17:06:30 [INFO]      consumiu MAIS que o habitual às 16h
2026-07-21 17:06:30 [INFO]      [2mReal:[0m 0.470 m3   [2mHabitual:[0m 0.199 ± 0.050 m3   [2mz:[0m +5.47   [2mdesvio:[0m +137%   [2m(7 obs. fim_semana)[0m
2026-07-21 17:06:30 [INFO] 
2026-07-21 17:06:30 [INFO]   🔴 [91m[1mH21OF834752B[0m
2026-07-21 17:06:30 [INFO]      consumiu MAIS que o habitual às 11h
2026-07-21 17:06:30 [INFO]      [2mReal:[0m 0.460 m3   [2mHabitual:[0m 0.192 ± 0.050 m3   [2mz:[0m +5.33   [2mdesvio:[0m +140%   [2m(6 obs. fim_semana)[0m
2026-07-21 17:06:30 [INFO] 
2026-07-21 17:06:30 [INFO]   🔴 [91m[1mH21OF834752B[0m
2026-07-21 17:06:30 [INFO]      consumiu MAIS que o habitual às 21h
2026-07-21 17:06:30 [INFO]      [2mReal:[0m 0.470 m3   [2mHabitual:[0m 0.196 ± 0.052 m3   [2mz:[0m +5.28   [2mdesvio:[0m +140%   [2m(7 obs. fim_semana)[0m
2026-07-21 17:06:30 [INFO] 
2026-07-21 17:06:30 [INFO]   🔴 [91m[1mI23JC096059X[0m
2026-07-21 17:06:30 [INFO]      consumiu MAIS que o habitual às 22h
2026-07-21 17:06:30 [INFO]      [2mReal:[0m 0.479 m3   [2mHabitual:[0m 0.183 ± 0.056 m3   [2mz:[0m +5.26   [2mdesvio:[0m +162%   [2m(7 obs. fim_semana)[0m
2026-07-21 17:06:30 [INFO] 
2026-07-21 17:06:30 [INFO]   🔴 [91m[1mH21OF834752B[0m
2026-07-21 17:06:30 [INFO]      consumiu MAIS que o habitual às 12h
2026-07-21 17:06:30 [INFO]      [2mReal:[0m 0.440 m3   [2mHabitual:[0m 0.188 ± 0.048 m3   [2mz:[0m +5.25   [2mdesvio:[0m +134%   [2m(6 obs. fim_semana)[0m
2026-07-21 17:06:30 [INFO] 
2026-07-21 17:06:30 [INFO]   🔴 [91m[1mI19JC029856[0m
2026-07-21 17:06:30 [INFO]      consumiu MAIS que o habitual às 07h
2026-07-21 17:06:30 [INFO]      [2mReal:[0m 1.970 m3   [2mHabitual:[0m 0.242 ± 0.331 m3   [2mz:[0m +5.22   [2mdesvio:[0m +715%   [2m(5 obs. fim_semana)[0m
2026-07-21 17:06:30 [INFO] 
2026-07-21 17:06:30 [INFO]   🔴 [91m[1mH21OF834752B[0m
2026-07-21 17:06:30 [INFO]      consumiu MAIS que o habitual às 05h
2026-07-21 17:06:30 [INFO]      [2mReal:[0m 0.470 m3   [2mHabitual:[0m 0.207 ± 0.052 m3   [2mz:[0m +5.08   [2mdesvio:[0m +127%   [2m(7 obs. fim_semana)[0m
2026-07-21 17:06:30 [INFO] 
2026-07-21 17:06:30 [INFO]   🔴 [91m[1mI21JC043488L[0m
2026-07-21 17:06:30 [INFO]      consumiu MAIS que o habitual às 20h
2026-07-21 17:06:30 [INFO]      [2mReal:[0m 0.417 m3   [2mHabitual:[0m 0.143 ± 0.056 m3   [2mz:[0m +4.89   [2mdesvio:[0m +192%   [2m(6 obs. fim_semana)[0m
2026-07-21 17:06:30 [INFO] 
2026-07-21 17:06:30 [INFO]   🔴 [91m[1mI19MF927865[0m
2026-07-21 17:06:30 [INFO]      consumiu MAIS que o habitual às 10h
2026-07-21 17:06:30 [INFO]      [2mReal:[0m 5.310 m3   [2mHabitual:[0m 0.501 ± 1.035 m3   [2mz:[0m +4.64   [2mdesvio:[0m +959%   [2m(7 obs. fim_semana)[0m
2026-07-21 17:06:30 [INFO] 
2026-07-21 17:06:30 [INFO]   🔴 [91m[1mI18JC067687[0m
2026-07-21 17:06:30 [INFO]      consumiu MAIS que o habitual às 20h
2026-07-21 17:06:30 [INFO]      [2mReal:[0m 0.265 m3   [2mHabitual:[0m 0.024 ± 0.053 m3   [2mz:[0m +4.53   [2mdesvio:[0m +1013%   [2m(5 obs. fim_semana)[0m
2026-07-21 17:06:30 [INFO] 
2026-07-21 17:06:30 [INFO]   🔴 [91m[1mI18JC067687[0m
2026-07-21 17:06:30 [INFO]      consumiu MAIS que o habitual às 16h
2026-07-21 17:06:30 [INFO]      [2mReal:[0m 0.138 m3   [2mHabitual:[0m 0.012 ± 0.029 m3   [2mz:[0m +4.35   [2mdesvio:[0m +1069%   [2m(6 obs. fim_semana)[0m
2026-07-21 17:06:30 [INFO] 
2026-07-21 17:06:30 [INFO]   🔴 [91m[1mH21OF834752B[0m
2026-07-21 17:06:30 [INFO]      consumiu MAIS que o habitual às 19h
2026-07-21 17:06:30 [INFO]      [2mReal:[0m 0.480 m3   [2mHabitual:[0m 0.157 ± 0.074 m3   [2mz:[0m +4.34   [2mdesvio:[0m +206%   [2m(7 obs. fim_semana)[0m
2026-07-21 17:06:30 [INFO] 
2026-07-21 17:06:30 [INFO]   🔴 [91m[1mI21JC037660Q[0m
2026-07-21 17:06:30 [INFO]      consumiu MAIS que o habitual às 08h
2026-07-21 17:06:30 [INFO]      [2mReal:[0m 0.205 m3   [2mHabitual:[0m 0.037 ± 0.040 m3   [2mz:[0m +4.24   [2mdesvio:[0m +454%   [2m(6 obs. fim_semana)[0m
2026-07-21 17:06:30 [INFO] 
2026-07-21 17:06:30 [INFO]   🔴 [91m[1mI19JC029856[0m
2026-07-21 17:06:30 [INFO]      consumiu MAIS que o habitual às 23h
2026-07-21 17:06:30 [INFO]      [2mReal:[0m 9.278 m3   [2mHabitual:[0m 1.370 ± 1.882 m3   [2mz:[0m +4.20   [2mdesvio:[0m +577%   [2m(7 obs. fim_semana)[0m
2026-07-21 17:06:30 [INFO] 
2026-07-21 17:06:30 [INFO]   🔴 [91m[1mI22JC094278P[0m
2026-07-21 17:06:30 [INFO]      consumiu MAIS que o habitual às 09h
2026-07-21 17:06:30 [INFO]      [2mReal:[0m 0.406 m3   [2mHabitual:[0m 0.183 ± 0.054 m3   [2mz:[0m +4.15   [2mdesvio:[0m +122%   [2m(7 obs. fim_semana)[0m
2026-07-21 17:06:30 [INFO] 
2026-07-21 17:06:30 [INFO]   🔴 [91m[1mI23JC096060Q[0m
2026-07-21 17:06:30 [INFO]      consumiu MAIS que o habitual às 21h
2026-07-21 17:06:30 [INFO]      [2mReal:[0m 0.202 m3   [2mHabitual:[0m 0.100 ± 0.025 m3   [2mz:[0m +4.11   [2mdesvio:[0m +103%   [2m(7 obs. fim_semana)[0m
2026-07-21 17:06:30 [INFO] 
2026-07-21 17:06:30 [INFO]   🔴 [91m[1mC22FC002175O[0m
2026-07-21 17:06:30 [INFO]      consumiu MAIS que o habitual às 23h
2026-07-21 17:06:30 [INFO]      [2mReal:[0m 0.083 m3   [2mHabitual:[0m 0.012 ± 0.018 m3   [2mz:[0m +4.07   [2mdesvio:[0m +597%   [2m(7 obs. fim_semana)[0m
2026-07-21 17:06:30 [INFO] 
2026-07-21 17:06:30 [INFO]   🔴 [91m[1mI20JE060957[0m
2026-07-21 17:06:30 [INFO]      consumiu MAIS que o habitual às 07h
2026-07-21 17:06:30 [INFO]      [2mReal:[0m 0.138 m3   [2mHabitual:[0m 0.039 ± 0.024 m3   [2mz:[0m +4.06   [2mdesvio:[0m +255%   [2m(7 obs. fim_semana)[0m
2026-07-21 17:06:30 [INFO] 
2026-07-21 17:06:30 [INFO]   🔴 [91m[1mI22JC094280J[0m
2026-07-21 17:06:30 [INFO]      consumiu MAIS que o habitual às 00h
2026-07-21 17:06:30 [INFO]      [2mReal:[0m 0.109 m3   [2mHabitual:[0m 0.024 ± 0.021 m3   [2mz:[0m +4.03   [2mdesvio:[0m +354%   [2m(6 obs. fim_semana)[0m
2026-07-21 17:06:30 [INFO] 
2026-07-21 17:06:30 [INFO] [1m[93m--- Desvios de BAIXA confianca (4) ------------------[0m
2026-07-21 17:06:30 [INFO]   [2m(poucos dados historicos - verificar manualmente)[0m
2026-07-21 17:06:30 [INFO] 
2026-07-21 17:06:30 [INFO]   🔴 [91m[1mI19JC029855[0m
2026-07-21 17:06:30 [INFO]      consumiu MAIS que o habitual às 08h
2026-07-21 17:06:30 [INFO]      [2mReal:[0m 0.205 m3   [2mHabitual:[0m 0.021 ± 0.016 m3   [2mz:[0m +10.00 (cap)   [2mdesvio:[0m +862%   [2m(3 obs. fim_semana)[0m
2026-07-21 17:06:30 [INFO] 
2026-07-21 17:06:30 [INFO]   🔴 [91m[1mC18SC002050U[0m
2026-07-21 17:06:30 [INFO]      consumiu MAIS que o habitual às 10h
2026-07-21 17:06:30 [INFO]      [2mReal:[0m 0.175 m3   [2mHabitual:[0m 0.068 ± 0.025 m3   [2mz:[0m +4.32   [2mdesvio:[0m +157%   [2m(4 obs. fim_semana)[0m
2026-07-21 17:06:30 [INFO] 
2026-07-21 17:06:30 [INFO]   🔴 [91m[1mD05AE129685[0m
2026-07-21 17:06:30 [INFO]      consumiu MAIS que o habitual às 17h
2026-07-21 17:06:30 [INFO]      [2mReal:[0m 0.047 m3   [2mHabitual:[0m 0.006 ± 0.010 m3   [2mz:[0m +4.10   [2mdesvio:[0m +683%   [2m(3 obs. fim_semana)[0m
2026-07-21 17:06:30 [INFO] 
2026-07-21 17:06:30 [INFO]   🔴 [91m[1mC23FC001331N[0m
2026-07-21 17:06:30 [INFO]      consumiu MAIS que o habitual às 00h
2026-07-21 17:06:30 [INFO]      [2mReal:[0m 0.071 m3   [2mHabitual:[0m 0.014 ± 0.014 m3   [2mz:[0m +4.03   [2mdesvio:[0m +407%   [2m(2 obs. fim_semana)[0m
2026-07-21 17:06:30 [INFO] 
2026-07-21 17:06:30 [INFO] CSV guardado: C:\Users\anaca\OneDrive\Ambiente de Trabalho\Tese\ts-anomaly-detection-dissertation\results\agua\realtime\alerts\analise_agua_2026-05-03.csv
2026-07-21 17:06:30 [INFO] 
2026-07-21 17:06:30 [INFO] [1m======================================================================[0m
2026-07-21 17:06:30 [INFO] [1m  DETECAO DE ANOMALIAS AGUA - 2026-05-04[0m
2026-07-21 17:06:30 [INFO] [1m======================================================================[0m
2026-07-21 17:06:30 [INFO]   [2mTipo de dia:[0m        dia util
2026-07-21 17:06:30 [INFO]   [2mFonte:[0m              BAZE
2026-07-21 17:06:30 [INFO]   [2mContadores c/ dados:[0m 358
2026-07-21 17:06:30 [INFO]   [2mPontos contador/hora:[0m 7803
2026-07-21 17:06:30 [INFO]   [2mThreshold:[0m          |z| > 3.5 [2m(adaptativo a este tipo de dia)[0m
2026-07-21 17:06:30 [INFO] 
2026-07-21 17:18:01 [INFO] [1m--- Resumo -------------------------------------[0m
2026-07-21 17:18:01 [INFO]   [92mNormal[0m                  7703 [2m( 98.7%)[0m
2026-07-21 17:18:01 [INFO]   [91mDesvio (alta confianca)[0m   99 [2m(  1.3%)[0m
2026-07-21 17:18:01 [INFO]   [93mDesvio (baixa confianca)[0m   1 [2m(  0.0%)[0m
2026-07-21 17:18:01 [INFO]   [2mTempo: 691.2s[0m
2026-07-21 17:18:01 [INFO] 
2026-07-21 17:18:01 [INFO] [1m--- Desvios de ALTA confianca (99) -------------------[0m
2026-07-21 17:18:01 [INFO] 
2026-07-21 17:18:01 [INFO]   🔴 [91m[1mD10JC116614G[0m
2026-07-21 17:18:01 [INFO]      consumiu MAIS que o habitual às 01h
2026-07-21 17:18:01 [INFO]      [2mReal:[0m 5.297 m3   [2mHabitual:[0m 0.000 ± 0.010 m3   [2mz:[0m +10.00 (cap)   [2mdesvio:[0m +529700%   [2m(12 obs. dia_util)[0m
2026-07-21 17:18:01 [INFO] 
2026-07-21 17:18:01 [INFO]   🔴 [91m[1mD10JC116614G[0m
2026-07-21 17:18:01 [INFO]      consumiu MAIS que o habitual às 02h
2026-07-21 17:18:01 [INFO]      [2mReal:[0m 5.249 m3   [2mHabitual:[0m 0.000 ± 0.010 m3   [2mz:[0m +10.00 (cap)   [2mdesvio:[0m +524900%   [2m(12 obs. dia_util)[0m
2026-07-21 17:18:01 [INFO] 
2026-07-21 17:18:01 [INFO]   🔴 [91m[1mD10JC116614G[0m
2026-07-21 17:18:01 [INFO]      consumiu MAIS que o habitual às 03h
2026-07-21 17:18:01 [INFO]      [2mReal:[0m 5.423 m3   [2mHabitual:[0m 0.000 ± 0.010 m3   [2mz:[0m +10.00 (cap)   [2mdesvio:[0m +542300%   [2m(12 obs. dia_util)[0m
2026-07-21 17:18:01 [INFO] 
2026-07-21 17:18:01 [INFO]   🔴 [91m[1mD10JC116614G[0m
2026-07-21 17:18:01 [INFO]      consumiu MAIS que o habitual às 04h
2026-07-21 17:18:01 [INFO]      [2mReal:[0m 5.087 m3   [2mHabitual:[0m 0.000 ± 0.010 m3   [2mz:[0m +10.00 (cap)   [2mdesvio:[0m +508700%   [2m(10 obs. dia_util)[0m
2026-07-21 17:18:01 [INFO] 
2026-07-21 17:18:01 [INFO]   🔴 [91m[1mD10JC116614G[0m
2026-07-21 17:18:01 [INFO]      consumiu MAIS que o habitual às 05h
2026-07-21 17:18:01 [INFO]      [2mReal:[0m 0.358 m3   [2mHabitual:[0m 0.000 ± 0.010 m3   [2mz:[0m +10.00 (cap)   [2mdesvio:[0m +35800%   [2m(14 obs. dia_util)[0m
2026-07-21 17:18:01 [INFO] 
2026-07-21 17:18:01 [INFO]   🔵 [94m[1mD10OF068767[0m
2026-07-21 17:18:01 [INFO]      consumiu MENOS que o habitual às 11h
2026-07-21 17:18:01 [INFO]      [2mReal:[0m -85187.400 m3   [2mHabitual:[0m 0.000 ± 0.010 m3   [2mz:[0m -10.00 (cap)   [2mdesvio:[0m -8518740000%   [2m(18 obs. dia_util)[0m
2026-07-21 17:18:01 [INFO] 
2026-07-21 17:18:01 [INFO]   🔴 [91m[1mD10OF068767[0m
2026-07-21 17:18:01 [INFO]      consumiu MAIS que o habitual às 12h
2026-07-21 17:18:01 [INFO]      [2mReal:[0m 3.800 m3   [2mHabitual:[0m 0.000 ± 0.010 m3   [2mz:[0m +10.00 (cap)   [2mdesvio:[0m +380000%   [2m(18 obs. dia_util)[0m
2026-07-21 17:18:01 [INFO] 
2026-07-21 17:18:01 [INFO]   🔴 [91m[1mD10OF068767[0m
2026-07-21 17:18:01 [INFO]      consumiu MAIS que o habitual às 13h
2026-07-21 17:18:01 [INFO]      [2mReal:[0m 3.700 m3   [2mHabitual:[0m 0.000 ± 0.010 m3   [2mz:[0m +10.00 (cap)   [2mdesvio:[0m +370000%   [2m(18 obs. dia_util)[0m
2026-07-21 17:18:01 [INFO] 
2026-07-21 17:18:01 [INFO]   🔴 [91m[1mD10OF068767[0m
2026-07-21 17:18:01 [INFO]      consumiu MAIS que o habitual às 14h
2026-07-21 17:18:01 [INFO]      [2mReal:[0m 4.200 m3   [2mHabitual:[0m 0.000 ± 0.010 m3   [2mz:[0m +10.00 (cap)   [2mdesvio:[0m +420000%   [2m(18 obs. dia_util)[0m
2026-07-21 17:18:01 [INFO] 
2026-07-21 17:18:01 [INFO]   🔴 [91m[1mD10OF068767[0m
2026-07-21 17:18:01 [INFO]      consumiu MAIS que o habitual às 15h
2026-07-21 17:18:01 [INFO]      [2mReal:[0m 3.800 m3   [2mHabitual:[0m 0.000 ± 0.010 m3   [2mz:[0m +10.00 (cap)   [2mdesvio:[0m +380000%   [2m(19 obs. dia_util)[0m
2026-07-21 17:18:01 [INFO] 
2026-07-21 17:18:01 [INFO]   🔴 [91m[1mD10OF068767[0m
2026-07-21 17:18:01 [INFO]      consumiu MAIS que o habitual às 16h
2026-07-21 17:18:01 [INFO]      [2mReal:[0m 3.500 m3   [2mHabitual:[0m 0.000 ± 0.010 m3   [2mz:[0m +10.00 (cap)   [2mdesvio:[0m +350000%   [2m(19 obs. dia_util)[0m
2026-07-21 17:18:01 [INFO] 
2026-07-21 17:18:01 [INFO]   🔴 [91m[1mD10OF068767[0m
2026-07-21 17:18:01 [INFO]      consumiu MAIS que o habitual às 17h
2026-07-21 17:18:01 [INFO]      [2mReal:[0m 3.200 m3   [2mHabitual:[0m 0.000 ± 0.010 m3   [2mz:[0m +10.00 (cap)   [2mdesvio:[0m +320000%   [2m(19 obs. dia_util)[0m
2026-07-21 17:18:01 [INFO] 
2026-07-21 17:18:01 [INFO]   🔴 [91m[1mH20VA222003[0m
2026-07-21 17:18:01 [INFO]      consumiu MAIS que o habitual às 14h
2026-07-21 17:18:01 [INFO]      [2mReal:[0m 0.102 m3   [2mHabitual:[0m 0.000 ± 0.010 m3   [2mz:[0m +10.00 (cap)   [2mdesvio:[0m +10200%   [2m(14 obs. dia_util)[0m
2026-07-21 17:18:01 [INFO] 
2026-07-21 17:18:01 [INFO]   🔴 [91m[1mI16JC098524[0m
2026-07-21 17:18:01 [INFO]      consumiu MAIS que o habitual às 19h
2026-07-21 17:18:01 [INFO]      [2mReal:[0m 0.689 m3   [2mHabitual:[0m 0.098 ± 0.036 m3   [2mz:[0m +10.00 (cap)   [2mdesvio:[0m +602%   [2m(19 obs. dia_util)[0m
2026-07-21 17:18:01 [INFO] 
2026-07-21 17:18:01 [INFO]   🔴 [91m[1mI19JC029855[0m
2026-07-21 17:18:01 [INFO]      consumiu MAIS que o habitual às 22h
2026-07-21 17:18:01 [INFO]      [2mReal:[0m 0.545 m3   [2mHabitual:[0m 0.018 ± 0.018 m3   [2mz:[0m +10.00 (cap)   [2mdesvio:[0m +2862%   [2m(16 obs. dia_util)[0m
2026-07-21 17:18:01 [INFO] 
2026-07-21 17:18:01 [INFO]   🔴 [91m[1mI19JC029885[0m
2026-07-21 17:18:01 [INFO]      consumiu MAIS que o habitual às 09h
2026-07-21 17:18:01 [INFO]      [2mReal:[0m 0.155 m3   [2mHabitual:[0m 0.000 ± 0.010 m3   [2mz:[0m +10.00 (cap)   [2mdesvio:[0m +15500%   [2m(19 obs. dia_util)[0m
2026-07-21 17:18:01 [INFO] 
2026-07-21 17:18:01 [INFO]   🔴 [91m[1mI19JC029885[0m
2026-07-21 17:18:01 [INFO]      consumiu MAIS que o habitual às 10h
2026-07-21 17:18:01 [INFO]      [2mReal:[0m 0.965 m3   [2mHabitual:[0m 0.000 ± 0.010 m3   [2mz:[0m +10.00 (cap)   [2mdesvio:[0m +96500%   [2m(19 obs. dia_util)[0m
2026-07-21 17:18:01 [INFO] 
2026-07-21 17:18:01 [INFO]   🔴 [91m[1mI19JC029885[0m
2026-07-21 17:18:01 [INFO]      consumiu MAIS que o habitual às 11h
2026-07-21 17:18:01 [INFO]      [2mReal:[0m 0.239 m3   [2mHabitual:[0m 0.000 ± 0.010 m3   [2mz:[0m +10.00 (cap)   [2mdesvio:[0m +23900%   [2m(19 obs. dia_util)[0m
2026-07-21 17:18:01 [INFO] 
2026-07-21 17:18:01 [INFO]   🔴 [91m[1mI19JC029885[0m
2026-07-21 17:18:01 [INFO]      consumiu MAIS que o habitual às 12h
2026-07-21 17:18:01 [INFO]      [2mReal:[0m 0.241 m3   [2mHabitual:[0m 0.000 ± 0.010 m3   [2mz:[0m +10.00 (cap)   [2mdesvio:[0m +24100%   [2m(19 obs. dia_util)[0m
2026-07-21 17:18:01 [INFO] 
2026-07-21 17:18:01 [INFO]   🔴 [91m[1mI19JC029885[0m
2026-07-21 17:18:01 [INFO]      consumiu MAIS que o habitual às 14h
2026-07-21 17:18:01 [INFO]      [2mReal:[0m 0.244 m3   [2mHabitual:[0m 0.002 ± 0.010 m3   [2mz:[0m +10.00 (cap)   [2mdesvio:[0m +10991%   [2m(19 obs. dia_util)[0m
2026-07-21 17:18:01 [INFO] 
2026-07-21 17:18:01 [INFO]   🔴 [91m[1mI19JC029885[0m
2026-07-21 17:18:01 [INFO]      consumiu MAIS que o habitual às 15h
2026-07-21 17:18:01 [INFO]      [2mReal:[0m 0.252 m3   [2mHabitual:[0m 0.000 ± 0.010 m3   [2mz:[0m +10.00 (cap)   [2mdesvio:[0m +25200%   [2m(19 obs. dia_util)[0m
2026-07-21 17:18:01 [INFO] 
2026-07-21 17:18:01 [INFO]   🔴 [91m[1mI19JC029885[0m
2026-07-21 17:18:01 [INFO]      consumiu MAIS que o habitual às 16h
2026-07-21 17:18:01 [INFO]      [2mReal:[0m 0.253 m3   [2mHabitual:[0m 0.000 ± 0.010 m3   [2mz:[0m +10.00 (cap)   [2mdesvio:[0m +25300%   [2m(19 obs. dia_util)[0m
2026-07-21 17:18:01 [INFO] 
2026-07-21 17:18:01 [INFO]   🔴 [91m[1mI19JC029885[0m
2026-07-21 17:18:01 [INFO]      consumiu MAIS que o habitual às 17h
2026-07-21 17:18:01 [INFO]      [2mReal:[0m 0.251 m3   [2mHabitual:[0m 0.000 ± 0.010 m3   [2mz:[0m +10.00 (cap)   [2mdesvio:[0m +25100%   [2m(18 obs. dia_util)[0m
2026-07-21 17:18:01 [INFO] 
2026-07-21 17:18:01 [INFO]   🔴 [91m[1mI19JC029885[0m
2026-07-21 17:18:01 [INFO]      consumiu MAIS que o habitual às 18h
2026-07-21 17:18:01 [INFO]      [2mReal:[0m 0.246 m3   [2mHabitual:[0m 0.000 ± 0.010 m3   [2mz:[0m +10.00 (cap)   [2mdesvio:[0m +24600%   [2m(19 obs. dia_util)[0m
2026-07-21 17:18:01 [INFO] 
2026-07-21 17:18:01 [INFO]   🔴 [91m[1mI19JC029885[0m
2026-07-21 17:18:01 [INFO]      consumiu MAIS que o habitual às 19h
2026-07-21 17:18:01 [INFO]      [2mReal:[0m 0.237 m3   [2mHabitual:[0m 0.000 ± 0.010 m3   [2mz:[0m +10.00 (cap)   [2mdesvio:[0m +23700%   [2m(19 obs. dia_util)[0m
2026-07-21 17:18:01 [INFO] 
2026-07-21 17:18:01 [INFO]   🔴 [91m[1mI19JC029885[0m
2026-07-21 17:18:01 [INFO]      consumiu MAIS que o habitual às 20h
2026-07-21 17:18:01 [INFO]      [2mReal:[0m 0.230 m3   [2mHabitual:[0m 0.000 ± 0.010 m3   [2mz:[0m +10.00 (cap)   [2mdesvio:[0m +23000%   [2m(19 obs. dia_util)[0m
2026-07-21 17:18:01 [INFO] 
2026-07-21 17:18:01 [INFO]   🔴 [91m[1mI19JC029885[0m
2026-07-21 17:18:01 [INFO]      consumiu MAIS que o habitual às 21h
2026-07-21 17:18:01 [INFO]      [2mReal:[0m 0.237 m3   [2mHabitual:[0m 0.000 ± 0.010 m3   [2mz:[0m +10.00 (cap)   [2mdesvio:[0m +23700%   [2m(18 obs. dia_util)[0m
2026-07-21 17:18:01 [INFO] 
2026-07-21 17:18:01 [INFO]   🔴 [91m[1mI19JC029885[0m
2026-07-21 17:18:01 [INFO]      consumiu MAIS que o habitual às 22h
2026-07-21 17:18:01 [INFO]      [2mReal:[0m 0.251 m3   [2mHabitual:[0m 0.000 ± 0.010 m3   [2mz:[0m +10.00 (cap)   [2mdesvio:[0m +25100%   [2m(18 obs. dia_util)[0m
2026-07-21 17:18:01 [INFO] 
2026-07-21 17:18:01 [INFO]   🔴 [91m[1mI19JC029885[0m
2026-07-21 17:18:01 [INFO]      consumiu MAIS que o habitual às 23h
2026-07-21 17:18:01 [INFO]      [2mReal:[0m 0.262 m3   [2mHabitual:[0m 0.000 ± 0.010 m3   [2mz:[0m +10.00 (cap)   [2mdesvio:[0m +26200%   [2m(18 obs. dia_util)[0m
2026-07-21 17:18:01 [INFO] 
2026-07-21 17:18:01 [INFO]   🔴 [91m[1mI19JC065474[0m
2026-07-21 17:18:01 [INFO]      consumiu MAIS que o habitual às 10h
2026-07-21 17:18:01 [INFO]      [2mReal:[0m 0.495 m3   [2mHabitual:[0m 0.074 ± 0.018 m3   [2mz:[0m +10.00 (cap)   [2mdesvio:[0m +569%   [2m(14 obs. dia_util)[0m
2026-07-21 17:18:01 [INFO] 
2026-07-21 17:18:01 [INFO]   🔴 [91m[1mI19JC065533[0m
2026-07-21 17:18:01 [INFO]      consumiu MAIS que o habitual às 15h
2026-07-21 17:18:01 [INFO]      [2mReal:[0m 1.095 m3   [2mHabitual:[0m 0.000 ± 0.010 m3   [2mz:[0m +10.00 (cap)   [2mdesvio:[0m +109490%   [2m(15 obs. dia_util)[0m
2026-07-21 17:18:01 [INFO] 
2026-07-21 17:18:01 [INFO]   🔴 [91m[1mI19JC065533[0m
2026-07-21 17:18:01 [INFO]      consumiu MAIS que o habitual às 16h
2026-07-21 17:18:01 [INFO]      [2mReal:[0m 0.170 m3   [2mHabitual:[0m 0.000 ± 0.010 m3   [2mz:[0m +10.00 (cap)   [2mdesvio:[0m +16990%   [2m(15 obs. dia_util)[0m
2026-07-21 17:18:01 [INFO] 
2026-07-21 17:18:01 [INFO]   🔴 [91m[1mI19JC065533[0m
2026-07-21 17:18:01 [INFO]      consumiu MAIS que o habitual às 18h
2026-07-21 17:18:01 [INFO]      [2mReal:[0m 0.164 m3   [2mHabitual:[0m 0.000 ± 0.010 m3   [2mz:[0m +10.00 (cap)   [2mdesvio:[0m +16400%   [2m(13 obs. dia_util)[0m
2026-07-21 17:18:01 [INFO] 
2026-07-21 17:18:01 [INFO]   🔴 [91m[1mI19JC065533[0m
2026-07-21 17:18:01 [INFO]      consumiu MAIS que o habitual às 19h
2026-07-21 17:18:01 [INFO]      [2mReal:[0m 2.728 m3   [2mHabitual:[0m 0.000 ± 0.010 m3   [2mz:[0m +10.00 (cap)   [2mdesvio:[0m +272800%   [2m(13 obs. dia_util)[0m
2026-07-21 17:18:01 [INFO] 
2026-07-21 17:18:01 [INFO]   🔴 [91m[1mI19JC065533[0m
2026-07-21 17:18:01 [INFO]      consumiu MAIS que o habitual às 20h
2026-07-21 17:18:01 [INFO]      [2mReal:[0m 0.165 m3   [2mHabitual:[0m 0.000 ± 0.010 m3   [2mz:[0m +10.00 (cap)   [2mdesvio:[0m +16490%   [2m(13 obs. dia_util)[0m
2026-07-21 17:18:01 [INFO] 
2026-07-21 17:18:01 [INFO]   🔴 [91m[1mI19JC065533[0m
2026-07-21 17:18:01 [INFO]      consumiu MAIS que o habitual às 21h
2026-07-21 17:18:01 [INFO]      [2mReal:[0m 2.721 m3   [2mHabitual:[0m 0.000 ± 0.010 m3   [2mz:[0m +10.00 (cap)   [2mdesvio:[0m +272100%   [2m(11 obs. dia_util)[0m
2026-07-21 17:18:01 [INFO] 
2026-07-21 17:18:01 [INFO]   🔴 [91m[1mI19MF927865[0m
2026-07-21 17:18:01 [INFO]      consumiu MAIS que o habitual às 06h
2026-07-21 17:18:01 [INFO]      [2mReal:[0m 0.990 m3   [2mHabitual:[0m 0.000 ± 0.010 m3   [2mz:[0m +10.00 (cap)   [2mdesvio:[0m +99000%   [2m(19 obs. dia_util)[0m
2026-07-21 17:18:01 [INFO] 
2026-07-21 17:18:01 [INFO]   🔴 [91m[1mI20JE060957[0m
2026-07-21 17:18:01 [INFO]      consumiu MAIS que o habitual às 06h
2026-07-21 17:18:01 [INFO]      [2mReal:[0m 0.176 m3   [2mHabitual:[0m 0.020 ± 0.010 m3   [2mz:[0m +10.00 (cap)   [2mdesvio:[0m +793%   [2m(19 obs. dia_util)[0m
2026-07-21 17:18:01 [INFO] 
2026-07-21 17:18:01 [INFO]   🔴 [91m[1mI21JC029165J[0m
2026-07-21 17:18:01 [INFO]      consumiu MAIS que o habitual às 22h
2026-07-21 17:18:01 [INFO]      [2mReal:[0m 0.838 m3   [2mHabitual:[0m 0.189 ± 0.059 m3   [2mz:[0m +10.00 (cap)   [2mdesvio:[0m +344%   [2m(17 obs. dia_util)[0m
2026-07-21 17:18:01 [INFO] 
2026-07-21 17:18:01 [INFO]   🔴 [91m[1mI21JC029405G[0m
2026-07-21 17:18:01 [INFO]      consumiu MAIS que o habitual às 15h
2026-07-21 17:18:01 [INFO]      [2mReal:[0m 0.171 m3   [2mHabitual:[0m 0.000 ± 0.010 m3   [2mz:[0m +10.00 (cap)   [2mdesvio:[0m +17100%   [2m(19 obs. dia_util)[0m
2026-07-21 17:18:01 [INFO] 
2026-07-21 17:18:01 [INFO]   🔴 [91m[1mI21JC029405G[0m
2026-07-21 17:18:01 [INFO]      consumiu MAIS que o habitual às 16h
2026-07-21 17:18:01 [INFO]      [2mReal:[0m 0.522 m3   [2mHabitual:[0m 0.000 ± 0.010 m3   [2mz:[0m +10.00 (cap)   [2mdesvio:[0m +52200%   [2m(19 obs. dia_util)[0m
2026-07-21 17:18:01 [INFO] 
2026-07-21 17:18:01 [INFO]   🔴 [91m[1mI21JC029405G[0m
2026-07-21 17:18:01 [INFO]      consumiu MAIS que o habitual às 21h
2026-07-21 17:18:01 [INFO]      [2mReal:[0m 0.547 m3   [2mHabitual:[0m 0.000 ± 0.010 m3   [2mz:[0m +10.00 (cap)   [2mdesvio:[0m +54700%   [2m(18 obs. dia_util)[0m
2026-07-21 17:18:01 [INFO] 
2026-07-21 17:18:01 [INFO]   🔴 [91m[1mI21JC029405G[0m
2026-07-21 17:18:01 [INFO]      consumiu MAIS que o habitual às 22h
2026-07-21 17:18:01 [INFO]      [2mReal:[0m 0.708 m3   [2mHabitual:[0m 0.000 ± 0.010 m3   [2mz:[0m +10.00 (cap)   [2mdesvio:[0m +70800%   [2m(18 obs. dia_util)[0m
2026-07-21 17:18:01 [INFO] 
2026-07-21 17:18:01 [INFO]   🔴 [91m[1mI21JC029405G[0m
2026-07-21 17:18:01 [INFO]      consumiu MAIS que o habitual às 23h
2026-07-21 17:18:01 [INFO]      [2mReal:[0m 1.303 m3   [2mHabitual:[0m 0.000 ± 0.010 m3   [2mz:[0m +10.00 (cap)   [2mdesvio:[0m +130300%   [2m(19 obs. dia_util)[0m
2026-07-21 17:18:01 [INFO] 
2026-07-21 17:18:01 [INFO]   🔴 [91m[1mI21JC029600H[0m
2026-07-21 17:18:01 [INFO]      consumiu MAIS que o habitual às 15h
2026-07-21 17:18:01 [INFO]      [2mReal:[0m 0.444 m3   [2mHabitual:[0m 0.019 ± 0.039 m3   [2mz:[0m +10.00 (cap)   [2mdesvio:[0m +2177%   [2m(19 obs. dia_util)[0m
2026-07-21 17:18:01 [INFO] 
2026-07-21 17:18:01 [INFO]   🔴 [91m[1mI21JC037657V[0m
2026-07-21 17:18:01 [INFO]      consumiu MAIS que o habitual às 01h
2026-07-21 17:18:01 [INFO]      [2mReal:[0m 0.122 m3   [2mHabitual:[0m 0.000 ± 0.010 m3   [2mz:[0m +10.00 (cap)   [2mdesvio:[0m +12180%   [2m(18 obs. dia_util)[0m
2026-07-21 17:18:01 [INFO] 
2026-07-21 17:18:01 [INFO]   🔴 [91m[1mI21JC043488L[0m
2026-07-21 17:18:01 [INFO]      consumiu MAIS que o habitual às 22h
2026-07-21 17:18:01 [INFO]      [2mReal:[0m 0.692 m3   [2mHabitual:[0m 0.056 ± 0.058 m3   [2mz:[0m +10.00 (cap)   [2mdesvio:[0m +1147%   [2m(16 obs. dia_util)[0m
2026-07-21 17:18:01 [INFO] 
2026-07-21 17:18:01 [INFO]   🔴 [91m[1mI22JC094280J[0m
2026-07-21 17:18:01 [INFO]      consumiu MAIS que o habitual às 02h
2026-07-21 17:18:01 [INFO]      [2mReal:[0m 0.120 m3   [2mHabitual:[0m 0.004 ± 0.010 m3   [2mz:[0m +10.00 (cap)   [2mdesvio:[0m +2627%   [2m(14 obs. dia_util)[0m
2026-07-21 17:18:01 [INFO] 
2026-07-21 17:18:01 [INFO]   🔴 [91m[1mI24LA025413[0m
2026-07-21 17:18:01 [INFO]      consumiu MAIS que o habitual às 16h
2026-07-21 17:18:01 [INFO]      [2mReal:[0m 0.424 m3   [2mHabitual:[0m 0.001 ± 0.010 m3   [2mz:[0m +10.00 (cap)   [2mdesvio:[0m +30186%   [2m(18 obs. dia_util)[0m
2026-07-21 17:18:01 [INFO] 
2026-07-21 17:18:01 [INFO]   🔴 [91m[1mC22FC002175O[0m
2026-07-21 17:18:01 [INFO]      consumiu MAIS que o habitual às 16h
2026-07-21 17:18:01 [INFO]      [2mReal:[0m 0.297 m3   [2mHabitual:[0m 0.030 ± 0.030 m3   [2mz:[0m +8.87   [2mdesvio:[0m +903%   [2m(18 obs. dia_util)[0m
2026-07-21 17:18:01 [INFO] 
2026-07-21 17:18:01 [INFO]   🔴 [91m[1mI16JC098524[0m
2026-07-21 17:18:01 [INFO]      consumiu MAIS que o habitual às 20h
2026-07-21 17:18:01 [INFO]      [2mReal:[0m 0.280 m3   [2mHabitual:[0m 0.065 ± 0.024 m3   [2mz:[0m +8.87   [2mdesvio:[0m +334%   [2m(19 obs. dia_util)[0m
2026-07-21 17:18:01 [INFO] 
2026-07-21 17:18:01 [INFO]   🔴 [91m[1mI19JC029846L[0m
2026-07-21 17:18:01 [INFO]      consumiu MAIS que o habitual às 16h
2026-07-21 17:18:01 [INFO]      [2mReal:[0m 5.346 m3   [2mHabitual:[0m 0.857 ± 0.521 m3   [2mz:[0m +8.61   [2mdesvio:[0m +524%   [2m(8 obs. dia_util)[0m
2026-07-21 17:18:01 [INFO] 
2026-07-21 17:18:01 [INFO]   🔴 [91m[1mH19VA232210[0m
2026-07-21 17:18:01 [INFO]      consumiu MAIS que o habitual às 11h
2026-07-21 17:18:01 [INFO]      [2mReal:[0m 0.235 m3   [2mHabitual:[0m 0.007 ± 0.027 m3   [2mz:[0m +8.52   [2mdesvio:[0m +3076%   [2m(19 obs. dia_util)[0m
2026-07-21 17:18:01 [INFO] 
2026-07-21 17:18:01 [INFO]   🔴 [91m[1mI13JA287987[0m
2026-07-21 17:18:01 [INFO]      consumiu MAIS que o habitual às 06h
2026-07-21 17:18:01 [INFO]      [2mReal:[0m 0.089 m3   [2mHabitual:[0m 0.013 ± 0.010 m3   [2mz:[0m +7.64   [2mdesvio:[0m +606%   [2m(19 obs. dia_util)[0m
2026-07-21 17:18:01 [INFO] 
2026-07-21 17:18:01 [INFO]   🔴 [91m[1mH20VA222003[0m
2026-07-21 17:18:01 [INFO]      consumiu MAIS que o habitual às 15h
2026-07-21 17:18:01 [INFO]      [2mReal:[0m 0.075 m3   [2mHabitual:[0m 0.001 ± 0.010 m3   [2mz:[0m +7.44   [2mdesvio:[0m +7440%   [2m(19 obs. dia_util)[0m
2026-07-21 17:18:01 [INFO] 
2026-07-21 17:18:01 [INFO]   🔴 [91m[1mC18LB000173[0m
2026-07-21 17:18:01 [INFO]      consumiu MAIS que o habitual às 10h
2026-07-21 17:18:01 [INFO]      [2mReal:[0m 0.247 m3   [2mHabitual:[0m 0.056 ± 0.027 m3   [2mz:[0m +7.10   [2mdesvio:[0m +340%   [2m(18 obs. dia_util)[0m
2026-07-21 17:18:01 [INFO] 
2026-07-21 17:18:01 [INFO]   🔴 [91m[1mI19JC029877[0m
2026-07-21 17:18:01 [INFO]      consumiu MAIS que o habitual às 12h
2026-07-21 17:18:01 [INFO]      [2mReal:[0m 0.616 m3   [2mHabitual:[0m 0.159 ± 0.066 m3   [2mz:[0m +6.93   [2mdesvio:[0m +288%   [2m(18 obs. dia_util)[0m
2026-07-21 17:18:01 [INFO] 
2026-07-21 17:18:01 [INFO]   🔴 [91m[1mD03TD027211[0m
2026-07-21 17:18:01 [INFO]      consumiu MAIS que o habitual às 13h
2026-07-21 17:18:01 [INFO]      [2mReal:[0m 0.502 m3   [2mHabitual:[0m 0.089 ± 0.066 m3   [2mz:[0m +6.29   [2mdesvio:[0m +461%   [2m(19 obs. dia_util)[0m
2026-07-21 17:18:01 [INFO] 
2026-07-21 17:18:01 [INFO]   🔴 [91m[1mH21OF834686I[0m
2026-07-21 17:18:01 [INFO]      consumiu MAIS que o habitual às 17h
2026-07-21 17:18:01 [INFO]      [2mReal:[0m 0.230 m3   [2mHabitual:[0m 0.029 ± 0.032 m3   [2mz:[0m +6.29   [2mdesvio:[0m +696%   [2m(19 obs. dia_util)[0m
2026-07-21 17:18:01 [INFO] 
2026-07-21 17:18:01 [INFO]   🔴 [91m[1mI23JC096061R[0m
2026-07-21 17:18:01 [INFO]      consumiu MAIS que o habitual às 10h
2026-07-21 17:18:01 [INFO]      [2mReal:[0m 0.207 m3   [2mHabitual:[0m 0.033 ± 0.029 m3   [2mz:[0m +6.08   [2mdesvio:[0m +537%   [2m(19 obs. dia_util)[0m
2026-07-21 17:18:01 [INFO] 
2026-07-21 17:18:01 [INFO]   🔴 [91m[1mD03TD027211[0m
2026-07-21 17:18:01 [INFO]      consumiu MAIS que o habitual às 15h
2026-07-21 17:18:01 [INFO]      [2mReal:[0m 0.353 m3   [2mHabitual:[0m 0.060 ± 0.048 m3   [2mz:[0m +6.06   [2mdesvio:[0m +492%   [2m(19 obs. dia_util)[0m
2026-07-21 17:18:01 [INFO] 
2026-07-21 17:18:01 [INFO]   🔴 [91m[1mD03TD027211[0m
2026-07-21 17:18:01 [INFO]      consumiu MAIS que o habitual às 07h
2026-07-21 17:18:01 [INFO]      [2mReal:[0m 0.099 m3   [2mHabitual:[0m 0.020 ± 0.013 m3   [2mz:[0m +5.99   [2mdesvio:[0m +388%   [2m(19 obs. dia_util)[0m
2026-07-21 17:18:01 [INFO] 
2026-07-21 17:18:01 [INFO]   🔴 [91m[1mI18JC067687[0m
2026-07-21 17:18:01 [INFO]      consumiu MAIS que o habitual às 14h
2026-07-21 17:18:01 [INFO]      [2mReal:[0m 0.633 m3   [2mHabitual:[0m 0.047 ± 0.099 m3   [2mz:[0m +5.92   [2mdesvio:[0m +1250%   [2m(15 obs. dia_util)[0m
2026-07-21 17:18:01 [INFO] 
2026-07-21 17:18:01 [INFO]   🔴 [91m[1mI21JC043490F[0m
2026-07-21 17:18:01 [INFO]      consumiu MAIS que o habitual às 21h
2026-07-21 17:18:01 [INFO]      [2mReal:[0m 0.115 m3   [2mHabitual:[0m 0.027 ± 0.015 m3   [2mz:[0m +5.91   [2mdesvio:[0m +321%   [2m(16 obs. dia_util)[0m
2026-07-21 17:18:01 [INFO] 
2026-07-21 17:18:01 [INFO]   🔴 [91m[1mD18BX003239[0m
2026-07-21 17:18:01 [INFO]      consumiu MAIS que o habitual às 08h
2026-07-21 17:18:01 [INFO]      [2mReal:[0m 0.413 m3   [2mHabitual:[0m 0.017 ± 0.068 m3   [2mz:[0m +5.79   [2mdesvio:[0m +2274%   [2m(19 obs. dia_util)[0m
2026-07-21 17:18:01 [INFO] 
2026-07-21 17:18:01 [INFO]   🔴 [91m[1mI23JC096061R[0m
2026-07-21 17:18:01 [INFO]      consumiu MAIS que o habitual às 18h
2026-07-21 17:18:01 [INFO]      [2mReal:[0m 0.175 m3   [2mHabitual:[0m 0.037 ± 0.024 m3   [2mz:[0m +5.70   [2mdesvio:[0m +377%   [2m(19 obs. dia_util)[0m
2026-07-21 17:18:01 [INFO] 
2026-07-21 17:18:01 [INFO]   🔴 [91m[1mD03TD027211[0m
2026-07-21 17:18:01 [INFO]      consumiu MAIS que o habitual às 14h
2026-07-21 17:18:01 [INFO]      [2mReal:[0m 0.607 m3   [2mHabitual:[0m 0.121 ± 0.089 m3   [2mz:[0m +5.48   [2mdesvio:[0m +400%   [2m(19 obs. dia_util)[0m
2026-07-21 17:18:01 [INFO] 
2026-07-21 17:18:01 [INFO]   🔴 [91m[1mI19JC029855[0m
2026-07-21 17:18:01 [INFO]      consumiu MAIS que o habitual às 21h
2026-07-21 17:18:01 [INFO]      [2mReal:[0m 0.719 m3   [2mHabitual:[0m 0.183 ± 0.100 m3   [2mz:[0m +5.38   [2mdesvio:[0m +292%   [2m(16 obs. dia_util)[0m
2026-07-21 17:18:01 [INFO] 
2026-07-21 17:18:01 [INFO]   🔴 [91m[1mI18JC067687[0m
2026-07-21 17:18:01 [INFO]      consumiu MAIS que o habitual às 19h
2026-07-21 17:18:01 [INFO]      [2mReal:[0m 0.281 m3   [2mHabitual:[0m 0.021 ± 0.049 m3   [2mz:[0m +5.31   [2mdesvio:[0m +1271%   [2m(11 obs. dia_util)[0m
2026-07-21 17:18:01 [INFO] 
2026-07-21 17:18:01 [INFO]   🔴 [91m[1mI20JE060957[0m
2026-07-21 17:18:01 [INFO]      consumiu MAIS que o habitual às 07h
2026-07-21 17:18:01 [INFO]      [2mReal:[0m 0.250 m3   [2mHabitual:[0m 0.046 ± 0.039 m3   [2mz:[0m +5.20   [2mdesvio:[0m +443%   [2m(19 obs. dia_util)[0m
2026-07-21 17:18:01 [INFO] 
2026-07-21 17:18:01 [INFO]   🔴 [91m[1mD18BX003239[0m
2026-07-21 17:18:01 [INFO]      consumiu MAIS que o habitual às 09h
2026-07-21 17:18:01 [INFO]      [2mReal:[0m 0.354 m3   [2mHabitual:[0m 0.015 ± 0.065 m3   [2mz:[0m +5.18   [2mdesvio:[0m +2260%   [2m(19 obs. dia_util)[0m
2026-07-21 17:18:01 [INFO] 
2026-07-21 17:18:01 [INFO]   🔴 [91m[1mI19MF927865[0m
2026-07-21 17:18:01 [INFO]      consumiu MAIS que o habitual às 05h
2026-07-21 17:18:01 [INFO]      [2mReal:[0m 4.300 m3   [2mHabitual:[0m 0.187 ± 0.817 m3   [2mz:[0m +5.04   [2mdesvio:[0m +2195%   [2m(19 obs. dia_util)[0m
2026-07-21 17:18:01 [INFO] 
2026-07-21 17:18:01 [INFO]   🔴 [91m[1mI18JC067687[0m
2026-07-21 17:18:01 [INFO]      consumiu MAIS que o habitual às 09h
2026-07-21 17:18:01 [INFO]      [2mReal:[0m 0.238 m3   [2mHabitual:[0m 0.014 ± 0.045 m3   [2mz:[0m +5.02   [2mdesvio:[0m +1588%   [2m(10 obs. dia_util)[0m
2026-07-21 17:18:01 [INFO] 
2026-07-21 17:18:01 [INFO]   🔴 [91m[1mI21JC029361L[0m
2026-07-21 17:18:01 [INFO]      consumiu MAIS que o habitual às 20h
2026-07-21 17:18:01 [INFO]      [2mReal:[0m 0.249 m3   [2mHabitual:[0m 0.088 ± 0.032 m3   [2mz:[0m +4.99   [2mdesvio:[0m +183%   [2m(16 obs. dia_util)[0m
2026-07-21 17:18:01 [INFO] 
2026-07-21 17:18:01 [INFO]   🔴 [91m[1mI23JC096063T[0m
2026-07-21 17:18:01 [INFO]      consumiu MAIS que o habitual às 19h
2026-07-21 17:18:01 [INFO]      [2mReal:[0m 0.578 m3   [2mHabitual:[0m 0.261 ± 0.065 m3   [2mz:[0m +4.86   [2mdesvio:[0m +121%   [2m(18 obs. dia_util)[0m
2026-07-21 17:18:01 [INFO] 
2026-07-21 17:18:01 [INFO]   🔴 [91m[1mI21JC037657V[0m
2026-07-21 17:18:01 [INFO]      consumiu MAIS que o habitual às 20h
2026-07-21 17:18:01 [INFO]      [2mReal:[0m 0.488 m3   [2mHabitual:[0m 0.080 ± 0.084 m3   [2mz:[0m +4.84   [2mdesvio:[0m +512%   [2m(18 obs. dia_util)[0m
2026-07-21 17:18:01 [INFO] 
2026-07-21 17:18:01 [INFO]   🔴 [91m[1mD16BA133407[0m
2026-07-21 17:18:01 [INFO]      consumiu MAIS que o habitual às 16h
2026-07-21 17:18:01 [INFO]      [2mReal:[0m 0.077 m3   [2mHabitual:[0m 0.020 ± 0.012 m3   [2mz:[0m +4.76   [2mdesvio:[0m +285%   [2m(19 obs. dia_util)[0m
2026-07-21 17:18:01 [INFO] 
2026-07-21 17:18:01 [INFO]   🔴 [91m[1mI22JC094280J[0m
2026-07-21 17:18:01 [INFO]      consumiu MAIS que o habitual às 23h
2026-07-21 17:18:01 [INFO]      [2mReal:[0m 0.169 m3   [2mHabitual:[0m 0.030 ± 0.031 m3   [2mz:[0m +4.56   [2mdesvio:[0m +471%   [2m(18 obs. dia_util)[0m
2026-07-21 17:18:01 [INFO] 
2026-07-21 17:18:01 [INFO]   🔴 [91m[1mI23JC096059X[0m
2026-07-21 17:18:01 [INFO]      consumiu MAIS que o habitual às 00h
2026-07-21 17:18:01 [INFO]      [2mReal:[0m 0.294 m3   [2mHabitual:[0m 0.080 ± 0.048 m3   [2mz:[0m +4.49   [2mdesvio:[0m +267%   [2m(19 obs. dia_util)[0m
2026-07-21 17:18:01 [INFO] 
2026-07-21 17:18:01 [INFO]   🔴 [91m[1mI21JC029107Z[0m
2026-07-21 17:18:01 [INFO]      consumiu MAIS que o habitual às 13h
2026-07-21 17:18:01 [INFO]      [2mReal:[0m 11.382 m3   [2mHabitual:[0m 1.000 ± 2.388 m3   [2mz:[0m +4.35   [2mdesvio:[0m +1038%   [2m(18 obs. dia_util)[0m
2026-07-21 17:18:01 [INFO] 
2026-07-21 17:18:01 [INFO]   🔴 [91m[1mI22JC094276N[0m
2026-07-21 17:18:01 [INFO]      consumiu MAIS que o habitual às 20h
2026-07-21 17:18:01 [INFO]      [2mReal:[0m 1.438 m3   [2mHabitual:[0m 0.341 ± 0.252 m3   [2mz:[0m +4.35   [2mdesvio:[0m +322%   [2m(13 obs. dia_util)[0m
2026-07-21 17:18:01 [INFO] 
2026-07-21 17:18:01 [INFO]   🔴 [91m[1mI19JC029877[0m
2026-07-21 17:18:01 [INFO]      consumiu MAIS que o habitual às 07h
2026-07-21 17:18:01 [INFO]      [2mReal:[0m 0.057 m3   [2mHabitual:[0m 0.014 ± 0.010 m3   [2mz:[0m +4.29   [2mdesvio:[0m +304%   [2m(18 obs. dia_util)[0m
2026-07-21 17:18:01 [INFO] 
2026-07-21 17:18:01 [INFO]   🔴 [91m[1mC21FE004002H[0m
2026-07-21 17:18:01 [INFO]      consumiu MAIS que o habitual às 00h
2026-07-21 17:18:01 [INFO]      [2mReal:[0m 0.091 m3   [2mHabitual:[0m 0.022 ± 0.017 m3   [2mz:[0m +4.09   [2mdesvio:[0m +314%   [2m(19 obs. dia_util)[0m
2026-07-21 17:18:01 [INFO] 
2026-07-21 17:18:01 [INFO]   🔴 [91m[1mI21JC029153F[0m
2026-07-21 17:18:01 [INFO]      consumiu MAIS que o habitual às 23h
2026-07-21 17:18:01 [INFO]      [2mReal:[0m 1.227 m3   [2mHabitual:[0m 0.104 ± 0.280 m3   [2mz:[0m +4.01   [2mdesvio:[0m +1084%   [2m(19 obs. dia_util)[0m
2026-07-21 17:18:01 [INFO] 
2026-07-21 17:18:01 [INFO]   🔴 [91m[1mD03TD027211[0m
2026-07-21 17:18:01 [INFO]      consumiu MAIS que o habitual às 10h
2026-07-21 17:18:01 [INFO]      [2mReal:[0m 0.134 m3   [2mHabitual:[0m 0.042 ± 0.023 m3   [2mz:[0m +3.98   [2mdesvio:[0m +220%   [2m(19 obs. dia_util)[0m
2026-07-21 17:18:01 [INFO] 
2026-07-21 17:18:01 [INFO]   🔴 [91m[1mI21JC029465S[0m
2026-07-21 17:18:01 [INFO]      consumiu MAIS que o habitual às 00h
2026-07-21 17:18:01 [INFO]      [2mReal:[0m 0.918 m3   [2mHabitual:[0m 0.454 ± 0.118 m3   [2mz:[0m +3.92   [2mdesvio:[0m +102%   [2m(19 obs. dia_util)[0m
2026-07-21 17:18:01 [INFO] 
2026-07-21 17:18:01 [INFO]   🔴 [91m[1mI17JE060876[0m
2026-07-21 17:18:01 [INFO]      consumiu MAIS que o habitual às 10h
2026-07-21 17:18:01 [INFO]      [2mReal:[0m 0.556 m3   [2mHabitual:[0m 0.248 ± 0.079 m3   [2mz:[0m +3.89   [2mdesvio:[0m +124%   [2m(18 obs. dia_util)[0m
2026-07-21 17:18:01 [INFO] 
2026-07-21 17:18:01 [INFO]   🔴 [91m[1mI19JC029874[0m
2026-07-21 17:18:01 [INFO]      consumiu MAIS que o habitual às 07h
2026-07-21 17:18:01 [INFO]      [2mReal:[0m 0.061 m3   [2mHabitual:[0m 0.019 ± 0.011 m3   [2mz:[0m +3.88   [2mdesvio:[0m +226%   [2m(18 obs. dia_util)[0m
2026-07-21 17:18:01 [INFO] 
2026-07-21 17:18:01 [INFO]   🔴 [91m[1mC23FE003152I[0m
2026-07-21 17:18:01 [INFO]      consumiu MAIS que o habitual às 19h
2026-07-21 17:18:01 [INFO]      [2mReal:[0m 0.130 m3   [2mHabitual:[0m 0.021 ± 0.029 m3   [2mz:[0m +3.81   [2mdesvio:[0m +531%   [2m(19 obs. dia_util)[0m
2026-07-21 17:18:01 [INFO] 
2026-07-21 17:18:01 [INFO]   🔴 [91m[1mI21JC043489M[0m
2026-07-21 17:18:01 [INFO]      consumiu MAIS que o habitual às 15h
2026-07-21 17:18:01 [INFO]      [2mReal:[0m 0.167 m3   [2mHabitual:[0m 0.041 ± 0.033 m3   [2mz:[0m +3.80   [2mdesvio:[0m +308%   [2m(18 obs. dia_util)[0m
2026-07-21 17:18:01 [INFO] 
2026-07-21 17:18:01 [INFO]   🔴 [91m[1mI14JE002622G[0m
2026-07-21 17:18:01 [INFO]      consumiu MAIS que o habitual às 22h
2026-07-21 17:18:01 [INFO]      [2mReal:[0m 0.040 m3   [2mHabitual:[0m 0.003 ± 0.010 m3   [2mz:[0m +3.74   [2mdesvio:[0m +1438%   [2m(19 obs. dia_util)[0m
2026-07-21 17:18:01 [INFO] 
2026-07-21 17:18:01 [INFO]   🔴 [91m[1mD03TD027211[0m
2026-07-21 17:18:01 [INFO]      consumiu MAIS que o habitual às 19h
2026-07-21 17:18:01 [INFO]      [2mReal:[0m 0.084 m3   [2mHabitual:[0m 0.019 ± 0.018 m3   [2mz:[0m +3.65   [2mdesvio:[0m +333%   [2m(19 obs. dia_util)[0m
2026-07-21 17:18:01 [INFO] 
2026-07-21 17:18:01 [INFO]   🔴 [91m[1mD06AE082862[0m
2026-07-21 17:18:01 [INFO]      consumiu MAIS que o habitual às 08h
2026-07-21 17:18:01 [INFO]      [2mReal:[0m 0.575 m3   [2mHabitual:[0m 0.071 ± 0.139 m3   [2mz:[0m +3.62   [2mdesvio:[0m +709%   [2m(17 obs. dia_util)[0m
2026-07-21 17:18:01 [INFO] 
2026-07-21 17:18:01 [INFO]   🔴 [91m[1mH19VA232210[0m
2026-07-21 17:18:01 [INFO]      consumiu MAIS que o habitual às 12h
2026-07-21 17:18:01 [INFO]      [2mReal:[0m 0.338 m3   [2mHabitual:[0m 0.031 ± 0.085 m3   [2mz:[0m +3.60   [2mdesvio:[0m +976%   [2m(19 obs. dia_util)[0m
2026-07-21 17:18:01 [INFO] 
2026-07-21 17:18:01 [INFO]   🔴 [91m[1mI21JC037660Q[0m
2026-07-21 17:18:01 [INFO]      consumiu MAIS que o habitual às 07h
2026-07-21 17:18:01 [INFO]      [2mReal:[0m 0.142 m3   [2mHabitual:[0m 0.038 ± 0.029 m3   [2mz:[0m +3.57   [2mdesvio:[0m +275%   [2m(17 obs. dia_util)[0m
2026-07-21 17:18:01 [INFO] 
2026-07-21 17:18:01 [INFO]   🔴 [91m[1mH21OF834752B[0m
2026-07-21 17:18:01 [INFO]      consumiu MAIS que o habitual às 17h
2026-07-21 17:18:01 [INFO]      [2mReal:[0m 0.490 m3   [2mHabitual:[0m 0.179 ± 0.088 m3   [2mz:[0m +3.54   [2mdesvio:[0m +173%   [2m(18 obs. dia_util)[0m
2026-07-21 17:18:01 [INFO] 
2026-07-21 17:18:01 [INFO]   🔴 [91m[1mI22JC094280J[0m
2026-07-21 17:18:01 [INFO]      consumiu MAIS que o habitual às 07h
2026-07-21 17:18:01 [INFO]      [2mReal:[0m 0.167 m3   [2mHabitual:[0m 0.060 ± 0.030 m3   [2mz:[0m +3.54   [2mdesvio:[0m +177%   [2m(10 obs. dia_util)[0m
2026-07-21 17:18:01 [INFO] 
2026-07-21 17:18:01 [INFO]   🔴 [91m[1mH21OF834752B[0m
2026-07-21 17:18:01 [INFO]      consumiu MAIS que o habitual às 14h
2026-07-21 17:18:01 [INFO]      [2mReal:[0m 0.490 m3   [2mHabitual:[0m 0.162 ± 0.093 m3   [2mz:[0m +3.51   [2mdesvio:[0m +203%   [2m(18 obs. dia_util)[0m
2026-07-21 17:18:01 [INFO] 
2026-07-21 17:18:01 [INFO]   🔴 [91m[1mI22JC094285O[0m
2026-07-21 17:18:01 [INFO]      consumiu MAIS que o habitual às 16h
2026-07-21 17:18:01 [INFO]      [2mReal:[0m 0.108 m3   [2mHabitual:[0m 0.029 ± 0.023 m3   [2mz:[0m +3.51   [2mdesvio:[0m +276%   [2m(17 obs. dia_util)[0m
2026-07-21 17:18:01 [INFO] 
2026-07-21 17:18:01 [INFO] [1m[93m--- Desvios de BAIXA confianca (1) ------------------[0m
2026-07-21 17:18:01 [INFO]   [2m(poucos dados historicos - verificar manualmente)[0m
2026-07-21 17:18:01 [INFO] 
2026-07-21 17:18:01 [INFO]   🔴 [91m[1mD05AE129685[0m
2026-07-21 17:18:01 [INFO]      consumiu MAIS que o habitual às 09h
2026-07-21 17:18:01 [INFO]      [2mReal:[0m 14.973 m3   [2mHabitual:[0m 0.878 ± 1.756 m3   [2mz:[0m +8.03   [2mdesvio:[0m +1606%   [2m(4 obs. dia_util)[0m
2026-07-21 17:18:01 [INFO] 
2026-07-21 17:18:01 [INFO] CSV guardado: C:\Users\anaca\OneDrive\Ambiente de Trabalho\Tese\ts-anomaly-detection-dissertation\results\agua\realtime\alerts\analise_agua_2026-05-04.csv
2026-07-21 17:18:01 [INFO] 
2026-07-21 17:18:01 [INFO] [1m======================================================================[0m
2026-07-21 17:18:01 [INFO] [1m  DETECAO DE ANOMALIAS AGUA - 2026-05-05[0m
2026-07-21 17:18:01 [INFO] [1m======================================================================[0m
2026-07-21 17:18:01 [INFO]   [2mTipo de dia:[0m        dia util
2026-07-21 17:18:01 [INFO]   [2mFonte:[0m              BAZE
2026-07-21 17:18:01 [INFO]   [2mContadores c/ dados:[0m 359
2026-07-21 17:18:01 [INFO]   [2mPontos contador/hora:[0m 7844
2026-07-21 17:18:01 [INFO]   [2mThreshold:[0m          |z| > 3.5 [2m(adaptativo a este tipo de dia)[0m
2026-07-21 17:18:01 [INFO] 
2026-07-21 17:18:19 [INFO] [1m--- Resumo -------------------------------------[0m
2026-07-21 17:18:19 [INFO]   [92mNormal[0m                  7749 [2m( 98.8%)[0m
2026-07-21 17:18:19 [INFO]   [91mDesvio (alta confianca)[0m   95 [2m(  1.2%)[0m
2026-07-21 17:18:19 [INFO]   [93mDesvio (baixa confianca)[0m   0 [2m(  0.0%)[0m
2026-07-21 17:18:19 [INFO]   [2mTempo: 18.3s[0m
2026-07-21 17:18:19 [INFO] 
2026-07-21 17:18:19 [INFO] [1m--- Desvios de ALTA confianca (95) -------------------[0m
2026-07-21 17:18:19 [INFO] 
2026-07-21 17:18:19 [INFO]   🔴 [91m[1mD03TD027211[0m
2026-07-21 17:18:19 [INFO]      consumiu MAIS que o habitual às 10h
2026-07-21 17:18:19 [INFO]      [2mReal:[0m 0.546 m3   [2mHabitual:[0m 0.046 ± 0.030 m3   [2mz:[0m +10.00 (cap)   [2mdesvio:[0m +1074%   [2m(20 obs. dia_util)[0m
2026-07-21 17:18:19 [INFO] 
2026-07-21 17:18:19 [INFO]   🔴 [91m[1mD05AE129685[0m
2026-07-21 17:18:19 [INFO]      consumiu MAIS que o habitual às 03h
2026-07-21 17:18:19 [INFO]      [2mReal:[0m 1.029 m3   [2mHabitual:[0m 0.002 ± 0.010 m3   [2mz:[0m +10.00 (cap)   [2mdesvio:[0m +60429%   [2m(11 obs. dia_util)[0m
2026-07-21 17:18:19 [INFO] 
2026-07-21 17:18:19 [INFO]   🔴 [91m[1mD10JC116614G[0m
2026-07-21 17:18:19 [INFO]      consumiu MAIS que o habitual às 00h
2026-07-21 17:18:19 [INFO]      [2mReal:[0m 2.651 m3   [2mHabitual:[0m 0.000 ± 0.010 m3   [2mz:[0m +10.00 (cap)   [2mdesvio:[0m +265100%   [2m(10 obs. dia_util)[0m
2026-07-21 17:18:19 [INFO] 
2026-07-21 17:18:19 [INFO]   🔴 [91m[1mD10OF068767[0m
2026-07-21 17:18:19 [INFO]      consumiu MAIS que o habitual às 07h
2026-07-21 17:18:19 [INFO]      [2mReal:[0m 5.500 m3   [2mHabitual:[0m 0.000 ± 0.010 m3   [2mz:[0m +10.00 (cap)   [2mdesvio:[0m +550000%   [2m(20 obs. dia_util)[0m
2026-07-21 17:18:19 [INFO] 
2026-07-21 17:18:19 [INFO]   🔴 [91m[1mD10OF068767[0m
2026-07-21 17:18:19 [INFO]      consumiu MAIS que o habitual às 08h
2026-07-21 17:18:19 [INFO]      [2mReal:[0m 3.600 m3   [2mHabitual:[0m 0.000 ± 0.010 m3   [2mz:[0m +10.00 (cap)   [2mdesvio:[0m +360000%   [2m(20 obs. dia_util)[0m
2026-07-21 17:18:19 [INFO] 
2026-07-21 17:18:19 [INFO]   🔴 [91m[1mD10OF068767[0m
2026-07-21 17:18:19 [INFO]      consumiu MAIS que o habitual às 09h
2026-07-21 17:18:19 [INFO]      [2mReal:[0m 3.900 m3   [2mHabitual:[0m 0.000 ± 0.010 m3   [2mz:[0m +10.00 (cap)   [2mdesvio:[0m +390000%   [2m(20 obs. dia_util)[0m
2026-07-21 17:18:19 [INFO] 
2026-07-21 17:18:19 [INFO]   🔴 [91m[1mD10OF068767[0m
2026-07-21 17:18:19 [INFO]      consumiu MAIS que o habitual às 10h
2026-07-21 17:18:19 [INFO]      [2mReal:[0m 3.400 m3   [2mHabitual:[0m 0.000 ± 0.010 m3   [2mz:[0m +10.00 (cap)   [2mdesvio:[0m +340000%   [2m(19 obs. dia_util)[0m
2026-07-21 17:18:19 [INFO] 
2026-07-21 17:18:19 [INFO]   🔴 [91m[1mD10OF068767[0m
2026-07-21 17:18:19 [INFO]      consumiu MAIS que o habitual às 15h
2026-07-21 17:18:19 [INFO]      [2mReal:[0m 87205.000 m3   [2mHabitual:[0m 0.190 ± 0.850 m3   [2mz:[0m +10.00 (cap)   [2mdesvio:[0m +45897268%   [2m(20 obs. dia_util)[0m
2026-07-21 17:18:19 [INFO] 
2026-07-21 17:18:19 [INFO]   🔴 [91m[1mD10OF068767[0m
2026-07-21 17:18:19 [INFO]      consumiu MAIS que o habitual às 18h
2026-07-21 17:18:19 [INFO]      [2mReal:[0m 2.300 m3   [2mHabitual:[0m 0.000 ± 0.010 m3   [2mz:[0m +10.00 (cap)   [2mdesvio:[0m +230000%   [2m(19 obs. dia_util)[0m
2026-07-21 17:18:19 [INFO] 
2026-07-21 17:18:19 [INFO]   🔴 [91m[1mD16BX009428[0m
2026-07-21 17:18:19 [INFO]      consumiu MAIS que o habitual às 21h
2026-07-21 17:18:19 [INFO]      [2mReal:[0m 0.934 m3   [2mHabitual:[0m 0.186 ± 0.047 m3   [2mz:[0m +10.00 (cap)   [2mdesvio:[0m +402%   [2m(14 obs. dia_util)[0m
2026-07-21 17:18:19 [INFO] 
2026-07-21 17:18:19 [INFO]   🔴 [91m[1mD18BX003239[0m
2026-07-21 17:18:19 [INFO]      consumiu MAIS que o habitual às 00h
2026-07-21 17:18:19 [INFO]      [2mReal:[0m 0.587 m3   [2mHabitual:[0m 0.000 ± 0.010 m3   [2mz:[0m +10.00 (cap)   [2mdesvio:[0m +58700%   [2m(19 obs. dia_util)[0m
2026-07-21 17:18:19 [INFO] 
2026-07-21 17:18:19 [INFO]   🔴 [91m[1mD18BX003239[0m
2026-07-21 17:18:19 [INFO]      consumiu MAIS que o habitual às 01h
2026-07-21 17:18:19 [INFO]      [2mReal:[0m 0.486 m3   [2mHabitual:[0m 0.000 ± 0.010 m3   [2mz:[0m +10.00 (cap)   [2mdesvio:[0m +48600%   [2m(19 obs. dia_util)[0m
2026-07-21 17:18:19 [INFO] 
2026-07-21 17:18:19 [INFO]   🔴 [91m[1mD18BX003239[0m
2026-07-21 17:18:19 [INFO]      consumiu MAIS que o habitual às 02h
2026-07-21 17:18:19 [INFO]      [2mReal:[0m 0.241 m3   [2mHabitual:[0m 0.000 ± 0.010 m3   [2mz:[0m +10.00 (cap)   [2mdesvio:[0m +24100%   [2m(19 obs. dia_util)[0m
2026-07-21 17:18:19 [INFO] 
2026-07-21 17:18:19 [INFO]   🔴 [91m[1mD19BA343473[0m
2026-07-21 17:18:19 [INFO]      consumiu MAIS que o habitual às 12h
2026-07-21 17:18:19 [INFO]      [2mReal:[0m 0.130 m3   [2mHabitual:[0m 0.002 ± 0.010 m3   [2mz:[0m +10.00 (cap)   [2mdesvio:[0m +5552%   [2m(20 obs. dia_util)[0m
2026-07-21 17:18:19 [INFO] 
2026-07-21 17:18:19 [INFO]   🔴 [91m[1mH21OF834686I[0m
2026-07-21 17:18:19 [INFO]      consumiu MAIS que o habitual às 12h
2026-07-21 17:18:19 [INFO]      [2mReal:[0m 2.150 m3   [2mHabitual:[0m 0.114 ± 0.104 m3   [2mz:[0m +10.00 (cap)   [2mdesvio:[0m +1794%   [2m(20 obs. dia_util)[0m
2026-07-21 17:18:19 [INFO] 
2026-07-21 17:18:19 [INFO]   🔴 [91m[1mH21OF834686I[0m
2026-07-21 17:18:19 [INFO]      consumiu MAIS que o habitual às 13h
2026-07-21 17:18:19 [INFO]      [2mReal:[0m 1.240 m3   [2mHabitual:[0m 0.088 ± 0.107 m3   [2mz:[0m +10.00 (cap)   [2mdesvio:[0m +1301%   [2m(20 obs. dia_util)[0m
2026-07-21 17:18:19 [INFO] 
2026-07-21 17:18:19 [INFO]   🔴 [91m[1mH21OF834686I[0m
2026-07-21 17:18:19 [INFO]      consumiu MAIS que o habitual às 16h
2026-07-21 17:18:19 [INFO]      [2mReal:[0m 0.640 m3   [2mHabitual:[0m 0.054 ± 0.051 m3   [2mz:[0m +10.00 (cap)   [2mdesvio:[0m +1085%   [2m(20 obs. dia_util)[0m
2026-07-21 17:18:19 [INFO] 
2026-07-21 17:18:19 [INFO]   🔴 [91m[1mH21OF834686I[0m
2026-07-21 17:18:19 [INFO]      consumiu MAIS que o habitual às 17h
2026-07-21 17:18:19 [INFO]      [2mReal:[0m 0.640 m3   [2mHabitual:[0m 0.039 ± 0.055 m3   [2mz:[0m +10.00 (cap)   [2mdesvio:[0m +1541%   [2m(20 obs. dia_util)[0m
2026-07-21 17:18:19 [INFO] 
2026-07-21 17:18:19 [INFO]   🔴 [91m[1mH21OF834686I[0m
2026-07-21 17:18:19 [INFO]      consumiu MAIS que o habitual às 18h
2026-07-21 17:18:19 [INFO]      [2mReal:[0m 0.600 m3   [2mHabitual:[0m 0.046 ± 0.031 m3   [2mz:[0m +10.00 (cap)   [2mdesvio:[0m +1204%   [2m(20 obs. dia_util)[0m
2026-07-21 17:18:19 [INFO] 
2026-07-21 17:18:19 [INFO]   🔴 [91m[1mI19JC029885[0m
2026-07-21 17:18:19 [INFO]      consumiu MAIS que o habitual às 00h
2026-07-21 17:18:19 [INFO]      [2mReal:[0m 0.269 m3   [2mHabitual:[0m 0.000 ± 0.010 m3   [2mz:[0m +10.00 (cap)   [2mdesvio:[0m +26900%   [2m(19 obs. dia_util)[0m
2026-07-21 17:18:19 [INFO] 
2026-07-21 17:18:19 [INFO]   🔴 [91m[1mI19JC029885[0m
2026-07-21 17:18:19 [INFO]      consumiu MAIS que o habitual às 01h
2026-07-21 17:18:19 [INFO]      [2mReal:[0m 0.271 m3   [2mHabitual:[0m 0.000 ± 0.010 m3   [2mz:[0m +10.00 (cap)   [2mdesvio:[0m +27100%   [2m(19 obs. dia_util)[0m
2026-07-21 17:18:19 [INFO] 
2026-07-21 17:18:19 [INFO]   🔴 [91m[1mI19JC029885[0m
2026-07-21 17:18:19 [INFO]      consumiu MAIS que o habitual às 02h
2026-07-21 17:18:19 [INFO]      [2mReal:[0m 0.273 m3   [2mHabitual:[0m 0.000 ± 0.010 m3   [2mz:[0m +10.00 (cap)   [2mdesvio:[0m +27300%   [2m(20 obs. dia_util)[0m
2026-07-21 17:18:19 [INFO] 
2026-07-21 17:18:19 [INFO]   🔴 [91m[1mI19JC029885[0m
2026-07-21 17:18:19 [INFO]      consumiu MAIS que o habitual às 03h
2026-07-21 17:18:19 [INFO]      [2mReal:[0m 0.274 m3   [2mHabitual:[0m 0.000 ± 0.010 m3   [2mz:[0m +10.00 (cap)   [2mdesvio:[0m +27400%   [2m(20 obs. dia_util)[0m
2026-07-21 17:18:19 [INFO] 
2026-07-21 17:18:19 [INFO]   🔴 [91m[1mI19JC029885[0m
2026-07-21 17:18:19 [INFO]      consumiu MAIS que o habitual às 04h
2026-07-21 17:18:19 [INFO]      [2mReal:[0m 0.274 m3   [2mHabitual:[0m 0.000 ± 0.010 m3   [2mz:[0m +10.00 (cap)   [2mdesvio:[0m +27400%   [2m(20 obs. dia_util)[0m
2026-07-21 17:18:19 [INFO] 
2026-07-21 17:18:19 [INFO]   🔴 [91m[1mI19JC029885[0m
2026-07-21 17:18:19 [INFO]      consumiu MAIS que o habitual às 05h
2026-07-21 17:18:19 [INFO]      [2mReal:[0m 0.273 m3   [2mHabitual:[0m 0.000 ± 0.010 m3   [2mz:[0m +10.00 (cap)   [2mdesvio:[0m +27300%   [2m(17 obs. dia_util)[0m
2026-07-21 17:18:19 [INFO] 
2026-07-21 17:18:19 [INFO]   🔴 [91m[1mI19JC029885[0m
2026-07-21 17:18:19 [INFO]      consumiu MAIS que o habitual às 06h
2026-07-21 17:18:19 [INFO]      [2mReal:[0m 0.260 m3   [2mHabitual:[0m 0.000 ± 0.010 m3   [2mz:[0m +10.00 (cap)   [2mdesvio:[0m +26000%   [2m(20 obs. dia_util)[0m
2026-07-21 17:18:19 [INFO] 
2026-07-21 17:18:19 [INFO]   🔴 [91m[1mI19JC029885[0m
2026-07-21 17:18:19 [INFO]      consumiu MAIS que o habitual às 07h
2026-07-21 17:18:19 [INFO]      [2mReal:[0m 0.235 m3   [2mHabitual:[0m 0.000 ± 0.010 m3   [2mz:[0m +10.00 (cap)   [2mdesvio:[0m +23500%   [2m(20 obs. dia_util)[0m
2026-07-21 17:18:19 [INFO] 
2026-07-21 17:18:19 [INFO]   🔴 [91m[1mI19JC029885[0m
2026-07-21 17:18:19 [INFO]      consumiu MAIS que o habitual às 08h
2026-07-21 17:18:19 [INFO]      [2mReal:[0m 0.239 m3   [2mHabitual:[0m 0.000 ± 0.010 m3   [2mz:[0m +10.00 (cap)   [2mdesvio:[0m +23900%   [2m(20 obs. dia_util)[0m
2026-07-21 17:18:19 [INFO] 
2026-07-21 17:18:19 [INFO]   🔴 [91m[1mI19JC065533[0m
2026-07-21 17:18:19 [INFO]      consumiu MAIS que o habitual às 09h
2026-07-21 17:18:19 [INFO]      [2mReal:[0m 5.789 m3   [2mHabitual:[0m 0.134 ± 0.502 m3   [2mz:[0m +10.00 (cap)   [2mdesvio:[0m +4207%   [2m(14 obs. dia_util)[0m
2026-07-21 17:18:19 [INFO] 
2026-07-21 17:18:19 [INFO]   🔴 [91m[1mI19MF924543A[0m
2026-07-21 17:18:19 [INFO]      consumiu MAIS que o habitual às 19h
2026-07-21 17:18:19 [INFO]      [2mReal:[0m 0.170 m3   [2mHabitual:[0m 0.001 ± 0.010 m3   [2mz:[0m +10.00 (cap)   [2mdesvio:[0m +16900%   [2m(20 obs. dia_util)[0m
2026-07-21 17:18:19 [INFO] 
2026-07-21 17:18:19 [INFO]   🔴 [91m[1mI21JC029107Z[0m
2026-07-21 17:18:19 [INFO]      consumiu MAIS que o habitual às 16h
2026-07-21 17:18:19 [INFO]      [2mReal:[0m 0.201 m3   [2mHabitual:[0m 0.000 ± 0.010 m3   [2mz:[0m +10.00 (cap)   [2mdesvio:[0m +20100%   [2m(20 obs. dia_util)[0m
2026-07-21 17:18:19 [INFO] 
2026-07-21 17:18:19 [INFO]   🔴 [91m[1mI21JC029107Z[0m
2026-07-21 17:18:19 [INFO]      consumiu MAIS que o habitual às 17h
2026-07-21 17:18:19 [INFO]      [2mReal:[0m 0.200 m3   [2mHabitual:[0m 0.000 ± 0.010 m3   [2mz:[0m +10.00 (cap)   [2mdesvio:[0m +20000%   [2m(20 obs. dia_util)[0m
2026-07-21 17:18:19 [INFO] 
2026-07-21 17:18:19 [INFO]   🔴 [91m[1mI21JC029107Z[0m
2026-07-21 17:18:19 [INFO]      consumiu MAIS que o habitual às 18h
2026-07-21 17:18:19 [INFO]      [2mReal:[0m 0.201 m3   [2mHabitual:[0m 0.000 ± 0.010 m3   [2mz:[0m +10.00 (cap)   [2mdesvio:[0m +20100%   [2m(20 obs. dia_util)[0m
2026-07-21 17:18:19 [INFO] 
2026-07-21 17:18:19 [INFO]   🔴 [91m[1mI21JC029107Z[0m
2026-07-21 17:18:19 [INFO]      consumiu MAIS que o habitual às 19h
2026-07-21 17:18:19 [INFO]      [2mReal:[0m 0.201 m3   [2mHabitual:[0m 0.000 ± 0.010 m3   [2mz:[0m +10.00 (cap)   [2mdesvio:[0m +20100%   [2m(20 obs. dia_util)[0m
2026-07-21 17:18:19 [INFO] 
2026-07-21 17:18:19 [INFO]   🔴 [91m[1mI21JC029107Z[0m
2026-07-21 17:18:19 [INFO]      consumiu MAIS que o habitual às 20h
2026-07-21 17:18:19 [INFO]      [2mReal:[0m 0.200 m3   [2mHabitual:[0m 0.000 ± 0.010 m3   [2mz:[0m +10.00 (cap)   [2mdesvio:[0m +20000%   [2m(20 obs. dia_util)[0m
2026-07-21 17:18:19 [INFO] 
2026-07-21 17:18:19 [INFO]   🔴 [91m[1mI21JC029107Z[0m
2026-07-21 17:18:19 [INFO]      consumiu MAIS que o habitual às 21h
2026-07-21 17:18:19 [INFO]      [2mReal:[0m 0.200 m3   [2mHabitual:[0m 0.000 ± 0.010 m3   [2mz:[0m +10.00 (cap)   [2mdesvio:[0m +20000%   [2m(20 obs. dia_util)[0m
2026-07-21 17:18:19 [INFO] 
2026-07-21 17:18:19 [INFO]   🔴 [91m[1mI21JC029107Z[0m
2026-07-21 17:18:19 [INFO]      consumiu MAIS que o habitual às 22h
2026-07-21 17:18:19 [INFO]      [2mReal:[0m 0.200 m3   [2mHabitual:[0m 0.000 ± 0.010 m3   [2mz:[0m +10.00 (cap)   [2mdesvio:[0m +20000%   [2m(20 obs. dia_util)[0m
2026-07-21 17:18:19 [INFO] 
2026-07-21 17:18:19 [INFO]   🔴 [91m[1mI21JC029107Z[0m
2026-07-21 17:18:19 [INFO]      consumiu MAIS que o habitual às 23h
2026-07-21 17:18:19 [INFO]      [2mReal:[0m 0.200 m3   [2mHabitual:[0m 0.000 ± 0.010 m3   [2mz:[0m +10.00 (cap)   [2mdesvio:[0m +20000%   [2m(20 obs. dia_util)[0m
2026-07-21 17:18:19 [INFO] 
2026-07-21 17:18:19 [INFO]   🔴 [91m[1mI21JC029134C[0m
2026-07-21 17:18:19 [INFO]      consumiu MAIS que o habitual às 14h
2026-07-21 17:18:19 [INFO]      [2mReal:[0m 3.556 m3   [2mHabitual:[0m 0.700 ± 0.268 m3   [2mz:[0m +10.00 (cap)   [2mdesvio:[0m +408%   [2m(19 obs. dia_util)[0m
2026-07-21 17:18:19 [INFO] 
2026-07-21 17:18:19 [INFO]   🔴 [91m[1mI21JC029165J[0m
2026-07-21 17:18:19 [INFO]      consumiu MAIS que o habitual às 00h
2026-07-21 17:18:19 [INFO]      [2mReal:[0m 1.730 m3   [2mHabitual:[0m 0.189 ± 0.106 m3   [2mz:[0m +10.00 (cap)   [2mdesvio:[0m +813%   [2m(18 obs. dia_util)[0m
2026-07-21 17:18:19 [INFO] 
2026-07-21 17:18:19 [INFO]   🔴 [91m[1mI21LA327835[0m
2026-07-21 17:18:19 [INFO]      consumiu MAIS que o habitual às 14h
2026-07-21 17:18:19 [INFO]      [2mReal:[0m 0.125 m3   [2mHabitual:[0m 0.003 ± 0.010 m3   [2mz:[0m +10.00 (cap)   [2mdesvio:[0m +4900%   [2m(13 obs. dia_util)[0m
2026-07-21 17:18:19 [INFO] 
2026-07-21 17:18:19 [INFO]   🔴 [91m[1mI19JC065533[0m
2026-07-21 17:18:19 [INFO]      consumiu MAIS que o habitual às 15h
2026-07-21 17:18:19 [INFO]      [2mReal:[0m 2.731 m3   [2mHabitual:[0m 0.069 ± 0.274 m3   [2mz:[0m +9.73   [2mdesvio:[0m +3881%   [2m(16 obs. dia_util)[0m
2026-07-21 17:18:19 [INFO] 
2026-07-21 17:18:19 [INFO]   🔴 [91m[1mI22JC094286P[0m
2026-07-21 17:18:19 [INFO]      consumiu MAIS que o habitual às 00h
2026-07-21 17:18:19 [INFO]      [2mReal:[0m 1.846 m3   [2mHabitual:[0m 0.147 ± 0.194 m3   [2mz:[0m +8.74   [2mdesvio:[0m +1153%   [2m(19 obs. dia_util)[0m
2026-07-21 17:18:19 [INFO] 
2026-07-21 17:18:19 [INFO]   🔴 [91m[1mI21LA186317[0m
2026-07-21 17:18:19 [INFO]      consumiu MAIS que o habitual às 19h
2026-07-21 17:18:19 [INFO]      [2mReal:[0m 0.102 m3   [2mHabitual:[0m 0.009 ± 0.011 m3   [2mz:[0m +8.37   [2mdesvio:[0m +1086%   [2m(19 obs. dia_util)[0m
2026-07-21 17:18:19 [INFO] 
2026-07-21 17:18:19 [INFO]   🔴 [91m[1mI21LA186317[0m
2026-07-21 17:18:19 [INFO]      consumiu MAIS que o habitual às 18h
2026-07-21 17:18:19 [INFO]      [2mReal:[0m 0.103 m3   [2mHabitual:[0m 0.013 ± 0.011 m3   [2mz:[0m +8.24   [2mdesvio:[0m +724%   [2m(19 obs. dia_util)[0m
2026-07-21 17:18:19 [INFO] 
2026-07-21 17:18:19 [INFO]   🔴 [91m[1mD08AC395031B[0m
2026-07-21 17:18:19 [INFO]      consumiu MAIS que o habitual às 21h
2026-07-21 17:18:19 [INFO]      [2mReal:[0m 0.110 m3   [2mHabitual:[0m 0.017 ± 0.013 m3   [2mz:[0m +7.46   [2mdesvio:[0m +551%   [2m(20 obs. dia_util)[0m
2026-07-21 17:18:19 [INFO] 
2026-07-21 17:18:19 [INFO]   🔴 [91m[1mI22JC094278P[0m
2026-07-21 17:18:19 [INFO]      consumiu MAIS que o habitual às 01h
2026-07-21 17:18:19 [INFO]      [2mReal:[0m 0.082 m3   [2mHabitual:[0m 0.012 ± 0.010 m3   [2mz:[0m +6.99   [2mdesvio:[0m +578%   [2m(16 obs. dia_util)[0m
2026-07-21 17:18:19 [INFO] 
2026-07-21 17:18:19 [INFO]   🔴 [91m[1mI19JC029885[0m
2026-07-21 17:18:19 [INFO]      consumiu MAIS que o habitual às 09h
2026-07-21 17:18:19 [INFO]      [2mReal:[0m 0.245 m3   [2mHabitual:[0m 0.008 ± 0.035 m3   [2mz:[0m +6.85   [2mdesvio:[0m +3082%   [2m(20 obs. dia_util)[0m
2026-07-21 17:18:19 [INFO] 
2026-07-21 17:18:19 [INFO]   🔴 [91m[1mI19JC029877[0m
2026-07-21 17:18:19 [INFO]      consumiu MAIS que o habitual às 16h
2026-07-21 17:18:19 [INFO]      [2mReal:[0m 0.704 m3   [2mHabitual:[0m 0.146 ± 0.085 m3   [2mz:[0m +6.57   [2mdesvio:[0m +382%   [2m(19 obs. dia_util)[0m
2026-07-21 17:18:19 [INFO] 
2026-07-21 17:18:19 [INFO]   🔴 [91m[1mD03TD027211[0m
2026-07-21 17:18:19 [INFO]      consumiu MAIS que o habitual às 07h
2026-07-21 17:18:19 [INFO]      [2mReal:[0m 0.162 m3   [2mHabitual:[0m 0.024 ± 0.022 m3   [2mz:[0m +6.33   [2mdesvio:[0m +569%   [2m(20 obs. dia_util)[0m
2026-07-21 17:18:19 [INFO] 
2026-07-21 17:18:19 [INFO]   🔴 [91m[1mD03TD027211[0m
2026-07-21 17:18:19 [INFO]      consumiu MAIS que o habitual às 11h
2026-07-21 17:18:19 [INFO]      [2mReal:[0m 0.485 m3   [2mHabitual:[0m 0.078 ± 0.066 m3   [2mz:[0m +6.14   [2mdesvio:[0m +523%   [2m(20 obs. dia_util)[0m
2026-07-21 17:18:19 [INFO] 
2026-07-21 17:18:19 [INFO]   🔴 [91m[1mD08AC395031B[0m
2026-07-21 17:18:19 [INFO]      consumiu MAIS que o habitual às 16h
2026-07-21 17:18:19 [INFO]      [2mReal:[0m 0.144 m3   [2mHabitual:[0m 0.021 ± 0.021 m3   [2mz:[0m +5.95   [2mdesvio:[0m +582%   [2m(20 obs. dia_util)[0m
2026-07-21 17:18:19 [INFO] 
2026-07-21 17:18:19 [INFO]   🔴 [91m[1mD03TD027211[0m
2026-07-21 17:18:19 [INFO]      consumiu MAIS que o habitual às 12h
2026-07-21 17:18:19 [INFO]      [2mReal:[0m 0.309 m3   [2mHabitual:[0m 0.084 ± 0.039 m3   [2mz:[0m +5.74   [2mdesvio:[0m +270%   [2m(20 obs. dia_util)[0m
2026-07-21 17:18:19 [INFO] 
2026-07-21 17:18:19 [INFO]   🔴 [91m[1mD16XF077374[0m
2026-07-21 17:18:19 [INFO]      consumiu MAIS que o habitual às 07h
2026-07-21 17:18:19 [INFO]      [2mReal:[0m 0.380 m3   [2mHabitual:[0m 0.057 ± 0.058 m3   [2mz:[0m +5.62   [2mdesvio:[0m +570%   [2m(18 obs. dia_util)[0m
2026-07-21 17:18:19 [INFO] 
2026-07-21 17:18:19 [INFO]   🔴 [91m[1mI19JC065533[0m
2026-07-21 17:18:19 [INFO]      consumiu MAIS que o habitual às 13h
2026-07-21 17:18:19 [INFO]      [2mReal:[0m 2.722 m3   [2mHabitual:[0m 0.117 ± 0.469 m3   [2mz:[0m +5.56   [2mdesvio:[0m +2221%   [2m(16 obs. dia_util)[0m
2026-07-21 17:18:19 [INFO] 
2026-07-21 17:18:19 [INFO]   🔴 [91m[1mD19BA343504[0m
2026-07-21 17:18:19 [INFO]      consumiu MAIS que o habitual às 12h
2026-07-21 17:18:19 [INFO]      [2mReal:[0m 0.055 m3   [2mHabitual:[0m 0.003 ± 0.010 m3   [2mz:[0m +5.17   [2mdesvio:[0m +1518%   [2m(20 obs. dia_util)[0m
2026-07-21 17:18:19 [INFO] 
2026-07-21 17:18:19 [INFO]   🔴 [91m[1mH21OF834686I[0m
2026-07-21 17:18:19 [INFO]      consumiu MAIS que o habitual às 15h
2026-07-21 17:18:19 [INFO]      [2mReal:[0m 0.740 m3   [2mHabitual:[0m 0.100 ± 0.130 m3   [2mz:[0m +4.91   [2mdesvio:[0m +640%   [2m(20 obs. dia_util)[0m
2026-07-21 17:18:19 [INFO] 
2026-07-21 17:18:19 [INFO]   🔴 [91m[1mI21JC037659X[0m
2026-07-21 17:18:19 [INFO]      consumiu MAIS que o habitual às 00h
2026-07-21 17:18:19 [INFO]      [2mReal:[0m 0.051 m3   [2mHabitual:[0m 0.002 ± 0.010 m3   [2mz:[0m +4.90   [2mdesvio:[0m +2450%   [2m(19 obs. dia_util)[0m
2026-07-21 17:18:19 [INFO] 
2026-07-21 17:18:19 [INFO]   🔴 [91m[1mI21JC029165J[0m
2026-07-21 17:18:19 [INFO]      consumiu MAIS que o habitual às 22h
2026-07-21 17:18:19 [INFO]      [2mReal:[0m 1.020 m3   [2mHabitual:[0m 0.225 ± 0.164 m3   [2mz:[0m +4.86   [2mdesvio:[0m +354%   [2m(18 obs. dia_util)[0m
2026-07-21 17:18:19 [INFO] 
2026-07-21 17:18:19 [INFO]   🔴 [91m[1mC22FC002177Q[0m
2026-07-21 17:18:19 [INFO]      consumiu MAIS que o habitual às 16h
2026-07-21 17:18:19 [INFO]      [2mReal:[0m 0.289 m3   [2mHabitual:[0m 0.024 ± 0.056 m3   [2mz:[0m +4.74   [2mdesvio:[0m +1094%   [2m(19 obs. dia_util)[0m
2026-07-21 17:18:19 [INFO] 
2026-07-21 17:18:19 [INFO]   🔴 [91m[1mD01TE050163[0m
2026-07-21 17:18:19 [INFO]      consumiu MAIS que o habitual às 03h
2026-07-21 17:18:19 [INFO]      [2mReal:[0m 0.660 m3   [2mHabitual:[0m 0.277 ± 0.085 m3   [2mz:[0m +4.50   [2mdesvio:[0m +139%   [2m(15 obs. dia_util)[0m
2026-07-21 17:18:19 [INFO] 
2026-07-21 17:18:19 [INFO]   🔴 [91m[1mI19JC065533[0m
2026-07-21 17:18:19 [INFO]      consumiu MAIS que o habitual às 11h
2026-07-21 17:18:19 [INFO]      [2mReal:[0m 2.712 m3   [2mHabitual:[0m 0.154 ± 0.576 m3   [2mz:[0m +4.44   [2mdesvio:[0m +1660%   [2m(14 obs. dia_util)[0m
2026-07-21 17:18:19 [INFO] 
2026-07-21 17:18:19 [INFO]   🔴 [91m[1mI21JC029328K[0m
2026-07-21 17:18:19 [INFO]      consumiu MAIS que o habitual às 12h
2026-07-21 17:18:19 [INFO]      [2mReal:[0m 0.385 m3   [2mHabitual:[0m 0.064 ± 0.073 m3   [2mz:[0m +4.41   [2mdesvio:[0m +506%   [2m(16 obs. dia_util)[0m
2026-07-21 17:18:19 [INFO] 
2026-07-21 17:18:19 [INFO]   🔴 [91m[1mI19JC029885[0m
2026-07-21 17:18:19 [INFO]      consumiu MAIS que o habitual às 12h
2026-07-21 17:18:19 [INFO]      [2mReal:[0m 0.245 m3   [2mHabitual:[0m 0.012 ± 0.054 m3   [2mz:[0m +4.32   [2mdesvio:[0m +1942%   [2m(20 obs. dia_util)[0m
2026-07-21 17:18:19 [INFO] 
2026-07-21 17:18:19 [INFO]   🔴 [91m[1mI19JC029885[0m
2026-07-21 17:18:19 [INFO]      consumiu MAIS que o habitual às 11h
2026-07-21 17:18:19 [INFO]      [2mReal:[0m 0.242 m3   [2mHabitual:[0m 0.012 ± 0.053 m3   [2mz:[0m +4.30   [2mdesvio:[0m +1934%   [2m(20 obs. dia_util)[0m
2026-07-21 17:18:19 [INFO] 
2026-07-21 17:18:19 [INFO]   🔴 [91m[1mI19JC029885[0m
2026-07-21 17:18:19 [INFO]      consumiu MAIS que o habitual às 15h
2026-07-21 17:18:19 [INFO]      [2mReal:[0m 0.254 m3   [2mHabitual:[0m 0.013 ± 0.056 m3   [2mz:[0m +4.28   [2mdesvio:[0m +1916%   [2m(20 obs. dia_util)[0m
2026-07-21 17:18:19 [INFO] 
2026-07-21 17:18:19 [INFO]   🔴 [91m[1mI19JC029885[0m
2026-07-21 17:18:19 [INFO]      consumiu MAIS que o habitual às 16h
2026-07-21 17:18:19 [INFO]      [2mReal:[0m 0.255 m3   [2mHabitual:[0m 0.013 ± 0.057 m3   [2mz:[0m +4.28   [2mdesvio:[0m +1924%   [2m(20 obs. dia_util)[0m
2026-07-21 17:18:19 [INFO] 
2026-07-21 17:18:19 [INFO]   🔴 [91m[1mI19JC029885[0m
2026-07-21 17:18:19 [INFO]      consumiu MAIS que o habitual às 14h
2026-07-21 17:18:19 [INFO]      [2mReal:[0m 0.248 m3   [2mHabitual:[0m 0.014 ± 0.055 m3   [2mz:[0m +4.26   [2mdesvio:[0m +1646%   [2m(20 obs. dia_util)[0m
2026-07-21 17:18:19 [INFO] 
2026-07-21 17:18:19 [INFO]   🔴 [91m[1mD10OF068767[0m
2026-07-21 17:18:19 [INFO]      consumiu MAIS que o habitual às 16h
2026-07-21 17:18:19 [INFO]      [2mReal:[0m 3.500 m3   [2mHabitual:[0m 0.175 ± 0.783 m3   [2mz:[0m +4.25   [2mdesvio:[0m +1900%   [2m(20 obs. dia_util)[0m
2026-07-21 17:18:19 [INFO] 
2026-07-21 17:18:19 [INFO]   🔴 [91m[1mD10OF068767[0m
2026-07-21 17:18:19 [INFO]      consumiu MAIS que o habitual às 17h
2026-07-21 17:18:19 [INFO]      [2mReal:[0m 3.200 m3   [2mHabitual:[0m 0.160 ± 0.716 m3   [2mz:[0m +4.25   [2mdesvio:[0m +1900%   [2m(20 obs. dia_util)[0m
2026-07-21 17:18:19 [INFO] 
2026-07-21 17:18:19 [INFO]   🔴 [91m[1mI19JC029885[0m
2026-07-21 17:18:19 [INFO]      consumiu MAIS que o habitual às 20h
2026-07-21 17:18:19 [INFO]      [2mReal:[0m 0.230 m3   [2mHabitual:[0m 0.011 ± 0.051 m3   [2mz:[0m +4.25   [2mdesvio:[0m +1900%   [2m(20 obs. dia_util)[0m
2026-07-21 17:18:19 [INFO] 
2026-07-21 17:18:19 [INFO]   🔴 [91m[1mI21JC029405G[0m
2026-07-21 17:18:19 [INFO]      consumiu MAIS que o habitual às 23h
2026-07-21 17:18:19 [INFO]      [2mReal:[0m 1.302 m3   [2mHabitual:[0m 0.065 ± 0.291 m3   [2mz:[0m +4.25   [2mdesvio:[0m +1900%   [2m(20 obs. dia_util)[0m
2026-07-21 17:18:19 [INFO] 
2026-07-21 17:18:19 [INFO]   🔴 [91m[1mD10OF068767[0m
2026-07-21 17:18:19 [INFO]      consumiu MAIS que o habitual às 14h
2026-07-21 17:18:19 [INFO]      [2mReal:[0m 4.300 m3   [2mHabitual:[0m 0.221 ± 0.964 m3   [2mz:[0m +4.23   [2mdesvio:[0m +1845%   [2m(19 obs. dia_util)[0m
2026-07-21 17:18:19 [INFO] 
2026-07-21 17:18:19 [INFO]   🔴 [91m[1mI19JC029885[0m
2026-07-21 17:18:19 [INFO]      consumiu MAIS que o habitual às 19h
2026-07-21 17:18:19 [INFO]      [2mReal:[0m 0.235 m3   [2mHabitual:[0m 0.012 ± 0.053 m3   [2mz:[0m +4.21   [2mdesvio:[0m +1892%   [2m(20 obs. dia_util)[0m
2026-07-21 17:18:19 [INFO] 
2026-07-21 17:18:19 [INFO]   🔴 [91m[1mI19JC029885[0m
2026-07-21 17:18:19 [INFO]      consumiu MAIS que o habitual às 18h
2026-07-21 17:18:19 [INFO]      [2mReal:[0m 0.242 m3   [2mHabitual:[0m 0.012 ± 0.055 m3   [2mz:[0m +4.18   [2mdesvio:[0m +1867%   [2m(20 obs. dia_util)[0m
2026-07-21 17:18:19 [INFO] 
2026-07-21 17:18:19 [INFO]   🔴 [91m[1mI19JC029885[0m
2026-07-21 17:18:19 [INFO]      consumiu MAIS que o habitual às 21h
2026-07-21 17:18:19 [INFO]      [2mReal:[0m 0.240 m3   [2mHabitual:[0m 0.013 ± 0.054 m3   [2mz:[0m +4.18   [2mdesvio:[0m +1820%   [2m(19 obs. dia_util)[0m
2026-07-21 17:18:19 [INFO] 
2026-07-21 17:18:19 [INFO]   🔴 [91m[1mI21JC029405G[0m
2026-07-21 17:18:19 [INFO]      consumiu MAIS que o habitual às 21h
2026-07-21 17:18:19 [INFO]      [2mReal:[0m 0.549 m3   [2mHabitual:[0m 0.029 ± 0.126 m3   [2mz:[0m +4.15   [2mdesvio:[0m +1806%   [2m(19 obs. dia_util)[0m
2026-07-21 17:18:19 [INFO] 
2026-07-21 17:18:19 [INFO]   🔴 [91m[1mI19JC029885[0m
2026-07-21 17:18:19 [INFO]      consumiu MAIS que o habitual às 17h
2026-07-21 17:18:19 [INFO]      [2mReal:[0m 0.251 m3   [2mHabitual:[0m 0.013 ± 0.058 m3   [2mz:[0m +4.13   [2mdesvio:[0m +1802%   [2m(19 obs. dia_util)[0m
2026-07-21 17:18:19 [INFO] 
2026-07-21 17:18:19 [INFO]   🔴 [91m[1mI21JC029405G[0m
2026-07-21 17:18:19 [INFO]      consumiu MAIS que o habitual às 22h
2026-07-21 17:18:19 [INFO]      [2mReal:[0m 0.707 m3   [2mHabitual:[0m 0.037 ± 0.162 m3   [2mz:[0m +4.12   [2mdesvio:[0m +1795%   [2m(19 obs. dia_util)[0m
2026-07-21 17:18:19 [INFO] 
2026-07-21 17:18:19 [INFO]   🔴 [91m[1mI19JC029885[0m
2026-07-21 17:18:19 [INFO]      consumiu MAIS que o habitual às 23h
2026-07-21 17:18:19 [INFO]      [2mReal:[0m 0.260 m3   [2mHabitual:[0m 0.014 ± 0.060 m3   [2mz:[0m +4.10   [2mdesvio:[0m +1784%   [2m(19 obs. dia_util)[0m
2026-07-21 17:18:19 [INFO] 
2026-07-21 17:18:19 [INFO]   🔴 [91m[1mI19JC029885[0m
2026-07-21 17:18:19 [INFO]      consumiu MAIS que o habitual às 22h
2026-07-21 17:18:19 [INFO]      [2mReal:[0m 0.247 m3   [2mHabitual:[0m 0.013 ± 0.058 m3   [2mz:[0m +4.06   [2mdesvio:[0m +1771%   [2m(19 obs. dia_util)[0m
2026-07-21 17:18:19 [INFO] 
2026-07-21 17:18:19 [INFO]   🔴 [91m[1mD10OF068767[0m
2026-07-21 17:18:19 [INFO]      consumiu MAIS que o habitual às 13h
2026-07-21 17:18:19 [INFO]      [2mReal:[0m 3.600 m3   [2mHabitual:[0m 0.195 ± 0.849 m3   [2mz:[0m +4.01   [2mdesvio:[0m +1749%   [2m(19 obs. dia_util)[0m
2026-07-21 17:18:19 [INFO] 
2026-07-21 17:18:19 [INFO]   🔴 [91m[1mC22FC002170J[0m
2026-07-21 17:18:19 [INFO]      consumiu MAIS que o habitual às 23h
2026-07-21 17:18:19 [INFO]      [2mReal:[0m 0.389 m3   [2mHabitual:[0m 0.195 ± 0.049 m3   [2mz:[0m +4.00   [2mdesvio:[0m +100%   [2m(20 obs. dia_util)[0m
2026-07-21 17:18:19 [INFO] 
2026-07-21 17:18:19 [INFO]   🔴 [91m[1mC18SC005963M[0m
2026-07-21 17:18:19 [INFO]      consumiu MAIS que o habitual às 01h
2026-07-21 17:18:19 [INFO]      [2mReal:[0m 0.188 m3   [2mHabitual:[0m 0.080 ± 0.027 m3   [2mz:[0m +3.93   [2mdesvio:[0m +135%   [2m(13 obs. dia_util)[0m
2026-07-21 17:18:19 [INFO] 
2026-07-21 17:18:19 [INFO]   🔴 [91m[1mI19MF924543A[0m
2026-07-21 17:18:19 [INFO]      consumiu MAIS que o habitual às 18h
2026-07-21 17:18:19 [INFO]      [2mReal:[0m 0.430 m3   [2mHabitual:[0m 0.083 ± 0.089 m3   [2mz:[0m +3.90   [2mdesvio:[0m +421%   [2m(20 obs. dia_util)[0m
2026-07-21 17:18:19 [INFO] 
2026-07-21 17:18:19 [INFO]   🔴 [91m[1mI20JE067857[0m
2026-07-21 17:18:19 [INFO]      consumiu MAIS que o habitual às 16h
2026-07-21 17:18:19 [INFO]      [2mReal:[0m 0.226 m3   [2mHabitual:[0m 0.051 ± 0.046 m3   [2mz:[0m +3.79   [2mdesvio:[0m +339%   [2m(20 obs. dia_util)[0m
2026-07-21 17:18:19 [INFO] 
2026-07-21 17:18:19 [INFO]   🔴 [91m[1mI18JC067687[0m
2026-07-21 17:18:19 [INFO]      consumiu MAIS que o habitual às 18h
2026-07-21 17:18:19 [INFO]      [2mReal:[0m 0.455 m3   [2mHabitual:[0m 0.055 ± 0.106 m3   [2mz:[0m +3.77   [2mdesvio:[0m +730%   [2m(12 obs. dia_util)[0m
2026-07-21 17:18:19 [INFO] 
2026-07-21 17:18:19 [INFO]   🔴 [91m[1mI23JC096063T[0m
2026-07-21 17:18:19 [INFO]      consumiu MAIS que o habitual às 12h
2026-07-21 17:18:19 [INFO]      [2mReal:[0m 0.321 m3   [2mHabitual:[0m 0.126 ± 0.052 m3   [2mz:[0m +3.72   [2mdesvio:[0m +155%   [2m(20 obs. dia_util)[0m
2026-07-21 17:18:19 [INFO] 
2026-07-21 17:18:19 [INFO]   🔴 [91m[1mD05AE129685[0m
2026-07-21 17:18:19 [INFO]      consumiu MAIS que o habitual às 02h
2026-07-21 17:18:19 [INFO]      [2mReal:[0m 3.601 m3   [2mHabitual:[0m 0.688 ± 0.790 m3   [2mz:[0m +3.69   [2mdesvio:[0m +424%   [2m(11 obs. dia_util)[0m
2026-07-21 17:18:19 [INFO] 
2026-07-21 17:18:19 [INFO]   🔴 [91m[1mI19JC065533[0m
2026-07-21 17:18:19 [INFO]      consumiu MAIS que o habitual às 16h
2026-07-21 17:18:19 [INFO]      [2mReal:[0m 0.167 m3   [2mHabitual:[0m 0.011 ± 0.043 m3   [2mz:[0m +3.68   [2mdesvio:[0m +1446%   [2m(16 obs. dia_util)[0m
2026-07-21 17:18:19 [INFO] 
2026-07-21 17:18:19 [INFO]   🔴 [91m[1mD10OF068767[0m
2026-07-21 17:18:19 [INFO]      consumiu MAIS que o habitual às 12h
2026-07-21 17:18:19 [INFO]      [2mReal:[0m 3.400 m3   [2mHabitual:[0m 0.200 ± 0.872 m3   [2mz:[0m +3.67   [2mdesvio:[0m +1600%   [2m(19 obs. dia_util)[0m
2026-07-21 17:18:19 [INFO] 
2026-07-21 17:18:19 [INFO]   🔴 [91m[1mI21JC043490F[0m
2026-07-21 17:18:19 [INFO]      consumiu MAIS que o habitual às 01h
2026-07-21 17:18:19 [INFO]      [2mReal:[0m 0.044 m3   [2mHabitual:[0m 0.007 ± 0.010 m3   [2mz:[0m +3.65   [2mdesvio:[0m +487%   [2m(20 obs. dia_util)[0m
2026-07-21 17:18:19 [INFO] 
2026-07-21 17:18:19 [INFO]   🔴 [91m[1mI22JC094278P[0m
2026-07-21 17:18:19 [INFO]      consumiu MAIS que o habitual às 06h
2026-07-21 17:18:19 [INFO]      [2mReal:[0m 0.096 m3   [2mHabitual:[0m 0.051 ± 0.013 m3   [2mz:[0m +3.54   [2mdesvio:[0m +89%   [2m(20 obs. dia_util)[0m
2026-07-21 17:18:19 [INFO] 
2026-07-21 17:18:19 [INFO]   🔴 [91m[1mI19JC065533[0m
2026-07-21 17:18:19 [INFO]      consumiu MAIS que o habitual às 18h
2026-07-21 17:18:19 [INFO]      [2mReal:[0m 0.166 m3   [2mHabitual:[0m 0.012 ± 0.044 m3   [2mz:[0m +3.52   [2mdesvio:[0m +1319%   [2m(14 obs. dia_util)[0m
2026-07-21 17:18:19 [INFO] 
2026-07-21 17:18:19 [INFO]   🔴 [91m[1mH21OF834752B[0m
2026-07-21 17:18:19 [INFO]      consumiu MAIS que o habitual às 21h
2026-07-21 17:18:19 [INFO]      [2mReal:[0m 0.460 m3   [2mHabitual:[0m 0.170 ± 0.083 m3   [2mz:[0m +3.51   [2mdesvio:[0m +171%   [2m(19 obs. dia_util)[0m
2026-07-21 17:18:19 [INFO] 
2026-07-21 17:18:20 [INFO] CSV guardado: C:\Users\anaca\OneDrive\Ambiente de Trabalho\Tese\ts-anomaly-detection-dissertation\results\agua\realtime\alerts\analise_agua_2026-05-05.csv
2026-07-21 17:18:20 [INFO] 
2026-07-21 17:18:20 [INFO] [1m======================================================================[0m
2026-07-21 17:18:20 [INFO] [1m  DETECAO DE ANOMALIAS AGUA - 2026-05-06[0m
2026-07-21 17:18:20 [INFO] [1m======================================================================[0m
2026-07-21 17:18:20 [INFO]   [2mTipo de dia:[0m        dia util
2026-07-21 17:18:20 [INFO]   [2mFonte:[0m              BAZE
2026-07-21 17:18:20 [INFO]   [2mContadores c/ dados:[0m 357
2026-07-21 17:18:20 [INFO]   [2mPontos contador/hora:[0m 7823
2026-07-21 17:18:20 [INFO]   [2mThreshold:[0m          |z| > 3.5 [2m(adaptativo a este tipo de dia)[0m
2026-07-21 17:18:20 [INFO] 
2026-07-21 17:18:42 [INFO] [1m--- Resumo -------------------------------------[0m
2026-07-21 17:18:42 [INFO]   [92mNormal[0m                  7759 [2m( 99.2%)[0m
2026-07-21 17:18:42 [INFO]   [91mDesvio (alta confianca)[0m   64 [2m(  0.8%)[0m
2026-07-21 17:18:42 [INFO]   [93mDesvio (baixa confianca)[0m   0 [2m(  0.0%)[0m
2026-07-21 17:18:42 [INFO]   [2mTempo: 21.9s[0m
2026-07-21 17:18:42 [INFO] 
2026-07-21 17:18:42 [INFO] [1m--- Desvios de ALTA confianca (64) -------------------[0m
2026-07-21 17:18:42 [INFO] 
2026-07-21 17:18:42 [INFO]   🔴 [91m[1mC16SC000825R[0m
2026-07-21 17:18:42 [INFO]      consumiu MAIS que o habitual às 22h
2026-07-21 17:18:42 [INFO]      [2mReal:[0m 1.294 m3   [2mHabitual:[0m 0.000 ± 0.010 m3   [2mz:[0m +10.00 (cap)   [2mdesvio:[0m +129400%   [2m(19 obs. dia_util)[0m
2026-07-21 17:18:42 [INFO] 
2026-07-21 17:18:42 [INFO]   🔴 [91m[1mD18BX003239[0m
2026-07-21 17:18:42 [INFO]      consumiu MAIS que o habitual às 12h
2026-07-21 17:18:42 [INFO]      [2mReal:[0m 0.779 m3   [2mHabitual:[0m 0.000 ± 0.010 m3   [2mz:[0m +10.00 (cap)   [2mdesvio:[0m +77900%   [2m(21 obs. dia_util)[0m
2026-07-21 17:18:42 [INFO] 
2026-07-21 17:18:42 [INFO]   🔴 [91m[1mD18BX003239[0m
2026-07-21 17:18:42 [INFO]      consumiu MAIS que o habitual às 13h
2026-07-21 17:18:42 [INFO]      [2mReal:[0m 0.415 m3   [2mHabitual:[0m 0.000 ± 0.010 m3   [2mz:[0m +10.00 (cap)   [2mdesvio:[0m +41500%   [2m(21 obs. dia_util)[0m
2026-07-21 17:18:42 [INFO] 
2026-07-21 17:18:42 [INFO]   🔴 [91m[1mD18BX003239[0m
2026-07-21 17:18:42 [INFO]      consumiu MAIS que o habitual às 14h
2026-07-21 17:18:42 [INFO]      [2mReal:[0m 0.244 m3   [2mHabitual:[0m 0.000 ± 0.010 m3   [2mz:[0m +10.00 (cap)   [2mdesvio:[0m +24390%   [2m(21 obs. dia_util)[0m
2026-07-21 17:18:42 [INFO] 
2026-07-21 17:18:42 [INFO]   🔴 [91m[1mH20VA222003[0m
2026-07-21 17:18:42 [INFO]      consumiu MAIS que o habitual às 19h
2026-07-21 17:18:42 [INFO]      [2mReal:[0m 0.271 m3   [2mHabitual:[0m 0.002 ± 0.010 m3   [2mz:[0m +10.00 (cap)   [2mdesvio:[0m +12805%   [2m(18 obs. dia_util)[0m
2026-07-21 17:18:42 [INFO] 
2026-07-21 17:18:42 [INFO]   🔴 [91m[1mH21OF834752B[0m
2026-07-21 17:18:42 [INFO]      consumiu MAIS que o habitual às 15h
2026-07-21 17:18:42 [INFO]      [2mReal:[0m 2.720 m3   [2mHabitual:[0m 0.243 ± 0.234 m3   [2mz:[0m +10.00 (cap)   [2mdesvio:[0m +1019%   [2m(20 obs. dia_util)[0m
2026-07-21 17:18:42 [INFO] 
2026-07-21 17:18:42 [INFO]   🔴 [91m[1mI21JC029107Z[0m
2026-07-21 17:18:42 [INFO]      consumiu MAIS que o habitual às 00h
2026-07-21 17:18:42 [INFO]      [2mReal:[0m 0.201 m3   [2mHabitual:[0m 0.000 ± 0.010 m3   [2mz:[0m +10.00 (cap)   [2mdesvio:[0m +20100%   [2m(21 obs. dia_util)[0m
2026-07-21 17:18:42 [INFO] 
2026-07-21 17:18:42 [INFO]   🔴 [91m[1mI21JC029107Z[0m
2026-07-21 17:18:42 [INFO]      consumiu MAIS que o habitual às 01h
2026-07-21 17:18:42 [INFO]      [2mReal:[0m 0.200 m3   [2mHabitual:[0m 0.000 ± 0.010 m3   [2mz:[0m +10.00 (cap)   [2mdesvio:[0m +20000%   [2m(21 obs. dia_util)[0m
2026-07-21 17:18:42 [INFO] 
2026-07-21 17:18:42 [INFO]   🔴 [91m[1mI21JC029107Z[0m
2026-07-21 17:18:42 [INFO]      consumiu MAIS que o habitual às 02h
2026-07-21 17:18:42 [INFO]      [2mReal:[0m 0.201 m3   [2mHabitual:[0m 0.000 ± 0.010 m3   [2mz:[0m +10.00 (cap)   [2mdesvio:[0m +20100%   [2m(21 obs. dia_util)[0m
2026-07-21 17:18:42 [INFO] 
2026-07-21 17:18:42 [INFO]   🔴 [91m[1mI21JC029107Z[0m
2026-07-21 17:18:42 [INFO]      consumiu MAIS que o habitual às 03h
2026-07-21 17:18:42 [INFO]      [2mReal:[0m 0.201 m3   [2mHabitual:[0m 0.000 ± 0.010 m3   [2mz:[0m +10.00 (cap)   [2mdesvio:[0m +20100%   [2m(21 obs. dia_util)[0m
2026-07-21 17:18:42 [INFO] 
2026-07-21 17:18:42 [INFO]   🔴 [91m[1mI21JC029107Z[0m
2026-07-21 17:18:42 [INFO]      consumiu MAIS que o habitual às 04h
2026-07-21 17:18:42 [INFO]      [2mReal:[0m 0.201 m3   [2mHabitual:[0m 0.000 ± 0.010 m3   [2mz:[0m +10.00 (cap)   [2mdesvio:[0m +20100%   [2m(21 obs. dia_util)[0m
2026-07-21 17:18:42 [INFO] 
2026-07-21 17:18:42 [INFO]   🔴 [91m[1mI21JC029107Z[0m
2026-07-21 17:18:42 [INFO]      consumiu MAIS que o habitual às 05h
2026-07-21 17:18:42 [INFO]      [2mReal:[0m 0.201 m3   [2mHabitual:[0m 0.000 ± 0.010 m3   [2mz:[0m +10.00 (cap)   [2mdesvio:[0m +20100%   [2m(21 obs. dia_util)[0m
2026-07-21 17:18:42 [INFO] 
2026-07-21 17:18:42 [INFO]   🔴 [91m[1mI21JC029107Z[0m
2026-07-21 17:18:42 [INFO]      consumiu MAIS que o habitual às 06h
2026-07-21 17:18:42 [INFO]      [2mReal:[0m 0.201 m3   [2mHabitual:[0m 0.000 ± 0.010 m3   [2mz:[0m +10.00 (cap)   [2mdesvio:[0m +20100%   [2m(21 obs. dia_util)[0m
2026-07-21 17:18:42 [INFO] 
2026-07-21 17:18:42 [INFO]   🔴 [91m[1mI21JC029107Z[0m
2026-07-21 17:18:42 [INFO]      consumiu MAIS que o habitual às 07h
2026-07-21 17:18:42 [INFO]      [2mReal:[0m 0.201 m3   [2mHabitual:[0m 0.000 ± 0.010 m3   [2mz:[0m +10.00 (cap)   [2mdesvio:[0m +20100%   [2m(21 obs. dia_util)[0m
2026-07-21 17:18:42 [INFO] 
2026-07-21 17:18:42 [INFO]   🔴 [91m[1mI21JC029107Z[0m
2026-07-21 17:18:42 [INFO]      consumiu MAIS que o habitual às 08h
2026-07-21 17:18:42 [INFO]      [2mReal:[0m 4.288 m3   [2mHabitual:[0m 0.036 ± 0.143 m3   [2mz:[0m +10.00 (cap)   [2mdesvio:[0m +11811%   [2m(21 obs. dia_util)[0m
2026-07-21 17:18:42 [INFO] 
2026-07-21 17:18:42 [INFO]   🔴 [91m[1mI22JC094276N[0m
2026-07-21 17:18:42 [INFO]      consumiu MAIS que o habitual às 13h
2026-07-21 17:18:42 [INFO]      [2mReal:[0m 0.277 m3   [2mHabitual:[0m 0.056 ± 0.019 m3   [2mz:[0m +10.00 (cap)   [2mdesvio:[0m +391%   [2m(14 obs. dia_util)[0m
2026-07-21 17:18:42 [INFO] 
2026-07-21 17:18:42 [INFO]   🔴 [91m[1mI19JC029856[0m
2026-07-21 17:18:42 [INFO]      consumiu MAIS que o habitual às 23h
2026-07-21 17:18:42 [INFO]      [2mReal:[0m 9.004 m3   [2mHabitual:[0m 1.023 ± 0.921 m3   [2mz:[0m +8.67   [2mdesvio:[0m +780%   [2m(15 obs. dia_util)[0m
2026-07-21 17:18:42 [INFO] 
2026-07-21 17:18:42 [INFO]   🔴 [91m[1mI24LA025880[0m
2026-07-21 17:18:42 [INFO]      consumiu MAIS que o habitual às 18h
2026-07-21 17:18:42 [INFO]      [2mReal:[0m 0.083 m3   [2mHabitual:[0m 0.000 ± 0.010 m3   [2mz:[0m +8.30   [2mdesvio:[0m +8300%   [2m(20 obs. dia_util)[0m
2026-07-21 17:18:42 [INFO] 
2026-07-21 17:18:42 [INFO]   🔴 [91m[1mI19JC029855[0m
2026-07-21 17:18:42 [INFO]      consumiu MAIS que o habitual às 17h
2026-07-21 17:18:42 [INFO]      [2mReal:[0m 1.736 m3   [2mHabitual:[0m 0.457 ± 0.159 m3   [2mz:[0m +8.06   [2mdesvio:[0m +280%   [2m(20 obs. dia_util)[0m
2026-07-21 17:18:42 [INFO] 
2026-07-21 17:18:42 [INFO]   🔴 [91m[1mI22JC094285O[0m
2026-07-21 17:18:42 [INFO]      consumiu MAIS que o habitual às 17h
2026-07-21 17:18:42 [INFO]      [2mReal:[0m 0.654 m3   [2mHabitual:[0m 0.061 ± 0.074 m3   [2mz:[0m +8.02   [2mdesvio:[0m +970%   [2m(19 obs. dia_util)[0m
2026-07-21 17:18:42 [INFO] 
2026-07-21 17:18:42 [INFO]   🔴 [91m[1mI20JE060957[0m
2026-07-21 17:18:42 [INFO]      consumiu MAIS que o habitual às 01h
2026-07-21 17:18:42 [INFO]      [2mReal:[0m 0.302 m3   [2mHabitual:[0m 0.052 ± 0.031 m3   [2mz:[0m +7.94   [2mdesvio:[0m +475%   [2m(21 obs. dia_util)[0m
2026-07-21 17:18:42 [INFO] 
2026-07-21 17:18:42 [INFO]   🔴 [91m[1mD18BX003239[0m
2026-07-21 17:18:42 [INFO]      consumiu MAIS que o habitual às 11h
2026-07-21 17:18:42 [INFO]      [2mReal:[0m 0.376 m3   [2mHabitual:[0m 0.010 ± 0.047 m3   [2mz:[0m +7.80   [2mdesvio:[0m +3586%   [2m(21 obs. dia_util)[0m
2026-07-21 17:18:42 [INFO] 
2026-07-21 17:18:42 [INFO]   🔴 [91m[1mI20MF945857[0m
2026-07-21 17:18:42 [INFO]      consumiu MAIS que o habitual às 19h
2026-07-21 17:18:42 [INFO]      [2mReal:[0m 0.080 m3   [2mHabitual:[0m 0.003 ± 0.010 m3   [2mz:[0m +7.67   [2mdesvio:[0m +2324%   [2m(21 obs. dia_util)[0m
2026-07-21 17:18:42 [INFO] 
2026-07-21 17:18:42 [INFO]   🔴 [91m[1mD08AC395031B[0m
2026-07-21 17:18:42 [INFO]      consumiu MAIS que o habitual às 22h
2026-07-21 17:18:42 [INFO]      [2mReal:[0m 0.091 m3   [2mHabitual:[0m 0.014 ± 0.010 m3   [2mz:[0m +7.56   [2mdesvio:[0m +550%   [2m(21 obs. dia_util)[0m
2026-07-21 17:18:42 [INFO] 
2026-07-21 17:18:42 [INFO]   🔴 [91m[1mI20JE060957[0m
2026-07-21 17:18:42 [INFO]      consumiu MAIS que o habitual às 00h
2026-07-21 17:18:42 [INFO]      [2mReal:[0m 0.322 m3   [2mHabitual:[0m 0.084 ± 0.035 m3   [2mz:[0m +6.86   [2mdesvio:[0m +285%   [2m(21 obs. dia_util)[0m
2026-07-21 17:18:42 [INFO] 
2026-07-21 17:18:42 [INFO]   🔴 [91m[1mI21JC029600H[0m
2026-07-21 17:18:42 [INFO]      consumiu MAIS que o habitual às 09h
2026-07-21 17:18:42 [INFO]      [2mReal:[0m 0.251 m3   [2mHabitual:[0m 0.014 ± 0.035 m3   [2mz:[0m +6.84   [2mdesvio:[0m +1732%   [2m(20 obs. dia_util)[0m
2026-07-21 17:18:42 [INFO] 
2026-07-21 17:18:42 [INFO]   🔴 [91m[1mC23FC001331N[0m
2026-07-21 17:18:42 [INFO]      consumiu MAIS que o habitual às 04h
2026-07-21 17:18:42 [INFO]      [2mReal:[0m 1.027 m3   [2mHabitual:[0m 0.056 ± 0.151 m3   [2mz:[0m +6.43   [2mdesvio:[0m +1741%   [2m(16 obs. dia_util)[0m
2026-07-21 17:18:42 [INFO] 
2026-07-21 17:18:42 [INFO]   🔴 [91m[1mH19VA232210[0m
2026-07-21 17:18:42 [INFO]      consumiu MAIS que o habitual às 11h
2026-07-21 17:18:42 [INFO]      [2mReal:[0m 0.367 m3   [2mHabitual:[0m 0.018 ± 0.056 m3   [2mz:[0m +6.25   [2mdesvio:[0m +1950%   [2m(21 obs. dia_util)[0m
2026-07-21 17:18:42 [INFO] 
2026-07-21 17:18:42 [INFO]   🔴 [91m[1mD15XF072893[0m
2026-07-21 17:18:42 [INFO]      consumiu MAIS que o habitual às 16h
2026-07-21 17:18:42 [INFO]      [2mReal:[0m 0.090 m3   [2mHabitual:[0m 0.008 ± 0.013 m3   [2mz:[0m +6.17   [2mdesvio:[0m +1011%   [2m(16 obs. dia_util)[0m
2026-07-21 17:18:42 [INFO] 
2026-07-21 17:18:42 [INFO]   🔴 [91m[1mI14JE002622G[0m
2026-07-21 17:18:42 [INFO]      consumiu MAIS que o habitual às 22h
2026-07-21 17:18:42 [INFO]      [2mReal:[0m 0.070 m3   [2mHabitual:[0m 0.004 ± 0.011 m3   [2mz:[0m +5.91   [2mdesvio:[0m +1528%   [2m(21 obs. dia_util)[0m
2026-07-21 17:18:42 [INFO] 
2026-07-21 17:18:42 [INFO]   🔴 [91m[1mI17JE060874[0m
2026-07-21 17:18:42 [INFO]      consumiu MAIS que o habitual às 15h
2026-07-21 17:18:42 [INFO]      [2mReal:[0m 3.929 m3   [2mHabitual:[0m 0.336 ± 0.626 m3   [2mz:[0m +5.74   [2mdesvio:[0m +1070%   [2m(21 obs. dia_util)[0m
2026-07-21 17:18:42 [INFO] 
2026-07-21 17:18:42 [INFO]   🔴 [91m[1mI19JC020003[0m
2026-07-21 17:18:42 [INFO]      consumiu MAIS que o habitual às 15h
2026-07-21 17:18:42 [INFO]      [2mReal:[0m 0.512 m3   [2mHabitual:[0m 0.104 ± 0.073 m3   [2mz:[0m +5.59   [2mdesvio:[0m +391%   [2m(21 obs. dia_util)[0m
2026-07-21 17:18:42 [INFO] 
2026-07-21 17:18:42 [INFO]   🔴 [91m[1mI23JE044621[0m
2026-07-21 17:18:42 [INFO]      consumiu MAIS que o habitual às 10h
2026-07-21 17:18:42 [INFO]      [2mReal:[0m 0.360 m3   [2mHabitual:[0m 0.140 ± 0.041 m3   [2mz:[0m +5.37   [2mdesvio:[0m +156%   [2m(21 obs. dia_util)[0m
2026-07-21 17:18:42 [INFO] 
2026-07-21 17:18:42 [INFO]   🔴 [91m[1mI21JC037659X[0m
2026-07-21 17:18:42 [INFO]      consumiu MAIS que o habitual às 21h
2026-07-21 17:18:42 [INFO]      [2mReal:[0m 0.119 m3   [2mHabitual:[0m 0.016 ± 0.019 m3   [2mz:[0m +5.28   [2mdesvio:[0m +653%   [2m(20 obs. dia_util)[0m
2026-07-21 17:18:42 [INFO] 
2026-07-21 17:18:42 [INFO]   🔴 [91m[1mI22JC094282L[0m
2026-07-21 17:18:42 [INFO]      consumiu MAIS que o habitual às 15h
2026-07-21 17:18:42 [INFO]      [2mReal:[0m 0.254 m3   [2mHabitual:[0m 0.062 ± 0.037 m3   [2mz:[0m +5.14   [2mdesvio:[0m +310%   [2m(17 obs. dia_util)[0m
2026-07-21 17:18:42 [INFO] 
2026-07-21 17:18:42 [INFO]   🔴 [91m[1mD08AC395031B[0m
2026-07-21 17:18:42 [INFO]      consumiu MAIS que o habitual às 21h
2026-07-21 17:18:42 [INFO]      [2mReal:[0m 0.141 m3   [2mHabitual:[0m 0.021 ± 0.024 m3   [2mz:[0m +5.05   [2mdesvio:[0m +562%   [2m(21 obs. dia_util)[0m
2026-07-21 17:18:42 [INFO] 
2026-07-21 17:18:42 [INFO]   🔴 [91m[1mD17BA019937[0m
2026-07-21 17:18:42 [INFO]      consumiu MAIS que o habitual às 13h
2026-07-21 17:18:42 [INFO]      [2mReal:[0m 0.064 m3   [2mHabitual:[0m 0.016 ± 0.010 m3   [2mz:[0m +4.82   [2mdesvio:[0m +305%   [2m(19 obs. dia_util)[0m
2026-07-21 17:18:42 [INFO] 
2026-07-21 17:18:42 [INFO]   🔴 [91m[1mD08AC395031B[0m
2026-07-21 17:18:42 [INFO]      consumiu MAIS que o habitual às 17h
2026-07-21 17:18:42 [INFO]      [2mReal:[0m 0.128 m3   [2mHabitual:[0m 0.024 ± 0.022 m3   [2mz:[0m +4.69   [2mdesvio:[0m +438%   [2m(21 obs. dia_util)[0m
2026-07-21 17:18:42 [INFO] 
2026-07-21 17:18:42 [INFO]   🔴 [91m[1mD10OF068767[0m
2026-07-21 17:18:42 [INFO]      consumiu MAIS que o habitual às 08h
2026-07-21 17:18:42 [INFO]      [2mReal:[0m 3.800 m3   [2mHabitual:[0m 0.171 ± 0.786 m3   [2mz:[0m +4.62   [2mdesvio:[0m +2117%   [2m(21 obs. dia_util)[0m
2026-07-21 17:18:42 [INFO] 
2026-07-21 17:18:42 [INFO]   🔴 [91m[1mD10OF068767[0m
2026-07-21 17:18:42 [INFO]      consumiu MAIS que o habitual às 09h
2026-07-21 17:18:42 [INFO]      [2mReal:[0m 4.100 m3   [2mHabitual:[0m 0.186 ± 0.851 m3   [2mz:[0m +4.60   [2mdesvio:[0m +2108%   [2m(21 obs. dia_util)[0m
2026-07-21 17:18:42 [INFO] 
2026-07-21 17:18:42 [INFO]   🔴 [91m[1mD10OF068767[0m
2026-07-21 17:18:42 [INFO]      consumiu MAIS que o habitual às 07h
2026-07-21 17:18:42 [INFO]      [2mReal:[0m 5.700 m3   [2mHabitual:[0m 0.262 ± 1.200 m3   [2mz:[0m +4.53   [2mdesvio:[0m +2076%   [2m(21 obs. dia_util)[0m
2026-07-21 17:18:42 [INFO] 
2026-07-21 17:18:42 [INFO]   🔴 [91m[1mD10OF068767[0m
2026-07-21 17:18:42 [INFO]      consumiu MAIS que o habitual às 10h
2026-07-21 17:18:42 [INFO]      [2mReal:[0m 3.600 m3   [2mHabitual:[0m 0.170 ± 0.760 m3   [2mz:[0m +4.51   [2mdesvio:[0m +2018%   [2m(20 obs. dia_util)[0m
2026-07-21 17:18:42 [INFO] 
2026-07-21 17:18:42 [INFO]   🔴 [91m[1mI20JE067858[0m
2026-07-21 17:18:42 [INFO]      consumiu MAIS que o habitual às 08h
2026-07-21 17:18:42 [INFO]      [2mReal:[0m 0.656 m3   [2mHabitual:[0m 0.298 ± 0.080 m3   [2mz:[0m +4.48   [2mdesvio:[0m +120%   [2m(21 obs. dia_util)[0m
2026-07-21 17:18:42 [INFO] 
2026-07-21 17:18:42 [INFO]   🔴 [91m[1mI19JC029885[0m
2026-07-21 17:18:42 [INFO]      consumiu MAIS que o habitual às 06h
2026-07-21 17:18:42 [INFO]      [2mReal:[0m 0.260 m3   [2mHabitual:[0m 0.012 ± 0.057 m3   [2mz:[0m +4.36   [2mdesvio:[0m +1997%   [2m(21 obs. dia_util)[0m
2026-07-21 17:18:42 [INFO] 
2026-07-21 17:18:42 [INFO]   🔴 [91m[1mI19JC029885[0m
2026-07-21 17:18:42 [INFO]      consumiu MAIS que o habitual às 07h
2026-07-21 17:18:42 [INFO]      [2mReal:[0m 0.235 m3   [2mHabitual:[0m 0.011 ± 0.051 m3   [2mz:[0m +4.36   [2mdesvio:[0m +1998%   [2m(21 obs. dia_util)[0m
2026-07-21 17:18:42 [INFO] 
2026-07-21 17:18:42 [INFO]   🔴 [91m[1mI19JC029885[0m
2026-07-21 17:18:42 [INFO]      consumiu MAIS que o habitual às 02h
2026-07-21 17:18:42 [INFO]      [2mReal:[0m 0.272 m3   [2mHabitual:[0m 0.013 ± 0.060 m3   [2mz:[0m +4.35   [2mdesvio:[0m +1992%   [2m(21 obs. dia_util)[0m
2026-07-21 17:18:42 [INFO] 
2026-07-21 17:18:42 [INFO]   🔴 [91m[1mI19JC029885[0m
2026-07-21 17:18:42 [INFO]      consumiu MAIS que o habitual às 04h
2026-07-21 17:18:42 [INFO]      [2mReal:[0m 0.273 m3   [2mHabitual:[0m 0.013 ± 0.060 m3   [2mz:[0m +4.35   [2mdesvio:[0m +2000%   [2m(21 obs. dia_util)[0m
2026-07-21 17:18:42 [INFO] 
2026-07-21 17:18:42 [INFO]   🔴 [91m[1mI19JC029874[0m
2026-07-21 17:18:42 [INFO]      consumiu MAIS que o habitual às 16h
2026-07-21 17:18:42 [INFO]      [2mReal:[0m 0.290 m3   [2mHabitual:[0m 0.105 ± 0.043 m3   [2mz:[0m +4.33   [2mdesvio:[0m +177%   [2m(20 obs. dia_util)[0m
2026-07-21 17:18:42 [INFO] 
2026-07-21 17:18:42 [INFO]   🔴 [91m[1mI19JC029885[0m
2026-07-21 17:18:42 [INFO]      consumiu MAIS que o habitual às 03h
2026-07-21 17:18:42 [INFO]      [2mReal:[0m 0.272 m3   [2mHabitual:[0m 0.013 ± 0.060 m3   [2mz:[0m +4.33   [2mdesvio:[0m +1992%   [2m(21 obs. dia_util)[0m
2026-07-21 17:18:42 [INFO] 
2026-07-21 17:18:42 [INFO]   🔴 [91m[1mI19JC020003[0m
2026-07-21 17:18:42 [INFO]      consumiu MAIS que o habitual às 14h
2026-07-21 17:18:42 [INFO]      [2mReal:[0m 0.462 m3   [2mHabitual:[0m 0.105 ± 0.083 m3   [2mz:[0m +4.31   [2mdesvio:[0m +340%   [2m(21 obs. dia_util)[0m
2026-07-21 17:18:42 [INFO] 
2026-07-21 17:18:42 [INFO]   🔴 [91m[1mI19JC029885[0m
2026-07-21 17:18:42 [INFO]      consumiu MAIS que o habitual às 08h
2026-07-21 17:18:42 [INFO]      [2mReal:[0m 0.234 m3   [2mHabitual:[0m 0.011 ± 0.052 m3   [2mz:[0m +4.27   [2mdesvio:[0m +1953%   [2m(21 obs. dia_util)[0m
2026-07-21 17:18:42 [INFO] 
2026-07-21 17:18:42 [INFO]   🔴 [91m[1mI19JC029885[0m
2026-07-21 17:18:42 [INFO]      consumiu MAIS que o habitual às 01h
2026-07-21 17:18:42 [INFO]      [2mReal:[0m 0.271 m3   [2mHabitual:[0m 0.014 ± 0.061 m3   [2mz:[0m +4.25   [2mdesvio:[0m +1893%   [2m(20 obs. dia_util)[0m
2026-07-21 17:18:42 [INFO] 
2026-07-21 17:18:42 [INFO]   🔴 [91m[1mI19JC029885[0m
2026-07-21 17:18:42 [INFO]      consumiu MAIS que o habitual às 00h
2026-07-21 17:18:42 [INFO]      [2mReal:[0m 0.268 m3   [2mHabitual:[0m 0.013 ± 0.060 m3   [2mz:[0m +4.23   [2mdesvio:[0m +1885%   [2m(20 obs. dia_util)[0m
2026-07-21 17:18:42 [INFO] 
2026-07-21 17:18:42 [INFO]   🔴 [91m[1mI19JC029874[0m
2026-07-21 17:18:42 [INFO]      consumiu MAIS que o habitual às 07h
2026-07-21 17:18:42 [INFO]      [2mReal:[0m 0.079 m3   [2mHabitual:[0m 0.021 ± 0.014 m3   [2mz:[0m +4.10   [2mdesvio:[0m +271%   [2m(20 obs. dia_util)[0m
2026-07-21 17:18:42 [INFO] 
2026-07-21 17:18:42 [INFO]   🔴 [91m[1mI17JE060876[0m
2026-07-21 17:18:42 [INFO]      consumiu MAIS que o habitual às 10h
2026-07-21 17:18:42 [INFO]      [2mReal:[0m 0.677 m3   [2mHabitual:[0m 0.267 ± 0.102 m3   [2mz:[0m +4.02   [2mdesvio:[0m +154%   [2m(20 obs. dia_util)[0m
2026-07-21 17:18:42 [INFO] 
2026-07-21 17:18:42 [INFO]   🔴 [91m[1mI19JC029885[0m
2026-07-21 17:18:42 [INFO]      consumiu MAIS que o habitual às 05h
2026-07-21 17:18:42 [INFO]      [2mReal:[0m 0.272 m3   [2mHabitual:[0m 0.015 ± 0.064 m3   [2mz:[0m +3.99   [2mdesvio:[0m +1689%   [2m(18 obs. dia_util)[0m
2026-07-21 17:18:42 [INFO] 
2026-07-21 17:18:42 [INFO]   🔴 [91m[1mI21JC043490F[0m
2026-07-21 17:18:42 [INFO]      consumiu MAIS que o habitual às 10h
2026-07-21 17:18:42 [INFO]      [2mReal:[0m 0.335 m3   [2mHabitual:[0m 0.100 ± 0.060 m3   [2mz:[0m +3.89   [2mdesvio:[0m +236%   [2m(21 obs. dia_util)[0m
2026-07-21 17:18:42 [INFO] 
2026-07-21 17:18:42 [INFO]   🔴 [91m[1mI21JC029134C[0m
2026-07-21 17:18:42 [INFO]      consumiu MAIS que o habitual às 09h
2026-07-21 17:18:42 [INFO]      [2mReal:[0m 1.084 m3   [2mHabitual:[0m 0.426 ± 0.174 m3   [2mz:[0m +3.77   [2mdesvio:[0m +154%   [2m(20 obs. dia_util)[0m
2026-07-21 17:18:42 [INFO] 
2026-07-21 17:18:42 [INFO]   🔴 [91m[1mI21JC037663T[0m
2026-07-21 17:18:42 [INFO]      consumiu MAIS que o habitual às 16h
2026-07-21 17:18:42 [INFO]      [2mReal:[0m 0.748 m3   [2mHabitual:[0m 0.386 ± 0.097 m3   [2mz:[0m +3.76   [2mdesvio:[0m +94%   [2m(21 obs. dia_util)[0m
2026-07-21 17:18:42 [INFO] 
2026-07-21 17:18:42 [INFO]   🔴 [91m[1mD08AC395031B[0m
2026-07-21 17:18:42 [INFO]      consumiu MAIS que o habitual às 16h
2026-07-21 17:18:42 [INFO]      [2mReal:[0m 0.152 m3   [2mHabitual:[0m 0.027 ± 0.034 m3   [2mz:[0m +3.73   [2mdesvio:[0m +463%   [2m(21 obs. dia_util)[0m
2026-07-21 17:18:42 [INFO] 
2026-07-21 17:18:42 [INFO]   🔴 [91m[1mD10OF068767[0m
2026-07-21 17:18:42 [INFO]      consumiu MAIS que o habitual às 18h
2026-07-21 17:18:42 [INFO]      [2mReal:[0m 2.000 m3   [2mHabitual:[0m 0.115 ± 0.514 m3   [2mz:[0m +3.67   [2mdesvio:[0m +1639%   [2m(20 obs. dia_util)[0m
2026-07-21 17:18:42 [INFO] 
2026-07-21 17:18:42 [INFO]   🔴 [91m[1mC18SC002011N[0m
2026-07-21 17:18:42 [INFO]      consumiu MAIS que o habitual às 09h
2026-07-21 17:18:42 [INFO]      [2mReal:[0m 0.097 m3   [2mHabitual:[0m 0.023 ± 0.020 m3   [2mz:[0m +3.63   [2mdesvio:[0m +320%   [2m(20 obs. dia_util)[0m
2026-07-21 17:18:42 [INFO] 
2026-07-21 17:18:42 [INFO]   🔴 [91m[1mI19JC029885[0m
2026-07-21 17:18:42 [INFO]      consumiu MAIS que o habitual às 09h
2026-07-21 17:18:42 [INFO]      [2mReal:[0m 0.240 m3   [2mHabitual:[0m 0.019 ± 0.062 m3   [2mz:[0m +3.57   [2mdesvio:[0m +1163%   [2m(21 obs. dia_util)[0m
2026-07-21 17:18:42 [INFO] 
2026-07-21 17:18:42 [INFO]   🔴 [91m[1mI17JE060878[0m
2026-07-21 17:18:42 [INFO]      consumiu MAIS que o habitual às 09h
2026-07-21 17:18:42 [INFO]      [2mReal:[0m 1.192 m3   [2mHabitual:[0m 0.431 ± 0.216 m3   [2mz:[0m +3.53   [2mdesvio:[0m +177%   [2m(20 obs. dia_util)[0m
2026-07-21 17:18:42 [INFO] 
2026-07-21 17:18:42 [INFO] CSV guardado: C:\Users\anaca\OneDrive\Ambiente de Trabalho\Tese\ts-anomaly-detection-dissertation\results\agua\realtime\alerts\analise_agua_2026-05-06.csv
2026-07-21 17:18:42 [INFO] 
2026-07-21 17:18:42 [INFO] [1m======================================================================[0m
2026-07-21 17:18:42 [INFO] [1m  DETECAO DE ANOMALIAS AGUA - 2026-05-07[0m
2026-07-21 17:18:42 [INFO] [1m======================================================================[0m
2026-07-21 17:18:42 [INFO]   [2mTipo de dia:[0m        dia util
2026-07-21 17:18:42 [INFO]   [2mFonte:[0m              BAZE
2026-07-21 17:18:42 [INFO]   [2mContadores c/ dados:[0m 423
2026-07-21 17:18:42 [INFO]   [2mPontos contador/hora:[0m 9020
2026-07-21 17:18:42 [INFO]   [2mThreshold:[0m          |z| > 3.5 [2m(adaptativo a este tipo de dia)[0m
2026-07-21 17:18:42 [INFO] 
2026-07-21 17:19:17 [INFO] [1m--- Resumo -------------------------------------[0m
2026-07-21 17:19:17 [INFO]   [92mNormal[0m                  8938 [2m( 99.2%)[0m
2026-07-21 17:19:17 [INFO]   [91mDesvio (alta confianca)[0m   69 [2m(  0.8%)[0m
2026-07-21 17:19:17 [INFO]   [93mDesvio (baixa confianca)[0m   0 [2m(  0.0%)[0m
2026-07-21 17:19:17 [INFO]   [90mSem historico suficiente[0m  13
2026-07-21 17:19:17 [INFO]   [2mTempo: 35.4s[0m
2026-07-21 17:19:17 [INFO] 
2026-07-21 17:19:17 [INFO] [1m--- Desvios de ALTA confianca (69) -------------------[0m
2026-07-21 17:19:17 [INFO] 
2026-07-21 17:19:17 [INFO]   🔴 [91m[1mC16SC000825R[0m
2026-07-21 17:19:17 [INFO]      consumiu MAIS que o habitual às 00h
2026-07-21 17:19:17 [INFO]      [2mReal:[0m 1.313 m3   [2mHabitual:[0m 0.000 ± 0.010 m3   [2mz:[0m +10.00 (cap)   [2mdesvio:[0m +131300%   [2m(21 obs. dia_util)[0m
2026-07-21 17:19:17 [INFO] 
2026-07-21 17:19:17 [INFO]   🔴 [91m[1mC16SC000825R[0m
2026-07-21 17:19:17 [INFO]      consumiu MAIS que o habitual às 01h
2026-07-21 17:19:17 [INFO]      [2mReal:[0m 1.333 m3   [2mHabitual:[0m 0.000 ± 0.010 m3   [2mz:[0m +10.00 (cap)   [2mdesvio:[0m +133300%   [2m(21 obs. dia_util)[0m
2026-07-21 17:19:17 [INFO] 
2026-07-21 17:19:17 [INFO]   🔴 [91m[1mC16SC000825R[0m
2026-07-21 17:19:17 [INFO]      consumiu MAIS que o habitual às 02h
2026-07-21 17:19:17 [INFO]      [2mReal:[0m 1.351 m3   [2mHabitual:[0m 0.000 ± 0.010 m3   [2mz:[0m +10.00 (cap)   [2mdesvio:[0m +135100%   [2m(21 obs. dia_util)[0m
2026-07-21 17:19:17 [INFO] 
2026-07-21 17:19:17 [INFO]   🔴 [91m[1mC16SC000825R[0m
2026-07-21 17:19:17 [INFO]      consumiu MAIS que o habitual às 03h
2026-07-21 17:19:17 [INFO]      [2mReal:[0m 1.363 m3   [2mHabitual:[0m 0.000 ± 0.010 m3   [2mz:[0m +10.00 (cap)   [2mdesvio:[0m +136300%   [2m(20 obs. dia_util)[0m
2026-07-21 17:19:17 [INFO] 
2026-07-21 17:19:17 [INFO]   🔴 [91m[1mC16SC000825R[0m
2026-07-21 17:19:17 [INFO]      consumiu MAIS que o habitual às 04h
2026-07-21 17:19:17 [INFO]      [2mReal:[0m 1.379 m3   [2mHabitual:[0m 0.000 ± 0.010 m3   [2mz:[0m +10.00 (cap)   [2mdesvio:[0m +137900%   [2m(20 obs. dia_util)[0m
2026-07-21 17:19:17 [INFO] 
2026-07-21 17:19:17 [INFO]   🔴 [91m[1mC16SC000825R[0m
2026-07-21 17:19:17 [INFO]      consumiu MAIS que o habitual às 05h
2026-07-21 17:19:17 [INFO]      [2mReal:[0m 1.388 m3   [2mHabitual:[0m 0.000 ± 0.010 m3   [2mz:[0m +10.00 (cap)   [2mdesvio:[0m +138800%   [2m(20 obs. dia_util)[0m
2026-07-21 17:19:17 [INFO] 
2026-07-21 17:19:17 [INFO]   🔴 [91m[1mC16SC000825R[0m
2026-07-21 17:19:17 [INFO]      consumiu MAIS que o habitual às 06h
2026-07-21 17:19:17 [INFO]      [2mReal:[0m 1.384 m3   [2mHabitual:[0m 0.000 ± 0.010 m3   [2mz:[0m +10.00 (cap)   [2mdesvio:[0m +138400%   [2m(20 obs. dia_util)[0m
2026-07-21 17:19:17 [INFO] 
2026-07-21 17:19:17 [INFO]   🔴 [91m[1mC16SC000825R[0m
2026-07-21 17:19:17 [INFO]      consumiu MAIS que o habitual às 07h
2026-07-21 17:19:17 [INFO]      [2mReal:[0m 1.380 m3   [2mHabitual:[0m 0.000 ± 0.010 m3   [2mz:[0m +10.00 (cap)   [2mdesvio:[0m +138000%   [2m(21 obs. dia_util)[0m
2026-07-21 17:19:17 [INFO] 
2026-07-21 17:19:17 [INFO]   🔴 [91m[1mC16SC000825R[0m
2026-07-21 17:19:17 [INFO]      consumiu MAIS que o habitual às 08h
2026-07-21 17:19:17 [INFO]      [2mReal:[0m 1.364 m3   [2mHabitual:[0m 0.000 ± 0.010 m3   [2mz:[0m +10.00 (cap)   [2mdesvio:[0m +136400%   [2m(21 obs. dia_util)[0m
2026-07-21 17:19:17 [INFO] 
2026-07-21 17:19:17 [INFO]   🔴 [91m[1mC17SC007452[0m
2026-07-21 17:19:17 [INFO]      consumiu MAIS que o habitual às 16h
2026-07-21 17:19:17 [INFO]      [2mReal:[0m 1.845 m3   [2mHabitual:[0m 0.000 ± 0.010 m3   [2mz:[0m +10.00 (cap)   [2mdesvio:[0m +184500%   [2m(21 obs. dia_util)[0m
2026-07-21 17:19:17 [INFO] 
2026-07-21 17:19:17 [INFO]   🔴 [91m[1mC22FC002177Q[0m
2026-07-21 17:19:17 [INFO]      consumiu MAIS que o habitual às 21h
2026-07-21 17:19:17 [INFO]      [2mReal:[0m 0.138 m3   [2mHabitual:[0m 0.003 ± 0.011 m3   [2mz:[0m +10.00 (cap)   [2mdesvio:[0m +5011%   [2m(20 obs. dia_util)[0m
2026-07-21 17:19:17 [INFO] 
2026-07-21 17:19:17 [INFO]   🔴 [91m[1mD10OF068767[0m
2026-07-21 17:19:17 [INFO]      consumiu MAIS que o habitual às 19h
2026-07-21 17:19:17 [INFO]      [2mReal:[0m 0.200 m3   [2mHabitual:[0m 0.000 ± 0.010 m3   [2mz:[0m +10.00 (cap)   [2mdesvio:[0m +20000%   [2m(19 obs. dia_util)[0m
2026-07-21 17:19:17 [INFO] 
2026-07-21 17:19:17 [INFO]   🔴 [91m[1mI18JC067687[0m
2026-07-21 17:19:17 [INFO]      consumiu MAIS que o habitual às 02h
2026-07-21 17:19:17 [INFO]      [2mReal:[0m 1.364 m3   [2mHabitual:[0m 0.032 ± 0.119 m3   [2mz:[0m +10.00 (cap)   [2mdesvio:[0m +4203%   [2m(14 obs. dia_util)[0m
2026-07-21 17:19:17 [INFO] 
2026-07-21 17:19:17 [INFO]   🔴 [91m[1mI19JC065518[0m
2026-07-21 17:19:17 [INFO]      consumiu MAIS que o habitual às 15h
2026-07-21 17:19:17 [INFO]      [2mReal:[0m 1.639 m3   [2mHabitual:[0m 0.000 ± 0.010 m3   [2mz:[0m +10.00 (cap)   [2mdesvio:[0m +163900%   [2m(21 obs. dia_util)[0m
2026-07-21 17:19:17 [INFO] 
2026-07-21 17:19:17 [INFO]   🔴 [91m[1mI19JC065518[0m
2026-07-21 17:19:17 [INFO]      consumiu MAIS que o habitual às 16h
2026-07-21 17:19:17 [INFO]      [2mReal:[0m 2.496 m3   [2mHabitual:[0m 0.000 ± 0.010 m3   [2mz:[0m +10.00 (cap)   [2mdesvio:[0m +249600%   [2m(21 obs. dia_util)[0m
2026-07-21 17:19:17 [INFO] 
2026-07-21 17:19:17 [INFO]   🔴 [91m[1mI19JC065533[0m
2026-07-21 17:19:17 [INFO]      consumiu MAIS que o habitual às 01h
2026-07-21 17:19:17 [INFO]      [2mReal:[0m 2.725 m3   [2mHabitual:[0m 0.000 ± 0.010 m3   [2mz:[0m +10.00 (cap)   [2mdesvio:[0m +272500%   [2m(17 obs. dia_util)[0m
2026-07-21 17:19:17 [INFO] 
2026-07-21 17:19:17 [INFO]   🔴 [91m[1mI19JC065533[0m
2026-07-21 17:19:17 [INFO]      consumiu MAIS que o habitual às 06h
2026-07-21 17:19:17 [INFO]      [2mReal:[0m 0.164 m3   [2mHabitual:[0m 0.000 ± 0.010 m3   [2mz:[0m +10.00 (cap)   [2mdesvio:[0m +16400%   [2m(13 obs. dia_util)[0m
2026-07-21 17:19:17 [INFO] 
2026-07-21 17:19:17 [INFO]   🔴 [91m[1mI19JC065533[0m
2026-07-21 17:19:17 [INFO]      consumiu MAIS que o habitual às 07h
2026-07-21 17:19:17 [INFO]      [2mReal:[0m 2.749 m3   [2mHabitual:[0m 0.000 ± 0.010 m3   [2mz:[0m +10.00 (cap)   [2mdesvio:[0m +274900%   [2m(13 obs. dia_util)[0m
2026-07-21 17:19:17 [INFO] 
2026-07-21 17:19:17 [INFO]   🔴 [91m[1mI19JC065533[0m
2026-07-21 17:19:17 [INFO]      consumiu MAIS que o habitual às 08h
2026-07-21 17:19:17 [INFO]      [2mReal:[0m 0.162 m3   [2mHabitual:[0m 0.000 ± 0.010 m3   [2mz:[0m +10.00 (cap)   [2mdesvio:[0m +16200%   [2m(13 obs. dia_util)[0m
2026-07-21 17:19:17 [INFO] 
2026-07-21 17:19:17 [INFO]   🔴 [91m[1mI21JC029600H[0m
2026-07-21 17:19:17 [INFO]      consumiu MAIS que o habitual às 09h
2026-07-21 17:19:17 [INFO]      [2mReal:[0m 2.011 m3   [2mHabitual:[0m 0.025 ± 0.063 m3   [2mz:[0m +10.00 (cap)   [2mdesvio:[0m +7817%   [2m(20 obs. dia_util)[0m
2026-07-21 17:19:17 [INFO] 
2026-07-21 17:19:17 [INFO]   🔴 [91m[1mI23JE044621[0m
2026-07-21 17:19:17 [INFO]      consumiu MAIS que o habitual às 19h
2026-07-21 17:19:17 [INFO]      [2mReal:[0m 0.498 m3   [2mHabitual:[0m 0.088 ± 0.041 m3   [2mz:[0m +10.00 (cap)   [2mdesvio:[0m +467%   [2m(21 obs. dia_util)[0m
2026-07-21 17:19:17 [INFO] 
2026-07-21 17:19:17 [INFO]   🔴 [91m[1mI23JE044621[0m
2026-07-21 17:19:17 [INFO]      consumiu MAIS que o habitual às 20h
2026-07-21 17:19:17 [INFO]      [2mReal:[0m 0.519 m3   [2mHabitual:[0m 0.059 ± 0.029 m3   [2mz:[0m +10.00 (cap)   [2mdesvio:[0m +784%   [2m(21 obs. dia_util)[0m
2026-07-21 17:19:17 [INFO] 
2026-07-21 17:19:17 [INFO]   🔴 [91m[1mI23JE044621[0m
2026-07-21 17:19:17 [INFO]      consumiu MAIS que o habitual às 22h
2026-07-21 17:19:17 [INFO]      [2mReal:[0m 0.504 m3   [2mHabitual:[0m 0.025 ± 0.020 m3   [2mz:[0m +10.00 (cap)   [2mdesvio:[0m +1916%   [2m(21 obs. dia_util)[0m
2026-07-21 17:19:17 [INFO] 
2026-07-21 17:19:17 [INFO]   🔴 [91m[1mC16SC000825R[0m
2026-07-21 17:19:17 [INFO]      consumiu MAIS que o habitual às 15h
2026-07-21 17:19:17 [INFO]      [2mReal:[0m 6.150 m3   [2mHabitual:[0m 0.384 ± 0.656 m3   [2mz:[0m +8.78   [2mdesvio:[0m +1503%   [2m(19 obs. dia_util)[0m
2026-07-21 17:19:17 [INFO] 
2026-07-21 17:19:17 [INFO]   🔴 [91m[1mI23JE044621[0m
2026-07-21 17:19:17 [INFO]      consumiu MAIS que o habitual às 23h
2026-07-21 17:19:17 [INFO]      [2mReal:[0m 0.497 m3   [2mHabitual:[0m 0.029 ± 0.054 m3   [2mz:[0m +8.73   [2mdesvio:[0m +1620%   [2m(21 obs. dia_util)[0m
2026-07-21 17:19:17 [INFO] 
2026-07-21 17:19:17 [INFO]   🔴 [91m[1mD18BX003284[0m
2026-07-21 17:19:17 [INFO]      consumiu MAIS que o habitual às 12h
2026-07-21 17:19:17 [INFO]      [2mReal:[0m 0.085 m3   [2mHabitual:[0m 0.000 ± 0.010 m3   [2mz:[0m +8.46   [2mdesvio:[0m +8460%   [2m(18 obs. dia_util)[0m
2026-07-21 17:19:17 [INFO] 
2026-07-21 17:19:17 [INFO]   🔴 [91m[1mI22LA303495[0m
2026-07-21 17:19:17 [INFO]      consumiu MAIS que o habitual às 15h
2026-07-21 17:19:17 [INFO]      [2mReal:[0m 0.177 m3   [2mHabitual:[0m 0.011 ± 0.020 m3   [2mz:[0m +8.43   [2mdesvio:[0m +1439%   [2m(17 obs. dia_util)[0m
2026-07-21 17:19:17 [INFO] 
2026-07-21 17:19:17 [INFO]   🔴 [91m[1mI19JC065533[0m
2026-07-21 17:19:17 [INFO]      consumiu MAIS que o habitual às 21h
2026-07-21 17:19:17 [INFO]      [2mReal:[0m 8.536 m3   [2mHabitual:[0m 0.418 ± 1.022 m3   [2mz:[0m +7.95   [2mdesvio:[0m +1940%   [2m(13 obs. dia_util)[0m
2026-07-21 17:19:17 [INFO] 
2026-07-21 17:19:17 [INFO]   🔴 [91m[1mC23FC001333P[0m
2026-07-21 17:19:17 [INFO]      consumiu MAIS que o habitual às 10h
2026-07-21 17:19:17 [INFO]      [2mReal:[0m 0.241 m3   [2mHabitual:[0m 0.048 ± 0.025 m3   [2mz:[0m +7.81   [2mdesvio:[0m +400%   [2m(19 obs. dia_util)[0m
2026-07-21 17:19:17 [INFO] 
2026-07-21 17:19:17 [INFO]   🔴 [91m[1mD19BX000041[0m
2026-07-21 17:19:17 [INFO]      consumiu MAIS que o habitual às 21h
2026-07-21 17:19:17 [INFO]      [2mReal:[0m 0.073 m3   [2mHabitual:[0m 0.001 ± 0.010 m3   [2mz:[0m +7.23   [2mdesvio:[0m +7230%   [2m(15 obs. dia_util)[0m
2026-07-21 17:19:17 [INFO] 
2026-07-21 17:19:17 [INFO]   🔴 [91m[1mI23LA009785[0m
2026-07-21 17:19:17 [INFO]      consumiu MAIS que o habitual às 08h
2026-07-21 17:19:17 [INFO]      [2mReal:[0m 0.386 m3   [2mHabitual:[0m 0.148 ± 0.037 m3   [2mz:[0m +6.44   [2mdesvio:[0m +161%   [2m(21 obs. dia_util)[0m
2026-07-21 17:19:17 [INFO] 
2026-07-21 17:19:17 [INFO]   🔴 [91m[1mI21LA327835[0m
2026-07-21 17:19:17 [INFO]      consumiu MAIS que o habitual às 11h
2026-07-21 17:19:17 [INFO]      [2mReal:[0m 0.066 m3   [2mHabitual:[0m 0.004 ± 0.010 m3   [2mz:[0m +6.25   [2mdesvio:[0m +1786%   [2m(11 obs. dia_util)[0m
2026-07-21 17:19:17 [INFO] 
2026-07-21 17:19:17 [INFO]   🔴 [91m[1mI23JE044621[0m
2026-07-21 17:19:17 [INFO]      consumiu MAIS que o habitual às 21h
2026-07-21 17:19:17 [INFO]      [2mReal:[0m 0.535 m3   [2mHabitual:[0m 0.043 ± 0.081 m3   [2mz:[0m +6.07   [2mdesvio:[0m +1156%   [2m(21 obs. dia_util)[0m
2026-07-21 17:19:17 [INFO] 
2026-07-21 17:19:17 [INFO]   🔴 [91m[1mD10OF068767[0m
2026-07-21 17:19:17 [INFO]      consumiu MAIS que o habitual às 08h
2026-07-21 17:19:17 [INFO]      [2mReal:[0m 6.300 m3   [2mHabitual:[0m 0.352 ± 1.113 m3   [2mz:[0m +5.34   [2mdesvio:[0m +1688%   [2m(21 obs. dia_util)[0m
2026-07-21 17:19:17 [INFO] 
2026-07-21 17:19:17 [INFO]   🔴 [91m[1mI19JC065564I[0m
2026-07-21 17:19:17 [INFO]      consumiu MAIS que o habitual às 06h
2026-07-21 17:19:17 [INFO]      [2mReal:[0m 0.160 m3   [2mHabitual:[0m 0.050 ± 0.021 m3   [2mz:[0m +5.16   [2mdesvio:[0m +221%   [2m(20 obs. dia_util)[0m
2026-07-21 17:19:17 [INFO] 
2026-07-21 17:19:17 [INFO]   🔴 [91m[1mI21JC043490F[0m
2026-07-21 17:19:17 [INFO]      consumiu MAIS que o habitual às 15h
2026-07-21 17:19:17 [INFO]      [2mReal:[0m 0.374 m3   [2mHabitual:[0m 0.072 ± 0.059 m3   [2mz:[0m +5.12   [2mdesvio:[0m +417%   [2m(20 obs. dia_util)[0m
2026-07-21 17:19:17 [INFO] 
2026-07-21 17:19:17 [INFO]   🔴 [91m[1mI23JC096061R[0m
2026-07-21 17:19:17 [INFO]      consumiu MAIS que o habitual às 01h
2026-07-21 17:19:17 [INFO]      [2mReal:[0m 0.081 m3   [2mHabitual:[0m 0.013 ± 0.013 m3   [2mz:[0m +5.07   [2mdesvio:[0m +548%   [2m(21 obs. dia_util)[0m
2026-07-21 17:19:17 [INFO] 
2026-07-21 17:19:17 [INFO]   🔴 [91m[1mI20MF945857[0m
2026-07-21 17:19:17 [INFO]      consumiu MAIS que o habitual às 13h
2026-07-21 17:19:17 [INFO]      [2mReal:[0m 1.050 m3   [2mHabitual:[0m 0.384 ± 0.133 m3   [2mz:[0m +5.00   [2mdesvio:[0m +174%   [2m(20 obs. dia_util)[0m
2026-07-21 17:19:17 [INFO] 
2026-07-21 17:19:17 [INFO]   🔴 [91m[1mD08AC357150V[0m
2026-07-21 17:19:17 [INFO]      consumiu MAIS que o habitual às 12h
2026-07-21 17:19:17 [INFO]      [2mReal:[0m 0.136 m3   [2mHabitual:[0m 0.038 ± 0.020 m3   [2mz:[0m +4.95   [2mdesvio:[0m +253%   [2m(13 obs. dia_util)[0m
2026-07-21 17:19:17 [INFO] 
2026-07-21 17:19:17 [INFO]   🔴 [91m[1mI23JC096059X[0m
2026-07-21 17:19:17 [INFO]      consumiu MAIS que o habitual às 16h
2026-07-21 17:19:17 [INFO]      [2mReal:[0m 0.499 m3   [2mHabitual:[0m 0.179 ± 0.065 m3   [2mz:[0m +4.89   [2mdesvio:[0m +179%   [2m(21 obs. dia_util)[0m
2026-07-21 17:19:17 [INFO] 
2026-07-21 17:19:17 [INFO]   🔴 [91m[1mC18SC005960J[0m
2026-07-21 17:19:17 [INFO]      consumiu MAIS que o habitual às 22h
2026-07-21 17:19:17 [INFO]      [2mReal:[0m 0.988 m3   [2mHabitual:[0m 0.237 ± 0.155 m3   [2mz:[0m +4.84   [2mdesvio:[0m +317%   [2m(17 obs. dia_util)[0m
2026-07-21 17:19:17 [INFO] 
2026-07-21 17:19:17 [INFO]   🔴 [91m[1mD08AC395031B[0m
2026-07-21 17:19:17 [INFO]      consumiu MAIS que o habitual às 00h
2026-07-21 17:19:17 [INFO]      [2mReal:[0m 0.124 m3   [2mHabitual:[0m 0.021 ± 0.022 m3   [2mz:[0m +4.74   [2mdesvio:[0m +488%   [2m(17 obs. dia_util)[0m
2026-07-21 17:19:17 [INFO] 
2026-07-21 17:19:17 [INFO]   🔴 [91m[1mD17BA019937[0m
2026-07-21 17:19:17 [INFO]      consumiu MAIS que o habitual às 13h
2026-07-21 17:19:17 [INFO]      [2mReal:[0m 0.079 m3   [2mHabitual:[0m 0.018 ± 0.013 m3   [2mz:[0m +4.70   [2mdesvio:[0m +332%   [2m(20 obs. dia_util)[0m
2026-07-21 17:19:17 [INFO] 
2026-07-21 17:19:17 [INFO]   🔴 [91m[1mH20VA222003[0m
2026-07-21 17:19:17 [INFO]      consumiu MAIS que o habitual às 17h
2026-07-21 17:19:17 [INFO]      [2mReal:[0m 0.049 m3   [2mHabitual:[0m 0.003 ± 0.010 m3   [2mz:[0m +4.64   [2mdesvio:[0m +1785%   [2m(21 obs. dia_util)[0m
2026-07-21 17:19:17 [INFO] 
2026-07-21 17:19:17 [INFO]   🔴 [91m[1mI20JE067858[0m
2026-07-21 17:19:17 [INFO]      consumiu MAIS que o habitual às 16h
2026-07-21 17:19:17 [INFO]      [2mReal:[0m 0.679 m3   [2mHabitual:[0m 0.226 ± 0.098 m3   [2mz:[0m +4.64   [2mdesvio:[0m +200%   [2m(21 obs. dia_util)[0m
2026-07-21 17:19:17 [INFO] 
2026-07-21 17:19:17 [INFO]   🔴 [91m[1mI17JE060879[0m
2026-07-21 17:19:17 [INFO]      consumiu MAIS que o habitual às 12h
2026-07-21 17:19:17 [INFO]      [2mReal:[0m 1.389 m3   [2mHabitual:[0m 0.646 ± 0.162 m3   [2mz:[0m +4.60   [2mdesvio:[0m +115%   [2m(16 obs. dia_util)[0m
2026-07-21 17:19:17 [INFO] 
2026-07-21 17:19:17 [INFO]   🔴 [91m[1mI23LA005984[0m
2026-07-21 17:19:17 [INFO]      consumiu MAIS que o habitual às 21h
2026-07-21 17:19:17 [INFO]      [2mReal:[0m 0.045 m3   [2mHabitual:[0m 0.000 ± 0.010 m3   [2mz:[0m +4.50   [2mdesvio:[0m +4500%   [2m(12 obs. dia_util)[0m
2026-07-21 17:19:17 [INFO] 
2026-07-21 17:19:17 [INFO]   🔵 [94m[1mI19JC029874[0m
2026-07-21 17:19:17 [INFO]      consumiu MENOS que o habitual às 15h
2026-07-21 17:19:17 [INFO]      [2mReal:[0m -0.054 m3   [2mHabitual:[0m 0.139 ± 0.043 m3   [2mz:[0m -4.44   [2mdesvio:[0m -139%   [2m(20 obs. dia_util)[0m
2026-07-21 17:19:17 [INFO] 
2026-07-21 17:19:17 [INFO]   🔴 [91m[1mI22JC094273K[0m
2026-07-21 17:19:17 [INFO]      consumiu MAIS que o habitual às 07h
2026-07-21 17:19:17 [INFO]      [2mReal:[0m 0.282 m3   [2mHabitual:[0m 0.102 ± 0.042 m3   [2mz:[0m +4.34   [2mdesvio:[0m +177%   [2m(21 obs. dia_util)[0m
2026-07-21 17:19:17 [INFO] 
2026-07-21 17:19:17 [INFO]   🔴 [91m[1mD18BX003239[0m
2026-07-21 17:19:17 [INFO]      consumiu MAIS que o habitual às 01h
2026-07-21 17:19:17 [INFO]      [2mReal:[0m 0.493 m3   [2mHabitual:[0m 0.024 ± 0.109 m3   [2mz:[0m +4.31   [2mdesvio:[0m +1929%   [2m(20 obs. dia_util)[0m
2026-07-21 17:19:17 [INFO] 
2026-07-21 17:19:17 [INFO]   🔴 [91m[1mI22JC094285O[0m
2026-07-21 17:19:17 [INFO]      consumiu MAIS que o habitual às 05h
2026-07-21 17:19:17 [INFO]      [2mReal:[0m 0.208 m3   [2mHabitual:[0m 0.032 ± 0.041 m3   [2mz:[0m +4.30   [2mdesvio:[0m +560%   [2m(10 obs. dia_util)[0m
2026-07-21 17:19:17 [INFO] 
2026-07-21 17:19:17 [INFO]   🔴 [91m[1mI23JC095869[0m
2026-07-21 17:19:17 [INFO]      consumiu MAIS que o habitual às 09h
2026-07-21 17:19:17 [INFO]      [2mReal:[0m 1.194 m3   [2mHabitual:[0m 0.274 ± 0.214 m3   [2mz:[0m +4.30   [2mdesvio:[0m +336%   [2m(18 obs. dia_util)[0m
2026-07-21 17:19:17 [INFO] 
2026-07-21 17:19:17 [INFO]   🔴 [91m[1mD18BX003239[0m
2026-07-21 17:19:17 [INFO]      consumiu MAIS que o habitual às 00h
2026-07-21 17:19:17 [INFO]      [2mReal:[0m 0.582 m3   [2mHabitual:[0m 0.029 ± 0.131 m3   [2mz:[0m +4.21   [2mdesvio:[0m +1886%   [2m(20 obs. dia_util)[0m
2026-07-21 17:19:17 [INFO] 
2026-07-21 17:19:17 [INFO]   🔴 [91m[1mD10OF068767[0m
2026-07-21 17:19:17 [INFO]      consumiu MAIS que o habitual às 18h
2026-07-21 17:19:17 [INFO]      [2mReal:[0m 3.000 m3   [2mHabitual:[0m 0.215 ± 0.663 m3   [2mz:[0m +4.20   [2mdesvio:[0m +1295%   [2m(20 obs. dia_util)[0m
2026-07-21 17:19:17 [INFO] 
2026-07-21 17:19:17 [INFO]   🔵 [94m[1mI19MF927865[0m
2026-07-21 17:19:17 [INFO]      consumiu MENOS que o habitual às 23h
2026-07-21 17:19:17 [INFO]      [2mReal:[0m 0.000 m3   [2mHabitual:[0m 13.094 ± 3.273 m3   [2mz:[0m -4.00   [2mdesvio:[0m -100%   [2m(20 obs. dia_util)[0m
2026-07-21 17:19:17 [INFO] 
2026-07-21 17:19:17 [INFO]   🔴 [91m[1mD18BX003239[0m
2026-07-21 17:19:17 [INFO]      consumiu MAIS que o habitual às 02h
2026-07-21 17:19:17 [INFO]      [2mReal:[0m 0.222 m3   [2mHabitual:[0m 0.012 ± 0.054 m3   [2mz:[0m +3.90   [2mdesvio:[0m +1750%   [2m(20 obs. dia_util)[0m
2026-07-21 17:19:17 [INFO] 
2026-07-21 17:19:17 [INFO]   🔴 [91m[1mI21JC043488L[0m
2026-07-21 17:19:17 [INFO]      consumiu MAIS que o habitual às 13h
2026-07-21 17:19:17 [INFO]      [2mReal:[0m 0.278 m3   [2mHabitual:[0m 0.082 ± 0.051 m3   [2mz:[0m +3.81   [2mdesvio:[0m +238%   [2m(19 obs. dia_util)[0m
2026-07-21 17:19:17 [INFO] 
2026-07-21 17:19:17 [INFO]   🔴 [91m[1mI21JC043489M[0m
2026-07-21 17:19:17 [INFO]      consumiu MAIS que o habitual às 08h
2026-07-21 17:19:17 [INFO]      [2mReal:[0m 0.167 m3   [2mHabitual:[0m 0.085 ± 0.022 m3   [2mz:[0m +3.78   [2mdesvio:[0m +96%   [2m(19 obs. dia_util)[0m
2026-07-21 17:19:17 [INFO] 
2026-07-21 17:19:17 [INFO]   🔴 [91m[1mD08AC395031B[0m
2026-07-21 17:19:17 [INFO]      consumiu MAIS que o habitual às 22h
2026-07-21 17:19:17 [INFO]      [2mReal:[0m 0.091 m3   [2mHabitual:[0m 0.018 ± 0.019 m3   [2mz:[0m +3.74   [2mdesvio:[0m +406%   [2m(21 obs. dia_util)[0m
2026-07-21 17:19:17 [INFO] 
2026-07-21 17:19:17 [INFO]   🔴 [91m[1mC21FE010289Z[0m
2026-07-21 17:19:17 [INFO]      consumiu MAIS que o habitual às 21h
2026-07-21 17:19:17 [INFO]      [2mReal:[0m 2.868 m3   [2mHabitual:[0m 0.889 ± 0.531 m3   [2mz:[0m +3.72   [2mdesvio:[0m +222%   [2m(21 obs. dia_util)[0m
2026-07-21 17:19:17 [INFO] 
2026-07-21 17:19:17 [INFO]   🔴 [91m[1mD17BA019937[0m
2026-07-21 17:19:17 [INFO]      consumiu MAIS que o habitual às 12h
2026-07-21 17:19:17 [INFO]      [2mReal:[0m 0.049 m3   [2mHabitual:[0m 0.009 ± 0.011 m3   [2mz:[0m +3.71   [2mdesvio:[0m +433%   [2m(20 obs. dia_util)[0m
2026-07-21 17:19:17 [INFO] 
2026-07-21 17:19:17 [INFO]   🔴 [91m[1mD08AC395031B[0m
2026-07-21 17:19:17 [INFO]      consumiu MAIS que o habitual às 08h
2026-07-21 17:19:17 [INFO]      [2mReal:[0m 0.123 m3   [2mHabitual:[0m 0.035 ± 0.024 m3   [2mz:[0m +3.70   [2mdesvio:[0m +246%   [2m(21 obs. dia_util)[0m
2026-07-21 17:19:17 [INFO] 
2026-07-21 17:19:17 [INFO]   🔴 [91m[1mD08AC357150V[0m
2026-07-21 17:19:17 [INFO]      consumiu MAIS que o habitual às 11h
2026-07-21 17:19:17 [INFO]      [2mReal:[0m 0.821 m3   [2mHabitual:[0m 0.175 ± 0.178 m3   [2mz:[0m +3.63   [2mdesvio:[0m +368%   [2m(13 obs. dia_util)[0m
2026-07-21 17:19:17 [INFO] 
2026-07-21 17:19:17 [INFO]   🔴 [91m[1mC22FC002175O[0m
2026-07-21 17:19:17 [INFO]      consumiu MAIS que o habitual às 02h
2026-07-21 17:19:17 [INFO]      [2mReal:[0m 0.040 m3   [2mHabitual:[0m 0.004 ± 0.010 m3   [2mz:[0m +3.58   [2mdesvio:[0m +830%   [2m(16 obs. dia_util)[0m
2026-07-21 17:19:17 [INFO] 
2026-07-21 17:19:17 [INFO]   🔴 [91m[1mD10OF068767[0m
2026-07-21 17:19:17 [INFO]      consumiu MAIS que o habitual às 10h
2026-07-21 17:19:17 [INFO]      [2mReal:[0m 4.200 m3   [2mHabitual:[0m 0.350 ± 1.078 m3   [2mz:[0m +3.57   [2mdesvio:[0m +1100%   [2m(20 obs. dia_util)[0m
2026-07-21 17:19:17 [INFO] 
2026-07-21 17:19:17 [INFO]   🔴 [91m[1mI21JC037657V[0m
2026-07-21 17:19:17 [INFO]      consumiu MAIS que o habitual às 11h
2026-07-21 17:19:17 [INFO]      [2mReal:[0m 0.072 m3   [2mHabitual:[0m 0.030 ± 0.012 m3   [2mz:[0m +3.57   [2mdesvio:[0m +142%   [2m(19 obs. dia_util)[0m
2026-07-21 17:19:17 [INFO] 
2026-07-21 17:19:17 [INFO]   🔴 [91m[1mI20JE060957[0m
2026-07-21 17:19:17 [INFO]      consumiu MAIS que o habitual às 14h
2026-07-21 17:19:17 [INFO]      [2mReal:[0m 0.283 m3   [2mHabitual:[0m 0.115 ± 0.047 m3   [2mz:[0m +3.56   [2mdesvio:[0m +147%   [2m(21 obs. dia_util)[0m
2026-07-21 17:19:17 [INFO] 
2026-07-21 17:19:17 [INFO]   🔴 [91m[1mI22JC094285O[0m
2026-07-21 17:19:17 [INFO]      consumiu MAIS que o habitual às 19h
2026-07-21 17:19:17 [INFO]      [2mReal:[0m 0.278 m3   [2mHabitual:[0m 0.088 ± 0.053 m3   [2mz:[0m +3.55   [2mdesvio:[0m +215%   [2m(19 obs. dia_util)[0m
2026-07-21 17:19:17 [INFO] 
2026-07-21 17:19:17 [INFO]   🔴 [91m[1mI24LA028258[0m
2026-07-21 17:19:17 [INFO]      consumiu MAIS que o habitual às 13h
2026-07-21 17:19:17 [INFO]      [2mReal:[0m 0.797 m3   [2mHabitual:[0m 0.360 ± 0.124 m3   [2mz:[0m +3.52   [2mdesvio:[0m +122%   [2m(21 obs. dia_util)[0m
2026-07-21 17:19:17 [INFO] 
2026-07-21 17:19:18 [INFO] CSV guardado: C:\Users\anaca\OneDrive\Ambiente de Trabalho\Tese\ts-anomaly-detection-dissertation\results\agua\realtime\alerts\analise_agua_2026-05-07.csv
2026-07-21 17:19:18 [INFO] 
2026-07-21 17:19:18 [INFO] [1m======================================================================[0m
2026-07-21 17:19:18 [INFO] [1m  DETECAO DE ANOMALIAS AGUA - 2026-05-08[0m
2026-07-21 17:19:18 [INFO] [1m======================================================================[0m
2026-07-21 17:19:18 [INFO]   [2mTipo de dia:[0m        dia util
2026-07-21 17:19:18 [INFO]   [2mFonte:[0m              BAZE
2026-07-21 17:19:18 [INFO]   [2mContadores c/ dados:[0m 418
2026-07-21 17:19:18 [INFO]   [2mPontos contador/hora:[0m 9134
2026-07-21 17:19:18 [INFO]   [2mThreshold:[0m          |z| > 3.5 [2m(adaptativo a este tipo de dia)[0m
2026-07-21 17:19:18 [INFO] 
2026-07-21 17:19:49 [INFO] [1m--- Resumo -------------------------------------[0m
2026-07-21 17:19:49 [INFO]   [92mNormal[0m                  9025 [2m( 99.0%)[0m
2026-07-21 17:19:49 [INFO]   [91mDesvio (alta confianca)[0m   93 [2m(  1.0%)[0m
2026-07-21 17:19:49 [INFO]   [93mDesvio (baixa confianca)[0m   0 [2m(  0.0%)[0m
2026-07-21 17:19:49 [INFO]   [90mSem historico suficiente[0m  16
2026-07-21 17:19:49 [INFO]   [2mTempo: 31.9s[0m
2026-07-21 17:19:49 [INFO] 
2026-07-21 17:19:49 [INFO] [1m--- Desvios de ALTA confianca (93) -------------------[0m
2026-07-21 17:19:49 [INFO] 
2026-07-21 17:19:49 [INFO]   🔴 [91m[1mC17SC007452[0m
2026-07-21 17:19:49 [INFO]      consumiu MAIS que o habitual às 04h
2026-07-21 17:19:49 [INFO]      [2mReal:[0m 0.407 m3   [2mHabitual:[0m 0.000 ± 0.010 m3   [2mz:[0m +10.00 (cap)   [2mdesvio:[0m +40700%   [2m(21 obs. dia_util)[0m
2026-07-21 17:19:49 [INFO] 
2026-07-21 17:19:49 [INFO]   🔴 [91m[1mC17SC007452[0m
2026-07-21 17:19:49 [INFO]      consumiu MAIS que o habitual às 05h
2026-07-21 17:19:49 [INFO]      [2mReal:[0m 1.109 m3   [2mHabitual:[0m 0.000 ± 0.010 m3   [2mz:[0m +10.00 (cap)   [2mdesvio:[0m +110900%   [2m(20 obs. dia_util)[0m
2026-07-21 17:19:49 [INFO] 
2026-07-21 17:19:49 [INFO]   🔴 [91m[1mC17SC007452[0m
2026-07-21 17:19:49 [INFO]      consumiu MAIS que o habitual às 06h
2026-07-21 17:19:49 [INFO]      [2mReal:[0m 2.029 m3   [2mHabitual:[0m 0.000 ± 0.010 m3   [2mz:[0m +10.00 (cap)   [2mdesvio:[0m +202900%   [2m(20 obs. dia_util)[0m
2026-07-21 17:19:49 [INFO] 
2026-07-21 17:19:49 [INFO]   🔴 [91m[1mC17SC007452[0m
2026-07-21 17:19:49 [INFO]      consumiu MAIS que o habitual às 07h
2026-07-21 17:19:49 [INFO]      [2mReal:[0m 1.780 m3   [2mHabitual:[0m 0.000 ± 0.010 m3   [2mz:[0m +10.00 (cap)   [2mdesvio:[0m +178000%   [2m(20 obs. dia_util)[0m
2026-07-21 17:19:49 [INFO] 
2026-07-21 17:19:49 [INFO]   🔴 [91m[1mD08AC357150V[0m
2026-07-21 17:19:49 [INFO]      consumiu MAIS que o habitual às 06h
2026-07-21 17:19:49 [INFO]      [2mReal:[0m 0.284 m3   [2mHabitual:[0m 0.060 ± 0.022 m3   [2mz:[0m +10.00 (cap)   [2mdesvio:[0m +377%   [2m(12 obs. dia_util)[0m
2026-07-21 17:19:49 [INFO] 
2026-07-21 17:19:49 [INFO]   🔴 [91m[1mD10OF068767[0m
2026-07-21 17:19:49 [INFO]      consumiu MAIS que o habitual às 19h
2026-07-21 17:19:49 [INFO]      [2mReal:[0m 2.500 m3   [2mHabitual:[0m 0.011 ± 0.046 m3   [2mz:[0m +10.00 (cap)   [2mdesvio:[0m +23710%   [2m(19 obs. dia_util)[0m
2026-07-21 17:19:49 [INFO] 
2026-07-21 17:19:49 [INFO]   🔴 [91m[1mD10OF068767[0m
2026-07-21 17:19:49 [INFO]      consumiu MAIS que o habitual às 20h
2026-07-21 17:19:49 [INFO]      [2mReal:[0m 2.900 m3   [2mHabitual:[0m 0.000 ± 0.010 m3   [2mz:[0m +10.00 (cap)   [2mdesvio:[0m +290000%   [2m(19 obs. dia_util)[0m
2026-07-21 17:19:49 [INFO] 
2026-07-21 17:19:49 [INFO]   🔴 [91m[1mD10OF068767[0m
2026-07-21 17:19:49 [INFO]      consumiu MAIS que o habitual às 21h
2026-07-21 17:19:49 [INFO]      [2mReal:[0m 0.100 m3   [2mHabitual:[0m 0.000 ± 0.010 m3   [2mz:[0m +10.00   [2mdesvio:[0m +10000%   [2m(19 obs. dia_util)[0m
2026-07-21 17:19:49 [INFO] 
2026-07-21 17:19:49 [INFO]   🔴 [91m[1mD18BX003239[0m
2026-07-21 17:19:49 [INFO]      consumiu MAIS que o habitual às 03h
2026-07-21 17:19:49 [INFO]      [2mReal:[0m 0.221 m3   [2mHabitual:[0m 0.002 ± 0.010 m3   [2mz:[0m +10.00 (cap)   [2mdesvio:[0m +12900%   [2m(20 obs. dia_util)[0m
2026-07-21 17:19:49 [INFO] 
2026-07-21 17:19:49 [INFO]   🔴 [91m[1mD18BX003239[0m
2026-07-21 17:19:49 [INFO]      consumiu MAIS que o habitual às 05h
2026-07-21 17:19:49 [INFO]      [2mReal:[0m 0.202 m3   [2mHabitual:[0m 0.000 ± 0.010 m3   [2mz:[0m +10.00 (cap)   [2mdesvio:[0m +20200%   [2m(21 obs. dia_util)[0m
2026-07-21 17:19:49 [INFO] 
2026-07-21 17:19:49 [INFO]   🔴 [91m[1mD18BX003239[0m
2026-07-21 17:19:49 [INFO]      consumiu MAIS que o habitual às 06h
2026-07-21 17:19:49 [INFO]      [2mReal:[0m 0.125 m3   [2mHabitual:[0m 0.000 ± 0.010 m3   [2mz:[0m +10.00 (cap)   [2mdesvio:[0m +12500%   [2m(21 obs. dia_util)[0m
2026-07-21 17:19:49 [INFO] 
2026-07-21 17:19:49 [INFO]   🔴 [91m[1mD19BX000041[0m
2026-07-21 17:19:49 [INFO]      consumiu MAIS que o habitual às 09h
2026-07-21 17:19:49 [INFO]      [2mReal:[0m 0.144 m3   [2mHabitual:[0m 0.004 ± 0.011 m3   [2mz:[0m +10.00 (cap)   [2mdesvio:[0m +3412%   [2m(16 obs. dia_util)[0m
2026-07-21 17:19:49 [INFO] 
2026-07-21 17:19:49 [INFO]   🔴 [91m[1mD19BX000041[0m
2026-07-21 17:19:49 [INFO]      consumiu MAIS que o habitual às 10h
2026-07-21 17:19:49 [INFO]      [2mReal:[0m 0.152 m3   [2mHabitual:[0m 0.005 ± 0.013 m3   [2mz:[0m +10.00 (cap)   [2mdesvio:[0m +3204%   [2m(16 obs. dia_util)[0m
2026-07-21 17:19:49 [INFO] 
2026-07-21 17:19:49 [INFO]   🔴 [91m[1mD19BX000041[0m
2026-07-21 17:19:49 [INFO]      consumiu MAIS que o habitual às 11h
2026-07-21 17:19:49 [INFO]      [2mReal:[0m 0.168 m3   [2mHabitual:[0m 0.000 ± 0.010 m3   [2mz:[0m +10.00 (cap)   [2mdesvio:[0m +16760%   [2m(16 obs. dia_util)[0m
2026-07-21 17:19:49 [INFO] 
2026-07-21 17:19:49 [INFO]   🔴 [91m[1mD19BX000041[0m
2026-07-21 17:19:49 [INFO]      consumiu MAIS que o habitual às 12h
2026-07-21 17:19:49 [INFO]      [2mReal:[0m 0.118 m3   [2mHabitual:[0m 0.002 ± 0.010 m3   [2mz:[0m +10.00 (cap)   [2mdesvio:[0m +5519%   [2m(19 obs. dia_util)[0m
2026-07-21 17:19:49 [INFO] 
2026-07-21 17:19:49 [INFO]   🔴 [91m[1mD19BX000041[0m
2026-07-21 17:19:49 [INFO]      consumiu MAIS que o habitual às 13h
2026-07-21 17:19:49 [INFO]      [2mReal:[0m 0.194 m3   [2mHabitual:[0m 0.001 ± 0.010 m3   [2mz:[0m +10.00 (cap)   [2mdesvio:[0m +17536%   [2m(19 obs. dia_util)[0m
2026-07-21 17:19:49 [INFO] 
2026-07-21 17:19:49 [INFO]   🔴 [91m[1mD19BX000041[0m
2026-07-21 17:19:49 [INFO]      consumiu MAIS que o habitual às 14h
2026-07-21 17:19:49 [INFO]      [2mReal:[0m 0.206 m3   [2mHabitual:[0m 0.001 ± 0.010 m3   [2mz:[0m +10.00 (cap)   [2mdesvio:[0m +20510%   [2m(19 obs. dia_util)[0m
2026-07-21 17:19:49 [INFO] 
2026-07-21 17:19:49 [INFO]   🔴 [91m[1mD19BX000041[0m
2026-07-21 17:19:49 [INFO]      consumiu MAIS que o habitual às 15h
2026-07-21 17:19:49 [INFO]      [2mReal:[0m 0.106 m3   [2mHabitual:[0m 0.003 ± 0.010 m3   [2mz:[0m +10.00 (cap)   [2mdesvio:[0m +3319%   [2m(19 obs. dia_util)[0m
2026-07-21 17:19:49 [INFO] 
2026-07-21 17:19:49 [INFO]   🔴 [91m[1mD19BX000041[0m
2026-07-21 17:19:49 [INFO]      consumiu MAIS que o habitual às 16h
2026-07-21 17:19:49 [INFO]      [2mReal:[0m 0.175 m3   [2mHabitual:[0m 0.003 ± 0.010 m3   [2mz:[0m +10.00 (cap)   [2mdesvio:[0m +5203%   [2m(19 obs. dia_util)[0m
2026-07-21 17:19:49 [INFO] 
2026-07-21 17:19:49 [INFO]   🔴 [91m[1mD19BX000041[0m
2026-07-21 17:19:49 [INFO]      consumiu MAIS que o habitual às 17h
2026-07-21 17:19:49 [INFO]      [2mReal:[0m 0.157 m3   [2mHabitual:[0m 0.003 ± 0.010 m3   [2mz:[0m +10.00 (cap)   [2mdesvio:[0m +4806%   [2m(19 obs. dia_util)[0m
2026-07-21 17:19:49 [INFO] 
2026-07-21 17:19:49 [INFO]   🔴 [91m[1mD19BX000041[0m
2026-07-21 17:19:49 [INFO]      consumiu MAIS que o habitual às 18h
2026-07-21 17:19:49 [INFO]      [2mReal:[0m 0.170 m3   [2mHabitual:[0m 0.003 ± 0.010 m3   [2mz:[0m +10.00 (cap)   [2mdesvio:[0m +5384%   [2m(19 obs. dia_util)[0m
2026-07-21 17:19:49 [INFO] 
2026-07-21 17:19:49 [INFO]   🔴 [91m[1mD19BX000041[0m
2026-07-21 17:19:49 [INFO]      consumiu MAIS que o habitual às 19h
2026-07-21 17:19:49 [INFO]      [2mReal:[0m 0.160 m3   [2mHabitual:[0m 0.002 ± 0.010 m3   [2mz:[0m +10.00 (cap)   [2mdesvio:[0m +7900%   [2m(19 obs. dia_util)[0m
2026-07-21 17:19:49 [INFO] 
2026-07-21 17:19:49 [INFO]   🔴 [91m[1mD19BX000041[0m
2026-07-21 17:19:49 [INFO]      consumiu MAIS que o habitual às 20h
2026-07-21 17:19:49 [INFO]      [2mReal:[0m 0.174 m3   [2mHabitual:[0m 0.001 ± 0.010 m3   [2mz:[0m +10.00 (cap)   [2mdesvio:[0m +17340%   [2m(15 obs. dia_util)[0m
2026-07-21 17:19:49 [INFO] 
2026-07-21 17:19:49 [INFO]   🔴 [91m[1mI18JC067687[0m
2026-07-21 17:19:49 [INFO]      consumiu MAIS que o habitual às 22h
2026-07-21 17:19:49 [INFO]      [2mReal:[0m 0.485 m3   [2mHabitual:[0m 0.000 ± 0.010 m3   [2mz:[0m +10.00 (cap)   [2mdesvio:[0m +48500%   [2m(8 obs. dia_util)[0m
2026-07-21 17:19:49 [INFO] 
2026-07-21 17:19:49 [INFO]   🔴 [91m[1mI19JC065474[0m
2026-07-21 17:19:49 [INFO]      consumiu MAIS que o habitual às 15h
2026-07-21 17:19:49 [INFO]      [2mReal:[0m 1.182 m3   [2mHabitual:[0m 0.091 ± 0.105 m3   [2mz:[0m +10.00 (cap)   [2mdesvio:[0m +1197%   [2m(17 obs. dia_util)[0m
2026-07-21 17:19:49 [INFO] 
2026-07-21 17:19:49 [INFO]   🔴 [91m[1mI21JC029107Z[0m
2026-07-21 17:19:49 [INFO]      consumiu MAIS que o habitual às 16h
2026-07-21 17:19:49 [INFO]      [2mReal:[0m 3.566 m3   [2mHabitual:[0m 0.010 ± 0.044 m3   [2mz:[0m +10.00 (cap)   [2mdesvio:[0m +37046%   [2m(21 obs. dia_util)[0m
2026-07-21 17:19:49 [INFO] 
2026-07-21 17:19:49 [INFO]   🔴 [91m[1mI21JC029107Z[0m
2026-07-21 17:19:49 [INFO]      consumiu MAIS que o habitual às 17h
2026-07-21 17:19:49 [INFO]      [2mReal:[0m 0.472 m3   [2mHabitual:[0m 0.009 ± 0.044 m3   [2mz:[0m +10.00 (cap)   [2mdesvio:[0m +4868%   [2m(21 obs. dia_util)[0m
2026-07-21 17:19:49 [INFO] 
2026-07-21 17:19:49 [INFO]   🔴 [91m[1mI21JC029107Z[0m
2026-07-21 17:19:49 [INFO]      consumiu MAIS que o habitual às 20h
2026-07-21 17:19:49 [INFO]      [2mReal:[0m 6.104 m3   [2mHabitual:[0m 0.009 ± 0.044 m3   [2mz:[0m +10.00 (cap)   [2mdesvio:[0m +64153%   [2m(21 obs. dia_util)[0m
2026-07-21 17:19:49 [INFO] 
2026-07-21 17:19:49 [INFO]   🔴 [91m[1mI21JC029153F[0m
2026-07-21 17:19:49 [INFO]      consumiu MAIS que o habitual às 01h
2026-07-21 17:19:49 [INFO]      [2mReal:[0m 3.109 m3   [2mHabitual:[0m 0.000 ± 0.010 m3   [2mz:[0m +10.00 (cap)   [2mdesvio:[0m +310900%   [2m(19 obs. dia_util)[0m
2026-07-21 17:19:49 [INFO] 
2026-07-21 17:19:49 [INFO]   🔴 [91m[1mI21JC037657V[0m
2026-07-21 17:19:49 [INFO]      consumiu MAIS que o habitual às 06h
2026-07-21 17:19:49 [INFO]      [2mReal:[0m 0.407 m3   [2mHabitual:[0m 0.027 ± 0.015 m3   [2mz:[0m +10.00 (cap)   [2mdesvio:[0m +1424%   [2m(17 obs. dia_util)[0m
2026-07-21 17:19:49 [INFO] 
2026-07-21 17:19:49 [INFO]   🔴 [91m[1mI21JC037657V[0m
2026-07-21 17:19:49 [INFO]      consumiu MAIS que o habitual às 09h
2026-07-21 17:19:49 [INFO]      [2mReal:[0m 0.305 m3   [2mHabitual:[0m 0.023 ± 0.022 m3   [2mz:[0m +10.00 (cap)   [2mdesvio:[0m +1250%   [2m(19 obs. dia_util)[0m
2026-07-21 17:19:49 [INFO] 
2026-07-21 17:19:49 [INFO]   🔴 [91m[1mI21JC037660Q[0m
2026-07-21 17:19:49 [INFO]      consumiu MAIS que o habitual às 04h
2026-07-21 17:19:49 [INFO]      [2mReal:[0m 0.449 m3   [2mHabitual:[0m 0.001 ± 0.010 m3   [2mz:[0m +10.00 (cap)   [2mdesvio:[0m +44820%   [2m(20 obs. dia_util)[0m
2026-07-21 17:19:49 [INFO] 
2026-07-21 17:19:49 [INFO]   🔴 [91m[1mI21JC043496L[0m
2026-07-21 17:19:49 [INFO]      consumiu MAIS que o habitual às 16h
2026-07-21 17:19:49 [INFO]      [2mReal:[0m 0.397 m3   [2mHabitual:[0m 0.004 ± 0.010 m3   [2mz:[0m +10.00 (cap)   [2mdesvio:[0m +8722%   [2m(21 obs. dia_util)[0m
2026-07-21 17:19:49 [INFO] 
2026-07-21 17:19:49 [INFO]   🔴 [91m[1mI22JC094278P[0m
2026-07-21 17:19:49 [INFO]      consumiu MAIS que o habitual às 00h
2026-07-21 17:19:49 [INFO]      [2mReal:[0m 0.566 m3   [2mHabitual:[0m 0.030 ± 0.031 m3   [2mz:[0m +10.00 (cap)   [2mdesvio:[0m +1756%   [2m(17 obs. dia_util)[0m
2026-07-21 17:19:49 [INFO] 
2026-07-21 17:19:49 [INFO]   🔴 [91m[1mI23JC096062S[0m
2026-07-21 17:19:49 [INFO]      consumiu MAIS que o habitual às 03h
2026-07-21 17:19:49 [INFO]      [2mReal:[0m 0.154 m3   [2mHabitual:[0m 0.004 ± 0.010 m3   [2mz:[0m +10.00 (cap)   [2mdesvio:[0m +3953%   [2m(18 obs. dia_util)[0m
2026-07-21 17:19:49 [INFO] 
2026-07-21 17:19:49 [INFO]   🔴 [91m[1mI23LA005760[0m
2026-07-21 17:19:49 [INFO]      consumiu MAIS que o habitual às 10h
2026-07-21 17:19:49 [INFO]      [2mReal:[0m 0.958 m3   [2mHabitual:[0m 0.046 ± 0.065 m3   [2mz:[0m +10.00 (cap)   [2mdesvio:[0m +1996%   [2m(18 obs. dia_util)[0m
2026-07-21 17:19:49 [INFO] 
2026-07-21 17:19:49 [INFO]   🔴 [91m[1mI23LA213007[0m
2026-07-21 17:19:49 [INFO]      consumiu MAIS que o habitual às 22h
2026-07-21 17:19:49 [INFO]      [2mReal:[0m 0.170 m3   [2mHabitual:[0m 0.003 ± 0.010 m3   [2mz:[0m +10.00 (cap)   [2mdesvio:[0m +6196%   [2m(21 obs. dia_util)[0m
2026-07-21 17:19:49 [INFO] 
2026-07-21 17:19:49 [INFO]   🔴 [91m[1mI23LA459839[0m
2026-07-21 17:19:49 [INFO]      consumiu MAIS que o habitual às 22h
2026-07-21 17:19:49 [INFO]      [2mReal:[0m 0.102 m3   [2mHabitual:[0m 0.002 ± 0.010 m3   [2mz:[0m +9.98   [2mdesvio:[0m +4536%   [2m(13 obs. dia_util)[0m
2026-07-21 17:19:49 [INFO] 
2026-07-21 17:19:49 [INFO]   🔴 [91m[1mI22JC094287Q[0m
2026-07-21 17:19:49 [INFO]      consumiu MAIS que o habitual às 15h
2026-07-21 17:19:49 [INFO]      [2mReal:[0m 0.650 m3   [2mHabitual:[0m 0.129 ± 0.057 m3   [2mz:[0m +9.20   [2mdesvio:[0m +402%   [2m(18 obs. dia_util)[0m
2026-07-21 17:19:49 [INFO] 
2026-07-21 17:19:49 [INFO]   🔴 [91m[1mI21JC037663T[0m
2026-07-21 17:19:49 [INFO]      consumiu MAIS que o habitual às 06h
2026-07-21 17:19:49 [INFO]      [2mReal:[0m 0.471 m3   [2mHabitual:[0m 0.147 ± 0.037 m3   [2mz:[0m +8.79   [2mdesvio:[0m +220%   [2m(21 obs. dia_util)[0m
2026-07-21 17:19:49 [INFO] 
2026-07-21 17:19:49 [INFO]   🔴 [91m[1mD19BX000041[0m
2026-07-21 17:19:49 [INFO]      consumiu MAIS que o habitual às 21h
2026-07-21 17:19:49 [INFO]      [2mReal:[0m 0.169 m3   [2mHabitual:[0m 0.006 ± 0.019 m3   [2mz:[0m +8.72   [2mdesvio:[0m +2918%   [2m(15 obs. dia_util)[0m
2026-07-21 17:19:49 [INFO] 
2026-07-21 17:19:49 [INFO]   🔴 [91m[1mI23JC096062S[0m
2026-07-21 17:19:49 [INFO]      consumiu MAIS que o habitual às 04h
2026-07-21 17:19:49 [INFO]      [2mReal:[0m 0.090 m3   [2mHabitual:[0m 0.003 ± 0.010 m3   [2mz:[0m +8.71   [2mdesvio:[0m +3003%   [2m(18 obs. dia_util)[0m
2026-07-21 17:19:49 [INFO] 
2026-07-21 17:19:49 [INFO]   🔴 [91m[1mC22FC002170J[0m
2026-07-21 17:19:49 [INFO]      consumiu MAIS que o habitual às 21h
2026-07-21 17:19:49 [INFO]      [2mReal:[0m 1.167 m3   [2mHabitual:[0m 0.375 ± 0.095 m3   [2mz:[0m +8.34   [2mdesvio:[0m +212%   [2m(21 obs. dia_util)[0m
2026-07-21 17:19:49 [INFO] 
2026-07-21 17:19:49 [INFO]   🔴 [91m[1mD18BX003239[0m
2026-07-21 17:19:49 [INFO]      consumiu MAIS que o habitual às 23h
2026-07-21 17:19:49 [INFO]      [2mReal:[0m 0.679 m3   [2mHabitual:[0m 0.034 ± 0.078 m3   [2mz:[0m +8.24   [2mdesvio:[0m +1897%   [2m(21 obs. dia_util)[0m
2026-07-21 17:19:49 [INFO] 
2026-07-21 17:19:49 [INFO]   🔴 [91m[1mI21LA186120[0m
2026-07-21 17:19:49 [INFO]      consumiu MAIS que o habitual às 13h
2026-07-21 17:19:49 [INFO]      [2mReal:[0m 0.387 m3   [2mHabitual:[0m 0.128 ± 0.032 m3   [2mz:[0m +8.12   [2mdesvio:[0m +203%   [2m(21 obs. dia_util)[0m
2026-07-21 17:19:49 [INFO] 
2026-07-21 17:19:49 [INFO]   🔴 [91m[1mI21JC037657V[0m
2026-07-21 17:19:49 [INFO]      consumiu MAIS que o habitual às 07h
2026-07-21 17:19:49 [INFO]      [2mReal:[0m 0.438 m3   [2mHabitual:[0m 0.056 ± 0.047 m3   [2mz:[0m +8.07   [2mdesvio:[0m +681%   [2m(17 obs. dia_util)[0m
2026-07-21 17:19:49 [INFO] 
2026-07-21 17:19:49 [INFO]   🔴 [91m[1mI19JC065533[0m
2026-07-21 17:19:49 [INFO]      consumiu MAIS que o habitual às 13h
2026-07-21 17:19:49 [INFO]      [2mReal:[0m 8.527 m3   [2mHabitual:[0m 0.458 ± 1.002 m3   [2mz:[0m +8.06   [2mdesvio:[0m +1760%   [2m(16 obs. dia_util)[0m
2026-07-21 17:19:49 [INFO] 
2026-07-21 17:19:49 [INFO]   🔴 [91m[1mH21OF834686I[0m
2026-07-21 17:19:49 [INFO]      consumiu MAIS que o habitual às 08h
2026-07-21 17:19:49 [INFO]      [2mReal:[0m 0.210 m3   [2mHabitual:[0m 0.044 ± 0.021 m3   [2mz:[0m +7.97   [2mdesvio:[0m +379%   [2m(21 obs. dia_util)[0m
2026-07-21 17:19:49 [INFO] 
2026-07-21 17:19:49 [INFO]   🔴 [91m[1mI21JC029635S[0m
2026-07-21 17:19:49 [INFO]      consumiu MAIS que o habitual às 20h
2026-07-21 17:19:49 [INFO]      [2mReal:[0m 0.079 m3   [2mHabitual:[0m 0.000 ± 0.010 m3   [2mz:[0m +7.90   [2mdesvio:[0m +7900%   [2m(18 obs. dia_util)[0m
2026-07-21 17:19:49 [INFO] 
2026-07-21 17:19:49 [INFO]   🔴 [91m[1mI21JC029635S[0m
2026-07-21 17:19:49 [INFO]      consumiu MAIS que o habitual às 21h
2026-07-21 17:19:49 [INFO]      [2mReal:[0m 0.075 m3   [2mHabitual:[0m 0.000 ± 0.010 m3   [2mz:[0m +7.50   [2mdesvio:[0m +7500%   [2m(18 obs. dia_util)[0m
2026-07-21 17:19:49 [INFO] 
2026-07-21 17:19:49 [INFO]   🔴 [91m[1mI21JC029635S[0m
2026-07-21 17:19:49 [INFO]      consumiu MAIS que o habitual às 22h
2026-07-21 17:19:49 [INFO]      [2mReal:[0m 0.074 m3   [2mHabitual:[0m 0.000 ± 0.010 m3   [2mz:[0m +7.40   [2mdesvio:[0m +7400%   [2m(18 obs. dia_util)[0m
2026-07-21 17:19:49 [INFO] 
2026-07-21 17:19:49 [INFO]   🔴 [91m[1mI16JC098524[0m
2026-07-21 17:19:49 [INFO]      consumiu MAIS que o habitual às 14h
2026-07-21 17:19:49 [INFO]      [2mReal:[0m 0.741 m3   [2mHabitual:[0m 0.246 ± 0.068 m3   [2mz:[0m +7.32   [2mdesvio:[0m +201%   [2m(21 obs. dia_util)[0m
2026-07-21 17:19:49 [INFO] 
2026-07-21 17:19:49 [INFO]   🔴 [91m[1mD19BA343473[0m
2026-07-21 17:19:49 [INFO]      consumiu MAIS que o habitual às 12h
2026-07-21 17:19:49 [INFO]      [2mReal:[0m 0.224 m3   [2mHabitual:[0m 0.008 ± 0.030 m3   [2mz:[0m +7.28   [2mdesvio:[0m +2567%   [2m(21 obs. dia_util)[0m
2026-07-21 17:19:49 [INFO] 
2026-07-21 17:19:49 [INFO]   🔴 [91m[1mI21LA186120[0m
2026-07-21 17:19:49 [INFO]      consumiu MAIS que o habitual às 14h
2026-07-21 17:19:49 [INFO]      [2mReal:[0m 1.027 m3   [2mHabitual:[0m 0.162 ± 0.119 m3   [2mz:[0m +7.26   [2mdesvio:[0m +533%   [2m(21 obs. dia_util)[0m
2026-07-21 17:19:49 [INFO] 
2026-07-21 17:19:49 [INFO]   🔴 [91m[1mI21JC029635S[0m
2026-07-21 17:19:49 [INFO]      consumiu MAIS que o habitual às 23h
2026-07-21 17:19:49 [INFO]      [2mReal:[0m 0.072 m3   [2mHabitual:[0m 0.000 ± 0.010 m3   [2mz:[0m +7.20   [2mdesvio:[0m +7200%   [2m(18 obs. dia_util)[0m
2026-07-21 17:19:49 [INFO] 
2026-07-21 17:19:49 [INFO]   🔴 [91m[1mI21JC037663T[0m
2026-07-21 17:19:49 [INFO]      consumiu MAIS que o habitual às 07h
2026-07-21 17:19:49 [INFO]      [2mReal:[0m 0.870 m3   [2mHabitual:[0m 0.293 ± 0.083 m3   [2mz:[0m +6.99   [2mdesvio:[0m +197%   [2m(21 obs. dia_util)[0m
2026-07-21 17:19:49 [INFO] 
2026-07-21 17:19:49 [INFO]   🔴 [91m[1mI21JC029332G[0m
2026-07-21 17:19:49 [INFO]      consumiu MAIS que o habitual às 03h
2026-07-21 17:19:49 [INFO]      [2mReal:[0m 0.069 m3   [2mHabitual:[0m 0.009 ± 0.010 m3   [2mz:[0m +6.05   [2mdesvio:[0m +712%   [2m(15 obs. dia_util)[0m
2026-07-21 17:19:49 [INFO] 
2026-07-21 17:19:49 [INFO]   🔴 [91m[1mI23JC096059X[0m
2026-07-21 17:19:49 [INFO]      consumiu MAIS que o habitual às 20h
2026-07-21 17:19:49 [INFO]      [2mReal:[0m 0.925 m3   [2mHabitual:[0m 0.385 ± 0.096 m3   [2mz:[0m +5.62   [2mdesvio:[0m +141%   [2m(21 obs. dia_util)[0m
2026-07-21 17:19:49 [INFO] 
2026-07-21 17:19:49 [INFO]   🔴 [91m[1mI21JC043488L[0m
2026-07-21 17:19:49 [INFO]      consumiu MAIS que o habitual às 02h
2026-07-21 17:19:49 [INFO]      [2mReal:[0m 0.060 m3   [2mHabitual:[0m 0.004 ± 0.010 m3   [2mz:[0m +5.59   [2mdesvio:[0m +1363%   [2m(21 obs. dia_util)[0m
2026-07-21 17:19:49 [INFO] 
2026-07-21 17:19:49 [INFO]   🔴 [91m[1mI19JC029856[0m
2026-07-21 17:19:49 [INFO]      consumiu MAIS que o habitual às 21h
2026-07-21 17:19:49 [INFO]      [2mReal:[0m 5.394 m3   [2mHabitual:[0m 0.988 ± 0.843 m3   [2mz:[0m +5.23   [2mdesvio:[0m +446%   [2m(17 obs. dia_util)[0m
2026-07-21 17:19:49 [INFO] 
2026-07-21 17:19:49 [INFO]   🔴 [91m[1mI19JC029885[0m
2026-07-21 17:19:49 [INFO]      consumiu MAIS que o habitual às 02h
2026-07-21 17:19:49 [INFO]      [2mReal:[0m 0.545 m3   [2mHabitual:[0m 0.039 ± 0.098 m3   [2mz:[0m +5.18   [2mdesvio:[0m +1297%   [2m(21 obs. dia_util)[0m
2026-07-21 17:19:49 [INFO] 
2026-07-21 17:19:49 [INFO]   🔴 [91m[1mI24LA025413[0m
2026-07-21 17:19:49 [INFO]      consumiu MAIS que o habitual às 09h
2026-07-21 17:19:49 [INFO]      [2mReal:[0m 0.052 m3   [2mHabitual:[0m 0.001 ± 0.010 m3   [2mz:[0m +5.15   [2mdesvio:[0m +5150%   [2m(20 obs. dia_util)[0m
2026-07-21 17:19:49 [INFO] 
2026-07-21 17:19:49 [INFO]   🔴 [91m[1mD08AC395031B[0m
2026-07-21 17:19:49 [INFO]      consumiu MAIS que o habitual às 23h
2026-07-21 17:19:49 [INFO]      [2mReal:[0m 0.151 m3   [2mHabitual:[0m 0.033 ± 0.023 m3   [2mz:[0m +5.10   [2mdesvio:[0m +365%   [2m(19 obs. dia_util)[0m
2026-07-21 17:19:49 [INFO] 
2026-07-21 17:19:49 [INFO]   🔴 [91m[1mI23JC095870[0m
2026-07-21 17:19:49 [INFO]      consumiu MAIS que o habitual às 17h
2026-07-21 17:19:49 [INFO]      [2mReal:[0m 0.510 m3   [2mHabitual:[0m 0.211 ± 0.059 m3   [2mz:[0m +5.10   [2mdesvio:[0m +142%   [2m(18 obs. dia_util)[0m
2026-07-21 17:19:49 [INFO] 
2026-07-21 17:19:49 [INFO]   🔴 [91m[1mI21JC037658W[0m
2026-07-21 17:19:49 [INFO]      consumiu MAIS que o habitual às 14h
2026-07-21 17:19:49 [INFO]      [2mReal:[0m 0.374 m3   [2mHabitual:[0m 0.089 ± 0.056 m3   [2mz:[0m +5.09   [2mdesvio:[0m +319%   [2m(18 obs. dia_util)[0m
2026-07-21 17:19:49 [INFO] 
2026-07-21 17:19:49 [INFO]   🔴 [91m[1mI23LA007187[0m
2026-07-21 17:19:49 [INFO]      consumiu MAIS que o habitual às 10h
2026-07-21 17:19:49 [INFO]      [2mReal:[0m 0.055 m3   [2mHabitual:[0m 0.005 ± 0.010 m3   [2mz:[0m +5.02   [2mdesvio:[0m +1046%   [2m(5 obs. dia_util)[0m
2026-07-21 17:19:49 [INFO] 
2026-07-21 17:19:49 [INFO]   🔴 [91m[1mI21JC043496L[0m
2026-07-21 17:19:49 [INFO]      consumiu MAIS que o habitual às 13h
2026-07-21 17:19:49 [INFO]      [2mReal:[0m 0.055 m3   [2mHabitual:[0m 0.006 ± 0.010 m3   [2mz:[0m +4.92   [2mdesvio:[0m +848%   [2m(21 obs. dia_util)[0m
2026-07-21 17:19:49 [INFO] 
2026-07-21 17:19:49 [INFO]   🔴 [91m[1mC22FC002164L[0m
2026-07-21 17:19:49 [INFO]      consumiu MAIS que o habitual às 14h
2026-07-21 17:19:49 [INFO]      [2mReal:[0m 0.250 m3   [2mHabitual:[0m 0.072 ± 0.037 m3   [2mz:[0m +4.82   [2mdesvio:[0m +247%   [2m(15 obs. dia_util)[0m
2026-07-21 17:19:49 [INFO] 
2026-07-21 17:19:49 [INFO]   🔴 [91m[1mI21LA186120[0m
2026-07-21 17:19:49 [INFO]      consumiu MAIS que o habitual às 09h
2026-07-21 17:19:49 [INFO]      [2mReal:[0m 1.075 m3   [2mHabitual:[0m 0.288 ± 0.165 m3   [2mz:[0m +4.78   [2mdesvio:[0m +273%   [2m(21 obs. dia_util)[0m
2026-07-21 17:19:49 [INFO] 
2026-07-21 17:19:49 [INFO]   🔴 [91m[1mI19JC065564I[0m
2026-07-21 17:19:49 [INFO]      consumiu MAIS que o habitual às 09h
2026-07-21 17:19:49 [INFO]      [2mReal:[0m 0.215 m3   [2mHabitual:[0m 0.064 ± 0.032 m3   [2mz:[0m +4.75   [2mdesvio:[0m +238%   [2m(16 obs. dia_util)[0m
2026-07-21 17:19:49 [INFO] 
2026-07-21 17:19:49 [INFO]   🔴 [91m[1mC18SC005960J[0m
2026-07-21 17:19:49 [INFO]      consumiu MAIS que o habitual às 18h
2026-07-21 17:19:49 [INFO]      [2mReal:[0m 0.130 m3   [2mHabitual:[0m 0.049 ± 0.018 m3   [2mz:[0m +4.60   [2mdesvio:[0m +163%   [2m(17 obs. dia_util)[0m
2026-07-21 17:19:49 [INFO] 
2026-07-21 17:19:49 [INFO]   🔴 [91m[1mI21JC037663T[0m
2026-07-21 17:19:49 [INFO]      consumiu MAIS que o habitual às 08h
2026-07-21 17:19:49 [INFO]      [2mReal:[0m 0.991 m3   [2mHabitual:[0m 0.465 ± 0.116 m3   [2mz:[0m +4.53   [2mdesvio:[0m +113%   [2m(21 obs. dia_util)[0m
2026-07-21 17:19:49 [INFO] 
2026-07-21 17:19:49 [INFO]   🔴 [91m[1mI21JC029635S[0m
2026-07-21 17:19:49 [INFO]      consumiu MAIS que o habitual às 19h
2026-07-21 17:19:49 [INFO]      [2mReal:[0m 0.044 m3   [2mHabitual:[0m 0.000 ± 0.010 m3   [2mz:[0m +4.40   [2mdesvio:[0m +4400%   [2m(18 obs. dia_util)[0m
2026-07-21 17:19:49 [INFO] 
2026-07-21 17:19:49 [INFO]   🔴 [91m[1mI18JC067687[0m
2026-07-21 17:19:49 [INFO]      consumiu MAIS que o habitual às 02h
2026-07-21 17:19:49 [INFO]      [2mReal:[0m 1.712 m3   [2mHabitual:[0m 0.120 ± 0.362 m3   [2mz:[0m +4.39   [2mdesvio:[0m +1321%   [2m(15 obs. dia_util)[0m
2026-07-21 17:19:49 [INFO] 
2026-07-21 17:19:49 [INFO]   🔴 [91m[1mI23JE044621[0m
2026-07-21 17:19:49 [INFO]      consumiu MAIS que o habitual às 07h
2026-07-21 17:19:49 [INFO]      [2mReal:[0m 0.528 m3   [2mHabitual:[0m 0.053 ± 0.110 m3   [2mz:[0m +4.31   [2mdesvio:[0m +889%   [2m(21 obs. dia_util)[0m
2026-07-21 17:19:49 [INFO] 
2026-07-21 17:19:49 [INFO]   🔴 [91m[1mI23JE044621[0m
2026-07-21 17:19:49 [INFO]      consumiu MAIS que o habitual às 02h
2026-07-21 17:19:49 [INFO]      [2mReal:[0m 0.496 m3   [2mHabitual:[0m 0.038 ± 0.108 m3   [2mz:[0m +4.24   [2mdesvio:[0m +1212%   [2m(21 obs. dia_util)[0m
2026-07-21 17:19:49 [INFO] 
2026-07-21 17:19:49 [INFO]   🔴 [91m[1mI23JE044621[0m
2026-07-21 17:19:49 [INFO]      consumiu MAIS que o habitual às 01h
2026-07-21 17:19:49 [INFO]      [2mReal:[0m 0.494 m3   [2mHabitual:[0m 0.039 ± 0.109 m3   [2mz:[0m +4.19   [2mdesvio:[0m +1170%   [2m(21 obs. dia_util)[0m
2026-07-21 17:19:50 [INFO] 
2026-07-21 17:19:50 [INFO]   🔴 [91m[1mI23JE044621[0m
2026-07-21 17:19:50 [INFO]      consumiu MAIS que o habitual às 03h
2026-07-21 17:19:50 [INFO]      [2mReal:[0m 0.498 m3   [2mHabitual:[0m 0.038 ± 0.110 m3   [2mz:[0m +4.18   [2mdesvio:[0m +1211%   [2m(21 obs. dia_util)[0m
2026-07-21 17:19:50 [INFO] 
2026-07-21 17:19:50 [INFO]   🔴 [91m[1mI23JE044621[0m
2026-07-21 17:19:50 [INFO]      consumiu MAIS que o habitual às 06h
2026-07-21 17:19:50 [INFO]      [2mReal:[0m 0.499 m3   [2mHabitual:[0m 0.045 ± 0.109 m3   [2mz:[0m +4.18   [2mdesvio:[0m +1002%   [2m(21 obs. dia_util)[0m
2026-07-21 17:19:50 [INFO] 
2026-07-21 17:19:50 [INFO]   🔴 [91m[1mD19BX000057[0m
2026-07-21 17:19:50 [INFO]      consumiu MAIS que o habitual às 17h
2026-07-21 17:19:50 [INFO]      [2mReal:[0m 1.148 m3   [2mHabitual:[0m 0.241 ± 0.217 m3   [2mz:[0m +4.17   [2mdesvio:[0m +376%   [2m(20 obs. dia_util)[0m
2026-07-21 17:19:50 [INFO] 
2026-07-21 17:19:50 [INFO]   🔴 [91m[1mI23JE044621[0m
2026-07-21 17:19:50 [INFO]      consumiu MAIS que o habitual às 04h
2026-07-21 17:19:50 [INFO]      [2mReal:[0m 0.496 m3   [2mHabitual:[0m 0.037 ± 0.110 m3   [2mz:[0m +4.17   [2mdesvio:[0m +1223%   [2m(21 obs. dia_util)[0m
2026-07-21 17:19:50 [INFO] 
2026-07-21 17:19:50 [INFO]   🔴 [91m[1mI23JE044621[0m
2026-07-21 17:19:50 [INFO]      consumiu MAIS que o habitual às 05h
2026-07-21 17:19:50 [INFO]      [2mReal:[0m 0.495 m3   [2mHabitual:[0m 0.040 ± 0.110 m3   [2mz:[0m +4.14   [2mdesvio:[0m +1153%   [2m(21 obs. dia_util)[0m
2026-07-21 17:19:50 [INFO] 
2026-07-21 17:19:50 [INFO]   🔴 [91m[1mI21JC029165J[0m
2026-07-21 17:19:50 [INFO]      consumiu MAIS que o habitual às 00h
2026-07-21 17:19:50 [INFO]      [2mReal:[0m 1.734 m3   [2mHabitual:[0m 0.268 ± 0.358 m3   [2mz:[0m +4.09   [2mdesvio:[0m +547%   [2m(20 obs. dia_util)[0m
2026-07-21 17:19:50 [INFO] 
2026-07-21 17:19:50 [INFO]   🔴 [91m[1mI21JC037658W[0m
2026-07-21 17:19:50 [INFO]      consumiu MAIS que o habitual às 02h
2026-07-21 17:19:50 [INFO]      [2mReal:[0m 0.044 m3   [2mHabitual:[0m 0.003 ± 0.010 m3   [2mz:[0m +4.08   [2mdesvio:[0m +1275%   [2m(21 obs. dia_util)[0m
2026-07-21 17:19:50 [INFO] 
2026-07-21 17:19:50 [INFO]   🔴 [91m[1mI23JE044621[0m
2026-07-21 17:19:50 [INFO]      consumiu MAIS que o habitual às 00h
2026-07-21 17:19:50 [INFO]      [2mReal:[0m 0.495 m3   [2mHabitual:[0m 0.042 ± 0.112 m3   [2mz:[0m +4.04   [2mdesvio:[0m +1079%   [2m(21 obs. dia_util)[0m
2026-07-21 17:19:50 [INFO] 
2026-07-21 17:19:50 [INFO]   🔴 [91m[1mI21JE030622[0m
2026-07-21 17:19:50 [INFO]      consumiu MAIS que o habitual às 11h
2026-07-21 17:19:50 [INFO]      [2mReal:[0m 1.294 m3   [2mHabitual:[0m 0.521 ± 0.193 m3   [2mz:[0m +4.00   [2mdesvio:[0m +148%   [2m(17 obs. dia_util)[0m
2026-07-21 17:19:50 [INFO] 
2026-07-21 17:19:50 [INFO]   🔴 [91m[1mI23LA213007[0m
2026-07-21 17:19:50 [INFO]      consumiu MAIS que o habitual às 23h
2026-07-21 17:19:50 [INFO]      [2mReal:[0m 0.044 m3   [2mHabitual:[0m 0.004 ± 0.010 m3   [2mz:[0m +3.99   [2mdesvio:[0m +973%   [2m(21 obs. dia_util)[0m
2026-07-21 17:19:50 [INFO] 
2026-07-21 17:19:50 [INFO]   🔴 [91m[1mC17SC007432[0m
2026-07-21 17:19:50 [INFO]      consumiu MAIS que o habitual às 07h
2026-07-21 17:19:50 [INFO]      [2mReal:[0m 0.047 m3   [2mHabitual:[0m 0.008 ± 0.010 m3   [2mz:[0m +3.92   [2mdesvio:[0m +503%   [2m(21 obs. dia_util)[0m
2026-07-21 17:19:50 [INFO] 
2026-07-21 17:19:50 [INFO]   🔴 [91m[1mI19MF927865[0m
2026-07-21 17:19:50 [INFO]      consumiu MAIS que o habitual às 05h
2026-07-21 17:19:50 [INFO]      [2mReal:[0m 5.010 m3   [2mHabitual:[0m 0.374 ± 1.188 m3   [2mz:[0m +3.90   [2mdesvio:[0m +1238%   [2m(21 obs. dia_util)[0m
2026-07-21 17:19:50 [INFO] 
2026-07-21 17:19:50 [INFO]   🔴 [91m[1mI21JC029332G[0m
2026-07-21 17:19:50 [INFO]      consumiu MAIS que o habitual às 04h
2026-07-21 17:19:50 [INFO]      [2mReal:[0m 0.047 m3   [2mHabitual:[0m 0.008 ± 0.010 m3   [2mz:[0m +3.90   [2mdesvio:[0m +488%   [2m(15 obs. dia_util)[0m
2026-07-21 17:19:50 [INFO] 
2026-07-21 17:19:50 [INFO]   🔴 [91m[1mI21JC029333H[0m
2026-07-21 17:19:50 [INFO]      consumiu MAIS que o habitual às 01h
2026-07-21 17:19:50 [INFO]      [2mReal:[0m 1.367 m3   [2mHabitual:[0m 0.219 ± 0.310 m3   [2mz:[0m +3.71   [2mdesvio:[0m +524%   [2m(16 obs. dia_util)[0m
2026-07-21 17:19:50 [INFO] 
2026-07-21 17:19:50 [INFO]   🔴 [91m[1mI23JC096060Q[0m
2026-07-21 17:19:50 [INFO]      consumiu MAIS que o habitual às 13h
2026-07-21 17:19:50 [INFO]      [2mReal:[0m 0.228 m3   [2mHabitual:[0m 0.099 ± 0.036 m3   [2mz:[0m +3.61   [2mdesvio:[0m +130%   [2m(20 obs. dia_util)[0m
2026-07-21 17:19:50 [INFO] 
2026-07-21 17:19:50 [INFO]   🔴 [91m[1mI21JC043488L[0m
2026-07-21 17:19:50 [INFO]      consumiu MAIS que o habitual às 06h
2026-07-21 17:19:50 [INFO]      [2mReal:[0m 0.082 m3   [2mHabitual:[0m 0.021 ± 0.018 m3   [2mz:[0m +3.51   [2mdesvio:[0m +296%   [2m(21 obs. dia_util)[0m
2026-07-21 17:19:50 [INFO] 
2026-07-21 17:19:50 [INFO] CSV guardado: C:\Users\anaca\OneDrive\Ambiente de Trabalho\Tese\ts-anomaly-detection-dissertation\results\agua\realtime\alerts\analise_agua_2026-05-08.csv
2026-07-21 17:19:50 [INFO] 
2026-07-21 17:19:50 [INFO] [1m======================================================================[0m
2026-07-21 17:19:50 [INFO] [1m  DETECAO DE ANOMALIAS AGUA - 2026-05-09[0m
2026-07-21 17:19:50 [INFO] [1m======================================================================[0m
2026-07-21 17:19:50 [INFO]   [2mTipo de dia:[0m        fim semana
2026-07-21 17:19:50 [INFO]   [2mFonte:[0m              BAZE
2026-07-21 17:19:50 [INFO]   [2mContadores c/ dados:[0m 419
2026-07-21 17:19:50 [INFO]   [2mPontos contador/hora:[0m 9097
2026-07-21 17:19:50 [INFO]   [2mThreshold:[0m          |z| > 4.0 [2m(adaptativo a este tipo de dia)[0m
2026-07-21 17:19:50 [INFO] 
2026-07-21 17:20:23 [INFO] [1m--- Resumo -------------------------------------[0m
2026-07-21 17:20:23 [INFO]   [92mNormal[0m                  8920 [2m( 98.1%)[0m
2026-07-21 17:20:23 [INFO]   [91mDesvio (alta confianca)[0m  146 [2m(  1.6%)[0m
2026-07-21 17:20:23 [INFO]   [93mDesvio (baixa confianca)[0m  30 [2m(  0.3%)[0m
2026-07-21 17:20:23 [INFO]   [90mSem historico suficiente[0m   1
2026-07-21 17:20:23 [INFO]   [2mTempo: 33.6s[0m
2026-07-21 17:20:23 [INFO] 
2026-07-21 17:20:23 [INFO] [1m--- Desvios de ALTA confianca (146) -------------------[0m
2026-07-21 17:20:23 [INFO] 
2026-07-21 17:20:23 [INFO]   🔴 [91m[1mC17SC007452[0m
2026-07-21 17:20:23 [INFO]      consumiu MAIS que o habitual às 04h
2026-07-21 17:20:23 [INFO]      [2mReal:[0m 0.413 m3   [2mHabitual:[0m 0.000 ± 0.010 m3   [2mz:[0m +10.00 (cap)   [2mdesvio:[0m +41300%   [2m(6 obs. fim_semana)[0m
2026-07-21 17:20:23 [INFO] 
2026-07-21 17:20:23 [INFO]   🔴 [91m[1mC17SC007452[0m
2026-07-21 17:20:23 [INFO]      consumiu MAIS que o habitual às 05h
2026-07-21 17:20:23 [INFO]      [2mReal:[0m 1.108 m3   [2mHabitual:[0m 0.000 ± 0.010 m3   [2mz:[0m +10.00 (cap)   [2mdesvio:[0m +110800%   [2m(7 obs. fim_semana)[0m
2026-07-21 17:20:23 [INFO] 
2026-07-21 17:20:23 [INFO]   🔴 [91m[1mC17SC007452[0m
2026-07-21 17:20:23 [INFO]      consumiu MAIS que o habitual às 06h
2026-07-21 17:20:23 [INFO]      [2mReal:[0m 1.997 m3   [2mHabitual:[0m 0.000 ± 0.010 m3   [2mz:[0m +10.00 (cap)   [2mdesvio:[0m +199700%   [2m(7 obs. fim_semana)[0m
2026-07-21 17:20:23 [INFO] 
2026-07-21 17:20:23 [INFO]   🔴 [91m[1mC17SC007452[0m
2026-07-21 17:20:23 [INFO]      consumiu MAIS que o habitual às 07h
2026-07-21 17:20:23 [INFO]      [2mReal:[0m 1.790 m3   [2mHabitual:[0m 0.000 ± 0.010 m3   [2mz:[0m +10.00 (cap)   [2mdesvio:[0m +179000%   [2m(7 obs. fim_semana)[0m
2026-07-21 17:20:23 [INFO] 
2026-07-21 17:20:23 [INFO]   🔴 [91m[1mC18SC005960J[0m
2026-07-21 17:20:23 [INFO]      consumiu MAIS que o habitual às 21h
2026-07-21 17:20:23 [INFO]      [2mReal:[0m 0.848 m3   [2mHabitual:[0m 0.027 ± 0.010 m3   [2mz:[0m +10.00 (cap)   [2mdesvio:[0m +3088%   [2m(5 obs. fim_semana)[0m
2026-07-21 17:20:23 [INFO] 
2026-07-21 17:20:23 [INFO]   🔴 [91m[1mC18SC005960J[0m
2026-07-21 17:20:23 [INFO]      consumiu MAIS que o habitual às 22h
2026-07-21 17:20:23 [INFO]      [2mReal:[0m 0.584 m3   [2mHabitual:[0m 0.027 ± 0.010 m3   [2mz:[0m +10.00 (cap)   [2mdesvio:[0m +2063%   [2m(5 obs. fim_semana)[0m
2026-07-21 17:20:23 [INFO] 
2026-07-21 17:20:23 [INFO]   🔴 [91m[1mD08AC357150V[0m
2026-07-21 17:20:23 [INFO]      consumiu MAIS que o habitual às 03h
2026-07-21 17:20:23 [INFO]      [2mReal:[0m 0.572 m3   [2mHabitual:[0m 0.006 ± 0.011 m3   [2mz:[0m +10.00 (cap)   [2mdesvio:[0m +8838%   [2m(5 obs. fim_semana)[0m
2026-07-21 17:20:23 [INFO] 
2026-07-21 17:20:23 [INFO]   🔴 [91m[1mD08AC395031B[0m
2026-07-21 17:20:23 [INFO]      consumiu MAIS que o habitual às 09h
2026-07-21 17:20:23 [INFO]      [2mReal:[0m 0.276 m3   [2mHabitual:[0m 0.034 ± 0.013 m3   [2mz:[0m +10.00 (cap)   [2mdesvio:[0m +702%   [2m(7 obs. fim_semana)[0m
2026-07-21 17:20:23 [INFO] 
2026-07-21 17:20:23 [INFO]   🔴 [91m[1mD08AC395031B[0m
2026-07-21 17:20:23 [INFO]      consumiu MAIS que o habitual às 16h
2026-07-21 17:20:23 [INFO]      [2mReal:[0m 0.141 m3   [2mHabitual:[0m 0.013 ± 0.012 m3   [2mz:[0m +10.00 (cap)   [2mdesvio:[0m +1010%   [2m(7 obs. fim_semana)[0m
2026-07-21 17:20:23 [INFO] 
2026-07-21 17:20:23 [INFO]   🔴 [91m[1mD10OF068767[0m
2026-07-21 17:20:23 [INFO]      consumiu MAIS que o habitual às 10h
2026-07-21 17:20:23 [INFO]      [2mReal:[0m 6.000 m3   [2mHabitual:[0m 0.000 ± 0.010 m3   [2mz:[0m +10.00 (cap)   [2mdesvio:[0m +600000%   [2m(7 obs. fim_semana)[0m
2026-07-21 17:20:23 [INFO] 
2026-07-21 17:20:23 [INFO]   🔴 [91m[1mD10OF068767[0m
2026-07-21 17:20:23 [INFO]      consumiu MAIS que o habitual às 11h
2026-07-21 17:20:23 [INFO]      [2mReal:[0m 2.500 m3   [2mHabitual:[0m 0.000 ± 0.010 m3   [2mz:[0m +10.00 (cap)   [2mdesvio:[0m +250000%   [2m(7 obs. fim_semana)[0m
2026-07-21 17:20:23 [INFO] 
2026-07-21 17:20:23 [INFO]   🔴 [91m[1mD10OF068767[0m
2026-07-21 17:20:23 [INFO]      consumiu MAIS que o habitual às 12h
2026-07-21 17:20:23 [INFO]      [2mReal:[0m 2.800 m3   [2mHabitual:[0m 0.000 ± 0.010 m3   [2mz:[0m +10.00 (cap)   [2mdesvio:[0m +280000%   [2m(7 obs. fim_semana)[0m
2026-07-21 17:20:23 [INFO] 
2026-07-21 17:20:23 [INFO]   🔴 [91m[1mD10OF068767[0m
2026-07-21 17:20:23 [INFO]      consumiu MAIS que o habitual às 13h
2026-07-21 17:20:23 [INFO]      [2mReal:[0m 2.600 m3   [2mHabitual:[0m 0.000 ± 0.010 m3   [2mz:[0m +10.00 (cap)   [2mdesvio:[0m +260000%   [2m(7 obs. fim_semana)[0m
2026-07-21 17:20:23 [INFO] 
2026-07-21 17:20:23 [INFO]   🔴 [91m[1mD10OF068767[0m
2026-07-21 17:20:23 [INFO]      consumiu MAIS que o habitual às 14h
2026-07-21 17:20:23 [INFO]      [2mReal:[0m 2.600 m3   [2mHabitual:[0m 0.000 ± 0.010 m3   [2mz:[0m +10.00 (cap)   [2mdesvio:[0m +260000%   [2m(7 obs. fim_semana)[0m
2026-07-21 17:20:23 [INFO] 
2026-07-21 17:20:23 [INFO]   🔴 [91m[1mD10OF068767[0m
2026-07-21 17:20:23 [INFO]      consumiu MAIS que o habitual às 15h
2026-07-21 17:20:23 [INFO]      [2mReal:[0m 2.800 m3   [2mHabitual:[0m 0.000 ± 0.010 m3   [2mz:[0m +10.00 (cap)   [2mdesvio:[0m +280000%   [2m(7 obs. fim_semana)[0m
2026-07-21 17:20:23 [INFO] 
2026-07-21 17:20:23 [INFO]   🔴 [91m[1mD10OF068767[0m
2026-07-21 17:20:23 [INFO]      consumiu MAIS que o habitual às 16h
2026-07-21 17:20:23 [INFO]      [2mReal:[0m 2.600 m3   [2mHabitual:[0m 0.000 ± 0.010 m3   [2mz:[0m +10.00 (cap)   [2mdesvio:[0m +260000%   [2m(7 obs. fim_semana)[0m
2026-07-21 17:20:23 [INFO] 
2026-07-21 17:20:23 [INFO]   🔴 [91m[1mD10OF068767[0m
2026-07-21 17:20:23 [INFO]      consumiu MAIS que o habitual às 17h
2026-07-21 17:20:23 [INFO]      [2mReal:[0m 3.100 m3   [2mHabitual:[0m 0.000 ± 0.010 m3   [2mz:[0m +10.00 (cap)   [2mdesvio:[0m +310000%   [2m(7 obs. fim_semana)[0m
2026-07-21 17:20:23 [INFO] 
2026-07-21 17:20:23 [INFO]   🔴 [91m[1mD10OF068767[0m
2026-07-21 17:20:23 [INFO]      consumiu MAIS que o habitual às 18h
2026-07-21 17:20:23 [INFO]      [2mReal:[0m 0.100 m3   [2mHabitual:[0m 0.000 ± 0.010 m3   [2mz:[0m +10.00   [2mdesvio:[0m +10000%   [2m(7 obs. fim_semana)[0m
2026-07-21 17:20:23 [INFO] 
2026-07-21 17:20:23 [INFO]   🔴 [91m[1mD16XF077374[0m
2026-07-21 17:20:23 [INFO]      consumiu MAIS que o habitual às 12h
2026-07-21 17:20:23 [INFO]      [2mReal:[0m 1.630 m3   [2mHabitual:[0m 0.091 ± 0.023 m3   [2mz:[0m +10.00 (cap)   [2mdesvio:[0m +1683%   [2m(7 obs. fim_semana)[0m
2026-07-21 17:20:23 [INFO] 
2026-07-21 17:20:23 [INFO]   🔴 [91m[1mD16XF077374[0m
2026-07-21 17:20:23 [INFO]      consumiu MAIS que o habitual às 15h
2026-07-21 17:20:23 [INFO]      [2mReal:[0m 0.860 m3   [2mHabitual:[0m 0.093 ± 0.023 m3   [2mz:[0m +10.00 (cap)   [2mdesvio:[0m +826%   [2m(7 obs. fim_semana)[0m
2026-07-21 17:20:23 [INFO] 
2026-07-21 17:20:23 [INFO]   🔴 [91m[1mD16XF077374[0m
2026-07-21 17:20:23 [INFO]      consumiu MAIS que o habitual às 16h
2026-07-21 17:20:23 [INFO]      [2mReal:[0m 0.600 m3   [2mHabitual:[0m 0.100 ± 0.025 m3   [2mz:[0m +10.00 (cap)   [2mdesvio:[0m +500%   [2m(7 obs. fim_semana)[0m
2026-07-21 17:20:23 [INFO] 
2026-07-21 17:20:23 [INFO]   🔴 [91m[1mD18BX003239[0m
2026-07-21 17:20:23 [INFO]      consumiu MAIS que o habitual às 04h
2026-07-21 17:20:23 [INFO]      [2mReal:[0m 2.605 m3   [2mHabitual:[0m 0.017 ± 0.044 m3   [2mz:[0m +10.00 (cap)   [2mdesvio:[0m +15499%   [2m(7 obs. fim_semana)[0m
2026-07-21 17:20:23 [INFO] 
2026-07-21 17:20:23 [INFO]   🔴 [91m[1mD19BX000041[0m
2026-07-21 17:20:23 [INFO]      consumiu MAIS que o habitual às 12h
2026-07-21 17:20:23 [INFO]      [2mReal:[0m 0.172 m3   [2mHabitual:[0m 0.005 ± 0.010 m3   [2mz:[0m +10.00 (cap)   [2mdesvio:[0m +3639%   [2m(5 obs. fim_semana)[0m
2026-07-21 17:20:23 [INFO] 
2026-07-21 17:20:23 [INFO]   🔴 [91m[1mD19BX000041[0m
2026-07-21 17:20:23 [INFO]      consumiu MAIS que o habitual às 15h
2026-07-21 17:20:23 [INFO]      [2mReal:[0m 0.167 m3   [2mHabitual:[0m 0.006 ± 0.011 m3   [2mz:[0m +10.00 (cap)   [2mdesvio:[0m +2594%   [2m(5 obs. fim_semana)[0m
2026-07-21 17:20:23 [INFO] 
2026-07-21 17:20:23 [INFO]   🔴 [91m[1mD19BX000041[0m
2026-07-21 17:20:23 [INFO]      consumiu MAIS que o habitual às 17h
2026-07-21 17:20:23 [INFO]      [2mReal:[0m 0.198 m3   [2mHabitual:[0m 0.007 ± 0.011 m3   [2mz:[0m +10.00 (cap)   [2mdesvio:[0m +2540%   [2m(6 obs. fim_semana)[0m
2026-07-21 17:20:23 [INFO] 
2026-07-21 17:20:23 [INFO]   🔴 [91m[1mD19BX000041[0m
2026-07-21 17:20:23 [INFO]      consumiu MAIS que o habitual às 18h
2026-07-21 17:20:23 [INFO]      [2mReal:[0m 0.114 m3   [2mHabitual:[0m 0.004 ± 0.010 m3   [2mz:[0m +10.00 (cap)   [2mdesvio:[0m +2433%   [2m(6 obs. fim_semana)[0m
2026-07-21 17:20:23 [INFO] 
2026-07-21 17:20:23 [INFO]   🔴 [91m[1mD19BX000041[0m
2026-07-21 17:20:23 [INFO]      consumiu MAIS que o habitual às 19h
2026-07-21 17:20:23 [INFO]      [2mReal:[0m 0.143 m3   [2mHabitual:[0m 0.002 ± 0.010 m3   [2mz:[0m +10.00 (cap)   [2mdesvio:[0m +8312%   [2m(6 obs. fim_semana)[0m
2026-07-21 17:20:23 [INFO] 
2026-07-21 17:20:23 [INFO]   🔴 [91m[1mD19BX000041[0m
2026-07-21 17:20:23 [INFO]      consumiu MAIS que o habitual às 20h
2026-07-21 17:20:23 [INFO]      [2mReal:[0m 0.150 m3   [2mHabitual:[0m 0.002 ± 0.010 m3   [2mz:[0m +10.00 (cap)   [2mdesvio:[0m +8233%   [2m(5 obs. fim_semana)[0m
2026-07-21 17:20:23 [INFO] 
2026-07-21 17:20:23 [INFO]   🔴 [91m[1mD19BX000041[0m
2026-07-21 17:20:23 [INFO]      consumiu MAIS que o habitual às 21h
2026-07-21 17:20:23 [INFO]      [2mReal:[0m 0.148 m3   [2mHabitual:[0m 0.000 ± 0.010 m3   [2mz:[0m +10.00 (cap)   [2mdesvio:[0m +14780%   [2m(5 obs. fim_semana)[0m
2026-07-21 17:20:23 [INFO] 
2026-07-21 17:20:23 [INFO]   🔴 [91m[1mD19BX000041[0m
2026-07-21 17:20:23 [INFO]      consumiu MAIS que o habitual às 22h
2026-07-21 17:20:23 [INFO]      [2mReal:[0m 0.128 m3   [2mHabitual:[0m 0.000 ± 0.010 m3   [2mz:[0m +10.00 (cap)   [2mdesvio:[0m +12800%   [2m(5 obs. fim_semana)[0m
2026-07-21 17:20:23 [INFO] 
2026-07-21 17:20:23 [INFO]   🔴 [91m[1mH21OF834686I[0m
2026-07-21 17:20:23 [INFO]      consumiu MAIS que o habitual às 22h
2026-07-21 17:20:23 [INFO]      [2mReal:[0m 0.830 m3   [2mHabitual:[0m 0.013 ± 0.026 m3   [2mz:[0m +10.00 (cap)   [2mdesvio:[0m +6334%   [2m(7 obs. fim_semana)[0m
2026-07-21 17:20:23 [INFO] 
2026-07-21 17:20:23 [INFO]   🔴 [91m[1mI18MF912111K[0m
2026-07-21 17:20:23 [INFO]      consumiu MAIS que o habitual às 06h
2026-07-21 17:20:23 [INFO]      [2mReal:[0m 1.340 m3   [2mHabitual:[0m 0.208 ± 0.052 m3   [2mz:[0m +10.00 (cap)   [2mdesvio:[0m +543%   [2m(6 obs. fim_semana)[0m
2026-07-21 17:20:23 [INFO] 
2026-07-21 17:20:23 [INFO]   🔴 [91m[1mI18MF912111K[0m
2026-07-21 17:20:23 [INFO]      consumiu MAIS que o habitual às 14h
2026-07-21 17:20:23 [INFO]      [2mReal:[0m 1.250 m3   [2mHabitual:[0m 0.303 ± 0.092 m3   [2mz:[0m +10.00 (cap)   [2mdesvio:[0m +313%   [2m(7 obs. fim_semana)[0m
2026-07-21 17:20:23 [INFO] 
2026-07-21 17:20:23 [INFO]   🔴 [91m[1mI19JC020003[0m
2026-07-21 17:20:23 [INFO]      consumiu MAIS que o habitual às 15h
2026-07-21 17:20:23 [INFO]      [2mReal:[0m 0.701 m3   [2mHabitual:[0m 0.147 ± 0.040 m3   [2mz:[0m +10.00 (cap)   [2mdesvio:[0m +377%   [2m(7 obs. fim_semana)[0m
2026-07-21 17:20:23 [INFO] 
2026-07-21 17:20:23 [INFO]   🔴 [91m[1mI19JC029855[0m
2026-07-21 17:20:23 [INFO]      consumiu MAIS que o habitual às 09h
2026-07-21 17:20:23 [INFO]      [2mReal:[0m 0.519 m3   [2mHabitual:[0m 0.035 ± 0.038 m3   [2mz:[0m +10.00 (cap)   [2mdesvio:[0m +1374%   [2m(5 obs. fim_semana)[0m
2026-07-21 17:20:23 [INFO] 
2026-07-21 17:20:23 [INFO]   🔴 [91m[1mI19JC029885[0m
2026-07-21 17:20:23 [INFO]      consumiu MAIS que o habitual às 00h
2026-07-21 17:20:23 [INFO]      [2mReal:[0m 0.265 m3   [2mHabitual:[0m 0.000 ± 0.010 m3   [2mz:[0m +10.00 (cap)   [2mdesvio:[0m +26500%   [2m(7 obs. fim_semana)[0m
2026-07-21 17:20:23 [INFO] 
2026-07-21 17:20:23 [INFO]   🔴 [91m[1mI19JC029885[0m
2026-07-21 17:20:23 [INFO]      consumiu MAIS que o habitual às 01h
2026-07-21 17:20:23 [INFO]      [2mReal:[0m 0.271 m3   [2mHabitual:[0m 0.000 ± 0.010 m3   [2mz:[0m +10.00 (cap)   [2mdesvio:[0m +27100%   [2m(7 obs. fim_semana)[0m
2026-07-21 17:20:23 [INFO] 
2026-07-21 17:20:23 [INFO]   🔴 [91m[1mI19JC029885[0m
2026-07-21 17:20:23 [INFO]      consumiu MAIS que o habitual às 02h
2026-07-21 17:20:23 [INFO]      [2mReal:[0m 0.272 m3   [2mHabitual:[0m 0.000 ± 0.010 m3   [2mz:[0m +10.00 (cap)   [2mdesvio:[0m +27200%   [2m(7 obs. fim_semana)[0m
2026-07-21 17:20:23 [INFO] 
2026-07-21 17:20:23 [INFO]   🔴 [91m[1mI19JC029885[0m
2026-07-21 17:20:23 [INFO]      consumiu MAIS que o habitual às 03h
2026-07-21 17:20:23 [INFO]      [2mReal:[0m 0.273 m3   [2mHabitual:[0m 0.000 ± 0.010 m3   [2mz:[0m +10.00 (cap)   [2mdesvio:[0m +27300%   [2m(7 obs. fim_semana)[0m
2026-07-21 17:20:23 [INFO] 
2026-07-21 17:20:23 [INFO]   🔴 [91m[1mI19JC029885[0m
2026-07-21 17:20:23 [INFO]      consumiu MAIS que o habitual às 04h
2026-07-21 17:20:23 [INFO]      [2mReal:[0m 0.273 m3   [2mHabitual:[0m 0.000 ± 0.010 m3   [2mz:[0m +10.00 (cap)   [2mdesvio:[0m +27300%   [2m(7 obs. fim_semana)[0m
2026-07-21 17:20:23 [INFO] 
2026-07-21 17:20:23 [INFO]   🔴 [91m[1mI19JC029885[0m
2026-07-21 17:20:23 [INFO]      consumiu MAIS que o habitual às 05h
2026-07-21 17:20:23 [INFO]      [2mReal:[0m 0.271 m3   [2mHabitual:[0m 0.000 ± 0.010 m3   [2mz:[0m +10.00 (cap)   [2mdesvio:[0m +27100%   [2m(7 obs. fim_semana)[0m
2026-07-21 17:20:23 [INFO] 
2026-07-21 17:20:23 [INFO]   🔴 [91m[1mI19JC029885[0m
2026-07-21 17:20:23 [INFO]      consumiu MAIS que o habitual às 06h
2026-07-21 17:20:23 [INFO]      [2mReal:[0m 0.269 m3   [2mHabitual:[0m 0.000 ± 0.010 m3   [2mz:[0m +10.00 (cap)   [2mdesvio:[0m +26900%   [2m(7 obs. fim_semana)[0m
2026-07-21 17:20:23 [INFO] 
2026-07-21 17:20:23 [INFO]   🔴 [91m[1mI19JC029885[0m
2026-07-21 17:20:23 [INFO]      consumiu MAIS que o habitual às 07h
2026-07-21 17:20:23 [INFO]      [2mReal:[0m 0.262 m3   [2mHabitual:[0m 0.000 ± 0.010 m3   [2mz:[0m +10.00 (cap)   [2mdesvio:[0m +26200%   [2m(7 obs. fim_semana)[0m
2026-07-21 17:20:23 [INFO] 
2026-07-21 17:20:23 [INFO]   🔴 [91m[1mI19JC029885[0m
2026-07-21 17:20:23 [INFO]      consumiu MAIS que o habitual às 08h
2026-07-21 17:20:23 [INFO]      [2mReal:[0m 0.252 m3   [2mHabitual:[0m 0.000 ± 0.010 m3   [2mz:[0m +10.00 (cap)   [2mdesvio:[0m +25200%   [2m(7 obs. fim_semana)[0m
2026-07-21 17:20:23 [INFO] 
2026-07-21 17:20:23 [INFO]   🔴 [91m[1mI19JC029885[0m
2026-07-21 17:20:23 [INFO]      consumiu MAIS que o habitual às 09h
2026-07-21 17:20:23 [INFO]      [2mReal:[0m 0.243 m3   [2mHabitual:[0m 0.000 ± 0.010 m3   [2mz:[0m +10.00 (cap)   [2mdesvio:[0m +24300%   [2m(7 obs. fim_semana)[0m
2026-07-21 17:20:23 [INFO] 
2026-07-21 17:20:23 [INFO]   🔴 [91m[1mI19JC029885[0m
2026-07-21 17:20:23 [INFO]      consumiu MAIS que o habitual às 10h
2026-07-21 17:20:23 [INFO]      [2mReal:[0m 0.237 m3   [2mHabitual:[0m 0.000 ± 0.010 m3   [2mz:[0m +10.00 (cap)   [2mdesvio:[0m +23700%   [2m(7 obs. fim_semana)[0m
2026-07-21 17:20:23 [INFO] 
2026-07-21 17:20:23 [INFO]   🔴 [91m[1mI19JC029885[0m
2026-07-21 17:20:23 [INFO]      consumiu MAIS que o habitual às 11h
2026-07-21 17:20:23 [INFO]      [2mReal:[0m 0.238 m3   [2mHabitual:[0m 0.000 ± 0.010 m3   [2mz:[0m +10.00 (cap)   [2mdesvio:[0m +23800%   [2m(7 obs. fim_semana)[0m
2026-07-21 17:20:23 [INFO] 
2026-07-21 17:20:23 [INFO]   🔴 [91m[1mI19JC029885[0m
2026-07-21 17:20:23 [INFO]      consumiu MAIS que o habitual às 12h
2026-07-21 17:20:23 [INFO]      [2mReal:[0m 0.237 m3   [2mHabitual:[0m 0.000 ± 0.010 m3   [2mz:[0m +10.00 (cap)   [2mdesvio:[0m +23700%   [2m(7 obs. fim_semana)[0m
2026-07-21 17:20:23 [INFO] 
2026-07-21 17:20:23 [INFO]   🔴 [91m[1mI19JC029885[0m
2026-07-21 17:20:23 [INFO]      consumiu MAIS que o habitual às 13h
2026-07-21 17:20:23 [INFO]      [2mReal:[0m 0.236 m3   [2mHabitual:[0m 0.000 ± 0.010 m3   [2mz:[0m +10.00 (cap)   [2mdesvio:[0m +23600%   [2m(7 obs. fim_semana)[0m
2026-07-21 17:20:23 [INFO] 
2026-07-21 17:20:23 [INFO]   🔴 [91m[1mI19JC029885[0m
2026-07-21 17:20:23 [INFO]      consumiu MAIS que o habitual às 14h
2026-07-21 17:20:23 [INFO]      [2mReal:[0m 0.242 m3   [2mHabitual:[0m 0.000 ± 0.010 m3   [2mz:[0m +10.00 (cap)   [2mdesvio:[0m +24200%   [2m(7 obs. fim_semana)[0m
2026-07-21 17:20:23 [INFO] 
2026-07-21 17:20:23 [INFO]   🔴 [91m[1mI19JC029885[0m
2026-07-21 17:20:23 [INFO]      consumiu MAIS que o habitual às 15h
2026-07-21 17:20:23 [INFO]      [2mReal:[0m 0.250 m3   [2mHabitual:[0m 0.000 ± 0.010 m3   [2mz:[0m +10.00 (cap)   [2mdesvio:[0m +25000%   [2m(7 obs. fim_semana)[0m
2026-07-21 17:20:23 [INFO] 
2026-07-21 17:20:23 [INFO]   🔴 [91m[1mI19JC029885[0m
2026-07-21 17:20:23 [INFO]      consumiu MAIS que o habitual às 16h
2026-07-21 17:20:23 [INFO]      [2mReal:[0m 0.253 m3   [2mHabitual:[0m 0.000 ± 0.010 m3   [2mz:[0m +10.00 (cap)   [2mdesvio:[0m +25300%   [2m(7 obs. fim_semana)[0m
2026-07-21 17:20:23 [INFO] 
2026-07-21 17:20:23 [INFO]   🔴 [91m[1mI19JC029885[0m
2026-07-21 17:20:23 [INFO]      consumiu MAIS que o habitual às 17h
2026-07-21 17:20:23 [INFO]      [2mReal:[0m 0.251 m3   [2mHabitual:[0m 0.000 ± 0.010 m3   [2mz:[0m +10.00 (cap)   [2mdesvio:[0m +25100%   [2m(7 obs. fim_semana)[0m
2026-07-21 17:20:23 [INFO] 
2026-07-21 17:20:23 [INFO]   🔴 [91m[1mI19JC029885[0m
2026-07-21 17:20:23 [INFO]      consumiu MAIS que o habitual às 18h
2026-07-21 17:20:23 [INFO]      [2mReal:[0m 0.249 m3   [2mHabitual:[0m 0.000 ± 0.010 m3   [2mz:[0m +10.00 (cap)   [2mdesvio:[0m +24900%   [2m(7 obs. fim_semana)[0m
2026-07-21 17:20:23 [INFO] 
2026-07-21 17:20:23 [INFO]   🔴 [91m[1mI19JC029885[0m
2026-07-21 17:20:23 [INFO]      consumiu MAIS que o habitual às 19h
2026-07-21 17:20:23 [INFO]      [2mReal:[0m 0.245 m3   [2mHabitual:[0m 0.000 ± 0.010 m3   [2mz:[0m +10.00 (cap)   [2mdesvio:[0m +24500%   [2m(7 obs. fim_semana)[0m
2026-07-21 17:20:23 [INFO] 
2026-07-21 17:20:23 [INFO]   🔴 [91m[1mI19JC029885[0m
2026-07-21 17:20:23 [INFO]      consumiu MAIS que o habitual às 20h
2026-07-21 17:20:23 [INFO]      [2mReal:[0m 0.247 m3   [2mHabitual:[0m 0.000 ± 0.010 m3   [2mz:[0m +10.00 (cap)   [2mdesvio:[0m +24700%   [2m(7 obs. fim_semana)[0m
2026-07-21 17:20:23 [INFO] 
2026-07-21 17:20:23 [INFO]   🔴 [91m[1mI19JC029885[0m
2026-07-21 17:20:23 [INFO]      consumiu MAIS que o habitual às 21h
2026-07-21 17:20:23 [INFO]      [2mReal:[0m 0.252 m3   [2mHabitual:[0m 0.000 ± 0.010 m3   [2mz:[0m +10.00 (cap)   [2mdesvio:[0m +25200%   [2m(5 obs. fim_semana)[0m
2026-07-21 17:20:23 [INFO] 
2026-07-21 17:20:23 [INFO]   🔴 [91m[1mI19JC029885[0m
2026-07-21 17:20:23 [INFO]      consumiu MAIS que o habitual às 22h
2026-07-21 17:20:23 [INFO]      [2mReal:[0m 0.259 m3   [2mHabitual:[0m 0.000 ± 0.010 m3   [2mz:[0m +10.00 (cap)   [2mdesvio:[0m +25900%   [2m(7 obs. fim_semana)[0m
2026-07-21 17:20:23 [INFO] 
2026-07-21 17:20:23 [INFO]   🔴 [91m[1mI19JC029885[0m
2026-07-21 17:20:23 [INFO]      consumiu MAIS que o habitual às 23h
2026-07-21 17:20:23 [INFO]      [2mReal:[0m 0.263 m3   [2mHabitual:[0m 0.000 ± 0.010 m3   [2mz:[0m +10.00 (cap)   [2mdesvio:[0m +26300%   [2m(7 obs. fim_semana)[0m
2026-07-21 17:20:23 [INFO] 
2026-07-21 17:20:23 [INFO]   🔴 [91m[1mI19JC065533[0m
2026-07-21 17:20:23 [INFO]      consumiu MAIS que o habitual às 13h
2026-07-21 17:20:23 [INFO]      [2mReal:[0m 2.757 m3   [2mHabitual:[0m 0.000 ± 0.010 m3   [2mz:[0m +10.00 (cap)   [2mdesvio:[0m +275700%   [2m(5 obs. fim_semana)[0m
2026-07-21 17:20:23 [INFO] 
2026-07-21 17:20:23 [INFO]   🔴 [91m[1mI19JC065533[0m
2026-07-21 17:20:23 [INFO]      consumiu MAIS que o habitual às 14h
2026-07-21 17:20:23 [INFO]      [2mReal:[0m 0.160 m3   [2mHabitual:[0m 0.000 ± 0.010 m3   [2mz:[0m +10.00 (cap)   [2mdesvio:[0m +16000%   [2m(5 obs. fim_semana)[0m
2026-07-21 17:20:23 [INFO] 
2026-07-21 17:20:23 [INFO]   🔴 [91m[1mI19JC065533[0m
2026-07-21 17:20:23 [INFO]      consumiu MAIS que o habitual às 15h
2026-07-21 17:20:23 [INFO]      [2mReal:[0m 2.760 m3   [2mHabitual:[0m 0.000 ± 0.010 m3   [2mz:[0m +10.00 (cap)   [2mdesvio:[0m +276000%   [2m(5 obs. fim_semana)[0m
2026-07-21 17:20:23 [INFO] 
2026-07-21 17:20:23 [INFO]   🔴 [91m[1mI19JC065533[0m
2026-07-21 17:20:23 [INFO]      consumiu MAIS que o habitual às 16h
2026-07-21 17:20:23 [INFO]      [2mReal:[0m 0.161 m3   [2mHabitual:[0m 0.000 ± 0.010 m3   [2mz:[0m +10.00 (cap)   [2mdesvio:[0m +16080%   [2m(5 obs. fim_semana)[0m
2026-07-21 17:20:23 [INFO] 
2026-07-21 17:20:23 [INFO]   🔴 [91m[1mI19JC065533[0m
2026-07-21 17:20:23 [INFO]      consumiu MAIS que o habitual às 17h
2026-07-21 17:20:23 [INFO]      [2mReal:[0m 2.772 m3   [2mHabitual:[0m 0.000 ± 0.010 m3   [2mz:[0m +10.00 (cap)   [2mdesvio:[0m +277160%   [2m(7 obs. fim_semana)[0m
2026-07-21 17:20:23 [INFO] 
2026-07-21 17:20:23 [INFO]   🔴 [91m[1mI19JC065533[0m
2026-07-21 17:20:23 [INFO]      consumiu MAIS que o habitual às 18h
2026-07-21 17:20:23 [INFO]      [2mReal:[0m 0.157 m3   [2mHabitual:[0m 0.000 ± 0.010 m3   [2mz:[0m +10.00 (cap)   [2mdesvio:[0m +15700%   [2m(7 obs. fim_semana)[0m
2026-07-21 17:20:23 [INFO] 
2026-07-21 17:20:23 [INFO]   🔴 [91m[1mI19JC065533[0m
2026-07-21 17:20:23 [INFO]      consumiu MAIS que o habitual às 19h
2026-07-21 17:20:23 [INFO]      [2mReal:[0m 2.739 m3   [2mHabitual:[0m 0.000 ± 0.010 m3   [2mz:[0m +10.00 (cap)   [2mdesvio:[0m +273900%   [2m(7 obs. fim_semana)[0m
2026-07-21 17:20:23 [INFO] 
2026-07-21 17:20:23 [INFO]   🔴 [91m[1mI19JC065533[0m
2026-07-21 17:20:23 [INFO]      consumiu MAIS que o habitual às 20h
2026-07-21 17:20:23 [INFO]      [2mReal:[0m 0.158 m3   [2mHabitual:[0m 0.000 ± 0.010 m3   [2mz:[0m +10.00 (cap)   [2mdesvio:[0m +15800%   [2m(7 obs. fim_semana)[0m
2026-07-21 17:20:23 [INFO] 
2026-07-21 17:20:23 [INFO]   🔴 [91m[1mI19JC065533[0m
2026-07-21 17:20:23 [INFO]      consumiu MAIS que o habitual às 21h
2026-07-21 17:20:23 [INFO]      [2mReal:[0m 2.742 m3   [2mHabitual:[0m 0.000 ± 0.010 m3   [2mz:[0m +10.00 (cap)   [2mdesvio:[0m +274200%   [2m(5 obs. fim_semana)[0m
2026-07-21 17:20:23 [INFO] 
2026-07-21 17:20:23 [INFO]   🔴 [91m[1mI19MF927865[0m
2026-07-21 17:20:23 [INFO]      consumiu MAIS que o habitual às 07h
2026-07-21 17:20:23 [INFO]      [2mReal:[0m 5.110 m3   [2mHabitual:[0m 0.040 ± 0.106 m3   [2mz:[0m +10.00 (cap)   [2mdesvio:[0m +12675%   [2m(7 obs. fim_semana)[0m
2026-07-21 17:20:23 [INFO] 
2026-07-21 17:20:23 [INFO]   🔴 [91m[1mI19MF927865[0m
2026-07-21 17:20:23 [INFO]      consumiu MAIS que o habitual às 15h
2026-07-21 17:20:23 [INFO]      [2mReal:[0m 5.420 m3   [2mHabitual:[0m 0.000 ± 0.010 m3   [2mz:[0m +10.00 (cap)   [2mdesvio:[0m +542000%   [2m(7 obs. fim_semana)[0m
2026-07-21 17:20:23 [INFO] 
2026-07-21 17:20:23 [INFO]   🔴 [91m[1mI19MF927865[0m
2026-07-21 17:20:23 [INFO]      consumiu MAIS que o habitual às 20h
2026-07-21 17:20:23 [INFO]      [2mReal:[0m 3.380 m3   [2mHabitual:[0m 0.007 ± 0.019 m3   [2mz:[0m +10.00 (cap)   [2mdesvio:[0m +47506%   [2m(7 obs. fim_semana)[0m
2026-07-21 17:20:23 [INFO] 
2026-07-21 17:20:23 [INFO]   🔴 [91m[1mI20JE060959[0m
2026-07-21 17:20:23 [INFO]      consumiu MAIS que o habitual às 07h
2026-07-21 17:20:23 [INFO]      [2mReal:[0m 0.382 m3   [2mHabitual:[0m 0.076 ± 0.019 m3   [2mz:[0m +10.00 (cap)   [2mdesvio:[0m +405%   [2m(5 obs. fim_semana)[0m
2026-07-21 17:20:23 [INFO] 
2026-07-21 17:20:23 [INFO]   🔴 [91m[1mI21JC029405G[0m
2026-07-21 17:20:23 [INFO]      consumiu MAIS que o habitual às 21h
2026-07-21 17:20:23 [INFO]      [2mReal:[0m 0.548 m3   [2mHabitual:[0m 0.000 ± 0.010 m3   [2mz:[0m +10.00 (cap)   [2mdesvio:[0m +54800%   [2m(7 obs. fim_semana)[0m
2026-07-21 17:20:23 [INFO] 
2026-07-21 17:20:23 [INFO]   🔴 [91m[1mI21JC029405G[0m
2026-07-21 17:20:23 [INFO]      consumiu MAIS que o habitual às 22h
2026-07-21 17:20:23 [INFO]      [2mReal:[0m 0.716 m3   [2mHabitual:[0m 0.000 ± 0.010 m3   [2mz:[0m +10.00 (cap)   [2mdesvio:[0m +71600%   [2m(7 obs. fim_semana)[0m
2026-07-21 17:20:23 [INFO] 
2026-07-21 17:20:23 [INFO]   🔴 [91m[1mI21JC029405G[0m
2026-07-21 17:20:23 [INFO]      consumiu MAIS que o habitual às 23h
2026-07-21 17:20:23 [INFO]      [2mReal:[0m 1.305 m3   [2mHabitual:[0m 0.000 ± 0.010 m3   [2mz:[0m +10.00 (cap)   [2mdesvio:[0m +130500%   [2m(7 obs. fim_semana)[0m
2026-07-21 17:20:23 [INFO] 
2026-07-21 17:20:23 [INFO]   🔴 [91m[1mI21JC029553R[0m
2026-07-21 17:20:23 [INFO]      consumiu MAIS que o habitual às 19h
2026-07-21 17:20:23 [INFO]      [2mReal:[0m 0.274 m3   [2mHabitual:[0m 0.029 ± 0.020 m3   [2mz:[0m +10.00 (cap)   [2mdesvio:[0m +848%   [2m(7 obs. fim_semana)[0m
2026-07-21 17:20:23 [INFO] 
2026-07-21 17:20:23 [INFO]   🔴 [91m[1mI22JC094280J[0m
2026-07-21 17:20:23 [INFO]      consumiu MAIS que o habitual às 02h
2026-07-21 17:20:23 [INFO]      [2mReal:[0m 1.234 m3   [2mHabitual:[0m 0.004 ± 0.010 m3   [2mz:[0m +10.00 (cap)   [2mdesvio:[0m +34178%   [2m(7 obs. fim_semana)[0m
2026-07-21 17:20:23 [INFO] 
2026-07-21 17:20:23 [INFO]   🔴 [91m[1mI22JC094286P[0m
2026-07-21 17:20:23 [INFO]      consumiu MAIS que o habitual às 00h
2026-07-21 17:20:23 [INFO]      [2mReal:[0m 0.299 m3   [2mHabitual:[0m 0.027 ± 0.013 m3   [2mz:[0m +10.00 (cap)   [2mdesvio:[0m +1020%   [2m(6 obs. fim_semana)[0m
2026-07-21 17:20:23 [INFO] 
2026-07-21 17:20:23 [INFO]   🔴 [91m[1mI21JC029361L[0m
2026-07-21 17:20:23 [INFO]      consumiu MAIS que o habitual às 16h
2026-07-21 17:20:23 [INFO]      [2mReal:[0m 0.207 m3   [2mHabitual:[0m 0.052 ± 0.016 m3   [2mz:[0m +9.60   [2mdesvio:[0m +297%   [2m(7 obs. fim_semana)[0m
2026-07-21 17:20:23 [INFO] 
2026-07-21 17:20:23 [INFO]   🔴 [91m[1mI19MF927865[0m
2026-07-21 17:20:23 [INFO]      consumiu MAIS que o habitual às 01h
2026-07-21 17:20:23 [INFO]      [2mReal:[0m 25.000 m3   [2mHabitual:[0m 1.450 ± 2.477 m3   [2mz:[0m +9.51   [2mdesvio:[0m +1624%   [2m(7 obs. fim_semana)[0m
2026-07-21 17:20:23 [INFO] 
2026-07-21 17:20:23 [INFO]   🔴 [91m[1mI23JC096062S[0m
2026-07-21 17:20:23 [INFO]      consumiu MAIS que o habitual às 18h
2026-07-21 17:20:23 [INFO]      [2mReal:[0m 0.234 m3   [2mHabitual:[0m 0.039 ± 0.021 m3   [2mz:[0m +9.46   [2mdesvio:[0m +500%   [2m(5 obs. fim_semana)[0m
2026-07-21 17:20:23 [INFO] 
2026-07-21 17:20:23 [INFO]   🔴 [91m[1mD16XF077374[0m
2026-07-21 17:20:23 [INFO]      consumiu MAIS que o habitual às 11h
2026-07-21 17:20:23 [INFO]      [2mReal:[0m 0.300 m3   [2mHabitual:[0m 0.090 ± 0.022 m3   [2mz:[0m +9.33   [2mdesvio:[0m +233%   [2m(7 obs. fim_semana)[0m
2026-07-21 17:20:23 [INFO] 
2026-07-21 17:20:23 [INFO]   🔴 [91m[1mC22FC002175O[0m
2026-07-21 17:20:23 [INFO]      consumiu MAIS que o habitual às 00h
2026-07-21 17:20:23 [INFO]      [2mReal:[0m 0.116 m3   [2mHabitual:[0m 0.012 ± 0.012 m3   [2mz:[0m +8.70   [2mdesvio:[0m +867%   [2m(6 obs. fim_semana)[0m
2026-07-21 17:20:23 [INFO] 
2026-07-21 17:20:23 [INFO]   🔴 [91m[1mI21JC029553R[0m
2026-07-21 17:20:23 [INFO]      consumiu MAIS que o habitual às 04h
2026-07-21 17:20:23 [INFO]      [2mReal:[0m 0.115 m3   [2mHabitual:[0m 0.028 ± 0.010 m3   [2mz:[0m +8.67   [2mdesvio:[0m +306%   [2m(7 obs. fim_semana)[0m
2026-07-21 17:20:23 [INFO] 
2026-07-21 17:20:23 [INFO]   🔴 [91m[1mI22JC094285O[0m
2026-07-21 17:20:23 [INFO]      consumiu MAIS que o habitual às 01h
2026-07-21 17:20:23 [INFO]      [2mReal:[0m 0.867 m3   [2mHabitual:[0m 0.082 ± 0.097 m3   [2mz:[0m +8.07   [2mdesvio:[0m +960%   [2m(5 obs. fim_semana)[0m
2026-07-21 17:20:23 [INFO] 
2026-07-21 17:20:23 [INFO]   🔴 [91m[1mD19BX000041[0m
2026-07-21 17:20:23 [INFO]      consumiu MAIS que o habitual às 23h
2026-07-21 17:20:23 [INFO]      [2mReal:[0m 0.080 m3   [2mHabitual:[0m 0.000 ± 0.010 m3   [2mz:[0m +8.00   [2mdesvio:[0m +8000%   [2m(5 obs. fim_semana)[0m
2026-07-21 17:20:23 [INFO] 
2026-07-21 17:20:23 [INFO]   🔴 [91m[1mI21JC029635S[0m
2026-07-21 17:20:23 [INFO]      consumiu MAIS que o habitual às 13h
2026-07-21 17:20:23 [INFO]      [2mReal:[0m 0.080 m3   [2mHabitual:[0m 0.000 ± 0.010 m3   [2mz:[0m +8.00   [2mdesvio:[0m +8000%   [2m(5 obs. fim_semana)[0m
2026-07-21 17:20:23 [INFO] 
2026-07-21 17:20:23 [INFO]   🔴 [91m[1mI21JC029635S[0m
2026-07-21 17:20:23 [INFO]      consumiu MAIS que o habitual às 18h
2026-07-21 17:20:23 [INFO]      [2mReal:[0m 0.080 m3   [2mHabitual:[0m 0.000 ± 0.010 m3   [2mz:[0m +8.00   [2mdesvio:[0m +8000%   [2m(5 obs. fim_semana)[0m
2026-07-21 17:20:23 [INFO] 
2026-07-21 17:20:23 [INFO]   🔴 [91m[1mI21JC029635S[0m
2026-07-21 17:20:23 [INFO]      consumiu MAIS que o habitual às 21h
2026-07-21 17:20:23 [INFO]      [2mReal:[0m 0.080 m3   [2mHabitual:[0m 0.000 ± 0.010 m3   [2mz:[0m +8.00   [2mdesvio:[0m +8000%   [2m(5 obs. fim_semana)[0m
2026-07-21 17:20:23 [INFO] 
2026-07-21 17:20:23 [INFO]   🔴 [91m[1mI21JC029635S[0m
2026-07-21 17:20:23 [INFO]      consumiu MAIS que o habitual às 22h
2026-07-21 17:20:23 [INFO]      [2mReal:[0m 0.080 m3   [2mHabitual:[0m 0.000 ± 0.010 m3   [2mz:[0m +8.00   [2mdesvio:[0m +8000%   [2m(5 obs. fim_semana)[0m
2026-07-21 17:20:23 [INFO] 
2026-07-21 17:20:23 [INFO]   🔴 [91m[1mI21JC029635S[0m
2026-07-21 17:20:23 [INFO]      consumiu MAIS que o habitual às 23h
2026-07-21 17:20:23 [INFO]      [2mReal:[0m 0.080 m3   [2mHabitual:[0m 0.000 ± 0.010 m3   [2mz:[0m +8.00   [2mdesvio:[0m +8000%   [2m(5 obs. fim_semana)[0m
2026-07-21 17:20:23 [INFO] 
2026-07-21 17:20:23 [INFO]   🔴 [91m[1mI21JC029635S[0m
2026-07-21 17:20:23 [INFO]      consumiu MAIS que o habitual às 14h
2026-07-21 17:20:23 [INFO]      [2mReal:[0m 0.079 m3   [2mHabitual:[0m 0.000 ± 0.010 m3   [2mz:[0m +7.90   [2mdesvio:[0m +7900%   [2m(5 obs. fim_semana)[0m
2026-07-21 17:20:23 [INFO] 
2026-07-21 17:20:23 [INFO]   🔴 [91m[1mI21JC029635S[0m
2026-07-21 17:20:23 [INFO]      consumiu MAIS que o habitual às 15h
2026-07-21 17:20:23 [INFO]      [2mReal:[0m 0.079 m3   [2mHabitual:[0m 0.000 ± 0.010 m3   [2mz:[0m +7.90   [2mdesvio:[0m +7900%   [2m(5 obs. fim_semana)[0m
2026-07-21 17:20:23 [INFO] 
2026-07-21 17:20:23 [INFO]   🔴 [91m[1mI21JC029635S[0m
2026-07-21 17:20:23 [INFO]      consumiu MAIS que o habitual às 16h
2026-07-21 17:20:23 [INFO]      [2mReal:[0m 0.079 m3   [2mHabitual:[0m 0.000 ± 0.010 m3   [2mz:[0m +7.90   [2mdesvio:[0m +7900%   [2m(5 obs. fim_semana)[0m
2026-07-21 17:20:23 [INFO] 
2026-07-21 17:20:23 [INFO]   🔴 [91m[1mI21JC029635S[0m
2026-07-21 17:20:23 [INFO]      consumiu MAIS que o habitual às 17h
2026-07-21 17:20:23 [INFO]      [2mReal:[0m 0.079 m3   [2mHabitual:[0m 0.000 ± 0.010 m3   [2mz:[0m +7.90   [2mdesvio:[0m +7900%   [2m(5 obs. fim_semana)[0m
2026-07-21 17:20:23 [INFO] 
2026-07-21 17:20:23 [INFO]   🔴 [91m[1mI21JC029635S[0m
2026-07-21 17:20:23 [INFO]      consumiu MAIS que o habitual às 19h
2026-07-21 17:20:23 [INFO]      [2mReal:[0m 0.079 m3   [2mHabitual:[0m 0.000 ± 0.010 m3   [2mz:[0m +7.90   [2mdesvio:[0m +7900%   [2m(5 obs. fim_semana)[0m
2026-07-21 17:20:23 [INFO] 
2026-07-21 17:20:23 [INFO]   🔴 [91m[1mI21JC029635S[0m
2026-07-21 17:20:23 [INFO]      consumiu MAIS que o habitual às 20h
2026-07-21 17:20:23 [INFO]      [2mReal:[0m 0.079 m3   [2mHabitual:[0m 0.000 ± 0.010 m3   [2mz:[0m +7.90   [2mdesvio:[0m +7900%   [2m(5 obs. fim_semana)[0m
2026-07-21 17:20:23 [INFO] 
2026-07-21 17:20:23 [INFO]   🔴 [91m[1mI20MF944347P[0m
2026-07-21 17:20:23 [INFO]      consumiu MAIS que o habitual às 10h
2026-07-21 17:20:23 [INFO]      [2mReal:[0m 0.240 m3   [2mHabitual:[0m 0.084 ± 0.021 m3   [2mz:[0m +7.43   [2mdesvio:[0m +186%   [2m(5 obs. fim_semana)[0m
2026-07-21 17:20:23 [INFO] 
2026-07-21 17:20:23 [INFO]   🔴 [91m[1mI21JC029635S[0m
2026-07-21 17:20:23 [INFO]      consumiu MAIS que o habitual às 00h
2026-07-21 17:20:23 [INFO]      [2mReal:[0m 0.074 m3   [2mHabitual:[0m 0.000 ± 0.010 m3   [2mz:[0m +7.40   [2mdesvio:[0m +7400%   [2m(5 obs. fim_semana)[0m
2026-07-21 17:20:23 [INFO] 
2026-07-21 17:20:23 [INFO]   🔴 [91m[1mI19JC029855[0m
2026-07-21 17:20:23 [INFO]      consumiu MAIS que o habitual às 21h
2026-07-21 17:20:23 [INFO]      [2mReal:[0m 0.084 m3   [2mHabitual:[0m 0.010 ± 0.010 m3   [2mz:[0m +7.38   [2mdesvio:[0m +724%   [2m(5 obs. fim_semana)[0m
2026-07-21 17:20:23 [INFO] 
2026-07-21 17:20:23 [INFO]   🔴 [91m[1mI21JC029635S[0m
2026-07-21 17:20:23 [INFO]      consumiu MAIS que o habitual às 01h
2026-07-21 17:20:23 [INFO]      [2mReal:[0m 0.073 m3   [2mHabitual:[0m 0.000 ± 0.010 m3   [2mz:[0m +7.30   [2mdesvio:[0m +7300%   [2m(5 obs. fim_semana)[0m
2026-07-21 17:20:23 [INFO] 
2026-07-21 17:20:23 [INFO]   🔴 [91m[1mI21JC029635S[0m
2026-07-21 17:20:23 [INFO]      consumiu MAIS que o habitual às 02h
2026-07-21 17:20:23 [INFO]      [2mReal:[0m 0.073 m3   [2mHabitual:[0m 0.000 ± 0.010 m3   [2mz:[0m +7.30   [2mdesvio:[0m +7300%   [2m(5 obs. fim_semana)[0m
2026-07-21 17:20:23 [INFO] 
2026-07-21 17:20:23 [INFO]   🔴 [91m[1mI21JC029635S[0m
2026-07-21 17:20:23 [INFO]      consumiu MAIS que o habitual às 03h
2026-07-21 17:20:23 [INFO]      [2mReal:[0m 0.073 m3   [2mHabitual:[0m 0.000 ± 0.010 m3   [2mz:[0m +7.30   [2mdesvio:[0m +7300%   [2m(5 obs. fim_semana)[0m
2026-07-21 17:20:23 [INFO] 
2026-07-21 17:20:23 [INFO]   🔴 [91m[1mI21JC029635S[0m
2026-07-21 17:20:23 [INFO]      consumiu MAIS que o habitual às 04h
2026-07-21 17:20:23 [INFO]      [2mReal:[0m 0.073 m3   [2mHabitual:[0m 0.000 ± 0.010 m3   [2mz:[0m +7.30   [2mdesvio:[0m +7300%   [2m(5 obs. fim_semana)[0m
2026-07-21 17:20:23 [INFO] 
2026-07-21 17:20:23 [INFO]   🔴 [91m[1mI21JC029635S[0m
2026-07-21 17:20:23 [INFO]      consumiu MAIS que o habitual às 07h
2026-07-21 17:20:23 [INFO]      [2mReal:[0m 0.073 m3   [2mHabitual:[0m 0.000 ± 0.010 m3   [2mz:[0m +7.30   [2mdesvio:[0m +7300%   [2m(5 obs. fim_semana)[0m
2026-07-21 17:20:23 [INFO] 
2026-07-21 17:20:23 [INFO]   🔴 [91m[1mI21JC029635S[0m
2026-07-21 17:20:23 [INFO]      consumiu MAIS que o habitual às 08h
2026-07-21 17:20:23 [INFO]      [2mReal:[0m 0.073 m3   [2mHabitual:[0m 0.000 ± 0.010 m3   [2mz:[0m +7.30   [2mdesvio:[0m +7300%   [2m(5 obs. fim_semana)[0m
2026-07-21 17:20:23 [INFO] 
2026-07-21 17:20:23 [INFO]   🔴 [91m[1mI21JC029635S[0m
2026-07-21 17:20:23 [INFO]      consumiu MAIS que o habitual às 05h
2026-07-21 17:20:23 [INFO]      [2mReal:[0m 0.072 m3   [2mHabitual:[0m 0.000 ± 0.010 m3   [2mz:[0m +7.20   [2mdesvio:[0m +7200%   [2m(5 obs. fim_semana)[0m
2026-07-21 17:20:23 [INFO] 
2026-07-21 17:20:23 [INFO]   🔴 [91m[1mI21JC029635S[0m
2026-07-21 17:20:23 [INFO]      consumiu MAIS que o habitual às 06h
2026-07-21 17:20:23 [INFO]      [2mReal:[0m 0.072 m3   [2mHabitual:[0m 0.000 ± 0.010 m3   [2mz:[0m +7.20   [2mdesvio:[0m +7200%   [2m(5 obs. fim_semana)[0m
2026-07-21 17:20:23 [INFO] 
2026-07-21 17:20:23 [INFO]   🔴 [91m[1mD01WF051014[0m
2026-07-21 17:20:23 [INFO]      consumiu MAIS que o habitual às 18h
2026-07-21 17:20:23 [INFO]      [2mReal:[0m 1.670 m3   [2mHabitual:[0m 0.241 ± 0.207 m3   [2mz:[0m +6.91   [2mdesvio:[0m +592%   [2m(7 obs. fim_semana)[0m
2026-07-21 17:20:23 [INFO] 
2026-07-21 17:20:23 [INFO]   🔴 [91m[1mD19BX000041[0m
2026-07-21 17:20:23 [INFO]      consumiu MAIS que o habitual às 13h
2026-07-21 17:20:23 [INFO]      [2mReal:[0m 0.174 m3   [2mHabitual:[0m 0.012 ± 0.024 m3   [2mz:[0m +6.77   [2mdesvio:[0m +1303%   [2m(5 obs. fim_semana)[0m
2026-07-21 17:20:23 [INFO] 
2026-07-21 17:20:23 [INFO]   🔴 [91m[1mC16SC000825R[0m
2026-07-21 17:20:23 [INFO]      consumiu MAIS que o habitual às 16h
2026-07-21 17:20:23 [INFO]      [2mReal:[0m 0.590 m3   [2mHabitual:[0m 0.069 ± 0.078 m3   [2mz:[0m +6.72   [2mdesvio:[0m +756%   [2m(7 obs. fim_semana)[0m
2026-07-21 17:20:23 [INFO] 
2026-07-21 17:20:23 [INFO]   🔴 [91m[1mI19MF927865[0m
2026-07-21 17:20:23 [INFO]      consumiu MAIS que o habitual às 18h
2026-07-21 17:20:23 [INFO]      [2mReal:[0m 10.260 m3   [2mHabitual:[0m 0.549 ± 1.451 m3   [2mz:[0m +6.69   [2mdesvio:[0m +1770%   [2m(7 obs. fim_semana)[0m
2026-07-21 17:20:23 [INFO] 
2026-07-21 17:20:23 [INFO]   🔴 [91m[1mI19MF927865[0m
2026-07-21 17:20:23 [INFO]      consumiu MAIS que o habitual às 19h
2026-07-21 17:20:23 [INFO]      [2mReal:[0m 14.190 m3   [2mHabitual:[0m 0.763 ± 2.018 m3   [2mz:[0m +6.65   [2mdesvio:[0m +1760%   [2m(7 obs. fim_semana)[0m
2026-07-21 17:20:23 [INFO] 
2026-07-21 17:20:23 [INFO]   🔴 [91m[1mI21JC043488L[0m
2026-07-21 17:20:23 [INFO]      consumiu MAIS que o habitual às 18h
2026-07-21 17:20:23 [INFO]      [2mReal:[0m 0.438 m3   [2mHabitual:[0m 0.109 ± 0.050 m3   [2mz:[0m +6.54   [2mdesvio:[0m +303%   [2m(6 obs. fim_semana)[0m
2026-07-21 17:20:23 [INFO] 
2026-07-21 17:20:23 [INFO]   🔴 [91m[1mI23LA213007[0m
2026-07-21 17:20:23 [INFO]      consumiu MAIS que o habitual às 21h
2026-07-21 17:20:23 [INFO]      [2mReal:[0m 0.072 m3   [2mHabitual:[0m 0.007 ± 0.010 m3   [2mz:[0m +6.53   [2mdesvio:[0m +975%   [2m(6 obs. fim_semana)[0m
2026-07-21 17:20:23 [INFO] 
2026-07-21 17:20:23 [INFO]   🔴 [91m[1mI21JC037658W[0m
2026-07-21 17:20:23 [INFO]      consumiu MAIS que o habitual às 02h
2026-07-21 17:20:23 [INFO]      [2mReal:[0m 0.068 m3   [2mHabitual:[0m 0.005 ± 0.010 m3   [2mz:[0m +6.30   [2mdesvio:[0m +1260%   [2m(7 obs. fim_semana)[0m
2026-07-21 17:20:23 [INFO] 
2026-07-21 17:20:23 [INFO]   🔴 [91m[1mD19BX000041[0m
2026-07-21 17:20:23 [INFO]      consumiu MAIS que o habitual às 16h
2026-07-21 17:20:23 [INFO]      [2mReal:[0m 0.245 m3   [2mHabitual:[0m 0.022 ± 0.036 m3   [2mz:[0m +6.12   [2mdesvio:[0m +1024%   [2m(6 obs. fim_semana)[0m
2026-07-21 17:20:23 [INFO] 
2026-07-21 17:20:23 [INFO]   🔴 [91m[1mD08AC395031B[0m
2026-07-21 17:20:23 [INFO]      consumiu MAIS que o habitual às 07h
2026-07-21 17:20:23 [INFO]      [2mReal:[0m 0.066 m3   [2mHabitual:[0m 0.007 ± 0.010 m3   [2mz:[0m +5.87   [2mdesvio:[0m +804%   [2m(7 obs. fim_semana)[0m
2026-07-21 17:20:23 [INFO] 
2026-07-21 17:20:23 [INFO]   🔴 [91m[1mI21JC029120W[0m
2026-07-21 17:20:23 [INFO]      consumiu MAIS que o habitual às 00h
2026-07-21 17:20:23 [INFO]      [2mReal:[0m 0.061 m3   [2mHabitual:[0m 0.003 ± 0.010 m3   [2mz:[0m +5.84   [2mdesvio:[0m +2246%   [2m(7 obs. fim_semana)[0m
2026-07-21 17:20:23 [INFO] 
2026-07-21 17:20:23 [INFO]   🔴 [91m[1mI23JC095866[0m
2026-07-21 17:20:23 [INFO]      consumiu MAIS que o habitual às 13h
2026-07-21 17:20:23 [INFO]      [2mReal:[0m 0.474 m3   [2mHabitual:[0m 0.193 ± 0.048 m3   [2mz:[0m +5.82   [2mdesvio:[0m +146%   [2m(5 obs. fim_semana)[0m
2026-07-21 17:20:23 [INFO] 
2026-07-21 17:20:23 [INFO]   🔴 [91m[1mI21JC029325H[0m
2026-07-21 17:20:23 [INFO]      consumiu MAIS que o habitual às 09h
2026-07-21 17:20:23 [INFO]      [2mReal:[0m 0.305 m3   [2mHabitual:[0m 0.108 ± 0.035 m3   [2mz:[0m +5.72   [2mdesvio:[0m +183%   [2m(6 obs. fim_semana)[0m
2026-07-21 17:20:23 [INFO] 
2026-07-21 17:20:23 [INFO]   🔴 [91m[1mI21JC037657V[0m
2026-07-21 17:20:23 [INFO]      consumiu MAIS que o habitual às 12h
2026-07-21 17:20:23 [INFO]      [2mReal:[0m 0.340 m3   [2mHabitual:[0m 0.070 ± 0.048 m3   [2mz:[0m +5.68   [2mdesvio:[0m +384%   [2m(6 obs. fim_semana)[0m
2026-07-21 17:20:23 [INFO] 
2026-07-21 17:20:23 [INFO]   🔴 [91m[1mI22JC094286P[0m
2026-07-21 17:20:23 [INFO]      consumiu MAIS que o habitual às 16h
2026-07-21 17:20:23 [INFO]      [2mReal:[0m 0.342 m3   [2mHabitual:[0m 0.089 ± 0.048 m3   [2mz:[0m +5.30   [2mdesvio:[0m +285%   [2m(7 obs. fim_semana)[0m
2026-07-21 17:20:23 [INFO] 
2026-07-21 17:20:23 [INFO]   🔴 [91m[1mI21JC037657V[0m
2026-07-21 17:20:23 [INFO]      consumiu MAIS que o habitual às 15h
2026-07-21 17:20:23 [INFO]      [2mReal:[0m 0.203 m3   [2mHabitual:[0m 0.044 ± 0.031 m3   [2mz:[0m +5.17   [2mdesvio:[0m +366%   [2m(7 obs. fim_semana)[0m
2026-07-21 17:20:23 [INFO] 
2026-07-21 17:20:23 [INFO]   🔴 [91m[1mI21JC037659X[0m
2026-07-21 17:20:23 [INFO]      consumiu MAIS que o habitual às 07h
2026-07-21 17:20:23 [INFO]      [2mReal:[0m 0.075 m3   [2mHabitual:[0m 0.008 ± 0.013 m3   [2mz:[0m +5.10   [2mdesvio:[0m +862%   [2m(6 obs. fim_semana)[0m
2026-07-21 17:20:23 [INFO] 
2026-07-21 17:20:23 [INFO]   🔴 [91m[1mI18MF912111K[0m
2026-07-21 17:20:24 [INFO]      consumiu MAIS que o habitual às 09h
2026-07-21 17:20:24 [INFO]      [2mReal:[0m 0.180 m3   [2mHabitual:[0m 0.028 ± 0.030 m3   [2mz:[0m +5.06   [2mdesvio:[0m +536%   [2m(6 obs. fim_semana)[0m
2026-07-21 17:20:24 [INFO] 
2026-07-21 17:20:24 [INFO]   🔴 [91m[1mI17JE060870R[0m
2026-07-21 17:20:24 [INFO]      consumiu MAIS que o habitual às 19h
2026-07-21 17:20:24 [INFO]      [2mReal:[0m 0.180 m3   [2mHabitual:[0m 0.023 ± 0.032 m3   [2mz:[0m +4.97   [2mdesvio:[0m +686%   [2m(7 obs. fim_semana)[0m
2026-07-21 17:20:24 [INFO] 
2026-07-21 17:20:24 [INFO]   🔴 [91m[1mD16BX009425[0m
2026-07-21 17:20:24 [INFO]      consumiu MAIS que o habitual às 20h
2026-07-21 17:20:24 [INFO]      [2mReal:[0m 0.082 m3   [2mHabitual:[0m 0.009 ± 0.015 m3   [2mz:[0m +4.94   [2mdesvio:[0m +811%   [2m(5 obs. fim_semana)[0m
2026-07-21 17:20:24 [INFO] 
2026-07-21 17:20:24 [INFO]   🔴 [91m[1mI22JC094280J[0m
2026-07-21 17:20:24 [INFO]      consumiu MAIS que o habitual às 17h
2026-07-21 17:20:24 [INFO]      [2mReal:[0m 0.303 m3   [2mHabitual:[0m 0.096 ± 0.044 m3   [2mz:[0m +4.72   [2mdesvio:[0m +217%   [2m(5 obs. fim_semana)[0m
2026-07-21 17:20:24 [INFO] 
2026-07-21 17:20:24 [INFO]   🔴 [91m[1mI19JC020003[0m
2026-07-21 17:20:24 [INFO]      consumiu MAIS que o habitual às 14h
2026-07-21 17:20:24 [INFO]      [2mReal:[0m 0.475 m3   [2mHabitual:[0m 0.143 ± 0.071 m3   [2mz:[0m +4.70   [2mdesvio:[0m +232%   [2m(7 obs. fim_semana)[0m
2026-07-21 17:20:24 [INFO] 
2026-07-21 17:20:24 [INFO]   🔴 [91m[1mI22JC094273K[0m
2026-07-21 17:20:24 [INFO]      consumiu MAIS que o habitual às 16h
2026-07-21 17:20:24 [INFO]      [2mReal:[0m 0.614 m3   [2mHabitual:[0m 0.159 ± 0.099 m3   [2mz:[0m +4.58   [2mdesvio:[0m +286%   [2m(7 obs. fim_semana)[0m
2026-07-21 17:20:24 [INFO] 
2026-07-21 17:20:24 [INFO]   🔴 [91m[1mI19JC065537[0m
2026-07-21 17:20:24 [INFO]      consumiu MAIS que o habitual às 18h
2026-07-21 17:20:24 [INFO]      [2mReal:[0m 0.473 m3   [2mHabitual:[0m 0.057 ± 0.091 m3   [2mz:[0m +4.57   [2mdesvio:[0m +728%   [2m(7 obs. fim_semana)[0m
2026-07-21 17:20:24 [INFO] 
2026-07-21 17:20:24 [INFO]   🔴 [91m[1mI23JC096060Q[0m
2026-07-21 17:20:24 [INFO]      consumiu MAIS que o habitual às 02h
2026-07-21 17:20:24 [INFO]      [2mReal:[0m 0.069 m3   [2mHabitual:[0m 0.018 ± 0.011 m3   [2mz:[0m +4.57   [2mdesvio:[0m +283%   [2m(7 obs. fim_semana)[0m
2026-07-21 17:20:24 [INFO] 
2026-07-21 17:20:24 [INFO]   🔴 [91m[1mI21JC029129F[0m
2026-07-21 17:20:24 [INFO]      consumiu MAIS que o habitual às 15h
2026-07-21 17:20:24 [INFO]      [2mReal:[0m 0.456 m3   [2mHabitual:[0m 0.206 ± 0.056 m3   [2mz:[0m +4.49   [2mdesvio:[0m +122%   [2m(7 obs. fim_semana)[0m
2026-07-21 17:20:24 [INFO] 
2026-07-21 17:20:24 [INFO]   🔴 [91m[1mC18SC005960J[0m
2026-07-21 17:20:24 [INFO]      consumiu MAIS que o habitual às 18h
2026-07-21 17:20:24 [INFO]      [2mReal:[0m 0.760 m3   [2mHabitual:[0m 0.114 ± 0.145 m3   [2mz:[0m +4.46   [2mdesvio:[0m +564%   [2m(5 obs. fim_semana)[0m
2026-07-21 17:20:24 [INFO] 
2026-07-21 17:20:24 [INFO]   🔴 [91m[1mI20JE067857[0m
2026-07-21 17:20:24 [INFO]      consumiu MAIS que o habitual às 02h
2026-07-21 17:20:24 [INFO]      [2mReal:[0m 0.045 m3   [2mHabitual:[0m 0.001 ± 0.010 m3   [2mz:[0m +4.44   [2mdesvio:[0m +4440%   [2m(7 obs. fim_semana)[0m
2026-07-21 17:20:24 [INFO] 
2026-07-21 17:20:24 [INFO]   🔴 [91m[1mI22JC094282L[0m
2026-07-21 17:20:24 [INFO]      consumiu MAIS que o habitual às 05h
2026-07-21 17:20:24 [INFO]      [2mReal:[0m 0.055 m3   [2mHabitual:[0m 0.011 ± 0.010 m3   [2mz:[0m +4.39   [2mdesvio:[0m +395%   [2m(7 obs. fim_semana)[0m
2026-07-21 17:20:24 [INFO] 
2026-07-21 17:20:24 [INFO]   🔴 [91m[1mI21JC029328K[0m
2026-07-21 17:20:24 [INFO]      consumiu MAIS que o habitual às 23h
2026-07-21 17:20:24 [INFO]      [2mReal:[0m 0.090 m3   [2mHabitual:[0m 0.043 ± 0.011 m3   [2mz:[0m +4.32   [2mdesvio:[0m +108%   [2m(7 obs. fim_semana)[0m
2026-07-21 17:20:24 [INFO] 
2026-07-21 17:20:24 [INFO]   🔴 [91m[1mI22JC094273K[0m
2026-07-21 17:20:24 [INFO]      consumiu MAIS que o habitual às 17h
2026-07-21 17:20:24 [INFO]      [2mReal:[0m 0.477 m3   [2mHabitual:[0m 0.230 ± 0.057 m3   [2mz:[0m +4.31   [2mdesvio:[0m +108%   [2m(6 obs. fim_semana)[0m
2026-07-21 17:20:24 [INFO] 
2026-07-21 17:20:24 [INFO]   🔴 [91m[1mI21JC043489M[0m
2026-07-21 17:20:24 [INFO]      consumiu MAIS que o habitual às 10h
2026-07-21 17:20:24 [INFO]      [2mReal:[0m 0.297 m3   [2mHabitual:[0m 0.101 ± 0.046 m3   [2mz:[0m +4.24   [2mdesvio:[0m +195%   [2m(7 obs. fim_semana)[0m
2026-07-21 17:20:24 [INFO] 
2026-07-21 17:20:24 [INFO]   🔴 [91m[1mI21JC043490F[0m
2026-07-21 17:20:24 [INFO]      consumiu MAIS que o habitual às 06h
2026-07-21 17:20:24 [INFO]      [2mReal:[0m 0.160 m3   [2mHabitual:[0m 0.040 ± 0.029 m3   [2mz:[0m +4.12   [2mdesvio:[0m +297%   [2m(6 obs. fim_semana)[0m
2026-07-21 17:20:24 [INFO] 
2026-07-21 17:20:24 [INFO]   🔴 [91m[1mI21JC029328K[0m
2026-07-21 17:20:24 [INFO]      consumiu MAIS que o habitual às 21h
2026-07-21 17:20:24 [INFO]      [2mReal:[0m 0.091 m3   [2mHabitual:[0m 0.045 ± 0.011 m3   [2mz:[0m +4.11   [2mdesvio:[0m +103%   [2m(7 obs. fim_semana)[0m
2026-07-21 17:20:24 [INFO] 
2026-07-21 17:20:24 [INFO]   🔴 [91m[1mI21JC029328K[0m
2026-07-21 17:20:24 [INFO]      consumiu MAIS que o habitual às 22h
2026-07-21 17:20:24 [INFO]      [2mReal:[0m 0.090 m3   [2mHabitual:[0m 0.044 ± 0.011 m3   [2mz:[0m +4.10   [2mdesvio:[0m +103%   [2m(7 obs. fim_semana)[0m
2026-07-21 17:20:24 [INFO] 
2026-07-21 17:20:24 [INFO]   🔴 [91m[1mD08AC395031B[0m
2026-07-21 17:20:24 [INFO]      consumiu MAIS que o habitual às 20h
2026-07-21 17:20:24 [INFO]      [2mReal:[0m 0.119 m3   [2mHabitual:[0m 0.028 ± 0.022 m3   [2mz:[0m +4.06   [2mdesvio:[0m +330%   [2m(7 obs. fim_semana)[0m
2026-07-21 17:20:24 [INFO] 
2026-07-21 17:20:24 [INFO]   🔴 [91m[1mI21JC043488L[0m
2026-07-21 17:20:24 [INFO]      consumiu MAIS que o habitual às 07h
2026-07-21 17:20:24 [INFO]      [2mReal:[0m 0.049 m3   [2mHabitual:[0m 0.009 ± 0.010 m3   [2mz:[0m +4.03   [2mdesvio:[0m +463%   [2m(7 obs. fim_semana)[0m
2026-07-21 17:20:24 [INFO] 
2026-07-21 17:20:24 [INFO]   🔴 [91m[1mD18BX003239[0m
2026-07-21 17:20:24 [INFO]      consumiu MAIS que o habitual às 23h
2026-07-21 17:20:24 [INFO]      [2mReal:[0m 0.307 m3   [2mHabitual:[0m 0.026 ± 0.070 m3   [2mz:[0m +4.01   [2mdesvio:[0m +1063%   [2m(7 obs. fim_semana)[0m
2026-07-21 17:20:24 [INFO] 
2026-07-21 17:20:24 [INFO] [1m[93m--- Desvios de BAIXA confianca (30) ------------------[0m
2026-07-21 17:20:24 [INFO]   [2m(poucos dados historicos - verificar manualmente)[0m
2026-07-21 17:20:24 [INFO] 
2026-07-21 17:20:24 [INFO]   🔴 [91m[1mC18SC005963M[0m
2026-07-21 17:20:24 [INFO]      consumiu MAIS que o habitual às 22h
2026-07-21 17:20:24 [INFO]      [2mReal:[0m 2.443 m3   [2mHabitual:[0m 0.305 ± 0.106 m3   [2mz:[0m +10.00 (cap)   [2mdesvio:[0m +702%   [2m(3 obs. fim_semana)[0m
2026-07-21 17:20:24 [INFO] 
2026-07-21 17:20:24 [INFO]   🔴 [91m[1mD01WF051014[0m
2026-07-21 17:20:24 [INFO]      consumiu MAIS que o habitual às 23h
2026-07-21 17:20:24 [INFO]      [2mReal:[0m 4.050 m3   [2mHabitual:[0m 0.297 ± 0.375 m3   [2mz:[0m +10.00 (cap)   [2mdesvio:[0m +1261%   [2m(4 obs. fim_semana)[0m
2026-07-21 17:20:24 [INFO] 
2026-07-21 17:20:24 [INFO]   🔴 [91m[1mD05AE129685[0m
2026-07-21 17:20:24 [INFO]      consumiu MAIS que o habitual às 13h
2026-07-21 17:20:24 [INFO]      [2mReal:[0m 2.869 m3   [2mHabitual:[0m 0.005 ± 0.010 m3   [2mz:[0m +10.00 (cap)   [2mdesvio:[0m +57280%   [2m(4 obs. fim_semana)[0m
2026-07-21 17:20:24 [INFO] 
2026-07-21 17:20:24 [INFO]   🔴 [91m[1mI19JC065533[0m
2026-07-21 17:20:24 [INFO]      consumiu MAIS que o habitual às 09h
2026-07-21 17:20:24 [INFO]      [2mReal:[0m 5.831 m3   [2mHabitual:[0m 0.000 ± 0.010 m3   [2mz:[0m +10.00 (cap)   [2mdesvio:[0m +583100%   [2m(4 obs. fim_semana)[0m
2026-07-21 17:20:24 [INFO] 
2026-07-21 17:20:24 [INFO]   🔴 [91m[1mI19JC065533[0m
2026-07-21 17:20:24 [INFO]      consumiu MAIS que o habitual às 10h
2026-07-21 17:20:24 [INFO]      [2mReal:[0m 0.160 m3   [2mHabitual:[0m 0.000 ± 0.010 m3   [2mz:[0m +10.00 (cap)   [2mdesvio:[0m +16000%   [2m(4 obs. fim_semana)[0m
2026-07-21 17:20:24 [INFO] 
2026-07-21 17:20:24 [INFO]   🔴 [91m[1mI19JC065533[0m
2026-07-21 17:20:24 [INFO]      consumiu MAIS que o habitual às 11h
2026-07-21 17:20:24 [INFO]      [2mReal:[0m 2.747 m3   [2mHabitual:[0m 0.000 ± 0.010 m3   [2mz:[0m +10.00 (cap)   [2mdesvio:[0m +274700%   [2m(4 obs. fim_semana)[0m
2026-07-21 17:20:24 [INFO] 
2026-07-21 17:20:24 [INFO]   🔴 [91m[1mI19JC065533[0m
2026-07-21 17:20:24 [INFO]      consumiu MAIS que o habitual às 12h
2026-07-21 17:20:24 [INFO]      [2mReal:[0m 0.159 m3   [2mHabitual:[0m 0.000 ± 0.010 m3   [2mz:[0m +10.00 (cap)   [2mdesvio:[0m +15900%   [2m(4 obs. fim_semana)[0m
2026-07-21 17:20:24 [INFO] 
2026-07-21 17:20:24 [INFO]   🔴 [91m[1mI21JC029333H[0m
2026-07-21 17:20:24 [INFO]      consumiu MAIS que o habitual às 16h
2026-07-21 17:20:24 [INFO]      [2mReal:[0m 0.243 m3   [2mHabitual:[0m 0.043 ± 0.011 m3   [2mz:[0m +10.00 (cap)   [2mdesvio:[0m +459%   [2m(4 obs. fim_semana)[0m
2026-07-21 17:20:24 [INFO] 
2026-07-21 17:20:24 [INFO]   🔴 [91m[1mI22JC094276N[0m
2026-07-21 17:20:24 [INFO]      consumiu MAIS que o habitual às 19h
2026-07-21 17:20:24 [INFO]      [2mReal:[0m 0.241 m3   [2mHabitual:[0m 0.029 ± 0.010 m3   [2mz:[0m +10.00 (cap)   [2mdesvio:[0m +731%   [2m(2 obs. fim_semana)[0m
2026-07-21 17:20:24 [INFO] 
2026-07-21 17:20:24 [INFO]   🔴 [91m[1mI23JC095867[0m
2026-07-21 17:20:24 [INFO]      consumiu MAIS que o habitual às 08h
2026-07-21 17:20:24 [INFO]      [2mReal:[0m 0.163 m3   [2mHabitual:[0m 0.045 ± 0.011 m3   [2mz:[0m +10.00 (cap)   [2mdesvio:[0m +258%   [2m(4 obs. fim_semana)[0m
2026-07-21 17:20:24 [INFO] 
2026-07-21 17:20:24 [INFO]   🔴 [91m[1mD19BX000041[0m
2026-07-21 17:20:24 [INFO]      consumiu MAIS que o habitual às 09h
2026-07-21 17:20:24 [INFO]      [2mReal:[0m 0.103 m3   [2mHabitual:[0m 0.005 ± 0.010 m3   [2mz:[0m +9.82   [2mdesvio:[0m +2091%   [2m(4 obs. fim_semana)[0m
2026-07-21 17:20:24 [INFO] 
2026-07-21 17:20:24 [INFO]   🔴 [91m[1mI22JC094282L[0m
2026-07-21 17:20:24 [INFO]      consumiu MAIS que o habitual às 16h
2026-07-21 17:20:24 [INFO]      [2mReal:[0m 0.253 m3   [2mHabitual:[0m 0.038 ± 0.024 m3   [2mz:[0m +9.12   [2mdesvio:[0m +566%   [2m(3 obs. fim_semana)[0m
2026-07-21 17:20:24 [INFO] 
2026-07-21 17:20:24 [INFO]   🔴 [91m[1mD19BX000041[0m
2026-07-21 17:20:24 [INFO]      consumiu MAIS que o habitual às 11h
2026-07-21 17:20:24 [INFO]      [2mReal:[0m 0.090 m3   [2mHabitual:[0m 0.005 ± 0.010 m3   [2mz:[0m +8.50   [2mdesvio:[0m +1700%   [2m(4 obs. fim_semana)[0m
2026-07-21 17:20:24 [INFO] 
2026-07-21 17:20:24 [INFO]   🔴 [91m[1mI21JC029635S[0m
2026-07-21 17:20:24 [INFO]      consumiu MAIS que o habitual às 10h
2026-07-21 17:20:24 [INFO]      [2mReal:[0m 0.078 m3   [2mHabitual:[0m 0.000 ± 0.010 m3   [2mz:[0m +7.80   [2mdesvio:[0m +7800%   [2m(4 obs. fim_semana)[0m
2026-07-21 17:20:24 [INFO] 
2026-07-21 17:20:24 [INFO]   🔴 [91m[1mI21JC029635S[0m
2026-07-21 17:20:24 [INFO]      consumiu MAIS que o habitual às 12h
2026-07-21 17:20:24 [INFO]      [2mReal:[0m 0.078 m3   [2mHabitual:[0m 0.000 ± 0.010 m3   [2mz:[0m +7.80   [2mdesvio:[0m +7800%   [2m(4 obs. fim_semana)[0m
2026-07-21 17:20:24 [INFO] 
2026-07-21 17:20:24 [INFO]   🔴 [91m[1mI22JC094282L[0m
2026-07-21 17:20:24 [INFO]      consumiu MAIS que o habitual às 17h
2026-07-21 17:20:24 [INFO]      [2mReal:[0m 0.173 m3   [2mHabitual:[0m 0.042 ± 0.017 m3   [2mz:[0m +7.71   [2mdesvio:[0m +315%   [2m(3 obs. fim_semana)[0m
2026-07-21 17:20:24 [INFO] 
2026-07-21 17:20:24 [INFO]   🔴 [91m[1mI21JC029635S[0m
2026-07-21 17:20:24 [INFO]      consumiu MAIS que o habitual às 09h
2026-07-21 17:20:24 [INFO]      [2mReal:[0m 0.077 m3   [2mHabitual:[0m 0.000 ± 0.010 m3   [2mz:[0m +7.70   [2mdesvio:[0m +7700%   [2m(4 obs. fim_semana)[0m
2026-07-21 17:20:24 [INFO] 
2026-07-21 17:20:24 [INFO]   🔴 [91m[1mI21JC029635S[0m
2026-07-21 17:20:24 [INFO]      consumiu MAIS que o habitual às 11h
2026-07-21 17:20:24 [INFO]      [2mReal:[0m 0.076 m3   [2mHabitual:[0m 0.000 ± 0.010 m3   [2mz:[0m +7.60   [2mdesvio:[0m +7600%   [2m(4 obs. fim_semana)[0m
2026-07-21 17:20:24 [INFO] 
2026-07-21 17:20:24 [INFO]   🔴 [91m[1mD18BX003233[0m
2026-07-21 17:20:24 [INFO]      consumiu MAIS que o habitual às 21h
2026-07-21 17:20:24 [INFO]      [2mReal:[0m 0.074 m3   [2mHabitual:[0m 0.000 ± 0.010 m3   [2mz:[0m +7.40   [2mdesvio:[0m +7400%   [2m(10 obs. fim_semana)[0m
2026-07-21 17:20:24 [INFO] 
2026-07-21 17:20:24 [INFO]   🔴 [91m[1mI21JC029332G[0m
2026-07-21 17:20:24 [INFO]      consumiu MAIS que o habitual às 22h
2026-07-21 17:20:24 [INFO]      [2mReal:[0m 0.225 m3   [2mHabitual:[0m 0.040 ± 0.025 m3   [2mz:[0m +7.27   [2mdesvio:[0m +462%   [2m(2 obs. fim_semana)[0m
2026-07-21 17:20:24 [INFO] 
2026-07-21 17:20:24 [INFO]   🔴 [91m[1mD18BX003233[0m
2026-07-21 17:20:24 [INFO]      consumiu MAIS que o habitual às 22h
2026-07-21 17:20:24 [INFO]      [2mReal:[0m 0.069 m3   [2mHabitual:[0m 0.000 ± 0.010 m3   [2mz:[0m +6.90   [2mdesvio:[0m +6900%   [2m(10 obs. fim_semana)[0m
2026-07-21 17:20:24 [INFO] 
2026-07-21 17:20:24 [INFO]   🔴 [91m[1mI21LA327835[0m
2026-07-21 17:20:24 [INFO]      consumiu MAIS que o habitual às 12h
2026-07-21 17:20:24 [INFO]      [2mReal:[0m 0.066 m3   [2mHabitual:[0m 0.000 ± 0.010 m3   [2mz:[0m +6.60   [2mdesvio:[0m +6600%   [2m(4 obs. fim_semana)[0m
2026-07-21 17:20:24 [INFO] 
2026-07-21 17:20:24 [INFO]   🔴 [91m[1mC18SC002050U[0m
2026-07-21 17:20:24 [INFO]      consumiu MAIS que o habitual às 23h
2026-07-21 17:20:24 [INFO]      [2mReal:[0m 0.415 m3   [2mHabitual:[0m 0.075 ± 0.052 m3   [2mz:[0m +6.50   [2mdesvio:[0m +453%   [2m(2 obs. fim_semana)[0m
2026-07-21 17:20:24 [INFO] 
2026-07-21 17:20:24 [INFO]   🔴 [91m[1mD19BX000041[0m
2026-07-21 17:20:24 [INFO]      consumiu MAIS que o habitual às 10h
2026-07-21 17:20:24 [INFO]      [2mReal:[0m 0.064 m3   [2mHabitual:[0m 0.004 ± 0.010 m3   [2mz:[0m +5.95   [2mdesvio:[0m +1322%   [2m(4 obs. fim_semana)[0m
2026-07-21 17:20:24 [INFO] 
2026-07-21 17:20:24 [INFO]   🔴 [91m[1mC23FC001331N[0m
2026-07-21 17:20:24 [INFO]      consumiu MAIS que o habitual às 06h
2026-07-21 17:20:24 [INFO]      [2mReal:[0m 0.060 m3   [2mHabitual:[0m 0.009 ± 0.010 m3   [2mz:[0m +5.12   [2mdesvio:[0m +582%   [2m(4 obs. fim_semana)[0m
2026-07-21 17:20:24 [INFO] 
2026-07-21 17:20:24 [INFO]   🔴 [91m[1mI22JC094276N[0m
2026-07-21 17:20:24 [INFO]      consumiu MAIS que o habitual às 15h
2026-07-21 17:20:24 [INFO]      [2mReal:[0m 0.076 m3   [2mHabitual:[0m 0.025 ± 0.010 m3   [2mz:[0m +5.10   [2mdesvio:[0m +204%   [2m(2 obs. fim_semana)[0m
2026-07-21 17:20:24 [INFO] 
2026-07-21 17:20:24 [INFO]   🔴 [91m[1mI22JC014373Z[0m
2026-07-21 17:20:24 [INFO]      consumiu MAIS que o habitual às 09h
2026-07-21 17:20:24 [INFO]      [2mReal:[0m 2.056 m3   [2mHabitual:[0m 0.290 ± 0.375 m3   [2mz:[0m +4.71   [2mdesvio:[0m +609%   [2m(2 obs. fim_semana)[0m
2026-07-21 17:20:24 [INFO] 
2026-07-21 17:20:24 [INFO]   🔴 [91m[1mI21JC029335J[0m
2026-07-21 17:20:24 [INFO]      consumiu MAIS que o habitual às 01h
2026-07-21 17:20:24 [INFO]      [2mReal:[0m 0.158 m3   [2mHabitual:[0m 0.032 ± 0.028 m3   [2mz:[0m +4.59   [2mdesvio:[0m +402%   [2m(2 obs. fim_semana)[0m
2026-07-21 17:20:24 [INFO] 
2026-07-21 17:20:24 [INFO]   🔴 [91m[1mI21JC029335J[0m
2026-07-21 17:20:24 [INFO]      consumiu MAIS que o habitual às 13h
2026-07-21 17:20:24 [INFO]      [2mReal:[0m 0.097 m3   [2mHabitual:[0m 0.020 ± 0.018 m3   [2mz:[0m +4.23   [2mdesvio:[0m +385%   [2m(3 obs. fim_semana)[0m
2026-07-21 17:20:24 [INFO] 
2026-07-21 17:20:24 [INFO]   🔴 [91m[1mI22JC094276N[0m
2026-07-21 17:20:24 [INFO]      consumiu MAIS que o habitual às 14h
2026-07-21 17:20:24 [INFO]      [2mReal:[0m 0.216 m3   [2mHabitual:[0m 0.088 ± 0.030 m3   [2mz:[0m +4.19   [2mdesvio:[0m +144%   [2m(2 obs. fim_semana)[0m
2026-07-21 17:20:24 [INFO] 
2026-07-21 17:20:24 [INFO] CSV guardado: C:\Users\anaca\OneDrive\Ambiente de Trabalho\Tese\ts-anomaly-detection-dissertation\results\agua\realtime\alerts\analise_agua_2026-05-09.csv
2026-07-21 17:20:24 [INFO] 
2026-07-21 17:20:24 [INFO] [1m======================================================================[0m
2026-07-21 17:20:24 [INFO] [1m  DETECAO DE ANOMALIAS AGUA - 2026-05-10[0m
2026-07-21 17:20:24 [INFO] [1m======================================================================[0m
2026-07-21 17:20:24 [INFO]   [2mTipo de dia:[0m        fim semana
2026-07-21 17:20:24 [INFO]   [2mFonte:[0m              BAZE
2026-07-21 17:20:24 [INFO]   [2mContadores c/ dados:[0m 417
2026-07-21 17:20:24 [INFO]   [2mPontos contador/hora:[0m 8985
2026-07-21 17:20:24 [INFO]   [2mThreshold:[0m          |z| > 4.0 [2m(adaptativo a este tipo de dia)[0m
2026-07-21 17:20:24 [INFO] 
2026-07-21 17:20:48 [INFO] [1m--- Resumo -------------------------------------[0m
2026-07-21 17:20:48 [INFO]   [92mNormal[0m                  8920 [2m( 99.3%)[0m
2026-07-21 17:20:48 [INFO]   [91mDesvio (alta confianca)[0m   51 [2m(  0.6%)[0m
2026-07-21 17:20:48 [INFO]   [93mDesvio (baixa confianca)[0m  11 [2m(  0.1%)[0m
2026-07-21 17:20:48 [INFO]   [90mSem historico suficiente[0m   3
2026-07-21 17:20:48 [INFO]   [2mTempo: 24.4s[0m
2026-07-21 17:20:48 [INFO] 
2026-07-21 17:20:48 [INFO] [1m--- Desvios de ALTA confianca (51) -------------------[0m
2026-07-21 17:20:48 [INFO] 
2026-07-21 17:20:48 [INFO]   🔴 [91m[1mC17SC007452[0m
2026-07-21 17:20:48 [INFO]      consumiu MAIS que o habitual às 17h
2026-07-21 17:20:48 [INFO]      [2mReal:[0m 4.910 m3   [2mHabitual:[0m 0.000 ± 0.010 m3   [2mz:[0m +10.00 (cap)   [2mdesvio:[0m +491000%   [2m(8 obs. fim_semana)[0m
2026-07-21 17:20:48 [INFO] 
2026-07-21 17:20:48 [INFO]   🔴 [91m[1mC17SC007487[0m
2026-07-21 17:20:48 [INFO]      consumiu MAIS que o habitual às 10h
2026-07-21 17:20:48 [INFO]      [2mReal:[0m 0.136 m3   [2mHabitual:[0m 0.000 ± 0.010 m3   [2mz:[0m +10.00 (cap)   [2mdesvio:[0m +13600%   [2m(6 obs. fim_semana)[0m
2026-07-21 17:20:48 [INFO] 
2026-07-21 17:20:48 [INFO]   🔴 [91m[1mC22FC002164L[0m
2026-07-21 17:20:48 [INFO]      consumiu MAIS que o habitual às 04h
2026-07-21 17:20:48 [INFO]      [2mReal:[0m 0.135 m3   [2mHabitual:[0m 0.018 ± 0.011 m3   [2mz:[0m +10.00 (cap)   [2mdesvio:[0m +654%   [2m(8 obs. fim_semana)[0m
2026-07-21 17:20:48 [INFO] 
2026-07-21 17:20:48 [INFO]   🔴 [91m[1mD11JE109235D[0m
2026-07-21 17:20:48 [INFO]      consumiu MAIS que o habitual às 07h
2026-07-21 17:20:48 [INFO]      [2mReal:[0m 0.810 m3   [2mHabitual:[0m 0.127 ± 0.033 m3   [2mz:[0m +10.00 (cap)   [2mdesvio:[0m +540%   [2m(6 obs. fim_semana)[0m
2026-07-21 17:20:48 [INFO] 
2026-07-21 17:20:48 [INFO]   🔴 [91m[1mD16BX009428[0m
2026-07-21 17:20:48 [INFO]      consumiu MAIS que o habitual às 12h
2026-07-21 17:20:48 [INFO]      [2mReal:[0m 0.931 m3   [2mHabitual:[0m 0.185 ± 0.046 m3   [2mz:[0m +10.00 (cap)   [2mdesvio:[0m +403%   [2m(8 obs. fim_semana)[0m
2026-07-21 17:20:48 [INFO] 
2026-07-21 17:20:48 [INFO]   🔴 [91m[1mD18BX003239[0m
2026-07-21 17:20:48 [INFO]      consumiu MAIS que o habitual às 14h
2026-07-21 17:20:48 [INFO]      [2mReal:[0m 0.535 m3   [2mHabitual:[0m 0.000 ± 0.010 m3   [2mz:[0m +10.00 (cap)   [2mdesvio:[0m +53500%   [2m(7 obs. fim_semana)[0m
2026-07-21 17:20:48 [INFO] 
2026-07-21 17:20:48 [INFO]   🔴 [91m[1mD18BX003239[0m
2026-07-21 17:20:48 [INFO]      consumiu MAIS que o habitual às 15h
2026-07-21 17:20:48 [INFO]      [2mReal:[0m 0.798 m3   [2mHabitual:[0m 0.000 ± 0.010 m3   [2mz:[0m +10.00 (cap)   [2mdesvio:[0m +79800%   [2m(7 obs. fim_semana)[0m
2026-07-21 17:20:48 [INFO] 
2026-07-21 17:20:48 [INFO]   🔴 [91m[1mD18BX003239[0m
2026-07-21 17:20:48 [INFO]      consumiu MAIS que o habitual às 16h
2026-07-21 17:20:48 [INFO]      [2mReal:[0m 0.851 m3   [2mHabitual:[0m 0.009 ± 0.025 m3   [2mz:[0m +10.00 (cap)   [2mdesvio:[0m +9356%   [2m(8 obs. fim_semana)[0m
2026-07-21 17:20:48 [INFO] 
2026-07-21 17:20:48 [INFO]   🔴 [91m[1mD18BX003239[0m
2026-07-21 17:20:48 [INFO]      consumiu MAIS que o habitual às 17h
2026-07-21 17:20:48 [INFO]      [2mReal:[0m 0.834 m3   [2mHabitual:[0m 0.032 ± 0.069 m3   [2mz:[0m +10.00 (cap)   [2mdesvio:[0m +2482%   [2m(8 obs. fim_semana)[0m
2026-07-21 17:20:48 [INFO] 
2026-07-21 17:20:48 [INFO]   🔴 [91m[1mD19BX000041[0m
2026-07-21 17:20:48 [INFO]      consumiu MAIS que o habitual às 01h
2026-07-21 17:20:48 [INFO]      [2mReal:[0m 0.162 m3   [2mHabitual:[0m 0.000 ± 0.010 m3   [2mz:[0m +10.00 (cap)   [2mdesvio:[0m +16200%   [2m(7 obs. fim_semana)[0m
2026-07-21 17:20:48 [INFO] 
2026-07-21 17:20:48 [INFO]   🔴 [91m[1mD19BX000041[0m
2026-07-21 17:20:48 [INFO]      consumiu MAIS que o habitual às 03h
2026-07-21 17:20:48 [INFO]      [2mReal:[0m 0.163 m3   [2mHabitual:[0m 0.000 ± 0.010 m3   [2mz:[0m +10.00 (cap)   [2mdesvio:[0m +16300%   [2m(7 obs. fim_semana)[0m
2026-07-21 17:20:48 [INFO] 
2026-07-21 17:20:48 [INFO]   🔴 [91m[1mD19BX000041[0m
2026-07-21 17:20:48 [INFO]      consumiu MAIS que o habitual às 04h
2026-07-21 17:20:48 [INFO]      [2mReal:[0m 0.129 m3   [2mHabitual:[0m 0.000 ± 0.010 m3   [2mz:[0m +10.00 (cap)   [2mdesvio:[0m +12900%   [2m(6 obs. fim_semana)[0m
2026-07-21 17:20:48 [INFO] 
2026-07-21 17:20:48 [INFO]   🔴 [91m[1mD19BX000041[0m
2026-07-21 17:20:48 [INFO]      consumiu MAIS que o habitual às 05h
2026-07-21 17:20:48 [INFO]      [2mReal:[0m 0.137 m3   [2mHabitual:[0m 0.000 ± 0.010 m3   [2mz:[0m +10.00 (cap)   [2mdesvio:[0m +13700%   [2m(6 obs. fim_semana)[0m
2026-07-21 17:20:48 [INFO] 
2026-07-21 17:20:48 [INFO]   🔴 [91m[1mD19BX000041[0m
2026-07-21 17:20:48 [INFO]      consumiu MAIS que o habitual às 06h
2026-07-21 17:20:48 [INFO]      [2mReal:[0m 0.187 m3   [2mHabitual:[0m 0.001 ± 0.010 m3   [2mz:[0m +10.00 (cap)   [2mdesvio:[0m +15483%   [2m(6 obs. fim_semana)[0m
2026-07-21 17:20:48 [INFO] 
2026-07-21 17:20:48 [INFO]   🔴 [91m[1mD19BX000041[0m
2026-07-21 17:20:48 [INFO]      consumiu MAIS que o habitual às 08h
2026-07-21 17:20:48 [INFO]      [2mReal:[0m 0.198 m3   [2mHabitual:[0m 0.000 ± 0.010 m3   [2mz:[0m +10.00 (cap)   [2mdesvio:[0m +19800%   [2m(5 obs. fim_semana)[0m
2026-07-21 17:20:48 [INFO] 
2026-07-21 17:20:48 [INFO]   🔴 [91m[1mH21OF834752B[0m
2026-07-21 17:20:48 [INFO]      consumiu MAIS que o habitual às 03h
2026-07-21 17:20:48 [INFO]      [2mReal:[0m 8.960 m3   [2mHabitual:[0m 0.458 ± 0.151 m3   [2mz:[0m +10.00 (cap)   [2mdesvio:[0m +1858%   [2m(8 obs. fim_semana)[0m
2026-07-21 17:20:48 [INFO] 
2026-07-21 17:20:48 [INFO]   🔴 [91m[1mI19MF927865[0m
2026-07-21 17:20:48 [INFO]      consumiu MAIS que o habitual às 17h
2026-07-21 17:20:48 [INFO]      [2mReal:[0m 9.840 m3   [2mHabitual:[0m 0.349 ± 0.652 m3   [2mz:[0m +10.00 (cap)   [2mdesvio:[0m +2721%   [2m(8 obs. fim_semana)[0m
2026-07-21 17:20:48 [INFO] 
2026-07-21 17:20:48 [INFO]   🔴 [91m[1mI20JE060959[0m
2026-07-21 17:20:48 [INFO]      consumiu MAIS que o habitual às 03h
2026-07-21 17:20:48 [INFO]      [2mReal:[0m 0.680 m3   [2mHabitual:[0m 0.076 ± 0.019 m3   [2mz:[0m +10.00 (cap)   [2mdesvio:[0m +796%   [2m(7 obs. fim_semana)[0m
2026-07-21 17:20:48 [INFO] 
2026-07-21 17:20:48 [INFO]   🔴 [91m[1mI21JC029153F[0m
2026-07-21 17:20:48 [INFO]      consumiu MAIS que o habitual às 01h
2026-07-21 17:20:48 [INFO]      [2mReal:[0m 3.117 m3   [2mHabitual:[0m 0.000 ± 0.010 m3   [2mz:[0m +10.00 (cap)   [2mdesvio:[0m +311700%   [2m(8 obs. fim_semana)[0m
2026-07-21 17:20:48 [INFO] 
2026-07-21 17:20:48 [INFO]   🔴 [91m[1mI21JC029165J[0m
2026-07-21 17:20:48 [INFO]      consumiu MAIS que o habitual às 01h
2026-07-21 17:20:48 [INFO]      [2mReal:[0m 3.190 m3   [2mHabitual:[0m 0.174 ± 0.043 m3   [2mz:[0m +10.00 (cap)   [2mdesvio:[0m +1735%   [2m(6 obs. fim_semana)[0m
2026-07-21 17:20:48 [INFO] 
2026-07-21 17:20:48 [INFO]   🔴 [91m[1mI21JC029336K[0m
2026-07-21 17:20:48 [INFO]      consumiu MAIS que o habitual às 06h
2026-07-21 17:20:48 [INFO]      [2mReal:[0m 1.004 m3   [2mHabitual:[0m 0.064 ± 0.051 m3   [2mz:[0m +10.00 (cap)   [2mdesvio:[0m +1459%   [2m(5 obs. fim_semana)[0m
2026-07-21 17:20:48 [INFO] 
2026-07-21 17:20:48 [INFO]   🔴 [91m[1mI21JC037660Q[0m
2026-07-21 17:20:48 [INFO]      consumiu MAIS que o habitual às 20h
2026-07-21 17:20:48 [INFO]      [2mReal:[0m 0.360 m3   [2mHabitual:[0m 0.063 ± 0.027 m3   [2mz:[0m +10.00 (cap)   [2mdesvio:[0m +475%   [2m(5 obs. fim_semana)[0m
2026-07-21 17:20:48 [INFO] 
2026-07-21 17:20:48 [INFO]   🔴 [91m[1mI23JC095870[0m
2026-07-21 17:20:48 [INFO]      consumiu MAIS que o habitual às 14h
2026-07-21 17:20:48 [INFO]      [2mReal:[0m 2.569 m3   [2mHabitual:[0m 0.457 ± 0.114 m3   [2mz:[0m +10.00 (cap)   [2mdesvio:[0m +463%   [2m(6 obs. fim_semana)[0m
2026-07-21 17:20:48 [INFO] 
2026-07-21 17:20:48 [INFO]   🔴 [91m[1mI23JC096063T[0m
2026-07-21 17:20:48 [INFO]      consumiu MAIS que o habitual às 00h
2026-07-21 17:20:48 [INFO]      [2mReal:[0m 0.608 m3   [2mHabitual:[0m 0.102 ± 0.040 m3   [2mz:[0m +10.00 (cap)   [2mdesvio:[0m +496%   [2m(7 obs. fim_semana)[0m
2026-07-21 17:20:48 [INFO] 
2026-07-21 17:20:48 [INFO]   🔴 [91m[1mD19BX000041[0m
2026-07-21 17:20:48 [INFO]      consumiu MAIS que o habitual às 02h
2026-07-21 17:20:48 [INFO]      [2mReal:[0m 0.086 m3   [2mHabitual:[0m 0.000 ± 0.010 m3   [2mz:[0m +8.60   [2mdesvio:[0m +8600%   [2m(7 obs. fim_semana)[0m
2026-07-21 17:20:48 [INFO] 
2026-07-21 17:20:48 [INFO]   🔴 [91m[1mI19JC029855[0m
2026-07-21 17:20:48 [INFO]      consumiu MAIS que o habitual às 01h
2026-07-21 17:20:48 [INFO]      [2mReal:[0m 0.099 m3   [2mHabitual:[0m 0.014 ± 0.010 m3   [2mz:[0m +8.48   [2mdesvio:[0m +597%   [2m(5 obs. fim_semana)[0m
2026-07-21 17:20:48 [INFO] 
2026-07-21 17:20:48 [INFO]   🔴 [91m[1mI21JC037659X[0m
2026-07-21 17:20:48 [INFO]      consumiu MAIS que o habitual às 22h
2026-07-21 17:20:48 [INFO]      [2mReal:[0m 0.133 m3   [2mHabitual:[0m 0.018 ± 0.014 m3   [2mz:[0m +8.04   [2mdesvio:[0m +643%   [2m(7 obs. fim_semana)[0m
2026-07-21 17:20:48 [INFO] 
2026-07-21 17:20:48 [INFO]   🔴 [91m[1mD17BA019938[0m
2026-07-21 17:20:48 [INFO]      consumiu MAIS que o habitual às 12h
2026-07-21 17:20:48 [INFO]      [2mReal:[0m 0.090 m3   [2mHabitual:[0m 0.010 ± 0.010 m3   [2mz:[0m +7.98   [2mdesvio:[0m +782%   [2m(5 obs. fim_semana)[0m
2026-07-21 17:20:48 [INFO] 
2026-07-21 17:20:48 [INFO]   🔴 [91m[1mC23FC001333P[0m
2026-07-21 17:20:48 [INFO]      consumiu MAIS que o habitual às 02h
2026-07-21 17:20:48 [INFO]      [2mReal:[0m 0.082 m3   [2mHabitual:[0m 0.005 ± 0.010 m3   [2mz:[0m +7.67   [2mdesvio:[0m +1447%   [2m(8 obs. fim_semana)[0m
2026-07-21 17:20:48 [INFO] 
2026-07-21 17:20:48 [INFO]   🔴 [91m[1mI21JC043489M[0m
2026-07-21 17:20:48 [INFO]      consumiu MAIS que o habitual às 02h
2026-07-21 17:20:48 [INFO]      [2mReal:[0m 0.079 m3   [2mHabitual:[0m 0.005 ± 0.010 m3   [2mz:[0m +7.43   [2mdesvio:[0m +1581%   [2m(7 obs. fim_semana)[0m
2026-07-21 17:20:48 [INFO] 
2026-07-21 17:20:48 [INFO]   🔴 [91m[1mD19BX000041[0m
2026-07-21 17:20:48 [INFO]      consumiu MAIS que o habitual às 16h
2026-07-21 17:20:48 [INFO]      [2mReal:[0m 0.721 m3   [2mHabitual:[0m 0.054 ± 0.091 m3   [2mz:[0m +7.36   [2mdesvio:[0m +1243%   [2m(7 obs. fim_semana)[0m
2026-07-21 17:20:48 [INFO] 
2026-07-21 17:20:48 [INFO]   🔴 [91m[1mI21JC043489M[0m
2026-07-21 17:20:48 [INFO]      consumiu MAIS que o habitual às 01h
2026-07-21 17:20:48 [INFO]      [2mReal:[0m 0.079 m3   [2mHabitual:[0m 0.009 ± 0.010 m3   [2mz:[0m +7.03   [2mdesvio:[0m +808%   [2m(7 obs. fim_semana)[0m
2026-07-21 17:20:48 [INFO] 
2026-07-21 17:20:48 [INFO]   🔴 [91m[1mC18SC002050U[0m
2026-07-21 17:20:48 [INFO]      consumiu MAIS que o habitual às 05h
2026-07-21 17:20:48 [INFO]      [2mReal:[0m 0.070 m3   [2mHabitual:[0m 0.004 ± 0.010 m3   [2mz:[0m +6.65   [2mdesvio:[0m +1900%   [2m(6 obs. fim_semana)[0m
2026-07-21 17:20:48 [INFO] 
2026-07-21 17:20:48 [INFO]   🔴 [91m[1mI19JC065564I[0m
2026-07-21 17:20:48 [INFO]      consumiu MAIS que o habitual às 22h
2026-07-21 17:20:48 [INFO]      [2mReal:[0m 0.155 m3   [2mHabitual:[0m 0.040 ± 0.018 m3   [2mz:[0m +6.47   [2mdesvio:[0m +285%   [2m(7 obs. fim_semana)[0m
2026-07-21 17:20:48 [INFO] 
2026-07-21 17:20:48 [INFO]   🔴 [91m[1mI21JC043488L[0m
2026-07-21 17:20:48 [INFO]      consumiu MAIS que o habitual às 18h
2026-07-21 17:20:48 [INFO]      [2mReal:[0m 0.912 m3   [2mHabitual:[0m 0.156 ± 0.133 m3   [2mz:[0m +5.70   [2mdesvio:[0m +485%   [2m(7 obs. fim_semana)[0m
2026-07-21 17:20:48 [INFO] 
2026-07-21 17:20:48 [INFO]   🔴 [91m[1mI21JC037658W[0m
2026-07-21 17:20:48 [INFO]      consumiu MAIS que o habitual às 10h
2026-07-21 17:20:48 [INFO]      [2mReal:[0m 0.173 m3   [2mHabitual:[0m 0.040 ± 0.024 m3   [2mz:[0m +5.65   [2mdesvio:[0m +331%   [2m(7 obs. fim_semana)[0m
2026-07-21 17:20:48 [INFO] 
2026-07-21 17:20:48 [INFO]   🔴 [91m[1mI21JC043490F[0m
2026-07-21 17:20:48 [INFO]      consumiu MAIS que o habitual às 15h
2026-07-21 17:20:48 [INFO]      [2mReal:[0m 0.157 m3   [2mHabitual:[0m 0.036 ± 0.022 m3   [2mz:[0m +5.55   [2mdesvio:[0m +331%   [2m(8 obs. fim_semana)[0m
2026-07-21 17:20:48 [INFO] 
2026-07-21 17:20:48 [INFO]   🔴 [91m[1mC22FC002164L[0m
2026-07-21 17:20:48 [INFO]      consumiu MAIS que o habitual às 14h
2026-07-21 17:20:48 [INFO]      [2mReal:[0m 0.126 m3   [2mHabitual:[0m 0.051 ± 0.014 m3   [2mz:[0m +5.49   [2mdesvio:[0m +150%   [2m(6 obs. fim_semana)[0m
2026-07-21 17:20:48 [INFO] 
2026-07-21 17:20:48 [INFO]   🔴 [91m[1mI21JC037660Q[0m
2026-07-21 17:20:48 [INFO]      consumiu MAIS que o habitual às 09h
2026-07-21 17:20:48 [INFO]      [2mReal:[0m 0.073 m3   [2mHabitual:[0m 0.018 ± 0.010 m3   [2mz:[0m +5.45   [2mdesvio:[0m +295%   [2m(8 obs. fim_semana)[0m
2026-07-21 17:20:48 [INFO] 
2026-07-21 17:20:48 [INFO]   🔴 [91m[1mC17SC007487[0m
2026-07-21 17:20:48 [INFO]      consumiu MAIS que o habitual às 11h
2026-07-21 17:20:48 [INFO]      [2mReal:[0m 0.054 m3   [2mHabitual:[0m 0.000 ± 0.010 m3   [2mz:[0m +5.40   [2mdesvio:[0m +5400%   [2m(6 obs. fim_semana)[0m
2026-07-21 17:20:48 [INFO] 
2026-07-21 17:20:48 [INFO]   🔴 [91m[1mI19JC029856[0m
2026-07-21 17:20:48 [INFO]      consumiu MAIS que o habitual às 05h
2026-07-21 17:20:48 [INFO]      [2mReal:[0m 6.025 m3   [2mHabitual:[0m 1.150 ± 0.928 m3   [2mz:[0m +5.25   [2mdesvio:[0m +424%   [2m(8 obs. fim_semana)[0m
2026-07-21 17:20:48 [INFO] 
2026-07-21 17:20:48 [INFO]   🔴 [91m[1mD19BX000041[0m
2026-07-21 17:20:48 [INFO]      consumiu MAIS que o habitual às 10h
2026-07-21 17:20:48 [INFO]      [2mReal:[0m 0.155 m3   [2mHabitual:[0m 0.016 ± 0.027 m3   [2mz:[0m +5.09   [2mdesvio:[0m +845%   [2m(5 obs. fim_semana)[0m
2026-07-21 17:20:48 [INFO] 
2026-07-21 17:20:48 [INFO]   🔴 [91m[1mD17BA019938[0m
2026-07-21 17:20:48 [INFO]      consumiu MAIS que o habitual às 11h
2026-07-21 17:20:48 [INFO]      [2mReal:[0m 0.059 m3   [2mHabitual:[0m 0.010 ± 0.010 m3   [2mz:[0m +4.86   [2mdesvio:[0m +467%   [2m(5 obs. fim_semana)[0m
2026-07-21 17:20:48 [INFO] 
2026-07-21 17:20:48 [INFO]   🔴 [91m[1mD01WF051014[0m
2026-07-21 17:20:48 [INFO]      consumiu MAIS que o habitual às 14h
2026-07-21 17:20:48 [INFO]      [2mReal:[0m 2.330 m3   [2mHabitual:[0m 0.825 ± 0.325 m3   [2mz:[0m +4.64   [2mdesvio:[0m +182%   [2m(6 obs. fim_semana)[0m
2026-07-21 17:20:48 [INFO] 
2026-07-21 17:20:48 [INFO]   🔴 [91m[1mI21JC029553R[0m
2026-07-21 17:20:48 [INFO]      consumiu MAIS que o habitual às 09h
2026-07-21 17:20:48 [INFO]      [2mReal:[0m 0.235 m3   [2mHabitual:[0m 0.053 ± 0.040 m3   [2mz:[0m +4.51   [2mdesvio:[0m +340%   [2m(8 obs. fim_semana)[0m
2026-07-21 17:20:48 [INFO] 
2026-07-21 17:20:48 [INFO]   🔴 [91m[1mI23JC095866[0m
2026-07-21 17:20:48 [INFO]      consumiu MAIS que o habitual às 10h
2026-07-21 17:20:48 [INFO]      [2mReal:[0m 0.338 m3   [2mHabitual:[0m 0.142 ± 0.044 m3   [2mz:[0m +4.43   [2mdesvio:[0m +138%   [2m(6 obs. fim_semana)[0m
2026-07-21 17:20:48 [INFO] 
2026-07-21 17:20:48 [INFO]   🔴 [91m[1mI23JC095866[0m
2026-07-21 17:20:48 [INFO]      consumiu MAIS que o habitual às 04h
2026-07-21 17:20:48 [INFO]      [2mReal:[0m 0.073 m3   [2mHabitual:[0m 0.029 ± 0.010 m3   [2mz:[0m +4.34   [2mdesvio:[0m +148%   [2m(5 obs. fim_semana)[0m
2026-07-21 17:20:48 [INFO] 
2026-07-21 17:20:48 [INFO]   🔴 [91m[1mD18BX003239[0m
2026-07-21 17:20:48 [INFO]      consumiu MAIS que o habitual às 18h
2026-07-21 17:20:48 [INFO]      [2mReal:[0m 0.567 m3   [2mHabitual:[0m 0.062 ± 0.118 m3   [2mz:[0m +4.29   [2mdesvio:[0m +812%   [2m(8 obs. fim_semana)[0m
2026-07-21 17:20:48 [INFO] 
2026-07-21 17:20:48 [INFO]   🔴 [91m[1mC17SC007487[0m
2026-07-21 17:20:48 [INFO]      consumiu MAIS que o habitual às 13h
2026-07-21 17:20:48 [INFO]      [2mReal:[0m 0.043 m3   [2mHabitual:[0m 0.000 ± 0.010 m3   [2mz:[0m +4.28   [2mdesvio:[0m +4280%   [2m(6 obs. fim_semana)[0m
2026-07-21 17:20:48 [INFO] 
2026-07-21 17:20:48 [INFO]   🔴 [91m[1mI21JC029118C[0m
2026-07-21 17:20:48 [INFO]      consumiu MAIS que o habitual às 03h
2026-07-21 17:20:48 [INFO]      [2mReal:[0m 0.046 m3   [2mHabitual:[0m 0.004 ± 0.010 m3   [2mz:[0m +4.17   [2mdesvio:[0m +970%   [2m(8 obs. fim_semana)[0m
2026-07-21 17:20:48 [INFO] 
2026-07-21 17:20:48 [INFO]   🔴 [91m[1mI21JC029333H[0m
2026-07-21 17:20:48 [INFO]      consumiu MAIS que o habitual às 21h
2026-07-21 17:20:48 [INFO]      [2mReal:[0m 0.583 m3   [2mHabitual:[0m 0.109 ± 0.115 m3   [2mz:[0m +4.11   [2mdesvio:[0m +436%   [2m(5 obs. fim_semana)[0m
2026-07-21 17:20:48 [INFO] 
2026-07-21 17:20:48 [INFO] [1m[93m--- Desvios de BAIXA confianca (11) ------------------[0m
2026-07-21 17:20:48 [INFO]   [2m(poucos dados historicos - verificar manualmente)[0m
2026-07-21 17:20:48 [INFO] 
2026-07-21 17:20:48 [INFO]   🔴 [91m[1mC18SC002050U[0m
2026-07-21 17:20:48 [INFO]      consumiu MAIS que o habitual às 01h
2026-07-21 17:20:48 [INFO]      [2mReal:[0m 0.168 m3   [2mHabitual:[0m 0.018 ± 0.010 m3   [2mz:[0m +10.00 (cap)   [2mdesvio:[0m +808%   [2m(2 obs. fim_semana)[0m
2026-07-21 17:20:48 [INFO] 
2026-07-21 17:20:48 [INFO]   🔴 [91m[1mC23FC001331N[0m
2026-07-21 17:20:48 [INFO]      consumiu MAIS que o habitual às 00h
2026-07-21 17:20:48 [INFO]      [2mReal:[0m 0.444 m3   [2mHabitual:[0m 0.048 ± 0.033 m3   [2mz:[0m +10.00 (cap)   [2mdesvio:[0m +835%   [2m(2 obs. fim_semana)[0m
2026-07-21 17:20:48 [INFO] 
2026-07-21 17:20:48 [INFO]   🔴 [91m[1mD01TE050163[0m
2026-07-21 17:20:48 [INFO]      consumiu MAIS que o habitual às 11h
2026-07-21 17:20:48 [INFO]      [2mReal:[0m 0.220 m3   [2mHabitual:[0m 0.000 ± 0.010 m3   [2mz:[0m +10.00 (cap)   [2mdesvio:[0m +22000%   [2m(3 obs. fim_semana)[0m
2026-07-21 17:20:48 [INFO] 
2026-07-21 17:20:48 [INFO]   🔴 [91m[1mI19JC065533[0m
2026-07-21 17:20:48 [INFO]      consumiu MAIS que o habitual às 06h
2026-07-21 17:20:48 [INFO]      [2mReal:[0m 0.159 m3   [2mHabitual:[0m 0.000 ± 0.010 m3   [2mz:[0m +10.00 (cap)   [2mdesvio:[0m +15900%   [2m(4 obs. fim_semana)[0m
2026-07-21 17:20:48 [INFO] 
2026-07-21 17:20:48 [INFO]   🔴 [91m[1mI19JC065533[0m
2026-07-21 17:20:48 [INFO]      consumiu MAIS que o habitual às 07h
2026-07-21 17:20:48 [INFO]      [2mReal:[0m 2.766 m3   [2mHabitual:[0m 0.000 ± 0.010 m3   [2mz:[0m +10.00 (cap)   [2mdesvio:[0m +276570%   [2m(4 obs. fim_semana)[0m
2026-07-21 17:20:48 [INFO] 
2026-07-21 17:20:48 [INFO]   🔴 [91m[1mI19JC065533[0m
2026-07-21 17:20:48 [INFO]      consumiu MAIS que o habitual às 08h
2026-07-21 17:20:48 [INFO]      [2mReal:[0m 0.158 m3   [2mHabitual:[0m 0.000 ± 0.010 m3   [2mz:[0m +10.00 (cap)   [2mdesvio:[0m +15800%   [2m(4 obs. fim_semana)[0m
2026-07-21 17:20:48 [INFO] 
2026-07-21 17:20:48 [INFO]   🔴 [91m[1mI21JC029335J[0m
2026-07-21 17:20:48 [INFO]      consumiu MAIS que o habitual às 10h
2026-07-21 17:20:48 [INFO]      [2mReal:[0m 0.214 m3   [2mHabitual:[0m 0.008 ± 0.010 m3   [2mz:[0m +10.00 (cap)   [2mdesvio:[0m +2575%   [2m(4 obs. fim_semana)[0m
2026-07-21 17:20:48 [INFO] 
2026-07-21 17:20:48 [INFO]   🔴 [91m[1mC18SC002050U[0m
2026-07-21 17:20:48 [INFO]      consumiu MAIS que o habitual às 20h
2026-07-21 17:20:48 [INFO]      [2mReal:[0m 0.826 m3   [2mHabitual:[0m 0.122 ± 0.084 m3   [2mz:[0m +8.40   [2mdesvio:[0m +575%   [2m(3 obs. fim_semana)[0m
2026-07-21 17:20:48 [INFO] 
2026-07-21 17:20:48 [INFO]   🔴 [91m[1mD11JE109235D[0m
2026-07-21 17:20:48 [INFO]      consumiu MAIS que o habitual às 19h
2026-07-21 17:20:48 [INFO]      [2mReal:[0m 2.653 m3   [2mHabitual:[0m 0.434 ± 0.361 m3   [2mz:[0m +6.15   [2mdesvio:[0m +511%   [2m(4 obs. fim_semana)[0m
2026-07-21 17:20:48 [INFO] 
2026-07-21 17:20:48 [INFO]   🔴 [91m[1mI19JC029855[0m
2026-07-21 17:20:48 [INFO]      consumiu MAIS que o habitual às 08h
2026-07-21 17:20:48 [INFO]      [2mReal:[0m 0.589 m3   [2mHabitual:[0m 0.087 ± 0.085 m3   [2mz:[0m +5.91   [2mdesvio:[0m +577%   [2m(4 obs. fim_semana)[0m
2026-07-21 17:20:48 [INFO] 
2026-07-21 17:20:48 [INFO]   🔴 [91m[1mI21JC029335J[0m
2026-07-21 17:20:48 [INFO]      consumiu MAIS que o habitual às 20h
2026-07-21 17:20:48 [INFO]      [2mReal:[0m 0.222 m3   [2mHabitual:[0m 0.100 ± 0.025 m3   [2mz:[0m +4.88   [2mdesvio:[0m +122%   [2m(3 obs. fim_semana)[0m
2026-07-21 17:20:48 [INFO] 
2026-07-21 17:20:49 [INFO] CSV guardado: C:\Users\anaca\OneDrive\Ambiente de Trabalho\Tese\ts-anomaly-detection-dissertation\results\agua\realtime\alerts\analise_agua_2026-05-10.csv
2026-07-21 17:20:49 [INFO] 
2026-07-21 17:20:49 [INFO] [1m======================================================================[0m
2026-07-21 17:20:49 [INFO] [1m  DETECAO DE ANOMALIAS AGUA - 2026-05-11[0m
2026-07-21 17:20:49 [INFO] [1m======================================================================[0m
2026-07-21 17:20:49 [INFO]   [2mTipo de dia:[0m        dia util
2026-07-21 17:20:49 [INFO]   [2mFonte:[0m              BAZE
2026-07-21 17:20:49 [INFO]   [2mContadores c/ dados:[0m 416
2026-07-21 17:20:49 [INFO]   [2mPontos contador/hora:[0m 8849
2026-07-21 17:20:49 [INFO]   [2mThreshold:[0m          |z| > 3.5 [2m(adaptativo a este tipo de dia)[0m
2026-07-21 17:20:49 [INFO] 
2026-07-21 17:21:15 [INFO] [1m--- Resumo -------------------------------------[0m
2026-07-21 17:21:15 [INFO]   [92mNormal[0m                  8724 [2m( 98.7%)[0m
2026-07-21 17:21:15 [INFO]   [91mDesvio (alta confianca)[0m  116 [2m(  1.3%)[0m
2026-07-21 17:21:15 [INFO]   [93mDesvio (baixa confianca)[0m   0 [2m(  0.0%)[0m
2026-07-21 17:21:15 [INFO]   [90mSem historico suficiente[0m   9
2026-07-21 17:21:15 [INFO]   [2mTempo: 26.4s[0m
2026-07-21 17:21:15 [INFO] 
2026-07-21 17:21:15 [INFO] [1m--- Desvios de ALTA confianca (116) -------------------[0m
2026-07-21 17:21:15 [INFO] 
2026-07-21 17:21:15 [INFO]   🔴 [91m[1mC18LB000173[0m
2026-07-21 17:21:15 [INFO]      consumiu MAIS que o habitual às 17h
2026-07-21 17:21:15 [INFO]      [2mReal:[0m 0.903 m3   [2mHabitual:[0m 0.119 ± 0.030 m3   [2mz:[0m +10.00 (cap)   [2mdesvio:[0m +658%   [2m(19 obs. dia_util)[0m
2026-07-21 17:21:15 [INFO] 
2026-07-21 17:21:15 [INFO]   🔴 [91m[1mC18SC002113[0m
2026-07-21 17:21:15 [INFO]      consumiu MAIS que o habitual às 12h
2026-07-21 17:21:15 [INFO]      [2mReal:[0m 5.750 m3   [2mHabitual:[0m 1.151 ± 0.288 m3   [2mz:[0m +10.00 (cap)   [2mdesvio:[0m +400%   [2m(18 obs. dia_util)[0m
2026-07-21 17:21:15 [INFO] 
2026-07-21 17:21:15 [INFO]   🔴 [91m[1mD08AC395031B[0m
2026-07-21 17:21:15 [INFO]      consumiu MAIS que o habitual às 03h
2026-07-21 17:21:15 [INFO]      [2mReal:[0m 0.121 m3   [2mHabitual:[0m 0.003 ± 0.010 m3   [2mz:[0m +10.00 (cap)   [2mdesvio:[0m +4740%   [2m(19 obs. dia_util)[0m
2026-07-21 17:21:15 [INFO] 
2026-07-21 17:21:15 [INFO]   🔴 [91m[1mD16XF077374[0m
2026-07-21 17:21:15 [INFO]      consumiu MAIS que o habitual às 13h
2026-07-21 17:21:15 [INFO]      [2mReal:[0m 5.890 m3   [2mHabitual:[0m 1.285 ± 0.321 m3   [2mz:[0m +10.00 (cap)   [2mdesvio:[0m +358%   [2m(19 obs. dia_util)[0m
2026-07-21 17:21:15 [INFO] 
2026-07-21 17:21:15 [INFO]   🔴 [91m[1mD19BX000041[0m
2026-07-21 17:21:15 [INFO]      consumiu MAIS que o habitual às 12h
2026-07-21 17:21:15 [INFO]      [2mReal:[0m 0.450 m3   [2mHabitual:[0m 0.009 ± 0.029 m3   [2mz:[0m +10.00 (cap)   [2mdesvio:[0m +4739%   [2m(17 obs. dia_util)[0m
2026-07-21 17:21:15 [INFO] 
2026-07-21 17:21:15 [INFO]   🔴 [91m[1mD19BX000041[0m
2026-07-21 17:21:15 [INFO]      consumiu MAIS que o habitual às 20h
2026-07-21 17:21:15 [INFO]      [2mReal:[0m 0.693 m3   [2mHabitual:[0m 0.012 ± 0.045 m3   [2mz:[0m +10.00 (cap)   [2mdesvio:[0m +5580%   [2m(15 obs. dia_util)[0m
2026-07-21 17:21:15 [INFO] 
2026-07-21 17:21:15 [INFO]   🔴 [91m[1mH21VA421030G[0m
2026-07-21 17:21:15 [INFO]      consumiu MAIS que o habitual às 22h
2026-07-21 17:21:15 [INFO]      [2mReal:[0m 0.299 m3   [2mHabitual:[0m 0.000 ± 0.010 m3   [2mz:[0m +10.00 (cap)   [2mdesvio:[0m +29900%   [2m(11 obs. dia_util)[0m
2026-07-21 17:21:15 [INFO] 
2026-07-21 17:21:15 [INFO]   🔴 [91m[1mI19JC020003[0m
2026-07-21 17:21:15 [INFO]      consumiu MAIS que o habitual às 02h
2026-07-21 17:21:15 [INFO]      [2mReal:[0m 0.260 m3   [2mHabitual:[0m 0.023 ± 0.018 m3   [2mz:[0m +10.00 (cap)   [2mdesvio:[0m +1016%   [2m(19 obs. dia_util)[0m
2026-07-21 17:21:15 [INFO] 
2026-07-21 17:21:15 [INFO]   🔴 [91m[1mI19JC029877[0m
2026-07-21 17:21:15 [INFO]      consumiu MAIS que o habitual às 09h
2026-07-21 17:21:15 [INFO]      [2mReal:[0m 0.321 m3   [2mHabitual:[0m 0.075 ± 0.021 m3   [2mz:[0m +10.00 (cap)   [2mdesvio:[0m +329%   [2m(19 obs. dia_util)[0m
2026-07-21 17:21:15 [INFO] 
2026-07-21 17:21:15 [INFO]   🔴 [91m[1mI19JC065506[0m
2026-07-21 17:21:15 [INFO]      consumiu MAIS que o habitual às 16h
2026-07-21 17:21:15 [INFO]      [2mReal:[0m 0.473 m3   [2mHabitual:[0m 0.068 ± 0.036 m3   [2mz:[0m +10.00 (cap)   [2mdesvio:[0m +594%   [2m(19 obs. dia_util)[0m
2026-07-21 17:21:15 [INFO] 
2026-07-21 17:21:15 [INFO]   🔴 [91m[1mI19JC065506[0m
2026-07-21 17:21:15 [INFO]      consumiu MAIS que o habitual às 17h
2026-07-21 17:21:15 [INFO]      [2mReal:[0m 1.149 m3   [2mHabitual:[0m 0.081 ± 0.096 m3   [2mz:[0m +10.00 (cap)   [2mdesvio:[0m +1312%   [2m(19 obs. dia_util)[0m
2026-07-21 17:21:15 [INFO] 
2026-07-21 17:21:15 [INFO]   🔴 [91m[1mI19MF927865[0m
2026-07-21 17:21:15 [INFO]      consumiu MAIS que o habitual às 16h
2026-07-21 17:21:15 [INFO]      [2mReal:[0m 1.140 m3   [2mHabitual:[0m 0.009 ± 0.023 m3   [2mz:[0m +10.00 (cap)   [2mdesvio:[0m +12709%   [2m(19 obs. dia_util)[0m
2026-07-21 17:21:15 [INFO] 
2026-07-21 17:21:15 [INFO]   🔴 [91m[1mI21JC029107Z[0m
2026-07-21 17:21:15 [INFO]      consumiu MAIS que o habitual às 17h
2026-07-21 17:21:15 [INFO]      [2mReal:[0m 1.314 m3   [2mHabitual:[0m 0.035 ± 0.115 m3   [2mz:[0m +10.00 (cap)   [2mdesvio:[0m +3612%   [2m(19 obs. dia_util)[0m
2026-07-21 17:21:15 [INFO] 
2026-07-21 17:21:15 [INFO]   🔴 [91m[1mI21JC029107Z[0m
2026-07-21 17:21:15 [INFO]      consumiu MAIS que o habitual às 18h
2026-07-21 17:21:15 [INFO]      [2mReal:[0m 1.315 m3   [2mHabitual:[0m 0.011 ± 0.046 m3   [2mz:[0m +10.00 (cap)   [2mdesvio:[0m +12306%   [2m(19 obs. dia_util)[0m
2026-07-21 17:21:15 [INFO] 
2026-07-21 17:21:15 [INFO]   🔴 [91m[1mI21JC029107Z[0m
2026-07-21 17:21:15 [INFO]      consumiu MAIS que o habitual às 19h
2026-07-21 17:21:15 [INFO]      [2mReal:[0m 1.314 m3   [2mHabitual:[0m 0.011 ± 0.046 m3   [2mz:[0m +10.00 (cap)   [2mdesvio:[0m +12296%   [2m(19 obs. dia_util)[0m
2026-07-21 17:21:15 [INFO] 
2026-07-21 17:21:15 [INFO]   🔴 [91m[1mI21JC029107Z[0m
2026-07-21 17:21:15 [INFO]      consumiu MAIS que o habitual às 21h
2026-07-21 17:21:15 [INFO]      [2mReal:[0m 1.310 m3   [2mHabitual:[0m 0.011 ± 0.046 m3   [2mz:[0m +10.00 (cap)   [2mdesvio:[0m +12376%   [2m(19 obs. dia_util)[0m
2026-07-21 17:21:15 [INFO] 
2026-07-21 17:21:15 [INFO]   🔴 [91m[1mI21JC029107Z[0m
2026-07-21 17:21:15 [INFO]      consumiu MAIS que o habitual às 22h
2026-07-21 17:21:15 [INFO]      [2mReal:[0m 1.309 m3   [2mHabitual:[0m 0.011 ± 0.046 m3   [2mz:[0m +10.00 (cap)   [2mdesvio:[0m +12367%   [2m(19 obs. dia_util)[0m
2026-07-21 17:21:15 [INFO] 
2026-07-21 17:21:15 [INFO]   🔴 [91m[1mI21JC029107Z[0m
2026-07-21 17:21:15 [INFO]      consumiu MAIS que o habitual às 23h
2026-07-21 17:21:15 [INFO]      [2mReal:[0m 1.311 m3   [2mHabitual:[0m 0.011 ± 0.047 m3   [2mz:[0m +10.00 (cap)   [2mdesvio:[0m +11711%   [2m(18 obs. dia_util)[0m
2026-07-21 17:21:15 [INFO] 
2026-07-21 17:21:15 [INFO]   🔴 [91m[1mI21JC029165J[0m
2026-07-21 17:21:15 [INFO]      consumiu MAIS que o habitual às 13h
2026-07-21 17:21:15 [INFO]      [2mReal:[0m 0.962 m3   [2mHabitual:[0m 0.171 ± 0.043 m3   [2mz:[0m +10.00 (cap)   [2mdesvio:[0m +464%   [2m(12 obs. dia_util)[0m
2026-07-21 17:21:15 [INFO] 
2026-07-21 17:21:15 [INFO]   🔴 [91m[1mI21JC037657V[0m
2026-07-21 17:21:15 [INFO]      consumiu MAIS que o habitual às 16h
2026-07-21 17:21:15 [INFO]      [2mReal:[0m 0.354 m3   [2mHabitual:[0m 0.047 ± 0.026 m3   [2mz:[0m +10.00 (cap)   [2mdesvio:[0m +650%   [2m(17 obs. dia_util)[0m
2026-07-21 17:21:15 [INFO] 
2026-07-21 17:21:15 [INFO]   🔴 [91m[1mI21JC043488L[0m
2026-07-21 17:21:15 [INFO]      consumiu MAIS que o habitual às 10h
2026-07-21 17:21:15 [INFO]      [2mReal:[0m 0.602 m3   [2mHabitual:[0m 0.095 ± 0.047 m3   [2mz:[0m +10.00 (cap)   [2mdesvio:[0m +536%   [2m(16 obs. dia_util)[0m
2026-07-21 17:21:15 [INFO] 
2026-07-21 17:21:15 [INFO]   🔴 [91m[1mI22JC094282L[0m
2026-07-21 17:21:15 [INFO]      consumiu MAIS que o habitual às 20h
2026-07-21 17:21:15 [INFO]      [2mReal:[0m 2.207 m3   [2mHabitual:[0m 0.155 ± 0.071 m3   [2mz:[0m +10.00 (cap)   [2mdesvio:[0m +1328%   [2m(13 obs. dia_util)[0m
2026-07-21 17:21:15 [INFO] 
2026-07-21 17:21:15 [INFO]   🔴 [91m[1mI22JC094284N[0m
2026-07-21 17:21:15 [INFO]      consumiu MAIS que o habitual às 15h
2026-07-21 17:21:15 [INFO]      [2mReal:[0m 0.233 m3   [2mHabitual:[0m 0.000 ± 0.010 m3   [2mz:[0m +10.00 (cap)   [2mdesvio:[0m +23300%   [2m(19 obs. dia_util)[0m
2026-07-21 17:21:15 [INFO] 
2026-07-21 17:21:15 [INFO]   🔴 [91m[1mH21VA420783K[0m
2026-07-21 17:21:15 [INFO]      consumiu MAIS que o habitual às 08h
2026-07-21 17:21:15 [INFO]      [2mReal:[0m 0.265 m3   [2mHabitual:[0m 0.035 ± 0.023 m3   [2mz:[0m +9.91   [2mdesvio:[0m +651%   [2m(19 obs. dia_util)[0m
2026-07-21 17:21:15 [INFO] 
2026-07-21 17:21:15 [INFO]   🔴 [91m[1mI23JC095961O[0m
2026-07-21 17:21:15 [INFO]      consumiu MAIS que o habitual às 16h
2026-07-21 17:21:15 [INFO]      [2mReal:[0m 4.873 m3   [2mHabitual:[0m 0.637 ± 0.431 m3   [2mz:[0m +9.83   [2mdesvio:[0m +665%   [2m(16 obs. dia_util)[0m
2026-07-21 17:21:15 [INFO] 
2026-07-21 17:21:15 [INFO]   🔴 [91m[1mI23JC095866[0m
2026-07-21 17:21:15 [INFO]      consumiu MAIS que o habitual às 09h
2026-07-21 17:21:15 [INFO]      [2mReal:[0m 0.271 m3   [2mHabitual:[0m 0.078 ± 0.020 m3   [2mz:[0m +9.59   [2mdesvio:[0m +249%   [2m(16 obs. dia_util)[0m
2026-07-21 17:21:15 [INFO] 
2026-07-21 17:21:15 [INFO]   🔴 [91m[1mI23JC095961O[0m
2026-07-21 17:21:15 [INFO]      consumiu MAIS que o habitual às 17h
2026-07-21 17:21:15 [INFO]      [2mReal:[0m 2.435 m3   [2mHabitual:[0m 0.381 ± 0.222 m3   [2mz:[0m +9.27   [2mdesvio:[0m +539%   [2m(16 obs. dia_util)[0m
2026-07-21 17:21:15 [INFO] 
2026-07-21 17:21:15 [INFO]   🔴 [91m[1mI21JC029635S[0m
2026-07-21 17:21:15 [INFO]      consumiu MAIS que o habitual às 00h
2026-07-21 17:21:15 [INFO]      [2mReal:[0m 0.082 m3   [2mHabitual:[0m 0.000 ± 0.010 m3   [2mz:[0m +8.20   [2mdesvio:[0m +8200%   [2m(15 obs. dia_util)[0m
2026-07-21 17:21:15 [INFO] 
2026-07-21 17:21:15 [INFO]   🔴 [91m[1mI21JC029635S[0m
2026-07-21 17:21:15 [INFO]      consumiu MAIS que o habitual às 01h
2026-07-21 17:21:15 [INFO]      [2mReal:[0m 0.082 m3   [2mHabitual:[0m 0.000 ± 0.010 m3   [2mz:[0m +8.20   [2mdesvio:[0m +8200%   [2m(16 obs. dia_util)[0m
2026-07-21 17:21:15 [INFO] 
2026-07-21 17:21:15 [INFO]   🔴 [91m[1mI21JC029635S[0m
2026-07-21 17:21:15 [INFO]      consumiu MAIS que o habitual às 02h
2026-07-21 17:21:15 [INFO]      [2mReal:[0m 0.082 m3   [2mHabitual:[0m 0.000 ± 0.010 m3   [2mz:[0m +8.20   [2mdesvio:[0m +8200%   [2m(16 obs. dia_util)[0m
2026-07-21 17:21:15 [INFO] 
2026-07-21 17:21:15 [INFO]   🔴 [91m[1mI21JC029635S[0m
2026-07-21 17:21:15 [INFO]      consumiu MAIS que o habitual às 04h
2026-07-21 17:21:15 [INFO]      [2mReal:[0m 0.082 m3   [2mHabitual:[0m 0.000 ± 0.010 m3   [2mz:[0m +8.20   [2mdesvio:[0m +8200%   [2m(16 obs. dia_util)[0m
2026-07-21 17:21:15 [INFO] 
2026-07-21 17:21:15 [INFO]   🔴 [91m[1mI21JC029635S[0m
2026-07-21 17:21:15 [INFO]      consumiu MAIS que o habitual às 07h
2026-07-21 17:21:15 [INFO]      [2mReal:[0m 0.082 m3   [2mHabitual:[0m 0.000 ± 0.010 m3   [2mz:[0m +8.20   [2mdesvio:[0m +8200%   [2m(16 obs. dia_util)[0m
2026-07-21 17:21:15 [INFO] 
2026-07-21 17:21:15 [INFO]   🔴 [91m[1mI21JC029635S[0m
2026-07-21 17:21:15 [INFO]      consumiu MAIS que o habitual às 08h
2026-07-21 17:21:15 [INFO]      [2mReal:[0m 0.082 m3   [2mHabitual:[0m 0.000 ± 0.010 m3   [2mz:[0m +8.20   [2mdesvio:[0m +8200%   [2m(16 obs. dia_util)[0m
2026-07-21 17:21:15 [INFO] 
2026-07-21 17:21:15 [INFO]   🔴 [91m[1mI21JC029635S[0m
2026-07-21 17:21:15 [INFO]      consumiu MAIS que o habitual às 10h
2026-07-21 17:21:15 [INFO]      [2mReal:[0m 0.082 m3   [2mHabitual:[0m 0.000 ± 0.010 m3   [2mz:[0m +8.20   [2mdesvio:[0m +8200%   [2m(16 obs. dia_util)[0m
2026-07-21 17:21:15 [INFO] 
2026-07-21 17:21:15 [INFO]   🔴 [91m[1mI21JC029635S[0m
2026-07-21 17:21:15 [INFO]      consumiu MAIS que o habitual às 12h
2026-07-21 17:21:15 [INFO]      [2mReal:[0m 0.082 m3   [2mHabitual:[0m 0.000 ± 0.010 m3   [2mz:[0m +8.20   [2mdesvio:[0m +8200%   [2m(16 obs. dia_util)[0m
2026-07-21 17:21:15 [INFO] 
2026-07-21 17:21:15 [INFO]   🔴 [91m[1mI21JC029635S[0m
2026-07-21 17:21:15 [INFO]      consumiu MAIS que o habitual às 13h
2026-07-21 17:21:15 [INFO]      [2mReal:[0m 0.082 m3   [2mHabitual:[0m 0.000 ± 0.010 m3   [2mz:[0m +8.20   [2mdesvio:[0m +8200%   [2m(16 obs. dia_util)[0m
2026-07-21 17:21:15 [INFO] 
2026-07-21 17:21:15 [INFO]   🔴 [91m[1mI21JC029635S[0m
2026-07-21 17:21:15 [INFO]      consumiu MAIS que o habitual às 16h
2026-07-21 17:21:15 [INFO]      [2mReal:[0m 0.082 m3   [2mHabitual:[0m 0.000 ± 0.010 m3   [2mz:[0m +8.20   [2mdesvio:[0m +8200%   [2m(16 obs. dia_util)[0m
2026-07-21 17:21:15 [INFO] 
2026-07-21 17:21:15 [INFO]   🔴 [91m[1mI21JC029635S[0m
2026-07-21 17:21:15 [INFO]      consumiu MAIS que o habitual às 17h
2026-07-21 17:21:15 [INFO]      [2mReal:[0m 0.082 m3   [2mHabitual:[0m 0.000 ± 0.010 m3   [2mz:[0m +8.20   [2mdesvio:[0m +8200%   [2m(16 obs. dia_util)[0m
2026-07-21 17:21:15 [INFO] 
2026-07-21 17:21:15 [INFO]   🔴 [91m[1mI21JC029635S[0m
2026-07-21 17:21:15 [INFO]      consumiu MAIS que o habitual às 09h
2026-07-21 17:21:15 [INFO]      [2mReal:[0m 0.082 m3   [2mHabitual:[0m 0.001 ± 0.010 m3   [2mz:[0m +8.12   [2mdesvio:[0m +8120%   [2m(16 obs. dia_util)[0m
2026-07-21 17:21:15 [INFO] 
2026-07-21 17:21:15 [INFO]   🔴 [91m[1mI17JE060876[0m
2026-07-21 17:21:15 [INFO]      consumiu MAIS que o habitual às 17h
2026-07-21 17:21:15 [INFO]      [2mReal:[0m 0.268 m3   [2mHabitual:[0m 0.081 ± 0.023 m3   [2mz:[0m +8.11   [2mdesvio:[0m +230%   [2m(19 obs. dia_util)[0m
2026-07-21 17:21:15 [INFO] 
2026-07-21 17:21:15 [INFO]   🔴 [91m[1mI21JC029635S[0m
2026-07-21 17:21:15 [INFO]      consumiu MAIS que o habitual às 03h
2026-07-21 17:21:15 [INFO]      [2mReal:[0m 0.081 m3   [2mHabitual:[0m 0.000 ± 0.010 m3   [2mz:[0m +8.10   [2mdesvio:[0m +8100%   [2m(16 obs. dia_util)[0m
2026-07-21 17:21:15 [INFO] 
2026-07-21 17:21:15 [INFO]   🔴 [91m[1mI21JC029635S[0m
2026-07-21 17:21:15 [INFO]      consumiu MAIS que o habitual às 05h
2026-07-21 17:21:15 [INFO]      [2mReal:[0m 0.081 m3   [2mHabitual:[0m 0.000 ± 0.010 m3   [2mz:[0m +8.10   [2mdesvio:[0m +8100%   [2m(16 obs. dia_util)[0m
2026-07-21 17:21:15 [INFO] 
2026-07-21 17:21:15 [INFO]   🔴 [91m[1mI21JC029635S[0m
2026-07-21 17:21:15 [INFO]      consumiu MAIS que o habitual às 06h
2026-07-21 17:21:15 [INFO]      [2mReal:[0m 0.081 m3   [2mHabitual:[0m 0.000 ± 0.010 m3   [2mz:[0m +8.10   [2mdesvio:[0m +8100%   [2m(16 obs. dia_util)[0m
2026-07-21 17:21:15 [INFO] 
2026-07-21 17:21:15 [INFO]   🔴 [91m[1mI21JC029635S[0m
2026-07-21 17:21:15 [INFO]      consumiu MAIS que o habitual às 11h
2026-07-21 17:21:15 [INFO]      [2mReal:[0m 0.081 m3   [2mHabitual:[0m 0.000 ± 0.010 m3   [2mz:[0m +8.10   [2mdesvio:[0m +8100%   [2m(16 obs. dia_util)[0m
2026-07-21 17:21:15 [INFO] 
2026-07-21 17:21:15 [INFO]   🔴 [91m[1mI21JC029635S[0m
2026-07-21 17:21:15 [INFO]      consumiu MAIS que o habitual às 15h
2026-07-21 17:21:15 [INFO]      [2mReal:[0m 0.081 m3   [2mHabitual:[0m 0.000 ± 0.010 m3   [2mz:[0m +8.10   [2mdesvio:[0m +8100%   [2m(16 obs. dia_util)[0m
2026-07-21 17:21:15 [INFO] 
2026-07-21 17:21:15 [INFO]   🔴 [91m[1mI21JC029635S[0m
2026-07-21 17:21:15 [INFO]      consumiu MAIS que o habitual às 18h
2026-07-21 17:21:15 [INFO]      [2mReal:[0m 0.081 m3   [2mHabitual:[0m 0.001 ± 0.010 m3   [2mz:[0m +8.01   [2mdesvio:[0m +8010%   [2m(16 obs. dia_util)[0m
2026-07-21 17:21:15 [INFO] 
2026-07-21 17:21:15 [INFO]   🔴 [91m[1mI21JC029134C[0m
2026-07-21 17:21:15 [INFO]      consumiu MAIS que o habitual às 10h
2026-07-21 17:21:15 [INFO]      [2mReal:[0m 2.999 m3   [2mHabitual:[0m 0.820 ± 0.295 m3   [2mz:[0m +7.38   [2mdesvio:[0m +266%   [2m(19 obs. dia_util)[0m
2026-07-21 17:21:15 [INFO] 
2026-07-21 17:21:15 [INFO]   🔴 [91m[1mI23JC095961O[0m
2026-07-21 17:21:15 [INFO]      consumiu MAIS que o habitual às 15h
2026-07-21 17:21:15 [INFO]      [2mReal:[0m 4.001 m3   [2mHabitual:[0m 0.724 ± 0.454 m3   [2mz:[0m +7.22   [2mdesvio:[0m +453%   [2m(16 obs. dia_util)[0m
2026-07-21 17:21:15 [INFO] 
2026-07-21 17:21:15 [INFO]   🔴 [91m[1mI21JC029635S[0m
2026-07-21 17:21:15 [INFO]      consumiu MAIS que o habitual às 19h
2026-07-21 17:21:15 [INFO]      [2mReal:[0m 0.082 m3   [2mHabitual:[0m 0.003 ± 0.011 m3   [2mz:[0m +7.20   [2mdesvio:[0m +2937%   [2m(16 obs. dia_util)[0m
2026-07-21 17:21:15 [INFO] 
2026-07-21 17:21:15 [INFO]   🔴 [91m[1mD11JE109235D[0m
2026-07-21 17:21:15 [INFO]      consumiu MAIS que o habitual às 09h
2026-07-21 17:21:15 [INFO]      [2mReal:[0m 0.694 m3   [2mHabitual:[0m 0.159 ± 0.075 m3   [2mz:[0m +7.17   [2mdesvio:[0m +337%   [2m(14 obs. dia_util)[0m
2026-07-21 17:21:15 [INFO] 
2026-07-21 17:21:15 [INFO]   🔴 [91m[1mI22JC094273K[0m
2026-07-21 17:21:15 [INFO]      consumiu MAIS que o habitual às 21h
2026-07-21 17:21:15 [INFO]      [2mReal:[0m 2.070 m3   [2mHabitual:[0m 0.437 ± 0.233 m3   [2mz:[0m +7.02   [2mdesvio:[0m +373%   [2m(18 obs. dia_util)[0m
2026-07-21 17:21:15 [INFO] 
2026-07-21 17:21:15 [INFO]   🔴 [91m[1mI21JC029332G[0m
2026-07-21 17:21:15 [INFO]      consumiu MAIS que o habitual às 08h
2026-07-21 17:21:15 [INFO]      [2mReal:[0m 0.175 m3   [2mHabitual:[0m 0.055 ± 0.018 m3   [2mz:[0m +6.70   [2mdesvio:[0m +216%   [2m(8 obs. dia_util)[0m
2026-07-21 17:21:15 [INFO] 
2026-07-21 17:21:15 [INFO]   🔴 [91m[1mI22JC094286P[0m
2026-07-21 17:21:15 [INFO]      consumiu MAIS que o habitual às 02h
2026-07-21 17:21:15 [INFO]      [2mReal:[0m 0.116 m3   [2mHabitual:[0m 0.018 ± 0.015 m3   [2mz:[0m +6.34   [2mdesvio:[0m +555%   [2m(18 obs. dia_util)[0m
2026-07-21 17:21:15 [INFO] 
2026-07-21 17:21:15 [INFO]   🔴 [91m[1mC18SC005963M[0m
2026-07-21 17:21:15 [INFO]      consumiu MAIS que o habitual às 05h
2026-07-21 17:21:15 [INFO]      [2mReal:[0m 0.079 m3   [2mHabitual:[0m 0.020 ± 0.010 m3   [2mz:[0m +5.92   [2mdesvio:[0m +299%   [2m(12 obs. dia_util)[0m
2026-07-21 17:21:15 [INFO] 
2026-07-21 17:21:15 [INFO]   🔴 [91m[1mI19JC065533[0m
2026-07-21 17:21:15 [INFO]      consumiu MAIS que o habitual às 17h
2026-07-21 17:21:15 [INFO]      [2mReal:[0m 8.516 m3   [2mHabitual:[0m 0.809 ± 1.330 m3   [2mz:[0m +5.80   [2mdesvio:[0m +953%   [2m(14 obs. dia_util)[0m
2026-07-21 17:21:15 [INFO] 
2026-07-21 17:21:15 [INFO]   🔴 [91m[1mI21JC029328K[0m
2026-07-21 17:21:15 [INFO]      consumiu MAIS que o habitual às 13h
2026-07-21 17:21:15 [INFO]      [2mReal:[0m 0.117 m3   [2mHabitual:[0m 0.048 ± 0.012 m3   [2mz:[0m +5.80   [2mdesvio:[0m +145%   [2m(15 obs. dia_util)[0m
2026-07-21 17:21:15 [INFO] 
2026-07-21 17:21:15 [INFO]   🔴 [91m[1mI21JC037660Q[0m
2026-07-21 17:21:15 [INFO]      consumiu MAIS que o habitual às 17h
2026-07-21 17:21:15 [INFO]      [2mReal:[0m 0.174 m3   [2mHabitual:[0m 0.035 ± 0.024 m3   [2mz:[0m +5.75   [2mdesvio:[0m +400%   [2m(17 obs. dia_util)[0m
2026-07-21 17:21:15 [INFO] 
2026-07-21 17:21:15 [INFO]   🔴 [91m[1mI21JC029134C[0m
2026-07-21 17:21:15 [INFO]      consumiu MAIS que o habitual às 11h
2026-07-21 17:21:15 [INFO]      [2mReal:[0m 3.409 m3   [2mHabitual:[0m 1.221 ± 0.385 m3   [2mz:[0m +5.69   [2mdesvio:[0m +179%   [2m(19 obs. dia_util)[0m
2026-07-21 17:21:15 [INFO] 
2026-07-21 17:21:15 [INFO]   🔴 [91m[1mD08AC357150V[0m
2026-07-21 17:21:15 [INFO]      consumiu MAIS que o habitual às 16h
2026-07-21 17:21:15 [INFO]      [2mReal:[0m 0.318 m3   [2mHabitual:[0m 0.050 ± 0.047 m3   [2mz:[0m +5.65   [2mdesvio:[0m +535%   [2m(10 obs. dia_util)[0m
2026-07-21 17:21:15 [INFO] 
2026-07-21 17:21:15 [INFO]   🔴 [91m[1mI19JC065537[0m
2026-07-21 17:21:15 [INFO]      consumiu MAIS que o habitual às 15h
2026-07-21 17:21:15 [INFO]      [2mReal:[0m 0.064 m3   [2mHabitual:[0m 0.008 ± 0.010 m3   [2mz:[0m +5.64   [2mdesvio:[0m +742%   [2m(19 obs. dia_util)[0m
2026-07-21 17:21:15 [INFO] 
2026-07-21 17:21:15 [INFO]   🔴 [91m[1mI21JC029328K[0m
2026-07-21 17:21:15 [INFO]      consumiu MAIS que o habitual às 11h
2026-07-21 17:21:15 [INFO]      [2mReal:[0m 0.114 m3   [2mHabitual:[0m 0.048 ± 0.012 m3   [2mz:[0m +5.55   [2mdesvio:[0m +139%   [2m(15 obs. dia_util)[0m
2026-07-21 17:21:15 [INFO] 
2026-07-21 17:21:15 [INFO]   🔴 [91m[1mD19BX000041[0m
2026-07-21 17:21:15 [INFO]      consumiu MAIS que o habitual às 15h
2026-07-21 17:21:15 [INFO]      [2mReal:[0m 0.151 m3   [2mHabitual:[0m 0.010 ± 0.026 m3   [2mz:[0m +5.50   [2mdesvio:[0m +1473%   [2m(17 obs. dia_util)[0m
2026-07-21 17:21:15 [INFO] 
2026-07-21 17:21:15 [INFO]   🔴 [91m[1mI23JC095866[0m
2026-07-21 17:21:15 [INFO]      consumiu MAIS que o habitual às 10h
2026-07-21 17:21:15 [INFO]      [2mReal:[0m 0.274 m3   [2mHabitual:[0m 0.097 ± 0.033 m3   [2mz:[0m +5.36   [2mdesvio:[0m +182%   [2m(16 obs. dia_util)[0m
2026-07-21 17:21:15 [INFO] 
2026-07-21 17:21:15 [INFO]   🔴 [91m[1mI17JE096914[0m
2026-07-21 17:21:15 [INFO]      consumiu MAIS que o habitual às 19h
2026-07-21 17:21:15 [INFO]      [2mReal:[0m 0.058 m3   [2mHabitual:[0m 0.004 ± 0.010 m3   [2mz:[0m +5.35   [2mdesvio:[0m +1189%   [2m(17 obs. dia_util)[0m
2026-07-21 17:21:15 [INFO] 
2026-07-21 17:21:15 [INFO]   🔴 [91m[1mI22JC094286P[0m
2026-07-21 17:21:15 [INFO]      consumiu MAIS que o habitual às 17h
2026-07-21 17:21:15 [INFO]      [2mReal:[0m 0.338 m3   [2mHabitual:[0m 0.101 ± 0.044 m3   [2mz:[0m +5.34   [2mdesvio:[0m +236%   [2m(14 obs. dia_util)[0m
2026-07-21 17:21:15 [INFO] 
2026-07-21 17:21:15 [INFO]   🔴 [91m[1mI21JC029325H[0m
2026-07-21 17:21:15 [INFO]      consumiu MAIS que o habitual às 06h
2026-07-21 17:21:15 [INFO]      [2mReal:[0m 0.081 m3   [2mHabitual:[0m 0.028 ± 0.010 m3   [2mz:[0m +5.31   [2mdesvio:[0m +190%   [2m(18 obs. dia_util)[0m
2026-07-21 17:21:15 [INFO] 
2026-07-21 17:21:15 [INFO]   🔴 [91m[1mI22JC094278P[0m
2026-07-21 17:21:15 [INFO]      consumiu MAIS que o habitual às 16h
2026-07-21 17:21:15 [INFO]      [2mReal:[0m 0.467 m3   [2mHabitual:[0m 0.081 ± 0.074 m3   [2mz:[0m +5.24   [2mdesvio:[0m +477%   [2m(18 obs. dia_util)[0m
2026-07-21 17:21:15 [INFO] 
2026-07-21 17:21:15 [INFO]   🔴 [91m[1mI21JC043496L[0m
2026-07-21 17:21:15 [INFO]      consumiu MAIS que o habitual às 11h
2026-07-21 17:21:15 [INFO]      [2mReal:[0m 0.056 m3   [2mHabitual:[0m 0.004 ± 0.010 m3   [2mz:[0m +5.17   [2mdesvio:[0m +1202%   [2m(19 obs. dia_util)[0m
2026-07-21 17:21:15 [INFO] 
2026-07-21 17:21:15 [INFO]   🔴 [91m[1mI21JC029328K[0m
2026-07-21 17:21:15 [INFO]      consumiu MAIS que o habitual às 03h
2026-07-21 17:21:15 [INFO]      [2mReal:[0m 0.107 m3   [2mHabitual:[0m 0.045 ± 0.012 m3   [2mz:[0m +5.14   [2mdesvio:[0m +139%   [2m(19 obs. dia_util)[0m
2026-07-21 17:21:15 [INFO] 
2026-07-21 17:21:15 [INFO]   🔴 [91m[1mD17BA019938[0m
2026-07-21 17:21:15 [INFO]      consumiu MAIS que o habitual às 14h
2026-07-21 17:21:15 [INFO]      [2mReal:[0m 0.224 m3   [2mHabitual:[0m 0.039 ± 0.036 m3   [2mz:[0m +5.12   [2mdesvio:[0m +470%   [2m(16 obs. dia_util)[0m
2026-07-21 17:21:15 [INFO] 
2026-07-21 17:21:15 [INFO]   🔴 [91m[1mI21JC029328K[0m
2026-07-21 17:21:15 [INFO]      consumiu MAIS que o habitual às 05h
2026-07-21 17:21:15 [INFO]      [2mReal:[0m 0.106 m3   [2mHabitual:[0m 0.045 ± 0.012 m3   [2mz:[0m +5.08   [2mdesvio:[0m +133%   [2m(19 obs. dia_util)[0m
2026-07-21 17:21:15 [INFO] 
2026-07-21 17:21:15 [INFO]   🔴 [91m[1mI21JC029328K[0m
2026-07-21 17:21:15 [INFO]      consumiu MAIS que o habitual às 04h
2026-07-21 17:21:15 [INFO]      [2mReal:[0m 0.107 m3   [2mHabitual:[0m 0.045 ± 0.012 m3   [2mz:[0m +5.07   [2mdesvio:[0m +138%   [2m(19 obs. dia_util)[0m
2026-07-21 17:21:15 [INFO] 
2026-07-21 17:21:15 [INFO]   🔴 [91m[1mI21JC029328K[0m
2026-07-21 17:21:15 [INFO]      consumiu MAIS que o habitual às 06h
2026-07-21 17:21:15 [INFO]      [2mReal:[0m 0.108 m3   [2mHabitual:[0m 0.047 ± 0.012 m3   [2mz:[0m +5.07   [2mdesvio:[0m +130%   [2m(18 obs. dia_util)[0m
2026-07-21 17:21:15 [INFO] 
2026-07-21 17:21:15 [INFO]   🔴 [91m[1mI20JE060957[0m
2026-07-21 17:21:15 [INFO]      consumiu MAIS que o habitual às 15h
2026-07-21 17:21:15 [INFO]      [2mReal:[0m 0.303 m3   [2mHabitual:[0m 0.093 ± 0.042 m3   [2mz:[0m +5.03   [2mdesvio:[0m +227%   [2m(19 obs. dia_util)[0m
2026-07-21 17:21:15 [INFO] 
2026-07-21 17:21:15 [INFO]   🔴 [91m[1mI21JC029328K[0m
2026-07-21 17:21:15 [INFO]      consumiu MAIS que o habitual às 17h
2026-07-21 17:21:15 [INFO]      [2mReal:[0m 0.115 m3   [2mHabitual:[0m 0.051 ± 0.013 m3   [2mz:[0m +5.03   [2mdesvio:[0m +128%   [2m(19 obs. dia_util)[0m
2026-07-21 17:21:15 [INFO] 
2026-07-21 17:21:15 [INFO]   🔴 [91m[1mI21JC029328K[0m
2026-07-21 17:21:15 [INFO]      consumiu MAIS que o habitual às 16h
2026-07-21 17:21:15 [INFO]      [2mReal:[0m 0.115 m3   [2mHabitual:[0m 0.050 ± 0.013 m3   [2mz:[0m +5.02   [2mdesvio:[0m +129%   [2m(19 obs. dia_util)[0m
2026-07-21 17:21:15 [INFO] 
2026-07-21 17:21:15 [INFO]   🔴 [91m[1mI21JC029328K[0m
2026-07-21 17:21:15 [INFO]      consumiu MAIS que o habitual às 07h
2026-07-21 17:21:15 [INFO]      [2mReal:[0m 0.108 m3   [2mHabitual:[0m 0.048 ± 0.012 m3   [2mz:[0m +4.98   [2mdesvio:[0m +125%   [2m(18 obs. dia_util)[0m
2026-07-21 17:21:15 [INFO] 
2026-07-21 17:21:15 [INFO]   🔴 [91m[1mI21JC029328K[0m
2026-07-21 17:21:15 [INFO]      consumiu MAIS que o habitual às 01h
2026-07-21 17:21:15 [INFO]      [2mReal:[0m 0.107 m3   [2mHabitual:[0m 0.046 ± 0.012 m3   [2mz:[0m +4.97   [2mdesvio:[0m +133%   [2m(18 obs. dia_util)[0m
2026-07-21 17:21:15 [INFO] 
2026-07-21 17:21:15 [INFO]   🔴 [91m[1mI21JC029336K[0m
2026-07-21 17:21:15 [INFO]      consumiu MAIS que o habitual às 02h
2026-07-21 17:21:15 [INFO]      [2mReal:[0m 1.351 m3   [2mHabitual:[0m 0.127 ± 0.246 m3   [2mz:[0m +4.97   [2mdesvio:[0m +961%   [2m(14 obs. dia_util)[0m
2026-07-21 17:21:15 [INFO] 
2026-07-21 17:21:15 [INFO]   🔴 [91m[1mI21JC029328K[0m
2026-07-21 17:21:15 [INFO]      consumiu MAIS que o habitual às 08h
2026-07-21 17:21:15 [INFO]      [2mReal:[0m 0.110 m3   [2mHabitual:[0m 0.049 ± 0.012 m3   [2mz:[0m +4.96   [2mdesvio:[0m +124%   [2m(18 obs. dia_util)[0m
2026-07-21 17:21:15 [INFO] 
2026-07-21 17:21:15 [INFO]   🔴 [91m[1mI21JC029328K[0m
2026-07-21 17:21:15 [INFO]      consumiu MAIS que o habitual às 09h
2026-07-21 17:21:15 [INFO]      [2mReal:[0m 0.112 m3   [2mHabitual:[0m 0.050 ± 0.013 m3   [2mz:[0m +4.92   [2mdesvio:[0m +124%   [2m(18 obs. dia_util)[0m
2026-07-21 17:21:15 [INFO] 
2026-07-21 17:21:15 [INFO]   🔴 [91m[1mI21JC029328K[0m
2026-07-21 17:21:15 [INFO]      consumiu MAIS que o habitual às 15h
2026-07-21 17:21:15 [INFO]      [2mReal:[0m 0.115 m3   [2mHabitual:[0m 0.050 ± 0.013 m3   [2mz:[0m +4.91   [2mdesvio:[0m +128%   [2m(19 obs. dia_util)[0m
2026-07-21 17:21:15 [INFO] 
2026-07-21 17:21:15 [INFO]   🔴 [91m[1mI23LA007187[0m
2026-07-21 17:21:15 [INFO]      consumiu MAIS que o habitual às 12h
2026-07-21 17:21:15 [INFO]      [2mReal:[0m 0.049 m3   [2mHabitual:[0m 0.000 ± 0.010 m3   [2mz:[0m +4.90   [2mdesvio:[0m +4900%   [2m(5 obs. dia_util)[0m
2026-07-21 17:21:15 [INFO] 
2026-07-21 17:21:15 [INFO]   🔴 [91m[1mI21JC029328K[0m
2026-07-21 17:21:15 [INFO]      consumiu MAIS que o habitual às 19h
2026-07-21 17:21:15 [INFO]      [2mReal:[0m 0.116 m3   [2mHabitual:[0m 0.051 ± 0.013 m3   [2mz:[0m +4.88   [2mdesvio:[0m +129%   [2m(19 obs. dia_util)[0m
2026-07-21 17:21:15 [INFO] 
2026-07-21 17:21:15 [INFO]   🔴 [91m[1mD17BA019937[0m
2026-07-21 17:21:15 [INFO]      consumiu MAIS que o habitual às 14h
2026-07-21 17:21:15 [INFO]      [2mReal:[0m 0.056 m3   [2mHabitual:[0m 0.007 ± 0.010 m3   [2mz:[0m +4.87   [2mdesvio:[0m +667%   [2m(16 obs. dia_util)[0m
2026-07-21 17:21:15 [INFO] 
2026-07-21 17:21:15 [INFO]   🔴 [91m[1mI21JC029328K[0m
2026-07-21 17:21:15 [INFO]      consumiu MAIS que o habitual às 18h
2026-07-21 17:21:15 [INFO]      [2mReal:[0m 0.115 m3   [2mHabitual:[0m 0.050 ± 0.013 m3   [2mz:[0m +4.86   [2mdesvio:[0m +129%   [2m(19 obs. dia_util)[0m
2026-07-21 17:21:15 [INFO] 
2026-07-21 17:21:15 [INFO]   🔴 [91m[1mI23JC095961O[0m
2026-07-21 17:21:15 [INFO]      consumiu MAIS que o habitual às 11h
2026-07-21 17:21:15 [INFO]      [2mReal:[0m 3.860 m3   [2mHabitual:[0m 0.778 ± 0.634 m3   [2mz:[0m +4.86   [2mdesvio:[0m +396%   [2m(15 obs. dia_util)[0m
2026-07-21 17:21:15 [INFO] 
2026-07-21 17:21:15 [INFO]   🔴 [91m[1mC21FE004002H[0m
2026-07-21 17:21:15 [INFO]      consumiu MAIS que o habitual às 21h
2026-07-21 17:21:15 [INFO]      [2mReal:[0m 0.060 m3   [2mHabitual:[0m 0.011 ± 0.010 m3   [2mz:[0m +4.85   [2mdesvio:[0m +422%   [2m(19 obs. dia_util)[0m
2026-07-21 17:21:15 [INFO] 
2026-07-21 17:21:15 [INFO]   🔴 [91m[1mI21JC029328K[0m
2026-07-21 17:21:15 [INFO]      consumiu MAIS que o habitual às 00h
2026-07-21 17:21:15 [INFO]      [2mReal:[0m 0.107 m3   [2mHabitual:[0m 0.047 ± 0.012 m3   [2mz:[0m +4.85   [2mdesvio:[0m +129%   [2m(18 obs. dia_util)[0m
2026-07-21 17:21:15 [INFO] 
2026-07-21 17:21:15 [INFO]   🔴 [91m[1mI21JC029328K[0m
2026-07-21 17:21:15 [INFO]      consumiu MAIS que o habitual às 20h
2026-07-21 17:21:15 [INFO]      [2mReal:[0m 0.116 m3   [2mHabitual:[0m 0.051 ± 0.013 m3   [2mz:[0m +4.80   [2mdesvio:[0m +127%   [2m(19 obs. dia_util)[0m
2026-07-21 17:21:15 [INFO] 
2026-07-21 17:21:15 [INFO]   🔴 [91m[1mI21JC029328K[0m
2026-07-21 17:21:15 [INFO]      consumiu MAIS que o habitual às 21h
2026-07-21 17:21:15 [INFO]      [2mReal:[0m 0.116 m3   [2mHabitual:[0m 0.050 ± 0.014 m3   [2mz:[0m +4.75   [2mdesvio:[0m +131%   [2m(19 obs. dia_util)[0m
2026-07-21 17:21:15 [INFO] 
2026-07-21 17:21:15 [INFO]   🔴 [91m[1mI21JC037658W[0m
2026-07-21 17:21:15 [INFO]      consumiu MAIS que o habitual às 15h
2026-07-21 17:21:15 [INFO]      [2mReal:[0m 0.071 m3   [2mHabitual:[0m 0.016 ± 0.012 m3   [2mz:[0m +4.75   [2mdesvio:[0m +341%   [2m(17 obs. dia_util)[0m
2026-07-21 17:21:15 [INFO] 
2026-07-21 17:21:15 [INFO]   🔴 [91m[1mI21JC043489M[0m
2026-07-21 17:21:15 [INFO]      consumiu MAIS que o habitual às 23h
2026-07-21 17:21:15 [INFO]      [2mReal:[0m 0.056 m3   [2mHabitual:[0m 0.007 ± 0.011 m3   [2mz:[0m +4.59   [2mdesvio:[0m +689%   [2m(17 obs. dia_util)[0m
2026-07-21 17:21:15 [INFO] 
2026-07-21 17:21:15 [INFO]   🔴 [91m[1mI21JC029328K[0m
2026-07-21 17:21:15 [INFO]      consumiu MAIS que o habitual às 22h
2026-07-21 17:21:15 [INFO]      [2mReal:[0m 0.115 m3   [2mHabitual:[0m 0.050 ± 0.014 m3   [2mz:[0m +4.57   [2mdesvio:[0m +128%   [2m(17 obs. dia_util)[0m
2026-07-21 17:21:15 [INFO] 
2026-07-21 17:21:15 [INFO]   🔴 [91m[1mI21JC029328K[0m
2026-07-21 17:21:15 [INFO]      consumiu MAIS que o habitual às 23h
2026-07-21 17:21:15 [INFO]      [2mReal:[0m 0.115 m3   [2mHabitual:[0m 0.050 ± 0.014 m3   [2mz:[0m +4.52   [2mdesvio:[0m +131%   [2m(17 obs. dia_util)[0m
2026-07-21 17:21:15 [INFO] 
2026-07-21 17:21:15 [INFO]   🔴 [91m[1mI21JC037659X[0m
2026-07-21 17:21:15 [INFO]      consumiu MAIS que o habitual às 07h
2026-07-21 17:21:15 [INFO]      [2mReal:[0m 0.080 m3   [2mHabitual:[0m 0.021 ± 0.014 m3   [2mz:[0m +4.30   [2mdesvio:[0m +283%   [2m(18 obs. dia_util)[0m
2026-07-21 17:21:15 [INFO] 
2026-07-21 17:21:15 [INFO]   🔴 [91m[1mI20JE060957[0m
2026-07-21 17:21:15 [INFO]      consumiu MAIS que o habitual às 16h
2026-07-21 17:21:15 [INFO]      [2mReal:[0m 0.153 m3   [2mHabitual:[0m 0.068 ± 0.020 m3   [2mz:[0m +4.29   [2mdesvio:[0m +126%   [2m(19 obs. dia_util)[0m
2026-07-21 17:21:15 [INFO] 
2026-07-21 17:21:15 [INFO]   🔴 [91m[1mC17SC007452[0m
2026-07-21 17:21:15 [INFO]      consumiu MAIS que o habitual às 04h
2026-07-21 17:21:15 [INFO]      [2mReal:[0m 0.419 m3   [2mHabitual:[0m 0.021 ± 0.093 m3   [2mz:[0m +4.26   [2mdesvio:[0m +1858%   [2m(19 obs. dia_util)[0m
2026-07-21 17:21:15 [INFO] 
2026-07-21 17:21:15 [INFO]   🔴 [91m[1mI23JC096061R[0m
2026-07-21 17:21:15 [INFO]      consumiu MAIS que o habitual às 09h
2026-07-21 17:21:15 [INFO]      [2mReal:[0m 0.211 m3   [2mHabitual:[0m 0.041 ± 0.040 m3   [2mz:[0m +4.26   [2mdesvio:[0m +412%   [2m(19 obs. dia_util)[0m
2026-07-21 17:21:15 [INFO] 
2026-07-21 17:21:15 [INFO]   🔴 [91m[1mI21JC029635S[0m
2026-07-21 17:21:15 [INFO]      consumiu MAIS que o habitual às 23h
2026-07-21 17:21:15 [INFO]      [2mReal:[0m 0.081 m3   [2mHabitual:[0m 0.004 ± 0.018 m3   [2mz:[0m +4.25   [2mdesvio:[0m +1700%   [2m(16 obs. dia_util)[0m
2026-07-21 17:21:15 [INFO] 
2026-07-21 17:21:15 [INFO]   🔴 [91m[1mI21JC029553R[0m
2026-07-21 17:21:15 [INFO]      consumiu MAIS que o habitual às 08h
2026-07-21 17:21:15 [INFO]      [2mReal:[0m 0.186 m3   [2mHabitual:[0m 0.043 ± 0.034 m3   [2mz:[0m +4.22   [2mdesvio:[0m +337%   [2m(18 obs. dia_util)[0m
2026-07-21 17:21:15 [INFO] 
2026-07-21 17:21:15 [INFO]   🔴 [91m[1mI21JC029635S[0m
2026-07-21 17:21:15 [INFO]      consumiu MAIS que o habitual às 22h
2026-07-21 17:21:15 [INFO]      [2mReal:[0m 0.082 m3   [2mHabitual:[0m 0.005 ± 0.018 m3   [2mz:[0m +4.18   [2mdesvio:[0m +1683%   [2m(16 obs. dia_util)[0m
2026-07-21 17:21:15 [INFO] 
2026-07-21 17:21:15 [INFO]   🔴 [91m[1mI21JC037657V[0m
2026-07-21 17:21:15 [INFO]      consumiu MAIS que o habitual às 18h
2026-07-21 17:21:15 [INFO]      [2mReal:[0m 0.237 m3   [2mHabitual:[0m 0.055 ± 0.044 m3   [2mz:[0m +4.13   [2mdesvio:[0m +328%   [2m(17 obs. dia_util)[0m
2026-07-21 17:21:15 [INFO] 
2026-07-21 17:21:15 [INFO]   🔴 [91m[1mC17SC007452[0m
2026-07-21 17:21:15 [INFO]      consumiu MAIS que o habitual às 05h
2026-07-21 17:21:15 [INFO]      [2mReal:[0m 1.119 m3   [2mHabitual:[0m 0.062 ± 0.261 m3   [2mz:[0m +4.05   [2mdesvio:[0m +1717%   [2m(18 obs. dia_util)[0m
2026-07-21 17:21:15 [INFO] 
2026-07-21 17:21:15 [INFO]   🔴 [91m[1mC17SC007452[0m
2026-07-21 17:21:15 [INFO]      consumiu MAIS que o habitual às 07h
2026-07-21 17:21:15 [INFO]      [2mReal:[0m 1.799 m3   [2mHabitual:[0m 0.099 ± 0.420 m3   [2mz:[0m +4.05   [2mdesvio:[0m +1719%   [2m(18 obs. dia_util)[0m
2026-07-21 17:21:15 [INFO] 
2026-07-21 17:21:15 [INFO]   🔴 [91m[1mC17SC007452[0m
2026-07-21 17:21:15 [INFO]      consumiu MAIS que o habitual às 06h
2026-07-21 17:21:15 [INFO]      [2mReal:[0m 2.040 m3   [2mHabitual:[0m 0.113 ± 0.478 m3   [2mz:[0m +4.03   [2mdesvio:[0m +1710%   [2m(18 obs. dia_util)[0m
2026-07-21 17:21:15 [INFO] 
2026-07-21 17:21:15 [INFO]   🔴 [91m[1mI21JC029635S[0m
2026-07-21 17:21:15 [INFO]      consumiu MAIS que o habitual às 21h
2026-07-21 17:21:15 [INFO]      [2mReal:[0m 0.080 m3   [2mHabitual:[0m 0.005 ± 0.019 m3   [2mz:[0m +4.02   [2mdesvio:[0m +1602%   [2m(16 obs. dia_util)[0m
2026-07-21 17:21:15 [INFO] 
2026-07-21 17:21:15 [INFO]   🔴 [91m[1mC21FE004002H[0m
2026-07-21 17:21:15 [INFO]      consumiu MAIS que o habitual às 22h
2026-07-21 17:21:15 [INFO]      [2mReal:[0m 0.054 m3   [2mHabitual:[0m 0.015 ± 0.010 m3   [2mz:[0m +3.94   [2mdesvio:[0m +272%   [2m(19 obs. dia_util)[0m
2026-07-21 17:21:15 [INFO] 
2026-07-21 17:21:15 [INFO]   🔴 [91m[1mI21JC029323F[0m
2026-07-21 17:21:15 [INFO]      consumiu MAIS que o habitual às 08h
2026-07-21 17:21:15 [INFO]      [2mReal:[0m 0.771 m3   [2mHabitual:[0m 0.358 ± 0.106 m3   [2mz:[0m +3.90   [2mdesvio:[0m +115%   [2m(19 obs. dia_util)[0m
2026-07-21 17:21:15 [INFO] 
2026-07-21 17:21:15 [INFO]   🔴 [91m[1mI19JC065506[0m
2026-07-21 17:21:15 [INFO]      consumiu MAIS que o habitual às 18h
2026-07-21 17:21:15 [INFO]      [2mReal:[0m 0.564 m3   [2mHabitual:[0m 0.098 ± 0.124 m3   [2mz:[0m +3.75   [2mdesvio:[0m +474%   [2m(19 obs. dia_util)[0m
2026-07-21 17:21:15 [INFO] 
2026-07-21 17:21:15 [INFO]   🔴 [91m[1mI21JC029635S[0m
2026-07-21 17:21:15 [INFO]      consumiu MAIS que o habitual às 20h
2026-07-21 17:21:15 [INFO]      [2mReal:[0m 0.079 m3   [2mHabitual:[0m 0.005 ± 0.020 m3   [2mz:[0m +3.75   [2mdesvio:[0m +1512%   [2m(16 obs. dia_util)[0m
2026-07-21 17:21:15 [INFO] 
2026-07-21 17:21:15 [INFO]   🔴 [91m[1mI21JC029333H[0m
2026-07-21 17:21:15 [INFO]      consumiu MAIS que o habitual às 14h
2026-07-21 17:21:15 [INFO]      [2mReal:[0m 0.147 m3   [2mHabitual:[0m 0.050 ± 0.026 m3   [2mz:[0m +3.73   [2mdesvio:[0m +196%   [2m(7 obs. dia_util)[0m
2026-07-21 17:21:15 [INFO] 
2026-07-21 17:21:15 [INFO]   🔴 [91m[1mD10OF068767[0m
2026-07-21 17:21:15 [INFO]      consumiu MAIS que o habitual às 08h
2026-07-21 17:21:15 [INFO]      [2mReal:[0m 7.700 m3   [2mHabitual:[0m 0.900 ± 1.875 m3   [2mz:[0m +3.63   [2mdesvio:[0m +756%   [2m(19 obs. dia_util)[0m
2026-07-21 17:21:15 [INFO] 
2026-07-21 17:21:15 [INFO]   🔴 [91m[1mC20LB001379[0m
2026-07-21 17:21:15 [INFO]      consumiu MAIS que o habitual às 13h
2026-07-21 17:21:15 [INFO]      [2mReal:[0m 0.377 m3   [2mHabitual:[0m 0.173 ± 0.057 m3   [2mz:[0m +3.55   [2mdesvio:[0m +118%   [2m(19 obs. dia_util)[0m
2026-07-21 17:21:15 [INFO] 
2026-07-21 17:21:15 [INFO]   🔴 [91m[1mI21JC029129F[0m
2026-07-21 17:21:15 [INFO]      consumiu MAIS que o habitual às 06h
2026-07-21 17:21:15 [INFO]      [2mReal:[0m 0.108 m3   [2mHabitual:[0m 0.021 ± 0.025 m3   [2mz:[0m +3.53   [2mdesvio:[0m +424%   [2m(19 obs. dia_util)[0m
2026-07-21 17:21:15 [INFO] 
2026-07-21 17:21:15 [INFO]   🔴 [91m[1mI21JC029166K[0m
2026-07-21 17:21:15 [INFO]      consumiu MAIS que o habitual às 14h
2026-07-21 17:21:15 [INFO]      [2mReal:[0m 1.005 m3   [2mHabitual:[0m 0.071 ± 0.265 m3   [2mz:[0m +3.53   [2mdesvio:[0m +1324%   [2m(18 obs. dia_util)[0m
2026-07-21 17:21:15 [INFO] 
2026-07-21 17:21:15 [INFO] CSV guardado: C:\Users\anaca\OneDrive\Ambiente de Trabalho\Tese\ts-anomaly-detection-dissertation\results\agua\realtime\alerts\analise_agua_2026-05-11.csv
2026-07-21 17:21:15 [INFO] 
2026-07-21 17:21:15 [INFO] [1m======================================================================[0m
2026-07-21 17:21:15 [INFO] [1m  DETECAO DE ANOMALIAS AGUA - 2026-05-12[0m
2026-07-21 17:21:15 [INFO] [1m======================================================================[0m
2026-07-21 17:21:15 [INFO]   [2mTipo de dia:[0m        dia util
2026-07-21 17:21:15 [INFO]   [2mFonte:[0m              BAZE
2026-07-21 17:21:15 [INFO]   [2mContadores c/ dados:[0m 418
2026-07-21 17:21:15 [INFO]   [2mPontos contador/hora:[0m 9000
2026-07-21 17:21:15 [INFO]   [2mThreshold:[0m          |z| > 3.5 [2m(adaptativo a este tipo de dia)[0m
2026-07-21 17:21:15 [INFO] 
2026-07-21 17:21:43 [INFO] [1m--- Resumo -------------------------------------[0m
2026-07-21 17:21:43 [INFO]   [92mNormal[0m                  8900 [2m( 98.9%)[0m
2026-07-21 17:21:43 [INFO]   [91mDesvio (alta confianca)[0m  100 [2m(  1.1%)[0m
2026-07-21 17:21:43 [INFO]   [93mDesvio (baixa confianca)[0m   0 [2m(  0.0%)[0m
2026-07-21 17:21:43 [INFO]   [2mTempo: 28.2s[0m
2026-07-21 17:21:43 [INFO] 
2026-07-21 17:21:43 [INFO] [1m--- Desvios de ALTA confianca (100) -------------------[0m
2026-07-21 17:21:43 [INFO] 
2026-07-21 17:21:43 [INFO]   🔴 [91m[1mC18SC002113[0m
2026-07-21 17:21:43 [INFO]      consumiu MAIS que o habitual às 20h
2026-07-21 17:21:43 [INFO]      [2mReal:[0m 7.295 m3   [2mHabitual:[0m 1.536 ± 0.384 m3   [2mz:[0m +10.00 (cap)   [2mdesvio:[0m +375%   [2m(20 obs. dia_util)[0m
2026-07-21 17:21:43 [INFO] 
2026-07-21 17:21:43 [INFO]   🔴 [91m[1mD06AE082862[0m
2026-07-21 17:21:43 [INFO]      consumiu MAIS que o habitual às 10h
2026-07-21 17:21:43 [INFO]      [2mReal:[0m 1.372 m3   [2mHabitual:[0m 0.090 ± 0.121 m3   [2mz:[0m +10.00 (cap)   [2mdesvio:[0m +1430%   [2m(14 obs. dia_util)[0m
2026-07-21 17:21:43 [INFO] 
2026-07-21 17:21:43 [INFO]   🔴 [91m[1mD08AB044387[0m
2026-07-21 17:21:43 [INFO]      consumiu MAIS que o habitual às 04h
2026-07-21 17:21:43 [INFO]      [2mReal:[0m 0.320 m3   [2mHabitual:[0m 0.009 ± 0.012 m3   [2mz:[0m +10.00 (cap)   [2mdesvio:[0m +3496%   [2m(12 obs. dia_util)[0m
2026-07-21 17:21:43 [INFO] 
2026-07-21 17:21:43 [INFO]   🔴 [91m[1mD16BX009428[0m
2026-07-21 17:21:43 [INFO]      consumiu MAIS que o habitual às 04h
2026-07-21 17:21:43 [INFO]      [2mReal:[0m 0.922 m3   [2mHabitual:[0m 0.187 ± 0.047 m3   [2mz:[0m +10.00 (cap)   [2mdesvio:[0m +394%   [2m(18 obs. dia_util)[0m
2026-07-21 17:21:43 [INFO] 
2026-07-21 17:21:43 [INFO]   🔴 [91m[1mD16XF077374[0m
2026-07-21 17:21:43 [INFO]      consumiu MAIS que o habitual às 17h
2026-07-21 17:21:43 [INFO]      [2mReal:[0m 6.030 m3   [2mHabitual:[0m 1.020 ± 0.255 m3   [2mz:[0m +10.00 (cap)   [2mdesvio:[0m +491%   [2m(20 obs. dia_util)[0m
2026-07-21 17:21:43 [INFO] 
2026-07-21 17:21:43 [INFO]   🔴 [91m[1mD19BX000041[0m
2026-07-21 17:21:43 [INFO]      consumiu MAIS que o habitual às 22h
2026-07-21 17:21:43 [INFO]      [2mReal:[0m 0.164 m3   [2mHabitual:[0m 0.002 ± 0.010 m3   [2mz:[0m +10.00 (cap)   [2mdesvio:[0m +7030%   [2m(16 obs. dia_util)[0m
2026-07-21 17:21:43 [INFO] 
2026-07-21 17:21:43 [INFO]   🔴 [91m[1mD19BX000041[0m
2026-07-21 17:21:43 [INFO]      consumiu MAIS que o habitual às 23h
2026-07-21 17:21:43 [INFO]      [2mReal:[0m 0.216 m3   [2mHabitual:[0m 0.000 ± 0.010 m3   [2mz:[0m +10.00 (cap)   [2mdesvio:[0m +21600%   [2m(16 obs. dia_util)[0m
2026-07-21 17:21:43 [INFO] 
2026-07-21 17:21:43 [INFO]   🔴 [91m[1mI19JC029855[0m
2026-07-21 17:21:43 [INFO]      consumiu MAIS que o habitual às 00h
2026-07-21 17:21:43 [INFO]      [2mReal:[0m 5.266 m3   [2mHabitual:[0m 0.100 ± 0.301 m3   [2mz:[0m +10.00 (cap)   [2mdesvio:[0m +5166%   [2m(19 obs. dia_util)[0m
2026-07-21 17:21:43 [INFO] 
2026-07-21 17:21:43 [INFO]   🔴 [91m[1mI19MF927865[0m
2026-07-21 17:21:43 [INFO]      consumiu MAIS que o habitual às 18h
2026-07-21 17:21:43 [INFO]      [2mReal:[0m 5.480 m3   [2mHabitual:[0m 0.001 ± 0.010 m3   [2mz:[0m +10.00 (cap)   [2mdesvio:[0m +547950%   [2m(20 obs. dia_util)[0m
2026-07-21 17:21:43 [INFO] 
2026-07-21 17:21:43 [INFO]   🔴 [91m[1mI21JC029107Z[0m
2026-07-21 17:21:43 [INFO]      consumiu MAIS que o habitual às 00h
2026-07-21 17:21:43 [INFO]      [2mReal:[0m 1.315 m3   [2mHabitual:[0m 0.011 ± 0.046 m3   [2mz:[0m +10.00 (cap)   [2mdesvio:[0m +12306%   [2m(19 obs. dia_util)[0m
2026-07-21 17:21:43 [INFO] 
2026-07-21 17:21:43 [INFO]   🔴 [91m[1mI21JC029107Z[0m
2026-07-21 17:21:43 [INFO]      consumiu MAIS que o habitual às 01h
2026-07-21 17:21:43 [INFO]      [2mReal:[0m 1.317 m3   [2mHabitual:[0m 0.011 ± 0.046 m3   [2mz:[0m +10.00 (cap)   [2mdesvio:[0m +12443%   [2m(19 obs. dia_util)[0m
2026-07-21 17:21:43 [INFO] 
2026-07-21 17:21:43 [INFO]   🔴 [91m[1mI21JC029107Z[0m
2026-07-21 17:21:43 [INFO]      consumiu MAIS que o habitual às 02h
2026-07-21 17:21:43 [INFO]      [2mReal:[0m 1.316 m3   [2mHabitual:[0m 0.011 ± 0.046 m3   [2mz:[0m +10.00 (cap)   [2mdesvio:[0m +12315%   [2m(19 obs. dia_util)[0m
2026-07-21 17:21:43 [INFO] 
2026-07-21 17:21:43 [INFO]   🔴 [91m[1mI21JC029107Z[0m
2026-07-21 17:21:43 [INFO]      consumiu MAIS que o habitual às 03h
2026-07-21 17:21:43 [INFO]      [2mReal:[0m 1.316 m3   [2mHabitual:[0m 0.010 ± 0.045 m3   [2mz:[0m +10.00 (cap)   [2mdesvio:[0m +13060%   [2m(20 obs. dia_util)[0m
2026-07-21 17:21:43 [INFO] 
2026-07-21 17:21:43 [INFO]   🔴 [91m[1mI21JC029107Z[0m
2026-07-21 17:21:44 [INFO]      consumiu MAIS que o habitual às 04h
2026-07-21 17:21:44 [INFO]      [2mReal:[0m 1.316 m3   [2mHabitual:[0m 0.010 ± 0.045 m3   [2mz:[0m +10.00 (cap)   [2mdesvio:[0m +13060%   [2m(20 obs. dia_util)[0m
2026-07-21 17:21:44 [INFO] 
2026-07-21 17:21:44 [INFO]   🔴 [91m[1mI21JC029107Z[0m
2026-07-21 17:21:44 [INFO]      consumiu MAIS que o habitual às 05h
2026-07-21 17:21:44 [INFO]      [2mReal:[0m 1.316 m3   [2mHabitual:[0m 0.010 ± 0.045 m3   [2mz:[0m +10.00 (cap)   [2mdesvio:[0m +13060%   [2m(20 obs. dia_util)[0m
2026-07-21 17:21:44 [INFO] 
2026-07-21 17:21:44 [INFO]   🔴 [91m[1mI21JC029107Z[0m
2026-07-21 17:21:44 [INFO]      consumiu MAIS que o habitual às 06h
2026-07-21 17:21:44 [INFO]      [2mReal:[0m 1.315 m3   [2mHabitual:[0m 0.010 ± 0.045 m3   [2mz:[0m +10.00 (cap)   [2mdesvio:[0m +13050%   [2m(20 obs. dia_util)[0m
2026-07-21 17:21:44 [INFO] 
2026-07-21 17:21:44 [INFO]   🔴 [91m[1mI21JC029107Z[0m
2026-07-21 17:21:44 [INFO]      consumiu MAIS que o habitual às 07h
2026-07-21 17:21:44 [INFO]      [2mReal:[0m 1.313 m3   [2mHabitual:[0m 0.010 ± 0.045 m3   [2mz:[0m +10.00 (cap)   [2mdesvio:[0m +13030%   [2m(20 obs. dia_util)[0m
2026-07-21 17:21:44 [INFO] 
2026-07-21 17:21:44 [INFO]   🔴 [91m[1mI21JC029165J[0m
2026-07-21 17:21:44 [INFO]      consumiu MAIS que o habitual às 01h
2026-07-21 17:21:44 [INFO]      [2mReal:[0m 3.170 m3   [2mHabitual:[0m 0.198 ± 0.107 m3   [2mz:[0m +10.00 (cap)   [2mdesvio:[0m +1500%   [2m(18 obs. dia_util)[0m
2026-07-21 17:21:44 [INFO] 
2026-07-21 17:21:44 [INFO]   🔴 [91m[1mI21JC029328K[0m
2026-07-21 17:21:44 [INFO]      consumiu MAIS que o habitual às 06h
2026-07-21 17:21:44 [INFO]      [2mReal:[0m 0.565 m3   [2mHabitual:[0m 0.050 ± 0.018 m3   [2mz:[0m +10.00 (cap)   [2mdesvio:[0m +1028%   [2m(19 obs. dia_util)[0m
2026-07-21 17:21:44 [INFO] 
2026-07-21 17:21:44 [INFO]   🔴 [91m[1mI21JC029333H[0m
2026-07-21 17:21:44 [INFO]      consumiu MAIS que o habitual às 21h
2026-07-21 17:21:44 [INFO]      [2mReal:[0m 1.287 m3   [2mHabitual:[0m 0.125 ± 0.088 m3   [2mz:[0m +10.00 (cap)   [2mdesvio:[0m +930%   [2m(11 obs. dia_util)[0m
2026-07-21 17:21:44 [INFO] 
2026-07-21 17:21:44 [INFO]   🔴 [91m[1mI21JC029553R[0m
2026-07-21 17:21:44 [INFO]      consumiu MAIS que o habitual às 04h
2026-07-21 17:21:44 [INFO]      [2mReal:[0m 0.666 m3   [2mHabitual:[0m 0.026 ± 0.010 m3   [2mz:[0m +10.00 (cap)   [2mdesvio:[0m +2502%   [2m(18 obs. dia_util)[0m
2026-07-21 17:21:44 [INFO] 
2026-07-21 17:21:44 [INFO]   🔴 [91m[1mI21JC037659X[0m
2026-07-21 17:21:44 [INFO]      consumiu MAIS que o habitual às 22h
2026-07-21 17:21:44 [INFO]      [2mReal:[0m 0.320 m3   [2mHabitual:[0m 0.020 ± 0.012 m3   [2mz:[0m +10.00 (cap)   [2mdesvio:[0m +1484%   [2m(19 obs. dia_util)[0m
2026-07-21 17:21:44 [INFO] 
2026-07-21 17:21:44 [INFO]   🔴 [91m[1mI22JC094280J[0m
2026-07-21 17:21:44 [INFO]      consumiu MAIS que o habitual às 02h
2026-07-21 17:21:44 [INFO]      [2mReal:[0m 2.586 m3   [2mHabitual:[0m 0.013 ± 0.029 m3   [2mz:[0m +10.00 (cap)   [2mdesvio:[0m +19199%   [2m(17 obs. dia_util)[0m
2026-07-21 17:21:44 [INFO] 
2026-07-21 17:21:44 [INFO]   🔴 [91m[1mI23JC095869[0m
2026-07-21 17:21:44 [INFO]      consumiu MAIS que o habitual às 21h
2026-07-21 17:21:44 [INFO]      [2mReal:[0m 1.808 m3   [2mHabitual:[0m 0.337 ± 0.084 m3   [2mz:[0m +10.00 (cap)   [2mdesvio:[0m +436%   [2m(13 obs. dia_util)[0m
2026-07-21 17:21:44 [INFO] 
2026-07-21 17:21:44 [INFO]   🔴 [91m[1mI23JC095961O[0m
2026-07-21 17:21:44 [INFO]      consumiu MAIS que o habitual às 12h
2026-07-21 17:21:44 [INFO]      [2mReal:[0m 7.768 m3   [2mHabitual:[0m 0.429 ± 0.236 m3   [2mz:[0m +10.00 (cap)   [2mdesvio:[0m +1712%   [2m(16 obs. dia_util)[0m
2026-07-21 17:21:44 [INFO] 
2026-07-21 17:21:44 [INFO]   🔴 [91m[1mI23JC095961O[0m
2026-07-21 17:21:44 [INFO]      consumiu MAIS que o habitual às 13h
2026-07-21 17:21:44 [INFO]      [2mReal:[0m 7.754 m3   [2mHabitual:[0m 0.317 ± 0.184 m3   [2mz:[0m +10.00 (cap)   [2mdesvio:[0m +2344%   [2m(16 obs. dia_util)[0m
2026-07-21 17:21:44 [INFO] 
2026-07-21 17:21:44 [INFO]   🔴 [91m[1mI23JC095961O[0m
2026-07-21 17:21:44 [INFO]      consumiu MAIS que o habitual às 14h
2026-07-21 17:21:44 [INFO]      [2mReal:[0m 7.756 m3   [2mHabitual:[0m 0.323 ± 0.175 m3   [2mz:[0m +10.00 (cap)   [2mdesvio:[0m +2305%   [2m(16 obs. dia_util)[0m
2026-07-21 17:21:44 [INFO] 
2026-07-21 17:21:44 [INFO]   🔴 [91m[1mI23JC095961O[0m
2026-07-21 17:21:44 [INFO]      consumiu MAIS que o habitual às 17h
2026-07-21 17:21:44 [INFO]      [2mReal:[0m 8.016 m3   [2mHabitual:[0m 0.502 ± 0.542 m3   [2mz:[0m +10.00 (cap)   [2mdesvio:[0m +1497%   [2m(17 obs. dia_util)[0m
2026-07-21 17:21:44 [INFO] 
2026-07-21 17:21:44 [INFO]   🔴 [91m[1mI23JC095961O[0m
2026-07-21 17:21:44 [INFO]      consumiu MAIS que o habitual às 18h
2026-07-21 17:21:44 [INFO]      [2mReal:[0m 7.947 m3   [2mHabitual:[0m 0.234 ± 0.195 m3   [2mz:[0m +10.00 (cap)   [2mdesvio:[0m +3289%   [2m(17 obs. dia_util)[0m
2026-07-21 17:21:44 [INFO] 
2026-07-21 17:21:44 [INFO]   🔴 [91m[1mI23JC095961O[0m
2026-07-21 17:21:44 [INFO]      consumiu MAIS que o habitual às 19h
2026-07-21 17:21:44 [INFO]      [2mReal:[0m 7.809 m3   [2mHabitual:[0m 0.234 ± 0.204 m3   [2mz:[0m +10.00 (cap)   [2mdesvio:[0m +3236%   [2m(17 obs. dia_util)[0m
2026-07-21 17:21:44 [INFO] 
2026-07-21 17:21:44 [INFO]   🔴 [91m[1mI23JC095961O[0m
2026-07-21 17:21:44 [INFO]      consumiu MAIS que o habitual às 20h
2026-07-21 17:21:44 [INFO]      [2mReal:[0m 7.698 m3   [2mHabitual:[0m 0.225 ± 0.192 m3   [2mz:[0m +10.00 (cap)   [2mdesvio:[0m +3323%   [2m(17 obs. dia_util)[0m
2026-07-21 17:21:44 [INFO] 
2026-07-21 17:21:44 [INFO]   🔴 [91m[1mI23JC095961O[0m
2026-07-21 17:21:44 [INFO]      consumiu MAIS que o habitual às 21h
2026-07-21 17:21:44 [INFO]      [2mReal:[0m 7.693 m3   [2mHabitual:[0m 0.220 ± 0.193 m3   [2mz:[0m +10.00 (cap)   [2mdesvio:[0m +3403%   [2m(17 obs. dia_util)[0m
2026-07-21 17:21:44 [INFO] 
2026-07-21 17:21:44 [INFO]   🔴 [91m[1mI23JC095961O[0m
2026-07-21 17:21:44 [INFO]      consumiu MAIS que o habitual às 22h
2026-07-21 17:21:44 [INFO]      [2mReal:[0m 7.763 m3   [2mHabitual:[0m 0.220 ± 0.199 m3   [2mz:[0m +10.00 (cap)   [2mdesvio:[0m +3433%   [2m(17 obs. dia_util)[0m
2026-07-21 17:21:44 [INFO] 
2026-07-21 17:21:44 [INFO]   🔴 [91m[1mI23JC095961O[0m
2026-07-21 17:21:44 [INFO]      consumiu MAIS que o habitual às 23h
2026-07-21 17:21:44 [INFO]      [2mReal:[0m 7.936 m3   [2mHabitual:[0m 0.236 ± 0.207 m3   [2mz:[0m +10.00 (cap)   [2mdesvio:[0m +3266%   [2m(16 obs. dia_util)[0m
2026-07-21 17:21:44 [INFO] 
2026-07-21 17:21:44 [INFO]   🔴 [91m[1mI23JC096059X[0m
2026-07-21 17:21:44 [INFO]      consumiu MAIS que o habitual às 02h
2026-07-21 17:21:44 [INFO]      [2mReal:[0m 0.283 m3   [2mHabitual:[0m 0.022 ± 0.026 m3   [2mz:[0m +10.00 (cap)   [2mdesvio:[0m +1175%   [2m(20 obs. dia_util)[0m
2026-07-21 17:21:44 [INFO] 
2026-07-21 17:21:44 [INFO]   🔴 [91m[1mI24LA026648[0m
2026-07-21 17:21:44 [INFO]      consumiu MAIS que o habitual às 15h
2026-07-21 17:21:44 [INFO]      [2mReal:[0m 0.119 m3   [2mHabitual:[0m 0.000 ± 0.010 m3   [2mz:[0m +10.00 (cap)   [2mdesvio:[0m +11880%   [2m(19 obs. dia_util)[0m
2026-07-21 17:21:44 [INFO] 
2026-07-21 17:21:44 [INFO]   🔴 [91m[1mI21JC037658W[0m
2026-07-21 17:21:44 [INFO]      consumiu MAIS que o habitual às 01h
2026-07-21 17:21:44 [INFO]      [2mReal:[0m 0.101 m3   [2mHabitual:[0m 0.006 ± 0.010 m3   [2mz:[0m +9.53   [2mdesvio:[0m +1672%   [2m(17 obs. dia_util)[0m
2026-07-21 17:21:44 [INFO] 
2026-07-21 17:21:44 [INFO]   🔴 [91m[1mI21JC029328K[0m
2026-07-21 17:21:44 [INFO]      consumiu MAIS que o habitual às 11h
2026-07-21 17:21:44 [INFO]      [2mReal:[0m 0.216 m3   [2mHabitual:[0m 0.052 ± 0.019 m3   [2mz:[0m +8.46   [2mdesvio:[0m +316%   [2m(16 obs. dia_util)[0m
2026-07-21 17:21:44 [INFO] 
2026-07-21 17:21:44 [INFO]   🔴 [91m[1mI22JC094285O[0m
2026-07-21 17:21:44 [INFO]      consumiu MAIS que o habitual às 15h
2026-07-21 17:21:44 [INFO]      [2mReal:[0m 0.143 m3   [2mHabitual:[0m 0.019 ± 0.015 m3   [2mz:[0m +8.21   [2mdesvio:[0m +653%   [2m(18 obs. dia_util)[0m
2026-07-21 17:21:44 [INFO] 
2026-07-21 17:21:44 [INFO]   🔴 [91m[1mI21JC029134C[0m
2026-07-21 17:21:44 [INFO]      consumiu MAIS que o habitual às 15h
2026-07-21 17:21:44 [INFO]      [2mReal:[0m 3.184 m3   [2mHabitual:[0m 1.014 ± 0.282 m3   [2mz:[0m +7.68   [2mdesvio:[0m +214%   [2m(20 obs. dia_util)[0m
2026-07-21 17:21:44 [INFO] 
2026-07-21 17:21:44 [INFO]   🔴 [91m[1mI23JC095961O[0m
2026-07-21 17:21:44 [INFO]      consumiu MAIS que o habitual às 15h
2026-07-21 17:21:44 [INFO]      [2mReal:[0m 7.836 m3   [2mHabitual:[0m 0.917 ± 0.908 m3   [2mz:[0m +7.62   [2mdesvio:[0m +755%   [2m(17 obs. dia_util)[0m
2026-07-21 17:21:44 [INFO] 
2026-07-21 17:21:44 [INFO]   🔴 [91m[1mC23FC001333P[0m
2026-07-21 17:21:44 [INFO]      consumiu MAIS que o habitual às 02h
2026-07-21 17:21:44 [INFO]      [2mReal:[0m 0.081 m3   [2mHabitual:[0m 0.005 ± 0.010 m3   [2mz:[0m +7.56   [2mdesvio:[0m +1400%   [2m(17 obs. dia_util)[0m
2026-07-21 17:21:44 [INFO] 
2026-07-21 17:21:44 [INFO]   🔴 [91m[1mI22JC014373Z[0m
2026-07-21 17:21:44 [INFO]      consumiu MAIS que o habitual às 01h
2026-07-21 17:21:44 [INFO]      [2mReal:[0m 0.941 m3   [2mHabitual:[0m 0.077 ± 0.116 m3   [2mz:[0m +7.44   [2mdesvio:[0m +1125%   [2m(12 obs. dia_util)[0m
2026-07-21 17:21:44 [INFO] 
2026-07-21 17:21:44 [INFO]   🔴 [91m[1mI21LA186120[0m
2026-07-21 17:21:44 [INFO]      consumiu MAIS que o habitual às 12h
2026-07-21 17:21:44 [INFO]      [2mReal:[0m 0.610 m3   [2mHabitual:[0m 0.133 ± 0.067 m3   [2mz:[0m +7.14   [2mdesvio:[0m +359%   [2m(20 obs. dia_util)[0m
2026-07-21 17:21:44 [INFO] 
2026-07-21 17:21:44 [INFO]   🔴 [91m[1mD19BA343472[0m
2026-07-21 17:21:44 [INFO]      consumiu MAIS que o habitual às 16h
2026-07-21 17:21:44 [INFO]      [2mReal:[0m 0.315 m3   [2mHabitual:[0m 0.012 ± 0.043 m3   [2mz:[0m +7.02   [2mdesvio:[0m +2616%   [2m(20 obs. dia_util)[0m
2026-07-21 17:21:44 [INFO] 
2026-07-21 17:21:44 [INFO]   🔴 [91m[1mI21JC043488L[0m
2026-07-21 17:21:44 [INFO]      consumiu MAIS que o habitual às 01h
2026-07-21 17:21:44 [INFO]      [2mReal:[0m 0.073 m3   [2mHabitual:[0m 0.003 ± 0.010 m3   [2mz:[0m +6.98   [2mdesvio:[0m +2181%   [2m(18 obs. dia_util)[0m
2026-07-21 17:21:44 [INFO] 
2026-07-21 17:21:44 [INFO]   🔴 [91m[1mI23JC096059X[0m
2026-07-21 17:21:44 [INFO]      consumiu MAIS que o habitual às 01h
2026-07-21 17:21:44 [INFO]      [2mReal:[0m 0.280 m3   [2mHabitual:[0m 0.036 ± 0.035 m3   [2mz:[0m +6.93   [2mdesvio:[0m +667%   [2m(20 obs. dia_util)[0m
2026-07-21 17:21:44 [INFO] 
2026-07-21 17:21:44 [INFO]   🔴 [91m[1mI21JC043488L[0m
2026-07-21 17:21:44 [INFO]      consumiu MAIS que o habitual às 14h
2026-07-21 17:21:44 [INFO]      [2mReal:[0m 0.585 m3   [2mHabitual:[0m 0.083 ± 0.076 m3   [2mz:[0m +6.63   [2mdesvio:[0m +609%   [2m(19 obs. dia_util)[0m
2026-07-21 17:21:44 [INFO] 
2026-07-21 17:21:44 [INFO]   🔴 [91m[1mI21JC037657V[0m
2026-07-21 17:21:44 [INFO]      consumiu MAIS que o habitual às 19h
2026-07-21 17:21:44 [INFO]      [2mReal:[0m 0.479 m3   [2mHabitual:[0m 0.103 ± 0.058 m3   [2mz:[0m +6.51   [2mdesvio:[0m +363%   [2m(18 obs. dia_util)[0m
2026-07-21 17:21:44 [INFO] 
2026-07-21 17:21:44 [INFO]   🔴 [91m[1mI23JC095961O[0m
2026-07-21 17:21:44 [INFO]      consumiu MAIS que o habitual às 16h
2026-07-21 17:21:44 [INFO]      [2mReal:[0m 7.942 m3   [2mHabitual:[0m 0.886 ± 1.109 m3   [2mz:[0m +6.36   [2mdesvio:[0m +797%   [2m(17 obs. dia_util)[0m
2026-07-21 17:21:44 [INFO] 
2026-07-21 17:21:44 [INFO]   🔴 [91m[1mI23JC096063T[0m
2026-07-21 17:21:44 [INFO]      consumiu MAIS que o habitual às 06h
2026-07-21 17:21:44 [INFO]      [2mReal:[0m 0.136 m3   [2mHabitual:[0m 0.029 ± 0.017 m3   [2mz:[0m +6.30   [2mdesvio:[0m +374%   [2m(19 obs. dia_util)[0m
2026-07-21 17:21:44 [INFO] 
2026-07-21 17:21:44 [INFO]   🔴 [91m[1mI17JE060870R[0m
2026-07-21 17:21:44 [INFO]      consumiu MAIS que o habitual às 19h
2026-07-21 17:21:44 [INFO]      [2mReal:[0m 0.269 m3   [2mHabitual:[0m 0.038 ± 0.040 m3   [2mz:[0m +5.78   [2mdesvio:[0m +614%   [2m(20 obs. dia_util)[0m
2026-07-21 17:21:44 [INFO] 
2026-07-21 17:21:44 [INFO]   🔴 [91m[1mI21JC037659X[0m
2026-07-21 17:21:44 [INFO]      consumiu MAIS que o habitual às 21h
2026-07-21 17:21:44 [INFO]      [2mReal:[0m 0.167 m3   [2mHabitual:[0m 0.017 ± 0.027 m3   [2mz:[0m +5.53   [2mdesvio:[0m +906%   [2m(19 obs. dia_util)[0m
2026-07-21 17:21:44 [INFO] 
2026-07-21 17:21:44 [INFO]   🔴 [91m[1mD08AC357150V[0m
2026-07-21 17:21:44 [INFO]      consumiu MAIS que o habitual às 20h
2026-07-21 17:21:44 [INFO]      [2mReal:[0m 0.283 m3   [2mHabitual:[0m 0.106 ± 0.033 m3   [2mz:[0m +5.35   [2mdesvio:[0m +167%   [2m(13 obs. dia_util)[0m
2026-07-21 17:21:44 [INFO] 
2026-07-21 17:21:44 [INFO]   🔴 [91m[1mI21JC037657V[0m
2026-07-21 17:21:44 [INFO]      consumiu MAIS que o habitual às 21h
2026-07-21 17:21:44 [INFO]      [2mReal:[0m 0.209 m3   [2mHabitual:[0m 0.036 ± 0.033 m3   [2mz:[0m +5.30   [2mdesvio:[0m +485%   [2m(20 obs. dia_util)[0m
2026-07-21 17:21:44 [INFO] 
2026-07-21 17:21:44 [INFO]   🔴 [91m[1mI19JC029855[0m
2026-07-21 17:21:44 [INFO]      consumiu MAIS que o habitual às 14h
2026-07-21 17:21:44 [INFO]      [2mReal:[0m 1.110 m3   [2mHabitual:[0m 0.304 ± 0.154 m3   [2mz:[0m +5.23   [2mdesvio:[0m +265%   [2m(19 obs. dia_util)[0m
2026-07-21 17:21:44 [INFO] 
2026-07-21 17:21:44 [INFO]   🔴 [91m[1mD03TD027211[0m
2026-07-21 17:21:44 [INFO]      consumiu MAIS que o habitual às 12h
2026-07-21 17:21:44 [INFO]      [2mReal:[0m 0.415 m3   [2mHabitual:[0m 0.109 ± 0.059 m3   [2mz:[0m +5.19   [2mdesvio:[0m +280%   [2m(20 obs. dia_util)[0m
2026-07-21 17:21:44 [INFO] 
2026-07-21 17:21:44 [INFO]   🔴 [91m[1mI21JC037658W[0m
2026-07-21 17:21:44 [INFO]      consumiu MAIS que o habitual às 13h
2026-07-21 17:21:44 [INFO]      [2mReal:[0m 0.352 m3   [2mHabitual:[0m 0.080 ± 0.052 m3   [2mz:[0m +5.19   [2mdesvio:[0m +340%   [2m(17 obs. dia_util)[0m
2026-07-21 17:21:44 [INFO] 
2026-07-21 17:21:44 [INFO]   🔴 [91m[1mI22LA303495[0m
2026-07-21 17:21:44 [INFO]      consumiu MAIS que o habitual às 23h
2026-07-21 17:21:44 [INFO]      [2mReal:[0m 0.051 m3   [2mHabitual:[0m 0.001 ± 0.010 m3   [2mz:[0m +4.97   [2mdesvio:[0m +3823%   [2m(15 obs. dia_util)[0m
2026-07-21 17:21:44 [INFO] 
2026-07-21 17:21:44 [INFO]   🔴 [91m[1mI21JC029120W[0m
2026-07-21 17:21:44 [INFO]      consumiu MAIS que o habitual às 12h
2026-07-21 17:21:44 [INFO]      [2mReal:[0m 0.080 m3   [2mHabitual:[0m 0.019 ± 0.013 m3   [2mz:[0m +4.70   [2mdesvio:[0m +330%   [2m(20 obs. dia_util)[0m
2026-07-21 17:21:44 [INFO] 
2026-07-21 17:21:44 [INFO]   🔴 [91m[1mI21JC037659X[0m
2026-07-21 17:21:44 [INFO]      consumiu MAIS que o habitual às 16h
2026-07-21 17:21:44 [INFO]      [2mReal:[0m 0.122 m3   [2mHabitual:[0m 0.032 ± 0.020 m3   [2mz:[0m +4.51   [2mdesvio:[0m +285%   [2m(20 obs. dia_util)[0m
2026-07-21 17:21:44 [INFO] 
2026-07-21 17:21:44 [INFO]   🔴 [91m[1mI17JE096914[0m
2026-07-21 17:21:44 [INFO]      consumiu MAIS que o habitual às 09h
2026-07-21 17:21:44 [INFO]      [2mReal:[0m 0.301 m3   [2mHabitual:[0m 0.124 ± 0.040 m3   [2mz:[0m +4.43   [2mdesvio:[0m +144%   [2m(17 obs. dia_util)[0m
2026-07-21 17:21:44 [INFO] 
2026-07-21 17:21:44 [INFO]   🔴 [91m[1mC23FC001331N[0m
2026-07-21 17:21:44 [INFO]      consumiu MAIS que o habitual às 04h
2026-07-21 17:21:44 [INFO]      [2mReal:[0m 1.380 m3   [2mHabitual:[0m 0.113 ± 0.287 m3   [2mz:[0m +4.41   [2mdesvio:[0m +1123%   [2m(16 obs. dia_util)[0m
2026-07-21 17:21:44 [INFO] 
2026-07-21 17:21:44 [INFO]   🔴 [91m[1mI23JC095961O[0m
2026-07-21 17:21:44 [INFO]      consumiu MAIS que o habitual às 11h
2026-07-21 17:21:44 [INFO]      [2mReal:[0m 5.251 m3   [2mHabitual:[0m 0.971 ± 0.984 m3   [2mz:[0m +4.35   [2mdesvio:[0m +441%   [2m(16 obs. dia_util)[0m
2026-07-21 17:21:44 [INFO] 
2026-07-21 17:21:44 [INFO]   🔴 [91m[1mI21LA186120[0m
2026-07-21 17:21:44 [INFO]      consumiu MAIS que o habitual às 13h
2026-07-21 17:21:44 [INFO]      [2mReal:[0m 0.400 m3   [2mHabitual:[0m 0.137 ± 0.062 m3   [2mz:[0m +4.23   [2mdesvio:[0m +192%   [2m(20 obs. dia_util)[0m
2026-07-21 17:21:44 [INFO] 
2026-07-21 17:21:44 [INFO]   🔴 [91m[1mI21JC029136E[0m
2026-07-21 17:21:44 [INFO]      consumiu MAIS que o habitual às 21h
2026-07-21 17:21:44 [INFO]      [2mReal:[0m 2.861 m3   [2mHabitual:[0m 0.151 ± 0.643 m3   [2mz:[0m +4.22   [2mdesvio:[0m +1796%   [2m(20 obs. dia_util)[0m
2026-07-21 17:21:44 [INFO] 
2026-07-21 17:21:44 [INFO]   🔴 [91m[1mD19BX000041[0m
2026-07-21 17:21:44 [INFO]      consumiu MAIS que o habitual às 19h
2026-07-21 17:21:44 [INFO]      [2mReal:[0m 0.172 m3   [2mHabitual:[0m 0.012 ± 0.038 m3   [2mz:[0m +4.17   [2mdesvio:[0m +1383%   [2m(17 obs. dia_util)[0m
2026-07-21 17:21:44 [INFO] 
2026-07-21 17:21:44 [INFO]   🔴 [91m[1mI19JC065564I[0m
2026-07-21 17:21:44 [INFO]      consumiu MAIS que o habitual às 11h
2026-07-21 17:21:44 [INFO]      [2mReal:[0m 0.247 m3   [2mHabitual:[0m 0.108 ± 0.034 m3   [2mz:[0m +4.08   [2mdesvio:[0m +128%   [2m(16 obs. dia_util)[0m
2026-07-21 17:21:44 [INFO] 
2026-07-21 17:21:44 [INFO]   🔵 [94m[1mH21OF834752B[0m
2026-07-21 17:21:44 [INFO]      consumiu MENOS que o habitual às 01h
2026-07-21 17:21:44 [INFO]      [2mReal:[0m 0.000 m3   [2mHabitual:[0m 2.732 ± 0.683 m3   [2mz:[0m -4.00   [2mdesvio:[0m -100%   [2m(20 obs. dia_util)[0m
2026-07-21 17:21:44 [INFO] 
2026-07-21 17:21:44 [INFO]   🔵 [94m[1mH21OF834752B[0m
2026-07-21 17:21:44 [INFO]      consumiu MENOS que o habitual às 06h
2026-07-21 17:21:44 [INFO]      [2mReal:[0m 0.000 m3   [2mHabitual:[0m 2.744 ± 0.686 m3   [2mz:[0m -4.00   [2mdesvio:[0m -100%   [2m(19 obs. dia_util)[0m
2026-07-21 17:21:44 [INFO] 
2026-07-21 17:21:44 [INFO]   🔴 [91m[1mI22JC094273K[0m
2026-07-21 17:21:44 [INFO]      consumiu MAIS que o habitual às 19h
2026-07-21 17:21:44 [INFO]      [2mReal:[0m 0.406 m3   [2mHabitual:[0m 0.158 ± 0.063 m3   [2mz:[0m +3.93   [2mdesvio:[0m +158%   [2m(17 obs. dia_util)[0m
2026-07-21 17:21:44 [INFO] 
2026-07-21 17:21:44 [INFO]   🔴 [91m[1mI23JC096061R[0m
2026-07-21 17:21:44 [INFO]      consumiu MAIS que o habitual às 11h
2026-07-21 17:21:44 [INFO]      [2mReal:[0m 0.118 m3   [2mHabitual:[0m 0.037 ± 0.021 m3   [2mz:[0m +3.92   [2mdesvio:[0m +216%   [2m(20 obs. dia_util)[0m
2026-07-21 17:21:44 [INFO] 
2026-07-21 17:21:44 [INFO]   🔴 [91m[1mC18SC002050U[0m
2026-07-21 17:21:44 [INFO]      consumiu MAIS que o habitual às 23h
2026-07-21 17:21:44 [INFO]      [2mReal:[0m 0.328 m3   [2mHabitual:[0m 0.081 ± 0.063 m3   [2mz:[0m +3.90   [2mdesvio:[0m +305%   [2m(10 obs. dia_util)[0m
2026-07-21 17:21:44 [INFO] 
2026-07-21 17:21:44 [INFO]   🔴 [91m[1mD19BX000041[0m
2026-07-21 17:21:44 [INFO]      consumiu MAIS que o habitual às 17h
2026-07-21 17:21:44 [INFO]      [2mReal:[0m 0.159 m3   [2mHabitual:[0m 0.013 ± 0.037 m3   [2mz:[0m +3.90   [2mdesvio:[0m +1142%   [2m(17 obs. dia_util)[0m
2026-07-21 17:21:44 [INFO] 
2026-07-21 17:21:44 [INFO]   🔴 [91m[1mI21JC029635S[0m
2026-07-21 17:21:44 [INFO]      consumiu MAIS que o habitual às 03h
2026-07-21 17:21:44 [INFO]      [2mReal:[0m 0.081 m3   [2mHabitual:[0m 0.005 ± 0.020 m3   [2mz:[0m +3.88   [2mdesvio:[0m +1588%   [2m(17 obs. dia_util)[0m
2026-07-21 17:21:44 [INFO] 
2026-07-21 17:21:44 [INFO]   🔴 [91m[1mI21JC029635S[0m
2026-07-21 17:21:44 [INFO]      consumiu MAIS que o habitual às 11h
2026-07-21 17:21:44 [INFO]      [2mReal:[0m 0.081 m3   [2mHabitual:[0m 0.005 ± 0.020 m3   [2mz:[0m +3.88   [2mdesvio:[0m +1588%   [2m(17 obs. dia_util)[0m
2026-07-21 17:21:44 [INFO] 
2026-07-21 17:21:44 [INFO]   🔴 [91m[1mI19JC029874[0m
2026-07-21 17:21:44 [INFO]      consumiu MAIS que o habitual às 16h
2026-07-21 17:21:44 [INFO]      [2mReal:[0m 0.365 m3   [2mHabitual:[0m 0.137 ± 0.059 m3   [2mz:[0m +3.86   [2mdesvio:[0m +166%   [2m(19 obs. dia_util)[0m
2026-07-21 17:21:44 [INFO] 
2026-07-21 17:21:44 [INFO]   🔴 [91m[1mI21JC029635S[0m
2026-07-21 17:21:44 [INFO]      consumiu MAIS que o habitual às 01h
2026-07-21 17:21:44 [INFO]      [2mReal:[0m 0.081 m3   [2mHabitual:[0m 0.005 ± 0.020 m3   [2mz:[0m +3.83   [2mdesvio:[0m +1588%   [2m(17 obs. dia_util)[0m
2026-07-21 17:21:44 [INFO] 
2026-07-21 17:21:44 [INFO]   🔴 [91m[1mI21JC029635S[0m
2026-07-21 17:21:44 [INFO]      consumiu MAIS que o habitual às 02h
2026-07-21 17:21:44 [INFO]      [2mReal:[0m 0.081 m3   [2mHabitual:[0m 0.005 ± 0.020 m3   [2mz:[0m +3.83   [2mdesvio:[0m +1588%   [2m(17 obs. dia_util)[0m
2026-07-21 17:21:44 [INFO] 
2026-07-21 17:21:44 [INFO]   🔴 [91m[1mI21JC029635S[0m
2026-07-21 17:21:44 [INFO]      consumiu MAIS que o habitual às 05h
2026-07-21 17:21:44 [INFO]      [2mReal:[0m 0.080 m3   [2mHabitual:[0m 0.005 ± 0.020 m3   [2mz:[0m +3.83   [2mdesvio:[0m +1567%   [2m(17 obs. dia_util)[0m
2026-07-21 17:21:44 [INFO] 
2026-07-21 17:21:44 [INFO]   🔴 [91m[1mI21JC029635S[0m
2026-07-21 17:21:44 [INFO]      consumiu MAIS que o habitual às 06h
2026-07-21 17:21:44 [INFO]      [2mReal:[0m 0.080 m3   [2mHabitual:[0m 0.005 ± 0.020 m3   [2mz:[0m +3.83   [2mdesvio:[0m +1567%   [2m(17 obs. dia_util)[0m
2026-07-21 17:21:44 [INFO] 
2026-07-21 17:21:44 [INFO]   🔴 [91m[1mI21JC029635S[0m
2026-07-21 17:21:44 [INFO]      consumiu MAIS que o habitual às 08h
2026-07-21 17:21:44 [INFO]      [2mReal:[0m 0.081 m3   [2mHabitual:[0m 0.005 ± 0.020 m3   [2mz:[0m +3.83   [2mdesvio:[0m +1588%   [2m(17 obs. dia_util)[0m
2026-07-21 17:21:44 [INFO] 
2026-07-21 17:21:44 [INFO]   🔴 [91m[1mI21JC029635S[0m
2026-07-21 17:21:44 [INFO]      consumiu MAIS que o habitual às 10h
2026-07-21 17:21:44 [INFO]      [2mReal:[0m 0.081 m3   [2mHabitual:[0m 0.005 ± 0.020 m3   [2mz:[0m +3.83   [2mdesvio:[0m +1588%   [2m(17 obs. dia_util)[0m
2026-07-21 17:21:44 [INFO] 
2026-07-21 17:21:44 [INFO]   🔴 [91m[1mI21JC029635S[0m
2026-07-21 17:21:44 [INFO]      consumiu MAIS que o habitual às 12h
2026-07-21 17:21:44 [INFO]      [2mReal:[0m 0.081 m3   [2mHabitual:[0m 0.005 ± 0.020 m3   [2mz:[0m +3.83   [2mdesvio:[0m +1588%   [2m(17 obs. dia_util)[0m
2026-07-21 17:21:44 [INFO] 
2026-07-21 17:21:44 [INFO]   🔴 [91m[1mI21JC029635S[0m
2026-07-21 17:21:44 [INFO]      consumiu MAIS que o habitual às 13h
2026-07-21 17:21:44 [INFO]      [2mReal:[0m 0.081 m3   [2mHabitual:[0m 0.005 ± 0.020 m3   [2mz:[0m +3.83   [2mdesvio:[0m +1588%   [2m(17 obs. dia_util)[0m
2026-07-21 17:21:44 [INFO] 
2026-07-21 17:21:44 [INFO]   🔴 [91m[1mI21JC029635S[0m
2026-07-21 17:21:44 [INFO]      consumiu MAIS que o habitual às 09h
2026-07-21 17:21:44 [INFO]      [2mReal:[0m 0.081 m3   [2mHabitual:[0m 0.005 ± 0.020 m3   [2mz:[0m +3.79   [2mdesvio:[0m +1373%   [2m(17 obs. dia_util)[0m
2026-07-21 17:21:44 [INFO] 
2026-07-21 17:21:44 [INFO]   🔴 [91m[1mI21JC029635S[0m
2026-07-21 17:21:44 [INFO]      consumiu MAIS que o habitual às 04h
2026-07-21 17:21:44 [INFO]      [2mReal:[0m 0.080 m3   [2mHabitual:[0m 0.005 ± 0.020 m3   [2mz:[0m +3.78   [2mdesvio:[0m +1567%   [2m(17 obs. dia_util)[0m
2026-07-21 17:21:44 [INFO] 
2026-07-21 17:21:44 [INFO]   🔴 [91m[1mI21JC029635S[0m
2026-07-21 17:21:44 [INFO]      consumiu MAIS que o habitual às 07h
2026-07-21 17:21:44 [INFO]      [2mReal:[0m 0.080 m3   [2mHabitual:[0m 0.005 ± 0.020 m3   [2mz:[0m +3.78   [2mdesvio:[0m +1567%   [2m(17 obs. dia_util)[0m
2026-07-21 17:21:44 [INFO] 
2026-07-21 17:21:44 [INFO]   🔴 [91m[1mC23FC001333P[0m
2026-07-21 17:21:44 [INFO]      consumiu MAIS que o habitual às 14h
2026-07-21 17:21:44 [INFO]      [2mReal:[0m 0.356 m3   [2mHabitual:[0m 0.077 ± 0.075 m3   [2mz:[0m +3.73   [2mdesvio:[0m +360%   [2m(19 obs. dia_util)[0m
2026-07-21 17:21:44 [INFO] 
2026-07-21 17:21:44 [INFO]   🔴 [91m[1mI21JC029333H[0m
2026-07-21 17:21:44 [INFO]      consumiu MAIS que o habitual às 06h
2026-07-21 17:21:44 [INFO]      [2mReal:[0m 0.234 m3   [2mHabitual:[0m 0.117 ± 0.031 m3   [2mz:[0m +3.73   [2mdesvio:[0m +99%   [2m(6 obs. dia_util)[0m
2026-07-21 17:21:44 [INFO] 
2026-07-21 17:21:44 [INFO]   🔴 [91m[1mC23FE003152I[0m
2026-07-21 17:21:44 [INFO]      consumiu MAIS que o habitual às 13h
2026-07-21 17:21:44 [INFO]      [2mReal:[0m 0.038 m3   [2mHabitual:[0m 0.001 ± 0.010 m3   [2mz:[0m +3.72   [2mdesvio:[0m +3720%   [2m(20 obs. dia_util)[0m
2026-07-21 17:21:44 [INFO] 
2026-07-21 17:21:44 [INFO]   🔴 [91m[1mI23JC095866[0m
2026-07-21 17:21:44 [INFO]      consumiu MAIS que o habitual às 20h
2026-07-21 17:21:44 [INFO]      [2mReal:[0m 0.432 m3   [2mHabitual:[0m 0.224 ± 0.056 m3   [2mz:[0m +3.72   [2mdesvio:[0m +93%   [2m(17 obs. dia_util)[0m
2026-07-21 17:21:44 [INFO] 
2026-07-21 17:21:44 [INFO]   🔴 [91m[1mI22JC094278P[0m
2026-07-21 17:21:44 [INFO]      consumiu MAIS que o habitual às 20h
2026-07-21 17:21:44 [INFO]      [2mReal:[0m 0.353 m3   [2mHabitual:[0m 0.156 ± 0.053 m3   [2mz:[0m +3.71   [2mdesvio:[0m +126%   [2m(18 obs. dia_util)[0m
2026-07-21 17:21:44 [INFO] 
2026-07-21 17:21:44 [INFO]   🔴 [91m[1mI21JC029635S[0m
2026-07-21 17:21:44 [INFO]      consumiu MAIS que o habitual às 00h
2026-07-21 17:21:44 [INFO]      [2mReal:[0m 0.081 m3   [2mHabitual:[0m 0.005 ± 0.021 m3   [2mz:[0m +3.70   [2mdesvio:[0m +1488%   [2m(16 obs. dia_util)[0m
2026-07-21 17:21:44 [INFO] 
2026-07-21 17:21:44 [INFO]   🔴 [91m[1mD08AC395031B[0m
2026-07-21 17:21:44 [INFO]      consumiu MAIS que o habitual às 22h
2026-07-21 17:21:44 [INFO]      [2mReal:[0m 0.118 m3   [2mHabitual:[0m 0.026 ± 0.025 m3   [2mz:[0m +3.65   [2mdesvio:[0m +361%   [2m(20 obs. dia_util)[0m
2026-07-21 17:21:44 [INFO] 
2026-07-21 17:21:44 [INFO]   🔴 [91m[1mD03TD027211[0m
2026-07-21 17:21:44 [INFO]      consumiu MAIS que o habitual às 16h
2026-07-21 17:21:44 [INFO]      [2mReal:[0m 0.164 m3   [2mHabitual:[0m 0.055 ± 0.030 m3   [2mz:[0m +3.64   [2mdesvio:[0m +199%   [2m(20 obs. dia_util)[0m
2026-07-21 17:21:44 [INFO] 
2026-07-21 17:21:44 [INFO]   🔴 [91m[1mI21JC029361L[0m
2026-07-21 17:21:44 [INFO]      consumiu MAIS que o habitual às 07h
2026-07-21 17:21:44 [INFO]      [2mReal:[0m 0.243 m3   [2mHabitual:[0m 0.081 ± 0.045 m3   [2mz:[0m +3.64   [2mdesvio:[0m +201%   [2m(17 obs. dia_util)[0m
2026-07-21 17:21:44 [INFO] 
2026-07-21 17:21:44 [INFO]   🔴 [91m[1mD19BX000041[0m
2026-07-21 17:21:44 [INFO]      consumiu MAIS que o habitual às 16h
2026-07-21 17:21:44 [INFO]      [2mReal:[0m 0.163 m3   [2mHabitual:[0m 0.014 ± 0.042 m3   [2mz:[0m +3.57   [2mdesvio:[0m +1073%   [2m(17 obs. dia_util)[0m
2026-07-21 17:21:44 [INFO] 
2026-07-21 17:21:44 [INFO]   🔴 [91m[1mI19JC065564I[0m
2026-07-21 17:21:44 [INFO]      consumiu MAIS que o habitual às 21h
2026-07-21 17:21:44 [INFO]      [2mReal:[0m 0.167 m3   [2mHabitual:[0m 0.073 ± 0.026 m3   [2mz:[0m +3.57   [2mdesvio:[0m +130%   [2m(19 obs. dia_util)[0m
2026-07-21 17:21:44 [INFO] 
2026-07-21 17:21:44 [INFO]   🔴 [91m[1mI21JC037663T[0m
2026-07-21 17:21:44 [INFO]      consumiu MAIS que o habitual às 22h
2026-07-21 17:21:44 [INFO]      [2mReal:[0m 0.750 m3   [2mHabitual:[0m 0.399 ± 0.100 m3   [2mz:[0m +3.52   [2mdesvio:[0m +88%   [2m(20 obs. dia_util)[0m
2026-07-21 17:21:44 [INFO] 
2026-07-21 17:21:44 [INFO] CSV guardado: C:\Users\anaca\OneDrive\Ambiente de Trabalho\Tese\ts-anomaly-detection-dissertation\results\agua\realtime\alerts\analise_agua_2026-05-12.csv
2026-07-21 17:21:44 [INFO] 
2026-07-21 17:21:44 [INFO] [1m======================================================================[0m
2026-07-21 17:21:44 [INFO] [1m  DETECAO DE ANOMALIAS AGUA - 2026-05-13[0m
2026-07-21 17:21:44 [INFO] [1m======================================================================[0m
2026-07-21 17:21:44 [INFO]   [2mTipo de dia:[0m        dia util
2026-07-21 17:21:44 [INFO]   [2mFonte:[0m              BAZE
2026-07-21 17:21:44 [INFO]   [2mContadores c/ dados:[0m 417
2026-07-21 17:21:44 [INFO]   [2mPontos contador/hora:[0m 8709
2026-07-21 17:21:44 [INFO]   [2mThreshold:[0m          |z| > 3.5 [2m(adaptativo a este tipo de dia)[0m
2026-07-21 17:21:44 [INFO] 
2026-07-21 17:22:22 [INFO] [1m--- Resumo -------------------------------------[0m
2026-07-21 17:22:22 [INFO]   [92mNormal[0m                  8651 [2m( 99.3%)[0m
2026-07-21 17:22:22 [INFO]   [91mDesvio (alta confianca)[0m   57 [2m(  0.7%)[0m
2026-07-21 17:22:22 [INFO]   [93mDesvio (baixa confianca)[0m   0 [2m(  0.0%)[0m
2026-07-21 17:22:22 [INFO]   [90mSem historico suficiente[0m   1
2026-07-21 17:22:22 [INFO]   [2mTempo: 37.9s[0m
2026-07-21 17:22:22 [INFO] 
2026-07-21 17:22:22 [INFO] [1m--- Desvios de ALTA confianca (57) -------------------[0m
2026-07-21 17:22:22 [INFO] 
2026-07-21 17:22:22 [INFO]   🔴 [91m[1mD08AC395031B[0m
2026-07-21 17:22:22 [INFO]      consumiu MAIS que o habitual às 01h
2026-07-21 17:22:22 [INFO]      [2mReal:[0m 0.132 m3   [2mHabitual:[0m 0.013 ± 0.010 m3   [2mz:[0m +10.00 (cap)   [2mdesvio:[0m +885%   [2m(20 obs. dia_util)[0m
2026-07-21 17:22:22 [INFO] 
2026-07-21 17:22:22 [INFO]   🔴 [91m[1mD13XF126371P[0m
2026-07-21 17:22:22 [INFO]      consumiu MAIS que o habitual às 19h
2026-07-21 17:22:22 [INFO]      [2mReal:[0m 0.680 m3   [2mHabitual:[0m 0.023 ± 0.034 m3   [2mz:[0m +10.00 (cap)   [2mdesvio:[0m +2818%   [2m(21 obs. dia_util)[0m
2026-07-21 17:22:22 [INFO] 
2026-07-21 17:22:22 [INFO]   🔴 [91m[1mD19BX000041[0m
2026-07-21 17:22:22 [INFO]      consumiu MAIS que o habitual às 04h
2026-07-21 17:22:22 [INFO]      [2mReal:[0m 0.977 m3   [2mHabitual:[0m 0.003 ± 0.014 m3   [2mz:[0m +10.00 (cap)   [2mdesvio:[0m +30431%   [2m(19 obs. dia_util)[0m
2026-07-21 17:22:22 [INFO] 
2026-07-21 17:22:22 [INFO]   🔴 [91m[1mD19BX000041[0m
2026-07-21 17:22:22 [INFO]      consumiu MAIS que o habitual às 05h
2026-07-21 17:22:22 [INFO]      [2mReal:[0m 0.227 m3   [2mHabitual:[0m 0.001 ± 0.010 m3   [2mz:[0m +10.00 (cap)   [2mdesvio:[0m +22640%   [2m(19 obs. dia_util)[0m
2026-07-21 17:22:22 [INFO] 
2026-07-21 17:22:22 [INFO]   🔴 [91m[1mD19BX000041[0m
2026-07-21 17:22:22 [INFO]      consumiu MAIS que o habitual às 06h
2026-07-21 17:22:22 [INFO]      [2mReal:[0m 0.237 m3   [2mHabitual:[0m 0.003 ± 0.010 m3   [2mz:[0m +10.00 (cap)   [2mdesvio:[0m +9015%   [2m(19 obs. dia_util)[0m
2026-07-21 17:22:22 [INFO] 
2026-07-21 17:22:22 [INFO]   🔴 [91m[1mD19BX000041[0m
2026-07-21 17:22:22 [INFO]      consumiu MAIS que o habitual às 07h
2026-07-21 17:22:22 [INFO]      [2mReal:[0m 0.147 m3   [2mHabitual:[0m 0.003 ± 0.010 m3   [2mz:[0m +10.00 (cap)   [2mdesvio:[0m +5344%   [2m(19 obs. dia_util)[0m
2026-07-21 17:22:22 [INFO] 
2026-07-21 17:22:22 [INFO]   🔴 [91m[1mI19JC029855[0m
2026-07-21 17:22:22 [INFO]      consumiu MAIS que o habitual às 04h
2026-07-21 17:22:22 [INFO]      [2mReal:[0m 0.372 m3   [2mHabitual:[0m 0.026 ± 0.023 m3   [2mz:[0m +10.00 (cap)   [2mdesvio:[0m +1325%   [2m(18 obs. dia_util)[0m
2026-07-21 17:22:22 [INFO] 
2026-07-21 17:22:22 [INFO]   🔴 [91m[1mI23JC095961O[0m
2026-07-21 17:22:22 [INFO]      consumiu MAIS que o habitual às 00h
2026-07-21 17:22:22 [INFO]      [2mReal:[0m 8.100 m3   [2mHabitual:[0m 0.289 ± 0.221 m3   [2mz:[0m +10.00 (cap)   [2mdesvio:[0m +2703%   [2m(15 obs. dia_util)[0m
2026-07-21 17:22:22 [INFO] 
2026-07-21 17:22:22 [INFO]   🔴 [91m[1mI18MF912111K[0m
2026-07-21 17:22:22 [INFO]      consumiu MAIS que o habitual às 06h
2026-07-21 17:22:22 [INFO]      [2mReal:[0m 2.470 m3   [2mHabitual:[0m 0.276 ± 0.222 m3   [2mz:[0m +9.90   [2mdesvio:[0m +795%   [2m(20 obs. dia_util)[0m
2026-07-21 17:22:22 [INFO] 
2026-07-21 17:22:22 [INFO]   🔴 [91m[1mC18SC005963M[0m
2026-07-21 17:22:22 [INFO]      consumiu MAIS que o habitual às 04h
2026-07-21 17:22:22 [INFO]      [2mReal:[0m 0.219 m3   [2mHabitual:[0m 0.029 ± 0.021 m3   [2mz:[0m +9.15   [2mdesvio:[0m +655%   [2m(14 obs. dia_util)[0m
2026-07-21 17:22:22 [INFO] 
2026-07-21 17:22:22 [INFO]   🔴 [91m[1mD13XF126371P[0m
2026-07-21 17:22:22 [INFO]      consumiu MAIS que o habitual às 20h
2026-07-21 17:22:22 [INFO]      [2mReal:[0m 0.090 m3   [2mHabitual:[0m 0.001 ± 0.010 m3   [2mz:[0m +8.86   [2mdesvio:[0m +6329%   [2m(21 obs. dia_util)[0m
2026-07-21 17:22:22 [INFO] 
2026-07-21 17:22:22 [INFO]   🔴 [91m[1mI21LA327835[0m
2026-07-21 17:22:22 [INFO]      consumiu MAIS que o habitual às 21h
2026-07-21 17:22:22 [INFO]      [2mReal:[0m 0.127 m3   [2mHabitual:[0m 0.005 ± 0.016 m3   [2mz:[0m +7.72   [2mdesvio:[0m +2296%   [2m(18 obs. dia_util)[0m
2026-07-21 17:22:22 [INFO] 
2026-07-21 17:22:22 [INFO]   🔴 [91m[1mC16SC000825R[0m
2026-07-21 17:22:22 [INFO]      consumiu MAIS que o habitual às 23h
2026-07-21 17:22:22 [INFO]      [2mReal:[0m 2.579 m3   [2mHabitual:[0m 0.105 ± 0.337 m3   [2mz:[0m +7.35   [2mdesvio:[0m +2363%   [2m(21 obs. dia_util)[0m
2026-07-21 17:22:22 [INFO] 
2026-07-21 17:22:22 [INFO]   🔴 [91m[1mI20MF945857[0m
2026-07-21 17:22:22 [INFO]      consumiu MAIS que o habitual às 12h
2026-07-21 17:22:22 [INFO]      [2mReal:[0m 1.210 m3   [2mHabitual:[0m 0.433 ± 0.108 m3   [2mz:[0m +7.16   [2mdesvio:[0m +179%   [2m(20 obs. dia_util)[0m
2026-07-21 17:22:22 [INFO] 
2026-07-21 17:22:22 [INFO]   🔴 [91m[1mI19MF927865[0m
2026-07-21 17:22:22 [INFO]      consumiu MAIS que o habitual às 01h
2026-07-21 17:22:22 [INFO]      [2mReal:[0m 24.910 m3   [2mHabitual:[0m 1.043 ± 3.431 m3   [2mz:[0m +6.96   [2mdesvio:[0m +2289%   [2m(19 obs. dia_util)[0m
2026-07-21 17:22:22 [INFO] 
2026-07-21 17:22:22 [INFO]   🔴 [91m[1mI21JC029335J[0m
2026-07-21 17:22:22 [INFO]      consumiu MAIS que o habitual às 03h
2026-07-21 17:22:22 [INFO]      [2mReal:[0m 0.070 m3   [2mHabitual:[0m 0.002 ± 0.010 m3   [2mz:[0m +6.83   [2mdesvio:[0m +4018%   [2m(13 obs. dia_util)[0m
2026-07-21 17:22:22 [INFO] 
2026-07-21 17:22:22 [INFO]   🔴 [91m[1mI23LA009785[0m
2026-07-21 17:22:22 [INFO]      consumiu MAIS que o habitual às 23h
2026-07-21 17:22:22 [INFO]      [2mReal:[0m 0.265 m3   [2mHabitual:[0m 0.106 ± 0.027 m3   [2mz:[0m +5.96   [2mdesvio:[0m +149%   [2m(21 obs. dia_util)[0m
2026-07-21 17:22:22 [INFO] 
2026-07-21 17:22:22 [INFO]   🔴 [91m[1mI23LA009785[0m
2026-07-21 17:22:22 [INFO]      consumiu MAIS que o habitual às 20h
2026-07-21 17:22:22 [INFO]      [2mReal:[0m 0.255 m3   [2mHabitual:[0m 0.103 ± 0.026 m3   [2mz:[0m +5.92   [2mdesvio:[0m +148%   [2m(21 obs. dia_util)[0m
2026-07-21 17:22:22 [INFO] 
2026-07-21 17:22:22 [INFO]   🔴 [91m[1mI23LA009785[0m
2026-07-21 17:22:22 [INFO]      consumiu MAIS que o habitual às 22h
2026-07-21 17:22:22 [INFO]      [2mReal:[0m 0.260 m3   [2mHabitual:[0m 0.105 ± 0.026 m3   [2mz:[0m +5.90   [2mdesvio:[0m +147%   [2m(21 obs. dia_util)[0m
2026-07-21 17:22:22 [INFO] 
2026-07-21 17:22:22 [INFO]   🔴 [91m[1mI23LA009785[0m
2026-07-21 17:22:22 [INFO]      consumiu MAIS que o habitual às 21h
2026-07-21 17:22:22 [INFO]      [2mReal:[0m 0.256 m3   [2mHabitual:[0m 0.104 ± 0.026 m3   [2mz:[0m +5.88   [2mdesvio:[0m +147%   [2m(21 obs. dia_util)[0m
2026-07-21 17:22:22 [INFO] 
2026-07-21 17:22:22 [INFO]   🔴 [91m[1mI23LA009785[0m
2026-07-21 17:22:22 [INFO]      consumiu MAIS que o habitual às 19h
2026-07-21 17:22:22 [INFO]      [2mReal:[0m 0.258 m3   [2mHabitual:[0m 0.105 ± 0.026 m3   [2mz:[0m +5.85   [2mdesvio:[0m +146%   [2m(21 obs. dia_util)[0m
2026-07-21 17:22:22 [INFO] 
2026-07-21 17:22:22 [INFO]   🔴 [91m[1mD19BX000057[0m
2026-07-21 17:22:22 [INFO]      consumiu MAIS que o habitual às 07h
2026-07-21 17:22:22 [INFO]      [2mReal:[0m 0.083 m3   [2mHabitual:[0m 0.010 ± 0.013 m3   [2mz:[0m +5.49   [2mdesvio:[0m +706%   [2m(21 obs. dia_util)[0m
2026-07-21 17:22:22 [INFO] 
2026-07-21 17:22:22 [INFO]   🔴 [91m[1mI21JC037658W[0m
2026-07-21 17:22:22 [INFO]      consumiu MAIS que o habitual às 21h
2026-07-21 17:22:22 [INFO]      [2mReal:[0m 0.062 m3   [2mHabitual:[0m 0.007 ± 0.010 m3   [2mz:[0m +5.46   [2mdesvio:[0m +738%   [2m(11 obs. dia_util)[0m
2026-07-21 17:22:22 [INFO] 
2026-07-21 17:22:22 [INFO]   🔴 [91m[1mC22FC002165M[0m
2026-07-21 17:22:22 [INFO]      consumiu MAIS que o habitual às 11h
2026-07-21 17:22:22 [INFO]      [2mReal:[0m 0.188 m3   [2mHabitual:[0m 0.057 ± 0.024 m3   [2mz:[0m +5.44   [2mdesvio:[0m +233%   [2m(18 obs. dia_util)[0m
2026-07-21 17:22:22 [INFO] 
2026-07-21 17:22:22 [INFO]   🔴 [91m[1mC23FE003152I[0m
2026-07-21 17:22:22 [INFO]      consumiu MAIS que o habitual às 19h
2026-07-21 17:22:22 [INFO]      [2mReal:[0m 0.268 m3   [2mHabitual:[0m 0.033 ± 0.045 m3   [2mz:[0m +5.21   [2mdesvio:[0m +725%   [2m(21 obs. dia_util)[0m
2026-07-21 17:22:22 [INFO] 
2026-07-21 17:22:22 [INFO]   🔴 [91m[1mD01WF051014[0m
2026-07-21 17:22:22 [INFO]      consumiu MAIS que o habitual às 22h
2026-07-21 17:22:22 [INFO]      [2mReal:[0m 4.940 m3   [2mHabitual:[0m 1.450 ± 0.669 m3   [2mz:[0m +5.21   [2mdesvio:[0m +241%   [2m(14 obs. dia_util)[0m
2026-07-21 17:22:22 [INFO] 
2026-07-21 17:22:22 [INFO]   🔴 [91m[1mC20LB001379[0m
2026-07-21 17:22:22 [INFO]      consumiu MAIS que o habitual às 17h
2026-07-21 17:22:22 [INFO]      [2mReal:[0m 0.188 m3   [2mHabitual:[0m 0.046 ± 0.028 m3   [2mz:[0m +5.11   [2mdesvio:[0m +305%   [2m(21 obs. dia_util)[0m
2026-07-21 17:22:22 [INFO] 
2026-07-21 17:22:22 [INFO]   🔴 [91m[1mC17SC007487[0m
2026-07-21 17:22:22 [INFO]      consumiu MAIS que o habitual às 18h
2026-07-21 17:22:22 [INFO]      [2mReal:[0m 0.560 m3   [2mHabitual:[0m 0.247 ± 0.062 m3   [2mz:[0m +5.08   [2mdesvio:[0m +127%   [2m(17 obs. dia_util)[0m
2026-07-21 17:22:22 [INFO] 
2026-07-21 17:22:22 [INFO]   🔴 [91m[1mD08AC395031B[0m
2026-07-21 17:22:22 [INFO]      consumiu MAIS que o habitual às 15h
2026-07-21 17:22:22 [INFO]      [2mReal:[0m 0.329 m3   [2mHabitual:[0m 0.036 ± 0.059 m3   [2mz:[0m +4.96   [2mdesvio:[0m +819%   [2m(21 obs. dia_util)[0m
2026-07-21 17:22:22 [INFO] 
2026-07-21 17:22:22 [INFO]   🔴 [91m[1mC22FC002165M[0m
2026-07-21 17:22:22 [INFO]      consumiu MAIS que o habitual às 12h
2026-07-21 17:22:22 [INFO]      [2mReal:[0m 0.134 m3   [2mHabitual:[0m 0.056 ± 0.016 m3   [2mz:[0m +4.94   [2mdesvio:[0m +141%   [2m(18 obs. dia_util)[0m
2026-07-21 17:22:22 [INFO] 
2026-07-21 17:22:22 [INFO]   🔴 [91m[1mD08AC395031B[0m
2026-07-21 17:22:22 [INFO]      consumiu MAIS que o habitual às 02h
2026-07-21 17:22:22 [INFO]      [2mReal:[0m 0.053 m3   [2mHabitual:[0m 0.004 ± 0.010 m3   [2mz:[0m +4.88   [2mdesvio:[0m +1162%   [2m(20 obs. dia_util)[0m
2026-07-21 17:22:22 [INFO] 
2026-07-21 17:22:22 [INFO]   🔴 [91m[1mI20JE060957[0m
2026-07-21 17:22:22 [INFO]      consumiu MAIS que o habitual às 18h
2026-07-21 17:22:22 [INFO]      [2mReal:[0m 0.254 m3   [2mHabitual:[0m 0.083 ± 0.038 m3   [2mz:[0m +4.48   [2mdesvio:[0m +206%   [2m(21 obs. dia_util)[0m
2026-07-21 17:22:22 [INFO] 
2026-07-21 17:22:22 [INFO]   🔴 [91m[1mI17JE060878[0m
2026-07-21 17:22:22 [INFO]      consumiu MAIS que o habitual às 09h
2026-07-21 17:22:22 [INFO]      [2mReal:[0m 1.584 m3   [2mHabitual:[0m 0.489 ± 0.249 m3   [2mz:[0m +4.40   [2mdesvio:[0m +224%   [2m(21 obs. dia_util)[0m
2026-07-21 17:22:22 [INFO] 
2026-07-21 17:22:22 [INFO]   🔴 [91m[1mI19JC020003[0m
2026-07-21 17:22:22 [INFO]      consumiu MAIS que o habitual às 23h
2026-07-21 17:22:22 [INFO]      [2mReal:[0m 0.391 m3   [2mHabitual:[0m 0.101 ± 0.066 m3   [2mz:[0m +4.39   [2mdesvio:[0m +286%   [2m(21 obs. dia_util)[0m
2026-07-21 17:22:22 [INFO] 
2026-07-21 17:22:22 [INFO]   🔴 [91m[1mI23JC095867[0m
2026-07-21 17:22:22 [INFO]      consumiu MAIS que o habitual às 00h
2026-07-21 17:22:22 [INFO]      [2mReal:[0m 0.300 m3   [2mHabitual:[0m 0.068 ± 0.053 m3   [2mz:[0m +4.34   [2mdesvio:[0m +344%   [2m(17 obs. dia_util)[0m
2026-07-21 17:22:22 [INFO] 
2026-07-21 17:22:22 [INFO]   🔴 [91m[1mC18SC005963M[0m
2026-07-21 17:22:22 [INFO]      consumiu MAIS que o habitual às 07h
2026-07-21 17:22:22 [INFO]      [2mReal:[0m 0.318 m3   [2mHabitual:[0m 0.107 ± 0.049 m3   [2mz:[0m +4.32   [2mdesvio:[0m +198%   [2m(19 obs. dia_util)[0m
2026-07-21 17:22:22 [INFO] 
2026-07-21 17:22:22 [INFO]   🔴 [91m[1mI20JE067857[0m
2026-07-21 17:22:22 [INFO]      consumiu MAIS que o habitual às 21h
2026-07-21 17:22:22 [INFO]      [2mReal:[0m 0.177 m3   [2mHabitual:[0m 0.030 ± 0.034 m3   [2mz:[0m +4.30   [2mdesvio:[0m +492%   [2m(21 obs. dia_util)[0m
2026-07-21 17:22:22 [INFO] 
2026-07-21 17:22:22 [INFO]   🔴 [91m[1mI23JC096063T[0m
2026-07-21 17:22:22 [INFO]      consumiu MAIS que o habitual às 06h
2026-07-21 17:22:22 [INFO]      [2mReal:[0m 0.159 m3   [2mHabitual:[0m 0.034 ± 0.029 m3   [2mz:[0m +4.28   [2mdesvio:[0m +366%   [2m(20 obs. dia_util)[0m
2026-07-21 17:22:22 [INFO] 
2026-07-21 17:22:22 [INFO]   🔴 [91m[1mD13XF126371P[0m
2026-07-21 17:22:22 [INFO]      consumiu MAIS que o habitual às 18h
2026-07-21 17:22:22 [INFO]      [2mReal:[0m 0.230 m3   [2mHabitual:[0m 0.075 ± 0.036 m3   [2mz:[0m +4.25   [2mdesvio:[0m +206%   [2m(21 obs. dia_util)[0m
2026-07-21 17:22:22 [INFO] 
2026-07-21 17:22:22 [INFO]   🔴 [91m[1mI19JC029874[0m
2026-07-21 17:22:22 [INFO]      consumiu MAIS que o habitual às 18h
2026-07-21 17:22:22 [INFO]      [2mReal:[0m 0.168 m3   [2mHabitual:[0m 0.053 ± 0.028 m3   [2mz:[0m +4.12   [2mdesvio:[0m +216%   [2m(20 obs. dia_util)[0m
2026-07-21 17:22:22 [INFO] 
2026-07-21 17:22:22 [INFO]   🔴 [91m[1mI21JC037658W[0m
2026-07-21 17:22:22 [INFO]      consumiu MAIS que o habitual às 23h
2026-07-21 17:22:22 [INFO]      [2mReal:[0m 0.055 m3   [2mHabitual:[0m 0.010 ± 0.011 m3   [2mz:[0m +4.11   [2mdesvio:[0m +467%   [2m(15 obs. dia_util)[0m
2026-07-21 17:22:22 [INFO] 
2026-07-21 17:22:22 [INFO]   🔴 [91m[1mI21JC029148I[0m
2026-07-21 17:22:22 [INFO]      consumiu MAIS que o habitual às 00h
2026-07-21 17:22:22 [INFO]      [2mReal:[0m 0.592 m3   [2mHabitual:[0m 0.091 ± 0.125 m3   [2mz:[0m +3.99   [2mdesvio:[0m +548%   [2m(21 obs. dia_util)[0m
2026-07-21 17:22:22 [INFO] 
2026-07-21 17:22:22 [INFO]   🔴 [91m[1mD19BX000041[0m
2026-07-21 17:22:22 [INFO]      consumiu MAIS que o habitual às 08h
2026-07-21 17:22:22 [INFO]      [2mReal:[0m 0.175 m3   [2mHabitual:[0m 0.016 ± 0.040 m3   [2mz:[0m +3.98   [2mdesvio:[0m +1015%   [2m(15 obs. dia_util)[0m
2026-07-21 17:22:22 [INFO] 
2026-07-21 17:22:22 [INFO]   🔴 [91m[1mD16BX009428[0m
2026-07-21 17:22:22 [INFO]      consumiu MAIS que o habitual às 17h
2026-07-21 17:22:22 [INFO]      [2mReal:[0m 0.377 m3   [2mHabitual:[0m 0.190 ± 0.047 m3   [2mz:[0m +3.95   [2mdesvio:[0m +99%   [2m(18 obs. dia_util)[0m
2026-07-21 17:22:22 [INFO] 
2026-07-21 17:22:22 [INFO]   🔴 [91m[1mI19JC029855[0m
2026-07-21 17:22:22 [INFO]      consumiu MAIS que o habitual às 07h
2026-07-21 17:22:22 [INFO]      [2mReal:[0m 0.083 m3   [2mHabitual:[0m 0.026 ± 0.014 m3   [2mz:[0m +3.95   [2mdesvio:[0m +217%   [2m(19 obs. dia_util)[0m
2026-07-21 17:22:22 [INFO] 
2026-07-21 17:22:22 [INFO]   🔵 [94m[1mI20JE060959[0m
2026-07-21 17:22:22 [INFO]      consumiu MENOS que o habitual às 20h
2026-07-21 17:22:22 [INFO]      [2mReal:[0m 0.001 m3   [2mHabitual:[0m 0.071 ± 0.018 m3   [2mz:[0m -3.94   [2mdesvio:[0m -99%   [2m(18 obs. dia_util)[0m
2026-07-21 17:22:22 [INFO] 
2026-07-21 17:22:22 [INFO]   🔵 [94m[1mI20JE060959[0m
2026-07-21 17:22:22 [INFO]      consumiu MENOS que o habitual às 21h
2026-07-21 17:22:22 [INFO]      [2mReal:[0m 0.001 m3   [2mHabitual:[0m 0.071 ± 0.018 m3   [2mz:[0m -3.94   [2mdesvio:[0m -99%   [2m(18 obs. dia_util)[0m
2026-07-21 17:22:22 [INFO] 
2026-07-21 17:22:22 [INFO]   🔵 [94m[1mI20JE060959[0m
2026-07-21 17:22:22 [INFO]      consumiu MENOS que o habitual às 22h
2026-07-21 17:22:22 [INFO]      [2mReal:[0m 0.001 m3   [2mHabitual:[0m 0.072 ± 0.018 m3   [2mz:[0m -3.94   [2mdesvio:[0m -99%   [2m(18 obs. dia_util)[0m
2026-07-21 17:22:22 [INFO] 
2026-07-21 17:22:22 [INFO]   🔴 [91m[1mC16SE010255[0m
2026-07-21 17:22:22 [INFO]      consumiu MAIS que o habitual às 14h
2026-07-21 17:22:22 [INFO]      [2mReal:[0m 0.419 m3   [2mHabitual:[0m 0.166 ± 0.065 m3   [2mz:[0m +3.92   [2mdesvio:[0m +153%   [2m(14 obs. dia_util)[0m
2026-07-21 17:22:22 [INFO] 
2026-07-21 17:22:22 [INFO]   🔴 [91m[1mI21JC029465S[0m
2026-07-21 17:22:22 [INFO]      consumiu MAIS que o habitual às 09h
2026-07-21 17:22:22 [INFO]      [2mReal:[0m 3.406 m3   [2mHabitual:[0m 0.930 ± 0.637 m3   [2mz:[0m +3.89   [2mdesvio:[0m +266%   [2m(20 obs. dia_util)[0m
2026-07-21 17:22:22 [INFO] 
2026-07-21 17:22:22 [INFO]   🔴 [91m[1mI23JC096061R[0m
2026-07-21 17:22:22 [INFO]      consumiu MAIS que o habitual às 23h
2026-07-21 17:22:22 [INFO]      [2mReal:[0m 0.135 m3   [2mHabitual:[0m 0.042 ± 0.024 m3   [2mz:[0m +3.85   [2mdesvio:[0m +220%   [2m(21 obs. dia_util)[0m
2026-07-21 17:22:22 [INFO] 
2026-07-21 17:22:22 [INFO]   🔴 [91m[1mI19JC029855[0m
2026-07-21 17:22:22 [INFO]      consumiu MAIS que o habitual às 08h
2026-07-21 17:22:22 [INFO]      [2mReal:[0m 0.532 m3   [2mHabitual:[0m 0.155 ± 0.100 m3   [2mz:[0m +3.77   [2mdesvio:[0m +244%   [2m(17 obs. dia_util)[0m
2026-07-21 17:22:22 [INFO] 
2026-07-21 17:22:22 [INFO]   🔴 [91m[1mC18SC002113[0m
2026-07-21 17:22:22 [INFO]      consumiu MAIS que o habitual às 16h
2026-07-21 17:22:22 [INFO]      [2mReal:[0m 4.981 m3   [2mHabitual:[0m 1.308 ± 0.995 m3   [2mz:[0m +3.69   [2mdesvio:[0m +281%   [2m(20 obs. dia_util)[0m
2026-07-21 17:22:22 [INFO] 
2026-07-21 17:22:22 [INFO]   🔴 [91m[1mD19BX000041[0m
2026-07-21 17:22:22 [INFO]      consumiu MAIS que o habitual às 09h
2026-07-21 17:22:22 [INFO]      [2mReal:[0m 0.209 m3   [2mHabitual:[0m 0.024 ± 0.051 m3   [2mz:[0m +3.64   [2mdesvio:[0m +774%   [2m(15 obs. dia_util)[0m
2026-07-21 17:22:22 [INFO] 
2026-07-21 17:22:22 [INFO]   🔴 [91m[1mI23JC096060Q[0m
2026-07-21 17:22:22 [INFO]      consumiu MAIS que o habitual às 09h
2026-07-21 17:22:22 [INFO]      [2mReal:[0m 0.199 m3   [2mHabitual:[0m 0.078 ± 0.034 m3   [2mz:[0m +3.60   [2mdesvio:[0m +154%   [2m(20 obs. dia_util)[0m
2026-07-21 17:22:22 [INFO] 
2026-07-21 17:22:22 [INFO]   🔴 [91m[1mD15XF072893[0m
2026-07-21 17:22:22 [INFO]      consumiu MAIS que o habitual às 10h
2026-07-21 17:22:22 [INFO]      [2mReal:[0m 0.330 m3   [2mHabitual:[0m 0.019 ± 0.087 m3   [2mz:[0m +3.56   [2mdesvio:[0m +1637%   [2m(21 obs. dia_util)[0m
2026-07-21 17:22:22 [INFO] 
2026-07-21 17:22:22 [INFO]   🔴 [91m[1mI22JC094286P[0m
2026-07-21 17:22:22 [INFO]      consumiu MAIS que o habitual às 22h
2026-07-21 17:22:22 [INFO]      [2mReal:[0m 0.401 m3   [2mHabitual:[0m 0.199 ± 0.057 m3   [2mz:[0m +3.52   [2mdesvio:[0m +101%   [2m(19 obs. dia_util)[0m
2026-07-21 17:22:22 [INFO] 
2026-07-21 17:22:22 [INFO] CSV guardado: C:\Users\anaca\OneDrive\Ambiente de Trabalho\Tese\ts-anomaly-detection-dissertation\results\agua\realtime\alerts\analise_agua_2026-05-13.csv
2026-07-21 17:22:22 [INFO] 
2026-07-21 17:22:22 [INFO] [1m======================================================================[0m
2026-07-21 17:22:22 [INFO] [1m  DETECAO DE ANOMALIAS AGUA - 2026-05-14[0m
2026-07-21 17:22:22 [INFO] [1m======================================================================[0m
2026-07-21 17:22:22 [INFO]   [2mTipo de dia:[0m        dia util
2026-07-21 17:22:22 [INFO]   [2mFonte:[0m              BAZE
2026-07-21 17:22:22 [INFO]   [2mContadores c/ dados:[0m 397
2026-07-21 17:22:22 [INFO]   [2mPontos contador/hora:[0m 8533
2026-07-21 17:22:22 [INFO]   [2mThreshold:[0m          |z| > 3.5 [2m(adaptativo a este tipo de dia)[0m
2026-07-21 17:22:22 [INFO] 
2026-07-21 17:22:54 [INFO] [1m--- Resumo -------------------------------------[0m
2026-07-21 17:22:54 [INFO]   [92mNormal[0m                  8451 [2m( 99.1%)[0m
2026-07-21 17:22:54 [INFO]   [91mDesvio (alta confianca)[0m   73 [2m(  0.9%)[0m
2026-07-21 17:22:54 [INFO]   [93mDesvio (baixa confianca)[0m   1 [2m(  0.0%)[0m
2026-07-21 17:22:54 [INFO]   [90mSem historico suficiente[0m   8
2026-07-21 17:22:54 [INFO]   [2mTempo: 32.0s[0m
2026-07-21 17:22:54 [INFO] 
2026-07-21 17:22:54 [INFO] [1m--- Desvios de ALTA confianca (73) -------------------[0m
2026-07-21 17:22:54 [INFO] 
2026-07-21 17:22:54 [INFO]   🔴 [91m[1mD05AE129685[0m
2026-07-21 17:22:54 [INFO]      consumiu MAIS que o habitual às 14h
2026-07-21 17:22:54 [INFO]      [2mReal:[0m 0.453 m3   [2mHabitual:[0m 0.011 ± 0.010 m3   [2mz:[0m +10.00 (cap)   [2mdesvio:[0m +4134%   [2m(12 obs. dia_util)[0m
2026-07-21 17:22:54 [INFO] 
2026-07-21 17:22:54 [INFO]   🔴 [91m[1mD06AE082862[0m
2026-07-21 17:22:54 [INFO]      consumiu MAIS que o habitual às 15h
2026-07-21 17:22:54 [INFO]      [2mReal:[0m 1.009 m3   [2mHabitual:[0m 0.064 ± 0.069 m3   [2mz:[0m +10.00 (cap)   [2mdesvio:[0m +1474%   [2m(20 obs. dia_util)[0m
2026-07-21 17:22:54 [INFO] 
2026-07-21 17:22:54 [INFO]   🔴 [91m[1mD10OF068767[0m
2026-07-21 17:22:54 [INFO]      consumiu MAIS que o habitual às 21h
2026-07-21 17:22:54 [INFO]      [2mReal:[0m 2.600 m3   [2mHabitual:[0m 0.005 ± 0.023 m3   [2mz:[0m +10.00 (cap)   [2mdesvio:[0m +48957%   [2m(19 obs. dia_util)[0m
2026-07-21 17:22:54 [INFO] 
2026-07-21 17:22:54 [INFO]   🔴 [91m[1mD10OF068767[0m
2026-07-21 17:22:54 [INFO]      consumiu MAIS que o habitual às 22h
2026-07-21 17:22:54 [INFO]      [2mReal:[0m 2.600 m3   [2mHabitual:[0m 0.000 ± 0.010 m3   [2mz:[0m +10.00 (cap)   [2mdesvio:[0m +260000%   [2m(20 obs. dia_util)[0m
2026-07-21 17:22:54 [INFO] 
2026-07-21 17:22:54 [INFO]   🔴 [91m[1mD10OF068767[0m
2026-07-21 17:22:54 [INFO]      consumiu MAIS que o habitual às 23h
2026-07-21 17:22:54 [INFO]      [2mReal:[0m 2.700 m3   [2mHabitual:[0m 0.000 ± 0.010 m3   [2mz:[0m +10.00 (cap)   [2mdesvio:[0m +270000%   [2m(20 obs. dia_util)[0m
2026-07-21 17:22:54 [INFO] 
2026-07-21 17:22:54 [INFO]   🔴 [91m[1mD16BX009428[0m
2026-07-21 17:22:54 [INFO]      consumiu MAIS que o habitual às 16h
2026-07-21 17:22:54 [INFO]      [2mReal:[0m 0.934 m3   [2mHabitual:[0m 0.186 ± 0.047 m3   [2mz:[0m +10.00 (cap)   [2mdesvio:[0m +402%   [2m(18 obs. dia_util)[0m
2026-07-21 17:22:54 [INFO] 
2026-07-21 17:22:54 [INFO]   🔴 [91m[1mD19BX000041[0m
2026-07-21 17:22:54 [INFO]      consumiu MAIS que o habitual às 01h
2026-07-21 17:22:54 [INFO]      [2mReal:[0m 0.130 m3   [2mHabitual:[0m 0.001 ± 0.010 m3   [2mz:[0m +10.00 (cap)   [2mdesvio:[0m +12930%   [2m(17 obs. dia_util)[0m
2026-07-21 17:22:54 [INFO] 
2026-07-21 17:22:54 [INFO]   🔴 [91m[1mD19BX000041[0m
2026-07-21 17:22:54 [INFO]      consumiu MAIS que o habitual às 02h
2026-07-21 17:22:54 [INFO]      [2mReal:[0m 0.122 m3   [2mHabitual:[0m 0.000 ± 0.010 m3   [2mz:[0m +10.00 (cap)   [2mdesvio:[0m +12200%   [2m(17 obs. dia_util)[0m
2026-07-21 17:22:54 [INFO] 
2026-07-21 17:22:54 [INFO]   🔴 [91m[1mI19JC065537[0m
2026-07-21 17:22:54 [INFO]      consumiu MAIS que o habitual às 08h
2026-07-21 17:22:54 [INFO]      [2mReal:[0m 0.135 m3   [2mHabitual:[0m 0.012 ± 0.010 m3   [2mz:[0m +10.00 (cap)   [2mdesvio:[0m +1034%   [2m(20 obs. dia_util)[0m
2026-07-21 17:22:54 [INFO] 
2026-07-21 17:22:54 [INFO]   🔴 [91m[1mI19MF927865[0m
2026-07-21 17:22:54 [INFO]      consumiu MAIS que o habitual às 08h
2026-07-21 17:22:54 [INFO]      [2mReal:[0m 5.080 m3   [2mHabitual:[0m 0.003 ± 0.015 m3   [2mz:[0m +10.00 (cap)   [2mdesvio:[0m +153839%   [2m(21 obs. dia_util)[0m
2026-07-21 17:22:54 [INFO] 
2026-07-21 17:22:54 [INFO]   🔴 [91m[1mI21LA186299[0m
2026-07-21 17:22:54 [INFO]      consumiu MAIS que o habitual às 10h
2026-07-21 17:22:54 [INFO]      [2mReal:[0m 0.145 m3   [2mHabitual:[0m 0.000 ± 0.010 m3   [2mz:[0m +10.00 (cap)   [2mdesvio:[0m +14500%   [2m(17 obs. dia_util)[0m
2026-07-21 17:22:54 [INFO] 
2026-07-21 17:22:54 [INFO]   🔴 [91m[1mI21LA186299[0m
2026-07-21 17:22:54 [INFO]      consumiu MAIS que o habitual às 11h
2026-07-21 17:22:54 [INFO]      [2mReal:[0m 0.330 m3   [2mHabitual:[0m 0.000 ± 0.010 m3   [2mz:[0m +10.00 (cap)   [2mdesvio:[0m +33000%   [2m(17 obs. dia_util)[0m
2026-07-21 17:22:54 [INFO] 
2026-07-21 17:22:54 [INFO]   🔴 [91m[1mI21LA186299[0m
2026-07-21 17:22:54 [INFO]      consumiu MAIS que o habitual às 14h
2026-07-21 17:22:54 [INFO]      [2mReal:[0m 0.183 m3   [2mHabitual:[0m 0.000 ± 0.010 m3   [2mz:[0m +10.00 (cap)   [2mdesvio:[0m +18300%   [2m(18 obs. dia_util)[0m
2026-07-21 17:22:54 [INFO] 
2026-07-21 17:22:54 [INFO]   🔴 [91m[1mI21LA186299[0m
2026-07-21 17:22:54 [INFO]      consumiu MAIS que o habitual às 15h
2026-07-21 17:22:54 [INFO]      [2mReal:[0m 0.421 m3   [2mHabitual:[0m 0.000 ± 0.010 m3   [2mz:[0m +10.00 (cap)   [2mdesvio:[0m +42100%   [2m(18 obs. dia_util)[0m
2026-07-21 17:22:54 [INFO] 
2026-07-21 17:22:54 [INFO]   🔴 [91m[1mI21LA186299[0m
2026-07-21 17:22:54 [INFO]      consumiu MAIS que o habitual às 16h
2026-07-21 17:22:54 [INFO]      [2mReal:[0m 0.208 m3   [2mHabitual:[0m 0.000 ± 0.010 m3   [2mz:[0m +10.00 (cap)   [2mdesvio:[0m +20800%   [2m(20 obs. dia_util)[0m
2026-07-21 17:22:54 [INFO] 
2026-07-21 17:22:54 [INFO]   🔴 [91m[1mD19BX000041[0m
2026-07-21 17:22:54 [INFO]      consumiu MAIS que o habitual às 03h
2026-07-21 17:22:54 [INFO]      [2mReal:[0m 0.087 m3   [2mHabitual:[0m 0.001 ± 0.010 m3   [2mz:[0m +8.65   [2mdesvio:[0m +8650%   [2m(17 obs. dia_util)[0m
2026-07-21 17:22:54 [INFO] 
2026-07-21 17:22:54 [INFO]   🔴 [91m[1mI19JC065537[0m
2026-07-21 17:22:54 [INFO]      consumiu MAIS que o habitual às 07h
2026-07-21 17:22:54 [INFO]      [2mReal:[0m 0.091 m3   [2mHabitual:[0m 0.008 ± 0.010 m3   [2mz:[0m +8.33   [2mdesvio:[0m +1082%   [2m(20 obs. dia_util)[0m
2026-07-21 17:22:54 [INFO] 
2026-07-21 17:22:54 [INFO]   🔴 [91m[1mI19JC029885[0m
2026-07-21 17:22:54 [INFO]      consumiu MAIS que o habitual às 09h
2026-07-21 17:22:54 [INFO]      [2mReal:[0m 1.033 m3   [2mHabitual:[0m 0.087 ± 0.116 m3   [2mz:[0m +8.18   [2mdesvio:[0m +1082%   [2m(21 obs. dia_util)[0m
2026-07-21 17:22:54 [INFO] 
2026-07-21 17:22:54 [INFO]   🔴 [91m[1mI21JC043488L[0m
2026-07-21 17:22:54 [INFO]      consumiu MAIS que o habitual às 02h
2026-07-21 17:22:54 [INFO]      [2mReal:[0m 0.113 m3   [2mHabitual:[0m 0.007 ± 0.013 m3   [2mz:[0m +7.85   [2mdesvio:[0m +1562%   [2m(21 obs. dia_util)[0m
2026-07-21 17:22:54 [INFO] 
2026-07-21 17:22:54 [INFO]   🔴 [91m[1mD19BX000041[0m
2026-07-21 17:22:54 [INFO]      consumiu MAIS que o habitual às 12h
2026-07-21 17:22:54 [INFO]      [2mReal:[0m 0.861 m3   [2mHabitual:[0m 0.048 ± 0.111 m3   [2mz:[0m +7.34   [2mdesvio:[0m +1694%   [2m(20 obs. dia_util)[0m
2026-07-21 17:22:54 [INFO] 
2026-07-21 17:22:54 [INFO]   🔴 [91m[1mD01WF051014[0m
2026-07-21 17:22:54 [INFO]      consumiu MAIS que o habitual às 18h
2026-07-21 17:22:54 [INFO]      [2mReal:[0m 0.970 m3   [2mHabitual:[0m 0.172 ± 0.118 m3   [2mz:[0m +6.75   [2mdesvio:[0m +465%   [2m(18 obs. dia_util)[0m
2026-07-21 17:22:54 [INFO] 
2026-07-21 17:22:54 [INFO]   🔴 [91m[1mI22JC094280J[0m
2026-07-21 17:22:54 [INFO]      consumiu MAIS que o habitual às 11h
2026-07-21 17:22:54 [INFO]      [2mReal:[0m 0.077 m3   [2mHabitual:[0m 0.014 ± 0.010 m3   [2mz:[0m +6.27   [2mdesvio:[0m +438%   [2m(7 obs. dia_util)[0m
2026-07-21 17:22:54 [INFO] 
2026-07-21 17:22:54 [INFO]   🔴 [91m[1mI21JC029107Z[0m
2026-07-21 17:22:54 [INFO]      consumiu MAIS que o habitual às 16h
2026-07-21 17:22:54 [INFO]      [2mReal:[0m 5.219 m3   [2mHabitual:[0m 0.242 ± 0.814 m3   [2mz:[0m +6.11   [2mdesvio:[0m +2057%   [2m(21 obs. dia_util)[0m
2026-07-21 17:22:54 [INFO] 
2026-07-21 17:22:54 [INFO]   🔴 [91m[1mI21LA173785[0m
2026-07-21 17:22:54 [INFO]      consumiu MAIS que o habitual às 16h
2026-07-21 17:22:54 [INFO]      [2mReal:[0m 0.090 m3   [2mHabitual:[0m 0.004 ± 0.014 m3   [2mz:[0m +6.02   [2mdesvio:[0m +2471%   [2m(21 obs. dia_util)[0m
2026-07-21 17:22:54 [INFO] 
2026-07-21 17:22:54 [INFO]   🔴 [91m[1mI21JC029335J[0m
2026-07-21 17:22:54 [INFO]      consumiu MAIS que o habitual às 07h
2026-07-21 17:22:54 [INFO]      [2mReal:[0m 0.103 m3   [2mHabitual:[0m 0.026 ± 0.013 m3   [2mz:[0m +5.97   [2mdesvio:[0m +289%   [2m(13 obs. dia_util)[0m
2026-07-21 17:22:54 [INFO] 
2026-07-21 17:22:54 [INFO]   🔴 [91m[1mI23LA009785[0m
2026-07-21 17:22:54 [INFO]      consumiu MAIS que o habitual às 06h
2026-07-21 17:22:54 [INFO]      [2mReal:[0m 0.263 m3   [2mHabitual:[0m 0.106 ± 0.026 m3   [2mz:[0m +5.94   [2mdesvio:[0m +149%   [2m(21 obs. dia_util)[0m
2026-07-21 17:22:54 [INFO] 
2026-07-21 17:22:54 [INFO]   🔴 [91m[1mI23LA009785[0m
2026-07-21 17:22:54 [INFO]      consumiu MAIS que o habitual às 00h
2026-07-21 17:22:54 [INFO]      [2mReal:[0m 0.267 m3   [2mHabitual:[0m 0.108 ± 0.027 m3   [2mz:[0m +5.93   [2mdesvio:[0m +148%   [2m(21 obs. dia_util)[0m
2026-07-21 17:22:54 [INFO] 
2026-07-21 17:22:54 [INFO]   🔴 [91m[1mI23LA009785[0m
2026-07-21 17:22:54 [INFO]      consumiu MAIS que o habitual às 01h
2026-07-21 17:22:54 [INFO]      [2mReal:[0m 0.269 m3   [2mHabitual:[0m 0.108 ± 0.027 m3   [2mz:[0m +5.93   [2mdesvio:[0m +148%   [2m(21 obs. dia_util)[0m
2026-07-21 17:22:54 [INFO] 
2026-07-21 17:22:54 [INFO]   🔴 [91m[1mI23LA009785[0m
2026-07-21 17:22:54 [INFO]      consumiu MAIS que o habitual às 04h
2026-07-21 17:22:54 [INFO]      [2mReal:[0m 0.269 m3   [2mHabitual:[0m 0.108 ± 0.027 m3   [2mz:[0m +5.91   [2mdesvio:[0m +148%   [2m(21 obs. dia_util)[0m
2026-07-21 17:22:54 [INFO] 
2026-07-21 17:22:54 [INFO]   🔴 [91m[1mI23LA009785[0m
2026-07-21 17:22:54 [INFO]      consumiu MAIS que o habitual às 03h
2026-07-21 17:22:54 [INFO]      [2mReal:[0m 0.269 m3   [2mHabitual:[0m 0.109 ± 0.027 m3   [2mz:[0m +5.90   [2mdesvio:[0m +147%   [2m(21 obs. dia_util)[0m
2026-07-21 17:22:54 [INFO] 
2026-07-21 17:22:54 [INFO]   🔴 [91m[1mI23LA009785[0m
2026-07-21 17:22:54 [INFO]      consumiu MAIS que o habitual às 02h
2026-07-21 17:22:54 [INFO]      [2mReal:[0m 0.268 m3   [2mHabitual:[0m 0.109 ± 0.027 m3   [2mz:[0m +5.87   [2mdesvio:[0m +147%   [2m(21 obs. dia_util)[0m
2026-07-21 17:22:54 [INFO] 
2026-07-21 17:22:54 [INFO]   🔴 [91m[1mI23LA009785[0m
2026-07-21 17:22:54 [INFO]      consumiu MAIS que o habitual às 05h
2026-07-21 17:22:54 [INFO]      [2mReal:[0m 0.268 m3   [2mHabitual:[0m 0.109 ± 0.027 m3   [2mz:[0m +5.87   [2mdesvio:[0m +147%   [2m(21 obs. dia_util)[0m
2026-07-21 17:22:54 [INFO] 
2026-07-21 17:22:54 [INFO]   🔴 [91m[1mI20MF945857[0m
2026-07-21 17:22:54 [INFO]      consumiu MAIS que o habitual às 12h
2026-07-21 17:22:54 [INFO]      [2mReal:[0m 1.610 m3   [2mHabitual:[0m 0.476 ± 0.197 m3   [2mz:[0m +5.77   [2mdesvio:[0m +238%   [2m(20 obs. dia_util)[0m
2026-07-21 17:22:54 [INFO] 
2026-07-21 17:22:54 [INFO]   🔴 [91m[1mD17BA019938[0m
2026-07-21 17:22:54 [INFO]      consumiu MAIS que o habitual às 18h
2026-07-21 17:22:54 [INFO]      [2mReal:[0m 0.125 m3   [2mHabitual:[0m 0.029 ± 0.018 m3   [2mz:[0m +5.40   [2mdesvio:[0m +334%   [2m(17 obs. dia_util)[0m
2026-07-21 17:22:54 [INFO] 
2026-07-21 17:22:54 [INFO]   🔴 [91m[1mD19BX000057[0m
2026-07-21 17:22:54 [INFO]      consumiu MAIS que o habitual às 13h
2026-07-21 17:22:54 [INFO]      [2mReal:[0m 0.646 m3   [2mHabitual:[0m 0.238 ± 0.076 m3   [2mz:[0m +5.40   [2mdesvio:[0m +171%   [2m(20 obs. dia_util)[0m
2026-07-21 17:22:54 [INFO] 
2026-07-21 17:22:54 [INFO]   🔴 [91m[1mI22JC094280J[0m
2026-07-21 17:22:54 [INFO]      consumiu MAIS que o habitual às 13h
2026-07-21 17:22:54 [INFO]      [2mReal:[0m 0.211 m3   [2mHabitual:[0m 0.035 ± 0.033 m3   [2mz:[0m +5.29   [2mdesvio:[0m +503%   [2m(6 obs. dia_util)[0m
2026-07-21 17:22:54 [INFO] 
2026-07-21 17:22:54 [INFO]   🔴 [91m[1mI19JC020003[0m
2026-07-21 17:22:54 [INFO]      consumiu MAIS que o habitual às 01h
2026-07-21 17:22:54 [INFO]      [2mReal:[0m 0.245 m3   [2mHabitual:[0m 0.045 ± 0.039 m3   [2mz:[0m +5.18   [2mdesvio:[0m +442%   [2m(21 obs. dia_util)[0m
2026-07-21 17:22:54 [INFO] 
2026-07-21 17:22:54 [INFO]   🔴 [91m[1mI22JC094276N[0m
2026-07-21 17:22:54 [INFO]      consumiu MAIS que o habitual às 00h
2026-07-21 17:22:54 [INFO]      [2mReal:[0m 1.334 m3   [2mHabitual:[0m 0.138 ± 0.236 m3   [2mz:[0m +5.07   [2mdesvio:[0m +867%   [2m(16 obs. dia_util)[0m
2026-07-21 17:22:54 [INFO] 
2026-07-21 17:22:54 [INFO]   🔴 [91m[1mI22JC094285O[0m
2026-07-21 17:22:54 [INFO]      consumiu MAIS que o habitual às 14h
2026-07-21 17:22:54 [INFO]      [2mReal:[0m 0.122 m3   [2mHabitual:[0m 0.028 ± 0.019 m3   [2mz:[0m +5.01   [2mdesvio:[0m +337%   [2m(19 obs. dia_util)[0m
2026-07-21 17:22:54 [INFO] 
2026-07-21 17:22:54 [INFO]   🔴 [91m[1mI23LA009785[0m
2026-07-21 17:22:54 [INFO]      consumiu MAIS que o habitual às 07h
2026-07-21 17:22:54 [INFO]      [2mReal:[0m 0.264 m3   [2mHabitual:[0m 0.118 ± 0.030 m3   [2mz:[0m +4.92   [2mdesvio:[0m +123%   [2m(21 obs. dia_util)[0m
2026-07-21 17:22:54 [INFO] 
2026-07-21 17:22:54 [INFO]   🔴 [91m[1mC20LB001379[0m
2026-07-21 17:22:54 [INFO]      consumiu MAIS que o habitual às 14h
2026-07-21 17:22:54 [INFO]      [2mReal:[0m 0.276 m3   [2mHabitual:[0m 0.106 ± 0.035 m3   [2mz:[0m +4.88   [2mdesvio:[0m +160%   [2m(21 obs. dia_util)[0m
2026-07-21 17:22:54 [INFO] 
2026-07-21 17:22:54 [INFO]   🔴 [91m[1mD19BX000041[0m
2026-07-21 17:22:54 [INFO]      consumiu MAIS que o habitual às 05h
2026-07-21 17:22:54 [INFO]      [2mReal:[0m 0.260 m3   [2mHabitual:[0m 0.013 ± 0.052 m3   [2mz:[0m +4.76   [2mdesvio:[0m +1963%   [2m(19 obs. dia_util)[0m
2026-07-21 17:22:54 [INFO] 
2026-07-21 17:22:54 [INFO]   🔴 [91m[1mI21JC037658W[0m
2026-07-21 17:22:54 [INFO]      consumiu MAIS que o habitual às 09h
2026-07-21 17:22:54 [INFO]      [2mReal:[0m 0.256 m3   [2mHabitual:[0m 0.043 ± 0.045 m3   [2mz:[0m +4.75   [2mdesvio:[0m +494%   [2m(12 obs. dia_util)[0m
2026-07-21 17:22:54 [INFO] 
2026-07-21 17:22:54 [INFO]   🔴 [91m[1mI22JC094282L[0m
2026-07-21 17:22:54 [INFO]      consumiu MAIS que o habitual às 12h
2026-07-21 17:22:54 [INFO]      [2mReal:[0m 0.919 m3   [2mHabitual:[0m 0.159 ± 0.164 m3   [2mz:[0m +4.63   [2mdesvio:[0m +479%   [2m(17 obs. dia_util)[0m
2026-07-21 17:22:54 [INFO] 
2026-07-21 17:22:54 [INFO]   🔴 [91m[1mI19JC029855[0m
2026-07-21 17:22:54 [INFO]      consumiu MAIS que o habitual às 13h
2026-07-21 17:22:54 [INFO]      [2mReal:[0m 0.553 m3   [2mHabitual:[0m 0.193 ± 0.080 m3   [2mz:[0m +4.53   [2mdesvio:[0m +187%   [2m(20 obs. dia_util)[0m
2026-07-21 17:22:54 [INFO] 
2026-07-21 17:22:54 [INFO]   🔴 [91m[1mI21JC037657V[0m
2026-07-21 17:22:54 [INFO]      consumiu MAIS que o habitual às 00h
2026-07-21 17:22:54 [INFO]      [2mReal:[0m 0.046 m3   [2mHabitual:[0m 0.001 ± 0.010 m3   [2mz:[0m +4.48   [2mdesvio:[0m +3733%   [2m(14 obs. dia_util)[0m
2026-07-21 17:22:54 [INFO] 
2026-07-21 17:22:54 [INFO]   🔴 [91m[1mD19BX000041[0m
2026-07-21 17:22:54 [INFO]      consumiu MAIS que o habitual às 07h
2026-07-21 17:22:54 [INFO]      [2mReal:[0m 0.156 m3   [2mHabitual:[0m 0.011 ± 0.034 m3   [2mz:[0m +4.33   [2mdesvio:[0m +1386%   [2m(19 obs. dia_util)[0m
2026-07-21 17:22:54 [INFO] 
2026-07-21 17:22:54 [INFO]   🔴 [91m[1mI21JC037658W[0m
2026-07-21 17:22:54 [INFO]      consumiu MAIS que o habitual às 00h
2026-07-21 17:22:54 [INFO]      [2mReal:[0m 0.048 m3   [2mHabitual:[0m 0.005 ± 0.010 m3   [2mz:[0m +4.29   [2mdesvio:[0m +841%   [2m(16 obs. dia_util)[0m
2026-07-21 17:22:54 [INFO] 
2026-07-21 17:22:54 [INFO]   🔴 [91m[1mH21OF834686I[0m
2026-07-21 17:22:54 [INFO]      consumiu MAIS que o habitual às 16h
2026-07-21 17:22:54 [INFO]      [2mReal:[0m 0.640 m3   [2mHabitual:[0m 0.108 ± 0.132 m3   [2mz:[0m +4.03   [2mdesvio:[0m +492%   [2m(21 obs. dia_util)[0m
2026-07-21 17:22:54 [INFO] 
2026-07-21 17:22:54 [INFO]   🔴 [91m[1mI18MF912111K[0m
2026-07-21 17:22:54 [INFO]      consumiu MAIS que o habitual às 06h
2026-07-21 17:22:54 [INFO]      [2mReal:[0m 2.510 m3   [2mHabitual:[0m 0.391 ± 0.537 m3   [2mz:[0m +3.95   [2mdesvio:[0m +543%   [2m(20 obs. dia_util)[0m
2026-07-21 17:22:54 [INFO] 
2026-07-21 17:22:54 [INFO]   🔵 [94m[1mI20JE060959[0m
2026-07-21 17:22:54 [INFO]      consumiu MENOS que o habitual às 04h
2026-07-21 17:22:54 [INFO]      [2mReal:[0m 0.001 m3   [2mHabitual:[0m 0.073 ± 0.018 m3   [2mz:[0m -3.95   [2mdesvio:[0m -99%   [2m(21 obs. dia_util)[0m
2026-07-21 17:22:54 [INFO] 
2026-07-21 17:22:54 [INFO]   🔵 [94m[1mI20JE060959[0m
2026-07-21 17:22:54 [INFO]      consumiu MENOS que o habitual às 06h
2026-07-21 17:22:54 [INFO]      [2mReal:[0m 0.001 m3   [2mHabitual:[0m 0.073 ± 0.018 m3   [2mz:[0m -3.95   [2mdesvio:[0m -99%   [2m(21 obs. dia_util)[0m
2026-07-21 17:22:54 [INFO] 
2026-07-21 17:22:54 [INFO]   🔵 [94m[1mI20JE060959[0m
2026-07-21 17:22:54 [INFO]      consumiu MENOS que o habitual às 07h
2026-07-21 17:22:54 [INFO]      [2mReal:[0m 0.001 m3   [2mHabitual:[0m 0.075 ± 0.019 m3   [2mz:[0m -3.95   [2mdesvio:[0m -99%   [2m(19 obs. dia_util)[0m
2026-07-21 17:22:54 [INFO] 
2026-07-21 17:22:54 [INFO]   🔴 [91m[1mD10OF068767[0m
2026-07-21 17:22:54 [INFO]      consumiu MAIS que o habitual às 19h
2026-07-21 17:22:54 [INFO]      [2mReal:[0m 2.400 m3   [2mHabitual:[0m 0.142 ± 0.573 m3   [2mz:[0m +3.94   [2mdesvio:[0m +1589%   [2m(19 obs. dia_util)[0m
2026-07-21 17:22:54 [INFO] 
2026-07-21 17:22:54 [INFO]   🔵 [94m[1mI20JE060959[0m
2026-07-21 17:22:54 [INFO]      consumiu MENOS que o habitual às 00h
2026-07-21 17:22:54 [INFO]      [2mReal:[0m 0.001 m3   [2mHabitual:[0m 0.072 ± 0.018 m3   [2mz:[0m -3.94   [2mdesvio:[0m -99%   [2m(16 obs. dia_util)[0m
2026-07-21 17:22:54 [INFO] 
2026-07-21 17:22:54 [INFO]   🔵 [94m[1mI20JE060959[0m
2026-07-21 17:22:54 [INFO]      consumiu MENOS que o habitual às 01h
2026-07-21 17:22:54 [INFO]      [2mReal:[0m 0.001 m3   [2mHabitual:[0m 0.072 ± 0.018 m3   [2mz:[0m -3.94   [2mdesvio:[0m -99%   [2m(16 obs. dia_util)[0m
2026-07-21 17:22:54 [INFO] 
2026-07-21 17:22:54 [INFO]   🔵 [94m[1mI20JE060959[0m
2026-07-21 17:22:54 [INFO]      consumiu MENOS que o habitual às 02h
2026-07-21 17:22:54 [INFO]      [2mReal:[0m 0.001 m3   [2mHabitual:[0m 0.072 ± 0.018 m3   [2mz:[0m -3.94   [2mdesvio:[0m -99%   [2m(16 obs. dia_util)[0m
2026-07-21 17:22:54 [INFO] 
2026-07-21 17:22:54 [INFO]   🔴 [91m[1mI21LA389336[0m
2026-07-21 17:22:54 [INFO]      consumiu MAIS que o habitual às 17h
2026-07-21 17:22:54 [INFO]      [2mReal:[0m 0.626 m3   [2mHabitual:[0m 0.066 ± 0.142 m3   [2mz:[0m +3.94   [2mdesvio:[0m +846%   [2m(20 obs. dia_util)[0m
2026-07-21 17:22:54 [INFO] 
2026-07-21 17:22:54 [INFO]   🔴 [91m[1mI19JC065537[0m
2026-07-21 17:22:54 [INFO]      consumiu MAIS que o habitual às 23h
2026-07-21 17:22:54 [INFO]      [2mReal:[0m 0.269 m3   [2mHabitual:[0m 0.032 ± 0.061 m3   [2mz:[0m +3.90   [2mdesvio:[0m +751%   [2m(21 obs. dia_util)[0m
2026-07-21 17:22:54 [INFO] 
2026-07-21 17:22:54 [INFO]   🔴 [91m[1mI21JC043490F[0m
2026-07-21 17:22:54 [INFO]      consumiu MAIS que o habitual às 04h
2026-07-21 17:22:54 [INFO]      [2mReal:[0m 0.127 m3   [2mHabitual:[0m 0.023 ± 0.027 m3   [2mz:[0m +3.90   [2mdesvio:[0m +450%   [2m(20 obs. dia_util)[0m
2026-07-21 17:22:54 [INFO] 
2026-07-21 17:22:54 [INFO]   🔴 [91m[1mD08AC395031B[0m
2026-07-21 17:22:54 [INFO]      consumiu MAIS que o habitual às 05h
2026-07-21 17:22:54 [INFO]      [2mReal:[0m 0.043 m3   [2mHabitual:[0m 0.004 ± 0.010 m3   [2mz:[0m +3.89   [2mdesvio:[0m +949%   [2m(21 obs. dia_util)[0m
2026-07-21 17:22:54 [INFO] 
2026-07-21 17:22:54 [INFO]   🔵 [94m[1mI20JE060959[0m
2026-07-21 17:22:54 [INFO]      consumiu MENOS que o habitual às 05h
2026-07-21 17:22:54 [INFO]      [2mReal:[0m 0.002 m3   [2mHabitual:[0m 0.073 ± 0.018 m3   [2mz:[0m -3.89   [2mdesvio:[0m -97%   [2m(21 obs. dia_util)[0m
2026-07-21 17:22:54 [INFO] 
2026-07-21 17:22:54 [INFO]   🔵 [94m[1mI20JE060959[0m
2026-07-21 17:22:54 [INFO]      consumiu MENOS que o habitual às 22h
2026-07-21 17:22:54 [INFO]      [2mReal:[0m 0.003 m3   [2mHabitual:[0m 0.071 ± 0.018 m3   [2mz:[0m -3.83   [2mdesvio:[0m -96%   [2m(18 obs. dia_util)[0m
2026-07-21 17:22:54 [INFO] 
2026-07-21 17:22:54 [INFO]   🔵 [94m[1mI20JE060959[0m
2026-07-21 17:22:54 [INFO]      consumiu MENOS que o habitual às 20h
2026-07-21 17:22:54 [INFO]      [2mReal:[0m 0.004 m3   [2mHabitual:[0m 0.070 ± 0.018 m3   [2mz:[0m -3.77   [2mdesvio:[0m -94%   [2m(18 obs. dia_util)[0m
2026-07-21 17:22:54 [INFO] 
2026-07-21 17:22:54 [INFO]   🔵 [94m[1mI20JE060959[0m
2026-07-21 17:22:54 [INFO]      consumiu MENOS que o habitual às 21h
2026-07-21 17:22:54 [INFO]      [2mReal:[0m 0.004 m3   [2mHabitual:[0m 0.070 ± 0.018 m3   [2mz:[0m -3.77   [2mdesvio:[0m -94%   [2m(18 obs. dia_util)[0m
2026-07-21 17:22:54 [INFO] 
2026-07-21 17:22:54 [INFO]   🔴 [91m[1mI23JC096059X[0m
2026-07-21 17:22:54 [INFO]      consumiu MAIS que o habitual às 23h
2026-07-21 17:22:54 [INFO]      [2mReal:[0m 0.456 m3   [2mHabitual:[0m 0.151 ± 0.081 m3   [2mz:[0m +3.75   [2mdesvio:[0m +201%   [2m(21 obs. dia_util)[0m
2026-07-21 17:22:54 [INFO] 
2026-07-21 17:22:54 [INFO]   🔴 [91m[1mD08AC395031B[0m
2026-07-21 17:22:54 [INFO]      consumiu MAIS que o habitual às 07h
2026-07-21 17:22:54 [INFO]      [2mReal:[0m 0.103 m3   [2mHabitual:[0m 0.024 ± 0.021 m3   [2mz:[0m +3.68   [2mdesvio:[0m +333%   [2m(21 obs. dia_util)[0m
2026-07-21 17:22:54 [INFO] 
2026-07-21 17:22:54 [INFO]   🔴 [91m[1mI19JC020003[0m
2026-07-21 17:22:54 [INFO]      consumiu MAIS que o habitual às 00h
2026-07-21 17:22:54 [INFO]      [2mReal:[0m 0.243 m3   [2mHabitual:[0m 0.078 ± 0.045 m3   [2mz:[0m +3.65   [2mdesvio:[0m +210%   [2m(21 obs. dia_util)[0m
2026-07-21 17:22:54 [INFO] 
2026-07-21 17:22:54 [INFO]   🔴 [91m[1mD16XF077374[0m
2026-07-21 17:22:54 [INFO]      consumiu MAIS que o habitual às 13h
2026-07-21 17:22:54 [INFO]      [2mReal:[0m 5.280 m3   [2mHabitual:[0m 1.526 ± 1.045 m3   [2mz:[0m +3.59   [2mdesvio:[0m +246%   [2m(20 obs. dia_util)[0m
2026-07-21 17:22:54 [INFO] 
2026-07-21 17:22:54 [INFO]   🔴 [91m[1mD19BX000041[0m
2026-07-21 17:22:54 [INFO]      consumiu MAIS que o habitual às 22h
2026-07-21 17:22:54 [INFO]      [2mReal:[0m 0.178 m3   [2mHabitual:[0m 0.018 ± 0.045 m3   [2mz:[0m +3.58   [2mdesvio:[0m +906%   [2m(17 obs. dia_util)[0m
2026-07-21 17:22:54 [INFO] 
2026-07-21 17:22:54 [INFO]   🔴 [91m[1mI20JE067857[0m
2026-07-21 17:22:54 [INFO]      consumiu MAIS que o habitual às 17h
2026-07-21 17:22:54 [INFO]      [2mReal:[0m 0.267 m3   [2mHabitual:[0m 0.068 ± 0.056 m3   [2mz:[0m +3.58   [2mdesvio:[0m +294%   [2m(21 obs. dia_util)[0m
2026-07-21 17:22:54 [INFO] 
2026-07-21 17:22:54 [INFO]   🔴 [91m[1mD10OF068767[0m
2026-07-21 17:22:54 [INFO]      consumiu MAIS que o habitual às 20h
2026-07-21 17:22:54 [INFO]      [2mReal:[0m 2.500 m3   [2mHabitual:[0m 0.153 ± 0.665 m3   [2mz:[0m +3.53   [2mdesvio:[0m +1538%   [2m(19 obs. dia_util)[0m
2026-07-21 17:22:54 [INFO] 
2026-07-21 17:22:54 [INFO]   🔴 [91m[1mI24LA025880[0m
2026-07-21 17:22:54 [INFO]      consumiu MAIS que o habitual às 10h
2026-07-21 17:22:54 [INFO]      [2mReal:[0m 0.069 m3   [2mHabitual:[0m 0.006 ± 0.018 m3   [2mz:[0m +3.50   [2mdesvio:[0m +995%   [2m(19 obs. dia_util)[0m
2026-07-21 17:22:54 [INFO] 
2026-07-21 17:22:54 [INFO] [1m[93m--- Desvios de BAIXA confianca (1) ------------------[0m
2026-07-21 17:22:54 [INFO]   [2m(poucos dados historicos - verificar manualmente)[0m
2026-07-21 17:22:54 [INFO] 
2026-07-21 17:22:54 [INFO]   🔴 [91m[1mC15SC004730[0m
2026-07-21 17:22:54 [INFO]      consumiu MAIS que o habitual às 01h
2026-07-21 17:22:54 [INFO]      [2mReal:[0m 2.523 m3   [2mHabitual:[0m 0.313 ± 0.443 m3   [2mz:[0m +4.99   [2mdesvio:[0m +706%   [2m(2 obs. dia_util)[0m
2026-07-21 17:22:54 [INFO] 
2026-07-21 17:22:54 [INFO] CSV guardado: C:\Users\anaca\OneDrive\Ambiente de Trabalho\Tese\ts-anomaly-detection-dissertation\results\agua\realtime\alerts\analise_agua_2026-05-14.csv
2026-07-21 17:22:54 [INFO] 
2026-07-21 17:22:54 [INFO] [1m======================================================================[0m
2026-07-21 17:22:54 [INFO] [1m  DETECAO DE ANOMALIAS AGUA - 2026-05-15[0m
2026-07-21 17:22:54 [INFO] [1m======================================================================[0m
2026-07-21 17:22:54 [INFO]   [2mTipo de dia:[0m        dia util
2026-07-21 17:22:54 [INFO]   [2mFonte:[0m              BAZE
2026-07-21 17:22:54 [INFO]   [2mContadores c/ dados:[0m 398
2026-07-21 17:22:54 [INFO]   [2mPontos contador/hora:[0m 8583
2026-07-21 17:22:54 [INFO]   [2mThreshold:[0m          |z| > 3.5 [2m(adaptativo a este tipo de dia)[0m
2026-07-21 17:22:54 [INFO] 
2026-07-21 17:23:24 [INFO] [1m--- Resumo -------------------------------------[0m
2026-07-21 17:23:24 [INFO]   [92mNormal[0m                  8451 [2m( 99.0%)[0m
2026-07-21 17:23:24 [INFO]   [91mDesvio (alta confianca)[0m   84 [2m(  1.0%)[0m
2026-07-21 17:23:24 [INFO]   [93mDesvio (baixa confianca)[0m   0 [2m(  0.0%)[0m
2026-07-21 17:23:24 [INFO]   [90mSem historico suficiente[0m  48
2026-07-21 17:23:24 [INFO]   [2mTempo: 29.9s[0m
2026-07-21 17:23:24 [INFO] 
2026-07-21 17:23:24 [INFO] [1m--- Desvios de ALTA confianca (84) -------------------[0m
2026-07-21 17:23:24 [INFO] 
2026-07-21 17:23:24 [INFO]   🔴 [91m[1mC20LB001379[0m
2026-07-21 17:23:24 [INFO]      consumiu MAIS que o habitual às 21h
2026-07-21 17:23:24 [INFO]      [2mReal:[0m 0.204 m3   [2mHabitual:[0m 0.008 ± 0.014 m3   [2mz:[0m +10.00 (cap)   [2mdesvio:[0m +2515%   [2m(20 obs. dia_util)[0m
2026-07-21 17:23:24 [INFO] 
2026-07-21 17:23:24 [INFO]   🔴 [91m[1mD10OF068767[0m
2026-07-21 17:23:24 [INFO]      consumiu MAIS que o habitual às 00h
2026-07-21 17:23:24 [INFO]      [2mReal:[0m 2.700 m3   [2mHabitual:[0m 0.000 ± 0.010 m3   [2mz:[0m +10.00 (cap)   [2mdesvio:[0m +270000%   [2m(21 obs. dia_util)[0m
2026-07-21 17:23:24 [INFO] 
2026-07-21 17:23:24 [INFO]   🔴 [91m[1mD10OF068767[0m
2026-07-21 17:23:24 [INFO]      consumiu MAIS que o habitual às 01h
2026-07-21 17:23:24 [INFO]      [2mReal:[0m 2.800 m3   [2mHabitual:[0m 0.000 ± 0.010 m3   [2mz:[0m +10.00 (cap)   [2mdesvio:[0m +280000%   [2m(21 obs. dia_util)[0m
2026-07-21 17:23:24 [INFO] 
2026-07-21 17:23:24 [INFO]   🔴 [91m[1mD10OF068767[0m
2026-07-21 17:23:24 [INFO]      consumiu MAIS que o habitual às 02h
2026-07-21 17:23:24 [INFO]      [2mReal:[0m 2.800 m3   [2mHabitual:[0m 0.000 ± 0.010 m3   [2mz:[0m +10.00 (cap)   [2mdesvio:[0m +280000%   [2m(20 obs. dia_util)[0m
2026-07-21 17:23:24 [INFO] 
2026-07-21 17:23:24 [INFO]   🔴 [91m[1mD10OF068767[0m
2026-07-21 17:23:24 [INFO]      consumiu MAIS que o habitual às 03h
2026-07-21 17:23:24 [INFO]      [2mReal:[0m 2.800 m3   [2mHabitual:[0m 0.000 ± 0.010 m3   [2mz:[0m +10.00 (cap)   [2mdesvio:[0m +280000%   [2m(20 obs. dia_util)[0m
2026-07-21 17:23:24 [INFO] 
2026-07-21 17:23:24 [INFO]   🔴 [91m[1mD10OF068767[0m
2026-07-21 17:23:24 [INFO]      consumiu MAIS que o habitual às 04h
2026-07-21 17:23:24 [INFO]      [2mReal:[0m 2.800 m3   [2mHabitual:[0m 0.000 ± 0.010 m3   [2mz:[0m +10.00 (cap)   [2mdesvio:[0m +280000%   [2m(20 obs. dia_util)[0m
2026-07-21 17:23:24 [INFO] 
2026-07-21 17:23:24 [INFO]   🔴 [91m[1mD10OF068767[0m
2026-07-21 17:23:24 [INFO]      consumiu MAIS que o habitual às 05h
2026-07-21 17:23:24 [INFO]      [2mReal:[0m 2.900 m3   [2mHabitual:[0m 0.000 ± 0.010 m3   [2mz:[0m +10.00 (cap)   [2mdesvio:[0m +290000%   [2m(20 obs. dia_util)[0m
2026-07-21 17:23:24 [INFO] 
2026-07-21 17:23:24 [INFO]   🔴 [91m[1mD10OF068767[0m
2026-07-21 17:23:24 [INFO]      consumiu MAIS que o habitual às 06h
2026-07-21 17:23:24 [INFO]      [2mReal:[0m 2.600 m3   [2mHabitual:[0m 0.000 ± 0.010 m3   [2mz:[0m +10.00 (cap)   [2mdesvio:[0m +260000%   [2m(19 obs. dia_util)[0m
2026-07-21 17:23:24 [INFO] 
2026-07-21 17:23:24 [INFO]   🔴 [91m[1mD19BA343472[0m
2026-07-21 17:23:24 [INFO]      consumiu MAIS que o habitual às 10h
2026-07-21 17:23:24 [INFO]      [2mReal:[0m 0.592 m3   [2mHabitual:[0m 0.018 ± 0.055 m3   [2mz:[0m +10.00 (cap)   [2mdesvio:[0m +3117%   [2m(21 obs. dia_util)[0m
2026-07-21 17:23:24 [INFO] 
2026-07-21 17:23:24 [INFO]   🔴 [91m[1mD19BA343472[0m
2026-07-21 17:23:24 [INFO]      consumiu MAIS que o habitual às 12h
2026-07-21 17:23:24 [INFO]      [2mReal:[0m 0.361 m3   [2mHabitual:[0m 0.005 ± 0.019 m3   [2mz:[0m +10.00 (cap)   [2mdesvio:[0m +7267%   [2m(21 obs. dia_util)[0m
2026-07-21 17:23:24 [INFO] 
2026-07-21 17:23:24 [INFO]   🔴 [91m[1mD19BA343474[0m
2026-07-21 17:23:24 [INFO]      consumiu MAIS que o habitual às 22h
2026-07-21 17:23:24 [INFO]      [2mReal:[0m 0.254 m3   [2mHabitual:[0m 0.000 ± 0.010 m3   [2mz:[0m +10.00 (cap)   [2mdesvio:[0m +25400%   [2m(21 obs. dia_util)[0m
2026-07-21 17:23:24 [INFO] 
2026-07-21 17:23:24 [INFO]   🔴 [91m[1mD19BX000041[0m
2026-07-21 17:23:24 [INFO]      consumiu MAIS que o habitual às 00h
2026-07-21 17:23:24 [INFO]      [2mReal:[0m 0.191 m3   [2mHabitual:[0m 0.000 ± 0.010 m3   [2mz:[0m +10.00 (cap)   [2mdesvio:[0m +19100%   [2m(15 obs. dia_util)[0m
2026-07-21 17:23:24 [INFO] 
2026-07-21 17:23:24 [INFO]   🔴 [91m[1mH19VA232210[0m
2026-07-21 17:23:24 [INFO]      consumiu MAIS que o habitual às 09h
2026-07-21 17:23:24 [INFO]      [2mReal:[0m 0.575 m3   [2mHabitual:[0m 0.004 ± 0.017 m3   [2mz:[0m +10.00 (cap)   [2mdesvio:[0m +15032%   [2m(21 obs. dia_util)[0m
2026-07-21 17:23:24 [INFO] 
2026-07-21 17:23:24 [INFO]   🔴 [91m[1mH21OF834752B[0m
2026-07-21 17:23:24 [INFO]      consumiu MAIS que o habitual às 05h
2026-07-21 17:23:24 [INFO]      [2mReal:[0m 3.820 m3   [2mHabitual:[0m 0.360 ± 0.200 m3   [2mz:[0m +10.00 (cap)   [2mdesvio:[0m +960%   [2m(20 obs. dia_util)[0m
2026-07-21 17:23:24 [INFO] 
2026-07-21 17:23:24 [INFO]   🔴 [91m[1mI14JE002622G[0m
2026-07-21 17:23:24 [INFO]      consumiu MAIS que o habitual às 20h
2026-07-21 17:23:24 [INFO]      [2mReal:[0m 0.113 m3   [2mHabitual:[0m 0.000 ± 0.010 m3   [2mz:[0m +10.00 (cap)   [2mdesvio:[0m +11300%   [2m(21 obs. dia_util)[0m
2026-07-21 17:23:24 [INFO] 
2026-07-21 17:23:24 [INFO]   🔴 [91m[1mI14JE002622G[0m
2026-07-21 17:23:24 [INFO]      consumiu MAIS que o habitual às 23h
2026-07-21 17:23:24 [INFO]      [2mReal:[0m 0.112 m3   [2mHabitual:[0m 0.000 ± 0.010 m3   [2mz:[0m +10.00 (cap)   [2mdesvio:[0m +11200%   [2m(21 obs. dia_util)[0m
2026-07-21 17:23:24 [INFO] 
2026-07-21 17:23:24 [INFO]   🔴 [91m[1mI19JC020003[0m
2026-07-21 17:23:24 [INFO]      consumiu MAIS que o habitual às 03h
2026-07-21 17:23:24 [INFO]      [2mReal:[0m 0.257 m3   [2mHabitual:[0m 0.014 ± 0.015 m3   [2mz:[0m +10.00 (cap)   [2mdesvio:[0m +1790%   [2m(21 obs. dia_util)[0m
2026-07-21 17:23:24 [INFO] 
2026-07-21 17:23:24 [INFO]   🔴 [91m[1mI19JC020003[0m
2026-07-21 17:23:24 [INFO]      consumiu MAIS que o habitual às 04h
2026-07-21 17:23:24 [INFO]      [2mReal:[0m 0.268 m3   [2mHabitual:[0m 0.012 ± 0.010 m3   [2mz:[0m +10.00 (cap)   [2mdesvio:[0m +2115%   [2m(21 obs. dia_util)[0m
2026-07-21 17:23:24 [INFO] 
2026-07-21 17:23:24 [INFO]   🔴 [91m[1mI19JC020003[0m
2026-07-21 17:23:24 [INFO]      consumiu MAIS que o habitual às 05h
2026-07-21 17:23:24 [INFO]      [2mReal:[0m 0.283 m3   [2mHabitual:[0m 0.008 ± 0.010 m3   [2mz:[0m +10.00 (cap)   [2mdesvio:[0m +3437%   [2m(21 obs. dia_util)[0m
2026-07-21 17:23:24 [INFO] 
2026-07-21 17:23:24 [INFO]   🔴 [91m[1mI19JC020003[0m
2026-07-21 17:23:24 [INFO]      consumiu MAIS que o habitual às 06h
2026-07-21 17:23:24 [INFO]      [2mReal:[0m 0.336 m3   [2mHabitual:[0m 0.049 ± 0.019 m3   [2mz:[0m +10.00 (cap)   [2mdesvio:[0m +587%   [2m(21 obs. dia_util)[0m
2026-07-21 17:23:24 [INFO] 
2026-07-21 17:23:24 [INFO]   🔴 [91m[1mI21JC029328K[0m
2026-07-21 17:23:24 [INFO]      consumiu MAIS que o habitual às 02h
2026-07-21 17:23:24 [INFO]      [2mReal:[0m 0.582 m3   [2mHabitual:[0m 0.065 ± 0.044 m3   [2mz:[0m +10.00 (cap)   [2mdesvio:[0m +795%   [2m(20 obs. dia_util)[0m
2026-07-21 17:23:24 [INFO] 
2026-07-21 17:23:24 [INFO]   🔴 [91m[1mI21LA186120[0m
2026-07-21 17:23:24 [INFO]      consumiu MAIS que o habitual às 23h
2026-07-21 17:23:24 [INFO]      [2mReal:[0m 0.432 m3   [2mHabitual:[0m 0.088 ± 0.022 m3   [2mz:[0m +10.00 (cap)   [2mdesvio:[0m +389%   [2m(21 obs. dia_util)[0m
2026-07-21 17:23:24 [INFO] 
2026-07-21 17:23:24 [INFO]   🔴 [91m[1mI21LA186299[0m
2026-07-21 17:23:24 [INFO]      consumiu MAIS que o habitual às 21h
2026-07-21 17:23:24 [INFO]      [2mReal:[0m 2.010 m3   [2mHabitual:[0m 0.000 ± 0.010 m3   [2mz:[0m +10.00 (cap)   [2mdesvio:[0m +201000%   [2m(18 obs. dia_util)[0m
2026-07-21 17:23:24 [INFO] 
2026-07-21 17:23:24 [INFO]   🔴 [91m[1mI22JC094282L[0m
2026-07-21 17:23:24 [INFO]      consumiu MAIS que o habitual às 04h
2026-07-21 17:23:24 [INFO]      [2mReal:[0m 0.627 m3   [2mHabitual:[0m 0.017 ± 0.010 m3   [2mz:[0m +10.00 (cap)   [2mdesvio:[0m +3677%   [2m(14 obs. dia_util)[0m
2026-07-21 17:23:24 [INFO] 
2026-07-21 17:23:24 [INFO]   🔴 [91m[1mI22JC094286P[0m
2026-07-21 17:23:24 [INFO]      consumiu MAIS que o habitual às 04h
2026-07-21 17:23:24 [INFO]      [2mReal:[0m 1.072 m3   [2mHabitual:[0m 0.026 ± 0.049 m3   [2mz:[0m +10.00 (cap)   [2mdesvio:[0m +3945%   [2m(18 obs. dia_util)[0m
2026-07-21 17:23:24 [INFO] 
2026-07-21 17:23:24 [INFO]   🔴 [91m[1mI23LA009785[0m
2026-07-21 17:23:24 [INFO]      consumiu MAIS que o habitual às 21h
2026-07-21 17:23:24 [INFO]      [2mReal:[0m 0.683 m3   [2mHabitual:[0m 0.114 ± 0.034 m3   [2mz:[0m +10.00 (cap)   [2mdesvio:[0m +500%   [2m(21 obs. dia_util)[0m
2026-07-21 17:23:24 [INFO] 
2026-07-21 17:23:24 [INFO]   🔴 [91m[1mI23LA459839[0m
2026-07-21 17:23:24 [INFO]      consumiu MAIS que o habitual às 18h
2026-07-21 17:23:24 [INFO]      [2mReal:[0m 0.292 m3   [2mHabitual:[0m 0.000 ± 0.010 m3   [2mz:[0m +10.00 (cap)   [2mdesvio:[0m +29200%   [2m(19 obs. dia_util)[0m
2026-07-21 17:23:24 [INFO] 
2026-07-21 17:23:24 [INFO]   🔴 [91m[1mI24LA025413[0m
2026-07-21 17:23:24 [INFO]      consumiu MAIS que o habitual às 14h
2026-07-21 17:23:24 [INFO]      [2mReal:[0m 1.428 m3   [2mHabitual:[0m 0.000 ± 0.010 m3   [2mz:[0m +10.00 (cap)   [2mdesvio:[0m +142800%   [2m(20 obs. dia_util)[0m
2026-07-21 17:23:24 [INFO] 
2026-07-21 17:23:24 [INFO]   🔴 [91m[1mI19JC020003[0m
2026-07-21 17:23:24 [INFO]      consumiu MAIS que o habitual às 16h
2026-07-21 17:23:24 [INFO]      [2mReal:[0m 1.135 m3   [2mHabitual:[0m 0.153 ± 0.099 m3   [2mz:[0m +9.91   [2mdesvio:[0m +639%   [2m(21 obs. dia_util)[0m
2026-07-21 17:23:24 [INFO] 
2026-07-21 17:23:24 [INFO]   🔴 [91m[1mD19BX000041[0m
2026-07-21 17:23:24 [INFO]      consumiu MAIS que o habitual às 03h
2026-07-21 17:23:24 [INFO]      [2mReal:[0m 0.214 m3   [2mHabitual:[0m 0.006 ± 0.021 m3   [2mz:[0m +9.89   [2mdesvio:[0m +3721%   [2m(17 obs. dia_util)[0m
2026-07-21 17:23:24 [INFO] 
2026-07-21 17:23:24 [INFO]   🔴 [91m[1mH21OF834752B[0m
2026-07-21 17:23:24 [INFO]      consumiu MAIS que o habitual às 08h
2026-07-21 17:23:24 [INFO]      [2mReal:[0m 2.330 m3   [2mHabitual:[0m 0.452 ± 0.195 m3   [2mz:[0m +9.62   [2mdesvio:[0m +416%   [2m(21 obs. dia_util)[0m
2026-07-21 17:23:24 [INFO] 
2026-07-21 17:23:24 [INFO]   🔴 [91m[1mI23LA009785[0m
2026-07-21 17:23:24 [INFO]      consumiu MAIS que o habitual às 20h
2026-07-21 17:23:24 [INFO]      [2mReal:[0m 0.431 m3   [2mHabitual:[0m 0.113 ± 0.034 m3   [2mz:[0m +9.29   [2mdesvio:[0m +283%   [2m(21 obs. dia_util)[0m
2026-07-21 17:23:24 [INFO] 
2026-07-21 17:23:24 [INFO]   🔴 [91m[1mI21JC029335J[0m
2026-07-21 17:23:24 [INFO]      consumiu MAIS que o habitual às 05h
2026-07-21 17:23:24 [INFO]      [2mReal:[0m 0.105 m3   [2mHabitual:[0m 0.017 ± 0.010 m3   [2mz:[0m +8.47   [2mdesvio:[0m +503%   [2m(12 obs. dia_util)[0m
2026-07-21 17:23:24 [INFO] 
2026-07-21 17:23:24 [INFO]   🔴 [91m[1mC17SC007487[0m
2026-07-21 17:23:24 [INFO]      consumiu MAIS que o habitual às 10h
2026-07-21 17:23:24 [INFO]      [2mReal:[0m 2.129 m3   [2mHabitual:[0m 0.219 ± 0.229 m3   [2mz:[0m +8.35   [2mdesvio:[0m +870%   [2m(16 obs. dia_util)[0m
2026-07-21 17:23:24 [INFO] 
2026-07-21 17:23:24 [INFO]   🔴 [91m[1mD19BA343472[0m
2026-07-21 17:23:24 [INFO]      consumiu MAIS que o habitual às 11h
2026-07-21 17:23:24 [INFO]      [2mReal:[0m 1.129 m3   [2mHabitual:[0m 0.068 ± 0.130 m3   [2mz:[0m +8.14   [2mdesvio:[0m +1570%   [2m(21 obs. dia_util)[0m
2026-07-21 17:23:24 [INFO] 
2026-07-21 17:23:24 [INFO]   🔴 [91m[1mI21JC029465S[0m
2026-07-21 17:23:24 [INFO]      consumiu MAIS que o habitual às 06h
2026-07-21 17:23:24 [INFO]      [2mReal:[0m 1.923 m3   [2mHabitual:[0m 0.660 ± 0.167 m3   [2mz:[0m +7.58   [2mdesvio:[0m +191%   [2m(19 obs. dia_util)[0m
2026-07-21 17:23:24 [INFO] 
2026-07-21 17:23:24 [INFO]   🔴 [91m[1mI19JC020003[0m
2026-07-21 17:23:24 [INFO]      consumiu MAIS que o habitual às 15h
2026-07-21 17:23:24 [INFO]      [2mReal:[0m 1.101 m3   [2mHabitual:[0m 0.150 ± 0.127 m3   [2mz:[0m +7.47   [2mdesvio:[0m +632%   [2m(21 obs. dia_util)[0m
2026-07-21 17:23:24 [INFO] 
2026-07-21 17:23:24 [INFO]   🔴 [91m[1mI18MF912111K[0m
2026-07-21 17:23:24 [INFO]      consumiu MAIS que o habitual às 23h
2026-07-21 17:23:24 [INFO]      [2mReal:[0m 0.800 m3   [2mHabitual:[0m 0.281 ± 0.070 m3   [2mz:[0m +7.41   [2mdesvio:[0m +185%   [2m(19 obs. dia_util)[0m
2026-07-21 17:23:24 [INFO] 
2026-07-21 17:23:24 [INFO]   🔴 [91m[1mI22JC094276N[0m
2026-07-21 17:23:24 [INFO]      consumiu MAIS que o habitual às 08h
2026-07-21 17:23:24 [INFO]      [2mReal:[0m 1.152 m3   [2mHabitual:[0m 0.214 ± 0.130 m3   [2mz:[0m +7.23   [2mdesvio:[0m +439%   [2m(14 obs. dia_util)[0m
2026-07-21 17:23:24 [INFO] 
2026-07-21 17:23:24 [INFO]   🔴 [91m[1mI23JC096060Q[0m
2026-07-21 17:23:24 [INFO]      consumiu MAIS que o habitual às 00h
2026-07-21 17:23:24 [INFO]      [2mReal:[0m 0.210 m3   [2mHabitual:[0m 0.028 ± 0.026 m3   [2mz:[0m +7.11   [2mdesvio:[0m +653%   [2m(20 obs. dia_util)[0m
2026-07-21 17:23:24 [INFO] 
2026-07-21 17:23:24 [INFO]   🔴 [91m[1mC17SC007487[0m
2026-07-21 17:23:24 [INFO]      consumiu MAIS que o habitual às 09h
2026-07-21 17:23:24 [INFO]      [2mReal:[0m 0.098 m3   [2mHabitual:[0m 0.009 ± 0.013 m3   [2mz:[0m +7.08   [2mdesvio:[0m +977%   [2m(16 obs. dia_util)[0m
2026-07-21 17:23:24 [INFO] 
2026-07-21 17:23:24 [INFO]   🔴 [91m[1mC16SC000825R[0m
2026-07-21 17:23:24 [INFO]      consumiu MAIS que o habitual às 21h
2026-07-21 17:23:24 [INFO]      [2mReal:[0m 2.065 m3   [2mHabitual:[0m 0.551 ± 0.219 m3   [2mz:[0m +6.90   [2mdesvio:[0m +274%   [2m(19 obs. dia_util)[0m
2026-07-21 17:23:24 [INFO] 
2026-07-21 17:23:24 [INFO]   🔴 [91m[1mI18JC067687[0m
2026-07-21 17:23:24 [INFO]      consumiu MAIS que o habitual às 20h
2026-07-21 17:23:24 [INFO]      [2mReal:[0m 0.804 m3   [2mHabitual:[0m 0.100 ± 0.105 m3   [2mz:[0m +6.68   [2mdesvio:[0m +702%   [2m(9 obs. dia_util)[0m
2026-07-21 17:23:24 [INFO] 
2026-07-21 17:23:24 [INFO]   🔴 [91m[1mI19JC020003[0m
2026-07-21 17:23:24 [INFO]      consumiu MAIS que o habitual às 17h
2026-07-21 17:23:24 [INFO]      [2mReal:[0m 1.091 m3   [2mHabitual:[0m 0.168 ± 0.140 m3   [2mz:[0m +6.59   [2mdesvio:[0m +548%   [2m(21 obs. dia_util)[0m
2026-07-21 17:23:24 [INFO] 
2026-07-21 17:23:24 [INFO]   🔴 [91m[1mI19JC020003[0m
2026-07-21 17:23:24 [INFO]      consumiu MAIS que o habitual às 08h
2026-07-21 17:23:24 [INFO]      [2mReal:[0m 0.268 m3   [2mHabitual:[0m 0.069 ± 0.031 m3   [2mz:[0m +6.47   [2mdesvio:[0m +291%   [2m(21 obs. dia_util)[0m
2026-07-21 17:23:24 [INFO] 
2026-07-21 17:23:24 [INFO]   🔴 [91m[1mI21JC029107Z[0m
2026-07-21 17:23:24 [INFO]      consumiu MAIS que o habitual às 08h
2026-07-21 17:23:24 [INFO]      [2mReal:[0m 6.380 m3   [2mHabitual:[0m 0.303 ± 0.965 m3   [2mz:[0m +6.30   [2mdesvio:[0m +2008%   [2m(21 obs. dia_util)[0m
2026-07-21 17:23:24 [INFO] 
2026-07-21 17:23:24 [INFO]   🔴 [91m[1mI19JC020003[0m
2026-07-21 17:23:24 [INFO]      consumiu MAIS que o habitual às 07h
2026-07-21 17:23:24 [INFO]      [2mReal:[0m 0.268 m3   [2mHabitual:[0m 0.052 ± 0.035 m3   [2mz:[0m +6.14   [2mdesvio:[0m +419%   [2m(21 obs. dia_util)[0m
2026-07-21 17:23:24 [INFO] 
2026-07-21 17:23:24 [INFO]   🔴 [91m[1mI19JC029877[0m
2026-07-21 17:23:24 [INFO]      consumiu MAIS que o habitual às 19h
2026-07-21 17:23:24 [INFO]      [2mReal:[0m 0.065 m3   [2mHabitual:[0m 0.010 ± 0.010 m3   [2mz:[0m +5.47   [2mdesvio:[0m +531%   [2m(21 obs. dia_util)[0m
2026-07-21 17:23:24 [INFO] 
2026-07-21 17:23:24 [INFO]   🔴 [91m[1mD12XF094973V[0m
2026-07-21 17:23:24 [INFO]      consumiu MAIS que o habitual às 04h
2026-07-21 17:23:24 [INFO]      [2mReal:[0m 0.100 m3   [2mHabitual:[0m 0.007 ± 0.017 m3   [2mz:[0m +5.44   [2mdesvio:[0m +1308%   [2m(21 obs. dia_util)[0m
2026-07-21 17:23:24 [INFO] 
2026-07-21 17:23:24 [INFO]   🔴 [91m[1mI21LA186120[0m
2026-07-21 17:23:24 [INFO]      consumiu MAIS que o habitual às 11h
2026-07-21 17:23:24 [INFO]      [2mReal:[0m 0.973 m3   [2mHabitual:[0m 0.232 ± 0.143 m3   [2mz:[0m +5.17   [2mdesvio:[0m +320%   [2m(21 obs. dia_util)[0m
2026-07-21 17:23:24 [INFO] 
2026-07-21 17:23:24 [INFO]   🔴 [91m[1mI13JA287987[0m
2026-07-21 17:23:24 [INFO]      consumiu MAIS que o habitual às 18h
2026-07-21 17:23:24 [INFO]      [2mReal:[0m 0.067 m3   [2mHabitual:[0m 0.017 ± 0.010 m3   [2mz:[0m +5.04   [2mdesvio:[0m +301%   [2m(20 obs. dia_util)[0m
2026-07-21 17:23:24 [INFO] 
2026-07-21 17:23:24 [INFO]   🔴 [91m[1mI19JC020003[0m
2026-07-21 17:23:24 [INFO]      consumiu MAIS que o habitual às 14h
2026-07-21 17:23:24 [INFO]      [2mReal:[0m 0.710 m3   [2mHabitual:[0m 0.143 ± 0.113 m3   [2mz:[0m +5.02   [2mdesvio:[0m +397%   [2m(21 obs. dia_util)[0m
2026-07-21 17:23:24 [INFO] 
2026-07-21 17:23:24 [INFO]   🔴 [91m[1mI21JC029335J[0m
2026-07-21 17:23:24 [INFO]      consumiu MAIS que o habitual às 04h
2026-07-21 17:23:24 [INFO]      [2mReal:[0m 0.058 m3   [2mHabitual:[0m 0.008 ± 0.010 m3   [2mz:[0m +5.00   [2mdesvio:[0m +625%   [2m(12 obs. dia_util)[0m
2026-07-21 17:23:24 [INFO] 
2026-07-21 17:23:24 [INFO]   🔴 [91m[1mD19BX000041[0m
2026-07-21 17:23:24 [INFO]      consumiu MAIS que o habitual às 02h
2026-07-21 17:23:24 [INFO]      [2mReal:[0m 0.150 m3   [2mHabitual:[0m 0.007 ± 0.030 m3   [2mz:[0m +4.83   [2mdesvio:[0m +1983%   [2m(17 obs. dia_util)[0m
2026-07-21 17:23:24 [INFO] 
2026-07-21 17:23:24 [INFO]   🔴 [91m[1mI19JC065564I[0m
2026-07-21 17:23:24 [INFO]      consumiu MAIS que o habitual às 14h
2026-07-21 17:23:24 [INFO]      [2mReal:[0m 0.186 m3   [2mHabitual:[0m 0.054 ± 0.028 m3   [2mz:[0m +4.73   [2mdesvio:[0m +242%   [2m(19 obs. dia_util)[0m
2026-07-21 17:23:24 [INFO] 
2026-07-21 17:23:24 [INFO]   🔴 [91m[1mD19BX000041[0m
2026-07-21 17:23:24 [INFO]      consumiu MAIS que o habitual às 01h
2026-07-21 17:23:24 [INFO]      [2mReal:[0m 0.155 m3   [2mHabitual:[0m 0.008 ± 0.032 m3   [2mz:[0m +4.66   [2mdesvio:[0m +1745%   [2m(17 obs. dia_util)[0m
2026-07-21 17:23:24 [INFO] 
2026-07-21 17:23:24 [INFO]   🔴 [91m[1mI14JE002622G[0m
2026-07-21 17:23:24 [INFO]      consumiu MAIS que o habitual às 22h
2026-07-21 17:23:24 [INFO]      [2mReal:[0m 0.102 m3   [2mHabitual:[0m 0.009 ± 0.020 m3   [2mz:[0m +4.66   [2mdesvio:[0m +1059%   [2m(21 obs. dia_util)[0m
2026-07-21 17:23:24 [INFO] 
2026-07-21 17:23:24 [INFO]   🔴 [91m[1mC22FC002164L[0m
2026-07-21 17:23:24 [INFO]      consumiu MAIS que o habitual às 22h
2026-07-21 17:23:24 [INFO]      [2mReal:[0m 0.221 m3   [2mHabitual:[0m 0.059 ± 0.035 m3   [2mz:[0m +4.62   [2mdesvio:[0m +276%   [2m(19 obs. dia_util)[0m
2026-07-21 17:23:24 [INFO] 
2026-07-21 17:23:24 [INFO]   🔴 [91m[1mC20LB001379[0m
2026-07-21 17:23:24 [INFO]      consumiu MAIS que o habitual às 19h
2026-07-21 17:23:24 [INFO]      [2mReal:[0m 0.114 m3   [2mHabitual:[0m 0.013 ± 0.022 m3   [2mz:[0m +4.57   [2mdesvio:[0m +764%   [2m(21 obs. dia_util)[0m
2026-07-21 17:23:24 [INFO] 
2026-07-21 17:23:24 [INFO]   🔴 [91m[1mI18MF912111K[0m
2026-07-21 17:23:24 [INFO]      consumiu MAIS que o habitual às 21h
2026-07-21 17:23:24 [INFO]      [2mReal:[0m 0.860 m3   [2mHabitual:[0m 0.404 ± 0.101 m3   [2mz:[0m +4.52   [2mdesvio:[0m +113%   [2m(16 obs. dia_util)[0m
2026-07-21 17:23:24 [INFO] 
2026-07-21 17:23:24 [INFO]   🔴 [91m[1mI18MF912111K[0m
2026-07-21 17:23:24 [INFO]      consumiu MAIS que o habitual às 20h
2026-07-21 17:23:24 [INFO]      [2mReal:[0m 0.930 m3   [2mHabitual:[0m 0.439 ± 0.110 m3   [2mz:[0m +4.48   [2mdesvio:[0m +112%   [2m(16 obs. dia_util)[0m
2026-07-21 17:23:24 [INFO] 
2026-07-21 17:23:24 [INFO]   🔴 [91m[1mI17JE060876[0m
2026-07-21 17:23:24 [INFO]      consumiu MAIS que o habitual às 19h
2026-07-21 17:23:24 [INFO]      [2mReal:[0m 0.075 m3   [2mHabitual:[0m 0.018 ± 0.013 m3   [2mz:[0m +4.36   [2mdesvio:[0m +308%   [2m(21 obs. dia_util)[0m
2026-07-21 17:23:24 [INFO] 
2026-07-21 17:23:24 [INFO]   🔴 [91m[1mI18JC067687[0m
2026-07-21 17:23:24 [INFO]      consumiu MAIS que o habitual às 21h
2026-07-21 17:23:24 [INFO]      [2mReal:[0m 0.190 m3   [2mHabitual:[0m 0.033 ± 0.037 m3   [2mz:[0m +4.19   [2mdesvio:[0m +469%   [2m(9 obs. dia_util)[0m
2026-07-21 17:23:24 [INFO] 
2026-07-21 17:23:24 [INFO]   🔴 [91m[1mI21JC037660Q[0m
2026-07-21 17:23:24 [INFO]      consumiu MAIS que o habitual às 08h
2026-07-21 17:23:24 [INFO]      [2mReal:[0m 0.167 m3   [2mHabitual:[0m 0.014 ± 0.037 m3   [2mz:[0m +4.15   [2mdesvio:[0m +1101%   [2m(18 obs. dia_util)[0m
2026-07-21 17:23:24 [INFO] 
2026-07-21 17:23:24 [INFO]   🔴 [91m[1mI17JE060876[0m
2026-07-21 17:23:24 [INFO]      consumiu MAIS que o habitual às 18h
2026-07-21 17:23:24 [INFO]      [2mReal:[0m 0.117 m3   [2mHabitual:[0m 0.052 ± 0.016 m3   [2mz:[0m +4.12   [2mdesvio:[0m +125%   [2m(21 obs. dia_util)[0m
2026-07-21 17:23:24 [INFO] 
2026-07-21 17:23:24 [INFO]   🔴 [91m[1mI19JC020003[0m
2026-07-21 17:23:24 [INFO]      consumiu MAIS que o habitual às 02h
2026-07-21 17:23:24 [INFO]      [2mReal:[0m 0.257 m3   [2mHabitual:[0m 0.033 ± 0.055 m3   [2mz:[0m +4.09   [2mdesvio:[0m +676%   [2m(21 obs. dia_util)[0m
2026-07-21 17:23:24 [INFO] 
2026-07-21 17:23:24 [INFO]   🔴 [91m[1mD16BX009428[0m
2026-07-21 17:23:24 [INFO]      consumiu MAIS que o habitual às 01h
2026-07-21 17:23:24 [INFO]      [2mReal:[0m 0.377 m3   [2mHabitual:[0m 0.187 ± 0.047 m3   [2mz:[0m +4.06   [2mdesvio:[0m +101%   [2m(20 obs. dia_util)[0m
2026-07-21 17:23:24 [INFO] 
2026-07-21 17:23:24 [INFO]   🔴 [91m[1mI21JC037660Q[0m
2026-07-21 17:23:24 [INFO]      consumiu MAIS que o habitual às 09h
2026-07-21 17:23:24 [INFO]      [2mReal:[0m 0.054 m3   [2mHabitual:[0m 0.010 ± 0.011 m3   [2mz:[0m +4.02   [2mdesvio:[0m +419%   [2m(19 obs. dia_util)[0m
2026-07-21 17:23:24 [INFO] 
2026-07-21 17:23:24 [INFO]   🔴 [91m[1mI19JC020003[0m
2026-07-21 17:23:24 [INFO]      consumiu MAIS que o habitual às 01h
2026-07-21 17:23:24 [INFO]      [2mReal:[0m 0.279 m3   [2mHabitual:[0m 0.054 ± 0.058 m3   [2mz:[0m +3.87   [2mdesvio:[0m +418%   [2m(21 obs. dia_util)[0m
2026-07-21 17:23:24 [INFO] 
2026-07-21 17:23:24 [INFO]   🔵 [94m[1mI20JE060959[0m
2026-07-21 17:23:24 [INFO]      consumiu MENOS que o habitual às 04h
2026-07-21 17:23:24 [INFO]      [2mReal:[0m 0.003 m3   [2mHabitual:[0m 0.072 ± 0.018 m3   [2mz:[0m -3.83   [2mdesvio:[0m -96%   [2m(21 obs. dia_util)[0m
2026-07-21 17:23:24 [INFO] 
2026-07-21 17:23:24 [INFO]   🔵 [94m[1mI20JE060959[0m
2026-07-21 17:23:24 [INFO]      consumiu MENOS que o habitual às 05h
2026-07-21 17:23:24 [INFO]      [2mReal:[0m 0.003 m3   [2mHabitual:[0m 0.072 ± 0.018 m3   [2mz:[0m -3.83   [2mdesvio:[0m -96%   [2m(21 obs. dia_util)[0m
2026-07-21 17:23:24 [INFO] 
2026-07-21 17:23:24 [INFO]   🔵 [94m[1mI20JE060959[0m
2026-07-21 17:23:24 [INFO]      consumiu MENOS que o habitual às 06h
2026-07-21 17:23:24 [INFO]      [2mReal:[0m 0.003 m3   [2mHabitual:[0m 0.072 ± 0.018 m3   [2mz:[0m -3.83   [2mdesvio:[0m -96%   [2m(21 obs. dia_util)[0m
2026-07-21 17:23:24 [INFO] 
2026-07-21 17:23:24 [INFO]   🔵 [94m[1mI20JE060959[0m
2026-07-21 17:23:24 [INFO]      consumiu MENOS que o habitual às 07h
2026-07-21 17:23:24 [INFO]      [2mReal:[0m 0.004 m3   [2mHabitual:[0m 0.072 ± 0.018 m3   [2mz:[0m -3.78   [2mdesvio:[0m -94%   [2m(20 obs. dia_util)[0m
2026-07-21 17:23:24 [INFO] 
2026-07-21 17:23:24 [INFO]   🔴 [91m[1mC23FC001331N[0m
2026-07-21 17:23:24 [INFO]      consumiu MAIS que o habitual às 04h
2026-07-21 17:23:24 [INFO]      [2mReal:[0m 1.738 m3   [2mHabitual:[0m 0.191 ± 0.413 m3   [2mz:[0m +3.75   [2mdesvio:[0m +810%   [2m(17 obs. dia_util)[0m
2026-07-21 17:23:24 [INFO] 
2026-07-21 17:23:24 [INFO]   🔴 [91m[1mC22FC002170J[0m
2026-07-21 17:23:24 [INFO]      consumiu MAIS que o habitual às 23h
2026-07-21 17:23:24 [INFO]      [2mReal:[0m 0.425 m3   [2mHabitual:[0m 0.192 ± 0.062 m3   [2mz:[0m +3.73   [2mdesvio:[0m +121%   [2m(21 obs. dia_util)[0m
2026-07-21 17:23:24 [INFO] 
2026-07-21 17:23:24 [INFO]   🔴 [91m[1mI21JC037659X[0m
2026-07-21 17:23:24 [INFO]      consumiu MAIS que o habitual às 10h
2026-07-21 17:23:24 [INFO]      [2mReal:[0m 0.060 m3   [2mHabitual:[0m 0.016 ± 0.012 m3   [2mz:[0m +3.72   [2mdesvio:[0m +285%   [2m(16 obs. dia_util)[0m
2026-07-21 17:23:24 [INFO] 
2026-07-21 17:23:24 [INFO]   🔴 [91m[1mI22JC094286P[0m
2026-07-21 17:23:24 [INFO]      consumiu MAIS que o habitual às 21h
2026-07-21 17:23:24 [INFO]      [2mReal:[0m 0.442 m3   [2mHabitual:[0m 0.183 ± 0.070 m3   [2mz:[0m +3.71   [2mdesvio:[0m +142%   [2m(18 obs. dia_util)[0m
2026-07-21 17:23:24 [INFO] 
2026-07-21 17:23:24 [INFO]   🔵 [94m[1mI20JE060959[0m
2026-07-21 17:23:24 [INFO]      consumiu MENOS que o habitual às 01h
2026-07-21 17:23:24 [INFO]      [2mReal:[0m 0.003 m3   [2mHabitual:[0m 0.071 ± 0.019 m3   [2mz:[0m -3.63   [2mdesvio:[0m -96%   [2m(16 obs. dia_util)[0m
2026-07-21 17:23:24 [INFO] 
2026-07-21 17:23:24 [INFO]   🔵 [94m[1mI20JE060959[0m
2026-07-21 17:23:24 [INFO]      consumiu MENOS que o habitual às 02h
2026-07-21 17:23:24 [INFO]      [2mReal:[0m 0.003 m3   [2mHabitual:[0m 0.072 ± 0.019 m3   [2mz:[0m -3.63   [2mdesvio:[0m -96%   [2m(16 obs. dia_util)[0m
2026-07-21 17:23:24 [INFO] 
2026-07-21 17:23:24 [INFO]   🔴 [91m[1mI21JC037658W[0m
2026-07-21 17:23:24 [INFO]      consumiu MAIS que o habitual às 22h
2026-07-21 17:23:24 [INFO]      [2mReal:[0m 0.098 m3   [2mHabitual:[0m 0.023 ± 0.021 m3   [2mz:[0m +3.62   [2mdesvio:[0m +334%   [2m(15 obs. dia_util)[0m
2026-07-21 17:23:24 [INFO] 
2026-07-21 17:23:24 [INFO]   🔴 [91m[1mC21FE004002H[0m
2026-07-21 17:23:24 [INFO]      consumiu MAIS que o habitual às 18h
2026-07-21 17:23:24 [INFO]      [2mReal:[0m 0.058 m3   [2mHabitual:[0m 0.022 ± 0.010 m3   [2mz:[0m +3.60   [2mdesvio:[0m +164%   [2m(21 obs. dia_util)[0m
2026-07-21 17:23:24 [INFO] 
2026-07-21 17:23:24 [INFO]   🔵 [94m[1mI20JE060959[0m
2026-07-21 17:23:24 [INFO]      consumiu MENOS que o habitual às 00h
2026-07-21 17:23:24 [INFO]      [2mReal:[0m 0.004 m3   [2mHabitual:[0m 0.071 ± 0.019 m3   [2mz:[0m -3.58   [2mdesvio:[0m -94%   [2m(16 obs. dia_util)[0m
2026-07-21 17:23:24 [INFO] 
2026-07-21 17:23:24 [INFO]   🔴 [91m[1mI18JC067687[0m
2026-07-21 17:23:24 [INFO]      consumiu MAIS que o habitual às 14h
2026-07-21 17:23:24 [INFO]      [2mReal:[0m 0.829 m3   [2mHabitual:[0m 0.124 ± 0.198 m3   [2mz:[0m +3.57   [2mdesvio:[0m +571%   [2m(17 obs. dia_util)[0m
2026-07-21 17:23:24 [INFO] 
2026-07-21 17:23:24 [INFO]   🔴 [91m[1mI23LA009785[0m
2026-07-21 17:23:24 [INFO]      consumiu MAIS que o habitual às 19h
2026-07-21 17:23:24 [INFO]      [2mReal:[0m 0.236 m3   [2mHabitual:[0m 0.115 ± 0.035 m3   [2mz:[0m +3.52   [2mdesvio:[0m +106%   [2m(21 obs. dia_util)[0m
2026-07-21 17:23:24 [INFO] 
2026-07-21 17:23:24 [INFO] CSV guardado: C:\Users\anaca\OneDrive\Ambiente de Trabalho\Tese\ts-anomaly-detection-dissertation\results\agua\realtime\alerts\analise_agua_2026-05-15.csv
2026-07-21 17:23:24 [INFO] 
2026-07-21 17:23:24 [INFO] [1m======================================================================[0m
2026-07-21 17:23:24 [INFO] [1m  DETECAO DE ANOMALIAS AGUA - 2026-05-16[0m
2026-07-21 17:23:24 [INFO] [1m======================================================================[0m
2026-07-21 17:23:24 [INFO]   [2mTipo de dia:[0m        fim semana
2026-07-21 17:23:24 [INFO]   [2mFonte:[0m              BAZE
2026-07-21 17:23:24 [INFO]   [2mContadores c/ dados:[0m 399
2026-07-21 17:23:24 [INFO]   [2mPontos contador/hora:[0m 8615
2026-07-21 17:23:24 [INFO]   [2mThreshold:[0m          |z| > 4.0 [2m(adaptativo a este tipo de dia)[0m
2026-07-21 17:23:24 [INFO] 
2026-07-21 17:23:58 [INFO] [1m--- Resumo -------------------------------------[0m
2026-07-21 17:23:58 [INFO]   [92mNormal[0m                  8472 [2m( 98.8%)[0m
2026-07-21 17:23:58 [INFO]   [91mDesvio (alta confianca)[0m   93 [2m(  1.1%)[0m
2026-07-21 17:23:58 [INFO]   [93mDesvio (baixa confianca)[0m   6 [2m(  0.1%)[0m
2026-07-21 17:23:58 [INFO]   [90mSem historico suficiente[0m  44
2026-07-21 17:23:58 [INFO]   [2mTempo: 33.8s[0m
2026-07-21 17:23:58 [INFO] 
2026-07-21 17:23:58 [INFO] [1m--- Desvios de ALTA confianca (93) -------------------[0m
2026-07-21 17:23:58 [INFO] 
2026-07-21 17:23:58 [INFO]   🔴 [91m[1mC21FE010289Z[0m
2026-07-21 17:23:58 [INFO]      consumiu MAIS que o habitual às 21h
2026-07-21 17:23:58 [INFO]      [2mReal:[0m 3.057 m3   [2mHabitual:[0m 0.317 ± 0.217 m3   [2mz:[0m +10.00 (cap)   [2mdesvio:[0m +864%   [2m(6 obs. fim_semana)[0m
2026-07-21 17:23:58 [INFO] 
2026-07-21 17:23:58 [INFO]   🔴 [91m[1mC23FE003152I[0m
2026-07-21 17:23:58 [INFO]      consumiu MAIS que o habitual às 12h
2026-07-21 17:23:58 [INFO]      [2mReal:[0m 0.277 m3   [2mHabitual:[0m 0.000 ± 0.010 m3   [2mz:[0m +10.00 (cap)   [2mdesvio:[0m +27700%   [2m(7 obs. fim_semana)[0m
2026-07-21 17:23:58 [INFO] 
2026-07-21 17:23:58 [INFO]   🔴 [91m[1mD06AE082862[0m
2026-07-21 17:23:58 [INFO]      consumiu MAIS que o habitual às 04h
2026-07-21 17:23:58 [INFO]      [2mReal:[0m 0.756 m3   [2mHabitual:[0m 0.045 ± 0.042 m3   [2mz:[0m +10.00 (cap)   [2mdesvio:[0m +1580%   [2m(6 obs. fim_semana)[0m
2026-07-21 17:23:58 [INFO] 
2026-07-21 17:23:58 [INFO]   🔴 [91m[1mD15XF072893[0m
2026-07-21 17:23:58 [INFO]      consumiu MAIS que o habitual às 21h
2026-07-21 17:23:58 [INFO]      [2mReal:[0m 0.230 m3   [2mHabitual:[0m 0.003 ± 0.010 m3   [2mz:[0m +10.00 (cap)   [2mdesvio:[0m +7831%   [2m(7 obs. fim_semana)[0m
2026-07-21 17:23:58 [INFO] 
2026-07-21 17:23:58 [INFO]   🔴 [91m[1mD19BA343474[0m
2026-07-21 17:23:58 [INFO]      consumiu MAIS que o habitual às 11h
2026-07-21 17:23:58 [INFO]      [2mReal:[0m 0.132 m3   [2mHabitual:[0m 0.000 ± 0.010 m3   [2mz:[0m +10.00 (cap)   [2mdesvio:[0m +13200%   [2m(7 obs. fim_semana)[0m
2026-07-21 17:23:58 [INFO] 
2026-07-21 17:23:58 [INFO]   🔴 [91m[1mD19BX000041[0m
2026-07-21 17:23:58 [INFO]      consumiu MAIS que o habitual às 04h
2026-07-21 17:23:58 [INFO]      [2mReal:[0m 0.826 m3   [2mHabitual:[0m 0.018 ± 0.049 m3   [2mz:[0m +10.00 (cap)   [2mdesvio:[0m +4389%   [2m(7 obs. fim_semana)[0m
2026-07-21 17:23:58 [INFO] 
2026-07-21 17:23:58 [INFO]   🔴 [91m[1mD19BX000041[0m
2026-07-21 17:23:58 [INFO]      consumiu MAIS que o habitual às 14h
2026-07-21 17:23:58 [INFO]      [2mReal:[0m 0.196 m3   [2mHabitual:[0m 0.009 ± 0.018 m3   [2mz:[0m +10.00 (cap)   [2mdesvio:[0m +1985%   [2m(5 obs. fim_semana)[0m
2026-07-21 17:23:58 [INFO] 
2026-07-21 17:23:58 [INFO]   🔴 [91m[1mD19BX000041[0m
2026-07-21 17:23:58 [INFO]      consumiu MAIS que o habitual às 20h
2026-07-21 17:23:58 [INFO]      [2mReal:[0m 0.869 m3   [2mHabitual:[0m 0.026 ± 0.060 m3   [2mz:[0m +10.00 (cap)   [2mdesvio:[0m +3179%   [2m(6 obs. fim_semana)[0m
2026-07-21 17:23:58 [INFO] 
2026-07-21 17:23:58 [INFO]   🔴 [91m[1mI18JC067687[0m
2026-07-21 17:23:58 [INFO]      consumiu MAIS que o habitual às 09h
2026-07-21 17:23:58 [INFO]      [2mReal:[0m 0.468 m3   [2mHabitual:[0m 0.003 ± 0.010 m3   [2mz:[0m +10.00 (cap)   [2mdesvio:[0m +16614%   [2m(6 obs. fim_semana)[0m
2026-07-21 17:23:58 [INFO] 
2026-07-21 17:23:58 [INFO]   🔴 [91m[1mI18MF912111K[0m
2026-07-21 17:23:58 [INFO]      consumiu MAIS que o habitual às 14h
2026-07-21 17:23:58 [INFO]      [2mReal:[0m 6.770 m3   [2mHabitual:[0m 0.407 ± 0.378 m3   [2mz:[0m +10.00 (cap)   [2mdesvio:[0m +1563%   [2m(7 obs. fim_semana)[0m
2026-07-21 17:23:58 [INFO] 
2026-07-21 17:23:58 [INFO]   🔴 [91m[1mI19JC029856[0m
2026-07-21 17:23:58 [INFO]      consumiu MAIS que o habitual às 03h
2026-07-21 17:23:58 [INFO]      [2mReal:[0m 9.936 m3   [2mHabitual:[0m 1.600 ± 0.670 m3   [2mz:[0m +10.00 (cap)   [2mdesvio:[0m +521%   [2m(7 obs. fim_semana)[0m
2026-07-21 17:23:58 [INFO] 
2026-07-21 17:23:58 [INFO]   🔴 [91m[1mI19JC065533[0m
2026-07-21 17:23:58 [INFO]      consumiu MAIS que o habitual às 01h
2026-07-21 17:23:58 [INFO]      [2mReal:[0m 2.752 m3   [2mHabitual:[0m 0.000 ± 0.010 m3   [2mz:[0m +10.00 (cap)   [2mdesvio:[0m +275180%   [2m(6 obs. fim_semana)[0m
2026-07-21 17:23:58 [INFO] 
2026-07-21 17:23:58 [INFO]   🔴 [91m[1mI19MF927865[0m
2026-07-21 17:23:58 [INFO]      consumiu MAIS que o habitual às 14h
2026-07-21 17:23:58 [INFO]      [2mReal:[0m 0.750 m3   [2mHabitual:[0m 0.000 ± 0.010 m3   [2mz:[0m +10.00 (cap)   [2mdesvio:[0m +75000%   [2m(7 obs. fim_semana)[0m
2026-07-21 17:23:58 [INFO] 
2026-07-21 17:23:58 [INFO]   🔴 [91m[1mI20JE067858[0m
2026-07-21 17:23:58 [INFO]      consumiu MAIS que o habitual às 00h
2026-07-21 17:23:58 [INFO]      [2mReal:[0m 1.485 m3   [2mHabitual:[0m 0.127 ± 0.035 m3   [2mz:[0m +10.00 (cap)   [2mdesvio:[0m +1067%   [2m(7 obs. fim_semana)[0m
2026-07-21 17:23:58 [INFO] 
2026-07-21 17:23:58 [INFO]   🔴 [91m[1mI21JC029136E[0m
2026-07-21 17:23:58 [INFO]      consumiu MAIS que o habitual às 21h
2026-07-21 17:23:58 [INFO]      [2mReal:[0m 2.835 m3   [2mHabitual:[0m 0.004 ± 0.010 m3   [2mz:[0m +10.00 (cap)   [2mdesvio:[0m +65830%   [2m(7 obs. fim_semana)[0m
2026-07-21 17:23:58 [INFO] 
2026-07-21 17:23:58 [INFO]   🔴 [91m[1mI21JC029136E[0m
2026-07-21 17:23:58 [INFO]      consumiu MAIS que o habitual às 22h
2026-07-21 17:23:58 [INFO]      [2mReal:[0m 0.119 m3   [2mHabitual:[0m 0.003 ± 0.010 m3   [2mz:[0m +10.00 (cap)   [2mdesvio:[0m +3867%   [2m(7 obs. fim_semana)[0m
2026-07-21 17:23:58 [INFO] 
2026-07-21 17:23:58 [INFO]   🔴 [91m[1mI21JC029148I[0m
2026-07-21 17:23:58 [INFO]      consumiu MAIS que o habitual às 22h
2026-07-21 17:23:58 [INFO]      [2mReal:[0m 1.087 m3   [2mHabitual:[0m 0.070 ± 0.077 m3   [2mz:[0m +10.00 (cap)   [2mdesvio:[0m +1455%   [2m(7 obs. fim_semana)[0m
2026-07-21 17:23:58 [INFO] 
2026-07-21 17:23:58 [INFO]   🔴 [91m[1mI21JC037657V[0m
2026-07-21 17:23:58 [INFO]      consumiu MAIS que o habitual às 20h
2026-07-21 17:23:58 [INFO]      [2mReal:[0m 0.453 m3   [2mHabitual:[0m 0.051 ± 0.028 m3   [2mz:[0m +10.00 (cap)   [2mdesvio:[0m +781%   [2m(5 obs. fim_semana)[0m
2026-07-21 17:23:58 [INFO] 
2026-07-21 17:23:58 [INFO]   🔴 [91m[1mI21JC037658W[0m
2026-07-21 17:23:58 [INFO]      consumiu MAIS que o habitual às 00h
2026-07-21 17:23:58 [INFO]      [2mReal:[0m 0.105 m3   [2mHabitual:[0m 0.004 ± 0.010 m3   [2mz:[0m +10.00 (cap)   [2mdesvio:[0m +2400%   [2m(6 obs. fim_semana)[0m
2026-07-21 17:23:58 [INFO] 
2026-07-21 17:23:58 [INFO]   🔴 [91m[1mI21LA186299[0m
2026-07-21 17:23:58 [INFO]      consumiu MAIS que o habitual às 09h
2026-07-21 17:23:58 [INFO]      [2mReal:[0m 0.218 m3   [2mHabitual:[0m 0.000 ± 0.010 m3   [2mz:[0m +10.00 (cap)   [2mdesvio:[0m +21800%   [2m(6 obs. fim_semana)[0m
2026-07-21 17:23:58 [INFO] 
2026-07-21 17:23:58 [INFO]   🔴 [91m[1mI21LA186299[0m
2026-07-21 17:23:58 [INFO]      consumiu MAIS que o habitual às 10h
2026-07-21 17:23:58 [INFO]      [2mReal:[0m 0.185 m3   [2mHabitual:[0m 0.000 ± 0.010 m3   [2mz:[0m +10.00 (cap)   [2mdesvio:[0m +18500%   [2m(6 obs. fim_semana)[0m
2026-07-21 17:23:58 [INFO] 
2026-07-21 17:23:58 [INFO]   🔴 [91m[1mI21LA186299[0m
2026-07-21 17:23:58 [INFO]      consumiu MAIS que o habitual às 11h
2026-07-21 17:23:58 [INFO]      [2mReal:[0m 0.145 m3   [2mHabitual:[0m 0.000 ± 0.010 m3   [2mz:[0m +10.00 (cap)   [2mdesvio:[0m +14500%   [2m(6 obs. fim_semana)[0m
2026-07-21 17:23:58 [INFO] 
2026-07-21 17:23:58 [INFO]   🔴 [91m[1mI21LA186299[0m
2026-07-21 17:23:58 [INFO]      consumiu MAIS que o habitual às 14h
2026-07-21 17:23:58 [INFO]      [2mReal:[0m 0.541 m3   [2mHabitual:[0m 0.000 ± 0.010 m3   [2mz:[0m +10.00 (cap)   [2mdesvio:[0m +54100%   [2m(7 obs. fim_semana)[0m
2026-07-21 17:23:58 [INFO] 
2026-07-21 17:23:58 [INFO]   🔴 [91m[1mI21LA186299[0m
2026-07-21 17:23:58 [INFO]      consumiu MAIS que o habitual às 15h
2026-07-21 17:23:58 [INFO]      [2mReal:[0m 0.256 m3   [2mHabitual:[0m 0.000 ± 0.010 m3   [2mz:[0m +10.00 (cap)   [2mdesvio:[0m +25600%   [2m(7 obs. fim_semana)[0m
2026-07-21 17:23:58 [INFO] 
2026-07-21 17:23:58 [INFO]   🔴 [91m[1mI21LA327835[0m
2026-07-21 17:23:58 [INFO]      consumiu MAIS que o habitual às 06h
2026-07-21 17:23:58 [INFO]      [2mReal:[0m 0.116 m3   [2mHabitual:[0m 0.000 ± 0.010 m3   [2mz:[0m +10.00 (cap)   [2mdesvio:[0m +11600%   [2m(7 obs. fim_semana)[0m
2026-07-21 17:23:58 [INFO] 
2026-07-21 17:23:58 [INFO]   🔴 [91m[1mI22JC094276N[0m
2026-07-21 17:23:58 [INFO]      consumiu MAIS que o habitual às 00h
2026-07-21 17:23:58 [INFO]      [2mReal:[0m 0.830 m3   [2mHabitual:[0m 0.044 ± 0.063 m3   [2mz:[0m +10.00 (cap)   [2mdesvio:[0m +1765%   [2m(6 obs. fim_semana)[0m
2026-07-21 17:23:58 [INFO] 
2026-07-21 17:23:58 [INFO]   🔴 [91m[1mI23LA213007[0m
2026-07-21 17:23:58 [INFO]      consumiu MAIS que o habitual às 11h
2026-07-21 17:23:58 [INFO]      [2mReal:[0m 0.106 m3   [2mHabitual:[0m 0.003 ± 0.010 m3   [2mz:[0m +10.00 (cap)   [2mdesvio:[0m +3977%   [2m(7 obs. fim_semana)[0m
2026-07-21 17:23:58 [INFO] 
2026-07-21 17:23:58 [INFO]   🔴 [91m[1mI18MF912111K[0m
2026-07-21 17:23:58 [INFO]      consumiu MAIS que o habitual às 05h
2026-07-21 17:23:58 [INFO]      [2mReal:[0m 0.770 m3   [2mHabitual:[0m 0.223 ± 0.056 m3   [2mz:[0m +9.79   [2mdesvio:[0m +245%   [2m(6 obs. fim_semana)[0m
2026-07-21 17:23:58 [INFO] 
2026-07-21 17:23:58 [INFO]   🔴 [91m[1mI18MF912111K[0m
2026-07-21 17:23:58 [INFO]      consumiu MAIS que o habitual às 22h
2026-07-21 17:23:58 [INFO]      [2mReal:[0m 0.790 m3   [2mHabitual:[0m 0.182 ± 0.062 m3   [2mz:[0m +9.75   [2mdesvio:[0m +335%   [2m(6 obs. fim_semana)[0m
2026-07-21 17:23:58 [INFO] 
2026-07-21 17:23:58 [INFO]   🔴 [91m[1mD19BA343472[0m
2026-07-21 17:23:58 [INFO]      consumiu MAIS que o habitual às 15h
2026-07-21 17:23:58 [INFO]      [2mReal:[0m 0.095 m3   [2mHabitual:[0m 0.000 ± 0.010 m3   [2mz:[0m +9.50   [2mdesvio:[0m +9500%   [2m(7 obs. fim_semana)[0m
2026-07-21 17:23:58 [INFO] 
2026-07-21 17:23:58 [INFO]   🔴 [91m[1mI21LA186299[0m
2026-07-21 17:23:58 [INFO]      consumiu MAIS que o habitual às 13h
2026-07-21 17:23:58 [INFO]      [2mReal:[0m 0.095 m3   [2mHabitual:[0m 0.000 ± 0.010 m3   [2mz:[0m +9.50   [2mdesvio:[0m +9500%   [2m(7 obs. fim_semana)[0m
2026-07-21 17:23:58 [INFO] 
2026-07-21 17:23:58 [INFO]   🔴 [91m[1mI23LA459839[0m
2026-07-21 17:23:58 [INFO]      consumiu MAIS que o habitual às 19h
2026-07-21 17:23:58 [INFO]      [2mReal:[0m 0.095 m3   [2mHabitual:[0m 0.000 ± 0.010 m3   [2mz:[0m +9.50   [2mdesvio:[0m +9500%   [2m(6 obs. fim_semana)[0m
2026-07-21 17:23:58 [INFO] 
2026-07-21 17:23:58 [INFO]   🔴 [91m[1mI18MF912111K[0m
2026-07-21 17:23:58 [INFO]      consumiu MAIS que o habitual às 04h
2026-07-21 17:23:58 [INFO]      [2mReal:[0m 0.770 m3   [2mHabitual:[0m 0.230 ± 0.058 m3   [2mz:[0m +9.39   [2mdesvio:[0m +235%   [2m(6 obs. fim_semana)[0m
2026-07-21 17:23:58 [INFO] 
2026-07-21 17:23:58 [INFO]   🔴 [91m[1mI18MF912111K[0m
2026-07-21 17:23:58 [INFO]      consumiu MAIS que o habitual às 15h
2026-07-21 17:23:58 [INFO]      [2mReal:[0m 0.810 m3   [2mHabitual:[0m 0.250 ± 0.062 m3   [2mz:[0m +8.96   [2mdesvio:[0m +224%   [2m(7 obs. fim_semana)[0m
2026-07-21 17:23:58 [INFO] 
2026-07-21 17:23:58 [INFO]   🔴 [91m[1mI18MF912111K[0m
2026-07-21 17:23:58 [INFO]      consumiu MAIS que o habitual às 23h
2026-07-21 17:23:58 [INFO]      [2mReal:[0m 0.780 m3   [2mHabitual:[0m 0.242 ± 0.060 m3   [2mz:[0m +8.91   [2mdesvio:[0m +223%   [2m(6 obs. fim_semana)[0m
2026-07-21 17:23:58 [INFO] 
2026-07-21 17:23:58 [INFO]   🔴 [91m[1mI18MF912111K[0m
2026-07-21 17:23:58 [INFO]      consumiu MAIS que o habitual às 19h
2026-07-21 17:23:58 [INFO]      [2mReal:[0m 0.750 m3   [2mHabitual:[0m 0.186 ± 0.065 m3   [2mz:[0m +8.75   [2mdesvio:[0m +304%   [2m(7 obs. fim_semana)[0m
2026-07-21 17:23:58 [INFO] 
2026-07-21 17:23:58 [INFO]   🔴 [91m[1mI18MF912111K[0m
2026-07-21 17:23:58 [INFO]      consumiu MAIS que o habitual às 03h
2026-07-21 17:23:58 [INFO]      [2mReal:[0m 0.770 m3   [2mHabitual:[0m 0.242 ± 0.060 m3   [2mz:[0m +8.74   [2mdesvio:[0m +219%   [2m(6 obs. fim_semana)[0m
2026-07-21 17:23:58 [INFO] 
2026-07-21 17:23:58 [INFO]   🔴 [91m[1mC23FE003152I[0m
2026-07-21 17:23:58 [INFO]      consumiu MAIS que o habitual às 11h
2026-07-21 17:23:58 [INFO]      [2mReal:[0m 0.087 m3   [2mHabitual:[0m 0.000 ± 0.010 m3   [2mz:[0m +8.70   [2mdesvio:[0m +8700%   [2m(7 obs. fim_semana)[0m
2026-07-21 17:23:58 [INFO] 
2026-07-21 17:23:58 [INFO]   🔴 [91m[1mC23FE003152I[0m
2026-07-21 17:23:58 [INFO]      consumiu MAIS que o habitual às 13h
2026-07-21 17:23:58 [INFO]      [2mReal:[0m 0.086 m3   [2mHabitual:[0m -0.000 ± 0.010 m3   [2mz:[0m +8.61   [2mdesvio:[0m +8610%   [2m(7 obs. fim_semana)[0m
2026-07-21 17:23:58 [INFO] 
2026-07-21 17:23:58 [INFO]   🔴 [91m[1mI18MF912111K[0m
2026-07-21 17:23:58 [INFO]      consumiu MAIS que o habitual às 00h
2026-07-21 17:23:58 [INFO]      [2mReal:[0m 0.800 m3   [2mHabitual:[0m 0.257 ± 0.064 m3   [2mz:[0m +8.47   [2mdesvio:[0m +212%   [2m(6 obs. fim_semana)[0m
2026-07-21 17:23:58 [INFO] 
2026-07-21 17:23:58 [INFO]   🔴 [91m[1mI18MF912111K[0m
2026-07-21 17:23:58 [INFO]      consumiu MAIS que o habitual às 01h
2026-07-21 17:23:58 [INFO]      [2mReal:[0m 0.790 m3   [2mHabitual:[0m 0.253 ± 0.063 m3   [2mz:[0m +8.47   [2mdesvio:[0m +212%   [2m(6 obs. fim_semana)[0m
2026-07-21 17:23:58 [INFO] 
2026-07-21 17:23:58 [INFO]   🔴 [91m[1mI18MF912111K[0m
2026-07-21 17:23:58 [INFO]      consumiu MAIS que o habitual às 17h
2026-07-21 17:23:58 [INFO]      [2mReal:[0m 0.790 m3   [2mHabitual:[0m 0.257 ± 0.064 m3   [2mz:[0m +8.29   [2mdesvio:[0m +207%   [2m(7 obs. fim_semana)[0m
2026-07-21 17:23:58 [INFO] 
2026-07-21 17:23:58 [INFO]   🔴 [91m[1mI21JC029335J[0m
2026-07-21 17:23:58 [INFO]      consumiu MAIS que o habitual às 14h
2026-07-21 17:23:58 [INFO]      [2mReal:[0m 0.097 m3   [2mHabitual:[0m 0.015 ± 0.010 m3   [2mz:[0m +8.16   [2mdesvio:[0m +530%   [2m(5 obs. fim_semana)[0m
2026-07-21 17:23:58 [INFO] 
2026-07-21 17:23:58 [INFO]   🔴 [91m[1mI18MF912111K[0m
2026-07-21 17:23:58 [INFO]      consumiu MAIS que o habitual às 16h
2026-07-21 17:23:58 [INFO]      [2mReal:[0m 0.810 m3   [2mHabitual:[0m 0.269 ± 0.067 m3   [2mz:[0m +8.06   [2mdesvio:[0m +202%   [2m(7 obs. fim_semana)[0m
2026-07-21 17:23:58 [INFO] 
2026-07-21 17:23:58 [INFO]   🔴 [91m[1mC18SC005963M[0m
2026-07-21 17:23:58 [INFO]      consumiu MAIS que o habitual às 10h
2026-07-21 17:23:58 [INFO]      [2mReal:[0m 1.289 m3   [2mHabitual:[0m 0.325 ± 0.121 m3   [2mz:[0m +7.94   [2mdesvio:[0m +297%   [2m(5 obs. fim_semana)[0m
2026-07-21 17:23:58 [INFO] 
2026-07-21 17:23:58 [INFO]   🔴 [91m[1mI21LA327835[0m
2026-07-21 17:23:58 [INFO]      consumiu MAIS que o habitual às 05h
2026-07-21 17:23:58 [INFO]      [2mReal:[0m 0.077 m3   [2mHabitual:[0m 0.000 ± 0.010 m3   [2mz:[0m +7.70   [2mdesvio:[0m +7700%   [2m(7 obs. fim_semana)[0m
2026-07-21 17:23:58 [INFO] 
2026-07-21 17:23:58 [INFO]   🔴 [91m[1mI18MF912111K[0m
2026-07-21 17:23:58 [INFO]      consumiu MAIS que o habitual às 18h
2026-07-21 17:23:58 [INFO]      [2mReal:[0m 0.750 m3   [2mHabitual:[0m 0.257 ± 0.066 m3   [2mz:[0m +7.50   [2mdesvio:[0m +192%   [2m(7 obs. fim_semana)[0m
2026-07-21 17:23:58 [INFO] 
2026-07-21 17:23:58 [INFO]   🔴 [91m[1mC21FE004002H[0m
2026-07-21 17:23:58 [INFO]      consumiu MAIS que o habitual às 20h
2026-07-21 17:23:58 [INFO]      [2mReal:[0m 0.194 m3   [2mHabitual:[0m 0.041 ± 0.021 m3   [2mz:[0m +7.35   [2mdesvio:[0m +370%   [2m(7 obs. fim_semana)[0m
2026-07-21 17:23:58 [INFO] 
2026-07-21 17:23:58 [INFO]   🔴 [91m[1mI21JC029333H[0m
2026-07-21 17:23:58 [INFO]      consumiu MAIS que o habitual às 14h
2026-07-21 17:23:58 [INFO]      [2mReal:[0m 0.584 m3   [2mHabitual:[0m 0.125 ± 0.063 m3   [2mz:[0m +7.33   [2mdesvio:[0m +369%   [2m(5 obs. fim_semana)[0m
2026-07-21 17:23:58 [INFO] 
2026-07-21 17:23:58 [INFO]   🔴 [91m[1mI23JE044621[0m
2026-07-21 17:23:58 [INFO]      consumiu MAIS que o habitual às 14h
2026-07-21 17:23:58 [INFO]      [2mReal:[0m 0.167 m3   [2mHabitual:[0m 0.036 ± 0.018 m3   [2mz:[0m +7.13   [2mdesvio:[0m +360%   [2m(7 obs. fim_semana)[0m
2026-07-21 17:23:58 [INFO] 
2026-07-21 17:23:58 [INFO]   🔴 [91m[1mD19BA343504[0m
2026-07-21 17:23:58 [INFO]      consumiu MAIS que o habitual às 11h
2026-07-21 17:23:58 [INFO]      [2mReal:[0m 0.134 m3   [2mHabitual:[0m 0.008 ± 0.018 m3   [2mz:[0m +7.03   [2mdesvio:[0m +1554%   [2m(7 obs. fim_semana)[0m
2026-07-21 17:23:58 [INFO] 
2026-07-21 17:23:58 [INFO]   🔴 [91m[1mI18JC067687[0m
2026-07-21 17:23:58 [INFO]      consumiu MAIS que o habitual às 21h
2026-07-21 17:23:58 [INFO]      [2mReal:[0m 0.193 m3   [2mHabitual:[0m 0.012 ± 0.027 m3   [2mz:[0m +6.75   [2mdesvio:[0m +1508%   [2m(5 obs. fim_semana)[0m
2026-07-21 17:23:58 [INFO] 
2026-07-21 17:23:58 [INFO]   🔴 [91m[1mI21LA186299[0m
2026-07-21 17:23:58 [INFO]      consumiu MAIS que o habitual às 16h
2026-07-21 17:23:58 [INFO]      [2mReal:[0m 0.066 m3   [2mHabitual:[0m 0.000 ± 0.010 m3   [2mz:[0m +6.60   [2mdesvio:[0m +6600%   [2m(7 obs. fim_semana)[0m
2026-07-21 17:23:58 [INFO] 
2026-07-21 17:23:58 [INFO]   🔴 [91m[1mC18SC005963M[0m
2026-07-21 17:23:58 [INFO]      consumiu MAIS que o habitual às 01h
2026-07-21 17:23:58 [INFO]      [2mReal:[0m 0.247 m3   [2mHabitual:[0m 0.078 ± 0.026 m3   [2mz:[0m +6.53   [2mdesvio:[0m +217%   [2m(5 obs. fim_semana)[0m
2026-07-21 17:23:58 [INFO] 
2026-07-21 17:23:58 [INFO]   🔴 [91m[1mI23JC096061R[0m
2026-07-21 17:23:58 [INFO]      consumiu MAIS que o habitual às 16h
2026-07-21 17:23:58 [INFO]      [2mReal:[0m 0.242 m3   [2mHabitual:[0m 0.046 ± 0.030 m3   [2mz:[0m +6.45   [2mdesvio:[0m +422%   [2m(7 obs. fim_semana)[0m
2026-07-21 17:23:58 [INFO] 
2026-07-21 17:23:58 [INFO]   🔴 [91m[1mI18MF912111K[0m
2026-07-21 17:23:58 [INFO]      consumiu MAIS que o habitual às 20h
2026-07-21 17:23:58 [INFO]      [2mReal:[0m 0.760 m3   [2mHabitual:[0m 0.137 ± 0.097 m3   [2mz:[0m +6.43   [2mdesvio:[0m +454%   [2m(7 obs. fim_semana)[0m
2026-07-21 17:23:58 [INFO] 
2026-07-21 17:23:58 [INFO]   🔴 [91m[1mI21JC043488L[0m
2026-07-21 17:23:58 [INFO]      consumiu MAIS que o habitual às 06h
2026-07-21 17:23:58 [INFO]      [2mReal:[0m 0.068 m3   [2mHabitual:[0m 0.004 ± 0.010 m3   [2mz:[0m +6.43   [2mdesvio:[0m +1738%   [2m(7 obs. fim_semana)[0m
2026-07-21 17:23:58 [INFO] 
2026-07-21 17:23:58 [INFO]   🔴 [91m[1mC22FC002175O[0m
2026-07-21 17:23:58 [INFO]      consumiu MAIS que o habitual às 16h
2026-07-21 17:23:58 [INFO]      [2mReal:[0m 0.130 m3   [2mHabitual:[0m 0.036 ± 0.015 m3   [2mz:[0m +6.15   [2mdesvio:[0m +262%   [2m(7 obs. fim_semana)[0m
2026-07-21 17:23:58 [INFO] 
2026-07-21 17:23:58 [INFO]   🔴 [91m[1mI23JC096063T[0m
2026-07-21 17:23:58 [INFO]      consumiu MAIS que o habitual às 12h
2026-07-21 17:23:58 [INFO]      [2mReal:[0m 0.808 m3   [2mHabitual:[0m 0.236 ± 0.094 m3   [2mz:[0m +6.07   [2mdesvio:[0m +242%   [2m(6 obs. fim_semana)[0m
2026-07-21 17:23:58 [INFO] 
2026-07-21 17:23:58 [INFO]   🔴 [91m[1mH19VA232210[0m
2026-07-21 17:23:58 [INFO]      consumiu MAIS que o habitual às 17h
2026-07-21 17:23:58 [INFO]      [2mReal:[0m 0.085 m3   [2mHabitual:[0m 0.005 ± 0.013 m3   [2mz:[0m +6.05   [2mdesvio:[0m +1600%   [2m(7 obs. fim_semana)[0m
2026-07-21 17:23:58 [INFO] 
2026-07-21 17:23:58 [INFO]   🔴 [91m[1mI18JC067687[0m
2026-07-21 17:23:58 [INFO]      consumiu MAIS que o habitual às 20h
2026-07-21 17:23:58 [INFO]      [2mReal:[0m 0.760 m3   [2mHabitual:[0m 0.077 ± 0.117 m3   [2mz:[0m +5.83   [2mdesvio:[0m +890%   [2m(5 obs. fim_semana)[0m
2026-07-21 17:23:58 [INFO] 
2026-07-21 17:23:58 [INFO]   🔴 [91m[1mC17SC007487[0m
2026-07-21 17:23:58 [INFO]      consumiu MAIS que o habitual às 15h
2026-07-21 17:23:58 [INFO]      [2mReal:[0m 0.077 m3   [2mHabitual:[0m 0.008 ± 0.012 m3   [2mz:[0m +5.79   [2mdesvio:[0m +817%   [2m(5 obs. fim_semana)[0m
2026-07-21 17:23:58 [INFO] 
2026-07-21 17:23:58 [INFO]   🔴 [91m[1mI18MF912111K[0m
2026-07-21 17:23:58 [INFO]      consumiu MAIS que o habitual às 21h
2026-07-21 17:23:58 [INFO]      [2mReal:[0m 0.770 m3   [2mHabitual:[0m 0.152 ± 0.108 m3   [2mz:[0m +5.71   [2mdesvio:[0m +408%   [2m(6 obs. fim_semana)[0m
2026-07-21 17:23:58 [INFO] 
2026-07-21 17:23:58 [INFO]   🔴 [91m[1mI22LA224628[0m
2026-07-21 17:23:58 [INFO]      consumiu MAIS que o habitual às 09h
2026-07-21 17:23:58 [INFO]      [2mReal:[0m 0.063 m3   [2mHabitual:[0m 0.004 ± 0.011 m3   [2mz:[0m +5.57   [2mdesvio:[0m +1475%   [2m(7 obs. fim_semana)[0m
2026-07-21 17:23:58 [INFO] 
2026-07-21 17:23:58 [INFO]   🔴 [91m[1mI21LA183439[0m
2026-07-21 17:23:58 [INFO]      consumiu MAIS que o habitual às 20h
2026-07-21 17:23:58 [INFO]      [2mReal:[0m 0.109 m3   [2mHabitual:[0m 0.023 ± 0.016 m3   [2mz:[0m +5.47   [2mdesvio:[0m +382%   [2m(7 obs. fim_semana)[0m
2026-07-21 17:23:58 [INFO] 
2026-07-21 17:23:58 [INFO]   🔴 [91m[1mI21JC029325H[0m
2026-07-21 17:23:58 [INFO]      consumiu MAIS que o habitual às 14h
2026-07-21 17:23:58 [INFO]      [2mReal:[0m 0.365 m3   [2mHabitual:[0m 0.077 ± 0.053 m3   [2mz:[0m +5.40   [2mdesvio:[0m +377%   [2m(7 obs. fim_semana)[0m
2026-07-21 17:23:58 [INFO] 
2026-07-21 17:23:58 [INFO]   🔴 [91m[1mI19JC065533[0m
2026-07-21 17:23:58 [INFO]      consumiu MAIS que o habitual às 13h
2026-07-21 17:23:58 [INFO]      [2mReal:[0m 8.548 m3   [2mHabitual:[0m 0.920 ± 1.426 m3   [2mz:[0m +5.35   [2mdesvio:[0m +829%   [2m(6 obs. fim_semana)[0m
2026-07-21 17:23:58 [INFO] 
2026-07-21 17:23:58 [INFO]   🔴 [91m[1mI21JC037660Q[0m
2026-07-21 17:23:58 [INFO]      consumiu MAIS que o habitual às 23h
2026-07-21 17:23:58 [INFO]      [2mReal:[0m 0.062 m3   [2mHabitual:[0m 0.009 ± 0.010 m3   [2mz:[0m +5.28   [2mdesvio:[0m +574%   [2m(6 obs. fim_semana)[0m
2026-07-21 17:23:58 [INFO] 
2026-07-21 17:23:58 [INFO]   🔴 [91m[1mI20JE067858[0m
2026-07-21 17:23:58 [INFO]      consumiu MAIS que o habitual às 05h
2026-07-21 17:23:58 [INFO]      [2mReal:[0m 0.088 m3   [2mHabitual:[0m 0.022 ± 0.013 m3   [2mz:[0m +5.16   [2mdesvio:[0m +298%   [2m(7 obs. fim_semana)[0m
2026-07-21 17:23:58 [INFO] 
2026-07-21 17:23:58 [INFO]   🔴 [91m[1mC17SC007432[0m
2026-07-21 17:23:58 [INFO]      consumiu MAIS que o habitual às 17h
2026-07-21 17:23:58 [INFO]      [2mReal:[0m 0.058 m3   [2mHabitual:[0m 0.007 ± 0.010 m3   [2mz:[0m +5.11   [2mdesvio:[0m +741%   [2m(7 obs. fim_semana)[0m
2026-07-21 17:23:58 [INFO] 
2026-07-21 17:23:58 [INFO]   🔴 [91m[1mI21JC037657V[0m
2026-07-21 17:23:58 [INFO]      consumiu MAIS que o habitual às 21h
2026-07-21 17:23:58 [INFO]      [2mReal:[0m 0.060 m3   [2mHabitual:[0m 0.011 ± 0.010 m3   [2mz:[0m +4.88   [2mdesvio:[0m +436%   [2m(5 obs. fim_semana)[0m
2026-07-21 17:23:58 [INFO] 
2026-07-21 17:23:58 [INFO]   🔴 [91m[1mD06AE082862[0m
2026-07-21 17:23:58 [INFO]      consumiu MAIS que o habitual às 18h
2026-07-21 17:23:58 [INFO]      [2mReal:[0m 0.178 m3   [2mHabitual:[0m 0.035 ± 0.030 m3   [2mz:[0m +4.84   [2mdesvio:[0m +409%   [2m(7 obs. fim_semana)[0m
2026-07-21 17:23:58 [INFO] 
2026-07-21 17:23:58 [INFO]   🔴 [91m[1mC20LB001379[0m
2026-07-21 17:23:58 [INFO]      consumiu MAIS que o habitual às 16h
2026-07-21 17:23:58 [INFO]      [2mReal:[0m 0.051 m3   [2mHabitual:[0m 0.004 ± 0.010 m3   [2mz:[0m +4.67   [2mdesvio:[0m +1086%   [2m(7 obs. fim_semana)[0m
2026-07-21 17:23:58 [INFO] 
2026-07-21 17:23:58 [INFO]   🔴 [91m[1mC18SC002011N[0m
2026-07-21 17:23:58 [INFO]      consumiu MAIS que o habitual às 15h
2026-07-21 17:23:58 [INFO]      [2mReal:[0m 0.183 m3   [2mHabitual:[0m 0.044 ± 0.030 m3   [2mz:[0m +4.66   [2mdesvio:[0m +312%   [2m(7 obs. fim_semana)[0m
2026-07-21 17:23:58 [INFO] 
2026-07-21 17:23:58 [INFO]   🔴 [91m[1mD08AC395031B[0m
2026-07-21 17:23:58 [INFO]      consumiu MAIS que o habitual às 08h
2026-07-21 17:23:58 [INFO]      [2mReal:[0m 0.070 m3   [2mHabitual:[0m 0.023 ± 0.010 m3   [2mz:[0m +4.66   [2mdesvio:[0m +199%   [2m(7 obs. fim_semana)[0m
2026-07-21 17:23:58 [INFO] 
2026-07-21 17:23:58 [INFO]   🔴 [91m[1mI21JC037660Q[0m
2026-07-21 17:23:58 [INFO]      consumiu MAIS que o habitual às 00h
2026-07-21 17:23:58 [INFO]      [2mReal:[0m 0.051 m3   [2mHabitual:[0m 0.005 ± 0.010 m3   [2mz:[0m +4.63   [2mdesvio:[0m +985%   [2m(7 obs. fim_semana)[0m
2026-07-21 17:23:58 [INFO] 
2026-07-21 17:23:58 [INFO]   🔴 [91m[1mI22JC094285O[0m
2026-07-21 17:23:58 [INFO]      consumiu MAIS que o habitual às 20h
2026-07-21 17:23:58 [INFO]      [2mReal:[0m 0.228 m3   [2mHabitual:[0m 0.095 ± 0.029 m3   [2mz:[0m +4.63   [2mdesvio:[0m +141%   [2m(5 obs. fim_semana)[0m
2026-07-21 17:23:58 [INFO] 
2026-07-21 17:23:58 [INFO]   🔴 [91m[1mI20JE060957[0m
2026-07-21 17:23:58 [INFO]      consumiu MAIS que o habitual às 19h
2026-07-21 17:23:58 [INFO]      [2mReal:[0m 0.285 m3   [2mHabitual:[0m 0.133 ± 0.033 m3   [2mz:[0m +4.54   [2mdesvio:[0m +114%   [2m(7 obs. fim_semana)[0m
2026-07-21 17:23:58 [INFO] 
2026-07-21 17:23:58 [INFO]   🔴 [91m[1mI19JC029855[0m
2026-07-21 17:23:58 [INFO]      consumiu MAIS que o habitual às 14h
2026-07-21 17:23:58 [INFO]      [2mReal:[0m 0.557 m3   [2mHabitual:[0m 0.117 ± 0.097 m3   [2mz:[0m +4.52   [2mdesvio:[0m +376%   [2m(6 obs. fim_semana)[0m
2026-07-21 17:23:58 [INFO] 
2026-07-21 17:23:58 [INFO]   🔴 [91m[1mI23JC096061R[0m
2026-07-21 17:23:58 [INFO]      consumiu MAIS que o habitual às 00h
2026-07-21 17:23:58 [INFO]      [2mReal:[0m 0.059 m3   [2mHabitual:[0m 0.014 ± 0.010 m3   [2mz:[0m +4.44   [2mdesvio:[0m +331%   [2m(7 obs. fim_semana)[0m
2026-07-21 17:23:58 [INFO] 
2026-07-21 17:23:58 [INFO]   🔴 [91m[1mI23JC096063T[0m
2026-07-21 17:23:58 [INFO]      consumiu MAIS que o habitual às 07h
2026-07-21 17:23:58 [INFO]      [2mReal:[0m 0.073 m3   [2mHabitual:[0m 0.029 ± 0.010 m3   [2mz:[0m +4.43   [2mdesvio:[0m +154%   [2m(7 obs. fim_semana)[0m
2026-07-21 17:23:58 [INFO] 
2026-07-21 17:23:58 [INFO]   🔴 [91m[1mI22LA224628[0m
2026-07-21 17:23:58 [INFO]      consumiu MAIS que o habitual às 12h
2026-07-21 17:23:58 [INFO]      [2mReal:[0m 0.047 m3   [2mHabitual:[0m 0.003 ± 0.010 m3   [2mz:[0m +4.36   [2mdesvio:[0m +1282%   [2m(7 obs. fim_semana)[0m
2026-07-21 17:23:58 [INFO] 
2026-07-21 17:23:58 [INFO]   🔴 [91m[1mD08AB044387[0m
2026-07-21 17:23:58 [INFO]      consumiu MAIS que o habitual às 00h
2026-07-21 17:23:58 [INFO]      [2mReal:[0m 0.705 m3   [2mHabitual:[0m 0.118 ± 0.135 m3   [2mz:[0m +4.33   [2mdesvio:[0m +497%   [2m(5 obs. fim_semana)[0m
2026-07-21 17:23:58 [INFO] 
2026-07-21 17:23:58 [INFO]   🔴 [91m[1mI22JC094278P[0m
2026-07-21 17:23:58 [INFO]      consumiu MAIS que o habitual às 19h
2026-07-21 17:23:58 [INFO]      [2mReal:[0m 0.295 m3   [2mHabitual:[0m 0.104 ± 0.044 m3   [2mz:[0m +4.33   [2mdesvio:[0m +183%   [2m(7 obs. fim_semana)[0m
2026-07-21 17:23:58 [INFO] 
2026-07-21 17:23:58 [INFO]   🔴 [91m[1mI23JC096060Q[0m
2026-07-21 17:23:58 [INFO]      consumiu MAIS que o habitual às 17h
2026-07-21 17:23:58 [INFO]      [2mReal:[0m 0.185 m3   [2mHabitual:[0m 0.055 ± 0.030 m3   [2mz:[0m +4.29   [2mdesvio:[0m +237%   [2m(7 obs. fim_semana)[0m
2026-07-21 17:23:58 [INFO] 
2026-07-21 17:23:58 [INFO]   🔴 [91m[1mC17SC007487[0m
2026-07-21 17:23:58 [INFO]      consumiu MAIS que o habitual às 14h
2026-07-21 17:23:58 [INFO]      [2mReal:[0m 0.069 m3   [2mHabitual:[0m 0.007 ± 0.014 m3   [2mz:[0m +4.27   [2mdesvio:[0m +832%   [2m(5 obs. fim_semana)[0m
2026-07-21 17:23:58 [INFO] 
2026-07-21 17:23:58 [INFO]   🔴 [91m[1mC20LB001379[0m
2026-07-21 17:23:58 [INFO]      consumiu MAIS que o habitual às 01h
2026-07-21 17:23:58 [INFO]      [2mReal:[0m 0.050 m3   [2mHabitual:[0m 0.008 ± 0.010 m3   [2mz:[0m +4.24   [2mdesvio:[0m +558%   [2m(7 obs. fim_semana)[0m
2026-07-21 17:23:58 [INFO] 
2026-07-21 17:23:58 [INFO]   🔴 [91m[1mD08AC395031B[0m
2026-07-21 17:23:58 [INFO]      consumiu MAIS que o habitual às 00h
2026-07-21 17:23:58 [INFO]      [2mReal:[0m 0.098 m3   [2mHabitual:[0m 0.022 ± 0.018 m3   [2mz:[0m +4.24   [2mdesvio:[0m +339%   [2m(7 obs. fim_semana)[0m
2026-07-21 17:23:58 [INFO] 
2026-07-21 17:23:58 [INFO]   🔴 [91m[1mC21FE004002H[0m
2026-07-21 17:23:58 [INFO]      consumiu MAIS que o habitual às 13h
2026-07-21 17:23:58 [INFO]      [2mReal:[0m 0.117 m3   [2mHabitual:[0m 0.033 ± 0.020 m3   [2mz:[0m +4.18   [2mdesvio:[0m +251%   [2m(7 obs. fim_semana)[0m
2026-07-21 17:23:58 [INFO] 
2026-07-21 17:23:58 [INFO]   🔴 [91m[1mH21VA421092U[0m
2026-07-21 17:23:58 [INFO]      consumiu MAIS que o habitual às 12h
2026-07-21 17:23:58 [INFO]      [2mReal:[0m 0.042 m3   [2mHabitual:[0m 0.000 ± 0.010 m3   [2mz:[0m +4.18   [2mdesvio:[0m +4180%   [2m(5 obs. fim_semana)[0m
2026-07-21 17:23:58 [INFO] 
2026-07-21 17:23:58 [INFO]   🔴 [91m[1mC17SC007487[0m
2026-07-21 17:23:58 [INFO]      consumiu MAIS que o habitual às 17h
2026-07-21 17:23:58 [INFO]      [2mReal:[0m 0.075 m3   [2mHabitual:[0m 0.014 ± 0.015 m3   [2mz:[0m +4.16   [2mdesvio:[0m +421%   [2m(5 obs. fim_semana)[0m
2026-07-21 17:23:58 [INFO] 
2026-07-21 17:23:58 [INFO]   🔴 [91m[1mI22JC094273K[0m
2026-07-21 17:23:58 [INFO]      consumiu MAIS que o habitual às 11h
2026-07-21 17:23:58 [INFO]      [2mReal:[0m 0.454 m3   [2mHabitual:[0m 0.224 ± 0.056 m3   [2mz:[0m +4.10   [2mdesvio:[0m +103%   [2m(7 obs. fim_semana)[0m
2026-07-21 17:23:58 [INFO] 
2026-07-21 17:23:58 [INFO]   🔴 [91m[1mI21JC029165J[0m
2026-07-21 17:23:58 [INFO]      consumiu MAIS que o habitual às 10h
2026-07-21 17:23:58 [INFO]      [2mReal:[0m 0.367 m3   [2mHabitual:[0m 0.182 ± 0.046 m3   [2mz:[0m +4.05   [2mdesvio:[0m +101%   [2m(7 obs. fim_semana)[0m
2026-07-21 17:23:58 [INFO] 
2026-07-21 17:23:58 [INFO] [1m[93m--- Desvios de BAIXA confianca (6) ------------------[0m
2026-07-21 17:23:58 [INFO]   [2m(poucos dados historicos - verificar manualmente)[0m
2026-07-21 17:23:58 [INFO] 
2026-07-21 17:23:58 [INFO]   🔴 [91m[1mD05AE129685[0m
2026-07-21 17:23:58 [INFO]      consumiu MAIS que o habitual às 23h
2026-07-21 17:23:58 [INFO]      [2mReal:[0m 1.727 m3   [2mHabitual:[0m 0.005 ± 0.010 m3   [2mz:[0m +10.00 (cap)   [2mdesvio:[0m +35879%   [2m(6 obs. fim_semana)[0m
2026-07-21 17:23:58 [INFO] 
2026-07-21 17:23:58 [INFO]   🔴 [91m[1mI19JC029846L[0m
2026-07-21 17:23:58 [INFO]      consumiu MAIS que o habitual às 00h
2026-07-21 17:23:58 [INFO]      [2mReal:[0m 5.220 m3   [2mHabitual:[0m 0.453 ± 0.113 m3   [2mz:[0m +10.00 (cap)   [2mdesvio:[0m +1054%   [2m(2 obs. fim_semana)[0m
2026-07-21 17:23:58 [INFO] 
2026-07-21 17:23:58 [INFO]   🔴 [91m[1mI19JC065564I[0m
2026-07-21 17:23:58 [INFO]      consumiu MAIS que o habitual às 12h
2026-07-21 17:23:58 [INFO]      [2mReal:[0m 0.582 m3   [2mHabitual:[0m 0.114 ± 0.043 m3   [2mz:[0m +10.00 (cap)   [2mdesvio:[0m +410%   [2m(4 obs. fim_semana)[0m
2026-07-21 17:23:58 [INFO] 
2026-07-21 17:23:58 [INFO]   🔴 [91m[1mI21JC029333H[0m
2026-07-21 17:23:58 [INFO]      consumiu MAIS que o habitual às 01h
2026-07-21 17:23:58 [INFO]      [2mReal:[0m 0.211 m3   [2mHabitual:[0m 0.019 ± 0.010 m3   [2mz:[0m +10.00 (cap)   [2mdesvio:[0m +1028%   [2m(4 obs. fim_semana)[0m
2026-07-21 17:23:58 [INFO] 
2026-07-21 17:23:58 [INFO]   🔴 [91m[1mD11JE109235D[0m
2026-07-21 17:23:58 [INFO]      consumiu MAIS que o habitual às 20h
2026-07-21 17:23:58 [INFO]      [2mReal:[0m 1.540 m3   [2mHabitual:[0m 0.240 ± 0.218 m3   [2mz:[0m +5.97   [2mdesvio:[0m +541%   [2m(4 obs. fim_semana)[0m
2026-07-21 17:23:58 [INFO] 
2026-07-21 17:23:58 [INFO]   🔴 [91m[1mD18BX003233[0m
2026-07-21 17:23:58 [INFO]      consumiu MAIS que o habitual às 23h
2026-07-21 17:23:58 [INFO]      [2mReal:[0m 0.079 m3   [2mHabitual:[0m 0.007 ± 0.012 m3   [2mz:[0m +5.94   [2mdesvio:[0m +1029%   [2m(3 obs. fim_semana)[0m
2026-07-21 17:23:58 [INFO] 
2026-07-21 17:23:58 [INFO] CSV guardado: C:\Users\anaca\OneDrive\Ambiente de Trabalho\Tese\ts-anomaly-detection-dissertation\results\agua\realtime\alerts\analise_agua_2026-05-16.csv
2026-07-21 17:23:59 [INFO] 
2026-07-21 17:23:59 [INFO] [1m======================================================================[0m
2026-07-21 17:23:59 [INFO] [1m  DETECAO DE ANOMALIAS AGUA - 2026-05-17[0m
2026-07-21 17:23:59 [INFO] [1m======================================================================[0m
2026-07-21 17:23:59 [INFO]   [2mTipo de dia:[0m        fim semana
2026-07-21 17:23:59 [INFO]   [2mFonte:[0m              BAZE
2026-07-21 17:23:59 [INFO]   [2mContadores c/ dados:[0m 397
2026-07-21 17:23:59 [INFO]   [2mPontos contador/hora:[0m 8709
2026-07-21 17:23:59 [INFO]   [2mThreshold:[0m          |z| > 4.0 [2m(adaptativo a este tipo de dia)[0m
2026-07-21 17:23:59 [INFO] 
2026-07-21 17:24:22 [INFO] [1m--- Resumo -------------------------------------[0m
2026-07-21 17:24:22 [INFO]   [92mNormal[0m                  8632 [2m( 99.2%)[0m
2026-07-21 17:24:22 [INFO]   [91mDesvio (alta confianca)[0m   60 [2m(  0.7%)[0m
2026-07-21 17:24:22 [INFO]   [93mDesvio (baixa confianca)[0m  13 [2m(  0.1%)[0m
2026-07-21 17:24:22 [INFO]   [90mSem historico suficiente[0m   4
2026-07-21 17:24:22 [INFO]   [2mTempo: 23.8s[0m
2026-07-21 17:24:22 [INFO] 
2026-07-21 17:24:22 [INFO] [1m--- Desvios de ALTA confianca (60) -------------------[0m
2026-07-21 17:24:22 [INFO] 
2026-07-21 17:24:22 [INFO]   🔴 [91m[1mC16SC000825R[0m
2026-07-21 17:24:22 [INFO]      consumiu MAIS que o habitual às 10h
2026-07-21 17:24:22 [INFO]      [2mReal:[0m 4.176 m3   [2mHabitual:[0m 1.063 ± 0.266 m3   [2mz:[0m +10.00 (cap)   [2mdesvio:[0m +293%   [2m(8 obs. fim_semana)[0m
2026-07-21 17:24:22 [INFO] 
2026-07-21 17:24:22 [INFO]   🔴 [91m[1mC18LB000173[0m
2026-07-21 17:24:22 [INFO]      consumiu MAIS que o habitual às 13h
2026-07-21 17:24:22 [INFO]      [2mReal:[0m 0.128 m3   [2mHabitual:[0m 0.000 ± 0.010 m3   [2mz:[0m +10.00 (cap)   [2mdesvio:[0m +12800%   [2m(8 obs. fim_semana)[0m
2026-07-21 17:24:22 [INFO] 
2026-07-21 17:24:22 [INFO]   🔴 [91m[1mC18LB000173[0m
2026-07-21 17:24:22 [INFO]      consumiu MAIS que o habitual às 14h
2026-07-21 17:24:22 [INFO]      [2mReal:[0m 0.182 m3   [2mHabitual:[0m 0.000 ± 0.010 m3   [2mz:[0m +10.00 (cap)   [2mdesvio:[0m +18200%   [2m(8 obs. fim_semana)[0m
2026-07-21 17:24:22 [INFO] 
2026-07-21 17:24:22 [INFO]   🔴 [91m[1mC22FC002164L[0m
2026-07-21 17:24:22 [INFO]      consumiu MAIS que o habitual às 00h
2026-07-21 17:24:22 [INFO]      [2mReal:[0m 1.732 m3   [2mHabitual:[0m 0.055 ± 0.105 m3   [2mz:[0m +10.00 (cap)   [2mdesvio:[0m +3055%   [2m(7 obs. fim_semana)[0m
2026-07-21 17:24:22 [INFO] 
2026-07-21 17:24:22 [INFO]   🔴 [91m[1mC22FC002175O[0m
2026-07-21 17:24:22 [INFO]      consumiu MAIS que o habitual às 16h
2026-07-21 17:24:22 [INFO]      [2mReal:[0m 0.471 m3   [2mHabitual:[0m 0.048 ± 0.036 m3   [2mz:[0m +10.00 (cap)   [2mdesvio:[0m +889%   [2m(8 obs. fim_semana)[0m
2026-07-21 17:24:22 [INFO] 
2026-07-21 17:24:22 [INFO]   🔴 [91m[1mD08AC395031B[0m
2026-07-21 17:24:22 [INFO]      consumiu MAIS que o habitual às 05h
2026-07-21 17:24:22 [INFO]      [2mReal:[0m 0.160 m3   [2mHabitual:[0m 0.004 ± 0.010 m3   [2mz:[0m +10.00 (cap)   [2mdesvio:[0m +3536%   [2m(8 obs. fim_semana)[0m
2026-07-21 17:24:22 [INFO] 
2026-07-21 17:24:22 [INFO]   🔴 [91m[1mD15XF072893[0m
2026-07-21 17:24:22 [INFO]      consumiu MAIS que o habitual às 22h
2026-07-21 17:24:22 [INFO]      [2mReal:[0m 0.400 m3   [2mHabitual:[0m 0.000 ± 0.010 m3   [2mz:[0m +10.00 (cap)   [2mdesvio:[0m +40000%   [2m(8 obs. fim_semana)[0m
2026-07-21 17:24:22 [INFO] 
2026-07-21 17:24:22 [INFO]   🔴 [91m[1mD15XF072893[0m
2026-07-21 17:24:22 [INFO]      consumiu MAIS que o habitual às 23h
2026-07-21 17:24:22 [INFO]      [2mReal:[0m 0.400 m3   [2mHabitual:[0m 0.000 ± 0.010 m3   [2mz:[0m +10.00 (cap)   [2mdesvio:[0m +40000%   [2m(8 obs. fim_semana)[0m
2026-07-21 17:24:22 [INFO] 
2026-07-21 17:24:22 [INFO]   🔴 [91m[1mD17BA019938[0m
2026-07-21 17:24:22 [INFO]      consumiu MAIS que o habitual às 22h
2026-07-21 17:24:22 [INFO]      [2mReal:[0m 0.140 m3   [2mHabitual:[0m 0.014 ± 0.011 m3   [2mz:[0m +10.00 (cap)   [2mdesvio:[0m +900%   [2m(6 obs. fim_semana)[0m
2026-07-21 17:24:22 [INFO] 
2026-07-21 17:24:22 [INFO]   🔴 [91m[1mI18MF912111K[0m
2026-07-21 17:24:22 [INFO]      consumiu MAIS que o habitual às 07h
2026-07-21 17:24:22 [INFO]      [2mReal:[0m 0.750 m3   [2mHabitual:[0m 0.210 ± 0.052 m3   [2mz:[0m +10.00 (cap)   [2mdesvio:[0m +257%   [2m(6 obs. fim_semana)[0m
2026-07-21 17:24:22 [INFO] 
2026-07-21 17:24:22 [INFO]   🔴 [91m[1mI18MF912111K[0m
2026-07-21 17:24:22 [INFO]      consumiu MAIS que o habitual às 08h
2026-07-21 17:24:22 [INFO]      [2mReal:[0m 0.730 m3   [2mHabitual:[0m 0.182 ± 0.045 m3   [2mz:[0m +10.00 (cap)   [2mdesvio:[0m +302%   [2m(6 obs. fim_semana)[0m
2026-07-21 17:24:22 [INFO] 
2026-07-21 17:24:22 [INFO]   🔴 [91m[1mI19JC029856[0m
2026-07-21 17:24:22 [INFO]      consumiu MAIS que o habitual às 19h
2026-07-21 17:24:22 [INFO]      [2mReal:[0m 9.307 m3   [2mHabitual:[0m 1.615 ± 0.515 m3   [2mz:[0m +10.00 (cap)   [2mdesvio:[0m +476%   [2m(6 obs. fim_semana)[0m
2026-07-21 17:24:22 [INFO] 
2026-07-21 17:24:22 [INFO]   🔴 [91m[1mI20MF944347P[0m
2026-07-21 17:24:22 [INFO]      consumiu MAIS que o habitual às 09h
2026-07-21 17:24:22 [INFO]      [2mReal:[0m 0.260 m3   [2mHabitual:[0m 0.057 ± 0.015 m3   [2mz:[0m +10.00 (cap)   [2mdesvio:[0m +359%   [2m(6 obs. fim_semana)[0m
2026-07-21 17:24:22 [INFO] 
2026-07-21 17:24:22 [INFO]   🔴 [91m[1mI21JC029107Z[0m
2026-07-21 17:24:22 [INFO]      consumiu MAIS que o habitual às 05h
2026-07-21 17:24:22 [INFO]      [2mReal:[0m 1.595 m3   [2mHabitual:[0m 0.000 ± 0.010 m3   [2mz:[0m +10.00 (cap)   [2mdesvio:[0m +159500%   [2m(8 obs. fim_semana)[0m
2026-07-21 17:24:22 [INFO] 
2026-07-21 17:24:22 [INFO]   🔴 [91m[1mI21JC029107Z[0m
2026-07-21 17:24:22 [INFO]      consumiu MAIS que o habitual às 07h
2026-07-21 17:24:22 [INFO]      [2mReal:[0m 2.137 m3   [2mHabitual:[0m 0.000 ± 0.010 m3   [2mz:[0m +10.00 (cap)   [2mdesvio:[0m +213700%   [2m(8 obs. fim_semana)[0m
2026-07-21 17:24:22 [INFO] 
2026-07-21 17:24:22 [INFO]   🔴 [91m[1mI21JC037659X[0m
2026-07-21 17:24:22 [INFO]      consumiu MAIS que o habitual às 22h
2026-07-21 17:24:22 [INFO]      [2mReal:[0m 0.513 m3   [2mHabitual:[0m 0.037 ± 0.045 m3   [2mz:[0m +10.00 (cap)   [2mdesvio:[0m +1286%   [2m(7 obs. fim_semana)[0m
2026-07-21 17:24:22 [INFO] 
2026-07-21 17:24:22 [INFO]   🔴 [91m[1mI21JC037659X[0m
2026-07-21 17:24:22 [INFO]      consumiu MAIS que o habitual às 23h
2026-07-21 17:24:22 [INFO]      [2mReal:[0m 0.498 m3   [2mHabitual:[0m 0.002 ± 0.010 m3   [2mz:[0m +10.00 (cap)   [2mdesvio:[0m +20650%   [2m(7 obs. fim_semana)[0m
2026-07-21 17:24:22 [INFO] 
2026-07-21 17:24:22 [INFO]   🔴 [91m[1mI22JC094273K[0m
2026-07-21 17:24:22 [INFO]      consumiu MAIS que o habitual às 13h
2026-07-21 17:24:22 [INFO]      [2mReal:[0m 1.142 m3   [2mHabitual:[0m 0.277 ± 0.069 m3   [2mz:[0m +10.00 (cap)   [2mdesvio:[0m +312%   [2m(8 obs. fim_semana)[0m
2026-07-21 17:24:22 [INFO] 
2026-07-21 17:24:22 [INFO]   🔴 [91m[1mI21JC037659X[0m
2026-07-21 17:24:22 [INFO]      consumiu MAIS que o habitual às 21h
2026-07-21 17:24:22 [INFO]      [2mReal:[0m 0.190 m3   [2mHabitual:[0m 0.024 ± 0.018 m3   [2mz:[0m +9.37   [2mdesvio:[0m +705%   [2m(7 obs. fim_semana)[0m
2026-07-21 17:24:22 [INFO] 
2026-07-21 17:24:22 [INFO]   🔴 [91m[1mH21OF834686I[0m
2026-07-21 17:24:22 [INFO]      consumiu MAIS que o habitual às 17h
2026-07-21 17:24:22 [INFO]      [2mReal:[0m 1.560 m3   [2mHabitual:[0m 0.101 ± 0.156 m3   [2mz:[0m +9.33   [2mdesvio:[0m +1440%   [2m(8 obs. fim_semana)[0m
2026-07-21 17:24:22 [INFO] 
2026-07-21 17:24:22 [INFO]   🔴 [91m[1mD15XF072893[0m
2026-07-21 17:24:22 [INFO]      consumiu MAIS que o habitual às 13h
2026-07-21 17:24:22 [INFO]      [2mReal:[0m 1.670 m3   [2mHabitual:[0m 0.217 ± 0.157 m3   [2mz:[0m +9.25   [2mdesvio:[0m +668%   [2m(8 obs. fim_semana)[0m
2026-07-21 17:24:22 [INFO] 
2026-07-21 17:24:22 [INFO]   🔴 [91m[1mI23LA213007[0m
2026-07-21 17:24:22 [INFO]      consumiu MAIS que o habitual às 09h
2026-07-21 17:24:22 [INFO]      [2mReal:[0m 0.093 m3   [2mHabitual:[0m 0.007 ± 0.010 m3   [2mz:[0m +8.62   [2mdesvio:[0m +1288%   [2m(8 obs. fim_semana)[0m
2026-07-21 17:24:22 [INFO] 
2026-07-21 17:24:22 [INFO]   🔴 [91m[1mI24LA029109[0m
2026-07-21 17:24:22 [INFO]      consumiu MAIS que o habitual às 19h
2026-07-21 17:24:22 [INFO]      [2mReal:[0m 0.455 m3   [2mHabitual:[0m 0.028 ± 0.051 m3   [2mz:[0m +8.41   [2mdesvio:[0m +1543%   [2m(6 obs. fim_semana)[0m
2026-07-21 17:24:22 [INFO] 
2026-07-21 17:24:22 [INFO]   🔴 [91m[1mC18LB000173[0m
2026-07-21 17:24:22 [INFO]      consumiu MAIS que o habitual às 15h
2026-07-21 17:24:22 [INFO]      [2mReal:[0m 0.083 m3   [2mHabitual:[0m 0.000 ± 0.010 m3   [2mz:[0m +8.30   [2mdesvio:[0m +8300%   [2m(8 obs. fim_semana)[0m
2026-07-21 17:24:22 [INFO] 
2026-07-21 17:24:22 [INFO]   🔴 [91m[1mD08AB044387[0m
2026-07-21 17:24:22 [INFO]      consumiu MAIS que o habitual às 20h
2026-07-21 17:24:22 [INFO]      [2mReal:[0m 0.148 m3   [2mHabitual:[0m 0.019 ± 0.016 m3   [2mz:[0m +8.24   [2mdesvio:[0m +671%   [2m(6 obs. fim_semana)[0m
2026-07-21 17:24:22 [INFO] 
2026-07-21 17:24:22 [INFO]   🔴 [91m[1mC18LB000173[0m
2026-07-21 17:24:22 [INFO]      consumiu MAIS que o habitual às 16h
2026-07-21 17:24:22 [INFO]      [2mReal:[0m 0.080 m3   [2mHabitual:[0m 0.000 ± 0.010 m3   [2mz:[0m +8.00   [2mdesvio:[0m +8000%   [2m(8 obs. fim_semana)[0m
2026-07-21 17:24:22 [INFO] 
2026-07-21 17:24:22 [INFO]   🔴 [91m[1mI18MF912111K[0m
2026-07-21 17:24:22 [INFO]      consumiu MAIS que o habitual às 09h
2026-07-21 17:24:22 [INFO]      [2mReal:[0m 0.700 m3   [2mHabitual:[0m 0.087 ± 0.080 m3   [2mz:[0m +7.63   [2mdesvio:[0m +707%   [2m(6 obs. fim_semana)[0m
2026-07-21 17:24:22 [INFO] 
2026-07-21 17:24:22 [INFO]   🔴 [91m[1mI21JC029553R[0m
2026-07-21 17:24:22 [INFO]      consumiu MAIS que o habitual às 00h
2026-07-21 17:24:22 [INFO]      [2mReal:[0m 0.104 m3   [2mHabitual:[0m 0.030 ± 0.010 m3   [2mz:[0m +7.38   [2mdesvio:[0m +244%   [2m(6 obs. fim_semana)[0m
2026-07-21 17:24:22 [INFO] 
2026-07-21 17:24:22 [INFO]   🔴 [91m[1mC18LB000173[0m
2026-07-21 17:24:22 [INFO]      consumiu MAIS que o habitual às 17h
2026-07-21 17:24:22 [INFO]      [2mReal:[0m 0.073 m3   [2mHabitual:[0m 0.000 ± 0.010 m3   [2mz:[0m +7.27   [2mdesvio:[0m +7270%   [2m(7 obs. fim_semana)[0m
2026-07-21 17:24:22 [INFO] 
2026-07-21 17:24:22 [INFO]   🔴 [91m[1mD19BX000041[0m
2026-07-21 17:24:22 [INFO]      consumiu MAIS que o habitual às 12h
2026-07-21 17:24:22 [INFO]      [2mReal:[0m 0.701 m3   [2mHabitual:[0m 0.062 ± 0.088 m3   [2mz:[0m +7.23   [2mdesvio:[0m +1022%   [2m(6 obs. fim_semana)[0m
2026-07-21 17:24:22 [INFO] 
2026-07-21 17:24:22 [INFO]   🔴 [91m[1mD08AC395031B[0m
2026-07-21 17:24:22 [INFO]      consumiu MAIS que o habitual às 04h
2026-07-21 17:24:22 [INFO]      [2mReal:[0m 0.072 m3   [2mHabitual:[0m 0.004 ± 0.010 m3   [2mz:[0m +6.82   [2mdesvio:[0m +1846%   [2m(8 obs. fim_semana)[0m
2026-07-21 17:24:22 [INFO] 
2026-07-21 17:24:22 [INFO]   🔴 [91m[1mC21FE004002H[0m
2026-07-21 17:24:22 [INFO]      consumiu MAIS que o habitual às 15h
2026-07-21 17:24:22 [INFO]      [2mReal:[0m 0.198 m3   [2mHabitual:[0m 0.047 ± 0.023 m3   [2mz:[0m +6.57   [2mdesvio:[0m +325%   [2m(8 obs. fim_semana)[0m
2026-07-21 17:24:22 [INFO] 
2026-07-21 17:24:22 [INFO]   🔴 [91m[1mD08AC395031B[0m
2026-07-21 17:24:22 [INFO]      consumiu MAIS que o habitual às 03h
2026-07-21 17:24:22 [INFO]      [2mReal:[0m 0.072 m3   [2mHabitual:[0m 0.007 ± 0.010 m3   [2mz:[0m +6.52   [2mdesvio:[0m +959%   [2m(8 obs. fim_semana)[0m
2026-07-21 17:24:22 [INFO] 
2026-07-21 17:24:22 [INFO]   🔴 [91m[1mI21JC043489M[0m
2026-07-21 17:24:22 [INFO]      consumiu MAIS que o habitual às 11h
2026-07-21 17:24:22 [INFO]      [2mReal:[0m 0.311 m3   [2mHabitual:[0m 0.108 ± 0.035 m3   [2mz:[0m +5.76   [2mdesvio:[0m +187%   [2m(7 obs. fim_semana)[0m
2026-07-21 17:24:22 [INFO] 
2026-07-21 17:24:22 [INFO]   🔴 [91m[1mI21JC037663T[0m
2026-07-21 17:24:22 [INFO]      consumiu MAIS que o habitual às 23h
2026-07-21 17:24:22 [INFO]      [2mReal:[0m 0.833 m3   [2mHabitual:[0m 0.325 ± 0.089 m3   [2mz:[0m +5.73   [2mdesvio:[0m +157%   [2m(8 obs. fim_semana)[0m
2026-07-21 17:24:22 [INFO] 
2026-07-21 17:24:22 [INFO]   🔴 [91m[1mI20JE067858[0m
2026-07-21 17:24:22 [INFO]      consumiu MAIS que o habitual às 15h
2026-07-21 17:24:22 [INFO]      [2mReal:[0m 0.622 m3   [2mHabitual:[0m 0.250 ± 0.068 m3   [2mz:[0m +5.50   [2mdesvio:[0m +149%   [2m(8 obs. fim_semana)[0m
2026-07-21 17:24:22 [INFO] 
2026-07-21 17:24:22 [INFO]   🔴 [91m[1mC18LB000173[0m
2026-07-21 17:24:22 [INFO]      consumiu MAIS que o habitual às 12h
2026-07-21 17:24:22 [INFO]      [2mReal:[0m 0.054 m3   [2mHabitual:[0m 0.000 ± 0.010 m3   [2mz:[0m +5.40   [2mdesvio:[0m +5400%   [2m(8 obs. fim_semana)[0m
2026-07-21 17:24:22 [INFO] 
2026-07-21 17:24:22 [INFO]   🔴 [91m[1mD06AE082862[0m
2026-07-21 17:24:22 [INFO]      consumiu MAIS que o habitual às 14h
2026-07-21 17:24:22 [INFO]      [2mReal:[0m 0.189 m3   [2mHabitual:[0m 0.041 ± 0.028 m3   [2mz:[0m +5.36   [2mdesvio:[0m +359%   [2m(6 obs. fim_semana)[0m
2026-07-21 17:24:22 [INFO] 
2026-07-21 17:24:22 [INFO]   🔴 [91m[1mI22JC094286P[0m
2026-07-21 17:24:22 [INFO]      consumiu MAIS que o habitual às 07h
2026-07-21 17:24:22 [INFO]      [2mReal:[0m 0.186 m3   [2mHabitual:[0m 0.029 ± 0.029 m3   [2mz:[0m +5.36   [2mdesvio:[0m +548%   [2m(6 obs. fim_semana)[0m
2026-07-21 17:24:22 [INFO] 
2026-07-21 17:24:22 [INFO]   🔴 [91m[1mI18JC067687[0m
2026-07-21 17:24:22 [INFO]      consumiu MAIS que o habitual às 13h
2026-07-21 17:24:22 [INFO]      [2mReal:[0m 0.104 m3   [2mHabitual:[0m 0.008 ± 0.019 m3   [2mz:[0m +5.13   [2mdesvio:[0m +1251%   [2m(6 obs. fim_semana)[0m
2026-07-21 17:24:22 [INFO] 
2026-07-21 17:24:22 [INFO]   🔴 [91m[1mI21JC037663T[0m
2026-07-21 17:24:22 [INFO]      consumiu MAIS que o habitual às 22h
2026-07-21 17:24:22 [INFO]      [2mReal:[0m 0.874 m3   [2mHabitual:[0m 0.390 ± 0.098 m3   [2mz:[0m +4.97   [2mdesvio:[0m +124%   [2m(8 obs. fim_semana)[0m
2026-07-21 17:24:22 [INFO] 
2026-07-21 17:24:22 [INFO]   🔴 [91m[1mD08AC395031B[0m
2026-07-21 17:24:22 [INFO]      consumiu MAIS que o habitual às 01h
2026-07-21 17:24:22 [INFO]      [2mReal:[0m 0.139 m3   [2mHabitual:[0m 0.021 ± 0.024 m3   [2mz:[0m +4.93   [2mdesvio:[0m +575%   [2m(8 obs. fim_semana)[0m
2026-07-21 17:24:22 [INFO] 
2026-07-21 17:24:22 [INFO]   🔴 [91m[1mC17SC007432[0m
2026-07-21 17:24:22 [INFO]      consumiu MAIS que o habitual às 20h
2026-07-21 17:24:22 [INFO]      [2mReal:[0m 0.049 m3   [2mHabitual:[0m 0.001 ± 0.010 m3   [2mz:[0m +4.81   [2mdesvio:[0m +4810%   [2m(8 obs. fim_semana)[0m
2026-07-21 17:24:22 [INFO] 
2026-07-21 17:24:22 [INFO]   🔴 [91m[1mH19VA232210[0m
2026-07-21 17:24:22 [INFO]      consumiu MAIS que o habitual às 14h
2026-07-21 17:24:22 [INFO]      [2mReal:[0m 0.065 m3   [2mHabitual:[0m 0.007 ± 0.012 m3   [2mz:[0m +4.76   [2mdesvio:[0m +885%   [2m(8 obs. fim_semana)[0m
2026-07-21 17:24:22 [INFO] 
2026-07-21 17:24:22 [INFO]   🔴 [91m[1mI21JC029148I[0m
2026-07-21 17:24:22 [INFO]      consumiu MAIS que o habitual às 06h
2026-07-21 17:24:22 [INFO]      [2mReal:[0m 0.078 m3   [2mHabitual:[0m 0.009 ± 0.015 m3   [2mz:[0m +4.57   [2mdesvio:[0m +807%   [2m(8 obs. fim_semana)[0m
2026-07-21 17:24:22 [INFO] 
2026-07-21 17:24:22 [INFO]   🔴 [91m[1mI23JC096060Q[0m
2026-07-21 17:24:22 [INFO]      consumiu MAIS que o habitual às 12h
2026-07-21 17:24:22 [INFO]      [2mReal:[0m 0.328 m3   [2mHabitual:[0m 0.126 ± 0.044 m3   [2mz:[0m +4.53   [2mdesvio:[0m +159%   [2m(8 obs. fim_semana)[0m
2026-07-21 17:24:22 [INFO] 
2026-07-21 17:24:22 [INFO]   🔴 [91m[1mI20JE060957[0m
2026-07-21 17:24:22 [INFO]      consumiu MAIS que o habitual às 04h
2026-07-21 17:24:22 [INFO]      [2mReal:[0m 0.103 m3   [2mHabitual:[0m 0.028 ± 0.017 m3   [2mz:[0m +4.49   [2mdesvio:[0m +267%   [2m(8 obs. fim_semana)[0m
2026-07-21 17:24:22 [INFO] 
2026-07-21 17:24:22 [INFO]   🔴 [91m[1mI19JC029856[0m
2026-07-21 17:24:22 [INFO]      consumiu MAIS que o habitual às 04h
2026-07-21 17:24:22 [INFO]      [2mReal:[0m 4.036 m3   [2mHabitual:[0m 1.733 ± 0.522 m3   [2mz:[0m +4.41   [2mdesvio:[0m +133%   [2m(8 obs. fim_semana)[0m
2026-07-21 17:24:22 [INFO] 
2026-07-21 17:24:22 [INFO]   🔴 [91m[1mI21JC043488L[0m
2026-07-21 17:24:22 [INFO]      consumiu MAIS que o habitual às 21h
2026-07-21 17:24:22 [INFO]      [2mReal:[0m 0.149 m3   [2mHabitual:[0m 0.059 ± 0.020 m3   [2mz:[0m +4.41   [2mdesvio:[0m +153%   [2m(7 obs. fim_semana)[0m
2026-07-21 17:24:22 [INFO] 
2026-07-21 17:24:22 [INFO]   🔴 [91m[1mD15XF072893[0m
2026-07-21 17:24:22 [INFO]      consumiu MAIS que o habitual às 21h
2026-07-21 17:24:22 [INFO]      [2mReal:[0m 0.380 m3   [2mHabitual:[0m 0.031 ± 0.081 m3   [2mz:[0m +4.33   [2mdesvio:[0m +1118%   [2m(8 obs. fim_semana)[0m
2026-07-21 17:24:22 [INFO] 
2026-07-21 17:24:22 [INFO]   🔴 [91m[1mI22JC094285O[0m
2026-07-21 17:24:22 [INFO]      consumiu MAIS que o habitual às 14h
2026-07-21 17:24:22 [INFO]      [2mReal:[0m 0.655 m3   [2mHabitual:[0m 0.155 ± 0.116 m3   [2mz:[0m +4.33   [2mdesvio:[0m +324%   [2m(8 obs. fim_semana)[0m
2026-07-21 17:24:22 [INFO] 
2026-07-21 17:24:22 [INFO]   🔴 [91m[1mC22FC002165M[0m
2026-07-21 17:24:22 [INFO]      consumiu MAIS que o habitual às 03h
2026-07-21 17:24:22 [INFO]      [2mReal:[0m 0.048 m3   [2mHabitual:[0m 0.006 ± 0.010 m3   [2mz:[0m +4.23   [2mdesvio:[0m +742%   [2m(8 obs. fim_semana)[0m
2026-07-21 17:24:22 [INFO] 
2026-07-21 17:24:22 [INFO]   🔴 [91m[1mI22JC094285O[0m
2026-07-21 17:24:22 [INFO]      consumiu MAIS que o habitual às 17h
2026-07-21 17:24:22 [INFO]      [2mReal:[0m 0.103 m3   [2mHabitual:[0m 0.027 ± 0.018 m3   [2mz:[0m +4.23   [2mdesvio:[0m +279%   [2m(6 obs. fim_semana)[0m
2026-07-21 17:24:22 [INFO] 
2026-07-21 17:24:22 [INFO]   🔴 [91m[1mC22FC002164L[0m
2026-07-21 17:24:22 [INFO]      consumiu MAIS que o habitual às 01h
2026-07-21 17:24:22 [INFO]      [2mReal:[0m 0.064 m3   [2mHabitual:[0m 0.022 ± 0.010 m3   [2mz:[0m +4.20   [2mdesvio:[0m +191%   [2m(7 obs. fim_semana)[0m
2026-07-21 17:24:22 [INFO] 
2026-07-21 17:24:22 [INFO]   🔴 [91m[1mI18JC067687[0m
2026-07-21 17:24:22 [INFO]      consumiu MAIS que o habitual às 10h
2026-07-21 17:24:22 [INFO]      [2mReal:[0m 0.305 m3   [2mHabitual:[0m 0.039 ± 0.063 m3   [2mz:[0m +4.20   [2mdesvio:[0m +678%   [2m(6 obs. fim_semana)[0m
2026-07-21 17:24:22 [INFO] 
2026-07-21 17:24:22 [INFO]   🔴 [91m[1mI21JC029148I[0m
2026-07-21 17:24:22 [INFO]      consumiu MAIS que o habitual às 05h
2026-07-21 17:24:22 [INFO]      [2mReal:[0m 0.072 m3   [2mHabitual:[0m 0.008 ± 0.015 m3   [2mz:[0m +4.19   [2mdesvio:[0m +847%   [2m(8 obs. fim_semana)[0m
2026-07-21 17:24:22 [INFO] 
2026-07-21 17:24:22 [INFO]   🔴 [91m[1mH19VA232210[0m
2026-07-21 17:24:22 [INFO]      consumiu MAIS que o habitual às 16h
2026-07-21 17:24:22 [INFO]      [2mReal:[0m 0.045 m3   [2mHabitual:[0m 0.004 ± 0.010 m3   [2mz:[0m +4.15   [2mdesvio:[0m +1186%   [2m(8 obs. fim_semana)[0m
2026-07-21 17:24:22 [INFO] 
2026-07-21 17:24:22 [INFO]   🔴 [91m[1mD16BX009425[0m
2026-07-21 17:24:22 [INFO]      consumiu MAIS que o habitual às 12h
2026-07-21 17:24:22 [INFO]      [2mReal:[0m 0.042 m3   [2mHabitual:[0m 0.001 ± 0.010 m3   [2mz:[0m +4.06   [2mdesvio:[0m +2900%   [2m(5 obs. fim_semana)[0m
2026-07-21 17:24:22 [INFO] 
2026-07-21 17:24:22 [INFO]   🔴 [91m[1mC21FE004002H[0m
2026-07-21 17:24:22 [INFO]      consumiu MAIS que o habitual às 18h
2026-07-21 17:24:22 [INFO]      [2mReal:[0m 0.251 m3   [2mHabitual:[0m 0.081 ± 0.042 m3   [2mz:[0m +4.02   [2mdesvio:[0m +209%   [2m(8 obs. fim_semana)[0m
2026-07-21 17:24:22 [INFO] 
2026-07-21 17:24:22 [INFO]   🔴 [91m[1mC23FC001331N[0m
2026-07-21 17:24:22 [INFO]      consumiu MAIS que o habitual às 07h
2026-07-21 17:24:22 [INFO]      [2mReal:[0m 0.078 m3   [2mHabitual:[0m 0.029 ± 0.012 m3   [2mz:[0m +4.02   [2mdesvio:[0m +172%   [2m(7 obs. fim_semana)[0m
2026-07-21 17:24:22 [INFO] 
2026-07-21 17:24:22 [INFO] [1m[93m--- Desvios de BAIXA confianca (13) ------------------[0m
2026-07-21 17:24:22 [INFO]   [2m(poucos dados historicos - verificar manualmente)[0m
2026-07-21 17:24:22 [INFO] 
2026-07-21 17:24:22 [INFO]   🔴 [91m[1mC22FC002165M[0m
2026-07-21 17:24:22 [INFO]      consumiu MAIS que o habitual às 11h
2026-07-21 17:24:22 [INFO]      [2mReal:[0m 0.279 m3   [2mHabitual:[0m 0.053 ± 0.013 m3   [2mz:[0m +10.00 (cap)   [2mdesvio:[0m +426%   [2m(4 obs. fim_semana)[0m
2026-07-21 17:24:22 [INFO] 
2026-07-21 17:24:22 [INFO]   🔴 [91m[1mD19BX000034[0m
2026-07-21 17:24:22 [INFO]      consumiu MAIS que o habitual às 07h
2026-07-21 17:24:22 [INFO]      [2mReal:[0m 0.157 m3   [2mHabitual:[0m 0.000 ± 0.010 m3   [2mz:[0m +10.00 (cap)   [2mdesvio:[0m +15700%   [2m(2 obs. fim_semana)[0m
2026-07-21 17:24:22 [INFO] 
2026-07-21 17:24:22 [INFO]   🔴 [91m[1mD19BX000034[0m
2026-07-21 17:24:22 [INFO]      consumiu MAIS que o habitual às 08h
2026-07-21 17:24:22 [INFO]      [2mReal:[0m 0.505 m3   [2mHabitual:[0m 0.001 ± 0.010 m3   [2mz:[0m +10.00 (cap)   [2mdesvio:[0m +50450%   [2m(2 obs. fim_semana)[0m
2026-07-21 17:24:22 [INFO] 
2026-07-21 17:24:22 [INFO]   🔴 [91m[1mD19BX000034[0m
2026-07-21 17:24:22 [INFO]      consumiu MAIS que o habitual às 10h
2026-07-21 17:24:22 [INFO]      [2mReal:[0m 0.450 m3   [2mHabitual:[0m 0.003 ± 0.010 m3   [2mz:[0m +10.00 (cap)   [2mdesvio:[0m +17900%   [2m(2 obs. fim_semana)[0m
2026-07-21 17:24:22 [INFO] 
2026-07-21 17:24:22 [INFO]   🔴 [91m[1mI18JC067687[0m
2026-07-21 17:24:22 [INFO]      consumiu MAIS que o habitual às 22h
2026-07-21 17:24:22 [INFO]      [2mReal:[0m 1.058 m3   [2mHabitual:[0m 0.000 ± 0.010 m3   [2mz:[0m +10.00 (cap)   [2mdesvio:[0m +105800%   [2m(4 obs. fim_semana)[0m
2026-07-21 17:24:22 [INFO] 
2026-07-21 17:24:22 [INFO]   🔴 [91m[1mI18MF912111K[0m
2026-07-21 17:24:22 [INFO]      consumiu MAIS que o habitual às 11h
2026-07-21 17:24:22 [INFO]      [2mReal:[0m 0.720 m3   [2mHabitual:[0m 0.010 ± 0.020 m3   [2mz:[0m +10.00 (cap)   [2mdesvio:[0m +7100%   [2m(4 obs. fim_semana)[0m
2026-07-21 17:24:22 [INFO] 
2026-07-21 17:24:22 [INFO]   🔴 [91m[1mI18MF912111K[0m
2026-07-21 17:24:22 [INFO]      consumiu MAIS que o habitual às 12h
2026-07-21 17:24:22 [INFO]      [2mReal:[0m 0.740 m3   [2mHabitual:[0m 0.045 ± 0.053 m3   [2mz:[0m +10.00 (cap)   [2mdesvio:[0m +1544%   [2m(4 obs. fim_semana)[0m
2026-07-21 17:24:22 [INFO] 
2026-07-21 17:24:22 [INFO]   🔴 [91m[1mI19JC029846L[0m
2026-07-21 17:24:22 [INFO]      consumiu MAIS que o habitual às 04h
2026-07-21 17:24:22 [INFO]      [2mReal:[0m 4.845 m3   [2mHabitual:[0m 0.481 ± 0.120 m3   [2mz:[0m +10.00 (cap)   [2mdesvio:[0m +907%   [2m(2 obs. fim_semana)[0m
2026-07-21 17:24:22 [INFO] 
2026-07-21 17:24:22 [INFO]   🔴 [91m[1mI21JC029335J[0m
2026-07-21 17:24:22 [INFO]      consumiu MAIS que o habitual às 22h
2026-07-21 17:24:22 [INFO]      [2mReal:[0m 0.499 m3   [2mHabitual:[0m 0.032 ± 0.040 m3   [2mz:[0m +10.00 (cap)   [2mdesvio:[0m +1459%   [2m(4 obs. fim_semana)[0m
2026-07-21 17:24:22 [INFO] 
2026-07-21 17:24:22 [INFO]   🔴 [91m[1mI18MF912111K[0m
2026-07-21 17:24:22 [INFO]      consumiu MAIS que o habitual às 13h
2026-07-21 17:24:22 [INFO]      [2mReal:[0m 0.780 m3   [2mHabitual:[0m 0.165 ± 0.066 m3   [2mz:[0m +9.38   [2mdesvio:[0m +373%   [2m(4 obs. fim_semana)[0m
2026-07-21 17:24:22 [INFO] 
2026-07-21 17:24:22 [INFO]   🔴 [91m[1mI21JC029332G[0m
2026-07-21 17:24:22 [INFO]      consumiu MAIS que o habitual às 04h
2026-07-21 17:24:22 [INFO]      [2mReal:[0m 0.068 m3   [2mHabitual:[0m 0.003 ± 0.010 m3   [2mz:[0m +6.55   [2mdesvio:[0m +2620%   [2m(4 obs. fim_semana)[0m
2026-07-21 17:24:22 [INFO] 
2026-07-21 17:24:22 [INFO]   🔴 [91m[1mD19BX000034[0m
2026-07-21 17:24:22 [INFO]      consumiu MAIS que o habitual às 09h
2026-07-21 17:24:22 [INFO]      [2mReal:[0m 0.065 m3   [2mHabitual:[0m 0.000 ± 0.010 m3   [2mz:[0m +6.50   [2mdesvio:[0m +6500%   [2m(2 obs. fim_semana)[0m
2026-07-21 17:24:22 [INFO] 
2026-07-21 17:24:22 [INFO]   🔴 [91m[1mC23FC001331N[0m
2026-07-21 17:24:22 [INFO]      consumiu MAIS que o habitual às 23h
2026-07-21 17:24:22 [INFO]      [2mReal:[0m 0.089 m3   [2mHabitual:[0m 0.038 ± 0.010 m3   [2mz:[0m +5.06   [2mdesvio:[0m +132%   [2m(3 obs. fim_semana)[0m
2026-07-21 17:24:22 [INFO] 
2026-07-21 17:24:23 [INFO] CSV guardado: C:\Users\anaca\OneDrive\Ambiente de Trabalho\Tese\ts-anomaly-detection-dissertation\results\agua\realtime\alerts\analise_agua_2026-05-17.csv
2026-07-21 17:24:23 [INFO] 
2026-07-21 17:24:23 [INFO] [1m======================================================================[0m
2026-07-21 17:24:23 [INFO] [1m  DETECAO DE ANOMALIAS AGUA - 2026-05-18[0m
2026-07-21 17:24:23 [INFO] [1m======================================================================[0m
2026-07-21 17:24:23 [INFO]   [2mTipo de dia:[0m        dia util
2026-07-21 17:24:23 [INFO]   [2mFonte:[0m              BAZE
2026-07-21 17:24:23 [INFO]   [2mContadores c/ dados:[0m 400
2026-07-21 17:24:23 [INFO]   [2mPontos contador/hora:[0m 8807
2026-07-21 17:24:23 [INFO]   [2mThreshold:[0m          |z| > 3.5 [2m(adaptativo a este tipo de dia)[0m
2026-07-21 17:24:23 [INFO] 
2026-07-21 17:25:22 [INFO] [1m--- Resumo -------------------------------------[0m
2026-07-21 17:25:22 [INFO]   [92mNormal[0m                  8715 [2m( 99.0%)[0m
2026-07-21 17:25:22 [INFO]   [91mDesvio (alta confianca)[0m   89 [2m(  1.0%)[0m
2026-07-21 17:25:22 [INFO]   [93mDesvio (baixa confianca)[0m   3 [2m(  0.0%)[0m
2026-07-21 17:25:22 [INFO]   [2mTempo: 59.8s[0m
2026-07-21 17:25:22 [INFO] 
2026-07-21 17:25:22 [INFO] [1m--- Desvios de ALTA confianca (89) -------------------[0m
2026-07-21 17:25:22 [INFO] 
2026-07-21 17:25:22 [INFO]   🔴 [91m[1mC17SC007432[0m
2026-07-21 17:25:22 [INFO]      consumiu MAIS que o habitual às 17h
2026-07-21 17:25:22 [INFO]      [2mReal:[0m 0.380 m3   [2mHabitual:[0m 0.069 ± 0.031 m3   [2mz:[0m +10.00 (cap)   [2mdesvio:[0m +448%   [2m(19 obs. dia_util)[0m
2026-07-21 17:25:22 [INFO] 
2026-07-21 17:25:22 [INFO]   🔴 [91m[1mC17SC007487[0m
2026-07-21 17:25:22 [INFO]      consumiu MAIS que o habitual às 21h
2026-07-21 17:25:22 [INFO]      [2mReal:[0m 1.008 m3   [2mHabitual:[0m 0.057 ± 0.021 m3   [2mz:[0m +10.00 (cap)   [2mdesvio:[0m +1665%   [2m(16 obs. dia_util)[0m
2026-07-21 17:25:22 [INFO] 
2026-07-21 17:25:22 [INFO]   🔴 [91m[1mD15XF072893[0m
2026-07-21 17:25:22 [INFO]      consumiu MAIS que o habitual às 00h
2026-07-21 17:25:22 [INFO]      [2mReal:[0m 0.430 m3   [2mHabitual:[0m 0.000 ± 0.010 m3   [2mz:[0m +10.00 (cap)   [2mdesvio:[0m +43000%   [2m(18 obs. dia_util)[0m
2026-07-21 17:25:22 [INFO] 
2026-07-21 17:25:22 [INFO]   🔴 [91m[1mD15XF072893[0m
2026-07-21 17:25:22 [INFO]      consumiu MAIS que o habitual às 01h
2026-07-21 17:25:22 [INFO]      [2mReal:[0m 0.440 m3   [2mHabitual:[0m 0.000 ± 0.010 m3   [2mz:[0m +10.00 (cap)   [2mdesvio:[0m +44000%   [2m(17 obs. dia_util)[0m
2026-07-21 17:25:22 [INFO] 
2026-07-21 17:25:22 [INFO]   🔴 [91m[1mD15XF072893[0m
2026-07-21 17:25:22 [INFO]      consumiu MAIS que o habitual às 02h
2026-07-21 17:25:22 [INFO]      [2mReal:[0m 0.450 m3   [2mHabitual:[0m 0.000 ± 0.010 m3   [2mz:[0m +10.00 (cap)   [2mdesvio:[0m +45000%   [2m(17 obs. dia_util)[0m
2026-07-21 17:25:22 [INFO] 
2026-07-21 17:25:22 [INFO]   🔴 [91m[1mD15XF072893[0m
2026-07-21 17:25:22 [INFO]      consumiu MAIS que o habitual às 03h
2026-07-21 17:25:22 [INFO]      [2mReal:[0m 0.450 m3   [2mHabitual:[0m 0.000 ± 0.010 m3   [2mz:[0m +10.00 (cap)   [2mdesvio:[0m +45000%   [2m(17 obs. dia_util)[0m
2026-07-21 17:25:22 [INFO] 
2026-07-21 17:25:22 [INFO]   🔴 [91m[1mD15XF072893[0m
2026-07-21 17:25:22 [INFO]      consumiu MAIS que o habitual às 04h
2026-07-21 17:25:22 [INFO]      [2mReal:[0m 0.450 m3   [2mHabitual:[0m 0.000 ± 0.010 m3   [2mz:[0m +10.00 (cap)   [2mdesvio:[0m +45000%   [2m(16 obs. dia_util)[0m
2026-07-21 17:25:22 [INFO] 
2026-07-21 17:25:22 [INFO]   🔴 [91m[1mD15XF072893[0m
2026-07-21 17:25:22 [INFO]      consumiu MAIS que o habitual às 05h
2026-07-21 17:25:22 [INFO]      [2mReal:[0m 0.460 m3   [2mHabitual:[0m 0.000 ± 0.010 m3   [2mz:[0m +10.00 (cap)   [2mdesvio:[0m +46000%   [2m(18 obs. dia_util)[0m
2026-07-21 17:25:22 [INFO] 
2026-07-21 17:25:22 [INFO]   🔴 [91m[1mD15XF072893[0m
2026-07-21 17:25:22 [INFO]      consumiu MAIS que o habitual às 06h
2026-07-21 17:25:22 [INFO]      [2mReal:[0m 0.450 m3   [2mHabitual:[0m 0.000 ± 0.010 m3   [2mz:[0m +10.00 (cap)   [2mdesvio:[0m +45000%   [2m(18 obs. dia_util)[0m
2026-07-21 17:25:22 [INFO] 
2026-07-21 17:25:22 [INFO]   🔴 [91m[1mD15XF072893[0m
2026-07-21 17:25:22 [INFO]      consumiu MAIS que o habitual às 07h
2026-07-21 17:25:22 [INFO]      [2mReal:[0m 0.450 m3   [2mHabitual:[0m 0.000 ± 0.010 m3   [2mz:[0m +10.00 (cap)   [2mdesvio:[0m +45000%   [2m(18 obs. dia_util)[0m
2026-07-21 17:25:22 [INFO] 
2026-07-21 17:25:22 [INFO]   🔴 [91m[1mD15XF072893[0m
2026-07-21 17:25:22 [INFO]      consumiu MAIS que o habitual às 08h
2026-07-21 17:25:22 [INFO]      [2mReal:[0m 0.390 m3   [2mHabitual:[0m 0.000 ± 0.010 m3   [2mz:[0m +10.00 (cap)   [2mdesvio:[0m +39000%   [2m(18 obs. dia_util)[0m
2026-07-21 17:25:22 [INFO] 
2026-07-21 17:25:22 [INFO]   🔴 [91m[1mI17JE060874[0m
2026-07-21 17:25:22 [INFO]      consumiu MAIS que o habitual às 20h
2026-07-21 17:25:22 [INFO]      [2mReal:[0m 0.324 m3   [2mHabitual:[0m 0.006 ± 0.012 m3   [2mz:[0m +10.00 (cap)   [2mdesvio:[0m +5486%   [2m(18 obs. dia_util)[0m
2026-07-21 17:25:22 [INFO] 
2026-07-21 17:25:22 [INFO]   🔴 [91m[1mI17JE060874[0m
2026-07-21 17:25:22 [INFO]      consumiu MAIS que o habitual às 21h
2026-07-21 17:25:22 [INFO]      [2mReal:[0m 0.318 m3   [2mHabitual:[0m 0.003 ± 0.010 m3   [2mz:[0m +10.00 (cap)   [2mdesvio:[0m +9838%   [2m(18 obs. dia_util)[0m
2026-07-21 17:25:22 [INFO] 
2026-07-21 17:25:22 [INFO]   🔴 [91m[1mI17JE060874[0m
2026-07-21 17:25:22 [INFO]      consumiu MAIS que o habitual às 22h
2026-07-21 17:25:22 [INFO]      [2mReal:[0m 0.326 m3   [2mHabitual:[0m 0.003 ± 0.010 m3   [2mz:[0m +10.00 (cap)   [2mdesvio:[0m +9488%   [2m(18 obs. dia_util)[0m
2026-07-21 17:25:22 [INFO] 
2026-07-21 17:25:22 [INFO]   🔴 [91m[1mI18JC067687[0m
2026-07-21 17:25:22 [INFO]      consumiu MAIS que o habitual às 18h
2026-07-21 17:25:22 [INFO]      [2mReal:[0m 1.895 m3   [2mHabitual:[0m 0.169 ± 0.167 m3   [2mz:[0m +10.00 (cap)   [2mdesvio:[0m +1019%   [2m(8 obs. dia_util)[0m
2026-07-21 17:25:22 [INFO] 
2026-07-21 17:25:22 [INFO]   🔴 [91m[1mI18MF912111K[0m
2026-07-21 17:25:22 [INFO]      consumiu MAIS que o habitual às 07h
2026-07-21 17:25:22 [INFO]      [2mReal:[0m 0.690 m3   [2mHabitual:[0m 0.116 ± 0.044 m3   [2mz:[0m +10.00 (cap)   [2mdesvio:[0m +497%   [2m(18 obs. dia_util)[0m
2026-07-21 17:25:22 [INFO] 
2026-07-21 17:25:22 [INFO]   🔴 [91m[1mI18MF912111K[0m
2026-07-21 17:25:22 [INFO]      consumiu MAIS que o habitual às 08h
2026-07-21 17:25:22 [INFO]      [2mReal:[0m 0.660 m3   [2mHabitual:[0m 0.006 ± 0.012 m3   [2mz:[0m +10.00 (cap)   [2mdesvio:[0m +10720%   [2m(18 obs. dia_util)[0m
2026-07-21 17:25:22 [INFO] 
2026-07-21 17:25:22 [INFO]   🔴 [91m[1mI21JC029136E[0m
2026-07-21 17:25:22 [INFO]      consumiu MAIS que o habitual às 14h
2026-07-21 17:25:22 [INFO]      [2mReal:[0m 2.110 m3   [2mHabitual:[0m 0.044 ± 0.186 m3   [2mz:[0m +10.00 (cap)   [2mdesvio:[0m +4717%   [2m(18 obs. dia_util)[0m
2026-07-21 17:25:22 [INFO] 
2026-07-21 17:25:22 [INFO]   🔴 [91m[1mI21JC029165J[0m
2026-07-21 17:25:22 [INFO]      consumiu MAIS que o habitual às 12h
2026-07-21 17:25:22 [INFO]      [2mReal:[0m 1.410 m3   [2mHabitual:[0m 0.205 ± 0.110 m3   [2mz:[0m +10.00 (cap)   [2mdesvio:[0m +587%   [2m(16 obs. dia_util)[0m
2026-07-21 17:25:22 [INFO] 
2026-07-21 17:25:22 [INFO]   🔴 [91m[1mI21JC029325H[0m
2026-07-21 17:25:22 [INFO]      consumiu MAIS que o habitual às 16h
2026-07-21 17:25:22 [INFO]      [2mReal:[0m 0.861 m3   [2mHabitual:[0m 0.059 ± 0.060 m3   [2mz:[0m +10.00 (cap)   [2mdesvio:[0m +1362%   [2m(19 obs. dia_util)[0m
2026-07-21 17:25:22 [INFO] 
2026-07-21 17:25:22 [INFO]   🔴 [91m[1mI21JC037659X[0m
2026-07-21 17:25:22 [INFO]      consumiu MAIS que o habitual às 00h
2026-07-21 17:25:22 [INFO]      [2mReal:[0m 0.498 m3   [2mHabitual:[0m 0.004 ± 0.012 m3   [2mz:[0m +10.00 (cap)   [2mdesvio:[0m +10967%   [2m(18 obs. dia_util)[0m
2026-07-21 17:25:22 [INFO] 
2026-07-21 17:25:22 [INFO]   🔴 [91m[1mI21JC037659X[0m
2026-07-21 17:25:22 [INFO]      consumiu MAIS que o habitual às 01h
2026-07-21 17:25:22 [INFO]      [2mReal:[0m 0.512 m3   [2mHabitual:[0m 0.001 ± 0.010 m3   [2mz:[0m +10.00 (cap)   [2mdesvio:[0m +42567%   [2m(19 obs. dia_util)[0m
2026-07-21 17:25:22 [INFO] 
2026-07-21 17:25:22 [INFO]   🔴 [91m[1mI21JC037659X[0m
2026-07-21 17:25:22 [INFO]      consumiu MAIS que o habitual às 02h
2026-07-21 17:25:22 [INFO]      [2mReal:[0m 0.428 m3   [2mHabitual:[0m 0.001 ± 0.010 m3   [2mz:[0m +10.00 (cap)   [2mdesvio:[0m +35567%   [2m(19 obs. dia_util)[0m
2026-07-21 17:25:22 [INFO] 
2026-07-21 17:25:22 [INFO]   🔴 [91m[1mI21JC037663T[0m
2026-07-21 17:25:22 [INFO]      consumiu MAIS que o habitual às 01h
2026-07-21 17:25:22 [INFO]      [2mReal:[0m 0.721 m3   [2mHabitual:[0m 0.192 ± 0.048 m3   [2mz:[0m +10.00 (cap)   [2mdesvio:[0m +276%   [2m(19 obs. dia_util)[0m
2026-07-21 17:25:22 [INFO] 
2026-07-21 17:25:22 [INFO]   🔴 [91m[1mI21JC037663T[0m
2026-07-21 17:25:22 [INFO]      consumiu MAIS que o habitual às 02h
2026-07-21 17:25:22 [INFO]      [2mReal:[0m 0.635 m3   [2mHabitual:[0m 0.154 ± 0.038 m3   [2mz:[0m +10.00 (cap)   [2mdesvio:[0m +313%   [2m(19 obs. dia_util)[0m
2026-07-21 17:25:22 [INFO] 
2026-07-21 17:25:22 [INFO]   🔴 [91m[1mI21LA186299[0m
2026-07-21 17:25:22 [INFO]      consumiu MAIS que o habitual às 08h
2026-07-21 17:25:22 [INFO]      [2mReal:[0m 0.147 m3   [2mHabitual:[0m 0.000 ± 0.010 m3   [2mz:[0m +10.00 (cap)   [2mdesvio:[0m +14700%   [2m(15 obs. dia_util)[0m
2026-07-21 17:25:22 [INFO] 
2026-07-21 17:25:22 [INFO]   🔴 [91m[1mI21LA186299[0m
2026-07-21 17:25:22 [INFO]      consumiu MAIS que o habitual às 09h
2026-07-21 17:25:22 [INFO]      [2mReal:[0m 0.484 m3   [2mHabitual:[0m 0.000 ± 0.010 m3   [2mz:[0m +10.00 (cap)   [2mdesvio:[0m +48400%   [2m(15 obs. dia_util)[0m
2026-07-21 17:25:22 [INFO] 
2026-07-21 17:25:22 [INFO]   🔴 [91m[1mI21LA186299[0m
2026-07-21 17:25:22 [INFO]      consumiu MAIS que o habitual às 10h
2026-07-21 17:25:22 [INFO]      [2mReal:[0m 0.472 m3   [2mHabitual:[0m 0.010 ± 0.037 m3   [2mz:[0m +10.00 (cap)   [2mdesvio:[0m +4766%   [2m(15 obs. dia_util)[0m
2026-07-21 17:25:22 [INFO] 
2026-07-21 17:25:22 [INFO]   🔴 [91m[1mI21LA186299[0m
2026-07-21 17:25:22 [INFO]      consumiu MAIS que o habitual às 13h
2026-07-21 17:25:22 [INFO]      [2mReal:[0m 0.264 m3   [2mHabitual:[0m 0.000 ± 0.010 m3   [2mz:[0m +10.00 (cap)   [2mdesvio:[0m +26390%   [2m(15 obs. dia_util)[0m
2026-07-21 17:25:22 [INFO] 
2026-07-21 17:25:22 [INFO]   🔴 [91m[1mI22JC094286P[0m
2026-07-21 17:25:22 [INFO]      consumiu MAIS que o habitual às 16h
2026-07-21 17:25:22 [INFO]      [2mReal:[0m 0.799 m3   [2mHabitual:[0m 0.069 ± 0.053 m3   [2mz:[0m +10.00 (cap)   [2mdesvio:[0m +1051%   [2m(15 obs. dia_util)[0m
2026-07-21 17:25:22 [INFO] 
2026-07-21 17:25:22 [INFO]   🔴 [91m[1mI23JC096060Q[0m
2026-07-21 17:25:22 [INFO]      consumiu MAIS que o habitual às 16h
2026-07-21 17:25:22 [INFO]      [2mReal:[0m 0.458 m3   [2mHabitual:[0m 0.063 ± 0.030 m3   [2mz:[0m +10.00 (cap)   [2mdesvio:[0m +630%   [2m(19 obs. dia_util)[0m
2026-07-21 17:25:22 [INFO] 
2026-07-21 17:25:22 [INFO]   🔴 [91m[1mI24LA025413[0m
2026-07-21 17:25:22 [INFO]      consumiu MAIS que o habitual às 10h
2026-07-21 17:25:22 [INFO]      [2mReal:[0m 0.289 m3   [2mHabitual:[0m 0.009 ± 0.028 m3   [2mz:[0m +10.00 (cap)   [2mdesvio:[0m +3260%   [2m(18 obs. dia_util)[0m
2026-07-21 17:25:22 [INFO] 
2026-07-21 17:25:22 [INFO]   🔴 [91m[1mI21JC043489M[0m
2026-07-21 17:25:22 [INFO]      consumiu MAIS que o habitual às 16h
2026-07-21 17:25:22 [INFO]      [2mReal:[0m 0.281 m3   [2mHabitual:[0m 0.028 ± 0.025 m3   [2mz:[0m +9.97   [2mdesvio:[0m +889%   [2m(18 obs. dia_util)[0m
2026-07-21 17:25:22 [INFO] 
2026-07-21 17:25:22 [INFO]   🔴 [91m[1mI18MF912111K[0m
2026-07-21 17:25:22 [INFO]      consumiu MAIS que o habitual às 05h
2026-07-21 17:25:22 [INFO]      [2mReal:[0m 0.750 m3   [2mHabitual:[0m 0.223 ± 0.056 m3   [2mz:[0m +9.48   [2mdesvio:[0m +237%   [2m(16 obs. dia_util)[0m
2026-07-21 17:25:22 [INFO] 
2026-07-21 17:25:22 [INFO]   🔴 [91m[1mI18MF912111K[0m
2026-07-21 17:25:22 [INFO]      consumiu MAIS que o habitual às 04h
2026-07-21 17:25:22 [INFO]      [2mReal:[0m 0.750 m3   [2mHabitual:[0m 0.232 ± 0.058 m3   [2mz:[0m +8.94   [2mdesvio:[0m +223%   [2m(16 obs. dia_util)[0m
2026-07-21 17:25:22 [INFO] 
2026-07-21 17:25:22 [INFO]   🔴 [91m[1mI18MF912111K[0m
2026-07-21 17:25:22 [INFO]      consumiu MAIS que o habitual às 03h
2026-07-21 17:25:22 [INFO]      [2mReal:[0m 0.760 m3   [2mHabitual:[0m 0.236 ± 0.059 m3   [2mz:[0m +8.90   [2mdesvio:[0m +223%   [2m(16 obs. dia_util)[0m
2026-07-21 17:25:22 [INFO] 
2026-07-21 17:25:22 [INFO]   🔴 [91m[1mI18MF912111K[0m
2026-07-21 17:25:22 [INFO]      consumiu MAIS que o habitual às 09h
2026-07-21 17:25:22 [INFO]      [2mReal:[0m 0.990 m3   [2mHabitual:[0m 0.309 ± 0.077 m3   [2mz:[0m +8.80   [2mdesvio:[0m +220%   [2m(18 obs. dia_util)[0m
2026-07-21 17:25:22 [INFO] 
2026-07-21 17:25:22 [INFO]   🔴 [91m[1mI21JC037663T[0m
2026-07-21 17:25:22 [INFO]      consumiu MAIS que o habitual às 00h
2026-07-21 17:25:22 [INFO]      [2mReal:[0m 0.774 m3   [2mHabitual:[0m 0.242 ± 0.061 m3   [2mz:[0m +8.77   [2mdesvio:[0m +219%   [2m(19 obs. dia_util)[0m
2026-07-21 17:25:22 [INFO] 
2026-07-21 17:25:22 [INFO]   🔴 [91m[1mI21LA186299[0m
2026-07-21 17:25:22 [INFO]      consumiu MAIS que o habitual às 16h
2026-07-21 17:25:22 [INFO]      [2mReal:[0m 0.441 m3   [2mHabitual:[0m 0.012 ± 0.049 m3   [2mz:[0m +8.76   [2mdesvio:[0m +3702%   [2m(18 obs. dia_util)[0m
2026-07-21 17:25:22 [INFO] 
2026-07-21 17:25:22 [INFO]   🔴 [91m[1mI21JC029333H[0m
2026-07-21 17:25:22 [INFO]      consumiu MAIS que o habitual às 16h
2026-07-21 17:25:22 [INFO]      [2mReal:[0m 0.285 m3   [2mHabitual:[0m 0.060 ± 0.027 m3   [2mz:[0m +8.30   [2mdesvio:[0m +378%   [2m(9 obs. dia_util)[0m
2026-07-21 17:25:22 [INFO] 
2026-07-21 17:25:22 [INFO]   🔴 [91m[1mI18MF912111K[0m
2026-07-21 17:25:22 [INFO]      consumiu MAIS que o habitual às 02h
2026-07-21 17:25:22 [INFO]      [2mReal:[0m 0.760 m3   [2mHabitual:[0m 0.247 ± 0.062 m3   [2mz:[0m +8.28   [2mdesvio:[0m +207%   [2m(16 obs. dia_util)[0m
2026-07-21 17:25:22 [INFO] 
2026-07-21 17:25:22 [INFO]   🔴 [91m[1mI18MF912111K[0m
2026-07-21 17:25:22 [INFO]      consumiu MAIS que o habitual às 01h
2026-07-21 17:25:22 [INFO]      [2mReal:[0m 0.780 m3   [2mHabitual:[0m 0.265 ± 0.066 m3   [2mz:[0m +7.76   [2mdesvio:[0m +194%   [2m(17 obs. dia_util)[0m
2026-07-21 17:25:22 [INFO] 
2026-07-21 17:25:22 [INFO]   🔴 [91m[1mI21LA173999[0m
2026-07-21 17:25:22 [INFO]      consumiu MAIS que o habitual às 23h
2026-07-21 17:25:22 [INFO]      [2mReal:[0m 0.083 m3   [2mHabitual:[0m 0.004 ± 0.010 m3   [2mz:[0m +7.67   [2mdesvio:[0m +1924%   [2m(18 obs. dia_util)[0m
2026-07-21 17:25:22 [INFO] 
2026-07-21 17:25:22 [INFO]   🔴 [91m[1mI18MF912111K[0m
2026-07-21 17:25:22 [INFO]      consumiu MAIS que o habitual às 00h
2026-07-21 17:25:22 [INFO]      [2mReal:[0m 0.790 m3   [2mHabitual:[0m 0.286 ± 0.071 m3   [2mz:[0m +7.06   [2mdesvio:[0m +177%   [2m(14 obs. dia_util)[0m
2026-07-21 17:25:22 [INFO] 
2026-07-21 17:25:22 [INFO]   🔴 [91m[1mI22JC094282L[0m
2026-07-21 17:25:23 [INFO]      consumiu MAIS que o habitual às 14h
2026-07-21 17:25:23 [INFO]      [2mReal:[0m 0.375 m3   [2mHabitual:[0m 0.073 ± 0.043 m3   [2mz:[0m +6.95   [2mdesvio:[0m +411%   [2m(18 obs. dia_util)[0m
2026-07-21 17:25:23 [INFO] 
2026-07-21 17:25:23 [INFO]   🔴 [91m[1mD19BA000196[0m
2026-07-21 17:25:23 [INFO]      consumiu MAIS que o habitual às 16h
2026-07-21 17:25:23 [INFO]      [2mReal:[0m 0.111 m3   [2mHabitual:[0m 0.026 ± 0.013 m3   [2mz:[0m +6.73   [2mdesvio:[0m +334%   [2m(16 obs. dia_util)[0m
2026-07-21 17:25:23 [INFO] 
2026-07-21 17:25:23 [INFO]   🔴 [91m[1mI21LA186299[0m
2026-07-21 17:25:23 [INFO]      consumiu MAIS que o habitual às 11h
2026-07-21 17:25:23 [INFO]      [2mReal:[0m 0.587 m3   [2mHabitual:[0m 0.022 ± 0.085 m3   [2mz:[0m +6.63   [2mdesvio:[0m +2568%   [2m(15 obs. dia_util)[0m
2026-07-21 17:25:23 [INFO] 
2026-07-21 17:25:23 [INFO]   🔴 [91m[1mC16SE010255[0m
2026-07-21 17:25:23 [INFO]      consumiu MAIS que o habitual às 08h
2026-07-21 17:25:23 [INFO]      [2mReal:[0m 0.093 m3   [2mHabitual:[0m 0.028 ± 0.010 m3   [2mz:[0m +6.55   [2mdesvio:[0m +238%   [2m(12 obs. dia_util)[0m
2026-07-21 17:25:23 [INFO] 
2026-07-21 17:25:23 [INFO]   🔴 [91m[1mI21JC029118C[0m
2026-07-21 17:25:23 [INFO]      consumiu MAIS que o habitual às 13h
2026-07-21 17:25:23 [INFO]      [2mReal:[0m 0.448 m3   [2mHabitual:[0m 0.025 ± 0.071 m3   [2mz:[0m +6.00   [2mdesvio:[0m +1706%   [2m(19 obs. dia_util)[0m
2026-07-21 17:25:23 [INFO] 
2026-07-21 17:25:23 [INFO]   🔴 [91m[1mI21JC029325H[0m
2026-07-21 17:25:23 [INFO]      consumiu MAIS que o habitual às 07h
2026-07-21 17:25:23 [INFO]      [2mReal:[0m 0.180 m3   [2mHabitual:[0m 0.064 ± 0.020 m3   [2mz:[0m +5.81   [2mdesvio:[0m +181%   [2m(18 obs. dia_util)[0m
2026-07-21 17:25:23 [INFO] 
2026-07-21 17:25:23 [INFO]   🔴 [91m[1mI19JC020003[0m
2026-07-21 17:25:23 [INFO]      consumiu MAIS que o habitual às 13h
2026-07-21 17:25:23 [INFO]      [2mReal:[0m 0.389 m3   [2mHabitual:[0m 0.118 ± 0.048 m3   [2mz:[0m +5.66   [2mdesvio:[0m +228%   [2m(19 obs. dia_util)[0m
2026-07-21 17:25:23 [INFO] 
2026-07-21 17:25:23 [INFO]   🔴 [91m[1mI21JC029328K[0m
2026-07-21 17:25:23 [INFO]      consumiu MAIS que o habitual às 03h
2026-07-21 17:25:23 [INFO]      [2mReal:[0m 0.226 m3   [2mHabitual:[0m 0.062 ± 0.029 m3   [2mz:[0m +5.63   [2mdesvio:[0m +266%   [2m(18 obs. dia_util)[0m
2026-07-21 17:25:23 [INFO] 
2026-07-21 17:25:23 [INFO]   🔴 [91m[1mI21JC029333H[0m
2026-07-21 17:25:23 [INFO]      consumiu MAIS que o habitual às 02h
2026-07-21 17:25:23 [INFO]      [2mReal:[0m 0.072 m3   [2mHabitual:[0m 0.016 ± 0.010 m3   [2mz:[0m +5.58   [2mdesvio:[0m +344%   [2m(15 obs. dia_util)[0m
2026-07-21 17:25:23 [INFO] 
2026-07-21 17:25:23 [INFO]   🔴 [91m[1mI22JC094276N[0m
2026-07-21 17:25:23 [INFO]      consumiu MAIS que o habitual às 00h
2026-07-21 17:25:23 [INFO]      [2mReal:[0m 2.363 m3   [2mHabitual:[0m 0.221 ± 0.398 m3   [2mz:[0m +5.38   [2mdesvio:[0m +971%   [2m(14 obs. dia_util)[0m
2026-07-21 17:25:23 [INFO] 
2026-07-21 17:25:23 [INFO]   🔴 [91m[1mI21JC037663T[0m
2026-07-21 17:25:23 [INFO]      consumiu MAIS que o habitual às 03h
2026-07-21 17:25:23 [INFO]      [2mReal:[0m 0.303 m3   [2mHabitual:[0m 0.129 ± 0.032 m3   [2mz:[0m +5.37   [2mdesvio:[0m +134%   [2m(19 obs. dia_util)[0m
2026-07-21 17:25:23 [INFO] 
2026-07-21 17:25:23 [INFO]   🔴 [91m[1mI21JC029107Z[0m
2026-07-21 17:25:23 [INFO]      consumiu MAIS que o habitual às 09h
2026-07-21 17:25:23 [INFO]      [2mReal:[0m 9.389 m3   [2mHabitual:[0m 0.616 ± 1.689 m3   [2mz:[0m +5.19   [2mdesvio:[0m +1424%   [2m(19 obs. dia_util)[0m
2026-07-21 17:25:23 [INFO] 
2026-07-21 17:25:23 [INFO]   🔴 [91m[1mI19JC020003[0m
2026-07-21 17:25:23 [INFO]      consumiu MAIS que o habitual às 12h
2026-07-21 17:25:23 [INFO]      [2mReal:[0m 0.378 m3   [2mHabitual:[0m 0.092 ± 0.057 m3   [2mz:[0m +5.06   [2mdesvio:[0m +312%   [2m(19 obs. dia_util)[0m
2026-07-21 17:25:23 [INFO] 
2026-07-21 17:25:23 [INFO]   🔴 [91m[1mI17JE060874[0m
2026-07-21 17:25:23 [INFO]      consumiu MAIS que o habitual às 19h
2026-07-21 17:25:23 [INFO]      [2mReal:[0m 0.211 m3   [2mHabitual:[0m 0.059 ± 0.032 m3   [2mz:[0m +4.72   [2mdesvio:[0m +261%   [2m(17 obs. dia_util)[0m
2026-07-21 17:25:23 [INFO] 
2026-07-21 17:25:23 [INFO]   🔴 [91m[1mD19BX000057[0m
2026-07-21 17:25:23 [INFO]      consumiu MAIS que o habitual às 13h
2026-07-21 17:25:23 [INFO]      [2mReal:[0m 0.764 m3   [2mHabitual:[0m 0.284 ± 0.102 m3   [2mz:[0m +4.70   [2mdesvio:[0m +169%   [2m(18 obs. dia_util)[0m
2026-07-21 17:25:23 [INFO] 
2026-07-21 17:25:23 [INFO]   🔴 [91m[1mI21JC029553R[0m
2026-07-21 17:25:23 [INFO]      consumiu MAIS que o habitual às 11h
2026-07-21 17:25:23 [INFO]      [2mReal:[0m 0.406 m3   [2mHabitual:[0m 0.095 ± 0.066 m3   [2mz:[0m +4.69   [2mdesvio:[0m +326%   [2m(19 obs. dia_util)[0m
2026-07-21 17:25:23 [INFO] 
2026-07-21 17:25:23 [INFO]   🔴 [91m[1mI21JC029333H[0m
2026-07-21 17:25:23 [INFO]      consumiu MAIS que o habitual às 11h
2026-07-21 17:25:23 [INFO]      [2mReal:[0m 0.290 m3   [2mHabitual:[0m 0.087 ± 0.043 m3   [2mz:[0m +4.68   [2mdesvio:[0m +234%   [2m(10 obs. dia_util)[0m
2026-07-21 17:25:23 [INFO] 
2026-07-21 17:25:23 [INFO]   🔴 [91m[1mI24LA029109[0m
2026-07-21 17:25:23 [INFO]      consumiu MAIS que o habitual às 19h
2026-07-21 17:25:23 [INFO]      [2mReal:[0m 0.184 m3   [2mHabitual:[0m 0.016 ± 0.036 m3   [2mz:[0m +4.66   [2mdesvio:[0m +1029%   [2m(15 obs. dia_util)[0m
2026-07-21 17:25:23 [INFO] 
2026-07-21 17:25:23 [INFO]   🔴 [91m[1mI21LA186299[0m
2026-07-21 17:25:23 [INFO]      consumiu MAIS que o habitual às 12h
2026-07-21 17:25:23 [INFO]      [2mReal:[0m 0.046 m3   [2mHabitual:[0m 0.000 ± 0.010 m3   [2mz:[0m +4.60   [2mdesvio:[0m +4600%   [2m(15 obs. dia_util)[0m
2026-07-21 17:25:23 [INFO] 
2026-07-21 17:25:23 [INFO]   🔴 [91m[1mC22FC002164L[0m
2026-07-21 17:25:23 [INFO]      consumiu MAIS que o habitual às 15h
2026-07-21 17:25:23 [INFO]      [2mReal:[0m 0.210 m3   [2mHabitual:[0m 0.066 ± 0.031 m3   [2mz:[0m +4.58   [2mdesvio:[0m +218%   [2m(16 obs. dia_util)[0m
2026-07-21 17:25:23 [INFO] 
2026-07-21 17:25:23 [INFO]   🔴 [91m[1mI21JC029134C[0m
2026-07-21 17:25:23 [INFO]      consumiu MAIS que o habitual às 17h
2026-07-21 17:25:23 [INFO]      [2mReal:[0m 0.939 m3   [2mHabitual:[0m 0.401 ± 0.118 m3   [2mz:[0m +4.58   [2mdesvio:[0m +134%   [2m(19 obs. dia_util)[0m
2026-07-21 17:25:23 [INFO] 
2026-07-21 17:25:23 [INFO]   🔴 [91m[1mI21JC043496L[0m
2026-07-21 17:25:23 [INFO]      consumiu MAIS que o habitual às 10h
2026-07-21 17:25:23 [INFO]      [2mReal:[0m 0.051 m3   [2mHabitual:[0m 0.005 ± 0.010 m3   [2mz:[0m +4.56   [2mdesvio:[0m +844%   [2m(19 obs. dia_util)[0m
2026-07-21 17:25:23 [INFO] 
2026-07-21 17:25:23 [INFO]   🔴 [91m[1mD06AE082862[0m
2026-07-21 17:25:23 [INFO]      consumiu MAIS que o habitual às 22h
2026-07-21 17:25:23 [INFO]      [2mReal:[0m 0.196 m3   [2mHabitual:[0m 0.058 ± 0.033 m3   [2mz:[0m +4.26   [2mdesvio:[0m +240%   [2m(18 obs. dia_util)[0m
2026-07-21 17:25:23 [INFO] 
2026-07-21 17:25:23 [INFO]   🔴 [91m[1mI19JC029855[0m
2026-07-21 17:25:23 [INFO]      consumiu MAIS que o habitual às 20h
2026-07-21 17:25:23 [INFO]      [2mReal:[0m 1.344 m3   [2mHabitual:[0m 0.546 ± 0.187 m3   [2mz:[0m +4.26   [2mdesvio:[0m +146%   [2m(16 obs. dia_util)[0m
2026-07-21 17:25:23 [INFO] 
2026-07-21 17:25:23 [INFO]   🔴 [91m[1mC22FC002170J[0m
2026-07-21 17:25:23 [INFO]      consumiu MAIS que o habitual às 18h
2026-07-21 17:25:23 [INFO]      [2mReal:[0m 0.265 m3   [2mHabitual:[0m 0.114 ± 0.036 m3   [2mz:[0m +4.16   [2mdesvio:[0m +132%   [2m(18 obs. dia_util)[0m
2026-07-21 17:25:23 [INFO] 
2026-07-21 17:25:23 [INFO]   🔴 [91m[1mD19BA343472[0m
2026-07-21 17:25:23 [INFO]      consumiu MAIS que o habitual às 09h
2026-07-21 17:25:23 [INFO]      [2mReal:[0m 0.233 m3   [2mHabitual:[0m 0.018 ± 0.052 m3   [2mz:[0m +4.13   [2mdesvio:[0m +1216%   [2m(19 obs. dia_util)[0m
2026-07-21 17:25:23 [INFO] 
2026-07-21 17:25:23 [INFO]   🔵 [94m[1mH21OF834752B[0m
2026-07-21 17:25:23 [INFO]      consumiu MENOS que o habitual às 01h
2026-07-21 17:25:23 [INFO]      [2mReal:[0m 0.000 m3   [2mHabitual:[0m 2.667 ± 0.667 m3   [2mz:[0m -4.00   [2mdesvio:[0m -100%   [2m(19 obs. dia_util)[0m
2026-07-21 17:25:23 [INFO] 
2026-07-21 17:25:23 [INFO]   🔴 [91m[1mI19JC065533[0m
2026-07-21 17:25:23 [INFO]      consumiu MAIS que o habitual às 01h
2026-07-21 17:25:23 [INFO]      [2mReal:[0m 2.754 m3   [2mHabitual:[0m 0.160 ± 0.661 m3   [2mz:[0m +3.92   [2mdesvio:[0m +1617%   [2m(17 obs. dia_util)[0m
2026-07-21 17:25:23 [INFO] 
2026-07-21 17:25:23 [INFO]   🔴 [91m[1mI23JE044621[0m
2026-07-21 17:25:23 [INFO]      consumiu MAIS que o habitual às 10h
2026-07-21 17:25:23 [INFO]      [2mReal:[0m 0.411 m3   [2mHabitual:[0m 0.159 ± 0.064 m3   [2mz:[0m +3.92   [2mdesvio:[0m +159%   [2m(19 obs. dia_util)[0m
2026-07-21 17:25:23 [INFO] 
2026-07-21 17:25:23 [INFO]   🔴 [91m[1mC23FC001331N[0m
2026-07-21 17:25:23 [INFO]      consumiu MAIS que o habitual às 12h
2026-07-21 17:25:23 [INFO]      [2mReal:[0m 0.687 m3   [2mHabitual:[0m 0.168 ± 0.133 m3   [2mz:[0m +3.91   [2mdesvio:[0m +308%   [2m(10 obs. dia_util)[0m
2026-07-21 17:25:23 [INFO] 
2026-07-21 17:25:23 [INFO]   🔴 [91m[1mD05AE129685[0m
2026-07-21 17:25:23 [INFO]      consumiu MAIS que o habitual às 13h
2026-07-21 17:25:23 [INFO]      [2mReal:[0m 15.423 m3   [2mHabitual:[0m 1.363 ± 3.650 m3   [2mz:[0m +3.85   [2mdesvio:[0m +1031%   [2m(12 obs. dia_util)[0m
2026-07-21 17:25:23 [INFO] 
2026-07-21 17:25:23 [INFO]   🔴 [91m[1mD08AC395031B[0m
2026-07-21 17:25:23 [INFO]      consumiu MAIS que o habitual às 02h
2026-07-21 17:25:23 [INFO]      [2mReal:[0m 0.070 m3   [2mHabitual:[0m 0.010 ± 0.015 m3   [2mz:[0m +3.85   [2mdesvio:[0m +586%   [2m(18 obs. dia_util)[0m
2026-07-21 17:25:23 [INFO] 
2026-07-21 17:25:23 [INFO]   🔴 [91m[1mD17BA019938[0m
2026-07-21 17:25:23 [INFO]      consumiu MAIS que o habitual às 12h
2026-07-21 17:25:23 [INFO]      [2mReal:[0m 0.152 m3   [2mHabitual:[0m 0.042 ± 0.029 m3   [2mz:[0m +3.79   [2mdesvio:[0m +259%   [2m(15 obs. dia_util)[0m
2026-07-21 17:25:23 [INFO] 
2026-07-21 17:25:23 [INFO]   🔴 [91m[1mC22FC002175O[0m
2026-07-21 17:25:23 [INFO]      consumiu MAIS que o habitual às 15h
2026-07-21 17:25:23 [INFO]      [2mReal:[0m 0.107 m3   [2mHabitual:[0m 0.023 ± 0.022 m3   [2mz:[0m +3.74   [2mdesvio:[0m +367%   [2m(17 obs. dia_util)[0m
2026-07-21 17:25:23 [INFO] 
2026-07-21 17:25:23 [INFO]   🔴 [91m[1mC18SC005963M[0m
2026-07-21 17:25:23 [INFO]      consumiu MAIS que o habitual às 23h
2026-07-21 17:25:23 [INFO]      [2mReal:[0m 0.671 m3   [2mHabitual:[0m 0.293 ± 0.102 m3   [2mz:[0m +3.71   [2mdesvio:[0m +129%   [2m(13 obs. dia_util)[0m
2026-07-21 17:25:23 [INFO] 
2026-07-21 17:25:23 [INFO]   🔴 [91m[1mD17BA019938[0m
2026-07-21 17:25:23 [INFO]      consumiu MAIS que o habitual às 20h
2026-07-21 17:25:23 [INFO]      [2mReal:[0m 0.086 m3   [2mHabitual:[0m 0.014 ± 0.019 m3   [2mz:[0m +3.71   [2mdesvio:[0m +519%   [2m(15 obs. dia_util)[0m
2026-07-21 17:25:23 [INFO] 
2026-07-21 17:25:23 [INFO]   🔴 [91m[1mI21JC043488L[0m
2026-07-21 17:25:23 [INFO]      consumiu MAIS que o habitual às 14h
2026-07-21 17:25:23 [INFO]      [2mReal:[0m 0.637 m3   [2mHabitual:[0m 0.116 ± 0.141 m3   [2mz:[0m +3.69   [2mdesvio:[0m +451%   [2m(18 obs. dia_util)[0m
2026-07-21 17:25:23 [INFO] 
2026-07-21 17:25:23 [INFO]   🔴 [91m[1mI21JC043489M[0m
2026-07-21 17:25:23 [INFO]      consumiu MAIS que o habitual às 14h
2026-07-21 17:25:23 [INFO]      [2mReal:[0m 0.087 m3   [2mHabitual:[0m 0.036 ± 0.014 m3   [2mz:[0m +3.68   [2mdesvio:[0m +143%   [2m(18 obs. dia_util)[0m
2026-07-21 17:25:23 [INFO] 
2026-07-21 17:25:23 [INFO]   🔴 [91m[1mD17BA019938[0m
2026-07-21 17:25:23 [INFO]      consumiu MAIS que o habitual às 11h
2026-07-21 17:25:23 [INFO]      [2mReal:[0m 0.191 m3   [2mHabitual:[0m 0.061 ± 0.036 m3   [2mz:[0m +3.63   [2mdesvio:[0m +214%   [2m(15 obs. dia_util)[0m
2026-07-21 17:25:23 [INFO] 
2026-07-21 17:25:23 [INFO]   🔴 [91m[1mC22FC002165M[0m
2026-07-21 17:25:23 [INFO]      consumiu MAIS que o habitual às 09h
2026-07-21 17:25:23 [INFO]      [2mReal:[0m 0.142 m3   [2mHabitual:[0m 0.061 ± 0.022 m3   [2mz:[0m +3.62   [2mdesvio:[0m +134%   [2m(18 obs. dia_util)[0m
2026-07-21 17:25:23 [INFO] 
2026-07-21 17:25:23 [INFO]   🔴 [91m[1mI22JC094273K[0m
2026-07-21 17:25:23 [INFO]      consumiu MAIS que o habitual às 01h
2026-07-21 17:25:23 [INFO]      [2mReal:[0m 1.114 m3   [2mHabitual:[0m 0.131 ± 0.276 m3   [2mz:[0m +3.56   [2mdesvio:[0m +749%   [2m(17 obs. dia_util)[0m
2026-07-21 17:25:23 [INFO] 
2026-07-21 17:25:23 [INFO]   🔴 [91m[1mI21JC029134C[0m
2026-07-21 17:25:23 [INFO]      consumiu MAIS que o habitual às 14h
2026-07-21 17:25:23 [INFO]      [2mReal:[0m 3.310 m3   [2mHabitual:[0m 1.025 ± 0.643 m3   [2mz:[0m +3.55   [2mdesvio:[0m +223%   [2m(19 obs. dia_util)[0m
2026-07-21 17:25:23 [INFO] 
2026-07-21 17:25:23 [INFO]   🔴 [91m[1mC23FC001333P[0m
2026-07-21 17:25:23 [INFO]      consumiu MAIS que o habitual às 17h
2026-07-21 17:25:23 [INFO]      [2mReal:[0m 0.122 m3   [2mHabitual:[0m 0.039 ± 0.024 m3   [2mz:[0m +3.54   [2mdesvio:[0m +214%   [2m(18 obs. dia_util)[0m
2026-07-21 17:25:23 [INFO] 
2026-07-21 17:25:23 [INFO]   🔴 [91m[1mI21JC029553R[0m
2026-07-21 17:25:23 [INFO]      consumiu MAIS que o habitual às 06h
2026-07-21 17:25:23 [INFO]      [2mReal:[0m 0.060 m3   [2mHabitual:[0m 0.025 ± 0.010 m3   [2mz:[0m +3.54   [2mdesvio:[0m +144%   [2m(17 obs. dia_util)[0m
2026-07-21 17:25:23 [INFO] 
2026-07-21 17:25:23 [INFO]   🔴 [91m[1mI22JC094282L[0m
2026-07-21 17:25:23 [INFO]      consumiu MAIS que o habitual às 00h
2026-07-21 17:25:23 [INFO]      [2mReal:[0m 0.714 m3   [2mHabitual:[0m 0.104 ± 0.173 m3   [2mz:[0m +3.53   [2mdesvio:[0m +585%   [2m(17 obs. dia_util)[0m
2026-07-21 17:25:23 [INFO] 
2026-07-21 17:25:23 [INFO] [1m[93m--- Desvios de BAIXA confianca (3) ------------------[0m
2026-07-21 17:25:23 [INFO]   [2m(poucos dados historicos - verificar manualmente)[0m
2026-07-21 17:25:23 [INFO] 
2026-07-21 17:25:23 [INFO]   🔴 [91m[1mD19BX000034[0m
2026-07-21 17:25:23 [INFO]      consumiu MAIS que o habitual às 20h
2026-07-21 17:25:23 [INFO]      [2mReal:[0m 0.926 m3   [2mHabitual:[0m 0.172 ± 0.156 m3   [2mz:[0m +4.83   [2mdesvio:[0m +439%   [2m(3 obs. dia_util)[0m
2026-07-21 17:25:23 [INFO] 
2026-07-21 17:25:23 [INFO]   🔵 [94m[1mD19BX000034[0m
2026-07-21 17:25:23 [INFO]      consumiu MENOS que o habitual às 17h
2026-07-21 17:25:23 [INFO]      [2mReal:[0m 0.000 m3   [2mHabitual:[0m 0.106 ± 0.026 m3   [2mz:[0m -4.00   [2mdesvio:[0m -100%   [2m(2 obs. dia_util)[0m
2026-07-21 17:25:23 [INFO] 
2026-07-21 17:25:23 [INFO]   🔵 [94m[1mD19BX000034[0m
2026-07-21 17:25:23 [INFO]      consumiu MENOS que o habitual às 18h
2026-07-21 17:25:23 [INFO]      [2mReal:[0m 0.000 m3   [2mHabitual:[0m 0.393 ± 0.098 m3   [2mz:[0m -4.00   [2mdesvio:[0m -100%   [2m(2 obs. dia_util)[0m
2026-07-21 17:25:23 [INFO] 
2026-07-21 17:25:23 [INFO] CSV guardado: C:\Users\anaca\OneDrive\Ambiente de Trabalho\Tese\ts-anomaly-detection-dissertation\results\agua\realtime\alerts\analise_agua_2026-05-18.csv
2026-07-21 17:25:23 [INFO] 
2026-07-21 17:25:23 [INFO] [1m======================================================================[0m
2026-07-21 17:25:23 [INFO] [1m  DETECAO DE ANOMALIAS AGUA - 2026-05-19[0m
2026-07-21 17:25:23 [INFO] [1m======================================================================[0m
2026-07-21 17:25:23 [INFO]   [2mTipo de dia:[0m        dia util
2026-07-21 17:25:23 [INFO]   [2mFonte:[0m              BAZE
2026-07-21 17:25:23 [INFO]   [2mContadores c/ dados:[0m 360
2026-07-21 17:25:23 [INFO]   [2mPontos contador/hora:[0m 381
2026-07-21 17:25:23 [INFO]   [2mThreshold:[0m          |z| > 3.5 [2m(adaptativo a este tipo de dia)[0m
2026-07-21 17:25:23 [INFO] 
2026-07-21 17:25:27 [INFO] [1m--- Resumo -------------------------------------[0m
2026-07-21 17:25:27 [INFO]   [92mNormal[0m                   376 [2m( 98.7%)[0m
2026-07-21 17:25:27 [INFO]   [91mDesvio (alta confianca)[0m    5 [2m(  1.3%)[0m
2026-07-21 17:25:27 [INFO]   [93mDesvio (baixa confianca)[0m   0 [2m(  0.0%)[0m
2026-07-21 17:25:27 [INFO]   [2mTempo: 3.6s[0m
2026-07-21 17:25:27 [INFO] 
2026-07-21 17:25:27 [INFO] [1m--- Desvios de ALTA confianca (5) -------------------[0m
2026-07-21 17:25:27 [INFO] 
2026-07-21 17:25:27 [INFO]   🔴 [91m[1mC23FE003152I[0m
2026-07-21 17:25:27 [INFO]      consumiu MAIS que o habitual às 00h
2026-07-21 17:25:27 [INFO]      [2mReal:[0m 0.139 m3   [2mHabitual:[0m -0.000 ± 0.010 m3   [2mz:[0m +10.00 (cap)   [2mdesvio:[0m +13910%   [2m(20 obs. dia_util)[0m
2026-07-21 17:25:27 [INFO] 
2026-07-21 17:25:27 [INFO]   🔴 [91m[1mD11JE109235D[0m
2026-07-21 17:25:27 [INFO]      consumiu MAIS que o habitual às 00h
2026-07-21 17:25:27 [INFO]      [2mReal:[0m 0.921 m3   [2mHabitual:[0m 0.114 ± 0.064 m3   [2mz:[0m +10.00 (cap)   [2mdesvio:[0m +706%   [2m(14 obs. dia_util)[0m
2026-07-21 17:25:27 [INFO] 
2026-07-21 17:25:27 [INFO]   🔴 [91m[1mD19BX000041[0m
2026-07-21 17:25:27 [INFO]      consumiu MAIS que o habitual às 00h
2026-07-21 17:25:27 [INFO]      [2mReal:[0m 0.515 m3   [2mHabitual:[0m 0.013 ± 0.049 m3   [2mz:[0m +10.00 (cap)   [2mdesvio:[0m +3955%   [2m(15 obs. dia_util)[0m
2026-07-21 17:25:27 [INFO] 
2026-07-21 17:25:27 [INFO]   🔴 [91m[1mI21JC029333H[0m
2026-07-21 17:25:27 [INFO]      consumiu MAIS que o habitual às 00h
2026-07-21 17:25:27 [INFO]      [2mReal:[0m 0.093 m3   [2mHabitual:[0m 0.018 ± 0.010 m3   [2mz:[0m +7.47   [2mdesvio:[0m +408%   [2m(9 obs. dia_util)[0m
2026-07-21 17:25:27 [INFO] 
2026-07-21 17:25:27 [INFO]   🔴 [91m[1mD17BA019938[0m
2026-07-21 17:25:27 [INFO]      consumiu MAIS que o habitual às 00h
2026-07-21 17:25:27 [INFO]      [2mReal:[0m 0.053 m3   [2mHabitual:[0m 0.004 ± 0.010 m3   [2mz:[0m +4.92   [2mdesvio:[0m +1295%   [2m(15 obs. dia_util)[0m
2026-07-21 17:25:27 [INFO] 
2026-07-21 17:25:27 [INFO] CSV guardado: C:\Users\anaca\OneDrive\Ambiente de Trabalho\Tese\ts-anomaly-detection-dissertation\results\agua\realtime\alerts\analise_agua_2026-05-19.csv
2026-07-21 17:25:27 [INFO] 
2026-07-21 17:25:27 [INFO] [1m======================================================================[0m
2026-07-21 17:25:27 [INFO] [1m  DETECAO DE ANOMALIAS AGUA - 2026-05-20[0m
2026-07-21 17:25:27 [INFO] [1m======================================================================[0m
2026-07-21 17:25:27 [INFO]   [2mTipo de dia:[0m        dia util
2026-07-21 17:25:27 [INFO]   [2mFonte:[0m              BAZE
2026-07-21 17:25:27 [INFO]   [2mContadores c/ dados:[0m 1
2026-07-21 17:25:27 [INFO]   [2mPontos contador/hora:[0m 20
2026-07-21 17:25:27 [INFO]   [2mThreshold:[0m          |z| > 3.5 [2m(adaptativo a este tipo de dia)[0m
2026-07-21 17:25:27 [INFO] 
2026-07-21 17:25:27 [INFO] [1m--- Resumo -------------------------------------[0m
2026-07-21 17:25:27 [INFO]   [92mNormal[0m                    20 [2m(100.0%)[0m
2026-07-21 17:25:27 [INFO]   [91mDesvio (alta confianca)[0m    0 [2m(  0.0%)[0m
2026-07-21 17:25:27 [INFO]   [93mDesvio (baixa confianca)[0m   0 [2m(  0.0%)[0m
2026-07-21 17:25:27 [INFO]   [2mTempo: 0.4s[0m
2026-07-21 17:25:27 [INFO] 
2026-07-21 17:25:27 [INFO] [92m[1m  Tudo normal - sem desvios neste dia.[0m
2026-07-21 17:25:27 [INFO] 
2026-07-21 17:25:27 [INFO] CSV guardado: C:\Users\anaca\OneDrive\Ambiente de Trabalho\Tese\ts-anomaly-detection-dissertation\results\agua\realtime\alerts\analise_agua_2026-05-20.csv
2026-07-21 17:25:27 [INFO] 
2026-07-21 17:25:27 [INFO] [1m======================================================================[0m
2026-07-21 17:25:27 [INFO] [1m  DETECAO DE ANOMALIAS AGUA - 2026-05-21[0m
2026-07-21 17:25:27 [INFO] [1m======================================================================[0m
2026-07-21 17:25:27 [INFO]   [2mTipo de dia:[0m        dia util
2026-07-21 17:25:27 [INFO]   [2mFonte:[0m              BAZE
2026-07-21 17:25:27 [INFO]   [2mContadores c/ dados:[0m 1
2026-07-21 17:25:27 [INFO]   [2mPontos contador/hora:[0m 24
2026-07-21 17:25:27 [INFO]   [2mThreshold:[0m          |z| > 3.5 [2m(adaptativo a este tipo de dia)[0m
2026-07-21 17:25:27 [INFO] 
2026-07-21 17:25:28 [INFO] [1m--- Resumo -------------------------------------[0m
2026-07-21 17:25:28 [INFO]   [92mNormal[0m                    24 [2m(100.0%)[0m
2026-07-21 17:25:28 [INFO]   [91mDesvio (alta confianca)[0m    0 [2m(  0.0%)[0m
2026-07-21 17:25:28 [INFO]   [93mDesvio (baixa confianca)[0m   0 [2m(  0.0%)[0m
2026-07-21 17:25:28 [INFO]   [2mTempo: 0.3s[0m
2026-07-21 17:25:28 [INFO] 
2026-07-21 17:25:28 [INFO] [92m[1m  Tudo normal - sem desvios neste dia.[0m
2026-07-21 17:25:28 [INFO] 
2026-07-21 17:25:28 [INFO] CSV guardado: C:\Users\anaca\OneDrive\Ambiente de Trabalho\Tese\ts-anomaly-detection-dissertation\results\agua\realtime\alerts\analise_agua_2026-05-21.csv
2026-07-21 17:25:28 [INFO] 
2026-07-21 17:25:28 [INFO] [1m======================================================================[0m
2026-07-21 17:25:28 [INFO] [1m  DETECAO DE ANOMALIAS AGUA - 2026-05-22[0m
2026-07-21 17:25:28 [INFO] [1m======================================================================[0m
2026-07-21 17:25:28 [INFO]   [2mTipo de dia:[0m        dia util
2026-07-21 17:25:28 [INFO]   [2mFonte:[0m              BAZE
2026-07-21 17:25:28 [INFO]   [2mContadores c/ dados:[0m 1
2026-07-21 17:25:28 [INFO]   [2mPontos contador/hora:[0m 1
2026-07-21 17:25:28 [INFO]   [2mThreshold:[0m          |z| > 3.5 [2m(adaptativo a este tipo de dia)[0m
2026-07-21 17:25:28 [INFO] 
2026-07-21 17:25:28 [INFO] [1m--- Resumo -------------------------------------[0m
2026-07-21 17:25:28 [INFO]   [92mNormal[0m                     1 [2m(100.0%)[0m
2026-07-21 17:25:28 [INFO]   [91mDesvio (alta confianca)[0m    0 [2m(  0.0%)[0m
2026-07-21 17:25:28 [INFO]   [93mDesvio (baixa confianca)[0m   0 [2m(  0.0%)[0m
2026-07-21 17:25:28 [INFO]   [2mTempo: 0.2s[0m
2026-07-21 17:25:28 [INFO] 
2026-07-21 17:25:28 [INFO] [92m[1m  Tudo normal - sem desvios neste dia.[0m
2026-07-21 17:25:28 [INFO] 
2026-07-21 17:25:28 [INFO] CSV guardado: C:\Users\anaca\OneDrive\Ambiente de Trabalho\Tese\ts-anomaly-detection-dissertation\results\agua\realtime\alerts\analise_agua_2026-05-22.csv
2026-07-21 17:25:28 [WARNING] Sem dados de agua para 2026-05-23.
2026-07-21 17:25:28 [WARNING] Sem dados de agua para 2026-05-24.
2026-07-21 17:25:28 [WARNING] Sem dados de agua para 2026-05-25.
2026-07-21 17:25:28 [WARNING] Sem dados de agua para 2026-05-26.
2026-07-21 17:25:28 [WARNING] Sem dados de agua para 2026-05-27.
2026-07-21 17:25:28 [WARNING] Sem dados de agua para 2026-05-28.
2026-07-21 17:25:28 [WARNING] Sem dados de agua para 2026-05-29.
2026-07-21 17:25:28 [WARNING] Sem dados de agua para 2026-05-30.
2026-07-21 17:25:28 [WARNING] Sem dados de agua para 2026-05-31.
2026-07-21 17:25:28 [WARNING] Sem dados de agua para 2026-06-01.
2026-07-21 17:25:28 [WARNING] Sem dados de agua para 2026-06-02.
2026-07-21 17:25:28 [WARNING] Sem dados de agua para 2026-06-03.
2026-07-21 17:25:29 [WARNING] Sem dados de agua para 2026-06-04.
2026-07-21 17:25:29 [WARNING] Sem dados de agua para 2026-06-05.
2026-07-21 17:25:29 [WARNING] Sem dados de agua para 2026-06-06.
2026-07-21 17:25:29 [WARNING] Sem dados de agua para 2026-06-07.
2026-07-21 17:25:29 [WARNING] Sem dados de agua para 2026-06-08.
2026-07-21 17:25:29 [WARNING] Sem dados de agua para 2026-06-09.
2026-07-21 17:25:29 [WARNING] Sem dados de agua para 2026-06-10.
2026-07-21 17:25:29 [WARNING] Sem dados de agua para 2026-06-11.
2026-07-21 17:25:29 [WARNING] Sem dados de agua para 2026-06-12.
2026-07-21 17:25:29 [WARNING] Sem dados de agua para 2026-06-13.
2026-07-21 17:25:29 [WARNING] Sem dados de agua para 2026-06-14.
2026-07-21 17:25:29 [WARNING] Sem dados de agua para 2026-06-15.
2026-07-21 17:25:29 [WARNING] Sem dados de agua para 2026-06-16.
2026-07-21 17:25:29 [WARNING] Sem dados de agua para 2026-06-17.
2026-07-21 17:25:29 [WARNING] Sem dados de agua para 2026-06-18.
2026-07-21 17:25:29 [WARNING] Sem dados de agua para 2026-06-19.
2026-07-21 17:25:29 [WARNING] Sem dados de agua para 2026-06-20.
2026-07-21 17:25:29 [WARNING] Sem dados de agua para 2026-06-21.
2026-07-21 17:25:29 [WARNING] Sem dados de agua para 2026-06-22.
2026-07-21 17:25:30 [WARNING] Sem dados de agua para 2026-06-23.
2026-07-21 17:25:30 [WARNING] Sem dados de agua para 2026-06-24.
2026-07-21 17:25:30 [WARNING] Sem dados de agua para 2026-06-25.
2026-07-21 17:25:30 [WARNING] Sem dados de agua para 2026-06-26.
2026-07-21 17:25:30 [WARNING] Sem dados de agua para 2026-06-27.
2026-07-21 17:25:30 [WARNING] Sem dados de agua para 2026-06-28.
2026-07-21 17:25:30 [WARNING] Sem dados de agua para 2026-06-29.
2026-07-21 17:25:30 [WARNING] Sem dados de agua para 2026-06-30.
2026-07-21 17:25:30 [WARNING] Sem dados de agua para 2026-07-01.
2026-07-21 17:25:30 [WARNING] Sem dados de agua para 2026-07-02.
2026-07-21 17:25:30 [WARNING] Sem dados de agua para 2026-07-03.
2026-07-21 17:25:30 [WARNING] Sem dados de agua para 2026-07-04.
2026-07-21 17:25:30 [WARNING] Sem dados de agua para 2026-07-05.
2026-07-21 17:25:30 [WARNING] Sem dados de agua para 2026-07-06.
2026-07-21 17:25:30 [WARNING] Sem dados de agua para 2026-07-07.
2026-07-21 17:25:30 [WARNING] Sem dados de agua para 2026-07-08.
2026-07-21 17:25:30 [WARNING] Sem dados de agua para 2026-07-09.
2026-07-21 17:25:30 [WARNING] Sem dados de agua para 2026-07-10.
2026-07-21 17:25:30 [WARNING] Sem dados de agua para 2026-07-11.
2026-07-21 17:25:30 [WARNING] Sem dados de agua para 2026-07-12.
2026-07-21 17:25:30 [WARNING] Sem dados de agua para 2026-07-13.
2026-07-21 17:25:31 [WARNING] Sem dados de agua para 2026-07-14.
2026-07-21 17:25:31 [WARNING] Sem dados de agua para 2026-07-15.
2026-07-21 17:25:31 [WARNING] Sem dados de agua para 2026-07-16.
2026-07-21 17:25:31 [WARNING] Sem dados de agua para 2026-07-17.
2026-07-21 17:25:31 [WARNING] Sem dados de agua para 2026-07-18.
2026-07-21 17:25:31 [WARNING] Sem dados de agua para 2026-07-19.
2026-07-21 17:25:31 [WARNING] Sem dados de agua para 2026-07-20.
2026-07-21 17:25:31 [WARNING] Sem dados de agua para 2026-07-21.
2026-07-21 17:25:31 [INFO] 
2026-07-21 17:25:31 [INFO] Concluido em 3646.7s. Ficheiros gerados: 22
