CPE,data,hora,tipo_dia,previsao,std,low_1sigma,high_1sigma,low_2sigma,high_2sigma,n_dias,confianca,fonte_baseline
PT0002000033074862LZ,2026-07-09,0,dia_util,12.33,1.23,11.1,13.57,9.87,14.8,3,baixa,histórico dia_util (poucos dados)
PT0002000033074862LZ,2026-07-09,1,dia_util,12.0,1.2,10.8,13.2,9.6,14.4,3,baixa,histórico dia_util (poucos dados)
PT0002000033074862LZ,2026-07-09,2,dia_util,12.0,1.2,10.8,13.2,9.6,14.4,3,baixa,histórico dia_util (poucos dados)
PT0002000033074862LZ,2026-07-09,3,dia_util,12.0,1.2,10.8,13.2,9.6,14.4,3,baixa,histórico dia_util (poucos dados)
PT0002000033074862LZ,2026-07-09,4,dia_util,12.0,1.2,10.8,13.2,9.6,14.4,3,baixa,histórico dia_util (poucos dados)
PT0002000033074862LZ,2026-07-09,5,dia_util,12.0,1.2,10.8,13.2,9.6,14.4,3,baixa,histórico dia_util (poucos dados)
PT0002000033074862LZ,2026-07-09,6,dia_util,12.0,1.2,10.8,13.2,9.6,14.4,3,baixa,histórico dia_util (poucos dados)
PT0002000033074862LZ,2026-07-09,7,dia_util,33.0,3.46,29.54,36.46,26.07,39.93,3,baixa,histórico dia_util (poucos dados)
PT0002000033074862LZ,2026-07-09,8,dia_util,52.33,9.61,42.72,61.94,33.12,71.55,3,baixa,histórico dia_util (poucos dados)
PT0002000033074862LZ,2026-07-09,9,dia_util,50.33,5.51,44.83,55.84,39.32,61.35,3,baixa,histórico dia_util (poucos dados)
PT0002000033074862LZ,2026-07-09,10,dia_util,49.33,7.09,42.24,56.43,35.14,63.52,3,baixa,histórico dia_util (poucos dados)
PT0002000033074862LZ,2026-07-09,11,dia_util,49.0,8.0,41.0,57.0,33.0,65.0,3,baixa,histórico dia_util (poucos dados)
PT0002000033074862LZ,2026-07-09,12,dia_util,60.67,6.07,54.6,66.73,48.53,72.8,3,baixa,histórico dia_util (poucos dados)
PT0002000033074862LZ,2026-07-09,13,dia_util,47.0,5.2,41.8,52.2,36.61,57.39,3,baixa,histórico dia_util (poucos dados)
PT0002000033074862LZ,2026-07-09,14,dia_util,36.0,3.6,32.4,39.6,28.8,43.2,3,baixa,histórico dia_util (poucos dados)
PT0002000033074862LZ,2026-07-09,15,dia_util,29.33,4.93,24.4,34.27,19.47,39.2,3,baixa,histórico dia_util (poucos dados)
PT0002000033074862LZ,2026-07-09,16,dia_util,26.67,8.08,18.58,34.75,10.5,42.83,3,baixa,histórico dia_util (poucos dados)
PT0002000033074862LZ,2026-07-09,17,dia_util,29.33,6.66,22.68,35.99,16.02,42.65,3,baixa,histórico dia_util (poucos dados)
PT0002000033074862LZ,2026-07-09,18,dia_util,25.33,4.93,20.4,30.27,15.47,35.2,3,baixa,histórico dia_util (poucos dados)
PT0002000033074862LZ,2026-07-09,19,dia_util,15.0,2.0,13.0,17.0,11.0,19.0,3,baixa,histórico dia_util (poucos dados)
PT0002000033074862LZ,2026-07-09,20,dia_util,13.0,1.3,11.7,14.3,10.4,15.6,3,baixa,histórico dia_util (poucos dados)
PT0002000033074862LZ,2026-07-09,21,dia_util,12.0,1.2,10.8,13.2,9.6,14.4,3,baixa,histórico dia_util (poucos dados)
PT0002000033074862LZ,2026-07-09,22,dia_util,12.0,1.2,10.8,13.2,9.6,14.4,3,baixa,histórico dia_util (poucos dados)
PT0002000033074862LZ,2026-07-09,23,dia_util,11.67,1.17,10.5,12.83,9.33,14.0,3,baixa,histórico dia_util (poucos dados)
PT0002000068855003AK,2026-07-09,0,dia_util,14.33,10.41,3.93,24.74,-6.48,35.15,3,baixa,histórico dia_util (poucos dados)
PT0002000068855003AK,2026-07-09,1,dia_util,14.0,9.17,4.83,23.17,-4.33,32.33,3,baixa,histórico dia_util (poucos dados)
PT0002000068855003AK,2026-07-09,2,dia_util,13.0,8.19,4.81,21.19,-3.37,29.37,3,baixa,histórico dia_util (poucos dados)
PT0002000068855003AK,2026-07-09,3,dia_util,12.0,5.57,6.43,17.57,0.86,23.14,3,baixa,histórico dia_util (poucos dados)
PT0002000068855003AK,2026-07-09,4,dia_util,11.67,6.03,5.64,17.69,-0.39,23.72,3,baixa,histórico dia_util (poucos dados)
PT0002000068855003AK,2026-07-09,5,dia_util,11.33,5.51,5.83,16.84,0.32,22.35,3,baixa,histórico dia_util (poucos dados)
PT0002000068855003AK,2026-07-09,6,dia_util,10.67,4.51,6.16,15.18,1.65,19.69,3,baixa,histórico dia_util (poucos dados)
PT0002000068855003AK,2026-07-09,7,dia_util,14.33,5.51,8.83,19.84,3.32,25.35,3,baixa,histórico dia_util (poucos dados)
PT0002000068855003AK,2026-07-09,8,dia_util,21.0,3.61,17.39,24.61,13.79,28.21,3,baixa,histórico dia_util (poucos dados)
PT0002000068855003AK,2026-07-09,9,dia_util,21.33,4.93,16.4,26.27,11.47,31.2,3,baixa,histórico dia_util (poucos dados)
PT0002000068855003AK,2026-07-09,10,dia_util,25.33,5.77,19.56,31.11,13.79,36.88,3,baixa,histórico dia_util (poucos dados)
PT0002000068855003AK,2026-07-09,11,dia_util,33.0,4.36,28.64,37.36,24.28,41.72,3,baixa,histórico dia_util (poucos dados)
PT0002000068855003AK,2026-07-09,12,dia_util,36.67,7.09,29.57,43.76,22.48,50.86,3,baixa,histórico dia_util (poucos dados)
PT0002000068855003AK,2026-07-09,13,dia_util,50.0,19.31,30.69,69.31,11.37,88.63,3,baixa,histórico dia_util (poucos dados)
PT0002000068855003AK,2026-07-09,14,dia_util,59.67,21.36,38.3,81.03,16.94,102.39,3,baixa,histórico dia_util (poucos dados)
PT0002000068855003AK,2026-07-09,15,dia_util,74.67,27.65,47.02,102.31,19.37,129.96,3,baixa,histórico dia_util (poucos dados)
PT0002000068855003AK,2026-07-09,16,dia_util,62.0,18.68,43.32,80.68,24.64,99.36,3,baixa,histórico dia_util (poucos dados)
PT0002000068855003AK,2026-07-09,17,dia_util,42.33,12.74,29.59,55.07,16.85,67.82,3,baixa,histórico dia_util (poucos dados)
PT0002000068855003AK,2026-07-09,18,dia_util,44.67,19.5,25.16,64.17,5.66,83.67,3,baixa,histórico dia_util (poucos dados)
PT0002000068855003AK,2026-07-09,19,dia_util,36.33,18.58,17.75,54.92,-0.83,73.5,3,baixa,histórico dia_util (poucos dados)
PT0002000068855003AK,2026-07-09,20,dia_util,16.33,4.93,11.4,21.27,6.47,26.2,3,baixa,histórico dia_util (poucos dados)
PT0002000068855003AK,2026-07-09,21,dia_util,10.67,3.21,7.45,13.88,4.24,17.1,3,baixa,histórico dia_util (poucos dados)
PT0002000068855003AK,2026-07-09,22,dia_util,8.67,2.89,5.78,11.55,2.89,14.44,3,baixa,histórico dia_util (poucos dados)
PT0002000068855003AK,2026-07-09,23,dia_util,8.33,2.31,6.02,10.64,3.71,12.95,3,baixa,histórico dia_util (poucos dados)
PT0002000068856267NC,2026-07-09,0,dia_util,51.67,6.66,45.01,58.32,38.35,64.98,3,baixa,histórico dia_util (poucos dados)
PT0002000068856267NC,2026-07-09,1,dia_util,39.33,11.68,27.66,51.01,15.98,62.69,3,baixa,histórico dia_util (poucos dados)
PT0002000068856267NC,2026-07-09,2,dia_util,27.0,2.7,24.3,29.7,21.6,32.4,3,baixa,histórico dia_util (poucos dados)
PT0002000068856267NC,2026-07-09,3,dia_util,27.0,2.7,24.3,29.7,21.6,32.4,3,baixa,histórico dia_util (poucos dados)
PT0002000068856267NC,2026-07-09,4,dia_util,26.67,2.67,24.0,29.33,21.33,32.0,3,baixa,histórico dia_util (poucos dados)
PT0002000068856267NC,2026-07-09,5,dia_util,25.67,2.57,23.1,28.23,20.53,30.8,3,baixa,histórico dia_util (poucos dados)
PT0002000068856267NC,2026-07-09,6,dia_util,24.67,2.47,22.2,27.13,19.73,29.6,3,baixa,histórico dia_util (poucos dados)
PT0002000068856267NC,2026-07-09,7,dia_util,34.0,3.4,30.6,37.4,27.2,40.8,3,baixa,histórico dia_util (poucos dados)
PT0002000068856267NC,2026-07-09,8,dia_util,54.67,5.47,49.2,60.13,43.73,65.6,3,baixa,histórico dia_util (poucos dados)
PT0002000068856267NC,2026-07-09,9,dia_util,60.67,6.07,54.6,66.73,48.53,72.8,3,baixa,histórico dia_util (poucos dados)
PT0002000068856267NC,2026-07-09,10,dia_util,58.0,5.8,52.2,63.8,46.4,69.6,3,baixa,histórico dia_util (poucos dados)
PT0002000068856267NC,2026-07-09,11,dia_util,60.0,6.0,54.0,66.0,48.0,72.0,3,baixa,histórico dia_util (poucos dados)
PT0002000068856267NC,2026-07-09,12,dia_util,54.0,5.4,48.6,59.4,43.2,64.8,3,baixa,histórico dia_util (poucos dados)
PT0002000068856267NC,2026-07-09,13,dia_util,57.33,5.73,51.6,63.07,45.87,68.8,3,baixa,histórico dia_util (poucos dados)
PT0002000068856267NC,2026-07-09,14,dia_util,63.0,6.3,56.7,69.3,50.4,75.6,3,baixa,histórico dia_util (poucos dados)
PT0002000068856267NC,2026-07-09,15,dia_util,55.67,5.57,50.1,61.23,44.53,66.8,3,baixa,histórico dia_util (poucos dados)
PT0002000068856267NC,2026-07-09,16,dia_util,39.33,10.69,28.64,50.03,17.95,60.72,3,baixa,histórico dia_util (poucos dados)
PT0002000068856267NC,2026-07-09,17,dia_util,33.0,9.54,23.46,42.54,13.92,52.08,3,baixa,histórico dia_util (poucos dados)
PT0002000068856267NC,2026-07-09,18,dia_util,34.67,9.24,25.43,43.9,16.19,53.14,3,baixa,histórico dia_util (poucos dados)
PT0002000068856267NC,2026-07-09,19,dia_util,35.33,9.81,25.52,45.15,15.7,54.96,3,baixa,histórico dia_util (poucos dados)
PT0002000068856267NC,2026-07-09,20,dia_util,44.67,4.47,40.2,49.13,35.73,53.6,3,baixa,histórico dia_util (poucos dados)
PT0002000068856267NC,2026-07-09,21,dia_util,50.67,7.23,43.43,57.9,36.2,65.14,3,baixa,histórico dia_util (poucos dados)
PT0002000068856267NC,2026-07-09,22,dia_util,56.0,5.6,50.4,61.6,44.8,67.2,3,baixa,histórico dia_util (poucos dados)
PT0002000068856267NC,2026-07-09,23,dia_util,60.0,6.0,54.0,66.0,48.0,72.0,3,baixa,histórico dia_util (poucos dados)
PT0002000068856655YV,2026-07-09,0,dia_util,3.67,1.15,2.51,4.82,1.36,5.98,3,baixa,histórico dia_util (poucos dados)
PT0002000068856655YV,2026-07-09,1,dia_util,2.0,0.3,1.7,2.3,1.4,2.6,3,baixa,histórico dia_util (poucos dados)
PT0002000068856655YV,2026-07-09,2,dia_util,2.33,0.58,1.76,2.91,1.18,3.49,3,baixa,histórico dia_util (poucos dados)
PT0002000068856655YV,2026-07-09,3,dia_util,2.33,0.58,1.76,2.91,1.18,3.49,3,baixa,histórico dia_util (poucos dados)
PT0002000068856655YV,2026-07-09,4,dia_util,2.0,0.3,1.7,2.3,1.4,2.6,3,baixa,histórico dia_util (poucos dados)
PT0002000068856655YV,2026-07-09,5,dia_util,2.67,0.58,2.09,3.24,1.51,3.82,3,baixa,histórico dia_util (poucos dados)
PT0002000068856655YV,2026-07-09,6,dia_util,2.33,0.58,1.76,2.91,1.18,3.49,3,baixa,histórico dia_util (poucos dados)
PT0002000068856655YV,2026-07-09,7,dia_util,2.67,1.15,1.51,3.82,0.36,4.98,3,baixa,histórico dia_util (poucos dados)
PT0002000068856655YV,2026-07-09,8,dia_util,6.0,1.0,5.0,7.0,4.0,8.0,3,baixa,histórico dia_util (poucos dados)
PT0002000068856655YV,2026-07-09,9,dia_util,9.67,1.53,8.14,11.19,6.61,12.72,3,baixa,histórico dia_util (poucos dados)
PT0002000068856655YV,2026-07-09,10,dia_util,10.67,1.53,9.14,12.19,7.61,13.72,3,baixa,histórico dia_util (poucos dados)
PT0002000068856655YV,2026-07-09,11,dia_util,10.67,1.15,9.51,11.82,8.36,12.98,3,baixa,histórico dia_util (poucos dados)
PT0002000068856655YV,2026-07-09,12,dia_util,9.67,1.15,8.51,10.82,7.36,11.98,3,baixa,histórico dia_util (poucos dados)
PT0002000068856655YV,2026-07-09,13,dia_util,9.0,0.9,8.1,9.9,7.2,10.8,3,baixa,histórico dia_util (poucos dados)
PT0002000068856655YV,2026-07-09,14,dia_util,9.33,1.53,7.81,10.86,6.28,12.39,3,baixa,histórico dia_util (poucos dados)
PT0002000068856655YV,2026-07-09,15,dia_util,10.0,2.65,7.35,12.65,4.71,15.29,3,baixa,histórico dia_util (poucos dados)
PT0002000068856655YV,2026-07-09,16,dia_util,10.33,2.31,8.02,12.64,5.71,14.95,3,baixa,histórico dia_util (poucos dados)
PT0002000068856655YV,2026-07-09,17,dia_util,9.33,1.53,7.81,10.86,6.28,12.39,3,baixa,histórico dia_util (poucos dados)
PT0002000068856655YV,2026-07-09,18,dia_util,5.33,0.58,4.76,5.91,4.18,6.49,3,baixa,histórico dia_util (poucos dados)
PT0002000068856655YV,2026-07-09,19,dia_util,4.67,0.58,4.09,5.24,3.51,5.82,3,baixa,histórico dia_util (poucos dados)
PT0002000068856655YV,2026-07-09,20,dia_util,3.33,1.15,2.18,4.49,1.02,5.64,3,baixa,histórico dia_util (poucos dados)
PT0002000068856655YV,2026-07-09,21,dia_util,3.67,0.58,3.09,4.24,2.51,4.82,3,baixa,histórico dia_util (poucos dados)
PT0002000068856655YV,2026-07-09,22,dia_util,5.67,4.73,0.94,10.39,-3.78,15.12,3,baixa,histórico dia_util (poucos dados)
PT0002000068856655YV,2026-07-09,23,dia_util,3.67,1.53,2.14,5.19,0.61,6.72,3,baixa,histórico dia_util (poucos dados)
PT0002000068856781NM,2026-07-09,0,dia_util,103.33,10.33,93.0,113.67,82.67,124.0,3,baixa,histórico dia_util (poucos dados)
PT0002000068856781NM,2026-07-09,1,dia_util,103.0,10.3,92.7,113.3,82.4,123.6,3,baixa,histórico dia_util (poucos dados)
PT0002000068856781NM,2026-07-09,2,dia_util,102.67,10.27,92.4,112.93,82.13,123.2,3,baixa,histórico dia_util (poucos dados)
PT0002000068856781NM,2026-07-09,3,dia_util,102.67,10.27,92.4,112.93,82.13,123.2,3,baixa,histórico dia_util (poucos dados)
PT0002000068856781NM,2026-07-09,4,dia_util,102.67,10.27,92.4,112.93,82.13,123.2,3,baixa,histórico dia_util (poucos dados)
PT0002000068856781NM,2026-07-09,5,dia_util,102.0,10.2,91.8,112.2,81.6,122.4,3,baixa,histórico dia_util (poucos dados)
PT0002000068856781NM,2026-07-09,6,dia_util,102.33,10.23,92.1,112.57,81.87,122.8,3,baixa,histórico dia_util (poucos dados)
PT0002000068856781NM,2026-07-09,7,dia_util,102.67,10.27,92.4,112.93,82.13,123.2,3,baixa,histórico dia_util (poucos dados)
PT0002000068856781NM,2026-07-09,8,dia_util,105.33,10.53,94.8,115.87,84.27,126.4,3,baixa,histórico dia_util (poucos dados)
PT0002000068856781NM,2026-07-09,9,dia_util,116.0,11.6,104.4,127.6,92.8,139.2,3,baixa,histórico dia_util (poucos dados)
PT0002000068856781NM,2026-07-09,10,dia_util,117.67,11.77,105.9,129.43,94.13,141.2,3,baixa,histórico dia_util (poucos dados)
PT0002000068856781NM,2026-07-09,11,dia_util,119.0,11.9,107.1,130.9,95.2,142.8,3,baixa,histórico dia_util (poucos dados)
PT0002000068856781NM,2026-07-09,12,dia_util,116.33,11.63,104.7,127.97,93.07,139.6,3,baixa,histórico dia_util (poucos dados)
PT0002000068856781NM,2026-07-09,13,dia_util,111.67,11.17,100.5,122.83,89.33,134.0,3,baixa,histórico dia_util (poucos dados)
PT0002000068856781NM,2026-07-09,14,dia_util,122.33,12.23,110.1,134.57,97.87,146.8,3,baixa,histórico dia_util (poucos dados)
PT0002000068856781NM,2026-07-09,15,dia_util,122.33,12.23,110.1,134.57,97.87,146.8,3,baixa,histórico dia_util (poucos dados)
PT0002000068856781NM,2026-07-09,16,dia_util,120.0,12.0,108.0,132.0,96.0,144.0,3,baixa,histórico dia_util (poucos dados)
PT0002000068856781NM,2026-07-09,17,dia_util,114.33,11.43,102.9,125.77,91.47,137.2,3,baixa,histórico dia_util (poucos dados)
PT0002000068856781NM,2026-07-09,18,dia_util,106.33,10.63,95.7,116.97,85.07,127.6,3,baixa,histórico dia_util (poucos dados)
PT0002000068856781NM,2026-07-09,19,dia_util,105.0,10.5,94.5,115.5,84.0,126.0,3,baixa,histórico dia_util (poucos dados)
PT0002000068856781NM,2026-07-09,20,dia_util,103.67,10.37,93.3,114.03,82.93,124.4,3,baixa,histórico dia_util (poucos dados)
PT0002000068856781NM,2026-07-09,21,dia_util,103.67,10.37,93.3,114.03,82.93,124.4,3,baixa,histórico dia_util (poucos dados)
PT0002000068856781NM,2026-07-09,22,dia_util,104.0,10.4,93.6,114.4,83.2,124.8,3,baixa,histórico dia_util (poucos dados)
PT0002000068856781NM,2026-07-09,23,dia_util,103.67,10.37,93.3,114.03,82.93,124.4,3,baixa,histórico dia_util (poucos dados)
PT0002000068856826ZG,2026-07-09,0,dia_util,186.0,59.27,126.73,245.27,67.46,304.54,3,baixa,histórico dia_util (poucos dados)
PT0002000068856826ZG,2026-07-09,1,dia_util,192.0,68.17,123.83,260.17,55.66,328.34,3,baixa,histórico dia_util (poucos dados)
PT0002000068856826ZG,2026-07-09,2,dia_util,174.67,50.66,124.01,225.33,73.35,275.98,3,baixa,histórico dia_util (poucos dados)
PT0002000068856826ZG,2026-07-09,3,dia_util,175.33,52.94,122.4,228.27,69.46,281.21,3,baixa,histórico dia_util (poucos dados)
PT0002000068856826ZG,2026-07-09,4,dia_util,182.0,62.55,119.45,244.55,56.89,307.11,3,baixa,histórico dia_util (poucos dados)
PT0002000068856826ZG,2026-07-09,5,dia_util,186.67,69.69,116.97,256.36,47.28,326.06,3,baixa,histórico dia_util (poucos dados)
PT0002000068856826ZG,2026-07-09,6,dia_util,172.67,54.08,118.59,226.74,64.51,280.82,3,baixa,histórico dia_util (poucos dados)
PT0002000068856826ZG,2026-07-09,7,dia_util,201.33,98.11,103.22,299.44,5.12,397.55,3,baixa,histórico dia_util (poucos dados)
PT0002000068856826ZG,2026-07-09,8,dia_util,290.33,67.65,222.68,357.98,155.04,425.63,3,baixa,histórico dia_util (poucos dados)
PT0002000068856826ZG,2026-07-09,9,dia_util,266.33,80.59,185.75,346.92,105.16,427.51,3,baixa,histórico dia_util (poucos dados)
PT0002000068856826ZG,2026-07-09,10,dia_util,238.67,74.78,163.88,313.45,89.1,388.23,3,baixa,histórico dia_util (poucos dados)
PT0002000068856826ZG,2026-07-09,11,dia_util,276.0,83.05,192.95,359.05,109.9,442.1,3,baixa,histórico dia_util (poucos dados)
PT0002000068856826ZG,2026-07-09,12,dia_util,359.0,111.86,247.14,470.86,135.28,582.72,3,baixa,histórico dia_util (poucos dados)
PT0002000068856826ZG,2026-07-09,13,dia_util,436.33,43.63,392.7,479.97,349.07,523.6,3,baixa,histórico dia_util (poucos dados)
PT0002000068856826ZG,2026-07-09,14,dia_util,300.33,101.57,198.76,401.9,97.19,503.47,3,baixa,histórico dia_util (poucos dados)
PT0002000068856826ZG,2026-07-09,15,dia_util,300.33,103.57,196.77,403.9,93.2,507.47,3,baixa,histórico dia_util (poucos dados)
PT0002000068856826ZG,2026-07-09,16,dia_util,296.0,95.54,200.46,391.54,104.93,487.07,3,baixa,histórico dia_util (poucos dados)
PT0002000068856826ZG,2026-07-09,17,dia_util,293.67,98.55,195.12,392.22,96.56,490.77,3,baixa,histórico dia_util (poucos dados)
PT0002000068856826ZG,2026-07-09,18,dia_util,287.0,101.53,185.47,388.53,83.93,490.07,3,baixa,histórico dia_util (poucos dados)
PT0002000068856826ZG,2026-07-09,19,dia_util,277.0,87.71,189.29,364.71,101.58,452.42,3,baixa,histórico dia_util (poucos dados)
PT0002000068856826ZG,2026-07-09,20,dia_util,287.0,93.5,193.5,380.5,99.99,474.01,3,baixa,histórico dia_util (poucos dados)
PT0002000068856826ZG,2026-07-09,21,dia_util,295.0,104.93,190.07,399.93,85.13,504.87,3,baixa,histórico dia_util (poucos dados)
PT0002000068856826ZG,2026-07-09,22,dia_util,265.0,84.5,180.5,349.5,95.99,434.01,3,baixa,histórico dia_util (poucos dados)
PT0002000068856826ZG,2026-07-09,23,dia_util,189.67,51.43,138.23,241.1,86.8,292.53,3,baixa,histórico dia_util (poucos dados)
PT0002000068856872QG,2026-07-09,0,dia_util,0.67,1.15,-0.49,1.82,-1.64,2.98,3,baixa,histórico dia_util (poucos dados)
PT0002000068856872QG,2026-07-09,1,dia_util,1.33,0.58,0.76,1.91,0.18,2.49,3,baixa,histórico dia_util (poucos dados)
PT0002000068856872QG,2026-07-09,2,dia_util,0.33,0.58,-0.24,0.91,-0.82,1.49,3,baixa,histórico dia_util (poucos dados)
PT0002000068856872QG,2026-07-09,3,dia_util,1.0,1.73,-0.73,2.73,-2.46,4.46,3,baixa,histórico dia_util (poucos dados)
PT0002000068856872QG,2026-07-09,4,dia_util,0.33,0.58,-0.24,0.91,-0.82,1.49,3,baixa,histórico dia_util (poucos dados)
PT0002000068856872QG,2026-07-09,5,dia_util,0.33,0.58,-0.24,0.91,-0.82,1.49,3,baixa,histórico dia_util (poucos dados)
PT0002000068856872QG,2026-07-09,6,dia_util,1.0,1.0,0.0,2.0,-1.0,3.0,3,baixa,histórico dia_util (poucos dados)
PT0002000068856872QG,2026-07-09,7,dia_util,0.33,0.58,-0.24,0.91,-0.82,1.49,3,baixa,histórico dia_util (poucos dados)
PT0002000068856872QG,2026-07-09,8,dia_util,1.0,1.73,-0.73,2.73,-2.46,4.46,3,baixa,histórico dia_util (poucos dados)
PT0002000068856872QG,2026-07-09,9,dia_util,0.0,0.3,-0.3,0.3,-0.6,0.6,3,baixa,histórico dia_util (poucos dados)
PT0002000068856872QG,2026-07-09,10,dia_util,2.33,1.15,1.18,3.49,0.02,4.64,3,baixa,histórico dia_util (poucos dados)
PT0002000068856872QG,2026-07-09,11,dia_util,2.0,3.46,-1.46,5.46,-4.93,8.93,3,baixa,histórico dia_util (poucos dados)
PT0002000068856872QG,2026-07-09,12,dia_util,1.33,1.53,-0.19,2.86,-1.72,4.39,3,baixa,histórico dia_util (poucos dados)
PT0002000068856872QG,2026-07-09,13,dia_util,1.0,1.0,0.0,2.0,-1.0,3.0,3,baixa,histórico dia_util (poucos dados)
PT0002000068856872QG,2026-07-09,14,dia_util,0.33,0.58,-0.24,0.91,-0.82,1.49,3,baixa,histórico dia_util (poucos dados)
PT0002000068856872QG,2026-07-09,15,dia_util,1.0,1.0,0.0,2.0,-1.0,3.0,3,baixa,histórico dia_util (poucos dados)
PT0002000068856872QG,2026-07-09,16,dia_util,0.67,1.15,-0.49,1.82,-1.64,2.98,3,baixa,histórico dia_util (poucos dados)
PT0002000068856872QG,2026-07-09,17,dia_util,0.67,0.58,0.09,1.24,-0.49,1.82,3,baixa,histórico dia_util (poucos dados)
PT0002000068856872QG,2026-07-09,18,dia_util,0.0,0.3,-0.3,0.3,-0.6,0.6,3,baixa,histórico dia_util (poucos dados)
PT0002000068856872QG,2026-07-09,19,dia_util,1.33,1.53,-0.19,2.86,-1.72,4.39,3,baixa,histórico dia_util (poucos dados)
PT0002000068856872QG,2026-07-09,20,dia_util,0.0,0.3,-0.3,0.3,-0.6,0.6,3,baixa,histórico dia_util (poucos dados)
PT0002000068856872QG,2026-07-09,21,dia_util,1.33,1.53,-0.19,2.86,-1.72,4.39,3,baixa,histórico dia_util (poucos dados)
PT0002000068856872QG,2026-07-09,22,dia_util,0.0,0.3,-0.3,0.3,-0.6,0.6,3,baixa,histórico dia_util (poucos dados)
PT0002000068856872QG,2026-07-09,23,dia_util,1.33,1.53,-0.19,2.86,-1.72,4.39,3,baixa,histórico dia_util (poucos dados)
PT0002000068856906VS,2026-07-09,0,dia_util,30.0,3.61,26.39,33.61,22.79,37.21,3,baixa,histórico dia_util (poucos dados)
PT0002000068856906VS,2026-07-09,1,dia_util,32.33,7.51,24.83,39.84,17.32,47.34,3,baixa,histórico dia_util (poucos dados)
PT0002000068856906VS,2026-07-09,2,dia_util,31.33,5.03,26.3,36.37,21.27,41.4,3,baixa,histórico dia_util (poucos dados)
PT0002000068856906VS,2026-07-09,3,dia_util,32.67,6.66,26.01,39.32,19.35,45.98,3,baixa,histórico dia_util (poucos dados)
PT0002000068856906VS,2026-07-09,4,dia_util,32.0,6.0,26.0,38.0,20.0,44.0,3,baixa,histórico dia_util (poucos dados)
PT0002000068856906VS,2026-07-09,5,dia_util,30.33,5.13,25.2,35.46,20.07,40.6,3,baixa,histórico dia_util (poucos dados)
PT0002000068856906VS,2026-07-09,6,dia_util,25.67,4.51,21.16,30.18,16.65,34.69,3,baixa,histórico dia_util (poucos dados)
PT0002000068856906VS,2026-07-09,7,dia_util,25.33,6.51,18.83,31.84,12.32,38.35,3,baixa,histórico dia_util (poucos dados)
PT0002000068856906VS,2026-07-09,8,dia_util,24.67,4.51,20.16,29.18,15.65,33.69,3,baixa,histórico dia_util (poucos dados)
PT0002000068856906VS,2026-07-09,9,dia_util,32.33,12.58,19.75,44.92,7.17,57.5,3,baixa,histórico dia_util (poucos dados)
PT0002000068856906VS,2026-07-09,10,dia_util,28.33,10.41,17.93,38.74,7.52,49.15,3,baixa,histórico dia_util (poucos dados)
PT0002000068856906VS,2026-07-09,11,dia_util,32.33,4.16,28.17,36.5,24.01,40.66,3,baixa,histórico dia_util (poucos dados)
PT0002000068856906VS,2026-07-09,12,dia_util,29.33,10.12,19.22,39.45,9.1,49.57,3,baixa,histórico dia_util (poucos dados)
PT0002000068856906VS,2026-07-09,13,dia_util,24.67,6.11,18.56,30.78,12.45,36.89,3,baixa,histórico dia_util (poucos dados)
PT0002000068856906VS,2026-07-09,14,dia_util,32.33,9.81,22.52,42.15,12.7,51.96,3,baixa,histórico dia_util (poucos dados)
PT0002000068856906VS,2026-07-09,15,dia_util,30.0,9.54,20.46,39.54,10.92,49.08,3,baixa,histórico dia_util (poucos dados)
PT0002000068856906VS,2026-07-09,16,dia_util,27.67,11.59,16.08,39.26,4.49,50.85,3,baixa,histórico dia_util (poucos dados)
PT0002000068856906VS,2026-07-09,17,dia_util,31.33,12.7,18.63,44.04,5.93,56.74,3,baixa,histórico dia_util (poucos dados)
PT0002000068856906VS,2026-07-09,18,dia_util,31.67,13.32,18.35,44.98,5.03,58.3,3,baixa,histórico dia_util (poucos dados)
PT0002000068856906VS,2026-07-09,19,dia_util,31.0,8.89,22.11,39.89,13.22,48.78,3,baixa,histórico dia_util (poucos dados)
PT0002000068856906VS,2026-07-09,20,dia_util,32.67,9.81,22.85,42.48,13.04,52.3,3,baixa,histórico dia_util (poucos dados)
PT0002000068856906VS,2026-07-09,21,dia_util,33.67,11.55,22.12,45.21,10.57,56.76,3,baixa,histórico dia_util (poucos dados)
PT0002000068856906VS,2026-07-09,22,dia_util,30.67,9.81,20.85,40.48,11.04,50.3,3,baixa,histórico dia_util (poucos dados)
PT0002000068856906VS,2026-07-09,23,dia_util,31.67,5.03,26.63,36.7,21.6,41.73,3,baixa,histórico dia_util (poucos dados)
PT0002000068856952LS,2026-07-09,0,dia_util,0.33,0.58,-0.24,0.91,-0.82,1.49,3,baixa,histórico dia_util (poucos dados)
PT0002000068856952LS,2026-07-09,1,dia_util,0.0,0.3,-0.3,0.3,-0.6,0.6,3,baixa,histórico dia_util (poucos dados)
PT0002000068856952LS,2026-07-09,2,dia_util,0.0,0.3,-0.3,0.3,-0.6,0.6,3,baixa,histórico dia_util (poucos dados)
PT0002000068856952LS,2026-07-09,3,dia_util,0.0,0.3,-0.3,0.3,-0.6,0.6,3,baixa,histórico dia_util (poucos dados)
PT0002000068856952LS,2026-07-09,4,dia_util,0.0,0.3,-0.3,0.3,-0.6,0.6,3,baixa,histórico dia_util (poucos dados)
PT0002000068856952LS,2026-07-09,5,dia_util,0.67,1.15,-0.49,1.82,-1.64,2.98,3,baixa,histórico dia_util (poucos dados)
PT0002000068856952LS,2026-07-09,6,dia_util,0.33,0.58,-0.24,0.91,-0.82,1.49,3,baixa,histórico dia_util (poucos dados)
PT0002000068856952LS,2026-07-09,7,dia_util,0.0,0.3,-0.3,0.3,-0.6,0.6,3,baixa,histórico dia_util (poucos dados)
PT0002000068856952LS,2026-07-09,8,dia_util,0.33,0.58,-0.24,0.91,-0.82,1.49,3,baixa,histórico dia_util (poucos dados)
PT0002000068856952LS,2026-07-09,9,dia_util,0.33,0.58,-0.24,0.91,-0.82,1.49,3,baixa,histórico dia_util (poucos dados)
PT0002000068856952LS,2026-07-09,10,dia_util,0.0,0.3,-0.3,0.3,-0.6,0.6,3,baixa,histórico dia_util (poucos dados)
PT0002000068856952LS,2026-07-09,11,dia_util,0.0,0.3,-0.3,0.3,-0.6,0.6,3,baixa,histórico dia_util (poucos dados)
PT0002000068856952LS,2026-07-09,12,dia_util,0.33,0.58,-0.24,0.91,-0.82,1.49,3,baixa,histórico dia_util (poucos dados)
PT0002000068856952LS,2026-07-09,13,dia_util,1.33,2.31,-0.98,3.64,-3.29,5.95,3,baixa,histórico dia_util (poucos dados)
PT0002000068856952LS,2026-07-09,14,dia_util,1.33,2.31,-0.98,3.64,-3.29,5.95,3,baixa,histórico dia_util (poucos dados)
PT0002000068856952LS,2026-07-09,15,dia_util,0.67,1.15,-0.49,1.82,-1.64,2.98,3,baixa,histórico dia_util (poucos dados)
PT0002000068856952LS,2026-07-09,16,dia_util,1.0,1.0,0.0,2.0,-1.0,3.0,3,baixa,histórico dia_util (poucos dados)
PT0002000068856952LS,2026-07-09,17,dia_util,1.67,2.08,-0.41,3.75,-2.5,5.83,3,baixa,histórico dia_util (poucos dados)
PT0002000068856952LS,2026-07-09,18,dia_util,1.33,2.31,-0.98,3.64,-3.29,5.95,3,baixa,histórico dia_util (poucos dados)
PT0002000068856952LS,2026-07-09,19,dia_util,1.67,2.08,-0.41,3.75,-2.5,5.83,3,baixa,histórico dia_util (poucos dados)
PT0002000068856952LS,2026-07-09,20,dia_util,1.33,2.31,-0.98,3.64,-3.29,5.95,3,baixa,histórico dia_util (poucos dados)
PT0002000068856952LS,2026-07-09,21,dia_util,2.0,1.73,0.27,3.73,-1.46,5.46,3,baixa,histórico dia_util (poucos dados)
PT0002000068856952LS,2026-07-09,22,dia_util,1.33,1.53,-0.19,2.86,-1.72,4.39,3,baixa,histórico dia_util (poucos dados)
PT0002000068856952LS,2026-07-09,23,dia_util,2.67,2.31,0.36,4.98,-1.95,7.29,3,baixa,histórico dia_util (poucos dados)
PT0002000068856974CZ,2026-07-09,0,dia_util,12.33,1.53,10.81,13.86,9.28,15.39,3,baixa,histórico dia_util (poucos dados)
PT0002000068856974CZ,2026-07-09,1,dia_util,13.33,1.33,12.0,14.67,10.67,16.0,3,baixa,histórico dia_util (poucos dados)
PT0002000068856974CZ,2026-07-09,2,dia_util,13.0,1.3,11.7,14.3,10.4,15.6,3,baixa,histórico dia_util (poucos dados)
PT0002000068856974CZ,2026-07-09,3,dia_util,12.33,1.23,11.1,13.57,9.87,14.8,3,baixa,histórico dia_util (poucos dados)
PT0002000068856974CZ,2026-07-09,4,dia_util,11.67,1.17,10.5,12.83,9.33,14.0,3,baixa,histórico dia_util (poucos dados)
PT0002000068856974CZ,2026-07-09,5,dia_util,13.33,1.33,12.0,14.67,10.67,16.0,3,baixa,histórico dia_util (poucos dados)
PT0002000068856974CZ,2026-07-09,6,dia_util,12.0,1.2,10.8,13.2,9.6,14.4,3,baixa,histórico dia_util (poucos dados)
PT0002000068856974CZ,2026-07-09,7,dia_util,17.0,1.73,15.27,18.73,13.54,20.46,3,baixa,histórico dia_util (poucos dados)
PT0002000068856974CZ,2026-07-09,8,dia_util,43.0,5.0,38.0,48.0,33.0,53.0,3,baixa,histórico dia_util (poucos dados)
PT0002000068856974CZ,2026-07-09,9,dia_util,52.0,15.62,36.38,67.62,20.76,83.24,3,baixa,histórico dia_util (poucos dados)
PT0002000068856974CZ,2026-07-09,10,dia_util,53.0,14.0,39.0,67.0,25.0,81.0,3,baixa,histórico dia_util (poucos dados)
PT0002000068856974CZ,2026-07-09,11,dia_util,46.0,15.62,30.38,61.62,14.76,77.24,3,baixa,histórico dia_util (poucos dados)
PT0002000068856974CZ,2026-07-09,12,dia_util,51.33,14.47,36.86,65.8,22.4,80.27,3,baixa,histórico dia_util (poucos dados)
PT0002000068856974CZ,2026-07-09,13,dia_util,59.0,18.36,40.64,77.36,22.28,95.72,3,baixa,histórico dia_util (poucos dados)
PT0002000068856974CZ,2026-07-09,14,dia_util,59.33,22.37,36.97,81.7,14.6,104.07,3,baixa,histórico dia_util (poucos dados)
PT0002000068856974CZ,2026-07-09,15,dia_util,57.33,24.44,32.89,81.77,8.45,106.21,3,baixa,histórico dia_util (poucos dados)
PT0002000068856974CZ,2026-07-09,16,dia_util,49.33,18.15,31.19,67.48,13.04,85.63,3,baixa,histórico dia_util (poucos dados)
PT0002000068856974CZ,2026-07-09,17,dia_util,43.33,18.77,24.56,62.1,5.79,80.87,3,baixa,histórico dia_util (poucos dados)
PT0002000068856974CZ,2026-07-09,18,dia_util,35.0,18.19,16.81,53.19,-1.39,71.39,3,baixa,histórico dia_util (poucos dados)
PT0002000068856974CZ,2026-07-09,19,dia_util,27.0,6.56,20.44,33.56,13.89,40.11,3,baixa,histórico dia_util (poucos dados)
PT0002000068856974CZ,2026-07-09,20,dia_util,16.33,2.52,13.82,18.85,11.3,21.37,3,baixa,histórico dia_util (poucos dados)
PT0002000068856974CZ,2026-07-09,21,dia_util,11.67,2.52,9.15,14.18,6.63,16.7,3,baixa,histórico dia_util (poucos dados)
PT0002000068856974CZ,2026-07-09,22,dia_util,12.33,2.08,10.25,14.41,8.17,16.5,3,baixa,histórico dia_util (poucos dados)
PT0002000068856974CZ,2026-07-09,23,dia_util,11.67,1.53,10.14,13.19,8.61,14.72,3,baixa,histórico dia_util (poucos dados)
PT0002000068857099AR,2026-07-09,0,dia_util,7.33,2.52,4.82,9.85,2.3,12.37,3,baixa,histórico dia_util (poucos dados)
PT0002000068857099AR,2026-07-09,1,dia_util,7.67,2.31,5.36,9.98,3.05,12.29,3,baixa,histórico dia_util (poucos dados)
PT0002000068857099AR,2026-07-09,2,dia_util,5.67,1.53,4.14,7.19,2.61,8.72,3,baixa,histórico dia_util (poucos dados)
PT0002000068857099AR,2026-07-09,3,dia_util,7.67,2.52,5.15,10.18,2.63,12.7,3,baixa,histórico dia_util (poucos dados)
PT0002000068857099AR,2026-07-09,4,dia_util,7.33,2.89,4.45,10.22,1.56,13.11,3,baixa,histórico dia_util (poucos dados)
PT0002000068857099AR,2026-07-09,5,dia_util,5.67,1.15,4.51,6.82,3.36,7.98,3,baixa,histórico dia_util (poucos dados)
PT0002000068857099AR,2026-07-09,6,dia_util,7.33,3.06,4.28,10.39,1.22,13.44,3,baixa,histórico dia_util (poucos dados)
PT0002000068857099AR,2026-07-09,7,dia_util,6.33,2.08,4.25,8.41,2.17,10.5,3,baixa,histórico dia_util (poucos dados)
PT0002000068857099AR,2026-07-09,8,dia_util,6.67,2.52,4.15,9.18,1.63,11.7,3,baixa,histórico dia_util (poucos dados)
PT0002000068857099AR,2026-07-09,9,dia_util,5.33,1.15,4.18,6.49,3.02,7.64,3,baixa,histórico dia_util (poucos dados)
PT0002000068857099AR,2026-07-09,10,dia_util,8.67,4.73,3.94,13.39,-0.78,18.12,3,baixa,histórico dia_util (poucos dados)
PT0002000068857099AR,2026-07-09,11,dia_util,8.33,4.51,3.82,12.84,-0.69,17.35,3,baixa,histórico dia_util (poucos dados)
PT0002000068857099AR,2026-07-09,12,dia_util,7.67,3.51,4.15,11.18,0.64,14.69,3,baixa,histórico dia_util (poucos dados)
PT0002000068857099AR,2026-07-09,13,dia_util,7.0,2.0,5.0,9.0,3.0,11.0,3,baixa,histórico dia_util (poucos dados)
PT0002000068857099AR,2026-07-09,14,dia_util,6.0,2.0,4.0,8.0,2.0,10.0,3,baixa,histórico dia_util (poucos dados)
PT0002000068857099AR,2026-07-09,15,dia_util,7.67,2.31,5.36,9.98,3.05,12.29,3,baixa,histórico dia_util (poucos dados)
PT0002000068857099AR,2026-07-09,16,dia_util,6.67,2.52,4.15,9.18,1.63,11.7,3,baixa,histórico dia_util (poucos dados)
PT0002000068857099AR,2026-07-09,17,dia_util,6.33,2.31,4.02,8.64,1.71,10.95,3,baixa,histórico dia_util (poucos dados)
PT0002000068857099AR,2026-07-09,18,dia_util,12.0,3.61,8.39,15.61,4.79,19.21,3,baixa,histórico dia_util (poucos dados)
PT0002000068857099AR,2026-07-09,19,dia_util,12.67,4.93,7.73,17.6,2.8,22.53,3,baixa,histórico dia_util (poucos dados)
PT0002000068857099AR,2026-07-09,20,dia_util,12.67,3.51,9.15,16.18,5.64,19.69,3,baixa,histórico dia_util (poucos dados)
PT0002000068857099AR,2026-07-09,21,dia_util,18.0,16.64,1.36,34.64,-15.29,51.29,3,baixa,histórico dia_util (poucos dados)
PT0002000068857099AR,2026-07-09,22,dia_util,7.67,2.52,5.15,10.18,2.63,12.7,3,baixa,histórico dia_util (poucos dados)
PT0002000068857099AR,2026-07-09,23,dia_util,6.0,1.73,4.27,7.73,2.54,9.46,3,baixa,histórico dia_util (poucos dados)
PT0002000068857897ZV,2026-07-09,0,dia_util,26.0,2.6,23.4,28.6,20.8,31.2,3,baixa,histórico dia_util (poucos dados)
PT0002000068857897ZV,2026-07-09,1,dia_util,27.33,2.73,24.6,30.07,21.87,32.8,3,baixa,histórico dia_util (poucos dados)
PT0002000068857897ZV,2026-07-09,2,dia_util,26.67,2.67,24.0,29.33,21.33,32.0,3,baixa,histórico dia_util (poucos dados)
PT0002000068857897ZV,2026-07-09,3,dia_util,25.33,2.53,22.8,27.87,20.27,30.4,3,baixa,histórico dia_util (poucos dados)
PT0002000068857897ZV,2026-07-09,4,dia_util,26.33,2.63,23.7,28.97,21.07,31.6,3,baixa,histórico dia_util (poucos dados)
PT0002000068857897ZV,2026-07-09,5,dia_util,26.33,2.63,23.7,28.97,21.07,31.6,3,baixa,histórico dia_util (poucos dados)
PT0002000068857897ZV,2026-07-09,6,dia_util,27.0,2.7,24.3,29.7,21.6,32.4,3,baixa,histórico dia_util (poucos dados)
PT0002000068857897ZV,2026-07-09,7,dia_util,28.67,2.87,25.8,31.53,22.93,34.4,3,baixa,histórico dia_util (poucos dados)
PT0002000068857897ZV,2026-07-09,8,dia_util,38.0,3.8,34.2,41.8,30.4,45.6,3,baixa,histórico dia_util (poucos dados)
PT0002000068857897ZV,2026-07-09,9,dia_util,59.33,8.39,50.95,67.72,42.56,76.11,3,baixa,histórico dia_util (poucos dados)
PT0002000068857897ZV,2026-07-09,10,dia_util,60.0,6.24,53.76,66.24,47.51,72.49,3,baixa,histórico dia_util (poucos dados)
PT0002000068857897ZV,2026-07-09,11,dia_util,57.0,5.7,51.3,62.7,45.6,68.4,3,baixa,histórico dia_util (poucos dados)
PT0002000068857897ZV,2026-07-09,12,dia_util,56.33,6.51,49.83,62.84,43.32,69.35,3,baixa,histórico dia_util (poucos dados)
PT0002000068857897ZV,2026-07-09,13,dia_util,52.67,5.27,47.4,57.93,42.13,63.2,3,baixa,histórico dia_util (poucos dados)
PT0002000068857897ZV,2026-07-09,14,dia_util,55.33,5.53,49.8,60.87,44.27,66.4,3,baixa,histórico dia_util (poucos dados)
PT0002000068857897ZV,2026-07-09,15,dia_util,52.33,8.39,43.95,60.72,35.56,69.11,3,baixa,histórico dia_util (poucos dados)
PT0002000068857897ZV,2026-07-09,16,dia_util,54.33,8.74,45.6,63.07,36.86,71.81,3,baixa,histórico dia_util (poucos dados)
PT0002000068857897ZV,2026-07-09,17,dia_util,34.67,3.47,31.2,38.13,27.73,41.6,3,baixa,histórico dia_util (poucos dados)
PT0002000068857897ZV,2026-07-09,18,dia_util,29.0,2.9,26.1,31.9,23.2,34.8,3,baixa,histórico dia_util (poucos dados)
PT0002000068857897ZV,2026-07-09,19,dia_util,27.33,2.73,24.6,30.07,21.87,32.8,3,baixa,histórico dia_util (poucos dados)
PT0002000068857897ZV,2026-07-09,20,dia_util,28.67,2.87,25.8,31.53,22.93,34.4,3,baixa,histórico dia_util (poucos dados)
PT0002000068857897ZV,2026-07-09,21,dia_util,26.67,2.67,24.0,29.33,21.33,32.0,3,baixa,histórico dia_util (poucos dados)
PT0002000068857897ZV,2026-07-09,22,dia_util,26.33,2.63,23.7,28.97,21.07,31.6,3,baixa,histórico dia_util (poucos dados)
PT0002000068857897ZV,2026-07-09,23,dia_util,27.0,2.7,24.3,29.7,21.6,32.4,3,baixa,histórico dia_util (poucos dados)
PT0002000068857909SY,2026-07-09,0,dia_util,2.33,0.58,1.76,2.91,1.18,3.49,3,baixa,histórico dia_util (poucos dados)
PT0002000068857909SY,2026-07-09,1,dia_util,1.33,0.58,0.76,1.91,0.18,2.49,3,baixa,histórico dia_util (poucos dados)
PT0002000068857909SY,2026-07-09,2,dia_util,1.67,0.58,1.09,2.24,0.51,2.82,3,baixa,histórico dia_util (poucos dados)
PT0002000068857909SY,2026-07-09,3,dia_util,1.33,0.58,0.76,1.91,0.18,2.49,3,baixa,histórico dia_util (poucos dados)
PT0002000068857909SY,2026-07-09,4,dia_util,1.33,0.58,0.76,1.91,0.18,2.49,3,baixa,histórico dia_util (poucos dados)
PT0002000068857909SY,2026-07-09,5,dia_util,1.33,0.58,0.76,1.91,0.18,2.49,3,baixa,histórico dia_util (poucos dados)
PT0002000068857909SY,2026-07-09,6,dia_util,1.33,0.58,0.76,1.91,0.18,2.49,3,baixa,histórico dia_util (poucos dados)
PT0002000068857909SY,2026-07-09,7,dia_util,1.67,0.58,1.09,2.24,0.51,2.82,3,baixa,histórico dia_util (poucos dados)
PT0002000068857909SY,2026-07-09,8,dia_util,3.33,0.58,2.76,3.91,2.18,4.49,3,baixa,histórico dia_util (poucos dados)
PT0002000068857909SY,2026-07-09,9,dia_util,7.33,0.73,6.6,8.07,5.87,8.8,3,baixa,histórico dia_util (poucos dados)
PT0002000068857909SY,2026-07-09,10,dia_util,7.0,1.0,6.0,8.0,5.0,9.0,3,baixa,histórico dia_util (poucos dados)
PT0002000068857909SY,2026-07-09,11,dia_util,8.0,1.0,7.0,9.0,6.0,10.0,3,baixa,histórico dia_util (poucos dados)
PT0002000068857909SY,2026-07-09,12,dia_util,7.67,0.77,6.9,8.43,6.13,9.2,3,baixa,histórico dia_util (poucos dados)
PT0002000068857909SY,2026-07-09,13,dia_util,6.67,0.67,6.0,7.33,5.33,8.0,3,baixa,histórico dia_util (poucos dados)
PT0002000068857909SY,2026-07-09,14,dia_util,7.33,0.73,6.6,8.07,5.87,8.8,3,baixa,histórico dia_util (poucos dados)
PT0002000068857909SY,2026-07-09,15,dia_util,7.33,0.73,6.6,8.07,5.87,8.8,3,baixa,histórico dia_util (poucos dados)
PT0002000068857909SY,2026-07-09,16,dia_util,6.33,0.63,5.7,6.97,5.07,7.6,3,baixa,histórico dia_util (poucos dados)
PT0002000068857909SY,2026-07-09,17,dia_util,5.67,2.31,3.36,7.98,1.05,10.29,3,baixa,histórico dia_util (poucos dados)
PT0002000068857909SY,2026-07-09,18,dia_util,5.33,2.89,2.45,8.22,-0.44,11.11,3,baixa,histórico dia_util (poucos dados)
PT0002000068857909SY,2026-07-09,19,dia_util,11.67,8.96,2.7,20.63,-6.26,29.59,3,baixa,histórico dia_util (poucos dados)
PT0002000068857909SY,2026-07-09,20,dia_util,15.67,15.89,-0.22,31.55,-16.1,47.44,3,baixa,histórico dia_util (poucos dados)
PT0002000068857909SY,2026-07-09,21,dia_util,25.0,14.8,10.2,39.8,-4.6,54.6,3,baixa,histórico dia_util (poucos dados)
PT0002000068857909SY,2026-07-09,22,dia_util,33.67,4.16,29.5,37.83,25.34,41.99,3,baixa,histórico dia_util (poucos dados)
PT0002000068857909SY,2026-07-09,23,dia_util,21.67,18.15,3.52,39.81,-14.63,57.96,3,baixa,histórico dia_util (poucos dados)
PT0002000068858231YY,2026-07-09,0,dia_util,43.33,4.33,39.0,47.67,34.67,52.0,3,baixa,histórico dia_util (poucos dados)
PT0002000068858231YY,2026-07-09,1,dia_util,38.33,3.83,34.5,42.17,30.67,46.0,3,baixa,histórico dia_util (poucos dados)
PT0002000068858231YY,2026-07-09,2,dia_util,34.33,3.43,30.9,37.77,27.47,41.2,3,baixa,histórico dia_util (poucos dados)
PT0002000068858231YY,2026-07-09,3,dia_util,33.33,3.33,30.0,36.67,26.67,40.0,3,baixa,histórico dia_util (poucos dados)
PT0002000068858231YY,2026-07-09,4,dia_util,31.67,3.17,28.5,34.83,25.33,38.0,3,baixa,histórico dia_util (poucos dados)
PT0002000068858231YY,2026-07-09,5,dia_util,29.0,3.61,25.39,32.61,21.79,36.21,3,baixa,histórico dia_util (poucos dados)
PT0002000068858231YY,2026-07-09,6,dia_util,26.0,3.61,22.39,29.61,18.79,33.21,3,baixa,histórico dia_util (poucos dados)
PT0002000068858231YY,2026-07-09,7,dia_util,45.0,7.55,37.45,52.55,29.9,60.1,3,baixa,histórico dia_util (poucos dados)
PT0002000068858231YY,2026-07-09,8,dia_util,109.33,46.36,62.97,155.69,16.61,202.06,3,baixa,histórico dia_util (poucos dados)
PT0002000068858231YY,2026-07-09,9,dia_util,127.0,46.51,80.49,173.51,33.98,220.02,3,baixa,histórico dia_util (poucos dados)
PT0002000068858231YY,2026-07-09,10,dia_util,126.0,48.82,77.18,174.82,28.37,223.63,3,baixa,histórico dia_util (poucos dados)
PT0002000068858231YY,2026-07-09,11,dia_util,132.33,54.45,77.88,186.79,23.42,241.24,3,baixa,histórico dia_util (poucos dados)
PT0002000068858231YY,2026-07-09,12,dia_util,128.0,52.43,75.57,180.43,23.14,232.86,3,baixa,histórico dia_util (poucos dados)
PT0002000068858231YY,2026-07-09,13,dia_util,108.67,42.72,65.94,151.39,23.22,194.11,3,baixa,histórico dia_util (poucos dados)
PT0002000068858231YY,2026-07-09,14,dia_util,94.0,29.82,64.18,123.82,34.37,153.63,3,baixa,histórico dia_util (poucos dados)
PT0002000068858231YY,2026-07-09,15,dia_util,88.33,24.01,64.33,112.34,40.32,136.35,3,baixa,histórico dia_util (poucos dados)
PT0002000068858231YY,2026-07-09,16,dia_util,76.67,24.01,52.66,100.67,28.65,124.68,3,baixa,histórico dia_util (poucos dados)
PT0002000068858231YY,2026-07-09,17,dia_util,57.0,18.03,38.97,75.03,20.94,93.06,3,baixa,histórico dia_util (poucos dados)
PT0002000068858231YY,2026-07-09,18,dia_util,30.0,4.36,25.64,34.36,21.28,38.72,3,baixa,histórico dia_util (poucos dados)
PT0002000068858231YY,2026-07-09,19,dia_util,24.33,2.43,21.9,26.77,19.47,29.2,3,baixa,histórico dia_util (poucos dados)
PT0002000068858231YY,2026-07-09,20,dia_util,23.67,2.37,21.3,26.03,18.93,28.4,3,baixa,histórico dia_util (poucos dados)
PT0002000068858231YY,2026-07-09,21,dia_util,25.67,2.89,22.78,28.55,19.89,31.44,3,baixa,histórico dia_util (poucos dados)
PT0002000068858231YY,2026-07-09,22,dia_util,26.67,2.67,24.0,29.33,21.33,32.0,3,baixa,histórico dia_util (poucos dados)
PT0002000068858231YY,2026-07-09,23,dia_util,29.33,7.57,21.76,36.91,14.19,44.48,3,baixa,histórico dia_util (poucos dados)
PT0002000068858674WN,2026-07-09,0,dia_util,13.33,2.31,11.02,15.64,8.71,17.95,3,baixa,histórico dia_util (poucos dados)
PT0002000068858674WN,2026-07-09,1,dia_util,10.67,2.31,8.36,12.98,6.05,15.29,3,baixa,histórico dia_util (poucos dados)
PT0002000068858674WN,2026-07-09,2,dia_util,9.33,2.31,7.02,11.64,4.71,13.95,3,baixa,histórico dia_util (poucos dados)
PT0002000068858674WN,2026-07-09,3,dia_util,12.0,1.2,10.8,13.2,9.6,14.4,3,baixa,histórico dia_util (poucos dados)
PT0002000068858674WN,2026-07-09,4,dia_util,12.0,1.2,10.8,13.2,9.6,14.4,3,baixa,histórico dia_util (poucos dados)
PT0002000068858674WN,2026-07-09,5,dia_util,10.67,2.31,8.36,12.98,6.05,15.29,3,baixa,histórico dia_util (poucos dados)
PT0002000068858674WN,2026-07-09,6,dia_util,9.33,2.31,7.02,11.64,4.71,13.95,3,baixa,histórico dia_util (poucos dados)
PT0002000068858674WN,2026-07-09,7,dia_util,12.0,1.2,10.8,13.2,9.6,14.4,3,baixa,histórico dia_util (poucos dados)
PT0002000068858674WN,2026-07-09,8,dia_util,14.67,2.31,12.36,16.98,10.05,19.29,3,baixa,histórico dia_util (poucos dados)
PT0002000068858674WN,2026-07-09,9,dia_util,12.0,1.2,10.8,13.2,9.6,14.4,3,baixa,histórico dia_util (poucos dados)
PT0002000068858674WN,2026-07-09,10,dia_util,14.67,2.31,12.36,16.98,10.05,19.29,3,baixa,histórico dia_util (poucos dados)
PT0002000068858674WN,2026-07-09,11,dia_util,16.0,1.6,14.4,17.6,12.8,19.2,3,baixa,histórico dia_util (poucos dados)
PT0002000068858674WN,2026-07-09,12,dia_util,13.33,2.31,11.02,15.64,8.71,17.95,3,baixa,histórico dia_util (poucos dados)
PT0002000068858674WN,2026-07-09,13,dia_util,13.33,2.31,11.02,15.64,8.71,17.95,3,baixa,histórico dia_util (poucos dados)
PT0002000068858674WN,2026-07-09,14,dia_util,12.0,1.2,10.8,13.2,9.6,14.4,3,baixa,histórico dia_util (poucos dados)
PT0002000068858674WN,2026-07-09,15,dia_util,14.67,2.31,12.36,16.98,10.05,19.29,3,baixa,histórico dia_util (poucos dados)
PT0002000068858674WN,2026-07-09,16,dia_util,10.67,2.31,8.36,12.98,6.05,15.29,3,baixa,histórico dia_util (poucos dados)
PT0002000068858674WN,2026-07-09,17,dia_util,13.33,2.31,11.02,15.64,8.71,17.95,3,baixa,histórico dia_util (poucos dados)
PT0002000068858674WN,2026-07-09,18,dia_util,16.0,4.0,12.0,20.0,8.0,24.0,3,baixa,histórico dia_util (poucos dados)
PT0002000068858674WN,2026-07-09,19,dia_util,10.67,2.31,8.36,12.98,6.05,15.29,3,baixa,histórico dia_util (poucos dados)
PT0002000068858674WN,2026-07-09,20,dia_util,12.0,1.2,10.8,13.2,9.6,14.4,3,baixa,histórico dia_util (poucos dados)
PT0002000068858674WN,2026-07-09,21,dia_util,10.67,2.31,8.36,12.98,6.05,15.29,3,baixa,histórico dia_util (poucos dados)
PT0002000068858674WN,2026-07-09,22,dia_util,9.33,2.31,7.02,11.64,4.71,13.95,3,baixa,histórico dia_util (poucos dados)
PT0002000068858674WN,2026-07-09,23,dia_util,12.0,1.2,10.8,13.2,9.6,14.4,3,baixa,histórico dia_util (poucos dados)
PT0002000068859187RL,2026-07-09,0,dia_util,31.0,3.1,27.9,34.1,24.8,37.2,3,baixa,histórico dia_util (poucos dados)
PT0002000068859187RL,2026-07-09,1,dia_util,32.33,4.93,27.4,37.27,22.47,42.2,3,baixa,histórico dia_util (poucos dados)
PT0002000068859187RL,2026-07-09,2,dia_util,31.0,4.36,26.64,35.36,22.28,39.72,3,baixa,histórico dia_util (poucos dados)
PT0002000068859187RL,2026-07-09,3,dia_util,28.0,2.8,25.2,30.8,22.4,33.6,3,baixa,histórico dia_util (poucos dados)
PT0002000068859187RL,2026-07-09,4,dia_util,28.0,2.8,25.2,30.8,22.4,33.6,3,baixa,histórico dia_util (poucos dados)
PT0002000068859187RL,2026-07-09,5,dia_util,28.33,2.83,25.5,31.17,22.67,34.0,3,baixa,histórico dia_util (poucos dados)
PT0002000068859187RL,2026-07-09,6,dia_util,27.33,2.73,24.6,30.07,21.87,32.8,3,baixa,histórico dia_util (poucos dados)
PT0002000068859187RL,2026-07-09,7,dia_util,34.67,3.47,31.2,38.13,27.73,41.6,3,baixa,histórico dia_util (poucos dados)
PT0002000068859187RL,2026-07-09,8,dia_util,53.33,5.33,48.0,58.67,42.67,64.0,3,baixa,histórico dia_util (poucos dados)
PT0002000068859187RL,2026-07-09,9,dia_util,62.67,7.09,55.57,69.76,48.48,76.86,3,baixa,histórico dia_util (poucos dados)
PT0002000068859187RL,2026-07-09,10,dia_util,74.0,8.54,65.46,82.54,56.91,91.09,3,baixa,histórico dia_util (poucos dados)
PT0002000068859187RL,2026-07-09,11,dia_util,67.33,6.73,60.6,74.07,53.87,80.8,3,baixa,histórico dia_util (poucos dados)
PT0002000068859187RL,2026-07-09,12,dia_util,68.0,6.8,61.2,74.8,54.4,81.6,3,baixa,histórico dia_util (poucos dados)
PT0002000068859187RL,2026-07-09,13,dia_util,61.33,7.09,54.24,68.43,47.14,75.52,3,baixa,histórico dia_util (poucos dados)
PT0002000068859187RL,2026-07-09,14,dia_util,54.33,8.08,46.25,62.42,38.17,70.5,3,baixa,histórico dia_util (poucos dados)
PT0002000068859187RL,2026-07-09,15,dia_util,55.0,5.5,49.5,60.5,44.0,66.0,3,baixa,histórico dia_util (poucos dados)
PT0002000068859187RL,2026-07-09,16,dia_util,45.67,4.57,41.1,50.23,36.53,54.8,3,baixa,histórico dia_util (poucos dados)
PT0002000068859187RL,2026-07-09,17,dia_util,50.67,5.07,45.6,55.73,40.53,60.8,3,baixa,histórico dia_util (poucos dados)
PT0002000068859187RL,2026-07-09,18,dia_util,42.0,7.81,34.19,49.81,26.38,57.62,3,baixa,histórico dia_util (poucos dados)
PT0002000068859187RL,2026-07-09,19,dia_util,30.67,3.07,27.6,33.73,24.53,36.8,3,baixa,histórico dia_util (poucos dados)
PT0002000068859187RL,2026-07-09,20,dia_util,29.0,2.9,26.1,31.9,23.2,34.8,3,baixa,histórico dia_util (poucos dados)
PT0002000068859187RL,2026-07-09,21,dia_util,28.67,2.87,25.8,31.53,22.93,34.4,3,baixa,histórico dia_util (poucos dados)
PT0002000068859187RL,2026-07-09,22,dia_util,32.0,3.2,28.8,35.2,25.6,38.4,3,baixa,histórico dia_util (poucos dados)
PT0002000068859187RL,2026-07-09,23,dia_util,32.0,3.2,28.8,35.2,25.6,38.4,3,baixa,histórico dia_util (poucos dados)
PT0002000068859325FL,2026-07-09,0,dia_util,152.0,15.2,136.8,167.2,121.6,182.4,3,baixa,histórico dia_util (poucos dados)
PT0002000068859325FL,2026-07-09,1,dia_util,110.67,11.07,99.6,121.73,88.53,132.8,3,baixa,histórico dia_util (poucos dados)
PT0002000068859325FL,2026-07-09,2,dia_util,104.0,10.4,93.6,114.4,83.2,124.8,3,baixa,histórico dia_util (poucos dados)
PT0002000068859325FL,2026-07-09,3,dia_util,94.67,9.47,85.2,104.13,75.73,113.6,3,baixa,histórico dia_util (poucos dados)
PT0002000068859325FL,2026-07-09,4,dia_util,92.0,9.2,82.8,101.2,73.6,110.4,3,baixa,histórico dia_util (poucos dados)
PT0002000068859325FL,2026-07-09,5,dia_util,81.33,8.13,73.2,89.47,65.07,97.6,3,baixa,histórico dia_util (poucos dados)
PT0002000068859325FL,2026-07-09,6,dia_util,78.67,16.17,62.5,94.83,46.34,111.0,3,baixa,histórico dia_util (poucos dados)
PT0002000068859325FL,2026-07-09,7,dia_util,130.67,18.04,112.63,148.7,94.59,166.74,3,baixa,histórico dia_util (poucos dados)
PT0002000068859325FL,2026-07-09,8,dia_util,125.33,12.53,112.8,137.87,100.27,150.4,3,baixa,histórico dia_util (poucos dados)
PT0002000068859325FL,2026-07-09,9,dia_util,168.0,16.8,151.2,184.8,134.4,201.6,3,baixa,histórico dia_util (poucos dados)
PT0002000068859325FL,2026-07-09,10,dia_util,164.0,16.4,147.6,180.4,131.2,196.8,3,baixa,histórico dia_util (poucos dados)
PT0002000068859325FL,2026-07-09,11,dia_util,172.0,20.0,152.0,192.0,132.0,212.0,3,baixa,histórico dia_util (poucos dados)
PT0002000068859325FL,2026-07-09,12,dia_util,202.67,26.63,176.03,229.3,149.4,255.93,3,baixa,histórico dia_util (poucos dados)
PT0002000068859325FL,2026-07-09,13,dia_util,193.33,26.63,166.7,219.97,140.07,246.6,3,baixa,histórico dia_util (poucos dados)
PT0002000068859325FL,2026-07-09,14,dia_util,166.67,16.67,150.0,183.33,133.33,200.0,3,baixa,histórico dia_util (poucos dados)
PT0002000068859325FL,2026-07-09,15,dia_util,169.33,19.73,149.6,189.06,129.87,208.8,3,baixa,histórico dia_util (poucos dados)
PT0002000068859325FL,2026-07-09,16,dia_util,182.67,35.85,146.82,218.52,110.96,254.37,3,baixa,histórico dia_util (poucos dados)
PT0002000068859325FL,2026-07-09,17,dia_util,164.0,16.4,147.6,180.4,131.2,196.8,3,baixa,histórico dia_util (poucos dados)
PT0002000068859325FL,2026-07-09,18,dia_util,166.67,16.67,150.0,183.33,133.33,200.0,3,baixa,histórico dia_util (poucos dados)
PT0002000068859325FL,2026-07-09,19,dia_util,177.33,17.73,159.6,195.07,141.87,212.8,3,baixa,histórico dia_util (poucos dados)
PT0002000068859325FL,2026-07-09,20,dia_util,209.33,20.93,188.4,230.27,167.47,251.2,3,baixa,histórico dia_util (poucos dados)
PT0002000068859325FL,2026-07-09,21,dia_util,380.0,263.76,116.24,643.76,-147.51,907.51,3,baixa,histórico dia_util (poucos dados)
PT0002000068859325FL,2026-07-09,22,dia_util,365.33,321.11,44.23,686.44,-276.88,1007.55,3,baixa,histórico dia_util (poucos dados)
PT0002000068859325FL,2026-07-09,23,dia_util,172.0,17.2,154.8,189.2,137.6,206.4,3,baixa,histórico dia_util (poucos dados)
PT0002000068859382XF,2026-07-09,0,dia_util,53.33,5.69,47.65,59.02,41.96,64.71,3,baixa,histórico dia_util (poucos dados)
PT0002000068859382XF,2026-07-09,1,dia_util,49.33,4.93,44.4,54.27,39.47,59.2,3,baixa,histórico dia_util (poucos dados)
PT0002000068859382XF,2026-07-09,2,dia_util,45.67,4.57,41.1,50.23,36.53,54.8,3,baixa,histórico dia_util (poucos dados)
PT0002000068859382XF,2026-07-09,3,dia_util,42.33,4.23,38.1,46.57,33.87,50.8,3,baixa,histórico dia_util (poucos dados)
PT0002000068859382XF,2026-07-09,4,dia_util,42.67,5.03,37.63,47.7,32.6,52.73,3,baixa,histórico dia_util (poucos dados)
PT0002000068859382XF,2026-07-09,5,dia_util,42.0,4.2,37.8,46.2,33.6,50.4,3,baixa,histórico dia_util (poucos dados)
PT0002000068859382XF,2026-07-09,6,dia_util,41.33,4.13,37.2,45.47,33.07,49.6,3,baixa,histórico dia_util (poucos dados)
PT0002000068859382XF,2026-07-09,7,dia_util,41.67,4.17,37.5,45.83,33.33,50.0,3,baixa,histórico dia_util (poucos dados)
PT0002000068859382XF,2026-07-09,8,dia_util,56.33,5.63,50.7,61.97,45.07,67.6,3,baixa,histórico dia_util (poucos dados)
PT0002000068859382XF,2026-07-09,9,dia_util,83.67,8.37,75.3,92.03,66.93,100.4,3,baixa,histórico dia_util (poucos dados)
PT0002000068859382XF,2026-07-09,10,dia_util,83.0,8.3,74.7,91.3,66.4,99.6,3,baixa,histórico dia_util (poucos dados)
PT0002000068859382XF,2026-07-09,11,dia_util,83.0,8.3,74.7,91.3,66.4,99.6,3,baixa,histórico dia_util (poucos dados)
PT0002000068859382XF,2026-07-09,12,dia_util,78.0,7.8,70.2,85.8,62.4,93.6,3,baixa,histórico dia_util (poucos dados)
PT0002000068859382XF,2026-07-09,13,dia_util,72.67,7.27,65.4,79.93,58.13,87.2,3,baixa,histórico dia_util (poucos dados)
PT0002000068859382XF,2026-07-09,14,dia_util,76.67,9.02,67.65,85.69,58.63,94.7,3,baixa,histórico dia_util (poucos dados)
PT0002000068859382XF,2026-07-09,15,dia_util,78.67,7.87,70.8,86.53,62.93,94.4,3,baixa,histórico dia_util (poucos dados)
PT0002000068859382XF,2026-07-09,16,dia_util,74.33,7.57,66.76,81.91,59.19,89.48,3,baixa,histórico dia_util (poucos dados)
PT0002000068859382XF,2026-07-09,17,dia_util,55.67,5.57,50.1,61.23,44.53,66.8,3,baixa,histórico dia_util (poucos dados)
PT0002000068859382XF,2026-07-09,18,dia_util,47.33,4.73,42.6,52.07,37.87,56.8,3,baixa,histórico dia_util (poucos dados)
PT0002000068859382XF,2026-07-09,19,dia_util,48.0,4.8,43.2,52.8,38.4,57.6,3,baixa,histórico dia_util (poucos dados)
PT0002000068859382XF,2026-07-09,20,dia_util,50.0,8.66,41.34,58.66,32.68,67.32,3,baixa,histórico dia_util (poucos dados)
PT0002000068859382XF,2026-07-09,21,dia_util,52.67,5.86,46.81,58.53,40.95,64.39,3,baixa,histórico dia_util (poucos dados)
PT0002000068859382XF,2026-07-09,22,dia_util,51.33,5.13,46.2,56.47,41.07,61.6,3,baixa,histórico dia_util (poucos dados)
PT0002000068859382XF,2026-07-09,23,dia_util,52.67,5.27,47.4,57.93,42.13,63.2,3,baixa,histórico dia_util (poucos dados)
PT0002000068859393XH,2026-07-09,0,dia_util,22.33,2.23,20.1,24.57,17.87,26.8,3,baixa,histórico dia_util (poucos dados)
PT0002000068859393XH,2026-07-09,1,dia_util,23.0,2.3,20.7,25.3,18.4,27.6,3,baixa,histórico dia_util (poucos dados)
PT0002000068859393XH,2026-07-09,2,dia_util,23.67,2.37,21.3,26.03,18.93,28.4,3,baixa,histórico dia_util (poucos dados)
PT0002000068859393XH,2026-07-09,3,dia_util,23.0,2.3,20.7,25.3,18.4,27.6,3,baixa,histórico dia_util (poucos dados)
PT0002000068859393XH,2026-07-09,4,dia_util,22.67,2.27,20.4,24.93,18.13,27.2,3,baixa,histórico dia_util (poucos dados)
PT0002000068859393XH,2026-07-09,5,dia_util,20.0,2.0,18.0,22.0,16.0,24.0,3,baixa,histórico dia_util (poucos dados)
PT0002000068859393XH,2026-07-09,6,dia_util,18.0,1.8,16.2,19.8,14.4,21.6,3,baixa,histórico dia_util (poucos dados)
PT0002000068859393XH,2026-07-09,7,dia_util,61.0,21.7,39.3,82.7,17.59,104.41,3,baixa,histórico dia_util (poucos dados)
PT0002000068859393XH,2026-07-09,8,dia_util,104.0,20.81,83.19,124.81,62.38,145.62,3,baixa,histórico dia_util (poucos dados)
PT0002000068859393XH,2026-07-09,9,dia_util,119.67,20.55,99.12,140.22,78.57,160.77,3,baixa,histórico dia_util (poucos dados)
PT0002000068859393XH,2026-07-09,10,dia_util,124.67,20.65,104.02,145.31,83.37,165.96,3,baixa,histórico dia_util (poucos dados)
PT0002000068859393XH,2026-07-09,11,dia_util,133.33,18.5,114.83,151.84,96.33,170.34,3,baixa,histórico dia_util (poucos dados)
PT0002000068859393XH,2026-07-09,12,dia_util,138.33,19.14,119.19,157.47,100.05,176.61,3,baixa,histórico dia_util (poucos dados)
PT0002000068859393XH,2026-07-09,13,dia_util,134.33,17.79,116.55,152.12,98.76,169.9,3,baixa,histórico dia_util (poucos dados)
PT0002000068859393XH,2026-07-09,14,dia_util,134.33,18.72,115.62,153.05,96.9,171.77,3,baixa,histórico dia_util (poucos dados)
PT0002000068859393XH,2026-07-09,15,dia_util,140.0,14.0,126.0,154.0,112.0,168.0,3,baixa,histórico dia_util (poucos dados)
PT0002000068859393XH,2026-07-09,16,dia_util,136.67,13.67,123.0,150.33,109.33,164.0,3,baixa,histórico dia_util (poucos dados)
PT0002000068859393XH,2026-07-09,17,dia_util,135.0,13.5,121.5,148.5,108.0,162.0,3,baixa,histórico dia_util (poucos dados)
PT0002000068859393XH,2026-07-09,18,dia_util,138.0,13.8,124.2,151.8,110.4,165.6,3,baixa,histórico dia_util (poucos dados)
PT0002000068859393XH,2026-07-09,19,dia_util,164.0,25.63,138.37,189.63,112.74,215.26,3,baixa,histórico dia_util (poucos dados)
PT0002000068859393XH,2026-07-09,20,dia_util,197.0,58.21,138.79,255.21,80.59,313.41,3,baixa,histórico dia_util (poucos dados)
PT0002000068859393XH,2026-07-09,21,dia_util,207.67,55.32,152.35,262.99,97.03,318.31,3,baixa,histórico dia_util (poucos dados)
PT0002000068859393XH,2026-07-09,22,dia_util,204.33,20.43,183.9,224.77,163.47,245.2,3,baixa,histórico dia_util (poucos dados)
PT0002000068859393XH,2026-07-09,23,dia_util,104.67,36.67,68.0,141.33,31.34,178.0,3,baixa,histórico dia_util (poucos dados)
PT0002000068859597LS,2026-07-09,0,dia_util,31.67,3.17,28.5,34.83,25.33,38.0,3,baixa,histórico dia_util (poucos dados)
PT0002000068859597LS,2026-07-09,1,dia_util,31.0,3.1,27.9,34.1,24.8,37.2,3,baixa,histórico dia_util (poucos dados)
PT0002000068859597LS,2026-07-09,2,dia_util,31.0,3.1,27.9,34.1,24.8,37.2,3,baixa,histórico dia_util (poucos dados)
PT0002000068859597LS,2026-07-09,3,dia_util,29.67,2.97,26.7,32.63,23.73,35.6,3,baixa,histórico dia_util (poucos dados)
PT0002000068859597LS,2026-07-09,4,dia_util,29.33,2.93,26.4,32.27,23.47,35.2,3,baixa,histórico dia_util (poucos dados)
PT0002000068859597LS,2026-07-09,5,dia_util,30.33,3.03,27.3,33.37,24.27,36.4,3,baixa,histórico dia_util (poucos dados)
PT0002000068859597LS,2026-07-09,6,dia_util,33.0,3.3,29.7,36.3,26.4,39.6,3,baixa,histórico dia_util (poucos dados)
PT0002000068859597LS,2026-07-09,7,dia_util,32.0,3.2,28.8,35.2,25.6,38.4,3,baixa,histórico dia_util (poucos dados)
PT0002000068859597LS,2026-07-09,8,dia_util,55.0,5.5,49.5,60.5,44.0,66.0,3,baixa,histórico dia_util (poucos dados)
PT0002000068859597LS,2026-07-09,9,dia_util,71.33,7.13,64.2,78.47,57.07,85.6,3,baixa,histórico dia_util (poucos dados)
PT0002000068859597LS,2026-07-09,10,dia_util,82.33,8.23,74.1,90.57,65.87,98.8,3,baixa,histórico dia_util (poucos dados)
PT0002000068859597LS,2026-07-09,11,dia_util,85.67,8.57,77.1,94.23,68.53,102.8,3,baixa,histórico dia_util (poucos dados)
PT0002000068859597LS,2026-07-09,12,dia_util,81.67,8.17,73.5,89.83,65.33,98.0,3,baixa,histórico dia_util (poucos dados)
PT0002000068859597LS,2026-07-09,13,dia_util,71.33,7.13,64.2,78.47,57.07,85.6,3,baixa,histórico dia_util (poucos dados)
PT0002000068859597LS,2026-07-09,14,dia_util,80.0,8.0,72.0,88.0,64.0,96.0,3,baixa,histórico dia_util (poucos dados)
PT0002000068859597LS,2026-07-09,15,dia_util,76.0,7.6,68.4,83.6,60.8,91.2,3,baixa,histórico dia_util (poucos dados)
PT0002000068859597LS,2026-07-09,16,dia_util,65.0,6.5,58.5,71.5,52.0,78.0,3,baixa,histórico dia_util (poucos dados)
PT0002000068859597LS,2026-07-09,17,dia_util,44.0,7.94,36.06,51.94,28.13,59.87,3,baixa,histórico dia_util (poucos dados)
PT0002000068859597LS,2026-07-09,18,dia_util,41.33,4.13,37.2,45.47,33.07,49.6,3,baixa,histórico dia_util (poucos dados)
PT0002000068859597LS,2026-07-09,19,dia_util,37.67,4.73,32.94,42.39,28.22,47.12,3,baixa,histórico dia_util (poucos dados)
PT0002000068859597LS,2026-07-09,20,dia_util,63.0,27.62,35.38,90.62,7.76,118.24,3,baixa,histórico dia_util (poucos dados)
PT0002000068859597LS,2026-07-09,21,dia_util,71.0,17.44,53.56,88.44,36.13,105.87,3,baixa,histórico dia_util (poucos dados)
PT0002000068859597LS,2026-07-09,22,dia_util,82.67,8.27,74.4,90.93,66.13,99.2,3,baixa,histórico dia_util (poucos dados)
PT0002000068859597LS,2026-07-09,23,dia_util,69.67,12.5,57.16,82.17,44.66,94.67,3,baixa,histórico dia_util (poucos dados)
PT0002000071896778MT,2026-07-09,0,dia_util,4.33,0.58,3.76,4.91,3.18,5.49,3,baixa,histórico dia_util (poucos dados)
PT0002000071896778MT,2026-07-09,1,dia_util,4.0,1.0,3.0,5.0,2.0,6.0,3,baixa,histórico dia_util (poucos dados)
PT0002000071896778MT,2026-07-09,2,dia_util,4.0,1.0,3.0,5.0,2.0,6.0,3,baixa,histórico dia_util (poucos dados)
PT0002000071896778MT,2026-07-09,3,dia_util,4.0,1.0,3.0,5.0,2.0,6.0,3,baixa,histórico dia_util (poucos dados)
PT0002000071896778MT,2026-07-09,4,dia_util,4.33,1.53,2.81,5.86,1.28,7.39,3,baixa,histórico dia_util (poucos dados)
PT0002000071896778MT,2026-07-09,5,dia_util,4.0,1.0,3.0,5.0,2.0,6.0,3,baixa,histórico dia_util (poucos dados)
PT0002000071896778MT,2026-07-09,6,dia_util,9.0,8.72,0.28,17.72,-8.44,26.44,3,baixa,histórico dia_util (poucos dados)
PT0002000071896778MT,2026-07-09,7,dia_util,29.33,2.93,26.4,32.27,23.47,35.2,3,baixa,histórico dia_util (poucos dados)
PT0002000071896778MT,2026-07-09,8,dia_util,30.33,8.08,22.25,38.42,14.17,46.5,3,baixa,histórico dia_util (poucos dados)
PT0002000071896778MT,2026-07-09,9,dia_util,36.0,10.82,25.18,46.82,14.37,57.63,3,baixa,histórico dia_util (poucos dados)
PT0002000071896778MT,2026-07-09,10,dia_util,35.33,9.24,26.1,44.57,16.86,53.81,3,baixa,histórico dia_util (poucos dados)
PT0002000071896778MT,2026-07-09,11,dia_util,30.67,6.35,24.32,37.02,17.96,43.37,3,baixa,histórico dia_util (poucos dados)
PT0002000071896778MT,2026-07-09,12,dia_util,35.33,4.93,30.4,40.27,25.47,45.2,3,baixa,histórico dia_util (poucos dados)
PT0002000071896778MT,2026-07-09,13,dia_util,21.67,5.03,16.63,26.7,11.6,31.73,3,baixa,histórico dia_util (poucos dados)
PT0002000071896778MT,2026-07-09,14,dia_util,20.33,2.31,18.02,22.64,15.71,24.95,3,baixa,histórico dia_util (poucos dados)
PT0002000071896778MT,2026-07-09,15,dia_util,14.33,1.53,12.81,15.86,11.28,17.39,3,baixa,histórico dia_util (poucos dados)
PT0002000071896778MT,2026-07-09,16,dia_util,12.67,1.27,11.4,13.93,10.13,15.2,3,baixa,histórico dia_util (poucos dados)
PT0002000071896778MT,2026-07-09,17,dia_util,10.33,1.53,8.81,11.86,7.28,13.39,3,baixa,histórico dia_util (poucos dados)
PT0002000071896778MT,2026-07-09,18,dia_util,6.33,0.63,5.7,6.97,5.07,7.6,3,baixa,histórico dia_util (poucos dados)
PT0002000071896778MT,2026-07-09,19,dia_util,4.33,1.15,3.18,5.49,2.02,6.64,3,baixa,histórico dia_util (poucos dados)
PT0002000071896778MT,2026-07-09,20,dia_util,3.67,0.58,3.09,4.24,2.51,4.82,3,baixa,histórico dia_util (poucos dados)
PT0002000071896778MT,2026-07-09,21,dia_util,4.33,0.58,3.76,4.91,3.18,5.49,3,baixa,histórico dia_util (poucos dados)
PT0002000071896778MT,2026-07-09,22,dia_util,3.67,0.58,3.09,4.24,2.51,4.82,3,baixa,histórico dia_util (poucos dados)
PT0002000071896778MT,2026-07-09,23,dia_util,4.33,1.15,3.18,5.49,2.02,6.64,3,baixa,histórico dia_util (poucos dados)
PT0002000073231742VK,2026-07-09,0,dia_util,15.0,1.5,13.5,16.5,12.0,18.0,3,baixa,histórico dia_util (poucos dados)
PT0002000073231742VK,2026-07-09,1,dia_util,14.67,2.08,12.59,16.75,10.5,18.83,3,baixa,histórico dia_util (poucos dados)
PT0002000073231742VK,2026-07-09,2,dia_util,15.0,1.73,13.27,16.73,11.54,18.46,3,baixa,histórico dia_util (poucos dados)
PT0002000073231742VK,2026-07-09,3,dia_util,14.67,2.08,12.59,16.75,10.5,18.83,3,baixa,histórico dia_util (poucos dados)
PT0002000073231742VK,2026-07-09,4,dia_util,15.0,1.73,13.27,16.73,11.54,18.46,3,baixa,histórico dia_util (poucos dados)
PT0002000073231742VK,2026-07-09,5,dia_util,13.67,2.08,11.59,15.75,9.5,17.83,3,baixa,histórico dia_util (poucos dados)
PT0002000073231742VK,2026-07-09,6,dia_util,14.0,2.0,12.0,16.0,10.0,18.0,3,baixa,histórico dia_util (poucos dados)
PT0002000073231742VK,2026-07-09,7,dia_util,23.33,4.04,19.29,27.37,15.25,31.42,3,baixa,histórico dia_util (poucos dados)
PT0002000073231742VK,2026-07-09,8,dia_util,39.0,8.72,30.28,47.72,21.56,56.44,3,baixa,histórico dia_util (poucos dados)
PT0002000073231742VK,2026-07-09,9,dia_util,41.33,4.93,36.4,46.27,31.47,51.2,3,baixa,histórico dia_util (poucos dados)
PT0002000073231742VK,2026-07-09,10,dia_util,41.0,5.0,36.0,46.0,31.0,51.0,3,baixa,histórico dia_util (poucos dados)
PT0002000073231742VK,2026-07-09,11,dia_util,36.0,3.6,32.4,39.6,28.8,43.2,3,baixa,histórico dia_util (poucos dados)
PT0002000073231742VK,2026-07-09,12,dia_util,34.67,4.73,29.94,39.39,25.22,44.12,3,baixa,histórico dia_util (poucos dados)
PT0002000073231742VK,2026-07-09,13,dia_util,36.67,3.67,33.0,40.33,29.33,44.0,3,baixa,histórico dia_util (poucos dados)
PT0002000073231742VK,2026-07-09,14,dia_util,26.67,3.51,23.15,30.18,19.64,33.69,3,baixa,histórico dia_util (poucos dados)
PT0002000073231742VK,2026-07-09,15,dia_util,24.0,3.61,20.39,27.61,16.79,31.21,3,baixa,histórico dia_util (poucos dados)
PT0002000073231742VK,2026-07-09,16,dia_util,21.33,3.06,18.28,24.39,15.22,27.44,3,baixa,histórico dia_util (poucos dados)
PT0002000073231742VK,2026-07-09,17,dia_util,20.0,2.0,18.0,22.0,16.0,24.0,3,baixa,histórico dia_util (poucos dados)
PT0002000073231742VK,2026-07-09,18,dia_util,18.33,1.83,16.5,20.17,14.67,22.0,3,baixa,histórico dia_util (poucos dados)
PT0002000073231742VK,2026-07-09,19,dia_util,13.67,1.53,12.14,15.19,10.61,16.72,3,baixa,histórico dia_util (poucos dados)
PT0002000073231742VK,2026-07-09,20,dia_util,13.67,1.53,12.14,15.19,10.61,16.72,3,baixa,histórico dia_util (poucos dados)
PT0002000073231742VK,2026-07-09,21,dia_util,14.33,2.08,12.25,16.41,10.17,18.5,3,baixa,histórico dia_util (poucos dados)
PT0002000073231742VK,2026-07-09,22,dia_util,13.67,1.53,12.14,15.19,10.61,16.72,3,baixa,histórico dia_util (poucos dados)
PT0002000073231742VK,2026-07-09,23,dia_util,13.33,1.33,12.0,14.67,10.67,16.0,3,baixa,histórico dia_util (poucos dados)
PT0002000073481266XH,2026-07-09,0,dia_util,7.67,1.15,6.51,8.82,5.36,9.98,3,baixa,histórico dia_util (poucos dados)
PT0002000073481266XH,2026-07-09,1,dia_util,7.33,2.08,5.25,9.41,3.17,11.5,3,baixa,histórico dia_util (poucos dados)
PT0002000073481266XH,2026-07-09,2,dia_util,8.33,1.53,6.81,9.86,5.28,11.39,3,baixa,histórico dia_util (poucos dados)
PT0002000073481266XH,2026-07-09,3,dia_util,7.67,1.15,6.51,8.82,5.36,9.98,3,baixa,histórico dia_util (poucos dados)
PT0002000073481266XH,2026-07-09,4,dia_util,8.67,1.15,7.51,9.82,6.36,10.98,3,baixa,histórico dia_util (poucos dados)
PT0002000073481266XH,2026-07-09,5,dia_util,7.0,1.0,6.0,8.0,5.0,9.0,3,baixa,histórico dia_util (poucos dados)
PT0002000073481266XH,2026-07-09,6,dia_util,6.67,1.15,5.51,7.82,4.36,8.98,3,baixa,histórico dia_util (poucos dados)
PT0002000073481266XH,2026-07-09,7,dia_util,14.33,2.31,12.02,16.64,9.71,18.95,3,baixa,histórico dia_util (poucos dados)
PT0002000073481266XH,2026-07-09,8,dia_util,34.0,4.0,30.0,38.0,26.0,42.0,3,baixa,histórico dia_util (poucos dados)
PT0002000073481266XH,2026-07-09,9,dia_util,40.33,7.02,33.31,47.36,26.29,54.38,3,baixa,histórico dia_util (poucos dados)
PT0002000073481266XH,2026-07-09,10,dia_util,41.67,5.13,36.54,46.8,31.4,51.93,3,baixa,histórico dia_util (poucos dados)
PT0002000073481266XH,2026-07-09,11,dia_util,38.33,4.51,33.82,42.84,29.31,47.35,3,baixa,histórico dia_util (poucos dados)
PT0002000073481266XH,2026-07-09,12,dia_util,40.0,4.0,36.0,44.0,32.0,48.0,3,baixa,histórico dia_util (poucos dados)
PT0002000073481266XH,2026-07-09,13,dia_util,32.67,3.27,29.4,35.93,26.13,39.2,3,baixa,histórico dia_util (poucos dados)
PT0002000073481266XH,2026-07-09,14,dia_util,34.33,4.73,29.61,39.06,24.88,43.78,3,baixa,histórico dia_util (poucos dados)
PT0002000073481266XH,2026-07-09,15,dia_util,35.0,6.93,28.07,41.93,21.14,48.86,3,baixa,histórico dia_util (poucos dados)
PT0002000073481266XH,2026-07-09,16,dia_util,31.33,3.13,28.2,34.47,25.07,37.6,3,baixa,histórico dia_util (poucos dados)
PT0002000073481266XH,2026-07-09,17,dia_util,29.67,6.51,23.16,36.17,16.65,42.68,3,baixa,histórico dia_util (poucos dados)
PT0002000073481266XH,2026-07-09,18,dia_util,24.33,6.35,17.98,30.68,11.63,37.04,3,baixa,histórico dia_util (poucos dados)
PT0002000073481266XH,2026-07-09,19,dia_util,14.67,5.03,9.63,19.7,4.6,24.73,3,baixa,histórico dia_util (poucos dados)
PT0002000073481266XH,2026-07-09,20,dia_util,10.33,2.52,7.82,12.85,5.3,15.37,3,baixa,histórico dia_util (poucos dados)
PT0002000073481266XH,2026-07-09,21,dia_util,9.67,0.97,8.7,10.63,7.73,11.6,3,baixa,histórico dia_util (poucos dados)
PT0002000073481266XH,2026-07-09,22,dia_util,9.0,1.73,7.27,10.73,5.54,12.46,3,baixa,histórico dia_util (poucos dados)
PT0002000073481266XH,2026-07-09,23,dia_util,8.67,1.15,7.51,9.82,6.36,10.98,3,baixa,histórico dia_util (poucos dados)
PT0002000073573036KH,2026-07-09,0,dia_util,181.67,18.17,163.5,199.83,145.33,218.0,3,baixa,histórico dia_util (poucos dados)
PT0002000073573036KH,2026-07-09,1,dia_util,184.0,18.4,165.6,202.4,147.2,220.8,3,baixa,histórico dia_util (poucos dados)
PT0002000073573036KH,2026-07-09,2,dia_util,180.67,18.07,162.6,198.73,144.53,216.8,3,baixa,histórico dia_util (poucos dados)
PT0002000073573036KH,2026-07-09,3,dia_util,184.33,18.43,165.9,202.77,147.47,221.2,3,baixa,histórico dia_util (poucos dados)
PT0002000073573036KH,2026-07-09,4,dia_util,185.0,18.5,166.5,203.5,148.0,222.0,3,baixa,histórico dia_util (poucos dados)
PT0002000073573036KH,2026-07-09,5,dia_util,183.0,18.3,164.7,201.3,146.4,219.6,3,baixa,histórico dia_util (poucos dados)
PT0002000073573036KH,2026-07-09,6,dia_util,196.33,19.63,176.7,215.97,157.07,235.6,3,baixa,histórico dia_util (poucos dados)
PT0002000073573036KH,2026-07-09,7,dia_util,212.67,21.27,191.4,233.93,170.13,255.2,3,baixa,histórico dia_util (poucos dados)
PT0002000073573036KH,2026-07-09,8,dia_util,241.33,24.13,217.2,265.47,193.07,289.6,3,baixa,histórico dia_util (poucos dados)
PT0002000073573036KH,2026-07-09,9,dia_util,277.0,30.32,246.68,307.32,216.37,337.63,3,baixa,histórico dia_util (poucos dados)
PT0002000073573036KH,2026-07-09,10,dia_util,303.0,30.3,272.7,333.3,242.4,363.6,3,baixa,histórico dia_util (poucos dados)
PT0002000073573036KH,2026-07-09,11,dia_util,310.0,31.0,279.0,341.0,248.0,372.0,3,baixa,histórico dia_util (poucos dados)
PT0002000073573036KH,2026-07-09,12,dia_util,303.67,30.37,273.3,334.03,242.93,364.4,3,baixa,histórico dia_util (poucos dados)
PT0002000073573036KH,2026-07-09,13,dia_util,285.33,28.53,256.8,313.87,228.27,342.4,3,baixa,histórico dia_util (poucos dados)
PT0002000073573036KH,2026-07-09,14,dia_util,298.33,29.83,268.5,328.17,238.67,358.0,3,baixa,histórico dia_util (poucos dados)
PT0002000073573036KH,2026-07-09,15,dia_util,299.33,29.93,269.4,329.27,239.47,359.2,3,baixa,histórico dia_util (poucos dados)
PT0002000073573036KH,2026-07-09,16,dia_util,296.67,29.67,267.0,326.33,237.33,356.0,3,baixa,histórico dia_util (poucos dados)
PT0002000073573036KH,2026-07-09,17,dia_util,297.67,29.77,267.9,327.43,238.13,357.2,3,baixa,histórico dia_util (poucos dados)
PT0002000073573036KH,2026-07-09,18,dia_util,302.67,30.27,272.4,332.93,242.13,363.2,3,baixa,histórico dia_util (poucos dados)
PT0002000073573036KH,2026-07-09,19,dia_util,300.67,30.07,270.6,330.73,240.53,360.8,3,baixa,histórico dia_util (poucos dados)
PT0002000073573036KH,2026-07-09,20,dia_util,294.67,29.47,265.2,324.13,235.73,353.6,3,baixa,histórico dia_util (poucos dados)
PT0002000073573036KH,2026-07-09,21,dia_util,230.0,23.0,207.0,253.0,184.0,276.0,3,baixa,histórico dia_util (poucos dados)
PT0002000073573036KH,2026-07-09,22,dia_util,190.67,19.07,171.6,209.73,152.53,228.8,3,baixa,histórico dia_util (poucos dados)
PT0002000073573036KH,2026-07-09,23,dia_util,179.0,17.9,161.1,196.9,143.2,214.8,3,baixa,histórico dia_util (poucos dados)
PT0002000073717386HC,2026-07-09,0,dia_util,1.0,0.3,0.7,1.3,0.4,1.6,3,baixa,histórico dia_util (poucos dados)
PT0002000073717386HC,2026-07-09,1,dia_util,1.0,0.3,0.7,1.3,0.4,1.6,3,baixa,histórico dia_util (poucos dados)
PT0002000073717386HC,2026-07-09,2,dia_util,1.67,0.58,1.09,2.24,0.51,2.82,3,baixa,histórico dia_util (poucos dados)
PT0002000073717386HC,2026-07-09,3,dia_util,1.0,0.3,0.7,1.3,0.4,1.6,3,baixa,histórico dia_util (poucos dados)
PT0002000073717386HC,2026-07-09,4,dia_util,1.0,0.3,0.7,1.3,0.4,1.6,3,baixa,histórico dia_util (poucos dados)
PT0002000073717386HC,2026-07-09,5,dia_util,1.0,0.3,0.7,1.3,0.4,1.6,3,baixa,histórico dia_util (poucos dados)
PT0002000073717386HC,2026-07-09,6,dia_util,1.0,0.3,0.7,1.3,0.4,1.6,3,baixa,histórico dia_util (poucos dados)
PT0002000073717386HC,2026-07-09,7,dia_util,1.0,0.3,0.7,1.3,0.4,1.6,3,baixa,histórico dia_util (poucos dados)
PT0002000073717386HC,2026-07-09,8,dia_util,5.0,0.5,4.5,5.5,4.0,6.0,3,baixa,histórico dia_util (poucos dados)
PT0002000073717386HC,2026-07-09,9,dia_util,68.33,6.83,61.5,75.17,54.67,82.0,3,baixa,histórico dia_util (poucos dados)
PT0002000073717386HC,2026-07-09,10,dia_util,64.67,8.5,56.16,73.17,47.66,81.68,3,baixa,histórico dia_util (poucos dados)
PT0002000073717386HC,2026-07-09,11,dia_util,67.0,6.7,60.3,73.7,53.6,80.4,3,baixa,histórico dia_util (poucos dados)
PT0002000073717386HC,2026-07-09,12,dia_util,7.0,1.73,5.27,8.73,3.54,10.46,3,baixa,histórico dia_util (poucos dados)
PT0002000073717386HC,2026-07-09,13,dia_util,5.0,0.5,4.5,5.5,4.0,6.0,3,baixa,histórico dia_util (poucos dados)
PT0002000073717386HC,2026-07-09,14,dia_util,1.33,0.58,0.76,1.91,0.18,2.49,3,baixa,histórico dia_util (poucos dados)
PT0002000073717386HC,2026-07-09,15,dia_util,1.0,0.3,0.7,1.3,0.4,1.6,3,baixa,histórico dia_util (poucos dados)
PT0002000073717386HC,2026-07-09,16,dia_util,32.67,15.18,17.49,47.84,2.31,63.02,3,baixa,histórico dia_util (poucos dados)
PT0002000073717386HC,2026-07-09,17,dia_util,44.0,22.52,21.48,66.52,-1.03,89.03,3,baixa,histórico dia_util (poucos dados)
PT0002000073717386HC,2026-07-09,18,dia_util,50.33,7.23,43.1,57.57,35.86,64.8,3,baixa,histórico dia_util (poucos dados)
PT0002000073717386HC,2026-07-09,19,dia_util,55.33,8.33,47.01,63.66,38.68,71.99,3,baixa,histórico dia_util (poucos dados)
PT0002000073717386HC,2026-07-09,20,dia_util,62.67,12.74,49.93,75.41,37.18,88.15,3,baixa,histórico dia_util (poucos dados)
PT0002000073717386HC,2026-07-09,21,dia_util,7.33,1.15,6.18,8.49,5.02,9.64,3,baixa,histórico dia_util (poucos dados)
PT0002000073717386HC,2026-07-09,22,dia_util,5.33,0.58,4.76,5.91,4.18,6.49,3,baixa,histórico dia_util (poucos dados)
PT0002000073717386HC,2026-07-09,23,dia_util,1.0,0.3,0.7,1.3,0.4,1.6,3,baixa,histórico dia_util (poucos dados)
PT0002000073720434JD,2026-07-09,0,dia_util,66.67,35.22,31.45,101.89,-3.77,137.1,3,baixa,histórico dia_util (poucos dados)
PT0002000073720434JD,2026-07-09,1,dia_util,66.67,36.12,30.55,102.78,-5.56,138.9,3,baixa,histórico dia_util (poucos dados)
PT0002000073720434JD,2026-07-09,2,dia_util,66.67,35.23,31.43,101.9,-3.8,137.13,3,baixa,histórico dia_util (poucos dados)
PT0002000073720434JD,2026-07-09,3,dia_util,65.33,36.69,28.64,102.03,-8.05,138.72,3,baixa,histórico dia_util (poucos dados)
PT0002000073720434JD,2026-07-09,4,dia_util,66.33,34.93,31.4,101.27,-3.53,136.2,3,baixa,histórico dia_util (poucos dados)
PT0002000073720434JD,2026-07-09,5,dia_util,65.33,35.8,29.54,101.13,-6.26,136.92,3,baixa,histórico dia_util (poucos dados)
PT0002000073720434JD,2026-07-09,6,dia_util,66.0,35.51,30.49,101.51,-5.02,137.02,3,baixa,histórico dia_util (poucos dados)
PT0002000073720434JD,2026-07-09,7,dia_util,63.0,37.27,25.73,100.27,-11.54,137.54,3,baixa,histórico dia_util (poucos dados)
PT0002000073720434JD,2026-07-09,8,dia_util,62.67,35.23,27.43,97.9,-7.8,133.13,3,baixa,histórico dia_util (poucos dados)
PT0002000073720434JD,2026-07-09,9,dia_util,62.67,33.49,29.18,96.15,-4.31,129.64,3,baixa,histórico dia_util (poucos dados)
PT0002000073720434JD,2026-07-09,10,dia_util,63.33,35.81,27.52,99.14,-8.29,134.95,3,baixa,histórico dia_util (poucos dados)
PT0002000073720434JD,2026-07-09,11,dia_util,64.0,34.64,29.36,98.64,-5.28,133.28,3,baixa,histórico dia_util (poucos dados)
PT0002000073720434JD,2026-07-09,12,dia_util,64.0,32.92,31.08,96.92,-1.85,129.85,3,baixa,histórico dia_util (poucos dados)
PT0002000073720434JD,2026-07-09,13,dia_util,62.67,37.82,24.85,100.49,-12.97,138.31,3,baixa,histórico dia_util (poucos dados)
PT0002000073720434JD,2026-07-09,14,dia_util,64.33,35.92,28.41,100.25,-7.51,136.18,3,baixa,histórico dia_util (poucos dados)
PT0002000073720434JD,2026-07-09,15,dia_util,63.0,35.51,27.49,98.51,-8.02,134.02,3,baixa,histórico dia_util (poucos dados)
PT0002000073720434JD,2026-07-09,16,dia_util,62.0,36.39,25.61,98.39,-10.77,134.77,3,baixa,histórico dia_util (poucos dados)
PT0002000073720434JD,2026-07-09,17,dia_util,64.67,35.28,29.39,99.94,-5.88,135.22,3,baixa,histórico dia_util (poucos dados)
PT0002000073720434JD,2026-07-09,18,dia_util,86.0,8.6,77.4,94.6,68.8,103.2,3,baixa,histórico dia_util (poucos dados)
PT0002000073720434JD,2026-07-09,19,dia_util,86.0,8.6,77.4,94.6,68.8,103.2,3,baixa,histórico dia_util (poucos dados)
PT0002000073720434JD,2026-07-09,20,dia_util,79.67,18.15,61.52,97.81,43.37,115.96,3,baixa,histórico dia_util (poucos dados)
PT0002000073720434JD,2026-07-09,21,dia_util,98.33,9.83,88.5,108.17,78.67,118.0,3,baixa,histórico dia_util (poucos dados)
PT0002000073720434JD,2026-07-09,22,dia_util,70.67,31.75,38.91,102.42,7.16,134.18,3,baixa,histórico dia_util (poucos dados)
PT0002000073720434JD,2026-07-09,23,dia_util,70.33,32.35,37.99,102.68,5.64,135.03,3,baixa,histórico dia_util (poucos dados)
PT0002000075637532JB,2026-07-09,0,dia_util,5.67,0.58,5.09,6.24,4.51,6.82,3,baixa,histórico dia_util (poucos dados)
PT0002000075637532JB,2026-07-09,1,dia_util,5.0,1.0,4.0,6.0,3.0,7.0,3,baixa,histórico dia_util (poucos dados)
PT0002000075637532JB,2026-07-09,2,dia_util,5.67,1.15,4.51,6.82,3.36,7.98,3,baixa,histórico dia_util (poucos dados)
PT0002000075637532JB,2026-07-09,3,dia_util,5.67,0.58,5.09,6.24,4.51,6.82,3,baixa,histórico dia_util (poucos dados)
PT0002000075637532JB,2026-07-09,4,dia_util,5.0,1.0,4.0,6.0,3.0,7.0,3,baixa,histórico dia_util (poucos dados)
PT0002000075637532JB,2026-07-09,5,dia_util,6.33,0.63,5.7,6.97,5.07,7.6,3,baixa,histórico dia_util (poucos dados)
PT0002000075637532JB,2026-07-09,6,dia_util,5.33,0.58,4.76,5.91,4.18,6.49,3,baixa,histórico dia_util (poucos dados)
PT0002000075637532JB,2026-07-09,7,dia_util,8.33,0.83,7.5,9.17,6.67,10.0,3,baixa,histórico dia_util (poucos dados)
PT0002000075637532JB,2026-07-09,8,dia_util,15.33,3.21,12.12,18.55,8.9,21.76,3,baixa,histórico dia_util (poucos dados)
PT0002000075637532JB,2026-07-09,9,dia_util,18.0,3.0,15.0,21.0,12.0,24.0,3,baixa,histórico dia_util (poucos dados)
PT0002000075637532JB,2026-07-09,10,dia_util,22.33,2.23,20.1,24.57,17.87,26.8,3,baixa,histórico dia_util (poucos dados)
PT0002000075637532JB,2026-07-09,11,dia_util,29.0,7.21,21.79,36.21,14.58,43.42,3,baixa,histórico dia_util (poucos dados)
PT0002000075637532JB,2026-07-09,12,dia_util,32.0,5.0,27.0,37.0,22.0,42.0,3,baixa,histórico dia_util (poucos dados)
PT0002000075637532JB,2026-07-09,13,dia_util,16.67,2.08,14.59,18.75,12.5,20.83,3,baixa,histórico dia_util (poucos dados)
PT0002000075637532JB,2026-07-09,14,dia_util,14.33,3.21,11.12,17.55,7.9,20.76,3,baixa,histórico dia_util (poucos dados)
PT0002000075637532JB,2026-07-09,15,dia_util,13.0,1.3,11.7,14.3,10.4,15.6,3,baixa,histórico dia_util (poucos dados)
PT0002000075637532JB,2026-07-09,16,dia_util,11.33,2.31,9.02,13.64,6.71,15.95,3,baixa,histórico dia_util (poucos dados)
PT0002000075637532JB,2026-07-09,17,dia_util,12.67,1.27,11.4,13.93,10.13,15.2,3,baixa,histórico dia_util (poucos dados)
PT0002000075637532JB,2026-07-09,18,dia_util,10.33,1.03,9.3,11.37,8.27,12.4,3,baixa,histórico dia_util (poucos dados)
PT0002000075637532JB,2026-07-09,19,dia_util,6.33,1.15,5.18,7.49,4.02,8.64,3,baixa,histórico dia_util (poucos dados)
PT0002000075637532JB,2026-07-09,20,dia_util,5.33,0.58,4.76,5.91,4.18,6.49,3,baixa,histórico dia_util (poucos dados)
PT0002000075637532JB,2026-07-09,21,dia_util,4.67,0.58,4.09,5.24,3.51,5.82,3,baixa,histórico dia_util (poucos dados)
PT0002000075637532JB,2026-07-09,22,dia_util,5.0,0.5,4.5,5.5,4.0,6.0,3,baixa,histórico dia_util (poucos dados)
PT0002000075637532JB,2026-07-09,23,dia_util,5.67,0.58,5.09,6.24,4.51,6.82,3,baixa,histórico dia_util (poucos dados)
PT0002000077348081AG,2026-07-09,0,dia_util,34.0,4.58,29.42,38.58,24.83,43.17,3,baixa,histórico dia_util (poucos dados)
PT0002000077348081AG,2026-07-09,1,dia_util,33.33,5.03,28.3,38.37,23.27,43.4,3,baixa,histórico dia_util (poucos dados)
PT0002000077348081AG,2026-07-09,2,dia_util,32.67,4.04,28.63,36.71,24.58,40.75,3,baixa,histórico dia_util (poucos dados)
PT0002000077348081AG,2026-07-09,3,dia_util,32.33,4.73,27.61,37.06,22.88,41.78,3,baixa,histórico dia_util (poucos dados)
PT0002000077348081AG,2026-07-09,4,dia_util,31.33,3.13,28.2,34.47,25.07,37.6,3,baixa,histórico dia_util (poucos dados)
PT0002000077348081AG,2026-07-09,5,dia_util,32.0,3.2,28.8,35.2,25.6,38.4,3,baixa,histórico dia_util (poucos dados)
PT0002000077348081AG,2026-07-09,6,dia_util,29.33,2.93,26.4,32.27,23.47,35.2,3,baixa,histórico dia_util (poucos dados)
PT0002000077348081AG,2026-07-09,7,dia_util,32.67,3.27,29.4,35.93,26.13,39.2,3,baixa,histórico dia_util (poucos dados)
PT0002000077348081AG,2026-07-09,8,dia_util,92.0,17.35,74.65,109.35,57.3,126.7,3,baixa,histórico dia_util (poucos dados)
PT0002000077348081AG,2026-07-09,9,dia_util,183.67,70.44,113.22,254.11,42.78,324.55,3,baixa,histórico dia_util (poucos dados)
PT0002000077348081AG,2026-07-09,10,dia_util,279.0,27.9,251.1,306.9,223.2,334.8,3,baixa,histórico dia_util (poucos dados)
PT0002000077348081AG,2026-07-09,11,dia_util,284.33,28.43,255.9,312.77,227.47,341.2,3,baixa,histórico dia_util (poucos dados)
PT0002000077348081AG,2026-07-09,12,dia_util,281.0,28.1,252.9,309.1,224.8,337.2,3,baixa,histórico dia_util (poucos dados)
PT0002000077348081AG,2026-07-09,13,dia_util,282.0,28.2,253.8,310.2,225.6,338.4,3,baixa,histórico dia_util (poucos dados)
PT0002000077348081AG,2026-07-09,14,dia_util,289.0,28.9,260.1,317.9,231.2,346.8,3,baixa,histórico dia_util (poucos dados)
PT0002000077348081AG,2026-07-09,15,dia_util,289.33,28.93,260.4,318.27,231.47,347.2,3,baixa,histórico dia_util (poucos dados)
PT0002000077348081AG,2026-07-09,16,dia_util,290.33,29.03,261.3,319.37,232.27,348.4,3,baixa,histórico dia_util (poucos dados)
PT0002000077348081AG,2026-07-09,17,dia_util,294.67,29.47,265.2,324.13,235.73,353.6,3,baixa,histórico dia_util (poucos dados)
PT0002000077348081AG,2026-07-09,18,dia_util,306.0,30.6,275.4,336.6,244.8,367.2,3,baixa,histórico dia_util (poucos dados)
PT0002000077348081AG,2026-07-09,19,dia_util,241.67,24.17,217.5,265.83,193.33,290.0,3,baixa,histórico dia_util (poucos dados)
PT0002000077348081AG,2026-07-09,20,dia_util,104.33,17.62,86.72,121.95,69.1,139.57,3,baixa,histórico dia_util (poucos dados)
PT0002000077348081AG,2026-07-09,21,dia_util,84.0,10.15,73.85,94.15,63.7,104.3,3,baixa,histórico dia_util (poucos dados)
PT0002000077348081AG,2026-07-09,22,dia_util,49.67,21.5,28.16,71.17,6.66,92.67,3,baixa,histórico dia_util (poucos dados)
PT0002000077348081AG,2026-07-09,23,dia_util,41.33,10.02,31.32,51.35,21.3,61.37,3,baixa,histórico dia_util (poucos dados)
PT0002000077394934QY,2026-07-09,0,dia_util,65.67,6.57,59.1,72.23,52.53,78.8,3,baixa,histórico dia_util (poucos dados)
PT0002000077394934QY,2026-07-09,1,dia_util,64.33,6.43,57.9,70.77,51.47,77.2,3,baixa,histórico dia_util (poucos dados)
PT0002000077394934QY,2026-07-09,2,dia_util,65.0,6.5,58.5,71.5,52.0,78.0,3,baixa,histórico dia_util (poucos dados)
PT0002000077394934QY,2026-07-09,3,dia_util,66.0,6.6,59.4,72.6,52.8,79.2,3,baixa,histórico dia_util (poucos dados)
PT0002000077394934QY,2026-07-09,4,dia_util,63.67,6.37,57.3,70.03,50.93,76.4,3,baixa,histórico dia_util (poucos dados)
PT0002000077394934QY,2026-07-09,5,dia_util,62.33,6.23,56.1,68.57,49.87,74.8,3,baixa,histórico dia_util (poucos dados)
PT0002000077394934QY,2026-07-09,6,dia_util,50.33,5.03,45.3,55.37,40.27,60.4,3,baixa,histórico dia_util (poucos dados)
PT0002000077394934QY,2026-07-09,7,dia_util,66.33,6.63,59.7,72.97,53.07,79.6,3,baixa,histórico dia_util (poucos dados)
PT0002000077394934QY,2026-07-09,8,dia_util,74.33,7.43,66.9,81.77,59.47,89.2,3,baixa,histórico dia_util (poucos dados)
PT0002000077394934QY,2026-07-09,9,dia_util,96.67,9.67,87.0,106.33,77.33,116.0,3,baixa,histórico dia_util (poucos dados)
PT0002000077394934QY,2026-07-09,10,dia_util,117.67,19.86,97.81,137.52,77.95,157.38,3,baixa,histórico dia_util (poucos dados)
PT0002000077394934QY,2026-07-09,11,dia_util,125.67,19.14,106.53,144.81,87.39,163.95,3,baixa,histórico dia_util (poucos dados)
PT0002000077394934QY,2026-07-09,12,dia_util,131.0,24.43,106.57,155.43,82.13,179.87,3,baixa,histórico dia_util (poucos dados)
PT0002000077394934QY,2026-07-09,13,dia_util,124.33,23.18,101.15,147.51,77.97,170.69,3,baixa,histórico dia_util (poucos dados)
PT0002000077394934QY,2026-07-09,14,dia_util,123.0,13.11,109.89,136.11,96.77,149.23,3,baixa,histórico dia_util (poucos dados)
PT0002000077394934QY,2026-07-09,15,dia_util,123.67,14.05,109.62,137.71,95.57,151.76,3,baixa,histórico dia_util (poucos dados)
PT0002000077394934QY,2026-07-09,16,dia_util,108.33,12.22,96.11,120.55,83.89,132.77,3,baixa,histórico dia_util (poucos dados)
PT0002000077394934QY,2026-07-09,17,dia_util,90.67,9.07,81.6,99.73,72.53,108.8,3,baixa,histórico dia_util (poucos dados)
PT0002000077394934QY,2026-07-09,18,dia_util,65.67,6.57,59.1,72.23,52.53,78.8,3,baixa,histórico dia_util (poucos dados)
PT0002000077394934QY,2026-07-09,19,dia_util,57.67,5.77,51.9,63.43,46.13,69.2,3,baixa,histórico dia_util (poucos dados)
PT0002000077394934QY,2026-07-09,20,dia_util,60.0,6.0,54.0,66.0,48.0,72.0,3,baixa,histórico dia_util (poucos dados)
PT0002000077394934QY,2026-07-09,21,dia_util,63.67,6.37,57.3,70.03,50.93,76.4,3,baixa,histórico dia_util (poucos dados)
PT0002000077394934QY,2026-07-09,22,dia_util,67.67,6.77,60.9,74.43,54.13,81.2,3,baixa,histórico dia_util (poucos dados)
PT0002000077394934QY,2026-07-09,23,dia_util,65.0,6.5,58.5,71.5,52.0,78.0,3,baixa,histórico dia_util (poucos dados)
PT0002000077647404EM,2026-07-09,0,dia_util,4.33,0.58,3.76,4.91,3.18,5.49,3,baixa,histórico dia_util (poucos dados)
PT0002000077647404EM,2026-07-09,1,dia_util,4.67,0.58,4.09,5.24,3.51,5.82,3,baixa,histórico dia_util (poucos dados)
PT0002000077647404EM,2026-07-09,2,dia_util,4.33,0.58,3.76,4.91,3.18,5.49,3,baixa,histórico dia_util (poucos dados)
PT0002000077647404EM,2026-07-09,3,dia_util,4.33,0.58,3.76,4.91,3.18,5.49,3,baixa,histórico dia_util (poucos dados)
PT0002000077647404EM,2026-07-09,4,dia_util,4.67,0.58,4.09,5.24,3.51,5.82,3,baixa,histórico dia_util (poucos dados)
PT0002000077647404EM,2026-07-09,5,dia_util,4.33,0.58,3.76,4.91,3.18,5.49,3,baixa,histórico dia_util (poucos dados)
PT0002000077647404EM,2026-07-09,6,dia_util,4.33,0.58,3.76,4.91,3.18,5.49,3,baixa,histórico dia_util (poucos dados)
PT0002000077647404EM,2026-07-09,7,dia_util,4.67,0.58,4.09,5.24,3.51,5.82,3,baixa,histórico dia_util (poucos dados)
PT0002000077647404EM,2026-07-09,8,dia_util,2.0,0.3,1.7,2.3,1.4,2.6,3,baixa,histórico dia_util (poucos dados)
PT0002000077647404EM,2026-07-09,9,dia_util,0.33,0.58,-0.24,0.91,-0.82,1.49,3,baixa,histórico dia_util (poucos dados)
PT0002000077647404EM,2026-07-09,10,dia_util,0.67,0.58,0.09,1.24,-0.49,1.82,3,baixa,histórico dia_util (poucos dados)
PT0002000077647404EM,2026-07-09,11,dia_util,0.67,0.58,0.09,1.24,-0.49,1.82,3,baixa,histórico dia_util (poucos dados)
PT0002000077647404EM,2026-07-09,12,dia_util,0.33,0.58,-0.24,0.91,-0.82,1.49,3,baixa,histórico dia_util (poucos dados)
PT0002000077647404EM,2026-07-09,13,dia_util,0.67,0.58,0.09,1.24,-0.49,1.82,3,baixa,histórico dia_util (poucos dados)
PT0002000077647404EM,2026-07-09,14,dia_util,0.33,0.58,-0.24,0.91,-0.82,1.49,3,baixa,histórico dia_util (poucos dados)
PT0002000077647404EM,2026-07-09,15,dia_util,0.67,0.58,0.09,1.24,-0.49,1.82,3,baixa,histórico dia_util (poucos dados)
PT0002000077647404EM,2026-07-09,16,dia_util,0.33,0.58,-0.24,0.91,-0.82,1.49,3,baixa,histórico dia_util (poucos dados)
PT0002000077647404EM,2026-07-09,17,dia_util,2.67,0.58,2.09,3.24,1.51,3.82,3,baixa,histórico dia_util (poucos dados)
PT0002000077647404EM,2026-07-09,18,dia_util,4.67,0.58,4.09,5.24,3.51,5.82,3,baixa,histórico dia_util (poucos dados)
PT0002000077647404EM,2026-07-09,19,dia_util,4.0,0.4,3.6,4.4,3.2,4.8,3,baixa,histórico dia_util (poucos dados)
PT0002000077647404EM,2026-07-09,20,dia_util,4.67,0.58,4.09,5.24,3.51,5.82,3,baixa,histórico dia_util (poucos dados)
PT0002000077647404EM,2026-07-09,21,dia_util,4.33,0.58,3.76,4.91,3.18,5.49,3,baixa,histórico dia_util (poucos dados)
PT0002000077647404EM,2026-07-09,22,dia_util,4.67,0.58,4.09,5.24,3.51,5.82,3,baixa,histórico dia_util (poucos dados)
PT0002000077647404EM,2026-07-09,23,dia_util,4.33,0.58,3.76,4.91,3.18,5.49,3,baixa,histórico dia_util (poucos dados)
PT0002000078140706BA,2026-07-09,0,dia_util,51.33,5.13,46.2,56.47,41.07,61.6,3,baixa,histórico dia_util (poucos dados)
PT0002000078140706BA,2026-07-09,1,dia_util,50.0,5.57,44.43,55.57,38.86,61.14,3,baixa,histórico dia_util (poucos dados)
PT0002000078140706BA,2026-07-09,2,dia_util,44.33,4.43,39.9,48.77,35.47,53.2,3,baixa,histórico dia_util (poucos dados)
PT0002000078140706BA,2026-07-09,3,dia_util,44.67,4.47,40.2,49.13,35.73,53.6,3,baixa,histórico dia_util (poucos dados)
PT0002000078140706BA,2026-07-09,4,dia_util,43.33,4.33,39.0,47.67,34.67,52.0,3,baixa,histórico dia_util (poucos dados)
PT0002000078140706BA,2026-07-09,5,dia_util,42.67,4.27,38.4,46.93,34.13,51.2,3,baixa,histórico dia_util (poucos dados)
PT0002000078140706BA,2026-07-09,6,dia_util,36.67,3.67,33.0,40.33,29.33,44.0,3,baixa,histórico dia_util (poucos dados)
PT0002000078140706BA,2026-07-09,7,dia_util,59.67,10.5,49.16,70.17,38.66,80.67,3,baixa,histórico dia_util (poucos dados)
PT0002000078140706BA,2026-07-09,8,dia_util,203.67,25.42,178.24,229.09,152.82,254.51,3,baixa,histórico dia_util (poucos dados)
PT0002000078140706BA,2026-07-09,9,dia_util,84.67,59.53,25.13,144.2,-34.4,203.74,3,baixa,histórico dia_util (poucos dados)
PT0002000078140706BA,2026-07-09,10,dia_util,23.33,12.5,10.83,35.84,-1.67,48.34,3,baixa,histórico dia_util (poucos dados)
PT0002000078140706BA,2026-07-09,11,dia_util,14.67,9.87,4.8,24.53,-5.06,34.4,3,baixa,histórico dia_util (poucos dados)
PT0002000078140706BA,2026-07-09,12,dia_util,2.33,2.31,0.02,4.64,-2.29,6.95,3,baixa,histórico dia_util (poucos dados)
PT0002000078140706BA,2026-07-09,13,dia_util,8.67,5.51,3.16,14.17,-2.35,19.68,3,baixa,histórico dia_util (poucos dados)
PT0002000078140706BA,2026-07-09,14,dia_util,10.0,6.93,3.07,16.93,-3.86,23.86,3,baixa,histórico dia_util (poucos dados)
PT0002000078140706BA,2026-07-09,15,dia_util,10.67,15.01,-4.34,25.68,-19.36,40.69,3,baixa,histórico dia_util (poucos dados)
PT0002000078140706BA,2026-07-09,16,dia_util,9.67,15.89,-6.22,25.55,-22.1,41.44,3,baixa,histórico dia_util (poucos dados)
PT0002000078140706BA,2026-07-09,17,dia_util,0.67,1.15,-0.49,1.82,-1.64,2.98,3,baixa,histórico dia_util (poucos dados)
PT0002000078140706BA,2026-07-09,18,dia_util,26.33,21.57,4.76,47.9,-16.81,69.48,3,baixa,histórico dia_util (poucos dados)
PT0002000078140706BA,2026-07-09,19,dia_util,57.67,19.5,38.16,77.17,18.66,96.67,3,baixa,histórico dia_util (poucos dados)
PT0002000078140706BA,2026-07-09,20,dia_util,58.33,5.83,52.5,64.17,46.67,70.0,3,baixa,histórico dia_util (poucos dados)
PT0002000078140706BA,2026-07-09,21,dia_util,57.33,5.73,51.6,63.07,45.87,68.8,3,baixa,histórico dia_util (poucos dados)
PT0002000078140706BA,2026-07-09,22,dia_util,53.0,5.3,47.7,58.3,42.4,63.6,3,baixa,histórico dia_util (poucos dados)
PT0002000078140706BA,2026-07-09,23,dia_util,48.33,4.83,43.5,53.17,38.67,58.0,3,baixa,histórico dia_util (poucos dados)
PT0002000078207354XC,2026-07-09,0,dia_util,7.67,4.04,3.63,11.71,-0.42,15.75,3,baixa,histórico dia_util (poucos dados)
PT0002000078207354XC,2026-07-09,1,dia_util,6.0,2.0,4.0,8.0,2.0,10.0,3,baixa,histórico dia_util (poucos dados)
PT0002000078207354XC,2026-07-09,2,dia_util,5.67,1.53,4.14,7.19,2.61,8.72,3,baixa,histórico dia_util (poucos dados)
PT0002000078207354XC,2026-07-09,3,dia_util,5.33,2.08,3.25,7.41,1.17,9.5,3,baixa,histórico dia_util (poucos dados)
PT0002000078207354XC,2026-07-09,4,dia_util,6.0,2.0,4.0,8.0,2.0,10.0,3,baixa,histórico dia_util (poucos dados)
PT0002000078207354XC,2026-07-09,5,dia_util,5.67,1.53,4.14,7.19,2.61,8.72,3,baixa,histórico dia_util (poucos dados)
PT0002000078207354XC,2026-07-09,6,dia_util,5.0,2.0,3.0,7.0,1.0,9.0,3,baixa,histórico dia_util (poucos dados)
PT0002000078207354XC,2026-07-09,7,dia_util,7.0,1.0,6.0,8.0,5.0,9.0,3,baixa,histórico dia_util (poucos dados)
PT0002000078207354XC,2026-07-09,8,dia_util,8.33,0.83,7.5,9.17,6.67,10.0,3,baixa,histórico dia_util (poucos dados)
PT0002000078207354XC,2026-07-09,9,dia_util,8.33,1.53,6.81,9.86,5.28,11.39,3,baixa,histórico dia_util (poucos dados)
PT0002000078207354XC,2026-07-09,10,dia_util,7.67,0.77,6.9,8.43,6.13,9.2,3,baixa,histórico dia_util (poucos dados)
PT0002000078207354XC,2026-07-09,11,dia_util,8.0,0.8,7.2,8.8,6.4,9.6,3,baixa,histórico dia_util (poucos dados)
PT0002000078207354XC,2026-07-09,12,dia_util,8.33,1.15,7.18,9.49,6.02,10.64,3,baixa,histórico dia_util (poucos dados)
PT0002000078207354XC,2026-07-09,13,dia_util,7.67,0.77,6.9,8.43,6.13,9.2,3,baixa,histórico dia_util (poucos dados)
PT0002000078207354XC,2026-07-09,14,dia_util,8.0,1.0,7.0,9.0,6.0,10.0,3,baixa,histórico dia_util (poucos dados)
PT0002000078207354XC,2026-07-09,15,dia_util,8.0,0.8,7.2,8.8,6.4,9.6,3,baixa,histórico dia_util (poucos dados)
PT0002000078207354XC,2026-07-09,16,dia_util,7.67,0.77,6.9,8.43,6.13,9.2,3,baixa,histórico dia_util (poucos dados)
PT0002000078207354XC,2026-07-09,17,dia_util,8.0,1.0,7.0,9.0,6.0,10.0,3,baixa,histórico dia_util (poucos dados)
PT0002000078207354XC,2026-07-09,18,dia_util,7.33,0.73,6.6,8.07,5.87,8.8,3,baixa,histórico dia_util (poucos dados)
PT0002000078207354XC,2026-07-09,19,dia_util,9.33,4.16,5.17,13.5,1.01,17.66,3,baixa,histórico dia_util (poucos dados)
PT0002000078207354XC,2026-07-09,20,dia_util,14.0,10.82,3.18,24.82,-7.63,35.63,3,baixa,histórico dia_util (poucos dados)
PT0002000078207354XC,2026-07-09,21,dia_util,13.67,10.02,3.65,23.68,-6.37,33.7,3,baixa,histórico dia_util (poucos dados)
PT0002000078207354XC,2026-07-09,22,dia_util,20.33,10.79,9.55,31.12,-1.24,41.9,3,baixa,histórico dia_util (poucos dados)
PT0002000078207354XC,2026-07-09,23,dia_util,19.67,11.02,8.65,30.68,-2.36,41.7,3,baixa,histórico dia_util (poucos dados)
PT0002000078233981HJ,2026-07-09,0,dia_util,6.33,6.66,-0.32,12.99,-6.98,19.65,3,baixa,histórico dia_util (poucos dados)
PT0002000078233981HJ,2026-07-09,1,dia_util,2.33,0.58,1.76,2.91,1.18,3.49,3,baixa,histórico dia_util (poucos dados)
PT0002000078233981HJ,2026-07-09,2,dia_util,2.67,0.58,2.09,3.24,1.51,3.82,3,baixa,histórico dia_util (poucos dados)
PT0002000078233981HJ,2026-07-09,3,dia_util,2.0,0.3,1.7,2.3,1.4,2.6,3,baixa,histórico dia_util (poucos dados)
PT0002000078233981HJ,2026-07-09,4,dia_util,3.0,0.3,2.7,3.3,2.4,3.6,3,baixa,histórico dia_util (poucos dados)
PT0002000078233981HJ,2026-07-09,5,dia_util,2.0,0.3,1.7,2.3,1.4,2.6,3,baixa,histórico dia_util (poucos dados)
PT0002000078233981HJ,2026-07-09,6,dia_util,2.0,0.3,1.7,2.3,1.4,2.6,3,baixa,histórico dia_util (poucos dados)
PT0002000078233981HJ,2026-07-09,7,dia_util,3.33,0.58,2.76,3.91,2.18,4.49,3,baixa,histórico dia_util (poucos dados)
PT0002000078233981HJ,2026-07-09,8,dia_util,12.33,9.61,2.72,21.94,-6.88,31.55,3,baixa,histórico dia_util (poucos dados)
PT0002000078233981HJ,2026-07-09,9,dia_util,22.33,16.5,5.83,38.84,-10.67,55.34,3,baixa,histórico dia_util (poucos dados)
PT0002000078233981HJ,2026-07-09,10,dia_util,21.67,15.95,5.72,37.61,-10.23,53.56,3,baixa,histórico dia_util (poucos dados)
PT0002000078233981HJ,2026-07-09,11,dia_util,17.33,15.95,1.39,33.28,-14.56,49.23,3,baixa,histórico dia_util (poucos dados)
PT0002000078233981HJ,2026-07-09,12,dia_util,14.0,18.19,-4.19,32.19,-22.39,50.39,3,baixa,histórico dia_util (poucos dados)
PT0002000078233981HJ,2026-07-09,13,dia_util,9.0,11.27,-2.27,20.27,-13.54,31.54,3,baixa,histórico dia_util (poucos dados)
PT0002000078233981HJ,2026-07-09,14,dia_util,2.67,1.15,1.51,3.82,0.36,4.98,3,baixa,histórico dia_util (poucos dados)
PT0002000078233981HJ,2026-07-09,15,dia_util,2.33,0.58,1.76,2.91,1.18,3.49,3,baixa,histórico dia_util (poucos dados)
PT0002000078233981HJ,2026-07-09,16,dia_util,2.67,0.58,2.09,3.24,1.51,3.82,3,baixa,histórico dia_util (poucos dados)
PT0002000078233981HJ,2026-07-09,17,dia_util,2.33,0.58,1.76,2.91,1.18,3.49,3,baixa,histórico dia_util (poucos dados)
PT0002000078233981HJ,2026-07-09,18,dia_util,16.0,13.53,2.47,29.53,-11.06,43.06,3,baixa,histórico dia_util (poucos dados)
PT0002000078233981HJ,2026-07-09,19,dia_util,25.33,19.35,5.99,44.68,-13.36,64.03,3,baixa,histórico dia_util (poucos dados)
PT0002000078233981HJ,2026-07-09,20,dia_util,24.67,19.66,5.01,44.32,-14.64,63.98,3,baixa,histórico dia_util (poucos dados)
PT0002000078233981HJ,2026-07-09,21,dia_util,25.67,18.77,6.9,44.44,-11.87,63.21,3,baixa,histórico dia_util (poucos dados)
PT0002000078233981HJ,2026-07-09,22,dia_util,25.33,19.35,5.99,44.68,-13.36,64.03,3,baixa,histórico dia_util (poucos dados)
PT0002000078233981HJ,2026-07-09,23,dia_util,18.67,17.56,1.11,36.23,-16.45,53.79,3,baixa,histórico dia_util (poucos dados)
PT0002000078294957RQ,2026-07-09,0,dia_util,13.0,8.66,4.34,21.66,-4.32,30.32,3,baixa,histórico dia_util (poucos dados)
PT0002000078294957RQ,2026-07-09,1,dia_util,9.0,4.36,4.64,13.36,0.28,17.72,3,baixa,histórico dia_util (poucos dados)
PT0002000078294957RQ,2026-07-09,2,dia_util,7.67,3.79,3.88,11.45,0.09,15.24,3,baixa,histórico dia_util (poucos dados)
PT0002000078294957RQ,2026-07-09,3,dia_util,9.33,5.86,3.47,15.19,-2.39,21.05,3,baixa,histórico dia_util (poucos dados)
PT0002000078294957RQ,2026-07-09,4,dia_util,8.0,3.46,4.54,11.46,1.07,14.93,3,baixa,histórico dia_util (poucos dados)
PT0002000078294957RQ,2026-07-09,5,dia_util,8.0,3.46,4.54,11.46,1.07,14.93,3,baixa,histórico dia_util (poucos dados)
PT0002000078294957RQ,2026-07-09,6,dia_util,8.33,5.77,2.56,14.11,-3.21,19.88,3,baixa,histórico dia_util (poucos dados)
PT0002000078294957RQ,2026-07-09,7,dia_util,16.33,2.31,14.02,18.64,11.71,20.95,3,baixa,histórico dia_util (poucos dados)
PT0002000078294957RQ,2026-07-09,8,dia_util,33.67,15.31,18.36,48.97,3.05,64.28,3,baixa,histórico dia_util (poucos dados)
PT0002000078294957RQ,2026-07-09,9,dia_util,46.67,24.91,21.76,71.57,-3.15,96.48,3,baixa,histórico dia_util (poucos dados)
PT0002000078294957RQ,2026-07-09,10,dia_util,48.33,24.01,24.33,72.34,0.32,96.35,3,baixa,histórico dia_util (poucos dados)
PT0002000078294957RQ,2026-07-09,11,dia_util,52.33,16.77,35.56,69.11,18.79,85.88,3,baixa,histórico dia_util (poucos dados)
PT0002000078294957RQ,2026-07-09,12,dia_util,53.33,16.77,36.56,70.11,19.79,86.88,3,baixa,histórico dia_util (poucos dados)
PT0002000078294957RQ,2026-07-09,13,dia_util,47.33,8.08,39.25,55.42,31.17,63.5,3,baixa,histórico dia_util (poucos dados)
PT0002000078294957RQ,2026-07-09,14,dia_util,36.67,10.97,25.7,47.64,14.73,58.61,3,baixa,histórico dia_util (poucos dados)
PT0002000078294957RQ,2026-07-09,15,dia_util,35.33,7.23,28.1,42.57,20.86,49.8,3,baixa,histórico dia_util (poucos dados)
PT0002000078294957RQ,2026-07-09,16,dia_util,26.0,6.08,19.92,32.08,13.83,38.17,3,baixa,histórico dia_util (poucos dados)
PT0002000078294957RQ,2026-07-09,17,dia_util,25.33,2.53,22.8,27.87,20.27,30.4,3,baixa,histórico dia_util (poucos dados)
PT0002000078294957RQ,2026-07-09,18,dia_util,19.33,2.52,16.82,21.85,14.3,24.37,3,baixa,histórico dia_util (poucos dados)
PT0002000078294957RQ,2026-07-09,19,dia_util,10.67,4.62,6.05,15.29,1.43,19.9,3,baixa,histórico dia_util (poucos dados)
PT0002000078294957RQ,2026-07-09,20,dia_util,13.67,6.35,7.32,20.02,0.96,26.37,3,baixa,histórico dia_util (poucos dados)
PT0002000078294957RQ,2026-07-09,21,dia_util,13.33,4.16,9.17,17.5,5.01,21.66,3,baixa,histórico dia_util (poucos dados)
PT0002000078294957RQ,2026-07-09,22,dia_util,15.0,7.0,8.0,22.0,1.0,29.0,3,baixa,histórico dia_util (poucos dados)
PT0002000078294957RQ,2026-07-09,23,dia_util,15.67,6.35,9.32,22.02,2.96,28.37,3,baixa,histórico dia_util (poucos dados)
PT0002000078441876HB,2026-07-09,0,dia_util,685.33,68.53,616.8,753.87,548.27,822.4,3,baixa,histórico dia_util (poucos dados)
PT0002000078441876HB,2026-07-09,1,dia_util,600.67,60.07,540.6,660.73,480.53,720.8,3,baixa,histórico dia_util (poucos dados)
PT0002000078441876HB,2026-07-09,2,dia_util,665.0,105.7,559.3,770.7,453.6,876.4,3,baixa,histórico dia_util (poucos dados)
PT0002000078441876HB,2026-07-09,3,dia_util,613.33,61.33,552.0,674.67,490.67,736.0,3,baixa,histórico dia_util (poucos dados)
PT0002000078441876HB,2026-07-09,4,dia_util,623.67,62.37,561.3,686.03,498.93,748.4,3,baixa,histórico dia_util (poucos dados)
PT0002000078441876HB,2026-07-09,5,dia_util,644.67,64.47,580.2,709.13,515.73,773.6,3,baixa,histórico dia_util (poucos dados)
PT0002000078441876HB,2026-07-09,6,dia_util,706.67,70.67,636.0,777.33,565.33,848.0,3,baixa,histórico dia_util (poucos dados)
PT0002000078441876HB,2026-07-09,7,dia_util,893.33,89.33,804.0,982.67,714.67,1072.0,3,baixa,histórico dia_util (poucos dados)
PT0002000078441876HB,2026-07-09,8,dia_util,1140.67,114.07,1026.6,1254.73,912.53,1368.8,3,baixa,histórico dia_util (poucos dados)
PT0002000078441876HB,2026-07-09,9,dia_util,1473.67,147.37,1326.3,1621.03,1178.93,1768.4,3,baixa,histórico dia_util (poucos dados)
PT0002000078441876HB,2026-07-09,10,dia_util,1564.67,156.47,1408.2,1721.13,1251.73,1877.6,3,baixa,histórico dia_util (poucos dados)
PT0002000078441876HB,2026-07-09,11,dia_util,1757.33,228.34,1529.0,1985.67,1300.66,2214.01,3,baixa,histórico dia_util (poucos dados)
PT0002000078441876HB,2026-07-09,12,dia_util,1800.67,230.02,1570.64,2030.69,1340.62,2260.71,3,baixa,histórico dia_util (poucos dados)
PT0002000078441876HB,2026-07-09,13,dia_util,1521.67,197.59,1324.08,1719.26,1126.48,1916.85,3,baixa,histórico dia_util (poucos dados)
PT0002000078441876HB,2026-07-09,14,dia_util,1649.67,192.79,1456.87,1842.46,1264.08,2035.25,3,baixa,histórico dia_util (poucos dados)
PT0002000078441876HB,2026-07-09,15,dia_util,1611.33,161.13,1450.2,1772.47,1289.07,1933.6,3,baixa,histórico dia_util (poucos dados)
PT0002000078441876HB,2026-07-09,16,dia_util,1659.33,187.47,1471.86,1846.81,1284.39,2034.28,3,baixa,histórico dia_util (poucos dados)
PT0002000078441876HB,2026-07-09,17,dia_util,1705.33,170.53,1534.8,1875.87,1364.27,2046.4,3,baixa,histórico dia_util (poucos dados)
PT0002000078441876HB,2026-07-09,18,dia_util,1462.0,146.2,1315.8,1608.2,1169.6,1754.4,3,baixa,histórico dia_util (poucos dados)
PT0002000078441876HB,2026-07-09,19,dia_util,1428.33,142.83,1285.5,1571.17,1142.67,1714.0,3,baixa,histórico dia_util (poucos dados)
PT0002000078441876HB,2026-07-09,20,dia_util,1325.0,132.5,1192.5,1457.5,1060.0,1590.0,3,baixa,histórico dia_util (poucos dados)
PT0002000078441876HB,2026-07-09,21,dia_util,1107.0,179.5,927.5,1286.5,748.0,1466.0,3,baixa,histórico dia_util (poucos dados)
PT0002000078441876HB,2026-07-09,22,dia_util,895.67,101.21,794.45,996.88,693.24,1098.1,3,baixa,histórico dia_util (poucos dados)
PT0002000078441876HB,2026-07-09,23,dia_util,703.33,70.33,633.0,773.67,562.67,844.0,3,baixa,histórico dia_util (poucos dados)
PT0002000079469719HF,2026-07-09,0,dia_util,102.33,10.23,92.1,112.57,81.87,122.8,3,baixa,histórico dia_util (poucos dados)
PT0002000079469719HF,2026-07-09,1,dia_util,103.0,10.3,92.7,113.3,82.4,123.6,3,baixa,histórico dia_util (poucos dados)
PT0002000079469719HF,2026-07-09,2,dia_util,102.33,10.23,92.1,112.57,81.87,122.8,3,baixa,histórico dia_util (poucos dados)
PT0002000079469719HF,2026-07-09,3,dia_util,102.67,10.27,92.4,112.93,82.13,123.2,3,baixa,histórico dia_util (poucos dados)
PT0002000079469719HF,2026-07-09,4,dia_util,102.33,10.23,92.1,112.57,81.87,122.8,3,baixa,histórico dia_util (poucos dados)
PT0002000079469719HF,2026-07-09,5,dia_util,102.33,10.23,92.1,112.57,81.87,122.8,3,baixa,histórico dia_util (poucos dados)
PT0002000079469719HF,2026-07-09,6,dia_util,100.0,10.0,90.0,110.0,80.0,120.0,3,baixa,histórico dia_util (poucos dados)
PT0002000079469719HF,2026-07-09,7,dia_util,107.0,10.7,96.3,117.7,85.6,128.4,3,baixa,histórico dia_util (poucos dados)
PT0002000079469719HF,2026-07-09,8,dia_util,126.67,12.67,114.0,139.33,101.33,152.0,3,baixa,histórico dia_util (poucos dados)
PT0002000079469719HF,2026-07-09,9,dia_util,122.0,19.52,102.48,141.52,82.96,161.04,3,baixa,histórico dia_util (poucos dados)
PT0002000079469719HF,2026-07-09,10,dia_util,91.33,12.66,78.67,104.0,66.01,116.66,3,baixa,histórico dia_util (poucos dados)
PT0002000079469719HF,2026-07-09,11,dia_util,64.33,6.43,57.9,70.77,51.47,77.2,3,baixa,histórico dia_util (poucos dados)
PT0002000079469719HF,2026-07-09,12,dia_util,54.0,5.4,48.6,59.4,43.2,64.8,3,baixa,histórico dia_util (poucos dados)
PT0002000079469719HF,2026-07-09,13,dia_util,50.33,12.1,38.24,62.43,26.14,74.53,3,baixa,histórico dia_util (poucos dados)
PT0002000079469719HF,2026-07-09,14,dia_util,54.0,26.85,27.15,80.85,0.3,107.7,3,baixa,histórico dia_util (poucos dados)
PT0002000079469719HF,2026-07-09,15,dia_util,74.67,52.25,22.41,126.92,-29.84,179.17,3,baixa,histórico dia_util (poucos dados)
PT0002000079469719HF,2026-07-09,16,dia_util,84.67,45.32,39.34,129.99,-5.98,175.32,3,baixa,histórico dia_util (poucos dados)
PT0002000079469719HF,2026-07-09,17,dia_util,85.67,8.57,77.1,94.23,68.53,102.8,3,baixa,histórico dia_util (poucos dados)
PT0002000079469719HF,2026-07-09,18,dia_util,134.0,45.92,88.08,179.92,42.15,225.85,3,baixa,histórico dia_util (poucos dados)
PT0002000079469719HF,2026-07-09,19,dia_util,150.0,20.88,129.12,170.88,108.24,191.76,3,baixa,histórico dia_util (poucos dados)
PT0002000079469719HF,2026-07-09,20,dia_util,151.33,15.13,136.2,166.47,121.07,181.6,3,baixa,histórico dia_util (poucos dados)
PT0002000079469719HF,2026-07-09,21,dia_util,157.67,15.77,141.9,173.43,126.13,189.2,3,baixa,histórico dia_util (poucos dados)
PT0002000079469719HF,2026-07-09,22,dia_util,134.33,13.43,120.9,147.77,107.47,161.2,3,baixa,histórico dia_util (poucos dados)
PT0002000079469719HF,2026-07-09,23,dia_util,102.67,10.27,92.4,112.93,82.13,123.2,3,baixa,histórico dia_util (poucos dados)
PT0002000081344542CP,2026-07-09,0,dia_util,1.67,0.58,1.09,2.24,0.51,2.82,3,baixa,histórico dia_util (poucos dados)
PT0002000081344542CP,2026-07-09,1,dia_util,1.33,0.58,0.76,1.91,0.18,2.49,3,baixa,histórico dia_util (poucos dados)
PT0002000081344542CP,2026-07-09,2,dia_util,2.0,1.73,0.27,3.73,-1.46,5.46,3,baixa,histórico dia_util (poucos dados)
PT0002000081344542CP,2026-07-09,3,dia_util,2.33,1.53,0.81,3.86,-0.72,5.39,3,baixa,histórico dia_util (poucos dados)
PT0002000081344542CP,2026-07-09,4,dia_util,1.67,0.58,1.09,2.24,0.51,2.82,3,baixa,histórico dia_util (poucos dados)
PT0002000081344542CP,2026-07-09,5,dia_util,3.67,2.31,1.36,5.98,-0.95,8.29,3,baixa,histórico dia_util (poucos dados)
PT0002000081344542CP,2026-07-09,6,dia_util,4.33,2.08,2.25,6.41,0.17,8.5,3,baixa,histórico dia_util (poucos dados)
PT0002000081344542CP,2026-07-09,7,dia_util,2.33,1.53,0.81,3.86,-0.72,5.39,3,baixa,histórico dia_util (poucos dados)
PT0002000081344542CP,2026-07-09,8,dia_util,1.33,0.58,0.76,1.91,0.18,2.49,3,baixa,histórico dia_util (poucos dados)
PT0002000081344542CP,2026-07-09,9,dia_util,1.33,0.58,0.76,1.91,0.18,2.49,3,baixa,histórico dia_util (poucos dados)
PT0002000081344542CP,2026-07-09,10,dia_util,3.0,2.65,0.35,5.65,-2.29,8.29,3,baixa,histórico dia_util (poucos dados)
PT0002000081344542CP,2026-07-09,11,dia_util,1.67,1.15,0.51,2.82,-0.64,3.98,3,baixa,histórico dia_util (poucos dados)
PT0002000081344542CP,2026-07-09,12,dia_util,1.67,0.58,1.09,2.24,0.51,2.82,3,baixa,histórico dia_util (poucos dados)
PT0002000081344542CP,2026-07-09,13,dia_util,1.33,0.58,0.76,1.91,0.18,2.49,3,baixa,histórico dia_util (poucos dados)
PT0002000081344542CP,2026-07-09,14,dia_util,1.0,0.3,0.7,1.3,0.4,1.6,3,baixa,histórico dia_util (poucos dados)
PT0002000081344542CP,2026-07-09,15,dia_util,1.67,0.58,1.09,2.24,0.51,2.82,3,baixa,histórico dia_util (poucos dados)
PT0002000081344542CP,2026-07-09,16,dia_util,3.0,2.65,0.35,5.65,-2.29,8.29,3,baixa,histórico dia_util (poucos dados)
PT0002000081344542CP,2026-07-09,17,dia_util,1.0,0.3,0.7,1.3,0.4,1.6,3,baixa,histórico dia_util (poucos dados)
PT0002000081344542CP,2026-07-09,18,dia_util,5.67,2.08,3.59,7.75,1.5,9.83,3,baixa,histórico dia_util (poucos dados)
PT0002000081344542CP,2026-07-09,19,dia_util,3.67,1.53,2.14,5.19,0.61,6.72,3,baixa,histórico dia_util (poucos dados)
PT0002000081344542CP,2026-07-09,20,dia_util,9.33,13.58,-4.24,22.91,-17.82,36.49,3,baixa,histórico dia_util (poucos dados)
PT0002000081344542CP,2026-07-09,21,dia_util,5.33,3.06,2.28,8.39,-0.78,11.44,3,baixa,histórico dia_util (poucos dados)
PT0002000081344542CP,2026-07-09,22,dia_util,4.0,5.2,-1.2,9.2,-6.39,14.39,3,baixa,histórico dia_util (poucos dados)
PT0002000081344542CP,2026-07-09,23,dia_util,1.33,0.58,0.76,1.91,0.18,2.49,3,baixa,histórico dia_util (poucos dados)
PT0002000081997398TD,2026-07-09,0,dia_util,141.33,21.5,119.83,162.84,98.33,184.34,3,baixa,histórico dia_util (poucos dados)
PT0002000081997398TD,2026-07-09,1,dia_util,105.67,19.04,86.63,124.7,67.6,143.74,3,baixa,histórico dia_util (poucos dados)
PT0002000081997398TD,2026-07-09,2,dia_util,101.33,18.5,82.83,119.84,64.33,138.34,3,baixa,histórico dia_util (poucos dados)
PT0002000081997398TD,2026-07-09,3,dia_util,97.33,18.88,78.46,116.21,59.58,135.09,3,baixa,histórico dia_util (poucos dados)
PT0002000081997398TD,2026-07-09,4,dia_util,93.33,19.55,73.78,112.89,54.23,132.44,3,baixa,histórico dia_util (poucos dados)
PT0002000081997398TD,2026-07-09,5,dia_util,95.0,19.29,75.71,114.29,56.43,133.57,3,baixa,histórico dia_util (poucos dados)
PT0002000081997398TD,2026-07-09,6,dia_util,99.33,22.23,77.1,121.57,54.87,143.8,3,baixa,histórico dia_util (poucos dados)
PT0002000081997398TD,2026-07-09,7,dia_util,125.0,19.05,105.95,144.05,86.89,163.11,3,baixa,histórico dia_util (poucos dados)
PT0002000081997398TD,2026-07-09,8,dia_util,197.33,19.73,177.6,217.07,157.87,236.8,3,baixa,histórico dia_util (poucos dados)
PT0002000081997398TD,2026-07-09,9,dia_util,204.67,30.86,173.81,235.53,142.95,266.39,3,baixa,histórico dia_util (poucos dados)
PT0002000081997398TD,2026-07-09,10,dia_util,178.0,62.22,115.78,240.22,53.57,302.43,3,baixa,histórico dia_util (poucos dados)
PT0002000081997398TD,2026-07-09,11,dia_util,228.0,79.04,148.96,307.04,69.92,386.08,3,baixa,histórico dia_util (poucos dados)
PT0002000081997398TD,2026-07-09,12,dia_util,270.33,56.01,214.32,326.35,158.31,382.36,3,baixa,histórico dia_util (poucos dados)
PT0002000081997398TD,2026-07-09,13,dia_util,241.67,61.07,180.6,302.73,119.53,363.8,3,baixa,histórico dia_util (poucos dados)
PT0002000081997398TD,2026-07-09,14,dia_util,278.67,52.6,226.07,331.26,173.47,383.86,3,baixa,histórico dia_util (poucos dados)
PT0002000081997398TD,2026-07-09,15,dia_util,241.33,72.45,168.88,313.79,96.43,386.24,3,baixa,histórico dia_util (poucos dados)
PT0002000081997398TD,2026-07-09,16,dia_util,271.67,48.01,223.65,319.68,175.64,367.69,3,baixa,histórico dia_util (poucos dados)
PT0002000081997398TD,2026-07-09,17,dia_util,427.0,84.92,342.08,511.92,257.15,596.85,3,baixa,histórico dia_util (poucos dados)
PT0002000081997398TD,2026-07-09,18,dia_util,550.0,95.36,454.64,645.36,359.29,740.71,3,baixa,histórico dia_util (poucos dados)
PT0002000081997398TD,2026-07-09,19,dia_util,515.67,84.1,431.57,599.76,347.47,683.86,3,baixa,histórico dia_util (poucos dados)
PT0002000081997398TD,2026-07-09,20,dia_util,528.67,125.26,403.41,653.93,278.14,779.19,3,baixa,histórico dia_util (poucos dados)
PT0002000081997398TD,2026-07-09,21,dia_util,490.67,163.05,327.62,653.72,164.57,816.77,3,baixa,histórico dia_util (poucos dados)
PT0002000081997398TD,2026-07-09,22,dia_util,390.33,61.85,328.48,452.18,266.63,514.03,3,baixa,histórico dia_util (poucos dados)
PT0002000081997398TD,2026-07-09,23,dia_util,297.67,42.62,255.05,340.29,212.43,382.9,3,baixa,histórico dia_util (poucos dados)
PT0002000082549706RH,2026-07-09,0,dia_util,100.33,10.03,90.3,110.37,80.27,120.4,3,baixa,histórico dia_util (poucos dados)
PT0002000082549706RH,2026-07-09,1,dia_util,92.33,9.23,83.1,101.57,73.87,110.8,3,baixa,histórico dia_util (poucos dados)
PT0002000082549706RH,2026-07-09,2,dia_util,88.33,8.83,79.5,97.17,70.67,106.0,3,baixa,histórico dia_util (poucos dados)
PT0002000082549706RH,2026-07-09,3,dia_util,88.0,8.8,79.2,96.8,70.4,105.6,3,baixa,histórico dia_util (poucos dados)
PT0002000082549706RH,2026-07-09,4,dia_util,89.0,8.9,80.1,97.9,71.2,106.8,3,baixa,histórico dia_util (poucos dados)
PT0002000082549706RH,2026-07-09,5,dia_util,92.67,9.27,83.4,101.93,74.13,111.2,3,baixa,histórico dia_util (poucos dados)
PT0002000082549706RH,2026-07-09,6,dia_util,87.67,8.77,78.9,96.43,70.13,105.2,3,baixa,histórico dia_util (poucos dados)
PT0002000082549706RH,2026-07-09,7,dia_util,92.33,9.71,82.62,102.05,72.91,111.76,3,baixa,histórico dia_util (poucos dados)
PT0002000082549706RH,2026-07-09,8,dia_util,92.0,9.2,82.8,101.2,73.6,110.4,3,baixa,histórico dia_util (poucos dados)
PT0002000082549706RH,2026-07-09,9,dia_util,105.33,10.53,94.8,115.87,84.27,126.4,3,baixa,histórico dia_util (poucos dados)
PT0002000082549706RH,2026-07-09,10,dia_util,126.0,12.6,113.4,138.6,100.8,151.2,3,baixa,histórico dia_util (poucos dados)
PT0002000082549706RH,2026-07-09,11,dia_util,110.33,11.03,99.3,121.37,88.27,132.4,3,baixa,histórico dia_util (poucos dados)
PT0002000082549706RH,2026-07-09,12,dia_util,103.67,10.37,93.3,114.03,82.93,124.4,3,baixa,histórico dia_util (poucos dados)
PT0002000082549706RH,2026-07-09,13,dia_util,102.0,10.2,91.8,112.2,81.6,122.4,3,baixa,histórico dia_util (poucos dados)
PT0002000082549706RH,2026-07-09,14,dia_util,106.0,10.6,95.4,116.6,84.8,127.2,3,baixa,histórico dia_util (poucos dados)
PT0002000082549706RH,2026-07-09,15,dia_util,107.67,10.77,96.9,118.43,86.13,129.2,3,baixa,histórico dia_util (poucos dados)
PT0002000082549706RH,2026-07-09,16,dia_util,109.33,10.93,98.4,120.27,87.47,131.2,3,baixa,histórico dia_util (poucos dados)
PT0002000082549706RH,2026-07-09,17,dia_util,111.33,12.58,98.75,123.92,86.17,136.5,3,baixa,histórico dia_util (poucos dados)
PT0002000082549706RH,2026-07-09,18,dia_util,100.33,10.03,90.3,110.37,80.27,120.4,3,baixa,histórico dia_util (poucos dados)
PT0002000082549706RH,2026-07-09,19,dia_util,86.67,8.67,78.0,95.33,69.33,104.0,3,baixa,histórico dia_util (poucos dados)
PT0002000082549706RH,2026-07-09,20,dia_util,92.0,9.2,82.8,101.2,73.6,110.4,3,baixa,histórico dia_util (poucos dados)
PT0002000082549706RH,2026-07-09,21,dia_util,88.33,8.83,79.5,97.17,70.67,106.0,3,baixa,histórico dia_util (poucos dados)
PT0002000082549706RH,2026-07-09,22,dia_util,88.0,8.8,79.2,96.8,70.4,105.6,3,baixa,histórico dia_util (poucos dados)
PT0002000082549706RH,2026-07-09,23,dia_util,92.0,9.2,82.8,101.2,73.6,110.4,3,baixa,histórico dia_util (poucos dados)
PT0002000100113293JT,2026-07-09,0,dia_util,144.67,14.47,130.2,159.13,115.73,173.6,3,baixa,histórico dia_util (poucos dados)
PT0002000100113293JT,2026-07-09,1,dia_util,145.67,14.57,131.1,160.23,116.53,174.8,3,baixa,histórico dia_util (poucos dados)
PT0002000100113293JT,2026-07-09,2,dia_util,146.33,14.63,131.7,160.97,117.07,175.6,3,baixa,histórico dia_util (poucos dados)
PT0002000100113293JT,2026-07-09,3,dia_util,146.33,14.63,131.7,160.97,117.07,175.6,3,baixa,histórico dia_util (poucos dados)
PT0002000100113293JT,2026-07-09,4,dia_util,146.33,14.63,131.7,160.97,117.07,175.6,3,baixa,histórico dia_util (poucos dados)
PT0002000100113293JT,2026-07-09,5,dia_util,146.33,14.63,131.7,160.97,117.07,175.6,3,baixa,histórico dia_util (poucos dados)
PT0002000100113293JT,2026-07-09,6,dia_util,150.0,15.0,135.0,165.0,120.0,180.0,3,baixa,histórico dia_util (poucos dados)
PT0002000100113293JT,2026-07-09,7,dia_util,140.67,14.07,126.6,154.73,112.53,168.8,3,baixa,histórico dia_util (poucos dados)
PT0002000100113293JT,2026-07-09,8,dia_util,147.33,14.73,132.6,162.07,117.87,176.8,3,baixa,histórico dia_util (poucos dados)
PT0002000100113293JT,2026-07-09,9,dia_util,158.67,15.87,142.8,174.53,126.93,190.4,3,baixa,histórico dia_util (poucos dados)
PT0002000100113293JT,2026-07-09,10,dia_util,158.33,15.83,142.5,174.17,126.67,190.0,3,baixa,histórico dia_util (poucos dados)
PT0002000100113293JT,2026-07-09,11,dia_util,158.0,15.8,142.2,173.8,126.4,189.6,3,baixa,histórico dia_util (poucos dados)
PT0002000100113293JT,2026-07-09,12,dia_util,160.67,16.07,144.6,176.73,128.53,192.8,3,baixa,histórico dia_util (poucos dados)
PT0002000100113293JT,2026-07-09,13,dia_util,154.67,15.47,139.2,170.13,123.73,185.6,3,baixa,histórico dia_util (poucos dados)
PT0002000100113293JT,2026-07-09,14,dia_util,152.33,15.23,137.1,167.57,121.87,182.8,3,baixa,histórico dia_util (poucos dados)
PT0002000100113293JT,2026-07-09,15,dia_util,152.67,15.27,137.4,167.93,122.13,183.2,3,baixa,histórico dia_util (poucos dados)
PT0002000100113293JT,2026-07-09,16,dia_util,150.33,15.03,135.3,165.37,120.27,180.4,3,baixa,histórico dia_util (poucos dados)
PT0002000100113293JT,2026-07-09,17,dia_util,146.33,14.63,131.7,160.97,117.07,175.6,3,baixa,histórico dia_util (poucos dados)
PT0002000100113293JT,2026-07-09,18,dia_util,148.67,14.87,133.8,163.53,118.93,178.4,3,baixa,histórico dia_util (poucos dados)
PT0002000100113293JT,2026-07-09,19,dia_util,156.67,15.67,141.0,172.33,125.33,188.0,3,baixa,histórico dia_util (poucos dados)
PT0002000100113293JT,2026-07-09,20,dia_util,152.0,15.2,136.8,167.2,121.6,182.4,3,baixa,histórico dia_util (poucos dados)
PT0002000100113293JT,2026-07-09,21,dia_util,158.67,15.87,142.8,174.53,126.93,190.4,3,baixa,histórico dia_util (poucos dados)
PT0002000100113293JT,2026-07-09,22,dia_util,156.33,15.63,140.7,171.97,125.07,187.6,3,baixa,histórico dia_util (poucos dados)
PT0002000100113293JT,2026-07-09,23,dia_util,146.0,14.6,131.4,160.6,116.8,175.2,3,baixa,histórico dia_util (poucos dados)
PT0002000101964938LF,2026-07-09,0,dia_util,10.67,1.15,9.51,11.82,8.36,12.98,3,baixa,histórico dia_util (poucos dados)
PT0002000101964938LF,2026-07-09,1,dia_util,11.0,1.1,9.9,12.1,8.8,13.2,3,baixa,histórico dia_util (poucos dados)
PT0002000101964938LF,2026-07-09,2,dia_util,10.33,1.03,9.3,11.37,8.27,12.4,3,baixa,histórico dia_util (poucos dados)
PT0002000101964938LF,2026-07-09,3,dia_util,10.67,1.15,9.51,11.82,8.36,12.98,3,baixa,histórico dia_util (poucos dados)
PT0002000101964938LF,2026-07-09,4,dia_util,10.67,1.15,9.51,11.82,8.36,12.98,3,baixa,histórico dia_util (poucos dados)
PT0002000101964938LF,2026-07-09,5,dia_util,10.33,1.03,9.3,11.37,8.27,12.4,3,baixa,histórico dia_util (poucos dados)
PT0002000101964938LF,2026-07-09,6,dia_util,11.0,1.1,9.9,12.1,8.8,13.2,3,baixa,histórico dia_util (poucos dados)
PT0002000101964938LF,2026-07-09,7,dia_util,23.67,2.89,20.78,26.55,17.89,29.44,3,baixa,histórico dia_util (poucos dados)
PT0002000101964938LF,2026-07-09,8,dia_util,48.0,10.39,37.61,58.39,27.22,68.78,3,baixa,histórico dia_util (poucos dados)
PT0002000101964938LF,2026-07-09,9,dia_util,48.67,10.69,37.97,59.36,27.28,70.05,3,baixa,histórico dia_util (poucos dados)
PT0002000101964938LF,2026-07-09,10,dia_util,49.0,8.66,40.34,57.66,31.68,66.32,3,baixa,histórico dia_util (poucos dados)
PT0002000101964938LF,2026-07-09,11,dia_util,49.0,7.21,41.79,56.21,34.58,63.42,3,baixa,histórico dia_util (poucos dados)
PT0002000101964938LF,2026-07-09,12,dia_util,59.0,5.9,53.1,64.9,47.2,70.8,3,baixa,histórico dia_util (poucos dados)
PT0002000101964938LF,2026-07-09,13,dia_util,63.0,6.3,56.7,69.3,50.4,75.6,3,baixa,histórico dia_util (poucos dados)
PT0002000101964938LF,2026-07-09,14,dia_util,57.0,7.0,50.0,64.0,43.0,71.0,3,baixa,histórico dia_util (poucos dados)
PT0002000101964938LF,2026-07-09,15,dia_util,60.0,12.17,47.83,72.17,35.67,84.33,3,baixa,histórico dia_util (poucos dados)
PT0002000101964938LF,2026-07-09,16,dia_util,59.67,10.6,49.07,70.27,38.47,80.86,3,baixa,histórico dia_util (poucos dados)
PT0002000101964938LF,2026-07-09,17,dia_util,58.67,10.6,48.07,69.27,37.47,79.86,3,baixa,histórico dia_util (poucos dados)
PT0002000101964938LF,2026-07-09,18,dia_util,54.0,8.89,45.11,62.89,36.22,71.78,3,baixa,histórico dia_util (poucos dados)
PT0002000101964938LF,2026-07-09,19,dia_util,41.33,4.13,37.2,45.47,33.07,49.6,3,baixa,histórico dia_util (poucos dados)
PT0002000101964938LF,2026-07-09,20,dia_util,10.33,1.03,9.3,11.37,8.27,12.4,3,baixa,histórico dia_util (poucos dados)
PT0002000101964938LF,2026-07-09,21,dia_util,10.33,1.03,9.3,11.37,8.27,12.4,3,baixa,histórico dia_util (poucos dados)
PT0002000101964938LF,2026-07-09,22,dia_util,10.0,1.0,9.0,11.0,8.0,12.0,3,baixa,histórico dia_util (poucos dados)
PT0002000101964938LF,2026-07-09,23,dia_util,10.33,1.03,9.3,11.37,8.27,12.4,3,baixa,histórico dia_util (poucos dados)
PT0002000102936404ME,2026-07-09,0,dia_util,14.0,1.4,12.6,15.4,11.2,16.8,3,baixa,histórico dia_util (poucos dados)
PT0002000102936404ME,2026-07-09,1,dia_util,30.33,17.79,12.55,48.12,-5.24,65.9,3,baixa,histórico dia_util (poucos dados)
PT0002000102936404ME,2026-07-09,2,dia_util,39.0,24.27,14.73,63.27,-9.54,87.54,3,baixa,histórico dia_util (poucos dados)
PT0002000102936404ME,2026-07-09,3,dia_util,40.67,25.74,14.93,66.4,-10.81,92.14,3,baixa,histórico dia_util (poucos dados)
PT0002000102936404ME,2026-07-09,4,dia_util,40.67,25.74,14.93,66.4,-10.81,92.14,3,baixa,histórico dia_util (poucos dados)
PT0002000102936404ME,2026-07-09,5,dia_util,40.33,25.42,14.91,65.76,-10.51,91.18,3,baixa,histórico dia_util (poucos dados)
PT0002000102936404ME,2026-07-09,6,dia_util,18.0,13.89,4.11,31.89,-9.78,45.78,3,baixa,histórico dia_util (poucos dados)
PT0002000102936404ME,2026-07-09,7,dia_util,16.33,13.28,3.05,29.61,-10.22,42.89,3,baixa,histórico dia_util (poucos dados)
PT0002000102936404ME,2026-07-09,8,dia_util,17.0,13.89,3.11,30.89,-10.78,44.78,3,baixa,histórico dia_util (poucos dados)
PT0002000102936404ME,2026-07-09,9,dia_util,35.67,15.31,20.36,50.97,5.05,66.28,3,baixa,histórico dia_util (poucos dados)
PT0002000102936404ME,2026-07-09,10,dia_util,38.67,12.06,26.61,50.72,14.56,62.78,3,baixa,histórico dia_util (poucos dados)
PT0002000102936404ME,2026-07-09,11,dia_util,24.67,4.04,20.63,28.71,16.58,32.75,3,baixa,histórico dia_util (poucos dados)
PT0002000102936404ME,2026-07-09,12,dia_util,20.67,2.07,18.6,22.73,16.53,24.8,3,baixa,histórico dia_util (poucos dados)
PT0002000102936404ME,2026-07-09,13,dia_util,20.33,2.03,18.3,22.37,16.27,24.4,3,baixa,histórico dia_util (poucos dados)
PT0002000102936404ME,2026-07-09,14,dia_util,23.67,2.37,21.3,26.03,18.93,28.4,3,baixa,histórico dia_util (poucos dados)
PT0002000102936404ME,2026-07-09,15,dia_util,28.33,7.23,21.1,35.57,13.86,42.8,3,baixa,histórico dia_util (poucos dados)
PT0002000102936404ME,2026-07-09,16,dia_util,23.0,2.65,20.35,25.65,17.71,28.29,3,baixa,histórico dia_util (poucos dados)
PT0002000102936404ME,2026-07-09,17,dia_util,20.33,2.03,18.3,22.37,16.27,24.4,3,baixa,histórico dia_util (poucos dados)
PT0002000102936404ME,2026-07-09,18,dia_util,20.67,2.07,18.6,22.73,16.53,24.8,3,baixa,histórico dia_util (poucos dados)
PT0002000102936404ME,2026-07-09,19,dia_util,20.0,2.0,18.0,22.0,16.0,24.0,3,baixa,histórico dia_util (poucos dados)
PT0002000102936404ME,2026-07-09,20,dia_util,21.0,2.1,18.9,23.1,16.8,25.2,3,baixa,histórico dia_util (poucos dados)
PT0002000102936404ME,2026-07-09,21,dia_util,32.0,3.2,28.8,35.2,25.6,38.4,3,baixa,histórico dia_util (poucos dados)
PT0002000102936404ME,2026-07-09,22,dia_util,32.0,3.2,28.8,35.2,25.6,38.4,3,baixa,histórico dia_util (poucos dados)
PT0002000102936404ME,2026-07-09,23,dia_util,32.0,3.2,28.8,35.2,25.6,38.4,3,baixa,histórico dia_util (poucos dados)
PT0002000103647515BL,2026-07-09,0,dia_util,1.0,0.3,0.7,1.3,0.4,1.6,3,baixa,histórico dia_util (poucos dados)
PT0002000103647515BL,2026-07-09,1,dia_util,0.0,0.3,-0.3,0.3,-0.6,0.6,3,baixa,histórico dia_util (poucos dados)
PT0002000103647515BL,2026-07-09,2,dia_util,0.0,0.3,-0.3,0.3,-0.6,0.6,3,baixa,histórico dia_util (poucos dados)
PT0002000103647515BL,2026-07-09,3,dia_util,0.0,0.3,-0.3,0.3,-0.6,0.6,3,baixa,histórico dia_util (poucos dados)
PT0002000103647515BL,2026-07-09,4,dia_util,0.0,0.3,-0.3,0.3,-0.6,0.6,3,baixa,histórico dia_util (poucos dados)
PT0002000103647515BL,2026-07-09,5,dia_util,0.0,0.3,-0.3,0.3,-0.6,0.6,3,baixa,histórico dia_util (poucos dados)
PT0002000103647515BL,2026-07-09,6,dia_util,0.0,0.3,-0.3,0.3,-0.6,0.6,3,baixa,histórico dia_util (poucos dados)
PT0002000103647515BL,2026-07-09,7,dia_util,0.0,0.3,-0.3,0.3,-0.6,0.6,3,baixa,histórico dia_util (poucos dados)
PT0002000103647515BL,2026-07-09,8,dia_util,0.0,0.3,-0.3,0.3,-0.6,0.6,3,baixa,histórico dia_util (poucos dados)
PT0002000103647515BL,2026-07-09,9,dia_util,0.0,0.3,-0.3,0.3,-0.6,0.6,3,baixa,histórico dia_util (poucos dados)
PT0002000103647515BL,2026-07-09,10,dia_util,0.0,0.3,-0.3,0.3,-0.6,0.6,3,baixa,histórico dia_util (poucos dados)
PT0002000103647515BL,2026-07-09,11,dia_util,0.0,0.3,-0.3,0.3,-0.6,0.6,3,baixa,histórico dia_util (poucos dados)
PT0002000103647515BL,2026-07-09,12,dia_util,0.0,0.3,-0.3,0.3,-0.6,0.6,3,baixa,histórico dia_util (poucos dados)
PT0002000103647515BL,2026-07-09,13,dia_util,0.0,0.3,-0.3,0.3,-0.6,0.6,3,baixa,histórico dia_util (poucos dados)
PT0002000103647515BL,2026-07-09,14,dia_util,0.0,0.3,-0.3,0.3,-0.6,0.6,3,baixa,histórico dia_util (poucos dados)
PT0002000103647515BL,2026-07-09,15,dia_util,0.0,0.3,-0.3,0.3,-0.6,0.6,3,baixa,histórico dia_util (poucos dados)
PT0002000103647515BL,2026-07-09,16,dia_util,0.0,0.3,-0.3,0.3,-0.6,0.6,3,baixa,histórico dia_util (poucos dados)
PT0002000103647515BL,2026-07-09,17,dia_util,0.0,0.3,-0.3,0.3,-0.6,0.6,3,baixa,histórico dia_util (poucos dados)
PT0002000103647515BL,2026-07-09,18,dia_util,0.0,0.3,-0.3,0.3,-0.6,0.6,3,baixa,histórico dia_util (poucos dados)
PT0002000103647515BL,2026-07-09,19,dia_util,2.67,0.58,2.09,3.24,1.51,3.82,3,baixa,histórico dia_util (poucos dados)
PT0002000103647515BL,2026-07-09,20,dia_util,2.33,0.58,1.76,2.91,1.18,3.49,3,baixa,histórico dia_util (poucos dados)
PT0002000103647515BL,2026-07-09,21,dia_util,2.67,0.58,2.09,3.24,1.51,3.82,3,baixa,histórico dia_util (poucos dados)
PT0002000103647515BL,2026-07-09,22,dia_util,2.33,0.58,1.76,2.91,1.18,3.49,3,baixa,histórico dia_util (poucos dados)
PT0002000103647515BL,2026-07-09,23,dia_util,2.67,0.58,2.09,3.24,1.51,3.82,3,baixa,histórico dia_util (poucos dados)
PT0002000105483259QH,2026-07-09,0,dia_util,1.33,0.58,0.76,1.91,0.18,2.49,3,baixa,histórico dia_util (poucos dados)
PT0002000105483259QH,2026-07-09,1,dia_util,1.33,0.58,0.76,1.91,0.18,2.49,3,baixa,histórico dia_util (poucos dados)
PT0002000105483259QH,2026-07-09,2,dia_util,0.67,0.58,0.09,1.24,-0.49,1.82,3,baixa,histórico dia_util (poucos dados)
PT0002000105483259QH,2026-07-09,3,dia_util,0.33,0.58,-0.24,0.91,-0.82,1.49,3,baixa,histórico dia_util (poucos dados)
PT0002000105483259QH,2026-07-09,4,dia_util,0.67,0.58,0.09,1.24,-0.49,1.82,3,baixa,histórico dia_util (poucos dados)
PT0002000105483259QH,2026-07-09,5,dia_util,0.67,0.58,0.09,1.24,-0.49,1.82,3,baixa,histórico dia_util (poucos dados)
PT0002000105483259QH,2026-07-09,6,dia_util,0.0,0.3,-0.3,0.3,-0.6,0.6,3,baixa,histórico dia_util (poucos dados)
PT0002000105483259QH,2026-07-09,7,dia_util,0.67,0.58,0.09,1.24,-0.49,1.82,3,baixa,histórico dia_util (poucos dados)
PT0002000105483259QH,2026-07-09,8,dia_util,0.33,0.58,-0.24,0.91,-0.82,1.49,3,baixa,histórico dia_util (poucos dados)
PT0002000105483259QH,2026-07-09,9,dia_util,0.67,0.58,0.09,1.24,-0.49,1.82,3,baixa,histórico dia_util (poucos dados)
PT0002000105483259QH,2026-07-09,10,dia_util,0.33,0.58,-0.24,0.91,-0.82,1.49,3,baixa,histórico dia_util (poucos dados)
PT0002000105483259QH,2026-07-09,11,dia_util,0.33,0.58,-0.24,0.91,-0.82,1.49,3,baixa,histórico dia_util (poucos dados)
PT0002000105483259QH,2026-07-09,12,dia_util,0.33,0.58,-0.24,0.91,-0.82,1.49,3,baixa,histórico dia_util (poucos dados)
PT0002000105483259QH,2026-07-09,13,dia_util,0.33,0.58,-0.24,0.91,-0.82,1.49,3,baixa,histórico dia_util (poucos dados)
PT0002000105483259QH,2026-07-09,14,dia_util,0.67,0.58,0.09,1.24,-0.49,1.82,3,baixa,histórico dia_util (poucos dados)
PT0002000105483259QH,2026-07-09,15,dia_util,1.0,1.0,0.0,2.0,-1.0,3.0,3,baixa,histórico dia_util (poucos dados)
PT0002000105483259QH,2026-07-09,16,dia_util,1.67,0.58,1.09,2.24,0.51,2.82,3,baixa,histórico dia_util (poucos dados)
PT0002000105483259QH,2026-07-09,17,dia_util,1.0,0.3,0.7,1.3,0.4,1.6,3,baixa,histórico dia_util (poucos dados)
PT0002000105483259QH,2026-07-09,18,dia_util,2.0,1.0,1.0,3.0,0.0,4.0,3,baixa,histórico dia_util (poucos dados)
PT0002000105483259QH,2026-07-09,19,dia_util,2.0,1.0,1.0,3.0,0.0,4.0,3,baixa,histórico dia_util (poucos dados)
PT0002000105483259QH,2026-07-09,20,dia_util,1.67,0.58,1.09,2.24,0.51,2.82,3,baixa,histórico dia_util (poucos dados)
PT0002000105483259QH,2026-07-09,21,dia_util,2.0,1.0,1.0,3.0,0.0,4.0,3,baixa,histórico dia_util (poucos dados)
PT0002000105483259QH,2026-07-09,22,dia_util,2.0,1.0,1.0,3.0,0.0,4.0,3,baixa,histórico dia_util (poucos dados)
PT0002000105483259QH,2026-07-09,23,dia_util,2.0,1.0,1.0,3.0,0.0,4.0,3,baixa,histórico dia_util (poucos dados)
PT0002000106102375RC,2026-07-09,0,dia_util,49.33,7.09,42.24,56.43,35.14,63.52,3,baixa,histórico dia_util (poucos dados)
PT0002000106102375RC,2026-07-09,1,dia_util,49.0,6.56,42.44,55.56,35.89,62.11,3,baixa,histórico dia_util (poucos dados)
PT0002000106102375RC,2026-07-09,2,dia_util,47.67,7.64,40.03,55.3,32.39,62.94,3,baixa,histórico dia_util (poucos dados)
PT0002000106102375RC,2026-07-09,3,dia_util,47.0,5.57,41.43,52.57,35.86,58.14,3,baixa,histórico dia_util (poucos dados)
PT0002000106102375RC,2026-07-09,4,dia_util,48.0,4.8,43.2,52.8,38.4,57.6,3,baixa,histórico dia_util (poucos dados)
PT0002000106102375RC,2026-07-09,5,dia_util,47.0,6.0,41.0,53.0,35.0,59.0,3,baixa,histórico dia_util (poucos dados)
PT0002000106102375RC,2026-07-09,6,dia_util,47.67,4.77,42.9,52.43,38.13,57.2,3,baixa,histórico dia_util (poucos dados)
PT0002000106102375RC,2026-07-09,7,dia_util,59.0,5.9,53.1,64.9,47.2,70.8,3,baixa,histórico dia_util (poucos dados)
PT0002000106102375RC,2026-07-09,8,dia_util,72.67,7.27,65.4,79.93,58.13,87.2,3,baixa,histórico dia_util (poucos dados)
PT0002000106102375RC,2026-07-09,9,dia_util,77.33,7.73,69.6,85.07,61.87,92.8,3,baixa,histórico dia_util (poucos dados)
PT0002000106102375RC,2026-07-09,10,dia_util,79.0,7.9,71.1,86.9,63.2,94.8,3,baixa,histórico dia_util (poucos dados)
PT0002000106102375RC,2026-07-09,11,dia_util,83.0,8.3,74.7,91.3,66.4,99.6,3,baixa,histórico dia_util (poucos dados)
PT0002000106102375RC,2026-07-09,12,dia_util,84.33,8.43,75.9,92.77,67.47,101.2,3,baixa,histórico dia_util (poucos dados)
PT0002000106102375RC,2026-07-09,13,dia_util,91.33,12.34,78.99,103.68,66.65,116.02,3,baixa,histórico dia_util (poucos dados)
PT0002000106102375RC,2026-07-09,14,dia_util,96.33,21.73,74.6,118.07,52.87,139.8,3,baixa,histórico dia_util (poucos dados)
PT0002000106102375RC,2026-07-09,15,dia_util,85.67,8.57,77.1,94.23,68.53,102.8,3,baixa,histórico dia_util (poucos dados)
PT0002000106102375RC,2026-07-09,16,dia_util,80.67,8.07,72.6,88.73,64.53,96.8,3,baixa,histórico dia_util (poucos dados)
PT0002000106102375RC,2026-07-09,17,dia_util,74.33,7.43,66.9,81.77,59.47,89.2,3,baixa,histórico dia_util (poucos dados)
PT0002000106102375RC,2026-07-09,18,dia_util,72.67,7.27,65.4,79.93,58.13,87.2,3,baixa,histórico dia_util (poucos dados)
PT0002000106102375RC,2026-07-09,19,dia_util,70.33,7.03,63.3,77.37,56.27,84.4,3,baixa,histórico dia_util (poucos dados)
PT0002000106102375RC,2026-07-09,20,dia_util,54.33,5.43,48.9,59.77,43.47,65.2,3,baixa,histórico dia_util (poucos dados)
PT0002000106102375RC,2026-07-09,21,dia_util,49.33,5.51,43.83,54.84,38.32,60.35,3,baixa,histórico dia_util (poucos dados)
PT0002000106102375RC,2026-07-09,22,dia_util,48.0,4.8,43.2,52.8,38.4,57.6,3,baixa,histórico dia_util (poucos dados)
PT0002000106102375RC,2026-07-09,23,dia_util,47.33,6.03,41.31,53.36,35.28,59.39,3,baixa,histórico dia_util (poucos dados)
PT0002000107046231FW,2026-07-09,0,dia_util,1.33,0.58,0.76,1.91,0.18,2.49,3,baixa,histórico dia_util (poucos dados)
PT0002000107046231FW,2026-07-09,1,dia_util,2.67,0.58,2.09,3.24,1.51,3.82,3,baixa,histórico dia_util (poucos dados)
PT0002000107046231FW,2026-07-09,2,dia_util,4.0,0.4,3.6,4.4,3.2,4.8,3,baixa,histórico dia_util (poucos dados)
PT0002000107046231FW,2026-07-09,3,dia_util,3.0,0.3,2.7,3.3,2.4,3.6,3,baixa,histórico dia_util (poucos dados)
PT0002000107046231FW,2026-07-09,4,dia_util,3.67,0.58,3.09,4.24,2.51,4.82,3,baixa,histórico dia_util (poucos dados)
PT0002000107046231FW,2026-07-09,5,dia_util,3.67,1.15,2.51,4.82,1.36,5.98,3,baixa,histórico dia_util (poucos dados)
PT0002000107046231FW,2026-07-09,6,dia_util,3.0,0.3,2.7,3.3,2.4,3.6,3,baixa,histórico dia_util (poucos dados)
PT0002000107046231FW,2026-07-09,7,dia_util,5.67,0.58,5.09,6.24,4.51,6.82,3,baixa,histórico dia_util (poucos dados)
PT0002000107046231FW,2026-07-09,8,dia_util,7.67,2.08,5.59,9.75,3.5,11.83,3,baixa,histórico dia_util (poucos dados)
PT0002000107046231FW,2026-07-09,9,dia_util,6.0,3.61,2.39,9.61,-1.21,13.21,3,baixa,histórico dia_util (poucos dados)
PT0002000107046231FW,2026-07-09,10,dia_util,21.33,5.51,15.83,26.84,10.32,32.35,3,baixa,histórico dia_util (poucos dados)
PT0002000107046231FW,2026-07-09,11,dia_util,26.67,6.43,20.24,33.1,13.81,39.52,3,baixa,histórico dia_util (poucos dados)
PT0002000107046231FW,2026-07-09,12,dia_util,27.0,6.0,21.0,33.0,15.0,39.0,3,baixa,histórico dia_util (poucos dados)
PT0002000107046231FW,2026-07-09,13,dia_util,37.67,3.77,33.9,41.43,30.13,45.2,3,baixa,histórico dia_util (poucos dados)
PT0002000107046231FW,2026-07-09,14,dia_util,36.33,6.35,29.98,42.68,23.63,49.04,3,baixa,histórico dia_util (poucos dados)
PT0002000107046231FW,2026-07-09,15,dia_util,21.33,6.43,14.9,27.76,8.48,34.19,3,baixa,histórico dia_util (poucos dados)
PT0002000107046231FW,2026-07-09,16,dia_util,15.33,3.06,12.28,18.39,9.22,21.44,3,baixa,histórico dia_util (poucos dados)
PT0002000107046231FW,2026-07-09,17,dia_util,10.67,2.31,8.36,12.98,6.05,15.29,3,baixa,histórico dia_util (poucos dados)
PT0002000107046231FW,2026-07-09,18,dia_util,6.33,1.53,4.81,7.86,3.28,9.39,3,baixa,histórico dia_util (poucos dados)
PT0002000107046231FW,2026-07-09,19,dia_util,2.67,0.58,2.09,3.24,1.51,3.82,3,baixa,histórico dia_util (poucos dados)
PT0002000107046231FW,2026-07-09,20,dia_util,2.33,0.58,1.76,2.91,1.18,3.49,3,baixa,histórico dia_util (poucos dados)
PT0002000107046231FW,2026-07-09,21,dia_util,2.33,0.58,1.76,2.91,1.18,3.49,3,baixa,histórico dia_util (poucos dados)
PT0002000107046231FW,2026-07-09,22,dia_util,2.33,0.58,1.76,2.91,1.18,3.49,3,baixa,histórico dia_util (poucos dados)
PT0002000107046231FW,2026-07-09,23,dia_util,2.33,0.58,1.76,2.91,1.18,3.49,3,baixa,histórico dia_util (poucos dados)
PT0002000107172384HT,2026-07-09,0,dia_util,38.67,23.69,14.97,62.36,-8.72,86.05,3,baixa,histórico dia_util (poucos dados)
PT0002000107172384HT,2026-07-09,1,dia_util,35.67,15.18,20.49,50.84,5.31,66.02,3,baixa,histórico dia_util (poucos dados)
PT0002000107172384HT,2026-07-09,2,dia_util,27.67,5.13,22.54,32.8,17.4,37.93,3,baixa,histórico dia_util (poucos dados)
PT0002000107172384HT,2026-07-09,3,dia_util,26.0,3.61,22.39,29.61,18.79,33.21,3,baixa,histórico dia_util (poucos dados)
PT0002000107172384HT,2026-07-09,4,dia_util,24.33,2.43,21.9,26.77,19.47,29.2,3,baixa,histórico dia_util (poucos dados)
PT0002000107172384HT,2026-07-09,5,dia_util,24.33,3.51,20.82,27.85,17.31,31.36,3,baixa,histórico dia_util (poucos dados)
PT0002000107172384HT,2026-07-09,6,dia_util,21.0,2.1,18.9,23.1,16.8,25.2,3,baixa,histórico dia_util (poucos dados)
PT0002000107172384HT,2026-07-09,7,dia_util,22.0,2.2,19.8,24.2,17.6,26.4,3,baixa,histórico dia_util (poucos dados)
PT0002000107172384HT,2026-07-09,8,dia_util,24.33,4.51,19.82,28.84,15.31,33.35,3,baixa,histórico dia_util (poucos dados)
PT0002000107172384HT,2026-07-09,9,dia_util,21.67,2.89,18.78,24.55,15.89,27.44,3,baixa,histórico dia_util (poucos dados)
PT0002000107172384HT,2026-07-09,10,dia_util,25.0,4.36,20.64,29.36,16.28,33.72,3,baixa,histórico dia_util (poucos dados)
PT0002000107172384HT,2026-07-09,11,dia_util,25.33,5.13,20.2,30.46,15.07,35.6,3,baixa,histórico dia_util (poucos dados)
PT0002000107172384HT,2026-07-09,12,dia_util,26.33,5.77,20.56,32.11,14.79,37.88,3,baixa,histórico dia_util (poucos dados)
PT0002000107172384HT,2026-07-09,13,dia_util,25.33,6.81,18.53,32.14,11.72,38.95,3,baixa,histórico dia_util (poucos dados)
PT0002000107172384HT,2026-07-09,14,dia_util,29.0,4.36,24.64,33.36,20.28,37.72,3,baixa,histórico dia_util (poucos dados)
PT0002000107172384HT,2026-07-09,15,dia_util,28.67,7.02,21.64,35.69,14.62,42.71,3,baixa,histórico dia_util (poucos dados)
PT0002000107172384HT,2026-07-09,16,dia_util,28.67,4.62,24.05,33.29,19.43,37.9,3,baixa,histórico dia_util (poucos dados)
PT0002000107172384HT,2026-07-09,17,dia_util,29.67,9.07,20.59,38.74,11.52,47.81,3,baixa,histórico dia_util (poucos dados)
PT0002000107172384HT,2026-07-09,18,dia_util,27.67,7.37,20.3,35.04,12.92,42.41,3,baixa,histórico dia_util (poucos dados)
PT0002000107172384HT,2026-07-09,19,dia_util,30.33,8.62,21.71,38.96,13.09,47.58,3,baixa,histórico dia_util (poucos dados)
PT0002000107172384HT,2026-07-09,20,dia_util,31.33,8.5,22.83,39.84,14.32,48.34,3,baixa,histórico dia_util (poucos dados)
PT0002000107172384HT,2026-07-09,21,dia_util,29.33,3.79,25.55,33.12,21.76,36.91,3,baixa,histórico dia_util (poucos dados)
PT0002000107172384HT,2026-07-09,22,dia_util,30.33,7.23,23.1,37.57,15.86,44.8,3,baixa,histórico dia_util (poucos dados)
PT0002000107172384HT,2026-07-09,23,dia_util,29.33,6.03,23.31,35.36,17.28,41.39,3,baixa,histórico dia_util (poucos dados)
PT0002000109837807PE,2026-07-09,0,dia_util,26.67,5.51,21.16,32.17,15.65,37.68,3,baixa,histórico dia_util (poucos dados)
PT0002000109837807PE,2026-07-09,1,dia_util,24.33,8.74,15.6,33.07,6.86,41.81,3,baixa,histórico dia_util (poucos dados)
PT0002000109837807PE,2026-07-09,2,dia_util,11.0,5.29,5.71,16.29,0.42,21.58,3,baixa,histórico dia_util (poucos dados)
PT0002000109837807PE,2026-07-09,3,dia_util,7.33,0.73,6.6,8.07,5.87,8.8,3,baixa,histórico dia_util (poucos dados)
PT0002000109837807PE,2026-07-09,4,dia_util,6.33,0.63,5.7,6.97,5.07,7.6,3,baixa,histórico dia_util (poucos dados)
PT0002000109837807PE,2026-07-09,5,dia_util,3.33,0.58,2.76,3.91,2.18,4.49,3,baixa,histórico dia_util (poucos dados)
PT0002000109837807PE,2026-07-09,6,dia_util,3.67,0.58,3.09,4.24,2.51,4.82,3,baixa,histórico dia_util (poucos dados)
PT0002000109837807PE,2026-07-09,7,dia_util,4.33,0.58,3.76,4.91,3.18,5.49,3,baixa,histórico dia_util (poucos dados)
PT0002000109837807PE,2026-07-09,8,dia_util,9.33,10.12,-0.78,19.45,-10.9,29.57,3,baixa,histórico dia_util (poucos dados)
PT0002000109837807PE,2026-07-09,9,dia_util,14.0,8.72,5.28,22.72,-3.44,31.44,3,baixa,histórico dia_util (poucos dados)
PT0002000109837807PE,2026-07-09,10,dia_util,14.67,10.12,4.55,24.78,-5.57,34.9,3,baixa,histórico dia_util (poucos dados)
PT0002000109837807PE,2026-07-09,11,dia_util,15.33,9.81,5.52,25.15,-4.3,34.96,3,baixa,histórico dia_util (poucos dados)
PT0002000109837807PE,2026-07-09,12,dia_util,18.0,5.2,12.8,23.2,7.61,28.39,3,baixa,histórico dia_util (poucos dados)
PT0002000109837807PE,2026-07-09,13,dia_util,20.33,2.03,18.3,22.37,16.27,24.4,3,baixa,histórico dia_util (poucos dados)
PT0002000109837807PE,2026-07-09,14,dia_util,20.33,2.03,18.3,22.37,16.27,24.4,3,baixa,histórico dia_util (poucos dados)
PT0002000109837807PE,2026-07-09,15,dia_util,21.0,2.1,18.9,23.1,16.8,25.2,3,baixa,histórico dia_util (poucos dados)
PT0002000109837807PE,2026-07-09,16,dia_util,20.0,2.0,18.0,22.0,16.0,24.0,3,baixa,histórico dia_util (poucos dados)
PT0002000109837807PE,2026-07-09,17,dia_util,21.0,2.1,18.9,23.1,16.8,25.2,3,baixa,histórico dia_util (poucos dados)
PT0002000109837807PE,2026-07-09,18,dia_util,24.0,3.0,21.0,27.0,18.0,30.0,3,baixa,histórico dia_util (poucos dados)
PT0002000109837807PE,2026-07-09,19,dia_util,30.33,3.03,27.3,33.37,24.27,36.4,3,baixa,histórico dia_util (poucos dados)
PT0002000109837807PE,2026-07-09,20,dia_util,25.67,12.7,12.96,38.37,0.26,51.07,3,baixa,histórico dia_util (poucos dados)
PT0002000109837807PE,2026-07-09,21,dia_util,25.67,12.74,12.93,38.41,0.18,51.15,3,baixa,histórico dia_util (poucos dados)
PT0002000109837807PE,2026-07-09,22,dia_util,26.33,5.86,20.47,32.19,14.61,38.05,3,baixa,histórico dia_util (poucos dados)
PT0002000109837807PE,2026-07-09,23,dia_util,27.33,5.77,21.56,33.11,15.79,38.88,3,baixa,histórico dia_util (poucos dados)
PT0002000110090564GD,2026-07-09,0,dia_util,4.67,0.58,4.09,5.24,3.51,5.82,3,baixa,histórico dia_util (poucos dados)
PT0002000110090564GD,2026-07-09,1,dia_util,5.0,0.5,4.5,5.5,4.0,6.0,3,baixa,histórico dia_util (poucos dados)
PT0002000110090564GD,2026-07-09,2,dia_util,5.0,0.5,4.5,5.5,4.0,6.0,3,baixa,histórico dia_util (poucos dados)
PT0002000110090564GD,2026-07-09,3,dia_util,5.0,0.5,4.5,5.5,4.0,6.0,3,baixa,histórico dia_util (poucos dados)
PT0002000110090564GD,2026-07-09,4,dia_util,4.67,0.58,4.09,5.24,3.51,5.82,3,baixa,histórico dia_util (poucos dados)
PT0002000110090564GD,2026-07-09,5,dia_util,4.67,0.58,4.09,5.24,3.51,5.82,3,baixa,histórico dia_util (poucos dados)
PT0002000110090564GD,2026-07-09,6,dia_util,4.67,0.58,4.09,5.24,3.51,5.82,3,baixa,histórico dia_util (poucos dados)
PT0002000110090564GD,2026-07-09,7,dia_util,5.0,0.5,4.5,5.5,4.0,6.0,3,baixa,histórico dia_util (poucos dados)
PT0002000110090564GD,2026-07-09,8,dia_util,6.0,1.73,4.27,7.73,2.54,9.46,3,baixa,histórico dia_util (poucos dados)
PT0002000110090564GD,2026-07-09,9,dia_util,20.67,12.74,7.93,33.41,-4.82,46.15,3,baixa,histórico dia_util (poucos dados)
PT0002000110090564GD,2026-07-09,10,dia_util,21.67,13.58,8.09,35.24,-5.49,48.82,3,baixa,histórico dia_util (poucos dados)
PT0002000110090564GD,2026-07-09,11,dia_util,17.67,11.5,6.16,29.17,-5.34,40.67,3,baixa,histórico dia_util (poucos dados)
PT0002000110090564GD,2026-07-09,12,dia_util,14.33,14.43,-0.1,28.77,-14.53,43.2,3,baixa,histórico dia_util (poucos dados)
PT0002000110090564GD,2026-07-09,13,dia_util,9.0,3.61,5.39,12.61,1.79,16.21,3,baixa,histórico dia_util (poucos dados)
PT0002000110090564GD,2026-07-09,14,dia_util,14.0,13.86,0.14,27.86,-13.71,41.71,3,baixa,histórico dia_util (poucos dados)
PT0002000110090564GD,2026-07-09,15,dia_util,14.33,12.74,1.59,27.07,-11.15,39.82,3,baixa,histórico dia_util (poucos dados)
PT0002000110090564GD,2026-07-09,16,dia_util,21.33,15.01,6.32,36.34,-8.69,51.36,3,baixa,histórico dia_util (poucos dados)
PT0002000110090564GD,2026-07-09,17,dia_util,21.67,13.58,8.09,35.24,-5.49,48.82,3,baixa,histórico dia_util (poucos dados)
PT0002000110090564GD,2026-07-09,18,dia_util,42.0,11.14,30.86,53.14,19.73,64.27,3,baixa,histórico dia_util (poucos dados)
PT0002000110090564GD,2026-07-09,19,dia_util,38.0,26.21,11.79,64.21,-14.42,90.42,3,baixa,histórico dia_util (poucos dados)
PT0002000110090564GD,2026-07-09,20,dia_util,37.33,28.29,9.04,65.62,-19.25,93.91,3,baixa,histórico dia_util (poucos dados)
PT0002000110090564GD,2026-07-09,21,dia_util,25.33,18.5,6.83,43.84,-11.67,62.34,3,baixa,histórico dia_util (poucos dados)
PT0002000110090564GD,2026-07-09,22,dia_util,6.0,1.0,5.0,7.0,4.0,8.0,3,baixa,histórico dia_util (poucos dados)
PT0002000110090564GD,2026-07-09,23,dia_util,5.33,0.58,4.76,5.91,4.18,6.49,3,baixa,histórico dia_util (poucos dados)
PT0002000110607652SB,2026-07-09,0,dia_util,8.0,0.8,7.2,8.8,6.4,9.6,3,baixa,histórico dia_util (poucos dados)
PT0002000110607652SB,2026-07-09,1,dia_util,10.67,2.31,8.36,12.98,6.05,15.29,3,baixa,histórico dia_util (poucos dados)
PT0002000110607652SB,2026-07-09,2,dia_util,8.0,0.8,7.2,8.8,6.4,9.6,3,baixa,histórico dia_util (poucos dados)
PT0002000110607652SB,2026-07-09,3,dia_util,9.33,2.31,7.02,11.64,4.71,13.95,3,baixa,histórico dia_util (poucos dados)
PT0002000110607652SB,2026-07-09,4,dia_util,8.0,0.8,7.2,8.8,6.4,9.6,3,baixa,histórico dia_util (poucos dados)
PT0002000110607652SB,2026-07-09,5,dia_util,6.67,2.31,4.36,8.98,2.05,11.29,3,baixa,histórico dia_util (poucos dados)
PT0002000110607652SB,2026-07-09,6,dia_util,9.33,2.31,7.02,11.64,4.71,13.95,3,baixa,histórico dia_util (poucos dados)
PT0002000110607652SB,2026-07-09,7,dia_util,29.33,12.86,16.48,42.19,3.62,55.05,3,baixa,histórico dia_util (poucos dados)
PT0002000110607652SB,2026-07-09,8,dia_util,62.67,28.94,33.73,91.6,4.79,120.54,3,baixa,histórico dia_util (poucos dados)
PT0002000110607652SB,2026-07-09,9,dia_util,65.33,26.63,38.7,91.97,12.07,118.6,3,baixa,histórico dia_util (poucos dados)
PT0002000110607652SB,2026-07-09,10,dia_util,74.67,25.72,48.95,100.38,23.23,126.1,3,baixa,histórico dia_util (poucos dados)
PT0002000110607652SB,2026-07-09,11,dia_util,78.67,18.9,59.76,97.57,40.86,116.47,3,baixa,histórico dia_util (poucos dados)
PT0002000110607652SB,2026-07-09,12,dia_util,88.0,14.42,73.58,102.42,59.16,116.84,3,baixa,histórico dia_util (poucos dados)
PT0002000110607652SB,2026-07-09,13,dia_util,94.67,9.47,85.2,104.13,75.73,113.6,3,baixa,histórico dia_util (poucos dados)
PT0002000110607652SB,2026-07-09,14,dia_util,98.67,9.87,88.8,108.53,78.93,118.4,3,baixa,histórico dia_util (poucos dados)
PT0002000110607652SB,2026-07-09,15,dia_util,96.0,9.6,86.4,105.6,76.8,115.2,3,baixa,histórico dia_util (poucos dados)
PT0002000110607652SB,2026-07-09,16,dia_util,85.33,12.86,72.48,98.19,59.62,111.05,3,baixa,histórico dia_util (poucos dados)
PT0002000110607652SB,2026-07-09,17,dia_util,82.67,16.17,66.5,98.83,50.34,115.0,3,baixa,histórico dia_util (poucos dados)
PT0002000110607652SB,2026-07-09,18,dia_util,80.0,10.58,69.42,90.58,58.83,101.17,3,baixa,histórico dia_util (poucos dados)
PT0002000110607652SB,2026-07-09,19,dia_util,65.33,6.53,58.8,71.87,52.27,78.4,3,baixa,histórico dia_util (poucos dados)
PT0002000110607652SB,2026-07-09,20,dia_util,10.67,4.62,6.05,15.29,1.43,19.9,3,baixa,histórico dia_util (poucos dados)
PT0002000110607652SB,2026-07-09,21,dia_util,9.33,2.31,7.02,11.64,4.71,13.95,3,baixa,histórico dia_util (poucos dados)
PT0002000110607652SB,2026-07-09,22,dia_util,9.33,2.31,7.02,11.64,4.71,13.95,3,baixa,histórico dia_util (poucos dados)
PT0002000110607652SB,2026-07-09,23,dia_util,8.0,0.8,7.2,8.8,6.4,9.6,3,baixa,histórico dia_util (poucos dados)
PT0002000110814293YC,2026-07-09,0,dia_util,46.33,21.96,24.37,68.3,2.41,90.26,3,baixa,histórico dia_util (poucos dados)
PT0002000110814293YC,2026-07-09,1,dia_util,44.0,19.7,24.3,63.7,4.6,83.4,3,baixa,histórico dia_util (poucos dados)
PT0002000110814293YC,2026-07-09,2,dia_util,43.67,20.26,23.41,63.92,3.15,84.18,3,baixa,histórico dia_util (poucos dados)
PT0002000110814293YC,2026-07-09,3,dia_util,43.67,20.26,23.41,63.92,3.15,84.18,3,baixa,histórico dia_util (poucos dados)
PT0002000110814293YC,2026-07-09,4,dia_util,43.67,20.26,23.41,63.92,3.15,84.18,3,baixa,histórico dia_util (poucos dados)
PT0002000110814293YC,2026-07-09,5,dia_util,43.67,20.53,23.14,64.19,2.61,84.72,3,baixa,histórico dia_util (poucos dados)
PT0002000110814293YC,2026-07-09,6,dia_util,43.33,20.11,23.23,63.44,3.12,83.55,3,baixa,histórico dia_util (poucos dados)
PT0002000110814293YC,2026-07-09,7,dia_util,46.0,19.0,27.0,65.0,8.0,84.0,3,baixa,histórico dia_util (poucos dados)
PT0002000110814293YC,2026-07-09,8,dia_util,47.0,17.44,29.56,64.44,12.13,81.87,3,baixa,histórico dia_util (poucos dados)
PT0002000110814293YC,2026-07-09,9,dia_util,52.33,23.71,28.62,76.05,4.91,99.76,3,baixa,histórico dia_util (poucos dados)
PT0002000110814293YC,2026-07-09,10,dia_util,49.67,20.55,29.12,70.22,8.57,90.77,3,baixa,histórico dia_util (poucos dados)
PT0002000110814293YC,2026-07-09,11,dia_util,63.0,10.0,53.0,73.0,43.0,83.0,3,baixa,histórico dia_util (poucos dados)
PT0002000110814293YC,2026-07-09,12,dia_util,72.33,7.23,65.1,79.57,57.87,86.8,3,baixa,histórico dia_util (poucos dados)
PT0002000110814293YC,2026-07-09,13,dia_util,72.0,7.2,64.8,79.2,57.6,86.4,3,baixa,histórico dia_util (poucos dados)
PT0002000110814293YC,2026-07-09,14,dia_util,75.0,7.5,67.5,82.5,60.0,90.0,3,baixa,histórico dia_util (poucos dados)
PT0002000110814293YC,2026-07-09,15,dia_util,72.67,7.27,65.4,79.93,58.13,87.2,3,baixa,histórico dia_util (poucos dados)
PT0002000110814293YC,2026-07-09,16,dia_util,73.0,7.3,65.7,80.3,58.4,87.6,3,baixa,histórico dia_util (poucos dados)
PT0002000110814293YC,2026-07-09,17,dia_util,71.67,7.17,64.5,78.83,57.33,86.0,3,baixa,histórico dia_util (poucos dados)
PT0002000110814293YC,2026-07-09,18,dia_util,71.0,7.1,63.9,78.1,56.8,85.2,3,baixa,histórico dia_util (poucos dados)
PT0002000110814293YC,2026-07-09,19,dia_util,66.0,6.6,59.4,72.6,52.8,79.2,3,baixa,histórico dia_util (poucos dados)
PT0002000110814293YC,2026-07-09,20,dia_util,55.67,11.85,43.82,67.51,31.97,79.36,3,baixa,histórico dia_util (poucos dados)
PT0002000110814293YC,2026-07-09,21,dia_util,54.0,10.39,43.61,64.39,33.22,74.78,3,baixa,histórico dia_util (poucos dados)
PT0002000110814293YC,2026-07-09,22,dia_util,53.33,12.42,40.91,65.76,28.49,78.18,3,baixa,histórico dia_util (poucos dados)
PT0002000110814293YC,2026-07-09,23,dia_util,50.67,10.5,40.16,61.17,29.66,71.67,3,baixa,histórico dia_util (poucos dados)
PT0002000111572054VT,2026-07-09,0,dia_util,29.0,8.19,20.81,37.19,12.63,45.37,3,baixa,histórico dia_util (poucos dados)
PT0002000111572054VT,2026-07-09,1,dia_util,28.33,7.37,20.96,35.7,13.59,43.08,3,baixa,histórico dia_util (poucos dados)
PT0002000111572054VT,2026-07-09,2,dia_util,27.67,6.81,20.86,34.47,14.05,41.28,3,baixa,histórico dia_util (poucos dados)
PT0002000111572054VT,2026-07-09,3,dia_util,27.0,7.0,20.0,34.0,13.0,41.0,3,baixa,histórico dia_util (poucos dados)
PT0002000111572054VT,2026-07-09,4,dia_util,28.33,6.66,21.68,34.99,15.02,41.65,3,baixa,histórico dia_util (poucos dados)
PT0002000111572054VT,2026-07-09,5,dia_util,19.0,1.9,17.1,20.9,15.2,22.8,3,baixa,histórico dia_util (poucos dados)
PT0002000111572054VT,2026-07-09,6,dia_util,16.0,3.0,13.0,19.0,10.0,22.0,3,baixa,histórico dia_util (poucos dados)
PT0002000111572054VT,2026-07-09,7,dia_util,17.0,4.58,12.42,21.58,7.83,26.17,3,baixa,histórico dia_util (poucos dados)
PT0002000111572054VT,2026-07-09,8,dia_util,21.0,4.36,16.64,25.36,12.28,29.72,3,baixa,histórico dia_util (poucos dados)
PT0002000111572054VT,2026-07-09,9,dia_util,7.67,3.21,4.45,10.88,1.24,14.1,3,baixa,histórico dia_util (poucos dados)
PT0002000111572054VT,2026-07-09,10,dia_util,3.67,3.51,0.15,7.18,-3.36,10.69,3,baixa,histórico dia_util (poucos dados)
PT0002000111572054VT,2026-07-09,11,dia_util,3.33,3.06,0.28,6.39,-2.78,9.44,3,baixa,histórico dia_util (poucos dados)
PT0002000111572054VT,2026-07-09,12,dia_util,3.33,3.06,0.28,6.39,-2.78,9.44,3,baixa,histórico dia_util (poucos dados)
PT0002000111572054VT,2026-07-09,13,dia_util,3.33,2.08,1.25,5.41,-0.83,7.5,3,baixa,histórico dia_util (poucos dados)
PT0002000111572054VT,2026-07-09,14,dia_util,3.33,3.06,0.28,6.39,-2.78,9.44,3,baixa,histórico dia_util (poucos dados)
PT0002000111572054VT,2026-07-09,15,dia_util,3.33,4.16,-0.83,7.5,-4.99,11.66,3,baixa,histórico dia_util (poucos dados)
PT0002000111572054VT,2026-07-09,16,dia_util,4.33,4.51,-0.18,8.84,-4.69,13.35,3,baixa,histórico dia_util (poucos dados)
PT0002000111572054VT,2026-07-09,17,dia_util,6.0,6.0,0.0,12.0,-6.0,18.0,3,baixa,histórico dia_util (poucos dados)
PT0002000111572054VT,2026-07-09,18,dia_util,16.67,4.16,12.5,20.83,8.34,24.99,3,baixa,histórico dia_util (poucos dados)
PT0002000111572054VT,2026-07-09,19,dia_util,27.33,2.73,24.6,30.07,21.87,32.8,3,baixa,histórico dia_util (poucos dados)
PT0002000111572054VT,2026-07-09,20,dia_util,19.67,3.79,15.88,23.45,12.09,27.24,3,baixa,histórico dia_util (poucos dados)
PT0002000111572054VT,2026-07-09,21,dia_util,18.33,2.52,15.82,20.85,13.3,23.37,3,baixa,histórico dia_util (poucos dados)
PT0002000111572054VT,2026-07-09,22,dia_util,17.67,2.08,15.59,19.75,13.5,21.83,3,baixa,histórico dia_util (poucos dados)
PT0002000111572054VT,2026-07-09,23,dia_util,17.33,2.31,15.02,19.64,12.71,21.95,3,baixa,histórico dia_util (poucos dados)
PT0002000112989585PH,2026-07-09,0,dia_util,98.33,18.88,79.46,117.21,60.58,136.09,3,baixa,histórico dia_util (poucos dados)
PT0002000112989585PH,2026-07-09,1,dia_util,99.0,17.06,81.94,116.06,64.88,133.12,3,baixa,histórico dia_util (poucos dados)
PT0002000112989585PH,2026-07-09,2,dia_util,98.67,16.5,82.16,115.17,65.66,131.67,3,baixa,histórico dia_util (poucos dados)
PT0002000112989585PH,2026-07-09,3,dia_util,96.67,18.15,78.52,114.81,60.37,132.96,3,baixa,histórico dia_util (poucos dados)
PT0002000112989585PH,2026-07-09,4,dia_util,95.33,14.64,80.69,109.97,66.05,124.61,3,baixa,histórico dia_util (poucos dados)
PT0002000112989585PH,2026-07-09,5,dia_util,96.67,14.84,81.82,111.51,66.98,126.35,3,baixa,histórico dia_util (poucos dados)
PT0002000112989585PH,2026-07-09,6,dia_util,94.67,14.01,80.65,108.68,66.64,122.69,3,baixa,histórico dia_util (poucos dados)
PT0002000112989585PH,2026-07-09,7,dia_util,96.33,15.53,80.8,111.87,65.26,127.4,3,baixa,histórico dia_util (poucos dados)
PT0002000112989585PH,2026-07-09,8,dia_util,100.33,21.13,79.21,121.46,58.08,142.59,3,baixa,histórico dia_util (poucos dados)
PT0002000112989585PH,2026-07-09,9,dia_util,65.33,21.01,44.33,86.34,23.32,107.35,3,baixa,histórico dia_util (poucos dados)
PT0002000112989585PH,2026-07-09,10,dia_util,26.67,5.86,20.81,32.53,14.95,38.39,3,baixa,histórico dia_util (poucos dados)
PT0002000112989585PH,2026-07-09,11,dia_util,11.67,3.51,8.15,15.18,4.64,18.69,3,baixa,histórico dia_util (poucos dados)
PT0002000112989585PH,2026-07-09,12,dia_util,4.67,2.52,2.15,7.18,-0.37,9.7,3,baixa,histórico dia_util (poucos dados)
PT0002000112989585PH,2026-07-09,13,dia_util,12.0,13.0,-1.0,25.0,-14.0,38.0,3,baixa,histórico dia_util (poucos dados)
PT0002000112989585PH,2026-07-09,14,dia_util,10.0,4.58,5.42,14.58,0.83,19.17,3,baixa,histórico dia_util (poucos dados)
PT0002000112989585PH,2026-07-09,15,dia_util,17.67,4.73,12.94,22.39,8.22,27.12,3,baixa,histórico dia_util (poucos dados)
PT0002000112989585PH,2026-07-09,16,dia_util,27.67,4.51,23.16,32.18,18.65,36.69,3,baixa,histórico dia_util (poucos dados)
PT0002000112989585PH,2026-07-09,17,dia_util,55.33,5.53,49.8,60.87,44.27,66.4,3,baixa,histórico dia_util (poucos dados)
PT0002000112989585PH,2026-07-09,18,dia_util,91.0,9.1,81.9,100.1,72.8,109.2,3,baixa,histórico dia_util (poucos dados)
PT0002000112989585PH,2026-07-09,19,dia_util,107.0,10.7,96.3,117.7,85.6,128.4,3,baixa,histórico dia_util (poucos dados)
PT0002000112989585PH,2026-07-09,20,dia_util,93.33,9.33,84.0,102.67,74.67,112.0,3,baixa,histórico dia_util (poucos dados)
PT0002000112989585PH,2026-07-09,21,dia_util,90.0,9.0,81.0,99.0,72.0,108.0,3,baixa,histórico dia_util (poucos dados)
PT0002000112989585PH,2026-07-09,22,dia_util,90.0,9.0,81.0,99.0,72.0,108.0,3,baixa,histórico dia_util (poucos dados)
PT0002000112989585PH,2026-07-09,23,dia_util,88.0,8.8,79.2,96.8,70.4,105.6,3,baixa,histórico dia_util (poucos dados)
PT0002000114613364CC,2026-07-09,0,dia_util,126.67,12.67,114.0,139.33,101.33,152.0,3,baixa,histórico dia_util (poucos dados)
PT0002000114613364CC,2026-07-09,1,dia_util,125.33,12.53,112.8,137.87,100.27,150.4,3,baixa,histórico dia_util (poucos dados)
PT0002000114613364CC,2026-07-09,2,dia_util,125.33,12.53,112.8,137.87,100.27,150.4,3,baixa,histórico dia_util (poucos dados)
PT0002000114613364CC,2026-07-09,3,dia_util,127.67,12.77,114.9,140.43,102.13,153.2,3,baixa,histórico dia_util (poucos dados)
PT0002000114613364CC,2026-07-09,4,dia_util,129.67,12.97,116.7,142.63,103.73,155.6,3,baixa,histórico dia_util (poucos dados)
PT0002000114613364CC,2026-07-09,5,dia_util,128.33,12.83,115.5,141.17,102.67,154.0,3,baixa,histórico dia_util (poucos dados)
PT0002000114613364CC,2026-07-09,6,dia_util,128.67,12.87,115.8,141.53,102.93,154.4,3,baixa,histórico dia_util (poucos dados)
PT0002000114613364CC,2026-07-09,7,dia_util,158.67,29.54,129.13,188.2,99.6,217.74,3,baixa,histórico dia_util (poucos dados)
PT0002000114613364CC,2026-07-09,8,dia_util,237.0,73.78,163.22,310.78,89.45,384.55,3,baixa,histórico dia_util (poucos dados)
PT0002000114613364CC,2026-07-09,9,dia_util,265.67,73.12,192.55,338.79,119.43,411.9,3,baixa,histórico dia_util (poucos dados)
PT0002000114613364CC,2026-07-09,10,dia_util,276.67,63.95,212.72,340.61,148.77,404.56,3,baixa,histórico dia_util (poucos dados)
PT0002000114613364CC,2026-07-09,11,dia_util,278.67,61.27,217.39,339.94,156.12,401.21,3,baixa,histórico dia_util (poucos dados)
PT0002000114613364CC,2026-07-09,12,dia_util,288.33,48.88,239.45,337.21,190.57,386.09,3,baixa,histórico dia_util (poucos dados)
PT0002000114613364CC,2026-07-09,13,dia_util,268.67,46.14,222.52,314.81,176.38,360.96,3,baixa,histórico dia_util (poucos dados)
PT0002000114613364CC,2026-07-09,14,dia_util,262.67,60.62,202.05,323.28,141.43,383.9,3,baixa,histórico dia_util (poucos dados)
PT0002000114613364CC,2026-07-09,15,dia_util,269.67,64.69,204.97,334.36,140.28,399.05,3,baixa,histórico dia_util (poucos dados)
PT0002000114613364CC,2026-07-09,16,dia_util,262.0,58.39,203.61,320.39,145.23,378.77,3,baixa,histórico dia_util (poucos dados)
PT0002000114613364CC,2026-07-09,17,dia_util,242.0,55.22,186.78,297.22,131.56,352.44,3,baixa,histórico dia_util (poucos dados)
PT0002000114613364CC,2026-07-09,18,dia_util,208.0,45.9,162.1,253.9,116.2,299.8,3,baixa,histórico dia_util (poucos dados)
PT0002000114613364CC,2026-07-09,19,dia_util,187.67,40.38,147.29,228.04,106.91,268.42,3,baixa,histórico dia_util (poucos dados)
PT0002000114613364CC,2026-07-09,20,dia_util,168.0,42.93,125.07,210.93,82.14,253.86,3,baixa,histórico dia_util (poucos dados)
PT0002000114613364CC,2026-07-09,21,dia_util,155.67,34.93,120.73,190.6,85.8,225.53,3,baixa,histórico dia_util (poucos dados)
PT0002000114613364CC,2026-07-09,22,dia_util,135.0,13.5,121.5,148.5,108.0,162.0,3,baixa,histórico dia_util (poucos dados)
PT0002000114613364CC,2026-07-09,23,dia_util,132.33,13.23,119.1,145.57,105.87,158.8,3,baixa,histórico dia_util (poucos dados)
PT0002000114685657JR,2026-07-09,0,dia_util,197.33,22.85,174.48,220.19,151.62,243.04,3,baixa,histórico dia_util (poucos dados)
PT0002000114685657JR,2026-07-09,1,dia_util,183.33,18.33,165.0,201.67,146.67,220.0,3,baixa,histórico dia_util (poucos dados)
PT0002000114685657JR,2026-07-09,2,dia_util,180.0,18.0,162.0,198.0,144.0,216.0,3,baixa,histórico dia_util (poucos dados)
PT0002000114685657JR,2026-07-09,3,dia_util,176.0,17.6,158.4,193.6,140.8,211.2,3,baixa,histórico dia_util (poucos dados)
PT0002000114685657JR,2026-07-09,4,dia_util,177.33,17.73,159.6,195.07,141.87,212.8,3,baixa,histórico dia_util (poucos dados)
PT0002000114685657JR,2026-07-09,5,dia_util,175.0,17.5,157.5,192.5,140.0,210.0,3,baixa,histórico dia_util (poucos dados)
PT0002000114685657JR,2026-07-09,6,dia_util,207.33,20.73,186.6,228.07,165.87,248.8,3,baixa,histórico dia_util (poucos dados)
PT0002000114685657JR,2026-07-09,7,dia_util,231.0,23.1,207.9,254.1,184.8,277.2,3,baixa,histórico dia_util (poucos dados)
PT0002000114685657JR,2026-07-09,8,dia_util,268.0,26.8,241.2,294.8,214.4,321.6,3,baixa,histórico dia_util (poucos dados)
PT0002000114685657JR,2026-07-09,9,dia_util,293.33,29.33,264.0,322.67,234.67,352.0,3,baixa,histórico dia_util (poucos dados)
PT0002000114685657JR,2026-07-09,10,dia_util,306.0,30.6,275.4,336.6,244.8,367.2,3,baixa,histórico dia_util (poucos dados)
PT0002000114685657JR,2026-07-09,11,dia_util,299.33,29.93,269.4,329.27,239.47,359.2,3,baixa,histórico dia_util (poucos dados)
PT0002000114685657JR,2026-07-09,12,dia_util,288.0,28.8,259.2,316.8,230.4,345.6,3,baixa,histórico dia_util (poucos dados)
PT0002000114685657JR,2026-07-09,13,dia_util,286.33,28.63,257.7,314.97,229.07,343.6,3,baixa,histórico dia_util (poucos dados)
PT0002000114685657JR,2026-07-09,14,dia_util,286.0,28.6,257.4,314.6,228.8,343.2,3,baixa,histórico dia_util (poucos dados)
PT0002000114685657JR,2026-07-09,15,dia_util,286.0,28.6,257.4,314.6,228.8,343.2,3,baixa,histórico dia_util (poucos dados)
PT0002000114685657JR,2026-07-09,16,dia_util,313.33,31.33,282.0,344.67,250.67,376.0,3,baixa,histórico dia_util (poucos dados)
PT0002000114685657JR,2026-07-09,17,dia_util,309.0,30.9,278.1,339.9,247.2,370.8,3,baixa,histórico dia_util (poucos dados)
PT0002000114685657JR,2026-07-09,18,dia_util,299.67,29.97,269.7,329.63,239.73,359.6,3,baixa,histórico dia_util (poucos dados)
PT0002000114685657JR,2026-07-09,19,dia_util,286.67,28.67,258.0,315.33,229.33,344.0,3,baixa,histórico dia_util (poucos dados)
PT0002000114685657JR,2026-07-09,20,dia_util,284.33,28.43,255.9,312.77,227.47,341.2,3,baixa,histórico dia_util (poucos dados)
PT0002000114685657JR,2026-07-09,21,dia_util,277.67,27.77,249.9,305.43,222.13,333.2,3,baixa,histórico dia_util (poucos dados)
PT0002000114685657JR,2026-07-09,22,dia_util,257.67,25.77,231.9,283.43,206.13,309.2,3,baixa,histórico dia_util (poucos dados)
PT0002000114685657JR,2026-07-09,23,dia_util,247.67,24.77,222.9,272.43,198.13,297.2,3,baixa,histórico dia_util (poucos dados)
PT0002000115031201VQ,2026-07-09,0,dia_util,7.0,1.0,6.0,8.0,5.0,9.0,3,baixa,histórico dia_util (poucos dados)
PT0002000115031201VQ,2026-07-09,1,dia_util,3.67,0.58,3.09,4.24,2.51,4.82,3,baixa,histórico dia_util (poucos dados)
PT0002000115031201VQ,2026-07-09,2,dia_util,4.0,0.4,3.6,4.4,3.2,4.8,3,baixa,histórico dia_util (poucos dados)
PT0002000115031201VQ,2026-07-09,3,dia_util,4.0,0.4,3.6,4.4,3.2,4.8,3,baixa,histórico dia_util (poucos dados)
PT0002000115031201VQ,2026-07-09,4,dia_util,4.0,0.4,3.6,4.4,3.2,4.8,3,baixa,histórico dia_util (poucos dados)
PT0002000115031201VQ,2026-07-09,5,dia_util,4.33,0.58,3.76,4.91,3.18,5.49,3,baixa,histórico dia_util (poucos dados)
PT0002000115031201VQ,2026-07-09,6,dia_util,4.0,0.4,3.6,4.4,3.2,4.8,3,baixa,histórico dia_util (poucos dados)
PT0002000115031201VQ,2026-07-09,7,dia_util,9.33,2.89,6.45,12.22,3.56,15.11,3,baixa,histórico dia_util (poucos dados)
PT0002000115031201VQ,2026-07-09,8,dia_util,26.67,6.81,19.86,33.47,13.05,40.28,3,baixa,histórico dia_util (poucos dados)
PT0002000115031201VQ,2026-07-09,9,dia_util,31.67,11.85,19.82,43.51,7.97,55.36,3,baixa,histórico dia_util (poucos dados)
PT0002000115031201VQ,2026-07-09,10,dia_util,46.0,18.25,27.75,64.25,9.5,82.5,3,baixa,histórico dia_util (poucos dados)
PT0002000115031201VQ,2026-07-09,11,dia_util,58.0,13.89,44.11,71.89,30.22,85.78,3,baixa,histórico dia_util (poucos dados)
PT0002000115031201VQ,2026-07-09,12,dia_util,55.67,16.2,39.47,71.86,23.27,88.06,3,baixa,histórico dia_util (poucos dados)
PT0002000115031201VQ,2026-07-09,13,dia_util,53.67,16.2,37.47,69.86,21.27,86.06,3,baixa,histórico dia_util (poucos dados)
PT0002000115031201VQ,2026-07-09,14,dia_util,45.67,19.66,26.01,65.32,6.36,84.98,3,baixa,histórico dia_util (poucos dados)
PT0002000115031201VQ,2026-07-09,15,dia_util,36.0,14.0,22.0,50.0,8.0,64.0,3,baixa,histórico dia_util (poucos dados)
PT0002000115031201VQ,2026-07-09,16,dia_util,27.33,9.81,17.52,37.15,7.7,46.96,3,baixa,histórico dia_util (poucos dados)
PT0002000115031201VQ,2026-07-09,17,dia_util,25.33,8.08,17.25,33.42,9.17,41.5,3,baixa,histórico dia_util (poucos dados)
PT0002000115031201VQ,2026-07-09,18,dia_util,23.33,5.51,17.83,28.84,12.32,34.35,3,baixa,histórico dia_util (poucos dados)
PT0002000115031201VQ,2026-07-09,19,dia_util,10.67,1.07,9.6,11.73,8.53,12.8,3,baixa,histórico dia_util (poucos dados)
PT0002000115031201VQ,2026-07-09,20,dia_util,7.33,1.15,6.18,8.49,5.02,9.64,3,baixa,histórico dia_util (poucos dados)
PT0002000115031201VQ,2026-07-09,21,dia_util,7.67,0.77,6.9,8.43,6.13,9.2,3,baixa,histórico dia_util (poucos dados)
PT0002000115031201VQ,2026-07-09,22,dia_util,7.33,1.15,6.18,8.49,5.02,9.64,3,baixa,histórico dia_util (poucos dados)
PT0002000115031201VQ,2026-07-09,23,dia_util,7.67,0.77,6.9,8.43,6.13,9.2,3,baixa,histórico dia_util (poucos dados)
PT0002000115673389QK,2026-07-09,0,dia_util,43.0,7.0,36.0,50.0,29.0,57.0,3,baixa,histórico dia_util (poucos dados)
PT0002000115673389QK,2026-07-09,1,dia_util,39.0,6.0,33.0,45.0,27.0,51.0,3,baixa,histórico dia_util (poucos dados)
PT0002000115673389QK,2026-07-09,2,dia_util,34.33,7.09,27.24,41.43,20.14,48.52,3,baixa,histórico dia_util (poucos dados)
PT0002000115673389QK,2026-07-09,3,dia_util,31.67,9.61,22.06,41.28,12.45,50.88,3,baixa,histórico dia_util (poucos dados)
PT0002000115673389QK,2026-07-09,4,dia_util,31.33,11.85,19.49,43.18,7.64,55.03,3,baixa,histórico dia_util (poucos dados)
PT0002000115673389QK,2026-07-09,5,dia_util,28.67,8.33,20.34,36.99,12.01,45.32,3,baixa,histórico dia_util (poucos dados)
PT0002000115673389QK,2026-07-09,6,dia_util,26.67,9.81,16.85,36.48,7.04,46.3,3,baixa,histórico dia_util (poucos dados)
PT0002000115673389QK,2026-07-09,7,dia_util,38.33,12.1,26.24,50.43,14.14,62.53,3,baixa,histórico dia_util (poucos dados)
PT0002000115673389QK,2026-07-09,8,dia_util,61.67,6.17,55.5,67.83,49.33,74.0,3,baixa,histórico dia_util (poucos dados)
PT0002000115673389QK,2026-07-09,9,dia_util,68.0,8.54,59.46,76.54,50.91,85.09,3,baixa,histórico dia_util (poucos dados)
PT0002000115673389QK,2026-07-09,10,dia_util,109.0,10.9,98.1,119.9,87.2,130.8,3,baixa,histórico dia_util (poucos dados)
PT0002000115673389QK,2026-07-09,11,dia_util,135.67,13.57,122.1,149.23,108.53,162.8,3,baixa,histórico dia_util (poucos dados)
PT0002000115673389QK,2026-07-09,12,dia_util,134.33,16.29,118.04,150.62,101.76,166.91,3,baixa,histórico dia_util (poucos dados)
PT0002000115673389QK,2026-07-09,13,dia_util,136.33,23.59,112.75,159.92,89.16,183.51,3,baixa,histórico dia_util (poucos dados)
PT0002000115673389QK,2026-07-09,14,dia_util,130.33,20.43,109.9,150.76,89.48,171.19,3,baixa,histórico dia_util (poucos dados)
PT0002000115673389QK,2026-07-09,15,dia_util,113.0,13.0,100.0,126.0,87.0,139.0,3,baixa,histórico dia_util (poucos dados)
PT0002000115673389QK,2026-07-09,16,dia_util,106.67,13.05,93.62,119.72,80.56,132.77,3,baixa,histórico dia_util (poucos dados)
PT0002000115673389QK,2026-07-09,17,dia_util,92.0,17.0,75.0,109.0,58.0,126.0,3,baixa,histórico dia_util (poucos dados)
PT0002000115673389QK,2026-07-09,18,dia_util,55.0,5.5,49.5,60.5,44.0,66.0,3,baixa,histórico dia_util (poucos dados)
PT0002000115673389QK,2026-07-09,19,dia_util,38.0,3.8,34.2,41.8,30.4,45.6,3,baixa,histórico dia_util (poucos dados)
PT0002000115673389QK,2026-07-09,20,dia_util,29.33,2.93,26.4,32.27,23.47,35.2,3,baixa,histórico dia_util (poucos dados)
PT0002000115673389QK,2026-07-09,21,dia_util,30.67,3.07,27.6,33.73,24.53,36.8,3,baixa,histórico dia_util (poucos dados)
PT0002000115673389QK,2026-07-09,22,dia_util,29.33,2.93,26.4,32.27,23.47,35.2,3,baixa,histórico dia_util (poucos dados)
PT0002000115673389QK,2026-07-09,23,dia_util,33.67,10.02,23.65,43.68,13.63,53.7,3,baixa,histórico dia_util (poucos dados)
PT0002000115673471CB,2026-07-09,0,dia_util,28.67,3.51,25.15,32.18,21.64,35.69,3,baixa,histórico dia_util (poucos dados)
PT0002000115673471CB,2026-07-09,1,dia_util,26.67,5.03,21.63,31.7,16.6,36.73,3,baixa,histórico dia_util (poucos dados)
PT0002000115673471CB,2026-07-09,2,dia_util,24.33,6.66,17.68,30.99,11.02,37.65,3,baixa,histórico dia_util (poucos dados)
PT0002000115673471CB,2026-07-09,3,dia_util,21.67,5.51,16.16,27.17,10.65,32.68,3,baixa,histórico dia_util (poucos dados)
PT0002000115673471CB,2026-07-09,4,dia_util,21.67,4.62,17.05,26.29,12.43,30.9,3,baixa,histórico dia_util (poucos dados)
PT0002000115673471CB,2026-07-09,5,dia_util,21.67,2.89,18.78,24.55,15.89,27.44,3,baixa,histórico dia_util (poucos dados)
PT0002000115673471CB,2026-07-09,6,dia_util,23.67,4.16,19.5,27.83,15.34,31.99,3,baixa,histórico dia_util (poucos dados)
PT0002000115673471CB,2026-07-09,7,dia_util,46.0,5.0,41.0,51.0,36.0,56.0,3,baixa,histórico dia_util (poucos dados)
PT0002000115673471CB,2026-07-09,8,dia_util,58.67,10.69,47.97,69.36,37.28,80.05,3,baixa,histórico dia_util (poucos dados)
PT0002000115673471CB,2026-07-09,9,dia_util,62.33,6.23,56.1,68.57,49.87,74.8,3,baixa,histórico dia_util (poucos dados)
PT0002000115673471CB,2026-07-09,10,dia_util,61.67,8.02,53.65,69.69,45.63,77.71,3,baixa,histórico dia_util (poucos dados)
PT0002000115673471CB,2026-07-09,11,dia_util,61.0,10.15,50.85,71.15,40.7,81.3,3,baixa,histórico dia_util (poucos dados)
PT0002000115673471CB,2026-07-09,12,dia_util,71.33,7.51,63.83,78.84,56.32,86.34,3,baixa,histórico dia_util (poucos dados)
PT0002000115673471CB,2026-07-09,13,dia_util,44.0,6.24,37.76,50.24,31.51,56.49,3,baixa,histórico dia_util (poucos dados)
PT0002000115673471CB,2026-07-09,14,dia_util,31.33,4.04,27.29,35.37,23.25,39.42,3,baixa,histórico dia_util (poucos dados)
PT0002000115673471CB,2026-07-09,15,dia_util,33.67,5.69,27.98,39.35,22.29,45.04,3,baixa,histórico dia_util (poucos dados)
PT0002000115673471CB,2026-07-09,16,dia_util,26.67,5.51,21.16,32.17,15.65,37.68,3,baixa,histórico dia_util (poucos dados)
PT0002000115673471CB,2026-07-09,17,dia_util,23.33,7.51,15.83,30.84,8.32,38.34,3,baixa,histórico dia_util (poucos dados)
PT0002000115673471CB,2026-07-09,18,dia_util,21.67,4.04,17.63,25.71,13.58,29.75,3,baixa,histórico dia_util (poucos dados)
PT0002000115673471CB,2026-07-09,19,dia_util,17.67,2.08,15.59,19.75,13.5,21.83,3,baixa,histórico dia_util (poucos dados)
PT0002000115673471CB,2026-07-09,20,dia_util,18.67,1.87,16.8,20.53,14.93,22.4,3,baixa,histórico dia_util (poucos dados)
PT0002000115673471CB,2026-07-09,21,dia_util,23.67,2.37,21.3,26.03,18.93,28.4,3,baixa,histórico dia_util (poucos dados)
PT0002000115673471CB,2026-07-09,22,dia_util,25.33,4.93,20.4,30.27,15.47,35.2,3,baixa,histórico dia_util (poucos dados)
PT0002000115673471CB,2026-07-09,23,dia_util,28.0,4.0,24.0,32.0,20.0,36.0,3,baixa,histórico dia_util (poucos dados)
PT0002000115700602GW,2026-07-09,0,dia_util,8.33,0.83,7.5,9.17,6.67,10.0,3,baixa,histórico dia_util (poucos dados)
PT0002000115700602GW,2026-07-09,1,dia_util,9.0,0.9,8.1,9.9,7.2,10.8,3,baixa,histórico dia_util (poucos dados)
PT0002000115700602GW,2026-07-09,2,dia_util,8.33,0.83,7.5,9.17,6.67,10.0,3,baixa,histórico dia_util (poucos dados)
PT0002000115700602GW,2026-07-09,3,dia_util,9.0,0.9,8.1,9.9,7.2,10.8,3,baixa,histórico dia_util (poucos dados)
PT0002000115700602GW,2026-07-09,4,dia_util,8.33,0.83,7.5,9.17,6.67,10.0,3,baixa,histórico dia_util (poucos dados)
PT0002000115700602GW,2026-07-09,5,dia_util,11.33,2.08,9.25,13.41,7.17,15.5,3,baixa,histórico dia_util (poucos dados)
PT0002000115700602GW,2026-07-09,6,dia_util,13.0,3.61,9.39,16.61,5.79,20.21,3,baixa,histórico dia_util (poucos dados)
PT0002000115700602GW,2026-07-09,7,dia_util,37.0,19.05,17.95,56.05,-1.11,75.11,3,baixa,histórico dia_util (poucos dados)
PT0002000115700602GW,2026-07-09,8,dia_util,56.0,34.7,21.3,90.7,-13.4,125.4,3,baixa,histórico dia_util (poucos dados)
PT0002000115700602GW,2026-07-09,9,dia_util,63.33,44.64,18.7,107.97,-25.94,152.6,3,baixa,histórico dia_util (poucos dados)
PT0002000115700602GW,2026-07-09,10,dia_util,74.0,31.32,42.68,105.32,11.36,136.64,3,baixa,histórico dia_util (poucos dados)
PT0002000115700602GW,2026-07-09,11,dia_util,66.33,28.94,37.4,95.27,8.46,124.21,3,baixa,histórico dia_util (poucos dados)
PT0002000115700602GW,2026-07-09,12,dia_util,70.33,32.39,37.94,102.73,5.55,135.12,3,baixa,histórico dia_util (poucos dados)
PT0002000115700602GW,2026-07-09,13,dia_util,59.0,13.0,46.0,72.0,33.0,85.0,3,baixa,histórico dia_util (poucos dados)
PT0002000115700602GW,2026-07-09,14,dia_util,59.0,23.39,35.61,82.39,12.22,105.78,3,baixa,histórico dia_util (poucos dados)
PT0002000115700602GW,2026-07-09,15,dia_util,50.0,22.61,27.39,72.61,4.79,95.21,3,baixa,histórico dia_util (poucos dados)
PT0002000115700602GW,2026-07-09,16,dia_util,45.67,17.93,27.74,63.59,9.82,81.52,3,baixa,histórico dia_util (poucos dados)
PT0002000115700602GW,2026-07-09,17,dia_util,33.67,9.29,24.38,42.96,15.08,52.25,3,baixa,histórico dia_util (poucos dados)
PT0002000115700602GW,2026-07-09,18,dia_util,25.67,4.51,21.16,30.18,16.65,34.69,3,baixa,histórico dia_util (poucos dados)
PT0002000115700602GW,2026-07-09,19,dia_util,13.0,3.61,9.39,16.61,5.79,20.21,3,baixa,histórico dia_util (poucos dados)
PT0002000115700602GW,2026-07-09,20,dia_util,12.67,4.16,8.5,16.83,4.34,20.99,3,baixa,histórico dia_util (poucos dados)
PT0002000115700602GW,2026-07-09,21,dia_util,13.0,3.61,9.39,16.61,5.79,20.21,3,baixa,histórico dia_util (poucos dados)
PT0002000115700602GW,2026-07-09,22,dia_util,12.67,3.51,9.15,16.18,5.64,19.69,3,baixa,histórico dia_util (poucos dados)
PT0002000115700602GW,2026-07-09,23,dia_util,13.0,3.0,10.0,16.0,7.0,19.0,3,baixa,histórico dia_util (poucos dados)
PT0002000116530964LH,2026-07-09,0,dia_util,78.33,7.83,70.5,86.17,62.67,94.0,3,baixa,histórico dia_util (poucos dados)
PT0002000116530964LH,2026-07-09,1,dia_util,77.67,7.77,69.9,85.43,62.13,93.2,3,baixa,histórico dia_util (poucos dados)
PT0002000116530964LH,2026-07-09,2,dia_util,77.0,7.7,69.3,84.7,61.6,92.4,3,baixa,histórico dia_util (poucos dados)
PT0002000116530964LH,2026-07-09,3,dia_util,78.33,7.83,70.5,86.17,62.67,94.0,3,baixa,histórico dia_util (poucos dados)
PT0002000116530964LH,2026-07-09,4,dia_util,78.33,7.83,70.5,86.17,62.67,94.0,3,baixa,histórico dia_util (poucos dados)
PT0002000116530964LH,2026-07-09,5,dia_util,79.0,7.9,71.1,86.9,63.2,94.8,3,baixa,histórico dia_util (poucos dados)
PT0002000116530964LH,2026-07-09,6,dia_util,78.0,7.8,70.2,85.8,62.4,93.6,3,baixa,histórico dia_util (poucos dados)
PT0002000116530964LH,2026-07-09,7,dia_util,107.0,10.7,96.3,117.7,85.6,128.4,3,baixa,histórico dia_util (poucos dados)
PT0002000116530964LH,2026-07-09,8,dia_util,142.0,14.2,127.8,156.2,113.6,170.4,3,baixa,histórico dia_util (poucos dados)
PT0002000116530964LH,2026-07-09,9,dia_util,168.33,16.83,151.5,185.17,134.67,202.0,3,baixa,histórico dia_util (poucos dados)
PT0002000116530964LH,2026-07-09,10,dia_util,181.0,18.1,162.9,199.1,144.8,217.2,3,baixa,histórico dia_util (poucos dados)
PT0002000116530964LH,2026-07-09,11,dia_util,181.0,18.1,162.9,199.1,144.8,217.2,3,baixa,histórico dia_util (poucos dados)
PT0002000116530964LH,2026-07-09,12,dia_util,173.67,19.5,154.16,193.17,134.66,212.67,3,baixa,histórico dia_util (poucos dados)
PT0002000116530964LH,2026-07-09,13,dia_util,164.0,21.28,142.72,185.28,121.43,206.57,3,baixa,histórico dia_util (poucos dados)
PT0002000116530964LH,2026-07-09,14,dia_util,173.67,17.37,156.3,191.03,138.93,208.4,3,baixa,histórico dia_util (poucos dados)
PT0002000116530964LH,2026-07-09,15,dia_util,177.67,17.77,159.9,195.43,142.13,213.2,3,baixa,histórico dia_util (poucos dados)
PT0002000116530964LH,2026-07-09,16,dia_util,163.0,16.3,146.7,179.3,130.4,195.6,3,baixa,histórico dia_util (poucos dados)
PT0002000116530964LH,2026-07-09,17,dia_util,150.0,15.0,135.0,165.0,120.0,180.0,3,baixa,histórico dia_util (poucos dados)
PT0002000116530964LH,2026-07-09,18,dia_util,140.0,14.0,126.0,154.0,112.0,168.0,3,baixa,histórico dia_util (poucos dados)
PT0002000116530964LH,2026-07-09,19,dia_util,141.33,15.5,125.83,156.84,110.33,172.34,3,baixa,histórico dia_util (poucos dados)
PT0002000116530964LH,2026-07-09,20,dia_util,129.0,20.66,108.34,149.66,87.67,170.33,3,baixa,histórico dia_util (poucos dados)
PT0002000116530964LH,2026-07-09,21,dia_util,109.33,24.58,84.75,133.92,60.17,158.5,3,baixa,histórico dia_util (poucos dados)
PT0002000116530964LH,2026-07-09,22,dia_util,103.33,25.58,77.75,128.91,52.17,154.49,3,baixa,histórico dia_util (poucos dados)
PT0002000116530964LH,2026-07-09,23,dia_util,92.67,23.35,69.31,116.02,45.96,139.37,3,baixa,histórico dia_util (poucos dados)
PT0002000119303492KB,2026-07-09,0,dia_util,5.67,0.58,5.09,6.24,4.51,6.82,3,baixa,histórico dia_util (poucos dados)
PT0002000119303492KB,2026-07-09,1,dia_util,6.33,0.63,5.7,6.97,5.07,7.6,3,baixa,histórico dia_util (poucos dados)
PT0002000119303492KB,2026-07-09,2,dia_util,5.67,0.58,5.09,6.24,4.51,6.82,3,baixa,histórico dia_util (poucos dados)
PT0002000119303492KB,2026-07-09,3,dia_util,5.67,1.15,4.51,6.82,3.36,7.98,3,baixa,histórico dia_util (poucos dados)
PT0002000119303492KB,2026-07-09,4,dia_util,6.0,1.0,5.0,7.0,4.0,8.0,3,baixa,histórico dia_util (poucos dados)
PT0002000119303492KB,2026-07-09,5,dia_util,6.67,0.67,6.0,7.33,5.33,8.0,3,baixa,histórico dia_util (poucos dados)
PT0002000119303492KB,2026-07-09,6,dia_util,5.0,0.5,4.5,5.5,4.0,6.0,3,baixa,histórico dia_util (poucos dados)
PT0002000119303492KB,2026-07-09,7,dia_util,11.67,3.21,8.45,14.88,5.24,18.1,3,baixa,histórico dia_util (poucos dados)
PT0002000119303492KB,2026-07-09,8,dia_util,14.0,6.24,7.76,20.24,1.51,26.49,3,baixa,histórico dia_util (poucos dados)
PT0002000119303492KB,2026-07-09,9,dia_util,8.67,4.93,3.73,13.6,-1.2,18.53,3,baixa,histórico dia_util (poucos dados)
PT0002000119303492KB,2026-07-09,10,dia_util,22.33,5.51,16.83,27.84,11.32,33.35,3,baixa,histórico dia_util (poucos dados)
PT0002000119303492KB,2026-07-09,11,dia_util,28.33,5.77,22.56,34.11,16.79,39.88,3,baixa,histórico dia_util (poucos dados)
PT0002000119303492KB,2026-07-09,12,dia_util,31.33,11.02,20.32,42.35,9.3,53.36,3,baixa,histórico dia_util (poucos dados)
PT0002000119303492KB,2026-07-09,13,dia_util,47.33,11.68,35.66,59.01,23.98,70.69,3,baixa,histórico dia_util (poucos dados)
PT0002000119303492KB,2026-07-09,14,dia_util,42.0,7.55,34.45,49.55,26.9,57.1,3,baixa,histórico dia_util (poucos dados)
PT0002000119303492KB,2026-07-09,15,dia_util,32.33,3.23,29.1,35.57,25.87,38.8,3,baixa,histórico dia_util (poucos dados)
PT0002000119303492KB,2026-07-09,16,dia_util,27.0,5.29,21.71,32.29,16.42,37.58,3,baixa,histórico dia_util (poucos dados)
PT0002000119303492KB,2026-07-09,17,dia_util,24.33,2.43,21.9,26.77,19.47,29.2,3,baixa,histórico dia_util (poucos dados)
PT0002000119303492KB,2026-07-09,18,dia_util,17.0,2.65,14.35,19.65,11.71,22.29,3,baixa,histórico dia_util (poucos dados)
PT0002000119303492KB,2026-07-09,19,dia_util,5.0,1.0,4.0,6.0,3.0,7.0,3,baixa,histórico dia_util (poucos dados)
PT0002000119303492KB,2026-07-09,20,dia_util,5.0,1.0,4.0,6.0,3.0,7.0,3,baixa,histórico dia_util (poucos dados)
PT0002000119303492KB,2026-07-09,21,dia_util,5.67,1.15,4.51,6.82,3.36,7.98,3,baixa,histórico dia_util (poucos dados)
PT0002000119303492KB,2026-07-09,22,dia_util,5.67,0.58,5.09,6.24,4.51,6.82,3,baixa,histórico dia_util (poucos dados)
PT0002000119303492KB,2026-07-09,23,dia_util,6.0,0.6,5.4,6.6,4.8,7.2,3,baixa,histórico dia_util (poucos dados)
PT0002000120237616VJ,2026-07-09,0,dia_util,12.67,1.53,11.14,14.19,9.61,15.72,3,baixa,histórico dia_util (poucos dados)
PT0002000120237616VJ,2026-07-09,1,dia_util,12.67,1.53,11.14,14.19,9.61,15.72,3,baixa,histórico dia_util (poucos dados)
PT0002000120237616VJ,2026-07-09,2,dia_util,13.0,2.0,11.0,15.0,9.0,17.0,3,baixa,histórico dia_util (poucos dados)
PT0002000120237616VJ,2026-07-09,3,dia_util,13.0,2.0,11.0,15.0,9.0,17.0,3,baixa,histórico dia_util (poucos dados)
PT0002000120237616VJ,2026-07-09,4,dia_util,13.67,1.53,12.14,15.19,10.61,16.72,3,baixa,histórico dia_util (poucos dados)
PT0002000120237616VJ,2026-07-09,5,dia_util,12.0,1.2,10.8,13.2,9.6,14.4,3,baixa,histórico dia_util (poucos dados)
PT0002000120237616VJ,2026-07-09,6,dia_util,11.67,1.17,10.5,12.83,9.33,14.0,3,baixa,histórico dia_util (poucos dados)
PT0002000120237616VJ,2026-07-09,7,dia_util,34.0,3.4,30.6,37.4,27.2,40.8,3,baixa,histórico dia_util (poucos dados)
PT0002000120237616VJ,2026-07-09,8,dia_util,50.67,5.07,45.6,55.73,40.53,60.8,3,baixa,histórico dia_util (poucos dados)
PT0002000120237616VJ,2026-07-09,9,dia_util,54.0,5.4,48.6,59.4,43.2,64.8,3,baixa,histórico dia_util (poucos dados)
PT0002000120237616VJ,2026-07-09,10,dia_util,53.33,5.33,48.0,58.67,42.67,64.0,3,baixa,histórico dia_util (poucos dados)
PT0002000120237616VJ,2026-07-09,11,dia_util,62.33,6.23,56.1,68.57,49.87,74.8,3,baixa,histórico dia_util (poucos dados)
PT0002000120237616VJ,2026-07-09,12,dia_util,66.0,6.6,59.4,72.6,52.8,79.2,3,baixa,histórico dia_util (poucos dados)
PT0002000120237616VJ,2026-07-09,13,dia_util,60.33,6.03,54.3,66.37,48.27,72.4,3,baixa,histórico dia_util (poucos dados)
PT0002000120237616VJ,2026-07-09,14,dia_util,44.0,8.19,35.81,52.19,27.63,60.37,3,baixa,histórico dia_util (poucos dados)
PT0002000120237616VJ,2026-07-09,15,dia_util,50.33,8.14,42.19,58.48,34.04,66.62,3,baixa,histórico dia_util (poucos dados)
PT0002000120237616VJ,2026-07-09,16,dia_util,39.33,3.93,35.4,43.27,31.47,47.2,3,baixa,histórico dia_util (poucos dados)
PT0002000120237616VJ,2026-07-09,17,dia_util,35.67,4.04,31.63,39.71,27.58,43.75,3,baixa,histórico dia_util (poucos dados)
PT0002000120237616VJ,2026-07-09,18,dia_util,28.67,4.93,23.73,33.6,18.8,38.53,3,baixa,histórico dia_util (poucos dados)
PT0002000120237616VJ,2026-07-09,19,dia_util,23.0,2.3,20.7,25.3,18.4,27.6,3,baixa,histórico dia_util (poucos dados)
PT0002000120237616VJ,2026-07-09,20,dia_util,20.67,2.07,18.6,22.73,16.53,24.8,3,baixa,histórico dia_util (poucos dados)
PT0002000120237616VJ,2026-07-09,21,dia_util,19.67,1.97,17.7,21.63,15.73,23.6,3,baixa,histórico dia_util (poucos dados)
PT0002000120237616VJ,2026-07-09,22,dia_util,18.0,1.8,16.2,19.8,14.4,21.6,3,baixa,histórico dia_util (poucos dados)
PT0002000120237616VJ,2026-07-09,23,dia_util,12.33,1.23,11.1,13.57,9.87,14.8,3,baixa,histórico dia_util (poucos dados)
PT0002000123648159KR,2026-07-09,0,dia_util,10.67,3.51,7.15,14.18,3.64,17.69,3,baixa,histórico dia_util (poucos dados)
PT0002000123648159KR,2026-07-09,1,dia_util,9.0,2.0,7.0,11.0,5.0,13.0,3,baixa,histórico dia_util (poucos dados)
PT0002000123648159KR,2026-07-09,2,dia_util,8.67,3.79,4.88,12.45,1.09,16.24,3,baixa,histórico dia_util (poucos dados)
PT0002000123648159KR,2026-07-09,3,dia_util,8.0,3.61,4.39,11.61,0.79,15.21,3,baixa,histórico dia_util (poucos dados)
PT0002000123648159KR,2026-07-09,4,dia_util,7.33,2.52,4.82,9.85,2.3,12.37,3,baixa,histórico dia_util (poucos dados)
PT0002000123648159KR,2026-07-09,5,dia_util,7.67,2.52,5.15,10.18,2.63,12.7,3,baixa,histórico dia_util (poucos dados)
PT0002000123648159KR,2026-07-09,6,dia_util,7.67,2.08,5.59,9.75,3.5,11.83,3,baixa,histórico dia_util (poucos dados)
PT0002000123648159KR,2026-07-09,7,dia_util,28.0,4.58,23.42,32.58,18.83,37.17,3,baixa,histórico dia_util (poucos dados)
PT0002000123648159KR,2026-07-09,8,dia_util,27.33,6.43,20.9,33.76,14.48,40.19,3,baixa,histórico dia_util (poucos dados)
PT0002000123648159KR,2026-07-09,9,dia_util,33.33,8.02,25.31,41.35,17.29,49.37,3,baixa,histórico dia_util (poucos dados)
PT0002000123648159KR,2026-07-09,10,dia_util,30.0,4.36,25.64,34.36,21.28,38.72,3,baixa,histórico dia_util (poucos dados)
PT0002000123648159KR,2026-07-09,11,dia_util,36.67,8.5,28.16,45.17,19.66,53.68,3,baixa,histórico dia_util (poucos dados)
PT0002000123648159KR,2026-07-09,12,dia_util,41.0,4.1,36.9,45.1,32.8,49.2,3,baixa,histórico dia_util (poucos dados)
PT0002000123648159KR,2026-07-09,13,dia_util,22.67,2.27,20.4,24.93,18.13,27.2,3,baixa,histórico dia_util (poucos dados)
PT0002000123648159KR,2026-07-09,14,dia_util,19.0,1.9,17.1,20.9,15.2,22.8,3,baixa,histórico dia_util (poucos dados)
PT0002000123648159KR,2026-07-09,15,dia_util,22.0,2.2,19.8,24.2,17.6,26.4,3,baixa,histórico dia_util (poucos dados)
PT0002000123648159KR,2026-07-09,16,dia_util,18.33,2.31,16.02,20.64,13.71,22.95,3,baixa,histórico dia_util (poucos dados)
PT0002000123648159KR,2026-07-09,17,dia_util,14.0,3.46,10.54,17.46,7.07,20.93,3,baixa,histórico dia_util (poucos dados)
PT0002000123648159KR,2026-07-09,18,dia_util,10.67,2.08,8.59,12.75,6.5,14.83,3,baixa,histórico dia_util (poucos dados)
PT0002000123648159KR,2026-07-09,19,dia_util,7.33,0.73,6.6,8.07,5.87,8.8,3,baixa,histórico dia_util (poucos dados)
PT0002000123648159KR,2026-07-09,20,dia_util,5.33,1.53,3.81,6.86,2.28,8.39,3,baixa,histórico dia_util (poucos dados)
PT0002000123648159KR,2026-07-09,21,dia_util,5.67,1.53,4.14,7.19,2.61,8.72,3,baixa,histórico dia_util (poucos dados)
PT0002000123648159KR,2026-07-09,22,dia_util,5.67,1.53,4.14,7.19,2.61,8.72,3,baixa,histórico dia_util (poucos dados)
PT0002000123648159KR,2026-07-09,23,dia_util,8.33,2.08,6.25,10.41,4.17,12.5,3,baixa,histórico dia_util (poucos dados)
PT0002000125379984SH,2026-07-09,0,dia_util,5.0,3.61,1.39,8.61,-2.21,12.21,3,baixa,histórico dia_util (poucos dados)
PT0002000125379984SH,2026-07-09,1,dia_util,6.0,3.61,2.39,9.61,-1.21,13.21,3,baixa,histórico dia_util (poucos dados)
PT0002000125379984SH,2026-07-09,2,dia_util,4.67,3.79,0.88,8.45,-2.91,12.24,3,baixa,histórico dia_util (poucos dados)
PT0002000125379984SH,2026-07-09,3,dia_util,4.0,3.46,0.54,7.46,-2.93,10.93,3,baixa,histórico dia_util (poucos dados)
PT0002000125379984SH,2026-07-09,4,dia_util,4.33,4.04,0.29,8.37,-3.75,12.42,3,baixa,histórico dia_util (poucos dados)
PT0002000125379984SH,2026-07-09,5,dia_util,4.33,3.21,1.12,7.55,-2.1,10.76,3,baixa,histórico dia_util (poucos dados)
PT0002000125379984SH,2026-07-09,6,dia_util,5.0,3.61,1.39,8.61,-2.21,12.21,3,baixa,histórico dia_util (poucos dados)
PT0002000125379984SH,2026-07-09,7,dia_util,7.0,3.61,3.39,10.61,-0.21,14.21,3,baixa,histórico dia_util (poucos dados)
PT0002000125379984SH,2026-07-09,8,dia_util,16.67,6.66,10.01,23.32,3.35,29.98,3,baixa,histórico dia_util (poucos dados)
PT0002000125379984SH,2026-07-09,9,dia_util,21.0,2.65,18.35,23.65,15.71,26.29,3,baixa,histórico dia_util (poucos dados)
PT0002000125379984SH,2026-07-09,10,dia_util,20.67,2.07,18.6,22.73,16.53,24.8,3,baixa,histórico dia_util (poucos dados)
PT0002000125379984SH,2026-07-09,11,dia_util,15.33,5.13,10.2,20.46,5.07,25.6,3,baixa,histórico dia_util (poucos dados)
PT0002000125379984SH,2026-07-09,12,dia_util,9.0,11.27,-2.27,20.27,-13.54,31.54,3,baixa,histórico dia_util (poucos dados)
PT0002000125379984SH,2026-07-09,13,dia_util,4.67,5.51,-0.84,10.17,-6.35,15.68,3,baixa,histórico dia_util (poucos dados)
PT0002000125379984SH,2026-07-09,14,dia_util,4.0,3.46,0.54,7.46,-2.93,10.93,3,baixa,histórico dia_util (poucos dados)
PT0002000125379984SH,2026-07-09,15,dia_util,4.0,3.46,0.54,7.46,-2.93,10.93,3,baixa,histórico dia_util (poucos dados)
PT0002000125379984SH,2026-07-09,16,dia_util,7.33,1.15,6.18,8.49,5.02,9.64,3,baixa,histórico dia_util (poucos dados)
PT0002000125379984SH,2026-07-09,17,dia_util,12.0,1.2,10.8,13.2,9.6,14.4,3,baixa,histórico dia_util (poucos dados)
PT0002000125379984SH,2026-07-09,18,dia_util,12.67,3.79,8.88,16.45,5.09,20.24,3,baixa,histórico dia_util (poucos dados)
PT0002000125379984SH,2026-07-09,19,dia_util,16.0,8.66,7.34,24.66,-1.32,33.32,3,baixa,histórico dia_util (poucos dados)
PT0002000125379984SH,2026-07-09,20,dia_util,18.33,12.66,5.67,31.0,-6.99,43.66,3,baixa,histórico dia_util (poucos dados)
PT0002000125379984SH,2026-07-09,21,dia_util,15.0,13.75,1.25,28.75,-12.5,42.5,3,baixa,histórico dia_util (poucos dados)
PT0002000125379984SH,2026-07-09,22,dia_util,12.0,13.89,-1.89,25.89,-15.78,39.78,3,baixa,histórico dia_util (poucos dados)
PT0002000125379984SH,2026-07-09,23,dia_util,10.33,10.97,-0.64,21.3,-11.61,32.27,3,baixa,histórico dia_util (poucos dados)
PT0002000125701614SQ,2026-07-09,0,dia_util,14.67,1.47,13.2,16.13,11.73,17.6,3,baixa,histórico dia_util (poucos dados)
PT0002000125701614SQ,2026-07-09,1,dia_util,17.33,4.04,13.29,21.37,9.25,25.42,3,baixa,histórico dia_util (poucos dados)
PT0002000125701614SQ,2026-07-09,2,dia_util,16.33,3.21,13.12,19.55,9.9,22.76,3,baixa,histórico dia_util (poucos dados)
PT0002000125701614SQ,2026-07-09,3,dia_util,16.67,4.62,12.05,21.29,7.43,25.9,3,baixa,histórico dia_util (poucos dados)
PT0002000125701614SQ,2026-07-09,4,dia_util,16.67,2.89,13.78,19.55,10.89,22.44,3,baixa,histórico dia_util (poucos dados)
PT0002000125701614SQ,2026-07-09,5,dia_util,16.33,4.04,12.29,20.37,8.25,24.42,3,baixa,histórico dia_util (poucos dados)
PT0002000125701614SQ,2026-07-09,6,dia_util,16.33,4.04,12.29,20.37,8.25,24.42,3,baixa,histórico dia_util (poucos dados)
PT0002000125701614SQ,2026-07-09,7,dia_util,17.33,4.04,13.29,21.37,9.25,25.42,3,baixa,histórico dia_util (poucos dados)
PT0002000125701614SQ,2026-07-09,8,dia_util,23.33,4.62,18.71,27.95,14.1,32.57,3,baixa,histórico dia_util (poucos dados)
PT0002000125701614SQ,2026-07-09,9,dia_util,33.33,18.34,14.99,51.67,-3.35,70.01,3,baixa,histórico dia_util (poucos dados)
PT0002000125701614SQ,2026-07-09,10,dia_util,29.67,10.02,19.65,39.68,9.63,49.7,3,baixa,histórico dia_util (poucos dados)
PT0002000125701614SQ,2026-07-09,11,dia_util,22.67,4.73,17.94,27.39,13.22,32.12,3,baixa,histórico dia_util (poucos dados)
PT0002000125701614SQ,2026-07-09,12,dia_util,22.0,3.46,18.54,25.46,15.07,28.93,3,baixa,histórico dia_util (poucos dados)
PT0002000125701614SQ,2026-07-09,13,dia_util,21.33,2.52,18.82,23.85,16.3,26.37,3,baixa,histórico dia_util (poucos dados)
PT0002000125701614SQ,2026-07-09,14,dia_util,38.33,30.17,8.16,68.51,-22.01,98.68,3,baixa,histórico dia_util (poucos dados)
PT0002000125701614SQ,2026-07-09,15,dia_util,50.33,47.44,2.9,97.77,-44.54,145.21,3,baixa,histórico dia_util (poucos dados)
PT0002000125701614SQ,2026-07-09,16,dia_util,42.67,25.32,17.34,67.99,-7.98,93.32,3,baixa,histórico dia_util (poucos dados)
PT0002000125701614SQ,2026-07-09,17,dia_util,25.0,6.08,18.92,31.08,12.83,37.17,3,baixa,histórico dia_util (poucos dados)
PT0002000125701614SQ,2026-07-09,18,dia_util,26.0,9.54,16.46,35.54,6.92,45.08,3,baixa,histórico dia_util (poucos dados)
PT0002000125701614SQ,2026-07-09,19,dia_util,29.67,11.59,18.08,41.26,6.49,52.85,3,baixa,histórico dia_util (poucos dados)
PT0002000125701614SQ,2026-07-09,20,dia_util,47.67,43.59,4.07,91.26,-39.52,134.85,3,baixa,histórico dia_util (poucos dados)
PT0002000125701614SQ,2026-07-09,21,dia_util,86.0,114.32,-28.32,200.32,-142.63,314.63,3,baixa,histórico dia_util (poucos dados)
PT0002000125701614SQ,2026-07-09,22,dia_util,80.33,107.97,-27.64,188.3,-135.6,296.27,3,baixa,histórico dia_util (poucos dados)
PT0002000125701614SQ,2026-07-09,23,dia_util,52.0,64.09,-12.09,116.09,-76.17,180.17,3,baixa,histórico dia_util (poucos dados)
PT0002000201038711LS,2026-07-09,0,dia_util,5.33,9.24,-3.9,14.57,-13.14,23.81,3,baixa,histórico dia_util (poucos dados)
PT0002000201038711LS,2026-07-09,1,dia_util,0.0,0.3,-0.3,0.3,-0.6,0.6,3,baixa,histórico dia_util (poucos dados)
PT0002000201038711LS,2026-07-09,2,dia_util,0.33,0.58,-0.24,0.91,-0.82,1.49,3,baixa,histórico dia_util (poucos dados)
PT0002000201038711LS,2026-07-09,3,dia_util,0.33,0.58,-0.24,0.91,-0.82,1.49,3,baixa,histórico dia_util (poucos dados)
PT0002000201038711LS,2026-07-09,4,dia_util,0.0,0.3,-0.3,0.3,-0.6,0.6,3,baixa,histórico dia_util (poucos dados)
PT0002000201038711LS,2026-07-09,5,dia_util,0.33,0.58,-0.24,0.91,-0.82,1.49,3,baixa,histórico dia_util (poucos dados)
PT0002000201038711LS,2026-07-09,6,dia_util,5.67,6.66,-0.99,12.32,-7.65,18.98,3,baixa,histórico dia_util (poucos dados)
PT0002000201038711LS,2026-07-09,7,dia_util,13.33,14.74,-1.41,28.08,-16.15,42.82,3,baixa,histórico dia_util (poucos dados)
PT0002000201038711LS,2026-07-09,8,dia_util,9.33,11.37,-2.04,20.71,-13.41,32.08,3,baixa,histórico dia_util (poucos dados)
PT0002000201038711LS,2026-07-09,9,dia_util,10.33,13.8,-3.46,24.13,-17.26,37.93,3,baixa,histórico dia_util (poucos dados)
PT0002000201038711LS,2026-07-09,10,dia_util,8.67,12.42,-3.76,21.09,-16.18,33.51,3,baixa,histórico dia_util (poucos dados)
PT0002000201038711LS,2026-07-09,11,dia_util,5.67,4.62,1.05,10.29,-3.57,14.9,3,baixa,histórico dia_util (poucos dados)
PT0002000201038711LS,2026-07-09,12,dia_util,14.33,18.34,-4.01,32.67,-22.35,51.01,3,baixa,histórico dia_util (poucos dados)
PT0002000201038711LS,2026-07-09,13,dia_util,22.67,18.88,3.79,41.54,-15.09,60.42,3,baixa,histórico dia_util (poucos dados)
PT0002000201038711LS,2026-07-09,14,dia_util,15.67,11.02,4.65,26.68,-6.36,37.7,3,baixa,histórico dia_util (poucos dados)
PT0002000201038711LS,2026-07-09,15,dia_util,38.33,13.32,25.02,51.65,11.7,64.97,3,baixa,histórico dia_util (poucos dados)
PT0002000201038711LS,2026-07-09,16,dia_util,61.67,18.04,43.63,79.7,25.59,97.74,3,baixa,histórico dia_util (poucos dados)
PT0002000201038711LS,2026-07-09,17,dia_util,63.67,10.12,53.55,73.78,43.43,83.9,3,baixa,histórico dia_util (poucos dados)
PT0002000201038711LS,2026-07-09,18,dia_util,48.67,25.74,22.93,74.4,-2.81,100.14,3,baixa,histórico dia_util (poucos dados)
PT0002000201038711LS,2026-07-09,19,dia_util,49.67,21.2,28.47,70.86,7.27,92.06,3,baixa,histórico dia_util (poucos dados)
PT0002000201038711LS,2026-07-09,20,dia_util,61.33,19.55,41.78,80.89,22.23,100.44,3,baixa,histórico dia_util (poucos dados)
PT0002000201038711LS,2026-07-09,21,dia_util,47.0,20.52,26.48,67.52,5.96,88.04,3,baixa,histórico dia_util (poucos dados)
PT0002000201038711LS,2026-07-09,22,dia_util,29.0,25.16,3.84,54.16,-21.32,79.32,3,baixa,histórico dia_util (poucos dados)
PT0002000201038711LS,2026-07-09,23,dia_util,17.67,15.95,1.72,33.61,-14.23,49.56,3,baixa,histórico dia_util (poucos dados)
PT0002000201936109ME,2026-07-09,0,dia_util,0.0,0.3,-0.3,0.3,-0.6,0.6,3,baixa,histórico dia_util (poucos dados)
PT0002000201936109ME,2026-07-09,1,dia_util,0.33,0.58,-0.24,0.91,-0.82,1.49,3,baixa,histórico dia_util (poucos dados)
PT0002000201936109ME,2026-07-09,2,dia_util,0.0,0.3,-0.3,0.3,-0.6,0.6,3,baixa,histórico dia_util (poucos dados)
PT0002000201936109ME,2026-07-09,3,dia_util,0.0,0.3,-0.3,0.3,-0.6,0.6,3,baixa,histórico dia_util (poucos dados)
PT0002000201936109ME,2026-07-09,4,dia_util,0.0,0.3,-0.3,0.3,-0.6,0.6,3,baixa,histórico dia_util (poucos dados)
PT0002000201936109ME,2026-07-09,5,dia_util,0.0,0.3,-0.3,0.3,-0.6,0.6,3,baixa,histórico dia_util (poucos dados)
PT0002000201936109ME,2026-07-09,6,dia_util,0.0,0.3,-0.3,0.3,-0.6,0.6,3,baixa,histórico dia_util (poucos dados)
PT0002000201936109ME,2026-07-09,7,dia_util,0.0,0.3,-0.3,0.3,-0.6,0.6,3,baixa,histórico dia_util (poucos dados)
PT0002000201936109ME,2026-07-09,8,dia_util,0.0,0.3,-0.3,0.3,-0.6,0.6,3,baixa,histórico dia_util (poucos dados)
PT0002000201936109ME,2026-07-09,9,dia_util,0.0,0.3,-0.3,0.3,-0.6,0.6,3,baixa,histórico dia_util (poucos dados)
PT0002000201936109ME,2026-07-09,10,dia_util,0.0,0.3,-0.3,0.3,-0.6,0.6,3,baixa,histórico dia_util (poucos dados)
PT0002000201936109ME,2026-07-09,11,dia_util,0.0,0.3,-0.3,0.3,-0.6,0.6,3,baixa,histórico dia_util (poucos dados)
PT0002000201936109ME,2026-07-09,12,dia_util,0.0,0.3,-0.3,0.3,-0.6,0.6,3,baixa,histórico dia_util (poucos dados)
PT0002000201936109ME,2026-07-09,13,dia_util,0.33,0.58,-0.24,0.91,-0.82,1.49,3,baixa,histórico dia_util (poucos dados)
PT0002000201936109ME,2026-07-09,14,dia_util,0.33,0.58,-0.24,0.91,-0.82,1.49,3,baixa,histórico dia_util (poucos dados)
PT0002000201936109ME,2026-07-09,15,dia_util,0.67,1.15,-0.49,1.82,-1.64,2.98,3,baixa,histórico dia_util (poucos dados)
PT0002000201936109ME,2026-07-09,16,dia_util,2.0,3.46,-1.46,5.46,-4.93,8.93,3,baixa,histórico dia_util (poucos dados)
PT0002000201936109ME,2026-07-09,17,dia_util,1.67,2.89,-1.22,4.55,-4.11,7.44,3,baixa,histórico dia_util (poucos dados)
PT0002000201936109ME,2026-07-09,18,dia_util,1.0,1.73,-0.73,2.73,-2.46,4.46,3,baixa,histórico dia_util (poucos dados)
PT0002000201936109ME,2026-07-09,19,dia_util,0.0,0.3,-0.3,0.3,-0.6,0.6,3,baixa,histórico dia_util (poucos dados)
PT0002000201936109ME,2026-07-09,20,dia_util,0.0,0.3,-0.3,0.3,-0.6,0.6,3,baixa,histórico dia_util (poucos dados)
PT0002000201936109ME,2026-07-09,21,dia_util,0.0,0.3,-0.3,0.3,-0.6,0.6,3,baixa,histórico dia_util (poucos dados)
PT0002000201936109ME,2026-07-09,22,dia_util,0.0,0.3,-0.3,0.3,-0.6,0.6,3,baixa,histórico dia_util (poucos dados)
PT0002000201936109ME,2026-07-09,23,dia_util,0.0,0.3,-0.3,0.3,-0.6,0.6,3,baixa,histórico dia_util (poucos dados)
PT0002000203419117SJ,2026-07-09,0,dia_util,0.0,0.3,-0.3,0.3,-0.6,0.6,3,baixa,histórico dia_util (poucos dados)
PT0002000203419117SJ,2026-07-09,1,dia_util,0.0,0.3,-0.3,0.3,-0.6,0.6,3,baixa,histórico dia_util (poucos dados)
PT0002000203419117SJ,2026-07-09,2,dia_util,0.0,0.3,-0.3,0.3,-0.6,0.6,3,baixa,histórico dia_util (poucos dados)
PT0002000203419117SJ,2026-07-09,3,dia_util,0.0,0.3,-0.3,0.3,-0.6,0.6,3,baixa,histórico dia_util (poucos dados)
PT0002000203419117SJ,2026-07-09,4,dia_util,0.0,0.3,-0.3,0.3,-0.6,0.6,3,baixa,histórico dia_util (poucos dados)
PT0002000203419117SJ,2026-07-09,5,dia_util,0.0,0.3,-0.3,0.3,-0.6,0.6,3,baixa,histórico dia_util (poucos dados)
PT0002000203419117SJ,2026-07-09,6,dia_util,0.0,0.3,-0.3,0.3,-0.6,0.6,3,baixa,histórico dia_util (poucos dados)
PT0002000203419117SJ,2026-07-09,7,dia_util,0.0,0.3,-0.3,0.3,-0.6,0.6,3,baixa,histórico dia_util (poucos dados)
PT0002000203419117SJ,2026-07-09,8,dia_util,0.0,0.3,-0.3,0.3,-0.6,0.6,3,baixa,histórico dia_util (poucos dados)
PT0002000203419117SJ,2026-07-09,9,dia_util,0.0,0.3,-0.3,0.3,-0.6,0.6,3,baixa,histórico dia_util (poucos dados)
PT0002000203419117SJ,2026-07-09,10,dia_util,0.0,0.3,-0.3,0.3,-0.6,0.6,3,baixa,histórico dia_util (poucos dados)
PT0002000203419117SJ,2026-07-09,11,dia_util,0.0,0.3,-0.3,0.3,-0.6,0.6,3,baixa,histórico dia_util (poucos dados)
PT0002000203419117SJ,2026-07-09,12,dia_util,0.0,0.3,-0.3,0.3,-0.6,0.6,3,baixa,histórico dia_util (poucos dados)
PT0002000203419117SJ,2026-07-09,13,dia_util,0.0,0.3,-0.3,0.3,-0.6,0.6,3,baixa,histórico dia_util (poucos dados)
PT0002000203419117SJ,2026-07-09,14,dia_util,0.0,0.3,-0.3,0.3,-0.6,0.6,3,baixa,histórico dia_util (poucos dados)
PT0002000203419117SJ,2026-07-09,15,dia_util,0.0,0.3,-0.3,0.3,-0.6,0.6,3,baixa,histórico dia_util (poucos dados)
PT0002000203419117SJ,2026-07-09,16,dia_util,0.0,0.3,-0.3,0.3,-0.6,0.6,3,baixa,histórico dia_util (poucos dados)
PT0002000203419117SJ,2026-07-09,17,dia_util,0.0,0.3,-0.3,0.3,-0.6,0.6,3,baixa,histórico dia_util (poucos dados)
PT0002000203419117SJ,2026-07-09,18,dia_util,0.0,0.3,-0.3,0.3,-0.6,0.6,3,baixa,histórico dia_util (poucos dados)
PT0002000203419117SJ,2026-07-09,19,dia_util,0.0,0.3,-0.3,0.3,-0.6,0.6,3,baixa,histórico dia_util (poucos dados)
PT0002000203419117SJ,2026-07-09,20,dia_util,0.0,0.3,-0.3,0.3,-0.6,0.6,3,baixa,histórico dia_util (poucos dados)
PT0002000203419117SJ,2026-07-09,21,dia_util,0.0,0.3,-0.3,0.3,-0.6,0.6,3,baixa,histórico dia_util (poucos dados)
PT0002000203419117SJ,2026-07-09,22,dia_util,0.0,0.3,-0.3,0.3,-0.6,0.6,3,baixa,histórico dia_util (poucos dados)
PT0002000203419117SJ,2026-07-09,23,dia_util,0.0,0.3,-0.3,0.3,-0.6,0.6,3,baixa,histórico dia_util (poucos dados)
PT0002000203886452WB,2026-07-09,0,dia_util,4.0,0.4,3.6,4.4,3.2,4.8,3,baixa,histórico dia_util (poucos dados)
PT0002000203886452WB,2026-07-09,1,dia_util,4.0,0.4,3.6,4.4,3.2,4.8,3,baixa,histórico dia_util (poucos dados)
PT0002000203886452WB,2026-07-09,2,dia_util,5.33,2.31,3.02,7.64,0.71,9.95,3,baixa,histórico dia_util (poucos dados)
PT0002000203886452WB,2026-07-09,3,dia_util,5.33,2.31,3.02,7.64,0.71,9.95,3,baixa,histórico dia_util (poucos dados)
PT0002000203886452WB,2026-07-09,4,dia_util,2.67,2.31,0.36,4.98,-1.95,7.29,3,baixa,histórico dia_util (poucos dados)
PT0002000203886452WB,2026-07-09,5,dia_util,2.67,2.31,0.36,4.98,-1.95,7.29,3,baixa,histórico dia_util (poucos dados)
PT0002000203886452WB,2026-07-09,6,dia_util,2.67,2.31,0.36,4.98,-1.95,7.29,3,baixa,histórico dia_util (poucos dados)
PT0002000203886452WB,2026-07-09,7,dia_util,5.33,4.62,0.71,9.95,-3.9,14.57,3,baixa,histórico dia_util (poucos dados)
PT0002000203886452WB,2026-07-09,8,dia_util,2.67,2.31,0.36,4.98,-1.95,7.29,3,baixa,histórico dia_util (poucos dados)
PT0002000203886452WB,2026-07-09,9,dia_util,2.67,2.31,0.36,4.98,-1.95,7.29,3,baixa,histórico dia_util (poucos dados)
PT0002000203886452WB,2026-07-09,10,dia_util,2.67,2.31,0.36,4.98,-1.95,7.29,3,baixa,histórico dia_util (poucos dados)
PT0002000203886452WB,2026-07-09,11,dia_util,2.67,2.31,0.36,4.98,-1.95,7.29,3,baixa,histórico dia_util (poucos dados)
PT0002000203886452WB,2026-07-09,12,dia_util,5.33,4.62,0.71,9.95,-3.9,14.57,3,baixa,histórico dia_util (poucos dados)
PT0002000203886452WB,2026-07-09,13,dia_util,2.67,2.31,0.36,4.98,-1.95,7.29,3,baixa,histórico dia_util (poucos dados)
PT0002000203886452WB,2026-07-09,14,dia_util,2.67,2.31,0.36,4.98,-1.95,7.29,3,baixa,histórico dia_util (poucos dados)
PT0002000203886452WB,2026-07-09,15,dia_util,2.67,2.31,0.36,4.98,-1.95,7.29,3,baixa,histórico dia_util (poucos dados)
PT0002000203886452WB,2026-07-09,16,dia_util,4.0,4.0,0.0,8.0,-4.0,12.0,3,baixa,histórico dia_util (poucos dados)
PT0002000203886452WB,2026-07-09,17,dia_util,4.0,4.0,0.0,8.0,-4.0,12.0,3,baixa,histórico dia_util (poucos dados)
PT0002000203886452WB,2026-07-09,18,dia_util,2.67,2.31,0.36,4.98,-1.95,7.29,3,baixa,histórico dia_util (poucos dados)
PT0002000203886452WB,2026-07-09,19,dia_util,2.67,2.31,0.36,4.98,-1.95,7.29,3,baixa,histórico dia_util (poucos dados)
PT0002000203886452WB,2026-07-09,20,dia_util,2.67,2.31,0.36,4.98,-1.95,7.29,3,baixa,histórico dia_util (poucos dados)
PT0002000203886452WB,2026-07-09,21,dia_util,5.33,2.31,3.02,7.64,0.71,9.95,3,baixa,histórico dia_util (poucos dados)
PT0002000203886452WB,2026-07-09,22,dia_util,4.0,0.4,3.6,4.4,3.2,4.8,3,baixa,histórico dia_util (poucos dados)
PT0002000203886452WB,2026-07-09,23,dia_util,5.33,2.31,3.02,7.64,0.71,9.95,3,baixa,histórico dia_util (poucos dados)
