CPE,data,hora,tipo_dia,previsao,std,low_1sigma,high_1sigma,low_2sigma,high_2sigma,n_dias,confianca,fonte_baseline
PT0002000033074862LZ,2026-07-27,0,dia_util,12.0,1.2,10.8,13.2,9.6,14.4,2,baixa,fallback (todo histórico)
PT0002000033074862LZ,2026-07-27,1,dia_util,12.5,1.25,11.25,13.75,10.0,15.0,2,baixa,fallback (todo histórico)
PT0002000033074862LZ,2026-07-27,2,dia_util,13.0,1.3,11.7,14.3,10.4,15.6,2,baixa,fallback (todo histórico)
PT0002000033074862LZ,2026-07-27,3,dia_util,13.5,1.35,12.15,14.85,10.8,16.2,2,baixa,fallback (todo histórico)
PT0002000033074862LZ,2026-07-27,4,dia_util,12.0,1.2,10.8,13.2,9.6,14.4,2,baixa,fallback (todo histórico)
PT0002000033074862LZ,2026-07-27,5,dia_util,13.0,1.3,11.7,14.3,10.4,15.6,2,baixa,fallback (todo histórico)
PT0002000033074862LZ,2026-07-27,6,dia_util,13.0,1.3,11.7,14.3,10.4,15.6,2,baixa,fallback (todo histórico)
PT0002000033074862LZ,2026-07-27,7,dia_util,13.0,1.3,11.7,14.3,10.4,15.6,2,baixa,fallback (todo histórico)
PT0002000033074862LZ,2026-07-27,8,dia_util,11.0,1.1,9.9,12.1,8.8,13.2,2,baixa,fallback (todo histórico)
PT0002000033074862LZ,2026-07-27,9,dia_util,10.5,1.05,9.45,11.55,8.4,12.6,2,baixa,fallback (todo histórico)
PT0002000033074862LZ,2026-07-27,10,dia_util,11.5,1.15,10.35,12.65,9.2,13.8,2,baixa,fallback (todo histórico)
PT0002000033074862LZ,2026-07-27,11,dia_util,10.5,1.05,9.45,11.55,8.4,12.6,2,baixa,fallback (todo histórico)
PT0002000033074862LZ,2026-07-27,12,dia_util,10.0,1.0,9.0,11.0,8.0,12.0,2,baixa,fallback (todo histórico)
PT0002000033074862LZ,2026-07-27,13,dia_util,10.5,1.05,9.45,11.55,8.4,12.6,2,baixa,fallback (todo histórico)
PT0002000033074862LZ,2026-07-27,14,dia_util,10.5,1.05,9.45,11.55,8.4,12.6,2,baixa,fallback (todo histórico)
PT0002000033074862LZ,2026-07-27,15,dia_util,11.0,1.1,9.9,12.1,8.8,13.2,2,baixa,fallback (todo histórico)
PT0002000033074862LZ,2026-07-27,16,dia_util,10.5,1.05,9.45,11.55,8.4,12.6,2,baixa,fallback (todo histórico)
PT0002000033074862LZ,2026-07-27,17,dia_util,13.5,1.35,12.15,14.85,10.8,16.2,2,baixa,fallback (todo histórico)
PT0002000033074862LZ,2026-07-27,18,dia_util,13.0,1.3,11.7,14.3,10.4,15.6,2,baixa,fallback (todo histórico)
PT0002000033074862LZ,2026-07-27,19,dia_util,13.0,1.3,11.7,14.3,10.4,15.6,2,baixa,fallback (todo histórico)
PT0002000033074862LZ,2026-07-27,20,dia_util,13.0,1.3,11.7,14.3,10.4,15.6,2,baixa,fallback (todo histórico)
PT0002000033074862LZ,2026-07-27,21,dia_util,12.0,1.73,10.27,13.73,8.54,15.46,3,baixa,fallback (todo histórico)
PT0002000033074862LZ,2026-07-27,22,dia_util,13.0,1.3,11.7,14.3,10.4,15.6,3,baixa,fallback (todo histórico)
PT0002000033074862LZ,2026-07-27,23,dia_util,12.33,1.23,11.1,13.57,9.87,14.8,3,baixa,fallback (todo histórico)
PT0002000068855003AK,2026-07-27,0,dia_util,7.0,0.7,6.3,7.7,5.6,8.4,2,baixa,fallback (todo histórico)
PT0002000068855003AK,2026-07-27,1,dia_util,7.0,1.41,5.59,8.41,4.17,9.83,2,baixa,fallback (todo histórico)
PT0002000068855003AK,2026-07-27,2,dia_util,6.5,0.71,5.79,7.21,5.09,7.91,2,baixa,fallback (todo histórico)
PT0002000068855003AK,2026-07-27,3,dia_util,6.5,0.71,5.79,7.21,5.09,7.91,2,baixa,fallback (todo histórico)
PT0002000068855003AK,2026-07-27,4,dia_util,6.5,0.71,5.79,7.21,5.09,7.91,2,baixa,fallback (todo histórico)
PT0002000068855003AK,2026-07-27,5,dia_util,6.5,0.71,5.79,7.21,5.09,7.91,2,baixa,fallback (todo histórico)
PT0002000068855003AK,2026-07-27,6,dia_util,6.0,0.6,5.4,6.6,4.8,7.2,2,baixa,fallback (todo histórico)
PT0002000068855003AK,2026-07-27,7,dia_util,6.5,0.71,5.79,7.21,5.09,7.91,2,baixa,fallback (todo histórico)
PT0002000068855003AK,2026-07-27,8,dia_util,7.0,1.41,5.59,8.41,4.17,9.83,2,baixa,fallback (todo histórico)
PT0002000068855003AK,2026-07-27,9,dia_util,8.0,2.83,5.17,10.83,2.34,13.66,2,baixa,fallback (todo histórico)
PT0002000068855003AK,2026-07-27,10,dia_util,9.0,1.41,7.59,10.41,6.17,11.83,2,baixa,fallback (todo histórico)
PT0002000068855003AK,2026-07-27,11,dia_util,10.0,2.83,7.17,12.83,4.34,15.66,2,baixa,fallback (todo histórico)
PT0002000068855003AK,2026-07-27,12,dia_util,13.0,1.41,11.59,14.41,10.17,15.83,2,baixa,fallback (todo histórico)
PT0002000068855003AK,2026-07-27,13,dia_util,16.0,2.83,13.17,18.83,10.34,21.66,2,baixa,fallback (todo histórico)
PT0002000068855003AK,2026-07-27,14,dia_util,17.5,6.36,11.14,23.86,4.77,30.23,2,baixa,fallback (todo histórico)
PT0002000068855003AK,2026-07-27,15,dia_util,18.0,7.07,10.93,25.07,3.86,32.14,2,baixa,fallback (todo histórico)
PT0002000068855003AK,2026-07-27,16,dia_util,17.0,5.66,11.34,22.66,5.69,28.31,2,baixa,fallback (todo histórico)
PT0002000068855003AK,2026-07-27,17,dia_util,16.0,4.24,11.76,20.24,7.51,24.49,2,baixa,fallback (todo histórico)
PT0002000068855003AK,2026-07-27,18,dia_util,14.5,3.54,10.96,18.04,7.43,21.57,2,baixa,fallback (todo histórico)
PT0002000068855003AK,2026-07-27,19,dia_util,17.5,6.36,11.14,23.86,4.77,30.23,2,baixa,fallback (todo histórico)
PT0002000068855003AK,2026-07-27,20,dia_util,10.5,4.95,5.55,15.45,0.6,20.4,2,baixa,fallback (todo histórico)
PT0002000068855003AK,2026-07-27,21,dia_util,7.33,0.73,6.6,8.07,5.87,8.8,3,baixa,fallback (todo histórico)
PT0002000068855003AK,2026-07-27,22,dia_util,7.0,1.0,6.0,8.0,5.0,9.0,3,baixa,fallback (todo histórico)
PT0002000068855003AK,2026-07-27,23,dia_util,6.33,0.63,5.7,6.97,5.07,7.6,3,baixa,fallback (todo histórico)
PT0002000068856267NC,2026-07-27,0,dia_util,24.0,2.4,21.6,26.4,19.2,28.8,2,baixa,fallback (todo histórico)
PT0002000068856267NC,2026-07-27,1,dia_util,25.5,2.55,22.95,28.05,20.4,30.6,2,baixa,fallback (todo histórico)
PT0002000068856267NC,2026-07-27,2,dia_util,24.5,2.45,22.05,26.95,19.6,29.4,2,baixa,fallback (todo histórico)
PT0002000068856267NC,2026-07-27,3,dia_util,24.0,2.4,21.6,26.4,19.2,28.8,2,baixa,fallback (todo histórico)
PT0002000068856267NC,2026-07-27,4,dia_util,25.5,2.55,22.95,28.05,20.4,30.6,2,baixa,fallback (todo histórico)
PT0002000068856267NC,2026-07-27,5,dia_util,24.0,2.4,21.6,26.4,19.2,28.8,2,baixa,fallback (todo histórico)
PT0002000068856267NC,2026-07-27,6,dia_util,20.0,2.0,18.0,22.0,16.0,24.0,2,baixa,fallback (todo histórico)
PT0002000068856267NC,2026-07-27,7,dia_util,17.5,1.75,15.75,19.25,14.0,21.0,2,baixa,fallback (todo histórico)
PT0002000068856267NC,2026-07-27,8,dia_util,17.5,1.75,15.75,19.25,14.0,21.0,2,baixa,fallback (todo histórico)
PT0002000068856267NC,2026-07-27,9,dia_util,17.0,1.7,15.3,18.7,13.6,20.4,2,baixa,fallback (todo histórico)
PT0002000068856267NC,2026-07-27,10,dia_util,16.5,1.65,14.85,18.15,13.2,19.8,2,baixa,fallback (todo histórico)
PT0002000068856267NC,2026-07-27,11,dia_util,17.5,2.12,15.38,19.62,13.26,21.74,2,baixa,fallback (todo histórico)
PT0002000068856267NC,2026-07-27,12,dia_util,16.5,1.65,14.85,18.15,13.2,19.8,2,baixa,fallback (todo histórico)
PT0002000068856267NC,2026-07-27,13,dia_util,16.5,1.65,14.85,18.15,13.2,19.8,2,baixa,fallback (todo histórico)
PT0002000068856267NC,2026-07-27,14,dia_util,17.5,1.75,15.75,19.25,14.0,21.0,2,baixa,fallback (todo histórico)
PT0002000068856267NC,2026-07-27,15,dia_util,17.0,1.7,15.3,18.7,13.6,20.4,2,baixa,fallback (todo histórico)
PT0002000068856267NC,2026-07-27,16,dia_util,16.5,1.65,14.85,18.15,13.2,19.8,2,baixa,fallback (todo histórico)
PT0002000068856267NC,2026-07-27,17,dia_util,17.0,1.7,15.3,18.7,13.6,20.4,2,baixa,fallback (todo histórico)
PT0002000068856267NC,2026-07-27,18,dia_util,17.5,1.75,15.75,19.25,14.0,21.0,2,baixa,fallback (todo histórico)
PT0002000068856267NC,2026-07-27,19,dia_util,18.5,1.85,16.65,20.35,14.8,22.2,2,baixa,fallback (todo histórico)
PT0002000068856267NC,2026-07-27,20,dia_util,23.5,2.35,21.15,25.85,18.8,28.2,2,baixa,fallback (todo histórico)
PT0002000068856267NC,2026-07-27,21,dia_util,22.67,3.21,19.45,25.88,16.24,29.1,3,baixa,fallback (todo histórico)
PT0002000068856267NC,2026-07-27,22,dia_util,24.33,2.43,21.9,26.77,19.47,29.2,3,baixa,fallback (todo histórico)
PT0002000068856267NC,2026-07-27,23,dia_util,24.33,2.43,21.9,26.77,19.47,29.2,3,baixa,fallback (todo histórico)
PT0002000068856655YV,2026-07-27,0,dia_util,2.5,0.71,1.79,3.21,1.09,3.91,2,baixa,fallback (todo histórico)
PT0002000068856655YV,2026-07-27,1,dia_util,2.0,0.3,1.7,2.3,1.4,2.6,2,baixa,fallback (todo histórico)
PT0002000068856655YV,2026-07-27,2,dia_util,2.0,0.3,1.7,2.3,1.4,2.6,2,baixa,fallback (todo histórico)
PT0002000068856655YV,2026-07-27,3,dia_util,2.0,0.3,1.7,2.3,1.4,2.6,2,baixa,fallback (todo histórico)
PT0002000068856655YV,2026-07-27,4,dia_util,2.0,0.3,1.7,2.3,1.4,2.6,2,baixa,fallback (todo histórico)
PT0002000068856655YV,2026-07-27,5,dia_util,2.0,0.3,1.7,2.3,1.4,2.6,2,baixa,fallback (todo histórico)
PT0002000068856655YV,2026-07-27,6,dia_util,1.5,0.71,0.79,2.21,0.09,2.91,2,baixa,fallback (todo histórico)
PT0002000068856655YV,2026-07-27,7,dia_util,2.0,0.3,1.7,2.3,1.4,2.6,2,baixa,fallback (todo histórico)
PT0002000068856655YV,2026-07-27,8,dia_util,2.0,0.3,1.7,2.3,1.4,2.6,2,baixa,fallback (todo histórico)
PT0002000068856655YV,2026-07-27,9,dia_util,3.0,2.83,0.17,5.83,-2.66,8.66,2,baixa,fallback (todo histórico)
PT0002000068856655YV,2026-07-27,10,dia_util,2.5,0.71,1.79,3.21,1.09,3.91,2,baixa,fallback (todo histórico)
PT0002000068856655YV,2026-07-27,11,dia_util,2.5,2.12,0.38,4.62,-1.74,6.74,2,baixa,fallback (todo histórico)
PT0002000068856655YV,2026-07-27,12,dia_util,2.5,0.71,1.79,3.21,1.09,3.91,2,baixa,fallback (todo histórico)
PT0002000068856655YV,2026-07-27,13,dia_util,2.0,0.3,1.7,2.3,1.4,2.6,2,baixa,fallback (todo histórico)
PT0002000068856655YV,2026-07-27,14,dia_util,2.5,2.12,0.38,4.62,-1.74,6.74,2,baixa,fallback (todo histórico)
PT0002000068856655YV,2026-07-27,15,dia_util,3.0,1.41,1.59,4.41,0.17,5.83,2,baixa,fallback (todo histórico)
PT0002000068856655YV,2026-07-27,16,dia_util,3.0,2.83,0.17,5.83,-2.66,8.66,2,baixa,fallback (todo histórico)
PT0002000068856655YV,2026-07-27,17,dia_util,3.0,1.41,1.59,4.41,0.17,5.83,2,baixa,fallback (todo histórico)
PT0002000068856655YV,2026-07-27,18,dia_util,1.5,0.71,0.79,2.21,0.09,2.91,2,baixa,fallback (todo histórico)
PT0002000068856655YV,2026-07-27,19,dia_util,1.5,0.71,0.79,2.21,0.09,2.91,2,baixa,fallback (todo histórico)
PT0002000068856655YV,2026-07-27,20,dia_util,2.0,0.3,1.7,2.3,1.4,2.6,2,baixa,fallback (todo histórico)
PT0002000068856655YV,2026-07-27,21,dia_util,2.0,0.3,1.7,2.3,1.4,2.6,3,baixa,fallback (todo histórico)
PT0002000068856655YV,2026-07-27,22,dia_util,3.67,3.79,-0.12,7.45,-3.91,11.24,3,baixa,fallback (todo histórico)
PT0002000068856655YV,2026-07-27,23,dia_util,3.67,2.08,1.59,5.75,-0.5,7.83,3,baixa,fallback (todo histórico)
PT0002000068856781NM,2026-07-27,0,dia_util,101.5,10.15,91.35,111.65,81.2,121.8,2,baixa,fallback (todo histórico)
PT0002000068856781NM,2026-07-27,1,dia_util,102.0,10.2,91.8,112.2,81.6,122.4,2,baixa,fallback (todo histórico)
PT0002000068856781NM,2026-07-27,2,dia_util,101.5,10.15,91.35,111.65,81.2,121.8,2,baixa,fallback (todo histórico)
PT0002000068856781NM,2026-07-27,3,dia_util,101.5,10.15,91.35,111.65,81.2,121.8,2,baixa,fallback (todo histórico)
PT0002000068856781NM,2026-07-27,4,dia_util,100.0,10.0,90.0,110.0,80.0,120.0,2,baixa,fallback (todo histórico)
PT0002000068856781NM,2026-07-27,5,dia_util,100.5,10.05,90.45,110.55,80.4,120.6,2,baixa,fallback (todo histórico)
PT0002000068856781NM,2026-07-27,6,dia_util,101.5,10.15,91.35,111.65,81.2,121.8,2,baixa,fallback (todo histórico)
PT0002000068856781NM,2026-07-27,7,dia_util,99.5,9.95,89.55,109.45,79.6,119.4,2,baixa,fallback (todo histórico)
PT0002000068856781NM,2026-07-27,8,dia_util,100.5,10.05,90.45,110.55,80.4,120.6,2,baixa,fallback (todo histórico)
PT0002000068856781NM,2026-07-27,9,dia_util,101.0,10.1,90.9,111.1,80.8,121.2,2,baixa,fallback (todo histórico)
PT0002000068856781NM,2026-07-27,10,dia_util,101.5,10.15,91.35,111.65,81.2,121.8,2,baixa,fallback (todo histórico)
PT0002000068856781NM,2026-07-27,11,dia_util,100.0,10.0,90.0,110.0,80.0,120.0,2,baixa,fallback (todo histórico)
PT0002000068856781NM,2026-07-27,12,dia_util,97.0,9.7,87.3,106.7,77.6,116.4,2,baixa,fallback (todo histórico)
PT0002000068856781NM,2026-07-27,13,dia_util,100.5,10.05,90.45,110.55,80.4,120.6,2,baixa,fallback (todo histórico)
PT0002000068856781NM,2026-07-27,14,dia_util,101.5,10.15,91.35,111.65,81.2,121.8,2,baixa,fallback (todo histórico)
PT0002000068856781NM,2026-07-27,15,dia_util,101.5,10.15,91.35,111.65,81.2,121.8,2,baixa,fallback (todo histórico)
PT0002000068856781NM,2026-07-27,16,dia_util,101.0,10.1,90.9,111.1,80.8,121.2,2,baixa,fallback (todo histórico)
PT0002000068856781NM,2026-07-27,17,dia_util,101.0,10.1,90.9,111.1,80.8,121.2,2,baixa,fallback (todo histórico)
PT0002000068856781NM,2026-07-27,18,dia_util,101.0,10.1,90.9,111.1,80.8,121.2,2,baixa,fallback (todo histórico)
PT0002000068856781NM,2026-07-27,19,dia_util,100.5,10.05,90.45,110.55,80.4,120.6,2,baixa,fallback (todo histórico)
PT0002000068856781NM,2026-07-27,20,dia_util,101.0,10.1,90.9,111.1,80.8,121.2,2,baixa,fallback (todo histórico)
PT0002000068856781NM,2026-07-27,21,dia_util,92.0,13.0,79.0,105.0,66.0,118.0,3,baixa,fallback (todo histórico)
PT0002000068856781NM,2026-07-27,22,dia_util,101.33,10.13,91.2,111.47,81.07,121.6,3,baixa,fallback (todo histórico)
PT0002000068856781NM,2026-07-27,23,dia_util,101.33,10.13,91.2,111.47,81.07,121.6,3,baixa,fallback (todo histórico)
PT0002000068856826ZG,2026-07-27,0,dia_util,55.5,5.55,49.95,61.05,44.4,66.6,2,baixa,fallback (todo histórico)
PT0002000068856826ZG,2026-07-27,1,dia_util,63.5,17.68,45.82,81.18,28.14,98.86,2,baixa,fallback (todo histórico)
PT0002000068856826ZG,2026-07-27,2,dia_util,62.5,17.68,44.82,80.18,27.14,97.86,2,baixa,fallback (todo histórico)
PT0002000068856826ZG,2026-07-27,3,dia_util,62.5,14.85,47.65,77.35,32.8,92.2,2,baixa,fallback (todo histórico)
PT0002000068856826ZG,2026-07-27,4,dia_util,64.0,15.56,48.44,79.56,32.89,95.11,2,baixa,fallback (todo histórico)
PT0002000068856826ZG,2026-07-27,5,dia_util,62.5,16.26,46.24,78.76,29.97,95.03,2,baixa,fallback (todo histórico)
PT0002000068856826ZG,2026-07-27,6,dia_util,63.0,15.56,47.44,78.56,31.89,94.11,2,baixa,fallback (todo histórico)
PT0002000068856826ZG,2026-07-27,7,dia_util,56.0,22.63,33.37,78.63,10.75,101.25,2,baixa,fallback (todo histórico)
PT0002000068856826ZG,2026-07-27,8,dia_util,186.5,77.07,109.43,263.57,32.35,340.65,2,baixa,fallback (todo histórico)
PT0002000068856826ZG,2026-07-27,9,dia_util,143.0,59.4,83.6,202.4,24.21,261.79,2,baixa,fallback (todo histórico)
PT0002000068856826ZG,2026-07-27,10,dia_util,133.0,45.25,87.75,178.25,42.49,223.51,2,baixa,fallback (todo histórico)
PT0002000068856826ZG,2026-07-27,11,dia_util,134.5,41.72,92.78,176.22,51.06,217.94,2,baixa,fallback (todo histórico)
PT0002000068856826ZG,2026-07-27,12,dia_util,133.5,43.13,90.37,176.63,47.23,219.77,2,baixa,fallback (todo histórico)
PT0002000068856826ZG,2026-07-27,13,dia_util,142.0,55.15,86.85,197.15,31.69,252.31,2,baixa,fallback (todo histórico)
PT0002000068856826ZG,2026-07-27,14,dia_util,142.5,54.45,88.05,196.95,33.61,251.39,2,baixa,fallback (todo histórico)
PT0002000068856826ZG,2026-07-27,15,dia_util,144.0,53.74,90.26,197.74,36.52,251.48,2,baixa,fallback (todo histórico)
PT0002000068856826ZG,2026-07-27,16,dia_util,138.5,44.55,93.95,183.05,49.4,227.6,2,baixa,fallback (todo histórico)
PT0002000068856826ZG,2026-07-27,17,dia_util,136.0,43.84,92.16,179.84,48.32,223.68,2,baixa,fallback (todo histórico)
PT0002000068856826ZG,2026-07-27,18,dia_util,137.5,47.38,90.12,184.88,42.75,232.25,2,baixa,fallback (todo histórico)
PT0002000068856826ZG,2026-07-27,19,dia_util,127.5,31.82,95.68,159.32,63.86,191.14,2,baixa,fallback (todo histórico)
PT0002000068856826ZG,2026-07-27,20,dia_util,130.5,27.58,102.92,158.08,75.35,185.65,2,baixa,fallback (todo histórico)
PT0002000068856826ZG,2026-07-27,21,dia_util,117.67,22.81,94.86,140.48,72.05,163.29,3,baixa,fallback (todo histórico)
PT0002000068856826ZG,2026-07-27,22,dia_util,101.67,10.17,91.5,111.83,81.33,122.0,3,baixa,fallback (todo histórico)
PT0002000068856826ZG,2026-07-27,23,dia_util,63.67,13.28,50.39,76.95,37.11,90.22,3,baixa,fallback (todo histórico)
PT0002000068856872QG,2026-07-27,0,dia_util,0.0,0.3,-0.3,0.3,-0.6,0.6,2,baixa,fallback (todo histórico)
PT0002000068856872QG,2026-07-27,1,dia_util,0.5,0.71,-0.21,1.21,-0.91,1.91,2,baixa,fallback (todo histórico)
PT0002000068856872QG,2026-07-27,2,dia_util,1.0,1.41,-0.41,2.41,-1.83,3.83,2,baixa,fallback (todo histórico)
PT0002000068856872QG,2026-07-27,3,dia_util,1.0,1.41,-0.41,2.41,-1.83,3.83,2,baixa,fallback (todo histórico)
PT0002000068856872QG,2026-07-27,4,dia_util,0.5,0.71,-0.21,1.21,-0.91,1.91,2,baixa,fallback (todo histórico)
PT0002000068856872QG,2026-07-27,5,dia_util,0.5,0.71,-0.21,1.21,-0.91,1.91,2,baixa,fallback (todo histórico)
PT0002000068856872QG,2026-07-27,6,dia_util,0.0,0.3,-0.3,0.3,-0.6,0.6,2,baixa,fallback (todo histórico)
PT0002000068856872QG,2026-07-27,7,dia_util,0.0,0.3,-0.3,0.3,-0.6,0.6,2,baixa,fallback (todo histórico)
PT0002000068856872QG,2026-07-27,8,dia_util,2.0,1.41,0.59,3.41,-0.83,4.83,2,baixa,fallback (todo histórico)
PT0002000068856872QG,2026-07-27,9,dia_util,0.0,0.3,-0.3,0.3,-0.6,0.6,2,baixa,fallback (todo histórico)
PT0002000068856872QG,2026-07-27,10,dia_util,1.0,1.41,-0.41,2.41,-1.83,3.83,2,baixa,fallback (todo histórico)
PT0002000068856872QG,2026-07-27,11,dia_util,0.5,0.71,-0.21,1.21,-0.91,1.91,2,baixa,fallback (todo histórico)
PT0002000068856872QG,2026-07-27,12,dia_util,0.0,0.3,-0.3,0.3,-0.6,0.6,2,baixa,fallback (todo histórico)
PT0002000068856872QG,2026-07-27,13,dia_util,0.0,0.3,-0.3,0.3,-0.6,0.6,2,baixa,fallback (todo histórico)
PT0002000068856872QG,2026-07-27,14,dia_util,0.5,0.71,-0.21,1.21,-0.91,1.91,2,baixa,fallback (todo histórico)
PT0002000068856872QG,2026-07-27,15,dia_util,1.0,1.41,-0.41,2.41,-1.83,3.83,2,baixa,fallback (todo histórico)
PT0002000068856872QG,2026-07-27,16,dia_util,1.0,1.41,-0.41,2.41,-1.83,3.83,2,baixa,fallback (todo histórico)
PT0002000068856872QG,2026-07-27,17,dia_util,0.5,0.71,-0.21,1.21,-0.91,1.91,2,baixa,fallback (todo histórico)
PT0002000068856872QG,2026-07-27,18,dia_util,0.5,0.71,-0.21,1.21,-0.91,1.91,2,baixa,fallback (todo histórico)
PT0002000068856872QG,2026-07-27,19,dia_util,0.0,0.3,-0.3,0.3,-0.6,0.6,2,baixa,fallback (todo histórico)
PT0002000068856872QG,2026-07-27,20,dia_util,0.0,0.3,-0.3,0.3,-0.6,0.6,2,baixa,fallback (todo histórico)
PT0002000068856872QG,2026-07-27,21,dia_util,0.67,1.15,-0.49,1.82,-1.64,2.98,3,baixa,fallback (todo histórico)
PT0002000068856872QG,2026-07-27,22,dia_util,0.67,0.58,0.09,1.24,-0.49,1.82,3,baixa,fallback (todo histórico)
PT0002000068856872QG,2026-07-27,23,dia_util,0.67,1.15,-0.49,1.82,-1.64,2.98,3,baixa,fallback (todo histórico)
PT0002000068856906VS,2026-07-27,0,dia_util,24.0,2.4,21.6,26.4,19.2,28.8,2,baixa,fallback (todo histórico)
PT0002000068856906VS,2026-07-27,1,dia_util,23.5,2.35,21.15,25.85,18.8,28.2,2,baixa,fallback (todo histórico)
PT0002000068856906VS,2026-07-27,2,dia_util,23.5,2.35,21.15,25.85,18.8,28.2,2,baixa,fallback (todo histórico)
PT0002000068856906VS,2026-07-27,3,dia_util,24.5,2.45,22.05,26.95,19.6,29.4,2,baixa,fallback (todo histórico)
PT0002000068856906VS,2026-07-27,4,dia_util,24.5,2.45,22.05,26.95,19.6,29.4,2,baixa,fallback (todo histórico)
PT0002000068856906VS,2026-07-27,5,dia_util,24.5,2.45,22.05,26.95,19.6,29.4,2,baixa,fallback (todo histórico)
PT0002000068856906VS,2026-07-27,6,dia_util,21.5,2.15,19.35,23.65,17.2,25.8,2,baixa,fallback (todo histórico)
PT0002000068856906VS,2026-07-27,7,dia_util,19.0,1.9,17.1,20.9,15.2,22.8,2,baixa,fallback (todo histórico)
PT0002000068856906VS,2026-07-27,8,dia_util,19.0,1.9,17.1,20.9,15.2,22.8,2,baixa,fallback (todo histórico)
PT0002000068856906VS,2026-07-27,9,dia_util,23.0,2.3,20.7,25.3,18.4,27.6,2,baixa,fallback (todo histórico)
PT0002000068856906VS,2026-07-27,10,dia_util,25.5,2.55,22.95,28.05,20.4,30.6,2,baixa,fallback (todo histórico)
PT0002000068856906VS,2026-07-27,11,dia_util,26.0,2.6,23.4,28.6,20.8,31.2,2,baixa,fallback (todo histórico)
PT0002000068856906VS,2026-07-27,12,dia_util,25.0,2.5,22.5,27.5,20.0,30.0,2,baixa,fallback (todo histórico)
PT0002000068856906VS,2026-07-27,13,dia_util,23.5,2.35,21.15,25.85,18.8,28.2,2,baixa,fallback (todo histórico)
PT0002000068856906VS,2026-07-27,14,dia_util,24.0,2.4,21.6,26.4,19.2,28.8,2,baixa,fallback (todo histórico)
PT0002000068856906VS,2026-07-27,15,dia_util,23.5,2.35,21.15,25.85,18.8,28.2,2,baixa,fallback (todo histórico)
PT0002000068856906VS,2026-07-27,16,dia_util,25.0,2.5,22.5,27.5,20.0,30.0,2,baixa,fallback (todo histórico)
PT0002000068856906VS,2026-07-27,17,dia_util,19.0,1.9,17.1,20.9,15.2,22.8,2,baixa,fallback (todo histórico)
PT0002000068856906VS,2026-07-27,18,dia_util,20.0,2.0,18.0,22.0,16.0,24.0,2,baixa,fallback (todo histórico)
PT0002000068856906VS,2026-07-27,19,dia_util,19.5,1.95,17.55,21.45,15.6,23.4,2,baixa,fallback (todo histórico)
PT0002000068856906VS,2026-07-27,20,dia_util,23.5,2.35,21.15,25.85,18.8,28.2,2,baixa,fallback (todo histórico)
PT0002000068856906VS,2026-07-27,21,dia_util,27.0,6.08,20.92,33.08,14.83,39.17,3,baixa,fallback (todo histórico)
PT0002000068856906VS,2026-07-27,22,dia_util,30.0,3.0,27.0,33.0,24.0,36.0,3,baixa,fallback (todo histórico)
PT0002000068856906VS,2026-07-27,23,dia_util,28.33,2.83,25.5,31.17,22.67,34.0,3,baixa,fallback (todo histórico)
PT0002000068856952LS,2026-07-27,0,dia_util,0.5,0.71,-0.21,1.21,-0.91,1.91,2,baixa,fallback (todo histórico)
PT0002000068856952LS,2026-07-27,1,dia_util,0.0,0.3,-0.3,0.3,-0.6,0.6,2,baixa,fallback (todo histórico)
PT0002000068856952LS,2026-07-27,2,dia_util,0.0,0.3,-0.3,0.3,-0.6,0.6,2,baixa,fallback (todo histórico)
PT0002000068856952LS,2026-07-27,3,dia_util,0.5,0.71,-0.21,1.21,-0.91,1.91,2,baixa,fallback (todo histórico)
PT0002000068856952LS,2026-07-27,4,dia_util,0.0,0.3,-0.3,0.3,-0.6,0.6,2,baixa,fallback (todo histórico)
PT0002000068856952LS,2026-07-27,5,dia_util,0.0,0.3,-0.3,0.3,-0.6,0.6,2,baixa,fallback (todo histórico)
PT0002000068856952LS,2026-07-27,6,dia_util,0.0,0.3,-0.3,0.3,-0.6,0.6,2,baixa,fallback (todo histórico)
PT0002000068856952LS,2026-07-27,7,dia_util,0.0,0.3,-0.3,0.3,-0.6,0.6,2,baixa,fallback (todo histórico)
PT0002000068856952LS,2026-07-27,8,dia_util,0.5,0.71,-0.21,1.21,-0.91,1.91,2,baixa,fallback (todo histórico)
PT0002000068856952LS,2026-07-27,9,dia_util,4.5,4.95,-0.45,9.45,-5.4,14.4,2,baixa,fallback (todo histórico)
PT0002000068856952LS,2026-07-27,10,dia_util,4.5,6.36,-1.86,10.86,-8.23,17.23,2,baixa,fallback (todo histórico)
PT0002000068856952LS,2026-07-27,11,dia_util,4.5,6.36,-1.86,10.86,-8.23,17.23,2,baixa,fallback (todo histórico)
PT0002000068856952LS,2026-07-27,12,dia_util,4.0,5.66,-1.66,9.66,-7.31,15.31,2,baixa,fallback (todo histórico)
PT0002000068856952LS,2026-07-27,13,dia_util,4.5,6.36,-1.86,10.86,-8.23,17.23,2,baixa,fallback (todo histórico)
PT0002000068856952LS,2026-07-27,14,dia_util,4.0,5.66,-1.66,9.66,-7.31,15.31,2,baixa,fallback (todo histórico)
PT0002000068856952LS,2026-07-27,15,dia_util,4.5,6.36,-1.86,10.86,-8.23,17.23,2,baixa,fallback (todo histórico)
PT0002000068856952LS,2026-07-27,16,dia_util,4.5,6.36,-1.86,10.86,-8.23,17.23,2,baixa,fallback (todo histórico)
PT0002000068856952LS,2026-07-27,17,dia_util,4.0,5.66,-1.66,9.66,-7.31,15.31,2,baixa,fallback (todo histórico)
PT0002000068856952LS,2026-07-27,18,dia_util,5.0,5.66,-0.66,10.66,-6.31,16.31,2,baixa,fallback (todo histórico)
PT0002000068856952LS,2026-07-27,19,dia_util,2.0,2.83,-0.83,4.83,-3.66,7.66,2,baixa,fallback (todo histórico)
PT0002000068856952LS,2026-07-27,20,dia_util,0.0,0.3,-0.3,0.3,-0.6,0.6,2,baixa,fallback (todo histórico)
PT0002000068856952LS,2026-07-27,21,dia_util,0.0,0.3,-0.3,0.3,-0.6,0.6,3,baixa,fallback (todo histórico)
PT0002000068856952LS,2026-07-27,22,dia_util,0.0,0.3,-0.3,0.3,-0.6,0.6,3,baixa,fallback (todo histórico)
PT0002000068856952LS,2026-07-27,23,dia_util,0.0,0.3,-0.3,0.3,-0.6,0.6,3,baixa,fallback (todo histórico)
PT0002000068856974CZ,2026-07-27,0,dia_util,10.5,2.12,8.38,12.62,6.26,14.74,2,baixa,fallback (todo histórico)
PT0002000068856974CZ,2026-07-27,1,dia_util,9.5,0.95,8.55,10.45,7.6,11.4,2,baixa,fallback (todo histórico)
PT0002000068856974CZ,2026-07-27,2,dia_util,10.5,1.05,9.45,11.55,8.4,12.6,2,baixa,fallback (todo histórico)
PT0002000068856974CZ,2026-07-27,3,dia_util,10.5,1.05,9.45,11.55,8.4,12.6,2,baixa,fallback (todo histórico)
PT0002000068856974CZ,2026-07-27,4,dia_util,9.5,0.95,8.55,10.45,7.6,11.4,2,baixa,fallback (todo histórico)
PT0002000068856974CZ,2026-07-27,5,dia_util,9.5,0.95,8.55,10.45,7.6,11.4,2,baixa,fallback (todo histórico)
PT0002000068856974CZ,2026-07-27,6,dia_util,10.5,1.05,9.45,11.55,8.4,12.6,2,baixa,fallback (todo histórico)
PT0002000068856974CZ,2026-07-27,7,dia_util,10.0,1.41,8.59,11.41,7.17,12.83,2,baixa,fallback (todo histórico)
PT0002000068856974CZ,2026-07-27,8,dia_util,10.0,1.41,8.59,11.41,7.17,12.83,2,baixa,fallback (todo histórico)
PT0002000068856974CZ,2026-07-27,9,dia_util,11.0,1.1,9.9,12.1,8.8,13.2,2,baixa,fallback (todo histórico)
PT0002000068856974CZ,2026-07-27,10,dia_util,9.5,0.95,8.55,10.45,7.6,11.4,2,baixa,fallback (todo histórico)
PT0002000068856974CZ,2026-07-27,11,dia_util,10.0,1.41,8.59,11.41,7.17,12.83,2,baixa,fallback (todo histórico)
PT0002000068856974CZ,2026-07-27,12,dia_util,10.5,1.05,9.45,11.55,8.4,12.6,2,baixa,fallback (todo histórico)
PT0002000068856974CZ,2026-07-27,13,dia_util,19.0,2.83,16.17,21.83,13.34,24.66,2,baixa,fallback (todo histórico)
PT0002000068856974CZ,2026-07-27,14,dia_util,28.5,2.85,25.65,31.35,22.8,34.2,2,baixa,fallback (todo histórico)
PT0002000068856974CZ,2026-07-27,15,dia_util,27.5,2.75,24.75,30.25,22.0,33.0,2,baixa,fallback (todo histórico)
PT0002000068856974CZ,2026-07-27,16,dia_util,26.0,2.6,23.4,28.6,20.8,31.2,2,baixa,fallback (todo histórico)
PT0002000068856974CZ,2026-07-27,17,dia_util,26.5,3.54,22.96,30.04,19.43,33.57,2,baixa,fallback (todo histórico)
PT0002000068856974CZ,2026-07-27,18,dia_util,23.0,4.24,18.76,27.24,14.51,31.49,2,baixa,fallback (todo histórico)
PT0002000068856974CZ,2026-07-27,19,dia_util,20.5,4.95,15.55,25.45,10.6,30.4,2,baixa,fallback (todo histórico)
PT0002000068856974CZ,2026-07-27,20,dia_util,12.0,2.83,9.17,14.83,6.34,17.66,2,baixa,fallback (todo histórico)
PT0002000068856974CZ,2026-07-27,21,dia_util,9.33,2.08,7.25,11.41,5.17,13.5,3,baixa,fallback (todo histórico)
PT0002000068856974CZ,2026-07-27,22,dia_util,9.0,0.9,8.1,9.9,7.2,10.8,3,baixa,fallback (todo histórico)
PT0002000068856974CZ,2026-07-27,23,dia_util,10.67,1.07,9.6,11.73,8.53,12.8,3,baixa,fallback (todo histórico)
PT0002000068857099AR,2026-07-27,0,dia_util,3.0,0.3,2.7,3.3,2.4,3.6,2,baixa,fallback (todo histórico)
PT0002000068857099AR,2026-07-27,1,dia_util,3.0,0.3,2.7,3.3,2.4,3.6,2,baixa,fallback (todo histórico)
PT0002000068857099AR,2026-07-27,2,dia_util,3.0,0.3,2.7,3.3,2.4,3.6,2,baixa,fallback (todo histórico)
PT0002000068857099AR,2026-07-27,3,dia_util,2.5,0.71,1.79,3.21,1.09,3.91,2,baixa,fallback (todo histórico)
PT0002000068857099AR,2026-07-27,4,dia_util,3.5,0.71,2.79,4.21,2.09,4.91,2,baixa,fallback (todo histórico)
PT0002000068857099AR,2026-07-27,5,dia_util,2.5,0.71,1.79,3.21,1.09,3.91,2,baixa,fallback (todo histórico)
PT0002000068857099AR,2026-07-27,6,dia_util,2.5,0.71,1.79,3.21,1.09,3.91,2,baixa,fallback (todo histórico)
PT0002000068857099AR,2026-07-27,7,dia_util,3.0,0.3,2.7,3.3,2.4,3.6,2,baixa,fallback (todo histórico)
PT0002000068857099AR,2026-07-27,8,dia_util,3.0,0.3,2.7,3.3,2.4,3.6,2,baixa,fallback (todo histórico)
PT0002000068857099AR,2026-07-27,9,dia_util,3.5,2.12,1.38,5.62,-0.74,7.74,2,baixa,fallback (todo histórico)
PT0002000068857099AR,2026-07-27,10,dia_util,5.0,2.83,2.17,7.83,-0.66,10.66,2,baixa,fallback (todo histórico)
PT0002000068857099AR,2026-07-27,11,dia_util,2.5,0.71,1.79,3.21,1.09,3.91,2,baixa,fallback (todo histórico)
PT0002000068857099AR,2026-07-27,12,dia_util,3.0,0.3,2.7,3.3,2.4,3.6,2,baixa,fallback (todo histórico)
PT0002000068857099AR,2026-07-27,13,dia_util,3.0,0.3,2.7,3.3,2.4,3.6,2,baixa,fallback (todo histórico)
PT0002000068857099AR,2026-07-27,14,dia_util,3.0,1.41,1.59,4.41,0.17,5.83,2,baixa,fallback (todo histórico)
PT0002000068857099AR,2026-07-27,15,dia_util,3.0,0.3,2.7,3.3,2.4,3.6,2,baixa,fallback (todo histórico)
PT0002000068857099AR,2026-07-27,16,dia_util,3.5,0.71,2.79,4.21,2.09,4.91,2,baixa,fallback (todo histórico)
PT0002000068857099AR,2026-07-27,17,dia_util,3.0,0.3,2.7,3.3,2.4,3.6,2,baixa,fallback (todo histórico)
PT0002000068857099AR,2026-07-27,18,dia_util,3.5,0.71,2.79,4.21,2.09,4.91,2,baixa,fallback (todo histórico)
PT0002000068857099AR,2026-07-27,19,dia_util,3.5,0.71,2.79,4.21,2.09,4.91,2,baixa,fallback (todo histórico)
PT0002000068857099AR,2026-07-27,20,dia_util,3.0,0.3,2.7,3.3,2.4,3.6,2,baixa,fallback (todo histórico)
PT0002000068857099AR,2026-07-27,21,dia_util,3.0,0.3,2.7,3.3,2.4,3.6,3,baixa,fallback (todo histórico)
PT0002000068857099AR,2026-07-27,22,dia_util,3.0,0.3,2.7,3.3,2.4,3.6,3,baixa,fallback (todo histórico)
PT0002000068857099AR,2026-07-27,23,dia_util,4.0,1.73,2.27,5.73,0.54,7.46,3,baixa,fallback (todo histórico)
PT0002000068857897ZV,2026-07-27,0,dia_util,24.0,2.4,21.6,26.4,19.2,28.8,2,baixa,fallback (todo histórico)
PT0002000068857897ZV,2026-07-27,1,dia_util,24.0,2.4,21.6,26.4,19.2,28.8,2,baixa,fallback (todo histórico)
PT0002000068857897ZV,2026-07-27,2,dia_util,23.5,2.35,21.15,25.85,18.8,28.2,2,baixa,fallback (todo histórico)
PT0002000068857897ZV,2026-07-27,3,dia_util,23.0,2.3,20.7,25.3,18.4,27.6,2,baixa,fallback (todo histórico)
PT0002000068857897ZV,2026-07-27,4,dia_util,23.0,2.3,20.7,25.3,18.4,27.6,2,baixa,fallback (todo histórico)
PT0002000068857897ZV,2026-07-27,5,dia_util,24.0,2.4,21.6,26.4,19.2,28.8,2,baixa,fallback (todo histórico)
PT0002000068857897ZV,2026-07-27,6,dia_util,24.5,2.45,22.05,26.95,19.6,29.4,2,baixa,fallback (todo histórico)
PT0002000068857897ZV,2026-07-27,7,dia_util,23.5,2.35,21.15,25.85,18.8,28.2,2,baixa,fallback (todo histórico)
PT0002000068857897ZV,2026-07-27,8,dia_util,25.0,2.83,22.17,27.83,19.34,30.66,2,baixa,fallback (todo histórico)
PT0002000068857897ZV,2026-07-27,9,dia_util,25.0,2.5,22.5,27.5,20.0,30.0,2,baixa,fallback (todo histórico)
PT0002000068857897ZV,2026-07-27,10,dia_util,24.5,2.45,22.05,26.95,19.6,29.4,2,baixa,fallback (todo histórico)
PT0002000068857897ZV,2026-07-27,11,dia_util,23.0,2.3,20.7,25.3,18.4,27.6,2,baixa,fallback (todo histórico)
PT0002000068857897ZV,2026-07-27,12,dia_util,24.0,2.4,21.6,26.4,19.2,28.8,2,baixa,fallback (todo histórico)
PT0002000068857897ZV,2026-07-27,13,dia_util,23.5,2.35,21.15,25.85,18.8,28.2,2,baixa,fallback (todo histórico)
PT0002000068857897ZV,2026-07-27,14,dia_util,24.0,2.4,21.6,26.4,19.2,28.8,2,baixa,fallback (todo histórico)
PT0002000068857897ZV,2026-07-27,15,dia_util,23.5,2.35,21.15,25.85,18.8,28.2,2,baixa,fallback (todo histórico)
PT0002000068857897ZV,2026-07-27,16,dia_util,24.5,2.45,22.05,26.95,19.6,29.4,2,baixa,fallback (todo histórico)
PT0002000068857897ZV,2026-07-27,17,dia_util,24.0,2.4,21.6,26.4,19.2,28.8,2,baixa,fallback (todo histórico)
PT0002000068857897ZV,2026-07-27,18,dia_util,23.5,2.35,21.15,25.85,18.8,28.2,2,baixa,fallback (todo histórico)
PT0002000068857897ZV,2026-07-27,19,dia_util,23.0,2.3,20.7,25.3,18.4,27.6,2,baixa,fallback (todo histórico)
PT0002000068857897ZV,2026-07-27,20,dia_util,23.5,2.35,21.15,25.85,18.8,28.2,2,baixa,fallback (todo histórico)
PT0002000068857897ZV,2026-07-27,21,dia_util,22.33,4.62,17.71,26.95,13.1,31.57,3,baixa,fallback (todo histórico)
PT0002000068857897ZV,2026-07-27,22,dia_util,24.0,2.4,21.6,26.4,19.2,28.8,3,baixa,fallback (todo histórico)
PT0002000068857897ZV,2026-07-27,23,dia_util,23.33,2.33,21.0,25.67,18.67,28.0,3,baixa,fallback (todo histórico)
PT0002000068857909SY,2026-07-27,0,dia_util,6.5,0.71,5.79,7.21,5.09,7.91,2,baixa,fallback (todo histórico)
PT0002000068857909SY,2026-07-27,1,dia_util,6.5,0.71,5.79,7.21,5.09,7.91,2,baixa,fallback (todo histórico)
PT0002000068857909SY,2026-07-27,2,dia_util,6.0,0.6,5.4,6.6,4.8,7.2,2,baixa,fallback (todo histórico)
PT0002000068857909SY,2026-07-27,3,dia_util,6.0,0.6,5.4,6.6,4.8,7.2,2,baixa,fallback (todo histórico)
PT0002000068857909SY,2026-07-27,4,dia_util,6.5,0.71,5.79,7.21,5.09,7.91,2,baixa,fallback (todo histórico)
PT0002000068857909SY,2026-07-27,5,dia_util,6.5,0.71,5.79,7.21,5.09,7.91,2,baixa,fallback (todo histórico)
PT0002000068857909SY,2026-07-27,6,dia_util,6.0,0.6,5.4,6.6,4.8,7.2,2,baixa,fallback (todo histórico)
PT0002000068857909SY,2026-07-27,7,dia_util,6.5,0.71,5.79,7.21,5.09,7.91,2,baixa,fallback (todo histórico)
PT0002000068857909SY,2026-07-27,8,dia_util,6.5,0.71,5.79,7.21,5.09,7.91,2,baixa,fallback (todo histórico)
PT0002000068857909SY,2026-07-27,9,dia_util,6.0,0.6,5.4,6.6,4.8,7.2,2,baixa,fallback (todo histórico)
PT0002000068857909SY,2026-07-27,10,dia_util,6.5,0.71,5.79,7.21,5.09,7.91,2,baixa,fallback (todo histórico)
PT0002000068857909SY,2026-07-27,11,dia_util,6.5,0.71,5.79,7.21,5.09,7.91,2,baixa,fallback (todo histórico)
PT0002000068857909SY,2026-07-27,12,dia_util,6.0,0.6,5.4,6.6,4.8,7.2,2,baixa,fallback (todo histórico)
PT0002000068857909SY,2026-07-27,13,dia_util,6.5,0.71,5.79,7.21,5.09,7.91,2,baixa,fallback (todo histórico)
PT0002000068857909SY,2026-07-27,14,dia_util,6.5,0.71,5.79,7.21,5.09,7.91,2,baixa,fallback (todo histórico)
PT0002000068857909SY,2026-07-27,15,dia_util,6.5,0.71,5.79,7.21,5.09,7.91,2,baixa,fallback (todo histórico)
PT0002000068857909SY,2026-07-27,16,dia_util,6.5,0.71,5.79,7.21,5.09,7.91,2,baixa,fallback (todo histórico)
PT0002000068857909SY,2026-07-27,17,dia_util,6.5,0.71,5.79,7.21,5.09,7.91,2,baixa,fallback (todo histórico)
PT0002000068857909SY,2026-07-27,18,dia_util,6.5,0.71,5.79,7.21,5.09,7.91,2,baixa,fallback (todo histórico)
PT0002000068857909SY,2026-07-27,19,dia_util,7.0,0.7,6.3,7.7,5.6,8.4,2,baixa,fallback (todo histórico)
PT0002000068857909SY,2026-07-27,20,dia_util,6.0,0.6,5.4,6.6,4.8,7.2,2,baixa,fallback (todo histórico)
PT0002000068857909SY,2026-07-27,21,dia_util,6.0,1.0,5.0,7.0,4.0,8.0,3,baixa,fallback (todo histórico)
PT0002000068857909SY,2026-07-27,22,dia_util,6.67,0.67,6.0,7.33,5.33,8.0,3,baixa,fallback (todo histórico)
PT0002000068857909SY,2026-07-27,23,dia_util,6.33,0.63,5.7,6.97,5.07,7.6,3,baixa,fallback (todo histórico)
PT0002000068858231YY,2026-07-27,0,dia_util,24.0,2.4,21.6,26.4,19.2,28.8,2,baixa,fallback (todo histórico)
PT0002000068858231YY,2026-07-27,1,dia_util,24.0,2.4,21.6,26.4,19.2,28.8,2,baixa,fallback (todo histórico)
PT0002000068858231YY,2026-07-27,2,dia_util,24.0,2.4,21.6,26.4,19.2,28.8,2,baixa,fallback (todo histórico)
PT0002000068858231YY,2026-07-27,3,dia_util,24.5,2.45,22.05,26.95,19.6,29.4,2,baixa,fallback (todo histórico)
PT0002000068858231YY,2026-07-27,4,dia_util,24.0,2.4,21.6,26.4,19.2,28.8,2,baixa,fallback (todo histórico)
PT0002000068858231YY,2026-07-27,5,dia_util,23.5,2.35,21.15,25.85,18.8,28.2,2,baixa,fallback (todo histórico)
PT0002000068858231YY,2026-07-27,6,dia_util,22.0,2.2,19.8,24.2,17.6,26.4,2,baixa,fallback (todo histórico)
PT0002000068858231YY,2026-07-27,7,dia_util,16.0,1.6,14.4,17.6,12.8,19.2,2,baixa,fallback (todo histórico)
PT0002000068858231YY,2026-07-27,8,dia_util,16.0,1.6,14.4,17.6,12.8,19.2,2,baixa,fallback (todo histórico)
PT0002000068858231YY,2026-07-27,9,dia_util,16.5,1.65,14.85,18.15,13.2,19.8,2,baixa,fallback (todo histórico)
PT0002000068858231YY,2026-07-27,10,dia_util,15.5,1.55,13.95,17.05,12.4,18.6,2,baixa,fallback (todo histórico)
PT0002000068858231YY,2026-07-27,11,dia_util,16.0,1.6,14.4,17.6,12.8,19.2,2,baixa,fallback (todo histórico)
PT0002000068858231YY,2026-07-27,12,dia_util,15.0,1.5,13.5,16.5,12.0,18.0,2,baixa,fallback (todo histórico)
PT0002000068858231YY,2026-07-27,13,dia_util,16.0,1.6,14.4,17.6,12.8,19.2,2,baixa,fallback (todo histórico)
PT0002000068858231YY,2026-07-27,14,dia_util,16.0,1.6,14.4,17.6,12.8,19.2,2,baixa,fallback (todo histórico)
PT0002000068858231YY,2026-07-27,15,dia_util,15.0,1.5,13.5,16.5,12.0,18.0,2,baixa,fallback (todo histórico)
PT0002000068858231YY,2026-07-27,16,dia_util,16.0,1.6,14.4,17.6,12.8,19.2,2,baixa,fallback (todo histórico)
PT0002000068858231YY,2026-07-27,17,dia_util,16.0,1.6,14.4,17.6,12.8,19.2,2,baixa,fallback (todo histórico)
PT0002000068858231YY,2026-07-27,18,dia_util,19.0,1.9,17.1,20.9,15.2,22.8,2,baixa,fallback (todo histórico)
PT0002000068858231YY,2026-07-27,19,dia_util,15.5,1.55,13.95,17.05,12.4,18.6,2,baixa,fallback (todo histórico)
PT0002000068858231YY,2026-07-27,20,dia_util,16.0,1.6,14.4,17.6,12.8,19.2,2,baixa,fallback (todo histórico)
PT0002000068858231YY,2026-07-27,21,dia_util,15.33,2.08,13.25,17.41,11.17,19.5,3,baixa,fallback (todo histórico)
PT0002000068858231YY,2026-07-27,22,dia_util,18.0,1.8,16.2,19.8,14.4,21.6,3,baixa,fallback (todo histórico)
PT0002000068858231YY,2026-07-27,23,dia_util,21.0,2.1,18.9,23.1,16.8,25.2,3,baixa,fallback (todo histórico)
PT0002000068858674WN,2026-07-27,0,dia_util,50.0,5.0,45.0,55.0,40.0,60.0,2,baixa,fallback (todo histórico)
PT0002000068858674WN,2026-07-27,1,dia_util,64.0,6.4,57.6,70.4,51.2,76.8,2,baixa,fallback (todo histórico)
PT0002000068858674WN,2026-07-27,2,dia_util,50.0,5.0,45.0,55.0,40.0,60.0,2,baixa,fallback (todo histórico)
PT0002000068858674WN,2026-07-27,3,dia_util,38.0,8.49,29.51,46.49,21.03,54.97,2,baixa,fallback (todo histórico)
PT0002000068858674WN,2026-07-27,4,dia_util,20.0,2.0,18.0,22.0,16.0,24.0,2,baixa,fallback (todo histórico)
PT0002000068858674WN,2026-07-27,5,dia_util,22.0,2.83,19.17,24.83,16.34,27.66,2,baixa,fallback (todo histórico)
PT0002000068858674WN,2026-07-27,6,dia_util,20.0,2.0,18.0,22.0,16.0,24.0,2,baixa,fallback (todo histórico)
PT0002000068858674WN,2026-07-27,7,dia_util,42.0,4.2,37.8,46.2,33.6,50.4,2,baixa,fallback (todo histórico)
PT0002000068858674WN,2026-07-27,8,dia_util,48.0,11.31,36.69,59.31,25.37,70.63,2,baixa,fallback (todo histórico)
PT0002000068858674WN,2026-07-27,9,dia_util,64.0,22.63,41.37,86.63,18.75,109.25,2,baixa,fallback (todo histórico)
PT0002000068858674WN,2026-07-27,10,dia_util,72.0,22.63,49.37,94.63,26.75,117.25,2,baixa,fallback (todo histórico)
PT0002000068858674WN,2026-07-27,11,dia_util,60.0,11.31,48.69,71.31,37.37,82.63,2,baixa,fallback (todo histórico)
PT0002000068858674WN,2026-07-27,12,dia_util,54.0,5.4,48.6,59.4,43.2,64.8,2,baixa,fallback (todo histórico)
PT0002000068858674WN,2026-07-27,13,dia_util,74.0,8.49,65.51,82.49,57.03,90.97,2,baixa,fallback (todo histórico)
PT0002000068858674WN,2026-07-27,14,dia_util,58.0,5.8,52.2,63.8,46.4,69.6,2,baixa,fallback (todo histórico)
PT0002000068858674WN,2026-07-27,15,dia_util,46.0,4.6,41.4,50.6,36.8,55.2,2,baixa,fallback (todo histórico)
PT0002000068858674WN,2026-07-27,16,dia_util,50.0,8.49,41.51,58.49,33.03,66.97,2,baixa,fallback (todo histórico)
PT0002000068858674WN,2026-07-27,17,dia_util,56.0,5.6,50.4,61.6,44.8,67.2,2,baixa,fallback (todo histórico)
PT0002000068858674WN,2026-07-27,18,dia_util,60.0,6.0,54.0,66.0,48.0,72.0,2,baixa,fallback (todo histórico)
PT0002000068858674WN,2026-07-27,19,dia_util,78.0,8.49,69.51,86.49,61.03,94.97,2,baixa,fallback (todo histórico)
PT0002000068858674WN,2026-07-27,20,dia_util,74.0,7.4,66.6,81.4,59.2,88.8,2,baixa,fallback (todo histórico)
PT0002000068858674WN,2026-07-27,21,dia_util,42.67,4.27,38.4,46.93,34.13,51.2,3,baixa,fallback (todo histórico)
PT0002000068858674WN,2026-07-27,22,dia_util,44.0,6.93,37.07,50.93,30.14,57.86,3,baixa,fallback (todo histórico)
PT0002000068858674WN,2026-07-27,23,dia_util,45.33,6.11,39.22,51.44,33.11,57.55,3,baixa,fallback (todo histórico)
PT0002000068859187RL,2026-07-27,0,dia_util,12.0,1.2,10.8,13.2,9.6,14.4,2,baixa,fallback (todo histórico)
PT0002000068859187RL,2026-07-27,1,dia_util,13.0,1.41,11.59,14.41,10.17,15.83,2,baixa,fallback (todo histórico)
PT0002000068859187RL,2026-07-27,2,dia_util,12.5,1.25,11.25,13.75,10.0,15.0,2,baixa,fallback (todo histórico)
PT0002000068859187RL,2026-07-27,3,dia_util,11.0,1.1,9.9,12.1,8.8,13.2,2,baixa,fallback (todo histórico)
PT0002000068859187RL,2026-07-27,4,dia_util,12.5,1.25,11.25,13.75,10.0,15.0,2,baixa,fallback (todo histórico)
PT0002000068859187RL,2026-07-27,5,dia_util,11.0,1.1,9.9,12.1,8.8,13.2,2,baixa,fallback (todo histórico)
PT0002000068859187RL,2026-07-27,6,dia_util,12.5,1.25,11.25,13.75,10.0,15.0,2,baixa,fallback (todo histórico)
PT0002000068859187RL,2026-07-27,7,dia_util,11.5,1.15,10.35,12.65,9.2,13.8,2,baixa,fallback (todo histórico)
PT0002000068859187RL,2026-07-27,8,dia_util,11.5,1.15,10.35,12.65,9.2,13.8,2,baixa,fallback (todo histórico)
PT0002000068859187RL,2026-07-27,9,dia_util,12.0,1.41,10.59,13.41,9.17,14.83,2,baixa,fallback (todo histórico)
PT0002000068859187RL,2026-07-27,10,dia_util,12.5,1.25,11.25,13.75,10.0,15.0,2,baixa,fallback (todo histórico)
PT0002000068859187RL,2026-07-27,11,dia_util,12.5,1.25,11.25,13.75,10.0,15.0,2,baixa,fallback (todo histórico)
PT0002000068859187RL,2026-07-27,12,dia_util,13.0,1.3,11.7,14.3,10.4,15.6,2,baixa,fallback (todo histórico)
PT0002000068859187RL,2026-07-27,13,dia_util,12.5,1.25,11.25,13.75,10.0,15.0,2,baixa,fallback (todo histórico)
PT0002000068859187RL,2026-07-27,14,dia_util,13.5,1.35,12.15,14.85,10.8,16.2,2,baixa,fallback (todo histórico)
PT0002000068859187RL,2026-07-27,15,dia_util,12.5,1.25,11.25,13.75,10.0,15.0,2,baixa,fallback (todo histórico)
PT0002000068859187RL,2026-07-27,16,dia_util,13.0,1.3,11.7,14.3,10.4,15.6,2,baixa,fallback (todo histórico)
PT0002000068859187RL,2026-07-27,17,dia_util,13.5,1.35,12.15,14.85,10.8,16.2,2,baixa,fallback (todo histórico)
PT0002000068859187RL,2026-07-27,18,dia_util,13.0,1.3,11.7,14.3,10.4,15.6,2,baixa,fallback (todo histórico)
PT0002000068859187RL,2026-07-27,19,dia_util,12.5,1.25,11.25,13.75,10.0,15.0,2,baixa,fallback (todo histórico)
PT0002000068859187RL,2026-07-27,20,dia_util,13.5,1.35,12.15,14.85,10.8,16.2,2,baixa,fallback (todo histórico)
PT0002000068859187RL,2026-07-27,21,dia_util,11.33,2.08,9.25,13.41,7.17,15.5,3,baixa,fallback (todo histórico)
PT0002000068859187RL,2026-07-27,22,dia_util,12.67,1.27,11.4,13.93,10.13,15.2,3,baixa,fallback (todo histórico)
PT0002000068859187RL,2026-07-27,23,dia_util,13.0,1.3,11.7,14.3,10.4,15.6,3,baixa,fallback (todo histórico)
PT0002000068859325FL,2026-07-27,0,dia_util,42.0,4.2,37.8,46.2,33.6,50.4,2,baixa,fallback (todo histórico)
PT0002000068859325FL,2026-07-27,1,dia_util,42.0,4.2,37.8,46.2,33.6,50.4,2,baixa,fallback (todo histórico)
PT0002000068859325FL,2026-07-27,2,dia_util,38.0,3.8,34.2,41.8,30.4,45.6,2,baixa,fallback (todo histórico)
PT0002000068859325FL,2026-07-27,3,dia_util,42.0,4.2,37.8,46.2,33.6,50.4,2,baixa,fallback (todo histórico)
PT0002000068859325FL,2026-07-27,4,dia_util,40.0,4.0,36.0,44.0,32.0,48.0,2,baixa,fallback (todo histórico)
PT0002000068859325FL,2026-07-27,5,dia_util,38.0,3.8,34.2,41.8,30.4,45.6,2,baixa,fallback (todo histórico)
PT0002000068859325FL,2026-07-27,6,dia_util,32.0,3.2,28.8,35.2,25.6,38.4,2,baixa,fallback (todo histórico)
PT0002000068859325FL,2026-07-27,7,dia_util,82.0,8.2,73.8,90.2,65.6,98.4,2,baixa,fallback (todo histórico)
PT0002000068859325FL,2026-07-27,8,dia_util,44.0,5.66,38.34,49.66,32.69,55.31,2,baixa,fallback (todo histórico)
PT0002000068859325FL,2026-07-27,9,dia_util,76.0,7.6,68.4,83.6,60.8,91.2,2,baixa,fallback (todo histórico)
PT0002000068859325FL,2026-07-27,10,dia_util,122.0,53.74,68.26,175.74,14.52,229.48,2,baixa,fallback (todo histórico)
PT0002000068859325FL,2026-07-27,11,dia_util,86.0,19.8,66.2,105.8,46.4,125.6,2,baixa,fallback (todo histórico)
PT0002000068859325FL,2026-07-27,12,dia_util,94.0,42.43,51.57,136.43,9.15,178.85,2,baixa,fallback (todo histórico)
PT0002000068859325FL,2026-07-27,13,dia_util,78.0,25.46,52.54,103.46,27.09,128.91,2,baixa,fallback (todo histórico)
PT0002000068859325FL,2026-07-27,14,dia_util,72.0,16.97,55.03,88.97,38.06,105.94,2,baixa,fallback (todo histórico)
PT0002000068859325FL,2026-07-27,15,dia_util,60.0,6.0,54.0,66.0,48.0,72.0,2,baixa,fallback (todo histórico)
PT0002000068859325FL,2026-07-27,16,dia_util,110.0,19.8,90.2,129.8,70.4,149.6,2,baixa,fallback (todo histórico)
PT0002000068859325FL,2026-07-27,17,dia_util,64.0,28.28,35.72,92.28,7.43,120.57,2,baixa,fallback (todo histórico)
PT0002000068859325FL,2026-07-27,18,dia_util,62.0,19.8,42.2,81.8,22.4,101.6,2,baixa,fallback (todo histórico)
PT0002000068859325FL,2026-07-27,19,dia_util,60.0,22.63,37.37,82.63,14.75,105.25,2,baixa,fallback (todo histórico)
PT0002000068859325FL,2026-07-27,20,dia_util,56.0,5.66,50.34,61.66,44.69,67.31,2,baixa,fallback (todo histórico)
PT0002000068859325FL,2026-07-27,21,dia_util,65.33,6.53,58.8,71.87,52.27,78.4,3,baixa,fallback (todo histórico)
PT0002000068859325FL,2026-07-27,22,dia_util,48.0,4.8,43.2,52.8,38.4,57.6,3,baixa,fallback (todo histórico)
PT0002000068859325FL,2026-07-27,23,dia_util,42.67,4.27,38.4,46.93,34.13,51.2,3,baixa,fallback (todo histórico)
PT0002000068859382XF,2026-07-27,0,dia_util,36.5,3.65,32.85,40.15,29.2,43.8,2,baixa,fallback (todo histórico)
PT0002000068859382XF,2026-07-27,1,dia_util,36.0,3.6,32.4,39.6,28.8,43.2,2,baixa,fallback (todo histórico)
PT0002000068859382XF,2026-07-27,2,dia_util,35.5,3.55,31.95,39.05,28.4,42.6,2,baixa,fallback (todo histórico)
PT0002000068859382XF,2026-07-27,3,dia_util,36.0,3.6,32.4,39.6,28.8,43.2,2,baixa,fallback (todo histórico)
PT0002000068859382XF,2026-07-27,4,dia_util,37.0,3.7,33.3,40.7,29.6,44.4,2,baixa,fallback (todo histórico)
PT0002000068859382XF,2026-07-27,5,dia_util,35.5,3.55,31.95,39.05,28.4,42.6,2,baixa,fallback (todo histórico)
PT0002000068859382XF,2026-07-27,6,dia_util,36.5,3.65,32.85,40.15,29.2,43.8,2,baixa,fallback (todo histórico)
PT0002000068859382XF,2026-07-27,7,dia_util,34.5,3.45,31.05,37.95,27.6,41.4,2,baixa,fallback (todo histórico)
PT0002000068859382XF,2026-07-27,8,dia_util,36.5,3.65,32.85,40.15,29.2,43.8,2,baixa,fallback (todo histórico)
PT0002000068859382XF,2026-07-27,9,dia_util,35.5,3.55,31.95,39.05,28.4,42.6,2,baixa,fallback (todo histórico)
PT0002000068859382XF,2026-07-27,10,dia_util,35.0,3.5,31.5,38.5,28.0,42.0,2,baixa,fallback (todo histórico)
PT0002000068859382XF,2026-07-27,11,dia_util,37.0,3.7,33.3,40.7,29.6,44.4,2,baixa,fallback (todo histórico)
PT0002000068859382XF,2026-07-27,12,dia_util,35.5,3.55,31.95,39.05,28.4,42.6,2,baixa,fallback (todo histórico)
PT0002000068859382XF,2026-07-27,13,dia_util,36.0,3.6,32.4,39.6,28.8,43.2,2,baixa,fallback (todo histórico)
PT0002000068859382XF,2026-07-27,14,dia_util,36.0,3.6,32.4,39.6,28.8,43.2,2,baixa,fallback (todo histórico)
PT0002000068859382XF,2026-07-27,15,dia_util,35.0,3.5,31.5,38.5,28.0,42.0,2,baixa,fallback (todo histórico)
PT0002000068859382XF,2026-07-27,16,dia_util,35.5,3.55,31.95,39.05,28.4,42.6,2,baixa,fallback (todo histórico)
PT0002000068859382XF,2026-07-27,17,dia_util,36.0,3.6,32.4,39.6,28.8,43.2,2,baixa,fallback (todo histórico)
PT0002000068859382XF,2026-07-27,18,dia_util,36.0,3.6,32.4,39.6,28.8,43.2,2,baixa,fallback (todo histórico)
PT0002000068859382XF,2026-07-27,19,dia_util,37.0,3.7,33.3,40.7,29.6,44.4,2,baixa,fallback (todo histórico)
PT0002000068859382XF,2026-07-27,20,dia_util,35.5,3.55,31.95,39.05,28.4,42.6,2,baixa,fallback (todo histórico)
PT0002000068859382XF,2026-07-27,21,dia_util,35.33,3.53,31.8,38.87,28.27,42.4,3,baixa,fallback (todo histórico)
PT0002000068859382XF,2026-07-27,22,dia_util,36.67,3.67,33.0,40.33,29.33,44.0,3,baixa,fallback (todo histórico)
PT0002000068859382XF,2026-07-27,23,dia_util,35.33,3.53,31.8,38.87,28.27,42.4,3,baixa,fallback (todo histórico)
PT0002000068859393XH,2026-07-27,0,dia_util,21.0,2.1,18.9,23.1,16.8,25.2,2,baixa,fallback (todo histórico)
PT0002000068859393XH,2026-07-27,1,dia_util,21.5,2.15,19.35,23.65,17.2,25.8,2,baixa,fallback (todo histórico)
PT0002000068859393XH,2026-07-27,2,dia_util,21.0,2.1,18.9,23.1,16.8,25.2,2,baixa,fallback (todo histórico)
PT0002000068859393XH,2026-07-27,3,dia_util,21.0,2.1,18.9,23.1,16.8,25.2,2,baixa,fallback (todo histórico)
PT0002000068859393XH,2026-07-27,4,dia_util,21.0,2.1,18.9,23.1,16.8,25.2,2,baixa,fallback (todo histórico)
PT0002000068859393XH,2026-07-27,5,dia_util,19.0,1.9,17.1,20.9,15.2,22.8,2,baixa,fallback (todo histórico)
PT0002000068859393XH,2026-07-27,6,dia_util,16.5,1.65,14.85,18.15,13.2,19.8,2,baixa,fallback (todo histórico)
PT0002000068859393XH,2026-07-27,7,dia_util,17.0,1.7,15.3,18.7,13.6,20.4,2,baixa,fallback (todo histórico)
PT0002000068859393XH,2026-07-27,8,dia_util,61.5,10.61,50.89,72.11,40.29,82.71,2,baixa,fallback (todo histórico)
PT0002000068859393XH,2026-07-27,9,dia_util,117.5,11.75,105.75,129.25,94.0,141.0,2,baixa,fallback (todo histórico)
PT0002000068859393XH,2026-07-27,10,dia_util,120.0,12.0,108.0,132.0,96.0,144.0,2,baixa,fallback (todo histórico)
PT0002000068859393XH,2026-07-27,11,dia_util,120.0,12.0,108.0,132.0,96.0,144.0,2,baixa,fallback (todo histórico)
PT0002000068859393XH,2026-07-27,12,dia_util,110.0,21.21,88.79,131.21,67.57,152.43,2,baixa,fallback (todo histórico)
PT0002000068859393XH,2026-07-27,13,dia_util,84.0,55.15,28.85,139.15,-26.31,194.31,2,baixa,fallback (todo histórico)
PT0002000068859393XH,2026-07-27,14,dia_util,80.5,58.69,21.81,139.19,-36.88,197.88,2,baixa,fallback (todo histórico)
PT0002000068859393XH,2026-07-27,15,dia_util,78.0,56.57,21.43,134.57,-35.14,191.14,2,baixa,fallback (todo histórico)
PT0002000068859393XH,2026-07-27,16,dia_util,80.5,55.86,24.64,136.36,-31.22,192.22,2,baixa,fallback (todo histórico)
PT0002000068859393XH,2026-07-27,17,dia_util,77.5,55.86,21.64,133.36,-34.22,189.22,2,baixa,fallback (todo histórico)
PT0002000068859393XH,2026-07-27,18,dia_util,79.0,55.15,23.85,134.15,-31.31,189.31,2,baixa,fallback (todo histórico)
PT0002000068859393XH,2026-07-27,19,dia_util,79.5,53.03,26.47,132.53,-26.57,185.57,2,baixa,fallback (todo histórico)
PT0002000068859393XH,2026-07-27,20,dia_util,76.5,44.55,31.95,121.05,-12.6,165.6,2,baixa,fallback (todo histórico)
PT0002000068859393XH,2026-07-27,21,dia_util,68.0,45.9,22.1,113.9,-23.8,159.8,3,baixa,fallback (todo histórico)
PT0002000068859393XH,2026-07-27,22,dia_util,80.0,67.56,12.44,147.56,-55.11,215.11,3,baixa,fallback (todo histórico)
PT0002000068859393XH,2026-07-27,23,dia_util,28.0,7.81,20.19,35.81,12.38,43.62,3,baixa,fallback (todo histórico)
PT0002000068859597LS,2026-07-27,0,dia_util,50.0,31.11,18.89,81.11,-12.23,112.23,2,baixa,fallback (todo histórico)
PT0002000068859597LS,2026-07-27,1,dia_util,28.0,2.8,25.2,30.8,22.4,33.6,2,baixa,fallback (todo histórico)
PT0002000068859597LS,2026-07-27,2,dia_util,27.0,2.7,24.3,29.7,21.6,32.4,2,baixa,fallback (todo histórico)
PT0002000068859597LS,2026-07-27,3,dia_util,28.0,2.8,25.2,30.8,22.4,33.6,2,baixa,fallback (todo histórico)
PT0002000068859597LS,2026-07-27,4,dia_util,29.0,2.9,26.1,31.9,23.2,34.8,2,baixa,fallback (todo histórico)
PT0002000068859597LS,2026-07-27,5,dia_util,32.5,6.36,26.14,38.86,19.77,45.23,2,baixa,fallback (todo histórico)
PT0002000068859597LS,2026-07-27,6,dia_util,37.5,9.19,28.31,46.69,19.12,55.88,2,baixa,fallback (todo histórico)
PT0002000068859597LS,2026-07-27,7,dia_util,34.5,10.61,23.89,45.11,13.29,55.71,2,baixa,fallback (todo histórico)
PT0002000068859597LS,2026-07-27,8,dia_util,34.0,8.49,25.51,42.49,17.03,50.97,2,baixa,fallback (todo histórico)
PT0002000068859597LS,2026-07-27,9,dia_util,37.5,10.61,26.89,48.11,16.29,58.71,2,baixa,fallback (todo histórico)
PT0002000068859597LS,2026-07-27,10,dia_util,47.0,8.49,38.51,55.49,30.03,63.97,2,baixa,fallback (todo histórico)
PT0002000068859597LS,2026-07-27,11,dia_util,46.0,7.07,38.93,53.07,31.86,60.14,2,baixa,fallback (todo histórico)
PT0002000068859597LS,2026-07-27,12,dia_util,43.5,4.35,39.15,47.85,34.8,52.2,2,baixa,fallback (todo histórico)
PT0002000068859597LS,2026-07-27,13,dia_util,44.0,4.4,39.6,48.4,35.2,52.8,2,baixa,fallback (todo histórico)
PT0002000068859597LS,2026-07-27,14,dia_util,44.5,7.78,36.72,52.28,28.94,60.06,2,baixa,fallback (todo histórico)
PT0002000068859597LS,2026-07-27,15,dia_util,41.5,4.95,36.55,46.45,31.6,51.4,2,baixa,fallback (todo histórico)
PT0002000068859597LS,2026-07-27,16,dia_util,44.5,7.78,36.72,52.28,28.94,60.06,2,baixa,fallback (todo histórico)
PT0002000068859597LS,2026-07-27,17,dia_util,42.5,9.19,33.31,51.69,24.12,60.88,2,baixa,fallback (todo histórico)
PT0002000068859597LS,2026-07-27,18,dia_util,38.5,12.02,26.48,50.52,14.46,62.54,2,baixa,fallback (todo histórico)
PT0002000068859597LS,2026-07-27,19,dia_util,38.5,13.44,25.06,51.94,11.63,65.37,2,baixa,fallback (todo histórico)
PT0002000068859597LS,2026-07-27,20,dia_util,36.0,11.31,24.69,47.31,13.37,58.63,2,baixa,fallback (todo histórico)
PT0002000068859597LS,2026-07-27,21,dia_util,53.33,9.07,44.26,62.41,35.19,71.48,3,baixa,fallback (todo histórico)
PT0002000068859597LS,2026-07-27,22,dia_util,63.67,11.59,52.08,75.26,40.49,86.85,3,baixa,fallback (todo histórico)
PT0002000068859597LS,2026-07-27,23,dia_util,61.67,12.9,48.77,74.56,35.87,87.46,3,baixa,fallback (todo histórico)
PT0002000071896778MT,2026-07-27,0,dia_util,4.0,0.4,3.6,4.4,3.2,4.8,2,baixa,fallback (todo histórico)
PT0002000071896778MT,2026-07-27,1,dia_util,4.0,0.4,3.6,4.4,3.2,4.8,2,baixa,fallback (todo histórico)
PT0002000071896778MT,2026-07-27,2,dia_util,4.0,0.4,3.6,4.4,3.2,4.8,2,baixa,fallback (todo histórico)
PT0002000071896778MT,2026-07-27,3,dia_util,4.0,0.4,3.6,4.4,3.2,4.8,2,baixa,fallback (todo histórico)
PT0002000071896778MT,2026-07-27,4,dia_util,4.0,0.4,3.6,4.4,3.2,4.8,2,baixa,fallback (todo histórico)
PT0002000071896778MT,2026-07-27,5,dia_util,3.5,0.71,2.79,4.21,2.09,4.91,2,baixa,fallback (todo histórico)
PT0002000071896778MT,2026-07-27,6,dia_util,4.0,0.4,3.6,4.4,3.2,4.8,2,baixa,fallback (todo histórico)
PT0002000071896778MT,2026-07-27,7,dia_util,3.5,0.71,2.79,4.21,2.09,4.91,2,baixa,fallback (todo histórico)
PT0002000071896778MT,2026-07-27,8,dia_util,4.0,0.4,3.6,4.4,3.2,4.8,2,baixa,fallback (todo histórico)
PT0002000071896778MT,2026-07-27,9,dia_util,4.5,0.71,3.79,5.21,3.09,5.91,2,baixa,fallback (todo histórico)
PT0002000071896778MT,2026-07-27,10,dia_util,3.5,0.71,2.79,4.21,2.09,4.91,2,baixa,fallback (todo histórico)
PT0002000071896778MT,2026-07-27,11,dia_util,3.5,0.71,2.79,4.21,2.09,4.91,2,baixa,fallback (todo histórico)
PT0002000071896778MT,2026-07-27,12,dia_util,4.0,0.4,3.6,4.4,3.2,4.8,2,baixa,fallback (todo histórico)
PT0002000071896778MT,2026-07-27,13,dia_util,4.0,0.4,3.6,4.4,3.2,4.8,2,baixa,fallback (todo histórico)
PT0002000071896778MT,2026-07-27,14,dia_util,4.0,0.4,3.6,4.4,3.2,4.8,2,baixa,fallback (todo histórico)
PT0002000071896778MT,2026-07-27,15,dia_util,4.0,0.4,3.6,4.4,3.2,4.8,2,baixa,fallback (todo histórico)
PT0002000071896778MT,2026-07-27,16,dia_util,4.0,0.4,3.6,4.4,3.2,4.8,2,baixa,fallback (todo histórico)
PT0002000071896778MT,2026-07-27,17,dia_util,4.0,0.4,3.6,4.4,3.2,4.8,2,baixa,fallback (todo histórico)
PT0002000071896778MT,2026-07-27,18,dia_util,4.5,0.71,3.79,5.21,3.09,5.91,2,baixa,fallback (todo histórico)
PT0002000071896778MT,2026-07-27,19,dia_util,4.0,0.4,3.6,4.4,3.2,4.8,2,baixa,fallback (todo histórico)
PT0002000071896778MT,2026-07-27,20,dia_util,4.0,0.4,3.6,4.4,3.2,4.8,2,baixa,fallback (todo histórico)
PT0002000071896778MT,2026-07-27,21,dia_util,3.67,0.58,3.09,4.24,2.51,4.82,3,baixa,fallback (todo histórico)
PT0002000071896778MT,2026-07-27,22,dia_util,3.67,0.58,3.09,4.24,2.51,4.82,3,baixa,fallback (todo histórico)
PT0002000071896778MT,2026-07-27,23,dia_util,4.0,0.4,3.6,4.4,3.2,4.8,3,baixa,fallback (todo histórico)
PT0002000073231742VK,2026-07-27,0,dia_util,12.0,1.41,10.59,13.41,9.17,14.83,2,baixa,fallback (todo histórico)
PT0002000073231742VK,2026-07-27,1,dia_util,12.5,1.25,11.25,13.75,10.0,15.0,2,baixa,fallback (todo histórico)
PT0002000073231742VK,2026-07-27,2,dia_util,12.5,1.25,11.25,13.75,10.0,15.0,2,baixa,fallback (todo histórico)
PT0002000073231742VK,2026-07-27,3,dia_util,12.5,1.25,11.25,13.75,10.0,15.0,2,baixa,fallback (todo histórico)
PT0002000073231742VK,2026-07-27,4,dia_util,12.0,1.2,10.8,13.2,9.6,14.4,2,baixa,fallback (todo histórico)
PT0002000073231742VK,2026-07-27,5,dia_util,12.5,1.25,11.25,13.75,10.0,15.0,2,baixa,fallback (todo histórico)
PT0002000073231742VK,2026-07-27,6,dia_util,12.0,1.41,10.59,13.41,9.17,14.83,2,baixa,fallback (todo histórico)
PT0002000073231742VK,2026-07-27,7,dia_util,12.0,1.2,10.8,13.2,9.6,14.4,2,baixa,fallback (todo histórico)
PT0002000073231742VK,2026-07-27,8,dia_util,11.5,1.15,10.35,12.65,9.2,13.8,2,baixa,fallback (todo histórico)
PT0002000073231742VK,2026-07-27,9,dia_util,11.5,1.15,10.35,12.65,9.2,13.8,2,baixa,fallback (todo histórico)
PT0002000073231742VK,2026-07-27,10,dia_util,12.0,1.2,10.8,13.2,9.6,14.4,2,baixa,fallback (todo histórico)
PT0002000073231742VK,2026-07-27,11,dia_util,11.5,1.15,10.35,12.65,9.2,13.8,2,baixa,fallback (todo histórico)
PT0002000073231742VK,2026-07-27,12,dia_util,11.5,1.15,10.35,12.65,9.2,13.8,2,baixa,fallback (todo histórico)
PT0002000073231742VK,2026-07-27,13,dia_util,11.5,1.15,10.35,12.65,9.2,13.8,2,baixa,fallback (todo histórico)
PT0002000073231742VK,2026-07-27,14,dia_util,12.0,1.2,10.8,13.2,9.6,14.4,2,baixa,fallback (todo histórico)
PT0002000073231742VK,2026-07-27,15,dia_util,12.0,1.2,10.8,13.2,9.6,14.4,2,baixa,fallback (todo histórico)
PT0002000073231742VK,2026-07-27,16,dia_util,12.0,1.2,10.8,13.2,9.6,14.4,2,baixa,fallback (todo histórico)
PT0002000073231742VK,2026-07-27,17,dia_util,12.0,1.2,10.8,13.2,9.6,14.4,2,baixa,fallback (todo histórico)
PT0002000073231742VK,2026-07-27,18,dia_util,12.0,1.2,10.8,13.2,9.6,14.4,2,baixa,fallback (todo histórico)
PT0002000073231742VK,2026-07-27,19,dia_util,12.0,1.2,10.8,13.2,9.6,14.4,2,baixa,fallback (todo histórico)
PT0002000073231742VK,2026-07-27,20,dia_util,12.5,1.25,11.25,13.75,10.0,15.0,2,baixa,fallback (todo histórico)
PT0002000073231742VK,2026-07-27,21,dia_util,12.33,1.23,11.1,13.57,9.87,14.8,3,baixa,fallback (todo histórico)
PT0002000073231742VK,2026-07-27,22,dia_util,12.67,1.27,11.4,13.93,10.13,15.2,3,baixa,fallback (todo histórico)
PT0002000073231742VK,2026-07-27,23,dia_util,12.67,1.27,11.4,13.93,10.13,15.2,3,baixa,fallback (todo histórico)
PT0002000073481266XH,2026-07-27,0,dia_util,7.0,0.7,6.3,7.7,5.6,8.4,2,baixa,fallback (todo histórico)
PT0002000073481266XH,2026-07-27,1,dia_util,6.5,0.71,5.79,7.21,5.09,7.91,2,baixa,fallback (todo histórico)
PT0002000073481266XH,2026-07-27,2,dia_util,6.5,0.71,5.79,7.21,5.09,7.91,2,baixa,fallback (todo histórico)
PT0002000073481266XH,2026-07-27,3,dia_util,6.0,1.41,4.59,7.41,3.17,8.83,2,baixa,fallback (todo histórico)
PT0002000073481266XH,2026-07-27,4,dia_util,5.5,0.71,4.79,6.21,4.09,6.91,2,baixa,fallback (todo histórico)
PT0002000073481266XH,2026-07-27,5,dia_util,5.5,0.71,4.79,6.21,4.09,6.91,2,baixa,fallback (todo histórico)
PT0002000073481266XH,2026-07-27,6,dia_util,5.5,0.71,4.79,6.21,4.09,6.91,2,baixa,fallback (todo histórico)
PT0002000073481266XH,2026-07-27,7,dia_util,5.0,0.5,4.5,5.5,4.0,6.0,2,baixa,fallback (todo histórico)
PT0002000073481266XH,2026-07-27,8,dia_util,5.5,0.71,4.79,6.21,4.09,6.91,2,baixa,fallback (todo histórico)
PT0002000073481266XH,2026-07-27,9,dia_util,5.5,0.71,4.79,6.21,4.09,6.91,2,baixa,fallback (todo histórico)
PT0002000073481266XH,2026-07-27,10,dia_util,5.0,0.5,4.5,5.5,4.0,6.0,2,baixa,fallback (todo histórico)
PT0002000073481266XH,2026-07-27,11,dia_util,5.5,0.71,4.79,6.21,4.09,6.91,2,baixa,fallback (todo histórico)
PT0002000073481266XH,2026-07-27,12,dia_util,5.5,0.71,4.79,6.21,4.09,6.91,2,baixa,fallback (todo histórico)
PT0002000073481266XH,2026-07-27,13,dia_util,5.5,0.71,4.79,6.21,4.09,6.91,2,baixa,fallback (todo histórico)
PT0002000073481266XH,2026-07-27,14,dia_util,6.0,0.6,5.4,6.6,4.8,7.2,2,baixa,fallback (todo histórico)
PT0002000073481266XH,2026-07-27,15,dia_util,5.5,0.71,4.79,6.21,4.09,6.91,2,baixa,fallback (todo histórico)
PT0002000073481266XH,2026-07-27,16,dia_util,6.5,0.71,5.79,7.21,5.09,7.91,2,baixa,fallback (todo histórico)
PT0002000073481266XH,2026-07-27,17,dia_util,5.5,0.71,4.79,6.21,4.09,6.91,2,baixa,fallback (todo histórico)
PT0002000073481266XH,2026-07-27,18,dia_util,6.5,0.71,5.79,7.21,5.09,7.91,2,baixa,fallback (todo histórico)
PT0002000073481266XH,2026-07-27,19,dia_util,6.5,0.71,5.79,7.21,5.09,7.91,2,baixa,fallback (todo histórico)
PT0002000073481266XH,2026-07-27,20,dia_util,7.0,1.41,5.59,8.41,4.17,9.83,2,baixa,fallback (todo histórico)
PT0002000073481266XH,2026-07-27,21,dia_util,7.0,1.0,6.0,8.0,5.0,9.0,3,baixa,fallback (todo histórico)
PT0002000073481266XH,2026-07-27,22,dia_util,7.67,0.77,6.9,8.43,6.13,9.2,3,baixa,fallback (todo histórico)
PT0002000073481266XH,2026-07-27,23,dia_util,8.0,0.8,7.2,8.8,6.4,9.6,3,baixa,fallback (todo histórico)
PT0002000073573036KH,2026-07-27,0,dia_util,105.0,10.5,94.5,115.5,84.0,126.0,2,baixa,fallback (todo histórico)
PT0002000073573036KH,2026-07-27,1,dia_util,104.5,10.45,94.05,114.95,83.6,125.4,2,baixa,fallback (todo histórico)
PT0002000073573036KH,2026-07-27,2,dia_util,105.0,10.5,94.5,115.5,84.0,126.0,2,baixa,fallback (todo histórico)
PT0002000073573036KH,2026-07-27,3,dia_util,104.5,10.45,94.05,114.95,83.6,125.4,2,baixa,fallback (todo histórico)
PT0002000073573036KH,2026-07-27,4,dia_util,101.5,10.15,91.35,111.65,81.2,121.8,2,baixa,fallback (todo histórico)
PT0002000073573036KH,2026-07-27,5,dia_util,102.0,10.2,91.8,112.2,81.6,122.4,2,baixa,fallback (todo histórico)
PT0002000073573036KH,2026-07-27,6,dia_util,99.5,9.95,89.55,109.45,79.6,119.4,2,baixa,fallback (todo histórico)
PT0002000073573036KH,2026-07-27,7,dia_util,120.0,12.0,108.0,132.0,96.0,144.0,2,baixa,fallback (todo histórico)
PT0002000073573036KH,2026-07-27,8,dia_util,142.5,14.25,128.25,156.75,114.0,171.0,2,baixa,fallback (todo histórico)
PT0002000073573036KH,2026-07-27,9,dia_util,164.5,16.45,148.05,180.95,131.6,197.4,2,baixa,fallback (todo histórico)
PT0002000073573036KH,2026-07-27,10,dia_util,212.5,21.25,191.25,233.75,170.0,255.0,2,baixa,fallback (todo histórico)
PT0002000073573036KH,2026-07-27,11,dia_util,215.0,21.5,193.5,236.5,172.0,258.0,2,baixa,fallback (todo histórico)
PT0002000073573036KH,2026-07-27,12,dia_util,207.5,20.75,186.75,228.25,166.0,249.0,2,baixa,fallback (todo histórico)
PT0002000073573036KH,2026-07-27,13,dia_util,181.0,18.1,162.9,199.1,144.8,217.2,2,baixa,fallback (todo histórico)
PT0002000073573036KH,2026-07-27,14,dia_util,180.5,21.92,158.58,202.42,136.66,224.34,2,baixa,fallback (todo histórico)
PT0002000073573036KH,2026-07-27,15,dia_util,150.0,72.12,77.88,222.12,5.75,294.25,2,baixa,fallback (todo histórico)
PT0002000073573036KH,2026-07-27,16,dia_util,152.0,74.95,77.05,226.95,2.09,301.91,2,baixa,fallback (todo histórico)
PT0002000073573036KH,2026-07-27,17,dia_util,149.5,68.59,80.91,218.09,12.32,286.68,2,baixa,fallback (todo histórico)
PT0002000073573036KH,2026-07-27,18,dia_util,149.5,68.59,80.91,218.09,12.32,286.68,2,baixa,fallback (todo histórico)
PT0002000073573036KH,2026-07-27,19,dia_util,116.0,22.63,93.37,138.63,70.75,161.25,2,baixa,fallback (todo histórico)
PT0002000073573036KH,2026-07-27,20,dia_util,105.5,10.55,94.95,116.05,84.4,126.6,2,baixa,fallback (todo histórico)
PT0002000073573036KH,2026-07-27,21,dia_util,103.67,10.37,93.3,114.03,82.93,124.4,3,baixa,fallback (todo histórico)
PT0002000073573036KH,2026-07-27,22,dia_util,107.67,10.77,96.9,118.43,86.13,129.2,3,baixa,fallback (todo histórico)
PT0002000073573036KH,2026-07-27,23,dia_util,105.0,10.5,94.5,115.5,84.0,126.0,3,baixa,fallback (todo histórico)
PT0002000073717386HC,2026-07-27,0,dia_util,0.5,0.71,-0.21,1.21,-0.91,1.91,2,baixa,fallback (todo histórico)
PT0002000073717386HC,2026-07-27,1,dia_util,0.0,0.3,-0.3,0.3,-0.6,0.6,2,baixa,fallback (todo histórico)
PT0002000073717386HC,2026-07-27,2,dia_util,0.0,0.3,-0.3,0.3,-0.6,0.6,2,baixa,fallback (todo histórico)
PT0002000073717386HC,2026-07-27,3,dia_util,0.0,0.3,-0.3,0.3,-0.6,0.6,2,baixa,fallback (todo histórico)
PT0002000073717386HC,2026-07-27,4,dia_util,0.0,0.3,-0.3,0.3,-0.6,0.6,2,baixa,fallback (todo histórico)
PT0002000073717386HC,2026-07-27,5,dia_util,0.0,0.3,-0.3,0.3,-0.6,0.6,2,baixa,fallback (todo histórico)
PT0002000073717386HC,2026-07-27,6,dia_util,0.0,0.3,-0.3,0.3,-0.6,0.6,2,baixa,fallback (todo histórico)
PT0002000073717386HC,2026-07-27,7,dia_util,1.0,0.3,0.7,1.3,0.4,1.6,2,baixa,fallback (todo histórico)
PT0002000073717386HC,2026-07-27,8,dia_util,5.5,0.71,4.79,6.21,4.09,6.91,2,baixa,fallback (todo histórico)
PT0002000073717386HC,2026-07-27,9,dia_util,58.5,5.85,52.65,64.35,46.8,70.2,2,baixa,fallback (todo histórico)
PT0002000073717386HC,2026-07-27,10,dia_util,56.0,5.6,50.4,61.6,44.8,67.2,2,baixa,fallback (todo histórico)
PT0002000073717386HC,2026-07-27,11,dia_util,51.5,5.15,46.35,56.65,41.2,61.8,2,baixa,fallback (todo histórico)
PT0002000073717386HC,2026-07-27,12,dia_util,9.5,0.95,8.55,10.45,7.6,11.4,2,baixa,fallback (todo histórico)
PT0002000073717386HC,2026-07-27,13,dia_util,8.0,0.8,7.2,8.8,6.4,9.6,2,baixa,fallback (todo histórico)
PT0002000073717386HC,2026-07-27,14,dia_util,0.5,0.71,-0.21,1.21,-0.91,1.91,2,baixa,fallback (todo histórico)
PT0002000073717386HC,2026-07-27,15,dia_util,1.0,0.3,0.7,1.3,0.4,1.6,2,baixa,fallback (todo histórico)
PT0002000073717386HC,2026-07-27,16,dia_util,24.5,2.45,22.05,26.95,19.6,29.4,2,baixa,fallback (todo histórico)
PT0002000073717386HC,2026-07-27,17,dia_util,30.5,3.54,26.96,34.04,23.43,37.57,2,baixa,fallback (todo histórico)
PT0002000073717386HC,2026-07-27,18,dia_util,35.0,3.5,31.5,38.5,28.0,42.0,2,baixa,fallback (todo histórico)
PT0002000073717386HC,2026-07-27,19,dia_util,43.0,4.3,38.7,47.3,34.4,51.6,2,baixa,fallback (todo histórico)
PT0002000073717386HC,2026-07-27,20,dia_util,52.0,5.2,46.8,57.2,41.6,62.4,2,baixa,fallback (todo histórico)
PT0002000073717386HC,2026-07-27,21,dia_util,6.0,1.0,5.0,7.0,4.0,8.0,3,baixa,fallback (todo histórico)
PT0002000073717386HC,2026-07-27,22,dia_util,4.67,1.15,3.51,5.82,2.36,6.98,3,baixa,fallback (todo histórico)
PT0002000073717386HC,2026-07-27,23,dia_util,0.33,0.58,-0.24,0.91,-0.82,1.49,3,baixa,fallback (todo histórico)
PT0002000073720434JD,2026-07-27,0,dia_util,40.5,20.51,19.99,61.01,-0.51,81.51,2,baixa,fallback (todo histórico)
PT0002000073720434JD,2026-07-27,1,dia_util,61.5,45.96,15.54,107.46,-30.42,153.42,2,baixa,fallback (todo histórico)
PT0002000073720434JD,2026-07-27,2,dia_util,60.0,49.5,10.5,109.5,-38.99,158.99,2,baixa,fallback (todo histórico)
PT0002000073720434JD,2026-07-27,3,dia_util,28.0,7.07,20.93,35.07,13.86,42.14,2,baixa,fallback (todo histórico)
PT0002000073720434JD,2026-07-27,4,dia_util,26.5,7.78,18.72,34.28,10.94,42.06,2,baixa,fallback (todo histórico)
PT0002000073720434JD,2026-07-27,5,dia_util,28.0,5.66,22.34,33.66,16.69,39.31,2,baixa,fallback (todo histórico)
PT0002000073720434JD,2026-07-27,6,dia_util,27.0,7.07,19.93,34.07,12.86,41.14,2,baixa,fallback (todo histórico)
PT0002000073720434JD,2026-07-27,7,dia_util,24.5,9.19,15.31,33.69,6.12,42.88,2,baixa,fallback (todo histórico)
PT0002000073720434JD,2026-07-27,8,dia_util,26.5,6.36,20.14,32.86,13.77,39.23,2,baixa,fallback (todo histórico)
PT0002000073720434JD,2026-07-27,9,dia_util,31.0,8.49,22.51,39.49,14.03,47.97,2,baixa,fallback (todo histórico)
PT0002000073720434JD,2026-07-27,10,dia_util,26.5,4.95,21.55,31.45,16.6,36.4,2,baixa,fallback (todo histórico)
PT0002000073720434JD,2026-07-27,11,dia_util,29.5,2.95,26.55,32.45,23.6,35.4,2,baixa,fallback (todo histórico)
PT0002000073720434JD,2026-07-27,12,dia_util,43.0,15.56,27.44,58.56,11.89,74.11,2,baixa,fallback (todo histórico)
PT0002000073720434JD,2026-07-27,13,dia_util,35.0,3.5,31.5,38.5,28.0,42.0,2,baixa,fallback (todo histórico)
PT0002000073720434JD,2026-07-27,14,dia_util,30.5,3.54,26.96,34.04,23.43,37.57,2,baixa,fallback (todo histórico)
PT0002000073720434JD,2026-07-27,15,dia_util,26.0,2.6,23.4,28.6,20.8,31.2,2,baixa,fallback (todo histórico)
PT0002000073720434JD,2026-07-27,16,dia_util,26.5,6.36,20.14,32.86,13.77,39.23,2,baixa,fallback (todo histórico)
PT0002000073720434JD,2026-07-27,17,dia_util,24.0,4.24,19.76,28.24,15.51,32.49,2,baixa,fallback (todo histórico)
PT0002000073720434JD,2026-07-27,18,dia_util,25.5,2.55,22.95,28.05,20.4,30.6,2,baixa,fallback (todo histórico)
PT0002000073720434JD,2026-07-27,19,dia_util,23.0,4.24,18.76,27.24,14.51,31.49,2,baixa,fallback (todo histórico)
PT0002000073720434JD,2026-07-27,20,dia_util,25.5,3.54,21.96,29.04,18.43,32.57,2,baixa,fallback (todo histórico)
PT0002000073720434JD,2026-07-27,21,dia_util,29.67,6.43,23.24,36.1,16.81,42.52,3,baixa,fallback (todo histórico)
PT0002000073720434JD,2026-07-27,22,dia_util,31.0,10.39,20.61,41.39,10.22,51.78,3,baixa,fallback (todo histórico)
PT0002000073720434JD,2026-07-27,23,dia_util,30.33,7.57,22.76,37.91,15.19,45.48,3,baixa,fallback (todo histórico)
PT0002000075637532JB,2026-07-27,0,dia_util,4.0,1.41,2.59,5.41,1.17,6.83,2,baixa,fallback (todo histórico)
PT0002000075637532JB,2026-07-27,1,dia_util,5.0,0.5,4.5,5.5,4.0,6.0,2,baixa,fallback (todo histórico)
PT0002000075637532JB,2026-07-27,2,dia_util,4.5,0.71,3.79,5.21,3.09,5.91,2,baixa,fallback (todo histórico)
PT0002000075637532JB,2026-07-27,3,dia_util,5.0,0.5,4.5,5.5,4.0,6.0,2,baixa,fallback (todo histórico)
PT0002000075637532JB,2026-07-27,4,dia_util,4.5,0.71,3.79,5.21,3.09,5.91,2,baixa,fallback (todo histórico)
PT0002000075637532JB,2026-07-27,5,dia_util,5.0,0.5,4.5,5.5,4.0,6.0,2,baixa,fallback (todo histórico)
PT0002000075637532JB,2026-07-27,6,dia_util,4.0,0.4,3.6,4.4,3.2,4.8,2,baixa,fallback (todo histórico)
PT0002000075637532JB,2026-07-27,7,dia_util,5.0,0.5,4.5,5.5,4.0,6.0,2,baixa,fallback (todo histórico)
PT0002000075637532JB,2026-07-27,8,dia_util,4.0,0.4,3.6,4.4,3.2,4.8,2,baixa,fallback (todo histórico)
PT0002000075637532JB,2026-07-27,9,dia_util,4.5,0.71,3.79,5.21,3.09,5.91,2,baixa,fallback (todo histórico)
PT0002000075637532JB,2026-07-27,10,dia_util,4.5,0.71,3.79,5.21,3.09,5.91,2,baixa,fallback (todo histórico)
PT0002000075637532JB,2026-07-27,11,dia_util,4.5,0.71,3.79,5.21,3.09,5.91,2,baixa,fallback (todo histórico)
PT0002000075637532JB,2026-07-27,12,dia_util,5.0,0.5,4.5,5.5,4.0,6.0,2,baixa,fallback (todo histórico)
PT0002000075637532JB,2026-07-27,13,dia_util,4.5,0.71,3.79,5.21,3.09,5.91,2,baixa,fallback (todo histórico)
PT0002000075637532JB,2026-07-27,14,dia_util,4.5,0.71,3.79,5.21,3.09,5.91,2,baixa,fallback (todo histórico)
PT0002000075637532JB,2026-07-27,15,dia_util,5.0,0.5,4.5,5.5,4.0,6.0,2,baixa,fallback (todo histórico)
PT0002000075637532JB,2026-07-27,16,dia_util,4.0,0.4,3.6,4.4,3.2,4.8,2,baixa,fallback (todo histórico)
PT0002000075637532JB,2026-07-27,17,dia_util,5.0,0.5,4.5,5.5,4.0,6.0,2,baixa,fallback (todo histórico)
PT0002000075637532JB,2026-07-27,18,dia_util,5.0,0.5,4.5,5.5,4.0,6.0,2,baixa,fallback (todo histórico)
PT0002000075637532JB,2026-07-27,19,dia_util,4.0,0.4,3.6,4.4,3.2,4.8,2,baixa,fallback (todo histórico)
PT0002000075637532JB,2026-07-27,20,dia_util,5.0,0.5,4.5,5.5,4.0,6.0,2,baixa,fallback (todo histórico)
PT0002000075637532JB,2026-07-27,21,dia_util,3.67,0.58,3.09,4.24,2.51,4.82,3,baixa,fallback (todo histórico)
PT0002000075637532JB,2026-07-27,22,dia_util,5.33,0.58,4.76,5.91,4.18,6.49,3,baixa,fallback (todo histórico)
PT0002000075637532JB,2026-07-27,23,dia_util,4.33,1.15,3.18,5.49,2.02,6.64,3,baixa,fallback (todo histórico)
PT0002000077348081AG,2026-07-27,0,dia_util,23.5,2.35,21.15,25.85,18.8,28.2,2,baixa,fallback (todo histórico)
PT0002000077348081AG,2026-07-27,1,dia_util,33.0,3.3,29.7,36.3,26.4,39.6,2,baixa,fallback (todo histórico)
PT0002000077348081AG,2026-07-27,2,dia_util,30.0,3.0,27.0,33.0,24.0,36.0,2,baixa,fallback (todo histórico)
PT0002000077348081AG,2026-07-27,3,dia_util,29.5,2.95,26.55,32.45,23.6,35.4,2,baixa,fallback (todo histórico)
PT0002000077348081AG,2026-07-27,4,dia_util,22.5,2.25,20.25,24.75,18.0,27.0,2,baixa,fallback (todo histórico)
PT0002000077348081AG,2026-07-27,5,dia_util,24.0,2.4,21.6,26.4,19.2,28.8,2,baixa,fallback (todo histórico)
PT0002000077348081AG,2026-07-27,6,dia_util,20.5,2.05,18.45,22.55,16.4,24.6,2,baixa,fallback (todo histórico)
PT0002000077348081AG,2026-07-27,7,dia_util,17.0,1.7,15.3,18.7,13.6,20.4,2,baixa,fallback (todo histórico)
PT0002000077348081AG,2026-07-27,8,dia_util,85.5,8.55,76.95,94.05,68.4,102.6,2,baixa,fallback (todo histórico)
PT0002000077348081AG,2026-07-27,9,dia_util,100.0,14.14,85.86,114.14,71.72,128.28,2,baixa,fallback (todo histórico)
PT0002000077348081AG,2026-07-27,10,dia_util,116.0,35.36,80.64,151.36,45.29,186.71,2,baixa,fallback (todo histórico)
PT0002000077348081AG,2026-07-27,11,dia_util,116.5,37.48,79.02,153.98,41.55,191.45,2,baixa,fallback (todo histórico)
PT0002000077348081AG,2026-07-27,12,dia_util,227.0,24.04,202.96,251.04,178.92,275.08,2,baixa,fallback (todo histórico)
PT0002000077348081AG,2026-07-27,13,dia_util,249.0,24.9,224.1,273.9,199.2,298.8,2,baixa,fallback (todo histórico)
PT0002000077348081AG,2026-07-27,14,dia_util,247.5,24.75,222.75,272.25,198.0,297.0,2,baixa,fallback (todo histórico)
PT0002000077348081AG,2026-07-27,15,dia_util,247.5,24.75,222.75,272.25,198.0,297.0,2,baixa,fallback (todo histórico)
PT0002000077348081AG,2026-07-27,16,dia_util,248.5,24.85,223.65,273.35,198.8,298.2,2,baixa,fallback (todo histórico)
PT0002000077348081AG,2026-07-27,17,dia_util,244.5,24.45,220.05,268.95,195.6,293.4,2,baixa,fallback (todo histórico)
PT0002000077348081AG,2026-07-27,18,dia_util,245.0,24.5,220.5,269.5,196.0,294.0,2,baixa,fallback (todo histórico)
PT0002000077348081AG,2026-07-27,19,dia_util,241.0,24.1,216.9,265.1,192.8,289.2,2,baixa,fallback (todo histórico)
PT0002000077348081AG,2026-07-27,20,dia_util,200.5,44.55,155.95,245.05,111.4,289.6,2,baixa,fallback (todo histórico)
PT0002000077348081AG,2026-07-27,21,dia_util,109.0,10.9,98.1,119.9,87.2,130.8,3,baixa,fallback (todo histórico)
PT0002000077348081AG,2026-07-27,22,dia_util,92.0,20.81,71.19,112.81,50.38,133.62,3,baixa,fallback (todo histórico)
PT0002000077348081AG,2026-07-27,23,dia_util,48.67,21.57,27.1,70.24,5.52,91.81,3,baixa,fallback (todo histórico)
PT0002000077394934QY,2026-07-27,0,dia_util,65.0,6.5,58.5,71.5,52.0,78.0,2,baixa,fallback (todo histórico)
PT0002000077394934QY,2026-07-27,1,dia_util,64.0,6.4,57.6,70.4,51.2,76.8,2,baixa,fallback (todo histórico)
PT0002000077394934QY,2026-07-27,2,dia_util,63.0,6.3,56.7,69.3,50.4,75.6,2,baixa,fallback (todo histórico)
PT0002000077394934QY,2026-07-27,3,dia_util,64.5,6.45,58.05,70.95,51.6,77.4,2,baixa,fallback (todo histórico)
PT0002000077394934QY,2026-07-27,4,dia_util,63.5,6.35,57.15,69.85,50.8,76.2,2,baixa,fallback (todo histórico)
PT0002000077394934QY,2026-07-27,5,dia_util,64.5,6.45,58.05,70.95,51.6,77.4,2,baixa,fallback (todo histórico)
PT0002000077394934QY,2026-07-27,6,dia_util,54.0,5.4,48.6,59.4,43.2,64.8,2,baixa,fallback (todo histórico)
PT0002000077394934QY,2026-07-27,7,dia_util,57.5,7.78,49.72,65.28,41.94,73.06,2,baixa,fallback (todo histórico)
PT0002000077394934QY,2026-07-27,8,dia_util,56.0,5.6,50.4,61.6,44.8,67.2,2,baixa,fallback (todo histórico)
PT0002000077394934QY,2026-07-27,9,dia_util,69.5,6.95,62.55,76.45,55.6,83.4,2,baixa,fallback (todo histórico)
PT0002000077394934QY,2026-07-27,10,dia_util,86.0,9.9,76.1,95.9,66.2,105.8,2,baixa,fallback (todo histórico)
PT0002000077394934QY,2026-07-27,11,dia_util,85.5,12.02,73.48,97.52,61.46,109.54,2,baixa,fallback (todo histórico)
PT0002000077394934QY,2026-07-27,12,dia_util,77.5,7.75,69.75,85.25,62.0,93.0,2,baixa,fallback (todo histórico)
PT0002000077394934QY,2026-07-27,13,dia_util,78.0,7.8,70.2,85.8,62.4,93.6,2,baixa,fallback (todo histórico)
PT0002000077394934QY,2026-07-27,14,dia_util,74.0,7.4,66.6,81.4,59.2,88.8,2,baixa,fallback (todo histórico)
PT0002000077394934QY,2026-07-27,15,dia_util,70.0,12.73,57.27,82.73,44.54,95.46,2,baixa,fallback (todo histórico)
PT0002000077394934QY,2026-07-27,16,dia_util,65.0,15.56,49.44,80.56,33.89,96.11,2,baixa,fallback (todo histórico)
PT0002000077394934QY,2026-07-27,17,dia_util,61.5,13.44,48.06,74.94,34.63,88.37,2,baixa,fallback (todo histórico)
PT0002000077394934QY,2026-07-27,18,dia_util,54.0,8.49,45.51,62.49,37.03,70.97,2,baixa,fallback (todo histórico)
PT0002000077394934QY,2026-07-27,19,dia_util,54.5,5.45,49.05,59.95,43.6,65.4,2,baixa,fallback (todo histórico)
PT0002000077394934QY,2026-07-27,20,dia_util,55.5,5.55,49.95,61.05,44.4,66.6,2,baixa,fallback (todo histórico)
PT0002000077394934QY,2026-07-27,21,dia_util,57.67,8.5,49.16,66.17,40.66,74.68,3,baixa,fallback (todo histórico)
PT0002000077394934QY,2026-07-27,22,dia_util,65.67,6.57,59.1,72.23,52.53,78.8,3,baixa,fallback (todo histórico)
PT0002000077394934QY,2026-07-27,23,dia_util,66.0,6.6,59.4,72.6,52.8,79.2,3,baixa,fallback (todo histórico)
PT0002000077647404EM,2026-07-27,0,dia_util,5.0,0.5,4.5,5.5,4.0,6.0,2,baixa,fallback (todo histórico)
PT0002000077647404EM,2026-07-27,1,dia_util,5.0,0.5,4.5,5.5,4.0,6.0,2,baixa,fallback (todo histórico)
PT0002000077647404EM,2026-07-27,2,dia_util,4.5,0.71,3.79,5.21,3.09,5.91,2,baixa,fallback (todo histórico)
PT0002000077647404EM,2026-07-27,3,dia_util,4.5,0.71,3.79,5.21,3.09,5.91,2,baixa,fallback (todo histórico)
PT0002000077647404EM,2026-07-27,4,dia_util,5.0,0.5,4.5,5.5,4.0,6.0,2,baixa,fallback (todo histórico)
PT0002000077647404EM,2026-07-27,5,dia_util,4.5,0.71,3.79,5.21,3.09,5.91,2,baixa,fallback (todo histórico)
PT0002000077647404EM,2026-07-27,6,dia_util,4.5,0.71,3.79,5.21,3.09,5.91,2,baixa,fallback (todo histórico)
PT0002000077647404EM,2026-07-27,7,dia_util,5.0,0.5,4.5,5.5,4.0,6.0,2,baixa,fallback (todo histórico)
PT0002000077647404EM,2026-07-27,8,dia_util,2.5,0.71,1.79,3.21,1.09,3.91,2,baixa,fallback (todo histórico)
PT0002000077647404EM,2026-07-27,9,dia_util,0.5,0.71,-0.21,1.21,-0.91,1.91,2,baixa,fallback (todo histórico)
PT0002000077647404EM,2026-07-27,10,dia_util,1.0,0.3,0.7,1.3,0.4,1.6,2,baixa,fallback (todo histórico)
PT0002000077647404EM,2026-07-27,11,dia_util,0.5,0.71,-0.21,1.21,-0.91,1.91,2,baixa,fallback (todo histórico)
PT0002000077647404EM,2026-07-27,12,dia_util,1.0,0.3,0.7,1.3,0.4,1.6,2,baixa,fallback (todo histórico)
PT0002000077647404EM,2026-07-27,13,dia_util,0.5,0.71,-0.21,1.21,-0.91,1.91,2,baixa,fallback (todo histórico)
PT0002000077647404EM,2026-07-27,14,dia_util,1.0,0.3,0.7,1.3,0.4,1.6,2,baixa,fallback (todo histórico)
PT0002000077647404EM,2026-07-27,15,dia_util,0.5,0.71,-0.21,1.21,-0.91,1.91,2,baixa,fallback (todo histórico)
PT0002000077647404EM,2026-07-27,16,dia_util,1.0,0.3,0.7,1.3,0.4,1.6,2,baixa,fallback (todo histórico)
PT0002000077647404EM,2026-07-27,17,dia_util,3.0,0.3,2.7,3.3,2.4,3.6,2,baixa,fallback (todo histórico)
PT0002000077647404EM,2026-07-27,18,dia_util,4.5,0.71,3.79,5.21,3.09,5.91,2,baixa,fallback (todo histórico)
PT0002000077647404EM,2026-07-27,19,dia_util,4.5,0.71,3.79,5.21,3.09,5.91,2,baixa,fallback (todo histórico)
PT0002000077647404EM,2026-07-27,20,dia_util,5.0,0.5,4.5,5.5,4.0,6.0,2,baixa,fallback (todo histórico)
PT0002000077647404EM,2026-07-27,21,dia_util,4.33,0.58,3.76,4.91,3.18,5.49,3,baixa,fallback (todo histórico)
PT0002000077647404EM,2026-07-27,22,dia_util,4.67,0.58,4.09,5.24,3.51,5.82,3,baixa,fallback (todo histórico)
PT0002000077647404EM,2026-07-27,23,dia_util,4.67,0.58,4.09,5.24,3.51,5.82,3,baixa,fallback (todo histórico)
PT0002000078140706BA,2026-07-27,0,dia_util,39.0,7.07,31.93,46.07,24.86,53.14,2,baixa,fallback (todo histórico)
PT0002000078140706BA,2026-07-27,1,dia_util,36.5,6.36,30.14,42.86,23.77,49.23,2,baixa,fallback (todo histórico)
PT0002000078140706BA,2026-07-27,2,dia_util,36.5,4.95,31.55,41.45,26.6,46.4,2,baixa,fallback (todo histórico)
PT0002000078140706BA,2026-07-27,3,dia_util,36.5,3.65,32.85,40.15,29.2,43.8,2,baixa,fallback (todo histórico)
PT0002000078140706BA,2026-07-27,4,dia_util,37.5,6.36,31.14,43.86,24.77,50.23,2,baixa,fallback (todo histórico)
PT0002000078140706BA,2026-07-27,5,dia_util,37.0,3.7,33.3,40.7,29.6,44.4,2,baixa,fallback (todo histórico)
PT0002000078140706BA,2026-07-27,6,dia_util,33.5,4.95,28.55,38.45,23.6,43.4,2,baixa,fallback (todo histórico)
PT0002000078140706BA,2026-07-27,7,dia_util,4.5,2.12,2.38,6.62,0.26,8.74,2,baixa,fallback (todo histórico)
PT0002000078140706BA,2026-07-27,8,dia_util,1.0,1.41,-0.41,2.41,-1.83,3.83,2,baixa,fallback (todo histórico)
PT0002000078140706BA,2026-07-27,9,dia_util,0.0,0.3,-0.3,0.3,-0.6,0.6,2,baixa,fallback (todo histórico)
PT0002000078140706BA,2026-07-27,10,dia_util,0.5,0.71,-0.21,1.21,-0.91,1.91,2,baixa,fallback (todo histórico)
PT0002000078140706BA,2026-07-27,11,dia_util,0.0,0.3,-0.3,0.3,-0.6,0.6,2,baixa,fallback (todo histórico)
PT0002000078140706BA,2026-07-27,12,dia_util,0.0,0.3,-0.3,0.3,-0.6,0.6,2,baixa,fallback (todo histórico)
PT0002000078140706BA,2026-07-27,13,dia_util,0.0,0.3,-0.3,0.3,-0.6,0.6,2,baixa,fallback (todo histórico)
PT0002000078140706BA,2026-07-27,14,dia_util,0.0,0.3,-0.3,0.3,-0.6,0.6,2,baixa,fallback (todo histórico)
PT0002000078140706BA,2026-07-27,15,dia_util,0.0,0.3,-0.3,0.3,-0.6,0.6,2,baixa,fallback (todo histórico)
PT0002000078140706BA,2026-07-27,16,dia_util,0.0,0.3,-0.3,0.3,-0.6,0.6,2,baixa,fallback (todo histórico)
PT0002000078140706BA,2026-07-27,17,dia_util,0.0,0.3,-0.3,0.3,-0.6,0.6,2,baixa,fallback (todo histórico)
PT0002000078140706BA,2026-07-27,18,dia_util,9.0,2.83,6.17,11.83,3.34,14.66,2,baixa,fallback (todo histórico)
PT0002000078140706BA,2026-07-27,19,dia_util,39.5,4.95,34.55,44.45,29.6,49.4,2,baixa,fallback (todo histórico)
PT0002000078140706BA,2026-07-27,20,dia_util,40.5,4.95,35.55,45.45,30.6,50.4,2,baixa,fallback (todo histórico)
PT0002000078140706BA,2026-07-27,21,dia_util,38.67,3.87,34.8,42.53,30.93,46.4,3,baixa,fallback (todo histórico)
PT0002000078140706BA,2026-07-27,22,dia_util,42.0,4.58,37.42,46.58,32.83,51.17,3,baixa,fallback (todo histórico)
PT0002000078140706BA,2026-07-27,23,dia_util,38.67,3.87,34.8,42.53,30.93,46.4,3,baixa,fallback (todo histórico)
PT0002000078207354XC,2026-07-27,0,dia_util,3.0,0.3,2.7,3.3,2.4,3.6,2,baixa,fallback (todo histórico)
PT0002000078207354XC,2026-07-27,1,dia_util,2.0,0.3,1.7,2.3,1.4,2.6,2,baixa,fallback (todo histórico)
PT0002000078207354XC,2026-07-27,2,dia_util,3.0,0.3,2.7,3.3,2.4,3.6,2,baixa,fallback (todo histórico)
PT0002000078207354XC,2026-07-27,3,dia_util,2.0,0.3,1.7,2.3,1.4,2.6,2,baixa,fallback (todo histórico)
PT0002000078207354XC,2026-07-27,4,dia_util,3.0,0.3,2.7,3.3,2.4,3.6,2,baixa,fallback (todo histórico)
PT0002000078207354XC,2026-07-27,5,dia_util,2.0,0.3,1.7,2.3,1.4,2.6,2,baixa,fallback (todo histórico)
PT0002000078207354XC,2026-07-27,6,dia_util,3.0,0.3,2.7,3.3,2.4,3.6,2,baixa,fallback (todo histórico)
PT0002000078207354XC,2026-07-27,7,dia_util,2.5,0.71,1.79,3.21,1.09,3.91,2,baixa,fallback (todo histórico)
PT0002000078207354XC,2026-07-27,8,dia_util,2.5,0.71,1.79,3.21,1.09,3.91,2,baixa,fallback (todo histórico)
PT0002000078207354XC,2026-07-27,9,dia_util,2.5,0.71,1.79,3.21,1.09,3.91,2,baixa,fallback (todo histórico)
PT0002000078207354XC,2026-07-27,10,dia_util,2.5,0.71,1.79,3.21,1.09,3.91,2,baixa,fallback (todo histórico)
PT0002000078207354XC,2026-07-27,11,dia_util,2.5,0.71,1.79,3.21,1.09,3.91,2,baixa,fallback (todo histórico)
PT0002000078207354XC,2026-07-27,12,dia_util,2.5,0.71,1.79,3.21,1.09,3.91,2,baixa,fallback (todo histórico)
PT0002000078207354XC,2026-07-27,13,dia_util,2.5,0.71,1.79,3.21,1.09,3.91,2,baixa,fallback (todo histórico)
PT0002000078207354XC,2026-07-27,14,dia_util,2.5,0.71,1.79,3.21,1.09,3.91,2,baixa,fallback (todo histórico)
PT0002000078207354XC,2026-07-27,15,dia_util,3.0,0.3,2.7,3.3,2.4,3.6,2,baixa,fallback (todo histórico)
PT0002000078207354XC,2026-07-27,16,dia_util,2.0,0.3,1.7,2.3,1.4,2.6,2,baixa,fallback (todo histórico)
PT0002000078207354XC,2026-07-27,17,dia_util,3.0,0.3,2.7,3.3,2.4,3.6,2,baixa,fallback (todo histórico)
PT0002000078207354XC,2026-07-27,18,dia_util,2.5,0.71,1.79,3.21,1.09,3.91,2,baixa,fallback (todo histórico)
PT0002000078207354XC,2026-07-27,19,dia_util,2.5,0.71,1.79,3.21,1.09,3.91,2,baixa,fallback (todo histórico)
PT0002000078207354XC,2026-07-27,20,dia_util,2.0,0.3,1.7,2.3,1.4,2.6,2,baixa,fallback (todo histórico)
PT0002000078207354XC,2026-07-27,21,dia_util,7.33,7.51,-0.17,14.84,-7.68,22.34,3,baixa,fallback (todo histórico)
PT0002000078207354XC,2026-07-27,22,dia_util,6.67,8.08,-1.42,14.75,-9.5,22.83,3,baixa,fallback (todo histórico)
PT0002000078207354XC,2026-07-27,23,dia_util,2.67,0.58,2.09,3.24,1.51,3.82,3,baixa,fallback (todo histórico)
PT0002000078233981HJ,2026-07-27,0,dia_util,2.0,1.41,0.59,3.41,-0.83,4.83,2,baixa,fallback (todo histórico)
PT0002000078233981HJ,2026-07-27,1,dia_util,2.5,0.71,1.79,3.21,1.09,3.91,2,baixa,fallback (todo histórico)
PT0002000078233981HJ,2026-07-27,2,dia_util,2.0,0.3,1.7,2.3,1.4,2.6,2,baixa,fallback (todo histórico)
PT0002000078233981HJ,2026-07-27,3,dia_util,2.0,1.41,0.59,3.41,-0.83,4.83,2,baixa,fallback (todo histórico)
PT0002000078233981HJ,2026-07-27,4,dia_util,2.5,0.71,1.79,3.21,1.09,3.91,2,baixa,fallback (todo histórico)
PT0002000078233981HJ,2026-07-27,5,dia_util,2.0,0.3,1.7,2.3,1.4,2.6,2,baixa,fallback (todo histórico)
PT0002000078233981HJ,2026-07-27,6,dia_util,2.5,0.71,1.79,3.21,1.09,3.91,2,baixa,fallback (todo histórico)
PT0002000078233981HJ,2026-07-27,7,dia_util,2.0,1.41,0.59,3.41,-0.83,4.83,2,baixa,fallback (todo histórico)
PT0002000078233981HJ,2026-07-27,8,dia_util,9.0,9.9,-0.9,18.9,-10.8,28.8,2,baixa,fallback (todo histórico)
PT0002000078233981HJ,2026-07-27,9,dia_util,10.0,9.9,0.1,19.9,-9.8,29.8,2,baixa,fallback (todo histórico)
PT0002000078233981HJ,2026-07-27,10,dia_util,9.5,9.19,0.31,18.69,-8.88,27.88,2,baixa,fallback (todo histórico)
PT0002000078233981HJ,2026-07-27,11,dia_util,8.5,9.19,-0.69,17.69,-9.88,26.88,2,baixa,fallback (todo histórico)
PT0002000078233981HJ,2026-07-27,12,dia_util,3.0,0.3,2.7,3.3,2.4,3.6,2,baixa,fallback (todo histórico)
PT0002000078233981HJ,2026-07-27,13,dia_util,7.0,5.66,1.34,12.66,-4.31,18.31,2,baixa,fallback (todo histórico)
PT0002000078233981HJ,2026-07-27,14,dia_util,8.0,8.49,-0.49,16.49,-8.97,24.97,2,baixa,fallback (todo histórico)
PT0002000078233981HJ,2026-07-27,15,dia_util,9.0,8.49,0.51,17.49,-7.97,25.97,2,baixa,fallback (todo histórico)
PT0002000078233981HJ,2026-07-27,16,dia_util,9.5,9.19,0.31,18.69,-8.88,27.88,2,baixa,fallback (todo histórico)
PT0002000078233981HJ,2026-07-27,17,dia_util,6.5,4.95,1.55,11.45,-3.4,16.4,2,baixa,fallback (todo histórico)
PT0002000078233981HJ,2026-07-27,18,dia_util,3.0,0.3,2.7,3.3,2.4,3.6,2,baixa,fallback (todo histórico)
PT0002000078233981HJ,2026-07-27,19,dia_util,2.5,0.71,1.79,3.21,1.09,3.91,2,baixa,fallback (todo histórico)
PT0002000078233981HJ,2026-07-27,20,dia_util,2.5,0.71,1.79,3.21,1.09,3.91,2,baixa,fallback (todo histórico)
PT0002000078233981HJ,2026-07-27,21,dia_util,3.0,1.0,2.0,4.0,1.0,5.0,3,baixa,fallback (todo histórico)
PT0002000078233981HJ,2026-07-27,22,dia_util,3.0,1.0,2.0,4.0,1.0,5.0,3,baixa,fallback (todo histórico)
PT0002000078233981HJ,2026-07-27,23,dia_util,3.0,0.3,2.7,3.3,2.4,3.6,3,baixa,fallback (todo histórico)
PT0002000078294957RQ,2026-07-27,0,dia_util,5.0,1.41,3.59,6.41,2.17,7.83,2,baixa,fallback (todo histórico)
PT0002000078294957RQ,2026-07-27,1,dia_util,5.0,0.5,4.5,5.5,4.0,6.0,2,baixa,fallback (todo histórico)
PT0002000078294957RQ,2026-07-27,2,dia_util,4.0,0.4,3.6,4.4,3.2,4.8,2,baixa,fallback (todo histórico)
PT0002000078294957RQ,2026-07-27,3,dia_util,5.5,0.71,4.79,6.21,4.09,6.91,2,baixa,fallback (todo histórico)
PT0002000078294957RQ,2026-07-27,4,dia_util,4.0,0.4,3.6,4.4,3.2,4.8,2,baixa,fallback (todo histórico)
PT0002000078294957RQ,2026-07-27,5,dia_util,5.0,0.5,4.5,5.5,4.0,6.0,2,baixa,fallback (todo histórico)
PT0002000078294957RQ,2026-07-27,6,dia_util,4.5,0.71,3.79,5.21,3.09,5.91,2,baixa,fallback (todo histórico)
PT0002000078294957RQ,2026-07-27,7,dia_util,4.5,0.71,3.79,5.21,3.09,5.91,2,baixa,fallback (todo histórico)
PT0002000078294957RQ,2026-07-27,8,dia_util,5.0,0.5,4.5,5.5,4.0,6.0,2,baixa,fallback (todo histórico)
PT0002000078294957RQ,2026-07-27,9,dia_util,4.5,0.71,3.79,5.21,3.09,5.91,2,baixa,fallback (todo histórico)
PT0002000078294957RQ,2026-07-27,10,dia_util,4.5,0.71,3.79,5.21,3.09,5.91,2,baixa,fallback (todo histórico)
PT0002000078294957RQ,2026-07-27,11,dia_util,4.5,0.71,3.79,5.21,3.09,5.91,2,baixa,fallback (todo histórico)
PT0002000078294957RQ,2026-07-27,12,dia_util,4.5,0.71,3.79,5.21,3.09,5.91,2,baixa,fallback (todo histórico)
PT0002000078294957RQ,2026-07-27,13,dia_util,5.0,0.5,4.5,5.5,4.0,6.0,2,baixa,fallback (todo histórico)
PT0002000078294957RQ,2026-07-27,14,dia_util,5.0,0.5,4.5,5.5,4.0,6.0,2,baixa,fallback (todo histórico)
PT0002000078294957RQ,2026-07-27,15,dia_util,4.5,0.71,3.79,5.21,3.09,5.91,2,baixa,fallback (todo histórico)
PT0002000078294957RQ,2026-07-27,16,dia_util,5.0,1.41,3.59,6.41,2.17,7.83,2,baixa,fallback (todo histórico)
PT0002000078294957RQ,2026-07-27,17,dia_util,4.5,0.71,3.79,5.21,3.09,5.91,2,baixa,fallback (todo histórico)
PT0002000078294957RQ,2026-07-27,18,dia_util,4.5,0.71,3.79,5.21,3.09,5.91,2,baixa,fallback (todo histórico)
PT0002000078294957RQ,2026-07-27,19,dia_util,5.5,0.71,4.79,6.21,4.09,6.91,2,baixa,fallback (todo histórico)
PT0002000078294957RQ,2026-07-27,20,dia_util,4.0,0.4,3.6,4.4,3.2,4.8,2,baixa,fallback (todo histórico)
PT0002000078294957RQ,2026-07-27,21,dia_util,8.33,1.15,7.18,9.49,6.02,10.64,3,baixa,fallback (todo histórico)
PT0002000078294957RQ,2026-07-27,22,dia_util,10.67,1.07,9.6,11.73,8.53,12.8,3,baixa,fallback (todo histórico)
PT0002000078294957RQ,2026-07-27,23,dia_util,5.67,0.58,5.09,6.24,4.51,6.82,3,baixa,fallback (todo histórico)
PT0002000078441876HB,2026-07-27,0,dia_util,649.0,64.9,584.1,713.9,519.2,778.8,2,baixa,fallback (todo histórico)
PT0002000078441876HB,2026-07-27,1,dia_util,655.5,105.36,550.14,760.86,444.78,866.22,2,baixa,fallback (todo histórico)
PT0002000078441876HB,2026-07-27,2,dia_util,587.5,58.75,528.75,646.25,470.0,705.0,2,baixa,fallback (todo histórico)
PT0002000078441876HB,2026-07-27,3,dia_util,591.5,59.15,532.35,650.65,473.2,709.8,2,baixa,fallback (todo histórico)
PT0002000078441876HB,2026-07-27,4,dia_util,569.5,56.95,512.55,626.45,455.6,683.4,2,baixa,fallback (todo histórico)
PT0002000078441876HB,2026-07-27,5,dia_util,603.5,60.35,543.15,663.85,482.8,724.2,2,baixa,fallback (todo histórico)
PT0002000078441876HB,2026-07-27,6,dia_util,731.0,73.1,657.9,804.1,584.8,877.2,2,baixa,fallback (todo histórico)
PT0002000078441876HB,2026-07-27,7,dia_util,801.0,80.1,720.9,881.1,640.8,961.2,2,baixa,fallback (todo histórico)
PT0002000078441876HB,2026-07-27,8,dia_util,885.0,88.5,796.5,973.5,708.0,1062.0,2,baixa,fallback (todo histórico)
PT0002000078441876HB,2026-07-27,9,dia_util,1021.0,102.1,918.9,1123.1,816.8,1225.2,2,baixa,fallback (todo histórico)
PT0002000078441876HB,2026-07-27,10,dia_util,1049.0,127.28,921.72,1176.28,794.44,1303.56,2,baixa,fallback (todo histórico)
PT0002000078441876HB,2026-07-27,11,dia_util,1124.5,169.0,955.5,1293.5,786.5,1462.5,2,baixa,fallback (todo histórico)
PT0002000078441876HB,2026-07-27,12,dia_util,1189.5,118.95,1070.55,1308.45,951.6,1427.4,2,baixa,fallback (todo histórico)
PT0002000078441876HB,2026-07-27,13,dia_util,1061.5,106.15,955.35,1167.65,849.2,1273.8,2,baixa,fallback (todo histórico)
PT0002000078441876HB,2026-07-27,14,dia_util,1050.5,105.05,945.45,1155.55,840.4,1260.6,2,baixa,fallback (todo histórico)
PT0002000078441876HB,2026-07-27,15,dia_util,1154.0,231.93,922.07,1385.93,690.14,1617.86,2,baixa,fallback (todo histórico)
PT0002000078441876HB,2026-07-27,16,dia_util,1017.5,101.75,915.75,1119.25,814.0,1221.0,2,baixa,fallback (todo histórico)
PT0002000078441876HB,2026-07-27,17,dia_util,1062.5,106.25,956.25,1168.75,850.0,1275.0,2,baixa,fallback (todo histórico)
PT0002000078441876HB,2026-07-27,18,dia_util,1131.0,113.1,1017.9,1244.1,904.8,1357.2,2,baixa,fallback (todo histórico)
PT0002000078441876HB,2026-07-27,19,dia_util,1130.0,113.0,1017.0,1243.0,904.0,1356.0,2,baixa,fallback (todo histórico)
PT0002000078441876HB,2026-07-27,20,dia_util,1068.5,144.96,923.54,1213.46,778.59,1358.41,2,baixa,fallback (todo histórico)
PT0002000078441876HB,2026-07-27,21,dia_util,714.0,71.4,642.6,785.4,571.2,856.8,3,baixa,fallback (todo histórico)
PT0002000078441876HB,2026-07-27,22,dia_util,742.0,102.81,639.19,844.81,536.39,947.61,3,baixa,fallback (todo histórico)
PT0002000078441876HB,2026-07-27,23,dia_util,665.33,67.8,597.54,733.13,529.74,800.93,3,baixa,fallback (todo histórico)
PT0002000079469719HF,2026-07-27,0,dia_util,102.5,10.25,92.25,112.75,82.0,123.0,2,baixa,fallback (todo histórico)
PT0002000079469719HF,2026-07-27,1,dia_util,101.5,10.15,91.35,111.65,81.2,121.8,2,baixa,fallback (todo histórico)
PT0002000079469719HF,2026-07-27,2,dia_util,102.0,10.2,91.8,112.2,81.6,122.4,2,baixa,fallback (todo histórico)
PT0002000079469719HF,2026-07-27,3,dia_util,102.0,10.2,91.8,112.2,81.6,122.4,2,baixa,fallback (todo histórico)
PT0002000079469719HF,2026-07-27,4,dia_util,101.0,10.1,90.9,111.1,80.8,121.2,2,baixa,fallback (todo histórico)
PT0002000079469719HF,2026-07-27,5,dia_util,101.5,10.15,91.35,111.65,81.2,121.8,2,baixa,fallback (todo histórico)
PT0002000079469719HF,2026-07-27,6,dia_util,98.5,9.85,88.65,108.35,78.8,118.2,2,baixa,fallback (todo histórico)
PT0002000079469719HF,2026-07-27,7,dia_util,101.5,10.15,91.35,111.65,81.2,121.8,2,baixa,fallback (todo histórico)
PT0002000079469719HF,2026-07-27,8,dia_util,110.5,13.44,97.06,123.94,83.63,137.37,2,baixa,fallback (todo histórico)
PT0002000079469719HF,2026-07-27,9,dia_util,104.0,22.63,81.37,126.63,58.75,149.25,2,baixa,fallback (todo histórico)
PT0002000079469719HF,2026-07-27,10,dia_util,100.5,51.62,48.88,152.12,-2.74,203.74,2,baixa,fallback (todo histórico)
PT0002000079469719HF,2026-07-27,11,dia_util,84.5,57.28,27.22,141.78,-30.05,199.05,2,baixa,fallback (todo histórico)
PT0002000079469719HF,2026-07-27,12,dia_util,73.5,68.59,4.91,142.09,-63.68,210.68,2,baixa,fallback (todo histórico)
PT0002000079469719HF,2026-07-27,13,dia_util,41.5,38.89,2.61,80.39,-36.28,119.28,2,baixa,fallback (todo histórico)
PT0002000079469719HF,2026-07-27,14,dia_util,35.0,39.6,-4.6,74.6,-44.2,114.2,2,baixa,fallback (todo histórico)
PT0002000079469719HF,2026-07-27,15,dia_util,39.5,38.89,0.61,78.39,-38.28,117.28,2,baixa,fallback (todo histórico)
PT0002000079469719HF,2026-07-27,16,dia_util,51.5,28.99,22.51,80.49,-6.48,109.48,2,baixa,fallback (todo histórico)
PT0002000079469719HF,2026-07-27,17,dia_util,69.5,27.58,41.92,97.08,14.35,124.65,2,baixa,fallback (todo histórico)
PT0002000079469719HF,2026-07-27,18,dia_util,94.5,26.16,68.34,120.66,42.17,146.83,2,baixa,fallback (todo histórico)
PT0002000079469719HF,2026-07-27,19,dia_util,116.5,26.16,90.34,142.66,64.17,168.83,2,baixa,fallback (todo histórico)
PT0002000079469719HF,2026-07-27,20,dia_util,119.5,17.68,101.82,137.18,84.14,154.86,2,baixa,fallback (todo histórico)
PT0002000079469719HF,2026-07-27,21,dia_util,112.0,11.2,100.8,123.2,89.6,134.4,3,baixa,fallback (todo histórico)
PT0002000079469719HF,2026-07-27,22,dia_util,113.67,13.61,100.05,127.28,86.44,140.89,3,baixa,fallback (todo histórico)
PT0002000079469719HF,2026-07-27,23,dia_util,106.0,10.6,95.4,116.6,84.8,127.2,3,baixa,fallback (todo histórico)
PT0002000081344542CP,2026-07-27,0,dia_util,2.5,2.12,0.38,4.62,-1.74,6.74,2,baixa,fallback (todo histórico)
PT0002000081344542CP,2026-07-27,1,dia_util,3.0,1.41,1.59,4.41,0.17,5.83,2,baixa,fallback (todo histórico)
PT0002000081344542CP,2026-07-27,2,dia_util,1.0,0.3,0.7,1.3,0.4,1.6,2,baixa,fallback (todo histórico)
PT0002000081344542CP,2026-07-27,3,dia_util,2.0,0.3,1.7,2.3,1.4,2.6,2,baixa,fallback (todo histórico)
PT0002000081344542CP,2026-07-27,4,dia_util,3.0,2.83,0.17,5.83,-2.66,8.66,2,baixa,fallback (todo histórico)
PT0002000081344542CP,2026-07-27,5,dia_util,2.0,0.3,1.7,2.3,1.4,2.6,2,baixa,fallback (todo histórico)
PT0002000081344542CP,2026-07-27,6,dia_util,1.0,0.3,0.7,1.3,0.4,1.6,2,baixa,fallback (todo histórico)
PT0002000081344542CP,2026-07-27,7,dia_util,2.0,0.3,1.7,2.3,1.4,2.6,2,baixa,fallback (todo histórico)
PT0002000081344542CP,2026-07-27,8,dia_util,1.0,0.3,0.7,1.3,0.4,1.6,2,baixa,fallback (todo histórico)
PT0002000081344542CP,2026-07-27,9,dia_util,2.0,0.3,1.7,2.3,1.4,2.6,2,baixa,fallback (todo histórico)
PT0002000081344542CP,2026-07-27,10,dia_util,5.5,6.36,-0.86,11.86,-7.23,18.23,2,baixa,fallback (todo histórico)
PT0002000081344542CP,2026-07-27,11,dia_util,2.0,0.3,1.7,2.3,1.4,2.6,2,baixa,fallback (todo histórico)
PT0002000081344542CP,2026-07-27,12,dia_util,3.0,2.83,0.17,5.83,-2.66,8.66,2,baixa,fallback (todo histórico)
PT0002000081344542CP,2026-07-27,13,dia_util,3.5,2.12,1.38,5.62,-0.74,7.74,2,baixa,fallback (todo histórico)
PT0002000081344542CP,2026-07-27,14,dia_util,3.0,2.83,0.17,5.83,-2.66,8.66,2,baixa,fallback (todo histórico)
PT0002000081344542CP,2026-07-27,15,dia_util,2.0,0.3,1.7,2.3,1.4,2.6,2,baixa,fallback (todo histórico)
PT0002000081344542CP,2026-07-27,16,dia_util,1.0,0.3,0.7,1.3,0.4,1.6,2,baixa,fallback (todo histórico)
PT0002000081344542CP,2026-07-27,17,dia_util,2.0,0.3,1.7,2.3,1.4,2.6,2,baixa,fallback (todo histórico)
PT0002000081344542CP,2026-07-27,18,dia_util,3.0,2.83,0.17,5.83,-2.66,8.66,2,baixa,fallback (todo histórico)
PT0002000081344542CP,2026-07-27,19,dia_util,2.0,0.3,1.7,2.3,1.4,2.6,2,baixa,fallback (todo histórico)
PT0002000081344542CP,2026-07-27,20,dia_util,1.0,0.3,0.7,1.3,0.4,1.6,2,baixa,fallback (todo histórico)
PT0002000081344542CP,2026-07-27,21,dia_util,7.0,7.0,0.0,14.0,-7.0,21.0,3,baixa,fallback (todo histórico)
PT0002000081344542CP,2026-07-27,22,dia_util,5.0,1.0,4.0,6.0,3.0,7.0,3,baixa,fallback (todo histórico)
PT0002000081344542CP,2026-07-27,23,dia_util,2.0,1.0,1.0,3.0,0.0,4.0,3,baixa,fallback (todo histórico)
PT0002000081997398TD,2026-07-27,0,dia_util,58.0,5.8,52.2,63.8,46.4,69.6,2,baixa,fallback (todo histórico)
PT0002000081997398TD,2026-07-27,1,dia_util,44.0,4.4,39.6,48.4,35.2,52.8,2,baixa,fallback (todo histórico)
PT0002000081997398TD,2026-07-27,2,dia_util,36.5,3.65,32.85,40.15,29.2,43.8,2,baixa,fallback (todo histórico)
PT0002000081997398TD,2026-07-27,3,dia_util,40.0,4.0,36.0,44.0,32.0,48.0,2,baixa,fallback (todo histórico)
PT0002000081997398TD,2026-07-27,4,dia_util,38.0,3.8,34.2,41.8,30.4,45.6,2,baixa,fallback (todo histórico)
PT0002000081997398TD,2026-07-27,5,dia_util,36.0,3.6,32.4,39.6,28.8,43.2,2,baixa,fallback (todo histórico)
PT0002000081997398TD,2026-07-27,6,dia_util,43.0,4.3,38.7,47.3,34.4,51.6,2,baixa,fallback (todo histórico)
PT0002000081997398TD,2026-07-27,7,dia_util,52.0,8.49,43.51,60.49,35.03,68.97,2,baixa,fallback (todo histórico)
PT0002000081997398TD,2026-07-27,8,dia_util,116.5,11.65,104.85,128.15,93.2,139.8,2,baixa,fallback (todo histórico)
PT0002000081997398TD,2026-07-27,9,dia_util,193.5,19.35,174.15,212.85,154.8,232.2,2,baixa,fallback (todo histórico)
PT0002000081997398TD,2026-07-27,10,dia_util,138.0,13.8,124.2,151.8,110.4,165.6,2,baixa,fallback (todo histórico)
PT0002000081997398TD,2026-07-27,11,dia_util,110.0,11.0,99.0,121.0,88.0,132.0,2,baixa,fallback (todo histórico)
PT0002000081997398TD,2026-07-27,12,dia_util,178.5,17.85,160.65,196.35,142.8,214.2,2,baixa,fallback (todo histórico)
PT0002000081997398TD,2026-07-27,13,dia_util,185.5,18.55,166.95,204.05,148.4,222.6,2,baixa,fallback (todo histórico)
PT0002000081997398TD,2026-07-27,14,dia_util,148.0,14.8,133.2,162.8,118.4,177.6,2,baixa,fallback (todo histórico)
PT0002000081997398TD,2026-07-27,15,dia_util,122.5,12.25,110.25,134.75,98.0,147.0,2,baixa,fallback (todo histórico)
PT0002000081997398TD,2026-07-27,16,dia_util,140.5,16.26,124.24,156.76,107.97,173.03,2,baixa,fallback (todo histórico)
PT0002000081997398TD,2026-07-27,17,dia_util,193.5,19.35,174.15,212.85,154.8,232.2,2,baixa,fallback (todo histórico)
PT0002000081997398TD,2026-07-27,18,dia_util,206.0,20.6,185.4,226.6,164.8,247.2,2,baixa,fallback (todo histórico)
PT0002000081997398TD,2026-07-27,19,dia_util,142.5,14.25,128.25,156.75,114.0,171.0,2,baixa,fallback (todo histórico)
PT0002000081997398TD,2026-07-27,20,dia_util,123.5,12.35,111.15,135.85,98.8,148.2,2,baixa,fallback (todo histórico)
PT0002000081997398TD,2026-07-27,21,dia_util,108.33,12.5,95.83,120.84,83.33,133.34,3,baixa,fallback (todo histórico)
PT0002000081997398TD,2026-07-27,22,dia_util,67.0,6.7,60.3,73.7,53.6,80.4,3,baixa,fallback (todo histórico)
PT0002000081997398TD,2026-07-27,23,dia_util,65.0,8.0,57.0,73.0,49.0,81.0,3,baixa,fallback (todo histórico)
PT0002000082549706RH,2026-07-27,0,dia_util,92.5,9.25,83.25,101.75,74.0,111.0,2,baixa,fallback (todo histórico)
PT0002000082549706RH,2026-07-27,1,dia_util,91.5,9.15,82.35,100.65,73.2,109.8,2,baixa,fallback (todo histórico)
PT0002000082549706RH,2026-07-27,2,dia_util,82.5,8.25,74.25,90.75,66.0,99.0,2,baixa,fallback (todo histórico)
PT0002000082549706RH,2026-07-27,3,dia_util,79.0,7.9,71.1,86.9,63.2,94.8,2,baixa,fallback (todo histórico)
PT0002000082549706RH,2026-07-27,4,dia_util,80.5,8.05,72.45,88.55,64.4,96.6,2,baixa,fallback (todo histórico)
PT0002000082549706RH,2026-07-27,5,dia_util,84.0,8.4,75.6,92.4,67.2,100.8,2,baixa,fallback (todo histórico)
PT0002000082549706RH,2026-07-27,6,dia_util,78.0,7.8,70.2,85.8,62.4,93.6,2,baixa,fallback (todo histórico)
PT0002000082549706RH,2026-07-27,7,dia_util,80.5,8.05,72.45,88.55,64.4,96.6,2,baixa,fallback (todo histórico)
PT0002000082549706RH,2026-07-27,8,dia_util,80.5,8.05,72.45,88.55,64.4,96.6,2,baixa,fallback (todo histórico)
PT0002000082549706RH,2026-07-27,9,dia_util,86.0,8.6,77.4,94.6,68.8,103.2,2,baixa,fallback (todo histórico)
PT0002000082549706RH,2026-07-27,10,dia_util,80.5,8.05,72.45,88.55,64.4,96.6,2,baixa,fallback (todo histórico)
PT0002000082549706RH,2026-07-27,11,dia_util,84.5,8.45,76.05,92.95,67.6,101.4,2,baixa,fallback (todo histórico)
PT0002000082549706RH,2026-07-27,12,dia_util,85.0,8.5,76.5,93.5,68.0,102.0,2,baixa,fallback (todo histórico)
PT0002000082549706RH,2026-07-27,13,dia_util,88.0,11.31,76.69,99.31,65.37,110.63,2,baixa,fallback (todo histórico)
PT0002000082549706RH,2026-07-27,14,dia_util,90.0,11.31,78.69,101.31,67.37,112.63,2,baixa,fallback (todo histórico)
PT0002000082549706RH,2026-07-27,15,dia_util,95.0,12.73,82.27,107.73,69.54,120.46,2,baixa,fallback (todo histórico)
PT0002000082549706RH,2026-07-27,16,dia_util,100.5,10.61,89.89,111.11,79.29,121.71,2,baixa,fallback (todo histórico)
PT0002000082549706RH,2026-07-27,17,dia_util,95.5,9.55,85.95,105.05,76.4,114.6,2,baixa,fallback (todo histórico)
PT0002000082549706RH,2026-07-27,18,dia_util,86.0,8.6,77.4,94.6,68.8,103.2,2,baixa,fallback (todo histórico)
PT0002000082549706RH,2026-07-27,19,dia_util,81.5,8.15,73.35,89.65,65.2,97.8,2,baixa,fallback (todo histórico)
PT0002000082549706RH,2026-07-27,20,dia_util,85.0,8.5,76.5,93.5,68.0,102.0,2,baixa,fallback (todo histórico)
PT0002000082549706RH,2026-07-27,21,dia_util,75.67,12.7,62.96,88.37,50.26,101.07,3,baixa,fallback (todo histórico)
PT0002000082549706RH,2026-07-27,22,dia_util,80.33,8.03,72.3,88.37,64.27,96.4,3,baixa,fallback (todo histórico)
PT0002000082549706RH,2026-07-27,23,dia_util,88.67,8.87,79.8,97.53,70.93,106.4,3,baixa,fallback (todo histórico)
PT0002000100113293JT,2026-07-27,0,dia_util,150.5,15.05,135.45,165.55,120.4,180.6,2,baixa,fallback (todo histórico)
PT0002000100113293JT,2026-07-27,1,dia_util,149.5,14.95,134.55,164.45,119.6,179.4,2,baixa,fallback (todo histórico)
PT0002000100113293JT,2026-07-27,2,dia_util,150.5,15.05,135.45,165.55,120.4,180.6,2,baixa,fallback (todo histórico)
PT0002000100113293JT,2026-07-27,3,dia_util,151.0,15.1,135.9,166.1,120.8,181.2,2,baixa,fallback (todo histórico)
PT0002000100113293JT,2026-07-27,4,dia_util,151.0,15.1,135.9,166.1,120.8,181.2,2,baixa,fallback (todo histórico)
PT0002000100113293JT,2026-07-27,5,dia_util,150.5,15.05,135.45,165.55,120.4,180.6,2,baixa,fallback (todo histórico)
PT0002000100113293JT,2026-07-27,6,dia_util,155.5,15.55,139.95,171.05,124.4,186.6,2,baixa,fallback (todo histórico)
PT0002000100113293JT,2026-07-27,7,dia_util,146.0,14.6,131.4,160.6,116.8,175.2,2,baixa,fallback (todo histórico)
PT0002000100113293JT,2026-07-27,8,dia_util,150.5,15.05,135.45,165.55,120.4,180.6,2,baixa,fallback (todo histórico)
PT0002000100113293JT,2026-07-27,9,dia_util,154.0,15.4,138.6,169.4,123.2,184.8,2,baixa,fallback (todo histórico)
PT0002000100113293JT,2026-07-27,10,dia_util,158.0,15.8,142.2,173.8,126.4,189.6,2,baixa,fallback (todo histórico)
PT0002000100113293JT,2026-07-27,11,dia_util,160.5,16.05,144.45,176.55,128.4,192.6,2,baixa,fallback (todo histórico)
PT0002000100113293JT,2026-07-27,12,dia_util,155.0,15.5,139.5,170.5,124.0,186.0,2,baixa,fallback (todo histórico)
PT0002000100113293JT,2026-07-27,13,dia_util,149.5,14.95,134.55,164.45,119.6,179.4,2,baixa,fallback (todo histórico)
PT0002000100113293JT,2026-07-27,14,dia_util,148.0,14.8,133.2,162.8,118.4,177.6,2,baixa,fallback (todo histórico)
PT0002000100113293JT,2026-07-27,15,dia_util,146.0,14.6,131.4,160.6,116.8,175.2,2,baixa,fallback (todo histórico)
PT0002000100113293JT,2026-07-27,16,dia_util,145.5,14.55,130.95,160.05,116.4,174.6,2,baixa,fallback (todo histórico)
PT0002000100113293JT,2026-07-27,17,dia_util,144.5,14.45,130.05,158.95,115.6,173.4,2,baixa,fallback (todo histórico)
PT0002000100113293JT,2026-07-27,18,dia_util,144.0,14.4,129.6,158.4,115.2,172.8,2,baixa,fallback (todo histórico)
PT0002000100113293JT,2026-07-27,19,dia_util,142.5,14.25,128.25,156.75,114.0,171.0,2,baixa,fallback (todo histórico)
PT0002000100113293JT,2026-07-27,20,dia_util,138.0,13.8,124.2,151.8,110.4,165.6,2,baixa,fallback (todo histórico)
PT0002000100113293JT,2026-07-27,21,dia_util,137.67,16.17,121.5,153.83,105.34,170.0,3,baixa,fallback (todo histórico)
PT0002000100113293JT,2026-07-27,22,dia_util,155.0,15.5,139.5,170.5,124.0,186.0,3,baixa,fallback (todo histórico)
PT0002000100113293JT,2026-07-27,23,dia_util,151.33,15.13,136.2,166.47,121.07,181.6,3,baixa,fallback (todo histórico)
PT0002000101964938LF,2026-07-27,0,dia_util,10.0,1.0,9.0,11.0,8.0,12.0,2,baixa,fallback (todo histórico)
PT0002000101964938LF,2026-07-27,1,dia_util,9.5,0.95,8.55,10.45,7.6,11.4,2,baixa,fallback (todo histórico)
PT0002000101964938LF,2026-07-27,2,dia_util,10.0,1.0,9.0,11.0,8.0,12.0,2,baixa,fallback (todo histórico)
PT0002000101964938LF,2026-07-27,3,dia_util,10.0,1.0,9.0,11.0,8.0,12.0,2,baixa,fallback (todo histórico)
PT0002000101964938LF,2026-07-27,4,dia_util,9.5,0.95,8.55,10.45,7.6,11.4,2,baixa,fallback (todo histórico)
PT0002000101964938LF,2026-07-27,5,dia_util,9.5,0.95,8.55,10.45,7.6,11.4,2,baixa,fallback (todo histórico)
PT0002000101964938LF,2026-07-27,6,dia_util,10.0,1.0,9.0,11.0,8.0,12.0,2,baixa,fallback (todo histórico)
PT0002000101964938LF,2026-07-27,7,dia_util,10.0,1.0,9.0,11.0,8.0,12.0,2,baixa,fallback (todo histórico)
PT0002000101964938LF,2026-07-27,8,dia_util,12.5,4.95,7.55,17.45,2.6,22.4,2,baixa,fallback (todo histórico)
PT0002000101964938LF,2026-07-27,9,dia_util,17.0,9.9,7.1,26.9,-2.8,36.8,2,baixa,fallback (todo histórico)
PT0002000101964938LF,2026-07-27,10,dia_util,16.0,8.49,7.51,24.49,-0.97,32.97,2,baixa,fallback (todo histórico)
PT0002000101964938LF,2026-07-27,11,dia_util,17.0,8.49,8.51,25.49,0.03,33.97,2,baixa,fallback (todo histórico)
PT0002000101964938LF,2026-07-27,12,dia_util,13.0,4.24,8.76,17.24,4.51,21.49,2,baixa,fallback (todo histórico)
PT0002000101964938LF,2026-07-27,13,dia_util,12.0,2.83,9.17,14.83,6.34,17.66,2,baixa,fallback (todo histórico)
PT0002000101964938LF,2026-07-27,14,dia_util,13.0,2.83,10.17,15.83,7.34,18.66,2,baixa,fallback (todo histórico)
PT0002000101964938LF,2026-07-27,15,dia_util,12.0,2.83,9.17,14.83,6.34,17.66,2,baixa,fallback (todo histórico)
PT0002000101964938LF,2026-07-27,16,dia_util,12.5,2.12,10.38,14.62,8.26,16.74,2,baixa,fallback (todo histórico)
PT0002000101964938LF,2026-07-27,17,dia_util,12.0,2.83,9.17,14.83,6.34,17.66,2,baixa,fallback (todo histórico)
PT0002000101964938LF,2026-07-27,18,dia_util,12.5,2.12,10.38,14.62,8.26,16.74,2,baixa,fallback (todo histórico)
PT0002000101964938LF,2026-07-27,19,dia_util,11.5,2.12,9.38,13.62,7.26,15.74,2,baixa,fallback (todo histórico)
PT0002000101964938LF,2026-07-27,20,dia_util,10.0,1.0,9.0,11.0,8.0,12.0,2,baixa,fallback (todo histórico)
PT0002000101964938LF,2026-07-27,21,dia_util,9.0,1.73,7.27,10.73,5.54,12.46,3,baixa,fallback (todo histórico)
PT0002000101964938LF,2026-07-27,22,dia_util,10.0,1.0,9.0,11.0,8.0,12.0,3,baixa,fallback (todo histórico)
PT0002000101964938LF,2026-07-27,23,dia_util,10.33,1.03,9.3,11.37,8.27,12.4,3,baixa,fallback (todo histórico)
PT0002000102936404ME,2026-07-27,0,dia_util,16.5,1.65,14.85,18.15,13.2,19.8,2,baixa,fallback (todo histórico)
PT0002000102936404ME,2026-07-27,1,dia_util,13.5,1.35,12.15,14.85,10.8,16.2,2,baixa,fallback (todo histórico)
PT0002000102936404ME,2026-07-27,2,dia_util,24.0,2.4,21.6,26.4,19.2,28.8,2,baixa,fallback (todo histórico)
PT0002000102936404ME,2026-07-27,3,dia_util,44.5,4.45,40.05,48.95,35.6,53.4,2,baixa,fallback (todo histórico)
PT0002000102936404ME,2026-07-27,4,dia_util,52.5,5.25,47.25,57.75,42.0,63.0,2,baixa,fallback (todo histórico)
PT0002000102936404ME,2026-07-27,5,dia_util,51.0,5.1,45.9,56.1,40.8,61.2,2,baixa,fallback (todo histórico)
PT0002000102936404ME,2026-07-27,6,dia_util,43.0,4.3,38.7,47.3,34.4,51.6,2,baixa,fallback (todo histórico)
PT0002000102936404ME,2026-07-27,7,dia_util,27.0,2.7,24.3,29.7,21.6,32.4,2,baixa,fallback (todo histórico)
PT0002000102936404ME,2026-07-27,8,dia_util,18.0,1.8,16.2,19.8,14.4,21.6,2,baixa,fallback (todo histórico)
PT0002000102936404ME,2026-07-27,9,dia_util,35.5,3.55,31.95,39.05,28.4,42.6,2,baixa,fallback (todo histórico)
PT0002000102936404ME,2026-07-27,10,dia_util,38.0,3.8,34.2,41.8,30.4,45.6,2,baixa,fallback (todo histórico)
PT0002000102936404ME,2026-07-27,11,dia_util,38.5,3.85,34.65,42.35,30.8,46.2,2,baixa,fallback (todo histórico)
PT0002000102936404ME,2026-07-27,12,dia_util,38.5,3.85,34.65,42.35,30.8,46.2,2,baixa,fallback (todo histórico)
PT0002000102936404ME,2026-07-27,13,dia_util,38.5,3.85,34.65,42.35,30.8,46.2,2,baixa,fallback (todo histórico)
PT0002000102936404ME,2026-07-27,14,dia_util,39.5,3.95,35.55,43.45,31.6,47.4,2,baixa,fallback (todo histórico)
PT0002000102936404ME,2026-07-27,15,dia_util,40.5,4.05,36.45,44.55,32.4,48.6,2,baixa,fallback (todo histórico)
PT0002000102936404ME,2026-07-27,16,dia_util,40.0,4.0,36.0,44.0,32.0,48.0,2,baixa,fallback (todo histórico)
PT0002000102936404ME,2026-07-27,17,dia_util,43.5,4.95,38.55,48.45,33.6,53.4,2,baixa,fallback (todo histórico)
PT0002000102936404ME,2026-07-27,18,dia_util,39.5,3.95,35.55,43.45,31.6,47.4,2,baixa,fallback (todo histórico)
PT0002000102936404ME,2026-07-27,19,dia_util,42.5,7.78,34.72,50.28,26.94,58.06,2,baixa,fallback (todo histórico)
PT0002000102936404ME,2026-07-27,20,dia_util,43.0,7.07,35.93,50.07,28.86,57.14,2,baixa,fallback (todo histórico)
PT0002000102936404ME,2026-07-27,21,dia_util,41.33,14.15,27.18,55.49,13.03,69.64,3,baixa,fallback (todo histórico)
PT0002000102936404ME,2026-07-27,22,dia_util,43.0,7.94,35.06,50.94,27.13,58.87,3,baixa,fallback (todo histórico)
PT0002000102936404ME,2026-07-27,23,dia_util,38.67,9.81,28.85,48.48,19.04,58.3,3,baixa,fallback (todo histórico)
PT0002000103647515BL,2026-07-27,0,dia_util,1.0,0.3,0.7,1.3,0.4,1.6,2,baixa,fallback (todo histórico)
PT0002000103647515BL,2026-07-27,1,dia_util,0.0,0.3,-0.3,0.3,-0.6,0.6,2,baixa,fallback (todo histórico)
PT0002000103647515BL,2026-07-27,2,dia_util,0.0,0.3,-0.3,0.3,-0.6,0.6,2,baixa,fallback (todo histórico)
PT0002000103647515BL,2026-07-27,3,dia_util,0.0,0.3,-0.3,0.3,-0.6,0.6,2,baixa,fallback (todo histórico)
PT0002000103647515BL,2026-07-27,4,dia_util,0.0,0.3,-0.3,0.3,-0.6,0.6,2,baixa,fallback (todo histórico)
PT0002000103647515BL,2026-07-27,5,dia_util,0.0,0.3,-0.3,0.3,-0.6,0.6,2,baixa,fallback (todo histórico)
PT0002000103647515BL,2026-07-27,6,dia_util,0.0,0.3,-0.3,0.3,-0.6,0.6,2,baixa,fallback (todo histórico)
PT0002000103647515BL,2026-07-27,7,dia_util,0.0,0.3,-0.3,0.3,-0.6,0.6,2,baixa,fallback (todo histórico)
PT0002000103647515BL,2026-07-27,8,dia_util,0.0,0.3,-0.3,0.3,-0.6,0.6,2,baixa,fallback (todo histórico)
PT0002000103647515BL,2026-07-27,9,dia_util,0.0,0.3,-0.3,0.3,-0.6,0.6,2,baixa,fallback (todo histórico)
PT0002000103647515BL,2026-07-27,10,dia_util,0.0,0.3,-0.3,0.3,-0.6,0.6,2,baixa,fallback (todo histórico)
PT0002000103647515BL,2026-07-27,11,dia_util,0.0,0.3,-0.3,0.3,-0.6,0.6,2,baixa,fallback (todo histórico)
PT0002000103647515BL,2026-07-27,12,dia_util,0.0,0.3,-0.3,0.3,-0.6,0.6,2,baixa,fallback (todo histórico)
PT0002000103647515BL,2026-07-27,13,dia_util,0.0,0.3,-0.3,0.3,-0.6,0.6,2,baixa,fallback (todo histórico)
PT0002000103647515BL,2026-07-27,14,dia_util,0.0,0.3,-0.3,0.3,-0.6,0.6,2,baixa,fallback (todo histórico)
PT0002000103647515BL,2026-07-27,15,dia_util,0.0,0.3,-0.3,0.3,-0.6,0.6,2,baixa,fallback (todo histórico)
PT0002000103647515BL,2026-07-27,16,dia_util,0.0,0.3,-0.3,0.3,-0.6,0.6,2,baixa,fallback (todo histórico)
PT0002000103647515BL,2026-07-27,17,dia_util,0.0,0.3,-0.3,0.3,-0.6,0.6,2,baixa,fallback (todo histórico)
PT0002000103647515BL,2026-07-27,18,dia_util,0.0,0.3,-0.3,0.3,-0.6,0.6,2,baixa,fallback (todo histórico)
PT0002000103647515BL,2026-07-27,19,dia_util,2.0,0.3,1.7,2.3,1.4,2.6,2,baixa,fallback (todo histórico)
PT0002000103647515BL,2026-07-27,20,dia_util,2.0,0.3,1.7,2.3,1.4,2.6,2,baixa,fallback (todo histórico)
PT0002000103647515BL,2026-07-27,21,dia_util,2.0,0.3,1.7,2.3,1.4,2.6,3,baixa,fallback (todo histórico)
PT0002000103647515BL,2026-07-27,22,dia_util,2.0,0.3,1.7,2.3,1.4,2.6,3,baixa,fallback (todo histórico)
PT0002000103647515BL,2026-07-27,23,dia_util,2.0,0.3,1.7,2.3,1.4,2.6,3,baixa,fallback (todo histórico)
PT0002000105483259QH,2026-07-27,0,dia_util,1.5,0.71,0.79,2.21,0.09,2.91,2,baixa,fallback (todo histórico)
PT0002000105483259QH,2026-07-27,1,dia_util,1.0,0.3,0.7,1.3,0.4,1.6,2,baixa,fallback (todo histórico)
PT0002000105483259QH,2026-07-27,2,dia_util,0.5,0.71,-0.21,1.21,-0.91,1.91,2,baixa,fallback (todo histórico)
PT0002000105483259QH,2026-07-27,3,dia_util,0.0,0.3,-0.3,0.3,-0.6,0.6,2,baixa,fallback (todo histórico)
PT0002000105483259QH,2026-07-27,4,dia_util,0.5,0.71,-0.21,1.21,-0.91,1.91,2,baixa,fallback (todo histórico)
PT0002000105483259QH,2026-07-27,5,dia_util,0.0,0.3,-0.3,0.3,-0.6,0.6,2,baixa,fallback (todo histórico)
PT0002000105483259QH,2026-07-27,6,dia_util,0.5,0.71,-0.21,1.21,-0.91,1.91,2,baixa,fallback (todo histórico)
PT0002000105483259QH,2026-07-27,7,dia_util,0.5,0.71,-0.21,1.21,-0.91,1.91,2,baixa,fallback (todo histórico)
PT0002000105483259QH,2026-07-27,8,dia_util,0.0,0.3,-0.3,0.3,-0.6,0.6,2,baixa,fallback (todo histórico)
PT0002000105483259QH,2026-07-27,9,dia_util,0.5,0.71,-0.21,1.21,-0.91,1.91,2,baixa,fallback (todo histórico)
PT0002000105483259QH,2026-07-27,10,dia_util,0.5,0.71,-0.21,1.21,-0.91,1.91,2,baixa,fallback (todo histórico)
PT0002000105483259QH,2026-07-27,11,dia_util,0.0,0.3,-0.3,0.3,-0.6,0.6,2,baixa,fallback (todo histórico)
PT0002000105483259QH,2026-07-27,12,dia_util,0.5,0.71,-0.21,1.21,-0.91,1.91,2,baixa,fallback (todo histórico)
PT0002000105483259QH,2026-07-27,13,dia_util,1.0,0.3,0.7,1.3,0.4,1.6,2,baixa,fallback (todo histórico)
PT0002000105483259QH,2026-07-27,14,dia_util,1.0,1.41,-0.41,2.41,-1.83,3.83,2,baixa,fallback (todo histórico)
PT0002000105483259QH,2026-07-27,15,dia_util,0.5,0.71,-0.21,1.21,-0.91,1.91,2,baixa,fallback (todo histórico)
PT0002000105483259QH,2026-07-27,16,dia_util,1.0,0.3,0.7,1.3,0.4,1.6,2,baixa,fallback (todo histórico)
PT0002000105483259QH,2026-07-27,17,dia_util,1.0,0.3,0.7,1.3,0.4,1.6,2,baixa,fallback (todo histórico)
PT0002000105483259QH,2026-07-27,18,dia_util,1.0,0.3,0.7,1.3,0.4,1.6,2,baixa,fallback (todo histórico)
PT0002000105483259QH,2026-07-27,19,dia_util,1.0,0.3,0.7,1.3,0.4,1.6,2,baixa,fallback (todo histórico)
PT0002000105483259QH,2026-07-27,20,dia_util,1.0,0.3,0.7,1.3,0.4,1.6,2,baixa,fallback (todo histórico)
PT0002000105483259QH,2026-07-27,21,dia_util,0.67,0.58,0.09,1.24,-0.49,1.82,3,baixa,fallback (todo histórico)
PT0002000105483259QH,2026-07-27,22,dia_util,1.67,1.15,0.51,2.82,-0.64,3.98,3,baixa,fallback (todo histórico)
PT0002000105483259QH,2026-07-27,23,dia_util,1.33,0.58,0.76,1.91,0.18,2.49,3,baixa,fallback (todo histórico)
PT0002000106102375RC,2026-07-27,0,dia_util,35.5,3.55,31.95,39.05,28.4,42.6,2,baixa,fallback (todo histórico)
PT0002000106102375RC,2026-07-27,1,dia_util,35.0,3.5,31.5,38.5,28.0,42.0,2,baixa,fallback (todo histórico)
PT0002000106102375RC,2026-07-27,2,dia_util,34.5,3.45,31.05,37.95,27.6,41.4,2,baixa,fallback (todo histórico)
PT0002000106102375RC,2026-07-27,3,dia_util,35.5,3.55,31.95,39.05,28.4,42.6,2,baixa,fallback (todo histórico)
PT0002000106102375RC,2026-07-27,4,dia_util,35.5,3.55,31.95,39.05,28.4,42.6,2,baixa,fallback (todo histórico)
PT0002000106102375RC,2026-07-27,5,dia_util,34.0,3.4,30.6,37.4,27.2,40.8,2,baixa,fallback (todo histórico)
PT0002000106102375RC,2026-07-27,6,dia_util,34.0,3.4,30.6,37.4,27.2,40.8,2,baixa,fallback (todo histórico)
PT0002000106102375RC,2026-07-27,7,dia_util,36.0,3.6,32.4,39.6,28.8,43.2,2,baixa,fallback (todo histórico)
PT0002000106102375RC,2026-07-27,8,dia_util,40.5,12.02,28.48,52.52,16.46,64.54,2,baixa,fallback (todo histórico)
PT0002000106102375RC,2026-07-27,9,dia_util,44.0,9.9,34.1,53.9,24.2,63.8,2,baixa,fallback (todo histórico)
PT0002000106102375RC,2026-07-27,10,dia_util,42.5,12.02,30.48,54.52,18.46,66.54,2,baixa,fallback (todo histórico)
PT0002000106102375RC,2026-07-27,11,dia_util,46.0,9.9,36.1,55.9,26.2,65.8,2,baixa,fallback (todo histórico)
PT0002000106102375RC,2026-07-27,12,dia_util,43.0,9.9,33.1,52.9,23.2,62.8,2,baixa,fallback (todo histórico)
PT0002000106102375RC,2026-07-27,13,dia_util,39.5,3.95,35.55,43.45,31.6,47.4,2,baixa,fallback (todo histórico)
PT0002000106102375RC,2026-07-27,14,dia_util,38.0,3.8,34.2,41.8,30.4,45.6,2,baixa,fallback (todo histórico)
PT0002000106102375RC,2026-07-27,15,dia_util,38.0,3.8,34.2,41.8,30.4,45.6,2,baixa,fallback (todo histórico)
PT0002000106102375RC,2026-07-27,16,dia_util,39.5,3.95,35.55,43.45,31.6,47.4,2,baixa,fallback (todo histórico)
PT0002000106102375RC,2026-07-27,17,dia_util,39.5,3.95,35.55,43.45,31.6,47.4,2,baixa,fallback (todo histórico)
PT0002000106102375RC,2026-07-27,18,dia_util,38.5,3.85,34.65,42.35,30.8,46.2,2,baixa,fallback (todo histórico)
PT0002000106102375RC,2026-07-27,19,dia_util,38.5,3.85,34.65,42.35,30.8,46.2,2,baixa,fallback (todo histórico)
PT0002000106102375RC,2026-07-27,20,dia_util,35.0,3.5,31.5,38.5,28.0,42.0,2,baixa,fallback (todo histórico)
PT0002000106102375RC,2026-07-27,21,dia_util,34.67,5.77,28.89,40.44,23.12,46.21,3,baixa,fallback (todo histórico)
PT0002000106102375RC,2026-07-27,22,dia_util,37.0,3.7,33.3,40.7,29.6,44.4,3,baixa,fallback (todo histórico)
PT0002000106102375RC,2026-07-27,23,dia_util,37.0,3.7,33.3,40.7,29.6,44.4,3,baixa,fallback (todo histórico)
PT0002000107046231FW,2026-07-27,0,dia_util,2.0,0.3,1.7,2.3,1.4,2.6,2,baixa,fallback (todo histórico)
PT0002000107046231FW,2026-07-27,1,dia_util,2.5,0.71,1.79,3.21,1.09,3.91,2,baixa,fallback (todo histórico)
PT0002000107046231FW,2026-07-27,2,dia_util,3.5,0.71,2.79,4.21,2.09,4.91,2,baixa,fallback (todo histórico)
PT0002000107046231FW,2026-07-27,3,dia_util,4.0,0.4,3.6,4.4,3.2,4.8,2,baixa,fallback (todo histórico)
PT0002000107046231FW,2026-07-27,4,dia_util,3.0,0.3,2.7,3.3,2.4,3.6,2,baixa,fallback (todo histórico)
PT0002000107046231FW,2026-07-27,5,dia_util,3.5,0.71,2.79,4.21,2.09,4.91,2,baixa,fallback (todo histórico)
PT0002000107046231FW,2026-07-27,6,dia_util,3.0,0.3,2.7,3.3,2.4,3.6,2,baixa,fallback (todo histórico)
PT0002000107046231FW,2026-07-27,7,dia_util,4.5,0.71,3.79,5.21,3.09,5.91,2,baixa,fallback (todo histórico)
PT0002000107046231FW,2026-07-27,8,dia_util,4.0,0.4,3.6,4.4,3.2,4.8,2,baixa,fallback (todo histórico)
PT0002000107046231FW,2026-07-27,9,dia_util,3.5,0.71,2.79,4.21,2.09,4.91,2,baixa,fallback (todo histórico)
PT0002000107046231FW,2026-07-27,10,dia_util,3.0,0.3,2.7,3.3,2.4,3.6,2,baixa,fallback (todo histórico)
PT0002000107046231FW,2026-07-27,11,dia_util,1.5,0.71,0.79,2.21,0.09,2.91,2,baixa,fallback (todo histórico)
PT0002000107046231FW,2026-07-27,12,dia_util,2.0,0.3,1.7,2.3,1.4,2.6,2,baixa,fallback (todo histórico)
PT0002000107046231FW,2026-07-27,13,dia_util,2.0,0.3,1.7,2.3,1.4,2.6,2,baixa,fallback (todo histórico)
PT0002000107046231FW,2026-07-27,14,dia_util,2.5,0.71,1.79,3.21,1.09,3.91,2,baixa,fallback (todo histórico)
PT0002000107046231FW,2026-07-27,15,dia_util,3.0,0.3,2.7,3.3,2.4,3.6,2,baixa,fallback (todo histórico)
PT0002000107046231FW,2026-07-27,16,dia_util,2.5,0.71,1.79,3.21,1.09,3.91,2,baixa,fallback (todo histórico)
PT0002000107046231FW,2026-07-27,17,dia_util,2.0,0.3,1.7,2.3,1.4,2.6,2,baixa,fallback (todo histórico)
PT0002000107046231FW,2026-07-27,18,dia_util,2.5,0.71,1.79,3.21,1.09,3.91,2,baixa,fallback (todo histórico)
PT0002000107046231FW,2026-07-27,19,dia_util,2.5,0.71,1.79,3.21,1.09,3.91,2,baixa,fallback (todo histórico)
PT0002000107046231FW,2026-07-27,20,dia_util,3.0,0.3,2.7,3.3,2.4,3.6,2,baixa,fallback (todo histórico)
PT0002000107046231FW,2026-07-27,21,dia_util,1.67,0.58,1.09,2.24,0.51,2.82,3,baixa,fallback (todo histórico)
PT0002000107046231FW,2026-07-27,22,dia_util,3.0,0.3,2.7,3.3,2.4,3.6,3,baixa,fallback (todo histórico)
PT0002000107046231FW,2026-07-27,23,dia_util,1.67,0.58,1.09,2.24,0.51,2.82,3,baixa,fallback (todo histórico)
PT0002000107172384HT,2026-07-27,0,dia_util,38.5,3.85,34.65,42.35,30.8,46.2,2,baixa,fallback (todo histórico)
PT0002000107172384HT,2026-07-27,1,dia_util,29.0,2.9,26.1,31.9,23.2,34.8,2,baixa,fallback (todo histórico)
PT0002000107172384HT,2026-07-27,2,dia_util,24.5,2.45,22.05,26.95,19.6,29.4,2,baixa,fallback (todo histórico)
PT0002000107172384HT,2026-07-27,3,dia_util,21.5,2.15,19.35,23.65,17.2,25.8,2,baixa,fallback (todo histórico)
PT0002000107172384HT,2026-07-27,4,dia_util,22.0,2.2,19.8,24.2,17.6,26.4,2,baixa,fallback (todo histórico)
PT0002000107172384HT,2026-07-27,5,dia_util,23.0,2.3,20.7,25.3,18.4,27.6,2,baixa,fallback (todo histórico)
PT0002000107172384HT,2026-07-27,6,dia_util,22.5,2.25,20.25,24.75,18.0,27.0,2,baixa,fallback (todo histórico)
PT0002000107172384HT,2026-07-27,7,dia_util,22.5,2.25,20.25,24.75,18.0,27.0,2,baixa,fallback (todo histórico)
PT0002000107172384HT,2026-07-27,8,dia_util,22.0,2.2,19.8,24.2,17.6,26.4,2,baixa,fallback (todo histórico)
PT0002000107172384HT,2026-07-27,9,dia_util,23.5,3.54,19.96,27.04,16.43,30.57,2,baixa,fallback (todo histórico)
PT0002000107172384HT,2026-07-27,10,dia_util,25.5,2.55,22.95,28.05,20.4,30.6,2,baixa,fallback (todo histórico)
PT0002000107172384HT,2026-07-27,11,dia_util,27.5,4.95,22.55,32.45,17.6,37.4,2,baixa,fallback (todo histórico)
PT0002000107172384HT,2026-07-27,12,dia_util,36.0,8.49,27.51,44.49,19.03,52.97,2,baixa,fallback (todo histórico)
PT0002000107172384HT,2026-07-27,13,dia_util,34.0,3.4,30.6,37.4,27.2,40.8,2,baixa,fallback (todo histórico)
PT0002000107172384HT,2026-07-27,14,dia_util,40.5,4.05,36.45,44.55,32.4,48.6,2,baixa,fallback (todo histórico)
PT0002000107172384HT,2026-07-27,15,dia_util,47.5,4.75,42.75,52.25,38.0,57.0,2,baixa,fallback (todo histórico)
PT0002000107172384HT,2026-07-27,16,dia_util,41.0,5.66,35.34,46.66,29.69,52.31,2,baixa,fallback (todo histórico)
PT0002000107172384HT,2026-07-27,17,dia_util,43.5,4.95,38.55,48.45,33.6,53.4,2,baixa,fallback (todo histórico)
PT0002000107172384HT,2026-07-27,18,dia_util,55.5,16.26,39.24,71.76,22.97,88.03,2,baixa,fallback (todo histórico)
PT0002000107172384HT,2026-07-27,19,dia_util,51.5,6.36,45.14,57.86,38.77,64.23,2,baixa,fallback (todo histórico)
PT0002000107172384HT,2026-07-27,20,dia_util,52.0,7.07,44.93,59.07,37.86,66.14,2,baixa,fallback (todo histórico)
PT0002000107172384HT,2026-07-27,21,dia_util,51.0,11.36,39.64,62.36,28.28,73.72,3,baixa,fallback (todo histórico)
PT0002000107172384HT,2026-07-27,22,dia_util,57.0,20.66,36.34,77.66,15.67,98.33,3,baixa,fallback (todo histórico)
PT0002000107172384HT,2026-07-27,23,dia_util,50.33,16.04,34.29,66.37,18.25,82.42,3,baixa,fallback (todo histórico)
PT0002000109837807PE,2026-07-27,0,dia_util,7.0,0.7,6.3,7.7,5.6,8.4,2,baixa,fallback (todo histórico)
PT0002000109837807PE,2026-07-27,1,dia_util,7.0,0.7,6.3,7.7,5.6,8.4,2,baixa,fallback (todo histórico)
PT0002000109837807PE,2026-07-27,2,dia_util,6.5,0.71,5.79,7.21,5.09,7.91,2,baixa,fallback (todo histórico)
PT0002000109837807PE,2026-07-27,3,dia_util,7.0,0.7,6.3,7.7,5.6,8.4,2,baixa,fallback (todo histórico)
PT0002000109837807PE,2026-07-27,4,dia_util,6.0,0.6,5.4,6.6,4.8,7.2,2,baixa,fallback (todo histórico)
PT0002000109837807PE,2026-07-27,5,dia_util,3.5,0.71,2.79,4.21,2.09,4.91,2,baixa,fallback (todo histórico)
PT0002000109837807PE,2026-07-27,6,dia_util,3.5,0.71,2.79,4.21,2.09,4.91,2,baixa,fallback (todo histórico)
PT0002000109837807PE,2026-07-27,7,dia_util,3.0,0.3,2.7,3.3,2.4,3.6,2,baixa,fallback (todo histórico)
PT0002000109837807PE,2026-07-27,8,dia_util,4.0,0.4,3.6,4.4,3.2,4.8,2,baixa,fallback (todo histórico)
PT0002000109837807PE,2026-07-27,9,dia_util,4.0,1.41,2.59,5.41,1.17,6.83,2,baixa,fallback (todo histórico)
PT0002000109837807PE,2026-07-27,10,dia_util,9.5,9.19,0.31,18.69,-8.88,27.88,2,baixa,fallback (todo histórico)
PT0002000109837807PE,2026-07-27,11,dia_util,4.5,0.71,3.79,5.21,3.09,5.91,2,baixa,fallback (todo histórico)
PT0002000109837807PE,2026-07-27,12,dia_util,3.0,0.3,2.7,3.3,2.4,3.6,2,baixa,fallback (todo histórico)
PT0002000109837807PE,2026-07-27,13,dia_util,3.5,0.71,2.79,4.21,2.09,4.91,2,baixa,fallback (todo histórico)
PT0002000109837807PE,2026-07-27,14,dia_util,3.0,0.3,2.7,3.3,2.4,3.6,2,baixa,fallback (todo histórico)
PT0002000109837807PE,2026-07-27,15,dia_util,4.0,0.4,3.6,4.4,3.2,4.8,2,baixa,fallback (todo histórico)
PT0002000109837807PE,2026-07-27,16,dia_util,3.0,0.3,2.7,3.3,2.4,3.6,2,baixa,fallback (todo histórico)
PT0002000109837807PE,2026-07-27,17,dia_util,3.0,0.3,2.7,3.3,2.4,3.6,2,baixa,fallback (todo histórico)
PT0002000109837807PE,2026-07-27,18,dia_util,3.5,0.71,2.79,4.21,2.09,4.91,2,baixa,fallback (todo histórico)
PT0002000109837807PE,2026-07-27,19,dia_util,5.5,0.71,4.79,6.21,4.09,6.91,2,baixa,fallback (todo histórico)
PT0002000109837807PE,2026-07-27,20,dia_util,7.0,0.7,6.3,7.7,5.6,8.4,2,baixa,fallback (todo histórico)
PT0002000109837807PE,2026-07-27,21,dia_util,11.0,6.93,4.07,17.93,-2.86,24.86,3,baixa,fallback (todo histórico)
PT0002000109837807PE,2026-07-27,22,dia_util,7.0,0.7,6.3,7.7,5.6,8.4,3,baixa,fallback (todo histórico)
PT0002000109837807PE,2026-07-27,23,dia_util,7.0,0.7,6.3,7.7,5.6,8.4,3,baixa,fallback (todo histórico)
PT0002000110090564GD,2026-07-27,0,dia_util,4.5,0.71,3.79,5.21,3.09,5.91,2,baixa,fallback (todo histórico)
PT0002000110090564GD,2026-07-27,1,dia_util,5.0,0.5,4.5,5.5,4.0,6.0,2,baixa,fallback (todo histórico)
PT0002000110090564GD,2026-07-27,2,dia_util,5.0,0.5,4.5,5.5,4.0,6.0,2,baixa,fallback (todo histórico)
PT0002000110090564GD,2026-07-27,3,dia_util,4.5,0.71,3.79,5.21,3.09,5.91,2,baixa,fallback (todo histórico)
PT0002000110090564GD,2026-07-27,4,dia_util,5.0,0.5,4.5,5.5,4.0,6.0,2,baixa,fallback (todo histórico)
PT0002000110090564GD,2026-07-27,5,dia_util,4.5,0.71,3.79,5.21,3.09,5.91,2,baixa,fallback (todo histórico)
PT0002000110090564GD,2026-07-27,6,dia_util,5.0,0.5,4.5,5.5,4.0,6.0,2,baixa,fallback (todo histórico)
PT0002000110090564GD,2026-07-27,7,dia_util,4.5,0.71,3.79,5.21,3.09,5.91,2,baixa,fallback (todo histórico)
PT0002000110090564GD,2026-07-27,8,dia_util,5.0,0.5,4.5,5.5,4.0,6.0,2,baixa,fallback (todo histórico)
PT0002000110090564GD,2026-07-27,9,dia_util,4.5,0.71,3.79,5.21,3.09,5.91,2,baixa,fallback (todo histórico)
PT0002000110090564GD,2026-07-27,10,dia_util,5.0,0.5,4.5,5.5,4.0,6.0,2,baixa,fallback (todo histórico)
PT0002000110090564GD,2026-07-27,11,dia_util,5.0,0.5,4.5,5.5,4.0,6.0,2,baixa,fallback (todo histórico)
PT0002000110090564GD,2026-07-27,12,dia_util,4.5,0.71,3.79,5.21,3.09,5.91,2,baixa,fallback (todo histórico)
PT0002000110090564GD,2026-07-27,13,dia_util,5.0,0.5,4.5,5.5,4.0,6.0,2,baixa,fallback (todo histórico)
PT0002000110090564GD,2026-07-27,14,dia_util,4.5,0.71,3.79,5.21,3.09,5.91,2,baixa,fallback (todo histórico)
PT0002000110090564GD,2026-07-27,15,dia_util,5.0,0.5,4.5,5.5,4.0,6.0,2,baixa,fallback (todo histórico)
PT0002000110090564GD,2026-07-27,16,dia_util,5.0,0.5,4.5,5.5,4.0,6.0,2,baixa,fallback (todo histórico)
PT0002000110090564GD,2026-07-27,17,dia_util,4.5,0.71,3.79,5.21,3.09,5.91,2,baixa,fallback (todo histórico)
PT0002000110090564GD,2026-07-27,18,dia_util,5.0,0.5,4.5,5.5,4.0,6.0,2,baixa,fallback (todo histórico)
PT0002000110090564GD,2026-07-27,19,dia_util,4.5,0.71,3.79,5.21,3.09,5.91,2,baixa,fallback (todo histórico)
PT0002000110090564GD,2026-07-27,20,dia_util,4.5,0.71,3.79,5.21,3.09,5.91,2,baixa,fallback (todo histórico)
PT0002000110090564GD,2026-07-27,21,dia_util,4.33,1.15,3.18,5.49,2.02,6.64,3,baixa,fallback (todo histórico)
PT0002000110090564GD,2026-07-27,22,dia_util,5.0,0.5,4.5,5.5,4.0,6.0,3,baixa,fallback (todo histórico)
PT0002000110090564GD,2026-07-27,23,dia_util,4.67,0.58,4.09,5.24,3.51,5.82,3,baixa,fallback (todo histórico)
PT0002000110607652SB,2026-07-27,0,dia_util,10.0,2.83,7.17,12.83,4.34,15.66,2,baixa,fallback (todo histórico)
PT0002000110607652SB,2026-07-27,1,dia_util,8.0,0.8,7.2,8.8,6.4,9.6,2,baixa,fallback (todo histórico)
PT0002000110607652SB,2026-07-27,2,dia_util,8.0,0.8,7.2,8.8,6.4,9.6,2,baixa,fallback (todo histórico)
PT0002000110607652SB,2026-07-27,3,dia_util,10.0,2.83,7.17,12.83,4.34,15.66,2,baixa,fallback (todo histórico)
PT0002000110607652SB,2026-07-27,4,dia_util,8.0,0.8,7.2,8.8,6.4,9.6,2,baixa,fallback (todo histórico)
PT0002000110607652SB,2026-07-27,5,dia_util,8.0,0.8,7.2,8.8,6.4,9.6,2,baixa,fallback (todo histórico)
PT0002000110607652SB,2026-07-27,6,dia_util,8.0,0.8,7.2,8.8,6.4,9.6,2,baixa,fallback (todo histórico)
PT0002000110607652SB,2026-07-27,7,dia_util,8.0,0.8,7.2,8.8,6.4,9.6,2,baixa,fallback (todo histórico)
PT0002000110607652SB,2026-07-27,8,dia_util,8.0,0.8,7.2,8.8,6.4,9.6,2,baixa,fallback (todo histórico)
PT0002000110607652SB,2026-07-27,9,dia_util,10.0,2.83,7.17,12.83,4.34,15.66,2,baixa,fallback (todo histórico)
PT0002000110607652SB,2026-07-27,10,dia_util,8.0,0.8,7.2,8.8,6.4,9.6,2,baixa,fallback (todo histórico)
PT0002000110607652SB,2026-07-27,11,dia_util,8.0,0.8,7.2,8.8,6.4,9.6,2,baixa,fallback (todo histórico)
PT0002000110607652SB,2026-07-27,12,dia_util,10.0,2.83,7.17,12.83,4.34,15.66,2,baixa,fallback (todo histórico)
PT0002000110607652SB,2026-07-27,13,dia_util,6.0,2.83,3.17,8.83,0.34,11.66,2,baixa,fallback (todo histórico)
PT0002000110607652SB,2026-07-27,14,dia_util,10.0,2.83,7.17,12.83,4.34,15.66,2,baixa,fallback (todo histórico)
PT0002000110607652SB,2026-07-27,15,dia_util,8.0,0.8,7.2,8.8,6.4,9.6,2,baixa,fallback (todo histórico)
PT0002000110607652SB,2026-07-27,16,dia_util,8.0,0.8,7.2,8.8,6.4,9.6,2,baixa,fallback (todo histórico)
PT0002000110607652SB,2026-07-27,17,dia_util,10.0,2.83,7.17,12.83,4.34,15.66,2,baixa,fallback (todo histórico)
PT0002000110607652SB,2026-07-27,18,dia_util,8.0,5.66,2.34,13.66,-3.31,19.31,2,baixa,fallback (todo histórico)
PT0002000110607652SB,2026-07-27,19,dia_util,8.0,0.8,7.2,8.8,6.4,9.6,2,baixa,fallback (todo histórico)
PT0002000110607652SB,2026-07-27,20,dia_util,8.0,0.8,7.2,8.8,6.4,9.6,2,baixa,fallback (todo histórico)
PT0002000110607652SB,2026-07-27,21,dia_util,8.0,4.0,4.0,12.0,0.0,16.0,3,baixa,fallback (todo histórico)
PT0002000110607652SB,2026-07-27,22,dia_util,9.33,2.31,7.02,11.64,4.71,13.95,3,baixa,fallback (todo histórico)
PT0002000110607652SB,2026-07-27,23,dia_util,8.0,4.0,4.0,12.0,0.0,16.0,3,baixa,fallback (todo histórico)
PT0002000110814293YC,2026-07-27,0,dia_util,39.5,7.78,31.72,47.28,23.94,55.06,2,baixa,fallback (todo histórico)
PT0002000110814293YC,2026-07-27,1,dia_util,40.0,4.0,36.0,44.0,32.0,48.0,2,baixa,fallback (todo histórico)
PT0002000110814293YC,2026-07-27,2,dia_util,36.0,8.49,27.51,44.49,19.03,52.97,2,baixa,fallback (todo histórico)
PT0002000110814293YC,2026-07-27,3,dia_util,37.5,3.75,33.75,41.25,30.0,45.0,2,baixa,fallback (todo histórico)
PT0002000110814293YC,2026-07-27,4,dia_util,36.5,3.65,32.85,40.15,29.2,43.8,2,baixa,fallback (todo histórico)
PT0002000110814293YC,2026-07-27,5,dia_util,35.5,9.19,26.31,44.69,17.12,53.88,2,baixa,fallback (todo histórico)
PT0002000110814293YC,2026-07-27,6,dia_util,33.0,7.07,25.93,40.07,18.86,47.14,2,baixa,fallback (todo histórico)
PT0002000110814293YC,2026-07-27,7,dia_util,36.0,9.9,26.1,45.9,16.2,55.8,2,baixa,fallback (todo histórico)
PT0002000110814293YC,2026-07-27,8,dia_util,34.5,6.36,28.14,40.86,21.77,47.23,2,baixa,fallback (todo histórico)
PT0002000110814293YC,2026-07-27,9,dia_util,47.0,4.7,42.3,51.7,37.6,56.4,2,baixa,fallback (todo histórico)
PT0002000110814293YC,2026-07-27,10,dia_util,43.0,7.07,35.93,50.07,28.86,57.14,2,baixa,fallback (todo histórico)
PT0002000110814293YC,2026-07-27,11,dia_util,49.0,4.9,44.1,53.9,39.2,58.8,2,baixa,fallback (todo histórico)
PT0002000110814293YC,2026-07-27,12,dia_util,52.0,5.2,46.8,57.2,41.6,62.4,2,baixa,fallback (todo histórico)
PT0002000110814293YC,2026-07-27,13,dia_util,58.5,6.36,52.14,64.86,45.77,71.23,2,baixa,fallback (todo histórico)
PT0002000110814293YC,2026-07-27,14,dia_util,60.0,7.07,52.93,67.07,45.86,74.14,2,baixa,fallback (todo histórico)
PT0002000110814293YC,2026-07-27,15,dia_util,60.5,6.05,54.45,66.55,48.4,72.6,2,baixa,fallback (todo histórico)
PT0002000110814293YC,2026-07-27,16,dia_util,55.0,5.5,49.5,60.5,44.0,66.0,2,baixa,fallback (todo histórico)
PT0002000110814293YC,2026-07-27,17,dia_util,57.5,6.36,51.14,63.86,44.77,70.23,2,baixa,fallback (todo histórico)
PT0002000110814293YC,2026-07-27,18,dia_util,54.0,5.4,48.6,59.4,43.2,64.8,2,baixa,fallback (todo histórico)
PT0002000110814293YC,2026-07-27,19,dia_util,44.5,4.45,40.05,48.95,35.6,53.4,2,baixa,fallback (todo histórico)
PT0002000110814293YC,2026-07-27,20,dia_util,44.0,4.4,39.6,48.4,35.2,52.8,2,baixa,fallback (todo histórico)
PT0002000110814293YC,2026-07-27,21,dia_util,39.67,5.86,33.81,45.53,27.95,51.39,3,baixa,fallback (todo histórico)
PT0002000110814293YC,2026-07-27,22,dia_util,41.33,5.77,35.56,47.11,29.79,52.88,3,baixa,fallback (todo histórico)
PT0002000110814293YC,2026-07-27,23,dia_util,41.33,4.13,37.2,45.47,33.07,49.6,3,baixa,fallback (todo histórico)
PT0002000111572054VT,2026-07-27,0,dia_util,16.5,6.36,10.14,22.86,3.77,29.23,2,baixa,fallback (todo histórico)
PT0002000111572054VT,2026-07-27,1,dia_util,16.5,6.36,10.14,22.86,3.77,29.23,2,baixa,fallback (todo histórico)
PT0002000111572054VT,2026-07-27,2,dia_util,16.0,5.66,10.34,21.66,4.69,27.31,2,baixa,fallback (todo histórico)
PT0002000111572054VT,2026-07-27,3,dia_util,16.0,7.07,8.93,23.07,1.86,30.14,2,baixa,fallback (todo histórico)
PT0002000111572054VT,2026-07-27,4,dia_util,15.5,6.36,9.14,21.86,2.77,28.23,2,baixa,fallback (todo histórico)
PT0002000111572054VT,2026-07-27,5,dia_util,16.0,5.66,10.34,21.66,4.69,27.31,2,baixa,fallback (todo histórico)
PT0002000111572054VT,2026-07-27,6,dia_util,15.0,5.66,9.34,20.66,3.69,26.31,2,baixa,fallback (todo histórico)
PT0002000111572054VT,2026-07-27,7,dia_util,9.5,4.95,4.55,14.45,-0.4,19.4,2,baixa,fallback (todo histórico)
PT0002000111572054VT,2026-07-27,8,dia_util,3.0,2.83,0.17,5.83,-2.66,8.66,2,baixa,fallback (todo histórico)
PT0002000111572054VT,2026-07-27,9,dia_util,1.0,1.41,-0.41,2.41,-1.83,3.83,2,baixa,fallback (todo histórico)
PT0002000111572054VT,2026-07-27,10,dia_util,0.0,0.3,-0.3,0.3,-0.6,0.6,2,baixa,fallback (todo histórico)
PT0002000111572054VT,2026-07-27,11,dia_util,0.0,0.3,-0.3,0.3,-0.6,0.6,2,baixa,fallback (todo histórico)
PT0002000111572054VT,2026-07-27,12,dia_util,0.0,0.3,-0.3,0.3,-0.6,0.6,2,baixa,fallback (todo histórico)
PT0002000111572054VT,2026-07-27,13,dia_util,0.0,0.3,-0.3,0.3,-0.6,0.6,2,baixa,fallback (todo histórico)
PT0002000111572054VT,2026-07-27,14,dia_util,0.5,0.71,-0.21,1.21,-0.91,1.91,2,baixa,fallback (todo histórico)
PT0002000111572054VT,2026-07-27,15,dia_util,0.0,0.3,-0.3,0.3,-0.6,0.6,2,baixa,fallback (todo histórico)
PT0002000111572054VT,2026-07-27,16,dia_util,0.0,0.3,-0.3,0.3,-0.6,0.6,2,baixa,fallback (todo histórico)
PT0002000111572054VT,2026-07-27,17,dia_util,0.0,0.3,-0.3,0.3,-0.6,0.6,2,baixa,fallback (todo histórico)
PT0002000111572054VT,2026-07-27,18,dia_util,0.0,0.3,-0.3,0.3,-0.6,0.6,2,baixa,fallback (todo histórico)
PT0002000111572054VT,2026-07-27,19,dia_util,3.0,1.41,1.59,4.41,0.17,5.83,2,baixa,fallback (todo histórico)
PT0002000111572054VT,2026-07-27,20,dia_util,10.5,1.05,9.45,11.55,8.4,12.6,2,baixa,fallback (todo histórico)
PT0002000111572054VT,2026-07-27,21,dia_util,13.33,1.53,11.81,14.86,10.28,16.39,3,baixa,fallback (todo histórico)
PT0002000111572054VT,2026-07-27,22,dia_util,14.33,4.93,9.4,19.27,4.47,24.2,3,baixa,fallback (todo histórico)
PT0002000111572054VT,2026-07-27,23,dia_util,15.0,4.36,10.64,19.36,6.28,23.72,3,baixa,fallback (todo histórico)
PT0002000112989585PH,2026-07-27,0,dia_util,107.0,10.7,96.3,117.7,85.6,128.4,2,baixa,fallback (todo histórico)
PT0002000112989585PH,2026-07-27,1,dia_util,106.5,10.65,95.85,117.15,85.2,127.8,2,baixa,fallback (todo histórico)
PT0002000112989585PH,2026-07-27,2,dia_util,106.5,10.65,95.85,117.15,85.2,127.8,2,baixa,fallback (todo histórico)
PT0002000112989585PH,2026-07-27,3,dia_util,104.5,10.45,94.05,114.95,83.6,125.4,2,baixa,fallback (todo histórico)
PT0002000112989585PH,2026-07-27,4,dia_util,102.0,10.2,91.8,112.2,81.6,122.4,2,baixa,fallback (todo histórico)
PT0002000112989585PH,2026-07-27,5,dia_util,102.5,10.25,92.25,112.75,82.0,123.0,2,baixa,fallback (todo histórico)
PT0002000112989585PH,2026-07-27,6,dia_util,101.0,10.1,90.9,111.1,80.8,121.2,2,baixa,fallback (todo histórico)
PT0002000112989585PH,2026-07-27,7,dia_util,92.5,9.25,83.25,101.75,74.0,111.0,2,baixa,fallback (todo histórico)
PT0002000112989585PH,2026-07-27,8,dia_util,75.0,14.14,60.86,89.14,46.72,103.28,2,baixa,fallback (todo histórico)
PT0002000112989585PH,2026-07-27,9,dia_util,44.0,15.56,28.44,59.56,12.89,75.11,2,baixa,fallback (todo histórico)
PT0002000112989585PH,2026-07-27,10,dia_util,32.0,29.7,2.3,61.7,-27.4,91.4,2,baixa,fallback (todo histórico)
PT0002000112989585PH,2026-07-27,11,dia_util,15.0,18.38,-3.38,33.38,-21.77,51.77,2,baixa,fallback (todo histórico)
PT0002000112989585PH,2026-07-27,12,dia_util,10.5,14.85,-4.35,25.35,-19.2,40.2,2,baixa,fallback (todo histórico)
PT0002000112989585PH,2026-07-27,13,dia_util,4.0,5.66,-1.66,9.66,-7.31,15.31,2,baixa,fallback (todo histórico)
PT0002000112989585PH,2026-07-27,14,dia_util,1.0,1.41,-0.41,2.41,-1.83,3.83,2,baixa,fallback (todo histórico)
PT0002000112989585PH,2026-07-27,15,dia_util,4.5,2.12,2.38,6.62,0.26,8.74,2,baixa,fallback (todo histórico)
PT0002000112989585PH,2026-07-27,16,dia_util,23.5,3.54,19.96,27.04,16.43,30.57,2,baixa,fallback (todo histórico)
PT0002000112989585PH,2026-07-27,17,dia_util,56.0,5.6,50.4,61.6,44.8,67.2,2,baixa,fallback (todo histórico)
PT0002000112989585PH,2026-07-27,18,dia_util,88.0,8.8,79.2,96.8,70.4,105.6,2,baixa,fallback (todo histórico)
PT0002000112989585PH,2026-07-27,19,dia_util,108.0,10.8,97.2,118.8,86.4,129.6,2,baixa,fallback (todo histórico)
PT0002000112989585PH,2026-07-27,20,dia_util,111.5,11.15,100.35,122.65,89.2,133.8,2,baixa,fallback (todo histórico)
PT0002000112989585PH,2026-07-27,21,dia_util,100.33,11.59,88.74,111.92,77.15,123.51,3,baixa,fallback (todo histórico)
PT0002000112989585PH,2026-07-27,22,dia_util,111.0,11.1,99.9,122.1,88.8,133.2,3,baixa,fallback (todo histórico)
PT0002000112989585PH,2026-07-27,23,dia_util,108.67,10.87,97.8,119.53,86.93,130.4,3,baixa,fallback (todo histórico)
PT0002000114613364CC,2026-07-27,0,dia_util,111.5,11.15,100.35,122.65,89.2,133.8,2,baixa,fallback (todo histórico)
PT0002000114613364CC,2026-07-27,1,dia_util,110.0,11.0,99.0,121.0,88.0,132.0,2,baixa,fallback (todo histórico)
PT0002000114613364CC,2026-07-27,2,dia_util,110.0,11.0,99.0,121.0,88.0,132.0,2,baixa,fallback (todo histórico)
PT0002000114613364CC,2026-07-27,3,dia_util,114.0,11.4,102.6,125.4,91.2,136.8,2,baixa,fallback (todo histórico)
PT0002000114613364CC,2026-07-27,4,dia_util,116.5,11.65,104.85,128.15,93.2,139.8,2,baixa,fallback (todo histórico)
PT0002000114613364CC,2026-07-27,5,dia_util,117.5,11.75,105.75,129.25,94.0,141.0,2,baixa,fallback (todo histórico)
PT0002000114613364CC,2026-07-27,6,dia_util,119.0,11.9,107.1,130.9,95.2,142.8,2,baixa,fallback (todo histórico)
PT0002000114613364CC,2026-07-27,7,dia_util,119.0,11.9,107.1,130.9,95.2,142.8,2,baixa,fallback (todo histórico)
PT0002000114613364CC,2026-07-27,8,dia_util,120.5,12.05,108.45,132.55,96.4,144.6,2,baixa,fallback (todo histórico)
PT0002000114613364CC,2026-07-27,9,dia_util,126.5,12.65,113.85,139.15,101.2,151.8,2,baixa,fallback (todo histórico)
PT0002000114613364CC,2026-07-27,10,dia_util,129.5,12.95,116.55,142.45,103.6,155.4,2,baixa,fallback (todo histórico)
PT0002000114613364CC,2026-07-27,11,dia_util,126.0,12.6,113.4,138.6,100.8,151.2,2,baixa,fallback (todo histórico)
PT0002000114613364CC,2026-07-27,12,dia_util,121.0,12.1,108.9,133.1,96.8,145.2,2,baixa,fallback (todo histórico)
PT0002000114613364CC,2026-07-27,13,dia_util,121.5,12.15,109.35,133.65,97.2,145.8,2,baixa,fallback (todo histórico)
PT0002000114613364CC,2026-07-27,14,dia_util,121.0,12.1,108.9,133.1,96.8,145.2,2,baixa,fallback (todo histórico)
PT0002000114613364CC,2026-07-27,15,dia_util,117.0,11.7,105.3,128.7,93.6,140.4,2,baixa,fallback (todo histórico)
PT0002000114613364CC,2026-07-27,16,dia_util,117.0,11.7,105.3,128.7,93.6,140.4,2,baixa,fallback (todo histórico)
PT0002000114613364CC,2026-07-27,17,dia_util,118.5,11.85,106.65,130.35,94.8,142.2,2,baixa,fallback (todo histórico)
PT0002000114613364CC,2026-07-27,18,dia_util,118.5,11.85,106.65,130.35,94.8,142.2,2,baixa,fallback (todo histórico)
PT0002000114613364CC,2026-07-27,19,dia_util,115.0,11.5,103.5,126.5,92.0,138.0,2,baixa,fallback (todo histórico)
PT0002000114613364CC,2026-07-27,20,dia_util,111.5,11.15,100.35,122.65,89.2,133.8,2,baixa,fallback (todo histórico)
PT0002000114613364CC,2026-07-27,21,dia_util,107.0,10.7,96.3,117.7,85.6,128.4,3,baixa,fallback (todo histórico)
PT0002000114613364CC,2026-07-27,22,dia_util,116.67,11.67,105.0,128.33,93.33,140.0,3,baixa,fallback (todo histórico)
PT0002000114613364CC,2026-07-27,23,dia_util,116.67,11.67,105.0,128.33,93.33,140.0,3,baixa,fallback (todo histórico)
PT0002000114685657JR,2026-07-27,0,dia_util,162.5,16.25,146.25,178.75,130.0,195.0,2,baixa,fallback (todo histórico)
PT0002000114685657JR,2026-07-27,1,dia_util,161.5,16.15,145.35,177.65,129.2,193.8,2,baixa,fallback (todo histórico)
PT0002000114685657JR,2026-07-27,2,dia_util,161.5,16.15,145.35,177.65,129.2,193.8,2,baixa,fallback (todo histórico)
PT0002000114685657JR,2026-07-27,3,dia_util,155.5,15.55,139.95,171.05,124.4,186.6,2,baixa,fallback (todo histórico)
PT0002000114685657JR,2026-07-27,4,dia_util,154.5,15.45,139.05,169.95,123.6,185.4,2,baixa,fallback (todo histórico)
PT0002000114685657JR,2026-07-27,5,dia_util,155.5,15.55,139.95,171.05,124.4,186.6,2,baixa,fallback (todo histórico)
PT0002000114685657JR,2026-07-27,6,dia_util,153.0,15.3,137.7,168.3,122.4,183.6,2,baixa,fallback (todo histórico)
PT0002000114685657JR,2026-07-27,7,dia_util,156.0,15.6,140.4,171.6,124.8,187.2,2,baixa,fallback (todo histórico)
PT0002000114685657JR,2026-07-27,8,dia_util,156.0,15.6,140.4,171.6,124.8,187.2,2,baixa,fallback (todo histórico)
PT0002000114685657JR,2026-07-27,9,dia_util,157.5,15.75,141.75,173.25,126.0,189.0,2,baixa,fallback (todo histórico)
PT0002000114685657JR,2026-07-27,10,dia_util,157.0,15.7,141.3,172.7,125.6,188.4,2,baixa,fallback (todo histórico)
PT0002000114685657JR,2026-07-27,11,dia_util,157.5,15.75,141.75,173.25,126.0,189.0,2,baixa,fallback (todo histórico)
PT0002000114685657JR,2026-07-27,12,dia_util,156.5,15.65,140.85,172.15,125.2,187.8,2,baixa,fallback (todo histórico)
PT0002000114685657JR,2026-07-27,13,dia_util,157.0,15.7,141.3,172.7,125.6,188.4,2,baixa,fallback (todo histórico)
PT0002000114685657JR,2026-07-27,14,dia_util,156.5,15.65,140.85,172.15,125.2,187.8,2,baixa,fallback (todo histórico)
PT0002000114685657JR,2026-07-27,15,dia_util,157.5,15.75,141.75,173.25,126.0,189.0,2,baixa,fallback (todo histórico)
PT0002000114685657JR,2026-07-27,16,dia_util,155.5,15.55,139.95,171.05,124.4,186.6,2,baixa,fallback (todo histórico)
PT0002000114685657JR,2026-07-27,17,dia_util,160.5,16.05,144.45,176.55,128.4,192.6,2,baixa,fallback (todo histórico)
PT0002000114685657JR,2026-07-27,18,dia_util,162.0,16.2,145.8,178.2,129.6,194.4,2,baixa,fallback (todo histórico)
PT0002000114685657JR,2026-07-27,19,dia_util,165.0,16.5,148.5,181.5,132.0,198.0,2,baixa,fallback (todo histórico)
PT0002000114685657JR,2026-07-27,20,dia_util,163.5,16.35,147.15,179.85,130.8,196.2,2,baixa,fallback (todo histórico)
PT0002000114685657JR,2026-07-27,21,dia_util,162.67,16.27,146.4,178.93,130.13,195.2,3,baixa,fallback (todo histórico)
PT0002000114685657JR,2026-07-27,22,dia_util,171.33,17.13,154.2,188.47,137.07,205.6,3,baixa,fallback (todo histórico)
PT0002000114685657JR,2026-07-27,23,dia_util,172.0,17.2,154.8,189.2,137.6,206.4,3,baixa,fallback (todo histórico)
PT0002000115031201VQ,2026-07-27,0,dia_util,6.0,1.41,4.59,7.41,3.17,8.83,2,baixa,fallback (todo histórico)
PT0002000115031201VQ,2026-07-27,1,dia_util,4.0,0.4,3.6,4.4,3.2,4.8,2,baixa,fallback (todo histórico)
PT0002000115031201VQ,2026-07-27,2,dia_util,3.5,0.71,2.79,4.21,2.09,4.91,2,baixa,fallback (todo histórico)
PT0002000115031201VQ,2026-07-27,3,dia_util,4.0,0.4,3.6,4.4,3.2,4.8,2,baixa,fallback (todo histórico)
PT0002000115031201VQ,2026-07-27,4,dia_util,4.0,0.4,3.6,4.4,3.2,4.8,2,baixa,fallback (todo histórico)
PT0002000115031201VQ,2026-07-27,5,dia_util,4.0,0.4,3.6,4.4,3.2,4.8,2,baixa,fallback (todo histórico)
PT0002000115031201VQ,2026-07-27,6,dia_util,4.0,0.4,3.6,4.4,3.2,4.8,2,baixa,fallback (todo histórico)
PT0002000115031201VQ,2026-07-27,7,dia_util,4.0,0.4,3.6,4.4,3.2,4.8,2,baixa,fallback (todo histórico)
PT0002000115031201VQ,2026-07-27,8,dia_util,6.0,0.6,5.4,6.6,4.8,7.2,2,baixa,fallback (todo histórico)
PT0002000115031201VQ,2026-07-27,9,dia_util,4.0,0.4,3.6,4.4,3.2,4.8,2,baixa,fallback (todo histórico)
PT0002000115031201VQ,2026-07-27,10,dia_util,4.0,0.4,3.6,4.4,3.2,4.8,2,baixa,fallback (todo histórico)
PT0002000115031201VQ,2026-07-27,11,dia_util,4.0,0.4,3.6,4.4,3.2,4.8,2,baixa,fallback (todo histórico)
PT0002000115031201VQ,2026-07-27,12,dia_util,4.0,0.4,3.6,4.4,3.2,4.8,2,baixa,fallback (todo histórico)
PT0002000115031201VQ,2026-07-27,13,dia_util,4.0,0.4,3.6,4.4,3.2,4.8,2,baixa,fallback (todo histórico)
PT0002000115031201VQ,2026-07-27,14,dia_util,4.0,0.4,3.6,4.4,3.2,4.8,2,baixa,fallback (todo histórico)
PT0002000115031201VQ,2026-07-27,15,dia_util,4.0,0.4,3.6,4.4,3.2,4.8,2,baixa,fallback (todo histórico)
PT0002000115031201VQ,2026-07-27,16,dia_util,4.0,0.4,3.6,4.4,3.2,4.8,2,baixa,fallback (todo histórico)
PT0002000115031201VQ,2026-07-27,17,dia_util,4.0,0.4,3.6,4.4,3.2,4.8,2,baixa,fallback (todo histórico)
PT0002000115031201VQ,2026-07-27,18,dia_util,6.5,0.71,5.79,7.21,5.09,7.91,2,baixa,fallback (todo histórico)
PT0002000115031201VQ,2026-07-27,19,dia_util,6.0,0.6,5.4,6.6,4.8,7.2,2,baixa,fallback (todo histórico)
PT0002000115031201VQ,2026-07-27,20,dia_util,6.5,0.71,5.79,7.21,5.09,7.91,2,baixa,fallback (todo histórico)
PT0002000115031201VQ,2026-07-27,21,dia_util,6.0,1.73,4.27,7.73,2.54,9.46,3,baixa,fallback (todo histórico)
PT0002000115031201VQ,2026-07-27,22,dia_util,6.67,1.53,5.14,8.19,3.61,9.72,3,baixa,fallback (todo histórico)
PT0002000115031201VQ,2026-07-27,23,dia_util,7.0,1.0,6.0,8.0,5.0,9.0,3,baixa,fallback (todo histórico)
PT0002000115673389QK,2026-07-27,0,dia_util,22.5,2.25,20.25,24.75,18.0,27.0,2,baixa,fallback (todo histórico)
PT0002000115673389QK,2026-07-27,1,dia_util,21.5,2.15,19.35,23.65,17.2,25.8,2,baixa,fallback (todo histórico)
PT0002000115673389QK,2026-07-27,2,dia_util,21.0,2.1,18.9,23.1,16.8,25.2,2,baixa,fallback (todo histórico)
PT0002000115673389QK,2026-07-27,3,dia_util,22.0,2.2,19.8,24.2,17.6,26.4,2,baixa,fallback (todo histórico)
PT0002000115673389QK,2026-07-27,4,dia_util,21.5,2.15,19.35,23.65,17.2,25.8,2,baixa,fallback (todo histórico)
PT0002000115673389QK,2026-07-27,5,dia_util,21.5,2.15,19.35,23.65,17.2,25.8,2,baixa,fallback (todo histórico)
PT0002000115673389QK,2026-07-27,6,dia_util,21.5,2.15,19.35,23.65,17.2,25.8,2,baixa,fallback (todo histórico)
PT0002000115673389QK,2026-07-27,7,dia_util,22.0,2.2,19.8,24.2,17.6,26.4,2,baixa,fallback (todo histórico)
PT0002000115673389QK,2026-07-27,8,dia_util,22.0,2.2,19.8,24.2,17.6,26.4,2,baixa,fallback (todo histórico)
PT0002000115673389QK,2026-07-27,9,dia_util,21.0,2.1,18.9,23.1,16.8,25.2,2,baixa,fallback (todo histórico)
PT0002000115673389QK,2026-07-27,10,dia_util,22.0,2.2,19.8,24.2,17.6,26.4,2,baixa,fallback (todo histórico)
PT0002000115673389QK,2026-07-27,11,dia_util,21.5,2.15,19.35,23.65,17.2,25.8,2,baixa,fallback (todo histórico)
PT0002000115673389QK,2026-07-27,12,dia_util,21.0,2.1,18.9,23.1,16.8,25.2,2,baixa,fallback (todo histórico)
PT0002000115673389QK,2026-07-27,13,dia_util,22.0,2.2,19.8,24.2,17.6,26.4,2,baixa,fallback (todo histórico)
PT0002000115673389QK,2026-07-27,14,dia_util,21.0,2.1,18.9,23.1,16.8,25.2,2,baixa,fallback (todo histórico)
PT0002000115673389QK,2026-07-27,15,dia_util,21.5,2.15,19.35,23.65,17.2,25.8,2,baixa,fallback (todo histórico)
PT0002000115673389QK,2026-07-27,16,dia_util,22.5,2.25,20.25,24.75,18.0,27.0,2,baixa,fallback (todo histórico)
PT0002000115673389QK,2026-07-27,17,dia_util,21.5,2.15,19.35,23.65,17.2,25.8,2,baixa,fallback (todo histórico)
PT0002000115673389QK,2026-07-27,18,dia_util,21.5,2.15,19.35,23.65,17.2,25.8,2,baixa,fallback (todo histórico)
PT0002000115673389QK,2026-07-27,19,dia_util,21.5,2.15,19.35,23.65,17.2,25.8,2,baixa,fallback (todo histórico)
PT0002000115673389QK,2026-07-27,20,dia_util,21.0,2.1,18.9,23.1,16.8,25.2,2,baixa,fallback (todo histórico)
PT0002000115673389QK,2026-07-27,21,dia_util,19.33,2.89,16.45,22.22,13.56,25.11,3,baixa,fallback (todo histórico)
PT0002000115673389QK,2026-07-27,22,dia_util,21.33,2.13,19.2,23.47,17.07,25.6,3,baixa,fallback (todo histórico)
PT0002000115673389QK,2026-07-27,23,dia_util,22.0,2.2,19.8,24.2,17.6,26.4,3,baixa,fallback (todo histórico)
PT0002000115673471CB,2026-07-27,0,dia_util,9.5,0.95,8.55,10.45,7.6,11.4,2,baixa,fallback (todo histórico)
PT0002000115673471CB,2026-07-27,1,dia_util,9.5,0.95,8.55,10.45,7.6,11.4,2,baixa,fallback (todo histórico)
PT0002000115673471CB,2026-07-27,2,dia_util,9.5,0.95,8.55,10.45,7.6,11.4,2,baixa,fallback (todo histórico)
PT0002000115673471CB,2026-07-27,3,dia_util,11.5,2.12,9.38,13.62,7.26,15.74,2,baixa,fallback (todo histórico)
PT0002000115673471CB,2026-07-27,4,dia_util,10.5,1.05,9.45,11.55,8.4,12.6,2,baixa,fallback (todo histórico)
PT0002000115673471CB,2026-07-27,5,dia_util,12.0,2.83,9.17,14.83,6.34,17.66,2,baixa,fallback (todo histórico)
PT0002000115673471CB,2026-07-27,6,dia_util,9.5,0.95,8.55,10.45,7.6,11.4,2,baixa,fallback (todo histórico)
PT0002000115673471CB,2026-07-27,7,dia_util,9.5,0.95,8.55,10.45,7.6,11.4,2,baixa,fallback (todo histórico)
PT0002000115673471CB,2026-07-27,8,dia_util,9.5,0.95,8.55,10.45,7.6,11.4,2,baixa,fallback (todo histórico)
PT0002000115673471CB,2026-07-27,9,dia_util,10.5,1.05,9.45,11.55,8.4,12.6,2,baixa,fallback (todo histórico)
PT0002000115673471CB,2026-07-27,10,dia_util,12.0,2.83,9.17,14.83,6.34,17.66,2,baixa,fallback (todo histórico)
PT0002000115673471CB,2026-07-27,11,dia_util,10.0,1.0,9.0,11.0,8.0,12.0,2,baixa,fallback (todo histórico)
PT0002000115673471CB,2026-07-27,12,dia_util,9.5,0.95,8.55,10.45,7.6,11.4,2,baixa,fallback (todo histórico)
PT0002000115673471CB,2026-07-27,13,dia_util,10.0,1.0,9.0,11.0,8.0,12.0,2,baixa,fallback (todo histórico)
PT0002000115673471CB,2026-07-27,14,dia_util,9.5,0.95,8.55,10.45,7.6,11.4,2,baixa,fallback (todo histórico)
PT0002000115673471CB,2026-07-27,15,dia_util,9.5,0.95,8.55,10.45,7.6,11.4,2,baixa,fallback (todo histórico)
PT0002000115673471CB,2026-07-27,16,dia_util,10.5,1.05,9.45,11.55,8.4,12.6,2,baixa,fallback (todo histórico)
PT0002000115673471CB,2026-07-27,17,dia_util,10.5,1.05,9.45,11.55,8.4,12.6,2,baixa,fallback (todo histórico)
PT0002000115673471CB,2026-07-27,18,dia_util,9.5,0.95,8.55,10.45,7.6,11.4,2,baixa,fallback (todo histórico)
PT0002000115673471CB,2026-07-27,19,dia_util,9.0,0.9,8.1,9.9,7.2,10.8,2,baixa,fallback (todo histórico)
PT0002000115673471CB,2026-07-27,20,dia_util,9.5,0.95,8.55,10.45,7.6,11.4,2,baixa,fallback (todo histórico)
PT0002000115673471CB,2026-07-27,21,dia_util,9.33,0.93,8.4,10.27,7.47,11.2,3,baixa,fallback (todo histórico)
PT0002000115673471CB,2026-07-27,22,dia_util,10.33,1.15,9.18,11.49,8.02,12.64,3,baixa,fallback (todo histórico)
PT0002000115673471CB,2026-07-27,23,dia_util,11.67,2.08,9.59,13.75,7.5,15.83,3,baixa,fallback (todo histórico)
PT0002000115700602GW,2026-07-27,0,dia_util,7.5,0.75,6.75,8.25,6.0,9.0,2,baixa,fallback (todo histórico)
PT0002000115700602GW,2026-07-27,1,dia_util,8.0,0.8,7.2,8.8,6.4,9.6,2,baixa,fallback (todo histórico)
PT0002000115700602GW,2026-07-27,2,dia_util,7.5,0.75,6.75,8.25,6.0,9.0,2,baixa,fallback (todo histórico)
PT0002000115700602GW,2026-07-27,3,dia_util,7.5,0.75,6.75,8.25,6.0,9.0,2,baixa,fallback (todo histórico)
PT0002000115700602GW,2026-07-27,4,dia_util,8.0,0.8,7.2,8.8,6.4,9.6,2,baixa,fallback (todo histórico)
PT0002000115700602GW,2026-07-27,5,dia_util,7.5,0.75,6.75,8.25,6.0,9.0,2,baixa,fallback (todo histórico)
PT0002000115700602GW,2026-07-27,6,dia_util,7.5,0.75,6.75,8.25,6.0,9.0,2,baixa,fallback (todo histórico)
PT0002000115700602GW,2026-07-27,7,dia_util,7.5,0.75,6.75,8.25,6.0,9.0,2,baixa,fallback (todo histórico)
PT0002000115700602GW,2026-07-27,8,dia_util,7.0,0.7,6.3,7.7,5.6,8.4,2,baixa,fallback (todo histórico)
PT0002000115700602GW,2026-07-27,9,dia_util,7.5,0.75,6.75,8.25,6.0,9.0,2,baixa,fallback (todo histórico)
PT0002000115700602GW,2026-07-27,10,dia_util,7.5,0.75,6.75,8.25,6.0,9.0,2,baixa,fallback (todo histórico)
PT0002000115700602GW,2026-07-27,11,dia_util,7.5,0.75,6.75,8.25,6.0,9.0,2,baixa,fallback (todo histórico)
PT0002000115700602GW,2026-07-27,12,dia_util,7.5,0.75,6.75,8.25,6.0,9.0,2,baixa,fallback (todo histórico)
PT0002000115700602GW,2026-07-27,13,dia_util,7.5,0.75,6.75,8.25,6.0,9.0,2,baixa,fallback (todo histórico)
PT0002000115700602GW,2026-07-27,14,dia_util,7.5,0.75,6.75,8.25,6.0,9.0,2,baixa,fallback (todo histórico)
PT0002000115700602GW,2026-07-27,15,dia_util,7.0,0.7,6.3,7.7,5.6,8.4,2,baixa,fallback (todo histórico)
PT0002000115700602GW,2026-07-27,16,dia_util,7.5,0.75,6.75,8.25,6.0,9.0,2,baixa,fallback (todo histórico)
PT0002000115700602GW,2026-07-27,17,dia_util,7.5,0.75,6.75,8.25,6.0,9.0,2,baixa,fallback (todo histórico)
PT0002000115700602GW,2026-07-27,18,dia_util,8.0,0.8,7.2,8.8,6.4,9.6,2,baixa,fallback (todo histórico)
PT0002000115700602GW,2026-07-27,19,dia_util,7.5,0.75,6.75,8.25,6.0,9.0,2,baixa,fallback (todo histórico)
PT0002000115700602GW,2026-07-27,20,dia_util,7.0,0.7,6.3,7.7,5.6,8.4,2,baixa,fallback (todo histórico)
PT0002000115700602GW,2026-07-27,21,dia_util,7.33,1.15,6.18,8.49,5.02,9.64,3,baixa,fallback (todo histórico)
PT0002000115700602GW,2026-07-27,22,dia_util,7.33,0.73,6.6,8.07,5.87,8.8,3,baixa,fallback (todo histórico)
PT0002000115700602GW,2026-07-27,23,dia_util,7.67,0.77,6.9,8.43,6.13,9.2,3,baixa,fallback (todo histórico)
PT0002000116530964LH,2026-07-27,0,dia_util,73.5,7.35,66.15,80.85,58.8,88.2,2,baixa,fallback (todo histórico)
PT0002000116530964LH,2026-07-27,1,dia_util,75.0,7.5,67.5,82.5,60.0,90.0,2,baixa,fallback (todo histórico)
PT0002000116530964LH,2026-07-27,2,dia_util,73.5,7.35,66.15,80.85,58.8,88.2,2,baixa,fallback (todo histórico)
PT0002000116530964LH,2026-07-27,3,dia_util,74.0,7.4,66.6,81.4,59.2,88.8,2,baixa,fallback (todo histórico)
PT0002000116530964LH,2026-07-27,4,dia_util,76.0,7.6,68.4,83.6,60.8,91.2,2,baixa,fallback (todo histórico)
PT0002000116530964LH,2026-07-27,5,dia_util,76.5,7.65,68.85,84.15,61.2,91.8,2,baixa,fallback (todo histórico)
PT0002000116530964LH,2026-07-27,6,dia_util,75.0,7.5,67.5,82.5,60.0,90.0,2,baixa,fallback (todo histórico)
PT0002000116530964LH,2026-07-27,7,dia_util,78.5,7.85,70.65,86.35,62.8,94.2,2,baixa,fallback (todo histórico)
PT0002000116530964LH,2026-07-27,8,dia_util,79.0,7.9,71.1,86.9,63.2,94.8,2,baixa,fallback (todo histórico)
PT0002000116530964LH,2026-07-27,9,dia_util,77.0,7.7,69.3,84.7,61.6,92.4,2,baixa,fallback (todo histórico)
PT0002000116530964LH,2026-07-27,10,dia_util,77.5,7.75,69.75,85.25,62.0,93.0,2,baixa,fallback (todo histórico)
PT0002000116530964LH,2026-07-27,11,dia_util,78.5,7.85,70.65,86.35,62.8,94.2,2,baixa,fallback (todo histórico)
PT0002000116530964LH,2026-07-27,12,dia_util,77.5,7.75,69.75,85.25,62.0,93.0,2,baixa,fallback (todo histórico)
PT0002000116530964LH,2026-07-27,13,dia_util,75.0,7.5,67.5,82.5,60.0,90.0,2,baixa,fallback (todo histórico)
PT0002000116530964LH,2026-07-27,14,dia_util,74.0,7.4,66.6,81.4,59.2,88.8,2,baixa,fallback (todo histórico)
PT0002000116530964LH,2026-07-27,15,dia_util,76.0,7.6,68.4,83.6,60.8,91.2,2,baixa,fallback (todo histórico)
PT0002000116530964LH,2026-07-27,16,dia_util,74.0,7.4,66.6,81.4,59.2,88.8,2,baixa,fallback (todo histórico)
PT0002000116530964LH,2026-07-27,17,dia_util,74.0,7.4,66.6,81.4,59.2,88.8,2,baixa,fallback (todo histórico)
PT0002000116530964LH,2026-07-27,18,dia_util,72.5,7.25,65.25,79.75,58.0,87.0,2,baixa,fallback (todo histórico)
PT0002000116530964LH,2026-07-27,19,dia_util,73.0,7.3,65.7,80.3,58.4,87.6,2,baixa,fallback (todo histórico)
PT0002000116530964LH,2026-07-27,20,dia_util,75.0,7.5,67.5,82.5,60.0,90.0,2,baixa,fallback (todo histórico)
PT0002000116530964LH,2026-07-27,21,dia_util,67.33,9.81,57.52,77.15,47.7,86.96,3,baixa,fallback (todo histórico)
PT0002000116530964LH,2026-07-27,22,dia_util,73.67,7.37,66.3,81.03,58.93,88.4,3,baixa,fallback (todo histórico)
PT0002000116530964LH,2026-07-27,23,dia_util,73.67,7.37,66.3,81.03,58.93,88.4,3,baixa,fallback (todo histórico)
PT0002000119303492KB,2026-07-27,0,dia_util,5.5,0.71,4.79,6.21,4.09,6.91,2,baixa,fallback (todo histórico)
PT0002000119303492KB,2026-07-27,1,dia_util,6.5,0.71,5.79,7.21,5.09,7.91,2,baixa,fallback (todo histórico)
PT0002000119303492KB,2026-07-27,2,dia_util,6.5,0.71,5.79,7.21,5.09,7.91,2,baixa,fallback (todo histórico)
PT0002000119303492KB,2026-07-27,3,dia_util,5.0,0.5,4.5,5.5,4.0,6.0,2,baixa,fallback (todo histórico)
PT0002000119303492KB,2026-07-27,4,dia_util,6.0,0.6,5.4,6.6,4.8,7.2,2,baixa,fallback (todo histórico)
PT0002000119303492KB,2026-07-27,5,dia_util,6.0,0.6,5.4,6.6,4.8,7.2,2,baixa,fallback (todo histórico)
PT0002000119303492KB,2026-07-27,6,dia_util,5.5,0.71,4.79,6.21,4.09,6.91,2,baixa,fallback (todo histórico)
PT0002000119303492KB,2026-07-27,7,dia_util,3.5,0.71,2.79,4.21,2.09,4.91,2,baixa,fallback (todo histórico)
PT0002000119303492KB,2026-07-27,8,dia_util,3.0,0.3,2.7,3.3,2.4,3.6,2,baixa,fallback (todo histórico)
PT0002000119303492KB,2026-07-27,9,dia_util,4.0,0.4,3.6,4.4,3.2,4.8,2,baixa,fallback (todo histórico)
PT0002000119303492KB,2026-07-27,10,dia_util,3.5,0.71,2.79,4.21,2.09,4.91,2,baixa,fallback (todo histórico)
PT0002000119303492KB,2026-07-27,11,dia_util,3.0,0.3,2.7,3.3,2.4,3.6,2,baixa,fallback (todo histórico)
PT0002000119303492KB,2026-07-27,12,dia_util,3.0,0.3,2.7,3.3,2.4,3.6,2,baixa,fallback (todo histórico)
PT0002000119303492KB,2026-07-27,13,dia_util,4.0,0.4,3.6,4.4,3.2,4.8,2,baixa,fallback (todo histórico)
PT0002000119303492KB,2026-07-27,14,dia_util,3.5,0.71,2.79,4.21,2.09,4.91,2,baixa,fallback (todo histórico)
PT0002000119303492KB,2026-07-27,15,dia_util,3.5,0.71,2.79,4.21,2.09,4.91,2,baixa,fallback (todo histórico)
PT0002000119303492KB,2026-07-27,16,dia_util,3.0,0.3,2.7,3.3,2.4,3.6,2,baixa,fallback (todo histórico)
PT0002000119303492KB,2026-07-27,17,dia_util,4.0,0.4,3.6,4.4,3.2,4.8,2,baixa,fallback (todo histórico)
PT0002000119303492KB,2026-07-27,18,dia_util,4.5,0.71,3.79,5.21,3.09,5.91,2,baixa,fallback (todo histórico)
PT0002000119303492KB,2026-07-27,19,dia_util,4.0,1.41,2.59,5.41,1.17,6.83,2,baixa,fallback (todo histórico)
PT0002000119303492KB,2026-07-27,20,dia_util,4.5,0.71,3.79,5.21,3.09,5.91,2,baixa,fallback (todo histórico)
PT0002000119303492KB,2026-07-27,21,dia_util,5.67,0.58,5.09,6.24,4.51,6.82,3,baixa,fallback (todo histórico)
PT0002000119303492KB,2026-07-27,22,dia_util,6.0,0.6,5.4,6.6,4.8,7.2,3,baixa,fallback (todo histórico)
PT0002000119303492KB,2026-07-27,23,dia_util,5.67,0.58,5.09,6.24,4.51,6.82,3,baixa,fallback (todo histórico)
PT0002000120237616VJ,2026-07-27,0,dia_util,11.0,1.1,9.9,12.1,8.8,13.2,2,baixa,fallback (todo histórico)
PT0002000120237616VJ,2026-07-27,1,dia_util,11.0,1.1,9.9,12.1,8.8,13.2,2,baixa,fallback (todo histórico)
PT0002000120237616VJ,2026-07-27,2,dia_util,11.0,1.1,9.9,12.1,8.8,13.2,2,baixa,fallback (todo histórico)
PT0002000120237616VJ,2026-07-27,3,dia_util,11.0,1.1,9.9,12.1,8.8,13.2,2,baixa,fallback (todo histórico)
PT0002000120237616VJ,2026-07-27,4,dia_util,11.5,1.15,10.35,12.65,9.2,13.8,2,baixa,fallback (todo histórico)
PT0002000120237616VJ,2026-07-27,5,dia_util,11.5,1.15,10.35,12.65,9.2,13.8,2,baixa,fallback (todo histórico)
PT0002000120237616VJ,2026-07-27,6,dia_util,11.0,1.1,9.9,12.1,8.8,13.2,2,baixa,fallback (todo histórico)
PT0002000120237616VJ,2026-07-27,7,dia_util,12.0,1.2,10.8,13.2,9.6,14.4,2,baixa,fallback (todo histórico)
PT0002000120237616VJ,2026-07-27,8,dia_util,11.5,1.15,10.35,12.65,9.2,13.8,2,baixa,fallback (todo histórico)
PT0002000120237616VJ,2026-07-27,9,dia_util,11.5,1.15,10.35,12.65,9.2,13.8,2,baixa,fallback (todo histórico)
PT0002000120237616VJ,2026-07-27,10,dia_util,12.0,1.2,10.8,13.2,9.6,14.4,2,baixa,fallback (todo histórico)
PT0002000120237616VJ,2026-07-27,11,dia_util,12.0,1.2,10.8,13.2,9.6,14.4,2,baixa,fallback (todo histórico)
PT0002000120237616VJ,2026-07-27,12,dia_util,11.5,1.15,10.35,12.65,9.2,13.8,2,baixa,fallback (todo histórico)
PT0002000120237616VJ,2026-07-27,13,dia_util,12.0,1.2,10.8,13.2,9.6,14.4,2,baixa,fallback (todo histórico)
PT0002000120237616VJ,2026-07-27,14,dia_util,12.5,1.25,11.25,13.75,10.0,15.0,2,baixa,fallback (todo histórico)
PT0002000120237616VJ,2026-07-27,15,dia_util,12.0,1.2,10.8,13.2,9.6,14.4,2,baixa,fallback (todo histórico)
PT0002000120237616VJ,2026-07-27,16,dia_util,12.0,1.2,10.8,13.2,9.6,14.4,2,baixa,fallback (todo histórico)
PT0002000120237616VJ,2026-07-27,17,dia_util,11.5,1.15,10.35,12.65,9.2,13.8,2,baixa,fallback (todo histórico)
PT0002000120237616VJ,2026-07-27,18,dia_util,11.5,1.15,10.35,12.65,9.2,13.8,2,baixa,fallback (todo histórico)
PT0002000120237616VJ,2026-07-27,19,dia_util,11.0,1.1,9.9,12.1,8.8,13.2,2,baixa,fallback (todo histórico)
PT0002000120237616VJ,2026-07-27,20,dia_util,10.5,1.05,9.45,11.55,8.4,12.6,2,baixa,fallback (todo histórico)
PT0002000120237616VJ,2026-07-27,21,dia_util,11.67,1.17,10.5,12.83,9.33,14.0,3,baixa,fallback (todo histórico)
PT0002000120237616VJ,2026-07-27,22,dia_util,11.67,1.17,10.5,12.83,9.33,14.0,3,baixa,fallback (todo histórico)
PT0002000120237616VJ,2026-07-27,23,dia_util,11.0,1.1,9.9,12.1,8.8,13.2,3,baixa,fallback (todo histórico)
PT0002000123648159KR,2026-07-27,0,dia_util,2.5,0.71,1.79,3.21,1.09,3.91,2,baixa,fallback (todo histórico)
PT0002000123648159KR,2026-07-27,1,dia_util,2.5,0.71,1.79,3.21,1.09,3.91,2,baixa,fallback (todo histórico)
PT0002000123648159KR,2026-07-27,2,dia_util,2.0,0.3,1.7,2.3,1.4,2.6,2,baixa,fallback (todo histórico)
PT0002000123648159KR,2026-07-27,3,dia_util,2.5,0.71,1.79,3.21,1.09,3.91,2,baixa,fallback (todo histórico)
PT0002000123648159KR,2026-07-27,4,dia_util,2.5,0.71,1.79,3.21,1.09,3.91,2,baixa,fallback (todo histórico)
PT0002000123648159KR,2026-07-27,5,dia_util,2.0,0.3,1.7,2.3,1.4,2.6,2,baixa,fallback (todo histórico)
PT0002000123648159KR,2026-07-27,6,dia_util,2.0,0.3,1.7,2.3,1.4,2.6,2,baixa,fallback (todo histórico)
PT0002000123648159KR,2026-07-27,7,dia_util,2.5,0.71,1.79,3.21,1.09,3.91,2,baixa,fallback (todo histórico)
PT0002000123648159KR,2026-07-27,8,dia_util,2.0,0.3,1.7,2.3,1.4,2.6,2,baixa,fallback (todo histórico)
PT0002000123648159KR,2026-07-27,9,dia_util,2.5,0.71,1.79,3.21,1.09,3.91,2,baixa,fallback (todo histórico)
PT0002000123648159KR,2026-07-27,10,dia_util,2.0,0.3,1.7,2.3,1.4,2.6,2,baixa,fallback (todo histórico)
PT0002000123648159KR,2026-07-27,11,dia_util,2.0,0.3,1.7,2.3,1.4,2.6,2,baixa,fallback (todo histórico)
PT0002000123648159KR,2026-07-27,12,dia_util,2.5,0.71,1.79,3.21,1.09,3.91,2,baixa,fallback (todo histórico)
PT0002000123648159KR,2026-07-27,13,dia_util,3.0,1.41,1.59,4.41,0.17,5.83,2,baixa,fallback (todo histórico)
PT0002000123648159KR,2026-07-27,14,dia_util,2.5,0.71,1.79,3.21,1.09,3.91,2,baixa,fallback (todo histórico)
PT0002000123648159KR,2026-07-27,15,dia_util,2.0,0.3,1.7,2.3,1.4,2.6,2,baixa,fallback (todo histórico)
PT0002000123648159KR,2026-07-27,16,dia_util,2.0,0.3,1.7,2.3,1.4,2.6,2,baixa,fallback (todo histórico)
PT0002000123648159KR,2026-07-27,17,dia_util,2.5,0.71,1.79,3.21,1.09,3.91,2,baixa,fallback (todo histórico)
PT0002000123648159KR,2026-07-27,18,dia_util,3.5,0.71,2.79,4.21,2.09,4.91,2,baixa,fallback (todo histórico)
PT0002000123648159KR,2026-07-27,19,dia_util,2.5,0.71,1.79,3.21,1.09,3.91,2,baixa,fallback (todo histórico)
PT0002000123648159KR,2026-07-27,20,dia_util,3.5,0.71,2.79,4.21,2.09,4.91,2,baixa,fallback (todo histórico)
PT0002000123648159KR,2026-07-27,21,dia_util,2.67,0.58,2.09,3.24,1.51,3.82,3,baixa,fallback (todo histórico)
PT0002000123648159KR,2026-07-27,22,dia_util,3.0,0.3,2.7,3.3,2.4,3.6,3,baixa,fallback (todo histórico)
PT0002000123648159KR,2026-07-27,23,dia_util,3.33,0.58,2.76,3.91,2.18,4.49,3,baixa,fallback (todo histórico)
PT0002000125379984SH,2026-07-27,0,dia_util,4.5,0.71,3.79,5.21,3.09,5.91,2,baixa,fallback (todo histórico)
PT0002000125379984SH,2026-07-27,1,dia_util,4.5,0.71,3.79,5.21,3.09,5.91,2,baixa,fallback (todo histórico)
PT0002000125379984SH,2026-07-27,2,dia_util,4.5,0.71,3.79,5.21,3.09,5.91,2,baixa,fallback (todo histórico)
PT0002000125379984SH,2026-07-27,3,dia_util,4.5,2.12,2.38,6.62,0.26,8.74,2,baixa,fallback (todo histórico)
PT0002000125379984SH,2026-07-27,4,dia_util,4.0,1.41,2.59,5.41,1.17,6.83,2,baixa,fallback (todo histórico)
PT0002000125379984SH,2026-07-27,5,dia_util,3.0,1.41,1.59,4.41,0.17,5.83,2,baixa,fallback (todo histórico)
PT0002000125379984SH,2026-07-27,6,dia_util,3.0,0.3,2.7,3.3,2.4,3.6,2,baixa,fallback (todo histórico)
PT0002000125379984SH,2026-07-27,7,dia_util,5.5,0.71,4.79,6.21,4.09,6.91,2,baixa,fallback (todo histórico)
PT0002000125379984SH,2026-07-27,8,dia_util,5.5,0.71,4.79,6.21,4.09,6.91,2,baixa,fallback (todo histórico)
PT0002000125379984SH,2026-07-27,9,dia_util,5.5,0.71,4.79,6.21,4.09,6.91,2,baixa,fallback (todo histórico)
PT0002000125379984SH,2026-07-27,10,dia_util,5.5,0.71,4.79,6.21,4.09,6.91,2,baixa,fallback (todo histórico)
PT0002000125379984SH,2026-07-27,11,dia_util,5.5,0.71,4.79,6.21,4.09,6.91,2,baixa,fallback (todo histórico)
PT0002000125379984SH,2026-07-27,12,dia_util,6.0,0.6,5.4,6.6,4.8,7.2,2,baixa,fallback (todo histórico)
PT0002000125379984SH,2026-07-27,13,dia_util,6.0,0.6,5.4,6.6,4.8,7.2,2,baixa,fallback (todo histórico)
PT0002000125379984SH,2026-07-27,14,dia_util,5.0,0.5,4.5,5.5,4.0,6.0,2,baixa,fallback (todo histórico)
PT0002000125379984SH,2026-07-27,15,dia_util,5.0,0.5,4.5,5.5,4.0,6.0,2,baixa,fallback (todo histórico)
PT0002000125379984SH,2026-07-27,16,dia_util,5.0,0.5,4.5,5.5,4.0,6.0,2,baixa,fallback (todo histórico)
PT0002000125379984SH,2026-07-27,17,dia_util,5.5,0.71,4.79,6.21,4.09,6.91,2,baixa,fallback (todo histórico)
PT0002000125379984SH,2026-07-27,18,dia_util,5.0,0.5,4.5,5.5,4.0,6.0,2,baixa,fallback (todo histórico)
PT0002000125379984SH,2026-07-27,19,dia_util,5.0,0.5,4.5,5.5,4.0,6.0,2,baixa,fallback (todo histórico)
PT0002000125379984SH,2026-07-27,20,dia_util,6.0,0.6,5.4,6.6,4.8,7.2,2,baixa,fallback (todo histórico)
PT0002000125379984SH,2026-07-27,21,dia_util,7.0,1.73,5.27,8.73,3.54,10.46,3,baixa,fallback (todo histórico)
PT0002000125379984SH,2026-07-27,22,dia_util,5.67,0.58,5.09,6.24,4.51,6.82,3,baixa,fallback (todo histórico)
PT0002000125379984SH,2026-07-27,23,dia_util,5.0,0.5,4.5,5.5,4.0,6.0,3,baixa,fallback (todo histórico)
PT0002000125701614SQ,2026-07-27,0,dia_util,15.5,1.55,13.95,17.05,12.4,18.6,2,baixa,fallback (todo histórico)
PT0002000125701614SQ,2026-07-27,1,dia_util,15.5,1.55,13.95,17.05,12.4,18.6,2,baixa,fallback (todo histórico)
PT0002000125701614SQ,2026-07-27,2,dia_util,15.0,1.5,13.5,16.5,12.0,18.0,2,baixa,fallback (todo histórico)
PT0002000125701614SQ,2026-07-27,3,dia_util,15.0,1.5,13.5,16.5,12.0,18.0,2,baixa,fallback (todo histórico)
PT0002000125701614SQ,2026-07-27,4,dia_util,15.0,1.5,13.5,16.5,12.0,18.0,2,baixa,fallback (todo histórico)
PT0002000125701614SQ,2026-07-27,5,dia_util,15.0,1.5,13.5,16.5,12.0,18.0,2,baixa,fallback (todo histórico)
PT0002000125701614SQ,2026-07-27,6,dia_util,15.0,1.5,13.5,16.5,12.0,18.0,2,baixa,fallback (todo histórico)
PT0002000125701614SQ,2026-07-27,7,dia_util,15.5,1.55,13.95,17.05,12.4,18.6,2,baixa,fallback (todo histórico)
PT0002000125701614SQ,2026-07-27,8,dia_util,15.0,1.5,13.5,16.5,12.0,18.0,2,baixa,fallback (todo histórico)
PT0002000125701614SQ,2026-07-27,9,dia_util,16.0,1.6,14.4,17.6,12.8,19.2,2,baixa,fallback (todo histórico)
PT0002000125701614SQ,2026-07-27,10,dia_util,16.0,1.6,14.4,17.6,12.8,19.2,2,baixa,fallback (todo histórico)
PT0002000125701614SQ,2026-07-27,11,dia_util,16.0,1.6,14.4,17.6,12.8,19.2,2,baixa,fallback (todo histórico)
PT0002000125701614SQ,2026-07-27,12,dia_util,17.5,2.12,15.38,19.62,13.26,21.74,2,baixa,fallback (todo histórico)
PT0002000125701614SQ,2026-07-27,13,dia_util,17.0,1.7,15.3,18.7,13.6,20.4,2,baixa,fallback (todo histórico)
PT0002000125701614SQ,2026-07-27,14,dia_util,16.5,1.65,14.85,18.15,13.2,19.8,2,baixa,fallback (todo histórico)
PT0002000125701614SQ,2026-07-27,15,dia_util,16.0,1.6,14.4,17.6,12.8,19.2,2,baixa,fallback (todo histórico)
PT0002000125701614SQ,2026-07-27,16,dia_util,16.5,1.65,14.85,18.15,13.2,19.8,2,baixa,fallback (todo histórico)
PT0002000125701614SQ,2026-07-27,17,dia_util,16.5,1.65,14.85,18.15,13.2,19.8,2,baixa,fallback (todo histórico)
PT0002000125701614SQ,2026-07-27,18,dia_util,18.0,1.8,16.2,19.8,14.4,21.6,2,baixa,fallback (todo histórico)
PT0002000125701614SQ,2026-07-27,19,dia_util,16.0,1.6,14.4,17.6,12.8,19.2,2,baixa,fallback (todo histórico)
PT0002000125701614SQ,2026-07-27,20,dia_util,17.5,2.12,15.38,19.62,13.26,21.74,2,baixa,fallback (todo histórico)
PT0002000125701614SQ,2026-07-27,21,dia_util,14.67,2.52,12.15,17.18,9.63,19.7,3,baixa,fallback (todo histórico)
PT0002000125701614SQ,2026-07-27,22,dia_util,15.67,1.57,14.1,17.23,12.53,18.8,3,baixa,fallback (todo histórico)
PT0002000125701614SQ,2026-07-27,23,dia_util,14.67,1.47,13.2,16.13,11.73,17.6,3,baixa,fallback (todo histórico)
PT0002000201038711LS,2026-07-27,0,dia_util,10.5,14.85,-4.35,25.35,-19.2,40.2,2,baixa,fallback (todo histórico)
PT0002000201038711LS,2026-07-27,1,dia_util,20.5,27.58,-7.08,48.08,-34.65,75.65,2,baixa,fallback (todo histórico)
PT0002000201038711LS,2026-07-27,2,dia_util,19.5,27.58,-8.08,47.08,-35.65,74.65,2,baixa,fallback (todo histórico)
PT0002000201038711LS,2026-07-27,3,dia_util,20.0,28.28,-8.28,48.28,-36.57,76.57,2,baixa,fallback (todo histórico)
PT0002000201038711LS,2026-07-27,4,dia_util,13.0,18.38,-5.38,31.38,-23.77,49.77,2,baixa,fallback (todo histórico)
PT0002000201038711LS,2026-07-27,5,dia_util,0.5,0.71,-0.21,1.21,-0.91,1.91,2,baixa,fallback (todo histórico)
PT0002000201038711LS,2026-07-27,6,dia_util,0.5,0.71,-0.21,1.21,-0.91,1.91,2,baixa,fallback (todo histórico)
PT0002000201038711LS,2026-07-27,7,dia_util,1.5,2.12,-0.62,3.62,-2.74,5.74,2,baixa,fallback (todo histórico)
PT0002000201038711LS,2026-07-27,8,dia_util,1.0,0.3,0.7,1.3,0.4,1.6,2,baixa,fallback (todo histórico)
PT0002000201038711LS,2026-07-27,9,dia_util,0.0,0.3,-0.3,0.3,-0.6,0.6,2,baixa,fallback (todo histórico)
PT0002000201038711LS,2026-07-27,10,dia_util,0.5,0.71,-0.21,1.21,-0.91,1.91,2,baixa,fallback (todo histórico)
PT0002000201038711LS,2026-07-27,11,dia_util,0.5,0.71,-0.21,1.21,-0.91,1.91,2,baixa,fallback (todo histórico)
PT0002000201038711LS,2026-07-27,12,dia_util,0.0,0.3,-0.3,0.3,-0.6,0.6,2,baixa,fallback (todo histórico)
PT0002000201038711LS,2026-07-27,13,dia_util,0.0,0.3,-0.3,0.3,-0.6,0.6,2,baixa,fallback (todo histórico)
PT0002000201038711LS,2026-07-27,14,dia_util,0.0,0.3,-0.3,0.3,-0.6,0.6,2,baixa,fallback (todo histórico)
PT0002000201038711LS,2026-07-27,15,dia_util,0.5,0.71,-0.21,1.21,-0.91,1.91,2,baixa,fallback (todo histórico)
PT0002000201038711LS,2026-07-27,16,dia_util,0.5,0.71,-0.21,1.21,-0.91,1.91,2,baixa,fallback (todo histórico)
PT0002000201038711LS,2026-07-27,17,dia_util,1.0,1.41,-0.41,2.41,-1.83,3.83,2,baixa,fallback (todo histórico)
PT0002000201038711LS,2026-07-27,18,dia_util,9.0,0.9,8.1,9.9,7.2,10.8,2,baixa,fallback (todo histórico)
PT0002000201038711LS,2026-07-27,19,dia_util,24.0,5.66,18.34,29.66,12.69,35.31,2,baixa,fallback (todo histórico)
PT0002000201038711LS,2026-07-27,20,dia_util,25.0,26.87,-1.87,51.87,-28.74,78.74,2,baixa,fallback (todo histórico)
PT0002000201038711LS,2026-07-27,21,dia_util,24.67,20.79,3.87,45.46,-16.92,66.25,3,baixa,fallback (todo histórico)
PT0002000201038711LS,2026-07-27,22,dia_util,17.33,21.22,-3.89,38.55,-25.11,59.78,3,baixa,fallback (todo histórico)
PT0002000201038711LS,2026-07-27,23,dia_util,6.0,10.39,-4.39,16.39,-14.78,26.78,3,baixa,fallback (todo histórico)
PT0002000201936109ME,2026-07-27,0,dia_util,0.5,0.71,-0.21,1.21,-0.91,1.91,2,baixa,fallback (todo histórico)
PT0002000201936109ME,2026-07-27,1,dia_util,1.0,0.3,0.7,1.3,0.4,1.6,2,baixa,fallback (todo histórico)
PT0002000201936109ME,2026-07-27,2,dia_util,1.0,0.3,0.7,1.3,0.4,1.6,2,baixa,fallback (todo histórico)
PT0002000201936109ME,2026-07-27,3,dia_util,0.5,0.71,-0.21,1.21,-0.91,1.91,2,baixa,fallback (todo histórico)
PT0002000201936109ME,2026-07-27,4,dia_util,1.0,0.3,0.7,1.3,0.4,1.6,2,baixa,fallback (todo histórico)
PT0002000201936109ME,2026-07-27,5,dia_util,1.0,0.3,0.7,1.3,0.4,1.6,2,baixa,fallback (todo histórico)
PT0002000201936109ME,2026-07-27,6,dia_util,1.0,0.3,0.7,1.3,0.4,1.6,2,baixa,fallback (todo histórico)
PT0002000201936109ME,2026-07-27,7,dia_util,0.5,0.71,-0.21,1.21,-0.91,1.91,2,baixa,fallback (todo histórico)
PT0002000201936109ME,2026-07-27,8,dia_util,1.0,0.3,0.7,1.3,0.4,1.6,2,baixa,fallback (todo histórico)
PT0002000201936109ME,2026-07-27,9,dia_util,0.5,0.71,-0.21,1.21,-0.91,1.91,2,baixa,fallback (todo histórico)
PT0002000201936109ME,2026-07-27,10,dia_util,1.0,0.3,0.7,1.3,0.4,1.6,2,baixa,fallback (todo histórico)
PT0002000201936109ME,2026-07-27,11,dia_util,1.0,0.3,0.7,1.3,0.4,1.6,2,baixa,fallback (todo histórico)
PT0002000201936109ME,2026-07-27,12,dia_util,1.0,0.3,0.7,1.3,0.4,1.6,2,baixa,fallback (todo histórico)
PT0002000201936109ME,2026-07-27,13,dia_util,0.5,0.71,-0.21,1.21,-0.91,1.91,2,baixa,fallback (todo histórico)
PT0002000201936109ME,2026-07-27,14,dia_util,2.0,1.41,0.59,3.41,-0.83,4.83,2,baixa,fallback (todo histórico)
PT0002000201936109ME,2026-07-27,15,dia_util,1.0,0.3,0.7,1.3,0.4,1.6,2,baixa,fallback (todo histórico)
PT0002000201936109ME,2026-07-27,16,dia_util,0.5,0.71,-0.21,1.21,-0.91,1.91,2,baixa,fallback (todo histórico)
PT0002000201936109ME,2026-07-27,17,dia_util,1.0,0.3,0.7,1.3,0.4,1.6,2,baixa,fallback (todo histórico)
PT0002000201936109ME,2026-07-27,18,dia_util,1.0,0.3,0.7,1.3,0.4,1.6,2,baixa,fallback (todo histórico)
PT0002000201936109ME,2026-07-27,19,dia_util,1.0,0.3,0.7,1.3,0.4,1.6,2,baixa,fallback (todo histórico)
PT0002000201936109ME,2026-07-27,20,dia_util,0.5,0.71,-0.21,1.21,-0.91,1.91,2,baixa,fallback (todo histórico)
PT0002000201936109ME,2026-07-27,21,dia_util,0.67,0.58,0.09,1.24,-0.49,1.82,3,baixa,fallback (todo histórico)
PT0002000201936109ME,2026-07-27,22,dia_util,1.0,0.3,0.7,1.3,0.4,1.6,3,baixa,fallback (todo histórico)
PT0002000201936109ME,2026-07-27,23,dia_util,1.0,0.3,0.7,1.3,0.4,1.6,3,baixa,fallback (todo histórico)
PT0002000203419117SJ,2026-07-27,0,dia_util,0.0,0.3,-0.3,0.3,-0.6,0.6,2,baixa,fallback (todo histórico)
PT0002000203419117SJ,2026-07-27,1,dia_util,0.0,0.3,-0.3,0.3,-0.6,0.6,2,baixa,fallback (todo histórico)
PT0002000203419117SJ,2026-07-27,2,dia_util,0.0,0.3,-0.3,0.3,-0.6,0.6,2,baixa,fallback (todo histórico)
PT0002000203419117SJ,2026-07-27,3,dia_util,0.0,0.3,-0.3,0.3,-0.6,0.6,2,baixa,fallback (todo histórico)
PT0002000203419117SJ,2026-07-27,4,dia_util,0.0,0.3,-0.3,0.3,-0.6,0.6,2,baixa,fallback (todo histórico)
PT0002000203419117SJ,2026-07-27,5,dia_util,2.0,2.83,-0.83,4.83,-3.66,7.66,2,baixa,fallback (todo histórico)
PT0002000203419117SJ,2026-07-27,6,dia_util,0.0,0.3,-0.3,0.3,-0.6,0.6,2,baixa,fallback (todo histórico)
PT0002000203419117SJ,2026-07-27,7,dia_util,0.0,0.3,-0.3,0.3,-0.6,0.6,2,baixa,fallback (todo histórico)
PT0002000203419117SJ,2026-07-27,8,dia_util,0.0,0.3,-0.3,0.3,-0.6,0.6,2,baixa,fallback (todo histórico)
PT0002000203419117SJ,2026-07-27,9,dia_util,0.0,0.3,-0.3,0.3,-0.6,0.6,2,baixa,fallback (todo histórico)
PT0002000203419117SJ,2026-07-27,10,dia_util,0.0,0.3,-0.3,0.3,-0.6,0.6,2,baixa,fallback (todo histórico)
PT0002000203419117SJ,2026-07-27,11,dia_util,0.0,0.3,-0.3,0.3,-0.6,0.6,2,baixa,fallback (todo histórico)
PT0002000203419117SJ,2026-07-27,12,dia_util,0.0,0.3,-0.3,0.3,-0.6,0.6,2,baixa,fallback (todo histórico)
PT0002000203419117SJ,2026-07-27,13,dia_util,0.0,0.3,-0.3,0.3,-0.6,0.6,2,baixa,fallback (todo histórico)
PT0002000203419117SJ,2026-07-27,14,dia_util,0.0,0.3,-0.3,0.3,-0.6,0.6,2,baixa,fallback (todo histórico)
PT0002000203419117SJ,2026-07-27,15,dia_util,0.0,0.3,-0.3,0.3,-0.6,0.6,2,baixa,fallback (todo histórico)
PT0002000203419117SJ,2026-07-27,16,dia_util,0.0,0.3,-0.3,0.3,-0.6,0.6,2,baixa,fallback (todo histórico)
PT0002000203419117SJ,2026-07-27,17,dia_util,0.0,0.3,-0.3,0.3,-0.6,0.6,2,baixa,fallback (todo histórico)
PT0002000203419117SJ,2026-07-27,18,dia_util,0.0,0.3,-0.3,0.3,-0.6,0.6,2,baixa,fallback (todo histórico)
PT0002000203419117SJ,2026-07-27,19,dia_util,0.0,0.3,-0.3,0.3,-0.6,0.6,2,baixa,fallback (todo histórico)
PT0002000203419117SJ,2026-07-27,20,dia_util,0.0,0.3,-0.3,0.3,-0.6,0.6,2,baixa,fallback (todo histórico)
PT0002000203419117SJ,2026-07-27,21,dia_util,0.0,0.3,-0.3,0.3,-0.6,0.6,3,baixa,fallback (todo histórico)
PT0002000203419117SJ,2026-07-27,22,dia_util,0.0,0.3,-0.3,0.3,-0.6,0.6,3,baixa,fallback (todo histórico)
PT0002000203419117SJ,2026-07-27,23,dia_util,0.0,0.3,-0.3,0.3,-0.6,0.6,3,baixa,fallback (todo histórico)
PT0002000203886452WB,2026-07-27,0,dia_util,6.0,8.49,-2.49,14.49,-10.97,22.97,2,baixa,fallback (todo histórico)
PT0002000203886452WB,2026-07-27,1,dia_util,0.0,0.3,-0.3,0.3,-0.6,0.6,2,baixa,fallback (todo histórico)
PT0002000203886452WB,2026-07-27,2,dia_util,0.0,0.3,-0.3,0.3,-0.6,0.6,2,baixa,fallback (todo histórico)
PT0002000203886452WB,2026-07-27,3,dia_util,0.0,0.3,-0.3,0.3,-0.6,0.6,2,baixa,fallback (todo histórico)
PT0002000203886452WB,2026-07-27,4,dia_util,0.0,0.3,-0.3,0.3,-0.6,0.6,2,baixa,fallback (todo histórico)
PT0002000203886452WB,2026-07-27,5,dia_util,0.0,0.3,-0.3,0.3,-0.6,0.6,2,baixa,fallback (todo histórico)
PT0002000203886452WB,2026-07-27,6,dia_util,0.0,0.3,-0.3,0.3,-0.6,0.6,2,baixa,fallback (todo histórico)
PT0002000203886452WB,2026-07-27,7,dia_util,0.0,0.3,-0.3,0.3,-0.6,0.6,2,baixa,fallback (todo histórico)
PT0002000203886452WB,2026-07-27,8,dia_util,0.0,0.3,-0.3,0.3,-0.6,0.6,2,baixa,fallback (todo histórico)
PT0002000203886452WB,2026-07-27,9,dia_util,0.0,0.3,-0.3,0.3,-0.6,0.6,2,baixa,fallback (todo histórico)
PT0002000203886452WB,2026-07-27,10,dia_util,0.0,0.3,-0.3,0.3,-0.6,0.6,2,baixa,fallback (todo histórico)
PT0002000203886452WB,2026-07-27,11,dia_util,2.0,2.83,-0.83,4.83,-3.66,7.66,2,baixa,fallback (todo histórico)
PT0002000203886452WB,2026-07-27,12,dia_util,4.0,5.66,-1.66,9.66,-7.31,15.31,2,baixa,fallback (todo histórico)
PT0002000203886452WB,2026-07-27,13,dia_util,6.0,8.49,-2.49,14.49,-10.97,22.97,2,baixa,fallback (todo histórico)
PT0002000203886452WB,2026-07-27,14,dia_util,8.0,11.31,-3.31,19.31,-14.63,30.63,2,baixa,fallback (todo histórico)
PT0002000203886452WB,2026-07-27,15,dia_util,12.0,16.97,-4.97,28.97,-21.94,45.94,2,baixa,fallback (todo histórico)
PT0002000203886452WB,2026-07-27,16,dia_util,20.0,28.28,-8.28,48.28,-36.57,76.57,2,baixa,fallback (todo histórico)
PT0002000203886452WB,2026-07-27,17,dia_util,16.0,22.63,-6.63,38.63,-29.25,61.25,2,baixa,fallback (todo histórico)
PT0002000203886452WB,2026-07-27,18,dia_util,16.0,22.63,-6.63,38.63,-29.25,61.25,2,baixa,fallback (todo histórico)
PT0002000203886452WB,2026-07-27,19,dia_util,16.0,22.63,-6.63,38.63,-29.25,61.25,2,baixa,fallback (todo histórico)
PT0002000203886452WB,2026-07-27,20,dia_util,16.0,22.63,-6.63,38.63,-29.25,61.25,2,baixa,fallback (todo histórico)
PT0002000203886452WB,2026-07-27,21,dia_util,10.67,18.48,-7.81,29.14,-26.28,47.62,3,baixa,fallback (todo histórico)
PT0002000203886452WB,2026-07-27,22,dia_util,10.67,18.48,-7.81,29.14,-26.28,47.62,3,baixa,fallback (todo histórico)
PT0002000203886452WB,2026-07-27,23,dia_util,9.33,16.17,-6.83,25.5,-23.0,41.66,3,baixa,fallback (todo histórico)
