2026-07-05 15:36:41 [INFO] [96m→ A pedir dados ao BaZe (276 CPEs)...[0m
2026-07-05 15:49:25 [INFO] 
2026-07-05 15:49:25 [INFO] [1m══════════════════════════════════════════════════════════════════════[0m
2026-07-05 15:49:25 [INFO] [1m  DETEÇÃO DE ANOMALIAS — 2026-07-04[0m
2026-07-05 15:49:25 [INFO] [1m══════════════════════════════════════════════════════════════════════[0m
2026-07-05 15:49:25 [INFO]   [2mTipo de dia:[0m  fim semana
2026-07-05 15:49:25 [INFO]   [2mFonte:[0m        BAZE
2026-07-05 15:49:25 [INFO]   [2mCPEs c/ dados:[0m 69
2026-07-05 15:49:25 [INFO]   [2mThreshold:[0m    |z| > 2.5 [2m(adaptativo a este tipo de dia)[0m
2026-07-05 15:49:25 [INFO] 
2026-07-05 15:49:25 [INFO] [96m→ A analisar 69 CPEs / 1656 pontos horários (retrospetiva)...[0m
2026-07-05 15:49:27 [INFO] [1m─── Resumo ─────────────────────────────────────[0m
2026-07-05 15:49:27 [INFO]   [92m● Normal[0m                1086 [2m( 65.6%)[0m
2026-07-05 15:49:27 [INFO]   [91m● Desvio (alta confiança)[0m    0 [2m(  0.0%)[0m
2026-07-05 15:49:27 [INFO]   [93m● Desvio (baixa confiança)[0m 570 [2m( 34.4%)[0m
2026-07-05 15:49:27 [INFO]   [2mTempo: 766.5s[0m
2026-07-05 15:49:27 [INFO] 
2026-07-05 15:49:27 [INFO] [1m[93m─── Desvios de BAIXA confiança (570) ──────────────[0m
2026-07-05 15:49:27 [INFO]   [2m(poucos dados históricos — verificar manualmente)[0m
2026-07-05 15:49:27 [INFO] 
2026-07-05 15:49:27 [INFO]   🔴 [91m[1mPT0002000068856872QG[0m  [2m[Cluster 1][0m
2026-07-05 15:49:27 [INFO]      consumiu MAIS que o habitual às 10h
2026-07-05 15:49:27 [INFO]      [2mReal:[0m 14.0 kWh   [2mHabitual:[0m 0.0 ± 0.3 kWh   [2mz:[0m +10.00⁺   [2mdesvio:[0m +1400000%   [2m(2 obs. fim_semana)[0m
2026-07-05 15:49:27 [INFO] 
2026-07-05 15:49:27 [INFO]   🔴 [91m[1mPT0002000068856872QG[0m  [2m[Cluster 1][0m
2026-07-05 15:49:27 [INFO]      consumiu MAIS que o habitual às 11h
2026-07-05 15:49:27 [INFO]      [2mReal:[0m 13.0 kWh   [2mHabitual:[0m 0.5 ± 0.7 kWh   [2mz:[0m +10.00⁺   [2mdesvio:[0m +2500%   [2m(2 obs. fim_semana)[0m
2026-07-05 15:49:27 [INFO] 
2026-07-05 15:49:27 [INFO]   🔴 [91m[1mPT0002000068856872QG[0m  [2m[Cluster 1][0m
2026-07-05 15:49:27 [INFO]      consumiu MAIS que o habitual às 12h
2026-07-05 15:49:27 [INFO]      [2mReal:[0m 17.0 kWh   [2mHabitual:[0m 0.0 ± 0.3 kWh   [2mz:[0m +10.00⁺   [2mdesvio:[0m +1700000%   [2m(2 obs. fim_semana)[0m
2026-07-05 15:49:27 [INFO] 
2026-07-05 15:49:27 [INFO]   🔴 [91m[1mPT0002000068856872QG[0m  [2m[Cluster 1][0m
2026-07-05 15:49:27 [INFO]      consumiu MAIS que o habitual às 14h
2026-07-05 15:49:27 [INFO]      [2mReal:[0m 3.0 kWh   [2mHabitual:[0m 0.0 ± 0.3 kWh   [2mz:[0m +10.00   [2mdesvio:[0m +300000%   [2m(2 obs. fim_semana)[0m
2026-07-05 15:49:27 [INFO] 
2026-07-05 15:49:27 [INFO]   🔴 [91m[1mPT0002000068856872QG[0m  [2m[Cluster 1][0m
2026-07-05 15:49:27 [INFO]      consumiu MAIS que o habitual às 16h
2026-07-05 15:49:27 [INFO]      [2mReal:[0m 3.0 kWh   [2mHabitual:[0m 0.0 ± 0.3 kWh   [2mz:[0m +10.00   [2mdesvio:[0m +300000%   [2m(2 obs. fim_semana)[0m
2026-07-05 15:49:27 [INFO] 
2026-07-05 15:49:27 [INFO]   🔴 [91m[1mPT0002000068856872QG[0m  [2m[Cluster 1][0m
2026-07-05 15:49:27 [INFO]      consumiu MAIS que o habitual às 18h
2026-07-05 15:49:27 [INFO]      [2mReal:[0m 4.0 kWh   [2mHabitual:[0m 0.0 ± 0.3 kWh   [2mz:[0m +10.00⁺   [2mdesvio:[0m +400000%   [2m(2 obs. fim_semana)[0m
2026-07-05 15:49:27 [INFO] 
2026-07-05 15:49:27 [INFO]   🔴 [91m[1mPT0002000068857909SY[0m  [2m[Cluster 1][0m
2026-07-05 15:49:27 [INFO]      consumiu MAIS que o habitual às 10h
2026-07-05 15:49:27 [INFO]      [2mReal:[0m 27.0 kWh   [2mHabitual:[0m 6.0 ± 0.6 kWh   [2mz:[0m +10.00⁺   [2mdesvio:[0m +350%   [2m(2 obs. fim_semana)[0m
2026-07-05 15:49:27 [INFO] 
2026-07-05 15:49:27 [INFO]   🔴 [91m[1mPT0002000068857909SY[0m  [2m[Cluster 1][0m
2026-07-05 15:49:27 [INFO]      consumiu MAIS que o habitual às 11h
2026-07-05 15:49:27 [INFO]      [2mReal:[0m 24.0 kWh   [2mHabitual:[0m 7.0 ± 0.7 kWh   [2mz:[0m +10.00⁺   [2mdesvio:[0m +243%   [2m(2 obs. fim_semana)[0m
2026-07-05 15:49:27 [INFO] 
2026-07-05 15:49:27 [INFO]   🔴 [91m[1mPT0002000068857909SY[0m  [2m[Cluster 1][0m
2026-07-05 15:49:27 [INFO]      consumiu MAIS que o habitual às 12h
2026-07-05 15:49:27 [INFO]      [2mReal:[0m 19.0 kWh   [2mHabitual:[0m 7.5 ± 0.8 kWh   [2mz:[0m +10.00⁺   [2mdesvio:[0m +153%   [2m(2 obs. fim_semana)[0m
2026-07-05 15:49:27 [INFO] 
2026-07-05 15:49:27 [INFO]   🔴 [91m[1mPT0002000068857909SY[0m  [2m[Cluster 1][0m
2026-07-05 15:49:27 [INFO]      consumiu MAIS que o habitual às 13h
2026-07-05 15:49:27 [INFO]      [2mReal:[0m 14.0 kWh   [2mHabitual:[0m 7.0 ± 0.7 kWh   [2mz:[0m +10.00   [2mdesvio:[0m +100%   [2m(2 obs. fim_semana)[0m
2026-07-05 15:49:27 [INFO] 
2026-07-05 15:49:27 [INFO]   🔴 [91m[1mPT0002000068857909SY[0m  [2m[Cluster 1][0m
2026-07-05 15:49:27 [INFO]      consumiu MAIS que o habitual às 14h
2026-07-05 15:49:27 [INFO]      [2mReal:[0m 30.0 kWh   [2mHabitual:[0m 6.5 ± 0.7 kWh   [2mz:[0m +10.00⁺   [2mdesvio:[0m +362%   [2m(2 obs. fim_semana)[0m
2026-07-05 15:49:27 [INFO] 
2026-07-05 15:49:27 [INFO]   🔴 [91m[1mPT0002000068857909SY[0m  [2m[Cluster 1][0m
2026-07-05 15:49:27 [INFO]      consumiu MAIS que o habitual às 15h
2026-07-05 15:49:27 [INFO]      [2mReal:[0m 31.0 kWh   [2mHabitual:[0m 7.0 ± 0.7 kWh   [2mz:[0m +10.00⁺   [2mdesvio:[0m +343%   [2m(2 obs. fim_semana)[0m
2026-07-05 15:49:27 [INFO] 
2026-07-05 15:49:27 [INFO]   🔴 [91m[1mPT0002000068857909SY[0m  [2m[Cluster 1][0m
2026-07-05 15:49:27 [INFO]      consumiu MAIS que o habitual às 16h
2026-07-05 15:49:27 [INFO]      [2mReal:[0m 32.0 kWh   [2mHabitual:[0m 7.5 ± 0.8 kWh   [2mz:[0m +10.00⁺   [2mdesvio:[0m +327%   [2m(2 obs. fim_semana)[0m
2026-07-05 15:49:27 [INFO] 
2026-07-05 15:49:27 [INFO]   🔴 [91m[1mPT0002000068857909SY[0m  [2m[Cluster 1][0m
2026-07-05 15:49:27 [INFO]      consumiu MAIS que o habitual às 17h
2026-07-05 15:49:27 [INFO]      [2mReal:[0m 28.0 kWh   [2mHabitual:[0m 7.0 ± 0.7 kWh   [2mz:[0m +10.00⁺   [2mdesvio:[0m +300%   [2m(2 obs. fim_semana)[0m
2026-07-05 15:49:27 [INFO] 
2026-07-05 15:49:27 [INFO]   🔴 [91m[1mPT0002000068857909SY[0m  [2m[Cluster 1][0m
2026-07-05 15:49:27 [INFO]      consumiu MAIS que o habitual às 18h
2026-07-05 15:49:27 [INFO]      [2mReal:[0m 29.0 kWh   [2mHabitual:[0m 6.5 ± 0.7 kWh   [2mz:[0m +10.00⁺   [2mdesvio:[0m +346%   [2m(2 obs. fim_semana)[0m
2026-07-05 15:49:27 [INFO] 
2026-07-05 15:49:27 [INFO]   🔴 [91m[1mPT0002000068859325FL[0m  [2m[Cluster 1][0m
2026-07-05 15:49:27 [INFO]      consumiu MAIS que o habitual às 07h
2026-07-05 15:49:27 [INFO]      [2mReal:[0m 100.0 kWh   [2mHabitual:[0m 42.0 ± 4.2 kWh   [2mz:[0m +10.00⁺   [2mdesvio:[0m +138%   [2m(2 obs. fim_semana)[0m
2026-07-05 15:49:27 [INFO] 
2026-07-05 15:49:27 [INFO]   🔴 [91m[1mPT0002000073720434JD[0m  [2m[sem cluster][0m
2026-07-05 15:49:27 [INFO]      consumiu MAIS que o habitual às 01h
2026-07-05 15:49:27 [INFO]      [2mReal:[0m 81.0 kWh   [2mHabitual:[0m 26.5 ± 2.6 kWh   [2mz:[0m +10.00⁺   [2mdesvio:[0m +206%   [2m(2 obs. fim_semana)[0m
2026-07-05 15:49:27 [INFO] 
2026-07-05 15:49:27 [INFO]   🔴 [91m[1mPT0002000073720434JD[0m  [2m[sem cluster][0m
2026-07-05 15:49:27 [INFO]      consumiu MAIS que o habitual às 10h
2026-07-05 15:49:27 [INFO]      [2mReal:[0m 47.0 kWh   [2mHabitual:[0m 22.5 ± 2.2 kWh   [2mz:[0m +10.00⁺   [2mdesvio:[0m +109%   [2m(2 obs. fim_semana)[0m
2026-07-05 15:49:27 [INFO] 
2026-07-05 15:49:27 [INFO]   🔴 [91m[1mPT0002000073720434JD[0m  [2m[sem cluster][0m
2026-07-05 15:49:27 [INFO]      consumiu MAIS que o habitual às 11h
2026-07-05 15:49:27 [INFO]      [2mReal:[0m 71.0 kWh   [2mHabitual:[0m 24.0 ± 2.4 kWh   [2mz:[0m +10.00⁺   [2mdesvio:[0m +196%   [2m(2 obs. fim_semana)[0m
2026-07-05 15:49:27 [INFO] 
2026-07-05 15:49:27 [INFO]   🔴 [91m[1mPT0002000073720434JD[0m  [2m[sem cluster][0m
2026-07-05 15:49:27 [INFO]      consumiu MAIS que o habitual às 12h
2026-07-05 15:49:27 [INFO]      [2mReal:[0m 77.0 kWh   [2mHabitual:[0m 26.0 ± 2.6 kWh   [2mz:[0m +10.00⁺   [2mdesvio:[0m +196%   [2m(2 obs. fim_semana)[0m
2026-07-05 15:49:27 [INFO] 
2026-07-05 15:49:27 [INFO]   🔴 [91m[1mPT0002000073720434JD[0m  [2m[sem cluster][0m
2026-07-05 15:49:27 [INFO]      consumiu MAIS que o habitual às 13h
2026-07-05 15:49:27 [INFO]      [2mReal:[0m 77.0 kWh   [2mHabitual:[0m 27.0 ± 2.8 kWh   [2mz:[0m +10.00⁺   [2mdesvio:[0m +185%   [2m(2 obs. fim_semana)[0m
2026-07-05 15:49:27 [INFO] 
2026-07-05 15:49:27 [INFO]   🔴 [91m[1mPT0002000073720434JD[0m  [2m[sem cluster][0m
2026-07-05 15:49:27 [INFO]      consumiu MAIS que o habitual às 14h
2026-07-05 15:49:27 [INFO]      [2mReal:[0m 74.0 kWh   [2mHabitual:[0m 26.5 ± 2.6 kWh   [2mz:[0m +10.00⁺   [2mdesvio:[0m +179%   [2m(2 obs. fim_semana)[0m
2026-07-05 15:49:27 [INFO] 
2026-07-05 15:49:27 [INFO]   🔴 [91m[1mPT0002000073720434JD[0m  [2m[sem cluster][0m
2026-07-05 15:49:27 [INFO]      consumiu MAIS que o habitual às 15h
2026-07-05 15:49:27 [INFO]      [2mReal:[0m 75.0 kWh   [2mHabitual:[0m 29.5 ± 3.0 kWh   [2mz:[0m +10.00⁺   [2mdesvio:[0m +154%   [2m(2 obs. fim_semana)[0m
2026-07-05 15:49:27 [INFO] 
2026-07-05 15:49:27 [INFO]   🔴 [91m[1mPT0002000073720434JD[0m  [2m[sem cluster][0m
2026-07-05 15:49:27 [INFO]      consumiu MAIS que o habitual às 16h
2026-07-05 15:49:27 [INFO]      [2mReal:[0m 85.0 kWh   [2mHabitual:[0m 30.5 ± 3.0 kWh   [2mz:[0m +10.00⁺   [2mdesvio:[0m +179%   [2m(2 obs. fim_semana)[0m
2026-07-05 15:49:27 [INFO] 
2026-07-05 15:49:27 [INFO]   🔴 [91m[1mPT0002000073720434JD[0m  [2m[sem cluster][0m
2026-07-05 15:49:27 [INFO]      consumiu MAIS que o habitual às 17h
2026-07-05 15:49:27 [INFO]      [2mReal:[0m 79.0 kWh   [2mHabitual:[0m 30.0 ± 3.0 kWh   [2mz:[0m +10.00⁺   [2mdesvio:[0m +163%   [2m(2 obs. fim_semana)[0m
2026-07-05 15:49:27 [INFO] 
2026-07-05 15:49:27 [INFO]   🔴 [91m[1mPT0002000078207354XC[0m  [2m[Cluster 1][0m
2026-07-05 15:49:27 [INFO]      consumiu MAIS que o habitual às 15h
2026-07-05 15:49:27 [INFO]      [2mReal:[0m 23.0 kWh   [2mHabitual:[0m 6.5 ± 0.7 kWh   [2mz:[0m +10.00⁺   [2mdesvio:[0m +254%   [2m(2 obs. fim_semana)[0m
2026-07-05 15:49:27 [INFO] 
2026-07-05 15:49:27 [INFO]   🔴 [91m[1mPT0002000078207354XC[0m  [2m[Cluster 1][0m
2026-07-05 15:49:27 [INFO]      consumiu MAIS que o habitual às 16h
2026-07-05 15:49:27 [INFO]      [2mReal:[0m 24.0 kWh   [2mHabitual:[0m 6.5 ± 0.7 kWh   [2mz:[0m +10.00⁺   [2mdesvio:[0m +269%   [2m(2 obs. fim_semana)[0m
2026-07-05 15:49:27 [INFO] 
2026-07-05 15:49:27 [INFO]   🔴 [91m[1mPT0002000078207354XC[0m  [2m[Cluster 1][0m
2026-07-05 15:49:27 [INFO]      consumiu MAIS que o habitual às 17h
2026-07-05 15:49:27 [INFO]      [2mReal:[0m 27.0 kWh   [2mHabitual:[0m 6.5 ± 0.7 kWh   [2mz:[0m +10.00⁺   [2mdesvio:[0m +315%   [2m(2 obs. fim_semana)[0m
2026-07-05 15:49:27 [INFO] 
2026-07-05 15:49:27 [INFO]   🔴 [91m[1mPT0002000078207354XC[0m  [2m[Cluster 1][0m
2026-07-05 15:49:27 [INFO]      consumiu MAIS que o habitual às 18h
2026-07-05 15:49:27 [INFO]      [2mReal:[0m 32.0 kWh   [2mHabitual:[0m 8.5 ± 2.1 kWh   [2mz:[0m +10.00⁺   [2mdesvio:[0m +276%   [2m(2 obs. fim_semana)[0m
2026-07-05 15:49:27 [INFO] 
2026-07-05 15:49:27 [INFO]   🔴 [91m[1mPT0002000078233981HJ[0m  [2m[Cluster 1][0m
2026-07-05 15:49:27 [INFO]      consumiu MAIS que o habitual às 09h
2026-07-05 15:49:27 [INFO]      [2mReal:[0m 9.0 kWh   [2mHabitual:[0m 4.0 ± 0.4 kWh   [2mz:[0m +10.00⁺   [2mdesvio:[0m +125%   [2m(2 obs. fim_semana)[0m
2026-07-05 15:49:27 [INFO] 
2026-07-05 15:49:27 [INFO]   🔴 [91m[1mPT0002000078233981HJ[0m  [2m[Cluster 1][0m
2026-07-05 15:49:27 [INFO]      consumiu MAIS que o habitual às 10h
2026-07-05 15:49:27 [INFO]      [2mReal:[0m 22.0 kWh   [2mHabitual:[0m 4.0 ± 0.4 kWh   [2mz:[0m +10.00⁺   [2mdesvio:[0m +450%   [2m(2 obs. fim_semana)[0m
2026-07-05 15:49:27 [INFO] 
2026-07-05 15:49:27 [INFO]   🔴 [91m[1mPT0002000078233981HJ[0m  [2m[Cluster 1][0m
2026-07-05 15:49:27 [INFO]      consumiu MAIS que o habitual às 12h
2026-07-05 15:49:27 [INFO]      [2mReal:[0m 10.0 kWh   [2mHabitual:[0m 3.0 ± 0.3 kWh   [2mz:[0m +10.00⁺   [2mdesvio:[0m +233%   [2m(2 obs. fim_semana)[0m
2026-07-05 15:49:27 [INFO] 
2026-07-05 15:49:27 [INFO]   🔴 [91m[1mPT0002000081344542CP[0m  [2m[Cluster 1][0m
2026-07-05 15:49:27 [INFO]      consumiu MAIS que o habitual às 12h
2026-07-05 15:49:27 [INFO]      [2mReal:[0m 4.0 kWh   [2mHabitual:[0m 1.0 ± 0.3 kWh   [2mz:[0m +10.00   [2mdesvio:[0m +300%   [2m(2 obs. fim_semana)[0m
2026-07-05 15:49:27 [INFO] 
2026-07-05 15:49:27 [INFO]   🔴 [91m[1mPT0002000081997398TD[0m  [2m[Cluster 0][0m
2026-07-05 15:49:27 [INFO]      consumiu MAIS que o habitual às 00h
2026-07-05 15:49:27 [INFO]      [2mReal:[0m 140.0 kWh   [2mHabitual:[0m 67.5 ± 6.8 kWh   [2mz:[0m +10.00⁺   [2mdesvio:[0m +107%   [2m(2 obs. fim_semana)[0m
2026-07-05 15:49:27 [INFO] 
2026-07-05 15:49:27 [INFO]   🔴 [91m[1mPT0002000081997398TD[0m  [2m[Cluster 0][0m
2026-07-05 15:49:27 [INFO]      consumiu MAIS que o habitual às 01h
2026-07-05 15:49:27 [INFO]      [2mReal:[0m 109.0 kWh   [2mHabitual:[0m 40.5 ± 6.4 kWh   [2mz:[0m +10.00⁺   [2mdesvio:[0m +169%   [2m(2 obs. fim_semana)[0m
2026-07-05 15:49:27 [INFO] 
2026-07-05 15:49:27 [INFO]   🔴 [91m[1mPT0002000081997398TD[0m  [2m[Cluster 0][0m
2026-07-05 15:49:27 [INFO]      consumiu MAIS que o habitual às 02h
2026-07-05 15:49:27 [INFO]      [2mReal:[0m 94.0 kWh   [2mHabitual:[0m 28.0 ± 2.8 kWh   [2mz:[0m +10.00⁺   [2mdesvio:[0m +236%   [2m(2 obs. fim_semana)[0m
2026-07-05 15:49:27 [INFO] 
2026-07-05 15:49:27 [INFO]   🔴 [91m[1mPT0002000081997398TD[0m  [2m[Cluster 0][0m
2026-07-05 15:49:27 [INFO]      consumiu MAIS que o habitual às 03h
2026-07-05 15:49:27 [INFO]      [2mReal:[0m 93.0 kWh   [2mHabitual:[0m 27.0 ± 2.8 kWh   [2mz:[0m +10.00⁺   [2mdesvio:[0m +244%   [2m(2 obs. fim_semana)[0m
2026-07-05 15:49:27 [INFO] 
2026-07-05 15:49:27 [INFO]   🔴 [91m[1mPT0002000081997398TD[0m  [2m[Cluster 0][0m
2026-07-05 15:49:27 [INFO]      consumiu MAIS que o habitual às 04h
2026-07-05 15:49:27 [INFO]      [2mReal:[0m 93.0 kWh   [2mHabitual:[0m 28.5 ± 2.9 kWh   [2mz:[0m +10.00⁺   [2mdesvio:[0m +226%   [2m(2 obs. fim_semana)[0m
2026-07-05 15:49:27 [INFO] 
2026-07-05 15:49:27 [INFO]   🔴 [91m[1mPT0002000081997398TD[0m  [2m[Cluster 0][0m
2026-07-05 15:49:27 [INFO]      consumiu MAIS que o habitual às 05h
2026-07-05 15:49:27 [INFO]      [2mReal:[0m 89.0 kWh   [2mHabitual:[0m 26.5 ± 2.6 kWh   [2mz:[0m +10.00⁺   [2mdesvio:[0m +236%   [2m(2 obs. fim_semana)[0m
2026-07-05 15:49:27 [INFO] 
2026-07-05 15:49:27 [INFO]   🔴 [91m[1mPT0002000081997398TD[0m  [2m[Cluster 0][0m
2026-07-05 15:49:27 [INFO]      consumiu MAIS que o habitual às 06h
2026-07-05 15:49:27 [INFO]      [2mReal:[0m 92.0 kWh   [2mHabitual:[0m 29.5 ± 3.0 kWh   [2mz:[0m +10.00⁺   [2mdesvio:[0m +212%   [2m(2 obs. fim_semana)[0m
2026-07-05 15:49:27 [INFO] 
2026-07-05 15:49:27 [INFO]   🔴 [91m[1mPT0002000109837807PE[0m  [2m[Cluster 1][0m
2026-07-05 15:49:27 [INFO]      consumiu MAIS que o habitual às 10h
2026-07-05 15:49:27 [INFO]      [2mReal:[0m 11.0 kWh   [2mHabitual:[0m 4.0 ± 0.4 kWh   [2mz:[0m +10.00⁺   [2mdesvio:[0m +175%   [2m(2 obs. fim_semana)[0m
2026-07-05 15:49:27 [INFO] 
2026-07-05 15:49:27 [INFO]   🔴 [91m[1mPT0002000115673389QK[0m  [2m[Cluster 0][0m
2026-07-05 15:49:27 [INFO]      consumiu MAIS que o habitual às 23h
2026-07-05 15:49:27 [INFO]      [2mReal:[0m 61.0 kWh   [2mHabitual:[0m 21.7 ± 2.5 kWh   [2mz:[0m +10.00⁺   [2mdesvio:[0m +181%   [2m(3 obs. fim_semana)[0m
2026-07-05 15:49:27 [INFO] 
2026-07-05 15:49:27 [INFO]   🔴 [91m[1mPT0002000123648159KR[0m  [2m[Cluster 0][0m
2026-07-05 15:49:27 [INFO]      consumiu MAIS que o habitual às 00h
2026-07-05 15:49:27 [INFO]      [2mReal:[0m 16.0 kWh   [2mHabitual:[0m 3.5 ± 0.7 kWh   [2mz:[0m +10.00⁺   [2mdesvio:[0m +357%   [2m(2 obs. fim_semana)[0m
2026-07-05 15:49:27 [INFO] 
2026-07-05 15:49:27 [INFO]   🔴 [91m[1mPT0002000123648159KR[0m  [2m[Cluster 0][0m
2026-07-05 15:49:27 [INFO]      consumiu MAIS que o habitual às 01h
2026-07-05 15:49:27 [INFO]      [2mReal:[0m 14.0 kWh   [2mHabitual:[0m 3.5 ± 0.7 kWh   [2mz:[0m +10.00⁺   [2mdesvio:[0m +300%   [2m(2 obs. fim_semana)[0m
2026-07-05 15:49:27 [INFO] 
2026-07-05 15:49:27 [INFO]   🔴 [91m[1mPT0002000123648159KR[0m  [2m[Cluster 0][0m
2026-07-05 15:49:27 [INFO]      consumiu MAIS que o habitual às 03h
2026-07-05 15:49:27 [INFO]      [2mReal:[0m 14.0 kWh   [2mHabitual:[0m 3.0 ± 0.3 kWh   [2mz:[0m +10.00⁺   [2mdesvio:[0m +367%   [2m(2 obs. fim_semana)[0m
2026-07-05 15:49:27 [INFO] 
2026-07-05 15:49:27 [INFO]   🔴 [91m[1mPT0002000123648159KR[0m  [2m[Cluster 0][0m
2026-07-05 15:49:27 [INFO]      consumiu MAIS que o habitual às 04h
2026-07-05 15:49:27 [INFO]      [2mReal:[0m 16.0 kWh   [2mHabitual:[0m 3.0 ± 0.3 kWh   [2mz:[0m +10.00⁺   [2mdesvio:[0m +433%   [2m(2 obs. fim_semana)[0m
2026-07-05 15:49:27 [INFO] 
2026-07-05 15:49:27 [INFO]   🔴 [91m[1mPT0002000123648159KR[0m  [2m[Cluster 0][0m
2026-07-05 15:49:27 [INFO]      consumiu MAIS que o habitual às 05h
2026-07-05 15:49:27 [INFO]      [2mReal:[0m 14.0 kWh   [2mHabitual:[0m 3.5 ± 0.7 kWh   [2mz:[0m +10.00⁺   [2mdesvio:[0m +300%   [2m(2 obs. fim_semana)[0m
2026-07-05 15:49:27 [INFO] 
2026-07-05 15:49:27 [INFO]   🔴 [91m[1mPT0002000123648159KR[0m  [2m[Cluster 0][0m
2026-07-05 15:49:27 [INFO]      consumiu MAIS que o habitual às 06h
2026-07-05 15:49:27 [INFO]      [2mReal:[0m 15.0 kWh   [2mHabitual:[0m 3.0 ± 0.3 kWh   [2mz:[0m +10.00⁺   [2mdesvio:[0m +400%   [2m(2 obs. fim_semana)[0m
2026-07-05 15:49:27 [INFO] 
2026-07-05 15:49:27 [INFO]   🔴 [91m[1mPT0002000123648159KR[0m  [2m[Cluster 0][0m
2026-07-05 15:49:27 [INFO]      consumiu MAIS que o habitual às 16h
2026-07-05 15:49:27 [INFO]      [2mReal:[0m 27.0 kWh   [2mHabitual:[0m 7.0 ± 1.4 kWh   [2mz:[0m +10.00⁺   [2mdesvio:[0m +286%   [2m(2 obs. fim_semana)[0m
2026-07-05 15:49:27 [INFO] 
2026-07-05 15:49:27 [INFO]   🔴 [91m[1mPT0002000201038711LS[0m  [2m[sem cluster][0m
2026-07-05 15:49:27 [INFO]      consumiu MAIS que o habitual às 09h
2026-07-05 15:49:27 [INFO]      [2mReal:[0m 16.0 kWh   [2mHabitual:[0m 5.0 ± 0.5 kWh   [2mz:[0m +10.00⁺   [2mdesvio:[0m +220%   [2m(2 obs. fim_semana)[0m
2026-07-05 15:49:27 [INFO] 
2026-07-05 15:49:27 [INFO]   🔴 [91m[1mPT0002000203419117SJ[0m  [2m[sem cluster][0m
2026-07-05 15:49:27 [INFO]      consumiu MAIS que o habitual às 08h
2026-07-05 15:49:27 [INFO]      [2mReal:[0m 4.0 kWh   [2mHabitual:[0m 0.0 ± 0.3 kWh   [2mz:[0m +10.00⁺   [2mdesvio:[0m +400000%   [2m(2 obs. fim_semana)[0m
2026-07-05 15:49:27 [INFO] 
2026-07-05 15:49:27 [INFO]   🔴 [91m[1mPT0002000203886452WB[0m  [2m[sem cluster][0m
2026-07-05 15:49:27 [INFO]      consumiu MAIS que o habitual às 00h
2026-07-05 15:49:27 [INFO]      [2mReal:[0m 4.0 kWh   [2mHabitual:[0m 0.0 ± 0.3 kWh   [2mz:[0m +10.00⁺   [2mdesvio:[0m +400000%   [2m(2 obs. fim_semana)[0m
2026-07-05 15:49:27 [INFO] 
2026-07-05 15:49:27 [INFO]   🔴 [91m[1mPT0002000203886452WB[0m  [2m[sem cluster][0m
2026-07-05 15:49:27 [INFO]      consumiu MAIS que o habitual às 01h
2026-07-05 15:49:27 [INFO]      [2mReal:[0m 4.0 kWh   [2mHabitual:[0m 0.0 ± 0.3 kWh   [2mz:[0m +10.00⁺   [2mdesvio:[0m +400000%   [2m(2 obs. fim_semana)[0m
2026-07-05 15:49:27 [INFO] 
2026-07-05 15:49:27 [INFO]   🔴 [91m[1mPT0002000203886452WB[0m  [2m[sem cluster][0m
2026-07-05 15:49:27 [INFO]      consumiu MAIS que o habitual às 02h
2026-07-05 15:49:27 [INFO]      [2mReal:[0m 8.0 kWh   [2mHabitual:[0m 0.0 ± 0.3 kWh   [2mz:[0m +10.00⁺   [2mdesvio:[0m +800000%   [2m(2 obs. fim_semana)[0m
2026-07-05 15:49:27 [INFO] 
2026-07-05 15:49:27 [INFO]   🔴 [91m[1mPT0002000203886452WB[0m  [2m[sem cluster][0m
2026-07-05 15:49:27 [INFO]      consumiu MAIS que o habitual às 03h
2026-07-05 15:49:27 [INFO]      [2mReal:[0m 4.0 kWh   [2mHabitual:[0m 0.0 ± 0.3 kWh   [2mz:[0m +10.00⁺   [2mdesvio:[0m +400000%   [2m(2 obs. fim_semana)[0m
2026-07-05 15:49:27 [INFO] 
2026-07-05 15:49:27 [INFO]   🔴 [91m[1mPT0002000203886452WB[0m  [2m[sem cluster][0m
2026-07-05 15:49:27 [INFO]      consumiu MAIS que o habitual às 04h
2026-07-05 15:49:27 [INFO]      [2mReal:[0m 4.0 kWh   [2mHabitual:[0m 0.0 ± 0.3 kWh   [2mz:[0m +10.00⁺   [2mdesvio:[0m +400000%   [2m(2 obs. fim_semana)[0m
2026-07-05 15:49:27 [INFO] 
2026-07-05 15:49:27 [INFO]   🔴 [91m[1mPT0002000203886452WB[0m  [2m[sem cluster][0m
2026-07-05 15:49:27 [INFO]      consumiu MAIS que o habitual às 05h
2026-07-05 15:49:27 [INFO]      [2mReal:[0m 4.0 kWh   [2mHabitual:[0m 0.0 ± 0.3 kWh   [2mz:[0m +10.00⁺   [2mdesvio:[0m +400000%   [2m(2 obs. fim_semana)[0m
2026-07-05 15:49:27 [INFO] 
2026-07-05 15:49:27 [INFO]   🔴 [91m[1mPT0002000203886452WB[0m  [2m[sem cluster][0m
2026-07-05 15:49:27 [INFO]      consumiu MAIS que o habitual às 06h
2026-07-05 15:49:27 [INFO]      [2mReal:[0m 4.0 kWh   [2mHabitual:[0m 0.0 ± 0.3 kWh   [2mz:[0m +10.00⁺   [2mdesvio:[0m +400000%   [2m(2 obs. fim_semana)[0m
2026-07-05 15:49:27 [INFO] 
2026-07-05 15:49:27 [INFO]   🔴 [91m[1mPT0002000203886452WB[0m  [2m[sem cluster][0m
2026-07-05 15:49:27 [INFO]      consumiu MAIS que o habitual às 07h
2026-07-05 15:49:27 [INFO]      [2mReal:[0m 8.0 kWh   [2mHabitual:[0m 0.0 ± 0.3 kWh   [2mz:[0m +10.00⁺   [2mdesvio:[0m +800000%   [2m(2 obs. fim_semana)[0m
2026-07-05 15:49:27 [INFO] 
2026-07-05 15:49:27 [INFO]   🔴 [91m[1mPT0002000203886452WB[0m  [2m[sem cluster][0m
2026-07-05 15:49:27 [INFO]      consumiu MAIS que o habitual às 08h
2026-07-05 15:49:27 [INFO]      [2mReal:[0m 4.0 kWh   [2mHabitual:[0m 0.0 ± 0.3 kWh   [2mz:[0m +10.00⁺   [2mdesvio:[0m +400000%   [2m(2 obs. fim_semana)[0m
2026-07-05 15:49:27 [INFO] 
2026-07-05 15:49:27 [INFO]   🔴 [91m[1mPT0002000203886452WB[0m  [2m[sem cluster][0m
2026-07-05 15:49:27 [INFO]      consumiu MAIS que o habitual às 09h
2026-07-05 15:49:27 [INFO]      [2mReal:[0m 4.0 kWh   [2mHabitual:[0m 0.0 ± 0.3 kWh   [2mz:[0m +10.00⁺   [2mdesvio:[0m +400000%   [2m(2 obs. fim_semana)[0m
2026-07-05 15:49:27 [INFO] 
2026-07-05 15:49:27 [INFO]   🔴 [91m[1mPT0002000203886452WB[0m  [2m[sem cluster][0m
2026-07-05 15:49:27 [INFO]      consumiu MAIS que o habitual às 10h
2026-07-05 15:49:27 [INFO]      [2mReal:[0m 4.0 kWh   [2mHabitual:[0m 0.0 ± 0.3 kWh   [2mz:[0m +10.00⁺   [2mdesvio:[0m +400000%   [2m(2 obs. fim_semana)[0m
2026-07-05 15:49:27 [INFO] 
2026-07-05 15:49:27 [INFO]   🔴 [91m[1mPT0002000203886452WB[0m  [2m[sem cluster][0m
2026-07-05 15:49:27 [INFO]      consumiu MAIS que o habitual às 11h
2026-07-05 15:49:27 [INFO]      [2mReal:[0m 8.0 kWh   [2mHabitual:[0m 0.0 ± 0.3 kWh   [2mz:[0m +10.00⁺   [2mdesvio:[0m +800000%   [2m(2 obs. fim_semana)[0m
2026-07-05 15:49:27 [INFO] 
2026-07-05 15:49:27 [INFO]   🔴 [91m[1mPT0002000203886452WB[0m  [2m[sem cluster][0m
2026-07-05 15:49:27 [INFO]      consumiu MAIS que o habitual às 12h
2026-07-05 15:49:27 [INFO]      [2mReal:[0m 4.0 kWh   [2mHabitual:[0m 0.0 ± 0.3 kWh   [2mz:[0m +10.00⁺   [2mdesvio:[0m +400000%   [2m(2 obs. fim_semana)[0m
2026-07-05 15:49:27 [INFO] 
2026-07-05 15:49:27 [INFO]   🔴 [91m[1mPT0002000203886452WB[0m  [2m[sem cluster][0m
2026-07-05 15:49:27 [INFO]      consumiu MAIS que o habitual às 13h
2026-07-05 15:49:27 [INFO]      [2mReal:[0m 4.0 kWh   [2mHabitual:[0m 0.0 ± 0.3 kWh   [2mz:[0m +10.00⁺   [2mdesvio:[0m +400000%   [2m(2 obs. fim_semana)[0m
2026-07-05 15:49:27 [INFO] 
2026-07-05 15:49:27 [INFO]   🔴 [91m[1mPT0002000203886452WB[0m  [2m[sem cluster][0m
2026-07-05 15:49:27 [INFO]      consumiu MAIS que o habitual às 14h
2026-07-05 15:49:27 [INFO]      [2mReal:[0m 4.0 kWh   [2mHabitual:[0m 0.0 ± 0.3 kWh   [2mz:[0m +10.00⁺   [2mdesvio:[0m +400000%   [2m(2 obs. fim_semana)[0m
2026-07-05 15:49:27 [INFO] 
2026-07-05 15:49:27 [INFO]   🔴 [91m[1mPT0002000203886452WB[0m  [2m[sem cluster][0m
2026-07-05 15:49:27 [INFO]      consumiu MAIS que o habitual às 15h
2026-07-05 15:49:27 [INFO]      [2mReal:[0m 4.0 kWh   [2mHabitual:[0m 0.0 ± 0.3 kWh   [2mz:[0m +10.00⁺   [2mdesvio:[0m +400000%   [2m(2 obs. fim_semana)[0m
2026-07-05 15:49:27 [INFO] 
2026-07-05 15:49:27 [INFO]   🔴 [91m[1mPT0002000203886452WB[0m  [2m[sem cluster][0m
2026-07-05 15:49:27 [INFO]      consumiu MAIS que o habitual às 16h
2026-07-05 15:49:27 [INFO]      [2mReal:[0m 8.0 kWh   [2mHabitual:[0m 0.0 ± 0.3 kWh   [2mz:[0m +10.00⁺   [2mdesvio:[0m +800000%   [2m(2 obs. fim_semana)[0m
2026-07-05 15:49:27 [INFO] 
2026-07-05 15:49:27 [INFO]   🔴 [91m[1mPT0002000203886452WB[0m  [2m[sem cluster][0m
2026-07-05 15:49:27 [INFO]      consumiu MAIS que o habitual às 17h
2026-07-05 15:49:27 [INFO]      [2mReal:[0m 4.0 kWh   [2mHabitual:[0m 0.0 ± 0.3 kWh   [2mz:[0m +10.00⁺   [2mdesvio:[0m +400000%   [2m(2 obs. fim_semana)[0m
2026-07-05 15:49:27 [INFO] 
2026-07-05 15:49:27 [INFO]   🔴 [91m[1mPT0002000203886452WB[0m  [2m[sem cluster][0m
2026-07-05 15:49:27 [INFO]      consumiu MAIS que o habitual às 18h
2026-07-05 15:49:27 [INFO]      [2mReal:[0m 4.0 kWh   [2mHabitual:[0m 0.0 ± 0.3 kWh   [2mz:[0m +10.00⁺   [2mdesvio:[0m +400000%   [2m(2 obs. fim_semana)[0m
2026-07-05 15:49:27 [INFO] 
2026-07-05 15:49:27 [INFO]   🔴 [91m[1mPT0002000203886452WB[0m  [2m[sem cluster][0m
2026-07-05 15:49:27 [INFO]      consumiu MAIS que o habitual às 19h
2026-07-05 15:49:27 [INFO]      [2mReal:[0m 4.0 kWh   [2mHabitual:[0m 0.0 ± 0.3 kWh   [2mz:[0m +10.00⁺   [2mdesvio:[0m +400000%   [2m(2 obs. fim_semana)[0m
2026-07-05 15:49:27 [INFO] 
2026-07-05 15:49:27 [INFO]   🔴 [91m[1mPT0002000203886452WB[0m  [2m[sem cluster][0m
2026-07-05 15:49:27 [INFO]      consumiu MAIS que o habitual às 20h
2026-07-05 15:49:27 [INFO]      [2mReal:[0m 8.0 kWh   [2mHabitual:[0m 0.0 ± 0.3 kWh   [2mz:[0m +10.00⁺   [2mdesvio:[0m +800000%   [2m(2 obs. fim_semana)[0m
2026-07-05 15:49:27 [INFO] 
2026-07-05 15:49:27 [INFO]   🔴 [91m[1mPT0002000203886452WB[0m  [2m[sem cluster][0m
2026-07-05 15:49:27 [INFO]      consumiu MAIS que o habitual às 21h
2026-07-05 15:49:27 [INFO]      [2mReal:[0m 4.0 kWh   [2mHabitual:[0m 0.0 ± 0.3 kWh   [2mz:[0m +10.00⁺   [2mdesvio:[0m +400000%   [2m(3 obs. fim_semana)[0m
2026-07-05 15:49:27 [INFO] 
2026-07-05 15:49:27 [INFO]   🔴 [91m[1mPT0002000107172384HT[0m  [2m[Cluster 1][0m
2026-07-05 15:49:27 [INFO]      consumiu MAIS que o habitual às 12h
2026-07-05 15:49:27 [INFO]      [2mReal:[0m 64.0 kWh   [2mHabitual:[0m 32.5 ± 3.2 kWh   [2mz:[0m +9.69   [2mdesvio:[0m +97%   [2m(2 obs. fim_semana)[0m
2026-07-05 15:49:27 [INFO] 
2026-07-05 15:49:27 [INFO]   🔴 [91m[1mPT0002000107172384HT[0m  [2m[Cluster 1][0m
2026-07-05 15:49:27 [INFO]      consumiu MAIS que o habitual às 11h
2026-07-05 15:49:27 [INFO]      [2mReal:[0m 55.0 kWh   [2mHabitual:[0m 28.0 ± 2.8 kWh   [2mz:[0m +9.64   [2mdesvio:[0m +96%   [2m(2 obs. fim_semana)[0m
2026-07-05 15:49:27 [INFO] 
2026-07-05 15:49:27 [INFO]   🔵 [94m[1mPT0002000107046231FW[0m  [2m[Cluster 0][0m
2026-07-05 15:49:27 [INFO]      consumiu MENOS que o habitual às 13h
2026-07-05 15:49:27 [INFO]      [2mReal:[0m 2.0 kWh   [2mHabitual:[0m 52.5 ± 5.2 kWh   [2mz:[0m -9.62   [2mdesvio:[0m -96%   [2m(2 obs. fim_semana)[0m
2026-07-05 15:49:27 [INFO] 
2026-07-05 15:49:27 [INFO]   🔵 [94m[1mPT0002000102936404ME[0m  [2m[Cluster 1][0m
2026-07-05 15:49:27 [INFO]      consumiu MENOS que o habitual às 07h
2026-07-05 15:49:27 [INFO]      [2mReal:[0m 1.0 kWh   [2mHabitual:[0m 24.5 ± 2.5 kWh   [2mz:[0m -9.59   [2mdesvio:[0m -96%   [2m(2 obs. fim_semana)[0m
2026-07-05 15:49:27 [INFO] 
2026-07-05 15:49:27 [INFO]   🔵 [94m[1mPT0002000107046231FW[0m  [2m[Cluster 0][0m
2026-07-05 15:49:27 [INFO]      consumiu MENOS que o habitual às 12h
2026-07-05 15:49:27 [INFO]      [2mReal:[0m 2.0 kWh   [2mHabitual:[0m 46.0 ± 4.6 kWh   [2mz:[0m -9.57   [2mdesvio:[0m -96%   [2m(2 obs. fim_semana)[0m
2026-07-05 15:49:27 [INFO] 
2026-07-05 15:49:27 [INFO]   🔵 [94m[1mPT0002000119303492KB[0m  [2m[Cluster 0][0m
2026-07-05 15:49:27 [INFO]      consumiu MENOS que o habitual às 11h
2026-07-05 15:49:27 [INFO]      [2mReal:[0m 3.0 kWh   [2mHabitual:[0m 59.0 ± 5.9 kWh   [2mz:[0m -9.49   [2mdesvio:[0m -95%   [2m(2 obs. fim_semana)[0m
2026-07-05 15:49:27 [INFO] 
2026-07-05 15:49:27 [INFO]   🔵 [94m[1mPT0002000078233981HJ[0m  [2m[Cluster 1][0m
2026-07-05 15:49:27 [INFO]      consumiu MENOS que o habitual às 19h
2026-07-05 15:49:27 [INFO]      [2mReal:[0m 2.0 kWh   [2mHabitual:[0m 38.0 ± 3.8 kWh   [2mz:[0m -9.47   [2mdesvio:[0m -95%   [2m(2 obs. fim_semana)[0m
2026-07-05 15:49:27 [INFO] 
2026-07-05 15:49:27 [INFO]   🔵 [94m[1mPT0002000115031201VQ[0m  [2m[Cluster 0][0m
2026-07-05 15:49:27 [INFO]      consumiu MENOS que o habitual às 11h
2026-07-05 15:49:27 [INFO]      [2mReal:[0m 4.0 kWh   [2mHabitual:[0m 54.5 ± 5.5 kWh   [2mz:[0m -9.27   [2mdesvio:[0m -93%   [2m(2 obs. fim_semana)[0m
2026-07-05 15:49:27 [INFO] 
2026-07-05 15:49:27 [INFO]   🔵 [94m[1mPT0002000115031201VQ[0m  [2m[Cluster 0][0m
2026-07-05 15:49:27 [INFO]      consumiu MENOS que o habitual às 12h
2026-07-05 15:49:27 [INFO]      [2mReal:[0m 4.0 kWh   [2mHabitual:[0m 54.5 ± 5.5 kWh   [2mz:[0m -9.27   [2mdesvio:[0m -93%   [2m(2 obs. fim_semana)[0m
2026-07-05 15:49:27 [INFO] 
2026-07-05 15:49:27 [INFO]   🔵 [94m[1mPT0002000078233981HJ[0m  [2m[Cluster 1][0m
2026-07-05 15:49:27 [INFO]      consumiu MENOS que o habitual às 20h
2026-07-05 15:49:27 [INFO]      [2mReal:[0m 3.0 kWh   [2mHabitual:[0m 40.0 ± 4.0 kWh   [2mz:[0m -9.25   [2mdesvio:[0m -92%   [2m(2 obs. fim_semana)[0m
2026-07-05 15:49:27 [INFO] 
2026-07-05 15:49:27 [INFO]   🔵 [94m[1mPT0002000119303492KB[0m  [2m[Cluster 0][0m
2026-07-05 15:49:27 [INFO]      consumiu MENOS que o habitual às 15h
2026-07-05 15:49:27 [INFO]      [2mReal:[0m 4.0 kWh   [2mHabitual:[0m 52.0 ± 5.2 kWh   [2mz:[0m -9.23   [2mdesvio:[0m -92%   [2m(2 obs. fim_semana)[0m
2026-07-05 15:49:27 [INFO] 
2026-07-05 15:49:27 [INFO]   🔵 [94m[1mPT0002000119303492KB[0m  [2m[Cluster 0][0m
2026-07-05 15:49:27 [INFO]      consumiu MENOS que o habitual às 13h
2026-07-05 15:49:27 [INFO]      [2mReal:[0m 4.0 kWh   [2mHabitual:[0m 51.5 ± 5.2 kWh   [2mz:[0m -9.22   [2mdesvio:[0m -92%   [2m(2 obs. fim_semana)[0m
2026-07-05 15:49:27 [INFO] 
2026-07-05 15:49:27 [INFO]   🔵 [94m[1mPT0002000102936404ME[0m  [2m[Cluster 1][0m
2026-07-05 15:49:27 [INFO]      consumiu MENOS que o habitual às 06h
2026-07-05 15:49:27 [INFO]      [2mReal:[0m 2.0 kWh   [2mHabitual:[0m 25.0 ± 2.5 kWh   [2mz:[0m -9.20   [2mdesvio:[0m -92%   [2m(2 obs. fim_semana)[0m
2026-07-05 15:49:27 [INFO] 
2026-07-05 15:49:27 [INFO]   🔵 [94m[1mPT0002000115031201VQ[0m  [2m[Cluster 0][0m
2026-07-05 15:49:27 [INFO]      consumiu MENOS que o habitual às 13h
2026-07-05 15:49:27 [INFO]      [2mReal:[0m 4.0 kWh   [2mHabitual:[0m 49.5 ± 5.0 kWh   [2mz:[0m -9.19   [2mdesvio:[0m -92%   [2m(2 obs. fim_semana)[0m
2026-07-05 15:49:27 [INFO] 
2026-07-05 15:49:27 [INFO]   🔵 [94m[1mPT0002000110607652SB[0m  [2m[Cluster 0][0m
2026-07-05 15:49:27 [INFO]      consumiu MENOS que o habitual às 16h
2026-07-05 15:49:27 [INFO]      [2mReal:[0m 8.0 kWh   [2mHabitual:[0m 98.0 ± 9.8 kWh   [2mz:[0m -9.18   [2mdesvio:[0m -92%   [2m(2 obs. fim_semana)[0m
2026-07-05 15:49:27 [INFO] 
2026-07-05 15:49:27 [INFO]   🔵 [94m[1mPT0002000110607652SB[0m  [2m[Cluster 0][0m
2026-07-05 15:49:27 [INFO]      consumiu MENOS que o habitual às 12h
2026-07-05 15:49:27 [INFO]      [2mReal:[0m 8.0 kWh   [2mHabitual:[0m 92.0 ± 9.2 kWh   [2mz:[0m -9.13   [2mdesvio:[0m -91%   [2m(2 obs. fim_semana)[0m
2026-07-05 15:49:27 [INFO] 
2026-07-05 15:49:27 [INFO]   🔵 [94m[1mPT0002000115031201VQ[0m  [2m[Cluster 0][0m
2026-07-05 15:49:27 [INFO]      consumiu MENOS que o habitual às 10h
2026-07-05 15:49:27 [INFO]      [2mReal:[0m 4.0 kWh   [2mHabitual:[0m 45.5 ± 4.5 kWh   [2mz:[0m -9.12   [2mdesvio:[0m -91%   [2m(2 obs. fim_semana)[0m
2026-07-05 15:49:27 [INFO] 
2026-07-05 15:49:27 [INFO]   🔵 [94m[1mPT0002000115031201VQ[0m  [2m[Cluster 0][0m
2026-07-05 15:49:27 [INFO]      consumiu MENOS que o habitual às 14h
2026-07-05 15:49:27 [INFO]      [2mReal:[0m 4.0 kWh   [2mHabitual:[0m 45.5 ± 4.5 kWh   [2mz:[0m -9.12   [2mdesvio:[0m -91%   [2m(2 obs. fim_semana)[0m
2026-07-05 15:49:27 [INFO] 
2026-07-05 15:49:27 [INFO]   🔵 [94m[1mPT0002000110607652SB[0m  [2m[Cluster 0][0m
2026-07-05 15:49:27 [INFO]      consumiu MENOS que o habitual às 14h
2026-07-05 15:49:27 [INFO]      [2mReal:[0m 8.0 kWh   [2mHabitual:[0m 90.0 ± 9.0 kWh   [2mz:[0m -9.11   [2mdesvio:[0m -91%   [2m(2 obs. fim_semana)[0m
2026-07-05 15:49:27 [INFO] 
2026-07-05 15:49:27 [INFO]   🔵 [94m[1mPT0002000107046231FW[0m  [2m[Cluster 0][0m
2026-07-05 15:49:27 [INFO]      consumiu MENOS que o habitual às 15h
2026-07-05 15:49:27 [INFO]      [2mReal:[0m 3.0 kWh   [2mHabitual:[0m 33.5 ± 3.4 kWh   [2mz:[0m -9.10   [2mdesvio:[0m -91%   [2m(2 obs. fim_semana)[0m
2026-07-05 15:49:27 [INFO] 
2026-07-05 15:49:27 [INFO]   🔵 [94m[1mPT0002000110607652SB[0m  [2m[Cluster 0][0m
2026-07-05 15:49:27 [INFO]      consumiu MENOS que o habitual às 08h
2026-07-05 15:49:27 [INFO]      [2mReal:[0m 8.0 kWh   [2mHabitual:[0m 88.0 ± 8.8 kWh   [2mz:[0m -9.09   [2mdesvio:[0m -91%   [2m(2 obs. fim_semana)[0m
2026-07-05 15:49:27 [INFO] 
2026-07-05 15:49:27 [INFO]   🔵 [94m[1mPT0002000119303492KB[0m  [2m[Cluster 0][0m
2026-07-05 15:49:27 [INFO]      consumiu MENOS que o habitual às 09h
2026-07-05 15:49:27 [INFO]      [2mReal:[0m 3.0 kWh   [2mHabitual:[0m 32.0 ± 3.2 kWh   [2mz:[0m -9.06   [2mdesvio:[0m -91%   [2m(2 obs. fim_semana)[0m
2026-07-05 15:49:27 [INFO] 
2026-07-05 15:49:27 [INFO]   🔵 [94m[1mPT0002000110607652SB[0m  [2m[Cluster 0][0m
2026-07-05 15:49:27 [INFO]      consumiu MENOS que o habitual às 09h
2026-07-05 15:49:27 [INFO]      [2mReal:[0m 8.0 kWh   [2mHabitual:[0m 84.0 ± 8.4 kWh   [2mz:[0m -9.05   [2mdesvio:[0m -90%   [2m(2 obs. fim_semana)[0m
2026-07-05 15:49:27 [INFO] 
2026-07-05 15:49:27 [INFO]   🔵 [94m[1mPT0002000078294957RQ[0m  [2m[Cluster 0][0m
2026-07-05 15:49:27 [INFO]      consumiu MENOS que o habitual às 13h
2026-07-05 15:49:27 [INFO]      [2mReal:[0m 4.0 kWh   [2mHabitual:[0m 39.0 ± 3.9 kWh   [2mz:[0m -8.97   [2mdesvio:[0m -90%   [2m(2 obs. fim_semana)[0m
2026-07-05 15:49:27 [INFO] 
2026-07-05 15:49:27 [INFO]   🔵 [94m[1mPT0002000078294957RQ[0m  [2m[Cluster 0][0m
2026-07-05 15:49:27 [INFO]      consumiu MENOS que o habitual às 09h
2026-07-05 15:49:27 [INFO]      [2mReal:[0m 5.0 kWh   [2mHabitual:[0m 46.0 ± 4.6 kWh   [2mz:[0m -8.91   [2mdesvio:[0m -89%   [2m(2 obs. fim_semana)[0m
2026-07-05 15:49:27 [INFO] 
2026-07-05 15:49:27 [INFO]   🔵 [94m[1mPT0002000078294957RQ[0m  [2m[Cluster 0][0m
2026-07-05 15:49:27 [INFO]      consumiu MENOS que o habitual às 10h
2026-07-05 15:49:27 [INFO]      [2mReal:[0m 5.0 kWh   [2mHabitual:[0m 46.0 ± 4.6 kWh   [2mz:[0m -8.91   [2mdesvio:[0m -89%   [2m(2 obs. fim_semana)[0m
2026-07-05 15:49:27 [INFO] 
2026-07-05 15:49:27 [INFO]   🔵 [94m[1mPT0002000115031201VQ[0m  [2m[Cluster 0][0m
2026-07-05 15:49:27 [INFO]      consumiu MENOS que o habitual às 15h
2026-07-05 15:49:27 [INFO]      [2mReal:[0m 4.0 kWh   [2mHabitual:[0m 36.5 ± 3.6 kWh   [2mz:[0m -8.90   [2mdesvio:[0m -89%   [2m(2 obs. fim_semana)[0m
2026-07-05 15:49:27 [INFO] 
2026-07-05 15:49:27 [INFO]   🔵 [94m[1mPT0002000107046231FW[0m  [2m[Cluster 0][0m
2026-07-05 15:49:27 [INFO]      consumiu MENOS que o habitual às 16h
2026-07-05 15:49:27 [INFO]      [2mReal:[0m 3.0 kWh   [2mHabitual:[0m 25.5 ± 2.5 kWh   [2mz:[0m -8.82   [2mdesvio:[0m -88%   [2m(2 obs. fim_semana)[0m
2026-07-05 15:49:27 [INFO] 
2026-07-05 15:49:27 [INFO]   🔵 [94m[1mPT0002000125379984SH[0m  [2m[Cluster 1][0m
2026-07-05 15:49:27 [INFO]      consumiu MENOS que o habitual às 17h
2026-07-05 15:49:27 [INFO]      [2mReal:[0m 2.0 kWh   [2mHabitual:[0m 17.0 ± 1.7 kWh   [2mz:[0m -8.82   [2mdesvio:[0m -88%   [2m(2 obs. fim_semana)[0m
2026-07-05 15:49:27 [INFO] 
2026-07-05 15:49:27 [INFO]   🔵 [94m[1mPT0002000078294957RQ[0m  [2m[Cluster 0][0m
2026-07-05 15:49:27 [INFO]      consumiu MENOS que o habitual às 11h
2026-07-05 15:49:27 [INFO]      [2mReal:[0m 6.0 kWh   [2mHabitual:[0m 50.0 ± 5.0 kWh   [2mz:[0m -8.80   [2mdesvio:[0m -88%   [2m(2 obs. fim_semana)[0m
2026-07-05 15:49:27 [INFO] 
2026-07-05 15:49:27 [INFO]   🔵 [94m[1mPT0002000078294957RQ[0m  [2m[Cluster 0][0m
2026-07-05 15:49:27 [INFO]      consumiu MENOS que o habitual às 12h
2026-07-05 15:49:27 [INFO]      [2mReal:[0m 6.0 kWh   [2mHabitual:[0m 50.0 ± 5.0 kWh   [2mz:[0m -8.80   [2mdesvio:[0m -88%   [2m(2 obs. fim_semana)[0m
2026-07-05 15:49:27 [INFO] 
2026-07-05 15:49:27 [INFO]   🔵 [94m[1mPT0002000115031201VQ[0m  [2m[Cluster 0][0m
2026-07-05 15:49:27 [INFO]      consumiu MENOS que o habitual às 09h
2026-07-05 15:49:27 [INFO]      [2mReal:[0m 4.0 kWh   [2mHabitual:[0m 32.5 ± 3.2 kWh   [2mz:[0m -8.77   [2mdesvio:[0m -88%   [2m(2 obs. fim_semana)[0m
2026-07-05 15:49:27 [INFO] 
2026-07-05 15:49:27 [INFO]   🔵 [94m[1mPT0002000110607652SB[0m  [2m[Cluster 0][0m
2026-07-05 15:49:27 [INFO]      consumiu MENOS que o habitual às 17h
2026-07-05 15:49:27 [INFO]      [2mReal:[0m 12.0 kWh   [2mHabitual:[0m 94.0 ± 9.4 kWh   [2mz:[0m -8.72   [2mdesvio:[0m -87%   [2m(2 obs. fim_semana)[0m
2026-07-05 15:49:27 [INFO] 
2026-07-05 15:49:27 [INFO]   🔵 [94m[1mPT0002000073481266XH[0m  [2m[Cluster 0][0m
2026-07-05 15:49:27 [INFO]      consumiu MENOS que o habitual às 11h
2026-07-05 15:49:27 [INFO]      [2mReal:[0m 7.0 kWh   [2mHabitual:[0m 53.5 ± 5.3 kWh   [2mz:[0m -8.69   [2mdesvio:[0m -87%   [2m(2 obs. fim_semana)[0m
2026-07-05 15:49:27 [INFO] 
2026-07-05 15:49:27 [INFO]   🔵 [94m[1mPT0002000073481266XH[0m  [2m[Cluster 0][0m
2026-07-05 15:49:27 [INFO]      consumiu MENOS que o habitual às 10h
2026-07-05 15:49:27 [INFO]      [2mReal:[0m 6.0 kWh   [2mHabitual:[0m 44.5 ± 4.5 kWh   [2mz:[0m -8.65   [2mdesvio:[0m -87%   [2m(2 obs. fim_semana)[0m
2026-07-05 15:49:27 [INFO] 
2026-07-05 15:49:27 [INFO]   🔵 [94m[1mPT0002000119303492KB[0m  [2m[Cluster 0][0m
2026-07-05 15:49:27 [INFO]      consumiu MENOS que o habitual às 12h
2026-07-05 15:49:27 [INFO]      [2mReal:[0m 3.0 kWh   [2mHabitual:[0m 64.0 ± 7.1 kWh   [2mz:[0m -8.63   [2mdesvio:[0m -95%   [2m(2 obs. fim_semana)[0m
2026-07-05 15:49:27 [INFO] 
2026-07-05 15:49:27 [INFO]   🔵 [94m[1mPT0002000110607652SB[0m  [2m[Cluster 0][0m
2026-07-05 15:49:27 [INFO]      consumiu MENOS que o habitual às 11h
2026-07-05 15:49:27 [INFO]      [2mReal:[0m 12.0 kWh   [2mHabitual:[0m 86.0 ± 8.6 kWh   [2mz:[0m -8.60   [2mdesvio:[0m -86%   [2m(2 obs. fim_semana)[0m
2026-07-05 15:49:27 [INFO] 
2026-07-05 15:49:27 [INFO]   🔵 [94m[1mPT0002000071896778MT[0m  [2m[Cluster 0][0m
2026-07-05 15:49:27 [INFO]      consumiu MENOS que o habitual às 10h
2026-07-05 15:49:27 [INFO]      [2mReal:[0m 5.0 kWh   [2mHabitual:[0m 35.5 ± 3.5 kWh   [2mz:[0m -8.59   [2mdesvio:[0m -86%   [2m(2 obs. fim_semana)[0m
2026-07-05 15:49:27 [INFO] 
2026-07-05 15:49:27 [INFO]   🔵 [94m[1mPT0002000119303492KB[0m  [2m[Cluster 0][0m
2026-07-05 15:49:27 [INFO]      consumiu MENOS que o habitual às 07h
2026-07-05 15:49:27 [INFO]      [2mReal:[0m 3.0 kWh   [2mHabitual:[0m 21.0 ± 2.1 kWh   [2mz:[0m -8.57   [2mdesvio:[0m -86%   [2m(2 obs. fim_semana)[0m
2026-07-05 15:49:27 [INFO] 
2026-07-05 15:49:27 [INFO]   🔵 [94m[1mPT0002000115031201VQ[0m  [2m[Cluster 0][0m
2026-07-05 15:49:27 [INFO]      consumiu MENOS que o habitual às 16h
2026-07-05 15:49:27 [INFO]      [2mReal:[0m 4.0 kWh   [2mHabitual:[0m 27.0 ± 2.7 kWh   [2mz:[0m -8.52   [2mdesvio:[0m -85%   [2m(2 obs. fim_semana)[0m
2026-07-05 15:49:27 [INFO] 
2026-07-05 15:49:27 [INFO]   🔵 [94m[1mPT0002000073481266XH[0m  [2m[Cluster 0][0m
2026-07-05 15:49:27 [INFO]      consumiu MENOS que o habitual às 14h
2026-07-05 15:49:27 [INFO]      [2mReal:[0m 6.0 kWh   [2mHabitual:[0m 39.5 ± 4.0 kWh   [2mz:[0m -8.48   [2mdesvio:[0m -85%   [2m(2 obs. fim_semana)[0m
2026-07-05 15:49:27 [INFO] 
2026-07-05 15:49:27 [INFO]   🔵 [94m[1mPT0002000068859187RL[0m  [2m[Cluster 0][0m
2026-07-05 15:49:27 [INFO]      consumiu MENOS que o habitual às 10h
2026-07-05 15:49:27 [INFO]      [2mReal:[0m 12.0 kWh   [2mHabitual:[0m 75.5 ± 7.5 kWh   [2mz:[0m -8.41   [2mdesvio:[0m -84%   [2m(2 obs. fim_semana)[0m
2026-07-05 15:49:27 [INFO] 
2026-07-05 15:49:27 [INFO]   🔵 [94m[1mPT0002000068856974CZ[0m  [2m[sem cluster][0m
2026-07-05 15:49:27 [INFO]      consumiu MENOS que o habitual às 10h
2026-07-05 15:49:27 [INFO]      [2mReal:[0m 13.0 kWh   [2mHabitual:[0m 80.5 ± 8.1 kWh   [2mz:[0m -8.39   [2mdesvio:[0m -84%   [2m(2 obs. fim_semana)[0m
2026-07-05 15:49:27 [INFO] 
2026-07-05 15:49:27 [INFO]   🔵 [94m[1mPT0002000068859187RL[0m  [2m[Cluster 0][0m
2026-07-05 15:49:27 [INFO]      consumiu MENOS que o habitual às 12h
2026-07-05 15:49:27 [INFO]      [2mReal:[0m 12.0 kWh   [2mHabitual:[0m 74.0 ± 7.4 kWh   [2mz:[0m -8.38   [2mdesvio:[0m -84%   [2m(2 obs. fim_semana)[0m
2026-07-05 15:49:27 [INFO] 
2026-07-05 15:49:27 [INFO]   🔵 [94m[1mPT0002000115031201VQ[0m  [2m[Cluster 0][0m
2026-07-05 15:49:27 [INFO]      consumiu MENOS que o habitual às 17h
2026-07-05 15:49:27 [INFO]      [2mReal:[0m 4.0 kWh   [2mHabitual:[0m 24.5 ± 2.5 kWh   [2mz:[0m -8.37   [2mdesvio:[0m -84%   [2m(2 obs. fim_semana)[0m
2026-07-05 15:49:27 [INFO] 
2026-07-05 15:49:27 [INFO]   🔵 [94m[1mPT0002000068859187RL[0m  [2m[Cluster 0][0m
2026-07-05 15:49:27 [INFO]      consumiu MENOS que o habitual às 09h
2026-07-05 15:49:27 [INFO]      [2mReal:[0m 12.0 kWh   [2mHabitual:[0m 73.0 ± 7.3 kWh   [2mz:[0m -8.36   [2mdesvio:[0m -84%   [2m(2 obs. fim_semana)[0m
2026-07-05 15:49:27 [INFO] 
2026-07-05 15:49:27 [INFO]   🔵 [94m[1mPT0002000101964938LF[0m  [2m[Cluster 0][0m
2026-07-05 15:49:27 [INFO]      consumiu MENOS que o habitual às 16h
2026-07-05 15:49:27 [INFO]      [2mReal:[0m 13.0 kWh   [2mHabitual:[0m 79.5 ± 8.0 kWh   [2mz:[0m -8.36   [2mdesvio:[0m -84%   [2m(2 obs. fim_semana)[0m
2026-07-05 15:49:27 [INFO] 
2026-07-05 15:49:27 [INFO]   🔴 [91m[1mPT0002000068857099AR[0m  [2m[Cluster 1][0m
2026-07-05 15:49:27 [INFO]      consumiu MAIS que o habitual às 14h
2026-07-05 15:49:27 [INFO]      [2mReal:[0m 22.0 kWh   [2mHabitual:[0m 12.0 ± 1.2 kWh   [2mz:[0m +8.33   [2mdesvio:[0m +83%   [2m(2 obs. fim_semana)[0m
2026-07-05 15:49:27 [INFO] 
2026-07-05 15:49:27 [INFO]   🔵 [94m[1mPT0002000068859187RL[0m  [2m[Cluster 0][0m
2026-07-05 15:49:27 [INFO]      consumiu MENOS que o habitual às 11h
2026-07-05 15:49:27 [INFO]      [2mReal:[0m 12.0 kWh   [2mHabitual:[0m 71.5 ± 7.2 kWh   [2mz:[0m -8.32   [2mdesvio:[0m -83%   [2m(2 obs. fim_semana)[0m
2026-07-05 15:49:27 [INFO] 
2026-07-05 15:49:27 [INFO]   🔵 [94m[1mPT0002000101964938LF[0m  [2m[Cluster 0][0m
2026-07-05 15:49:27 [INFO]      consumiu MENOS que o habitual às 15h
2026-07-05 15:49:27 [INFO]      [2mReal:[0m 13.0 kWh   [2mHabitual:[0m 77.0 ± 7.7 kWh   [2mz:[0m -8.31   [2mdesvio:[0m -83%   [2m(2 obs. fim_semana)[0m
2026-07-05 15:49:27 [INFO] 
2026-07-05 15:49:27 [INFO]   🔵 [94m[1mPT0002000101964938LF[0m  [2m[Cluster 0][0m
2026-07-05 15:49:27 [INFO]      consumiu MENOS que o habitual às 17h
2026-07-05 15:49:27 [INFO]      [2mReal:[0m 13.0 kWh   [2mHabitual:[0m 76.5 ± 7.7 kWh   [2mz:[0m -8.30   [2mdesvio:[0m -83%   [2m(2 obs. fim_semana)[0m
2026-07-05 15:49:27 [INFO] 
2026-07-05 15:49:27 [INFO]   🔵 [94m[1mPT0002000033074862LZ[0m  [2m[Cluster 0][0m
2026-07-05 15:49:27 [INFO]      consumiu MENOS que o habitual às 12h
2026-07-05 15:49:27 [INFO]      [2mReal:[0m 10.0 kWh   [2mHabitual:[0m 57.0 ± 5.7 kWh   [2mz:[0m -8.25   [2mdesvio:[0m -82%   [2m(2 obs. fim_semana)[0m
2026-07-05 15:49:27 [INFO] 
2026-07-05 15:49:27 [INFO]   🔴 [91m[1mPT0002000073720434JD[0m  [2m[sem cluster][0m
2026-07-05 15:49:27 [INFO]      consumiu MAIS que o habitual às 00h
2026-07-05 15:49:27 [INFO]      [2mReal:[0m 52.0 kWh   [2mHabitual:[0m 28.5 ± 2.9 kWh   [2mz:[0m +8.25   [2mdesvio:[0m +82%   [2m(2 obs. fim_semana)[0m
2026-07-05 15:49:27 [INFO] 
2026-07-05 15:49:27 [INFO]   🔵 [94m[1mPT0002000115700602GW[0m  [2m[Cluster 0][0m
2026-07-05 15:49:27 [INFO]      consumiu MENOS que o habitual às 13h
2026-07-05 15:49:27 [INFO]      [2mReal:[0m 8.0 kWh   [2mHabitual:[0m 44.5 ± 4.5 kWh   [2mz:[0m -8.20   [2mdesvio:[0m -82%   [2m(2 obs. fim_semana)[0m
2026-07-05 15:49:27 [INFO] 
2026-07-05 15:49:27 [INFO]   🔵 [94m[1mPT0002000068856974CZ[0m  [2m[sem cluster][0m
2026-07-05 15:49:27 [INFO]      consumiu MENOS que o habitual às 08h
2026-07-05 15:49:27 [INFO]      [2mReal:[0m 12.0 kWh   [2mHabitual:[0m 63.0 ± 6.3 kWh   [2mz:[0m -8.10   [2mdesvio:[0m -81%   [2m(2 obs. fim_semana)[0m
2026-07-05 15:49:27 [INFO] 
2026-07-05 15:49:27 [INFO]   🔵 [94m[1mPT0002000068859187RL[0m  [2m[Cluster 0][0m
2026-07-05 15:49:27 [INFO]      consumiu MENOS que o habitual às 14h
2026-07-05 15:49:27 [INFO]      [2mReal:[0m 12.0 kWh   [2mHabitual:[0m 63.0 ± 6.3 kWh   [2mz:[0m -8.10   [2mdesvio:[0m -81%   [2m(2 obs. fim_semana)[0m
2026-07-05 15:49:27 [INFO] 
2026-07-05 15:49:27 [INFO]   🔵 [94m[1mPT0002000071896778MT[0m  [2m[Cluster 0][0m
2026-07-05 15:49:27 [INFO]      consumiu MENOS que o habitual às 13h
2026-07-05 15:49:27 [INFO]      [2mReal:[0m 4.0 kWh   [2mHabitual:[0m 21.0 ± 2.1 kWh   [2mz:[0m -8.10   [2mdesvio:[0m -81%   [2m(2 obs. fim_semana)[0m
2026-07-05 15:49:27 [INFO] 
2026-07-05 15:49:27 [INFO]   🔴 [91m[1mPT0002000079469719HF[0m  [2m[sem cluster][0m
2026-07-05 15:49:27 [INFO]      consumiu MAIS que o habitual às 13h
2026-07-05 15:49:27 [INFO]      [2mReal:[0m 99.0 kWh   [2mHabitual:[0m 47.5 ± 6.4 kWh   [2mz:[0m +8.09   [2mdesvio:[0m +108%   [2m(2 obs. fim_semana)[0m
2026-07-05 15:49:27 [INFO] 
2026-07-05 15:49:27 [INFO]   🔵 [94m[1mPT0002000119303492KB[0m  [2m[Cluster 0][0m
2026-07-05 15:49:27 [INFO]      consumiu MENOS que o habitual às 14h
2026-07-05 15:49:27 [INFO]      [2mReal:[0m 3.0 kWh   [2mHabitual:[0m 54.5 ± 6.4 kWh   [2mz:[0m -8.09   [2mdesvio:[0m -94%   [2m(2 obs. fim_semana)[0m
2026-07-05 15:49:27 [INFO] 
2026-07-05 15:49:27 [INFO]   🔵 [94m[1mPT0002000068859187RL[0m  [2m[Cluster 0][0m
2026-07-05 15:49:27 [INFO]      consumiu MENOS que o habitual às 08h
2026-07-05 15:49:27 [INFO]      [2mReal:[0m 12.0 kWh   [2mHabitual:[0m 62.5 ± 6.2 kWh   [2mz:[0m -8.08   [2mdesvio:[0m -81%   [2m(2 obs. fim_semana)[0m
2026-07-05 15:49:27 [INFO] 
2026-07-05 15:49:27 [INFO]   🔵 [94m[1mPT0002000101964938LF[0m  [2m[Cluster 0][0m
2026-07-05 15:49:27 [INFO]      consumiu MENOS que o habitual às 18h
2026-07-05 15:49:27 [INFO]      [2mReal:[0m 14.0 kWh   [2mHabitual:[0m 72.0 ± 7.2 kWh   [2mz:[0m -8.06   [2mdesvio:[0m -81%   [2m(2 obs. fim_semana)[0m
2026-07-05 15:49:27 [INFO] 
2026-07-05 15:49:27 [INFO]   🔵 [94m[1mPT0002000119303492KB[0m  [2m[Cluster 0][0m
2026-07-05 15:49:27 [INFO]      consumiu MENOS que o habitual às 18h
2026-07-05 15:49:27 [INFO]      [2mReal:[0m 5.0 kWh   [2mHabitual:[0m 33.5 ± 3.5 kWh   [2mz:[0m -8.06   [2mdesvio:[0m -85%   [2m(2 obs. fim_semana)[0m
2026-07-05 15:49:27 [INFO] 
2026-07-05 15:49:27 [INFO]   🔵 [94m[1mPT0002000033074862LZ[0m  [2m[Cluster 0][0m
2026-07-05 15:49:27 [INFO]      consumiu MENOS que o habitual às 09h
2026-07-05 15:49:27 [INFO]      [2mReal:[0m 10.0 kWh   [2mHabitual:[0m 51.0 ± 5.1 kWh   [2mz:[0m -8.04   [2mdesvio:[0m -80%   [2m(2 obs. fim_semana)[0m
2026-07-05 15:49:27 [INFO] 
2026-07-05 15:49:27 [INFO]   🔵 [94m[1mPT0002000115700602GW[0m  [2m[Cluster 0][0m
2026-07-05 15:49:27 [INFO]      consumiu MENOS que o habitual às 12h
2026-07-05 15:49:27 [INFO]      [2mReal:[0m 9.0 kWh   [2mHabitual:[0m 46.0 ± 4.6 kWh   [2mz:[0m -8.04   [2mdesvio:[0m -80%   [2m(2 obs. fim_semana)[0m
2026-07-05 15:49:27 [INFO] 
2026-07-05 15:49:27 [INFO]   🔵 [94m[1mPT0002000115673389QK[0m  [2m[Cluster 0][0m
2026-07-05 15:49:27 [INFO]      consumiu MENOS que o habitual às 11h
2026-07-05 15:49:27 [INFO]      [2mReal:[0m 26.0 kWh   [2mHabitual:[0m 131.5 ± 13.2 kWh   [2mz:[0m -8.02   [2mdesvio:[0m -80%   [2m(2 obs. fim_semana)[0m
2026-07-05 15:49:27 [INFO] 
2026-07-05 15:49:27 [INFO]   🔵 [94m[1mPT0002000071896778MT[0m  [2m[Cluster 0][0m
2026-07-05 15:49:27 [INFO]      consumiu MENOS que o habitual às 12h
2026-07-05 15:49:27 [INFO]      [2mReal:[0m 6.0 kWh   [2mHabitual:[0m 30.0 ± 3.0 kWh   [2mz:[0m -8.00   [2mdesvio:[0m -80%   [2m(2 obs. fim_semana)[0m
2026-07-05 15:49:27 [INFO] 
2026-07-05 15:49:27 [INFO]   🔵 [94m[1mPT0002000101964938LF[0m  [2m[Cluster 0][0m
2026-07-05 15:49:27 [INFO]      consumiu MENOS que o habitual às 12h
2026-07-05 15:49:27 [INFO]      [2mReal:[0m 13.0 kWh   [2mHabitual:[0m 64.5 ± 6.5 kWh   [2mz:[0m -7.98   [2mdesvio:[0m -80%   [2m(2 obs. fim_semana)[0m
2026-07-05 15:49:27 [INFO] 
2026-07-05 15:49:27 [INFO]   🔵 [94m[1mPT0002000068859187RL[0m  [2m[Cluster 0][0m
2026-07-05 15:49:27 [INFO]      consumiu MENOS que o habitual às 13h
2026-07-05 15:49:27 [INFO]      [2mReal:[0m 12.0 kWh   [2mHabitual:[0m 59.0 ± 5.9 kWh   [2mz:[0m -7.97   [2mdesvio:[0m -80%   [2m(2 obs. fim_semana)[0m
2026-07-05 15:49:27 [INFO] 
2026-07-05 15:49:27 [INFO]   🔵 [94m[1mPT0002000068859187RL[0m  [2m[Cluster 0][0m
2026-07-05 15:49:27 [INFO]      consumiu MENOS que o habitual às 15h
2026-07-05 15:49:27 [INFO]      [2mReal:[0m 12.0 kWh   [2mHabitual:[0m 59.0 ± 5.9 kWh   [2mz:[0m -7.97   [2mdesvio:[0m -80%   [2m(2 obs. fim_semana)[0m
2026-07-05 15:49:27 [INFO] 
2026-07-05 15:49:27 [INFO]   🔵 [94m[1mPT0002000078294957RQ[0m  [2m[Cluster 0][0m
2026-07-05 15:49:27 [INFO]      consumiu MENOS que o habitual às 15h
2026-07-05 15:49:27 [INFO]      [2mReal:[0m 6.0 kWh   [2mHabitual:[0m 29.5 ± 3.0 kWh   [2mz:[0m -7.97   [2mdesvio:[0m -80%   [2m(2 obs. fim_semana)[0m
2026-07-05 15:49:27 [INFO] 
2026-07-05 15:49:27 [INFO]   🔵 [94m[1mPT0002000078294957RQ[0m  [2m[Cluster 0][0m
2026-07-05 15:49:27 [INFO]      consumiu MENOS que o habitual às 16h
2026-07-05 15:49:27 [INFO]      [2mReal:[0m 5.0 kWh   [2mHabitual:[0m 24.5 ± 2.5 kWh   [2mz:[0m -7.96   [2mdesvio:[0m -80%   [2m(2 obs. fim_semana)[0m
2026-07-05 15:49:27 [INFO] 
2026-07-05 15:49:27 [INFO]   🔵 [94m[1mPT0002000101964938LF[0m  [2m[Cluster 0][0m
2026-07-05 15:49:27 [INFO]      consumiu MENOS que o habitual às 19h
2026-07-05 15:49:27 [INFO]      [2mReal:[0m 13.0 kWh   [2mHabitual:[0m 63.5 ± 6.3 kWh   [2mz:[0m -7.95   [2mdesvio:[0m -80%   [2m(2 obs. fim_semana)[0m
2026-07-05 15:49:27 [INFO] 
2026-07-05 15:49:27 [INFO]   🔵 [94m[1mPT0002000073481266XH[0m  [2m[Cluster 0][0m
2026-07-05 15:49:27 [INFO]      consumiu MENOS que o habitual às 08h
2026-07-05 15:49:27 [INFO]      [2mReal:[0m 6.0 kWh   [2mHabitual:[0m 29.0 ± 2.9 kWh   [2mz:[0m -7.93   [2mdesvio:[0m -79%   [2m(2 obs. fim_semana)[0m
2026-07-05 15:49:27 [INFO] 
2026-07-05 15:49:27 [INFO]   🔴 [91m[1mPT0002000079469719HF[0m  [2m[sem cluster][0m
2026-07-05 15:49:27 [INFO]      consumiu MAIS que o habitual às 12h
2026-07-05 15:49:27 [INFO]      [2mReal:[0m 110.0 kWh   [2mHabitual:[0m 54.0 ± 7.1 kWh   [2mz:[0m +7.92   [2mdesvio:[0m +104%   [2m(2 obs. fim_semana)[0m
2026-07-05 15:49:27 [INFO] 
2026-07-05 15:49:27 [INFO]   🔵 [94m[1mPT0002000119303492KB[0m  [2m[Cluster 0][0m
2026-07-05 15:49:27 [INFO]      consumiu MENOS que o habitual às 10h
2026-07-05 15:49:27 [INFO]      [2mReal:[0m 4.0 kWh   [2mHabitual:[0m 65.5 ± 7.8 kWh   [2mz:[0m -7.91   [2mdesvio:[0m -94%   [2m(2 obs. fim_semana)[0m
2026-07-05 15:49:27 [INFO] 
2026-07-05 15:49:27 [INFO]   🔵 [94m[1mPT0002000068856655YV[0m  [2m[Cluster 0][0m
2026-07-05 15:49:27 [INFO]      consumiu MENOS que o habitual às 09h
2026-07-05 15:49:27 [INFO]      [2mReal:[0m 2.0 kWh   [2mHabitual:[0m 9.5 ± 0.9 kWh   [2mz:[0m -7.89   [2mdesvio:[0m -79%   [2m(2 obs. fim_semana)[0m
2026-07-05 15:49:27 [INFO] 
2026-07-05 15:49:27 [INFO]   🔵 [94m[1mPT0002000101964938LF[0m  [2m[Cluster 0][0m
2026-07-05 15:49:27 [INFO]      consumiu MENOS que o habitual às 11h
2026-07-05 15:49:27 [INFO]      [2mReal:[0m 13.0 kWh   [2mHabitual:[0m 61.5 ± 6.2 kWh   [2mz:[0m -7.89   [2mdesvio:[0m -79%   [2m(2 obs. fim_semana)[0m
2026-07-05 15:49:27 [INFO] 
2026-07-05 15:49:27 [INFO]   🔵 [94m[1mPT0002000075637532JB[0m  [2m[Cluster 0][0m
2026-07-05 15:49:27 [INFO]      consumiu MENOS que o habitual às 12h
2026-07-05 15:49:27 [INFO]      [2mReal:[0m 6.0 kWh   [2mHabitual:[0m 28.0 ± 2.8 kWh   [2mz:[0m -7.86   [2mdesvio:[0m -79%   [2m(2 obs. fim_semana)[0m
2026-07-05 15:49:27 [INFO] 
2026-07-05 15:49:27 [INFO]   🔵 [94m[1mPT0002000033074862LZ[0m  [2m[Cluster 0][0m
2026-07-05 15:49:27 [INFO]      consumiu MENOS que o habitual às 10h
2026-07-05 15:49:27 [INFO]      [2mReal:[0m 11.0 kWh   [2mHabitual:[0m 51.0 ± 5.1 kWh   [2mz:[0m -7.84   [2mdesvio:[0m -78%   [2m(2 obs. fim_semana)[0m
2026-07-05 15:49:27 [INFO] 
2026-07-05 15:49:27 [INFO]   🔴 [91m[1mPT0002000109837807PE[0m  [2m[Cluster 1][0m
2026-07-05 15:49:27 [INFO]      consumiu MAIS que o habitual às 11h
2026-07-05 15:49:27 [INFO]      [2mReal:[0m 9.0 kWh   [2mHabitual:[0m 3.5 ± 0.7 kWh   [2mz:[0m +7.78   [2mdesvio:[0m +157%   [2m(2 obs. fim_semana)[0m
2026-07-05 15:49:27 [INFO] 
2026-07-05 15:49:27 [INFO]   🔵 [94m[1mPT0002000109837807PE[0m  [2m[Cluster 1][0m
2026-07-05 15:49:27 [INFO]      consumiu MENOS que o habitual às 18h
2026-07-05 15:49:27 [INFO]      [2mReal:[0m 4.0 kWh   [2mHabitual:[0m 18.0 ± 1.8 kWh   [2mz:[0m -7.78   [2mdesvio:[0m -78%   [2m(2 obs. fim_semana)[0m
2026-07-05 15:49:27 [INFO] 
2026-07-05 15:49:27 [INFO]   🔴 [91m[1mPT0002000123648159KR[0m  [2m[Cluster 0][0m
2026-07-05 15:49:27 [INFO]      consumiu MAIS que o habitual às 02h
2026-07-05 15:49:27 [INFO]      [2mReal:[0m 14.0 kWh   [2mHabitual:[0m 3.0 ± 1.4 kWh   [2mz:[0m +7.78   [2mdesvio:[0m +367%   [2m(2 obs. fim_semana)[0m
2026-07-05 15:49:27 [INFO] 
2026-07-05 15:49:27 [INFO]   🔵 [94m[1mPT0002000125379984SH[0m  [2m[Cluster 1][0m
2026-07-05 15:49:27 [INFO]      consumiu MENOS que o habitual às 10h
2026-07-05 15:49:27 [INFO]      [2mReal:[0m 1.0 kWh   [2mHabitual:[0m 17.5 ± 2.1 kWh   [2mz:[0m -7.78   [2mdesvio:[0m -94%   [2m(2 obs. fim_semana)[0m
2026-07-05 15:49:27 [INFO] 
2026-07-05 15:49:27 [INFO]   🔵 [94m[1mPT0002000102936404ME[0m  [2m[Cluster 1][0m
2026-07-05 15:49:27 [INFO]      consumiu MENOS que o habitual às 02h
2026-07-05 15:49:27 [INFO]      [2mReal:[0m 12.0 kWh   [2mHabitual:[0m 53.0 ± 5.3 kWh   [2mz:[0m -7.74   [2mdesvio:[0m -77%   [2m(2 obs. fim_semana)[0m
2026-07-05 15:49:27 [INFO] 
2026-07-05 15:49:27 [INFO]   🔵 [94m[1mPT0002000033074862LZ[0m  [2m[Cluster 0][0m
2026-07-05 15:49:27 [INFO]      consumiu MENOS que o habitual às 08h
2026-07-05 15:49:27 [INFO]      [2mReal:[0m 11.0 kWh   [2mHabitual:[0m 48.0 ± 4.8 kWh   [2mz:[0m -7.71   [2mdesvio:[0m -77%   [2m(2 obs. fim_semana)[0m
2026-07-05 15:49:27 [INFO] 
2026-07-05 15:49:27 [INFO]   🔵 [94m[1mPT0002000078294957RQ[0m  [2m[Cluster 0][0m
2026-07-05 15:49:27 [INFO]      consumiu MENOS que o habitual às 08h
2026-07-05 15:49:27 [INFO]      [2mReal:[0m 8.0 kWh   [2mHabitual:[0m 35.0 ± 3.5 kWh   [2mz:[0m -7.71   [2mdesvio:[0m -77%   [2m(2 obs. fim_semana)[0m
2026-07-05 15:49:27 [INFO] 
2026-07-05 15:49:27 [INFO]   🔵 [94m[1mPT0002000068859187RL[0m  [2m[Cluster 0][0m
2026-07-05 15:49:27 [INFO]      consumiu MENOS que o habitual às 16h
2026-07-05 15:49:27 [INFO]      [2mReal:[0m 12.0 kWh   [2mHabitual:[0m 52.0 ± 5.2 kWh   [2mz:[0m -7.69   [2mdesvio:[0m -77%   [2m(2 obs. fim_semana)[0m
2026-07-05 15:49:27 [INFO] 
2026-07-05 15:49:27 [INFO]   🔵 [94m[1mPT0002000071896778MT[0m  [2m[Cluster 0][0m
2026-07-05 15:49:27 [INFO]      consumiu MENOS que o habitual às 09h
2026-07-05 15:49:27 [INFO]      [2mReal:[0m 6.0 kWh   [2mHabitual:[0m 26.0 ± 2.6 kWh   [2mz:[0m -7.69   [2mdesvio:[0m -77%   [2m(2 obs. fim_semana)[0m
2026-07-05 15:49:27 [INFO] 
2026-07-05 15:49:27 [INFO]   🔵 [94m[1mPT0002000115700602GW[0m  [2m[Cluster 0][0m
2026-07-05 15:49:27 [INFO]      consumiu MENOS que o habitual às 10h
2026-07-05 15:49:27 [INFO]      [2mReal:[0m 9.0 kWh   [2mHabitual:[0m 38.5 ± 3.9 kWh   [2mz:[0m -7.66   [2mdesvio:[0m -77%   [2m(2 obs. fim_semana)[0m
2026-07-05 15:49:27 [INFO] 
2026-07-05 15:49:27 [INFO]   🔵 [94m[1mPT0002000068856655YV[0m  [2m[Cluster 0][0m
2026-07-05 15:49:27 [INFO]      consumiu MENOS que o habitual às 13h
2026-07-05 15:49:27 [INFO]      [2mReal:[0m 2.0 kWh   [2mHabitual:[0m 8.5 ± 0.8 kWh   [2mz:[0m -7.65   [2mdesvio:[0m -76%   [2m(2 obs. fim_semana)[0m
2026-07-05 15:49:27 [INFO] 
2026-07-05 15:49:27 [INFO]   🔵 [94m[1mPT0002000102936404ME[0m  [2m[Cluster 1][0m
2026-07-05 15:49:27 [INFO]      consumiu MENOS que o habitual às 03h
2026-07-05 15:49:27 [INFO]      [2mReal:[0m 13.0 kWh   [2mHabitual:[0m 55.0 ± 5.5 kWh   [2mz:[0m -7.64   [2mdesvio:[0m -76%   [2m(2 obs. fim_semana)[0m
2026-07-05 15:49:27 [INFO] 
2026-07-05 15:49:27 [INFO]   🔵 [94m[1mPT0002000071896778MT[0m  [2m[Cluster 0][0m
2026-07-05 15:49:27 [INFO]      consumiu MENOS que o habitual às 11h
2026-07-05 15:49:27 [INFO]      [2mReal:[0m 5.0 kWh   [2mHabitual:[0m 21.0 ± 2.1 kWh   [2mz:[0m -7.62   [2mdesvio:[0m -76%   [2m(2 obs. fim_semana)[0m
2026-07-05 15:49:27 [INFO] 
2026-07-05 15:49:27 [INFO]   🔵 [94m[1mPT0002000115031201VQ[0m  [2m[Cluster 0][0m
2026-07-05 15:49:27 [INFO]      consumiu MENOS que o habitual às 08h
2026-07-05 15:49:27 [INFO]      [2mReal:[0m 6.0 kWh   [2mHabitual:[0m 25.0 ± 2.5 kWh   [2mz:[0m -7.60   [2mdesvio:[0m -76%   [2m(2 obs. fim_semana)[0m
2026-07-05 15:49:27 [INFO] 
2026-07-05 15:49:27 [INFO]   🔵 [94m[1mPT0002000102936404ME[0m  [2m[Cluster 1][0m
2026-07-05 15:49:27 [INFO]      consumiu MENOS que o habitual às 04h
2026-07-05 15:49:27 [INFO]      [2mReal:[0m 12.0 kWh   [2mHabitual:[0m 49.5 ± 5.0 kWh   [2mz:[0m -7.58   [2mdesvio:[0m -76%   [2m(2 obs. fim_semana)[0m
2026-07-05 15:49:27 [INFO] 
2026-07-05 15:49:27 [INFO]   🔵 [94m[1mPT0002000068856655YV[0m  [2m[Cluster 0][0m
2026-07-05 15:49:27 [INFO]      consumiu MENOS que o habitual às 17h
2026-07-05 15:49:27 [INFO]      [2mReal:[0m 2.0 kWh   [2mHabitual:[0m 8.0 ± 0.8 kWh   [2mz:[0m -7.50   [2mdesvio:[0m -75%   [2m(2 obs. fim_semana)[0m
2026-07-05 15:49:27 [INFO] 
2026-07-05 15:49:27 [INFO]   🔵 [94m[1mPT0002000071896778MT[0m  [2m[Cluster 0][0m
2026-07-05 15:49:27 [INFO]      consumiu MENOS que o habitual às 08h
2026-07-05 15:49:27 [INFO]      [2mReal:[0m 6.0 kWh   [2mHabitual:[0m 23.5 ± 2.4 kWh   [2mz:[0m -7.45   [2mdesvio:[0m -74%   [2m(2 obs. fim_semana)[0m
2026-07-05 15:49:27 [INFO] 
2026-07-05 15:49:27 [INFO]   🔵 [94m[1mPT0002000068856974CZ[0m  [2m[sem cluster][0m
2026-07-05 15:49:27 [INFO]      consumiu MENOS que o habitual às 13h
2026-07-05 15:49:27 [INFO]      [2mReal:[0m 23.0 kWh   [2mHabitual:[0m 89.0 ± 8.9 kWh   [2mz:[0m -7.42   [2mdesvio:[0m -74%   [2m(2 obs. fim_semana)[0m
2026-07-05 15:49:27 [INFO] 
2026-07-05 15:49:27 [INFO]   🔵 [94m[1mPT0002000068859187RL[0m  [2m[Cluster 0][0m
2026-07-05 15:49:27 [INFO]      consumiu MENOS que o habitual às 17h
2026-07-05 15:49:27 [INFO]      [2mReal:[0m 12.0 kWh   [2mHabitual:[0m 46.5 ± 4.7 kWh   [2mz:[0m -7.42   [2mdesvio:[0m -74%   [2m(2 obs. fim_semana)[0m
2026-07-05 15:49:27 [INFO] 
2026-07-05 15:49:27 [INFO]   🔵 [94m[1mPT0002000068856974CZ[0m  [2m[sem cluster][0m
2026-07-05 15:49:27 [INFO]      consumiu MENOS que o habitual às 09h
2026-07-05 15:49:27 [INFO]      [2mReal:[0m 11.0 kWh   [2mHabitual:[0m 68.5 ± 7.8 kWh   [2mz:[0m -7.39   [2mdesvio:[0m -84%   [2m(2 obs. fim_semana)[0m
2026-07-05 15:49:27 [INFO] 
2026-07-05 15:49:27 [INFO]   🔵 [94m[1mPT0002000120237616VJ[0m  [2m[Cluster 0][0m
2026-07-05 15:49:27 [INFO]      consumiu MENOS que o habitual às 12h
2026-07-05 15:49:27 [INFO]      [2mReal:[0m 16.0 kWh   [2mHabitual:[0m 59.5 ± 6.0 kWh   [2mz:[0m -7.31   [2mdesvio:[0m -73%   [2m(2 obs. fim_semana)[0m
2026-07-05 15:49:27 [INFO] 
2026-07-05 15:49:27 [INFO]   🔵 [94m[1mPT0002000120237616VJ[0m  [2m[Cluster 0][0m
2026-07-05 15:49:27 [INFO]      consumiu MENOS que o habitual às 11h
2026-07-05 15:49:27 [INFO]      [2mReal:[0m 15.0 kWh   [2mHabitual:[0m 55.5 ± 5.5 kWh   [2mz:[0m -7.30   [2mdesvio:[0m -73%   [2m(2 obs. fim_semana)[0m
2026-07-05 15:49:27 [INFO] 
2026-07-05 15:49:27 [INFO]   🔵 [94m[1mPT0002000115673389QK[0m  [2m[Cluster 0][0m
2026-07-05 15:49:27 [INFO]      consumiu MENOS que o habitual às 09h
2026-07-05 15:49:27 [INFO]      [2mReal:[0m 23.0 kWh   [2mHabitual:[0m 83.5 ± 8.3 kWh   [2mz:[0m -7.25   [2mdesvio:[0m -72%   [2m(2 obs. fim_semana)[0m
2026-07-05 15:49:27 [INFO] 
2026-07-05 15:49:27 [INFO]   🔵 [94m[1mPT0002000078294957RQ[0m  [2m[Cluster 0][0m
2026-07-05 15:49:27 [INFO]      consumiu MENOS que o habitual às 14h
2026-07-05 15:49:27 [INFO]      [2mReal:[0m 7.0 kWh   [2mHabitual:[0m 32.5 ± 3.5 kWh   [2mz:[0m -7.21   [2mdesvio:[0m -78%   [2m(2 obs. fim_semana)[0m
2026-07-05 15:49:27 [INFO] 
2026-07-05 15:49:27 [INFO]   🔵 [94m[1mPT0002000115673471CB[0m  [2m[Cluster 0][0m
2026-07-05 15:49:27 [INFO]      consumiu MENOS que o habitual às 12h
2026-07-05 15:49:27 [INFO]      [2mReal:[0m 21.0 kWh   [2mHabitual:[0m 75.0 ± 7.5 kWh   [2mz:[0m -7.20   [2mdesvio:[0m -72%   [2m(2 obs. fim_semana)[0m
2026-07-05 15:49:27 [INFO] 
2026-07-05 15:49:27 [INFO]   🔵 [94m[1mPT0002000120237616VJ[0m  [2m[Cluster 0][0m
2026-07-05 15:49:27 [INFO]      consumiu MENOS que o habitual às 09h
2026-07-05 15:49:27 [INFO]      [2mReal:[0m 13.0 kWh   [2mHabitual:[0m 46.5 ± 4.7 kWh   [2mz:[0m -7.20   [2mdesvio:[0m -72%   [2m(2 obs. fim_semana)[0m
2026-07-05 15:49:27 [INFO] 
2026-07-05 15:49:27 [INFO]   🔵 [94m[1mPT0002000115673471CB[0m  [2m[Cluster 0][0m
2026-07-05 15:49:27 [INFO]      consumiu MENOS que o habitual às 11h
2026-07-05 15:49:27 [INFO]      [2mReal:[0m 17.0 kWh   [2mHabitual:[0m 59.5 ± 6.0 kWh   [2mz:[0m -7.14   [2mdesvio:[0m -71%   [2m(2 obs. fim_semana)[0m
2026-07-05 15:49:27 [INFO] 
2026-07-05 15:49:27 [INFO]   🔵 [94m[1mPT0002000115700602GW[0m  [2m[Cluster 0][0m
2026-07-05 15:49:27 [INFO]      consumiu MENOS que o habitual às 15h
2026-07-05 15:49:27 [INFO]      [2mReal:[0m 8.0 kWh   [2mHabitual:[0m 27.5 ± 2.8 kWh   [2mz:[0m -7.09   [2mdesvio:[0m -71%   [2m(2 obs. fim_semana)[0m
2026-07-05 15:49:27 [INFO] 
2026-07-05 15:49:27 [INFO]   🔵 [94m[1mPT0002000120237616VJ[0m  [2m[Cluster 0][0m
2026-07-05 15:49:27 [INFO]      consumiu MENOS que o habitual às 13h
2026-07-05 15:49:27 [INFO]      [2mReal:[0m 15.0 kWh   [2mHabitual:[0m 51.5 ± 5.2 kWh   [2mz:[0m -7.09   [2mdesvio:[0m -71%   [2m(2 obs. fim_semana)[0m
2026-07-05 15:49:27 [INFO] 
2026-07-05 15:49:27 [INFO]   🔵 [94m[1mPT0002000115673389QK[0m  [2m[Cluster 0][0m
2026-07-05 15:49:27 [INFO]      consumiu MENOS que o habitual às 08h
2026-07-05 15:49:27 [INFO]      [2mReal:[0m 19.0 kWh   [2mHabitual:[0m 65.0 ± 6.5 kWh   [2mz:[0m -7.08   [2mdesvio:[0m -71%   [2m(2 obs. fim_semana)[0m
2026-07-05 15:49:27 [INFO] 
2026-07-05 15:49:27 [INFO]   🔵 [94m[1mPT0002000073481266XH[0m  [2m[Cluster 0][0m
2026-07-05 15:49:27 [INFO]      consumiu MENOS que o habitual às 12h
2026-07-05 15:49:27 [INFO]      [2mReal:[0m 6.0 kWh   [2mHabitual:[0m 46.0 ± 5.7 kWh   [2mz:[0m -7.07   [2mdesvio:[0m -87%   [2m(2 obs. fim_semana)[0m
2026-07-05 15:49:27 [INFO] 
2026-07-05 15:49:27 [INFO]   🔴 [91m[1mPT0002000078207354XC[0m  [2m[Cluster 1][0m
2026-07-05 15:49:27 [INFO]      consumiu MAIS que o habitual às 19h
2026-07-05 15:49:27 [INFO]      [2mReal:[0m 31.0 kWh   [2mHabitual:[0m 11.0 ± 2.8 kWh   [2mz:[0m +7.07   [2mdesvio:[0m +182%   [2m(2 obs. fim_semana)[0m
2026-07-05 15:49:27 [INFO] 
2026-07-05 15:49:27 [INFO]   🔵 [94m[1mPT0002000102936404ME[0m  [2m[Cluster 1][0m
2026-07-05 15:49:27 [INFO]      consumiu MENOS que o habitual às 08h
2026-07-05 15:49:27 [INFO]      [2mReal:[0m 1.0 kWh   [2mHabitual:[0m 11.0 ± 1.4 kWh   [2mz:[0m -7.07   [2mdesvio:[0m -91%   [2m(2 obs. fim_semana)[0m
2026-07-05 15:49:27 [INFO] 
2026-07-05 15:49:27 [INFO]   🔵 [94m[1mPT0002000110607652SB[0m  [2m[Cluster 0][0m
2026-07-05 15:49:27 [INFO]      consumiu MENOS que o habitual às 13h
2026-07-05 15:49:27 [INFO]      [2mReal:[0m 12.0 kWh   [2mHabitual:[0m 92.0 ± 11.3 kWh   [2mz:[0m -7.07   [2mdesvio:[0m -87%   [2m(2 obs. fim_semana)[0m
2026-07-05 15:49:27 [INFO] 
2026-07-05 15:49:27 [INFO]   🔵 [94m[1mPT0002000115031201VQ[0m  [2m[Cluster 0][0m
2026-07-05 15:49:27 [INFO]      consumiu MENOS que o habitual às 18h
2026-07-05 15:49:27 [INFO]      [2mReal:[0m 6.0 kWh   [2mHabitual:[0m 20.5 ± 2.0 kWh   [2mz:[0m -7.07   [2mdesvio:[0m -71%   [2m(2 obs. fim_semana)[0m
2026-07-05 15:49:27 [INFO] 
2026-07-05 15:49:27 [INFO]   🔴 [91m[1mPT0002000068857099AR[0m  [2m[Cluster 1][0m
2026-07-05 15:49:27 [INFO]      consumiu MAIS que o habitual às 11h
2026-07-05 15:49:27 [INFO]      [2mReal:[0m 17.0 kWh   [2mHabitual:[0m 10.0 ± 1.0 kWh   [2mz:[0m +7.00   [2mdesvio:[0m +70%   [2m(2 obs. fim_semana)[0m
2026-07-05 15:49:27 [INFO] 
2026-07-05 15:49:27 [INFO]   🔴 [91m[1mPT0002000068859325FL[0m  [2m[Cluster 1][0m
2026-07-05 15:49:27 [INFO]      consumiu MAIS que o habitual às 05h
2026-07-05 15:49:27 [INFO]      [2mReal:[0m 68.0 kWh   [2mHabitual:[0m 40.0 ± 4.0 kWh   [2mz:[0m +7.00   [2mdesvio:[0m +70%   [2m(2 obs. fim_semana)[0m
2026-07-05 15:49:27 [INFO] 
2026-07-05 15:49:27 [INFO]   🔵 [94m[1mPT0002000068859393XH[0m  [2m[Cluster 1][0m
2026-07-05 15:49:27 [INFO]      consumiu MENOS que o habitual às 21h
2026-07-05 15:49:27 [INFO]      [2mReal:[0m 49.0 kWh   [2mHabitual:[0m 155.3 ± 15.5 kWh   [2mz:[0m -6.85   [2mdesvio:[0m -68%   [2m(3 obs. fim_semana)[0m
2026-07-05 15:49:27 [INFO] 
2026-07-05 15:49:27 [INFO]   🔵 [94m[1mPT0002000068856655YV[0m  [2m[Cluster 0][0m
2026-07-05 15:49:27 [INFO]      consumiu MENOS que o habitual às 16h
2026-07-05 15:49:27 [INFO]      [2mReal:[0m 3.0 kWh   [2mHabitual:[0m 9.5 ± 0.9 kWh   [2mz:[0m -6.84   [2mdesvio:[0m -68%   [2m(2 obs. fim_semana)[0m
2026-07-05 15:49:27 [INFO] 
2026-07-05 15:49:27 [INFO]   🔵 [94m[1mPT0002000077348081AG[0m  [2m[sem cluster][0m
2026-07-05 15:49:27 [INFO]      consumiu MENOS que o habitual às 18h
2026-07-05 15:49:27 [INFO]      [2mReal:[0m 130.0 kWh   [2mHabitual:[0m 411.0 ± 41.1 kWh   [2mz:[0m -6.84   [2mdesvio:[0m -68%   [2m(2 obs. fim_semana)[0m
2026-07-05 15:49:27 [INFO] 
2026-07-05 15:49:27 [INFO]   🔵 [94m[1mPT0002000115673389QK[0m  [2m[Cluster 0][0m
2026-07-05 15:49:27 [INFO]      consumiu MENOS que o habitual às 14h
2026-07-05 15:49:27 [INFO]      [2mReal:[0m 31.0 kWh   [2mHabitual:[0m 132.5 ± 14.8 kWh   [2mz:[0m -6.84   [2mdesvio:[0m -77%   [2m(2 obs. fim_semana)[0m
2026-07-05 15:49:27 [INFO] 
2026-07-05 15:49:27 [INFO]   🔵 [94m[1mPT0002000119303492KB[0m  [2m[Cluster 0][0m
2026-07-05 15:49:27 [INFO]      consumiu MENOS que o habitual às 08h
2026-07-05 15:49:27 [INFO]      [2mReal:[0m 4.0 kWh   [2mHabitual:[0m 33.0 ± 4.2 kWh   [2mz:[0m -6.84   [2mdesvio:[0m -88%   [2m(2 obs. fim_semana)[0m
2026-07-05 15:49:27 [INFO] 
2026-07-05 15:49:27 [INFO]   🔵 [94m[1mPT0002000115673471CB[0m  [2m[Cluster 0][0m
2026-07-05 15:49:27 [INFO]      consumiu MENOS que o habitual às 10h
2026-07-05 15:49:27 [INFO]      [2mReal:[0m 21.0 kWh   [2mHabitual:[0m 66.0 ± 6.6 kWh   [2mz:[0m -6.82   [2mdesvio:[0m -68%   [2m(2 obs. fim_semana)[0m
2026-07-05 15:49:27 [INFO] 
2026-07-05 15:49:27 [INFO]   🔴 [91m[1mPT0002000073720434JD[0m  [2m[sem cluster][0m
2026-07-05 15:49:27 [INFO]      consumiu MAIS que o habitual às 02h
2026-07-05 15:49:27 [INFO]      [2mReal:[0m 42.0 kWh   [2mHabitual:[0m 25.0 ± 2.5 kWh   [2mz:[0m +6.80   [2mdesvio:[0m +68%   [2m(2 obs. fim_semana)[0m
2026-07-05 15:49:27 [INFO] 
2026-07-05 15:49:27 [INFO]   🔵 [94m[1mPT0002000120237616VJ[0m  [2m[Cluster 0][0m
2026-07-05 15:49:27 [INFO]      consumiu MENOS que o habitual às 10h
2026-07-05 15:49:27 [INFO]      [2mReal:[0m 15.0 kWh   [2mHabitual:[0m 46.5 ± 4.7 kWh   [2mz:[0m -6.77   [2mdesvio:[0m -68%   [2m(2 obs. fim_semana)[0m
2026-07-05 15:49:27 [INFO] 
2026-07-05 15:49:27 [INFO]   🔵 [94m[1mPT0002000068858231YY[0m  [2m[sem cluster][0m
2026-07-05 15:49:27 [INFO]      consumiu MENOS que o habitual às 10h
2026-07-05 15:49:27 [INFO]      [2mReal:[0m 23.0 kWh   [2mHabitual:[0m 71.0 ± 7.1 kWh   [2mz:[0m -6.76   [2mdesvio:[0m -68%   [2m(2 obs. fim_semana)[0m
2026-07-05 15:49:27 [INFO] 
2026-07-05 15:49:27 [INFO]   🔵 [94m[1mPT0002000077348081AG[0m  [2m[sem cluster][0m
2026-07-05 15:49:27 [INFO]      consumiu MENOS que o habitual às 17h
2026-07-05 15:49:27 [INFO]      [2mReal:[0m 136.0 kWh   [2mHabitual:[0m 416.5 ± 41.6 kWh   [2mz:[0m -6.73   [2mdesvio:[0m -67%   [2m(2 obs. fim_semana)[0m
2026-07-05 15:49:27 [INFO] 
2026-07-05 15:49:27 [INFO]   🔵 [94m[1mPT0002000107046231FW[0m  [2m[Cluster 0][0m
2026-07-05 15:49:27 [INFO]      consumiu MENOS que o habitual às 17h
2026-07-05 15:49:27 [INFO]      [2mReal:[0m 2.0 kWh   [2mHabitual:[0m 21.0 ± 2.8 kWh   [2mz:[0m -6.72   [2mdesvio:[0m -90%   [2m(2 obs. fim_semana)[0m
2026-07-05 15:49:27 [INFO] 
2026-07-05 15:49:27 [INFO]   🔵 [94m[1mPT0002000110607652SB[0m  [2m[Cluster 0][0m
2026-07-05 15:49:27 [INFO]      consumiu MENOS que o habitual às 10h
2026-07-05 15:49:27 [INFO]      [2mReal:[0m 12.0 kWh   [2mHabitual:[0m 88.0 ± 11.3 kWh   [2mz:[0m -6.72   [2mdesvio:[0m -86%   [2m(2 obs. fim_semana)[0m
2026-07-05 15:49:27 [INFO] 
2026-07-05 15:49:27 [INFO]   🔴 [91m[1mPT0002000079469719HF[0m  [2m[sem cluster][0m
2026-07-05 15:49:27 [INFO]      consumiu MAIS que o habitual às 14h
2026-07-05 15:49:27 [INFO]      [2mReal:[0m 88.0 kWh   [2mHabitual:[0m 45.5 ± 6.4 kWh   [2mz:[0m +6.68   [2mdesvio:[0m +93%   [2m(2 obs. fim_semana)[0m
2026-07-05 15:49:27 [INFO] 
2026-07-05 15:49:27 [INFO]   🔵 [94m[1mPT0002000078294957RQ[0m  [2m[Cluster 0][0m
2026-07-05 15:49:27 [INFO]      consumiu MENOS que o habitual às 17h
2026-07-05 15:49:27 [INFO]      [2mReal:[0m 7.0 kWh   [2mHabitual:[0m 21.0 ± 2.1 kWh   [2mz:[0m -6.67   [2mdesvio:[0m -67%   [2m(2 obs. fim_semana)[0m
2026-07-05 15:49:27 [INFO] 
2026-07-05 15:49:27 [INFO]   🔴 [91m[1mPT0002000081997398TD[0m  [2m[Cluster 0][0m
2026-07-05 15:49:27 [INFO]      consumiu MAIS que o habitual às 10h
2026-07-05 15:49:27 [INFO]      [2mReal:[0m 215.0 kWh   [2mHabitual:[0m 129.0 ± 12.9 kWh   [2mz:[0m +6.67   [2mdesvio:[0m +67%   [2m(2 obs. fim_semana)[0m
2026-07-05 15:49:27 [INFO] 
2026-07-05 15:49:27 [INFO]   🔵 [94m[1mPT0002000120237616VJ[0m  [2m[Cluster 0][0m
2026-07-05 15:49:27 [INFO]      consumiu MENOS que o habitual às 08h
2026-07-05 15:49:27 [INFO]      [2mReal:[0m 16.0 kWh   [2mHabitual:[0m 48.0 ± 4.8 kWh   [2mz:[0m -6.67   [2mdesvio:[0m -67%   [2m(2 obs. fim_semana)[0m
2026-07-05 15:49:27 [INFO] 
2026-07-05 15:49:27 [INFO]   🔴 [91m[1mPT0002000201936109ME[0m  [2m[Cluster 0][0m
2026-07-05 15:49:27 [INFO]      consumiu MAIS que o habitual às 04h
2026-07-05 15:49:27 [INFO]      [2mReal:[0m 2.0 kWh   [2mHabitual:[0m 0.0 ± 0.3 kWh   [2mz:[0m +6.67   [2mdesvio:[0m +200000%   [2m(2 obs. fim_semana)[0m
2026-07-05 15:49:27 [INFO] 
2026-07-05 15:49:27 [INFO]   🔵 [94m[1mPT0002000068856974CZ[0m  [2m[sem cluster][0m
2026-07-05 15:49:27 [INFO]      consumiu MENOS que o habitual às 12h
2026-07-05 15:49:27 [INFO]      [2mReal:[0m 12.0 kWh   [2mHabitual:[0m 87.0 ± 11.3 kWh   [2mz:[0m -6.63   [2mdesvio:[0m -86%   [2m(2 obs. fim_semana)[0m
2026-07-05 15:49:27 [INFO] 
2026-07-05 15:49:27 [INFO]   🔵 [94m[1mPT0002000102936404ME[0m  [2m[Cluster 1][0m
2026-07-05 15:49:27 [INFO]      consumiu MENOS que o habitual às 05h
2026-07-05 15:49:27 [INFO]      [2mReal:[0m 12.0 kWh   [2mHabitual:[0m 35.0 ± 3.5 kWh   [2mz:[0m -6.57   [2mdesvio:[0m -66%   [2m(2 obs. fim_semana)[0m
2026-07-05 15:49:27 [INFO] 
2026-07-05 15:49:27 [INFO]   🔵 [94m[1mPT0002000077348081AG[0m  [2m[sem cluster][0m
2026-07-05 15:49:27 [INFO]      consumiu MENOS que o habitual às 16h
2026-07-05 15:49:27 [INFO]      [2mReal:[0m 136.0 kWh   [2mHabitual:[0m 394.0 ± 39.4 kWh   [2mz:[0m -6.55   [2mdesvio:[0m -65%   [2m(2 obs. fim_semana)[0m
2026-07-05 15:49:27 [INFO] 
2026-07-05 15:49:27 [INFO]   🔵 [94m[1mPT0002000068858231YY[0m  [2m[sem cluster][0m
2026-07-05 15:49:27 [INFO]      consumiu MENOS que o habitual às 09h
2026-07-05 15:49:27 [INFO]      [2mReal:[0m 23.0 kWh   [2mHabitual:[0m 65.0 ± 6.5 kWh   [2mz:[0m -6.46   [2mdesvio:[0m -65%   [2m(2 obs. fim_semana)[0m
2026-07-05 15:49:27 [INFO] 
2026-07-05 15:49:27 [INFO]   🔵 [94m[1mPT0002000077348081AG[0m  [2m[sem cluster][0m
2026-07-05 15:49:27 [INFO]      consumiu MENOS que o habitual às 15h
2026-07-05 15:49:27 [INFO]      [2mReal:[0m 139.0 kWh   [2mHabitual:[0m 393.0 ± 39.3 kWh   [2mz:[0m -6.46   [2mdesvio:[0m -65%   [2m(2 obs. fim_semana)[0m
2026-07-05 15:49:27 [INFO] 
2026-07-05 15:49:27 [INFO]   🔵 [94m[1mPT0002000068856974CZ[0m  [2m[sem cluster][0m
2026-07-05 15:49:27 [INFO]      consumiu MENOS que o habitual às 11h
2026-07-05 15:49:27 [INFO]      [2mReal:[0m 13.0 kWh   [2mHabitual:[0m 86.0 ± 11.3 kWh   [2mz:[0m -6.45   [2mdesvio:[0m -85%   [2m(2 obs. fim_semana)[0m
2026-07-05 15:49:27 [INFO] 
2026-07-05 15:49:27 [INFO]   🔵 [94m[1mPT0002000115673471CB[0m  [2m[Cluster 0][0m
2026-07-05 15:49:27 [INFO]      consumiu MENOS que o habitual às 13h
2026-07-05 15:49:27 [INFO]      [2mReal:[0m 19.0 kWh   [2mHabitual:[0m 53.5 ± 5.3 kWh   [2mz:[0m -6.45   [2mdesvio:[0m -64%   [2m(2 obs. fim_semana)[0m
2026-07-05 15:49:27 [INFO] 
2026-07-05 15:49:27 [INFO]   🔵 [94m[1mPT0002000077348081AG[0m  [2m[sem cluster][0m
2026-07-05 15:49:27 [INFO]      consumiu MENOS que o habitual às 14h
2026-07-05 15:49:27 [INFO]      [2mReal:[0m 142.0 kWh   [2mHabitual:[0m 396.5 ± 39.6 kWh   [2mz:[0m -6.42   [2mdesvio:[0m -64%   [2m(2 obs. fim_semana)[0m
2026-07-05 15:49:27 [INFO] 
2026-07-05 15:49:27 [INFO]   🔵 [94m[1mPT0002000068856655YV[0m  [2m[Cluster 0][0m
2026-07-05 15:49:27 [INFO]      consumiu MENOS que o habitual às 11h
2026-07-05 15:49:27 [INFO]      [2mReal:[0m 1.0 kWh   [2mHabitual:[0m 10.0 ± 1.4 kWh   [2mz:[0m -6.36   [2mdesvio:[0m -90%   [2m(2 obs. fim_semana)[0m
2026-07-05 15:49:27 [INFO] 
2026-07-05 15:49:27 [INFO]   🔴 [91m[1mPT0002000068856872QG[0m  [2m[Cluster 1][0m
2026-07-05 15:49:27 [INFO]      consumiu MAIS que o habitual às 13h
2026-07-05 15:49:27 [INFO]      [2mReal:[0m 5.0 kWh   [2mHabitual:[0m 0.5 ± 0.7 kWh   [2mz:[0m +6.36   [2mdesvio:[0m +900%   [2m(2 obs. fim_semana)[0m
2026-07-05 15:49:27 [INFO] 
2026-07-05 15:49:27 [INFO]   🔵 [94m[1mPT0002000107046231FW[0m  [2m[Cluster 0][0m
2026-07-05 15:49:27 [INFO]      consumiu MENOS que o habitual às 14h
2026-07-05 15:49:27 [INFO]      [2mReal:[0m 2.0 kWh   [2mHabitual:[0m 42.5 ± 6.4 kWh   [2mz:[0m -6.36   [2mdesvio:[0m -95%   [2m(2 obs. fim_semana)[0m
2026-07-05 15:49:27 [INFO] 
2026-07-05 15:49:27 [INFO]   🔵 [94m[1mPT0002000120237616VJ[0m  [2m[Cluster 0][0m
2026-07-05 15:49:27 [INFO]      consumiu MENOS que o habitual às 14h
2026-07-05 15:49:27 [INFO]      [2mReal:[0m 14.0 kWh   [2mHabitual:[0m 41.0 ± 4.2 kWh   [2mz:[0m -6.36   [2mdesvio:[0m -66%   [2m(2 obs. fim_semana)[0m
2026-07-05 15:49:27 [INFO] 
2026-07-05 15:49:27 [INFO]   🔵 [94m[1mPT0002000125379984SH[0m  [2m[Cluster 1][0m
2026-07-05 15:49:27 [INFO]      consumiu MENOS que o habitual às 16h
2026-07-05 15:49:27 [INFO]      [2mReal:[0m 2.0 kWh   [2mHabitual:[0m 11.0 ± 1.4 kWh   [2mz:[0m -6.36   [2mdesvio:[0m -82%   [2m(2 obs. fim_semana)[0m
2026-07-05 15:49:27 [INFO] 
2026-07-05 15:49:27 [INFO]   🔴 [91m[1mPT0002000081344542CP[0m  [2m[Cluster 1][0m
2026-07-05 15:49:27 [INFO]      consumiu MAIS que o habitual às 21h
2026-07-05 15:49:27 [INFO]      [2mReal:[0m 5.0 kWh   [2mHabitual:[0m 1.3 ± 0.6 kWh   [2mz:[0m +6.35   [2mdesvio:[0m +276%   [2m(3 obs. fim_semana)[0m
2026-07-05 15:49:27 [INFO] 
2026-07-05 15:49:27 [INFO]   🔴 [91m[1mPT0002000081997398TD[0m  [2m[Cluster 0][0m
2026-07-05 15:49:27 [INFO]      consumiu MAIS que o habitual às 07h
2026-07-05 15:49:27 [INFO]      [2mReal:[0m 106.0 kWh   [2mHabitual:[0m 65.0 ± 6.5 kWh   [2mz:[0m +6.31   [2mdesvio:[0m +63%   [2m(2 obs. fim_semana)[0m
2026-07-05 15:49:27 [INFO] 
2026-07-05 15:49:27 [INFO]   🔵 [94m[1mPT0002000102936404ME[0m  [2m[Cluster 1][0m
2026-07-05 15:49:27 [INFO]      consumiu MENOS que o habitual às 01h
2026-07-05 15:49:27 [INFO]      [2mReal:[0m 12.0 kWh   [2mHabitual:[0m 32.5 ± 3.2 kWh   [2mz:[0m -6.31   [2mdesvio:[0m -63%   [2m(2 obs. fim_semana)[0m
2026-07-05 15:49:27 [INFO] 
2026-07-05 15:49:27 [INFO]   🔵 [94m[1mPT0002000101964938LF[0m  [2m[Cluster 0][0m
2026-07-05 15:49:27 [INFO]      consumiu MENOS que o habitual às 14h
2026-07-05 15:49:27 [INFO]      [2mReal:[0m 13.0 kWh   [2mHabitual:[0m 84.0 ± 11.3 kWh   [2mz:[0m -6.28   [2mdesvio:[0m -85%   [2m(2 obs. fim_semana)[0m
2026-07-05 15:49:27 [INFO] 
2026-07-05 15:49:27 [INFO]   🔵 [94m[1mPT0002000120237616VJ[0m  [2m[Cluster 0][0m
2026-07-05 15:49:27 [INFO]      consumiu MENOS que o habitual às 15h
2026-07-05 15:49:27 [INFO]      [2mReal:[0m 16.0 kWh   [2mHabitual:[0m 43.0 ± 4.3 kWh   [2mz:[0m -6.28   [2mdesvio:[0m -63%   [2m(2 obs. fim_semana)[0m
2026-07-05 15:49:27 [INFO] 
2026-07-05 15:49:27 [INFO]   🔵 [94m[1mPT0002000068856974CZ[0m  [2m[sem cluster][0m
2026-07-05 15:49:27 [INFO]      consumiu MENOS que o habitual às 19h
2026-07-05 15:49:27 [INFO]      [2mReal:[0m 20.0 kWh   [2mHabitual:[0m 53.5 ± 5.3 kWh   [2mz:[0m -6.26   [2mdesvio:[0m -63%   [2m(2 obs. fim_semana)[0m
2026-07-05 15:49:27 [INFO] 
2026-07-05 15:49:27 [INFO]   🔴 [91m[1mPT0002000081997398TD[0m  [2m[Cluster 0][0m
2026-07-05 15:49:27 [INFO]      consumiu MAIS que o habitual às 21h
2026-07-05 15:49:27 [INFO]      [2mReal:[0m 536.0 kWh   [2mHabitual:[0m 153.7 ± 61.1 kWh   [2mz:[0m +6.26   [2mdesvio:[0m +249%   [2m(3 obs. fim_semana)[0m
2026-07-05 15:49:27 [INFO] 
2026-07-05 15:49:27 [INFO]   🔵 [94m[1mPT0002000068859187RL[0m  [2m[Cluster 0][0m
2026-07-05 15:49:27 [INFO]      consumiu MENOS que o habitual às 18h
2026-07-05 15:49:27 [INFO]      [2mReal:[0m 12.0 kWh   [2mHabitual:[0m 31.5 ± 3.1 kWh   [2mz:[0m -6.19   [2mdesvio:[0m -62%   [2m(2 obs. fim_semana)[0m
2026-07-05 15:49:27 [INFO] 
2026-07-05 15:49:27 [INFO]   🔴 [91m[1mPT0002000068859325FL[0m  [2m[Cluster 1][0m
2026-07-05 15:49:27 [INFO]      consumiu MAIS que o habitual às 03h
2026-07-05 15:49:27 [INFO]      [2mReal:[0m 68.0 kWh   [2mHabitual:[0m 42.0 ± 4.2 kWh   [2mz:[0m +6.19   [2mdesvio:[0m +62%   [2m(2 obs. fim_semana)[0m
2026-07-05 15:49:27 [INFO] 
2026-07-05 15:49:27 [INFO]   🔵 [94m[1mPT0002000073481266XH[0m  [2m[Cluster 0][0m
2026-07-05 15:49:27 [INFO]      consumiu MENOS que o habitual às 13h
2026-07-05 15:49:27 [INFO]      [2mReal:[0m 7.0 kWh   [2mHabitual:[0m 42.0 ± 5.7 kWh   [2mz:[0m -6.19   [2mdesvio:[0m -83%   [2m(2 obs. fim_semana)[0m
2026-07-05 15:49:27 [INFO] 
2026-07-05 15:49:27 [INFO]   🔵 [94m[1mPT0002000068859393XH[0m  [2m[Cluster 1][0m
2026-07-05 15:49:27 [INFO]      consumiu MENOS que o habitual às 07h
2026-07-05 15:49:27 [INFO]      [2mReal:[0m 17.0 kWh   [2mHabitual:[0m 82.5 ± 10.6 kWh   [2mz:[0m -6.18   [2mdesvio:[0m -79%   [2m(2 obs. fim_semana)[0m
2026-07-05 15:49:27 [INFO] 
2026-07-05 15:49:27 [INFO]   🔵 [94m[1mPT0002000073481266XH[0m  [2m[Cluster 0][0m
2026-07-05 15:49:27 [INFO]      consumiu MENOS que o habitual às 16h
2026-07-05 15:49:27 [INFO]      [2mReal:[0m 6.0 kWh   [2mHabitual:[0m 36.5 ± 5.0 kWh   [2mz:[0m -6.16   [2mdesvio:[0m -84%   [2m(2 obs. fim_semana)[0m
2026-07-05 15:49:27 [INFO] 
2026-07-05 15:49:27 [INFO]   🔵 [94m[1mPT0002000068856974CZ[0m  [2m[sem cluster][0m
2026-07-05 15:49:27 [INFO]      consumiu MENOS que o habitual às 15h
2026-07-05 15:49:27 [INFO]      [2mReal:[0m 35.0 kWh   [2mHabitual:[0m 90.0 ± 9.0 kWh   [2mz:[0m -6.11   [2mdesvio:[0m -61%   [2m(2 obs. fim_semana)[0m
2026-07-05 15:49:27 [INFO] 
2026-07-05 15:49:27 [INFO]   🔵 [94m[1mPT0002000101964938LF[0m  [2m[Cluster 0][0m
2026-07-05 15:49:27 [INFO]      consumiu MENOS que o habitual às 10h
2026-07-05 15:49:27 [INFO]      [2mReal:[0m 12.0 kWh   [2mHabitual:[0m 59.5 ± 7.8 kWh   [2mz:[0m -6.11   [2mdesvio:[0m -80%   [2m(2 obs. fim_semana)[0m
2026-07-05 15:49:27 [INFO] 
2026-07-05 15:49:27 [INFO]   🔵 [94m[1mPT0002000033074862LZ[0m  [2m[Cluster 0][0m
2026-07-05 15:49:27 [INFO]      consumiu MENOS que o habitual às 15h
2026-07-05 15:49:27 [INFO]      [2mReal:[0m 10.0 kWh   [2mHabitual:[0m 25.5 ± 2.5 kWh   [2mz:[0m -6.08   [2mdesvio:[0m -61%   [2m(2 obs. fim_semana)[0m
2026-07-05 15:49:27 [INFO] 
2026-07-05 15:49:27 [INFO]   🔵 [94m[1mPT0002000077348081AG[0m  [2m[sem cluster][0m
2026-07-05 15:49:27 [INFO]      consumiu MENOS que o habitual às 13h
2026-07-05 15:49:27 [INFO]      [2mReal:[0m 144.0 kWh   [2mHabitual:[0m 366.0 ± 36.6 kWh   [2mz:[0m -6.07   [2mdesvio:[0m -61%   [2m(2 obs. fim_semana)[0m
2026-07-05 15:49:27 [INFO] 
2026-07-05 15:49:27 [INFO]   🔵 [94m[1mPT0002000101964938LF[0m  [2m[Cluster 0][0m
2026-07-05 15:49:27 [INFO]      consumiu MENOS que o habitual às 13h
2026-07-05 15:49:27 [INFO]      [2mReal:[0m 13.0 kWh   [2mHabitual:[0m 73.0 ± 9.9 kWh   [2mz:[0m -6.06   [2mdesvio:[0m -82%   [2m(2 obs. fim_semana)[0m
2026-07-05 15:49:27 [INFO] 
2026-07-05 15:49:27 [INFO]   🔵 [94m[1mPT0002000115673471CB[0m  [2m[Cluster 0][0m
2026-07-05 15:49:27 [INFO]      consumiu MENOS que o habitual às 09h
2026-07-05 15:49:27 [INFO]      [2mReal:[0m 26.0 kWh   [2mHabitual:[0m 66.0 ± 6.6 kWh   [2mz:[0m -6.06   [2mdesvio:[0m -61%   [2m(2 obs. fim_semana)[0m
2026-07-05 15:49:27 [INFO] 
2026-07-05 15:49:27 [INFO]   🔵 [94m[1mPT0002000077394934QY[0m  [2m[Cluster 0][0m
2026-07-05 15:49:27 [INFO]      consumiu MENOS que o habitual às 15h
2026-07-05 15:49:27 [INFO]      [2mReal:[0m 73.0 kWh   [2mHabitual:[0m 185.0 ± 18.5 kWh   [2mz:[0m -6.05   [2mdesvio:[0m -61%   [2m(2 obs. fim_semana)[0m
2026-07-05 15:49:27 [INFO] 
2026-07-05 15:49:27 [INFO]   🔵 [94m[1mPT0002000073481266XH[0m  [2m[Cluster 0][0m
2026-07-05 15:49:27 [INFO]      consumiu MENOS que o habitual às 15h
2026-07-05 15:49:27 [INFO]      [2mReal:[0m 6.0 kWh   [2mHabitual:[0m 40.0 ± 5.7 kWh   [2mz:[0m -6.01   [2mdesvio:[0m -85%   [2m(2 obs. fim_semana)[0m
2026-07-05 15:49:27 [INFO] 
2026-07-05 15:49:27 [INFO]   🔵 [94m[1mPT0002000107046231FW[0m  [2m[Cluster 0][0m
2026-07-05 15:49:27 [INFO]      consumiu MENOS que o habitual às 11h
2026-07-05 15:49:27 [INFO]      [2mReal:[0m 2.0 kWh   [2mHabitual:[0m 39.5 ± 6.4 kWh   [2mz:[0m -5.89   [2mdesvio:[0m -95%   [2m(2 obs. fim_semana)[0m
2026-07-05 15:49:27 [INFO] 
2026-07-05 15:49:27 [INFO]   🔵 [94m[1mPT0002000078294957RQ[0m  [2m[Cluster 0][0m
2026-07-05 15:49:27 [INFO]      consumiu MENOS que o habitual às 18h
2026-07-05 15:49:27 [INFO]      [2mReal:[0m 7.0 kWh   [2mHabitual:[0m 17.0 ± 1.7 kWh   [2mz:[0m -5.88   [2mdesvio:[0m -59%   [2m(2 obs. fim_semana)[0m
2026-07-05 15:49:27 [INFO] 
2026-07-05 15:49:27 [INFO]   🔵 [94m[1mPT0002000068859187RL[0m  [2m[Cluster 0][0m
2026-07-05 15:49:27 [INFO]      consumiu MENOS que o habitual às 07h
2026-07-05 15:49:27 [INFO]      [2mReal:[0m 12.0 kWh   [2mHabitual:[0m 29.0 ± 2.9 kWh   [2mz:[0m -5.86   [2mdesvio:[0m -59%   [2m(2 obs. fim_semana)[0m
2026-07-05 15:49:27 [INFO] 
2026-07-05 15:49:27 [INFO]   🔵 [94m[1mPT0002000073231742VK[0m  [2m[Cluster 0][0m
2026-07-05 15:49:27 [INFO]      consumiu MENOS que o habitual às 08h
2026-07-05 15:49:27 [INFO]      [2mReal:[0m 16.0 kWh   [2mHabitual:[0m 38.5 ± 3.9 kWh   [2mz:[0m -5.84   [2mdesvio:[0m -58%   [2m(2 obs. fim_semana)[0m
2026-07-05 15:49:27 [INFO] 
2026-07-05 15:49:27 [INFO]   🔵 [94m[1mPT0002000073231742VK[0m  [2m[Cluster 0][0m
2026-07-05 15:49:27 [INFO]      consumiu MENOS que o habitual às 09h
2026-07-05 15:49:27 [INFO]      [2mReal:[0m 15.0 kWh   [2mHabitual:[0m 36.0 ± 3.6 kWh   [2mz:[0m -5.83   [2mdesvio:[0m -58%   [2m(2 obs. fim_semana)[0m
2026-07-05 15:49:27 [INFO] 
2026-07-05 15:49:27 [INFO]   🔵 [94m[1mPT0002000111572054VT[0m  [2m[sem cluster][0m
2026-07-05 15:49:27 [INFO]      consumiu MENOS que o habitual às 18h
2026-07-05 15:49:27 [INFO]      [2mReal:[0m 14.0 kWh   [2mHabitual:[0m 33.5 ± 3.4 kWh   [2mz:[0m -5.82   [2mdesvio:[0m -58%   [2m(2 obs. fim_semana)[0m
2026-07-05 15:49:27 [INFO] 
2026-07-05 15:49:27 [INFO]   🔴 [91m[1mPT0002000081997398TD[0m  [2m[Cluster 0][0m
2026-07-05 15:49:27 [INFO]      consumiu MAIS que o habitual às 22h
2026-07-05 15:49:27 [INFO]      [2mReal:[0m 449.0 kWh   [2mHabitual:[0m 110.7 ± 58.7 kWh   [2mz:[0m +5.76   [2mdesvio:[0m +306%   [2m(3 obs. fim_semana)[0m
2026-07-05 15:49:27 [INFO] 
2026-07-05 15:49:27 [INFO]   🔵 [94m[1mPT0002000068856974CZ[0m  [2m[sem cluster][0m
2026-07-05 15:49:27 [INFO]      consumiu MENOS que o habitual às 14h
2026-07-05 15:49:27 [INFO]      [2mReal:[0m 38.0 kWh   [2mHabitual:[0m 88.5 ± 8.8 kWh   [2mz:[0m -5.71   [2mdesvio:[0m -57%   [2m(2 obs. fim_semana)[0m
2026-07-05 15:49:27 [INFO] 
2026-07-05 15:49:27 [INFO]   🔵 [94m[1mPT0002000068858231YY[0m  [2m[sem cluster][0m
2026-07-05 15:49:27 [INFO]      consumiu MENOS que o habitual às 14h
2026-07-05 15:49:27 [INFO]      [2mReal:[0m 24.0 kWh   [2mHabitual:[0m 56.0 ± 5.6 kWh   [2mz:[0m -5.71   [2mdesvio:[0m -57%   [2m(2 obs. fim_semana)[0m
2026-07-05 15:49:27 [INFO] 
2026-07-05 15:49:27 [INFO]   🔵 [94m[1mPT0002000068856655YV[0m  [2m[Cluster 0][0m
2026-07-05 15:49:27 [INFO]      consumiu MENOS que o habitual às 10h
2026-07-05 15:49:27 [INFO]      [2mReal:[0m 2.0 kWh   [2mHabitual:[0m 10.0 ± 1.4 kWh   [2mz:[0m -5.66   [2mdesvio:[0m -80%   [2m(2 obs. fim_semana)[0m
2026-07-05 15:49:27 [INFO] 
2026-07-05 15:49:27 [INFO]   🔵 [94m[1mPT0002000068856655YV[0m  [2m[Cluster 0][0m
2026-07-05 15:49:27 [INFO]      consumiu MENOS que o habitual às 12h
2026-07-05 15:49:27 [INFO]      [2mReal:[0m 2.0 kWh   [2mHabitual:[0m 10.0 ± 1.4 kWh   [2mz:[0m -5.66   [2mdesvio:[0m -80%   [2m(2 obs. fim_semana)[0m
2026-07-05 15:49:27 [INFO] 
2026-07-05 15:49:27 [INFO]   🔴 [91m[1mPT0002000068857099AR[0m  [2m[Cluster 1][0m
2026-07-05 15:49:27 [INFO]      consumiu MAIS que o habitual às 10h
2026-07-05 15:49:27 [INFO]      [2mReal:[0m 19.0 kWh   [2mHabitual:[0m 11.0 ± 1.4 kWh   [2mz:[0m +5.66   [2mdesvio:[0m +73%   [2m(2 obs. fim_semana)[0m
2026-07-05 15:49:27 [INFO] 
2026-07-05 15:49:27 [INFO]   🔵 [94m[1mPT0002000125379984SH[0m  [2m[Cluster 1][0m
2026-07-05 15:49:27 [INFO]      consumiu MENOS que o habitual às 09h
2026-07-05 15:49:27 [INFO]      [2mReal:[0m 2.0 kWh   [2mHabitual:[0m 18.0 ± 2.8 kWh   [2mz:[0m -5.66   [2mdesvio:[0m -89%   [2m(2 obs. fim_semana)[0m
2026-07-05 15:49:27 [INFO] 
2026-07-05 15:49:27 [INFO]   🔵 [94m[1mPT0002000075637532JB[0m  [2m[Cluster 0][0m
2026-07-05 15:49:27 [INFO]      consumiu MENOS que o habitual às 13h
2026-07-05 15:49:27 [INFO]      [2mReal:[0m 7.0 kWh   [2mHabitual:[0m 16.0 ± 1.6 kWh   [2mz:[0m -5.62   [2mdesvio:[0m -56%   [2m(2 obs. fim_semana)[0m
2026-07-05 15:49:27 [INFO] 
2026-07-05 15:49:27 [INFO]   🔵 [94m[1mPT0002000033074862LZ[0m  [2m[Cluster 0][0m
2026-07-05 15:49:27 [INFO]      consumiu MENOS que o habitual às 16h
2026-07-05 15:49:27 [INFO]      [2mReal:[0m 11.0 kWh   [2mHabitual:[0m 25.0 ± 2.5 kWh   [2mz:[0m -5.60   [2mdesvio:[0m -56%   [2m(2 obs. fim_semana)[0m
2026-07-05 15:49:27 [INFO] 
2026-07-05 15:49:27 [INFO]   🔵 [94m[1mPT0002000077394934QY[0m  [2m[Cluster 0][0m
2026-07-05 15:49:27 [INFO]      consumiu MENOS que o habitual às 14h
2026-07-05 15:49:27 [INFO]      [2mReal:[0m 75.0 kWh   [2mHabitual:[0m 169.5 ± 16.9 kWh   [2mz:[0m -5.58   [2mdesvio:[0m -56%   [2m(2 obs. fim_semana)[0m
2026-07-05 15:49:27 [INFO] 
2026-07-05 15:49:27 [INFO]   🔵 [94m[1mPT0002000115031201VQ[0m  [2m[Cluster 0][0m
2026-07-05 15:49:27 [INFO]      consumiu MENOS que o habitual às 07h
2026-07-05 15:49:27 [INFO]      [2mReal:[0m 4.0 kWh   [2mHabitual:[0m 9.0 ± 0.9 kWh   [2mz:[0m -5.56   [2mdesvio:[0m -56%   [2m(2 obs. fim_semana)[0m
2026-07-05 15:49:27 [INFO] 
2026-07-05 15:49:27 [INFO]   🔵 [94m[1mPT0002000068858231YY[0m  [2m[sem cluster][0m
2026-07-05 15:49:27 [INFO]      consumiu MENOS que o habitual às 13h
2026-07-05 15:49:27 [INFO]      [2mReal:[0m 23.0 kWh   [2mHabitual:[0m 51.5 ± 5.2 kWh   [2mz:[0m -5.53   [2mdesvio:[0m -55%   [2m(2 obs. fim_semana)[0m
2026-07-05 15:49:27 [INFO] 
2026-07-05 15:49:27 [INFO]   🔵 [94m[1mPT0002000109837807PE[0m  [2m[Cluster 1][0m
2026-07-05 15:49:27 [INFO]      consumiu MENOS que o habitual às 19h
2026-07-05 15:49:27 [INFO]      [2mReal:[0m 6.0 kWh   [2mHabitual:[0m 25.5 ± 3.5 kWh   [2mz:[0m -5.52   [2mdesvio:[0m -76%   [2m(2 obs. fim_semana)[0m
2026-07-05 15:49:27 [INFO] 
2026-07-05 15:49:27 [INFO]   🔵 [94m[1mPT0002000120237616VJ[0m  [2m[Cluster 0][0m
2026-07-05 15:49:27 [INFO]      consumiu MENOS que o habitual às 16h
2026-07-05 15:49:27 [INFO]      [2mReal:[0m 15.0 kWh   [2mHabitual:[0m 33.5 ± 3.4 kWh   [2mz:[0m -5.52   [2mdesvio:[0m -55%   [2m(2 obs. fim_semana)[0m
2026-07-05 15:49:27 [INFO] 
2026-07-05 15:49:27 [INFO]   🔵 [94m[1mPT0002000068859597LS[0m  [2m[Cluster 0][0m
2026-07-05 15:49:27 [INFO]      consumiu MENOS que o habitual às 11h
2026-07-05 15:49:27 [INFO]      [2mReal:[0m 37.0 kWh   [2mHabitual:[0m 82.0 ± 8.2 kWh   [2mz:[0m -5.49   [2mdesvio:[0m -55%   [2m(2 obs. fim_semana)[0m
2026-07-05 15:49:27 [INFO] 
2026-07-05 15:49:27 [INFO]   🔵 [94m[1mPT0002000077348081AG[0m  [2m[sem cluster][0m
2026-07-05 15:49:27 [INFO]      consumiu MENOS que o habitual às 12h
2026-07-05 15:49:27 [INFO]      [2mReal:[0m 158.0 kWh   [2mHabitual:[0m 345.5 ± 34.5 kWh   [2mz:[0m -5.43   [2mdesvio:[0m -54%   [2m(2 obs. fim_semana)[0m
2026-07-05 15:49:27 [INFO] 
2026-07-05 15:49:27 [INFO]   🔵 [94m[1mPT0002000078294957RQ[0m  [2m[Cluster 0][0m
2026-07-05 15:49:27 [INFO]      consumiu MENOS que o habitual às 07h
2026-07-05 15:49:27 [INFO]      [2mReal:[0m 5.0 kWh   [2mHabitual:[0m 16.5 ± 2.1 kWh   [2mz:[0m -5.42   [2mdesvio:[0m -70%   [2m(2 obs. fim_semana)[0m
2026-07-05 15:49:27 [INFO] 
2026-07-05 15:49:27 [INFO]   🔵 [94m[1mPT0002000068859597LS[0m  [2m[Cluster 0][0m
2026-07-05 15:49:27 [INFO]      consumiu MENOS que o habitual às 10h
2026-07-05 15:49:27 [INFO]      [2mReal:[0m 39.0 kWh   [2mHabitual:[0m 85.0 ± 8.5 kWh   [2mz:[0m -5.41   [2mdesvio:[0m -54%   [2m(2 obs. fim_semana)[0m
2026-07-05 15:49:27 [INFO] 
2026-07-05 15:49:27 [INFO]   🔵 [94m[1mPT0002000077348081AG[0m  [2m[sem cluster][0m
2026-07-05 15:49:27 [INFO]      consumiu MENOS que o habitual às 10h
2026-07-05 15:49:27 [INFO]      [2mReal:[0m 144.0 kWh   [2mHabitual:[0m 313.5 ± 31.4 kWh   [2mz:[0m -5.41   [2mdesvio:[0m -54%   [2m(2 obs. fim_semana)[0m
2026-07-05 15:49:27 [INFO] 
2026-07-05 15:49:27 [INFO]   🔵 [94m[1mPT0002000068855003AK[0m  [2m[sem cluster][0m
2026-07-05 15:49:27 [INFO]      consumiu MENOS que o habitual às 12h
2026-07-05 15:49:27 [INFO]      [2mReal:[0m 37.0 kWh   [2mHabitual:[0m 80.5 ± 8.1 kWh   [2mz:[0m -5.40   [2mdesvio:[0m -54%   [2m(2 obs. fim_semana)[0m
2026-07-05 15:49:27 [INFO] 
2026-07-05 15:49:27 [INFO]   🔴 [91m[1mPT0002000081997398TD[0m  [2m[Cluster 0][0m
2026-07-05 15:49:27 [INFO]      consumiu MAIS que o habitual às 20h
2026-07-05 15:49:27 [INFO]      [2mReal:[0m 537.0 kWh   [2mHabitual:[0m 179.0 ± 66.5 kWh   [2mz:[0m +5.39   [2mdesvio:[0m +200%   [2m(2 obs. fim_semana)[0m
2026-07-05 15:49:27 [INFO] 
2026-07-05 15:49:27 [INFO]   🔵 [94m[1mPT0002000068855003AK[0m  [2m[sem cluster][0m
2026-07-05 15:49:27 [INFO]      consumiu MENOS que o habitual às 13h
2026-07-05 15:49:27 [INFO]      [2mReal:[0m 41.0 kWh   [2mHabitual:[0m 88.5 ± 8.8 kWh   [2mz:[0m -5.37   [2mdesvio:[0m -54%   [2m(2 obs. fim_semana)[0m
2026-07-05 15:49:27 [INFO] 
2026-07-05 15:49:27 [INFO]   🔴 [91m[1mPT0002000068858231YY[0m  [2m[sem cluster][0m
2026-07-05 15:49:27 [INFO]      consumiu MAIS que o habitual às 23h
2026-07-05 15:49:27 [INFO]      [2mReal:[0m 40.0 kWh   [2mHabitual:[0m 23.7 ± 3.1 kWh   [2mz:[0m +5.35   [2mdesvio:[0m +69%   [2m(3 obs. fim_semana)[0m
2026-07-05 15:49:27 [INFO] 
2026-07-05 15:49:27 [INFO]   🔵 [94m[1mPT0002000077394934QY[0m  [2m[Cluster 0][0m
2026-07-05 15:49:27 [INFO]      consumiu MENOS que o habitual às 16h
2026-07-05 15:49:27 [INFO]      [2mReal:[0m 71.0 kWh   [2mHabitual:[0m 152.5 ± 15.2 kWh   [2mz:[0m -5.34   [2mdesvio:[0m -53%   [2m(2 obs. fim_semana)[0m
2026-07-05 15:49:27 [INFO] 
2026-07-05 15:49:27 [INFO]   🔵 [94m[1mPT0002000075637532JB[0m  [2m[Cluster 0][0m
2026-07-05 15:49:27 [INFO]      consumiu MENOS que o habitual às 09h
2026-07-05 15:49:27 [INFO]      [2mReal:[0m 7.0 kWh   [2mHabitual:[0m 15.0 ± 1.5 kWh   [2mz:[0m -5.33   [2mdesvio:[0m -53%   [2m(2 obs. fim_semana)[0m
2026-07-05 15:49:27 [INFO] 
2026-07-05 15:49:27 [INFO]   🔵 [94m[1mPT0002000077348081AG[0m  [2m[sem cluster][0m
2026-07-05 15:49:27 [INFO]      consumiu MENOS que o habitual às 09h
2026-07-05 15:49:27 [INFO]      [2mReal:[0m 136.0 kWh   [2mHabitual:[0m 291.5 ± 29.1 kWh   [2mz:[0m -5.33   [2mdesvio:[0m -53%   [2m(2 obs. fim_semana)[0m
2026-07-05 15:49:27 [INFO] 
2026-07-05 15:49:27 [INFO]   🔵 [94m[1mPT0002000125379984SH[0m  [2m[Cluster 1][0m
2026-07-05 15:49:27 [INFO]      consumiu MENOS que o habitual às 12h
2026-07-05 15:49:27 [INFO]      [2mReal:[0m 3.0 kWh   [2mHabitual:[0m 18.0 ± 2.8 kWh   [2mz:[0m -5.30   [2mdesvio:[0m -83%   [2m(2 obs. fim_semana)[0m
2026-07-05 15:49:27 [INFO] 
2026-07-05 15:49:27 [INFO]   🔵 [94m[1mPT0002000125379984SH[0m  [2m[Cluster 1][0m
2026-07-05 15:49:27 [INFO]      consumiu MENOS que o habitual às 18h
2026-07-05 15:49:27 [INFO]      [2mReal:[0m 2.0 kWh   [2mHabitual:[0m 17.0 ± 2.8 kWh   [2mz:[0m -5.30   [2mdesvio:[0m -88%   [2m(2 obs. fim_semana)[0m
2026-07-05 15:49:27 [INFO] 
2026-07-05 15:49:27 [INFO]   🔵 [94m[1mPT0002000115673471CB[0m  [2m[Cluster 0][0m
2026-07-05 15:49:27 [INFO]      consumiu MENOS que o habitual às 07h
2026-07-05 15:49:27 [INFO]      [2mReal:[0m 17.0 kWh   [2mHabitual:[0m 36.0 ± 3.6 kWh   [2mz:[0m -5.28   [2mdesvio:[0m -53%   [2m(2 obs. fim_semana)[0m
2026-07-05 15:49:27 [INFO] 
2026-07-05 15:49:27 [INFO]   🔵 [94m[1mPT0002000116530964LH[0m  [2m[sem cluster][0m
2026-07-05 15:49:27 [INFO]      consumiu MENOS que o habitual às 15h
2026-07-05 15:49:27 [INFO]      [2mReal:[0m 83.0 kWh   [2mHabitual:[0m 176.0 ± 17.6 kWh   [2mz:[0m -5.28   [2mdesvio:[0m -53%   [2m(2 obs. fim_semana)[0m
2026-07-05 15:49:27 [INFO] 
2026-07-05 15:49:27 [INFO]   🔴 [91m[1mPT0002000115673471CB[0m  [2m[Cluster 0][0m
2026-07-05 15:49:27 [INFO]      consumiu MAIS que o habitual às 02h
2026-07-05 15:49:27 [INFO]      [2mReal:[0m 29.0 kWh   [2mHabitual:[0m 19.0 ± 1.9 kWh   [2mz:[0m +5.26   [2mdesvio:[0m +53%   [2m(2 obs. fim_semana)[0m
2026-07-05 15:49:27 [INFO] 
2026-07-05 15:49:27 [INFO]   🔵 [94m[1mPT0002000116530964LH[0m  [2m[sem cluster][0m
2026-07-05 15:49:27 [INFO]      consumiu MENOS que o habitual às 14h
2026-07-05 15:49:27 [INFO]      [2mReal:[0m 85.0 kWh   [2mHabitual:[0m 179.0 ± 17.9 kWh   [2mz:[0m -5.25   [2mdesvio:[0m -53%   [2m(2 obs. fim_semana)[0m
2026-07-05 15:49:27 [INFO] 
2026-07-05 15:49:27 [INFO]   🔵 [94m[1mPT0002000120237616VJ[0m  [2m[Cluster 0][0m
2026-07-05 15:49:27 [INFO]      consumiu MENOS que o habitual às 17h
2026-07-05 15:49:27 [INFO]      [2mReal:[0m 14.0 kWh   [2mHabitual:[0m 29.5 ± 3.0 kWh   [2mz:[0m -5.25   [2mdesvio:[0m -53%   [2m(2 obs. fim_semana)[0m
2026-07-05 15:49:27 [INFO] 
2026-07-05 15:49:27 [INFO]   🔴 [91m[1mPT0002000115673471CB[0m  [2m[Cluster 0][0m
2026-07-05 15:49:27 [INFO]      consumiu MAIS que o habitual às 00h
2026-07-05 15:49:27 [INFO]      [2mReal:[0m 32.0 kWh   [2mHabitual:[0m 21.0 ± 2.1 kWh   [2mz:[0m +5.24   [2mdesvio:[0m +52%   [2m(2 obs. fim_semana)[0m
2026-07-05 15:49:27 [INFO] 
2026-07-05 15:49:27 [INFO]   🔵 [94m[1mPT0002000116530964LH[0m  [2m[sem cluster][0m
2026-07-05 15:49:27 [INFO]      consumiu MENOS que o habitual às 12h
2026-07-05 15:49:27 [INFO]      [2mReal:[0m 84.0 kWh   [2mHabitual:[0m 176.5 ± 17.6 kWh   [2mz:[0m -5.24   [2mdesvio:[0m -52%   [2m(2 obs. fim_semana)[0m
2026-07-05 15:49:27 [INFO] 
2026-07-05 15:49:27 [INFO]   🔵 [94m[1mPT0002000068858231YY[0m  [2m[sem cluster][0m
2026-07-05 15:49:27 [INFO]      consumiu MENOS que o habitual às 15h
2026-07-05 15:49:27 [INFO]      [2mReal:[0m 27.0 kWh   [2mHabitual:[0m 56.5 ± 5.7 kWh   [2mz:[0m -5.22   [2mdesvio:[0m -52%   [2m(2 obs. fim_semana)[0m
2026-07-05 15:49:27 [INFO] 
2026-07-05 15:49:27 [INFO]   🔴 [91m[1mPT0002000081997398TD[0m  [2m[Cluster 0][0m
2026-07-05 15:49:27 [INFO]      consumiu MAIS que o habitual às 23h
2026-07-05 15:49:27 [INFO]      [2mReal:[0m 345.0 kWh   [2mHabitual:[0m 98.3 ± 47.2 kWh   [2mz:[0m +5.22   [2mdesvio:[0m +251%   [2m(3 obs. fim_semana)[0m
2026-07-05 15:49:27 [INFO] 
2026-07-05 15:49:27 [INFO]   🔵 [94m[1mPT0002000075637532JB[0m  [2m[Cluster 0][0m
2026-07-05 15:49:27 [INFO]      consumiu MENOS que o habitual às 15h
2026-07-05 15:49:27 [INFO]      [2mReal:[0m 6.0 kWh   [2mHabitual:[0m 12.5 ± 1.2 kWh   [2mz:[0m -5.20   [2mdesvio:[0m -52%   [2m(2 obs. fim_semana)[0m
2026-07-05 15:49:27 [INFO] 
2026-07-05 15:49:27 [INFO]   🔵 [94m[1mPT0002000110607652SB[0m  [2m[Cluster 0][0m
2026-07-05 15:49:27 [INFO]      consumiu MENOS que o habitual às 18h
2026-07-05 15:49:27 [INFO]      [2mReal:[0m 8.0 kWh   [2mHabitual:[0m 96.0 ± 17.0 kWh   [2mz:[0m -5.19   [2mdesvio:[0m -92%   [2m(2 obs. fim_semana)[0m
2026-07-05 15:49:27 [INFO] 
2026-07-05 15:49:27 [INFO]   🔵 [94m[1mPT0002000068855003AK[0m  [2m[sem cluster][0m
2026-07-05 15:49:27 [INFO]      consumiu MENOS que o habitual às 14h
2026-07-05 15:49:27 [INFO]      [2mReal:[0m 45.0 kWh   [2mHabitual:[0m 92.5 ± 9.2 kWh   [2mz:[0m -5.14   [2mdesvio:[0m -51%   [2m(2 obs. fim_semana)[0m
2026-07-05 15:49:27 [INFO] 
2026-07-05 15:49:27 [INFO]   🔵 [94m[1mPT0002000068856974CZ[0m  [2m[sem cluster][0m
2026-07-05 15:49:27 [INFO]      consumiu MENOS que o habitual às 16h
2026-07-05 15:49:27 [INFO]      [2mReal:[0m 35.0 kWh   [2mHabitual:[0m 72.0 ± 7.2 kWh   [2mz:[0m -5.14   [2mdesvio:[0m -51%   [2m(2 obs. fim_semana)[0m
2026-07-05 15:49:27 [INFO] 
2026-07-05 15:49:27 [INFO]   🔵 [94m[1mPT0002000116530964LH[0m  [2m[sem cluster][0m
2026-07-05 15:49:27 [INFO]      consumiu MENOS que o habitual às 13h
2026-07-05 15:49:27 [INFO]      [2mReal:[0m 83.0 kWh   [2mHabitual:[0m 170.5 ± 17.1 kWh   [2mz:[0m -5.13   [2mdesvio:[0m -51%   [2m(2 obs. fim_semana)[0m
2026-07-05 15:49:27 [INFO] 
2026-07-05 15:49:27 [INFO]   🔵 [94m[1mPT0002000077394934QY[0m  [2m[Cluster 0][0m
2026-07-05 15:49:27 [INFO]      consumiu MENOS que o habitual às 13h
2026-07-05 15:49:27 [INFO]      [2mReal:[0m 80.0 kWh   [2mHabitual:[0m 163.5 ± 16.4 kWh   [2mz:[0m -5.11   [2mdesvio:[0m -51%   [2m(2 obs. fim_semana)[0m
2026-07-05 15:49:27 [INFO] 
2026-07-05 15:49:27 [INFO]   🔵 [94m[1mPT0002000116530964LH[0m  [2m[sem cluster][0m
2026-07-05 15:49:27 [INFO]      consumiu MENOS que o habitual às 11h
2026-07-05 15:49:27 [INFO]      [2mReal:[0m 87.0 kWh   [2mHabitual:[0m 178.0 ± 17.8 kWh   [2mz:[0m -5.11   [2mdesvio:[0m -51%   [2m(2 obs. fim_semana)[0m
2026-07-05 15:49:27 [INFO] 
2026-07-05 15:49:27 [INFO]   🔴 [91m[1mPT0002000073720434JD[0m  [2m[sem cluster][0m
2026-07-05 15:49:27 [INFO]      consumiu MAIS que o habitual às 09h
2026-07-05 15:49:27 [INFO]      [2mReal:[0m 37.0 kWh   [2mHabitual:[0m 24.5 ± 2.5 kWh   [2mz:[0m +5.10   [2mdesvio:[0m +51%   [2m(2 obs. fim_semana)[0m
2026-07-05 15:49:27 [INFO] 
2026-07-05 15:49:27 [INFO]   🔵 [94m[1mPT0002000116530964LH[0m  [2m[sem cluster][0m
2026-07-05 15:49:27 [INFO]      consumiu MENOS que o habitual às 10h
2026-07-05 15:49:27 [INFO]      [2mReal:[0m 86.0 kWh   [2mHabitual:[0m 175.5 ± 17.6 kWh   [2mz:[0m -5.10   [2mdesvio:[0m -51%   [2m(2 obs. fim_semana)[0m
2026-07-05 15:49:27 [INFO] 
2026-07-05 15:49:27 [INFO]   🔵 [94m[1mPT0002000073231742VK[0m  [2m[Cluster 0][0m
2026-07-05 15:49:27 [INFO]      consumiu MENOS que o habitual às 12h
2026-07-05 15:49:27 [INFO]      [2mReal:[0m 16.0 kWh   [2mHabitual:[0m 32.5 ± 3.2 kWh   [2mz:[0m -5.08   [2mdesvio:[0m -51%   [2m(2 obs. fim_semana)[0m
2026-07-05 15:49:27 [INFO] 
2026-07-05 15:49:27 [INFO]   🔵 [94m[1mPT0002000077348081AG[0m  [2m[sem cluster][0m
2026-07-05 15:49:27 [INFO]      consumiu MENOS que o habitual às 11h
2026-07-05 15:49:27 [INFO]      [2mReal:[0m 160.0 kWh   [2mHabitual:[0m 325.0 ± 32.5 kWh   [2mz:[0m -5.08   [2mdesvio:[0m -51%   [2m(2 obs. fim_semana)[0m
2026-07-05 15:49:27 [INFO] 
2026-07-05 15:49:27 [INFO]   🔵 [94m[1mPT0002000077394934QY[0m  [2m[Cluster 0][0m
2026-07-05 15:49:27 [INFO]      consumiu MENOS que o habitual às 11h
2026-07-05 15:49:27 [INFO]      [2mReal:[0m 79.0 kWh   [2mHabitual:[0m 160.0 ± 16.0 kWh   [2mz:[0m -5.06   [2mdesvio:[0m -51%   [2m(2 obs. fim_semana)[0m
2026-07-05 15:49:27 [INFO] 
2026-07-05 15:49:27 [INFO]   🔵 [94m[1mPT0002000101964938LF[0m  [2m[Cluster 0][0m
2026-07-05 15:49:27 [INFO]      consumiu MENOS que o habitual às 09h
2026-07-05 15:49:27 [INFO]      [2mReal:[0m 11.0 kWh   [2mHabitual:[0m 57.5 ± 9.2 kWh   [2mz:[0m -5.06   [2mdesvio:[0m -81%   [2m(2 obs. fim_semana)[0m
2026-07-05 15:49:27 [INFO] 
2026-07-05 15:49:27 [INFO]   🔵 [94m[1mPT0002000068859393XH[0m  [2m[Cluster 1][0m
2026-07-05 15:49:27 [INFO]      consumiu MENOS que o habitual às 08h
2026-07-05 15:49:27 [INFO]      [2mReal:[0m 59.0 kWh   [2mHabitual:[0m 118.0 ± 11.8 kWh   [2mz:[0m -5.00   [2mdesvio:[0m -50%   [2m(2 obs. fim_semana)[0m
2026-07-05 15:49:27 [INFO] 
2026-07-05 15:49:27 [INFO]   🔴 [91m[1mPT0002000110607652SB[0m  [2m[Cluster 0][0m
2026-07-05 15:49:27 [INFO]      consumiu MAIS que o habitual às 05h
2026-07-05 15:49:27 [INFO]      [2mReal:[0m 12.0 kWh   [2mHabitual:[0m 8.0 ± 0.8 kWh   [2mz:[0m +5.00   [2mdesvio:[0m +50%   [2m(2 obs. fim_semana)[0m
2026-07-05 15:49:27 [INFO] 
2026-07-05 15:49:27 [INFO]   🔵 [94m[1mPT0002000068856655YV[0m  [2m[Cluster 0][0m
2026-07-05 15:49:27 [INFO]      consumiu MENOS que o habitual às 15h
2026-07-05 15:49:27 [INFO]      [2mReal:[0m 2.0 kWh   [2mHabitual:[0m 9.0 ± 1.4 kWh   [2mz:[0m -4.95   [2mdesvio:[0m -78%   [2m(2 obs. fim_semana)[0m
2026-07-05 15:49:27 [INFO] 
2026-07-05 15:49:27 [INFO]   🔴 [91m[1mPT0002000068856872QG[0m  [2m[Cluster 1][0m
2026-07-05 15:49:27 [INFO]      consumiu MAIS que o habitual às 15h
2026-07-05 15:49:27 [INFO]      [2mReal:[0m 4.0 kWh   [2mHabitual:[0m 0.5 ± 0.7 kWh   [2mz:[0m +4.95   [2mdesvio:[0m +700%   [2m(2 obs. fim_semana)[0m
2026-07-05 15:49:27 [INFO] 
2026-07-05 15:49:27 [INFO]   🔴 [91m[1mPT0002000068856872QG[0m  [2m[Cluster 1][0m
2026-07-05 15:49:27 [INFO]      consumiu MAIS que o habitual às 17h
2026-07-05 15:49:27 [INFO]      [2mReal:[0m 4.0 kWh   [2mHabitual:[0m 0.5 ± 0.7 kWh   [2mz:[0m +4.95   [2mdesvio:[0m +700%   [2m(2 obs. fim_semana)[0m
2026-07-05 15:49:27 [INFO] 
2026-07-05 15:49:27 [INFO]   🔴 [91m[1mPT0002000068857099AR[0m  [2m[Cluster 1][0m
2026-07-05 15:49:27 [INFO]      consumiu MAIS que o habitual às 15h
2026-07-05 15:49:27 [INFO]      [2mReal:[0m 18.0 kWh   [2mHabitual:[0m 11.0 ± 1.4 kWh   [2mz:[0m +4.95   [2mdesvio:[0m +64%   [2m(2 obs. fim_semana)[0m
2026-07-05 15:49:27 [INFO] 
2026-07-05 15:49:27 [INFO]   🔴 [91m[1mPT0002000068859325FL[0m  [2m[Cluster 1][0m
2026-07-05 15:49:27 [INFO]      consumiu MAIS que o habitual às 04h
2026-07-05 15:49:27 [INFO]      [2mReal:[0m 72.0 kWh   [2mHabitual:[0m 44.0 ± 5.7 kWh   [2mz:[0m +4.95   [2mdesvio:[0m +64%   [2m(2 obs. fim_semana)[0m
2026-07-05 15:49:27 [INFO] 
2026-07-05 15:49:27 [INFO]   🔵 [94m[1mPT0002000075637532JB[0m  [2m[Cluster 0][0m
2026-07-05 15:49:27 [INFO]      consumiu MENOS que o habitual às 08h
2026-07-05 15:49:27 [INFO]      [2mReal:[0m 6.0 kWh   [2mHabitual:[0m 13.0 ± 1.4 kWh   [2mz:[0m -4.95   [2mdesvio:[0m -54%   [2m(2 obs. fim_semana)[0m
2026-07-05 15:49:27 [INFO] 
2026-07-05 15:49:27 [INFO]   🔵 [94m[1mPT0002000109837807PE[0m  [2m[Cluster 1][0m
2026-07-05 15:49:27 [INFO]      consumiu MENOS que o habitual às 20h
2026-07-05 15:49:27 [INFO]      [2mReal:[0m 7.0 kWh   [2mHabitual:[0m 28.0 ± 4.2 kWh   [2mz:[0m -4.95   [2mdesvio:[0m -75%   [2m(2 obs. fim_semana)[0m
2026-07-05 15:49:27 [INFO] 
2026-07-05 15:49:27 [INFO]   🔵 [94m[1mPT0002000073231742VK[0m  [2m[Cluster 0][0m
2026-07-05 15:49:27 [INFO]      consumiu MENOS que o habitual às 11h
2026-07-05 15:49:27 [INFO]      [2mReal:[0m 15.0 kWh   [2mHabitual:[0m 29.5 ± 3.0 kWh   [2mz:[0m -4.92   [2mdesvio:[0m -49%   [2m(2 obs. fim_semana)[0m
2026-07-05 15:49:27 [INFO] 
2026-07-05 15:49:27 [INFO]   🔴 [91m[1mPT0002000107172384HT[0m  [2m[Cluster 1][0m
2026-07-05 15:49:27 [INFO]      consumiu MAIS que o habitual às 09h
2026-07-05 15:49:27 [INFO]      [2mReal:[0m 35.0 kWh   [2mHabitual:[0m 23.5 ± 2.4 kWh   [2mz:[0m +4.89   [2mdesvio:[0m +49%   [2m(2 obs. fim_semana)[0m
2026-07-05 15:49:27 [INFO] 
2026-07-05 15:49:27 [INFO]   🔵 [94m[1mPT0002000068859597LS[0m  [2m[Cluster 0][0m
2026-07-05 15:49:27 [INFO]      consumiu MENOS que o habitual às 12h
2026-07-05 15:49:27 [INFO]      [2mReal:[0m 36.0 kWh   [2mHabitual:[0m 77.0 ± 8.5 kWh   [2mz:[0m -4.83   [2mdesvio:[0m -53%   [2m(2 obs. fim_semana)[0m
2026-07-05 15:49:27 [INFO] 
2026-07-05 15:49:27 [INFO]   🔵 [94m[1mPT0002000078140706BA[0m  [2m[sem cluster][0m
2026-07-05 15:49:27 [INFO]      consumiu MENOS que o habitual às 15h
2026-07-05 15:49:27 [INFO]      [2mReal:[0m 0.0 kWh   [2mHabitual:[0m 37.5 ± 7.8 kWh   [2mz:[0m -4.82   [2mdesvio:[0m -100%   [2m(2 obs. fim_semana)[0m
2026-07-05 15:49:27 [INFO] 
2026-07-05 15:49:27 [INFO]   🔴 [91m[1mPT0002000114685657JR[0m  [2m[Cluster 0][0m
2026-07-05 15:49:27 [INFO]      consumiu MAIS que o habitual às 05h
2026-07-05 15:49:27 [INFO]      [2mReal:[0m 246.0 kWh   [2mHabitual:[0m 166.0 ± 16.6 kWh   [2mz:[0m +4.82   [2mdesvio:[0m +48%   [2m(2 obs. fim_semana)[0m
2026-07-05 15:49:27 [INFO] 
2026-07-05 15:49:27 [INFO]   🔴 [91m[1mPT0002000114685657JR[0m  [2m[Cluster 0][0m
2026-07-05 15:49:27 [INFO]      consumiu MAIS que o habitual às 04h
2026-07-05 15:49:27 [INFO]      [2mReal:[0m 248.0 kWh   [2mHabitual:[0m 167.5 ± 16.8 kWh   [2mz:[0m +4.81   [2mdesvio:[0m +48%   [2m(2 obs. fim_semana)[0m
2026-07-05 15:49:27 [INFO] 
2026-07-05 15:49:27 [INFO]   🔵 [94m[1mPT0002000077394934QY[0m  [2m[Cluster 0][0m
2026-07-05 15:49:27 [INFO]      consumiu MENOS que o habitual às 17h
2026-07-05 15:49:27 [INFO]      [2mReal:[0m 67.0 kWh   [2mHabitual:[0m 128.5 ± 12.8 kWh   [2mz:[0m -4.79   [2mdesvio:[0m -48%   [2m(2 obs. fim_semana)[0m
2026-07-05 15:49:27 [INFO] 
2026-07-05 15:49:27 [INFO]   🔵 [94m[1mPT0002000075637532JB[0m  [2m[Cluster 0][0m
2026-07-05 15:49:27 [INFO]      consumiu MENOS que o habitual às 17h
2026-07-05 15:49:27 [INFO]      [2mReal:[0m 6.0 kWh   [2mHabitual:[0m 11.5 ± 1.1 kWh   [2mz:[0m -4.78   [2mdesvio:[0m -48%   [2m(2 obs. fim_semana)[0m
2026-07-05 15:49:27 [INFO] 
2026-07-05 15:49:27 [INFO]   🔵 [94m[1mPT0002000116530964LH[0m  [2m[sem cluster][0m
2026-07-05 15:49:27 [INFO]      consumiu MENOS que o habitual às 09h
2026-07-05 15:49:27 [INFO]      [2mReal:[0m 86.0 kWh   [2mHabitual:[0m 164.5 ± 16.4 kWh   [2mz:[0m -4.77   [2mdesvio:[0m -48%   [2m(2 obs. fim_semana)[0m
2026-07-05 15:49:27 [INFO] 
2026-07-05 15:49:27 [INFO]   🔵 [94m[1mPT0002000077394934QY[0m  [2m[Cluster 0][0m
2026-07-05 15:49:27 [INFO]      consumiu MENOS que o habitual às 12h
2026-07-05 15:49:27 [INFO]      [2mReal:[0m 80.0 kWh   [2mHabitual:[0m 152.5 ± 15.2 kWh   [2mz:[0m -4.75   [2mdesvio:[0m -48%   [2m(2 obs. fim_semana)[0m
2026-07-05 15:49:27 [INFO] 
2026-07-05 15:49:27 [INFO]   🔵 [94m[1mPT0002000120237616VJ[0m  [2m[Cluster 0][0m
2026-07-05 15:49:27 [INFO]      consumiu MENOS que o habitual às 18h
2026-07-05 15:49:27 [INFO]      [2mReal:[0m 15.0 kWh   [2mHabitual:[0m 28.5 ± 2.9 kWh   [2mz:[0m -4.74   [2mdesvio:[0m -47%   [2m(2 obs. fim_semana)[0m
2026-07-05 15:49:27 [INFO] 
2026-07-05 15:49:27 [INFO]   🔵 [94m[1mPT0002000068855003AK[0m  [2m[sem cluster][0m
2026-07-05 15:49:27 [INFO]      consumiu MENOS que o habitual às 11h
2026-07-05 15:49:27 [INFO]      [2mReal:[0m 38.0 kWh   [2mHabitual:[0m 72.0 ± 7.2 kWh   [2mz:[0m -4.72   [2mdesvio:[0m -47%   [2m(2 obs. fim_semana)[0m
2026-07-05 15:49:27 [INFO] 
2026-07-05 15:49:27 [INFO]   🔵 [94m[1mPT0002000068858231YY[0m  [2m[sem cluster][0m
2026-07-05 15:49:27 [INFO]      consumiu MENOS que o habitual às 08h
2026-07-05 15:49:27 [INFO]      [2mReal:[0m 23.0 kWh   [2mHabitual:[0m 43.5 ± 4.3 kWh   [2mz:[0m -4.71   [2mdesvio:[0m -47%   [2m(2 obs. fim_semana)[0m
2026-07-05 15:49:27 [INFO] 
2026-07-05 15:49:27 [INFO]   🔵 [94m[1mPT0002000073481266XH[0m  [2m[Cluster 0][0m
2026-07-05 15:49:27 [INFO]      consumiu MENOS que o habitual às 09h
2026-07-05 15:49:27 [INFO]      [2mReal:[0m 6.0 kWh   [2mHabitual:[0m 46.0 ± 8.5 kWh   [2mz:[0m -4.71   [2mdesvio:[0m -87%   [2m(2 obs. fim_semana)[0m
2026-07-05 15:49:27 [INFO] 
2026-07-05 15:49:27 [INFO]   🔵 [94m[1mPT0002000201038711LS[0m  [2m[sem cluster][0m
2026-07-05 15:49:27 [INFO]      consumiu MENOS que o habitual às 14h
2026-07-05 15:49:27 [INFO]      [2mReal:[0m 0.0 kWh   [2mHabitual:[0m 20.0 ± 4.2 kWh   [2mz:[0m -4.71   [2mdesvio:[0m -100%   [2m(2 obs. fim_semana)[0m
2026-07-05 15:49:27 [INFO] 
2026-07-05 15:49:27 [INFO]   🔵 [94m[1mPT0002000068859597LS[0m  [2m[Cluster 0][0m
2026-07-05 15:49:27 [INFO]      consumiu MENOS que o habitual às 09h
2026-07-05 15:49:27 [INFO]      [2mReal:[0m 39.0 kWh   [2mHabitual:[0m 73.5 ± 7.3 kWh   [2mz:[0m -4.69   [2mdesvio:[0m -47%   [2m(2 obs. fim_semana)[0m
2026-07-05 15:49:27 [INFO] 
2026-07-05 15:49:27 [INFO]   🔵 [94m[1mPT0002000033074862LZ[0m  [2m[Cluster 0][0m
2026-07-05 15:49:27 [INFO]      consumiu MENOS que o habitual às 17h
2026-07-05 15:49:27 [INFO]      [2mReal:[0m 12.0 kWh   [2mHabitual:[0m 28.5 ± 3.5 kWh   [2mz:[0m -4.67   [2mdesvio:[0m -58%   [2m(2 obs. fim_semana)[0m
2026-07-05 15:49:27 [INFO] 
2026-07-05 15:49:27 [INFO]   🔵 [94m[1mPT0002000068855003AK[0m  [2m[sem cluster][0m
2026-07-05 15:49:27 [INFO]      consumiu MENOS que o habitual às 18h
2026-07-05 15:49:27 [INFO]      [2mReal:[0m 48.0 kWh   [2mHabitual:[0m 90.0 ± 9.0 kWh   [2mz:[0m -4.67   [2mdesvio:[0m -47%   [2m(2 obs. fim_semana)[0m
2026-07-05 15:49:27 [INFO] 
2026-07-05 15:49:27 [INFO]   🔵 [94m[1mPT0002000077348081AG[0m  [2m[sem cluster][0m
2026-07-05 15:49:27 [INFO]      consumiu MENOS que o habitual às 19h
2026-07-05 15:49:27 [INFO]      [2mReal:[0m 103.0 kWh   [2mHabitual:[0m 350.5 ± 53.0 kWh   [2mz:[0m -4.67   [2mdesvio:[0m -71%   [2m(2 obs. fim_semana)[0m
2026-07-05 15:49:27 [INFO] 
2026-07-05 15:49:27 [INFO]   🔴 [91m[1mPT0002000068857099AR[0m  [2m[Cluster 1][0m
2026-07-05 15:49:27 [INFO]      consumiu MAIS que o habitual às 08h
2026-07-05 15:49:27 [INFO]      [2mReal:[0m 19.0 kWh   [2mHabitual:[0m 13.0 ± 1.3 kWh   [2mz:[0m +4.62   [2mdesvio:[0m +46%   [2m(2 obs. fim_semana)[0m
2026-07-05 15:49:27 [INFO] 
2026-07-05 15:49:27 [INFO]   🔵 [94m[1mPT0002000073481266XH[0m  [2m[Cluster 0][0m
2026-07-05 15:49:27 [INFO]      consumiu MENOS que o habitual às 07h
2026-07-05 15:49:27 [INFO]      [2mReal:[0m 6.0 kWh   [2mHabitual:[0m 11.0 ± 1.1 kWh   [2mz:[0m -4.55   [2mdesvio:[0m -45%   [2m(2 obs. fim_semana)[0m
2026-07-05 15:49:27 [INFO] 
2026-07-05 15:49:27 [INFO]   🔵 [94m[1mPT0002000110607652SB[0m  [2m[Cluster 0][0m
2026-07-05 15:49:27 [INFO]      consumiu MENOS que o habitual às 15h
2026-07-05 15:49:27 [INFO]      [2mReal:[0m 12.0 kWh   [2mHabitual:[0m 102.0 ± 19.8 kWh   [2mz:[0m -4.55   [2mdesvio:[0m -88%   [2m(2 obs. fim_semana)[0m
2026-07-05 15:49:27 [INFO] 
2026-07-05 15:49:27 [INFO]   🔵 [94m[1mPT0002000068856974CZ[0m  [2m[sem cluster][0m
2026-07-05 15:49:27 [INFO]      consumiu MENOS que o habitual às 17h
2026-07-05 15:49:27 [INFO]      [2mReal:[0m 35.0 kWh   [2mHabitual:[0m 64.0 ± 6.4 kWh   [2mz:[0m -4.53   [2mdesvio:[0m -45%   [2m(2 obs. fim_semana)[0m
2026-07-05 15:49:27 [INFO] 
2026-07-05 15:49:27 [INFO]   🔵 [94m[1mPT0002000068855003AK[0m  [2m[sem cluster][0m
2026-07-05 15:49:27 [INFO]      consumiu MENOS que o habitual às 01h
2026-07-05 15:49:27 [INFO]      [2mReal:[0m 17.0 kWh   [2mHabitual:[0m 31.0 ± 3.1 kWh   [2mz:[0m -4.52   [2mdesvio:[0m -45%   [2m(2 obs. fim_semana)[0m
2026-07-05 15:49:27 [INFO] 
2026-07-05 15:49:27 [INFO]   🔵 [94m[1mPT0002000068857897ZV[0m  [2m[Cluster 0][0m
2026-07-05 15:49:27 [INFO]      consumiu MENOS que o habitual às 09h
2026-07-05 15:49:27 [INFO]      [2mReal:[0m 30.0 kWh   [2mHabitual:[0m 81.0 ± 11.3 kWh   [2mz:[0m -4.51   [2mdesvio:[0m -63%   [2m(2 obs. fim_semana)[0m
2026-07-05 15:49:27 [INFO] 
2026-07-05 15:49:27 [INFO]   🔵 [94m[1mPT0002000075637532JB[0m  [2m[Cluster 0][0m
2026-07-05 15:49:27 [INFO]      consumiu MENOS que o habitual às 11h
2026-07-05 15:49:27 [INFO]      [2mReal:[0m 7.0 kWh   [2mHabitual:[0m 26.0 ± 4.2 kWh   [2mz:[0m -4.48   [2mdesvio:[0m -73%   [2m(2 obs. fim_semana)[0m
2026-07-05 15:49:27 [INFO] 
2026-07-05 15:49:27 [INFO]   🔵 [94m[1mPT0002000107046231FW[0m  [2m[Cluster 0][0m
2026-07-05 15:49:27 [INFO]      consumiu MENOS que o habitual às 10h
2026-07-05 15:49:27 [INFO]      [2mReal:[0m 3.0 kWh   [2mHabitual:[0m 41.0 ± 8.5 kWh   [2mz:[0m -4.48   [2mdesvio:[0m -93%   [2m(2 obs. fim_semana)[0m
2026-07-05 15:49:27 [INFO] 
2026-07-05 15:49:27 [INFO]   🔵 [94m[1mPT0002000110607652SB[0m  [2m[Cluster 0][0m
2026-07-05 15:49:27 [INFO]      consumiu MENOS que o habitual às 19h
2026-07-05 15:49:27 [INFO]      [2mReal:[0m 12.0 kWh   [2mHabitual:[0m 88.0 ± 17.0 kWh   [2mz:[0m -4.48   [2mdesvio:[0m -86%   [2m(2 obs. fim_semana)[0m
2026-07-05 15:49:27 [INFO] 
2026-07-05 15:49:27 [INFO]   🔵 [94m[1mPT0002000115700602GW[0m  [2m[Cluster 0][0m
2026-07-05 15:49:27 [INFO]      consumiu MENOS que o habitual às 08h
2026-07-05 15:49:27 [INFO]      [2mReal:[0m 8.0 kWh   [2mHabitual:[0m 17.5 ± 2.1 kWh   [2mz:[0m -4.48   [2mdesvio:[0m -54%   [2m(2 obs. fim_semana)[0m
2026-07-05 15:49:27 [INFO] 
2026-07-05 15:49:27 [INFO]   🔵 [94m[1mPT0002000068855003AK[0m  [2m[sem cluster][0m
2026-07-05 15:49:27 [INFO]      consumiu MENOS que o habitual às 15h
2026-07-05 15:49:27 [INFO]      [2mReal:[0m 50.0 kWh   [2mHabitual:[0m 90.0 ± 9.0 kWh   [2mz:[0m -4.44   [2mdesvio:[0m -44%   [2m(2 obs. fim_semana)[0m
2026-07-05 15:49:27 [INFO] 
2026-07-05 15:49:27 [INFO]   🔵 [94m[1mPT0002000068855003AK[0m  [2m[sem cluster][0m
2026-07-05 15:49:27 [INFO]      consumiu MENOS que o habitual às 17h
2026-07-05 15:49:27 [INFO]      [2mReal:[0m 48.0 kWh   [2mHabitual:[0m 85.5 ± 8.6 kWh   [2mz:[0m -4.39   [2mdesvio:[0m -44%   [2m(2 obs. fim_semana)[0m
2026-07-05 15:49:27 [INFO] 
2026-07-05 15:49:27 [INFO]   🔵 [94m[1mPT0002000112989585PH[0m  [2m[Cluster 0][0m
2026-07-05 15:49:27 [INFO]      consumiu MENOS que o habitual às 15h
2026-07-05 15:49:27 [INFO]      [2mReal:[0m 25.0 kWh   [2mHabitual:[0m 44.5 ± 4.5 kWh   [2mz:[0m -4.38   [2mdesvio:[0m -44%   [2m(2 obs. fim_semana)[0m
2026-07-05 15:49:27 [INFO] 
2026-07-05 15:49:27 [INFO]   🔵 [94m[1mPT0002000115673471CB[0m  [2m[Cluster 0][0m
2026-07-05 15:49:27 [INFO]      consumiu MENOS que o habitual às 08h
2026-07-05 15:49:27 [INFO]      [2mReal:[0m 20.0 kWh   [2mHabitual:[0m 51.0 ± 7.1 kWh   [2mz:[0m -4.38   [2mdesvio:[0m -61%   [2m(2 obs. fim_semana)[0m
2026-07-05 15:49:27 [INFO] 
2026-07-05 15:49:27 [INFO]   🔵 [94m[1mPT0002000125379984SH[0m  [2m[Cluster 1][0m
2026-07-05 15:49:27 [INFO]      consumiu MENOS que o habitual às 11h
2026-07-05 15:49:27 [INFO]      [2mReal:[0m 2.0 kWh   [2mHabitual:[0m 17.5 ± 3.5 kWh   [2mz:[0m -4.38   [2mdesvio:[0m -89%   [2m(2 obs. fim_semana)[0m
2026-07-05 15:49:27 [INFO] 
2026-07-05 15:49:27 [INFO]   🔴 [91m[1mPT0002000114685657JR[0m  [2m[Cluster 0][0m
2026-07-05 15:49:27 [INFO]      consumiu MAIS que o habitual às 03h
2026-07-05 15:49:27 [INFO]      [2mReal:[0m 244.0 kWh   [2mHabitual:[0m 170.0 ± 17.0 kWh   [2mz:[0m +4.35   [2mdesvio:[0m +44%   [2m(2 obs. fim_semana)[0m
2026-07-05 15:49:27 [INFO] 
2026-07-05 15:49:27 [INFO]   🔵 [94m[1mPT0002000033074862LZ[0m  [2m[Cluster 0][0m
2026-07-05 15:49:27 [INFO]      consumiu MENOS que o habitual às 13h
2026-07-05 15:49:27 [INFO]      [2mReal:[0m 10.0 kWh   [2mHabitual:[0m 43.5 ± 7.8 kWh   [2mz:[0m -4.31   [2mdesvio:[0m -77%   [2m(2 obs. fim_semana)[0m
2026-07-05 15:49:27 [INFO] 
2026-07-05 15:49:27 [INFO]   🔵 [94m[1mPT0002000068858231YY[0m  [2m[sem cluster][0m
2026-07-05 15:49:27 [INFO]      consumiu MENOS que o habitual às 12h
2026-07-05 15:49:27 [INFO]      [2mReal:[0m 23.0 kWh   [2mHabitual:[0m 62.5 ± 9.2 kWh   [2mz:[0m -4.30   [2mdesvio:[0m -63%   [2m(2 obs. fim_semana)[0m
2026-07-05 15:49:27 [INFO] 
2026-07-05 15:49:27 [INFO]   🔴 [91m[1mPT0002000114685657JR[0m  [2m[Cluster 0][0m
2026-07-05 15:49:27 [INFO]      consumiu MAIS que o habitual às 00h
2026-07-05 15:49:27 [INFO]      [2mReal:[0m 247.0 kWh   [2mHabitual:[0m 173.0 ± 17.3 kWh   [2mz:[0m +4.28   [2mdesvio:[0m +43%   [2m(2 obs. fim_semana)[0m
2026-07-05 15:49:27 [INFO] 
2026-07-05 15:49:27 [INFO]   🔵 [94m[1mPT0002000125379984SH[0m  [2m[Cluster 1][0m
2026-07-05 15:49:27 [INFO]      consumiu MENOS que o habitual às 21h
2026-07-05 15:49:27 [INFO]      [2mReal:[0m 4.0 kWh   [2mHabitual:[0m 31.3 ± 6.4 kWh   [2mz:[0m -4.25   [2mdesvio:[0m -87%   [2m(3 obs. fim_semana)[0m
2026-07-05 15:49:27 [INFO] 
2026-07-05 15:49:27 [INFO]   🔴 [91m[1mPT0002000068857909SY[0m  [2m[Cluster 1][0m
2026-07-05 15:49:27 [INFO]      consumiu MAIS que o habitual às 09h
2026-07-05 15:49:27 [INFO]      [2mReal:[0m 23.0 kWh   [2mHabitual:[0m 5.0 ± 4.2 kWh   [2mz:[0m +4.24   [2mdesvio:[0m +360%   [2m(2 obs. fim_semana)[0m
2026-07-05 15:49:27 [INFO] 
2026-07-05 15:49:27 [INFO]   🔴 [91m[1mPT0002000073717386HC[0m  [2m[sem cluster][0m
2026-07-05 15:49:27 [INFO]      consumiu MAIS que o habitual às 18h
2026-07-05 15:49:27 [INFO]      [2mReal:[0m 57.0 kWh   [2mHabitual:[0m 27.0 ± 7.1 kWh   [2mz:[0m +4.24   [2mdesvio:[0m +111%   [2m(2 obs. fim_semana)[0m
2026-07-05 15:49:27 [INFO] 
2026-07-05 15:49:27 [INFO]   🔵 [94m[1mPT0002000075637532JB[0m  [2m[Cluster 0][0m
2026-07-05 15:49:27 [INFO]      consumiu MENOS que o habitual às 14h
2026-07-05 15:49:27 [INFO]      [2mReal:[0m 7.0 kWh   [2mHabitual:[0m 13.0 ± 1.4 kWh   [2mz:[0m -4.24   [2mdesvio:[0m -46%   [2m(2 obs. fim_semana)[0m
2026-07-05 15:49:27 [INFO] 
2026-07-05 15:49:27 [INFO]   🔴 [91m[1mPT0002000114685657JR[0m  [2m[Cluster 0][0m
2026-07-05 15:49:27 [INFO]      consumiu MAIS que o habitual às 01h
2026-07-05 15:49:27 [INFO]      [2mReal:[0m 244.0 kWh   [2mHabitual:[0m 171.5 ± 17.1 kWh   [2mz:[0m +4.23   [2mdesvio:[0m +42%   [2m(2 obs. fim_semana)[0m
2026-07-05 15:49:27 [INFO] 
2026-07-05 15:49:27 [INFO]   🔵 [94m[1mPT0002000068859597LS[0m  [2m[Cluster 0][0m
2026-07-05 15:49:27 [INFO]      consumiu MENOS que o habitual às 14h
2026-07-05 15:49:27 [INFO]      [2mReal:[0m 44.0 kWh   [2mHabitual:[0m 75.5 ± 7.5 kWh   [2mz:[0m -4.17   [2mdesvio:[0m -42%   [2m(2 obs. fim_semana)[0m
2026-07-05 15:49:27 [INFO] 
2026-07-05 15:49:27 [INFO]   🔵 [94m[1mPT0002000077394934QY[0m  [2m[Cluster 0][0m
2026-07-05 15:49:27 [INFO]      consumiu MENOS que o habitual às 09h
2026-07-05 15:49:27 [INFO]      [2mReal:[0m 62.0 kWh   [2mHabitual:[0m 121.0 ± 14.1 kWh   [2mz:[0m -4.17   [2mdesvio:[0m -49%   [2m(2 obs. fim_semana)[0m
2026-07-05 15:49:27 [INFO] 
2026-07-05 15:49:27 [INFO]   🔴 [91m[1mPT0002000114685657JR[0m  [2m[Cluster 0][0m
2026-07-05 15:49:27 [INFO]      consumiu MAIS que o habitual às 02h
2026-07-05 15:49:27 [INFO]      [2mReal:[0m 244.0 kWh   [2mHabitual:[0m 172.5 ± 17.2 kWh   [2mz:[0m +4.14   [2mdesvio:[0m +41%   [2m(2 obs. fim_semana)[0m
2026-07-05 15:49:27 [INFO] 
2026-07-05 15:49:27 [INFO]   🔵 [94m[1mPT0002000068855003AK[0m  [2m[sem cluster][0m
2026-07-05 15:49:27 [INFO]      consumiu MENOS que o habitual às 16h
2026-07-05 15:49:27 [INFO]      [2mReal:[0m 50.0 kWh   [2mHabitual:[0m 85.0 ± 8.5 kWh   [2mz:[0m -4.12   [2mdesvio:[0m -41%   [2m(2 obs. fim_semana)[0m
2026-07-05 15:49:27 [INFO] 
2026-07-05 15:49:27 [INFO]   🔵 [94m[1mPT0002000068859597LS[0m  [2m[Cluster 0][0m
2026-07-05 15:49:27 [INFO]      consumiu MENOS que o habitual às 13h
2026-07-05 15:49:27 [INFO]      [2mReal:[0m 40.0 kWh   [2mHabitual:[0m 68.0 ± 6.8 kWh   [2mz:[0m -4.12   [2mdesvio:[0m -41%   [2m(2 obs. fim_semana)[0m
2026-07-05 15:49:27 [INFO] 
2026-07-05 15:49:27 [INFO]   🔵 [94m[1mPT0002000125379984SH[0m  [2m[Cluster 1][0m
2026-07-05 15:49:27 [INFO]      consumiu MENOS que o habitual às 08h
2026-07-05 15:49:27 [INFO]      [2mReal:[0m 3.0 kWh   [2mHabitual:[0m 17.5 ± 3.5 kWh   [2mz:[0m -4.10   [2mdesvio:[0m -83%   [2m(2 obs. fim_semana)[0m
2026-07-05 15:49:27 [INFO] 
2026-07-05 15:49:27 [INFO]   🔵 [94m[1mPT0002000068859382XF[0m  [2m[Cluster 0][0m
2026-07-05 15:49:27 [INFO]      consumiu MENOS que o habitual às 11h
2026-07-05 15:49:27 [INFO]      [2mReal:[0m 44.0 kWh   [2mHabitual:[0m 74.5 ± 7.5 kWh   [2mz:[0m -4.09   [2mdesvio:[0m -41%   [2m(2 obs. fim_semana)[0m
2026-07-05 15:49:27 [INFO] 
2026-07-05 15:49:27 [INFO]   🔵 [94m[1mPT0002000101964938LF[0m  [2m[Cluster 0][0m
2026-07-05 15:49:27 [INFO]      consumiu MENOS que o habitual às 08h
2026-07-05 15:49:27 [INFO]      [2mReal:[0m 11.0 kWh   [2mHabitual:[0m 63.0 ± 12.7 kWh   [2mz:[0m -4.09   [2mdesvio:[0m -83%   [2m(2 obs. fim_semana)[0m
2026-07-05 15:49:27 [INFO] 
2026-07-05 15:49:27 [INFO]   🔵 [94m[1mPT0002000115673471CB[0m  [2m[Cluster 0][0m
2026-07-05 15:49:27 [INFO]      consumiu MENOS que o habitual às 14h
2026-07-05 15:49:27 [INFO]      [2mReal:[0m 26.0 kWh   [2mHabitual:[0m 44.0 ± 4.4 kWh   [2mz:[0m -4.09   [2mdesvio:[0m -41%   [2m(2 obs. fim_semana)[0m
2026-07-05 15:49:27 [INFO] 
2026-07-05 15:49:27 [INFO]   🔵 [94m[1mPT0002000116530964LH[0m  [2m[sem cluster][0m
2026-07-05 15:49:27 [INFO]      consumiu MENOS que o habitual às 16h
2026-07-05 15:49:27 [INFO]      [2mReal:[0m 83.0 kWh   [2mHabitual:[0m 158.0 ± 18.4 kWh   [2mz:[0m -4.08   [2mdesvio:[0m -47%   [2m(2 obs. fim_semana)[0m
2026-07-05 15:49:27 [INFO] 
2026-07-05 15:49:27 [INFO]   🔵 [94m[1mPT0002000116530964LH[0m  [2m[sem cluster][0m
2026-07-05 15:49:27 [INFO]      consumiu MENOS que o habitual às 17h
2026-07-05 15:49:27 [INFO]      [2mReal:[0m 82.0 kWh   [2mHabitual:[0m 138.5 ± 13.8 kWh   [2mz:[0m -4.08   [2mdesvio:[0m -41%   [2m(2 obs. fim_semana)[0m
2026-07-05 15:49:27 [INFO] 
2026-07-05 15:49:27 [INFO]   🔵 [94m[1mPT0002000111572054VT[0m  [2m[sem cluster][0m
2026-07-05 15:49:27 [INFO]      consumiu MENOS que o habitual às 19h
2026-07-05 15:49:27 [INFO]      [2mReal:[0m 29.0 kWh   [2mHabitual:[0m 52.0 ± 5.7 kWh   [2mz:[0m -4.07   [2mdesvio:[0m -44%   [2m(2 obs. fim_semana)[0m
2026-07-05 15:49:27 [INFO] 
2026-07-05 15:49:27 [INFO]   🔵 [94m[1mPT0002000077394934QY[0m  [2m[Cluster 0][0m
2026-07-05 15:49:27 [INFO]      consumiu MENOS que o habitual às 10h
2026-07-05 15:49:27 [INFO]      [2mReal:[0m 79.0 kWh   [2mHabitual:[0m 159.0 ± 19.8 kWh   [2mz:[0m -4.04   [2mdesvio:[0m -50%   [2m(2 obs. fim_semana)[0m
2026-07-05 15:49:27 [INFO] 
2026-07-05 15:49:27 [INFO]   🔴 [91m[1mPT0002000125701614SQ[0m  [2m[sem cluster][0m
2026-07-05 15:49:27 [INFO]      consumiu MAIS que o habitual às 13h
2026-07-05 15:49:27 [INFO]      [2mReal:[0m 33.0 kWh   [2mHabitual:[0m 23.5 ± 2.4 kWh   [2mz:[0m +4.04   [2mdesvio:[0m +40%   [2m(2 obs. fim_semana)[0m
2026-07-05 15:49:27 [INFO] 
2026-07-05 15:49:27 [INFO]   🔵 [94m[1mPT0002000111572054VT[0m  [2m[sem cluster][0m
2026-07-05 15:49:27 [INFO]      consumiu MENOS que o habitual às 17h
2026-07-05 15:49:27 [INFO]      [2mReal:[0m 3.0 kWh   [2mHabitual:[0m 11.5 ± 2.1 kWh   [2mz:[0m -4.01   [2mdesvio:[0m -74%   [2m(2 obs. fim_semana)[0m
2026-07-05 15:49:27 [INFO] 
2026-07-05 15:49:27 [INFO]   🔵 [94m[1mPT0002000068856974CZ[0m  [2m[sem cluster][0m
2026-07-05 15:49:27 [INFO]      consumiu MENOS que o habitual às 07h
2026-07-05 15:49:27 [INFO]      [2mReal:[0m 12.0 kWh   [2mHabitual:[0m 20.0 ± 2.0 kWh   [2mz:[0m -4.00   [2mdesvio:[0m -40%   [2m(2 obs. fim_semana)[0m
2026-07-05 15:49:27 [INFO] 
2026-07-05 15:49:27 [INFO]   🔵 [94m[1mPT0002000068858674WN[0m  [2m[sem cluster][0m
2026-07-05 15:49:27 [INFO]      consumiu MENOS que o habitual às 19h
2026-07-05 15:49:27 [INFO]      [2mReal:[0m 12.0 kWh   [2mHabitual:[0m 20.0 ± 2.0 kWh   [2mz:[0m -4.00   [2mdesvio:[0m -40%   [2m(2 obs. fim_semana)[0m
2026-07-05 15:49:27 [INFO] 
2026-07-05 15:49:27 [INFO]   🔴 [91m[1mPT0002000068859325FL[0m  [2m[Cluster 1][0m
2026-07-05 15:49:27 [INFO]      consumiu MAIS que o habitual às 21h
2026-07-05 15:49:27 [INFO]      [2mReal:[0m 244.0 kWh   [2mHabitual:[0m 174.3 ± 17.4 kWh   [2mz:[0m +4.00   [2mdesvio:[0m +40%   [2m(3 obs. fim_semana)[0m
2026-07-05 15:49:27 [INFO] 
2026-07-05 15:49:27 [INFO]   🔵 [94m[1mPT0002000115700602GW[0m  [2m[Cluster 0][0m
2026-07-05 15:49:27 [INFO]      consumiu MENOS que o habitual às 18h
2026-07-05 15:49:27 [INFO]      [2mReal:[0m 9.0 kWh   [2mHabitual:[0m 15.0 ± 1.5 kWh   [2mz:[0m -4.00   [2mdesvio:[0m -40%   [2m(2 obs. fim_semana)[0m
2026-07-05 15:49:27 [INFO] 
2026-07-05 15:49:27 [INFO]   🔵 [94m[1mPT0002000068859597LS[0m  [2m[Cluster 0][0m
2026-07-05 15:49:27 [INFO]      consumiu MENOS que o habitual às 15h
2026-07-05 15:49:27 [INFO]      [2mReal:[0m 45.0 kWh   [2mHabitual:[0m 74.5 ± 7.5 kWh   [2mz:[0m -3.96   [2mdesvio:[0m -40%   [2m(2 obs. fim_semana)[0m
2026-07-05 15:49:27 [INFO] 
2026-07-05 15:49:27 [INFO]   🔵 [94m[1mPT0002000073231742VK[0m  [2m[Cluster 0][0m
2026-07-05 15:49:27 [INFO]      consumiu MENOS que o habitual às 13h
2026-07-05 15:49:27 [INFO]      [2mReal:[0m 16.0 kWh   [2mHabitual:[0m 26.5 ± 2.6 kWh   [2mz:[0m -3.96   [2mdesvio:[0m -40%   [2m(2 obs. fim_semana)[0m
2026-07-05 15:49:27 [INFO] 
2026-07-05 15:49:27 [INFO]   🔴 [91m[1mPT0002000068857909SY[0m  [2m[Cluster 1][0m
2026-07-05 15:49:27 [INFO]      consumiu MAIS que o habitual às 22h
2026-07-05 15:49:27 [INFO]      [2mReal:[0m 16.0 kWh   [2mHabitual:[0m 3.3 ± 3.2 kWh   [2mz:[0m +3.94   [2mdesvio:[0m +380%   [2m(3 obs. fim_semana)[0m
2026-07-05 15:49:27 [INFO] 
2026-07-05 15:49:27 [INFO]   🔵 [94m[1mPT0002000073231742VK[0m  [2m[Cluster 0][0m
2026-07-05 15:49:27 [INFO]      consumiu MENOS que o habitual às 10h
2026-07-05 15:49:27 [INFO]      [2mReal:[0m 16.0 kWh   [2mHabitual:[0m 35.5 ± 5.0 kWh   [2mz:[0m -3.94   [2mdesvio:[0m -55%   [2m(2 obs. fim_semana)[0m
2026-07-05 15:49:27 [INFO] 
2026-07-05 15:49:27 [INFO]   🔵 [94m[1mPT0002000068856267NC[0m  [2m[sem cluster][0m
2026-07-05 15:49:27 [INFO]      consumiu MENOS que o habitual às 11h
2026-07-05 15:49:27 [INFO]      [2mReal:[0m 41.0 kWh   [2mHabitual:[0m 67.5 ± 6.8 kWh   [2mz:[0m -3.93   [2mdesvio:[0m -39%   [2m(2 obs. fim_semana)[0m
2026-07-05 15:49:27 [INFO] 
2026-07-05 15:49:27 [INFO]   🔵 [94m[1mPT0002000077394934QY[0m  [2m[Cluster 0][0m
2026-07-05 15:49:27 [INFO]      consumiu MENOS que o habitual às 08h
2026-07-05 15:49:27 [INFO]      [2mReal:[0m 54.0 kWh   [2mHabitual:[0m 89.0 ± 8.9 kWh   [2mz:[0m -3.93   [2mdesvio:[0m -39%   [2m(2 obs. fim_semana)[0m
2026-07-05 15:49:27 [INFO] 
2026-07-05 15:49:27 [INFO]   🔵 [94m[1mPT0002000068859382XF[0m  [2m[Cluster 0][0m
2026-07-05 15:49:27 [INFO]      consumiu MENOS que o habitual às 09h
2026-07-05 15:49:27 [INFO]      [2mReal:[0m 39.0 kWh   [2mHabitual:[0m 69.5 ± 7.8 kWh   [2mz:[0m -3.92   [2mdesvio:[0m -44%   [2m(2 obs. fim_semana)[0m
2026-07-05 15:49:27 [INFO] 
2026-07-05 15:49:27 [INFO]   🔵 [94m[1mPT0002000033074862LZ[0m  [2m[Cluster 0][0m
2026-07-05 15:49:27 [INFO]      consumiu MENOS que o habitual às 11h
2026-07-05 15:49:27 [INFO]      [2mReal:[0m 10.0 kWh   [2mHabitual:[0m 51.5 ± 10.6 kWh   [2mz:[0m -3.91   [2mdesvio:[0m -81%   [2m(2 obs. fim_semana)[0m
2026-07-05 15:49:27 [INFO] 
2026-07-05 15:49:27 [INFO]   🔵 [94m[1mPT0002000071896778MT[0m  [2m[Cluster 0][0m
2026-07-05 15:49:27 [INFO]      consumiu MENOS que o habitual às 14h
2026-07-05 15:49:27 [INFO]      [2mReal:[0m 5.0 kWh   [2mHabitual:[0m 16.0 ± 2.8 kWh   [2mz:[0m -3.89   [2mdesvio:[0m -69%   [2m(2 obs. fim_semana)[0m
2026-07-05 15:49:27 [INFO] 
2026-07-05 15:49:27 [INFO]   🔵 [94m[1mPT0002000073231742VK[0m  [2m[Cluster 0][0m
2026-07-05 15:49:27 [INFO]      consumiu MENOS que o habitual às 14h
2026-07-05 15:49:27 [INFO]      [2mReal:[0m 15.0 kWh   [2mHabitual:[0m 26.0 ± 2.8 kWh   [2mz:[0m -3.89   [2mdesvio:[0m -42%   [2m(2 obs. fim_semana)[0m
2026-07-05 15:49:27 [INFO] 
2026-07-05 15:49:27 [INFO]   🔵 [94m[1mPT0002000078207354XC[0m  [2m[Cluster 1][0m
2026-07-05 15:49:27 [INFO]      consumiu MENOS que o habitual às 22h
2026-07-05 15:49:27 [INFO]      [2mReal:[0m 4.0 kWh   [2mHabitual:[0m 17.7 ± 3.5 kWh   [2mz:[0m -3.89   [2mdesvio:[0m -77%   [2m(3 obs. fim_semana)[0m
2026-07-05 15:49:27 [INFO] 
2026-07-05 15:49:27 [INFO]   🔴 [91m[1mPT0002000115673471CB[0m  [2m[Cluster 0][0m
2026-07-05 15:49:27 [INFO]      consumiu MAIS que o habitual às 03h
2026-07-05 15:49:27 [INFO]      [2mReal:[0m 25.0 kWh   [2mHabitual:[0m 18.0 ± 1.8 kWh   [2mz:[0m +3.89   [2mdesvio:[0m +39%   [2m(2 obs. fim_semana)[0m
2026-07-05 15:49:27 [INFO] 
2026-07-05 15:49:27 [INFO]   🔴 [91m[1mPT0002000073720434JD[0m  [2m[sem cluster][0m
2026-07-05 15:49:27 [INFO]      consumiu MAIS que o habitual às 18h
2026-07-05 15:49:27 [INFO]      [2mReal:[0m 77.0 kWh   [2mHabitual:[0m 55.5 ± 5.5 kWh   [2mz:[0m +3.87   [2mdesvio:[0m +39%   [2m(2 obs. fim_semana)[0m
2026-07-05 15:49:27 [INFO] 
2026-07-05 15:49:27 [INFO]   🔵 [94m[1mPT0002000078233981HJ[0m  [2m[Cluster 1][0m
2026-07-05 15:49:27 [INFO]      consumiu MENOS que o habitual às 21h
2026-07-05 15:49:27 [INFO]      [2mReal:[0m 2.0 kWh   [2mHabitual:[0m 31.3 ± 7.6 kWh   [2mz:[0m -3.87   [2mdesvio:[0m -94%   [2m(3 obs. fim_semana)[0m
2026-07-05 15:49:27 [INFO] 
2026-07-05 15:49:27 [INFO]   🔵 [94m[1mPT0002000068855003AK[0m  [2m[sem cluster][0m
2026-07-05 15:49:27 [INFO]      consumiu MENOS que o habitual às 10h
2026-07-05 15:49:27 [INFO]      [2mReal:[0m 33.0 kWh   [2mHabitual:[0m 57.5 ± 6.4 kWh   [2mz:[0m -3.85   [2mdesvio:[0m -43%   [2m(2 obs. fim_semana)[0m
2026-07-05 15:49:27 [INFO] 
2026-07-05 15:49:27 [INFO]   🔵 [94m[1mPT0002000077394934QY[0m  [2m[Cluster 0][0m
2026-07-05 15:49:27 [INFO]      consumiu MENOS que o habitual às 18h
2026-07-05 15:49:27 [INFO]      [2mReal:[0m 60.0 kWh   [2mHabitual:[0m 97.5 ± 9.8 kWh   [2mz:[0m -3.85   [2mdesvio:[0m -38%   [2m(2 obs. fim_semana)[0m
2026-07-05 15:49:27 [INFO] 
2026-07-05 15:49:27 [INFO]   🔵 [94m[1mPT0002000115700602GW[0m  [2m[Cluster 0][0m
2026-07-05 15:49:27 [INFO]      consumiu MENOS que o habitual às 11h
2026-07-05 15:49:27 [INFO]      [2mReal:[0m 8.0 kWh   [2mHabitual:[0m 46.0 ± 9.9 kWh   [2mz:[0m -3.84   [2mdesvio:[0m -83%   [2m(2 obs. fim_semana)[0m
2026-07-05 15:49:27 [INFO] 
2026-07-05 15:49:27 [INFO]   🔵 [94m[1mPT0002000068859382XF[0m  [2m[Cluster 0][0m
2026-07-05 15:49:27 [INFO]      consumiu MENOS que o habitual às 12h
2026-07-05 15:49:27 [INFO]      [2mReal:[0m 46.0 kWh   [2mHabitual:[0m 74.5 ± 7.5 kWh   [2mz:[0m -3.83   [2mdesvio:[0m -38%   [2m(2 obs. fim_semana)[0m
2026-07-05 15:49:27 [INFO] 
2026-07-05 15:49:27 [INFO]   🔵 [94m[1mPT0002000068859382XF[0m  [2m[Cluster 0][0m
2026-07-05 15:49:27 [INFO]      consumiu MENOS que o habitual às 10h
2026-07-05 15:49:27 [INFO]      [2mReal:[0m 43.0 kWh   [2mHabitual:[0m 70.0 ± 7.1 kWh   [2mz:[0m -3.82   [2mdesvio:[0m -39%   [2m(2 obs. fim_semana)[0m
2026-07-05 15:49:27 [INFO] 
2026-07-05 15:49:27 [INFO]   🔴 [91m[1mPT0002000107172384HT[0m  [2m[Cluster 1][0m
2026-07-05 15:49:27 [INFO]      consumiu MAIS que o habitual às 10h
2026-07-05 15:49:27 [INFO]      [2mReal:[0m 38.0 kWh   [2mHabitual:[0m 27.5 ± 2.8 kWh   [2mz:[0m +3.82   [2mdesvio:[0m +38%   [2m(2 obs. fim_semana)[0m
2026-07-05 15:49:27 [INFO] 
2026-07-05 15:49:27 [INFO]   🔴 [91m[1mPT0002000123648159KR[0m  [2m[Cluster 0][0m
2026-07-05 15:49:27 [INFO]      consumiu MAIS que o habitual às 15h
2026-07-05 15:49:27 [INFO]      [2mReal:[0m 24.0 kWh   [2mHabitual:[0m 10.5 ± 3.5 kWh   [2mz:[0m +3.82   [2mdesvio:[0m +129%   [2m(2 obs. fim_semana)[0m
2026-07-05 15:49:27 [INFO] 
2026-07-05 15:49:27 [INFO]   🔴 [91m[1mPT0002000115673471CB[0m  [2m[Cluster 0][0m
2026-07-05 15:49:27 [INFO]      consumiu MAIS que o habitual às 01h
2026-07-05 15:49:27 [INFO]      [2mReal:[0m 29.0 kWh   [2mHabitual:[0m 21.0 ± 2.1 kWh   [2mz:[0m +3.81   [2mdesvio:[0m +38%   [2m(2 obs. fim_semana)[0m
2026-07-05 15:49:27 [INFO] 
2026-07-05 15:49:27 [INFO]   🔵 [94m[1mPT0002000119303492KB[0m  [2m[Cluster 0][0m
2026-07-05 15:49:27 [INFO]      consumiu MENOS que o habitual às 17h
2026-07-05 15:49:27 [INFO]      [2mReal:[0m 3.0 kWh   [2mHabitual:[0m 48.5 ± 12.0 kWh   [2mz:[0m -3.79   [2mdesvio:[0m -94%   [2m(2 obs. fim_semana)[0m
2026-07-05 15:49:27 [INFO] 
2026-07-05 15:49:27 [INFO]   🔵 [94m[1mPT0002000068859393XH[0m  [2m[Cluster 1][0m
2026-07-05 15:49:27 [INFO]      consumiu MENOS que o habitual às 09h
2026-07-05 15:49:27 [INFO]      [2mReal:[0m 83.0 kWh   [2mHabitual:[0m 133.5 ± 13.3 kWh   [2mz:[0m -3.78   [2mdesvio:[0m -38%   [2m(2 obs. fim_semana)[0m
2026-07-05 15:49:27 [INFO] 
2026-07-05 15:49:27 [INFO]   🔵 [94m[1mPT0002000068855003AK[0m  [2m[sem cluster][0m
2026-07-05 15:49:27 [INFO]      consumiu MENOS que o habitual às 00h
2026-07-05 15:49:27 [INFO]      [2mReal:[0m 19.0 kWh   [2mHabitual:[0m 30.5 ± 3.0 kWh   [2mz:[0m -3.77   [2mdesvio:[0m -38%   [2m(2 obs. fim_semana)[0m
2026-07-05 15:49:27 [INFO] 
2026-07-05 15:49:27 [INFO]   🔵 [94m[1mPT0002000068855003AK[0m  [2m[sem cluster][0m
2026-07-05 15:49:27 [INFO]      consumiu MENOS que o habitual às 08h
2026-07-05 15:49:27 [INFO]      [2mReal:[0m 25.0 kWh   [2mHabitual:[0m 41.0 ± 4.2 kWh   [2mz:[0m -3.77   [2mdesvio:[0m -39%   [2m(2 obs. fim_semana)[0m
2026-07-05 15:49:27 [INFO] 
2026-07-05 15:49:27 [INFO]   🔴 [91m[1mPT0002000068859325FL[0m  [2m[Cluster 1][0m
2026-07-05 15:49:27 [INFO]      consumiu MAIS que o habitual às 23h
2026-07-05 15:49:27 [INFO]      [2mReal:[0m 160.0 kWh   [2mHabitual:[0m 76.0 ± 22.3 kWh   [2mz:[0m +3.77   [2mdesvio:[0m +111%   [2m(3 obs. fim_semana)[0m
2026-07-05 15:49:27 [INFO] 
2026-07-05 15:49:27 [INFO]   🔴 [91m[1mPT0002000081997398TD[0m  [2m[Cluster 0][0m
2026-07-05 15:49:27 [INFO]      consumiu MAIS que o habitual às 11h
2026-07-05 15:49:27 [INFO]      [2mReal:[0m 214.0 kWh   [2mHabitual:[0m 155.5 ± 15.6 kWh   [2mz:[0m +3.76   [2mdesvio:[0m +38%   [2m(2 obs. fim_semana)[0m
2026-07-05 15:49:27 [INFO] 
2026-07-05 15:49:27 [INFO]   🔵 [94m[1mPT0002000068859597LS[0m  [2m[Cluster 0][0m
2026-07-05 15:49:27 [INFO]      consumiu MENOS que o habitual às 08h
2026-07-05 15:49:27 [INFO]      [2mReal:[0m 36.0 kWh   [2mHabitual:[0m 57.5 ± 5.8 kWh   [2mz:[0m -3.74   [2mdesvio:[0m -37%   [2m(2 obs. fim_semana)[0m
2026-07-05 15:49:27 [INFO] 
2026-07-05 15:49:27 [INFO]   🔴 [91m[1mPT0002000073717386HC[0m  [2m[sem cluster][0m
2026-07-05 15:49:27 [INFO]      consumiu MAIS que o habitual às 16h
2026-07-05 15:49:27 [INFO]      [2mReal:[0m 53.0 kWh   [2mHabitual:[0m 32.0 ± 5.7 kWh   [2mz:[0m +3.71   [2mdesvio:[0m +66%   [2m(2 obs. fim_semana)[0m
2026-07-05 15:49:27 [INFO] 
2026-07-05 15:49:27 [INFO]   🔵 [94m[1mPT0002000068858231YY[0m  [2m[sem cluster][0m
2026-07-05 15:49:27 [INFO]      consumiu MENOS que o habitual às 11h
2026-07-05 15:49:27 [INFO]      [2mReal:[0m 24.0 kWh   [2mHabitual:[0m 71.0 ± 12.7 kWh   [2mz:[0m -3.69   [2mdesvio:[0m -66%   [2m(2 obs. fim_semana)[0m
2026-07-05 15:49:27 [INFO] 
2026-07-05 15:49:27 [INFO]   🔵 [94m[1mPT0002000116530964LH[0m  [2m[sem cluster][0m
2026-07-05 15:49:27 [INFO]      consumiu MENOS que o habitual às 08h
2026-07-05 15:49:27 [INFO]      [2mReal:[0m 88.0 kWh   [2mHabitual:[0m 139.5 ± 13.9 kWh   [2mz:[0m -3.69   [2mdesvio:[0m -37%   [2m(2 obs. fim_semana)[0m
2026-07-05 15:49:27 [INFO] 
2026-07-05 15:49:27 [INFO]   🔵 [94m[1mPT0002000073481266XH[0m  [2m[Cluster 0][0m
2026-07-05 15:49:27 [INFO]      consumiu MENOS que o habitual às 19h
2026-07-05 15:49:27 [INFO]      [2mReal:[0m 6.0 kWh   [2mHabitual:[0m 9.5 ± 0.9 kWh   [2mz:[0m -3.68   [2mdesvio:[0m -37%   [2m(2 obs. fim_semana)[0m
2026-07-05 15:49:27 [INFO] 
2026-07-05 15:49:27 [INFO]   🔵 [94m[1mPT0002000115031201VQ[0m  [2m[Cluster 0][0m
2026-07-05 15:49:27 [INFO]      consumiu MENOS que o habitual às 19h
2026-07-05 15:49:27 [INFO]      [2mReal:[0m 6.0 kWh   [2mHabitual:[0m 9.5 ± 0.9 kWh   [2mz:[0m -3.68   [2mdesvio:[0m -37%   [2m(2 obs. fim_semana)[0m
2026-07-05 15:49:27 [INFO] 
2026-07-05 15:49:27 [INFO]   🔵 [94m[1mPT0002000033074862LZ[0m  [2m[Cluster 0][0m
2026-07-05 15:49:27 [INFO]      consumiu MENOS que o habitual às 18h
2026-07-05 15:49:27 [INFO]      [2mReal:[0m 13.0 kWh   [2mHabitual:[0m 20.5 ± 2.0 kWh   [2mz:[0m -3.66   [2mdesvio:[0m -37%   [2m(2 obs. fim_semana)[0m
2026-07-05 15:49:27 [INFO] 
2026-07-05 15:49:27 [INFO]   🔵 [94m[1mPT0002000120237616VJ[0m  [2m[Cluster 0][0m
2026-07-05 15:49:27 [INFO]      consumiu MENOS que o habitual às 19h
2026-07-05 15:49:27 [INFO]      [2mReal:[0m 15.0 kWh   [2mHabitual:[0m 23.5 ± 2.4 kWh   [2mz:[0m -3.62   [2mdesvio:[0m -36%   [2m(2 obs. fim_semana)[0m
2026-07-05 15:49:27 [INFO] 
2026-07-05 15:49:27 [INFO]   🔴 [91m[1mPT0002000068857099AR[0m  [2m[Cluster 1][0m
2026-07-05 15:49:27 [INFO]      consumiu MAIS que o habitual às 13h
2026-07-05 15:49:27 [INFO]      [2mReal:[0m 17.0 kWh   [2mHabitual:[0m 12.5 ± 1.2 kWh   [2mz:[0m +3.60   [2mdesvio:[0m +36%   [2m(2 obs. fim_semana)[0m
2026-07-05 15:49:27 [INFO] 
2026-07-05 15:49:27 [INFO]   🔵 [94m[1mPT0002000068859393XH[0m  [2m[Cluster 1][0m
2026-07-05 15:49:27 [INFO]      consumiu MENOS que o habitual às 22h
2026-07-05 15:49:27 [INFO]      [2mReal:[0m 45.0 kWh   [2mHabitual:[0m 161.0 ± 32.4 kWh   [2mz:[0m -3.58   [2mdesvio:[0m -72%   [2m(3 obs. fim_semana)[0m
2026-07-05 15:49:27 [INFO] 
2026-07-05 15:49:27 [INFO]   🔴 [91m[1mPT0002000068856267NC[0m  [2m[sem cluster][0m
2026-07-05 15:49:27 [INFO]      consumiu MAIS que o habitual às 17h
2026-07-05 15:49:27 [INFO]      [2mReal:[0m 40.0 kWh   [2mHabitual:[0m 22.5 ± 5.0 kWh   [2mz:[0m +3.54   [2mdesvio:[0m +78%   [2m(2 obs. fim_semana)[0m
2026-07-05 15:49:27 [INFO] 
2026-07-05 15:49:27 [INFO]   🔵 [94m[1mPT0002000068858674WN[0m  [2m[sem cluster][0m
2026-07-05 15:49:27 [INFO]      consumiu MENOS que o habitual às 10h
2026-07-05 15:49:27 [INFO]      [2mReal:[0m 8.0 kWh   [2mHabitual:[0m 18.0 ± 2.8 kWh   [2mz:[0m -3.54   [2mdesvio:[0m -56%   [2m(2 obs. fim_semana)[0m
2026-07-05 15:49:27 [INFO] 
2026-07-05 15:49:27 [INFO]   🔵 [94m[1mPT0002000068858674WN[0m  [2m[sem cluster][0m
2026-07-05 15:49:27 [INFO]      consumiu MENOS que o habitual às 18h
2026-07-05 15:49:27 [INFO]      [2mReal:[0m 8.0 kWh   [2mHabitual:[0m 18.0 ± 2.8 kWh   [2mz:[0m -3.54   [2mdesvio:[0m -56%   [2m(2 obs. fim_semana)[0m
2026-07-05 15:49:27 [INFO] 
2026-07-05 15:49:27 [INFO]   🔴 [91m[1mPT0002000073720434JD[0m  [2m[sem cluster][0m
2026-07-05 15:49:27 [INFO]      consumiu MAIS que o habitual às 08h
2026-07-05 15:49:27 [INFO]      [2mReal:[0m 34.0 kWh   [2mHabitual:[0m 24.0 ± 2.8 kWh   [2mz:[0m +3.54   [2mdesvio:[0m +42%   [2m(2 obs. fim_semana)[0m
2026-07-05 15:49:27 [INFO] 
2026-07-05 15:49:27 [INFO]   🔴 [91m[1mPT0002000081344542CP[0m  [2m[Cluster 1][0m
2026-07-05 15:49:27 [INFO]      consumiu MAIS que o habitual às 13h
2026-07-05 15:49:27 [INFO]      [2mReal:[0m 4.0 kWh   [2mHabitual:[0m 1.5 ± 0.7 kWh   [2mz:[0m +3.54   [2mdesvio:[0m +167%   [2m(2 obs. fim_semana)[0m
2026-07-05 15:49:27 [INFO] 
2026-07-05 15:49:27 [INFO]   🔵 [94m[1mPT0002000106102375RC[0m  [2m[sem cluster][0m
2026-07-05 15:49:27 [INFO]      consumiu MENOS que o habitual às 13h
2026-07-05 15:49:27 [INFO]      [2mReal:[0m 64.0 kWh   [2mHabitual:[0m 99.0 ± 9.9 kWh   [2mz:[0m -3.54   [2mdesvio:[0m -35%   [2m(2 obs. fim_semana)[0m
2026-07-05 15:49:27 [INFO] 
2026-07-05 15:49:27 [INFO]   🔴 [91m[1mPT0002000109837807PE[0m  [2m[Cluster 1][0m
2026-07-05 15:49:27 [INFO]      consumiu MAIS que o habitual às 09h
2026-07-05 15:49:27 [INFO]      [2mReal:[0m 6.0 kWh   [2mHabitual:[0m 3.5 ± 0.7 kWh   [2mz:[0m +3.54   [2mdesvio:[0m +71%   [2m(2 obs. fim_semana)[0m
2026-07-05 15:49:27 [INFO] 
2026-07-05 15:49:27 [INFO]   🔵 [94m[1mPT0002000110090564GD[0m  [2m[Cluster 1][0m
2026-07-05 15:49:27 [INFO]      consumiu MENOS que o habitual às 09h
2026-07-05 15:49:27 [INFO]      [2mReal:[0m 4.0 kWh   [2mHabitual:[0m 6.5 ± 0.7 kWh   [2mz:[0m -3.54   [2mdesvio:[0m -38%   [2m(2 obs. fim_semana)[0m
2026-07-05 15:49:27 [INFO] 
2026-07-05 15:49:27 [INFO]   🔵 [94m[1mPT0002000116530964LH[0m  [2m[sem cluster][0m
2026-07-05 15:49:27 [INFO]      consumiu MENOS que o habitual às 18h
2026-07-05 15:49:27 [INFO]      [2mReal:[0m 82.0 kWh   [2mHabitual:[0m 127.0 ± 12.7 kWh   [2mz:[0m -3.54   [2mdesvio:[0m -35%   [2m(2 obs. fim_semana)[0m
2026-07-05 15:49:27 [INFO] 
2026-07-05 15:49:27 [INFO]   🔵 [94m[1mPT0002000073573036KH[0m  [2m[sem cluster][0m
2026-07-05 15:49:27 [INFO]      consumiu MENOS que o habitual às 20h
2026-07-05 15:49:27 [INFO]      [2mReal:[0m 210.0 kWh   [2mHabitual:[0m 324.5 ± 32.5 kWh   [2mz:[0m -3.53   [2mdesvio:[0m -35%   [2m(2 obs. fim_semana)[0m
2026-07-05 15:49:27 [INFO] 
2026-07-05 15:49:27 [INFO]   🔵 [94m[1mPT0002000077394934QY[0m  [2m[Cluster 0][0m
2026-07-05 15:49:27 [INFO]      consumiu MENOS que o habitual às 07h
2026-07-05 15:49:27 [INFO]      [2mReal:[0m 57.0 kWh   [2mHabitual:[0m 87.5 ± 8.8 kWh   [2mz:[0m -3.49   [2mdesvio:[0m -35%   [2m(2 obs. fim_semana)[0m
2026-07-05 15:49:27 [INFO] 
2026-07-05 15:49:27 [INFO]   🔵 [94m[1mPT0002000077394934QY[0m  [2m[Cluster 0][0m
2026-07-05 15:49:27 [INFO]      consumiu MENOS que o habitual às 19h
2026-07-05 15:49:27 [INFO]      [2mReal:[0m 57.0 kWh   [2mHabitual:[0m 87.5 ± 8.8 kWh   [2mz:[0m -3.49   [2mdesvio:[0m -35%   [2m(2 obs. fim_semana)[0m
2026-07-05 15:49:27 [INFO] 
2026-07-05 15:49:27 [INFO]   🔵 [94m[1mPT0002000068859382XF[0m  [2m[Cluster 0][0m
2026-07-05 15:49:27 [INFO]      consumiu MENOS que o habitual às 14h
2026-07-05 15:49:27 [INFO]      [2mReal:[0m 44.0 kWh   [2mHabitual:[0m 67.5 ± 6.8 kWh   [2mz:[0m -3.48   [2mdesvio:[0m -35%   [2m(2 obs. fim_semana)[0m
2026-07-05 15:49:27 [INFO] 
2026-07-05 15:49:27 [INFO]   🔵 [94m[1mPT0002000068859382XF[0m  [2m[Cluster 0][0m
2026-07-05 15:49:27 [INFO]      consumiu MENOS que o habitual às 15h
2026-07-05 15:49:27 [INFO]      [2mReal:[0m 43.0 kWh   [2mHabitual:[0m 66.0 ± 6.6 kWh   [2mz:[0m -3.48   [2mdesvio:[0m -35%   [2m(2 obs. fim_semana)[0m
2026-07-05 15:49:27 [INFO] 
2026-07-05 15:49:27 [INFO]   🔵 [94m[1mPT0002000068856267NC[0m  [2m[sem cluster][0m
2026-07-05 15:49:27 [INFO]      consumiu MENOS que o habitual às 10h
2026-07-05 15:49:27 [INFO]      [2mReal:[0m 38.0 kWh   [2mHabitual:[0m 58.0 ± 5.8 kWh   [2mz:[0m -3.45   [2mdesvio:[0m -34%   [2m(2 obs. fim_semana)[0m
2026-07-05 15:49:27 [INFO] 
2026-07-05 15:49:27 [INFO]   🔴 [91m[1mPT0002000107172384HT[0m  [2m[Cluster 1][0m
2026-07-05 15:49:27 [INFO]      consumiu MAIS que o habitual às 03h
2026-07-05 15:49:27 [INFO]      [2mReal:[0m 37.0 kWh   [2mHabitual:[0m 27.5 ± 2.8 kWh   [2mz:[0m +3.45   [2mdesvio:[0m +35%   [2m(2 obs. fim_semana)[0m
2026-07-05 15:49:27 [INFO] 
2026-07-05 15:49:27 [INFO]   🔵 [94m[1mPT0002000115673389QK[0m  [2m[Cluster 0][0m
2026-07-05 15:49:27 [INFO]      consumiu MENOS que o habitual às 13h
2026-07-05 15:49:27 [INFO]      [2mReal:[0m 26.0 kWh   [2mHabitual:[0m 133.0 ± 31.1 kWh   [2mz:[0m -3.44   [2mdesvio:[0m -80%   [2m(2 obs. fim_semana)[0m
2026-07-05 15:49:27 [INFO] 
2026-07-05 15:49:27 [INFO]   🔴 [91m[1mPT0002000068859325FL[0m  [2m[Cluster 1][0m
2026-07-05 15:49:27 [INFO]      consumiu MAIS que o habitual às 12h
2026-07-05 15:49:27 [INFO]      [2mReal:[0m 180.0 kWh   [2mHabitual:[0m 134.0 ± 13.4 kWh   [2mz:[0m +3.43   [2mdesvio:[0m +34%   [2m(2 obs. fim_semana)[0m
2026-07-05 15:49:27 [INFO] 
2026-07-05 15:49:27 [INFO]   🔴 [91m[1mPT0002000081997398TD[0m  [2m[Cluster 0][0m
2026-07-05 15:49:27 [INFO]      consumiu MAIS que o habitual às 19h
2026-07-05 15:49:27 [INFO]      [2mReal:[0m 441.0 kWh   [2mHabitual:[0m 218.0 ± 65.0 kWh   [2mz:[0m +3.43   [2mdesvio:[0m +102%   [2m(2 obs. fim_semana)[0m
2026-07-05 15:49:27 [INFO] 
2026-07-05 15:49:27 [INFO]   🔴 [91m[1mPT0002000068859325FL[0m  [2m[Cluster 1][0m
2026-07-05 15:49:27 [INFO]      consumiu MAIS que o habitual às 20h
2026-07-05 15:49:27 [INFO]      [2mReal:[0m 196.0 kWh   [2mHabitual:[0m 146.0 ± 14.6 kWh   [2mz:[0m +3.42   [2mdesvio:[0m +34%   [2m(2 obs. fim_semana)[0m
2026-07-05 15:49:27 [INFO] 
2026-07-05 15:49:27 [INFO]   🔴 [91m[1mPT0002000107172384HT[0m  [2m[Cluster 1][0m
2026-07-05 15:49:27 [INFO]      consumiu MAIS que o habitual às 01h
2026-07-05 15:49:27 [INFO]      [2mReal:[0m 66.0 kWh   [2mHabitual:[0m 37.0 ± 8.5 kWh   [2mz:[0m +3.42   [2mdesvio:[0m +78%   [2m(2 obs. fim_semana)[0m
2026-07-05 15:49:27 [INFO] 
2026-07-05 15:49:27 [INFO]   🔵 [94m[1mPT0002000073481266XH[0m  [2m[Cluster 0][0m
2026-07-05 15:49:27 [INFO]      consumiu MENOS que o habitual às 17h
2026-07-05 15:49:27 [INFO]      [2mReal:[0m 6.0 kWh   [2mHabitual:[0m 32.5 ± 7.8 kWh   [2mz:[0m -3.41   [2mdesvio:[0m -82%   [2m(2 obs. fim_semana)[0m
2026-07-05 15:49:27 [INFO] 
2026-07-05 15:49:27 [INFO]   🔵 [94m[1mPT0002000114685657JR[0m  [2m[Cluster 0][0m
2026-07-05 15:49:27 [INFO]      consumiu MENOS que o habitual às 10h
2026-07-05 15:49:27 [INFO]      [2mReal:[0m 184.0 kWh   [2mHabitual:[0m 279.0 ± 27.9 kWh   [2mz:[0m -3.41   [2mdesvio:[0m -34%   [2m(2 obs. fim_semana)[0m
2026-07-05 15:49:27 [INFO] 
2026-07-05 15:49:27 [INFO]   🔵 [94m[1mPT0002000068856826ZG[0m  [2m[sem cluster][0m
2026-07-05 15:49:27 [INFO]      consumiu MENOS que o habitual às 20h
2026-07-05 15:49:27 [INFO]      [2mReal:[0m 334.0 kWh   [2mHabitual:[0m 504.5 ± 50.5 kWh   [2mz:[0m -3.38   [2mdesvio:[0m -34%   [2m(2 obs. fim_semana)[0m
2026-07-05 15:49:27 [INFO] 
2026-07-05 15:49:27 [INFO]   🔵 [94m[1mPT0002000114613364CC[0m  [2m[sem cluster][0m
2026-07-05 15:49:27 [INFO]      consumiu MENOS que o habitual às 10h
2026-07-05 15:49:27 [INFO]      [2mReal:[0m 139.0 kWh   [2mHabitual:[0m 209.5 ± 20.9 kWh   [2mz:[0m -3.37   [2mdesvio:[0m -34%   [2m(2 obs. fim_semana)[0m
2026-07-05 15:49:27 [INFO] 
2026-07-05 15:49:27 [INFO]   🔴 [91m[1mPT0002000068859325FL[0m  [2m[Cluster 1][0m
2026-07-05 15:49:27 [INFO]      consumiu MAIS que o habitual às 15h
2026-07-05 15:49:27 [INFO]      [2mReal:[0m 212.0 kWh   [2mHabitual:[0m 136.0 ± 22.6 kWh   [2mz:[0m +3.36   [2mdesvio:[0m +56%   [2m(2 obs. fim_semana)[0m
2026-07-05 15:49:27 [INFO] 
2026-07-05 15:49:27 [INFO]   🔵 [94m[1mPT0002000201038711LS[0m  [2m[sem cluster][0m
2026-07-05 15:49:27 [INFO]      consumiu MENOS que o habitual às 15h
2026-07-05 15:49:27 [INFO]      [2mReal:[0m 0.0 kWh   [2mHabitual:[0m 73.5 ± 21.9 kWh   [2mz:[0m -3.35   [2mdesvio:[0m -100%   [2m(2 obs. fim_semana)[0m
2026-07-05 15:49:27 [INFO] 
2026-07-05 15:49:27 [INFO]   🔴 [91m[1mPT0002000068856655YV[0m  [2m[Cluster 0][0m
2026-07-05 15:49:27 [INFO]      consumiu MAIS que o habitual às 01h
2026-07-05 15:49:27 [INFO]      [2mReal:[0m 3.0 kWh   [2mHabitual:[0m 2.0 ± 0.3 kWh   [2mz:[0m +3.33   [2mdesvio:[0m +50%   [2m(2 obs. fim_semana)[0m
2026-07-05 15:49:27 [INFO] 
2026-07-05 15:49:27 [INFO]   🔴 [91m[1mPT0002000068856655YV[0m  [2m[Cluster 0][0m
2026-07-05 15:49:27 [INFO]      consumiu MAIS que o habitual às 05h
2026-07-05 15:49:27 [INFO]      [2mReal:[0m 3.0 kWh   [2mHabitual:[0m 2.0 ± 0.3 kWh   [2mz:[0m +3.33   [2mdesvio:[0m +50%   [2m(2 obs. fim_semana)[0m
2026-07-05 15:49:27 [INFO] 
2026-07-05 15:49:27 [INFO]   🔵 [94m[1mPT0002000068856872QG[0m  [2m[Cluster 1][0m
2026-07-05 15:49:27 [INFO]      consumiu MENOS que o habitual às 00h
2026-07-05 15:49:27 [INFO]      [2mReal:[0m 0.0 kWh   [2mHabitual:[0m 1.0 ± 0.3 kWh   [2mz:[0m -3.33   [2mdesvio:[0m -100%   [2m(2 obs. fim_semana)[0m
2026-07-05 15:49:27 [INFO] 
2026-07-05 15:49:27 [INFO]   🔴 [91m[1mPT0002000068856872QG[0m  [2m[Cluster 1][0m
2026-07-05 15:49:27 [INFO]      consumiu MAIS que o habitual às 02h
2026-07-05 15:49:27 [INFO]      [2mReal:[0m 1.0 kWh   [2mHabitual:[0m 0.0 ± 0.3 kWh   [2mz:[0m +3.33   [2mdesvio:[0m +100000%   [2m(2 obs. fim_semana)[0m
2026-07-05 15:49:27 [INFO] 
2026-07-05 15:49:27 [INFO]   🔴 [91m[1mPT0002000068856872QG[0m  [2m[Cluster 1][0m
2026-07-05 15:49:27 [INFO]      consumiu MAIS que o habitual às 06h
2026-07-05 15:49:27 [INFO]      [2mReal:[0m 1.0 kWh   [2mHabitual:[0m 0.0 ± 0.3 kWh   [2mz:[0m +3.33   [2mdesvio:[0m +100000%   [2m(2 obs. fim_semana)[0m
2026-07-05 15:49:27 [INFO] 
2026-07-05 15:49:27 [INFO]   🔴 [91m[1mPT0002000068856872QG[0m  [2m[Cluster 1][0m
2026-07-05 15:49:27 [INFO]      consumiu MAIS que o habitual às 23h
2026-07-05 15:49:27 [INFO]      [2mReal:[0m 1.0 kWh   [2mHabitual:[0m 0.0 ± 0.3 kWh   [2mz:[0m +3.33   [2mdesvio:[0m +100000%   [2m(3 obs. fim_semana)[0m
2026-07-05 15:49:27 [INFO] 
2026-07-05 15:49:27 [INFO]   🔴 [91m[1mPT0002000068856952LS[0m  [2m[Cluster 2][0m
2026-07-05 15:49:27 [INFO]      consumiu MAIS que o habitual às 03h
2026-07-05 15:49:27 [INFO]      [2mReal:[0m 1.0 kWh   [2mHabitual:[0m 0.0 ± 0.3 kWh   [2mz:[0m +3.33   [2mdesvio:[0m +100000%   [2m(2 obs. fim_semana)[0m
2026-07-05 15:49:27 [INFO] 
2026-07-05 15:49:27 [INFO]   🔴 [91m[1mPT0002000068856952LS[0m  [2m[Cluster 2][0m
2026-07-05 15:49:27 [INFO]      consumiu MAIS que o habitual às 21h
2026-07-05 15:49:27 [INFO]      [2mReal:[0m 1.0 kWh   [2mHabitual:[0m 0.0 ± 0.3 kWh   [2mz:[0m +3.33   [2mdesvio:[0m +100000%   [2m(3 obs. fim_semana)[0m
2026-07-05 15:49:27 [INFO] 
2026-07-05 15:49:27 [INFO]   🔴 [91m[1mPT0002000068857099AR[0m  [2m[Cluster 1][0m
2026-07-05 15:49:27 [INFO]      consumiu MAIS que o habitual às 09h
2026-07-05 15:49:27 [INFO]      [2mReal:[0m 18.0 kWh   [2mHabitual:[0m 13.5 ± 1.4 kWh   [2mz:[0m +3.33   [2mdesvio:[0m +33%   [2m(2 obs. fim_semana)[0m
2026-07-05 15:49:27 [INFO] 
2026-07-05 15:49:27 [INFO]   🔵 [94m[1mPT0002000068858674WN[0m  [2m[sem cluster][0m
2026-07-05 15:49:27 [INFO]      consumiu MENOS que o habitual às 02h
2026-07-05 15:49:27 [INFO]      [2mReal:[0m 8.0 kWh   [2mHabitual:[0m 12.0 ± 1.2 kWh   [2mz:[0m -3.33   [2mdesvio:[0m -33%   [2m(2 obs. fim_semana)[0m
2026-07-05 15:49:27 [INFO] 
2026-07-05 15:49:27 [INFO]   🔵 [94m[1mPT0002000068858674WN[0m  [2m[sem cluster][0m
2026-07-05 15:49:27 [INFO]      consumiu MENOS que o habitual às 05h
2026-07-05 15:49:27 [INFO]      [2mReal:[0m 8.0 kWh   [2mHabitual:[0m 12.0 ± 1.2 kWh   [2mz:[0m -3.33   [2mdesvio:[0m -33%   [2m(2 obs. fim_semana)[0m
2026-07-05 15:49:27 [INFO] 
2026-07-05 15:49:27 [INFO]   🔵 [94m[1mPT0002000068858674WN[0m  [2m[sem cluster][0m
2026-07-05 15:49:27 [INFO]      consumiu MENOS que o habitual às 13h
2026-07-05 15:49:27 [INFO]      [2mReal:[0m 8.0 kWh   [2mHabitual:[0m 12.0 ± 1.2 kWh   [2mz:[0m -3.33   [2mdesvio:[0m -33%   [2m(2 obs. fim_semana)[0m
2026-07-05 15:49:27 [INFO] 
2026-07-05 15:49:27 [INFO]   🔵 [94m[1mPT0002000068858674WN[0m  [2m[sem cluster][0m
2026-07-05 15:49:27 [INFO]      consumiu MENOS que o habitual às 16h
2026-07-05 15:49:27 [INFO]      [2mReal:[0m 8.0 kWh   [2mHabitual:[0m 12.0 ± 1.2 kWh   [2mz:[0m -3.33   [2mdesvio:[0m -33%   [2m(2 obs. fim_semana)[0m
2026-07-05 15:49:27 [INFO] 
2026-07-05 15:49:27 [INFO]   🔴 [91m[1mPT0002000068858674WN[0m  [2m[sem cluster][0m
2026-07-05 15:49:27 [INFO]      consumiu MAIS que o habitual às 17h
2026-07-05 15:49:27 [INFO]      [2mReal:[0m 16.0 kWh   [2mHabitual:[0m 12.0 ± 1.2 kWh   [2mz:[0m +3.33   [2mdesvio:[0m +33%   [2m(2 obs. fim_semana)[0m
2026-07-05 15:49:27 [INFO] 
2026-07-05 15:49:27 [INFO]   🔵 [94m[1mPT0002000068858674WN[0m  [2m[sem cluster][0m
2026-07-05 15:49:27 [INFO]      consumiu MENOS que o habitual às 22h
2026-07-05 15:49:27 [INFO]      [2mReal:[0m 8.0 kWh   [2mHabitual:[0m 12.0 ± 1.2 kWh   [2mz:[0m -3.33   [2mdesvio:[0m -33%   [2m(3 obs. fim_semana)[0m
2026-07-05 15:49:27 [INFO] 
2026-07-05 15:49:27 [INFO]   🔴 [91m[1mPT0002000068859325FL[0m  [2m[Cluster 1][0m
2026-07-05 15:49:27 [INFO]      consumiu MAIS que o habitual às 17h
2026-07-05 15:49:27 [INFO]      [2mReal:[0m 200.0 kWh   [2mHabitual:[0m 150.0 ± 15.0 kWh   [2mz:[0m +3.33   [2mdesvio:[0m +33%   [2m(2 obs. fim_semana)[0m
2026-07-05 15:49:27 [INFO] 
2026-07-05 15:49:27 [INFO]   🔴 [91m[1mPT0002000068859325FL[0m  [2m[Cluster 1][0m
2026-07-05 15:49:27 [INFO]      consumiu MAIS que o habitual às 18h
2026-07-05 15:49:27 [INFO]      [2mReal:[0m 200.0 kWh   [2mHabitual:[0m 150.0 ± 15.0 kWh   [2mz:[0m +3.33   [2mdesvio:[0m +33%   [2m(2 obs. fim_semana)[0m
2026-07-05 15:49:27 [INFO] 
2026-07-05 15:49:27 [INFO]   🔴 [91m[1mPT0002000073717386HC[0m  [2m[sem cluster][0m
2026-07-05 15:49:27 [INFO]      consumiu MAIS que o habitual às 07h
2026-07-05 15:49:27 [INFO]      [2mReal:[0m 2.0 kWh   [2mHabitual:[0m 1.0 ± 0.3 kWh   [2mz:[0m +3.33   [2mdesvio:[0m +100%   [2m(2 obs. fim_semana)[0m
2026-07-05 15:49:27 [INFO] 
2026-07-05 15:49:27 [INFO]   🔵 [94m[1mPT0002000075637532JB[0m  [2m[Cluster 0][0m
2026-07-05 15:49:27 [INFO]      consumiu MENOS que o habitual às 16h
2026-07-05 15:49:27 [INFO]      [2mReal:[0m 7.0 kWh   [2mHabitual:[0m 10.5 ± 1.1 kWh   [2mz:[0m -3.33   [2mdesvio:[0m -33%   [2m(2 obs. fim_semana)[0m
2026-07-05 15:49:27 [INFO] 
2026-07-05 15:49:27 [INFO]   🔵 [94m[1mPT0002000075637532JB[0m  [2m[Cluster 0][0m
2026-07-05 15:49:27 [INFO]      consumiu MENOS que o habitual às 18h
2026-07-05 15:49:27 [INFO]      [2mReal:[0m 6.0 kWh   [2mHabitual:[0m 9.0 ± 0.9 kWh   [2mz:[0m -3.33   [2mdesvio:[0m -33%   [2m(2 obs. fim_semana)[0m
2026-07-05 15:49:27 [INFO] 
2026-07-05 15:49:27 [INFO]   🔵 [94m[1mPT0002000077647404EM[0m  [2m[Cluster 1][0m
2026-07-05 15:49:27 [INFO]      consumiu MENOS que o habitual às 15h
2026-07-05 15:49:27 [INFO]      [2mReal:[0m 0.0 kWh   [2mHabitual:[0m 1.0 ± 0.3 kWh   [2mz:[0m -3.33   [2mdesvio:[0m -100%   [2m(2 obs. fim_semana)[0m
2026-07-05 15:49:27 [INFO] 
2026-07-05 15:49:27 [INFO]   🔴 [91m[1mPT0002000077647404EM[0m  [2m[Cluster 1][0m
2026-07-05 15:49:27 [INFO]      consumiu MAIS que o habitual às 16h
2026-07-05 15:49:27 [INFO]      [2mReal:[0m 1.0 kWh   [2mHabitual:[0m 0.0 ± 0.3 kWh   [2mz:[0m +3.33   [2mdesvio:[0m +100000%   [2m(2 obs. fim_semana)[0m
2026-07-05 15:49:27 [INFO] 
2026-07-05 15:49:27 [INFO]   🔵 [94m[1mPT0002000078233981HJ[0m  [2m[Cluster 1][0m
2026-07-05 15:49:27 [INFO]      consumiu MENOS que o habitual às 05h
2026-07-05 15:49:27 [INFO]      [2mReal:[0m 2.0 kWh   [2mHabitual:[0m 3.0 ± 0.3 kWh   [2mz:[0m -3.33   [2mdesvio:[0m -33%   [2m(2 obs. fim_semana)[0m
2026-07-05 15:49:27 [INFO] 
2026-07-05 15:49:27 [INFO]   🔴 [91m[1mPT0002000078233981HJ[0m  [2m[Cluster 1][0m
2026-07-05 15:49:27 [INFO]      consumiu MAIS que o habitual às 06h
2026-07-05 15:49:27 [INFO]      [2mReal:[0m 3.0 kWh   [2mHabitual:[0m 2.0 ± 0.3 kWh   [2mz:[0m +3.33   [2mdesvio:[0m +50%   [2m(2 obs. fim_semana)[0m
2026-07-05 15:49:27 [INFO] 
2026-07-05 15:49:27 [INFO]   🔵 [94m[1mPT0002000078233981HJ[0m  [2m[Cluster 1][0m
2026-07-05 15:49:27 [INFO]      consumiu MENOS que o habitual às 15h
2026-07-05 15:49:27 [INFO]      [2mReal:[0m 2.0 kWh   [2mHabitual:[0m 3.0 ± 0.3 kWh   [2mz:[0m -3.33   [2mdesvio:[0m -33%   [2m(2 obs. fim_semana)[0m
2026-07-05 15:49:27 [INFO] 
2026-07-05 15:49:27 [INFO]   🔴 [91m[1mPT0002000078233981HJ[0m  [2m[Cluster 1][0m
2026-07-05 15:49:27 [INFO]      consumiu MAIS que o habitual às 16h
2026-07-05 15:49:27 [INFO]      [2mReal:[0m 3.0 kWh   [2mHabitual:[0m 2.0 ± 0.3 kWh   [2mz:[0m +3.33   [2mdesvio:[0m +50%   [2m(2 obs. fim_semana)[0m
2026-07-05 15:49:27 [INFO] 
2026-07-05 15:49:27 [INFO]   🔵 [94m[1mPT0002000105483259QH[0m  [2m[Cluster 1][0m
2026-07-05 15:49:27 [INFO]      consumiu MENOS que o habitual às 02h
2026-07-05 15:49:27 [INFO]      [2mReal:[0m 0.0 kWh   [2mHabitual:[0m 1.0 ± 0.3 kWh   [2mz:[0m -3.33   [2mdesvio:[0m -100%   [2m(2 obs. fim_semana)[0m
2026-07-05 15:49:27 [INFO] 
2026-07-05 15:49:27 [INFO]   🔵 [94m[1mPT0002000105483259QH[0m  [2m[Cluster 1][0m
2026-07-05 15:49:27 [INFO]      consumiu MENOS que o habitual às 05h
2026-07-05 15:49:27 [INFO]      [2mReal:[0m 0.0 kWh   [2mHabitual:[0m 1.0 ± 0.3 kWh   [2mz:[0m -3.33   [2mdesvio:[0m -100%   [2m(2 obs. fim_semana)[0m
2026-07-05 15:49:27 [INFO] 
2026-07-05 15:49:27 [INFO]   🔴 [91m[1mPT0002000105483259QH[0m  [2m[Cluster 1][0m
2026-07-05 15:49:27 [INFO]      consumiu MAIS que o habitual às 06h
2026-07-05 15:49:27 [INFO]      [2mReal:[0m 1.0 kWh   [2mHabitual:[0m 0.0 ± 0.3 kWh   [2mz:[0m +3.33   [2mdesvio:[0m +100000%   [2m(2 obs. fim_semana)[0m
2026-07-05 15:49:27 [INFO] 
2026-07-05 15:49:27 [INFO]   🔵 [94m[1mPT0002000105483259QH[0m  [2m[Cluster 1][0m
2026-07-05 15:49:27 [INFO]      consumiu MENOS que o habitual às 07h
2026-07-05 15:49:27 [INFO]      [2mReal:[0m 0.0 kWh   [2mHabitual:[0m 1.0 ± 0.3 kWh   [2mz:[0m -3.33   [2mdesvio:[0m -100%   [2m(2 obs. fim_semana)[0m
2026-07-05 15:49:27 [INFO] 
2026-07-05 15:49:27 [INFO]   🔵 [94m[1mPT0002000105483259QH[0m  [2m[Cluster 1][0m
2026-07-05 15:49:27 [INFO]      consumiu MENOS que o habitual às 10h
2026-07-05 15:49:27 [INFO]      [2mReal:[0m 0.0 kWh   [2mHabitual:[0m 1.0 ± 0.3 kWh   [2mz:[0m -3.33   [2mdesvio:[0m -100%   [2m(2 obs. fim_semana)[0m
2026-07-05 15:49:27 [INFO] 
2026-07-05 15:49:27 [INFO]   🔴 [91m[1mPT0002000105483259QH[0m  [2m[Cluster 1][0m
2026-07-05 15:49:27 [INFO]      consumiu MAIS que o habitual às 11h
2026-07-05 15:49:27 [INFO]      [2mReal:[0m 1.0 kWh   [2mHabitual:[0m 0.0 ± 0.3 kWh   [2mz:[0m +3.33   [2mdesvio:[0m +100000%   [2m(2 obs. fim_semana)[0m
2026-07-05 15:49:27 [INFO] 
2026-07-05 15:49:27 [INFO]   🔵 [94m[1mPT0002000105483259QH[0m  [2m[Cluster 1][0m
2026-07-05 15:49:27 [INFO]      consumiu MENOS que o habitual às 12h
2026-07-05 15:49:27 [INFO]      [2mReal:[0m 0.0 kWh   [2mHabitual:[0m 1.0 ± 0.3 kWh   [2mz:[0m -3.33   [2mdesvio:[0m -100%   [2m(2 obs. fim_semana)[0m
2026-07-05 15:49:27 [INFO] 
2026-07-05 15:49:27 [INFO]   🔴 [91m[1mPT0002000105483259QH[0m  [2m[Cluster 1][0m
2026-07-05 15:49:27 [INFO]      consumiu MAIS que o habitual às 14h
2026-07-05 15:49:27 [INFO]      [2mReal:[0m 1.0 kWh   [2mHabitual:[0m 0.0 ± 0.3 kWh   [2mz:[0m +3.33   [2mdesvio:[0m +100000%   [2m(2 obs. fim_semana)[0m
2026-07-05 15:49:27 [INFO] 
2026-07-05 15:49:27 [INFO]   🔵 [94m[1mPT0002000105483259QH[0m  [2m[Cluster 1][0m
2026-07-05 15:49:27 [INFO]      consumiu MENOS que o habitual às 18h
2026-07-05 15:49:27 [INFO]      [2mReal:[0m 1.0 kWh   [2mHabitual:[0m 2.0 ± 0.3 kWh   [2mz:[0m -3.33   [2mdesvio:[0m -50%   [2m(2 obs. fim_semana)[0m
2026-07-05 15:49:27 [INFO] 
2026-07-05 15:49:27 [INFO]   🔵 [94m[1mPT0002000105483259QH[0m  [2m[Cluster 1][0m
2026-07-05 15:49:27 [INFO]      consumiu MENOS que o habitual às 19h
2026-07-05 15:49:27 [INFO]      [2mReal:[0m 1.0 kWh   [2mHabitual:[0m 2.0 ± 0.3 kWh   [2mz:[0m -3.33   [2mdesvio:[0m -50%   [2m(2 obs. fim_semana)[0m
2026-07-05 15:49:27 [INFO] 
2026-07-05 15:49:27 [INFO]   🔵 [94m[1mPT0002000105483259QH[0m  [2m[Cluster 1][0m
2026-07-05 15:49:27 [INFO]      consumiu MENOS que o habitual às 21h
2026-07-05 15:49:27 [INFO]      [2mReal:[0m 1.0 kWh   [2mHabitual:[0m 2.0 ± 0.3 kWh   [2mz:[0m -3.33   [2mdesvio:[0m -50%   [2m(3 obs. fim_semana)[0m
2026-07-05 15:49:27 [INFO] 
2026-07-05 15:49:27 [INFO]   🔴 [91m[1mPT0002000107172384HT[0m  [2m[Cluster 1][0m
2026-07-05 15:49:27 [INFO]      consumiu MAIS que o habitual às 06h
2026-07-05 15:49:27 [INFO]      [2mReal:[0m 34.0 kWh   [2mHabitual:[0m 25.5 ± 2.5 kWh   [2mz:[0m +3.33   [2mdesvio:[0m +33%   [2m(2 obs. fim_semana)[0m
2026-07-05 15:49:27 [INFO] 
2026-07-05 15:49:27 [INFO]   🔵 [94m[1mPT0002000119303492KB[0m  [2m[Cluster 0][0m
2026-07-05 15:49:27 [INFO]      consumiu MENOS que o habitual às 19h
2026-07-05 15:49:27 [INFO]      [2mReal:[0m 4.0 kWh   [2mHabitual:[0m 6.0 ± 0.6 kWh   [2mz:[0m -3.33   [2mdesvio:[0m -33%   [2m(2 obs. fim_semana)[0m
2026-07-05 15:49:27 [INFO] 
2026-07-05 15:49:27 [INFO]   🔵 [94m[1mPT0002000120237616VJ[0m  [2m[Cluster 0][0m
2026-07-05 15:49:27 [INFO]      consumiu MENOS que o habitual às 20h
2026-07-05 15:49:27 [INFO]      [2mReal:[0m 15.0 kWh   [2mHabitual:[0m 22.5 ± 2.2 kWh   [2mz:[0m -3.33   [2mdesvio:[0m -33%   [2m(2 obs. fim_semana)[0m
2026-07-05 15:49:27 [INFO] 
2026-07-05 15:49:27 [INFO]   🔴 [91m[1mPT0002000125379984SH[0m  [2m[Cluster 1][0m
2026-07-05 15:49:27 [INFO]      consumiu MAIS que o habitual às 02h
2026-07-05 15:49:27 [INFO]      [2mReal:[0m 3.0 kWh   [2mHabitual:[0m 2.0 ± 0.3 kWh   [2mz:[0m +3.33   [2mdesvio:[0m +50%   [2m(2 obs. fim_semana)[0m
2026-07-05 15:49:27 [INFO] 
2026-07-05 15:49:27 [INFO]   🔴 [91m[1mPT0002000201038711LS[0m  [2m[sem cluster][0m
2026-07-05 15:49:27 [INFO]      consumiu MAIS que o habitual às 04h
2026-07-05 15:49:27 [INFO]      [2mReal:[0m 1.0 kWh   [2mHabitual:[0m 0.0 ± 0.3 kWh   [2mz:[0m +3.33   [2mdesvio:[0m +100000%   [2m(2 obs. fim_semana)[0m
2026-07-05 15:49:27 [INFO] 
2026-07-05 15:49:27 [INFO]   🔴 [91m[1mPT0002000201936109ME[0m  [2m[Cluster 0][0m
2026-07-05 15:49:27 [INFO]      consumiu MAIS que o habitual às 03h
2026-07-05 15:49:27 [INFO]      [2mReal:[0m 1.0 kWh   [2mHabitual:[0m 0.0 ± 0.3 kWh   [2mz:[0m +3.33   [2mdesvio:[0m +100000%   [2m(2 obs. fim_semana)[0m
2026-07-05 15:49:27 [INFO] 
2026-07-05 15:49:27 [INFO]   🔴 [91m[1mPT0002000068857909SY[0m  [2m[Cluster 1][0m
2026-07-05 15:49:27 [INFO]      consumiu MAIS que o habitual às 23h
2026-07-05 15:49:27 [INFO]      [2mReal:[0m 14.0 kWh   [2mHabitual:[0m 3.3 ± 3.2 kWh   [2mz:[0m +3.32   [2mdesvio:[0m +320%   [2m(3 obs. fim_semana)[0m
2026-07-05 15:49:27 [INFO] 
2026-07-05 15:49:27 [INFO]   🔵 [94m[1mPT0002000114685657JR[0m  [2m[Cluster 0][0m
2026-07-05 15:49:27 [INFO]      consumiu MENOS que o habitual às 14h
2026-07-05 15:49:27 [INFO]      [2mReal:[0m 191.0 kWh   [2mHabitual:[0m 286.0 ± 28.6 kWh   [2mz:[0m -3.32   [2mdesvio:[0m -33%   [2m(2 obs. fim_semana)[0m
2026-07-05 15:49:27 [INFO] 
2026-07-05 15:49:27 [INFO]   🔵 [94m[1mPT0002000068855003AK[0m  [2m[sem cluster][0m
2026-07-05 15:49:27 [INFO]      consumiu MENOS que o habitual às 02h
2026-07-05 15:49:27 [INFO]      [2mReal:[0m 17.0 kWh   [2mHabitual:[0m 31.0 ± 4.2 kWh   [2mz:[0m -3.30   [2mdesvio:[0m -45%   [2m(2 obs. fim_semana)[0m
2026-07-05 15:49:27 [INFO] 
2026-07-05 15:49:27 [INFO]   🔵 [94m[1mPT0002000119303492KB[0m  [2m[Cluster 0][0m
2026-07-05 15:49:27 [INFO]      consumiu MENOS que o habitual às 16h
2026-07-05 15:49:27 [INFO]      [2mReal:[0m 3.0 kWh   [2mHabitual:[0m 56.5 ± 16.3 kWh   [2mz:[0m -3.29   [2mdesvio:[0m -95%   [2m(2 obs. fim_semana)[0m
2026-07-05 15:49:27 [INFO] 
2026-07-05 15:49:27 [INFO]   🔵 [94m[1mPT0002000114685657JR[0m  [2m[Cluster 0][0m
2026-07-05 15:49:27 [INFO]      consumiu MENOS que o habitual às 15h
2026-07-05 15:49:27 [INFO]      [2mReal:[0m 195.0 kWh   [2mHabitual:[0m 289.0 ± 28.9 kWh   [2mz:[0m -3.25   [2mdesvio:[0m -33%   [2m(2 obs. fim_semana)[0m
2026-07-05 15:49:27 [INFO] 
2026-07-05 15:49:27 [INFO]   🔵 [94m[1mPT0002000123648159KR[0m  [2m[Cluster 0][0m
2026-07-05 15:49:27 [INFO]      consumiu MENOS que o habitual às 11h
2026-07-05 15:49:27 [INFO]      [2mReal:[0m 27.0 kWh   [2mHabitual:[0m 40.0 ± 4.0 kWh   [2mz:[0m -3.25   [2mdesvio:[0m -32%   [2m(2 obs. fim_semana)[0m
2026-07-05 15:49:27 [INFO] 
2026-07-05 15:49:27 [INFO]   🔵 [94m[1mPT0002000114613364CC[0m  [2m[sem cluster][0m
2026-07-05 15:49:27 [INFO]      consumiu MENOS que o habitual às 11h
2026-07-05 15:49:27 [INFO]      [2mReal:[0m 142.0 kWh   [2mHabitual:[0m 210.0 ± 21.0 kWh   [2mz:[0m -3.24   [2mdesvio:[0m -32%   [2m(2 obs. fim_semana)[0m
2026-07-05 15:49:27 [INFO] 
2026-07-05 15:49:27 [INFO]   🔵 [94m[1mPT0002000079469719HF[0m  [2m[sem cluster][0m
2026-07-05 15:49:27 [INFO]      consumiu MENOS que o habitual às 21h
2026-07-05 15:49:27 [INFO]      [2mReal:[0m 111.0 kWh   [2mHabitual:[0m 163.7 ± 16.4 kWh   [2mz:[0m -3.22   [2mdesvio:[0m -32%   [2m(3 obs. fim_semana)[0m
2026-07-05 15:49:27 [INFO] 
2026-07-05 15:49:27 [INFO]   🔵 [94m[1mPT0002000073231742VK[0m  [2m[Cluster 0][0m
2026-07-05 15:49:27 [INFO]      consumiu MENOS que o habitual às 15h
2026-07-05 15:49:27 [INFO]      [2mReal:[0m 16.0 kWh   [2mHabitual:[0m 23.5 ± 2.4 kWh   [2mz:[0m -3.19   [2mdesvio:[0m -32%   [2m(2 obs. fim_semana)[0m
2026-07-05 15:49:27 [INFO] 
2026-07-05 15:49:27 [INFO]   🔴 [91m[1mPT0002000068858231YY[0m  [2m[sem cluster][0m
2026-07-05 15:49:27 [INFO]      consumiu MAIS que o habitual às 06h
2026-07-05 15:49:27 [INFO]      [2mReal:[0m 29.0 kWh   [2mHabitual:[0m 22.0 ± 2.2 kWh   [2mz:[0m +3.18   [2mdesvio:[0m +32%   [2m(2 obs. fim_semana)[0m
2026-07-05 15:49:27 [INFO] 
2026-07-05 15:49:27 [INFO]   🔵 [94m[1mPT0002000071896778MT[0m  [2m[Cluster 0][0m
2026-07-05 15:49:27 [INFO]      consumiu MENOS que o habitual às 07h
2026-07-05 15:49:27 [INFO]      [2mReal:[0m 4.0 kWh   [2mHabitual:[0m 22.0 ± 5.7 kWh   [2mz:[0m -3.18   [2mdesvio:[0m -82%   [2m(2 obs. fim_semana)[0m
2026-07-05 15:49:27 [INFO] 
2026-07-05 15:49:27 [INFO]   🔴 [91m[1mPT0002000107172384HT[0m  [2m[Cluster 1][0m
2026-07-05 15:49:27 [INFO]      consumiu MAIS que o habitual às 08h
2026-07-05 15:49:27 [INFO]      [2mReal:[0m 33.0 kWh   [2mHabitual:[0m 24.0 ± 2.8 kWh   [2mz:[0m +3.18   [2mdesvio:[0m +38%   [2m(2 obs. fim_semana)[0m
2026-07-05 15:49:27 [INFO] 
2026-07-05 15:49:27 [INFO]   🔵 [94m[1mPT0002000116530964LH[0m  [2m[sem cluster][0m
2026-07-05 15:49:27 [INFO]      consumiu MENOS que o habitual às 07h
2026-07-05 15:49:27 [INFO]      [2mReal:[0m 86.0 kWh   [2mHabitual:[0m 125.5 ± 12.6 kWh   [2mz:[0m -3.15   [2mdesvio:[0m -31%   [2m(2 obs. fim_semana)[0m
2026-07-05 15:49:27 [INFO] 
2026-07-05 15:49:27 [INFO]   🔵 [94m[1mPT0002000114613364CC[0m  [2m[sem cluster][0m
2026-07-05 15:49:27 [INFO]      consumiu MENOS que o habitual às 12h
2026-07-05 15:49:27 [INFO]      [2mReal:[0m 144.0 kWh   [2mHabitual:[0m 209.5 ± 20.9 kWh   [2mz:[0m -3.13   [2mdesvio:[0m -31%   [2m(2 obs. fim_semana)[0m
2026-07-05 15:49:27 [INFO] 
2026-07-05 15:49:27 [INFO]   🔴 [91m[1mPT0002000114685657JR[0m  [2m[Cluster 0][0m
2026-07-05 15:49:27 [INFO]      consumiu MAIS que o habitual às 06h
2026-07-05 15:49:27 [INFO]      [2mReal:[0m 242.0 kWh   [2mHabitual:[0m 184.5 ± 18.4 kWh   [2mz:[0m +3.12   [2mdesvio:[0m +31%   [2m(2 obs. fim_semana)[0m
2026-07-05 15:49:27 [INFO] 
2026-07-05 15:49:27 [INFO]   🔵 [94m[1mPT0002000033074862LZ[0m  [2m[Cluster 0][0m
2026-07-05 15:49:27 [INFO]      consumiu MENOS que o habitual às 07h
2026-07-05 15:49:27 [INFO]      [2mReal:[0m 12.0 kWh   [2mHabitual:[0m 31.5 ± 6.4 kWh   [2mz:[0m -3.06   [2mdesvio:[0m -62%   [2m(2 obs. fim_semana)[0m
2026-07-05 15:49:27 [INFO] 
2026-07-05 15:49:27 [INFO]   🔴 [91m[1mPT0002000068858231YY[0m  [2m[sem cluster][0m
2026-07-05 15:49:27 [INFO]      consumiu MAIS que o habitual às 00h
2026-07-05 15:49:27 [INFO]      [2mReal:[0m 32.0 kWh   [2mHabitual:[0m 24.5 ± 2.5 kWh   [2mz:[0m +3.06   [2mdesvio:[0m +31%   [2m(2 obs. fim_semana)[0m
2026-07-05 15:49:27 [INFO] 
2026-07-05 15:49:27 [INFO]   🔴 [91m[1mPT0002000068858231YY[0m  [2m[sem cluster][0m
2026-07-05 15:49:27 [INFO]      consumiu MAIS que o habitual às 04h
2026-07-05 15:49:27 [INFO]      [2mReal:[0m 32.0 kWh   [2mHabitual:[0m 24.5 ± 2.5 kWh   [2mz:[0m +3.06   [2mdesvio:[0m +31%   [2m(2 obs. fim_semana)[0m
2026-07-05 15:49:27 [INFO] 
2026-07-05 15:49:27 [INFO]   🔴 [91m[1mPT0002000068859325FL[0m  [2m[Cluster 1][0m
2026-07-05 15:49:27 [INFO]      consumiu MAIS que o habitual às 02h
2026-07-05 15:49:27 [INFO]      [2mReal:[0m 72.0 kWh   [2mHabitual:[0m 46.0 ± 8.5 kWh   [2mz:[0m +3.06   [2mdesvio:[0m +57%   [2m(2 obs. fim_semana)[0m
2026-07-05 15:49:27 [INFO] 
2026-07-05 15:49:27 [INFO]   🔵 [94m[1mPT0002000068859597LS[0m  [2m[Cluster 0][0m
2026-07-05 15:49:27 [INFO]      consumiu MENOS que o habitual às 16h
2026-07-05 15:49:27 [INFO]      [2mReal:[0m 42.0 kWh   [2mHabitual:[0m 60.5 ± 6.0 kWh   [2mz:[0m -3.06   [2mdesvio:[0m -31%   [2m(2 obs. fim_semana)[0m
2026-07-05 15:49:27 [INFO] 
2026-07-05 15:49:27 [INFO]   🔵 [94m[1mPT0002000071896778MT[0m  [2m[Cluster 0][0m
2026-07-05 15:49:27 [INFO]      consumiu MENOS que o habitual às 15h
2026-07-05 15:49:27 [INFO]      [2mReal:[0m 5.0 kWh   [2mHabitual:[0m 11.5 ± 2.1 kWh   [2mz:[0m -3.06   [2mdesvio:[0m -57%   [2m(2 obs. fim_semana)[0m
2026-07-05 15:49:27 [INFO] 
2026-07-05 15:49:27 [INFO]   🔵 [94m[1mPT0002000071896778MT[0m  [2m[Cluster 0][0m
2026-07-05 15:49:27 [INFO]      consumiu MENOS que o habitual às 16h
2026-07-05 15:49:27 [INFO]      [2mReal:[0m 6.0 kWh   [2mHabitual:[0m 12.5 ± 2.1 kWh   [2mz:[0m -3.06   [2mdesvio:[0m -52%   [2m(2 obs. fim_semana)[0m
2026-07-05 15:49:27 [INFO] 
2026-07-05 15:49:27 [INFO]   🔴 [91m[1mPT0002000081997398TD[0m  [2m[Cluster 0][0m
2026-07-05 15:49:27 [INFO]      consumiu MAIS que o habitual às 16h
2026-07-05 15:49:27 [INFO]      [2mReal:[0m 284.0 kWh   [2mHabitual:[0m 193.0 ± 29.7 kWh   [2mz:[0m +3.06   [2mdesvio:[0m +47%   [2m(2 obs. fim_semana)[0m
2026-07-05 15:49:27 [INFO] 
2026-07-05 15:49:27 [INFO]   🔵 [94m[1mPT0002000114613364CC[0m  [2m[sem cluster][0m
2026-07-05 15:49:27 [INFO]      consumiu MENOS que o habitual às 15h
2026-07-05 15:49:27 [INFO]      [2mReal:[0m 149.0 kWh   [2mHabitual:[0m 214.5 ± 21.4 kWh   [2mz:[0m -3.05   [2mdesvio:[0m -31%   [2m(2 obs. fim_semana)[0m
2026-07-05 15:49:27 [INFO] 
2026-07-05 15:49:27 [INFO]   🔵 [94m[1mPT0002000068859382XF[0m  [2m[Cluster 0][0m
2026-07-05 15:49:27 [INFO]      consumiu MENOS que o habitual às 13h
2026-07-05 15:49:27 [INFO]      [2mReal:[0m 46.0 kWh   [2mHabitual:[0m 66.0 ± 6.6 kWh   [2mz:[0m -3.03   [2mdesvio:[0m -30%   [2m(2 obs. fim_semana)[0m
2026-07-05 15:49:27 [INFO] 
2026-07-05 15:49:27 [INFO]   🔵 [94m[1mPT0002000068859382XF[0m  [2m[Cluster 0][0m
2026-07-05 15:49:27 [INFO]      consumiu MENOS que o habitual às 16h
2026-07-05 15:49:27 [INFO]      [2mReal:[0m 46.0 kWh   [2mHabitual:[0m 66.0 ± 6.6 kWh   [2mz:[0m -3.03   [2mdesvio:[0m -30%   [2m(2 obs. fim_semana)[0m
2026-07-05 15:49:27 [INFO] 
2026-07-05 15:49:27 [INFO]   🔵 [94m[1mPT0002000110814293YC[0m  [2m[sem cluster][0m
2026-07-05 15:49:27 [INFO]      consumiu MENOS que o habitual às 10h
2026-07-05 15:49:27 [INFO]      [2mReal:[0m 22.0 kWh   [2mHabitual:[0m 31.5 ± 3.1 kWh   [2mz:[0m -3.02   [2mdesvio:[0m -30%   [2m(2 obs. fim_semana)[0m
2026-07-05 15:49:27 [INFO] 
2026-07-05 15:49:27 [INFO]   🔵 [94m[1mPT0002000077348081AG[0m  [2m[sem cluster][0m
2026-07-05 15:49:27 [INFO]      consumiu MENOS que o habitual às 23h
2026-07-05 15:49:27 [INFO]      [2mReal:[0m 25.0 kWh   [2mHabitual:[0m 59.7 ± 11.6 kWh   [2mz:[0m -3.00   [2mdesvio:[0m -58%   [2m(3 obs. fim_semana)[0m
2026-07-05 15:49:27 [INFO] 
2026-07-05 15:49:27 [INFO]   🔵 [94m[1mPT0002000120237616VJ[0m  [2m[Cluster 0][0m
2026-07-05 15:49:27 [INFO]      consumiu MENOS que o habitual às 22h
2026-07-05 15:49:27 [INFO]      [2mReal:[0m 14.0 kWh   [2mHabitual:[0m 20.0 ± 2.0 kWh   [2mz:[0m -3.00   [2mdesvio:[0m -30%   [2m(3 obs. fim_semana)[0m
2026-07-05 15:49:27 [INFO] 
2026-07-05 15:49:27 [INFO]   🔴 [91m[1mPT0002000068858231YY[0m  [2m[sem cluster][0m
2026-07-05 15:49:27 [INFO]      consumiu MAIS que o habitual às 22h
2026-07-05 15:49:27 [INFO]      [2mReal:[0m 32.0 kWh   [2mHabitual:[0m 20.7 ± 3.8 kWh   [2mz:[0m +2.99   [2mdesvio:[0m +55%   [2m(3 obs. fim_semana)[0m
2026-07-05 15:49:27 [INFO] 
2026-07-05 15:49:27 [INFO]   🔵 [94m[1mPT0002000114613364CC[0m  [2m[sem cluster][0m
2026-07-05 15:49:27 [INFO]      consumiu MENOS que o habitual às 14h
2026-07-05 15:49:27 [INFO]      [2mReal:[0m 148.0 kWh   [2mHabitual:[0m 210.5 ± 21.1 kWh   [2mz:[0m -2.97   [2mdesvio:[0m -30%   [2m(2 obs. fim_semana)[0m
2026-07-05 15:49:27 [INFO] 
2026-07-05 15:49:27 [INFO]   🔵 [94m[1mPT0002000114613364CC[0m  [2m[sem cluster][0m
2026-07-05 15:49:27 [INFO]      consumiu MENOS que o habitual às 16h
2026-07-05 15:49:27 [INFO]      [2mReal:[0m 148.0 kWh   [2mHabitual:[0m 210.5 ± 21.1 kWh   [2mz:[0m -2.97   [2mdesvio:[0m -30%   [2m(2 obs. fim_semana)[0m
2026-07-05 15:49:27 [INFO] 
2026-07-05 15:49:27 [INFO]   🔴 [91m[1mPT0002000107172384HT[0m  [2m[Cluster 1][0m
2026-07-05 15:49:27 [INFO]      consumiu MAIS que o habitual às 05h
2026-07-05 15:49:27 [INFO]      [2mReal:[0m 35.0 kWh   [2mHabitual:[0m 27.0 ± 2.7 kWh   [2mz:[0m +2.96   [2mdesvio:[0m +30%   [2m(2 obs. fim_semana)[0m
2026-07-05 15:49:27 [INFO] 
2026-07-05 15:49:27 [INFO]   🔵 [94m[1mPT0002000114613364CC[0m  [2m[sem cluster][0m
2026-07-05 15:49:27 [INFO]      consumiu MENOS que o habitual às 09h
2026-07-05 15:49:27 [INFO]      [2mReal:[0m 140.0 kWh   [2mHabitual:[0m 199.0 ± 19.9 kWh   [2mz:[0m -2.96   [2mdesvio:[0m -30%   [2m(2 obs. fim_semana)[0m
2026-07-05 15:49:27 [INFO] 
2026-07-05 15:49:27 [INFO]   🔵 [94m[1mPT0002000114685657JR[0m  [2m[Cluster 0][0m
2026-07-05 15:49:27 [INFO]      consumiu MENOS que o habitual às 09h
2026-07-05 15:49:27 [INFO]      [2mReal:[0m 187.0 kWh   [2mHabitual:[0m 265.5 ± 26.6 kWh   [2mz:[0m -2.96   [2mdesvio:[0m -30%   [2m(2 obs. fim_semana)[0m
2026-07-05 15:49:27 [INFO] 
2026-07-05 15:49:27 [INFO]   🔵 [94m[1mPT0002000114685657JR[0m  [2m[Cluster 0][0m
2026-07-05 15:49:27 [INFO]      consumiu MENOS que o habitual às 11h
2026-07-05 15:49:27 [INFO]      [2mReal:[0m 200.0 kWh   [2mHabitual:[0m 283.5 ± 28.4 kWh   [2mz:[0m -2.95   [2mdesvio:[0m -29%   [2m(2 obs. fim_semana)[0m
2026-07-05 15:49:27 [INFO] 
2026-07-05 15:49:27 [INFO]   🔵 [94m[1mPT0002000077348081AG[0m  [2m[sem cluster][0m
2026-07-05 15:49:27 [INFO]      consumiu MENOS que o habitual às 05h
2026-07-05 15:49:27 [INFO]      [2mReal:[0m 24.0 kWh   [2mHabitual:[0m 34.0 ± 3.4 kWh   [2mz:[0m -2.94   [2mdesvio:[0m -29%   [2m(2 obs. fim_semana)[0m
2026-07-05 15:49:27 [INFO] 
2026-07-05 15:49:27 [INFO]   🔵 [94m[1mPT0002000106102375RC[0m  [2m[sem cluster][0m
2026-07-05 15:49:27 [INFO]      consumiu MENOS que o habitual às 14h
2026-07-05 15:49:27 [INFO]      [2mReal:[0m 70.0 kWh   [2mHabitual:[0m 99.0 ± 9.9 kWh   [2mz:[0m -2.93   [2mdesvio:[0m -29%   [2m(2 obs. fim_semana)[0m
2026-07-05 15:49:27 [INFO] 
2026-07-05 15:49:27 [INFO]   🔵 [94m[1mPT0002000110814293YC[0m  [2m[sem cluster][0m
2026-07-05 15:49:27 [INFO]      consumiu MENOS que o habitual às 11h
2026-07-05 15:49:27 [INFO]      [2mReal:[0m 23.0 kWh   [2mHabitual:[0m 32.5 ± 3.2 kWh   [2mz:[0m -2.92   [2mdesvio:[0m -29%   [2m(2 obs. fim_semana)[0m
2026-07-05 15:49:27 [INFO] 
2026-07-05 15:49:27 [INFO]   🔵 [94m[1mPT0002000114685657JR[0m  [2m[Cluster 0][0m
2026-07-05 15:49:27 [INFO]      consumiu MENOS que o habitual às 12h
2026-07-05 15:49:27 [INFO]      [2mReal:[0m 192.0 kWh   [2mHabitual:[0m 271.0 ± 27.1 kWh   [2mz:[0m -2.92   [2mdesvio:[0m -29%   [2m(2 obs. fim_semana)[0m
2026-07-05 15:49:27 [INFO] 
2026-07-05 15:49:27 [INFO]   🔵 [94m[1mPT0002000115673389QK[0m  [2m[Cluster 0][0m
2026-07-05 15:49:27 [INFO]      consumiu MENOS que o habitual às 19h
2026-07-05 15:49:27 [INFO]      [2mReal:[0m 18.0 kWh   [2mHabitual:[0m 36.5 ± 6.4 kWh   [2mz:[0m -2.91   [2mdesvio:[0m -51%   [2m(2 obs. fim_semana)[0m
2026-07-05 15:49:27 [INFO] 
2026-07-05 15:49:27 [INFO]   🔵 [94m[1mPT0002000115673389QK[0m  [2m[Cluster 0][0m
2026-07-05 15:49:27 [INFO]      consumiu MENOS que o habitual às 17h
2026-07-05 15:49:27 [INFO]      [2mReal:[0m 29.0 kWh   [2mHabitual:[0m 107.0 ± 26.9 kWh   [2mz:[0m -2.90   [2mdesvio:[0m -73%   [2m(2 obs. fim_semana)[0m
2026-07-05 15:49:27 [INFO] 
2026-07-05 15:49:27 [INFO]   🔵 [94m[1mPT0002000077394934QY[0m  [2m[Cluster 0][0m
2026-07-05 15:49:27 [INFO]      consumiu MENOS que o habitual às 20h
2026-07-05 15:49:27 [INFO]      [2mReal:[0m 61.0 kWh   [2mHabitual:[0m 85.5 ± 8.6 kWh   [2mz:[0m -2.87   [2mdesvio:[0m -29%   [2m(2 obs. fim_semana)[0m
2026-07-05 15:49:27 [INFO] 
2026-07-05 15:49:27 [INFO]   🔵 [94m[1mPT0002000119303492KB[0m  [2m[Cluster 0][0m
2026-07-05 15:49:27 [INFO]      consumiu MENOS que o habitual às 05h
2026-07-05 15:49:27 [INFO]      [2mReal:[0m 5.0 kWh   [2mHabitual:[0m 7.0 ± 0.7 kWh   [2mz:[0m -2.86   [2mdesvio:[0m -29%   [2m(2 obs. fim_semana)[0m
2026-07-05 15:49:27 [INFO] 
2026-07-05 15:49:27 [INFO]   🔵 [94m[1mPT0002000114613364CC[0m  [2m[sem cluster][0m
2026-07-05 15:49:27 [INFO]      consumiu MENOS que o habitual às 13h
2026-07-05 15:49:27 [INFO]      [2mReal:[0m 150.0 kWh   [2mHabitual:[0m 209.5 ± 20.9 kWh   [2mz:[0m -2.84   [2mdesvio:[0m -28%   [2m(2 obs. fim_semana)[0m
2026-07-05 15:49:27 [INFO] 
2026-07-05 15:49:27 [INFO]   🔵 [94m[1mPT0002000068855003AK[0m  [2m[sem cluster][0m
2026-07-05 15:49:27 [INFO]      consumiu MENOS que o habitual às 07h
2026-07-05 15:49:27 [INFO]      [2mReal:[0m 19.0 kWh   [2mHabitual:[0m 26.5 ± 2.6 kWh   [2mz:[0m -2.83   [2mdesvio:[0m -28%   [2m(2 obs. fim_semana)[0m
2026-07-05 15:49:27 [INFO] 
2026-07-05 15:49:27 [INFO]   🔵 [94m[1mPT0002000068856655YV[0m  [2m[Cluster 0][0m
2026-07-05 15:49:27 [INFO]      consumiu MENOS que o habitual às 08h
2026-07-05 15:49:27 [INFO]      [2mReal:[0m 2.0 kWh   [2mHabitual:[0m 6.0 ± 1.4 kWh   [2mz:[0m -2.83   [2mdesvio:[0m -67%   [2m(2 obs. fim_semana)[0m
2026-07-05 15:49:27 [INFO] 
2026-07-05 15:49:27 [INFO]   🔵 [94m[1mPT0002000068856655YV[0m  [2m[Cluster 0][0m
2026-07-05 15:49:27 [INFO]      consumiu MENOS que o habitual às 14h
2026-07-05 15:49:27 [INFO]      [2mReal:[0m 2.0 kWh   [2mHabitual:[0m 10.0 ± 2.8 kWh   [2mz:[0m -2.83   [2mdesvio:[0m -80%   [2m(2 obs. fim_semana)[0m
2026-07-05 15:49:27 [INFO] 
2026-07-05 15:49:27 [INFO]   🔴 [91m[1mPT0002000068857099AR[0m  [2m[Cluster 1][0m
2026-07-05 15:49:27 [INFO]      consumiu MAIS que o habitual às 12h
2026-07-05 15:49:27 [INFO]      [2mReal:[0m 16.0 kWh   [2mHabitual:[0m 12.0 ± 1.4 kWh   [2mz:[0m +2.83   [2mdesvio:[0m +33%   [2m(2 obs. fim_semana)[0m
2026-07-05 15:49:27 [INFO] 
2026-07-05 15:49:27 [INFO]   🔴 [91m[1mPT0002000068859325FL[0m  [2m[Cluster 1][0m
2026-07-05 15:49:27 [INFO]      consumiu MAIS que o habitual às 08h
2026-07-05 15:49:27 [INFO]      [2mReal:[0m 108.0 kWh   [2mHabitual:[0m 60.0 ± 17.0 kWh   [2mz:[0m +2.83   [2mdesvio:[0m +80%   [2m(2 obs. fim_semana)[0m
2026-07-05 15:49:27 [INFO] 
2026-07-05 15:49:27 [INFO]   🔵 [94m[1mPT0002000078140706BA[0m  [2m[sem cluster][0m
2026-07-05 15:49:27 [INFO]      consumiu MENOS que o habitual às 12h
2026-07-05 15:49:27 [INFO]      [2mReal:[0m 0.0 kWh   [2mHabitual:[0m 16.0 ± 5.7 kWh   [2mz:[0m -2.83   [2mdesvio:[0m -100%   [2m(2 obs. fim_semana)[0m
2026-07-05 15:49:27 [INFO] 
2026-07-05 15:49:27 [INFO]   🔵 [94m[1mPT0002000078207354XC[0m  [2m[Cluster 1][0m
2026-07-05 15:49:27 [INFO]      consumiu MENOS que o habitual às 20h
2026-07-05 15:49:27 [INFO]      [2mReal:[0m 4.0 kWh   [2mHabitual:[0m 16.0 ± 4.2 kWh   [2mz:[0m -2.83   [2mdesvio:[0m -75%   [2m(2 obs. fim_semana)[0m
2026-07-05 15:49:27 [INFO] 
2026-07-05 15:49:27 [INFO]   🔴 [91m[1mPT0002000107172384HT[0m  [2m[Cluster 1][0m
2026-07-05 15:49:27 [INFO]      consumiu MAIS que o habitual às 00h
2026-07-05 15:49:27 [INFO]      [2mReal:[0m 70.0 kWh   [2mHabitual:[0m 54.0 ± 5.7 kWh   [2mz:[0m +2.83   [2mdesvio:[0m +30%   [2m(2 obs. fim_semana)[0m
2026-07-05 15:49:27 [INFO] 
2026-07-05 15:49:27 [INFO]   🔵 [94m[1mPT0002000114613364CC[0m  [2m[sem cluster][0m
2026-07-05 15:49:27 [INFO]      consumiu MENOS que o habitual às 08h
2026-07-05 15:49:27 [INFO]      [2mReal:[0m 129.0 kWh   [2mHabitual:[0m 180.0 ± 18.0 kWh   [2mz:[0m -2.83   [2mdesvio:[0m -28%   [2m(2 obs. fim_semana)[0m
2026-07-05 15:49:27 [INFO] 
2026-07-05 15:49:27 [INFO]   🔴 [91m[1mPT0002000107172384HT[0m  [2m[Cluster 1][0m
2026-07-05 15:49:27 [INFO]      consumiu MAIS que o habitual às 13h
2026-07-05 15:49:27 [INFO]      [2mReal:[0m 57.0 kWh   [2mHabitual:[0m 44.5 ± 4.5 kWh   [2mz:[0m +2.81   [2mdesvio:[0m +28%   [2m(2 obs. fim_semana)[0m
2026-07-05 15:49:27 [INFO] 
2026-07-05 15:49:27 [INFO]   🔴 [91m[1mPT0002000068857099AR[0m  [2m[Cluster 1][0m
2026-07-05 15:49:27 [INFO]      consumiu MAIS que o habitual às 16h
2026-07-05 15:49:27 [INFO]      [2mReal:[0m 16.0 kWh   [2mHabitual:[0m 12.5 ± 1.2 kWh   [2mz:[0m +2.80   [2mdesvio:[0m +28%   [2m(2 obs. fim_semana)[0m
2026-07-05 15:49:27 [INFO] 
2026-07-05 15:49:27 [INFO]   🔴 [91m[1mPT0002000068858231YY[0m  [2m[sem cluster][0m
2026-07-05 15:49:27 [INFO]      consumiu MAIS que o habitual às 02h
2026-07-05 15:49:27 [INFO]      [2mReal:[0m 32.0 kWh   [2mHabitual:[0m 25.0 ± 2.5 kWh   [2mz:[0m +2.80   [2mdesvio:[0m +28%   [2m(2 obs. fim_semana)[0m
2026-07-05 15:49:27 [INFO] 
2026-07-05 15:49:27 [INFO]   🔴 [91m[1mPT0002000068858231YY[0m  [2m[sem cluster][0m
2026-07-05 15:49:27 [INFO]      consumiu MAIS que o habitual às 05h
2026-07-05 15:49:27 [INFO]      [2mReal:[0m 30.0 kWh   [2mHabitual:[0m 23.5 ± 2.4 kWh   [2mz:[0m +2.77   [2mdesvio:[0m +28%   [2m(2 obs. fim_semana)[0m
2026-07-05 15:49:27 [INFO] 
2026-07-05 15:49:27 [INFO]   🔵 [94m[1mPT0002000114685657JR[0m  [2m[Cluster 0][0m
2026-07-05 15:49:27 [INFO]      consumiu MENOS que o habitual às 13h
2026-07-05 15:49:27 [INFO]      [2mReal:[0m 200.0 kWh   [2mHabitual:[0m 276.5 ± 27.6 kWh   [2mz:[0m -2.77   [2mdesvio:[0m -28%   [2m(2 obs. fim_semana)[0m
2026-07-05 15:49:27 [INFO] 
2026-07-05 15:49:27 [INFO]   🔵 [94m[1mPT0002000107046231FW[0m  [2m[Cluster 0][0m
2026-07-05 15:49:27 [INFO]      consumiu MENOS que o habitual às 09h
2026-07-05 15:49:27 [INFO]      [2mReal:[0m 3.0 kWh   [2mHabitual:[0m 24.5 ± 7.8 kWh   [2mz:[0m -2.76   [2mdesvio:[0m -88%   [2m(2 obs. fim_semana)[0m
2026-07-05 15:49:27 [INFO] 
2026-07-05 15:49:27 [INFO]   🔵 [94m[1mPT0002000115673389QK[0m  [2m[Cluster 0][0m
2026-07-05 15:49:27 [INFO]      consumiu MENOS que o habitual às 12h
2026-07-05 15:49:27 [INFO]      [2mReal:[0m 29.0 kWh   [2mHabitual:[0m 138.0 ± 39.6 kWh   [2mz:[0m -2.75   [2mdesvio:[0m -79%   [2m(2 obs. fim_semana)[0m
2026-07-05 15:49:27 [INFO] 
2026-07-05 15:49:27 [INFO]   🔵 [94m[1mPT0002000116530964LH[0m  [2m[sem cluster][0m
2026-07-05 15:49:27 [INFO]      consumiu MENOS que o habitual às 19h
2026-07-05 15:49:27 [INFO]      [2mReal:[0m 83.0 kWh   [2mHabitual:[0m 114.5 ± 11.4 kWh   [2mz:[0m -2.75   [2mdesvio:[0m -28%   [2m(2 obs. fim_semana)[0m
2026-07-05 15:49:27 [INFO] 
2026-07-05 15:49:27 [INFO]   🔵 [94m[1mPT0002000201038711LS[0m  [2m[sem cluster][0m
2026-07-05 15:49:27 [INFO]      consumiu MENOS que o habitual às 22h
2026-07-05 15:49:27 [INFO]      [2mReal:[0m 0.0 kWh   [2mHabitual:[0m 31.0 ± 11.3 kWh   [2mz:[0m -2.75   [2mdesvio:[0m -100%   [2m(3 obs. fim_semana)[0m
2026-07-05 15:49:27 [INFO] 
2026-07-05 15:49:27 [INFO]   🔵 [94m[1mPT0002000078140706BA[0m  [2m[sem cluster][0m
2026-07-05 15:49:27 [INFO]      consumiu MENOS que o habitual às 07h
2026-07-05 15:49:27 [INFO]      [2mReal:[0m 0.0 kWh   [2mHabitual:[0m 31.0 ± 11.3 kWh   [2mz:[0m -2.74   [2mdesvio:[0m -100%   [2m(2 obs. fim_semana)[0m
2026-07-05 15:49:27 [INFO] 
2026-07-05 15:49:27 [INFO]   🔵 [94m[1mPT0002000201038711LS[0m  [2m[sem cluster][0m
2026-07-05 15:49:27 [INFO]      consumiu MENOS que o habitual às 00h
2026-07-05 15:49:27 [INFO]      [2mReal:[0m 0.0 kWh   [2mHabitual:[0m 31.0 ± 11.3 kWh   [2mz:[0m -2.74   [2mdesvio:[0m -100%   [2m(2 obs. fim_semana)[0m
2026-07-05 15:49:27 [INFO] 
2026-07-05 15:49:27 [INFO]   🔴 [91m[1mPT0002000068859325FL[0m  [2m[Cluster 1][0m
2026-07-05 15:49:27 [INFO]      consumiu MAIS que o habitual às 11h
2026-07-05 15:49:27 [INFO]      [2mReal:[0m 184.0 kWh   [2mHabitual:[0m 130.0 ± 19.8 kWh   [2mz:[0m +2.73   [2mdesvio:[0m +42%   [2m(2 obs. fim_semana)[0m
2026-07-05 15:49:27 [INFO] 
2026-07-05 15:49:27 [INFO]   🔴 [91m[1mPT0002000077348081AG[0m  [2m[sem cluster][0m
2026-07-05 15:49:27 [INFO]      consumiu MAIS que o habitual às 07h
2026-07-05 15:49:27 [INFO]      [2mReal:[0m 42.0 kWh   [2mHabitual:[0m 33.0 ± 3.3 kWh   [2mz:[0m +2.73   [2mdesvio:[0m +27%   [2m(2 obs. fim_semana)[0m
2026-07-05 15:49:27 [INFO] 
2026-07-05 15:49:27 [INFO]   🔴 [91m[1mPT0002000107172384HT[0m  [2m[Cluster 1][0m
2026-07-05 15:49:27 [INFO]      consumiu MAIS que o habitual às 04h
2026-07-05 15:49:27 [INFO]      [2mReal:[0m 35.0 kWh   [2mHabitual:[0m 27.5 ± 2.8 kWh   [2mz:[0m +2.73   [2mdesvio:[0m +27%   [2m(2 obs. fim_semana)[0m
2026-07-05 15:49:27 [INFO] 
2026-07-05 15:49:27 [INFO]   🔴 [91m[1mPT0002000107172384HT[0m  [2m[Cluster 1][0m
2026-07-05 15:49:27 [INFO]      consumiu MAIS que o habitual às 14h
2026-07-05 15:49:27 [INFO]      [2mReal:[0m 56.0 kWh   [2mHabitual:[0m 42.5 ± 5.0 kWh   [2mz:[0m +2.73   [2mdesvio:[0m +32%   [2m(2 obs. fim_semana)[0m
2026-07-05 15:49:27 [INFO] 
2026-07-05 15:49:27 [INFO]   🔵 [94m[1mPT0002000201038711LS[0m  [2m[sem cluster][0m
2026-07-05 15:49:27 [INFO]      consumiu MENOS que o habitual às 12h
2026-07-05 15:49:27 [INFO]      [2mReal:[0m 0.0 kWh   [2mHabitual:[0m 27.0 ± 9.9 kWh   [2mz:[0m -2.73   [2mdesvio:[0m -100%   [2m(2 obs. fim_semana)[0m
2026-07-05 15:49:27 [INFO] 
2026-07-05 15:49:27 [INFO]   🔵 [94m[1mPT0002000078233981HJ[0m  [2m[Cluster 1][0m
2026-07-05 15:49:27 [INFO]      consumiu MENOS que o habitual às 18h
2026-07-05 15:49:27 [INFO]      [2mReal:[0m 3.0 kWh   [2mHabitual:[0m 26.0 ± 8.5 kWh   [2mz:[0m -2.71   [2mdesvio:[0m -88%   [2m(2 obs. fim_semana)[0m
2026-07-05 15:49:27 [INFO] 
2026-07-05 15:49:27 [INFO]   🔵 [94m[1mPT0002000106102375RC[0m  [2m[sem cluster][0m
2026-07-05 15:49:27 [INFO]      consumiu MENOS que o habitual às 16h
2026-07-05 15:49:27 [INFO]      [2mReal:[0m 72.0 kWh   [2mHabitual:[0m 98.5 ± 9.8 kWh   [2mz:[0m -2.69   [2mdesvio:[0m -27%   [2m(2 obs. fim_semana)[0m
2026-07-05 15:49:27 [INFO] 
2026-07-05 15:49:27 [INFO]   🔵 [94m[1mPT0002000110814293YC[0m  [2m[sem cluster][0m
2026-07-05 15:49:27 [INFO]      consumiu MENOS que o habitual às 12h
2026-07-05 15:49:27 [INFO]      [2mReal:[0m 23.0 kWh   [2mHabitual:[0m 32.5 ± 3.5 kWh   [2mz:[0m -2.69   [2mdesvio:[0m -29%   [2m(2 obs. fim_semana)[0m
2026-07-05 15:49:27 [INFO] 
2026-07-05 15:49:27 [INFO]   🔵 [94m[1mPT0002000068856974CZ[0m  [2m[sem cluster][0m
2026-07-05 15:49:27 [INFO]      consumiu MENOS que o habitual às 18h
2026-07-05 15:49:27 [INFO]      [2mReal:[0m 34.0 kWh   [2mHabitual:[0m 58.5 ± 9.2 kWh   [2mz:[0m -2.67   [2mdesvio:[0m -42%   [2m(2 obs. fim_semana)[0m
2026-07-05 15:49:27 [INFO] 
2026-07-05 15:49:27 [INFO]   🔴 [91m[1mPT0002000068856267NC[0m  [2m[sem cluster][0m
2026-07-05 15:49:27 [INFO]      consumiu MAIS que o habitual às 21h
2026-07-05 15:49:27 [INFO]      [2mReal:[0m 48.0 kWh   [2mHabitual:[0m 33.3 ± 5.5 kWh   [2mz:[0m +2.66   [2mdesvio:[0m +44%   [2m(3 obs. fim_semana)[0m
2026-07-05 15:49:27 [INFO] 
2026-07-05 15:49:27 [INFO]   🔵 [94m[1mPT0002000077348081AG[0m  [2m[sem cluster][0m
2026-07-05 15:49:27 [INFO]      consumiu MENOS que o habitual às 08h
2026-07-05 15:49:27 [INFO]      [2mReal:[0m 94.0 kWh   [2mHabitual:[0m 128.0 ± 12.8 kWh   [2mz:[0m -2.66   [2mdesvio:[0m -27%   [2m(2 obs. fim_semana)[0m
2026-07-05 15:49:27 [INFO] 
2026-07-05 15:49:27 [INFO]   🔵 [94m[1mPT0002000115673389QK[0m  [2m[Cluster 0][0m
2026-07-05 15:49:27 [INFO]      consumiu MENOS que o habitual às 16h
2026-07-05 15:49:27 [INFO]      [2mReal:[0m 26.0 kWh   [2mHabitual:[0m 114.5 ± 33.2 kWh   [2mz:[0m -2.66   [2mdesvio:[0m -77%   [2m(2 obs. fim_semana)[0m
2026-07-05 15:49:27 [INFO] 
2026-07-05 15:49:27 [INFO]   🔵 [94m[1mPT0002000068856906VS[0m  [2m[Cluster 0][0m
2026-07-05 15:49:27 [INFO]      consumiu MENOS que o habitual às 15h
2026-07-05 15:49:27 [INFO]      [2mReal:[0m 39.0 kWh   [2mHabitual:[0m 69.0 ± 11.3 kWh   [2mz:[0m -2.65   [2mdesvio:[0m -43%   [2m(2 obs. fim_semana)[0m
2026-07-05 15:49:27 [INFO] 
2026-07-05 15:49:27 [INFO]   🔴 [91m[1mPT0002000068858231YY[0m  [2m[sem cluster][0m
2026-07-05 15:49:27 [INFO]      consumiu MAIS que o habitual às 01h
2026-07-05 15:49:27 [INFO]      [2mReal:[0m 31.0 kWh   [2mHabitual:[0m 24.5 ± 2.5 kWh   [2mz:[0m +2.65   [2mdesvio:[0m +27%   [2m(2 obs. fim_semana)[0m
2026-07-05 15:49:27 [INFO] 
2026-07-05 15:49:27 [INFO]   🔵 [94m[1mPT0002000125379984SH[0m  [2m[Cluster 1][0m
2026-07-05 15:49:27 [INFO]      consumiu MENOS que o habitual às 20h
2026-07-05 15:49:27 [INFO]      [2mReal:[0m 3.0 kWh   [2mHabitual:[0m 29.0 ± 9.9 kWh   [2mz:[0m -2.63   [2mdesvio:[0m -90%   [2m(2 obs. fim_semana)[0m
2026-07-05 15:49:27 [INFO] 
2026-07-05 15:49:27 [INFO]   🔴 [91m[1mPT0002000081997398TD[0m  [2m[Cluster 0][0m
2026-07-05 15:49:27 [INFO]      consumiu MAIS que o habitual às 13h
2026-07-05 15:49:27 [INFO]      [2mReal:[0m 255.0 kWh   [2mHabitual:[0m 202.0 ± 20.2 kWh   [2mz:[0m +2.62   [2mdesvio:[0m +26%   [2m(2 obs. fim_semana)[0m
2026-07-05 15:49:27 [INFO] 
2026-07-05 15:49:27 [INFO]   🔵 [94m[1mPT0002000033074862LZ[0m  [2m[Cluster 0][0m
2026-07-05 15:49:27 [INFO]      consumiu MENOS que o habitual às 14h
2026-07-05 15:49:27 [INFO]      [2mReal:[0m 10.0 kWh   [2mHabitual:[0m 37.5 ± 10.6 kWh   [2mz:[0m -2.59   [2mdesvio:[0m -73%   [2m(2 obs. fim_semana)[0m
2026-07-05 15:49:27 [INFO] 
2026-07-05 15:49:27 [INFO]   🔵 [94m[1mPT0002000068856267NC[0m  [2m[sem cluster][0m
2026-07-05 15:49:27 [INFO]      consumiu MENOS que o habitual às 08h
2026-07-05 15:49:27 [INFO]      [2mReal:[0m 28.0 kWh   [2mHabitual:[0m 39.0 ± 4.2 kWh   [2mz:[0m -2.59   [2mdesvio:[0m -28%   [2m(2 obs. fim_semana)[0m
2026-07-05 15:49:27 [INFO] 
2026-07-05 15:49:27 [INFO]   🔴 [91m[1mPT0002000068856267NC[0m  [2m[sem cluster][0m
2026-07-05 15:49:27 [INFO]      consumiu MAIS que o habitual às 16h
2026-07-05 15:49:27 [INFO]      [2mReal:[0m 40.0 kWh   [2mHabitual:[0m 29.0 ± 4.2 kWh   [2mz:[0m +2.59   [2mdesvio:[0m +38%   [2m(2 obs. fim_semana)[0m
2026-07-05 15:49:27 [INFO] 
2026-07-05 15:49:27 [INFO]   🔵 [94m[1mPT0002000068859382XF[0m  [2m[Cluster 0][0m
2026-07-05 15:49:27 [INFO]      consumiu MENOS que o habitual às 08h
2026-07-05 15:49:27 [INFO]      [2mReal:[0m 40.0 kWh   [2mHabitual:[0m 56.5 ± 6.4 kWh   [2mz:[0m -2.59   [2mdesvio:[0m -29%   [2m(2 obs. fim_semana)[0m
2026-07-05 15:49:27 [INFO] 
2026-07-05 15:49:27 [INFO]   🔵 [94m[1mPT0002000071896778MT[0m  [2m[Cluster 0][0m
2026-07-05 15:49:27 [INFO]      consumiu MENOS que o habitual às 17h
2026-07-05 15:49:27 [INFO]      [2mReal:[0m 5.0 kWh   [2mHabitual:[0m 10.5 ± 2.1 kWh   [2mz:[0m -2.59   [2mdesvio:[0m -52%   [2m(2 obs. fim_semana)[0m
2026-07-05 15:49:27 [INFO] 
2026-07-05 15:49:27 [INFO]   🔵 [94m[1mPT0002000106102375RC[0m  [2m[sem cluster][0m
2026-07-05 15:49:27 [INFO]      consumiu MENOS que o habitual às 12h
2026-07-05 15:49:27 [INFO]      [2mReal:[0m 70.0 kWh   [2mHabitual:[0m 94.5 ± 9.4 kWh   [2mz:[0m -2.59   [2mdesvio:[0m -26%   [2m(2 obs. fim_semana)[0m
2026-07-05 15:49:27 [INFO] 
2026-07-05 15:49:27 [INFO]   🔵 [94m[1mPT0002000110607652SB[0m  [2m[Cluster 0][0m
2026-07-05 15:49:27 [INFO]      consumiu MENOS que o habitual às 07h
2026-07-05 15:49:27 [INFO]      [2mReal:[0m 8.0 kWh   [2mHabitual:[0m 30.0 ± 8.5 kWh   [2mz:[0m -2.59   [2mdesvio:[0m -73%   [2m(2 obs. fim_semana)[0m
2026-07-05 15:49:27 [INFO] 
2026-07-05 15:49:27 [INFO]   🔵 [94m[1mPT0002000115700602GW[0m  [2m[Cluster 0][0m
2026-07-05 15:49:27 [INFO]      consumiu MENOS que o habitual às 14h
2026-07-05 15:49:27 [INFO]      [2mReal:[0m 9.0 kWh   [2mHabitual:[0m 42.0 ± 12.7 kWh   [2mz:[0m -2.59   [2mdesvio:[0m -79%   [2m(2 obs. fim_semana)[0m
2026-07-05 15:49:27 [INFO] 
2026-07-05 15:49:27 [INFO]   🔵 [94m[1mPT0002000125379984SH[0m  [2m[Cluster 1][0m
2026-07-05 15:49:27 [INFO]      consumiu MENOS que o habitual às 13h
2026-07-05 15:49:27 [INFO]      [2mReal:[0m 2.0 kWh   [2mHabitual:[0m 13.0 ± 4.2 kWh   [2mz:[0m -2.59   [2mdesvio:[0m -85%   [2m(2 obs. fim_semana)[0m
2026-07-05 15:49:27 [INFO] 
2026-07-05 15:49:27 [INFO]   🔵 [94m[1mPT0002000106102375RC[0m  [2m[sem cluster][0m
2026-07-05 15:49:27 [INFO]      consumiu MENOS que o habitual às 17h
2026-07-05 15:49:27 [INFO]      [2mReal:[0m 71.0 kWh   [2mHabitual:[0m 95.5 ± 9.6 kWh   [2mz:[0m -2.57   [2mdesvio:[0m -26%   [2m(2 obs. fim_semana)[0m
2026-07-05 15:49:27 [INFO] 
2026-07-05 15:49:27 [INFO]   🔵 [94m[1mPT0002000115673389QK[0m  [2m[Cluster 0][0m
2026-07-05 15:49:27 [INFO]      consumiu MENOS que o habitual às 10h
2026-07-05 15:49:27 [INFO]      [2mReal:[0m 24.0 kWh   [2mHabitual:[0m 119.5 ± 37.5 kWh   [2mz:[0m -2.55   [2mdesvio:[0m -80%   [2m(2 obs. fim_semana)[0m
2026-07-05 15:49:27 [INFO] 
2026-07-05 15:49:27 [INFO]   🔴 [91m[1mPT0002000107172384HT[0m  [2m[Cluster 1][0m
2026-07-05 15:49:27 [INFO]      consumiu MAIS que o habitual às 16h
2026-07-05 15:49:27 [INFO]      [2mReal:[0m 59.0 kWh   [2mHabitual:[0m 46.5 ± 5.0 kWh   [2mz:[0m +2.53   [2mdesvio:[0m +27%   [2m(2 obs. fim_semana)[0m
2026-07-05 15:49:27 [INFO] 
2026-07-05 15:49:27 [INFO]   🔵 [94m[1mPT0002000115700602GW[0m  [2m[Cluster 0][0m
2026-07-05 15:49:27 [INFO]      consumiu MENOS que o habitual às 09h
2026-07-05 15:49:27 [INFO]      [2mReal:[0m 9.0 kWh   [2mHabitual:[0m 21.5 ± 5.0 kWh   [2mz:[0m -2.53   [2mdesvio:[0m -58%   [2m(2 obs. fim_semana)[0m
2026-07-05 15:49:27 [INFO] 
2026-07-05 15:49:27 [INFO]   🔵 [94m[1mPT0002000068855003AK[0m  [2m[sem cluster][0m
2026-07-05 15:49:27 [INFO]      consumiu MENOS que o habitual às 09h
2026-07-05 15:49:27 [INFO]      [2mReal:[0m 29.0 kWh   [2mHabitual:[0m 48.5 ± 7.8 kWh   [2mz:[0m -2.51   [2mdesvio:[0m -40%   [2m(2 obs. fim_semana)[0m
2026-07-05 15:49:27 [INFO] 
2026-07-05 15:49:27 [INFO]   🔵 [94m[1mPT0002000107046231FW[0m  [2m[Cluster 0][0m
2026-07-05 15:49:27 [INFO]      consumiu MENOS que o habitual às 08h
2026-07-05 15:49:27 [INFO]      [2mReal:[0m 4.0 kWh   [2mHabitual:[0m 23.5 ± 7.8 kWh   [2mz:[0m -2.51   [2mdesvio:[0m -83%   [2m(2 obs. fim_semana)[0m
2026-07-05 15:49:27 [INFO] 
2026-07-05 15:49:27 [INFO]   [2mCSV:[0m /home/runner/work/ts-anomaly-detection-dissertation/ts-anomaly-detection-dissertation/results/realtime/alerts/analise_2026-07-04.csv
2026-07-05 15:49:27 [INFO] 
2026-07-05 15:49:27 [INFO] [96m→ A prever consumo de 2026-07-05 para 276 CPEs...[0m
2026-07-05 15:49:32 [INFO] [1m══════════════════════════════════════════════════════════════════════[0m
2026-07-05 15:49:32 [INFO] [1m  PREDIÇÃO — 2026-07-05 [0m[2m(fim semana)[0m
2026-07-05 15:49:32 [INFO] [1m══════════════════════════════════════════════════════════════════════[0m
2026-07-05 15:49:32 [INFO]   [95m● CPEs previstos[0m          70 [2m(alta: 0, baixa: 1659)[0m
2026-07-05 15:49:32 [INFO]   [95m● Consumo total previsto[0m 112051.6 kWh [2m(±25931.0)[0m
2026-07-05 15:49:32 [INFO] 
2026-07-05 15:49:32 [INFO]   [2mPrevisão guardada:[0m /home/runner/work/ts-anomaly-detection-dissertation/ts-anomaly-detection-dissertation/results/realtime/predictions/previsao_2026-07-05.csv
2026-07-05 15:49:32 [INFO] 
2026-07-05 15:49:32 [INFO] [1m══════════════════════════════════════════════════════════════════════[0m
2026-07-05 15:49:32 [INFO] [1m  VALIDAÇÃO — qualidade das previsões anteriores[0m
2026-07-05 15:49:32 [INFO] [1m══════════════════════════════════════════════════════════════════════[0m
2026-07-05 15:49:32 [INFO]   [2mDias validados:[0m 4   [2mpendentes:[0m 20
2026-07-05 15:49:32 [INFO]   [2mÚltimo (2026-07-04):[0m MAE 20.04 kWh   RMSE 42.72   em ±1σ 46% [2m(esperado ~68%)[0m   em ±2σ 65% [2m(esperado ~95%)[0m
2026-07-05 15:49:32 [INFO]   [2mMédia acumulada:[0m MAE 425.65 kWh   RMSE 987.40   em ±1σ 40%   em ±2σ 55%
2026-07-05 15:49:32 [INFO]   [2mCSV:[0m /home/runner/work/ts-anomaly-detection-dissertation/ts-anomaly-detection-dissertation/results/realtime/analysis/qualidade_previsoes.csv
2026-07-05 15:49:32 [INFO] 
